id,doi,title,author,journaltitle,volume,issue,pubdate,pagerange,publisher,type,reviewed-work
10.2307/25801284,10.2307/25801284	,Production Networks and Consumer Choice in the Earliest Metal of Western Europe	,Benjamin W. Roberts	,Journal of World Prehistory	,22	,4	,2009-12-01T00:00:00Z	,pp. 461-481	,Springer	,fla	,	,
10.2307/25801098,10.2307/25801098	,The Archaic Prehistory of the North American Southwest	,Bruce B. Huckell	,Journal of World Prehistory	,10	,3	,1996-09-01T00:00:00Z	,pp. 305-373	,Springer	,fla	,	,
10.2307/25801215,10.2307/25801215	,Technological and Cultural Change Among the Last Hunter-Gatherers of the Maghreb: The Capsian (10_000–6000 B.P.)	,Noura Rahmani	,Journal of World Prehistory	,18	,1	,2004-03-01T00:00:00Z	,pp. 57-105	,Springer	,fla	,	,
10.2307/25801183,10.2307/25801183	,Hunting and Scavenging by Early Humans: The State of the Debate	,Manuel Domínguez-Rodrigo	,Journal of World Prehistory	,16	,1	,2002-03-01T00:00:00Z	,pp. 1-54	,Springer	,fla	,	,
10.2307/25800534,10.2307/25800534	,Front Matter	,	,Journal of World Prehistory	,2	,1	,1988-03-01T00:00:00Z	,	,Springer	,mis	,	,
10.2307/23211035,10.2307/23211035	,Would North American Paleoindians have Noticed Younger Dryas Age Climate Changes?	,David J. Meltzer	Vance T. Holliday	,Journal of World Prehistory	,23	,1	,2010-01-01T00:00:00Z	,pp. 1-41	,Springer	,fla	,	,
10.2307/25801087,10.2307/25801087	,Front Matter	,	,Journal of World Prehistory	,10	,1	,1996-03-01T00:00:00Z	,	,Springer	,mis	,	,
10.2307/25801219,10.2307/25801219	,Deglaciation and Colonization: Pioneer Settlements in Northern Fennoscandia	,Ingela Bergman	Anders Olofsson	Greger Hörnberg	Olle Zackrisson	Erik Hellberg	,Journal of World Prehistory	,18	,2	,2004-06-01T00:00:00Z	,pp. 155-177	,Springer	,fla	,	,
10.2307/25801079,10.2307/25801079	,Front Matter	,	,Journal of World Prehistory	,9	,3	,1995-09-01T00:00:00Z	,	,Springer	,mis	,	,
10.2307/25800621,10.2307/25800621	,The Middle Stone Age South of the Limpopo River	,Anne I. Thackeray	,Journal of World Prehistory	,6	,4	,1992-12-01T00:00:00Z	,pp. 385-440	,Springer	,fla	,	,
10.2307/23325221,10.2307/23325221	,The Early Neolithic in the Iberian Peninsula and the Western Mediterranean: A Review of the Evidence on Migration	,María Cruz Berrocal	,Journal of World Prehistory	,25	,3/4	,2012-12-01T00:00:00Z	,pp. 123-156	,Springer	,fla	,	,
10.2307/41289969,10.2307/41289969	,Social Evolution Today	,Stephen Shennan	,Journal of World Prehistory	,24	,2/3	,2011-09-01T00:00:00Z	,pp. 201-212	,Springer	,fla	,	,
10.2307/25800547,10.2307/25800547	,Front Matter	,	,Journal of World Prehistory	,2	,4	,1988-12-01T00:00:00Z	,	,Springer	,mis	,	,
10.2307/25800605,10.2307/25800605	,Recent British Research on Prehistoric Territorial Boundaries	,D. A. Spratt	,Journal of World Prehistory	,5	,4	,1991-12-01T00:00:00Z	,pp. 439-480	,Springer	,fla	,	,
10.2307/25801172,10.2307/25801172	,An Overview of Alaskan Late Pleistocene Archaeology: Historical Themes and Current Perspectives	,Michael R. Bever	,Journal of World Prehistory	,15	,2	,2001-06-01T00:00:00Z	,pp. 125-191	,Springer	,fla	,	,
10.2307/25800619,10.2307/25800619	,The Late Paleolithic of the Yenisei: A New Outline	,Sergey A. Vasil'ev	,Journal of World Prehistory	,6	,3	,1992-09-01T00:00:00Z	,pp. 337-383	,Springer	,fla	,	,
10.2307/25801263,10.2307/25801263	,The Chalcolithic Period of the Southern Levant: A Synthetic Review	,Yorke M. Rowan	Jonathan Golden	,Journal of World Prehistory	,22	,1	,2009-03-01T00:00:00Z	,pp. 1-92	,Springer	,fla	,	,
10.2307/41429629,10.2307/41429629	,Mortuary Variability and Status Differentiation in the Late Jomon of Hokkaido Based on the Analysis of Shuteibo (Communal Cemeteries)	,Takashi Sakaguchi	,Journal of World Prehistory	,24	,4	,2011-12-01T00:00:00Z	,pp. 275-308	,Springer	,fla	,	,
10.2307/25801191,10.2307/25801191	,Human Responses to Changing Environments in Central Africa Between 40_000 and 12_000 B.P.	,Els Cornelissen	,Journal of World Prehistory	,16	,3	,2002-09-01T00:00:00Z	,pp. 197-235	,Springer	,fla	,	,
10.2307/25801075,10.2307/25801075	,Anatomy_ Behavior_ and Modern Human Origins	,Richard G. Klein	,Journal of World Prehistory	,9	,2	,1995-06-01T00:00:00Z	,pp. 167-198	,Springer	,fla	,	,
10.2307/25801202,10.2307/25801202	,Front Matter	,	,Journal of World Prehistory	,17	,2	,2003-06-01T00:00:00Z	,	,Springer	,mis	,	,
10.2307/25800560,10.2307/25800560	,Intentional Human Burial: Middle Paleolithic (Last Glaciation) Beginnings	,Yuri Smirnov	,Journal of World Prehistory	,3	,2	,1989-06-01T00:00:00Z	,pp. 199-233	,Springer	,fla	,	,
10.2307/25801096,10.2307/25801096	,Front Matter	,	,Journal of World Prehistory	,10	,3	,1996-09-01T00:00:00Z	,	,Springer	,mis	,	,
10.2307/41289968,10.2307/41289968	,In the Shadow of the Grand Narrative: Revisiting the Early Holocene of the Northern Adriatic	,Barbara Voytek	,Journal of World Prehistory	,24	,2/3	,2011-09-01T00:00:00Z	,pp. 189-199	,Springer	,fla	,	,
10.2307/25801209,10.2307/25801209	,Front Matter	,	,Journal of World Prehistory	,17	,4	,2003-12-01T00:00:00Z	,	,Springer	,mis	,	,
10.2307/25800558,10.2307/25800558	,The Archaic Period in the South-Central Andes	,Mark S. Aldenderfer	,Journal of World Prehistory	,3	,2	,1989-06-01T00:00:00Z	,pp. 117-158	,Springer	,fla	,	,
10.2307/25800578,10.2307/25800578	,Measured Domestication Rates in Wild Wheats and Barley Under Primitive Cultivation_ and Their Archaeological Implications	,Gordon C. Hillman	M. Stuart Davies	,Journal of World Prehistory	,4	,2	,1990-06-01T00:00:00Z	,pp. 157-222	,Springer	,fla	,	,
10.2307/25800642,10.2307/25800642	,Ford Revisited: A Critical Review of the Chronology and Relationships of the Earliest Ceramic Complexes in the New World_ 6000–1500 B.C.	,John W. Hoopes	,Journal of World Prehistory	,8	,1	,1994-03-01T00:00:00Z	,pp. 1-49	,Springer	,fla	,	,
10.2307/25800590,10.2307/25800590	,Front Matter	,	,Journal of World Prehistory	,5	,1	,1991-03-01T00:00:00Z	,	,Springer	,mis	,	,
10.2307/25801091,10.2307/25801091	,Front Matter	,	,Journal of World Prehistory	,10	,2	,1996-06-01T00:00:00Z	,	,Springer	,mis	,	,
10.2307/25800518,10.2307/25800518	,Introductory Statement	,Fred Wendorf	Angela E. Close	,Journal of World Prehistory	,1	,1	,1987-03-01T00:00:00Z	,pp. 1-3	,Springer	,mis	,	,
10.2307/25801266,10.2307/25801266	,Harvesting the Seashores in the Late Mesolithic of Northwestern Europe: A View From Brittany	,Catherine Dupont	Anne Tresset	Nathalie Desse-Berset	Yves Gruet	Grégor Marchand	Rick Schulting	,Journal of World Prehistory	,22	,2	,2009-06-01T00:00:00Z	,pp. 93-111	,Springer	,fla	,	,
10.2307/25800608,10.2307/25800608	,Front Matter	,	,Journal of World Prehistory	,6	,1	,1992-03-01T00:00:00Z	,	,Springer	,mis	,	,
10.2307/25801144,10.2307/25801144	,Front Matter	,	,Journal of World Prehistory	,13	,3	,1999-09-01T00:00:00Z	,	,Springer	,mis	,	,
10.2307/25801140,10.2307/25801140	,Front Matter	,	,Journal of World Prehistory	,13	,2	,1999-06-01T00:00:00Z	,	,Springer	,mis	,	,
10.2307/25801297,10.2307/25801297	,Authorisation and the Process of Power: The View from African Archaeology	,Jeffrey Fleisher	Stephanie Wynne-Jones	,Journal of World Prehistory	,23	,4	,2010-12-01T00:00:00Z	,pp. 177-193	,Springer	,fla	,	,
10.2307/25801168,10.2307/25801168	,The Archaeological Record of Human Impacts on Animal Populations	,Donald K. Grayson	,Journal of World Prehistory	,15	,1	,2001-03-01T00:00:00Z	,pp. 1-68	,Springer	,fla	,	,
10.2307/25800524,10.2307/25800524	,The Prehistory of Island Southeast Asia: A Multidisciplinary Review of Recent Research	,Peter Bellwood	,Journal of World Prehistory	,1	,2	,1987-06-01T00:00:00Z	,pp. 171-224	,Springer	,fla	,	,
10.2307/25801069,10.2307/25801069	,Front Matter	,	,Journal of World Prehistory	,9	,1	,1995-03-01T00:00:00Z	,	,Springer	,mis	,	,
10.2307/25801265,10.2307/25801265	,Front Matter	,	,Journal of World Prehistory	,22	,2	,2009-06-01T00:00:00Z	,	,Springer	,mis	,	,
10.2307/25801292,10.2307/25801292	,Beyond Typology: Looking for Processes and Diversity in the Study of Lithic Technology in the Brazilian Amazon	,Lucas Bueno	,Journal of World Prehistory	,23	,3	,2010-11-01T00:00:00Z	,pp. 121-143	,Springer	,fla	,	,
10.2307/25801260,10.2307/25801260	,Producing Inequalities: Regional Sequences in Later Prehistoric Southern Spain	,Robert Chapman	,Journal of World Prehistory	,21	,3/4	,2008-12-01T00:00:00Z	,pp. 195-260	,Springer	,fla	,	,
10.2307/25800588,10.2307/25800588	,Iron Age Temperate Europe: Some Current Research Issues	,Peter S. Wells	,Journal of World Prehistory	,4	,4	,1990-12-01T00:00:00Z	,pp. 437-476	,Springer	,fla	,	,
10.2307/25800562,10.2307/25800562	,Front Matter	,	,Journal of World Prehistory	,3	,3	,1989-09-01T00:00:00Z	,	,Springer	,mis	,	,
10.2307/25800635,10.2307/25800635	,Cultures of the Eighth and Seventh Millennia BP in the Southern Levant: A Review for the 1990s	,Avi Gopher	Ram Gophna	,Journal of World Prehistory	,7	,3	,1993-09-01T00:00:00Z	,pp. 297-353	,Springer	,fla	,	,
10.2307/25800554,10.2307/25800554	,Middle Pleistocene Adaptations in Central Europe	,Jiří Svoboda	,Journal of World Prehistory	,3	,1	,1989-03-01T00:00:00Z	,pp. 33-70	,Springer	,fla	,	,
10.2307/25800577,10.2307/25800577	,Front Matter	,	,Journal of World Prehistory	,4	,2	,1990-06-01T00:00:00Z	,	,Springer	,mis	,	,
10.2307/25800531,10.2307/25800531	,Advances in the Archaeology of the Pampa and Patagonia	,Luis Abel Orquera	,Journal of World Prehistory	,1	,4	,1987-12-01T00:00:00Z	,pp. 333-413	,Springer	,fla	,	,
10.2307/25800520,10.2307/25800520	,Prehistoric Hunters and Gatherers of Brazil	,Pedro Ignacio Schmitz	,Journal of World Prehistory	,1	,1	,1987-03-01T00:00:00Z	,pp. 53-126	,Springer	,fla	,	,
10.2307/25801093,10.2307/25801093	,Human Biology in the Classic Maya Collapse: Evidence from Paleopathology and Paleodiet	,Lori E. Wright	Christine D. White	,Journal of World Prehistory	,10	,2	,1996-06-01T00:00:00Z	,pp. 147-198	,Springer	,fla	,	,
10.2307/25801207,10.2307/25801207	,The Italian Neolithic: A Synthesis of Research	,Caroline Malone	,Journal of World Prehistory	,17	,3	,2003-09-01T00:00:00Z	,pp. 235-312	,Springer	,fla	,	,
10.2307/25800567,10.2307/25800567	,Front Matter	,	,Journal of World Prehistory	,3	,4	,1989-12-01T00:00:00Z	,	,Springer	,mis	,	,
10.2307/25800610,10.2307/25800610	,Emergence of Complex Society in Prehistoric Korea	,Rhee Song-Nai	Choi Mong-Lyong	,Journal of World Prehistory	,6	,1	,1992-03-01T00:00:00Z	,pp. 51-95	,Springer	,fla	,	,
10.2307/25801224,10.2307/25801224	,Front Matter	,	,Journal of World Prehistory	,18	,4	,2004-12-01T00:00:00Z	,	,Springer	,mis	,	,
10.2307/25800637,10.2307/25800637	,The Greek Neolithic: A New Review	,Jean-Paul Demoule	Catherine Perlès	,Journal of World Prehistory	,7	,4	,1993-12-01T00:00:00Z	,pp. 355-416	,Springer	,fla	,	,
10.2307/25800584,10.2307/25800584	,The Upper Paleolithic of Northern Asia: Achievements_ Problems_ and Perspectives. II. Central and Eastern Siberia	,Vitaliy Larichev	Uriy Khol'ushkin	Inna Laricheva	,Journal of World Prehistory	,4	,3	,1990-09-01T00:00:00Z	,pp. 347-385	,Springer	,fla	,	,
10.2307/25801228,10.2307/25801228	,Front Matter	,	,Journal of World Prehistory	,19	,1	,2005-03-01T00:00:00Z	,	,Springer	,mis	,	,
10.2307/25801134,10.2307/25801134	,Origin and Collapse of Complex Societies in Oaxaca (Mexico): Evaluating the Era from 1965 to the Present	,Andrew K. Balkansky	,Journal of World Prehistory	,12	,4	,1998-12-01T00:00:00Z	,pp. 451-493	,Springer	,fla	,	,
10.2307/25801199,10.2307/25801199	,Archaeological Evidence for the Emergence of Language_ Symbolism_ and Music—An Alternative Multidisciplinary Perspective	,Francesco d'Errico	Christopher Henshilwood	Graeme Lawson	Marian Vanhaeren	Anne-Marie Tillier	Marie Soressi	Frédérique Bresson	Bruno Maureille	April Nowell	Joseba Lakarra	Lucinda Backwell	Michèle Julien	,Journal of World Prehistory	,17	,1	,2003-03-01T00:00:00Z	,pp. 1-70	,Springer	,fla	,	,
10.2307/25801157,10.2307/25801157	,Into the Minds of Ancients: Advances in Maya Glyph Studies	,Stephen D. Houston	,Journal of World Prehistory	,14	,2	,2000-06-01T00:00:00Z	,pp. 121-201	,Springer	,fla	,	,
10.2307/25801280,10.2307/25801280	,The Transmission of Early Bronze Technology to Thailand: New Perspectives	,Joyce C. White	Elizabeth G. Hamilton	,Journal of World Prehistory	,22	,4	,2009-12-01T00:00:00Z	,pp. 357-397	,Springer	,fla	,	,
10.2307/25800540,10.2307/25800540	,The Predynastic of Egypt	,Fekri A. Hassan	,Journal of World Prehistory	,2	,2	,1988-06-01T00:00:00Z	,pp. 135-185	,Springer	,fla	,	,
10.2307/25800606,10.2307/25800606	,Back Matter	,	,Journal of World Prehistory	,5	,4	,1991-12-01T00:00:00Z	,	,Springer	,mis	,	,
10.2307/25800581,10.2307/25800581	,Front Matter	,	,Journal of World Prehistory	,4	,3	,1990-09-01T00:00:00Z	,	,Springer	,mis	,	,
10.2307/25801106,10.2307/25801106	,Olmec Archaeology: A Half Century of Research and Its Accomplishments	,David C. Grove	,Journal of World Prehistory	,11	,1	,1997-03-01T00:00:00Z	,pp. 51-101	,Springer	,fla	,	,
10.2307/25801299,10.2307/25801299	,Lines of Desire: Power and Materiality Along a Tanzanian Caravan Route	,Stephanie Wynne-Jones	,Journal of World Prehistory	,23	,4	,2010-12-01T00:00:00Z	,pp. 219-237	,Springer	,fla	,	,
10.2307/25800536,10.2307/25800536	,Functional Analysis of Prehistoric Flint Tools by High-Power Microscopy: A Review of West European Research	,Helle Juel Jensen	,Journal of World Prehistory	,2	,1	,1988-03-01T00:00:00Z	,pp. 53-88	,Springer	,fla	,	,
10.2307/25801117,10.2307/25801117	,Holocene Later Stone Age Hunter-Gatherers South of the Limpopo River_ Ca. 10_000–2000 B.P.	,Peter J. Mitchell	,Journal of World Prehistory	,11	,4	,1997-12-01T00:00:00Z	,pp. 359-424	,Springer	,fla	,	,
10.2307/25801243,10.2307/25801243	,Agricultural Origins and Frontiers in South Asia: A Working Synthesis	,Dorian Q. Fuller	,Journal of World Prehistory	,20	,1	,2006-03-01T00:00:00Z	,pp. 1-86	,Springer	,fla	,	,
10.2307/25800625,10.2307/25800625	,Front Matter	,	,Journal of World Prehistory	,7	,1	,1993-03-01T00:00:00Z	,	,Springer	,mis	,	,
10.2307/25800582,10.2307/25800582	,The Mesolithic of Southern Scandinavia	,Lars Larsson	,Journal of World Prehistory	,4	,3	,1990-09-01T00:00:00Z	,pp. 257-309	,Springer	,fla	,	,
10.2307/25800652,10.2307/25800652	,Prehistory in the Northwest Tropical Pacific: The Caroline_ Mariana_ and Marshall Islands	,Paul Rainbird	,Journal of World Prehistory	,8	,3	,1994-09-01T00:00:00Z	,pp. 293-349	,Springer	,fla	,	,
10.2307/25801293,10.2307/25801293	,The Development of Ancient States in the Northern Horn of Africa_ c. 3000 BC—AD 1000: An Archaeological Outline	,Rodolfo Fattovich	,Journal of World Prehistory	,23	,3	,2010-11-01T00:00:00Z	,pp. 145-175	,Springer	,fla	,	,
10.2307/25801251,10.2307/25801251	,The First Mallorcans: Prehistoric Colonization in the Western Mediterranean	,Josep Antoni Alcover	,Journal of World Prehistory	,21	,1	,2008-03-01T00:00:00Z	,pp. 19-84	,Springer	,fla	,	,
10.2307/25801278,10.2307/25801278	,Front Matter	,	,Journal of World Prehistory	,22	,4	,2009-12-01T00:00:00Z	,	,Springer	,mis	,	,
10.2307/25801230,10.2307/25801230	,The Archaeology of the Plateau of Northwestern North America During the Late Prehistoric Period (3500–200 B.P.): Evolution of Hunting and Gathering Societies	,William C. Prentiss	James C. Chatters	Michael Lenert	David S. Clarke	Robert C. O'Boyle	,Journal of World Prehistory	,19	,1	,2005-03-01T00:00:00Z	,pp. 47-118	,Springer	,fla	,	,
10.2307/25801254,10.2307/25801254	,The Mythical Moderns	,Robert G. Bednarik	,Journal of World Prehistory	,21	,2	,2008-06-01T00:00:00Z	,pp. 85-102	,Springer	,fla	,	,
10.2307/25801239,10.2307/25801239	,Front Matter	,	,Journal of World Prehistory	,19	,4	,2005-12-01T00:00:00Z	,	,Springer	,mis	,	,
10.2307/25801246,10.2307/25801246	,Beyond the Pre-Pottery Neolithic B interaction sphere	,Eleni Asouti	,Journal of World Prehistory	,20	,2/4	,2006-12-01T00:00:00Z	,pp. 87-126	,Springer	,fla	,	,
10.2307/25801148,10.2307/25801148	,Front Matter	,	,Journal of World Prehistory	,13	,4	,1999-12-01T00:00:00Z	,	,Springer	,mis	,	,
10.2307/25801083,10.2307/25801083	,Front Matter	,	,Journal of World Prehistory	,9	,4	,1995-12-01T00:00:00Z	,	,Springer	,mis	,	,
10.2307/25801081,10.2307/25801081	,Population Growth_ Climatic Cooling_ and the Development of Collector Strategies on the Southern Plateau_ Western North America	,James C. Chatters	,Journal of World Prehistory	,9	,3	,1995-09-01T00:00:00Z	,pp. 341-400	,Springer	,fla	,	,
10.2307/25801088,10.2307/25801088	,Hunting Strategies in the Late Glacial of Northern Europe: A Survey of the Faunal Evidence	,Bodil Bratlund	,Journal of World Prehistory	,10	,1	,1996-03-01T00:00:00Z	,pp. 1-48	,Springer	,fla	,	,
10.2307/25801176,10.2307/25801176	,The Hohokam of Southwest North America	,James M. Bayman	,Journal of World Prehistory	,15	,3	,2001-09-01T00:00:00Z	,pp. 257-311	,Springer	,fla	,	,
10.2307/25801089,10.2307/25801089	,The Study of Collector Variability in the Transition to Sedentary Food Producers in Northern Colombia	,Augusto Oyuela-Caycedo	,Journal of World Prehistory	,10	,1	,1996-03-01T00:00:00Z	,pp. 49-93	,Springer	,fla	,	,
10.2307/25800553,10.2307/25800553	,Archaeology and Maya Writing	,Stephen D. Houston	,Journal of World Prehistory	,3	,1	,1989-03-01T00:00:00Z	,pp. 1-32	,Springer	,fla	,	,
10.2307/25800530,10.2307/25800530	,Front Matter	,	,Journal of World Prehistory	,1	,4	,1987-12-01T00:00:00Z	,	,Springer	,mis	,	,
10.2307/25801165,10.2307/25801165	,The Precontact Iroquoian Occupation of Southern Ontario	,Gary Warrick	,Journal of World Prehistory	,14	,4	,2000-12-01T00:00:00Z	,pp. 415-466	,Springer	,fla	,	,
10.2307/25801171,10.2307/25801171	,Front Matter	,	,Journal of World Prehistory	,15	,2	,2001-06-01T00:00:00Z	,	,Springer	,mis	,	,
10.2307/25800564,10.2307/25800564	,The Middle-Upper Paleolithic Transition in Southeastern Central Europe (Czechoslovakia and Hungary)	,Jiří Svoboda	Katalin Simán	,Journal of World Prehistory	,3	,3	,1989-09-01T00:00:00Z	,pp. 283-322	,Springer	,fla	,	,
10.2307/41429628,10.2307/41429628	,The Origins of the Bronze Age of Southeast Asia	,Charles Higham	Thomas Higham	Roberto Ciarla	Katerina Douka	Amphan Kijngam	Fiorella Rispoli	,Journal of World Prehistory	,24	,4	,2011-12-01T00:00:00Z	,pp. 227-274	,Springer	,fla	,	,
10.2307/25800570,10.2307/25800570	,The Origins of Sedentism and Farming Communities in the Levant	,Ofer Bar-Yosef	Anna Belfer-Cohen	,Journal of World Prehistory	,3	,4	,1989-12-01T00:00:00Z	,pp. 447-498	,Springer	,fla	,	,
10.2307/25801233,10.2307/25801233	,Getting "Out of Africa": Sea Crossings_ Land Crossings and Culture in the Hominin Migrations	,Robin Derricourt	,Journal of World Prehistory	,19	,2	,2005-06-01T00:00:00Z	,pp. 119-132	,Springer	,fla	,	,
10.2307/25801249,10.2307/25801249	,Front Matter	,	,Journal of World Prehistory	,21	,1	,2008-03-01T00:00:00Z	,	,Springer	,mis	,	,
10.2307/25800587,10.2307/25800587	,Multiple Pathways to Farming in Precontact Eastern North America	,Gayle J. Fritz	,Journal of World Prehistory	,4	,4	,1990-12-01T00:00:00Z	,pp. 387-435	,Springer	,fla	,	,
10.2307/25801186,10.2307/25801186	,Front Matter	,	,Journal of World Prehistory	,16	,2	,2002-06-01T00:00:00Z	,	,Springer	,mis	,	,
10.2307/25801104,10.2307/25801104	,Front Matter	,	,Journal of World Prehistory	,11	,1	,1997-03-01T00:00:00Z	,	,Springer	,mis	,	,
10.2307/25801182,10.2307/25801182	,Front Matter	,	,Journal of World Prehistory	,16	,1	,2002-03-01T00:00:00Z	,	,Springer	,mis	,	,
10.2307/25801274,10.2307/25801274	,Metallurgy in Ancient Eastern Asia: Retrospect and Prospects	,Katheryn M. Linduff	Jianjun Mei	,Journal of World Prehistory	,22	,3	,2009-09-01T00:00:00Z	,pp. 265-281	,Springer	,fla	,	,
10.2307/25801080,10.2307/25801080	,Chiefdoms in Northern South America	,Robert D. Drennan	,Journal of World Prehistory	,9	,3	,1995-09-01T00:00:00Z	,pp. 301-340	,Springer	,fla	,	,
10.2307/25800548,10.2307/25800548	,The Upper Paleolithic of Northern Asia: Achievements_ Problems_ and Perspectives. I. Western Siberia	,Vitaliy Larichev	Vitality Larichev	Uriy Khol'ushkin	Inna Laricheva	,Journal of World Prehistory	,2	,4	,1988-12-01T00:00:00Z	,pp. 359-396	,Springer	,fla	,	,
10.2307/41289962,10.2307/41289962	,Life is Too Short for Faint-Heartedness: The Archaeology of Andrew Sherratt	,Alexander A. Bauer	,Journal of World Prehistory	,24	,2/3	,2011-09-01T00:00:00Z	,pp. 99-105	,Springer	,fla	,	,
10.2307/25801072,10.2307/25801072	,The Neolithic and Early Bronze Age of the Lake Baikal Region: A Review of Recent Research	,Andrzej Weber	,Journal of World Prehistory	,9	,1	,1995-03-01T00:00:00Z	,pp. 99-165	,Springer	,fla	,	,
10.2307/25800535,10.2307/25800535	,Late Pleistocene Human Adaptations in Eastern North America	,David J. Meltzer	,Journal of World Prehistory	,2	,1	,1988-03-01T00:00:00Z	,pp. 1-52	,Springer	,fla	,	,
10.2307/25801129,10.2307/25801129	,The Fremont Complex: A Behavioral Perspective	,David B. Madsen	Steven R. Simms	,Journal of World Prehistory	,12	,3	,1998-09-01T00:00:00Z	,pp. 255-336	,Springer	,fla	,	,
10.2307/25800622,10.2307/25800622	,The Upper Paleolithic of Northern Asia: Achievements_ Problems_ and Perspectives. III. Northeastern Siberia and the Russian Far East	,Vitaliy Larichev	Uriy Khol'ushkin	Inna Laricheva	,Journal of World Prehistory	,6	,4	,1992-12-01T00:00:00Z	,pp. 441-476	,Springer	,fla	,	,
10.2307/25800638,10.2307/25800638	,The Culture History of Madagascar	,Robert E. Dewar	Henry T. Wright	,Journal of World Prehistory	,7	,4	,1993-12-01T00:00:00Z	,pp. 417-466	,Springer	,fla	,	,
10.2307/25800583,10.2307/25800583	,The Evolution of Sociopolitical Complexity in Prehistoric Hawaii: An Assessment of the Archaeological Evidence	,Patrick V. Kirch	,Journal of World Prehistory	,4	,3	,1990-09-01T00:00:00Z	,pp. 311-345	,Springer	,fla	,	,
10.2307/25801203,10.2307/25801203	,The Lower Paleolithic of the Arabian Peninsula: Occupations_ Adaptations_ and Dispersals	,Michael D. Petraglia	,Journal of World Prehistory	,17	,2	,2003-06-01T00:00:00Z	,pp. 141-179	,Springer	,fla	,	,
10.2307/25801214,10.2307/25801214	,The Prehistory of the Tibetan Plateau to the Seventh Century A.D.: Perspectives and Research From China and the West Since 1950	,Mark Aldenderfer	Zhang Yinong	,Journal of World Prehistory	,18	,1	,2004-03-01T00:00:00Z	,pp. 1-55	,Springer	,fla	,	,
10.2307/25801196,10.2307/25801196	,Foraging_ Farming_ and Social Complexity in the Pre-Pottery Neolithic of the Southern Levant: A Review and Synthesis	,Ian Kuijt	Nigel Goring-Morris	,Journal of World Prehistory	,16	,4	,2002-12-01T00:00:00Z	,pp. 361-440	,Springer	,fla	,	,
10.2307/25801204,10.2307/25801204	,One Hundred Years of Archaeology in Niger	,Anne C. Haour	,Journal of World Prehistory	,17	,2	,2003-06-01T00:00:00Z	,pp. 181-234	,Springer	,fla	,	,
10.2307/25800568,10.2307/25800568	,Prehistory of Chihuahua and Sonora_ Mexico	,David A. Phillips Jr.	,Journal of World Prehistory	,3	,4	,1989-12-01T00:00:00Z	,pp. 373-401	,Springer	,fla	,	,
10.2307/25801149,10.2307/25801149	,Forty-Two Degrees South: The Archaeology of Late Pleistocene Tasmania	,Richard Cosgrove	,Journal of World Prehistory	,13	,4	,1999-12-01T00:00:00Z	,pp. 357-402	,Springer	,fla	,	,
10.2307/41429632,10.2307/41429632	,Distinguishing Wild Boar from Domestic Pigs in Prehistory: A Review of Approaches and Recent Results	,Peter Rowley-Conwy	Umberto Albarella	Keith Dobney	,Journal of World Prehistory	,25	,1	,2012-03-01T00:00:00Z	,pp. 1-44	,Springer	,fla	,	,
10.2307/25801236,10.2307/25801236	,Front Matter	,	,Journal of World Prehistory	,19	,3	,2005-09-01T00:00:00Z	,	,Springer	,mis	,	,
10.2307/25801102,10.2307/25801102	,The Archaeology of Islam in Sub-Saharan Africa: A Review	,Timothy Insoll	,Journal of World Prehistory	,10	,4	,1996-12-01T00:00:00Z	,pp. 439-504	,Springer	,fla	,	,
10.2307/25801124,10.2307/25801124	,Front Matter	,	,Journal of World Prehistory	,12	,2	,1998-06-01T00:00:00Z	,	,Springer	,mis	,	,
10.2307/25801114,10.2307/25801114	,The Iron Age in Mediterranean France: Colonial Encounters_ Entanglements_ and Transformations	,Michael Dietler	,Journal of World Prehistory	,11	,3	,1997-09-01T00:00:00Z	,pp. 269-358	,Springer	,fla	,	,
10.2307/25800611,10.2307/25800611	,The Neolithic of the Eastern Baltic	,Rimutė Rimantienė	,Journal of World Prehistory	,6	,1	,1992-03-01T00:00:00Z	,pp. 97-143	,Springer	,fla	,	,
10.2307/25801116,10.2307/25801116	,Front Matter	,	,Journal of World Prehistory	,11	,4	,1997-12-01T00:00:00Z	,	,Springer	,mis	,	,
10.2307/25801179,10.2307/25801179	,Front Matter	,	,Journal of World Prehistory	,15	,4	,2001-12-01T00:00:00Z	,	,Springer	,mis	,	,
10.2307/25801164,10.2307/25801164	,The Earliest Neolithic Cultures of Northeast China: Recent Discoveries and New Perspectives on the Beginning of Agriculture	,Gideon Shelach	,Journal of World Prehistory	,14	,4	,2000-12-01T00:00:00Z	,pp. 363-413	,Springer	,fla	,	,
10.2307/25801099,10.2307/25801099	,Ancestral Pueblo Population Aggregation and Abandonment in the North American Southwest	,Michael A. Adler	Todd Van Pool	Robert D. Leonard	,Journal of World Prehistory	,10	,3	,1996-09-01T00:00:00Z	,pp. 375-438	,Springer	,fla	,	,
10.2307/25801259,10.2307/25801259	,'The Bashful and the Boastful' Prestigious Leaders and Social Change in Mesolithic Societies	,Penny Spikins	,Journal of World Prehistory	,21	,3/4	,2008-12-01T00:00:00Z	,pp. 173-193	,Springer	,fla	,	,
10.2307/25800626,10.2307/25800626	,The Center and the Edge: Archaeology in Belize_ 1809–1992	,David M. Pendergast	,Journal of World Prehistory	,7	,1	,1993-03-01T00:00:00Z	,pp. 1-33	,Springer	,fla	,	,
10.2307/25801229,10.2307/25801229	,Assessment of the Southern Dispersal: GIS-Based Analyses of Potential Routes at Oxygen Isotopic Stage 4	,Julie S. Field	Marta Mirazón Lahr	,Journal of World Prehistory	,19	,1	,2005-03-01T00:00:00Z	,pp. 1-45	,Springer	,fla	,	,
10.2307/25801256,10.2307/25801256	,Supra-Regional Networks in the Neolithic of Southwest Asia	,Trevor Watkins	,Journal of World Prehistory	,21	,2	,2008-06-01T00:00:00Z	,pp. 139-171	,Springer	,fla	,	,
10.2307/25800565,10.2307/25800565	,The Magdalenian in Western Central Europe: Settlement Pattern and Regionality	,Gerd-C. Weniger	,Journal of World Prehistory	,3	,3	,1989-09-01T00:00:00Z	,pp. 323-372	,Springer	,fla	,	,
10.2307/23324621,10.2307/23324621	,Neanderthal Survival in the North of the Iberian Peninsula? Reflections from a Catalan and Cantabrian Perspective	,Joan Garcia Garriga	Kenneth Martínez Molina	Javier Baena Preysler	,Journal of World Prehistory	,25	,2	,2012-07-01T00:00:00Z	,pp. 81-121	,Springer	,fla	,	,
10.2307/25801092,10.2307/25801092	,The Formative Period on the South Coast of Peru: A Critical Review	,Helaine Silverman	,Journal of World Prehistory	,10	,2	,1996-06-01T00:00:00Z	,pp. 95-146	,Springer	,fla	,	,
10.2307/25801130,10.2307/25801130	,Tongan Archaeology and the Tongan Past_ 2850–150 B.P.	,David V. Burley	,Journal of World Prehistory	,12	,3	,1998-09-01T00:00:00Z	,pp. 337-392	,Springer	,fla	,	,
10.2307/25800592,10.2307/25800592	,The Pastoral Neolithic of East Africa	,John Bower	,Journal of World Prehistory	,5	,1	,1991-03-01T00:00:00Z	,pp. 49-82	,Springer	,fla	,	,
10.2307/25800528,10.2307/25800528	,Neolithic Cultures of the Ukraine and Adjacent Areas and Their Chronology	,D. J. Telegin	,Journal of World Prehistory	,1	,3	,1987-09-01T00:00:00Z	,pp. 307-331	,Springer	,fla	,	,
10.2307/25801159,10.2307/25801159	,Front Matter	,	,Journal of World Prehistory	,14	,3	,2000-09-01T00:00:00Z	,	,Springer	,mis	,	,
10.2307/25800645,10.2307/25800645	,Front Matter	,	,Journal of World Prehistory	,8	,2	,1994-06-01T00:00:00Z	,	,Springer	,mis	,	,
10.2307/25800643,10.2307/25800643	,Innovation_ Diffusion_ and Culture Contact: The Holocene Archaeology of Ghana	,Ann Brower Stahl	,Journal of World Prehistory	,8	,1	,1994-03-01T00:00:00Z	,pp. 51-112	,Springer	,fla	,	,
10.2307/25800656,10.2307/25800656	,The Prehistory of Cyprus: Problems and Prospects	,A. Bernard Knapp	Steve O. Held	Sturt W. Manning	,Journal of World Prehistory	,8	,4	,1994-12-01T00:00:00Z	,pp. 377-453	,Springer	,fla	,	,
10.2307/25800634,10.2307/25800634	,The Pleistocene Later Stone Age South of the Limpopo River	,Lyn Wadley	,Journal of World Prehistory	,7	,3	,1993-09-01T00:00:00Z	,pp. 243-296	,Springer	,fla	,	,
10.2307/25801200,10.2307/25801200	,The Middle Paleolithic of the Caucasus	,Liubov V. Golovanova	Vladimir B. Doronichev	,Journal of World Prehistory	,17	,1	,2003-03-01T00:00:00Z	,pp. 71-140	,Springer	,fla	,	,
10.2307/25801110,10.2307/25801110	,The Terminal Pleistocene/Early Holocene Archaeology of the Great Basin	,Charlotte Beck	George T. Jones	,Journal of World Prehistory	,11	,2	,1997-06-01T00:00:00Z	,pp. 161-236	,Springer	,fla	,	,
10.2307/25801269,10.2307/25801269	,Front Matter	,	,Journal of World Prehistory	,22	,3	,2009-09-01T00:00:00Z	,	,Springer	,mis	,	,
10.2307/25801169,10.2307/25801169	,Frontiers of Contact: Bioarchaeology of Spanish Florida	,Clark Spencer Larsen	Mark C. Griffin	Dale L. Hutchinson	Vivian E. Noble	Lynette Norr	Robert F. Pastor	Christopher B. Ruff	Katherine F. Russell	Margaret J. Schoeninger	Michael Schultz	Scott W. Simpson	Mark F. Teaford	,Journal of World Prehistory	,15	,1	,2001-03-01T00:00:00Z	,pp. 69-123	,Springer	,fla	,	,
10.2307/25800595,10.2307/25800595	,The Upper Paleolithic Period in the Levant	,Isaac Gilead	,Journal of World Prehistory	,5	,2	,1991-06-01T00:00:00Z	,pp. 105-154	,Springer	,fla	,	,
10.2307/25800545,10.2307/25800545	,The Woodland and Mississippian Traditions in the Prehistory of Midwestern North America	,Richard W. Yerkes	,Journal of World Prehistory	,2	,3	,1988-09-01T00:00:00Z	,pp. 307-358	,Springer	,fla	,	,
10.2307/25800543,10.2307/25800543	,Front Matter	,	,Journal of World Prehistory	,2	,3	,1988-09-01T00:00:00Z	,	,Springer	,mis	,	,
10.2307/25800628,10.2307/25800628	,Monongahela Subsistence-Settlement Change: The Late Prehistoric Period in the Lower Upper Ohio River Valley	,John P. Hart	,Journal of World Prehistory	,7	,1	,1993-03-01T00:00:00Z	,pp. 71-120	,Springer	,fla	,	,
10.2307/25800537,10.2307/25800537	,From Stone to Metal: New Perspectives on the Later Prehistory of West Africa	,Susan Keech McIntosh	Roderick J. McIntosh	,Journal of World Prehistory	,2	,1	,1988-03-01T00:00:00Z	,pp. 89-133	,Springer	,fla	,	,
10.2307/25801142,10.2307/25801142	,Classic Lowland Maya Political Organization: A Review	,Lisa J. Lucero	,Journal of World Prehistory	,13	,2	,1999-06-01T00:00:00Z	,pp. 211-263	,Springer	,fla	,	,
10.2307/25801211,10.2307/25801211	,The Early Development of Pastoralism in the Central Zagros Mountains	,Kamyar Abdi	,Journal of World Prehistory	,17	,4	,2003-12-01T00:00:00Z	,pp. 395-448	,Springer	,fla	,	,
10.2307/25800655,10.2307/25800655	,The Pleistocene Art of Asia	,Robert G. Bednarik	,Journal of World Prehistory	,8	,4	,1994-12-01T00:00:00Z	,pp. 351-375	,Springer	,fla	,	,
10.2307/25800618,10.2307/25800618	,Bureaucrats and Managers_ Peasants and Pastoralists_ Imperialists and Traders: Research on the Uruk and Jemdet Nasr Periods in Mesopotamia	,Susan Pollock	,Journal of World Prehistory	,6	,3	,1992-09-01T00:00:00Z	,pp. 297-336	,Springer	,fla	,	,
10.2307/41289959,10.2307/41289959	,The British Late Middle Palaeolithic: An Interpretative Synthesis of Neanderthal Occupation at the Northwestern Edge of the Pleistocene World	,Mark J. White	Paul B. Pettitt	,Journal of World Prehistory	,24	,1	,2011-05-01T00:00:00Z	,pp. 25-97	,Springer	,fla	,	,
10.2307/25801242,10.2307/25801242	,Front Matter	,	,Journal of World Prehistory	,20	,1	,2006-03-01T00:00:00Z	,	,Springer	,mis	,	,
10.2307/25801101,10.2307/25801101	,Front Matter	,	,Journal of World Prehistory	,10	,4	,1996-12-01T00:00:00Z	,	,Springer	,mis	,	,
10.2307/25801084,10.2307/25801084	,Holocene Prehistory of the Northernmost North Pacific	,Don E. Dumond	Richard L. Bland	,Journal of World Prehistory	,9	,4	,1995-12-01T00:00:00Z	,pp. 401-451	,Springer	,fla	,	,
10.2307/25801273,10.2307/25801273	,Production and Consumption of Copper-base Metals in the Indus Civilization	,Brett C. Hoffman	Heather M.-L. Miller	,Journal of World Prehistory	,22	,3	,2009-09-01T00:00:00Z	,pp. 237-264	,Springer	,fla	,	,
10.2307/25800541,10.2307/25800541	,The Archaeology of the Spanish Contact Period in the Caribbean	,Kathleen Deagan	,Journal of World Prehistory	,2	,2	,1988-06-01T00:00:00Z	,pp. 187-233	,Springer	,fla	,	,
10.2307/25800569,10.2307/25800569	,Neolithic Economy in Central Europe	,Sarunas Milisauskas	Janusz Kruk	,Journal of World Prehistory	,3	,4	,1989-12-01T00:00:00Z	,pp. 403-446	,Springer	,fla	,	,
10.2307/41289965,10.2307/41289965	,The Secondary Products Revolution_ Horse-Riding_ and Mounted Warfare	,David W. Anthony	Dorcas R. Brown	,Journal of World Prehistory	,24	,2/3	,2011-09-01T00:00:00Z	,pp. 131-160	,Springer	,fla	,	,
10.2307/25801226,10.2307/25801226	,Resource Intensification and Resource Depression in the Pacific Northwest of North America: A Zooarchaeological Review	,Virginia L. Butler	Sarah K. Campbell	,Journal of World Prehistory	,18	,4	,2004-12-01T00:00:00Z	,pp. 327-405	,Springer	,fla	,	,
10.2307/25800527,10.2307/25800527	,The Mesolithic of Western Europe	,T. Douglas Price	,Journal of World Prehistory	,1	,3	,1987-09-01T00:00:00Z	,pp. 225-305	,Springer	,fla	,	,
10.2307/25800544,10.2307/25800544	,The Middle Stone Age of East Africa and the Beginnings of Regional Identity	,J. Desmond Clark	,Journal of World Prehistory	,2	,3	,1988-09-01T00:00:00Z	,pp. 235-305	,Springer	,fla	,	,
10.2307/25800596,10.2307/25800596	,The Status of Phytolith Analysis in the American Tropics	,Dolores R. Piperno	,Journal of World Prehistory	,5	,2	,1991-06-01T00:00:00Z	,pp. 155-191	,Springer	,fla	,	,
10.2307/25801133,10.2307/25801133	,Paleoethnobotany in the Neotropics from Microfossils: New Insights into Ancient Plant Use and Agricultural Origins in the Tropical Forest	,Dolores R. Piperno	,Journal of World Prehistory	,12	,4	,1998-12-01T00:00:00Z	,pp. 393-449	,Springer	,fla	,	,
10.2307/25800526,10.2307/25800526	,Front Matter	,	,Journal of World Prehistory	,1	,3	,1987-09-01T00:00:00Z	,	,Springer	,mis	,	,
10.2307/25801267,10.2307/25801267	,Shell Middens_ Ships and Seeds: Exploring Coastal Subsistence_ Maritime Trade and the Dispersal of Domesticates in and Around the Ancient Arabian Peninsula	,Nicole Boivin	Dorian Q. Fuller	,Journal of World Prehistory	,22	,2	,2009-06-01T00:00:00Z	,pp. 113-180	,Springer	,fla	,	,
10.2307/25800591,10.2307/25800591	,The Prehistory of Northern Chile: A Synthesis	,Mario A. Rivera	,Journal of World Prehistory	,5	,1	,1991-03-01T00:00:00Z	,pp. 1-47	,Springer	,fla	,	,
10.2307/25801232,10.2307/25801232	,Front Matter	,	,Journal of World Prehistory	,19	,2	,2005-06-01T00:00:00Z	,	,Springer	,mis	,	,
10.2307/25800552,10.2307/25800552	,Front Matter	,	,Journal of World Prehistory	,3	,1	,1989-03-01T00:00:00Z	,	,Springer	,mis	,	,
10.2307/25801161,10.2307/25801161	,Through the Glass Darkly: Prehispanic Obsidian Procurement and Exchange in Southern Peru and Northern Bolivia	,Richard L. Burger	Karen L. Mohr Chávez	Sergio J. Chávez	,Journal of World Prehistory	,14	,3	,2000-09-01T00:00:00Z	,pp. 267-362	,Springer	,fla	,	,
10.2307/25801077,10.2307/25801077	,The Late Prehistory of Xinjiang in Relation to Its Neighbors	,Kwang-tzuu Chen	Fredrik T. Hiebert	,Journal of World Prehistory	,9	,2	,1995-06-01T00:00:00Z	,pp. 243-300	,Springer	,fla	,	,
10.2307/25800557,10.2307/25800557	,Front Matter	,	,Journal of World Prehistory	,3	,2	,1989-06-01T00:00:00Z	,	,Springer	,mis	,	,
10.2307/25800517,10.2307/25800517	,Front Matter	,	,Journal of World Prehistory	,1	,1	,1987-03-01T00:00:00Z	,	,Springer	,mis	,	,
10.2307/25800603,10.2307/25800603	,The Indus Valley Tradition of Pakistan and Western India	,Jonathan Mark Kenoyer	,Journal of World Prehistory	,5	,4	,1991-12-01T00:00:00Z	,pp. 331-385	,Springer	,fla	,	,
10.2307/25801118,10.2307/25801118	,The Transformation of the Indus Civilization	,Gregory L. Possehl	,Journal of World Prehistory	,11	,4	,1997-12-01T00:00:00Z	,pp. 425-472	,Springer	,fla	,	,
10.2307/25801190,10.2307/25801190	,Front Matter	,	,Journal of World Prehistory	,16	,3	,2002-09-01T00:00:00Z	,	,Springer	,mis	,	,
10.2307/25801298,10.2307/25801298	,Rituals of Consumption and the Politics of Feasting on the Eastern African Coast_ AD 700–1500	,Jeffrey Fleisher	,Journal of World Prehistory	,23	,4	,2010-12-01T00:00:00Z	,pp. 195-217	,Springer	,fla	,	,
10.2307/23325222,10.2307/23325222	,The First Human Occupation of the Basque Crossroads	,Alvaro Arrizabalaga	Joseba Rios-Garaizar	,Journal of World Prehistory	,25	,3/4	,2012-12-01T00:00:00Z	,pp. 157-181	,Springer	,fla	,	,
10.2307/25801085,10.2307/25801085	,The Prehistory of the Austronesian-Speaking Peoples: A View from Language	,Robert Blust	,Journal of World Prehistory	,9	,4	,1995-12-01T00:00:00Z	,pp. 453-510	,Springer	,fla	,	,
10.2307/25801128,10.2307/25801128	,Front Matter	,	,Journal of World Prehistory	,12	,3	,1998-09-01T00:00:00Z	,	,Springer	,mis	,	,
10.2307/25801221,10.2307/25801221	,Front Matter	,	,Journal of World Prehistory	,18	,3	,2004-09-01T00:00:00Z	,	,Springer	,mis	,	,
10.2307/25801192,10.2307/25801192	,Orinoquia: The Archaeology of the Orinoco River Basin	,Rafael A. Gassón	,Journal of World Prehistory	,16	,3	,2002-09-01T00:00:00Z	,pp. 237-311	,Springer	,fla	,	,
10.2307/25800647,10.2307/25800647	,The Upper Paleolithic of the Russian Steppe Zone	,Natalia B. Leonova	,Journal of World Prehistory	,8	,2	,1994-06-01T00:00:00Z	,pp. 169-210	,Springer	,fla	,	,
10.2307/25801137,10.2307/25801137	,The Chronology and Taphonomy of the Earliest Aurignacian and Its Implications for the Understanding of Neandertal Extinction	,João Zilhão	Francesco d'Errico	,Journal of World Prehistory	,13	,1	,1999-03-01T00:00:00Z	,pp. 1-68	,Springer	,fla	,	,
10.2307/25801163,10.2307/25801163	,Front Matter	,	,Journal of World Prehistory	,14	,4	,2000-12-01T00:00:00Z	,	,Springer	,mis	,	,
10.2307/25800631,10.2307/25800631	,The Late Prehistoric_ Protohistoric_ and Early Historic Periods in Eastern Arabia (ca. 5000–1200 B.C.)	,D. T. Potts	,Journal of World Prehistory	,7	,2	,1993-06-01T00:00:00Z	,pp. 163-212	,Springer	,fla	,	,
10.2307/25801094,10.2307/25801094	,The Tripolye Culture: Centenary of Research	,Vladimir G. Zbenovich	,Journal of World Prehistory	,10	,2	,1996-06-01T00:00:00Z	,pp. 199-241	,Springer	,fla	,	,
10.2307/25800522,10.2307/25800522	,Front Matter	,	,Journal of World Prehistory	,1	,2	,1987-06-01T00:00:00Z	,	,Springer	,mis	,	,
10.2307/25801253,10.2307/25801253	,Front Matter	,	,Journal of World Prehistory	,21	,2	,2008-06-01T00:00:00Z	,	,Springer	,mis	,	,
10.2307/25800651,10.2307/25800651	,Technological Responses to Risk in Holocene Australia	,Peter Hiscock	,Journal of World Prehistory	,8	,3	,1994-09-01T00:00:00Z	,pp. 267-292	,Springer	,fla	,	,
10.2307/25801111,10.2307/25801111	,Advances in the Paleopathology of Andean South America	,John W. Verano	,Journal of World Prehistory	,11	,2	,1997-06-01T00:00:00Z	,pp. 237-268	,Springer	,fla	,	,
10.2307/25801150,10.2307/25801150	,The Origins of the Neolithic Along the Atlantic Coast of Continental Europe: A Survey	,Pablo Arias	,Journal of World Prehistory	,13	,4	,1999-12-01T00:00:00Z	,pp. 403-464	,Springer	,fla	,	,
10.2307/25800609,10.2307/25800609	,Prehistoric Nearshore and Littoral Fishing in the Eastern Tropical Pacific: An Ichthyological Evaluation	,Richard Cooke	,Journal of World Prehistory	,6	,1	,1992-03-01T00:00:00Z	,pp. 1-49	,Springer	,fla	,	,
10.2307/25801250,10.2307/25801250	,Prehistory vs. Archaeology: Terms of Engagement	,Timothy Taylor	,Journal of World Prehistory	,21	,1	,2008-03-01T00:00:00Z	,pp. 1-18	,Springer	,fla	,	,
10.2307/25800627,10.2307/25800627	,Late Postclassic Lowland Maya Archaeology	,Anthony P. Andrews	,Journal of World Prehistory	,7	,1	,1993-03-01T00:00:00Z	,pp. 35-69	,Springer	,fla	,	,
10.2307/25801300,10.2307/25801300	,Feasts in Motion: Archaeological Views of Parades_ Ancestral Pageants_ and Socio-Political Process in the Hueda Kingdom_ 1650–1727 AD	,Neil L. Norman	,Journal of World Prehistory	,23	,4	,2010-12-01T00:00:00Z	,pp. 239-254	,Springer	,fla	,	,
10.2307/25801122,10.2307/25801122	,Southwest Arabia During the Holocene: Recent Archaeological Developments	,Christopher Edens	T. J. Wilkinson	,Journal of World Prehistory	,12	,1	,1998-03-01T00:00:00Z	,pp. 55-119	,Springer	,fla	,	,
10.2307/25801213,10.2307/25801213	,Front Matter	,	,Journal of World Prehistory	,18	,1	,2004-03-01T00:00:00Z	,	,Springer	,mis	,	,
10.2307/25801218,10.2307/25801218	,An Alternative Way Towards Food Production: The Perspective from the Libyan Sahara	,Elena A.A. Garcea	,Journal of World Prehistory	,18	,2	,2004-06-01T00:00:00Z	,pp. 107-154	,Springer	,fla	,	,
10.2307/41289963,10.2307/41289963	,How Wealth Happened in Neolithic Central Europe	,Peter Bogucki	,Journal of World Prehistory	,24	,2/3	,2011-09-01T00:00:00Z	,pp. 107-115	,Springer	,fla	,	,
10.2307/25800599,10.2307/25800599	,The Transition to Farming in Eastern and Northern Europe	,Marek Zvelebil	Paul Dolukhanov	,Journal of World Prehistory	,5	,3	,1991-09-01T00:00:00Z	,pp. 233-278	,Springer	,fla	,	,
10.2307/25801270,10.2307/25801270	,Introduction: The Beginnings of Metallurgy in Global Perspective	,Christopher P. Thornton	Benjamin W. Roberts	,Journal of World Prehistory	,22	,3	,2009-09-01T00:00:00Z	,pp. 181-184	,Springer	,mis	,	,
10.2307/25800523,10.2307/25800523	,The Archaeology of Radiocarbon Accelerator Dating	,J. A. J. Gowlett	,Journal of World Prehistory	,1	,2	,1987-06-01T00:00:00Z	,pp. 127-170	,Springer	,fla	,	,
10.2307/25801287,10.2307/25801287	,Did Specialized Pastoralism Develop Differently in Africa than in the Near East? An Example from the West African Sahel	,Veerle Linseele	,Journal of World Prehistory	,23	,2	,2010-06-01T00:00:00Z	,pp. 43-77	,Springer	,fla	,	,
10.2307/41289958,10.2307/41289958	,Domesticating Animals in Africa: Implications of Genetic and Archaeological Findings	,Diane Gifford-Gonzalez	,Journal of World Prehistory	,24	,1	,2011-05-01T00:00:00Z	,pp. 1-23	,Springer	,fla	,	,
10.2307/25801281,10.2307/25801281	,Cairo to Cape: The Spread of Metallurgy Through Eastern and Southern Africa	,David Killick	,Journal of World Prehistory	,22	,4	,2009-12-01T00:00:00Z	,pp. 399-414	,Springer	,fla	,	,
10.2307/25801154,10.2307/25801154	,The Not So Peaceful Civilization: A Review of Maya War	,David Webster	,Journal of World Prehistory	,14	,1	,2000-03-01T00:00:00Z	,pp. 65-119	,Springer	,fla	,	,
10.2307/25800572,10.2307/25800572	,Front Matter	,	,Journal of World Prehistory	,4	,1	,1990-03-01T00:00:00Z	,	,Springer	,mis	,	,
10.2307/25801132,10.2307/25801132	,Front Matter	,	,Journal of World Prehistory	,12	,4	,1998-12-01T00:00:00Z	,	,Springer	,mis	,	,
10.2307/25801188,10.2307/25801188	,Moche Politics_ Religion_ and Warfare	,Jeffrey Quilter	,Journal of World Prehistory	,16	,2	,2002-06-01T00:00:00Z	,pp. 145-195	,Springer	,fla	,	,
10.2307/25800632,10.2307/25800632	,Prehistory of the Upper Yenisei Area (Southern Siberia)	,Sergey A. Vasil'ev	Vladimir A. Semenov	,Journal of World Prehistory	,7	,2	,1993-06-01T00:00:00Z	,pp. 213-242	,Springer	,fla	,	,
10.2307/25801301,10.2307/25801301	,Beyond the Segmentary State: Creative and Instrumental Power in Western Uganda	,Peter Robertshaw	,Journal of World Prehistory	,23	,4	,2010-12-01T00:00:00Z	,pp. 255-269	,Springer	,fla	,	,
10.2307/25800650,10.2307/25800650	,The Lower Paleolithic of the Near East	,Ofer Bar-Yosef	,Journal of World Prehistory	,8	,3	,1994-09-01T00:00:00Z	,pp. 211-265	,Springer	,fla	,	,
10.2307/25801225,10.2307/25801225	,Early Neolithic Agriculture in the Iberian Peninsula	,Lydia Zapata	Leonor Peña-Chocarro	Guillem Pérez-Jordá	Hans-Peter Stika	,Journal of World Prehistory	,18	,4	,2004-12-01T00:00:00Z	,pp. 283-325	,Springer	,fla	,	,
10.2307/25800623,10.2307/25800623	,Back Matter	,	,Journal of World Prehistory	,6	,4	,1992-12-01T00:00:00Z	,	,Springer	,mis	,	,
10.2307/25801105,10.2307/25801105	,Late Holocene Great Basin Prehistory	,Robert L. Kelly	,Journal of World Prehistory	,11	,1	,1997-03-01T00:00:00Z	,pp. 1-49	,Springer	,fla	,	,
10.2307/25800598,10.2307/25800598	,Late Pleistocene Mammalian Extinctions in North America: Taxonomy_ Chronology_ and Explanations	,Donald K. Grayson	,Journal of World Prehistory	,5	,3	,1991-09-01T00:00:00Z	,pp. 193-231	,Springer	,fla	,	,
10.2307/25801210,10.2307/25801210	,The Middle Paleolithic of the East Mediterranean Levant	,John J. Shea	,Journal of World Prehistory	,17	,4	,2003-12-01T00:00:00Z	,pp. 313-394	,Springer	,fla	,	,
10.2307/25801275,10.2307/25801275	,New Light on the Development of Chalcolithic Metal Technology in the Southern Levant	,Jonathan Golden	,Journal of World Prehistory	,22	,3	,2009-09-01T00:00:00Z	,pp. 283-300	,Springer	,fla	,	,
10.2307/25800539,10.2307/25800539	,Front Matter	,	,Journal of World Prehistory	,2	,2	,1988-06-01T00:00:00Z	,	,Springer	,mis	,	,
10.2307/25800639,10.2307/25800639	,Back Matter	,	,Journal of World Prehistory	,7	,4	,1993-12-01T00:00:00Z	,	,Springer	,mis	,	,
10.2307/25800550,10.2307/25800550	,Early Agriculture and Sedentism in the American Southwest: Evidence and Interpretations	,W. H. Wills	,Journal of World Prehistory	,2	,4	,1988-12-01T00:00:00Z	,pp. 445-488	,Springer	,fla	,	,
10.2307/25801237,10.2307/25801237	,From Pleistocene Mariners to Complex Hunter-Gatherers: The Archaeology of the California Channel Islands	,Torben C. Rick	Jon M. Erlandson	René L. Vellanoweth	Todd J. Braje	,Journal of World Prehistory	,19	,3	,2005-09-01T00:00:00Z	,pp. 169-228	,Springer	,fla	,	,
10.2307/41289967,10.2307/41289967	,Wheels of Time: Some Aspects of Entanglement Theory and the Secondary Products Revolution	,Ian Hodder	,Journal of World Prehistory	,24	,2/3	,2011-09-01T00:00:00Z	,pp. 175-187	,Springer	,fla	,	,
10.2307/25801195,10.2307/25801195	,Clovis Hunting and Large Mammal Extinction: A Critical Review of the Evidence	,Donald K. Grayson	David J. Meltzer	,Journal of World Prehistory	,16	,4	,2002-12-01T00:00:00Z	,pp. 313-359	,Springer	,fla	,	,
10.2307/25801156,10.2307/25801156	,Front Matter	,	,Journal of World Prehistory	,14	,2	,2000-06-01T00:00:00Z	,	,Springer	,mis	,	,
10.2307/25801234,10.2307/25801234	,Four Millennia of Cultural History in Nigeria (ca. 2000 B.C.—A.D. 1900): Archaeological Perspectives	,Akinwumi Ogundiran	,Journal of World Prehistory	,19	,2	,2005-06-01T00:00:00Z	,pp. 133-168	,Springer	,fla	,	,
10.2307/25800641,10.2307/25800641	,Front Matter	,	,Journal of World Prehistory	,8	,1	,1994-03-01T00:00:00Z	,	,Springer	,mis	,	,
10.2307/25801108,10.2307/25801108	,Front Matter	,	,Journal of World Prehistory	,11	,2	,1997-06-01T00:00:00Z	,	,Springer	,mis	,	,
10.2307/25801175,10.2307/25801175	,Front Matter	,	,Journal of World Prehistory	,15	,3	,2001-09-01T00:00:00Z	,	,Springer	,mis	,	,
10.2307/25801121,10.2307/25801121	,Radiocarbon Chronology of the Siberian Paleolithic	,Yaroslav V. Kuzmin	Lyobov A. Orlova	,Journal of World Prehistory	,12	,1	,1998-03-01T00:00:00Z	,pp. 1-53	,Springer	,fla	,	,
10.2307/23325223,10.2307/23325223	,Crossing the Line: The Early Expression of Pattern in Middle Stone Age Africa	,Helen Anderson	,Journal of World Prehistory	,25	,3/4	,2012-12-01T00:00:00Z	,pp. 183-204	,Springer	,fla	,	,
10.2307/25800654,10.2307/25800654	,Front Matter	,	,Journal of World Prehistory	,8	,4	,1994-12-01T00:00:00Z	,	,Springer	,mis	,	,
10.2307/25800574,10.2307/25800574	,The Lower Paleolithic of Spain and Portugal	,Manuel Santonja	Paola Villa	,Journal of World Prehistory	,4	,1	,1990-03-01T00:00:00Z	,pp. 45-94	,Springer	,fla	,	,
10.2307/25800604,10.2307/25800604	,Late Preceramic Peru	,Jeffrey Quilter	,Journal of World Prehistory	,5	,4	,1991-12-01T00:00:00Z	,pp. 387-438	,Springer	,fla	,	,
10.2307/25801258,10.2307/25801258	,Front Matter	,	,Journal of World Prehistory	,21	,3/4	,2008-12-01T00:00:00Z	,	,Springer	,mis	,	,
10.2307/23324620,10.2307/23324620	,Neanderthal Shell Tool Production: Evidence from Middle Palaeolithic Italy and Greece	,Katerina Douka	Enza Elena Spinapolice	,Journal of World Prehistory	,25	,2	,2012-07-01T00:00:00Z	,pp. 45-79	,Springer	,fla	,	,
10.2307/25800563,10.2307/25800563	,The Later Prehistory of Mainland Southeast Asia	,Charles Higham	,Journal of World Prehistory	,3	,3	,1989-09-01T00:00:00Z	,pp. 235-282	,Springer	,fla	,	,
10.2307/25801126,10.2307/25801126	,Cultivation History Beyond the Periphery: Early Agriculture in the North European Boreal Forest	,Jussi-Pekka Taavitsainen	Heikki Simola	Elisabeth Grönlund	,Journal of World Prehistory	,12	,2	,1998-06-01T00:00:00Z	,pp. 199-253	,Springer	,fla	,	,
10.2307/25801276,10.2307/25801276	,The Emergence of Complex Metallurgy on the Iranian Plateau: Escaping the Levantine Paradigm	,Christopher Peter Thornton	,Journal of World Prehistory	,22	,3	,2009-09-01T00:00:00Z	,pp. 301-327	,Springer	,fla	,	,
10.2307/25800630,10.2307/25800630	,Settlement and Social Change in Central Europe_ 3500–1500 BC	,Stephen J. Shennan	,Journal of World Prehistory	,7	,2	,1993-06-01T00:00:00Z	,pp. 121-161	,Springer	,fla	,	,
10.2307/25800575,10.2307/25800575	,The Late Upper Paleolithic in Italy: An Overview	,Amilcare Bietti	,Journal of World Prehistory	,4	,1	,1990-03-01T00:00:00Z	,pp. 95-155	,Springer	,fla	,	,
10.2307/25801180,10.2307/25801180	,Final Paleolithic and Mesolithic Research in Reunified Germany	,Martin Street	Michael Baales	Erwin Cziesla	Sönke Hartz	Martin Heinen	Olaf Jöris	Ingrid Koch	Clemens Pasda	Thomas Terberger	Jürgen Vollbrecht	,Journal of World Prehistory	,15	,4	,2001-12-01T00:00:00Z	,pp. 365-453	,Springer	,fla	,	,
10.2307/25801136,10.2307/25801136	,Front Matter	,	,Journal of World Prehistory	,13	,1	,1999-03-01T00:00:00Z	,	,Springer	,mis	,	,
10.2307/25801222,10.2307/25801222	,Beyond Boundaries: Nature_ Culture and a Holistic Approach to Domestication in the Levant	,Marc Verhoeven	,Journal of World Prehistory	,18	,3	,2004-09-01T00:00:00Z	,pp. 179-282	,Springer	,fla	,	,
10.2307/25801255,10.2307/25801255	,Earlier Palaeolithic Settlement Patterns: Landscape Archaeology on the River Duero Basin Plateaus (Castilla y León_ Spain)	,Fernando Diez-Martín	Policarpo Sánchez-Yustos	José Ángel Gómez-González	Diana Gómez de la Rúa	,Journal of World Prehistory	,21	,2	,2008-06-01T00:00:00Z	,pp. 103-137	,Springer	,fla	,	,
10.2307/25801146,10.2307/25801146	,The Prehistoric Exploration and Colonization of Fuego-Patagonia	,Luis Alberto Borrero	,Journal of World Prehistory	,13	,3	,1999-09-01T00:00:00Z	,pp. 321-355	,Springer	,fla	,	,
10.2307/41289964,10.2307/41289964	,The Secondary Products Revolution: Empirical Evidence and its Current Zooarchaeological Critique	,Arkadiusz Marciniak	,Journal of World Prehistory	,24	,2/3	,2011-09-01T00:00:00Z	,pp. 117-130	,Springer	,fla	,	,
10.2307/25801167,10.2307/25801167	,Front Matter	,	,Journal of World Prehistory	,15	,1	,2001-03-01T00:00:00Z	,	,Springer	,mis	,	,
10.2307/25800600,10.2307/25800600	,The Evolution of Early Egyptian Civilization: Issues and Evidence	,Robert J. Wenke	,Journal of World Prehistory	,5	,3	,1991-09-01T00:00:00Z	,pp. 279-329	,Springer	,fla	,	,
10.2307/25800579,10.2307/25800579	,The Hohokam of the American Southwest	,Patricia L. Crown	,Journal of World Prehistory	,4	,2	,1990-06-01T00:00:00Z	,pp. 223-255	,Springer	,fla	,	,
10.2307/25801125,10.2307/25801125	,The Upper Paleolithic in Mediterranean Spain: A Review of Current Evidence	,Valentín Villaverde	J. Emili Aura	C. Michael Barton	,Journal of World Prehistory	,12	,2	,1998-06-01T00:00:00Z	,pp. 121-198	,Springer	,fla	,	,
10.2307/25801184,10.2307/25801184	,High-Tech Foragers? Folsom and Later Paleoindian Technology on the Great Plains	,Douglas B. Bamforth	,Journal of World Prehistory	,16	,1	,2002-03-01T00:00:00Z	,pp. 55-98	,Springer	,fla	,	,
10.2307/25801194,10.2307/25801194	,Front Matter	,	,Journal of World Prehistory	,16	,4	,2002-12-01T00:00:00Z	,	,Springer	,mis	,	,
10.2307/25800559,10.2307/25800559	,The Natufian: Settlement Variability and Economic Adaptations in the Levant at the End of the Pleistocene	,Brian F. Byrd	,Journal of World Prehistory	,3	,2	,1989-06-01T00:00:00Z	,pp. 159-197	,Springer	,fla	,	,
10.2307/25800649,10.2307/25800649	,Front Matter	,	,Journal of World Prehistory	,8	,3	,1994-09-01T00:00:00Z	,	,Springer	,mis	,	,
10.2307/25800614,10.2307/25800614	,Early Upper Paleolithic Industries of Eastern Europe	,Mikhail Anikovich	,Journal of World Prehistory	,6	,2	,1992-06-01T00:00:00Z	,pp. 205-245	,Springer	,fla	,	,
10.2307/25801283,10.2307/25801283	,Early Metal in South India: Copper and Iron in Megalithic Contexts	,Praveena Gullapalli	,Journal of World Prehistory	,22	,4	,2009-12-01T00:00:00Z	,pp. 439-459	,Springer	,fla	,	,
10.2307/25801288,10.2307/25801288	,Cyprus's Earliest Prehistory: Seafarers_ Foragers and Settlers	,A. Bernard Knapp	,Journal of World Prehistory	,23	,2	,2010-06-01T00:00:00Z	,pp. 79-120	,Springer	,fla	,	,
10.2307/25801173,10.2307/25801173	,Reassessing the Developmental and Chronological Relationships of the Formative of Coastal Ecuador	,John Edward Staller	,Journal of World Prehistory	,15	,2	,2001-06-01T00:00:00Z	,pp. 193-256	,Springer	,fla	,	,
10.2307/25800601,10.2307/25800601	,Back Matter	,	,Journal of World Prehistory	,5	,3	,1991-09-01T00:00:00Z	,	,Springer	,mis	,	,
10.2307/25800549,10.2307/25800549	,The Chalcolithic Period in the Levant	,Isaac Gilead	,Journal of World Prehistory	,2	,4	,1988-12-01T00:00:00Z	,pp. 397-443	,Springer	,fla	,	,
10.2307/25801141,10.2307/25801141	,A Variation on a Basic Theme: The Transition to Farming in Southern Central Europe	,Detlef Gronenborn	,Journal of World Prehistory	,13	,2	,1999-06-01T00:00:00Z	,pp. 123-210	,Springer	,fla	,	,
10.2307/25800613,10.2307/25800613	,Earliest Hunters and Gatherers of South America	,Tom D. Dillehay	Gerardo Ardila Calderón	Gustavo Politis	Maria da Conceicao de Moraes Coutinho Beltrão	,Journal of World Prehistory	,6	,2	,1992-06-01T00:00:00Z	,pp. 145-204	,Springer	,fla	,	,
10.2307/25801145,10.2307/25801145	,Late Middle and Early Upper Paleolithic Evidence from the East European Plain and Caucasus: A New Look at Variability_ Interactions_ and Transitions	,Vadim Yu. Cohen	Vadim N. Stepanchuk	,Journal of World Prehistory	,13	,3	,1999-09-01T00:00:00Z	,pp. 265-319	,Springer	,fla	,	,
10.2307/25800646,10.2307/25800646	,Nomads of the Desert West: A Shifting Continuum in Prehistory	,Steadman Upham	,Journal of World Prehistory	,8	,2	,1994-06-01T00:00:00Z	,pp. 113-167	,Springer	,fla	,	,
10.2307/23325224,10.2307/23325224	,Late Pleistocene Techno-traditions in Southern Africa: A Review of the Still Bay and Howiesons Poort_ c. 75—59 ka	,Christopher S. Henshilwood	,Journal of World Prehistory	,25	,3/4	,2012-12-01T00:00:00Z	,pp. 205-237	,Springer	,fla	,	,
10.2307/25801262,10.2307/25801262	,Front Matter	,	,Journal of World Prehistory	,22	,1	,2009-03-01T00:00:00Z	,	,Springer	,mis	,	,
10.2307/25801245,10.2307/25801245	,Front Matter	,	,Journal of World Prehistory	,20	,2/4	,2006-12-01T00:00:00Z	,	,Springer	,mis	,	,
10.2307/41289966,10.2307/41289966	,A River Runs Through It: Landscape and the Evolution of Bronze Age Networks in the Carpathian Basin	,John M. O'Shea	,Journal of World Prehistory	,24	,2/3	,2011-09-01T00:00:00Z	,pp. 161-174	,Springer	,fla	,	,
10.2307/25801247,10.2307/25801247	,ERRATUM: Agricultural Origins and Frontiers in South Asia: A Working Synthesis	,Dorian Q. Fuller	,Journal of World Prehistory	,20	,2/4	,2006-12-01T00:00:00Z	,p. 127	,Springer	,fla	,	,
10.2307/25801187,10.2307/25801187	,Cattle Before Crops: The Beginnings of Food Production in Africa	,Fiona Marshall	Elisabeth Hildebrand	,Journal of World Prehistory	,16	,2	,2002-06-01T00:00:00Z	,pp. 99-143	,Springer	,fla	,	,
10.2307/25800519,10.2307/25800519	,Neolithic Settlement Patterns in Temperate Europe: Progress and Problems	,Alasdair Whittle	,Journal of World Prehistory	,1	,1	,1987-03-01T00:00:00Z	,pp. 5-52	,Springer	,fla	,	,
10.2307/25801109,10.2307/25801109	,Current Issues in Chinese Neolithic Archaeology	,Anne P. Underhill	,Journal of World Prehistory	,11	,2	,1997-06-01T00:00:00Z	,pp. 103-160	,Springer	,fla	,	,
10.2307/25801198,10.2307/25801198	,Front Matter	,	,Journal of World Prehistory	,17	,1	,2003-03-01T00:00:00Z	,	,Springer	,mis	,	,
10.2307/25801097,10.2307/25801097	,Foreign Countries: The Development of Ethnoarchaeology in Sub-Saharan Africa	,Scott MacEachern	,Journal of World Prehistory	,10	,3	,1996-09-01T00:00:00Z	,pp. 243-304	,Springer	,fla	,	,
10.2307/25801240,10.2307/25801240	,Prometheus Unbound: Southern Caucasia in Prehistory	,Adam T. Smith	,Journal of World Prehistory	,19	,4	,2005-12-01T00:00:00Z	,pp. 229-279	,Springer	,fla	,	,
10.2307/25801074,10.2307/25801074	,Front Matter	,	,Journal of World Prehistory	,9	,2	,1995-06-01T00:00:00Z	,	,Springer	,mis	,	,
10.2307/25801177,10.2307/25801177	,The Casas Grandes Regional System: A Late Prehistoric Polity of Northwestern Mexico	,Michael E. Whalen	Paul E. Minnis	,Journal of World Prehistory	,15	,3	,2001-09-01T00:00:00Z	,pp. 313-364	,Springer	,fla	,	,
10.2307/25800555,10.2307/25800555	,The Stone Age of Northern Scandinavia: A Review	,Signe E. Nygaard	,Journal of World Prehistory	,3	,1	,1989-03-01T00:00:00Z	,pp. 71-116	,Springer	,fla	,	,
10.2307/25800573,10.2307/25800573	,The Late Prehistoric Cahokia Cultural System of the Mississippi River Valley: Foundations_ Florescence_ and Fragmentation	,George R. Milner	,Journal of World Prehistory	,4	,1	,1990-03-01T00:00:00Z	,pp. 1-43	,Springer	,fla	,	,
10.2307/25801152,10.2307/25801152	,Front Matter	,	,Journal of World Prehistory	,14	,1	,2000-03-01T00:00:00Z	,	,Springer	,mis	,	,
10.2307/41289970,10.2307/41289970	,The Brno Effect: From Culture to Mind	,Timothy Taylor	,Journal of World Prehistory	,24	,2/3	,2011-09-01T00:00:00Z	,pp. 213-225	,Springer	,fla	,	,
10.2307/25801217,10.2307/25801217	,Front Matter	,	,Journal of World Prehistory	,18	,2	,2004-06-01T00:00:00Z	,	,Springer	,mis	,	,
10.2307/25801272,10.2307/25801272	,Copper Working Technologies_ Contexts of Use_ and Social Complexity in the Eastern Woodlands of Native North America	,Kathleen L. Ehrhardt	,Journal of World Prehistory	,22	,3	,2009-09-01T00:00:00Z	,pp. 213-235	,Springer	,fla	,	,
10.2307/25801070,10.2307/25801070	,Reflections on North American Pacific Coast Prehistory	,Madonna L. Moss	Jon M. Erlandson	,Journal of World Prehistory	,9	,1	,1995-03-01T00:00:00Z	,pp. 1-45	,Springer	,fla	,	,
10.2307/25801076,10.2307/25801076	,The Virgin Anasazi_ Far Western Puebloans	,Margaret M. Lyneis	,Journal of World Prehistory	,9	,2	,1995-06-01T00:00:00Z	,pp. 199-241	,Springer	,fla	,	,
10.2307/25801138,10.2307/25801138	,The Paleolithic of Central Asia	,Leonid B. Vishnyatsky	,Journal of World Prehistory	,13	,1	,1999-03-01T00:00:00Z	,pp. 69-122	,Springer	,fla	,	,
10.2307/25800593,10.2307/25800593	,Epipaleolithic and Mesolithic Adaptations in Cantabrian Spain and Pyrenean France	,Lawrence Guy Straus	,Journal of World Prehistory	,5	,1	,1991-03-01T00:00:00Z	,pp. 83-104	,Springer	,fla	,	,
10.2307/25800586,10.2307/25800586	,Front Matter	,	,Journal of World Prehistory	,4	,4	,1990-12-01T00:00:00Z	,	,Springer	,mis	,	,
10.2307/25801160,10.2307/25801160	,Implications of Petrographic Temper Analysis for Oceanian Prehistory	,William R. Dickinson	Richard Shutler Jr.	,Journal of World Prehistory	,14	,3	,2000-09-01T00:00:00Z	,pp. 203-266	,Springer	,fla	,	,
10.2307/25801113,10.2307/25801113	,Front Matter	,	,Journal of World Prehistory	,11	,3	,1997-09-01T00:00:00Z	,	,Springer	,mis	,	,
10.2307/25801279,10.2307/25801279	,From Scale to Practice: A New Agenda for the Study of Early Metallurgy on the Eurasian Steppe	,Bryan Hanks	Roger Doonan	,Journal of World Prehistory	,22	,4	,2009-12-01T00:00:00Z	,pp. 329-356	,Springer	,fla	,	,
10.2307/25801120,10.2307/25801120	,Front Matter	,	,Journal of World Prehistory	,12	,1	,1998-03-01T00:00:00Z	,	,Springer	,mis	,	,
10.2307/25800615,10.2307/25800615	,Bone Stable Isotope Studies in Archaeology	,Margaret J. Schoeninger	Katherine Moore	,Journal of World Prehistory	,6	,2	,1992-06-01T00:00:00Z	,pp. 247-296	,Springer	,fla	,	,
10.2307/25800616,10.2307/25800616	,Back Matter	,	,Journal of World Prehistory	,6	,2	,1992-06-01T00:00:00Z	,	,Springer	,mis	,	,
10.2307/25800532,10.2307/25800532	,Lower and Middle Paleolithic of Northern Asia: Achievements_ Problems_ and Perspectives	,Vitaliy Larichev	Uriy Khol'ushkin	Inna Laricheva	,Journal of World Prehistory	,1	,4	,1987-12-01T00:00:00Z	,pp. 415-464	,Springer	,fla	,	,
10.2307/25801271,10.2307/25801271	,West Mexican Metallurgy: Revisited and Revised	,Dorothy Hosler	,Journal of World Prehistory	,22	,3	,2009-09-01T00:00:00Z	,pp. 185-212	,Springer	,fla	,	,
10.2307/25801153,10.2307/25801153	,The Clactonian Question: On the Interpretation of Core-and-Flake Assemblages in the British Lower Paleolithic	,Mark J. White	,Journal of World Prehistory	,14	,1	,2000-03-01T00:00:00Z	,pp. 1-63	,Springer	,fla	,	,
10.2307/25801206,10.2307/25801206	,Front Matter	,	,Journal of World Prehistory	,17	,3	,2003-09-01T00:00:00Z	,	,Springer	,mis	,	,
10.2307/25801282,10.2307/25801282	,Early West African Metallurgies: New Data and Old Orthodoxy	,Augustin F. C. Holl	,Journal of World Prehistory	,22	,4	,2009-12-01T00:00:00Z	,pp. 415-438	,Springer	,fla	,	,
10.2307/25801071,10.2307/25801071	,The Pre-Roman Iron Age in Britain and Ireland (ca. 800 B.C. to A.D. 100): An Overview	,J. D. Hill	,Journal of World Prehistory	,9	,1	,1995-03-01T00:00:00Z	,pp. 47-98	,Springer	,fla	,	,

