WORDCOUNTS,WEIGHT
the,231
of,201
to,96
in,75
a,72
and,71
is,45
was,40
that,38
it,33
which,33
this,33
on,28
for,27
as,27
by,24
choptank,24
indian,23
maryland,22
he,21
land,20
be,20
no,19
not,18
with,18
their,16
are,16
from,16
at,15
indians,15
have,15
his,14
i,14
there,14
river,13
dorchester,13
swamp,12
reservation,12
dr,12
one,11
or,11
were,11
an,11
deed,11
but,10
these,10
called,10
king,10
records,10
can,10
so,10
site,9
they,9
article,9
nanticoke,9
other,9
place,9
cambridge,9
may,8
had,8
situated,8
bounded,8
county,8
tract,8
been,7
mile,7
book,7
my,7
what,7
years,7
three,7
among,7
about,6
before,6
known,6
p,6
time,6
william,6
where,6
within,6
them,6
side,6
has,6
information,6
vol,6
folio,6
part,6
white,6
tree,5
under,5
name,5
found,5
out,5
hundred,5
historical,5
above,5
record,5
some,5
cuiackason,5
since,5
murray,5
much,5
we,5
should,5
who,4
mouth,4
sandy,4
kings,4
english,4
reference,4
any,4
same,4
together,4
entered,4
great,4
very,4
davidson,4
last,4
beginning,4
having,4
custom,4
original,4
made,4
far,4
its,4
year,4
people,4
chiefs,4
assembly,4
archaeological,4
location,4
antiquity,4
latter,4
conoy,4
between,4
when,4
conveyed,4
now,3
limits,3
concerned,3
stood,3
edward,3
hill,3
direct,3
dead,3
town,3
modern,3
old,3
seems,3
following,3
mentioned,3
four,3
most,3
being,3
concerning,3
present,3
md,3
more,3
later,3
towns,3
many,3
ennalls,3
distance,3
half,3
towne,3
living,3
mind,3
miles,3
mr,3
those,3
died,3
shore,3
bones,3
another,3
virginia,3
marked,3
along,3
whole,3
refers,3
oak,3
come,3
until,3
described,3
against,3
although,3
would,3
after,3
thomas,3
vi,3
creek,3
like,3
little,3
society,3
south,2
winnecaco,2
interesting,2
she,2
transquaking,2
way,2
exact,2
act,2
if,2
located,2
appreciation,2
nearly,2
assateague,2
whatever,2
bears,2
parcel,2
standing,2
similar,2
village,2
certain,2
southern,2
american,2
surveyed,2
sixty,2
vans,2
leaves,2
quite,2
frank,2
confines,2
treaty,2
pp,2
quiankeson,2
benefits,2
tombs,2
choptanks,2
former,2
objects,2
us,2
entry,2
into,2
dated,2
then,2
quoted,2
wisconsin,2
circumstances,2
containing,2
begins,2
said,2
hamond,2
ababco,2
first,2
surface,2
stones,2
submitted,2
alludes,2
submit,2
commission,2
certainly,2
also,2
back,2
forty,2
taken,2
might,2
death,2
all,2
towards,2
greater,2
release,2
europeans,2
stolen,2
came,2
laid,2
ossuary,2
exploration,2
seem,2
included,2
head,2
twenty,2
down,2
striking,2
aforesaid,2
eastward,2
hear,2
woods,2
doubt,2
considerable,2
tracts,2
man,2
ruler,2
late,2
date,2
further,2
adjacent,2
do,2
deeded,2
proceedings,2
month,2
burial,2
papers,2
appears,2
see,2
tell,2
nanticokes,2
otherwise,2
recorded,2
eastern,2
jenkins,2
public,2
james,2
mummies,2
sites,2
quantities,2
artifacts,2
upon,2
eighteenth,2
trees,2
crowned,2
must,2
preserved,2
fine,2
given,2
somerset,2
courses,2
mortuary,2
undoubtedly,2
identity,2
subject,2
description,2
lies,2
use,2
sand,2
during,2
northwest,2
individuals,2
full,2
g,2
students,2
significance,2
bounds,2
august,2
century,2
quotes,2
warrant,2
long,2
family,2
reporter,2
doubtless,2
several,2
queen,2
few,2
houses,2
reads,2
research,2
themselves,2
always,2
early,2
up,2
including,2
lay,2
erroneously,2
skinns,2
results,2
evidence,2
am,2
student,2
settlers,1
final,1
dealing,1
will,1
suggest,1
does,1
perches,1
therefore,1
pertaining,1
led,1
second,1
disposed,1
intothe,1
situation,1
business,1
adequate,1
me,1
whose,1
locust,1
today,1
note,1
sussex,1
matter,1
neer,1
babcos,1
afd,1
statements,1
scientific,1
gather,1
gathering,1
meaning,1
widdow,1
five,1
names,1
indeed,1
happy,1
district,1
piece,1
encouraged,1
warwick,1
culminated,1
intended,1
afterwards,1
attitude,1
tequassino,1
ran,1
cut,1
connection,1
request,1
referred,1
concern,1
strains,1
recourse,1
seen,1
extends,1
seward,1
goes,1
destiny,1
says,1
make,1
length,1
manuscript,1
surveyor,1
linguistic,1
ns,1
originated,1
b,1
whereby,1
large,1
newton,1
parts,1
seemingly,1
hold,1
easily,1
mercer,1
tends,1
why,1
makes,1
often,1
southeast,1
danger,1
consulted,1
identify,1
calvert,1
fragment,1
hope,1
word,1
once,1
likely,1
live,1
supposed,1
ronoke,1
yet,1
h,1
auspices,1
museum,1
severall,1
occupies,1
references,1
ricarton,1
articles,1
settled,1
discernible,1
believe,1
picturesquely,1
soon,1
photographs,1
fear,1
forth,1
formally,1
university,1
busie,1
possibly,1
remnant,1
bounders,1
boundary,1
western,1
established,1
school,1
direction,1
workmanship,1
harswamp,1
deductions,1
encourage,1
authorities,1
curious,1
allowance,1
weatherly,1
branch,1
preamble,1
westernmost,1
eagerness,1
complete,1
thousand,1
lord,1
thirty,1
n,1
nineteenth,1
antedates,1
dickwasine,1
source,1
add,1
chief,1
meaningless,1
w,1
already,1
age,1
show,1
two,1
reports,1
haystack,1
band,1
solitary,1
lower,1
december,1
addressed,1
only,1
sponsoring,1
else,1
either,1
lying,1
requested,1
published,1
fill,1
fix,1
volume,1
definite,1
charles,1
sayd,1
perhaps,1
temple,1
nonentities,1
lewis,1
s,1
offers,1
set,1
sold,1
quoting,1
m,1
discontinued,1
vandals,1
know,1
others,1
excepting,1
treatment,1
appear,1
refusal,1
copy,1
put,1
anywhere,1
control,1
flat,1
whereas,1
conducted,1
grandfather,1
result,1
artists,1
different,1
worth,1
remembered,1
attribute,1
dyeing,1
whom,1
save,1
questioned,1
inglish,1
bearing,1
avenue,1
tradition,1
temples,1
exoneration,1
speck,1
advantage,1
pressure,1
piscattaway,1
ought,1
stevens,1
heavy,1
intrusion,1
corroboration,1
ashore,1
viii,1
threequarters,1
children,1
absented,1
lived,1
contradict,1
particularly,1
job,1
banks,1
deem,1
obviously,1
maps,1
justification,1
infer,1
end,1
complaineth,1
herbert,1
kinship,1
take,1
styles,1
incite,1
describes,1
shores,1
search,1
admixture,1
southernmost,1
just,1
type,1
men,1
places,1
enough,1
proverbial,1
trouble,1
attach,1
equally,1
proprietary,1
robert,1
informed,1
needle,1
according,1
let,1
unlikely,1
war,1
displayed,1
road,1
piscattaways,1
province,1
receives,1
seventeenth,1
form,1
persons,1
shown,1
less,1
pocomoke,1
accounts,1
wherein,1
case,1
council,1
cause,1
well,1
empty,1
takes,1
material,1
guift,1
resemblances,1
however,1
suspect,1
arousing,1
forthcoming,1
patent,1
dwelling,1
theory,1
occurrence,1
awarded,1
mummy,1
gives,1
near,1
encountered,1
saying,1
collector,1
identifiable,1
because,1
march,1
such,1
failure,1
predecessors,1
outstanding,1
produce,1
specifically,1
regarding,1
gained,1
local,1
outrange,1
rowed,1
distinguish,1
determined,1
apt,1
mean,1
thrashing,1
extended,1
art,1
work,1
middle,1
depend,1
both,1
treated,1
bodies,1
explanation,1
neck,1
presented,1
john,1
unquestionably,1
nine,1
son,1
west,1
taking,1
copomco,1
supply,1
collections,1
through,1
emperor,1
line,1
winnicaco,1
january,1
reserve,1
cited,1
looking,1
desirable,1
press,1
became,1
related,1
vandalized,1
kuhm,1
aged,1
done,1
giving,1
himself,1
commonly,1
findings,1
step,1
port,1
went,1
letter,1
testified,1
kirke,1
wm,1
looting,1
marye,1
obtain,1
force,1
rivers,1
macleod,1
began,1
noting,1
allowed,1
causes,1
colonial,1
controlled,1
isolated,1
seated,1
errors,1
think,1
thereafter,1
thus,1
freehold,1
remarks,1
our,1
named,1
previous,1
away,1
assateagues,1
than,1
runs,1
roanoke,1
xviii,1
ultimately,1
patents,1
tenneseee,1
modify,1
worcester,1
facts,1
president,1
received,1
quality,1
quotation,1
past,1
historic,1
leads,1
reward,1
numerous,1
september,1
t,1
assignment,1
beacuse,1
language,1
grant,1
agreement,1
corner,1
betty,1
uppermost,1
interest,1
faces,1
sat,1
never,1
review,1
held,1
general,1
times,1
sense,1
granted,1
excavations,1
d,1
ago,1
mummifying,1
below,1
followed,1
belongs,1
responsibility,1
constructed,1
distances,1
commissioners,1
him,1
quaponqua,1
remark,1
inclose,1
protest,1
commissions,1
obtained,1
politically,1
seaboard,1
kind,1
order,1
southward,1
kept,1
probable,1
thing,1
inhabited,1
losing,1
harks,1
popularization,1
cases,1
settlement,1
resurvey,1
plantation,1
goldsborough,1
imagination,1
deeds,1
mulberry,1
small,1
mistakes,1
evident,1
calling,1
alias,1
needs,1
graves,1
offered,1
state,1
accomplished,1
searching,1
jefferson,1
approval,1
highly,1
body,1
removed,1
guarded,1
allusion,1
six,1
representing,1
reported,1
styled,1
c,1
compared,1
charged,1
point,1
boundaries,1
acquire,1
succeeded,1
twice,1
inasmuch,1
whatsoever,1
find,1
wetherly,1
henry,1
complaines,1
descendants,1
deposition,1
exclusively,1
element,1
instance,1
quiakeson,1
sept,1
archeological,1
preserving,1
northern,1
heir,1
home,1
homesteads,1
pine,1
occupied,1
institution,1
whenever,1
answers,1
maw,1
famous,1
private,1
occasion,1
alienated,1
lowermost,1
daughter,1
attention,1
inhabiting,1
settle,1
valuable,1
resurveys,1
applies,1
behalf,1
avoid,1
corrected,1
blackwater,1
separate,1
yarmouth,1
tennessee,1
