WORDCOUNTS,WEIGHT
the,891
of,750
and,563
in,469
to,242
a,190
that,140
by,133
field,127
agricultural,120
north,108
this,93
walls,89
is,82
kohala,80
for,79
from,79
have,72
with,70
are,67
were,63
was,61
on,59
tu,58
or,57
system,56
agriculture,55
these,54
evolutionary,53
as,52
at,49
we,49
rainfall,48
border,46
would,46
areas,45
university,42
edited,42
during,41
archaeological,41
been,41
pp,40
time,40
fields,40
an,39
which,38
production,36
m,34
lapakahi,34
j,33
development,33
p,32
temporal,32
there,31
construction,31
hawaii,30
be,30
it,29
social,29
through,29
area,29
between,29
one,28
r,28
coast,28
selection,28
american,27
within,27
de,27
no,27
distance,27
trails,27
distribution,26
honolulu,25
new,25
length,25
environmental,24
e,24
their,24
kirch,24
research,24
also,24
not,24
relatively,23
variation,23
associated,23
archaeology,23
over,23
d,23
some,22
than,22
island,22
where,22
less,22
intensification,22
land,22
b,21
plots,21
change,21
antiquity,21
spatial,21
variability,21
other,20
risk,20
density,20
al,20
more,20
geographic,20
wall,20
et,19
southern,19
figure,19
constructed,19
different,19
size,19
c,19
h,18
coastal,18
t,18
evidence,18
has,17
human,17
costs,17
additional,17
prehistoric,17
phase,17
can,17
ecology,17
shift,17
kahua,16
suggest,16
but,16
three,16
early,16
marine,15
chiefs,15
alignments,15
levels,15
had,15
hawaiian,15
scale,15
boundaries,15
units,15
two,15
use,15
assigned,15
analysis,15
practices,14
mm,14
trail,14
across,14
most,14
late,14
cultural,14
annual,14
pacific,14
rosendahl,14
our,14
uplands,13
each,13
along,13
journal,13
study,13
w,13
greater,13
used,13
department,13
mahukona,13
evolution,13
high,13
historical,13
interval,13
suggests,13
ladefoged,13
chicago,13
total,12
those,12
may,12
when,12
located,12
communities,12
larger,12
en,12
individuals,12
variable,12
ca,12
built,12
later,11
functional,11
they,11
large,11
first,11
s,11
el,11
tuggle,11
sweet,11
g,11
york,11
l,11
district,11
landscape,11
established,11
based,11
population,11
data,11
optimal,11
provided,11
south,11
expansion,11
others,11
features,11
relative,11
both,11
role,11
smaller,11
major,11
groups,10
into,10
state,10
differential,10
bay,10
higher,10
ahupua,10
energy,10
surface,10
science,10
smith,10
v,10
asian,10
ecological,10
natural,10
form,10
theory,10
kehena,10
measure,10
unit,10
increased,10
km,10
much,10
gis,9
history,9
occurred,9
upland,9
localities,9
such,9
subsistence,9
section,9
well,9
shape,9
los,9
small,9
intervals,9
few,9
limited,9
marginal,9
considerable,9
pahinahina,9
individual,9
potato,9
la,9
success,9
particular,9
while,9
locations,9
uncertainty,9
extend,8
ad,8
rv,8
kaupalaoa,8
how,8
process,8
changes,8
show,8
effort,8
because,8
its,8
people,8
several,8
boundary,8
included,8
region,8
period,8
so,8
increasing,8
often,8
environment,8
series,8
paper,8
las,8
level,8
average,8
although,8
per,7
second,7
archaeologists,7
all,7
dryland,7
political,7
context,7
correlation,7
excavations,7
perspective,7
output,7
aspects,7
del,7
year,7
involved,7
society,7
same,7
only,7
took,7
infilling,7
number,7
local,7
cambridge,7
including,7
previously,7
changing,7
slope,7
newman,7
cultivation,7
n,7
lengths,7
produce,7
approximately,7
include,7
foraging,7
final,6
cultigens,6
shaped,6
crops,6
borders,6
differences,6
throughout,6
x,6
establishment,6
resources,6
holland,6
branching,6
tucson,6
amount,6
kalala,6
y,6
growth,6
developed,6
contour,6
similar,6
factors,6
stabilizing,6
resource,6
kaschko,6
whereas,6
could,6
sd,6
academic,6
further,6
traits,6
focused,6
information,6
artifacts,6
isohyet,6
london,6
related,6
successful,6
ed,6
spatially,6
infrastructural,6
shows,6
farming,6
model,6
another,6
increase,6
food,6
survey,6
pattern,6
systems,6
percent,6
division,6
earliest,6
then,6
leeward,6
extent,6
transport,6
potential,6
northeast,5
settlements,5
identify,5
studies,5
contexts,5
lower,5
long,5
i,5
inland,5
case,5
westview,5
soils,5
isohyets,5
whose,5
main,5
support,5
means,5
peasant,5
upper,5
origins,5
cost,5
behavioral,5
residential,5
place,5
showing,5
order,5
settlement,5
portions,5
methodological,5
up,5
directional,5
short,5
kilometers,5
islands,5
puaili,5
under,5
patterns,5
strategies,5
frequency,5
elevation,5
degree,5
situated,5
chiefly,5
contours,5
sequence,5
advantages,5
low,5
tribal,5
variance,5
graves,5
k,5
segments,5
table,5
complexity,5
extending,5
griffin,5
here,5
set,5
wet,5
despite,5
polynesia,5
conditions,5
integration,5
should,5
arizona,5
created,4
mountains,4
boulder,4
fixed,4
being,4
consistent,4
lyman,4
secondary,4
analyses,4
closer,4
feature,4
vegetation,4
inverse,4
possible,4
tropical,4
economies,4
minimum,4
kou,4
includes,4
due,4
unpublished,4
century,4
clark,4
phases,4
bernice,4
bays,4
parcelas,4
kaiholena,4
se,4
periodic,4
organization,4
four,4
shorter,4
permanent,4
important,4
strategy,4
identifying,4
erosion,4
served,4
ocean,4
domestication,4
placed,4
keawanui,4
near,4
failure,4
bounded,4
protein,4
knowledge,4
bishop,4
regional,4
makeanehu,4
least,4
proximate,4
characteristics,4
lamaloloa,4
productivity,4
structured,4
kiiokalani,4
input,4
will,4
f,4
portion,4
identified,4
wind,4
depicted,4
schilt,4
noted,4
paul,4
addition,4
crop,4
do,4
increases,4
makiloa,4
years,4
classes,4
extended,4
values,4
additions,4
variables,4
pohakulua,4
points,4
geographically,4
plant,4
puanui,4
ahula,4
demarcate,4
especially,4
structure,4
southwest,4
propose,4
perspectives,4
note,4
provide,4
kamano,4
indicate,4
michael,4
insurance,4
considered,4
sections,4
anthropological,4
any,4
dispersed,4
must,4
control,4
anthropology,4
did,4
down,4
current,4
phd,4
plants,4
fixedfield,4
kaihooa,4
sistema,4
models,4
grown,4
earthen,4
entire,4
given,4
focus,4
among,4
recent,4
close,4
hypothesis,4
winds,3
rate,3
o,3
affected,3
resulted,3
extends,3
needed,3
complex,3
he,3
mobility,3
properties,3
experience,3
taken,3
investments,3
available,3
timing,3
farther,3
autonomous,3
prior,3
measuring,3
point,3
adoption,3
cited,3
framework,3
hommon,3
que,3
kapaanui,3
ability,3
distinct,3
developments,3
back,3
dates,3
third,3
jones,3
rates,3
site,3
via,3
identification,3
rather,3
morrison,3
mean,3
represented,3
environments,3
after,3
entre,3
direct,3
parts,3
productive,3
prehistory,3
intersecting,3
moderately,3
impact,3
beyond,3
flow,3
suggested,3
result,3
came,3
introduce,3
societies,3
totaling,3
mapping,3
changed,3
suitable,3
initial,3
base,3
replicative,3
occupation,3
mcanany,3
northern,3
surrounding,3
approach,3
enclosures,3
puakea,3
below,3
distances,3
shaping,3
reliable,3
agricolas,3
notes,3
reducing,3
pearson,3
therefore,3
likely,3
reduced,3
minor,3
van,3
various,3
economic,3
return,3
waiakailio,3
movement,3
aldine,3
positive,3
relationship,3
about,3
optimality,3
represents,3
thought,3
restricted,3
selective,3
unwin,3
experimental,3
without,3
stream,3
again,3
similarly,3
lowering,3
rock,3
longer,3
limit,3
clearing,3
removal,3
forms,3
reproductive,3
adjacent,3
relevant,3
hectares,3
perhaps,3
handy,3
bulletin,3
discussion,3
explanation,3
range,3
elite,3
empirical,3
significant,3
refers,3
previous,3
involves,3
trade,3
currentanthropology,3
like,3
harris,3
function,3
households,3
earlier,3
parallel,3
relation,3
examine,3
lowered,3
probably,3
occupied,3
haven,3
european,3
payoffs,3
involving,3
bulk,3
maps,3
un,3
detailed,3
yale,3
distributional,3
extensive,3
extension,3
ranch,3
kapanui,3
earle,3
partitioning,3
fitness,3
returns,3
polynesian,3
just,3
better,3
economy,3
terms,3
making,3
map,3
densities,3
generally,3
emphasis,3
middle,3
intention,3
demarcated,3
winterhalder,3
intent,3
formation,3
devoted,3
until,3
lands,3
observed,3
attributes,3
defined,3
remains,3
potatoes,3
occur,3
building,3
does,2
now,2
way,2
if,2
decreasing,2
instigating,2
extrapolating,2
thegn,2
determine,2
offset,2
measures,2
expect,2
center,2
shoreline,2
tierras,2
approaches,2
proxy,2
seriation,2
nineteenth,2
themes,2
kacelnik,2
test,2
pacificarchaeological,2
either,2
posed,2
originally,2
implications,2
meters,2
concentrated,2
might,2
dunnell,2
rindos,2
nature,2
suggesting,2
monitor,2
potentially,2
origin,2
link,2
kingdom,2
subsequent,2
emphasized,2
chiefdoms,2
raised,2
discrete,2
intersection,2
side,2
synchronic,2
eastern,2
design,2
account,2
vol,2
determined,2
niveles,2
ofanthropologicalarchaeology,2
west,2
processes,2
constrained,2
measurement,2
perturbations,2
inventory,2
diversity,2
surplus,2
labor,2
regarding,2
lewontin,2
goal,2
thus,2
auckland,2
southwestern,2
quality,2
calculated,2
barton,2
intensificacion,2
initially,2
arable,2
santa,2
expected,2
heterogenous,2
old,2
document,2
refer,2
differently,2
continuous,2
single,2
even,2
evapotranspiration,2
ridge,2
competition,2
adequate,2
his,2
square,2
leonard,2
longest,2
subdivision,2
certain,2
viewed,2
inches,2
addressing,2
experimenting,2
accounts,2
bad,2
marks,2
consider,2
possibly,2
specify,2
sugarcane,2
variabilidad,2
followed,2
modeled,2
dominant,2
helped,2
ancient,2
view,2
location,2
incurs,2
appearance,2
method,2
search,2
access,2
international,2
fishing,2
monitoring,2
zone,2
diet,2
commoners,2
aerial,2
districts,2
halstead,2
yen,2
contiguous,2
explain,2
required,2
receive,2
gained,2
directly,2
line,2
rocks,2
nearest,2
significantly,2
brought,2
distancia,2
part,2
numerous,2
describe,2
northwest,2
climatic,2
documented,2
saw,2
employed,2
stanford,2
artifact,2
agriculturally,2
precipitation,2
good,2
running,2
contrast,2
resultados,2
highly,2
components,2
fully,2
visible,2
results,2
using,2
actions,2
subsequently,2
koaie,2
critical,2
highlights,2
coastline,2
variety,2
contact,2
primitive,2
separation,2
comparative,2
community,2
sahlins,2
above,2
make,2
comments,2
targeted,2
religious,2
cooler,2
engineering,2
biological,2
theahupua,2
rectangle,2
once,2
rain,2
traves,2
us,2
index,2
management,2
shifting,2
rise,2
inhabitants,2
challenge,2
varies,2
towards,2
many,2
water,2
efforts,2
break,2
diverse,2
distributions,2
windward,2
anthropologist,2
ground,2
seventeenth,2
ultimately,2
see,2
ports,2
necessary,2
material,2
maturity,2
analyzed,2
private,2
technologies,2
behaviors,2
distribucion,2
elevations,2
invested,2
considering,2
made,2
trajectory,2
diferencias,2
largely,2
operated,2
questions,2
trend,2
chosen,2
washington,2
kilometer,2
perimeter,2
significance,2
historic,2
compressed,2
sustain,2
peter,2
amounts,2
characterized,2
proximity,2
krebs,2
latter,2
cambios,2
exchange,2
procurement,2
date,2
effect,2
attendant,2
sobre,2
locales,2
adaptations,2
parameters,2
adaptive,2
attention,2
species,2
space,2
yields,2
topography,2
abundance,2
school,2
referred,2
dimensions,2
who,2
carbohydrates,2
sequences,2
wilson,2
transformation,2
why,2
precontact,2
fe,2
supporting,2
centuries,2
aboriginal,2
sinoto,2
pressures,2
photographs,2
dissertation,2
cultivars,2
growing,2
dividing,2
hypothesized,2
known,2
reconnaissance,2
outcome,2
southernmost,2
embankments,2
intersected,2
underwrite,2
harvest,2
linked,2
selectionist,2
goods,2
sorted,2
assessment,2
goodfellow,2
transmitted,2
selected,2
references,2
larson,2
nearby,2
axis,2
shortfalls,2
influenced,2
tamaiio,2
travel,2
preserved,2
thereby,2
little,2
uniform,2
slopes,2
huckell,2
sixteenth,2
focal,2
oceanic,2
varied,2
makanikahio,2
intensified,2
illinois,2
stratification,2
kus,2
need,2
physical,2
effects,2
forming,2
off,2
measured,2
association,2
modeling,2
root,2
reached,2
temperatures,2
sharing,2
norman,2
interaction,2
develop,2
traditional,2
zones,2
ambiente,1
mostly,1
appropriation,1
phenotypic,1
done,1
chronological,1
limits,1
behavioural,1
common,1
indicated,1
morphology,1
personnel,1
coevolutionary,1
hawaiianarchaeology,1
implies,1
yam,1
feathered,1
durante,1
intersect,1
introduction,1
compensated,1
notably,1
obliquely,1
distributed,1
defenses,1
village,1
group,1
replaced,1
achievements,1
kinds,1
effective,1
tend,1
reassessment,1
diversification,1
catastrophe,1
formed,1
authority,1
comunidades,1
true,1
managing,1
ahupuaa,1
conscious,1
blows,1
ti,1
hamanamana,1
tied,1
deny,1
position,1
western,1
ameliorated,1
royal,1
necessarily,1
phenotype,1
energeticos,1
aversion,1
before,1
harvests,1
detailing,1
contested,1
track,1
aggression,1
evasion,1
offering,1
bark,1
withtu,1
highlight,1
indexes,1
diffusion,1
oceania,1
incomplete,1
inhibited,1
gap,1
ranked,1
marco,1
lateral,1
sources,1
isla,1
certainly,1
topographic,1
creation,1
savigliano,1
overproduction,1
planting,1
address,1
reduction,1
emerged,1
intricately,1
dramatically,1
brisk,1
reach,1
principles,1
evolucionistas,1
forarchaeological,1
tradition,1
economizing,1
assess,1
advantage,1
accompanied,1
typological,1
farmers,1
exceptionally,1
borne,1
studied,1
optimizacion,1
resulting,1
reproduction,1
efficiently,1
aproximadamente,1
help,1
failures,1
regularidades,1
improved,1
improving,1
replicated,1
ejtu,1
conserve,1
reserved,1
robert,1
squareshaped,1
incluyen,1
platforms,1
normal,1
decreased,1
pertains,1
signs,1
moku,1
threshold,1
darwinism,1
papers,1
adaptational,1
woodlands,1
nearer,1
issue,1
wetter,1
occasional,1
pv,1
deviation,1
kohalal,1
moisture,1
abutting,1
linear,1
recorded,1
explicar,1
component,1
matthew,1
primary,1
planted,1
seleccionista,1
cleared,1
demography,1
draw,1
ceremonialarchitecture,1
economics,1
retain,1
clearly,1
gardens,1
quantities,1
placement,1
responses,1
marked,1
constraints,1
plantings,1
planters,1
burning,1
para,1
leeway,1
move,1
mobilizing,1
vital,1
obvious,1
mitigation,1
quantity,1
influencia,1
desirable,1
requirements,1
horticultural,1
fossil,1
conceives,1
ritual,1
collectiveaction,1
localized,1
colonized,1
funded,1
canyon,1
subdividing,1
boserup,1
exist,1
tribute,1
conflict,1
central,1
diversas,1
prey,1
complied,1
erkelens,1
review,1
relationships,1
historically,1
explained,1
estimating,1
tl,1
immediate,1
roger,1
past,1
since,1
arated,1
forarchaeology,1
predators,1
sp,1
domain,1
adopted,1
interpret,1
cf,1
jr,1
materially,1
reproduced,1
andagricultural,1
thank,1
learning,1
kind,1
norte,1
turn,1
levies,1
elements,1
david,1
averaging,1
concerning,1
sized,1
cucurbits,1
chapin,1
uniformly,1
causing,1
herbaceous,1
response,1
rediscovering,1
oxford,1
stipulated,1
determinada,1
bag,1
estimate,1
thin,1
mechanical,1
storage,1
drawn,1
suitability,1
pueblo,1
vice,1
critique,1
propositions,1
coasts,1
longterm,1
influence,1
unused,1
costa,1
crow,1
pay,1
mechanisms,1
civilization,1
assessed,1
operation,1
soil,1
poor,1
what,1
slowed,1
residentes,1
infield,1
operations,1
terminates,1
abundancia,1
tract,1
bring,1
drainages,1
performance,1
impetus,1
remain,1
joan,1
basic,1
densityladefoged,1
choy,1
midwest,1
damping,1
una,1
parents,1
itu,1
probability,1
coffee,1
menos,1
initiate,1
boone,1
contributions,1
enabled,1
ofarchaeological,1
limitation,1
consequences,1
intensity,1
risks,1
moves,1
modified,1
selectionistframework,1
seaward,1
acquisition,1
honolululadefoged,1
facilitated,1
dean,1
affect,1
operates,1
distributive,1
coevolution,1
dichotomy,1
functionalanalysis,1
seas,1
benefits,1
specialization,1
intensive,1
organized,1
dated,1
branch,1
proposed,1
travis,1
fortifications,1
elevated,1
air,1
receiving,1
record,1
selectivas,1
argued,1
frequently,1
tareas,1
operate,1
horizontally,1
follow,1
connecting,1
crecimiento,1
inputs,1
comprising,1
putting,1
always,1
presenta,1
exploitation,1
cycles,1
answers,1
committee,1
workladefoged,1
embanked,1
principios,1
coincide,1
dispersion,1
thrust,1
importantfactors,1
irrigation,1
experimentation,1
ranges,1
expressed,1
moving,1
closely,1
bonk,1
pursuits,1
affordable,1
intu,1
kingship,1
manoa,1
traditionally,1
midden,1
seven,1
lived,1
patrick,1
out,1
facilitate,1
andarchaeological,1
correlates,1
representative,1
term,1
evaluate,1
creating,1
braun,1
share,1
saa,1
lava,1
xvi,1
informed,1
though,1
equal,1
blow,1
interconnections,1
uncultivated,1
burial,1
ecolcgicos,1
recently,1
produced,1
panglossian,1
cairns,1
meet,1
ofrecer,1
buffer,1
xvii,1
instabilityto,1
approached,1
rectilinear,1
premise,1
wide,1
acknowledgments,1
gods,1
possibility,1
improve,1
distinguishes,1
xix,1
hierarchies,1
products,1
flannery,1
tobin,1
network,1
basis,1
thearchaeologyofsouthkohala,1
work,1
optimize,1
residents,1
horticulture,1
received,1
fraser,1
protected,1
persistence,1
orographic,1
drew,1
norm,1
predominately,1
produccion,1
patterning,1
confirms,1
experiencing,1
caught,1
woodland,1
desarrollo,1
whole,1
literature,1
kindly,1
consistently,1
database,1
discussions,1
roadway,1
issues,1
partly,1
contains,1
fixedfields,1
lunch,1
hawai,1
actually,1
falling,1
winter,1
hi,1
transported,1
ethnohistoric,1
focuses,1
away,1
subdivide,1
nucleus,1
sutton,1
differentially,1
vijayanagara,1
manage,1
smallest,1
genealogical,1
manipulation,1
pacificarchaeology,1
nivel,1
coevolved,1
mesopotamia,1
ratios,1
sense,1
viable,1
presented,1
working,1
corresponds,1
recursos,1
drier,1
theoretically,1
tested,1
coupled,1
emphasizes,1
quite,1
event,1
around,1
optimizing,1
heat,1
spanish,1
autonomy,1
recognition,1
sufficient,1
concerns,1
broughton,1
choose,1
este,1
grow,1
evolutionaryecology,1
distinguished,1
ancestral,1
villages,1
tended,1
incurred,1
managed,1
offspring,1
st,1
jorde,1
grados,1
cattle,1
dependent,1
thatching,1
maxwell,1
pa,1
gould,1
environmentally,1
agricola,1
bananas,1
honoipu,1
propicios,1
podian,1
increments,1
undesirable,1
activities,1
grado,1
planter,1
periods,1
ecologists,1
led,1
partially,1
san,1
diferentes,1
situation,1
delineating,1
november,1
advocate,1
positions,1
architecture,1
requirement,1
scientific,1
populations,1
runoff,1
concede,1
variacicn,1
indeed,1
comienzos,1
service,1
overall,1
schemes,1
inclusive,1
edges,1
iniciar,1
brings,1
upward,1
cordy,1
allen,1
specifying,1
precolonial,1
cultivar,1
harry,1
garden,1
mismatching,1
prehistoricagricultural,1
perennial,1
subsection,1
structural,1
hawaiians,1
roturnan,1
relied,1
yet,1
auspices,1
reference,1
permission,1
examined,1
suited,1
taro,1
residence,1
array,1
evolved,1
exposure,1
chronology,1
lowland,1
property,1
infrastructure,1
assistance,1
rectangular,1
skin,1
ethnographic,1
shifts,1
wright,1
subdivisions,1
largest,1
reports,1
increasingly,1
establizadores,1
stones,1
declining,1
chose,1
walled,1
goals,1
successfully,1
proximal,1
jeffrey,1
power,1
ethnohistorical,1
fell,1
mnfasis,1
approaching,1
piled,1
theladefoged,1
sarina,1
searle,1
projects,1
gentle,1
analytical,1
incorporates,1
fact,1
terminating,1
consideration,1
coincidence,1
fundamental,1
conduct,1
occurrence,1
carbonized,1
subsistencia,1
gested,1
agree,1
unsteady,1
abstract,1
exclusion,1
disturbed,1
layer,1
habitat,1
monumentality,1
yams,1
debated,1
kd,1
contemporary,1
substantially,1
minimize,1
functionally,1
man,1
zealand,1
terry,1
men,1
conclusions,1
outside,1
present,1
operating,1
shrubs,1
innovative,1
tertiary,1
theanthropology,1
continuing,1
superimposed,1
existing,1
richards,1
accepted,1
shared,1
melinda,1
axes,1
irrigadas,1
eg,1
por,1
focusing,1
fieldwork,1
binford,1
abut,1
style,1
proportionately,1
siglo,1
ofpolynesian,1
valleys,1
polities,1
plane,1
territoriality,1
demonstrated,1
trait,1
mornordica,1
understanding,1
newyork,1
comprise,1
ofrecieron,1
eighteenth,1
limitations,1
extrapolated,1
scaled,1
deposits,1
thickness,1
historicalladefoged,1
enhanced,1
drenditic,1
holt,1
clustered,1
samples,1
varying,1
ambos,1
doug,1
complement,1
rosendahlladefoged,1
hypotheses,1
prevailed,1
virtually,1
factor,1
assume,1
monty,1
incompatibilities,1
bitter,1
recovery,1
maintains,1
stay,1
redistributive,1
option,1
dieron,1
described,1
platform,1
versions,1
exceedingly,1
factores,1
open,1
landscapes,1
clear,1
importance,1
stress,1
puna,1
tail,1
perpendicular,1
maintenance,1
analisis,1
co,1
august,1
haciendo,1
feasible,1
reviewers,1
revised,1
spread,1
general,1
statistically,1
orcutt,1
maximize,1
contributed,1
shortly,1
hierarchical,1
last,1
standard,1
abundant,1
peebles,1
usgs,1
chance,1
partes,1
favored,1
presiones,1
facing,1
random,1
enough,1
article,1
become,1
assessing,1
respectively,1
ann,1
blackwell,1
seattle,1
excluded,1
enjoyed,1
wills,1
consumption,1
implication,1
analyze,1
slightly,1
greece,1
contracts,1
cambiaron,1
equivalent,1
maximal,1
jefes,1
positioning,1
atlas,1
evaluated,1
redirected,1
arbor,1
regimes,1
investigations,1
minimally,1
hague,1
concluded,1
exchanged,1
decision,1
separate,1
dietary,1
limiting,1
scattered,1
carried,1
departs,1
riesgos,1
dawn,1
buffering,1
relying,1
favoring,1
iran,1
thedisparitybetweenradiocarbonandvolcanic,1
respect,1
glass,1
subdivided,1
continued,1
recall,1
nonuniform,1
sometimes,1
coconut,1
usually,1
five,1
hectare,1
plays,1
uplandagricultural,1
program,1
huntergatherer,1
fewer,1
insufficient,1
alidade,1
primarily,1
heterogeneo,1
institutions,1
spp,1
murabayashi,1
subsidy,1
relations,1
spriggs,1
valeri,1
lawrence,1
proposition,1
periodo,1
paradigmatic,1
espacial,1
contexto,1
spanning,1
highdensity,1
existed,1
achieve,1
geoff,1
jf,1
instances,1
itself,1
garantias,1
intermittent,1
uso,1
worlds,1
andagriculturalintensification,1
purseglove,1
influencing,1
forest,1
stable,1
differentiated,1
acquired,1
suggestions,1
contained,1
ofprehistoric,1
shiftedfrom,1
dicotyledons,1
ocupacional,1
rotativas,1
sloping,1
simply,1
diversos,1
conceptualize,1
satisfactory,1
favors,1
droughts,1
candlenut,1
organizational,1
native,1
drift,1
colorado,1
cover,1
kolb,1
darwinian,1
conformance,1
berkeley,1
dimension,1
correspond,1
specialized,1
india,1
ratio,1
sugiyama,1
global,1
ortiz,1
sizes,1
east,1
approximates,1
setting,1
seem,1
believe,1
capital,1
best,1
fanning,1
copyright,1
ph,1
regard,1
minimized,1
report,1
terraced,1
basket,1
reliability,1
obviously,1
disperse,1
infer,1
edible,1
ordered,1
subsidios,1
build,1
distinctive,1
translating,1
closest,1
anomalous,1
uppermost,1
desarrollh,1
living,1
options,1
advances,1
risky,1
america,1
following,1
presently,1
game,1
delineated,1
avoidance,1
explanations,1
jennings,1
proceedings,1
agriculturalfield,1
combined,1
poses,1
bristol,1
them,1
oflalamilo,1
stability,1
supports,1
imposed,1
add,1
rotuman,1
intensificationmeasured,1
statement,1
fijian,1
bargion,1
marta,1
problem,1
adaptation,1
supplemented,1
spandrels,1
foundations,1
kukuipahu,1
caracterizc,1
extract,1
institute,1
hypothesize,1
tamaho,1
fisheries,1
inlapakahi,1
yield,1
balance,1
uneven,1
minimal,1
episode,1
pueden,1
phenomena,1
virginia,1
chronometric,1
decisions,1
editedby,1
researchers,1
monitored,1
maaori,1
varieties,1
emergent,1
unilinear,1
multiple,1
conclude,1
kin,1
introduced,1
sea,1
rd,1
volutionists,1
regulate,1
mayor,1
turns,1
lies,1
reappraisal,1
adapted,1
pluviales,1
ucko,1
abbott,1
challenges,1
world,1
allows,1
exploit,1
gain,1
aspect,1
terminal,1
come,1
proceeds,1
susceptible,1
shores,1
question,1
moderate,1
shown,1
breaks,1
lists,1
evidenceladefoged,1
difference,1
reveals,1
generate,1
contract,1
decrease,1
paradigm,1
accept,1
mode,1
lugares,1
ecosystem,1
armstrong,1
course,1
offer,1
instead,1
richard,1
integrated,1
define,1
green,1
developmental,1
product,1
connor,1
states,1
disruption,1
regular,1
blaze,1
peripheries,1
speak,1
carbondale,1
archaic,1
roughly,1
indices,1
summary,1
anonymous,1
comparison,1
needs,1
intergroup,1
conceptualizing,1
territories,1
endeavors,1
removed,1
espaciales,1
distinctions,1
clarify,1
ensuring,1
pathways,1
denser,1
commodity,1
inarchaeology,1
debate,1
create,1
maximum,1
predictable,1
valley,1
kehaunani,1
abandoned,1
boulderladefoged,1
strong,1
seek,1
comparable,1
ab,1
cross,1
indole,1
successive,1
southeastern,1
indicating,1
temporales,1
heterogeneous,1
estrategias,1
evidently,1
retention,1
symbiotic,1
continuously,1
grants,1
