WORDCOUNTS,WEIGHT
the,943
of,595
and,400
in,344
a,252
to,245
from,210
is,181
for,160
are,138
with,123
that,121
not,120
by,91
at,88
this,87
pottery,84
be,84
as,78
dose,77
was,75
but,74
no,70
on,70
dating,67
dates,65
or,63
luminescence,62
samples,62
tl,62
these,59
an,58
osl,56
were,56
sites,54
have,53
i,52
linear,52
shell,52
ceramics,52
other,49
only,49
alabama,49
group,48
age,48
sherds,48
it,46
because,45
than,44
two,43
grog,43
all,40
archaeological,40
early,39
time,38
beta,38
one,37
rate,36
ad,36
which,36
more,35
level,33
mound,33
also,33
some,32
data,32
ceramic,32
can,32
american,31
t,31
b,30
has,30
where,30
we,29
if,28
alpha,28
tempered,27
feature,27
west,27
site,27
woodland,27
mississippi,27
al,26
radiocarbon,26
sample,25
fading,25
used,25
been,25
although,25
signal,24
de,24
could,24
et,24
same,24
archaeology,24
any,24
o,23
both,23
date,22
those,22
such,22
found,22
ages,22
average,22
c,22
earlier,21
most,21
about,21
tennessee,21
jefferson,21
temper,21
counting,21
middle,21
test,20
late,20
study,20
percent,20
antiquity,20
j,19
may,19
using,19
use,19
journal,18
basin,18
methods,18
evidence,18
does,17
they,17
university,17
so,17
james,17
radiation,17
between,17
there,16
rates,16
river,16
radioactivity,16
when,16
results,16
made,16
three,16
different,16
them,16
sediments,16
d,16
later,15
available,15
jenkins,15
error,15
fox,15
method,15
poor,15
less,15
range,15
equivalent,15
ing,15
over,15
red,14
quadratic,14
g,14
feathers,14
similar,14
artifacts,14
chronology,14
do,14
assemblages,14
measured,14
given,14
southeastern,14
m,13
rather,13
four,13
decay,13
out,13
shiloh,13
edited,13
pp,13
our,13
variation,13
table,13
terms,13
while,13
irsl,13
valley,13
traditional,13
per,12
into,12
plateau,12
central,12
corrected,12
k,12
criteria,12
sherd,12
agreement,12
here,12
large,11
lower,11
regeneration,11
might,11
s,11
together,11
u,11
sediment,11
how,11
had,11
events,11
figure,11
weighted,11
high,11
obtained,11
investigations,11
usually,11
associated,11
each,11
did,11
report,11
problem,11
much,11
represent,10
tuscaloosa,10
eastern,10
phase,10
cases,10
called,10
basis,10
change,10
chronological,10
will,10
likely,10
various,10
thermoluminescence,10
many,10
laboratory,10
period,10
la,10
series,10
whether,10
manufacturing,10
precision,10
common,9
h,9
address,9
last,9
con,9
due,9
excavations,9
storage,9
curve,9
growth,9
their,9
surface,9
directly,9
limestone,9
its,9
loss,9
relative,9
event,9
phases,9
sar,9
new,9
external,9
survey,9
mississippian,9
then,9
aliquot,9
natural,9
pits,9
area,9
among,9
should,9
seriation,8
before,8
being,8
first,8
case,8
richard,8
protocol,8
frequencies,8
would,8
tempering,8
derived,8
absorbed,8
disequilibrium,8
just,8
prehistoric,8
came,8
based,8
traits,8
cultural,8
well,8
blue,8
part,8
older,8
small,8
several,8
south,8
materials,8
single,8
sam,8
lack,8
occupations,8
number,8
including,8
after,8
often,8
mainly,8
probably,8
assigned,8
science,8
five,8
ned,8
cence,8
william,8
what,8
effects,8
defined,8
north,8
way,7
history,7
moundville,7
within,7
plain,7
fine,7
thus,7
review,7
anomalous,7
estimate,7
higher,7
l,7
na,7
institution,7
changes,7
dated,7
additive,7
location,7
occupation,7
cannot,7
ten,7
northern,7
depositional,7
provided,7
light,7
agree,7
john,7
grogand,7
another,7
region,7
platform,7
function,7
graves,7
differ,7
photometry,7
types,7
why,7
construction,7
analysis,7
mounds,7
material,7
few,7
paper,7
assumed,7
best,7
particularly,7
pit,7
contain,7
through,7
measure,7
webb,7
difference,7
irradiation,7
include,7
manufacture,7
lake,7
technological,7
tion,6
groups,6
isotopes,6
organic,6
total,6
either,6
long,6
robert,6
prior,6
logical,6
leached,6
david,6
even,6
eight,6
parts,6
creek,6
show,6
generally,6
flame,6
missouri,6
narrow,6
meet,6
work,6
significantly,6
systematic,6
arkansas,6
least,6
correct,6
suggest,6
smithsonian,6
reported,6
bulletin,6
pot,6
therefore,6
tery,6
make,6
southeast,6
department,6
adjacent,6
present,6
ethnology,6
adi,6
sequence,6
office,6
individual,6
features,6
bureau,6
lines,6
overlap,6
wheeler,6
griffin,6
dat,6
lumines,6
particular,6
years,6
quartz,6
uncertainty,6
calibrated,5
necessarily,5
archaeologists,5
wrong,5
differences,5
context,5
measuring,5
very,5
andrew,5
que,5
against,5
expected,5
kind,5
amount,5
rafferty,5
r,5
nescence,5
space,5
means,5
prehistory,5
otherwise,5
northeastern,5
michael,5
upper,5
uranium,5
appearance,5
intensity,5
energy,5
near,5
line,5
related,5
lumi,5
employed,5
correction,5
presence,5
f,5
he,5
stratigraphy,5
direction,5
specimens,5
included,5
others,5
gives,5
divided,5
values,5
significant,5
roberts,5
low,5
co,5
collected,5
problems,5
chrono,5
copena,5
itself,5
contained,5
following,5
measurements,5
known,5
quaternary,5
current,5
spatial,5
conclusion,5
pre,5
com,5
question,5
layers,5
similarity,5
vary,5
gainesville,5
counts,5
strong,5
occur,5
final,4
difficult,4
cent,4
determine,4
e,4
judged,4
excavation,4
pickwick,4
consistent,4
archae,4
taken,4
dejarnette,4
parameters,4
estimation,4
appendix,4
leaching,4
evaluation,4
cerdmica,4
east,4
account,4
determined,4
outlying,4
evan,4
except,4
along,4
measurement,4
throughout,4
relationships,4
component,4
assumes,4
janet,4
guntersville,4
sed,4
averaging,4
disks,4
york,4
main,4
determining,4
county,4
drainage,4
grains,4
calendar,4
independent,4
appear,4
six,4
typical,4
midden,4
ceram,4
ogy,4
further,4
equal,4
reviews,4
burial,4
appears,4
possibility,4
distinguish,4
revealed,4
los,4
example,4
literature,4
during,4
errors,4
del,4
ferson,4
order,4
heat,4
sufficient,4
norris,4
optical,4
always,4
up,4
value,4
chains,4
curves,4
synthesis,4
mea,4
nessee,4
soon,4
exposure,4
fill,4
again,4
seconds,4
fact,4
appeared,4
really,4
gray,4
conclusions,4
secular,4
itawamba,4
assemblage,4
understanding,4
warrior,4
top,4
largely,4
assumption,4
processes,4
national,4
sensitivity,4
times,4
black,4
feldspar,4
become,4
ann,4
sig,4
structure,4
v,4
lamothe,4
jef,4
provide,4
insufficient,4
tive,4
united,4
considered,4
temporal,4
column,4
removed,4
cm,4
ratio,4
sorted,4
better,4
mixing,4
making,4
produce,4
suggests,4
size,4
tried,4
transition,4
potential,4
carbon,4
morse,4
miller,3
considerably,3
introduction,3
minutes,3
manufac,3
formed,3
true,3
studies,3
decade,3
sequential,3
contexts,3
par,3
file,3
fitted,3
certainly,3
jackson,3
give,3
dunnell,3
youngest,3
experiments,3
advantage,3
wilder,3
able,3
nal,3
ity,3
contents,3
system,3
addresses,3
say,3
pairs,3
exposed,3
ranked,3
accuracy,3
dotted,3
accounted,3
unpublished,3
ern,3
occurs,3
price,3
clay,3
archaeol,3
plotting,3
ally,3
y,3
geological,3
application,3
spread,3
general,3
ment,3
distribution,3
without,3
ingomar,3
tract,3
across,3
en,3
mean,3
irra,3
assuming,3
kneberg,3
missis,3
park,3
occupational,3
n,3
numbers,3
too,3
solid,3
commonly,3
recovered,3
additional,3
notions,3
requires,3
seriated,3
methodology,3
result,3
p,3
seven,3
seriations,3
term,3
evaluate,3
academic,3
pro,3
gamma,3
versity,3
produced,3
younger,3
ther,3
crushed,3
nine,3
unless,3
description,3
place,3
issues,3
surrounding,3
sampled,3
approach,3
earth,3
radioactiv,3
stimulated,3
quite,3
arbitrary,3
brought,3
research,3
distinguished,3
lewis,3
polymineral,3
pa,3
paul,3
tombigbee,3
optically,3
units,3
calibration,3
fell,3
sitional,3
pered,3
exception,3
still,3
olley,3
under,3
neither,3
northwest,3
nat,3
broad,3
double,3
coosa,3
resolution,3
decoration,3
technique,3
attrib,3
shows,3
contemporary,3
man,3
coahoma,3
see,3
perhaps,3
remove,3
analyzed,3
ence,3
chronologies,3
deposits,3
previously,3
described,3
clear,3
amounts,3
uni,3
stimulation,3
ural,3
discarded,3
sedi,3
occupa,3
effect,3
slide,3
ology,3
bulk,3
tech,3
begin,3
primarily,3
deposit,3
determination,3
deposited,3
tractpa,3
comparison,3
throw,3
ples,3
theory,3
detect,3
phillips,3
set,3
mis,3
know,3
sure,3
welch,3
variable,3
ics,3
far,3
equilibrium,3
type,3
evident,3
ones,3
manufactures,3
wintle,3
secure,3
aver,3
conference,3
became,3
techniques,3
extended,3
iments,3
come,3
temperature,3
typically,3
need,3
sur,3
smaller,3
depo,3
attributes,3
rium,3
oldest,3
classification,3
charles,3
utes,3
themselves,3
shelland,3
dif,3
showed,3
resolve,2
ments,2
infrared,2
mostly,2
estimated,2
functional,2
desgrasante,2
manuscript,2
debris,2
counters,2
center,2
replaced,2
partially,2
stone,2
second,2
easily,2
trace,2
position,2
occurred,2
blaine,2
source,2
salvage,2
predominantly,2
sterile,2
deter,2
explaining,2
sources,2
originally,2
attempt,2
sub,2
nature,2
heirlooms,2
secondary,2
suggesting,2
reasons,2
feath,2
origin,2
producing,2
studied,2
inherent,2
sometime,2
ences,2
closer,2
state,2
murray,2
regression,2
somewhat,2
el,2
papers,2
similarities,2
depends,2
depending,2
primary,2
tunica,2
tivity,2
sippi,2
holocene,2
fitting,2
fad,2
bluff,2
functions,2
move,2
brated,2
submound,2
sent,2
fur,2
desirable,2
above,2
anomalously,2
corbett,2
human,2
reservoir,2
explained,2
difficulties,2
pilot,2
calculated,2
since,2
erable,2
relatively,2
concentrations,2
adopted,2
difficulty,2
barnett,2
ins,2
meyer,2
dence,2
old,2
cali,2
thermolumines,2
wares,2
radio,2
graphically,2
uncorrected,2
effective,2
thin,2
determinations,2
tral,2
weight,2
archaeologist,2
stephen,2
perfect,2
deviation,2
recognized,2
plotted,2
his,2
ml,2
filled,2
una,2
represented,2
parents,2
sandand,2
rank,2
selected,2
scattered,2
firing,2
reason,2
parentheses,2
occu,2
tho,2
ensure,2
sarah,2
boydston,2
sim,2
emission,2
prentiss,2
clearly,2
placed,2
reviewed,2
w,2
preconceived,2
influ,2
origins,2
ques,2
ful,2
dominant,2
bb,2
strategy,2
suggested,2
ian,2
dc,2
nebraska,2
greater,2
alphas,2
my,2
lead,2
pharr,2
transmission,2
ambiguity,2
deal,2
issue,2
mcgahey,2
amer,2
percentages,2
initial,2
ican,2
mate,2
boyd,2
analogous,2
applied,2
scale,2
record,2
mud,2
procedures,2
required,2
val,2
technical,2
presented,2
accounting,2
sity,2
bc,2
grained,2
reader,2
knowledge,2
apparent,2
sistence,2
contains,2
inclusions,2
falling,2
midwestern,2
rise,2
sutton,2
showing,2
feldspars,2
interpreted,2
good,2
statistically,2
lowest,2
reliable,2
around,2
soil,2
wider,2
highly,2
components,2
este,2
portions,2
yielded,2
annual,2
majority,2
lorenz,2
correspondence,2
repeat,2
notes,2
rest,2
gibbs,2
activities,2
preheat,2
ameri,2
reduced,2
minor,2
absence,2
identified,2
logically,2
located,2
depth,2
provenience,2
intrusions,2
released,2
brief,2
reduce,2
prove,2
sobre,2
movement,2
betas,2
niques,2
usu,2
yet,2
kindly,2
interpretation,2
museum,2
represents,2
makes,2
seeing,2
formally,2
selective,2
us,2
ancient,2
gy,2
falls,2
ams,2
indian,2
already,2
reviewer,2
regional,2
fairly,2
social,2
jon,2
useful,2
fin,2
pointed,2
archaeologi,2
release,2
diodes,2
ish,2
predominated,2
ble,2
layer,2
larger,2
end,2
distributions,2
discussed,2
chain,2
underscores,2
until,2
practice,2
paired,2
knoxville,2
frequency,2
distance,2
locations,2
evi,2
argues,2
thousands,2
ephemeral,2
radioactive,2
cahaba,2
archaeo,2
background,2
tipo,2
increase,2
sufficiently,2
radioac,2
submitted,2
willey,2
solis,2
previous,2
shelter,2
navajo,2
historic,2
michel,2
bayesian,2
points,2
taxonomic,2
dominated,2
christopher,2
characterized,2
tim,2
him,2
responses,2
inadequacies,2
shortly,2
accurate,2
thomas,2
peebles,2
latter,2
artificial,2
ture,2
migrants,2
especially,2
comparing,2
somehow,2
expo,2
zeroing,2
sug,2
slightly,2
anchored,2
jerry,2
cen,2
concluded,2
increasing,2
bon,2
relationship,2
applications,2
abundance,2
mixture,2
sometimes,2
antes,2
cn,2
parent,2
multi,2
trait,2
aitken,2
seen,2
ranges,2
grey,2
madeline,2
fall,2
bynum,2
eugene,2
endure,2
lar,2
get,2
aboriginal,2
consid,2
susan,2
ash,2
sissippi,2
stable,2
alone,2
addressed,2
detail,2
stratigraphic,2
rarely,2
occasional,2
rea,2
margaret,2
sorting,2
ensor,2
mentioned,2
version,2
must,2
extending,2
demonstrate,2
agents,2
mejdahl,2
log,2
continues,2
precise,2
prob,2
durations,2
minerals,2
repository,2
intellectual,2
control,2
tured,2
unknown,2
etal,2
expense,2
half,2
assignments,2
proportional,2
iii,2
plateaus,2
twelfth,2
historical,2
differed,2
stamped,2
placing,2
thompson,2
structed,2
advances,2
bien,2
cal,2
johnson,2
squares,2
form,2
list,2
ton,2
temporally,2
extent,2
fully,2
local,2
yield,2
information,2
almost,2
agreed,2
travel,2
little,2
erally,2
uniform,2
slopes,2
role,2
giving,2
jour,2
discussion,2
world,2
think,2
tions,2
argument,2
decrease,2
illinois,2
steam,2
washington,2
mode,2
sandor,2
integrated,2
gen,2
meeting,2
states,2
involving,2
typology,2
remains,2
increased,2
roughly,2
th,2
debate,2
calibrating,2
ferent,2
sciences,2
northwestern,2
comer,2
recent,2
jenk,2
building,2
daughter,2
built,2
derivations,2
chickasaw,1
frequent,1
go,1
bul,1
meth,1
archives,1
now,1
formulated,1
produces,1
lation,1
quotient,1
adrian,1
lem,1
alabamareports,1
surficial,1
declared,1
car,1
multiple,1
soluble,1
stylistic,1
meaning,1
dra,1
dictate,1
ineast,1
sonable,1
designated,1
separated,1
engendered,1
administered,1
affected,1
wa,1
environmental,1
kur,1
legitimate,1
presses,1
northeast,1
magnetic,1
measures,1
athermal,1
combine,1
originating,1
totally,1
shinn,1
daybreak,1
needed,1
measurable,1
complex,1
systematically,1
kinds,1
doses,1
rtifacts,1
slices,1
birmingham,1
tend,1
designed,1
maize,1
homogenation,1
oratory,1
handles,1
authority,1
summaries,1
ways,1
diation,1
completely,1
contend,1
bination,1
radica,1
modern,1
rence,1
undetected,1
collection,1
protection,1
cycles,1
filters,1
pose,1
unlike,1
laid,1
variants,1
croix,1
allu,1
uses,1
lowlands,1
regenera,1
track,1
ufacturing,1
prac,1
descriptions,1
gasya,1
contact,1
inventario,1
baker,1
experience,1
accumulation,1
nielson,1
anything,1
provenientes,1
ooooooo,1
permit,1
inaccu,1
lightly,1
lexington,1
every,1
revisited,1
defects,1
identifying,1
koike,1
localities,1
distinguishing,1
malady,1
porosity,1
entailed,1
ii,1
evolution,1
raphy,1
meters,1
implying,1
disturbance,1
bai,1
humans,1
ok,1
workabil,1
advanced,1
gin,1
transformational,1
containing,1
georgia,1
andtl,1
reach,1
shaped,1
prejudices,1
affinities,1
sup,1
stratigraphically,1
text,1
assess,1
rectangu,1
great,1
gradual,1
confirming,1
increas,1
accumulated,1
potentially,1
analyses,1
arises,1
follows,1
letin,1
reveal,1
concludes,1
proporcionan,1
overall,1
characterizing,1
room,1
argue,1
resulting,1
jrf,1
emit,1
underestimating,1
julie,1
consist,1
chickamauga,1
greatly,1
raised,1
classified,1
supplemented,1
heating,1
scenario,1
resents,1
alike,1
ambiguous,1
gm,1
ary,1
sheet,1
confused,1
tometry,1
sandier,1
extend,1
woodlands,1
side,1
est,1
previamente,1
preventing,1
nec,1
posibilidad,1
projectile,1
quilibrium,1
karoo,1
prone,1
weathered,1
matthew,1
reheated,1
masked,1
analytically,1
agriculture,1
draw,1
right,1
lim,1
originates,1
imately,1
jack,1
vol,1
suppress,1
steve,1
welcome,1
possible,1
ered,1
cre,1
approx,1
tracing,1
illustrate,1
geared,1
slight,1
judith,1
establishing,1
duces,1
solely,1
regenerated,1
city,1
community,1
smooth,1
point,1
conceptual,1
reflecting,1
consequent,1
ignores,1
timothy,1
cited,1
bottom,1
compo,1
undoubtedly,1
decreasing,1
sullivan,1
franken,1
dise,1
lars,1
plenty,1
eroded,1
sand,1
masks,1
behavior,1
cursory,1
localized,1
controlled,1
singled,1
funded,1
mid,1
fechas,1
goal,1
million,1
includes,1
peripheral,1
nuestro,1
lon,1
uate,1
southwestern,1
medio,1
curated,1
estimating,1
facts,1
immediate,1
quality,1
mm,1
contempo,1
inventar,1
cronologia,1
reset,1
helen,1
machine,1
confer,1
interest,1
reflection,1
radioisotopes,1
decided,1
objection,1
mating,1
associative,1
grouped,1
conducted,1
cf,1
ference,1
ray,1
assessment,1
media,1
intermingling,1
entire,1
century,1
cipher,1
ferty,1
nents,1
dis,1
thing,1
mixed,1
developments,1
heimlich,1
underlying,1
rejecting,1
quebec,1
back,1
encompass,1
highest,1
tishomingo,1
pho,1
houses,1
inclusion,1
suitable,1
compared,1
continuous,1
twice,1
criterion,1
accu,1
drawn,1
unresolved,1
look,1
jsj,1
details,1
apparently,1
diag,1
manufactura,1
hoya,1
aca,1
gest,1
letter,1
salt,1
shall,1
boxes,1
infinite,1
ron,1
ionizing,1
poorly,1
plant,1
typified,1
lyon,1
exponents,1
undisturbed,1
oj,1
lesser,1
drained,1
failed,1
ers,1
lian,1
steps,1
opposed,1
definitively,1
interesting,1
simultaneously,1
leys,1
cially,1
cana,1
adjunct,1
hopes,1
sured,1
exact,1
tar,1
purely,1
arising,1
developed,1
remain,1
edward,1
ply,1
ra,1
peacock,1
pies,1
unit,1
uw,1
dosimetry,1
levels,1
fair,1
coastal,1
midwest,1
process,1
highway,1
comparable,1
christine,1
me,1
environments,1
archaeolog,1
midcontinental,1
edwin,1
risk,1
persistent,1
estimates,1
archaeometry,1
certain,1
disintegrations,1
direct,1
plots,1
special,1
fluvial,1
ozarks,1
clayton,1
tree,1
danger,1
white,1
concha,1
burials,1
tance,1
emanate,1
ultimo,1
understand,1
shallower,1
acetone,1
proving,1
ijt,1
affect,1
ct,1
varios,1
drill,1
dichotomy,1
improvement,1
statistical,1
intertwined,1
section,1
loess,1
howreports,1
ibooooi,1
constrain,1
dominate,1
bruce,1
house,1
variabilidad,1
frequently,1
frag,1
iting,1
misconceptions,1
experienced,1
horizontally,1
delta,1
porary,1
resource,1
albuquerque,1
beyond,1
defines,1
depositions,1
decoupling,1
mix,1
utah,1
peabody,1
permanent,1
aumentara,1
acivil,1
guidance,1
roleof,1
daugh,1
enfocados,1
archaeomagnetic,1
coincide,1
mon,1
drawing,1
view,1
liana,1
strongest,1
yielding,1
response,1
leaps,1
standards,1
gregory,1
closely,1
sippian,1
acceptable,1
ditions,1
geoffrey,1
inten,1
comprises,1
introduce,1
cd,1
allow,1
tem,1
settlement,1
tural,1
rule,1
marion,1
begun,1
search,1
strength,1
hav,1
metodo,1
mur,1
struc,1
taining,1
effort,1
gj,1
reply,1
pass,1
relate,1
cronometricos,1
podamos,1
essarily,1
base,1
mined,1
inter,1
none,1
exceptions,1
fourth,1
ranking,1
neolithic,1
though,1
third,1
simulate,1
hacia,1
war,1
tools,1
recently,1
constraining,1
hutton,1
excellent,1
appearing,1
grounds,1
photomultiplier,1
ford,1
diate,1
counties,1
absolute,1
pleistocene,1
designations,1
vitaly,1
carbonates,1
acteristics,1
ods,1
plowzone,1
tially,1
todo,1
expensive,1
char,1
shape,1
bajas,1
having,1
future,1
raf,1
makers,1
adja,1
imme,1
intense,1
larity,1
isotope,1
received,1
ponents,1
ogous,1
mobilization,1
nificantly,1
carry,1
mediante,1
overturn,1
floodplain,1
concept,1
elude,1
london,1
edad,1
dou,1
proportions,1
calls,1
confined,1
additivedose,1
indigenous,1
southwest,1
patterning,1
aged,1
dove,1
knight,1
inde,1
ple,1
chicamauga,1
sta,1
q,1
describe,1
fit,1
consistently,1
demonstrates,1
reduces,1
beginnings,1
relevance,1
noted,1
overlying,1
forebear,1
zone,1
resis,1
somewhere,1
douglas,1
reflect,1
aplicacion,1
cordmarked,1
obtenidas,1
nor,1
stationary,1
manu,1
project,1
artifact,1
includ,1
week,1
bowman,1
noreports,1
gaineville,1
trends,1
carlos,1
lithics,1
attributed,1
weeks,1
vagn,1
interested,1
manipulation,1
regions,1
kentucky,1
pick,1
shifted,1
solution,1
mismo,1
normally,1
sense,1
sugieren,1
delproblema,1
field,1
below,1
retired,1
negligible,1
involve,1
steponaitis,1
coupled,1
cer,1
box,1
ues,1
unidos,1
ative,1
annealed,1
jeanette,1
behooves,1
ological,1
medvedev,1
signifies,1
missisissippian,1
birming,1
close,1
stemmed,1
applauding,1
underscoring,1
cernable,1
roundings,1
choose,1
interchange,1
routine,1
depression,1
june,1
despues,1
eliminando,1
inhabitants,1
australian,1
rences,1
decline,1
boundaries,1
villages,1
telling,1
methodological,1
ent,1
tracks,1
weiss,1
progress,1
reliabil,1
st,1
news,1
lyle,1
proper,1
roots,1
plausible,1
undergoing,1
limestoneand,1
appropriate,1
newly,1
preliminary,1
lincoln,1
mistovich,1
moved,1
imf,1
triangular,1
undesirable,1
reducing,1
lems,1
fiber,1
seemed,1
content,1
society,1
experimented,1
periods,1
contributes,1
morphology,1
critical,1
pertaining,1
vial,1
adjustable,1
ical,1
delineating,1
comment,1
matter,1
minimizes,1
voir,1
african,1
britain,1
indeed,1
proscribe,1
facture,1
service,1
ia,1
subject,1
geol,1
limited,1
play,1
accepting,1
nearly,1
chronol,1
oscar,1
object,1
estado,1
assum,1
geochronometria,1
indicates,1
comments,1
translates,1
initially,1
potassium,1
obtainable,1
southern,1
hitherto,1
ware,1
insert,1
correc,1
adapted,1
braided,1
sion,1
allsbrook,1
answering,1
demic,1
vicinity,1
percentage,1
ttlilttf,1
sitive,1
violate,1
ubiquity,1
accumulate,1
charlotte,1
reference,1
tinuous,1
read,1
cor,1
requiring,1
thought,1
acknowledgments,1
staller,1
ring,1
caveat,1
technology,1
limestonetempering,1
fifth,1
restricted,1
latitude,1
easing,1
samreports,1
perceived,1
parte,1
tain,1
bo,1
nounced,1
nielsen,1
presentan,1
initiation,1
orders,1
teiji,1
perspectives,1
performed,1
lacked,1
lll,1
formalized,1
cairo,1
dan,1
divisor,1
um,1
hay,1
statisti,1
illustrated,1
thickreports,1
reports,1
lynne,1
duller,1
begins,1
threereports,1
savannah,1
williams,1
krause,1
phyllis,1
ambiguities,1
concentrate,1
coker,1
nova,1
gestive,1
simulation,1
jjj,1
kurjack,1
nostic,1
resistance,1
yacimientos,1
suit,1
hidefumi,1
stronger,1
deposicion,1
relatedness,1
toward,1
underesti,1
deserves,1
similarly,1
hearths,1
shade,1
decorative,1
rel,1
added,1
lime,1
smith,1
radiations,1
accessi,1
frac,1
consideration,1
limit,1
treatment,1
fundamental,1
storing,1
blur,1
blocks,1
imizing,1
equador,1
rial,1
sonably,1
abstract,1
possi,1
governed,1
anthro,1
isolate,1
vernon,1
cision,1
demonstrating,1
loop,1
omitted,1
presente,1
estdn,1
descended,1
tempers,1
pattern,1
imperfect,1
zero,1
observes,1
undis,1
actu,1
removal,1
typological,1
bility,1
anthropologist,1
forms,1
reser,1
patterns,1
outside,1
oooooooooo,1
learn,1
procesos,1
imparting,1
free,1
manner,1
rapid,1
continuing,1
kazao,1
purposes,1
dorothy,1
accepted,1
florence,1
implausible,1
differentially,1
relevant,1
karl,1
pations,1
answer,1
strategies,1
vertical,1
tures,1
forth,1
necessary,1
excep,1
por,1
caitlin,1
assortment,1
hoecake,1
decorations,1
couple,1
tific,1
fecha,1
exceeds,1
cul,1
jj,1
style,1
ticularly,1
day,1
convenient,1
multidisciplinary,1
degree,1
yaroslav,1
calculation,1
original,1
demonstrated,1
acknowledgment,1
status,1
becomes,1
apt,1
exhibit,1
exploring,1
lap,1
haag,1
finish,1
theirs,1
underestimation,1
lost,1
examples,1
considering,1
treated,1
comprise,1
discovery,1
preferential,1
agri,1
upon,1
accompanying,1
espe,1
helps,1
cult,1
irradiations,1
sides,1
quan,1
predominates,1
manufactured,1
jvrh,1
contacts,1
judge,1
varying,1
pendent,1
outliers,1
unfortunately,1
persisted,1
iso,1
catherine,1
refers,1
factor,1
causes,1
glow,1
oosl,1
underestimates,1
questions,1
actual,1
variables,1
recovery,1
tual,1
marcos,1
individuals,1
multicomponent,1
examination,1
chosen,1
full,1
espen,1
coring,1
samuel,1
eleventh,1
variant,1
nevertheless,1
involves,1
tennesee,1
nuclear,1
sugges,1
downriver,1
rejected,1
trade,1
open,1
discovered,1
slip,1
fades,1
tional,1
increment,1
adding,1
comprehensive,1
publication,1
hampered,1
woodall,1
language,1
ilar,1
america,1
logic,1
counter,1
evalu,1
held,1
encrusted,1
rary,1
ulations,1
divisions,1
ri,1
started,1
like,1
wish,1
trampled,1
advan,1
homol,1
mexico,1
serves,1
sands,1
addi,1
disequilibria,1
attributing,1
improved,1
standard,1
abundant,1
provides,1
martin,1
construct,1
impidiendo,1
adecuada,1
ipated,1
frecuencias,1
random,1
edmund,1
trying,1
baytown,1
nicely,1
constructing,1
relation,1
diffi,1
land,1
fil,1
wise,1
orville,1
excluded,1
hi,1
availability,1
scotia,1
seriate,1
vide,1
estados,1
looks,1
dominance,1
protocols,1
disequilib,1
looked,1
copyright,1
qys,1
lang,1
figures,1
flatness,1
sampler,1
particles,1
organics,1
caution,1
mens,1
controversial,1
outright,1
andreas,1
unrelated,1
widely,1
sented,1
truly,1
separate,1
vincas,1
rarity,1
farm,1
oppo,1
enough,1
tempo,1
ascertained,1
consists,1
prehistorico,1
heartland,1
discussing,1
imply,1
aid,1
stems,1
chances,1
dominates,1
today,1
alex,1
raise,1
ularly,1
wisdom,1
she,1
lot,1
meets,1
tailed,1
regular,1
deposi,1
stream,1
linda,1
luminiscencia,1
investi,1
bound,1
program,1
pieces,1
reasonable,1
select,1
nical,1
widespread,1
aj,1
referred,1
who,1
sensitive,1
discounted,1
un,1
pop,1
detailed,1
xiiii,1
importantly,1
wilson,1
remaining,1
nological,1
periodo,1
indicate,1
eval,1
confuses,1
encrustations,1
settled,1
es,1
efficiency,1
giv,1
turbed,1
achieve,1
partic,1
frontier,1
tistical,1
posthole,1
centuries,1
donated,1
blinded,1
toshio,1
combines,1
ufacture,1
reassigned,1
employs,1
thick,1
areal,1
flo,1
middens,1
definitive,1
sara,1
plus,1
corning,1
cuestion,1
suf,1
anthropological,1
dorr,1
sampson,1
share,1
magnitude,1
conocimiento,1
suite,1
ters,1
trodden,1
comes,1
frecuencia,1
complexity,1
changing,1
preclude,1
peoples,1
staggered,1
hu,1
nip,1
hypothesized,1
characteristics,1
pace,1
ficient,1
satisfactory,1
constructed,1
separately,1
borrow,1
trappings,1
occurrences,1
terrestrial,1
enigma,1
lowing,1
alternative,1
ambi,1
huntley,1
troy,1
scien,1
defining,1
bridge,1
decays,1
clifford,1
nience,1
migration,1
attribute,1
global,1
tageous,1
setting,1
nent,1
sampling,1
seem,1
banerjee,1
lxj,1
smithson,1
cionales,1
tandem,1
conreports,1
intrusive,1
tity,1
domino,1
intrusion,1
domestic,1
minimized,1
post,1
foundation,1
sc,1
ar,1
ordered,1
berg,1
antiq,1
past,1
numerator,1
particu,1
february,1
options,1
kuzmin,1
subterranean,1
clarity,1
beginning,1
rep,1
nificant,1
according,1
overestimating,1
mulvihill,1
unlikely,1
antic,1
artifac,1
kunelius,1
carthage,1
evenreports,1
subsam,1
carefully,1
sissippian,1
combined,1
rose,1
cooking,1
references,1
met,1
want,1
cause,1
quencies,1
temperatures,1
allowance,1
min,1
calculations,1
pler,1
forma,1
espenshade,1
univer,1
pursued,1
require,1
orientations,1
oo,1
ori,1
don,1
radiocar,1
emphasis,1
translated,1
varieties,1
solver,1
emergent,1
dian,1
pation,1
circumstances,1
inaccuracies,1
amongreports,1
potters,1
marked,1
ruled,1
refinement,1
introduced,1
complexes,1
deasonville,1
atmospheric,1
confirm,1
dunklin,1
press,1
disintegra,1
unrealistic,1
spanishreports,1
activity,1
lies,1
metodos,1
simply,1
deviate,1
target,1
lab,1
underestimate,1
mitigation,1
battle,1
diverged,1
gated,1
pogenic,1
terminal,1
relates,1
crystalline,1
propose,1
surement,1
preponderate,1
coles,1
guity,1
fred,1
homologous,1
ure,1
tell,1
hiroko,1
bear,1
rn,1
reaction,1
sedimentary,1
plowing,1
finding,1
protohistoric,1
tempera,1
frame,1
slope,1
nell,1
aware,1
newsletter,1
burnt,1
brady,1
stratig,1
mihara,1
operational,1
ios,1
correlated,1
define,1
usa,1
hunter,1
canadian,1
ll,1
upriver,1
integration,1
arti,1
off,1
atthe,1
association,1
speak,1
effec,1
ranged,1
summary,1
needs,1
offered,1
observation,1
llobera,1
vessel,1
besides,1
ated,1
deciding,1
imprecise,1
tradi,1
distinctions,1
ninth,1
certainty,1
drying,1
compounded,1
indicating,1
fol,1
hiwassee,1
systematics,1
gordon,1
charged,1
ham,1
geographical,1
bessimer,1
era,1
jason,1
x,1
deposition,1
substantial,1
fre,1
gar,1
plexity,1
caracteristicos,1
matic,1
vagaries,1
uity,1
reconciling,1
re,1
focus,1
duration,1
discov,1
immediately,1
avoid,1
lu,1
observed,1
unequivocal,1
speci,1
simi,1
successive,1
minations,1
conclu,1
geoarchaeology,1
ca,1
signals,1
suppresses,1
termed,1
uncertain,1
sen,1
stoltman,1
contem,1
tube,1
hypothesis,1
