WORDCOUNTS,WEIGHT
the,357
of,328
and,270
in,180
a,107
to,106
that,76
material,76
local,67
is,62
are,62
for,60
nonlocal,59
raw,59
on,59
at,52
from,51
paleolithic,48
sector,47
by,45
middle,44
core,42
lithic,40
have,40
these,39
flakes,37
i,37
blanks,35
as,35
this,35
other,34
tools,34
site,33
n,33
were,33
reduction,31
with,30
tool,30
not,29
de,29
materials,28
assemblage,28
transport,28
more,27
pp,26
than,26
american,25
edited,25
flake,24
university,24
data,24
use,24
l,23
was,23
no,23
bas,23
variability,22
or,22
dibble,22
assemblages,21
antiquity,21
blank,21
la,21
some,20
it,19
been,19
h,19
cortical,19
may,18
although,18
imported,17
larger,17
be,17
average,17
size,16
types,15
surface,15
all,15
flint,15
both,15
et,15
which,15
an,15
between,15
retouched,15
they,14
their,14
length,14
complete,14
lower,14
m,14
p,14
new,14
procurement,14
archaeological,14
scrapers,13
pieces,13
j,13
s,13
cores,13
because,13
large,13
those,13
technological,13
ii,12
selection,12
most,12
sources,12
also,12
cortex,12
d,12
unretouched,11
studies,11
levallois,11
typological,11
would,11
philadelphia,10
mean,10
mobility,10
ratio,10
noncortical,10
al,10
but,10
show,10
production,10
museum,10
selected,10
less,10
has,10
distance,10
sites,10
made,10
table,10
area,10
patterns,10
even,10
figure,9
en,9
levels,9
e,9
group,9
factors,9
into,9
upper,9
many,9
prehistoric,9
research,9
intensity,9
against,9
transported,9
we,9
suggest,9
higher,8
source,8
exploitation,8
differences,8
do,8
during,8
world,8
used,8
du,8
availability,8
weight,8
o,7
plotted,7
overall,7
vol,7
certain,7
stone,7
prehistory,7
vs,7
same,7
journal,7
based,7
rolland,7
sd,7
el,7
combecapelle,7
del,7
significantly,7
significant,7
platform,7
such,7
effects,7
archaeology,7
sectors,7
kuhn,7
among,7
will,6
interpretation,6
dimensions,6
represented,6
similar,6
terms,6
lawrence,6
often,6
analysis,6
percentage,6
series,6
only,6
percent,6
cv,6
anthropology,6
available,6
where,6
particular,6
publications,6
number,6
original,6
when,6
r,6
los,6
region,6
x,6
related,6
chosen,6
smaller,6
characteristics,6
effect,6
can,6
economies,6
df,6
primary,6
recent,6
major,6
reduced,5
groups,5
model,5
b,5
southern,5
one,5
class,5
anthropological,5
experimental,5
partly,5
comparison,5
two,5
lenoir,5
organization,5
au,5
mobile,5
if,5
over,5
greater,5
different,5
longer,5
could,5
there,5
increases,5
what,5
case,5
while,5
degree,5
suggests,5
denticulates,5
apparent,5
its,5
mousterian,5
being,5
relationships,5
shown,5
several,5
influence,5
few,5
criterion,5
therefore,4
para,4
abundance,4
western,4
provide,4
naturally,4
represent,4
basic,4
order,4
primarily,4
rather,4
seen,4
des,4
trench,4
direct,4
backed,4
life,4
changes,4
relationship,4
distinct,4
toolkits,4
technology,4
marks,4
any,4
campanian,4
flints,4
department,4
recovered,4
t,4
every,4
his,4
important,4
henry,4
analyses,4
resulting,4
occupation,4
central,4
distribution,4
criteria,4
remains,4
well,4
influenced,4
basis,4
possible,4
categories,4
true,4
classes,4
part,4
through,4
thickness,4
technologies,4
previously,4
common,4
amick,4
virtually,4
blade,4
thus,4
reflect,4
differential,4
decrease,4
national,4
g,4
level,4
scraper,4
distances,4
underlying,4
each,4
amount,4
ratios,4
c,4
compared,4
generally,4
apparently,4
y,4
here,4
geneste,4
evidence,4
matieres,4
function,4
activities,4
f,3
morphology,3
debitage,3
implications,3
science,3
wisconsin,3
variety,3
un,3
still,3
sobre,3
opportunity,3
efficiency,3
tend,3
roth,3
approaches,3
support,3
morrow,3
influencing,3
meignen,3
locally,3
comparisons,3
excavation,3
intensive,3
just,3
notches,3
restricted,3
given,3
increasingly,3
exploited,3
consistent,3
published,3
symposium,3
preferentially,3
toward,3
others,3
mass,3
definition,3
fact,3
shows,3
lack,3
our,3
great,3
exotic,3
time,3
very,3
associated,3
making,3
pattern,3
recherche,3
quarry,3
took,3
paris,3
though,3
within,3
moyen,3
them,3
recently,3
population,3
strategies,3
mundo,3
seasonal,3
method,3
centre,3
argued,3
rozen,3
design,3
artifacts,3
see,3
spite,3
behavior,3
questions,3
moved,3
preparation,3
component,3
artifact,3
quality,3
clear,3
sample,3
three,3
munday,3
relatively,3
general,3
least,3
cultural,3
type,3
high,3
france,3
conjuntos,3
cases,3
abundant,3
provides,3
old,3
este,3
holds,3
levantine,3
left,3
resharpening,3
excluded,3
compare,3
way,3
including,3
slightly,3
results,3
relative,3
premieres,3
industries,2
barbara,2
grimaldi,2
immediately,2
oxford,2
aborigines,2
nodule,2
situation,2
exhibit,2
reflects,2
perspectives,2
independent,2
les,2
determine,2
usually,2
next,2
functional,2
israel,2
exception,2
international,2
bifacial,2
examined,2
curation,2
utility,2
make,2
proportion,2
per,2
remaining,2
assuming,2
k,2
formation,2
designed,2
much,2
control,2
quina,2
addressing,2
measured,2
reason,2
lives,2
represents,2
weights,2
belgium,2
jersey,2
necessarily,2
mauldin,2
occurred,2
heavy,2
freeman,2
constant,2
synthesis,2
limestone,2
included,2
noted,2
paleolithique,2
roebroeks,2
include,2
long,2
perhaps,2
north,2
french,2
dunn,2
know,2
conflict,2
width,2
appear,2
europe,2
trimmed,2
nature,2
manufacture,2
closely,2
consideration,2
datos,2
gone,2
stratigraphically,2
areas,2
broken,2
across,2
found,2
dans,2
half,2
retouch,2
outcrops,2
isolate,2
clearly,2
transporting,2
sole,2
variation,2
considerable,2
las,2
u,2
base,2
bar,2
fragments,2
better,2
indicate,2
following,2
influences,2
v,2
present,2
according,2
focused,2
intersite,2
technologique,2
unique,2
papers,2
appears,2
study,2
produced,2
form,2
ones,2
ifticos,2
however,2
iii,2
absolute,2
missouri,2
theory,2
balanced,2
foundation,2
palkolithique,2
shape,2
directly,2
account,2
demonstrated,2
differ,2
line,2
probably,2
measures,2
planning,2
intent,2
materia,2
varieties,2
makeup,2
range,2
bassin,2
insights,2
resources,2
increase,2
role,2
comportement,2
object,2
undoubtedly,2
measure,2
experiments,2
place,2
harold,2
climatic,2
sequence,2
relevance,2
representation,2
point,2
regarding,2
specifically,2
variables,2
recovery,2
holen,2
strong,2
retouching,2
throughout,2
que,2
temas,2
models,2
expect,2
curated,2
low,2
difference,2
received,2
since,2
initial,2
superieur,2
conditions,2
holdaway,2
medio,2
maintenance,2
change,2
excavated,2
correlated,2
grouped,2
period,2
sur,2
curve,2
z,2
proximity,2
after,2
bamforth,2
latter,2
increased,2
limited,2
small,2
embedded,2
proximal,2
concerning,2
specific,2
potential,2
highly,2
formal,2
response,2
single,2
become,2
relation,2
smooth,2
shott,2
examine,2
chicago,2
impossible,2
jordan,2
approach,2
little,2
look,2
using,2
paleolltico,2
about,2
alternative,2
british,2
up,2
sitio,2
attention,2
close,2
occur,2
virginia,2
separate,2
increasing,1
rockshelter,1
affords,1
european,1
km,1
carried,1
bigger,1
does,1
usage,1
donations,1
now,1
undergraduate,1
interesting,1
led,1
partially,1
rate,1
units,1
done,1
york,1
visits,1
typologie,1
descriptions,1
investigated,1
analistas,1
anticipation,1
transverse,1
predicted,1
continued,1
etudes,1
dm,1
thicker,1
statements,1
subjected,1
analyse,1
responder,1
stylistic,1
meaning,1
variable,1
five,1
refit,1
ways,1
brive,1
arqujologos,1
short,1
developed,1
mb,1
correlations,1
located,1
ministry,1
remain,1
investigaciones,1
nuestros,1
allometric,1
bordian,1
nodules,1
affected,1
randomly,1
vertical,1
influyeron,1
lines,1
europiene,1
episodes,1
resulted,1
radius,1
exhausted,1
bulletin,1
predict,1
subsistence,1
precluded,1
lost,1
una,1
completely,1
accepted,1
whatever,1
view,1
facts,1
paleoenvironments,1
fouilles,1
team,1
curvilinear,1
nuevo,1
manuscript,1
circumstance,1
changed,1
determination,1
gallagher,1
test,1
ex,1
lithicroth,1
se,1
becoming,1
entre,1
settlements,1
lithiques,1
complex,1
exemple,1
replaced,1
he,1
hold,1
worlds,1
dimensional,1
responsible,1
tree,1
vicinity,1
remarks,1
diminishes,1
existed,1
procuring,1
opportunistic,1
arbor,1
reexcavated,1
notched,1
values,1
formed,1
famous,1
settlement,1
bucy,1
proportionally,1
land,1
modification,1
llige,1
sets,1
localiza,1
reasons,1
fair,1
application,1
di,1
recherches,1
articulo,1
oldowan,1
denticulated,1
litica,1
traveled,1
gathered,1
acknowledgments,1
plus,1
forest,1
porque,1
require,1
waste,1
kelly,1
pattems,1
collection,1
cliff,1
alone,1
aquitaine,1
detail,1
classification,1
nacional,1
sontz,1
needed,1
finegrained,1
arguments,1
immediate,1
selon,1
educacion,1
graphs,1
archaic,1
gould,1
stratigraphic,1
prehistorians,1
biface,1
une,1
percentages,1
presumably,1
light,1
under,1
conclusions,1
growing,1
newcomer,1
bordeaux,1
performed,1
considered,1
intervals,1
cahiers,1
ethnographic,1
epipaleolithic,1
humanities,1
complexity,1
exposure,1
observations,1
typologically,1
largest,1
without,1
turning,1
must,1
age,1
illustrated,1
toth,1
combe,1
simply,1
har,1
geographic,1
ever,1
prehistoire,1
prima,1
patination,1
gather,1
aporta,1
magdaleniens,1
exploit,1
consciously,1
archaeologists,1
follow,1
hypothetical,1
beyond,1
objects,1
efficient,1
cattin,1
envergadura,1
inference,1
problems,1
temporal,1
separately,1
global,1
paradigms,1
cost,1
patterning,1
eigg,1
reach,1
observed,1
funding,1
descendants,1
plenum,1
useful,1
turn,1
gran,1
pleistocene,1
continues,1
cube,1
enfoque,1
later,1
taken,1
meters,1
presentamos,1
mousturiennes,1
defining,1
binford,1
dimension,1
detailedroth,1
indirectly,1
usefulness,1
viejo,1
identified,1
highquality,1
estos,1
couches,1
sido,1
addition,1
ei,1
cm,1
had,1
paper,1
zilhdo,1
arrived,1
did,1
problem,1
inherently,1
methodist,1
acceptable,1
uses,1
contained,1
identifying,1
recientemente,1
basalt,1
meet,1
seem,1
overwhelming,1
wide,1
aquitain,1
altering,1
best,1
unknown,1
ubiquitous,1
occurrence,1
down,1
cumulative,1
lessen,1
occupations,1
six,1
epigravettian,1
quantified,1
advantage,1
argue,1
begun,1
constuctio,1
called,1
sullivan,1
circulation,1
typical,1
striking,1
current,1
emphasis,1
full,1
potentially,1
choice,1
then,1
normative,1
enable,1
agrees,1
bierwirth,1
together,1
out,1
habitat,1
descubrimientos,1
reply,1
knapper,1
australian,1
concludes,1
proporcionan,1
composition,1
characterizing,1
approche,1
advantages,1
contemporary,1
distant,1
generalized,1
ami,1
review,1
find,1
comportmentales,1
help,1
past,1
man,1
assessment,1
olszewski,1
warwasi,1
absolutely,1
quantitative,1
covers,1
last,1
morphological,1
faceting,1
evident,1
august,1
state,1
fits,1
further,1
ancien,1
hand,1
greatly,1
beginning,1
movements,1
id,1
shatter,1
coarsely,1
access,1
incluyen,1
maintainability,1
decreased,1
trouble,1
due,1
somewhat,1
vary,1
road,1
select,1
economy,1
studying,1
paljolithique,1
excavationdatu,1
investigation,1
oregon,1
combined,1
similarities,1
system,1
turq,1
references,1
montetwhite,1
documenting,1
independently,1
origen,1
pertinent,1
nearby,1
add,1
conclusion,1
plains,1
handaxe,1
projectile,1
rounds,1
bias,1
lengths,1
interval,1
debate,1
como,1
av,1
canalettes,1
princeton,1
silex,1
oportunidad,1
encountered,1
sides,1
america,1
tebiwa,1
todo,1
w,1
aspects,1
slows,1
lithique,1
stages,1
upslope,1
calidad,1
remove,1
retain,1
interpreting,1
almost,1
products,1
representations,1
second,1
artefacts,1
assess,1
opened,1
distinctiveness,1
proporciona,1
perigord,1
implies,1
iftica,1
degrees,1
understanding,1
pointed,1
simple,1
disponsibilidad,1
peoples,1
afforded,1
work,1
slight,1
neandertal,1
rocks,1
examples,1
april,1
deux,1
researchers,1
move,1
advantageous,1
presented,1
technicalroth,1
preferred,1
information,1
fortuitous,1
usando,1
spanish,1
unica,1
coarser,1
essai,1
likely,1
dordogne,1
cl,1
deposits,1
affecting,1
far,1
tributary,1
extending,1
ultimate,1
example,1
francia,1
proportions,1
courses,1
desirable,1
kozlowski,1
along,1
finding,1
apell,1
decreasing,1
abandoned,1
top,1
ecology,1
lies,1
humains,1
host,1
cvs,1
paljo,1
territory,1
whole,1
travels,1
private,1
contribute,1
fit,1
consistently,1
ieeeeeeeeeeeeeeeeeeeeeeeeeee,1
database,1
grenal,1
interis,1
assumption,1
focus,1
substantially,1
who,1
discussion,1
factor,1
space,1
eeeeegee,1
farther,1
contains,1
framework,1
allows,1
isolated,1
debut,1
linked,1
repeatedly,1
purposefully,1
hombre,1
investigating,1
details,1
frequencies,1
movilidad,1
identical,1
madrid,1
resource,1
individuals,1
examination,1
analysts,1
unpublished,1
correct,1
proceeds,1
focuses,1
comments,1
previous,1
away,1
basin,1
moderate,1
raccord,1
southwestern,1
convergent,1
universidad,1
showing,1
couze,1
differentiation,1
ann,1
interpreted,1
labri,1
known,1
rensink,1
ig,1
pennsylvania,1
assembly,1
tex,1
concernientes,1
functions,1
lithics,1
attributed,1
visited,1
targeted,1
modem,1
mantenimiento,1
nonlinear,1
flaking,1
agreement,1
points,1
grupo,1
dynamic,1
interest,1
cautions,1
staple,1
preguntas,1
good,1
characteristic,1
co,1
statistically,1
held,1
contributed,1
instead,1
times,1
te,1
divisions,1
typically,1
australia,1
occurs,1
piece,1
conducted,1
excavado,1
tucson,1
need,1
spread,1
diminish,1
allometry,1
gramly,1
active,1
cabrera,1
suroeste,1
straight,1
heavier,1
texas,1
coupled,1
sociutj,1
expected,1
grands,1
maximize,1
kind,1
defined,1
le,1
idaho,1
probable,1
achievements,1
ahler,1
sustain,1
toolmaking,1
nelson,1
predictions,1
extremely,1
california,1
adequately,1
uso,1
association,1
late,1
clark,1
comprueban,1
repeated,1
desert,1
tionship,1
pedernal,1
ver,1
especially,1
supported,1
enough,1
stahl,1
coefficient,1
ha,1
taking,1
efectos,1
removals,1
unambiguously,1
paleoindian,1
columbia,1
industry,1
tation,1
viewpoint,1
clarify,1
mousturien,1
presence,1
prihistorique,1
compromise,1
excavaed,1
themselves,1
february,1
emphasized,1
tanto,1
distinguished,1
alluvial,1
topics,1
seems,1
tistically,1
yielded,1
sits,1
recognized,1
early,1
phd,1
revised,1
maximum,1
drawn,1
working,1
terrace,1
valley,1
field,1
recientes,1
ham,1
quaternaire,1
herramientas,1
excludedroth,1
causses,1
copyright,1
tworoth,1
critique,1
pa,1
cf,1
figures,1
why,1
counts,1
unaffuente,1
systemes,1
beca,1
nontransported,1
tendency,1
joint,1
classified,1
provided,1
rodgers,1
ca,1
helinium,1
sectorsg,1
groupes,1
postulate,1
cited,1
differentiel,1
arizona,1
looking,1
society,1
moderno,1
