WORDCOUNTS,WEIGHT
the,478
of,343
and,251
age,186
a,154
in,151
to,149
is,109
x,102
that,73
for,73
be,58
are,57
as,56
on,56
m,54
this,52
from,49
it,44
r,43
at,40
methods,39
with,38
skeletal,37
american,35
which,35
estimation,34
have,34
by,32
journal,31
c,31
used,29
w,27
method,27
al,27
not,27
known,27
dental,27
de,26
an,26
using,26
can,25
et,24
t,23
probability,23
bayesian,23
we,23
adult,22
figure,22
regression,21
but,21
la,21
anthropology,21
s,20
some,20
than,20
aging,20
years,20
physical,20
has,19
estimate,19
archaeological,19
points,18
between,18
based,17
data,17
or,17
been,17
human,16
individuals,16
d,16
forensic,15
y,15
may,15
mean,15
these,15
death,15
individual,15
distribution,15
no,14
estimates,14
was,14
more,14
estimated,13
correlation,13
indicators,13
pp,13
same,13
confidence,12
all,12
there,12
such,12
g,12
bone,12
calibration,12
edited,12
also,12
use,12
better,12
changes,11
problem,11
work,11
edad,11
populations,11
techniques,11
ages,11
antiquity,11
analysis,11
each,11
both,11
e,10
total,10
j,10
xx,10
posterior,10
error,10
determination,10
rib,10
most,10
population,10
will,10
here,10
score,10
if,9
give,9
que,9
calculated,9
young,9
because,9
older,9
approach,9
biological,9
skeletons,9
many,9
systematic,9
shown,9
i,9
associated,9
table,9
given,9
observed,9
they,8
into,8
other,8
case,8
prior,8
against,8
one,8
pubic,8
cases,8
plotted,8
l,8
approaches,8
b,8
their,8
university,8
p,8
when,8
classical,8
were,8
described,8
often,8
v,8
any,8
different,8
particular,8
interval,8
lovejoy,7
h,7
palaeobiologists,7
suchey,7
procedure,7
el,7
point,7
sample,7
similar,7
k,7
line,7
its,7
gustafson,7
indicator,7
shows,7
material,7
number,7
width,7
range,7
sutures,7
percent,7
variable,7
set,7
equation,7
histological,7
very,7
observations,7
o,6
true,6
bias,6
being,6
pubis,6
overall,6
those,6
estimating,6
since,6
dentine,6
predicted,6
skeleton,6
density,6
further,6
errors,6
technique,6
relationship,6
about,6
reference,6
department,6
only,6
new,6
likelihood,6
where,6
original,6
residual,6
considered,6
difference,6
illinois,6
although,6
evidence,6
coefficient,6
sciences,6
rate,5
spitalfields,5
pollard,5
anthropologists,5
possible,5
development,5
function,5
acid,5
developed,5
en,5
n,5
show,5
absolute,5
plot,5
information,5
results,5
noted,5
end,5
do,5
loth,5
trend,5
three,5
ribs,5
science,5
markers,5
life,5
wear,5
particularly,5
assessment,5
what,5
terms,5
suggests,5
our,5
average,5
morphological,5
defined,5
remains,5
summary,5
charles,5
assumed,5
root,5
much,5
large,4
radiographic,4
linear,4
dataset,4
taking,4
combination,4
application,4
old,4
indicadores,4
york,4
study,4
tooth,4
statistical,4
beyond,4
generally,4
methodology,4
ranges,4
could,4
out,4
scale,4
procedures,4
produce,4
structure,4
los,4
example,4
related,4
test,4
q,4
statistics,4
iscan,4
several,4
research,4
os,4
dependent,4
theorem,4
female,4
deviation,4
represents,4
two,4
useful,4
sternal,4
mckern,4
teeth,4
less,4
saunders,4
made,4
would,4
accurate,4
problems,4
widely,4
para,4
independent,4
usually,4
male,4
then,4
precise,4
best,4
unknown,4
through,4
conventional,4
allows,4
smaller,4
samples,3
libben,3
considerably,3
mad,3
necessarily,3
various,3
implications,3
taken,3
england,3
devised,3
murray,3
british,3
heron,3
inverse,3
discrepancies,3
collection,3
central,3
accuracy,3
due,3
relatively,3
osteoarthritis,3
century,3
pelvis,3
systematically,3
continuous,3
higher,3
identification,3
how,3
una,3
walker,3
adults,3
factors,3
coefficients,3
profile,3
situations,3
commonly,3
stewart,3
surface,3
greater,3
result,3
attrition,3
appears,3
cannot,3
younger,3
wide,3
london,3
molleson,3
normally,3
hard,3
suggest,3
tested,3
archaeology,3
always,3
degeneration,3
auricular,3
society,3
therefore,3
reduce,3
above,3
interpretation,3
museum,3
outlined,3
published,3
eruption,3
demographic,3
areas,3
variation,3
symphyseal,3
accepted,3
see,3
necessary,3
time,3
gives,3
explicitly,3
significant,3
ethnic,3
clear,3
authors,3
david,3
revised,3
amino,3
macroscopic,3
figures,3
tendency,3
concluded,3
carried,3
reliable,3
bayes,3
un,3
seen,3
sections,3
biology,3
ll,3
over,3
cemetery,3
report,3
bones,3
historical,3
las,3
them,3
converting,3
almost,3
vertebral,3
ohio,3
pecos,3
subject,3
edades,3
course,3
area,3
profiles,3
should,3
epiphyseal,3
symphysis,3
generated,2
groups,2
correlations,2
distributed,2
expect,2
prediction,2
todd,2
tend,2
likely,2
completely,2
easily,2
modern,2
considerations,2
excavation,2
before,2
descriptions,2
contexts,2
certainly,2
might,2
fragmentary,2
archaeologically,2
secondary,2
simple,2
differences,2
blind,2
convertir,2
studied,2
lucy,2
real,2
analyst,2
last,2
typical,2
normal,2
somewhat,2
clavicle,2
narrower,2
recorded,2
account,2
racemisation,2
illustrate,2
ramm,2
variations,2
except,2
realistic,2
apply,2
review,2
quality,2
reproduced,2
occurs,2
menor,2
fig,2
body,2
six,2
determinations,2
explore,2
pueblo,2
vice,2
rates,2
collagen,2
estimada,2
rather,2
performance,2
obtained,2
explicit,2
survives,2
determining,2
stout,2
se,2
parts,2
white,2
slope,2
means,2
biased,2
expectancy,2
elsewhere,2
numbers,2
listed,2
shorter,2
bedford,2
conditional,2
solheim,2
view,2
appear,2
osteological,2
had,2
prehistoric,2
posible,2
metodo,2
ubelaker,2
discrete,2
whittaker,2
deal,2
racemization,2
personas,2
initial,2
representative,2
fourth,2
equally,2
fusion,2
hacia,2
burial,2
biases,2
applied,2
directly,2
none,2
basis,2
belonging,2
received,2
part,2
su,2
juveniles,2
aged,2
during,2
graph,2
good,2
change,2
least,2
start,2
around,2
small,2
few,2
manchester,2
demnostramos,2
value,2
knowledge,2
aiello,2
puede,2
forward,2
converted,2
still,2
estimations,2
surviving,2
comments,2
buck,2
percentage,2
once,2
calculate,2
adultos,2
sex,2
us,2
muerte,2
illustrated,2
simulation,2
multifactorial,2
mark,2
academy,2
performs,2
towards,2
fact,2
considerable,2
aspartic,2
mcis,2
perhaps,2
como,2
process,2
gillard,2
microscopic,2
underestimation,2
treated,2
values,2
including,2
versa,2
ageing,2
cranial,2
assumption,2
virtually,2
assume,2
assign,2
iliac,2
variables,2
intercostal,2
involves,2
roberts,2
low,2
significance,2
femur,2
visualization,2
health,2
workers,2
so,2
features,2
stages,2
effect,2
probably,2
differ,2
joint,2
separate,2
periodontal,2
ranging,2
tests,2
assigned,2
provide,2
paleodemographic,2
who,2
respect,2
types,2
addressed,2
anthropological,2
rarely,2
series,2
consider,2
must,2
simply,2
alternative,2
katz,2
current,2
rely,2
past,2
living,2
person,2
nonparametric,2
males,2
calculations,2
mathematics,2
smoothing,2
up,2
residuals,2
archaeometry,2
categories,2
far,2
multiple,2
reported,2
despite,2
giving,2
obtain,2
frankenberg,2
world,2
proximal,2
nonlinear,2
grant,2
bondioli,2
states,2
association,2
charlotte,2
vary,2
era,2
little,2
occur,2
hypothesis,2
final,1
promiedio,1
trick,1
does,1
now,1
gilbert,1
currently,1
kotting,1
limits,1
prefer,1
mayoria,1
hoadley,1
integrating,1
functional,1
suture,1
demineralised,1
deserve,1
environmental,1
determine,1
poorer,1
eliminated,1
esas,1
berlin,1
pronosticamos,1
church,1
group,1
center,1
mucho,1
spine,1
identify,1
closure,1
uniquely,1
bayesianreports,1
sets,1
enl,1
meindl,1
inaccuracy,1
osteon,1
rt,1
studies,1
transparency,1
reasonably,1
underage,1
ahora,1
western,1
history,1
pose,1
reliably,1
individually,1
village,1
nineteenth,1
oos,1
source,1
epiphyses,1
properties,1
file,1
occurirrespective,1
gn,1
fast,1
subestimacion,1
neolithic,1
inaccurate,1
ii,1
categorias,1
possesses,1
humans,1
expectation,1
lifestyle,1
worked,1
yorkreports,1
seems,1
nature,1
birkhauser,1
containing,1
reach,1
buildup,1
available,1
assess,1
advantage,1
assertion,1
ottawa,1
convert,1
thank,1
potentially,1
producing,1
found,1
able,1
closer,1
reveal,1
composition,1
mnetodo,1
nevertheless,1
asegurando,1
underestimating,1
inferring,1
skull,1
date,1
rrv,1
robert,1
advantages,1
cuenta,1
qm,1
sacral,1
within,1
papers,1
issue,1
con,1
estci,1
occasional,1
reassessed,1
resorption,1
tal,1
demography,1
owings,1
reanalysis,1
tendencias,1
demands,1
marked,1
sixteenth,1
reaching,1
functions,1
commonality,1
vital,1
surrounded,1
reflecting,1
treating,1
whites,1
cited,1
radical,1
genetic,1
reconstruction,1
constrained,1
mckillop,1
beneath,1
measurement,1
siempre,1
estimadas,1
merezcan,1
behavior,1
controlled,1
esqueleto,1
exist,1
agereports,1
demineralized,1
thus,1
accessible,1
throughout,1
royal,1
fayetteville,1
southwestern,1
comprobarla,1
tw,1
barton,1
illustrates,1
tomando,1
lb,1
tecnicas,1
interest,1
ut,1
regarded,1
parw,1
acta,1
highlighting,1
price,1
type,1
quicker,1
pay,1
expected,1
lamellar,1
wiley,1
thing,1
nor,1
ct,1
reluctance,1
rejecting,1
perspective,1
densitometry,1
profound,1
modifying,1
encompass,1
highest,1
allowing,1
compared,1
left,1
third,1
misleading,1
thin,1
compare,1
like,1
hybrid,1
drawn,1
even,1
consequently,1
reassessment,1
look,1
integer,1
kelley,1
acknowledge,1
aceptado,1
lesser,1
site,1
poor,1
inominate,1
high,1
diferencia,1
reflects,1
demineralization,1
middling,1
growth,1
main,1
absent,1
aplicacian,1
pronosticada,1
molars,1
sort,1
crest,1
calculation,1
represented,1
opportunity,1
earlier,1
supplement,1
scottish,1
certain,1
entre,1
derived,1
contributions,1
gratefully,1
tree,1
momento,1
burials,1
limitation,1
feel,1
xxx,1
metodologica,1
basioccipital,1
category,1
amplitud,1
developments,1
translucency,1
affect,1
females,1
utilizan,1
flexibility,1
improvement,1
algoritmos,1
familiar,1
image,1
mnayores,1
grounds,1
clearly,1
sensibly,1
frequently,1
reviewed,1
surgery,1
demostramos,1
commented,1
recovered,1
erupted,1
indications,1
isolation,1
modemreports,1
evaluation,1
consequence,1
cost,1
plates,1
requires,1
reconsideration,1
siding,1
peabody,1
shifted,1
destructive,1
important,1
nonadult,1
advocated,1
union,1
whereas,1
processing,1
standards,1
pelvic,1
acceptable,1
lead,1
whom,1
corta,1
simplifying,1
sobreestimacion,1
rl,1
sorg,1
acknowledgments,1
inherent,1
combinations,1
relating,1
ambiguity,1
lived,1
format,1
international,1
relate,1
noting,1
diet,1
generalmente,1
comprobar,1
ectocranial,1
equal,1
buried,1
tambiel,1
isbister,1
occcicqcl,1
recently,1
produced,1
excellent,1
otherwise,1
placed,1
perform,1
loathe,1
explain,1
required,1
awarded,1
simulations,1
creates,1
brooks,1
eliminate,1
impression,1
technical,1
underaged,1
improve,1
well,1
shape,1
identifications,1
consideracian,1
rare,1
correctly,1
publish,1
del,1
claim,1
future,1
goldstein,1
nc,1
pernicka,1
waldron,1
training,1
andlisis,1
closed,1
multiplied,1
osteophytes,1
routinely,1
areports,1
copyright,1
literature,1
uc,1
genuine,1
fit,1
consistently,1
discussions,1
place,1
issues,1
broad,1
partly,1
climatic,1
calculating,1
boddington,1
structures,1
runs,1
overage,1
documented,1
mathematical,1
surrounding,1
qmmmmm,1
sinlilares,1
showing,1
alan,1
qmc,1
shapiro,1
markedly,1
chemistry,1
sampled,1
revy,1
analysed,1
arkansas,1
widen,1
vida,1
whilst,1
questionable,1
straight,1
xo,1
standpoint,1
quite,1
quantification,1
intervals,1
palaeodemography,1
spanish,1
separately,1
rr,1
june,1
accomplished,1
wider,1
smithsonian,1
scandinavica,1
massachusetts,1
cl,1
thoracic,1
dudar,1
xs,1
anterior,1
hamann,1
weiss,1
lyle,1
proper,1
otros,1
bine,1
environmentally,1
leveled,1
utilise,1
rn,1
labelled,1
grateful,1
provided,1
am,1
valuable,1
digging,1
casts,1
concomitant,1
subsequently,1
promedio,1
chronological,1
f,1
usable,1
he,1
irrespective,1
asf,1
minor,1
clara,1
confianza,1
alleviated,1
identified,1
appearances,1
quantified,1
april,1
limited,1
strains,1
prove,1
avanzadas,1
demineralisation,1
july,1
judgment,1
make,1
indicates,1
longitudinal,1
southern,1
tends,1
selection,1
positive,1
single,1
guide,1
studentship,1
yet,1
tale,1
examined,1
suited,1
makes,1
paradox,1
recalcular,1
ring,1
under,1
restricted,1
neither,1
utilizado,1
ancient,1
tn,1
dictates,1
falls,1
pioneered,1
performed,1
cementum,1
experimental,1
acknowledging,1
without,1
universalidad,1
mejor,1
basado,1
cage,1
volume,1
generality,1
rings,1
oral,1
etiology,1
expectatival,1
comfortable,1
occilisal,1
oolqololol,1
estimative,1
stated,1
fell,1
again,1
others,1
odontologica,1
nrq,1
missing,1
headquarters,1
joints,1
lack,1
consideration,1
treatment,1
fundamental,1
epidemiology,1
across,1
utilizing,1
isreports,1
inevitably,1
grave,1
kerley,1
larger,1
isolate,1
john,1
fashion,1
pattern,1
discussed,1
fragments,1
bradford,1
foreseeable,1
forms,1
conclusions,1
enough,1
tales,1
increases,1
aquello,1
oq,1
council,1
ifi,1
leech,1
cuando,1
averrobert,1
dispel,1
controversy,1
inconsistency,1
jovenes,1
free,1
encountered,1
proponemos,1
multidisciplinary,1
degree,1
ectoand,1
circumferential,1
demonstrated,1
qcc,1
referred,1
reconociendo,1
disease,1
histology,1
considering,1
birth,1
observable,1
comprise,1
upon,1
ic,1
limitations,1
region,1
tenler,1
agerelated,1
critically,1
parameter,1
manifestations,1
concern,1
aykroyd,1
varying,1
controlling,1
tbct,1
characteristically,1
factor,1
band,1
palaeodemographic,1
questions,1
evolution,1
actual,1
full,1
previous,1
complicated,1
theoretical,1
open,1
reality,1
modem,1
subestimnacion,1
assignment,1
worsens,1
publication,1
tl,1
tantbien,1
peter,1
logic,1
co,1
counter,1
characterized,1
helpful,1
general,1
postulado,1
reconstructed,1
curve,1
mexico,1
llocsoolld,1
stresses,1
after,1
standard,1
provides,1
intrinsic,1
odontologisk,1
become,1
narrow,1
overcome,1
exactly,1
assigning,1
enjoyed,1
hedges,1
buikstra,1
determinar,1
equivalent,1
adaptations,1
parameters,1
archaeodemographical,1
uncertainties,1
haven,1
professional,1
caution,1
propose,1
lowest,1
canl,1
applies,1
osteoporosis,1
leeds,1
tore,1
increasing,1
qr,1
limnitaciones,1
arriving,1
synchondrosis,1
discussing,1
lo,1
applications,1
median,1
marginally,1
note,1
invokes,1
appeais,1
mixture,1
five,1
practical,1
claimed,1
arrow,1
neglecting,1
crypt,1
cn,1
randomly,1
recognizes,1
predict,1
slow,1
investigators,1
army,1
directions,1
collections,1
translation,1
yale,1
digital,1
visual,1
covering,1
vaults,1
overestimation,1
es,1
mortality,1
dead,1
ruff,1
simulated,1
phillips,1
colrelation,1
get,1
itself,1
problematic,1
antiguiedad,1
photographs,1
segtin,1
puedan,1
school,1
magnitude,1
ntreports,1
sexes,1
indicadoresfiables,1
suite,1
tendencia,1
mann,1
sucq,1
comparison,1
lrc,1
measurements,1
predictions,1
resultado,1
endocranial,1
too,1
bioarchaeological,1
implied,1
regress,1
carbondale,1
generic,1
datasets,1
column,1
eni,1
know,1
outcome,1
natural,1
overestimate,1
overaging,1
principle,1
rainfall,1
cm,1
chapman,1
paper,1
worth,1
ratio,1
referees,1
proportional,1
counting,1
allocated,1
wood,1
hooton,1
advances,1
phd,1
according,1
overestimating,1
automatically,1
heads,1
recession,1
reducir,1
investigation,1
whether,1
reconcile,1
form,1
ones,1
totalled,1
references,1
degenerate,1
maples,1
validate,1
axis,1
theory,1
adaptation,1
explored,1
medial,1
oo,1
influenced,1
dentition,1
agreed,1
suspicion,1
xu,1
unreasonable,1
popular,1
gratitude,1
researchers,1
cernenturn,1
occasionally,1
circumstances,1
conclude,1
affecting,1
teniendo,1
sequencing,1
role,1
extrinsic,1
multiracial,1
metodos,1
assumptions,1
happens,1
cualquier,1
measure,1
amplia,1
reconstruct,1
underestimate,1
indians,1
flexibilidad,1
coming,1
precision,1
nov,1
webb,1
totalling,1
false,1
question,1
algunos,1
formation,1
ultimately,1
until,1
survival,1
multiethnic,1
argument,1
scheuerman,1
konigsberg,1
ordinal,1
kernel,1
cambridge,1
litton,1
similarity,1
ancillary,1
conditions,1
dentadura,1
chemical,1
obliterated,1
documentation,1
contributed,1
applicable,1
microstructure,1
include,1
correlated,1
overaged,1
canadian,1
algorithms,1
cautionary,1
involving,1
anatomical,1
measured,1
momnento,1
impacted,1
anonymous,1
needs,1
offered,1
observation,1
specific,1
potential,1
removed,1
ser,1
considerablemente,1
smooth,1
nk,1
estimator,1
cheaper,1
maximum,1
exclusively,1
predictable,1
element,1
uota,1
tttl,1
among,1
seek,1
comparable,1
cba,1
recent,1
adicional,1
pertenecientes,1
termed,1
close,1
major,1
ue,1
