WORDCOUNTS,WEIGHT
the,1192
of,919
and,538
in,448
a,313
to,257
that,253
with,208
were,171
chumash,149
is,139
social,134
as,134
for,118
from,111
this,108
cemetery,106
beads,104
by,103
burial,102
people,100
are,98
was,92
at,85
malibu,83
burials,83
or,83
on,83
these,81
have,78
an,74
their,72
they,70
mortuary,67
had,64
it,63
be,59
data,58
other,57
ethnographic,56
we,56
between,55
historic,54
than,52
analysis,52
no,49
archaeological,48
who,48
cemeteries,47
buried,47
which,47
used,46
not,46
wealth,45
more,44
santa,43
many,42
period,41
california,40
such,39
religious,39
american,38
j,38
prehistoric,38
also,38
objects,37
one,36
during,36
grave,36
evidence,36
effigies,34
there,33
some,33
de,33
p,33
artifacts,33
status,33
all,32
found,32
ethnohistoric,32
goods,32
large,31
use,31
practices,31
university,31
organization,31
society,31
area,31
both,31
been,29
barbara,28
important,27
about,27
individuals,27
distribution,27
our,27
king,26
would,26
among,25
most,24
et,24
al,24
l,24
can,24
suggests,24
middle,24
consistent,23
pp,23
skeletal,23
has,22
may,22
shell,22
edited,22
number,22
antiquity,22
symbolic,22
only,21
c,21
offerings,20
plank,20
department,20
late,20
approach,20
canoe,20
few,20
when,20
sex,20
two,20
children,20
channel,20
although,20
differences,19
traits,18
whose,18
based,18
records,18
significant,18
percent,18
dead,18
into,17
interred,17
ritual,17
could,17
remains,17
s,16
los,16
family,16
research,16
same,16
provide,16
areas,16
elite,16
very,16
them,16
those,15
quantities,15
genetic,15
chiefs,15
canoes,15
journal,15
r,15
significantly,15
ucla,15
activities,15
less,15
european,15
integrative,15
if,14
system,14
hudson,14
relationships,14
age,14
show,14
placed,14
small,14
using,14
economic,14
catalog,14
members,14
significance,14
clear,14
men,14
indicate,14
physical,14
associated,14
indians,14
stone,13
descriptions,13
i,13
human,13
because,13
southern,13
new,13
where,13
another,13
ornaments,13
complexity,13
cambridge,13
h,12
blackburn,12
items,12
part,12
t,12
interpretation,12
region,12
did,12
utilitarian,12
common,11
before,11
chief,11
women,11
m,11
access,11
its,11
personal,11
artifact,11
suggest,11
several,11
power,11
angeles,11
earlier,11
depth,11
independent,11
over,11
living,11
through,11
humaliwo,11
much,11
e,10
bead,10
ascribed,10
ballena,10
owing,10
bones,10
activity,10
hierarchy,10
unpublished,10
g,10
body,10
his,10
approaches,10
w,10
information,10
well,10
del,10
inherited,10
rituals,10
he,10
san,10
likely,10
mission,10
but,10
nonmetric,10
patterns,10
made,10
study,10
differ,10
male,10
each,10
wealthy,10
las,10
spatial,10
families,10
difference,10
include,10
glass,10
ways,9
walker,9
medea,9
sources,9
political,9
within,9
el,9
similarities,9
possible,9
behavior,9
similar,9
b,9
parts,9
greater,9
fish,9
documented,9
ceremonial,9
reports,9
time,9
evolution,9
upon,9
mourning,9
provides,9
exchange,9
graves,9
la,9
dimensions,9
collections,9
control,9
anthropology,9
accounts,9
males,9
average,9
gower,9
talismans,9
early,9
expedition,8
village,8
long,8
account,8
along,8
throughout,8
without,8
special,8
clearly,8
record,8
k,8
four,8
symbolically,8
hereditary,8
while,8
indicates,8
indian,8
others,8
do,8
material,8
three,8
relationship,8
types,8
then,8
membership,8
coefficients,8
person,8
ca,8
hypothesis,8
mountains,7
occurred,7
source,7
implications,7
available,7
great,7
chiefdoms,7
ad,7
money,7
trade,7
olivella,7
central,7
phase,7
perspective,7
bone,7
even,7
higher,7
york,7
how,7
after,7
dc,7
crespi,7
lived,7
tools,7
sites,7
basis,7
reflect,7
excavated,7
spanish,7
villages,7
notes,7
value,7
symbolism,7
make,7
under,7
noted,7
considerable,7
interpreting,7
including,7
expression,7
hypotheses,7
ceremonies,7
described,7
health,7
high,7
five,7
periodo,7
bioarchaeological,7
report,7
grey,7
phd,7
monica,7
little,7
years,7
d,7
strong,7
does,6
contexts,6
archaeologists,6
submitted,6
might,6
historicperiod,6
correlation,6
ranked,6
relations,6
adult,6
site,6
proportion,6
certain,6
creek,6
symbols,6
lacking,6
females,6
parks,6
closely,6
cultural,6
appears,6
reinforce,6
archaeology,6
coast,6
contact,6
included,6
regional,6
undetermined,6
head,6
cranial,6
so,6
especially,6
hierarchical,6
she,6
enthesopathies,6
enamel,6
practice,6
different,6
associations,6
historical,6
portola,6
possessions,6
association,6
given,6
evidently,6
o,5
metal,5
groups,5
determine,5
group,5
center,5
studies,5
osteological,5
test,5
accompanied,5
state,5
exist,5
labor,5
served,5
deceased,5
absent,5
orientation,5
n,5
ceremony,5
result,5
whom,5
near,5
aspects,5
received,5
related,5
historicand,5
researchers,5
distances,5
will,5
f,5
populations,5
identified,5
located,5
restricted,5
ancient,5
culture,5
stones,5
death,5
residence,5
fact,5
shows,5
distributions,5
perhaps,5
distance,5
baskets,5
him,5
meighan,5
interpretations,5
brown,5
usually,5
lines,5
detailed,5
relevant,5
any,5
natural,5
unknown,5
consultants,5
measure,5
known,5
protohistoric,5
conditions,5
shift,5
comparison,5
distinctions,5
north,5
observed,5
should,5
alternative,5
indicating,5
major,5
child,4
way,4
correlations,4
environmental,4
settlements,4
labbe,4
enterramiento,4
comparisons,4
being,4
fragmentary,4
seems,4
analyses,4
ubelaker,4
issue,4
female,4
placement,4
functions,4
obvious,4
calculated,4
owners,4
quantity,4
adorning,4
controlled,4
goal,4
thus,4
iron,4
review,4
old,4
amount,4
afford,4
left,4
y,4
poorly,4
reflects,4
expected,4
exact,4
bring,4
harrington,4
developed,4
sort,4
en,4
process,4
subsistence,4
importance,4
elaborate,4
funeral,4
intensive,4
emergence,4
numbers,4
recovered,4
position,4
painted,4
history,4
societies,4
first,4
fishing,4
sharply,4
boundaries,4
nothing,4
expensive,4
example,4
describe,4
strenuous,4
survey,4
workload,4
memoirs,4
least,4
owned,4
settlement,4
around,4
asphaltum,4
distinguished,4
division,4
paid,4
plausible,4
provided,4
portion,4
community,4
para,4
fully,4
accompaniments,4
museum,4
makes,4
identification,4
stated,4
datos,4
toward,4
sumptuous,4
treatment,4
larger,4
end,4
pattern,4
present,4
secular,4
deep,4
poles,4
native,4
frequency,4
crystals,4
understanding,4
mean,4
exploring,4
investigated,4
father,4
manifestations,4
biplicata,4
held,4
individual,4
like,4
date,4
structure,4
ethnographically,4
pipe,4
venturefio,4
valuable,4
sometimes,4
figure,4
trait,4
often,4
existed,4
quantitative,4
anthropological,4
must,4
extensive,4
intervillage,4
berkeley,4
leaders,4
whether,4
adults,4
form,4
una,4
periphery,4
dental,4
maintained,4
green,4
extremely,4
quartz,4
specific,4
johnson,4
ownership,4
since,3
oriented,3
everyone,3
scored,3
disc,3
per,3
expect,3
told,3
determinant,3
kinds,3
middleand,3
western,3
excavation,3
gamble,3
mainland,3
total,3
lower,3
member,3
either,3
certainly,3
press,3
production,3
nature,3
suggesting,3
simple,3
rich,3
able,3
wore,3
nm,3
skull,3
greatly,3
fonts,3
discrete,3
papers,3
side,3
existence,3
fernando,3
primary,3
far,3
familial,3
resources,3
pelican,3
development,3
rhesus,3
characteristic,3
excavations,3
grouped,3
conducted,3
sample,3
century,3
z,3
nor,3
back,3
hypoplasia,3
young,3
publications,3
find,3
skins,3
apparently,3
influence,3
conceptually,3
upright,3
supernatural,3
growth,3
obtained,3
bifaces,3
coastal,3
se,3
hazardous,3
plots,3
support,3
understand,3
tooth,3
kintigh,3
observations,3
additional,3
plenum,3
permanent,3
suggested,3
undertakers,3
method,3
matrilocal,3
effort,3
commoners,3
density,3
kinship,3
buikstra,3
population,3
biases,3
having,3
work,3
goldstein,3
patterning,3
context,3
gave,3
inferences,3
surrounding,3
missions,3
reconstructing,3
interpreted,3
own,3
change,3
midst,3
smithsonian,3
highly,3
impossible,3
annual,3
richness,3
majority,3
wife,3
reflected,3
periods,3
statuses,3
limited,3
catalina,3
positive,3
mourners,3
single,3
reference,3
serve,3
continuity,3
us,3
humerus,3
complete,3
lavish,3
oral,3
addition,3
experienced,3
demographic,3
analytical,3
lacked,3
lack,3
luis,3
scholars,3
response,3
beliefs,3
appeared,3
dyads,3
together,3
john,3
chiefdom,3
never,3
ages,3
physiological,3
formation,3
see,3
necessary,3
woman,3
tilley,3
greatest,3
disease,3
obispo,3
patrilocal,3
enormous,3
clustered,3
top,3
empirical,3
juan,3
diaries,3
processes,3
rare,3
radiocarbon,3
reality,3
peripheral,3
maintenance,3
subadults,3
genetics,3
robusticity,3
written,3
systems,3
obsidian,3
probably,3
southwest,3
unrelated,3
factors,3
indication,3
belonged,3
practitioners,3
maps,3
pieces,3
rough,3
santiago,3
fewer,3
exists,3
referred,3
seen,3
length,3
life,3
class,3
martz,3
heathens,3
interpretive,3
contained,3
con,3
hanging,3
cayo,3
methodologically,3
shamans,3
believe,3
macaques,3
argue,3
just,3
type,3
masters,3
what,3
heads,3
selected,3
particular,3
map,3
her,3
institute,3
influenced,3
contain,3
level,3
significado,3
role,3
contrasts,3
generate,3
instead,3
socially,3
specialists,3
effects,3
themselves,3
interaction,3
arnold,3
strategy,3
close,3
llagas,3
tainter,2
final,2
carved,2
difficult,2
smoke,2
possessed,2
stefano,2
meaning,2
dug,2
red,2
flexed,2
introduction,2
distributed,2
needed,2
limpet,2
authority,2
bioturbation,2
completely,2
bias,2
marcus,2
collection,2
reduced,2
laid,2
pipes,2
dig,2
russell,2
materials,2
credence,2
experience,2
said,2
problems,2
modest,2
every,2
posed,2
taken,2
meters,2
diego,2
disturbance,2
emerged,2
funerals,2
governed,2
straightforward,2
thank,2
origin,2
products,2
take,2
help,2
last,2
interviewed,2
influences,2
opposite,2
contents,2
scarre,2
case,2
correlated,2
linear,2
recorded,2
key,2
bird,2
america,2
sexual,2
custom,2
vol,2
responses,2
determined,2
illustrate,2
west,2
smooth,2
point,2
undoubtedly,2
increase,2
lambert,2
funded,2
includes,2
differential,2
que,2
hydration,2
difficulties,2
explorers,2
medical,2
interest,2
bridging,2
reliably,2
co,2
pay,2
rank,2
cases,2
ethnohistorically,2
elements,2
smoker,2
clustering,2
six,2
third,2
compare,2
died,2
biological,2
explore,2
simplistic,2
perfect,2
employ,2
bdrbara,2
interesting,2
recognized,2
venturenio,2
cheverud,2
encompassed,2
smoking,2
luck,2
parents,2
eight,2
popovich,2
dancers,2
derived,2
arbor,2
scattered,2
deltoid,2
reason,2
changes,2
rattles,2
soon,2
marks,2
possibly,2
organized,2
presumably,2
air,2
canal,2
differs,2
frequently,2
exploited,2
resource,2
ornament,2
requires,2
ventura,2
utiliza,2
providing,2
view,2
whereas,2
location,2
saxe,2
called,2
typical,2
mapping,2
seven,2
shared,2
centrally,2
ethnohistorical,2
underhay,2
big,2
academic,2
further,2
ranking,2
ann,2
standardized,2
displayed,2
produced,2
librado,2
whale,2
required,2
none,2
relatives,2
unexcavated,2
eliminated,2
strengths,2
tool,2
spiro,2
clean,2
unless,2
explains,2
knowledge,2
indigenous,2
confirms,2
gender,2
description,2
whole,2
place,2
northwest,2
unos,2
broad,2
accomplishment,2
away,2
rise,2
proveniente,2
systematic,2
healing,2
ancestral,2
good,2
authorities,2
caused,2
working,2
field,2
tested,2
fuentes,2
began,2
revealing,2
decline,2
matrix,2
up,2
cosmology,2
rancho,2
south,2
critical,2
transform,2
minor,2
saw,2
variety,2
absence,2
lynn,2
comparative,2
puede,2
islands,2
highstatus,2
comments,2
postmarital,2
innovation,2
shanks,2
structural,2
rs,2
yet,2
examined,2
wake,2
suited,2
spurs,2
rain,2
seeing,2
neither,2
lineages,2
perspectives,2
largest,2
belonging,2
insights,2
illustrated,2
disrupted,2
gentlemen,2
inheritance,2
funerary,2
name,2
academy,2
striking,2
feather,2
abstract,2
manifested,2
classical,2
variation,2
fashion,2
man,2
recreation,2
fragments,2
outside,2
belongings,2
accepted,2
establish,2
tongva,2
unclear,2
consultant,2
acerca,2
argues,2
disappearance,2
divided,2
cabrillo,2
observable,2
explanation,2
chiefly,2
range,2
sides,2
teggart,2
medium,2
identity,2
europeans,2
findings,2
food,2
persisted,2
relaciones,2
prominently,2
resulting,2
recovery,2
engaged,2
previous,2
dating,2
dimorphic,2
ties,2
distortion,2
low,2
meanings,2
jose,2
randsborg,2
amounts,2
crania,2
times,2
divisions,2
allowed,2
characterized,2
statistically,2
variance,2
filled,2
practiced,2
preservation,2
glenn,2
craft,2
examine,2
sobre,2
excluded,2
shamanic,2
figures,2
independientes,2
imported,2
infants,2
twelve,2
esta,2
abundance,2
disruption,2
phillip,2
anatomical,2
ideology,2
testing,2
deaths,2
whistles,2
un,2
translation,2
privileges,2
lightning,2
distort,2
stratified,2
itself,2
francisco,2
completeness,2
gathered,2
earliest,2
considered,2
detail,2
mouthful,2
sections,2
differentiated,2
acquired,2
emotional,2
conclusion,2
simply,2
wear,2
determinants,2
too,2
endowed,2
gaviota,2
eleven,2
burned,2
preserves,2
here,2
set,2
know,2
cm,2
paper,2
ratio,2
capital,2
appendix,2
presence,2
basket,2
linked,2
pebbles,2
differed,2
past,2
placing,2
destroyed,2
bean,2
following,2
beginning,2
according,2
explanations,2
investigation,2
terms,2
making,2
lengths,2
temporally,2
humeral,2
prestige,2
changing,2
explored,2
strings,2
size,2
socioeconomic,2
pants,2
preserved,2
multiple,2
met,2
ohio,2
kin,2
develop,2
variability,2
subject,2
traditional,2
transition,2
fumes,2
regularities,2
focus,2
reconstruct,2
discussion,2
world,2
childhood,2
toloache,2
question,2
shown,2
examples,2
disposal,2
similarity,2
national,2
morphological,2
typically,2
smaller,2
maritime,2
integration,2
attributes,2
off,2
walking,2
indices,2
enclosed,2
observation,2
potential,2
rest,2
rituales,2
variations,2
asymmetry,2
substantial,2
element,2
adopted,2
images,2
bury,2
richly,2
thorough,2
woven,1
adulthood,1
presidio,1
principios,1
now,1
lopez,1
inspection,1
pompelli,1
helped,1
syuxtun,1
rothschild,1
phenotypic,1
paralleled,1
spikes,1
dies,1
convergence,1
edge,1
horizontal,1
morbidity,1
enter,1
mayoria,1
indicated,1
craniometric,1
argued,1
privately,1
corporate,1
stood,1
ofcaliforniaanthropological,1
functional,1
culminated,1
affected,1
extend,1
episodes,1
mastoid,1
fences,1
worthy,1
osteometric,1
sewn,1
hats,1
miguel,1
durante,1
poorer,1
thai,1
brittle,1
enclosing,1
poblaciones,1
string,1
sis,1
deciduous,1
unevenly,1
overland,1
transportation,1
complex,1
partially,1
integrity,1
systematically,1
identify,1
ya,1
terminated,1
advised,1
cultivating,1
ma,1
iconography,1
blessing,1
usefully,1
populationresource,1
sets,1
motivation,1
injuries,1
rounded,1
meindl,1
postdepositional,1
cowboys,1
modern,1
ell,1
peripherally,1
acorns,1
triple,1
ms,1
considerations,1
former,1
weaker,1
hair,1
ilustramos,1
redistribute,1
necessarily,1
sanantonio,1
title,1
evaluating,1
variants,1
turtle,1
holding,1
ethnoarchaeological,1
dispose,1
byad,1
accomplishments,1
eye,1
relativism,1
diversity,1
annals,1
craftspecialization,1
hohokam,1
disturbances,1
negative,1
cutting,1
collaborative,1
predominantly,1
file,1
round,1
sit,1
ingestion,1
stressed,1
unearthed,1
heel,1
creation,1
baptismal,1
derives,1
neolithic,1
caddoan,1
entailed,1
pooistrcprohms,1
originally,1
rowel,1
concentrated,1
musical,1
attempt,1
worked,1
shortage,1
suchey,1
brock,1
containing,1
dramatically,1
mice,1
ligament,1
moundville,1
comparatively,1
reach,1
sequit,1
archaeologically,1
continue,1
packed,1
paramount,1
incisors,1
accommodate,1
belong,1
display,1
potentially,1
narrative,1
entre,1
government,1
check,1
barbarenio,1
hundred,1
onto,1
composition,1
quantified,1
religion,1
renfrew,1
misled,1
reproduction,1
subsequent,1
efficiently,1
half,1
inland,1
establecida,1
fresh,1
shennan,1
muwu,1
critically,1
applegate,1
blackwell,1
precisely,1
marine,1
concepts,1
raised,1
reserved,1
principal,1
duality,1
mortuaty,1
corroborate,1
ours,1
middleperiod,1
gibson,1
tympanic,1
buenaventura,1
designs,1
accoutrements,1
portable,1
scooped,1
supplementation,1
synchronic,1
depending,1
santabarbara,1
suspect,1
bueis,1
indebtedness,1
westview,1
eastern,1
pulled,1
timbrook,1
capacity,1
prone,1
reconocen,1
demography,1
march,1
addresses,1
representations,1
retain,1
uneven,1
replacement,1
fins,1
recommended,1
compensatory,1
sc,1
sixteenth,1
fl,1
reply,1
reaching,1
powers,1
alter,1
insight,1
naturalist,1
cadre,1
whatever,1
thei,1
buriec,1
except,1
conceptual,1
reflecting,1
supervision,1
witht,1
disparities,1
establishment,1
conception,1
cited,1
reverently,1
anticipated,1
objective,1
interviews,1
todd,1
warfare,1
prehistorian,1
yates,1
vaqueros,1
tied,1
inventory,1
complicating,1
corruccini,1
avenues,1
repeatedly,1
estudio,1
regarding,1
interments,1
conflict,1
diversas,1
talisman,1
paleopathological,1
systemic,1
populational,1
historically,1
luisefio,1
prdcticas,1
proceeded,1
explained,1
dickson,1
consideration,1
residing,1
enshrouded,1
illustrates,1
due,1
interior,1
inflation,1
against,1
visited,1
muscle,1
integral,1
hace,1
missionarchive,1
neighbors,1
base,1
relatively,1
regarded,1
ability,1
decided,1
portray,1
te,1
wherewithal,1
occurs,1
spot,1
hooks,1
intermedio,1
realization,1
codified,1
privilege,1
physicalanthropology,1
conundrum,1
turn,1
acquiring,1
nelson,1
wendy,1
resting,1
better,1
kitsepawit,1
amale,1
odyssey,1
simpson,1
concerning,1
sized,1
longinos,1
convincing,1
star,1
subjects,1
marriage,1
ear,1
shaft,1
hopefully,1
serving,1
otheritems,1
inclusion,1
choctaw,1
uncorrected,1
dates,1
hnrbatef,1
continuous,1
determinations,1
fowler,1
profit,1
undertaking,1
perfunctory,1
pueblo,1
consequently,1
instruments,1
hodder,1
look,1
critique,1
disruptions,1
averting,1
though,1
acknowledge,1
ligaments,1
aad,1
rates,1
saliency,1
traumatic,1
focused,1
mechanism,1
tragically,1
jean,1
van,1
collagen,1
pitas,1
rights,1
poor,1
sixteen,1
objectivism,1
alive,1
profoundly,1
philadelphia,1
foretell,1
town,1
graphics,1
markedly,1
moiety,1
rather,1
responder,1
links,1
bridles,1
curator,1
performance,1
across,1
adds,1
district,1
stop,1
remnants,1
unmodified,1
influential,1
simbolismo,1
donnan,1
levels,1
rising,1
stuttgart,1
conceptions,1
kept,1
environments,1
vicente,1
opportunity,1
sudden,1
naturaldescription,1
determining,1
associate,1
persistent,1
aunque,1
costs,1
direct,1
easily,1
assuming,1
institutionalized,1
enigmatic,1
matched,1
echoed,1
mobilize,1
offering,1
oversimplified,1
lay,1
summarized,1
limitation,1
animals,1
space,1
front,1
multivariate,1
addressing,1
lots,1
francine,1
reinterpretation,1
watching,1
modified,1
references,1
category,1
provinces,1
park,1
muleteers,1
buchon,1
facilitated,1
wanted,1
anguish,1
prehistory,1
consider,1
recorders,1
statistical,1
established,1
encourages,1
specialization,1
generadas,1
sociocultural,1
sick,1
specify,1
driven,1
quoted,1
spirit,1
hierarchically,1
profile,1
prevent,1
verano,1
reidel,1
steatite,1
riverside,1
heading,1
origins,1
powerful,1
albuquerque,1
topanga,1
passed,1
beyond,1
shed,1
procedures,1
gentiles,1
glassow,1
lofltrbutlofl,1
explain,1
consistencies,1
theory,1
antithetical,1
care,1
respected,1
projected,1
symbolized,1
hypoglossal,1
uncritically,1
preference,1
cut,1
appear,1
myths,1
methodology,1
constructive,1
arms,1
banning,1
draws,1
diachronic,1
expressed,1
uses,1
standards,1
formidable,1
ostentatious,1
tc,1
came,1
bilateral,1
herald,1
cynthia,1
lead,1
identifying,1
introduce,1
ethnography,1
concentration,1
allow,1
withheld,1
martinez,1
cloak,1
medicine,1
basin,1
plot,1
hands,1
chipped,1
koerper,1
ofmortuary,1
behavioral,1
out,1
recognize,1
changed,1
deal,1
bilocal,1
events,1
lineage,1
inthearchaeology,1
dreamer,1
illness,1
accompany,1
shoes,1
attained,1
disruptive,1
term,1
medal,1
poses,1
arranged,1
discs,1
malnutrition,1
cups,1
sword,1
equally,1
occupation,1
understood,1
transactions,1
fishermen,1
let,1
imbalances,1
blow,1
hacia,1
thearchaeology,1
eyewitness,1
circular,1
induced,1
mx,1
leonard,1
dynasty,1
province,1
nicks,1
recently,1
applied,1
scale,1
thin,1
chester,1
monograph,1
otherwise,1
safe,1
schist,1
claassen,1
spur,1
amassed,1
confirmation,1
trinkhaus,1
facilities,1
availability,1
enough,1
corroborates,1
prayer,1
public,1
burrowing,1
determinar,1
sales,1
directly,1
briefly,1
technical,1
torn,1
multipurpose,1
shape,1
xix,1
masterkey,1
gained,1
suspended,1
pedro,1
pagans,1
whalebone,1
packing,1
shaman,1
future,1
island,1
mandatory,1
inferred,1
kits,1
intense,1
rocks,1
narratives,1
partir,1
supplanted,1
carries,1
mediante,1
higos,1
heritabilities,1
concept,1
prominent,1
brought,1
stake,1
nontraditional,1
competing,1
apparent,1
reduction,1
confined,1
decorate,1
crying,1
revealed,1
sociedades,1
feared,1
bowl,1
obtenerse,1
dividing,1
misinterpreted,1
kindly,1
morris,1
art,1
intermediate,1
ranchos,1
editorial,1
handbookoftheindiansofcalifornia,1
clad,1
constitute,1
contains,1
relevance,1
locomotor,1
statistics,1
bereavement,1
forces,1
focuses,1
viability,1
differentially,1
estero,1
showing,1
strengthened,1
luisefno,1
holy,1
seashore,1
manifestation,1
regions,1
earth,1
arkansas,1
revisted,1
practicedby,1
published,1
enclosures,1
exerting,1
sense,1
current,1
wi,1
responsibility,1
tom,1
theoretically,1
stage,1
reliable,1
resolving,1
independiente,1
hired,1
next,1
cer,1
politically,1
presencia,1
contrast,1
obligatory,1
sweeney,1
mediterranean,1
standpoint,1
diagnostic,1
arbitrary,1
dificultades,1
involved,1
establecemos,1
soigtelcto,1
graveyards,1
summon,1
prehistoricnativeamerican,1
agoura,1
soil,1
shapes,1
preucel,1
etnograficas,1
disposition,1
legitimize,1
specialties,1
mortuorio,1
county,1
awls,1
siefkin,1
reported,1
humanas,1
climate,1
attached,1
weapons,1
felipe,1
differing,1
telling,1
seeds,1
core,1
always,1
prerogatives,1
rcybp,1
visible,1
evanston,1
relegates,1
loci,1
results,1
describes,1
notice,1
environmentally,1
patrones,1
preliminary,1
displaced,1
separate,1
moved,1
branc,1
ninth,1
impor,1
profant,1
bolstered,1
concordances,1
lend,1
jh,1
prevalence,1
chronological,1
span,1
blanket,1
morphology,1
counteract,1
processual,1
led,1
units,1
sons,1
situation,1
arrangement,1
ofartifacts,1
cognitivearchaeologyincontemporaryarchaeology,1
ramifications,1
tendon,1
various,1
publishers,1
carried,1
action,1
distorted,1
medicalppractices,1
criticize,1
overall,1
provenience,1
techniques,1
redwood,1
dressed,1
somebody,1
appreciate,1
investments,1
ten,1
nearly,1
lies,1
exception,1
planks,1
heritability,1
salud,1
standardization,1
etc,1
reduce,1
july,1
reconstruction,1
interactions,1
manifest,1
standing,1
lb,1
negate,1
suppose,1
terisa,1
hold,1
direction,1
rodent,1
conventional,1
lisa,1
espectro,1
metric,1
calculate,1
hypoplasias,1
cooperative,1
oxford,1
pacific,1
criticism,1
esteban,1
muscles,1
antiquarian,1
extraneous,1
californiaarchaeological,1
represents,1
interment,1
thought,1
acknowledgments,1
sombreros,1
traves,1
ning,1
chronology,1
inconsistencies,1
index,1
parte,1
processing,1
earned,1
commoner,1
subset,1
orders,1
clothing,1
light,1
postulated,1
figr,1
rabbit,1
experimental,1
foresight,1
industrial,1
unusually,1
garland,1
predominate,1
prepared,1
heredity,1
altos,1
voyages,1
considers,1
regardless,1
lee,1
volume,1
tall,1
crespiautograph,1
leader,1
underscored,1
organizaron,1
afterlife,1
challenge,1
business,1
combinando,1
relatedness,1
again,1
preferences,1
rejects,1
put,1
rock,1
water,1
missing,1
valid,1
limit,1
hypoplastic,1
probar,1
lives,1
foods,1
settlers,1
match,1
rugged,1
musicians,1
estasfuentes,1
infectious,1
cure,1
decreases,1
proliferation,1
doubt,1
identical,1
pennsylvania,1
mouthfuls,1
serious,1
excluding,1
bony,1
honor,1
anthropologist,1
conclusions,1
took,1
hand,1
steafite,1
v,1
epigenetic,1
viceroy,1
ground,1
ydte,1
corps,1
cruz,1
model,1
essentially,1
intensity,1
purposes,1
equate,1
validity,1
timing,1
disturbed,1
projections,1
amplio,1
michael,1
dolni,1
spoke,1
maturity,1
osteologists,1
remarked,1
belief,1
als,1
controversy,1
como,1
usedfor,1
style,1
gives,1
conceivably,1
characters,1
wood,1
free,1
encountered,1
remarkably,1
distortions,1
boat,1
thoroughly,1
saunders,1
wrapped,1
mortars,1
calculation,1
rempe,1
local,1
original,1
fundamentally,1
analyzed,1
classes,1
collecting,1
investment,1
apossible,1
success,1
paying,1
considering,1
background,1
theaboriginal,1
accompanying,1
bear,1
values,1
locate,1
mata,1
formal,1
drills,1
thickness,1
conceivable,1
previously,1
depended,1
looking,1
dichotomous,1
exploits,1
entirely,1
fed,1
assumption,1
emphasize,1
francis,1
factor,1
assume,1
causes,1
maria,1
dances,1
extraordinarily,1
questions,1
welldeveloped,1
variables,1
maturation,1
discontinuity,1
services,1
examination,1
pagan,1
trip,1
full,1
recruitment,1
stopping,1
complicated,1
theories,1
dehiscence,1
theoretical,1
netherlands,1
arguably,1
versions,1
vilae,1
defect,1
perimeter,1
open,1
strands,1
clinoid,1
emphasizing,1
institutionalization,1
wylie,1
abirdstonefrom,1
hauser,1
clue,1
ethnology,1
quests,1
failures,1
mississippian,1
christopher,1
amusements,1
ri,1
reviewers,1
collaboration,1
revised,1
function,1
plant,1
features,1
mexico,1
stages,1
hiring,1
administrative,1
convertirse,1
contributed,1
probable,1
households,1
midshaft,1
apunta,1
lorenzo,1
abundant,1
intrinsic,1
thomas,1
peebles,1
minimal,1
generar,1
payment,1
decide,1
strongly,1
jurisdiction,1
comparing,1
emony,1
reburied,1
become,1
emphasized,1
assessing,1
practicable,1
topics,1
exactly,1
fuente,1
adjacent,1
anthropologicalarchaeology,1
enjoyed,1
january,1
priests,1
momento,1
implication,1
adventure,1
adaptations,1
northern,1
cape,1
fmlb,1
occupied,1
institution,1
tendency,1
relative,1
positioning,1
classified,1
atlas,1
caution,1
sugar,1
ago,1
sociopolitical,1
investigations,1
minimally,1
attention,1
naturaleza,1
accessory,1
cultura,1
concluded,1
paces,1
pestles,1
standard,1
compendium,1
farm,1
homosexuals,1
boards,1
rope,1
elderly,1
assigned,1
modification,1
oa,1
aid,1
stems,1
raise,1
note,1
nyoffee,1
bureau,1
continued,1
delicately,1
inhabitants,1
linda,1
leamy,1
vandenberg,1
vision,1
impressive,1
ossification,1
loco,1
unwarranted,1
reasonable,1
monterey,1
widespread,1
beaklike,1
bags,1
bulletin,1
means,1
lost,1
army,1
cranium,1
bears,1
force,1
ofthe,1
effectively,1
visual,1
awake,1
proposition,1
overlap,1
contribution,1
analiticas,1
inadequate,1
paradoxical,1
traveled,1
neolocal,1
feasts,1
responsible,1
unusual,1
patteming,1
construction,1
biotite,1
quite,1
malnourished,1
researcher,1
hope,1
itinter,1
table,1
wives,1
composed,1
sandstone,1
aboriginal,1
mounds,1
figured,1
sound,1
resemble,1
eversgerd,1
influencing,1
shermis,1
attachment,1
ie,1
clinical,1
inmaculada,1
stephen,1
fertility,1
circumscribed,1
guatemalan,1
baseline,1
deposited,1
sexes,1
ordered,1
believed,1
counterintuitive,1
traveling,1
series,1
ethnological,1
mentioned,1
colonists,1
climbing,1
seafaring,1
conjunction,1
measurements,1
arriesgada,1
heathen,1
nonagricultural,1
ever,1
economically,1
reinforced,1
theme,1
howell,1
weeping,1
botanical,1
fluctuating,1
bronze,1
temporal,1
prehistoricand,1
practicas,1
pt,1
sciences,1
earle,1
plate,1
organizational,1
sustained,1
binford,1
estas,1
gran,1
transvestites,1
clement,1
valiosa,1
cover,1
why,1
lynne,1
dualism,1
defining,1
physicalanthropologicalevidencefortheevolutionof,1
deficiencies,1
intellectual,1
sociales,1
colonization,1
descent,1
readily,1
drea,1
skerletal,1
specialized,1
nobility,1
december,1
assumed,1
commission,1
connection,1
interested,1
exploration,1
seem,1
variable,1
talc,1
nets,1
ft,1
down,1
bowers,1
barcelona,1
daily,1
dues,1
wall,1
guild,1
primero,1
reminiscent,1
regard,1
proportional,1
counting,1
foundation,1
flutes,1
reliability,1
wealthier,1
obviously,1
enemy,1
cognitive,1
chlorite,1
visits,1
purview,1
protect,1
burying,1
baugh,1
pathological,1
davidson,1
advances,1
places,1
bien,1
subordinate,1
empresa,1
agriculture,1
blowing,1
knoll,1
pismo,1
shrouding,1
incised,1
unlikely,1
mixing,1
unique,1
mcguire,1
retinue,1
greatbasinanthropology,1
assessmentofhumaliwu,1
torgersen,1
want,1
independently,1
ofbeads,1
comes,1
thirty,1
baja,1
muscular,1
statement,1
manuscripts,1
bolts,1
helper,1
debate,1
gambling,1
cementerios,1
extent,1
dream,1
limbs,1
consisting,1
watercraftasdescribed,1
saddle,1
correlates,1
unfavorable,1
projection,1
resolverse,1
tant,1
anticipation,1
almost,1
u,1
listed,1
pueden,1
emphasis,1
incorporated,1
hundreds,1
upper,1
infant,1
whales,1
categories,1
signify,1
metamorphic,1
finished,1
st,1
involving,1
bodies,1
neck,1
whence,1
owner,1
larsen,1
necessity,1
son,1
singers,1
northwestern,1
recognition,1
goleta,1
prerogative,1
beach,1
despite,1
multistage,1
confirm,1
giving,1
die,1
intended,1
went,1
territory,1
struck,1
extended,1
merchant,1
explorar,1
ucko,1
copper,1
pound,1
dorsal,1
qualitative,1
phenomenon,1
challenges,1
mention,1
metabolic,1
finales,1
sb,1
ensuing,1
gain,1
correspondences,1
teeth,1
varied,1
tions,1
engelhardt,1
fished,1
malki,1
analogy,1
come,1
manipulation,1
named,1
ina,1
itrcn,1
wild,1
dint,1
caulking,1
whereupon,1
until,1
nutritional,1
spacing,1
unable,1
birth,1
reveals,1
zones,1
kerr,1
ancillary,1
wielded,1
decrease,1
twentieth,1
catch,1
register,1
ended,1
indications,1
approximately,1
land,1
need,1
susan,1
gen,1
regular,1
centrality,1
piece,1
defined,1
inequalities,1
tobacco,1
paraphernalia,1
presenting,1
captain,1
classification,1
ships,1
roughly,1
artifactbased,1
summary,1
anonymous,1
needs,1
thousand,1
territories,1
aspecto,1
traumatized,1
coefficient,1
deciding,1
cached,1
chambers,1
elites,1
butchering,1
chicago,1
reached,1
informants,1
era,1
enterprise,1
agrees,1
ochre,1
actaradiologica,1
x,1
texts,1
valley,1
entire,1
verified,1
corn,1
countable,1
heritibility,1
souls,1
technological,1
vark,1
exchanges,1
pairs,1
laborers,1
sedlmeier,1
virtue,1
southeastern,1
attendance,1
roles,1
termed,1
customs,1
necklaces,1
tapia,1
