WORDCOUNTS,WEIGHT
the,642
of,488
and,328
in,272
to,252
paint,233
a,215
c,159
for,121
m,120
on,119
is,100
mineral,97
as,94
with,85
by,78
or,77
that,75
sherd,75
from,69
carbon,67
this,65
are,60
iron,59
be,56
pottery,55
not,55
sherds,54
we,53
was,51
paints,50
black,45
were,38
surface,37
visual,37
an,36
no,35
which,34
organic,33
it,32
used,32
type,32
criteria,31
these,31
both,31
at,30
american,30
some,30
than,29
e,28
other,28
painted,28
have,28
can,27
color,26
study,24
shepard,24
also,24
f,23
mesa,23
attributes,23
verde,22
but,22
use,22
la,22
such,21
de,21
two,21
archaeological,21
one,20
h,20
their,20
hawley,20
she,20
has,20
pigment,20
chemical,20
may,19
ceramic,19
areas,19
types,19
classification,19
polish,18
mixed,18
sample,18
pueblo,18
al,18
only,18
new,18
present,18
through,18
our,18
into,17
all,17
more,17
analysis,17
j,16
southwestern,16
most,16
appear,16
based,16
et,16
when,16
university,16
attribute,16
if,15
white,15
consistency,15
time,15
percent,15
although,15
area,15
each,14
elements,14
using,14
figure,14
southwest,14
been,14
antiquity,14
listed,13
r,13
beeweed,13
respondents,12
certain,12
firing,12
had,12
prehistoric,12
appears,12
number,12
northern,12
colorado,12
d,12
does,11
archaeologists,11
t,11
typological,11
accuracy,11
thin,11
bse,11
en,11
determination,11
because,11
pp,11
plant,11
nonmineral,11
plata,11
they,10
peaks,10
nature,10
g,10
would,10
b,10
unpainted,10
polishing,10
sharp,10
under,10
where,10
mountain,10
wilson,10
series,10
rocky,10
over,10
them,10
fabric,9
component,9
crow,9
pigments,9
determining,9
energy,9
w,9
out,9
her,9
ceramics,9
well,9
correct,9
peak,9
will,9
san,9
edges,9
ware,9
museum,9
noted,9
discussed,9
do,9
see,9
top,9
so,9
k,9
pintura,9
sometimes,9
often,9
table,9
problematic,9
different,9
very,9
whether,9
while,9
determine,8
consistent,8
there,8
classified,8
somewhat,8
system,8
design,8
along,8
canyon,8
priority,8
error,8
his,8
category,8
four,8
generally,8
archaeology,8
flagstaff,8
same,8
experienced,8
many,8
range,8
samples,8
mexico,8
after,8
tests,8
order,8
juan,8
fe,8
then,8
any,8
off,8
between,8
images,8
should,8
difficult,7
per,7
group,7
descriptions,7
ranked,7
application,7
higher,7
without,7
how,7
similar,7
appearance,7
luster,7
applied,7
work,7
preparation,7
responses,7
small,7
results,7
cps,7
single,7
us,7
ancient,7
others,7
l,7
gray,7
distributions,7
florence,7
another,7
dull,7
three,7
especially,7
bulletin,7
thick,7
considered,7
striations,7
known,7
manganese,7
question,7
spectra,7
later,6
flakiness,6
complex,6
he,6
modern,6
first,6
s,6
available,6
those,6
possible,6
cited,6
electron,6
relatively,6
santa,6
underlying,6
y,6
rather,6
se,6
special,6
fn,6
clearly,6
carbonand,6
potters,6
dc,6
typical,6
p,6
light,6
method,6
correctly,6
its,6
during,6
showing,6
either,6
least,6
level,6
instrumentation,6
several,6
presence,6
visible,6
matter,6
polished,6
still,6
potsherds,6
specimens,6
shows,6
less,6
perhaps,6
region,6
high,6
slightly,6
institution,6
fuzzy,6
brown,6
presented,6
include,6
states,6
vessel,6
vary,6
sits,6
rate,5
common,5
magnetic,5
large,5
identify,5
laboratory,5
experience,5
lakehead,5
might,5
carnegie,5
i,5
el,5
eastern,5
characterize,5
wallace,5
due,5
objective,5
kev,5
response,5
wares,5
difficulty,5
archaeologist,5
district,5
tansy,5
flakes,5
could,5
found,5
basin,5
mustard,5
further,5
elemental,5
vegetal,5
improve,5
distinguish,5
shiny,5
part,5
binder,5
people,5
constituent,5
few,5
provided,5
reduced,5
various,5
indicates,5
edited,5
examined,5
useful,5
guthe,5
guaco,5
blinman,5
addition,5
pigmenting,5
variation,5
project,5
analyzed,5
made,5
low,5
modem,5
characterized,5
like,5
latter,5
methods,5
interpretations,5
corners,5
versus,5
relative,5
beam,5
provide,5
oxide,5
who,5
seem,5
did,5
report,5
making,5
particular,5
reported,5
average,5
you,5
typology,5
microanalysis,5
done,4
red,4
manuscript,4
easily,4
studies,4
imaging,4
western,4
classify,4
before,4
clara,4
properties,4
test,4
predominantly,4
hopi,4
long,4
text,4
soaks,4
differences,4
depending,4
recorded,4
vol,4
x,4
coating,4
characteristic,4
given,4
clay,4
determinations,4
identification,4
hematite,4
image,4
n,4
instrument,4
albuquerque,4
colton,4
traits,4
absorption,4
having,4
basis,4
data,4
example,4
issues,4
figures,4
personal,4
field,4
suggest,4
chronological,4
materials,4
overall,4
make,4
participants,4
included,4
culture,4
si,4
mancos,4
volunteers,4
regional,4
atributos,4
lack,4
john,4
simple,4
ground,4
native,4
rio,4
examples,4
including,4
thickness,4
specimen,4
anasazi,4
publication,4
fred,4
become,4
relation,4
para,4
usually,4
five,4
investigate,4
variable,4
physical,4
blair,4
control,4
down,4
iii,4
refiring,4
right,4
statement,4
ruin,4
distribution,4
substance,4
technological,4
finding,4
national,4
summary,4
element,4
traditional,4
among,4
showed,4
major,4
arizona,4
horizontal,3
represent,3
alone,3
center,3
ti,3
absence,3
being,3
said,3
sources,3
concentrated,3
binocular,3
thank,3
compounds,3
potentially,3
analyses,3
composition,3
photon,3
help,3
trouble,3
dulaney,3
papers,3
problematical,3
slip,3
rohn,3
determined,3
variations,3
bottom,3
roney,3
occur,3
quality,3
since,3
agent,3
interest,3
times,3
compared,3
peckham,3
even,3
communication,3
details,3
apparently,3
wet,3
poorly,3
site,3
via,3
what,3
recognized,3
na,3
levels,3
process,3
research,3
factors,3
plog,3
microscope,3
independently,3
argued,3
show,3
advocated,3
result,3
problem,3
visuales,3
lead,3
replicate,3
puebloan,3
whittaker,3
late,3
cannot,3
near,3
sem,3
line,3
rocks,3
los,3
flaky,3
fired,3
characterization,3
discussions,3
actually,3
haven,3
attributed,3
citing,3
published,3
painting,3
coupled,3
disk,3
components,3
orgdnica,3
adhere,3
essentially,3
always,3
portion,3
therefore,3
about,3
sociocultural,3
technology,3
ethnographic,3
department,3
name,3
stated,3
water,3
analytical,3
totals,3
atomic,3
anthropologist,3
tiestos,3
answer,3
por,3
style,3
degree,3
explanation,3
enhanced,3
ethnology,3
sap,3
entirely,3
individuals,3
mds,3
significance,3
clear,3
amounts,3
individual,3
period,3
general,3
why,3
soaked,3
availability,3
probably,3
lefree,3
attention,3
standard,3
space,3
note,3
bureau,3
independent,3
thermal,3
seen,3
yale,3
clays,3
indicate,3
magnification,3
blurred,3
anthropological,3
associated,3
material,3
following,3
detect,3
potter,3
paper,3
confident,3
best,3
utilized,3
form,3
list,3
cause,3
extract,3
anna,3
vessels,3
ancestral,3
easy,3
techniques,3
kiln,3
wild,3
shown,3
years,3
ethnobotany,3
conditions,3
approximately,3
need,3
involving,3
measured,3
brightness,3
little,3
participant,3
southeastern,3
dashes,3
final,2
now,2
currently,2
o,2
way,2
photographic,2
tusayan,2
separated,2
introduction,2
utility,2
judged,2
confidence,2
formed,2
former,2
whiting,2
hovenweep,2
giardino,2
evaluating,2
total,2
hayes,2
ingredients,2
joe,2
karen,2
distinguishing,2
attempt,2
actual,2
seems,2
containing,2
thus,2
tradition,2
advantage,2
producing,2
studied,2
thanks,2
characterizing,2
ceramists,2
categoria,2
last,2
state,2
within,2
combinations,2
designs,2
ad,2
effort,2
advice,2
encouraging,2
discuss,2
microscopy,2
quantities,2
zuni,2
solely,2
investigator,2
taking,2
combination,2
point,2
except,2
apply,2
representing,2
beneath,2
reliably,2
signal,2
chaco,2
historical,2
explained,2
minutes,2
calculated,2
regarded,2
offcut,2
excavations,2
adams,2
jr,2
fabrics,2
ability,2
century,2
seaman,2
cases,2
nelson,2
nor,2
dean,2
concerning,2
amount,2
body,2
applying,2
left,2
third,2
truly,2
journal,2
look,2
traditions,2
occasion,2
semeds,2
interesting,2
whose,2
distinction,2
exercise,2
una,2
lacking,2
selected,2
means,2
reason,2
accounts,2
marks,2
possibly,2
dichotomy,2
rated,2
familiar,2
organized,2
proved,2
just,2
dittert,2
bruce,2
weak,2
prevent,2
commonly,2
commented,2
stewart,2
additional,2
beyond,2
cost,2
peabody,2
fewkes,2
important,2
preference,2
suggested,2
trained,2
experimentation,2
whereas,2
greater,2
standards,2
came,2
identifying,2
complications,2
concentration,2
here,2
called,2
hough,2
percentages,2
fuel,2
term,2
accurately,2
arranged,2
replicative,2
reasons,2
prioritized,2
cultural,2
coronado,2
produced,2
fish,2
required,2
conferences,2
photo,2
silicon,2
determinar,2
aspects,2
relief,2
proportions,2
inorganic,2
positions,2
texture,2
gave,2
place,2
abel,2
cibola,2
mn,2
middle,2
stanford,2
spectrometer,2
own,2
chemistry,2
flaking,2
computer,2
ironbased,2
raman,2
theoretically,2
simpler,2
applicability,2
contrast,2
diagnostic,2
involved,2
sufficient,2
separately,2
smithsonian,2
este,2
newcomers,2
tanto,2
up,2
vehicle,2
pigmented,2
value,2
newly,2
normalized,2
ghost,2
pot,2
inspection,2
partially,2
detected,2
mineralbased,2
identified,2
incorrect,2
bright,2
constituents,2
labeled,2
subject,2
grande,2
above,2
comments,2
sinagua,2
flake,2
observer,2
represents,2
serve,2
subsuming,2
bind,2
already,2
boiling,2
social,2
mound,2
lewis,2
paul,2
decoration,2
stating,2
spinach,2
rock,2
seconds,2
idea,2
agree,2
lacks,2
layer,2
inconsistency,2
considerable,2
patterns,2
enough,2
v,2
purposes,2
practice,2
wood,2
microscopic,2
extended,2
considering,2
tipo,2
upon,2
correspond,2
medium,2
findings,2
varying,2
eaten,2
tewa,2
operated,2
virtually,2
assume,2
band,2
harvard,2
assign,2
rare,2
examination,2
theoretical,2
involves,2
described,2
ties,2
adding,2
obtaining,2
agreement,2
points,2
scrapings,2
christopher,2
function,2
serves,2
interobserver,2
breternitz,2
problems,2
emphasized,2
analyze,2
grain,2
saw,2
professional,2
hope,2
thence,2
separate,2
applications,2
today,2
reviewer,2
awatovi,2
hargrave,2
testing,2
lines,2
referred,2
strikethrough,2
un,2
collections,2
understand,2
contribution,2
try,2
contributor,2
diagnosis,2
responsible,2
quite,2
unusual,2
publications,2
burned,2
acquired,2
reddish,2
fifteen,2
sorting,2
comes,2
mentioned,2
manual,2
simply,2
offcuts,2
implied,2
kay,2
photomicrographs,2
minerals,2
set,2
ppm,2
ratio,2
sampling,2
wall,2
ops,2
reliability,2
denotes,2
munsell,2
examining,2
vitreous,2
better,2
respect,2
places,2
swarthout,2
according,2
opaque,2
references,2
want,2
articulated,2
mg,2
agreed,2
size,2
conference,2
outline,2
alterations,2
son,2
thereby,2
pecos,2
tried,2
transition,2
sitting,2
agents,2
measure,2
stevenson,2
world,2
maintained,2
sank,2
coming,2
categorization,2
varied,2
prepared,2
shards,2
difference,2
cambridge,2
twentieth,2
charge,2
instead,2
salt,2
evidence,2
basketmaker,2
glaze,2
attempted,2
observation,2
removed,2
nineteen,2
themselves,2
northwestern,2
interaction,2
much,2
counts,2
mineralpainted,2
recent,2
observed,2
behaves,2
ca,2
brighter,1
go,1
superiority,1
amplify,1
stain,1
personally,1
prefer,1
technician,1
calibrated,1
stuart,1
concerned,1
anthony,1
stylistic,1
groups,1
detector,1
mnaresearch,1
stood,1
correlations,1
created,1
encouraged,1
everyone,1
administered,1
expedition,1
heights,1
pierce,1
diagnose,1
succinct,1
notably,1
distributed,1
expect,1
identifies,1
needed,1
operator,1
basinchupadera,1
director,1
denied,1
kinds,1
properly,1
tend,1
essays,1
prime,1
stone,1
referring,1
informative,1
library,1
kissin,1
masterful,1
sets,1
completely,1
inaccuracy,1
bias,1
checking,1
vajilla,1
steve,1
han,1
park,1
descriptive,1
mineraland,1
trace,1
aikins,1
position,1
necessarily,1
tells,1
nineteenth,1
binds,1
flaws,1
source,1
chief,1
precursors,1
client,1
appraisal,1
fires,1
lower,1
reprinted,1
sit,1
aside,1
admixed,1
grosor,1
permanence,1
wrong,1
hence,1
titles,1
nonmagnetic,1
disagreement,1
exclusive,1
originally,1
give,1
attempts,1
taken,1
rested,1
address,1
substances,1
humans,1
expectation,1
fragmentary,1
experiments,1
hour,1
possibilities,1
allan,1
reexamined,1
thoughtradiated,1
inarchaeological,1
assertion,1
suggesting,1
together,1
great,1
display,1
confusion,1
cues,1
pinto,1
rich,1
admittedly,1
disappearance,1
interanalyst,1
proves,1
link,1
substantive,1
closer,1
pigmentation,1
reveal,1
blackpaint,1
lindauer,1
room,1
identificacion,1
products,1
take,1
magnetometry,1
analyst,1
achieved,1
jill,1
silicates,1
consist,1
improving,1
greatly,1
influences,1
raised,1
situ,1
staff,1
ours,1
collectionsfrom,1
confused,1
visibility,1
uncarbonized,1
taphonomic,1
pl,1
takes,1
occasional,1
sophisticated,1
geologic,1
badly,1
resembles,1
cerdmica,1
wetherill,1
key,1
iv,1
fieldarchaeology,1
america,1
demography,1
cated,1
geophysical,1
blanca,1
march,1
addresses,1
account,1
uneven,1
felt,1
recommended,1
denver,1
facilitating,1
interdependently,1
slight,1
cornersarchaeological,1
reaction,1
west,1
occurring,1
margaret,1
beak,1
diffused,1
resources,1
revisededitionanthropologicalpapers,1
dynamic,1
gila,1
reconstruction,1
areport,1
zone,1
measurement,1
ross,1
laboratories,1
mflfe,1
singled,1
framework,1
exposed,1
usage,1
expertise,1
daughters,1
energia,1
includes,1
multidimensional,1
review,1
tularosa,1
que,1
relationships,1
reverse,1
inevitable,1
pilot,1
taxonomic,1
illustrates,1
against,1
analyzing,1
categorized,1
software,1
unpublished,1
mastered,1
registered,1
authoritative,1
reproduced,1
adopted,1
attested,1
spot,1
tucson,1
assessment,1
theorized,1
accelerating,1
z,1
pulverized,1
kind,1
exhausted,1
slabs,1
hs,1
transitional,1
hold,1
concentrations,1
tedious,1
reflectance,1
distinct,1
perspective,1
oxidized,1
hampering,1
atributo,1
refer,1
alkali,1
back,1
contrary,1
baldwin,1
regge,1
adequately,1
serving,1
amsden,1
rediscovering,1
pores,1
biomolecular,1
onreports,1
misleading,1
andover,1
estimate,1
find,1
weight,1
explore,1
drawn,1
utilizados,1
consequently,1
ingredient,1
zies,1
smoother,1
robin,1
pointing,1
understood,1
acted,1
influence,1
unaltered,1
rates,1
cites,1
ceramicsforthearchaeologist,1
keleher,1
disks,1
newer,1
behave,1
clasifico,1
photomicrography,1
definitively,1
peritoma,1
simplified,1
york,1
ka,1
reflects,1
constellations,1
operations,1
traverse,1
respondent,1
purely,1
lucy,1
tabulated,1
absent,1
superficial,1
across,1
generations,1
developed,1
categorizing,1
learning,1
sort,1
rasters,1
basic,1
explicit,1
reference,1
highway,1
mean,1
approaches,1
represented,1
vs,1
anyone,1
tolerable,1
costs,1
hazardous,1
entre,1
magnet,1
derived,1
direct,1
parts,1
kilns,1
withnall,1
prefers,1
assuming,1
possess,1
aplicable,1
brillo,1
summarized,1
feel,1
arbor,1
avoided,1
moreover,1
troublesome,1
modified,1
desprendimiento,1
changes,1
esoteric,1
perceptions,1
maintaining,1
groupo,1
experimentally,1
plus,1
supports,1
prehistory,1
preclude,1
organization,1
improvement,1
river,1
statistical,1
established,1
retained,1
preliminaryaccount,1
emission,1
stored,1
illdefined,1
tenacity,1
elsewhere,1
driven,1
numbers,1
traces,1
additive,1
characterizations,1
frequently,1
mixtures,1
situations,1
afinar,1
fiom,1
operate,1
resource,1
challenged,1
clayreports,1
indications,1
definite,1
visibles,1
intentional,1
stonetools,1
reconsideration,1
instance,1
utah,1
sisymbrium,1
destructive,1
famed,1
shinier,1
providing,1
hot,1
assessments,1
ypulido,1
estos,1
raw,1
ordinarily,1
uses,1
dispersive,1
raster,1
lieu,1
whom,1
nondestructively,1
sand,1
corridors,1
allow,1
bearing,1
transmission,1
critic,1
acknowledgments,1
search,1
critically,1
spectrographic,1
cuanto,1
postulations,1
patrick,1
scaling,1
issue,1
voltage,1
facilitate,1
promedio,1
ildefonso,1
personas,1
shield,1
base,1
evaluate,1
wonder,1
makeup,1
handbook,1
traced,1
though,1
focused,1
thearchaeology,1
paintareas,1
obviated,1
require,1
scale,1
exhaustion,1
placed,1
eye,1
rastered,1
produce,1
your,1
absolute,1
facilities,1
instrumentational,1
possibility,1
suspended,1
erodes,1
impression,1
memory,1
failure,1
directly,1
none,1
unequal,1
trial,1
degrees,1
artifacts,1
literature,1
formerly,1
inferred,1
scope,1
received,1
blue,1
ideal,1
carry,1
nine,1
interface,1
claim,1
county,1
story,1
purpose,1
substitute,1
knowledge,1
apparent,1
confined,1
polychrome,1
electrical,1
impairs,1
revealed,1
thoughts,1
cruciferae,1
description,1
copyright,1
whole,1
exhiben,1
reasoned,1
describe,1
consistently,1
quotations,1
kiva,1
postulated,1
partly,1
contains,1
warranted,1
participated,1
fringing,1
ontario,1
sheen,1
bishop,1
focuses,1
reflect,1
rise,1
achieving,1
obviates,1
indianapolis,1
strikethroughs,1
artifact,1
enhances,1
miss,1
memoirs,1
pottety,1
approach,1
errors,1
diagnosing,1
subtle,1
distinctions,1
ofartefacts,1
provision,1
change,1
excavated,1
solution,1
ati,1
successful,1
caused,1
ago,1
hard,1
working,1
spatially,1
reinforces,1
evershed,1
tested,1
arqueologicos,1
warrant,1
estriaciones,1
atw,1
andrea,1
communitable,1
painttype,1
atmosphere,1
around,1
sole,1
dried,1
soil,1
accomplished,1
replace,1
significantly,1
acts,1
dramatic,1
examinaron,1
nonpainted,1
distinguished,1
isis,1
usual,1
mixing,1
tended,1
philip,1
division,1
videotape,1
coloration,1
customary,1
scott,1
stuartreports,1
majority,1
lox,1
dependent,1
weightings,1
thereports,1
production,1
notes,1
became,1
lore,1
emitted,1
valuable,1
seemed,1
content,1
society,1
garnered,1
prescribed,1
phrased,1
critical,1
pertaining,1
repainted,1
film,1
soaking,1
tipos,1
second,1
investigating,1
asf,1
strokes,1
schiffer,1
minor,1
observations,1
colors,1
variety,1
scientific,1
ailos,1
indicative,1
separation,1
utilizada,1
service,1
puede,1
limited,1
intended,1
lew,1
assessed,1
handout,1
wolkie,1
nearly,1
exception,1
constraints,1
hammond,1
reduce,1
judgment,1
violates,1
presently,1
symmetry,1
decoctions,1
initially,1
cronoldgicas,1
southern,1
unfamiliar,1
decisions,1
tends,1
percentage,1
ferric,1
replicators,1
once,1
norteamericano,1
communities,1
glossy,1
ironversus,1
ethnographers,1
nondestructive,1
coverage,1
makes,1
requiring,1
brunswig,1
soon,1
quantify,1
hii,1
caracterizar,1
inconsistencies,1
boundary,1
perceived,1
railroad,1
adjusted,1
complete,1
nan,1
shifting,1
refine,1
sharply,1
experimental,1
experiment,1
brownish,1
carbonpaint,1
insights,1
odds,1
illustrated,1
confirmed,1
reports,1
reliance,1
speaking,1
typed,1
bar,1
theapaint,1
ciento,1
sistema,1
fairly,1
sketch,1
lee,1
members,1
unreliable,1
acceptancereports,1
technique,1
mark,1
pointed,1
conceived,1
put,1
projectreport,1
smith,1
summing,1
glazes,1
consideration,1
treatment,1
occurrence,1
lives,1
predominant,1
compound,1
appeared,1
abstract,1
choice,1
break,1
independientemente,1
eric,1
surfaces,1
demonstrating,1
suggestive,1
vitrify,1
identical,1
casos,1
imperfect,1
utilize,1
worn,1
removal,1
anne,1
external,1
interim,1
readers,1
interpretaciones,1
hand,1
significativos,1
cation,1
operating,1
model,1
road,1
lowpower,1
dispersiva,1
equate,1
validity,1
existing,1
accepted,1
acoma,1
council,1
rulesfor,1
necessary,1
deep,1
jeddito,1
como,1
distance,1
proportionately,1
gives,1
free,1
regionally,1
identifiable,1
vitrified,1
trait,1
muirhead,1
recognizing,1
understanding,1
matte,1
hue,1
sometime,1
spending,1
clasificaron,1
discussion,1
averaged,1
father,1
treated,1
easier,1
shaky,1
accompanying,1
helps,1
locate,1
impart,1
critiqued,1
lake,1
transformed,1
distinctly,1
previously,1
sixth,1
lista,1
concern,1
empirical,1
ordering,1
illusion,1
angle,1
invisibles,1
largely,1
assumption,1
residues,1
landmarks,1
factor,1
prioridad,1
causes,1
sequence,1
ideas,1
survey,1
polisha,1
questions,1
fuzziness,1
evolution,1
styles,1
designthe,1
supposition,1
diagnosed,1
chosen,1
full,1
ceremonies,1
previous,1
pennsylvania,1
students,1
subsurface,1
dichotomous,1
open,1
dl,1
historic,1
remaining,1
directed,1
authors,1
grupo,1
peter,1
decomposes,1
dents,1
co,1
workers,1
august,1
counter,1
feasible,1
divisions,1
revised,1
estancia,1
geographically,1
oxidizing,1
vintage,1
mount,1
collected,1
kept,1
configurations,1
probable,1
basada,1
abundant,1
sally,1
legacy,1
short,1
suroeste,1
quick,1
ture,1
remember,1
conclusions,1
probe,1
electronico,1
ratios,1
systems,1
qualities,1
mineralogy,1
ann,1
consciously,1
garcia,1
displayed,1
effect,1
socorro,1
categorize,1
confusing,1
differ,1
wanted,1
robbins,1
morris,1
ghostly,1
thunder,1
kristin,1
sugar,1
chemist,1
minimally,1
socioculturales,1
overlooked,1
applies,1
supplemental,1
hunt,1
homogeneously,1
bee,1
contributes,1
ranging,1
canescens,1
dealing,1
carried,1
depth,1
nonvisibility,1
saliva,1
absorbing,1
perspectives,1
reformulations,1
tentative,1
residual,1
mixture,1
recall,1
razonable,1
elevate,1
pigmentanalysis,1
tinguished,1
naturally,1
potteiy,1
usarse,1
hill,1
reasonable,1
serrulata,1
begin,1
vague,1
prehistdrica,1
defined,1
cada,1
fralick,1
becomes,1
success,1
detailed,1
bears,1
ofthe,1
effectively,1
grinding,1
excited,1
recognize,1
rapidly,1
compiling,1
lipids,1
graphical,1
class,1
es,1
swink,1
hopidictionary,1
discernible,1
achieve,1
ing,1
centuries,1
instances,1
get,1
face,1
canada,1
case,1
ash,1
acontribution,1
matters,1
detail,1
kamp,1
sections,1
undertook,1
silicate,1
environment,1
share,1
contained,1
magnitude,1
heavy,1
magnetite,1
profesionales,1
pinnata,1
version,1
changing,1
iijpueblo,1
conjunction,1
comparison,1
pueblos,1
nearfinal,1
salts,1
must,1
measurements,1
demonstrate,1
geographic,1
constituted,1
problemdticos,1
obtieniendo,1
carriers,1
classifying,1
satisfactory,1
temporal,1
indeterminable,1
spots,1
occurrences,1
equipment,1
offers,1
drew,1
crosshatched,1
geoarchaeology,1
considerados,1
verify,1
cover,1
methodologically,1
labeling,1
quickly,1
highly,1
outcome,1
ni,1
positons,1
continental,1
mutually,1
diminishment,1
sido,1
classifiable,1
country,1
readily,1
juice,1
chapman,1
steven,1
refinements,1
unambiguously,1
straightforward,1
appendix,1
argue,1
identically,1
primero,1
universal,1
current,1
regard,1
mfl,1
unsettling,1
minimized,1
particularly,1
bordes,1
grind,1
sunflower,1
cautious,1
southwesternarchaeology,1
gas,1
separating,1
section,1
differed,1
distinctive,1
past,1
quoted,1
february,1
exactitud,1
merely,1
johnson,1
delineated,1
orden,1
explanations,1
automatically,1
exposing,1
carefully,1
investigation,1
combined,1
spatial,1
terms,1
invariably,1
cooking,1
ones,1
plants,1
add,1
charged,1
map,1
protective,1
carbonbased,1
theory,1
vigorously,1
blackware,1
pleased,1
leaving,1
heavier,1
lessen,1
fully,1
icpaes,1
differs,1
zia,1
xrd,1
presencia,1
xrays,1
explored,1
video,1
information,1
almost,1
oxygen,1
emphasis,1
upper,1
contain,1
boiled,1
categories,1
art,1
cluster,1
finished,1
bodies,1
apparatus,1
demarcated,1
occasionally,1
imparted,1
necessity,1
preserved,1
careful,1
greg,1
recognition,1
multiple,1
extracts,1
springboard,1
convierta,1
city,1
despite,1
estudio,1
improves,1
november,1
variability,1
giving,1
objetiva,1
lab,1
respontotal,1
james,1
bradley,1
indians,1
mention,1
evidenced,1
definitions,1
subsumed,1
come,1
named,1
campus,1
hitachi,1
formation,1
absorcion,1
ure,1
spring,1
elicited,1
recording,1
north,1
unable,1
reveals,1
dificiles,1
generate,1
disappear,1
charts,1
contract,1
illinois,1
protohistoric,1
grappling,1
americananthropologist,1
northland,1
offer,1
applicable,1
rango,1
integrated,1
northamerica,1
asked,1
spectrometry,1
clues,1
derive,1
quartz,1
definitive,1
ranged,1
needs,1
specific,1
potential,1
textures,1
penetrated,1
assumed,1
rest,1
kayenta,1
laterals,1
consisted,1
supply,1
xray,1
jamie,1
correlate,1
informants,1
era,1
debate,1
early,1
cohesive,1
maximum,1
exclusively,1
spectral,1
unpolished,1
phillips,1
charging,1
focus,1
indentificar,1
strong,1
seek,1
atawatovi,1
facile,1
taylor,1
nordenskiold,1
cross,1
ferrous,1
successive,1
doing,1
daughter,1
signals,1
mistaken,1
close,1
super,1
evidently,1
