WORDCOUNTS,WEIGHT
and,715
the,593
of,511
in,369
a,219
to,131
ad,128
fremont,120
with,119
for,110
by,104
from,102
maize,91
on,87
lake,80
at,79
per,78
is,77
great,76
salt,75
diets,75
utah,73
are,71
j,70
d,67
wetlands,66
no,63
m,60
that,58
university,54
basin,54
or,54
values,54
were,54
mil,51
as,51
american,50
diet,50
et,49
gsl,49
al,48
isotope,47
have,47
burials,46
r,46
city,45
s,44
mean,44
high,44
bone,42
than,37
sites,37
period,37
c,37
site,36
simms,35
an,35
more,35
carbon,35
collagen,34
b,33
was,33
pp,33
individuals,33
archaeological,33
between,33
village,32
i,32
also,31
t,30
age,29
table,29
human,28
climate,28
stable,28
population,27
edited,27
antiquity,27
not,27
w,27
figure,26
papers,25
economic,25
but,25
farming,25
p,24
f,24
range,24
eastern,23
adult,23
l,23
prehistory,23
social,23
e,22
may,22
k,22
prehistoric,22
three,22
been,22
burial,21
moisture,20
their,20
creek,20
river,20
we,20
skeletal,20
radiocarbon,20
plant,20
de,19
g,19
journal,19
less,19
male,19
males,19
evidence,19
protein,18
anthropological,18
plants,18
intake,18
one,17
h,17
nitrogen,17
n,17
drought,17
residential,17
during,17
significant,17
differences,16
collection,16
study,16
willard,16
mound,16
new,16
wild,16
madsen,15
other,15
expansion,15
dates,15
pueblo,15
this,15
these,15
foods,15
indicate,15
analysis,15
over,15
calibrated,14
against,14
recovered,14
both,14
ratios,14
tl,14
early,14
among,14
it,13
talbot,13
ut,13
sp,13
young,13
across,13
most,13
los,13
climatic,13
museum,13
variation,13
mounds,13
numic,13
all,12
agriculture,12
bison,12
mixed,12
subsistence,12
isotopes,12
coltrain,12
research,12
value,12
female,12
exhibit,12
relationship,12
abandonment,12
has,12
bear,12
be,12
common,11
extreme,11
large,11
western,11
animal,11
similar,11
category,11
late,11
archaeology,11
pinyon,11
sex,11
two,11
department,11
reliance,11
strategies,11
injun,11
low,11
mammals,11
percent,11
science,11
temporal,11
pit,11
ca,11
foraging,10
evans,10
they,10
negative,10
ii,10
depleted,10
within,10
some,10
along,10
canyon,10
after,10
caldwell,10
fish,10
record,10
dw,10
see,10
summer,10
relative,10
dietary,10
series,10
peoples,10
provo,10
colorado,10
iii,10
pecos,10
north,10
if,9
nm,9
isotopic,9
y,9
levee,9
elevated,9
pollen,9
used,9
significantly,9
clear,9
stress,9
mountain,9
enriched,9
increasing,9
nutritional,9
cultures,9
dalley,9
white,9
owsley,9
bristlecone,9
recent,9
dc,8
modern,8
long,8
nature,8
date,8
brigham,8
consumed,8
diversity,8
southwestern,8
sample,8
storage,8
ridge,8
studies,8
females,8
warren,8
faunal,8
structure,8
data,8
del,8
backhoe,8
sampled,8
change,8
south,8
formative,8
reconstruction,8
movement,8
atomic,8
where,8
analyzed,8
made,8
dating,8
would,8
small,8
each,8
while,8
suggests,8
beer,8
years,8
indices,8
resources,8
medieval,7
either,7
complex,7
into,7
warm,7
state,7
access,7
x,7
since,7
relatively,7
co,7
six,7
york,7
means,7
arid,7
tooth,7
four,7
delta,7
greater,7
had,7
cultural,7
well,7
records,7
waterfowl,7
seed,7
foragers,7
populations,7
indicates,7
positive,7
culture,7
fawcett,7
nevada,7
do,7
v,7
wildhorse,7
those,7
samples,7
use,7
food,7
households,7
tree,7
respectively,7
southwest,7
northern,7
la,7
yields,7
complexity,7
plateau,7
ratio,7
associated,7
cultivation,7
adults,7
categories,7
df,7
atmospheric,7
variability,7
although,7
correlated,7
graphed,7
remains,7
correlation,6
linguistic,6
before,6
stafford,6
bettinger,6
very,6
above,6
higher,6
signatures,6
section,6
readings,6
fre,6
appear,6
produced,6
technical,6
work,6
structures,6
below,6
grass,6
up,6
periods,6
mesa,6
canadensis,6
subset,6
rings,6
beef,6
deterioration,6
time,6
grave,6
discussed,6
average,6
region,6
chamberlin,6
anasazi,6
sexed,6
slightly,6
versus,6
investigations,6
species,6
five,6
primarily,6
remaining,6
enamel,6
environment,6
terrestrial,6
here,6
set,6
anthropology,6
presence,6
goods,6
form,6
wilde,6
subadult,6
approximately,6
sigma,6
consumption,6
ll,6
given,6
metcalfe,6
tubers,6
arizona,6
difficult,5
stone,5
pasture,5
baker,5
taxa,5
consistent,5
there,5
california,5
context,5
occasional,5
east,5
bases,5
fractionation,5
west,5
regarding,5
que,5
component,5
development,5
uinta,5
unpublished,5
excavations,5
ofarchaeological,5
support,5
intercept,5
house,5
additional,5
surface,5
history,5
schwarcz,5
reconstructed,5
charred,5
its,5
status,5
precipitation,5
several,5
results,5
implications,5
synthesis,5
us,5
again,5
striking,5
distal,5
patterns,5
adjacent,5
ground,5
material,5
paired,5
grasshopper,5
explanation,5
increase,5
mortuary,5
mastoid,5
exhibited,5
nursing,5
modem,5
collected,5
salina,5
who,5
sn,5
ruff,5
aboriginal,5
different,5
half,5
report,5
las,5
adaptation,5
infant,5
chronology,5
reported,5
little,5
maintained,5
argument,5
difference,5
temperature,5
fauna,5
grown,5
final,4
medicinal,4
indicated,4
groups,4
represent,4
environmental,4
janetski,4
grasses,4
reduced,4
lower,4
branta,4
season,4
laboratory,4
uncharred,4
farmers,4
forage,4
survey,4
el,4
con,4
nawthis,4
ritual,4
central,4
snake,4
uniformly,4
fowler,4
mycorrhizae,4
growth,4
smoking,4
upper,4
show,4
archeological,4
important,4
hemphill,4
expressed,4
result,4
based,4
international,4
subsisted,4
appears,4
near,4
utahanthropological,4
ehleringer,4
heavily,4
place,4
lifeways,4
reflect,4
leavitt,4
trees,4
next,4
typically,4
diagnostic,4
settlement,4
soil,4
smithsonian,4
zea,4
when,4
jordan,4
world,4
he,4
likely,4
absence,4
identified,4
indicative,4
fagre,4
biological,4
boundary,4
index,4
palmer,4
ams,4
same,4
natural,4
reports,4
only,4
volume,4
lack,4
comparison,4
rock,4
water,4
lindsay,4
crop,4
outside,4
present,4
knoll,4
local,4
assemblages,4
upon,4
contours,4
desert,4
resulting,4
evolution,4
historic,4
general,4
tieszen,4
marwitt,4
standard,4
shallow,4
pathway,4
political,4
infants,4
analytical,4
lines,4
rim,4
perhaps,4
fall,4
united,4
extremely,4
shift,4
contained,4
following,4
atp,4
extensive,4
bioarchaeological,4
bright,4
paper,4
distinctions,4
milk,4
past,4
evident,4
growing,4
proceedings,4
biomechanical,4
signature,4
cluster,4
photosynthesis,4
presented,4
through,4
uniform,4
fossil,4
subsisting,4
transition,4
geographic,4
humerus,4
discussion,4
using,4
precision,4
pine,4
moderate,4
numerous,4
effects,4
area,4
indian,4
association,4
increased,4
djd,4
indicating,4
views,4
society,4
does,3
maxilla,3
loading,3
mountains,3
center,3
pathologies,3
comparisons,3
unlike,3
bp,3
hayes,3
source,3
upland,3
transitions,3
preceding,3
kilometers,3
rapid,3
worked,3
amaranthus,3
bulrush,3
georgia,3
available,3
suggesting,3
accompanied,3
rich,3
mechanical,3
last,3
miles,3
physical,3
deviation,3
epstein,3
recorded,3
mass,3
geophysical,3
covary,3
possible,3
marked,3
activity,3
illustrate,3
slight,3
cited,3
herbivore,3
manuscript,3
labor,3
thus,3
historical,3
differential,3
interior,3
raises,3
rstandard,3
tucson,3
century,3
thank,3
oecologia,3
concentrations,3
nor,3
perspective,3
paleodiet,3
houses,3
phd,3
publications,3
weight,3
even,3
lumbar,3
scirpus,3
rates,3
adequate,3
whose,3
plotted,3
unit,3
eight,3
practicing,3
provides,3
billat,3
stillwater,3
dated,3
energy,3
argued,3
commonly,3
resource,3
decades,3
whereas,3
salvage,3
found,3
demise,3
behavioral,3
bomb,3
base,3
further,3
equally,3
baumhoff,3
suffered,3
younger,3
procedures,3
carbonates,3
gender,3
whole,3
year,3
jr,3
issues,3
contains,3
people,3
dioxide,3
showing,3
project,3
spectrometer,3
attributed,3
staple,3
excavated,3
current,3
anomaly,3
suggest,3
acorn,3
eh,3
coast,3
visible,3
bulletin,3
raised,3
deer,3
spangler,3
lft,3
will,3
san,3
barnyard,3
transverse,3
anas,3
brief,3
exception,3
apatite,3
community,3
structural,3
rodent,3
verde,3
springs,3
relied,3
included,3
complete,3
regional,3
name,3
others,3
adobe,3
cedar,3
shows,3
ceramic,3
areas,3
brighamyoung,3
larger,3
pattern,3
johannessen,3
ages,3
en,3
coincident,3
native,3
muskrat,3
assemblage,3
locations,3
elevation,3
understanding,3
width,3
chronologies,3
discrimination,3
ethnology,3
conditions,3
sequence,3
engaged,3
which,3
states,3
subadults,3
individual,3
loveland,3
function,3
mexico,3
cerling,3
spent,3
agriculturalists,3
become,3
probably,3
ate,3
pipe,3
adaptive,3
pentad,3
median,3
continued,3
ecological,3
widespread,3
tuber,3
antiquities,3
then,3
any,3
measurements,3
organization,3
sevier,3
statistical,3
coincides,3
steven,3
appendix,3
foundation,3
sexual,3
spatial,3
selected,3
mandible,3
extent,3
influenced,3
emphasis,3
holocene,3
researchers,3
soper,3
spring,3
pelecanus,3
chemical,3
followed,3
sigler,3
supported,3
cell,3
vary,3
linguistics,3
element,3
valley,3
abandoned,3
much,3
immediately,3
household,3
miller,2
femora,2
o,2
child,2
page,2
reno,2
way,2
collett,2
affected,2
expedition,2
eliminated,2
speakers,2
settlements,2
seepweed,2
shoreline,2
fed,2
weaned,2
plowed,2
hymenoides,2
farquhar,2
excavation,2
salado,2
contexts,2
first,2
secrest,2
davis,2
bcp,2
fragmentary,2
photosynthetica,2
undisturbed,2
rhode,2
height,2
elevational,2
interred,2
analyses,2
fry,2
composition,2
bighom,2
das,2
somewhat,2
vegetation,2
sociopolitical,2
pate,2
reading,2
extend,2
departures,2
case,2
nephi,2
gaming,2
projectile,2
bones,2
iv,2
ofcoltrain,2
replacement,2
prior,2
condition,2
pharo,2
duck,2
taking,2
variations,2
supply,2
ovis,2
constrained,2
decreasing,2
economies,2
lambert,2
extramural,2
pelican,2
pentads,2
exposed,2
review,2
collapse,2
lining,2
due,2
tables,2
polly,2
occurs,2
characteristic,2
february,2
z,2
hemionus,2
symposium,2
norr,2
bay,2
footnotes,2
plain,2
andd,2
amount,2
shaft,2
adequately,2
response,2
hypoplasia,2
spielmann,2
leaf,2
estimate,2
spread,2
echinochloa,2
longterm,2
sisters,2
comidas,2
gates,2
segregate,2
recognized,2
without,2
his,2
drainages,2
catostomidae,2
joan,2
fuels,2
levels,2
breast,2
highway,2
una,2
gull,2
persistent,2
importance,2
se,2
entre,2
derived,2
montanus,2
parts,2
contributions,2
cattail,2
az,2
tissue,2
biased,2
atriplex,2
unsexed,2
elsewhere,2
driven,2
impact,2
northeastern,2
communities,2
corresponding,2
strategy,2
mammal,2
view,2
finnigan,2
fluid,2
uses,2
closely,2
ricegrass,2
could,2
train,2
erosion,2
wormington,2
pass,2
dburial,2
academic,2
occupation,2
criteria,2
institute,2
decker,2
ceramics,2
brenner,2
cannot,2
spline,2
occurrence,2
briefly,2
network,2
mule,2
artifacts,2
dropseed,2
oxygen,2
reduction,2
cob,2
related,2
indigenous,2
henderson,2
aged,2
stores,2
woodland,2
northwest,2
reduces,2
middle,2
rodents,2
institution,2
artifact,2
mkr,2
walton,2
chemistry,2
towards,2
lutra,2
good,2
crust,2
steward,2
ezzo,2
roost,2
deniro,2
larsen,2
bank,2
around,2
temporary,2
distinguished,2
alluvial,2
fully,2
annual,2
relic,2
diploic,2
pdb,2
span,2
methuselah,2
led,2
units,2
higham,2
onset,2
van,2
materials,2
contingent,2
located,2
cribia,2
return,2
harris,2
wetland,2
southern,2
southeast,2
yet,2
hydrological,2
reference,2
represents,2
thought,2
under,2
parsimonious,2
specimens,2
ancient,2
light,2
microtus,2
unusually,2
noted,2
useful,2
fill,2
garrison,2
death,2
hearths,2
odocoileus,2
averages,2
cultivated,2
gooseberry,2
blocks,2
sullivan,2
seasonality,2
diverse,2
end,2
feasting,2
diameter,2
man,2
anthropologist,2
chain,2
model,2
humeri,2
hastorf,2
baxter,2
shown,2
funkhouser,2
acids,2
exceeds,2
frequency,2
number,2
argues,2
riparian,2
arch,2
divided,2
invested,2
combusted,2
cambridge,2
mmd,2
pathology,2
including,2
shadscale,2
questions,2
sporobulus,2
pedler,2
inversely,2
vii,2
femur,2
nut,2
agreement,2
points,2
dominated,2
mississippian,2
gate,2
like,2
statistically,2
robusticity,2
features,2
curve,2
tavaputs,2
probable,2
preservation,2
merwe,2
amino,2
latter,2
bartlein,2
oryzopsis,2
elaborate,2
computed,2
integrated,2
construction,2
james,2
shoshoni,2
usa,2
equivalent,2
occupied,2
lupo,2
joint,2
evaluated,2
occupy,2
moore,2
basketmaker,2
fifty,2
lo,2
assigned,2
abundance,2
miocene,2
note,2
bureau,2
provide,2
wasatch,2
logan,2
hogan,2
excluding,2
un,2
widths,2
lawrence,2
degenerative,2
lipids,2
numa,2
existed,2
wildlife,2
centuries,2
itself,2
canada,2
lago,2
diversidad,2
burned,2
coprophagy,2
biology,2
foraged,2
larus,2
slope,2
pt,2
sciences,2
quaternary,2
der,2
defining,2
mucho,2
mv,2
sheep,2
approximates,2
argue,2
intrusion,2
escalante,2
corrugated,2
particularly,2
denver,2
far,2
badger,2
cervical,2
decline,2
wood,2
tibia,2
hombres,2
surpluses,2
ruins,2
what,2
unique,2
them,2
physiology,2
rose,2
mano,2
thirty,2
agricultural,2
tightly,2
leaving,2
notes,2
limbs,2
studying,2
women,2
hundreds,2
size,2
varieties,2
john,2
occasionally,2
preserved,2
northwestern,2
pits,2
despite,2
bskt,2
corn,2
techniques,2
ecology,2
tissues,2
obtain,2
arguments,2
goose,2
indians,2
evidenced,2
burning,2
proximal,2
father,2
varied,2
shores,2
lithic,2
models,2
kernel,2
decrease,2
national,2
include,2
proteina,2
yieldb,2
lyophilized,2
ic,2
measured,2
archaic,2
soils,2
pathways,2
sppb,2
dental,2
profiles,2
should,2
meeting,2
southeastern,2
showed,2
schmitt,2
hypothesis,2
reservior,1
stables,1
lexicostatistic,1
aogden,1
margins,1
now,1
equation,1
receded,1
cold,1
allegedly,1
jacal,1
talpoides,1
cultigens,1
narrowest,1
rudy,1
stuart,1
referencec,1
ainsworth,1
gelatinized,1
foodwebs,1
generous,1
correlations,1
toanthropology,1
designated,1
degraded,1
bincludes,1
acutus,1
uptake,1
balsam,1
wa,1
episodes,1
accords,1
floodwaters,1
cascading,1
offset,1
red,1
measures,1
showncoltrain,1
alone,1
durante,1
adoption,1
ultimate,1
originating,1
unbiased,1
distributed,1
deciduous,1
mouth,1
pill,1
stripped,1
engendering,1
replaced,1
partially,1
orilla,1
patches,1
fate,1
effective,1
elaborated,1
fixation,1
dominguezescalante,1
second,1
currency,1
goss,1
injuries,1
estan,1
fray,1
strictly,1
eeee,1
completely,1
bias,1
rt,1
paradigms,1
epurchased,1
favor,1
park,1
inference,1
wolf,1
porcupine,1
cams,1
grasslands,1
paludosis,1
predictor,1
necessarily,1
shag,1
organic,1
osteological,1
presents,1
distillation,1
amaranth,1
occurred,1
pinus,1
behavior,1
variants,1
total,1
fragile,1
pots,1
estelle,1
standards,1
po,1
arguing,1
monograph,1
incidences,1
controlled,1
practices,1
properties,1
mitigated,1
fluctuations,1
gret,1
round,1
stomatal,1
member,1
ramey,1
nursed,1
chenopodium,1
reconstructions,1
bsear,1
milcoltrain,1
tocoltrain,1
bioapatite,1
production,1
sad,1
finger,1
pervasive,1
derives,1
tiempo,1
lipid,1
affiliated,1
severely,1
infections,1
taken,1
anomalies,1
location,1
palynological,1
lowered,1
expectation,1
archer,1
forpaleodiet,1
youngest,1
sppc,1
dramatically,1
hogup,1
dampening,1
comparatively,1
limb,1
zibethica,1
wooden,1
twenty,1
broken,1
dorsatum,1
whitlock,1
terminate,1
simple,1
turnover,1
monitor,1
ccollected,1
ofage,1
xj,1
lovegrass,1
bestowing,1
condie,1
follows,1
revisions,1
ephemeral,1
government,1
reed,1
closer,1
molecular,1
ol,1
room,1
squid,1
locality,1
unk,1
madsenandrhode,1
styles,1
subsequent,1
help,1
mujeres,1
transpiration,1
monophyla,1
dobtained,1
sd,1
remainder,1
encuentra,1
foramericanarchaeology,1
entierros,1
opposite,1
detection,1
signs,1
breastfeeding,1
cretaceous,1
regressed,1
crus,1
triggered,1
side,1
takes,1
described,1
fertilizers,1
resulted,1
adownton,1
ofburials,1
basketry,1
lovell,1
cenozoic,1
estanformulados,1
autonomous,1
bird,1
unaware,1
money,1
advice,1
longbone,1
dietos,1
shafts,1
demography,1
stretching,1
retain,1
filtrate,1
account,1
vol,1
inverse,1
responses,1
fremontriver,1
compelling,1
quarterman,1
pronghom,1
estudios,1
facilitating,1
lytic,1
adopting,1
tiene,1
solely,1
functions,1
october,1
consumers,1
naturalist,1
csmith,1
crossed,1
information,1
gunnison,1
interdisciplinary,1
innominate,1
rosa,1
reflecting,1
vated,1
aboveground,1
experiencing,1
bottom,1
gila,1
dateb,1
representing,1
paneth,1
metcalf,1
mat,1
afterad,1
analyzing,1
torreyanaa,1
eroded,1
wwarren,1
castor,1
ross,1
macronutrients,1
internationally,1
sand,1
reliably,1
signal,1
surplus,1
funded,1
onion,1
hierarchy,1
canadian,1
postcranial,1
includes,1
ravaged,1
ice,1
reservoir,1
affiliation,1
acuerdo,1
phalange,1
criba,1
mckibbin,1
influx,1
accuracy,1
ondatra,1
severe,1
terraces,1
such,1
dynamics,1
quality,1
counterpoint,1
mm,1
pilot,1
unsuccessful,1
faced,1
initially,1
siteb,1
september,1
bpercent,1
corner,1
arable,1
ability,1
relations,1
acta,1
santa,1
gilman,1
participating,1
grouped,1
analyzer,1
dozen,1
geometry,1
preparation,1
mild,1
extensively,1
privilege,1
physicalanthropology,1
comprised,1
spans,1
forced,1
kind,1
turn,1
estimates,1
cases,1
resting,1
clay,1
distinct,1
old,1
silvestres,1
symptoms,1
meteorology,1
balls,1
ver,1
herbaceous,1
body,1
highest,1
flawed,1
helliker,1
output,1
gls,1
maxima,1
ecalibrated,1
reoccupation,1
neaas,1
networks,1
beginning,1
died,1
heavy,1
explore,1
drawn,1
cryptandrusa,1
island,1
sclerotic,1
closure,1
reasoned,1
searche,1
agrid,1
border,1
stratum,1
summerto,1
yel,1
kidder,1
climates,1
zinc,1
though,1
paleoecological,1
impressions,1
regionalization,1
error,1
cites,1
weathering,1
njunjon,1
traumatic,1
econmica,1
graphitized,1
djordan,1
enzymatic,1
employ,1
divergence,1
dodd,1
cochiti,1
shaul,1
sixteen,1
crusgallid,1
interesting,1
otter,1
enhancing,1
philadelphia,1
graphics,1
essential,1
reflects,1
amphibians,1
trapezoidal,1
scavenger,1
acid,1
terminates,1
camp,1
popcorn,1
main,1
jennings,1
developed,1
debated,1
pfiatap,1
basic,1
square,1
mitigates,1
uth,1
mallard,1
radius,1
coastal,1
hughes,1
cambia,1
nonessential,1
ungulate,1
graze,1
sembrar,1
cambian,1
environments,1
excavators,1
mechanics,1
proximity,1
taller,1
risk,1
carson,1
monsoon,1
mile,1
whether,1
livermore,1
certain,1
iug,1
cave,1
adept,1
consuming,1
preliminaryreportarcheologicalresearchatnawthis,1
commercially,1
receding,1
upstream,1
arbor,1
conifers,1
scattered,1
factors,1
miscellaneous,1
balsamorhiza,1
shell,1
mostrado,1
reason,1
references,1
understand,1
changes,1
acquisition,1
maintaining,1
wee,1
consultation,1
animala,1
owl,1
tensions,1
skeleton,1
obitalia,1
entry,1
pestle,1
mdsf,1
retained,1
severity,1
hip,1
organized,1
fishes,1
yellow,1
slowly,1
clearly,1
proposed,1
moderately,1
days,1
intercellular,1
dincludes,1
numbers,1
gradually,1
carbonand,1
rhizome,1
restricted,1
reviewed,1
calendar,1
too,1
profile,1
blisted,1
accumulating,1
manyears,1
spina,1
archeomagnetic,1
embossed,1
superior,1
hondo,1
shorter,1
anillos,1
dept,1
peru,1
efficient,1
isolation,1
isand,1
substantiated,1
filtered,1
neither,1
painted,1
periderida,1
terminology,1
metabolism,1
peabody,1
carlo,1
patagonia,1
wyoming,1
providing,1
cut,1
vine,1
categorical,1
lesions,1
hcollected,1
alice,1
beaver,1
estos,1
union,1
shortfalls,1
erbaeal,1
ranges,1
uti,1
yielding,1
limits,1
gairdneri,1
fitted,1
posible,1
identifying,1
krueger,1
underrepresented,1
ethnography,1
questioned,1
arrival,1
pii,1
dollars,1
leach,1
deltas,1
societies,1
comments,1
replicate,1
method,1
conservative,1
typical,1
innominates,1
discrete,1
lindsey,1
strongly,1
lived,1
francey,1
economics,1
distil,1
alli,1
sedentary,1
canyonlands,1
requirements,1
huesos,1
suitable,1
quercus,1
iron,1
initial,1
philosophical,1
cores,1
representative,1
surprising,1
bernheimer,1
extracting,1
density,1
fans,1
meter,1
tumbas,1
sacrum,1
left,1
ann,1
tarahumara,1
ceases,1
traits,1
carex,1
transactions,1
elemental,1
third,1
buried,1
nineteenth,1
war,1
earliest,1
circular,1
platyrhynchos,1
tools,1
hams,1
meet,1
attractiveness,1
tracer,1
sedge,1
canescensb,1
alncludes,1
singly,1
refuge,1
dwelling,1
absolute,1
occ,1
approached,1
facilities,1
fox,1
aridity,1
chn,1
bow,1
wide,1
acknowledgments,1
filter,1
sparse,1
sighted,1
because,1
aspects,1
intertreevariability,1
failure,1
shape,1
having,1
colonies,1
keeping,1
enrichment,1
feeding,1
minimal,1
basis,1
invisible,1
marsh,1
mapped,1
cephalopod,1
prado,1
residents,1
received,1
excreted,1
andes,1
bbillat,1
lowerlimb,1
brought,1
characterization,1
part,1
su,1
london,1
purpose,1
hare,1
succulents,1
macrofossil,1
calls,1
perfil,1
patterning,1
thoughts,1
cosmochimica,1
description,1
pocket,1
paleoenvironments,1
donahue,1
overview,1
accord,1
fit,1
consistently,1
older,1
palynology,1
blue,1
iz,1
economicas,1
premont,1
ezethizon,1
geochimica,1
transported,1
translated,1
unfired,1
saw,1
focuses,1
wet,1
surrounding,1
judd,1
earlycoltrain,1
flatter,1
health,1
sexualdimorphism,1
contending,1
wolley,1
famine,1
functioned,1
trends,1
markedly,1
lithics,1
graduate,1
approach,1
refuse,1
aikens,1
magpies,1
expended,1
wholesale,1
published,1
creating,1
antilocapra,1
computer,1
mgreat,1
indicator,1
viable,1
abillat,1
microclimatic,1
field,1
sbrigham,1
spatially,1
peterson,1
prevalence,1
indicators,1
trading,1
box,1
peruvian,1
contrast,1
southon,1
hole,1
apparently,1
registro,1
specifically,1
balancing,1
intervals,1
mitchell,1
tavapits,1
sufficient,1
few,1
carbonisotope,1
replace,1
adversely,1
components,1
este,1
membrane,1
bowed,1
transfer,1
notation,1
averiguar,1
facility,1
despues,1
ts,1
rojo,1
andw,1
peak,1
kernels,1
efremont,1
pickleweed,1
cl,1
solounias,1
anterior,1
aggregates,1
progress,1
extracted,1
bwelki,1
floorplans,1
kiva,1
cycle,1
altogether,1
breed,1
diminished,1
appropriate,1
recycle,1
grateful,1
preliminary,1
lincoln,1
greatsaltlake,1
flour,1
femide,1
cascade,1
preventing,1
geographical,1
activities,1
prehistorian,1
wetands,1
fpfatea,1
limiting,1
commensurate,1
replacing,1
preceeded,1
threatened,1
defended,1
approximate,1
investigating,1
nation,1
ceremonial,1
cribra,1
confertifolia,1
architecture,1
campsites,1
african,1
signaling,1
clncludes,1
shields,1
mechanisms,1
positions,1
overall,1
labeled,1
palaeoecology,1
routinely,1
andfemale,1
turnbull,1
observations,1
limited,1
legumes,1
tubular,1
nearly,1
drops,1
affiliationa,1
dicotyledon,1
tropical,1
intensively,1
narrowing,1
intimidation,1
rodentia,1
still,1
estado,1
abandonamiento,1
expanded,1
americana,1
highstatus,1
daytime,1
steinaker,1
standing,1
berohm,1
humans,1
lb,1
za,1
negate,1
fort,1
religious,1
direction,1
measure,1
sexbased,1
single,1
percentage,1
scarcity,1
about,1
evenly,1
calculate,1
foot,1
competition,1
land,1
unprovenienced,1
harkness,1
abundances,1
andassociatedanalyses,1
opportunities,1
pee,1
latifolia,1
morss,1
makes,1
pendant,1
requiring,1
ring,1
evolved,1
technology,1
mobile,1
dialects,1
formally,1
exposure,1
bull,1
eragostis,1
times,1
varian,1
confidence,1
temperate,1
bitterroot,1
rims,1
summarizes,1
matson,1
assimilation,1
legen,1
carbonate,1
abandon,1
shifting,1
rabbit,1
ethnographic,1
experimental,1
floor,1
nonindigenous,1
presscoltrain,1
archeology,1
hay,1
si,1
responsive,1
experiment,1
fingerridge,1
appeals,1
elevating,1
steve,1
monsoons,1
communal,1
lepus,1
lined,1
goodness,1
hearth,1
weaning,1
stones,1
independent,1
skeletons,1
double,1
resultados,1
simulation,1
lamb,1
members,1
lucid,1
limit,1
fell,1
feeders,1
fragmentation,1
astragulus,1
printing,1
alisted,1
confertifoliab,1
saltbush,1
flat,1
addition,1
bschoeninger,1
many,1
crops,1
lengthy,1
fact,1
longer,1
leading,1
paiute,1
lesion,1
terminating,1
graphite,1
chisholm,1
fundamental,1
meadow,1
adding,1
wesley,1
ammonium,1
conference,1
agree,1
ethnohistoric,1
decreases,1
antonio,1
gray,1
figurines,1
macfadden,1
distributions,1
ofnatural,1
flotation,1
theancient,1
fragments,1
external,1
zealand,1
palaios,1
channel,1
sort,1
never,1
sistersa,1
anthroutahedu,1
abstract,1
physiological,1
increases,1
shrubs,1
respiratory,1
mammalian,1
existing,1
bead,1
accepted,1
wright,1
unclear,1
radiocarbono,1
transversed,1
coincided,1
royal,1
deep,1
carnivore,1
urea,1
teeth,1
downtown,1
vogel,1
assorted,1
flint,1
ignoring,1
distance,1
going,1
outlines,1
valleys,1
thoroughly,1
saunders,1
remained,1
rsample,1
notion,1
treering,1
vegetational,1
herbivores,1
redman,1
genus,1
subtropical,1
greatest,1
exploring,1
investment,1
investigated,1
elevations,1
averaged,1
rio,1
dependiente,1
coherent,1
disease,1
turkey,1
mays,1
treated,1
canis,1
cree,1
newyork,1
betweenad,1
craig,1
ofapplied,1
accompanying,1
onto,1
elfin,1
fungi,1
ethnobotany,1
fritts,1
intermountain,1
registrados,1
sppe,1
recover,1
birds,1
opportunity,1
mosaic,1
encouraged,1
moud,1
controlling,1
rediviva,1
traded,1
doug,1
raven,1
persisted,1
virtually,1
ulna,1
robinson,1
americanarchaeology,1
reconstructing,1
congress,1
band,1
harvard,1
trend,1
rare,1
variables,1
real,1
marcos,1
mds,1
examination,1
chosen,1
full,1
overlap,1
previous,1
suggested,1
advantages,1
andp,1
photosynthetic,1
fused,1
specimen,1
grove,1
trade,1
libby,1
seldom,1
significance,1
lacustrine,1
elk,1
chishom,1
comprehensive,1
manzano,1
peter,1
amounts,1
crania,1
mts,1
haciendo,1
causal,1
plains,1
variant,1
lifestyles,1
degradation,1
revised,1
isotopos,1
terrestrially,1
so,1
majorwet,1
yuan,1
optimum,1
estaba,1
traveled,1
demineralized,1
dry,1
practiced,1
allenrolfea,1
earlier,1
eraghavendra,1
moonds,1
thomas,1
monitors,1
browse,1
least,1
curtailing,1
subfloor,1
exchange,1
repeated,1
class,1
habitations,1
margin,1
columbian,1
favored,1
special,1
renal,1
depressb,1
internal,1
ocoltrain,1
nicely,1
often,1
freported,1
feet,1
bordered,1
ashy,1
correction,1
displayed,1
accordingly,1
effect,1
teach,1
can,1
instableisotopes,1
excluded,1
monographs,1
shorelines,1
confusing,1
stillwatermarsh,1
bored,1
bremer,1
fe,1
adaptations,1
hydroxyapatite,1
figures,1
content,1
summarized,1
organics,1
goosefoot,1
tenfold,1
ofarroyo,1
ago,1
recurring,1
educational,1
sucker,1
attention,1
concluded,1
gleaned,1
division,1
numicspeaking,1
anatomy,1
hunt,1
occulta,1
discriminating,1
solar,1
dealing,1
european,1
seasons,1
grayware,1
eburnation,1
relying,1
groupings,1
simulatedanasazi,1
exostosis,1
ffloating,1
habla,1
absorbing,1
payoffs,1
integration,1
marrow,1
meets,1
bars,1
pantano,1
cantidad,1
cburials,1
kenya,1
utc,1
paro,1
maps,1
suggestive,1
pieces,1
arrow,1
testexcavations,1
randomly,1
deteriorating,1
fewer,1
slow,1
bivalve,1
woodbury,1
dike,1
collections,1
detailed,1
dcerling,1
sigmas,1
began,1
grinding,1
contribution,1
iconographic,1
periodo,1
cropyields,1
acoma,1
contexto,1
isotopically,1
shortened,1
why,1
boulder,1
methods,1
efficiency,1
arboles,1
thomomys,1
grade,1
verts,1
deterrents,1
ing,1
fields,1
months,1
exists,1
elder,1
get,1
afish,1
dent,1
quimica,1
chavez,1
gosiute,1
interpretive,1
mud,1
rigorous,1
forest,1
ash,1
cam,1
mic,1
regionwide,1
middens,1
considered,1
detail,1
dissertation,1
school,1
perturbation,1
regreso,1
interdependency,1
variable,1
magnitude,1
exercised,1
shadow,1
sammonslohse,1
berger,1
aerial,1
categorycoltrain,1
suite,1
dispersed,1
sharks,1
typha,1
conclusion,1
grayson,1
changing,1
conjunction,1
pueblos,1
desiccated,1
extending,1
simply,1
wear,1
microtine,1
farmed,1
ever,1
lupus,1
imity,1
log,1
abiesalba,1
iall,1
exposition,1
ofnutritional,1
tijeras,1
wholebone,1
aliquot,1
text,1
meat,1
alternative,1
sistersb,1
yampa,1
comparative,1
forty,1
nvb,1
archeologists,1
berkeley,1
continental,1
cryptandrus,1
unpacking,1
control,1
readily,1
gcollected,1
lying,1
emoryi,1
cosme,1
global,1
believe,1
altering,1
outdoor,1
unknown,1
calibrate,1
fired,1
spruge,1
reminiscent,1
assignments,1
returns,1
allied,1
post,1
alan,1
newman,1
politically,1
aquatic,1
basket,1
twelfth,1
gas,1
precarious,1
fertilized,1
ps,1
sierra,1
type,1
masters,1
pathological,1
aqui,1
conflow,1
better,1
tambien,1
sie,1
nonobligate,1
pasado,1
cal,1
growingseason,1
lens,1
cervus,1
virtual,1
unlikely,1
economy,1
genera,1
notable,1
reanalyzed,1
injus,1
greatbasinanthropology,1
list,1
making,1
yielded,1
orleans,1
particular,1
sal,1
femoral,1
proven,1
changed,1
artifactual,1
passed,1
map,1
theory,1
interval,1
temporally,1
apercent,1
humeral,1
consisting,1
densities,1
sylvilagus,1
periphery,1
incised,1
prestige,1
thousands,1
manure,1
produce,1
balance,1
patience,1
almost,1
listed,1
episode,1
suaeda,1
phenomena,1
lewisia,1
aef,1
archaeometry,1
plata,1
predictable,1
characterize,1
gratitude,1
diagenesis,1
league,1
socioeconomic,1
uta,1
monitored,1
foley,1
metabolize,1
multiple,1
conclude,1
introduced,1
wildfoods,1
dee,1
collecting,1
prevalent,1
became,1
gero,1
role,1
ta,1
mayor,1
giving,1
turns,1
step,1
reappraisal,1
calculated,1
pi,1
adapted,1
exceeded,1
conventional,1
wihard,1
lab,1
reconstruct,1
villaeg,1
homed,1
botany,1
equipped,1
kmn,1
families,1
effectofdiet,1
isolated,1
dispensed,1
mdse,1
pipec,1
leonard,1
reaching,1
stine,1
strong,1
remarks,1
our,1
come,1
forwarded,1
superseded,1
kohler,1
discriminated,1
question,1
formation,1
soft,1
ultimately,1
until,1
sediments,1
recording,1
caloric,1
algae,1
lands,1
petersen,1
garison,1
wang,1
unexpectedly,1
finding,1
protohistoric,1
paradigm,1
parowan,1
phalanges,1
cryogenic,1
position,1
ently,1
covaries,1
metastatic,1
ecosystem,1
sppa,1
twisting,1
joined,1
rver,1
respecto,1
alcove,1
maguire,1
gopher,1
green,1
constructed,1
smaller,1
wellwatered,1
fallon,1
chapalote,1
disruption,1
orthagonal,1
dupouey,1
estables,1
allium,1
theacademy,1
presenting,1
moccasins,1
francisco,1
impacted,1
complexidad,1
comieron,1
sexing,1
roughly,1
hamzavi,1
roles,1
summary,1
olecranon,1
vi,1
thousand,1
euphorbia,1
intermittently,1
potential,1
assumed,1
nitrate,1
km,1
tribes,1
ift,1
oversimplification,1
spgrotan,1
correlate,1
palatine,1
reached,1
era,1
debate,1
rocky,1
disrupting,1
substantial,1
stream,1
deterring,1
entire,1
supplementary,1
yellowstone,1
roe,1
adovasio,1
elaphus,1
utt,1
polen,1
billman,1
observed,1
bifida,1
building,1
fermented,1
hans,1
vandalism,1
estrategias,1
looking,1
awards,1
