WORDCOUNTS,WEIGHT
of,411
the,386
and,338
in,204
a,167
to,139
from,88
is,86
are,75
assemblage,70
sites,65
toolstone,65
for,64
with,62
rock,61
lithic,59
flake,58
that,56
black,56
processing,52
procurement,52
canyonlands,50
at,48
by,47
utah,45
model,45
expected,43
transport,43
diversity,42
or,41
archaeological,41
american,40
assemblages,39
region,39
de,38
stage,37
debitage,36
field,36
as,36
on,36
an,33
antiquity,32
have,32
stone,31
state,31
p,31
reduction,31
these,30
more,29
desert,29
i,27
no,27
lands,27
journal,26
resource,26
each,26
be,26
salt,25
foraging,24
university,24
used,24
lake,24
utility,23
tool,23
trust,23
school,23
research,22
al,22
central,21
et,21
variation,21
obsidian,21
been,21
analysis,21
city,21
site,20
new,20
archaeology,20
not,20
has,20
between,20
e,19
r,19
this,19
time,19
here,19
place,18
pp,18
where,18
types,18
contexts,17
than,17
distances,17
edited,17
expectations,17
one,16
such,16
tools,16
its,16
instituitional,16
la,16
pro,16
observed,16
available,15
great,15
richness,15
distance,15
figure,15
robert,14
heterogeneity,14
decisions,14
chert,14
anthropological,14
bifacial,13
l,13
behavioral,13
two,13
material,13
would,13
size,13
given,13
models,13
tion,12
sample,12
york,12
prehistoric,12
data,12
cortex,12
number,12
ecology,12
exhibit,12
use,12
different,12
dorsal,12
h,11
overlook,11
david,11
was,11
surface,11
basin,11
artifacts,11
platform,11
table,11
analysts,11
technological,11
it,10
s,10
characteristics,10
f,10
technology,10
diverse,10
looking,10
were,10
science,10
scores,10
theory,10
d,10
glass,10
should,10
primary,9
some,9
canyon,9
relatively,9
m,9
found,9
late,9
flaked,9
during,9
t,9
when,9
mesa,9
single,9
without,9
scar,9
copes,9
indicate,9
any,9
detachment,9
type,9
william,9
variability,9
administration,9
area,9
formed,8
archae,8
j,8
papers,8
con,8
jack,8
even,8
may,8
biface,8
w,8
flakes,8
raw,8
optimal,8
broughton,8
core,8
only,8
project,8
submitted,8
ventral,8
evolutionary,8
relationship,8
george,8
class,8
unevenness,8
selected,8
distribution,8
classes,8
national,8
specific,8
among,8
assem,8
measures,7
source,7
test,7
within,7
human,7
costs,7
en,7
creek,7
cultural,7
ological,7
few,7
san,7
indicates,7
winterhalder,7
ground,7
see,7
understanding,7
significant,7
california,7
their,7
curve,7
james,7
we,7
relative,7
division,7
thermal,7
best,7
suggests,7
intended,7
c,7
does,6
trans,6
expect,6
large,6
western,6
gap,6
localities,6
all,6
context,6
zeanah,6
throughout,6
patch,6
kelly,6
geological,6
b,6
derived,6
k,6
frequently,6
greater,6
leonard,6
method,6
douglas,6
los,6
statistics,6
inferred,6
count,6
several,6
invest,6
likely,6
also,6
flat,6
shows,6
analyses,6
sal,6
low,6
three,6
stages,6
systems,6
abundance,6
grayson,6
las,6
son,6
measure,6
world,6
multifacet,6
southeastern,6
shown,6
locations,6
product,6
ranged,6
early,6
considerably,5
church,5
into,5
production,5
poison,5
containing,5
differences,5
deux,5
ity,5
logical,5
point,5
sand,5
behavior,5
prey,5
quality,5
g,5
quantifying,5
facet,5
application,5
freq,5
storage,5
ridge,5
how,5
process,5
percussion,5
summarized,5
affect,5
organization,5
bruce,5
based,5
produce,5
bridge,5
showing,5
flaking,5
depression,5
value,5
quarry,5
forager,5
issues,5
pole,5
useful,5
strategies,5
made,5
lugares,5
pack,5
features,5
abundant,5
can,5
juan,5
thinning,5
iron,5
whether,5
form,5
obtencion,5
map,5
coyote,5
virginia,5
port,5
through,5
eric,5
difference,5
institutional,5
blage,5
effects,5
much,5
metcalfe,5
if,4
studies,4
park,4
consistent,4
sources,4
implications,4
might,4
spider,4
other,4
secondary,4
simple,4
hunting,4
case,4
richard,4
technologically,4
cortical,4
tables,4
inferences,4
perspective,4
explore,4
general,4
jones,4
changes,4
clearly,4
michael,4
four,4
show,4
result,4
diet,4
cessing,4
directly,4
rocks,4
del,4
concept,4
significantly,4
department,4
scars,4
geology,4
artifact,4
approach,4
small,4
portions,4
herramientas,4
appropriate,4
will,4
critical,4
overall,4
curement,4
study,4
jurassic,4
southern,4
jonathon,4
examined,4
index,4
transporte,4
representation,4
smith,4
pressure,4
choice,4
surfaces,4
considerable,4
present,4
cruz,4
ugan,4
cambridge,4
variables,4
which,4
described,4
individual,4
flenniken,4
high,4
provide,4
ecological,4
tech,4
graphical,4
holmes,4
ing,4
cam,4
decortication,4
precise,4
natural,4
over,4
examining,4
niken,4
both,4
researchers,4
beck,4
behaviors,4
nonprocurement,4
tions,4
spring,4
ence,4
cobble,4
gen,4
photograph,4
little,4
counts,4
north,4
reduc,4
final,3
difficult,3
edge,3
complex,3
foragers,3
long,3
labor,3
logistic,3
composition,3
those,3
investigations,3
plains,3
bird,3
task,3
u,3
sexual,3
holocene,3
ball,3
x,3
duce,3
measurement,3
collection,3
tipps,3
framework,3
regarding,3
thus,3
andrew,3
fracture,3
elston,3
barlow,3
dis,3
uniformly,3
sci,3
corrected,3
influence,3
ment,3
deviation,3
mea,3
across,3
developed,3
quarries,3
museum,3
mechanics,3
se,3
util,3
understand,3
statistic,3
prehistory,3
cherts,3
statistical,3
section,3
most,3
buffalo,3
wyoming,3
important,3
flen,3
explanatory,3
replicative,3
though,3
residential,3
applied,3
near,3
information,3
sity,3
cob,3
related,3
us,3
survey,3
transported,3
reflect,3
employed,3
markedly,3
statistically,3
least,3
suggest,3
diagnostic,3
heat,3
presence,3
shaded,3
results,3
using,3
distancias,3
administra,3
activities,3
society,3
barbara,3
absence,3
short,3
limited,3
diver,3
make,3
nagaoka,3
hegmon,3
about,3
frank,3
eral,3
under,3
ed,3
but,3
jeffrey,3
garrison,3
nevada,3
longer,3
diminishing,3
areas,3
end,3
distributions,3
less,3
alan,3
mcguire,3
local,3
demonstrated,3
craig,3
range,3
formal,3
odell,3
affects,3
resulting,3
peter,3
times,3
like,3
zealand,3
meriam,3
spent,3
parallel,3
effect,3
widely,3
sometimes,3
emeryville,3
remaining,3
nological,3
es,3
antiquities,3
considered,3
quantitative,3
expec,3
cannon,3
then,3
associated,3
series,3
must,3
physical,3
colorado,3
paper,3
vari,3
places,3
game,3
n,3
spatial,3
while,3
hbe,3
blages,3
middle,3
betsy,3
generate,3
donald,3
typically,3
land,3
evidence,3
attributes,3
defined,3
quartz,3
bayham,3
archaic,3
potential,3
removing,3
chicago,3
andref,3
develop,3
resources,3
major,3
tains,2
nodule,2
o,2
chronological,2
estimated,2
affected,2
madsen,2
curved,2
shellmound,2
they,2
maize,2
ways,2
before,2
archaeo,2
chief,2
mimbres,2
contact,2
indexes,2
first,2
either,2
explaining,2
taken,2
expectation,2
assess,2
broadly,2
ensambles,2
torres,2
confront,2
subsequent,2
vertebrate,2
que,2
el,2
evaluation,2
geologic,2
eastern,2
geochemical,2
key,2
addresses,2
digital,2
west,2
occurring,2
shellfish,2
review,2
campbell,2
development,2
calculated,2
barton,2
interior,2
esperada,2
ioral,2
itional,2
ability,2
ern,2
ut,2
z,2
estimates,2
nelson,2
ation,2
clark,2
back,2
six,2
rediscovering,2
compared,2
find,2
millard,2
drawn,2
spite,2
robin,2
piedra,2
bipolar,2
ton,2
cobbles,2
uni,2
principally,2
predictably,2
bulb,2
tertiary,2
subsistence,2
carcass,2
importance,2
direct,2
white,2
factors,2
plog,2
analy,2
litica,2
objects,2
proposed,2
donde,2
dominate,2
quantify,2
variabilidad,2
influ,2
additional,2
beyond,2
reductive,2
tances,2
exploitation,2
dc,2
had,2
thermally,2
complications,2
effort,2
seven,2
events,2
schruben,2
amer,2
initial,2
ican,2
academic,2
further,2
versity,2
duced,2
population,2
produced,2
record,2
ascendance,2
because,2
rozen,2
improve,2
char,2
well,2
don,2
scavenging,2
received,2
heavily,2
distancia,2
simms,2
part,2
faunas,2
northwest,2
demon,2
mathematical,2
cone,2
systematic,2
preparation,2
president,2
definitions,2
change,2
involved,2
mineral,2
wider,2
components,2
ericson,2
visible,2
provided,2
triangular,2
institu,2
pearson,2
south,2
portion,2
reduced,2
microcrystalline,2
variety,2
curves,2
various,2
impacts,2
economic,2
edges,2
renee,2
interactions,2
standing,2
lisa,2
depicted,2
incipient,2
bles,2
makes,2
requiring,2
restricted,2
kiva,2
specimens,2
sky,2
desperdicios,2
culture,2
byers,2
tic,2
outlined,2
ferent,2
noted,2
fairly,2
declining,2
sis,2
many,2
water,2
campsites,2
lack,2
bradbury,2
anthro,2
larger,2
contemporary,2
minimize,2
pattern,2
man,2
discussed,2
typological,2
anthropologist,2
evenness,2
implicate,2
potentially,2
por,2
perhaps,2
explicitly,2
submit,2
empirically,2
discussion,2
values,2
including,2
campsite,2
intermountain,2
refers,2
factor,2
processes,2
behav,2
depiedra,2
bleed,2
clear,2
deb,2
characterized,2
period,2
variance,2
mountain,2
carson,2
after,2
ted,2
krebs,2
fred,2
provides,2
thomas,2
decide,2
margin,2
arrises,2
macroscopic,2
methods,2
relation,2
illustrations,2
availability,2
structure,2
probably,2
slightly,2
differ,2
southwest,2
flakeability,2
adaptive,2
attention,2
increases,2
visit,2
increasing,2
median,2
paleoarchaic,2
testing,2
selections,2
select,2
widespread,2
referred,2
itage,2
varia,2
contribution,2
often,2
responsible,2
efficiency,2
sandstone,2
consid,2
grounded,2
ities,2
earliest,2
diversidad,2
biology,2
duncan,2
suite,2
intensification,2
comparison,2
grand,2
text,2
rocky,2
sevier,2
bright,2
berkeley,2
cox,2
anthropology,2
steven,2
worth,2
paleoindian,2
returns,2
harvest,2
ported,2
perfectly,2
ff,2
purdy,2
cal,2
what,2
conspire,2
volcanic,2
typologies,2
twisted,2
hewitt,2
prestige,2
yield,2
influenced,2
presented,2
john,2
altered,2
mod,2
press,2
com,2
rohlf,2
eroding,2
score,2
numerous,2
washington,2
although,2
smaller,2
derive,2
moun,2
classification,2
respective,2
tations,2
carr,2
brink,2
jason,2
predictable,2
entire,2
divergent,2
focus,2
recent,2
dif,2
col,2
inventories,2
feathered,1
lis,1
transportation,1
mostly,1
rate,1
encountering,1
limits,1
common,1
way,1
anthony,1
later,1
generated,1
keller,1
unmodi,1
correlations,1
arches,1
functional,1
pale,1
erogeneity,1
admin,1
widening,1
extend,1
soci,1
determine,1
implies,1
tangentially,1
entendimiento,1
extends,1
ultimate,1
differentiating,1
evans,1
debris,1
matical,1
tule,1
interrelationships,1
rick,1
ternary,1
ana,1
curator,1
mobility,1
designed,1
decisiones,1
rogers,1
rchaeology,1
investigating,1
approaches,1
walker,1
articulo,1
marcus,1
skyline,1
notwithstanding,1
ensamble,1
cific,1
loca,1
brandt,1
reasonably,1
trace,1
caitlyn,1
locale,1
necessarily,1
history,1
pose,1
haarklau,1
replicate,1
realis,1
total,1
freeman,1
luedtke,1
exceptions,1
fulfillment,1
chandler,1
ufacturing,1
princeton,1
microfractures,1
lower,1
compression,1
december,1
karen,1
australia,1
cynthia,1
geoffrey,1
tomadas,1
implements,1
diego,1
kilometers,1
attempt,1
sub,1
morpho,1
giovanna,1
examinada,1
sean,1
handling,1
stagcl,1
geof,1
cial,1
rhode,1
shaped,1
titative,1
sup,1
tradition,1
explores,1
uneasy,1
ebert,1
suggesting,1
ben,1
thank,1
applica,1
theoreti,1
rich,1
producing,1
able,1
zooarchaeo,1
ences,1
substantive,1
room,1
dom,1
products,1
faunal,1
clarifications,1
consistentes,1
there,1
devils,1
agricul,1
bettinger,1
improved,1
seri,1
greatly,1
keith,1
kenny,1
classified,1
nal,1
decreased,1
declines,1
lugar,1
system,1
takes,1
occasional,1
bending,1
espera,1
bifa,1
linear,1
east,1
king,1
adapts,1
repre,1
tal,1
mathe,1
nology,1
america,1
northeast,1
uneven,1
criticopara,1
prior,1
determined,1
omissions,1
ered,1
activity,1
international,1
pharo,1
drive,1
hoko,1
selectionist,1
alter,1
mized,1
prove,1
move,1
naturalist,1
vital,1
fractures,1
tanzania,1
rhyolite,1
mental,1
conceptual,1
rela,1
boxplots,1
itly,1
cited,1
influencia,1
fluorescence,1
dynamic,1
compo,1
sosis,1
constrained,1
correlation,1
diecisiete,1
interact,1
siempre,1
bawiec,1
fragment,1
inventory,1
cursory,1
complicating,1
helen,1
tories,1
ranked,1
pithouse,1
li,1
distribu,1
vides,1
nellis,1
ervan,1
surely,1
southwestern,1
sitios,1
archaeolo,1
esti,1
roger,1
lysts,1
analyzing,1
assumes,1
trated,1
author,1
interest,1
characteristic,1
mixed,1
adopted,1
bone,1
ensambladura,1
conducted,1
agers,1
montana,1
dence,1
explic,1
guided,1
wiley,1
copyright,1
rank,1
cases,1
distinct,1
bamforth,1
erably,1
stokes,1
blank,1
amount,1
funda,1
simplest,1
response,1
cant,1
graphically,1
ally,1
continuous,1
ness,1
thin,1
midcontinen,1
tral,1
mammal,1
mates,1
beikman,1
weaver,1
pueblo,1
sin,1
negating,1
shading,1
details,1
flintknapping,1
humano,1
sition,1
error,1
payoff,1
mechanism,1
sixteen,1
fort,1
neces,1
cally,1
reflects,1
transportacion,1
air,1
identification,1
rather,1
camp,1
prince,1
rado,1
morrison,1
angeles,1
district,1
localidades,1
breadth,1
sizable,1
levels,1
tb,1
hughes,1
christine,1
represented,1
aleut,1
archaeolog,1
entender,1
titled,1
risk,1
spi,1
sarah,1
tical,1
ceramics,1
contributions,1
generating,1
pages,1
tionship,1
shannon,1
athibmcaunhwitty,1
diminishes,1
colluvially,1
productive,1
strate,1
augmented,1
marginal,1
rti,1
gathering,1
raymond,1
modified,1
maximizes,1
gener,1
stillwater,1
possibly,1
river,1
kintigh,1
benefits,1
specialization,1
plat,1
emergence,1
vidual,1
inated,1
constrain,1
numbers,1
jersey,1
rdp,1
weak,1
robertd,1
differs,1
pullman,1
exclu,1
acceptance,1
alta,1
superior,1
recovered,1
shorter,1
voluminous,1
powerful,1
shorthand,1
obstacles,1
organi,1
princi,1
cost,1
hildebrandt,1
ofanthropological,1
fre,1
yesner,1
mussel,1
mon,1
faced,1
tory,1
bobrowsky,1
oblique,1
frecuentemente,1
estos,1
union,1
uti,1
predicting,1
sive,1
uses,1
tc,1
hilde,1
pc,1
alpine,1
location,1
chris,1
nancy,1
could,1
histories,1
acknowledgments,1
color,1
perennially,1
treatments,1
struc,1
taining,1
exposures,1
emerging,1
out,1
outcrops,1
oretical,1
reply,1
requirements,1
nondiag,1
advantages,1
intersects,1
complete,1
ogy,1
approximation,1
base,1
cores,1
term,1
evaluate,1
zooarchaeological,1
topics,1
equally,1
pielou,1
focused,1
institute,1
nel,1
mate,1
vfe,1
inches,1
moab,1
estimate,1
scale,1
andrefsky,1
energy,1
discus,1
productively,1
required,1
andre,1
erate,1
photo,1
package,1
replicable,1
lusk,1
aspects,1
shape,1
feeding,1
ginia,1
ler,1
degrees,1
line,1
y,1
work,1
gatherers,1
archaeologist,1
mem,1
nificantly,1
ordi,1
preferred,1
conse,1
teoria,1
county,1
explains,1
example,1
knowledge,1
largas,1
sistence,1
aged,1
thoughts,1
routinely,1
elizabeth,1
pocket,1
ten,1
oirs,1
texture,1
derivadas,1
whole,1
sta,1
horn,1
expansive,1
toric,1
archeology,1
falcon,1
records,1
people,1
relevance,1
fruitful,1
lifeways,1
wilkerson,1
away,1
surrounding,1
lupo,1
michelle,1
quences,1
lization,1
manu,1
graph,1
ornitho,1
challenging,1
trends,1
lithics,1
boulders,1
errors,1
washing,1
regions,1
citing,1
causal,1
joanne,1
solution,1
indi,1
working,1
responsibility,1
compli,1
volume,1
coupled,1
generality,1
archaeofaunas,1
generation,1
order,1
homogenous,1
ceptualized,1
excavation,1
settlement,1
variabil,1
specifically,1
quantification,1
castle,1
het,1
spanish,1
eco,1
proximate,1
shapes,1
driving,1
june,1
smithsonian,1
ship,1
mini,1
oldowan,1
tation,1
hopkins,1
observe,1
ripan,1
mol,1
essentially,1
alluvial,1
characterization,1
sureste,1
tended,1
ent,1
coast,1
philip,1
junko,1
vein,1
always,1
spurious,1
pa,1
theorem,1
notes,1
gordon,1
stephens,1
ameri,1
produccion,1
bedrock,1
highlights,1
diferentes,1
role,1
ical,1
irrespective,1
lit,1
materials,1
tipicamente,1
requirement,1
identified,1
indicative,1
logically,1
explora,1
flagstaff,1
indeed,1
facture,1
toward,1
effi,1
teen,1
return,1
address,1
qual,1
nearly,1
specif,1
april,1
acterization,1
istration,1
zjf,1
estimations,1
comments,1
expectativas,1
rockhounding,1
unprecedented,1
initially,1
barham,1
undefined,1
aldine,1
va,1
lard,1
selection,1
wv,1
needles,1
guide,1
patches,1
pacific,1
interpretation,1
dential,1
suited,1
kluwer,1
sitate,1
columbus,1
remnant,1
differentiable,1
termination,1
signaling,1
idaho,1
toolstones,1
jay,1
included,1
birnie,1
moa,1
planned,1
enigmatic,1
wwwaupressca,1
observadas,1
traslapan,1
obsidians,1
same,1
lacked,1
nally,1
wisconsin,1
insights,1
reports,1
resented,1
opment,1
regional,1
sistent,1
social,1
afectada,1
delivery,1
blackreports,1
acorn,1
inves,1
successfully,1
mont,1
tractable,1
paul,1
heritage,1
archaeol,1
tribution,1
kenneth,1
again,1
others,1
generalmemente,1
semicircular,1
avail,1
similarly,1
contextos,1
towards,1
archaeologi,1
cedar,1
enced,1
efforts,1
prehistorically,1
fact,1
pological,1
marker,1
treatment,1
overwhelming,1
conduct,1
andreports,1
striking,1
centered,1
rial,1
forag,1
match,1
abstract,1
ble,1
farming,1
focuses,1
distal,1
ethno,1
strait,1
identical,1
jump,1
serious,1
removal,1
forms,1
outside,1
do,1
monographs,1
v,1
corps,1
road,1
landscape,1
mammalian,1
mex,1
ultimately,1
parent,1
notch,1
royal,1
excep,1
proreports,1
daunting,1
flint,1
como,1
esperan,1
remarkably,1
sugiere,1
presentation,1
comportamiento,1
remove,1
hunts,1
becomes,1
nonetheless,1
zation,1
exploring,1
investigated,1
fidelis,1
dave,1
modelo,1
examples,1
considering,1
observable,1
treated,1
upon,1
aggregated,1
fishers,1
quan,1
diferencias,1
load,1
skeletal,1
concern,1
top,1
artiodactyl,1
empirical,1
entirely,1
angle,1
largely,1
novaculite,1
causes,1
inherently,1
engaging,1
congress,1
millward,1
sequence,1
ideas,1
questions,1
services,1
laboratory,1
examination,1
stay,1
ifaluk,1
nell,1
improvements,1
ichthyofaunal,1
utilizando,1
involves,1
exceedingly,1
ager,1
margaret,1
ecologia,1
authors,1
sures,1
diagnos,1
points,1
dominated,1
rebecca,1
logic,1
fitzhugh,1
quate,1
reviewers,1
revised,1
so,1
function,1
mexico,1
nolan,1
linking,1
dry,1
structuring,1
shortly,1
construct,1
neutral,1
resi,1
ture,1
finite,1
agri,1
graphic,1
special,1
facing,1
problems,1
fied,1
biometry,1
examine,1
accordingly,1
tistically,1
categorize,1
sig,1
facts,1
hunters,1
operationalized,1
natu,1
schoener,1
locales,1
parameters,1
attracted,1
institution,1
evaluated,1
cliffs,1
rmoab,1
cen,1
mil,1
decay,1
exper,1
localreports,1
sented,1
examines,1
oviatt,1
decision,1
anatomy,1
terri,1
lucius,1
paredes,1
hindered,1
european,1
consists,1
suggestion,1
twelve,1
testable,1
tests,1
amanda,1
triangles,1
tigating,1
assigned,1
applications,1
spiral,1
vegas,1
pres,1
note,1
irregular,1
bureau,1
coterminous,1
processed,1
independent,1
five,1
naturally,1
practical,1
suggestive,1
sides,1
sole,1
pieces,1
alternate,1
imentation,1
recognizes,1
signifi,1
primarily,1
multi,1
desertica,1
aboriginal,1
army,1
accepted,1
directions,1
un,1
translation,1
strongly,1
force,1
render,1
effectively,1
visual,1
plex,1
comment,1
kennett,1
inspired,1
sharp,1
quite,1
existed,1
fall,1
researcher,1
united,1
surprising,1
ology,1
simulated,1
measured,1
cada,1
frey,1
francisco,1
problematic,1
susan,1
influencing,1
photographs,1
middens,1
increased,1
sara,1
appar,1
addressed,1
mathematically,1
produc,1
environment,1
rarely,1
gatherer,1
thinking,1
orians,1
following,1
furthest,1
complexity,1
changing,1
diosa,1
ples,1
torrence,1
ethnoarchaeology,1
inven,1
predictions,1
simply,1
extensive,1
isons,1
hypothesized,1
cate,1
theme,1
known,1
temporal,1
supported,1
narrowly,1
staniland,1
sourcing,1
texto,1
quaternary,1
set,1
der,1
butler,1
dillon,1
defining,1
mutually,1
tured,1
este,1
sure,1
statis,1
correspond,1
avifauna,1
concen,1
attribute,1
gor,1
interested,1
strated,1
sampling,1
accommodate,1
organiza,1
historical,1
mento,1
marvin,1
universal,1
wagner,1
dramatic,1
particularly,1
newman,1
sacra,1
veintiseis,1
written,1
jennifer,1
useless,1
antiq,1
past,1
mass,1
just,1
works,1
texas,1
better,1
nonparametric,1
qualitatively,1
animal,1
agriculture,1
rep,1
lens,1
esperarse,1
unlikely,1
unesco,1
tle,1
kevin,1
nization,1
inspi,1
references,1
cause,1
lane,1
opportunistic,1
contrasting,1
angela,1
squaw,1
extent,1
cura,1
densities,1
prepare,1
hernandez,1
fore,1
explored,1
parcels,1
gressive,1
rally,1
kanosh,1
travel,1
qua,1
complejos,1
leet,1
outline,1
compar,1
evi,1
vir,1
prehis,1
ohio,1
walter,1
procure,1
devel,1
uity,1
commonly,1
techniques,1
durable,1
transition,1
dor,1
jour,1
arguments,1
describes,1
exceptionally,1
quantifiable,1
au,1
mas,1
contrasts,1
burger,1
question,1
ure,1
recording,1
sistemas,1
cual,1
concentra,1
copies,1
fulness,1
lynn,1
morphological,1
rockreports,1
gists,1
completed,1
initions,1
iden,1
course,1
insight,1
applicable,1
fauna,1
include,1
building,1
usa,1
hunter,1
canadian,1
need,1
ade,1
facilitates,1
sur,1
manufacture,1
masses,1
states,1
regular,1
asked,1
piece,1
pinyon,1
seeks,1
forming,1
measuring,1
toquima,1
paragonah,1
remains,1
association,1
stase,1
orga,1
indices,1
summary,1
anonymous,1
charles,1
elko,1
charlotte,1
taking,1
ics,1
km,1
longerreports,1
mccarthy,1
themselves,1
deposits,1
era,1
exclusively,1
element,1
pologist,1
kim,1
ifornia,1
depressionreports,1
def,1
oarchaic,1
duction,1
alberta,1
dos,1
broader,1
tract,1
close,1
predicated,1
spe,1
arizona,1
costly,1
fingerprints,1
continuously,1
els,1
