WORDCOUNTS,WEIGHT
the,622
of,449
and,397
in,283
to,168
a,151
for,136
wood,107
that,90
construction,86
by,82
from,78
chaco,77
were,71
is,67
this,63
at,61
with,61
have,61
or,57
great,51
tree,51
as,51
was,46
late,46
chacoan,46
ad,43
pueblo,43
not,43
on,43
labor,42
canyon,38
sum,38
been,37
be,37
it,36
would,35
de,34
production,33
elements,33
new,32
are,31
houses,30
an,30
no,29
american,25
could,25
these,25
trees,25
cut,24
used,24
aztec,24
harvesting,24
sites,23
use,23
j,22
society,22
other,21
some,21
small,21
ponderosa,21
but,21
more,21
university,21
r,20
beam,20
spring,20
c,20
we,19
season,18
salmon,18
within,18
harvest,18
work,18
during,18
pp,18
beams,18
mexico,18
la,18
bark,17
east,17
ends,17
than,17
m,17
species,17
then,17
chetro,17
spr,17
national,17
d,17
early,17
if,16
h,16
west,16
may,16
warren,16
also,16
number,16
antiquity,16
although,16
cutting,15
juniper,15
after,15
their,15
house,15
p,15
about,15
fall,15
growing,15
ruins,15
local,15
pine,15
large,14
del,14
efforts,14
lintels,14
bonito,14
similar,13
w,13
ford,13
primaries,13
timbers,13
time,13
our,13
park,12
dean,12
organization,12
most,12
effort,12
suggest,12
same,12
al,12
ketl,12
period,12
given,12
building,12
resources,12
groups,11
into,11
room,11
sample,11
et,11
samples,11
which,11
summer,11
probable,11
scheduling,11
among,11
arizona,11
lintel,10
s,10
requirements,10
y,10
b,10
harvested,10
generally,10
prehistoric,10
found,10
basin,10
revealed,10
size,10
when,10
san,10
year,10
roof,10
windes,10
procurement,10
probably,10
suggests,10
between,10
does,9
stone,9
might,9
all,9
limb,9
i,9
there,9
ax,9
along,9
g,9
tucson,9
one,9
growth,9
numbers,9
dc,9
based,9
dates,9
because,9
its,9
mesa,9
complete,9
two,9
many,9
end,9
axes,9
archaeological,9
arroyo,9
individual,9
those,9
different,9
both,9
through,9
chuska,9
common,8
later,8
harvests,8
taken,8
timber,8
site,8
n,8
had,8
near,8
data,8
t,8
involved,8
whittled,8
edited,8
processing,8
only,8
flat,8
figure,8
juan,8
often,8
table,8
over,8
ruin,8
papers,8
transport,8
jan,8
increased,8
km,8
much,8
major,8
e,7
sets,7
secondary,7
laboratory,7
together,7
greatly,7
el,7
less,7
primary,7
central,7
southwestern,7
even,7
so,7
l,7
k,7
lister,7
greater,7
rooms,7
events,7
initial,7
photo,7
well,7
tool,7
los,7
kiva,7
buildings,7
stage,7
yielded,7
outer,7
structural,7
us,7
specimens,7
management,7
technique,7
considerable,7
material,7
perhaps,7
rare,7
high,7
percent,7
carried,7
has,7
report,7
very,7
level,7
multiple,7
years,7
little,7
difficult,6
mountains,6
minutes,6
studies,6
before,6
jul,6
analyses,6
felling,6
est,6
task,6
centralized,6
santa,6
left,6
stockpiled,6
locally,6
roofs,6
followed,6
incomplete,6
cultural,6
tools,6
public,6
place,6
few,6
smithsonian,6
core,6
finishing,6
materials,6
architecture,6
identified,6
limited,6
costs,6
procured,6
treatment,6
prefabrication,6
pattern,6
removal,6
where,6
downtown,6
remove,6
investment,6
made,6
region,6
three,6
architectural,6
started,6
can,6
morris,6
continued,6
provide,6
indicate,6
lekson,6
wall,6
selected,6
while,6
secondaries,6
smaller,6
area,6
corporate,5
per,5
center,5
long,5
nature,5
whittling,5
unpublished,5
preparation,5
sf,5
communication,5
without,5
rather,5
basic,5
en,5
subsistence,5
una,5
marks,5
clearly,5
kunkel,5
important,5
suggested,5
appear,5
limbs,5
project,5
easton,5
several,5
accomplished,5
research,5
eastern,5
communities,5
ring,5
department,5
reports,5
majority,5
printing,5
lack,5
patterns,5
present,5
distance,5
numerous,5
ties,5
clear,5
features,5
collected,5
northern,5
primarily,5
un,5
associated,5
incised,5
set,5
colorado,5
masonry,5
comp,5
type,5
vol,5
almost,5
aspect,5
curing,5
off,5
potential,5
done,4
stands,4
they,4
ma,4
ms,4
occurred,4
women,4
inc,4
seems,4
wooden,4
appearance,4
styles,4
investigations,4
spruce,4
cottonwood,4
possible,4
activity,4
far,4
quality,4
estimates,4
body,4
suitable,4
york,4
conifers,4
miscellaneous,4
dated,4
days,4
recycling,4
four,4
albuquerque,4
strategy,4
out,4
residents,4
part,4
northwest,4
people,4
binding,4
personal,4
judd,4
working,4
field,4
alto,4
specifically,4
pifion,4
periods,4
various,4
verde,4
interpretation,4
nonlocal,4
under,4
cliff,4
culture,4
social,4
projects,4
areas,4
outside,4
took,4
adjacent,4
strategies,4
including,4
robinson,4
historic,4
mountain,4
earlier,4
latter,4
men,4
covered,4
seasons,4
para,4
class,4
fe,4
acquisition,4
malville,4
forest,4
heavy,4
any,4
comparison,4
here,4
sustained,4
seem,4
best,4
particularly,4
goods,4
utilized,4
evident,4
entire,4
kin,4
until,4
models,4
reveals,4
north,4
built,4
fir,3
clustered,3
estimated,3
affected,3
expect,3
needed,3
yucca,3
each,3
placed,3
history,3
moving,3
hafted,3
contexts,3
first,3
porters,3
every,3
certainly,3
available,3
broken,3
timing,3
assembled,3
follows,3
transporting,3
take,3
nm,3
date,3
con,3
march,3
placement,3
zuni,3
schedule,3
splints,3
household,3
intact,3
relatively,3
mixed,3
expected,3
montana,3
places,3
amount,3
estimate,3
publications,3
journal,3
general,3
once,3
walls,3
parks,3
poor,3
obtained,3
how,3
mortar,3
support,3
means,3
handled,3
calendar,3
too,3
mix,3
closely,3
typical,3
puebloan,3
demands,3
vigas,3
appears,3
scale,3
wealth,3
yield,3
aspects,3
line,3
brought,3
casa,3
reflect,3
artifact,3
attributed,3
staple,3
least,3
thead,3
archaeology,3
event,3
debarking,3
sufficient,3
interpretations,3
shenk,3
will,3
ventilator,3
likely,3
variety,3
short,3
reduce,3
movement,3
single,3
guide,3
museum,3
examined,3
flush,3
stems,3
experimental,3
archeology,3
reliance,3
double,3
rings,3
mark,3
toward,3
larger,3
do,3
v,3
see,3
style,3
examples,3
range,3
formal,3
forested,3
load,3
exhibited,3
dating,3
anasazi,3
peter,3
chuskan,3
shortly,3
running,3
abundant,3
enough,3
creek,3
dendrochronology,3
structure,3
southwest,3
hungo,3
bureau,3
mixture,3
sometimes,3
five,3
devotional,3
who,3
seen,3
collections,3
force,3
parsons,3
grinding,3
achieve,3
door,3
anthropological,3
necessary,3
rarely,3
complexity,3
masses,3
note,3
rocky,3
earle,3
organizational,3
control,3
anthropology,3
paper,3
shelley,3
loads,3
las,3
replication,3
person,3
what,3
unique,3
them,3
coast,3
leaving,3
projection,3
huge,3
son,3
uniform,3
lies,3
crew,3
washington,3
include,3
need,3
product,3
basketmaker,3
involving,3
removed,3
vary,3
valley,3
df,3
transportation,2
o,2
box,2
f,2
environmental,2
piinon,2
comprised,2
saws,2
nps,2
satisfied,2
reasonably,2
hours,2
position,2
western,2
evaluating,2
total,2
lightfoot,2
po,2
source,2
being,2
came,2
hopi,2
archaeologists,2
stockpile,2
crews,2
address,2
suggesting,2
display,2
differences,2
government,2
reveal,2
renfrew,2
manejo,2
subsequent,2
damage,2
patterned,2
last,2
state,2
ppa,2
surely,2
case,2
attacked,2
courtesy,2
tie,2
agriculture,2
reanalysis,2
chacoans,2
determined,2
condition,2
illustrate,2
austin,2
uncertain,2
above,2
ritual,2
sloane,2
collection,2
notably,2
framework,2
thus,2
phase,2
conferees,2
actual,2
que,2
inventoried,2
such,2
pockets,2
pursue,2
calculated,2
since,2
flattening,2
integral,2
madera,2
nor,2
perspective,2
served,2
circumference,2
engineering,2
weight,2
leadership,2
higher,2
cameron,2
added,2
main,2
flake,2
kept,2
importance,2
ongoing,2
population,2
contributions,2
special,2
cave,2
productive,2
periodic,2
splintery,2
modified,2
sills,2
organized,2
proposed,2
edificios,2
prevent,2
tareas,2
show,2
commonly,2
recovered,2
stewart,2
larvae,2
believes,2
grupos,2
latilla,2
extraordinary,2
called,2
color,2
hagstrum,2
seven,2
facilitate,2
tchamahias,2
peeled,2
ann,2
though,2
skilled,2
meet,2
skunk,2
energy,2
required,2
sparse,2
none,2
kg,2
network,2
artifacts,2
flattened,2
received,2
occupants,2
example,2
periodd,2
beetle,2
strips,2
discussions,2
climatic,2
structures,2
transported,2
craftsmen,2
showing,2
durand,2
memoirs,2
expended,2
excavated,2
closing,2
viable,2
hard,2
reinforces,2
straight,2
multitude,2
sharp,2
around,2
spanish,2
began,2
const,2
aspen,2
alleviate,2
grow,2
workforce,2
division,2
always,2
annual,2
up,2
using,2
underlying,2
provided,2
pot,2
moved,2
activities,2
dictated,2
south,2
tasks,2
cutc,2
reduced,2
matter,2
absence,2
aperture,2
service,2
motivated,2
april,2
community,2
make,2
comments,2
builders,2
study,2
seemingly,2
calendario,2
springs,2
indian,2
largest,2
intense,2
transporte,2
noted,2
rise,2
oral,2
ofjuniper,2
again,2
food,2
consideration,2
occupations,2
farming,2
diameter,2
pieces,2
surrounding,2
hand,2
ground,2
model,2
trunks,2
chuskas,2
pintado,2
por,2
agencies,2
cuttings,2
dormant,2
another,2
thousands,2
exhibit,2
finish,2
easier,2
thanks,2
upon,2
laboral,2
logs,2
increase,2
sap,2
expression,2
sequence,2
products,2
questions,2
hour,2
mds,2
examination,2
navajo,2
tail,2
dominated,2
august,2
times,2
allowed,2
sliding,2
like,2
dry,2
proximity,2
standard,2
provides,2
thomas,2
breternitz,2
especially,2
mesas,2
land,2
differ,2
figures,2
mckenna,2
nabokov,2
arbor,2
political,2
widely,2
change,2
bound,2
widespread,2
male,2
monuments,2
contribution,2
spanning,2
es,2
extra,2
analysis,2
types,2
stockpiling,2
suprahousehold,2
rigorous,2
forests,2
stephen,2
magnitude,2
must,2
log,2
funding,2
established,2
know,2
stem,2
setting,2
key,2
sampling,2
believe,2
did,2
down,2
constructions,2
shows,2
reflected,2
historical,2
phd,2
following,2
populus,2
unlikely,2
bajo,2
kivas,2
month,2
whether,2
making,2
males,2
seasonal,2
calculations,2
lengths,2
northeastern,2
problem,2
peinasco,2
require,2
balance,2
wetherill,2
betancourt,2
craftsmanship,2
john,2
despite,2
press,2
became,2
role,2
junipers,2
matches,2
elevations,2
esfuerzo,2
arguments,2
phenomenon,2
varied,2
cheryl,2
shown,2
pavi,2
documentation,2
approximately,2
typically,2
chronology,2
dense,2
practiced,2
sharing,2
maximum,2
element,2
ownership,2
northwestern,2
traditional,2
immediately,2
observed,2
laborers,2
should,2
final,1
exhibiting,1
inka,1
care,1
now,1
forceful,1
ruinc,1
provisioning,1
chronological,1
booms,1
oriented,1
wolky,1
limits,1
horizontal,1
way,1
fertile,1
indicated,1
materiel,1
bonding,1
dictate,1
commitment,1
degraded,1
represent,1
episodes,1
resulted,1
onsite,1
intriguing,1
natural,1
enclosing,1
estructuras,1
pushed,1
debris,1
horarios,1
firsyield,1
contemporaneous,1
likewise,1
group,1
complex,1
residences,1
unsatisfactory,1
consummately,1
barkremoval,1
envisioned,1
mobility,1
larry,1
arevised,1
silicious,1
closure,1
atkiet,1
pines,1
hull,1
crooked,1
mexican,1
communally,1
nuts,1
expenditure,1
easily,1
stunted,1
favor,1
boulder,1
former,1
decade,1
tied,1
delimbed,1
basis,1
proveniences,1
justified,1
tratamientos,1
necessarily,1
minor,1
burn,1
discutidos,1
developed,1
finely,1
assume,1
monograph,1
territorial,1
controlled,1
sequential,1
inventario,1
archeological,1
predominantly,1
lower,1
consistent,1
december,1
karen,1
either,1
marco,1
articulos,1
sources,1
shacoan,1
anddendrochronology,1
clabor,1
posed,1
melissa,1
tiempo,1
scarring,1
handle,1
investments,1
location,1
puebloans,1
toppingc,1
worked,1
massively,1
england,1
supplied,1
confirmed,1
utah,1
shaped,1
naments,1
pdarroyo,1
packed,1
leading,1
lessen,1
inarchaeological,1
featuring,1
confusion,1
accumulated,1
potentially,1
cordage,1
spaced,1
aesthetic,1
link,1
newmexico,1
closer,1
uncovered,1
hunting,1
carnegie,1
resulting,1
half,1
help,1
affiliation,1
loose,1
nontimbering,1
miles,1
affair,1
freshly,1
chiefdoms,1
staff,1
platforms,1
sociopolitical,1
nal,1
coordinated,1
narbona,1
item,1
signs,1
stopped,1
context,1
saplings,1
weighing,1
system,1
craftsperson,1
issue,1
side,1
appreciate,1
takes,1
occasional,1
blanco,1
dome,1
gretchen,1
sophisticated,1
irwinwilliams,1
reconstruction,1
coals,1
recorded,1
gaps,1
reroofed,1
cln,1
capacity,1
continuum,1
prefab,1
rimmed,1
america,1
calidad,1
backing,1
blintel,1
publicas,1
prior,1
outlying,1
habilidad,1
consecutiveyear,1
ball,1
ih,1
drive,1
commonality,1
information,1
jeff,1
nepal,1
except,1
reflecting,1
x,1
temporada,1
timothy,1
choppers,1
indicating,1
quantity,1
gila,1
horticultural,1
considerably,1
lideres,1
correlation,1
investing,1
against,1
thereplication,1
remodeling,1
newly,1
unrecorded,1
letter,1
dentro,1
sand,1
behavior,1
siel,1
visits,1
surplus,1
pithouse,1
abraded,1
human,1
conflict,1
frequencies,1
motivados,1
includes,1
accessible,1
spoon,1
acuerdo,1
historically,1
grooves,1
development,1
dendrochronological,1
counterpoint,1
illustrates,1
demanded,1
september,1
scarce,1
domain,1
sapling,1
ease,1
sp,1
shaft,1
occurs,1
taper,1
seeming,1
stoneax,1
lessening,1
forced,1
supposes,1
progressive,1
thing,1
screwdriver,1
intramural,1
resting,1
distinct,1
roomlength,1
feasible,1
clustering,1
document,1
casas,1
stokes,1
concerning,1
andd,1
profound,1
spanned,1
pegs,1
highest,1
perent,1
response,1
hopijournal,1
races,1
currentanthropology,1
compared,1
third,1
truly,1
helpful,1
anaid,1
storage,1
flayed,1
wet,1
operative,1
deeply,1
longterm,1
cooperative,1
rates,1
finishes,1
unused,1
crow,1
mechanisms,1
rights,1
civilization,1
explanations,1
simultaneously,1
fort,1
gnawed,1
serviceable,1
whose,1
essential,1
identification,1
intheamerican,1
underway,1
sockets,1
debark,1
drainages,1
dworking,1
andpinedale,1
across,1
predictably,1
essence,1
district,1
barns,1
eperson,1
organizing,1
unit,1
appreciation,1
financing,1
biggest,1
transculturalmente,1
preparing,1
centralization,1
process,1
requisite,1
carryingwindes,1
slipped,1
supplement,1
mauls,1
se,1
loadweight,1
derived,1
oflife,1
interrelationship,1
matched,1
envision,1
cottonwoods,1
beaten,1
mobilize,1
distant,1
nongrowing,1
earl,1
definido,1
diameters,1
itjbkil,1
maul,1
overlooked,1
paleoclimate,1
tsegi,1
factors,1
supposed,1
consistency,1
gathering,1
lots,1
accounts,1
lives,1
changes,1
poundage,1
finer,1
ragged,1
laplata,1
preclude,1
skeleton,1
possibly,1
dichotomy,1
foothills,1
river,1
dormancy,1
benefits,1
spreading,1
forestation,1
branch,1
thenorthwest,1
presumably,1
multitudes,1
nicking,1
elsewhere,1
completion,1
dominate,1
germane,1
setsb,1
sheer,1
argued,1
situations,1
hammered,1
hgreat,1
bridges,1
resource,1
surface,1
inflated,1
suites,1
unsuitable,1
simposios,1
modeled,1
cost,1
plates,1
ceremony,1
foi,1
problems,1
heartwood,1
flakes,1
silviculture,1
explain,1
theory,1
dominant,1
piaserlg,1
helped,1
photos,1
projected,1
coincide,1
decades,1
ancient,1
caucus,1
view,1
betatakin,1
ha,1
beaver,1
cthis,1
radial,1
whereas,1
ranges,1
aprehistoric,1
expressed,1
uses,1
standards,1
result,1
yazzie,1
tc,1
intensos,1
whom,1
plateau,1
nancy,1
societies,1
portable,1
future,1
carrying,1
acknowledgments,1
chipped,1
traditionally,1
matrilocal,1
prefabricating,1
nonchacoan,1
lived,1
changed,1
output,1
siliceous,1
shared,1
destined,1
cleanly,1
pass,1
wupatki,1
mesoamerican,1
generalmente,1
configuration,1
percentages,1
multiples,1
base,1
big,1
embedded,1
personhours,1
stringers,1
timbering,1
tarahumara,1
occupation,1
standardized,1
eased,1
equal,1
vents,1
aincludes,1
procesamiento,1
performed,1
bilious,1
flatb,1
secure,1
ceramics,1
sticks,1
produced,1
pounded,1
priorities,1
wherein,1
duplicates,1
grounds,1
kutenai,1
record,1
however,1
btallies,1
centralizada,1
expedient,1
guidance,1
petrified,1
graciously,1
haury,1
delimbing,1
sedentism,1
impression,1
hartley,1
briefly,1
backwall,1
nichols,1
directly,1
oak,1
feeding,1
participation,1
trial,1
mobilization,1
distinguish,1
minute,1
beavers,1
consecutive,1
diestros,1
overlying,1
planning,1
sanction,1
muestra,1
imports,1
emphasis,1
comprises,1
mediante,1
aboutad,1
cord,1
popped,1
concept,1
unless,1
significantly,1
tens,1
su,1
purpose,1
andlisis,1
reduction,1
aspecto,1
related,1
nation,1
aged,1
gewirtzwindes,1
routinely,1
razonablemente,1
description,1
dconstruction,1
ple,1
artefacto,1
copyright,1
cracking,1
loss,1
whole,1
trimming,1
delightful,1
durango,1
easiest,1
references,1
literally,1
seasonally,1
middle,1
schubert,1
winter,1
documented,1
poll,1
doors,1
away,1
bannister,1
regional,1
floors,1
employed,1
unsightly,1
come,1
participate,1
ritmo,1
savings,1
gently,1
week,1
alliance,1
assembly,1
relative,1
incomp,1
trends,1
lithics,1
wastage,1
weeks,1
redistribution,1
sampled,1
approach,1
refuse,1
regions,1
suzanne,1
terror,1
nivel,1
precipitation,1
vida,1
abrader,1
haber,1
drate,1
start,1
infestations,1
describing,1
fulfilled,1
below,1
recursos,1
wi,1
balcony,1
multiyear,1
cribbed,1
microfilms,1
nine,1
next,1
prohibits,1
exclusionary,1
navajos,1
preparado,1
stresses,1
owned,1
quite,1
arbitrary,1
attention,1
fictive,1
highly,1
revealing,1
depression,1
county,1
acts,1
dramatic,1
schedules,1
preassembled,1
feats,1
latest,1
lewis,1
closeness,1
organizadora,1
impossible,1
visible,1
organizacionales,1
deadwood,1
describes,1
numero,1
roots,1
cycle,1
notes,1
plausible,1
diminished,1
appropriate,1
hammerstone,1
inhabiting,1
stacked,1
dabney,1
deboer,1
promising,1
fiber,1
fmancial,1
timbereconomics,1
stephens,1
pearson,1
animas,1
inad,1
integrating,1
debido,1
led,1
diferentes,1
approximate,1
varien,1
strokes,1
exterior,1
demand,1
trabajo,1
columbiauniversity,1
basnyat,1
logistical,1
requirement,1
polished,1
impacts,1
cathy,1
cleft,1
indicative,1
flagstaff,1
evaluate,1
materiales,1
exploring,1
located,1
hardest,1
comparative,1
vm,1
invertido,1
play,1
dressed,1
chaquenas,1
brief,1
corporatedriven,1
oversight,1
projecting,1
pile,1
july,1
grande,1
still,1
sobre,1
judgment,1
afterad,1
indicates,1
fuelwood,1
initially,1
modes,1
roads,1
desarrollo,1
mindeleff,1
direction,1
greatpuebloarchitecture,1
biological,1
scarcity,1
juanbasin,1
evenly,1
eral,1
limitado,1
colin,1
relied,1
yet,1
peregrine,1
permission,1
represents,1
marginal,1
thought,1
adobe,1
technology,1
water,1
horn,1
coeval,1
workmanship,1
marshall,1
participants,1
included,1
representa,1
adjusted,1
orders,1
light,1
especimens,1
keeping,1
dropped,1
knowledge,1
ed,1
ataztec,1
accelerated,1
insights,1
illustrated,1
pardmetros,1
volunteers,1
processed,1
westaztec,1
twin,1
quizds,1
sizea,1
sector,1
avoided,1
fairly,1
picture,1
volume,1
worst,1
actually,1
members,1
visitor,1
skill,1
jeffrey,1
power,1
palm,1
ahlstrom,1
put,1
thereafter,1
addition,1
caliber,1
tiny,1
terminal,1
corporately,1
neededd,1
adz,1
cdocumentation,1
communal,1
bordering,1
pudo,1
emplacement,1
overwhelming,1
toll,1
head,1
discord,1
foods,1
frances,1
predominant,1
trips,1
canyot,1
impractical,1
abstract,1
attempting,1
scar,1
layer,1
reasoning,1
mummy,1
unclassified,1
diverse,1
argumentado,1
nicked,1
substantially,1
discussed,1
utilize,1
serious,1
simple,1
sebastian,1
chiefdom,1
terry,1
honor,1
outermost,1
never,1
ages,1
conclusions,1
rugged,1
joan,1
increases,1
topped,1
clusters,1
operating,1
flooded,1
road,1
continuing,1
noncanyon,1
equate,1
accepted,1
coercion,1
heavily,1
foot,1
answer,1
colectiva,1
toad,1
coincided,1
pygmy,1
considerada,1
doorways,1
poles,1
invitation,1
frequency,1
flint,1
como,1
duckfoot,1
lange,1
shifts,1
dec,1
going,1
day,1
elevation,1
degree,1
wrapped,1
smallscale,1
original,1
status,1
jd,1
classes,1
greatest,1
hue,1
vast,1
discussion,1
supplies,1
invested,1
treated,1
own,1
assemblages,1
tipo,1
width,1
helps,1
hinder,1
volluminoso,1
deposits,1
inventorieda,1
craft,1
fritts,1
greatkivaroofs,1
insect,1
walpi,1
expand,1
resolve,1
top,1
lake,1
ventlator,1
overwhelmingly,1
andprehistory,1
widths,1
dedication,1
largely,1
assumption,1
emphasize,1
factor,1
aside,1
submitted,1
tips,1
evolution,1
nterpretation,1
grip,1
novotny,1
nothing,1
trip,1
full,1
previous,1
office,1
california,1
lessened,1
involves,1
ajuniper,1
low,1
significance,1
afterward,1
groove,1
holsinger,1
volunteer,1
adding,1
stress,1
gurule,1
obtaining,1
perpendicular,1
points,1
feature,1
amounts,1
co,1
held,1
symposium,1
homes,1
bonitod,1
revised,1
tim,1
prodigious,1
tala,1
optimum,1
stages,1
burd,1
improved,1
preservation,1
kantner,1
spadefoot,1
subfloor,1
spent,1
favored,1
witness,1
random,1
envisions,1
hovezak,1
flame,1
satisfy,1
leaves,1
salt,1
moist,1
bordered,1
lift,1
become,1
bineola,1
assessing,1
requerimientos,1
exactly,1
blanton,1
examine,1
xxvi,1
seattle,1
ten,1
wills,1
reanalyses,1
parameters,1
splitting,1
shale,1
versus,1
institution,1
scopulorum,1
anchored,1
jerry,1
pfin,1
chert,1
haul,1
sumwindes,1
residing,1
pero,1
separate,1
grandes,1
limiting,1
bighorn,1
coastindians,1
roasted,1
ranging,1
european,1
rope,1
consists,1
indication,1
govermment,1
fraternal,1
lineages,1
involve,1
ofalexanderm,1
esteemed,1
breve,1
juniperi,1
inspiradas,1
dissected,1
ballantine,1
she,1
abroken,1
science,1
segments,1
bulk,1
domains,1
practical,1
testing,1
mw,1
usarse,1
rough,1
indispensable,1
topping,1
aswindes,1
lines,1
hogan,1
contrast,1
investigators,1
dimensions,1
health,1
interfere,1
translation,1
curation,1
effectively,1
remaining,1
periodo,1
contributor,1
life,1
inspired,1
responsible,1
pristine,1
posts,1
dead,1
fields,1
wide,1
months,1
unhafted,1
sandstone,1
debarked,1
face,1
unusual,1
gathered,1
mud,1
resemble,1
woodlands,1
earliest,1
benefitted,1
considered,1
durability,1
flatd,1
burned,1
atsand,1
environment,1
formalization,1
monument,1
practice,1
reviewing,1
comes,1
series,1
depending,1
homogeneity,1
pueblos,1
peoples,1
consider,1
simplify,1
simply,1
commercial,1
extensive,1
serveswindes,1
ever,1
da,1
economically,1
woody,1
precise,1
appeared,1
physical,1
intermittently,1
palace,1
hrsc,1
thearchitecture,1
phillips,1
alternative,1
pinpointing,1
peel,1
cover,1
lynne,1
berkeley,1
ipplied,1
branches,1
ood,1
sido,1
commonplace,1
finance,1
cm,1
eighth,1
cultures,1
posturas,1
sheep,1
attribute,1
nepali,1
andformationprocesses,1
sizes,1
ft,1
leaders,1
identically,1
cyclical,1
current,1
methods,1
iii,1
monoclines,1
job,1
basket,1
intersecting,1
appreciative,1
bonnie,1
build,1
presentados,1
consistencia,1
past,1
closest,1
anomalous,1
sierra,1
texas,1
better,1
eafter,1
dsample,1
beginning,1
ligaments,1
operando,1
pooled,1
economy,1
impact,1
notable,1
carefully,1
tying,1
rose,1
pilaster,1
form,1
rising,1
duplication,1
smallhouse,1
sociology,1
imposed,1
nearby,1
monsoonal,1
add,1
opportunistic,1
agricultural,1
especialistas,1
greathouse,1
axis,1
bolts,1
xeric,1
chopper,1
periphery,1
differs,1
guia,1
localities,1
produce,1
girdled,1
observations,1
episode,1
scenarios,1
nuances,1
wilcox,1
upper,1
pullman,1
chronometric,1
nochaquenos,1
travel,1
plata,1
cluster,1
conference,1
marking,1
bodies,1
necessity,1
ill,1
reported,1
slated,1
timely,1
city,1
easy,1
techniques,1
reappraisal,1
cacicazgo,1
ofhumanbiology,1
extended,1
bmay,1
commodities,1
jun,1
cambium,1
obtain,1
woodprocurement,1
colonial,1
wilfred,1
stevenson,1
indians,1
pole,1
representation,1
fine,1
goals,1
construed,1
efple,1
prepared,1
houseblock,1
affordably,1
felled,1
additional,1
shores,1
lone,1
layers,1
gabout,1
locations,1
difference,1
caloric,1
formality,1
intensified,1
similarity,1
conditions,1
butt,1
errant,1
temperature,1
showlow,1
beyond,1
brushy,1
foundered,1
actividades,1
parallels,1
sumably,1
serrated,1
lively,1
correlated,1
enabling,1
cobble,1
specialists,1
green,1
evidence,1
inrecentlydatedpueblo,1
irrefutable,1
dahl,1
stubs,1
thoughtful,1
opping,1
effects,1
piece,1
defined,1
voluntary,1
plentiful,1
fthe,1
threeanasazi,1
remains,1
shift,1
propio,1
roughly,1
interdigitated,1
inform,1
needs,1
mobilized,1
treats,1
specific,1
tripse,1
mesaverde,1
recolectado,1
modeling,1
removing,1
drying,1
nhh,1
chisel,1
capra,1
andwarren,1
charged,1
point,1
hills,1
jamie,1
johnson,1
delarroyo,1
nativeamericanarchitecture,1
imaginamos,1
era,1
partial,1
create,1
substantial,1
caretaker,1
strong,1
comparable,1
taylor,1
recent,1
famous,1
virtue,1
southeastern,1
ca,1
pillars,1
showed,1
southamerican,1
predicated,1
cited,1
occur,1
usada,1
bespeaks,1
escala,1
