WORDCOUNTS,WEIGHT
the,406
of,298
and,189
in,141
to,119
a,87
that,78
ritual,74
we,66
is,58
for,48
as,40
by,39
it,38
this,35
on,35
from,34
our,34
not,30
social,26
or,25
with,25
at,24
rock,23
can,23
archaeology,23
was,21
mason,21
be,21
great,20
are,20
art,20
his,19
american,18
university,18
these,18
what,18
archaeologists,17
an,16
past,16
michigan,15
its,15
missaukee,15
lakes,15
their,15
role,15
has,14
study,14
ancient,14
archaeological,14
how,13
mide,13
but,13
native,13
were,13
religion,12
change,12
historic,12
date,11
site,11
no,11
about,11
new,11
which,11
material,11
while,11
meaning,10
los,10
pp,10
internal,10
antiquity,10
whitley,10
production,9
such,9
dis,9
used,9
he,9
model,9
understanding,9
historical,9
through,9
they,8
other,8
ad,8
than,8
otter,8
ojibwa,8
work,8
people,8
midewiwin,8
edited,8
ethnographic,8
more,8
do,8
bear,8
any,8
paper,8
map,8
have,8
before,7
there,7
state,7
de,7
southern,7
elements,7
even,7
rather,7
prehistoric,7
late,7
del,7
approach,7
when,7
comments,7
two,7
regional,7
original,7
discussion,7
dating,7
plains,7
accounts,7
earthwork,7
cambridge,7
evidence,7
between,7
earthworks,7
one,6
being,6
sources,6
all,6
seems,6
trance,6
some,6
mental,6
boven,6
y,6
en,6
rit,6
understand,6
p,6
place,6
critical,6
second,6
ethnohistoric,6
john,6
external,6
where,6
practice,6
ing,6
anthropology,6
different,6
did,6
works,6
remains,6
charles,6
among,6
studies,5
into,5
contact,5
lower,5
archae,5
able,5
el,5
con,5
dr,5
very,5
que,5
journal,5
greer,5
york,5
most,5
important,5
out,5
deal,5
because,5
sense,5
research,5
will,5
us,5
same,5
also,5
journey,5
fact,5
time,5
including,5
dewdney,5
trade,5
quests,5
would,5
systems,5
story,5
northern,5
ual,5
know,5
over,5
universal,5
using,5
models,5
emotive,5
enclosure,5
north,5
should,5
major,5
groups,4
does,4
something,4
might,4
worked,4
j,4
context,4
eastern,4
pre,4
along,4
g,4
kind,4
period,4
communities,4
l,4
means,4
prehistory,4
upper,4
view,4
could,4
shamanism,4
during,4
messenger,4
world,4
activities,4
san,4
religious,4
interpretation,4
makes,4
serve,4
published,4
many,4
anthropologist,4
present,4
meghan,4
range,4
use,4
processes,4
enclosures,4
uni,4
after,4
who,4
often,4
stable,4
detail,4
must,4
anthropological,4
living,4
landes,4
quote,4
both,4
analogy,4
specific,4
e,3
eth,3
conducted,3
myth,3
history,3
bp,3
source,3
bahn,3
years,3
analogies,3
substantive,3
renfrew,3
sacred,3
discrete,3
within,3
review,3
against,3
application,3
nor,3
traditions,3
failed,3
via,3
colin,3
derived,3
creek,3
paleolithic,3
organization,3
covery,3
age,3
show,3
m,3
shamanistic,3
societies,3
effort,3
estudios,3
inter,3
cultural,3
studying,3
versity,3
record,3
sites,3
shaman,3
issues,3
rituals,3
own,3
earth,3
archaeologies,3
society,3
ceremonial,3
practices,3
scientific,3
economic,3
make,3
under,3
transformations,3
culture,3
al,3
department,3
only,3
power,3
idea,3
break,3
contends,3
michael,3
considering,3
made,3
inherently,3
macro,3
howey,3
similar,3
points,3
like,3
so,3
features,3
played,3
james,3
ethnohistory,3
suggest,3
been,3
life,3
analysis,3
ology,3
univer,3
set,3
shamans,3
cultures,3
seem,3
rely,3
cognitive,3
phd,3
making,3
institute,3
possible,3
mod,3
despite,3
com,3
question,3
offered,3
tribes,3
ferent,3
much,3
dif,3
final,2
entities,2
ments,2
o,2
calibrated,2
way,2
greenman,2
if,2
concerned,2
cl,2
scholar,2
created,2
emerson,2
center,2
large,2
ways,2
h,2
marcus,2
modern,2
presents,2
territorial,2
claire,2
contexts,2
efficacy,2
unlock,2
first,2
setting,2
nature,2
s,2
tradition,2
nosotros,2
studied,2
concludes,2
take,2
help,2
precisely,2
those,2
robert,2
political,2
nal,2
woodlands,2
existence,2
assertions,2
america,2
prior,2
logical,2
richard,2
point,2
say,2
cited,2
relies,2
human,2
regarding,2
central,2
ronald,2
illustrates,2
assumes,2
logic,2
scrolls,2
neuropsychological,2
document,2
back,2
response,2
oxford,2
dates,2
explore,2
look,2
constructs,2
critique,2
nohistory,2
error,2
may,2
van,2
employ,2
angeles,2
organizing,2
basic,2
levels,2
landscapes,2
importance,2
direct,2
strate,2
changes,2
monumental,2
consider,2
kehoe,2
just,2
traces,2
exemplify,2
solid,2
recovered,2
mosquito,2
peninsula,2
ceremony,2
projected,2
drawing,2
reflections,2
tural,2
access,2
struc,2
centers,2
changed,2
shared,2
dowson,2
evaluate,2
sentence,2
applied,2
ezra,2
public,2
briefly,2
well,2
directly,2
flannery,2
sity,2
sug,2
contextualized,2
claim,2
r,2
concept,2
considerar,2
london,2
description,2
ten,2
woodland,2
discussions,2
demon,2
systematic,2
accused,2
level,2
working,2
field,2
involve,2
order,2
involved,2
spanish,2
eco,2
bridge,2
tation,2
portions,2
core,2
up,2
cites,2
correspondence,2
structured,2
cite,2
portion,2
highlights,2
situation,2
hide,2
located,2
standing,2
rites,2
yet,2
museum,2
fair,2
represents,2
continuity,2
ele,2
neither,2
participants,2
ed,2
toronto,2
considers,2
delivery,2
french,2
stories,2
again,2
ask,2
emotions,2
shows,2
naive,2
fundamental,2
ney,2
larger,2
anal,2
ethno,2
forms,2
never,2
patterns,2
empire,2
saukee,2
see,2
encountered,2
ritos,2
encounter,2
disagree,2
region,2
identity,2
europeans,2
skeptical,2
questions,2
individuals,2
clear,2
reality,2
david,2
general,2
function,2
tribal,2
curve,2
static,2
interpretable,2
accurate,2
article,2
evolutionary,2
ann,2
examine,2
reli,2
structure,2
seeking,2
arbor,2
perspectives,2
provide,2
science,2
testing,2
inside,2
rethinking,2
lives,2
transformation,2
dynamism,2
why,2
construction,2
rigorous,2
meant,2
cam,2
rite,2
share,2
then,2
thinking,2
peoples,2
contradiction,2
simply,2
ever,2
cotsen,2
offers,2
here,2
integrative,2
mis,2
witgen,2
each,2
anthropo,2
neglected,2
believe,2
dur,2
post,2
obviously,2
far,2
build,2
c,2
evangelos,2
animal,2
ologists,2
unique,2
spatial,2
ethnography,2
cloth,2
sundstrom,2
press,2
subject,2
agents,2
jour,2
immaterial,2
arguments,2
colonial,2
mention,2
aspect,2
think,2
unexplored,2
argument,2
quest,2
illinois,2
numerous,2
dangerous,2
buikstra,2
ruth,2
carbon,2
informants,2
early,2
seek,2
els,2
dynamic,1
resolve,1
grasped,1
dewd,1
difficult,1
moccasin,1
cussion,1
turation,1
interpre,1
povertycomments,1
doubts,1
inal,1
pur,1
later,1
tion,1
names,1
mchale,1
centering,1
commitment,1
grappled,1
alega,1
credibility,1
jane,1
foraging,1
red,1
submission,1
fea,1
manitoba,1
gion,1
manuscript,1
ponemos,1
likewise,1
told,1
wishful,1
discover,1
elementary,1
arqueologico,1
deepest,1
inmaterial,1
kinds,1
elaborated,1
birmingham,1
designed,1
stone,1
overdue,1
referring,1
control,1
dational,1
schools,1
asserted,1
huron,1
continent,1
approaches,1
clifford,1
cific,1
motive,1
trace,1
tigate,1
western,1
necessarily,1
unlike,1
assignment,1
alperseguir,1
sys,1
arguing,1
flaws,1
misinterpreting,1
foragers,1
bark,1
du,1
turning,1
test,1
spec,1
file,1
said,1
warns,1
else,1
bonito,1
marco,1
undermine,1
buscan,1
ertheless,1
wrong,1
invention,1
long,1
advisable,1
neglects,1
torical,1
jackson,1
creation,1
universalizing,1
alized,1
address,1
asso,1
season,1
anywhere,1
actualized,1
cobb,1
chaco,1
neil,1
asia,1
layout,1
shaped,1
displacement,1
available,1
copy,1
leading,1
assertion,1
suggesting,1
reasons,1
confusion,1
thank,1
origin,1
rich,1
producing,1
follows,1
link,1
onto,1
misled,1
gestion,1
subsequent,1
inland,1
deepen,1
alden,1
feature,1
fresh,1
patterned,1
emphasized,1
stand,1
respond,1
remainder,1
raised,1
opposite,1
lagos,1
interno,1
ity,1
makescomments,1
lugar,1
papers,1
posts,1
system,1
case,1
issue,1
occasional,1
milner,1
roy,1
recorded,1
key,1
task,1
recov,1
primary,1
tal,1
eurasia,1
draw,1
rests,1
capable,1
fitting,1
culturas,1
implies,1
acer,1
ered,1
activity,1
tracing,1
illustrate,1
reaching,1
functions,1
emile,1
likely,1
rela,1
ide,1
ignores,1
resources,1
fur,1
foun,1
monu,1
apply,1
awls,1
solo,1
himself,1
geertz,1
lars,1
fragment,1
sand,1
split,1
diversity,1
framework,1
guilty,1
canyon,1
mid,1
estudio,1
natives,1
goal,1
restos,1
retaining,1
prey,1
township,1
malinterpretar,1
relationships,1
archaeolo,1
component,1
facts,1
immediate,1
inner,1
mally,1
run,1
translating,1
since,1
breaker,1
furthering,1
trated,1
ern,1
realization,1
lan,1
employing,1
overly,1
montana,1
esfuerzos,1
ologicos,1
calibrates,1
turn,1
explo,1
tam,1
parallelism,1
wendy,1
ciation,1
theorists,1
orig,1
ation,1
perspective,1
fond,1
amount,1
contrary,1
ha,1
slave,1
holds,1
further,1
served,1
wholly,1
graphically,1
analogs,1
fines,1
left,1
third,1
cardinal,1
intersocietal,1
find,1
pasado,1
preserving,1
versal,1
details,1
andcomments,1
delivered,1
enrich,1
acted,1
fusion,1
stanley,1
dyke,1
ment,1
equivocamos,1
grasp,1
alabama,1
buried,1
exten,1
peo,1
acter,1
manipulated,1
reflects,1
mexico,1
without,1
agers,1
segun,1
critica,1
factual,1
ified,1
across,1
generations,1
developed,1
adds,1
remain,1
premodern,1
nipeg,1
landscape,1
ically,1
explicit,1
coastal,1
consumes,1
calculation,1
una,1
represented,1
opportunity,1
entender,1
enfasis,1
granted,1
activ,1
stops,1
connected,1
thing,1
humanity,1
b,1
attach,1
pages,1
tionship,1
signatures,1
nos,1
symbols,1
cave,1
danger,1
white,1
evolution,1
feel,1
productive,1
retriev,1
ejemplificar,1
evolu,1
consequences,1
support,1
modified,1
references,1
win,1
reeder,1
unhappiness,1
legitimizing,1
maiden,1
possibly,1
carve,1
river,1
sim,1
retained,1
repeated,1
ashmore,1
clearly,1
latin,1
rupted,1
vidual,1
impact,1
dominate,1
gradually,1
bruce,1
elab,1
archaeol,1
orientation,1
commonly,1
resource,1
surface,1
modeled,1
icizing,1
cost,1
putting,1
problems,1
robbie,1
puts,1
ethnohisto,1
mon,1
gregson,1
dc,1
thrust,1
paragraph,1
lori,1
estos,1
charcoal,1
had,1
cranbrook,1
result,1
based,1
whom,1
identifying,1
location,1
asserts,1
bearing,1
analog,1
portable,1
katherine,1
method,1
found,1
inappropriate,1
lived,1
ering,1
destined,1
criticisms,1
events,1
valor,1
ogy,1
initial,1
attenuated,1
ethnohistorical,1
rians,1
argumentos,1
algo,1
understood,1
let,1
rent,1
inconstant,1
circular,1
mate,1
tools,1
appears,1
viewed,1
ceramics,1
produced,1
cannot,1
fulfill,1
analogous,1
gone,1
explain,1
hopkins,1
halsey,1
wants,1
ther,1
aspects,1
char,1
failure,1
biah,1
participation,1
basis,1
future,1
correctly,1
data,1
arqueologos,1
northerners,1
spiel,1
douglas,1
received,1
responding,1
ogous,1
crit,1
distinguish,1
reader,1
brought,1
tens,1
part,1
stir,1
example,1
norm,1
indigenous,1
patterning,1
gender,1
ple,1
copyright,1
gave,1
island,1
refined,1
beginnings,1
contextualizing,1
falling,1
structures,1
lingering,1
call,1
forces,1
spends,1
hampshire,1
fieldwork,1
manage,1
artifact,1
predictive,1
endorsement,1
engagement,1
attributed,1
manipulation,1
fracasado,1
errors,1
depicting,1
creating,1
least,1
ducted,1
indi,1
useful,1
things,1
straight,1
arqueologicos,1
devotional,1
complicate,1
emphasizes,1
heart,1
gests,1
typ,1
specifically,1
around,1
structions,1
sole,1
concerns,1
republics,1
feelings,1
ship,1
components,1
legitimize,1
oral,1
presence,1
beck,1
cur,1
waveland,1
nization,1
yielded,1
credible,1
nohistoric,1
vein,1
fully,1
annual,1
inadequacies,1
dependent,1
citations,1
repeat,1
zapotec,1
roots,1
notes,1
appropriate,1
contextu,1
grateful,1
finds,1
mainfort,1
sitio,1
actions,1
prehistorian,1
avoid,1
cleland,1
transforming,1
south,1
threatened,1
f,1
orate,1
processual,1
istic,1
calibration,1
absence,1
protecting,1
various,1
enthused,1
identified,1
deliv,1
problematizes,1
materiales,1
imagery,1
overall,1
nuestros,1
play,1
rush,1
etc,1
prove,1
allen,1
above,1
buscamos,1
experiences,1
numer,1
deliverer,1
direction,1
nev,1
relationship,1
guide,1
foot,1
forager,1
kent,1
criticism,1
rad,1
camiento,1
ethnographers,1
fit,1
suited,1
mos,1
misunderstand,1
thought,1
acknowledgments,1
coevolution,1
traves,1
evolved,1
expounded,1
tific,1
birch,1
salient,1
grimes,1
ams,1
homogeneous,1
light,1
rightly,1
entoptic,1
formalized,1
inferences,1
deliver,1
indian,1
acknowledging,1
wisconsin,1
insights,1
emotional,1
lynne,1
williams,1
encontramos,1
picture,1
inference,1
persuasive,1
angel,1
actually,1
etheridge,1
lewis,1
name,1
overreliance,1
paul,1
challenge,1
impres,1
mark,1
others,1
academy,1
jodie,1
stud,1
projects,1
evalua,1
water,1
missing,1
joyce,1
lengthy,1
longer,1
ceramic,1
d,1
inves,1
datos,1
emplacement,1
arising,1
areas,1
occurrence,1
arque,1
copied,1
plan,1
rial,1
agree,1
documents,1
match,1
abstract,1
attempting,1
sloppy,1
children,1
really,1
anthro,1
importation,1
richer,1
banks,1
partic,1
everything,1
mostramos,1
contemporary,1
pattern,1
simple,1
algonquian,1
channel,1
enough,1
hand,1
precinct,1
obligates,1
accepted,1
answer,1
necessary,1
emotion,1
paired,1
por,1
deep,1
dispel,1
como,1
distance,1
number,1
ethnohistorians,1
decontextualized,1
thoroughly,1
fluidity,1
degree,1
sal,1
oper,1
remove,1
argues,1
thousands,1
demonstrated,1
fundamentally,1
excerpt,1
nonetheless,1
private,1
admits,1
emotivo,1
atlantic,1
explanation,1
emote,1
trajectory,1
creado,1
lake,1
enhanced,1
owe,1
looking,1
recover,1
histor,1
entirely,1
significant,1
expression,1
hypotheses,1
station,1
emphasize,1
edwin,1
misguided,1
shea,1
ideas,1
harvard,1
submitted,1
ethnic,1
actual,1
necessitated,1
catherine,1
described,1
ager,1
ties,1
open,1
significance,1
margaret,1
ultimadamente,1
three,1
accessed,1
directed,1
emphasizing,1
mode,1
comprehensive,1
publication,1
recognize,1
maintenance,1
myopic,1
held,1
gate,1
allowed,1
pos,1
timecomments,1
poraneity,1
high,1
collected,1
stages,1
crafted,1
lie,1
filled,1
inclosures,1
practiced,1
believing,1
etnohistoricos,1
provides,1
thomas,1
men,1
graphic,1
ipated,1
behind,1
somehow,1
qualities,1
k,1
become,1
blackwell,1
effect,1
probably,1
ponents,1
residue,1
ate,1
spain,1
southwest,1
shamanic,1
relative,1
nomic,1
positioning,1
professional,1
pottery,1
attention,1
la,1
widely,1
brown,1
overlooked,1
variety,1
grandes,1
activi,1
september,1
increasing,1
european,1
depth,1
whit,1
prehistorico,1
signs,1
assigned,1
para,1
informs,1
backward,1
sirven,1
hemos,1
raise,1
note,1
assert,1
sometimes,1
figure,1
earthen,1
derfer,1
investi,1
practitioners,1
imposi,1
bound,1
unchanging,1
lines,1
multi,1
attacking,1
predict,1
referred,1
monuments,1
dimensions,1
universals,1
directions,1
un,1
transformed,1
detailed,1
returned,1
markers,1
sures,1
linea,1
periodo,1
length,1
ojibway,1
illus,1
siberia,1
strategically,1
worlds,1
combines,1
problematic,1
interpretive,1
tems,1
susan,1
investigate,1
addressed,1
school,1
expec,1
selwyn,1
proof,1
areal,1
ration,1
seriously,1
rarely,1
associated,1
specification,1
following,1
rea,1
cuando,1
mann,1
series,1
several,1
ringing,1
potawatomi,1
extending,1
mistook,1
enclo,1
struck,1
steel,1
geographic,1
detect,1
continues,1
known,1
physical,1
proposes,1
fogelin,1
rappaport,1
sibly,1
scien,1
natural,1
zurel,1
principle,1
convention,1
readily,1
chacoan,1
accul,1
lying,1
connection,1
interested,1
exploration,1
naturalize,1
accommodate,1
appendix,1
argue,1
half,1
current,1
scenario,1
provoke,1
iii,1
ideological,1
speculation,1
ous,1
identities,1
las,1
quoted,1
february,1
bands,1
person,1
dorfsman,1
lens,1
experi,1
explanations,1
fuller,1
proceedings,1
investigation,1
them,1
whether,1
form,1
want,1
particular,1
comes,1
add,1
sus,1
hoped,1
statement,1
protective,1
sively,1
ies,1
quito,1
alice,1
dream,1
correlates,1
pursued,1
deney,1
information,1
agreed,1
missed,1
phenomena,1
devalues,1
travel,1
middle,1
spaces,1
socioeconomic,1
radically,1
researchers,1
presented,1
multiple,1
putes,1
disparate,1
reported,1
conclude,1
ceive,1
centro,1
november,1
metodos,1
territory,1
sion,1
substance,1
target,1
bloomfield,1
reconstruct,1
images,1
midewi,1
inventions,1
allows,1
maintained,1
aims,1
tions,1
prepared,1
named,1
enproblemas,1
tardio,1
understandings,1
ultimately,1
instructive,1
entity,1
difference,1
ence,1
electronic,1
similarity,1
treal,1
contract,1
protohistoric,1
national,1
grant,1
gists,1
sumably,1
offer,1
approximately,1
instead,1
although,1
typically,1
touches,1
integrated,1
upon,1
consumption,1
socially,1
bernard,1
need,1
constructed,1
product,1
you,1
schachner,1
quotes,1
prospect,1
recourse,1
madison,1
wouldbe,1
orga,1
carbondale,1
potential,1
removed,1
assumed,1
certainty,1
km,1
prospects,1
bell,1
vary,1
patricia,1
uncertainty,1
gainesville,1
import,1
element,1
pologist,1
entire,1
little,1
interaction,1
vagaries,1
traditional,1
focus,1
strong,1
recent,1
previously,1
broader,1
doing,1
ca,1
roles,1
lac,1
spe,1
contem,1
hijacked,1
increase,1
