WORDCOUNTS,WEIGHT
the,367
and,276
of,262
in,176
a,109
to,106
for,85
that,77
chaco,65
by,60
canyon,49
is,46
have,44
as,42
not,39
wealth,35
be,34
was,32
exchange,32
finance,31
were,30
control,29
are,27
pp,26
chiefdoms,25
within,25
an,25
edited,25
but,25
would,25
political,24
with,24
system,23
been,23
institutions,23
regional,21
on,21
j,20
de,20
support,20
from,20
at,19
american,19
such,19
chiefs,19
earle,19
goods,19
societies,18
ceremonial,18
social,18
economy,18
production,17
staple,17
or,17
probably,17
corporate,16
their,16
university,16
t,16
these,16
evolution,16
i,15
no,15
productive,15
could,15
new,14
it,13
complex,13
pueblo,13
subsistence,13
mobilization,13
institutional,13
specific,13
other,12
great,12
this,12
chiefdom,12
local,12
land,12
cambridge,12
they,11
flows,11
some,11
may,11
economic,11
can,11
staples,11
through,11
ritual,10
most,10
based,10
society,10
turquoise,10
individuals,10
form,10
groups,9
group,9
york,9
systems,9
found,9
r,9
redistribution,9
involved,9
activities,9
more,9
use,9
which,9
especially,9
prestige,9
c,9
controlled,8
labor,8
thus,8
special,8
my,8
houses,8
because,8
part,8
its,8
et,8
highly,8
al,8
many,8
how,8
k,8
we,8
la,8
leaders,8
exchanges,7
g,7
networks,7
y,7
distribution,7
objects,7
organization,7
export,7
burial,7
used,7
people,7
movement,7
road,7
chiefly,7
archaeological,7
materialized,7
monuments,7
antiquity,7
construction,7
manufacture,7
commodity,7
e,6
all,6
resources,6
que,6
relationships,6
served,6
rights,6
population,6
elaborate,6
means,6
important,6
p,6
during,6
personal,6
forms,6
do,6
lands,6
food,6
individual,6
amber,6
southwest,6
un,6
any,6
associated,6
over,6
copper,6
evidence,6
between,6
create,6
early,6
household,6
expect,5
contexts,5
economies,5
amount,5
santa,5
l,5
monumental,5
requires,5
m,5
prehistoric,5
access,5
base,5
produced,5
basis,5
related,5
alto,5
provided,5
san,5
roads,5
outside,5
model,5
significant,5
ceremonies,5
function,5
households,5
juan,5
often,5
fe,5
must,5
different,5
has,5
agricultural,5
include,5
although,5
specialists,5
mobilized,5
supported,5
ownership,5
difficult,4
common,4
represent,4
center,4
needed,4
stone,4
park,4
chief,4
s,4
broadly,4
able,4
renfrew,4
state,4
those,4
el,4
primary,4
human,4
central,4
development,4
sustain,4
items,4
his,4
process,4
resource,4
appear,4
closely,4
basin,4
big,4
academic,4
hawaiian,4
scale,4
storage,4
network,4
working,4
research,4
value,4
demand,4
service,4
distribute,4
communities,4
opportunities,4
property,4
pattern,4
material,4
como,4
made,4
emphasize,4
complicated,4
trade,4
high,4
institution,4
suggest,4
anthropological,4
complexity,4
bronze,4
constructed,4
interpersonal,4
very,4
what,4
theory,4
both,4
level,4
conditions,4
national,4
define,4
among,4
should,4
building,4
flow,3
environmental,3
denmark,3
unlike,3
certainly,3
archaeologically,3
available,3
take,3
emphasized,3
primitive,3
coordinated,3
faceless,3
agriculture,3
determined,3
west,3
financed,3
southwestern,3
relatively,3
ancient,3
canoes,3
publications,3
apparently,3
mechanism,3
van,3
across,3
developed,3
h,3
en,3
landscape,3
represented,3
risk,3
terms,3
burials,3
shell,3
locally,3
organized,3
too,3
beyond,3
defines,3
out,3
events,3
mesoamerican,3
ceramics,3
required,3
egalitarian,3
los,3
instituted,3
place,3
broad,3
beads,3
materialization,3
craftsmen,3
stanford,3
status,3
recursos,3
archaeology,3
quite,3
few,3
core,3
when,3
using,3
periods,3
f,3
architecture,3
logistical,3
community,3
esoteric,3
only,3
toward,3
time,3
necessary,3
distance,3
circumscription,3
technologies,3
cacicazgo,3
range,3
amounts,3
currentanthropology,3
paths,3
ornaments,3
mckenna,3
sociopolitical,3
propose,3
exchanged,3
fairly,3
provide,3
types,3
differentiated,3
environment,3
reciprocal,3
variable,3
then,3
simply,3
here,3
school,3
chacoan,3
specialized,3
did,3
constructions,3
las,3
according,3
transport,3
sistema,3
come,3
web,3
given,3
observed,3
built,3
inka,2
brumfiel,2
if,2
imported,2
created,2
market,2
mesoamerica,2
ways,2
theamerican,2
easily,2
reasonably,2
allies,2
into,2
before,2
source,2
materials,2
first,2
sources,2
neolithic,2
give,2
concentrated,2
expectation,2
seems,2
nature,2
thank,2
displays,2
products,2
search,2
staplefinance,2
case,2
possible,2
marked,2
condition,2
characterize,2
except,2
timothy,2
owners,2
lideres,2
surplus,2
ranked,2
review,2
fun,2
historically,2
consumed,2
hawaii,2
one,2
financing,2
exercise,2
feathers,2
compare,2
competitive,2
walls,2
mechanisms,2
civilization,2
without,2
managers,2
main,2
public,2
organizing,2
una,2
landscapes,2
b,2
se,2
contributions,2
mobilize,2
understand,2
specialization,2
elsewhere,2
numbers,2
perspective,2
age,2
neitzel,2
plenum,2
owning,2
strategy,2
providing,2
dc,2
grupos,2
raw,2
had,2
method,2
centrally,2
commoners,2
late,2
further,2
appears,2
residential,2
analogous,2
facilities,2
well,2
hierarchies,2
directly,2
flannery,2
distinctiveness,2
work,2
materialize,2
example,2
northern,2
year,2
project,2
successful,2
below,2
things,2
reliable,2
owned,2
around,2
ericson,2
distinguished,2
visible,2
structured,2
he,2
various,2
identified,2
limited,2
return,2
currency,2
collect,2
yet,2
peregrine,2
fit,2
technology,2
restricted,2
ethnographic,2
two,2
moments,2
payments,2
continued,2
volume,2
muy,2
also,2
decoration,2
usually,2
ceramic,2
fashion,2
man,2
discussed,2
channel,2
men,2
procurement,2
everyday,2
where,2
accepted,2
por,2
perhaps,2
polities,2
original,2
crown,2
background,2
values,2
region,2
sufficiently,2
elite,2
crafts,2
identity,2
largely,2
nothing,2
redistributive,2
described,2
similar,2
allowed,2
characterized,2
like,2
so,2
general,2
mexico,2
random,2
problems,2
evolutionary,2
craft,2
ann,2
structure,2
arbor,2
widely,2
pero,2
increasing,2
bells,2
financiero,2
noncentralized,2
predict,2
payment,2
unusual,2
supporting,2
exists,2
exercised,2
rarely,2
practice,2
dispersed,2
intensification,2
reciprocity,2
alternative,2
know,2
each,2
anthropology,2
seem,2
exceptional,2
rivalry,2
particularly,2
harbottle,2
person,2
kivas,2
them,2
map,2
require,2
generally,2
suggests,2
ideal,2
size,2
middle,2
finished,2
spaces,2
emergent,2
attached,2
alternatives,2
became,2
commodities,2
phenomenon,2
kohler,2
models,2
rowlands,2
redistributional,2
kus,2
typically,2
states,2
integration,2
involving,2
defined,2
paraphernalia,2
needs,2
offered,2
traditional,2
immediately,2
strong,2
famous,2
major,2
stateless,1
tainter,1
mortuary,1
does,1
inward,1
o,1
oriented,1
way,1
meaning,1
either,1
personnel,1
extend,1
determine,1
red,1
measures,1
introduction,1
landholding,1
becoming,1
large,1
engineered,1
enduring,1
comprised,1
elaborated,1
delfamoso,1
prime,1
ma,1
tierras,1
authority,1
uniquely,1
specialist,1
studies,1
candidate,1
justified,1
throwing,1
history,1
pots,1
something,1
corresponding,1
leads,1
defmition,1
kula,1
permit,1
articulos,1
wrong,1
long,1
kennedy,1
taken,1
military,1
contrasted,1
might,1
address,1
attempt,1
unexceptional,1
worked,1
undeniably,1
action,1
emerged,1
possibilities,1
reach,1
principles,1
seaworthy,1
skills,1
surplusfood,1
paramount,1
secondary,1
agrarian,1
suggesting,1
daily,1
monumentally,1
display,1
dryland,1
exotic,1
bulked,1
onto,1
interconnect,1
wore,1
real,1
evolving,1
systenm,1
feature,1
instituciones,1
monunmental,1
stand,1
precisely,1
wolcott,1
investigations,1
california,1
somewhat,1
calculus,1
context,1
papers,1
concealed,1
corresponded,1
symbolizing,1
eastern,1
courtesy,1
east,1
key,1
money,1
advice,1
solving,1
design,1
anasazi,1
indirectly,1
vol,1
publicas,1
politics,1
outlying,1
sabloff,1
feinman,1
functions,1
terminus,1
move,1
exchangeability,1
irrigated,1
sino,1
pyrotechnology,1
point,1
say,1
cited,1
dynamic,1
creatively,1
solo,1
enter,1
duenos,1
kristiansen,1
warfare,1
eciprocal,1
attract,1
valuables,1
localized,1
offinlance,1
exist,1
tribute,1
repeatedly,1
centralized,1
includes,1
igualitarias,1
throughout,1
representations,1
quality,1
safety,1
against,1
medio,1
ethnohistorical,1
interrelationships,1
excavations,1
friedman,1
allocates,1
materially,1
media,1
expected,1
asymmetrical,1
fried,1
cases,1
defense,1
elements,1
halo,1
enhancement,1
convincing,1
ante,1
subjects,1
ha,1
serving,1
restrict,1
caravans,1
waterbased,1
caminos,1
spotty,1
kinship,1
spielmann,1
module,1
productos,1
overarching,1
swords,1
bulking,1
tend,1
even,1
evidencia,1
look,1
european,1
than,1
leadership,1
occasion,1
jones,1
pottety,1
secondarily,1
industries,1
site,1
assessed,1
steps,1
operation,1
surgio,1
colin,1
recognized,1
operations,1
offinance,1
dry,1
basic,1
coastal,1
notion,1
mean,1
requieren,1
goes,1
vs,1
outward,1
oftewaintertribal,1
basada,1
legal,1
entre,1
derived,1
direct,1
steinberg,1
networkbased,1
helms,1
scales,1
extenso,1
distant,1
definido,1
augmented,1
firing,1
reason,1
andfinance,1
injury,1
settled,1
serve,1
alienate,1
ofpeople,1
civilizations,1
cherts,1
established,1
encourages,1
retained,1
image,1
intensive,1
emergence,1
proved,1
especialmente,1
moderately,1
completion,1
dominate,1
articulated,1
house,1
daggers,1
argued,1
w,1
show,1
commonly,1
ups,1
recovered,1
lithic,1
albuquerque,1
followed,1
advisors,1
cost,1
painted,1
networked,1
weigand,1
stoltman,1
proposicion,1
management,1
drawing,1
view,1
dependency,1
tecnologias,1
disappeared,1
assessments,1
artistic,1
estos,1
irrigation,1
ditions,1
identifying,1
location,1
chipped,1
typical,1
mapping,1
craftspeople,1
demands,1
sedentary,1
austin,1
requirements,1
noting,1
accent,1
floodwater,1
cultural,1
elemental,1
focused,1
rent,1
mainly,1
cannot,1
meet,1
however,1
centralizada,1
guarantee,1
shepard,1
wide,1
acknowledgments,1
photo,1
creates,1
symbolically,1
impression,1
memory,1
aspects,1
comestibles,1
failure,1
sites,1
spheres,1
distinguish,1
future,1
macaws,1
literature,1
island,1
bc,1
inferred,1
received,1
statehood,1
imports,1
comprises,1
del,1
imagined,1
elaborates,1
characterization,1
london,1
knowledge,1
apparent,1
calls,1
danish,1
stores,1
comparativists,1
afar,1
overview,1
gave,1
politica,1
sistemafinanciero,1
cascabeles,1
editorial,1
prehistoty,1
away,1
surrounding,1
rise,1
formations,1
differentially,1
estrategia,1
conform,1
polity,1
lithics,1
hidden,1
researchers,1
sostienen,1
oriental,1
toman,1
change,1
excavated,1
least,1
mobilizedffrom,1
normally,1
sense,1
responsibility,1
ofproduction,1
simpler,1
delivery,1
politically,1
clothes,1
interacting,1
emerging,1
small,1
primitivevaluables,1
several,1
characteristics,1
propelled,1
arquitectura,1
industry,1
prestate,1
ancestors,1
texas,1
usual,1
boundaries,1
credible,1
occasions,1
managed,1
annual,1
up,1
coordinate,1
results,1
describes,1
paid,1
cycle,1
notes,1
gifted,1
am,1
valuable,1
lend,1
portion,1
dalton,1
critical,1
node,1
centralize,1
likely,1
approximate,1
eclectic,1
variety,1
absence,1
practices,1
mesa,1
tipicamente,1
uncoordinated,1
intercambiadas,1
scientific,1
populations,1
cathy,1
indeed,1
located,1
routinely,1
corporativo,1
bis,1
edges,1
islands,1
modo,1
gift,1
april,1
above,1
make,1
expanded,1
comments,1
argument,1
fueron,1
religious,1
direction,1
para,1
unas,1
about,1
contributing,1
forager,1
indus,1
todavia,1
elaboration,1
museum,1
pewo,1
makes,1
hightemperature,1
cylindrical,1
us,1
salient,1
beams,1
parte,1
participants,1
included,1
commoner,1
home,1
planned,1
culture,1
obsidians,1
trobriand,1
same,1
friendship,1
costs,1
department,1
controllable,1
sector,1
spatially,1
lavish,1
members,1
leader,1
skill,1
power,1
others,1
death,1
europe,1
procured,1
rock,1
projects,1
water,1
corporately,1
efforts,1
shows,1
idea,1
limit,1
toll,1
areas,1
foods,1
proposal,1
channeling,1
sayre,1
exclusion,1
grave,1
americanantiquity,1
together,1
accompanied,1
pyrotechnic,1
john,1
variation,1
dichos,1
distributions,1
ceremonials,1
theancient,1
serious,1
external,1
sebastian,1
philippine,1
took,1
fits,1
monographs,1
epigenetic,1
locales,1
covered,1
unit,1
developing,1
establish,1
income,1
norwegian,1
less,1
origin,1
reconstructing,1
assemblage,1
number,1
wood,1
propone,1
compete,1
regionally,1
ecology,1
anticipate,1
bulletin,1
windes,1
demonstrated,1
pooling,1
theprehistoric,1
divided,1
cotidianas,1
considering,1
discovery,1
explanation,1
chacoanasazi,1
maritime,1
desert,1
refuges,1
lake,1
including,1
manufactured,1
increase,1
especificos,1
contacts,1
judge,1
ruling,1
recover,1
warrior,1
skeptical,1
characteristically,1
exciting,1
extraordinarily,1
maintains,1
stay,1
stratification,1
involves,1
ties,1
corvee,1
significance,1
volunteer,1
clear,1
individualized,1
modem,1
dominated,1
essay,1
peter,1
august,1
counter,1
vested,1
andfocused,1
architectural,1
reviewers,1
tim,1
optimum,1
sostenimiento,1
chuskan,1
collected,1
serves,1
distinction,1
obtained,1
thetrobriands,1
fmance,1
after,1
mesoamericatrade,1
provides,1
skibo,1
disasters,1
peebles,1
why,1
senorio,1
patterns,1
valued,1
comparing,1
halelea,1
salt,1
spreads,1
exported,1
blanton,1
displayed,1
obsidian,1
availability,1
comfortably,1
ethnographically,1
present,1
adaptations,1
copyright,1
intersubjective,1
connections,1
bonito,1
embodied,1
attention,1
specialties,1
stereotypes,1
mobilizes,1
hunt,1
separate,1
overlapping,1
limiting,1
accepting,1
honolulu,1
inelastic,1
grayware,1
tests,1
relationship,1
emulation,1
dual,1
subdivided,1
matrices,1
science,1
figure,1
foreign,1
suggestive,1
flowed,1
inside,1
primarily,1
bags,1
corporativos,1
who,1
execution,1
seen,1
transformed,1
lthough,1
effectively,1
circumstance,1
markers,1
importantly,1
contribution,1
transformation,1
recognize,1
area,1
whereby,1
indicate,1
changes,1
institutionally,1
expectations,1
existed,1
planked,1
composed,1
instances,1
aboriginal,1
itself,1
arts,1
stockpiling,1
problematic,1
productivas,1
andperhaps,1
regularly,1
considered,1
suggestions,1
believed,1
intercambios,1
complexes,1
extensive,1
delinean,1
economically,1
known,1
costin,1
symbol,1
organizational,1
lekson,1
mutually,1
principle,1
rainfall,1
cemetery,1
ahierarchy,1
december,1
shrine,1
argue,1
wealthy,1
thy,1
domestic,1
ideological,1
polynesian,1
plazas,1
benefit,1
reflected,1
allocated,1
build,1
distinctive,1
free,1
chumash,1
placing,1
anomalous,1
therole,1
options,1
absolutely,1
better,1
tambien,1
surpluses,1
carefully,1
combined,1
retinue,1
enlaces,1
webster,1
references,1
maryland,1
want,1
character,1
sus,1
axis,1
ceased,1
problem,1
extent,1
forma,1
insightful,1
repetitive,1
scheduling,1
correlates,1
allocate,1
precursor,1
ananalysis,1
produce,1
balance,1
huge,1
anna,1
offood,1
contain,1
signify,1
nofue,1
vessels,1
radically,1
bodies,1
uniting,1
son,1
careful,1
furniture,1
uniform,1
kin,1
extending,1
city,1
anonimos,1
procure,1
press,1
focal,1
transition,1
reappraisal,1
possessions,1
manufacturing,1
conocidas,1
challenges,1
exceptionally,1
isolated,1
think,1
question,1
formation,1
shown,1
ani,1
propongo,1
intensified,1
mantenimiento,1
catherine,1
sociedades,1
insight,1
americas,1
regionales,1
correlated,1
d,1
usa,1
product,1
firewood,1
centrality,1
you,1
centripetal,1
fue,1
association,1
increased,1
showed,1
summary,1
cached,1
distinctions,1
ser,1
themselves,1
elites,1
charged,1
inasmuch,1
reached,1
inarchaeology,1
northwestern,1
utah,1
interaction,1
kanter,1
develop,1
much,1
technological,1
comparable,1
whenever,1
north,1
recent,1
gentes,1
ceremonias,1
roles,1
intercambio,1
