WORDCOUNTS,WEIGHT
the,928
of,431
in,275
and,263
to,221
is,134
mm,128
a,124
from,103
at,100
points,90
plains,82
for,81
layer,79
are,74
with,68
layers,65
point,64
variety,61
by,58
gull,57
type,56
be,56
that,54
than,54
as,51
base,49
this,49
lake,46
it,43
width,43
ad,42
on,41
avonlea,39
site,39
bison,35
were,35
an,35
average,35
but,33
between,33
index,32
system,31
or,30
no,29
was,29
averaging,28
prairie,27
buffalo,27
have,27
old,26
been,26
basal,24
ranges,24
northern,24
small,24
notches,24
varieties,23
these,23
only,22
features,22
not,22
they,21
has,21
late,21
american,20
may,20
found,20
blade,20
saskatchewan,20
i,19
wider,19
specimens,19
boarding,19
forbis,19
school,19
other,18
bases,18
vol,18
more,18
edge,17
less,17
all,17
jump,17
usually,17
river,16
project,16
can,16
rounded,15
occurred,15
feature,15
projectile,14
drive,14
his,14
sidenotched,14
most,14
m,14
sites,14
its,14
types,14
into,13
felt,13
their,13
pp,13
height,12
dated,12
upper,12
had,12
woodland,12
above,12
about,12
end,12
where,12
notch,12
which,12
dating,12
straight,12
very,12
lateral,11
there,11
walter,11
concave,11
below,11
ground,11
range,11
would,11
period,11
slightly,11
depth,11
level,11
proximal,11
one,10
greater,10
wide,10
significant,10
high,10
then,10
middle,10
both,10
through,10
total,9
first,9
ears,9
date,9
within,9
some,9
except,9
gms,9
triangular,9
athabascans,9
edges,9
museum,9
made,9
upon,9
radiocarbon,9
classification,9
north,9
v,8
lower,8
side,8
montana,8
prehistoric,8
out,8
cultural,8
shape,8
neck,8
two,8
proportion,8
sensitive,8
ideal,8
later,7
being,7
j,7
narrower,7
bone,7
similar,7
near,7
used,7
artifact,7
flaking,7
archaeology,7
sharp,7
he,7
southern,7
convex,7
same,7
also,7
present,7
number,7
antiquity,7
when,7
peoples,7
natural,7
seem,7
early,7
common,6
archaeologists,6
trend,6
hagen,6
seems,6
washita,6
timber,6
corner,6
ridge,6
earlier,6
w,6
appear,6
nebraska,6
based,6
carmichael,6
appearance,6
equal,6
dakota,6
toward,6
kansas,6
function,6
corners,6
probably,6
pottery,6
increasing,6
bulletin,6
dimensions,6
length,6
analysis,6
considered,6
form,6
city,6
much,6
decrease,6
mode,6
although,6
occur,6
increase,6
does,5
cent,5
per,5
group,5
large,5
concavity,5
history,5
notching,5
emigrant,5
angles,5
occurs,5
body,5
weight,5
method,5
because,5
r,5
several,5
chronological,5
f,5
classic,5
irvine,5
aspect,5
again,5
never,5
deep,5
three,5
archaeological,5
mulloy,5
after,5
chert,5
brown,5
sorting,5
series,5
must,5
temporal,5
each,5
pictograph,5
them,5
salt,5
alberta,5
estimated,4
village,4
second,4
h,4
predominantly,4
distinguishing,4
chalcedony,4
mississippi,4
hunting,4
achieved,4
decreased,4
decreasing,4
canyon,4
southwestern,4
such,4
fig,4
excavations,4
averages,4
developed,4
derived,4
athabascan,4
cave,4
white,4
modified,4
frequently,4
too,4
petrified,4
missouri,4
appears,4
james,4
having,4
basis,4
place,4
tompkins,4
excavated,4
mineral,4
marked,4
will,4
comparative,4
nearly,4
culture,4
lewis,4
technique,4
another,4
thickness,4
angle,4
change,4
so,4
study,4
narrow,4
figures,4
we,4
christian,4
seen,4
ordering,4
sequences,4
anthropological,4
over,4
paper,4
historical,4
always,4
while,4
indices,4
era,4
maximum,4
ca,4
final,3
arctic,3
represent,3
introduction,3
studies,3
gap,3
long,3
every,3
belong,3
producing,3
onto,3
classified,3
papers,3
eastern,3
shaunavon,3
u,3
iv,3
possible,3
besant,3
fractures,3
x,3
far,3
behavior,3
illustrates,3
agate,3
center,3
application,3
blank,3
single,3
drives,3
even,3
general,3
recognized,3
principally,3
paskapoo,3
surface,3
wyoming,3
important,3
suggested,3
expressed,3
pounds,3
occupation,3
rectangular,3
ceramics,3
placed,3
mccorquodale,3
well,3
none,3
artifacts,3
archaeologist,3
least,3
up,3
majority,3
value,3
hinge,3
flake,3
workmanship,3
algonkian,3
reports,3
fairly,3
useful,3
ceramic,3
larger,3
contemporary,3
identical,3
discussed,3
coarse,3
distance,3
shifts,3
wood,3
original,3
demonstrated,3
top,3
use,3
sequence,3
processes,3
fused,3
specimen,3
low,3
faces,3
mississippian,3
individual,3
characterized,3
billings,3
become,3
symmetrically,3
who,3
grinding,3
indicate,3
university,3
did,3
huff,3
terms,3
almost,3
size,3
dismal,3
acute,3
national,3
finally,3
approximately,3
writer,3
lincoln,3
forming,3
tribes,3
c,3
dark,3
northwestern,3
recent,3
observed,3
should,3
now,2
produces,2
slaughter,2
alone,2
poorer,2
reflection,2
designed,2
true,2
notched,2
western,2
barnum,2
experimented,2
give,2
taken,2
symmetrical,2
ottawa,2
great,2
survey,2
state,2
those,2
current,2
somewhat,2
conchoidal,2
classifying,2
right,2
howard,2
functions,2
richard,2
combination,2
bottom,2
along,2
resembling,2
sphere,2
central,2
thus,2
development,2
interior,2
conducted,2
mortlach,2
expected,2
clay,2
elements,2
dates,2
third,2
journal,2
section,2
border,2
wettlaufer,2
traditions,2
william,2
influence,2
opposed,2
acculturation,2
unretouched,2
main,2
unit,2
arrowpoints,2
creek,2
marks,2
particular,2
possibly,2
proved,2
sum,2
n,2
bruce,2
show,2
additional,2
beyond,2
position,2
comprising,2
dominant,2
preference,2
cut,2
closely,2
strength,2
typical,2
cell,2
p,2
further,2
viewed,2
boyd,2
publications,2
data,2
makers,2
concept,2
brought,2
apparent,2
indigenous,2
description,2
scars,2
whole,2
swift,2
apparently,2
reflect,2
craftsmen,2
rowe,2
washington,2
markedly,2
aided,2
reliable,2
prevalence,2
next,2
contrast,2
diagnostic,2
few,2
highly,2
mediocre,2
essentially,2
distinguished,2
generally,2
preliminary,2
moved,2
periods,2
republican,2
units,2
reduced,2
absence,2
short,2
located,2
overall,2
limited,2
projecting,2
hecker,2
still,2
make,2
symmetry,2
indicates,2
longitudinal,2
evenly,2
represents,2
makes,2
under,2
idaho,2
complete,2
broad,2
belonging,2
noted,2
people,2
published,2
wasley,2
valid,2
many,2
usefulness,2
conformity,2
communal,2
shows,2
fundamental,2
areas,2
wesley,2
new,2
personal,2
john,2
seldom,2
fits,2
increases,2
clusters,2
birdshead,2
heavily,2
material,2
mandan,2
gives,2
greatest,2
including,2
delicate,2
gifford,2
hypotheses,2
navajo,2
clue,2
obtained,2
mammals,2
thomas,2
parallel,2
nanton,2
shallow,2
dividing,2
amateur,2
irregular,2
bureau,2
independent,2
george,2
figure,2
bound,2
rough,2
foregoing,2
remaining,2
life,2
responsible,2
fall,2
grade,2
centuries,2
canada,2
earliest,2
pekisko,2
dorset,2
stratigraphic,2
argillite,2
fifteen,2
associated,2
following,2
measurements,2
extending,2
precise,2
classifiable,2
equidistant,2
reversal,2
half,2
report,2
post,2
reflected,2
uppermost,2
subordinate,2
believed,2
beginning,2
according,2
whether,2
ones,2
imposed,2
agricultural,2
college,2
axis,2
migrations,2
basally,2
marking,2
outline,2
quartzite,2
definitions,2
terminal,2
named,2
shown,2
years,2
protohistoric,2
serrated,2
include,2
correlated,2
typology,2
remains,2
increased,2
themselves,2
kelso,2
comparable,2
showed,2
major,2
inward,1
deference,1
o,1
vor,1
way,1
if,1
correlation,1
extend,1
resulted,1
intramolecular,1
determine,1
magnetic,1
manitoba,1
considerably,1
stands,1
contradicts,1
distributed,1
mouth,1
lumpy,1
measurable,1
replaced,1
partially,1
deepest,1
shoulders,1
breakup,1
ample,1
superb,1
prime,1
stone,1
columns,1
sets,1
criticizes,1
completely,1
drawings,1
grasslands,1
ideals,1
intracellular,1
comparisons,1
resurgence,1
equated,1
excavation,1
split,1
originality,1
contemporay,1
finely,1
source,1
permitted,1
leads,1
test,1
experience,1
diffusion,1
round,1
consistent,1
member,1
mmp,1
either,1
sources,1
certainly,1
identifying,1
coexist,1
ii,1
steady,1
chaos,1
contrasted,1
might,1
waldo,1
actual,1
outlining,1
departure,1
bloomington,1
resemblance,1
comparatively,1
s,1
operationally,1
available,1
leading,1
secondary,1
suggesting,1
typological,1
macneish,1
differences,1
analyses,1
threequarters,1
borne,1
sometime,1
farther,1
take,1
alignment,1
underline,1
last,1
consist,1
emphasized,1
stand,1
remainder,1
mr,1
robert,1
opposite,1
bismark,1
attempted,1
wvashita,1
nomadic,1
depends,1
case,1
woodlands,1
con,1
proceed,1
occasional,1
synchronic,1
atlatls,1
unmixed,1
task,1
primary,1
america,1
uneven,1
determined,1
logical,1
illustrate,1
laramie,1
preceramic,1
obliterated,1
taking,1
mental,1
desired,1
variations,1
formative,1
establishment,1
indicating,1
fur,1
dynamic,1
chart,1
promises,1
minimum,1
ross,1
masks,1
inventory,1
pelican,1
controlled,1
hudson,1
colonized,1
framework,1
conflict,1
technologically,1
throughout,1
bracketed,1
g,1
relationships,1
montreal,1
reverse,1
objective,1
dendrochronological,1
quality,1
thinner,1
crudity,1
bowman,1
invaders,1
millennium,1
neighbors,1
interest,1
characteristic,1
relations,1
ern,1
raises,1
santa,1
forks,1
vanguard,1
typing,1
insofar,1
sample,1
xmg,1
z,1
cases,1
nelson,1
mayeroakes,1
nor,1
humphrey,1
refer,1
alkali,1
butte,1
modifying,1
ear,1
simplest,1
isosceles,1
holds,1
suitable,1
thin,1
find,1
drawn,1
tend,1
pueblo,1
consequently,1
constructs,1
aide,1
stratum,1
flintknappers,1
realization,1
perfect,1
phases,1
crow,1
higher,1
offices,1
poor,1
singlespur,1
interesting,1
york,1
reflects,1
plotted,1
identification,1
rather,1
l,1
remain,1
possession,1
howland,1
basic,1
square,1
explicit,1
levels,1
process,1
bifacial,1
demonstration,1
goes,1
opportunity,1
blanks,1
expectably,1
legendary,1
importance,1
b,1
certain,1
chalcedonies,1
nos,1
smoky,1
lacking,1
gratefully,1
tree,1
illustrations,1
impressed,1
apachean,1
lea,1
guides,1
means,1
changes,1
insistence,1
plus,1
cherts,1
established,1
ralph,1
kehoe,1
retained,1
image,1
intensive,1
presumably,1
elsewhere,1
reconstructions,1
numbers,1
tying,1
jaws,1
northeastern,1
reasonably,1
basaltnotched,1
proven,1
superior,1
overrule,1
circumboreal,1
commented,1
recovered,1
shorter,1
lithic,1
albuquerque,1
follow,1
polar,1
lumps,1
definite,1
utah,1
peabody,1
restriction,1
care,1
uncritically,1
thrust,1
thinness,1
disappeared,1
experimentation,1
diachronic,1
ordinarily,1
result,1
my,1
came,1
lead,1
molecule,1
basalt,1
concentration,1
describable,1
could,1
acknowledgments,1
basin,1
ascription,1
combinations,1
changed,1
international,1
initial,1
glacial,1
evaluate,1
though,1
skilled,1
impounded,1
wideeared,1
produced,1
cannot,1
applied,1
excellent,1
scale,1
appearing,1
spur,1
bow,1
flaked,1
wayne,1
governing,1
influenced,1
impression,1
criteria,1
technical,1
distinguishes,1
competent,1
degrees,1
work,1
assistants,1
pocatello,1
carry,1
preferred,1
nine,1
claim,1
part,1
example,1
flaring,1
inkehoe,1
wedel,1
confined,1
related,1
hays,1
department,1
confirms,1
multiplied,1
tip,1
ten,1
year,1
realm,1
island,1
during,1
refined,1
postulated,1
demonstrates,1
climatic,1
truncated,1
cluster,1
irving,1
midwestern,1
arrowshaft,1
believes,1
smallest,1
horizon,1
cruder,1
trends,1
attributed,1
heuristic,1
purposely,1
regions,1
massacre,1
tanged,1
good,1
multiplicity,1
social,1
sense,1
presented,1
ago,1
working,1
field,1
corresponds,1
comprises,1
tested,1
indicators,1
trading,1
lightest,1
stimulated,1
sixty,1
arbitrary,1
bank,1
wilfred,1
leaves,1
characteristics,1
consensus,1
driving,1
smithsonian,1
decline,1
portions,1
latest,1
boundaries,1
closeness,1
differing,1
yielded,1
philip,1
preceding,1
fully,1
annual,1
progress,1
stumblingblock,1
jumps,1
proper,1
using,1
notes,1
provided,1
displaced,1
gordon,1
proportions,1
concomitant,1
society,1
barbed,1
inspection,1
south,1
span,1
otis,1
uncommon,1
therefore,1
furnished,1
likely,1
objectively,1
minor,1
contact,1
identified,1
gradual,1
expansion,1
acknowledged,1
brief,1
harry,1
illustrating,1
expanded,1
athapaskan,1
superordinate,1
wind,1
movement,1
modes,1
negate,1
hester,1
vertically,1
tends,1
selection,1
kills,1
southeast,1
chap,1
biological,1
postulate,1
guide,1
simultaneous,1
basebody,1
edited,1
relied,1
yet,1
fit,1
concavebase,1
exactly,1
hegemonic,1
ring,1
continuity,1
cliff,1
chronology,1
temperate,1
perceived,1
quarrel,1
jens,1
included,1
intersects,1
forkehoe,1
sharply,1
efforts,1
um,1
experiment,1
illustrated,1
shallower,1
unusually,1
interchanged,1
routes,1
mound,1
members,1
sided,1
name,1
westward,1
multiplying,1
mark,1
others,1
approaching,1
similarly,1
varies,1
missoula,1
mnemonic,1
flat,1
addition,1
tiny,1
lacked,1
equating,1
lighter,1
fact,1
longer,1
lack,1
marker,1
terminating,1
consideration,1
coincidence,1
striking,1
utilizing,1
predominant,1
appeared,1
intimidated,1
abstract,1
taxonomy,1
choice,1
fargo,1
time,1
classical,1
vto,1
bluff,1
contends,1
forms,1
patterns,1
outside,1
do,1
learn,1
stalking,1
cat,1
wearisome,1
shoshonean,1
derivation,1
continuing,1
equate,1
accepted,1
axes,1
see,1
necessary,1
perhaps,1
chronologically,1
remarked,1
flint,1
style,1
proportionately,1
free,1
compete,1
remarkably,1
maya,1
apache,1
entity,1
local,1
credit,1
recognizing,1
classes,1
extended,1
slaughtering,1
decreases,1
chipewyans,1
divided,1
yellowstone,1
comprise,1
assemblages,1
discovery,1
bear,1
values,1
sides,1
region,1
translation,1
predominates,1
manufactured,1
depended,1
looking,1
sufficiently,1
strongest,1
contacts,1
illumination,1
samples,1
medium,1
blossoming,1
wound,1
narrowness,1
entirely,1
expression,1
combining,1
persisted,1
assumption,1
rivers,1
refers,1
mississippians,1
conditions,1
disputing,1
harvard,1
willey,1
ethnic,1
rare,1
ottawakehoe,1
aids,1
hunted,1
relegated,1
foci,1
theoretical,1
students,1
attraction,1
trade,1
significance,1
pls,1
clear,1
sherd,1
historic,1
reality,1
adding,1
culminations,1
sensitivity,1
peter,1
aberrant,1
david,1
avonleas,1
belongs,1
mexico,1
indisputable,1
stages,1
lie,1
trek,1
probable,1
southcentral,1
connects,1
tangible,1
standard,1
expressing,1
parental,1
construct,1
latter,1
borderline,1
systems,1
rouse,1
relation,1
respectively,1
pro,1
preponderantly,1
obscure,1
obsidian,1
keith,1
structure,1
hunters,1
differ,1
southwest,1
carmody,1
maximal,1
occupied,1
institution,1
caution,1
musket,1
achieve,1
lowest,1
attention,1
species,1
stott,1
bighorn,1
ranging,1
european,1
carried,1
suggestion,1
discussing,1
assigned,1
aid,1
delimiting,1
gruhn,1
movements,1
sometimes,1
basalnotched,1
testing,1
claimed,1
hill,1
arrow,1
begin,1
referred,1
success,1
collections,1
consonant,1
detailed,1
proposition,1
interplay,1
kkk,1
wilson,1
originated,1
delicacy,1
often,1
kill,1
quite,1
fe,1
inferior,1
stratified,1
ing,1
constants,1
munk,1
aboriginal,1
eugene,1
widest,1
investigate,1
photographs,1
gilbert,1
share,1
any,1
dispersed,1
comes,1
sloping,1
version,1
conjunction,1
demonstrate,1
struck,1
known,1
implied,1
separately,1
southward,1
phillips,1
offers,1
risley,1
coincides,1
forty,1
replace,1
hafting,1
dimension,1
familiar,1
languages,1
betwen,1
lying,1
attribute,1
confident,1
accustomed,1
cogently,1
best,1
ubiquitous,1
down,1
marvin,1
classed,1
reminiscent,1
domestic,1
regaining,1
collectors,1
thongwrapped,1
reliability,1
expresses,1
ordered,1
sorted,1
generalized,1
identities,1
past,1
necessitating,1
scores,1
bands,1
evident,1
usual,1
animal,1
id,1
weapons,1
what,1
investigation,1
combined,1
supports,1
varying,1
independently,1
covers,1
theory,1
leaving,1
heavier,1
institute,1
studying,1
fruitfully,1
balance,1
huge,1
minimal,1
grand,1
fourteen,1
popular,1
capable,1
careful,1
recognition,1
multiple,1
frangoisfinlay,1
reported,1
little,1
affecting,1
introduced,1
became,1
techniques,1
lies,1
pi,1
extensive,1
fluctuateskehoe,1
discussion,1
breakthrough,1
prepared,1
come,1
until,1
cambridge,1
disappear,1
zones,1
similarity,1
finding,1
numerous,1
thad,1
slope,1
sharpness,1
oldman,1
wish,1
efficient,1
evidence,1
manufacture,1
gross,1
smaller,1
attributes,1
effects,1
colleagues,1
defined,1
inducement,1
area,1
extremely,1
association,1
ranged,1
ruth,1
comparison,1
observation,1
specific,1
caribou,1
needle,1
deposits,1
reached,1
irrelevant,1
thicker,1
altithermal,1
norman,1
valley,1
sciences,1
given,1
focus,1
immediately,1
strong,1
fiscal,1
broader,1
meeting,1
southeastern,1
built,1
close,1
row,1
deeper,1
