WORDCOUNTS,WEIGHT
the,444
of,367
and,290
in,166
a,149
to,127
as,82
is,64
that,63
for,62
hopi,52
on,51
oral,50
historical,47
by,46
are,43
they,42
from,41
their,39
history,38
with,38
american,34
university,34
be,34
other,33
or,31
new,29
it,28
but,27
have,26
not,25
past,25
accounts,23
social,22
traditions,21
this,21
at,20
an,20
such,20
cultural,19
people,19
these,19
its,18
there,17
york,17
indigenous,17
narratives,17
we,17
no,16
archaeology,16
native,16
clan,16
scientific,15
more,15
while,15
some,14
pueblo,14
may,14
pp,14
archaeological,14
been,14
de,13
was,13
mythological,13
would,13
often,13
if,12
one,12
into,12
j,12
were,12
any,12
both,12
long,11
i,11
events,11
has,11
edited,11
many,11
explanation,11
like,11
very,11
archaeologists,10
all,10
human,10
even,10
histories,10
r,10
only,10
also,10
water,10
present,10
which,10
antiquity,10
them,10
north,10
western,9
different,9
m,9
my,9
well,9
who,9
claims,9
named,9
specific,9
village,8
myth,8
great,8
narrative,8
those,8
account,8
ritual,8
than,8
without,8
his,8
two,8
do,8
anthropological,8
must,8
consciousness,8
what,8
form,8
between,8
chicago,8
use,7
e,7
canyon,7
thus,7
dialogue,7
consistency,7
t,7
came,7
societies,7
p,7
sites,7
keresan,7
when,7
south,7
same,7
see,7
la,7
migration,7
ruins,7
particular,7
land,7
c,7
built,7
just,6
might,6
zuni,6
old,6
houses,6
l,6
across,6
landscape,6
importance,6
most,6
us,6
prehistoric,6
lived,6
out,6
criteria,6
directly,6
aspects,6
knowledge,6
research,6
villages,6
society,6
interpretation,6
time,6
forms,6
como,6
so,6
k,6
can,6
known,6
places,6
ancestral,6
through,6
truth,5
authority,5
studies,5
prejudice,5
tradition,5
case,5
recorded,5
anthropologists,5
historians,5
includes,5
since,5
against,5
century,5
elements,5
cambridge,5
how,5
study,5
standards,5
claim,5
part,5
records,5
et,5
first,5
conform,5
good,5
several,5
value,5
practices,5
religious,5
culture,5
al,5
classical,5
ground,5
validity,5
upon,5
b,5
features,5
black,5
latter,5
written,5
structure,5
clans,5
anthropology,5
las,5
early,5
migrations,5
difference,5
include,5
d,5
speak,5
corn,5
recent,5
told,4
agency,4
h,4
explanatory,4
nineteenth,4
interests,4
origin,4
within,4
epistemological,4
wiget,4
que,4
objective,4
jr,4
back,4
site,4
identification,4
rather,4
hopis,4
en,4
after,4
important,4
had,4
deal,4
appears,4
record,4
london,4
example,4
sense,4
world,4
structured,4
schemes,4
etc,4
about,4
yet,4
rain,4
power,4
again,4
similarly,4
where,4
material,4
made,4
california,4
significance,4
interpretations,4
destruction,4
science,4
itself,4
here,4
each,4
then,4
making,4
kwakwanti,4
years,4
evidence,4
reached,4
documentary,4
among,4
should,4
arizona,4
does,3
common,3
serpent,3
group,3
large,3
trace,3
contexts,3
sources,3
book,3
indeed,3
state,3
sacred,3
rethinking,3
side,3
capacity,3
primary,3
point,3
identifies,3
historically,3
santa,3
adams,3
snake,3
kind,3
glen,3
explanations,3
simultaneously,3
testimony,3
ferguson,3
whiteley,3
process,3
rigor,3
se,3
evil,3
organized,3
emergence,3
w,3
four,3
archeological,3
fewkes,3
dc,3
carrying,3
term,3
cannot,3
grounds,3
possibility,3
because,3
coded,3
got,3
partly,3
reflect,3
causal,3
field,3
event,3
occasions,3
annual,3
up,3
kawestima,3
actions,3
will,3
critical,3
he,3
mesa,3
modes,3
vs,3
indian,3
supernatural,3
useful,3
analytical,3
fact,3
contemporary,3
performances,3
less,3
argues,3
turkey,3
treated,3
own,3
values,3
including,3
largely,3
causes,3
questions,3
processes,3
ceremonies,3
rejected,3
urbana,3
historic,3
individual,3
times,3
currentanthropology,3
mexico,3
preservation,3
attention,3
perspectives,3
provide,3
life,3
considered,3
seriously,3
conclusion,3
grand,3
simply,3
encoded,3
set,3
colorado,3
berkeley,3
over,3
report,3
inquiry,3
reliability,3
clearly,3
living,3
terms,3
references,3
discernibly,3
information,3
contain,3
little,3
presented,3
agents,3
indians,3
our,3
models,3
illinois,3
defined,3
magical,3
canons,3
requires,3
themselves,3
traditional,3
focus,3
much,3
occur,3
kurt,2
now,2
currently,2
tusayan,2
environmental,2
schism,2
legitimate,2
apache,2
introduction,2
nativeamericans,2
systematically,2
park,2
former,2
cornell,2
before,2
something,2
source,2
chief,2
women,2
being,2
consistent,2
production,2
originally,2
culturally,2
degree,2
official,2
historiography,2
definition,2
paramount,2
secondary,2
potentially,2
producing,2
government,2
take,2
precisely,2
consulting,2
analogical,2
discipline,2
evaluation,2
baholikonga,2
sought,2
vol,2
politics,2
vital,2
estranged,2
conceptual,2
cited,2
narrator,2
geertz,2
plenty,2
problems,2
split,2
evaluating,2
wherever,2
regarding,2
central,2
southwestern,2
accountable,2
representations,2
roger,2
reject,2
malinowski,2
g,2
interest,2
tucson,2
expected,2
turn,2
cases,2
embedded,2
perspective,2
inclusion,2
critique,2
skins,2
scholarly,2
ridge,2
oxford,2
via,2
genuinely,2
subjected,2
remain,2
basic,2
cult,2
direct,2
distant,2
white,2
nabokov,2
space,2
extremes,2
means,2
reason,2
determination,2
bad,2
river,2
tratar,2
proposed,2
house,2
frequently,2
albuquerque,2
enhancement,2
always,2
painted,2
encode,2
salient,2
whereas,2
treating,2
based,2
concentration,2
could,2
her,2
tokoonavi,2
respects,2
late,2
historicity,2
academic,2
though,2
michigan,2
hopkins,2
near,2
basis,2
work,2
ditches,2
positions,2
genuine,2
consistently,2
travel,2
literally,2
densely,2
personal,2
away,2
formations,2
folklore,2
genealogical,2
f,2
legitimating,2
level,2
hard,2
involve,2
night,2
textual,2
around,2
spanish,2
aycock,2
presence,2
distinguished,2
attached,2
bahr,2
orayvi,2
am,2
subsequently,2
various,2
identified,2
classic,2
islands,2
above,2
judgment,2
mindeleff,2
structural,2
museum,2
reference,2
rules,2
thought,2
under,2
ancient,2
sauk,2
baltimore,2
wisconsin,2
reports,2
management,2
wickham,2
annul,2
name,2
discussions,2
toward,2
others,2
blinman,2
put,2
printing,2
experienced,2
projects,2
speaks,2
conformity,2
areas,2
crop,2
departments,2
accounted,2
identical,2
man,2
dramas,2
anthropologist,2
patterns,2
took,2
learn,2
manner,2
accepted,2
day,2
another,2
local,2
demonstrated,2
understanding,2
accompanying,2
ethnology,2
walpi,2
empirical,2
hypotheses,2
ideas,2
individuals,2
dismissed,2
versions,2
navajo,2
biblical,2
three,2
language,2
tail,2
points,2
peter,2
flood,2
spread,2
plant,2
high,2
mountain,2
earlier,2
provides,2
internal,2
salt,2
orales,2
narrow,2
assessing,2
examine,2
effect,2
lowie,2
v,2
patterson,2
primitive,2
probably,2
story,2
southwest,2
occupied,2
anchored,2
conflict,2
tradiciones,2
me,2
sometimes,2
johns,2
lines,2
order,2
un,2
el,2
effectively,2
sequences,2
why,2
analysis,2
fe,2
respect,2
mud,2
fought,2
school,2
associated,2
following,2
version,2
pueblos,2
symbolic,2
cranes,2
text,2
alternative,2
country,2
readily,2
paper,2
hohokam,2
key,2
did,2
current,2
textuality,2
metaphorical,2
privileged,2
build,2
examining,2
distinctive,2
february,2
historian,2
according,2
ruin,2
problem,2
corroboration,2
patki,2
require,2
divide,2
yield,2
emphasis,2
categories,2
peoples,2
conference,2
content,2
press,2
became,2
went,2
measure,2
archived,2
gain,2
bureau,2
question,2
until,2
lands,2
twentieth,2
national,2
typically,2
need,2
crossed,2
association,2
morning,2
correlate,2
chaves,2
texts,2
major,2
final,1
frequent,1
difficult,1
entities,1
ments,1
go,1
produces,1
surround,1
struggle,1
child,1
deny,1
page,1
liminal,1
edge,1
generalization,1
horizontal,1
way,1
pisisvayu,1
condiciones,1
memorials,1
concerned,1
postmnodernists,1
meaning,1
commentary,1
altamira,1
names,1
groups,1
corporate,1
integrating,1
deepen,1
ndembu,1
separated,1
migrated,1
kuiichalpi,1
unexaminedideas,1
shrines,1
extend,1
expedition,1
college,1
fiction,1
compatibles,1
rapprochement,1
trojan,1
red,1
methodologies,1
epistemologically,1
flute,1
epidemic,1
intersect,1
mountains,1
kaibitho,1
anautobiography,1
notably,1
speakers,1
becoming,1
center,1
elementary,1
truththis,1
judged,1
saved,1
judicious,1
properly,1
enhance,1
identify,1
designed,1
word,1
songs,1
spruce,1
remind,1
live,1
alternativas,1
true,1
ways,1
solidarity,1
strictly,1
palpably,1
dump,1
modos,1
approaches,1
jonathan,1
easily,1
paradigms,1
proactive,1
favor,1
conscious,1
notwithstanding,1
ordained,1
metaphorically,1
backs,1
protection,1
position,1
damages,1
pose,1
unlike,1
refers,1
ofanthropology,1
unproblematically,1
uses,1
postulates,1
flaws,1
relativism,1
princeton,1
descriptions,1
baessler,1
invalidated,1
spit,1
remembered,1
eggan,1
kohl,1
else,1
nose,1
conforms,1
jesse,1
failing,1
invention,1
constituting,1
certainly,1
jackson,1
subscribed,1
disagreement,1
fifteenth,1
chronicles,1
inconceivable,1
tiempo,1
fund,1
concentrated,1
enables,1
address,1
testimonies,1
attempt,1
generated,1
grandfather,1
words,1
containing,1
dramatically,1
reach,1
s,1
archaeologically,1
mytlhs,1
excavating,1
clothed,1
leading,1
assess,1
suggesting,1
accompanied,1
conceptualized,1
pasadas,1
differences,1
sang,1
repeatability,1
trust,1
analyses,1
rich,1
thanks,1
closer,1
ordure,1
onto,1
court,1
religion,1
necesidad,1
katsina,1
reproduction,1
nationalism,1
antipathy,1
analyst,1
subsequent,1
help,1
clews,1
patterned,1
persistence,1
last,1
fidele,1
skull,1
mind,1
ilongot,1
miles,1
stand,1
keith,1
concepts,1
robert,1
sociopolitical,1
investigations,1
lifetimes,1
hostile,1
worldwide,1
papers,1
contents,1
ad,1
system,1
slip,1
falsifiability,1
exogenous,1
linear,1
owing,1
east,1
comar,1
iv,1
firm,1
america,1
basketful,1
reminder,1
indirectly,1
occupying,1
possible,1
determined,1
marked,1
cooperation,1
ar,1
condition,1
tracing,1
fentress,1
prehispanic,1
supawlavi,1
isomorphous,1
measures,1
arrogancia,1
solely,1
move,1
occupy,1
retell,1
terence,1
fine,1
west,1
apart,1
taking,1
guarantors,1
combination,1
sino,1
say,1
except,1
internalizing,1
far,1
timothy,1
sent,1
along,1
zimbabwe,1
palatkwapi,1
tcuibkwitcalobi,1
warfare,1
schemata,1
harold,1
sorted,1
exist,1
walnut,1
historiographies,1
obvious,1
andrew,1
throughout,1
westernapache,1
review,1
collapse,1
ronald,1
montreal,1
accuracy,1
reverse,1
heuristicamente,1
development,1
encapsulations,1
intractable,1
explorers,1
premises,1
realized,1
september,1
jettipehika,1
agent,1
hace,1
schoenberg,1
regarded,1
ability,1
relations,1
raises,1
portray,1
walter,1
price,1
conducted,1
cf,1
materially,1
insofar,1
structuralist,1
courlander,1
mucho,1
forced,1
migrate,1
archaeologythat,1
inhabited,1
plausibility,1
ethnohistorically,1
deben,1
resting,1
items,1
manifestly,1
depend,1
causing,1
differently,1
ha,1
serving,1
honesty,1
cranks,1
served,1
moving,1
comparatist,1
kinship,1
cohen,1
continuous,1
criterion,1
truly,1
thin,1
fowler,1
profit,1
arqueologfa,1
revised,1
y,1
pragmatically,1
evidencia,1
pasts,1
spite,1
apparently,1
tacit,1
occasion,1
general,1
vansina,1
savage,1
loan,1
influence,1
let,1
parks,1
affiliations,1
rights,1
archiv,1
operation,1
opposed,1
fort,1
narrativas,1
recognized,1
inspectable,1
town,1
niqw,1
journeyed,1
privilege,1
exact,1
statements,1
exogamous,1
principally,1
impetus,1
downer,1
swell,1
compatible,1
result,1
aparecido,1
fantasies,1
stumbling,1
entrenched,1
obviated,1
pilgrimages,1
hold,1
mean,1
una,1
examined,1
substantiate,1
titled,1
risk,1
slipped,1
resume,1
persistent,1
legal,1
thing,1
similar,1
grew,1
certain,1
leave,1
reprinting,1
parts,1
floated,1
ongoing,1
pages,1
columbian,1
special,1
lacking,1
arbor,1
risks,1
sedimented,1
enlisted,1
unchanging,1
rising,1
send,1
rememorializing,1
tower,1
category,1
ravished,1
interpretacion,1
marks,1
plural,1
prehistory,1
greeks,1
possibly,1
dichotomy,1
plumed,1
todavfafalta,1
descent,1
boulder,1
attends,1
intersecting,1
latin,1
elsewhere,1
days,1
air,1
constrain,1
objectivity,1
aprovechar,1
jersey,1
paradoxes,1
exploratory,1
differs,1
too,1
salapa,1
periodically,1
solid,1
situations,1
presumed,1
multicultural,1
processions,1
theatre,1
migrants,1
matrilocality,1
resource,1
additional,1
origins,1
trojans,1
surface,1
follow,1
cotton,1
cordell,1
diplomacla,1
voth,1
intentional,1
footprints,1
depositions,1
instance,1
colton,1
willing,1
spouted,1
founding,1
antecedents,1
decades,1
strengthen,1
view,1
appear,1
vine,1
nebraska,1
temporally,1
estos,1
irrigation,1
greater,1
raw,1
opening,1
arrived,1
projections,1
nicely,1
asimilables,1
rub,1
priori,1
path,1
location,1
leach,1
scientifically,1
fireplaces,1
privilegiadas,1
encoding,1
acknowledgments,1
begun,1
plot,1
called,1
insists,1
typical,1
narrated,1
resembles,1
shryock,1
recitation,1
shared,1
radical,1
mythical,1
lizard,1
divan,1
viking,1
emerge,1
precluding,1
bali,1
ethnohistorical,1
experts,1
stepping,1
unthinkable,1
repudiate,1
big,1
dongoske,1
kennewick,1
left,1
algo,1
exceptions,1
mist,1
fourth,1
focused,1
rent,1
blow,1
transposed,1
varieties,1
block,1
sharply,1
produced,1
excellent,1
younger,1
appraising,1
ofamerican,1
masterly,1
explain,1
fox,1
public,1
gods,1
foregrounded,1
foregrounds,1
dunaway,1
memory,1
navaho,1
improve,1
globally,1
suspended,1
apartan,1
genre,1
encarecimiento,1
crane,1
journals,1
pima,1
used,1
swarms,1
mandatory,1
received,1
already,1
los,1
tops,1
carry,1
del,1
significantly,1
brought,1
line,1
denial,1
thoughts,1
description,1
euromerican,1
ripen,1
sodalities,1
loss,1
whole,1
authenticity,1
literature,1
describe,1
fit,1
piman,1
unworthy,1
during,1
place,1
horn,1
truthfulness,1
neared,1
cibola,1
collective,1
incest,1
falling,1
rituals,1
call,1
ethnohistoric,1
swift,1
recounting,1
denunciations,1
configure,1
archeologist,1
depraved,1
regional,1
dafio,1
ciencia,1
philosophically,1
stanford,1
empeno,1
misma,1
visions,1
alliance,1
markedly,1
typeseeking,1
sprang,1
approach,1
either,1
earth,1
change,1
multiplicity,1
responses,1
scholastic,1
tradicion,1
harke,1
deity,1
suggest,1
reliable,1
protest,1
next,1
son,1
contrast,1
discourse,1
quite,1
zunis,1
family,1
nashville,1
kiqotutuwutsi,1
dwell,1
characteristics,1
sufficient,1
consensus,1
astounding,1
smithsonian,1
objectively,1
components,1
este,1
eighth,1
psychological,1
acts,1
massachusetts,1
reported,1
anthropos,1
junctures,1
differing,1
telling,1
impossible,1
interpretively,1
descendants,1
beacon,1
seed,1
jordan,1
cosmology,1
spurious,1
hayden,1
notes,1
plausible,1
landclaims,1
appropriate,1
chin,1
grateful,1
lincoln,1
pero,1
separate,1
sophistication,1
aboard,1
incumbent,1
periods,1
appeal,1
span,1
sanctions,1
portion,1
battle,1
therefore,1
pertaining,1
usable,1
san,1
diferentes,1
second,1
ceremonial,1
authorization,1
matter,1
variety,1
salutary,1
foibles,1
schmidt,1
misty,1
evaluate,1
short,1
gradual,1
service,1
located,1
homolobi,1
comparative,1
puede,1
play,1
wings,1
cloud,1
revolt,1
brief,1
fruit,1
lies,1
matrilineal,1
modo,1
limitless,1
prove,1
sahlins,1
reaffirm,1
make,1
comments,1
sponsored,1
turkeyfeathers,1
southern,1
settings,1
echo,1
ware,1
direction,1
southeast,1
objetiva,1
single,1
vicinity,1
corpus,1
nod,1
problematizing,1
once,1
keres,1
collect,1
communities,1
potsherds,1
competition,1
victor,1
makes,1
serve,1
westem,1
wearing,1
sociocultural,1
fifth,1
restricted,1
asunto,1
disembedding,1
horned,1
kiva,1
perceived,1
lasformaciones,1
inherited,1
canonically,1
gnat,1
rabbit,1
ethnographic,1
wright,1
natural,1
emotional,1
violations,1
begins,1
increasingly,1
speaking,1
heuristically,1
rise,1
worldviews,1
foucault,1
stones,1
culturales,1
party,1
lewis,1
successfully,1
indfgenas,1
idea,1
layton,1
fell,1
mentions,1
towns,1
rock,1
mantienen,1
cultivated,1
peleas,1
outskirts,1
recientemente,1
conjoint,1
turner,1
treatment,1
fundamental,1
scholars,1
verifiable,1
cumulative,1
checks,1
instability,1
utilizing,1
documented,1
aclarar,1
beliefs,1
depict,1
match,1
witnesses,1
eagle,1
children,1
really,1
angry,1
ideology,1
plagued,1
reaffirmed,1
everything,1
distrust,1
substantially,1
variation,1
venture,1
appropriately,1
condensed,1
pattern,1
discussed,1
serious,1
rhetoric,1
men,1
conclusions,1
enough,1
fits,1
stuff,1
descendancy,1
everyday,1
paris,1
remarkable,1
verifiability,1
covered,1
metaphors,1
conceiving,1
establish,1
unclear,1
acoma,1
polis,1
tell,1
teague,1
imaginary,1
mitos,1
necessary,1
ahead,1
primaria,1
focusing,1
deep,1
charter,1
normative,1
woman,1
metropolitan,1
heinrich,1
books,1
tails,1
ignoring,1
distance,1
number,1
ethnohistorians,1
free,1
differentiation,1
ecent,1
identifiable,1
onehorn,1
bibliographic,1
interpreting,1
strings,1
discourses,1
alguno,1
fundamentally,1
crown,1
empirically,1
antelope,1
mythic,1
extended,1
discussion,1
dissimilar,1
rio,1
registers,1
objectify,1
skepticism,1
background,1
assemblages,1
effaced,1
hundred,1
bear,1
schaafsma,1
locate,1
palatkwabi,1
exogamy,1
retains,1
detailed,1
warrior,1
formalist,1
identity,1
encouraged,1
inanthropology,1
entirely,1
significant,1
expression,1
fed,1
food,1
linking,1
emphasize,1
narrators,1
constituir,1
protracted,1
actual,1
associate,1
kingdom,1
cooked,1
canon,1
nothing,1
voice,1
knowable,1
full,1
sees,1
imagery,1
matriclan,1
theoretical,1
charge,1
phratries,1
asdiwal,1
presentist,1
open,1
reality,1
condenses,1
authors,1
rechazan,1
clouds,1
publication,1
agreement,1
kwabi,1
essay,1
logic,1
yava,1
travels,1
held,1
sibabi,1
homes,1
characterized,1
reviewers,1
gros,1
ejemplo,1
reconfirmed,1
function,1
gates,1
him,1
tribal,1
enfocado,1
serves,1
dry,1
accurate,1
anyone,1
elsie,1
abundant,1
martin,1
thomas,1
least,1
exchange,1
valued,1
reproducibility,1
especially,1
stahl,1
enlightenment,1
somehow,1
systems,1
parallel,1
arise,1
feet,1
mesas,1
become,1
relation,1
greatly,1
contact,1
ann,1
exactly,1
deliberate,1
describing,1
faubion,1
ethnohistory,1
greece,1
northern,1
institution,1
engagement,1
overridden,1
basically,1
ago,1
greek,1
petroglyphs,1
division,1
visit,1
perils,1
calvin,1
swidler,1
genesis,1
european,1
factors,1
carried,1
testable,1
ofjudgment,1
para,1
condense,1
aid,1
matsito,1
absorbing,1
supposed,1
charters,1
wisdom,1
unassimilable,1
fairly,1
george,1
mixture,1
dewlaps,1
malotki,1
figure,1
continue,1
linda,1
hegemonies,1
vision,1
practical,1
hill,1
neglecting,1
retrace,1
vertical,1
primarily,1
dragged,1
insist,1
transformed,1
contrary,1
translation,1
progressively,1
strongly,1
kachinas,1
sandwich,1
basso,1
began,1
lawrence,1
understand,1
contribution,1
transformation,1
recognize,1
expert,1
cognitive,1
traveled,1
es,1
intend,1
responsible,1
strides,1
verdad,1
battleground,1
deploys,1
transcending,1
centuries,1
exists,1
elder,1
get,1
aboriginal,1
testability,1
importante,1
lingers,1
interpretive,1
waterhence,1
forest,1
addressed,1
consigning,1
explanatorily,1
abandonment,1
wars,1
authorities,1
heavy,1
eventually,1
judgments,1
girls,1
comes,1
series,1
socialmemory,1
changing,1
incorporated,1
tolowa,1
extensive,1
levistrauss,1
constituted,1
ever,1
continues,1
theme,1
scrutiny,1
favors,1
cohn,1
temporal,1
charles,1
consented,1
hawk,1
differentiated,1
bloch,1
quickly,1
know,1
branches,1
sociales,1
principle,1
halt,1
correspond,1
compatibility,1
cultures,1
disinterested,1
ancestor,1
worth,1
share,1
commission,1
roman,1
gone,1
collapsing,1
leaders,1
down,1
straightforward,1
argue,1
bit,1
regard,1
visiting,1
underwrite,1
ideological,1
collins,1
adhere,1
equilibrium,1
unsusceptible,1
associations,1
explicitly,1
thaw,1
thompson,1
elders,1
merely,1
better,1
turned,1
tambien,1
prosecute,1
dismissal,1
transparent,1
kivas,1
unreliability,1
proceedings,1
investigation,1
selected,1
ones,1
cause,1
independently,1
elaborations,1
add,1
nascent,1
statement,1
laguna,1
axis,1
theory,1
ripe,1
alice,1
ethnography,1
fully,1
underwrites,1
prestige,1
babel,1
premised,1
textualized,1
property,1
generally,1
psychology,1
suggests,1
phenomena,1
cosmically,1
middle,1
radically,1
boston,1
remember,1
obstante,1
balances,1
didlogo,1
rereading,1
ruled,1
met,1
cognitivearchaeology,1
beach,1
despite,1
giving,1
focal,1
die,1
subject,1
plans,1
disciplines,1
rendering,1
explication,1
matches,1
trigger,1
colonial,1
families,1
garland,1
disrupted,1
evidenced,1
aims,1
ventre,1
writing,1
think,1
rosaldo,1
contrasts,1
subsumed,1
razona,1
come,1
false,1
intercultural,1
shown,1
spring,1
prescribe,1
cosmopolitan,1
paradigm,1
fourteenth,1
hastrup,1
positional,1
recovering,1
washington,1
finally,1
iconic,1
accept,1
imperative,1
unafuente,1
retiring,1
connerton,1
oraibi,1
structuring,1
offer,1
although,1
integrated,1
define,1
socially,1
upside,1
defines,1
locatable,1
thoughtful,1
involving,1
asked,1
you,1
effects,1
colleagues,1
seeks,1
attempted,1
off,1
centripetal,1
tobacco,1
area,1
captain,1
measured,1
madison,1
francisco,1
shift,1
cientffica,1
traveling,1
pakatcomo,1
anonymous,1
supported,1
rest,1
artfculo,1
recounted,1
tribes,1
mason,1
discontinuous,1
pretensiones,1
archival,1
vary,1
sits,1
reflecting,1
dark,1
embraces,1
views,1
substantial,1
given,1
strong,1
seek,1
observed,1
famous,1
beings,1
cross,1
archeologically,1
broader,1
meeting,1
ongtupka,1
resources,1
ca,1
southamerican,1
gardens,1
close,1
noon,1
god,1
