WORDCOUNTS,WEIGHT
the,233
of,169
and,131
to,115
in,109
a,79
that,74
is,64
this,51
as,47
from,46
i,44
binford,43
archaeological,33
not,31
for,31
on,30
or,27
be,27
with,25
by,25
are,25
it,24
an,23
he,21
have,21
was,20
these,20
other,20
research,20
which,19
his,17
american,17
been,17
has,17
but,16
data,16
they,15
such,15
de,15
at,13
what,13
so,13
between,13
do,12
would,12
one,12
stone,12
types,11
observations,11
lithic,11
patterns,11
theory,11
were,11
archaeology,11
no,10
into,10
my,10
functional,9
antiquity,9
us,9
two,9
illinois,9
elemental,9
r,9
its,9
our,9
own,9
we,9
how,8
analysis,8
questions,8
dataset,8
tools,8
tool,8
use,8
mousterian,8
human,8
can,8
does,7
science,7
if,7
who,7
study,7
pp,7
any,7
only,7
all,7
could,7
far,7
within,7
information,7
new,7
results,7
ofthe,7
will,6
c,6
their,6
h,6
neither,6
prehistoric,6
principles,6
edited,6
type,6
practice,6
another,6
process,6
datasets,6
very,6
ideas,6
g,6
models,6
argument,6
nor,6
problems,6
even,6
than,6
la,6
provide,5
scientific,5
you,5
j,5
factor,5
culture,5
same,5
humanities,5
without,5
must,5
valley,5
most,5
ever,5
being,5
more,5
also,5
here,5
had,5
outside,5
agree,5
pattern,5
record,5
because,5
some,5
used,5
employed,5
theories,5
theoretical,5
north,5
made,5
appropriate,5
tested,5
journal,5
should,5
middle,5
am,5
paleolithic,4
way,4
l,4
about,4
yet,4
ways,4
investigating,4
then,4
ethnographic,4
wear,4
preceding,4
derives,4
set,4
drawing,4
many,4
nature,4
different,4
engaged,4
analogy,4
time,4
ological,4
past,4
pure,4
concepts,4
discipline,4
where,4
relevant,4
directly,4
logical,4
both,4
concept,4
point,4
through,4
introduced,4
example,4
subject,4
organization,4
approach,4
explanation,4
tions,4
come,4
que,4
entity,4
points,4
wish,4
derive,4
specific,4
compared,4
much,4
using,4
mobility,4
model,3
may,3
go,3
now,3
related,3
para,3
york,3
matter,3
usually,3
trends,3
f,3
en,3
testable,3
curation,3
make,3
originate,3
microwear,3
large,3
contributions,3
why,3
arbor,3
transgressors,3
interpretive,3
applied,3
considered,3
statistical,3
already,3
first,3
archaeologists,3
rather,3
alternative,3
suggested,3
methodology,3
worked,3
analytical,3
fact,3
based,3
lack,3
d,3
datos,3
scholars,3
et,3
importation,3
current,3
discrete,3
events,3
historical,3
las,3
works,3
el,3
system,3
independently,3
statement,3
problem,3
w,3
characterize,3
assemblages,3
los,3
currently,3
recognition,3
odell,3
calls,3
inferences,3
ann,3
development,3
since,3
logic,3
although,3
level,3
like,3
arqueologicos,3
teoria,3
article,3
hafting,3
exercise,3
monographs,3
y,3
little,3
doing,3
rest,3
activities,3
entities,2
situation,2
names,2
edge,2
tilley,2
george,2
investigacion,2
five,2
ferent,2
logically,2
know,2
created,2
remain,2
inferential,2
limited,2
bordian,2
observer,2
paradigms,2
mean,2
community,2
july,2
totally,2
says,2
indicates,2
test,2
similar,2
kelly,2
entre,2
derived,2
tion,2
construction,2
once,2
confines,2
understand,2
chipped,2
read,2
found,2
modern,2
probably,2
narrative,2
technology,2
under,2
appreciate,2
university,2
consider,2
possibly,2
dichotomy,2
objects,2
comparisons,2
before,2
cal,2
al,2
grand,2
various,2
anything,2
implied,2
social,2
position,2
salmon,2
disagreement,2
plenum,2
taken,2
important,2
over,2
appear,2
each,2
paper,2
uses,2
did,2
seriously,2
location,2
international,2
scientists,2
societies,2
down,2
search,2
accumulated,2
analyses,2
origin,2
reasoning,2
relational,2
transporting,2
relate,2
london,2
doubt,2
there,2
discussed,2
just,2
anthropologist,2
never,2
written,2
those,2
principal,2
trying,2
cultural,2
according,2
manner,2
accepted,2
larger,2
arguing,2
evaluation,2
prehensile,2
ford,2
your,2
behavioral,2
sedentism,2
nobody,2
while,2
going,2
america,2
failure,2
almost,2
distinguish,2
understanding,2
accuses,2
work,2
insights,2
object,2
kits,2
examples,2
assure,2
phenomena,2
discovery,2
disagree,2
preferred,2
trajectory,2
formal,2
mental,2
likely,2
part,2
previously,2
laws,2
positions,2
priate,2
artifacts,2
significant,2
engage,2
contribute,2
categorized,2
arguments,2
describes,2
basis,2
world,2
people,2
goals,2
lifeways,2
objective,2
ultimately,2
involves,2
explained,2
dynamics,2
either,2
researchers,2
materials,2
makes,2
good,2
interpret,2
include,2
describing,2
field,2
need,2
inherent,2
convention,2
plant,2
suggest,2
involving,2
static,2
next,2
defined,2
accurate,2
area,2
remains,2
involved,2
construct,2
classification,2
underlying,2
comparison,2
concerns,2
least,2
systems,2
distinctions,2
constructing,2
quienes,2
themselves,2
debate,2
up,2
look,2
proper,2
propositions,2
humanistic,2
society,2
discriminating,1
increasing,1
ferences,1
resolve,1
buried,1
dealing,1
book,1
difficult,1
equated,1
ers,1
portion,1
brian,1
simulate,1
opposed,1
definitively,1
battlefield,1
comprobados,1
order,1
objectionable,1
tasks,1
lo,1
topic,1
sepodria,1
referent,1
imply,1
alleged,1
role,1
wishes,1
assured,1
characterized,1
blinds,1
me,1
constructed,1
ramifications,1
cially,1
deny,1
essential,1
typologie,1
marginally,1
reconozco,1
explanations,1
perspectives,1
note,1
attempts,1
institut,1
reno,1
myriad,1
summarize,1
approaches,1
otrasformas,1
awl,1
statements,1
decreasing,1
employ,1
attributes,1
estoy,1
academic,1
interested,1
foreign,1
main,1
groups,1
alyawara,1
rees,1
eternal,1
hide,1
interferometry,1
ejemplos,1
adapting,1
testing,1
ments,1
site,1
morphologies,1
pieces,1
encouraged,1
truth,1
response,1
basic,1
begin,1
idea,1
wellknown,1
phd,1
return,1
environmental,1
lines,1
pursued,1
strayed,1
levels,1
possesses,1
seedy,1
remotely,1
israel,1
introduction,1
primarily,1
worthy,1
exception,1
construyen,1
foraging,1
neglected,1
remote,1
get,1
dimensions,1
lost,1
una,1
tial,1
variety,1
practiced,1
seen,1
strongly,1
still,1
above,1
itself,1
abstraction,1
presently,1
suppose,1
interlocking,1
proposition,1
per,1
transgressing,1
connected,1
inquiry,1
properties,1
initially,1
se,1
certain,1
group,1
interesting,1
direct,1
terms,1
parts,1
ndeed,1
dynamism,1
contained,1
benjamin,1
kimball,1
ofrezco,1
systematically,1
selection,1
boulder,1
allen,1
kinds,1
perhaps,1
feminist,1
effective,1
miscreant,1
topics,1
needed,1
continually,1
govern,1
connect,1
practicing,1
amalgamation,1
linkages,1
usado,1
informative,1
tures,1
factors,1
provides,1
supposed,1
ing,1
tors,1
supporting,1
ical,1
strictly,1
means,1
completely,1
references,1
articulo,1
contend,1
easily,1
studies,1
bear,1
concretos,1
country,1
acknowledgments,1
microscope,1
bad,1
influencing,1
facilitated,1
experimentally,1
vigor,1
p,1
require,1
realities,1
visit,1
ences,1
stray,1
shelter,1
differentiated,1
removed,1
images,1
gamble,1
unwin,1
anthropological,1
intensive,1
inspect,1
graphs,1
share,1
jay,1
sociological,1
included,1
techniques,1
behavior,1
dently,1
total,1
general,1
observing,1
maybe,1
rightly,1
elsewhere,1
oriented,1
paleolithique,1
proposed,1
realidad,1
amenable,1
arrived,1
polishes,1
village,1
bordeaux,1
something,1
mobile,1
objectivity,1
placed,1
somewhat,1
traces,1
disjuncture,1
k,1
lished,1
revision,1
epipaleolithic,1
residential,1
zonafructifera,1
memoire,1
unexplainable,1
gets,1
ofcore,1
experiment,1
moyen,1
anonymous,1
du,1
rendered,1
ples,1
spanish,1
constitute,1
agricultural,1
orlando,1
department,1
experience,1
wahpeton,1
levallois,1
rchaeology,1
potential,1
prehistoire,1
retouch,1
invoked,1
typed,1
came,1
consistent,1
e,1
smudge,1
isolated,1
advice,1
scrutiny,1
indicate,1
recognizable,1
asuntos,1
fractal,1
linkage,1
scraping,1
barring,1
defines,1
ilk,1
volume,1
sources,1
borrow,1
tough,1
long,1
every,1
comprehend,1
des,1
boundary,1
certainly,1
nostic,1
bly,1
pinning,1
puts,1
tice,1
organizational,1
established,1
charged,1
explain,1
significantes,1
dichotomies,1
ii,1
technique,1
flow,1
required,1
strategy,1
ciencias,1
humanists,1
anomalies,1
might,1
nition,1
natural,1
truer,1
put,1
atomic,1
incapable,1
constructive,1
variables,1
preclude,1
conduct,1
contention,1
denticulate,1
flint,1
raw,1
processing,1
ordinarily,1
expressed,1
determined,1
hodder,1
closely,1
advance,1
apologize,1
worth,1
entirely,1
sagacious,1
s,1
marker,1
valid,1
ley,1
device,1
higher,1
deficient,1
economizing,1
johnson,1
verifiable,1
cumulative,1
broken,1
tural,1
assertion,1
suggesting,1
opposing,1
public,1
chipping,1
potentially,1
argue,1
faunal,1
typological,1
traditionally,1
critically,1
typical,1
abstract,1
thank,1
differences,1
attempting,1
combinations,1
pressed,1
distingue,1
scott,1
effort,1
arises,1
exonerate,1
classroom,1
really,1
stretching,1
able,1
evallated,1
issue,1
reliability,1
estudios,1
contradictory,1
material,1
tells,1
chosen,1
expression,1
located,1
abjectly,1
state,1
ethnoarchaeological,1
papers,1
primary,1
attempt,1
clearly,1
endeavor,1
useless,1
real,1
configuration,1
appropriately,1
jabrud,1
functionally,1
half,1
ists,1
utilized,1
correlates,1
pitfalls,1
serious,1
mugharet,1
simple,1
assessing,1
absolutely,1
devised,1
force,1
late,1
embedded,1
concrete,1
feels,1
conclusions,1
accurately,1
sis,1
further,1
reasonable,1
hand,1
consisted,1
greatly,1
inductive,1
bolic,1
agriculture,1
step,1
bladelets,1
oklahoma,1
deriving,1
though,1
let,1
application,1
ambiguous,1
innovative,1
war,1
inappropriate,1
literature,1
uated,1
developing,1
purposes,1
investigation,1
existing,1
context,1
spatial,1
them,1
particulars,1
viewed,1
similarities,1
recently,1
playful,1
selected,1
form,1
palimpsesto,1
pins,1
cannot,1
degree,1
hides,1
wonderfully,1
side,1
well,1
ished,1
nunamiut,1
imposed,1
imprimeries,1
fish,1
takes,1
exotic,1
series,1
darwinian,1
however,1
described,1
guila,1
suspect,1
vol,1
villages,1
dr,1
expedient,1
edges,1
perform,1
westview,1
chronologically,1
ies,1
preferida,1
recorded,1
wil,1
unjustifiably,1
routledge,1
hay,1
wide,1
april,1
formulation,1
style,1
method,1
manifested,1
gives,1
useful,1
always,1
number,1
governing,1
iv,1
out,1
dakota,1
huge,1
lower,1
futility,1
criteria,1
deconstruct,1
studying,1
artifact,1
distinguishes,1
secure,1
acheulian,1
myself,1
shape,1
underlie,1
having,1
presented,1
weight,1
years,1
interpreting,1
property,1
local,1
imagine,1
keeping,1
original,1
spector,1
quantities,1
enumerating,1
holocene,1
assistance,1
apparently,1
helpful,1
nonetheless,1
tigated,1
possible,1
believable,1
origen,1
technologies,1
reveals,1
exploring,1
port,1
open,1
securely,1
illustrate,1
salmons,1
throw,1
reprints,1
characterization,1
st,1
solid,1
mutual,1
bodies,1
boston,1
bone,1
surfaces,1
accompanying,1
whence,1
domesticates,1
implicated,1
framed,1
verity,1
inimical,1
claim,1
fine,1
reprint,1
future,1
verifying,1
bemused,1
distinctively,1
founded,1
story,1
say,1
erally,1
diferencias,1
motions,1
purpose,1
distinctly,1
case,1
failed,1
uncertain,1
cited,1
mechanics,1
alternatives,1
varying,1
clearer,1
conform,1
chooses,1
commonalities,1
cooperation,1
comment,1
core,1
variability,1
correlation,1
modelos,1
minnesota,1
himself,1
climatic,1
cepts,1
adjunto,1
disciplines,1
atopic,1
shanks,1
ple,1
perspective,1
simply,1
situated,1
hunting,1
ethnography,1
repeating,1
territory,1
confronted,1
rchaic,1
clusions,1
ogists,1
realm,1
expended,1
treatise,1
hypotheses,1
programs,1
fail,1
assumption,1
collection,1
during,1
presupposes,1
overlaps,1
constituted,1
pursuing,1
sizeable,1
broad,1
challenges,1
contains,1
framework,1
egy,1
toric,1
submitted,1
definitions,1
exist,1
fruitful,1
net,1
relies,1
structures,1
ethnic,1
evolution,1
elevate,1
ontario,1
frequencies,1
thereafter,1
goal,1
correspondence,1
nothing,1
call,1
uncharted,1
crossing,1
preting,1
proceeds,1
somewhere,1
struction,1
economic,1
reflect,1
discriminated,1
issues,1
dependence,1
acuerdo,1
tomenchuk,1
relationships,1
internal,1
contribution,1
proceeded,1
subset,1
showing,1
accommodating,1
eventual,1
ticular,1
component,1
difficulties,1
bring,1
estrategia,1
difference,1
received,1
ence,1
quality,1
accommodation,1
critique,1
meanings,1
professor,1
transport,1
interpreted,1
initial,1
finding,1
against,1
reality,1
ssues,1
camps,1
sndeavor,1
conditions,1
ioral,1
comprehensive,1
frame,1
recognize,1
rockshelter,1
author,1
samples,1
agreement,1
imperative,1
universite,1
dynamic,1
interest,1
otrasfuentes,1
toman,1
causal,1
objection,1
evaluated,1
ously,1
identify,1
reminding,1
documentation,1
held,1
contributed,1
offer,1
haber,1
mixed,1
actively,1
relations,1
camping,1
times,1
mike,1
consituyen,1
sense,1
correct,1
upon,1
virtue,1
revised,1
period,1
derided,1
transgressed,1
wished,1
reliable,1
subjective,1
dictionary,1
mexico,1
extensively,1
distinction,1
hayonim,1
obtained,1
quotes,1
lie,1
interprets,1
clues,1
instance,1
contrast,1
shamelessly,1
shortly,1
fractures,1
earlier,1
turn,1
stimulated,1
fue,1
reaches,1
diagnostic,1
ihave,1
settlement,1
transcend,1
intrinsic,1
articulates,1
profession,1
elements,1
paths,1
latter,1
around,1
better,1
quantification,1
flaw,1
spent,1
tinguish,1
mind,1
ingested,1
accuse,1
smugly,1
represented,1
humanidades,1
valued,1
sugiero,1
concerning,1
supported,1
touts,1
troubling,1
accomplished,1
back,1
took,1
objectively,1
promote,1
qualities,1
pits,1
mal,1
representative,1
practitioner,1
extolling,1
second,1
difficulty,1
abstractiongeorge,1
technological,1
decline,1
interpretations,1
systematics,1
interassemblage,1
applying,1
left,1
falsity,1
exactly,1
houppeville,1
vary,1
telling,1
parametric,1
except,1
methodological,1
ent,1
yielded,1
woodland,1
ancien,1
mechanical,1
orton,1
structure,1
characterizes,1
categories,1
array,1
early,1
ety,1
formulate,1
national,1
when,1
seeking,1
equipment,1
drawn,1
element,1
obscure,1
translate,1
sciences,1
user,1
intent,1
looked,1
parameters,1
remiss,1
etc,1
glance,1
importing,1
considero,1
demonstration,1
landmark,1
importacion,1
recent,1
wholly,1
away,1
subjecting,1
reflected,1
treating,1
demonstrably,1
value,1
dos,1
occupy,1
civil,1
laformulacion,1
independentiy,1
paul,1
preliminary,1
lincoln,1
function,1
paleobotany,1
components,1
propriety,1
evoked,1
marxism,1
close,1
master,1
derivations,1
nomena,1
bighorn,1
incumbent,1
astute,1
quefueron,1
tactical,1
binfordgeorge,1
discern,1
objected,1
facies,1
pero,1
input,1
hypothesis,1
