WORDCOUNTS,WEIGHT
the,186
of,117
and,71
in,57
to,45
that,37
is,25
as,24
a,23
their,20
on,17
earthworks,17
by,16
have,16
howey,15
midewiwin,15
or,14
are,14
for,13
this,13
it,12
not,12
from,12
michigan,12
they,11
missaukee,11
two,11
prehistoric,10
ritual,10
ojibwa,10
archaeological,10
be,10
at,9
site,9
authors,9
mide,7
e,7
american,7
antiquity,7
with,7
circular,7
while,7
such,7
earth,7
was,6
journey,6
late,6
where,6
los,6
bear,6
shea,6
one,6
no,5
his,5
ing,5
lower,5
peninsula,5
taken,5
suggested,5
other,5
ethnohistorical,5
works,5
some,5
possible,5
part,5
de,5
an,5
archaeology,5
between,5
landes,5
en,4
pp,4
university,4
also,4
believe,4
beliefs,4
were,4
historical,4
date,4
what,4
but,4
north,4
christian,3
later,3
figure,3
been,3
how,3
functional,3
derived,3
once,3
edited,3
history,3
great,3
traces,3
ethnographic,3
archaeologists,3
physical,3
specifically,3
more,3
ronald,3
j,3
origin,3
there,3
conclusions,3
ad,3
con,3
has,3
argument,3
sites,3
another,3
earthwork,3
reported,3
woodland,3
which,3
among,3
que,3
clear,3
published,3
angel,3
area,3
ruth,3
mason,3
c,3
can,3
even,3
story,3
diagram,3
rit,3
may,2
south,2
will,2
archaeo,2
if,2
l,2
alone,2
still,2
make,2
garden,2
comments,2
se,2
indicate,2
makes,2
investigators,2
study,2
confidence,2
guide,2
rogers,2
respect,2
mounds,2
notwithstanding,2
rises,2
prehistory,2
western,2
into,2
included,2
dc,2
just,2
unambiguous,2
these,2
age,2
most,2
g,2
noted,2
robert,2
toronto,2
sources,2
sky,2
bruce,2
others,2
drawing,2
identified,2
all,2
many,2
had,2
paper,2
my,2
fact,2
s,2
ojibwas,2
found,2
chipped,2
ethnohistoric,2
new,2
religion,2
past,2
behind,2
argumentos,2
handbook,2
ual,2
within,2
el,2
michael,2
cir,2
map,2
recorded,2
eastern,2
well,2
vol,2
demonstrated,2
logical,2
data,2
depend,2
resided,2
richard,2
emphasis,2
john,2
claim,2
given,2
knowledge,2
pre,2
behavior,2
midewi,2
aside,2
structures,2
lookout,2
includes,2
creen,2
manifestation,2
review,2
nor,2
open,2
own,2
william,2
michi,2
lakes,2
messenger,2
haber,2
general,2
least,2
southern,2
elect,2
features,2
cache,2
after,2
enclosure,2
remains,2
latter,2
chippewa,2
smithsonian,2
precisely,2
james,2
need,2
should,2
evidence,2
delivered,2
southeastern,2
discriminating,1
raneity,1
appeal,1
natural,1
alabama,1
cite,1
reifying,1
european,1
bottom,1
defeats,1
ments,1
peo,1
order,1
explanations,1
interesting,1
otter,1
cation,1
currently,1
para,1
ritzen,1
likely,1
alleged,1
recognized,1
pro,1
americans,1
arrangement,1
circle,1
york,1
deny,1
ceremonial,1
perspectives,1
note,1
contact,1
identification,1
indubitable,1
pur,1
fortified,1
assert,1
bring,1
usually,1
pasados,1
main,1
depth,1
labeled,1
lie,1
cussion,1
might,1
qualifies,1
tuscaloosa,1
vious,1
brief,1
paired,1
fewer,1
wetland,1
repre,1
informacion,1
red,1
becomes,1
reproducing,1
who,1
success,1
una,1
step,1
un,1
seen,1
adoption,1
disallow,1
burial,1
tor,1
probado,1
activ,1
lawrence,1
debris,1
entirely,1
importance,1
atop,1
center,1
travels,1
cle,1
recently,1
arqueologico,1
significant,1
he,1
aligned,1
doubted,1
life,1
class,1
methods,1
produced,1
ample,1
identify,1
rites,1
lay,1
existed,1
summarized,1
stone,1
arbor,1
comportamientos,1
retriev,1
europeos,1
space,1
depicted,1
institute,1
inarguably,1
addressing,1
interpretation,1
reference,1
ethnographers,1
references,1
itself,1
institution,1
utterly,1
studies,1
empathy,1
grammed,1
win,1
maintaining,1
occu,1
ities,1
boulder,1
under,1
positing,1
realities,1
ref,1
missionaries,1
locally,1
historia,1
erences,1
claims,1
development,1
coeval,1
breastworks,1
selwyn,1
interrupted,1
nearby,1
sive,1
any,1
manitoba,1
before,1
elsewhere,1
gustavo,1
collectively,1
following,1
ateness,1
something,1
impulse,1
result,1
hay,1
prac,1
archaeol,1
al,1
univer,1
demostrado,1
frequently,1
acknowledging,1
character,1
practices,1
wisconsin,1
must,1
influ,1
flints,1
hunger,1
department,1
uncal,1
diffusion,1
possibly,1
ever,1
said,1
people,1
defin,1
symbolic,1
argu,1
upon,1
explaining,1
social,1
useful,1
wyn,1
editor,1
membership,1
consequence,1
soundness,1
sis,1
oral,1
certainly,1
inconstant,1
connection,1
alluding,1
french,1
originally,1
observers,1
m,1
sometimes,1
indicated,1
strategy,1
mis,1
know,1
tory,1
respecting,1
renewed,1
attempt,1
over,1
similarly,1
zurel,1
emerged,1
each,1
contention,1
arreglo,1
yielding,1
gin,1
attrib,1
words,1
december,1
layout,1
esker,1
possibilities,1
edi,1
datos,1
seem,1
uals,1
bearing,1
did,1
could,1
striking,1
minnesota,1
suggesting,1
opposing,1
tices,1
desire,1
mandate,1
abstract,1
regard,1
time,1
account,1
follows,1
particularly,1
out,1
thecomments,1
dat,1
utable,1
contradictory,1
ocean,1
hundred,1
rely,1
banked,1
ethno,1
granting,1
near,1
noting,1
survey,1
amer,1
ogy,1
las,1
faunal,1
ican,1
discussed,1
called,1
dence,1
culture,1
bility,1
february,1
overlooked,1
last,1
men,1
places,1
left,1
sweat,1
ditch,1
animal,1
do,1
likelihood,1
chimeras,1
decisively,1
swam,1
those,1
same,1
principal,1
tales,1
analogical,1
patent,1
briefly,1
opposite,1
shallow,1
according,1
scholarly,1
clusters,1
let,1
buried,1
precursor,1
reading,1
indian,1
cles,1
elucidating,1
purposes,1
reservation,1
combined,1
accepted,1
context,1
them,1
whether,1
relevant,1
credi,1
saukee,1
cooking,1
heavily,1
accounts,1
meghan,1
issue,1
particular,1
era,1
pertinent,1
describ,1
exotic,1
conviction,1
por,1
depending,1
described,1
caracteristico,1
sus,1
sel,1
breaks,1
impli,1
perhaps,1
daunting,1
native,1
explain,1
interval,1
explicar,1
etno,1
graciously,1
appropri,1
afrmaciones,1
her,1
reflected,1
really,1
proxies,1
regionally,1
cated,1
source,1
because,1
laudable,1
studying,1
addresses,1
produce,1
matchups,1
information,1
manifestaciones,1
ori,1
origenes,1
pueden,1
wonders,1
alcohol,1
status,1
fitting,1
ojibway,1
r,1
origen,1
referred,1
artifacts,1
literature,1
acknowledgment,1
travel,1
northerners,1
work,1
shared,1
sity,1
slight,1
translated,1
spaces,1
asserted,1
thaler,1
both,1
ings,1
level,1
student,1
presumed,1
represented,1
rituales,1
contempo,1
decent,1
multiple,1
apart,1
pits,1
county,1
thereby,1
point,1
lake,1
sent,1
uncertain,1
mistook,1
renounce,1
symbolism,1
related,1
role,1
indigenous,1
comment,1
representing,1
enter,1
its,1
look,1
compulsion,1
lies,1
sitting,1
ple,1
northern,1
empha,1
inspirit,1
whole,1
use,1
island,1
genuine,1
amplia,1
tale,1
sparce,1
immaterial,1
bloomfield,1
assumption,1
focus,1
place,1
arguments,1
began,1
cited,1
negar,1
contains,1
mention,1
maintained,1
figures,1
numbered,1
otherwise,1
regarding,1
tual,1
continue,1
sible,1
episodes,1
call,1
radiocarbon,1
selves,1
justification,1
ceremonies,1
promulgating,1
option,1
pational,1
surrounding,1
question,1
thrived,1
than,1
announce,1
contacto,1
southwestern,1
shown,1
achieving,1
models,1
roots,1
fieldwork,1
volume,1
explained,1
locations,1
festation,1
ann,1
sions,1
prehistoricas,1
afirman,1
received,1
ence,1
ferred,1
inevitable,1
traditions,1
agent,1
challenging,1
tex,1
alternately,1
three,1
ancillary,1
historic,1
visited,1
september,1
tambiin,1
purposely,1
does,1
tioned,1
annotated,1
nipeg,1
integral,1
accept,1
faces,1
dangerous,1
relatively,1
scrolls,1
course,1
contributed,1
defense,1
known,1
include,1
indi,1
viable,1
mandates,1
would,1
proffered,1
justify,1
below,1
pos,1
ference,1
flanking,1
suggest,1
assay,1
depiction,1
fares,1
speculations,1
integration,1
arqueologicos,1
asked,1
mani,1
mountain,1
clues,1
defined,1
filled,1
dis,1
propios,1
squarely,1
dia,1
excavation,1
precontact,1
madison,1
elements,1
bank,1
long,1
around,1
anishnabeg,1
brook,1
repeated,1
small,1
enclosed,1
troversy,1
spanish,1
autonomy,1
graphic,1
ver,1
sufficient,1
specific,1
territories,1
amount,1
carbon,1
although,1
satisfy,1
trying,1
components,1
region,1
serving,1
authores,1
actions,1
debe,1
presence,1
recounted,1
radio,1
cran,1
mystery,1
declare,1
ancestors,1
stand,1
charged,1
villages,1
charles,1
incompatible,1
ness,1
tended,1
sacred,1
debate,1
partial,1
when,1
revised,1
y,1
mirrored,1
probably,1
element,1
instance,1
evi,1
interaction,1
present,1
southwest,1
abandoned,1
copyright,1
re,1
negating,1
results,1
describes,1
period,1
immediately,1
games,1
ground,1
strong,1
invitingly,1
apparently,1
we,1
peculiar,1
recent,1
dif,1
declamations,1
correctness,1
indispensibility,1
walked,1
acted,1
sitio,1
cultural,1
rest,1
narrative,1
widely,1
defen,1
historicos,1
anchors,1
society,1
selected,1
