WORDCOUNTS,WEIGHT
the,307
of,213
and,153
in,99
chaco,98
a,69
i,64
to,61
that,44
canyon,42
by,36
for,36
was,33
great,31
were,30
production,28
at,27
this,27
have,27
as,26
papers,26
houses,23
is,20
from,20
been,19
these,19
with,18
organization,18
conference,18
are,17
on,17
de,15
pueblo,15
american,14
goods,14
there,14
t,13
los,13
chacoan,12
s,12
system,12
turquoise,11
ceremonial,11
e,11
large,11
or,11
but,11
communal,11
project,11
national,11
may,10
it,10
construction,10
peregrine,10
regional,10
scholars,10
issue,10
del,10
during,10
en,9
antiquity,9
park,9
participants,9
chipped,9
el,9
they,8
not,8
more,8
important,8
other,8
where,8
r,8
although,8
models,8
would,8
y,8
no,7
economic,7
corporate,7
imported,7
also,7
new,7
renfrew,7
population,7
material,7
used,7
level,7
chuska,7
we,7
ceramics,6
special,6
about,6
university,6
most,6
social,6
support,6
m,6
many,6
finance,6
prehistoric,6
leaders,6
our,6
p,6
region,6
ad,6
quantities,6
some,6
part,6
household,6
its,6
place,6
an,6
than,6
building,6
la,6
activities,6
society,6
suggest,5
communities,5
san,5
o,5
service,5
their,5
museum,5
unusual,5
proposed,5
earle,5
each,5
including,5
por,5
distribution,5
has,5
public,5
number,5
both,5
made,5
little,5
gatherings,5
events,5
structures,5
artifact,5
years,5
consumption,5
proyecto,5
especially,5
santa,5
km,5
be,5
early,5
stone,5
provided,5
operation,4
he,4
synthesis,4
who,4
un,4
juan,4
se,4
fe,4
h,4
effort,4
collection,4
objects,4
had,4
into,4
clearly,4
four,4
department,4
timbers,4
archaeologists,4
ii,4
lekson,4
anthropology,4
j,4
seems,4
height,4
toll,4
areas,4
could,4
found,4
deciphering,4
agree,4
que,4
focused,4
produced,4
conferences,4
ensayos,4
sites,4
windes,4
almost,4
suggests,4
w,4
understanding,4
x,4
knowledge,4
people,4
which,4
evidence,4
such,4
archaeological,4
g,4
staple,4
buildings,4
around,4
systems,4
between,4
research,4
c,4
probably,4
much,4
bonito,4
final,3
mexico,3
materials,3
continued,3
l,3
mountains,3
households,3
covering,3
roads,3
tree,3
nps,3
under,3
undertaken,3
beams,3
specialization,3
following,3
house,3
two,3
volume,3
set,3
power,3
nature,3
only,3
ceramic,3
prepared,3
half,3
rooms,3
basin,3
las,3
works,3
term,3
late,3
v,3
those,3
investigations,3
economy,3
accepted,3
publications,3
wealth,3
projectile,3
photo,3
thousands,3
because,3
well,3
participation,3
agreed,3
basis,3
artifacts,3
size,3
discussion,3
work,3
residents,3
una,3
became,3
modelos,3
use,3
largely,3
broad,3
phenomenon,3
expertise,3
central,3
examination,3
first,3
anasazi,3
agreement,3
roof,3
excavations,3
d,3
smaller,3
alto,3
z,3
held,3
archaeology,3
specific,3
ir,3
brought,3
examine,3
like,3
primeros,3
southwest,3
among,3
general,3
asked,3
built,3
major,3
f,2
perspectives,2
usually,2
developed,2
how,2
investigaciones,2
pieces,2
seen,2
caches,2
still,2
abundant,2
developments,2
importance,2
beam,2
ix,2
k,2
often,2
para,2
como,2
periodic,2
nonlocal,2
studies,2
supports,2
consider,2
chronology,2
us,2
anthropological,2
then,2
handled,2
associated,2
harvests,2
cuatro,2
n,2
summary,2
source,2
al,2
contexts,2
agricultural,2
demonstrate,2
extensive,2
geographic,2
recovered,2
albuquerque,2
perhaps,2
colorado,2
conditions,2
economica,2
procured,2
wolcott,2
history,2
estos,2
all,2
varied,2
specialized,2
different,2
came,2
contained,2
idea,2
together,2
called,2
time,2
cameron,2
twelfth,2
initial,2
synthesize,2
men,2
procurement,2
written,2
generalists,2
otros,2
remarkable,2
kivas,2
context,2
wright,2
less,2
see,2
ethnographic,2
scale,2
necessary,2
con,2
series,2
ford,2
artifactual,2
facilities,2
while,2
wood,2
another,2
macaws,2
data,2
wonder,2
entire,2
nearest,2
west,2
formal,2
steve,2
hundreds,2
timothy,2
judge,2
doyel,2
elite,2
experience,2
whole,2
discussions,2
kiva,2
copper,2
numerous,2
evolution,2
et,2
throughout,2
sees,2
timber,2
office,2
surrounding,2
southwestern,2
status,2
comprehensive,2
publication,2
catherine,2
peter,2
center,2
settlement,2
individual,2
architectural,2
presented,2
conducted,2
so,2
high,2
collected,2
after,2
religious,2
small,2
several,2
vi,2
amount,2
area,2
can,2
working,2
element,2
even,2
differ,2
interaction,2
maxwell,2
section,2
northern,2
figures,2
mckenna,2
recent,2
notes,2
professional,2
over,2
asociados,1
inapplicable,1
model,1
south,1
difficult,1
will,1
chco,1
site,1
ventilator,1
critical,1
bernardini,1
landscapes,1
now,1
karin,1
uncomfortable,1
challenge,1
ahos,1
transportation,1
helped,1
fruto,1
mostly,1
what,1
colin,1
approximate,1
structured,1
repository,1
outfitted,1
deluxe,1
breve,1
disertacion,1
minor,1
ably,1
finish,1
bells,1
common,1
estimated,1
ken,1
george,1
provide,1
his,1
if,1
square,1
participantes,1
bring,1
academic,1
meaning,1
analyses,1
mentone,1
quickly,1
aimed,1
factual,1
evaluate,1
ol,1
centered,1
vision,1
impressive,1
box,1
overall,1
created,1
providing,1
bound,1
foster,1
crafted,1
encouraged,1
go,1
represent,1
joan,1
pe,1
civilization,1
might,1
landscape,1
address,1
cn,1
winifred,1
transported,1
brief,1
resulted,1
ai,1
primarily,1
matrilineal,1
derive,1
responded,1
investigators,1
remarked,1
jewelry,1
rather,1
inviting,1
prefabricated,1
prehistoiy,1
represented,1
community,1
comprensivo,1
profusion,1
above,1
introduction,1
force,1
establecimiento,1
visual,1
rectangular,1
comments,1
mathien,1
eight,1
requests,1
builders,1
contemporaneous,1
sintesis,1
apr,1
b,1
periodo,1
group,1
fornms,1
atop,1
entre,1
outlying,1
procession,1
complex,1
cuthrenairna,1
idicted,1
summarizing,1
layering,1
saved,1
winters,1
expression,1
containing,1
sinopsis,1
offerings,1
mobility,1
nacionales,1
analysis,1
mobilize,1
comforting,1
masonry,1
michael,1
formed,1
requiring,1
space,1
depicted,1
pacific,1
canyoncameron,1
supporting,1
yet,1
estan,1
shell,1
participar,1
plaza,1
fascinating,1
exceptional,1
references,1
understand,1
articles,1
complying,1
projects,1
relationships,1
gathered,1
case,1
han,1
parts,1
monumental,1
facilitated,1
rigorous,1
multistoried,1
pp,1
boulder,1
pepper,1
diffuse,1
lateloocs,1
mechanics,1
elemento,1
matters,1
utilizan,1
forests,1
supply,1
western,1
ffi,1
established,1
school,1
synthesized,1
processing,1
cited,1
occurred,1
fringes,1
deposited,1
planned,1
unafuncion,1
total,1
hagstrumn,1
dc,1
before,1
complete,1
protracted,1
males,1
donde,1
ofrece,1
numbers,1
po,1
exavatd,1
examinan,1
thee,1
archeology,1
ruth,1
door,1
indian,1
located,1
closely,1
reviewed,1
comparison,1
largest,1
without,1
organize,1
surplus,1
must,1
show,1
urgent,1
reports,1
potluck,1
historia,1
ever,1
novel,1
round,1
being,1
comunales,1
member,1
modos,1
picturesque,1
theme,1
iw,1
functioned,1
refer,1
beyond,1
offered,1
cylindrical,1
bringing,1
especialistas,1
reuniones,1
articulos,1
sources,1
modest,1
puebloa,1
long,1
plates,1
lead,1
mound,1
organizations,1
certainly,1
extraordinary,1
populations,1
varias,1
melissa,1
book,1
theory,1
smithsonian,1
distant,1
attempts,1
ceremonially,1
mark,1
lynne,1
centro,1
suggested,1
toward,1
ceased,1
diego,1
decades,1
others,1
chronometric,1
make,1
differently,1
natural,1
approaching,1
eastern,1
sobresaliente,1
fueron,1
ecological,1
includes,1
authority,1
across,1
control,1
emerged,1
basados,1
neil,1
cheerfully,1
raw,1
paper,1
supplied,1
uses,1
decipheringthe,1
altamira,1
eventos,1
estafase,1
december,1
based,1
immense,1
ft,1
consideration,1
datos,1
location,1
available,1
excavating,1
wooden,1
sociopolitical,1
aw,1
explores,1
similar,1
nineteenth,1
striking,1
apart,1
creative,1
plan,1
begun,1
appeared,1
matrilocal,1
presence,1
thank,1
differences,1
potentially,1
puebloan,1
pressed,1
eventually,1
foundation,1
strongly,1
seven,1
economfa,1
accomplished,1
monument,1
conventionally,1
ceremonies,1
link,1
surfaces,1
john,1
maps,1
pass,1
when,1
end,1
reciente,1
mesoamerican,1
contemporary,1
foramerican,1
scene,1
products,1
endeavor,1
discussescameron,1
esta,1
presentados,1
distributions,1
apogeo,1
proposes,1
pattern,1
past,1
observes,1
experts,1
reasons,1
chiefdom,1
localidades,1
scores,1
century,1
talus,1
big,1
last,1
pmaperste,1
nm,1
places,1
took,1
date,1
emphasized,1
propounded,1
dozen,1
sacred,1
finely,1
everyday,1
cambiidge,1
occupation,1
seguin,1
traits,1
political,1
nonarchaeological,1
according,1
preparados,1
construccion,1
covered,1
buried,1
lintels,1
reading,1
unpopulated,1
wimdes,1
revise,1
examinar,1
fuller,1
parques,1
continuing,1
purposes,1
carefully,1
investigation,1
prominent,1
worldwide,1
them,1
study,1
residential,1
shown,1
strategies,1
datable,1
spot,1
council,1
particular,1
tim,1
placed,1
gretchen,1
mundo,1
existence,1
oversized,1
desarrollad,1
burd,1
producing,1
njahasbas,1
rxlay,1
fascinated,1
interval,1
producida,1
oto,1
sistemas,1
caracterizado,1
controversy,1
key,1
distance,1
surveying,1
lived,1
introductory,1
larkin,1
her,1
scheduling,1
u,1
out,1
westerners,1
information,1
esearch,1
aspects,1
ceremoniales,1
frequently,1
northwestern,1
produce,1
institutions,1
incluyendo,1
intermediaries,1
summers,1
local,1
anos,1
assistance,1
remote,1
marked,1
setenta,1
migration,1
tropical,1
import,1
cluster,1
smitstonian,1
intimate,1
finished,1
jordan,1
haco,1
vessels,1
scope,1
establishing,1
examples,1
cambridge,1
thanks,1
revised,1
richard,1
carries,1
son,1
largescale,1
realizado,1
classes,1
goldstein,1
gt,1
transport,1
durante,1
invited,1
significantly,1
attached,1
tens,1
through,1
narbona,1
eliminated,1
coordinating,1
enormous,1
march,1
manufactured,1
increase,1
travelers,1
produccion,1
mntinediin,1
apply,1
along,1
constrained,1
charge,1
uninviting,1
subject,1
durable,1
tried,1
looked,1
ritual,1
basada,1
informacion,1
host,1
economies,1
barren,1
reappraisal,1
grateful,1
copyright,1
went,1
servicio,1
informes,1
significant,1
year,1
food,1
overview,1
willingness,1
ochenta,1
q,1
elaborately,1
freedom,1
obtain,1
results,1
refined,1
travel,1
describes,1
explica,1
iz,1
causes,1
partly,1
contains,1
stress,1
acknowledgments,1
walnut,1
reoccupied,1
increasingly,1
aspect,1
sistema,1
build,1
vivian,1
harvesters,1
canon,1
rituals,1
chapters,1
frances,1
mesa,1
apparently,1
teirsmithsniannumers,1
hosted,1
kohler,1
literatura,1
acuerdo,1
eleventh,1
institution,1
enthusiasm,1
california,1
mundane,1
il,1
synthetic,1
rojet,1
circundante,1
described,1
fieldwork,1
explained,1
zv,1
idchateob,1
synopsis,1
locations,1
background,1
requirements,1
received,1
strengthened,1
open,1
significance,1
color,1
own,1
deposition,1
consumed,1
reassessing,1
since,1
initiated,1
three,1
bolsters,1
autoridades,1
aware,1
twentieth,1
initially,1
encounters,1
authors,1
excaatedn,1
discussed,1
assisted,1
near,1
finally,1
points,1
funciono,1
movement,1
august,1
mindful,1
ended,1
excavated,1
joined,1
mismo,1
relations,1
keep,1
geth,1
allowed,1
started,1
led,1
pottery,1
thirteenth,1
application,1
tied,1
sebastian,1
co,1
relatively,1
manufacture,1
things,1
seemingly,1
unm,1
topic,1
nonresidential,1
chuskan,1
southeastern,1
trading,1
devotional,1
one,1
reunie,1
emerging,1
chihuahua,1
norte,1
ecology,1
chetro,1
hes,1
emphasizes,1
difflculties,1
creamer,1
oldest,1
provides,1
thomas,1
nor,1
family,1
encompasses,1
sagas,1
spent,1
relationship,1
calling,1
david,1
doubtless,1
chert,1
habitation,1
mobilized,1
chacproject,1
sufficient,1
problems,1
socialaction,1
septentrional,1
vessel,1
potential,1
birds,1
highly,1
thecameron,1
removed,1
employees,1
serving,1
nuestra,1
valuable,1
holds,1
escritos,1
presenta,1
hagstrum,1
clustered,1
craft,1
gatheredfor,1
ornaments,1
subterranean,1
played,1
lei,1
kinship,1
topics,1
proposal,1
effective,1
blanton,1
funding,1
lists,1
coast,1
atpueblo,1
th,1
find,1
corners,1
facet,1
enhance,1
marvelous,1
storage,1
explore,1
cafinn,1
exclusively,1
archaeologist,1
valley,1
necessity,1
destinations,1
present,1
journal,1
abandoned,1
humbler,1
focus,1
using,1
boom,1
occupied,1
drew,1
joint,1
laborers,1
gentes,1
evaluated,1
nueve,1
broader,1
shablkesch,1
up,1
propose,1
though,1
attention,1
roles,1
baggage,1
rest,1
rates,1
gk,1
widely,1
dictated,1
repaso,1
result,1
paers,1
product,1
grandes,1
edited,1
radiating,1
