WORDCOUNTS,WEIGHT
the,194
of,183
and,88
in,81
to,73
that,59
a,50
is,42
be,26
have,25
as,24
for,21
we,21
no,20
by,20
has,19
diffusion,18
rowe,18
on,18
it,17
pp,17
from,17
or,16
are,16
vol,15
this,14
evidence,14
at,13
world,13
been,12
with,12
new,12
which,12
an,12
ideas,11
pacific,10
such,10
but,9
these,9
many,9
america,9
some,9
he,8
independent,8
if,8
they,8
american,8
not,8
university,8
any,8
culture,8
traits,8
studies,7
also,7
cultural,7
contacts,7
one,7
chicago,7
will,6
may,6
probability,6
too,6
must,6
being,6
long,6
there,6
similarities,6
possibility,6
diffusionists,6
archaeology,6
between,6
can,6
even,6
across,5
feel,5
was,5
their,5
two,5
all,5
j,5
scholars,5
areas,5
while,5
both,5
our,5
were,5
theories,5
items,5
transpacific,5
article,5
d,5
led,4
his,4
comparative,4
kind,4
large,4
proof,4
then,4
most,4
transatlantic,4
invention,4
more,4
pointed,4
put,4
cultures,4
different,4
lack,4
other,4
could,4
particularly,4
atlantic,4
john,4
those,4
what,4
them,4
independently,4
out,4
data,4
its,4
significant,4
trade,4
own,4
presentations,4
general,4
so,4
old,4
diffusionist,4
than,4
should,4
south,3
r,3
civilization,3
process,3
antiquity,3
edited,3
doctrinaire,3
before,3
days,3
same,3
peoples,3
g,3
voyages,3
published,3
carl,3
certainly,3
principles,3
others,3
had,3
comparison,3
roman,3
suggesting,3
agree,3
far,3
distributions,3
discussed,3
do,3
transfers,3
unique,3
case,3
california,3
controversy,3
hopkins,3
require,3
another,3
work,3
middle,3
examples,3
explanation,3
x,3
very,3
knowledge,3
against,3
questions,3
actual,3
significance,3
archaeological,3
authors,3
peru,3
times,3
would,3
states,3
derive,3
mediterranean,3
doubtless,3
early,3
y,3
archaeologist,3
present,3
resistance,3
much,3
invented,3
among,3
recent,3
notes,3
connections,3
north,3
major,3
plant,3
chronological,2
f,2
speculate,2
where,2
san,2
york,2
limits,2
george,2
admitted,2
l,2
although,2
pompeii,2
en,2
elliot,2
lowie,2
circumpacific,2
di,2
navigation,2
agricultural,2
indicates,2
whether,2
obsolete,2
study,2
museum,2
means,2
completely,2
itself,2
johns,2
easily,2
makes,2
plants,2
modern,2
jennings,2
biased,2
consider,2
distributional,2
alone,2
objects,2
us,2
thesis,2
literary,2
argues,2
arabs,2
carter,2
numbers,2
objectivity,2
argued,2
threat,2
voyaging,2
origins,2
only,2
isolated,2
either,2
beyond,2
jesse,2
specific,2
exchanges,2
might,2
view,2
believe,2
der,2
hale,2
distribution,2
prehistoric,2
fact,2
longer,2
game,2
idea,2
consideration,2
regret,2
found,2
amply,2
exotic,2
true,2
ocean,2
contends,2
survey,2
conclusions,2
stand,2
influences,2
equally,2
robert,2
though,2
assuming,2
within,2
el,2
terms,2
ones,2
forth,2
absolute,2
occurrence,2
edward,2
influenced,2
development,2
trait,2
possible,2
w,2
made,2
crossed,2
sides,2
part,2
calls,2
demonstrate,2
heath,2
use,2
assumption,2
basis,2
indians,2
oceanic,2
regarding,2
london,2
especially,2
estrada,2
question,2
students,2
de,2
sea,2
facts,2
man,2
archaeologists,2
emphasizing,2
does,2
express,2
washington,2
betty,2
interest,2
moment,2
known,2
direct,2
parallels,2
mexico,2
tends,2
m,2
outside,2
chinese,2
admitting,2
central,2
assumed,2
presence,2
research,2
c,2
greatly,2
effect,2
irrelevant,2
up,2
divergent,2
terracing,2
versus,2
developmental,2
conceal,1
appeal,1
costa,1
estudios,1
stonehenge,1
untrue,1
cite,1
impartial,1
machalilla,1
degli,1
impossibility,1
indoctrination,1
therefore,1
pertaining,1
suppressing,1
tests,1
stimuli,1
high,1
verterdero,1
phases,1
regardless,1
situation,1
whose,1
essential,1
implications,1
today,1
played,1
matter,1
prefer,1
absence,1
contact,1
universal,1
identification,1
frutta,1
asiatic,1
emilio,1
rather,1
science,1
concerned,1
faith,1
primitive,1
sometimes,1
purely,1
crucial,1
populations,1
meaning,1
foreign,1
logically,1
centered,1
generations,1
developed,1
imported,1
scholar,1
angeles,1
how,1
created,1
result,1
foster,1
josip,1
vols,1
hill,1
sort,1
reasonable,1
howland,1
basic,1
fantasies,1
berkeley,1
theorizing,1
attitude,1
forward,1
directlyor,1
spencer,1
fair,1
determine,1
sauer,1
institutions,1
independence,1
seeks,1
who,1
lost,1
aboriginal,1
prove,1
concluding,1
formative,1
contributions,1
kroeber,1
detailed,1
establishes,1
over,1
bias,1
sinica,1
titled,1
make,1
vaso,1
basel,1
keep,1
comments,1
threaten,1
los,1
ein,1
b,1
talk,1
certain,1
movement,1
needed,1
pointing,1
complex,1
partially,1
viejo,1
perpetuate,1
religious,1
innovation,1
why,1
selection,1
agoraphobia,1
kinds,1
nos,1
often,1
louden,1
lacking,1
franch,1
mobility,1
through,1
rise,1
united,1
racolta,1
values,1
something,1
numberless,1
communications,1
timeconsuming,1
simultaneous,1
dead,1
centenario,1
coastal,1
biggest,1
cannot,1
yet,1
ways,1
types,1
h,1
ekholm,1
centuries,1
oesterreichischen,1
exists,1
typology,1
face,1
brunswick,1
suppression,1
insistence,1
weeping,1
developments,1
wry,1
involved,1
proving,1
bad,1
ramadan,1
siidsee,1
attachment,1
isolationist,1
self,1
marks,1
supports,1
restricted,1
chronology,1
polynesians,1
stephen,1
claims,1
justified,1
seems,1
ancient,1
critical,1
mainland,1
into,1
specialization,1
sagas,1
typewriters,1
entrenched,1
enterprising,1
hamish,1
proved,1
statistical,1
ceiba,1
columbus,1
practice,1
teaching,1
fabled,1
n,1
considered,1
generally,1
fairness,1
naples,1
norse,1
comes,1
series,1
conclusion,1
thalassophobia,1
mexican,1
northeastern,1
sequential,1
frequently,1
lester,1
without,1
mundo,1
leads,1
chronica,1
existence,1
show,1
contains,1
test,1
touching,1
emotional,1
simply,1
mention,1
del,1
ecuador,1
e,1
incomplete,1
architectural,1
warns,1
regional,1
fugitive,1
trojans,1
harper,1
undermine,1
decries,1
quotes,1
fellow,1
deform,1
neglects,1
neither,1
fire,1
pineapple,1
text,1
concur,1
puts,1
admit,1
clinton,1
human,1
seduced,1
derives,1
book,1
exaggerated,1
erroneous,1
sailboat,1
smithsonian,1
quoting,1
cocked,1
respected,1
fund,1
processes,1
later,1
jane,1
taken,1
montreal,1
mentions,1
quickly,1
suggested,1
implying,1
attempts,1
stating,1
dora,1
appear,1
history,1
thinks,1
nets,1
clifford,1
contention,1
nature,1
tradition,1
speaks,1
cultivated,1
worth,1
best,1
acceptable,1
archaeologically,1
location,1
available,1
antidiffusionist,1
route,1
continue,1
professed,1
leading,1
sciencefiction,1
critic,1
acknowledgments,1
argue,1
great,1
appeared,1
afraid,1
abstract,1
admissible,1
attempting,1
mapping,1
portrayal,1
peopling,1
wave,1
vienna,1
time,1
fifteen,1
really,1
spaniards,1
larger,1
deal,1
smith,1
unreasoned,1
proves,1
linked,1
polynesian,1
events,1
cautious,1
pompeiane,1
end,1
carolina,1
written,1
mesoamerican,1
everything,1
near,1
philosophische,1
perpetuating,1
amusing,1
ready,1
historical,1
bases,1
fashion,1
distinctive,1
accuses,1
brings,1
pitture,1
stamped,1
past,1
voyagers,1
works,1
respectfully,1
type,1
expanses,1
convergences,1
watercraft,1
persistence,1
merely,1
men,1
places,1
concrete,1
turned,1
state,1
further,1
phd,1
emphasized,1
remainder,1
chain,1
elmer,1
equal,1
que,1
scholarly,1
derivative,1
letting,1
honolulu,1
secondo,1
explanations,1
silence,1
sadly,1
typewriter,1
adventurers,1
literature,1
continuing,1
hannes,1
discover,1
validity,1
based,1
worldwide,1
tools,1
adair,1
produced,1
axes,1
form,1
posts,1
see,1
inquiry,1
making,1
parent,1
maryland,1
received,1
particular,1
reginald,1
dem,1
baltimore,1
academia,1
origin,1
material,1
ascribed,1
khan,1
mango,1
proven,1
japan,1
knoxville,1
revision,1
resulted,1
ark,1
statement,1
manufactures,1
merrill,1
explain,1
theory,1
warn,1
sounder,1
directions,1
unnecessary,1
taught,1
conquer,1
problem,1
directly,1
extent,1
wide,1
public,1
task,1
unaware,1
number,1
planted,1
foundations,1
proposing,1
refuted,1
saying,1
tenth,1
aspects,1
jett,1
drastic,1
well,1
scavii,1
studied,1
sites,1
specifically,1
colonies,1
interpreting,1
account,1
original,1
hybrid,1
differ,1
ibarra,1
prior,1
capable,1
remote,1
future,1
logical,1
ax,1
injection,1
ignored,1
oil,1
vast,1
art,1
kouli,1
discussion,1
belies,1
shared,1
father,1
viability,1
raft,1
studi,1
obscure,1
stronger,1
reasoned,1
sheltering,1
strict,1
disagree,1
geographical,1
sober,1
randall,1
active,1
careful,1
clear,1
determined,1
concept,1
doctr,1
unless,1
scythians,1
psychological,1
edwards,1
mediterraneanand,1
lake,1
murals,1
drew,1
understanding,1
stripe,1
ignores,1
city,1
despite,1
watts,1
sent,1
fur,1
laws,1
cited,1
content,1
mexiko,1
alcina,1
wainright,1
scoffed,1
role,1
migration,1
comment,1
innocent,1
convinced,1
head,1
turns,1
subject,1
crossings,1
assumptions,1
honorable,1
happens,1
sweet,1
overestimates,1
hypotheses,1
vorkolumbischen,1
island,1
discussions,1
problems,1
jr,1
jose,1
botany,1
edwin,1
citations,1
diversity,1
constitute,1
framework,1
ferdon,1
sequence,1
cooperation,1
denied,1
statistics,1
conflict,1
mistake,1
internacional,1
individuals,1
examination,1
includes,1
fantastic,1
bishop,1
search,1
per,1
away,1
oceans,1
newspaper,1
hamilton,1
geographer,1
clusters,1
theoretical,1
lamps,1
pachisi,1
madrid,1
foldboat,1
purpura,1
anuario,1
argument,1
difficulties,1
reaction,1
reveals,1
trusted,1
determining,1
since,1
soldiers,1
barton,1
arduous,1
due,1
finding,1
postulating,1
directed,1
tables,1
numerous,1
jacques,1
language,1
aus,1
nelle,1
akademie,1
accept,1
passe,1
congreso,1
lifted,1
good,1
supplying,1
sat,1
workers,1
tylor,1
p,1
waltham,1
contributed,1
discussing,1
actively,1
least,1
interregional,1
mesopotamia,1
include,1
start,1
clamps,1
historische,1
upon,1
castaway,1
describing,1
incompletely,1
deduction,1
canadian,1
travel,1
period,1
need,1
spread,1
relatively,1
function,1
savage,1
opinions,1
product,1
him,1
hardly,1
brave,1
suggest,1
attribution,1
tribal,1
il,1
durban,1
protest,1
obvious,1
involving,1
serves,1
trading,1
stages,1
sources,1
changes,1
colleagues,1
peruvian,1
filled,1
attempted,1
after,1
area,1
discredit,1
assemble,1
rutgers,1
cases,1
nelson,1
routes,1
oldest,1
whodunit,1
incidents,1
extremely,1
thomas,1
allusions,1
probabilities,1
association,1
speak,1
definitive,1
imagination,1
repeated,1
wellington,1
small,1
canons,1
honest,1
influence,1
observation,1
ignore,1
west,1
comparing,1
back,1
jefferson,1
contrary,1
trying,1
unrelated,1
requires,1
methods,1
exigencies,1
chapel,1
hebrew,1
channels,1
viewpoint,1
young,1
craft,1
diffusionism,1
tribes,1
eye,1
presumes,1
narrow,1
egypt,1
interpretations,1
left,1
danger,1
patolli,1
potsherd,1
actas,1
single,1
impossible,1
adjacent,1
coast,1
valdivia,1
xxxiii,1
compare,1
debate,1
always,1
momentary,1
annual,1
when,1
cosas,1
east,1
progress,1
imputations,1
bolivia,1
con,1
given,1
dependent,1
berewood,1
journal,1
traditional,1
lindemann,1
northern,1
potato,1
proper,1
surrendered,1
apparently,1
lengthy,1
atlantis,1
beirne,1
cross,1
professional,1
fanciful,1
ago,1
develop,1
reflex,1
successive,1
salt,1
interests,1
greek,1
moved,1
la,1
tartars,1
race,1
gordon,1
unfortunate,1
hamblin,1
motif,1
stephens,1
separate,1
china,1
tennessee,1
thorough,1
