WORDCOUNTS,WEIGHT
the,168
of,139
and,89
to,67
in,57
is,43
a,40
that,39
for,34
weight,29
are,28
be,27
from,26
or,24
with,23
shell,23
we,23
by,21
nre,20
mni,19
more,18
california,18
species,18
as,16
most,16
chione,16
glassow,15
de,15
can,15
it,14
on,14
these,14
data,14
use,14
taxa,13
shellfish,13
one,12
not,12
hinges,12
this,12
no,11
fragments,11
identifiable,11
using,11
our,10
time,10
method,10
taxon,10
count,10
at,9
if,9
l,9
because,9
measure,9
archaeological,9
when,9
difficult,8
transportation,8
identified,8
identify,8
two,8
only,8
fragmentation,8
j,8
research,8
there,8
used,8
los,8
questions,8
which,8
would,8
coast,8
than,8
wavy,7
hinge,7
measures,7
other,7
identifying,7
genus,7
marine,7
banded,7
sites,7
both,7
elements,7
bone,7
san,6
identification,6
also,6
different,6
individuals,6
number,6
some,6
r,6
fragment,6
investigator,6
reliable,6
para,5
they,5
american,5
university,5
must,5
all,5
many,5
angeles,5
reliability,5
central,5
weights,5
where,5
making,5
size,5
whole,5
being,5
prepared,5
such,5
three,5
venus,5
have,5
peterson,5
estimates,5
hills,5
joaquin,5
even,5
results,5
an,5
south,4
will,4
common,4
site,4
en,4
coastal,4
southern,4
file,4
analysis,4
same,4
al,4
but,4
m,4
over,4
report,4
percentages,4
external,4
el,4
claassen,4
discussion,4
during,4
recovered,4
were,4
que,4
historic,4
irvine,4
taxonomic,4
individual,4
states,4
antiquity,4
archaeology,4
shells,4
provides,4
problems,4
compare,4
nisp,4
relative,4
should,4
resources,4
chambers,4
error,4
dealing,3
high,3
abundance,3
fewer,3
nearly,3
una,3
similar,3
their,3
pp,3
ratio,3
neither,3
into,3
fish,3
associated,3
numbers,3
department,3
experience,3
first,3
either,3
comparison,3
weighed,3
recovery,3
valid,3
faunal,3
midden,3
counting,3
larger,3
take,3
those,3
peso,3
validity,3
newport,3
relevant,3
less,3
biases,3
particular,3
tiffany,3
sverdrup,3
has,3
mass,3
habitat,3
directly,3
information,3
sculpture,3
level,3
smooth,3
due,3
durable,3
obtain,3
et,3
individuos,3
per,3
question,3
differentially,3
vertebrates,3
d,3
remains,3
quantification,3
several,3
characteristics,3
article,3
ratios,3
between,3
difficulty,3
element,3
versus,3
among,3
recent,3
corridor,3
costa,2
may,2
portion,2
does,2
habitats,2
tegula,2
counted,2
rather,2
comparative,2
pieces,2
sort,2
unit,2
process,2
investigators,2
comments,2
bertram,2
importance,2
direct,2
study,2
methods,2
about,2
especies,2
second,2
archaeologist,2
measurement,2
distinct,2
under,2
biased,2
prehistory,2
consider,2
laboratory,2
differentiate,2
school,2
santa,2
total,2
any,2
n,2
comes,2
contexts,2
human,2
was,2
mark,2
address,2
available,2
estos,2
addition,2
experienced,2
greater,2
had,2
uses,2
consideration,2
inherent,2
agree,2
edited,2
new,2
las,2
better,2
density,2
state,2
meter,2
assignments,2
what,2
weighing,2
intensity,2
cannot,2
da,2
applied,2
material,2
problem,2
calculos,2
task,2
almost,2
examples,2
county,2
valve,2
including,2
far,2
discusses,2
example,2
along,2
samples,2
subject,2
contends,2
frequencies,2
goal,2
like,2
analysts,2
donax,2
differential,2
cubic,2
i,2
involves,2
project,2
estimating,2
pairing,2
p,2
quantifying,2
representative,2
fitch,2
need,2
so,2
general,2
smaller,2
southeastern,2
nor,2
increased,2
small,2
margin,2
comparing,2
potential,2
often,2
mason,2
compared,2
estimate,2
always,2
much,2
counts,2
ca,2
showed,2
major,2
separate,2
dietary,2
barbara,1
processes,1
set,1
final,1
necessaiy,1
analytic,1
tenet,1
order,1
depressed,1
he,1
rate,1
york,1
reduced,1
veltebrate,1
uniquely,1
inordinate,1
investigated,1
without,1
higher,1
collected,1
lot,1
michelson,1
science,1
usually,1
been,1
main,1
januiary,1
indeed,1
limpets,1
toward,1
techniques,1
levelfor,1
misidentifying,1
iowa,1
extend,1
environmental,1
presentation,1
costbenefit,1
exception,1
bulletin,1
becomes,1
bivalve,1
nonfish,1
argue,1
represented,1
community,1
still,1
fragmented,1
vs,1
noncultural,1
determining,1
utility,1
make,1
probability,1
vol,1
contribution,1
sitios,1
b,1
group,1
archaeometiy,1
center,1
zoology,1
changes,1
es,1
kinds,1
nos,1
rudolph,1
consuming,1
essays,1
concha,1
guide,1
united,1
achieve,1
calculate,1
algunas,1
pacific,1
hemos,1
units,1
mnis,1
addressing,1
h,1
manera,1
museum,1
involve,1
paleobiology,1
bias,1
suited,1
easily,1
makes,1
alone,1
case,1
necessitate,1
affect,1
former,1
taphonomic,1
around,1
quantify,1
anthropology,1
possibly,1
orange,1
thesis,1
specimens,1
salient,1
familiar,1
processing,1
included,1
magnitude,1
mistaking,1
especialmente,1
edition,1
keeping,1
intertidal,1
doing,1
butchering,1
series,1
natural,1
intensification,1
received,1
criticos,1
aggregation,1
demonstrate,1
theory,1
mesa,1
lower,1
noted,1
exploited,1
she,1
e,1
nutritional,1
archaeologists,1
surface,1
justify,1
precise,1
regardless,1
temporal,1
separately,1
sources,1
davis,1
cost,1
specifically,1
terrestrial,1
western,1
meat,1
relies,1
successfully,1
distinguishing,1
houghton,1
fulther,1
infoimation,1
erroneous,1
biasing,1
luis,1
stated,1
taken,1
important,1
mentions,1
malacologists,1
know,1
sugerimos,1
defining,1
spend,1
invesroger,1
mifflin,1
ask,1
substantively,1
constructive,1
each,1
hours,1
cm,1
raw,1
speciation,1
based,1
longer,1
minimo,1
seem,1
authorities,1
believe,1
did,1
best,1
areas,1
could,1
broken,1
inarchaeological,1
foods,1
histories,1
carrying,1
basin,1
pressure,1
great,1
metodo,1
right,1
differences,1
discrete,1
curtiss,1
nosotros,1
attempt,1
choice,1
gives,1
particularly,1
out,1
deal,1
jn,1
exhibits,1
atlantic,1
surfaces,1
rely,1
very,1
causes,1
remain,1
estimation,1
overutilization,1
substantially,1
doubt,1
primary,1
resulting,1
ia,1
escutcheon,1
discussed,1
utilized,1
tigator,1
serious,1
experts,1
type,1
otras,1
biologists,1
archaeofaunal,1
academic,1
algunos,1
determines,1
miles,1
tambien,1
left,1
greatly,1
respond,1
animal,1
cowan,1
umbo,1
occupation,1
knows,1
seriousness,1
numeros,1
though,1
regard,1
thousands,1
apices,1
within,1
accepted,1
marrow,1
whether,1
similarities,1
debitage,1
form,1
heavily,1
references,1
issue,1
elongated,1
con,1
takes,1
depending,1
misidentify,1
statement,1
wquld,1
absolute,1
approached,1
required,1
attritional,1
como,1
ste,1
money,1
elementos,1
her,1
while,1
tal,1
free,1
skew,1
march,1
addresses,1
changing,1
bivalves,1
yield,1
regarding,1
local,1
account,1
having,1
generally,1
angelescomment,1
suggests,1
pedazos,1
possible,1
distinguish,1
degrees,1
investment,1
work,1
discarded,1
drive,1
obispo,1
establishing,1
incluye,1
boston,1
basis,1
preferred,1
son,1
insights,1
preserved,1
hinder,1
incorporating,1
thereby,1
reported,1
deposits,1
part,1
dominance,1
thickness,1
purpose,1
extending,1
beach,1
previously,1
indicating,1
cited,1
collecting,1
original,1
apply,1
sorter,1
meaningfully,1
skeletal,1
criticalfor,1
minimum,1
gulf,1
entirely,1
contribute,1
lab,1
place,1
arguments,1
factor,1
assume,1
unos,1
issues,1
dorsal,1
calculating,1
expertise,1
yielded,1
underestimates,1
said,1
real,1
sacramento,1
articular,1
continue,1
todas,1
come,1
away,1
incongruent,1
ultimately,1
argument,1
roger,1
argues,1
subspecies,1
successfuilly,1
fracturing,1
since,1
sample,1
illustrates,1
contract,1
conditions,1
t,1
assignment,1
publication,1
chemical,1
depositional,1
nivel,1
preguntas,1
someone,1
change,1
simplemente,1
hawaii,1
amesrican,1
fauna,1
amounts,1
include,1
indicate,1
indicator,1
diet,1
field,1
period,1
diminish,1
sur,1
estudiar,1
suggest,1
maritime,1
nmi,1
del,1
thank,1
weighable,1
obtained,1
piece,1
after,1
univalve,1
cases,1
settlement,1
segment,1
dificultades,1
shift,1
latter,1
classification,1
patterns,1
comunes,1
repetidos,1
fragmentcomment,1
identifica,1
special,1
necessary,1
especially,1
specific,1
random,1
accomplished,1
back,1
highly,1
limpet,1
choose,1
body,1
k,1
response,1
typically,1
misquantify,1
poltion,1
c,1
attached,1
respectively,1
usual,1
continuous,1
reevaluation,1
misleading,1
buttressing,1
do,1
medida,1
find,1
keith,1
structure,1
applies,1
exploitation,1
views,1
deposition,1
through,1
cites,1
slightly,1
sin,1
journal,1
vdlida,1
copyright,1
morris,1
complementarity,1
indentificar,1
califorllia,1
appropriate,1
negligible,1
value,1
weigh,1
building,1
identifier,1
provided,1
asked,1
vertebrate,1
cultural,1
la,1
rest,1
decision,1
society,1
likely,1
