WORDCOUNTS,WEIGHT
the,333
of,265
and,190
to,149
in,112
a,103
that,88
is,86
for,59
as,59
we,55
by,48
are,44
significance,39
not,39
this,37
be,37
it,32
an,32
archaeology,32
or,31
with,29
on,29
archaeological,28
speech,27
their,25
american,24
which,23
has,22
from,22
have,21
some,19
process,19
these,19
all,18
our,18
may,17
antiquity,17
past,17
national,17
social,16
dialogue,16
register,16
interests,15
site,15
will,15
can,15
at,14
within,14
what,14
theory,14
they,13
work,13
critical,13
us,13
new,13
do,13
archaeologists,12
university,12
historic,12
other,11
those,11
than,11
no,11
one,10
such,10
sites,10
its,10
but,10
more,10
among,10
de,9
how,9
public,9
knowledge,9
society,9
about,9
many,9
contemporary,9
been,9
who,9
any,9
habermas,9
tainter,8
if,8
conflict,8
most,8
out,8
discourse,8
situation,8
see,8
use,8
preservation,8
ideal,8
both,8
through,8
communicative,8
between,8
government,7
there,7
even,7
means,7
basis,7
pp,7
two,7
also,7
tradition,7
present,7
significant,7
la,7
lucas,7
historical,7
way,6
taken,6
context,6
positivism,6
act,6
rather,6
just,6
p,6
cultural,6
acts,6
crm,6
like,6
class,6
itself,6
version,6
butler,6
positivist,6
benefit,6
while,6
dialogues,6
think,6
likely,5
s,5
pl,5
ways,5
determining,5
position,5
important,5
native,5
based,5
search,5
academic,5
because,5
well,5
r,5
part,5
approach,5
t,5
when,5
up,5
action,5
edited,5
culture,5
law,5
others,5
where,5
cambridge,5
language,5
so,5
d,5
equals,5
establish,5
know,5
over,5
current,5
places,5
terms,5
particular,5
information,5
remains,5
m,4
kinds,4
federal,4
protection,4
history,4
evaluating,4
properties,4
last,4
political,4
issue,4
very,4
find,4
communication,4
traditions,4
york,4
whose,4
without,4
b,4
parts,4
understand,4
representative,4
professionals,4
used,4
place,4
structures,4
good,4
regulative,4
research,4
results,4
second,4
scientific,4
serve,4
same,4
another,4
understanding,4
hypotheses,4
theoretical,4
raab,4
would,4
administrative,4
article,4
save,4
seen,4
life,4
alternative,4
klinger,4
argue,4
problem,4
despite,4
assumptions,4
discussion,4
much,4
using,4
product,4
needs,4
traditional,4
difficult,3
common,3
meaning,3
large,3
being,3
first,3
every,3
supposedly,3
creation,3
attempts,3
j,3
parties,3
available,3
wholeness,3
differences,3
inherent,3
handler,3
products,3
el,3
tie,3
logical,3
establishing,3
point,3
resources,3
framework,3
human,3
quality,3
against,3
application,3
quebec,3
served,3
critique,3
implementation,3
americans,3
legitimation,3
his,3
l,3
basic,3
approaches,3
kintigh,3
section,3
articulated,3
too,3
four,3
resource,3
whom,3
could,3
further,3
criteria,3
future,3
london,3
calls,3
during,3
translated,3
own,3
field,3
attention,3
world,3
he,3
variety,3
acknowledged,3
decisions,3
parker,3
management,3
heritage,3
enable,3
behind,3
less,3
answer,3
substantive,3
values,3
including,3
questions,3
were,3
sees,3
described,3
enacted,3
science,3
ideology,3
bulletin,3
several,3
here,3
anthropology,3
seem,3
them,3
tilley,3
popular,3
level,3
conclude,3
come,3
question,3
states,3
constituencies,3
off,3
potential,3
mccarthy,3
c,3
given,3
focus,3
trigger,3
should,3
jurgen,3
go,2
does,2
struggle,2
conflicting,2
created,2
represent,2
legitimate,2
myths,2
provisions,2
essays,2
authority,2
h,2
competence,2
undertaken,2
into,2
encourage,2
else,2
attempt,2
onto,2
take,2
real,2
principal,2
robert,2
discipline,2
documenting,2
takes,2
key,2
guidelines,2
constraint,2
possible,2
politics,2
richard,2
negotiation,2
goal,2
includes,2
review,2
que,2
dynamics,2
reject,2
g,2
interest,2
ray,2
repatriation,2
initiate,2
nor,2
criterion,2
y,2
hodder,2
acknowledge,2
constraints,2
philadelphia,2
bring,2
en,2
una,2
se,2
direct,2
leaves,2
mit,2
supposed,2
support,2
was,2
encourages,2
linked,2
argued,2
situations,2
powerful,2
follow,2
beyond,2
glassow,2
answers,2
faced,2
decades,2
view,2
appear,2
dc,2
regulatory,2
had,2
result,2
participants,2
allow,2
histories,2
found,2
called,2
speaker,2
philosophical,2
topics,2
though,2
essentialist,2
produced,2
persons,2
cannot,2
negotiated,2
possibility,2
aspects,2
directly,2
having,2
closed,2
data,2
received,2
tool,2
los,2
goldstein,2
concept,2
example,2
revealed,2
citation,2
people,2
somewhere,2
least,2
successful,2
responsibility,2
suggest,2
order,2
archaeologies,2
appropriate,2
value,2
actions,2
implications,2
materials,2
economic,2
negotiating,2
make,2
once,2
describe,2
makes,2
thought,2
included,2
al,2
department,2
toronto,2
only,2
name,2
printing,2
fact,2
lack,2
idea,2
abstract,2
regulation,2
inevitably,2
time,2
apparatuses,2
constative,2
necessary,2
practice,2
agencies,2
invitation,2
explicitly,2
inherency,2
status,2
recognizing,2
coherent,2
explanation,2
disagree,2
concern,2
narrowness,2
largely,2
actual,2
variables,2
navajo,2
open,2
andrews,2
authors,2
points,2
function,2
neutral,2
why,2
faith,2
graves,2
enough,2
outcomes,2
become,2
relation,2
epistemology,2
yacimiento,2
professional,2
provide,2
program,2
success,2
un,2
determination,2
legitimacy,2
continually,2
united,2
hope,2
exists,2
considered,2
environment,2
then,2
grayson,2
temple,2
offers,2
set,2
mutually,2
intellectual,2
setting,2
best,2
down,2
clearly,2
far,2
examining,2
type,2
advances,2
turned,2
believed,2
making,2
produce,2
suggests,2
eligibility,2
horkheimer,2
little,2
intended,2
lies,2
allows,2
definitions,2
breaks,2
contract,2
crisis,2
include,2
need,2
attempted,2
presenting,2
measured,2
typology,2
speak,2
observation,2
create,2
substantial,2
entire,2
recent,2
major,2
resolve,1
currently,1
inhibits,1
situate,1
ofrece,1
ethics,1
ambivalence,1
ariana,1
environmental,1
college,1
implies,1
host,1
fragmented,1
introduction,1
utility,1
unsuccessful,1
speakers,1
hearings,1
heal,1
conducted,1
denied,1
identify,1
cherished,1
postmodernist,1
comprender,1
criticizes,1
completely,1
bias,1
studies,1
modern,1
favor,1
park,1
flows,1
western,1
necessarily,1
inventory,1
unlike,1
uses,1
accomplishments,1
po,1
arguing,1
eye,1
relativism,1
attuned,1
binford,1
societal,1
practices,1
hoping,1
cutting,1
experience,1
round,1
fabric,1
anything,1
aside,1
either,1
explaining,1
beneficial,1
marco,1
philosophers,1
sources,1
long,1
frankfurt,1
production,1
originally,1
processes,1
motivations,1
ourselves,1
expendable,1
definition,1
resemblance,1
possibilities,1
summation,1
scientists,1
skills,1
leading,1
assertion,1
suggesting,1
generalize,1
estimation,1
great,1
thank,1
senses,1
admittedly,1
able,1
odological,1
procedure,1
anyway,1
prevail,1
i,1
help,1
devised,1
obrum,1
state,1
precisely,1
classified,1
somewhat,1
essences,1
system,1
problematical,1
case,1
appreciate,1
governmental,1
existence,1
plain,1
anthropologists,1
king,1
task,1
bases,1
saying,1
draw,1
discuss,1
establecer,1
design,1
account,1
replacement,1
norteamericanos,1
prevailing,1
authentic,1
activity,1
illustrate,1
alter,1
move,1
legitimizes,1
mental,1
combination,1
advocating,1
quantity,1
cited,1
dynamic,1
dozen,1
along,1
askforum,1
representing,1
identifies,1
measurement,1
shocken,1
wallace,1
sign,1
unrecognized,1
behavior,1
usage,1
nostalgic,1
furthering,1
central,1
natives,1
unworkable,1
selves,1
differential,1
pinsky,1
historically,1
montreal,1
rooting,1
difficulties,1
development,1
translating,1
klesert,1
predetermined,1
analyzing,1
precipitating,1
september,1
author,1
domain,1
ease,1
contributors,1
moment,1
participating,1
jr,1
relatively,1
insofar,1
century,1
arena,1
cases,1
importancia,1
religious,1
old,1
self,1
better,1
clark,1
seeing,1
refer,1
profound,1
body,1
columbia,1
completing,1
listened,1
difficulty,1
inclusion,1
wholly,1
compared,1
left,1
disarm,1
determinations,1
momentary,1
look,1
demonstration,1
deeply,1
ven,1
general,1
delivered,1
appraise,1
nonarchaeological,1
repatriated,1
awkward,1
failed,1
talks,1
simultaneously,1
enhancing,1
recognized,1
essential,1
identification,1
critica,1
dialogic,1
links,1
performance,1
factual,1
respectful,1
commentators,1
posits,1
levels,1
beholder,1
mean,1
pinpoint,1
active,1
environments,1
dealt,1
granted,1
desarrolla,1
turn,1
similar,1
entre,1
ongoing,1
implicates,1
disintegration,1
compromises,1
possess,1
empowered,1
enabled,1
distant,1
govern,1
feel,1
arbor,1
mediate,1
jargon,1
references,1
solutions,1
enfranchised,1
plus,1
wanted,1
prehistory,1
objects,1
signed,1
revising,1
sorts,1
benefits,1
branch,1
invite,1
bruce,1
weak,1
frequently,1
w,1
fashioned,1
origins,1
statement,1
generally,1
hemandez,1
essentialism,1
exploitation,1
asks,1
media,1
flow,1
films,1
strategy,1
preference,1
decode,1
reflections,1
thinks,1
worries,1
moving,1
appraisal,1
incomplete,1
identifying,1
transmission,1
societies,1
harder,1
medicine,1
access,1
centers,1
deal,1
enfrentados,1
base,1
term,1
frustrations,1
big,1
informed,1
equal,1
eventuality,1
historicalarchaeology,1
biases,1
wealth,1
safe,1
record,1
procedures,1
muchos,1
comprehension,1
premise,1
method,1
problema,1
sacrifice,1
filter,1
unchallenged,1
improve,1
failure,1
line,1
estados,1
misappropriation,1
reid,1
writers,1
leisure,1
del,1
imagined,1
teoria,1
competing,1
apparent,1
farmstead,1
positions,1
criticized,1
got,1
shanks,1
authenticity,1
literature,1
genuine,1
fit,1
issues,1
broad,1
relevance,1
actually,1
runs,1
dispense,1
et,1
call,1
partiality,1
legislation,1
positivista,1
hampshire,1
systematic,1
tabloid,1
reconstructing,1
president,1
breakdown,1
following,1
preceded,1
creating,1
solution,1
tolerant,1
strict,1
presented,1
hard,1
working,1
pronounced,1
empathetic,1
tested,1
resolving,1
box,1
navajos,1
unidos,1
squarely,1
quite,1
midst,1
arbitrary,1
spanish,1
endpoint,1
initiating,1
preucel,1
few,1
accomplished,1
este,1
folk,1
presence,1
texas,1
division,1
fully,1
prerogatives,1
visible,1
universities,1
aggressively,1
roots,1
notes,1
grateful,1
displaced,1
slogged,1
macdonald,1
majewski,1
activities,1
cite,1
threatened,1
affixed,1
collingwood,1
lenin,1
led,1
equality,1
advocate,1
various,1
functioning,1
identified,1
short,1
service,1
limited,1
play,1
framing,1
modo,1
convince,1
july,1
still,1
says,1
indicates,1
experiences,1
premises,1
registered,1
modes,1
answering,1
forecast,1
argumentation,1
guide,1
flux,1
realm,1
criticism,1
yet,1
reference,1
examined,1
represents,1
read,1
acknowledgments,1
preservationist,1
under,1
inspiration,1
exposes,1
neither,1
thesis,1
parte,1
acting,1
landclaim,1
assistance,1
watson,1
obligated,1
dialectical,1
experiment,1
wisconsin,1
odds,1
reports,1
regional,1
spatially,1
neutralizes,1
members,1
theorist,1
critiques,1
museums,1
french,1
power,1
stated,1
mark,1
toward,1
again,1
fragmentation,1
pointed,1
rejects,1
put,1
projects,1
americanization,1
analytical,1
longer,1
admit,1
valid,1
consideration,1
limit,1
treatment,1
preserve,1
scholars,1
proposal,1
complementing,1
agree,1
enact,1
striving,1
analizar,1
inconsistency,1
end,1
everything,1
overwhelmingly,1
resolved,1
foster,1
considerable,1
imperfect,1
dramas,1
discussed,1
terry,1
ought,1
enactment,1
forms,1
v,1
performances,1
ground,1
existing,1
accepted,1
coercion,1
karl,1
charter,1
perhaps,1
chronologically,1
weaken,1
project,1
controversy,1
como,1
threats,1
gives,1
wrested,1
follows,1
figuring,1
free,1
outlines,1
degree,1
reminds,1
institutions,1
argues,1
thousands,1
synonym,1
redman,1
commercialized,1
analyzed,1
divided,1
intent,1
examples,1
made,1
leone,1
complemento,1
range,1
represented,1
flaw,1
distinctly,1
holt,1
judge,1
doyel,1
identity,1
reburial,1
entirely,1
bears,1
faltered,1
assumption,1
assume,1
causes,1
ideas,1
resulting,1
harvard,1
ethnic,1
evolution,1
eligible,1
prelude,1
nationalism,1
california,1
theories,1
loses,1
versions,1
rejected,1
trade,1
anasazi,1
meanings,1
equates,1
three,1
moral,1
adding,1
aforum,1
communicated,1
comprehensive,1
idiosyncratic,1
express,1
vagueness,1
essay,1
logic,1
counter,1
signing,1
times,1
defensive,1
allowed,1
him,1
tribal,1
mask,1
linking,1
provides,1
imagination,1
especially,1
probe,1
somehow,1
accusing,1
k,1
utilizamos,1
narrow,1
sharrock,1
ann,1
effect,1
assigning,1
determinar,1
electric,1
seeking,1
probably,1
capitalism,1
lynott,1
story,1
twofold,1
equivalent,1
copyright,1
invented,1
relevancia,1
relative,1
insignificant,1
basically,1
creativity,1
propose,1
sole,1
brown,1
rift,1
waxing,1
accepting,1
suggestion,1
relying,1
lo,1
entail,1
assigned,1
para,1
dual,1
independent,1
segments,1
popularity,1
chance,1
nh,1
testing,1
practitioners,1
americanist,1
reasonable,1
resistant,1
arqueologia,1
recognizes,1
primarily,1
becomes,1
insist,1
force,1
privileges,1
effectively,1
wilson,1
remaining,1
deals,1
indicate,1
intend,1
often,1
responsible,1
implementing,1
infuse,1
analysis,1
fall,1
uniformitarian,1
supporting,1
withforum,1
cada,1
testability,1
face,1
canada,1
interpretive,1
hearer,1
bad,1
rationalize,1
rigorous,1
pay,1
matters,1
maccannell,1
sections,1
school,1
contemplated,1
contained,1
variable,1
thinking,1
conocimiento,1
material,1
growing,1
senior,1
comes,1
series,1
conclusion,1
exemplified,1
someday,1
must,1
extending,1
demonstrate,1
simply,1
struck,1
ever,1
bush,1
kemp,1
constructed,1
disguise,1
md,1
sustained,1
gran,1
equation,1
imposing,1
berkeley,1
continental,1
control,1
monthly,1
scientist,1
cultures,1
different,1
meaningor,1
extraction,1
connection,1
did,1
visiting,1
followers,1
eventually,1
ideological,1
newcomers,1
job,1
sustaining,1
useless,1
sum,1
invocation,1
plantation,1
phd,1
clarity,1
pasado,1
consultants,1
according,1
realize,1
sincerity,1
ruins,1
carefully,1
whether,1
reconcile,1
stability,1
form,1
namely,1
ones,1
accounts,1
sociology,1
proven,1
attitudes,1
passed,1
getting,1
appetite,1
intereses,1
desecration,1
trustworthiness,1
bureaucratic,1
almost,1
observations,1
threat,1
preserved,1
careful,1
reported,1
tightening,1
alternatives,1
press,1
became,1
role,1
november,1
easy,1
waning,1
williamson,1
agents,1
measure,1
kingston,1
challenges,1
mention,1
writing,1
goals,1
precision,1
until,1
years,1
hermeneutic,1
lands,1
institutional,1
recovering,1
grant,1
discursive,1
shatters,1
mode,1
wish,1
although,1
typically,1
touches,1
integrated,1
virtue,1
cognitive,1
canadian,1
manufacture,1
relics,1
managing,1
effects,1
piece,1
playing,1
derive,1
inequalities,1
philosophy,1
madison,1
association,1
classification,1
roughly,1
summary,1
anonymous,1
offered,1
specific,1
significa,1
searching,1
rest,1
jeff,1
reached,1
irrelevant,1
views,1
exclusively,1
element,1
develop,1
reconciling,1
ends,1
detriment,1
building,1
asked,1
conversations,1
built,1
roles,1
methmark,1
draft,1
laws,1
occur,1
deeper,1
