WORDCOUNTS,WEIGHT
the,359
of,253
and,245
in,218
to,118
that,94
points,91
is,91
california,85
rosegate,66
a,64
are,63
eastern,62
central,59
by,57
as,56
nevada,54
for,50
basal,46
elko,46
this,45
width,42
from,42
transmission,39
on,39
berkeley,37
cultural,36
great,34
monitor,33
it,32
than,32
be,31
typology,31
point,30
we,30
basin,28
these,27
arrow,26
weight,25
not,24
which,23
have,23
bp,21
university,21
two,21
more,21
archaeological,21
at,20
american,20
de,20
social,20
technology,19
with,18
other,17
no,17
table,17
different,17
typologies,17
dart,16
all,16
but,16
behaviors,16
rose,16
differences,15
projectile,15
correlation,15
individual,15
evolutionary,15
bow,14
our,14
total,13
mm,13
site,13
because,13
data,13
light,13
both,13
spring,13
attributes,13
c,13
e,12
m,12
darwinian,12
between,12
sample,11
one,11
en,11
r,11
archaeology,11
about,11
individuals,11
la,11
bettinger,10
such,10
may,10
or,10
department,10
new,10
where,10
were,10
spread,10
thomas,10
they,9
those,9
behavior,9
guided,9
how,9
was,9
indirect,9
same,9
time,9
less,9
variation,9
processes,9
would,9
percent,9
anthropological,9
through,9
ca,9
survey,8
there,8
n,8
puntas,8
sites,8
forces,8
nv,8
pp,8
only,8
antiquity,8
acquired,8
fitness,8
report,8
using,8
western,7
j,7
i,7
has,7
gm,7
some,7
across,7
their,7
evolution,7
genes,7
distinguish,7
correctly,7
reports,7
regional,7
forms,7
do,7
correlated,7
can,7
owens,7
why,7
types,7
valley,7
does,6
way,6
various,6
suggesting,6
genetic,6
eerkens,6
baumhoff,6
general,6
mean,6
white,6
just,6
age,6
experimentation,6
used,6
inyo,6
consistently,6
research,6
an,6
biological,6
edited,6
culture,6
al,6
model,6
use,6
so,6
length,6
heavy,6
highly,6
resharpening,6
suggests,6
much,6
lanning,6
hypothesis,6
groups,5
introduction,5
complex,5
situation,5
bias,5
std,5
might,5
case,5
design,5
identification,5
l,5
frequently,5
could,5
during,5
et,5
subsequently,5
likely,5
modes,5
many,5
also,5
larger,5
perhaps,5
mcguire,5
dating,5
maintenance,5
times,5
especially,5
often,5
delacorte,5
obsidian,5
relative,5
been,5
who,5
success,5
ash,5
paper,5
stratigraphic,5
what,5
heizer,5
whether,5
tipologia,5
maintained,5
contract,5
classification,5
maximum,5
should,5
widebased,4
mountains,4
position,4
yohe,4
t,4
shoulder,4
hunting,4
reproduction,4
date,4
robert,4
classified,4
el,4
papers,4
sexual,4
indirectly,4
replacement,4
possible,4
basgall,4
human,4
excavations,4
learning,4
shott,4
y,4
mechanisms,4
york,4
without,4
basic,4
parts,4
biased,4
cornernotched,4
incorrectly,4
commonly,4
surface,4
eastgate,4
uses,4
prehistoric,4
p,4
younger,4
explain,4
criteria,4
its,4
predicts,4
change,4
correct,4
hence,4
provided,4
will,4
morphology,4
cutoff,4
under,4
specimens,4
certainly,4
see,4
angle,4
submitted,4
chosen,4
function,4
clewlow,4
strongly,4
variable,4
series,4
measurements,4
here,4
natural,4
anthropology,4
seem,4
appendix,4
them,4
form,4
ones,4
size,4
must,4
given,4
models,4
difference,4
mode,4
common,3
group,3
large,3
tend,3
ma,3
classifies,3
source,3
hydration,3
contexts,3
davis,3
humans,3
seems,3
reveal,3
bases,3
conflict,3
thus,3
due,3
tables,3
sacramento,3
unpublished,3
relatively,3
regarded,3
jr,3
giambastiani,3
elements,3
journal,3
reflects,3
developed,3
district,3
process,3
b,3
space,3
support,3
modified,3
affect,3
possibly,3
coefficients,3
w,3
riverside,3
superior,3
important,3
suggested,3
identifying,3
combinations,3
out,3
population,3
boyd,3
cannot,3
record,3
los,3
significantly,3
older,3
craftsmen,3
successful,3
uncorrelated,3
long,3
around,3
presence,3
essentially,3
weigh,3
f,3
nearly,3
above,3
southern,3
museum,3
makes,3
us,3
complete,3
really,3
estdn,3
patterns,3
number,3
local,3
original,3
discussion,3
thickness,3
variables,3
shelter,3
held,3
k,3
alpine,3
sometimes,3
figure,3
widths,3
proyectil,3
metrical,3
any,3
following,3
version,3
peoples,3
demonstrate,3
over,3
attribute,3
argue,3
clearly,3
far,3
atlatl,3
las,3
theory,3
while,3
produce,3
almost,3
emphasis,3
neck,3
variability,3
think,3
prepared,3
conditions,3
d,3
measured,3
potential,3
vary,3
little,3
north,3
observed,3
numic,3
axial,3
difficult,2
cw,2
correlations,2
ancho,2
measurable,2
identify,2
designed,2
stone,2
algunas,2
ways,2
h,2
classify,2
into,2
predicting,2
lower,2
came,2
archaeologists,2
explaining,2
specifically,2
jackson,2
disagreement,2
distinguishing,2
implications,2
rhode,2
s,2
deemed,2
somewhat,2
within,2
filtering,2
akin,2
evaluation,2
anchas,2
capable,2
functions,2
richerson,2
misclassifies,2
throughout,2
persist,2
relationships,2
development,2
since,2
g,2
application,2
farwestern,2
expected,2
distinct,2
adopted,2
causing,2
modifying,2
dates,2
publications,2
details,2
rates,2
poorly,2
act,2
rather,2
opportunity,2
connected,2
similar,2
importance,2
study,2
understand,2
sorts,2
linked,2
elsewhere,2
prevent,2
most,2
commented,2
recovered,2
follow,2
beyond,2
generally,2
terminology,2
greater,2
raw,2
had,2
result,2
fitted,2
appearance,2
rl,2
chipped,2
resharpened,2
generalmente,2
further,2
occupation,2
thearchaeology,2
something,2
directly,2
makers,2
asexual,2
county,2
differ,2
part,2
knowledge,2
related,2
test,2
whole,2
fit,2
partly,2
systematic,2
own,2
regions,2
oriental,2
caused,2
below,2
unexpected,2
suggest,2
darts,2
contrast,2
byrne,2
quite,2
characteristics,2
widely,2
always,2
annual,2
when,2
resource,2
notes,2
society,2
barbara,2
reduction,2
churchill,2
matter,2
myriad,2
identified,2
incorrect,2
overall,2
excessive,2
description,2
constraints,2
selection,2
single,2
competition,2
springs,2
reference,2
boundary,2
noted,2
typed,2
useful,2
arco,2
suit,2
others,2
similarly,2
lighter,2
lack,2
fundamental,2
agree,2
layer,2
distal,2
anthropologist,2
learn,2
accepted,2
unclear,2
yflecha,2
jelmer,2
ligeras,2
clasificadas,2
disagree,2
including,2
ethnology,2
samples,2
largely,2
emphasize,2
actual,2
mds,2
clear,2
three,2
agreement,2
high,2
variance,2
obtained,2
after,2
latter,2
trying,2
narrow,2
acquire,2
hunters,2
tendency,2
copying,2
species,2
separate,2
abundance,2
science,2
trait,2
analysis,2
heavily,2
stable,2
quantitative,2
foreshaft,2
proficiency,2
simply,2
darwin,2
set,2
skinner,2
equivocamente,2
benefit,2
gatecliff,2
merely,2
phd,2
according,2
investigation,2
references,2
cause,2
independently,2
passed,2
problem,2
argued,2
require,2
discriminant,2
marking,2
occasionally,2
multiple,2
despite,2
role,2
transition,2
unitary,2
phenomenon,2
proximal,2
question,2
argument,2
editor,2
unexpectedly,2
arrows,2
include,2
land,2
evidence,2
derive,2
desert,2
summary,2
specific,2
requires,2
chicago,2
substantial,2
develop,2
immediately,2
dos,2
doing,2
jw,2
major,2
final,1
go,1
supremely,1
now,1
weighed,1
produces,1
o,1
deny,1
trast,1
alpinevillages,1
evaluations,1
estimated,1
if,1
ainsworth,1
asymmetric,1
stood,1
functional,1
affected,1
environmental,1
madsen,1
poorer,1
notably,1
manuscript,1
carpathia,1
tienen,1
linguistic,1
expect,1
center,1
burton,1
thicknes,1
mike,1
kinds,1
second,1
postdate,1
each,1
contend,1
easily,1
rediscover,1
notched,1
modern,1
genius,1
tecnologia,1
predictor,1
character,1
dg,1
history,1
occurred,1
individually,1
observing,1
before,1
mdspequefiaspero,1
lowlands,1
revision,1
nonetheless,1
closely,1
contel,1
highlight,1
said,1
first,1
consistent,1
december,1
permit,1
sources,1
distinguir,1
localities,1
experimented,1
originally,1
ii,1
taken,1
rapid,1
fragmentary,1
experiments,1
reevaluation,1
confirmed,1
possibilities,1
reach,1
archaeologically,1
knowing,1
stratigraphically,1
broken,1
together,1
accompanied,1
insulates,1
typological,1
timing,1
potentially,1
analyses,1
exotic,1
producing,1
theoiy,1
sometime,1
closer,1
disconnects,1
real,1
subsequent,1
inadvertently,1
achieved,1
failures,1
sawmill,1
respond,1
precisely,1
advantages,1
asexually,1
hoy,1
cuenca,1
tragedy,1
similarities,1
weighing,1
traits,1
uniformitarian,1
con,1
takes,1
narrower,1
catastrophes,1
estrechas,1
owing,1
key,1
prone,1
shafts,1
byyohe,1
america,1
right,1
jack,1
account,1
vol,1
occupying,1
implies,1
determined,1
activity,1
tracing,1
restraints,1
appendices,1
anatomically,1
october,1
obvious,1
occurring,1
desired,1
say,1
except,1
very,1
classifications,1
cited,1
establishes,1
excepcion,1
bouscaren,1
whtek,1
prevented,1
grantham,1
succeed,1
regarding,1
phase,1
subsume,1
differential,1
acuerdo,1
que,1
reverse,1
explained,1
suifacearchaeology,1
barton,1
illustrates,1
corner,1
cooperate,1
intact,1
reproduced,1
resist,1
relations,1
ern,1
santa,1
mating,1
occurs,1
pm,1
uniformity,1
conducted,1
convention,1
ability,1
extensively,1
estimates,1
cases,1
nor,1
perspective,1
uniformly,1
relacionados,1
empleada,1
lisa,1
revised,1
even,1
numna,1
communication,1
tentatively,1
inamericanarchaeology,1
cooperative,1
competitive,1
error,1
arrowspread,1
mechanism,1
perfect,1
higher,1
interesting,1
simultaneously,1
weapon,1
recognized,1
whose,1
camp,1
performance,1
main,1
arising,1
behaviorally,1
debated,1
localidades,1
adapt,1
refleja,1
narrowand,1
explicit,1
precluded,1
una,1
unique,1
drea,1
environments,1
js,1
earlier,1
se,1
certain,1
direct,1
contributions,1
signatures,1
creek,1
consequences,1
surfacearchaeology,1
means,1
experimenting,1
wagon,1
changes,1
perpetuation,1
facilitated,1
marks,1
organization,1
survery,1
statistical,1
familiar,1
dated,1
unimportant,1
donde,1
imitation,1
asignificantly,1
differs,1
variabilidad,1
too,1
show,1
max,1
prima,1
powerful,1
atlatlpor,1
lumps,1
consequence,1
neither,1
atest,1
utah,1
plenum,1
instantaneously,1
utiliza,1
helped,1
strategy,1
view,1
dc,1
thrust,1
estos,1
hafted,1
distribution,1
based,1
cynthia,1
whom,1
opposition,1
found,1
strength,1
access,1
deal,1
international,1
facilitate,1
pass,1
intermediary,1
depletion,1
workable,1
base,1
late,1
handbook,1
companion,1
comernotched,1
valleya,1
informed,1
shall,1
buried,1
hacia,1
residential,1
moore,1
separates,1
wellt,1
otherwise,1
required,1
ces,1
premise,1
acknowledgments,1
package,1
deformaparecida,1
possibility,1
polygamous,1
failure,1
shape,1
unequal,1
trial,1
basis,1
atbajada,1
clarke,1
work,1
optimize,1
received,1
materia,1
ideal,1
del,1
reader,1
devising,1
example,1
ofcaliforniaarchaeological,1
disconnection,1
faithfully,1
null,1
routinely,1
elizabeth,1
californiasanta,1
got,1
sexually,1
q,1
fail,1
demonstrates,1
contains,1
records,1
actually,1
stimulate,1
personal,1
gear,1
reflect,1
surrounding,1
employed,1
showing,1
artifact,1
predictive,1
universally,1
tamafio,1
transmit,1
attributed,1
count,1
approach,1
manipulation,1
causal,1
monogamous,1
commons,1
normally,1
sense,1
presented,1
field,1
fork,1
andadditional,1
applicability,1
homogenous,1
unidos,1
nearlone,1
excavation,1
sake,1
involved,1
several,1
spanish,1
leaves,1
accomplished,1
concerns,1
smithsonian,1
lynne,1
revealing,1
components,1
misread,1
observe,1
choosing,1
villages,1
concur,1
impossible,1
world,1
value,1
rest,1
pinyon,1
contacted,1
cite,1
transforming,1
south,1
critical,1
debido,1
happen,1
horizons,1
he,1
units,1
scarce,1
investigating,1
request,1
minor,1
observations,1
variety,1
materials,1
summarize,1
bringing,1
populations,1
separation,1
short,1
brian,1
labeled,1
expansion,1
easttable,1
play,1
successes,1
brief,1
etc,1
still,1
make,1
initially,1
movement,1
suppose,1
tends,1
relationship,1
omits,1
frank,1
metric,1
coherence,1
duplicate,1
relied,1
yet,1
examined,1
represents,1
read,1
marginal,1
serve,1
detectable,1
continuity,1
formally,1
chronology,1
selective,1
thesis,1
index,1
compiled,1
acting,1
breakage,1
baxter,1
watson,1
ethnographic,1
ed,1
hay,1
illustrated,1
unusually,1
reliance,1
inheritance,1
stones,1
comparably,1
culturales,1
provide,1
stronger,1
again,1
locating,1
mono,1
shows,1
idea,1
marker,1
evolutionaqy,1
abstract,1
complexbettinger,1
linchpin,1
somewhere,1
ecm,1
happenstance,1
inherently,1
identical,1
diameter,1
serious,1
reproductive,1
outside,1
reasonable,1
procesos,1
thank,1
road,1
unit,1
existing,1
strategies,1
eg,1
material,1
paired,1
native,1
cautioning,1
exceeds,1
frequency,1
gives,1
darwhin,1
casting,1
degree,1
interpreting,1
imagine,1
rj,1
virtually,1
fundamentally,1
jd,1
extended,1
easier,1
organisms,1
range,1
bear,1
values,1
restrained,1
discrimination,1
formal,1
probablamente,1
lake,1
diferencias,1
advent,1
increase,1
contacts,1
tenets,1
findings,1
varying,1
host,1
entirely,1
significant,1
ommitted,1
assumption,1
substantially,1
assume,1
nothing,1
previous,1
specimen,1
trade,1
phenomenonthat,1
restraint,1
publication,1
autosomal,1
clue,1
interpret,1
august,1
organism,1
misperception,1
characterized,1
reviewers,1
pointsfrom,1
fellow,1
him,1
easter,1
interacted,1
standard,1
intrinsic,1
ep,1
ap,1
unambiguous,1
discarded,1
problems,1
outcomes,1
nicely,1
relation,1
composite,1
coman,1
mainly,1
effect,1
probably,1
estados,1
story,1
southwest,1
copyright,1
accord,1
evaluated,1
adaptive,1
basically,1
recurring,1
thebettinger,1
propose,1
hope,1
applies,1
gilreath,1
metrics,1
hunt,1
grandes,1
asking,1
unstable,1
suggestion,1
twelve,1
relying,1
esta,1
para,1
imply,1
dual,1
today,1
note,1
bureau,1
ypologies,1
evolve,1
inhabitants,1
usually,1
antes,1
suspected,1
crick,1
inside,1
recognizes,1
slow,1
disagreements,1
distinguirpuntas,1
directions,1
collections,1
force,1
ofthe,1
elpesopara,1
markers,1
thirteen,1
rapidly,1
methods,1
fall,1
achieve,1
jf,1
ing,1
bypass,1
supporting,1
aboriginal,1
itself,1
susan,1
immensely,1
suggestions,1
magnitude,1
then,1
counterintuitive,1
conclusion,1
changing,1
pointless,1
circumstances,1
predictions,1
extensive,1
detect,1
implied,1
temporal,1
ranch,1
subsiguiente,1
anaheim,1
alternative,1
estas,1
gran,1
archaeologicalresour,1
quickly,1
know,1
dimension,1
unavailable,1
lafalta,1
cultures,1
formalize,1
faulty,1
worth,1
novel,1
considera,1
did,1
pragmatic,1
straightforward,1
constructions,1
universal,1
current,1
returns,1
readapt,1
exploiting,1
reproduces,1
reflected,1
differed,1
ramos,1
crater,1
works,1
better,1
unlikely,1
explanations,1
transmitted,1
telling,1
volcanic,1
want,1
particular,1
proven,1
map,1
interval,1
adaptation,1
extent,1
weights,1
minimal,1
virginia,1
workand,1
unnoticed,1
tephra,1
gradualism,1
level,1
son,1
recognition,1
proficient,1
city,1
practices,1
press,1
became,1
endlessly,1
subject,1
tried,1
matches,1
results,1
foreshafts,1
summarizes,1
indebted,1
nevadabettinger,1
contrasts,1
shown,1
sistemas,1
drafts,1
ignored,1
genetically,1
decrease,1
mantenimiento,1
piecemeal,1
wish,1
warsaw,1
offer,1
applicable,1
approximately,1
instead,1
salt,1
socially,1
need,1
algorithms,1
smaller,1
involving,1
evolutionaiy,1
serendipitous,1
piece,1
defined,1
attempted,1
evalluation,1
remains,1
aieta,1
twentythree,1
roughly,1
comparison,1
needs,1
supported,1
attending,1
km,1
themselves,1
succeeded,1
contrasting,1
debate,1
early,1
entire,1
df,1
re,1
berkeleybettinger,1
strong,1
proceso,1
previously,1
meeting,1
termed,1
close,1
