WORDCOUNTS,WEIGHT
the,747
of,509
and,340
in,279
a,165
to,162
that,149
mound,137
chaco,110
for,99
at,92
is,87
by,86
from,82
new,80
pueblo,79
alto,79
were,78
was,77
as,75
with,56
construction,52
bonito,49
ritual,48
mounds,46
or,44
mexico,44
not,43
great,41
but,41
on,41
be,41
it,39
j,39
layers,37
are,36
no,35
these,34
this,32
university,30
ceramic,30
an,29
have,29
been,28
canyon,27
during,27
layer,27
h,26
m,26
american,24
other,24
house,24
data,24
deposits,24
which,24
national,24
building,24
debris,23
large,23
park,23
edited,23
pp,23
number,23
d,23
trash,22
than,22
architecture,22
more,21
sherd,21
stratigraphic,21
formation,21
between,21
vessels,20
some,19
phase,19
trench,19
material,19
houses,19
excavation,18
i,18
w,18
whole,18
depositional,18
chacoan,18
evidence,18
ad,17
most,17
water,17
toll,17
estimated,16
such,16
sediment,16
may,16
l,16
project,16
mesa,16
same,16
archaeological,16
walls,15
their,15
events,15
only,15
mckenna,15
has,15
north,15
plaza,14
had,14
t,14
least,14
archeology,14
adobe,14
windes,14
features,14
lekson,14
one,13
pots,13
all,13
s,13
publications,13
b,13
surface,13
et,13
judd,13
about,13
architectural,13
would,13
any,13
associated,13
wall,13
although,13
c,13
they,12
east,12
de,12
santa,12
cultural,12
al,12
two,12
volume,12
model,12
figure,12
archaeology,12
antiquity,12
did,12
entire,12
red,11
there,11
amount,11
projected,11
because,11
field,11
small,11
south,11
likely,11
single,11
built,11
if,10
e,10
also,10
might,10
room,10
activity,10
rather,10
occupation,10
produced,10
sites,10
r,10
used,10
f,10
therefore,10
top,10
processes,10
probably,10
indicate,10
considered,10
sherds,10
broken,9
along,9
gallup,9
throughout,9
g,9
profile,9
jars,9
albuquerque,9
residential,9
excavated,9
portions,9
many,9
time,9
less,9
amounts,9
rim,9
extensive,9
while,9
vessel,9
counts,9
household,9
designed,8
columns,8
into,8
p,8
excavations,8
stein,8
n,8
argued,8
could,8
six,8
cannot,8
artifact,8
activities,8
critical,8
units,8
museum,8
noted,8
feasting,8
sebastian,8
assemblage,8
percent,8
atnd,8
length,8
anthropological,8
seasonal,8
both,8
through,8
per,7
source,7
production,7
political,7
papers,7
eastern,7
sand,7
century,7
ceramics,7
weight,7
aniasazi,7
site,7
growth,7
process,7
similar,7
anid,7
observations,7
found,7
population,7
part,7
its,7
intentionally,7
several,7
research,7
portion,7
service,7
community,7
communal,7
judge,7
samples,7
so,7
can,7
destruction,7
analysis,7
alternative,7
each,7
different,7
sampling,7
what,7
size,7
sediments,7
smaller,7
recent,7
major,7
difficult,6
total,6
before,6
first,6
sacred,6
recorded,6
high,6
una,6
warren,6
result,6
based,6
aspects,6
suggest,6
smithsonian,6
notes,6
ceremonial,6
located,6
department,6
anasazi,6
clear,6
function,6
households,6
interpretations,6
we,6
primarily,6
very,6
destroyed,6
among,6
rate,5
common,5
center,5
accumulation,5
archaeologists,5
sources,5
seems,5
system,5
vol,5
quantities,5
possible,5
obvious,5
point,5
since,5
continuous,5
even,5
york,5
represented,5
mathien,5
record,5
recovered,5
important,5
dc,5
distribution,5
prehistoric,5
faunal,5
rooms,5
los,5
change,5
boundaries,5
annual,5
provided,5
span,5
absence,5
regionial,5
overall,5
southern,5
relationship,5
social,5
variation,5
forms,5
outside,5
where,5
vivian,5
staging,5
eleventh,5
individual,5
vida,5
earlier,5
southwest,5
hungo,5
la,5
jar,5
contained,5
masonry,5
inference,5
chetro,5
according,5
whether,5
suggests,5
simply,5
much,5
argument,5
approximately,5
consumption,5
americani,5
remains,5
early,5
deposition,5
does,4
now,4
o,4
created,4
represent,4
group,4
complex,4
formed,4
occurred,4
my,4
within,4
remodeling,4
side,4
account,4
prior,4
stratigraphy,4
except,4
quantity,4
beneath,4
explanatory,4
estimating,4
dynamics,4
due,4
relatively,4
conducted,4
sample,4
estimates,4
dean,4
highest,4
dates,4
estimate,4
journal,4
rates,4
without,4
his,4
eight,4
numbers,4
four,4
intentional,4
discrete,4
initial,4
late,4
density,4
block,4
method,4
work,4
cleaning,4
revealed,4
inferences,4
partly,4
approach,4
refuse,4
involved,4
maxwell,4
massive,4
society,4
will,4
he,4
identified,4
religious,4
yet,4
breakage,4
regional,4
strata,4
rock,4
larger,4
surfaces,4
v,4
present,4
strategies,4
perhaps,4
explicitly,4
including,4
entirely,4
use,4
assumption,4
roberts,4
significance,4
three,4
especially,4
problems,4
k,4
occupied,4
space,4
tests,4
regular,4
five,4
who,4
then,4
series,4
conclusion,4
cm,4
half,4
domestic,4
phd,4
making,4
produce,4
almost,4
episode,4
ritually,4
content,4
variability,4
models,4
pavi,4
stratification,4
defined,4
area,4
investigationis,4
silt,3
mostly,3
later,3
enclosing,3
terminated,3
modern,3
history,3
descriptions,3
test,3
either,3
reconstructions,3
meters,3
nature,3
wooden,3
origin,3
mills,3
resulting,3
kantner,3
case,3
moisture,3
volumne,3
west,3
thus,3
development,3
quality,3
village,3
unpublished,3
corner,3
nelson,3
elements,3
geological,3
apparently,3
grid,3
across,3
after,3
study,3
cooking,3
architectute,3
support,3
old,3
prehistory,3
organization,3
intensive,3
section,3
proposed,3
capping,3
painted,3
strategy,3
suggested,3
basin,3
extraordinary,3
midden,3
issue,3
relation,3
base,3
evaluate,3
meter,3
buried,3
appears,3
ford,3
pollen,3
information,3
well,3
having,3
basis,3
line,3
unexcavated,3
inferred,3
contexts,3
significantly,3
place,3
kiva,3
collective,3
people,3
actually,3
employed,3
attributed,3
redistribution,3
below,3
buildings,3
saitta,3
characteristics,3
when,3
up,3
exterior,3
variety,3
nearly,3
reconstruction,3
make,3
indicates,3
accumulations,3
roads,3
percentage,3
once,3
thought,3
ani,3
reports,3
compaction,3
projects,3
emplacement,3
scholars,3
firepits,3
trips,3
gray,3
simple,3
ought,3
patterns,3
adjacent,3
do,3
ground,3
suifaces,3
locations,3
another,3
local,3
original,3
demonstrated,3
discussion,3
made,3
formal,3
described,3
causal,3
plant,3
collected,3
obtained,3
date,3
narrow,3
structure,3
figures,3
assigned,3
she,3
provide,3
bulk,3
anitiquity,3
life,3
often,3
types,3
morrow,3
middens,3
deposited,3
following,3
extending,3
slope,3
physical,3
trenches,3
column,3
colorado,3
kirkby,3
natural,3
facing,3
paper,3
seem,3
believe,3
best,3
appendix,3
foundation,3
particularly,3
basket,3
loads,3
distinctive,3
liters,3
unlikely,3
spatial,3
form,3
axis,3
huge,3
chronometric,3
transport,3
multiple,3
reported,3
think,3
varied,3
webb,3
observed,3
assemblages,3
land,3
earthen,3
comparison,3
summnnaty,3
text,3
substantial,3
given,3
duration,3
should,3
ca,3
arizona,3
doyel,2
horizontal,2
way,2
akins,2
generated,2
groups,2
imported,2
designated,2
functional,2
extend,2
voluume,2
episodes,2
resulted,2
utility,2
planntzinig,2
stone,2
true,2
inconsistent,2
studies,2
supervised,2
reasonably,2
position,2
western,2
necessarily,2
laid,2
file,2
hopi,2
barriers,2
certainly,2
connection,2
originally,2
disturbance,2
meaning,2
height,2
suggesting,2
daily,2
accumulated,2
analyses,2
composition,2
subsequent,2
inferring,2
emphasized,2
regression,2
staff,2
platforms,2
ambiguous,2
context,2
debitage,2
nagel,2
depends,2
suspect,2
dr,2
plain,2
plausible,2
platform,2
task,2
mass,2
tenth,2
design,2
felt,2
marked,2
compelling,2
reaching,2
functions,2
cited,2
bowls,2
undoubtedly,2
measurement,2
labor,2
human,2
central,2
issues,2
que,2
pockets,2
ncationial,2
mixed,2
capped,2
tucson,2
geometry,2
big,2
turn,2
cases,2
distinct,2
developments,2
convincing,2
wares,2
y,2
evidencia,2
leadership,2
acknowledge,2
overestimated,2
recognized,2
main,2
absent,2
developed,2
dry,2
en,2
unit,2
explicit,2
mean,2
particle,2
excavators,2
proportion,2
boniito,2
se,2
derived,2
ongoing,2
overlooked,2
miscellaneous,2
periodic,2
wash,2
exceptional,2
reason,2
changes,2
les,2
established,2
organized,2
dated,2
presumed,2
resource,2
additional,2
lithic,2
origins,2
banning,2
greater,2
skewed,2
concentration,2
public,2
scienice,2
scale,2
placed,2
explain,2
wide,2
overlying,2
tops,2
brought,2
heavily,2
example,2
apparent,2
patterning,2
confirms,2
excessive,2
older,2
structures,2
prehistoty,2
bishop,2
away,2
floors,2
uniqueness,2
earth,2
mahoney,2
indicator,2
tom,2
order,2
covaried,2
around,2
intervals,2
mixing,2
impossible,2
always,2
majority,2
penasco,2
envelope,2
cycle,2
windblown,2
pot,2
moved,2
digging,2
barbara,2
pilgrims,2
san,2
logistical,2
cosmological,2
action,2
economic,2
indicative,2
indeed,2
limited,2
bis,2
chacoatn,2
pile,2
builders,2
initially,2
southeast,2
rectangle,2
interpretation,2
represents,2
demolition,2
boundary,2
rituial,2
cyclic,2
boonito,2
steve,2
reliance,2
frameworks,2
suzanne,2
walled,2
laterally,2
convocations,2
ketl,2
toward,2
traffic,2
efforts,2
shows,2
lack,2
areas,2
pressure,2
coltelates,2
end,2
identical,2
considerable,2
minimize,2
conistr,2
channel,2
took,2
everyday,2
accepted,2
relevant,2
see,2
leveling,2
deep,2
bracing,2
interpreted,2
able,2
explanation,2
range,2
active,2
intencional,2
thickness,2
enormous,2
significant,2
intermittent,2
additions,2
refers,2
anld,2
survey,2
rejected,2
low,2
discovered,2
feature,2
decorated,2
like,2
flood,2
masoniy,2
direct,2
accurate,2
wills,2
those,2
relative,2
inivestigationis,2
widely,2
species,2
decision,2
consumed,2
carried,2
indication,2
buffering,2
median,2
modification,2
me,2
fairly,2
continued,2
testing,2
colleagues,2
deposit,2
juan,2
sequences,2
rapidly,2
sheer,2
efficiency,2
extremely,2
chen,2
earliest,2
pepper,2
environment,2
variable,2
aeolian,2
calendrical,2
conjunction,2
laminated,2
adjoining,2
symbolic,2
known,2
concluded,2
byproduct,2
temporal,2
rubenstein,2
over,2
control,2
specialized,2
downslope,2
higher,2
down,2
current,2
historical,2
past,2
just,2
type,2
evident,2
carefully,2
supports,2
character,2
agricultural,2
temporally,2
problem,2
densities,2
thousands,2
researchers,2
presented,2
gatherings,2
analyzed,2
kin,2
role,2
everywhere,2
phenomenon,2
contrasts,2
prepared,2
analysts,2
difference,2
reveals,2
cambridge,2
illinois,2
contributed,2
instead,2
define,2
constructed,2
involving,2
measured,2
enclosure,2
shift,2
aggregated,2
summary,2
specific,2
removed,2
assumed,2
km,2
consisted,2
chicago,2
abandoned,2
immediately,2
strong,2
zones,2
occur,2
dip,1
frequent,1
empxacement,1
occulted,1
currently,1
coltesponds,1
obligations,1
edge,1
stuart,1
concerned,1
inaccurate,1
raab,1
roney,1
altamira,1
dug,1
fase,1
go,1
influxes,1
market,1
environmental,1
floodwaters,1
college,1
determine,1
overstated,1
fences,1
intriguing,1
extends,1
caches,1
mundane,1
differentiating,1
manuscript,1
passing,1
expect,1
contemporaneous,1
needs,1
ludicrous,1
needed,1
speculated,1
rick,1
offerings,1
criticality,1
drawings,1
htlrelayers,1
costelate,1
managing,1
dump,1
mechaniization,1
easily,1
mit,1
recenit,1
candidate,1
predating,1
boulder,1
hovw,1
decade,1
abrams,1
lyresettri,1
saile,1
indica,1
continluity,1
unlike,1
journial,1
tells,1
cornell,1
nineteenth,1
something,1
coimmunities,1
track,1
subsistenice,1
corresponding,1
bark,1
pag,1
leads,1
par,1
cutting,1
experience,1
fluctuations,1
lower,1
came,1
consistent,1
compression,1
mayisicatethtthrei,1
piles,1
defeated,1
stressed,1
lateral,1
reuniones,1
dense,1
long,1
constituting,1
walnut,1
creation,1
localities,1
ways,1
inconceivable,1
exclusive,1
welter,1
controlled,1
evolution,1
give,1
attempts,1
taken,1
symmetrical,1
concentrated,1
kilometers,1
plateau,1
utilization,1
cathy,1
emerged,1
detalles,1
mcaya,1
possibilities,1
principles,1
retaining,1
route,1
twenty,1
secondary,1
accommodate,1
blown,1
assertion,1
dismayed,1
flotation,1
reasons,1
thank,1
gradual,1
whatever,1
producing,1
conmmuniity,1
theoiy,1
inherent,1
nondescript,1
transporting,1
erswt,1
reveal,1
entered,1
braced,1
ceremonies,1
cultute,1
hunting,1
illiniois,1
unto,1
juniper,1
copious,1
primaiy,1
creacion,1
last,1
faithful,1
state,1
improving,1
ceeremonias,1
containment,1
investigations,1
heating,1
coordinated,1
scenario,1
reading,1
befote,1
geoatrchaeology,1
interpretados,1
el,1
similarities,1
corroborating,1
organiizationianid,1
cut,1
effigy,1
tallies,1
occasional,1
generosity,1
milner,1
sophisticated,1
correlated,1
linear,1
courtesy,1
hr,1
pait,1
bases,1
cani,1
planetary,1
rests,1
cu,1
journsal,1
replacement,1
recommended,1
dismantling,1
ornanmenits,1
prehispanic,1
soils,1
flatten,1
mong,1
solely,1
terminus,1
greene,1
insight,1
occupy,1
flank,1
ovens,1
calculated,1
occurring,1
notations,1
combination,1
conceptual,1
reflecting,1
decoding,1
far,1
cautious,1
indicating,1
uncertain,1
circumlocution,1
grading,1
interior,1
considerably,1
correlation,1
historic,1
economies,1
mesoamerican,1
eroded,1
extramural,1
mealing,1
collection,1
evaluating,1
attract,1
diversity,1
surplus,1
framework,1
exposed,1
tons,1
gravity,1
neutron,1
cities,1
typological,1
dependence,1
southwestern,1
reused,1
explained,1
converged,1
showers,1
author,1
every,1
characteristic,1
ability,1
scienlces,1
reconstructable,1
discerning,1
cf,1
jr,1
negate,1
ccahokia,1
usda,1
expected,1
comprised,1
spans,1
kind,1
summarizing,1
leading,1
wendy,1
juatn,1
defense,1
items,1
better,1
canal,1
mcanaagemenit,1
leine,1
partictular,1
causing,1
encompass,1
simplest,1
response,1
difficulty,1
byrd,1
bustard,1
extrapolate,1
suitable,1
bone,1
left,1
third,1
factudensityglo,1
witnessed,1
intentionail,1
reassesing,1
mechanical,1
tral,1
rosen,1
archaeologist,1
tim,1
inconvenient,1
sin,1
look,1
waterways,1
boom,1
thsmyidctoha,1
maize,1
wet,1
dependen,1
general,1
hardly,1
influence,1
competitive,1
lastly,1
error,1
weathering,1
construccion,1
phases,1
ceremoniales,1
lesser,1
failed,1
ers,1
downwind,1
steps,1
foot,1
fort,1
retainers,1
plueblo,1
theoty,1
essential,1
veiy,1
ackniowlecdgmenits,1
identification,1
critica,1
bring,1
estan,1
smithsonlianl,1
influenced,1
remain,1
illustration,1
indianis,1
abundance,1
sort,1
joan,1
evaluation,1
levels,1
preparing,1
oqganiizationi,1
notion,1
subsistence,1
probability,1
thing,1
certain,1
accumulate,1
leave,1
ejemplo,1
parts,1
serial,1
bryan,1
assuming,1
generating,1
matched,1
distant,1
wor,1
eventsby,1
arbor,1
factors,1
plog,1
etwvirotnmenit,1
characterizes,1
layering,1
nor,1
reconceptualization,1
facilitated,1
affect,1
marks,1
consider,1
possibly,1
occupational,1
ceremonialisn,1
pertinent,1
obdurate,1
fish,1
presumably,1
linked,1
jacks,1
weather,1
completion,1
recienites,1
exploratory,1
frequently,1
periodically,1
oni,1
treering,1
show,1
acknowledges,1
experienced,1
horizontally,1
ofthearchaeological,1
piehistoric,1
follow,1
followed,1
steeper,1
discarded,1
comparisons,1
comprising,1
testament,1
piehispalnic,1
neitzel,1
portrays,1
delays,1
dominant,1
helped,1
aniasaziarchitecture,1
sher,1
drawing,1
retirement,1
view,1
appear,1
trajectories,1
squeeze,1
estos,1
charcoal,1
whereas,1
trenched,1
liquids,1
ou,1
diseno,1
priori,1
affiliated,1
scienitific,1
location,1
initiated,1
carrying,1
plot,1
called,1
color,1
critically,1
access,1
combinations,1
cylinder,1
lived,1
loyr,1
austin,1
primacy,1
requirements,1
schelberg,1
gieat,1
amer,1
percentages,1
monticulos,1
im,1
representative,1
mcgrawhill,1
congregations,1
academic,1
further,1
understood,1
though,1
focused,1
internatiotnal,1
mainly,1
michigan,1
buikstra,1
nohiggregsatelo,1
indirect,1
interruption,1
viewed,1
neither,1
persons,1
formationi,1
denidrichronology,1
fisicos,1
excellent,1
monograph,1
unconvincing,1
contiguous,1
yellowish,1
required,1
facilities,1
moullnd,1
hues,1
industrious,1
encroachment,1
possibility,1
criteria,1
technical,1
hillslope,1
globally,1
lom,1
strot,1
none,1
storage,1
participation,1
distinguish,1
future,1
accounting,1
attenuation,1
ales,1
fragmented,1
scienices,1
sagrada,1
received,1
ditches,1
carry,1
del,1
backhoe,1
nearest,1
unless,1
london,1
drew,1
orifice,1
wasting,1
knowledge,1
related,1
nation,1
multiplied,1
marketplace,1
periodicity,1
geology,1
texture,1
dozens,1
year,1
refiere,1
realm,1
gave,1
fit,1
millions,1
northwest,1
obscured,1
broad,1
streams,1
densely,1
aztec,1
chacoaniasazi,1
arizcona,1
coimmnunlity,1
details,1
aind,1
transported,1
materialization,1
mathematical,1
cuales,1
ruinis,1
reflect,1
correlate,1
cubic,1
il,1
tendency,1
showing,1
durand,1
unjustified,1
own,1
thanks,1
count,1
sampled,1
preceded,1
gateway,1
good,1
published,1
creating,1
broadcast,1
nels,1
punctuated,1
glob,1
useful,1
iltegular,1
peterson,1
questionable,1
reinforces,1
reliable,1
subjective,1
indicators,1
warrant,1
dillehay,1
unsupported,1
piehistor,1
diagnostic,1
arbitrary,1
coinmuniity,1
spanish,1
sufficient,1
shapes,1
few,1
concerns,1
lynne,1
este,1
grow,1
executed,1
nials,1
facility,1
dramatic,1
massachusetts,1
distinguished,1
alluvial,1
patience,1
jordan,1
artifacctual,1
purpose,1
productivity,1
filling,1
projections,1
world,1
benchmarks,1
distinguishing,1
unfiactor,1
buildiig,1
figre,1
florida,1
weigh,1
kampsville,1
preliminary,1
stratificaton,1
countst,1
unavida,1
clumps,1
seemed,1
avoid,1
greg,1
pope,1
periods,1
mess,1
activation,1
bernadini,1
challenge,1
situation,1
varien,1
forceremonial,1
annum,1
minor,1
clara,1
various,1
attributable,1
stairs,1
scientific,1
rights,1
routinely,1
inferential,1
address,1
dogoszhi,1
brief,1
edges,1
constraints,1
reduce,1
projecting,1
july,1
still,1
reappraisal,1
daniish,1
expanded,1
comments,1
macrobotanical,1
wind,1
movement,1
collapsed,1
logical,1
direction,1
positive,1
measure,1
dimensional,1
verde,1
biological,1
confronting,1
sincere,1
calculate,1
contributing,1
duplicate,1
communities,1
competition,1
oblivious,1
restorations,1
arquiitectuira,1
reference,1
simplified,1
addition,1
makes,1
read,1
requiring,1
soon,1
continuity,1
morgan,1
challenged,1
cursoiy,1
specimens,1
perceived,1
demographic,1
scienitist,1
marshall,1
profane,1
constant,1
planned,1
positively,1
assistance,1
culture,1
rubbish,1
lll,1
ethnographic,1
worrisome,1
nine,1
uctioni,1
largest,1
provocative,1
disagreed,1
increasingly,1
functioned,1
altos,1
relevance,1
love,1
proceedinigs,1
muy,1
inhabitants,1
starting,1
sedimentologic,1
unreliable,1
plywood,1
book,1
participated,1
multiplying,1
power,1
scan,1
strike,1
stream,1
mark,1
academy,1
reseatrch,1
available,1
ask,1
inferencia,1
added,1
imbue,1
underestimated,1
cuitently,1
washinlgtonl,1
incorporates,1
joyce,1
faster,1
monticuilos,1
idea,1
consideration,1
limit,1
organiizationi,1
chac,1
fori,1
blocks,1
occurrence,1
striking,1
utilizing,1
documents,1
match,1
abstract,1
puebloarchitectute,1
disturbed,1
lacks,1
reasoning,1
together,1
break,1
incorporation,1
demonstrating,1
inteifaces,1
substantially,1
distributions,1
jolurnal,1
functionally,1
nieatr,1
blanketed,1
fragments,1
honor,1
hivestigationis,1
drinking,1
likelihood,1
performances,1
ofaarchaeological,1
remarkable,1
increases,1
chatnge,1
manner,1
continuing,1
superimposed,1
existing,1
blwithliea,1
socioeconomicos,1
hectares,1
renovations,1
pintado,1
patty,1
histogram,1
fieldwork,1
swing,1
contention,1
preparation,1
como,1
style,1
gives,1
encountered,1
designl,1
elevation,1
remove,1
smallscale,1
streaks,1
crown,1
aggregation,1
unla,1
classes,1
understanding,1
greatest,1
exhibit,1
vast,1
dissimilar,1
tsin,1
examples,1
background,1
treated,1
comprise,1
accompanying,1
unquestionably,1
ic,1
contours,1
pageantry,1
anidameri,1
rituales,1
creep,1
increase,1
unpredictable,1
letvironmeni,1
expand,1
empirical,1
food,1
factor,1
assume,1
piocesses,1
sequence,1
harvard,1
questions,1
actual,1
hoc,1
condstruciment,1
mcan,1
examination,1
gwinn,1
full,1
trative,1
previous,1
recruitment,1
connected,1
ceramography,1
california,1
dueblo,1
theoretical,1
students,1
involves,1
discontinuities,1
subsurface,1
kilometer,1
navajo,1
landscapes,1
kjetsini,1
modem,1
accounted,1
taxonomic,1
safety,1
organiization,1
maintenance,1
logic,1
roof,1
decayed,1
counter,1
mississippian,1
methodological,1
physics,1
started,1
mcfadden,1
revised,1
period,1
reconstructed,1
indisputable,1
distinction,1
stages,1
maximize,1
administrative,1
filled,1
outcrop,1
kept,1
diversion,1
managerial,1
provides,1
segment,1
subfloor,1
exchange,1
artificial,1
icanl,1
annually,1
comparing,1
internal,1
article,1
systems,1
promote,1
methods,1
become,1
lacking,1
bineola,1
respectively,1
ann,1
examine,1
anderson,1
effect,1
intrasite,1
influences,1
seattle,1
hierarchical,1
availability,1
arquiitectura,1
priests,1
differ,1
northern,1
save,1
institution,1
holuse,1
neg,1
joint,1
anthropjological,1
evaluated,1
sociopolitical,1
propose,1
attention,1
unrelated,1
convincingly,1
logistics,1
court,1
brown,1
attended,1
duplicated,1
flanking,1
rarity,1
heap,1
fails,1
ranging,1
trails,1
incongruous,1
accepting,1
suivey,1
para,1
applications,1
dolores,1
mitigate,1
note,1
irregular,1
thoughtful,1
interdependent,1
berm,1
reviewer,1
bureau,1
ojrecen,1
mixture,1
science,1
segments,1
unsa,1
sometimes,1
crucial,1
caausalfactor,1
suggestive,1
sides,1
program,1
flowed,1
reasonable,1
intimidating,1
bare,1
becomes,1
investigators,1
means,1
success,1
execution,1
un,1
seen,1
collections,1
interfere,1
consonant,1
castles,1
owens,1
ldaarcheology,1
chimney,1
nuevo,1
effectively,1
proposition,1
grinding,1
confine,1
transformation,1
zacatecas,1
bins,1
inadequate,1
paraphernalia,1
why,1
feasts,1
inspired,1
arts,1
maternity,1
quite,1
fe,1
hope,1
surprising,1
mcnutty,1
miscellanzeolus,1
table,1
supporting,1
coordination,1
malville,1
raising,1
unusual,1
interpretive,1
occupies,1
thick,1
forest,1
expectable,1
detail,1
school,1
profiled,1
americatn,1
magnitude,1
heavy,1
thinly,1
lessons,1
mcagazinie,1
blanco,1
changing,1
pueblos,1
peoples,1
must,1
sntig,1
geographic,1
ever,1
theme,1
implied,1
reciprocity,1
favors,1
separately,1
southward,1
carbondale,1
eleven,1
funding,1
here,1
equation,1
leeward,1
quickly,1
know,1
ni,1
excess,1
performed,1
continental,1
tj,1
stem,1
inferencial,1
rainfall,1
granular,1
pedestrian,1
cultures,1
dismantled,1
ratio,1
global,1
escavada,1
sizes,1
hopewell,1
flowing,1
unknown,1
contextual,1
collapsing,1
leaders,1
vollmle,1
argue,1
constructions,1
episodic,1
report,1
proportional,1
erik,1
chacoaan,1
ideological,1
masonryfaced,1
metaphorical,1
reliability,1
clearly,1
obviously,1
munsell,1
rely,1
goods,1
geomorphic,1
cognitive,1
plazas,1
build,1
childbirth,1
wood,1
las,1
prospects,1
utilized,1
uligdersi,1
living,1
texas,1
eois,1
qualitatively,1
growing,1
beginning,1
scholarly,1
liquid,1
explanations,1
countonll,1
economy,1
reproduce,1
answered,1
notable,1
investigation,1
curvature,1
combined,1
sandpiles,1
poses,1
terms,1
reconcile,1
selected,1
ones,1
references,1
infelted,1
nearby,1
dumping,1
metaphor,1
covers,1
hoped,1
landscalpe,1
signature,1
ruin,1
ceased,1
repetitive,1
her,1
complexity,1
gceat,1
scheduling,1
foundations,1
pcapers,1
sigmificanice,1
homogeneity,1
visible,1
too,1
missed,1
construtction,1
initernsationial,1
dedication,1
contain,1
fourteen,1
middle,1
translated,1
socioeconomic,1
arguiment,1
son,1
smudged,1
dams,1
pits,1
thereby,1
little,1
conclude,1
affecting,1
slopes,1
joining,1
charisma,1
press,1
november,1
yearly,1
convinced,1
modelos,1
plans,1
assumptions,1
went,1
iull,1
exceeded,1
matches,1
completed,1
layrs,1
obtain,1
results,1
reconstruct,1
arguments,1
exceptionally,1
isolated,1
resolved,1
comprehend,1
aspect,1
intimate,1
sanctified,1
our,1
zaro,1
named,1
legends,1
kohler,1
diagram,1
notice,1
cautioned,1
reconntiaissanice,1
until,1
breaks,1
recording,1
unable,1
years,1
rasgos,1
nahasbas,1
leveled,1
generate,1
average,1
formality,1
cenw,1
finding,1
planeacion,1
paradigm,1
numerous,1
macrofossils,1
morphological,1
finally,1
motives,1
burnt,1
blm,1
actividades,1
rakita,1
offer,1
move,1
wadi,1
typically,1
presumes,1
dendrochronology,1
popuxatxon,1
need,1
clearest,1
coltected,1
scalar,1
attributes,1
substantiated,1
restorable,1
effects,1
photograph,1
derive,1
measuring,1
geologist,1
puddled,1
enclosed,1
anonymous,1
respective,1
am,1
offered,1
observation,1
mounting,1
potential,1
news,1
meridiani,1
schiffer,1
blan,1
second,1
aggregations,1
counterpoints,1
denser,1
archival,1
jeff,1
inconclusive,1
era,1
pleased,1
waterlain,1
gainesville,1
views,1
maximum,1
uction,1
element,1
documentary,1
develop,1
informality,1
coltelation,1
taylor,1
profiles,1
lcologicalappoalch,1
broader,1
resources,1
noon,1
mapuche,1
thorough,1
hypothesis,1
