WORDCOUNTS,WEIGHT
the,639
of,450
and,345
in,200
a,167
to,151
whale,149
from,94
was,89
for,83
on,81
with,75
were,74
by,70
is,70
coast,64
northwest,63
whaling,61
dna,56
that,55
whales,55
bone,54
are,53
hunting,49
as,49
at,44
this,43
or,43
it,42
elk,42
have,38
be,38
oregon,36
point,35
de,35
but,34
other,33
an,32
not,31
north,31
no,30
been,30
american,29
harpoon,28
al,27
phalange,26
et,26
two,26
they,25
use,25
likely,24
ethnographic,24
groups,23
also,23
these,23
used,23
we,23
archaeological,22
university,21
la,21
remains,21
site,20
ing,20
bones,20
drucker,20
evidence,20
found,19
pp,19
all,18
edited,18
ancient,18
only,18
where,18
large,17
one,17
could,17
its,17
smithsonian,17
using,17
present,17
species,17
their,16
many,16
hunted,16
struck,16
has,15
humpback,15
sites,15
southern,15
sea,15
if,14
even,14
when,14
department,14
would,14
lance,14
often,14
into,13
being,13
some,13
may,13
shell,13
tools,13
blade,13
pacific,13
sequence,13
washington,13
described,13
can,13
figure,13
vancouver,12
journal,12
most,12
r,12
identified,12
same,12
head,12
anthropology,12
cm,12
area,12
america,11
along,11
such,11
hunt,11
marks,11
embedded,11
tool,11
documented,11
long,11
strike,11
made,11
samples,11
california,11
ozette,11
harpoons,11
them,11
kroeber,10
j,10
those,10
vol,10
west,10
l,10
en,10
recovered,10
had,10
data,10
description,10
during,10
ethnohistoric,10
new,10
native,10
after,10
archaeology,10
antiquity,10
makah,10
william,10
through,10
indians,10
drift,10
c,10
m,9
arctic,9
practices,9
state,9
robert,9
sample,9
columbia,9
animals,9
mussel,9
cultural,9
systematic,9
subspecies,9
least,9
several,9
research,9
up,9
valves,9
more,9
three,9
analysis,9
over,9
cal,9
opportunistic,9
while,9
size,9
both,9
among,9
e,8
cutting,8
first,8
british,8
his,8
accounts,8
clearly,8
dc,8
handbook,8
fish,8
island,8
employed,8
few,8
technology,8
antler,8
gray,8
analyzed,8
technologies,8
including,8
which,8
obtained,8
percent,8
probably,8
phebus,8
sequences,8
any,8
here,8
anthropological,8
heads,8
national,8
region,8
km,8
determine,7
h,7
fauna,7
products,7
marine,7
within,7
possible,7
central,7
g,7
shore,7
w,7
versity,7
line,7
small,7
south,7
nearly,7
dongya,7
mammal,7
about,7
whalers,7
monks,7
outside,7
barrett,7
cetacean,7
northern,7
indicate,7
tolowa,7
very,7
form,7
pcr,7
much,7
unmodified,6
modern,6
western,6
sources,6
faunal,6
ballenas,6
fragment,6
whal,6
caceria,6
canoes,6
dates,6
y,6
general,6
york,6
important,6
out,6
near,6
because,6
well,6
toggling,6
excavated,6
around,6
notes,6
provided,6
curtis,6
museum,6
waterman,6
culture,6
barbed,6
areas,6
john,6
end,6
identical,6
fragments,6
assemblage,6
alan,6
assemblages,6
ethnology,6
hunters,6
who,6
distribution,6
suggests,6
beach,6
numerous,6
early,6
nisp,6
given,6
tion,5
units,5
history,5
bp,5
har,5
might,5
sub,5
far,5
due,5
than,5
costa,5
b,5
se,5
tree,5
wash,5
river,5
commonly,5
beyond,5
peninsula,5
prehistoric,5
tip,5
reportedly,5
describes,5
variety,5
quileute,5
koppert,5
specimens,5
mark,5
time,5
perhaps,5
thule,5
years,5
previously,5
individuals,5
historic,5
losey,5
period,5
uni,5
seattle,5
natural,5
extraction,5
did,5
past,5
just,5
namely,5
elaphus,5
include,5
d,5
involving,5
roughly,5
rocky,5
difficult,4
will,4
olympic,4
designed,4
formed,4
park,4
occurred,4
certainly,4
archae,4
s,4
suggesting,4
molecular,4
roosevelt,4
vertebrate,4
con,4
unaware,4
right,4
account,4
collection,4
exposed,4
human,4
que,4
blades,4
dying,4
since,4
mtdna,4
relatively,4
shaft,4
distinct,4
lances,4
body,4
publications,4
identification,4
process,4
similar,4
direct,4
study,4
primer,4
yang,4
four,4
p,4
international,4
quinault,4
base,4
wide,4
scammon,4
bc,4
scavenging,4
describe,4
t,4
level,4
highly,4
minke,4
presence,4
brief,4
above,4
largest,4
siuslaw,4
published,4
sam,4
others,4
ethno,4
pattern,4
ecology,4
killing,4
food,4
tips,4
porpoise,4
stantial,4
points,4
times,4
mountain,4
mammals,4
provides,4
james,4
ethnographically,4
investigations,4
seaside,4
abundance,4
george,4
genbank,4
length,4
dead,4
eugene,4
terrestrial,4
meat,4
equipment,4
swan,4
poon,4
paper,4
sampling,4
incised,4
presented,4
attached,4
our,4
although,4
canadian,4
speller,4
contamination,4
between,4
observed,4
salish,4
does,3
now,3
common,3
totally,3
mouth,3
group,3
complex,3
systematically,3
studies,3
total,3
claire,3
else,3
cetaceans,3
anywhere,3
reach,3
potentially,3
analyses,3
origin,3
there,3
ber,3
nal,3
sound,3
occasional,3
suspect,3
alfred,3
task,3
holocene,3
logical,3
richard,3
except,3
x,3
shellfish,3
thus,3
southwestern,3
tillamook,3
sapir,3
back,3
six,3
waterways,3
apparently,3
wet,3
dust,3
how,3
illustration,3
unit,3
coastal,3
una,3
risk,3
produced,3
norteamerica,3
modified,3
whitridge,3
mccartney,3
clt,3
numbers,3
too,3
additional,3
david,3
appear,3
grupos,3
gregory,3
result,3
graphically,3
late,3
academic,3
cytb,3
embellished,3
noroeste,3
barkley,3
utilizacion,3
possibility,3
directly,3
none,3
kg,3
fraser,3
del,3
knowledge,3
indigenous,3
lower,3
people,3
nootkan,3
away,3
estuary,3
indi,3
working,3
edmonton,3
involved,3
portions,3
impossible,3
yielded,3
core,3
fully,3
ington,3
ameri,3
portion,3
archaeo,3
contact,3
stranded,3
populations,3
indeed,3
limited,3
com,3
single,3
eral,3
yet,3
phylogenetic,3
assistance,3
sharply,3
mercury,3
contami,3
reports,3
extracted,3
scan,3
pointed,3
available,3
lacked,3
striking,3
ottawa,3
man,3
mcmillan,3
forms,3
took,3
unclear,3
material,3
wood,3
another,3
local,3
simon,3
distal,3
ethnography,3
entirely,3
watt,3
examination,3
radiocarbon,3
authors,3
so,3
high,3
collected,3
practiced,3
standard,3
thomas,3
different,3
narrow,3
southwest,3
adaptations,3
figures,3
institution,3
provide,3
science,3
sometimes,3
chance,3
months,3
precontact,3
bleach,3
ology,3
haida,3
elmandorf,3
hueso,3
deposited,3
then,3
associated,3
series,3
peoples,3
eskimo,3
wigen,3
dur,3
argue,3
dennis,3
particularly,3
floats,3
information,3
st,3
occasionally,3
pre,3
controls,3
metapodial,3
tions,3
lodged,3
materials,3
land,3
traveling,3
maximum,3
recent,3
should,3
resources,3
close,3
cited,3
go,2
currently,2
calibrated,2
renee,2
later,2
names,2
berkeley,2
extends,2
fragmented,2
manuscript,2
per,2
required,2
village,2
needed,2
he,2
investi,2
larry,2
identify,2
sets,2
tecnologia,2
committee,2
before,2
ethnographies,2
grays,2
either,2
specifically,2
byram,2
taken,2
meters,2
attempt,2
undocumented,2
seaworthy,2
tradition,2
leading,2
together,2
proves,2
thanks,2
reveal,2
atically,2
inland,2
sinew,2
last,2
return,2
el,2
digital,2
designs,2
ad,2
curated,2
courtesy,2
amplified,2
corrected,2
mesh,2
design,2
amplification,2
ered,2
beverly,2
reaction,2
solely,2
october,2
bowhead,2
vital,2
occurring,2
ultimate,2
monly,2
blubber,2
letter,2
adn,2
implements,2
regarding,2
goal,2
review,2
historically,2
reverse,2
vigorous,2
development,2
software,2
tule,2
intact,2
ern,2
excavations,2
extensively,2
dence,2
ethnohistorically,2
blame,2
spin,2
weight,2
dolphin,2
deeply,2
wounded,2
dicha,2
frank,2
oxford,2
definitively,2
scapula,2
recognized,2
pectoral,2
reimer,2
subjected,2
remain,2
basic,2
longest,2
capture,2
subsistence,2
norte,2
environments,2
archaeolog,2
cervid,2
importance,2
generally,2
derived,2
population,2
contributions,2
illustrations,2
coquille,2
cor,2
buoy,2
risks,2
support,2
means,2
sonian,2
ensure,2
drill,2
prehistory,2
jonaitis,2
fast,2
presumably,2
n,2
upper,2
show,2
stewart,2
surface,2
follow,2
unbarbed,2
queen,2
problems,2
exploitation,2
bruno,2
suggested,2
cut,2
nia,2
ranges,2
came,2
based,2
extent,2
location,2
harbor,2
entered,2
midden,2
ocean,2
fishing,2
pass,2
amer,2
ogy,2
further,2
offered,2
mate,2
appears,2
viewed,2
inches,2
cannot,2
califor,2
exca,2
record,2
basis,2
accounting,2
literature,2
part,2
london,2
related,2
domi,2
ten,2
fit,2
issues,2
broad,2
work,2
actually,2
somewhere,2
rendered,2
count,2
sampled,2
myrtle,2
olson,2
responses,2
bootstrap,2
inuit,2
ridgway,2
describing,2
suggest,2
canoe,2
flipper,2
box,2
catholic,2
order,2
sharp,2
hole,2
ological,2
butchery,2
migrating,2
este,2
mythological,2
scott,2
lyman,2
osteoarchaeology,2
value,2
activities,2
impor,2
maser,2
f,2
press,2
partially,2
second,2
ical,2
punta,2
carried,2
hump,2
short,2
pha,2
comparative,2
forward,2
islands,2
arbolino,2
comments,2
modes,2
selection,2
positive,2
reference,2
dolphins,2
jour,2
pres,2
processing,2
slot,2
skin,2
indian,2
nootka,2
towed,2
records,2
regional,2
picture,2
volume,2
geomorphology,2
party,2
gations,2
inhabitants,2
westward,2
power,2
stud,2
flat,2
experienced,2
smith,2
herbert,2
shows,2
lack,2
conduct,2
calib,2
match,2
edward,2
considerable,2
simple,2
anthropologist,2
never,2
alsea,2
drove,2
do,2
ground,2
float,2
accepted,2
mitochondrial,2
project,2
encontradas,2
jacobs,2
northerly,2
saunders,2
northwestern,2
tige,2
oil,2
osea,2
upon,2
values,2
deposits,2
beached,2
clustered,2
skeletal,2
coos,2
rare,2
engaged,2
dating,2
specimen,2
trade,2
open,2
sev,2
yuquot,2
roo,2
publication,2
estructura,2
peter,2
christopher,2
change,2
poraneous,2
puget,2
probable,2
households,2
ted,2
oxbow,2
special,2
especially,2
parallel,2
fied,2
feet,2
hand,2
camilla,2
excluded,2
relative,2
quarterly,2
reichley,2
separate,2
consists,2
esta,2
today,2
bureau,2
she,2
washed,2
five,2
types,2
nuu,2
bound,2
tech,2
pieces,2
lines,2
investigators,2
tive,2
strongly,2
playa,2
drifting,2
lightning,2
why,2
construction,2
existed,2
wildlife,2
composed,2
itself,2
face,2
canada,2
case,2
widest,2
attachment,2
foreshaft,2
stephen,2
photographs,2
shelley,2
mentioned,2
nearshore,2
ples,2
simply,2
ballena,2
set,2
encontrada,2
each,2
kool,2
cultures,2
par,2
spec,2
seem,2
believe,2
ft,2
report,2
risa,2
dition,2
utilized,2
february,2
evident,2
phd,2
animal,2
whether,2
making,2
references,2
nearby,2
ies,2
leaving,2
consisting,2
scavenged,2
prestige,2
sir,2
tveskov,2
require,2
produce,2
almost,2
papers,2
cluster,2
little,2
code,2
multiple,2
mod,2
harpooned,2
undertaken,2
role,2
associ,2
went,2
metapodials,2
obtain,2
lab,2
equipped,2
garland,2
mention,2
pair,2
taylor,2
commercial,2
ani,2
reveals,2
genetically,2
twentieth,2
gunther,2
mode,2
iden,2
unireports,2
approximately,2
smaller,2
baleen,2
off,2
huelsbeck,2
brunt,2
tipped,2
comparison,2
potential,2
ated,2
indicating,2
tribes,2
evi,2
cytochrome,2
technological,2
nation,2
cross,2
alberta,2
doing,2
industrialized,2
contem,2
leatherwood,2
mastercycler,1
unicamente,1
nitinat,1
dale,1
amplify,1
mostly,1
polymerase,1
hecha,1
silica,1
page,1
prefer,1
sistemdtica,1
sterile,1
way,1
popula,1
drag,1
cent,1
pinniped,1
ttgg,1
tropics,1
degraded,1
separated,1
cussion,1
vious,1
ethnographi,1
episodes,1
resulted,1
repre,1
tracked,1
marian,1
decipher,1
manitoba,1
outfit,1
amplifications,1
informa,1
quentin,1
expect,1
san,1
overlyreports,1
conserved,1
tend,1
biodiversity,1
columns,1
informative,1
true,1
actividad,1
rounded,1
approaches,1
mals,1
jonathan,1
sevelt,1
han,1
platter,1
flows,1
ore,1
ms,1
former,1
nonspecialized,1
scapulae,1
trace,1
nulth,1
dorf,1
lation,1
comparisons,1
fixed,1
classify,1
mainland,1
encourage,1
noreste,1
freeman,1
ucts,1
steeply,1
contested,1
clam,1
monograph,1
nonetheless,1
source,1
prac,1
pie,1
diversity,1
sistemdticafue,1
northward,1
swum,1
joe,1
kimura,1
nized,1
incomplete,1
consistent,1
modifications,1
subsample,1
estimated,1
eppen,1
archaeologists,1
fraction,1
sibility,1
lateral,1
langemann,1
chacmool,1
isla,1
every,1
cised,1
torical,1
subarctic,1
inexperienced,1
atgttg,1
spatulate,1
crews,1
path,1
attempts,1
symmetrical,1
considera,1
diego,1
script,1
flattery,1
fragmentary,1
nature,1
diversas,1
tra,1
words,1
gary,1
containing,1
oval,1
uncatalogued,1
alexander,1
barbless,1
kroe,1
modi,1
display,1
reasons,1
confusion,1
assembled,1
studied,1
inherent,1
government,1
lydia,1
closer,1
procedure,1
genus,1
swim,1
meg,1
i,1
alignment,1
help,1
wapiti,1
ru,1
lon,1
watercraft,1
discussion,1
illus,1
henry,1
kaigani,1
doc,1
opposite,1
depleted,1
somewhat,1
signs,1
prod,1
rg,1
tiated,1
lugar,1
insti,1
debitage,1
system,1
nodes,1
documenting,1
taqgold,1
killer,1
refute,1
atlatls,1
geologic,1
dr,1
harris,1
inquire,1
microsatellite,1
muestras,1
albeit,1
draws,1
recov,1
arrive,1
primary,1
sought,1
dune,1
kathy,1
draw,1
killed,1
leisurely,1
placement,1
fins,1
prior,1
howard,1
lanc,1
watched,1
leo,1
omissions,1
fl,1
condition,1
sidered,1
reaching,1
drive,1
ings,1
zooarchaeology,1
harpooning,1
brent,1
taking,1
sino,1
palmrose,1
trata,1
pairs,1
fur,1
bilaterally,1
genetic,1
adaptive,1
photographic,1
enter,1
zenk,1
zooarchaeologi,1
himself,1
interviews,1
ritual,1
artic,1
engage,1
fractionation,1
phology,1
sand,1
split,1
arqueologica,1
behavior,1
pursuing,1
controlled,1
wherever,1
mid,1
saltwater,1
dispatched,1
restos,1
prey,1
documentado,1
throughout,1
koichiro,1
timber,1
ronald,1
relocation,1
histori,1
branching,1
immobile,1
paddler,1
difficulties,1
roger,1
clallam,1
accounted,1
prospector,1
run,1
gp,1
aggrandizing,1
embellishments,1
trated,1
hace,1
predators,1
neighbors,1
exam,1
num,1
adopted,1
spot,1
application,1
jr,1
seguramente,1
ray,1
ability,1
entire,1
century,1
resin,1
snake,1
z,1
held,1
migrate,1
unanalyzed,1
andeth,1
bus,1
dis,1
cases,1
resting,1
inserted,1
elements,1
items,1
unspecified,1
ct,1
ation,1
bay,1
silverstein,1
archaeol,1
niques,1
ver,1
refer,1
banff,1
cali,1
convincing,1
amount,1
spanned,1
ear,1
response,1
hamstring,1
radio,1
cates,1
otters,1
quit,1
compared,1
left,1
third,1
genetics,1
like,1
ditidaht,1
flip,1
mul,1
vincent,1
seal,1
strobeck,1
sin,1
evidencia,1
isotope,1
pos,1
details,1
coasts,1
simplistic,1
aca,1
adult,1
wl,1
stanley,1
ton,1
once,1
ment,1
poorly,1
ica,1
parks,1
atlantic,1
hajda,1
exten,1
van,1
lesser,1
failed,1
peo,1
steps,1
portland,1
seaburg,1
via,1
fleet,1
mytilus,1
agt,1
gon,1
cana,1
air,1
reagan,1
russian,1
without,1
segun,1
michigan,1
act,1
rather,1
dials,1
devastating,1
bring,1
civi,1
dremel,1
flailing,1
main,1
ified,1
across,1
acutorostrata,1
basaltic,1
possession,1
phinidae,1
centimeters,1
knew,1
represented,1
amplifica,1
burgos,1
arm,1
cemanitobe,1
chehalis,1
determining,1
earlier,1
mile,1
ofharo,1
tical,1
dissenting,1
parts,1
pages,1
aquatic,1
sandy,1
lacking,1
sire,1
echoed,1
hawaiian,1
white,1
decompo,1
burials,1
migratory,1
evolu,1
dismiss,1
factors,1
tance,1
boas,1
ocurrio,1
umpqua,1
reason,1
straits,1
ell,1
maryland,1
ousley,1
nonspecial,1
bad,1
old,1
appar,1
distantly,1
rib,1
biased,1
cause,1
consider,1
locally,1
seas,1
descent,1
replications,1
organized,1
calibration,1
ulate,1
bit,1
dated,1
hotly,1
energy,1
contaminated,1
section,1
elsewhere,1
especialmente,1
days,1
impact,1
describiendo,1
mary,1
bruce,1
k,1
house,1
slate,1
differs,1
fore,1
cetacea,1
age,1
aubrey,1
linguistics,1
graphic,1
naoh,1
storm,1
submerged,1
depart,1
position,1
definite,1
mulville,1
ful,1
instance,1
cycles,1
chisellike,1
twana,1
destruc,1
prowess,1
wyoming,1
metal,1
muchos,1
calgary,1
screened,1
tory,1
management,1
milhau,1
anthropologi,1
franz,1
tecnologias,1
assessments,1
charcoal,1
matching,1
estu,1
sive,1
paddle,1
uses,1
acheson,1
trans,1
closely,1
recog,1
inten,1
underrepresented,1
nancy,1
societies,1
acknowledgments,1
realizo,1
chipped,1
traditionally,1
access,1
treatments,1
fau,1
effort,1
finback,1
wiped,1
outgroup,1
scotland,1
relate,1
zone,1
metapo,1
captured,1
initial,1
estafue,1
term,1
extracting,1
zooarchaeological,1
spotted,1
clayoquot,1
occupation,1
ceases,1
nei,1
pursued,1
rabbit,1
abruptly,1
duced,1
scalpel,1
tionary,1
sperm,1
pins,1
endeavored,1
wealth,1
krup,1
spiritual,1
absolute,1
designations,1
bow,1
method,1
graciously,1
tracking,1
tially,1
huge,1
ther,1
technical,1
aspects,1
char,1
igor,1
shape,1
provincial,1
having,1
revealed,1
artifacts,1
formerly,1
zoomorphic,1
scope,1
implement,1
pointreports,1
geno,1
received,1
program,1
los,1
erlandson,1
mediante,1
clean,1
mented,1
tapered,1
significantly,1
bro,1
purpose,1
rankin,1
remarkable,1
test,1
resurface,1
got,1
copyright,1
counterbalance,1
whole,1
authenticity,1
gasses,1
pow,1
q,1
consistently,1
database,1
extraido,1
contains,1
warranted,1
survey,1
vating,1
pan,1
rosario,1
realizaba,1
folder,1
caza,1
westview,1
weekly,1
appreciated,1
cat,1
preparing,1
manu,1
preparation,1
lange,1
lyzed,1
cervus,1
status,1
concave,1
sink,1
approach,1
errors,1
washing,1
occa,1
exemplary,1
vida,1
solution,1
habitations,1
sense,1
caused,1
melvin,1
below,1
cataloguing,1
responsibility,1
etnohistorica,1
distances,1
theoretically,1
microfilms,1
holes,1
indicators,1
le,1
unfor,1
quite,1
emerging,1
family,1
quantification,1
habitation,1
characteristics,1
foster,1
bottlenose,1
erature,1
accomplished,1
migration,1
vation,1
pare,1
mal,1
tation,1
hugo,1
grant,1
weapons,1
refit,1
philip,1
anterior,1
dedicated,1
purification,1
majority,1
sented,1
haplotype,1
outnumbering,1
thereports,1
wife,1
results,1
otros,1
revela,1
gould,1
organs,1
performing,1
substituted,1
skill,1
preliminary,1
passive,1
settle,1
stephan,1
reducing,1
schematic,1
capturing,1
society,1
erence,1
piercing,1
lection,1
nations,1
ini,1
inspection,1
cite,1
couver,1
critical,1
happen,1
therefore,1
ana,1
afloat,1
inch,1
inhabit,1
coastline,1
accreted,1
excludes,1
ceremonial,1
trabajo,1
lit,1
clara,1
ridge,1
various,1
eschrichtius,1
tiple,1
polished,1
paul,1
economic,1
reminiscences,1
kenneth,1
lev,1
rqueologia,1
ans,1
doctoral,1
ashore,1
service,1
geol,1
edges,1
hcl,1
trjm,1
huntersreports,1
tropical,1
whatever,1
estado,1
assumptions,1
americana,1
ticed,1
drilled,1
targeted,1
contra,1
maneras,1
biomass,1
zoology,1
suttles,1
entail,1
kills,1
demic,1
label,1
umented,1
spoken,1
retrieved,1
thrusting,1
collect,1
foot,1
joshua,1
langes,1
quebec,1
examined,1
rancid,1
represents,1
adequate,1
alongside,1
albert,1
array,1
borrowed,1
under,1
fifth,1
us,1
banffnational,1
parte,1
chris,1
representa,1
complete,1
alojada,1
dropped,1
milton,1
ed,1
imens,1
literally,1
aldona,1
schultz,1
reprint,1
incluye,1
insights,1
reliance,1
decontamination,1
ji,1
williams,1
ciervo,1
defin,1
functioned,1
avoided,1
fairly,1
jon,1
lee,1
catalog,1
members,1
oral,1
salmon,1
name,1
museums,1
statements,1
unreliable,1
purified,1
limb,1
bioinformatics,1
thunderbird,1
paunches,1
passed,1
presentamos,1
fin,1
crucial,1
shelf,1
ecological,1
printing,1
ethnologist,1
financial,1
spear,1
discordance,1
dently,1
jacqui,1
teton,1
fact,1
longer,1
asym,1
valid,1
consideration,1
mobley,1
occurrence,1
recurrent,1
unidentified,1
appeared,1
disser,1
abstract,1
possi,1
ble,1
swung,1
unilaterally,1
larger,1
personal,1
clause,1
bottlenecking,1
strait,1
overwhelmingly,1
crumbled,1
pennsylvania,1
yew,1
utilize,1
conferred,1
tification,1
geneticreports,1
nate,1
patterns,1
ages,1
hit,1
kit,1
adjacent,1
v,1
hampshire,1
clade,1
chain,1
practicada,1
erica,1
manner,1
innovative,1
square,1
taphonomy,1
discuss,1
developing,1
surf,1
armed,1
vulnerable,1
michael,1
less,1
see,1
boats,1
dictory,1
homer,1
ished,1
paired,1
por,1
nue,1
woman,1
fewer,1
circumpolar,1
distance,1
number,1
locations,1
remarkably,1
sugiere,1
day,1
degree,1
remained,1
interpreting,1
hesitate,1
original,1
demonstrated,1
cazaban,1
ignored,1
situated,1
vast,1
blanc,1
secured,1
vez,1
sfu,1
technol,1
examples,1
inac,1
poons,1
victoria,1
width,1
range,1
maritime,1
active,1
headland,1
razor,1
yvonne,1
depended,1
unpredictable,1
mortuary,1
allel,1
expand,1
estuaries,1
telemetry,1
informacion,1
controlling,1
exer,1
traded,1
jorobada,1
sirenians,1
largely,1
virtually,1
refers,1
began,1
assume,1
spouting,1
undifferen,1
resulting,1
processes,1
laboratory,1
stay,1
fitted,1
supplement,1
clatsop,1
stayed,1
sieves,1
legendary,1
low,1
scanning,1
margaret,1
estuarine,1
obtaining,1
phil,1
dominated,1
decorated,1
gw,1
rebecca,1
faces,1
pin,1
fieldnotes,1
plains,1
extrac,1
revised,1
definitions,1
him,1
proveniente,1
features,1
cally,1
played,1
homogenized,1
savelle,1
improved,1
black,1
confi,1
abundant,1
exchange,1
procurement,1
valued,1
reproducibility,1
random,1
enough,1
settler,1
posiblemente,1
ribs,1
computed,1
become,1
utilizaban,1
assessing,1
confidently,1
wise,1
pro,1
raincoast,1
blub,1
remainder,1
utilization,1
structure,1
ethnohistory,1
dian,1
analyze,1
slightly,1
story,1
authenticated,1
equivalent,1
morris,1
cape,1
versus,1
saw,1
ular,1
fall,1
caution,1
misidentify,1
ago,1
outright,1
hurl,1
cgggttgctggt,1
swimmers,1
widely,1
aij,1
minelut,1
reluctant,1
alaska,1
rarity,1
vallis,1
socket,1
speculate,1
undifferentiated,1
para,1
ann,1
resolving,1
note,1
irregular,1
window,1
nik,1
movements,1
anos,1
outsiders,1
scholfield,1
maps,1
ministry,1
spindle,1
reasonable,1
begin,1
select,1
muertas,1
rais,1
insufficient,1
primarily,1
bulletin,1
becomes,1
dimensions,1
aboriginal,1
nologies,1
seen,1
collections,1
nehalem,1
itage,1
juan,1
render,1
effectively,1
understand,1
contribution,1
wilson,1
try,1
tee,1
silicabased,1
life,1
tles,1
kill,1
united,1
subdivided,1
elkhorn,1
metrical,1
get,1
tial,1
suspending,1
consid,1
egories,1
arts,1
proving,1
hypo,1
joseph,1
phe,1
thick,1
regularly,1
blackman,1
considered,1
detail,1
coosans,1
enged,1
acquired,1
sabe,1
dubois,1
share,1
rises,1
exercised,1
heavy,1
reliant,1
practice,1
believed,1
suite,1
ul,1
etnicos,1
cuando,1
need,1
throw,1
spanish,1
axel,1
contribu,1
constituted,1
trun,1
economically,1
accreting,1
known,1
discrepancy,1
nated,1
sufficient,1
rival,1
constructed,1
southward,1
charles,1
occurrences,1
text,1
funding,1
tomography,1
indigenas,1
estas,1
quaternary,1
labelling,1
moose,1
column,1
colorado,1
poten,1
fuca,1
avocational,1
excess,1
geomor,1
continental,1
disehada,1
ethnogra,1
ancy,1
acterized,1
contained,1
aleutians,1
shrine,1
gone,1
identi,1
best,1
contextual,1
down,1
boul,1
yupik,1
slowly,1
clarify,1
half,1
southernmost,1
oftwana,1
facility,1
current,1
returns,1
drifted,1
post,1
isotopic,1
dat,1
obviously,1
edible,1
oceangoing,1
useless,1
historical,1
pictures,1
atlatl,1
las,1
excava,1
living,1
structed,1
mindy,1
ideally,1
better,1
megan,1
towing,1
id,1
dismissal,1
born,1
hall,1
unlikely,1
what,1
economy,1
mers,1
carmany,1
proceedings,1
carefully,1
fornia,1
combined,1
depicts,1
terms,1
otherreports,1
chinookans,1
firsthand,1
ref,1
particular,1
tailored,1
phers,1
inte,1
seasonal,1
artifactual,1
calculations,1
lengths,1
sively,1
scav,1
monster,1
ceased,1
baleanoptera,1
penetration,1
adaptation,1
olimpica,1
jack,1
waters,1
her,1
thousands,1
secure,1
stackpole,1
migrations,1
manitoban,1
tant,1
listed,1
don,1
missed,1
pers,1
tendons,1
hundreds,1
polziehn,1
revista,1
travel,1
fourteen,1
nians,1
conference,1
swanson,1
researchers,1
son,1
preserved,1
careful,1
unsystem,1
screens,1
prerogative,1
beck,1
conclude,1
kin,1
despite,1
eleanor,1
sequencing,1
docu,1
sounding,1
ken,1
techniques,1
tried,1
sapiretal,1
song,1
harvested,1
extended,1
matches,1
encounter,1
healed,1
arguments,1
encircled,1
families,1
dorsal,1
ized,1
evidenced,1
rinsed,1
representation,1
crew,1
siuslawans,1
aspect,1
faculty,1
sigma,1
liest,1
webb,1
come,1
colten,1
antiguo,1
trophies,1
ure,1
until,1
symbolic,1
sediments,1
unable,1
hypervariable,1
caloric,1
cual,1
generate,1
sheltered,1
arrows,1
easier,1
phalanges,1
samuel,1
recovering,1
ently,1
aware,1
dangerous,1
premature,1
sumably,1
course,1
joined,1
instead,1
detached,1
typically,1
sional,1
integrated,1
driver,1
dense,1
humpack,1
socially,1
cobble,1
erna,1
stro,1
physical,1
opinions,1
product,1
gen,1
projectiles,1
states,1
novaeangliaej,1
effects,1
masatoshi,1
piece,1
roberta,1
defined,1
derive,1
snapped,1
indicatedreports,1
extremely,1
moccasins,1
increased,1
classification,1
olaus,1
needs,1
migrat,1
identifica,1
canoemen,1
tified,1
barry,1
carbon,1
vancou,1
charlotte,1
penetrated,1
whaler,1
stone,1
johnson,1
zen,1
itively,1
sharing,1
deposition,1
exclusively,1
element,1
kim,1
conceivable,1
osteoarchae,1
abandoned,1
fellowship,1
focus,1
discov,1
immediately,1
bre,1
strong,1
ab,1
tired,1
profiles,1
dos,1
statement,1
col,1
termed,1
draft,1
perception,1
satellite,1
els,1
