WORDCOUNTS,WEIGHT
the,480
no,443
of,294
and,286
in,168
a,152
to,143
yes,132
age,112
hogup,90
stratum,86
for,73
from,72
this,71
cave,68
pronghorn,63
that,61
holocene,59
hunting,55
by,54
at,51
we,49
as,48
profiles,45
are,42
late,41
mortality,40
or,38
with,36
is,35
data,34
basin,30
have,29
an,27
on,27
university,26
individuals,24
were,24
individual,24
these,23
groups,22
great,22
artiodactyl,22
c,22
while,22
american,21
archaeological,21
middle,21
group,20
p,20
teeth,20
both,20
season,19
mass,19
utah,19
wyoming,19
strategies,19
each,19
i,18
within,18
antiquity,18
fall,18
then,18
between,18
prey,17
specimens,17
not,17
one,16
animals,16
tooth,16
during,16
cohorts,16
de,15
winter,15
strata,15
also,15
assemblage,15
sample,14
most,14
lubinski,14
range,14
figure,14
any,14
it,13
faunal,13
record,13
pp,13
two,13
communal,13
our,13
large,12
into,12
abundances,12
such,12
edited,12
en,12
likely,12
more,12
patterns,12
hunters,12
wear,12
different,12
spring,12
o,11
e,11
journal,11
cohort,11
strategy,11
appear,11
older,11
kills,11
same,11
pattern,11
number,11
california,11
similar,11
been,11
analysis,11
ing,11
dental,11
if,10
other,10
human,10
across,10
was,10
used,10
using,10
ancient,10
byers,10
death,10
seasonality,10
anthropologist,10
do,10
time,10
assemblages,10
would,10
summer,10
can,10
plains,10
table,10
profile,10
given,10
include,10
although,10
shift,10
be,10
north,10
represent,9
use,9
america,9
david,9
may,9
derived,9
river,9
m,9
grit,9
year,9
et,9
results,9
fiber,9
al,9
specimen,9
three,9
assigned,9
small,9
mandible,9
mni,9
aggregate,9
evidence,9
remains,9
summed,8
western,8
mandibles,8
those,8
juvenile,8
sanders,8
how,8
unit,8
their,8
w,8
upper,8
based,8
relative,8
all,8
ethnographic,8
trend,8
procurement,8
pro,8
d,8
green,8
h,7
studies,7
lower,7
available,7
point,7
throughout,7
caceria,7
probabilities,7
kelly,7
trappers,7
site,7
numbers,7
sites,7
r,7
presented,7
smith,7
distributions,7
encounter,7
lake,7
increasing,7
methods,7
known,7
here,7
game,7
catastrophic,7
element,7
level,7
fawns,7
salt,7
early,7
they,6
reiser,6
contexts,6
canyon,6
eruption,6
s,6
context,6
has,6
bones,6
subsistence,6
represented,6
impact,6
six,6
events,6
well,6
records,6
least,6
indi,6
broughton,6
visible,6
identified,6
only,6
present,6
model,6
carnivore,6
values,6
samples,6
co,6
general,6
southwest,6
yr,6
provide,6
when,6
anthropological,6
animal,6
adults,6
frison,6
contain,6
city,6
lone,6
assem,6
does,5
way,5
tion,5
presents,5
test,5
resulting,5
el,5
side,5
jack,5
some,5
pre,5
mandibular,5
relationships,5
expected,5
estimates,5
document,5
ment,5
means,5
four,5
result,5
prehistoric,5
method,5
focused,5
population,5
y,5
que,5
interpreted,5
fawn,5
several,5
culture,5
belonging,5
toward,5
mor,5
less,5
por,5
increase,5
theoretical,5
study,5
structure,5
suggest,5
yearling,5
contained,5
attritional,5
suggests,5
hockett,5
years,5
derive,5
comparison,5
potential,5
nisp,5
scoring,4
prong,4
miller,4
generated,4
bias,4
boulder,4
burn,4
bp,4
first,4
either,4
every,4
derives,4
ii,4
j,4
forage,4
system,4
strati,4
combination,4
representing,4
due,4
g,4
predators,4
relatively,4
bone,4
back,4
compared,4
left,4
than,4
l,4
remain,4
probability,4
occupational,4
mcnees,4
mary,4
show,4
permanent,4
view,4
complete,4
archaeofaunal,4
appears,4
explain,4
los,4
del,4
ple,4
contains,4
following,4
steward,4
intervals,4
highly,4
camels,4
provided,4
units,4
various,4
indicates,4
southern,4
single,4
yet,4
vs,4
but,4
holoceno,4
sam,4
enough,4
increases,4
another,4
collecting,4
mode,4
provides,4
graphic,4
often,4
adf,4
abundance,4
science,4
kill,4
ravaging,4
marks,4
circumstances,4
simply,4
set,4
berkeley,4
over,4
sizes,4
living,4
scores,4
through,4
much,4
models,4
generate,4
tality,4
little,4
should,4
ja,3
common,3
yearlings,3
resulted,3
deciduous,3
center,3
prime,3
inconsistent,3
modern,3
anthropology,3
history,3
abun,3
archaeo,3
aikens,3
implications,3
taken,3
nature,3
containing,3
herren,3
archaeologically,3
together,3
ravaged,3
there,3
cutmax,3
loose,3
con,3
occasional,3
westview,3
viduals,3
right,3
condition,3
richard,3
west,3
rela,3
frequencies,3
review,3
since,3
grouped,3
mccabe,3
dis,3
old,3
dates,3
drives,3
explore,3
weaver,3
jean,3
una,3
b,3
direct,3
individ,3
strate,3
modified,3
acquisition,3
weather,3
traces,3
hildebrandt,3
important,3
underrepresented,3
location,3
found,3
plot,3
seven,3
patrick,3
out,3
changed,3
evaluate,3
because,3
viewed,3
cannot,3
scale,3
val,3
jim,3
scavenging,3
part,3
coded,3
marean,3
gies,3
q,3
horn,3
egan,3
employed,3
estrategia,3
useful,3
archaeology,3
around,3
few,3
components,3
ues,3
climate,3
yrs,3
triangular,3
content,3
scored,3
absence,3
about,3
picture,3
regardless,3
cheek,3
rel,3
lack,3
paiute,3
ages,3
conclusions,3
v,3
mammalian,3
frequency,3
ecology,3
mcguire,3
hunts,3
classes,3
craig,3
explanation,3
contours,3
region,3
numerous,3
historic,3
dominated,3
so,3
statistically,3
especially,3
displayed,3
james,3
department,3
differ,3
northern,3
mens,3
la,3
hunt,3
modification,3
program,3
un,3
stiner,3
premolars,3
aboriginal,3
ual,3
carbondale,3
este,3
correspond,3
paper,3
did,3
dur,3
visiting,3
iii,3
far,3
las,3
william,3
unlikely,3
references,3
ies,3
temporally,3
ethnography,3
dentition,3
blages,3
press,3
tions,3
tardio,3
locations,3
offer,3
blage,3
instead,3
files,3
temporal,3
gen,3
bayham,3
archaic,3
bart,3
correlate,3
predictable,3
pat,3
recent,3
speci,3
melvin,2
determine,2
foraging,2
ranges,2
durante,2
expect,2
village,2
ternary,2
stone,2
second,2
mals,2
hominid,2
evaluating,2
variety,2
consistent,2
archae,2
oldest,2
might,2
address,2
spencer,2
belong,2
broadly,2
suggesting,2
differences,2
potentially,2
follows,2
doc,2
nal,2
ity,2
contents,2
taphonomic,2
projectile,2
eastern,2
conditioned,2
howard,2
alter,2
sent,2
reindeer,2
correlation,2
collection,2
exist,2
phase,2
includes,2
strat,2
estimating,2
calculated,2
aggregating,2
interior,2
unpublished,2
intact,2
exam,2
insofar,2
ution,2
perspective,2
young,2
like,2
adult,2
rates,2
poorly,2
higher,2
philadelphia,2
york,2
ably,2
patron,2
developed,2
molars,2
sort,2
sizable,2
levels,2
attri,2
process,2
mean,2
ungulate,2
opportunity,2
importance,2
plots,2
contributions,2
tionship,2
lacking,2
feel,2
ves,2
generating,2
accounts,2
determination,2
category,2
tern,2
win,2
established,2
sim,2
vidual,2
n,2
stewart,2
beyond,2
prairie,2
shifted,2
dominant,2
allow,2
route,2
histories,2
strength,2
cell,2
missouri,2
accompany,2
representative,2
academic,2
density,2
further,2
occupation,2
cultural,2
fisher,2
produced,2
steele,2
bow,2
directly,2
future,2
heavily,2
example,2
predominately,2
aged,2
routinely,2
fail,2
people,2
il,2
ter,2
graph,2
trends,2
change,2
shoshone,2
brush,2
ski,2
event,2
sagebrush,2
mi,2
dramatic,2
species,2
majority,2
increments,2
periods,2
will,2
portion,2
foragers,2
actualistic,2
mentary,2
gosiute,2
indicative,2
located,2
overall,2
curtis,2
still,2
skews,2
curement,2
modes,2
percentage,2
once,2
eral,2
stud,2
interpretation,2
under,2
aggre,2
included,2
falls,2
adjusted,2
lubin,2
shifting,2
experimental,2
largest,2
ferent,2
berke,2
noted,2
sis,2
aggregates,2
dri,2
nevada,2
ley,2
als,2
new,2
largo,2
john,2
arthur,2
where,2
shoshonean,2
individu,2
boul,2
ani,2
capture,2
artifact,2
remained,2
nutrition,2
antelope,2
dave,2
examples,2
treated,2
expand,2
empirical,2
significant,2
confidence,2
distrib,2
assign,2
hunted,2
full,2
resents,2
sev,2
clear,2
tional,2
emphasizing,2
discussed,2
points,2
allowed,2
period,2
bonneville,2
fauna,2
favored,2
behind,2
systems,2
fied,2
preand,2
adaptations,2
lupo,2
leporid,2
sented,2
brenda,2
overlapping,2
fails,2
yields,2
lo,2
relationship,2
aid,2
processed,2
george,2
five,2
testing,2
hill,2
reasonable,2
begin,2
predatory,2
rob,2
success,2
overlap,2
recognize,2
contexto,2
teresa,2
months,2
sake,2
mccartney,2
considered,2
stephen,2
associated,2
suite,2
changing,2
ples,2
ethnoarchaeology,2
demonstrate,2
constructed,2
prob,2
offers,2
der,2
stratigraphic,2
identi,2
current,2
past,2
proxies,2
phd,2
cal,2
rep,2
vary,2
them,2
whether,2
nearby,2
seasonal,2
tightly,2
distribution,2
weights,2
frag,2
herd,2
categories,2
selvaggio,2
ative,2
multiple,2
erally,2
procure,2
role,2
docu,2
november,2
lies,2
com,2
allows,2
varied,2
cambridge,2
average,2
illinois,2
usa,2
sur,2
mas,2
off,2
measured,2
garniewicz,2
debate,2
corral,2
valley,2
dif,2
observed,2
estrategias,2
occur,2
schmitt,2
escala,2
hypothesis,2
frequent,1
difficult,1
meth,1
dale,1
now,1
arqueofaunistico,1
complaint,1
currently,1
done,1
blinds,1
south,1
quater,1
reno,1
paleobiology,1
popula,1
dra,1
tice,1
tighter,1
snapshot,1
pale,1
environmental,1
repre,1
measures,1
kroeber,1
wyll,1
introduction,1
informa,1
end,1
per,1
assemblagesreports,1
boca,1
complex,1
replaced,1
mike,1
spine,1
identify,1
informative,1
true,1
sets,1
prince,1
vul,1
inspec,1
approaches,1
erupreports,1
bryan,1
january,1
pequenas,1
former,1
greater,1
comparisons,1
supper,1
necessarily,1
organic,1
unlike,1
morlan,1
habits,1
before,1
migration,1
pie,1
diversity,1
du,1
negative,1
canids,1
file,1
being,1
sit,1
archaeologists,1
deter,1
eria,1
cumstances,1
sources,1
davis,1
specifically,1
certainly,1
flags,1
melissa,1
motivations,1
vols,1
asso,1
attempt,1
worked,1
fragmentary,1
ofaunal,1
prac,1
seems,1
heated,1
thus,1
trimethylammonium,1
attractive,1
could,1
twenty,1
homestead,1
broken,1
accompanied,1
remark,1
display,1
reasons,1
tinctly,1
thank,1
gradual,1
analyses,1
similares,1
able,1
disappearance,1
abundancias,1
link,1
notada,1
characterizing,1
demographic,1
scheme,1
avonlea,1
ami,1
niche,1
lodge,1
last,1
state,1
date,1
remainder,1
henry,1
thwaites,1
robert,1
waving,1
vertebrate,1
adventures,1
ber,1
favoring,1
otono,1
visibility,1
papers,1
stew,1
case,1
documenting,1
procured,1
proceed,1
suspect,1
alfred,1
dr,1
explicar,1
key,1
advice,1
draw,1
lim,1
march,1
reanalysis,1
vol,1
welcome,1
determined,1
logical,1
fl,1
activity,1
cap,1
reply,1
shame,1
lignin,1
subadult,1
datasets,1
rexford,1
julian,1
bowhead,1
zooarchaeology,1
carni,1
mum,1
timothy,1
vated,1
uncertain,1
cited,1
reconstruction,1
along,1
dirty,1
infimdibula,1
protocol,1
shorten,1
minimum,1
identifies,1
fragment,1
increment,1
osteoar,1
behavior,1
localized,1
controlled,1
hudson,1
karen,1
ranked,1
fawning,1
andrew,1
postcranial,1
postprocessing,1
nuestro,1
differential,1
surely,1
southwestern,1
curated,1
dotted,1
modify,1
esti,1
bison,1
dynamics,1
development,1
cambio,1
pursue,1
run,1
against,1
uinta,1
targeted,1
wyl,1
iiii,1
medio,1
enfatizando,1
ut,1
ease,1
viewing,1
num,1
ern,1
analyzer,1
entire,1
dence,1
z,1
exercise,1
pertained,1
turn,1
nor,1
generalizada,1
desmond,1
simpson,1
zooarchaeological,1
spanned,1
body,1
digested,1
served,1
spectacular,1
nimmo,1
twice,1
criterion,1
estimate,1
determinations,1
skew,1
anttlope,1
look,1
pos,1
wylo,1
climates,1
cooperative,1
vicinities,1
influence,1
acknowledge,1
imental,1
visitando,1
walls,1
stra,1
ers,1
peo,1
ineffective,1
interesting,1
oeste,1
recognized,1
reflects,1
without,1
identification,1
predicted,1
acid,1
rather,1
his,1
ml,1
abundancia,1
subjected,1
main,1
ified,1
centered,1
ply,1
artiodactyls,1
rav,1
var,1
gum,1
ceno,1
levine,1
archaeolog,1
survives,1
articulo,1
contour,1
dp,1
vicki,1
proportion,1
carcass,1
after,1
landscapes,1
travels,1
thatreports,1
represents,1
assuming,1
ciated,1
special,1
cazadores,1
k,1
creek,1
denise,1
danger,1
lllii,1
distant,1
predation,1
factors,1
front,1
periodic,1
canid,1
lea,1
consistency,1
ones,1
support,1
raymond,1
reason,1
pared,1
tusk,1
biased,1
prehistory,1
consider,1
organization,1
statistical,1
wearing,1
cellulose,1
ning,1
emergence,1
dated,1
linked,1
sum,1
driven,1
just,1
elevated,1
placed,1
displays,1
evaluamos,1
larga,1
relativo,1
observations,1
fare,1
spiess,1
commonly,1
comunal,1
exploited,1
max,1
surface,1
consequence,1
caribou,1
signaling,1
exploitation,1
solve,1
mo,1
highhghts,1
persed,1
confirms,1
myths,1
tro,1
methodology,1
dc,1
analyti,1
dominada,1
descriptive,1
hours,1
identifying,1
occurred,1
cd,1
tem,1
typical,1
discrete,1
attrition,1
ambiguity,1
relation,1
international,1
vacinity,1
infrequent,1
rudolf,1
diet,1
generalmente,1
nutrient,1
popu,1
horse,1
embedded,1
infundibula,1
equal,1
bryson,1
reviews,1
indirect,1
treat,1
gates,1
final,1
sul,1
biases,1
exca,1
younger,1
safe,1
probablemente,1
whale,1
documentar,1
required,1
enjoyed,1
ascendance,1
acknowledgments,1
died,1
ods,1
marie,1
sparse,1
todo,1
threeand,1
toughness,1
aging,1
none,1
animales,1
basis,1
distinguish,1
artifacts,1
paiutes,1
pers,1
work,1
sity,1
received,1
nificantly,1
reid,1
molariform,1
claim,1
amelioration,1
su,1
london,1
appreciable,1
edad,1
norm,1
apparent,1
original,1
related,1
inorganic,1
patterning,1
its,1
experiencing,1
tip,1
areports,1
surprise,1
copyright,1
sta,1
describe,1
fit,1
consistently,1
place,1
refined,1
issues,1
demonstrates,1
climatic,1
falling,1
perishable,1
irving,1
ethnohis,1
focuses,1
mated,1
reflect,1
surrounding,1
folklore,1
multisite,1
showing,1
alan,1
includ,1
memoirs,1
noreports,1
discreet,1
count,1
encounters,1
t,1
regions,1
couche,1
enclosures,1
resentation,1
running,1
holocenereports,1
field,1
constituent,1
artioddctilos,1
ethnobiology,1
indicators,1
next,1
archaeofaunas,1
incinerated,1
dramdtico,1
furic,1
ological,1
perished,1
multispecies,1
anan,1
sufficient,1
june,1
accomplished,1
smithsonian,1
mini,1
research,1
peak,1
schedules,1
explorar,1
portions,1
ambushed,1
weapons,1
thoracic,1
mixing,1
philip,1
reeves,1
fully,1
generally,1
up,1
haberse,1
thereports,1
proper,1
notes,1
mx,1
lincoln,1
inform,1
juveniles,1
cating,1
enjoy,1
impor,1
rang,1
capturing,1
society,1
subsequently,1
inspection,1
underrep,1
empleaban,1
span,1
ameri,1
midpoint,1
f,1
critical,1
therefore,1
vore,1
omer,1
approximate,1
ical,1
ranging,1
minor,1
commu,1
populations,1
incremento,1
indeed,1
puede,1
individuales,1
limited,1
play,1
step,1
whatever,1
allen,1
grande,1
above,1
harry,1
make,1
americana,1
standing,1
initially,1
raton,1
distribute,1
cooler,1
bootstraps,1
gent,1
vicinity,1
illuminating,1
para,1
umented,1
americano,1
frank,1
norteamericano,1
collect,1
communities,1
forager,1
jectile,1
cleveland,1
suspicious,1
serve,1
bromide,1
counterparts,1
continuity,1
den,1
hypothe,1
cliff,1
utl,1
boundary,1
parsimonious,1
index,1
mantenido,1
pres,1
tain,1
processing,1
presentan,1
subset,1
meses,1
informal,1
assistance,1
efforts,1
toric,1
outlined,1
si,1
experiment,1
robust,1
reprint,1
jaw,1
illustrated,1
tum,1
overrepresent,1
regional,1
published,1
jjj,1
members,1
lewis,1
paul,1
hud,1
gatecuff,1
utlo,1
datos,1
links,1
mark,1
similarly,1
varies,1
put,1
addition,1
many,1
summing,1
analytical,1
lacked,1
fact,1
pological,1
limit,1
conduct,1
abilities,1
areas,1
totals,1
documents,1
occupations,1
lacks,1
anthro,1
larger,1
surfaces,1
ruminant,1
substantially,1
variation,1
foster,1
pairing,1
anne,1
simple,1
men,1
reproductive,1
took,1
arrow,1
aggrega,1
tales,1
taphonomy,1
blackfoot,1
accepted,1
unclear,1
vulnerable,1
michael,1
geoff,1
tures,1
dance,1
necessary,1
cir,1
perhaps,1
binford,1
leslie,1
cogently,1
proportionately,1
lumt,1
shifts,1
remarkably,1
sugiere,1
recommend,1
day,1
incre,1
local,1
herbivores,1
grouping,1
nonetheless,1
cetyl,1
aggregation,1
presas,1
understanding,1
greatest,1
discussion,1
dissimilar,1
lost,1
birth,1
propor,1
organisms,1
randall,1
limitations,1
aggregated,1
including,1
previously,1
see,1
prox,1
chaeology,1
skeletal,1
top,1
combining,1
complement,1
hypotheses,1
largely,1
emphasize,1
factor,1
lations,1
affects,1
dances,1
ideas,1
bed,1
numbered,1
antttope,1
rare,1
story,1
real,1
nothing,1
behav,1
which,1
radiocarbon,1
reaggregated,1
grinding,1
blumens,1
shelter,1
described,1
nerability,1
ard,1
subsistencia,1
adding,1
assignment,1
encuentro,1
ilar,1
bonn,1
amounts,1
august,1
evalu,1
gate,1
times,1
indicate,1
divisions,1
reviewers,1
genetics,1
helpful,1
revised,1
tim,1
spread,1
plant,1
features,1
high,1
interspecific,1
collected,1
obtained,1
mountain,1
practiced,1
savelle,1
earlier,1
ted,1
adequately,1
approximately,1
zachary,1
graphical,1
ited,1
readers,1
comparing,1
article,1
construct,1
trying,1
evolutionary,1
antiguos,1
erated,1
interpretations,1
crc,1
tistically,1
sig,1
lowie,1
obsidian,1
marsha,1
neothermal,1
percent,1
vide,1
consecutive,1
ate,1
landscape,1
poco,1
institution,1
isabel,1
sonality,1
evaluated,1
caution,1
sociopolitical,1
parecen,1
probabil,1
exper,1
separate,1
dogs,1
sage,1
european,1
sugiriendo,1
depth,1
duplicating,1
seasons,1
lance,1
twelve,1
testable,1
today,1
stratareports,1
residual,1
marrow,1
shortest,1
bulk,1
anos,1
corrals,1
lines,1
order,1
sec,1
widespread,1
male,1
primarily,1
army,1
health,1
estratos,1
tive,1
detailed,1
obstacle,1
returned,1
visual,1
face,1
remaining,1
length,1
memorable,1
spanning,1
heidi,1
displaying,1
life,1
erative,1
expectations,1
cambiaron,1
united,1
surprising,1
plements,1
moister,1
itself,1
utll,1
mirror,1
concealed,1
problematic,1
interpretive,1
investigate,1
entrix,1
acquired,1
variable,1
curious,1
deposited,1
rarely,1
cac,1
tendencia,1
series,1
demographics,1
grayson,1
intensification,1
extensive,1
lioration,1
eskimo,1
mortal,1
mientras,1
ralph,1
diets,1
rocky,1
ame,1
quaternary,1
imprecision,1
weaponry,1
know,1
natural,1
unavailable,1
brooke,1
catchall,1
control,1
readily,1
chine,1
spec,1
deleted,1
confident,1
east,1
blumenschine,1
ui,1
vari,1
best,1
preci,1
mento,1
argue,1
regard,1
domestic,1
emphasis,1
counting,1
oskar,1
narrowest,1
atively,1
nary,1
encuen,1
ous,1
build,1
pit,1
atlatl,1
vey,1
assessment,1
structed,1
wied,1
merely,1
iest,1
places,1
growing,1
bajo,1
ocupacional,1
economy,1
umenting,1
unique,1
physiology,1
saunders,1
selected,1
reuben,1
merstones,1
plants,1
cause,1
poral,1
erupted,1
coop,1
holo,1
interval,1
leaving,1
scavenged,1
oth,1
prestige,1
thousands,1
amy,1
yield,1
oo,1
tant,1
information,1
almost,1
episode,1
ideal,1
occlusal,1
lillian,1
reported,1
cl,1
sea,1
altogether,1
abri,1
african,1
metodos,1
harvested,1
controls,1
pequena,1
sion,1
jour,1
dorsal,1
phenomenon,1
habelt,1
indians,1
representation,1
come,1
shown,1
survival,1
sediments,1
recording,1
score,1
difference,1
ence,1
richest,1
similarity,1
donald,1
conditions,1
herds,1
national,1
washington,1
rstoe,1
trap,1
ecosystem,1
rango,1
ofreports,1
define,1
bartw,1
hunter,1
kleinreports,1
anatomical,1
tobacco,1
area,1
ond,1
uation,1
captain,1
madison,1
association,1
ranged,1
roughly,1
anonymous,1
ied,1
offered,1
observation,1
barry,1
vessel,1
usamos,1
carbon,1
pioneering,1
survivorship,1
requires,1
durrant,1
assumed,1
aggregations,1
prospects,1
ham,1
imum,1
erup,1
zooarchaeologists,1
exclusively,1
evi,1
matic,1
ifornia,1
interaction,1
focus,1
accentuate,1
counts,1
strong,1
whenever,1
broader,1
mislabeled,1
costly,1
