WORDCOUNTS,WEIGHT
the,959
of,730
and,383
in,356
to,256
a,224
was,209
that,169
american,142
no,126
vol,118
pp,115
this,115
for,113
by,102
were,100
man,99
he,98
as,81
america,81
new,77
on,76
at,73
had,73
early,72
with,70
but,65
his,63
an,58
not,53
be,51
it,49
has,49
these,48
which,48
have,45
from,44
antiquity,42
time,41
is,41
studies,38
north,37
been,34
first,32
world,32
more,31
evidence,31
one,29
university,28
or,28
made,27
archaeology,26
york,25
dating,25
indians,25
lake,25
some,24
pleistocene,23
folsom,23
work,23
city,23
thought,23
who,23
are,23
washington,23
salt,23
all,22
j,22
even,22
cultural,22
only,22
also,22
years,22
problem,21
they,21
there,21
their,21
period,21
materials,20
great,20
such,20
most,20
finds,20
indian,20
men,20
other,19
human,19
study,19
known,19
glacial,18
its,18
ancient,18
archaeological,17
very,17
association,17
now,16
h,16
philadelphia,16
view,16
because,16
would,16
anthropological,16
different,16
much,16
europe,15
origin,15
point,15
than,15
w,15
could,15
during,15
radiocarbon,15
proceedings,15
question,15
remains,15
paleolithic,14
out,14
field,14
discussion,14
points,14
united,14
into,13
being,13
old,13
concerning,13
extinct,13
basis,13
culture,13
when,13
natural,13
over,13
did,13
outline,13
between,13
way,12
i,12
eastern,12
development,12
site,12
b,12
important,12
late,12
sites,12
we,12
up,12
still,12
museum,12
many,12
considered,12
hrdlicka,12
d,12
states,12
among,12
major,12
modern,11
howard,11
possible,11
journal,11
edited,11
l,11
found,11
well,11
artifacts,11
long,11
took,11
upon,11
became,11
chicago,11
menasha,11
arctic,10
e,10
bering,10
those,10
bones,10
interest,10
find,10
developed,10
yuma,10
term,10
bridge,10
scientific,10
toward,10
pointed,10
roberts,10
so,10
after,10
problems,10
holmes,10
mounds,10
report,10
land,10
c,10
continent,9
date,9
de,9
given,9
geological,9
may,9
recognized,9
animals,9
prehistory,9
age,9
came,9
r,9
place,9
said,9
few,9
smithsonian,9
texas,9
florida,9
f,9
about,9
him,9
haven,9
conference,9
presented,9
subject,9
arizona,9
indicated,8
history,8
before,8
s,8
peopling,8
since,8
relationships,8
barton,8
certain,8
called,8
wormington,8
people,8
two,8
published,8
strait,8
discovery,8
can,8
bureau,8
siberia,8
aboriginal,8
proposed,8
living,8
reported,8
although,8
typology,8
recent,8
should,8
if,7
later,7
archaeologists,7
along,7
southwestern,7
developments,7
without,7
skeleton,7
suggested,7
based,7
philosophical,7
concept,7
status,7
provided,7
fluted,7
situation,7
techniques,7
chronology,7
paleontological,7
toronto,7
lack,7
john,7
bulletin,7
willey,7
effect,7
stage,7
any,7
must,7
cultures,7
until,7
fauna,7
tribes,7
strong,7
true,6
position,6
basin,6
anthropologists,6
fossil,6
review,6
g,6
served,6
how,6
miscellaneous,6
just,6
greater,6
haury,6
part,6
geology,6
memoirs,6
change,6
periods,6
chronological,6
will,6
trenton,6
light,6
same,6
others,6
antevs,6
fact,6
material,6
asian,6
sequence,6
survey,6
three,6
like,6
southwest,6
concluded,6
continued,6
seen,6
environment,6
associated,6
colorado,6
anthropology,6
speculation,6
what,6
distribution,6
observations,6
ohio,6
abbott,6
attempted,6
valley,6
order,5
group,5
cochise,5
something,5
migration,5
certainly,5
taken,5
asia,5
differences,5
state,5
papers,5
felt,5
correlation,5
bison,5
dates,5
rather,5
similar,5
contributions,5
discoveries,5
scale,5
too,5
stewart,5
archeological,5
further,5
near,5
london,5
data,5
next,5
involved,5
spanish,5
presence,5
annual,5
society,5
make,5
us,5
name,5
lubbock,5
smith,5
end,5
lone,5
present,5
remarkable,5
accepted,5
less,5
perhaps,5
understanding,5
students,5
significance,5
times,5
high,5
accurate,5
thomas,5
favored,5
become,5
european,5
changes,5
clovis,5
type,5
better,5
making,5
popular,5
contributed,5
specific,5
jefferson,5
paleoindian,5
little,5
meeting,5
sellards,4
done,4
groups,4
complex,4
wolf,4
recently,4
might,4
definition,4
route,4
conditions,4
take,4
help,4
last,4
skull,4
robert,4
within,4
against,4
denver,4
vertebrates,4
jr,4
bone,4
left,4
kidder,4
americans,4
mammoth,4
importance,4
direct,4
benjamin,4
creek,4
arbor,4
established,4
languages,4
n,4
jersey,4
argued,4
origins,4
albuquerque,4
terminology,4
opinion,4
my,4
method,4
entered,4
changed,4
international,4
occupation,4
though,4
war,4
michigan,4
cannot,4
placed,4
types,4
aspects,4
advancement,4
training,4
year,4
least,4
lyell,4
speculations,4
several,4
ancestors,4
natchez,4
gordon,4
led,4
various,4
winsor,4
prove,4
reference,4
home,4
already,4
noted,4
technique,4
longer,4
our,4
minnesota,4
doubt,4
pennsylvania,4
serious,4
necessary,4
thousands,4
demonstrated,4
ethnology,4
entirely,4
theories,4
discovered,4
ann,4
probably,4
relative,4
inhabitants,4
lost,4
wilson,4
existed,4
jenks,4
here,4
each,4
henry,4
interested,4
sought,4
them,4
terms,4
while,4
information,4
phenomena,4
careful,4
through,4
went,4
results,4
survival,4
argument,4
cambridge,4
grant,4
colleagues,4
area,4
classification,4
archaic,4
views,4
difficult,3
correlations,3
expedition,3
college,3
alone,3
kroeber,3
likely,3
acosta,3
western,3
occurred,3
diversity,3
permitted,3
llano,3
diffusion,3
lower,3
anything,3
gap,3
davis,3
nature,3
principles,3
government,3
hundred,3
real,3
caleb,3
stand,3
context,3
sound,3
geologic,3
alfred,3
firm,3
cleared,3
draw,3
mastodon,3
far,3
burins,3
conception,3
himself,3
exist,3
central,3
difficulties,3
objective,3
realized,3
santa,3
expected,3
unity,3
nelson,3
perspective,3
columbia,3
difficulty,3
third,3
task,3
apparently,3
mammoths,3
insisted,3
purely,3
across,3
edward,3
remote,3
earlier,3
research,3
derived,3
cave,3
space,3
settled,3
clark,3
river,3
clearly,3
proved,3
section,3
americanists,3
quoted,3
upper,3
beyond,3
willing,3
result,3
prehistoric,3
appearance,3
events,3
equally,3
traits,3
tools,3
applied,3
explain,3
brought,3
appleton,3
description,3
ten,3
northern,3
gave,3
archeology,3
partly,3
away,3
showing,3
artifact,3
attributed,3
approach,3
p,3
solution,3
fluorine,3
anniversary,3
atmosphere,3
event,3
small,3
sufficient,3
components,3
eighth,3
coast,3
philip,3
excesses,3
generally,3
knowledge,3
settlers,3
critical,3
minor,3
dall,3
separation,3
wrote,3
melbourne,3
loomis,3
ice,3
eiseley,3
hold,3
pacific,3
asiatic,3
addition,3
emil,3
under,3
extinction,3
witthoft,3
geologists,3
routes,3
stated,3
again,3
mifflin,3
idea,3
stimulus,3
really,3
olther,3
never,3
dispassionate,3
contemporary,3
considerable,3
devil,3
conclusions,3
hand,3
where,3
answer,3
controversy,3
number,3
day,3
father,3
background,3
range,3
desert,3
formal,3
deposits,3
virtually,3
congress,3
evolution,3
nothing,3
previous,3
california,3
flaking,3
contribution,3
open,3
firsit,3
discussed,3
publication,3
dominated,3
held,3
symposium,3
played,3
ernst,3
especially,3
article,3
narrow,3
interpretations,3
diamond,3
james,3
saw,3
note,3
independent,3
george,3
science,3
ecological,3
edgar,3
primarily,3
life,3
why,3
analysis,3
fe,3
fields,3
case,3
mcgee,3
believed,3
conclusion,3
physical,3
projectile,3
sciences,3
alexander,3
current,3
then,3
obviously,3
lancaster,3
historical,3
passage,3
animal,3
beginning,3
william,3
firmly,3
theory,3
local,3
almost,3
emphasis,3
paleoecology,3
peoples,3
divided,3
devoted,3
ignored,3
samuel,3
course,3
instead,3
americas,3
need,3
temporal,3
observation,3
charles,3
mason,3
cook,3
pt,3
championed,3
phillips,3
comparable,3
final,2
peoiple,2
go,2
gage,2
personally,2
concerned,2
asiatics,2
extreme,2
announced,2
succession,2
linguistic,2
large,2
essays,2
fray,2
completely,2
ardent,2
excavation,2
tells,2
newbury,2
source,2
engigstciak,2
themes,2
negative,2
test,2
jesse,2
every,2
posed,2
neolithic,2
give,2
attempts,2
attempt,2
estacado,2
attractive,2
belong,2
suggesting,2
macneish,2
wave,2
narrative,2
atlantic,2
mississippi,2
hunting,2
investigations,2
somewhat,2
british,2
existence,2
plains,2
pluvial,2
paved,2
continuum,2
primary,2
discuss,2
account,2
determined,2
tracing,2
reply,2
move,2
austin,2
west,2
stratigraphy,2
except,2
interior,2
undoubtedly,2
letter,2
says,2
harold,2
learned,2
implements,2
blades,2
vigorous,2
immediate,2
ray,2
excavations,2
walter,2
tucson,2
speculated,2
bryan,2
seaboard,2
amount,2
atwaiter,2
six,2
compared,2
publications,2
pueblo,2
concepts,2
general,2
hardly,2
penck,2
steps,2
interesting,2
aborigines,2
mexico,2
destroy,2
centered,2
basic,2
thou,2
decades,2
conceptions,2
edwin,2
leave,2
supposed,2
support,2
monuments,2
reason,2
albert,2
wanted,2
nolt,2
familiar,2
potomac,2
traces,2
lithic,2
jesup,2
followed,2
undertaken,2
macrospatial,2
reconsideration,2
peabody,2
m,2
dug,2
trained,2
osteological,2
conquest,2
pelvic,2
longfellow,2
begun,2
search,2
houghton,2
calaveras,2
taboo,2
viking,2
complete,2
big,2
gidley,2
intensive,2
maxima,2
supporters,2
traced,2
dropped,2
circular,2
burial,2
produced,2
excellent,2
grounds,2
pollen,2
tol,2
required,2
opposition,2
wide,2
public,2
paleontologists,2
possibility,2
having,2
wissler,2
makers,2
used,2
ales,2
received,2
archaeologist,2
tool,2
writers,2
del,2
heavily,2
apparent,2
nation,2
homeland,2
northwest,2
postulated,2
structures,2
call,2
astute,2
horizon,2
own,2
connections,2
related,2
level,2
working,2
useful,2
things,2
yukon,2
wadsworth,2
foir,2
hugo,2
suddenly,2
tended,2
siberian,2
paul,2
preliminary,2
musit,2
am,2
valuable,2
survived,2
increasing,2
morphology,2
quarry,2
second,2
interglacial,2
matter,2
oin,2
justin,2
short,2
gradual,2
comparative,2
minority,2
community,2
indicates,2
movement,2
modes,2
reception,2
spectacular,2
frank,2
yet,2
interpretation,2
serve,2
soon,2
fluting,2
harlan,2
evidences,2
continents,2
lindenmeier,2
fill,2
rings,2
provide,2
lewis,2
idle,2
french,2
skill,2
frederick,2
herbert,2
efforts,2
areas,2
proposal,2
everything,2
arthur,2
descended,2
do,2
ground,2
deep,2
patently,2
ecology,2
another,2
sir,2
matrix,2
becomes,2
recognizing,2
extended,2
vast,2
treated,2
assemblages,2
giddings,2
previously,2
sixth,2
detailed,2
europeans,2
empirical,2
significant,2
use,2
granted,2
assume,2
questions,2
norbeck,2
described,2
sunken,2
rejected,2
low,2
biblical,2
jose,2
restraint,2
lakes,2
leaned,2
comparisons,2
interpret,2
spread,2
features,2
probable,2
latter,2
relation,2
mainly,2
sentiments,2
hunters,2
looked,2
workshop,2
joint,2
sandia,2
widely,2
alaska,2
farm,2
factors,2
suggest,2
suggestion,2
discussing,2
relationship,2
she,2
claimed,2
reasonable,2
neglecting,2
fewer,2
means,2
krieger,2
strongly,2
began,2
sequences,2
recognize,2
indicate,2
responsible,2
antiquities,2
dead,2
urged,2
exists,2
ralph,2
earliest,2
claims,2
stratigraphic,2
thinking,2
series,2
abilene,2
ethnological,2
colonists,2
changing,2
comparison,2
throw,2
implied,2
offered,2
southward,2
levi,2
potential,2
defining,2
berkeley,2
country,2
readily,2
paper,2
abandonment,2
connection,2
unknown,2
premound,2
thy,2
vindicated,2
las,2
essentially,2
places,2
growing,2
according,2
correlate,2
ventana,2
jennings,2
stability,2
form,2
list,2
orleans,2
cause,2
particular,2
squier,2
passed,2
recency,2
secure,2
enslavement,2
middle,2
trees,2
atwater,2
ancestral,2
sop,2
entry,2
colonial,2
maintained,2
isolated,2
prepared,2
named,2
shown,2
finding,2
numerous,2
oif,2
accept,2
aware,2
value,2
offer,2
geochronology,2
basketmaker,2
writer,2
defined,2
moved,2
removed,2
themselves,2
reached,2
mcburney,2
immediately,2
seek,2
technological,2
observed,2
concise,2
broader,2
scanty,2
built,2
campsite,2
martin,2
thorough,2
stillwilmsen,1
miraculous,1
superstitious,1
duckworth,1
gerald,1
struggle,1
outsitanding,1
quimby,1
anita,1
oriented,1
bride,1
scoirnful,1
common,1
estimated,1
fraction,1
inaccurate,1
meaning,1
cyrus,1
faced,1
louis,1
created,1
wollf,1
career,1
everyone,1
swayed,1
dash,1
extend,1
revolutionary,1
arrive,1
girl,1
worthy,1
wann,1
folsomthe,1
extends,1
mountains,1
spurred,1
arifacts,1
pushed,1
noirth,1
crossing,1
passing,1
expect,1
forcing,1
clung,1
becoming,1
reflection,1
ludicrous,1
mesoamerica,1
discover,1
elementary,1
replaced,1
partially,1
dissented,1
manbefore,1
denied,1
chard,1
systematically,1
drastically,1
myth,1
properly,1
mankind,1
prime,1
stone,1
pines,1
nonculturally,1
alive,1
federal,1
papworth,1
reasioned,1
conjectures,1
easily,1
woirks,1
candidate,1
favor,1
hotly,1
disinterred,1
former,1
doubts,1
acceptance,1
trace,1
polynesians,1
necessarily,1
unlike,1
laid,1
habits,1
total,1
impediments,1
noah,1
arrived,1
accomplishments,1
viewpoints,1
hesitated,1
revision,1
temporaneity,1
fearful,1
disputed,1
journalism,1
oceania,1
incomplete,1
cast,1
stillborn,1
either,1
permit,1
sources,1
invention,1
specifically,1
geoffrey,1
topographic,1
heel,1
creation,1
nonexistent,1
rinehart,1
exaggerated,1
bushnell,1
originally,1
fund,1
concentrated,1
sitimulated,1
saul,1
homo,1
worked,1
buit,1
rational,1
retreat,1
freely,1
tourist,1
pendulum,1
obsitructionist,1
crippling,1
containing,1
stolen,1
hoffman,1
happiened,1
possibilities,1
affinities,1
scientists,1
tradition,1
goddard,1
twenty,1
homestead,1
warm,1
together,1
roland,1
desire,1
reasons,1
confusion,1
magnatia,1
thank,1
indeed,1
richards,1
analyses,1
producing,1
studied,1
able,1
farther,1
unearth,1
ahelad,1
folb,1
procedure,1
wore,1
dickeson,1
functional,1
entering,1
farmer,1
subsequent,1
half,1
alden,1
luther,1
fresh,1
devised,1
cultureecology,1
interviewed,1
limited,1
wauchope,1
mr,1
raised,1
hais,1
creativity,1
climate,1
confused,1
daniel,1
darwinism,1
wyman,1
circumvent,1
contents,1
anitiquity,1
amuse,1
ad,1
baslis,1
issue,1
side,1
fossils,1
cressman,1
occasional,1
refute,1
advocates,1
eminent,1
suspect,1
wythe,1
dr,1
mortal,1
civilizations,1
philological,1
recorded,1
ithe,1
areally,1
teleological,1
asylums,1
ering,1
celts,1
bases,1
mass,1
albany,1
tenth,1
neanderthaldtype,1
solving,1
paleogeography,1
design,1
stepped,1
gratification,1
copenhagen,1
suicide,1
futile,1
opened,1
occupying,1
prior,1
happier,1
disprove,1
concentrating,1
activity,1
paleontologist,1
condition,1
evidenrce,1
characterize,1
reaction,1
functions,1
etienne,1
hiatus,1
investigator,1
crossed,1
professor,1
dutch,1
movemenit,1
variations,1
paving,1
intelligent,1
ofthers,1
resources,1
shellfish,1
preistoriche,1
phoenicians,1
foiurfold,1
promises,1
financed,1
explorer,1
lapidarian,1
sketched,1
josiah,1
wallace,1
plowed,1
collection,1
prejudice,1
inventory,1
maisonneuve,1
controlled,1
vindication,1
exposed,1
haynes,1
acknowledgments,1
endeavor,1
otherwise,1
regarding,1
della,1
thus,1
albrecht,1
prey,1
denying,1
ronald,1
woirking,1
historically,1
trustees,1
explained,1
dying,1
mine,1
dynamics,1
scent,1
accounted,1
joutrnal,1
calculated,1
past,1
atlantids,1
demanded,1
midcareer,1
congreso,1
internazionale,1
terraces,1
dowler,1
savages,1
forgotten,1
center,1
anthropologically,1
regarded,1
ability,1
singularly,1
contributors,1
mviuseum,1
exisit,1
viewing,1
relations,1
acta,1
noit,1
relatiorn,1
adams,1
application,1
eurasian,1
nurtured,1
actas,1
rooted,1
sample,1
treasure,1
trail,1
century,1
kamen,1
admitted,1
vanished,1
spans,1
kind,1
migrate,1
reasonably,1
bands,1
thing,1
estimates,1
plausibility,1
rank,1
pelvis,1
misconception,1
distinct,1
hohokam,1
speculative,1
truism,1
geologiists,1
daunt,1
keep,1
casas,1
archaeologisits,1
refer,1
statesmanship,1
convincing,1
back,1
preoccupatiorn,1
young,1
races,1
poem,1
egypt,1
clergyman,1
biogeography,1
continuous,1
criterion,1
truly,1
naming,1
equipment,1
semantic,1
sincerely,1
landmark,1
drawn,1
gospel,1
student,1
memoir,1
look,1
noncultural,1
bitterest,1
details,1
hasty,1
sun,1
atlantis,1
overzealousness,1
traditions,1
businessman,1
pointing,1
inviting,1
generation,1
weakness,1
transactions,1
influence,1
salve,1
error,1
poorly,1
slerved,1
depths,1
discoverer,1
grasp,1
phases,1
aim,1
semiknown,1
failed,1
opposed,1
spacetime,1
fort,1
reconstructed,1
whose,1
willard,1
reflects,1
norse,1
hopes,1
stock,1
wendorf,1
growth,1
summaries,1
uhle,1
ways,1
superficial,1
angeles,1
district,1
debated,1
ironic,1
adapt,1
astronomy,1
financing,1
cloudy,1
johnston,1
breast,1
eskimos,1
crest,1
flanks,1
responded,1
reexamination,1
lena,1
johannes,1
knew,1
active,1
arts,1
goes,1
opportunity,1
dealt,1
blanks,1
risk,1
proportion,1
rigor,1
turn,1
talk,1
balanced,1
strange,1
hearing,1
doubted,1
columbian,1
witness,1
nos,1
danger,1
white,1
lay,1
envelops,1
summarized,1
alex,1
feel,1
firmer,1
gathering,1
winchell,1
shell,1
proclaimed,1
raymond,1
slope,1
accounts,1
category,1
escape,1
vastly,1
plus,1
loren,1
possibly,1
pfefferkorn,1
discouraged,1
seas,1
pales,1
retained,1
organized,1
yorkwilmsen,1
foissil,1
sociocultural,1
entrenched,1
dated,1
latin,1
elsewhere,1
director,1
generalities,1
fortifications,1
reconstructions,1
numbers,1
impact,1
receiving,1
record,1
contemporaries,1
wilmsen,1
restricted,1
weak,1
haunt,1
landing,1
loomris,1
knickerbocker,1
frozen,1
larrival,1
cousins,1
orientation,1
show,1
phatically,1
scuttle,1
polints,1
sltill,1
delta,1
heading,1
max,1
legends,1
voluminous,1
surface,1
statement,1
peru,1
cotton,1
peninsula,1
ornament,1
nolthing,1
euraslian,1
fronts,1
bourne,1
answers,1
devolting,1
untrained,1
routing,1
dominant,1
weighed,1
cases,1
detroit,1
warmer,1
coincide,1
norway,1
salutary,1
appear,1
renaud,1
archaeoloigy,1
amazing,1
fluid,1
franz,1
chester,1
piosition,1
regenerate,1
carelessness,1
expressed,1
uses,1
closely,1
advance,1
formidable,1
acceptable,1
lead,1
whom,1
extent,1
allow,1
bearing,1
societies,1
tural,1
opposing,1
hypothetical,1
faunal,1
strength,1
perthe,1
solved,1
effort,1
moraines,1
lived,1
conspicuous,1
olf,1
citywilmsen,1
medallion,1
alleghenies,1
radical,1
requirements,1
mesoamerican,1
excite,1
noting,1
sight,1
accompany,1
base,1
cores,1
accurately,1
handbook,1
fourth,1
xxxiii,1
anithropology,1
lord,1
let,1
blow,1
americcan,1
glyn,1
clearing,1
displayed,1
skilled,1
hall,1
reservation,1
careless,1
province,1
appears,1
default,1
catalogs,1
population,1
cardinal,1
excavaited,1
biases,1
nonevidence,1
acquaintance,1
outstanding,1
scienza,1
metals,1
ford,1
stoneworking,1
pliocene,1
absolute,1
taught,1
armor,1
earliesit,1
revived,1
adolescent,1
scene,1
cows,1
alt,1
influenced,1
criteria,1
receive,1
reacting,1
exert,1
undatable,1
scripture,1
unequal,1
learn,1
future,1
canyon,1
relief,1
seminal,1
revealed,1
sonora,1
paleonitologist,1
bc,1
scope,1
implement,1
contexts,1
pliny,1
congresso,1
fraser,1
start,1
byron,1
turning,1
nearest,1
adjuncts,1
simplification,1
prominent,1
prompted,1
delaware,1
ihunting,1
civil,1
unfinished,1
tombs,1
clearer,1
inconsistenceies,1
sidelight,1
comment,1
thoughts,1
feared,1
thalt,1
literature,1
faunas,1
v,1
genuine,1
older,1
horn,1
extensive,1
travel,1
issues,1
specialized,1
climatic,1
dozier,1
relevance,1
enforce,1
nach,1
internacional,1
irving,1
et,1
forces,1
withstanding,1
emma,1
personal,1
revaluation,1
frederic,1
plurality,1
riding,1
believes,1
eleplhant,1
philosophically,1
reconstructing,1
won,1
strengthened,1
elephant,1
profiles,1
enthusiastic,1
kay,1
trends,1
weeks,1
affidavits,1
hypoitheses,1
errors,1
t,1
premiere,1
earth,1
entitle,1
preceded,1
causal,1
good,1
social,1
excavated,1
climates,1
accused,1
nels,1
tolerant,1
peopled,1
los,1
ancienit,1
correct,1
mather,1
hard,1
cruder,1
distances,1
simpler,1
volume,1
relating,1
peruvian,1
discourse,1
sixty,1
quite,1
around,1
ositeological,1
chamberlain,1
proijectile,1
accomplished,1
objectively,1
initeresting,1
displeased,1
county,1
supposedly,1
culb,1
protect,1
usual,1
weapons,1
sculptures,1
impossible,1
fashions,1
fully,1
managed,1
condemned,1
fossilization,1
struck,1
descendants,1
rau,1
progress,1
universities,1
woln,1
wife,1
resistance,1
proper,1
antiquiity,1
notes,1
haze,1
reflected,1
figgins,1
relapse,1
miserable,1
geographical,1
activities,1
promising,1
clutching,1
objected,1
inrto,1
floundering,1
nations,1
south,1
span,1
confirm,1
happen,1
press,1
san,1
indigenous,1
situdies,1
ramifications,1
saga,1
contest,1
absence,1
contact,1
entitled,1
sapiens,1
dendrochronologically,1
provable,1
identified,1
correlating,1
indianer,1
logically,1
antecedenits,1
service,1
scriptural,1
play,1
return,1
brief,1
indication,1
cenozoic,1
nearly,1
brings,1
object,1
disitinctly,1
formative,1
above,1
sitill,1
thinkers,1
expanded,1
passengers,1
builders,1
unprecedented,1
southern,1
artist,1
hester,1
jesus,1
direction,1
positive,1
answering,1
colleicted,1
biological,1
olthers,1
once,1
sweeping,1
antiquarian,1
outlining,1
push,1
examined,1
cleveland,1
worthless,1
fierceness,1
counterparts,1
east,1
evolved,1
columbus,1
fifth,1
reprimiands,1
favorable,1
index,1
koch,1
arguments,1
compiled,1
included,1
hay,1
supplied,1
assistance,1
ttook,1
teaching,1
performed,1
joly,1
paleoliths,1
experimental,1
inferences,1
outlined,1
subdivisions,1
flight,1
schultz,1
frightened,1
belonging,1
wisconsin,1
illustrated,1
confirmed,1
endear,1
prematurely,1
phoenix,1
skald,1
quotations,1
williams,1
rome,1
liths,1
comprehensible,1
harper,1
spatially,1
subjective,1
catalog,1
flake,1
mound,1
boucher,1
resolution,1
wasley,1
fire,1
museums,1
faunistic,1
westward,1
heritage,1
book,1
attacks,1
lapse,1
factory,1
mentions,1
stream,1
mark,1
death,1
academy,1
panhandleplains,1
christ,1
similarly,1
curator,1
tremendous,1
projects,1
residence,1
adherence,1
phantom,1
valid,1
consideration,1
hollow,1
asipects,1
voicing,1
marvels,1
unprepared,1
agree,1
appeared,1
abstract,1
pretty,1
enable,1
froim,1
larger,1
exterminating,1
demonstrating,1
minneapolis,1
fouund,1
sol,1
granit,1
subscribing,1
americanistes,1
distributions,1
functionally,1
pattern,1
remark,1
typological,1
jeffries,1
kirk,1
enithusiasm,1
patterns,1
ages,1
enough,1
billings,1
chiapter,1
drove,1
leisured,1
preadamites,1
sayles,1
paris,1
lehner,1
road,1
definite,1
dorothy,1
equate,1
validity,1
empire,1
whoi,1
dressling,1
establish,1
develoiped,1
horace,1
iniadequate,1
spoke,1
ahead,1
heaps,1
teeth,1
jeremiah,1
preparation,1
jelinek,1
flint,1
againsit,1
burgwin,1
educated,1
predynastic,1
free,1
remarkably,1
differentiation,1
presentation,1
maya,1
remained,1
original,1
sterling,1
investigators,1
greatest,1
collecting,1
meaningful,1
associates,1
casual,1
accuses,1
session,1
intent,1
crudely,1
skepticism,1
rendered,1
reversed,1
shaky,1
pave,1
israel,1
writings,1
mosit,1
including,1
arose,1
sworn,1
beals,1
wrapt,1
contacts,1
manifestations,1
arbitrarily,1
skeletal,1
ethnography,1
skeptical,1
combining,1
food,1
clouded,1
sold,1
thiat,1
assumption,1
factor,1
harvard,1
resulting,1
bitter,1
exhibited,1
styles,1
engaged,1
unanimity,1
laboratory,1
franklin,1
griggs,1
partisan,1
strikingly,1
morphological,1
secoind,1
continuities,1
libby,1
clear,1
compressed,1
directed,1
authors,1
grew,1
lamented,1
fallacy,1
peripheral,1
inadequate,1
som,1
brass,1
urge,1
logic,1
ancestry,1
admission,1
individual,1
architectural,1
homes,1
allowed,1
characterized,1
easton,1
skulls,1
parts,1
collected,1
indisputable,1
stages,1
mountain,1
mammals,1
kept,1
houlghton,1
improved,1
fancy,1
standard,1
abundant,1
lose,1
adequately,1
fleshless,1
admirers,1
spent,1
discarded,1
sentiment,1
include,1
effoirt,1
trying,1
elaborate,1
alpine,1
broladening,1
aloing,1
greatly,1
tactics,1
organizatioh,1
accordingly,1
intrasite,1
materilals,1
facts,1
securely,1
seattle,1
excluded,1
keith,1
departmental,1
primitive,1
congres,1
wish,1
conscience,1
slightly,1
horse,1
twofold,1
salemwilmsen,1
parameters,1
herding,1
clinched,1
frivolities,1
ago,1
propose,1
demolishing,1
attention,1
la,1
relics,1
division,1
species,1
justice,1
attended,1
decision,1
blackwater,1
laet,1
revolved,1
carried,1
depth,1
asking,1
defensible,1
unstable,1
nomenclature,1
architeciture,1
me,1
swinging,1
witlhin,1
belonged,1
publishing,1
tentative,1
overithrow,1
invesitigating,1
seventeen,1
movements,1
figure,1
five,1
foreign,1
naturally,1
moluccan,1
americanist,1
rough,1
globe,1
beenwilmsen,1
lines,1
leslie,1
remotely,1
cromagnon,1
racial,1
institutions,1
trait,1
referred,1
mood,1
collections,1
indiscriminate,1
force,1
worse,1
ster,1
overlap,1
culturalecological,1
dent,1
spade,1
volumes,1
reconsider,1
inspired,1
often,1
satisfaction,1
impersonal,1
solecki,1
kill,1
htad,1
deductive,1
fall,1
hope,1
implies,1
respect,1
spark,1
collateral,1
cointinent,1
months,1
itself,1
face,1
articles,1
repeat,1
mud,1
rigorous,1
conservation,1
forest,1
joseph,1
distributional,1
matters,1
detail,1
burned,1
circumscribed,1
disturb,1
suggesited,1
proof,1
sideshow,1
contained,1
correlative,1
curious,1
deposited,1
jarcho,1
eventually,1
doine,1
rockier,1
precedence,1
reviewing,1
gravels,1
comes,1
complexity,1
mentioned,1
occupatfions,1
grand,1
antediluvian,1
consider,1
dearth,1
founded,1
mackenzie,1
ever,1
epstein,1
speculating,1
theme,1
dubious,1
siteps,1
barbarism,1
precise,1
objects,1
apprehended,1
fluctuating,1
willingness,1
trapped,1
borrow,1
occurrences,1
temple,1
dovetail,1
plate,1
quaternary,1
carbon,1
cover,1
loically,1
quickly,1
know,1
drowned,1
respecting,1
classificatioin,1
postglacial,1
stem,1
untermeyer,1
slane,1
sure,1
unglaciated,1
officials,1
microspatial,1
spontaneous,1
worth,1
assumed,1
aleutians,1
branches,1
gone,1
nonfluted,1
clog,1
best,1
ft,1
leaders,1
down,1
lyceum,1
style,1
print,1
chipping,1
bliblical,1
wealthy,1
temper,1
classificatioln,1
universal,1
regard,1
inquiry,1
counting,1
spaniards,1
spiare,1
paleontology,1
salem,1
linked,1
polynesian,1
americanistas,1
indisputably,1
visits,1
ritchie,1
cities,1
dost,1
producers,1
utilized,1
thompson,1
russia,1
ethos,1
advances,1
overstate,1
turned,1
purported,1
knows,1
thanked,1
outlines,1
abstruse,1
molund,1
economy,1
aittempting,1
carefully,1
investigation,1
heizer,1
whether,1
reconcile,1
biut,1
thirty,1
maintain,1
reiterated,1
preoccupation,1
anid,1
mere,1
grief,1
interval,1
countering,1
temporally,1
penetration,1
travellers,1
lemuria,1
satisfactory,1
cincinnati,1
foundations,1
remarked,1
prismatic,1
explored,1
yield,1
agreed,1
virginia,1
dedication,1
pengelly,1
diisturbed,1
urban,1
diates,1
kindled,1
des,1
arterican,1
vitiated,1
hurst,1
both,1
magnificent,1
boston,1
capable,1
pachacamac,1
intention,1
poems,1
son,1
elias,1
contribuitions,1
inaccuracies,1
booke,1
thereby,1
introduced,1
interchange,1
beach,1
despite,1
prevalent,1
pecos,1
develop,1
interstadial,1
role,1
duty,1
convinced,1
die,1
tried,1
song,1
reappraisal,1
territory,1
rationale,1
acute,1
confronted,1
measure,1
finley,1
atti,1
vero,1
spinden,1
circus,1
programs,1
reconstruct,1
triumphantly,1
manufacturing,1
botany,1
palms,1
writing,1
harrison,1
coming,1
postcolonial,1
poissibly,1
precision,1
relates,1
come,1
eric,1
culturial,1
additional,1
false,1
burnet,1
wild,1
fred,1
enthusiasm,1
neoindian,1
recording,1
quicksand,1
difference,1
encouragement,1
autochthonous,1
entire,1
advent,1
web,1
national,1
write,1
accepit,1
finally,1
sprung,1
explanation,1
dangerous,1
joinedwilmsen,1
documentation,1
romer,1
richard,1
fatal,1
canadian,1
grotius,1
manufacture,1
gross,1
opinions,1
prefixing,1
aristotelian,1
mongoloids,1
obvious,1
involving,1
france,1
doing,1
nott,1
playing,1
discounted,1
geologist,1
objections,1
oldest,1
extremely,1
semblance,1
folly,1
thian,1
christi,1
summary,1
vi,1
thousand,1
drift,1
vessel,1
news,1
braidwood,1
tolstoy,1
ninth,1
ascendancy,1
supply,1
johnson,1
yesterday,1
siaid,1
decoyed,1
partial,1
dark,1
bounds,1
substantial,1
element,1
severely,1
utah,1
ltheir,1
divergent,1
abandoned,1
focus,1
earthworks,1
mature,1
immoral,1
taylor,1
drew,1
rude,1
famous,1
enormous,1
premature,1
building,1
successive,1
plresented,1
showed,1
termed,1
classifications,1
race,1
polsition,1
customs,1
preconceptions,1
gold,1
hypothesis,1
