WORDCOUNTS,WEIGHT
the,740
of,587
and,217
to,195
in,193
a,158
be,131
is,107
this,99
as,91
that,89
for,83
was,78
it,67
materials,63
by,63
from,49
were,48
with,46
these,41
flint,41
which,41
material,39
are,37
but,33
may,32
hardness,31
upon,31
samples,31
other,30
properties,28
made,27
measurements,27
at,26
obsidian,26
on,26
such,24
than,24
no,24
range,24
their,24
or,23
stone,22
nature,22
general,22
one,21
all,21
an,21
more,21
been,21
physical,21
tool,20
have,20
sample,19
has,19
each,19
quartzite,19
they,18
used,18
under,18
should,18
terms,18
mean,17
its,17
only,17
values,17
testing,17
given,17
between,17
might,16
those,16
limestone,15
rocks,15
chert,15
not,15
thus,14
fossil,14
use,14
high,14
can,14
fracture,13
his,13
study,13
tools,13
tuff,13
will,13
also,13
measured,13
load,12
behavior,12
since,12
silicified,12
means,12
cut,12
could,12
value,12
would,12
so,12
tests,12
order,12
fall,12
dr,11
professor,11
point,11
most,11
basis,11
second,11
same,11
rock,11
hammer,11
series,11
penetration,11
height,10
within,10
some,10
regarded,10
toughness,10
two,10
obtained,10
diamond,10
paige,10
any,10
must,10
set,10
very,10
both,10
approximately,10
root,9
test,9
differences,9
there,9
surface,9
readings,9
scale,9
work,9
small,9
he,9
rockwell,9
variables,9
relative,9
antiquity,9
iii,9
investigation,9
while,9
operational,9
limits,8
per,8
ii,8
possible,8
archaeologist,8
operation,8
drill,8
density,8
though,8
massachusetts,8
results,8
flints,8
many,8
time,8
wood,8
low,8
three,8
property,8
writer,8
inch,7
into,7
lower,7
measurement,7
concerning,7
even,7
method,7
called,7
required,7
because,7
about,7
resiliency,7
technology,7
department,7
again,7
pressure,7
necessary,7
perhaps,7
significant,7
points,7
types,7
here,7
making,7
institute,7
reported,7
through,7
measure,7
much,7
nodule,6
if,6
true,6
had,6
first,6
taken,6
conditions,6
i,6
due,6
certain,6
factors,6
show,6
out,6
public,6
tested,6
characteristics,6
indicative,6
nearly,6
light,6
relevant,6
number,6
previously,6
latter,6
probably,6
we,6
bureau,6
seen,6
ie,6
different,6
utilized,6
particular,6
variability,6
evidence,6
rate,5
photographic,5
functional,5
being,5
said,5
found,5
procedure,5
mr,5
reading,5
case,5
east,5
far,5
expected,5
body,5
interesting,5
shore,5
upper,5
important,5
appear,5
greater,5
siliceous,5
cultural,5
metals,5
knowledge,5
literature,5
lowest,5
next,5
highly,5
when,5
limited,5
edgerton,5
individual,5
widely,5
regard,5
type,5
produce,5
mineralogical,5
course,5
defined,5
anglian,5
little,5
studies,4
considerations,4
devices,4
total,4
t,4
available,4
fully,4
perpendicular,4
moh,4
interest,4
relatively,4
ease,4
left,4
flake,4
without,4
rather,4
square,4
percussion,4
standard,4
impact,4
instrument,4
too,4
terminology,4
ranges,4
polishing,4
record,4
well,4
data,4
artifacts,4
place,4
flaking,4
tough,4
level,4
quite,4
several,4
polished,4
make,4
degree,4
yet,4
indebted,4
culture,4
volume,4
water,4
shows,4
end,4
identical,4
less,4
laboratory,4
structure,4
increasing,4
carried,4
table,4
practical,4
referred,4
frames,4
photographs,4
durability,4
believed,4
report,4
information,4
generally,4
resistance,4
until,4
average,4
need,4
glass,4
summary,4
artisan,4
major,4
frequent,3
environmental,3
utility,3
group,3
large,3
american,3
ways,3
h,3
specified,3
cutting,3
hence,3
certainly,3
give,3
definition,3
great,3
simple,3
linear,3
primary,3
mass,3
workability,3
determined,3
correlation,3
implements,3
kind,3
highest,3
wholly,3
compared,3
geological,3
drawn,3
whose,3
purely,3
superficial,3
process,3
determining,3
after,3
similar,3
importance,3
category,3
consider,3
plaster,3
opinion,3
result,3
distribution,3
assistance,3
understood,3
blow,3
something,3
appears,3
abrasive,3
monotron,3
directly,3
gained,3
apparent,3
whole,3
device,3
artifact,3
good,3
involved,3
cylinders,3
up,3
velocity,3
gross,3
etc,3
microphone,3
roads,3
included,3
homogeneous,3
complete,3
others,3
fact,3
attempting,3
larger,3
new,3
surfaces,3
camera,3
purposes,3
rebound,3
another,3
original,3
examination,3
chosen,3
archaeological,3
held,3
times,3
glassy,3
do,3
attention,3
depth,3
five,3
lines,3
primarily,3
indicate,3
face,3
sound,3
environment,3
variable,3
constant,3
known,3
minerals,3
particularly,3
section,3
what,3
volcanic,3
hoped,3
problem,3
suggests,3
finished,3
apparatus,3
modoc,3
copper,3
precision,3
ends,3
difference,3
dense,3
potential,3
assumed,3
does,2
done,2
horizontal,2
common,2
way,2
indicated,2
tester,2
meaning,2
generous,2
separated,2
extreme,2
determine,2
e,2
measures,2
complex,2
completely,2
easily,2
history,2
unlike,2
before,2
source,2
every,2
setting,2
later,2
advanced,2
j,2
departure,2
shaped,2
s,2
principles,2
tradition,2
confusion,2
able,2
goldbeck,2
scratching,2
fresh,2
devised,2
state,2
somewhat,2
owing,2
weathered,2
design,2
vol,2
uneven,2
felt,2
activity,2
measuring,2
conceptual,2
resources,2
above,2
harold,2
abrasion,2
exposed,2
usage,2
realized,2
author,2
neighbors,2
characteristic,2
heterogeneity,2
scratch,2
application,2
jr,2
extensively,2
guided,2
nor,2
amount,2
speed,2
third,2
single,2
burma,2
apparently,2
deeply,2
impressions,2
error,2
depths,2
promised,2
penetrations,2
adequate,2
exact,2
subjected,2
developed,2
centimeters,2
support,2
finer,2
affect,2
plus,2
university,2
established,2
metallurgy,2
clearly,2
just,2
exposure,2
w,2
commonly,2
requires,2
view,2
standards,2
based,2
appearance,2
inherent,2
term,2
late,2
produced,2
inches,2
cannot,2
excellent,2
otherwise,2
procedures,2
explain,2
facilities,2
wide,2
possibility,2
having,2
kg,2
inferred,2
scope,2
nucleus,2
goodman,2
crude,2
part,2
related,2
geology,2
cracking,2
kindly,2
showing,2
preparation,2
transmit,2
statistically,2
least,2
correct,2
working,2
below,2
suggest,2
subjective,2
arbitrary,2
essentially,2
impossible,2
division,2
coloration,2
always,2
using,2
hammerstone,2
seemed,2
f,2
critical,2
units,2
matter,2
lesser,2
comparative,2
whatever,2
structural,2
engineering,2
illuminating,2
once,2
elapsed,2
photographed,2
gravimetric,2
incipient,2
pp,2
decimal,2
birch,2
falls,2
blotches,2
switch,2
already,2
qualified,2
nodules,2
sector,2
kilograms,2
technique,2
fell,2
pointed,2
similarly,2
limit,2
areas,2
striking,2
rotated,2
choice,2
gray,2
fashion,2
discussed,2
serious,2
conclusions,2
kit,2
plate,2
paris,2
road,2
existing,2
see,2
gives,2
meandering,2
remove,2
demonstrated,2
lap,2
yellowstone,2
explanation,2
drills,2
increase,2
arbitrarily,2
unfortunately,2
francis,2
sequence,2
harvard,2
check,2
specimen,2
open,2
significance,2
allowed,2
him,2
black,2
provides,2
shutter,2
methods,2
feet,2
relation,2
saw,2
evaluated,2
dealing,2
indication,2
pieces,2
carborundum,2
who,2
construction,2
hope,2
holmes,2
exists,2
neglected,2
then,2
impulse,2
elaborate,2
mentioned,2
homogeneity,2
extensive,2
steel,2
precise,2
spots,2
few,2
sciences,2
natural,2
principle,2
interested,2
did,2
associated,2
iron,2
pictures,2
u,2
concrete,2
automatic,2
them,2
axis,2
theory,2
extent,2
utilitarian,2
require,2
dark,2
emphasis,2
matrix,2
pits,2
ohio,2
press,2
techniques,2
assumptions,2
prepared,2
white,2
soft,2
shown,2
numerous,2
frame,2
shatters,2
armstrong,2
tabular,2
classification,2
specific,2
removed,2
element,2
glance,2
among,2
building,2
showed,2
difficult,1
prefer,1
edge,1
adopt,1
groups,1
systematization,1
identity,1
ready,1
represent,1
everyone,1
resulted,1
college,1
heights,1
alone,1
brittle,1
plainly,1
disc,1
forcing,1
becoming,1
registering,1
centimeter,1
kinds,1
designed,1
confines,1
inconsistent,1
peripherally,1
satisfied,1
former,1
radcliffe,1
contention,1
undertaken,1
justified,1
presents,1
occurred,1
moving,1
fulfillment,1
connotations,1
corresponding,1
contact,1
turning,1
porous,1
experience,1
brandon,1
came,1
fraction,1
gap,1
stressed,1
sources,1
familiarity,1
long,1
advisable,1
defects,1
preceding,1
production,1
interests,1
derives,1
motor,1
attempt,1
utilization,1
worked,1
seems,1
supplied,1
georgia,1
twenty,1
assess,1
together,1
constituents,1
compounds,1
potentially,1
analyses,1
origin,1
arises,1
borne,1
scheme,1
reveal,1
composition,1
wore,1
take,1
real,1
subsequent,1
efficiently,1
help,1
achieved,1
mind,1
fullest,1
greatly,1
remainder,1
opposite,1
hallam,1
gm,1
similarities,1
weighing,1
evaluation,1
scratches,1
fortune,1
conchoidal,1
described,1
accuracy,1
indebtedness,1
collaborate,1
shaken,1
recorded,1
courtesy,1
key,1
task,1
advice,1
conditioned,1
amplified,1
firm,1
solving,1
licking,1
toughnesses,1
account,1
indirectly,1
replacement,1
capable,1
recommended,1
marked,1
omissions,1
condition,1
reaching,1
reaction,1
deformation,1
bibliography,1
structurally,1
investigator,1
taking,1
looseness,1
classifications,1
quantity,1
desirable,1
along,1
undoubtedly,1
himself,1
inexpensive,1
engage,1
lights,1
inventory,1
pursuing,1
diversity,1
throughout,1
review,1
differential,1
surely,1
toughest,1
explained,1
component,1
quality,1
definitely,1
mm,1
ultra,1
run,1
calculated,1
flashes,1
categorized,1
tables,1
terraces,1
cooperate,1
reproduced,1
decided,1
relations,1
petrographic,1
occurs,1
restore,1
tabulated,1
squaring,1
clark,1
places,1
permitted,1
blank,1
peculiarity,1
served,1
suitable,1
forbid,1
chipping,1
ideal,1
truly,1
publications,1
mechanical,1
momentary,1
suitability,1
student,1
journal,1
operative,1
hardly,1
loan,1
measurementsamerican,1
mechanism,1
deplorable,1
higher,1
aim,1
site,1
defection,1
simultaneously,1
stills,1
york,1
upright,1
statements,1
principally,1
factual,1
arising,1
centered,1
stop,1
elasticity,1
museum,1
preparing,1
neatly,1
approaches,1
represented,1
granted,1
supplement,1
direct,1
ix,1
special,1
manipulative,1
summarized,1
productive,1
scattered,1
extremes,1
schematize,1
qualify,1
facilitated,1
space,1
marks,1
prehistory,1
cherts,1
possibly,1
organization,1
sorts,1
familiar,1
grains,1
slowly,1
seeing,1
presumably,1
tenacity,1
placed,1
mary,1
weak,1
differs,1
frequently,1
situations,1
operate,1
max,1
additional,1
lithic,1
shed,1
chips,1
discarded,1
bancroft,1
cost,1
plates,1
preferably,1
hereafter,1
exploitation,1
peabody,1
flakes,1
firmly,1
wyoming,1
metal,1
providing,1
numerical,1
incapable,1
character,1
opening,1
ordinarily,1
arrived,1
remembered,1
floe,1
erican,1
avenue,1
carrying,1
color,1
strength,1
determines,1
typical,1
effort,1
seven,1
lived,1
her,1
criticisms,1
requirements,1
noting,1
minutely,1
almost,1
midway,1
evaluate,1
intensive,1
equally,1
furthermore,1
abrasives,1
photography,1
intensity,1
meet,1
hammers,1
applied,1
erratic,1
thin,1
contiguous,1
however,1
excluded,1
explored,1
absolute,1
premise,1
flaked,1
silicon,1
elastic,1
briefly,1
receive,1
expensive,1
aspects,1
failure,1
outstanding,1
shape,1
underlie,1
suspended,1
trial,1
distinguish,1
r,1
makers,1
minute,1
tripping,1
obscure,1
carry,1
competent,1
concept,1
brought,1
heavily,1
example,1
electrical,1
positions,1
ten,1
audibly,1
essentialamerican,1
gave,1
describe,1
consistently,1
termsam,1
fail,1
refined,1
carbide,1
postulated,1
broad,1
faint,1
records,1
relevance,1
actually,1
bits,1
irving,1
forces,1
personal,1
away,1
reflect,1
cubic,1
participate,1
shattering,1
errors,1
either,1
ridged,1
detailed,1
permit,1
sense,1
hard,1
field,1
corresponds,1
especial,1
reliable,1
appended,1
box,1
archaeology,1
interacting,1
standpoint,1
grams,1
eleven,1
wider,1
exigencies,1
breaking,1
choosing,1
distinguished,1
illusions,1
clyde,1
tended,1
barely,1
visible,1
necessity,1
dependent,1
limestones,1
rigidity,1
peculiar,1
preliminary,1
moved,1
valuable,1
whitish,1
blanket,1
portion,1
therefore,1
film,1
noteworthy,1
situation,1
sawed,1
variety,1
various,1
requirement,1
short,1
indeed,1
synthesis,1
labors,1
service,1
surprisingly,1
subject,1
motivated,1
arithmetical,1
exception,1
prevailing,1
reduce,1
prove,1
expanded,1
conceived,1
elapsing,1
comments,1
sponsored,1
manifest,1
registered,1
direction,1
selection,1
resilient,1
percentage,1
sincere,1
incursion,1
reference,1
permission,1
definable,1
represents,1
makes,1
read,1
renaming,1
serve,1
financial,1
ring,1
wearing,1
cliff,1
neither,1
marshall,1
choices,1
performed,1
experimental,1
experiment,1
reports,1
practicality,1
noted,1
increasingly,1
geologists,1
irvine,1
independent,1
picture,1
published,1
useful,1
name,1
aspect,1
skill,1
reporting,1
experienced,1
successively,1
lighter,1
expose,1
lack,1
valid,1
consideration,1
preserve,1
head,1
perceptible,1
utilizing,1
plan,1
agree,1
appeared,1
metamorphism,1
really,1
substantially,1
variation,1
venture,1
diameter,1
considerable,1
succeeding,1
reasons,1
question,1
channel,1
conspicuously,1
adjacent,1
increases,1
where,1
continuing,1
validity,1
accepted,1
armed,1
axes,1
simplicity,1
parted,1
maya,1
remained,1
plane,1
interpreting,1
local,1
fundamentally,1
greatest,1
exhibit,1
extended,1
vast,1
theirs,1
divided,1
skepticism,1
considering,1
background,1
observable,1
availing,1
including,1
manufactured,1
individuality,1
medium,1
room,1
narrowness,1
entirely,1
operated,1
assume,1
causes,1
aside,1
submitted,1
actual,1
nothing,1
individuals,1
improvements,1
functionally,1
scleroscope,1
authors,1
comprehensive,1
publication,1
express,1
agreement,1
taxonomic,1
clue,1
faces,1
august,1
divisions,1
physics,1
characterized,1
helpful,1
revised,1
spread,1
function,1
features,1
drilling,1
accurate,1
probable,1
earlier,1
conversation,1
fred,1
movius,1
adequately,1
especially,1
labels,1
problems,1
satisfy,1
qualities,1
macroscopic,1
reads,1
hand,1
narrow,1
emphasized,1
respectively,1
effect,1
xxxviamerican,1
james,1
electric,1
artisans,1
slightly,1
equivalent,1
dividing,1
authorship,1
save,1
haven,1
roster,1
brown,1
performing,1
separate,1
implicitly,1
suggestion,1
scrutinized,1
she,1
fairly,1
continued,1
naturally,1
macroscopically,1
rough,1
blotchy,1
instrumentsamerican,1
reasonable,1
vague,1
bulletin,1
excluding,1
reason,1
strongly,1
yale,1
force,1
divergences,1
wasfrom,1
contribution,1
inadequate,1
anxious,1
expert,1
length,1
class,1
often,1
responsible,1
efficiency,1
analysis,1
diagnostic,1
existed,1
magnification,1
respect,1
supporting,1
constants,1
sandstone,1
ridges,1
mirror,1
matters,1
differentiated,1
magnitude,1
fifteen,1
outstandingly,1
prohibited,1
conclusion,1
comparison,1
simply,1
constituted,1
ever,1
discrepancy,1
recognizable,1
offered,1
seating,1
cracked,1
photomicrographs,1
alternative,1
cover,1
know,1
amplifying,1
mutually,1
intellectual,1
country,1
anthropology,1
cm,1
substantiates,1
cultures,1
connection,1
seem,1
talc,1
funnel,1
best,1
unknown,1
down,1
half,1
cc,1
allied,1
reliability,1
obviously,1
speculation,1
exhaustive,1
benefit,1
reflected,1
build,1
anomalous,1
better,1
evident,1
dissociation,1
william,1
according,1
automatically,1
carefully,1
implicit,1
accounts,1
enlistment,1
unsuitability,1
elaborations,1
add,1
statement,1
lengths,1
irrawaddy,1
consisting,1
exposures,1
densities,1
prepare,1
isolable,1
pebble,1
observations,1
middle,1
popular,1
spaces,1
gratitude,1
unseen,1
boston,1
presented,1
dennison,1
conclude,1
introduced,1
chip,1
confirm,1
easy,1
lies,1
happens,1
pi,1
finish,1
reconstruct,1
phenomenon,1
indians,1
ellen,1
varied,1
our,1
come,1
formation,1
devoted,1
breaks,1
commercial,1
reveals,1
wielded,1
mode,1
completed,1
satisfactory,1
manufacturers,1
detached,1
correlated,1
manufacture,1
product,1
effects,1
piece,1
area,1
remains,1
repeat,1
roughly,1
traveling,1
doubtless,1
needs,1
retouch,1
thousand,1
creamy,1
preferentially,1
carl,1
compunction,1
themselves,1
consisted,1
early,1
carborundtm,1
characters,1
entire,1
develop,1
duration,1
comparable,1
whenever,1
representedamerican,1
successive,1
doing,1
ca,1
close,1
haiti,1
looking,1
thorough,1
