WORDCOUNTS,WEIGHT
the,361
of,256
and,197
in,135
to,130
a,109
is,87
that,78
are,62
it,54
for,51
we,49
not,37
with,37
from,37
be,36
what,35
or,32
as,32
they,31
by,31
have,31
data,27
but,27
which,26
archaeological,26
on,25
many,23
one,22
this,22
an,20
at,19
their,19
been,19
may,17
how,17
between,17
all,16
those,16
more,16
than,15
do,14
has,13
study,13
things,13
so,13
c,13
i,12
these,12
m,11
into,11
record,11
lead,11
archaeology,11
rock,11
were,11
can,11
some,11
given,11
american,10
kind,10
knowledge,10
et,10
make,10
often,10
material,10
studies,9
no,9
was,9
just,9
will,9
same,9
al,9
only,9
our,9
class,9
antiquity,9
capture,8
isotope,8
actually,8
us,8
figure,8
any,8
know,8
different,8
them,8
now,7
e,7
other,7
even,7
rather,7
archaeometry,7
statistical,7
its,7
whole,7
research,7
where,7
radiocarbon,7
joel,7
information,7
you,7
early,7
should,7
entities,6
if,6
being,6
there,6
point,6
evaluating,6
since,6
distribution,6
uncertainties,6
objects,6
age,6
my,6
social,6
edited,6
time,6
analysis,6
then,6
sherds,6
der,6
particular,6
question,6
barnes,6
word,5
t,5
address,5
europe,5
promontory,5
real,5
de,5
y,5
chippindale,5
means,5
marks,5
observations,5
w,5
most,5
prehistoric,5
found,5
affair,5
systematic,5
few,5
pot,5
society,5
pp,5
j,5
two,5
also,5
new,5
less,5
true,5
european,5
relationship,5
usually,5
quantitative,5
known,5
bronze,5
budd,5
seem,5
come,5
d,5
does,4
expect,4
large,4
kinds,4
pots,4
first,4
every,4
ii,4
s,4
take,4
bones,4
mass,4
uncertain,4
human,4
g,4
characteristic,4
ai,4
essential,4
l,4
essence,4
en,4
university,4
surface,4
history,4
societies,4
p,4
out,4
further,4
though,4
elemental,4
because,4
aspects,4
well,4
artifacts,4
los,4
database,4
place,4
issues,4
usual,4
world,4
notice,4
he,4
barrows,4
comments,4
studien,4
under,4
useful,4
never,4
number,4
understanding,4
made,4
full,4
three,4
would,4
wish,4
systems,4
methods,4
why,4
when,4
sciences,4
natural,4
art,4
cambridge,4
ores,4
much,4
among,4
go,3
groups,3
truth,3
represent,3
use,3
stone,3
ways,3
ore,3
taken,3
broken,3
simple,3
uncertainly,3
accumulated,3
inland,3
date,3
papers,3
cap,3
collection,3
exposed,3
differential,3
que,3
interest,3
century,3
amount,3
generation,3
site,3
fort,3
exact,3
statements,3
basic,3
landscape,3
coastal,3
remote,3
direct,3
essentials,3
paleolithic,3
consider,3
metal,3
could,3
method,3
captured,3
gill,3
however,3
work,3
part,3
records,3
good,3
field,3
distinguished,3
units,3
proxy,3
matter,3
scientific,3
nearly,3
hold,3
makes,3
read,3
thought,3
ancient,3
reedy,3
toward,3
classical,3
pattern,3
ground,3
see,3
answer,3
classes,3
discussion,3
nothing,3
encapsulate,3
dating,3
trade,3
defense,3
christopher,3
k,3
relation,3
attention,3
topography,3
today,3
lines,3
who,3
collections,3
itself,3
la,3
difference,3
hope,3
case,3
metallurgie,3
comes,3
physical,3
paper,3
very,3
distinctive,3
past,3
country,3
better,3
terms,3
form,3
making,3
problem,3
explored,3
categories,3
press,3
variability,3
think,3
varied,3
evidence,3
defined,3
measured,3
remains,3
classification,3
uncertainty,3
orton,2
prefer,2
concerned,2
later,2
plainly,2
berlin,2
complex,2
anfang,2
identify,2
deranfang,2
remind,2
english,2
total,2
contexts,2
lower,2
round,2
said,2
wrong,2
long,2
actual,2
nature,2
archaeologically,2
great,2
hechos,2
hunting,2
stand,2
discipline,2
within,2
british,2
issue,2
con,2
dr,2
recorded,2
key,2
captures,2
logical,2
reply,2
occupy,2
say,2
far,2
modem,2
central,2
review,2
westport,2
z,2
nelson,2
refer,2
back,2
response,2
difficulty,2
suitable,2
find,2
pasado,2
drawn,2
archaeologist,2
journal,2
practically,2
grasp,2
his,2
mechanics,2
contour,2
thing,2
landscapes,2
certain,2
barrow,2
awareness,2
consequences,2
determination,2
tho,2
affect,2
prehistory,2
dwight,2
metallurgy,2
upper,2
nowadays,2
show,2
distracting,2
instance,2
care,2
important,2
numerical,2
had,2
result,2
closely,2
whom,2
missouri,2
deal,2
treat,2
burial,2
cannot,2
shape,2
sites,2
having,2
r,2
used,2
carry,2
del,2
london,2
pernicka,2
related,2
irish,2
northern,2
people,2
statistics,2
smelting,2
rowe,2
own,2
regions,2
excavated,2
sense,2
simpler,2
event,2
characteristics,2
choose,2
brought,2
portions,2
always,2
visible,2
up,2
structured,2
happen,2
led,2
reduced,2
materials,2
identified,2
economic,2
classic,2
april,2
neat,2
single,2
para,2
about,2
once,2
yet,2
museum,2
rightly,2
complete,2
enquiry,2
name,2
business,2
again,2
available,2
match,2
rugged,2
developed,2
really,2
patterns,2
conclusions,2
creature,2
accepted,2
mismatches,2
practice,2
por,2
perhaps,2
going,2
realize,2
valleys,2
convenient,2
casting,2
able,2
kansas,2
raftery,2
indiana,2
sufficiently,2
top,2
expression,2
questions,2
laboratory,2
chosen,2
similar,2
clear,2
points,2
amounts,2
like,2
counted,2
after,2
neutral,2
especially,2
exactly,2
britain,2
equivalent,2
figures,2
ago,2
decay,2
fairly,2
chance,2
begin,2
becomes,2
understand,2
quite,2
researcher,2
respect,2
types,2
centuries,2
variable,2
thinking,2
must,2
measurements,2
set,2
over,2
tured,2
sure,2
believe,2
iii,2
las,2
evident,2
proceedings,2
whether,2
cause,2
proven,2
theory,2
exposures,2
thames,2
secure,2
noticed,2
ideal,2
paintings,2
presented,2
through,2
copper,2
concordance,2
und,2
coles,2
shown,2
instead,2
need,2
seeks,2
caption,2
needs,2
debate,2
predictable,2
seek,2
north,2
recent,2
final,1
grasped,1
gis,1
difficult,1
friihbronzezeitlicherbodenfunde,1
portuguese,1
mostly,1
o,1
doubts,1
limits,1
common,1
way,1
meaning,1
responds,1
nuestras,1
imported,1
integrating,1
created,1
steinbring,1
measures,1
alone,1
introduction,1
originate,1
sphere,1
defenses,1
lumpy,1
becoming,1
measurable,1
classificatic,1
chaffee,1
live,1
library,1
generalinente,1
h,1
shoul,1
easily,1
metallanalysen,1
esto,1
borges,1
skyline,1
expects,1
ti,1
realities,1
mindscape,1
conclusive,1
overlook,1
position,1
sited,1
equated,1
barclay,1
habits,1
schroder,1
perceptive,1
maybe,1
viewpoints,1
ouzmay,1
something,1
newbury,1
bahn,1
leads,1
consistent,1
sit,1
exacting,1
rougher,1
failing,1
sources,1
certainly,1
production,1
mnaterial,1
interests,1
ellas,1
neolithic,1
saysforum,1
repertoire,1
give,1
attempts,1
chaos,1
aldenderfer,1
concentrated,1
palabra,1
copperalloy,1
location,1
elusive,1
anywhere,1
england,1
discerned,1
official,1
definition,1
foui,1
scientists,1
assess,1
broadly,1
together,1
friihen,1
highland,1
thank,1
indeed,1
origin,1
pagan,1
studied,1
guessed,1
complejo,1
renfrew,1
survey,1
subsequent,1
independent,1
last,1
state,1
keith,1
concepts,1
ambiguous,1
intelligence,1
observaciones,1
registlos,1
wyman,1
context,1
el,1
debitage,1
depends,1
sound,1
nar,1
quicksilver,1
swells,1
existence,1
geochemical,1
weathered,1
primary,1
iv,1
masked,1
proxies,1
saying,1
right,1
march,1
fractionation,1
quantities,1
impurity,1
certainties,1
possible,1
tracing,1
sale,1
zooarchaeology,1
fine,1
barry,1
apart,1
combination,1
desired,1
asserting,1
cited,1
apply,1
along,1
capturados,1
ritual,1
economies,1
tionally,1
removes,1
pursuing,1
framework,1
expertise,1
labor,1
useless,1
accommodate,1
iron,1
registlvo,1
representations,1
preferir,1
consideration,1
resembling,1
analyzing,1
tables,1
doctor,1
aus,1
helskog,1
shoi,1
regarded,1
relations,1
honest,1
vario,1
occurs,1
spot,1
application,1
discover,1
laurie,1
materially,1
sample,1
turn,1
feathers,1
abstractions,1
individual,1
distinct,1
elements,1
items,1
old,1
unhappiness,1
underlying,1
places,1
cosas,1
profound,1
differently,1
body,1
left,1
fullcontour,1
mechanical,1
leese,1
explore,1
geological,1
rockart,1
look,1
stuc,1
describir,1
occasional,1
formats,1
virtual,1
poorly,1
hidden,1
confusions,1
actitludes,1
awkward,1
permits,1
tigher,1
conven,1
excavate,1
recognized,1
whose,1
reflects,1
hopes,1
act,1
card,1
unretouched,1
purely,1
remain,1
foits,1
notices,1
notion,1
politicians,1
active,1
dealt,1
customarn,1
seized,1
andfcacts,1
b,1
recently,1
parts,1
contributions,1
gacaso,1
special,1
creek,1
arczhaeometry,1
white,1
receding,1
kupfer,1
animals,1
scattered,1
supposed,1
addressing,1
siemnpre,1
suffice,1
reinterpretation,1
methuen,1
reason,1
category,1
permitting,1
plural,1
locally,1
established,1
encourages,1
familiar,1
image,1
etymology,1
latin,1
proved,1
n,1
metalgroups,1
weak,1
differs,1
indefinitely,1
exploited,1
oi,1
linkage,1
requires,1
terminology,1
visibly,1
permanent,1
answers,1
imminent,1
sincc,1
preference,1
tyranny,1
providing,1
drawing,1
view,1
methodology,1
reflections,1
contention,1
opening,1
uses,1
advance,1
tc,1
came,1
based,1
identifying,1
siclo,1
tural,1
search,1
mapping,1
effort,1
lived,1
identifications,1
changed,1
international,1
dispute,1
zone,1
dowson,1
illness,1
pure,1
standardized,1
understood,1
cultural,1
wishing,1
studying,1
tools,1
catalogs,1
placed,1
your,1
absolute,1
explain,1
acknowledgments,1
wvord,1
eustatic,1
oh,1
near,1
possibility,1
beaker,1
directly,1
artefacts,1
aprehender,1
line,1
bc,1
received,1
tool,1
qualifications,1
anothe,1
writers,1
preferred,1
prominent,1
county,1
su,1
competing,1
bahiforum,1
actors,1
comment,1
thoughts,1
positions,1
routinely,1
genuine,1
consistently,1
discussions,1
contains,1
accumulation,1
bits,1
kings,1
mathematical,1
ethnohistoric,1
somewhere,1
surrounding,1
astute,1
wil,1
tears,1
horizon,1
encapsulates,1
indistinctly,1
manipulation,1
errors,1
either,1
misplaced,1
cools,1
causal,1
change,1
racloirs,1
computer,1
least,1
esteem,1
start,1
successful,1
pottery,1
below,1
wished,1
reliable,1
holes,1
coupled,1
mediterranean,1
diagnostic,1
ological,1
cognate,1
quantification,1
small,1
several,1
sufficient,1
shapes,1
bridge,1
routine,1
depression,1
museun,1
breaking,1
observe,1
australian,1
choosing,1
tanto,1
telling,1
impossible,1
enquire,1
generally,1
decisive,1
paid,1
games,1
lewiswilliams,1
notes,1
appropriate,1
weigh,1
crime,1
provided,1
rest,1
manuel,1
geographical,1
capturing,1
ini,1
transforming,1
south,1
f,1
portion,1
frecuenteinente,1
equivale,1
therefore,1
cle,1
larchaeornety,1
san,1
second,1
ofarchaeologicalanalysis,1
ventured,1
kupferzeitlicher,1
variety,1
myriad,1
attributable,1
unfenomeno,1
materiales,1
gradual,1
quantified,1
hardest,1
surprisingly,1
techniques,1
inferential,1
limited,1
play,1
schemes,1
hollows,1
community,1
still,1
intervention,1
presently,1
surviving,1
manifest,1
standing,1
drilled,1
dips,1
southern,1
biological,1
hominids,1
guide,1
archaeometric,1
forts,1
authorcapta,1
fair,1
interrelationship,1
accident,1
metallurgical,1
cliff,1
selective,1
neither,1
provisional,1
europas,1
ams,1
light,1
sharply,1
illustrated,1
qualified,1
goodness,1
dado,1
increasingly,1
williams,1
regional,1
conscientes,1
published,1
skeletons,1
postmodem,1
sam,1
ease,1
starting,1
monetarist,1
book,1
clive,1
mark,1
others,1
socd,1
deserves,1
ask,1
experienced,1
gentle,1
missing,1
archaeologi,1
analytical,1
americaappear,1
communal,1
fact,1
idea,1
luis,1
coincidence,1
treatment,1
regret,1
discord,1
samidentified,1
beliefs,1
appeared,1
sayre,1
anal,1
plagued,1
surfaces,1
feasting,1
contemporary,1
bundle,1
venture,1
mold,1
feedback,1
reasons,1
forms,1
stuff,1
hand,1
learn,1
nunca,1
model,1
manner,1
developing,1
existing,1
unclear,1
celebrated,1
forth,1
necessary,1
keynesian,1
breaks,1
cul,1
como,1
style,1
fundamentals,1
gives,1
featureless,1
thousands,1
analyzed,1
private,1
collecting,1
nutrition,1
encounter,1
intent,1
examples,1
background,1
observable,1
treated,1
easier,1
assemblages,1
shaky,1
aspectos,1
virgin,1
upon,1
range,1
formal,1
region,1
deposits,1
transformed,1
arose,1
looking,1
fuzzily,1
samples,1
ambiguo,1
entirely,1
bears,1
waste,1
han,1
confidence,1
characteristically,1
causes,1
variation,1
aside,1
extraordinarily,1
rare,1
variables,1
individuals,1
examination,1
knowable,1
sees,1
carn,1
theories,1
ilger,1
described,1
exports,1
compositions,1
sherd,1
reality,1
laboratories,1
doctors,1
publication,1
language,1
agreement,1
ireland,1
faces,1
counter,1
kii,1
mississippian,1
gardin,1
threw,1
revised,1
general,1
high,1
cally,1
volumes,1
standard,1
peebles,1
disconcertingly,1
artificia,1
ture,1
adecuada,1
comparing,1
grattoirs,1
article,1
trying,1
oresources,1
assures,1
become,1
exported,1
accordingly,1
availability,1
structure,1
james,1
cairnpapple,1
rafte,1
guess,1
looked,1
copyright,1
poco,1
recorc,1
harding,1
discoveries,1
cliffs,1
anatolia,1
separate,1
dancer,1
increasing,1
archaeomnetry,1
dealing,1
erratum,1
consists,1
bon,1
tests,1
wheth,1
cow,1
archaeoinetry,1
estar,1
provide,1
science,1
sometimes,1
superficially,1
rough,1
hill,1
prudent,1
investigador,1
fixing,1
fuse,1
substitution,1
bulletin,1
directions,1
un,1
seen,1
deposit,1
ordering,1
twigs,1
economists,1
visual,1
deals,1
expert,1
diagnosis,1
pertinence,1
enligma,1
es,1
introductory,1
cla,1
antiquities,1
fields,1
creatures,1
sis,1
busca,1
metallzeit,1
face,1
worlds,1
mounds,1
photographs,1
biology,1
considered,1
articulations,1
matters,1
addressed,1
deberiamos,1
rarely,1
associated,1
beast,1
elected,1
esenciales,1
following,1
repaired,1
intervened,1
series,1
conclusion,1
complexity,1
humane,1
ethnoarchaeology,1
technicalities,1
celtic,1
symbolic,1
slope,1
recognizable,1
thousand,1
scraping,1
membership,1
dun,1
sweden,1
offers,1
here,1
positivist,1
intellectual,1
each,1
fault,1
gale,1
december,1
coupling,1
jorge,1
setting,1
branches,1
sampling,1
did,1
down,1
classed,1
regard,1
emphasis,1
cures,1
counting,1
alienates,1
expresses,1
contradictory,1
goods,1
benefit,1
separating,1
cultivation,1
build,1
historical,1
living,1
risky,1
turned,1
growing,1
animal,1
beginning,1
knows,1
drop,1
day,1
economy,1
genera,1
answered,1
progresses,1
prefers,1
selected,1
references,1
plants,1
want,1
pertinent,1
add,1
metaphor,1
hoped,1
calculations,1
treachery,1
unnecessary,1
extent,1
fully,1
while,1
local,1
pursued,1
almost,1
too,1
middle,1
finished,1
both,1
researchers,1
valley,1
circumstances,1
preserved,1
thereby,1
little,1
slopes,1
ial,1
despite,1
atmospheric,1
whi,1
role,1
exploring,1
african,1
subject,1
intended,1
lies,1
replyarchaeonmetry,1
measure,1
conventional,1
substance,1
programs,1
disconcerting,1
abbott,1
phenomenon,1
mention,1
cycladic,1
isolated,1
tall,1
aspect,1
relates,1
named,1
wholes,1
false,1
pueclan,1
soft,1
until,1
obliged,1
survival,1
years,1
manageable,1
electronic,1
provenance,1
illinois,1
conditions,1
national,1
aware,1
crisis,1
dangerous,1
public,1
diligence,1
enlightenment,1
thirdly,1
define,1
pictographs,1
opinions,1
mas,1
engraving,1
derive,1
area,1
stroud,1
repeat,1
association,1
carr,1
offered,1
significa,1
admitting,1
carbon,1
certainty,1
supply,1
hills,1
liquid,1
vary,1
era,1
th,1
partial,1
import,1
element,1
grab,1
loy,1
ownership,1
verified,1
sourcing,1
images,1
counts,1
observed,1
asked,1
ca,1
close,1
evidently,1
darse,1
gold,1
thorough,1
