WORDCOUNTS,WEIGHT
the,319
of,292
in,165
a,133
to,116
and,115
stature,96
for,72
is,65
this,64
that,57
tikal,55
classic,53
have,51
at,49
from,42
which,40
with,38
be,38
as,37
by,37
was,36
population,35
an,34
may,32
are,32
late,29
burial,28
maya,28
on,28
not,27
would,26
been,25
no,25
i,25
it,23
formulae,23
cm,22
c,21
burials,20
there,20
early,20
american,19
tomb,19
vol,19
than,19
male,18
pp,18
measurement,18
these,17
situ,17
such,17
l,16
more,16
seems,15
mean,15
or,15
some,15
were,15
has,14
times,14
coe,14
based,13
males,13
those,12
e,11
one,11
but,11
university,11
only,11
guatemala,11
w,11
r,11
tombs,11
individual,11
so,11
females,10
all,10
time,10
trend,10
haviland,10
philadelphia,9
museum,9
class,9
we,9
social,9
bones,9
data,9
people,9
relatively,9
fig,9
when,9
probably,9
reduction,8
m,8
his,8
if,8
they,8
group,8
white,8
mexican,8
adult,8
trotter,8
other,8
marked,8
direct,8
reconstruction,7
expect,7
large,7
ad,7
skeleton,7
any,7
gleser,7
nutritional,7
skeletons,7
long,7
important,7
j,7
prehistoric,7
could,7
new,7
through,7
increase,7
individuals,7
difference,7
general,7
least,7
small,7
compared,7
even,7
situation,6
growth,6
reasonable,6
female,6
about,6
increased,6
dimorphism,6
fact,6
first,6
position,6
statural,6
had,6
seem,6
might,6
best,6
found,6
principal,6
case,6
problem,6
sexual,6
too,6
both,6
range,6
hereditary,6
three,6
their,6
period,6
remains,6
men,6
between,6
become,6
can,6
given,6
groups,5
interpretation,5
pop,5
flexed,5
b,5
he,5
study,5
true,5
organization,5
comparison,5
women,5
two,5
lower,5
noted,5
t,5
s,5
here,5
disturbance,5
greater,5
environment,5
paper,5
shows,5
appearance,5
consistent,5
do,5
same,5
cultural,5
placed,5
because,5
years,5
ruling,5
skeletal,5
use,5
facts,5
status,5
since,5
d,5
high,5
area,5
around,5
second,5
will,4
civilization,4
york,4
various,4
developed,4
does,4
krogman,4
who,4
taller,4
certain,4
perhaps,4
analysis,4
factors,4
table,4
towards,4
sex,4
later,4
development,4
total,4
result,4
conclusion,4
already,4
measurements,4
generally,4
reconstructions,4
also,4
human,4
alternative,4
others,4
over,4
estimation,4
called,4
extended,4
post,4
pattern,4
mexicans,4
though,4
where,4
them,4
terms,4
less,4
calculations,4
basis,4
used,4
size,4
region,4
lc,4
elite,4
must,4
indians,4
longyear,4
presented,4
suggest,4
antiquity,4
cases,4
preclassic,4
potential,4
body,4
estimate,4
find,4
up,4
among,4
comparable,4
north,4
evidence,4
major,4
higher,3
opposed,3
poor,3
led,3
partially,3
pearson,3
fairly,3
concerned,3
sometimes,3
figure,3
short,3
f,3
limited,3
institution,3
environmental,3
copan,3
complex,3
studies,3
food,3
centuries,3
modern,3
stable,3
considered,3
ancient,3
presents,3
included,3
proposed,3
gifford,3
lowlands,3
series,3
rather,3
upper,3
existence,3
commoners,3
precise,3
inhabitants,3
indicated,3
natural,3
appear,3
many,3
did,3
available,3
simple,3
heavy,3
rich,3
out,3
man,3
approximation,3
respect,3
conclusions,3
further,3
present,3
buried,3
affected,3
lead,3
whether,3
see,3
agricultural,3
continuum,3
demography,3
well,3
remained,3
produce,3
menasha,3
becomes,3
suggests,3
piedras,3
discussion,3
explanation,3
level,3
point,3
lake,3
apparent,3
above,3
its,3
formula,3
accord,3
figures,3
tall,3
stewart,3
collapse,3
ultimately,3
project,3
explained,3
inbreeding,3
puleston,3
trik,3
derived,3
bone,3
below,3
century,3
earlier,3
came,3
invasion,3
several,3
anonymous,3
few,3
essentially,3
villages,3
always,3
valley,3
equivalent,3
apparently,3
llc,3
dates,3
society,3
mortem,2
increasing,2
chronological,2
enough,2
site,2
go,2
now,2
sample,2
me,2
reduced,2
mexico,2
heavier,2
populations,2
yucatan,2
square,2
fruit,2
centimeters,2
subsistence,2
unusual,2
examples,2
introduction,2
indicates,2
per,2
indicate,2
abrupt,2
fall,2
united,2
h,2
settled,2
earliest,2
ruins,2
excavation,2
springfield,2
into,2
serious,2
ceramics,2
zaculeu,2
culture,2
material,2
tendency,2
mentioned,2
peoples,2
whiting,2
most,2
simply,2
under,2
occupied,2
surface,2
indications,2
humid,2
temple,2
implications,2
give,2
suggested,2
necessarily,2
advanced,2
honduras,2
whereas,2
five,2
limb,2
believe,2
deterioration,2
unknown,2
examination,2
rule,2
choice,2
lived,2
particularly,2
woodbury,2
newman,2
obviously,2
destined,2
sustaining,2
far,2
historical,2
emerge,2
pennsylvania,2
expansion,2
strain,2
edition,2
living,2
last,2
skull,2
date,2
represent,2
william,2
acropolis,2
somewhat,2
climate,2
impossible,2
persons,2
british,2
references,2
grounds,2
deep,2
deviation,2
estudios,2
adaptation,2
dismembered,2
method,2
while,2
u,2
degree,2
larger,2
information,2
local,2
account,2
determined,2
nutrition,2
rulers,2
place,2
prior,2
made,2
boston,2
periods,2
severely,2
postclassic,2
city,2
genetic,2
became,2
montagu,2
bc,2
vermont,2
factor,2
much,2
assume,2
inferences,2
carnegie,2
willey,2
being,2
thus,2
full,2
publication,2
overlap,2
question,2
southwestern,2
involves,2
mcginn,2
kilometer,2
low,2
open,2
relative,2
barton,2
de,2
washington,2
published,2
course,2
callender,2
normally,2
length,2
followed,2
tom,2
parts,2
subtraction,2
reasonably,2
anyone,2
estimates,2
standard,2
measure,2
involved,2
better,2
evident,2
negras,2
maximum,2
charles,2
although,2
salt,2
relation,2
chicago,2
effect,2
slightly,2
prime,2
results,2
versus,2
belize,2
interred,2
should,2
whites,2
normal,2
anomalous,2
close,2
cultura,2
corpse,2
culmination,1
mexician,1
realization,1
ranging,1
south,1
things,1
permits,1
reading,1
operation,1
suggestion,1
portuguese,1
pertains,1
san,1
currently,1
relationship,1
what,1
invaded,1
compares,1
o,1
change,1
adequate,1
whose,1
today,1
block,1
downfall,1
transformations,1
provide,1
padult,1
matter,1
floor,1
difficult,1
mysterious,1
way,1
fell,1
avoiding,1
ecological,1
usually,1
indicative,1
tion,1
distorted,1
strained,1
effects,1
sum,1
positions,1
overall,1
mall,1
compensate,1
pottery,1
rough,1
consists,1
basic,1
extreme,1
excess,1
resulted,1
archaeology,1
radius,1
le,1
calculation,1
northeast,1
laxt,1
get,1
tropical,1
april,1
aboriginal,1
represented,1
rules,1
ultimate,1
detailed,1
still,1
determining,1
papers,1
stimulation,1
estimations,1
threaten,1
research,1
dips,1
reflection,1
settlements,1
residential,1
unrealistically,1
measurable,1
explosion,1
distort,1
none,1
chichen,1
tends,1
life,1
helpful,1
cl,1
tree,1
specific,1
expectations,1
rotted,1
construction,1
goiter,1
tend,1
undergo,1
primicias,1
feel,1
achieve,1
precipitated,1
surprising,1
scattered,1
settlement,1
dead,1
extra,1
happened,1
supposed,1
criticism,1
edited,1
postdate,1
yet,1
economic,1
support,1
involve,1
instances,1
means,1
copatn,1
modified,1
itself,1
determination,1
distinct,1
easily,1
interment,1
earla,1
lass,1
decompose,1
interpretive,1
favor,1
density,1
bad,1
soon,1
affect,1
latter,1
source,1
restricted,1
preclude,1
ranges,1
acceptance,1
structure,1
iso,1
protection,1
confidence,1
favorable,1
critical,1
reflects,1
shook,1
abandonment,1
exercised,1
bit,1
tpop,1
promotes,1
then,1
sertormil,1
before,1
postulated,1
elsewhere,1
k,1
keeping,1
exceptions,1
trotepjgle,1
something,1
every,1
allows,1
itza,1
accordance,1
shore,1
al,1
robust,1
listed,1
four,1
test,1
discovered,1
superior,1
exposed,1
shorter,1
albuquerque,1
alfred,1
else,1
independent,1
sufficient,1
satisfactory,1
regardless,1
fill,1
discrete,1
lavish,1
definite,1
constituting,1
improvement,1
note,1
members,1
activities,1
versa,1
certainly,1
robbed,1
stunting,1
aecasc,1
postion,1
namely,1
peabody,1
explain,1
buil,1
causing,1
coon,1
set,1
affords,1
stress,1
ii,1
rate,1
grips,1
adapted,1
anomalies,1
easy,1
arrival,1
varies,1
dc,1
forcibly,1
hooton,1
aristocracy,1
allow,1
deviationncms,1
control,1
emerged,1
each,1
added,1
nature,1
expressed,1
anthropometry,1
humidity,1
my,1
formidable,1
different,1
atitlan,1
lying,1
eunuchs,1
pc,1
varidus,1
east,1
pointed,1
cenote,1
height,1
head,1
wooden,1
blocks,1
journal,1
future,1
pressure,1
carrying,1
undergone,1
entered,1
great,1
dated,1
rugged,1
abstract,1
surprisingly,1
differences,1
p,1
painted,1
medicine,1
dennis,1
effort,1
children,1
admittedly,1
studied,1
trmerigleserformulaep,1
able,1
molding,1
reliability,1
clearly,1
conservative,1
expression,1
fallen,1
correlates,1
radical,1
except,1
uncovered,1
cx,1
associated,1
doubt,1
reflected,1
lree,1
real,1
superseded,1
lq,1
considerable,1
proskouriakoff,1
meager,1
mass,1
abnormally,1
rural,1
im,1
reasons,1
starvation,1
vegetation,1
person,1
took,1
exceptional,1
steggerda,1
precisely,1
ann,1
equally,1
agriculture,1
neighboring,1
washingtonhaviland,1
political,1
equal,1
realize,1
decreased,1
poverty,1
skullobrl,1
numbers,1
heads,1
accurate,1
within,1
continuing,1
dating,1
racial,1
approximations,1
income,1
appears,1
elc,1
frequency,1
adults,1
shown,1
cannot,1
making,1
dynastic,1
evaluation,1
particular,1
publications,1
indeed,1
maintain,1
accords,1
badly,1
outlined,1
kal,1
untoward,1
adulthood,1
behavioral,1
part,1
protoclassic,1
gaps,1
inscriptions,1
cakchiquel,1
capacity,1
gives,1
sacrifice,1
fully,1
complexity,1
number,1
possibility,1
unfavorable,1
consisting,1
smallest,1
remarked,1
require,1
unequivocally,1
figs,1
almost,1
another,1
precedent,1
sequence,1
minimal,1
generations,1
breakdown,1
ideal,1
possible,1
placement,1
threat,1
steady,1
hay,1
sometime,1
artifacts,1
exclusively,1
slight,1
accelerate,1
reached,1
cambridge,1
deformation,1
bodies,1
splendid,1
upon,1
emergent,1
trees,1
values,1
presumed,1
emasculation,1
competent,1
nearest,1
clear,1
timevw,1
lvpr,1
apart,1
characteristic,1
likely,1
say,1
taxed,1
purpose,1
introduced,1
thehaviland,1
scatter,1
previously,1
dumond,1
relate,1
sufficiently,1
related,1
apply,1
indigenous,1
comment,1
samples,1
royalty,1
mam,1
medium,1
subject,1
tip,1
ten,1
beneath,1
gb,1
bears,1
significant,1
whole,1
dynasties,1
fragment,1
uc,1
chultun,1
sta,1
quadrant,1
tissues,1
fit,1
choices,1
collection,1
during,1
approximately,1
virtually,1
divided,1
iii,1
world,1
glyphic,1
scarcely,1
maintained,1
isolated,1
harvard,1
seated,1
actually,1
satisfactorily,1
soils,1
tatiana,1
structures,1
coming,1
director,1
thereafter,1
infantile,1
lucien,1
our,1
call,1
luxurious,1
diagnosed,1
come,1
ln,1
review,1
member,1
surrounding,1
pygmies,1
il,1
moderate,1
soft,1
anita,1
described,1
estimating,1
severe,1
argument,1
distortion,1
reaction,1
own,1
manouvrier,1
cimi,1
trends,1
genetically,1
discreet,1
conditions,1
realized,1
arrange,1
either,1
temperature,1
tiatf,1
agreement,1
alternatives,1
crisis,1
center,1
southern,1
creating,1
contributed,1
moment,1
donald,1
caribbean,1
like,1
ago,1
application,1
rigorously,1
physical,1
regarded,1
quicker,1
preliminary,1
writer,1
thank,1
accelerating,1
variance,1
obtained,1
z,1
applicability,1
goff,1
kind,1
order,1
homogenous,1
derive,1
anthropology,1
unsettled,1
off,1
probable,1
propose,1
turn,1
threshold,1
endogamy,1
ramie,1
preservation,1
landauer,1
specifically,1
speculative,1
forensic,1
undertaken,1
summary,1
ture,1
liz,1
oct,1
roofs,1
graphic,1
concerning,1
especially,1
discarded,1
problems,1
back,1
wider,1
highly,1
ruled,1
ruin,1
grow,1
reina,1
assumed,1
alpine,1
holds,1
third,1
races,1
km,1
wholly,1
themselves,1
afford,1
decline,1
reference,1
characterized,1
supply,1
enjoy,1
correlate,1
vary,1
tended,1
excluded,1
hierarchical,1
adams,1
v,1
gr,1
tightening,1
genes,1
principles,1
practice,1
wish,1
entire,1
reared,1
damagedhaviland,1
re,1
vice,1
morris,1
dropping,1
lco,1
ground,1
arbor,1
roots,1
graded,1
observed,1
kidder,1
limitation,1
appropriate,1
virtue,1
modifications,1
acknowledgments,1
attention,1
influence,1
yaxchilan,1
rest,1
manner,1
concluded,1
division,1
error,1
occur,1
perception,1
ones,1
seemed,1
nobles,1
infants,1
dietary,1
itzat,1
hypothesis,1
