WORDCOUNTS,WEIGHT
the,673
of,348
and,341
in,169
river,127
a,126
to,122
hohokam,101
gila,100
by,65
on,65
channel,63
this,57
period,56
that,55
with,51
is,50
arizona,50
for,48
was,47
bp,43
salt,43
as,41
have,41
ad,39
floodplain,39
middle,38
tucson,37
cultural,36
no,35
yr,33
were,32
changes,32
at,31
along,31
d,31
j,30
canal,30
classic,29
landscape,28
university,28
irrigation,28
late,28
during,27
edited,27
basin,26
systems,26
from,26
american,25
l,25
prehistoric,25
new,24
m,22
pp,22
archaeological,21
would,21
major,21
into,20
i,20
santa,20
r,20
e,19
g,19
change,19
reorganization,19
tonto,18
also,18
water,18
been,18
between,18
it,17
an,17
al,17
these,17
cal,17
c,17
h,16
de,16
et,16
system,15
terrace,15
may,15
pleistocene,15
regional,15
cruz,15
desert,15
b,14
alluvial,14
villages,14
san,14
time,14
are,14
s,13
state,13
wallace,13
p,13
its,13
indian,13
streamflow,13
platform,13
large,12
history,12
other,12
their,12
pedro,12
end,12
unit,12
valley,12
doyel,11
agriculture,11
w,11
most,11
had,11
fish,11
research,11
streambed,11
more,11
valleys,11
mexico,11
continued,11
anthropological,11
series,11
paper,11
ravesloot,11
widening,10
cutting,10
lower,10
development,10
haury,10
periods,10
floods,10
culture,10
crown,10
not,10
agricultural,10
became,10
be,10
settlements,9
occurred,9
papers,9
wilcox,9
holocene,9
one,9
volume,9
when,9
pattern,9
evolution,9
akimel,9
mounds,9
flooding,9
studies,8
there,8
el,8
community,8
area,8
resource,8
erosion,8
y,8
t,8
settlement,8
around,8
society,8
about,8
department,8
v,8
rio,8
which,8
historic,8
la,8
stratigraphic,8
archaeology,8
has,8
until,8
sediments,8
nineteenth,7
such,7
century,7
doelle,7
communities,7
after,7
los,7
or,7
only,7
areas,7
farming,7
radiocarbon,7
characterized,7
southwest,7
seen,7
antiquity,7
waters,7
early,7
overbank,7
ca,7
quaternary,6
alluvium,6
some,6
central,6
phase,6
geological,6
site,6
en,6
stemnberg,6
organization,6
record,6
k,6
albuquerque,6
gregory,6
because,6
downcut,6
tempe,6
likely,6
stratigraphy,6
southern,6
management,6
but,6
canals,6
agriculturalists,6
investigations,6
figure,6
centuries,6
gumerman,6
over,6
evidence,6
huckleberry,6
abandoned,6
ballcourts,6
f,5
production,5
throughout,5
dynamics,5
influence,5
creek,5
established,5
surface,5
flow,5
appear,5
dc,5
floodwater,5
wide,5
well,5
sites,5
del,5
populations,5
located,5
chronology,5
many,5
factor,5
sequence,5
problems,5
can,5
fields,5
stable,5
report,5
stability,5
peoples,5
increased,5
o,4
created,4
center,4
ballcourt,4
all,4
sometime,4
roosevelt,4
sheet,4
within,4
downcutting,4
prior,4
x,4
sand,4
human,4
southwestern,4
entrenchment,4
dates,4
journal,4
than,4
sonoran,4
sedentary,4
pioneer,4
appears,4
population,4
data,4
geology,4
people,4
documented,4
creating,4
field,4
annual,4
polvoron,4
expanded,4
accumulate,4
stream,4
present,4
covered,4
coincident,4
exploring,4
extended,4
mortuary,4
rivers,4
variables,4
architectural,4
structure,4
probably,4
northern,4
occupied,4
un,4
strategies,4
impacted,4
school,4
environment,4
organizational,4
colorado,4
destroyed,4
beginning,4
form,4
presented,4
through,4
disrupted,4
shown,4
years,4
geoarchaeological,4
land,4
headgates,4
km,4
deposition,4
difficult,3
does,3
edge,3
if,3
later,3
groups,3
environmental,3
resulted,3
sphere,3
beveled,3
before,3
calibrated,3
long,3
hydrologic,3
establishment,3
above,3
ritual,3
quatemary,3
chaco,3
collapse,3
widened,3
que,3
silty,3
unpublished,3
excavations,3
times,3
response,3
phd,3
left,3
networks,3
even,3
flood,3
reimer,3
growth,3
main,3
across,3
developed,3
dry,3
how,3
clay,3
arid,3
prehistory,3
based,3
public,3
out,3
changed,3
events,3
zone,3
configuration,3
occupation,3
buried,3
watershed,3
used,3
tributary,3
bajadas,3
reduction,3
confined,3
year,3
older,3
place,3
kiva,3
broad,3
structures,3
project,3
event,3
dramatic,3
core,3
small,3
led,3
synthesis,3
reconstruction,3
favorable,3
social,3
mound,3
walled,3
shows,3
banks,3
john,3
adjacent,3
cauce,3
material,3
por,3
riparian,3
significant,3
food,3
office,3
similar,3
three,3
peripheral,3
like,3
lie,3
segment,3
cambios,3
trying,3
orchard,3
we,3
sacaton,3
began,3
united,3
associated,3
dispersed,3
rea,3
changing,3
snaketown,3
sustained,3
coincides,3
emergence,3
proposed,3
places,3
cause,3
ceased,3
pursued,3
episode,3
maximum,3
silts,3
size,3
paleosol,3
transition,3
phoenix,3
intensified,3
contributed,3
states,3
defined,3
neily,3
interaction,3
huckell,3
college,2
red,2
madsen,2
village,2
replaced,2
diversification,2
underground,2
eychaner,2
flows,2
underlain,2
file,2
being,2
fluvial,2
preceding,2
implications,2
taken,2
concentrated,2
reach,2
crops,2
thank,2
spoerl,2
subsequent,2
those,2
extreme,2
context,2
con,2
occasional,2
ballena,2
east,2
planted,2
america,2
marked,2
preceramic,2
except,2
cited,2
dynamic,2
mesoamerican,2
warfare,2
authors,2
labor,2
september,2
scarborough,2
constructed,2
sediment,2
jr,2
cases,2
drainage,2
channels,2
wares,2
oxford,2
witnessed,2
soil,2
high,2
underway,2
preparing,2
subsistence,2
se,2
entre,2
sandy,2
study,2
upstream,2
marks,2
lascaux,2
allocation,2
impact,2
upper,2
four,2
show,2
followed,2
cordell,2
rice,2
shifted,2
explain,2
silt,2
important,2
cut,2
view,2
result,2
pursuits,2
could,2
lived,2
international,2
traits,2
reservation,2
near,2
pima,2
received,2
elson,2
maricopa,2
climatic,2
buff,2
approach,2
below,2
coupled,2
reconstructions,2
several,2
spanish,2
wider,2
smithsonian,2
este,2
nials,2
presence,2
geomorphic,2
advancement,2
developmental,2
south,2
preclassic,2
morphology,2
units,2
situation,2
tread,2
practices,2
impacts,2
limited,2
nearly,2
still,2
indicates,2
collapsed,2
perennial,2
ware,2
braided,2
single,2
contributing,2
repair,2
us,2
same,2
largest,2
already,2
two,2
inhabitants,2
renewed,2
tremendous,2
experienced,2
demographic,2
calib,2
instability,2
predominant,2
crop,2
larger,2
importation,2
depopulation,2
forms,2
conclusions,2
model,2
where,2
flooded,2
farmers,2
coarse,2
michael,2
teague,2
coincided,2
deep,2
distance,2
number,2
another,2
understanding,2
width,2
range,2
aggregated,2
including,2
sn,2
samples,2
conditions,2
survey,2
rare,2
previous,2
eleventh,2
dating,2
stress,2
maintenance,2
arroyo,2
floodplains,2
revised,2
responses,2
filled,2
diversion,2
least,2
courtyard,2
narrow,2
effect,2
capabilities,2
institution,2
blackwater,2
dealing,2
entrenchamiento,2
esta,2
flagstaff,2
perspectives,2
bureau,2
bars,2
washed,2
ecological,2
glenwood,2
program,2
primarily,2
returned,2
wilson,2
indicate,2
analysis,2
get,2
eventually,2
complexity,2
geographic,2
farmed,2
geoarchaeology,2
gran,2
integrative,2
divert,2
control,2
each,2
abandonment,2
believe,2
did,2
down,2
current,2
very,2
agricultura,2
cultivation,2
narrowed,2
generalized,2
distinctive,2
las,2
february,2
tambien,2
proceedings,2
map,2
while,2
intake,2
almost,2
both,2
entire,2
dams,2
aggradation,2
extending,2
lies,2
went,2
locations,2
initiated,2
protohistoric,2
include,2
although,2
provided,2
oldest,2
shift,2
severamente,2
partial,2
views,2
severely,2
meeting,2
resources,2
built,2
final,1
parcial,1
illuntil,1
mimic,1
aprxmae,1
episodio,1
limits,1
common,1
concerned,1
imported,1
suggested,1
correlations,1
investigaciones,1
represent,1
determine,1
northeast,1
now,1
adoption,1
mountains,1
introduction,1
manuscript,1
distributed,1
connecticut,1
clogged,1
forcing,1
they,1
complex,1
comprised,1
he,1
mobility,1
designed,1
formed,1
charcoal,1
pelota,1
sido,1
holocenealluvial,1
investigating,1
di,1
esto,1
lehi,1
ms,1
bajada,1
former,1
decade,1
grasslands,1
protection,1
position,1
anarchaeologicalsurvey,1
presents,1
salado,1
morteros,1
assisted,1
exceptions,1
lowlands,1
po,1
descriptions,1
source,1
diversity,1
sequential,1
themes,1
porous,1
negative,1
test,1
dot,1
contrajo,1
either,1
transitions,1
destabilizing,1
inc,1
every,1
tener,1
localities,1
tiempo,1
ii,1
humans,1
advanced,1
youngest,1
seems,1
lifeline,1
gary,1
containing,1
principles,1
gorge,1
affinities,1
available,1
overtops,1
leading,1
assess,1
compounds,1
thedeserts,1
acreage,1
exotic,1
incluyendo,1
substantive,1
onto,1
tx,1
resulting,1
real,1
help,1
failures,1
vegetation,1
stand,1
respond,1
remainder,1
consulting,1
situ,1
principal,1
opposite,1
elnats,1
stopped,1
seminar,1
swcaarchaeological,1
erosional,1
case,1
sociedad,1
side,1
zedefio,1
achiricahua,1
nfuec,1
linear,1
primary,1
march,1
design,1
pueden,1
howard,1
possible,1
determined,1
outlying,1
activity,1
prehispanic,1
reaching,1
world,1
october,1
infer,1
krrigation,1
fine,1
occurring,1
taking,1
interdisciplinary,1
variations,1
reflecting,1
twelfth,1
indicating,1
influencia,1
overlooking,1
morereports,1
consolidating,1
horticultural,1
undoubtedly,1
habitatchanges,1
consequencias,1
beneath,1
eroded,1
clusions,1
dentro,1
extramural,1
thearizona,1
leblanc,1
pursuing,1
overtop,1
corresponding,1
haynes,1
pithouse,1
exist,1
piedmont,1
includes,1
willow,1
review,1
alignments,1
eventual,1
borderlands,1
due,1
interior,1
toagriculture,1
hierarchy,1
terraces,1
millennium,1
trench,1
mixed,1
conducted,1
emerges,1
restore,1
rainfall,1
accelerating,1
ai,1
funds,1
drains,1
wiley,1
turn,1
hydrology,1
dean,1
inan,1
evident,1
perspective,1
document,1
br,1
highest,1
served,1
suitable,1
ixx,1
thin,1
coinciding,1
kelly,1
weaver,1
demogrdfico,1
sin,1
look,1
nieves,1
tentatively,1
deeply,1
xavier,1
canchas,1
tennesseereports,1
ohka,1
confluence,1
picacho,1
mechanism,1
glen,1
phases,1
mesquite,1
higher,1
drained,1
civilization,1
interesting,1
york,1
without,1
identification,1
devastating,1
drainages,1
absent,1
nativos,1
organizing,1
junction,1
cremation,1
responded,1
una,1
significativo,1
drea,1
northland,1
supplement,1
connected,1
landscapes,1
derived,1
parts,1
hodges,1
ceramics,1
oases,1
tree,1
illustrations,1
comoformas,1
origins,1
consequences,1
factors,1
periodic,1
az,1
principio,1
settled,1
devastadoras,1
wagons,1
locally,1
organized,1
entrenched,1
dated,1
linked,1
section,1
elsewhere,1
just,1
gradually,1
dobyns,1
eolian,1
periodically,1
presumed,1
age,1
esfera,1
drought,1
cotton,1
undertaken,1
economicaspects,1
consequence,1
requires,1
utah,1
permanent,1
syntheses,1
strategy,1
adapting,1
providing,1
impactado,1
predevelopment,1
teflorprid,1
estos,1
iit,1
ranges,1
diachronic,1
pimas,1
closely,1
came,1
harbor,1
analog,1
downstream,1
six,1
histories,1
found,1
demise,1
begun,1
farmsteads,1
centers,1
nutrients,1
demands,1
andarchaeological,1
incipientes,1
monticulos,1
constantly,1
im,1
term,1
entonces,1
graybill,1
focused,1
technical,1
war,1
aspects,1
residential,1
produced,1
cannot,1
excellent,1
monograph,1
otherwise,1
placed,1
habrian,1
geochronologic,1
hypothetical,1
required,1
facilities,1
acknowledgments,1
possibility,1
memory,1
coped,1
climatically,1
underlie,1
specifically,1
directly,1
sedimentological,1
line,1
flourish,1
artifacts,1
work,1
inferred,1
shantz,1
organize,1
reid,1
start,1
ideal,1
backhoe,1
prominent,1
significantly,1
brought,1
occupants,1
part,1
acelerado,1
rearrangements,1
casa,1
related,1
indigenous,1
homeland,1
nit,1
texture,1
loss,1
whole,1
documentan,1
precipitated,1
q,1
editorial,1
postulated,1
issues,1
beginnings,1
records,1
lifeway,1
fringing,1
ethnohistoric,1
somewhere,1
craftsmen,1
artifact,1
interpreted,1
alliance,1
concurrent,1
attributed,1
towards,1
agriculturally,1
depositional,1
good,1
widen,1
excavated,1
haber,1
construct,1
punctuated,1
brush,1
caused,1
corresponds,1
multiyear,1
stage,1
reliable,1
next,1
box,1
order,1
multitude,1
utilizados,1
consolidation,1
reaches,1
quite,1
duda,1
registro,1
infiltrates,1
intervals,1
characteristics,1
brp,1
eighth,1
oral,1
temporary,1
paisaje,1
decline,1
impossible,1
geologically,1
fully,1
visible,1
st,1
dependent,1
thereports,1
filling,1
results,1
using,1
otros,1
aggrade,1
nv,1
saltgila,1
moved,1
settle,1
ninth,1
geographical,1
activities,1
threatened,1
critical,1
bedrock,1
partially,1
approximate,1
cochise,1
delineating,1
reduced,1
reductions,1
parece,1
calibration,1
architecture,1
functioning,1
identified,1
lynn,1
short,1
thoughts,1
labeled,1
expansion,1
hackbarth,1
experimentaron,1
intensively,1
supplementing,1
grande,1
intensamente,1
comments,1
habria,1
abrupt,1
biological,1
once,1
synchronous,1
pivotal,1
interpretation,1
museum,1
outlining,1
examined,1
olberg,1
pinal,1
emigrants,1
database,1
czaplicki,1
under,1
ne,1
boundary,1
sky,1
extinction,1
jai,1
transects,1
abandon,1
ed,1
outlined,1
accelerated,1
insights,1
damaged,1
reports,1
begins,1
lined,1
noted,1
crmp,1
fill,1
act,1
lee,1
delivery,1
rings,1
geomorphology,1
starting,1
fire,1
paul,1
flanked,1
jeffrey,1
inundated,1
comparison,1
mark,1
again,1
others,1
quebrada,1
adobe,1
longer,1
consideration,1
coincidence,1
head,1
riverine,1
buttesantan,1
utilizing,1
compound,1
abstract,1
diverse,1
nucleated,1
surfaces,1
discharges,1
substantially,1
variation,1
considerable,1
utilize,1
serious,1
men,1
patterns,1
enough,1
took,1
ground,1
abruptreports,1
operating,1
road,1
sires,1
existing,1
accepted,1
florence,1
unclear,1
vulnerable,1
contracted,1
less,1
see,1
native,1
belief,1
frequency,1
shifts,1
wood,1
identifiable,1
santan,1
interpreting,1
original,1
simon,1
pooling,1
powered,1
emanating,1
divided,1
decimated,1
betweenad,1
explanation,1
organisms,1
active,1
maximized,1
region,1
patricia,1
enhanced,1
previously,1
thetransition,1
depended,1
increase,1
traversing,1
lake,1
aggraded,1
use,1
hypotheses,1
virtually,1
refers,1
maria,1
americanassociation,1
engineers,1
styles,1
bailcourts,1
abandono,1
synthetic,1
kilometer,1
trade,1
low,1
open,1
clear,1
modem,1
amadeo,1
weir,1
indeadly,1
dominated,1
mts,1
co,1
quate,1
keep,1
greenwald,1
tim,1
spread,1
so,1
resultant,1
plant,1
tribal,1
features,1
reconstructed,1
mines,1
collected,1
stresses,1
administrative,1
practiced,1
earlier,1
interacted,1
preservation,1
provides,1
dashdot,1
exchange,1
repeated,1
presiones,1
special,1
queen,1
gravel,1
internal,1
je,1
elaborate,1
typically,1
juncture,1
interpretations,1
shallow,1
unfactor,1
evei,1
agave,1
curry,1
fe,1
destruction,1
relative,1
atlas,1
pottery,1
schumm,1
attention,1
brown,1
increasing,1
ranging,1
carried,1
ensanchamiento,1
thetonto,1
sufficiency,1
lo,1
para,1
diagrams,1
masse,1
hohokamirrigation,1
reviewer,1
independent,1
provide,1
sometimes,1
usually,1
five,1
antes,1
testing,1
obtained,1
flowed,1
movimiento,1
vertical,1
fewer,1
bulletin,1
transformed,1
progressively,1
detailed,1
clays,1
remaining,1
periodo,1
andalternative,1
covering,1
spanning,1
marana,1
life,1
construction,1
diagnostic,1
malnourished,1
existed,1
alimentos,1
delineates,1
aqueduct,1
types,1
itself,1
documenting,1
regularly,1
considered,1
forests,1
suggestions,1
magnitude,1
aggrading,1
heavy,1
rarely,1
monument,1
any,1
singular,1
practice,1
following,1
cuando,1
mentioned,1
intensification,1
conjunction,1
ism,1
must,1
habitation,1
diversifying,1
aggregation,1
asentamientos,1
extensive,1
woosley,1
thechangingroleofthetucsonbasininthehohokam,1
ndo,1
known,1
fluctuating,1
regime,1
temporal,1
farmable,1
trenches,1
carbondale,1
note,1
text,1
gravelly,1
here,1
colonization,1
rios,1
hoover,1
country,1
cm,1
cultures,1
expanding,1
ui,1
flowing,1
diverting,1
cc,1
domestic,1
valleyreports,1
loads,1
siglo,1
unitv,1
examining,1
driven,1
placing,1
utilized,1
hamlets,1
living,1
inundate,1
reengineering,1
ballgame,1
believed,1
ruins,1
heads,1
discharge,1
cremations,1
them,1
ones,1
making,1
references,1
plants,1
orleans,1
nearby,1
maintain,1
contrasting,1
mere,1
axis,1
cottonwood,1
problem,1
extent,1
majorfactor,1
getting,1
information,1
emphasis,1
hundreds,1
vessels,1
observada,1
marca,1
andrea,1
ill,1
ancestral,1
stuiver,1
slopes,1
city,1
press,1
demogrdficos,1
regulate,1
administration,1
controls,1
vertically,1
investigated,1
scottsdale,1
reconstruct,1
discussion,1
colonial,1
maintained,1
paleohydraulic,1
reemplazaron,1
terminal,1
ese,1
diagram,1
formation,1
centennial,1
aimm,1
sistemas,1
lands,1
average,1
ethnobotany,1
quest,1
illinois,1
twentieth,1
numerous,1
national,1
integrativas,1
course,1
approximately,1
uncalibrated,1
texas,1
usa,1
centralarizona,1
need,1
green,1
physical,1
saltriverstreamflow,1
integration,1
effects,1
photograph,1
forming,1
paraphernalia,1
xd,1
successions,1
capacidad,1
association,1
stark,1
unitit,1
archaic,1
reorganized,1
anonymous,1
respective,1
restored,1
vi,1
offered,1
charles,1
substitute,1
extensos,1
correlate,1
deposits,1
reached,1
agricultores,1
plataforma,1
predictable,1
documentary,1
little,1
traditional,1
focus,1
much,1
among,1
comparable,1
north,1
recent,1
sedimentary,1
cross,1
proceso,1
should,1
southeastern,1
narte,1
close,1
draft,1
looking,1
