WORDCOUNTS,WEIGHT
the,687
of,560
and,507
in,341
a,246
to,224
on,153
for,138
by,113
that,96
as,89
rhizocarpon,87
are,80
is,78
lichen,75
lichens,74
thalli,73
at,65
growth,65
be,61
dating,53
or,50
with,50
from,50
were,48
an,48
but,47
species,47
yellow,46
research,46
front,42
alpine,42
colorado,42
wall,41
lichenometry,41
range,41
was,40
lichenometric,40
have,39
no,38
r,38
rock,37
i,36
arctic,34
it,33
they,33
site,33
curve,33
can,33
than,32
this,32
age,31
their,30
drive,29
such,29
figure,29
ad,28
surfaces,27
not,27
most,26
subgenus,26
date,25
holocene,25
its,25
structures,25
de,24
curves,24
snow,24
o,23
used,23
more,23
years,22
j,22
southern,22
new,22
would,22
been,22
large,21
american,21
dates,21
et,21
pp,21
al,21
diameter,21
ages,21
construction,21
ing,21
grow,21
studies,20
slope,20
substrata,20
where,20
edited,20
thallus,20
journal,19
during,19
genus,19
maximum,19
rocks,18
which,18
geographicum,18
e,17
stone,17
university,17
data,17
rates,17
antiquity,17
calibration,16
members,16
use,16
la,16
above,15
timberline,15
h,15
study,15
based,15
mountain,15
suggests,15
mountains,14
benedict,14
one,14
t,14
other,14
glacier,14
walls,14
diameters,14
dated,14
late,14
crustose,14
many,14
archaeological,14
provide,14
d,14
rocky,14
each,13
first,13
all,13
n,13
small,13
these,13
easter,13
different,13
has,13
report,13
between,13
der,12
p,12
con,12
due,12
foliose,12
moraines,12
using,12
two,12
john,12
less,12
james,12
when,12
size,12
area,12
beschel,12
north,12
may,11
l,11
b,11
near,11
northern,11
island,11
few,11
will,11
ice,11
frequency,11
period,11
constructed,11
game,11
national,11
tion,10
into,10
disturbance,10
rhizocarpons,10
glacial,10
method,10
y,10
technique,10
so,10
evidence,10
analysis,10
continental,10
them,10
w,10
c,10
recent,10
center,9
history,9
long,9
regression,9
along,9
central,9
mm,9
environments,9
show,9
m,9
prehistoric,9
well,9
line,9
ii,9
single,9
exposure,9
chronology,9
larger,9
region,9
radiocarbon,9
andrews,9
points,9
become,9
para,9
lines,9
quaternary,9
control,9
measured,9
should,9
col,9
if,8
park,8
blind,8
some,8
unpublished,8
identification,8
surface,8
important,8
suggested,8
norway,8
los,8
reliable,8
und,8
he,8
quarry,8
thought,8
high,8
superflciale,8
forest,8
potential,8
little,8
built,8
occur,8
blinds,7
per,7
lower,7
swedish,7
those,7
moisture,7
developed,7
peaks,7
could,7
because,7
older,7
bradwell,7
regions,7
archaeology,7
society,7
about,7
diverse,7
zealand,7
ground,7
processes,7
features,7
percent,7
alaska,7
applications,7
bulletin,7
life,7
measurements,7
las,7
past,7
growing,7
divide,7
early,7
land,7
effects,7
geografiska,6
rate,6
moai,6
environmental,6
experiments,6
least,6
roland,6
able,6
there,6
california,6
application,6
within,6
linear,6
america,6
activity,6
measurement,6
exposed,6
development,6
six,6
estimate,6
geological,6
rhi,6
white,6
four,6
caribou,6
orado,6
had,6
found,6
though,6
circular,6
alpicola,6
younger,6
sites,6
steve,6
part,6
london,6
periglacial,6
winter,6
suggest,6
several,6
fit,6
indian,6
largest,6
department,6
only,6
water,6
areas,6
time,6
tundra,6
number,6
ecology,6
wilderness,6
samples,6
individual,6
thomas,6
k,6
structure,6
kill,6
united,6
canada,6
antarctic,6
cover,6
calkin,6
photosynthesis,6
reported,6
william,6
states,6
approach,6
lake,6
ments,5
also,5
sub,5
talus,5
help,5
murray,5
robert,5
lichenologist,5
possible,5
richard,5
measuring,5
west,5
nash,5
estimates,5
webber,5
stephen,5
influence,5
mount,5
whose,5
zocarpon,5
similar,5
iceland,5
slowly,5
annaler,5
required,5
applied,5
scale,5
almost,5
overturn,5
geology,5
climatic,5
moraine,5
errors,5
field,5
results,5
cascade,5
suited,5
under,5
toronto,5
geologists,5
s,5
do,5
v,5
shown,5
cassells,5
examples,5
deposits,5
factor,5
low,5
karlen,5
direct,5
windy,5
often,5
we,5
factors,5
science,5
sometimes,5
practical,5
alps,5
lecidea,5
carbon,5
dat,5
sierra,5
preexisting,5
form,5
des,5
slopes,5
techniques,5
botany,5
algae,5
cambridge,5
canadian,5
moun,5
geomorphological,4
calibrated,4
survivors,4
glaciers,4
determine,4
boulder,4
intersecting,4
western,4
source,4
later,4
calcareous,4
nature,4
hunting,4
damage,4
principal,4
eastern,4
porter,4
since,4
correlation,4
minimum,4
phase,4
includes,4
review,4
relatively,4
lecanora,4
statues,4
baffin,4
z,4
old,4
causing,4
areolae,4
swiss,4
distribution,4
ridge,4
umea,4
german,4
his,4
obtained,4
en,4
fungal,4
support,4
changes,4
winchester,4
section,4
upper,4
greater,4
my,4
pass,4
cairns,4
record,4
brooks,4
thumb,4
work,4
del,4
example,4
project,4
weeks,4
caused,4
accu,4
involved,4
wildfire,4
spanish,4
presence,4
peak,4
coast,4
windblown,4
appropriate,4
provided,4
cairn,4
fasting,4
make,4
southeast,4
relationship,4
metric,4
communities,4
competition,4
ancient,4
light,4
same,4
testing,4
shows,4
end,4
patterns,4
judith,4
runemark,4
postconstruction,4
hale,4
local,4
upon,4
matthews,4
fungi,4
host,4
significant,4
survey,4
individuals,4
earth,4
three,4
david,4
ellis,4
patterned,4
dry,4
problems,4
riparium,4
rapa,4
george,4
quarrying,4
oglesby,4
success,4
arapaho,4
rapidly,4
centuries,4
rarely,4
known,4
licheno,4
locke,4
sizes,4
best,4
dur,4
particularly,4
advances,4
particular,4
seasonal,4
both,4
tent,4
level,4
son,4
quartzite,4
die,4
measure,4
average,4
conditions,4
chemical,4
sur,4
preliminary,4
repeat,4
requires,4
cook,4
east,4
valley,4
among,4
parker,4
difficult,3
caseldine,3
groups,3
spall,3
episodes,3
complex,3
identify,3
easily,3
sheltered,3
rhizocar,3
taxa,3
envi,3
archaeologists,3
production,3
originally,3
might,3
retreat,3
reach,3
available,3
borders,3
great,3
simple,3
berichte,3
differences,3
fresh,3
climate,3
el,3
bird,3
zur,3
controlled,3
human,3
historically,3
interior,3
europe,3
ability,3
conducted,3
jr,3
sample,3
distinct,3
lin,3
glaciology,3
houses,3
radio,3
applying,3
effective,3
yel,3
general,3
competitive,3
mea,3
recognized,3
york,3
essential,3
rhizo,3
how,3
coastal,3
parts,3
tree,3
dict,3
animals,3
von,3
boreas,3
shining,3
river,3
weather,3
air,3
house,3
respiration,3
too,3
commonly,3
exceed,3
represent,3
archeological,3
bothnian,3
wyoming,3
view,3
hot,3
charcoal,3
ordinarily,3
location,3
here,3
color,3
siliceous,3
radial,3
before,3
initial,3
im,3
academic,3
fourth,3
institute,3
versity,3
produced,3
numerous,3
information,3
none,3
year,3
point,3
consistent,3
boulders,3
encounters,3
good,3
composite,3
tom,3
insolation,3
saxicolous,3
always,3
periods,3
liquenes,3
span,3
f,3
bedrock,3
contact,3
service,3
prothallus,3
bance,3
rapid,3
tropical,3
converted,3
community,3
july,3
interactions,3
rockfall,3
yet,3
soon,3
us,3
atrobrunnea,3
illustrated,3
published,3
french,3
aspect,3
others,3
sigmoidal,3
limit,3
frost,3
raised,3
forms,3
present,3
anthropology,3
existing,3
por,3
wood,3
free,3
destroyed,3
distur,3
thomson,3
process,3
survive,3
maritime,3
forested,3
encouraged,3
lecanorinum,3
laboratory,3
full,3
grinding,3
clear,3
faces,3
summer,3
uni,3
black,3
provides,3
latter,3
droppings,3
pro,3
probably,3
ate,3
relative,3
fog,3
univer,3
yr,3
segments,3
ecological,3
five,3
altitude,3
recognize,3
system,3
types,3
photographs,3
biology,3
sections,3
then,3
acarospora,3
rea,3
alternative,3
schoenenberger,3
over,3
bergqvist,3
nets,3
funnel,3
chris,3
iii,3
sorted,3
microenvironments,3
what,3
numbers,3
references,3
austrian,3
beaches,3
exposures,3
colonists,3
lichenometrical,3
require,3
italian,3
urban,3
progress,3
bob,3
sea,3
pre,3
ken,3
come,3
ence,3
washington,3
armstrong,3
approximately,3
include,3
although,3
usa,3
ll,3
oldest,3
remains,3
flora,3
russia,3
temperatures,3
zones,3
showed,3
katherine,3
problem,2
carved,2
winds,2
tains,2
recesses,2
common,2
sonable,2
created,2
decades,2
fences,2
fea,2
extends,2
mar,2
debris,2
village,2
partially,2
live,2
approaches,2
unfa,2
preform,2
flows,2
hours,2
position,2
sawatch,2
total,2
bp,2
migration,2
fires,2
test,2
fluctuations,2
brandon,2
every,2
chaujar,2
radiometrically,2
experimented,2
audrey,2
give,2
taken,2
flechten,2
kilometers,2
terrain,2
england,2
youngest,2
damaged,2
mont,2
route,2
advantage,2
ble,2
sewels,2
timing,2
applica,2
basin,2
resulting,2
styles,2
vegetation,2
innes,2
platforms,2
ity,2
daniel,2
context,2
digital,2
ascus,2
british,2
case,2
side,2
depending,2
plains,2
mueller,2
projectile,2
ambush,2
icum,2
vol,2
pueden,2
recommended,2
piedras,2
tidsskrift,2
diggings,2
alter,2
variations,2
except,2
x,2
savoskul,2
monu,2
apply,2
lapland,2
spicuous,2
colonized,2
abrasion,2
exist,2
frequencies,2
andrew,2
que,2
relationships,2
estimating,2
ogy,2
calculated,2
longevity,2
illustrates,2
sawtooth,2
september,2
sphaerosporum,2
excavations,2
assessment,2
wiley,2
oxana,2
chilean,2
suggesting,2
depend,2
cali,2
rollins,2
response,2
suitable,2
cal,2
revised,2
even,2
ecosystems,2
language,2
jones,2
weathering,2
cobbles,2
forsa,2
ers,2
experi,2
downwind,2
fort,2
adequate,2
geografisk,2
lindh,2
without,2
reimer,2
centered,2
influenced,2
spans,2
museum,2
ically,2
irwin,2
crest,2
mean,2
represented,2
probability,2
earthquake,2
eight,2
importance,2
rockies,2
lipo,2
analy,2
injury,2
zaniewski,2
affect,2
traces,2
phytologist,2
shorter,2
peru,2
followed,2
random,2
monarch,2
preferably,2
permanent,2
helped,2
providing,2
numerical,2
gathered,2
dc,2
ranges,2
opening,2
result,2
gesellschaft,2
tem,2
begun,2
metodo,2
cli,2
discrete,2
out,2
spitsbergen,2
narrow,2
possibility,2
fans,2
further,2
ric,2
schaefer,2
wales,2
mate,2
drives,2
indirect,2
burial,2
tools,2
cannot,2
henssen,2
lichenized,2
shape,2
gletschervorfeld,2
protected,2
sity,2
bc,2
dog,2
microenviron,2
tool,2
tops,2
andes,2
byron,2
cordillera,2
purpose,2
apparent,2
classification,2
elizabeth,2
areports,2
corrected,2
photographed,2
contains,2
records,2
middle,2
algal,2
tombstones,2
interpreted,2
own,2
precipitation,2
change,2
excavated,2
sense,2
toolstone,2
hard,2
below,2
peterson,2
xanthoparmelia,2
ward,2
atmosphere,2
event,2
vorable,2
neoglacial,2
flattop,2
voucher,2
placodioid,2
multiple,2
portions,2
moist,2
nui,2
value,2
montane,2
stephan,2
geographical,2
particles,2
south,2
morphology,2
san,2
exterior,2
absence,2
various,2
populations,2
schmidt,2
short,2
brian,2
subject,2
geol,2
horses,2
limited,2
cloud,2
sobre,2
surviving,2
earthquakes,2
initially,2
wind,2
movement,2
recess,2
weidick,2
contributing,2
gave,2
makes,2
read,2
marginal,2
kluwer,2
den,2
restricted,2
boundary,2
favorable,2
tain,2
included,2
ably,2
subarctic,2
experimental,2
ed,2
natural,2
already,2
regional,2
viridiatrum,2
stones,2
longer,2
useful,2
rings,2
resolution,2
troy,2
westward,2
mark,2
approaching,2
nevada,2
stud,2
smith,2
averages,2
faster,2
choice,2
layer,2
ottawa,2
habitat,2
pacific,2
grows,2
clearing,2
serious,2
fragments,2
conclusions,2
covered,2
lehmann,2
developing,2
katharine,2
norwegian,2
potentially,2
deep,2
native,2
als,2
ologist,2
unable,2
remove,2
classes,2
investigated,2
art,2
blanc,2
divided,2
granodiorite,2
made,2
opera,2
collections,2
looking,2
food,2
largely,2
lichenomet,2
bed,2
millennia,2
auf,2
lichenologists,2
norsk,2
struction,2
photosynthetic,2
feature,2
aplicaciones,2
co,2
august,2
geograph,2
anne,2
allowed,2
coring,2
function,2
plant,2
rosentreter,2
mexico,2
collected,2
after,2
running,2
abundant,2
parasitize,2
construct,2
ture,2
article,2
sured,2
nationalparks,2
shallow,2
reli,2
effect,2
diamond,2
hunters,2
curry,2
differ,2
ofglaciology,2
occupied,2
ago,2
she,2
construidas,2
hill,2
arrow,2
snowbanks,2
burr,2
referred,2
intersection,2
luckman,2
carbohydrates,2
effectively,2
determination,2
sequences,2
remaining,2
length,2
landforms,2
pon,2
kershaw,2
elegans,2
fall,2
exists,2
frey,2
face,2
ridges,2
articles,2
quartz,2
detail,2
associated,2
lished,2
peoples,2
attained,2
characteristics,2
summit,2
temporal,2
mason,2
gerhard,2
carl,2
meat,2
sweden,2
pewe,2
colonization,2
drizzle,2
fault,2
cm,2
cemetery,2
december,2
seem,2
zech,2
anthropol,2
novomexicana,2
regard,2
foundation,2
rabenh,2
far,2
coefficients,2
subalpine,2
historical,2
differed,2
bristlecone,2
turned,2
phd,2
schweizerischen,2
blowing,2
bryologist,2
recession,2
circles,2
making,2
plants,2
brodo,2
nearby,2
series,2
geo,2
interval,2
extent,2
parasitism,2
balance,2
observations,2
ideal,2
translated,2
outline,2
transplanted,2
storbreen,2
obtain,2
symbiosis,2
edades,2
harrison,2
coming,2
rano,2
named,2
millimeter,2
pine,2
until,2
survival,2
locations,2
follow,2
contract,2
ended,2
need,2
environ,2
botanica,2
broadbent,2
enclosure,2
association,2
increased,2
spalled,2
removed,2
develop,2
gulf,2
much,2
strong,2
mature,2
taylor,2
ca,2
isostatic,2
sion,2
werner,2
fir,1
final,1
desirable,1
rfp,1
miller,1
massif,1
tracings,1
does,1
survived,1
timdal,1
margins,1
clustered,1
now,1
mazes,1
provid,1
fined,1
areolate,1
produces,1
invari,1
abergsjokull,1
flow,1
humans,1
aspicilia,1
limits,1
prefer,1
monly,1
estimated,1
car,1
plied,1
adopt,1
rev,1
substances,1
commentary,1
phylogeny,1
hacen,1
lichenometrie,1
gentler,1
commitment,1
plished,1
bioindicators,1
hundredths,1
handstones,1
affected,1
extreme,1
cells,1
physiography,1
expedition,1
nec,1
resulted,1
college,1
heights,1
converge,1
trans,1
lated,1
sculpting,1
semi,1
branches,1
eliminated,1
usados,1
estructuras,1
quentin,1
ronments,1
nental,1
bei,1
overland,1
group,1
needed,1
grammatically,1
obsolete,1
engineered,1
kinds,1
sitism,1
fate,1
manufac,1
mountaineering,1
superb,1
designed,1
ya,1
stoffwechsel,1
ihr,1
formed,1
renamed,1
noncalcareous,1
competencia,1
med,1
true,1
english,1
continent,1
midsummer,1
remnants,1
ambientes,1
mals,1
unanswered,1
inconsistent,1
bod,1
notched,1
modern,1
han,1
predating,1
wolf,1
liquenometricos,1
loca,1
decade,1
collection,1
reasonably,1
hutchin,1
protection,1
cycles,1
patagonia,1
royal,1
ian,1
pose,1
encourage,1
occurred,1
discutidos,1
microclimate,1
realis,1
em,1
ambitious,1
areal,1
welcomes,1
tographs,1
krista,1
assume,1
induced,1
saclike,1
ingredients,1
sheep,1
bothnia,1
annals,1
tigations,1
recog,1
materials,1
limestone,1
par,1
negative,1
lichenom,1
aw,1
accumulation,1
captur,1
cast,1
carpon,1
deter,1
cubiertas,1
stabilization,1
jesse,1
titles,1
isla,1
revisited,1
aino,1
frankfurt,1
preceding,1
greenhouses,1
champlain,1
avoiding,1
archae,1
straddles,1
learned,1
neva,1
dition,1
asso,1
sval,1
exhibition,1
ears,1
expectation,1
rolf,1
nancy,1
worked,1
heavens,1
kontrollierten,1
transplant,1
seems,1
asia,1
gin,1
geoarchaeol,1
dangling,1
shaped,1
schroeter,1
height,1
sup,1
continue,1
crops,1
geogaphicum,1
leading,1
multicomponent,1
secondary,1
belong,1
glasgow,1
tural,1
phytes,1
circum,1
marek,1
tephrochronologically,1
spaced,1
balina,1
cuchillar,1
studied,1
incident,1
transferred,1
proves,1
atlantic,1
farther,1
closer,1
hundred,1
glacially,1
composition,1
inamicaacta,1
vivir,1
timber,1
take,1
surreports,1
expansion,1
ecotone,1
ogist,1
embrace,1
graphicum,1
enstudien,1
ubc,1
bettinger,1
morphic,1
substi,1
rudimentary,1
herbaria,1
foll,1
greatly,1
precisely,1
influences,1
erforschung,1
primitive,1
innsbruck,1
carpic,1
investigations,1
physical,1
nal,1
decreased,1
morphologie,1
relations,1
confused,1
threshold,1
rosmarie,1
attempted,1
crus,1
haeberli,1
relieves,1
posts,1
capac,1
akin,1
datable,1
concealed,1
partners,1
evaluation,1
netherlands,1
previamente,1
acade,1
lichenometrists,1
dome,1
existence,1
deviation,1
reconstruction,1
originalmente,1
dauerflachen,1
hein,1
seven,1
fernando,1
glaciation,1
openings,1
key,1
king,1
av,1
tenths,1
capacity,1
advice,1
motion,1
weathered,1
terrane,1
primary,1
humid,1
pub,1
me,1
agriculture,1
nificant,1
discuss,1
geophysical,1
carbohydrate,1
utilizadas,1
calidad,1
retain,1
timescales,1
jack,1
outcrops,1
loessial,1
placement,1
prior,1
hilfsmittel,1
determined,1
marked,1
downvalley,1
tracing,1
collins,1
soils,1
slight,1
deglaciation,1
establishing,1
hendy,1
april,1
sumption,1
solely,1
october,1
bibliography,1
macrosporum,1
flank,1
inom,1
ecologica,1
professor,1
mental,1
likely,1
bell,1
treating,1
timothy,1
establishment,1
resources,1
uncertain,1
cited,1
cumberland,1
relate,1
reindeer,1
considerably,1
milder,1
representing,1
mat,1
krustenflechten,1
ten,1
beneath,1
lars,1
anomalously,1
measur,1
prevented,1
implications,1
warfare,1
topolovaya,1
uted,1
sand,1
tied,1
penetrate,1
usurping,1
ous,1
elk,1
agg,1
fluc,1
fabricacion,1
fechas,1
abraded,1
relies,1
vides,1
linnaeus,1
goal,1
associations,1
diploschistes,1
thus,1
pen,1
crossing,1
throughout,1
apex,1
appalachia,1
coun,1
lon,1
cemeteries,1
fun,1
colluvial,1
alignments,1
southwestern,1
montreal,1
accuracy,1
explained,1
esti,1
roger,1
blast,1
quality,1
surrounded,1
inhibition,1
inappropri,1
reset,1
foreland,1
shushan,1
socken,1
andarmstrong,1
terraces,1
noel,1
thompson,1
interest,1
dependere,1
reerection,1
characteristic,1
regarded,1
precise,1
helena,1
ear,1
mixed,1
decided,1
adopted,1
routed,1
te,1
mined,1
plotting,1
flechtenvereine,1
cultural,1
ergebnisse,1
grouped,1
jahrbuch,1
ray,1
zeitschrift,1
multilobed,1
submersionsresistenz,1
century,1
expected,1
engadine,1
vegetative,1
learning,1
cations,1
worn,1
beobachtungen,1
slabs,1
ologicos,1
dis,1
big,1
ecosystem,1
adam,1
nor,1
bamforth,1
lafabilidad,1
bay,1
perspective,1
concerning,1
sized,1
empleado,1
back,1
differently,1
ha,1
simplest,1
dia,1
pho,1
channels,1
young,1
weaker,1
graphically,1
mckinzey,1
compared,1
clock,1
ness,1
glaciar,1
vancouver,1
died,1
curate,1
scripta,1
biological,1
mates,1
tsao,1
archaeologist,1
terrace,1
student,1
subgenusreports,1
lobe,1
ital,1
etable,1
scarcity,1
apparently,1
charlene,1
existe,1
hoya,1
om,1
smallest,1
protects,1
cooperative,1
pronounced,1
tolerance,1
tained,1
handful,1
nique,1
dust,1
stanley,1
compromise,1
occasional,1
cetera,1
essen,1
otztal,1
error,1
poorly,1
ica,1
fr,1
drtica,1
untersuchungen,1
xanthoria,1
phases,1
speeds,1
higher,1
stant,1
behave,1
poor,1
archaic,1
drochronology,1
appro,1
preferences,1
steinsetzungen,1
bull,1
automatically,1
plotted,1
cana,1
russian,1
foun,1
morenas,1
acid,1
terminates,1
testudinea,1
rather,1
tecost,1
rockslide,1
ravender,1
prince,1
destroy,1
absent,1
across,1
intermediellum,1
edward,1
aggressive,1
basic,1
thou,1
maizels,1
levels,1
levee,1
preparing,1
eskimos,1
dolomite,1
consumes,1
yproblemas,1
gardener,1
subdivision,1
peninsula,1
una,1
requieren,1
forestal,1
goes,1
magnitudde,1
determining,1
plicate,1
mottershead,1
tinger,1
persistent,1
menos,1
schutze,1
derived,1
ejemplo,1
spores,1
plots,1
population,1
contributions,1
pages,1
special,1
envision,1
lacking,1
gletschers,1
geolog,1
summarized,1
microlichens,1
especies,1
bench,1
consequences,1
intensity,1
space,1
depositos,1
fade,1
lichenometriska,1
likened,1
wash,1
means,1
reason,1
accounts,1
tissue,1
ludger,1
mdximos,1
seaward,1
conocidos,1
wagon,1
javier,1
acquisition,1
appli,1
delella,1
monumental,1
regresreports,1
ref,1
consider,1
locally,1
orthoquartzite,1
improvement,1
tinental,1
coeffi,1
oping,1
image,1
vastly,1
finding,1
ledge,1
lowell,1
clearly,1
intrinsically,1
proved,1
warren,1
driven,1
attain,1
mobile,1
invariably,1
gradually,1
exitosa,1
flecht,1
quantify,1
shore,1
unfavorable,1
facsimile,1
iers,1
cliff,1
fare,1
threat,1
grasslands,1
covers,1
spiess,1
roofs,1
carpons,1
lus,1
resource,1
origins,1
albuquerque,1
postdating,1
beyond,1
polar,1
submerged,1
steeper,1
ciation,1
ki,1
prairie,1
ful,1
fronts,1
romo,1
technik,1
reorientation,1
lengthen,1
sistible,1
lichenometrische,1
believed,1
deglaciareports,1
strategy,1
management,1
icelandic,1
molds,1
avalanching,1
reflections,1
ogists,1
continentality,1
alpenpflanzen,1
burn,1
entwicklung,1
uses,1
accom,1
closely,1
advance,1
ahu,1
flechtengattung,1
oekologie,1
photogrammetrisch,1
identifying,1
columbia,1
introduce,1
aftermath,1
corridors,1
allow,1
kenntnis,1
cients,1
appearance,1
wilder,1
holds,1
histories,1
acknowledgments,1
dryness,1
plot,1
erosion,1
das,1
search,1
called,1
ology,1
dehydration,1
struc,1
amsterdam,1
recolonized,1
deprive,1
conspicuous,1
quarried,1
estudios,1
international,1
her,1
ocean,1
tatra,1
ofrhizocarpon,1
eters,1
events,1
tute,1
monitoring,1
zone,1
brindar,1
successively,1
journey,1
amer,1
scudari,1
emerge,1
paleoglacia,1
rabbe,1
topo,1
tasman,1
fuel,1
base,1
representative,1
inter,1
term,1
liz,1
evaluate,1
accurately,1
erupt,1
handbook,1
ann,1
caveat,1
lava,1
jotun,1
piration,1
elemental,1
war,1
youthful,1
photography,1
reviews,1
hall,1
levees,1
treat,1
flechtenvege,1
appears,1
salzburg,1
recently,1
thal,1
sticks,1
naturwissenschaftlich,1
meet,1
promise,1
rhlzocarpon,1
nutri,1
energy,1
toppled,1
safe,1
seattle,1
extrapolation,1
ford,1
procedures,1
regres,1
tropicales,1
onn,1
lowlands,1
explain,1
jessica,1
muchos,1
andre,1
fox,1
skalafellsjokull,1
erate,1
val,1
curvas,1
sci,1
glaciated,1
thicken,1
fruticose,1
technical,1
char,1
lawry,1
representatives,1
undatable,1
undersokningar,1
cise,1
vivors,1
metrically,1
having,1
basis,1
distinguish,1
stances,1
dlu,1
mapped,1
artifacts,1
acidic,1
gredos,1
intense,1
flattened,1
chang,1
received,1
postoccupational,1
preferred,1
ensue,1
nikonov,1
concept,1
unless,1
prominent,1
significantly,1
ents,1
tage,1
story,1
boughs,1
rcf,1
edad,1
competing,1
overgrowing,1
andlisis,1
italy,1
herzogia,1
tuations,1
wibjorn,1
mam,1
positions,1
routinely,1
priate,1
follmann,1
stein,1
loss,1
moranen,1
frequent,1
sta,1
q,1
michael,1
fail,1
northwest,1
palaeoenvi,1
bayern,1
curva,1
broad,1
collective,1
shading,1
people,1
jo,1
rows,1
midiendo,1
prehistorical,1
raraku,1
ser,1
quaternaryreports,1
mathematical,1
doors,1
tected,1
slab,1
caza,1
douglas,1
fungus,1
floors,1
institution,1
botanis,1
stationary,1
achieving,1
rebound,1
lichenolo,1
won,1
ter,1
alpina,1
metabo,1
phaeothallus,1
challenging,1
colossi,1
silicone,1
veneon,1
markedly,1
prefire,1
graduate,1
chemistry,1
towards,1
bration,1
pollution,1
spore,1
circumventing,1
avoided,1
subtle,1
quarterly,1
nean,1
creating,1
hut,1
kotarba,1
airborne,1
prelim,1
tolerant,1
indicator,1
presented,1
working,1
regardless,1
negligible,1
millimeters,1
fostered,1
submitted,1
involve,1
amy,1
indicators,1
outwash,1
catena,1
schumm,1
dateringar,1
sonal,1
praed,1
reaches,1
pond,1
colby,1
rainier,1
geomorphology,1
superficies,1
around,1
rarities,1
heat,1
intervals,1
agement,1
unafecha,1
eco,1
performance,1
soil,1
mineral,1
consensus,1
bazanova,1
accomplished,1
smithsonian,1
photosynthesize,1
components,1
bridge,1
ill,1
efectos,1
mal,1
transfer,1
tation,1
adhere,1
shaded,1
attached,1
alluvial,1
carlos,1
weapons,1
villages,1
lewis,1
gulkana,1
impossible,1
rately,1
inte,1
occasions,1
vein,1
annual,1
visible,1
generally,1
rendition,1
asci,1
cleaning,1
leaflike,1
productivity,1
herramientas,1
orthoclase,1
preconstruction,1
lorenz,1
proper,1
pa,1
pigmented,1
tuff,1
plausible,1
nv,1
dam,1
monzonite,1
rest,1
disturbing,1
sredniaya,1
medios,1
gletscherkunde,1
avoid,1
neolithic,1
crecen,1
estimar,1
chronological,1
portion,1
uncommon,1
bighorn,1
bonate,1
estimaciones,1
edith,1
poland,1
ical,1
sylvia,1
frederick,1
summa,1
matter,1
van,1
subsp,1
exhaust,1
requirement,1
prohibitively,1
campsites,1
scientific,1
misleadingly,1
doctoral,1
shields,1
esencial,1
sys,1
overall,1
puede,1
anker,1
return,1
wait,1
computing,1
polynesischen,1
snowbank,1
islands,1
nearly,1
prevailing,1
rized,1
allen,1
sect,1
still,1
judgment,1
darkness,1
illustrating,1
indicates,1
outer,1
logical,1
exceeded,1
cumbria,1
roof,1
mammal,1
percentage,1
guide,1
once,1
patches,1
collect,1
jenness,1
vided,1
bathurst,1
reference,1
svalbard,1
examined,1
greenhouse,1
substrates,1
bet,1
nant,1
albert,1
adobe,1
gins,1
sisted,1
array,1
apothecia,1
repair,1
stadtflechten,1
kamil,1
dusting,1
plantarum,1
historia,1
official,1
orange,1
temperate,1
oven,1
specimens,1
utilizado,1
idaho,1
renaud,1
copper,1
positively,1
quarries,1
complete,1
bloomington,1
pioneered,1
hearne,1
choices,1
ani,1
geobotanical,1
rabbit,1
ethnographic,1
tic,1
imens,1
outcompete,1
archeology,1
wright,1
radioreports,1
reduces,1
wisconsin,1
mejor,1
noted,1
bar,1
knocking,1
poca,1
sistent,1
lee,1
sam,1
routes,1
sunlight,1
ultraviolet,1
medizinischen,1
sis,1
fire,1
visitor,1
laterally,1
aggregated,1
erence,1
encour,1
genero,1
jonasson,1
fruiting,1
sensu,1
cernohorsky,1
monitor,1
stream,1
archaeologically,1
agronomics,1
caesiocinerea,1
pointed,1
semicircular,1
avail,1
juan,1
graphis,1
cortex,1
flat,1
intraspecific,1
addition,1
experienced,1
projects,1
erect,1
enced,1
attrib,1
usefulness,1
wooden,1
incorporates,1
lund,1
prehistorically,1
tions,1
fact,1
lack,1
washburn,1
preserve,1
sisting,1
creek,1
don,1
occurrence,1
sublucidum,1
denton,1
kappen,1
windswept,1
calib,1
niwot,1
arque,1
totals,1
plan,1
nitida,1
sonably,1
abstract,1
taxonomy,1
nize,1
disturbed,1
imple,1
viii,1
lacks,1
eagle,1
reasoning,1
ried,1
reger,1
break,1
cimientos,1
fallen,1
anders,1
state,1
remain,1
estdn,1
arthur,1
variation,1
tilburg,1
venture,1
distributions,1
rodbell,1
considerable,1
reflect,1
zero,1
dead,1
discussed,1
trips,1
removal,1
terry,1
windward,1
channel,1
terreno,1
anthropologist,1
mayoridadde,1
never,1
enough,1
hand,1
adjacent,1
tales,1
altersmabstab,1
remarkable,1
increases,1
keys,1
churchyards,1
road,1
competitors,1
superimposed,1
chile,1
accepted,1
orthodoxy,1
relevant,1
karl,1
calibra,1
lobed,1
uric,1
ungulates,1
slowest,1
tures,1
necessary,1
antarc,1
elcardctery,1
showing,1
diets,1
fewer,1
routledge,1
cul,1
como,1
boul,1
assemblage,1
nonbotanist,1
compete,1
ticularly,1
anthro,1
knoll,1
outlines,1
artifact,1
northwestern,1
remained,1
fc,1
measuringreports,1
interpreting,1
another,1
slow,1
granitic,1
ecrins,1
matrix,1
ject,1
investigators,1
nutrition,1
vast,1
averaged,1
damentally,1
lost,1
background,1
fletchten,1
assemblages,1
completed,1
preferential,1
organisms,1
uplift,1
helps,1
active,1
mata,1
flaw,1
desert,1
js,1
alga,1
enhanced,1
translation,1
competes,1
retains,1
deserts,1
increase,1
merge,1
net,1
transplantation,1
template,1
wachstum,1
ogopara,1
sjoberg,1
attributed,1
persists,1
informacion,1
photogram,1
ambos,1
bayerischen,1
entirely,1
tinues,1
deprived,1
prevailed,1
convenience,1
assumption,1
virtually,1
francis,1
began,1
causes,1
lanes,1
valladares,1
dangle,1
chichester,1
emigrated,1
mohs,1
crevices,1
bystrinskiy,1
sible,1
write,1
decelerate,1
deserticos,1
advantages,1
overturned,1
theoretical,1
botanischen,1
excava,1
berkshire,1
susceptibil,1
ties,1
dichotomous,1
significance,1
volunteer,1
talbot,1
colonizes,1
fluttered,1
accessed,1
adding,1
schoe,1
stress,1
coloniza,1
scandinavia,1
peripheral,1
ofqua,1
puna,1
mt,1
obtaining,1
agreement,1
peter,1
maintenance,1
blankets,1
evalu,1
iden,1
resultant,1
construc,1
hornslandsudde,1
brett,1
sugars,1
spread,1
optimum,1
him,1
bimonthly,1
responses,1
purvis,1
dendrochronology,1
sands,1
traveled,1
stages,1
maximize,1
accurate,1
attributing,1
harder,1
lose,1
monitors,1
individ,1
megaliths,1
quick,1
margin,1
feldspar,1
favored,1
reproducibility,1
especially,1
comparing,1
internal,1
outcomes,1
resreports,1
eyes,1
juncture,1
replicated,1
rezenter,1
relation,1
essary,1
successful,1
specialize,1
sight,1
terrestres,1
conocida,1
campuses,1
humor,1
sig,1
cation,1
excluded,1
andlandforms,1
inary,1
hardy,1
dations,1
congres,1
dian,1
statue,1
spain,1
southwest,1
copyright,1
figures,1
prothalli,1
wolfgang,1
haven,1
tendency,1
destruction,1
geologi,1
hawks,1
green,1
derivados,1
proveer,1
andreas,1
cen,1
chert,1
morpholog,1
cipitation,1
unrelated,1
exper,1
competed,1
widely,1
attended,1
tephrochronology,1
gist,1
anatomy,1
hunt,1
crepancy,1
separate,1
tiendas,1
standard,1
datierung,1
increasing,1
solar,1
ferences,1
ranging,1
subgen,1
penetrates,1
carried,1
mation,1
depth,1
undifferentiated,1
straight,1
blindreports,1
assigned,1
aid,1
abundance,1
recessional,1
reproduc,1
chances,1
today,1
menounos,1
raise,1
note,1
appalachian,1
window,1
bureau,1
independent,1
continued,1
reliability,1
liquenometria,1
movements,1
ailefroide,1
anos,1
iment,1
amarillas,1
serendipitous,1
moister,1
nyberg,1
practitioners,1
claimed,1
program,1
idoneo,1
tech,1
pieces,1
rough,1
rior,1
category,1
oregon,1
chemotypes,1
cyanobacteria,1
arqueologia,1
nourishing,1
bare,1
tify,1
predict,1
objectos,1
verbreitungsgrenzen,1
becomes,1
dimensions,1
who,1
sensitive,1
tial,1
concluding,1
santesson,1
tive,1
deposit,1
chlorophana,1
rethinking,1
lichenicolous,1
ternaiy,1
accelerate,1
floor,1
prosper,1
markers,1
tering,1
imre,1
try,1
indicate,1
contributor,1
dynamism,1
class,1
es,1
methods,1
responsible,1
oxfordshire,1
arts,1
examine,1
alteracion,1
giv,1
researcher,1
mortality,1
expe,1
greenland,1
respect,1
equaled,1
albino,1
ders,1
convective,1
epi,1
extremely,1
pithouses,1
hutchinson,1
sandstone,1
competi,1
angeles,1
immature,1
vanessa,1
muros,1
resemble,1
crowded,1
chen,1
conservation,1
particularmente,1
stable,1
considered,1
substratum,1
clearings,1
durability,1
gilbert,1
quantitative,1
bry,1
openwork,1
recipe,1
differentiated,1
permafrost,1
recurrence,1
graphs,1
effiguratum,1
contained,1
magnitude,1
deposited,1
victoria,1
inactive,1
thinking,1
kamchatka,1
ecol,1
recoloniza,1
following,1
calibracion,1
dispersed,1
ual,1
arche,1
cir,1
repaired,1
standorte,1
mann,1
dresser,1
version,1
changing,1
photosynthesizing,1
flechtenflora,1
ronment,1
manual,1
headstones,1
extensive,1
continues,1
mountainside,1
sel,1
dubious,1
lightreports,1
paleoindian,1
yu,1
satisfactory,1
botanical,1
dendrochronological,1
lichenology,1
ranch,1
resinous,1
mientras,1
southward,1
trapped,1
charles,1
estes,1
norvesicum,1
prob,1
sciences,1
geoarchaeology,1
photoshop,1
minerals,1
set,1
clarence,1
equation,1
bright,1
reagents,1
passera,1
quickly,1
geography,1
berkeley,1
postglacial,1
charlotte,1
rainfall,1
sido,1
mulate,1
ronmental,1
windbreak,1
environment,1
fornminnesplatser,1
pedestrian,1
paper,1
racy,1
ded,1
spec,1
suggestions,1
assumed,1
exploration,1
identi,1
down,1
clan,1
else,1
half,1
emit,1
wissenschaftlichen,1
wissenschaft,1
current,1
intersected,1
alaskan,1
pigment,1
refugios,1
poelt,1
loret,1
critically,1
any,1
flotron,1
geomorphic,1
mystery,1
reconocerpotencialesfactores,1
discolored,1
fertilized,1
build,1
spruce,1
winkler,1
lentamente,1
distinctive,1
shebalina,1
northward,1
anomalous,1
utilized,1
passage,1
country,1
type,1
masters,1
structed,1
better,1
person,1
overgrown,1
vive,1
subterranean,1
prospectans,1
regionally,1
boundaries,1
born,1
killed,1
avoidance,1
genera,1
exposing,1
shat,1
veg,1
carefully,1
discharge,1
spatial,1
whether,1
steinriesen,1
steplike,1
list,1
migratory,1
naturwissenschaften,1
ones,1
och,1
cause,1
involvement,1
mosses,1
pech,1
maintain,1
proven,1
bylund,1
map,1
impli,1
lengths,1
ies,1
tightly,1
sporastatia,1
leaving,1
arqueol,1
limbs,1
individuum,1
estab,1
fully,1
while,1
glac,1
argued,1
umschau,1
explored,1
geologos,1
reviewed,1
siliciosas,1
episode,1
numer,1
sancho,1
vereins,1
contain,1
categories,1
ses,1
vorchristlichen,1
carrara,1
church,1
particulates,1
bodies,1
boston,1
monitored,1
trees,1
elias,1
entire,1
rocas,1
code,1
g,1
mountaineer,1
mod,1
pits,1
inspiration,1
disparate,1
given,1
through,1
uniform,1
introduced,1
city,1
despite,1
micro,1
rod,1
press,1
became,1
devel,1
disadvan,1
unaffected,1
easy,1
variability,1
ram,1
ring,1
heimischen,1
phyton,1
radiation,1
metodos,1
pollu,1
etry,1
taiga,1
controls,1
geophysics,1
com,1
culling,1
mulates,1
jour,1
contribute,1
reconstruct,1
inflections,1
distinguishable,1
equipped,1
families,1
indians,1
world,1
conti,1
pole,1
sharnoff,1
headwaters,1
goals,1
otros,1
catches,1
discontinued,1
geomorpholog,1
orombelli,1
precision,1
our,1
prepared,1
irre,1
susceptible,1
worsley,1
indiana,1
perspectiva,1
question,1
lambat,1
moderate,1
holtmeier,1
ultimately,1
elongated,1
cycling,1
youth,1
emptor,1
entity,1
electronic,1
discrepancy,1
seg,1
donald,1
genetically,1
archeol,1
altersbestimmungen,1
diam,1
opens,1
zum,1
samuel,1
canteras,1
bryo,1
compari,1
leopoldo,1
osterin,1
marr,1
explanation,1
desarrollado,1
wish,1
hawksworth,1
snowy,1
applicable,1
undersized,1
earity,1
ofreports,1
geod,1
immersion,1
dense,1
reduc,1
morphologically,1
cobble,1
flagship,1
tose,1
manufacture,1
surements,1
smaller,1
barnes,1
glass,1
selection,1
thoughtful,1
exceeding,1
osterinsel,1
regular,1
piece,1
morphologies,1
defined,1
contours,1
forming,1
limitations,1
auto,1
cept,1
capacidad,1
madison,1
shift,1
mic,1
overabundance,1
snowkill,1
ranged,1
sides,1
summary,1
penin,1
scanner,1
reconnaissance,1
potenciales,1
thousand,1
observation,1
proglacial,1
supported,1
drift,1
muralis,1
submersion,1
toler,1
hans,1
deciding,1
peratures,1
areo,1
caloplaca,1
ionizing,1
km,1
benachbarder,1
interdisciplinary,1
mccarthy,1
intolerably,1
bottoms,1
supply,1
hills,1
vary,1
lehman,1
communi,1
th,1
irrelevant,1
apothecium,1
norman,1
dark,1
element,1
vier,1
severely,1
duration,1
leah,1
comparable,1
whenever,1
dif,1
alberta,1
arnold,1
building,1
broader,1
pos,1
unrepresentative,1
didmetros,1
fur,1
mistaken,1
close,1
liquenometrica,1
arizona,1
harmful,1
lichenol,1
sugden,1
overlooking,1
