WORDCOUNTS,WEIGHT
the,439
of,261
in,170
pots,118
and,113
a,90
to,81
ceramic,70
is,64
for,64
uselife,59
inventories,56
breakage,53
by,52
recorded,50
as,48
cooking,48
inventory,48
were,39
be,37
this,36
are,35
method,34
that,33
year,33
regular,33
was,32
record,32
vessels,32
on,30
pot,30
it,29
production,28
broken,27
large,24
missed,23
years,22
uselives,22
kalinga,21
number,20
these,20
not,19
data,19
de,19
from,18
produced,18
mean,17
each,17
two,17
based,17
m,16
estimated,16
other,16
have,16
american,15
such,15
an,15
three,14
pottery,14
more,13
because,13
longevity,13
l,12
been,12
w,12
only,12
classes,12
vessel,12
between,12
estimate,12
longacre,11
antiquity,11
with,11
university,11
dangtalan,11
j,11
bias,11
estimates,11
among,11
no,10
methods,10
ethnoarchaeological,10
all,10
archaeological,10
than,10
edited,9
some,9
used,9
project,9
would,9
if,8
en,8
also,8
new,8
while,8
households,8
although,8
may,7
b,7
studies,7
pp,7
before,7
age,7
long,7
time,7
recording,7
has,7
possible,7
size,7
both,7
made,7
use,7
period,7
one,7
after,7
class,7
when,7
much,7
recall,6
about,6
same,6
ethnographic,6
many,6
last,6
since,6
there,6
informant,6
collected,6
several,6
c,6
la,6
figure,5
still,5
they,5
certain,5
or,5
n,5
first,5
ittoyom,5
paper,5
longer,5
seem,5
p,5
those,5
biases,5
frequency,5
los,5
values,5
r,5
quantity,5
household,5
during,5
people,5
systematic,5
average,5
their,5
problems,5
can,5
annual,5
oppaya,5
at,4
span,4
f,4
luzon,4
h,4
foster,4
derived,4
analysis,4
into,4
included,4
revision,4
al,4
but,4
ethnoarchaeology,4
most,4
t,4
set,4
season,4
dc,4
monitor,4
reliability,4
how,4
events,4
survey,4
context,4
population,4
distribution,4
percent,4
another,4
almost,4
assemblages,4
measuring,4
northern,4
actually,4
actual,4
includes,4
which,4
institution,4
estimating,4
david,4
conducted,4
sample,4
effects,4
skibo,4
life,4
small,4
methodological,4
maximum,4
philippines,4
major,4
arizona,4
survived,3
he,3
his,3
functional,3
site,3
extreme,3
calculation,3
hennig,3
systematically,3
study,3
sets,3
york,3
affect,3
regularly,3
vasijas,3
river,3
seems,3
tani,3
any,3
broke,3
series,3
contexts,3
inventario,3
department,3
simply,3
rice,3
smithsonian,3
ii,3
removed,3
had,3
different,3
unknown,3
metodo,3
differences,3
mills,3
i,3
serious,3
do,3
occupation,3
que,3
within,3
heizer,3
el,3
appears,3
necessary,3
higher,3
interval,3
assemblage,3
account,3
discrepancies,3
example,3
discussion,3
presented,3
reported,3
given,3
through,3
case,3
counts,3
systemic,3
previous,3
formation,3
accuracy,3
immosso,3
difference,3
against,3
g,3
vida,3
d,3
revised,3
tucson,3
next,3
exercise,3
shortly,3
nelson,3
repeated,3
surge,3
este,3
research,3
compared,3
villages,3
probably,3
even,3
surveys,3
duration,3
should,3
will,2
suggest,2
does,2
para,2
likely,2
o,2
added,2
essential,2
without,2
difficult,2
housewives,2
names,2
across,2
sesgos,2
mountain,2
personnel,2
affected,2
archaeology,2
becomes,2
e,2
reason,2
alone,2
un,2
completely,2
proportion,2
accumulations,2
similar,2
village,2
longitudinal,2
ceramics,2
special,2
neupert,2
existed,2
cases,2
calculate,2
factors,2
types,2
peaks,2
exists,2
means,2
represents,2
estimados,2
considered,2
chico,2
quantitative,2
presents,2
occurred,2
section,2
complete,2
just,2
except,2
numbers,2
ethnological,2
too,2
must,2
four,2
measurements,2
being,2
anthropology,2
discrepancy,2
des,2
took,2
law,2
over,2
contextos,2
water,2
nature,2
accurately,2
including,2
sampling,2
did,2
very,2
daily,2
simple,2
timing,2
ceramicas,2
users,2
intensive,2
promedio,2
festivities,2
variation,2
pattern,2
prospects,2
removal,2
representative,2
reasons,2
inventarios,2
late,2
never,2
respectively,2
following,2
reserved,2
william,2
essentially,2
less,2
interview,2
cannot,2
cause,2
disparity,2
either,2
assumed,2
u,2
institute,2
well,2
custom,2
original,2
suggests,2
cambridge,2
upon,2
son,2
significantly,2
part,2
introduced,2
longevidad,2
failed,2
apparent,2
chart,2
its,2
interviews,2
sold,2
disproportionally,2
place,2
immediately,2
records,2
shortcomings,2
employed,2
replaced,2
until,2
known,2
reveals,2
table,2
errors,2
mayor,2
individual,2
level,2
type,2
reliable,2
mexico,2
proyecto,2
order,2
attempted,2
accurate,2
area,2
pasil,2
involved,2
perspective,2
potential,2
interviewed,2
single,2
world,2
chicago,2
effect,2
informants,2
y,2
substantial,2
extent,2
journal,2
figures,2
comparable,2
masakazu,2
preliminary,2
deboer,2
society,2
thorough,2
mecanismes,1
estimar,1
smaller,1
final,1
unlikely,1
kyushu,1
corregidos,1
mechanisms,1
demasiado,1
seasons,1
naming,1
communities,1
barros,1
interesting,1
possessed,1
san,1
escaped,1
median,1
done,1
varien,1
adequate,1
corrects,1
otilia,1
attempts,1
absence,1
van,1
skews,1
way,1
fairly,1
tarahumara,1
ox,1
supplementary,1
sometimes,1
bring,1
academic,1
economic,1
analyses,1
groups,1
highlands,1
developed,1
integrating,1
angeles,1
located,1
overall,1
created,1
toward,1
cerdimica,1
hill,1
represent,1
top,1
centre,1
environmental,1
expedition,1
donnan,1
discard,1
reference,1
female,1
reportada,1
exception,1
institutions,1
di,1
dimensions,1
rather,1
lost,1
una,1
supplementing,1
community,1
seen,1
july,1
strongly,1
yale,1
itself,1
introduction,1
says,1
calculated,1
earlier,1
overlap,1
expect,1
corregidas,1
regional,1
remaining,1
importance,1
etnograficos,1
entre,1
contra,1
direct,1
intrinsecos,1
surveyed,1
assuming,1
aquellos,1
overestimation,1
kinds,1
specific,1
seemreports,1
construction,1
momento,1
blood,1
fall,1
once,1
owing,1
zero,1
live,1
cr,1
az,1
motivation,1
fields,1
estimada,1
peeters,1
articulo,1
monitors,1
sherds,1
recalled,1
read,1
problematic,1
aparece,1
happened,1
seriation,1
pact,1
acknowledgments,1
exactly,1
ensure,1
combining,1
honour,1
representativeness,1
utilizan,1
investigations,1
length,1
improvement,1
favorable,1
toy,1
virtually,1
anthropological,1
descent,1
ittoyomn,1
organized,1
magnitude,1
falls,1
total,1
why,1
underlying,1
k,1
represented,1
guatemala,1
senior,1
gradually,1
comes,1
archeology,1
changing,1
anonymous,1
profile,1
upper,1
reasonably,1
periodically,1
show,1
fluctuations,1
histogram,1
begins,1
principal,1
diversos,1
summarize,1
accumulation,1
basado,1
shorter,1
logistically,1
archaeologists,1
avoided,1
peru,1
sufficient,1
published,1
zedefio,1
temporal,1
generally,1
sources,1
initial,1
carbondale,1
points,1
revisited,1
output,1
members,1
requires,1
representativeniess,1
datan,1
ageprofile,1
numbered,1
utah,1
comprehensively,1
mateo,1
gran,1
equated,1
originally,1
cover,1
later,1
taken,1
opinion,1
coincide,1
know,1
outcome,1
thank,1
again,1
turner,1
social,1
registrado,1
appear,1
revealing,1
central,1
disappeared,1
extant,1
ceramiques,1
sido,1
cristina,1
grupos,1
whereas,1
results,1
correspond,1
unlike,1
result,1
problem,1
dramatically,1
prehistoric,1
fact,1
shows,1
possibilities,1
sizes,1
corta,1
datos,1
rosamunde,1
variable,1
allow,1
storing,1
conduct,1
declined,1
secondary,1
could,1
down,1
parameters,1
indicate,1
carrying,1
inherent,1
entered,1
highland,1
approximation,1
reatable,1
called,1
strength,1
elmo,1
current,1
indeed,1
minimized,1
reviewers,1
potentially,1
terraced,1
ambiguity,1
producing,1
spanish,1
particularly,1
out,1
objectives,1
break,1
larger,1
similares,1
issue,1
estudios,1
lake,1
sedentary,1
scheme,1
ph,1
fulani,1
far,1
procedure,1
monitoring,1
ofanthropology,1
inference,1
monograph,1
narrowed,1
functionally,1
haven,1
las,1
past,1
existen,1
conclusion,1
base,1
living,1
assessment,1
revelan,1
devised,1
patterns,1
philippine,1
behind,1
ceramica,1
rugged,1
further,1
greatly,1
abstract,1
inimosso,1
neighboring,1
cerdrmicos,1
annually,1
continuous,1
manner,1
due,1
twice,1
andreports,1
discussing,1
valleys,1
vary,1
revise,1
checked,1
economy,1
pastron,1
proceedings,1
carefully,1
desde,1
kitchen,1
them,1
relevant,1
module,1
southern,1
depends,1
system,1
references,1
reckon,1
independently,1
nearby,1
asegurar,1
practice,1
rationales,1
deep,1
japan,1
duree,1
mortal,1
fewer,1
native,1
pleistocene,1
theory,1
insufficient,1
design,1
anthropologists,1
comprehension,1
como,1
supplemented,1
abruptly,1
behavioral,1
occasions,1
utilitarian,1
free,1
clases,1
eliminate,1
information,1
genevois,1
memory,1
briefly,1
thoroughly,1
maya,1
improve,1
addresses,1
serie,1
produce,1
bulletin,1
longerlived,1
oo,1
realized,1
local,1
uneven,1
quantities,1
unequal,1
entirely,1
basis,1
supports,1
up,1
mntodo,1
referred,1
introdujo,1
contain,1
sometime,1
artifacts,1
aspects,1
work,1
characterize,1
survive,1
treated,1
fluctuation,1
analyze,1
occasionally,1
clear,1
meals,1
irrigated,1
essai,1
peace,1
point,1
mayan,1
deposits,1
forms,1
decoding,1
hundreds,1
purpose,1
edad,1
city,1
line,1
despite,1
collecting,1
overlooking,1
unpredictable,1
related,1
introduces,1
prosperous,1
variability,1
medium,1
decrease,1
assumptions,1
ethnography,1
identifies,1
significant,1
minimum,1
consistently,1
older,1
structured,1
range,1
nsf,1
refined,1
sugierefiguras,1
behavior,1
oneand,1
approach,1
missing,1
affects,1
maria,1
dozier,1
maintained,1
relevance,1
noted,1
relies,1
human,1
evolution,1
think,1
trend,1
statistics,1
tentatively,1
thus,1
et,1
accepted,1
throughout,1
susceptible,1
raising,1
notice,1
algunos,1
il,1
compact,1
southwestern,1
models,1
described,1
breaks,1
versions,1
argument,1
received,1
frontiers,1
accounted,1
generate,1
own,1
visited,1
ng,1
revisions,1
conditions,1
authors,1
refuse,1
writers,1
discussed,1
assumes,1
washington,1
grant,1
intact,1
donglahan,1
takaki,1
cooperate,1
mode,1
center,1
interpret,1
august,1
illinois,1
october,1
instead,1
christopher,1
include,1
salt,1
viable,1
successful,1
dips,1
caused,1
distributed,1
shorterlived,1
need,1
jr,1
crosssection,1
varies,1
function,1
funded,1
realization,1
product,1
meodos,1
media,1
translating,1
obtained,1
z,1
spans,1
presencia,1
kind,1
neutralized,1
derive,1
dam,1
sharp,1
intrinsic,1
event,1
repeat,1
bigger,1
stark,1
clewlow,1
increased,1
better,1
exchange,1
intervals,1
summary,1
agriculturalists,1
close,1
identifica,1
averaging,1
concerning,1
recolectados,1
random,1
few,1
replace,1
date,1
ha,1
best,1
mining,1
starting,1
schiffer,1
distinctions,1
nfiniero,1
become,1
peak,1
started,1
subtracting,1
overcome,1
interpretations,1
vie,1
third,1
shott,1
examine,1
accordingly,1
baumhoff,1
mechanical,1
like,1
always,1
early,1
methodology,1
duplications,1
mccaleb,1
predictable,1
terrace,1
valley,1
designed,1
copyright,1
attracted,1
nieves,1
tributary,1
unexploited,1
using,1
otros,1
boom,1
observados,1
strong,1
recent,1
observed,1
histograms,1
limitation,1
appropriate,1
so,1
substituted,1
value,1
brenda,1
awarded,1
pronounced,1
asked,1
arithmetic,1
dates,1
attention,1
derives,1
impressions,1
rates,1
concluded,1
cited,1
forth,1
ones,1
seemed,1
what,1
gold,1
rotura,1
