WORDCOUNTS,WEIGHT
the,656
of,427
and,321
in,181
to,143
a,123
by,115
sites,110
archaeological,97
mississippi,95
on,95
is,87
site,80
that,79
coast,77
are,76
coastal,69
for,67
subsidence,60
rise,55
as,53
be,53
this,50
gulf,42
than,40
or,39
at,38
period,35
most,34
eustatic,33
tidally,33
which,33
components,33
frequencies,32
land,32
effects,32
endogenic,30
j,30
inundated,30
can,30
these,29
from,29
with,28
region,27
exogenic,26
an,25
s,24
river,24
m,24
d,24
zone,23
r,23
bay,22
american,21
louisiana,21
temporal,21
c,21
they,20
other,20
de,20
one,20
no,20
more,20
data,19
shell,18
university,18
late,18
pp,18
also,18
sea,18
e,17
prehistoric,17
archaic,17
along,16
geological,16
changes,16
archaeology,16
edited,16
distributions,16
were,16
not,16
local,16
pine,16
distribution,15
tchula,15
relative,15
information,15
hills,15
southeastern,15
point,14
such,14
g,14
given,14
erosion,14
et,14
al,14
pattern,14
been,14
w,14
have,14
h,13
their,13
study,13
cultural,13
research,13
only,13
many,13
b,13
pearl,13
k,13
between,13
early,13
it,12
mdah,12
main,12
because,12
marsh,12
older,12
records,12
st,12
department,12
patterns,12
new,12
processes,12
middens,12
has,12
little,12
file,11
general,11
l,11
environments,11
factors,11
was,11
show,11
delta,11
antiquity,11
report,11
both,11
level,11
recent,11
major,11
lower,10
survey,10
those,10
human,10
estimate,10
submerged,10
bp,10
its,10
regional,10
south,10
southern,10
figure,10
case,10
stable,10
continental,10
reported,10
evidence,10
poverty,9
geologic,9
holocene,9
forces,9
t,9
about,9
shelf,9
less,9
greatest,9
similar,9
adaptations,9
storm,9
gagliano,8
mouth,8
before,8
jackson,8
oyster,8
state,8
some,8
due,8
against,8
rather,8
found,8
during,8
gradient,8
us,8
shows,8
louis,8
historic,8
mexico,8
files,8
should,8
rate,7
common,7
if,7
affected,7
u,7
jr,7
coasts,7
rates,7
may,7
explain,7
important,7
baton,7
buried,7
record,7
pleistocene,7
los,7
northern,7
loss,7
submergence,7
least,7
inc,7
sufficient,7
florida,7
periods,7
will,7
portion,7
marshes,7
mobile,7
but,7
lewis,7
increase,7
trend,7
rouge,7
la,7
force,7
known,7
much,7
o,6
estimated,6
source,6
implications,6
all,6
classified,6
plain,6
recorded,6
explained,6
process,6
surface,6
comparing,6
pascagoula,6
greater,6
had,6
cannot,6
caused,6
above,6
two,6
forms,6
present,6
existing,6
use,6
factor,6
low,6
latter,6
area,6
simply,6
reconnaissance,6
natural,6
alabama,6
subject,6
roughly,6
comparison,6
archives,5
coastlines,5
sitios,5
tend,5
modern,5
available,5
atlantic,5
i,5
inland,5
there,5
within,5
el,5
sound,5
account,5
modem,5
century,5
compare,5
across,5
direct,5
tides,5
out,5
occupation,5
indirect,5
aspects,5
del,5
county,5
partly,5
project,5
approach,5
earth,5
p,5
field,5
texas,5
directional,5
coastline,5
undetermined,5
deep,5
demonstrated,5
deposits,5
regions,5
described,5
change,5
lie,5
percent,5
increasing,5
analysis,5
united,5
table,5
then,5
must,5
paleoindian,5
subsiding,5
global,5
far,5
inference,5
section,5
destroyed,5
conference,5
years,5
although,5
states,5
gainesville,5
among,5
north,5
zones,5
society,5
represent,4
environmental,4
alone,4
center,4
large,4
kinds,4
offshore,4
history,4
into,4
long,4
vols,4
nature,4
georgia,4
take,4
beneath,4
que,4
barrier,4
bayou,4
y,4
assessed,4
york,4
contour,4
creek,4
age,4
archeological,4
could,4
stright,4
population,4
boyd,4
sealevel,4
near,4
line,4
geology,4
showing,4
using,4
value,4
provided,4
make,4
interpretation,4
chronology,4
place,4
same,4
water,4
time,4
anthropologist,4
v,4
ground,4
native,4
bulletin,4
significant,4
causes,4
netherlands,4
like,4
preservation,4
often,4
tampa,4
who,4
potential,4
each,4
claiborne,4
paper,4
extraction,4
chesapeake,4
essentially,4
them,4
orleans,4
beach,4
lies,4
situated,4
sinking,4
webb,4
locations,4
twentieth,4
offer,4
cedarland,4
oceans,4
surveys,4
isostatic,4
gis,3
now,3
kluwer,3
euroamerican,3
submerging,3
edge,3
indicated,3
presses,3
village,3
deltaic,3
readily,3
eastward,3
dc,3
clam,3
proportion,3
either,3
sedimentation,3
beds,3
date,3
worldwide,3
eastern,3
east,3
primary,3
geophysical,3
barry,3
resources,3
dynamic,3
geomorphological,3
component,3
assumes,3
relatively,3
plantation,3
terrace,3
hundimiento,3
cahoon,3
mean,3
special,3
biased,3
warren,3
under,3
just,3
n,3
impact,3
aubrey,3
resource,3
generally,3
surge,3
fluid,3
uses,3
location,3
midden,3
events,3
counties,3
interface,3
framed,3
concept,3
storms,3
experiencing,3
woodland,3
away,3
outline,3
presented,3
below,3
blitz,3
reconstructions,3
few,3
este,3
methodological,3
division,3
results,3
mouths,3
rest,3
identified,3
tide,3
wetland,3
nearly,3
engineering,3
management,3
compiled,3
williams,3
demoran,3
towns,3
wetlands,3
john,3
do,3
covered,3
where,3
tell,3
por,3
hurricane,3
frequency,3
streets,3
range,3
including,3
load,3
estuarine,3
so,3
dry,3
proximity,3
after,3
especially,3
article,3
effect,3
james,3
probably,3
atlas,3
perspectives,3
independent,3
stream,3
rough,3
lost,3
began,3
effectively,3
interpretive,3
hancock,3
environment,3
any,3
vittor,3
following,3
mann,3
terrestrial,3
sciences,3
offers,3
geoarchaeology,3
drowned,3
postglacial,3
infer,3
sanger,3
historical,3
las,3
closest,3
saucier,3
combined,3
form,3
accounts,3
problem,3
while,3
when,3
topographical,3
press,3
unaffected,3
measure,3
world,3
until,3
cambridge,3
illinois,3
typically,3
landforms,3
remains,3
increased,3
geosyncline,3
km,3
comparable,3
final,2
arcview,2
surficial,2
representing,2
responds,2
physiography,2
uplands,2
introduction,2
mar,2
settlements,2
complex,2
penland,2
marksville,2
identify,2
eustdtica,2
walker,2
articulo,2
comparisons,2
landform,2
total,2
lowlands,2
contexts,2
fires,2
test,2
archaeologists,2
rapid,2
official,2
assess,2
great,2
wave,2
locality,2
help,2
inundation,2
last,2
greatly,2
precisely,2
investigations,2
evaluation,2
depending,2
reconstruction,2
key,2
interstream,2
vol,2
howard,2
possible,2
bibliography,2
urbana,2
cited,2
undoubtedly,2
eroded,2
exposed,2
central,2
accessible,2
throughout,2
severe,2
objective,2
sediment,2
agent,2
z,2
estimates,2
gradients,2
differently,2
six,2
gauge,2
even,2
sassaman,2
journal,2
higher,2
identification,2
act,2
his,2
destroy,2
en,2
levels,2
subsistence,2
bias,2
tidal,2
milliman,2
white,2
moves,2
support,2
means,2
dredging,2
parkington,2
shore,2
landing,2
underwater,2
explicable,2
exploitation,2
destructive,2
appear,2
highest,2
result,2
based,2
deltas,2
begun,2
metodo,2
typical,2
access,2
ocean,2
carolina,2
base,2
density,2
accurately,2
burial,2
appears,2
viewed,2
fish,2
approached,2
public,2
brooks,2
well,2
having,2
basis,2
used,2
part,2
purpose,2
example,2
subregion,2
year,2
kindly,2
describe,2
documented,2
reflect,2
artifact,2
count,2
reaches,2
settlement,2
around,2
several,2
habitation,2
efectos,2
industry,2
tended,2
geologically,2
annual,2
up,2
describes,2
biloxi,2
notes,2
aggregate,2
small,2
f,2
shoreline,2
approximate,2
absence,2
practices,2
attributable,2
impacts,2
populations,2
brief,2
islands,2
stratigraphy,2
manifest,2
newton,2
wicker,2
biological,2
mcintire,2
narayanan,2
museum,2
represents,2
makes,2
remnant,2
culture,2
indian,2
goodell,2
noted,2
published,2
mound,2
harrison,2
challenge,2
fundamental,2
projects,2
lime,2
analytical,2
turner,2
deterioration,2
areas,2
occupations,2
totals,2
broken,2
murphy,2
larger,2
associates,2
omitted,2
considerable,2
seldom,2
discussed,2
conclusions,2
adjacent,2
utm,2
wiley,2
valleys,2
another,2
analyzed,2
oil,2
elevations,2
discussion,2
riehl,2
explanation,2
exploits,2
largely,2
assumption,2
rivers,2
submitted,2
three,2
comprehensive,2
points,2
nivel,2
subida,2
would,2
function,2
features,2
high,2
quick,2
become,2
relation,2
stand,2
implication,2
occupied,2
destruction,2
professional,2
separate,2
dealing,2
depth,2
provide,2
usually,2
reasonable,2
vertical,2
fewer,2
widespread,2
muck,2
seen,2
deposit,2
methods,2
wildlife,2
dead,2
types,2
ridges,2
sections,2
associated,2
series,2
specificity,2
minerals,2
over,2
control,2
did,2
down,2
current,2
cities,2
evident,2
what,2
proceedings,2
investigation,2
whether,2
ones,2
nearby,2
fisheries,2
guidebook,2
suggests,2
contain,2
occasionally,2
son,2
preserved,2
edwards,2
through,2
agents,2
maintained,2
writing,2
our,2
formation,2
average,2
contract,2
approximately,2
include,2
mississippiarchaeology,2
defined,2
shells,2
jelgersma,2
association,2
west,2
themselves,2
maximum,2
valley,2
entire,2
focus,2
strong,2
uk,2
unequivocal,2
bury,2
haq,2
difficult,1
morereports,1
rann,1
bernard,1
margins,1
silverman,1
divisible,1
mostly,1
freezes,1
owes,1
deny,1
bailey,1
helaine,1
destruidos,1
way,1
nofueron,1
tion,1
names,1
groups,1
meteorological,1
created,1
ready,1
compensate,1
mcclendon,1
barrels,1
neumaier,1
extreme,1
tuscaloosa,1
redeposit,1
ubicacion,1
tierra,1
measures,1
extends,1
cuevas,1
bruseth,1
debris,1
per,1
group,1
needed,1
sixties,1
boca,1
comprised,1
judged,1
geolagicos,1
systematically,1
essays,1
usefully,1
andadjacent,1
true,1
sets,1
continent,1
otvos,1
remnants,1
rt,1
easily,1
studies,1
park,1
boulder,1
former,1
grove,1
anthropology,1
protection,1
western,1
necessarily,1
dg,1
mainland,1
lowry,1
stretches,1
interpretative,1
coromandel,1
continuous,1
chief,1
fluctuations,1
automated,1
being,1
first,1
gap,1
morton,1
historicalnarrative,1
mareas,1
wakes,1
sources,1
davis,1
every,1
submarine,1
preceding,1
extraordinary,1
localities,1
portage,1
originally,1
taken,1
meters,1
kilometers,1
terrain,1
worked,1
weekend,1
stretch,1
delineation,1
reach,1
archaeologically,1
sedimentarystudies,1
wpa,1
laboratory,1
ottawa,1
borders,1
farmers,1
analyses,1
narrative,1
studied,1
disappearance,1
farther,1
generalizations,1
subsequent,1
aproximadamente,1
gauges,1
patterned,1
consist,1
shoals,1
marine,1
regression,1
staff,1
statemaintained,1
decreased,1
alike,1
somewhat,1
dd,1
digital,1
ad,1
mudshell,1
system,1
yazoo,1
empty,1
governmental,1
explicar,1
mulatto,1
conditioned,1
america,1
agriculture,1
addresses,1
felt,1
implies,1
lifetime,1
activity,1
cap,1
tiene,1
latearchaic,1
cultureareas,1
october,1
tonged,1
richard,1
naturalist,1
dioxide,1
combination,1
except,1
uncertain,1
bottom,1
genetic,1
compares,1
interior,1
facto,1
awaits,1
interviews,1
inexpensive,1
shorelines,1
inventory,1
localized,1
saltwater,1
energia,1
phase,1
includes,1
traylor,1
bracketed,1
hazards,1
cemeteries,1
herbivory,1
relationships,1
historically,1
expect,1
development,1
past,1
since,1
analyzing,1
september,1
software,1
unpublished,1
intact,1
rework,1
glacial,1
excavations,1
application,1
sample,1
expected,1
manuscript,1
spans,1
forced,1
ai,1
weaknesses,1
turn,1
cases,1
drainage,1
developments,1
old,1
interim,1
siterecord,1
times,1
perspective,1
clustering,1
arqueoldgicos,1
encompass,1
ha,1
simplest,1
houses,1
fatherland,1
left,1
surges,1
destroys,1
find,1
helpful,1
drawn,1
roundtable,1
communication,1
schooner,1
look,1
corrected,1
details,1
tentatively,1
border,1
demonstrably,1
truck,1
kentucky,1
cooperative,1
influence,1
poorly,1
hutchins,1
sears,1
let,1
mechanism,1
mentioned,1
reef,1
costa,1
van,1
bimodal,1
interesting,1
reconstructed,1
philadelphia,1
recognized,1
ocs,1
thearchaeology,1
essential,1
rw,1
reflects,1
predicted,1
camp,1
bays,1
pinpoint,1
una,1
represented,1
blitzreports,1
afforded,1
colquhoun,1
reworked,1
probability,1
sumergidos,1
earlier,1
emery,1
manages,1
landscapes,1
grew,1
entre,1
parts,1
aquatic,1
arbor,1
miscellaneous,1
manera,1
references,1
understand,1
laplata,1
marks,1
prehistory,1
representativeness,1
possibly,1
ramsey,1
statistical,1
sallenger,1
zambezi,1
clearly,1
elsewhere,1
days,1
weather,1
numbers,1
placed,1
gradually,1
northeastern,1
argued,1
observations,1
threat,1
upper,1
four,1
montgomery,1
commented,1
additional,1
follow,1
scientist,1
prairie,1
christmas,1
method,1
peabody,1
answers,1
eugene,1
decades,1
cut,1
view,1
atlanta,1
creeks,1
estos,1
raw,1
yielding,1
dot,1
societies,1
plaquemines,1
harder,1
acknowledgments,1
plot,1
search,1
discrete,1
bytides,1
lived,1
wholly,1
fishing,1
pass,1
depletion,1
ofharrison,1
valor,1
possibility,1
initial,1
mined,1
further,1
traced,1
transactions,1
focused,1
crc,1
hinterland,1
circular,1
levees,1
moore,1
biases,1
excellent,1
otherwise,1
russell,1
fruci,1
buapeng,1
oysters,1
drain,1
structure,1
stations,1
huge,1
criteria,1
briefly,1
distinguishes,1
exert,1
directly,1
oak,1
accounting,1
stata,1
artifacts,1
work,1
formerly,1
strengths,1
received,1
seasonally,1
significantly,1
characterization,1
civil,1
reduction,1
closed,1
patterning,1
description,1
comprehend,1
literature,1
discussions,1
examina,1
travel,1
archeology,1
climatic,1
people,1
relevance,1
actually,1
bits,1
beads,1
winter,1
ofalabamaarchaeology,1
ervin,1
surrounding,1
aplicacion,1
cat,1
il,1
systematic,1
noticeably,1
interpreted,1
strengthened,1
currents,1
genealogical,1
trends,1
attributed,1
sink,1
pollution,1
camille,1
depositional,1
mexco,1
forreports,1
social,1
lang,1
hard,1
corresponds,1
useful,1
lowest,1
buildings,1
parish,1
reliable,1
tested,1
next,1
homogenous,1
identificar,1
characteristics,1
ship,1
bottle,1
presence,1
subsided,1
dramatic,1
protect,1
villages,1
usner,1
bahr,1
visible,1
excel,1
progress,1
uniform,1
recientes,1
ptii,1
eyes,1
regardless,1
relic,1
weigh,1
preliminary,1
sitio,1
passive,1
gradiente,1
avulsion,1
hurricanes,1
happen,1
therefore,1
he,1
units,1
investigating,1
thanks,1
curves,1
summarize,1
action,1
reminiscences,1
kenneth,1
gradual,1
hide,1
synthesis,1
located,1
overall,1
techniques,1
lasfichas,1
edges,1
exception,1
unsystematic,1
academy,1
prove,1
formative,1
july,1
indicates,1
accumulations,1
builders,1
exogenos,1
roads,1
thailand,1
impacto,1
hold,1
tends,1
direction,1
exceeded,1
guide,1
once,1
oxford,1
yet,1
reference,1
examined,1
read,1
database,1
me,1
corroborated,1
locationfiles,1
beek,1
selective,1
smith,1
included,1
inundados,1
mcgahey,1
amazon,1
rising,1
ed,1
outlined,1
reprint,1
nineteenthcentury,1
narratives,1
highways,1
reports,1
mississippiarchaeologicalassociation,1
warranted,1
geologists,1
considers,1
spatially,1
volume,1
muy,1
geomorphology,1
inhabitants,1
oral,1
damariscotta,1
houston,1
strike,1
accompanies,1
compaction,1
others,1
ecological,1
put,1
printing,1
mantienen,1
barber,1
submerge,1
fact,1
longer,1
lack,1
valid,1
andreports,1
minnesota,1
striking,1
pirazzoli,1
euroamericans,1
enable,1
gangesbrahmaputra,1
petre,1
inlets,1
surfaces,1
end,1
variation,1
unburied,1
afectados,1
profunda,1
papers,1
enough,1
abstract,1
procesos,1
road,1
continuing,1
validity,1
postal,1
see,1
strategies,1
nonreactive,1
necessary,1
material,1
reshaped,1
agencies,1
mper,1
lasca,1
rounds,1
perhaps,1
como,1
number,1
sugiere,1
day,1
boat,1
degree,1
remained,1
entity,1
thousands,1
government,1
exhibit,1
sippi,1
haag,1
survive,1
examples,1
treated,1
comprise,1
assemblages,1
klomneters,1
mayores,1
chronologies,1
active,1
slaves,1
scaled,1
transgressive,1
previously,1
campsite,1
langdon,1
unconsolidated,1
forested,1
streams,1
warming,1
abiotic,1
varying,1
empirical,1
fronting,1
controlling,1
sold,1
refers,1
encounters,1
affects,1
sequence,1
harvard,1
poultry,1
ethnic,1
mds,1
office,1
california,1
ofprehistoricarchaeological,1
anthology,1
attraction,1
southeasternarchaeology,1
factores,1
trade,1
golfo,1
discovered,1
pensacola,1
broyles,1
co,1
held,1
individual,1
crisis,1
feasible,1
floodplains,1
characterized,1
reviewers,1
revised,1
honor,1
graduated,1
iio,1
abundant,1
provides,1
usgs,1
exchange,1
gohn,1
mathews,1
mining,1
chapel,1
sight,1
assessing,1
ann,1
shallow,1
blanton,1
examine,1
enjoyed,1
keith,1
losfactores,1
ethnohistory,1
looks,1
differ,1
displacements,1
travelers,1
locales,1
southwest,1
equivalent,1
copyright,1
poco,1
oscillations,1
wells,1
figures,1
geography,1
unitsreports,1
amateur,1
insignificant,1
adaptive,1
ago,1
lowcost,1
encompassing,1
titus,1
gleaned,1
widely,1
brown,1
attended,1
examines,1
mail,1
tennessee,1
neuman,1
european,1
implicitly,1
yields,1
testable,1
tests,1
topography,1
christian,1
para,1
abundance,1
stems,1
inbangkokduring,1
science,1
pantano,1
chance,1
erase,1
testing,1
maps,1
paleoshorelines,1
hill,1
begin,1
costehos,1
dashed,1
lines,1
primarily,1
microsoft,1
predict,1
accepted,1
acolapissa,1
un,1
detailed,1
ofthe,1
remaining,1
environmentalists,1
prediction,1
life,1
why,1
klometers,1
existed,1
researcher,1
frontier,1
barata,1
centuries,1
exists,1
questionnaires,1
worlds,1
abovecited,1
unusual,1
mounds,1
flatwoods,1
council,1
thick,1
earliest,1
berger,1
erode,1
addressed,1
forests,1
hardwood,1
anthropological,1
contained,1
rolling,1
heavy,1
ofprehistoric,1
practice,1
obsolete,1
litoral,1
changing,1
nearshore,1
peoples,1
demonstrate,1
extensive,1
sank,1
hypothesized,1
unbroken,1
heaps,1
detail,1
mientras,1
sherds,1
symbol,1
pt,1
here,1
sustained,1
alternative,1
quaternary,1
set,1
imprecision,1
cover,1
distribucian,1
dimension,1
distribuciones,1
dixie,1
esri,1
bangkok,1
cm,1
organic,1
different,1
novel,1
removing,1
superficie,1
board,1
stratigraphic,1
bu,1
expense,1
southernmost,1
intrusion,1
feed,1
foundation,1
particularly,1
reliability,1
geoscience,1
enemy,1
gas,1
orinoco,1
respect,1
portions,1
studyfmms,1
beginning,1
cautions,1
submergedarchaeological,1
unlikely,1
catastrophic,1
notable,1
spatial,1
terms,1
selected,1
tooley,1
misisipi,1
budgets,1
excursions,1
noticeable,1
baja,1
proven,1
agricultural,1
seasonal,1
temporally,1
extent,1
corroboration,1
waters,1
densities,1
incised,1
certainaboriginal,1
yield,1
minimal,1
phenomena,1
emphasis,1
virginia,1
paleoecology,1
urban,1
earthwork,1
middle,1
vessels,1
potable,1
oficinas,1
explota,1
accelerates,1
northwestern,1
quadrangle,1
conclude,1
affecting,1
landslides,1
city,1
easy,1
meaningful,1
predecessors,1
recommendations,1
transition,1
everywhere,1
baca,1
boaters,1
eroding,1
aspect,1
waves,1
subsumed,1
estatales,1
coles,1
question,1
promoted,1
centennial,1
survival,1
commercial,1
lists,1
observed,1
copies,1
camps,1
conditions,1
geoindicators,1
suficientes,1
national,1
samuel,1
yard,1
position,1
newsletter,1
isles,1
geoarchaeological,1
houghton,1
preceramic,1
applicable,1
advantageous,1
canadian,1
specialists,1
facilitates,1
meeting,1
smaller,1
exceeding,1
off,1
antiguedadfueron,1
measured,1
shift,1
classification,1
summary,1
anonymous,1
davenport,1
offered,1
supported,1
jefferson,1
carbon,1
assumed,1
classificatory,1
genic,1
johnson,1
murty,1
ofalabama,1
endogenesis,1
sharing,1
arqueolcgicos,1
phillips,1
abandoned,1
imperceptible,1
oceanographers,1
rdpida,1
dos,1
proceso,1
indundated,1
gornitz,1
close,1
draft,1
