WORDCOUNTS,WEIGHT
the,666
of,493
and,448
in,266
to,182
a,174
is,114
from,106
for,105
point,90
by,86
that,85
are,67
points,64
we,64
early,61
size,56
with,54
as,52
variation,51
paleoindian,48
prey,48
data,48
were,48
between,48
site,46
shape,43
regions,43
regional,43
matrix,41
used,40
american,39
north,39
this,38
not,38
no,37
test,36
or,36
on,36
each,36
j,35
using,35
was,32
new,32
be,32
at,31
et,31
al,31
assemblages,31
among,31
projectile,30
correlation,30
de,30
body,30
sites,30
antiquity,30
mantel,29
clovis,29
america,28
distance,28
these,27
tests,27
c,26
morrow,25
have,25
across,24
distances,24
assemblage,24
number,24
significant,24
an,24
matrices,24
b,22
university,22
our,22
characters,22
study,21
plains,21
analysis,21
genera,21
hypothesis,21
great,20
region,20
defined,20
within,19
l,19
r,19
two,19
form,19
pp,18
also,18
geographic,18
if,17
pleistocene,17
because,17
edited,17
use,17
cannon,17
environmental,16
late,16
which,16
measures,15
journal,15
period,15
results,15
type,15
it,14
h,14
differences,14
robert,14
e,14
sample,14
four,14
raw,14
ratios,14
research,14
southern,14
michael,14
npp,14
partial,14
correlations,13
simple,13
state,13
statistical,13
p,13
cultural,13
change,13
where,13
archaeological,13
la,13
species,13
ing,13
then,13
they,12
eastern,12
than,12
w,12
result,12
fluted,12
populations,12
mammalian,12
material,12
values,12
drift,12
all,11
possible,11
mean,11
m,11
david,11
value,11
john,11
northern,11
availability,11
adaptive,11
science,11
landmarks,11
table,11
adaptation,11
d,11
effects,11
first,10
central,10
s,10
con,10
calculated,10
bull,10
derived,10
archaeology,10
richness,10
may,10
overall,10
james,10
been,10
associated,10
las,10
specific,10
arizona,10
tion,9
total,9
principal,9
basal,9
conducted,9
their,9
multivariate,9
recovered,9
character,9
basin,9
null,9
f,9
department,9
physiographic,9
model,9
local,9
mexico,9
after,9
methods,9
when,9
spatial,9
variability,9
evidence,9
buchanan,9
brook,9
coefficient,9
one,8
studies,8
into,8
other,8
analyses,8
i,8
primary,8
human,8
que,8
estimates,8
york,8
technology,8
population,8
method,8
suggest,8
influence,8
only,8
legendre,8
occurrence,8
systematic,8
meitzer,8
conditions,8
net,8
effect,8
length,8
but,8
different,8
com,8
pale,7
had,7
assess,7
east,7
mass,7
some,7
bonnichsen,7
dis,7
left,7
mammoth,7
en,7
similar,7
significantly,7
approach,7
several,7
likely,7
zoology,7
museum,7
more,7
missing,7
time,7
larger,7
pattern,7
do,7
ecology,7
original,7
procedure,7
lakes,7
standard,7
can,7
lawrence,7
natural,7
colonization,7
vari,7
current,7
statistics,7
richard,7
association,7
william,7
edge,6
represent,6
northeast,6
large,6
history,6
found,6
right,6
representing,6
ern,6
glacial,6
dates,6
deviation,6
process,6
factors,6
caches,6
complete,6
puntas,6
based,6
faunal,6
criteria,6
artifacts,6
literature,6
employed,6
production,6
society,6
south,6
identified,6
above,6
sciences,6
man,6
including,6
variables,6
would,6
variance,6
southwest,6
hunt,6
george,6
measurements,6
components,6
proceedings,6
through,6
average,6
smaller,6
measured,6
comparison,6
functional,5
source,5
rapid,5
suggesting,5
bonferroni,5
murray,5
regression,5
el,5
case,5
oindian,5
linear,5
determined,5
compo,5
along,5
interior,5
affiliation,5
expected,5
paleoindians,5
pairwise,5
gradients,5
general,5
error,5
how,5
represented,5
environments,5
changes,5
ogy,5
del,5
during,5
envi,5
t,5
reported,5
critical,5
therefore,5
included,5
academy,5
enough,5
less,5
exhibit,5
rejected,5
three,5
extinct,5
land,5
differ,5
adaptations,5
blackwater,5
provide,5
kill,5
types,5
any,5
here,5
anthropology,5
steven,5
did,5
last,5
historical,5
problem,5
forma,5
frison,5
tip,5
presented,5
measure,5
byrnes,5
states,5
technological,5
should,5
does,4
zero,4
created,4
group,4
center,4
stone,4
ma,4
continent,4
western,4
bp,4
descriptions,4
np,4
consistent,4
implications,4
location,4
sokal,4
faught,4
explained,4
component,4
since,4
g,4
sp,4
tucson,4
fenn,4
montana,4
tabulated,4
find,4
landmark,4
matri,4
distribution,4
van,4
philadelphia,4
dry,4
examined,4
eight,4
evolution,4
animals,4
statistic,4
cthe,4
n,4
bruce,4
most,4
origins,4
comparisons,4
paleoin,4
columbia,4
folsom,4
patrick,4
shared,4
initial,4
further,4
occupation,4
mate,4
steele,4
ces,4
near,4
well,4
suggests,4
dian,4
coded,4
ple,4
taxa,4
reflect,4
gramly,4
texas,4
casts,4
portion,4
san,4
indicates,4
relationship,4
describe,4
cor,4
ne,4
selective,4
idaho,4
culture,4
same,4
ed,4
permutation,4
pci,4
correla,4
faunmap,4
robson,4
hamilton,4
another,4
divided,4
northwest,4
hunting,4
briggs,4
processes,4
described,4
cache,4
peer,4
thomas,4
graphic,4
evolutionary,4
relation,4
anderson,4
biomes,4
y,4
united,4
joseph,4
biology,4
stephen,4
confounding,4
far,4
spruce,4
phd,4
residuals,4
papers,4
world,4
shown,4
ence,4
similarity,4
national,4
cotter,4
correlated,4
midcontinent,4
carbon,4
assumed,4
deposits,4
maximum,4
huckell,4
dif,4
observed,4
quaternary,4
assem,4
jaccard,4
cactus,3
indicated,3
stylistic,3
determine,3
probabilities,3
per,3
measurement,3
marcus,3
position,3
gainey,3
controlled,3
being,3
somers,3
karen,3
estimated,3
either,3
sources,3
posed,3
ii,3
give,3
sampling,3
might,3
available,3
titmus,3
wave,3
ences,3
verrey,3
take,3
deemed,3
those,3
classified,3
ity,3
plain,3
account,3
holocene,3
mental,3
todd,3
gardner,3
haynes,3
relationships,3
quality,3
run,3
mixed,3
bone,3
nents,3
gl,3
elements,3
archaeol,3
amount,3
pierre,3
estimate,3
cal,3
mammal,3
look,3
jones,3
morphometric,3
bulletin,3
assessed,3
mea,3
deviations,3
rather,3
sw,3
una,3
se,3
entre,3
tance,3
az,3
support,3
modern,3
dated,3
record,3
show,3
commonly,3
lithic,3
bb,3
suggested,3
numerical,3
prehistoric,3
geoffrey,3
uals,3
transmission,3
could,3
explanatory,3
struc,3
out,3
energetic,3
amer,3
base,3
pro,3
mcavoy,3
tools,3
simulations,3
haury,3
khamis,3
aspects,3
kelly,3
proyectiles,3
tool,3
part,3
description,3
phylogenetic,3
database,3
documented,3
bfrom,3
douglas,3
hampshire,3
ter,3
below,3
digitized,3
ward,3
settlement,3
hafting,3
presence,3
gene,3
maine,3
annual,3
spurious,3
normalized,3
will,3
plateau,3
attributable,3
squared,3
mosimann,3
nearly,3
woods,3
southeast,3
demic,3
reference,3
compiled,3
lowland,3
etapa,3
nw,3
indian,3
flints,3
nova,3
simulation,3
toward,3
anthro,3
anthropologist,3
square,3
see,3
strauss,3
epoxy,3
simon,3
demonstrated,3
made,3
donald,3
emphasize,3
radiocarbon,3
repeated,3
ture,3
paleo,3
problems,3
computed,3
assessing,3
sig,3
scotia,3
percent,3
modifications,3
chert,3
ferences,3
interlandmark,3
median,3
me,3
note,3
independent,3
figure,3
testing,3
oregon,3
tive,3
indicate,3
allometry,3
magnitude,3
following,3
series,3
collard,3
must,3
kay,3
set,3
equation,3
butler,3
ronmental,3
global,3
generab,3
best,3
report,3
plateaus,3
section,3
combined,3
accounts,3
particular,3
while,3
rousset,3
produce,3
both,3
dependent,3
step,3
rohlf,3
bradley,3
tions,3
covariance,3
difference,3
illinois,3
numerous,3
vance,3
faure,3
define,3
canadian,3
environ,3
simons,3
area,3
indices,3
charles,3
tances,3
correlate,3
vary,3
create,3
given,3
much,3
hemmings,3
autocorrelation,3
nificance,2
dispersals,2
miller,2
difficult,2
lis,2
nodule,2
lation,2
common,2
undoubtedly,2
iowa,2
physiography,2
trans,2
controlling,2
mobility,2
valand,2
columns,2
biometrics,2
hypotheses,2
bias,2
collection,2
intermontane,2
rutledge,2
before,2
stochastic,2
materials,2
properties,2
deter,2
revisited,2
jackson,2
lyman,2
archae,2
nonchert,2
address,2
sub,2
england,2
nature,2
comparatively,2
copy,2
tradition,2
modi,2
thank,2
centering,2
tx,2
graham,2
subsequent,2
there,2
shennan,2
reworking,2
appalachian,2
daniel,2
british,2
tab,2
recorded,2
key,2
recov,2
demography,2
retain,2
logical,2
ered,2
characterize,2
combination,2
resources,2
richerson,2
economies,2
formula,2
reliably,2
mc,2
eerkens,2
review,2
camas,2
captured,2
dynamics,2
software,2
unpublished,2
adams,2
hester,2
ability,2
learning,2
big,2
cases,2
ation,2
uni,2
perspective,2
loadings,2
ear,2
radio,2
graphically,2
publications,2
indicadores,2
archaeologist,2
unpub,2
climates,2
shoop,2
ica,2
opposed,2
ml,2
taxonomy,2
remain,2
taphonomy,2
lohse,2
coastal,2
tb,2
certain,2
special,2
philadel,2
fitzwater,2
mation,2
means,2
provinces,2
nor,2
prehistory,2
sim,2
neutral,2
mary,2
upper,2
age,2
influ,2
additional,2
albuquerque,2
physio,2
boundary,2
isometric,2
peabody,2
founding,2
important,2
nsf,2
expressed,2
uses,2
advance,2
missouri,2
tebiwa,2
evaluate,2
fourth,2
third,2
engraved,2
reviews,2
versity,2
fisher,2
province,2
burial,2
produced,2
meet,2
tiffany,2
russell,2
jodry,2
explain,2
wide,2
char,2
pedro,2
anzick,2
blade,2
los,2
competing,2
related,2
its,2
mam,2
positions,2
has,2
adap,2
construct,2
rows,2
func,2
stanford,2
elephant,2
responses,2
caused,2
working,2
lee,2
reliable,2
nine,2
randomization,2
colby,2
diagnostic,2
small,2
izations,2
habitation,2
acters,2
characteristics,2
tation,2
mi,2
ton,2
corvallis,2
weapons,2
cladistic,2
pa,2
notes,2
reducing,2
activities,2
pearson,2
midpoint,2
press,2
vial,2
led,2
approximate,2
investigating,2
reduced,2
limited,2
tankersley,2
constraints,2
headrick,2
reduce,2
community,2
tor,2
slower,2
gault,2
comments,2
persimmon,2
lb,2
selection,2
positive,2
biological,2
percentage,2
shareware,2
frank,2
elapsed,2
randomized,2
jectile,2
brunswig,2
emil,2
under,2
plu,2
restricted,2
latitude,2
grimes,2
orders,2
arcs,2
witthoft,2
malian,2
encontramos,2
spatially,2
chose,2
stemmed,2
paul,2
kenneth,2
nevada,2
stud,2
addition,2
archaeologi,2
minnesota,2
vail,2
choice,2
compatible,2
antonio,2
macfadden,2
distributions,2
removal,2
adjacent,2
present,2
lehner,2
accepted,2
judith,2
resid,2
terns,2
ceramic,2
sugiere,2
alayne,2
analyzed,2
kathleen,2
width,2
desert,2
formal,2
lake,2
georges,2
increase,2
samples,2
findings,2
empirical,2
taxon,2
dating,2
low,2
significance,2
clear,2
mahalanobis,2
historic,2
accessed,2
tional,2
sensitivity,2
obtaining,2
taxonomic,2
peter,2
co,2
spread,2
diversity,2
collected,2
balletto,2
mountain,2
mammals,2
keene,2
blage,2
sandy,2
random,2
k,2
temprana,2
often,2
parkland,2
ables,2
keith,2
hunters,2
joint,2
investigations,2
probabil,2
ranging,2
para,2
program,2
melillo,2
bryan,2
randomly,2
signifi,2
primarily,2
un,2
varia,2
remaining,2
periodo,2
rapidly,2
miami,2
castellano,2
ology,2
dent,2
problematic,2
fac,2
forest,2
earliest,2
considered,2
selectivity,2
anthropological,2
environment,2
deposited,2
pleistoceno,2
homogeneity,2
encampment,2
extensive,2
precise,2
constructed,2
prob,2
river,2
geoarchaeology,2
colorado,2
modeling,2
cover,2
drake,2
removed,2
este,2
cox,2
flint,2
share,2
sizes,2
tardw,2
nent,2
paleoindio,2
marvin,2
dennis,2
exhibits,2
collins,2
wilkinson,2
infer,2
coefficients,2
steppe,2
climate,2
thompson,2
techno,2
scores,2
nonparametric,2
resharpening,2
terms,2
list,2
lished,2
geo,2
ies,2
temporally,2
jack,2
ulated,2
correlates,2
virginia,2
blages,2
contain,2
researchers,2
digitizing,2
multiple,2
met,2
despite,2
african,2
palaeoindian,2
coming,2
terminal,2
lamb,2
models,2
differentiation,2
years,2
electronic,2
cambridge,2
morphological,2
inflated,2
approximately,2
although,2
computation,2
inflection,2
dataset,2
whipple,2
fue,2
typology,2
francisco,2
classification,2
potential,2
buffalo,2
fol,2
chicago,2
deposition,2
anova,2
element,2
df,2
pat,2
strong,2
recent,2
ca,2
close,2
row,2
minneapo,1
ocasionaran,1
cient,1
paleoenvironment,1
proba,1
gerald,1
sellards,1
mostly,1
hazelwood,1
phenotypic,1
done,1
lapso,1
formance,1
accomplish,1
kimmswick,1
sussex,1
quater,1
generalization,1
drawc,1
horizontal,1
stuart,1
popula,1
concerned,1
anthony,1
exacer,1
cent,1
pca,1
imported,1
louis,1
cells,1
wa,1
resulted,1
tierra,1
lated,1
burke,1
implies,1
quent,1
durante,1
soffer,1
mountains,1
introduction,1
mar,1
sis,1
manuscript,1
sitios,1
ethe,1
reis,1
measurable,1
complex,1
replaced,1
whip,1
jolicoeur,1
tend,1
designed,1
represents,1
informative,1
second,1
transform,1
massa,1
dart,1
recalculated,1
true,1
mania,1
domeboc,1
jonathan,1
sure,1
esto,1
park,1
validation,1
zt,1
whereas,1
cific,1
reasonably,1
necessarily,1
classify,1
landform,1
turtle,1
holding,1
maha,1
haskell,1
hayes,1
assume,1
pie,1
simpleand,1
pablo,1
relaxing,1
experience,1
diffusion,1
lower,1
hutchings,1
jesse,1
cumstances,1
hence,1
fast,1
reconstructions,1
simul,1
felisa,1
extraction,1
arma,1
radiometrically,1
tiempo,1
asso,1
grouped,1
attempt,1
vrs,1
expectation,1
worked,1
colbyc,1
technocomplexes,1
olga,1
asia,1
gary,1
shaped,1
pesar,1
lynn,1
sup,1
aaverage,1
ottawa,1
estimation,1
potentially,1
origin,1
rich,1
producing,1
assembled,1
vectors,1
able,1
barnhart,1
descubrimientos,1
composition,1
dividingreports,1
ol,1
launched,1
lambb,1
reindeer,1
resulting,1
comparative,1
characterizing,1
posireports,1
introduces,1
ancestry,1
scapes,1
improved,1
nm,1
date,1
remainder,1
henry,1
richmond,1
vertebrate,1
opposite,1
ber,1
nal,1
regressed,1
kilby,1
lugar,1
digital,1
commonwealth,1
debitage,1
system,1
issue,1
tim,1
computing,1
jane,1
geologic,1
foundation,1
ruary,1
pluvial,1
bird,1
modify,1
tal,1
mine,1
amplified,1
draw,1
killed,1
lim,1
utilizadas,1
design,1
herrett,1
willig,1
application,1
prior,1
howard,1
activity,1
provienen,1
international,1
ance,1
parisons,1
lication,1
julian,1
cladograms,1
environmen,1
fractures,1
west,1
nonconsecutive,1
taking,1
desired,1
europe,1
x,1
corre,1
fur,1
cited,1
berrien,1
genetic,1
nary,1
fossil,1
midline,1
occur,1
nizing,1
clusions,1
dentro,1
philo,1
corresponding,1
signal,1
sneath,1
plinary,1
implements,1
piedmont,1
ok,1
thus,1
ronments,1
ice,1
differential,1
umn,1
obtains,1
blades,1
estimating,1
esti,1
antiq,1
such,1
development,1
accounted,1
tw,1
bailey,1
wilke,1
september,1
relatively,1
shoul,1
exam,1
num,1
santa,1
shaft,1
spot,1
crania,1
walter,1
nick,1
jr,1
shoopd,1
employing,1
pay,1
iid,1
snake,1
clo,1
guided,1
ciation,1
maintaining,1
old,1
rejecting,1
medidas,1
clustering,1
refer,1
speed,1
response,1
pho,1
six,1
inclusion,1
cant,1
tinent,1
effective,1
genetics,1
mechanical,1
compare,1
skewness,1
ficacionesfuncionales,1
undertaking,1
artefact,1
geological,1
terrace,1
ny,1
evidencia,1
corrected,1
resharpen,1
flintknapping,1
existe,1
generation,1
acted,1
richey,1
anovas,1
interassemblage,1
ment,1
unused,1
bou,1
mechanism,1
cobbles,1
kimmswickc,1
unlikely,1
stant,1
affiliations,1
mechanisms,1
peo,1
steps,1
fort,1
puntos,1
alterna,1
recognized,1
americans,1
hofman,1
selec,1
reflects,1
ably,1
lt,1
without,1
identification,1
parsimo,1
predicted,1
act,1
his,1
subjected,1
camp,1
patron,1
sessions,1
growth,1
significativas,1
absent,1
ficial,1
stop,1
teria,1
levels,1
observer,1
capture,1
conjunto,1
elsevier,1
killing,1
fications,1
probability,1
heard,1
activ,1
flexible,1
ns,1
importance,1
balanced,1
ongoing,1
serial,1
eigenvalue,1
contributions,1
assuming,1
tinents,1
matched,1
gratefully,1
cac,1
individ,1
discoveries,1
raymond,1
analy,1
norteamerica,1
modified,1
references,1
lives,1
distinct,1
pared,1
affect,1
tamano,1
relaciona,1
possibly,1
objects,1
organization,1
cri,1
coeffi,1
image,1
specialization,1
correlaciones,1
emergence,1
clearly,1
specify,1
sum,1
impact,1
exploratory,1
argued,1
too,1
situations,1
acknowledges,1
restrial,1
ques,1
biotic,1
follow,1
beyond,1
wy,1
isolation,1
followed,1
oenvironmental,1
evaluation,1
consequence,1
prairie,1
painted,1
pology,1
oliveira,1
utah,1
varias,1
butlerd,1
kerry,1
mo,1
wyoming,1
photos,1
tas,1
strategy,1
providing,1
encompass,1
approxi,1
sevenreports,1
appear,1
dispersion,1
ha,1
estos,1
univariate,1
greater,1
ranges,1
cancer,1
hafted,1
root,1
lieu,1
bl,1
originat,1
andtodd,1
pioneering,1
introduce,1
constructing,1
tural,1
histories,1
medicine,1
acknowledgments,1
inherent,1
conservative,1
entering,1
miamic,1
traditionally,1
cli,1
access,1
toby,1
kate,1
lanobis,1
outcrops,1
austin,1
events,1
barry,1
lier,1
rth,1
expecta,1
radiometric,1
multidisci,1
ican,1
longitude,1
cores,1
mined,1
representative,1
term,1
equally,1
som,1
oklahoma,1
founder,1
traits,1
omitting,1
michigan,1
reli,1
fiedel,1
leavitt,1
recently,1
boyd,1
tile,1
dispersal,1
analogous,1
biases,1
mize,1
ford,1
regres,1
absolute,1
approached,1
networks,1
wright,1
flaked,1
photo,1
frampton,1
tral,1
hopkins,1
sci,1
possibility,1
alves,1
improve,1
directly,1
none,1
oak,1
unequal,1
basis,1
boldurian,1
degrees,1
orsini,1
statisti,1
sity,1
digit,1
inferred,1
permitted,1
typic,1
poss,1
achusetts,1
nificantly,1
fraser,1
comprises,1
future,1
county,1
horse,1
distancia,1
tamar,1
example,1
prin,1
jeffrey,1
woodland,1
hamil,1
incremental,1
parameters,1
regionsreports,1
year,1
photographed,1
sta,1
holliday,1
ses,1
ranchos,1
toric,1
demonstrates,1
geografica,1
reduces,1
climatic,1
warranted,1
people,1
imputation,1
actually,1
lifeways,1
archeologist,1
expect,1
entails,1
variaciones,1
showing,1
reconstructing,1
virgil,1
artifact,1
status,1
received,1
miss,1
connections,1
trends,1
attributed,1
tistical,1
relaciones,1
rates,1
causal,1
good,1
published,1
southeastern,1
ferential,1
least,1
chusetts,1
bernhardt,1
sense,1
jon,1
field,1
melvin,1
useful,1
accu,1
cul,1
contrast,1
ronmentally,1
exclude,1
gests,1
event,1
biol,1
around,1
yezerinac,1
spaulding,1
recognition,1
wenatcheeb,1
grams,1
shapes,1
few,1
june,1
accomplished,1
migration,1
smithsonian,1
highly,1
tracting,1
mini,1
vector,1
bonnet,1
preyreports,1
essentially,1
portions,1
ent,1
variate,1
rately,1
incurred,1
always,1
generally,1
up,1
coordinate,1
majority,1
cattle,1
productivity,1
unduly,1
diminished,1
tographed,1
appropriate,1
velocity,1
figgins,1
grateful,1
preliminary,1
finds,1
structuring,1
macdonald,1
triangular,1
impor,1
rang,1
concomitant,1
avoid,1
neolithic,1
periods,1
permuted,1
anta,1
ical,1
power,1
trabajo,1
observations,1
aged,1
practices,1
logarithmically,1
emilio,1
scientific,1
schloss,1
cathy,1
indicative,1
lev,1
sonoran,1
parametric,1
focal,1
synthesis,1
londonreports,1
essex,1
ia,1
nuestros,1
leonhardy,1
play,1
kilometers,1
classic,1
edges,1
season,1
wrench,1
caching,1
ponent,1
harry,1
make,1
coef,1
beth,1
settings,1
leila,1
fueron,1
va,1
standardize,1
sion,1
single,1
stones,1
about,1
once,1
calculate,1
simultaneous,1
rel,1
interpretation,1
outlining,1
arrangements,1
revealed,1
makes,1
older,1
thought,1
serve,1
mission,1
straus,1
morgan,1
hypothe,1
chronology,1
paleontological,1
elephants,1
neither,1
index,1
specimens,1
complementary,1
tain,1
representa,1
ams,1
subset,1
nat,1
positively,1
light,1
anzickb,1
byers,1
experimental,1
issues,1
locality,1
postulada,1
reply,1
largest,1
wisconsin,1
coeur,1
reports,1
resented,1
noted,1
delivery,1
sam,1
perspec,1
gaineyd,1
alteration,1
yves,1
wasley,1
calipers,1
museums,1
pological,1
unreliable,1
permutes,1
fracture,1
technique,1
consideration,1
partition,1
alleviated,1
mark,1
subse,1
bined,1
avail,1
decorative,1
projects,1
many,1
spear,1
smith,1
communal,1
shows,1
longer,1
lack,1
recientemente,1
aerodynamic,1
preserve,1
cuantitativa,1
fundamental,1
aldershot,1
areas,1
relates,1
occupations,1
niwot,1
rial,1
nathan,1
ozbun,1
possi,1
bated,1
ble,1
reasoning,1
accompanied,1
coordinates,1
largo,1
end,1
dichos,1
considerable,1
minimize,1
snail,1
cari,1
bility,1
terry,1
mor,1
ages,1
fits,1
hand,1
monographs,1
pleis,1
insectivora,1
stony,1
landscape,1
sergio,1
obscures,1
developing,1
francois,1
purposes,1
validity,1
karl,1
peopling,1
strategies,1
hides,1
mjh,1
paired,1
por,1
primaria,1
hilld,1
minneapolis,1
annette,1
teeth,1
encontradas,1
burgwin,1
como,1
style,1
shifts,1
regressing,1
regionally,1
alan,1
multidisciplinary,1
degree,1
remove,1
interpreting,1
kansas,1
trait,1
understanding,1
meaningful,1
averaged,1
disease,1
session,1
technol,1
considering,1
dered,1
comprise,1
explanation,1
range,1
discrimination,1
systematics,1
transgressive,1
allom,1
querque,1
relat,1
sufficiently,1
clustered,1
atchley,1
medium,1
mosaic,1
skeletal,1
concern,1
varying,1
entirely,1
ick,1
combining,1
ya,1
kostenki,1
hasta,1
iso,1
albu,1
permuting,1
gaultd,1
technolog,1
insure,1
exhibited,1
actual,1
apoyan,1
hunted,1
randomizations,1
chosen,1
rab,1
struction,1
california,1
pennsylvania,1
utilizando,1
involves,1
positivamente,1
versions,1
distortion,1
open,1
explorations,1
treelike,1
adding,1
debertd,1
publication,1
express,1
mt,1
maintenance,1
interpret,1
august,1
counter,1
held,1
taphonomic,1
individual,1
christopher,1
times,1
reviewers,1
ellis,1
like,1
revised,1
geographically,1
pos,1
poraneous,1
creating,1
high,1
rob,1
obtained,1
stages,1
colo,1
rods,1
carson,1
spa,1
black,1
ural,1
primer,1
provides,1
cambios,1
ited,1
fauna,1
ridge,1
gravel,1
nppc,1
sured,1
maske,1
utilizamos,1
biometry,1
become,1
sluckin,1
respectively,1
compute,1
correction,1
symmetric,1
examine,1
intrasite,1
excluded,1
structure,1
capabilities,1
ponents,1
biomas,1
sug,1
fe,1
sophical,1
locales,1
dividing,1
derivado,1
subtracting,1
relative,1
jerry,1
atlas,1
ago,1
regressions,1
cen,1
warnica,1
concluded,1
widely,1
tennessee,1
culmination,1
neu,1
speciesb,1
space,1
carried,1
nicolas,1
indication,1
dawn,1
yr,1
twelve,1
bpaleoenvironmental,1
lo,1
esta,1
applications,1
ann,1
circle,1
simonb,1
cance,1
stratified,1
perspectives,1
residual,1
ecological,1
usually,1
five,1
amherst,1
nh,1
sugerido,1
naturally,1
maps,1
mw,1
ranchhodbhai,1
begin,1
parent,1
lines,1
widespread,1
noncul,1
binary,1
multi,1
institutions,1
predict,1
ancestria,1
digitize,1
excluding,1
sensitive,1
transformed,1
nonlinearlity,1
lations,1
katherine,1
contribution,1
sures,1
why,1
es,1
efficiency,1
ballettoreports,1
expectations,1
pristine,1
construction,1
autocorrelacion,1
biomeb,1
phia,1
matriz,1
canonical,1
exists,1
get,1
tial,1
quaternaria,1
canada,1
musil,1
arts,1
ufacture,1
ities,1
documenting,1
thick,1
corval,1
quantitatively,1
quantitative,1
cipal,1
springfield,1
andmorrow,1
contained,1
necessary,1
cir,1
ters,1
margaret,1
version,1
grand,1
condor,1
zool,1
toda,1
demonstrate,1
simply,1
resultado,1
detect,1
excavation,1
log,1
isometry,1
extension,1
known,1
ficient,1
fluctuating,1
temporal,1
terrestrial,1
momchil,1
maladaptive,1
datan,1
text,1
rocky,1
phillips,1
lowing,1
dentc,1
alternative,1
gran,1
lou,1
jefferson,1
imprecision,1
weaponry,1
dwane,1
social,1
ran,1
over,1
continental,1
lahren,1
extant,1
control,1
tured,1
vaild,1
chapman,1
paper,1
especificosfue,1
expanding,1
ratio,1
removing,1
confident,1
connection,1
continu,1
nonindependence,1
innovations,1
caribou,1
prising,1
gearing,1
copyright,1
corydoras,1
conreports,1
dur,1
genus,1
depart,1
scenario,1
humphries,1
post,1
poneraprueba,1
rials,1
alternatively,1
abbreviations,1
losses,1
paleontology,1
brazil,1
amongand,1
constant,1
naco,1
sorted,1
examining,1
pub,1
past,1
closest,1
faster,1
debert,1
february,1
oliver,1
pri,1
dades,1
gradientes,1
beginning,1
vege,1
id,1
rep,1
boundaries,1
delineated,1
explanations,1
what,1
pooled,1
unique,1
anz,1
stability,1
selected,1
recoded,1
nacoc,1
plants,1
philip,1
era,1
feb,1
calculations,1
lengths,1
raufaste,1
tightly,1
leaving,1
condiciones,1
univer,1
thousands,1
require,1
aver,1
terdam,1
information,1
minimal,1
agreed,1
pheno,1
phenomena,1
discriminant,1
paleoecology,1
replacement,1
port,1
locali,1
peoples,1
beringia,1
posi,1
ines,1
ject,1
janice,1
trascurrido,1
brookd,1
necessity,1
son,1
presas,1
cladistics,1
ative,1
authors,1
transport,1
prehis,1
introduced,1
city,1
absences,1
role,1
uity,1
unaffected,1
analytically,1
stituent,1
juliet,1
morphometrics,1
projec,1
etry,1
culling,1
jour,1
contribute,1
foreshafts,1
catfish,1
inflections,1
discussion,1
ized,1
isolated,1
representation,1
freshwa,1
pair,1
irre,1
webb,1
morphometry,1
spective,1
autocorre,1
ian,1
fred,1
moderate,1
until,1
tocene,1
jelmer,1
detection,1
structured,1
decrease,1
camps,1
washington,1
grant,1
ecosystem,1
fennb,1
modelling,1
manufacturers,1
modifies,1
ofreports,1
include,1
salt,1
usa,1
need,1
quad,1
geochronology,1
manufacture,1
masses,1
gen,1
nonsignificant,1
col,1
hemispheric,1
discounted,1
suficiente,1
maximization,1
landforms,1
archaic,1
enclosed,1
ruth,1
migrat,1
demo,1
charac,1
semidesert,1
covariation,1
infor,1
owsley,1
niously,1
themselves,1
passerine,1
butchering,1
itively,1
temperatures,1
dictated,1
sharing,1
composing,1
views,1
pologist,1
permutations,1
plenum,1
minima,1
ss,1
bw,1
dos,1
bene,1
meeting,1
puted,1
tus,1
showed,1
spe,1
contem,1
parison,1
grants,1
els,1
