WORDCOUNTS,WEIGHT
the,920
of,706
and,555
in,446
to,243
a,240
production,176
social,153
for,141
by,128
is,102
were,87
that,85
nuclear,79
with,78
are,78
from,74
de,73
was,73
on,70
as,67
be,66
structures,64
family,63
have,61
relations,60
this,60
mode,59
or,58
their,55
one,55
form,55
modes,53
forms,51
at,47
different,47
structure,45
no,44
archaeology,44
labor,43
communal,43
american,42
these,42
vahki,42
e,40
may,40
women,38
edited,37
activities,37
more,36
pp,35
site,34
small,34
d,34
between,34
j,33
within,33
food,33
families,33
phase,32
an,32
hohokam,32
conflict,31
i,29
m,29
had,29
new,29
not,29
pueblo,28
can,28
each,27
r,27
shell,27
change,27
modo,27
control,27
it,26
stone,26
also,26
all,25
societies,25
society,25
community,25
would,25
p,24
formations,24
artifact,24
involved,24
processing,24
two,24
been,24
early,24
individuals,23
phoenix,23
other,22
than,22
university,22
used,22
life,22
over,22
they,21
patricio,21
because,21
domestic,21
formation,21
among,21
y,20
al,20
power,20
doyel,20
reproduction,19
field,19
habitation,19
formative,19
features,19
some,18
means,18
et,18
only,18
la,18
associated,18
w,18
although,18
evidence,18
s,17
henderson,17
block,17
residential,17
people,17
approach,17
men,17
extended,17
antiquity,17
pithouses,17
there,16
feature,16
relationships,16
hs,16
settlement,16
multiple,16
when,16
units,16
patterns,16
function,16
integrated,16
red,15
large,15
daily,15
has,15
pithouse,15
data,15
same,15
members,15
use,15
pattern,15
archaeological,15
mountain,15
farmstead,15
interaction,15
arizona,15
state,14
those,14
resources,14
component,14
york,14
en,14
prehistoric,14
but,14
which,14
figure,14
particular,14
suggests,14
if,13
t,13
b,13
could,13
forces,13
interpreted,13
americana,13
hearths,13
three,13
craft,13
patterson,13
capitalism,13
where,13
types,13
snaketown,13
them,13
locations,13
increased,13
c,13
groups,12
h,12
differences,12
found,12
agriculture,12
dynamics,12
houses,12
how,12
late,12
artifacts,12
f,12
larger,12
mexico,12
indicate,12
through,12
given,12
into,11
l,11
based,11
sites,11
during,11
he,11
cable,11
distributions,11
do,11
present,11
individual,11
analysis,11
las,11
produce,11
land,11
second,10
sets,10
petty,10
el,10
subsistence,10
similar,10
basin,10
cultural,10
tools,10
its,10
products,10
sanoja,10
integrative,10
interpretation,10
paper,10
while,10
size,10
boletin,10
common,9
engendered,9
group,9
complex,9
studies,9
definition,9
capitalist,9
activity,9
household,9
kinship,9
phases,9
his,9
argued,9
most,9
chipped,9
vida,9
likely,9
toward,9
ground,9
less,9
another,9
original,9
low,9
period,9
division,9
spindle,9
vargas,9
type,9
what,9
seasonal,9
both,9
presented,9
kin,9
specific,9
history,8
first,8
arenas,8
human,8
review,8
g,8
sp,8
conducted,8
tucson,8
items,8
development,8
approaches,8
productive,8
river,8
dominant,8
population,8
work,8
class,8
own,8
either,8
few,8
world,8
indicates,8
heritage,8
many,8
obediente,8
square,8
households,8
k,8
continued,8
provide,8
whereby,8
es,8
considered,8
following,8
must,8
generalized,8
city,8
assumptions,8
commodity,8
bp,7
archaeologists,7
exist,7
gila,7
tribute,7
lineage,7
ways,7
scale,7
filiation,7
greater,7
location,7
polishing,7
los,7
london,7
collective,7
horizon,7
soil,7
limited,7
included,7
hearth,7
time,7
sweetwater,7
local,7
understanding,7
collecting,7
evolution,7
publications,7
plant,7
systems,7
association,7
fertility,7
agricultural,7
variability,7
consumption,7
smaller,7
archaic,7
indicating,7
way,6
agency,6
contexts,6
seems,6
political,6
system,6
case,6
possible,6
central,6
response,6
storage,6
even,6
study,6
organization,6
additional,6
suggested,6
occupation,6
viewed,6
participation,6
example,6
involve,6
del,6
identified,6
brief,6
structural,6
springs,6
residence,6
smith,6
blocks,6
occupations,6
children,6
junior,6
fragments,6
antropologia,6
mcguire,6
cambridge,6
involves,6
points,6
grupo,6
internal,6
interpretations,6
attention,6
glenwood,6
arqueologia,6
table,6
floor,6
any,6
changing,6
totality,6
anthropology,6
specialized,6
distribution,6
estrella,6
wild,6
marxist,6
residences,5
modos,5
wolf,5
worked,5
veloz,5
analyses,5
exotic,5
resulting,5
context,5
america,5
prior,5
ejido,5
diversity,5
throughout,5
such,5
quality,5
excavations,5
santo,5
distinct,5
whorls,5
heads,5
rather,5
process,5
specialization,5
peasants,5
house,5
irrigation,5
farmsteads,5
access,5
six,5
produced,5
cannot,5
method,5
concept,5
gender,5
suggest,5
saitta,5
several,5
presence,5
research,5
advancement,5
annual,5
provided,5
portion,5
interrelations,5
single,5
dialectical,5
processed,5
regional,5
stones,5
foods,5
variation,5
discussed,5
germanic,5
conclusions,5
crown,5
private,5
discussion,5
desert,5
formal,5
varying,5
figurines,5
dating,5
described,5
after,5
southwest,5
occupied,5
primarily,5
success,5
figurine,5
contained,5
series,5
peoples,5
temporal,5
sociales,5
monthly,5
concrete,5
became,5
commodities,5
much,5
shown,5
meeting,5
states,5
area,5
vary,5
recent,5
later,4
necessarily,4
unlike,4
occurred,4
being,4
long,4
nature,4
roasting,4
primitive,4
papers,4
wilcox,4
implies,4
determined,4
functions,4
along,4
surplus,4
thus,4
against,4
maggiolo,4
perspective,4
ephemeral,4
find,4
influence,4
using,4
higher,4
rights,4
represented,4
arrangements,4
changes,4
organized,4
peasant,4
numbers,4
frequently,4
show,4
albuquerque,4
conflicts,4
came,4
term,4
equally,4
haury,4
network,4
part,4
place,4
kiva,4
away,4
reflect,4
surrounding,4
status,4
my,4
contradictions,4
relaciones,4
useful,4
tempe,4
components,4
value,4
periods,4
variety,4
economic,4
located,4
classic,4
museum,4
above,4
technology,4
under,4
compiled,4
ethnographic,4
largest,4
others,4
addition,4
analytical,4
longer,4
lack,4
suggesting,4
farming,4
took,4
proletariat,4
como,4
assemblage,4
number,4
made,4
assumption,4
sequence,4
historic,4
interpret,4
so,4
exchange,4
become,4
figures,4
we,4
pottery,4
five,4
widespread,4
seen,4
grinding,4
existed,4
interpretive,4
ensor,4
membership,4
here,4
wider,4
defining,4
east,4
rely,4
very,4
according,4
theory,4
revista,4
signify,4
middle,4
spaces,4
transition,4
reconstruct,4
qualitative,4
isolated,4
observed,4
shift,4
relationship,4
indoor,4
themselves,4
create,4
substantial,4
ownership,4
traditional,4
laborers,4
abraders,4
does,3
appropriation,3
done,3
names,3
represent,3
determine,3
nabhan,3
formed,3
western,3
individually,3
experience,3
fabric,3
cotton,3
taken,3
might,3
advanced,3
available,3
agrarian,3
conditions,3
simple,3
generalizations,3
hunting,3
ad,3
growing,3
side,3
existence,3
plain,3
international,3
characterize,3
carrasco,3
point,3
reconstruction,3
extramural,3
differential,3
explained,3
due,3
santa,3
application,3
marxism,3
dean,3
arranged,3
rhythm,3
stays,3
marx,3
engels,3
whose,3
growth,3
communism,3
earlier,3
scales,3
cooking,3
objects,3
clearly,3
latin,3
producers,3
periodically,3
orientation,3
four,3
follow,3
definite,3
important,3
strategy,3
formaciones,3
view,3
combinations,3
oaxtepec,3
consulting,3
demands,3
culture,3
left,3
required,3
wide,3
possibility,3
basis,3
future,3
floodplain,3
crossings,3
seasonally,3
survey,3
overlap,3
around,3
nashville,3
distinguished,3
wife,3
plausible,3
chronological,3
south,3
populations,3
comparative,3
still,3
entail,3
continuation,3
examined,3
chronology,3
boundary,3
property,3
light,3
collectively,3
performed,3
phyllite,3
bracelet,3
increasingly,3
functioned,3
amerind,3
bracelets,3
anthropologist,3
model,3
difference,3
exploring,3
examples,3
assemblages,3
upon,3
concern,3
controlling,3
significant,3
largely,3
trend,3
previous,3
california,3
cultura,3
characterized,3
high,3
provides,3
latter,3
recolectores,3
date,3
probably,3
differ,3
separate,3
increasing,3
factors,3
wage,3
para,3
lines,3
un,3
vol,3
noncontemporaneous,3
often,3
althusserian,3
meillassoux,3
founders,3
school,3
anthropological,3
then,3
indeterminate,3
practice,3
complexity,3
intensification,3
simply,3
turn,3
physical,3
whorl,3
binford,3
caribe,3
capital,3
best,3
current,3
report,3
foundation,3
historical,3
pit,3
past,3
u,3
rural,3
economy,3
always,3
diversities,3
information,3
finished,3
classes,3
despite,3
role,3
therefore,3
colonial,3
numerous,3
offer,3
piece,3
variations,3
focus,3
duration,3
seek,3
successive,3
difficult,2
founding,2
now,2
indonesian,2
helped,2
mostly,2
obligations,2
indicated,2
meaning,2
interact,2
affected,2
environmental,2
resulted,2
medioambiente,2
taussig,2
flexed,2
introduction,2
maclachlan,2
systemic,2
expect,2
forcing,2
contemporaneous,2
articulating,2
center,2
settlements,2
needed,2
comprised,2
linkages,2
materialistic,2
johns,2
position,2
presents,2
inequality,2
total,2
leads,2
constituting,2
creation,2
implications,2
address,2
rare,2
sweetwatersnaketown,2
tradition,2
humana,2
examination,2
accompanied,2
follows,2
characterizing,2
search,2
determines,2
investigations,2
discipline,2
ramadas,2
debitage,2
depends,2
occasional,2
ascribed,2
projectile,2
king,2
active,2
primary,2
editora,2
uneven,2
politics,2
illustrate,2
reaction,2
fea,2
move,2
crossed,2
combination,2
conceptual,2
reflecting,2
dynamic,2
kahn,2
representing,2
subsist,2
frequencies,2
chaco,2
formas,2
includes,2
chiefs,2
que,2
macrobotanical,2
illustrates,2
economia,2
interior,2
hierarchy,2
assumes,2
friedman,2
jr,2
denote,2
expected,2
forced,2
viewing,2
elements,2
maintaining,2
canal,2
refer,2
profound,2
back,2
prehistoria,2
wares,2
served,2
compared,2
third,2
compare,2
general,2
hammerstones,2
civilization,2
without,2
developed,2
illustration,2
possession,2
importance,2
entre,2
greenwald,2
direct,2
summarized,2
limitation,2
marginal,2
space,2
gathering,2
support,2
understand,2
females,2
established,2
emergence,2
russell,2
elsewhere,2
reconstructions,2
n,2
mississippian,2
conflicto,2
commonly,2
resource,2
beyond,2
universidad,2
glycymeris,2
terminology,2
exploitation,2
peabody,2
shifted,2
uses,2
problem,2
balibar,2
inherent,2
entering,2
metodo,2
seven,2
out,2
deal,2
shared,2
her,2
sedentary,2
pioneer,2
representative,2
academic,2
further,2
neighboring,2
understood,2
focused,2
districts,2
wealth,2
pollen,2
hopkins,2
aspects,2
well,2
trough,2
none,2
distinguish,2
line,2
pima,2
inferred,2
tool,2
preferred,2
teoria,2
purpose,2
tributary,2
related,2
sociedades,2
criticized,2
diarias,2
whole,2
generalizing,2
precipitated,2
describe,2
editorial,2
aztec,2
personal,2
sternberg,2
entails,2
stanford,2
attributed,2
good,2
excavated,2
caused,2
describing,2
working,2
responsibility,2
ofproduction,2
owned,2
signifies,2
autonomy,2
propelled,2
temporary,2
fully,2
productivity,2
resistance,2
describes,2
montane,2
moved,2
geographical,2
morphology,2
tasks,2
led,2
san,2
absence,2
architecture,2
action,2
service,2
estrellasweetwater,2
terray,2
etc,2
reduce,2
intensively,2
allen,2
grande,2
expanded,2
daytime,2
experiences,2
southern,2
ware,2
tends,2
label,2
colecciones,2
about,2
once,2
ballcourts,2
recognized,2
incipient,2
represents,2
requiring,2
mobile,2
objectified,2
challenged,2
us,2
perceived,2
participants,2
shifting,2
outlined,2
indian,2
domingo,2
noted,2
enterprises,2
street,2
thealthusserian,2
fact,2
areas,2
occurrence,2
analogy,2
manifested,2
diverse,2
end,2
townsite,2
rhythms,2
caracas,2
reproductive,2
floors,2
equate,2
accepted,2
see,2
dindmicas,2
necessary,2
material,2
focusing,2
native,2
patrico,2
argument,2
maya,2
degree,2
remained,2
aggregation,2
interrelated,2
greatest,2
meaningful,2
comprise,2
rowlands,2
range,2
region,2
previously,2
depended,2
increase,2
crafts,2
empirical,2
causes,2
harvard,2
chosen,2
full,2
office,2
open,2
significance,2
meanings,2
remaining,2
stress,2
peripheral,2
maintenance,2
gailey,2
bentpole,2
readers,2
random,2
behind,2
methods,2
epistemology,2
hierarchical,2
tendency,2
clusters,2
enough,2
esta,2
abundance,2
today,2
she,2
movements,2
sometimes,2
crucial,2
ideology,2
employment,2
inside,2
who,2
appropriators,2
lives,2
recognize,2
responsible,2
expectations,2
construction,2
fe,2
interconnected,2
composed,2
supporting,2
cada,2
problematic,2
detail,2
meal,2
share,2
generalizaciones,2
incorporated,2
contradiction,2
bernstein,2
berkeley,2
abandonment,2
attribute,2
global,2
did,2
outdoor,2
universal,2
explicitly,2
pictures,2
placing,2
pantel,2
hamlets,2
elders,2
feminist,2
beginning,2
sexual,2
explanations,2
reproduce,2
investigation,2
reactions,2
spatial,2
pertinent,2
statement,2
noncapitalist,2
differs,2
mediaciones,2
minimal,2
placement,2
boston,2
little,2
conclude,2
contemporaneity,2
subject,2
investment,2
harvesting,2
evidenced,2
individuos,2
models,2
differentiation,2
national,2
indications,2
should,2
include,2
salt,2
define,2
socially,2
need,2
ciudad,2
integration,2
involving,2
nonhabitation,2
remains,2
bradley,2
summary,2
searching,2
vessel,2
modeling,2
distinctions,2
consisted,2
cook,2
sharing,2
views,2
gladwin,2
alternative,2
cited,2
faction,2
thorough,2
final,1
frequent,1
margins,1
clustered,1
interhousehold,1
arce,1
formacion,1
o,1
origin,1
ethics,1
undoubtedly,1
obey,1
functional,1
investigaciones,1
wa,1
expedition,1
roseberry,1
foraging,1
alone,1
miguel,1
succession,1
differentiating,1
utility,1
manuscript,1
distributed,1
necessitates,1
crossing,1
subsystems,1
turlington,1
factories,1
traded,1
kinds,1
elaborated,1
stereotypical,1
identify,1
tend,1
essays,1
lazcano,1
maize,1
entries,1
conducting,1
anchor,1
merged,1
founderjunior,1
referring,1
confines,1
constitutes,1
managing,1
completely,1
contend,1
easily,1
specified,1
notched,1
modern,1
han,1
predating,1
flows,1
boulder,1
exchanging,1
considerations,1
former,1
weaker,1
althusser,1
acceptance,1
fieldhouses,1
fixed,1
estreia,1
character,1
provincias,1
behavior,1
attract,1
ofanthropology,1
harvests,1
village,1
vidas,1
po,1
arguing,1
descriptions,1
source,1
detected,1
bakery,1
controlled,1
basil,1
groundstone,1
properties,1
baker,1
intentions,1
culturalpolitics,1
hemenway,1
concretes,1
strategists,1
lower,1
accumulation,1
said,1
feudalism,1
aside,1
experiencias,1
upland,1
transitions,1
economico,1
conforms,1
problems,1
sources,1
every,1
revisited,1
egalitarianism,1
certainly,1
preceding,1
relies,1
consumptive,1
reformismn,1
interests,1
derives,1
coexist,1
venezolano,1
originally,1
repertoire,1
dialecticalarchaeology,1
concentrated,1
planting,1
daughters,1
capitalists,1
articulate,1
permanently,1
turney,1
asia,1
containing,1
metate,1
reach,1
skills,1
inarchaeological,1
assertion,1
desire,1
confusion,1
farmers,1
accumulated,1
producing,1
mills,1
ritmos,1
farther,1
concludes,1
intercambio,1
locality,1
real,1
subsequent,1
integrate,1
desviando,1
patterned,1
last,1
mind,1
unspecified,1
emphasized,1
greatly,1
midvale,1
influences,1
chiefdoms,1
remainder,1
classified,1
corroborate,1
coordinated,1
reading,1
somewhat,1
favoring,1
attempted,1
lugar,1
majority,1
sociedad,1
procured,1
con,1
globe,1
takes,1
weaving,1
collectivized,1
mueller,1
campesinos,1
debatido,1
attacked,1
anthropologists,1
autonomous,1
lived,1
money,1
sought,1
relationsinsight,1
mass,1
iv,1
albany,1
discuss,1
march,1
tendencias,1
alluvium,1
copenhagen,1
lynette,1
quantities,1
holocene,1
discrepancies,1
felt,1
buren,1
logical,1
cooperation,1
fl,1
ball,1
tracing,1
prehispanic,1
ofahohokamvillage,1
sale,1
april,1
solely,1
consciousness,1
vital,1
west,1
processes,1
far,1
ignores,1
establishment,1
owners,1
ethnohistoric,1
pathfinder,1
classifications,1
quantity,1
radical,1
deaver,1
negotiation,1
constrained,1
decreasing,1
financed,1
ritual,1
minimum,1
beneath,1
todd,1
fragment,1
engage,1
wallace,1
tied,1
reliably,1
cushing,1
framework,1
ranked,1
implements,1
goal,1
igualitarias,1
accessible,1
comments,1
constructed,1
dependence,1
southwestern,1
trash,1
immediate,1
utopian,1
powerlessness,1
cambio,1
since,1
analyzing,1
tables,1
decorated,1
lazcanoarce,1
author,1
scarce,1
perennial,1
nonproducers,1
capped,1
predicament,1
rites,1
hooks,1
heightened,1
bums,1
coexistence,1
apit,1
elderjunior,1
realization,1
sample,1
engendering,1
aizona,1
fried,1
kind,1
unpaid,1
rank,1
intracommunity,1
precludes,1
defense,1
innovation,1
evident,1
creciente,1
demuestran,1
ediciones,1
convincing,1
cacicazgo,1
butte,1
marriage,1
differently,1
highest,1
venozolanos,1
channels,1
subordinate,1
inclusion,1
allowing,1
suitable,1
dates,1
matices,1
misleading,1
differentiated,1
alliances,1
profit,1
arqueologfa,1
weight,1
murphyis,1
explore,1
archaeologist,1
look,1
preserving,1
practically,1
critique,1
metates,1
netting,1
precapitalist,1
doelle,1
william,1
decline,1
repudiated,1
leadership,1
adult,1
traits,1
rates,1
antropologicos,1
conceptually,1
nigerian,1
walls,1
poverty,1
jean,1
van,1
opposed,1
gaining,1
steal,1
deantropologiaamericana,1
reconsiderado,1
laboring,1
dialectics,1
subordination,1
essential,1
german,1
lt,1
collected,1
testimony,1
english,1
reviews,1
elaborate,1
drainages,1
main,1
intraregional,1
absent,1
centered,1
antropologil,1
compatible,1
proceedings,1
rounded,1
significances,1
organizing,1
basic,1
unit,1
explicit,1
levels,1
ascertaining,1
cremation,1
precautions,1
responded,1
phoenixarchaeology,1
incidence,1
una,1
goes,1
ritz,1
determining,1
granted,1
eight,1
mesopotamian,1
certain,1
coresidence,1
plots,1
steinberg,1
procreative,1
pathologies,1
worthwhile,1
scrub,1
cazadores,1
envision,1
symbols,1
illustrations,1
echoed,1
white,1
animals,1
ananthropology,1
verformaciones,1
periodic,1
expressing,1
semiproletariat,1
az,1
plaza,1
references,1
category,1
brunswick,1
perceptions,1
developments,1
fieldhouse,1
nonstratified,1
ensure,1
wages,1
biased,1
prehistory,1
tensions,1
consider,1
locally,1
intensive,1
grains,1
dated,1
presumably,1
section,1
proposed,1
urbano,1
instrument,1
weak,1
characterizations,1
exemplify,1
threat,1
tempting,1
situations,1
largescale,1
age,1
unavoidable,1
gero,1
juxtaposed,1
put,1
recovered,1
textile,1
origins,1
connecting,1
shed,1
isolation,1
followed,1
defines,1
comparisons,1
comprising,1
cost,1
stark,1
neither,1
restriction,1
explain,1
avunculocal,1
enfoque,1
malaby,1
microcosm,1
holistically,1
providing,1
decades,1
ancient,1
methodology,1
postdated,1
taino,1
atlanta,1
charcoal,1
pantheon,1
expressed,1
standards,1
gregory,1
closely,1
assets,1
lead,1
pursuits,1
concentration,1
affordable,1
allow,1
harbor,1
histories,1
rule,1
cienegas,1
faunal,1
ignorar,1
sumatra,1
subunits,1
behavioral,1
economics,1
internas,1
giddens,1
criticisms,1
relate,1
carolina,1
parado,1
endeavor,1
valor,1
percentages,1
multiples,1
almost,1
struggles,1
base,1
clau,1
markets,1
evaluate,1
density,1
floodwater,1
equal,1
proletarios,1
buried,1
repot,1
mediated,1
desde,1
prehistorical,1
indirect,1
marxista,1
fulfill,1
applied,1
reconstructed,1
acquaintance,1
cover,1
contiguous,1
placed,1
economicvalue,1
dialectic,1
expedient,1
feudal,1
confirmation,1
pleistocene,1
approached,1
facilities,1
exploration,1
dependents,1
operational,1
marxists,1
graciously,1
flaked,1
encroachment,1
near,1
scene,1
patriarchal,1
briefly,1
gained,1
compel,1
unequal,1
interconnecting,1
degrees,1
estd,1
revealed,1
egalitarian,1
sonora,1
bridge,1
scope,1
residents,1
horticulture,1
received,1
archlaeology,1
carries,1
postoccupational,1
nine,1
atomized,1
brought,1
guess,1
occupants,1
su,1
predominately,1
calls,1
bajadas,1
produccion,1
confined,1
interna,1
thoughts,1
description,1
godelier,1
year,1
armchair,1
gave,1
maricopa,1
piman,1
constitute,1
beginnings,1
mn,1
relevance,1
lifeway,1
hacer,1
cluster,1
unpreferred,1
details,1
restlessness,1
augment,1
torno,1
hohokarn,1
focuses,1
westview,1
rise,1
aplicacion,1
craftsmen,1
project,1
smallest,1
hornos,1
minangkabau,1
trends,1
lithics,1
produccidn,1
redistribution,1
towards,1
refuse,1
regions,1
monetary,1
subtle,1
grain,1
entitle,1
officials,1
construct,1
steward,1
multilinear,1
strict,1
remy,1
sense,1
level,1
below,1
corresponds,1
bone,1
box,1
le,1
modest,1
synthesized,1
discourse,1
emphasizes,1
rutgers,1
excavation,1
quite,1
functionalism,1
davis,1
mound,1
sufficient,1
pregnant,1
exemplifies,1
toa,1
feelings,1
choose,1
este,1
breaking,1
ton,1
dramatic,1
ps,1
essentially,1
suddenly,1
latest,1
atomistic,1
villages,1
anonymous,1
aggregates,1
visible,1
up,1
inability,1
proletarians,1
venezuelan,1
laterally,1
dominates,1
pays,1
filling,1
paid,1
games,1
distinguishing,1
roots,1
cycle,1
notes,1
restructure,1
reappraised,1
appropriate,1
nighttime,1
teotongo,1
rinehart,1
triangular,1
humanistic,1
massive,1
fiber,1
antiguas,1
span,1
will,1
bedrock,1
lenin,1
processual,1
diferentes,1
arrangement,1
demand,1
ceremonial,1
thanks,1
elimination,1
materials,1
various,1
summarize,1
functioning,1
ken,1
gather,1
indicative,1
sonoran,1
gradual,1
archy,1
preestatales,1
diego,1
play,1
return,1
appreciate,1
procreation,1
interdependence,1
exception,1
poor,1
july,1
expenditures,1
garden,1
interactions,1
domination,1
bewildering,1
paint,1
settings,1
negate,1
multiplemode,1
chayanov,1
confronted,1
positive,1
biological,1
draper,1
mano,1
frank,1
rincon,1
cooperative,1
oxford,1
competition,1
asiatic,1
yet,1
selling,1
monte,1
java,1
politica,1
ethnographers,1
nonlocal,1
underdevelopment,1
sociologists,1
rules,1
thought,1
proletarianization,1
acknowledgments,1
serve,1
array,1
abstracting,1
formally,1
historia,1
childcare,1
disagreeable,1
demographic,1
management,1
anthropologies,1
floodgates,1
earned,1
home,1
initiation,1
peripheryykiva,1
complete,1
note,1
guatemala,1
keeping,1
baltimore,1
hay,1
hopes,1
belonging,1
odds,1
illustrated,1
department,1
reports,1
begins,1
lined,1
able,1
maintained,1
picture,1
spatially,1
gente,1
rings,1
seymour,1
actually,1
walled,1
prehispanico,1
critiques,1
successfully,1
comfortable,1
paul,1
cruzaron,1
barbed,1
participated,1
complejas,1
challenge,1
stated,1
factory,1
fell,1
stream,1
mark,1
europe,1
menstruating,1
similarly,1
varies,1
backed,1
experienced,1
projects,1
efforts,1
equating,1
hutira,1
shows,1
motsinger,1
treatment,1
head,1
proposal,1
deantropologia,1
beliefs,1
dindimica,1
together,1
anappreciation,1
rubbo,1
substantially,1
latina,1
venture,1
program,1
removal,1
socialfornnation,1
devil,1
outside,1
promoted,1
forameiican,1
v,1
sayles,1
hsa,1
cruz,1
covered,1
manner,1
discussing,1
landscape,1
sires,1
developing,1
lowvland,1
purposes,1
existing,1
relevant,1
comprenden,1
ciencia,1
venezuela,1
demuestra,1
phoeniix,1
por,1
agencies,1
deep,1
foladori,1
perhaps,1
nueva,1
downtown,1
ignoring,1
complejidad,1
sell,1
gives,1
reconciled,1
entrepreneurial,1
ethnohistorians,1
compete,1
day,1
valleys,1
overseen,1
intender,1
notion,1
semipermanent,1
argues,1
interpreting,1
riparian,1
preclasistas,1
reconocibles,1
situated,1
doubtful,1
considering,1
birth,1
randall,1
values,1
locate,1
ember,1
diferencias,1
arose,1
ethnology,1
manufactured,1
minifundia,1
canals,1
elite,1
complexities,1
minds,1
oscillation,1
lecture,1
entirely,1
expression,1
sold,1
deprived,1
rivers,1
emphasize,1
refers,1
sacks,1
reconstructing,1
americanassociation,1
band,1
ideas,1
actual,1
redevelopment,1
variables,1
recovery,1
kingdom,1
engaged,1
services,1
munity,1
specifies,1
encumbered,1
solidifying,1
segmentation,1
considerable,1
theories,1
theoretical,1
stratification,1
platform,1
versions,1
patricoo,1
trade,1
clear,1
urbana,1
adding,1
authors,1
express,1
modernization,1
socialformations,1
sustain,1
refinements,1
logic,1
surmise,1
redongray,1
times,1
architectural,1
derived,1
reviewers,1
helpful,1
revised,1
spread,1
caso,1
distinction,1
obtained,1
structuring,1
theadvancement,1
shortly,1
probable,1
renewal,1
wish,1
adequately,1
least,1
courtyard,1
suroeste,1
spent,1
why,1
polygyny,1
margin,1
favored,1
valued,1
collectivization,1
special,1
comparing,1
article,1
qualities,1
typically,1
ofform,1
relation,1
palo,1
shallow,1
mainly,1
intrasite,1
agave,1
chapel,1
isolating,1
sobre,1
bate,1
copyright,1
precapitalistas,1
relative,1
tenuous,1
tomno,1
immigration,1
inhumation,1
concluded,1
gleaned,1
widely,1
species,1
supplemental,1
presumed,1
consequences,1
arqueolkgicas,1
seasons,1
elder,1
fes,1
supplements,1
christian,1
groupings,1
assigned,1
applications,1
imply,1
flagstaff,1
seclusion,1
iroquois,1
formativeand,1
asociado,1
poblamiento,1
arqueologla,1
belonged,1
perspectives,1
causations,1
psa,1
influyen,1
tomo,1
ecological,1
testing,1
fields,1
claimed,1
appropriative,1
hill,1
reasonable,1
alternate,1
insufficient,1
institutions,1
aa,1
scrutinizing,1
force,1
began,1
returned,1
ideologia,1
economists,1
offsets,1
contribution,1
transformation,1
typea,1
lta,1
ducers,1
payment,1
marxistanalyses,1
deductive,1
wives,1
exists,1
donated,1
imperialism,1
dent,1
mounds,1
gsa,1
thick,1
attachment,1
earliest,1
tribe,1
stable,1
distributional,1
quantitative,1
marxistarchaeology,1
environment,1
reciprocal,1
variable,1
exercised,1
heavy,1
singular,1
dispersed,1
comes,1
conclusion,1
accordance,1
version,1
minneapolis,1
hypothesized,1
determinants,1
characteristics,1
theme,1
recognizable,1
irrigable,1
intergroup,1
histoty,1
theabron,1
glimpse,1
sherds,1
sky,1
offers,1
peasantagriculture,1
set,1
equation,1
coincides,1
muertos,1
synthesizes,1
proletarianized,1
sido,1
chacoan,1
guaranteed,1
proponents,1
auxiliary,1
assumed,1
sizes,1
setting,1
accustomed,1
authorities,1
believe,1
unknown,1
argue,1
diaria,1
hindering,1
followers,1
terraced,1
ideological,1
swca,1
siglos,1
particularly,1
sc,1
linked,1
infer,1
cautious,1
specify,1
reflected,1
associations,1
childbirth,1
examining,1
oii,1
theprehistoricarchaeologyofheritagesquareanthropological,1
conditioned,1
living,1
interactive,1
better,1
places,1
qualitatively,1
believed,1
helping,1
malaysia,1
poder,1
fuller,1
vs,1
circles,1
whether,1
theaztecs,1
dittert,1
adults,1
selected,1
involvement,1
supports,1
nearby,1
spirits,1
attitudes,1
reiterated,1
sloping,1
artifactual,1
interval,1
penetration,1
adaptation,1
medallion,1
appropriated,1
ong,1
partial,1
correlates,1
sleeping,1
periphery,1
prestige,1
postabandonment,1
imperial,1
phenomenological,1
balance,1
dissatisfies,1
generally,1
reorganization,1
agreed,1
fetishism,1
categories,1
travel,1
antropologfa,1
agreeable,1
burden,1
socioeconomic,1
researchers,1
determinaciones,1
intention,1
john,1
umbrella,1
culturas,1
circumstances,1
preserved,1
economicanthropology,1
altered,1
reported,1
totalidad,1
xochimilco,1
estudio,1
prevalent,1
ashes,1
marquardt,1
easy,1
latinamerican,1
ring,1
returning,1
agents,1
dismal,1
adapted,1
matches,1
contribute,1
merchant,1
conversely,1
tenable,1
challenges,1
criticadas,1
floorassociated,1
pole,1
definitions,1
burning,1
writing,1
goals,1
adentro,1
precondition,1
varied,1
contrasts,1
subsumed,1
prepared,1
variantes,1
buying,1
question,1
cuadernos,1
moderate,1
sistemas,1
drafts,1
years,1
manageable,1
objectification,1
lands,1
betweenad,1
intensified,1
reconsiders,1
finding,1
illinois,1
web,1
internally,1
washington,1
fibers,1
accept,1
aware,1
burnt,1
dangerous,1
public,1
categofla,1
course,1
insight,1
actively,1
americas,1
asset,1
neighboringruins,1
socialarchaeology,1
producen,1
sur,1
manufacture,1
dyadic,1
product,1
functionalist,1
avila,1
effects,1
settling,1
defined,1
seeks,1
forming,1
off,1
peripheries,1
roughly,1
practiced,1
nonegalitarian,1
respective,1
profits,1
treats,1
removed,1
tip,1
root,1
brubaker,1
elites,1
reached,1
nonclass,1
gs,1
gyaman,1
maximum,1
entire,1
develop,1
gulf,1
accentuate,1
mobility,1
strong,1
technological,1
north,1
resist,1
famous,1
arnold,1
proceso,1
virtue,1
broader,1
built,1
roles,1
termed,1
advocating,1
race,1
close,1
confrontations,1
determinate,1
major,1
xiiixxxviii,1
