WORDCOUNTS,WEIGHT
the,139
a,68
of,63
and,59
to,43
is,37
in,28
machine,28
for,22
be,20
pump,18
with,16
have,15
on,15
sludge,14
flotation,14
we,14
it,13
are,13
i,13
at,12
not,12
our,12
water,12
you,12
as,11
or,11
that,11
tank,11
fraction,10
if,9
but,8
design,8
samples,8
this,8
an,8
can,8
all,7
from,7
by,7
use,7
de,7
machines,7
kentucky,7
will,6
materials,6
american,6
university,6
heavy,6
light,6
more,6
particularly,6
out,6
because,6
archaeological,6
sample,6
rates,6
designed,5
into,5
every,5
silt,5
many,5
system,5
its,5
lab,5
recovery,5
hunter,5
regular,5
research,5
y,5
built,5
may,4
main,4
their,4
one,4
was,4
four,4
only,4
my,4
better,4
gassner,4
some,4
used,4
assembly,4
which,4
were,4
antiquity,4
disposal,4
run,4
maintenance,4
good,4
field,4
box,4
after,4
than,4
high,3
sometimes,3
program,3
tech,3
process,3
una,3
flywheel,3
poppy,3
types,3
considered,3
dried,3
either,3
also,3
each,3
different,3
portable,3
laboratory,3
thank,3
liters,3
produces,3
day,3
substantial,3
must,3
cleaning,3
years,3
low,3
sediment,3
flushed,3
running,3
mixed,3
like,3
so,3
plant,3
small,3
needs,3
floating,3
bilge,3
flotetech,3
perfect,2
lo,2
me,2
sealed,2
float,2
overall,2
en,2
still,2
they,2
similar,2
es,2
about,2
months,2
itself,2
understand,2
remains,2
pp,2
us,2
holding,2
then,2
recycles,2
tray,2
tanks,2
these,2
situations,2
department,2
experience,2
being,2
first,2
surface,2
useful,2
cost,2
requires,2
set,2
metal,2
important,2
screened,2
others,2
flat,2
j,2
acceptable,2
other,2
down,2
removable,2
time,2
changed,2
issue,2
smash,2
procedure,2
end,2
jennifer,2
considerable,2
never,2
indoors,2
within,2
evaluation,2
con,2
material,2
flaws,2
storm,2
your,2
rossen,2
como,2
wide,2
drain,2
number,2
technical,2
jack,2
intake,2
diaphragm,2
too,2
up,2
archaeobotany,2
occasionally,2
del,2
waste,2
bottom,2
prototype,2
screen,2
operated,2
leak,2
jo,2
catches,2
think,2
build,2
review,2
such,2
breakdown,2
three,2
approximately,2
although,2
would,2
smaller,2
modifications,2
colleagues,2
extremely,2
several,2
specific,2
replace,2
removing,2
seeds,2
when,2
seed,2
even,2
present,2
appropriate,2
should,2
messiah,2
describeni,1
model,1
final,1
difficult,1
live,1
defeats,1
messy,1
does,1
paleoethnobotany,1
outfield,1
he,1
san,1
relationship,1
directa,1
second,1
disposed,1
modification,1
swinging,1
personally,1
m,1
minor,1
cuatro,1
helped,1
matter,1
attempts,1
no,1
reviewer,1
various,1
higher,1
collected,1
fairly,1
rather,1
avoiding,1
employ,1
crucial,1
anos,1
sluiceway,1
cleaned,1
naturally,1
testing,1
claimed,1
puede,1
rough,1
represent,1
teardrop,1
trials,1
equilibrada,1
inside,1
tuscaloosa,1
through,1
environmental,1
waterfall,1
plastic,1
nearly,1
modificaciones,1
slow,1
e,1
who,1
success,1
intensively,1
maquina,1
downcurrent,1
un,1
curved,1
ultimate,1
totally,1
gallons,1
technically,1
garden,1
plentiful,1
manuscript,1
weaknesses,1
comments,1
b,1
se,1
certain,1
recoveiy,1
refilled,1
obsolete,1
balanced,1
parts,1
floated,1
replaced,1
volumes,1
procedwoes,1
positive,1
k,1
presentar,1
soaked,1
efficiency,1
feel,1
spray,1
once,1
remind,1
depends,1
depicted,1
sump,1
edited,1
consistency,1
remnants,1
lose,1
dump,1
get,1
studies,1
flush,1
switching,1
testy,1
shopvac,1
anonymous,1
favor,1
park,1
floor,1
costs,1
cement,1
later,1
fail,1
technology,1
under,1
collection,1
forget,1
protection,1
river,1
seems,1
assistant,1
processing,1
variable,1
presentan,1
minutes,1
otherwise,1
pumped,1
any,1
constant,1
stable,1
occasional,1
watson,1
problemas,1
rectangular,1
ky,1
performed,1
receiving,1
refillings,1
series,1
conclusion,1
tipover,1
broad,1
si,1
solamente,1
without,1
industrial,1
circumstances,1
filera,1
pretreatments,1
two,1
wear,1
lower,1
christy,1
withi,1
consistent,1
textile,1
soil,1
graves,1
sewer,1
efficient,1
contents,1
fill,1
sinks,1
wheelbarrows,1
besides,1
june,1
drew,1
destructive,1
repairs,1
lot,1
rips,1
ingenuity,1
lifespan,1
know,1
concentrated,1
toward,1
diego,1
investments,1
enters,1
season,1
attempt,1
view,1
constructive,1
flushing,1
irrigation,1
perfected,1
plantas,1
added,1
varied,1
experimentation,1
had,1
hauling,1
uses,1
aforementioned,1
patty,1
diseno,1
based,1
lead,1
seem,1
crannies,1
arrival,1
fenway,1
toilet,1
flowing,1
wooden,1
best,1
areas,1
could,1
pressure,1
casi,1
found,1
plan,1
reasons,1
depict,1
fishtank,1
totaling,1
current,1
p,1
wagner,1
report,1
accumulated,1
perfeccionada,1
enable,1
subdiscipline,1
isolate,1
experiencia,1
disperse,1
onto,1
attractions,1
highvolume,1
drawbacks,1
suitable,1
substantially,1
boating,1
real,1
away,1
evolving,1
help,1
past,1
there,1
damage,1
just,1
type,1
big,1
last,1
nanchoc,1
disassemble,1
academic,1
improving,1
handbook,1
hand,1
bulky,1
those,1
perfecto,1
que,1
operating,1
alabama,1
what,1
applaud,1
stock,1
month,1
accepted,1
designs,1
whether,1
spout,1
inches,1
list,1
aeration,1
see,1
answer,1
references,1
mecanizadoo,1
particular,1
empty,1
rubber,1
depending,1
botanical,1
edges,1
manufactures,1
problem,1
heavier,1
acknowledgments,1
trough,1
gives,1
advertencias,1
while,1
going,1
boatstyle,1
muddy,1
improve,1
require,1
chemical,1
shape,1
sites,1
produce,1
dustpans,1
original,1
replacement,1
recommended,1
r,1
overflow,1
discussion,1
work,1
front,1
lost,1
strengths,1
both,1
made,1
bought,1
presented,1
clean,1
stubborn,1
fine,1
flaw,1
transport,1
g,1
psychological,1
part,1
su,1
including,1
most,1
city,1
preferable,1
downtime,1
marvel,1
cited,1
calls,1
became,1
due,1
nearby,1
along,1
test,1
gully,1
intended,1
analyzing,1
unhappy,1
northern,1
mdquina,1
safely,1
precipitated,1
special,1
during,1
maravilla,1
virtually,1
equipped,1
numerous,1
canyon,1
isolated,1
labor,1
learned,1
prototipo,1
sistema,1
frequencies,1
schedule,1
intencion,1
restos,1
thus,1
mds,1
overhead,1
check,1
personal,1
full,1
previous,1
triumphs,1
privies,1
haven,1
unsuited,1
advantages,1
mws,1
until,1
described,1
scattering,1
savings,1
received,1
jackhammered,1
inevitable,1
own,1
outakes,1
serias,1
valve,1
historic,1
against,1
argentina,1
modem,1
conditions,1
t,1
incident,1
recovering,1
disenio,1
rapidly,1
definitely,1
accept,1
intact,1
concentrates,1
offer,1
solution,1
times,1
dense,1
price,1
revised,1
below,1
direct,1
pearsall,1
shaping,1
theoretically,1
simpler,1
entire,1
vacant,1
lowtech,1
obvious,1
carol,1
effects,1
maximize,1
contamination,1
archaeology,1
taste,1
basada,1
hole,1
adjustment,1
clay,1
carted,1
wander,1
uso,1
reuse,1
channeled,1
perspective,1
canal,1
decide,1
characteristics,1
caveats,1
indoor,1
problems,1
qualities,1
ithaca,1
nooks,1
ser,1
county,1
mi,1
facility,1
draining,1
narrow,1
gratefully,1
overcome,1
flood,1
site,1
bag,1
find,1
d,1
corners,1
recomendar,1
barely,1
maximum,1
ny,1
northwestern,1
cattle,1
given,1
copyright,1
results,1
much,1
counts,1
colleague,1
invented,1
recent,1
spraying,1
truck,1
building,1
squeegees,1
attention,1
boxes,1
la,1
waiting,1
collects,1
valves,1
major,1
mechanism,1
society,1
febiuaqy,1
thorough,1
