WORDCOUNTS,WEIGHT
the,622
of,431
and,317
to,232
a,199
in,192
archaeology,160
crm,155
is,136
that,123
or,102
for,96
archaeological,93
this,86
on,81
public,79
new,79
articles,76
be,74
as,71
york,69
with,68
are,68
project,62
press,57
by,56
state,53
projects,49
shpo,47
not,47
can,46
it,45
newspaper,45
an,44
these,42
about,42
were,39
often,39
they,35
negative,35
positive,34
have,33
archaeologists,32
may,32
american,31
development,31
coverage,31
more,31
reporting,30
was,29
also,29
at,27
sites,27
from,27
their,25
site,24
most,24
local,23
should,23
has,22
de,22
historic,22
government,21
will,21
but,20
such,19
issues,19
when,19
there,18
opinion,18
its,18
no,17
than,17
study,16
important,16
category,15
editorials,15
preservation,15
percent,15
la,15
quotes,15
over,15
one,14
federal,14
dig,14
process,14
artifacts,14
work,14
reporters,14
reported,14
many,14
agency,13
other,13
very,13
impact,13
value,13
antiquity,13
all,12
some,12
regarding,12
september,12
requirements,12
under,12
j,12
upon,12
significant,12
which,12
article,12
october,12
focus,12
newspapers,11
headlines,11
history,11
daily,11
discipline,11
media,11
image,11
critical,11
stories,11
do,11
provide,11
d,11
political,10
questioned,10
focused,10
society,10
included,10
office,10
high,10
we,10
controversial,10
pieces,10
information,10
little,10
november,10
different,9
issue,9
interest,9
influence,9
stop,9
microscope,9
cost,9
regulatory,9
part,9
field,9
involved,9
pp,9
native,9
times,9
attention,9
between,9
appendix,9
number,9
delays,9
past,9
while,9
remains,9
those,8
investigations,8
march,8
review,8
y,8
implementation,8
mcmanamon,8
perceptions,8
greater,8
because,8
received,8
reader,8
protect,8
july,8
edited,8
without,8
another,8
august,8
commentaries,8
officials,8
figure,8
construction,8
must,8
december,8
too,8
typically,8
opinions,8
does,7
integrity,7
being,7
survey,7
discoveries,7
frequently,7
based,7
could,7
future,7
island,7
during,7
results,7
provided,7
economic,7
only,7
efforts,7
how,7
discovery,7
duganne,7
peebles,7
story,7
been,7
assessment,7
attitudes,7
categories,7
presented,7
through,7
role,7
although,7
perception,7
represent,6
encourage,6
s,6
relations,6
type,6
funds,6
old,6
statements,6
legal,6
well,6
used,6
place,6
status,6
june,6
protecting,6
april,6
percentage,6
message,6
time,6
inherently,6
readers,6
enough,6
where,6
controversy,6
including,6
use,6
significance,6
individual,6
period,6
usually,6
who,6
what,6
extremely,6
news,6
clippings,5
commentary,5
commitment,5
group,5
assess,5
take,5
emphasized,5
papers,5
columnists,5
ok,5
g,5
perspective,5
amount,5
journal,5
preserving,5
rather,5
factual,5
support,5
proposed,5
evaluation,5
found,5
search,5
out,5
reviews,5
voice,5
aspects,5
positions,5
errors,5
sense,5
up,5
variety,5
albany,5
decisions,5
same,5
indian,5
guppy,5
regional,5
others,5
fact,5
valid,5
practice,5
por,5
perhaps,5
private,5
made,5
standard,5
especially,5
legitimacy,5
school,5
publicly,5
any,5
each,5
paper,5
involvement,5
almost,5
both,5
contribute,5
arguments,5
our,5
question,5
need,5
offered,5
gazette,5
create,5
strong,5
difficult,4
done,4
if,4
inaccurate,4
legitimate,4
star,4
identify,4
second,4
authority,4
position,4
committee,4
into,4
sources,4
every,4
address,4
official,4
nature,4
raised,4
within,4
el,4
funded,4
goal,4
quality,4
since,4
portray,4
cobertura,4
town,4
costs,4
act,4
district,4
importance,4
direct,4
balanced,4
contributions,4
record,4
reviewed,4
union,4
municipalities,4
p,4
criticisms,4
burial,4
cannot,4
receive,4
shape,4
directly,4
example,4
editorial,4
people,4
delay,4
least,4
concerns,4
primary,4
appropriate,4
likely,4
community,4
perceived,4
majority,4
heritage,4
addition,4
present,4
agencies,4
primarily,4
after,4
provides,4
neutral,4
include,4
editors,4
versus,4
professional,4
newsworthy,4
perspectives,4
continue,4
program,4
arqueologia,4
bulletin,4
statewide,4
education,4
claims,4
rarely,4
associated,4
elected,4
here,4
worth,4
capital,4
regard,4
just,4
february,4
them,4
quote,4
mitigation,4
national,4
you,4
frequent,3
currently,3
courier,3
nimbyism,3
providing,3
subheadings,3
needed,3
h,3
favor,3
educating,3
first,3
generated,3
handling,3
principles,3
copy,3
cartoon,3
tours,3
reasons,3
timing,3
help,3
improving,3
credibility,3
stopped,3
determined,3
recommendations,3
professionals,3
dutch,3
engage,3
conflict,3
accuracy,3
component,3
illustrates,3
discerning,3
conducted,3
sample,3
cases,3
canal,3
concerning,3
body,3
six,3
excavations,3
sun,3
messages,3
general,3
parks,3
distribution,3
rights,3
assessed,3
opposed,3
americans,3
notion,3
earlier,3
b,3
burials,3
factors,3
addressing,3
plaza,3
means,3
ensure,3
established,3
section,3
listed,3
four,3
requires,3
portrays,3
cfr,3
m,3
appear,3
dc,3
uv,3
standards,3
prehistoric,3
lead,3
mandate,3
dispute,3
experts,3
academic,3
block,3
treat,3
reinforce,3
outside,3
creates,3
nimby,3
expensive,3
del,3
r,3
significantly,3
whole,3
literature,3
legislation,3
prensa,3
either,3
level,3
small,3
few,3
research,3
dormitory,3
hindrance,3
florida,3
finds,3
valuable,3
avoid,3
scientific,3
impacts,3
limited,3
saratoga,3
still,3
make,3
museum,3
reference,3
ancient,3
falls,3
responsive,3
stones,3
published,3
street,3
members,3
challenge,3
power,3
lack,3
regulation,3
doubt,3
considerable,3
learn,3
less,3
findings,3
individuals,3
pattern,3
sensitivity,3
controversies,3
would,3
features,3
gets,3
methods,3
dollars,3
become,3
sometimes,3
types,3
instances,3
referred,3
unfunded,3
norwich,3
face,3
considered,3
addressed,3
funding,3
set,3
did,3
best,3
milanich,3
supervisor,3
convey,3
historical,3
las,3
ramos,3
making,3
statement,3
problem,3
explored,3
property,3
urban,3
preserved,3
content,3
subject,3
administration,3
programs,3
shown,3
guest,3
write,3
humor,3
regular,3
presenting,3
c,3
much,3
broader,3
doing,3
delayed,3
ethics,2
common,2
altamira,2
privately,2
affected,2
environmental,2
e,2
sympathetic,2
village,2
center,2
boca,2
conducting,2
columns,2
true,2
remnants,2
strictly,2
bias,2
easily,2
unprofessional,2
acceptance,2
policy,2
snag,2
recreation,2
excavation,2
presents,2
unlike,2
before,2
mitigated,2
said,2
t,2
unearthed,2
davis,2
long,2
certainly,2
interests,2
handle,2
might,2
location,2
names,2
skills,2
suggesting,2
criticize,2
display,2
rich,2
thanks,2
real,2
i,2
influences,2
robert,2
headings,2
educate,2
case,2
con,2
takes,2
occasional,2
governmental,2
suspect,2
guidelines,2
firm,2
right,2
poughkeepsie,2
design,2
politics,2
say,2
laws,2
cited,2
sobre,2
along,2
interviews,2
walnut,2
brought,2
ethical,2
against,2
author,2
occurs,2
highlighting,2
jr,2
forced,2
exercise,2
priority,2
thing,2
waits,2
maintaining,2
destroyed,2
back,2
contrary,2
left,2
even,2
niagara,2
acknowledge,2
unfortunate,2
hampers,2
mechanisms,2
interesting,2
whose,2
frustration,2
l,2
across,2
fair,2
highway,2
opportunity,2
proportion,2
special,2
primer,2
reason,2
references,2
substandard,2
affect,2
rebury,2
misstating,2
bit,2
clearly,2
quoted,2
argued,2
bulldozing,2
resource,2
bender,2
followed,2
generally,2
care,2
respected,2
projected,2
suggested,2
referral,2
advocated,2
assessments,2
talking,2
expressed,2
result,2
closely,2
herald,2
typical,2
access,2
generates,2
evaluate,2
creating,2
topics,2
far,2
cultural,2
buried,2
moore,2
disincentive,2
vehicles,2
minimal,2
network,2
archaeologist,2
los,2
stake,2
knowledge,2
two,2
constitute,2
focuses,2
seqra,2
participate,2
universally,2
challenging,2
shortcomings,2
unflattering,2
evaluated,2
responsibility,2
sprawl,2
reinforces,2
suggest,2
adequacy,2
competency,2
order,2
interacting,2
bygone,2
reporter,2
heat,2
openly,2
grow,2
tended,2
progress,2
spurious,2
using,2
klesert,2
questioning,2
champion,2
f,2
battle,2
cle,2
quarry,2
business,2
reduced,2
practices,2
short,2
constituents,2
thrive,2
suburban,2
convince,2
pile,2
bill,2
comments,2
cultivate,2
violate,2
interpretation,2
opportunities,2
represents,2
makes,2
builds,2
thought,2
favorable,2
teaching,2
broad,2
reports,2
disagreed,2
independent,2
positivos,2
museums,2
toward,2
put,2
smith,2
plan,2
abstract,2
objectively,2
simple,2
fits,2
accusations,2
journalists,2
manner,2
see,2
necessary,2
therobert,2
shovels,2
going,2
compose,2
week,2
meaningful,2
intent,2
skepticism,2
examples,2
treated,2
completed,2
limitations,2
sides,2
judge,2
entirely,2
stakeholders,2
guidance,2
causes,2
shopping,2
academics,2
aside,2
examination,2
subheading,2
california,2
clear,2
reality,2
express,2
recognize,2
points,2
supportive,2
like,2
kept,2
improved,2
quick,2
problems,2
outcomes,2
assessing,2
crc,2
january,2
relative,2
conveyed,2
governor,2
hope,2
decision,2
mail,2
landholdings,2
implicitly,2
para,2
digs,2
lot,2
fairly,2
vague,2
sensitive,2
detailed,2
began,2
relevant,2
expert,2
length,2
life,2
file,2
analysis,2
achieve,2
composed,2
measured,2
get,2
problematic,2
paying,2
unacceptable,2
then,2
proceed,2
facilitator,2
simply,2
theme,2
offers,2
cover,2
troy,2
highly,2
archeologists,2
introducing,2
connection,2
believe,2
print,2
wall,2
current,2
post,2
rely,2
regulations,2
avoidance,2
receiving,2
schenectady,2
whether,2
terms,2
list,2
cause,2
leaving,2
finished,2
occasionally,2
multiple,2
surveys,2
city,2
despite,2
unrealistic,2
plans,2
measure,2
rochester,2
indians,2
goals,2
varied,2
years,2
notes,2
generate,2
finding,2
accept,2
carelessly,2
land,2
mas,2
smaller,2
association,2
speak,2
classification,2
supported,2
buffalo,2
representatives,2
ensuring,2
digging,2
obligation,2
enterprise,2
debate,2
given,2
develop,2
kuhn,2
building,2
asked,2
rubble,2
costly,2
final,1
go,1
dictating,1
now,1
complaint,1
forceful,1
produces,1
unrestrained,1
doubts,1
page,1
costliest,1
prefer,1
implemented,1
way,1
ambivalence,1
adopt,1
indicated,1
meaning,1
milieu,1
groups,1
corporate,1
strives,1
immune,1
created,1
negativos,1
wellknown,1
everyone,1
personnel,1
instinctively,1
determine,1
worthy,1
northeast,1
introduction,1
unbiased,1
per,1
affirmatively,1
expect,1
large,1
perceive,1
replaced,1
systematically,1
stereotypical,1
tend,1
decisiones,1
live,1
troublemaker,1
inaccuracy,1
inconsistent,1
workinig,1
modern,1
cortland,1
champions,1
decade,1
presentingarchaeology,1
ideals,1
allow,1
protection,1
campo,1
discutidos,1
detrimental,1
filledwith,1
total,1
freeman,1
accentuated,1
clarion,1
litigation,1
po,1
eye,1
covertage,1
contact,1
permitted,1
my,1
gravamen,1
cartoons,1
member,1
cast,1
sewer,1
middletown,1
tracy,1
stressed,1
beneficial,1
articulos,1
wrong,1
defrancisco,1
creation,1
testimonial,1
localities,1
disagreement,1
researched,1
elmira,1
implications,1
attempts,1
feeling,1
hire,1
attempt,1
parrot,1
seiiously,1
sunday,1
rare,1
dissatisfied,1
seems,1
tion,1
acronym,1
continulled,1
available,1
goodbye,1
excavating,1
leading,1
paramount,1
broken,1
careers,1
preservationists,1
monitor,1
watchdog,1
potentially,1
confront,1
able,1
transferred,1
link,1
launched,1
insinuation,1
judging,1
underutilized,1
last,1
written,1
interviewed,1
implication,1
foramericanarchaeology,1
tap,1
staff,1
ours,1
untitled,1
nina,1
reburying,1
context,1
forums,1
attacked,1
albeit,1
task,1
captures,1
adverse,1
encouraging,1
sought,1
mediating,1
incorporate,1
draw,1
discuss,1
great,1
curating,1
restoring,1
pueden,1
prior,1
possible,1
slated,1
enforcement,1
facilitating,1
reaching,1
establishing,1
appendices,1
commonality,1
advantageous,1
stubborn,1
litigious,1
authorizes,1
point,1
indicating,1
selecting,1
fur,1
columnist,1
apply,1
undoubtedly,1
keeps,1
promises,1
insensitivity,1
chronic,1
mnas,1
collection,1
pursuing,1
framework,1
learned,1
human,1
million,1
appreciably,1
includes,1
foramerican,1
professionalism,1
relationships,1
participationl,1
proceeded,1
reverse,1
severe,1
inner,1
run,1
bent,1
objective,1
pursuit,1
herscher,1
cooperate,1
characteristic,1
relatively,1
regarded,1
ability,1
democrat,1
raises,1
necessitating,1
afford,1
howjournalistic,1
grouped,1
batavia,1
mnejorar,1
learning,1
kind,1
importancia,1
elements,1
reluctance,1
underlying,1
storied,1
convincing,1
approval,1
highest,1
ithaca,1
response,1
syracuse,1
difficulty,1
interfacing,1
served,1
saratogian,1
graphically,1
geographically,1
effective,1
shott,1
consulted,1
artfculos,1
joumral,1
estimate,1
obscure,1
ny,1
elated,1
baldwinsville,1
reasoned,1
appreciated,1
traditions,1
generation,1
weakness,1
footed,1
decry,1
infinite,1
impressions,1
glad,1
poorly,1
printmedia,1
phases,1
yorkers,1
employ,1
pay,1
offices,1
operation,1
ancientartifacts,1
shposthe,1
topic,1
recognized,1
adequate,1
essential,1
reflects,1
augutst,1
morven,1
hesitant,1
identification,1
programmatic,1
his,1
links,1
bring,1
negatively,1
contenido,1
primers,1
faults,1
remain,1
housing,1
basic,1
protections,1
en,1
avocationalists,1
appreciation,1
levels,1
presentation,1
highlighted,1
conceptions,1
analyzes,1
forwards,1
heard,1
developers,1
kiss,1
similar,1
entre,1
canajoharie,1
plots,1
ongoing,1
mnedios,1
ensures,1
ofarchaeological,1
preemptively,1
outreach,1
ames,1
supposed,1
canticlad,1
privy,1
straits,1
send,1
paragraphs,1
accomplishing,1
mceneny,1
partnership,1
evaluacion,1
consultation,1
blame,1
fiveyear,1
improvement,1
benefits,1
exponential,1
atencion,1
unimportant,1
n,1
numbers,1
objectivity,1
dailv,1
hatchets,1
anid,1
w,1
commented,1
powerful,1
officer,1
tourism,1
circulating,1
deadlines,1
plates,1
inmplementation,1
exploitation,1
willing,1
hit,1
tu,1
dug,1
undermines,1
management,1
view,1
constructive,1
whereas,1
had,1
impede,1
advance,1
salvage,1
came,1
affiliated,1
nancy,1
diligently,1
avenue,1
harbor,1
withheld,1
scientifically,1
discount,1
acknowledgments,1
conservative,1
protector,1
plot,1
color,1
critically,1
anticrm,1
amsterdam,1
relating,1
cuanto,1
changed,1
subscribe,1
biffalo,1
quandaries,1
events,1
relate,1
aloof,1
publics,1
captured,1
stewardship,1
representative,1
imparts,1
accurately,1
disincentives,1
informed,1
equal,1
sharply,1
synonymously,1
appears,1
viewed,1
attracts,1
wasteful,1
boundaries,1
binghamton,1
scale,1
placed,1
ignorance,1
procedures,1
proyectos,1
explain,1
premise,1
wide,1
journalism,1
tracking,1
ancilisis,1
governing,1
impression,1
ther,1
improve,1
reacting,1
chastisement,1
commitments,1
none,1
having,1
participation,1
basis,1
distinguish,1
ening,1
planning,1
properties,1
incluye,1
influencedarchaeology,1
tool,1
carries,1
carry,1
ptiblico,1
diggingfor,1
illustrated,1
advancement,1
tens,1
purpose,1
civil,1
apparent,1
calls,1
preservationagency,1
comment,1
end,1
excessive,1
criticized,1
ten,1
loss,1
authenticity,1
politica,1
millions,1
demonstrates,1
mcgimsey,1
subthemes,1
actually,1
participated,1
statistics,1
vociferous,1
personal,1
weekly,1
away,1
reflect,1
surrounding,1
corollary,1
achieving,1
fieldwork,1
catskill,1
artifact,1
interpreted,1
visions,1
own,1
approach,1
evening,1
change,1
permit,1
statistically,1
attorney,1
legacy,1
commerce,1
working,1
recursos,1
questionable,1
wildly,1
involve,1
earmarks,1
impacting,1
senator,1
carol,1
box,1
flatteringly,1
contrast,1
obligatory,1
neutrallbalanced,1
stimulated,1
actitudes,1
glare,1
spanish,1
sufficient,1
separately,1
burdensome,1
lynne,1
components,1
county,1
civic,1
fosters,1
feelings,1
diversified,1
differing,1
impossible,1
dedicated,1
always,1
managed,1
inability,1
challengesfor,1
ment,1
proper,1
otros,1
roots,1
competing,1
geneseo,1
incumbent,1
twothirds,1
invest,1
documentacion,1
garnered,1
contributes,1
approximated,1
therefore,1
mejoramiento,1
related,1
he,1
forever,1
tread,1
stunningly,1
functioning,1
statewill,1
cdlculo,1
carried,1
letters,1
lesser,1
identified,1
incorrect,1
permits,1
service,1
located,1
overall,1
routinely,1
puede,1
play,1
acknowledged,1
harris,1
merits,1
oversight,1
exception,1
battleyields,1
above,1
says,1
trabajar,1
garden,1
indicates,1
orrobert,1
ofarchaeology,1
contiibute,1
periodicos,1
southern,1
betray,1
hold,1
year,1
riches,1
single,1
oneonta,1
nonarchaeologists,1
hoe,1
assessmenit,1
once,1
chronicle,1
communications,1
outlets,1
communities,1
ineffective,1
springs,1
solt,1
criticism,1
stalled,1
portrayed,1
fruition,1
fit,1
tremendous,1
recommendation,1
read,1
ulterior,1
suspicious,1
soon,1
insofar,1
chatham,1
preservationist,1
exposure,1
clash,1
challenged,1
selective,1
us,1
compiled,1
tax,1
participants,1
infrastructure,1
positively,1
developer,1
keeping,1
clusion,1
largest,1
insights,1
kath,1
recibe,1
forcefully,1
department,1
noted,1
speaking,1
ev,1
clipping,1
skeletons,1
percepciones,1
subjective,1
culturales,1
worst,1
constituency,1
organizations,1
lucid,1
name,1
managers,1
comfortable,1
hud,1
courageous,1
attacks,1
refelted,1
stronger,1
fell,1
timles,1
mark,1
again,1
academy,1
estacdo,1
preserve,1
deserves,1
similarly,1
financial,1
water,1
headquarters,1
analytical,1
anecdotal,1
locational,1
longer,1
subscribes,1
idea,1
treatment,1
insinuated,1
overwhelming,1
fundamental,1
scholars,1
areas,1
creative,1
belittle,1
attempting,1
reasoning,1
addrhessed,1
together,1
curtent,1
generalize,1
diverse,1
somewhere,1
john,1
justification,1
relacion,1
palliative,1
watertown,1
distrust,1
appropriately,1
foster,1
fashion,1
timeliness,1
discussed,1
advocacy,1
fiimly,1
likelihood,1
ground,1
developtable,1
thousands,1
misidentifying,1
continuing,1
decisionmakers,1
preservacion,1
existing,1
ensured,1
accepted,1
receives,1
unclear,1
michael,1
answer,1
council,1
deep,1
versaggi,1
nueva,1
downtown,1
frequency,1
gives,1
reflected,1
encountered,1
mill,1
thoroughly,1
degree,1
institutions,1
interpreting,1
verified,1
digests,1
demonstrated,1
acknowledgment,1
understanding,1
balance,1
exploring,1
investment,1
jameson,1
extended,1
esfiuerzos,1
discussion,1
piiblico,1
background,1
onerous,1
newyork,1
reportajes,1
range,1
bear,1
demonstrating,1
lake,1
delicate,1
desperate,1
previously,1
increase,1
safer,1
recover,1
concern,1
needing,1
caustic,1
glens,1
emphasize,1
factor,1
misguided,1
resulting,1
underestimates,1
questions,1
actual,1
recovery,1
nothing,1
merit,1
check,1
full,1
purposeful,1
enlighten,1
manejo,1
dismissed,1
issueoriented,1
dating,1
involves,1
described,1
legendary,1
open,1
directed,1
bumping,1
emphasizing,1
adding,1
authors,1
comprehensive,1
profession,1
maintenance,1
interpret,1
counter,1
held,1
vested,1
someone,1
started,1
reviewers,1
revised,1
tim,1
newsdav,1
so,1
responses,1
appointment,1
inadequacies,1
collected,1
administrative,1
filled,1
histoiical,1
latter,1
spent,1
deserve,1
conclusions,1
random,1
commentators,1
brightens,1
sensible,1
interpretations,1
saa,1
acquire,1
displayed,1
effect,1
sacred,1
abreast,1
confusing,1
judgement,1
seeking,1
probably,1
lynott,1
propiciar,1
slightly,1
participacion,1
equivalent,1
prods,1
bense,1
save,1
dismissive,1
ago,1
decicco,1
contacting,1
convincingly,1
widely,1
canl,1
ones,1
reluctant,1
visit,1
separate,1
fenton,1
medios,1
increasing,1
boards,1
esta,1
assigned,1
chances,1
today,1
assemblyman,1
succinctly,1
bureau,1
george,1
five,1
blatantly,1
stalls,1
testing,1
practitioners,1
grass,1
begin,1
destrezas,1
expeit,1
insufficient,1
misspellings,1
disagreements,1
becomes,1
excluding,1
concluding,1
collections,1
translation,1
deposit,1
eighteen,1
philosopher,1
importantly,1
dent,1
inadequate,1
try,1
indicate,1
responsible,1
yamin,1
united,1
recheck,1
table,1
enforced,1
lar,1
centuries,1
citizens,1
sympathy,1
examine,1
commenting,1
choosing,1
bad,1
conservation,1
comical,1
meant,1
siipo,1
archeology,1
contained,1
mistaking,1
growing,1
suite,1
overriding,1
tempting,1
skeleton,1
predictions,1
releases,1
demonstrate,1
extensive,1
turn,1
potter,1
known,1
scrutiny,1
ignore,1
aspire,1
carbondale,1
tenor,1
distlibution,1
appealing,1
verify,1
quickly,1
outcome,1
machinations,1
commonplace,1
readily,1
halt,1
expenditures,1
interested,1
cautiously,1
gone,1
leaders,1
down,1
confidential,1
expense,1
approvals,1
knowledgeable,1
report,1
particularly,1
politically,1
treasures,1
professoriate,1
exhibits,1
relocate,1
infringement,1
appreciative,1
benefit,1
associations,1
utilized,1
rural,1
recorder,1
works,1
living,1
humorous,1
instant,1
better,1
pushing,1
places,1
outlook,1
knows,1
scholarly,1
unlikely,1
economy,1
notable,1
affirm,1
carefully,1
investigation,1
month,1
oficina,1
reputations,1
want,1
academia,1
validate,1
portion,1
extent,1
correspondent,1
insightful,1
occasions,1
vehicle,1
bureaucratic,1
officialsrobert,1
require,1
avocationals,1
precedent,1
suggests,1
emphasis,1
hundreds,1
ascertain,1
hechas,1
targets,1
follies,1
engineer,1
portraying,1
recognition,1
protected,1
met,1
perpetuates,1
giving,1
newspaperjournalism,1
went,1
relocaterobert,1
taxpayer,1
sensationalist,1
divided,1
countiy,1
maintained,1
heading,1
writing,1
firms,1
aspect,1
schedule,1
contrasts,1
prepared,1
formar,1
permitting,1
until,1
models,1
recording,1
categorically,1
locations,1
unable,1
editor,1
difference,1
average,1
donald,1
illinois,1
numerous,1
charge,1
promoter,1
documentation,1
ended,1
contributed,1
offer,1
actively,1
approximately,1
recomnendaciones,1
define,1
files,1
states,1
values,1
product,1
seeks,1
area,1
continua,1
increased,1
postscript,1
anonymous,1
needs,1
reportaje,1
recolectados,1
potential,1
deciding,1
assumed,1
third,1
regularity,1
protested,1
charged,1
antiouity,1
vary,1
era,1
sharing,1
early,1
views,1
afectar,1
substantial,1
valley,1
ownership,1
treating,1
redesign,1
among,1
ends,1
north,1
unequivocal,1
changeth,1
loutish,1
compounding,1
christina,1
fostering,1
draft,1
occur,1
discern,1
