WORDCOUNTS,WEIGHT
the,745
of,619
and,460
in,301
to,203
a,202
fish,138
were,116
by,104
that,99
bison,96
on,96
from,89
plains,78
for,74
is,74
was,67
are,65
or,63
as,61
with,61
winter,60
edited,52
archaeological,51
not,50
pp,48
food,48
manitoba,46
parkland,45
j,43
subsistence,42
late,42
who,42
be,41
b,40
sites,40
an,39
no,38
this,38
use,37
university,37
have,37
at,36
large,36
r,36
northern,36
may,35
m,35
residues,35
l,34
saskatchewan,34
alberta,33
e,32
historic,32
meat,32
new,30
diet,29
southern,29
d,29
york,28
their,28
would,28
w,28
site,27
when,27
these,27
canada,27
avoidance,27
they,26
al,26
grassland,26
forest,26
peoples,26
et,25
grasslands,24
western,24
de,24
people,24
strategies,24
lean,24
resources,23
journal,23
during,23
hunters,23
malainey,23
transition,23
c,23
s,22
g,22
plant,22
american,21
if,20
other,20
identified,20
more,20
early,20
it,19
lipid,19
groups,19
hunting,19
river,19
most,19
only,19
spring,19
been,19
accounts,19
while,19
than,18
there,17
henry,17
those,17
located,17
evidence,17
remains,17
red,16
wintering,16
all,16
eating,16
strategy,16
could,16
los,16
but,16
foods,16
high,16
among,16
into,15
animals,15
faunal,15
zone,15
t,15
settlement,15
ethnographic,15
toronto,15
series,15
herds,15
effects,15
h,14
nomadic,14
central,14
fat,14
sherriff,14
patterns,14
wooded,14
upper,14
parklandand,13
foraging,13
some,13
bone,13
even,13
resource,13
fishing,13
record,13
p,13
abundant,13
can,13
associated,13
fetal,13
indians,13
north,13
vol,12
behavior,12
environments,12
show,12
followed,12
found,12
archaeology,12
precontact,12
boreal,12
period,12
them,12
camps,12
between,12
foragers,11
throughout,11
paleolithic,11
plenum,11
small,11
pottery,11
two,11
lake,11
anthropologist,11
malabsorption,11
antiquity,11
considered,11
canadian,11
vessel,11
o,10
available,10
human,10
n,10
energy,10
used,10
research,10
museum,10
fatty,10
native,10
which,10
after,10
analysis,10
paper,10
economy,10
herbivore,10
one,9
soffer,9
hudson,9
prehistoric,9
lived,9
eat,9
cultural,9
london,9
survey,9
also,9
smith,9
acids,9
k,9
species,9
indicate,9
grazing,9
specialized,9
very,9
although,9
alone,8
v,8
avonlea,8
such,8
unpublished,8
established,8
oklahoma,8
because,8
well,8
basis,8
y,8
protein,8
dried,8
culture,8
social,8
remained,8
range,8
eaten,8
percent,8
residue,8
spawning,8
regularly,8
any,8
did,8
utilized,8
little,8
world,8
norman,8
lockport,8
introduction,7
manuscript,7
modern,7
season,7
mercury,7
i,7
papers,7
condition,7
along,7
ray,7
stored,7
bay,7
acid,7
similar,7
study,7
house,7
exploited,7
had,7
out,7
journals,7
its,7
few,7
likely,7
absence,7
indian,7
avoided,7
europe,7
areas,7
occupations,7
model,7
where,7
ecology,7
situated,7
cree,7
trade,7
open,7
probably,7
we,7
hunt,7
european,7
provide,7
ottawa,7
over,7
thompson,7
both,7
through,7
extended,7
west,7
second,7
strong,7
observed,7
edge,6
formed,6
bp,6
source,6
negative,6
wintered,6
first,6
america,6
possible,6
fur,6
cumberland,6
que,6
expected,6
montana,6
memoir,6
adult,6
without,6
levels,6
parts,6
enabled,6
consequences,6
buffalo,6
important,6
occupation,6
criteria,6
seasonally,6
least,6
south,6
examined,6
switch,6
time,6
men,6
made,6
assemblages,6
low,6
saskatoon,6
so,6
summer,6
mammals,6
southwest,6
dietary,6
table,6
anthropological,6
known,6
anthropology,6
las,6
game,6
plants,6
vessels,6
reported,6
exploit,6
champlain,6
prolonged,6
provided,6
chicago,6
corn,6
focus,6
much,6
represent,5
bile,5
vickers,5
sudden,5
materials,5
consistent,5
humans,5
great,5
has,5
x,5
diversity,5
southwestern,5
component,5
identifications,5
general,5
higher,5
lebret,5
his,5
en,5
epp,5
proposed,5
prairie,5
tc,5
based,5
access,5
younger,5
required,5
hartley,5
preferred,5
issues,5
documented,5
quarterly,5
cold,5
suggest,5
presence,5
using,5
moved,5
variety,5
contact,5
inhabited,5
selection,5
newborn,5
under,5
majority,5
many,5
water,5
communal,5
deleterious,5
present,5
material,5
number,5
nutrition,5
traders,5
modem,5
grew,5
procurement,5
occupied,5
relative,5
la,5
stott,5
marrow,5
independent,5
science,5
primarily,5
fall,5
aboriginal,5
natural,5
report,5
post,5
gas,5
historical,5
february,5
less,5
information,5
prepared,5
models,5
national,5
regular,5
winnipeg,5
final,4
difficult,4
margins,4
expedition,4
now,4
syms,4
easily,4
studies,4
diffuse,4
either,4
sources,4
indicated,4
warm,4
able,4
vegetation,4
system,4
con,4
eastern,4
killed,4
prior,4
economies,4
ross,4
severe,4
dynamics,4
relatively,4
sjovold,4
clark,4
amount,4
excavations,4
influence,4
berries,4
identification,4
camp,4
importance,4
absorbed,4
numbers,4
opportunistic,4
recovered,4
appear,4
nebraska,4
beaver,4
basin,4
midden,4
missouri,4
sanderson,4
academic,4
tool,4
part,4
travelers,4
stores,4
year,4
long,4
lifeways,4
caza,4
periods,4
f,4
he,4
inhabitants,4
economic,4
make,4
southeast,4
morgan,4
thesis,4
unwin,4
included,4
experimental,4
department,4
lee,4
heritage,4
diverse,4
john,4
end,4
favorite,4
establish,4
flesh,4
necessary,4
var,4
assemblage,4
wood,4
vast,4
including,4
hypotheses,4
three,4
problems,4
lowie,4
january,4
macmillan,4
widely,4
testing,4
predict,4
life,4
kill,4
elder,4
stable,4
then,4
hypothesized,4
physical,4
pt,4
alternative,4
each,4
descriptions,4
oxford,4
living,4
phd,4
seasonal,4
presented,4
snow,4
cambridge,4
summary,4
potential,4
region,4
chromatography,4
point,4
produces,3
rate,3
convergence,3
common,3
consume,3
uplands,3
group,3
sturgeon,3
solutrean,3
total,3
aversion,3
pots,3
colon,3
lower,3
originally,3
ii,3
implications,3
calves,3
utilization,3
salmon,3
shay,3
origin,3
rich,3
onto,3
composition,3
take,3
last,3
contents,3
case,3
key,3
gros,3
gough,3
account,3
selkirk,3
duck,3
move,3
supply,3
far,3
horticultural,3
anticipated,3
digestion,3
adopted,3
meyer,3
old,3
symptoms,3
david,3
highest,3
served,3
kelly,3
rates,3
dawe,3
recognized,3
adequate,3
mortlach,3
how,3
remain,3
storms,3
se,3
aquatic,3
cazadores,3
factors,3
support,3
prehistory,3
weather,3
former,3
too,3
exploitation,3
dc,3
result,3
my,3
seven,3
illness,3
fuel,3
big,3
accurately,3
handbook,3
transactions,3
spielmann,3
tools,3
population,3
explain,3
fox,3
near,3
cows,3
possibility,3
forestadapted,3
directly,3
mem,3
wissler,3
praderas,3
related,3
caught,3
island,3
reflect,3
universally,3
change,3
published,3
speth,3
indicators,3
villagers,3
mitchell,3
pregnant,3
cool,3
decline,3
always,3
up,3
aschkibokahn,3
avoid,3
society,3
return,3
forbidden,3
april,3
preferences,3
fort,3
decisions,3
forts,3
garratt,3
tanner,3
reports,3
party,3
actually,3
lewis,3
toward,3
added,3
utilizing,3
pattern,3
man,3
physiological,3
chain,3
burch,3
until,3
por,3
diets,3
interpreting,3
aggregation,3
ethnology,3
campsite,3
increase,3
birds,3
medium,3
kostenki,3
rivers,3
recovery,3
hunted,3
advantages,3
shelter,3
compositions,3
health,3
held,3
like,3
black,3
latter,3
evolutionary,3
ate,3
remarkable,3
investigations,3
brown,3
abundance,3
continued,3
ecological,3
fear,3
hill,3
select,3
why,3
often,3
blood,3
months,3
clinical,3
increased,3
forests,3
practice,3
believed,3
several,3
ofalexanderhenry,3
mandelbaum,3
must,3
occurrences,3
blackduck,3
cooking,3
accustomed,3
exploiting,3
clearly,3
edible,3
better,3
person,3
form,3
particular,3
problem,3
herbivores,3
almost,3
herd,3
travel,3
aspen,3
became,3
role,3
mayor,3
techniques,3
ventre,3
our,3
shown,3
argument,3
years,3
digestive,3
biggame,3
supported,3
themselves,3
rejection,3
yesterday,3
develop,3
fellowship,3
close,3
hypothesis,3
order,2
inhibits,2
anthony,2
adopt,2
faced,2
kroeber,2
mountains,2
crossing,2
told,2
becoming,2
camping,2
complex,2
provisions,2
affective,2
walker,2
hair,2
comparisons,2
necessarily,2
organic,2
morlan,2
detected,2
women,2
test,2
experience,2
file,2
cabin,2
upland,2
beneficial,2
pink,2
identifying,2
manitobaarchaeology,2
taken,2
magra,2
nature,2
company,2
archaeologically,2
invierno,2
desire,2
forage,2
resulting,2
inland,2
developmental,2
feature,2
fresh,2
state,2
precisely,2
adventures,2
california,2
decreased,2
within,2
el,2
ad,2
posts,2
nunamiut,2
plain,2
sought,2
placement,2
esters,2
prepas,2
calculated,2
establishment,2
desirable,2
wallace,2
sheltered,2
mid,2
conflict,2
phase,2
ice,2
relationships,2
interior,2
against,2
scarce,2
movement,2
concentrations,2
z,2
distinct,2
items,2
body,2
young,2
dates,2
honour,2
third,2
drives,2
diarrhea,2
terrace,2
percentage,2
walls,2
crow,2
poor,2
parklands,2
philadelphia,2
americans,2
rather,2
absent,2
across,2
pemmican,2
una,2
risk,2
certain,2
generally,2
ceramics,2
selected,2
ofarchaeological,2
umfreville,2
lea,2
gathering,2
making,2
means,2
reason,2
modified,2
acquisition,2
assiniboin,2
affect,2
females,2
organization,2
benefits,2
elsewhere,2
days,2
hurtig,2
traces,2
northeastern,2
prevent,2
four,2
superior,2
follow,2
tourism,2
coldest,2
pleistocene,2
preference,2
suggested,2
view,2
greater,2
concentration,2
location,2
six,2
taboo,2
sedentary,2
requirements,2
glacial,2
thearchaeology,2
fisher,2
priorities,2
applied,2
excellent,2
russell,2
belan,2
directions,2
method,2
flannery,2
horticulture,2
del,2
future,2
apparent,2
kogan,2
primavera,2
springspawning,2
woodland,2
loss,2
place,2
northwest,2
broad,2
reduces,2
personal,2
fieldwork,2
latitudes,2
carne,2
attributed,2
lakes,2
regions,2
earth,2
optimal,2
below,2
hired,2
trading,2
plainsanthropologist,2
melted,2
sufficient,2
june,2
smithsonian,2
highly,2
suddenly,2
herb,2
coast,2
cattle,2
caucasians,2
results,2
roots,2
value,2
massive,2
critical,2
san,2
reduced,2
vergroesen,2
short,2
gradual,2
horses,2
ten,2
steatorrhea,2
oxidative,2
peces,2
indicates,2
kills,2
about,2
switching,2
marginal,2
restricted,2
us,2
bushfield,2
desovan,2
hearne,2
decomposition,2
ceramic,2
french,2
factory,2
journey,2
others,2
fatrich,2
september,2
lack,2
consideration,2
wanipigow,2
seasonality,2
layer,2
children,2
contemporary,2
jump,2
utilize,2
starvation,2
recolectores,2
do,2
innovative,2
existing,2
blackfoot,2
council,2
woman,2
narrative,2
exceeds,2
encountered,2
hunts,2
glenrock,2
methanol,2
understanding,2
decreases,2
sensory,2
supplies,2
considering,2
trader,2
depended,2
samples,2
traded,2
faunalanalysis,2
wascana,2
magdalenian,2
pyrenees,2
described,2
sherd,2
discussed,2
peter,2
amounts,2
individual,2
keep,2
kept,2
proximity,2
provides,2
never,2
spent,2
become,2
effect,2
availability,2
adaptations,2
hind,2
adaptive,2
decision,2
lipidos,2
dogs,2
carried,2
suffering,2
southernalberta,2
lo,2
theyounger,2
george,2
mixture,2
kiowas,2
five,2
eighteenthand,2
groves,2
trait,2
referred,2
lost,2
carbohydrates,2
arapaho,2
lipids,2
henday,2
existed,2
suggestions,2
solitary,2
nutritional,2
consensus,2
sherds,2
offers,2
country,2
readily,2
protohistoric,2
best,2
accommodate,2
chris,2
impurities,2
cantabrian,2
rely,2
devore,2
reflected,2
differed,2
following,2
william,2
valleys,2
longmoor,2
unique,2
adults,2
supports,2
comanches,2
methyl,2
consisting,2
reprints,2
morkin,2
frison,2
ellanna,2
extract,2
ananalysis,2
project,2
migrations,2
produce,2
suggests,2
categories,2
size,2
middle,2
manitobaarchaeologists,2
preserved,2
content,2
exploring,2
rationale,2
adapted,2
plainsadapted,2
winterhalder,2
metabolic,2
wild,2
unable,2
average,2
zones,2
conditions,2
grant,2
aware,2
macdonell,2
offer,2
land,2
enabling,2
consumption,2
manufacture,2
france,2
gregarious,2
association,2
needs,2
offered,2
modeling,2
removed,2
drying,2
consisted,2
maximum,2
should,2
sent,2
estrategias,2
deeper,2
tisdale,1
asociados,1
ounces,1
bondrisftelans,1
hudsonhouse,1
dung,1
winds,1
does,1
ending,1
thether,1
portuguese,1
thwarted,1
currently,1
provisioning,1
way,1
propuestas,1
tres,1
arctic,1
till,1
tribesmen,1
degraded,1
go,1
cementum,1
resulted,1
sieveking,1
determine,1
campamentos,1
measures,1
sshrc,1
cholesterol,1
usados,1
connecticut,1
germany,1
farrar,1
contemporaneous,1
reflection,1
settlements,1
methodology,1
excretes,1
speculated,1
carbono,1
oportunista,1
denied,1
properly,1
identify,1
tend,1
prime,1
europeos,1
true,1
ways,1
ambientes,1
aversions,1
enticed,1
tents,1
ceremonial,1
ffi,1
afghanistan,1
explanatory,1
gamble,1
history,1
simoons,1
habits,1
pasture,1
editedby,1
thepleistocene,1
curators,1
ethnoarchaeological,1
before,1
mcclellan,1
chandler,1
attractiveness,1
chief,1
hydrochloric,1
fescue,1
root,1
fires,1
brandon,1
peaked,1
round,1
said,1
fabric,1
else,1
morton,1
specifically,1
every,1
implements,1
letters,1
genetic,1
concentrated,1
diego,1
kilometers,1
rapid,1
chloroform,1
weniger,1
reptiles,1
rational,1
shortage,1
diseases,1
esperence,1
seems,1
supplied,1
containing,1
handling,1
incorporating,1
prejudices,1
tradition,1
nacidos,1
probar,1
assess,1
advantage,1
broken,1
daily,1
accompanied,1
reasons,1
july,1
accumulated,1
producing,1
verdes,1
nos,1
coherentes,1
link,1
procedure,1
hanna,1
ready,1
yearbook,1
analyst,1
intestine,1
help,1
sinew,1
expanses,1
unmentionable,1
resorting,1
stand,1
sacred,1
marine,1
basquiau,1
robert,1
normal,1
detection,1
hipotesis,1
somewhat,1
captivity,1
trials,1
triggered,1
historically,1
evaluation,1
sociallifeanthropological,1
occasional,1
moisture,1
rolls,1
behavioral,1
portugal,1
glaciation,1
intrusive,1
cerdmica,1
foocmalainey,1
dnestr,1
krotova,1
incorporate,1
march,1
jumping,1
sepeutrionales,1
quantities,1
holocene,1
determined,1
electrolyte,1
activity,1
pronghom,1
illustrate,1
paucity,1
chesterjield,1
hungry,1
establishing,1
positioned,1
consumers,1
occupy,1
abstract,1
apache,1
gallstones,1
barry,1
taking,1
combination,1
except,1
cited,1
still,1
considerably,1
solo,1
furs,1
informes,1
letter,1
dysentary,1
kiowa,1
collection,1
utility,1
lindes,1
thelatermagdalenian,1
subsist,1
watrall,1
regarding,1
natives,1
goal,1
associations,1
restos,1
includes,1
pools,1
married,1
hazards,1
dependence,1
oily,1
canadiana,1
thence,1
estimating,1
spectrum,1
immediate,1
development,1
quality,1
consumed,1
due,1
analyzing,1
incessantly,1
paw,1
ethnohistorical,1
indican,1
regarded,1
ability,1
sp,1
presenten,1
consumer,1
occurs,1
afford,1
price,1
characteristic,1
jr,1
commencing,1
sample,1
mild,1
extensively,1
dence,1
affairs,1
exhausted,1
norte,1
midcontinental,1
palaeolithic,1
wiley,1
transitional,1
unity,1
turnip,1
bulls,1
cases,1
mixed,1
nor,1
ct,1
rejecting,1
enhancement,1
frequented,1
sask,1
fond,1
digested,1
extraordinary,1
allowing,1
suitable,1
roamed,1
compared,1
cohen,1
comanche,1
witnessed,1
publications,1
find,1
losey,1
geological,1
accompaniment,1
archaeologist,1
hoes,1
unresolved,1
communication,1
adaptados,1
look,1
komfeld,1
waterways,1
negating,1
scarcity,1
border,1
identificaciones,1
coasts,1
climates,1
confmed,1
function,1
handful,1
adjust,1
turkic,1
cites,1
zonas,1
payoff,1
incentive,1
fishingoriented,1
failed,1
seventh,1
ers,1
compositionalanalysis,1
assessed,1
sixteen,1
oeste,1
what,1
scapula,1
whose,1
essential,1
german,1
unstirred,1
theassiniboine,1
journeyed,1
lamb,1
russian,1
operations,1
ox,1
blew,1
ml,1
links,1
grundy,1
troubled,1
socalled,1
compatible,1
postcontact,1
edward,1
breadth,1
demonstrates,1
basic,1
communally,1
powdered,1
reher,1
reitano,1
capture,1
crest,1
graze,1
represented,1
killing,1
cherchez,1
accurate,1
supplement,1
legal,1
southcentral,1
loses,1
locations,1
beneficioso,1
costs,1
direct,1
suited,1
intertribal,1
winters,1
stability,1
jeopardize,1
lacking,1
scales,1
fromyork,1
white,1
predation,1
arbor,1
reinforce,1
miscellaneous,1
risks,1
guides,1
thickener,1
references,1
solutions,1
suffered,1
perceptions,1
aprovecharon,1
flatheads,1
ensure,1
cause,1
possibly,1
organized,1
yellow,1
slowly,1
emergence,1
sick,1
interim,1
independientes,1
dominate,1
gradually,1
weak,1
bain,1
argued,1
yearsamong,1
threat,1
frozen,1
benefited,1
situations,1
metabolize,1
atwanipigow,1
motivates,1
commonly,1
prehistorichunters,1
continual,1
surface,1
avert,1
peninsula,1
position,1
relatos,1
archeological,1
permanent,1
destructive,1
approached,1
dominant,1
care,1
sod,1
wyoming,1
warmer,1
dispersion,1
amazing,1
grupos,1
souris,1
yielding,1
standards,1
especializados,1
bl,1
came,1
azilian,1
lead,1
pounds,1
migrant,1
afur,1
declined,1
societies,1
transient,1
acknowledgments,1
search,1
color,1
traditionally,1
discrete,1
inappropriate,1
plantea,1
effort,1
nutrients,1
replica,1
circa,1
facilitate,1
initial,1
gastroenterology,1
base,1
liver,1
horse,1
schwarcz,1
further,1
dressed,1
understood,1
subsisted,1
metabolism,1
block,1
michigan,1
ro,1
appears,1
absorption,1
walde,1
dieciocho,1
cannot,1
meet,1
analogous,1
appearing,1
instrathcona,1
cookingmalainey,1
rations,1
parkiand,1
stews,1
ofthehighplainsacademic,1
dwellers,1
utilizacion,1
dietetics,1
oo,1
pradera,1
centralrussianplainacademic,1
warriors,1
flathead,1
provincial,1
minimal,1
coursed,1
zoltai,1
llanura,1
animales,1
degrees,1
andadaptiveness,1
atlas,1
quart,1
formerly,1
rotary,1
reinterpreting,1
bounded,1
fragmented,1
received,1
dissatisfaction,1
theanalysis,1
significantly,1
fished,1
heavily,1
occupants,1
marsh,1
hundreds,1
appreciable,1
tributary,1
proportions,1
indigenous,1
denig,1
data,1
paleoenvironments,1
copyright,1
predominantly,1
determiner,1
describe,1
millions,1
blizzards,1
faint,1
being,1
participated,1
nal,1
ontario,1
inferred,1
versatile,1
pallotepallors,1
entered,1
reconstructing,1
dakota,1
estrategia,1
rowe,1
nuzzle,1
recien,1
predictive,1
towards,1
absorb,1
violated,1
soup,1
ancestral,1
precipitation,1
expended,1
staple,1
good,1
grasa,1
shoshone,1
running,1
solution,1
chinook,1
indicator,1
fulfilled,1
recursos,1
diminish,1
waterfowl,1
usaron,1
unexpected,1
parklandor,1
evershed,1
tested,1
canoe,1
level,1
amphibious,1
le,1
clothes,1
anoptimal,1
submit,1
goldeye,1
ingested,1
spanish,1
ignore,1
migrating,1
components,1
efectos,1
grow,1
postdoctoral,1
settlementpatterns,1
peak,1
fire,1
choosing,1
ancestors,1
alluvial,1
usual,1
villages,1
philip,1
reeves,1
tttc,1
fats,1
consecuentes,1
inability,1
weiss,1
ecologicalbasis,1
herramientas,1
jumps,1
hayden,1
proper,1
fidler,1
odors,1
appropriate,1
thelateprehistoric,1
pehonan,1
gross,1
preliminary,1
flour,1
inhumans,1
pot,1
cascade,1
valuable,1
lend,1
smashed,1
masa,1
cite,1
will,1
portion,1
therefore,1
churchill,1
led,1
furnished,1
approximate,1
spoilage,1
ramifications,1
borden,1
columbiauniversity,1
laurel,1
various,1
alleviated,1
doctoral,1
mechanisms,1
wrote,1
hide,1
service,1
cai,1
observations,1
deadly,1
argues,1
harris,1
ethnos,1
cuisine,1
object,1
reduce,1
converted,1
stratigraphy,1
evitaban,1
reconstruction,1
starve,1
completely,1
expanded,1
surviving,1
comments,1
standing,1
przybylski,1
wind,1
outer,1
womb,1
adjusting,1
aldine,1
fueron,1
measure,1
pastoralists,1
engineering,1
illuminating,1
mammal,1
americanos,1
instalaban,1
colecciones,1
usarfetos,1
accumulate,1
forager,1
pacific,1
lbs,1
yet,1
interpretation,1
vegetables,1
reference,1
outlining,1
opportunities,1
inamerican,1
fatand,1
burpee,1
makes,1
geochronology,1
serve,1
soon,1
amalainey,1
east,1
mobile,1
pastoreo,1
treed,1
times,1
neither,1
chances,1
abel,1
ancient,1
idaho,1
compiled,1
johnwiley,1
processing,1
fringes,1
hydroxylated,1
light,1
poison,1
nutritionally,1
upperpaleolithic,1
invernal,1
lowton,1
intercepting,1
shnirelman,1
rabbit,1
fatdepleted,1
outlined,1
encampments,1
turnips,1
bushels,1
mollusc,1
kettle,1
confirmed,1
reliance,1
regional,1
useful,1
act,1
metis,1
piccaneau,1
dm,1
reach,1
name,1
ofresearchfrom,1
deterred,1
yacimientos,1
pembina,1
nicholson,1
kh,1
thank,1
death,1
tisstuy,1
approaching,1
trapping,1
crees,1
addition,1
glenrockbison,1
powder,1
campsites,1
shows,1
longer,1
main,1
idea,1
valid,1
limit,1
religious,1
preserve,1
deterioration,1
head,1
relates,1
clarendon,1
departments,1
misinterpretation,1
totals,1
appeared,1
repentino,1
attempting,1
enable,1
together,1
adjusts,1
zilhao,1
emulsify,1
hidratos,1
largo,1
everything,1
estdn,1
andaboriginal,1
seldom,1
debilitados,1
fragments,1
external,1
borziyak,1
conclusions,1
behind,1
adjacent,1
likelihood,1
depleting,1
increases,1
covered,1
operating,1
stalking,1
validity,1
accepted,1
vulnerable,1
inhospitable,1
immature,1
minneapolis,1
incursions,1
survival,1
preparation,1
strauss,1
hamilton,1
como,1
distance,1
psychobiology,1
free,1
remarkably,1
day,1
ricos,1
anticipate,1
canadausing,1
palatability,1
dieta,1
another,1
local,1
riparian,1
cazaban,1
analyzed,1
collecting,1
glue,1
ignored,1
meaningful,1
antelope,1
oil,1
discussion,1
vez,1
disease,1
minimizing,1
bls,1
survive,1
examples,1
background,1
newyork,1
explanation,1
locate,1
maximized,1
extracted,1
thenorthwesternplains,1
scorned,1
previously,1
siguieron,1
forested,1
warming,1
europeans,1
findings,1
grosventres,1
fed,1
andprehistory,1
roja,1
operated,1
virtually,1
began,1
products,1
net,1
processes,1
lifestyle,1
nothing,1
continue,1
merit,1
steppe,1
trip,1
option,1
samuel,1
avi,1
vermillion,1
roberts,1
boscosos,1
mellars,1
isomers,1
clear,1
urbana,1
increment,1
flynn,1
publication,1
xploited,1
weir,1
cambio,1
goad,1
maintenance,1
formulas,1
co,1
impregnated,1
travels,1
allowed,1
currentanthropology,1
characterized,1
reviewers,1
hanis,1
revised,1
eai,1
played,1
collected,1
exactamente,1
stages,1
keene,1
rozin,1
asindiartledy,1
excavated,1
preservation,1
amino,1
assiniboine,1
leg,1
margin,1
especially,1
borderline,1
internal,1
ideational,1
trying,1
finalreportofthe,1
interpretations,1
ann,1
replenished,1
structure,1
navaho,1
improbable,1
slightly,1
differ,1
saulteaux,1
spain,1
attracted,1
fell,1
institution,1
withhistoric,1
negligible,1
pasaban,1
pescado,1
recuperate,1
onfile,1
examines,1
grandes,1
lovstrom,1
increasing,1
greenwood,1
consists,1
accepting,1
kaplan,1
para,1
deck,1
dual,1
absorbing,1
belonged,1
perspectives,1
africa,1
humanities,1
bureau,1
she,1
involving,1
movements,1
simulated,1
sometimes,1
washed,1
usually,1
macgregor,1
selections,1
claimed,1
biliary,1
catholic,1
tundra,1
edmontonhouse,1
huntergatherer,1
thermal,1
fewer,1
insufficient,1
schwabe,1
bulletin,1
slow,1
off,1
un,1
seen,1
relations,1
strongly,1
degradation,1
sr,1
tributaries,1
wilson,1
remaining,1
verifies,1
amusement,1
construction,1
researcher,1
united,1
charlottesville,1
alimentos,1
extremely,1
types,1
creatures,1
exists,1
prager,1
articles,1
earliest,1
benefitted,1
freshwater,1
dissertation,1
residuos,1
acquired,1
undertook,1
environment,1
alrededores,1
duncan,1
contained,1
latest,1
kamchatka,1
dispersed,1
cuando,1
exemplified,1
ethnoarchaeology,1
orlando,1
regulated,1
ryerson,1
ever,1
detail,1
slope,1
avoidances,1
homeostatically,1
urea,1
temple,1
equipment,1
drew,1
estas,1
set,1
quickly,1
berkeley,1
unavailable,1
synthesizes,1
vy,1
refused,1
culturalecology,1
lcaionofsiesusedi,1
guaranteed,1
ration,1
sintomas,1
different,1
methodist,1
december,1
inclined,1
global,1
connection,1
seem,1
believe,1
recipientes,1
nets,1
ubiquitous,1
alexander,1
mamiferos,1
appendix,1
klein,1
thenorthern,1
harvest,1
ideological,1
particularly,1
prairieforest,1
reliability,1
itmalainey,1
benefit,1
generalized,1
tal,1
jg,1
numbermalainey,1
adler,1
just,1
interactive,1
merely,1
ideally,1
places,1
animal,1
crows,1
according,1
realize,1
unlikely,1
explanations,1
estremadura,1
carefully,1
investigation,1
whether,1
furnishes,1
beaten,1
wakashan,1
hoingth,1
cnaa,1
want,1
comer,1
males,1
dallas,1
maintain,1
covers,1
sus,1
dentitions,1
passed,1
remove,1
theory,1
ripe,1
shortages,1
recycling,1
extent,1
diversa,1
supplemented,1
pettipas,1
repetitive,1
complexity,1
periphery,1
healthy,1
secure,1
equator,1
intake,1
motility,1
erikson,1
emphasis,1
contain,1
bacteria,1
translated,1
son,1
northwestern,1
almacenados,1
transport,1
ill,1
prehis,1
affecting,1
slopes,1
despite,1
underm,1
practices,1
alternatives,1
press,1
november,1
dental,1
plans,1
step,1
simply,1
feeds,1
jour,1
emaciated,1
theirneighbours,1
clothing,1
pound,1
detailed,1
catches,1
syndrome,1
mcclelland,1
huntergatherers,1
oric,1
susceptible,1
aftei,1
northeast,1
fattest,1
formation,1
devoted,1
soft,1
ungulates,1
obliged,1
breaks,1
invisible,1
ojibwa,1
difference,1
indeflnitely,1
caloric,1
donald,1
prolongada,1
decrease,1
illinois,1
temperature,1
strikingly,1
kobold,1
mode,1
newsletter,1
pleistoceneholocene,1
advantageous,1
lescing,1
whiten,1
include,1
hunter,1
solvents,1
need,1
ndth,1
constructed,1
willing,1
smaller,1
states,1
northamericanindians,1
apes,1
attempted,1
recourse,1
muestran,1
conimunal,1
maximization,1
area,1
fue,1
cost,1
francisco,1
shift,1
dryed,1
nomadism,1
traveling,1
anonymous,1
inclination,1
territories,1
stools,1
themalainey,1
aggregations,1
tribes,1
eurasians,1
debate,1
sharing,1
rocky,1
partial,1
substantial,1
exclusively,1
predictable,1
valley,1
entire,1
uso,1
given,1
interaction,1
abandoned,1
traditional,1
immediately,1
spectroscopy,1
pakistan,1
whenever,1
ab,1
digest,1
calories,1
tired,1
broader,1
lithogenic,1
southeastern,1
major,1
occur,1
historicos,1
continuously,1
