WORDCOUNTS,WEIGHT
the,622
of,447
and,338
in,242
to,142
a,137
is,123
as,101
are,87
from,68
be,61
culture,59
this,58
w,52
new,52
on,51
at,50
by,48
or,47
may,43
picosa,41
no,41
with,41
that,39
southwest,39
period,38
it,37
northern,36
stone,35
western,35
projectile,34
level,33
for,31
materials,31
z,30
american,29
sector,29
early,29
other,28
late,28
its,28
vol,27
but,27
data,26
san,26
which,26
point,24
southwestern,24
mexico,24
not,24
southern,23
desert,23
evidence,23
most,22
ground,22
area,22
common,21
development,21
cave,21
an,21
been,21
pp,20
these,20
more,20
cultures,20
sites,19
cochise,19
has,18
preceramic,18
lake,18
use,18
include,18
certain,17
system,16
than,16
cultural,16
two,16
pattern,16
very,16
those,15
was,15
limited,15
points,15
probably,15
known,15
evidently,15
southeastern,15
i,14
there,14
such,14
relatively,14
bc,14
rare,14
salt,14
both,14
city,14
have,14
specific,14
arizona,14
available,13
central,13
characteristic,13
developments,13
rather,13
irwin,13
chipped,13
traits,13
principally,13
time,13
considered,13
colorado,13
although,13
c,13
they,12
j,12
great,12
some,12
santa,12
subsistence,12
represented,12
earlier,12
chiricahua,12
basin,12
well,12
toward,12
present,12
analysis,12
ventana,12
numerous,12
should,12
h,11
ii,11
continuum,11
general,11
recognized,11
levels,11
typical,11
tools,11
etc,11
also,11
bat,11
end,11
contemporary,11
widespread,11
grinding,11
types,11
simple,10
somewhat,10
implements,10
poorly,10
cd,10
concept,10
part,10
stemmed,10
forms,10
adjacent,10
archaic,10
little,10
one,9
into,9
before,9
side,9
site,9
jennings,9
similar,9
pedro,9
technology,9
under,9
regional,9
areas,9
patterns,9
basic,9
less,9
california,9
internal,9
class,9
must,9
termed,9
later,8
e,8
elementary,8
long,8
nature,8
hunting,8
styles,8
within,8
possible,8
conceptual,8
antevs,8
scrapers,8
artifacts,8
comprises,8
several,8
research,8
flake,8
same,8
members,8
made,8
were,8
anasazi,8
historic,8
detailed,8
spatial,8
typology,8
between,8
groups,7
represent,7
complex,7
planes,7
localities,7
existence,7
u,7
x,7
choppers,7
unity,7
b,7
surface,7
m,7
term,7
near,7
distinguish,7
horticulture,7
related,7
synthesis,7
about,7
considerable,7
local,7
three,7
mountain,7
structure,7
chronologic,7
seen,7
antiquity,7
diagnostic,7
fe,7
information,7
northwestern,7
recent,7
o,6
large,6
closely,6
relations,6
slabs,6
whose,6
danger,6
distinct,6
university,6
possibly,6
established,6
origins,6
important,6
discrete,6
r,6
broad,6
portions,6
units,6
above,6
yet,6
museum,6
included,6
ceramic,6
pressure,6
variation,6
discussion,6
significance,6
relation,6
can,6
archaeology,6
collections,6
similarities,6
cr,6
complexes,6
temporal,6
particularly,6
type,6
distribution,6
while,6
suggests,6
much,6
occur,6
now,5
red,5
history,5
cutting,5
certainly,5
all,5
el,5
representing,5
convex,5
framework,5
serration,5
includes,5
magic,5
bone,5
kind,5
absent,5
percussion,5
creek,5
unifacial,5
recovered,5
exploitation,5
though,5
burial,5
wide,5
basis,5
reflect,5
employed,5
p,5
excavated,5
few,5
still,5
only,5
many,5
treatment,5
model,5
rio,5
continue,5
low,5
their,5
christian,5
sensitive,5
united,5
heavy,5
survivals,5
denver,5
distinctive,5
terms,5
form,5
seasonal,5
role,5
ultimately,5
entity,5
camps,5
typically,5
d,5
sectors,5
era,5
valley,5
cienega,5
stylistic,4
likewise,4
bifacial,4
considerations,4
spatulate,4
taken,4
actual,4
pinto,4
mogollon,4
context,4
eastern,4
resources,4
inventory,4
apex,4
campbell,4
millennium,4
influence,4
possession,4
bifaces,4
armijo,4
importance,4
direct,4
scattered,4
frequently,4
occupied,4
comprising,4
suggested,4
problem,4
prehistoric,4
uj,4
base,4
excavations,4
population,4
contiguous,4
haury,4
blade,4
knowledge,4
during,4
perishable,4
personal,4
il,4
trends,4
alluvial,4
periods,4
f,4
second,4
conforming,4
variety,4
movement,4
already,4
noted,4
death,4
christ,4
demographic,4
lack,4
larger,4
relevant,4
perhaps,4
shifts,4
mortars,4
classes,4
examples,4
assemblages,4
rinaldo,4
strongly,4
significant,4
jose,4
co,4
characterized,4
plant,4
features,4
configurations,4
martin,4
moist,4
shallow,4
slightly,4
tendency,4
relative,4
widely,4
hunt,4
pestles,4
millennia,4
earliest,4
increased,4
growing,4
series,4
geographic,4
notches,4
natural,4
seem,4
best,4
ir,4
generalized,4
whether,4
rose,4
extent,4
varieties,4
cl,4
through,4
techniques,4
spring,4
position,4
states,4
derive,4
chicago,4
among,4
comparable,4
north,4
deeper,4
possessed,3
considerably,3
group,3
becoming,3
rogers,3
total,3
diffusion,3
first,3
attempt,3
seems,3
s,3
wooden,3
last,3
date,3
decreased,3
majority,3
globe,3
bases,3
ornamentation,3
functions,3
perforators,3
west,3
reflecting,3
sand,3
relationships,3
dynamics,3
unpublished,3
de,3
basal,3
sample,3
dick,3
underlying,3
refer,3
back,3
scapula,3
reflects,3
l,3
accurate,3
flexible,3
parts,3
special,3
objects,3
n,3
numbers,3
upper,3
orientation,3
show,3
indications,3
favorable,3
utah,3
permanent,3
view,3
character,3
based,3
found,3
deal,3
harrington,3
big,3
further,3
directly,3
tool,3
denticulates,3
example,3
whole,3
structures,3
least,3
indicator,3
straight,3
knives,3
awls,3
newly,3
developmental,3
nonceramic,3
analytic,3
reduced,3
mesa,3
grande,3
indicates,3
single,3
interment,3
continuity,3
cristo,3
outlined,3
tanner,3
climatic,3
rock,3
fact,3
documented,3
where,3
derivation,3
material,3
deep,3
assemblage,3
number,3
outlines,3
comprise,3
range,3
trend,3
radiocarbon,3
dominated,3
divisions,3
high,3
distinction,3
after,3
latter,3
stahl,3
systems,3
la,3
depth,3
primarily,3
trait,3
indicate,3
stratified,3
thick,3
coiled,3
stratigraphic,3
then,3
any,3
ecologic,3
over,3
each,3
specialized,3
ui,3
ecology,3
economy,3
yield,3
almost,3
emphasis,3
recognition,3
despite,3
metapodial,3
isolated,3
wild,3
until,3
sangre,3
mode,3
parallels,3
defined,3
lj,3
major,3
gourd,3
miller,2
difficult,2
woven,2
if,2
generated,2
functional,2
utility,2
pendants,2
easily,2
studies,2
geometric,2
contexts,2
predominantly,2
lower,2
member,2
either,2
creation,2
production,2
exaggerated,2
originally,2
diego,2
spencer,2
worked,2
definition,2
secondary,2
suggesting,2
accumulated,2
origin,2
studied,2
reed,2
willow,2
tularosa,2
precisely,2
rockshelters,2
complicated,2
ad,2
plains,2
geologic,2
demography,2
prior,2
slight,2
variations,2
tied,2
overlaps,2
throughout,2
component,2
spectrum,2
g,2
corner,2
application,2
employing,2
chihuahua,2
parallelism,2
elements,2
old,2
concerning,2
butte,2
difficulty,2
inclusion,2
third,2
mohave,2
tentatively,2
wet,2
understood,2
dieguito,2
phases,2
essential,2
without,2
zw,2
angeles,2
unit,2
cremation,2
hakataya,2
study,2
space,2
gathering,2
modified,2
plus,2
consider,2
river,2
linked,2
proved,2
record,2
northeastern,2
lithic,2
albuquerque,2
beyond,2
comparisons,2
flakes,2
providing,2
appear,2
lodaiska,2
greater,2
pursuits,2
medallion,2
midden,2
diet,2
outset,2
occupation,2
traced,2
caves,2
circular,2
recently,2
produced,2
cannot,2
publications,2
amenable,2
representatives,2
method,2
possibility,2
briefly,2
failure,2
used,2
received,2
los,2
nonspecific,2
protected,2
place,2
cane,2
constitute,2
winter,2
bid,2
artifact,2
memoirs,2
t,2
regions,2
flaking,2
outline,2
suggest,2
stage,2
settlement,2
emerging,2
involved,2
small,2
essentially,2
distinguished,2
boundaries,2
impossible,2
annual,2
generally,2
results,2
proper,2
preliminary,2
cairn,2
fiber,2
society,2
subsequently,2
portion,2
onward,2
community,2
formative,2
agogino,2
dwellings,2
make,2
hester,2
structural,2
historicogenetic,2
serve,2
processing,2
iz,2
hay,2
increasingly,2
others,2
amerind,2
flat,2
addition,2
added,2
consideration,2
hollow,2
fundamental,2
seasonality,2
foods,2
abstract,2
bluff,2
man,2
external,2
gypsum,2
sayles,2
validity,2
existing,2
coincident,2
original,2
exhibit,2
survive,2
treated,2
drills,2
including,2
largely,2
products,2
evolution,2
examination,2
synthetic,2
archaeological,2
ellis,2
function,2
summer,2
serves,2
practiced,2
probable,2
thomas,2
splinter,2
artificial,2
become,2
hunters,2
differ,2
slab,2
pottery,2
increasing,2
reliable,2
depressed,2
change,2
independent,2
xw,2
sometimes,2
usually,2
bifacially,2
lost,2
recognize,2
often,2
dead,2
ing,2
exists,2
itself,2
middens,2
detail,2
burned,2
rarely,2
simply,2
atrisco,2
phillips,2
here,2
equation,2
integrative,2
stem,2
paper,2
culturehistorical,2
euler,2
report,2
beginning,2
game,2
proceedings,2
temporally,2
adaptation,2
tending,2
too,2
vessels,2
dimly,2
occasionally,2
multiple,2
content,2
models,2
jemez,2
national,2
proceeding,2
basketmaker,2
attributes,2
engraving,2
association,2
shift,2
classification,2
summary,2
vary,2
stemming,2
menasha,2
import,2
focus,2
duration,2
scanty,2
indicating,2
cordova,1
overlaid,1
final,1
entities,1
supremely,1
metapoidal,1
oriented,1
limits,1
undoubtedly,1
indicated,1
names,1
elusively,1
designated,1
created,1
separated,1
handstones,1
culminated,1
berkeley,1
extend,1
environmental,1
legitimate,1
intriguing,1
combine,1
ultimate,1
originating,1
pqc,1
stands,1
debris,1
needed,1
replaced,1
shoulders,1
zit,1
tend,1
word,1
formed,1
eclectic,1
sets,1
mexican,1
completely,1
notched,1
park,1
bajada,1
former,1
undertaken,1
fixed,1
split,1
subtypes,1
variants,1
connotations,1
monograph,1
source,1
sequential,1
practices,1
being,1
consistent,1
attribute,1
awkwardness,1
stressed,1
sources,1
exist,1
every,1
bly,1
press,1
attempts,1
terrain,1
permanently,1
action,1
glimpsed,1
trinidad,1
acronym,1
delineation,1
disunited,1
reach,1
operationally,1
affinities,1
individuals,1
tradition,1
serrates,1
shoulder,1
display,1
confusion,1
macneish,1
gradual,1
producing,1
lumped,1
inqua,1
farther,1
scheme,1
room,1
uncovered,1
locality,1
resulting,1
promontory,1
take,1
graham,1
niche,1
subsequent,1
lengthened,1
feature,1
kiamath,1
rudimentary,1
emphasized,1
greatly,1
concepts,1
portales,1
principal,1
robert,1
zwc,1
normal,1
confused,1
papers,1
students,1
effigy,1
bulbous,1
proceed,1
synchronic,1
sophisticated,1
deepand,1
gaming,1
abbreviated,1
llj,1
recorded,1
guidelines,1
primary,1
tenth,1
rests,1
addresses,1
ova,1
custom,1
occupying,1
rthernl,1
determined,1
activity,1
geared,1
characterize,1
vital,1
palacio,1
stratigraphy,1
occurring,1
taking,1
far,1
uncertain,1
desirable,1
along,1
himself,1
schemata,1
usage,1
li,1
human,1
iei,1
squash,1
lections,1
review,1
dependence,1
difficulties,1
aioa,1
attest,1
approximation,1
since,1
due,1
integral,1
mixed,1
ern,1
discerning,1
discover,1
rooted,1
tripartite,1
expected,1
ow,1
adjustment,1
sedentarism,1
medapodia,1
irregularities,1
casas,1
fig,1
response,1
crz,1
spotty,1
chipping,1
left,1
witnessed,1
despair,1
thin,1
weakening,1
mush,1
y,1
obscure,1
even,1
grouped,1
extremities,1
communication,1
journal,1
practically,1
spread,1
deeply,1
jr,1
longterm,1
domesticated,1
paralleling,1
ovoid,1
cld,1
industries,1
typified,1
mechanisms,1
humboldt,1
simultaneously,1
philadelphia,1
americans,1
york,1
played,1
wendorf,1
exact,1
camp,1
diamondshaped,1
arising,1
developed,1
mcnutt,1
sidenotched,1
progenitor,1
en,1
adopted,1
survives,1
dealt,1
mortar,1
rigor,1
definable,1
leave,1
derived,1
ix,1
lacking,1
overlooked,1
scantiness,1
outnumber,1
expressing,1
consistency,1
perilous,1
undivided,1
qualify,1
ozark,1
mckean,1
operates,1
wanted,1
prehistory,1
basined,1
organization,1
pestle,1
intensive,1
organized,1
dated,1
branch,1
intrinsically,1
transformed,1
elsewhere,1
typifies,1
threatening,1
unimportant,1
slate,1
listed,1
situations,1
largescale,1
four,1
shorter,1
unbarbed,1
isolation,1
definite,1
boundary,1
instance,1
qj,1
shifted,1
restriction,1
dominant,1
syntheses,1
opinion,1
methodology,1
expressed,1
result,1
cuervo,1
cynthia,1
affiliated,1
location,1
discoids,1
medicine,1
called,1
discoidal,1
wvithin,1
puebloan,1
effort,1
missouri,1
centers,1
dunes,1
out,1
tucker,1
shared,1
sedentary,1
configuration,1
initial,1
ican,1
attenuated,1
philosophical,1
systern,1
extracontextual,1
pointing,1
informed,1
mesquite,1
leonard,1
reservation,1
appears,1
cairns,1
moab,1
applied,1
placed,1
toulouse,1
absolute,1
pleistocene,1
dwellers,1
comprehension,1
ld,1
sparse,1
silver,1
receive,1
participation,1
distinctiveness,1
sonora,1
gatherers,1
inferred,1
cli,1
implement,1
tops,1
sistence,1
reduction,1
clearer,1
confined,1
indigenous,1
continuation,1
realm,1
private,1
q,1
warranted,1
survey,1
middle,1
twined,1
beads,1
netted,1
device,1
et,1
anthromorphic,1
we,1
floors,1
concretely,1
cat,1
systematic,1
conform,1
universally,1
shrinkage,1
concave,1
morphologic,1
approach,1
refuse,1
massacre,1
substituting,1
causal,1
good,1
sense,1
schroeder,1
caused,1
working,1
tight,1
below,1
useful,1
lowest,1
coupled,1
indicators,1
order,1
atw,1
quite,1
specifically,1
around,1
encompassing,1
characteristics,1
sufficient,1
wider,1
concerns,1
cotradition,1
highly,1
eighth,1
leather,1
depression,1
industry,1
stones,1
acts,1
mi,1
philip,1
core,1
seed,1
progress,1
necessity,1
gloria,1
nonexistent,1
notes,1
participates,1
finds,1
sophistication,1
digging,1
activities,1
ochre,1
concomitant,1
rigidity,1
south,1
will,1
uncommon,1
southeasternmost,1
underlies,1
referent,1
unquestionable,1
lawn,1
absence,1
various,1
economic,1
doctoral,1
indeed,1
comparative,1
intrusions,1
typesystems,1
appreciate,1
brief,1
edges,1
assurance,1
prove,1
orlrlwv,1
surviving,1
comments,1
initially,1
selection,1
vocabularies,1
verde,1
feirwinwilliams,1
once,1
springs,1
criticism,1
edited,1
od,1
reference,1
examined,1
rubric,1
coverage,1
interrelationship,1
makes,1
marginal,1
isolative,1
soon,1
formally,1
ne,1
antler,1
differentiate,1
temperate,1
specimens,1
ancient,1
renaud,1
untraceable,1
ci,1
shifting,1
ethnographic,1
crematory,1
indian,1
knapped,1
department,1
frameworks,1
engravings,1
harper,1
spatially,1
persuasive,1
barbed,1
decoration,1
technique,1
stated,1
conceived,1
similarly,1
varies,1
water,1
sandoval,1
culturetypical,1
idea,1
overwhelming,1
occurrence,1
oaovwv,1
environs,1
documents,1
attempting,1
pouch,1
grave,1
mohr,1
vernon,1
largo,1
surfaces,1
ivo,1
succeeding,1
discussed,1
carlos,1
wco,1
never,1
contradistinction,1
conclusions,1
outside,1
hand,1
do,1
v,1
remarkable,1
manos,1
operating,1
manner,1
orderly,1
equate,1
southernl,1
concavebased,1
iny,1
contracted,1
necessary,1
ul,1
woman,1
native,1
belief,1
frequency,1
remarkably,1
ovoids,1
valleys,1
sal,1
another,1
simon,1
cently,1
baskets,1
understanding,1
technologies,1
greatest,1
meaningful,1
vast,1
coherent,1
background,1
fio,1
chiefly,1
pilfer,1
pertain,1
affinity,1
previously,1
manifestations,1
gifford,1
lacunae,1
individuality,1
medium,1
identity,1
entirely,1
food,1
characteristically,1
operated,1
zc,1
emphasize,1
dress,1
conditions,1
congress,1
sequence,1
harvard,1
bed,1
ethnic,1
maturation,1
overlap,1
aneth,1
theoretical,1
shelter,1
described,1
vii,1
exceedingly,1
ties,1
ki,1
comprehensive,1
peripheral,1
agreement,1
amounts,1
held,1
individual,1
methodological,1
dsc,1
like,1
would,1
wickerwork,1
belongs,1
so,1
resultant,1
overlain,1
pq,1
proximity,1
black,1
abundant,1
provides,1
foreshadow,1
tangential,1
favored,1
preponderance,1
random,1
article,1
floral,1
rouse,1
k,1
parallel,1
lovelock,1
kit,1
accordingly,1
effect,1
availability,1
handstone,1
situ,1
equivalent,1
streams,1
accord,1
embodied,1
modifications,1
achieve,1
investigations,1
questionable,1
cigarettes,1
division,1
shallowbasined,1
grandes,1
factors,1
seasons,1
relationship,1
ert,1
succinctly,1
tentative,1
complexion,1
continued,1
stream,1
impressive,1
sec,1
remotely,1
dimensions,1
who,1
directions,1
force,1
render,1
fcd,1
sequences,1
rapidly,1
montezuma,1
length,1
acoma,1
fall,1
hope,1
centuries,1
when,1
get,1
regularly,1
distributional,1
sections,1
school,1
anthropomorphic,1
anthropological,1
environment,1
entranceways,1
ordered,1
practice,1
hells,1
mentioned,1
version,1
changing,1
conjunction,1
grand,1
reformulation,1
hypothesized,1
unbroken,1
continues,1
exposition,1
recognizable,1
constructed,1
reconnaissance,1
descrete,1
set,1
zin,1
arroya,1
shares,1
different,1
expanding,1
connection,1
variable,1
did,1
ft,1
contextual,1
down,1
sent,1
intrusive,1
half,1
lig,1
universal,1
current,1
regard,1
inquiry,1
pigment,1
post,1
infiltration,1
onehanded,1
reflected,1
pit,1
closest,1
burying,1
semantically,1
survivors,1
evident,1
subordinate,1
believed,1
animal,1
id,1
according,1
notable,1
dissimilarities,1
them,1
plants,1
cause,1
particular,1
gallegos,1
mano,1
agricultural,1
statement,1
theory,1
tabegauche,1
mexic,1
phenomena,1
des,1
cluster,1
finished,1
bob,1
conference,1
presented,1
exploitative,1
careful,1
thereby,1
given,1
acterize,1
uniform,1
introduced,1
geographical,1
variability,1
lies,1
step,1
rigid,1
territory,1
adapted,1
regularities,1
maintained,1
aspect,1
varied,1
proceeds,1
question,1
pine,1
pansouthwestern,1
elongated,1
presence,1
breaks,1
locations,1
differentiation,1
modal,1
reveals,1
elliptical,1
cambridge,1
disposal,1
finding,1
institutional,1
morphological,1
grant,1
course,1
instead,1
ticulture,1
daifuku,1
correlated,1
need,1
manufacture,1
ll,1
involving,1
substantiated,1
variously,1
biggame,1
attempted,1
off,1
remains,1
definitive,1
roughly,1
restrained,1
comparison,1
littleknown,1
territories,1
semidesert,1
potential,1
region,1
penetrated,1
clarify,1
classificatory,1
hokokam,1
entire,1
corn,1
abandoned,1
strong,1
observed,1
charms,1
ca,1
lanning,1
customs,1
lld,1
increase,1
hypothesis,1
