WORDCOUNTS,WEIGHT
the,545
and,344
of,317
in,222
a,131
to,110
woodland,97
site,85
from,79
that,71
by,67
at,64
were,59
is,56
during,53
schultz,53
as,53
was,47
for,46
great,41
late,38
early,37
middle,37
saginaw,36
subsistence,35
lakes,33
no,32
are,32
this,31
michigan,30
not,29
upper,28
occupation,28
with,28
university,27
ofthe,27
units,26
these,26
wetland,25
j,24
unit,24
resources,22
important,21
data,21
period,21
on,21
more,20
other,19
horticulture,19
et,19
pp,19
an,19
american,18
faunal,18
edited,18
have,18
de,17
aquatic,17
al,17
which,17
land,17
m,16
valley,16
floral,15
horticultural,15
museum,15
archaeological,15
ann,15
arbor,15
column,15
although,15
remains,15
c,15
economies,14
such,14
sp,14
research,14
regional,14
assemblage,14
use,14
been,14
e,13
than,13
la,13
species,13
area,13
north,13
it,12
environmental,12
ad,12
changes,12
w,12
or,12
while,12
both,12
eastern,11
g,11
sample,11
b,11
n,11
exploitation,11
fish,11
los,11
nll,11
identified,11
two,11
only,11
new,11
region,11
samples,11
figure,11
stratigraphic,11
green,11
nuts,10
squash,10
mm,10
relatively,10
y,10
importance,10
resource,10
monaghan,10
reflect,10
also,10
food,10
plant,10
high,10
antiquity,10
plants,10
densities,10
flooding,10
between,10
be,10
has,9
may,9
their,9
k,9
exploited,9
well,9
r,9
trends,9
change,9
seeds,9
variety,9
populations,9
wetlands,9
d,9
analysis,9
percent,9
paper,9
lovis,9
emergent,9
wild,9
o,8
they,8
one,8
maize,8
america,8
some,8
age,8
recovered,8
prehistoric,8
intensity,8
because,8
several,8
ro,8
lake,8
would,8
present,8
we,8
relative,8
stratified,8
economy,8
umma,8
our,8
tion,7
nature,7
state,7
within,7
occupations,7
point,7
occur,7
transitional,7
midwest,7
represented,7
after,7
p,7
used,7
settlement,7
provided,7
limited,7
southern,7
parker,7
asch,7
specimens,7
department,7
wood,7
recovery,7
earlier,7
chenopod,7
archaeology,7
table,7
terrestrial,7
las,7
through,7
increased,7
corn,7
nl,6
into,6
bp,6
s,6
investigations,6
papers,6
variations,6
throughout,6
large,6
excavations,6
mammals,6
luxenberg,6
river,6
appear,6
greater,6
based,6
cultural,6
sites,6
presented,6
work,6
bc,6
floodplain,6
depositional,6
presence,6
annual,6
economic,6
toward,6
cultivated,6
increase,6
abundant,6
northern,6
indicate,6
environment,6
extensive,6
starchy,6
domesticated,6
fauna,6
later,5
affected,5
center,5
huron,5
occurred,5
contexts,5
taxa,5
ozker,5
flotation,5
i,5
el,5
con,5
holocene,5
ered,5
l,5
support,5
clearly,5
most,5
suggested,5
density,5
crane,5
del,5
part,5
its,5
excavated,5
suggest,5
climate,5
results,5
activities,5
society,5
habitats,5
percentage,5
all,5
noted,5
increasingly,5
water,5
fact,5
larger,5
do,5
less,5
understanding,5
comprise,5
range,5
including,5
sequence,5
radiocarbon,5
historic,5
nut,5
when,5
anthropological,5
associated,5
supported,5
alternative,5
ratio,5
east,5
episodic,5
william,5
became,5
domesticates,5
evidence,5
much,5
h,4
hayes,4
lower,4
first,4
t,4
production,4
dramatically,4
differences,4
there,4
primary,4
fitting,4
logical,4
along,4
central,4
phase,4
que,4
component,4
drainage,4
bay,4
reflects,4
rather,4
appears,4
derived,4
occupational,4
intensive,4
rice,4
strategy,4
basin,4
near,4
preferred,4
related,4
issues,4
memoirs,4
regions,4
ratios,4
small,4
components,4
mi,4
dramatic,4
rind,4
generally,4
seed,4
deer,4
cleland,4
intensively,4
indicates,4
but,4
strata,4
smith,4
areas,4
time,4
msu,4
pattern,4
patterns,4
strategies,4
reflected,4
degree,4
local,4
classes,4
previously,4
significant,4
low,4
clear,4
ri,4
flood,4
collected,4
probably,4
adaptations,4
occupied,4
five,4
transformation,4
growing,4
trenches,4
griffin,4
different,4
annuals,4
phd,4
animal,4
level,4
given,4
transition,4
until,4
spring,4
conditions,4
shift,4
archaic,4
little,4
among,4
observed,4
meeting,4
tubers,4
does,3
margins,3
rate,3
represent,3
per,3
essays,3
history,3
mds,3
sedimentation,3
reveal,3
decreased,3
system,3
woodlands,3
fragment,3
oily,3
due,3
occurs,3
perspective,3
apparently,3
rates,3
poorly,3
higher,3
identification,3
across,3
remain,3
en,3
se,3
parts,3
ceramics,3
shell,3
had,3
elsewhere,3
proposed,3
observations,3
dc,3
result,3
access,3
out,3
diet,3
further,3
weed,3
halstead,3
population,3
wide,3
kathryn,3
sistence,3
revealed,3
people,3
egan,3
field,3
recursos,3
reliable,3
family,3
few,3
decline,3
st,3
lansing,3
schaetzl,3
sitio,3
concomitant,3
f,3
minor,3
culturally,3
overall,3
fruit,3
stratigraphy,3
zoological,3
ery,3
examined,3
watson,3
reliance,3
added,3
seasonality,3
habitat,3
surfaces,3
channel,3
model,3
immature,3
above,3
muskrat,3
hickory,3
situated,3
assemblages,3
snakes,3
rivers,3
specimen,3
scanning,3
directed,3
like,3
summer,3
dry,3
study,3
can,3
ing,3
primarily,3
periodo,3
earliest,3
deposited,3
changing,3
known,3
anthropology,3
particularly,3
number,3
sorted,3
combined,3
stability,3
adaptation,3
weedy,3
suggests,3
categories,3
size,3
role,3
techniques,3
lies,3
representation,3
ultimately,3
decrease,3
illinois,3
approximately,3
include,3
flora,3
carbon,3
deposits,3
major,3
superiores,2
common,2
arctic,2
grasses,2
tittabawassee,2
group,2
becoming,2
trench,2
columns,2
completely,2
fletcher,2
western,2
excavation,2
turtle,2
total,2
bark,2
fluctuations,2
predominantly,2
consistent,2
sources,2
chenopodium,2
implications,2
domestilocalities,2
binocular,2
gin,2
available,2
analyses,2
rich,2
mississippi,2
argue,2
efficiently,2
greatly,2
holman,2
mr,2
those,2
lagos,2
offish,2
context,2
case,2
botanical,2
mesh,2
west,2
sobre,2
shiawassee,2
framework,2
walnut,2
township,2
differential,2
electron,2
umn,2
pied,2
dynamics,2
machine,2
arable,2
characteristic,2
cf,2
cucurbits,2
baldwin,2
served,2
dates,2
shott,2
journal,2
secular,2
seeded,2
butternut,2
recognized,2
york,2
reimer,2
investigacion,2
developed,2
levels,2
levee,2
mean,2
similar,2
certain,2
special,2
possess,2
echoed,2
gathering,2
microscope,2
presumably,2
dominate,2
gradually,2
ormation,2
origins,2
undertaken,2
intentional,2
charcoal,2
plantas,2
ranges,2
location,2
could,2
found,2
changed,2
international,2
base,2
culture,2
sumpweed,2
block,2
burial,2
domestication,2
residential,2
record,2
procedures,2
isotope,2
ther,2
geological,2
received,2
imen,2
numerous,2
reduction,2
confined,2
elizabeth,2
geology,2
year,2
consistently,2
suplementarios,2
rise,2
approach,2
statistically,2
speth,2
wi,2
whitetailed,2
grass,2
characteristics,2
smithsonian,2
highly,2
peak,2
awassee,2
ent,2
majority,2
productivity,2
using,2
periods,2
prescribed,2
south,2
analytic,2
portion,2
second,2
investigating,2
parece,2
absence,2
materials,2
various,2
standing,2
targeted,2
geomorphologically,2
cooler,2
single,2
interpretation,2
represents,2
under,2
supplementary,2
processing,2
turtles,2
perspectives,2
disponibilidad,2
wright,2
wisconsin,2
insights,2
topographically,2
inundated,2
again,2
fin,2
ontario,2
many,2
bridgeport,2
gastropod,2
datos,2
carbonized,2
foods,2
predominated,2
choice,2
contemporary,2
surrogates,2
variation,2
honor,2
forms,2
kalamazoo,2
adjacent,2
locales,2
increases,2
where,2
accepted,2
aunque,2
liter,2
native,2
frequency,2
beverley,2
identifiable,2
spp,2
greatest,2
bear,2
hasta,2
intermittent,2
questions,2
trend,2
laboratory,2
previous,2
states,2
dating,2
three,2
dominated,2
preguntas,2
symposium,2
stages,2
black,2
provides,2
latter,2
class,2
especially,2
mainly,2
seattle,2
availability,2
haven,2
regimes,2
grandes,2
depth,2
para,2
abundance,2
transformations,2
processed,2
continued,2
pantano,2
vertical,2
tuber,2
becomes,2
progressively,2
strongly,2
contribution,2
rapidly,2
methods,2
precontact,2
united,2
types,2
rim,2
canada,2
mud,2
bad,2
burned,2
freshwater,2
crossman,2
then,2
any,2
keyed,2
aeolian,2
economically,2
nutritional,2
dr,2
carbondale,2
meat,2
quaternary,2
kolb,2
over,2
each,2
variable,2
report,2
liters,2
what,2
investigation,2
selected,2
reuben,2
hoped,2
seasonal,2
artifactual,2
extent,2
her,2
weights,2
varieties,2
affecting,2
ohio,2
caryopses,2
alternatives,2
variability,2
commonly,2
harvesting,2
goals,2
contrasts,2
formation,2
ure,2
models,2
years,2
reveals,2
national,2
grant,2
ended,2
grown,2
constriction,2
autumn,2
measured,2
summary,2
needs,2
productividad,2
transf,2
km,2
predictable,2
duration,2
counts,2
comparable,2
recent,2
sidell,2
synchronize,1
final,1
paleoenvironment,1
paleoethnobotany,1
mitted,1
prahl,1
currently,1
snapping,1
oriented,1
edge,1
estimated,1
fraction,1
if,1
usan,1
indicated,1
rev,1
generated,1
groups,1
pittsburgh,1
investigaciones,1
separated,1
physiography,1
vious,1
resulted,1
northeast,1
implies,1
measures,1
alone,1
durante,1
adoption,1
ison,1
alternation,1
utility,1
contemporaneous,1
parative,1
complex,1
ternary,1
identify,1
designed,1
diversification,1
likely,1
comprender,1
alluviation,1
sunflower,1
flows,1
sturgeon,1
former,1
logisticalmobility,1
trace,1
quite,1
position,1
proveniences,1
ruderal,1
onset,1
po,1
buffer,1
calibration,1
brashler,1
peaked,1
ricing,1
long,1
reconstructions,1
spond,1
certainly,1
exaggerated,1
originally,1
gan,1
attempts,1
taken,1
economica,1
medioambientales,1
address,1
possesses,1
season,1
utilization,1
chenopods,1
fragmentary,1
abundances,1
possibilities,1
largemouth,1
assess,1
together,1
accompanied,1
reasons,1
thank,1
beloit,1
opposing,1
assembled,1
inherent,1
ephemeral,1
closer,1
composition,1
hunting,1
medioambiental,1
products,1
feature,1
vegetation,1
cowan,1
aceitosas,1
corroborate,1
vertebrate,1
nal,1
scenario,1
declines,1
cherry,1
taphonomic,1
est,1
occasional,1
plain,1
linear,1
closedtank,1
key,1
outlet,1
tal,1
u,1
masked,1
nificant,1
energetic,1
march,1
microscopy,1
design,1
chual,1
account,1
placement,1
opened,1
determined,1
reliability,1
paucity,1
burning,1
archaeobotany,1
fritz,1
ance,1
world,1
nannyberry,1
measuring,1
calculated,1
occurring,1
interdisciplinary,1
say,1
reflecting,1
x,1
tlement,1
vated,1
sent,1
cited,1
berrien,1
legume,1
bottom,1
consolidating,1
requirements,1
geomorphological,1
dirty,1
constrained,1
correlation,1
lakelovis,1
ritual,1
wm,1
sand,1
ootfonbv,1
split,1
evaluating,1
formularon,1
riverbank,1
controlled,1
helen,1
regarding,1
prerequisite,1
frequencies,1
natives,1
goal,1
comprehensive,1
thus,1
includes,1
phav,1
umes,1
southwestern,1
targeting,1
geochemistry,1
quality,1
prevails,1
since,1
bailey,1
against,1
initially,1
hazelnut,1
tecnicas,1
bluegill,1
jou,1
mixed,1
adopted,1
ern,1
influenced,1
application,1
conducted,1
teristic,1
dence,1
taste,1
midcontinental,1
turn,1
estimates,1
down,1
importancia,1
elements,1
stored,1
elderberry,1
prehistoriclovis,1
document,1
selection,1
aghan,1
amount,1
cates,1
compared,1
applying,1
taming,1
continuous,1
third,1
witnessed,1
estimate,1
thin,1
frogs,1
tral,1
ety,1
accelerator,1
mates,1
mirrored,1
archaeologist,1
even,1
student,1
memoir,1
stratum,1
traits,1
game,1
acknowledge,1
paleoethnobotanical,1
incidental,1
jjoav,1
phases,1
fromlovis,1
drained,1
ers,1
poor,1
ably,1
snujoj,1
orientales,1
act,1
his,1
how,1
stiutuj,1
basic,1
ov,1
eis,1
notion,1
calculation,1
shrub,1
risk,1
supplement,1
pollard,1
direct,1
fat,1
contributions,1
drs,1
creek,1
gratefully,1
tree,1
evolution,1
upstream,1
auteriores,1
productive,1
animals,1
factors,1
miscellaneous,1
marquette,1
sassafras,1
consistency,1
semillas,1
aiunioa,1
tern,1
discernible,1
partnership,1
facilitated,1
pared,1
wanted,1
marks,1
biased,1
possibly,1
alternativos,1
entry,1
statistical,1
potomac,1
falloff,1
fishes,1
emergence,1
director,1
alpapel,1
transformaciones,1
numbers,1
bruce,1
geoarqueologia,1
argued,1
periodically,1
benefited,1
chronology,1
show,1
alta,1
flats,1
superior,1
suqof,1
groundwater,1
inflated,1
efficient,1
peninsula,1
comprising,1
permanent,1
dominant,1
warmer,1
providing,1
ulation,1
bcalibrated,1
jbjsy,1
nebraska,1
estos,1
temprana,1
sive,1
closely,1
incomplete,1
ditions,1
example,1
allow,1
diligently,1
transmission,1
downstream,1
tural,1
transient,1
skowronek,1
effort,1
mustard,1
sedentary,1
fishing,1
events,1
relate,1
paaavduing,1
pod,1
percentages,1
fo,1
medicines,1
fuel,1
revelan,1
academic,1
kernels,1
algoma,1
standardized,1
economia,1
though,1
focused,1
posited,1
macroremains,1
circular,1
versity,1
modio,1
fluvial,1
cannot,1
excellent,1
publications,1
absolute,1
explain,1
facilities,1
acknowledgments,1
glaciated,1
sparse,1
impression,1
none,1
feeding,1
animales,1
walleye,1
artifacts,1
overlying,1
estados,1
comlzea,1
significantly,1
collectedlovis,1
occupants,1
anadromous,1
predominately,1
indigenous,1
intentionally,1
kindly,1
older,1
intermediate,1
place,1
refined,1
jefferies,1
demonstrates,1
climatic,1
faint,1
prelate,1
seasonally,1
structures,1
statistics,1
winter,1
midwestern,1
caza,1
hydraulic,1
away,1
surrounding,1
floors,1
appreciated,1
employed,1
wmwstjoj,1
comparables,1
stateand,1
artifact,1
spectrometer,1
status,1
lithics,1
attributed,1
towards,1
sampled,1
refuse,1
corroboratedby,1
staple,1
least,1
forlovis,1
referencia,1
drier,1
tested,1
indicators,1
bone,1
box,1
presencia,1
order,1
contrast,1
unidos,1
standpoint,1
walnuts,1
geomorphology,1
ological,1
arbitrary,1
around,1
parecen,1
intervals,1
pike,1
spanish,1
wider,1
concerns,1
alluvial,1
portions,1
economias,1
stuiver,1
visible,1
os,1
recientes,1
dropping,1
selectionsfrom,1
recoleccion,1
value,1
newly,1
lincoln,1
huber,1
rest,1
unidentifiable,1
lend,1
wmpodouayj,1
morphology,1
critical,1
converge,1
therefore,1
respecto,1
horizons,1
led,1
he,1
ical,1
accreted,1
laurel,1
tribution,1
achenes,1
sitional,1
gather,1
short,1
gradual,1
expansion,1
subject,1
inferential,1
koster,1
play,1
brief,1
nearly,1
still,1
reconstruction,1
comments,1
cracks,1
movement,1
dle,1
settings,1
biomass,1
impacto,1
decisions,1
onethird,1
kampsville,1
southeast,1
relationship,1
deforma,1
scarcity,1
about,1
collect,1
ulmus,1
snsaoidjj,1
floods,1
vided,1
reference,1
permission,1
revisiting,1
makes,1
marginal,1
soon,1
continuity,1
sociocultural,1
discerned,1
formally,1
us,1
boundary,1
temperate,1
clarified,1
parte,1
lowland,1
falls,1
commonwealth,1
collectively,1
same,1
asocian,1
toric,1
broad,1
si,1
responsive,1
indian,1
largest,1
intense,1
mollusc,1
reports,1
garland,1
begins,1
volunteers,1
picture,1
useful,1
testimony,1
community,1
volume,1
ceramic,1
resultados,1
gations,1
acorn,1
resolution,1
snuim,1
aggregates,1
ahorticultural,1
rin,1
numbera,1
fell,1
seguros,1
ofthis,1
analytical,1
shows,1
lack,1
ley,1
preserve,1
riverine,1
xii,1
cumulative,1
minnesota,1
calib,1
ruptured,1
totals,1
plan,1
unidentified,1
combino,1
subsistencia,1
smailmouthbass,1
crop,1
departments,1
diverse,1
dduooiifdwy,1
john,1
sedimentology,1
focuses,1
calabaza,1
end,1
presente,1
hackberry,1
mink,1
fragments,1
finescale,1
ages,1
conclusions,1
took,1
abstract,1
v,1
bosques,1
dio,1
intersite,1
mammalian,1
purposes,1
archaeobotanical,1
existing,1
formular,1
unclear,1
sustituir,1
ifi,1
material,1
disparity,1
ethnozoology,1
thatlovis,1
perhaps,1
bass,1
valleys,1
multidisciplinary,1
bulletin,1
tnumtz,1
mills,1
simon,1
matrix,1
analyzed,1
exploring,1
investigated,1
elevations,1
discussion,1
adepositional,1
robertson,1
mays,1
made,1
discovery,1
upon,1
farming,1
values,1
uplift,1
jnusad,1
trajectory,1
formal,1
consistente,1
thickness,1
campsite,1
upgraded,1
birds,1
medioambiente,1
recuperacion,1
substantially,1
excavaciones,1
assume,1
starchyseeded,1
submitted,1
maiz,1
underestimates,1
processes,1
actual,1
fruits,1
full,1
taxon,1
improvements,1
initiatives,1
horticultura,1
ties,1
significance,1
crappie,1
bullhead,1
sherd,1
abstracts,1
tional,1
grew,1
appreciably,1
publication,1
language,1
agreement,1
cambio,1
almidonosas,1
refinados,1
times,1
floodplains,1
methodological,1
allowed,1
revised,1
so,1
function,1
responses,1
crafted,1
cobrar,1
gory,1
ecology,1
preservation,1
standard,1
cambios,1
ited,1
procurement,1
comunes,1
margin,1
graphic,1
article,1
systems,1
satisfy,1
alnus,1
often,1
rectify,1
anuales,1
become,1
jofcj,1
interpretations,1
assessing,1
respectively,1
struct,1
charles,1
effect,1
ables,1
radiate,1
james,1
henry,1
seeking,1
ponents,1
residue,1
slightly,1
differ,1
begs,1
attracted,1
nomic,1
joint,1
mens,1
sucker,1
attention,1
allison,1
tence,1
brown,1
sented,1
knotweed,1
coordinated,1
increasing,1
ferences,1
spiny,1
esta,1
cation,1
zemaitis,1
fairly,1
inhabitants,1
science,1
ecological,1
raccoon,1
criminal,1
serviceberry,1
program,1
hill,1
huntergatherer,1
exists,1
nexus,1
upgrade,1
dimensions,1
who,1
un,1
quency,1
collections,1
tive,1
peduncle,1
began,1
sequences,1
why,1
es,1
construction,1
acudticos,1
ottawa,1
fall,1
pipeline,1
achieve,1
magnification,1
erie,1
alimentos,1
extremely,1
horticulturally,1
importante,1
iri,1
thick,1
forest,1
stable,1
bowyer,1
considered,1
definitive,1
addressed,1
springfield,1
baseline,1
heavy,1
rarely,1
vpossnjfoo,1
reliant,1
suite,1
sbjjbssbs,1
series,1
carnivores,1
version,1
intensification,1
calendrical,1
encampment,1
ples,1
must,1
demonstrate,1
simply,1
geographic,1
cate,1
soil,1
discrepancy,1
regime,1
temporal,1
branstner,1
sciences,1
here,1
geoarchaeology,1
cover,1
mass,1
natural,1
intellectual,1
control,1
rainfall,1
readily,1
cm,1
december,1
viaduct,1
sizes,1
daj,1
board,1
referees,1
unknown,1
bowfin,1
accommodate,1
genus,1
basins,1
andredhorse,1
current,1
domestic,1
eventually,1
iii,1
scanned,1
atively,1
far,1
edible,1
gas,1
cultivation,1
andearly,1
historical,1
tracts,1
past,1
essentially,1
uppermost,1
just,1
type,1
advances,1
drum,1
better,1
evident,1
nomenclature,1
weighs,1
yarnell,1
spatial,1
carrier,1
whether,1
rose,1
cattail,1
form,1
references,1
supports,1
particular,1
poral,1
minal,1
nipissing,1
calculations,1
map,1
geo,1
calidad,1
sively,1
interval,1
distribution,1
shore,1
karrow,1
adaptaciones,1
perch,1
institute,1
ductivity,1
secure,1
fisheries,1
tives,1
property,1
information,1
almost,1
virginia,1
contain,1
conference,1
xi,1
researchers,1
owner,1
pation,1
wort,1
son,1
multiple,1
reported,1
marily,1
city,1
despite,1
elucidate,1
returning,1
measure,1
vast,1
target,1
programs,1
lab,1
reconstruct,1
catfish,1
indians,1
truncate,1
evidenced,1
tats,1
terminal,1
tions,1
gar,1
tardio,1
question,1
layers,1
sediments,1
sities,1
locations,1
electronic,1
cambridge,1
disposal,1
unencumbered,1
finding,1
temperature,1
morphological,1
stratification,1
hawthorn,1
contributed,1
ticulture,1
regionales,1
usa,1
surements,1
attributes,1
effects,1
off,1
ososru,1
uation,1
madison,1
enclosure,1
association,1
foraging,1
comparison,1
offered,1
observation,1
tified,1
potential,1
clarify,1
themselves,1
pathways,1
discontinuous,1
locallevel,1
huckleberry,1
chicago,1
temperatures,1
afecto,1
snonquios,1
substantial,1
exclusively,1
element,1
benchmark,1
technological,1
programming,1
profiles,1
broader,1
southeastern,1
termed,1
locale,1
eties,1
