WORDCOUNTS,WEIGHT
the,848
of,531
and,407
in,295
great,217
a,198
to,148
that,132
chaco,117
house,114
berm,111
mounds,106
at,102
pueblo,96
chacoan,79
canyon,73
were,73
by,72
is,70
was,67
as,67
have,63
are,61
bluff,60
for,58
from,58
this,56
houses,54
berms,51
been,51
trash,49
not,47
be,47
m,46
or,45
j,42
on,42
stein,41
construction,40
with,39
an,38
test,37
university,37
lekson,37
may,36
san,35
but,35
new,35
it,34
no,34
juan,33
i,32
trench,31
american,30
found,30
northern,30
era,29
other,28
unit,28
during,28
mound,27
cultural,26
these,26
layer,26
part,25
edited,25
ritual,24
had,24
also,24
large,23
sites,23
pp,23
platform,23
has,23
than,22
al,22
regional,22
material,22
earthen,22
de,21
mexico,21
sherds,21
although,21
windes,20
region,20
which,20
layers,20
c,20
they,19
l,19
ceramics,19
r,19
et,19
arizona,19
into,18
site,18
most,18
encircling,18
prehistoric,18
kiva,18
alto,18
more,18
built,18
system,17
one,16
some,16
west,16
h,16
front,16
w,16
small,16
only,16
deposited,16
constructed,16
d,16
evidence,16
ii,15
outside,15
use,15
antiquity,15
burned,15
seem,15
early,15
santa,14
portion,14
ceremonial,14
time,14
national,14
archaeological,14
wills,14
we,14
fe,14
archaeology,13
papers,13
p,13
used,13
least,13
few,13
roads,13
period,13
southwest,13
remains,13
common,12
debris,12
t,12
seems,12
such,12
excavations,12
late,12
south,12
two,12
features,12
bonito,12
la,12
continued,12
anthropological,12
colorado,12
e,11
park,11
there,11
dates,11
walls,11
faunal,11
people,11
aztec,11
excavated,11
ceramic,11
perhaps,11
sherd,11
would,11
associated,11
over,11
iii,11
world,11
our,11
area,11
north,11
represent,10
s,10
ad,10
extracanyon,10
distinct,10
fowler,10
apparently,10
en,10
b,10
n,10
albuquerque,10
utah,10
important,10
suggest,10
communities,10
many,10
john,10
see,10
mounded,10
described,10
after,10
structure,10
figure,10
often,10
report,10
densities,10
both,10
center,9
el,9
tucson,9
across,9
their,9
just,9
recovered,9
result,9
structures,9
below,9
f,9
architecture,9
southeast,9
museum,9
where,9
landscape,9
historic,9
especially,9
contained,9
masonry,9
corncobs,9
through,9
does,8
edge,8
eastern,8
east,8
along,8
earth,8
notes,8
mesa,8
adobe,8
ideas,8
anasazi,8
like,8
sacred,8
rodent,8
domestic,8
pit,8
defined,8
much,8
he,7
archaeologists,7
all,7
suggesting,7
kantner,7
above,7
strat,7
cameron,7
space,7
support,7
hinkson,7
placed,7
well,7
between,7
stratum,7
provided,7
units,7
interpretation,7
ancient,7
strata,7
scholars,7
end,7
number,7
similar,7
behind,7
those,7
mckenna,7
here,7
ruins,7
suggests,7
smaller,7
assumed,7
if,6
complex,6
studies,6
excavation,6
different,6
might,6
vol,6
community,6
human,6
throughout,6
casas,6
y,6
high,6
completely,6
landscapes,6
study,6
surface,6
based,6
basin,6
chipped,6
puebloan,6
rooms,6
produced,6
almost,6
los,6
apparent,6
describe,6
around,6
research,6
revival,6
located,6
pattern,6
v,6
formal,6
including,6
navajo,6
three,6
article,6
primarily,6
when,6
middens,6
pueblos,6
wall,6
carefully,6
middle,6
ancestral,6
disposal,6
average,6
deposits,6
among,6
sterile,5
per,5
jonathan,5
modern,5
lower,5
consistent,5
long,5
disturbance,5
feature,5
somewhat,5
date,5
investigations,5
southwestern,5
publications,5
van,5
levels,5
clearly,5
elsewhere,5
numbers,5
upper,5
show,5
suggested,5
dc,5
location,5
base,5
density,5
appears,5
vegetal,5
enclosures,5
smithsonian,5
highly,5
presence,5
short,5
about,5
steve,5
lack,5
others,5
toll,5
forms,5
road,5
less,5
significant,5
radiocarbon,5
modem,5
so,5
preservation,5
division,5
grandes,5
five,5
inside,5
table,5
sandstone,5
ash,5
any,5
practice,5
series,5
kivas,5
gatherings,5
press,5
vi,5
recent,5
intriguing,4
stone,4
unlike,4
pots,4
majority,4
nature,4
state,4
quantities,4
possible,4
driver,4
o,4
exposed,4
phase,4
que,4
eras,4
against,4
old,4
weight,4
even,4
journal,4
dyke,4
what,4
recognized,4
developed,4
artiodactyls,4
plaza,4
possibly,4
view,4
dumps,4
wide,4
huge,4
because,4
del,4
its,4
refuse,4
field,4
settlement,4
using,4
activities,4
society,4
identified,4
movement,4
southern,4
single,4
continuity,4
reports,4
fill,4
walled,4
heritage,4
areas,4
personal,4
deep,4
discussion,4
began,4
dating,4
roberts,4
peter,4
discarded,4
k,4
bureau,4
sometimes,4
who,4
un,4
detailed,4
stratigraphic,4
elaborate,4
several,4
extensive,4
temporal,4
rear,4
hohokam,4
did,4
argue,4
far,4
spatial,4
them,4
form,4
supports,4
distribution,4
u,4
contain,4
vessels,4
reported,4
role,4
eric,4
integrated,4
dense,4
deposition,4
building,4
resources,4
surround,3
northeast,3
red,3
natural,3
each,3
ms,3
western,3
organic,3
history,3
materials,3
penasco,3
season,3
attempt,3
daily,3
context,3
blanco,3
key,3
tracing,3
reaching,3
flank,3
point,3
household,3
beneath,3
wallace,3
gms,3
due,3
unpublished,3
ceramicist,3
characteristic,3
grouped,3
relatively,3
expected,3
arc,3
terrace,3
york,3
brewer,3
his,3
mathien,3
importance,3
se,3
parts,3
periodic,3
redeposited,3
organization,3
boulder,3
argued,3
whereas,3
came,3
could,3
called,3
typical,3
events,3
monticulos,3
initial,3
earliest,3
lenses,3
however,3
ford,3
near,3
line,3
work,3
description,3
surrounding,3
project,3
mahoney,3
lowest,3
order,3
quite,3
characteristics,3
visible,3
maxwell,3
will,3
subject,3
limited,3
stratigraphy,3
reconstruction,3
make,3
loos,3
springs,3
yet,3
fit,3
place,3
marshall,3
included,3
largest,3
contains,3
department,3
noted,3
stones,3
social,3
mark,3
toward,3
rock,3
water,3
idea,3
patterns,3
adjacent,3
do,3
continuing,3
necessary,3
native,3
como,3
bradley,3
extended,3
mortuary,3
judge,3
fronting,3
doug,3
continue,3
examination,3
low,3
significance,3
discovered,3
individual,3
architectural,3
function,3
provides,3
construct,3
antechamber,3
thirteenth,3
slightly,3
flanking,3
provide,3
fewer,3
deposit,3
united,3
dead,3
floor,3
considered,3
school,3
then,3
known,3
reconnaissance,3
depression,3
constructions,3
twelfth,3
beginning,3
attitudes,3
while,3
resident,3
size,3
valley,3
until,3
turkey,3
cedars,3
include,3
salt,3
spalls,3
enclosed,3
km,3
consisted,3
gainesville,3
winston,3
ethnology,3
southeastern,3
increase,3
ruppe,3
abajo,2
later,2
imported,2
created,2
zuni,2
shrines,2
episodes,2
tierra,2
merged,2
largely,2
comparisons,2
occurred,2
aboutad,2
first,2
piles,2
davis,2
pink,2
postchacoan,2
broken,2
simple,2
service,2
thanks,2
composition,2
room,2
pavement,2
carnegie,2
replicated,2
reiter,2
within,2
brigham,2
case,2
side,2
con,2
recorded,2
westernmost,2
iv,2
march,2
development,2
activity,2
burning,2
powers,2
calculated,2
sand,2
jutland,2
includes,2
mine,2
windmill,2
village,2
surrounded,2
sample,2
realized,2
g,2
mixed,2
jr,2
basal,2
century,2
pollard,2
elements,2
amount,2
ha,2
young,2
served,2
lens,2
poorly,2
higher,2
soil,2
without,2
puseman,2
chacoanas,2
subsistence,2
mortar,2
redeposition,2
causewayed,2
contributions,2
burials,2
monuments,2
river,2
dated,2
branch,2
presumably,2
allocation,2
elevated,2
iva,2
resource,2
cordell,2
ceremony,2
ofanthropological,2
cut,2
highest,2
charcoal,2
midden,2
weights,2
term,2
occupation,2
traced,2
poverty,2
burial,2
tools,2
recently,2
wealth,2
haury,2
possibility,2
technical,2
data,2
artifacts,2
elson,2
vil,2
prominent,2
knowledge,2
revealed,2
restructuring,2
chacoana,2
surrounds,2
quadrant,2
northwest,2
partly,2
plastered,2
bishop,2
wilshusen,2
artifact,2
graduate,2
depositional,2
level,2
hard,2
tom,2
jalbert,2
migration,2
generally,2
up,2
describes,2
away,2
finds,2
mainfort,2
massive,2
inspection,2
became,2
led,2
partially,2
likely,2
matter,2
populations,2
flagstaff,2
provenience,2
brief,2
vicinity,2
verde,2
once,2
continuation,2
sort,2
us,2
heiau,2
same,2
formalized,2
europe,2
added,2
efforts,2
sullivan,2
sarup,2
larger,2
discussed,2
never,2
conclusions,2
took,2
remarkable,2
spot,2
council,2
breaks,2
assemblage,2
chacoanstyle,2
crown,2
rio,2
treated,2
explanation,2
lake,2
scatter,2
top,2
dye,2
sequence,2
resulting,2
harvard,2
submitted,2
questions,2
ceremonies,2
california,2
comprehensive,2
co,2
fragments,2
characterized,2
hammer,2
renewal,2
abundant,2
systems,2
can,2
percent,2
saw,2
pottery,2
delimited,2
consists,2
lo,2
esta,2
today,2
note,2
reavivamiento,2
usually,2
hill,2
cn,2
discard,2
bulletin,2
seen,2
langenfeld,2
indicate,2
life,2
holmes,2
types,2
centuries,2
gathered,2
bench,2
suggestions,2
rarely,2
outlier,2
peoples,2
habitation,2
simply,2
resultado,2
symbolic,2
discrete,2
trenches,2
offers,2
paleoresearch,2
gran,2
manuelito,2
anthropology,2
cultures,2
iiib,2
believe,2
scenario,2
obviously,2
goods,2
paquime,2
burying,2
uppermost,2
chetro,2
places,2
phd,2
chicago,2
whether,2
making,2
ruin,2
ceased,2
zia,2
ritually,2
slopes,2
kin,2
introduced,2
city,2
chip,2
content,2
techniques,2
reappraisal,2
analysts,2
formation,2
chuska,2
ultimately,2
cambridge,2
numerous,2
catherine,2
instead,2
basketmaker,2
states,2
integration,2
forming,2
create,2
northwestern,2
abandoned,2
comparable,2
final,1
theirrelationships,1
mingled,1
go,1
margins,1
clustered,1
now,1
basura,1
deference,1
owes,1
representing,1
serpent,1
tusayan,1
develops,1
altamira,1
pittsburgh,1
initialization,1
faced,1
till,1
indistinct,1
degraded,1
intricate,1
feld,1
allentown,1
extend,1
chacoanera,1
curved,1
considerably,1
glimpses,1
expect,1
unsuccessful,1
coreveneer,1
screening,1
offerings,1
mobility,1
properly,1
tend,1
designed,1
prime,1
formed,1
summaries,1
ways,1
denmark,1
remnants,1
backwoods,1
dump,1
approaches,1
sudden,1
delineating,1
thoughtlessly,1
han,1
porque,1
decade,1
protection,1
geometric,1
inventory,1
laid,1
total,1
eastward,1
copyrighto,1
before,1
steeply,1
andamerican,1
somewhere,1
something,1
monograph,1
lib,1
annals,1
bark,1
bioculturalapproach,1
cutting,1
round,1
oceania,1
reuniones,1
reconstructions,1
certainly,1
creation,1
production,1
jointly,1
neolithic,1
originally,1
years,1
give,1
attempts,1
concentrated,1
hia,1
meaning,1
utilization,1
anywhere,1
massively,1
england,1
sculpted,1
company,1
oval,1
height,1
available,1
route,1
excavating,1
assess,1
broadly,1
predated,1
differences,1
farmers,1
confirming,1
exotic,1
studied,1
government,1
sometime,1
concludes,1
mississippi,1
survey,1
take,1
analyst,1
subsequent,1
juniper,1
last,1
consist,1
blackwell,1
influences,1
robert,1
narbona,1
honolulu,1
deteriorated,1
llt,1
lugar,1
akin,1
datable,1
woodlands,1
pitchers,1
heaped,1
projectile,1
linear,1
mass,1
alcock,1
reanalysis,1
retain,1
custom,1
account,1
restoring,1
lends,1
prior,1
implies,1
dismantling,1
exhibits,1
paucity,1
cap,1
characterize,1
rastreada,1
tiene,1
october,1
bland,1
reassessing,1
conceptual,1
dragoo,1
indicating,1
overlooking,1
bowls,1
mountains,1
undoubtedly,1
enter,1
roney,1
recapture,1
strengthens,1
gustavo,1
collection,1
harmony,1
labs,1
ofatlantic,1
walnut,1
central,1
andrew,1
galp,1
dotted,1
component,1
immediate,1
dynamics,1
points,1
analyzing,1
admixture,1
intact,1
dozen,1
hawaii,1
rites,1
considerable,1
conducted,1
negate,1
menor,1
mucho,1
interprets,1
kind,1
duff,1
cases,1
bamforth,1
interim,1
evident,1
perspective,1
arguably,1
back,1
spanned,1
differently,1
fowleret,1
bone,1
anyon,1
find,1
helpful,1
undertaking,1
storage,1
archaeologist,1
worldad,1
evidencia,1
look,1
spite,1
critique,1
wet,1
pronounced,1
concentric,1
generation,1
evenly,1
viil,1
failed,1
oxford,1
overestimated,1
explanations,1
oeste,1
theandrews,1
americans,1
ramps,1
town,1
eventsreports,1
leaping,1
hopes,1
rather,1
ml,1
links,1
bring,1
aimed,1
obtained,1
ra,1
perched,1
reverential,1
untangling,1
mean,1
knew,1
christine,1
norteina,1
excavators,1
signaled,1
certain,1
entrances,1
payson,1
derived,1
nos,1
symbols,1
illustrations,1
echoed,1
distant,1
feel,1
arbor,1
usado,1
miscellaneous,1
gathering,1
lots,1
wash,1
references,1
layering,1
reporta,1
owl,1
marks,1
cause,1
prehistory,1
objects,1
occupational,1
statistical,1
kintigh,1
subfloor,1
bit,1
section,1
donde,1
receiving,1
recycling,1
reexamined,1
reviewed,1
too,1
profile,1
periodically,1
benefited,1
moesgaard,1
presumed,1
four,1
jars,1
acknowledges,1
occupied,1
beyond,1
indications,1
position,1
rice,1
intentional,1
capping,1
terminology,1
peabody,1
projected,1
providing,1
decades,1
appear,1
nebraska,1
conquest,1
earlyadreports,1
greater,1
ranges,1
trenched,1
closely,1
examinacion,1
largestknown,1
avenue,1
cottontail,1
acknowledgments,1
erosion,1
microstrata,1
falt,1
effort,1
seven,1
lived,1
out,1
deal,1
pass,1
seriations,1
mined,1
intensive,1
meter,1
further,1
equally,1
neighboring,1
receive,1
thearchaeology,1
desde,1
duced,1
population,1
hawaiian,1
revive,1
cannot,1
excellent,1
scale,1
pollen,1
alncludes,1
produce,1
explain,1
required,1
prayer,1
public,1
sedentism,1
memory,1
directly,1
provincial,1
hearthcleaning,1
none,1
seminal,1
inferred,1
planning,1
scatters,1
received,1
rainy,1
meridian,1
circumstantial,1
welker,1
carry,1
fired,1
county,1
heavily,1
occupants,1
explains,1
casa,1
sagrado,1
layered,1
nation,1
confirms,1
effigies,1
intentionally,1
loss,1
whole,1
year,1
overview,1
kindly,1
island,1
palaces,1
northen,1
cibola,1
actually,1
nielson,1
stimulate,1
call,1
documented,1
inreports,1
farfewer,1
tumulos,1
focuses,1
cafion,1
reflect,1
intrigante,1
believes,1
craftsmen,1
quizd,1
showing,1
basketmnaker,1
stanford,1
smallest,1
interpreted,1
memoirs,1
trends,1
following,1
count,1
either,1
continuidad,1
regions,1
foci,1
change,1
vida,1
broadcast,1
codirected,1
haber,1
basketfuls,1
sense,1
successful,1
thead,1
uninterrupted,1
distances,1
buildings,1
rtificial,1
microfilms,1
tested,1
trading,1
devotional,1
contrast,1
ward,1
intervals,1
goldstein,1
archaeologies,1
spanish,1
components,1
este,1
eighth,1
arquitectura,1
brought,1
breaking,1
shiprock,1
observe,1
invaluable,1
massachusetts,1
roofing,1
canyona,1
ancestors,1
portions,1
sculptures,1
tended,1
fronted,1
encircle,1
always,1
annual,1
otros,1
enormously,1
lore,1
grateful,1
preliminary,1
lincoln,1
pero,1
sitio,1
am,1
tiempo,1
edmonds,1
critical,1
confined,1
temporally,1
varien,1
theanasazi,1
excludes,1
parece,1
variety,1
absence,1
macrofloralanalysisforbluffgreat,1
various,1
scientific,1
cosmological,1
glasgow,1
intended,1
curtis,1
classic,1
accumulation,1
reorganization,1
etc,1
intensively,1
pile,1
grande,1
presently,1
indicates,1
interactions,1
comments,1
sponsored,1
builders,1
lb,1
paint,1
fueron,1
seemingly,1
abuts,1
ware,1
religious,1
duplicate,1
pacific,1
fascinating,1
northland,1
represents,1
inanasazi,1
read,1
thought,1
traves,1
demolition,1
cruithne,1
restricted,1
exposure,1
remnant,1
varian,1
boundary,1
initiation,1
breakage,1
homogeneous,1
light,1
assistance,1
culture,1
entryways,1
rectangular,1
rubbish,1
ethnographic,1
ed,1
dan,1
hay,1
indian,1
begins,1
volunteers,1
hearth,1
truncated,1
regardless,1
rings,1
inhabitants,1
laterally,1
comfortable,1
participated,1
power,1
archaeologically,1
ketl,1
again,1
southeastasia,1
blinman,1
printing,1
flat,1
conduct,1
generously,1
stratigraphically,1
missing,1
fact,1
shows,1
stories,1
construido,1
andreports,1
occurrence,1
relates,1
striking,1
plan,1
cha,1
unidentified,1
trips,1
abstract,1
eddy,1
disturbed,1
viii,1
lacks,1
district,1
largo,1
gray,1
fallen,1
variation,1
dichos,1
identical,1
diameter,1
distributions,1
ceremonials,1
theancient,1
roof,1
removal,1
newcomb,1
reasons,1
depopulation,1
puzzling,1
fits,1
ashy,1
everyday,1
present,1
ground,1
topped,1
weighted,1
secular,1
developing,1
accepted,1
florence,1
gra,1
jx,1
leveling,1
por,1
heaps,1
fuera,1
tiny,1
wood,1
locations,1
sugiere,1
day,1
interpreting,1
process,1
another,1
local,1
published,1
original,1
analyzed,1
understanding,1
exhibit,1
distribucion,1
tsin,1
disease,1
considering,1
newyork,1
made,1
staging,1
discovery,1
surfaces,1
incidents,1
locate,1
desert,1
systematics,1
enormous,1
previously,1
looking,1
strongest,1
manifestations,1
samples,1
imbued,1
expression,1
modernos,1
twentieth,1
hasta,1
tewa,1
seriation,1
camps,1
americanarchaeology,1
processes,1
recovery,1
eden,1
novotny,1
anasaziarchitecture,1
whitewater,1
purposeful,1
office,1
ceramography,1
students,1
sunken,1
open,1
noncutting,1
clear,1
subtle,1
andrews,1
directed,1
jose,1
grew,1
publication,1
recognize,1
accounted,1
damage,1
dominated,1
decorated,1
sherdsreports,1
arroyo,1
decayed,1
times,1
ellis,1
revised,1
tim,1
remark,1
reconstructed,1
protruding,1
dry,1
filled,1
accurate,1
households,1
black,1
lipe,1
imagination,1
suroeste,1
exchange,1
nazhas,1
artificial,1
comunes,1
margin,1
comparing,1
floral,1
typically,1
posiblemente,1
jackrabbit,1
constructing,1
become,1
relation,1
narrow,1
ann,1
shallow,1
inancient,1
assigning,1
probably,1
morris,1
figures,1
institution,1
beam,1
evaluated,1
professional,1
louisiana,1
productive,1
propose,1
chert,1
widely,1
rarity,1
ranging,1
depth,1
indication,1
depressed,1
para,1
dolores,1
me,1
breve,1
perspectives,1
she,1
lot,1
fairly,1
puebloalto,1
segments,1
linda,1
sugerido,1
ideology,1
testing,1
suspected,1
pieces,1
reasonable,1
attitude,1
widespread,1
success,1
collections,1
indiscriminate,1
prehistoryandhistoryofthela,1
chimney,1
dirt,1
overlap,1
sequences,1
periodo,1
espacial,1
es,1
variably,1
efficiency,1
hole,1
achieve,1
fenner,1
frontier,1
antiquities,1
moundsfor,1
drafted,1
extremely,1
get,1
face,1
worlds,1
unusual,1
problematic,1
bigger,1
morrow,1
regionwide,1
kletzin,1
thick,1
enigma,1
sections,1
environment,1
newarkearthworks,1
ahead,1
lessons,1
gravels,1
mentioned,1
climbing,1
lagomorphs,1
extending,1
provo,1
demonstrate,1
geographic,1
ever,1
extension,1
slope,1
entry,1
proposes,1
sorts,1
temple,1
funding,1
alternative,1
know,1
defining,1
ran,1
muertos,1
bern,1
sido,1
readily,1
cm,1
sheep,1
abandonment,1
expanding,1
taos,1
ortiz,1
setting,1
capital,1
best,1
eventually,1
foundation,1
particularly,1
basket,1
denver,1
edible,1
separating,1
visits,1
examining,1
trampling,1
hamlets,1
type,1
destroyed,1
siendo,1
subterranean,1
believed,1
animal,1
peitrcra,1
william,1
drop,1
handy,1
toadlena,1
reexamination,1
combined,1
unique,1
terms,1
wilde,1
plants,1
agricultural,1
seasonal,1
interval,1
unnecessary,1
tightly,1
leaving,1
extent,1
illustrated,1
correlates,1
densest,1
explored,1
amontonada,1
monticulo,1
viiiv,1
information,1
skillfully,1
theaztecruin,1
urban,1
adata,1
chronometric,1
art,1
plata,1
hurst,1
presented,1
son,1
entire,1
silko,1
determined,1
transport,1
ill,1
cl,1
ohio,1
practices,1
ashes,1
datum,1
asumido,1
variability,1
composed,1
whatever,1
dykeman,1
step,1
dishshaped,1
reconstruct,1
divided,1
challenges,1
averaged,1
tall,1
witchcraft,1
slight,1
prepared,1
come,1
whittle,1
question,1
regionfue,1
refugees,1
models,1
survival,1
drafts,1
argument,1
argues,1
plausible,1
similarity,1
copies,1
finding,1
contract,1
decrease,1
lustrous,1
paradigm,1
configured,1
prickly,1
aware,1
newsletter,1
atmanuelito,1
land,1
define,1
semicircle,1
consumption,1
cobble,1
need,1
goosefoot,1
ttimulos,1
sur,1
mas,1
stubs,1
gamez,1
restorable,1
piece,1
outlierin,1
enclosure,1
uso,1
francisco,1
association,1
spots,1
increased,1
ranged,1
archaic,1
sides,1
summary,1
ruth,1
pear,1
socialaction,1
potential,1
removed,1
surfaced,1
bisect,1
ajacal,1
continuo,1
pathways,1
discontinuous,1
text,1
comparaciones,1
reached,1
enterprise,1
pool,1
maximum,1
enclose,1
substantial,1
exclusively,1
import,1
garbagefound,1
rodea,1
sheer,1
farmland,1
corn,1
reestructuramiento,1
plenum,1
strong,1
observed,1
famous,1
showed,1
rubble,1
termed,1
groundbreaking,1
close,1
hecho,1
cited,1
occur,1
gold,1
escrito,1
hypothesis,1
