WORDCOUNTS,WEIGHT
the,633
of,599
and,399
in,301
to,189
a,151
from,131
for,90
is,90
that,80
on,79
by,75
are,66
with,62
river,60
red,56
as,54
kentucky,53
o,50
sites,50
seeds,50
have,50
data,48
at,46
l,46
plant,45
were,44
soils,43
this,43
food,42
or,40
s,39
no,39
upland,38
al,38
these,38
forest,38
de,37
an,37
i,36
eastern,36
d,36
north,35
et,34
late,32
archaeological,32
habitats,31
was,31
seed,31
c,31
slopes,29
wood,29
university,29
f,28
but,27
cold,26
lowland,26
evidence,26
american,25
prehistoric,25
oak,25
be,25
j,24
not,24
area,24
soil,23
also,23
deposits,23
open,23
gorge,22
may,22
site,22
woodland,22
assemblages,22
cultivation,22
lower,21
some,21
relatively,21
settings,21
use,21
which,21
cloudsplitter,21
early,21
both,21
archaic,21
group,20
bp,20
production,20
disturbance,20
available,20
rockshelters,20
r,20
las,20
national,20
such,19
upper,19
more,19
cultivated,19
crop,19
farming,19
while,19
cowan,18
their,18
floodplain,18
we,18
been,18
antiquity,18
taxa,17
human,17
creek,17
pp,17
plants,17
land,17
organic,16
courthouse,16
various,16
edited,16
high,16
agricultural,16
rockshelter,16
increase,16
military,15
state,15
gladie,15
during,15
department,15
rock,15
martin,15
it,14
has,14
along,14
dates,14
m,14
fork,14
period,14
analysis,14
ing,14
wall,14
remains,14
between,14
environmental,13
canopy,13
they,13
cumberland,13
y,13
communities,13
plots,13
flexibility,13
record,13
pollen,13
marginal,13
local,13
range,13
radiocarbon,13
features,13
adaptive,13
ohio,13
potential,13
little,13
foraging,12
ii,12
vegetation,12
con,12
drainage,12
most,12
big,12
low,12
slope,12
natural,12
different,12
tion,11
skidmore,11
storage,11
b,11
charcoal,11
anthropogenic,11
fuel,11
weed,11
its,11
small,11
yielded,11
only,11
figure,11
delcourt,11
disturbed,11
mounded,11
submitted,11
change,11
would,11
pro,11
species,11
indicate,11
locations,11
although,11
h,10
into,10
first,10
consistent,10
plateau,10
there,10
x,10
than,10
support,10
mickelson,10
well,10
bc,10
located,10
sinking,10
two,10
paul,10
many,10
habitat,10
region,10
la,10
forests,10
ratio,10
effects,10
copies,10
uplands,9
e,9
one,9
other,9
within,9
usda,9
en,9
study,9
changes,9
p,9
kristen,9
several,9
research,9
si,9
landscape,9
archaeobotanical,9
talus,9
floodplains,9
lo,9
characteristics,9
annuals,9
transition,9
valley,9
recent,9
later,8
groups,8
daniel,8
case,8
unpublished,8
g,8
geological,8
journal,8
tierras,8
boone,8
w,8
zone,8
around,8
will,8
therefore,8
horizons,8
us,8
present,8
assemblage,8
shelter,8
three,8
after,8
gremillion,8
stream,8
los,8
united,8
level,8
position,8
states,8
interaction,8
calibrated,7
fertile,7
represent,7
each,7
either,7
chenopodium,7
system,7
america,7
agriculture,7
activity,7
includes,7
due,7
sediment,7
excavations,7
dry,7
n,7
had,7
result,7
location,7
erosion,7
revealed,7
survey,7
suggest,7
up,7
populations,7
identified,7
garden,7
macrobotanical,7
under,7
cliff,7
weeds,7
time,7
new,7
strategies,7
elevation,7
including,7
recovery,7
dominated,7
ecological,7
evaluation,7
woody,7
over,7
report,7
cal,7
weedy,7
middle,7
ridgetops,7
deposition,7
david,6
excavation,6
source,6
test,6
composition,6
date,6
holocene,6
west,6
colluvial,6
expected,6
likely,6
across,6
bruce,6
recovered,6
based,6
found,6
cores,6
because,6
used,6
hillside,6
pond,6
presence,6
alluvial,6
com,6
percentage,6
fire,6
occupations,6
enough,6
material,6
frequency,6
samples,6
processes,6
so,6
k,6
can,6
those,6
relative,6
increasing,6
table,6
changing,6
east,6
powell,6
number,6
ecology,6
include,6
dense,6
should,6
hypothesis,6
created,5
large,5
studies,5
park,5
all,5
crops,5
accompanied,5
farmers,5
feature,5
mesh,5
pre,5
burning,5
far,5
central,5
mm,5
altas,5
dis,5
suitable,5
higher,5
una,5
similar,5
direct,5
t,5
appear,5
greater,5
base,5
cultural,5
near,5
steep,5
precipitation,5
good,5
field,5
below,5
indicators,5
grass,5
few,5
annual,5
using,5
units,5
expansion,5
above,5
benches,5
smith,5
riverine,5
our,5
wesley,5
variation,5
clearing,5
forms,5
v,5
less,5
cul,5
situated,5
largely,5
pattern,5
preservation,5
abundant,5
systems,5
probably,5
saturation,5
today,5
temporal,5
palace,5
set,5
very,5
domesticated,5
given,5
adapted,5
wild,5
increased,5
substantial,5
ca,5
occur,5
cultigens,4
ison,4
conducted,4
loam,4
total,4
matter,4
km,4
limestone,4
lexington,4
archae,4
nature,4
rich,4
classified,4
side,4
depending,4
botanical,4
key,4
logical,4
richard,4
resources,4
sand,4
que,4
ability,4
ridgetop,4
ern,4
sample,4
alabama,4
rather,4
levels,4
evolution,4
occu,4
intensive,4
ragweed,4
additional,4
poor,4
providing,4
virginiana,4
initial,4
produced,4
char,4
basis,4
even,4
preferred,4
part,4
broad,4
documented,4
excavated,4
least,4
climate,4
results,4
provided,4
morphology,4
variety,4
ken,4
chestnut,4
make,4
southern,4
para,4
about,4
museum,4
temperate,4
included,4
strata,4
science,4
patterns,4
adjacent,4
do,4
model,4
perhaps,4
valleys,4
hazel,4
sequence,4
variables,4
nut,4
flood,4
often,4
giant,4
become,4
appalachian,4
testing,4
archaeology,4
sensitive,4
sandstone,4
ash,4
fertility,4
following,4
geographic,4
text,4
alternative,4
quaternary,4
did,4
particularly,4
them,4
selected,4
form,4
maintain,4
map,4
theory,4
extent,4
quantities,4
size,4
trees,4
reported,4
numerous,4
cucurbita,4
offer,4
berlandieri,4
association,4
flooding,4
create,4
much,4
does,3
common,3
tuscaloosa,3
succession,3
per,3
maize,3
stone,3
ma,3
ways,3
easily,3
western,3
before,3
lowlands,3
absence,3
suelos,3
contexts,3
permit,3
taken,3
flotation,3
great,3
closer,3
mississippi,3
affected,3
context,3
el,3
humid,3
gardens,3
possible,3
windingstad,3
establishment,3
representing,3
economies,3
collection,3
mid,3
lw,3
development,3
categorized,3
author,3
concentrations,3
plausibility,3
mixed,3
stored,3
herbaceous,3
response,3
drawn,3
blue,3
interagency,3
coal,3
drained,3
reflects,3
without,3
pit,3
drainages,3
turbance,3
activ,3
se,3
leave,3
origins,3
reason,3
category,3
win,3
affect,3
dated,3
just,3
impact,3
traces,3
age,3
show,3
surface,3
important,3
strategy,3
cultivating,3
whereas,3
concentration,3
midden,3
nutrients,3
hypsithermal,3
occupation,3
hillsides,3
intensity,3
scale,3
oxcal,3
bajas,3
artifacts,3
del,3
tributary,3
positions,3
records,3
reflect,3
showing,3
ter,3
indi,3
order,3
eco,3
sufficient,3
smithsonian,3
mesic,3
gradient,3
when,3
activities,3
society,3
south,3
ew,3
ical,3
indicative,3
service,3
barley,3
limited,3
maygrass,3
indication,3
community,3
indicates,3
fuelwood,3
single,3
seldon,3
vided,3
opportunities,3
rain,3
restricted,3
lee,3
higgins,3
areas,3
where,3
backslopes,3
non,3
native,3
degree,3
larger,3
analyzed,3
understanding,3
investigated,3
discussion,3
made,3
bear,3
values,3
earthflows,3
significant,3
transect,3
dating,3
ties,3
clear,3
yields,3
mississippian,3
function,3
obtained,3
mountain,3
black,3
standard,3
favored,3
chenopod,3
shallow,3
southwest,3
parameters,3
cliffs,3
tennessee,3
transi,3
factors,3
ity,3
beech,3
provide,3
pollack,3
bulk,3
semillas,3
naturally,3
sol,3
primarily,3
detailed,3
lawrence,3
bypass,3
ological,3
produc,3
ecec,3
any,3
senior,3
tivation,3
sampling,3
themselves,3
better,3
phd,3
growing,3
william,3
according,3
catastrophic,3
whether,3
seasonal,3
temporally,3
distribution,3
menifee,3
information,3
became,3
exploit,3
terminal,3
formation,3
sediments,3
years,3
intensified,3
register,3
smaller,3
shift,3
classification,3
offered,3
specific,3
intermed,3
ated,3
jason,3
pat,3
duction,3
strong,3
zones,3
assem,3
ments,2
flow,2
if,2
berks,2
fractions,2
repre,2
alone,2
vegetates,2
rockshel,2
integrity,2
bias,2
modern,2
favor,2
comparisons,2
kas,2
occurred,2
paper,2
sr,2
abun,2
foragers,2
disturbances,2
highlight,2
slade,2
member,2
sources,2
topographic,2
concentrated,2
might,2
season,2
sub,2
gourds,2
domesti,2
andrew,2
richards,2
accumulated,2
potentially,2
analyses,2
producing,2
ephemeral,2
reveal,2
resulting,2
fresh,2
successional,2
situ,2
investigations,2
ber,2
somewhat,2
papers,2
ad,2
est,2
laderas,2
plain,2
gaps,2
primary,2
u,2
archaeobotani,2
tivity,2
account,2
radiocar,2
escarpment,2
den,2
occupy,2
mental,2
vated,2
cited,2
bottom,2
esis,2
nizing,2
sheltered,2
americana,2
thus,2
dependence,2
malawi,2
zoneb,2
quality,2
since,2
against,2
frankfort,2
grouped,2
z,2
kind,2
deepest,2
cases,2
elements,2
places,2
convincing,2
br,2
gradients,2
hydric,2
minus,2
domestica,2
third,2
thin,2
bronk,2
fearn,2
berland,2
paleoecological,2
influence,2
ton,2
poorly,2
confluence,2
ridge,2
mechanisms,2
whose,2
air,2
reimer,2
dogwood,2
developed,2
how,2
na,2
bifaces,2
dolomite,2
process,2
combined,2
subsistence,2
represented,2
cultigen,2
midcontinental,2
flexible,2
eight,2
sarah,2
parts,2
arroyos,2
krebs,2
white,2
collecting,2
arbor,2
space,2
colonizing,2
possibly,2
established,2
grains,2
magnolia,2
cultivo,2
frag,2
hypothetical,2
office,2
followed,2
exploitation,2
silt,2
ancient,2
louisville,2
dc,2
alan,2
atlanta,2
plantas,2
tn,2
prins,2
amaranth,2
allow,2
could,2
katherine,2
strongly,2
out,2
ocean,2
events,2
diet,2
radiometric,2
compared,2
density,2
sumpweed,2
macroremains,2
mesophytic,2
toeslope,2
unique,2
appears,2
domestication,2
population,2
cannot,2
yield,2
tucky,2
wide,2
val,2
ther,2
receive,2
presented,2
directly,2
percent,2
work,2
received,2
mented,2
castanea,2
proportions,2
indigenous,2
geology,2
ple,2
loss,2
intermediate,2
place,2
cane,2
densely,2
actually,2
being,2
artifact,2
status,2
trends,2
sink,2
sampled,2
tolerance,2
heritage,2
regions,2
arkansas,2
optimal,2
caused,2
tested,2
contrast,2
settlement,2
bank,2
involved,2
concerns,2
highly,2
bottle,2
majority,2
dependent,2
preliminary,2
corbin,2
valuable,2
chronological,2
span,2
portion,2
second,2
economic,2
evaluate,2
short,2
gradual,2
overall,2
cloud,2
return,2
edges,2
bance,2
deviation,2
interactions,2
argument,2
targeted,2
dle,2
selection,2
southeast,2
scarcity,2
patches,2
foot,2
suited,2
makes,2
serve,2
cimas,2
specimens,2
parte,2
nat,2
light,2
assistance,2
complete,2
sourced,2
shifting,2
hay,2
cyperus,2
sherwood,2
cum,2
bar,2
decomposition,2
geomorphology,2
undisturbed,2
maple,2
attractive,2
preferences,2
rel,2
projects,2
archaeologi,2
five,2
husbandry,2
humana,2
lack,2
ley,2
rugged,2
webb,2
choice,2
layer,2
distur,2
surfaces,2
interaccion,2
noncultivated,2
schlarb,2
cation,2
hypoth,2
existing,2
pations,2
see,2
until,2
terns,2
preparation,2
distance,2
mill,2
able,2
hickory,2
exhibit,2
cambridge,2
upon,2
sides,2
empirical,2
hypotheses,2
rivers,2
tradeoff,2
services,2
deforestation,2
explotacion,2
taxon,2
described,2
cultivadas,2
landscapes,2
eran,2
historic,2
tional,2
discussed,2
understory,2
allowed,2
colo,2
outcrop,2
proximity,2
ural,2
thomas,2
agri,2
ratios,2
relation,2
narrow,2
excluded,2
availability,2
james,2
sug,2
dominance,2
ground,2
institution,2
nomic,2
ambrosia,2
regimes,2
knotweed,2
respuesta,2
bon,2
topography,2
ann,2
abundance,2
bars,2
sometimes,2
program,2
hill,2
reasonable,2
bulletin,2
becomes,2
hapludalfs,2
tive,2
overlap,2
contribution,2
remaining,2
methods,2
fall,2
types,2
itself,2
iowa,2
ities,2
stable,2
plus,2
anthropological,2
environment,2
earliest,2
stratigraphic,2
deposited,2
comes,2
series,2
extensive,2
hypothesized,2
known,2
summit,2
charles,2
dystrudepts,2
here,2
breathitt,2
mass,2
colinas,2
components,2
rainfall,2
anthropology,2
contained,2
etal,2
ph,2
newman,2
cecil,2
atively,2
associated,2
past,2
protect,2
bedrock,2
proposed,2
assessment,2
exca,2
beginning,2
unlikely,2
veg,2
shelters,2
spatial,2
accounts,2
geo,2
interval,2
xeric,2
almost,2
blages,2
tent,2
lechos,2
john,2
pation,2
quadrangle,2
variability,2
subject,2
cre,2
destabilization,2
harvesting,2
isolated,2
think,2
tions,2
eric,2
pine,2
invasion,2
initiated,2
florida,2
temperature,2
chemical,2
grant,2
ecosystem,2
acidity,2
typically,2
environ,2
sur,2
mas,2
southeastern,2
defined,2
off,2
ser,2
nutt,2
combination,2
bottoms,2
communi,2
unstable,2
mature,2
nutrient,2
termed,2
major,2
gourd,2
frequent,1
difficult,1
verify,1
labo,1
margins,1
mesicos,1
now,1
kirsten,1
currently,1
rate,1
trast,1
albidum,1
horizontal,1
hipoteticos,1
estimated,1
way,1
pur,1
avoiding,1
anthony,1
indicated,1
haystack,1
sonable,1
suc,1
cultiva,1
edouard,1
deserve,1
caroliniana,1
resulted,1
worthy,1
lated,1
quent,1
catchfly,1
adoption,1
originating,1
mountains,1
stands,1
continental,1
manuscript,1
ory,1
deciduous,1
debris,1
ofmesic,1
expect,1
vial,1
contemporaneous,1
smoky,1
becoming,1
reflection,1
settlements,1
needed,1
erect,1
helianthus,1
arqueologico,1
summarizing,1
mike,1
envisioned,1
kinds,1
agency,1
marianne,1
enhance,1
essays,1
pines,1
algunas,1
terminate,1
sahra,1
miriam,1
comunidades,1
thetransition,1
prince,1
coalition,1
nyssal,1
mcgrain,1
regenerate,1
sunflower,1
porque,1
trampling,1
hazard,1
trace,1
prdcticamente,1
estrechos,1
supper,1
dimen,1
hanplanteado,1
history,1
unlike,1
encourage,1
pinus,1
wmmm,1
polygonum,1
sys,1
allu,1
domes,1
tristram,1
princeton,1
bark,1
overhangs,1
practices,1
properties,1
turning,1
nomenclature,1
northward,1
fires,1
gail,1
accumulation,1
fabric,1
attribute,1
attributable,1
else,1
lil,1
stabilization,1
davis,1
specifically,1
buckeye,1
certainly,1
microhabitats,1
jackson,1
posed,1
regeneration,1
pus,1
implications,1
attempts,1
nitrates,1
address,1
attempt,1
palynological,1
terrain,1
utilization,1
anywhere,1
kent,1
amaranthus,1
active,1
seems,1
hidricosfue,1
bulrush,1
gary,1
containing,1
cliffpalace,1
elevational,1
establishedgremillion,1
tivating,1
multicomponent,1
secondary,1
accommodate,1
advantage,1
neal,1
explotar,1
straightforward,1
shoulder,1
fied,1
differences,1
xj,1
flora,1
recolectadas,1
follows,1
studied,1
pawpaw,1
atlantic,1
transporting,1
palaeoe,1
dur,1
jerald,1
court,1
bluestem,1
room,1
uncovered,1
dom,1
unk,1
hypothesizes,1
take,1
review,1
tradeoffs,1
reservoir,1
igual,1
color,1
sentation,1
petty,1
last,1
remove,1
sassafrass,1
elm,1
respond,1
influences,1
remainder,1
gran,1
ltlltl,1
contrasting,1
physical,1
unbiased,1
hipotesis,1
refuse,1
signs,1
declines,1
pepo,1
lution,1
worldwide,1
tick,1
contents,1
debitage,1
woodlands,1
nearer,1
sorbus,1
nar,1
sophisticated,1
incen,1
moisture,1
sieving,1
recorded,1
holly,1
task,1
capacity,1
prone,1
hophornbeam,1
earlier,1
gerry,1
verbena,1
trans,1
planted,1
cated,1
lim,1
dichotomous,1
jack,1
alluvium,1
macrofossils,1
placement,1
opened,1
prior,1
capable,1
chest,1
niveles,1
upward,1
pitseed,1
ered,1
sturt,1
condition,1
sambucus,1
slight,1
lends,1
erential,1
solely,1
alter,1
tupelo,1
ings,1
asimina,1
nidades,1
fine,1
stratigraphy,1
occurring,1
brated,1
variations,1
supply,1
conceptual,1
rela,1
boxplots,1
fur,1
realistic,1
desirable,1
reconstruction,1
considerably,1
decreasing,1
hock,1
geoar,1
beneath,1
tionally,1
spicuous,1
behavior,1
controlled,1
dalton,1
signal,1
usage,1
regarding,1
frequencies,1
weakens,1
goal,1
restos,1
squash,1
prey,1
accessible,1
throughout,1
selves,1
arguments,1
timber,1
robiniapseudoacacial,1
ronald,1
lexingtongremillion,1
leigh,1
ticate,1
relationships,1
passing,1
oportunidades,1
harz,1
desv,1
inge,1
component,1
eisner,1
eponymous,1
dynamics,1
depressions,1
illustrates,1
sustain,1
tables,1
silty,1
madera,1
scarce,1
portulaca,1
potassium,1
clay,1
characteristic,1
logic,1
precise,1
sp,1
num,1
distri,1
interrelationships,1
minze,1
indican,1
jr,1
scirpus,1
type,1
tivadas,1
stanton,1
dence,1
alcanzar,1
transitional,1
turn,1
impov,1
sed,1
nor,1
orig,1
palynomorphs,1
sycamore,1
clark,1
elderberry,1
patch,1
times,1
document,1
hampering,1
creciente,1
anthropogenically,1
etation,1
depend,1
bution,1
sized,1
cali,1
appropriately,1
amount,1
fig,1
body,1
diospyros,1
materi,1
channels,1
calibration,1
rubusl,1
young,1
annua,1
served,1
radio,1
graphically,1
triloba,1
scir,1
ally,1
left,1
investigadores,1
reoccupation,1
estimate,1
deadnettle,1
mechanical,1
compare,1
locales,1
lisa,1
suitability,1
splitter,1
consequently,1
remarkably,1
sin,1
look,1
corrected,1
plau,1
sieve,1
representation,1
dunal,1
butternut,1
deeply,1
helping,1
aca,1
gest,1
destabilize,1
general,1
understood,1
foots,1
sition,1
tained,1
acted,1
acknowledge,1
competitive,1
error,1
acco,1
ment,1
weathering,1
sabine,1
mechanism,1
rogers,1
permits,1
peo,1
assessed,1
bedstraw,1
simultaneously,1
topic,1
what,1
accidentadas,1
leys,1
adequate,1
york,1
berries,1
ka,1
essential,1
trending,1
plotted,1
necesario,1
identification,1
predicted,1
cleared,1
growth,1
residence,1
main,1
absent,1
fr,1
caliza,1
floods,1
remain,1
altitudinal,1
incipient,1
basic,1
unit,1
af,1
var,1
gum,1
heldens,1
vaccinium,1
midwest,1
responded,1
filled,1
shrub,1
johannes,1
particle,1
sembrar,1
archaeolog,1
suffer,1
forgremillion,1
tools,1
parcelas,1
alteraciones,1
edwin,1
collec,1
resume,1
ingenious,1
persistent,1
buenos,1
menos,1
expan,1
importance,1
bup,1
entre,1
derived,1
ongoing,1
benjamin,1
contributions,1
andropogon,1
signatures,1
sandy,1
walt,1
ozarks,1
gratefully,1
tree,1
distant,1
kocher,1
denuded,1
predation,1
augmented,1
desta,1
mation,1
periodic,1
sassafras,1
bledsoe,1
inance,1
economicamente,1
references,1
ij,1
arid,1
determination,1
tern,1
ocupacion,1
tinued,1
facilitated,1
pared,1
ensure,1
prehistory,1
preclude,1
locally,1
ramsey,1
improvement,1
occupational,1
sim,1
producers,1
severity,1
vations,1
yellow,1
evolved,1
emergence,1
dition,1
proved,1
warren,1
elsewhere,1
driven,1
donde,1
constrain,1
numbers,1
placed,1
gradually,1
hordeum,1
downs,1
northeastern,1
archaeol,1
frequently,1
exposure,1
too,1
inestabilidad,1
iva,1
four,1
howard,1
commonly,1
asociacion,1
valued,1
resource,1
oi,1
biotic,1
exceed,1
predates,1
domesticate,1
generally,1
grandifolia,1
undertaken,1
physio,1
cost,1
flexibil,1
intentional,1
fre,1
begin,1
poplar,1
quanti,1
helped,1
vigorously,1
testify,1
warmer,1
preference,1
decades,1
winchester,1
greenbrier,1
dependency,1
irrigation,1
trifida,1
experimentation,1
opening,1
moving,1
geoprobe,1
closely,1
identifying,1
cd,1
currens,1
appearance,1
tural,1
basin,1
entering,1
chipped,1
expanses,1
ology,1
investiga,1
attrition,1
seven,1
centers,1
vascular,1
mantenerlas,1
tis,1
lih,1
subsampling,1
cates,1
requirements,1
drawbacks,1
amer,1
quercus,1
persist,1
tuliptree,1
percentages,1
ogy,1
composi,1
representative,1
inter,1
landfall,1
mcgrainandcurrens,1
further,1
traits,1
equal,1
vents,1
effective,1
buried,1
caves,1
sido,1
michigan,1
indicio,1
liriodendron,1
indirect,1
duced,1
bearsfoot,1
residential,1
farminggremillion,1
dispersal,1
excellent,1
publications,1
grounds,1
determinations,1
ford,1
tol,1
procedures,1
explain,1
causado,1
heavily,1
acknowledgments,1
comu,1
acteristics,1
boxes,1
oh,1
possibility,1
jnortntork,1
sparse,1
criteria,1
improve,1
comestibles,1
failure,1
accelerator,1
resident,1
products,1
having,1
flannery,1
allocation,1
ascend,1
lope,1
marsh,1
paleoenvironmental,1
line,1
landmark,1
distinc,1
closed,1
mapped,1
minute,1
acidic,1
inundaciones,1
inferred,1
intense,1
rocks,1
horticulture,1
hubiera,1
fluctuate,1
oxydendrum,1
gleditsia,1
accu,1
reestablished,1
coping,1
significantly,1
county,1
ranger,1
characterization,1
occupants,1
pathway,1
purpose,1
example,1
wasting,1
apparent,1
sistence,1
related,1
vitis,1
interna,1
ferent,1
ningun,1
konrad,1
copyright,1
reliance,1
plow,1
indicios,1
bottomland,1
fit,1
consistently,1
tilled,1
database,1
northwest,1
contains,1
intensifies,1
modate,1
people,1
oaks,1
tative,1
bolster,1
statistics,1
augment,1
focuses,1
douglas,1
away,1
altos,1
employed,1
cat,1
quizd,1
differentially,1
project,1
wil,1
sun,1
envi,1
sions,1
includ,1
horizon,1
attributed,1
count,1
chemistry,1
winches,1
triacanthos,1
blackberry,1
lebetter,1
lafrecuencia,1
agriculturally,1
biennials,1
picture,1
occa,1
wholesale,1
responses,1
reid,1
inadecuada,1
adel,1
tolerant,1
mesopotamia,1
smilax,1
indicator,1
evo,1
mandaaliza,1
hopewellian,1
regardless,1
constituent,1
phalaris,1
crearon,1
cedures,1
cho,1
desmodium,1
gaylussacia,1
cope,1
maximize,1
fallow,1
reaches,1
gests,1
typ,1
insurance,1
analizar,1
scarlet,1
intervals,1
chert,1
spanish,1
agement,1
mains,1
altered,1
mod,1
este,1
pits,1
grow,1
leather,1
decid,1
rates,1
relativamente,1
decline,1
bernd,1
tanto,1
boundaries,1
villages,1
managment,1
mixing,1
rind,1
core,1
always,1
uvedalial,1
ington,1
st,1
alterna,1
productivity,1
flatsedge,1
otros,1
city,1
relic,1
cycle,1
notes,1
plausible,1
undergoing,1
diminished,1
appropriate,1
displaced,1
cating,1
gordon,1
schematic,1
impor,1
acertada,1
setaria,1
avoid,1
content,1
hurricanes,1
annuus,1
gayle,1
cliffline,1
analytic,1
herein,1
critical,1
usable,1
tasks,1
impermeable,1
deplete,1
istic,1
reduced,1
kalmia,1
archaeo,1
van,1
materials,1
laurel,1
summarize,1
functioning,1
tively,1
achenes,1
impacts,1
separation,1
chinkapin,1
ers,1
itants,1
ibrated,1
losprimerosproductores,1
agricul,1
cology,1
preferian,1
wetland,1
hollows,1
exception,1
precipitaciones,1
constraints,1
oleracea,1
lex,1
july,1
still,1
canadensis,1
bined,1
expanded,1
xl,1
standing,1
persimmon,1
chaeological,1
wind,1
movement,1
atop,1
hold,1
btotals,1
consump,1
demic,1
preston,1
limpiarlas,1
postdates,1
contributing,1
ulmus,1
betula,1
emerged,1
interpretation,1
examined,1
wake,1
latifolia,1
read,1
pedons,1
middlebrook,1
continuity,1
selec,1
columbus,1
ele,1
neither,1
koch,1
management,1
archaeob,1
processing,1
tax,1
planicie,1
enigmatic,1
adjusted,1
littlegremillion,1
abbott,1
same,1
lord,1
ky,1
prh,1
ro,1
sharply,1
nada,1
ostrya,1
arboreum,1
hik,1
largest,1
costs,1
already,1
insights,1
siceraria,1
damaged,1
berke,1
unusually,1
goodness,1
tain,1
opment,1
maintained,1
vervain,1
consis,1
spatially,1
neutralizes,1
backpack,1
volume,1
persuasive,1
sam,1
sunlight,1
simulation,1
inhabitants,1
members,1
earthflow,1
nees,1
suit,1
comparison,1
locust,1
valles,1
hollow,1
avail,1
chance,1
varies,1
lucy,1
intensiva,1
sider,1
financial,1
generously,1
summits,1
enced,1
negatively,1
prehistorically,1
fact,1
shows,1
gar,1
otanical,1
sourwood,1
fluence,1
foodstuffs,1
occurrence,1
carbonized,1
foods,1
broadly,1
totals,1
utilizing,1
smart,1
abstract,1
carya,1
lacks,1
anthro,1
compatible,1
culti,1
diverse,1
ethno,1
pigweed,1
hargan,1
arthur,1
hackberry,1
erance,1
diameter,1
considerable,1
man,1
oc,1
habit,1
potencial,1
serious,1
removal,1
fragments,1
empir,1
harvested,1
channel,1
microscopic,1
contribuyo,1
conclusions,1
uous,1
everyday,1
renfro,1
cruz,1
midcon,1
operating,1
ras,1
gorges,1
continuing,1
developing,1
purposes,1
accepted,1
receives,1
establish,1
relevant,1
footslopes,1
michael,1
vertical,1
council,1
dance,1
necessary,1
por,1
pickett,1
caitlin,1
liter,1
flota,1
consultant,1
bass,1
hurricane,1
como,1
pusillum,1
gives,1
shifts,1
polymnia,1
fraxinus,1
bilization,1
encountered,1
lowerupper,1
cornus,1
ricos,1
flanks,1
inundaban,1
landslide,1
matrix,1
fertiles,1
haya,1
oxalis,1
nutrition,1
uncer,1
elevations,1
supplies,1
galium,1
parching,1
examples,1
considering,1
bancos,1
juglans,1
lugares,1
preferential,1
sacrifices,1
accompanying,1
hickories,1
situating,1
shackelton,1
inclinadas,1
bucket,1
scatter,1
previously,1
panicum,1
colonize,1
forested,1
turbances,1
preva,1
cultivos,1
recover,1
concern,1
findings,1
varying,1
lake,1
chanda,1
entirely,1
densa,1
dropped,1
raven,1
clearance,1
assumption,1
approximately,1
emphasize,1
assume,1
tings,1
archaeobotanists,1
pref,1
shortcomings,1
prominently,1
maiz,1
numbered,1
trend,1
actual,1
story,1
engaged,1
individuals,1
sible,1
munity,1
woodsorrel,1
anteri,1
depiedra,1
full,1
sumac,1
california,1
synthetic,1
theoretical,1
moq,1
subsurface,1
versions,1
celtis,1
bayliss,1
dunwoody,1
encuentran,1
transformation,1
accessed,1
glasgowgremillion,1
challenges,1
poke,1
coopera,1
fragaria,1
weir,1
ilar,1
peter,1
amounts,1
convincentes,1
august,1
nightshade,1
individual,1
christopher,1
feasible,1
aun,1
plains,1
like,1
renfroand,1
revised,1
attribution,1
cache,1
played,1
linking,1
kennett,1
counted,1
addi,1
practiced,1
deficiencias,1
interacted,1
provides,1
segment,1
usgs,1
contribuyeron,1
minimal,1
dant,1
exchange,1
repeated,1
spent,1
ited,1
habitations,1
margin,1
graphic,1
eash,1
especially,1
outside,1
cs,1
tier,1
physalis,1
evolutionary,1
moist,1
plum,1
anuales,1
girdling,1
hierbas,1
prunus,1
vestigio,1
examine,1
nei,1
effect,1
sig,1
sobre,1
usa,1
analyze,1
hogweed,1
differ,1
attracted,1
shale,1
streams,1
versus,1
occupied,1
tendency,1
goosefoot,1
ron,1
lowest,1
tulip,1
cipitation,1
ovifera,1
sented,1
decision,1
product,1
solar,1
farm,1
phytogeographical,1
ethnobiology,1
depth,1
consists,1
dominants,1
esta,1
assigned,1
onomic,1
fueled,1
median,1
modification,1
initiates,1
cessional,1
flower,1
alex,1
shel,1
dissected,1
integration,1
independent,1
george,1
deposi,1
movements,1
crucial,1
cedar,1
iment,1
denton,1
perennials,1
serviceberry,1
unwarranted,1
trefoil,1
resistant,1
parent,1
lines,1
insufficient,1
sec,1
gos,1
who,1
colonizers,1
seen,1
affinity,1
deposit,1
tant,1
armed,1
itage,1
began,1
nuevo,1
millennia,1
ozark,1
nuity,1
standi,1
phytogeography,1
length,1
bermuda,1
ridges,1
spanning,1
inating,1
adaptation,1
graphical,1
herman,1
es,1
liu,1
efficiency,1
honeylocust,1
hi,1
travelled,1
alteracion,1
existed,1
achieve,1
dead,1
costoso,1
stratified,1
composed,1
alimentos,1
fields,1
hick,1
effort,1
paleoethnobotanical,1
tial,1
trasting,1
canada,1
consid,1
egories,1
contrario,1
tems,1
sound,1
impacted,1
rigorous,1
joseph,1
areal,1
biology,1
weyhenmeyer,1
wetter,1
amsl,1
groundcherry,1
suggestions,1
exercised,1
heavy,1
eventually,1
ordered,1
cultivars,1
indeterminate,1
lessons,1
rea,1
ters,1
conclusion,1
refute,1
incorporated,1
persis,1
desiccated,1
founded,1
predictions,1
simply,1
erished,1
solanum,1
economically,1
substrate,1
reinforced,1
cate,1
detail,1
observation,1
regime,1
dependencia,1
ralph,1
spots,1
terrestrial,1
gravedad,1
foodplot,1
mulation,1
rocky,1
agricultores,1
dun,1
lowing,1
useful,1
offers,1
estas,1
auger,1
der,1
poten,1
dkey,1
quickly,1
textures,1
nonperishable,1
deficiencies,1
colonization,1
rhus,1
tallygremillion,1
seedlings,1
ronmental,1
cm,1
ffl,1
tongue,1
ilexl,1
specialized,1
december,1
habi,1
downslope,1
paleoindian,1
seem,1
best,1
ft,1
ches,1
down,1
ured,1
intensi,1
appalachians,1
genus,1
paleoclimatic,1
scenario,1
minimized,1
munities,1
foundation,1
harvest,1
skid,1
ported,1
er,1
ponderance,1
overhang,1
benefit,1
badger,1
jg,1
examining,1
differed,1
distinctive,1
antiq,1
excava,1
utilized,1
thompson,1
vey,1
hooton,1
living,1
advances,1
edge,1
respect,1
evident,1
pri,1
bien,1
portions,1
blowing,1
hills,1
nificant,1
game,1
experi,1
phytolacca,1
economy,1
genera,1
pomeroy,1
proceedings,1
carefully,1
cubiertos,1
colonizacion,1
poses,1
stability,1
twisted,1
making,1
particular,1
character,1
strawberry,1
feb,1
sus,1
storm,1
signature,1
sively,1
clematis,1
shortages,1
beauv,1
separated,1
supplemented,1
consisting,1
acerl,1
toe,1
waters,1
densities,1
her,1
condiciones,1
correlates,1
macrore,1
constanze,1
spurge,1
property,1
assump,1
unglaciated,1
scenarios,1
suggests,1
emphasis,1
virginia,1
isotopic,1
container,1
paleoecology,1
replacement,1
thatgremillion,1
contain,1
categories,1
travel,1
haps,1
lence,1
suelo,1
predictable,1
iwwswi,1
conference,1
preservational,1
infertile,1
tulipifera,1
researchers,1
paleoclimates,1
lagenaria,1
careful,1
northwestern,1
exclu,1
readjusted,1
transport,1
multiple,1
ruled,1
ill,1
generaliza,1
prehis,1
thereby,1
conclude,1
affecting,1
through,1
landslides,1
decisive,1
runkle,1
despite,1
marble,1
medik,1
abri,1
atmospheric,1
alternatives,1
develop,1
role,1
devel,1
cations,1
mayor,1
whatever,1
lies,1
radiation,1
assumptions,1
concentraciones,1
pi,1
cualquier,1
vertically,1
sion,1
oil,1
destination,1
rower,1
screen,1
contribute,1
obtain,1
lab,1
viding,1
summarizes,1
rocosos,1
nickelhoff,1
mitigation,1
families,1
goose,1
conti,1
sb,1
eroding,1
characterize,1
coming,1
pogenic,1
paula,1
tats,1
varied,1
ofgremillion,1
precision,1
duchesne,1
relates,1
footslope,1
come,1
diagram,1
northeast,1
question,1
disadvantages,1
algunos,1
shown,1
blueberry,1
spring,1
amelanchier,1
sistemas,1
agricola,1
electronic,1
cual,1
lands,1
sever,1
average,1
observed,1
charts,1
finding,1
contract,1
camps,1
huckleberries,1
ores,1
morphological,1
marjon,1
iden,1
lamium,1
chiefly,1
parallels,1
rcraig,1
course,1
contributed,1
joined,1
blage,1
instead,1
sues,1
unsuitable,1
sional,1
giddings,1
consumption,1
luvial,1
gradu,1
depo,1
exceeding,1
regular,1
approach,1
inhab,1
tobacco,1
carlota,1
ond,1
extremely,1
scape,1
speak,1
traveling,1
maintaining,1
mamsl,1
euphorbia,1
supported,1
juniperus,1
carbon,1
ethnogra,1
removing,1
encouraging,1
fol,1
invade,1
outnum,1
fagus,1
consisted,1
huckleberry,1
bondades,1
tified,1
cook,1
patricia,1
era,1
volvio,1
sits,1
maximum,1
etacion,1
evi,1
marily,1
uity,1
aumento,1
countable,1
duration,1
mobility,1
among,1
panic,1
dif,1
unequivocal,1
profiles,1
vegetated,1
broader,1
tract,1
col,1
roles,1
sen,1
silene,1
costly,1
gblower,1
