WORDCOUNTS,WEIGHT
the,700
of,458
and,444
in,278
to,232
a,144
that,116
for,101
have,97
by,89
cooking,85
as,84
are,75
this,74
would,60
from,60
is,58
be,54
were,53
these,51
alaska,51
we,50
with,50
pots,48
was,48
vessels,46
their,45
on,43
ceramic,42
been,41
university,40
at,39
pottery,39
pot,39
made,37
american,36
also,35
most,32
or,32
used,31
use,31
other,30
western,29
our,28
arctic,26
an,26
not,26
it,25
they,25
pp,25
some,23
native,23
edited,22
c,22
no,21
alaskan,21
vitamin,21
because,21
elders,21
women,20
clay,20
may,20
knowledge,20
time,20
context,19
which,19
archaeological,19
can,19
con,19
when,19
has,18
even,18
thule,18
archaeology,18
tununak,18
antiquity,18
meat,18
but,17
cm,17
de,16
many,16
eskimo,16
vessel,16
north,16
such,15
than,15
had,15
data,15
indigenous,15
island,15
historic,15
vanstone,15
one,14
nelson,14
people,14
social,14
oswalt,14
ing,14
manufacture,14
e,13
subsistence,13
during,13
small,13
make,13
anthropology,13
interviews,12
coastal,12
study,12
could,12
late,12
cultural,12
ethnographic,12
technique,12
james,12
cook,12
technological,12
into,11
all,11
there,11
l,11
diet,11
oral,11
fire,11
more,11
elder,11
wood,11
past,11
although,11
region,11
traditional,11
m,10
tion,10
first,10
production,10
along,10
process,10
found,10
cold,10
about,10
museum,10
practice,10
high,10
skibo,10
who,10
early,10
washington,10
history,9
being,9
robert,9
how,9
potters,9
important,9
though,9
several,9
research,9
limited,9
us,9
two,9
only,9
see,9
cooked,9
la,9
over,9
did,9
accounts,9
despite,9
schiffer,9
environmental,8
bering,8
papers,8
southwestern,8
conducted,8
houses,8
en,8
eskimos,8
weather,8
ceramics,8
well,8
los,8
heat,8
will,8
under,8
al,8
new,8
so,8
anthropological,8
las,8
consultants,8
them,8
making,8
laguna,8
size,8
both,8
created,7
village,7
driftwood,7
archae,7
height,7
those,7
possible,7
very,7
house,7
appear,7
prehistoric,7
aspects,7
work,7
its,7
northern,7
ancsa,7
suggest,7
smithsonian,7
suited,7
technology,7
reports,7
contemporary,7
man,7
patterns,7
michael,7
gender,7
dry,7
problems,7
environment,7
paper,7
historical,7
while,7
information,7
sea,7
techniques,7
challenges,7
difficult,6
sod,6
resulted,6
needed,6
h,6
contact,6
sources,6
interviewed,6
low,6
likely,6
x,6
relatively,6
journal,6
ves,6
firing,6
w,6
resource,6
raw,6
inter,6
et,6
approach,6
change,6
least,6
alaskans,6
annual,6
results,6
society,6
critical,6
engineering,6
lisa,6
culture,6
indian,6
department,6
she,6
areas,6
foods,6
less,6
nutrition,6
food,6
conditions,6
continue,6
today,6
bureau,6
indicate,6
united,6
must,6
don,6
reported,6
through,6
manufacturing,6
between,6
griffin,6
damp,6
much,6
groups,5
wo,5
modern,5
organic,5
porous,5
fires,5
long,5
brumbach,5
might,5
s,5
america,5
times,5
perspective,5
william,5
general,5
poorly,5
walls,5
site,5
his,5
importance,5
factors,5
retained,5
bay,5
calgary,5
hot,5
dc,5
choices,5
fish,5
required,5
method,5
memory,5
winter,5
wei,5
family,5
nutritional,5
few,5
coast,5
fully,5
press,5
ical,5
materials,5
july,5
logical,5
jarvenpa,5
light,5
stones,5
science,5
fact,5
lives,5
larger,5
local,5
significant,5
summer,5
collected,5
adaptive,5
nunivak,5
figure,5
thermal,5
methods,5
considered,5
any,5
associated,5
constructed,5
undercooked,5
humid,5
far,5
living,5
ologists,5
form,5
plants,5
seasonal,5
theory,5
suggests,5
given,5
using,5
question,5
until,5
states,5
off,5
resources,5
among,5
observed,5
per,4
large,4
stone,4
before,4
experience,4
experiments,4
available,4
tradition,4
warm,4
government,4
heating,4
que,4
el,4
human,4
since,4
unpublished,4
dis,4
body,4
seal,4
born,4
van,4
americans,4
york,4
rather,4
versity,4
remain,4
levels,4
river,4
view,4
out,4
fuel,4
tools,4
appears,4
year,4
fieldwork,4
regions,4
sense,4
field,4
involved,4
characteristics,4
shapes,4
up,4
world,4
gordon,4
activities,4
scientific,4
economic,4
comparative,4
tery,4
descendent,4
addition,4
longer,4
lack,4
pennsylvania,4
cul,4
understanding,4
technologies,4
discussion,4
advantages,4
open,4
margaret,4
stress,4
like,4
plant,4
uni,4
men,4
especially,4
frink,4
become,4
perspectives,4
continued,4
begin,4
inside,4
seen,4
why,4
construction,4
extremely,4
months,4
interpretive,4
thick,4
turned,4
cal,4
according,4
anchorage,4
practices,4
role,4
intended,4
models,4
years,4
land,4
need,4
attributes,4
chicago,4
temperatures,4
substantial,4
roles,4
winds,3
now,3
way,3
if,3
altamira,3
names,3
informa,3
replaced,3
tures,3
ditional,3
sherds,3
easily,3
studies,3
boulder,3
tecnologia,3
source,3
properties,3
joe,3
archaeologists,3
walnut,3
j,3
seems,3
tra,3
ethnoarchaeology,3
advantage,3
daily,3
rita,3
brian,3
temper,3
fresh,3
wall,3
contents,3
sel,3
key,3
primary,3
kuskokwim,3
roger,3
quantities,3
richard,3
lucier,3
sent,3
collection,3
karen,3
expertise,3
throughout,3
ease,3
jr,3
affairs,3
decisions,3
compared,3
consulted,3
witnessed,3
y,3
ascorbic,3
wet,3
traditions,3
obtained,3
parts,3
recalled,3
escape,3
vasijas,3
sum,3
n,3
weak,3
beyond,3
utah,3
metal,3
david,3
parboiling,3
preference,3
mer,3
greater,3
uses,3
gregory,3
allow,3
tem,3
here,3
orifices,3
osgood,3
understood,3
culinary,3
produced,3
purchased,3
shape,3
weight,3
having,3
residents,3
reid,3
part,3
apparent,3
related,3
climatic,3
floors,3
project,3
t,3
indi,3
cool,3
heller,3
climate,3
inte,3
value,3
provided,3
paul,3
periods,3
south,3
therefore,3
archaeo,3
populations,3
located,3
draper,3
once,3
continuity,3
processing,3
issues,3
tic,3
colonial,3
frederick,3
riordan,3
water,3
humidity,3
shubina,3
state,3
diameter,3
discussed,3
reasons,3
forms,3
never,3
where,3
purposes,3
relevant,3
northwestern,3
demonstrated,3
biological,3
logs,3
lake,3
including,3
identity,3
pauline,3
questions,3
office,3
potting,3
health,3
faces,3
hutchinson,3
arc,3
homes,3
period,3
interpretations,3
probably,3
differ,3
institution,3
hope,3
consumed,3
window,3
george,3
meats,3
tech,3
pieces,3
primarily,3
clays,3
analysis,3
norton,3
ufacture,3
interview,3
rim,3
stephen,3
material,3
simply,3
record,3
each,3
cultures,3
seem,3
argue,3
starchy,3
shortages,3
number,3
ideal,3
finished,3
son,3
city,3
pre,3
tall,3
prepared,3
susceptible,3
shown,3
ethnobotany,3
steam,3
national,3
salt,3
effects,3
clues,3
stefansson,3
area,3
uso,3
observation,3
single,3
little,3
built,3
final,2
does,2
later,2
meaning,2
functional,2
ready,2
busy,2
measures,2
natural,2
eth,2
expect,2
parboiled,2
kinds,2
uncomfortable,2
anchor,2
approaches,2
whereas,2
cited,2
encourage,2
nineteenth,2
consistent,2
anything,2
envi,2
either,2
fairbanks,2
lightly,2
posed,2
evidence,2
sub,2
humans,2
nature,2
words,2
reach,2
principles,2
copy,2
wooden,2
enduring,2
thank,2
poration,2
fruits,2
able,2
service,2
essential,2
products,2
i,2
help,2
last,2
written,2
henry,2
raised,2
depleted,2
within,2
ad,2
case,2
recorded,2
eastern,2
cerdmica,2
anthropologists,2
knowledgeable,2
right,2
vol,2
ered,2
functions,2
point,2
eugene,2
rela,2
quantity,2
cornelius,2
rees,2
chevak,2
technologically,2
wendell,2
thus,2
review,2
tury,2
relationships,2
explained,2
component,2
quality,2
explorers,2
longevity,2
due,2
g,2
kathryn,2
reproduced,2
excavations,2
tucson,2
stored,2
cali,2
amount,2
find,2
mammal,2
archaeologist,2
look,2
vansina,2
transactions,2
ingalik,2
philadelphia,2
vegetable,2
holtorf,2
russian,2
without,2
mak,2
acid,2
performance,2
developed,2
massey,2
landscape,2
hetty,2
b,2
derived,2
direct,2
population,2
dialogue,2
support,2
analy,2
ensure,2
locally,2
established,2
proved,2
elsewhere,2
days,2
philosophical,2
staley,2
hair,2
delta,2
additional,2
polar,2
indications,2
faced,2
nebraska,2
sive,2
remembered,2
based,2
inten,2
transmission,2
medicine,2
typical,2
p,2
changed,2
ceram,2
ogy,2
academic,2
ann,2
oklahoma,2
prioritized,2
focused,2
nel,2
yarborough,2
ated,2
viewed,2
meet,2
placed,2
briefly,2
jim,2
explore,2
basis,2
scope,2
r,2
fired,2
story,2
su,2
sistence,2
parboil,2
place,2
contains,2
records,2
jo,2
lifeways,2
slab,2
reflect,2
sels,2
challenging,2
weeks,2
good,2
inuit,2
caused,2
elect,2
quite,2
yukon,2
dried,2
prob,2
caroline,2
highly,2
este,2
temporary,2
presence,2
iron,2
ancestors,2
villages,2
seeds,2
fri,2
generally,2
hayden,2
notes,2
valuable,2
impor,2
avoid,2
content,2
haas,2
f,2
he,2
san,2
second,2
lit,2
nonetheless,2
doss,2
hide,2
revival,2
concentrations,2
nearly,2
harry,2
indicates,2
wind,2
southern,2
hearths,2
religious,2
answering,2
communities,2
yet,2
kalinga,2
examined,2
serve,2
counterparts,2
favorable,2
complete,2
same,2
agricultural,2
dan,2
insights,2
gary,2
boiling,2
noted,2
fairgrieve,2
nous,2
fruitful,2
walled,2
name,2
skill,2
faculty,2
kenneth,2
mark,2
others,2
pastes,2
blinman,2
printing,2
nevada,2
flat,2
added,2
lengthy,2
anthro,2
personal,2
distinct,2
outside,2
hand,2
stromberg,2
present,2
ground,2
model,2
coarse,2
accepted,2
council,2
diets,2
circumpolar,2
day,2
degree,2
remained,2
effectiveness,2
irina,2
upon,2
friesen,2
sides,2
dumond,2
increase,2
sufficiently,2
encouraged,2
yale,2
hooper,2
factor,2
resulting,2
chosen,2
avers,2
described,2
publish,2
ties,2
relationship,2
interpret,2
keep,2
allowed,2
revised,2
housed,2
stages,2
addi,2
after,2
contributions,2
ture,2
special,2
often,2
craft,2
diffi,2
pro,2
seattle,2
hunters,2
sug,2
saw,2
relative,2
zhushchikhovskaya,2
cen,2
investigations,2
indige,2
sented,2
decision,2
translator,2
standard,2
limiting,2
absence,2
particular,2
recall,2
program,2
bulletin,2
slow,2
collections,2
detailed,2
gut,2
yup,2
jar,2
understand,2
rapidly,2
frames,2
thanks,2
shaw,2
contained,2
heavy,2
firsthand,2
ever,2
continues,2
potter,2
whelming,2
lantis,2
indoor,2
perhaps,2
text,2
sustained,2
set,2
quickly,2
expanding,2
manokinak,2
sizes,2
contextual,2
down,2
half,2
current,2
domestic,2
report,2
observe,2
rely,2
powell,2
build,2
distinctive,2
placing,2
believed,2
merely,2
ideally,2
better,2
places,2
liters,2
phd,2
funk,2
explanations,2
recollections,2
economy,2
investigation,2
tradi,2
ones,2
interpreter,2
incor,2
prehistory,2
her,2
create,2
oils,2
require,2
tant,2
middle,2
remember,2
occasionally,2
age,2
multiple,2
four,2
ace,2
became,2
com,2
ner,2
memories,2
metabolic,2
goals,2
think,2
tions,2
propose,2
northeast,2
cambridge,2
temperature,2
wish,2
offer,2
d,2
product,2
smaller,2
lincoln,2
piece,2
knowl,2
madison,2
speak,2
ziker,2
ranged,2
offered,2
textures,2
drying,2
softness,2
liquid,2
views,2
focus,2
should,2
successive,2
major,2
arizona,2
kurt,1
woven,1
frequent,1
ments,1
ending,1
der,1
preter,1
interpre,1
helped,1
done,1
moshe,1
deny,1
earlyto,1
mara,1
trast,1
lem,1
edge,1
common,1
aurora,1
pur,1
roscoe,1
firebaths,1
generous,1
amin,1
stood,1
immune,1
toolkit,1
fiel,1
exploring,1
tlingit,1
represent,1
capa,1
market,1
affected,1
extreme,1
tuscaloosa,1
nec,1
simmering,1
thrown,1
red,1
eliminated,1
culties,1
tova,1
sis,1
manuscript,1
contradicts,1
mouth,1
andm,1
minutes,1
stripped,1
allreports,1
told,1
center,1
gerald,1
complex,1
fluid,1
nachman,1
pondered,1
bor,1
myth,1
piquing,1
tend,1
reassessment,1
vak,1
live,1
miriam,1
alive,1
tors,1
med,1
english,1
sons,1
rchaeology,1
rounded,1
lesterol,1
commonplace,1
uted,1
originals,1
inference,1
ms,1
missionaries,1
tempered,1
earnest,1
comparisons,1
barest,1
transcriptions,1
royal,1
offshore,1
turally,1
unso,1
occurred,1
contributors,1
holding,1
preindustrial,1
tunity,1
ethnoarchaeological,1
fragile,1
consecration,1
accomplishments,1
viewpoints,1
contested,1
monograph,1
prac,1
humanities,1
geist,1
kerttula,1
my,1
transcribed,1
hensel,1
test,1
har,1
file,1
said,1
boil,1
tages,1
cast,1
inhibited,1
transitions,1
lexington,1
motioned,1
every,1
oppor,1
zona,1
container,1
waskey,1
chainsaws,1
voices,1
flavor,1
derives,1
logistic,1
neolithic,1
contingent,1
colors,1
culturally,1
diego,1
spencer,1
penchant,1
questioned,1
season,1
voss,1
lifestyle,1
mcgill,1
worked,1
ascor,1
coiling,1
advanced,1
olga,1
england,1
scarcities,1
heated,1
confirmed,1
friendly,1
possibilities,1
comparatively,1
broken,1
scientifically,1
ble,1
desire,1
great,1
olla,1
dian,1
follows,1
oka,1
accommodated,1
sometime,1
ences,1
harriet,1
quintessential,1
closer,1
composition,1
characterizing,1
hunting,1
kingdom,1
luz,1
deemed,1
slaughter,1
lengthened,1
tradeoffs,1
maurice,1
damage,1
integrate,1
interethnic,1
lect,1
consist,1
date,1
stand,1
marine,1
staff,1
unsuited,1
corroborate,1
political,1
normal,1
indoors,1
cuenta,1
alabama,1
somewhat,1
saunaktuk,1
sheet,1
behind,1
insti,1
designs,1
filtering,1
akin,1
iyatayet,1
issue,1
scooped,1
ily,1
occasional,1
forum,1
existence,1
axel,1
reconstruction,1
westview,1
researchers,1
identities,1
gaps,1
assertions,1
pulled,1
task,1
capacity,1
prone,1
matthew,1
translations,1
bases,1
nology,1
agriculture,1
cated,1
hall,1
watkins,1
nection,1
retain,1
foraging,1
replacement,1
steve,1
capable,1
determined,1
marked,1
politics,1
eas,1
integrating,1
associ,1
activity,1
burning,1
characterize,1
adopting,1
sumption,1
solely,1
rooms,1
memo,1
environmen,1
medical,1
topical,1
mental,1
desired,1
tlement,1
veloci,1
household,1
dynamic,1
above,1
monly,1
keeps,1
diabetic,1
memoire,1
blubber,1
introduction,1
melting,1
benefit,1
split,1
behavior,1
harold,1
preferencial,1
controlled,1
exposed,1
labor,1
coils,1
regarding,1
central,1
clint,1
amer,1
prey,1
selves,1
collapse,1
ronald,1
differential,1
lon,1
dependence,1
nash,1
uncom,1
angles,1
montreal,1
famously,1
curated,1
quickest,1
descen,1
dynamics,1
development,1
eating,1
church,1
september,1
trated,1
medio,1
exfoliate,1
agent,1
scarce,1
intact,1
bridging,1
valu,1
ray,1
remembrances,1
ow,1
adopted,1
gendered,1
ern,1
difficulty,1
nick,1
writ,1
urioste,1
warding,1
century,1
dence,1
plasma,1
conundrum,1
guided,1
priority,1
turn,1
mixed,1
inserted,1
manufactured,1
nor,1
old,1
utensils,1
patch,1
archaeol,1
averaging,1
feminist,1
tradictions,1
digested,1
ik,1
oxford,1
served,1
cates,1
ally,1
ness,1
animal,1
thin,1
concretize,1
destroys,1
empleada,1
sci,1
storage,1
inexplorado,1
mates,1
fieldiana,1
sin,1
bashful,1
printingreports,1
communication,1
occidental,1
sary,1
pos,1
industries,1
walruses,1
details,1
colleague,1
apparently,1
perplexing,1
gest,1
climates,1
generation,1
unaltered,1
salvaging,1
tempering,1
ment,1
constraints,1
cannibalism,1
anglo,1
drtica,1
mejores,1
costa,1
jean,1
crow,1
higher,1
lesser,1
ers,1
cameron,1
peo,1
steps,1
poor,1
tribal,1
library,1
knife,1
reconstructed,1
slowed,1
recognized,1
neces,1
whose,1
act,1
links,1
purely,1
growth,1
investigacion,1
tite,1
downer,1
ecosys,1
edward,1
victor,1
vegetables,1
basic,1
appreciation,1
preparing,1
kunio,1
holistic,1
mean,1
aesthetically,1
province,1
knew,1
christine,1
completely,1
tary,1
cult,1
snowfall,1
archaeolog,1
cherchez,1
useable,1
lasted,1
supplement,1
honorarium,1
ansca,1
tical,1
se,1
certain,1
discussionreports,1
icant,1
unattractive,1
hearing,1
bryan,1
disintegration,1
winters,1
witness,1
creek,1
suscep,1
white,1
diameters,1
productive,1
rit,1
remembering,1
frederica,1
mation,1
sistently,1
figures,1
maraiuirvik,1
wash,1
exceptional,1
qualify,1
modified,1
references,1
mrs,1
nities,1
perceptions,1
win,1
dean,1
wwwpressuchicagoedu,1
wanted,1
gravels,1
sim,1
lected,1
intensive,1
grains,1
repeated,1
ning,1
energy,1
francis,1
just,1
elevated,1
artie,1
alfarews,1
sbyoung,1
likened,1
shore,1
differs,1
frequently,1
decide,1
sillar,1
observations,1
straints,1
esquimales,1
meant,1
commonly,1
jars,1
experienced,1
recovered,1
max,1
occupied,1
powerful,1
ques,1
follow,1
officer,1
depart,1
overcast,1
undertaken,1
stepping,1
stark,1
requires,1
beef,1
plenum,1
mainstay,1
counihan,1
enfoque,1
pfister,1
sounder,1
desafios,1
vit,1
strengthen,1
nia,1
vine,1
nsf,1
artistic,1
tightly,1
etolm,1
opening,1
result,1
closely,1
distribution,1
lieu,1
explode,1
edi,1
pursuits,1
path,1
location,1
unfolding,1
societies,1
future,1
appearance,1
tural,1
six,1
acknowledgments,1
begun,1
called,1
cli,1
access,1
struc,1
immersed,1
lived,1
deal,1
demands,1
estudios,1
prepare,1
sedentary,1
fishing,1
circa,1
facilitate,1
requirements,1
centrally,1
ttec,1
prudently,1
kettles,1
endeavor,1
ket,1
eat,1
ican,1
etables,1
burst,1
synthesize,1
base,1
experts,1
whitney,1
popu,1
acquiring,1
further,1
handbook,1
particularly,1
motorized,1
encyclopaedia,1
sintering,1
subsisted,1
mate,1
simple,1
burch,1
recently,1
skin,1
ponkra,1
investigamos,1
cannot,1
wherein,1
nique,1
atsuko,1
publications,1
osahito,1
stalks,1
chal,1
pork,1
your,1
dwelling,1
enough,1
corroborates,1
wide,1
near,1
improve,1
hjalmur,1
sites,1
aging,1
none,1
pedro,1
anna,1
protected,1
degrees,1
line,1
arqueologos,1
consecutive,1
sity,1
ening,1
intense,1
contexts,1
listening,1
received,1
afwntawn,1
carry,1
preferred,1
lied,1
anthropolog,1
concept,1
descendant,1
brought,1
crude,1
london,1
purpose,1
confined,1
easiest,1
stite,1
patterning,1
pasts,1
positions,1
ten,1
ple,1
texture,1
loss,1
whole,1
tecnologicos,1
gave,1
tale,1
describe,1
art,1
intermediate,1
myriad,1
toric,1
demonstrates,1
beginnings,1
dietler,1
comprehensible,1
gatherers,1
contextualizing,1
survey,1
stimulate,1
williams,1
portability,1
demon,1
polyunsaturated,1
device,1
documented,1
outdoors,1
rene,1
away,1
surrounding,1
haven,1
employed,1
ulu,1
folklore,1
matt,1
entails,1
resort,1
hopi,1
pretation,1
smallest,1
alan,1
empowering,1
miss,1
own,1
ethnicity,1
feast,1
trading,1
presumption,1
bodies,1
massacre,1
determinan,1
tution,1
precipitation,1
joanne,1
selec,1
optimal,1
describing,1
hard,1
respon,1
corresponds,1
responsibility,1
larsen,1
talked,1
straight,1
resolving,1
resolu,1
willow,1
cho,1
box,1
grass,1
catholic,1
le,1
contrast,1
incipient,1
aluminum,1
discourse,1
sharp,1
settlement,1
typ,1
amidst,1
around,1
oth,1
kinswomen,1
habitation,1
ck,1
sufficient,1
mains,1
june,1
concerns,1
grow,1
tation,1
bro,1
dramatic,1
beck,1
telling,1
methodological,1
ent,1
philip,1
fats,1
descendants,1
scott,1
seed,1
patching,1
ington,1
st,1
majority,1
nunakauiami,1
transparent,1
sumed,1
paid,1
organs,1
shnirleman,1
cycle,1
beauty,1
displaced,1
dietary,1
lems,1
fiber,1
subsequently,1
barbara,1
schnei,1
nassaney,1
enfocan,1
nonethe,1
vantage,1
challenge,1
nation,1
casta,1
reduced,1
trabajo,1
mekorvuk,1
advocate,1
matter,1
plateau,1
various,1
commu,1
functioning,1
bringing,1
steadily,1
tively,1
letters,1
chase,1
employ,1
atypical,1
action,1
britain,1
molly,1
short,1
tempted,1
civilization,1
return,1
qual,1
ened,1
brief,1
indication,1
cuisine,1
exception,1
met,1
prevailing,1
reduce,1
prove,1
community,1
still,1
sobre,1
tor,1
comments,1
standing,1
blending,1
settings,1
anthropologi,1
seemingly,1
nutritive,1
niques,1
structural,1
southeast,1
scarcity,1
frank,1
eral,1
collect,1
usu,1
pacific,1
alterna,1
socioecondmicas,1
vided,1
fatty,1
reference,1
waterproof,1
frinket,1
nowak,1
represents,1
makes,1
rules,1
kluwer,1
incrementally,1
east,1
den,1
columbus,1
mobile,1
quantify,1
ingly,1
challenged,1
selective,1
tually,1
specimens,1
ancient,1
achieve,1
included,1
lieux,1
ethnoarchaeolog,1
shock,1
mcnab,1
quyana,1
lamps,1
rectangular,1
barrel,1
attrib,1
subarctic,1
baltimore,1
ed,1
hay,1
si,1
robust,1
wisconsin,1
sistency,1
towed,1
reliance,1
increasingly,1
atributos,1
smokehouse,1
regional,1
tible,1
mcghee,1
phyllis,1
sistent,1
considers,1
declining,1
regardless,1
fill,1
lee,1
volume,1
perspec,1
provide,1
members,1
california,1
subregions,1
esperamos,1
power,1
stated,1
sometimes,1
childhood,1
academy,1
kayaks,1
preferences,1
reporting,1
similarly,1
responsibilities,1
put,1
sider,1
erman,1
peratures,1
conductors,1
lacked,1
insidious,1
pological,1
marker,1
consideration,1
limit,1
preserve,1
fundamental,1
conduct,1
head,1
blocks,1
wesley,1
gested,1
cape,1
rial,1
trips,1
disser,1
abstract,1
witnesses,1
attempting,1
rubertone,1
suggesting,1
enable,1
break,1
plagued,1
john,1
prospects,1
strait,1
substantially,1
edly,1
seldom,1
superstructure,1
anne,1
anthropologist,1
puzzling,1
ages,1
took,1
sew,1
do,1
v,1
enthohis,1
physiological,1
penin,1
remarkable,1
increases,1
covered,1
manner,1
vilhjalmur,1
dorothy,1
tundra,1
wright,1
vulnerable,1
axes,1
answer,1
strategies,1
vertical,1
choice,1
necessary,1
logan,1
agencies,1
deep,1
japan,1
reopening,1
liter,1
consultant,1
insufficient,1
como,1
style,1
assemblage,1
bas,1
advan,1
brutally,1
explicitly,1
free,1
remarkably,1
ecology,1
proponemos,1
opp,1
wrapped,1
dieta,1
another,1
molding,1
bic,1
baskets,1
protoand,1
extended,1
spectives,1
supplies,1
disease,1
survive,1
excluding,1
tacted,1
referenced,1
comprise,1
asthma,1
surfaces,1
values,1
strating,1
memoirs,1
disintegrate,1
environments,1
vul,1
translation,1
previously,1
depended,1
contacts,1
clustered,1
busted,1
lenges,1
worsen,1
louis,1
colonialism,1
unfortunately,1
largely,1
persisted,1
tenacious,1
refers,1
perception,1
ideas,1
ethnic,1
processes,1
midden,1
actual,1
recovery,1
technologi,1
icy,1
fer,1
munity,1
kotzebue,1
full,1
struction,1
option,1
hardened,1
sound,1
ethnoarchaeologi,1
theoretical,1
catherine,1
netherlands,1
guson,1
grant,1
gral,1
grated,1
wheel,1
sev,1
explorations,1
clear,1
three,1
directed,1
publication,1
express,1
referente,1
ilar,1
peter,1
ireland,1
amounts,1
roof,1
august,1
multivocal,1
held,1
previsto,1
characterized,1
reviewers,1
unpub,1
vita,1
caso,1
cana,1
serves,1
sands,1
traveled,1
practiced,1
configurations,1
accurate,1
households,1
tex,1
threefold,1
commercially,1
provides,1
dant,1
spent,1
signif,1
resi,1
class,1
agriculturalists,1
favored,1
ofreports,1
facing,1
ethnoglogisches,1
astonish,1
trying,1
elaborate,1
constructing,1
juncture,1
viewpoint,1
relation,1
essary,1
overcome,1
struct,1
mr,1
charles,1
examine,1
underfired,1
chagvan,1
availability,1
structure,1
ethnographically,1
ethnohistory,1
slightly,1
pathway,1
ate,1
southwest,1
copyright,1
firmed,1
limita,1
instances,1
accord,1
tendency,1
inupiat,1
quarterly,1
ago,1
arbor,1
diana,1
chikuma,1
attention,1
brown,1
broth,1
nal,1
gist,1
chaeologists,1
swidler,1
seden,1
young,1
shrubs,1
dealing,1
european,1
carried,1
ethnobiology,1
plog,1
okada,1
seasons,1
cereal,1
kaplan,1
assigned,1
notreports,1
devote,1
vegas,1
aid,1
stems,1
demostrar,1
richest,1
longacre,1
bake,1
fairly,1
illus,1
mixture,1
popularity,1
ecological,1
usually,1
linda,1
five,1
you,1
ponkratova,1
vision,1
plays,1
ideology,1
bound,1
rior,1
oregon,1
arqueologia,1
aleuts,1
toma,1
sec,1
consul,1
success,1
reason,1
un,1
nologies,1
tive,1
itself,1
lations,1
lawrence,1
experimental,1
recognize,1
contexto,1
life,1
es,1
blood,1
swink,1
wildlife,1
inferior,1
planked,1
interpretacion,1
ology,1
supporting,1
mother,1
types,1
morrow,1
get,1
aboriginal,1
canada,1
angeles,1
unusual,1
problematic,1
uncarbonized,1
floor,1
investigate,1
fac,1
forest,1
photographs,1
earliest,1
freeing,1
melbye,1
sara,1
addressed,1
detail,1
claims,1
wilmeth,1
produc,1
acquired,1
kuhnlein,1
regularly,1
share,1
eschewed,1
experiment,1
rarely,1
eventually,1
gatherer,1
tema,1
wd,1
kamchatka,1
coat,1
problemas,1
obtain,1
tapes,1
ual,1
exploitable,1
series,1
conclusion,1
ethnological,1
analogues,1
mentioned,1
univer,1
changing,1
intensification,1
conjunction,1
comparison,1
mercantile,1
ronment,1
complexes,1
suspect,1
demonstrate,1
extensive,1
geographic,1
cate,1
too,1
pace,1
known,1
uncov,1
separately,1
ralph,1
trapped,1
menager,1
carbondale,1
carl,1
md,1
woman,1
estudian,1
sciences,1
useful,1
offers,1
drew,1
gran,1
reconstructive,1
colorado,1
coincides,1
sibly,1
hospitality,1
know,1
outcome,1
berkeley,1
reinhardt,1
pales,1
relativamente,1
removed,1
benefits,1
transac,1
ronmental,1
anthropolo,1
cemetery,1
melt,1
cory,1
anthropo,1
steven,1
different,1
connection,1
interested,1
strated,1
exploration,1
vari,1
incorporating,1
curious,1
boul,1
dur,1
harpoons,1
expeditions,1
post,1
dennis,1
foundation,1
harvest,1
brothers,1
loyola,1
basket,1
sula,1
conflating,1
impossible,1
cognitive,1
explicaciones,1
ous,1
relacionadas,1
muktuk,1
choosing,1
tal,1
section,1
pfaffenberger,1
sequester,1
techno,1
works,1
structed,1
coveted,1
growing,1
bilingual,1
activism,1
tices,1
helping,1
muddled,1
construccion,1
unlikely,1
experi,1
boat,1
veg,1
fornia,1
unique,1
implicit,1
whether,1
terms,1
chag,1
stability,1
selected,1
etymologically,1
tow,1
dangerfield,1
maryland,1
varying,1
pertinent,1
lished,1
min,1
passed,1
angela,1
caqneq,1
problem,1
adaptation,1
insightful,1
waters,1
utilitarian,1
scheduling,1
condiciones,1
thames,1
argued,1
prestige,1
institute,1
studying,1
tives,1
produce,1
awarded,1
mg,1
witnessing,1
agreed,1
investiga,1
vil,1
ism,1
unrelenting,1
whales,1
archaeometry,1
ses,1
translated,1
gratitude,1
helge,1
persistently,1
ameri,1
entire,1
greg,1
recognition,1
chipewyan,1
introduced,1
beach,1
chip,1
develop,1
november,1
constricted,1
easy,1
ken,1
predecessors,1
cre,1
transition,1
step,1
harvested,1
re,1
vertically,1
califor,1
boats,1
programs,1
necessitate,1
lump,1
crudware,1
indians,1
exceptionally,1
snow,1
hokkaido,1
aspect,1
noarchaeological,1
varied,1
jan,1
friday,1
eric,1
sanctioned,1
disadvantages,1
shards,1
technol,1
origins,1
layers,1
spring,1
evaluat,1
commercial,1
differentiation,1
unable,1
warded,1
manageable,1
ence,1
relocates,1
average,1
initiated,1
copies,1
decrease,1
illinois,1
twentieth,1
protohistoric,1
atures,1
tempera,1
donna,1
fibers,1
finally,1
wesson,1
public,1
documentation,1
colo,1
contributed,1
exfoli,1
hunter,1
canadian,1
environ,1
crumble,1
agree,1
freez,1
disad,1
firewood,1
integration,1
regular,1
southeastern,1
earthen,1
nerable,1
await,1
organ,1
measured,1
repeat,1
association,1
catharine,1
classification,1
ships,1
archaic,1
meals,1
needs,1
tations,1
sakhalin,1
ries,1
supported,1
potential,1
infor,1
rifles,1
ics,1
themselves,1
myers,1
broadening,1
scooping,1
archival,1
supply,1
restricts,1
patricia,1
irrelevant,1
conun,1
dampness,1
gestures,1
fediuk,1
maximum,1
pology,1
valley,1
evi,1
pat,1
abandoned,1
duction,1
discov,1
pseudonyms,1
ethnoar,1
recent,1
philippines,1
arnold,1
building,1
ologies,1
deficiency,1
meeting,1
col,1
doing,1
indicating,1
draft,1
super,1
occur,1
deeper,1
ellikarrmiut,1
