WORDCOUNTS,WEIGHT
the,706
of,425
and,267
in,243
from,146
a,132
to,128
vessels,118
that,103
is,99
with,84
american,81
for,76
bottom,60
as,59
was,57
were,54
are,54
umv,54
pottery,53
this,51
by,51
at,47
two,47
these,43
mississippian,41
temper,40
cahokia,40
it,37
thin,35
illinois,35
local,34
phase,33
an,33
paste,32
be,32
fmsc,31
site,30
or,30
no,30
sand,29
three,29
have,29
edelhardt,28
all,27
on,27
bbb,25
motor,24
shell,24
university,24
sites,24
pp,23
evidence,23
edited,22
their,21
grog,21
squier,21
pauketat,20
sandstone,20
e,19
late,19
cultural,19
its,19
mississippi,18
one,18
r,18
wisconsin,18
more,18
figure,18
archaeology,17
vessel,17
valley,17
red,16
within,16
ad,16
de,16
only,16
antiquity,16
while,16
both,16
had,15
lohmann,15
garden,15
but,15
also,15
can,15
not,15
angelo,14
they,14
upper,14
f,14
al,14
v,14
which,14
has,14
type,14
emergent,14
emerson,13
into,13
jackson,13
than,13
section,13
pastes,13
compositions,13
urbana,13
percent,13
five,13
analysis,13
tempered,12
exotic,12
mean,12
ves,12
four,12
because,12
matrix,12
values,12
archaeological,12
james,12
sections,12
different,12
cal,12
size,12
between,12
sherds,12
early,12
punctated,11
source,11
limestone,11
other,11
state,11
con,11
timothy,11
most,11
et,11
stirling,11
mound,11
rodell,11
period,11
thomas,11
sandstones,11
chert,11
each,11
interaction,11
complex,10
robert,10
six,10
l,10
b,10
view,10
la,10
stull,10
mis,10
distinctive,10
com,10
along,9
central,9
body,9
woodland,9
during,9
voids,9
origin,9
upon,9
been,9
types,9
mounds,9
common,8
std,8
ramey,8
such,8
petrographic,8
leached,8
kelly,8
similar,8
derived,8
sels,8
vs,8
nonlocal,8
index,8
ceramic,8
time,8
so,8
we,8
associated,8
incised,8
observed,8
stylistic,7
likely,7
being,7
since,7
tables,7
study,7
w,7
age,7
jars,7
stoltman,7
silt,7
important,7
based,7
amer,7
fisher,7
used,7
inclusions,7
several,7
when,7
south,7
comparative,7
same,7
where,7
assemblage,7
ing,7
sissippian,7
whether,7
tempers,7
c,7
major,7
m,6
center,6
western,6
j,6
composition,6
those,6
el,6
recorded,6
east,6
prior,6
sample,6
rather,6
en,6
grains,6
recovered,6
tem,6
ican,6
well,6
revealed,6
people,6
middle,6
presence,6
research,6
identified,6
john,6
external,6
derivation,6
made,6
region,6
including,6
exchange,6
investigations,6
jar,6
construction,6
springfield,6
physical,6
paper,6
william,6
unique,6
multiple,6
green,6
cahokian,6
north,6
ca,6
melvin,5
if,5
group,5
stone,5
h,5
contexts,5
consistent,5
sources,5
could,5
intrusive,5
there,5
porter,5
logical,5
boszhardt,5
component,5
silty,5
relations,5
journal,5
slipped,5
locally,5
trempealeau,5
prehistoric,5
out,5
issue,5
data,5
horizon,5
least,5
st,5
pot,5
second,5
tery,5
under,5
many,5
new,5
compositional,5
considering,5
especially,5
mainly,5
present,5
grain,5
ideology,5
ordovician,5
table,5
composed,5
any,5
natural,5
over,5
form,5
palisade,5
d,5
madison,5
views,5
among,5
iowa,4
ternary,4
studies,4
notched,4
flared,4
first,4
either,4
sub,4
tion,4
confirmed,4
subsequent,4
context,4
case,4
plain,4
ste,4
jack,4
some,4
possible,4
bot,4
mm,4
large,4
excavations,4
jr,4
individual,4
amount,4
geological,4
even,4
deviation,4
identification,4
main,4
earlier,4
emergence,4
nebraska,4
plot,4
viewed,4
record,4
possibility,4
ten,4
cordmarked,4
suggest,4
del,4
order,4
contrast,4
small,4
mineral,4
society,4
located,4
unprecedented,4
single,4
americano,4
represents,4
included,4
complete,4
reports,4
monks,4
benden,4
larger,4
bluff,4
variation,4
considerable,4
discussed,4
por,4
sediments,4
range,4
previously,4
midcontinental,4
significant,4
use,4
actual,4
discovered,4
amounts,4
would,4
outcrop,4
latter,4
comparing,4
k,4
northern,4
slipping,4
relative,4
reasonable,4
meredith,4
remaining,4
lip,4
peoples,4
must,4
cerdmica,4
steven,4
unknown,4
powell,4
them,4
cluster,4
son,4
role,4
our,4
origins,4
crosse,4
although,4
derive,4
area,4
little,4
final,3
now,3
imported,3
represent,3
per,3
sitios,3
cambrian,3
comparisons,3
character,3
history,3
unlike,3
occurred,3
total,3
test,3
s,3
assess,3
suggesting,3
differences,3
farther,3
i,3
dev,3
persistence,3
papers,3
similarities,3
hall,3
vol,3
determined,3
diversity,3
thus,3
influx,3
templadas,3
relatively,3
ern,3
occurs,3
petrography,3
clay,3
dates,3
compare,3
phases,3
sixteen,3
simultaneously,3
town,3
eight,3
population,3
cherts,3
vasijas,3
bruce,3
lithic,3
beyond,3
archeological,3
dc,3
found,3
begun,3
called,3
seven,3
near,3
inter,3
circular,3
ceramics,3
scale,3
tr,3
rocks,3
part,3
ple,3
place,3
bareis,3
employed,3
ter,3
status,3
tom,3
diagnostic,3
few,3
smithsonian,3
visible,3
seed,3
subgroups,3
lincoln,3
ameri,3
noteworthy,3
contact,3
still,3
domination,3
initially,3
southern,3
about,3
once,3
genevieve,3
coeval,3
punc,3
culture,3
unusually,3
independent,3
sam,3
rock,3
surfaces,3
identical,3
archeologist,3
chiefdom,3
outside,3
purposes,3
accepted,3
relevant,3
see,3
stylistically,3
number,3
analyzed,3
represented,3
koldehoff,3
manufactured,3
elite,3
louis,3
radiocarbon,3
trade,3
brad,3
features,3
high,3
preponderance,3
pro,3
sectioned,3
brown,3
reliable,3
provide,3
suspected,3
hinterlands,3
extremely,3
dent,3
earliest,3
known,3
besides,3
danielle,3
colonization,3
counting,3
anomalous,3
evident,3
what,3
terms,3
bodies,3
reported,3
world,3
until,3
tated,3
blage,3
mas,3
association,3
charles,3
barry,3
resources,3
km,3
maximum,3
building,3
tract,3
close,3
assem,3
does,2
dale,2
afluencia,2
transportation,2
tres,2
groups,2
determine,2
comprised,2
easily,2
contention,2
reasonably,2
trace,2
before,2
archaeo,2
lower,2
else,2
archae,2
production,2
derives,2
implications,2
culturally,2
address,2
utilization,2
anywhere,2
broadly,2
analyses,2
regional,2
able,2
current,2
political,2
odom,2
slip,2
effigy,2
existence,2
slips,2
america,2
implies,2
activity,2
west,2
occurring,2
point,2
anticipated,2
labor,2
human,2
review,2
chiefs,2
que,2
development,2
reflection,2
characteristic,2
mixed,2
conducted,2
tabulated,2
moorehead,2
immigrants,2
perspective,2
nois,2
compared,2
truly,2
fowler,2
archaeologist,2
sin,2
apparently,2
piedra,2
lesser,2
flake,2
locality,2
institution,2
photomicrograph,2
una,2
hardt,2
se,2
direct,2
sandy,2
selected,2
space,2
mcelrath,2
plaza,2
analy,2
missis,2
prehistory,2
organization,2
river,2
dated,2
proved,2
solamente,2
surface,2
generally,2
prairie,2
boundary,2
antecedents,2
appear,2
mississipiano,2
sippian,2
aftermath,2
appearance,2
search,2
carol,2
percentages,2
ogy,2
initial,2
glacial,2
representative,2
lat,2
further,2
traced,2
leonard,2
duced,2
appears,2
recently,2
younger,2
grit,2
almost,2
none,2
y,2
literature,2
inferred,2
douglas,2
tool,2
characterization,2
apparent,2
nation,2
patterning,2
geology,2
postulated,2
contains,2
figures,2
survey,2
delgadas,2
surrounding,2
showing,2
attributed,2
approach,2
earth,2
ducted,2
wi,2
involved,2
separately,2
industry,2
texas,2
subgroup,2
up,2
using,2
appropriate,2
value,2
newly,2
provided,2
sitio,2
metaquartzite,2
will,2
led,2
fai,2
scientific,2
action,2
synthesis,2
limited,2
pered,2
exception,2
ponent,2
percentage,2
guide,2
edel,2
turmoil,2
museum,2
ery,2
thought,2
us,2
nature,2
veritable,2
without,2
already,2
department,2
esarey,2
recycled,2
george,2
sis,2
paul,2
book,2
power,2
pennsyl,2
mark,2
marker,2
occurrence,2
appeared,2
minnesota,2
ble,2
diverse,2
doubt,2
fragments,2
honor,2
monographs,2
rinita,2
native,2
encountered,2
microscopic,2
discussion,2
assemblages,2
seen,2
distinctly,2
samples,2
findings,2
products,2
supposition,2
trip,2
platform,2
significance,2
historic,2
general,2
cally,2
preservation,2
standard,2
provides,2
sedi,2
styl,2
assessing,2
sig,2
improbable,2
field,2
ranging,2
european,2
merrell,2
esta,2
assigned,2
perspectives,2
outsiders,2
naturally,2
foster,2
foreword,2
foregoing,2
bulletin,2
referred,2
who,2
secciones,2
rim,2
petrogrdfica,2
clays,2
goetz,2
indicate,2
why,2
inspired,2
existed,2
considered,2
promi,2
smallness,2
quantitative,2
lithologically,2
contained,2
then,2
believed,2
minerals,2
meta,2
exploration,2
seem,2
illi,2
polygonal,2
eventually,2
goods,2
sorted,2
historical,2
las,2
dalan,2
beginning,2
unlikely,2
bajo,2
lopinot,2
nearby,2
geo,2
interval,2
consisting,2
fully,2
property,2
episode,2
wiscon,2
presented,2
entire,2
conclude,2
despite,2
quartzite,2
pre,2
ensuing,2
goals,2
come,2
ordinal,2
positional,2
sur,2
manufacture,2
developmental,2
tabular,2
attributes,2
rench,2
quartz,2
summary,2
retouch,2
specific,2
potential,2
elites,2
morse,2
partial,2
holley,2
evi,2
discov,2
comparable,2
sedimentary,2
famous,2
occur,2
nificance,1
postulating,1
ments,1
proba,1
tains,1
currently,1
o,1
limits,1
trast,1
way,1
valle,1
rev,1
dra,1
keller,1
sonable,1
embarked,1
andsedimen,1
friable,1
peaceful,1
indepentable,1
tuscaloosa,1
insufficiently,1
considerably,1
stands,1
utility,1
manuscript,1
village,1
becoming,1
trench,1
settlements,1
tact,1
replaced,1
confidence,1
tend,1
constructive,1
precede,1
informative,1
specialist,1
true,1
ical,1
rchaeology,1
ways,1
rounded,1
completely,1
sudden,1
istically,1
modern,1
exotica,1
boulder,1
ms,1
former,1
plejo,1
necessarily,1
organic,1
presents,1
laid,1
mississip,1
individually,1
sys,1
loyd,1
variety,1
du,1
materials,1
properties,1
hints,1
experience,1
predominantly,1
decidedly,1
outwash,1
every,1
constituting,1
certainly,1
tener,1
preceding,1
localities,1
disagreement,1
evaluar,1
jointly,1
exclusive,1
rell,1
originally,1
enforceable,1
burlington,1
delperiodo,1
rims,1
undisturbed,1
available,1
sup,1
crops,1
leading,1
paramount,1
notching,1
neal,1
together,1
accompanied,1
great,1
reasons,1
thank,1
premississippian,1
timing,1
potentially,1
rich,1
nineteen,1
admittedly,1
proves,1
brian,1
reveal,1
procedure,1
resulting,1
degraded,1
morphic,1
loose,1
consist,1
date,1
emphasized,1
stand,1
illus,1
precisely,1
influences,1
principal,1
opposite,1
lithostratigra,1
ber,1
alabama,1
polit,1
stolt,1
insti,1
depends,1
ernest,1
datable,1
realizaron,1
evaluation,1
occasional,1
stoddard,1
geologic,1
eastern,1
nience,1
sought,1
bases,1
right,1
design,1
driftless,1
reflec,1
characterize,1
functions,1
october,1
eleven,1
richard,1
crossed,1
measuring,1
fine,1
whatever,1
combination,1
mum,1
rela,1
processes,1
vated,1
sent,1
fur,1
climax,1
overlooking,1
literal,1
bowls,1
compares,1
representing,1
decreasing,1
promises,1
ritual,1
empha,1
eroded,1
rence,1
collection,1
inventory,1
harold,1
learned,1
otherwise,1
regarding,1
historiographies,1
goal,1
andrew,1
includes,1
throughout,1
affiliation,1
ethnographies,1
sacred,1
immediate,1
dynamics,1
humanly,1
objective,1
edgar,1
visited,1
sediment,1
september,1
unpublished,1
implicating,1
trated,1
peter,1
agent,1
regarded,1
num,1
natalie,1
ensambladura,1
cf,1
realization,1
platy,1
assessment,1
emigration,1
century,1
extensively,1
pian,1
nence,1
dis,1
turn,1
cerns,1
explo,1
rank,1
candidates,1
cases,1
consideradas,1
addison,1
distinct,1
nor,1
innovation,1
epoca,1
varney,1
concerning,1
derivacion,1
deterrent,1
supuesta,1
inclusion,1
output,1
suitable,1
ally,1
left,1
third,1
module,1
publications,1
previ,1
outset,1
postulate,1
evidencia,1
coexistence,1
chicago,1
capitol,1
demonstrably,1
pointing,1
wwwutexaspresscom,1
handful,1
fer,1
estilo,1
deriva,1
templadapor,1
ment,1
poorly,1
ica,1
stylisti,1
jean,1
consolidation,1
may,1
ridge,1
failed,1
corded,1
hamlet,1
opposed,1
online,1
via,1
interesting,1
musuem,1
expansions,1
fsmc,1
york,1
cially,1
deviations,1
essential,1
plotted,1
cuatro,1
ling,1
merelytable,1
dilemma,1
subjected,1
observers,1
purely,1
growth,1
engobe,1
caliza,1
generations,1
compatible,1
how,1
interpretation,1
ascent,1
basic,1
tertiary,1
preparing,1
midwest,1
filmed,1
tary,1
active,1
requisite,1
opportunity,1
edwin,1
persistent,1
read,1
importance,1
certain,1
entre,1
intertribal,1
assuming,1
winters,1
possess,1
lacking,1
fred,1
reassess,1
concha,1
diameters,1
pal,1
absorbed,1
characterizes,1
ultimo,1
vanian,1
addressing,1
support,1
wash,1
monuments,1
reason,1
understand,1
changes,1
provinces,1
litica,1
developments,1
gener,1
temprano,1
monumental,1
facilitated,1
consultation,1
plus,1
lin,1
consider,1
hinter,1
lucre,1
xxxviii,1
established,1
sim,1
presumably,1
clearly,1
amid,1
just,1
donde,1
polars,1
numbers,1
mary,1
instrument,1
characterizations,1
document,1
curred,1
differs,1
petro,1
benefited,1
undated,1
presumed,1
iva,1
elwood,1
commonly,1
superior,1
graphic,1
resource,1
additional,1
exotics,1
illlinois,1
mineralogically,1
exceed,1
esencialmente,1
tacts,1
ful,1
fre,1
flakes,1
microcline,1
care,1
perceived,1
aflora,1
suggested,1
providing,1
mer,1
ancient,1
methodology,1
encircling,1
disappeared,1
estos,1
smi,1
whereas,1
greater,1
ranges,1
raw,1
sive,1
moving,1
allow,1
leach,1
declined,1
recipes,1
arenisca,1
hav,1
effort,1
centers,1
objectives,1
sheii,1
generalmente,1
personas,1
struggles,1
ethnohistorical,1
composi,1
term,1
evaluate,1
pering,1
handbook,1
equally,1
occupation,1
mcelrathreports,1
equal,1
focused,1
hacia,1
tools,1
produced,1
devoid,1
applied,1
exca,1
grounds,1
dan,1
expedient,1
perform,1
confirmation,1
premise,1
wide,1
acknowledgments,1
bluffs,1
tant,1
composiciones,1
failure,1
directly,1
storage,1
basis,1
crushed,1
don,1
future,1
tology,1
artifacts,1
residents,1
imports,1
nificantly,1
vying,1
los,1
nine,1
locus,1
centages,1
nearest,1
floodplain,1
unless,1
identicas,1
fired,1
county,1
occupants,1
su,1
purpose,1
edad,1
stir,1
competing,1
example,1
andlisis,1
forcefully,1
domi,1
ascertain,1
surprise,1
copyright,1
tia,1
photographed,1
kindly,1
issues,1
broad,1
birger,1
forefront,1
documented,1
inreports,1
forces,1
lifeways,1
personal,1
reflect,1
tification,1
lamar,1
rise,1
characteriza,1
func,1
manu,1
project,1
artifact,1
sions,1
conform,1
lips,1
lithics,1
tioned,1
macomb,1
tution,1
sel,1
preceded,1
causal,1
change,1
creating,1
reid,1
excavated,1
andsedimentologyoflate,1
normally,1
viable,1
creencias,1
tight,1
ascended,1
straight,1
next,1
sissipiano,1
pected,1
unsupported,1
around,1
mitchell,1
spanish,1
characteristics,1
accomplished,1
objectively,1
revealing,1
mini,1
prompted,1
massachusetts,1
decline,1
essentially,1
ent,1
foremost,1
philip,1
credible,1
core,1
dedicated,1
tempering,1
always,1
stratigraphy,1
dependent,1
loci,1
limestones,1
filling,1
results,1
line,1
enormously,1
plausible,1
umetric,1
diminished,1
grateful,1
preliminary,1
passive,1
am,1
humanistic,1
valuable,1
impor,1
knowledge,1
seemed,1
particles,1
barbara,1
cos,1
converge,1
bedrock,1
assig,1
units,1
ceremonial,1
minor,1
onset,1
ingredients,1
absence,1
expanse,1
bringing,1
tively,1
economic,1
indeed,1
facture,1
munal,1
expansion,1
crete,1
play,1
appreciate,1
brief,1
brings,1
prove,1
community,1
formative,1
desalterados,1
comments,1
precedes,1
lb,1
movement,1
inicio,1
positive,1
southeast,1
vicinity,1
contributing,1
yet,1
recognized,1
stephanie,1
mos,1
cor,1
kluwer,1
caveat,1
fifth,1
neither,1
salient,1
forays,1
jay,1
home,1
falls,1
ams,1
extinction,1
ilarly,1
light,1
assistance,1
ably,1
petrol,1
ocurre,1
ed,1
toric,1
indian,1
inclu,1
emigrate,1
largest,1
interbedded,1
basado,1
ously,1
geologists,1
phyllis,1
stones,1
flee,1
hallmark,1
retired,1
volume,1
perspec,1
lack,1
adjacent,1
starting,1
mixture,1
fire,1
name,1
technique,1
verge,1
again,1
typol,1
avail,1
procured,1
anticuados,1
contextos,1
rel,1
added,1
lime,1
smith,1
efforts,1
communal,1
shows,1
longer,1
twenty,1
unparalleled,1
consideration,1
limit,1
treatment,1
wesley,1
exhibitedreports,1
plucked,1
centered,1
predominant,1
willman,1
abstract,1
exclusion,1
possi,1
identity,1
vernon,1
end,1
figurines,1
contemporary,1
ilmjk,1
pennsylvania,1
man,1
cerca,1
serious,1
forms,1
splinter,1
conclusions,1
intercultural,1
hand,1
precinct,1
locales,1
increases,1
clusters,1
model,1
unit,1
compositionally,1
reassertion,1
vander,1
establish,1
non,1
less,1
roland,1
strategies,1
leveling,1
nently,1
abun,1
rounds,1
perhaps,1
downtown,1
frequency,1
disenchanted,1
style,1
wood,1
primarily,1
identifiable,1
valued,1
degree,1
alston,1
simon,1
tige,1
nonetheless,1
paleozoic,1
private,1
strengthened,1
sippi,1
vast,1
dissimilar,1
contex,1
coherent,1
lost,1
explanation,1
espe,1
implicated,1
discrimination,1
deposits,1
consistente,1
contacts,1
tipa,1
expand,1
tribu,1
varying,1
entirely,1
outliers,1
food,1
recuperacion,1
virtually,1
refers,1
evant,1
jerome,1
pealeau,1
sequence,1
submitted,1
evolution,1
trend,1
variables,1
recovery,1
tual,1
engaged,1
lucretia,1
examination,1
stay,1
sissippianization,1
chemical,1
dating,1
described,1
lado,1
finally,1
explorations,1
tional,1
potting,1
points,1
feature,1
supportive,1
advocating,1
sed,1
gateway,1
times,1
like,1
revised,1
spread,1
parti,1
mount,1
serves,1
linking,1
stages,1
lie,1
subangular,1
counted,1
shortly,1
proximity,1
probable,1
after,1
ahler,1
tartan,1
approximately,1
duane,1
dant,1
artificial,1
unambiguous,1
enough,1
fied,1
computed,1
mineralogy,1
become,1
preponderantly,1
unoccupied,1
reli,1
assigning,1
learn,1
comfortably,1
slightly,1
attracted,1
staff,1
dunham,1
content,1
portive,1
jerry,1
atlas,1
kristin,1
sociopolitical,1
cen,1
sole,1
product,1
separate,1
discriminating,1
dealing,1
tempo,1
consists,1
accepting,1
geographi,1
twelve,1
para,1
abundance,1
pres,1
fairly,1
maharg,1
angular,1
dm,1
sometimes,1
domains,1
maps,1
macroscopically,1
ostrom,1
alternate,1
lines,1
sec,1
widespread,1
instances,1
ping,1
excluding,1
un,1
quency,1
began,1
visual,1
proposition,1
periodo,1
flashpoint,1
es,1
plex,1
fall,1
pipeline,1
habia,1
magnification,1
ology,1
occu,1
griffith,1
exists,1
itself,1
pennsylvanian,1
tems,1
mostro,1
sissippi,1
addressed,1
detail,1
quantitatively,1
variable,1
rarely,1
outlier,1
horseshoe,1
senior,1
rea,1
antecedent,1
comes,1
analogues,1
changing,1
conjunction,1
ve,1
complexes,1
mistook,1
extensive,1
wear,1
constituted,1
ner,1
hypothesized,1
beside,1
potter,1
originalmente,1
recognizable,1
tics,1
determinaron,1
entry,1
carbondale,1
text,1
sciences,1
here,1
alternative,1
set,1
butler,1
refugees,1
dimension,1
mutually,1
control,1
readily,1
anthropology,1
temped,1
possessors,1
december,1
gor,1
assumed,1
innovations,1
stratigraphic,1
albeit,1
vari,1
identi,1
contextual,1
dur,1
argue,1
endeavored,1
trem,1
regard,1
report,1
foundation,1
vibrant,1
thorns,1
reliability,1
denotes,1
rely,1
very,1
fishee,1
examining,1
closest,1
vey,1
shelltem,1
absolutely,1
firm,1
beth,1
rep,1
according,1
virtual,1
johnson,1
economy,1
comparaciones,1
notable,1
combined,1
coln,1
cooking,1
making,1
references,1
yielded,1
supports,1
particular,1
pertinent,1
poral,1
maintain,1
sus,1
map,1
impli,1
extruded,1
cercano,1
prestige,1
cloth,1
tives,1
nd,1
observations,1
deconstructing,1
contain,1
grand,1
metamorphic,1
yardstick,1
socioeconomic,1
howard,1
clayey,1
iting,1
pation,1
exploitative,1
matic,1
prehis,1
uniform,1
introduced,1
city,1
prevalent,1
press,1
cations,1
variability,1
meaningful,1
intended,1
lies,1
step,1
measure,1
matches,1
contribute,1
meanreports,1
divided,1
much,1
ever,1
twin,1
aspect,1
anomdlica,1
terminal,1
tions,1
iments,1
fortier,1
ure,1
soft,1
ultimately,1
models,1
locations,1
difference,1
reveals,1
lands,1
encouragement,1
finding,1
twentieth,1
numerous,1
vance,1
sugerir,1
motives,1
completed,1
iden,1
emer,1
course,1
instead,1
land,1
fisicas,1
sacrificial,1
shellreports,1
southeastern,1
roberta,1
defined,1
farming,1
measured,1
typology,1
shift,1
increased,1
indices,1
comparison,1
willmanet,1
penetrated,1
qualifying,1
ser,1
themselves,1
headed,1
nucleation,1
trubitt,1
expedi,1
lake,1
resent,1
solicit,1
contrasting,1
vis,1
substantial,1
reconsideration,1
demonstrat,1
traditional,1
duction,1
duration,1
mitigation,1
immediately,1
strong,1
mature,1
seek,1
technological,1
recent,1
should,1
virtue,1
col,1
indicating,1
uncertain,1
cited,1
characteris,1
heterogeneous,1
