WORDCOUNTS,WEIGHT
the,117
of,65
and,53
a,38
in,25
to,25
de,18
american,16
that,16
by,15
al,14
buhl,14
et,14
with,11
from,11
neves,10
on,10
we,10
m,9
analysis,9
w,9
human,9
populations,8
as,8
j,8
different,8
green,8
two,7
paleoindian,7
journal,7
short,6
is,6
skeleton,6
for,6
skull,6
cranial,6
were,6
south,5
morphology,5
one,5
these,5
vermelha,5
first,5
based,5
new,5
specimen,5
g,5
americas,5
africans,5
world,5
la,5
at,4
craniometric,4
pucciarelli,4
c,4
evolution,4
was,4
steele,4
measurements,4
also,4
shows,4
other,4
present,4
principal,4
por,4
eastern,4
early,4
shape,4
upper,4
los,4
australians,4
morphological,4
que,4
have,4
d,4
be,4
y,4
given,4
among,4
north,4
f,3
craneofaciales,3
mongoloids,3
figure,3
h,3
en,3
e,3
craniofacial,3
seen,3
poblaciones,3
their,3
cave,3
multivariate,3
modern,3
our,3
wright,3
t,3
been,3
anthropology,3
seems,3
asia,3
s,3
could,3
peopling,3
time,3
very,3
generalized,3
has,3
america,3
lapa,3
data,3
used,3
del,3
r,3
through,3
andlisis,3
indians,3
such,3
modem,3
zhoukoudian,3
archaeology,3
components,3
between,3
metric,3
defended,2
l,2
mosimann,2
museum,2
un,2
affinity,2
vol,2
morfologia,2
mongoloid,2
similar,2
se,2
interpretation,2
university,2
idaho,2
hominid,2
paleobiological,2
max,2
origins,2
physical,2
position,2
peabody,2
taken,2
view,2
humans,2
lapavermelha,2
colonization,2
lahr,2
atributos,2
affinities,2
paleoindio,2
found,2
great,2
really,2
similares,2
able,2
end,2
variation,2
patterns,2
v,2
lpv,2
within,2
el,2
papers,2
population,2
migratory,2
con,2
woman,2
explain,2
interval,2
howells,2
como,2
method,2
u,2
pleistocene,2
well,2
paleoamerican,2
muestra,2
presented,2
ethnology,2
its,2
blum,2
asian,2
harvard,2
which,2
sao,2
years,2
difference,2
cambridge,2
similarity,2
due,2
authors,2
walter,2
period,2
evidence,2
skulls,2
antiquity,2
morphologies,2
bus,2
supplement,2
remains,2
old,2
buh,2
presence,2
da,2
january,2
results,2
using,2
occupied,2
recent,2
should,2
ozolins,2
morphometric,1
model,1
may,1
miller,1
span,1
theoryforlnvestigating,1
hector,1
it,1
not,1
lo,1
fort,1
possessed,1
second,1
o,1
americans,1
town,1
esk,1
no,1
craniometricanalysis,1
edited,1
multiregionalism,1
inhabitants,1
if,1
usually,1
homo,1
magnum,1
program,1
site,1
separated,1
classic,1
highway,1
una,1
alone,1
epocas,1
they,1
importance,1
b,1
entre,1
southern,1
fueron,1
deepest,1
assuming,1
kinds,1
matched,1
study,1
reciente,1
biological,1
about,1
guide,1
peripheries,1
arriving,1
gave,1
firmemente,1
english,1
ambas,1
modernas,1
canonical,1
support,1
biometrika,1
otra,1
face,1
distinct,1
migraciones,1
pp,1
involucro,1
happened,1
acknowledgments,1
craneana,1
traves,1
earliest,1
biology,1
prehistory,1
greater,1
africanos,1
us,1
quantitative,1
parsimonious,1
established,1
gua,1
asidtico,1
dg,1
history,1
occurred,1
included,1
dated,1
before,1
complete,1
proposed,1
same,1
bp,1
performed,1
indios,1
migration,1
northeastern,1
amongst,1
intervalo,1
received,1
evolutivos,1
tei,1
mabpalate,1
belonging,1
already,1
similarcomments,1
four,1
confirmaron,1
geographic,1
examina,1
said,1
basado,1
rise,1
only,1
known,1
percent,1
stressed,1
generally,1
sources,1
resultados,1
long,1
spss,1
paleobiology,1
here,1
sjap,1
brazilian,1
australianos,1
request,1
links,1
know,1
association,1
corto,1
dispersion,1
added,1
especimen,1
contention,1
paper,1
are,1
specialized,1
december,1
pc,1
idea,1
datos,1
believe,1
darroch,1
belong,1
componentes,1
appearance,1
carrying,1
together,1
entered,1
povoamento,1
appeared,1
metodo,1
typical,1
abstract,1
current,1
domestic,1
dicho,1
brazil,1
powell,1
strait,1
while,1
lagoa,1
luz,1
zanini,1
las,1
help,1
tambienfueron,1
there,1
instituto,1
feature,1
bering,1
scores,1
mor,1
date,1
emphasized,1
do,1
beginning,1
situ,1
corroborate,1
evolutionaiyanthropology,1
clusters,1
unlikely,1
somewhat,1
hominido,1
zul,1
inmana,1
accepted,1
consecuencia,1
center,1
similarities,1
see,1
references,1
want,1
independently,1
publications,1
mediciones,1
migrations,1
tol,1
map,1
firmly,1
theory,1
marta,1
bur,1
near,1
bones,1
sugiere,1
usp,1
but,1
mongoloides,1
sudamericano,1
njapari,1
another,1
information,1
original,1
prior,1
some,1
craniana,1
norteamericanos,1
estudos,1
eas,1
revista,1
size,1
nondifferentiated,1
dog,1
gratitude,1
both,1
son,1
clear,1
logical,1
studyofmultivariateanalysis,1
events,1
most,1
cited,1
confirm,1
three,1
bonnichsen,1
comment,1
samples,1
protocol,1
implications,1
bidimensional,1
asercion,1
prevailed,1
older,1
generalizados,1
during,1
broad,1
phenomenon,1
colonized,1
ideas,1
waves,1
regarding,1
central,1
variables,1
cp,1
menos,1
universidade,1
reen,1
review,1
option,1
described,1
component,1
facts,1
sapiens,1
horizon,1
this,1
graph,1
prevails,1
since,1
resembling,1
archaeological,1
hai,1
inclufdos,1
september,1
aus,1
nonmetrical,1
scarce,1
change,1
relatively,1
workers,1
decided,1
least,1
santa,1
genetics,1
revised,1
suggest,1
high,1
tested,1
pertenencientes,1
attributes,1
establecido,1
ain,1
settlement,1
measured,1
nor,1
involved,1
times,1
comparison,1
spanish,1
tempranas,1
especially,1
colonizadas,1
accomplished,1
potential,1
highly,1
este,1
skullshapes,1
evolutionary,1
reburied,1
tribes,1
research,1
corvallis,1
narrow,1
tanto,1
collaborators,1
compared,1
interpretations,1
correction,1
presentada,1
third,1
cranialvariation,1
can,1
mok,1
aquf,1
when,1
explore,1
those,1
express,1
crdneo,1
copyright,1
otros,1
towards,1
than,1
eastasian,1
dos,1
continent,1
concluded,1
major,1
knowledge,1
society,1
tiempo,1
separate,1
