WORDCOUNTS,WEIGHT
the,742
of,463
and,321
in,247
to,180
a,164
is,135
for,129
dates,122
tl,101
by,96
navajo,94
that,88
dating,86
from,82
site,73
be,73
with,67
new,66
are,65
this,64
date,59
sites,55
mexico,54
as,51
or,45
on,45
at,44
samples,44
early,44
may,43
archaeological,42
ceramic,41
ad,40
morris,40
project,39
an,39
dinetah,38
results,37
was,35
area,35
which,34
pottery,34
not,34
were,33
de,30
gray,29
gobernador,29
use,28
x,28
no,28
university,28
because,27
la,27
between,27
s,26
polychrome,26
correspondence,26
but,26
american,25
data,25
distribution,25
occupation,24
range,24
have,24
arizona,24
i,23
two,23
m,22
these,22
can,22
comparison,22
j,21
accuracy,21
sample,21
tree,21
more,21
wood,21
both,21
event,20
precision,20
d,20
one,19
production,19
phase,19
surface,19
years,19
it,18
has,18
cultural,18
used,18
los,18
time,18
subsurface,18
e,17
such,17
most,17
only,17
archaeology,17
some,16
than,16
events,16
research,16
types,16
indicated,15
technique,15
radiocarbon,15
been,15
target,15
contexts,14
other,14
age,14
produced,14
pp,14
ring,14
al,14
recovery,14
due,13
r,13
edited,13
period,13
sandstone,13
each,13
treering,13
protohistoric,13
gobemador,12
dated,12
nation,12
good,12
indicates,12
individual,12
we,12
techniques,12
cross,12
represent,11
h,11
luminescence,11
l,11
study,11
ranges,11
could,11
et,11
thermoluminescence,11
single,11
about,11
sapwood,11
rings,11
standard,11
often,11
provide,11
antiquity,11
temporal,11
jemez,11
land,11
cutting,10
possible,10
bridging,10
their,10
direct,10
utah,10
found,10
evaluate,10
p,10
provided,10
san,10
likely,10
fruitland,10
same,10
where,10
rio,10
juan,10
southwest,10
figure,10
analysis,10
series,10
sherds,10
trees,10
mode,10
northwestern,10
pueblito,9
all,9
heating,9
within,9
papers,9
n,9
method,9
field,9
reported,9
death,9
reed,9
noncutting,9
accurate,9
effect,9
indicate,9
associated,9
harvesting,9
does,8
f,8
large,8
laboratory,8
g,8
ceramics,8
mean,8
after,8
category,8
four,8
loss,8
during,8
when,8
society,8
boundary,8
resolution,8
lack,8
number,8
earlier,8
burned,8
gas,8
type,8
multiple,8
if,7
materials,7
there,7
case,7
design,7
lci,7
expected,7
y,7
error,7
rather,7
en,7
feathers,7
b,7
gathering,7
statistical,7
w,7
problem,7
part,7
its,7
reflect,7
apparent,7
also,7
axes,7
less,7
confidence,7
three,7
historic,7
obtained,7
last,7
any,7
paper,7
better,7
interval,7
suggests,7
potential,7
c,7
o,6
common,6
dose,6
might,6
state,6
system,6
century,6
cases,6
estimate,6
probability,6
derived,6
modified,6
prehistoric,6
residential,6
technical,6
well,6
pueblitos,6
t,6
presented,6
several,6
annual,6
periods,6
grande,6
archaeometric,6
museum,6
wharton,6
management,6
occupations,6
purposes,6
necessary,6
exhibit,6
lake,6
significant,6
refers,6
office,6
collected,6
outside,6
k,6
salt,6
percent,6
northern,6
independent,6
navajos,6
methods,6
construction,6
known,6
colorado,6
correspond,6
different,6
anomalous,6
evident,6
produce,6
through,6
although,6
given,6
much,6
percentile,6
should,6
rate,5
later,5
they,5
character,5
first,5
differences,5
el,5
u,5
signal,5
relatively,5
santa,5
conducted,5
amount,5
suitable,5
coal,5
york,5
unit,5
stumps,5
problems,5
based,5
narrow,5
late,5
directly,5
structures,5
change,5
small,5
will,5
related,5
noncorrespondent,5
under,5
specimens,5
department,5
shows,5
plan,5
v,5
histogram,5
smiley,5
assemblages,5
obtaining,5
like,5
would,5
heartwood,5
relative,5
bureau,5
pieces,5
cind,5
considered,5
must,5
alternative,5
natural,5
control,5
report,5
little,5
dykeman,5
arguments,5
prepared,5
average,5
evidence,5
chicago,5
recent,5
final,4
produces,4
estimated,4
environmental,4
group,4
into,4
occurred,4
long,4
culturally,4
available,4
somewhat,4
context,4
point,4
spain,4
evaluating,4
canyon,4
iron,4
review,4
application,4
arriba,4
z,4
six,4
compared,4
similar,4
support,4
firing,4
locally,4
upper,4
resource,4
important,4
appear,4
greater,4
oklahoma,4
appears,4
population,4
applied,4
energy,4
required,4
near,4
reliable,4
settlement,4
using,4
value,4
exterior,4
absence,4
short,4
vicinity,4
represents,4
williams,4
toward,4
ahlstrom,4
added,4
projects,4
variation,4
distributions,4
considerable,4
do,4
cabezon,4
made,4
sequence,4
preservation,4
provides,4
dendrochronology,4
probably,4
investigations,4
relationship,4
window,4
por,4
extensive,4
here,4
anthropology,4
reliability,4
very,4
historical,4
distinctive,4
argument,4
effects,4
meeting,4
resources,4
designated,3
college,3
introduction,3
utility,3
center,3
stone,3
true,3
studies,3
reasonably,3
history,3
inequality,3
archaeologists,3
assess,3
juniper,3
evaluation,3
recorded,3
guidelines,3
primary,3
great,3
discrepancies,3
prior,3
condition,3
hogans,3
terminus,3
farmington,3
west,3
far,3
thus,3
development,3
dendrochronological,3
reset,3
interest,3
ability,3
matte,3
towner,3
clock,3
journal,3
resultant,3
poor,3
deviations,3
growth,3
district,3
certain,3
earl,3
absorbed,3
lives,3
changes,3
occupational,3
river,3
established,3
just,3
show,3
commonly,3
recovered,3
additional,3
lugcires,3
excavation,3
charcoal,3
result,3
closely,3
density,3
accurately,3
younger,3
year,3
fit,3
consistently,3
winter,3
excavated,3
least,3
radioactivity,3
useful,3
resolving,3
order,3
intervals,3
spanish,3
sufficient,3
few,3
wider,3
routine,3
distinguished,3
romine,3
tended,3
majority,3
south,3
dciting,3
units,3
located,3
overall,3
deviation,3
cinillos,3
make,3
standing,3
paint,3
hester,3
overview,3
interpretation,3
entitled,3
technology,3
us,3
marshall,3
ci,3
fading,3
power,3
deterioration,3
pattern,3
clusters,3
relevant,3
material,3
perhaps,3
frequency,3
local,3
demonstrated,3
eighteenth,3
values,3
represented,3
region,3
including,3
sufficiently,3
largely,3
resulting,3
services,3
trade,3
agreement,3
decorated,3
architectural,3
features,3
curve,3
primleros,3
become,3
axe,3
evaluated,3
species,3
separate,3
european,3
sometimes,3
five,3
hogan,3
langenfeld,3
remaining,3
dead,3
middens,3
addressed,3
school,3
rarely,3
then,3
pueblos,3
demonstrate,3
sampling,3
did,3
best,3
combined,3
spatial,3
terms,3
correspondent,3
information,3
radiation,3
fetterman,3
similarity,3
frame,3
shift,3
requires,3
johnson,3
th,3
traditional,3
duration,3
broader,3
close,3
occur,3
difficult,2
hit,2
calibrated,2
cells,2
episodes,2
mountains,2
manuscript,2
distributed,2
comparability,2
settlements,2
complex,2
larry,2
second,2
mexican,2
completely,2
ms,2
total,2
before,2
oriented,2
nineteenth,2
test,2
accumulation,2
being,2
navcajo,2
either,2
permit,2
implications,2
departure,2
rhode,2
daily,2
estimation,2
predated,2
potentially,2
closer,2
survey,2
assays,2
feature,2
improved,2
occasional,2
corresponded,2
suspect,2
eastern,2
motion,2
advisory,2
slight,2
cater,2
establishing,2
combination,2
indicating,2
bailey,2
fragment,2
inventory,2
frequencies,2
ronald,2
nash,2
estimating,2
pilot,2
since,2
regarded,2
relations,2
occurs,2
assured,2
fluids,2
estimates,2
nor,2
old,2
stored,2
perspective,2
highest,2
sheepherding,2
skewness,2
even,2
designed,2
weathering,2
overestimated,2
litil,2
his,2
main,2
absent,2
developed,2
piuede,2
subsistence,2
suffer,2
entre,2
lignified,2
special,2
factors,2
means,2
cirboles,2
dean,2
consider,2
objects,2
ganado,2
placed,2
undated,2
shorter,2
glaze,2
neither,2
ancient,2
cut,2
had,2
wares,2
erosion,2
cell,2
puebloan,2
habitation,2
facilitate,2
arboreal,2
academic,2
further,2
varieties,2
thearchaeology,2
reservation,2
cannot,2
meet,2
suffered,2
excellent,2
scale,2
otherwise,2
absolute,2
explain,2
possibility,2
improve,2
chopping,2
oak,2
distinguish,2
douglas,2
received,2
goodman,2
nine,2
london,2
purpose,2
contains,2
work,2
consistent,2
systematic,2
interpreted,2
attributed,2
count,2
errors,2
corresponds,2
assay,2
tested,2
involved,2
components,2
presence,2
portions,2
boundaries,2
yielded,2
always,2
viable,2
notes,2
appropriate,2
aggregate,2
valuable,2
chronological,2
span,2
portion,2
therefore,2
ceremonial,2
variety,2
visually,2
indicative,2
comparative,2
subject,2
nearly,2
exception,2
assure,2
converted,2
community,2
july,2
comments,2
collapsed,2
modes,2
southern,2
tends,2
ofthe,2
eatrly,2
ponderosa,2
communities,2
evaluates,2
many,2
serve,2
culture,2
issues,2
broad,2
already,2
published,2
fire,2
successfully,2
europe,2
varies,2
complementary,2
lengthy,2
fact,2
longer,2
head,2
areas,2
our,2
mariah,2
xm,2
together,2
diverse,2
end,2
heirloom,2
external,2
ages,2
enough,2
sweat,2
trunks,2
developing,2
coarse,2
accepted,2
oldpot,2
style,2
remained,2
another,2
independence,2
analyzed,2
those,2
vast,2
treated,2
upon,2
aggregated,2
increase,2
manifestations,2
inanthropology,2
causes,2
questions,2
described,2
bole,2
sherd,2
modem,2
points,2
times,2
characterized,2
revised,2
function,2
mount,2
high,2
abundant,2
latter,2
comparing,2
james,2
slightly,2
tendency,2
united,2
widely,2
consists,2
continued,2
science,2
usually,2
impressive,2
hill,2
cn,2
insufficient,2
bulletin,2
effectively,2
overlap,2
sequences,2
frames,2
spanning,2
responsible,2
quite,2
pipeline,2
table,2
composed,2
forest,2
hancock,2
abandonment,2
wars,2
keyed,2
geoarchaeology,2
cm,2
bereports,2
meristem,2
regard,2
proportional,2
particularly,2
spaniards,2
past,2
proposed,2
texas,2
annuals,2
beginning,2
consultants,2
economy,2
cooking,2
list,2
map,2
ruin,2
limbs,2
predate,2
too,2
contain,2
categories,2
size,2
plata,2
level,2
transport,2
met,2
deadwood,2
measure,2
lab,2
mitigation,2
isolated,2
varied,2
pine,2
chuska,2
shown,2
until,2
sediments,2
difference,2
contract,2
illinois,2
twentieth,2
precise,2
unacceptably,2
typically,2
product,2
smaller,2
piece,2
measured,2
remains,2
ser,2
consisted,2
valley,2
strong,2
among,2
comparable,2
taylor,2
north,2
ca,2
built,2
showed,2
overlaid,1
summed,1
resolve,1
ending,1
margins,1
now,1
currently,1
mostly,1
scimples,1
objetosfechados,1
correspondencicis,1
way,1
surficial,1
correlation,1
stylistic,1
develops,1
commentary,1
discrepencies,1
groups,1
imported,1
providing,1
separated,1
affected,1
extreme,1
wa,1
determine,1
ressultcidos,1
measures,1
branches,1
extends,1
brittle,1
tecniccas,1
per,1
germany,1
sitios,1
needed,1
measurable,1
judged,1
unsatisfactory,1
untyped,1
breakup,1
fechados,1
identify,1
tend,1
directamiiente,1
prime,1
diversification,1
schools,1
postdepositional,1
easily,1
toarid,1
dcitos,1
han,1
conical,1
necir,1
missionaries,1
outperforms,1
necessarily,1
presents,1
replicate,1
cit,1
cornr,1
robinson,1
ayears,1
ethnoarchaeological,1
ae,1
assisted,1
pots,1
exceptions,1
haskell,1
diversity,1
ecirly,1
northward,1
fires,1
lower,1
researchreports,1
synonymous,1
hopi,1
defechatr,1
atearly,1
andapplicationsfrom,1
inc,1
lateral,1
sources,1
encontrcidos,1
timed,1
commission,1
tener,1
jointly,1
crews,1
entailed,1
originally,1
ii,1
attempts,1
taken,1
military,1
concentrated,1
disturbance,1
season,1
attempt,1
rare,1
rational,1
fewer,1
rmollumlinescence,1
nature,1
reevaluation,1
heated,1
memorial,1
company,1
salmon,1
height,1
secondary,1
broken,1
convert,1
thank,1
usefil,1
duran,1
fully,1
torres,1
nineteen,1
government,1
andecologicaldiversityalong,1
check,1
link,1
composition,1
broadest,1
procedure,1
sturdily,1
ia,1
deemed,1
achieved,1
xx,1
latead,1
nm,1
improving,1
greatly,1
incompletos,1
regression,1
jeffery,1
mueistrcis,1
staff,1
classified,1
opposite,1
ity,1
designs,1
legend,1
producing,1
depends,1
bimodality,1
cebolleta,1
datable,1
narrower,1
geologic,1
moisture,1
plain,1
explained,1
tie,1
sensitiv,1
patrick,1
factored,1
rests,1
right,1
chapter,1
account,1
vol,1
ditribution,1
determined,1
marked,1
outlying,1
heartwoodsapwood,1
cooperation,1
activity,1
mmm,1
brewed,1
fortresses,1
hammond,1
tiene,1
etc,1
kirkpatrick,1
mcinifestciciones,1
apache,1
desired,1
reflecting,1
imetodos,1
cited,1
apply,1
reconstruction,1
along,1
representing,1
decreasing,1
ahiadido,1
minimum,1
eroded,1
collection,1
oneand,1
corresponding,1
funded,1
exposed,1
usage,1
ranked,1
expertise,1
relies,1
human,1
regarding,1
quem,1
goal,1
comprehensive,1
includes,1
throughout,1
reservoir,1
que,1
southwestern,1
expect,1
kojo,1
component,1
centenial,1
difficulties,1
immediate,1
dynamics,1
quality,1
realignment,1
bosque,1
aggregating,1
interior,1
extend,1
hostilities,1
trated,1
scarce,1
raises,1
rcidioccirbon,1
barnett,1
denote,1
assessment,1
janet,1
ccpa,1
spans,1
kind,1
guided,1
weaknesses,1
progressive,1
turn,1
lenora,1
nelson,1
adjustment,1
drainage,1
probabilities,1
clark,1
david,1
clustering,1
document,1
refer,1
memorandum,1
convincing,1
spanned,1
differently,1
speed,1
difficulty,1
arranged,1
left,1
unchanged,1
coronado,1
diagnostics,1
helpful,1
undertaking,1
unequivocally,1
geological,1
suitability,1
pueblo,1
canyons,1
termlollumliniscenia,1
ladles,1
programsfor,1
departed,1
cooperative,1
tolerance,1
influence,1
walls,1
mechanism,1
perfect,1
phases,1
higher,1
bimodal,1
employ,1
toolsfor,1
ruins,1
acculturation,1
profoundly,1
philadelphia,1
wavy,1
reflects,1
pcirticulcir,1
ox,1
losffragmlentos,1
negatively,1
centered,1
generations,1
scrapers,1
stresses,1
quantitativeanthropology,1
ncivcijo,1
uw,1
relcitivcaimente,1
reexamining,1
centimeters,1
ubiquitouls,1
pith,1
notcibles,1
opportunity,1
determining,1
proportion,1
flexible,1
connected,1
reportno,1
atre,1
parts,1
thatreports,1
assuming,1
white,1
uncertainties,1
summarized,1
logical,1
consequences,1
plog,1
az,1
reason,1
blurned,1
facilitated,1
affect,1
troublesome,1
entry,1
improvement,1
retained,1
intensive,1
emission,1
yellow,1
grounds,1
contiguous,1
linked,1
section,1
elsewhere,1
donde,1
mciderci,1
argued,1
listed,1
profile,1
periodically,1
pcirci,1
commented,1
oi,1
beyond,1
requested,1
defeat,1
predates,1
followed,1
consequence,1
cost,1
ofanthropological,1
colton,1
mciy,1
plenum,1
shifted,1
dominant,1
care,1
metal,1
lucero,1
strategy,1
indistinct,1
editing,1
constructive,1
felling,1
ei,1
whereas,1
raw,1
skewed,1
acceptable,1
posible,1
lead,1
identifying,1
questioned,1
atla,1
alonzo,1
basin,1
plot,1
hands,1
color,1
critically,1
typical,1
cli,1
discrete,1
centers,1
out,1
deal,1
issue,1
tsosie,1
similarreports,1
fuel,1
base,1
implemented,1
compromised,1
collectively,1
lent,1
term,1
ann,1
ceases,1
contributor,1
equal,1
displayed,1
performed,1
michigan,1
intrasite,1
tools,1
viewed,1
recently,1
termlollumliniscenici,1
companies,1
dispersal,1
erratic,1
harvested,1
noroeste,1
ofamerican,1
procedures,1
cimbcis,1
perform,1
xn,1
hodge,1
wide,1
descritos,1
lease,1
termloluminiscenici,1
acknowledgements,1
influenced,1
criteria,1
experiment,1
ther,1
nnad,1
utilizcin,1
none,1
basis,1
protected,1
relief,1
lomolai,1
artifacts,1
tremendously,1
bc,1
strengths,1
favored,1
rc,1
unless,1
significantly,1
brought,1
heavily,1
su,1
numerous,1
utahreports,1
knowledge,1
beneficio,1
aged,1
homeland,1
lynda,1
routinely,1
scars,1
culturcal,1
whole,1
surrounds,1
lacik,1
q,1
older,1
accretion,1
place,1
refined,1
northwest,1
inferences,1
demonstrates,1
people,1
aztec,1
falling,1
beads,1
perishable,1
rum,1
documented,1
compcircicn,1
herding,1
employed,1
entails,1
showing,1
won,1
artifact,1
reflejcidos,1
status,1
withstand,1
strongest,1
sampled,1
approach,1
statistically,1
solution,1
normally,1
sense,1
indicator,1
unci,1
successful,1
caused,1
hard,1
below,1
responsibility,1
buildings,1
unexpected,1
suggest,1
nonresidential,1
trading,1
applicability,1
cercimics,1
tries,1
unsupported,1
diagnostic,1
atmosphere,1
around,1
explored,1
gobernadorphase,1
leaves,1
oc,1
pifion,1
este,1
grow,1
oral,1
dramatic,1
peak,1
bdosimeter,1
closeness,1
customary,1
up,1
os,1
dependent,1
bn,1
describes,1
ducil,1
city,1
roots,1
swings,1
moved,1
massive,1
activities,1
content,1
wield,1
survived,1
inspection,1
critical,1
he,1
approximate,1
situation,1
residencia,1
rey,1
clara,1
practices,1
various,1
mesa,1
attributable,1
ken,1
requirement,1
populations,1
economic,1
britain,1
synthesis,1
april,1
horses,1
limited,1
return,1
released,1
brief,1
object,1
reduce,1
still,1
above,1
estado,1
anarchaeologicalsurvey,1
sponsored,1
athapaskan,1
targeted,1
doble,1
hearths,1
ware,1
structural,1
daiting,1
ofdinetah,1
postdates,1
pinion,1
keres,1
ineffective,1
yet,1
kalinga,1
excessively,1
dcitcicn,1
fromboth,1
continuity,1
quantify,1
chronology,1
included,1
falls,1
breakage,1
light,1
chio,1
ethnographic,1
ofnavajo,1
indian,1
incluye,1
museumarchaeological,1
begins,1
noted,1
increasingly,1
termzolulmzliniscenici,1
functioned,1
stones,1
spatially,1
volume,1
organizations,1
aggregates,1
french,1
unreliable,1
westward,1
paul,1
jeffrey,1
omission,1
chama,1
broadened,1
vercicidcid,1
others,1
deserves,1
similarly,1
put,1
contextos,1
rock,1
residence,1
smith,1
analytical,1
efforts,1
lighter,1
sovereignty,1
averages,1
spanishamericanadjustments,1
marker,1
valid,1
consideration,1
limit,1
conduct,1
occurrence,1
carbonized,1
pclrticulcir,1
agree,1
eddy,1
choice,1
larger,1
isolate,1
largo,1
farming,1
how,1
highland,1
contemporary,1
substantially,1
administrations,1
resolved,1
diameter,1
fashion,1
discussed,1
serious,1
removal,1
honor,1
cssay,1
mai,1
forms,1
procurement,1
conclusions,1
fits,1
obtainedfroml,1
hand,1
adjacent,1
abstract,1
present,1
documzlento,1
cil,1
manner,1
uppersan,1
ating,1
gra,1
mex,1
ultimately,1
see,1
answer,1
strcitegy,1
confrontation,1
council,1
slice,1
colony,1
fieldwork,1
chronologically,1
native,1
reconstructing,1
assemblage,1
grasshopper,1
kotyk,1
convenient,1
maya,1
degree,1
insured,1
remove,1
charted,1
original,1
grouping,1
entirety,1
tiring,1
microscopic,1
understanding,1
physiologically,1
extended,1
examples,1
considering,1
effectiveness,1
observable,1
twentynine,1
bear,1
extracted,1
thickness,1
milismilos,1
manufactured,1
seventeenthor,1
mcitericils,1
presentations,1
host,1
entirely,1
traded,1
dreports,1
reeve,1
confrontational,1
assumption,1
virtually,1
assume,1
inherently,1
bt,1
submitted,1
storms,1
actual,1
continue,1
mcnitt,1
examination,1
knowable,1
previous,1
csc,1
lcis,1
low,1
open,1
dl,1
appraisal,1
grassy,1
loosely,1
adding,1
authors,1
hiatus,1
behrend,1
sensitivity,1
hampered,1
ditcitble,1
flattening,1
supportive,1
co,1
numzlber,1
allowed,1
reviewers,1
totalreports,1
so,1
plant,1
nonutilitarian,1
serves,1
sideration,1
polychromes,1
administrative,1
households,1
black,1
skibo,1
breternitz,1
permitting,1
fcilta,1
graphical,1
repeated,1
why,1
frayalonso,1
remember,1
roofs,1
voorrips,1
graves,1
random,1
hovezak,1
uncivciilcible,1
considercable,1
interpretations,1
contact,1
correction,1
acquire,1
monographs,1
ameasure,1
ethnohistory,1
protocols,1
equivalent,1
pcarci,1
beam,1
atlas,1
kristin,1
professional,1
attention,1
convincingly,1
division,1
concerted,1
especial,1
rarity,1
depth,1
yields,1
relying,1
lo,1
assigned,1
imply,1
perspectives,1
tentative,1
bars,1
george,1
shortest,1
excepting,1
qlue,1
testing,1
program,1
pooi,1
reasonable,1
begin,1
vertical,1
lines,1
primarily,1
spp,1
referred,1
who,1
lost,1
commended,1
collections,1
translation,1
strongly,1
seventeenth,1
force,1
returned,1
nuevo,1
circumstance,1
visual,1
determination,1
wilson,1
originated,1
bins,1
life,1
overestimation,1
es,1
examine,1
kill,1
fall,1
noncirchitectlrcil,1
homesteading,1
drafted,1
compcirison,1
uso,1
mirror,1
mud,1
conservation,1
nationpapers,1
earliest,1
alone,1
stephen,1
quantitative,1
anthropological,1
stratigraphic,1
administers,1
prehistoricos,1
ici,1
disparity,1
thermlollumlinescence,1
measurements,1
extending,1
semiarid,1
ahios,1
simply,1
wear,1
culturciles,1
invoked,1
slope,1
recognizable,1
satisfactory,1
bronze,1
quemicidci,1
constructed,1
considertcible,1
indiccin,1
record,1
carbondale,1
estcis,1
symbol,1
pt,1
phillips,1
offers,1
imprecision,1
poorest,1
masonry,1
image,1
valencia,1
expanding,1
ratio,1
extraction,1
cercimicci,1
obtenidcis,1
believe,1
accommodate,1
calibrate,1
half,1
cc,1
classed,1
current,1
post,1
ding,1
harvest,1
stretching,1
reproduces,1
exhibits,1
secuencici,1
goods,1
cerccinos,1
raphael,1
ir,1
benefit,1
constant,1
reflected,1
build,1
tracts,1
ensciyo,1
living,1
advances,1
respect,1
person,1
phd,1
bilingual,1
purported,1
franciscan,1
virtual,1
unlikely,1
explanations,1
what,1
catastrophic,1
them,1
form,1
making,1
references,1
estrcitegic,1
plants,1
particular,1
nearby,1
tocci,1
add,1
agricultural,1
calculations,1
theory,1
ceased,1
mathematics,1
eschman,1
adaptation,1
extent,1
encased,1
pobre,1
while,1
expressly,1
secure,1
migrations,1
yield,1
oo,1
generally,1
cuarto,1
ideal,1
middle,1
ulsefilfor,1
vessels,1
mcitericiles,1
john,1
occasionally,1
son,1
circumstances,1
preserved,1
peace,1
ternmnal,1
contemporaneity,1
introduced,1
ncivcjo,1
despite,1
chip,1
collecting,1
press,1
became,1
variability,1
giving,1
redondo,1
plans,1
transition,1
desscirrollo,1
kathleen,1
gilpin,1
obtain,1
copper,1
qualitative,1
phenomenon,1
zuni,1
resultcidos,1
representation,1
firms,1
rioarriba,1
dbiboles,1
iu,1
relates,1
crystalline,1
come,1
formation,1
models,1
instructive,1
unable,1
cambridge,1
assayed,1
finding,1
conditions,1
vogler,1
opens,1
washington,1
ecosystem,1
joined,1
instead,1
grown,1
ico,1
building,1
need,1
physical,1
manufacture,1
developmental,1
states,1
deconvoluting,1
involving,1
attributes,1
clues,1
defined,1
limitations,1
association,1
thermoluoninescence,1
increased,1
reorganized,1
remicirkcible,1
anonymous,1
respective,1
treats,1
vessel,1
removed,1
assumed,1
encouraging,1
km,1
arigorous,1
painted,1
vary,1
maltericils,1
postabandonment,1
dark,1
interaction,1
corn,1
re,1
eb,1
ss,1
philippines,1
histograms,1
delineate,1
petroleum,1
fortuitous,1
trncivs,1
major,1
blm,1
