WORDCOUNTS,WEIGHT
the,390
of,264
and,139
in,136
a,96
to,94
obsidian,94
is,50
phase,44
from,41
no,41
area,40
it,39
as,37
are,37
by,33
city,32
have,30
for,29
this,28
that,27
teotihuacan,27
or,25
tlamimilolpa,25
be,24
sites,24
green,24
was,23
these,23
tzacualli,22
been,21
at,20
some,20
miccaotli,20
which,18
de,18
period,18
areas,17
there,17
on,17
with,16
part,16
one,15
found,15
number,15
classic,14
large,14
two,14
seems,14
used,14
blades,14
workshops,14
preclassic,13
seem,13
grey,13
within,13
probably,13
has,12
were,12
valley,12
proportion,11
not,11
other,11
another,11
vol,11
mexico,11
knives,11
industry,11
workshop,11
an,11
all,10
most,10
more,10
also,10
material,10
knife,10
possible,10
pyramid,10
new,9
though,9
projectile,9
suggests,9
fig,9
forms,9
american,8
pp,8
possibly,8
specialization,8
only,8
later,8
evidence,8
base,8
those,8
form,8
thus,8
point,8
core,8
row,8
late,7
edge,7
common,7
e,7
their,7
section,7
might,7
many,7
time,7
its,7
aztec,7
latter,7
even,7
sun,7
will,6
rather,6
they,6
yet,6
ancient,6
but,6
extensive,6
surface,6
production,6
natural,6
i,6
almost,6
near,6
well,6
points,6
characteristic,6
presented,6
increased,6
than,6
periods,5
increasing,5
partially,5
f,5
scrapers,5
separated,5
square,5
still,5
use,5
about,5
into,5
show,5
known,5
beyond,5
here,5
waterworn,5
appear,5
paper,5
s,5
very,5
end,5
narrow,5
blade,5
mm,5
during,5
pachuca,5
relatively,5
social,5
mines,5
small,5
yielded,5
present,5
suggest,4
university,4
instituto,4
flake,4
economic,4
expansion,4
who,4
strongly,4
ceramics,4
east,4
considered,4
nacional,4
bennyhoff,4
just,4
source,4
must,4
recovered,4
nodules,4
lam,4
published,4
mexicana,4
each,4
suggesting,4
moon,4
great,4
studied,4
while,4
discussed,4
destroyed,4
places,4
antropologia,4
el,4
recently,4
population,4
her,4
because,4
larger,4
data,4
made,4
assemblages,4
through,4
largely,4
much,4
includes,4
artifact,4
mayan,4
least,4
range,4
so,4
writer,4
antiquity,4
y,4
nos,4
mining,4
presence,4
site,4
single,4
early,4
la,4
contacts,3
consists,3
ceremonial,3
frequent,3
higher,3
continued,3
sometimes,3
represent,3
market,3
collections,3
debris,3
similar,3
construction,3
decorative,3
holmes,3
mexican,3
itself,3
convex,3
plus,3
objects,3
quite,3
adosada,3
same,3
n,3
mesa,3
noted,3
being,3
t,3
sources,3
long,3
pt,3
ciudadela,3
specimens,3
ii,3
cover,3
suggested,3
central,3
worked,3
ranges,3
nature,3
out,3
zone,3
products,3
elsewhere,3
cores,3
excavations,3
markets,3
date,3
eleventh,3
where,3
redonda,3
produced,3
sociedad,3
side,3
nearby,3
perhaps,3
produce,3
barranca,3
size,3
width,3
postclassic,3
increase,3
bottom,3
over,3
three,3
entirely,3
began,3
factor,3
full,3
rene,3
such,3
muller,3
discovered,3
held,3
characterized,3
d,3
would,3
type,3
straight,3
collected,3
sanders,3
involved,3
state,3
wider,3
tolstoy,3
working,3
majority,3
slightly,3
otumba,3
south,3
north,3
preliminary,3
ws,3
may,2
difficult,2
teotihuacatn,2
does,2
opposed,2
judge,2
san,2
r,2
phases,2
philadelphia,2
york,2
m,2
ofrendas,2
control,2
l,2
diamondshaped,2
short,2
concentrated,2
northeast,2
etc,2
above,2
introduction,2
floor,2
manuscript,2
los,2
southern,2
figurine,2
shoulders,2
structural,2
southeast,2
fall,2
formed,2
settlement,2
table,2
edited,2
h,2
museum,2
items,2
parts,2
thick,2
drill,2
place,2
had,2
history,2
associated,2
xolalpan,2
guatemala,2
bruce,2
result,2
w,2
reasonably,2
without,2
commonly,2
first,2
people,2
fill,2
supported,2
stemmed,2
ofrenda,2
paul,2
erosion,2
toward,2
others,2
pointed,2
juan,2
personal,2
identified,2
flat,2
expanding,2
shows,2
location,2
available,2
called,2
typical,2
item,2
comparatively,2
demands,2
any,2
help,2
mined,2
wall,2
merely,2
patterns,2
conclusions,2
handbook,2
growing,2
do,2
robert,2
william,2
drop,2
somewhat,2
signs,2
heizer,2
less,2
system,2
sus,2
dr,2
eastern,2
wide,2
consisting,2
assemblage,2
directly,2
mentioned,2
aspects,2
artifacts,2
rio,2
zoomorphic,2
eccentrics,2
both,2
bone,2
level,2
supply,2
crude,2
example,2
whole,2
northwest,2
satisfactorily,2
implements,2
structures,2
actual,2
like,2
kaminaljuyu,2
graham,2
middle,2
reflect,2
lithic,2
floors,2
relationships,2
surfaces,2
ticoman,2
trade,2
reveals,2
sherd,2
due,2
archaeological,2
conditions,2
relaciones,2
unpublished,2
illinois,2
times,2
although,2
supplying,2
general,2
smaller,2
obtained,2
probable,2
earlier,2
cases,2
consist,2
several,2
comparison,2
few,2
amount,2
study,2
between,2
parallel,2
six,2
c,2
can,2
james,2
when,2
northern,2
versus,2
among,2
apparently,2
influence,2
customs,2
unfinished,2
shook,2
separate,2
estudios,1
nonutilitarian,1
final,1
chronological,1
carried,1
now,1
sample,1
diferentes,1
likely,1
nodule,1
demand,1
stated,1
oriented,1
tentative,1
absence,1
operations,1
independent,1
angular,1
mixture,1
science,1
serpent,1
grid,1
cenote,1
developed,1
fields,1
located,1
functional,1
investigation,1
trunk,1
resulted,1
college,1
tzakol,1
becomes,1
lasting,1
prove,1
un,1
mater,1
seen,1
poorer,1
considerably,1
ois,1
differentiating,1
make,1
sequins,1
expanded,1
tools,1
florencia,1
certain,1
group,1
del,1
publications,1
center,1
scraper,1
contributions,1
adapted,1
es,1
k,1
often,1
responsible,1
lacking,1
identify,1
commercially,1
xb,1
berkeley,1
factors,1
wishes,1
types,1
daniel,1
determination,1
chichen,1
changes,1
nl,1
finer,1
gathered,1
resemble,1
taken,1
ceramicos,1
under,1
around,1
restricted,1
varying,1
antler,1
sociology,1
anthropomorphic,1
intensive,1
contained,1
variable,1
national,1
entrenched,1
dated,1
heavy,1
total,1
eventually,1
clearly,1
tulancingo,1
complete,1
obsidians,1
following,1
anales,1
ro,1
sharply,1
differs,1
version,1
frequently,1
lighter,1
contexts,1
too,1
dearth,1
producing,1
four,1
teotihuacana,1
department,1
unusually,1
diffusion,1
historia,1
lower,1
additional,1
alfred,1
picture,1
showing,1
street,1
certainly,1
topographic,1
sherds,1
marketplaces,1
en,1
ruin,1
rell,1
barbed,1
set,1
handle,1
fund,1
give,1
arql,1
quickly,1
ni,1
drawing,1
varies,1
stem,1
arms,1
tlapacoya,1
growth,1
towards,1
cornernotched,1
nb,1
greater,1
cm,1
raw,1
yielding,1
traffic,1
response,1
cultures,1
closely,1
caiculo,1
specialized,1
prehistoric,1
fact,1
based,1
longer,1
lack,1
sizes,1
luis,1
datos,1
copy,1
sections,1
head,1
did,1
maya,1
unidentified,1
could,1
usually,1
belong,1
deposits,1
jacobs,1
striking,1
together,1
mannerisms,1
highland,1
begun,1
nt,1
compound,1
appeared,1
abstract,1
thank,1
mapping,1
mural,1
foundation,1
iii,1
seven,1
centers,1
ials,1
accompanied,1
polyhedral,1
john,1
ff,1
austin,1
plazas,1
room,1
vaillant,1
primary,1
aztecs,1
pintuna,1
distributions,1
dull,1
distinctive,1
las,1
philosophical,1
feature,1
tunnels,1
outside,1
took,1
studies,1
beginning,1
v,1
artefactos,1
political,1
cultural,1
lenticular,1
covered,1
rent,1
what,1
economy,1
lowlands,1
developing,1
carefully,1
equate,1
validity,1
riod,1
existing,1
establish,1
papers,1
them,1
appears,1
whether,1
ion,1
michael,1
intensity,1
ones,1
datable,1
particular,1
scale,1
thin,1
necessary,1
timespan,1
occasional,1
deep,1
wauchope,1
hoped,1
watercourses,1
map,1
tikal,1
resembles,1
transactions,1
layer,1
frequency,1
distribution,1
extent,1
style,1
structure,1
supplied,1
bases,1
ideas,1
criteria,1
thoroughly,1
granular,1
require,1
intensification,1
yield,1
years,1
figs,1
information,1
local,1
indirectly,1
quantities,1
replacement,1
development,1
eduardo,1
distinguish,1
interrelated,1
marked,1
activity,1
situated,1
dimeosions,1
divided,1
finished,1
tihuacin,1
characterization,1
crudely,1
examples,1
functions,1
easier,1
acknowledgments,1
closer,1
upon,1
rubin,1
nine,1
poblacion,1
fine,1
classes,1
sides,1
west,1
altered,1
significantly,1
anthropological,1
thereby,1
little,1
say,1
occupants,1
far,1
exchanges,1
previously,1
retains,1
uncertain,1
proportions,1
depended,1
clustered,1
sobre,1
along,1
samples,1
identity,1
ten,1
revista,1
mesoamerican,1
own,1
sign,1
broad,1
carnegie,1
indians,1
shades,1
exposed,1
work,1
isolated,1
exist,1
actually,1
eroding,1
characterize,1
trend,1
thereafter,1
ethnographical,1
viking,1
esperanza,1
marcos,1
evident,1
continue,1
examination,1
throughout,1
come,1
his,1
inefficient,1
strung,1
consumption,1
institution,1
california,1
craftsmen,1
dating,1
washington,1
litico,1
platform,1
locations,1
kilometer,1
status,1
notes,1
significance,1
cruder,1
visited,1
cronologia,1
directed,1
refuse,1
eccentric,1
ida,1
publication,1
integral,1
tcotihuacan,1
agent,1
corner,1
stockholm,1
interest,1
good,1
change,1
mixed,1
grown,1
cerro,1
occurs,1
define,1
howel,1
below,1
wi,1
jesse,1
valle,1
complex,1
insofar,1
features,1
high,1
risen,1
ciudad,1
antecedentes,1
looters,1
next,1
order,1
off,1
proximity,1
ecology,1
turn,1
templos,1
sharp,1
diagnostic,1
concentrations,1
disk,1
periodos,1
typology,1
pts,1
metepec,1
better,1
summary,1
teohaobsdia,1
needs,1
characteristics,1
density,1
causing,1
highly,1
become,1
research,1
allowing,1
itza,1
suitable,1
reported,1
estratigraficos,1
denser,1
distinguished,1
drills,1
compared,1
chipping,1
george,1
continuous,1
except,1
agrees,1
texcoco,1
spence,1
provisional,1
smallhandled,1
distant,1
entire,1
con,1
given,1
edwin,1
stimulating,1
communication,1
southwest,1
details,1
strong,1
ss,1
pennsylvania,1
recent,1
funneled,1
relative,1
cross,1
dik,1
should,1
pottery,1
grateful,1
dates,1
investigations,1
mil,1
cultura,1
gordon,1
division,1
evidently,1
symbiotic,1
huapalcalco,1
contracting,1
jeffrey,1
