WORDCOUNTS,WEIGHT
of,341
the,331
and,178
a,156
in,145
is,131
to,108
by,77
be,76
are,65
as,65
or,55
this,51
that,50
archaeological,50
for,48
no,45
an,41
with,41
american,35
vol,34
on,34
it,33
pp,33
can,33
not,33
from,32
data,29
at,27
cultural,27
which,25
but,21
such,20
types,20
was,19
culture,19
two,19
archaeology,18
time,18
natural,18
into,17
procedure,17
may,17
concept,17
used,17
interpretation,17
here,17
type,16
have,16
objectives,15
term,15
more,15
analysis,15
artifacts,14
these,14
phenomena,14
city,14
one,13
has,13
placement,13
objective,13
university,13
field,13
lake,13
been,13
order,13
level,13
salt,13
phase,12
obtained,12
historical,12
menasha,12
if,11
procedures,11
approach,11
results,11
must,11
attributes,11
termed,11
first,10
nature,10
site,10
method,10
units,10
relative,10
history,9
also,9
sequence,9
archaeologists,9
j,9
i,9
some,9
out,9
its,9
artifact,9
only,9
new,9
use,9
would,9
attribute,9
phillips,9
they,8
there,8
within,8
basic,8
acquisition,8
most,8
will,8
materials,8
study,8
modes,8
comparison,8
unit,8
techniques,8
integration,8
chicago,8
does,7
group,7
other,7
than,7
rather,7
subsistence,7
abstraction,7
w,7
work,7
research,7
analytic,7
f,7
specimens,7
ethnographic,7
california,7
significance,7
rouse,7
collections,7
anthropological,7
then,7
classes,7
include,7
interpretative,6
all,6
survey,6
activity,6
point,6
processes,6
framework,6
goal,6
general,6
l,6
certain,6
objects,6
proposed,6
records,6
employed,6
preparation,6
larger,6
another,6
stratigraphic,6
material,6
problem,6
national,6
should,6
need,6
area,6
remains,6
specific,6
between,6
ultimate,5
h,5
paper,5
written,5
robert,5
reconstruction,5
possible,5
uses,5
human,5
component,5
development,5
nomenclature,5
process,5
similar,5
observations,5
important,5
based,5
same,5
london,5
description,5
settlement,5
stratigraphy,5
second,5
edited,5
patterns,5
upon,5
willey,5
dating,5
theoretical,5
taxonomic,5
so,5
graphic,5
problems,5
often,5
ordering,5
antiquity,5
class,5
any,5
physical,5
reconnaissance,5
alternative,5
set,5
what,5
particular,5
manufacturing,5
mode,5
formulated,4
discover,4
complex,4
excavation,4
being,4
either,4
tradition,4
differences,4
beds,4
those,4
confused,4
papers,4
collection,4
distinct,4
york,4
identification,4
levels,4
their,4
seriation,4
societies,4
studying,4
cannot,4
absolute,4
place,4
event,4
soil,4
components,4
using,4
synthesis,4
comparative,4
standardization,4
makes,4
lava,4
fact,4
occurrence,4
state,4
simple,4
conclusions,4
assemblage,4
indiana,4
made,4
region,4
samples,4
ideas,4
previous,4
distinction,4
provides,4
become,4
science,4
trait,4
principle,4
anthropology,4
superposition,4
them,4
form,4
age,4
through,4
content,4
step,4
aspect,4
until,4
although,4
temporal,4
defined,4
c,4
butchering,4
taylor,4
occur,4
final,3
common,3
concerned,3
large,3
studies,3
occurred,3
before,3
together,3
typological,3
formulation,3
condition,3
julian,3
since,3
jr,3
publications,3
application,3
his,3
how,3
after,3
b,3
paleolithic,3
raymond,3
modified,3
statistical,3
record,3
differs,3
surface,3
terminology,3
strategy,3
suggested,3
raw,3
expressed,3
prehistoric,3
conflict,3
events,3
traits,3
applied,3
explain,3
required,3
because,3
r,3
change,3
steward,3
next,3
quite,3
essentially,3
annual,3
appropriate,3
gordon,3
avoid,3
chronological,3
he,3
scientific,3
logically,3
inferential,3
community,3
single,3
museum,3
continuity,3
restricted,3
ed,3
alteration,3
technique,3
again,3
pointed,3
analytical,3
distributions,3
pattern,3
man,3
necessary,3
local,3
collecting,3
discovery,3
range,3
assumption,3
refers,3
washington,3
described,3
specimen,3
discovered,3
three,3
equivalent,3
probative,3
relationship,3
practical,3
deposit,3
methods,3
diagnostic,3
aboriginal,3
considered,3
simply,3
defining,3
each,3
best,3
report,3
generalized,3
utilized,3
william,3
terms,3
while,3
emphasis,3
given,3
world,3
chemical,3
d,3
evidence,3
typology,3
association,3
deposits,3
views,3
element,3
little,3
focus,3
observed,3
indicated,2
rev,2
meaning,2
red,2
associated,2
superphase,2
elaborated,2
identify,2
prime,2
word,2
likely,2
approaches,2
specified,2
modern,2
considerations,2
observing,2
stressed,2
attempt,2
s,2
broken,2
feature,2
consist,2
deriving,2
investigations,2
uniformities,2
context,2
similarities,2
less,2
proceed,2
recorded,2
timespace,2
logical,2
ball,2
say,2
associational,2
kroeber,2
fossil,2
economies,2
measurement,2
behavior,2
gravity,2
relationships,2
southwestern,2
historically,2
characteristic,2
occurs,2
walter,2
tucson,2
clay,2
elements,2
old,2
bone,2
rectilineal,2
like,2
geological,2
archaeologist,2
journal,2
delivered,2
phases,2
simultaneously,2
whose,2
operations,2
main,2
landscape,2
presentation,2
completely,2
represented,2
determining,2
persistent,2
derived,2
direct,2
k,2
space,2
means,2
prehistory,2
organization,2
intensive,2
imperceptible,2
however,2
orientation,2
additional,2
utah,2
peabody,2
m,2
coincide,2
methodology,2
my,2
could,2
portable,2
formulations,2
found,2
called,2
deal,2
further,2
though,2
technical,2
aspects,2
well,2
sites,2
accounting,2
literature,2
ideal,2
purpose,2
example,2
knowledge,2
related,2
inferences,2
broad,2
irving,2
device,2
midwestern,2
horizon,2
memoirs,2
manifestation,2
distinctions,2
p,2
caused,2
useful,2
reliable,2
exclude,2
spaulding,2
accomplished,2
portions,2
impossible,2
preliminary,2
valuable,2
geographical,2
society,2
referent,2
detected,2
various,2
logistical,2
correlating,2
limited,2
terah,2
etc,2
make,2
hester,2
read,2
sociocultural,2
under,2
paleontological,2
demographic,2
constant,2
formalized,2
archeology,2
largest,2
pocatello,2
reports,2
noted,2
inference,2
successfully,2
extracted,2
stated,2
academy,2
conceived,2
fundamental,2
areas,2
utilizing,2
abstract,2
habitat,2
john,2
formulating,2
seldom,2
anthropologist,2
never,2
manner,2
where,2
drs,2
developing,2
ordinates,2
interrelated,2
extended,2
treated,2
formal,2
manufactured,2
sufficiently,2
largely,2
harvard,2
actual,2
variables,2
radiocarbon,2
were,2
full,2
synthetic,2
clear,2
reality,2
permit,2
publication,2
seltzer,2
features,2
segment,2
thomas,2
latter,2
date,2
evolutionary,2
james,2
we,2
haven,2
responsibility,2
increasing,2
dealing,2
fluorine,2
indication,2
discussing,2
george,2
provide,2
ecological,2
testing,2
macroscopically,2
program,2
who,2
seen,2
yale,2
sequences,2
achieve,2
table,2
acquired,2
areal,2
ordered,2
sorting,2
incorporated,2
complexes,2
implied,2
precise,2
dr,2
ralph,2
griffin,2
different,2
down,2
aerial,2
sorted,2
associations,2
distinctive,2
past,2
outlook,2
according,2
making,2
artifactual,2
theory,2
temporally,2
surveying,2
always,2
suggests,2
conference,2
recognition,2
introduced,2
regularities,2
goals,2
analogy,2
formation,2
recording,2
manageable,2
cambridge,2
illinois,2
stratification,2
course,2
states,2
classification,2
offered,2
deposition,2
among,2
comparable,2
recent,2
meeting,2
possessed,1
currently,1
unobtainable,1
done,1
investigated,1
sterile,1
anthony,1
later,1
stylistic,1
integrating,1
functional,1
represent,1
personnel,1
affected,1
physiography,1
environmental,1
expedition,1
determine,1
implies,1
pendent,1
needed,1
achievements,1
agency,1
conducting,1
precede,1
formed,1
usefully,1
habitats,1
sets,1
item,1
bias,1
decompose,1
environment,1
integrationcomparison,1
compilation,1
conscious,1
former,1
position,1
justified,1
western,1
partitive,1
necessarily,1
unlike,1
ambitious,1
dig,1
exceptions,1
englewood,1
thepr,1
qualification,1
practices,1
hohokam,1
lower,1
gn,1
conforms,1
lisch,1
sources,1
long,1
every,1
concur,1
preceding,1
flavor,1
exclusive,1
reappear,1
fund,1
implications,1
attempts,1
military,1
might,1
possesses,1
rapid,1
astronomical,1
seems,1
acquainting,1
definition,1
replaces,1
principles,1
crops,1
assembling,1
accompanied,1
conceptualized,1
convert,1
confusion,1
follows,1
scheme,1
mississippi,1
composition,1
carnegie,1
listing,1
subsequent,1
achieved,1
abstra,1
pursues,1
last,1
floral,1
manipulating,1
emphasized,1
greatly,1
inductive,1
concepts,1
classified,1
somewhat,1
theodore,1
el,1
circumvent,1
seminar,1
ad,1
system,1
case,1
invasions,1
fossils,1
occasional,1
narrower,1
existence,1
botanical,1
projectile,1
promulgated,1
conquests,1
task,1
primary,1
sought,1
bases,1
draw,1
custom,1
uneven,1
felt,1
prior,1
nicolaus,1
determined,1
shared,1
overlies,1
october,1
richard,1
investigator,1
obvious,1
whatever,1
occurring,1
fossilized,1
far,1
classifications,1
quantity,1
sherburne,1
dynamic,1
gila,1
along,1
representing,1
himself,1
acquires,1
brew,1
microchemical,1
inventory,1
byswartz,1
diversity,1
ritchie,1
wherever,1
exposed,1
usage,1
avenues,1
prerequisite,1
thus,1
includes,1
royal,1
alignments,1
proceeded,1
reverse,1
explained,1
quality,1
barton,1
due,1
analyzing,1
de,1
g,1
intact,1
interest,1
expeditions,1
santa,1
excavations,1
adams,1
grouped,1
conducted,1
employing,1
century,1
exhausted,1
thing,1
abstractions,1
maintaining,1
clark,1
prepaiti,1
depend,1
refer,1
alkali,1
petrographic,1
fig,1
body,1
response,1
served,1
suitable,1
analogs,1
dates,1
left,1
continuous,1
clock,1
criterion,1
mechanical,1
momentary,1
rears,1
even,1
pueblo,1
seriational,1
operative,1
howland,1
build,1
distribution,1
higher,1
philadelphia,1
recognized,1
adequate,1
essential,1
plotted,1
statements,1
geochronological,1
purely,1
destroy,1
developed,1
angeles,1
possession,1
organizing,1
explicit,1
synonyms,1
preparing,1
mean,1
heizer,1
trite,1
spatial,1
importance,1
permissions,1
white,1
limitation,1
feel,1
awareness,1
multilineal,1
moves,1
reason,1
understand,1
albert,1
nor,1
indianapolisswartz,1
consider,1
occupational,1
established,1
gradually,1
bruce,1
profile,1
preconceived,1
potters,1
four,1
resorted,1
albuquerque,1
follow,1
atomizing,1
peru,1
followed,1
idealized,1
atomizes,1
recur,1
fixed,1
ciboney,1
syntheses,1
mon,1
view,1
conquest,1
descriptive,1
character,1
moving,1
result,1
allow,1
bearing,1
appearance,1
faunal,1
midden,1
discrete,1
relating,1
seven,1
lived,1
conventionally,1
format,1
terminological,1
international,1
muncie,1
criticisms,1
pioneer,1
endeavor,1
viking,1
configuration,1
simultaneity,1
feasibility,1
initial,1
synthesize,1
cores,1
extracting,1
late,1
academic,1
standardized,1
equal,1
tools,1
appears,1
recently,1
ceramics,1
promise,1
younger,1
amenable,1
placed,1
physicist,1
ford,1
pollen,1
shepard,1
acknowledgments,1
haury,1
information,1
shape,1
directly,1
anna,1
basis,1
distinguish,1
line,1
y,1
inferred,1
scope,1
strict,1
future,1
advancement,1
crude,1
training,1
ocher,1
proportions,1
apparent,1
calls,1
ecologist,1
northern,1
whole,1
genuine,1
designate,1
fail,1
intermediate,1
refined,1
climatic,1
people,1
lifeway,1
seasonally,1
falling,1
personal,1
complemented,1
institution,1
swartz,1
smallest,1
interpreted,1
rowe,1
own,1
ucla,1
quencies,1
towards,1
dissolving,1
regions,1
subtle,1
depositional,1
pleads,1
social,1
statistically,1
governs,1
least,1
rigidness,1
start,1
normally,1
indicator,1
successful,1
describing,1
presented,1
pottery,1
working,1
corresponds,1
negligible,1
meggers,1
theoretically,1
suggest,1
manipulates,1
indicators,1
alto,1
applicability,1
involved,1
small,1
separately,1
concerns,1
leather,1
tended,1
philip,1
fully,1
visible,1
generally,1
up,1
necessity,1
excavator,1
notice,1
notes,1
plausible,1
value,1
gross,1
am,1
facies,1
erik,1
critical,1
processual,1
horizons,1
adhering,1
situation,1
advocate,1
matter,1
entitled,1
gabriel,1
identified,1
action,1
indicative,1
doctoral,1
gradual,1
schemes,1
inclusive,1
object,1
cornelius,1
establishes,1
garden,1
indicates,1
manifest,1
precedes,1
initially,1
paint,1
spot,1
zoology,1
direction,1
superorganic,1
selection,1
illuminating,1
impulses,1
guide,1
frank,1
collect,1
communities,1
relied,1
violence,1
outlining,1
examined,1
happened,1
emil,1
serve,1
detectable,1
technology,1
fifth,1
formally,1
idaho,1
processing,1
complete,1
performed,1
experimental,1
already,1
mancos,1
department,1
qualified,1
e,1
regional,1
palette,1
published,1
actually,1
gain,1
museums,1
temporallyspatially,1
metaphysical,1
think,1
paraphrasing,1
similarly,1
put,1
mckern,1
added,1
smith,1
lack,1
idea,1
consideration,1
limit,1
head,1
scholars,1
attempting,1
disturbed,1
choice,1
inevitably,1
enable,1
oneself,1
diverse,1
demonstrating,1
end,1
suggestive,1
resolved,1
succeeding,1
took,1
do,1
v,1
yucatecan,1
meant,1
ground,1
operating,1
model,1
purposes,1
existing,1
accepted,1
florence,1
heavily,1
see,1
manipulable,1
inductively,1
steno,1
perhaps,1
investigative,1
counterpart,1
distortions,1
ecology,1
thoroughly,1
alan,1
interpreting,1
original,1
matrix,1
smiley,1
empirically,1
dichotomize,1
techniculture,1
divided,1
examples,1
colle,1
comprise,1
assemblages,1
reversed,1
values,1
locate,1
temporalspatial,1
ording,1
including,1
beals,1
strongly,1
manifestations,1
concern,1
rec,1
significant,1
combining,1
food,1
numerous,1
manipulation,1
congress,1
refuse,1
brainerd,1
evolution,1
nothing,1
laboratory,1
taxon,1
necessitated,1
involves,1
rejected,1
urbana,1
ction,1
betty,1
comprehensive,1
obtaining,1
points,1
co,1
workers,1
individual,1
times,1
methodological,1
divisions,1
chipping,1
helpful,1
function,1
plant,1
nonutilitarian,1
reconstructed,1
collected,1
serves,1
static,1
stages,1
devise,1
earlier,1
amorphous,1
artificial,1
article,1
nos,1
macroscopic,1
viewpoint,1
narrow,1
palo,1
respectively,1
cedure,1
artisans,1
implication,1
present,1
southwest,1
securing,1
occupied,1
irrevocably,1
professional,1
ago,1
recurring,1
attention,1
separate,1
overlapping,1
indicted,1
european,1
implicitly,1
alters,1
aid,1
alex,1
fomulation,1
bureau,1
independent,1
segments,1
bulk,1
kenneth,1
usually,1
naturally,1
maps,1
suspected,1
timespan,1
leslie,1
widespread,1
primarily,1
bags,1
bulletin,1
nexus,1
independence,1
cuba,1
dimensions,1
sensitive,1
directing,1
tive,1
detailed,1
subconscious,1
grinding,1
los,1
whereby,1
deals,1
length,1
life,1
difference,1
fe,1
fall,1
bones,1
fields,1
metrical,1
investigate,1
photographs,1
quantitative,1
share,1
contained,1
sketches,1
takes,1
following,1
series,1
conclusion,1
ethnological,1
complexity,1
mentioned,1
version,1
cataloging,1
cayo,1
invoked,1
rison,1
recognizable,1
masses,1
ignore,1
clusterings,1
occurrences,1
besides,1
snaketown,1
pt,1
equipment,1
spatially,1
offers,1
colorado,1
iiti,1
integrative,1
labeling,1
persisting,1
dimension,1
unavailable,1
mutually,1
allinclusive,1
perceptive,1
cultures,1
descriptions,1
assumed,1
believe,1
unknown,1
universal,1
regard,1
epistemological,1
pigment,1
eventually,1
collectors,1
very,1
factors,1
thompson,1
procedural,1
ideally,1
qualitatively,1
beginning,1
sincerity,1
notable,1
proceedings,1
maya,1
investigation,1
unique,1
redeposition,1
volcanic,1
selected,1
ones,1
accounts,1
microscopically,1
independently,1
pertinent,1
seasonal,1
pros,1
consisting,1
utilitarian,1
pursued,1
relativity,1
orientations,1
property,1
influenced,1
almost,1
too,1
ascher,1
cluster,1
pursuance,1
bodies,1
recognizing,1
preserved,1
inserting,1
mortillet,1
goleta,1
posturban,1
ac,1
focal,1
rigid,1
conventional,1
reconstruct,1
discussion,1
indians,1
isolated,1
crew,1
amalgamated,1
neglect,1
proceeds,1
layers,1
inclusiveness,1
fetishes,1
years,1
modal,1
similarity,1
finding,1
decrease,1
conditions,1
explanation,1
integrated,1
correlated,1
proceeding,1
product,1
smaller,1
writer,1
piece,1
measured,1
nonhistorical,1
jefferson,1
removing,1
ser,1
reached,1
obligation,1
early,1
valley,1
entire,1
develop,1
corn,1
treating,1
trigger,1
strong,1
culb,1
microphysical,1
gladwin,1
building,1
broader,1
doing,1
dichotomizes,1
close,1
novelness,1
