WORDCOUNTS,WEIGHT
the,298
of,229
and,204
in,111
cave,92
salts,76
to,70
a,53
is,50
from,50
are,48
for,46
were,44
was,43
as,39
by,37
mammoth,35
that,35
at,31
with,31
or,31
remains,31
been,25
upper,24
have,21
national,21
no,20
these,20
on,20
not,19
park,19
two,19
bc,19
kentucky,19
it,18
prehistoric,18
found,18
there,18
some,18
test,17
other,17
this,17
plant,17
than,16
specimens,15
which,15
be,15
feces,14
most,14
gypsum,14
hickory,14
one,13
vol,13
seeds,13
may,12
pp,12
more,12
made,12
squash,12
university,11
reports,11
also,11
all,11
fragments,11
human,11
an,11
up,11
indian,10
but,10
lower,10
cm,10
work,10
food,10
archaeological,10
american,9
w,9
only,9
many,9
had,9
chenopod,9
areas,9
has,9
r,9
during,9
summer,9
early,9
gourd,9
likely,8
represented,8
they,8
total,8
available,8
foods,8
time,8
middle,8
newt,8
small,8
probably,8
we,8
north,8
materials,7
large,7
museum,7
kash,7
new,7
state,7
yarnell,7
well,7
fecal,7
very,7
people,7
radiocarbon,7
abundant,7
seed,7
ozark,6
about,6
into,6
floor,6
down,6
marshelder,6
cultivation,6
weed,6
near,6
such,6
its,6
maygrass,6
woodland,6
use,6
spring,6
three,6
illinois,6
each,6
mirabilite,6
research,6
jones,6
though,6
walls,6
he,5
common,5
achenes,5
if,5
pieces,5
who,5
their,5
under,5
b,5
excavation,5
included,5
watson,5
strawberry,5
rock,5
avenue,5
our,5
wall,5
sunflower,5
far,5
passage,5
soot,5
michigan,5
less,5
used,5
reported,5
mm,5
sp,5
would,5
period,5
acorn,5
removed,5
species,5
now,4
york,4
bulk,4
gilmore,4
nearly,4
c,4
debris,4
could,4
yet,4
surface,4
minerals,4
m,4
important,4
j,4
cultivated,4
hollow,4
together,4
report,4
nutshell,4
last,4
late,4
places,4
s,4
where,4
within,4
shelters,4
papers,4
perhaps,4
eastern,4
size,4
rocks,4
entrance,4
panic,4
samples,4
significant,4
webb,4
nut,4
white,4
schwartz,4
blackberry,4
least,4
include,4
collected,4
association,4
items,4
stored,4
dried,4
mineral,4
few,4
examined,4
between,4
passages,4
dates,4
can,4
determinations,4
d,4
much,4
apparently,4
so,4
evidence,4
occasional,4
does,3
done,3
main,3
collections,3
cathartic,3
united,3
shell,3
determination,3
studies,3
water,3
undertaken,3
any,3
just,3
culture,3
series,3
john,3
bark,3
observations,3
limestone,3
possibly,3
first,3
seem,3
l,3
paper,3
shamanistic,3
extent,3
route,3
occurrence,3
great,3
foundation,3
mummy,3
out,3
eric,3
rooms,3
hundred,3
while,3
survey,3
conclusions,3
miles,3
present,3
pepo,3
torches,3
storage,3
habitats,3
material,3
stalks,3
distribution,3
wood,3
vegetal,3
because,3
local,3
possible,3
both,3
occasionally,3
heavily,3
including,3
city,3
collection,3
cane,3
hearth,3
bits,3
pounding,3
shelter,3
specimen,3
antiquity,3
since,3
sample,3
sink,3
group,3
millennium,3
trench,3
mined,3
torch,3
sandals,3
suggest,3
century,3
dry,3
grass,3
archaeology,3
approximately,3
around,3
several,3
grape,3
bottle,3
ceiling,3
ann,3
effect,3
deposits,3
generally,3
those,3
states,3
among,3
arbor,3
occur,3
fiber,3
natural,2
seems,2
willey,2
depth,2
seasons,2
indication,2
woven,2
furnished,2
vegetable,2
whose,2
locust,2
minor,2
charcoal,2
unshaped,2
way,2
lake,2
traffic,2
thought,2
service,2
through,2
taste,2
diet,2
e,2
tropical,2
above,2
twigs,2
americana,2
earlier,2
salt,2
remaining,2
certain,2
often,2
analysis,2
quite,2
maize,2
fall,2
patches,2
magnification,2
edited,2
aboriginal,2
modern,2
baby,2
later,2
earliest,2
us,2
river,2
anthropological,2
intensive,2
amaranth,2
deposited,2
then,2
callen,2
battered,2
traces,2
result,2
source,2
gerardia,2
frequently,2
iva,2
four,2
steel,2
known,2
either,2
especially,2
lee,2
lexington,2
intentional,2
griffin,2
western,2
science,2
amount,2
attempts,2
taken,2
indicated,2
toward,2
season,2
branches,2
gourds,2
powder,2
greater,2
different,2
indicate,2
east,2
ft,2
sloan,2
cultigen,2
ragweed,2
seven,2
fruits,2
able,2
bluff,2
fallen,2
slippers,2
edible,2
fuel,2
question,2
animal,2
according,2
caves,2
what,2
h,2
form,2
strong,2
blueberry,2
paleoethnobotanical,2
plants,2
patty,2
academy,2
poles,2
map,2
hopewell,2
gm,2
sites,2
another,2
information,2
none,2
honey,2
quantities,2
long,2
analyzed,2
cooperation,2
personal,2
gordon,2
level,2
range,2
obvious,2
true,2
consumed,2
west,2
except,2
part,2
x,2
mining,2
against,2
description,2
everywhere,2
intentionally,2
year,2
make,2
numerous,2
adena,2
indians,2
immediately,2
jo,2
exist,2
acorns,2
examination,2
includes,2
check,2
excavations,2
until,2
described,2
sediments,2
project,2
years,2
breakdown,2
discovered,2
interior,2
visited,2
occurs,2
august,2
times,2
should,2
like,2
green,2
finds,2
black,2
better,2
summary,2
investigations,2
suggested,2
annua,2
chipping,2
left,2
utilization,2
james,2
slightly,2
bennett,2
volney,2
whenever,2
recent,2
pawpaw,2
preliminary,2
col,2
major,2
knotweed,2
society,2
bundles,2
viburnum,2
inspection,1
roasted,1
final,1
did,1
undisturbed,1
cultigens,1
cobs,1
carried,1
lesser,1
suggestion,1
i,1
soaking,1
signs,1
assigned,1
mostly,1
preliminarily,1
ranging,1
exhibit,1
perry,1
kansas,1
various,1
expected,1
sterile,1
continued,1
george,1
inhabitants,1
his,1
placement,1
polished,1
scientific,1
camp,1
figure,1
insect,1
curator,1
nowatson,1
names,1
yards,1
absent,1
know,1
constituents,1
warming,1
scrapers,1
obtained,1
designated,1
london,1
bound,1
site,1
openings,1
scratched,1
reasonable,1
judging,1
meredith,1
intended,1
caroliniana,1
inside,1
released,1
resemble,1
expedition,1
brief,1
var,1
slanted,1
primarily,1
records,1
microns,1
nuts,1
annus,1
subsistence,1
mean,1
means,1
mammals,1
april,1
phosphate,1
seen,1
detailed,1
considerably,1
cultivar,1
cutliffe,1
tools,1
substantiate,1
missouri,1
granted,1
gainesville,1
indicates,1
dirt,1
persistent,1
mouth,1
locations,1
entirely,1
unsuccessful,1
grew,1
entrances,1
becoming,1
camping,1
spot,1
residue,1
plots,1
eaten,1
darkening,1
contributions,1
lard,1
life,1
kinds,1
walt,1
effective,1
brothwell,1
sunflowers,1
crystal,1
identify,1
lay,1
fragment,1
trickle,1
understand,1
mexico,1
surprising,1
tablespoons,1
littered,1
supposed,1
composed,1
sort,1
types,1
fields,1
mexican,1
afterthoughts,1
when,1
months,1
making,1
hugh,1
permission,1
itself,1
face,1
category,1
club,1
suited,1
serve,1
cucurbita,1
relationships,1
intermittent,1
case,1
freely,1
parts,1
chalked,1
superintendent,1
beans,1
groups,1
forest,1
presumably,1
seeing,1
columbus,1
evaluation,1
decade,1
masks,1
consider,1
trace,1
moment,1
boundary,1
periods,1
raw,1
wooded,1
assistant,1
descent,1
kentuckians,1
nearby,1
berry,1
stumps,1
fish,1
experiments,1
cutler,1
hybridum,1
elsewhere,1
director,1
following,1
same,1
noticeable,1
n,1
nineteenth,1
skin,1
without,1
deliquesces,1
p,1
ingested,1
closely,1
naked,1
situations,1
must,1
heye,1
containing,1
show,1
simply,1
wear,1
officially,1
noted,1
said,1
six,1
tons,1
husks,1
slope,1
beyond,1
stalk,1
indications,1
appeared,1
double,1
fill,1
chenopodium,1
laxative,1
routes,1
spots,1
every,1
walnut,1
rather,1
georgia,1
members,1
activities,1
wicks,1
meat,1
inactivity,1
menifee,1
here,1
foxglove,1
woodier,1
set,1
exception,1
decoration,1
oldest,1
fund,1
mentions,1
dug,1
concentrated,1
hazelnuts,1
others,1
gathered,1
struever,1
appear,1
foam,1
identified,1
vine,1
trisodium,1
put,1
cultivating,1
partly,1
fvol,1
addition,1
trifida,1
whereas,1
anthropology,1
winding,1
yielding,1
five,1
addendum,1
lighter,1
rinds,1
lying,1
based,1
went,1
outside,1
lack,1
reach,1
shaped,1
underrepresented,1
secondary,1
mcgill,1
toilet,1
head,1
wooden,1
textiles,1
don,1
occupations,1
carrying,1
alonzo,1
feather,1
genus,1
undertake,1
called,1
match,1
abstract,1
thank,1
therein,1
regard,1
oil,1
item,1
cutarounds,1
throughout,1
disturbed,1
crop,1
analyses,1
origin,1
harvest,1
lived,1
impressive,1
exploiting,1
larger,1
yorkwatson,1
sheered,1
central,1
closer,1
commercialize,1
end,1
siceraria,1
triloba,1
suitable,1
contemporary,1
associated,1
primary,1
z,1
pod,1
viking,1
diameter,1
going,1
percentages,1
comparable,1
pattern,1
man,1
autumn,1
help,1
becomes,1
essentially,1
utilized,1
innumerable,1
base,1
agree,1
representative,1
color,1
remarkably,1
midway,1
lawrence,1
men,1
flavorful,1
samwel,1
mesic,1
canary,1
usual,1
wild,1
do,1
beginning,1
reasons,1
occupation,1
robert,1
william,1
sifted,1
opposite,1
supervisors,1
polishing,1
scrape,1
witch,1
somewhat,1
purchase,1
ornamental,1
block,1
devoted,1
emory,1
carefully,1
mandan,1
intermingled,1
accepted,1
them,1
relevant,1
axes,1
list,1
ones,1
curio,1
california,1
estimate,1
particular,1
side,1
melts,1
thin,1
necessary,1
classic,1
rubber,1
harvested,1
dipper,1
deep,1
coprolites,1
botanical,1
produce,1
yield,1
resembles,1
preparation,1
ripe,1
facilities,1
miner,1
availability,1
enough,1
sell,1
wide,1
public,1
triacanthos,1
advice,1
chief,1
crystallize,1
number,1
bones,1
possibility,1
weights,1
america,1
consisting,1
version,1
hall,1
identifiable,1
convenient,1
anticipate,1
mites,1
deer,1
explored,1
having,1
noticed,1
trade,1
lost,1
skillfully,1
strings,1
almost,1
demonstrated,1
grouping,1
agreed,1
physical,1
charred,1
ax,1
urban,1
data,1
screens,1
categories,1
blackened,1
similar,1
hazel,1
vessels,1
examples,1
prints,1
steep,1
marking,1
rises,1
bought,1
eleven,1
surfaces,1
richard,1
upon,1
eighteenth,1
carry,1
lagenaria,1
shiny,1
occurring,1
region,1
sphereand,1
crystals,1
tastes,1
omaha,1
uniform,1
purpose,1
weighed,1
resources,1
quantity,1
sieve,1
collecting,1
bottom,1
copies,1
horticultural,1
closed,1
nutshellwatson,1
department,1
revealed,1
look,1
top,1
findings,1
lies,1
tehuacan,1
beneath,1
ledge,1
twentieth,1
sweet,1
minute,1
gave,1
kindly,1
thick,1
largely,1
obtain,1
intermediate,1
place,1
treganza,1
original,1
postulated,1
visits,1
interestingly,1
warranted,1
canyon,1
acknowledgments,1
submitted,1
representation,1
crew,1
standl,1
devoured,1
louisville,1
actual,1
associate,1
varied,1
implications,1
individuals,1
laboratory,1
crystalline,1
named,1
saw,1
full,1
false,1
previous,1
collapse,1
reflect,1
revision,1
ends,1
eight,1
floors,1
formation,1
believes,1
pennsylvania,1
dating,1
systematic,1
differentiated,1
mcg,1
rejected,1
ties,1
intake,1
reveals,1
open,1
significance,1
killed,1
run,1
lionel,1
contemporaneous,1
powdery,1
litter,1
historic,1
boulders,1
lakes,1
conditions,1
cracks,1
florida,1
poke,1
internally,1
temperature,1
rockshelter,1
washington,1
recognizable,1
tamaulipas,1
agent,1
scarce,1
discovery,1
interest,1
paul,1
amounts,1
castro,1
relatively,1
regarded,1
held,1
running,1
thames,1
grown,1
architectural,1
giant,1
sliding,1
successful,1
land,1
characterized,1
t,1
presented,1
publications,1
field,1
below,1
smooth,1
manufacture,1
tom,1
fabrics,1
meeting,1
smaller,1
statistically,1
scraped,1
high,1
introgression,1
holes,1
finding,1
extensively,1
already,1
bone,1
traveled,1
shamanism,1
kind,1
definite,1
funds,1
off,1
thicker,1
probable,1
after,1
estimates,1
shells,1
pond,1
standard,1
nelson,1
evanston,1
moccasins,1
walking,1
hitherto,1
latter,1
ohio,1
spent,1
doubtless,1
braidwood,1
moved,1
valued,1
averaging,1
winter,1
sufficient,1
handholds,1
decorated,1
associative,1
carbon,1
apart,1
fig,1
body,1
rag,1
study,1
grow,1
cached,1
penetrated,1
young,1
feet,1
breaking,1
responsible,1
sulfate,1
hand,1
representing,1
narrow,1
achene,1
tennessee,1
respectively,1
boundaries,1
orchard,1
bag,1
single,1
reached,1
pure,1
gritty,1
begun,1
impossible,1
find,1
annual,1
weight,1
trickles,1
pt,1
even,1
valley,1
northwestern,1
communication,1
corn,1
abandoned,1
results,1
using,1
figures,1
cardboard,1
dunal,1
raymond,1
notes,1
relative,1
joint,1
limitation,1
speci,1
appropriate,1
salty,1
mens,1
smudges,1
goes,1
grateful,1
scanty,1
stereoscopic,1
indicating,1
darker,1
attention,1
rubble,1
gardens,1
dust,1
rest,1
filson,1
brown,1
promising,1
seemed,1
squashes,1
dietary,1
arkansas,1
