WORDCOUNTS,WEIGHT
the,394
of,265
in,187
and,142
to,116
a,91
is,84
pollen,74
that,63
it,54
be,49
for,47
are,47
by,45
vol,43
at,42
pp,41
as,41
de,36
from,33
not,32
or,29
on,28
lake,28
there,27
was,27
but,27
this,25
american,23
an,23
with,23
mexico,22
analysis,22
no,21
valley,20
were,19
have,19
one,16
which,16
may,15
more,15
grains,14
sequence,14
archaeology,14
has,13
culture,13
can,13
seems,12
climatic,12
these,12
been,12
they,11
such,11
since,11
their,11
two,11
time,11
i,11
middle,11
other,10
will,10
only,10
new,10
present,10
deposits,10
samples,10
antiquity,10
any,10
must,10
natural,10
patzcuaro,10
mexican,9
changes,9
del,9
material,9
so,9
peat,9
although,9
e,8
first,8
too,8
part,8
stockholm,8
published,8
many,8
would,8
into,7
being,7
meters,7
papers,7
y,7
than,7
method,7
work,7
geologiska,7
yet,7
vegetational,7
made,7
methods,7
nacional,7
cultures,7
whether,7
while,7
little,7
taken,6
s,6
conditions,6
america,6
some,6
human,6
even,6
museum,6
p,6
glacial,6
borings,6
least,6
field,6
when,6
results,6
various,6
water,6
archaeological,6
times,6
period,6
we,6
stratigraphic,6
type,6
sediments,6
much,6
difficult,5
if,5
studies,5
modern,5
history,5
attempt,5
analyses,5
within,5
eastern,5
g,5
excavations,5
z,5
though,5
how,5
problems,5
sites,5
related,5
place,5
regions,5
change,5
level,5
order,5
southern,5
doubt,5
local,5
lakes,5
obtained,5
latter,5
probably,5
la,5
depth,5
united,5
anthropological,5
very,5
c,5
plants,5
fdreningen,5
d,5
early,5
given,5
o,4
done,4
certainly,4
great,4
those,4
far,4
thus,4
journal,4
zacatenco,4
four,4
indications,4
important,4
further,4
because,4
failure,4
future,4
its,4
rise,4
small,4
research,4
up,4
progress,4
chronological,4
f,4
second,4
under,4
regional,4
instituto,4
standard,4
topics,4
usually,4
who,4
sequences,4
lago,4
anales,4
bogs,4
series,4
known,4
unknown,4
desiccation,4
particular,4
fully,4
museo,4
both,4
through,4
evidence,4
between,4
evidently,4
recent,4
should,4
deeper,4
does,3
now,3
oxidation,3
properly,3
h,3
readily,3
organic,3
total,3
before,3
gap,3
long,3
might,3
all,3
england,3
nature,3
reasons,3
basin,3
vegetation,3
moisture,3
slight,3
obvious,3
apply,3
correlation,3
throughout,3
due,3
relatively,3
application,3
expected,3
tarascan,3
tzintzuntzan,3
certain,3
von,3
prehistory,3
fishes,3
most,3
boring,3
conquest,3
could,3
folsom,3
cultural,3
applied,3
well,3
basis,3
teotihuacan,3
during,3
few,3
texas,3
impossible,3
also,3
montane,3
stratigraphy,3
chronology,3
historia,3
same,3
useful,3
technique,3
fact,3
longer,3
enough,3
where,3
en,3
establish,3
see,3
gives,3
maya,3
region,3
including,3
use,3
virtually,3
michoacan,3
trip,3
general,3
probable,3
five,3
fenland,3
el,3
contribution,3
fall,3
associated,3
dr,3
der,3
know,3
over,3
seem,3
down,3
eventually,3
reflected,3
agricultural,3
almost,3
presented,3
preserved,3
became,3
years,3
applicable,3
states,3
removed,3
north,3
increase,3
fir,2
boylston,2
borer,2
later,2
represent,2
mountains,2
grasses,2
center,2
measurable,2
postglacial,2
true,2
western,2
royal,2
laid,2
accumulation,2
microfossils,2
rapid,2
j,2
resulting,2
real,2
british,2
weir,2
side,2
botanical,2
felt,2
possible,2
securely,2
investigator,2
bottom,2
above,2
penetrate,2
includes,2
author,2
interest,2
clay,2
turn,2
distinct,2
elements,2
treeless,2
six,2
difficulty,2
dates,2
obscure,2
site,2
interesting,2
york,2
bog,2
without,2
exact,2
l,2
developed,2
sort,2
levels,2
radius,2
b,2
support,2
means,2
arid,2
proved,2
k,2
frequently,2
upper,2
followed,2
definite,2
rice,2
m,2
antecedents,2
appear,2
greater,2
had,2
my,2
plateau,2
found,2
erosion,2
sedentary,2
philosophical,2
meter,2
appears,2
population,2
meet,2
fish,2
outside,2
required,2
glaciated,2
information,2
closed,2
literature,2
archaeologist,2
los,2
heavily,2
training,2
used,2
fit,2
records,2
device,2
et,2
surrounding,2
michoacdn,2
mexiko,2
week,2
anchored,2
reliable,2
nine,2
several,2
soil,2
mineral,2
climate,2
always,2
filling,2
und,2
society,2
south,2
therefore,2
san,2
matter,2
identified,2
limited,2
reduce,2
uber,2
estado,2
indicates,2
woods,2
single,2
reference,2
examined,2
us,2
favorable,2
light,2
picture,2
street,2
toward,2
again,2
europe,2
experienced,2
hiller,2
valid,2
considerable,2
simple,2
hand,2
do,2
less,2
necessary,2
origin,2
perhaps,2
frequency,2
number,2
ecology,2
boat,2
discovery,2
thickness,2
assume,2
deforestation,2
exceedingly,2
cultura,2
three,2
appreciably,2
publication,2
workers,2
plant,2
high,2
filled,2
abundant,2
provides,2
spent,2
decide,2
especially,2
nos,2
sight,2
proceeding,2
arisen,2
southwest,2
slide,2
need,2
species,2
european,2
indication,2
aid,2
me,2
diagrams,2
fairly,2
sometimes,2
figure,2
estacion,2
foreningen,2
ing,2
forest,2
increased,2
sections,2
heavy,2
then,2
changing,2
extension,2
precise,2
colorado,2
cover,2
different,2
tarascos,2
foundation,2
particularly,2
obviously,2
vaillant,2
historical,2
las,2
merely,2
beginning,2
unlikely,2
genera,2
elevation,2
them,2
volcanic,2
form,2
thousands,2
produce,2
ideal,2
contain,2
limnological,2
reported,2
city,2
content,2
die,2
lies,2
families,2
shores,2
question,2
offer,2
correlated,2
dendrochronology,2
extremely,2
remains,2
shift,2
archaic,2
assumed,2
texcoco,2
deposition,2
entire,2
among,2
zones,2
built,2
major,2
frequent,1
amphibians,1
huntington,1
rate,1
refinement,1
silica,1
erganzungsheft,1
invalidated,1
common,1
way,1
valle,1
indicated,1
generous,1
tropics,1
imported,1
correlations,1
worthy,1
noticing,1
introduction,1
brilliantly,1
panamericano,1
pushed,1
connecticut,1
per,1
village,1
bei,1
trench,1
needed,1
conducted,1
complex,1
agua,1
summarizing,1
alredadores,1
agency,1
maize,1
stone,1
likely,1
english,1
strictly,1
composites,1
bryan,1
fra,1
competence,1
satisfied,1
considerations,1
former,1
position,1
lebensgeschichte,1
fixed,1
knox,1
riberas,1
monograph,1
botaniska,1
hydrochloric,1
du,1
hints,1
leads,1
negative,1
experience,1
fluctuations,1
firmness,1
lower,1
consistent,1
picturesque,1
archaeologists,1
t,1
permit,1
isthmus,1
davis,1
catdlogo,1
ii,1
give,1
culturally,1
vols,1
possesses,1
chenopods,1
geografia,1
comparatively,1
archaeologically,1
attractive,1
available,1
tradition,1
geographischer,1
advantage,1
reversible,1
accompanied,1
highland,1
flotation,1
blind,1
rich,1
studied,1
link,1
farther,1
composition,1
beds,1
carnegie,1
analyst,1
superfluous,1
subsequent,1
inland,1
achieved,1
fresh,1
state,1
miles,1
practicable,1
influences,1
remainder,1
mr,1
staff,1
robert,1
normal,1
amaranths,1
somewhat,1
threshold,1
notulae,1
majority,1
case,1
slip,1
leaching,1
takes,1
geologic,1
recorded,1
fernando,1
owing,1
key,1
task,1
encouraging,1
spruce,1
u,1
iv,1
draw,1
ornamentation,1
capable,1
cooperation,1
sixteenth,1
concentrating,1
activity,1
paucity,1
raft,1
establishing,1
reached,1
bibliography,1
ings,1
botanisk,1
fine,1
nfo,1
west,1
occurring,1
point,1
except,1
heaping,1
diffused,1
resources,1
conception,1
quantity,1
desirable,1
considerably,1
undoubtedly,1
mat,1
assiduity,1
sand,1
garden,1
corresponding,1
exposed,1
gravity,1
pollenuntersuchungen,1
gualupita,1
accessible,1
differential,1
unrepresented,1
modify,1
spectrum,1
facts,1
immediate,1
inevitable,1
chenopodiaceae,1
herbs,1
analyzing,1
unsubtle,1
sediment,1
vegetatiqn,1
unpublished,1
aus,1
large,1
landand,1
attested,1
spot,1
jr,1
ray,1
realization,1
sample,1
barrier,1
century,1
admitted,1
cases,1
drainage,1
nor,1
old,1
evident,1
spanned,1
encompass,1
fig,1
penetrable,1
suitable,1
biogeography,1
estimate,1
publications,1
mechanical,1
overwhelmed,1
explore,1
geographically,1
pueblo,1
tentatively,1
swamps,1
geologyand,1
depths,1
sears,1
manuel,1
alfonso,1
stant,1
employ,1
failed,1
civilization,1
foredoomed,1
profoundly,1
philadelphia,1
adjunct,1
forbidding,1
operations,1
acid,1
rather,1
his,1
destroy,1
main,1
dry,1
remain,1
edward,1
hydroxide,1
flanks,1
process,1
represented,1
opportunity,1
neighborhood,1
proportion,1
after,1
connected,1
ticoman,1
arcaica,1
similar,1
derived,1
ix,1
columbian,1
sandy,1
possess,1
study,1
lacking,1
danger,1
stratigraphical,1
offering,1
lay,1
discoveries,1
animals,1
miscellaneous,1
periodic,1
shell,1
reason,1
godwin,1
finer,1
microscope,1
university,1
arbolillo,1
beiblatt,1
ticomanos,1
sorts,1
statistical,1
established,1
cellulose,1
encouragingly,1
dated,1
section,1
elsewhere,1
director,1
moderately,1
indios,1
verein,1
michoacgn,1
unfavorable,1
w,1
accumulating,1
periodically,1
resorted,1
show,1
recovered,1
additional,1
shorter,1
calcium,1
beyond,1
comparisons,1
lerma,1
peabody,1
answers,1
endemic,1
silt,1
suggested,1
sterility,1
cut,1
view,1
dispersion,1
charcoal,1
ordinarily,1
result,1
fitted,1
based,1
sooner,1
path,1
juanico,1
declined,1
holds,1
entered,1
houses,1
das,1
typical,1
meddelanden,1
combinations,1
effort,1
lived,1
changed,1
estudios,1
requirements,1
zone,1
extinct,1
persist,1
percentages,1
initial,1
desideratum,1
collectively,1
equally,1
undeniable,1
lava,1
occupation,1
shall,1
mesquite,1
institute,1
sealevel,1
cannot,1
wherein,1
dulce,1
acquaintance,1
svensk,1
universidad,1
absolute,1
facilities,1
find,1
acceleration,1
wide,1
surmised,1
filter,1
near,1
departamento,1
impression,1
sanmples,1
receive,1
aspects,1
outstanding,1
glossed,1
directly,1
r,1
cuicuilco,1
revealed,1
rocks,1
tool,1
nearest,1
debatable,1
su,1
example,1
knowledge,1
confined,1
indigenous,1
shallower,1
data,1
mitteilungen,1
ten,1
reminded,1
geology,1
barren,1
dividing,1
genuine,1
gave,1
fail,1
easiest,1
contains,1
round,1
structures,1
perishable,1
transported,1
somewhere,1
away,1
appreciated,1
micropaleontologic,1
project,1
horizon,1
tunnel,1
weeks,1
compositae,1
approach,1
relaciones,1
naturalists,1
arkansas,1
bibliographies,1
social,1
solution,1
normally,1
sense,1
below,1
distances,1
drier,1
wished,1
politically,1
unsupported,1
excavation,1
hole,1
atmosphere,1
involved,1
normality,1
around,1
intervals,1
spanish,1
sufficient,1
accomplished,1
wider,1
smithsonian,1
prominent,1
bridge,1
invaluable,1
geomorphic,1
peaty,1
decline,1
usual,1
yielded,1
geologically,1
core,1
visible,1
recientes,1
proper,1
peculiar,1
appropriate,1
grateful,1
provided,1
compels,1
perils,1
am,1
invidious,1
geographical,1
promising,1
concomitant,1
seemed,1
periods,1
appeal,1
gropings,1
span,1
inch,1
interglacial,1
situation,1
fortunate,1
ceremonial,1
dumerilii,1
steadily,1
scientific,1
fishweir,1
separation,1
short,1
located,1
abhandlungen,1
brief,1
respectable,1
exception,1
upward,1
tropical,1
object,1
glaciers,1
make,1
peces,1
ezequiel,1
zoological,1
ice,1
hauptstadt,1
naturund,1
linguistically,1
potassium,1
hold,1
guide,1
sweeping,1
ooze,1
interpretation,1
lagged,1
permission,1
represents,1
abundance,1
necessitate,1
east,1
exposure,1
ancient,1
swamp,1
included,1
adjusted,1
assistance,1
carbonate,1
shifting,1
prospecto,1
accelerated,1
al,1
regiones,1
illustrated,1
lindenmeier,1
department,1
reports,1
couch,1
predominate,1
independent,1
double,1
volume,1
angel,1
marly,1
mound,1
provide,1
successfully,1
moist,1
law,1
vegetationsverhaltnisse,1
fell,1
academy,1
financial,1
efforts,1
usefulness,1
lack,1
diminishing,1
requisites,1
areas,1
occurrence,1
importation,1
meterspollen,1
appeared,1
attempting,1
descended,1
venture,1
pattern,1
man,1
hinges,1
discussed,1
tampered,1
patterns,1
conclusions,1
took,1
geography,1
ur,1
vertical,1
coincided,1
chronologically,1
compelled,1
stylistically,1
proportionately,1
conceivably,1
shifts,1
encountered,1
thoroughly,1
degree,1
remove,1
verwendung,1
calculation,1
hunts,1
another,1
preliminar,1
extended,1
vast,1
discussion,1
admits,1
atlantic,1
reversed,1
biologica,1
massachusetts,1
umgebung,1
enormous,1
detailed,1
sufficiently,1
vials,1
forested,1
salamanders,1
safer,1
lista,1
identity,1
significant,1
impassable,1
count,1
largely,1
convenience,1
operated,1
assumption,1
excavaciones,1
maria,1
questions,1
tehuantepec,1
laboratory,1
stay,1
lightness,1
previous,1
struction,1
complicated,1
dating,1
platform,1
low,1
open,1
significance,1
explorations,1
clear,1
discovered,1
receptacles,1
essay,1
amounts,1
interpret,1
held,1
individual,1
characterized,1
ihuatzio,1
like,1
flood,1
belongs,1
summer,1
drilling,1
stages,1
course,1
counted,1
earlier,1
preservation,1
zamora,1
equatable,1
botanische,1
bullt,1
facing,1
potentialities,1
article,1
leaves,1
chenopod,1
alpine,1
become,1
shallow,1
agave,1
improbable,1
analyze,1
travelers,1
looked,1
northern,1
institution,1
destruction,1
relative,1
pottery,1
attention,1
concerted,1
visit,1
separate,1
pedregal,1
consists,1
suggestion,1
beset,1
imply,1
george,1
inhabitants,1
nonbotanical,1
science,1
bold,1
ecological,1
arqueologia,1
foregoing,1
naturwissenschaftlicher,1
primarily,1
bulletin,1
success,1
lennart,1
seen,1
translation,1
deposit,1
strongly,1
markers,1
remaining,1
rapidly,1
plains,1
length,1
life,1
often,1
responsible,1
rotted,1
hope,1
surprising,1
table,1
stratified,1
fields,1
aboriginal,1
colloids,1
earliest,1
middens,1
freshwater,1
environment,1
reddish,1
suggestions,1
deposited,1
fifteen,1
following,1
typha,1
bromoform,1
comes,1
mentioned,1
throw,1
teotihuacana,1
ydcatas,1
ever,1
offered,1
trenches,1
sherds,1
sciences,1
here,1
alternative,1
hospitality,1
marina,1
diluviale,1
stem,1
principle,1
sure,1
clifford,1
bathysiredon,1
correspond,1
paper,1
specialized,1
worth,1
connection,1
sampling,1
pitzcuaro,1
did,1
best,1
genus,1
endeavored,1
wall,1
constructions,1
periodl,1
iii,1
rely,1
ercent,1
buen,1
constant,1
steppe,1
cities,1
pit,1
oceanographic,1
meager,1
works,1
better,1
places,1
concrete,1
believed,1
according,1
johnson,1
ruins,1
what,1
economy,1
hydrolysis,1
hydrofluoric,1
reactions,1
implicit,1
terms,1
list,1
namely,1
making,1
imposed,1
nearby,1
boast,1
add,1
sus,1
hoped,1
forcefully,1
lengths,1
problem,1
sparingly,1
extent,1
unwise,1
heimatkunde,1
argued,1
grades,1
original,1
patience,1
huge,1
hundreds,1
revista,1
categories,1
unreasonable,1
mischwald,1
magnificent,1
subterranea,1
outline,1
protected,1
ohio,1
uniform,1
slopes,1
preferable,1
altogether,1
subject,1
disciplines,1
condition,1
obtain,1
alternating,1
secured,1
snow,1
aims,1
aspect,1
our,1
goteborgs,1
limnologica,1
layers,1
moderate,1
soft,1
until,1
imp,1
ydcata,1
lists,1
wilfrido,1
realizadas,1
arrows,1
finding,1
protohistoric,1
essigsaiureanhydrid,1
macrofossils,1
temperature,1
washington,1
explanation,1
wish,1
spectra,1
ended,1
fauna,1
grown,1
include,1
salt,1
depart,1
n,1
developmental,1
basketmaker,1
justus,1
area,1
alder,1
benninghoff,1
ixtaccihuatl,1
roughly,1
summary,1
enclosed,1
needs,1
flora,1
thousand,1
specific,1
aztecs,1
poller,1
agustina,1
penetrated,1
klima,1
tribes,1
prospects,1
liquid,1
vary,1
afield,1
uncertainty,1
corn,1
counts,1
sedimentary,1
mexikanischer,1
profiles,1
exploraciones,1
showed,1
rubble,1
uncertain,1
occur,1
arizona,1
hypothesis,1
