WORDCOUNTS,WEIGHT
the,742
of,472
and,466
in,277
to,201
a,180
for,103
by,101
or,84
have,83
is,82
movement,81
at,80
j,74
data,71
north,70
that,64
from,64
d,64
south,63
america,60
on,58
be,57
as,52
been,50
early,50
these,46
new,46
paleoindian,44
this,44
american,43
analyses,43
m,42
population,42
areas,42
were,40
c,40
edited,38
with,38
eastern,37
are,37
r,36
pp,36
k,34
may,33
it,32
along,32
l,31
entry,30
human,29
was,29
sites,29
would,29
an,28
populations,28
g,28
group,27
b,27
university,27
et,27
groups,25
s,25
such,25
late,25
lake,25
archaeological,25
antiquity,25
world,25
al,24
routes,24
colonization,24
e,23
center,23
some,23
could,23
initial,23
archaeology,23
into,22
route,22
ice,21
pacific,21
analysis,21
first,20
than,20
no,20
pleistocene,20
t,20
also,20
can,20
o,19
point,19
research,19
model,19
not,19
information,19
coastal,18
colonizing,18
river,18
southern,18
more,18
all,17
other,17
n,17
used,17
settlement,17
coast,17
which,17
over,17
has,17
pathways,17
time,16
values,16
when,16
through,16
available,15
primary,15
possible,15
w,15
northwest,15
people,15
solution,15
corridor,15
elevation,15
pathway,15
science,15
peoples,15
landscape,14
most,14
fluted,14
where,14
panama,14
global,14
major,14
one,13
isthmus,13
de,13
growth,13
glacial,13
using,13
f,13
clovis,13
while,13
given,13
bp,12
great,12
digital,12
central,12
journal,12
york,12
how,12
many,12
figure,12
much,12
americas,12
if,11
i,11
foraging,11
rates,11
site,11
founding,11
monte,11
only,11
lakes,11
points,11
plains,11
united,11
geographic,11
continental,11
each,11
environmental,10
h,10
western,10
bonnichsen,10
across,10
study,10
moving,10
corridors,10
p,10
scale,10
likely,10
v,10
number,10
area,10
modeling,10
doubling,10
they,9
sets,9
migration,9
fissioning,9
even,9
raw,9
los,9
two,9
demographic,9
en,9
peopling,9
quaternary,9
particularly,9
origins,9
years,9
evidence,9
km,9
reached,9
margins,8
large,8
lower,8
every,8
taken,8
terrain,8
state,8
el,8
east,8
ellis,8
lithic,8
ranges,8
well,8
northern,8
hemisphere,8
results,8
florida,8
range,8
features,8
martin,8
current,8
far,8
both,8
proceeds,8
locations,8
specific,8
assumed,8
gis,7
use,7
sources,7
kilometers,7
rapid,7
there,7
development,7
interior,7
y,7
their,7
parts,7
resource,7
dc,7
prehistoric,7
near,7
during,7
optimal,7
resolution,7
corvallis,7
dem,7
about,7
us,7
regional,7
starting,7
man,7
behind,7
oregon,7
material,7
assemblages,7
region,7
appreciably,7
obtained,7
least,7
we,7
la,7
considered,7
then,7
set,7
anthropology,7
down,7
what,7
size,7
sheets,7
models,7
land,7
between,7
should,7
overland,6
continent,6
occurred,6
source,6
long,6
implications,6
those,6
sheet,6
pluvial,6
holocene,6
west,6
resources,6
since,6
rather,6
similar,6
assuming,6
biotic,6
cost,6
suggested,6
greater,6
found,6
cell,6
international,6
ann,6
del,6
appreciable,6
runs,6
suggest,6
few,6
moved,6
society,6
tankersley,6
verde,6
once,6
smith,6
but,6
end,6
patterns,6
examination,6
directed,6
problems,6
systems,6
date,6
anderson,6
arbor,6
widely,6
alaska,6
delimiting,6
paper,6
distribution,6
slope,6
although,6
states,6
territories,6
among,6
ca,6
cells,5
mouth,5
needed,5
tend,5
gillam,5
studies,5
before,5
way,5
might,5
faught,5
projectile,5
glaciers,5
economies,5
minimum,5
glacier,5
conducted,5
employing,5
networks,5
explore,5
geological,5
dyke,5
oxford,5
traverse,5
process,5
meltzer,5
plenum,5
strategy,5
had,5
missouri,5
occupation,5
required,5
method,5
inferred,5
received,5
dillehay,5
boundaries,5
up,5
roughness,5
located,5
mosimann,5
humans,5
applications,5
springs,5
same,5
layer,5
pattern,5
anthropologist,5
strategies,5
distance,5
another,5
local,5
actual,5
low,5
so,5
high,5
mexico,5
mountain,5
after,5
blackwater,5
sauer,5
rim,5
wisconsinan,5
anthropological,5
associated,5
las,5
them,5
selected,5
adaptation,5
explored,5
our,5
chile,5
national,5
potential,5
difficult,4
now,4
deller,4
utility,4
distributed,4
per,4
mobility,4
stone,4
second,4
modern,4
secondary,4
hunting,4
survey,4
expansion,4
bettinger,4
dincauze,4
remote,4
draw,4
sioux,4
chart,4
representing,4
todd,4
haynes,4
run,4
expected,4
defense,4
perspective,4
columbia,4
sensing,4
subsistence,4
wobst,4
environments,4
scales,4
numbers,4
record,4
four,4
follow,4
appear,4
based,4
path,4
mapping,4
effort,4
out,4
institute,4
dispersal,4
steele,4
structure,4
because,4
destinations,4
its,4
place,4
ontario,4
reflect,4
approach,4
arkansas,4
change,4
hence,4
around,4
smithsonian,4
annual,4
geographical,4
periods,4
short,4
eros,4
occurrence,4
variation,4
diameter,4
distributions,4
papers,4
lehner,4
ahead,4
perhaps,4
valleys,4
discovery,4
upon,4
rivers,4
times,4
period,4
spread,4
become,4
percent,4
tennessee,4
increasing,4
topography,4
provide,4
rough,4
explain,4
directions,4
rapidly,4
morrow,4
organization,4
half,4
report,4
phd,4
oo,4
almost,4
southamerica,4
transition,4
until,4
average,4
staging,4
typically,4
dense,4
archaic,4
valley,4
interaction,4
gulf,4
recent,4
simulating,4
currently,3
fladmark,3
common,3
indicated,3
generated,3
separated,3
passing,3
boca,3
agency,3
acceptance,3
either,3
certainly,3
meters,3
reach,3
shaped,3
attractive,3
warm,3
reasons,3
differences,3
tulare,3
atlantic,3
mississippi,3
subsequent,3
china,3
somewhat,3
within,3
system,3
side,3
proceed,3
verdin,3
albeit,3
geophysical,3
prior,3
debert,3
due,3
likewise,3
adams,3
big,3
salt,3
van,3
americans,3
bull,3
grid,3
weighting,3
lay,3
paleolithic,3
scattered,3
support,3
solutions,3
settled,3
northamerica,3
hemispherical,3
wilmsen,3
northeastern,3
upper,3
underwater,3
surface,3
beyond,3
peru,3
followed,3
stoltman,3
native,3
view,3
dispersion,3
location,3
entering,3
search,3
ocean,3
carolina,3
academic,3
focused,3
circular,3
future,3
part,3
numerous,3
mandryk,3
database,3
destination,3
increasingly,3
employed,3
cone,3
reconstructing,3
heuristic,3
regions,3
running,3
presented,3
useful,3
characteristics,3
mineral,3
highly,3
portions,3
span,3
will,3
san,3
coastline,3
variety,3
materials,3
various,3
still,3
make,3
direction,3
engineering,3
forager,3
technology,3
under,3
favorable,3
amazon,3
noted,3
simulation,3
nevada,3
analytical,3
whittington,3
longer,3
idea,3
contemporary,3
identical,3
present,3
easier,3
made,3
moss,3
resulting,3
questions,3
radiocarbon,3
california,3
described,3
roberts,3
indicate,3
characterized,3
filled,3
probable,3
photogrammetric,3
crc,3
adaptations,3
parameters,3
institution,3
encompassing,3
circle,3
laurentide,3
maps,3
methods,3
exists,3
itself,3
canada,3
mud,3
bostram,3
mackenzie,3
gesch,3
extensive,3
hypothesized,3
known,3
ranch,3
carl,3
here,3
satellite,3
der,3
different,3
expanding,3
dunbar,3
did,3
eventually,3
hassan,3
just,3
type,3
better,3
whether,3
da,3
larson,3
map,3
theory,3
yield,3
scenarios,3
suggests,3
level,3
northwestern,3
unrealistic,3
subject,3
territory,3
reconstruct,3
coming,3
spacing,3
generate,3
conditions,3
approximately,3
instead,3
include,3
need,3
smaller,3
effects,3
extremely,3
remains,3
brook,3
chicago,3
era,3
maximum,3
entire,3
little,3
technological,3
southeastern,3
toolkit,2
does,2
rate,2
horizontal,2
humanos,2
undoubtedly,2
later,2
created,2
tuscaloosa,2
measures,2
mountains,2
introduction,2
string,2
notably,2
expect,2
true,2
easily,2
favor,2
boulder,2
history,2
total,2
arrived,2
englewood,2
thedford,2
princeton,2
kimmswick,2
negative,2
topper,2
highlight,2
being,2
gap,2
topographic,2
jackson,2
ii,2
containing,2
comparatively,2
archaeologically,2
leading,2
rich,2
government,2
entered,2
skirts,2
take,2
help,2
vegetation,2
visibility,2
context,2
schilling,2
case,2
hell,2
goodyear,2
toldos,2
willig,2
move,2
crossed,2
occurring,2
x,2
guitarrero,2
includes,2
mongoloid,2
estimating,2
desoto,2
assumes,2
ease,2
concentrations,2
santa,2
tucson,2
jr,2
sample,2
barrier,2
kind,2
paleoindians,2
drainage,2
old,2
places,2
david,2
back,2
encompass,2
young,2
au,2
shott,2
extremities,2
evidencia,2
look,2
border,2
kentucky,2
adjust,2
confluence,2
poverty,2
alabama,2
higher,2
operation,2
simultaneously,2
profoundly,2
main,2
generations,2
paths,2
mean,2
incidence,2
una,2
represented,2
vs,2
outward,2
supplement,2
importance,2
leave,2
derived,2
sandy,2
cave,2
summarized,2
means,2
plicht,2
finer,2
facilitated,2
prehistory,2
established,2
presumably,2
presumed,2
show,2
leapfrogging,2
caribou,2
important,2
gainey,2
lead,2
conservative,2
basin,2
lindsey,2
users,2
zone,2
density,2
traversed,2
bathymetric,2
nobles,2
something,2
fiedel,2
moore,2
placed,2
glaciated,2
possibility,2
sparse,2
minimal,2
anzick,2
line,2
artifacts,2
literature,2
goldstein,2
prest,2
geology,2
q,2
postulated,2
broad,2
actually,2
williams,2
documented,2
away,2
stanford,2
artifact,2
dreas,2
good,2
computer,2
leavitt,2
distances,2
faundeen,2
resolving,2
coupled,2
order,2
southon,2
reaches,2
pond,2
colby,2
specifically,2
chert,2
presence,2
dramatic,2
essentially,2
texas,2
differing,2
prentice,2
thereports,2
regardless,2
dorn,2
plausible,2
value,2
valuable,2
portion,2
akazawa,2
vail,2
economic,2
return,2
constraints,2
krist,2
interactions,2
hydrographic,2
selection,2
southeast,2
vicinity,2
prance,2
intuitively,2
examined,2
represents,2
rain,2
included,2
jai,2
continents,2
olsen,2
locality,2
insights,2
lindenmeier,2
department,2
fairly,2
fill,2
volume,2
leader,2
challenge,2
others,2
shelf,2
printing,2
quebrada,2
added,2
turner,2
habitat,2
considerable,2
fishtail,2
simple,2
honor,2
question,2
never,2
reproductive,2
do,2
purposes,2
accepted,2
shown,2
less,2
necessary,2
patchily,2
demonstrated,2
vast,2
newyork,2
maritime,2
including,2
deserts,2
increase,2
judge,2
informacion,2
assumption,2
assume,2
shea,2
variables,2
machaffie,2
modem,2
authors,2
ardila,2
august,2
mississippian,2
arc,2
christopher,2
mcfadden,2
general,2
practiced,2
ecology,2
exchange,2
margin,2
favored,2
unoccupied,2
effect,2
erlandson,2
differ,2
occupied,2
marshalling,2
relative,2
cliffs,2
delimited,2
attention,2
brown,2
covered,2
seyfort,2
consists,2
pleistoceneholocene,2
perspectives,2
continued,2
seen,2
life,2
why,2
introductory,2
types,2
dent,2
forest,2
earliest,2
forests,2
quantitative,2
environment,2
following,2
dispersed,2
series,2
must,2
sandwell,2
physical,2
estes,2
terrestrial,2
rocky,2
alternative,2
estas,2
quickly,2
best,2
sloan,2
scenario,2
fills,2
animal,2
beginning,2
game,2
spatial,2
form,2
particular,2
frison,2
pecora,2
require,2
migrations,2
unglaciated,2
emphasis,2
virginia,2
paleoecology,2
travel,2
beringia,2
middle,2
ohio,2
slopes,2
sea,2
beach,2
press,2
williamson,2
arguments,2
varied,2
pine,2
ultimately,2
illinois,2
october,2
overkill,2
alberta,2
wish,2
offer,2
canadian,2
quad,2
roughly,2
pedra,2
mason,2
consisted,2
greenwich,2
views,2
traditional,2
comparable,2
taylor,2
meeting,2
capas,1
countryside,1
exhibiting,1
frequent,1
ending,1
archives,1
reproductively,1
final,1
struggle,1
dirac,1
alaier,1
cactus,1
anthony,1
stylistic,1
tion,1
habitable,1
generous,1
glascock,1
integrating,1
blitzkrieg,1
represent,1
haplogroups,1
physiography,1
expedition,1
arrive,1
determine,1
worthy,1
eastem,1
northeast,1
natural,1
durante,1
adoption,1
jungle,1
manuscript,1
contemporaneous,1
dentra,1
becoming,1
settlements,1
complex,1
systematically,1
rethink,1
essays,1
ceo,1
shoop,1
diversification,1
acosta,1
approximate,1
ways,1
subregional,1
approaches,1
unanswered,1
sensed,1
han,1
park,1
viewsheds,1
decade,1
reasonably,1
position,1
eosglobal,1
round,1
sistem,1
offshore,1
radiocarbonage,1
presents,1
predicting,1
scientist,1
usarpara,1
ofanthropology,1
impeded,1
redirect,1
attractiveness,1
revision,1
calibration,1
diversity,1
fordevelopment,1
permitted,1
carmen,1
generalization,1
wlamson,1
northward,1
experience,1
automated,1
midsouth,1
december,1
coding,1
archaeologists,1
complements,1
explaining,1
australia,1
soffer,1
familiarity,1
barriers,1
revisited,1
production,1
sad,1
wilakes,1
setting,1
minimo,1
questioned,1
dunnell,1
expectation,1
emerged,1
retreat,1
nature,1
experiments,1
parties,1
physiographic,1
principles,1
igbp,1
affinities,1
tradition,1
explores,1
inarchaeological,1
suggesting,1
together,1
estimation,1
thank,1
arbra,1
timing,1
potentially,1
wave,1
assembled,1
follows,1
physique,1
costo,1
thanks,1
liii,1
inland,1
roosevelt,1
watercraft,1
last,1
lulu,1
determines,1
miles,1
emphasized,1
greatly,1
remainder,1
investigations,1
lagos,1
mail,1
techniques,1
costeros,1
epic,1
daniel,1
similarities,1
marketed,1
british,1
woodlands,1
con,1
occasional,1
depending,1
posibilidad,1
curated,1
plain,1
linear,1
gaps,1
tie,1
dying,1
mris,1
northsouth,1
u,1
demography,1
inga,1
struggling,1
distributedactivearchive,1
vol,1
uneven,1
opened,1
occupying,1
welcome,1
capable,1
unexploited,1
sc,1
cooperation,1
fl,1
activity,1
vulnerable,1
tracing,1
slight,1
beverly,1
computational,1
setreports,1
atreports,1
extensiones,1
fine,1
internet,1
goebel,1
surrounded,1
very,1
eliminating,1
cited,1
realistic,1
genetic,1
zutter,1
savannahs,1
plenty,1
wallace,1
audience,1
gardner,1
evaluating,1
corresponding,1
wherever,1
exist,1
repeatedly,1
sprin,1
conflict,1
goal,1
million,1
thus,1
prey,1
selves,1
comments,1
review,1
reservoir,1
que,1
fayetteville,1
relationships,1
southampton,1
southwestern,1
proceeded,1
accuracy,1
delimit,1
burrough,1
spectrum,1
immediate,1
carolinians,1
dynamics,1
precluding,1
quality,1
explorers,1
illustrates,1
mtdna,1
pursuit,1
sacramento,1
kamerans,1
nolspond,1
characteristic,1
relatively,1
mating,1
bone,1
assessment,1
term,1
physicalanthropology,1
z,1
forced,1
jog,1
exhausted,1
norte,1
turn,1
estimates,1
caverna,1
nenana,1
irregularities,1
crosses,1
concerning,1
subtracted,1
causing,1
ofctryptoctystallinerawmciterials,1
architectural,1
dnas,1
tomlin,1
interfacing,1
output,1
dates,1
left,1
witnessed,1
truly,1
estimate,1
thin,1
helpful,1
furada,1
archaeologist,1
waterways,1
pielou,1
details,1
lookout,1
humano,1
colbmswick,1
though,1
spurk,1
fierce,1
error,1
implementation,1
biosphere,1
failed,1
assessed,1
opposed,1
online,1
via,1
interesting,1
fort,1
knoxville,1
manipulated,1
topologically,1
trending,1
without,1
wendorf,1
exact,1
wavefront,1
his,1
tt,1
belovsky,1
absent,1
developed,1
stresses,1
stop,1
remain,1
strictly,1
basic,1
square,1
skirted,1
ically,1
levels,1
dietz,1
midwest,1
completely,1
vaill,1
opportunity,1
neighborhood,1
carson,1
probability,1
earlier,1
expenditure,1
se,1
certain,1
direct,1
contributions,1
scrub,1
antiguos,1
tree,1
illustrations,1
discoveries,1
productive,1
awareness,1
radiating,1
update,1
front,1
extremes,1
caps,1
rapido,1
replete,1
avhrr,1
mill,1
determination,1
utterly,1
evaluacion,1
skirting,1
consider,1
waisted,1
foothills,1
birdsell,1
foragers,1
lima,1
energy,1
linked,1
greenberg,1
liberal,1
driven,1
proposed,1
donde,1
hielo,1
unfavorable,1
frequently,1
too,1
periodically,1
advancing,1
age,1
spiess,1
hoffecker,1
additional,1
oi,1
leidensia,1
powerful,1
fagan,1
idealized,1
recrosses,1
fauszht,1
exploitation,1
archeological,1
yesner,1
helped,1
decades,1
cut,1
gamble,1
categorical,1
yielding,1
expressed,1
cosmogenic,1
result,1
advance,1
problem,1
remembered,1
came,1
merging,1
cd,1
harbor,1
methodandtheoryforinvestigating,1
societies,1
acknowledgments,1
demise,1
called,1
traditionally,1
metodo,1
typical,1
combinations,1
amsterdam,1
served,1
outcrops,1
intentionality,1
relation,1
deglaciation,1
austin,1
pass,1
analecta,1
events,1
isotope,1
longitude,1
hardaway,1
compromised,1
butzer,1
evaluate,1
accurately,1
shasta,1
neighboring,1
coarsely,1
shall,1
cultural,1
equal,1
twice,1
cuts,1
thearchaeology,1
michigan,1
reviews,1
skilled,1
appears,1
recently,1
cannot,1
sostiene,1
excellent,1
duplicates,1
publications,1
coo,1
torroni,1
however,1
probablemente,1
pollen,1
find,1
directly,1
basis,1
interface,1
paleoenvironmental,1
kelly,1
closed,1
minute,1
bc,1
viability,1
moves,1
meridian,1
firstamericansannualreview,1
tool,1
tethering,1
andes,1
unless,1
gape,1
brought,1
cordillera,1
individual,1
andlisis,1
calls,1
related,1
deglaciated,1
multiplied,1
positions,1
crossings,1
tip,1
fluctuations,1
paleoenvironments,1
got,1
year,1
gave,1
describe,1
marginswhere,1
consistently,1
refined,1
unos,1
issues,1
geografica,1
calculating,1
records,1
lii,1
relevance,1
blackwaer,1
falling,1
strenuous,1
irving,1
device,1
fureda,1
lifeways,1
saw,1
mlacin,1
showing,1
dakota,1
interpreted,1
own,1
topeah,1
allegre,1
hollin,1
markedly,1
catchments,1
puedra,1
earth,1
stockholm,1
social,1
arise,1
viable,1
caused,1
sugieren,1
paleolimnology,1
otherphysiographic,1
below,1
hopewellian,1
wi,1
responsibility,1
cold,1
usaron,1
shaping,1
involve,1
grew,1
box,1
quite,1
acted,1
yukon,1
small,1
intervals,1
spanish,1
concerns,1
ship,1
este,1
scattering,1
masking,1
grow,1
leastcost,1
ts,1
ericson,1
ancestral,1
toldes,1
impossible,1
maine,1
always,1
stuiver,1
visible,1
nd,1
descendants,1
coordinate,1
st,1
acoplado,1
os,1
dependent,1
inaccessible,1
hayden,1
lorenz,1
eidenshink,1
notes,1
appropriate,1
feasible,1
newly,1
swings,1
zegura,1
reducing,1
heard,1
knowledge,1
cx,1
lopes,1
geomorphology,1
appeal,1
nassaney,1
herein,1
critical,1
shoreline,1
he,1
desparramar,1
transform,1
investigating,1
icefree,1
reduced,1
quaternaire,1
matter,1
absence,1
ridge,1
scientific,1
impacts,1
indicative,1
altimetry,1
indeed,1
overall,1
huddleston,1
puede,1
mcadhoop,1
hexagons,1
stipp,1
schemes,1
josenhans,1
released,1
nearly,1
drops,1
museum,1
tropical,1
reduce,1
prove,1
supplementing,1
converted,1
july,1
grande,1
sobre,1
indicates,1
adjusting,1
fueron,1
seemingly,1
voids,1
tends,1
positive,1
guide,1
patches,1
sweeping,1
portrayed,1
interpretation,1
hydrolk,1
coverage,1
ile,1
fluting,1
jensongreenlee,1
columbus,1
reprojection,1
dw,1
latitude,1
boundary,1
rw,1
sinusoidal,1
acting,1
lowland,1
variedad,1
rerun,1
light,1
intersects,1
ethnographic,1
ed,1
planet,1
literally,1
wright,1
already,1
illustrated,1
unusually,1
toronto,1
savannah,1
basado,1
fact,1
baby,1
avoided,1
published,1
sketch,1
faster,1
double,1
inference,1
bands,1
fruitful,1
inhabitants,1
lindsetry,1
havereports,1
paul,1
lanceolate,1
technique,1
prompting,1
iniciales,1
stream,1
toward,1
locating,1
similarly,1
efforts,1
lighter,1
locational,1
poca,1
andlises,1
encompassed,1
consideration,1
datos,1
conduct,1
riverine,1
geosphere,1
cumulative,1
pressure,1
minnesota,1
casos,1
empleando,1
attempting,1
choice,1
watercourse,1
greenlee,1
larger,1
beg,1
minneapolis,1
systemsforland,1
prosaic,1
fashion,1
snyder,1
borrero,1
conclusions,1
took,1
adjacent,1
likelihood,1
ground,1
remarkable,1
nf,1
derivative,1
il,1
mu,1
evolution,1
projections,1
bafflers,1
inhospitable,1
council,1
por,1
focusing,1
mundo,1
above,1
schick,1
binford,1
geogrdificas,1
gaining,1
equidistant,1
controversy,1
explicitly,1
free,1
encountered,1
osc,1
sugiere,1
dots,1
binary,1
distortions,1
convenient,1
multidisciplinary,1
plane,1
argues,1
calculation,1
jobo,1
borden,1
mcmaster,1
exploring,1
extended,1
discussion,1
rio,1
disease,1
geoinfo,1
multiscalar,1
parent,1
considering,1
computeraided,1
explanation,1
diverted,1
active,1
desert,1
fennema,1
macs,1
downloaded,1
dispersals,1
ucla,1
arbitrarily,1
louis,1
geoarcheological,1
soapstone,1
rasterbased,1
controlling,1
asian,1
confidence,1
food,1
kostenki,1
hypotheses,1
biota,1
virtually,1
announcement,1
factor,1
blocking,1
americanarchaeology,1
bt,1
band,1
ideas,1
processes,1
continue,1
kotzebue,1
archive,1
chosen,1
localizacion,1
shortly,1
dems,1
dating,1
washington,1
involves,1
whitmore,1
weightings,1
insurmountable,1
distortion,1
open,1
clear,1
imazio,1
three,1
historic,1
encontrado,1
emphasizing,1
stress,1
cartographic,1
mead,1
analisis,1
co,1
counter,1
held,1
symposium,1
started,1
reviewers,1
like,1
revised,1
unsatisfying,1
kiets,1
traveled,1
stages,1
accurate,1
improved,1
black,1
fred,1
provides,1
usgs,1
latter,1
forms,1
graphic,1
discarded,1
queen,1
comparing,1
pagsond,1
textbooks,1
often,1
farthest,1
lacking,1
interpretations,1
sluckin,1
topics,1
examine,1
deliberate,1
radiate,1
seattle,1
availability,1
shorelines,1
january,1
hunters,1
concluding,1
probably,1
ofarchaeological,1
locales,1
southwest,1
save,1
versus,1
sloth,1
organics,1
chain,1
offspring,1
separate,1
maracaibo,1
zo,1
trails,1
european,1
carried,1
depth,1
assigned,1
fueled,1
aid,1
me,1
irregular,1
window,1
voyages,1
regular,1
george,1
bold,1
sometimes,1
usually,1
politis,1
denton,1
trended,1
reasonable,1
edc,1
randomly,1
alternate,1
vertical,1
lines,1
andean,1
remotely,1
widespread,1
primarily,1
bulletin,1
who,1
forming,1
outline,1
bears,1
juan,1
nuevo,1
lawrence,1
originated,1
periodo,1
covering,1
length,1
georeferencing,1
spanning,1
daac,1
tanibien,1
lowered,1
norton,1
achieve,1
surprising,1
sage,1
table,1
supporting,1
centuries,1
get,1
mitochondrial,1
floor,1
exchanged,1
frogging,1
biology,1
stephen,1
quantitatively,1
mathematically,1
landmass,1
boundless,1
variable,1
rarely,1
gatherer,1
any,1
antecedent,1
changing,1
comparison,1
deep,1
meadowcroft,1
founded,1
measurements,1
existence,1
complexes,1
demonstrate,1
adjoining,1
satisfying,1
bush,1
precise,1
accorded,1
temporal,1
southward,1
charles,1
bathwater,1
genetics,1
text,1
westview,1
sciences,1
sourcing,1
organizational,1
xt,1
colorado,1
know,1
defining,1
branches,1
highquality,1
control,1
theirage,1
pendleton,1
esri,1
flint,1
cultures,1
novel,1
extraction,1
sizes,1
interested,1
exploration,1
sampling,1
seem,1
believe,1
unknown,1
contextual,1
straightforward,1
copyright,1
basins,1
cooling,1
iii,1
alternatively,1
clearly,1
speculation,1
offounding,1
themselves,1
infer,1
goods,1
benefit,1
aerial,1
generalized,1
past,1
sierra,1
richardson,1
necessitating,1
advances,1
evident,1
cal,1
hills,1
helping,1
drop,1
economy,1
impact,1
notable,1
investigation,1
transmitted,1
combined,1
circles,1
unique,1
andarchaeology,1
soundings,1
making,1
references,1
scouting,1
imposed,1
maintain,1
paleogeography,1
agricultural,1
platte,1
topographicdatarequirementsfor,1
leaving,1
extent,1
predate,1
correlates,1
prestige,1
precursor,1
projection,1
posiciones,1
smoothing,1
calderon,1
bathymetry,1
navigators,1
categories,1
finished,1
popular,1
pixel,1
researchers,1
remember,1
craftsmanship,1
whence,1
digitizing,1
vaillia,1
careful,1
code,1
transport,1
ruled,1
peace,1
reported,1
kin,1
contemporaneity,1
atmospheric,1
prevalent,1
conic,1
became,1
uninhibited,1
asambleas,1
easy,1
variability,1
escalas,1
modelos,1
giving,1
quereo,1
intended,1
lies,1
radiation,1
simply,1
assumptions,1
controls,1
everywhere,1
measure,1
atjust,1
pluviales,1
garminey,1
filling,1
necessitate,1
alegre,1
isostacy,1
pintada,1
explorar,1
winterhalder,1
bradley,1
isolated,1
representation,1
headwaters,1
aspect,1
sitesreports,1
slinde,1
terminal,1
tropicalamerica,1
leap,1
precision,1
subsumed,1
llanos,1
come,1
inefficient,1
ends,1
spring,1
relocates,1
puedo,1
observed,1
arrows,1
finding,1
argentina,1
fedje,1
ently,1
numic,1
rouesc,1
parallels,1
whitley,1
applicable,1
clocking,1
hunter,1
sur,1
files,1
earlbarchaic,1
build,1
ier,1
scalar,1
exceeding,1
obvious,1
involving,1
hemispheric,1
clues,1
geographie,1
derive,1
leiden,1
limitations,1
association,1
pearls,1
increased,1
carbondale,1
anonymous,1
thousand,1
observation,1
supported,1
forearly,1
besides,1
pioneering,1
charlotte,1
buffalo,1
ser,1
third,1
atest,1
engelbrecht,1
joaquin,1
montetwhite,1
predisposed,1
hypothesisforthe,1
nino,1
beaton,1
recibido,1
chell,1
immediately,1
correcteddates,1
zones,1
beings,1
cross,1
corredores,1
kitigawa,1
geoarchaeology,1
daughter,1
geospatial,1
occur,1
sandweiss,1
arizona,1
escala,1
praehistorica,1
