WORDCOUNTS,WEIGHT
the,574
of,443
and,277
a,242
in,212
to,143
that,105
mississippian,101
or,100
political,93
chiefdom,88
as,80
by,79
centers,77
mound,77
is,74
chiefdoms,71
sites,66
were,64
was,60
center,58
not,49
at,48
for,43
an,42
with,42
mounds,42
this,41
settlement,41
are,40
two,40
be,40
process,37
polity,36
it,35
complex,35
ad,35
may,33
j,31
simple,30
paired,30
southeastern,30
university,29
one,28
site,28
these,28
other,27
units,27
south,26
than,25
no,25
from,25
on,25
between,25
american,24
de,24
more,24
contemporary,24
pattern,24
archaeology,24
km,24
some,23
edited,23
pp,23
regional,23
new,23
patterns,23
model,23
isolated,22
within,21
but,21
if,20
platform,20
historic,20
have,20
i,19
appalachian,19
has,19
such,19
grouped,19
cycle,19
polities,19
spatial,19
d,19
rembert,18
archaeological,17
c,17
hally,16
been,16
control,16
different,16
sociopolitical,15
towns,15
construction,15
each,15
valley,15
there,14
basic,14
period,14
size,14
secondary,13
possible,13
only,13
plantation,13
twin,13
area,13
common,12
georgia,12
mississippi,12
primary,12
organization,12
river,12
most,12
p,12
social,12
use,12
three,12
would,12
administrative,12
formed,11
ranked,11
g,11
b,11
tugalo,11
change,11
power,11
number,11
chiefly,11
anderson,11
antiquity,11
united,11
then,11
smithsonian,11
all,10
el,10
their,10
creek,10
dc,10
prehistoric,10
identified,10
local,10
often,10
historical,10
form,10
when,10
evidence,10
create,10
h,9
into,9
might,9
established,9
fusion,9
constituent,9
arrangement,9
under,9
savannah,9
distance,9
which,9
m,8
created,8
they,8
without,8
proposed,8
powerful,8
found,8
population,8
r,8
its,8
macon,8
t,8
small,8
multiple,8
boundaries,8
f,8
he,8
single,8
competition,8
less,8
probably,8
hierarchical,8
existed,8
does,7
represent,7
succession,7
large,7
sequential,7
central,7
s,7
paramount,7
together,7
autonomous,7
e,7
tribute,7
hierarchy,7
jr,7
alabama,7
unit,7
changes,7
had,7
shapiro,7
muller,7
larger,7
forms,7
another,7
can,7
structure,7
etowah,7
antecedent,7
report,7
subordinate,7
complexity,7
indians,7
tuscaloosa,6
red,6
xtent,6
spaced,6
dataset,6
factional,6
phase,6
cases,6
even,6
town,6
levels,6
direct,6
flow,6
appear,6
plateau,6
late,6
facilities,6
used,6
los,6
concept,6
during,6
order,6
blitz,6
few,6
press,6
situation,6
populations,6
movement,6
museum,6
arrangements,6
al,6
williams,6
confederacy,6
time,6
where,6
perhaps,6
degree,6
lake,6
so,6
least,6
la,6
tennessee,6
expectations,6
dispersed,6
series,6
athens,6
did,6
presence,6
interval,6
while,6
through,6
formation,6
cycling,6
although,6
states,6
specific,6
early,6
groups,5
centros,5
conform,5
group,5
identify,5
lower,5
either,5
location,5
confirmed,5
moundville,5
refugee,5
state,5
those,5
system,5
con,5
apart,5
tate,5
warfare,5
exist,5
centralized,5
contemporaneous,5
served,5
york,5
coosa,5
similar,5
reason,5
beaverdam,5
greater,5
closely,5
based,5
affiliated,5
societies,5
occupation,5
cluster,5
et,5
suggest,5
lawton,5
spanish,5
influence,5
research,5
florida,5
therefore,5
located,5
above,5
hollywood,5
about,5
irene,5
distributions,5
ripley,5
establish,5
exhibit,5
swanton,5
clear,5
provides,5
institution,5
extension,5
bullen,5
natural,5
over,5
sizes,5
multiplemound,5
extent,5
kin,5
product,5
integration,5
gainesville,5
north,5
occurred,4
before,4
southappalachian,4
payne,4
hudson,4
labor,4
thus,4
review,4
component,4
development,4
fissioning,4
expected,4
journal,4
mechanism,4
centralization,4
eight,4
chauga,4
scarry,4
study,4
organized,4
k,4
too,4
additional,4
important,4
union,4
centrally,4
monticulos,4
indirect,4
applied,4
because,4
well,4
degrees,4
knight,4
forces,4
interpreted,4
autonomy,4
annual,4
world,4
society,4
confederacies,4
community,4
once,4
communities,4
precolumbian,4
boundary,4
same,4
also,4
v,4
alliance,4
region,4
mortuary,4
conditions,4
office,4
described,4
architectural,4
general,4
internal,4
present,4
equivalent,4
composed,4
must,4
known,4
organizational,4
alternative,4
economy,4
theory,4
suggests,4
level,4
administration,4
lamar,4
integrated,4
smaller,4
little,4
abandoned,4
zones,4
occur,4
willis,4
faction,4
peaceful,3
environmental,3
implies,3
kinds,3
authority,3
theamerican,3
studies,3
history,3
chief,3
archaeologists,3
cherokee,3
long,3
shaped,3
great,3
principal,3
investigations,3
case,3
eastern,3
prior,3
pairs,3
resources,3
uncertain,3
household,3
along,3
collapse,3
relocation,3
relationships,3
century,3
rank,3
fission,3
back,3
egypt,3
effective,3
y,3
cultural,3
recognized,3
identification,3
l,3
en,3
una,3
factors,3
linked,3
four,3
efficient,3
followed,3
result,3
could,3
out,3
ethnohistorical,3
further,3
viewed,3
documented,3
basis,3
oklatalwas,3
data,3
collective,3
away,3
formations,3
leadership,3
steponaitis,3
around,3
waring,3
certainly,3
bulletin,3
majority,3
factionalism,3
will,3
indigenous,3
absence,3
indicative,3
shinholser,3
limited,3
superordinate,3
southeast,3
relationship,3
ocmulgee,3
simultaneous,3
interpretation,3
security,3
relocated,3
coeval,3
culture,3
wright,3
indian,3
department,3
maintained,3
smith,3
limit,3
fundamental,3
occupations,3
external,3
do,3
square,3
native,3
extended,3
modelo,3
examples,3
range,3
eighteenth,3
elite,3
host,3
assumption,3
households,3
after,3
losing,3
relative,3
propose,3
separate,3
para,3
bureau,3
figure,3
who,3
originated,3
analysis,3
any,3
extensive,3
here,3
dualism,3
distinctive,3
singlemound,3
places,3
whether,3
accounts,3
cahokia,3
distribution,3
weak,3
correlates,3
minimal,3
w,3
both,3
circumstances,3
measure,3
much,3
interpolity,3
phenomenon,3
pair,3
entity,3
cambridge,3
observed,3
joined,3
need,3
defined,3
langford,3
objections,3
classification,3
point,3
euroamerican,3
duration,3
entities,2
archives,2
limits,2
conflicting,2
concerned,2
mayoria,2
later,2
conjoined,2
commentary,2
separated,2
determinant,2
essays,2
ways,2
favor,2
flows,2
weaker,2
position,2
western,2
obion,2
total,2
contested,2
source,2
reconstructions,2
first,2
jackson,2
creation,2
originally,2
bessemer,2
taken,2
military,2
concentrated,2
cobb,2
principles,2
archaeologically,2
available,2
origin,2
inherent,2
closer,2
decentralization,2
shoals,2
papers,2
milner,2
king,2
sought,2
account,2
determined,2
tracing,2
obvious,2
algorithm,2
dynamic,2
configuration,2
iron,2
que,2
dynamics,2
reject,2
forgotten,2
relations,2
excavations,2
barnett,2
forced,2
unity,2
old,2
immigrants,2
perspective,2
contrary,2
encompass,2
columbia,2
choctaw,2
arranged,2
communication,2
compromise,2
poorly,2
decisionmaking,2
poor,2
simultaneously,2
knoxville,2
his,2
across,2
developed,2
radius,2
represented,2
lasted,2
se,2
certain,2
moves,2
support,2
plaza,2
references,2
ensure,2
owl,2
detectable,2
prehistory,2
elsewhere,2
n,2
talwas,2
reviewed,2
situations,2
show,2
carolina,2
resource,2
origins,2
cycles,2
suggested,2
samephase,2
nebraska,2
creeks,2
diachronic,2
my,2
explanatory,2
ambiguity,2
shared,2
depletion,2
residential,2
symbols,2
dispersal,2
fox,2
method,2
creates,2
possibility,2
lankford,2
inferred,2
estatoe,2
del,2
part,2
example,2
coded,2
nation,2
overview,2
island,2
place,2
issues,2
people,2
work,2
reoccupied,2
structures,2
device,2
reflect,2
status,2
own,2
composite,2
presented,2
useful,2
diagnostic,2
intervals,2
constituency,2
concerns,2
propelled,2
temporary,2
facility,2
intrapolity,2
core,2
politicas,2
notes,2
lincoln,2
tombigbee,2
am,2
geographical,2
chronological,2
portion,2
ceremonial,2
various,2
action,2
economic,2
resisted,2
brief,2
fit,2
moundcenter,2
thought,2
many,2
chronology,2
ancient,2
abandon,2
depopulated,2
colonial,2
largest,2
rather,2
name,2
law,2
others,2
addition,2
efforts,2
ceramic,2
main,2
instability,2
appeared,2
john,2
considerable,2
honor,2
match,2
adjacent,2
locales,2
manner,2
see,2
foot,2
compelled,2
acknowledgment,2
aggregation,2
depratter,2
greatest,2
situated,2
explanation,2
clustered,2
asentamiento,2
europeans,2
dyar,2
questions,2
evolution,2
recruitment,2
rejected,2
compositions,2
discovered,2
objection,2
times,2
like,2
depopulation,2
standard,2
peebles,2
especially,2
become,2
interpretations,2
occupied,2
we,2
widely,2
unstable,2
cherokees,2
applications,2
imply,2
dual,2
belonged,2
transformations,2
note,2
independent,2
provide,2
segments,2
maps,2
reasonable,2
investigators,2
force,2
began,2
indicate,2
measured,2
scull,2
considered,2
addressed,2
contained,2
material,2
misisipianas,2
mentioned,2
changing,2
peoples,2
temple,2
set,2
anthropology,2
abandonment,2
welch,2
unknown,2
very,2
associated,2
unlikely,2
explanations,2
what,2
imposed,2
nearby,2
institute,2
emphasis,2
travel,2
middle,2
demarcated,2
cacicazgo,2
regularities,2
alternating,2
freer,2
gain,2
think,2
spacing,2
difference,2
reveals,2
implied,2
exerted,2
accept,2
kus,2
include,2
define,2
remains,2
assumed,2
hiwassee,2
consisted,2
strong,2
among,2
recent,2
should,2
ca,2
cited,2
final,1
resolve,1
frequent,1
intimately,1
ments,1
decentralized,1
transportation,1
mostly,1
o,1
horizontal,1
way,1
indicated,1
generated,1
corporate,1
generous,1
asymmetric,1
functional,1
reconsidered,1
expedition,1
episodes,1
ubicacion,1
insufficiently,1
measures,1
reigning,1
fragmented,1
territorial,1
distributed,1
defenses,1
per,1
mouth,1
village,1
settlements,1
jerarquizados,1
susiana,1
diverge,1
reassessment,1
prime,1
ethnogenesis,1
rogers,1
informative,1
second,1
andadjacent,1
sets,1
motivation,1
sumptuary,1
strictly,1
mississippianists,1
inconsistent,1
easily,1
specified,1
modern,1
unsuccessful,1
considerations,1
former,1
collection,1
fixed,1
excavation,1
hegemony,1
unlike,1
ofanthropology,1
jarrett,1
exceptions,1
something,1
buffer,1
detected,1
diversity,1
du,1
character,1
practices,1
efficacy,1
test,1
fluctuations,1
incomplete,1
okla,1
transitions,1
permit,1
subclan,1
sources,1
progressed,1
pervasive,1
allocations,1
cacicazgos,1
predeciria,1
implications,1
kilometers,1
attempt,1
administrating,1
oswaldo,1
expectation,1
taxlike,1
analogies,1
seems,1
nature,1
supplied,1
stratigraphically,1
tradition,1
assertion,1
desire,1
thank,1
histories,1
analyses,1
assembled,1
chroniclers,1
geopolitical,1
sometime,1
link,1
mereness,1
renfrew,1
products,1
take,1
deemed,1
alternativa,1
subsequent,1
help,1
feature,1
integrate,1
ru,1
last,1
emphasized,1
influences,1
primitive,1
classified,1
california,1
talwa,1
otro,1
dissolved,1
contents,1
similarities,1
problematical,1
woodlands,1
politicalforms,1
synchronic,1
hallv,1
plain,1
linear,1
explicar,1
key,1
pulled,1
thesnodgrasssmallmoundandmiddle,1
amplified,1
america,1
incorporate,1
right,1
commencement,1
vol,1
placement,1
occupying,1
logical,1
illustrate,1
sabloff,1
establishing,1
functions,1
alter,1
insight,1
stratigraphy,1
combination,1
headed,1
except,1
far,1
classics,1
establishment,1
apply,1
lideres,1
economies,1
identifies,1
factored,1
localized,1
controlled,1
confederations,1
throughout,1
chiefs,1
differential,1
express,1
alignments,1
southwestern,1
invisibility,1
borderlands,1
realized,1
hostilities,1
assumes,1
unpublished,1
integral,1
domain,1
relatively,1
undena,1
concentrations,1
raises,1
participating,1
application,1
ifthey,1
pay,1
mecanismo,1
nonstate,1
exercise,1
lockett,1
thing,1
adam,1
elements,1
evident,1
david,1
document,1
refer,1
perceived,1
flawed,1
lineage,1
dates,1
twice,1
publications,1
alliances,1
mirrored,1
drawn,1
rotunda,1
obscure,1
seal,1
memoir,1
kissena,1
apparently,1
propositions,1
sun,1
onemound,1
hardly,1
acknowledge,1
evenly,1
resulted,1
ridge,1
higher,1
mechanisms,1
civilization,1
steps,1
mount,1
interesting,1
fort,1
diferencia,1
bull,1
cowarts,1
predicted,1
moiety,1
statements,1
observers,1
camp,1
links,1
conflictivos,1
growth,1
yet,1
encompassed,1
adds,1
spatially,1
district,1
how,1
remain,1
lawtonred,1
sort,1
organizing,1
afterwards,1
unequaled,1
predominante,1
estospatrones,1
analizado,1
sociopolitico,1
determining,1
probability,1
unidades,1
importance,1
travels,1
derived,1
signatures,1
produced,1
scales,1
offering,1
white,1
diminishes,1
burials,1
upstream,1
limitation,1
arbor,1
awareness,1
augmented,1
reinforce,1
miscellaneous,1
supposed,1
characterizes,1
means,1
voluntarily,1
permitting,1
conformed,1
dicotomia,1
immigrant,1
dawn,1
marks,1
consider,1
underdeveloped,1
locally,1
possibly,1
dichotomy,1
occupational,1
emergence,1
warren,1
producers,1
placed,1
house,1
landing,1
threat,1
upper,1
periodically,1
solid,1
benavides,1
albuquerque,1
surface,1
beyond,1
defeat,1
indications,1
isolation,1
presenta,1
plenum,1
shifted,1
odd,1
tu,1
article,1
symbolized,1
decades,1
dispersion,1
estos,1
confederation,1
whom,1
identifying,1
arrival,1
declined,1
downstream,1
eaverdarn,1
rule,1
basin,1
plot,1
called,1
strength,1
access,1
relating,1
effort,1
missouri,1
seven,1
changed,1
demands,1
pass,1
criticisms,1
multiscalar,1
zone,1
mcdowell,1
creo,1
initial,1
collectively,1
big,1
academic,1
share,1
ranking,1
neighboring,1
focused,1
receive,1
facciones,1
thearchaeology,1
mediated,1
province,1
moore,1
intensity,1
cannot,1
suffered,1
scale,1
creekrembert,1
grounds,1
record,1
hypothetical,1
ascriptive,1
feudal,1
refuge,1
absolute,1
abandonments,1
required,1
rectilinear,1
wide,1
colonies,1
negotiated,1
criteria,1
producto,1
warriors,1
aspects,1
glossed,1
hierarchies,1
directly,1
participation,1
unequal,1
network,1
perpetuated,1
seminal,1
revealed,1
formerly,1
scope,1
nucleus,1
received,1
reid,1
lords,1
unless,1
prompted,1
brought,1
differ,1
attacked,1
hereditary,1
purpose,1
tributary,1
fromad,1
stacked,1
symbolism,1
related,1
comment,1
administrativo,1
sociedades,1
copyright,1
maos,1
counterbalance,1
desarrollo,1
kindly,1
fail,1
queens,1
constitute,1
records,1
surrounding,1
breakaway,1
aroundad,1
compact,1
fieldwork,1
housses,1
natal,1
attributed,1
attraction,1
regions,1
causal,1
published,1
solution,1
construct,1
interregional,1
arise,1
indicator,1
distances,1
buildings,1
contrast,1
imposition,1
fuentes,1
claim,1
encompasses,1
several,1
underscore,1
characteristics,1
sufficient,1
fraught,1
revealing,1
este,1
governments,1
acts,1
prestate,1
peak,1
gene,1
decline,1
renfrewlevel,1
coast,1
credible,1
always,1
tip,1
inability,1
lorenz,1
resistance,1
roots,1
structured,1
value,1
patrones,1
developmental,1
activities,1
berle,1
periods,1
cite,1
haas,1
nassaney,1
processual,1
ii,1
likely,1
oscillated,1
trabajo,1
contact,1
apalaches,1
short,1
positions,1
campsquare,1
play,1
acknowledged,1
inclusive,1
eaverdam,1
alternations,1
object,1
exerts,1
still,1
harry,1
controls,1
make,1
presently,1
indicates,1
domination,1
initially,1
atop,1
southern,1
structural,1
exceeded,1
answering,1
amodel,1
norteamericano,1
archaeologist,1
criticism,1
usages,1
portrayed,1
seguridad,1
represents,1
paradox,1
acknowledgments,1
determinante,1
hegemonic,1
continuity,1
mobile,1
restricted,1
alinean,1
incorpora,1
us,1
parsimonious,1
planned,1
perspectives,1
assistance,1
ethnographic,1
kmdiameter,1
emigrate,1
opment,1
oklatalwa,1
functioned,1
considers,1
regardless,1
volume,1
paul,1
eighteenthcentury,1
stronger,1
stated,1
again,1
fragmentation,1
pointed,1
conceived,1
put,1
nearest,1
added,1
residence,1
signified,1
fact,1
locational,1
longer,1
idea,1
valid,1
temples,1
predominant,1
agree,1
documents,1
abstract,1
choice,1
genealogically,1
vernon,1
redwhite,1
end,1
variation,1
identical,1
pennsylvania,1
seldom,1
pairing,1
observes,1
conferred,1
sanctioned,1
jerdrquicas,1
etnohistoricas,1
conclusions,1
outside,1
took,1
precinct,1
drove,1
chain,1
developtable,1
clusters,1
accepted,1
unclear,1
karl,1
ibri,1
council,1
necessary,1
practice,1
deep,1
assortment,1
primarysecondary,1
ignoring,1
complejidad,1
como,1
circumscription,1
explicitly,1
sugiere,1
removeall,1
remove,1
years,1
choctaws,1
analyzed,1
referred,1
aplicado,1
father,1
prestations,1
newyork,1
betweenad,1
discovery,1
conceptions,1
implicated,1
winners,1
values,1
limitations,1
aggregated,1
galloway,1
including,1
arose,1
ethnology,1
previously,1
increase,1
moundless,1
chickasaw,1
disassembled,1
functionaries,1
conflictos,1
empirical,1
significant,1
emphasize,1
resultantes,1
pequenias,1
sequence,1
survey,1
harvard,1
submitted,1
inflicted,1
trend,1
rare,1
continue,1
laboratory,1
examination,1
full,1
previous,1
oklas,1
uruk,1
complicated,1
dating,1
theoretical,1
trade,1
perimeter,1
reality,1
directed,1
stress,1
assignment,1
jerarquia,1
language,1
agreement,1
points,1
damage,1
analisis,1
august,1
patricia,1
individual,1
divisions,1
revised,1
ny,1
spread,1
function,1
mouton,1
features,1
mexico,1
distinction,1
stages,1
configurations,1
black,1
anthropologist,1
segment,1
thomas,1
latter,1
cambios,1
diagrammatic,1
columbian,1
arrayed,1
je,1
systems,1
elaborate,1
extortion,1
methods,1
rudolph,1
weakest,1
ann,1
oconee,1
excluded,1
enjoyed,1
ethnohistory,1
horse,1
dominance,1
socially,1
northern,1
oscillations,1
corps,1
embodied,1
attention,1
semiautonomous,1
hague,1
concluded,1
merger,1
genesis,1
european,1
speculate,1
lo,1
assigned,1
me,1
richest,1
continued,1
movements,1
sometimes,1
five,1
impressive,1
claimed,1
vertical,1
lines,1
institutions,1
ritualized,1
army,1
directions,1
un,1
collections,1
ofthe,1
relevant,1
transformation,1
inadequate,1
rapidly,1
whereby,1
nonmound,1
length,1
life,1
why,1
settled,1
es,1
responsible,1
quite,1
table,1
precolombinas,1
assigns,1
aboriginal,1
obstacle,1
alo,1
unusual,1
unanticipated,1
tugal,1
diversidad,1
stephen,1
differentiated,1
anthropological,1
reciprocal,1
suggestions,1
variable,1
rarely,1
monument,1
ordered,1
following,1
ethnological,1
comparison,1
complexes,1
deemphasize,1
chattanooga,1
bozeman,1
continues,1
symbolic,1
unleashed,1
summit,1
precise,1
constructed,1
temporal,1
vacant,1
implicaria,1
symbol,1
command,1
estas,1
equation,1
integrative,1
outcome,1
sociales,1
distribuciones,1
proponents,1
cultures,1
descriptions,1
muskhogean,1
december,1
distinctions,1
seem,1
believe,1
gone,1
capital,1
best,1
leaders,1
accommodate,1
expense,1
eaedmce,1
constructions,1
current,1
episodic,1
allied,1
proportional,1
persevered,1
eventually,1
foundation,1
ideological,1
reproduces,1
relocate,1
contradictory,1
goods,1
benefit,1
disregarded,1
formas,1
las,1
accepts,1
just,1
works,1
portions,1
phd,1
sureste,1
according,1
notable,1
combined,1
reconcile,1
making,1
particular,1
ofalabama,1
maintain,1
validate,1
passed,1
fissioned,1
cult,1
acumulacion,1
axis,1
ceased,1
tightly,1
consisting,1
repetitive,1
her,1
prestige,1
intereses,1
ausencia,1
explored,1
umma,1
balance,1
influenced,1
emblematic,1
elproceso,1
maximum,1
reprinted,1
universe,1
signify,1
rearrangement,1
conference,1
resolver,1
massed,1
researchers,1
recognition,1
marked,1
disparate,1
ancestral,1
ohio,1
decisive,1
city,1
rarest,1
confirm,1
develop,1
became,1
role,1
variability,1
mayor,1
went,1
territory,1
conventional,1
deviate,1
affront,1
results,1
esfuerzo,1
ever,1
autonomia,1
willbanks,1
definitions,1
aspect,1
our,1
analogy,1
kmradius,1
promoted,1
differentiation,1
mutual,1
knights,1
numerous,1
internally,1
washington,1
imperative,1
crisis,1
wish,1
documentation,1
ended,1
move,1
instead,1
realism,1
ye,1
sur,1
provided,1
regular,1
off,1
fue,1
fluctuate,1
association,1
increased,1
archaic,1
respective,1
offered,1
supported,1
territories,1
potential,1
third,1
tribes,1
deployment,1
elites,1
shoulderbone,1
era,1
misreadings,1
debate,1
pool,1
substantial,1
nonhierarchical,1
documentary,1
erroneously,1
gulf,1
focus,1
nairne,1
peabody,1
immediately,1
colonel,1
proceso,1
daughter,1
close,1
draft,1
customs,1
major,1
