WORDCOUNTS,WEIGHT
the,544
of,385
and,339
in,186
to,142
a,116
natufian,89
that,77
late,76
with,70
from,56
ppna,54
this,51
is,49
by,48
as,48
are,48
at,47
neolithic,47
for,46
we,39
analysis,38
early,38
were,37
space,33
tool,33
on,31
tools,29
structure,29
organization,28
lithic,26
data,26
areas,26
have,25
o,24
more,24
occupation,23
site,22
edited,22
pp,22
figure,22
an,21
area,21
was,20
these,20
while,20
i,19
loci,19
de,18
during,18
not,18
near,17
or,17
use,17
be,17
there,16
within,16
no,16
archaeological,16
types,16
e,15
american,15
patterns,15
antiquity,15
different,15
spatial,15
stone,14
social,14
all,14
occupations,14
kuijt,14
both,14
some,13
activity,13
et,13
archaeology,13
period,13
associated,13
cal,13
variability,13
hagdud,12
geometric,12
daily,12
goodale,12
those,12
how,12
cultural,12
likely,12
al,12
two,12
can,12
sediments,12
evidence,12
between,12
ca,12
it,11
microliths,11
into,11
practices,11
their,11
jordan,11
pattern,11
which,11
each,11
our,11
complex,10
other,10
very,10
may,10
floor,10
epipaleolithic,10
periods,10
culture,10
practice,10
has,10
they,9
human,9
journal,9
study,9
chipped,9
sites,9
locus,9
r,9
people,9
settlement,9
ofer,9
mobile,9
us,9
co,9
systems,9
variable,9
argue,9
series,9
researchers,9
mobility,8
excavation,8
ii,8
projectile,8
eastern,8
such,8
communities,8
b,8
most,8
had,8
residential,8
levant,8
artifacts,8
research,8
community,8
where,8
significant,8
been,8
vertical,8
ing,8
mud,8
edwards,8
transition,8
occurred,7
bp,7
pre,7
development,7
relatively,7
en,7
university,7
m,7
p,7
used,7
del,7
below,7
da,7
correspondence,7
southern,7
number,7
formal,7
deposits,7
radiocarbon,7
natu,7
el,7
diagnostic,7
ppnb,7
stratigraphic,7
delineated,7
through,7
approximately,7
wadi,7
if,6
later,6
tion,6
ian,6
con,6
functions,6
excavations,6
one,6
even,6
cave,6
changes,6
statistical,6
recovered,6
origins,6
societies,6
plot,6
international,6
quadrant,6
structures,6
refuse,6
excavated,6
suggest,6
fian,6
several,6
only,6
also,6
nathan,6
new,6
wood,6
degree,6
la,6
cn,6
changing,6
historical,6
type,6
middle,6
francois,6
conditions,6
debate,6
groups,5
settlements,5
studies,5
sickle,5
lower,5
hayonim,5
s,5
help,5
point,5
rela,5
above,5
extramural,5
relationships,5
due,5
mixed,5
levels,5
certain,5
understand,5
exploratory,5
upper,5
charcoal,5
out,5
aspects,5
change,5
presented,5
few,5
villages,5
results,5
provided,5
f,5
overall,5
same,5
but,5
patterning,5
time,5
understanding,5
assemblages,5
similar,5
clear,5
characterized,5
high,5
dry,5
evolutionary,5
ann,5
percent,5
detailed,5
geographic,5
dimension,5
paper,5
discriminant,5
contain,5
paleorient,5
c,5
horizontal,4
berlin,4
village,4
large,4
industry,4
identify,4
second,4
ways,4
h,4
first,4
retouched,4
containing,4
date,4
case,4
east,4
agriculture,4
holocene,4
illustrate,4
cohen,4
bifaces,4
after,4
burials,4
prehistory,4
emergence,4
house,4
beyond,4
appear,4
occupa,4
found,4
sedentary,4
michigan,4
appears,4
younger,4
truncations,4
well,4
kits,4
climatic,4
reflect,4
floors,4
archaeologists,4
statistically,4
nization,4
dependent,4
netiv,4
activities,4
will,4
bedrock,4
georg,4
onset,4
foragers,4
materials,4
economic,4
indicative,4
positive,4
interpretation,4
under,4
intra,4
end,4
do,4
monographs,4
everyday,4
material,4
including,4
largely,4
sequence,4
three,4
points,4
individual,4
general,4
pottery,4
table,4
program,4
life,4
known,4
anthropology,4
current,4
utilized,4
what,4
information,4
level,4
tions,4
hunter,4
increased,4
orga,4
specific,4
much,4
among,4
environmental,3
nongeometric,3
salibiya,3
goring,3
bifacial,3
dimen,3
history,3
stefan,3
before,3
limestone,3
negative,3
notre,3
every,3
years,3
tism,3
j,3
finlayson,3
microlith,3
typological,3
thanks,3
decreased,3
british,3
sieving,3
nificant,3
logical,3
quadrants,3
representing,3
diversity,3
andrew,3
que,3
illustrates,3
exam,3
espacio,3
karol,3
cases,3
byrd,3
compared,3
than,3
york,3
l,3
subsistence,3
ex,3
valla,3
linked,3
numerical,3
prehistoric,3
confirmatory,3
affiliated,3
cessford,3
color,3
behavioral,3
requirements,3
versity,3
separates,3
scale,3
record,3
sedentism,3
oxcal,3
los,3
part,3
department,3
contains,3
approach,3
arkansas,3
field,3
multiple,3
highly,3
when,3
world,3
structured,3
society,3
inset,3
tasks,3
truncation,3
various,3
tively,3
identified,3
separation,3
limited,3
nearly,3
make,3
com,3
oxford,3
yet,3
technology,3
restricted,3
management,3
formalized,3
fill,3
starting,3
fire,3
phillip,3
technique,3
toward,3
smith,3
shows,3
occurrence,3
manner,3
less,3
see,3
cul,3
twiss,3
shifts,3
matrix,3
exploring,3
discussion,3
upon,3
israel,3
trajectory,3
asentamiento,3
processes,3
dating,3
utilize,3
uni,3
earlier,3
provides,3
interpretations,3
sig,3
henry,3
analyze,3
morris,3
adaptive,3
seden,3
note,3
independent,3
provide,3
science,3
nadel,3
construction,3
environment,3
then,3
demonstrate,3
notches,3
vari,3
mallaha,3
traq,3
distribution,3
consisting,3
densities,3
anna,3
disparate,3
sion,3
allows,3
intensified,3
donald,3
interpret,3
valley,3
iraq,3
cross,3
should,3
major,3
final,2
does,2
fertile,2
concerned,2
pca,2
critical,2
foraging,2
utility,2
group,2
designed,2
completely,2
cific,2
position,2
total,2
track,2
prac,2
du,2
proportion,2
consistent,2
cantly,2
specifically,2
archae,2
address,2
nature,2
oval,2
tradition,2
belong,2
broadly,2
survey,2
subsequent,2
feature,2
improved,2
intuitive,2
hammen,2
discrete,2
threshold,2
rethinking,2
legend,2
existence,2
mithen,2
natufiense,2
ings,2
trevor,2
phase,2
blades,2
run,2
intact,2
characteristic,2
sp,2
sample,2
dis,2
distinct,2
document,2
loadings,2
left,2
lisa,2
explore,2
terrace,2
hodder,2
look,2
ohalo,2
sition,2
eral,2
industries,2
higher,2
employ,2
peo,2
interesting,2
his,2
across,2
scrapers,2
munro,2
una,2
microlithics,2
icant,2
tionship,2
multivariate,2
addressing,2
pistacia,2
facilitated,2
possibly,2
organized,2
evolved,2
signif,2
underlying,2
section,2
numbers,2
contemporaries,2
w,2
resource,2
euclidean,2
follow,2
map,2
comparisons,2
shifted,2
pleistocene,2
strategy,2
complications,2
location,2
allow,2
tural,2
zone,2
amer,2
percentages,2
ogy,2
initial,2
ican,2
cores,2
representative,2
academic,2
density,2
further,2
ric,2
tran,2
focused,2
population,2
explored,2
explain,2
influenced,2
because,2
having,2
proportions,2
apparent,2
description,2
ple,2
construct,2
amygalus,2
employed,2
systematic,2
graph,2
lithics,2
attributed,2
aided,2
correct,2
sas,2
cold,2
next,2
contrast,2
mediterranean,2
small,2
components,2
mixing,2
coordinate,2
majority,2
hardy,2
nigel,2
chronological,2
units,2
interna,2
absence,2
architecture,2
populations,2
reconstruction,2
necessary,2
bill,2
measure,2
yosef,2
illuminating,2
percentage,2
metric,2
many,2
den,2
headpots,2
shifting,2
ed,2
broad,2
natural,2
bar,2
frameworks,2
fairly,2
published,2
spatially,2
mark,2
backed,2
ceramic,2
agree,2
rebuilding,2
layer,2
larger,2
variation,2
pennsylvania,2
hiatus,2
fragments,2
question,2
fits,2
adjacent,2
v,2
present,2
ground,2
centre,2
understandings,2
accepted,2
non,2
michael,2
council,2
flint,2
demonstrated,2
exhibit,2
chronologies,2
load,2
han,2
harvard,2
questions,2
trend,2
variables,2
immeasurably,2
ties,2
sev,2
torsten,2
stress,2
comprehensive,2
nut,2
essay,2
function,2
plant,2
stages,2
last,2
why,2
carlson,2
hand,2
differ,2
oooooooooooo,2
cen,2
interno,2
bottema,2
esta,2
tech,2
meredith,2
select,2
inside,2
signifi,2
dimensions,2
who,2
un,2
pop,2
seen,2
began,2
millennia,2
continually,2
ology,2
tial,2
idential,2
res,2
stephen,2
sections,2
produc,2
anthropological,2
formalization,2
contained,2
gatherer,2
following,2
elaborate,2
membership,2
ulations,2
set,2
cm,2
global,2
believe,2
did,2
presence,2
domestic,2
foundation,2
living,2
clarity,2
tices,2
william,2
drop,2
depicts,2
them,2
typologies,2
agricultural,2
edinburgh,2
temporally,2
adaptation,2
extent,2
extract,2
institute,2
art,2
size,2
sea,2
despite,2
kozlowski,2
mayor,2
adapted,2
presupposes,2
arguments,2
divided,2
quantifiable,2
eric,2
shown,2
national,2
d,2
quad,2
gen,2
smaller,2
organi,2
france,2
remains,2
association,2
shift,2
supported,2
ated,2
clarify,2
scholarship,2
aarhus,2
deposition,2
maximum,2
substantial,2
given,2
focus,2
counts,2
jor,2
north,2
recent,2
zones,2
broader,2
hans,2
household,2
spe,2
nicholas,1
difficult,1
ments,1
go,1
kluwer,1
epipaleohthic,1
tains,1
lation,1
accomplish,1
edits,1
calibrated,1
common,1
stuart,1
popula,1
anthony,1
indicated,1
preted,1
ofwadis,1
designated,1
represent,1
estadisticamente,1
ant,1
extend,1
episodes,1
determine,1
quent,1
diane,1
fea,1
alone,1
durante,1
eliminated,1
per,1
mouth,1
wo,1
aceramic,1
replaced,1
comprised,1
stratagraphic,1
systematically,1
dispoma,1
linkages,1
ical,1
placed,1
discriminate,1
modern,1
considerations,1
loca,1
parece,1
emmanchement,1
something,1
monograph,1
flaws,1
revision,1
calibration,1
pie,1
societal,1
discounting,1
hints,1
test,1
highlight,1
examina,1
being,1
highlighted,1
envi,1
permanence,1
davis,1
alber,1
elisabetta,1
geoffrey,1
preceding,1
creation,1
production,1
delin,1
originally,1
path,1
gan,1
attempts,1
mysterious,1
labri,1
assign,1
enables,1
altes,1
opted,1
palynological,1
humans,1
movilidad,1
kent,1
vila,1
eppnb,1
architecturalkujit,1
editions,1
words,1
gary,1
cial,1
reach,1
lev,1
available,1
sup,1
stratigraphically,1
wooden,1
qermez,1
assess,1
assertion,1
suggesting,1
flotation,1
ben,1
differences,1
farmers,1
analyses,1
indifferent,1
normative,1
katheryn,1
able,1
scheme,1
located,1
dur,1
mississippi,1
broadest,1
hunting,1
navian,1
kingdom,1
packages,1
sep,1
shennan,1
patterned,1
bettinger,1
state,1
stand,1
concepts,1
just,1
principal,1
robert,1
lifestyle,1
dud,1
advantages,1
occukujit,1
activi,1
delyacimiento,1
synthetic,1
daniel,1
context,1
cherry,1
debitage,1
system,1
issue,1
dr,1
trunca,1
missouri,1
strati,1
key,1
advice,1
arate,1
constraint,1
ghuwayr,1
pub,1
clus,1
nology,1
right,1
watkins,1
lim,1
addresses,1
design,1
clearly,1
northeast,1
quantities,1
escarpment,1
prior,1
possible,1
niveles,1
associ,1
ceding,1
shared,1
characterize,1
develop,1
ret,1
alter,1
datasets,1
natoufien,1
west,1
mental,1
combination,1
variations,1
fleches,1
x,1
decoding,1
burins,1
fur,1
cited,1
foun,1
along,1
correlation,1
insta,1
minimum,1
beneath,1
measurement,1
rollef,1
uted,1
framework,1
segregation,1
estudio,1
hgk,1
central,1
restos,1
lections,1
pit,1
centric,1
ice,1
nuestro,1
review,1
collapse,1
reused,1
explained,1
facts,1
dynamics,1
facil,1
subdi,1
since,1
interior,1
against,1
intensifying,1
pursuit,1
tables,1
ioral,1
assumes,1
perfo,1
gamut,1
millennium,1
arlette,1
ability,1
adopted,1
hamlets,1
plastering,1
quantifying,1
natalie,1
rants,1
highlighting,1
grouped,1
conducted,1
seguramente,1
werekujit,1
employing,1
khiamiennes,1
meyer,1
extensively,1
expected,1
dence,1
ternary,1
concentrations,1
items,1
dean,1
posterior,1
interim,1
arguably,1
differenti,1
zooarchaeological,1
amount,1
back,1
differently,1
nerissa,1
concert,1
restrict,1
nondelineated,1
served,1
allowing,1
levantine,1
dates,1
ally,1
detecting,1
skewness,1
tral,1
bronk,1
y,1
drawn,1
ooooooooooo,1
student,1
preserving,1
wet,1
unpub,1
traditions,1
humano,1
adult,1
affili,1
influence,1
jerusalem,1
recoveredkujit,1
let,1
phases,1
nonde,1
biface,1
sytze,1
mea,1
leore,1
philadelphia,1
ponentskujit,1
housed,1
whose,1
essential,1
reflects,1
rather,1
khiamian,1
camp,1
growth,1
main,1
cleaned,1
developed,1
ella,1
obtained,1
edward,1
illustration,1
unit,1
appreciation,1
fascinating,1
caracterizada,1
approaches,1
represented,1
environments,1
archaeolog,1
entender,1
substantiate,1
anyone,1
activ,1
flexible,1
viewed,1
direct,1
tristan,1
plots,1
ceramics,1
contributions,1
pages,1
special,1
illustrations,1
evolution,1
tence,1
paleolithic,1
scattered,1
front,1
support,1
rant,1
means,1
mans,1
occu,1
t,1
layson,1
nongeomet,1
consider,1
objects,1
improvement,1
neo,1
intensive,1
prentiss,1
almost,1
liberal,1
allocation,1
yeo,1
n,1
shelters,1
ture,1
aly,1
plaster,1
archaeol,1
observations,1
shrinking,1
benefited,1
age,1
four,1
lppnb,1
leicester,1
alta,1
horizontally,1
additional,1
divid,1
ques,1
centroid,1
para,1
hilly,1
planview,1
rp,1
cisjordan,1
pology,1
archeological,1
plenum,1
permanent,1
answers,1
flakes,1
important,1
warmer,1
decades,1
approxi,1
drawing,1
persed,1
view,1
constructive,1
artistic,1
fanners,1
greater,1
tain,1
raw,1
uses,1
muta,1
anthropogenic,1
based,1
chronologie,1
identifying,1
declined,1
appearance,1
traditionally,1
metodo,1
typical,1
struc,1
ofwf,1
seven,1
lived,1
changed,1
outcrops,1
dinavian,1
mckay,1
events,1
residencial,1
chisels,1
ortega,1
dani,1
emerge,1
glacial,1
inter,1
popu,1
evaluate,1
pro,1
artefact,1
understood,1
though,1
precursor,1
caves,1
circular,1
cism,1
burial,1
rockshlelter,1
recently,1
transforma,1
intensity,1
tile,1
tailor,1
biases,1
applied,1
industria,1
andrefsky,1
dan,1
cuantificable,1
method,1
andkujit,1
acteristics,1
james,1
paleopathology,1
package,1
isotope,1
memory,1
technical,1
char,1
undermined,1
syria,1
gained,1
none,1
guerrero,1
relatives,1
future,1
mirjana,1
work,1
gatherers,1
inferred,1
overviews,1
received,1
subphases,1
evin,1
contextualized,1
significantly,1
junko,1
london,1
related,1
coded,1
shortness,1
null,1
sociedades,1
copyright,1
sillen,1
desarrollo,1
literature,1
ingly,1
faynan,1
consistently,1
alissa,1
discussions,1
place,1
wwwuapresscomarticles,1
utica,1
toric,1
demonstrates,1
statistics,1
hd,1
vessels,1
scope,1
rise,1
especificas,1
differentially,1
correspon,1
firming,1
artifact,1
sions,1
ter,1
includ,1
challenging,1
holy,1
graduate,1
count,1
neohthic,1
segal,1
errors,1
either,1
samantha,1
regions,1
thrived,1
depicting,1
least,1
normally,1
mately,1
ago,1
working,1
gebel,1
nant,1
cer,1
villagers,1
homogenous,1
le,1
cope,1
ain,1
quite,1
emerging,1
orient,1
around,1
encompasses,1
crescent,1
spanish,1
characteristics,1
bridge,1
routine,1
mal,1
hebrew,1
homogenization,1
prehis,1
massachusetts,1
methodological,1
ent,1
inte,1
fully,1
richness,1
interpreta,1
subdivi,1
und,1
roots,1
notes,1
florida,1
criti,1
value,1
preliminary,1
grado,1
avoid,1
afectaron,1
jh,1
verti,1
subsequently,1
span,1
ameri,1
exis,1
belfer,1
happen,1
press,1
wtiile,1
sons,1
lieberman,1
reduced,1
implications,1
scan,1
taken,1
action,1
requirekujit,1
indeed,1
synthesis,1
brian,1
labeled,1
might,1
merits,1
hollows,1
reduce,1
spakujit,1
still,1
natoufiens,1
sedation,1
echoing,1
illustrating,1
indicates,1
comments,1
backdrop,1
jode,1
artist,1
byprod,1
simultaneously,1
abrupt,1
inhabited,1
aquellos,1
single,1
geogrdfica,1
biological,1
relationship,1
label,1
contributing,1
flannery,1
arson,1
diff,1
indus,1
vided,1
museum,1
q,1
hammeh,1
intuitively,1
examined,1
suited,1
thought,1
acknowledgments,1
gins,1
continuity,1
supplementary,1
hag,1
index,1
semisubterranean,1
included,1
homogeneous,1
adjusted,1
light,1
complete,1
ro,1
issues,1
trina,1
statisti,1
confirms,1
rxc,1
reliance,1
pemiscot,1
prehistoire,1
hearth,1
increasingly,1
regional,1
multibranched,1
comparably,1
holoceno,1
stones,1
picture,1
declining,1
sam,1
tries,1
interpretar,1
lewis,1
relacionada,1
french,1
book,1
ride,1
stated,1
stories,1
subse,1
death,1
academy,1
chance,1
directamente,1
rock,1
added,1
mono,1
segregating,1
tailoring,1
lacked,1
husbandry,1
fact,1
consideration,1
extramurally,1
udi,1
conduct,1
collar,1
blocks,1
pressure,1
foods,1
reverted,1
appeared,1
abstract,1
disturbed,1
ble,1
ried,1
grave,1
anthro,1
andal,1
surfaces,1
farming,1
demonstrating,1
distrib,1
reciente,1
appropriately,1
considerable,1
actu,1
simple,1
pq,1
milenios,1
forms,1
conclusions,1
behind,1
kit,1
clusters,1
model,1
reversion,1
zational,1
purposes,1
loooocalbp,1
uct,1
pations,1
axes,1
answer,1
ohallo,1
strategies,1
tures,1
demuestra,1
emma,1
por,1
terns,1
perhaps,1
fay,1
chronologically,1
binford,1
sistemas,1
scandi,1
como,1
distance,1
assemblage,1
basdndonos,1
ani,1
tify,1
seji,1
day,1
comportamiento,1
diameter,1
garfinkel,1
original,1
ephemeral,1
simon,1
recognizing,1
bustan,1
situated,1
extended,1
archaeo,1
technol,1
background,1
made,1
craig,1
discovery,1
accompanying,1
range,1
unquestionably,1
values,1
helps,1
limitations,1
despues,1
ethnology,1
scatter,1
vegetated,1
manufactured,1
clustered,1
gilgal,1
skeletal,1
kerner,1
top,1
entirely,1
food,1
dom,1
erent,1
francis,1
incorpo,1
ideas,1
submitted,1
exhibited,1
rare,1
absolue,1
engaged,1
continue,1
multicomponent,1
fer,1
behav,1
full,1
struction,1
complicated,1
necessitated,1
avi,1
theoretical,1
washington,1
nuclear,1
platform,1
reassessing,1
styles,1
surgimiento,1
tional,1
experimentale,1
flake,1
august,1
quate,1
thering,1
divisions,1
started,1
reviewers,1
like,1
revised,1
would,1
tim,1
spread,1
especifico,1
mount,1
features,1
rus,1
cally,1
discrimi,1
nurcan,1
households,1
fragility,1
spa,1
thomas,1
blage,1
cambios,1
subfloor,1
ited,1
oxbow,1
agri,1
graphic,1
voorrips,1
problems,1
internal,1
rollefson,1
sured,1
hallados,1
k,1
utilizamos,1
curewitz,1
inhabi,1
northern,1
philadel,1
viable,1
respectively,1
shallow,1
dror,1
cbrl,1
dations,1
tight,1
pathway,1
ate,1
southwest,1
habu,1
dividing,1
versus,1
occupied,1
utiliz,1
relative,1
ination,1
kebaran,1
attention,1
encompassing,1
residing,1
separate,1
dietary,1
transi,1
ferences,1
factors,1
carried,1
tempo,1
depth,1
arensburg,1
seasons,1
dawn,1
tests,1
groupings,1
perspectives,1
tants,1
sanitation,1
humanities,1
george,1
mixture,1
crucial,1
ecological,1
volumetric,1
outlined,1
sol,1
rior,1
lines,1
toposeriation,1
fewer,1
discard,1
primarily,1
binary,1
multi,1
bulletin,1
referred,1
anom,1
transformed,1
owens,1
scoales,1
ast,1
grinding,1
tering,1
relevant,1
remaining,1
similarities,1
indicate,1
dubb,1
settled,1
often,1
responsible,1
dans,1
expectations,1
fall,1
united,1
hrnited,1
phia,1
respect,1
subdivided,1
epi,1
extremely,1
corroborating,1
assigns,1
exists,1
ancient,1
event,1
dent,1
uso,1
susan,1
ities,1
fac,1
vigor,1
earliest,1
middens,1
taphonomic,1
school,1
graphs,1
anvil,1
heavy,1
any,1
dispersed,1
comes,1
lished,1
complexity,1
intensification,1
conjunction,1
peoples,1
ples,1
must,1
tered,1
asentamientos,1
trun,1
detect,1
pace,1
byproduct,1
les,1
bronze,1
physical,1
temporal,1
funding,1
sciences,1
organizational,1
here,1
werker,1
tak,1
established,1
verify,1
defining,1
mucho,1
bumpy,1
hamilton,1
anthropo,1
steven,1
attribute,1
exploration,1
sampling,1
incorporating,1
specially,1
casi,1
organiza,1
intrusive,1
anthropol,1
cooling,1
report,1
eventually,1
iii,1
ported,1
aquellas,1
intro,1
exhibits,1
far,1
goods,1
hundred,1
constant,1
allocated,1
generalized,1
domesticated,1
going,1
distinctive,1
las,1
translating,1
proposed,1
reverting,1
nord,1
absolutely,1
instant,1
better,1
exca,1
phd,1
rep,1
draw,1
according,1
poder,1
offield,1
terms,1
selected,1
references,1
variate,1
plants,1
supports,1
tailored,1
ny,1
character,1
juxtaposed,1
seasonal,1
geo,1
signature,1
tightly,1
scheduling,1
condiciones,1
thames,1
dere,1
rating,1
grosman,1
amy,1
cloth,1
produce,1
oo,1
ori,1
precedent,1
generally,1
episode,1
articulation,1
oxygen,1
nuances,1
qua,1
garbage,1
spaces,1
pation,1
son,1
careful,1
evi,1
weiss,1
recognition,1
bifa,1
furniture,1
erally,1
elucidate,1
interstadial,1
role,1
techniques,1
duction,1
vertically,1
contribute,1
reconstruct,1
inventions,1
using,1
ized,1
burning,1
yielded,1
terminal,1
comparable,1
wild,1
formation,1
layers,1
recording,1
sities,1
argument,1
deceptively,1
argues,1
reveals,1
disposal,1
subadult,1
decrease,1
michi,1
october,1
strikingly,1
sulu,1
stratification,1
surpris,1
sioned,1
iden,1
crisis,1
contributed,1
include,1
although,1
define,1
need,1
ade,1
mas,1
arti,1
defined,1
culturalists,1
eated,1
typology,1
roughly,1
criminant,1
summary,1
anonymous,1
potential,1
itating,1
ser,1
iito,1
km,1
shahina,1
bell,1
communi,1
resent,1
recognized,1
create,1
doubles,1
nan,1
pulses,1
entire,1
pat,1
fellowship,1
peabody,1
technological,1
dif,1
resembled,1
col,1
pertenecientes,1
tus,1
draft,1
assem,1
lineated,1
