WORDCOUNTS,WEIGHT
the,889
and,637
of,595
in,419
to,265
a,168
ontario,139
by,138
that,128
as,104
new,101
for,98
or,92
archaeological,89
iroquoian,80
have,75
edited,72
pp,70
point,65
be,64
smith,63
is,59
from,58
this,57
also,56
complex,54
ad,54
archaeology,49
york,49
with,49
past,49
northern,48
at,47
southern,47
north,46
maize,45
was,45
hart,45
on,45
cf,44
american,43
stothers,42
were,42
princess,42
speakers,41
crawford,41
been,40
these,39
are,38
some,38
ferris,38
western,37
great,36
lakes,36
late,35
material,35
an,34
first,33
has,33
region,33
early,32
it,30
phase,30
communities,30
not,30
into,29
no,29
algonquian,29
iroquois,29
lake,28
antiquity,28
snow,28
may,27
eastern,26
languages,26
fiedel,26
et,26
nations,26
site,25
their,25
al,25
northeast,24
brumbach,24
woodland,24
museum,24
university,24
john,24
de,23
had,23
wright,23
la,23
migration,23
trigger,23
six,22
spence,22
state,21
london,21
people,21
area,21
between,21
basin,20
warrick,20
which,20
christopher,20
situ,19
origins,19
peninsula,19
during,19
more,19
lower,18
period,18
river,18
suggested,18
well,18
can,18
history,17
gary,17
i,17
materials,17
hypothesis,17
tradition,16
iro,16
culture,16
toronto,16
middle,16
com,16
archaeologists,15
macneish,15
within,15
about,15
ceramic,15
who,15
ritchie,15
those,14
logical,14
central,14
social,14
toward,14
time,14
model,14
see,14
perhaps,14
would,14
we,14
erie,14
seen,14
transition,14
evidence,14
papers,13
dates,13
james,13
up,13
st,13
south,13
archaeo,13
but,13
ottawa,13
present,13
cambridge,13
stick,13
come,13
national,13
now,12
tion,12
there,12
robert,12
ronald,12
southwestern,12
david,12
traits,12
how,12
around,12
iroquoians,12
neutral,12
pottery,12
grand,12
anthropology,12
what,12
local,12
both,12
researchers,12
through,12
contact,11
other,11
neal,11
america,11
such,11
william,11
across,11
modified,11
prehistory,11
sites,11
work,11
approach,11
society,11
williamson,11
others,11
murphy,11
owasco,11
league,11
understanding,11
use,11
lawrence,11
considered,11
series,11
while,11
ohio,11
before,10
human,10
cultural,10
en,10
ceramics,10
bruce,10
quoian,10
out,10
taming,10
least,10
made,10
spread,10
after,10
bulletin,10
known,10
historical,10
ancestral,10
years,10
remains,10
moved,10
if,9
huron,9
diffusion,9
archae,9
since,9
journal,9
view,9
prehistoric,9
could,9
michigan,9
used,9
employed,9
research,9
annual,9
albany,9
two,9
complexes,9
hopewell,9
seem,9
land,9
valley,9
recent,9
linguistic,8
all,8
case,8
agriculture,8
que,8
development,8
ern,8
century,8
ellis,8
ethnolinguistic,8
histories,8
its,8
island,8
department,8
often,8
over,8
whether,8
our,8
beyond,8
engelbrecht,8
among,8
groups,7
per,7
approaches,7
contexts,7
implications,7
el,7
british,7
occasional,7
meyer,7
back,7
language,7
his,7
direct,7
evolution,7
von,7
northeastern,7
bechtel,7
canada,7
appearance,7
academic,7
bursey,7
recently,7
fox,7
place,7
abel,7
settlement,7
glen,7
various,7
home,7
only,7
many,7
number,7
survey,7
dating,7
peter,7
martin,7
oxford,7
change,7
following,7
current,7
very,7
proposed,7
boundaries,7
migrations,7
although,7
should,7
southeastern,7
later,6
essays,6
studies,6
different,6
taken,6
speech,6
con,6
millennium,6
even,6
traditions,6
ers,6
earlier,6
means,6
found,6
war,6
bc,6
related,6
few,6
commu,6
continuity,6
noted,6
developed,6
end,6
pennsylvania,6
accepted,6
michael,6
including,6
margaret,6
symposium,6
so,6
gates,6
plant,6
pro,6
trait,6
precontact,6
ing,6
aboriginal,6
vase,6
particularly,6
beginning,6
funk,6
suggests,6
au,6
lands,6
much,6
riviere,6
common,5
way,5
anthony,5
eth,5
village,5
east,5
west,5
along,5
saugeen,5
archaeolo,5
one,5
y,5
inception,5
similar,5
consider,5
most,5
appear,5
dc,5
came,5
based,5
allow,5
amer,5
artifacts,5
nation,5
rankin,5
indigenous,5
being,5
latta,5
ological,5
smithsonian,5
likely,5
community,5
still,5
movement,5
parker,5
same,5
mercury,5
members,5
heritage,5
longhouse,5
archaeol,5
pointed,5
appeared,5
quoians,5
contemporary,5
starna,5
points,5
like,5
become,5
european,5
perspectives,5
centuries,5
associated,5
gibraltar,5
temporal,5
each,5
cultures,5
report,5
munities,5
then,5
phd,5
proceedings,5
terms,5
agricultural,5
theory,5
role,5
association,5
speak,5
meeting,5
convergence,4
concerned,4
adoption,4
mar,4
they,4
h,4
said,4
j,4
seems,4
tra,4
andrew,4
last,4
influences,4
implies,4
squash,4
unpublished,4
materially,4
given,4
nities,4
dean,4
ha,4
apparently,4
jones,4
ment,4
possibly,4
just,4
entered,4
called,4
lived,4
inter,4
population,4
iroques,4
cal,4
andre,4
having,4
los,4
del,4
part,4
reserve,4
elizabeth,4
shanks,4
presence,4
villages,4
when,4
migra,4
morgan,4
plex,4
ams,4
indian,4
paul,4
farming,4
man,4
question,4
patterns,4
do,4
where,4
farmers,4
cul,4
denreich,4
identity,4
bitter,4
services,4
ties,4
three,4
historic,4
taxonomic,4
springwells,4
ture,4
date,4
interpretations,4
cen,4
stage,4
provide,4
ministry,4
bound,4
responsible,4
respect,4
ology,4
susan,4
claims,4
any,4
set,4
wood,4
particular,4
generally,4
must,4
pre,4
territory,4
models,4
argument,4
heidenreich,4
couture,4
algonquians,4
canadian,4
need,4
sur,4
debate,4
northwestern,4
corn,4
broader,4
christina,4
dale,3
stuart,3
soci,3
e,3
introduction,3
pushed,3
group,3
he,3
rick,3
mobility,3
paradigms,3
wolf,3
pots,3
adena,3
chapdelaine,3
volumes,3
either,3
transitions,3
originally,3
s,3
europe,3
together,3
normative,3
thwaites,3
nal,3
similarities,3
system,3
identities,3
design,3
clearly,3
possible,3
shared,3
richard,3
far,3
framework,3
katzenberg,3
interest,3
exam,3
nor,3
bay,3
weaver,3
communication,3
phases,3
migrationist,3
whose,3
main,3
taxonomy,3
hetty,3
levels,3
notion,3
process,3
adopted,3
grew,3
scarry,3
jesuit,3
creek,3
lives,3
changes,3
entry,3
established,3
dition,3
elsewhere,3
kipp,3
house,3
shore,3
too,3
m,3
important,3
my,3
societies,3
tural,3
begun,3
ican,3
greater,3
bekerman,3
further,3
neighboring,3
appears,3
inc,3
cannot,3
wayne,3
kathryn,3
will,3
sity,3
archaeologist,3
r,3
watts,3
example,3
apparent,3
homeland,3
jamieson,3
older,3
issues,3
jo,3
long,3
ethnicity,3
t,3
attributed,3
things,3
excavation,3
ramsden,3
kewa,3
ancestors,3
scott,3
roots,3
notes,3
periods,3
critical,3
scientific,3
sobre,3
interactions,3
inhabited,3
once,3
database,3
thought,3
mississaugas,3
under,3
included,3
gernet,3
broad,3
water,3
georgian,3
stimulus,3
areas,3
diverse,3
arthur,3
forms,3
took,3
penin,3
sutton,3
seventeenth,3
belief,3
pendergast,3
hamilton,3
shifts,3
mcguire,3
tilley,3
original,3
radiocarbon,3
clear,3
uni,3
standard,3
thomas,3
exchange,3
graves,3
implication,3
relative,3
rochester,3
depth,3
imply,3
habla,3
belonged,3
arqueologia,3
tin,3
analysis,3
existed,3
arts,3
woodlands,3
cam,3
socioeconomic,3
continues,3
natural,3
bridge,3
intrusion,3
sula,3
agricultura,3
associations,3
particu,3
utilized,3
thompson,3
living,3
horticulture,3
according,3
them,3
accounts,3
plants,3
require,3
hundreds,3
haps,3
presented,3
son,3
evi,3
sidered,3
arguments,3
indians,3
world,3
tions,3
illinois,3
twentieth,3
phy,3
instead,3
holmedale,3
shift,3
endeavors,3
dieterman,3
little,3
develop,3
paleoethnobotany,2
neigh,2
frequent,2
difficult,2
ments,2
implying,2
created,2
represent,2
extend,2
fron,2
connecticut,2
large,2
food,2
second,2
authority,2
rchaeology,2
ways,2
strictly,2
jonathan,2
park,2
considerations,2
alteraboriginal,2
necessarily,2
nineteenth,2
something,2
permitted,2
proclamation,2
test,2
cherokee,2
sibility,2
sources,2
caroline,2
production,2
attempts,2
rapid,2
england,2
seneca,2
crops,2
continuities,2
occa,2
origin,2
able,2
atlantic,2
mississippi,2
renfrew,2
ancestry,2
taxa,2
discipline,2
somewhat,2
lennox,2
hei,2
context,2
designs,2
documenting,2
davisville,2
issue,2
montreal,2
linear,2
key,2
albeit,2
continuum,2
sought,2
march,2
account,2
vol,2
city,2
occurring,2
timothy,2
exchanges,2
genetic,2
sandusky,2
fitzgerald,2
collection,2
ous,2
stada,2
throughout,2
review,2
relationships,2
influx,2
due,2
wintemberg,2
against,2
visited,2
nicities,2
g,2
neighbors,2
relations,2
janet,2
dence,2
turn,2
elements,2
items,2
perspective,2
document,2
find,2
sandbanks,2
tral,2
factions,2
redesignated,2
than,2
ton,2
mohawk,2
affiliations,2
opposed,2
cana,2
without,2
exact,2
posits,2
landscape,2
midwest,2
subsistence,2
mean,2
burial,2
lenberg,2
legal,2
captives,2
enchained,2
importance,2
study,2
neish,2
terrell,2
distinct,2
developments,2
occu,2
bad,2
old,2
soon,2
immigrant,2
descent,2
hh,2
driven,2
record,2
quebec,2
argued,2
frequently,2
w,2
age,2
nolinguistic,2
resource,2
suites,2
boring,2
terminology,2
ancient,2
nebraska,2
response,2
closely,2
kennedy,2
arrival,2
method,2
search,2
mur,2
users,2
westwards,2
col,2
agendas,2
carolina,2
graeme,2
ago,2
possibility,2
handbook,2
algo,2
occupation,2
focused,2
posited,2
shee,2
circular,2
versity,2
desde,2
produced,2
persons,2
venue,2
track,2
placed,2
however,2
algonkian,2
douglas,2
claim,2
concept,2
descendant,2
criticized,2
konrad,2
year,2
records,2
perrot,2
univer,2
documented,2
lifeways,2
somewhere,2
away,2
reflect,2
regional,2
wil,2
artifact,2
ter,2
own,2
trends,2
wholesale,2
working,2
schulenberg,2
haldimand,2
norteno,2
volume,2
wards,2
discourse,2
ward,2
bergin,2
family,2
eastend,2
attention,2
small,2
characteristics,2
ignore,2
tation,2
kernels,2
laurentian,2
perlman,2
proper,2
otros,2
ial,2
provided,2
preliminary,2
displaced,2
hochelagans,2
seemed,2
pyle,2
portion,2
led,2
noteworthy,2
foragers,2
service,2
agricul,2
edges,2
diver,2
garden,2
innovation,2
demic,2
interpretation,2
conans,2
revisiting,2
lloyd,2
cleveland,2
read,2
columbus,2
chronology,2
boundary,2
choices,2
locality,2
ances,2
schultz,2
already,2
routes,2
lewis,2
jeffrey,2
attacks,2
projects,2
erman,2
archaeologi,2
longer,2
lack,2
treatment,2
occupations,2
confederacy,2
break,2
banks,2
personal,2
debates,2
arguably,2
utilize,2
anne,2
honor,2
adjacent,2
tales,2
nicolas,2
gender,2
por,2
strathern,2
zvelebil,2
multidisciplinary,2
stance,2
another,2
simon,2
demonstrated,2
credit,2
displace,2
indiana,2
lincoln,2
pertain,2
nonspecialists,2
sixth,2
lillie,2
brantford,2
doug,2
emphasize,2
ethnic,2
processes,2
actual,2
real,2
pattern,2
significance,2
fzea,2
b,2
decorated,2
co,2
held,2
ceedings,2
revised,2
pos,2
linking,2
black,2
construct,2
dialogue,2
agri,2
especially,2
written,2
systems,2
dian,2
hunter,2
southwest,2
versus,2
immigration,2
widely,2
tennessee,2
relationship,2
ann,2
note,2
continued,2
sugerido,2
hill,2
dentate,2
un,2
younge,2
transformation,2
originated,2
littoral,2
frontier,2
lar,2
rim,2
phytolith,2
earliest,2
stable,2
undertook,2
seriously,2
suite,2
changing,2
circumstances,2
meadowcroft,2
demonstrate,2
geographic,2
dave,2
wares,2
stephen,2
mac,2
sherds,2
chapman,2
ancestor,2
par,2
crites,2
international,2
down,2
rely,2
examining,2
domesticated,2
antiq,2
las,2
municipality,2
combined,2
making,2
relocations,2
geo,2
problem,2
bek,2
version,2
orthodox,2
pation,2
mod,2
november,2
sion,2
coming,2
shown,2
until,2
frontiers,2
paradigm,2
jacques,2
rockshelter,2
washington,2
aware,2
gists,2
modern,2
contributed,2
include,2
sional,2
developmental,2
woodley,2
states,2
variously,2
colleagues,2
classification,2
archaic,2
summary,2
offered,2
specific,2
dancey,2
nquian,2
themselves,2
pratt,2
adovasio,2
dif,2
observed,2
cross,2
tract,2
ca,2
uity,2
final,1
combi,1
go,1
does,1
formulated,1
o,1
symmetry,1
eidson,1
pearson,1
guistic,1
unwit,1
fathers,1
bride,1
lem,1
afavorecer,1
curtailed,1
fortified,1
serpent,1
names,1
pittsburgh,1
know,1
centering,1
wirt,1
skeletal,1
pale,1
anishnabek,1
mindset,1
berkeley,1
peggie,1
grudgingly,1
thrown,1
modificaciones,1
pierce,1
red,1
descriptors,1
marian,1
comuni,1
durante,1
manitoba,1
disallow,1
ultimate,1
diagnose,1
fragmented,1
lecture,1
jennison,1
iroquoia,1
expect,1
esch,1
becoming,1
ii,1
mesoamerica,1
larly,1
mucho,1
kendra,1
aborigi,1
putative,1
mackinac,1
tend,1
designed,1
advised,1
locked,1
adoptive,1
formed,1
oversee,1
informative,1
comunidades,1
tors,1
true,1
fray,1
investigating,1
walker,1
sudden,1
easily,1
roundtop,1
esto,1
favor,1
decade,1
acceptance,1
iso,1
character,1
virtually,1
allies,1
presents,1
unlike,1
laid,1
occurred,1
vestiges,1
puta,1
holding,1
sys,1
vehemently,1
contested,1
tornado,1
attuned,1
absence,1
pie,1
societal,1
reich,1
du,1
turning,1
salvage,1
purported,1
highlight,1
har,1
gail,1
wintered,1
pretive,1
envi,1
else,1
abouts,1
withdrawn,1
siouan,1
subsume,1
willing,1
specifically,1
every,1
sian,1
whom,1
zona,1
preceding,1
champlain,1
localities,1
ancestries,1
exclusive,1
neolithic,1
munication,1
lessly,1
give,1
debating,1
lusteck,1
marcy,1
address,1
season,1
attempt,1
sub,1
watersheds,1
agenda,1
pretations,1
mallory,1
inchoate,1
consin,1
stretch,1
prac,1
nature,1
bugs,1
finlayson,1
seamlessness,1
possibilities,1
ethnopolitical,1
route,1
sup,1
continue,1
lier,1
belong,1
broadly,1
southwestward,1
ble,1
accompanied,1
featuring,1
politics,1
relegating,1
simple,1
franklin,1
geoff,1
monckton,1
seeman,1
roland,1
analyses,1
marek,1
spanish,1
accommodated,1
government,1
sometime,1
accredited,1
selves,1
hundred,1
reunion,1
realignment,1
hunting,1
religion,1
products,1
comparative,1
packages,1
histo,1
deemed,1
subsequent,1
signa,1
inland,1
octo,1
northeastward,1
habitaban,1
consist,1
mind,1
critically,1
henry,1
debut,1
political,1
investigations,1
ber,1
dendritic,1
favoring,1
signs,1
domestic,1
appalachian,1
tiende,1
salle,1
politico,1
producing,1
essences,1
invasions,1
proceed,1
noreen,1
milner,1
sel,1
harris,1
plain,1
enchainment,1
intrusive,1
formulation,1
bur,1
jurisdictional,1
westernmost,1
recov,1
histoire,1
referents,1
uren,1
metaphor,1
mass,1
firm,1
draw,1
hall,1
right,1
changed,1
jack,1
indirectly,1
demes,1
placement,1
discrepancies,1
felt,1
prior,1
fitting,1
uxorilo,1
origen,1
brant,1
ered,1
sixteenth,1
tracing,1
paucity,1
exports,1
slight,1
fritz,1
sale,1
cautela,1
gift,1
establishing,1
tiene,1
feinman,1
duck,1
mutual,1
difusion,1
datasets,1
rockman,1
ings,1
cion,1
abstract,1
obvious,1
taking,1
interdisciplinary,1
mater,1
except,1
heiden,1
arqueohgicos,1
ideologically,1
diffused,1
mitigation,1
sent,1
classifications,1
cited,1
influencia,1
bottom,1
horticultural,1
reconstruction,1
adaptive,1
correlation,1
ritual,1
accustomed,1
undergone,1
ounjian,1
split,1
behavior,1
intrasocietal,1
localized,1
swaths,1
nuevamente,1
bot,1
faicts,1
mid,1
optimism,1
exist,1
ethnicities,1
linked,1
vides,1
joan,1
ceram,1
pit,1
affiliation,1
lon,1
cemeteries,1
branching,1
proto,1
explained,1
ticular,1
quois,1
accountable,1
mine,1
ogy,1
explorers,1
contemporaneous,1
longevity,1
conversion,1
ilar,1
magic,1
featured,1
medio,1
savages,1
bridging,1
relatively,1
michelaki,1
mixed,1
relinquished,1
espousing,1
santa,1
attested,1
avocational,1
price,1
application,1
lan,1
fischer,1
entire,1
basil,1
espoused,1
repatriation,1
dis,1
guided,1
palaeolithic,1
ware,1
utilities,1
tam,1
cases,1
eign,1
ferentiate,1
drainage,1
phasing,1
engen,1
loose,1
refer,1
marriage,1
baldwin,1
gast,1
serving,1
syracuse,1
materi,1
alejado,1
young,1
served,1
myth,1
caminos,1
understood,1
compared,1
ally,1
libraries,1
third,1
brum,1
publications,1
fowler,1
rounding,1
romanticized,1
ety,1
litigations,1
cautions,1
drawn,1
pueblo,1
memoir,1
hodder,1
look,1
southwestwards,1
llegado,1
unpub,1
rigors,1
simplistic,1
guard,1
kentucky,1
niagara,1
tained,1
loan,1
nuanced,1
join,1
intercropping,1
birgitte,1
ubicar,1
depths,1
battles,1
sauble,1
staller,1
van,1
employ,1
divergence,1
peo,1
lages,1
mesolithic,1
envision,1
colin,1
reubicaciones,1
town,1
neces,1
deviations,1
essential,1
ably,1
identification,1
dictionnaire,1
collected,1
christo,1
milenio,1
links,1
guishable,1
aimed,1
presum,1
debated,1
pally,1
victor,1
propagacion,1
basic,1
migracion,1
var,1
ascertaining,1
swept,1
adoptee,1
highway,1
wobst,1
neatly,1
una,1
represented,1
midcontinental,1
comply,1
edwin,1
menos,1
propagate,1
ns,1
ortodoxia,1
se,1
intru,1
entre,1
pressured,1
derived,1
cru,1
perkins,1
represents,1
contributions,1
antiguos,1
fred,1
cayuga,1
walde,1
arbor,1
bet,1
barker,1
update,1
pobladores,1
bach,1
absorbed,1
supposed,1
ultimo,1
wicklow,1
gathering,1
wymer,1
mcelrath,1
shell,1
manera,1
support,1
wash,1
qualify,1
references,1
straits,1
tern,1
paris,1
beker,1
subre,1
tidisciplinary,1
affect,1
stadaconans,1
artefactos,1
conceptualization,1
objects,1
determinamos,1
sorts,1
scale,1
rated,1
sim,1
lected,1
retained,1
spreading,1
vulgaris,1
den,1
emergence,1
amid,1
liberal,1
edition,1
indo,1
mary,1
philosophical,1
restricted,1
packaged,1
accessibility,1
upper,1
periodically,1
indefinitely,1
aubrey,1
substage,1
show,1
gero,1
lithic,1
argu,1
indications,1
followed,1
princi,1
cordell,1
buffalo,1
problems,1
gurevich,1
primordial,1
arguable,1
acceptances,1
principios,1
edmond,1
strategy,1
mon,1
providing,1
decades,1
classify,1
lisa,1
trajectories,1
ear,1
assessments,1
investigadores,1
experimentation,1
descriptive,1
burrows,1
opening,1
gregory,1
evolutionary,1
ditions,1
lead,1
rivals,1
encourage,1
indistin,1
transmission,1
patrilineal,1
tity,1
formulations,1
pher,1
hands,1
behalf,1
matrilocal,1
cli,1
mcconvell,1
item,1
taining,1
patrick,1
deal,1
cialized,1
laine,1
sedentary,1
events,1
mesoamerican,1
asser,1
coupland,1
endeavor,1
fortin,1
derailing,1
emerge,1
workable,1
affirma,1
initial,1
tiers,1
shapes,1
darcheologie,1
representative,1
ceived,1
big,1
arqueohgica,1
materiality,1
companion,1
fourth,1
ger,1
frew,1
agriculturalist,1
memory,1
standardized,1
traced,1
sighs,1
informed,1
fusion,1
equal,1
precursor,1
linguists,1
mate,1
halstead,1
afforded,1
tools,1
default,1
viewed,1
northwards,1
dispersal,1
wherein,1
hammers,1
biases,1
acquaintance,1
otherwise,1
freres,1
outside,1
ford,1
hypothetical,1
popularized,1
spiritual,1
explain,1
required,1
networks,1
bow,1
witthoft,1
wide,1
acknowledgments,1
near,1
middleport,1
glottochronology,1
directly,1
tially,1
aging,1
aries,1
because,1
aspects,1
jim,1
ious,1
shape,1
gatherers,1
watershed,1
accelerator,1
oped,1
provincial,1
hybrid,1
unearthing,1
designation,1
invisible,1
future,1
stances,1
seminal,1
conduit,1
data,1
mul,1
scope,1
bounded,1
residents,1
received,1
mem,1
vying,1
women,1
poblacion,1
brought,1
rat,1
advancement,1
sulpician,1
drew,1
introduc,1
knowledge,1
severance,1
equivalent,1
tenure,1
irish,1
positions,1
routinely,1
comprehend,1
ple,1
revista,1
copyright,1
dubi,1
loss,1
literature,1
overview,1
gave,1
clarifying,1
describe,1
discussions,1
jenneth,1
overtly,1
demonstrates,1
beginnings,1
us,1
relevance,1
chapde,1
lifeway,1
call,1
interac,1
ethnohistoric,1
gions,1
surrounding,1
accord,1
hampshire,1
ognizing,1
putatively,1
dichotomising,1
project,1
martha,1
pretation,1
horizon,1
conform,1
mississauga,1
polity,1
natal,1
minds,1
gap,1
frederica,1
manifestation,1
absorb,1
washing,1
annotated,1
regions,1
foci,1
catchments,1
agriculturally,1
ren,1
pants,1
staple,1
good,1
concluyo,1
exemplary,1
published,1
creating,1
p,1
indi,1
sense,1
marilyn,1
level,1
sagard,1
respon,1
conjoin,1
fuzzy,1
cold,1
tom,1
assay,1
raiding,1
desig,1
mani,1
bath,1
interacting,1
sonal,1
emphasizes,1
sixty,1
reaches,1
diagnostic,1
minimally,1
cognate,1
openly,1
habitation,1
viejos,1
multiple,1
highly,1
sisters,1
blackduck,1
este,1
parcel,1
oral,1
deco,1
temporary,1
onization,1
certainly,1
ts,1
newcomers,1
polylin,1
massachusetts,1
qew,1
attached,1
portions,1
whereabouts,1
mixing,1
ent,1
philip,1
core,1
dedicated,1
maine,1
always,1
descendants,1
claude,1
clem,1
benz,1
successes,1
filling,1
numero,1
using,1
estates,1
nancy,1
ica,1
distinguishing,1
gina,1
training,1
appropriate,1
value,1
finger,1
am,1
triangular,1
settle,1
recompense,1
intermarriage,1
medios,1
repaso,1
documentacion,1
chronological,1
gayle,1
nassaney,1
ameri,1
ris,1
uncommon,1
naming,1
press,1
pertaining,1
apari,1
horizons,1
partially,1
ana,1
recollects,1
ical,1
situation,1
arrangement,1
inhabit,1
proxy,1
sociopo,1
christrine,1
parece,1
holds,1
laurel,1
noble,1
bringing,1
gabriel,1
letters,1
spalding,1
populations,1
identified,1
action,1
correlating,1
seamlessly,1
lynn,1
mechanisms,1
gradual,1
dusan,1
discurso,1
expansion,1
limited,1
schemes,1
classic,1
brief,1
forward,1
nearly,1
nicky,1
academy,1
positioned,1
nication,1
intervention,1
make,1
surviving,1
ice,1
standing,1
permissible,1
dle,1
fueron,1
unfamiliar,1
ask,1
manifes,1
gent,1
southeast,1
conceptualiza,1
label,1
legality,1
guide,1
spoken,1
watermain,1
frank,1
motifs,1
relied,1
yet,1
vided,1
penny,1
vs,1
fit,1
jectile,1
makes,1
comunitarias,1
happened,1
alongside,1
mission,1
mobile,1
objectified,1
clash,1
tremblay,1
challenged,1
differentiate,1
thesis,1
perceived,1
management,1
puzzle,1
tax,1
melocheville,1
mineurs,1
light,1
arising,1
watson,1
orations,1
gov,1
milton,1
imented,1
subdivisions,1
fleeting,1
dering,1
quinaouatoua,1
odds,1
reports,1
speaking,1
assimilated,1
bar,1
assimilating,1
rise,1
baby,1
voyages,1
considers,1
lee,1
invento,1
transformative,1
simulation,1
mound,1
sis,1
starting,1
sided,1
pinning,1
reiterating,1
infideles,1
decoration,1
technique,1
request,1
fell,1
tar,1
purely,1
fragmentation,1
renewed,1
sedentarization,1
backed,1
kirby,1
decorative,1
stud,1
sider,1
addition,1
adherence,1
sified,1
herbert,1
associa,1
arguing,1
idea,1
preserve,1
identifying,1
occurrence,1
assess,1
gibral,1
causa,1
floyd,1
remit,1
creative,1
pastoralism,1
bowen,1
conference,1
environs,1
atic,1
trig,1
possi,1
crop,1
choice,1
als,1
really,1
larger,1
recounting,1
councillor,1
borders,1
inherently,1
donald,1
distributions,1
intercropped,1
johannessen,1
typological,1
taria,1
bbroken,1
cou,1
anthropologist,1
enactment,1
rejuvenation,1
fortier,1
behind,1
belongings,1
shoeboxes,1
hand,1
likelihood,1
v,1
garet,1
comprised,1
ground,1
hypoth,1
manner,1
phytoliths,1
hold,1
disper,1
orthodoxy,1
llegada,1
heavily,1
strategies,1
dritic,1
tures,1
recount,1
riley,1
tier,1
emma,1
patty,1
focusing,1
deep,1
biggest,1
kostalena,1
frequency,1
children,1
como,1
lounsbury,1
style,1
assemblage,1
explicitly,1
locations,1
demuestro,1
ror,1
woodman,1
tory,1
remained,1
argues,1
interpreting,1
thousands,1
imagine,1
discourses,1
acknowledgment,1
ject,1
greatest,1
mcmaster,1
arch,1
casual,1
missionary,1
certain,1
father,1
fest,1
spective,1
modelo,1
examples,1
mays,1
restrictions,1
comprise,1
assemblages,1
completed,1
tipo,1
upon,1
scheme,1
randall,1
patrilocal,1
outwards,1
hinder,1
meals,1
collections,1
translation,1
ethnology,1
dispersals,1
contacts,1
manifestations,1
recover,1
palisaded,1
incluso,1
rec,1
wmart,1
significant,1
tadoussac,1
ya,1
michi,1
hypotheses,1
largely,1
tel,1
mahican,1
conditions,1
jerome,1
bundle,1
band,1
sequence,1
ideas,1
submitted,1
maiz,1
net,1
questions,1
disarticulating,1
recovery,1
discontinuity,1
nicity,1
individuals,1
fer,1
porteous,1
macro,1
habiendose,1
option,1
riographic,1
california,1
straddle,1
theoretical,1
students,1
involves,1
discontinuities,1
described,1
finally,1
versions,1
rejected,1
explorations,1
help,1
urbana,1
arkansas,1
accessed,1
incisions,1
express,1
tury,1
encrusted,1
individual,1
times,1
plains,1
allowed,1
someone,1
variant,1
tulated,1
collaboration,1
geographically,1
sebastian,1
general,1
tribal,1
features,1
high,1
reformulated,1
mexico,1
canadien,1
unambigu,1
serves,1
stresses,1
lie,1
aligned,1
attributing,1
guages,1
primer,1
provides,1
sally,1
monitors,1
reticulate,1
latter,1
strict,1
graphic,1
labels,1
article,1
parallel,1
casson,1
methods,1
posiblemente,1
constructing,1
bordered,1
tingly,1
mainly,1
anderson,1
intrasite,1
expectations,1
attendant,1
diversely,1
hi,1
materialized,1
hunters,1
chilton,1
warred,1
field,1
travelled,1
differ,1
rials,1
toliths,1
slipping,1
geography,1
institution,1
prerequisites,1
tendency,1
professional,1
convergent,1
embodied,1
mil,1
sole,1
indige,1
exper,1
graphical,1
division,1
imperialist,1
sented,1
depuis,1
gist,1
lennium,1
grandes,1
fenton,1
histor,1
consequences,1
culmination,1
increasing,1
ferences,1
sigh,1
rachel,1
miscellaneous,1
accepting,1
wilcomb,1
suggestion,1
ahos,1
bertram,1
lo,1
christian,1
ity,1
cation,1
peers,1
stratified,1
grammar,1
icehouse,1
removing,1
independent,1
science,1
movements,1
sometimes,1
crucial,1
five,1
aceptar,1
galinee,1
ests,1
antes,1
vision,1
plays,1
rephrased,1
arrow,1
zea,1
retrace,1
alternate,1
slow,1
isotope,1
lost,1
affinity,1
tive,1
riverine,1
itself,1
daubigny,1
divergences,1
returned,1
accommodating,1
overlap,1
importantly,1
interplay,1
properties,1
oir,1
wilson,1
whereby,1
try,1
indicate,1
diagnosis,1
encrustations,1
fusing,1
life,1
ofthelonghouse,1
inspired,1
phrase,1
nameable,1
construction,1
continually,1
fe,1
united,1
amalgamation,1
wittingly,1
sage,1
vandy,1
composed,1
enforced,1
predefined,1
documents,1
mounds,1
hermeneutics,1
tems,1
grounded,1
reassigned,1
vinette,1
joseph,1
sissippi,1
bowyer,1
meskell,1
recombined,1
inkling,1
hasten,1
differentiated,1
prises,1
cannon,1
anthropological,1
environment,1
variable,1
ily,1
eventually,1
gatherer,1
offshoots,1
bean,1
comes,1
conclusion,1
ethnological,1
analogues,1
incised,1
sut,1
conjunction,1
staggered,1
dieter,1
mutualistic,1
believed,1
cashie,1
constituted,1
officially,1
eng,1
implied,1
decorations,1
recognizable,1
les,1
constructed,1
consensus,1
beans,1
carl,1
kraus,1
griffin,1
prob,1
sciences,1
here,1
alternative,1
vessel,1
ont,1
colorado,1
swan,1
poten,1
school,1
mis,1
interdigitating,1
darwinian,1
junto,1
defining,1
trunk,1
enmeshed,1
conserva,1
stem,1
transac,1
image,1
turies,1
proponents,1
paper,1
reversal,1
novel,1
huronne,1
extrapolate,1
gone,1
vari,1
did,1
unknown,1
alexander,1
etal,1
transporta,1
chris,1
dur,1
argue,1
argumen,1
half,1
regard,1
wagner,1
allied,1
epistemological,1
brothers,1
wentworth,1
matthew,1
uncriti,1
supposedly,1
pour,1
partnering,1
conrad,1
assessment,1
options,1
delimitations,1
aqui,1
places,1
stamps,1
aparicion,1
growing,1
clarity,1
component,1
cohabi,1
specter,1
tices,1
captive,1
surpluses,1
glenna,1
mutu,1
fuller,1
economy,1
notable,1
syn,1
telling,1
spatial,1
worthwhile,1
cooking,1
typologies,1
reuben,1
ones,1
reification,1
supports,1
lished,1
add,1
baja,1
maintain,1
reiterated,1
passed,1
firmly,1
ies,1
simoniously,1
vallate,1
temporally,1
angela,1
leaving,1
inextricable,1
schu,1
vein,1
fully,1
foundations,1
thames,1
childers,1
oth,1
yield,1
peters,1
information,1
precedent,1
don,1
bech,1
emphasis,1
virginia,1
isotopic,1
vil,1
catherine,1
circularity,1
port,1
practice,1
peoples,1
nodwell,1
des,1
posi,1
rearrangement,1
vessels,1
denny,1
gratitude,1
mir,1
cogency,1
marking,1
llamado,1
outline,1
etnia,1
wedge,1
litical,1
recognition,1
marked,1
prehis,1
disparate,1
refinement,1
conclude,1
inven,1
seam,1
dee,1
pat,1
became,1
devel,1
melded,1
techniques,1
plans,1
simply,1
meadowood,1
duction,1
jour,1
recounts,1
adoptions,1
reconstruct,1
acclaimed,1
refitted,1
synchronically,1
unity,1
implica,1
maintained,1
evidenced,1
aims,1
nous,1
writing,1
delia,1
categorization,1
icans,1
carora,1
subsumed,1
frances,1
named,1
entrelazarse,1
mica,1
reiterando,1
lone,1
algunos,1
wild,1
ian,1
pine,1
demarcation,1
refugees,1
transmis,1
recording,1
commercial,1
difference,1
kernel,1
electronic,1
deposition,1
halena,1
detection,1
finding,1
wis,1
americana,1
fourteenth,1
numerous,1
samuel,1
accept,1
newsletter,1
iden,1
suena,1
public,1
similari,1
colo,1
typically,1
saginaw,1
nonarchaeological,1
socially,1
bernard,1
green,1
physical,1
manufacture,1
product,1
clearest,1
involving,1
asked,1
attributes,1
prise,1
spectrometry,1
contamination,1
recourse,1
orientalism,1
membership,1
daughter,1
malcolm,1
foraging,1
maintaining,1
respective,1
charles,1
territories,1
potential,1
carbon,1
reconsidering,1
anthropologi,1
lale,1
tradi,1
assumed,1
resources,1
recounted,1
ics,1
tribes,1
mason,1
pathways,1
prospects,1
scholarship,1
jeff,1
johnson,1
communi,1
reached,1
gainesville,1
documentary,1
interaction,1
divergent,1
abandoned,1
cootes,1
eb,1
uk,1
seek,1
comparable,1
establishment,1
recollet,1
compounding,1
delineate,1
calibrations,1
relocated,1
built,1
tus,1
fur,1
close,1
spe,1
perception,1
death,1
deeper,1
els,1
