WORDCOUNTS,WEIGHT
and,632
of,573
the,564
in,276
a,181
to,172
on,145
aquatic,104
or,99
that,98
for,90
by,87
remains,84
from,77
are,74
fish,59
shell,56
have,56
north,53
other,52
archaeological,52
also,51
as,50
at,49
j,49
et,49
al,49
m,46
we,46
d,46
with,45
bones,45
be,43
sea,42
some,41
r,41
were,41
america,38
site,37
their,37
animals,37
university,37
sites,37
found,36
p,34
but,34
faunal,33
been,33
is,33
marine,32
american,31
human,31
may,31
food,31
shells,31
l,30
birds,30
feed,30
river,27
an,27
cave,26
cultural,26
they,25
such,25
midden,25
antiquity,25
california,24
evidence,24
shellfish,23
along,23
archaeology,23
more,23
new,23
where,23
natural,23
c,23
use,22
otters,22
was,22
caves,22
transport,22
fauna,22
deposits,22
coast,21
southeast,21
including,21
carrion,21
which,20
these,20
many,20
can,20
t,19
bone,19
no,19
this,19
research,19
k,19
alaska,19
eagles,19
our,19
large,18
jackson,18
adaptations,18
condors,18
e,17
humans,17
several,17
species,17
middens,17
w,17
coastal,16
island,16
variety,16
h,16
bald,16
erlandson,16
not,16
terrestrial,16
early,16
much,16
common,15
i,15
biological,15
small,15
san,15
about,15
pacific,15
origin,15
processes,15
b,15
studies,14
york,14
feeding,14
islands,14
two,14
mammals,14
s,13
nowell,13
g,13
santa,13
otter,13
located,13
edited,13
primarily,13
animal,13
gulls,13
into,12
bp,12
all,12
bird,12
resources,12
de,12
paleolithic,12
n,12
carcasses,12
eat,12
pleistocene,12
f,12
etc,12
pp,12
science,12
bears,12
condor,12
cambridge,12
between,12
it,11
accumulation,11
jouirnal,11
has,11
most,11
resource,11
mussel,11
occupation,11
suggest,11
habitats,11
northern,11
africa,11
sometimes,11
deposited,11
them,11
middle,11
rockshelter,11
behavior,10
prey,10
relatively,10
dens,10
upper,10
near,10
field,10
identified,10
fragments,10
often,10
wildlife,10
gibraltar,10
both,10
years,10
observed,10
chicago,10
eats,9
left,9
orr,9
well,9
los,9
cat,9
scavenge,9
south,9
will,9
noted,9
areas,9
eagle,9
channel,9
number,9
ecology,9
cache,9
brown,9
known,9
while,9
contain,9
cormorants,9
wild,9
area,9
recent,9
moss,8
australia,8
asia,8
salmon,8
great,8
within,8
mussels,8
excavations,8
study,8
surface,8
one,8
around,8
society,8
cats,8
den,8
department,8
mink,8
mousterian,8
pellets,8
contained,8
few,8
associated,8
up,8
ehrlich,8
miguel,7
western,7
archaeologists,7
occupy,7
predators,7
young,7
commonly,7
could,7
daisy,7
even,7
carry,7
used,7
scavenging,7
occupied,7
least,7
museum,7
adjacent,7
v,7
bear,7
seabird,7
numerous,7
scat,7
bulletin,7
rosa,7
crows,7
beach,7
landforms,7
rocky,7
barbara,6
noncultural,6
history,6
habits,6
taxa,6
sources,6
right,6
nest,6
inland,6
occasional,6
columbia,6
jones,6
en,6
levels,6
subsistence,6
vs,6
parts,6
stomach,6
late,6
abalones,6
produced,6
record,6
data,6
london,6
generally,6
ccanadian,6
allen,6
southern,6
once,6
under,6
coyotes,6
others,6
assemblages,6
range,6
abalone,6
spp,6
over,6
scavengers,6
current,6
report,6
what,6
hundreds,6
world,6
national,6
include,6
land,6
potential,6
km,6
northwestern,6
nests,6
wolves,5
if,5
stone,5
underground,5
modern,5
diffuse,5
long,5
implications,5
might,5
help,5
there,5
vertebrate,5
since,5
noyes,5
geological,5
than,5
accumulate,5
exxon,5
recovered,5
peninsula,5
had,5
prehistoric,5
diet,5
wide,5
rocks,5
scatters,5
caused,5
chiton,5
deacon,5
materials,5
accumulations,5
settings,5
us,5
strata,5
water,5
do,5
less,5
thousands,5
examples,5
organisms,5
lake,5
samples,5
gull,5
like,5
described,5
open,5
black,5
instituite,5
probably,5
morris,5
cape,5
regurgitated,5
deposit,5
freshwater,5
klein,5
proceedings,5
nesting,5
waechter,5
larsen,5
contributed,5
although,5
schmitt,5
now,4
clams,4
debris,4
led,4
excavation,4
hominid,4
limestone,4
carrying,4
forage,4
onto,4
survey,4
fresh,4
last,4
british,4
eurasia,4
far,4
above,4
central,4
associations,4
restos,4
concentrations,4
sample,4
digestive,4
seal,4
journal,4
crow,4
prince,4
across,4
similar,4
certain,4
scattered,4
dated,4
age,4
origins,4
management,4
dc,4
burrows,4
location,4
academic,4
acheulian,4
literature,4
related,4
during,4
northwest,4
contains,4
excavated,4
hard,4
working,4
highly,4
wymer,4
shoreline,4
scientific,4
ofarchaeology,4
ancient,4
same,4
only,4
rock,4
riverine,4
unidentified,4
patterns,4
oregon,4
assemblage,4
behaviors,4
low,4
clear,4
times,4
would,4
high,4
preservation,4
urchin,4
especially,4
problems,4
examine,4
ofarchaeological,4
attention,4
five,4
rockfish,4
juan,4
stiner,4
dead,4
table,4
forest,4
intertidal,4
alaskan,4
extensive,4
crab,4
berkeley,4
did,4
past,4
beaches,4
her,4
local,4
despite,4
press,4
fossil,4
feeds,4
isolated,4
until,4
godin,4
off,4
news,4
mistaken,4
brink,4
mimic,3
grossenheider,3
otoliths,3
environmental,3
sitios,3
complex,3
identify,3
remnants,3
park,3
wolf,3
ms,3
clam,3
contexts,3
vulture,3
kilometers,3
invertebrates,3
england,3
nature,3
gorge,3
potentially,3
government,3
transporting,3
hunting,3
vegetation,3
julie,3
those,3
rockshelters,3
ambiguous,3
confused,3
worldwide,3
contents,3
killed,3
prior,3
capable,3
soils,3
juell,3
combination,3
sand,3
exposed,3
roosts,3
mouth,3
que,3
sp,3
jr,3
possible,3
feathers,3
mixed,3
resting,3
elements,3
dates,3
lens,3
roadcut,3
taphonomy,3
environments,3
whether,3
direct,3
stein,3
support,3
reason,3
solutions,3
histoty,3
jersey,3
shore,3
four,3
stewart,3
appear,3
result,3
closely,3
based,3
lead,3
method,3
basin,3
mollusks,3
sutcliffe,3
ocean,3
fishing,3
evaluate,3
accurately,3
wales,3
appears,3
recently,3
garrod,3
publications,3
claassen,3
artifacts,3
work,3
steep,3
ravens,3
ccanis,3
its,3
year,3
serventy,3
winter,3
transported,3
lupo,3
regional,3
stratum,3
este,3
presence,3
bower,3
paid,3
deer,3
likely,3
constituents,3
still,3
atop,3
crabs,3
differentiate,3
floor,3
spraint,3
antiqulity,3
spend,3
printing,3
lack,3
murie,3
time,3
contemporary,3
crustaceans,3
never,3
see,3
material,3
colony,3
diets,3
distance,3
profiles,3
another,3
analyzed,3
turkey,3
background,3
scatter,3
valdez,3
foxes,3
eaten,3
largely,3
wt,3
recovery,3
ashore,3
lakes,3
taphonomic,3
zeuner,3
plant,3
cormorant,3
after,3
become,3
shorelines,3
owls,3
la,3
widely,3
hunt,3
who,3
recognize,3
analysis,3
scats,3
stratified,3
conservation,3
regularly,3
heavy,3
comes,3
nearshore,3
ever,3
quaternary,3
mlay,3
swan,3
butler,3
sido,3
cm,3
paper,3
historical,3
las,3
living,3
defauna,3
carefully,3
form,3
regurgitate,3
extent,3
produce,3
must,3
preserved,3
careful,3
introduced,3
african,3
focus,3
formation,3
layers,3
locations,3
urchins,3
dense,3
values,3
colleagues,3
assumed,3
deposition,3
nisp,3
given,3
immediately,3
among,3
should,3
accumulators,3
mostly,2
significant,2
mollusca,2
later,2
names,2
represent,2
consume,2
expedition,2
distributed,2
coastlines,2
overland,2
group,2
rick,2
tend,2
live,2
ballenberghe,2
easily,2
han,2
position,2
virtually,2
mainland,2
dig,2
assume,2
source,2
hensel,2
certainly,2
localities,2
seabirds,2
taken,2
reptiles,2
seems,2
containing,2
arlington,2
sedimentation,2
suggesting,2
together,2
beaks,2
preyed,2
simple,2
able,2
croom,2
beds,2
whistling,2
take,2
inadvertently,2
state,2
date,2
waselkov,2
context,2
el,2
papers,2
depends,2
case,2
fossils,2
con,2
audubon,2
recorded,2
auik,2
heron,2
ursus,2
illustrate,2
pairs,2
cited,2
economies,2
collection,2
localized,2
saltwater,2
includes,2
throughout,2
review,2
differential,2
depressions,2
consumed,2
due,2
visited,2
agent,2
ability,2
pay,2
z,2
jourlnal,2
cases,2
nelson,2
old,2
clark,2
cuiltuircal,2
bay,2
zooarchaeological,2
phd,2
died,2
blue,2
deeply,2
van,2
identification,2
how,2
spill,2
scavenges,2
mammoth,2
kenai,2
active,2
kodiak,2
se,2
guiide,2
tree,2
predation,2
awareness,2
especies,2
guides,2
references,2
lives,2
tower,2
bobcat,2
possibly,2
clearly,2
donde,2
traces,2
argued,2
observations,2
additional,2
stocker,2
exploitation,2
southeastalaska,2
eacgle,2
important,2
suggested,2
caches,2
nsf,2
charcoal,2
greater,2
behaviour,2
olduvai,2
pcacific,2
societies,2
erosion,2
houghton,2
typical,2
access,2
lived,2
conspicuous,2
out,2
suitable,2
seacliff,2
percentages,2
base,2
density,2
understood,2
focused,2
buried,2
population,2
devoid,2
whale,2
lyons,2
find,2
possibility,2
because,2
directly,2
none,2
distinguish,2
mapped,2
neandertal,2
suggests,2
nine,2
part,2
tasmania,2
example,2
apparent,2
vertebrae,2
sydney,2
securing,2
ccalifornia,2
discussions,2
reportedly,2
lower,2
people,2
documented,2
tongass,2
artifact,2
interpreted,2
attributed,2
schroeder,2
roost,2
below,2
waterfowl,2
occasionally,2
stuidy,2
multitude,2
mediterranean,2
nestlings,2
recognition,2
representation,2
australian,2
vultuire,2
fully,2
perlman,2
amchitka,2
through,2
productivity,2
results,2
dropping,2
using,2
manmmnals,2
provided,2
preliminary,2
dingoes,2
periods,2
bedrock,2
interglacial,2
grady,2
inhabit,2
action,2
economic,2
service,2
comparative,2
nearly,2
sobre,2
make,2
ice,2
outer,2
single,2
mammal,2
communities,2
springs,2
examined,2
thought,2
straus,2
chronology,2
included,2
home,2
wooley,2
manning,2
largest,2
wisconsin,2
shows,2
published,2
jon,2
volume,2
tasmanian,2
egret,2
members,2
lewis,2
solomon,2
comparison,2
feeders,2
death,2
madonna,2
idea,2
preserve,2
acucitica,2
sleep,2
abstract,2
eastham,2
limpets,2
banks,2
gray,2
golden,2
terry,2
klasies,2
conclusions,2
lions,2
cryptochiton,2
haul,2
dalles,2
capeaddington,2
quaternaty,2
wilbur,2
binford,2
identifiable,2
remained,2
ydenberg,2
origenes,2
simon,2
understanding,2
oil,2
upon,2
beached,2
skeletal,2
spriggs,2
raven,2
crayfish,2
additions,2
sequence,2
rare,2
stay,2
hunted,2
radiocarbon,2
fteah,2
loafing,2
shelter,2
kilometer,2
significance,2
fecal,2
three,2
historic,2
lacustrine,2
estuarine,2
rexstad,2
transporters,2
eaters,2
damage,2
ireland,2
try,2
seagull,2
vvhere,2
tim,2
jourcnal,2
so,2
features,2
collected,2
signatures,2
discarded,2
feet,2
ann,2
seattle,2
percent,2
baer,2
streams,2
ago,2
cliffs,2
modifications,2
eject,2
dogs,2
european,2
modification,2
abundance,2
trench,2
singer,2
today,2
perspectives,2
she,2
provide,2
usually,2
monterey,2
archaeobotanical,2
widespread,2
investigators,2
rob,2
seen,2
detailed,2
ofthe,2
life,2
es,2
existed,2
mortality,2
lion,2
eugene,2
centuries,2
instances,2
canada,2
mounds,2
completeness,2
interpretive,2
packard,2
earliest,2
berger,2
biology,2
anthropological,2
then,2
any,2
rea,2
wvith,2
melanesia,2
paquet,2
hurd,2
agents,2
lupus,2
too,2
meat,2
postglacial,2
control,2
anthropology,2
avifauna,2
animlales,2
global,2
seriously,2
setting,2
stratigraphic,2
animlals,2
domesticated,2
tunnels,2
advances,2
lowery,2
raccoons,2
drop,2
according,2
discuss,2
subtractions,2
seals,2
adults,2
webster,2
accounts,2
cause,2
nearby,2
opportunistic,2
mni,2
waters,2
densities,2
carnivores,2
require,2
information,2
almost,2
don,2
virginia,2
anchorage,2
travel,2
marking,2
boston,2
confundidos,2
leopard,2
level,2
trees,2
son,2
reported,2
scott,2
teichert,2
die,2
jim,2
adapted,2
nonhuman,2
contribute,2
leopards,2
shores,2
shown,2
spring,2
survival,2
sediments,2
lists,2
conditions,2
badgers,2
washington,2
grant,2
approximately,2
seagulls,2
uplifted,2
eggs,2
consumption,2
smaller,2
maritime,2
simons,2
effects,2
defined,2
francisco,2
mcconnaughey,2
specific,2
supported,2
searching,2
especias,2
point,2
johnson,2
evoluition,2
abandoned,2
hyena,2
building,2
southeastern,2
relocated,2
ca,2
close,2
woven,1
mongoose,1
precipitously,1
resolve,1
substrates,1
salmonid,1
difficult,1
amphibians,1
mute,1
o,1
done,1
provisioning,1
accomplish,1
prefer,1
feces,1
always,1
teriestrialfalunal,1
destroying,1
megapodes,1
oystercatcher,1
felids,1
arctic,1
prize,1
correlations,1
investigaciones,1
ostralegus,1
ocelot,1
cyrenaican,1
career,1
paleoenvironmental,1
affected,1
extend,1
hoxne,1
ccinis,1
resulted,1
hauca,1
mentioned,1
foraging,1
paleoecology,1
dissolution,1
islcands,1
measures,1
diane,1
mlaterials,1
branches,1
eliminated,1
jungle,1
wickler,1
considerably,1
poblaciones,1
jagareforb,1
philadelphia,1
manuscript,1
per,1
germany,1
switzerlanderlandson,1
swallow,1
acuciticas,1
needed,1
inconsequential,1
mucho,1
he,1
bathe,1
dispelled,1
retuirn,1
limpet,1
lumley,1
etching,1
formed,1
second,1
cove,1
mouith,1
carnivorous,1
true,1
summaries,1
each,1
circeo,1
approaches,1
walker,1
bias,1
katy,1
jonathan,1
paradigms,1
porcupine,1
decade,1
protection,1
stcates,1
lakeshores,1
evaluating,1
total,1
before,1
finely,1
hayes,1
misinterpreting,1
foragers,1
territorial,1
princeton,1
contact,1
disturbances,1
test,1
predominantly,1
canids,1
rising,1
oceania,1
first,1
piles,1
cast,1
waterbirds,1
burrow,1
matylcand,1
haulouts,1
usa,1
fairbanks,1
dwarf,1
exist,1
reconstructions,1
revisited,1
swedish,1
imprints,1
lyman,1
distinguishing,1
negra,1
repertoire,1
eggshells,1
culturally,1
diego,1
fowl,1
rapid,1
dixon,1
attempt,1
assist,1
utilization,1
nice,1
switzerland,1
comparatively,1
pcatterns,1
packed,1
homestead,1
assess,1
neal,1
littorina,1
assertion,1
confusion,1
thank,1
accumulated,1
wave,1
talus,1
aciuditica,1
forgeng,1
scallops,1
locality,1
trinkets,1
graham,1
mcammals,1
fulmar,1
integrate,1
biologists,1
fishhooks,1
miles,1
tributed,1
wildfires,1
patrol,1
staff,1
scrape,1
somewhat,1
behind,1
rounded,1
sebastes,1
majority,1
ad,1
producing,1
mcanagement,1
evaluation,1
empty,1
tuna,1
jane,1
ballena,1
basketry,1
behavioral,1
californianus,1
cougars,1
cenozoic,1
task,1
unaware,1
knowledgeable,1
capacity,1
primary,1
tal,1
u,1
iv,1
value,1
separating,1
greenland,1
hyenas,1
tucker,1
consuming,1
pueden,1
italian,1
occupying,1
omnivorous,1
origen,1
activity,1
doublecrested,1
facilitating,1
archipelago,1
anatomically,1
alter,1
driver,1
eating,1
aulstralia,1
west,1
taking,1
normative,1
supply,1
except,1
stash,1
x,1
mcburney,1
fur,1
sphenotic,1
chlannel,1
fragmented,1
spain,1
servab,1
tectonically,1
nd,1
coot,1
minimum,1
mnas,1
beneath,1
eroded,1
rusticoluts,1
guano,1
mollusk,1
attract,1
colonized,1
karen,1
learned,1
repeatedly,1
regarding,1
ilustrcamos,1
thus,1
pounding,1
unpublished,1
lover,1
nursery,1
martes,1
relationships,1
southwestern,1
explained,1
dying,1
promontories,1
accompany,1
dynamics,1
sapiens,1
scent,1
definitely,1
islets,1
bent,1
translating,1
bailey,1
against,1
analyzing,1
hanks,1
tables,1
september,1
swimming,1
vertebrates,1
rhinoceros,1
guthrie,1
philosophical,1
cetaceans,1
terraces,1
millennium,1
intact,1
interest,1
traps,1
characteristic,1
basal,1
contributors,1
zooarchaeology,1
mating,1
proboscis,1
veneer,1
vanguard,1
dozen,1
trail,1
nested,1
willandra,1
nagorsen,1
hemionus,1
paramlount,1
priority,1
candidates,1
institlite,1
distinct,1
better,1
perspective,1
clustering,1
northland,1
ha,1
digested,1
crowell,1
uncorrected,1
cohen,1
effective,1
vancouver,1
thin,1
networks,1
warned,1
fortheory,1
resouirce,1
y,1
mates,1
obscure,1
terrace,1
archaeologicail,1
prime,1
intrigued,1
crack,1
lengthy,1
ofsoluthern,1
bubo,1
pronounced,1
pcaul,1
monk,1
collects,1
unfortunate,1
poorly,1
vultures,1
walls,1
olduivai,1
chronicle,1
cockle,1
assessed,1
portland,1
aborigines,1
alleged,1
ingest,1
mytilus,1
ofaquatic,1
whose,1
essential,1
pectoral,1
his,1
tiger,1
camp,1
pigeon,1
chelonia,1
harrington,1
homo,1
main,1
absent,1
ejemplos,1
interpretation,1
district,1
remain,1
bays,1
mountain,1
basic,1
explicit,1
rapids,1
nucella,1
remote,1
alcaska,1
excellent,1
suffer,1
proximity,1
iedema,1
palaeolithic,1
universe,1
storms,1
menos,1
aunque,1
wellpreserved,1
eight,1
mammalia,1
importance,1
polarized,1
bllletin,1
leave,1
mersmann,1
prizing,1
seasonality,1
simonton,1
danger,1
distant,1
white,1
humlans,1
productive,1
importancia,1
consequences,1
barnacle,1
flea,1
gathering,1
wash,1
tooth,1
escape,1
loon,1
trulmpeter,1
tempus,1
puale,1
consultation,1
dutton,1
prehistory,1
females,1
consider,1
objects,1
occupational,1
familiar,1
haulout,1
parkington,1
caveat,1
kelders,1
ledge,1
energy,1
badger,1
elsewhere,1
proposed,1
mediterrcanean,1
gradually,1
cliff,1
anlimlals,1
accumulating,1
mineau,1
frozen,1
benefited,1
show,1
fiom,1
operate,1
exploited,1
terra,1
lithic,1
calcium,1
faunial,1
beyond,1
avifaunal,1
submerged,1
efficient,1
horned,1
royalanthropological,1
queen,1
mnuestran,1
reconsideration,1
mix,1
schooling,1
gende,1
remlainsfound,1
antonieta,1
helped,1
uncritically,1
noncaloric,1
offshore,1
myths,1
methodology,1
beaver,1
constructive,1
estos,1
union,1
distribution,1
posible,1
volman,1
introduce,1
chris,1
declined,1
oystercatchers,1
six,1
histories,1
medicine,1
habitually,1
search,1
called,1
expanses,1
griffon,1
baton,1
tunicata,1
osprey,1
prying,1
seven,1
huimzans,1
underneath,1
deal,1
issue,1
relation,1
estudios,1
shared,1
eauna,1
carolina,1
zone,1
noting,1
assistance,1
deciphering,1
complete,1
constantly,1
sumia,1
pcaleolithic,1
nutrient,1
glacial,1
mugharet,1
culture,1
mostrcamos,1
harriss,1
further,1
otrcafauna,1
spotted,1
holocene,1
unchanged,1
equally,1
rakers,1
theerlandson,1
williacm,1
institute,1
brcanta,1
thearchaeology,1
hall,1
hanson,1
indirect,1
gill,1
burial,1
summal,1
intensity,1
cannot,1
skunk,1
baltimore,1
safe,1
outside,1
acuaticas,1
dusky,1
katharina,1
souitheast,1
required,1
fox,1
overpopulation,1
acknowledgments,1
falco,1
hopkins,1
suspended,1
confluences,1
criteria,1
osbom,1
discovered,1
auklet,1
weight,1
colonies,1
murrelet,1
kg,1
hcandbook,1
basis,1
protected,1
marsh,1
ofagriculture,1
line,1
kelly,1
bernatowicz,1
mi,1
louiisiana,1
dog,1
douglas,1
scope,1
received,1
fraser,1
emphasis,1
andes,1
ku,1
heart,1
haua,1
brought,1
ranger,1
breeding,1
purpose,1
anadromous,1
dover,1
wolverine,1
pcaleontology,1
southafrica,1
confined,1
revealed,1
positions,1
qf,1
wildfowl,1
caching,1
aleuitian,1
fairy,1
whole,1
overview,1
older,1
place,1
editorial,1
occidentalis,1
climatic,1
scnta,1
densely,1
dwyer,1
bat,1
stimulate,1
perishable,1
prehistoty,1
tevis,1
unvegetated,1
away,1
correlate,1
cone,1
systematic,1
project,1
knowvn,1
englcand,1
delair,1
paleoscatology,1
elephant,1
ingestion,1
wildcat,1
breeders,1
shellstransported,1
litter,1
seashore,1
weeks,1
redistribution,1
klcasies,1
approach,1
refuse,1
woman,1
subtle,1
situational,1
seacoast,1
pcicific,1
change,1
pick,1
confiused,1
giant,1
describing,1
presented,1
useful,1
constituent,1
involve,1
witherby,1
depositing,1
peruvian,1
complicate,1
quite,1
night,1
event,1
lasfuentes,1
family,1
soil,1
nifio,1
allwerdt,1
forages,1
wider,1
concerns,1
broughton,1
extensivas,1
alinchak,1
oldowan,1
tonsina,1
subsided,1
observe,1
distinguished,1
portions,1
concluded,1
norris,1
impossible,1
pcaleontological,1
incubate,1
secretions,1
annual,1
progress,1
st,1
necessity,1
notice,1
arbor,1
notes,1
storer,1
fmu,1
ncatuircal,1
humczan,1
grateful,1
fieldncatuircalist,1
fleas,1
boegoeberg,1
rest,1
antigiiedad,1
cafeteria,1
digging,1
activities,1
fores,1
petrel,1
seemed,1
avoid,1
latrine,1
snails,1
lingcod,1
stiongylocentiotus,1
portion,1
critical,1
questioned,1
partially,1
ranging,1
november,1
steady,1
dall,1
hcaematopus,1
cuidadosamnente,1
modiolus,1
tussocks,1
libya,1
absence,1
ridge,1
biologist,1
various,1
production,1
actualistic,1
logistical,1
britain,1
mark,1
cougar,1
flagstaff,1
materiales,1
mechanisms,1
stuidies,1
techniques,1
birthing,1
limited,1
fifield,1
return,1
bochenski,1
acknowledged,1
brief,1
harris,1
millennia,1
lalte,1
constraints,1
taxonomically,1
community,1
canadensis,1
pelagic,1
indicates,1
interactions,1
woods,1
earthquakes,1
giannico,1
perennial,1
ofzoo,1
redistributing,1
zoology,1
convoluted,1
put,1
hold,1
deben,1
compilations,1
oakley,1
hominids,1
guide,1
contributing,1
gastropods,1
collect,1
trumpeter,1
relied,1
yet,1
recognized,1
reference,1
pleistocenearchaeological,1
monte,1
suited,1
represents,1
convex,1
amata,1
fifth,1
restricted,1
lab,1
exposure,1
paleontological,1
ne,1
logged,1
unwin,1
forays,1
invertebrate,1
breakage,1
animnal,1
continents,1
yesncr,1
evaluacr,1
coasi,1
heaton,1
pronunciado,1
every,1
experimental,1
ed,1
serranids,1
chub,1
wve,1
cientos,1
confirmed,1
reports,1
reliance,1
toronto,1
stoneage,1
hearth,1
increasingly,1
humlano,1
jaguar,1
ussr,1
rise,1
felidae,1
fairly,1
skeletons,1
mezclados,1
love,1
sello,1
inspected,1
scatological,1
heritage,1
brachidontes,1
temporarily,1
offaunal,1
neanderthals,1
frrance,1
toward,1
banko,1
ecological,1
hearths,1
pescados,1
gyrfalcon,1
added,1
cuestiones,1
smith,1
gastropod,1
communal,1
prehistorically,1
miguiel,1
locational,1
chemically,1
longer,1
leading,1
ithacaerlandson,1
consideration,1
intensityerlandson,1
underestimated,1
scholars,1
villa,1
occupations,1
foods,1
muchas,1
lucia,1
catharid,1
verbeek,1
rugged,1
murphy,1
break,1
scallop,1
femaleerlandson,1
surfaces,1
john,1
end,1
debated,1
variation,1
towering,1
resolved,1
considerable,1
clearing,1
humclanas,1
hiatus,1
worn,1
serious,1
removal,1
success,1
surrounding,1
mountainous,1
honor,1
terreno,1
anthropologist,1
enough,1
present,1
salmonlid,1
remarkable,1
patrolling,1
mcis,1
shrubs,1
landscape,1
devoted,1
purposes,1
superimposed,1
existing,1
accepted,1
establish,1
couigar,1
michael,1
peopling,1
strategies,1
aliya,1
morocco,1
agencies,1
japan,1
stiped,1
teeth,1
bate,1
unforested,1
impoverished,1
stanford,1
mcguire,1
multidisciplinary,1
degree,1
insured,1
thais,1
imagine,1
original,1
demonstrated,1
velesunio,1
microscopic,1
vast,1
discussion,1
expertise,1
hulsman,1
vez,1
dave,1
scapholunar,1
minimizing,1
indiana,1
lost,1
made,1
craig,1
taphonomlic,1
chione,1
represented,1
wcalking,1
region,1
logs,1
sentitiel,1
collections,1
svensky,1
unpredictable,1
fishbone,1
ntulrail,1
ncatuiral,1
marten,1
head,1
boulders,1
top,1
findings,1
asian,1
ponds,1
doug,1
fed,1
cranial,1
unfortunately,1
bluefin,1
rivers,1
emphasize,1
ulna,1
guidance,1
spills,1
grizzly,1
submitted,1
questions,1
crevices,1
kingdom,1
mcan,1
shovv,1
jays,1
cclifornia,1
mile,1
full,1
dismissed,1
problemla,1
dating,1
rouge,1
involves,1
grassy,1
earth,1
styles,1
retfalvi,1
andrews,1
directed,1
adding,1
seegar,1
comprehensive,1
publication,1
unlogged,1
points,1
taxonomic,1
dominated,1
sumlando,1
amounts,1
arroyo,1
fieldnotes,1
general,1
individual,1
remlains,1
allowed,1
characterized,1
reviewers,1
feral,1
quadruped,1
woodpeckers,1
summer,1
optimum,1
housed,1
ge,1
caracal,1
harpoon,1
lie,1
kennett,1
filled,1
offer,1
probable,1
anyone,1
keen,1
abundant,1
latter,1
raizing,1
bonneville,1
men,1
preying,1
favored,1
droppings,1
systems,1
incapable,1
methods,1
ardea,1
chapel,1
quienes,1
lacking,1
narrow,1
tui,1
assessing,1
auistrcalian,1
trcasladen,1
plate,1
omnivores,1
masek,1
james,1
kakadu,1
hunters,1
mlariscos,1
capabilities,1
italy,1
equivalent,1
attracted,1
versus,1
saw,1
haven,1
hawks,1
caution,1
platforms,1
louisiana,1
propose,1
ixed,1
serval,1
unrelated,1
bauer,1
hibernate,1
dietary,1
culmination,1
guillemot,1
carried,1
ethnobiology,1
nutren,1
suggestion,1
scrapinf,1
rodent,1
aid,1
amphinowell,1
cova,1
scrutinized,1
estar,1
independent,1
matrices,1
bars,1
alimentos,1
mammalian,1
stream,1
washed,1
johns,1
france,1
naturally,1
ccilifornia,1
program,1
suspected,1
hill,1
explain,1
begin,1
vague,1
inside,1
alcidae,1
andean,1
male,1
sauer,1
stringer,1
naturcales,1
sensitive,1
un,1
kelp,1
yale,1
wheye,1
curation,1
effectively,1
jacuarundi,1
lawrence,1
understand,1
markers,1
sequences,1
souith,1
numerosos,1
indicate,1
jolrnal,1
spanning,1
secluded,1
evolution,1
rotted,1
lowered,1
diagnostic,1
fall,1
united,1
amalgamation,1
wheeler,1
oldest,1
composed,1
mother,1
types,1
when,1
months,1
get,1
itself,1
articles,1
unusual,1
premier,1
notch,1
thick,1
landfor,1
considered,1
forests,1
claims,1
burned,1
school,1
osborn,1
springfield,1
logging,1
environment,1
inspect,1
quilter,1
abandonment,1
variable,1
eschewed,1
rarely,1
lynx,1
thinking,1
geese,1
believed,1
vitrevy,1
suite,1
kruuk,1
por,1
series,1
complexity,1
grayson,1
incorporated,1
peru,1
larus,1
skoog,1
demonstrate,1
punctures,1
solitary,1
mutton,1
determinants,1
bros,1
slope,1
recognizable,1
fluctuating,1
masses,1
estes,1
reconnaissance,1
preserves,1
temple,1
here,1
lynne,1
social,1
ordered,1
jacobsen,1
feature,1
specialized,1
different,1
paleoindian,1
mlany,1
dedicada,1
seem,1
believe,1
international,1
best,1
down,1
appendix,1
encontrados,1
wall,1
surprised,1
inerlandson,1
universal,1
birdsaamerican,1
manuals,1
dramatic,1
particularly,1
roosting,1
linked,1
loads,1
pebbles,1
cantabrian,1
very,1
lagoons,1
visits,1
build,1
clearcut,1
gatecliff,1
distinctive,1
chesapeake,1
burying,1
uppermost,1
just,1
hcibitos,1
assessment,1
ideally,1
destroyed,1
places,1
tambien,1
noise,1
boundaries,1
game,1
succeeded,1
steal,1
mcaritime,1
otrcas,1
catastrophic,1
investigation,1
aleut,1
spatial,1
bians,1
meticulous,1
solving,1
plants,1
goldman,1
peninsulas,1
turnbullkemp,1
baja,1
sus,1
storm,1
signature,1
theory,1
debate,1
problem,1
surveying,1
ofa,1
exposures,1
coyote,1
weights,1
scavenged,1
adaptaciones,1
perch,1
secure,1
fisheries,1
bathymetry,1
intake,1
listed,1
dingo,1
phenomena,1
ideal,1
herons,1
size,1
herring,1
trivia,1
bowel,1
revised,1
nus,1
entire,1
multiple,1
utilisation,1
sheer,1
indigestible,1
molar,1
collecting,1
role,1
gooseneck,1
subject,1
tried,1
traditional,1
transition,1
lies,1
territory,1
tender,1
indebted,1
equipped,1
pugettia,1
colonial,1
numero,1
phenomenon,1
mention,1
mustelid,1
tall,1
wilderness,1
delving,1
hydrobiologia,1
catches,1
addington,1
terminal,1
contrasts,1
ccats,1
iberian,1
ibex,1
come,1
eric,1
charlie,1
question,1
models,1
recording,1
unable,1
eacstern,1
realizadas,1
average,1
donald,1
illinois,1
komodo,1
souind,1
catch,1
claudia,1
aware,1
betty,1
crisis,1
wish,1
ridiculing,1
cypraea,1
pups,1
brain,1
snowy,1
need,1
lunette,1
temporal,1
quade,1
cautionary,1
states,1
dejadas,1
rissa,1
forming,1
measuring,1
corvids,1
association,1
impacted,1
gland,1
distingutishinig,1
archaic,1
summary,1
anonymous,1
potenciales,1
observation,1
territories,1
spines,1
removed,1
charlotte,1
ceiling,1
requires,1
colorful,1
seashote,1
aggregations,1
behrensmeyer,1
interdisciplinary,1
capra,1
mystery,1
tunkkari,1
transportan,1
consisted,1
ofwashington,1
sharing,1
partial,1
oceans,1
major,1
course,1
gulf,1
alcid,1
baited,1
technological,1
stalmaster,1
digest,1
zones,1
cross,1
pharyngeal,1
swans,1
broader,1
tract,1
built,1
guilf,1
cuando,1
ccave,1
croakers,1
