WORDCOUNTS,WEIGHT
the,576
of,467
and,354
in,291
to,215
a,189
is,102
by,86
that,84
for,84
food,67
as,67
american,53
it,52
university,52
on,51
foraging,50
farming,50
edited,48
pp,48
new,46
no,45
agriculture,43
southwest,42
this,39
population,36
an,35
are,35
agricultural,35
prehistoric,34
not,34
at,32
from,32
marginal,31
mexico,30
with,29
than,28
was,28
more,28
j,27
costs,27
et,26
model,26
be,26
one,25
r,25
al,25
but,25
early,25
h,24
if,23
intensification,23
arizona,23
maize,22
or,22
irrigation,21
also,21
can,21
tucson,20
most,20
will,20
wild,20
antiquity,20
other,19
robert,19
some,19
its,19
strategies,19
figure,19
such,18
subsistence,18
were,18
e,17
adoption,17
l,17
only,17
john,16
even,16
effort,16
approach,16
archaeology,16
which,16
north,16
human,15
use,15
anthropological,15
through,15
have,15
total,14
those,14
southwestern,14
w,14
cost,14
cultural,14
change,14
southern,14
us,14
foods,14
less,14
archaeological,14
when,14
desert,14
chicago,14
m,13
i,13
their,13
beyond,13
based,13
initial,13
late,13
we,13
social,13
demographic,13
ing,13
supply,13
what,13
archaic,13
way,12
hohokam,12
first,12
labor,12
pcya,12
c,12
western,11
farmers,11
west,11
canal,11
journal,11
may,11
van,11
york,11
bruce,11
academic,11
south,11
local,11
period,11
cambridge,11
among,11
groups,10
ad,10
along,10
prehistory,10
fish,10
efficient,10
regional,10
economic,10
smith,10
same,10
many,10
pressure,10
time,10
spread,10
michael,10
modeling,10
models,10
d,10
they,9
group,9
papers,9
eastern,9
richard,9
people,9
research,9
massachusetts,9
seed,9
f,9
made,9
increase,9
david,9
systems,9
become,9
why,9
anthropology,9
current,9
cultivation,9
william,9
given,9
quest,9
valley,9
timothy,9
cultigens,8
tion,8
into,8
production,8
all,8
state,8
curve,8
additional,8
requires,8
explain,8
optimal,8
return,8
paul,8
patterns,8
where,8
see,8
region,8
so,8
george,8
any,8
series,8
returns,8
theory,8
while,8
obtain,8
southeastern,8
between,8
approaches,7
history,7
s,7
available,7
there,7
vol,7
rather,7
factors,7
intensive,7
origins,7
utah,7
greater,7
foragers,7
single,7
under,7
efforts,7
do,7
lake,7
anasazi,7
would,7
becomes,7
vanpool,7
variability,7
transition,7
albuquerque,7
land,7
need,7
specific,7
calories,7
limits,6
environmental,6
lower,6
political,6
point,6
resources,6
thus,6
santa,6
quantitative,6
evolution,6
changes,6
river,6
resource,6
histories,6
because,6
northwest,6
press,6
curves,6
populations,6
verde,6
about,6
reliance,6
suzanne,6
jeffrey,6
reasoning,6
james,6
wills,6
versus,6
environment,6
charles,6
colorado,6
size,6
qualitative,6
bradley,6
world,6
eric,6
conditions,6
evidence,6
does,5
over,5
todd,5
boulder,5
archaeologists,5
ii,5
rational,5
possible,5
gila,5
economies,5
diversity,5
mabry,5
de,5
g,5
pueblo,5
across,5
developed,5
christine,5
risk,5
b,5
stephanie,5
k,5
strategy,5
dc,5
basin,5
p,5
used,5
concept,5
line,5
vierra,5
kiva,5
hard,5
matson,5
culture,5
these,5
two,5
fremont,5
variation,5
pattern,5
landscape,5
existing,5
another,5
original,5
understanding,5
california,5
essay,5
after,5
evolutionary,5
pro,5
northern,5
relative,5
farm,5
yields,5
carla,5
who,5
analysis,5
fe,5
earle,5
each,5
steven,5
did,5
multiple,5
salt,5
basketmaker,5
area,5
remains,5
brumfiel,4
per,4
center,4
before,4
archae,4
implications,4
account,4
uneven,4
pre,4
zuni,4
review,4
dependence,4
points,4
times,4
amount,4
unit,4
certain,4
arbor,4
solutions,4
modeled,4
had,4
result,4
ricegrass,4
method,4
out,4
floodwater,4
further,4
ann,4
versity,4
ford,4
required,4
kirch,4
well,4
themes,4
example,4
expended,4
solution,4
long,4
affluent,4
few,4
smithsonian,4
up,4
society,4
therefore,4
situation,4
aldine,4
once,4
represents,4
hunger,4
longer,4
limit,4
areas,4
man,4
forms,4
readers,4
adjacent,4
number,4
ecology,4
option,4
landscapes,4
adding,4
plant,4
uni,4
minnis,4
la,4
continued,4
been,4
began,4
get,4
stable,4
variable,4
heavy,4
here,4
set,4
highly,4
berkeley,4
natural,4
paper,4
different,4
harvest,4
economy,4
spatial,4
terms,4
yield,4
both,4
city,4
became,4
role,4
kohler,4
mode,4
reached,4
huckell,4
much,4
observed,4
difficult,3
zero,3
done,3
later,3
everyone,3
madsen,3
mar,3
eth,3
complex,3
jonathan,3
studies,3
modern,3
leads,3
transitions,3
soci,3
sub,3
humans,3
take,3
murray,3
mogollon,3
investigations,3
case,3
linear,3
has,3
america,3
prior,3
logical,3
preceramic,3
except,3
far,3
bottom,3
roney,3
examining,3
dynamics,3
pcye,3
emigration,3
immigrants,3
perspective,3
casas,3
bellwood,3
obtained,3
how,3
notion,3
process,3
lag,3
sarah,3
parts,3
gumerman,3
making,3
elsewhere,3
lead,3
inten,3
path,3
societies,3
could,3
harder,3
patrick,3
austin,3
diet,3
equally,3
though,3
appears,3
viewed,3
amassed,3
blake,3
aging,3
data,3
sity,3
evo,3
london,3
sistence,3
place,3
reflect,3
alan,3
t,3
coltrain,3
computer,3
leavitt,3
carbon,3
indi,3
sense,3
working,3
next,3
settlement,3
arbitrary,3
family,3
texas,3
part,3
ment,3
donment,3
notes,3
value,3
units,3
demand,3
grande,3
oxford,3
museum,3
choices,3
without,3
wisconsin,3
picture,3
lee,3
toward,3
again,3
paiute,3
forag,3
winterhaider,3
debates,3
anthropologist,3
never,3
increases,3
en,3
reversion,3
hastorf,3
until,3
binford,3
cul,3
fanning,3
northwestern,3
years,3
processes,3
variables,3
continue,3
theoretical,3
low,3
programming,3
peter,3
households,3
least,3
study,3
viewpoint,3
adaptations,3
figures,3
saw,3
villalpando,3
pottery,3
decision,3
primate,3
pres,3
independent,3
provide,3
science,3
sometimes,3
ecological,3
practical,3
kwiatkowski,3
lives,3
methods,3
ology,3
instances,3
face,3
biology,3
changing,3
ignore,3
brookfield,3
seem,3
best,3
aban,3
historical,3
yavapai,3
better,3
phd,3
growing,3
cal,3
inputs,3
adaptation,3
level,3
son,3
dependent,3
productivity,3
techniques,3
rio,3
argues,3
wish,3
instead,3
include,3
increased,3
hills,3
maximum,3
little,3
develop,3
duction,3
recent,3
kurt,2
go,2
anschuetz,2
transportation,2
meaning,2
ory,2
linguistic,2
village,2
large,2
agency,2
identify,2
second,2
tors,2
predicting,2
assume,2
variety,2
source,2
absence,2
replenish,2
turning,2
barriers,2
might,2
attempt,2
steadman,2
seems,2
devore,2
sup,2
leading,2
great,2
origin,2
able,2
farther,2
hunting,2
products,2
help,2
miles,2
greatly,2
respond,2
nal,2
reading,2
item,2
ity,2
within,2
system,2
proceed,2
jane,2
harris,2
behavioral,2
mithen,2
explicar,2
earlier,2
nology,2
eas,2
withdrawal,2
illustrate,2
obvious,2
saguaro,2
corbett,2
collection,2
leblanc,2
repeatedly,2
smalley,2
central,2
andrew,2
accessible,2
collapse,2
reverse,2
development,2
simmons,2
against,2
agent,2
millennium,2
base,2
mixed,2
adopted,2
ern,2
foodways,2
excavations,2
application,2
jr,2
barrier,2
agers,2
chihuahua,2
dis,2
dean,2
clark,2
robb,2
refer,2
applying,2
left,2
continuous,2
y,2
look,2
pos,2
netting,2
general,2
alfonso,2
site,2
communities,2
colin,2
wishes,2
whose,2
his,2
centered,2
joan,2
basic,2
highway,2
direct,2
special,2
consequences,2
risks,2
raymond,2
wash,2
reason,2
accounts,2
understand,2
just,2
unimportant,2
n,2
mary,2
northeastern,2
variabilidad,2
ginal,2
four,2
graphic,2
argu,2
followed,2
mix,2
permanent,2
christenson,2
faced,2
trained,2
view,2
appear,2
arrived,2
my,2
came,2
plateau,2
chris,2
asserts,2
tra,2
search,2
sedentary,2
amer,2
minated,2
ogy,2
handbook,2
graybill,2
occupation,2
ceases,2
persons,2
intensity,2
record,2
however,2
val,2
sedentism,2
technical,2
watershed,2
kelly,2
elisa,2
sonora,2
heavily,2
occupants,2
simms,2
experiencing,2
fence,2
incremental,2
issues,2
mathematical,2
institution,2
preparation,2
sions,2
heuristic,2
involve,2
sake,2
small,2
eco,2
grow,2
ues,2
climate,2
portions,2
core,2
annual,2
maxwell,2
deer,2
activities,2
barbara,2
ameri,2
critical,2
likely,2
ical,2
reduced,2
practices,2
various,2
mesa,2
sonoran,2
expansion,2
limited,2
qual,2
fruit,2
constraints,2
object,2
community,2
allen,2
formative,2
still,2
above,2
make,2
decisions,2
sociopolitics,2
measure,2
lisa,2
hegmon,2
pacific,2
joshua,2
read,2
serve,2
perspectives,2
complete,2
essential,2
reversions,2
dropped,2
cooke,2
already,2
department,2
reports,2
rise,2
sketch,2
jon,2
mound,2
diminishing,2
lewis,2
ask,2
added,2
cedar,2
fact,2
shows,2
consideration,2
chisholm,2
choice,2
larger,2
end,2
took,2
present,2
accepted,2
requiring,2
answer,2
necessary,2
intensify,2
remained,2
imagine,2
aggregation,2
greatest,2
spending,2
discussion,2
diehl,2
archaeo,2
explanation,2
range,2
values,2
weeks,2
chemistry,2
maria,2
trend,2
actual,2
idents,2
involves,2
douglas,2
clear,2
tional,2
individual,2
like,2
farms,2
dry,2
practiced,2
fred,2
kantner,2
latter,2
ture,2
agri,2
behind,2
often,2
agave,2
seeking,2
hunter,2
hedge,2
widely,2
grandes,2
dietary,2
increasing,2
space,2
marshall,2
neely,2
states,2
applications,2
equals,2
bureau,2
altschul,2
linda,2
five,2
begin,2
lines,2
fewer,2
growth,2
pop,2
efficiency,2
united,2
fields,2
centuries,2
fac,2
earliest,2
considered,2
res,2
stephen,2
school,2
abandonment,2
mcdonald,2
associated,2
conclusion,2
complexity,2
tempting,2
must,2
needs,2
farmed,2
known,2
slope,2
sciences,2
statistical,2
belief,2
quickly,2
sure,2
reversal,2
worth,2
ratio,2
behrens,2
report,2
usdi,2
build,2
domesticated,2
free,2
las,2
past,2
proposed,2
machiguenga,2
explanations,2
catastrophic,2
larralde,2
them,2
form,2
webster,2
rising,2
particular,2
add,2
supplemented,2
institute,2
huge,2
resident,2
suggests,2
travel,2
mod,2
easy,2
jour,2
tions,2
our,2
tell,2
argument,2
unable,2
editor,2
ignored,2
average,2
national,2
urry,2
graphed,2
roughly,2
anonymous,2
lutionary,2
demo,2
bell,2
johnson,2
enterprise,2
should,2
building,2
alternative,2
paleoethnobotany,1
resolve,1
gis,1
ments,1
now,1
emi,1
produces,1
prefer,1
common,1
estimated,1
danai,1
popula,1
shawn,1
npcya,1
wirt,1
isotopes,1
commitment,1
represent,1
tuscaloosa,1
ethnographi,1
introductions,1
nec,1
resulted,1
college,1
coast,1
thropologie,1
measures,1
apache,1
introduction,1
utility,1
unevenly,1
germany,1
start,1
forcing,1
speakers,1
employees,1
becoming,1
settlements,1
mesoamerica,1
rick,1
drastically,1
zcre,1
chi,1
tend,1
essays,1
designed,1
stone,1
rogers,1
remind,1
live,1
ditional,1
ways,1
mexican,1
strictly,1
peaks,1
expenditure,1
easily,1
favor,1
conscious,1
hyland,1
former,1
loca,1
justified,1
fixed,1
dimen,1
explanatory,1
necessarily,1
encourage,1
occurred,1
individually,1
porate,1
beckett,1
ketmaker,1
migration,1
annals,1
experience,1
diffusion,1
accumulation,1
compression,1
anything,1
karen,1
envi,1
mast,1
fraction,1
arguing,1
upland,1
either,1
permit,1
sources,1
egos,1
pai,1
hopi,1
expands,1
zona,1
preceding,1
mcbrinn,1
sabbatical,1
pervasive,1
rate,1
adopt,1
contrasted,1
kilometers,1
rapid,1
arrival,1
domesti,1
ourselves,1
nious,1
chaco,1
nature,1
incorporating,1
immense,1
reach,1
shaped,1
principles,1
titative,1
individuals,1
associa,1
agrarian,1
advantage,1
assertion,1
revue,1
simple,1
macneish,1
thank,1
differences,1
dryland,1
follows,1
vanishing,1
mississippi,1
anatol,1
renfrew,1
ripple,1
ezell,1
swim,1
loves,1
prevail,1
subsequent,1
coalescence,1
alden,1
effi,1
nm,1
rudimentary,1
intuitive,1
mind,1
date,1
implication,1
cowan,1
keith,1
concepts,1
portales,1
wolcott,1
complicated,1
domestic,1
declines,1
natufian,1
daniel,1
imaginable,1
lution,1
obviate,1
calculus,1
el,1
insti,1
triggered,1
proposals,1
depends,1
kingdoms,1
documenting,1
issue,1
side,1
ily,1
illu,1
southwesternists,1
neering,1
ballena,1
disintensification,1
assertions,1
key,1
formulation,1
recov,1
gerry,1
pub,1
eurasia,1
right,1
march,1
retain,1
gardens,1
pueden,1
wilcox,1
wag,1
ings,1
flank,1
alone,1
hawkes,1
irrigated,1
taking,1
combination,1
desired,1
say,1
coas,1
x,1
rela,1
ignores,1
carlyle,1
cited,1
realistic,1
cient,1
sachs,1
horticultural,1
undoubtedly,1
keeps,1
edgar,1
mat,1
ritual,1
sketched,1
sweet,1
ross,1
kiowa,1
illustrating,1
behavior,1
surplus,1
frangaise,1
nessen,1
relies,1
goal,1
relationships,1
accuracy,1
famously,1
birgette,1
mine,1
dobres,1
arndt,1
consumed,1
diets,1
spective,1
ciplines,1
barton,1
illustrates,1
due,1
assimila,1
hierarchy,1
assumes,1
ciolek,1
trated,1
medio,1
ease,1
interchangeably,1
hawaii,1
ethnobotanical,1
polly,1
cualitativos,1
natalie,1
price,1
close,1
grigg,1
living,1
barlow,1
ability,1
pay,1
usda,1
snake,1
borderlands,1
exercise,1
eled,1
turn,1
candidates,1
cases,1
sanders,1
concrete,1
underlying,1
places,1
homeostatic,1
inspirations,1
depend,1
zooarchaeological,1
uniformly,1
maxi,1
stalk,1
fig,1
speed,1
difficulty,1
rediscovering,1
output,1
albertus,1
allowing,1
outweigh,1
dates,1
fourth,1
estimate,1
publications,1
find,1
tral,1
emigrating,1
ety,1
biological,1
explore,1
plos,1
archaeologist,1
tim,1
sin,1
constructs,1
critique,1
wet,1
unpub,1
doelle,1
bottomlands,1
pronounced,1
sition,1
coal,1
fierce,1
kung,1
cites,1
vented,1
glad,1
rosalind,1
grasp,1
mechanism,1
jean,1
higher,1
ers,1
efficiencies,1
steal,1
competition,1
acculturation,1
hae,1
simplified,1
adequate,1
nurit,1
reflects,1
played,1
mak,1
camp,1
purely,1
vorsila,1
principally,1
homo,1
ishing,1
performance,1
arising,1
morrison,1
stop,1
remain,1
primitives,1
edward,1
ply,1
sort,1
square,1
irwin,1
capture,1
munro,1
kept,1
ery,1
killing,1
tionships,1
goes,1
edwin,1
alabama,1
lasted,1
supplement,1
flexible,1
eight,1
tical,1
similar,1
leave,1
adjustments,1
scarry,1
ache,1
hakataya,1
contributions,1
assuming,1
elaborate,1
envision,1
individ,1
strate,1
practicing,1
von,1
roth,1
scattered,1
plog,1
basketmakers,1
gathering,1
sally,1
monoculture,1
altar,1
norteamerica,1
means,1
eighteen,1
arid,1
hawkins,1
albert,1
acquisition,1
appli,1
proving,1
tinued,1
gardening,1
plus,1
immigrant,1
tensions,1
consider,1
organization,1
nitrogen,1
kintigh,1
retained,1
ethnobiology,1
berry,1
sum,1
allocation,1
numbers,1
impact,1
mization,1
house,1
clustering,1
lopcye,1
pastoral,1
listed,1
pullman,1
simplifies,1
cousins,1
exclu,1
show,1
linguistics,1
commented,1
max,1
powerful,1
wondering,1
exceed,1
notions,1
cordell,1
putting,1
chronometrie,1
ful,1
problems,1
glassow,1
puts,1
mainstay,1
restriction,1
abandonments,1
flow,1
important,1
mon,1
ulation,1
tory,1
approxi,1
trajectories,1
nomics,1
cultivating,1
conquest,1
sive,1
expressed,1
cynthia,1
pc,1
tural,1
carrying,1
entering,1
kalahari,1
reidhead,1
doolittle,1
puebloan,1
viduals,1
economics,1
oretical,1
tells,1
criticisms,1
cates,1
mesoamerican,1
mcc,1
luxury,1
ican,1
interpretations,1
arable,1
inter,1
term,1
density,1
bohrer,1
illustra,1
equal,1
let,1
michigan,1
leonard,1
treat,1
dispersal,1
nobiology,1
applied,1
jornada,1
otherwise,1
energy,1
tykot,1
hypothetical,1
disincentive,1
malthusian,1
approached,1
dwellers,1
ignacy,1
simulations,1
acknowledgments,1
haury,1
near,1
isotope,1
information,1
hunters,1
criteria,1
aspects,1
jim,1
shape,1
sites,1
specifically,1
directly,1
having,1
keresan,1
feeding,1
dictive,1
minimal,1
trial,1
basis,1
castetter,1
artifacts,1
gebauer,1
gains,1
work,1
bc,1
intense,1
scope,1
steep,1
industrial,1
los,1
comprises,1
preferred,1
del,1
ofworld,1
conse,1
mented,1
prized,1
simplification,1
depressingly,1
memoir,1
purpose,1
competing,1
knowledge,1
reduction,1
marketplace,1
thoughts,1
elizabeth,1
criticized,1
chagnon,1
copyright,1
loss,1
year,1
overview,1
gies,1
gave,1
sta,1
fail,1
during,1
cheerfully,1
easiest,1
broad,1
calculating,1
expend,1
cy,1
streams,1
jo,1
actually,1
falling,1
increasingly,1
tative,1
bareis,1
perishable,1
thereafter,1
lifeways,1
spends,1
mated,1
manso,1
wilshusen,1
michelle,1
unpredictabihty,1
flatter,1
appetites,1
ter,1
includ,1
week,1
graph,1
wheat,1
hillside,1
ecodynamics,1
papago,1
else,1
johan,1
regions,1
descriptor,1
circumventing,1
rchaeolog,1
substituting,1
good,1
published,1
ratios,1
commerce,1
caused,1
presented,1
below,1
diminish,1
theoretically,1
things,1
tempe,1
speculations,1
indicators,1
lawton,1
prehistorica,1
grass,1
complicate,1
contrast,1
reaches,1
precontact,1
frosts,1
quantification,1
radi,1
several,1
spanish,1
sufficient,1
consensus,1
pifion,1
replace,1
bridge,1
zea,1
keegan,1
acts,1
invoke,1
choosing,1
decline,1
distinguished,1
ancestral,1
usual,1
tended,1
corridor,1
yielded,1
philip,1
always,1
generally,1
scott,1
progress,1
intent,1
beneficios,1
jumps,1
describes,1
using,1
jersey,1
theorem,1
roots,1
econom,1
gasser,1
actions,1
massive,1
impor,1
takufumi,1
luxuries,1
contacted,1
gle,1
cite,1
span,1
portion,1
led,1
he,1
propo,1
approximate,1
proxy,1
steady,1
minor,1
parece,1
attempts,1
prac,1
pushes,1
action,1
charnov,1
short,1
gradual,1
brian,1
comparative,1
agricul,1
ances,1
classic,1
illus,1
ten,1
filled,1
renee,1
april,1
prove,1
sahlins,1
cultivar,1
harry,1
diver,1
slower,1
garden,1
indicates,1
plementing,1
initially,1
collapsed,1
perennial,1
strategic,1
safford,1
niques,1
spectacular,1
relied,1
unintended,1
rington,1
intuitively,1
bumps,1
sey,1
examined,1
opportunities,1
optimality,1
marshes,1
makes,1
switching,1
bet,1
emil,1
suspicious,1
mono,1
heg,1
borrowed,1
seeing,1
selective,1
temperate,1
perceived,1
ancient,1
puzzle,1
included,1
archaeologi,1
subset,1
gation,1
rightly,1
abandon,1
aux,1
ethnographic,1
ed,1
toric,1
switch,1
indian,1
anna,1
insights,1
odds,1
challenges,1
ethnology,1
mejor,1
parsimo,1
moments,1
visualize,1
defin,1
belaboring,1
simulation,1
sis,1
members,1
paraguay,1
displacement,1
challenge,1
unsustainable,1
ley,1
kenneth,1
mark,1
others,1
spend,1
tlements,1
academy,1
pointed,1
rejects,1
varies,1
ethnologist,1
capitalist,1
contin,1
addition,1
water,1
comparison,1
usefulness,1
equating,1
lack,1
admit,1
amerind,1
toll,1
scholars,1
occupations,1
wesley,1
axtell,1
agree,1
depict,1
match,1
striking,1
crop,1
suboptimal,1
grows,1
arthur,1
doubt,1
solu,1
minimize,1
anne,1
ceedings,1
starvation,1
terry,1
maker,1
enough,1
promoted,1
drove,1
monographs,1
geography,1
hypoth,1
manner,1
purposes,1
equate,1
emic,1
axes,1
ultimately,1
practice,1
secant,1
perhaps,1
esther,1
cohonina,1
exceeds,1
bas,1
paso,1
wood,1
locations,1
calo,1
day,1
walapai,1
brigitte,1
fundamentally,1
smiley,1
stabilize,1
robotanical,1
recognizing,1
ine,1
technologies,1
exploring,1
carneiro,1
extended,1
oota,1
survive,1
modelo,1
examples,1
turkey,1
mays,1
observable,1
treated,1
easier,1
native,1
randall,1
sides,1
formal,1
quan,1
querque,1
including,1
archaeolog,1
competes,1
troughs,1
arbitrarily,1
lecture,1
controlling,1
entirely,1
immedi,1
combining,1
emphasize,1
francis,1
albu,1
numerous,1
causes,1
inherently,1
ideas,1
survey,1
submitted,1
questions,1
sible,1
radiocarbon,1
tlesey,1
previous,1
sissel,1
brett,1
patchwork,1
mccarroll,1
contribution,1
underwent,1
described,1
ties,1
bleed,1
signa,1
anthropol,1
margaret,1
three,1
historic,1
accessed,1
gration,1
publication,1
accounted,1
rebecca,1
quests,1
amounts,1
floodplains,1
guadalupe,1
divisions,1
started,1
reviewers,1
revised,1
flood,1
optimum,1
gumer,1
cally,1
serves,1
crafted,1
lie,1
devise,1
addi,1
keene,1
accurate,1
probable,1
losing,1
boone,1
segment,1
suroeste,1
exchange,1
repeated,1
spent,1
valued,1
especially,1
internal,1
cruces,1
itative,1
sensible,1
geographers,1
references,1
basing,1
tactics,1
deliberate,1
reli,1
effect,1
progres,1
situ,1
ethnohistory,1
npcye,1
analyze,1
story,1
ate,1
napoleon,1
equivalent,1
looked,1
merly,1
becom,1
corners,1
accord,1
reverses,1
tendency,1
imperfectly,1
sugar,1
adaptive,1
recurring,1
nomicus,1
esized,1
darker,1
hague,1
gleaned,1
species,1
evolu,1
hunt,1
persal,1
roasted,1
suggest,1
tempo,1
consists,1
whit,1
buffering,1
suggestion,1
kaplan,1
relationship,1
modification,1
publishing,1
reviewer,1
catron,1
patti,1
bushmen,1
electronic,1
staples,1
program,1
tech,1
dashed,1
inside,1
vertical,1
andean,1
discard,1
analy,1
widespread,1
sympathy,1
predict,1
appeasing,1
concluding,1
un,1
seen,1
transformed,1
tive,1
progressively,1
detailed,1
owens,1
oshara,1
falsifies,1
varia,1
calorically,1
interplay,1
irri,1
plains,1
kennett,1
marana,1
heidi,1
engi,1
life,1
casually,1
joel,1
existed,1
achieve,1
win,1
tistical,1
lar,1
tial,1
competi,1
itself,1
cordeil,1
combines,1
association,1
susan,1
crowded,1
woodlands,1
thick,1
forest,1
cam,1
matters,1
claims,1
circumvents,1
sections,1
produc,1
graphs,1
rises,1
con,1
eventually,1
gatherer,1
ecol,1
following,1
suite,1
prohibited,1
rea,1
comes,1
flirt,1
univer,1
preclude,1
peoples,1
tered,1
predictions,1
simply,1
extensive,1
geographic,1
economically,1
determinants,1
management,1
costos,1
nutritional,1
rapaport,1
regime,1
hearts,1
marshy,1
narrowly,1
ulations,1
dovetail,1
logis,1
simi,1
avoidable,1
vinton,1
pirnas,1
equation,1
poten,1
illingwoth,1
dwight,1
know,1
alternation,1
sfl,1
intellectual,1
unpacking,1
rainfall,1
wannapa,1
halt,1
lpcye,1
cultures,1
encoun,1
jochim,1
global,1
gunter,1
setting,1
essary,1
down,1
breaking,1
argue,1
gosden,1
half,1
basins,1
domestica,1
scenario,1
minimized,1
ics,1
dennis,1
then,1
ported,1
swca,1
hispanic,1
stoneking,1
basket,1
pendejo,1
themselves,1
rely,1
privileged,1
very,1
pathways,1
agricultura,1
bin,1
buffered,1
adler,1
particu,1
rural,1
hamlets,1
emerges,1
options,1
merely,1
iest,1
evident,1
person,1
turned,1
wellman,1
clarity,1
beginning,1
confess,1
tices,1
consultants,1
game,1
according,1
unlikely,1
polynesian,1
surin,1
proceedings,1
carefully,1
unique,1
tle,1
whether,1
kevin,1
stability,1
selected,1
ones,1
sonian,1
plants,1
want,1
imposed,1
mano,1
acad,1
passed,1
portmanteau,1
sively,1
incor,1
parker,1
mathematics,1
szuter,1
extent,1
tute,1
correlates,1
periphery,1
argued,1
damp,1
require,1
tant,1
too,1
emphasis,1
isotopic,1
ism,1
hundreds,1
amass,1
redman,1
ington,1
middle,1
popular,1
observada,1
derived,1
researchers,1
remember,1
emergent,1
foley,1
ative,1
age,1
prehis,1
secants,1
lications,1
content,1
micro,1
alternatives,1
tine,1
procure,1
docu,1
november,1
modelos,1
adapta,1
intended,1
lies,1
step,1
kathleen,1
com,1
sion,1
matches,1
demanding,1
arguments,1
alternating,1
trigger,1
families,1
indians,1
exploit,1
devolution,1
hilltop,1
shubha,1
behaved,1
coming,1
icans,1
varied,1
leap,1
reducible,1
ucl,1
named,1
multiagent,1
whittle,1
question,1
continues,1
rigged,1
formation,1
polynesia,1
ure,1
shown,1
pirna,1
drafts,1
slanting,1
caloric,1
zones,1
intensified,1
donald,1
decrease,1
unpalatable,1
cufford,1
tactical,1
course,1
actively,1
although,1
define,1
ye,1
environ,1
colleagues,1
smaller,1
cation,1
thoughtful,1
integration,1
attributes,1
effects,1
conclu,1
sification,1
defined,1
derive,1
seeks,1
off,1
mac,1
optimization,1
measured,1
continua,1
technolo,1
reformation,1
summary,1
ries,1
thousand,1
supported,1
potential,1
news,1
assumed,1
cienega,1
fol,1
kayenta,1
mason,1
doubling,1
shrank,1
thing,1
communi,1
jason,1
create,1
gainesville,1
substantial,1
kim,1
entire,1
ifornia,1
lowing,1
traditional,1
focus,1
beings,1
asked,1
doing,1
conversations,1
signals,1
ari,1
draft,1
huahua,1
occur,1
willis,1
looking,1
eties,1
faction,1
culturalist,1
