WORDCOUNTS,WEIGHT
the,707
of,449
and,294
in,236
a,222
to,210
that,131
as,104
is,98
shrines,78
by,77
with,69
for,64
at,63
shrine,62
have,61
were,60
pueblo,59
northern,54
rio,52
are,52
or,50
grande,49
this,47
tewa,46
taos,46
village,45
from,42
was,41
one,38
features,37
i,36
it,35
been,35
we,34
not,34
these,33
an,31
on,31
del,30
new,30
be,28
they,27
large,27
american,27
also,27
sacred,25
landscape,25
during,25
which,25
tiwa,25
into,24
no,24
but,24
rock,24
other,23
such,23
ground,23
de,21
more,21
valley,21
than,20
their,20
two,20
north,20
within,19
m,19
has,19
rancho,19
cosmos,19
use,19
its,18
would,18
all,17
mexico,17
villagescape,17
some,16
may,16
south,16
antiquity,16
slick,15
earth,15
many,15
archaeological,15
both,15
much,15
system,14
fowles,14
boulders,14
small,14
villages,14
pp,14
water,14
constructed,14
world,14
evidence,14
stone,13
there,13
those,13
ritual,13
most,13
only,13
la,13
ancestral,13
rocks,12
figure,12
university,12
when,12
between,12
bermed,12
elongate,11
upright,11
certain,11
well,11
sites,11
even,11
where,11
similar,11
spatial,11
our,11
roughly,11
east,11
con,10
site,10
edited,10
material,10
navel,10
itself,10
known,10
each,10
ortiz,10
early,10
if,9
far,9
y,9
his,9
cupule,9
out,9
late,9
surrounding,9
research,9
located,9
precolumbian,9
stones,9
social,9
made,9
who,9
associated,9
natural,9
did,9
locations,9
land,9
area,9
picuris,8
center,8
century,8
back,8
occupation,8
used,8
place,8
around,8
home,8
ethnographic,8
present,8
described,8
points,8
any,8
pueblos,8
past,8
places,8
what,8
sur,8
among,8
mountains,7
modern,7
western,7
might,7
survey,7
ad,7
marked,7
throughout,7
southern,7
how,7
four,7
greater,7
had,7
cupules,7
work,7
rituals,7
order,7
depression,7
cosmology,7
ceremonial,7
us,7
patterns,7
do,7
period,7
so,7
snead,7
spirits,7
archaeology,7
means,7
parsons,7
series,7
set,7
until,7
point,7
closely,6
first,6
along,6
central,6
santa,6
direct,6
special,6
study,6
space,6
particular,6
argued,6
appear,6
found,6
further,6
near,6
people,6
own,6
thirteenth,6
will,6
cosmological,6
pile,6
still,6
about,6
provide,6
time,6
larger,6
diameter,6
less,6
lake,6
fourteenth,6
clear,6
three,6
creek,6
southwest,6
circle,6
construction,6
ing,6
mother,6
then,6
must,6
over,6
report,6
circles,6
while,6
vil,6
tetrad,6
association,6
recent,6
go,5
way,5
groups,5
e,5
complex,5
nested,5
practices,5
being,5
great,5
primary,5
human,5
excavations,5
dis,5
details,5
sun,5
centered,5
landscapes,5
organization,5
emergence,5
additional,5
my,5
residential,5
related,5
documented,5
least,5
variety,5
various,5
atop,5
communities,5
under,5
already,5
toward,5
severin,5
model,5
see,5
number,5
upon,5
region,5
significant,5
mountain,5
systems,5
can,5
james,5
probably,5
attention,5
practice,5
following,5
here,5
very,5
las,5
them,5
distribution,5
through,5
indians,5
aggregated,5
tanks,5
km,5
difficult,4
boulder,4
experience,4
either,4
long,4
suggesting,4
tucson,4
origin,4
el,4
side,4
eastern,4
depressions,4
likely,4
learned,4
que,4
unpublished,4
interest,4
rounding,4
tetrads,4
acknowledge,4
rather,4
main,4
cave,4
established,4
just,4
beyond,4
dc,4
prehistoric,4
path,4
culture,4
ann,4
let,4
viewed,4
surrounded,4
because,4
data,4
part,4
systematic,4
preucel,4
few,4
smithsonian,4
notes,4
f,4
led,4
san,4
second,4
once,4
light,4
noted,4
challenge,4
areas,4
adjacent,4
perhaps,4
understanding,4
extended,4
discussion,4
treated,4
arizona,4
subtle,4
historic,4
logic,4
times,4
ellis,4
earlier,4
provides,4
latter,4
visit,4
me,4
dual,4
referred,4
anthropological,4
simply,4
know,4
ran,4
cm,4
historical,4
phd,4
william,4
ruins,4
prior,4
reported,4
years,4
although,4
physical,4
approach,4
remains,4
am,4
little,4
does,3
burgwin,3
now,3
indicated,3
meaning,3
commentary,3
tion,3
slicks,3
extends,3
per,3
he,3
tend,3
formed,3
unmodified,3
sys,3
descriptions,3
women,3
questions,3
archaeologically,3
simple,3
closer,3
religion,3
recorded,3
key,3
iv,3
west,3
say,3
pairs,3
conception,3
repeatedly,3
review,3
run,3
visited,3
divine,3
relatively,3
regarded,3
ern,3
norte,3
keep,3
young,3
cardinal,3
blue,3
cosmic,3
van,3
fort,3
without,3
l,3
paths,3
explicit,3
represented,3
b,3
arbor,3
scattered,3
understand,3
consider,3
sorts,3
organized,3
linked,3
result,3
came,3
strength,3
effort,3
base,3
david,3
population,3
spiritual,3
find,3
residents,3
los,3
claim,3
aldeas,3
kiva,3
change,3
sense,3
field,3
settlement,3
highly,3
este,3
ancestors,3
visible,3
up,3
mono,3
provided,3
activities,3
overall,3
community,3
seemingly,3
orders,3
same,3
moiety,3
members,3
chama,3
mark,3
residence,3
fact,3
end,3
men,3
manner,3
foot,3
como,3
largely,3
assume,3
nothing,3
complicated,3
significance,3
architectural,3
like,3
division,3
roomblock,3
ural,3
repeated,3
become,3
story,3
cen,3
reasonable,3
transformed,3
detailed,3
indicate,3
often,3
tial,3
regularly,3
considered,3
peoples,3
colorado,3
dualism,3
lekson,3
control,3
chacoan,3
build,3
destroyed,3
turned,3
draw,3
form,3
making,3
agricultural,3
map,3
too,3
emphasis,3
spaces,3
bodies,3
ritually,3
chipapunta,3
conclude,3
despite,3
step,3
went,3
territory,3
com,3
stevenson,3
bureau,3
spring,3
washington,3
need,3
earthen,3
defined,3
pot,3
offered,3
occurring,3
c,3
traditional,3
focus,3
immediately,3
built,3
anschuetz,2
edge,2
concerned,2
later,2
stood,2
nest,2
created,2
introduction,2
stands,2
group,2
told,2
becoming,2
true,2
h,2
sym,2
history,2
expressed,2
before,2
something,2
source,2
territorial,2
leads,2
round,2
piles,2
archaeologists,2
certainly,2
pervasive,2
interested,2
give,2
raphy,2
asso,2
terrain,2
chaco,2
hammack,2
j,2
tres,2
s,2
available,2
tradition,2
reveal,2
villagescapes,2
creator,2
mind,2
stand,2
political,2
reading,2
somewhat,2
sanctify,2
case,2
gious,2
discuss,2
possible,2
pre,2
activity,2
insight,2
richard,2
apart,2
tlement,2
reveals,2
warfare,2
regarding,2
towa,2
eth,2
ogy,2
immediate,2
development,2
contemporaneous,2
contempo,2
num,2
emerges,2
trail,2
expected,2
dence,2
given,2
phenomenology,2
chiffonana,2
cases,2
nelson,2
par,2
old,2
left,2
truly,2
tral,2
dyke,2
walls,2
york,2
supernatural,2
uni,2
across,2
developed,2
watch,2
sort,2
en,2
reference,2
mile,2
connected,2
importance,2
variant,2
parts,2
offering,2
tance,2
undoubt,2
vey,2
vera,2
ciation,2
prehistory,2
physically,2
presumably,2
former,2
n,2
record,2
traces,2
perspective,2
resource,2
methods,2
origins,2
peru,2
buffalo,2
rable,2
important,2
excavation,2
location,2
histories,2
entered,2
deal,2
international,2
facilitate,2
radical,2
term,2
izing,2
war,2
appears,2
placed,2
prayer,2
val,2
ances,2
having,2
basis,2
formerly,2
sity,2
narratives,2
example,2
description,2
travel,2
records,2
rows,2
pan,2
et,2
away,2
project,2
interpreted,2
ley,2
memoirs,2
engagement,2
start,2
indi,2
suggest,2
next,2
quite,2
heart,2
involved,2
ignore,2
prominent,2
keegan,2
peak,2
shaded,2
cos,2
distinguished,2
blessings,2
core,2
newly,2
finds,2
moved,2
institu,2
leah,2
chronological,2
morphology,2
critical,2
partially,2
sons,2
matter,2
clara,2
architecture,2
interweaving,2
identified,2
short,2
expansion,2
classic,2
above,2
dwellings,2
standing,2
outer,2
movement,2
religious,2
tewas,2
structural,2
southeast,2
single,2
guide,2
springs,2
interpretation,2
museum,2
coverage,2
makes,2
rain,2
array,2
restricted,2
bers,2
management,2
enshrined,2
nat,2
complete,2
collectively,2
outlined,2
al,2
regional,2
fill,2
sam,2
others,2
sider,2
compa,2
longer,2
d,2
stories,2
fundamental,2
beliefs,2
mountainous,2
sociospatial,2
abstract,2
contemporary,2
edly,2
discussed,2
took,2
hand,2
square,2
road,2
paired,2
deep,2
twins,2
native,2
argument,2
degree,2
cosmologies,2
interpreting,2
another,2
local,2
imagine,2
phenomenological,2
venerated,2
aggregation,2
situated,2
formal,2
ethnology,2
previously,2
tiesler,2
reside,2
identification,2
engaged,2
grinding,2
pattern,2
kilometer,2
viviendas,2
lakes,2
cosmography,2
held,2
rary,2
patterned,2
high,2
distinction,2
black,2
fred,2
reli,2
ethnographically,2
relations,2
ago,2
widely,2
oxford,2
modification,2
scapes,2
berm,2
she,2
inhabitants,2
ideology,2
hill,2
begin,2
bulletin,2
directions,2
florence,2
juan,2
life,2
fe,2
fall,2
exists,2
laurance,2
stephen,2
school,2
vaitona,2
methodist,2
ily,2
rarely,2
fifteen,2
univer,2
geographic,2
ever,2
extension,2
quickly,2
readily,2
anthropology,2
paper,2
abandonment,2
connection,2
best,2
down,2
lit,2
argue,2
particularly,2
living,2
possibility,2
redefined,2
rep,2
alfonso,2
orden,2
tle,2
references,2
imposed,2
extent,2
w,2
boys,2
suggests,2
middle,2
posi,2
vessels,2
entrance,2
introduced,2
develop,2
challenges,2
mention,2
aspect,2
varied,2
come,2
kohler,2
layers,2
ure,2
models,2
underworld,2
unmarked,2
functions,2
twentieth,2
national,2
morphological,2
grant,2
parallels,2
approximately,2
include,2
typically,2
dense,2
pictographs,2
smaller,2
integration,2
specific,2
potential,2
chicago,2
patricia,2
pool,2
partial,2
vis,2
evi,2
dif,2
should,2
deeper,2
constitution,2
kurt,1
nicholas,1
problem,1
final,1
surroundings,1
ginalization,1
daybreak,1
tains,1
allegedly,1
surround,1
personally,1
prefer,1
residing,1
common,1
pur,1
iba,1
inapropiado,1
worship,1
fering,1
migrated,1
cussion,1
market,1
extend,1
rainmaking,1
resulted,1
soci,1
runner,1
repre,1
lated,1
foraging,1
red,1
mology,1
fea,1
durante,1
ultimate,1
mar,1
myths,1
sphere,1
distributed,1
mouth,1
passing,1
expect,1
elaborately,1
vivos,1
reflection,1
settlements,1
agency,1
tinctive,1
elaborated,1
quitor,1
essays,1
designed,1
anchor,1
tures,1
alive,1
uniquely,1
tors,1
sets,1
ical,1
rounded,1
peaks,1
situation,1
coalition,1
articles,1
studies,1
cox,1
conscious,1
satisfied,1
duccio,1
ti,1
spirit,1
unnatural,1
reasonably,1
cosmog,1
undertaken,1
geometric,1
equated,1
character,1
necessarily,1
unlike,1
manuscripts,1
occurred,1
pasture,1
total,1
tells,1
emiliano,1
domes,1
nineteenth,1
redirect,1
gregory,1
arguing,1
monograph,1
lumbering,1
palpable,1
salvage,1
turning,1
arqueologicamente,1
fires,1
indexes,1
quar,1
moore,1
file,1
constructedness,1
highlighted,1
else,1
verso,1
permit,1
cions,1
sources,1
walnut,1
tribute,1
domus,1
laurens,1
translat,1
infringe,1
teva,1
press,1
polished,1
distinguishing,1
fifteenth,1
evolution,1
meters,1
kilometers,1
plateau,1
attempt,1
tsankawi,1
sunday,1
lumber,1
centric,1
bearing,1
consin,1
prac,1
seems,1
nature,1
overnight,1
geografia,1
lage,1
roomblocks,1
drawn,1
confirmed,1
layout,1
oblong,1
company,1
delineation,1
possibilities,1
shaped,1
spider,1
oval,1
interwoven,1
advantage,1
broken,1
together,1
resi,1
compounds,1
portrayal,1
potentially,1
wave,1
analyses,1
lections,1
assembled,1
able,1
government,1
sometime,1
complejo,1
hundred,1
onto,1
concludes,1
poniendo,1
sitions,1
room,1
housticamente,1
take,1
depres,1
subsequent,1
barnard,1
feature,1
ancestry,1
orejas,1
traditionally,1
last,1
nm,1
idealized,1
loose,1
consist,1
miles,1
precisely,1
mogollon,1
reserved,1
robert,1
banta,1
investigations,1
ber,1
ruined,1
discipline,1
ity,1
declaracion,1
threshold,1
visibility,1
lution,1
stopped,1
context,1
papers,1
datable,1
puebloan,1
empty,1
rewriting,1
suspect,1
projectile,1
tangibly,1
assertions,1
openings,1
albeit,1
recov,1
referents,1
pub,1
strange,1
nology,1
ticate,1
dada,1
custom,1
clearly,1
chacoans,1
account,1
grated,1
investiga,1
placement,1
miniature,1
marc,1
watched,1
compelling,1
innocuous,1
sidered,1
pelling,1
explorations,1
establishing,1
vicin,1
solely,1
petroglyph,1
alter,1
obvious,1
vistas,1
entendimiento,1
drunk,1
except,1
atacama,1
x,1
timothy,1
enlazaron,1
cited,1
redefining,1
establishes,1
anticipated,1
undoubtedly,1
lockard,1
moral,1
tionally,1
engage,1
manmade,1
inventory,1
arqueologica,1
evaluating,1
attract,1
soto,1
exposed,1
canyon,1
mid,1
pithouse,1
exist,1
labor,1
mistake,1
goal,1
thus,1
icons,1
andrew,1
phase,1
includes,1
constitutive,1
accessible,1
propped,1
remem,1
collapse,1
ronald,1
married,1
lon,1
glimpses,1
preparations,1
eventual,1
mine,1
grooves,1
inner,1
accounted,1
since,1
due,1
health,1
against,1
sediment,1
magic,1
g,1
author,1
informant,1
bodily,1
domain,1
ridgetop,1
gun,1
lin,1
unspecified,1
highlighting,1
walter,1
adams,1
cultural,1
vanguard,1
insofar,1
structuralist,1
kind,1
postmarital,1
feathers,1
aniconism,1
wendy,1
decided,1
wander,1
nities,1
nor,1
tends,1
underlying,1
evident,1
panying,1
document,1
isleta,1
blank,1
tempranas,1
refer,1
amount,1
unassuming,1
fig,1
body,1
ear,1
nodal,1
columbia,1
concert,1
six,1
races,1
served,1
myth,1
wholly,1
graphically,1
dates,1
grandparents,1
third,1
geogrdfica,1
networks,1
alves,1
ety,1
overarching,1
equally,1
explore,1
rained,1
mul,1
obscure,1
geographically,1
hoes,1
crumbling,1
deceased,1
evidencia,1
journal,1
hegmon,1
waterways,1
critique,1
auge,1
implanted,1
dismissal,1
leadership,1
castro,1
gest,1
rvl,1
commanding,1
acted,1
nuanced,1
influence,1
kept,1
jean,1
phases,1
aim,1
pay,1
ers,1
steps,1
gaining,1
lages,1
via,1
authority,1
escaped,1
oftewa,1
whose,1
espacio,1
vchums,1
jusk,1
wendorf,1
bonavia,1
testimony,1
synthesizing,1
elaborate,1
bring,1
growth,1
lars,1
district,1
remain,1
strictly,1
ically,1
coastal,1
notion,1
highway,1
subsistence,1
stranger,1
una,1
ery,1
parents,1
archaeolog,1
profusion,1
outward,1
mythologi,1
tan,1
represents,1
dialogue,1
signatures,1
envision,1
tree,1
extenso,1
white,1
read,1
founda,1
impressed,1
summarized,1
discoveries,1
architectonic,1
dotting,1
miscellaneous,1
periodic,1
subtlest,1
lea,1
etnogrdfico,1
support,1
plaza,1
exceptional,1
changes,1
mological,1
perceptions,1
expe,1
occu,1
halves,1
worshipped,1
self,1
conceptualization,1
divulged,1
reinforcement,1
improvement,1
image,1
continuity,1
mira,1
ashmore,1
signif,1
general,1
susana,1
anchoring,1
latin,1
elsewhere,1
constructs,1
days,1
god,1
fore,1
frequently,1
reviewed,1
listed,1
circuit,1
jeangon,1
periodically,1
indefinitely,1
sintetizando,1
alta,1
jars,1
esoteric,1
experienced,1
albuquerque,1
follow,1
statement,1
drought,1
indications,1
unsuitable,1
predates,1
boring,1
jeancon,1
heav,1
organi,1
comprising,1
consequence,1
surge,1
visibles,1
varela,1
permanent,1
bruno,1
semiotically,1
liberally,1
equivalence,1
holistically,1
lucero,1
tory,1
ancient,1
cut,1
differently,1
persed,1
advocated,1
fates,1
bonito,1
nebraska,1
encircling,1
lori,1
charcoal,1
naturecultures,1
raw,1
opening,1
parallel,1
arrived,1
accom,1
supernaturals,1
based,1
mater,1
lead,1
whom,1
concentration,1
arrival,1
unfolding,1
transmission,1
tem,1
appearance,1
medicine,1
carrying,1
method,1
befell,1
erosion,1
hav,1
typical,1
access,1
p,1
mapping,1
struc,1
taboo,1
viduals,1
centers,1
lived,1
conspicuous,1
changed,1
sedentary,1
rooms,1
residencial,1
unpaired,1
centrally,1
mythical,1
persist,1
misdeeds,1
topog,1
initial,1
almost,1
composi,1
big,1
ethnogeography,1
cups,1
bolic,1
neighboring,1
santuarios,1
pointing,1
understood,1
though,1
equal,1
buried,1
dropped,1
michigan,1
reviews,1
versity,1
standably,1
indirect,1
tools,1
recently,1
sticks,1
cannot,1
wherein,1
reconstructed,1
scale,1
otherwise,1
ford,1
daisy,1
perform,1
dwelling,1
guidance,1
andre,1
rectilinear,1
petrified,1
public,1
gods,1
supernat,1
influenced,1
impression,1
memory,1
ther,1
warriors,1
aspects,1
eran,1
directly,1
keresan,1
pedro,1
spheres,1
invisible,1
future,1
line,1
seminal,1
closed,1
mapped,1
artifacts,1
hung,1
douglas,1
scope,1
bounded,1
sagrada,1
received,1
steep,1
meridian,1
mem,1
tsipapu,1
incul,1
tops,1
evo,1
compli,1
icantly,1
decisions,1
conse,1
r,1
descendant,1
differ,1
canyons,1
pajarito,1
knowledge,1
communication,1
clearer,1
ferent,1
positions,1
ten,1
ple,1
surprise,1
copyright,1
intentionally,1
nu,1
gered,1
q,1
describe,1
fit,1
database,1
lishing,1
refined,1
obscured,1
expansive,1
toric,1
raced,1
lower,1
jo,1
aztec,1
falling,1
cluster,1
winter,1
dispo,1
ethnohistoric,1
personal,1
focuses,1
anything,1
cat,1
impoverishing,1
entails,1
correspon,1
tendency,1
knot,1
status,1
horizon,1
connections,1
gap,1
sink,1
towards,1
componentes,1
awe,1
manipulation,1
t,1
tioned,1
esther,1
expended,1
good,1
multiplicity,1
excavated,1
solution,1
optimal,1
caused,1
mately,1
marit,1
pottery,1
ochre,1
below,1
ego,1
deity,1
kwiyoh,1
distances,1
flanking,1
holes,1
cer,1
contrast,1
ological,1
amidst,1
contingency,1
several,1
eco,1
decay,1
sentations,1
june,1
ibility,1
multiple,1
components,1
oral,1
executed,1
temporary,1
tation,1
amplias,1
hugo,1
mi,1
presence,1
despues,1
observe,1
invaluable,1
paisaje,1
alluvial,1
portions,1
nomenon,1
herold,1
bounding,1
methodological,1
ent,1
coast,1
obliteration,1
inte,1
foundly,1
sided,1
gridded,1
always,1
mythological,1
morphol,1
plac,1
generally,1
ington,1
majority,1
cosmologia,1
gravitated,1
results,1
using,1
jersey,1
participates,1
undergoing,1
appropriate,1
oso,1
lincoln,1
novices,1
directional,1
waiting,1
valuable,1
cating,1
constituidas,1
schematic,1
impor,1
bolstered,1
unfinished,1
contacted,1
society,1
ridgeslope,1
aldepaisajes,1
occasions,1
jut,1
barbara,1
prosopis,1
portion,1
herein,1
therefore,1
node,1
pertaining,1
apari,1
underlies,1
feline,1
underground,1
thest,1
arrangement,1
istic,1
demand,1
observations,1
dealing,1
archaeo,1
ridge,1
contact,1
expanse,1
commu,1
bringing,1
meshwork,1
thir,1
letters,1
audi,1
gather,1
mollie,1
ans,1
indeed,1
play,1
acknowledged,1
brief,1
edges,1
nearly,1
exception,1
reorganization,1
attaching,1
expanded,1
indicates,1
interactions,1
pologists,1
comments,1
experiences,1
boy,1
numer,1
swarm,1
eighty,1
labored,1
simultaneously,1
echo,1
surveyed,1
inhabited,1
deben,1
inicio,1
direction,1
petual,1
vicinity,1
nev,1
lisa,1
label,1
purposefully,1
surrounds,1
keres,1
simultaneous,1
incursion,1
trains,1
yet,1
fascinating,1
permission,1
ethnographers,1
examined,1
move,1
rules,1
advanced,1
suspicious,1
acknowledgments,1
serve,1
enu,1
predecessor,1
intermediate,1
saladoid,1
fifth,1
formally,1
chronology,1
aggre,1
neither,1
index,1
matilda,1
tain,1
eties,1
included,1
subset,1
mutuamente,1
raise,1
hawley,1
performed,1
wright,1
partly,1
indian,1
robust,1
rification,1
reprint,1
veritable,1
largest,1
insights,1
provocative,1
bradley,1
department,1
garland,1
lined,1
resented,1
increasingly,1
turing,1
opment,1
thirteenthand,1
functioned,1
camped,1
outskirts,1
regardless,1
fan,1
mound,1
interpretar,1
misnomer,1
critiques,1
successfully,1
cavities,1
california,1
gated,1
jeffrey,1
luis,1
stronger,1
stated,1
patient,1
fell,1
tlements,1
typol,1
avail,1
reporting,1
recited,1
printing,1
flat,1
missing,1
investigates,1
ewi,1
ceramic,1
nerson,1
admit,1
marker,1
latour,1
construido,1
treatment,1
irene,1
toll,1
scholars,1
caciques,1
materialist,1
feather,1
extraordinar,1
materialization,1
environs,1
lacks,1
eagle,1
als,1
pet,1
anthro,1
genealogically,1
nambe,1
suspi,1
john,1
partic,1
ethno,1
residen,1
doubt,1
donald,1
fashion,1
clearing,1
man,1
anne,1
outermost,1
anthropologist,1
forms,1
genealogy,1
outside,1
tus,1
lions,1
monographs,1
v,1
tales,1
clusters,1
unit,1
farmers,1
dencia,1
moche,1
developing,1
purposes,1
occupied,1
accepted,1
michelle,1
establish,1
unclear,1
karl,1
hectares,1
michael,1
mutual,1
strategies,1
surveillance,1
dance,1
individu,1
spoke,1
focusing,1
woman,1
belief,1
eds,1
books,1
strauss,1
equidistant,1
cul,1
distance,1
boul,1
assemblage,1
gives,1
ognize,1
going,1
mill,1
maya,1
tilley,1
remained,1
shine,1
original,1
archi,1
crown,1
zation,1
private,1
greatest,1
exhibit,1
balance,1
ignored,1
meaningful,1
vast,1
mounded,1
father,1
excluding,1
thanks,1
dipped,1
bear,1
locate,1
rituales,1
systematics,1
looking,1
neigh,1
expand,1
imbued,1
rec,1
assumption,1
residues,1
prospective,1
propitiated,1
congress,1
sequence,1
complements,1
harvard,1
resulting,1
comprehensively,1
processes,1
rare,1
detalles,1
continue,1
ceremonies,1
struction,1
office,1
idents,1
shortly,1
sound,1
dating,1
versions,1
low,1
perimeter,1
open,1
steering,1
meanings,1
discovered,1
margaret,1
remaining,1
reality,1
directed,1
tional,1
jose,1
tories,1
rodeaba,1
publication,1
diemond,1
clews,1
dominated,1
clue,1
cocilovo,1
materializations,1
arroyo,1
august,1
ganization,1
pecking,1
nombre,1
christopher,1
tiplicity,1
homes,1
characterized,1
reviewers,1
collaboration,1
ny,1
function,1
materialized,1
summer,1
tribal,1
pathetic,1
serves,1
linking,1
dry,1
course,1
filled,1
practiced,1
blanche,1
preservation,1
spa,1
elsie,1
adequately,1
ited,1
etnogrdfica,1
rippled,1
ture,1
strict,1
sandstones,1
columbian,1
demarcate,1
especially,1
facing,1
habi,1
taino,1
leaves,1
geographies,1
mesas,1
respectively,1
pro,1
unoccupied,1
effect,1
availability,1
structure,1
wills,1
priests,1
claiming,1
seeking,1
sug,1
slightly,1
twofold,1
aggrega,1
versus,1
burials,1
saw,1
ranchos,1
ular,1
destruction,1
relative,1
nomic,1
attend,1
positioning,1
quarter,1
embodied,1
modifications,1
darker,1
immigration,1
encircle,1
overlooked,1
species,1
reluctant,1
puerto,1
espiritus,1
grandes,1
omens,1
farm,1
sigh,1
implicitly,1
carried,1
depth,1
consists,1
alrededor,1
committed,1
para,1
reproduc,1
wards,1
alex,1
transformations,1
rephrase,1
george,1
science,1
moieties,1
ecological,1
linda,1
five,1
cho,1
testing,1
maps,1
sides,1
santuario,1
rough,1
samaca,1
vague,1
nerable,1
primarily,1
multi,1
success,1
ritualized,1
un,1
venues,1
deposit,1
force,1
returned,1
semiotic,1
katherine,1
markers,1
cementerio,1
transformation,1
recognize,1
deals,1
length,1
espacial,1
testifies,1
volumes,1
settled,1
es,1
regionalism,1
mirror,1
responsible,1
extra,1
analysis,1
cease,1
existed,1
unroofed,1
taoses,1
table,1
juntadas,1
tecture,1
typ,1
types,1
fields,1
centuries,1
dent,1
uso,1
ridges,1
worlds,1
egories,1
gathered,1
tems,1
paying,1
phe,1
seat,1
earliest,1
res,1
residentially,1
matters,1
claims,1
dissertation,1
logging,1
photographs,1
separate,1
graphs,1
ash,1
variable,1
boyer,1
dispersed,1
authoring,1
conclusion,1
archaeologies,1
mentioned,1
anonymous,1
designates,1
incorporated,1
throw,1
founded,1
inven,1
contradiction,1
extensive,1
farmed,1
ensayo,1
conceptualize,1
legiti,1
symbolic,1
monuments,1
slope,1
allard,1
ralph,1
spots,1
kraus,1
occupational,1
glimpse,1
cosmographic,1
text,1
funding,1
nonplaces,1
alternative,1
restruc,1
supermodernity,1
poten,1
mutually,1
tj,1
principle,1
tured,1
ethnogra,1
country,1
cated,1
correspond,1
specialized,1
different,1
worth,1
extraction,1
seem,1
king,1
vari,1
capital,1
unknown,1
agglomeration,1
style,1
constructions,1
risa,1
post,1
eventually,1
foundation,1
contradictory,1
theology,1
pebbles,1
sharpen,1
rely,1
infer,1
plazas,1
taube,1
oblivion,1
hector,1
ous,1
visits,1
boundedness,1
domesticated,1
explicitly,1
distinctive,1
prayers,1
utilized,1
domesticat,1
passage,1
ticularly,1
oliver,1
merely,1
justify,1
believed,1
clarity,1
cal,1
tices,1
born,1
according,1
construccion,1
proceedings,1
carefully,1
investigation,1
graphies,1
whether,1
terms,1
cosmographies,1
selected,1
varying,1
comeuppance,1
nearby,1
dallas,1
add,1
maintain,1
alberto,1
passed,1
geo,1
mere,1
axis,1
leaving,1
reminder,1
fully,1
studying,1
wtih,1
annual,1
migrations,1
explored,1
tant,1
information,1
encounters,1
don,1
missed,1
ism,1
revisitation,1
upper,1
substantial,1
aldea,1
size,1
trece,1
hondo,1
unnoticed,1
popular,1
prdcticas,1
marking,1
overtime,1
whence,1
emergent,1
occasionally,1
pation,1
andrea,1
transport,1
logical,1
rience,1
ial,1
pecos,1
role,1
devel,1
tematicity,1
easy,1
trails,1
architecturally,1
sitting,1
reappraisal,1
confined,1
vertically,1
encounter,1
descendent,1
indebted,1
rotting,1
pound,1
colonial,1
families,1
phenomenon,1
divulge,1
finales,1
woosley,1
representation,1
gain,1
coming,1
subtlety,1
sanctified,1
tions,1
pair,1
liest,1
analogy,1
pray,1
wether,1
northeast,1
formation,1
understandings,1
unable,1
ence,1
cambridge,1
disappear,1
disposal,1
structured,1
wis,1
illinois,1
protohistoric,1
storied,1
accept,1
publishing,1
emer,1
never,1
structuring,1
offer,1
phy,1
triangulate,1
detached,1
integrated,1
define,1
cognitive,1
socially,1
underworlds,1
bernard,1
mas,1
notions,1
sanctum,1
states,1
piece,1
product,1
forming,1
measuring,1
await,1
moun,1
scape,1
typology,1
lj,1
archaic,1
reor,1
morning,1
ruth,1
charles,1
vul,1
tradi,1
ser,1
teenth,1
clarify,1
resolves,1
charged,1
vary,1
reached,1
resent,1
articu,1
experiential,1
anscheutz,1
views,1
import,1
goldfrank,1
vagaries,1
corn,1
strong,1
mature,1
seek,1
comparable,1
celestial,1
zones,1
building,1
broader,1
col,1
doing,1
conversations,1
sent,1
hierocracy,1
linearity,1
fur,1
race,1
close,1
super,1
occur,1
perception,1
symbolism,1
brazilian,1
parison,1
thorough,1
cucina,1
