WORDCOUNTS,WEIGHT
the,516
of,425
and,313
in,245
a,186
to,178
that,137
as,104
by,72
is,72
units,66
be,61
time,58
for,56
they,53
was,53
historical,51
or,48
species,48
it,47
were,45
one,44
not,43
are,41
american,37
with,37
on,37
this,36
used,35
but,35
what,34
an,33
frequency,31
j,30
we,30
from,30
approach,29
more,29
direct,28
culture,28
seriation,27
lyman,27
such,27
figure,27
m,25
cultural,25
r,25
archaeology,24
have,24
overlapping,23
which,22
principle,22
c,22
archaeologists,20
those,20
could,20
types,20
no,19
had,19
et,19
al,19
new,19
archaeological,19
antiquity,19
than,18
their,18
distribution,18
traits,18
lyellian,18
e,17
use,17
because,17
lyell,17
chronometer,17
pp,17
would,17
his,16
chronological,16
he,16
these,16
analytical,16
university,16
them,16
measure,16
b,15
relative,15
when,15
fossil,15
edited,15
only,15
evolutionary,15
particular,15
known,15
l,14
method,14
spatiotemporal,14
distributions,14
chronometers,14
sequences,14
lineages,14
passage,14
through,14
at,13
history,13
s,13
other,13
real,13
thus,13
variation,13
each,13
type,13
kroeber,12
el,12
de,12
g,12
century,12
how,12
similar,12
artifact,12
using,12
continuity,12
two,12
must,12
did,12
both,12
between,12
first,11
point,11
prehistoric,11
term,11
basis,11
biological,11
also,11
v,11
curve,11
americanist,11
over,11
extant,11
given,11
complexes,11
early,11
column,10
being,10
journal,10
rather,10
unit,10
order,10
less,10
dating,10
ordering,10
paleontology,10
d,10
o,9
h,9
implications,9
might,9
faunal,9
frequencies,9
w,9
appearance,9
its,9
taxa,9
change,9
steward,9
ancient,9
strata,9
taxon,9
theoretical,9
allowed,9
methods,9
been,9
stratigraphic,9
has,9
although,9
into,8
there,8
measuring,8
york,8
plotted,8
developed,8
most,8
found,8
sites,8
paleobiologists,8
will,8
chronology,8
do,8
latter,8
can,8
pottery,8
why,8
shown,8
chicago,8
if,7
complex,7
historically,7
interest,7
notion,7
nelson,7
n,7
came,7
based,7
record,7
well,7
limited,7
percentage,7
sequence,7
evolution,7
then,7
heritable,7
constructed,7
anthropology,7
different,7
las,7
spatial,7
form,7
theory,7
twentieth,7
measured,7
much,7
way,6
all,6
development,6
like,6
geological,6
kidder,6
k,6
space,6
age,6
important,6
view,6
radiometric,6
same,6
viewed,6
phenomena,6
data,6
faunas,6
documented,6
t,6
useful,6
several,6
research,6
extinction,6
many,6
fact,6
anthropologist,6
present,6
another,6
assemblages,6
significant,6
historic,6
modem,6
points,6
problems,6
study,6
trait,6
progressively,6
overlap,6
here,6
ruins,6
modern,6
shift,6
eldredge,6
built,6
paleobiology,5
determine,5
anchor,5
materials,5
principles,5
great,5
differences,5
i,5
fossils,5
suspect,5
historians,5
relatively,5
y,5
may,5
en,5
comprising,5
dc,5
allow,5
p,5
scale,5
spier,5
line,5
concept,5
london,5
geology,5
during,5
few,5
gould,5
provided,5
critical,5
curves,5
stratigraphy,5
about,5
others,5
successively,5
ceramic,5
end,5
model,5
number,5
explicitly,5
understanding,5
geographically,5
so,5
function,5
construct,5
punctuated,5
la,5
backward,5
who,5
meant,5
temporal,5
natural,5
cultures,5
rudwick,5
half,5
inference,5
just,5
terms,5
mas,5
charles,5
recent,5
termed,5
continuously,5
underpinning,4
entities,4
ma,4
excavation,4
nineteenth,4
explaining,4
available,4
simple,4
potentially,4
precisely,4
discipline,4
zuni,4
processes,4
que,4
comprised,4
distinct,4
even,4
reasoned,4
stanley,4
employ,4
across,4
explicit,4
una,4
proportion,4
notions,4
greater,4
result,4
transmission,4
combinations,4
extinct,4
absolute,4
required,4
explore,4
artifacts,4
formations,4
systematic,4
earth,4
warrant,4
f,4
second,4
various,4
gradual,4
techniques,4
southern,4
paleontological,4
department,4
geologists,4
varies,4
occurrence,4
agree,4
discussion,4
radiocarbon,4
logic,4
period,4
creating,4
especially,4
figures,4
connections,4
suspected,4
indicate,4
often,4
respect,4
anthropological,4
share,4
biostratigraphic,4
geographic,4
unknown,4
proceedings,4
disciplines,4
writing,4
our,4
years,4
national,4
include,4
defined,4
create,4
among,4
should,4
does,3
now,3
implemented,3
later,3
associated,3
introduction,3
kinds,3
ways,3
trace,3
organic,3
occurred,3
test,3
either,3
nature,3
tradition,3
disappearance,3
within,3
papers,3
similarities,3
evolutionarily,3
determined,3
reconstruction,3
along,3
correlation,3
reverse,3
application,3
kind,3
back,3
clock,3
pueblo,3
process,3
knew,3
turn,3
especies,3
progresivamente,3
linked,3
contemporaries,3
identifying,3
seriations,3
late,3
further,3
displayed,3
tools,3
produced,3
ford,3
explain,3
failure,3
tool,3
comprises,3
wedel,3
consistently,3
older,3
issues,3
work,3
occupied,3
least,3
successful,3
working,3
reliable,3
ancla,3
portions,3
pa,3
approximated,3
san,3
populations,3
identified,3
indication,3
zoology,3
once,3
reference,3
serve,3
us,3
independent,3
social,3
science,3
technique,3
academy,3
conceived,3
efforts,3
considerable,3
pattern,3
discussed,3
ages,3
adjacent,3
where,3
see,3
comprise,3
organisms,3
chronostratigraphic,3
formal,3
systematics,3
samples,3
empirical,3
largely,3
styles,3
continue,3
aware,3
him,3
concepts,3
abundance,3
today,3
bureau,3
collections,3
life,3
analysis,3
hutchinson,3
quantitative,3
ordered,3
incorporated,3
set,3
paper,3
report,3
equilibrium,3
past,3
merely,3
analytically,3
stability,3
statement,3
problem,3
produce,3
generally,3
contain,3
chronometric,3
conference,3
multiple,3
pecos,3
became,3
world,3
models,3
difference,3
decrease,3
requires,3
biostratigraphy,3
phillips,3
focus,3
strong,3
north,3
occur,3
rate,2
common,2
concerned,2
meaning,2
created,2
everyone,2
resulted,2
measures,2
resided,2
alone,2
considerably,2
utility,2
decade,2
devices,2
variants,2
total,2
something,2
lower,2
decidedly,2
invention,2
specifically,2
connection,2
production,2
antiguas,2
inoway,2
england,2
containing,2
hundred,2
mississippi,2
last,2
case,2
projectile,2
continuum,2
sought,2
vol,2
some,2
culturas,2
sabloff,2
say,2
cited,2
against,2
make,2
human,2
goal,2
chapters,2
phylogenetic,2
southwestern,2
unpublished,2
characteristic,2
plotting,2
z,2
tendrian,2
old,2
ct,2
perspective,2
refer,2
columbia,2
served,2
lineage,2
applying,2
third,2
mechanism,2
van,2
site,2
without,2
programmatic,2
growth,2
burroughs,2
strictly,2
represented,2
variant,2
special,2
ofarchaeological,2
miscellaneous,2
lipo,2
krieger,2
understand,2
prehistory,2
consider,2
statistical,2
elsewhere,2
show,2
additional,2
beyond,2
seriated,2
mo,2
decades,2
drawing,2
whereas,2
immutable,2
chunks,2
histories,2
basin,2
out,2
changed,2
pass,2
allowing,2
constantly,2
academic,2
accurately,2
aspects,2
applied,2
excellent,2
younger,2
appearing,2
tracking,2
operationalized,2
los,2
del,2
unless,2
part,2
knowledge,2
comment,2
year,2
midwestern,2
good,2
spatiotemporally,2
next,2
contrast,2
arbitrary,2
involved,2
smithsonian,2
proof,2
methodological,2
always,2
results,2
society,2
therefore,2
stirling,2
inclusive,2
concern,2
taxonomically,2
converted,2
allen,2
direction,2
zunii,2
depicted,2
yet,2
museum,2
represents,2
thought,2
kluwer,2
times,2
index,2
specimens,2
perceived,2
bown,2
ed,2
locality,2
noted,2
inheritance,2
lee,2
culturales,2
toward,2
again,2
signified,2
valid,2
areas,2
attempting,2
reasoning,2
presente,2
fashion,2
man,2
seldom,2
typological,2
kit,2
shared,2
establish,2
michael,2
ontological,2
perhaps,2
remarked,2
como,2
style,2
siglo,2
interpreting,2
backbone,2
exploring,2
made,2
discovery,2
explanation,2
chronologies,2
ethnology,2
manifestations,2
ontology,2
willey,2
insure,2
california,2
significance,2
explorations,2
three,2
tylor,2
individual,2
mexico,2
configurations,2
accurate,2
earlier,2
excavated,2
thomas,2
ideational,2
constructing,2
become,2
mayr,2
seeking,2
southwest,2
invented,2
saw,2
pero,2
separate,2
increasing,2
implicitly,2
unstable,2
evolve,2
continued,2
recall,2
widespread,2
bulletin,2
referred,2
un,2
recognize,2
rectangles,2
construction,2
underscores,2
stable,2
biology,2
considered,2
contained,2
any,2
thinking,2
believed,2
series,2
changing,2
founded,2
simply,2
darwin,2
sciences,2
darwinian,2
interested,2
denoted,2
current,2
rarely,2
epistemological,2
eventually,2
superposition,2
sorted,2
build,2
placing,2
advances,2
beginning,2
william,2
implicit,2
whether,2
references,2
want,2
resurrected,2
novacek,2
caracteristicas,2
recognition,2
thereby,2
met,2
role,2
african,2
subject,2
antigua,2
goals,2
come,2
reyment,2
homologous,2
until,2
numerous,2
piecemeal,2
mode,2
applicable,2
instead,2
fauna,2
obvious,2
evolutionaiy,2
oldest,2
francisco,2
observation,2
kauffman,2
little,2
develop,2
cross,2
doing,2
showed,2
major,2
final,1
proposed,1
resolve,1
gingerich,1
go,1
reproductively,1
currently,1
done,1
zuiii,1
pearson,1
prefer,1
cubitt,1
joutnal,1
horizontal,1
lamarckian,1
inaccurate,1
indicated,1
stylistic,1
cyrus,1
names,1
pittsburgh,1
wonder,1
separated,1
vvolld,1
represent,1
currentanthlropology,1
reconsidered,1
northeast,1
epistemologically,1
succession,1
conversion,1
group,1
becoming,1
center,1
large,1
needed,1
mesoamerica,1
elementary,1
arqueologico,1
replaced,1
reciente,1
identify,1
essays,1
columns,1
linkages,1
formed,1
inch,1
sets,1
anithrvopologist,1
youngerfaunas,1
approaches,1
pliocene,1
former,1
undertaken,1
fixed,1
necessarily,1
classify,1
methocls,1
faded,1
before,1
exceptions,1
track,1
nonetheless,1
source,1
properties,1
contexts,1
highlight,1
diffusion,1
said,1
glover,1
transitions,1
hence,1
preceding,1
creation,1
contendrian,1
muselum,1
originally,1
chaos,1
enables,1
acla,1
attempt,1
assist,1
dunnell,1
humans,1
rare,1
emerged,1
recovery,1
knowing,1
historiography,1
definition,1
unworkable,1
utah,1
possibilities,1
groups,1
archaeologically,1
individuals,1
jamnes,1
twenty,1
assess,1
display,1
turnover,1
thank,1
analyses,1
origin,1
producing,1
narrative,1
able,1
evolutionarytheory,1
closer,1
reveal,1
carnegie,1
survey,1
subsequent,1
help,1
introduces,1
necessatily,1
mind,1
written,1
date,1
trenton,1
remainder,1
mr,1
borehole,1
conicepts,1
discrete,1
esquemna,1
worldwide,1
context,1
spade,1
depends,1
inquiry,1
evaluation,1
con,1
serfa,1
phyletic,1
fairbridge,1
explicar,1
anthropologists,1
east,1
america,1
discuss,1
rests,1
blanca,1
design,1
struggling,1
account,1
transmutation,1
replacement,1
occupying,1
prior,1
permitieron,1
nicolaus,1
logical,1
sixteenth,1
illustrate,1
examfination,1
vaguely,1
laramie,1
manifestacion,1
anthmopologist,1
ceranmicanalysis,1
unlocking,1
interdisciplinary,1
conceptual,1
establishment,1
indicating,1
representing,1
schoptf,1
evoltutioniary,1
mnas,1
measurement,1
anad,1
unrecognized,1
reliably,1
pawneearchaeology,1
diversity,1
otherwise,1
regarding,1
homage,1
geoscienice,1
yuxtaposicion,1
population,1
captured,1
explained,1
difficulties,1
sample,1
initial,1
due,1
demanded,1
extirpated,1
sediment,1
september,1
assumes,1
theriseandfallofctolttorehistoty,1
adopted,1
excavations,1
barnett,1
tucson,1
jr,1
anerican,1
encyclopedia,1
topic,1
superposed,1
guided,1
palaeolithic,1
unidades,1
esa,1
footnotes,1
depend,1
postulo,1
body,1
highest,1
fosiles,1
wares,1
graphically,1
dates,1
left,1
continuous,1
criterion,1
rafferty,1
publications,1
marlowe,1
arqueologfa,1
growths,1
nas,1
memoir,1
look,1
critique,1
details,1
apparently,1
general,1
understood,1
influence,1
geohistory,1
rates,1
error,1
implementation,1
poorly,1
newer,1
failed,1
poinits,1
opposed,1
gaining,1
inventedfrequency,1
simultaneous,1
builder,1
escaped,1
adequate,1
theoty,1
interbreeding,1
german,1
identification,1
segun,1
subjected,1
centerpiece,1
bring,1
aimed,1
sentences,1
segunda,1
existentes,1
remain,1
amnerican,1
remote,1
uniformitarianism,1
acknowlecdgnents,1
conceptions,1
determining,1
after,1
persistent,1
menos,1
anttiqltity,1
tlheories,1
contributions,1
stratigraphical,1
distant,1
arbor,1
paleolithic,1
antd,1
principio,1
inanimate,1
means,1
changes,1
mans,1
tano,1
chazan,1
conocido,1
retained,1
descent,1
naitatives,1
emergence,1
specify,1
section,1
especialmente,1
edition,1
numbers,1
traces,1
anid,1
observations,1
otn,1
commonly,1
ail,1
suites,1
defines,1
modeled,1
moclels,1
ceremony,1
imprecise,1
terminology,1
variante,1
victorian,1
signification,1
pleistocene,1
principios,1
enfoque,1
faced,1
trained,1
appear,1
nebraska,1
ogists,1
royal,1
closely,1
ontologically,1
location,1
nonhistorically,1
rule,1
plot,1
hands,1
zufii,1
typical,1
cuanto,1
missouri,1
deal,1
demands,1
international,1
sedentary,1
near,1
persist,1
percentages,1
revelan,1
equally,1
reasons,1
occupation,1
though,1
equal,1
focused,1
reappeared,1
conducir,1
greenwood,1
cannot,1
grounds,1
ignorance,1
origination,1
fox,1
sackett,1
paleontologists,1
creates,1
depictions,1
impression,1
methocdologies,1
shape,1
almost,1
directly,1
none,1
having,1
trial,1
seminal,1
journals,1
literature,1
unworthy,1
tremendously,1
permitted,1
rocks,1
received,1
nuances,1
preferred,1
prompted,1
characterization,1
hereditary,1
example,1
sucesivamente,1
calls,1
quickly,1
related,1
positions,1
woodland,1
surprise,1
linajes,1
whole,1
ielativamente,1
couched,1
discussions,1
place,1
archeology,1
beginnings,1
records,1
people,1
relevance,1
actually,1
device,1
call,1
mathematical,1
reflect,1
schwartz,1
employed,1
entails,1
showing,1
reconstructing,1
rowe,1
ofaanthropological,1
markedly,1
manifestation,1
perusal,1
detailed,1
responses,1
running,1
legacy,1
sense,1
commonsensical,1
chose,1
suggest,1
stage,1
tested,1
alto,1
emphasizes,1
settlement,1
contendria,1
internationalassociation,1
sufficient,1
accomplished,1
concerns,1
erected,1
floating,1
starting,1
notation,1
observe,1
shaded,1
essentially,1
suddenly,1
latest,1
clever,1
annual,1
up,1
thereports,1
proper,1
notes,1
florida,1
appropriate,1
directionality,1
validly,1
ghost,1
moved,1
gordon,1
periods,1
south,1
confirm,1
portion,1
operar,1
heretofore,1
underlies,1
approximate,1
arrangement,1
rchaeologists,1
minor,1
stated,1
resides,1
secuencias,1
bajos,1
bringing,1
polygons,1
letters,1
scientific,1
overlapped,1
nineteenthreports,1
located,1
labeled,1
acknowledged,1
brings,1
april,1
corrobora,1
illustrating,1
realizing,1
expanded,1
americana,1
cortect,1
comments,1
resurrection,1
abrupt,1
religious,1
imposed,1
southeast,1
unfixed,1
single,1
flanagan,1
rectangle,1
potsherds,1
interpretation,1
abundances,1
describe,1
examined,1
makes,1
exactly,1
restricted,1
diagrams,1
included,1
complete,1
note,1
guatemala,1
essentialist,1
reprint,1
already,1
confirmed,1
begins,1
warranted,1
dado,1
riper,1
ciento,1
harper,1
love,1
volume,1
mound,1
disappearing,1
members,1
inianithropology,1
resolution,1
successfully,1
french,1
prompting,1
monitor,1
relatedness,1
purely,1
europe,1
ask,1
nevada,1
towards,1
longer,1
idea,1
consideration,1
fundamental,1
beliefs,1
documents,1
choice,1
really,1
decreases,1
plagued,1
biota,1
unimodally,1
identical,1
underpin,1
polygon,1
forms,1
men,1
patterns,1
behind,1
ground,1
chain,1
brongniart,1
covered,1
mammalian,1
existing,1
advanlces,1
accepted,1
jobs,1
operationalize,1
tell,1
strategies,1
borrowing,1
necessary,1
cuando,1
encontradas,1
controversy,1
assemblage,1
propuso,1
jovenes,1
day,1
geoscienace,1
cien,1
sir,1
manifestaciones,1
neiman,1
technologies,1
greatest,1
nationial,1
ignored,1
casual,1
newyork,1
upon,1
range,1
eighteenth,1
offossils,1
helps,1
limitations,1
discrimination,1
pertain,1
handmaiden,1
deposits,1
diferencias,1
previously,1
georges,1
depended,1
strongly,1
glazer,1
identity,1
insuring,1
persists,1
controlling,1
confidence,1
homotaxial,1
dreports,1
provenience,1
assumption,1
ideas,1
harvard,1
questions,1
actual,1
hoc,1
engaged,1
examination,1
purposeful,1
previous,1
relegated,1
students,1
phaysical,1
artefactos,1
tracingarchaeology,1
versions,1
clear,1
sherd,1
loosely,1
reality,1
grew,1
worrying,1
taxonomic,1
clue,1
ireland,1
workers,1
keep,1
derived,1
characterized,1
reviewers,1
helpful,1
revised,1
tribal,1
high,1
serves,1
kept,1
anyone,1
provides,1
trueman,1
repeated,1
graphic,1
discarded,1
comparing,1
fatal,1
somehow,1
systems,1
rouse,1
salt,1
ancienit,1
cuvier,1
nowlan,1
narrow,1
epistemology,1
respectively,1
ann,1
shallow,1
britain,1
effect,1
ounce,1
patterson,1
probably,1
implication,1
differ,1
copyright,1
epistemologica,1
basically,1
quarter,1
widely,1
canl,1
applies,1
motif,1
hunt,1
carried,1
things,1
tempo,1
depth,1
lo,1
esta,1
para,1
modification,1
mckee,1
tiais,1
popularity,1
usually,1
vrba,1
doyle,1
plays,1
practitioners,1
decada,1
vague,1
exacerbated,1
peoples,1
vertical,1
fewer,1
insufficient,1
primarily,1
sensitive,1
consonant,1
crear,1
yale,1
effectively,1
lawrence,1
lives,1
contribution,1
es,1
united,1
hope,1
implies,1
surprising,1
extinzct,1
dissuaded,1
centuries,1
itself,1
canada,1
interpretive,1
berger,1
detail,1
nonevolving,1
dance,1
warrants,1
regularly,1
graphs,1
argillite,1
orjust,1
nationalacademy,1
underpinned,1
por,1
comes,1
conclusion,1
exemplified,1
grayson,1
cortelation,1
orlando,1
underpins,1
continues,1
implied,1
discrepancy,1
slope,1
satisfactory,1
fluctuating,1
carbondale,1
hypothetically,1
spatially,1
alternative,1
alternativeapproaches,1
porcentajes,1
know,1
dimension,1
youngquist,1
stem,1
control,1
monthly,1
commonplace,1
readily,1
december,1
seem,1
mallory,1
flowing,1
best,1
unsavory,1
specially,1
guished,1
constructions,1
surprised,1
universal,1
determination,1
post,1
corrugated,1
iii,1
collins,1
denotes,1
polynesian,1
infer,1
far,1
simultaneouslyreports,1
reflected,1
examining,1
differed,1
distinctive,1
lethaia,1
realize,1
thae,1
transmitted,1
unique,1
rose,1
ones,1
porcentaje,1
quote,1
pertinent,1
hoped,1
paleontologic,1
humanantiquity,1
mere,1
axis,1
temporally,1
unfold,1
dream,1
fully,1
while,1
afew,1
thames,1
mentioned,1
institute,1
require,1
rewrite,1
information,1
minimal,1
suggests,1
deposition,1
emphasis,1
grand,1
alexandre,1
middle,1
kansas,1
gradualism,1
monitored,1
outline,1
antiqtuity,1
brower,1
underappreciated,1
mortillet,1
geneticlike,1
contemporaneity,1
city,1
despite,1
construir,1
particles,1
datum,1
press,1
teichert,1
unaffected,1
giving,1
everywhere,1
happens,1
nonhuman,1
methocds,1
lump,1
indians,1
mention,1
allows,1
isolated,1
complexlet,1
varied,1
precision,1
pair,1
petrie,1
diagram,1
question,1
permitio,1
sediments,1
drafts,1
ani,1
ordinal,1
reveals,1
advent,1
illinois,1
protohistoric,1
americananthropologist,1
write,1
finally,1
accept,1
hurt,1
value,1
parallels,1
rakita,1
approximately,1
americas,1
typically,1
correlated,1
socially,1
need,1
evidence,1
developmental,1
bear,1
states,1
philosophy,1
fue,1
geologist,1
graphed,1
anatiqutity,1
typology,1
remains,1
increased,1
classification,1
roughly,1
anonymous,1
interbreed,1
slotting,1
vessel,1
evolutionism,1
assumed,1
commonsense,1
arrange,1
fluctuated,1
themselves,1
pathways,1
ral,1
johnson,1
vary,1
lake,1
bohannan,1
era,1
debate,1
chinzei,1
views,1
asymmetry,1
valley,1
entire,1
archeological,1
interaction,1
ks,1
taylor,1
building,1
southeastern,1
molluscan,1
derogate,1
