WORDCOUNTS,WEIGHT
the,802
of,753
and,550
in,446
to,281
that,249
a,229
is,145
as,140
on,125
by,113
for,107
this,97
they,91
it,86
or,82
are,80
archaeological,79
gender,76
have,71
be,70
archaeology,66
about,65
which,63
women,60
with,60
these,59
not,58
feminist,58
evidence,58
an,55
from,52
at,48
research,47
their,46
university,41
can,39
any,37
m,36
has,34
no,34
i,33
was,33
but,32
been,32
all,29
more,29
where,29
such,28
edited,28
see,28
science,28
political,27
data,27
american,26
most,26
knowledge,26
new,26
social,25
pp,25
cambridge,25
into,24
some,24
claims,24
what,24
j,23
theory,23
were,22
kennedy,22
when,22
we,22
given,22
archaeologists,21
other,21
evidential,21
linking,21
who,21
past,21
both,21
one,20
may,20
its,19
tilley,19
questions,19
she,19
interpretive,19
had,18
there,18
how,18
watson,18
many,18
philosophy,18
against,17
would,17
analysis,17
them,17
question,17
if,16
those,16
even,16
than,16
assumptions,16
between,16
recent,16
principles,15
wylie,15
antiquity,15
interest,14
will,14
d,14
do,14
empirical,14
just,14
c,13
production,13
context,13
inquiry,13
conkey,13
status,13
various,13
only,13
why,13
specific,13
among,13
test,12
account,12
de,12
cases,12
gero,12
well,12
basis,12
r,12
results,12
critical,12
scientific,12
also,12
number,12
sciences,12
must,12
much,12
studies,11
contexts,11
might,11
s,11
labor,11
sort,11
cultural,11
work,11
shanks,11
quite,11
challenge,11
range,11
b,11
lines,11
life,11
very,11
conference,11
role,11
our,11
although,11
does,10
taken,10
eastern,10
point,10
human,10
general,10
could,10
p,10
own,10
discussion,10
theories,10
so,10
independent,10
paper,10
different,10
particular,10
through,10
engendering,9
implications,9
york,9
developed,9
means,9
prehistory,9
academic,9
constraints,9
contemporary,9
never,9
practice,9
binford,9
use,9
least,9
men,9
la,9
often,9
emergence,9
plants,9
w,9
subject,9
association,9
hypothesis,9
now,8
credibility,8
maize,8
chacmool,8
nature,8
conceptual,8
basil,8
l,8
study,8
established,8
out,8
however,8
call,8
inference,8
interpretation,8
same,8
fact,8
food,8
hypotheses,8
theoretical,8
significance,8
case,8
over,8
argue,8
evident,8
press,8
models,8
strong,8
inka,7
brumfiel,7
foraging,7
e,7
interests,7
feminism,7
resources,7
central,7
development,7
relations,7
hodder,7
oxford,7
support,7
consider,7
further,7
positions,7
used,7
issues,7
standpoint,7
several,7
activities,7
society,7
south,7
he,7
once,7
insights,7
aztec,7
relevant,7
necessary,7
explicitly,7
understanding,7
made,7
initiatives,7
plant,7
objectivism,7
especially,7
attention,7
male,7
considered,7
simply,7
anthropology,7
terms,7
while,7
challenges,7
conditions,7
debate,7
images,7
north,7
household,7
commitment,6
bias,6
position,6
source,6
seems,6
precisely,6
papers,6
review,6
subjects,6
response,6
find,6
y,6
critique,6
distribution,6
rather,6
his,6
en,6
approaches,6
contributions,6
explanatory,6
result,6
based,6
carolina,6
cannot,6
method,6
approach,6
sense,6
emerging,6
annual,6
inform,6
matter,6
make,6
critiques,6
time,6
model,6
bear,6
including,6
points,6
factors,6
perspectives,6
provide,6
sometimes,6
ideology,6
seen,6
anthropological,6
set,6
cloth,6
radically,6
arguments,6
remains,6
traditional,6
should,6
roles,6
concerned,5
extreme,5
h,5
postprocessual,5
prentice,5
either,5
great,5
analyses,5
take,5
last,5
state,5
stand,5
analogical,5
key,5
bases,5
horticultural,5
framework,5
tribute,5
facts,5
turn,5
drawn,5
deeply,5
influence,5
represented,5
record,5
jersey,5
prehistoric,5
found,5
radical,5
grounds,5
routinely,5
constitute,5
structures,5
change,5
field,5
suggest,5
politically,5
claim,5
plausible,5
under,5
published,5
power,5
others,5
patterns,5
establish,5
degree,5
years,5
independence,5
session,5
background,5
explanation,5
increase,5
engaged,5
nothing,5
described,5
open,5
clear,5
uncompromising,5
harding,5
encompassing,5
effectively,5
united,5
stable,5
associated,5
material,5
constructed,5
sustained,5
outcome,5
historical,5
androcentric,5
accounts,5
imposed,5
handsman,5
constructivist,5
circularity,5
reported,5
consumption,5
need,5
area,5
increased,5
potential,5
themselves,5
early,5
meeting,5
way,4
kinds,4
extant,4
history,4
something,4
princeton,4
practices,4
scientists,4
feature,4
raised,4
issue,4
capacity,4
continuum,4
establishing,4
say,4
along,4
objectivist,4
developments,4
body,4
error,4
without,4
across,4
process,4
similar,4
direct,4
awareness,4
organized,4
entrenched,4
objectivity,4
follow,4
undertaken,4
important,4
view,4
constitution,4
closely,4
my,4
agenda,4
societies,4
events,4
emerge,4
base,4
produced,4
wide,4
participation,4
horticulture,4
los,4
ideal,4
london,4
drew,4
indigenous,4
journal,4
literally,4
level,4
working,4
involved,4
up,4
hanen,4
altogether,4
preliminary,4
questioning,4
periods,4
led,4
identified,4
economic,4
play,4
passively,4
female,4
whatever,4
whole,4
security,4
represents,4
read,4
two,4
relativist,4
members,4
areas,4
appeared,4
inherently,4
considerable,4
serious,4
norwegian,4
original,4
spector,4
examples,4
treated,4
feminists,4
deployed,4
longino,4
previous,4
like,4
period,4
postprocessualists,4
provides,4
outside,4
interpretations,4
effect,4
structure,4
arisen,4
crucial,4
testing,4
practitioners,4
antior,4
responsible,4
instances,4
rarely,4
then,4
thinking,4
judgments,4
willows,4
here,4
know,4
control,4
seem,4
current,4
growing,4
investigation,4
whether,4
want,4
problem,4
secure,4
produce,4
boston,4
varieties,4
little,4
programs,4
analogy,4
argument,4
chicago,4
focus,4
generated,3
converge,3
determine,3
appear,3
group,3
large,3
systematically,3
agency,3
ways,3
considerations,3
necessarily,3
postprocessualism,3
before,3
pots,3
relativism,3
being,3
first,3
undermine,3
sources,3
every,3
posed,3
derives,3
departure,3
broadly,3
rich,3
reading,3
within,3
el,3
proposals,3
depends,3
system,3
british,3
con,3
draw,3
possible,3
politics,3
stance,3
reaction,3
cited,3
ritual,3
ascription,3
otherwise,3
thus,3
que,3
dynamics,3
since,3
due,3
g,3
underlying,3
perspective,3
constructs,3
traditions,3
lepenski,3
appreciation,3
polarized,3
presuppositions,3
changes,3
postmodern,3
independently,3
n,3
constrain,3
four,3
recovered,3
beyond,3
evaluation,3
always,3
antecedents,3
dc,3
constructive,3
uses,3
came,3
bearing,3
deal,3
scepticism,3
philosophical,3
equally,3
circular,3
walde,3
conferences,3
information,3
because,3
commitments,3
directly,3
none,3
line,3
literature,3
degrees,3
example,3
year,3
discussions,3
relevance,3
documented,3
away,3
systematic,3
persistently,3
adequacy,3
discourse,3
long,3
reconstructions,3
few,3
tended,3
visible,3
world,3
enormously,3
value,3
dietary,3
content,3
processual,3
action,3
theorizing,3
still,3
comments,3
strategic,3
aligned,3
yet,3
reference,3
participants,3
included,3
culture,3
ethnographic,3
ed,3
inferences,3
department,3
williams,3
california,3
bring,3
shows,3
main,3
striking,3
ethnohistoric,3
reasoning,3
diverse,3
androcentrism,3
substantially,3
forms,3
conclusions,3
enough,3
decisively,3
empire,3
laden,3
follows,3
discovery,3
values,3
virtually,3
assume,3
processes,3
dating,3
historic,3
held,3
architectural,3
divisions,3
mexico,3
earlier,3
become,3
relation,3
organizers,3
limiting,3
signs,3
untenable,3
note,3
program,3
spindle,3
miller,3
order,3
detailed,3
transformation,3
settled,3
hope,3
fields,3
itself,3
problematic,3
matters,3
small,3
series,3
conclusion,3
comparison,3
constituted,3
comes,3
natural,3
intellectual,3
did,3
options,3
advances,3
explanations,3
proceedings,3
unique,3
her,3
suggests,3
art,3
despite,3
variability,3
conventional,3
domesticates,3
epistemic,3
come,3
advent,3
quest,3
critics,3
you,3
assumed,3
import,3
valley,3
trigger,3
final,2
cultigens,2
done,2
convergence,2
ambivalence,2
shamans,2
hacking,2
sympathetic,2
center,2
integrity,2
enhance,2
identify,2
likely,2
completely,2
ms,2
decade,2
western,2
occurred,2
behavior,2
postulates,2
leads,2
efficacy,2
experience,2
consistent,2
cast,2
griddles,2
specifically,2
certainly,2
give,2
attempt,2
promoting,2
dramatically,2
differences,2
producing,2
confront,2
rule,2
inherent,2
substantive,2
closer,2
concludes,2
composition,2
resulting,2
setting,2
embrace,2
influences,2
decreased,2
discipline,2
vicious,2
woodlands,2
classic,2
takes,2
weaving,2
advocates,2
dearth,2
plains,2
botanical,2
gaps,2
autonomous,2
constraint,2
america,2
sabbatical,2
vol,2
compelling,2
outlying,2
prehispanic,2
adopting,2
mobilizing,2
establishes,2
collection,2
diversity,2
kosso,2
reflection,2
contributors,2
bone,2
alison,2
topic,2
forced,2
theorists,2
manifestly,2
concerning,2
back,2
programas,2
effective,2
publications,2
explore,2
insofar,2
profoundly,2
urged,2
played,2
michigan,2
basic,2
notion,2
subsistence,2
mean,2
conceptions,2
determining,2
granted,2
proportion,2
rigor,2
se,2
certain,2
domestication,2
entre,2
leave,2
special,2
paleolithic,2
space,2
lives,2
tensions,2
organization,2
sorts,2
clearly,2
specify,2
elsewhere,2
articulated,2
suppe,2
threat,2
unavoidable,2
commonly,2
operate,2
exploited,2
origins,2
powerful,2
stark,2
archeological,2
methodology,2
standards,2
lead,2
opposition,2
appearance,2
purport,2
begun,2
centers,2
demands,2
shared,2
respects,2
density,2
though,2
reviews,2
mediated,2
fotiadis,2
viewed,2
recently,2
sites,2
confirmation,2
indian,2
infused,2
failure,2
shape,2
network,2
antiand,2
artifacts,2
formerly,2
part,2
transportable,2
consistently,2
postulated,2
survey,2
et,2
forces,2
latour,2
stanford,2
interpreted,2
class,2
archeology,2
polity,2
hidden,2
causal,2
sketch,2
reliable,2
tested,2
exclude,2
arbitrary,2
sake,2
around,2
primary,2
presence,2
albers,2
implausible,2
dedicated,2
interpretively,2
fully,2
intransigent,2
provided,2
neolithic,2
calls,2
appeal,2
cite,2
mulkay,2
second,2
emancipatory,2
contact,2
limited,2
acknowledged,2
constructivism,2
april,2
intervention,2
modes,2
biological,2
postulate,2
convictions,2
viciously,2
thought,2
coevolution,2
sex,2
sociocultural,2
mobile,2
restricted,2
exposes,2
feyerabend,2
challenged,2
us,2
thesis,2
unwin,2
kelley,2
experimental,2
si,2
al,2
leplin,2
reports,2
lamphere,2
considers,2
embree,2
nicholson,2
higgins,2
ecological,2
rock,2
projects,2
paleobotanical,2
lack,2
foods,2
instability,2
abstract,2
inevitably,2
end,2
debates,2
pattern,2
took,2
learn,2
remarkable,2
manner,2
developing,2
existing,2
hastorf,2
thoroughly,2
another,2
imagine,2
displace,2
extended,2
encounter,2
doell,2
active,2
depended,2
skeletal,2
tenets,2
contending,2
largely,2
partisan,2
woolgar,2
reality,2
sustain,2
interpret,2
counter,2
individual,2
allowed,2
distinction,2
households,2
faith,2
favored,2
systems,2
evolutionary,2
constructing,2
centrally,2
directs,2
ascribe,2
institution,2
irrevocably,2
sandra,2
sociopolitical,2
dissonance,2
widely,2
division,2
ranging,2
dealing,2
european,2
commentator,2
humanities,2
collateral,2
deconstructive,2
arqueologia,2
primarily,2
dimensions,2
un,2
insist,2
bears,2
postpositivist,2
indicate,2
inspired,2
fall,2
sage,2
supporting,2
types,2
face,2
canada,2
completeness,2
subfields,2
undertook,2
environment,2
share,2
seriously,2
postmodernism,2
females,2
contradiction,2
demonstrate,2
extensive,2
ever,2
biconditional,2
alternative,2
positivist,2
enters,2
each,2
proponents,2
auxiliary,2
exploration,2
believe,2
best,2
straightforward,2
print,2
domestic,2
ideological,2
contradictory,2
cultivation,2
distinctive,2
living,2
assessment,2
sexual,2
activism,2
fuller,2
implicit,2
form,2
making,2
maintain,2
agricultural,2
hoped,2
artifactual,2
edinburgh,2
domesticate,2
generally,2
agreed,2
urban,2
researchers,2
presented,2
multiple,2
introduced,2
beer,2
november,2
transition,2
resistance,2
construed,2
prepared,2
false,2
enthusiasm,2
until,2
argues,2
difference,2
illinois,2
piecemeal,2
accept,2
aware,2
newsletter,2
contributed,2
actively,2
canadian,2
product,2
states,2
attributes,2
effects,2
colleagues,2
defined,2
shift,2
t,2
canons,2
summary,2
observation,2
contextually,2
equity,2
substantial,2
develop,2
counts,2
resist,2
profiles,2
groundbreaking,2
fads,1
asociados,1
frequent,1
parcial,1
intimately,1
allegedly,1
rate,1
appropriation,1
o,1
deny,1
precepts,1
liminal,1
limits,1
centradas,1
conflicting,1
adopt,1
groups,1
polfticamente,1
generous,1
imported,1
investigaciones,1
truth,1
represent,1
insulated,1
affected,1
environmental,1
resulted,1
legitimate,1
rapprochement,1
red,1
durante,1
succession,1
introduction,1
compensated,1
defenses,1
per,1
expect,1
contextspecific,1
likewise,1
told,1
mesoamerica,1
denied,1
counterclaims,1
judicious,1
properly,1
essays,1
closure,1
locked,1
live,1
authority,1
constitutes,1
true,1
sets,1
motivation,1
strictly,1
di,1
paradigms,1
han,1
undetected,1
pornography,1
infuses,1
integridad,1
former,1
tied,1
ideals,1
acceptance,1
allow,1
committee,1
distaste,1
principalmente,1
cornell,1
factor,1
fragile,1
exceptions,1
englewood,1
chief,1
disturbances,1
predominantly,1
fabric,1
member,1
anything,1
explaining,1
harvard,1
screaming,1
philosophers,1
invention,1
revisited,1
whom,1
preceding,1
comprehensively,1
exclusive,1
unimaginable,1
chaos,1
debating,1
motivations,1
praxis,1
rapid,1
humans,1
gourds,1
expectation,1
emerged,1
fragmentary,1
caricatures,1
experiments,1
acronym,1
latent,1
shaped,1
archaeologically,1
available,1
tradition,1
twenty,1
practicein,1
artificiality,1
broken,1
parameters,1
examination,1
equivocal,1
desire,1
iniciativas,1
indulge,1
simple,1
incongruity,1
compounds,1
potentially,1
exotic,1
arises,1
studied,1
able,1
ericka,1
link,1
comenzado,1
hunting,1
renfrew,1
lowenthal,1
real,1
insinuation,1
harvey,1
expansion,1
achieved,1
strength,1
persistence,1
infinitely,1
solicited,1
respond,1
deriving,1
conferencias,1
investigations,1
embody,1
temas,1
committed,1
irredeemably,1
hostile,1
mukhopadhyay,1
return,1
coevolutionary,1
report,1
similarities,1
independencefrom,1
sound,1
realignments,1
occasional,1
refute,1
existence,1
suspect,1
underwrite,1
tenders,1
anthropologists,1
assertions,1
foundational,1
king,1
task,1
knowledgeable,1
exceedingly,1
newtonsmith,1
interdependence,1
masked,1
agriculture,1
right,1
mujer,1
contextualist,1
addresses,1
exception,1
endorsing,1
feministas,1
inverse,1
welcome,1
capable,1
norteamericanos,1
logical,1
sixteenth,1
activity,1
securely,1
tracing,1
reply,1
characterize,1
rattles,1
solely,1
functions,1
insight,1
structurally,1
fine,1
invited,1
treating,1
trata,1
advocating,1
laws,1
painfully,1
rudner,1
kan,1
requirements,1
constrained,1
representing,1
correlation,1
promises,1
himself,1
precipitous,1
acquires,1
interviews,1
economies,1
identifies,1
engage,1
pursuit,1
holland,1
knorr,1
evaluating,1
pickering,1
exposed,1
repeatedly,1
relies,1
generalized,1
frequencies,1
royal,1
evidentially,1
exemplifying,1
dependence,1
historically,1
epistemically,1
component,1
reject,1
accounted,1
realignment,1
pilot,1
alarm,1
illustrates,1
objective,1
predetermined,1
postulating,1
precipitating,1
realized,1
september,1
millennium,1
okruhlik,1
danube,1
gathercole,1
domain,1
regarded,1
ability,1
edifice,1
gendered,1
raises,1
afford,1
application,1
rigorously,1
emerges,1
threatens,1
assured,1
century,1
privilege,1
positivism,1
cultivate,1
kind,1
exercise,1
publicaciones,1
transitional,1
hold,1
plausibility,1
expandir,1
ethnohistorically,1
imagery,1
elements,1
pretensions,1
clustering,1
document,1
creciente,1
profound,1
differently,1
ithaca,1
uneasiness,1
wholly,1
overdetermination,1
site,1
despair,1
medida,1
whorls,1
overarching,1
empiricism,1
stimulating,1
communication,1
pasts,1
intrigued,1
details,1
irony,1
propositions,1
simplistic,1
discovering,1
conceded,1
tolerance,1
weakness,1
nuanced,1
function,1
dedicate,1
compromise,1
cites,1
neutral,1
insupportable,1
observability,1
exponents,1
unlikely,1
lesser,1
mechanisms,1
planteados,1
loyal,1
surprisingly,1
assessed,1
mesolithic,1
via,1
interesting,1
philadelphia,1
whose,1
essential,1
polarization,1
inequitable,1
hopes,1
identification,1
transformations,1
act,1
subjected,1
observers,1
links,1
purely,1
sessions,1
factual,1
impetus,1
angeles,1
stop,1
remain,1
presupposed,1
breadth,1
organizing,1
wellunderstood,1
influential,1
levels,1
myself,1
filled,1
comparable,1
una,1
punto,1
goes,1
hypatia,1
after,1
persistent,1
locations,1
importance,1
parts,1
marshes,1
assuming,1
pathologies,1
symbols,1
ensures,1
postprocessualistsshould,1
reassess,1
sausa,1
gratitude,1
overlooked,1
pessimistic,1
mediate,1
front,1
extremes,1
moreover,1
postprocessualist,1
moves,1
consistency,1
gathering,1
puzzles,1
references,1
enjoined,1
warring,1
maintaining,1
items,1
ensure,1
operates,1
marks,1
biased,1
cause,1
intrinsecamente,1
objects,1
river,1
familiar,1
presumably,1
section,1
proposed,1
traces,1
invariably,1
mary,1
accessibility,1
differs,1
frequently,1
unproblematic,1
inspiration,1
too,1
exemplify,1
upper,1
presumed,1
orientation,1
initiative,1
commented,1
resource,1
predates,1
isolation,1
cotton,1
notions,1
definite,1
cost,1
surge,1
requires,1
exploitation,1
decomposing,1
willing,1
answers,1
tringham,1
determinate,1
biasing,1
dominant,1
care,1
equivalence,1
calgary,1
presupposition,1
uncritically,1
suggested,1
adapted,1
norway,1
admiration,1
drawing,1
advocated,1
myths,1
plausibly,1
qui,1
oppositional,1
artistic,1
estos,1
greater,1
ranges,1
opening,1
yielding,1
expressed,1
weitzenfeld,1
immutable,1
rivals,1
affiliated,1
exhibition,1
deploying,1
scientifically,1
impinges,1
histories,1
public,1
galison,1
faunal,1
called,1
traditionally,1
aaa,1
typical,1
mapping,1
generates,1
estudios,1
agendas,1
light,1
diet,1
insisting,1
cables,1
initial,1
brokers,1
evaluate,1
extracting,1
eliminates,1
intervening,1
ann,1
oklahoma,1
supporters,1
understood,1
focused,1
thearchaeology,1
incompatible,1
hanson,1
indirect,1
treat,1
afforded,1
tools,1
appears,1
scrutinize,1
constraining,1
excellent,1
compensatory,1
placed,1
expedient,1
explored,1
bergen,1
approached,1
instrumental,1
required,1
underdetermination,1
embed,1
neutralidad,1
near,1
aspects,1
improve,1
reacting,1
hierarchies,1
almost,1
misguided,1
engelstad,1
scientificknowledge,1
genre,1
relief,1
gibbon,1
ethnographically,1
bc,1
inferred,1
shouldered,1
skeletons,1
received,1
abstracts,1
organize,1
fraser,1
andes,1
del,1
heart,1
odds,1
future,1
concept,1
significantly,1
themes,1
stake,1
heavily,1
su,1
desarrollos,1
purpose,1
evidencia,1
parle,1
maguey,1
qualified,1
description,1
neutrality,1
restructuring,1
surprise,1
copyright,1
refiere,1
realm,1
antiprocessualist,1
during,1
place,1
myriad,1
specialized,1
inspire,1
records,1
preparedness,1
noted,1
fruitful,1
cluster,1
runs,1
vociferous,1
binding,1
partiality,1
lifeways,1
personal,1
proliferation,1
reflect,1
scope,1
accord,1
psychologist,1
appreciated,1
endorsed,1
achieving,1
relacionado,1
preparation,1
artifact,1
interestspecific,1
enthusiastic,1
challenging,1
relative,1
vista,1
strongest,1
lithics,1
presentations,1
contradictions,1
manipulation,1
refuse,1
anarchic,1
impasse,1
wariness,1
good,1
creating,1
running,1
disciplinary,1
optimal,1
viable,1
successful,1
hawkesworth,1
deniro,1
responsibility,1
distances,1
shaping,1
theoretically,1
panel,1
enjoys,1
transgressions,1
applicability,1
sociologicalhistory,1
anarchy,1
attend,1
openly,1
calling,1
contingency,1
sufficient,1
inescapable,1
wider,1
concerns,1
smithsonian,1
archimedean,1
highly,1
wessex,1
components,1
masking,1
dramatic,1
australian,1
obligingly,1
convey,1
goddess,1
juxtapose,1
barstow,1
methodological,1
credible,1
core,1
fashions,1
rol,1
condemned,1
codices,1
doctrines,1
dependent,1
pertinencia,1
inaccessible,1
interchange,1
roots,1
appropriate,1
newly,1
finds,1
visit,1
foundationalism,1
pervasive,1
am,1
settle,1
actions,1
geographical,1
dictated,1
naturalistic,1
seemed,1
avoid,1
champion,1
lend,1
input,1
leonardo,1
marked,1
perspectivas,1
f,1
defended,1
pertaining,1
timeless,1
genesis,1
situation,1
impartial,1
stronger,1
crfticas,1
advocate,1
variety,1
principales,1
biologist,1
humanist,1
bringing,1
aim,1
populations,1
indicative,1
short,1
indeed,1
comparative,1
puede,1
heads,1
successes,1
processualism,1
motivated,1
socava,1
brief,1
nearly,1
mediating,1
disturbance,1
brings,1
met,1
tropical,1
object,1
weary,1
specifying,1
reconstruction,1
harry,1
mainstream,1
expanded,1
surviving,1
interactions,1
manifest,1
chaeological,1
southern,1
renew,1
objetividad,1
innovation,1
direction,1
selection,1
pervades,1
single,1
vicinity,1
coherence,1
communications,1
communities,1
pivotal,1
criticism,1
museum,1
examined,1
sociologists,1
makes,1
requiring,1
acknowledgments,1
serve,1
soon,1
east,1
technology,1
exposure,1
worrisome,1
inconsistencies,1
processing,1
tax,1
planned,1
infrastructure,1
lather,1
interes,1
complete,1
journalfor,1
pioneered,1
promotes,1
dropped,1
sharply,1
essentialist,1
broad,1
deliver,1
responsive,1
experiment,1
robust,1
problemor,1
already,1
reliance,1
commodified,1
enforce,1
increasingly,1
predominate,1
maintained,1
minacy,1
payments,1
avoided,1
arkeologist,1
culturetransforming,1
expose,1
hallmark,1
representation,1
kehoe,1
starting,1
name,1
pregunta,1
participated,1
unsustainable,1
toward,1
restatements,1
reporting,1
put,1
smith,1
adherence,1
prehistorically,1
naive,1
longer,1
idea,1
explores,1
valid,1
consideration,1
limit,1
treatment,1
preserve,1
fundamental,1
endorse,1
genuine,1
pressure,1
departments,1
advantage,1
creative,1
proposal,1
break,1
larger,1
incorporation,1
somewhere,1
grows,1
estdn,1
doubt,1
formulating,1
claimed,1
underpin,1
pennsylvania,1
man,1
discussed,1
external,1
otras,1
momentum,1
anthropologist,1
hand,1
present,1
ground,1
tales,1
clusters,1
informing,1
innovative,1
counterhypothesis,1
purposes,1
validity,1
poses,1
ensured,1
accepted,1
axes,1
ultimately,1
less,1
entails,1
strategies,1
vertical,1
confrontation,1
council,1
approximating,1
spoke,1
cuando,1
deep,1
irreducibly,1
perhaps,1
patently,1
como,1
literatures,1
counterreaction,1
free,1
encountered,1
distortions,1
outlines,1
remove,1
local,1
demonstrated,1
fortalecer,1
stabilize,1
empirically,1
greatest,1
exhibit,1
uniformitarianism,1
investment,1
supplies,1
coherent,1
reflejan,1
skepticism,1
considering,1
unwelcome,1
assemblages,1
upon,1
region,1
fictional,1
enormous,1
previously,1
sixth,1
antiprocessualists,1
identity,1
varying,1
thriving,1
entirely,1
significant,1
ladening,1
assumption,1
refers,1
postmodemism,1
causes,1
congress,1
overcoming,1
products,1
bioecological,1
catalyst,1
throws,1
variables,1
kingdom,1
laboratory,1
forestalling,1
fruits,1
option,1
counterparts,1
connected,1
advantages,1
synthetic,1
students,1
adjudicate,1
displacing,1
rejected,1
presentist,1
strands,1
worry,1
appraisal,1
reassessing,1
urbana,1
three,1
directed,1
sexos,1
reservations,1
disentangled,1
related,1
essay,1
supportive,1
shapere,1
physics,1
spread,1
responses,1
features,1
nonethnographic,1
course,1
lie,1
counted,1
unintentionally,1
kramer,1
believing,1
standard,1
empirico,1
latter,1
artificial,1
shackles,1
comparing,1
internal,1
k,1
methods,1
juncture,1
relativisms,1
narrow,1
epistemology,1
declare,1
assessing,1
saa,1
deliberate,1
accrue,1
diffusionist,1
james,1
v,1
naess,1
consulting,1
dabbling,1
capabilities,1
assimilable,1
implication,1
story,1
pergamon,1
securing,1
attracted,1
slide,1
figures,1
dismissive,1
connections,1
engagement,1
adaptive,1
limites,1
embodied,1
specialties,1
behind,1
dispossessed,1
stereotypes,1
species,1
wildeson,1
uncritical,1
unfolded,1
fails,1
carried,1
sostengo,1
consists,1
principled,1
undifferentiated,1
ahos,1
negotiations,1
imply,1
me,1
psa,1
marrow,1
continued,1
quo,1
figure,1
chance,1
usually,1
amherst,1
convened,1
vision,1
provisionally,1
bound,1
begin,1
ascribing,1
inside,1
topics,1
andean,1
foregoing,1
aparecer,1
urges,1
plastic,1
ordinary,1
racial,1
laudan,1
becomes,1
referred,1
success,1
ritualized,1
directing,1
army,1
health,1
transformed,1
rethinking,1
scrutinizing,1
force,1
began,1
ofthe,1
understand,1
philosopher,1
contribution,1
interplay,1
inadequate,1
whereby,1
length,1
contributor,1
insecurity,1
reconsider,1
successor,1
sharp,1
kicking,1
expectations,1
infuse,1
construction,1
deductive,1
researcher,1
respect,1
extremely,1
spatiotemporal,1
articles,1
pressures,1
inheres,1
relativists,1
meant,1
underly,1
addressed,1
detail,1
explanatorily,1
hasten,1
differentiated,1
uno,1
politicos,1
incongruities,1
conocimiento,1
following,1
underpinned,1
furthest,1
por,1
enfoques,1
complexity,1
changing,1
intensification,1
circumstances,1
ethnoarchaeology,1
conceptualize,1
rigidly,1
compromiso,1
stereotypically,1
symbolic,1
elicited,1
theme,1
exacted,1
willingness,1
carbondale,1
bernstein,1
plea,1
sceptical,1
estas,1
disingenuity,1
berkeley,1
dimension,1
solves,1
mutually,1
scrupulously,1
principle,1
inequities,1
prejudgements,1
attribute,1
connection,1
interested,1
international,1
naturalize,1
down,1
ehrenberg,1
lies,1
universal,1
unacknowledged,1
judgements,1
imaginable,1
draws,1
epistemological,1
constructivists,1
foundation,1
observe,1
particularly,1
altered,1
thoroughgoing,1
empirica,1
canalizes,1
collins,1
countering,1
rely,1
fills,1
benefit,1
constant,1
representan,1
build,1
associations,1
ambivalent,1
closest,1
anomalous,1
innumerable,1
works,1
february,1
merely,1
better,1
bien,1
animal,1
ologists,1
purported,1
according,1
scholarly,1
defending,1
economy,1
persuasively,1
antecedent,1
cooking,1
ones,1
supports,1
relaiions,1
sociology,1
males,1
proven,1
hiiyuk,1
protective,1
firmly,1
extent,1
appropriated,1
foundations,1
prestige,1
intereses,1
weedy,1
institute,1
yield,1
repudiates,1
rationality,1
influenced,1
intake,1
treatises,1
resolutely,1
missed,1
emphasis,1
suspicion,1
meetings,1
size,1
incoherence,1
middle,1
popular,1
arbiter,1
ultimos,1
burden,1
cientificos,1
universities,1
emergent,1
expected,1
determined,1
far,1
government,1
vir,1
lifetime,1
conclude,1
affecting,1
city,1
comprometidos,1
revolutions,1
estudio,1
alternatives,1
became,1
verification,1
convinced,1
giving,1
focal,1
turns,1
intended,1
rendering,1
step,1
commissioned,1
acute,1
confronted,1
impulses,1
lesson,1
complementarity,1
indebted,1
exploit,1
aims,1
definitions,1
goals,1
afeminist,1
faculty,1
sexist,1
unexplored,1
perspectiva,1
wild,1
formation,1
compulsion,1
transhistorically,1
soft,1
shown,1
spirited,1
drafts,1
overview,1
differentiation,1
reveals,1
notes,1
generate,1
orienting,1
disposal,1
observed,1
intensified,1
similarity,1
camps,1
grappling,1
institutional,1
analog,1
opens,1
frame,1
chemical,1
morphological,1
grant,1
arnold,1
ended,1
offer,1
move,1
triangulate,1
theoryand,1
include,1
typically,1
integrated,1
realism,1
linkage,1
cognitive,1
socially,1
physical,1
unified,1
reflexive,1
southeastern,1
derive,1
braithwaite,1
sexuality,1
presenting,1
embodies,1
mack,1
passive,1
ofparticle,1
archaic,1
supported,1
news,1
taking,1
certainty,1
plethora,1
ensuring,1
fellows,1
broadening,1
prospects,1
charged,1
inasmuch,1
negotiate,1
standpoints,1
reached,1
irrelevant,1
partial,1
create,1
norman,1
views,1
exclusively,1
micropolitical,1
interrogantes,1
documentary,1
kuhn,1
keynote,1
taylor,1
inspirados,1
assessments,1
asked,1
attendance,1
major,1
tubers,1
arizona,1
