WORDCOUNTS,WEIGHT
of,610
and,609
the,606
in,350
to,240
a,153
by,117
on,106
that,100
for,96
from,84
or,80
are,69
is,69
be,67
have,61
period,60
production,59
channel,59
at,56
as,56
labor,55
santa,54
this,54
were,54
may,53
social,53
chumash,52
islands,50
island,49
j,48
late,48
these,45
california,44
during,44
edited,44
university,42
pp,42
ad,40
more,40
with,40
an,38
was,36
prehistoric,35
data,35
archaeological,35
m,34
other,32
not,32
region,31
control,31
it,30
american,30
organization,30
cultural,30
complexity,30
important,29
marine,28
beads,28
economic,28
new,28
been,28
c,28
i,27
barbara,27
d,27
there,26
exchange,26
l,25
sites,25
r,25
middle,25
cambridge,25
some,24
such,24
et,24
al,24
ca,24
t,23
resources,23
no,23
p,23
e,21
complex,21
population,21
over,21
elites,21
early,21
political,20
used,20
but,20
cruz,20
conditions,20
can,20
northern,20
large,19
has,19
de,19
across,19
changes,19
most,19
resource,19
mainland,19
several,19
activities,19
foods,19
which,19
craft,19
through,19
between,19
b,18
many,18
maritime,18
food,18
high,18
cm,18
goods,18
environmental,17
s,17
than,17
emergence,17
academic,17
populations,17
elite,17
would,17
their,16
support,16
los,16
change,16
suggest,16
including,16
species,16
antiquity,16
sst,16
products,15
el,15
subsistence,15
shell,15
society,15
do,15
years,15
historic,15
one,14
plank,14
regional,14
two,14
power,14
bead,14
adaptations,14
analysis,14
evidence,14
among,14
they,13
occurred,13
surplus,13
coastal,13
fish,13
manipulation,13
research,13
periods,13
chiefdom,13
domestic,13
emergent,13
arnold,13
relations,12
site,12
prehistory,12
societies,12
because,12
k,12
earle,12
leaders,12
king,11
development,11
dates,11
evolution,11
burials,11
intensive,11
based,11
annual,11
productivity,11
southern,11
about,11
communities,11
increasingly,11
also,11
assemblages,11
mortuary,11
samples,11
stress,11
la,11
indicate,11
anthropology,11
simple,10
transitional,10
york,10
rising,10
w,10
had,10
responses,10
few,10
model,10
types,10
must,10
sea,10
area,10
inequality,9
vol,9
shellfish,9
hudson,9
relatively,9
journal,9
growth,9
developed,9
study,9
specialization,9
organized,9
basin,9
access,9
artifacts,9
likely,9
water,9
angeles,9
significant,9
use,9
trade,9
beadmaking,9
sociopolitical,9
investigations,9
densities,9
became,9
increased,9
substantial,9
much,9
all,8
analyses,8
key,8
price,8
en,8
clearly,8
age,8
lithic,8
appear,8
could,8
tomol,8
imbalances,8
status,8
nifio,8
tegner,8
rise,8
only,8
others,8
where,8
deposits,8
chert,8
aspiring,8
paper,8
coast,8
generally,8
both,8
presented,8
era,8
later,7
walker,7
into,7
microlith,7
great,7
eastern,7
olivella,7
regarding,7
g,7
after,7
developments,7
found,7
appears,7
wealth,7
record,7
well,7
archaeology,7
san,7
limited,7
manipulate,7
pacific,7
culture,7
processes,7
percent,7
probably,7
who,7
anthropological,7
orlando,7
past,7
advances,7
phd,7
surpluses,7
economy,7
distribution,7
manufacturing,7
although,7
microliths,7
north,7
recent,7
major,7
difficult,6
if,6
groups,6
affected,6
per,6
western,6
cycles,6
contexts,6
might,6
investments,6
warm,6
renfrew,6
within,6
blackburn,6
america,6
quantities,6
possible,6
climatic,6
human,6
due,6
van,6
process,6
show,6
recovered,6
produced,6
y,6
bc,6
del,6
people,6
canoe,6
emerging,6
villages,6
when,6
hayden,6
units,6
under,6
chronology,6
quarries,6
department,6
toward,6
time,6
patterns,6
investment,6
waste,6
radiocarbon,6
times,6
figure,6
began,6
methods,6
associated,6
following,6
known,6
terrestrial,6
each,6
expenditures,6
current,6
then,6
very,6
lens,6
what,6
ensos,6
too,6
practices,6
sediments,6
disruption,6
meeting,6
gabrielino,5
transportation,5
brumfiel,5
h,5
studies,5
first,5
localities,5
generated,5
available,5
exotic,5
those,5
ballena,5
far,5
household,5
valuables,5
chiefs,5
historically,5
since,5
bone,5
canoes,5
neitzel,5
apparently,5
levels,5
eight,5
munns,5
n,5
islanders,5
permanent,5
method,5
ranking,5
halstead,5
required,5
expensive,5
part,5
least,5
indicators,5
cool,5
rates,5
yielded,5
fully,5
f,5
short,5
museum,5
ethnographic,5
dendrocalibrated,5
discussed,5
less,5
strategies,5
range,5
increase,5
individuals,5
ties,5
obtained,5
earlier,5
problems,5
systems,5
interpretations,5
we,5
increasing,5
kelp,5
martz,5
changing,5
natural,5
las,5
accounts,5
temperatures,5
while,5
suggests,5
territory,5
national,5
land,5
effects,5
specific,5
costly,5
microblades,4
estimated,4
episodes,4
legitimate,4
miguel,4
village,4
needed,4
approaches,4
history,4
before,4
permit,4
ranked,4
rare,4
rich,4
reveal,4
last,4
state,4
chiefdoms,4
coordinated,4
papers,4
holocene,4
along,4
microblade,4
million,4
throughout,4
relationships,4
difficulties,4
consumed,4
unpublished,4
pm,4
elements,4
storage,4
identify,4
leadership,4
via,4
mexico,4
risk,4
se,4
arbor,4
distant,4
means,4
unfavorable,4
four,4
additional,4
exploitation,4
greater,4
my,4
harbor,4
faunal,4
events,4
focused,4
residential,4
persons,4
intensity,4
scale,4
directly,4
erlandson,4
london,4
its,4
winter,4
ethnohistoric,4
employed,4
artifact,4
approach,4
around,4
family,4
small,4
specializations,4
using,4
will,4
pertaining,4
materials,4
indicates,4
abrupt,4
violence,4
opportunities,4
technology,4
noted,4
useful,4
pressure,4
personal,4
distributions,4
considerable,4
outside,4
material,4
local,4
analyzed,4
understanding,4
exhibit,4
extended,4
made,4
abalone,4
manufactured,4
laboratory,4
three,4
kus,4
mammals,4
abundant,4
normal,4
ann,4
obsidian,4
availability,4
dietary,4
ecological,4
testing,4
enso,4
feasts,4
islander,4
intensification,4
cultures,4
argue,4
particularly,4
any,4
number,4
dayton,4
form,4
seasonal,4
correlates,4
thousands,4
nearshore,4
augering,4
preserved,4
press,4
durable,4
transition,4
intensified,4
stratification,4
grant,4
include,4
consumption,4
integration,4
thousand,4
potential,4
marxist,4
johnson,4
interaction,4
traditional,4
does,3
obligations,3
represent,3
sphere,3
distributed,3
center,3
biophysical,3
easily,3
permitted,3
different,3
sources,3
modest,3
certainly,3
implications,3
kilometers,3
berkeley,3
reed,3
watercraft,3
date,3
system,3
theoretical,3
ascribed,3
snethkamp,3
burning,3
tissot,3
explorers,3
establishing,3
feinman,3
functions,3
move,3
above,3
ritual,3
kristiansen,3
perturbations,3
linked,3
central,3
thus,3
dependence,3
interior,3
ethnohistorical,3
occurs,3
century,3
held,3
construction,3
items,3
stored,3
canal,3
refer,3
highest,3
six,3
excavations,3
cohen,3
general,3
generation,3
though,3
manipulated,3
subjected,3
ways,3
stresses,3
how,3
una,3
direct,3
productive,3
animals,3
consequences,3
factors,3
peebles,3
possibly,3
contiguous,3
elevated,3
impact,3
drought,3
beyond,3
peru,3
coincide,3
charcoal,3
closely,3
appearance,3
extraordinary,3
changed,3
zone,3
harrington,3
cores,3
evaluate,3
occupation,3
institute,3
lenses,3
paleoenvironmental,3
schreiber,3
brought,3
related,3
place,3
northwest,3
reportedly,3
survey,3
stimulate,3
documented,3
project,3
upwelling,3
normally,3
inference,3
alterations,3
owned,3
involved,3
highly,3
asphaltum,3
visible,3
up,3
south,3
span,3
led,3
absence,3
indicative,3
yields,3
planks,3
pelagic,3
surveyed,3
frank,3
management,3
prisoners,3
subarctic,3
narratives,3
niio,3
oral,3
smith,3
fact,3
areas,3
importation,3
diverse,3
substantially,3
fragments,3
external,3
forms,3
v,3
present,3
boats,3
chronologically,3
ecology,3
fundamentally,3
private,3
collections,3
seabird,3
ucla,3
skeletal,3
cranial,3
largely,3
dating,3
washington,3
described,3
significance,3
surgimiento,3
hiatus,3
characterized,3
plant,3
probable,3
managerial,3
seattle,3
analyze,3
propose,3
increases,3
brown,3
depressed,3
perspectives,3
five,3
lines,3
dimensions,3
success,3
sensitive,3
transformation,3
inadequate,3
wooster,3
claims,3
regularly,3
physical,3
organizational,3
sustained,3
chapman,3
specialized,3
global,3
sampling,3
did,3
manipulations,3
report,3
infer,3
benefit,3
animal,3
whether,3
independently,3
maintain,3
theory,3
information,3
emphasis,3
contain,3
occasionally,3
variability,3
results,3
world,3
precision,3
ends,3
moderate,3
shown,3
reveals,3
numerous,3
temperature,3
plankton,3
contributed,3
manufacture,3
off,3
remains,3
roughly,3
roles,3
supported,3
km,3
vary,3
valuable,3
develop,3
duration,3
strong,3
technological,3
observed,3
should,3
indicating,3
occur,3
tainter,2
auger,2
situated,2
now,2
calibrated,2
common,2
pittsburgh,2
created,2
oscillation,2
red,2
caches,2
settlements,2
integrity,2
nekton,2
stone,2
second,2
constitutes,2
seriation,2
acorns,2
ms,2
missionaries,2
reasonably,2
offshore,2
total,2
fragile,2
bp,2
clam,2
detected,2
societal,2
john,2
highlight,2
medea,2
archaeologists,2
davis,2
big,2
seabirds,2
controlled,2
rapid,2
detritus,2
undisturbed,2
archaeologically,2
menlo,2
assess,2
sedimentation,2
timing,2
able,2
hands,2
inland,2
principal,2
opposite,2
somewhat,2
context,2
case,2
sophisticated,2
capacity,2
varved,2
primary,2
bones,2
account,2
midchannel,2
prior,2
implies,2
marked,2
activity,2
prove,2
obvious,2
point,2
establishment,2
exchanges,2
diversity,2
phase,2
includes,2
multidimensional,2
review,2
differential,2
que,2
spectrum,2
dynamics,2
consideration,2
punctuational,2
integral,2
ability,2
concentrations,2
rains,2
sample,2
expected,2
verify,2
clark,2
towner,2
back,2
columbia,2
single,2
drawn,2
even,2
pueblo,2
hodder,2
standardized,2
disruptions,2
jones,2
poorly,2
phases,2
mechanisms,2
rights,2
assessed,2
operation,2
whose,2
essential,2
rather,2
links,2
absent,2
stressful,2
mcgowan,2
proceedings,2
remain,2
organizing,2
hughes,2
burial,2
importance,2
entre,2
creek,2
black,2
standard,2
augmented,2
risks,2
park,2
bad,2
affect,2
plus,2
cherts,2
locally,2
dated,2
elsewhere,2
numbers,2
house,2
northeastern,2
calendar,2
observations,2
grasslands,2
surface,2
exceed,2
glassow,2
ancient,2
dc,2
yielding,2
response,2
arrived,2
result,2
came,2
concentration,2
saxe,2
demands,2
fishing,2
base,2
disruptive,2
term,2
density,2
understood,2
tools,2
recently,2
cannot,2
excellent,2
wide,2
near,2
isotope,2
sparse,2
basis,2
work,2
inferred,2
mobilization,2
significantly,2
bladelet,2
hereditary,2
redwood,2
isaacs,2
fluctuations,2
ez,2
describe,2
intermediate,2
inherited,2
inferences,2
records,2
structures,2
reflect,2
monopoly,2
currents,2
challenging,2
sampled,2
expended,2
commerce,2
field,2
deniro,2
politically,2
stimulated,2
settlement,2
long,2
teams,2
workshops,2
components,2
temporary,2
industry,2
county,2
seeds,2
core,2
dependent,2
notes,2
value,2
actions,2
interruptions,2
invest,2
haas,2
he,2
quarry,2
minor,2
onset,2
impacts,2
separation,2
comparative,2
return,2
brief,2
callus,2
intensively,2
still,2
make,2
builders,2
religious,2
cooler,2
year,2
once,2
overview,2
yet,2
serve,2
mission,2
us,2
neither,2
temperate,2
palmer,2
commoner,2
accelerated,2
largest,2
lengthy,2
friend,2
strata,2
provide,2
funerary,2
gain,2
crill,2
energy,2
residence,2
efforts,2
documents,2
end,2
pattern,2
serious,2
question,2
men,2
corps,2
perhaps,2
native,2
complejidad,2
assemblage,2
stanford,2
shifts,2
bakel,2
identifiable,2
mcguire,2
multidisciplinary,2
remained,2
another,2
group,2
technologies,2
discussion,2
supplies,2
modelo,2
completed,2
upon,2
crafts,2
controlling,2
virtually,2
recovery,2
symbolic,2
subsurface,2
maintenance,2
allowed,2
like,2
so,2
summer,2
tribal,2
collected,2
distinction,2
accurate,2
procurement,2
valued,2
labour,2
evolutionary,2
often,2
exported,2
acquire,2
examine,2
southwest,2
occupied,2
relative,2
separate,2
depth,2
durables,2
independent,2
inhabitants,2
bulk,2
crucial,2
pieces,2
reasonable,2
begin,2
tomols,2
order,2
army,2
un,2
nuevo,2
shimada,2
proposition,2
shells,2
length,2
life,2
hierarchical,2
table,2
centuries,2
aboriginal,2
exchanged,2
earliest,2
stable,2
middens,2
forests,2
acquired,2
heavy,2
bean,2
affluent,2
peoples,2
demonstrate,2
nutritional,2
fluctuating,2
temporal,2
here,2
quaternary,2
islas,2
column,2
outcome,2
continental,2
nonperishable,2
cemetery,2
east,2
seem,2
jeanne,2
presence,2
returns,2
foundation,2
historical,2
just,2
assessment,2
porotic,2
according,2
microlithic,2
capita,2
investigation,2
spatial,2
them,2
rose,2
stability,2
selected,2
making,2
plants,2
orleans,2
cause,2
varying,2
agricultural,2
shortages,2
waters,2
abruptly,2
fisheries,2
yield,2
balance,2
size,2
socioeconomic,2
little,2
transport,2
kin,2
role,2
verification,2
intended,2
inegalitarian,2
soutar,2
disrupted,2
exploit,2
oceanic,2
our,2
invested,2
models,2
differentiation,2
entity,2
paradigm,2
ecosystem,2
manufacturers,2
uncalibrated,2
integrated,2
socially,2
specialists,2
product,2
leiden,2
association,2
practiced,2
nonegalitarian,2
create,2
entire,2
dental,2
abandoned,2
microdrills,2
comparable,2
laborers,2
overexploitation,2
calcofi,1
frequent,1
contacts,1
winds,1
inka,1
interhousehold,1
stimuli,1
unobtainable,1
rate,1
appropriation,1
done,1
discourage,1
investigated,1
prefer,1
way,1
beadand,1
mussel,1
develops,1
otoliths,1
corporate,1
imported,1
meteorological,1
functional,1
separated,1
unfounded,1
christy,1
resulted,1
determine,1
foraging,1
unwin,1
alone,1
extends,1
ultimate,1
originating,1
considerably,1
spurred,1
introduction,1
grasses,1
connecticut,1
coastlines,1
biplicata,1
debris,1
legitimization,1
otolith,1
blagec,1
told,1
becoming,1
clubbing,1
discover,1
explosion,1
residences,1
partially,1
screening,1
perpetuate,1
kinds,1
rybpb,1
consecuencias,1
essays,1
designed,1
symbolize,1
atlanta,1
nontabular,1
confines,1
convertible,1
true,1
injuries,1
federal,1
bioturbation,1
sudden,1
shortfall,1
modern,1
han,1
undetected,1
considerations,1
koyama,1
trenching,1
decade,1
conclusive,1
tempered,1
position,1
cargo,1
explanatory,1
trabajo,1
seedand,1
batan,1
guillermo,1
holding,1
bns,1
assisted,1
uses,1
lightfoot,1
buffer,1
eye,1
incidences,1
variety,1
oaks,1
source,1
princeton,1
descriptions,1
corresponding,1
cushion,1
contact,1
disturbances,1
fires,1
test,1
lower,1
crosschannel,1
being,1
consistent,1
dances,1
stockpile,1
zones,1
provenientes,1
indications,1
permanence,1
inc,1
encontraban,1
every,1
learned,1
northwestem,1
preceding,1
disagreement,1
evaluar,1
derives,1
neolithic,1
entailed,1
ii,1
taken,1
culturally,1
anomalies,1
permanently,1
opportunists,1
currency,1
seems,1
nature,1
unexpectedly,1
definition,1
confirmed,1
dramatically,1
resemblance,1
moundville,1
physiographic,1
interred,1
continue,1
tradition,1
skills,1
packed,1
paramount,1
agrarian,1
mds,1
assertion,1
equivocal,1
cummings,1
thank,1
accumulated,1
producing,1
assembled,1
studied,1
wessex,1
farther,1
closer,1
hundred,1
proporcionan,1
characterizing,1
genus,1
take,1
reproduction,1
subsequent,1
halted,1
efficiently,1
achieved,1
shennan,1
depress,1
vegetation,1
consist,1
greatly,1
raised,1
dolphin,1
china,1
profitable,1
signs,1
declines,1
amsterdam,1
depends,1
sociedad,1
cazadoresrecolectores,1
evaluation,1
tim,1
con,1
takes,1
occasional,1
synchronic,1
catastrophes,1
westview,1
basketry,1
recorded,1
fernando,1
autonomous,1
timbrook,1
bases,1
discuss,1
oversight,1
geophysical,1
canoemaking,1
originates,1
design,1
indirectly,1
placement,1
sixteenth,1
exhibits,1
april,1
solely,1
fluctuation,1
mobilizing,1
moseley,1
west,1
variations,1
rosa,1
reflecting,1
fur,1
desirable,1
anticipated,1
objective,1
mountains,1
undoubtedly,1
correlation,1
financed,1
mesoamerican,1
beneath,1
anomalously,1
undergone,1
warfare,1
behavior,1
localized,1
vindication,1
succeed,1
repeatedly,1
frequencies,1
caulked,1
centralized,1
adaptationist,1
eras,1
equatorial,1
oceanography,1
severe,1
immediate,1
roger,1
quality,1
inevitable,1
depressions,1
ql,1
hierarchy,1
tule,1
scarce,1
theevolution,1
sp,1
decided,1
heterogeneity,1
prehistoria,1
averted,1
tucson,1
employing,1
missionera,1
extensively,1
industrial,1
forced,1
interprets,1
kind,1
initiate,1
unity,1
thereof,1
creamer,1
missionization,1
nor,1
old,1
kitsepawit,1
illuminates,1
embedded,1
keep,1
perspective,1
transcends,1
creciente,1
crosses,1
depend,1
causing,1
marriage,1
houses,1
hypoplasia,1
oxford,1
bight,1
uncorrected,1
flood,1
kinship,1
divertible,1
estimate,1
find,1
mammal,1
geological,1
utilizados,1
evidencia,1
desarrollaron,1
details,1
netting,1
varve,1
departed,1
coasts,1
mammoths,1
demonstrably,1
cumulation,1
surely,1
channelarea,1
competitive,1
master,1
patches,1
mechanism,1
industries,1
higher,1
oj,1
employ,1
collagen,1
civilization,1
bdrbara,1
poor,1
excavate,1
interesting,1
competition,1
disposed,1
shipping,1
adequate,1
paramountcy,1
venturenio,1
air,1
soninke,1
wealthrelated,1
identification,1
operations,1
his,1
statements,1
devastating,1
drainages,1
principally,1
destroy,1
troubled,1
generations,1
bulb,1
basic,1
cashing,1
unit,1
assemnumbera,1
midwest,1
lasting,1
incidence,1
analizado,1
active,1
environments,1
elsevier,1
suffer,1
osaka,1
entender,1
enfasis,1
blanks,1
substantiate,1
storms,1
supplement,1
similar,1
certain,1
adjustments,1
derived,1
parts,1
contributions,1
generating,1
makes,1
special,1
caiona,1
pleuroncodes,1
symbols,1
emergency,1
collecting,1
melos,1
scattered,1
extremes,1
firmer,1
moves,1
underline,1
webster,1
reason,1
ninlosouthern,1
arid,1
rybp,1
understand,1
susceptibility,1
perceptions,1
acquisition,1
cyprus,1
lineal,1
supports,1
consider,1
objects,1
nitrogen,1
mean,1
familiar,1
slowly,1
warren,1
proposed,1
articulated,1
jersey,1
cahokia,1
shore,1
fuerza,1
frequently,1
upper,1
accumulating,1
periodically,1
situations,1
steatite,1
riverside,1
operate,1
fashioned,1
paraphernalia,1
origins,1
voluminous,1
powerful,1
millennium,1
graves,1
unsuitable,1
isolation,1
organisation,1
avert,1
facing,1
obstacles,1
subsamples,1
circulating,1
cost,1
astraea,1
requires,1
reconsideration,1
instance,1
infrequently,1
schooling,1
subsidiary,1
explain,1
yesner,1
weighed,1
antecedents,1
export,1
uncritically,1
isotopes,1
providing,1
decades,1
microbladeproduction,1
view,1
trajectories,1
lesions,1
assessments,1
reflections,1
estos,1
misioneros,1
metrology,1
whereas,1
hours,1
acceptable,1
decay,1
path,1
location,1
senri,1
declined,1
portable,1
histories,1
demise,1
traditionally,1
typical,1
discrete,1
combinations,1
attrition,1
relating,1
strongly,1
cylinder,1
centers,1
lived,1
conspicuous,1
out,1
objectives,1
outcrops,1
shared,1
ocean,1
sedentary,1
requirements,1
coupland,1
emerge,1
percentages,1
initial,1
excelente,1
circulation,1
eliminates,1
handbook,1
graybill,1
supporters,1
berggren,1
traced,1
shall,1
prado,1
fthis,1
rempe,1
michigan,1
skilled,1
lithicand,1
selfpromotion,1
interruption,1
hawaiian,1
dispersal,1
meet,1
librado,1
knappers,1
detecting,1
otherwise,1
however,1
spur,1
maryland,1
pleistocene,1
approached,1
facilities,1
reinvest,1
networks,1
orbitalia,1
acknowledgments,1
flaked,1
sedentism,1
briefly,1
capably,1
failure,1
kinsmen,1
colonies,1
almost,1
participation,1
minimal,1
spheres,1
twentytwo,1
distinguish,1
line,1
egalitarian,1
assistants,1
dugout,1
residents,1
microconstituents,1
received,1
organize,1
statehood,1
circumstantial,1
carry,1
invisible,1
claim,1
concept,1
populationresource,1
heavily,1
occupants,1
breeding,1
knowledge,1
apparent,1
communication,1
reduction,1
clearer,1
exportable,1
vertebrae,1
ofartifacts,1
aged,1
revealed,1
stores,1
bowl,1
restructuring,1
copyright,1
dozens,1
loss,1
whole,1
currencies,1
precipitated,1
spatially,1
gave,1
consistently,1
fail,1
kiva,1
workshop,1
constitute,1
contains,1
densely,1
falling,1
reoccupied,1
perishable,1
versus,1
pry,1
focuses,1
cubic,1
floors,1
xviii,1
workload,1
fieldwork,1
missions,1
deeply,1
smallest,1
own,1
famine,1
polity,1
trends,1
markedly,1
redistribution,1
longterm,1
errors,1
either,1
organizados,1
regions,1
earth,1
manyfold,1
explaining,1
good,1
tough,1
tensiones,1
stressed,1
jefatura,1
diversion,1
solution,1
ratios,1
arise,1
correct,1
successful,1
jon,1
level,1
below,1
responsibility,1
cold,1
especial,1
assay,1
simpler,1
involve,1
steponaitis,1
tested,1
speculations,1
trading,1
villagers,1
peruvian,1
contrast,1
incipient,1
mediterranean,1
assemble,1
precontact,1
event,1
frosts,1
kent,1
spanish,1
initiating,1
sufficient,1
multiple,1
smithsonian,1
este,1
resolution,1
breaking,1
sof,1
peak,1
refinement,1
ericson,1
schedules,1
essentially,1
portions,1
boundaries,1
incurred,1
richness,1
seed,1
infotec,1
memberships,1
resistance,1
roots,1
cycle,1
diminished,1
provided,1
expropriation,1
deer,1
atmospheric,1
geographical,1
wield,1
portion,1
critical,1
tipos,1
furnished,1
approximate,1
sierran,1
excludes,1
demand,1
annum,1
ceremonial,1
cribra,1
mainlanders,1
thanks,1
calibration,1
various,1
attributable,1
logistical,1
dispositions,1
statecraft,1
identified,1
seventh,1
desequilibrios,1
permits,1
located,1
labeled,1
vols,1
harris,1
diagnostic,1
merits,1
nearly,1
reorganization,1
standardization,1
etc,1
community,1
sobre,1
intervention,1
domination,1
accumulations,1
woods,1
comments,1
passengers,1
drilled,1
initially,1
lb,1
movement,1
seemingly,1
strategic,1
deben,1
innovation,1
direction,1
catalina,1
drennan,1
engineering,1
illuminating,1
biological,1
corpus,1
hoe,1
calculate,1
antunez,1
emerged,1
keeley,1
permitting,1
relied,1
arrojan,1
abundances,1
ethnographers,1
vs,1
intense,1
represents,1
exploradores,1
anonymous,1
counterparts,1
restricted,1
populated,1
latitude,1
macrocystis,1
index,1
specimens,1
reflects,1
parte,1
included,1
falls,1
underwriting,1
transformations,1
jai,1
complete,1
same,1
shifting,1
ideology,1
lacked,1
dialectical,1
formalized,1
experimental,1
outlined,1
geophysicalresearch,1
grassland,1
experiment,1
confirms,1
insights,1
aggravated,1
unusually,1
hearth,1
maintained,1
functioned,1
hallmark,1
considers,1
declining,1
knapp,1
volume,1
ethnoenergetics,1
members,1
etiology,1
successfully,1
science,1
unreliable,1
tsimshian,1
book,1
complejas,1
mark,1
fin,1
renewed,1
shelf,1
californian,1
europe,1
rejects,1
decorative,1
added,1
beforead,1
decadas,1
gastropod,1
communal,1
shows,1
faster,1
lack,1
diminishing,1
unparalleled,1
luis,1
datos,1
deterioration,1
scholars,1
stimulus,1
cargos,1
complementing,1
match,1
rugged,1
abstract,1
precursor,1
grave,1
contradict,1
overseen,1
named,1
farming,1
shallow,1
chancy,1
patchwork,1
seldom,1
dwindle,1
starvation,1
brotherhood,1
complemented,1
ages,1
conclusions,1
adjacent,1
procesos,1
remarkable,1
upham,1
shoshonean,1
oregon,1
existing,1
accepted,1
establish,1
amplio,1
mostly,1
manipulable,1
coincided,1
coincident,1
pygmy,1
dance,1
iberia,1
por,1
mundo,1
incursions,1
proposedb,1
begun,1
interdependencies,1
beta,1
exceeds,1
impoverished,1
distance,1
circumscription,1
entrepreneurial,1
reflected,1
ethnohistorians,1
ricos,1
degree,1
bulletin,1
interpreting,1
basa,1
equator,1
need,1
interrelated,1
scales,1
carneiro,1
ambientales,1
averaged,1
hillsides,1
obispo,1
observable,1
treated,1
transporting,1
unrestricted,1
organisms,1
eighteenth,1
ecologically,1
michaelson,1
represented,1
nonlethal,1
rapidity,1
logs,1
systematics,1
thickness,1
enhanced,1
ethnology,1
pharyngeal,1
depended,1
findings,1
host,1
conservatively,1
entirely,1
traded,1
hosted,1
feasting,1
prevailed,1
persisted,1
operated,1
speedy,1
factor,1
causes,1
affects,1
pollticamente,1
resulting,1
submitted,1
microlithand,1
effectively,1
actual,1
variables,1
hunted,1
previous,1
luz,1
office,1
worst,1
complicated,1
accoutrements,1
involves,1
rejected,1
low,1
meanings,1
clear,1
niiio,1
loosely,1
remaining,1
directed,1
modem,1
adding,1
authors,1
sustain,1
amounts,1
bartering,1
mississippian,1
drenching,1
symposium,1
architectural,1
started,1
reviewers,1
geographically,1
foraminiferal,1
spread,1
function,1
creating,1
features,1
housed,1
played,1
administrative,1
shortly,1
sparsely,1
excavated,1
improved,1
preservation,1
enriched,1
provides,1
glynn,1
contribuyeron,1
never,1
amplify,1
polygyny,1
favored,1
sandy,1
especially,1
discarded,1
probe,1
parallel,1
become,1
ornaments,1
overcome,1
respectively,1
xvi,1
deliberate,1
accordingly,1
monica,1
lowered,1
jefaturas,1
slightly,1
greece,1
anacapa,1
splitting,1
pisias,1
figures,1
uninterrupted,1
invented,1
chain,1
rozaire,1
occupy,1
modifications,1
minimally,1
unrelated,1
advantaged,1
arribaron,1
references,1
september,1
tarring,1
ranging,1
carried,1
tempo,1
seasons,1
unstable,1
stage,1
extractive,1
buffering,1
rangos,1
wenke,1
groupings,1
entail,1
para,1
vegas,1
abundance,1
irregular,1
usurpation,1
scrutinized,1
exceeding,1
pointchna,1
continued,1
regular,1
phillip,1
movements,1
staples,1
practical,1
suggestive,1
program,1
suspected,1
flowed,1
select,1
quarrying,1
andean,1
primarily,1
sway,1
institutions,1
exceptional,1
health,1
directions,1
deposit,1
detailed,1
halfcenturies,1
ofthe,1
paleotemperature,1
furnish,1
rapidly,1
try,1
adaptation,1
class,1
settled,1
politico,1
expectations,1
quite,1
existed,1
fall,1
united,1
millingstones,1
dead,1
british,1
osseous,1
months,1
elder,1
radiolarian,1
unusual,1
gathered,1
resemble,1
mayolo,1
documenting,1
blurred,1
forest,1
partners,1
tribe,1
considered,1
nonessential,1
populate,1
recognizably,1
ensure,1
goldberg,1
burned,1
differentiated,1
perturbation,1
contained,1
magnitude,1
dependable,1
sexes,1
orjust,1
eventually,1
cakes,1
politicos,1
reliant,1
melanesia,1
cuando,1
series,1
ethnological,1
heritable,1
torrence,1
measurements,1
carapaces,1
geographic,1
diversos,1
concordance,1
economically,1
partnerships,1
moratto,1
pace,1
recognizable,1
bronze,1
ranch,1
quantitative,1
carbondale,1
occurrences,1
territories,1
wots,1
symbol,1
meat,1
command,1
pollet,1
geoarchaeology,1
imprecision,1
colorado,1
divert,1
possessed,1
excess,1
favorably,1
cannon,1
dominated,1
colonization,1
finance,1
cultura,1
reversal,1
confident,1
cautiously,1
nets,1
capital,1
best,1
unknown,1
usedfor,1
down,1
agglomeration,1
deposited,1
prestate,1
intrusive,1
fluctuated,1
ornament,1
paleoclimatic,1
regard,1
minimized,1
drifted,1
chia,1
ideological,1
siglos,1
altered,1
obviously,1
loads,1
pebbles,1
documentos,1
benthic,1
wood,1
distinctive,1
paleoceanography,1
senate,1
places,1
annuals,1
ruyle,1
consisted,1
growing,1
beginning,1
researching,1
diversified,1
reproduce,1
notable,1
persuasively,1
unique,1
polities,1
nearby,1
elaborations,1
baja,1
opportunistic,1
mere,1
beaches,1
adapatations,1
consisting,1
occasions,1
velde,1
foundations,1
argued,1
mandated,1
secure,1
produce,1
suppress,1
phenomena,1
hundreds,1
travel,1
finished,1
conference,1
navigate,1
monitored,1
delivery,1
gatherings,1
culturas,1
burns,1
circumstances,1
maneuvering,1
overseeing,1
reported,1
surveys,1
preferable,1
rosania,1
basketmaking,1
content,1
yearly,1
african,1
techniques,1
microdrill,1
circulations,1
controls,1
acute,1
contribute,1
obtain,1
rotting,1
families,1
challenges,1
indians,1
crew,1
goals,1
ascenso,1
contrasts,1
iberian,1
causas,1
anaerobic,1
colten,1
shores,1
pine,1
layers,1
until,1
spring,1
survival,1
subgroups,1
editor,1
difference,1
generate,1
disposal,1
average,1
concentra,1
initiated,1
copies,1
illinois,1
twentieth,1
adaptationists,1
strikingly,1
mode,1
explanation,1
chiefly,1
oportunismo,1
microdrilland,1
parallels,1
documentation,1
course,1
rango,1
approximately,1
instead,1
testart,1
americas,1
fauna,1
consolidated,1
canadian,1
managing,1
willing,1
norrisia,1
maids,1
states,1
thoughtful,1
involving,1
france,1
ultimas,1
contamination,1
colleagues,1
defined,1
derive,1
inequalities,1
indian,1
extremely,1
shift,1
indices,1
summary,1
comparison,1
arctic,1
flora,1
midcontinent,1
pelts,1
drift,1
periodic,1
carbon,1
removed,1
rest,1
premicrolithic,1
ser,1
clarify,1
meaning,1
aggregations,1
draft,1
semisedentary,1
bottoms,1
justify,1
supply,1
chicago,1
reached,1
ofphysical,1
partial,1
uncertainty,1
views,1
deposition,1
abroad,1
given,1
nino,1
counts,1
enormous,1
compounding,1
pertenecientes,1
devastated,1
built,1
sixth,1
delayed,1
close,1
cited,1
stoltman,1
grants,1
hyperostosis,1
