WORDCOUNTS,WEIGHT
the,511
of,389
and,293
in,208
to,191
a,142
that,136
is,107
cannibalism,91
for,73
we,73
are,68
as,66
by,54
this,50
these,46
bone,45
not,45
with,43
on,43
human,42
or,41
al,38
be,38
et,37
have,35
cowboy,34
wash,33
data,33
about,33
billman,32
assemblages,31
their,28
bones,27
used,27
from,27
evidence,27
at,26
american,26
other,25
was,25
were,25
it,24
there,24
study,24
but,24
remains,24
more,23
disarticulated,23
they,22
an,21
all,20
no,20
what,20
cultural,19
southwest,19
analysis,19
think,19
broken,18
research,18
hopi,17
some,17
one,16
j,16
has,16
de,16
how,16
only,16
e,15
archaeological,15
our,15
sites,14
violence,14
many,14
assemblage,14
would,14
blood,14
possible,13
can,13
yet,12
do,12
processes,12
authors,12
been,12
university,12
into,11
feature,11
prehistoric,11
because,11
turner,11
new,11
patterns,11
native,11
if,10
m,10
during,10
present,10
alternative,10
explanations,10
variability,10
complex,9
kinds,9
studies,9
burning,9
behavior,9
pueblo,9
than,9
found,9
suggest,9
us,9
explanation,9
which,9
like,9
so,9
la,9
accounts,9
different,9
ways,8
occurred,8
archaeologists,8
warfare,8
even,8
may,8
its,8
long,8
archaeology,8
when,8
mesa,8
edited,8
ethnographic,8
two,8
number,8
hypotheses,8
fecal,8
percent,8
provide,8
antiquity,8
conclusion,8
cooking,8
need,8
might,7
regarding,7
site,7
important,7
could,7
work,7
r,7
he,7
scientific,7
interpretation,7
time,7
behaviors,7
region,7
residue,7
burned,7
anthropological,7
while,7
years,7
cambridge,7
offer,7
d,7
does,6
before,6
also,6
seems,6
resources,6
thus,6
g,6
white,6
drought,6
history,6
aspects,6
claim,6
good,6
small,6
society,6
southern,6
verde,6
see,6
understanding,6
range,6
mortuary,6
identity,6
use,6
questions,6
mexico,6
article,6
modification,6
chamber,6
rigorous,6
any,6
known,6
know,6
over,6
historical,6
them,6
form,6
theory,6
presented,6
generate,6
c,6
much,6
difficult,5
way,5
groups,5
needed,5
t,5
secondary,5
within,5
such,5
due,5
century,5
body,5
y,5
rather,5
process,5
similar,5
means,5
weak,5
result,5
based,5
p,5
well,5
artifacts,5
using,5
indicates,5
pp,5
breakage,5
regional,5
crucial,5
fact,5
contemporary,5
fragments,5
forms,5
where,5
practice,5
discussion,5
including,5
theoretical,5
taphonomic,5
after,5
adequately,5
who,5
indicate,5
methods,5
claims,5
abandonment,5
indeterminate,5
did,5
very,5
coprolite,5
past,5
plata,5
popular,5
must,5
consumption,5
approach,5
specific,5
hilton,5
concerned,4
trash,4
first,4
those,4
context,4
el,4
system,4
prior,4
review,4
relatively,4
elements,4
arens,4
response,4
without,4
l,4
museum,4
demonstrates,4
parts,4
consider,4
w,4
came,4
out,4
burial,4
tools,4
record,4
line,4
people,4
either,4
working,4
several,4
up,4
will,4
ventilator,4
community,4
pile,4
communities,4
social,4
reporting,4
larger,4
empirical,4
residues,4
variables,4
individuals,4
described,4
comprehensive,4
publication,4
damage,4
interpretations,4
structure,4
note,4
science,4
assert,4
pieces,4
force,4
deposited,4
then,4
associated,4
simply,4
control,4
cultures,4
clan,4
argue,4
twelfth,4
contain,4
categories,4
both,4
little,4
reported,4
ancestral,4
press,4
contribute,4
question,4
formation,4
survival,4
proteins,4
potential,4
focus,4
recent,4
environmental,3
resulted,3
group,3
discover,3
stone,3
h,3
western,3
osteological,3
title,3
total,3
contexts,3
commingled,3
implications,3
address,3
humans,3
oglivie,3
s,3
outbreak,3
molecular,3
sociopolitical,3
cannibal,3
custom,3
account,3
placement,3
ritual,3
pithouse,3
cannibals,3
conflict,3
severe,3
points,3
consumed,3
santa,3
shaft,3
perpetrators,3
journal,3
adult,3
word,3
high,3
york,3
taphonomy,3
mean,3
certain,3
support,3
affect,3
cannibalistic,3
elsewhere,3
k,3
too,3
n,3
beyond,3
notions,3
ancient,3
dixon,3
histories,3
focused,3
cannot,3
method,3
future,3
literature,3
tool,3
los,3
contextualized,3
descendant,3
part,3
explains,3
reduction,3
describe,3
fit,3
inferences,3
ethnohistoric,3
massacre,3
hard,3
discourse,3
involved,3
essentially,3
customary,3
results,3
led,3
second,3
absence,3
various,3
movement,3
processing,3
same,3
climatic,3
projects,3
missing,3
occurrence,3
variation,3
pattern,3
never,3
flesh,3
carnivore,3
children,3
violent,3
incidents,3
skeletal,3
anasazi,3
three,3
times,3
osteology,3
peer,3
leg,3
ogre,3
butchered,3
fe,3
propose,3
attention,3
clans,3
testable,3
ritualized,3
why,3
contained,3
material,3
peoples,3
colorado,3
anthropology,3
paper,3
believe,3
down,3
build,3
purported,3
according,3
investigation,3
whether,3
terms,3
statement,3
distribution,3
information,3
phenomena,3
multiple,3
conclude,3
role,3
world,3
include,3
although,3
offered,3
between,3
early,3
views,3
among,3
should,3
major,3
kurt,2
go,2
institutionalized,2
appropriation,2
myth,2
ma,2
likely,2
sets,2
completely,2
articulo,2
contend,2
unraveling,2
position,2
presents,2
princeton,2
fires,2
negative,2
test,2
being,2
said,2
exposed,2
bitiman,2
specifically,2
motivations,2
myoglobin,2
definition,2
scientists,2
together,2
accompanied,2
debra,2
analyses,2
katsina,2
fresh,2
last,2
state,2
que,2
somewhat,2
daniel,2
similarities,2
producing,2
case,2
relating,2
existence,2
key,2
mass,2
draw,2
victims,2
characterize,2
move,2
taking,2
point,2
far,2
cited,2
dynamic,2
promises,2
sand,2
canyon,2
exist,2
royal,2
surely,2
southwestern,2
downum,2
development,2
reject,2
since,2
against,2
scarce,2
relations,2
raises,2
rigorously,2
media,2
topic,2
tabulated,2
ferguson,2
forced,2
kind,2
creamer,2
tabulation,2
perspective,2
document,2
biomolecular,2
left,2
find,2
dismemberment,2
communication,2
reformulate,2
apparently,2
traditions,2
transactions,2
poorly,2
interesting,2
essential,2
identification,2
his,2
across,2
aggressive,2
sort,2
en,2
presentation,2
incidence,2
se,2
percussion,2
derived,2
direct,2
creek,2
produced,2
offering,2
az,2
reason,2
understand,2
category,2
changes,2
varying,2
dichotomy,2
established,2
just,2
butcher,2
four,2
recovered,2
lithic,2
prosecution,2
oppression,2
utah,2
mutilation,2
calgary,2
anthropophagy,2
paragraph,2
constructive,2
had,2
standards,2
public,2
faunal,2
puebloan,2
philosophical,2
swegle,2
term,2
donner,2
occupation,2
understood,2
equal,2
perimortem,2
unconvincing,2
handled,2
explain,2
directly,2
claiming,2
basis,2
circumstantial,2
su,2
london,2
example,2
description,2
database,2
documented,2
personal,2
ethnicity,2
researchers,2
describing,2
signifies,2
highly,2
presence,2
ancestors,2
annual,2
content,2
haas,2
span,2
f,2
portion,2
critical,2
situation,2
crow,2
identified,2
fantastical,2
subject,2
limited,2
play,2
brief,2
precolonial,2
interactions,2
examined,2
interment,2
under,2
challenged,2
thesis,2
useful,2
culturales,2
party,2
members,2
power,2
datos,2
rock,2
really,2
surfaces,2
discussed,2
starvation,2
took,2
procesos,2
execution,2
relevant,2
minneapolis,2
perhaps,2
demonstrated,2
analyzed,2
upon,2
implicated,2
findings,2
virtually,2
immunological,2
full,2
low,2
characterized,2
period,2
general,2
palaeontology,2
plant,2
features,2
anyone,2
least,2
disarticulation,2
especially,2
northern,2
narrow,2
probably,2
analyze,2
controversial,2
normal,2
contributes,2
rodent,2
informs,2
spiral,2
abundance,2
raise,2
processed,2
five,2
chop,2
suggestive,2
fear,2
dragged,2
detailed,2
remaining,2
life,2
examine,2
expectations,2
dead,2
respect,2
supporting,2
problematic,2
issue,2
addressed,2
thinking,2
growing,2
dispersed,2
comes,2
carnivores,2
symbolic,2
meat,2
scheuenstuhl,2
set,2
verify,2
each,2
chacoan,2
seem,2
best,2
half,2
particularly,2
dumped,2
pit,2
las,2
type,2
person,2
beginning,2
witch,2
references,2
cause,2
particular,2
add,2
sus,2
mere,2
institute,2
produce,2
scenarios,2
bodies,2
city,2
techniques,2
intended,2
nagpra,2
colonial,2
families,2
phenomenon,2
writing,2
ultimately,2
models,2
considering,2
disposal,2
accept,2
salt,2
land,2
define,2
contamination,2
colleagues,2
off,2
area,2
modeling,2
themselves,2
lake,2
deposition,2
northwestern,2
given,2
seek,2
ends,2
meeting,2
asked,2
perception,2
hypothesis,2
final,1
cultigens,1
ransacked,1
mimic,1
order,1
bonnichsen,1
o,1
done,1
provisioning,1
validation,1
horizontal,1
common,1
akins,1
interaccicin,1
adherent,1
indicated,1
drag,1
dug,1
effected,1
created,1
pale,1
dangers,1
extreme,1
dindmicos,1
durante,1
endocannibalism,1
ultimate,1
disregard,1
legitimization,1
expect,1
likewise,1
told,1
center,1
methodology,1
importantes,1
multifaceted,1
designed,1
puebloans,1
alive,1
psychopath,1
constitutes,1
true,1
tense,1
easily,1
blows,1
considerations,1
tied,1
conclusive,1
scapulae,1
protection,1
excavation,1
harsh,1
encourage,1
evaluating,1
observing,1
pots,1
transwestern,1
po,1
migration,1
nuevas,1
source,1
pioneers,1
rigurosamente,1
women,1
themes,1
kosovo,1
experience,1
diffusion,1
file,1
ethics,1
notre,1
member,1
else,1
modest,1
every,1
implican,1
certainly,1
distinguishing,1
witches,1
exclusive,1
mysterious,1
culturally,1
rapid,1
attempt,1
skeletalanalysis,1
allow,1
artificially,1
cessation,1
hacked,1
advanced,1
archaeologicalreports,1
containing,1
handling,1
principles,1
knowing,1
leading,1
assess,1
assertion,1
sobering,1
reasons,1
confusion,1
differences,1
rich,1
normative,1
narrative,1
exocannibalism,1
incident,1
link,1
closer,1
launched,1
room,1
carnegie,1
products,1
revisicin,1
fibulae,1
hands,1
inadvertently,1
integrate,1
discefio,1
skull,1
mind,1
greatly,1
precisely,1
primitive,1
situ,1
principal,1
corroborate,1
investigations,1
publicize,1
discipline,1
reading,1
favoring,1
examinar,1
behind,1
racial,1
inferencias,1
ad,1
stew,1
sociedad,1
titillating,1
side,1
involves,1
con,1
conchoidal,1
suspect,1
sophisticated,1
plains,1
foundation,1
dialect,1
attacked,1
longbone,1
shafts,1
gm,1
analytically,1
agriculture,1
killed,1
right,1
morphed,1
percussive,1
finegrained,1
determined,1
ax,1
activity,1
titulo,1
cannibalize,1
solely,1
orono,1
magazine,1
vital,1
legitimizes,1
fractures,1
west,1
stratigraphy,1
apart,1
interdisciplinary,1
say,1
infer,1
trata,1
establishment,1
deflector,1
literal,1
apply,1
reconstruction,1
along,1
protocol,1
minimum,1
identifies,1
letter,1
fragment,1
conclusively,1
teorfa,1
masks,1
leblanc,1
harmony,1
cursory,1
pursuing,1
aggression,1
facets,1
guilty,1
witchcraft,1
avenues,1
repeatedly,1
frequencies,1
central,1
fleshed,1
chaco,1
phase,1
includes,1
therein,1
throughout,1
fracture,1
collapse,1
leigh,1
relationships,1
deciphering,1
explained,1
eventual,1
attest,1
digestion,1
eating,1
analyzing,1
tables,1
september,1
bodily,1
divine,1
patchy,1
ethnohistorical,1
ability,1
relinquished,1
amounts,1
grouped,1
conducted,1
tucson,1
dozen,1
assessment,1
expected,1
vengeance,1
spans,1
migrate,1
cases,1
precludes,1
nor,1
forensic,1
creciente,1
refer,1
concerning,1
convincing,1
back,1
generated,1
oxford,1
served,1
compared,1
third,1
justifying,1
compare,1
drawn,1
oneor,1
look,1
critique,1
gaze,1
dwindling,1
wet,1
pronounced,1
acknowledge,1
decry,1
bothered,1
contaminate,1
weathering,1
mechanism,1
antigen,1
higher,1
assessed,1
steps,1
opposed,1
gaining,1
alleged,1
americans,1
psychopathic,1
graphics,1
dehumanize,1
statements,1
subjected,1
bring,1
rushing,1
hopis,1
main,1
absent,1
superficial,1
stop,1
crash,1
scream,1
highway,1
broaden,1
una,1
parents,1
survives,1
sudden,1
appears,1
b,1
leave,1
manson,1
fat,1
contributions,1
dialogue,1
signatures,1
possess,1
lacking,1
selected,1
ofarchaeological,1
earl,1
kunckelman,1
scattered,1
factors,1
bounce,1
defleshing,1
pitstructures,1
modified,1
involvement,1
arid,1
paragraphs,1
debiles,1
proving,1
bad,1
genocide,1
wanted,1
marks,1
supports,1
conceptualization,1
possibly,1
utilizan,1
smorsgabord,1
occupational,1
river,1
image,1
foul,1
grounds,1
presumably,1
clearly,1
flintknapper,1
weather,1
air,1
placed,1
variabilidad,1
reviewed,1
profile,1
preconceived,1
periodically,1
cannibalizing,1
presumed,1
most,1
origins,1
powerful,1
albuquerque,1
surface,1
lemoine,1
procedures,1
linkage,1
followed,1
nuestra,1
journalistic,1
intentional,1
reformula,1
ofanthropological,1
answers,1
flakes,1
dahmer,1
dominant,1
believed,1
helped,1
strategy,1
coincide,1
providing,1
cut,1
repatriationact,1
view,1
appear,1
imbedded,1
dc,1
estos,1
descriptive,1
uses,1
root,1
asserts,1
avenue,1
scientifically,1
discount,1
appearance,1
greateramerican,1
demise,1
color,1
expanses,1
behavioral,1
seven,1
conducta,1
placita,1
rooms,1
destined,1
pass,1
events,1
mistakenly,1
carolina,1
huesos,1
relacionados,1
noting,1
mimicked,1
eat,1
conjectural,1
captured,1
base,1
confired,1
respects,1
evaluate,1
dongoske,1
meter,1
further,1
topics,1
equally,1
embarrassing,1
standardized,1
though,1
basadas,1
cuts,1
lethal,1
indirect,1
aunque,1
population,1
fluvial,1
meet,1
postburning,1
your,1
circumstances,1
rotos,1
wide,1
retribution,1
tease,1
near,1
huge,1
warriors,1
globally,1
failure,1
gained,1
distinguish,1
accounting,1
relief,1
compleja,1
elisa,1
disrespect,1
kits,1
scope,1
residents,1
bolster,1
contextualizan,1
tasavt,1
reinhard,1
carries,1
del,1
framed,1
nonspecific,1
unless,1
story,1
characterization,1
tens,1
purpose,1
ot,1
competing,1
related,1
sanday,1
journals,1
recommends,1
depatrones,1
thesereports,1
ethnonational,1
roll,1
fail,1
place,1
editorial,1
pensar,1
literally,1
reduces,1
constitute,1
contains,1
warranted,1
actually,1
structures,1
guian,1
binding,1
consistent,1
focuses,1
surrounding,1
hampshire,1
differentially,1
dredges,1
project,1
dakota,1
breakdown,1
received,1
eastern,1
markedly,1
lithics,1
attributed,1
following,1
count,1
encounters,1
manipulation,1
refuse,1
regions,1
massacres,1
subtle,1
situational,1
depositional,1
tone,1
published,1
sparsely,1
construct,1
correct,1
scorch,1
field,1
inference,1
proveer,1
theoretically,1
raiding,1
dictionary,1
crossreaction,1
indicators,1
next,1
box,1
politically,1
swedlund,1
altemas,1
unsupported,1
sharp,1
quite,1
emerging,1
sake,1
family,1
castle,1
habitation,1
driving,1
few,1
concerns,1
masking,1
suddenly,1
portions,1
boundaries,1
lewis,1
tended,1
methodological,1
unfortunate,1
degradation,1
characterizes,1
descendants,1
medioarnbientales,1
necessity,1
pays,1
proper,1
stewing,1
production,1
plausible,1
structured,1
appropriate,1
provided,1
fluted,1
moved,1
rest,1
activities,1
unidentifiable,1
top,1
periods,1
inspection,1
cite,1
south,1
meaningfully,1
therefore,1
collaborations,1
heretofore,1
tannahill,1
catalysts,1
arrangement,1
critics,1
demand,1
tendon,1
ceremonial,1
variety,1
elimination,1
practices,1
taken,1
actualistic,1
populations,1
comprensiva,1
short,1
lurid,1
located,1
comparative,1
expansion,1
return,1
kilometers,1
inclusive,1
islands,1
rejuvenated,1
forbidden,1
intimidation,1
multigenerational,1
still,1
sobre,1
says,1
make,1
expanded,1
surviving,1
conceived,1
comments,1
expectativas,1
experiences,1
intentionally,1
admonition,1
maneras,1
seemingly,1
direction,1
single,1
relationship,1
label,1
confronting,1
retrieved,1
allegations,1
competition,1
loaded,1
incipient,1
citation,1
makes,1
happened,1
thought,1
seeing,1
columbus,1
exposure,1
tainos,1
incorpora,1
boundary,1
differentiate,1
disparage,1
specimens,1
management,1
adherence,1
extinction,1
perspectives,1
complete,1
saw,1
ro,1
experimental,1
issues,1
floor,1
broad,1
robust,1
narratives,1
cannibalized,1
provocative,1
mancos,1
kuwanwisiwma,1
patterning,1
emotional,1
noted,1
sensationalistic,1
decomposition,1
ambiguities,1
raids,1
harper,1
volume,1
worst,1
uncontested,1
fire,1
resistance,1
majority,1
unreliable,1
heritage,1
attacks,1
technique,1
fell,1
others,1
pointed,1
available,1
ask,1
demographic,1
analytical,1
emotions,1
poca,1
traceable,1
lack,1
valid,1
stories,1
coincidence,1
toll,1
reputed,1
xii,1
areas,1
foods,1
muchas,1
proposal,1
wedded,1
documents,1
nate,1
motivational,1
crop,1
lacks,1
layer,1
reasoning,1
ideology,1
understandable,1
end,1
debates,1
estdn,1
man,1
external,1
adecuadamente,1
anthropologist,1
conclusions,1
outside,1
interpretaciones,1
racist,1
drove,1
ground,1
tales,1
remarkable,1
covered,1
model,1
manner,1
square,1
landscape,1
developing,1
validity,1
existing,1
ensured,1
establish,1
xviii,1
participate,1
answer,1
recount,1
necessary,1
norms,1
osteologists,1
preparation,1
frequency,1
acerca,1
siglo,1
propone,1
encountered,1
microbiologist,1
inject,1
realize,1
ecology,1
degree,1
remained,1
plane,1
bulletin,1
argues,1
another,1
thousands,1
original,1
pastiche,1
meaningful,1
survive,1
specializing,1
newyork,1
made,1
aspectos,1
accompanying,1
pave,1
limitations,1
deposits,1
distinctly,1
looking,1
samples,1
wonder,1
satore,1
outliers,1
significant,1
food,1
cranial,1
assumption,1
assume,1
arizona,1
affects,1
sequence,1
ideas,1
resulting,1
willey,1
ethnic,1
rare,1
recovery,1
hrm,1
cooked,1
nothing,1
supposition,1
laboratory,1
examination,1
stay,1
trust,1
office,1
advantages,1
theories,1
autores,1
mne,1
subsequent,1
kilgour,1
navajo,1
open,1
translate,1
deduce,1
historic,1
conjoinable,1
laboratories,1
stress,1
hampered,1
accounted,1
grupo,1
disappointed,1
contractarcheology,1
preguntas,1
august,1
homes,1
collaboration,1
function,1
hammer,1
escaped,1
static,1
dry,1
probable,1
preservation,1
enriched,1
standard,1
martin,1
decide,1
graves,1
problems,1
macroscopic,1
often,1
become,1
stein,1
rides,1
saa,1
tibiae,1
thirteenth,1
shoshoni,1
slightly,1
unexplained,1
begs,1
dividing,1
morris,1
incontrovertible,1
occupied,1
tendency,1
relative,1
evaluated,1
anomaly,1
regimes,1
baggage,1
inhumation,1
concluded,1
brown,1
applies,1
species,1
pero,1
respuesta,1
rarity,1
fails,1
european,1
space,1
enough,1
things,1
asking,1
accepting,1
bioarchaeology,1
speculate,1
tests,1
alters,1
table,1
coercion,1
shattered,1
cadavers,1
independent,1
continued,1
washed,1
foil,1
foreign,1
testing,1
claimed,1
rwanda,1
begin,1
alternate,1
lines,1
fairly,1
primarily,1
referred,1
abnormal,1
accepted,1
concluding,1
un,1
seen,1
indiscriminate,1
rethinking,1
team,1
ordering,1
curation,1
returned,1
denouncement,1
spanning,1
andancestral,1
construction,1
existed,1
hopidictionary,1
fall,1
pipeline,1
inferior,1
composed,1
comentario,1
types,1
centuries,1
exists,1
terroristic,1
gathered,1
thinly,1
kuckelman,1
demuestra,1
detail,1
school,1
stratigraphic,1
shadow,1
heavy,1
singular,1
suite,1
considered,1
series,1
conjunction,1
pueblos,1
significado,1
specificity,1
mutilations,1
invoked,1
damaging,1
peeling,1
partnerships,1
needless,1
theme,1
precise,1
satisfactory,1
physical,1
temporal,1
supported,1
narrowly,1
rite,1
symbol,1
here,1
quaternary,1
quickly,1
outcome,1
identidad,1
natural,1
mutually,1
proof,1
introducing,1
offeredreports,1
readily,1
proponents,1
suggestions,1
concocted,1
extraction,1
seriously,1
interested,1
denigrate,1
exploration,1
variable,1
unknown,1
contextual,1
equivocal,1
copyright,1
current,1
scenario,1
vicious,1
report,1
derivadas,1
iii,1
ideological,1
compliance,1
paleontology,1
contradictory,1
obviously,1
written,1
hundred,1
free,1
passage,1
survivors,1
resharpening,1
animal,1
game,1
answered,1
unreplicated,1
larralde,1
spatial,1
meticulous,1
list,1
want,1
trope,1
proven,1
agricultural,1
temporally,1
knapping,1
leaving,1
terrorism,1
appropriated,1
fully,1
dark,1
imperial,1
observations,1
episode,1
suggests,1
wilcox,1
size,1
beringia,1
unreasonable,1
entire,1
peace,1
politics,1
springboard,1
introduced,1
estudio,1
maxwell,1
became,1
easy,1
modelos,1
traditional,1
disciplines,1
step,1
assumptions,1
investigacicin,1
obtain,1
lump,1
indians,1
mention,1
paraprobar,1
pr,1
detect,1
leap,1
prepared,1
false,1
indiana,1
cautioned,1
until,1
argument,1
detection,1
numerous,1
americananthropologist,1
national,1
mode,1
documentation,1
ended,1
conjuntos,1
appreciated,1
manufacture,1
promete,1
cautionary,1
smaller,1
states,1
involving,1
attributes,1
publicizing,1
piece,1
aggressors,1
derive,1
forming,1
await,1
promptly,1
extremely,1
campaign,1
critico,1
traveling,1
observation,1
charles,1
relativamente,1
meaning,1
recounted,1
kayenta,1
consisted,1
correlate,1
chicago,1
fears,1
valley,1
develop,1
treating,1
token,1
concomitant,1
bovine,1
strong,1
ideologically,1
north,1
observed,1
beings,1
cross,1
admonishing,1
premature,1
degrade,1
resembled,1
broader,1
successive,1
doing,1
roles,1
occur,1
mimics,1
thorough,1
