WORDCOUNTS,WEIGHT
the,642
of,479
and,475
in,454
a,225
m,172
to,169
late,136
maize,135
at,128
from,122
woodland,116
for,106
f,105
is,103
was,88
by,88
with,86
isotope,84
ratios,81
y,78
that,75
this,74
have,72
were,70
et,63
carbon,61
al,60
not,60
illinois,60
as,56
no,55
early,53
more,52
been,50
diet,48
are,48
it,47
pp,47
edited,46
o,45
there,45
than,45
eastern,44
burials,43
or,43
on,43
american,42
be,41
may,39
nitrogen,39
but,39
also,39
consumption,39
bone,37
variation,37
sites,36
gay,35
joe,34
differences,33
journal,33
university,33
mounds,33
middle,33
evidence,33
mound,31
mississippian,31
some,30
collagen,30
study,30
age,29
prehistoric,28
between,28
archaeological,27
an,26
these,26
c,26
all,25
north,25
knight,24
schild,24
time,24
archaeology,23
within,23
isotopic,23
had,23
crop,23
enriched,23
e,22
de,22
period,22
mean,22
date,21
j,21
individuals,21
antiquity,21
although,21
lower,20
ad,20
which,20
d,20
ratio,20
valley,20
t,19
higher,19
b,19
p,19
yokem,19
knoll,19
they,18
results,18
material,18
analysis,18
over,18
has,18
little,18
perino,18
groups,17
s,17
their,17
two,17
only,17
michael,17
margaret,17
plant,17
other,16
woodlands,16
con,16
site,16
river,16
r,16
indigenous,16
new,16
fluoride,16
df,16
crops,15
i,15
population,15
data,15
social,15
food,15
stable,15
difference,15
such,14
status,14
south,14
sex,14
l,14
pattern,14
where,14
different,14
very,14
distribution,14
buikstra,14
studies,13
human,13
david,13
around,13
liv,13
three,13
science,13
lawrence,13
did,13
males,13
both,13
variability,13
america,12
pre,12
could,12
during,12
many,12
use,12
dating,12
those,12
dietary,12
schoeninger,12
extraction,12
does,11
later,11
might,11
hopewell,11
central,11
earlier,11
most,11
produced,11
its,11
small,11
koster,11
helton,11
radiocarbon,11
la,11
com,11
area,11
adoption,10
mississippi,10
jane,10
bones,10
bottom,10
component,10
females,10
los,10
apparent,10
staple,10
asch,10
again,10
areas,10
less,10
diets,10
native,10
values,10
region,10
yo,10
ledders,10
clear,10
would,10
thomas,10
anthropology,10
increased,10
much,10
if,9
center,9
large,9
able,9
el,9
en,9
w,9
neighboring,9
cultural,9
protein,9
mark,9
range,9
so,9
high,9
table,9
ing,9
any,9
physical,9
fvsm,9
substantial,9
increase,9
significant,8
into,8
production,8
available,8
cmvi,8
papers,8
east,8
schober,8
correlation,8
mid,8
development,8
g,8
sample,8
dates,8
even,8
delta,8
gregory,8
result,8
out,8
burial,8
nor,8
change,8
several,8
museum,8
schurr,8
archaeobotanical,8
number,8
wood,8
mortuary,8
skeletal,8
iso,8
previous,8
richard,8
we,8
anthropological,8
known,8
plants,8
while,8
yield,8
when,8
remains,8
cook,8
recent,8
h,7
long,7
far,7
one,7
how,7
similar,7
changes,7
show,7
isotopes,7
dc,7
greater,7
found,7
related,7
either,7
regions,7
practices,7
female,7
logical,7
southern,7
biological,7
included,7
kenneth,7
samples,7
evolution,7
johannessen,7
households,7
after,7
preservation,7
become,7
land,7
can,7
james,7
male,7
indicate,7
intensification,7
temporal,7
charles,7
each,7
goods,7
better,7
cahokia,7
resources,7
should,7
dale,6
group,6
archaeo,6
negative,6
nancy,6
regional,6
cowan,6
sumption,6
klunk,6
nois,6
van,6
levels,6
christine,6
aquatic,6
consuming,6
arbor,6
means,6
clearly,6
four,6
michigan,6
because,6
part,6
personal,6
ann,6
statistically,6
pike,6
economic,6
community,6
nature,6
culture,6
same,6
rise,6
members,6
john,6
state,6
bi,6
uni,6
probably,6
figure,6
methods,6
illi,6
william,6
agricultural,6
ohio,6
through,6
role,6
corn,6
instead,6
foraging,6
archaic,6
dif,6
mest,6
major,6
tainter,5
now,5
tion,5
per,5
becoming,5
western,5
years,5
andrew,5
analyses,5
robert,5
tope,5
marked,5
likely,5
horticultural,5
que,5
adopted,5
acta,5
cal,5
apparently,5
subsistence,5
opportunity,5
missis,5
isd,5
exploitation,5
based,5
access,5
wiant,5
amer,5
further,5
used,5
douglas,5
del,5
communication,5
cosmochimica,5
level,5
research,5
seed,5
society,5
periods,5
populations,5
fort,5
intracommunity,5
once,5
neither,5
ancient,5
husbandry,5
foods,5
grave,5
made,5
farming,5
average,5
anne,5
described,5
urbana,5
authors,5
amounts,5
relative,5
pop,5
quite,5
growing,5
carbondale,5
here,5
smithsonian,5
mis,5
seem,5
presence,5
cultivation,5
believed,5
unlikely,5
hedman,5
press,5
until,5
modal,5
potential,5
gainesville,5
indicating,5
car,4
suggested,4
uptake,4
village,4
excavation,4
mississip,4
before,4
first,4
kennedy,4
ii,4
taken,4
seems,4
subsequent,4
henry,4
occasional,4
mass,4
agriculture,4
possible,4
consumers,4
west,4
ritual,4
economies,4
labor,4
phase,4
katzenberg,4
throughout,4
eating,4
ern,4
consumer,4
old,4
excavations,4
rather,4
across,4
midwest,4
importance,4
se,4
itarp,4
prehistory,4
possibly,4
dated,4
n,4
sippian,4
versity,4
explain,4
val,4
goldstein,4
island,4
older,4
geochimica,4
showing,4
indi,4
suggest,4
soil,4
few,4
preceding,4
st,4
paul,4
lincoln,4
therefore,4
indeed,4
gender,4
located,4
apatite,4
dle,4
single,4
about,4
cor,4
k,4
sis,4
toward,4
smith,4
larger,4
bluff,4
patterns,4
present,4
analyzed,4
cambridge,4
including,4
trend,4
sissel,4
excavated,4
latter,4
systems,4
pro,4
slightly,4
gen,4
yields,4
bon,4
continued,4
why,4
perhaps,4
fall,4
see,4
tial,4
associated,4
series,4
terrestrial,4
etal,4
pete,4
wilkinson,4
explanations,4
notable,4
suggests,4
son,4
reported,4
despite,4
became,4
delia,4
ence,4
chemical,4
defined,4
comparison,4
connor,4
way,3
environmental,3
pian,3
modern,3
reduced,3
comparisons,3
materials,3
women,3
par,3
being,3
every,3
give,3
moundville,3
interred,3
tradition,3
exotic,3
composition,3
anova,3
investigations,3
gibson,3
case,3
botanical,3
westview,3
recorded,3
afemales,3
quantities,3
greene,3
above,3
squash,3
farnsworth,3
dickson,3
since,3
interest,3
relatively,3
expected,3
dence,3
perspective,3
having,3
six,3
phd,3
continuous,3
archaeologist,3
excavator,3
influence,3
stanley,3
poorly,3
stra,3
york,3
his,3
process,3
excavators,3
proportion,3
origins,3
animals,3
analy,3
appar,3
locally,3
days,3
impact,3
mary,3
bruce,3
exploited,3
hart,3
followed,3
prairie,3
satisfy,3
faunal,3
initial,3
ican,3
inter,3
academic,3
schwarcz,3
buried,3
ceramics,3
method,3
aspects,3
well,3
horticulture,3
example,3
ple,3
sta,3
reflect,3
occupations,3
markedly,3
below,3
deniro,3
contrast,3
rutgers,3
sufficient,3
highly,3
components,3
lyle,3
using,3
value,3
finds,3
deer,3
tennessee,3
will,3
ana,3
ical,3
scientific,3
identified,3
scatterplots,3
classic,3
maygrass,3
exception,3
reconstruction,3
structure,3
initially,3
continuity,3
under,3
watson,3
performed,3
noted,3
others,3
ontario,3
archaeologi,3
ceramic,3
contemporary,3
never,3
increases,3
existing,3
vogel,3
meaningful,3
disease,3
explanation,3
previously,3
pulliam,3
persists,3
entirely,3
largely,3
rivers,3
sequence,3
survey,3
maiz,3
laboratory,3
observed,3
historic,3
transformation,3
grew,3
individual,3
times,3
characterized,3
martin,3
relation,3
effect,3
ferences,3
lo,3
assigned,3
tailed,3
popularity,3
five,3
program,3
hill,3
bulletin,3
un,3
seen,3
joseph,3
sections,3
contained,3
sexes,3
eventually,3
complexity,3
changing,3
peoples,3
griffin,3
statistical,3
der,3
paper,3
cultures,3
crites,3
vari,3
tal,3
domesticated,3
cultivo,3
sissippian,3
rose,3
nearby,3
intake,3
vil,3
popular,3
varieties,3
emergent,3
multiple,3
ecology,3
droessler,3
tions,3
come,3
shown,3
beyond,3
iden,3
states,3
regular,3
effects,3
ranged,3
chicago,3
era,3
close,3
cultigens,2
ments,2
mostly,2
louis,2
separated,2
iowa,2
resulted,2
uplands,2
considerably,2
introduction,2
identify,2
stone,2
weiner,2
sweeter,2
sys,2
farid,2
klavs,2
file,2
stress,2
archaeologists,2
transitions,2
chenopodium,2
foreningens,2
archae,2
attempts,2
utilization,2
stretch,2
lage,2
gary,2
archaeologically,2
secondary,2
topes,2
suggesting,2
includes,2
great,2
timing,2
thanks,2
hundred,2
deemed,2
fresh,2
last,2
greatly,2
marine,2
raised,2
nal,2
buri,2
context,2
system,2
british,2
side,2
epstein,2
missouri,2
intrusive,2
matthew,2
changed,2
account,2
gardens,2
adopting,2
bland,2
mental,2
variations,2
reflecting,2
harold,2
wherever,2
joan,2
cemeteries,2
against,2
ability,2
ference,2
rank,2
lytical,2
distinct,2
items,2
immigrants,2
paleodiet,2
stabilized,2
subjects,2
conner,2
young,2
annua,2
served,2
suitable,2
mechanical,2
compare,2
sci,2
accelerator,2
revised,2
kentucky,2
eral,2
ment,2
ica,2
bimodal,2
peo,2
costs,2
developed,2
incipient,2
una,2
archaeolog,2
midcontinental,2
risk,2
certain,2
parts,2
creek,2
wymer,2
katherine,2
mds,2
established,2
gard,2
intensive,2
bit,2
section,2
proposed,2
house,2
upper,2
iva,2
gero,2
commonly,2
bechtel,2
shorter,2
naoh,2
bender,2
mix,2
important,2
ulation,2
decades,2
ian,2
view,2
sive,2
came,2
inten,2
location,2
allow,2
appearance,2
basin,2
effort,2
centers,2
requirements,2
occupation,2
mainly,2
treat,2
appears,2
domestication,2
energy,2
record,2
absolute,2
required,2
substan,2
tially,2
ther,2
basis,2
artifacts,2
work,2
preferred,2
interface,2
floodplain,2
significantly,2
tombs,2
department,2
revealed,2
loss,2
whole,2
records,2
intra,2
focuses,2
func,2
upland,2
stockholm,2
good,2
published,2
caused,2
hard,2
field,2
indicators,2
cer,2
plex,2
settlement,2
emerging,2
wider,2
grow,2
ues,2
seeds,2
hor,2
generally,2
up,2
productivity,2
city,2
nitrogeno,2
notes,2
corbin,2
palaeodiet,2
avoid,2
palaeodietary,2
quarry,2
fionnuala,2
proxy,2
biocultural,2
ceremonial,2
techniques,2
nearly,2
fagre,2
still,2
garden,2
indicates,2
geologiska,2
direction,2
relationship,2
rs,2
vs,2
suited,2
interment,2
seeing,2
technology,2
restricted,2
jour,2
ele,2
tain,2
processing,2
trophic,2
carbonate,2
demonstrates,2
reports,2
independent,2
picture,2
inference,2
lack,2
yacimientos,2
bullington,2
affect,2
lovell,2
longer,2
consumo,2
treatment,2
head,2
introduccion,2
striking,2
wesley,2
sullivan,2
als,2
anthro,2
end,2
considerable,2
sny,2
terry,2
enough,2
physiological,2
systematic,2
accepted,2
florence,2
strategies,2
judith,2
patty,2
disparity,2
ticularly,2
valleys,2
toric,2
klinken,2
local,2
simon,2
demonstrated,2
orendorf,2
zation,2
investment,2
discussion,2
averaged,2
spective,2
indiana,2
easier,2
assemblages,2
upon,2
discrimination,2
lake,2
elite,2
looking,2
top,2
varying,2
eaten,2
unfortunately,2
approach,2
returned,2
sible,2
munity,2
advantages,2
photosynthetic,2
platform,2
trade,2
low,2
sev,2
significance,2
accept,2
christopher,2
kane,2
pos,2
general,2
provides,2
agri,2
floral,2
evolutionary,2
often,2
sig,2
do,2
tight,2
institution,2
ambrose,2
immigration,2
smaller,2
mississipian,2
marilyn,2
suspected,2
select,2
fewer,2
slow,2
who,2
excluding,2
establish,2
archeobotany,2
isotopically,2
merwe,2
pity,2
unusual,2
hierarchical,2
implications,2
susan,2
earliest,2
freshwater,2
springfield,2
protracted,2
mentioned,2
extensive,2
log,2
nutritional,2
discrete,2
set,2
poten,2
know,2
ni,2
cemetery,2
steven,2
consum,2
monotonous,2
anthropol,2
current,2
wagner,2
colla,2
particularly,2
powell,2
jg,2
vey,2
emerges,2
correlate,2
alabama,2
what,2
economy,2
combined,2
yarnell,2
them,2
form,2
ent,2
particular,2
theory,2
prestige,2
calhoun,2
produce,2
balance,2
ideal,2
archaeometry,2
diagenesis,2
classes,2
adopcion,2
uniform,2
introduced,2
dee,2
devel,2
november,2
fossil,2
subject,2
transition,2
conventional,2
edta,2
precision,2
mica,2
wild,2
formation,2
differentiation,2
finding,2
national,2
ently,2
approximately,2
include,2
sur,2
spectrometry,2
weber,2
tamsin,2
patricia,2
store,2
sharing,2
evi,2
given,2
dental,2
immediately,2
among,2
showed,2
parison,2
nicholas,1
bul,1
knolls,1
frequent,1
scepter,1
conard,1
rate,1
resolve,1
sussex,1
miller,1
lem,1
behavioural,1
common,1
estimated,1
serpent,1
preservatives,1
suc,1
mimic,1
emerson,1
commitment,1
proporciones,1
weeding,1
soci,1
arrive,1
northeast,1
quent,1
durante,1
starts,1
titterington,1
notably,1
originate,1
distributed,1
jerome,1
expect,1
needed,1
mesoamerica,1
tematic,1
speculated,1
comprised,1
carbono,1
integrity,1
denied,1
san,1
findon,1
tend,1
essays,1
tures,1
sticking,1
tors,1
true,1
sets,1
ingrid,1
nuts,1
approaches,1
intracom,1
notched,1
compilation,1
boulder,1
pequenas,1
loca,1
ondary,1
reasonably,1
hair,1
trace,1
necessarily,1
organic,1
osteological,1
unlike,1
amaranth,1
cahue,1
em,1
alongside,1
pipes,1
finely,1
something,1
causes,1
diversity,1
physiologi,1
distilled,1
vegetation,1
contexts,1
lieu,1
laura,1
norton,1
test,1
predominantly,1
clarifying,1
gail,1
combustion,1
notre,1
anthropogenic,1
consistent,1
charnel,1
ingestion,1
fraction,1
else,1
fcj,1
provenientes,1
explaining,1
undermine,1
cumstances,1
modest,1
hence,1
algu,1
confident,1
certainly,1
indigena,1
roman,1
lowed,1
cinco,1
concentrated,1
contrasted,1
rapid,1
attempt,1
sub,1
emerged,1
revolutionary,1
shortage,1
rindos,1
stemmed,1
elpresente,1
experiments,1
andrzej,1
containing,1
attractive,1
denmund,1
sup,1
excavating,1
leading,1
assess,1
broadly,1
together,1
highland,1
sissippianization,1
flotation,1
reasons,1
turnover,1
farmers,1
forhandligar,1
potentially,1
rich,1
producing,1
dominantly,1
link,1
letin,1
brian,1
dur,1
intercambio,1
alimento,1
environ,1
resulting,1
take,1
styles,1
achieved,1
jill,1
biogenic,1
strength,1
persistence,1
fractions,1
consist,1
written,1
miles,1
entierros,1
richmond,1
incluyen,1
political,1
complicated,1
vincas,1
somewhat,1
ity,1
domestic,1
threshold,1
worldwide,1
insti,1
contents,1
majority,1
issue,1
effigy,1
est,1
noreen,1
milner,1
ascribed,1
sel,1
strati,1
tieszen,1
rossen,1
bird,1
bur,1
caroliniana,1
capacity,1
motion,1
anthropolog,1
conflo,1
repre,1
wast,1
firm,1
demography,1
fractionation,1
jack,1
vol,1
holocene,1
prior,1
sexo,1
eas,1
approx,1
condition,1
cap,1
slight,1
loads,1
taxation,1
obvious,1
consumed,1
den,1
whatever,1
desired,1
point,1
mater,1
except,1
infer,1
rela,1
timothy,1
sent,1
fur,1
household,1
overlooking,1
genetic,1
compo,1
diaphyseal,1
anticipated,1
along,1
particulares,1
inally,1
brose,1
dentro,1
unrecognized,1
ous,1
behavior,1
complicating,1
controlled,1
nessen,1
elledge,1
repeatedly,1
estudio,1
interments,1
craniometry,1
thus,1
iron,1
ceram,1
stratigraphically,1
review,1
differential,1
reservoir,1
eras,1
relationships,1
cortical,1
oily,1
ute,1
ogy,1
geochemistry,1
lakes,1
confluoruro,1
kills,1
quality,1
pretreatment,1
calculated,1
due,1
intensificacion,1
tables,1
september,1
unpublished,1
utilized,1
sumers,1
neighbors,1
patchy,1
characteristic,1
acceso,1
mixed,1
frankfort,1
ethnobotanical,1
altas,1
dame,1
nas,1
writ,1
smiling,1
exam,1
meyer,1
dick,1
nents,1
kind,1
taste,1
dis,1
disguises,1
popularization,1
nelson,1
levies,1
economical,1
developments,1
orig,1
ation,1
symposium,1
posterior,1
pathologic,1
tempranas,1
asterisk,1
amount,1
back,1
ately,1
contrary,1
dimensional,1
houses,1
radio,1
graphically,1
relacionados,1
compared,1
engen,1
lynne,1
truly,1
dation,1
determinations,1
locales,1
scenic,1
storage,1
whelmingly,1
instruments,1
look,1
lapatite,1
wet,1
sun,1
traditions,1
eurasian,1
asad,1
adult,1
traits,1
pronounced,1
paleoecological,1
error,1
associations,1
rent,1
exten,1
oxford,1
via,1
serial,1
interesting,1
mea,1
oeste,1
topic,1
vivo,1
whose,1
deviations,1
reflects,1
predicted,1
basil,1
acid,1
exact,1
links,1
purely,1
curator,1
main,1
absent,1
cleaned,1
diffusion,1
fusion,1
vators,1
bot,1
af,1
culminating,1
teresa,1
environments,1
inconsistently,1
persistent,1
supplement,1
connected,1
sarah,1
viewed,1
sacrificed,1
direct,1
balanced,1
icant,1
ongoing,1
benjamin,1
pages,1
pathologies,1
stein,1
black,1
white,1
confi,1
space,1
mediate,1
gathering,1
shell,1
forced,1
raymond,1
wash,1
reason,1
references,1
tissue,1
polyvinyl,1
boxplot,1
acetone,1
dering,1
facilitated,1
plus,1
varios,1
rib,1
biased,1
cause,1
consider,1
fast,1
dwight,1
oping,1
retained,1
birdsell,1
organized,1
yellow,1
slowly,1
fish,1
elsewhere,1
driven,1
loess,1
separating,1
jersey,1
sheer,1
femoral,1
northeastern,1
too,1
profile,1
mixtures,1
verano,1
exclu,1
tein,1
lg,1
epidemiologic,1
dept,1
gustos,1
tados,1
enzymatic,1
temporaneous,1
predates,1
organisation,1
obstacles,1
organi,1
coldgeno,1
preferably,1
pology,1
archeological,1
plenum,1
restriction,1
intracommu,1
principios,1
dominant,1
vantaged,1
undermin,1
appear,1
hordeola,1
disappeared,1
estos,1
experimentation,1
hours,1
uti,1
diachronic,1
expressed,1
acceptable,1
krueger,1
concentration,1
bearing,1
tra,1
societies,1
holds,1
carrying,1
acknowledgments,1
plot,1
eh,1
discoidal,1
ubelaker,1
viduals,1
ofethno,1
sowing,1
economics,1
demands,1
paleodietary,1
international,1
lineage,1
strates,1
endeavor,1
emerge,1
persist,1
eat,1
baikal,1
possibility,1
popu,1
density,1
ranking,1
requerimientos,1
economia,1
equal,1
focused,1
war,1
turnland,1
hanson,1
duced,1
recently,1
cannot,1
meet,1
applied,1
inicial,1
excellent,1
younger,1
tracer,1
russell,1
andre,1
wide,1
destacan,1
confirman,1
sparse,1
improve,1
kathryn,1
claassen,1
ularity,1
hierarchies,1
almost,1
oped,1
enrichment,1
knyf,1
distinguish,1
marsh,1
distinc,1
liable,1
bc,1
inferred,1
scope,1
received,1
imports,1
tool,1
nificantly,1
characteri,1
reinvestigation,1
conse,1
mented,1
characterization,1
simms,1
su,1
london,1
edad,1
doyon,1
norm,1
juveniles,1
kristen,1
proportions,1
knowledge,1
overlay,1
unexcavated,1
farmstead,1
abdel,1
olsson,1
aged,1
dligar,1
ten,1
surprise,1
copyright,1
gies,1
q,1
consistently,1
intermediate,1
nubian,1
issues,1
broad,1
partly,1
jo,1
actually,1
precontact,1
cluster,1
structures,1
subse,1
todos,1
mcgim,1
demon,1
comunidad,1
porotic,1
away,1
nitro,1
tification,1
surrounding,1
ously,1
employed,1
radon,1
differentially,1
achieving,1
terly,1
preparation,1
arrangements,1
artifact,1
spectrometer,1
interpreted,1
horizon,1
memoirs,1
herve,1
investigo,1
following,1
graduate,1
johan,1
sampled,1
arkansas,1
politi,1
tution,1
analizaron,1
diversion,1
solution,1
selec,1
belated,1
valles,1
tom,1
phalaris,1
unexpected,1
reliable,1
stafford,1
instrumentation,1
lized,1
order,1
homogenous,1
sonal,1
xue,1
sharp,1
involved,1
gases,1
turalists,1
family,1
quantification,1
intervals,1
eco,1
mineral,1
consensus,1
finnegan,1
biologically,1
vation,1
zea,1
oro,1
tastier,1
invaluable,1
massachusetts,1
mests,1
climate,1
distinguished,1
subgroup,1
cur,1
sey,1
ecuador,1
dem,1
always,1
couple,1
richness,1
interpreta,1
ington,1
laproteina,1
dependent,1
sumed,1
pva,1
mouths,1
postmortem,1
newly,1
tuscaloos,1
provided,1
cercanos,1
increments,1
settle,1
rest,1
cating,1
gordon,1
extiende,1
andlisis,1
seemed,1
content,1
barbara,1
sistence,1
gayle,1
ameri,1
inset,1
critical,1
trends,1
soaking,1
led,1
duce,1
second,1
ranging,1
situation,1
fortunate,1
gan,1
chains,1
steady,1
minor,1
parece,1
clara,1
variety,1
confirms,1
quar,1
accompa,1
accor,1
indicative,1
lev,1
synthesis,1
lag,1
bigel,1
limited,1
brief,1
harris,1
pruebas,1
tropical,1
reduce,1
converted,1
suggestion,1
ponent,1
harry,1
dmales,1
make,1
ice,1
fisiologicas,1
lb,1
movement,1
fueron,1
hold,1
nutritive,1
parker,1
consump,1
spectacular,1
highl,1
hoe,1
metric,1
ubiquity,1
communications,1
communities,1
kent,1
yet,1
kindly,1
abundances,1
tissues,1
pee,1
represents,1
switching,1
lasfechas,1
detectable,1
gins,1
morgan,1
triumvirate,1
mobile,1
fifth,1
strontium,1
periodos,1
temperate,1
specimens,1
perceived,1
northwest,1
compiled,1
unwin,1
presentan,1
sume,1
botany,1
informal,1
light,1
cantidades,1
experimental,1
biodistance,1
outlined,1
viously,1
switch,1
implica,1
robust,1
excellence,1
lactation,1
already,1
boiling,1
confirmed,1
ferent,1
denis,1
reliance,1
mejor,1
weaning,1
baby,1
liang,1
phyllis,1
agricul,1
skeletons,1
fill,1
sam,1
alteration,1
obvi,1
lewis,1
successfully,1
unreliable,1
prepa,1
heritage,1
erence,1
coming,1
power,1
death,1
approaching,1
preferences,1
avail,1
drink,1
varies,1
put,1
stud,1
hare,1
projects,1
water,1
analytical,1
sified,1
delcourt,1
cultivated,1
fact,1
pological,1
ley,1
fundamental,1
storing,1
scholars,1
revolution,1
causa,1
gested,1
frances,1
abdala,1
steventon,1
seasonality,1
attempting,1
ble,1
arisen,1
enable,1
nied,1
really,1
vernon,1
culti,1
largo,1
gray,1
relacion,1
redmond,1
nonmetric,1
feasting,1
advantageous,1
succeeding,1
konigsberg,1
utilize,1
serious,1
fragments,1
forag,1
ages,1
conclusions,1
took,1
undertak,1
drinking,1
rinsing,1
nity,1
hypoth,1
model,1
nicolas,1
tuviera,1
trabecular,1
non,1
dred,1
hastorf,1
unclear,1
lion,1
pick,1
coincided,1
dance,1
riley,1
individu,1
origin,1
cir,1
focusing,1
acetate,1
sivo,1
intensify,1
urea,1
reconstructing,1
flint,1
controversy,1
mummy,1
cul,1
como,1
oseo,1
idmales,1
remove,1
klasson,1
dieta,1
original,1
ecol,1
understanding,1
distribucion,1
investigated,1
missionary,1
hazel,1
lost,1
examples,1
mays,1
treated,1
organisms,1
stuck,1
slaves,1
indicat,1
diferencias,1
detailed,1
sufficiently,1
strongest,1
manifestations,1
incluso,1
hrs,1
immedi,1
hydroxy,1
cranial,1
tinues,1
reynier,1
clearance,1
incorpo,1
pref,1
reagent,1
questions,1
exhibited,1
exchange,1
actual,1
yearbook,1
raising,1
option,1
strikingly,1
office,1
samuel,1
reinforcing,1
theoretical,1
continuities,1
excava,1
finally,1
downriver,1
fogel,1
ties,1
man,1
engender,1
lacustrine,1
peripheral,1
intru,1
points,1
interbirth,1
co,1
august,1
ulations,1
divisions,1
tubes,1
tim,1
isotopos,1
him,1
ingful,1
played,1
collected,1
stresses,1
spanning,1
pyramidal,1
addi,1
practiced,1
proximity,1
probable,1
standard,1
chicha,1
contrastados,1
repeated,1
signif,1
payment,1
ture,1
tionship,1
margin,1
geochimia,1
valued,1
skele,1
problems,1
article,1
leaves,1
chenopod,1
posiblemente,1
ribs,1
glenn,1
experiencing,1
enabled,1
stand,1
respectively,1
upwardly,1
examine,1
nei,1
reli,1
belemnite,1
hedges,1
hunters,1
percent,1
lynott,1
sug,1
differ,1
pathway,1
mund,1
ate,1
southwest,1
adaptations,1
northern,1
versus,1
saw,1
ular,1
neg,1
nomic,1
jerry,1
green,1
trib,1
basically,1
pottery,1
berlandieri,1
resul,1
rsli,1
normal,1
strate,1
encompassing,1
indige,1
widely,1
division,1
applies,1
species,1
supplemental,1
antoinette,1
transi,1
increasing,1
genesis,1
farm,1
phytogeographical,1
crete,1
unsuc,1
esta,1
para,1
establecio,1
bloomington,1
peers,1
flower,1
pres,1
raise,1
note,1
sealed,1
fairly,1
george,1
provide,1
usually,1
burkemper,1
siberia,1
practical,1
rough,1
sification,1
paleodemographic,1
sec,1
widespread,1
tify,1
multi,1
spp,1
becomes,1
lugar,1
experimenting,1
collections,1
tive,1
strongly,1
force,1
lations,1
nuevo,1
effectively,1
tooth,1
thirteen,1
position,1
sequences,1
relevant,1
remaining,1
recognize,1
lucas,1
horticul,1
life,1
humic,1
solano,1
exclude,1
fe,1
united,1
dead,1
supporting,1
alimentos,1
detection,1
types,1
fields,1
itself,1
uso,1
contrario,1
ano,1
shift,1
investigate,1
phe,1
beans,1
meant,1
biology,1
considered,1
bdsico,1
sara,1
experimentally,1
addressed,1
stephen,1
dissertation,1
school,1
ration,1
variable,1
jectories,1
outlier,1
suite,1
tendencia,1
lessons,1
formity,1
conclusion,1
accordance,1
preclude,1
ingid,1
isotopo,1
circumstances,1
measurements,1
terns,1
complexes,1
orlando,1
demonstrate,1
simply,1
locality,1
ever,1
resultado,1
dimorphism,1
reinforced,1
bioarchaeological,1
forhan,1
gert,1
offered,1
occurrences,1
md,1
prob,1
datan,1
text,1
fertility,1
pregnancy,1
quaternary,1
secretion,1
jefferson,1
colorado,1
modeling,1
coincides,1
darwinian,1
ran,1
natural,1
continental,1
chapman,1
tomb,1
expanding,1
sizes,1
clas,1
prominence,1
ph,1
starchy,1
ineralization,1
mariotti,1
report,1
fol,1
dennis,1
harvest,1
siglos,1
grant,1
linked,1
bun,1
speculation,1
atively,1
explicaciones,1
constant,1
historical,1
distinctive,1
antiq,1
anomalous,1
u,1
correlated,1
assessment,1
masters,1
pathological,1
risky,1
evident,1
person,1
exca,1
bien,1
mcel,1
qualitatively,1
tambien,1
animal,1
ologists,1
stature,1
sexual,1
eve,1
hombres,1
according,1
experi,1
inhabitants,1
unique,1
spatial,1
physiology,1
whether,1
selected,1
ion,1
making,1
accounts,1
axedental,1
stun,1
lane,1
noticeable,1
dfemales,1
artifactual,1
map,1
domesticate,1
sively,1
ies,1
densities,1
her,1
utilitarian,1
world,1
aver,1
information,1
archaeobotantical,1
ori,1
observations,1
agreed,1
almacenaje,1
port,1
categories,1
chillicothe,1
ses,1
size,1
haps,1
kn,1
ticulture,1
vista,1
presented,1
ples,1
occasionally,1
necessity,1
preserved,1
northwestern,1
recognition,1
pits,1
prehis,1
nomenon,1
outlying,1
osteoarchaeology,1
ial,1
fluviales,1
atmospheric,1
undertaken,1
confirm,1
centro,1
cations,1
lafemalesi,1
tried,1
situated,1
measure,1
cb,1
ceding,1
kingston,1
viding,1
copper,1
equipped,1
mitigation,1
families,1
qualitative,1
phenomenon,1
indians,1
foodwebs,1
allows,1
exploit,1
westcentral,1
nous,1
sistema,1
cornerand,1
childhood,1
recovered,1
archaeobotany,1
varied,1
cuivre,1
relates,1
uk,1
prepared,1
cp,1
cheryl,1
variacion,1
lone,1
fortier,1
models,1
recording,1
experimen,1
instructive,1
locations,1
influenced,1
lands,1
disposal,1
alguna,1
unexpectedly,1
ticultural,1
decrease,1
michi,1
sought,1
piecemeal,1
washington,1
diagen,1
hun,1
sumably,1
aspectos,1
salt,1
suffers,1
enabling,1
hunter,1
need,1
goosefoot,1
horti,1
electrode,1
surements,1
posibles,1
dilute,1
disad,1
ier,1
disintegrated,1
modeled,1
france,1
you,1
contamination,1
attempted,1
discounted,1
cost,1
bigger,1
impacted,1
spectroscopic,1
roughly,1
roles,1
enclosed,1
thousand,1
supported,1
barry,1
removed,1
ethnogra,1
ser,1
ics,1
pathways,1
podria,1
bottoms,1
hills,1
succeeded,1
tified,1
communi,1
sequent,1
partial,1
maximum,1
exclusively,1
interaction,1
pat,1
uity,1
munally,1
focus,1
spectroscopy,1
zones,1
ini,1
building,1
southeastern,1
ca,1
tus,1
cited,1
starr,1
gold,1
hyperostosis,1
els,1
