WORDCOUNTS,WEIGHT
the,613
of,548
and,501
in,318
a,214
to,160
ohio,138
hopewell,132
from,130
at,120
that,114
as,94
or,90
by,86
with,86
is,69
mound,64
are,63
seip,63
for,61
an,55
these,54
were,54
be,52
this,49
may,48
have,48
site,46
was,46
other,45
social,45
political,44
not,43
been,42
pp,38
fort,37
edited,37
on,37
corporate,35
burial,35
turner,35
it,34
american,33
such,33
than,31
no,31
i,29
sites,29
ancient,29
strategies,28
large,27
southwestern,27
items,27
found,27
which,27
craft,27
production,26
textiles,26
burials,26
ceremonial,24
more,24
copper,24
group,23
one,23
two,23
antiquity,23
but,22
also,22
archaeological,22
they,21
their,21
exclusionary,21
variation,21
figure,21
between,21
materials,20
among,20
j,19
there,19
within,19
moiety,19
al,19
would,19
university,19
fabric,18
enclosure,18
exotic,17
et,17
power,17
new,17
mounds,17
while,17
has,16
m,16
historical,16
evidence,16
labor,15
some,15
ritual,15
economies,15
textile,15
centers,15
columbus,15
number,15
greber,15
over,15
willoughby,15
robert,14
con,14
appear,14
status,14
suggests,14
c,14
greenman,13
those,13
leadership,13
noted,13
individuals,13
contained,13
presence,13
form,13
both,13
hilltop,13
consistent,12
central,12
had,12
appears,12
placed,12
structures,12
hopewellian,12
made,12
christopher,12
obsidian,12
analysis,12
dual,12
associated,12
each,12
through,12
s,11
state,11
human,11
de,11
clay,11
york,11
t,11
view,11
place,11
enclosures,11
small,11
fragments,11
patterns,11
use,11
three,11
animal,11
middle,11
multiple,11
although,11
d,11
carr,11
charles,11
north,11
into,10
being,10
great,10
case,10
richard,10
behavior,10
rather,10
his,10
most,10
recovered,10
prehistoric,10
societies,10
woodland,10
suggest,10
society,10
horned,10
only,10
areas,10
feasting,10
another,10
similar,10
ing,10
per,9
differences,9
strategy,9
p,9
reflect,9
south,9
located,9
above,9
museum,9
material,9
headdresses,9
period,9
segments,9
ruhl,9
archaeology,9
enclo,9
different,9
area,9
groups,8
geometric,8
cordage,8
moorehead,8
journal,8
altar,8
possibly,8
dates,8
f,8
various,8
community,8
culture,8
lack,8
deposits,8
described,8
so,8
do,8
probably,8
often,8
very,8
whether,8
emphasis,8
earthworks,8
should,8
does,7
tion,7
western,7
contexts,7
all,7
context,7
ear,7
symbols,7
warren,7
same,7
cultural,7
orientation,7
near,7
work,7
artifacts,7
twined,7
ann,7
field,7
around,7
several,7
will,7
members,7
paul,7
outside,7
identity,7
significant,7
high,7
k,7
blanton,7
inside,7
construction,7
basins,7
local,7
if,6
first,6
might,6
kent,6
gary,6
together,6
activity,6
given,6
amount,6
cult,6
ceramics,6
arbor,6
gathering,6
greater,6
out,6
having,6
smithsonian,6
research,6
using,6
activities,6
about,6
organizations,6
many,6
time,6
michael,6
upon,6
evolution,6
clear,6
individual,6
graves,6
pro,6
structure,6
quarterly,6
indicate,6
harness,6
membership,6
shetrone,6
natural,6
phd,6
warp,6
troy,6
contain,6
com,6
connolly,6
bradley,6
tions,6
underworld,6
average,6
roughly,6
much,6
common,5
later,5
e,5
center,5
complex,5
history,5
archae,5
implications,5
designs,5
effigy,5
eastern,5
quantities,5
feinman,5
representing,5
hierarchy,5
bone,5
fabrics,5
excavations,5
b,5
special,5
distant,5
organization,5
n,5
w,5
show,5
plates,5
painted,5
access,5
pre,5
engraved,5
can,5
information,5
network,5
data,5
part,5
actors,5
its,5
people,5
personal,5
employed,5
showing,5
workshops,5
notes,5
economic,5
synthesis,5
pricer,5
single,5
under,5
colored,5
communal,5
present,5
langlois,5
mortuary,5
ties,5
features,5
exchange,5
james,5
differ,5
chillicothe,5
southwest,5
covered,5
deposit,5
considered,5
any,5
symbolic,5
known,5
clan,5
type,5
william,5
prestige,5
world,5
baldia,5
potential,5
major,5
o,4
serpent,4
represent,4
red,4
debris,4
tend,4
stone,4
h,4
studies,4
total,4
sionary,4
davis,4
containing,4
cords,4
potentially,4
henry,4
debitage,4
system,4
curated,4
masked,4
america,4
explorations,4
far,4
along,4
canopy,4
against,4
g,4
david,4
y,4
main,4
edward,4
edwin,4
study,4
creek,4
locally,4
section,4
exclu,4
additional,4
generally,4
important,4
suggested,4
my,4
based,4
basin,4
circular,4
outlined,4
because,4
well,4
basis,4
egalitarian,4
used,4
apparent,4
dietler,4
lifeways,4
artifact,4
interpreted,4
few,4
mantle,4
results,4
barbara,4
paint,4
eral,4
competition,4
yet,4
interpretation,4
complementary,4
department,4
reports,4
regional,4
als,4
grave,4
larger,4
model,4
less,4
indiana,4
scioto,4
including,4
overlap,4
peter,4
divisions,4
systems,4
institution,4
sometimes,4
embankment,4
who,4
seen,4
markers,4
miami,4
spun,4
intensification,4
alternative,4
dimension,4
sure,4
believe,4
cognitive,4
cal,4
produce,4
level,4
code,4
recognition,4
little,4
city,4
despite,4
weft,4
cambridge,4
consumption,4
association,4
increased,4
early,4
resist,4
woven,3
antler,3
empha,3
ways,3
solidarity,3
modern,3
position,3
source,3
offering,3
themes,3
either,3
torical,3
attempt,3
worked,3
cent,3
nature,3
suggesting,3
display,3
simple,3
seeman,3
mills,3
ences,3
brian,3
take,3
cowan,3
platforms,3
ber,3
nal,3
domestic,3
buri,3
papers,3
crystal,3
plain,3
matthew,3
bones,3
design,3
placement,3
possible,3
west,3
point,3
quantity,3
realistic,3
fragment,3
ross,3
quality,3
since,3
tripartite,3
expected,3
concentrations,3
elements,3
six,3
even,3
apparently,3
adult,3
tained,3
higher,3
elaborate,3
uni,3
absent,3
across,3
how,3
bifaces,3
white,3
rit,3
space,3
objects,3
katharine,3
morgan,3
four,3
beyond,3
theory,3
cut,3
raw,3
dyeing,3
inter,3
cremated,3
versity,3
population,3
scale,3
required,3
kathryn,3
douglas,3
received,3
los,3
anthropological,3
proportions,3
christel,3
positions,3
description,3
during,3
cluster,3
includ,3
thread,3
asymmetries,3
excavated,3
indi,3
order,3
contrast,3
settlement,3
ological,3
soci,3
annual,3
when,3
ial,3
deer,3
knowledge,3
marked,3
therefore,3
turquoise,3
inch,3
cosmological,3
toward,3
nearly,3
frank,3
communities,3
archaeologist,3
peregrine,3
nonlocal,3
restricted,3
subset,3
perspectives,3
ethnographic,3
floor,3
baby,3
ceramic,3
sis,3
mark,3
water,3
fact,3
shows,3
plan,3
never,3
took,3
plate,3
wimberley,3
where,3
layers,3
perhaps,3
hamilton,3
grouping,3
examples,3
office,3
washington,3
trade,3
low,3
tiles,3
discovered,3
tail,3
amounts,3
times,3
like,3
midcontinental,3
cache,3
distinction,3
after,3
renewal,3
costume,3
versus,3
pottery,3
cen,3
gen,3
imply,3
note,3
provide,3
pieces,3
hill,3
sures,3
examine,3
expectations,3
moieties,3
types,3
ual,3
peoples,3
temporal,3
control,3
specialized,3
steven,3
seem,3
dyed,3
current,3
report,3
post,3
obsid,3
tex,3
places,3
altars,3
economy,3
spatial,3
them,3
selected,3
references,3
maintain,3
squier,3
densities,3
her,3
complexity,3
virginia,3
upper,3
earthwork,3
size,3
press,3
song,3
images,3
evidenced,3
mica,3
habitantes,3
locations,3
ence,3
numerous,3
include,3
chronology,3
socially,3
specialists,3
earthen,3
km,3
themselves,3
sherds,3
strong,3
dif,3
built,3
carved,2
ments,2
rate,2
stylistic,2
conjoined,2
commentary,2
integrating,2
environmental,2
resulted,2
college,2
legitimate,2
repre,2
caches,2
church,2
incorporated,2
authority,2
hoarding,2
spool,2
completely,2
sunderhaus,2
cycles,2
excavation,2
ian,2
finely,2
princeton,2
hydration,2
lower,2
winnebago,2
estimated,2
pupa,2
sources,2
bly,2
identifying,2
car,2
originally,2
taken,2
maslowski,2
sub,2
humans,2
actual,2
secondary,2
belong,2
highland,2
undertake,2
thank,2
analyses,2
spaced,2
inherent,2
cheunsoon,2
half,2
help,2
date,2
mammalian,2
opposite,2
moi,2
somewhat,2
el,2
similarities,2
strat,2
bur,2
behavioral,2
primary,2
mass,2
twist,2
oberting,2
logical,2
ered,2
prehispanic,2
moseley,2
apart,2
variations,2
mater,2
rela,2
timothy,2
cere,2
spicuous,2
collection,2
mid,2
ranked,2
acres,2
scales,2
differential,2
que,2
relationships,2
dynamics,2
development,2
calculated,2
due,2
resembling,2
medio,2
scarce,2
trench,2
petrographic,2
southern,2
tucson,2
materially,2
affilia,2
lamellar,2
dis,2
ossuaries,2
distinct,2
nor,2
marriage,2
body,2
serving,2
materi,2
ety,2
chimeras,2
look,2
general,2
understood,2
equal,2
walls,2
interesting,2
simultaneously,2
christo,2
drainages,2
ater,2
square,2
process,2
risk,2
earlier,2
helms,2
support,2
raymond,2
means,2
changes,2
esoteric,2
acquisition,2
finer,2
monumental,2
tensions,2
river,2
descent,2
intensive,2
yellow,2
just,2
dominate,2
traces,2
house,2
slate,2
lithic,2
ques,2
monial,2
peabody,2
flakes,2
coon,2
discouraging,2
drawing,2
oblique,2
dc,2
iconography,2
chrome,2
hours,2
result,2
allow,2
could,2
pher,2
seven,2
events,2
ceram,2
density,2
pointing,2
rectangular,2
buried,2
skilled,2
aspects,2
treat,2
produced,2
nitive,2
applied,2
estimate,2
wealth,2
approached,2
exploration,2
public,2
sodality,2
impression,2
directly,2
none,2
charred,2
sity,2
bounded,2
bal,2
tool,2
del,2
prominent,2
county,2
symbolism,2
sta,2
broad,2
accumulation,2
survey,2
rituals,2
surrounding,2
indianapolis,2
count,2
regions,2
earth,2
depicting,2
gateway,2
change,2
published,2
least,2
working,2
wearer,2
ward,2
leaves,2
confer,2
portions,2
optical,2
fully,2
cincinnati,2
jakes,2
fiber,2
mechanism,2
chronological,2
blanket,2
noncremated,2
morphology,2
likely,2
ical,2
exterior,2
polished,2
identified,2
comparative,2
elizabeth,2
still,2
interactions,2
rites,2
examined,2
cor,2
whose,2
included,2
coarsely,2
rabbit,2
archeology,2
largest,2
lynne,2
spatially,2
fill,2
successfully,2
mantles,2
technique,2
provenience,2
similarly,2
efforts,2
abstract,2
possi,2
anthro,2
pattern,2
discussed,2
glotzhober,2
sullivan,2
anthropologist,2
forms,2
adjacent,2
v,2
remarkable,2
clusters,2
en,2
cog,2
see,2
yarn,2
necessary,2
paired,2
como,2
corpo,2
anticipate,2
wrapped,2
bulletin,2
regarding,2
able,2
divided,2
discovery,2
range,2
prohibition,2
represented,2
assigns,2
region,2
quan,2
mm,2
tive,2
previously,2
manifestations,2
herbich,2
top,2
entirely,2
earspools,2
emphasize,2
ulna,2
egy,2
harvard,2
engaged,2
examination,2
radiocarbon,2
eight,2
platform,2
accessed,2
decorated,2
maintenance,2
interpret,2
mississippian,2
plant,2
statistically,2
am,2
lie,2
tities,2
ted,2
preservation,2
black,2
martin,2
thomas,2
article,2
become,2
interpretations,2
nonmortuary,2
artisans,2
sug,2
workshop,2
we,2
tendency,2
investigations,2
chert,2
la,2
division,2
colorants,2
akron,2
amanda,2
behaviors,2
pres,2
tremper,2
fairly,2
continuing,2
headdress,2
sitos,2
ideology,2
select,2
vertical,2
directions,2
poly,2
collections,2
category,2
crosscutting,2
komorowski,2
life,2
erative,2
fe,2
existed,2
fall,2
hope,2
respect,2
creatures,2
face,2
remains,2
quartz,2
fac,2
detail,2
plies,2
magnitude,2
practice,2
prohibited,2
ters,2
incised,2
finest,2
detect,2
log,2
phillips,2
earle,2
set,2
highly,2
anthropology,2
cemetery,2
porate,2
did,2
unknown,2
prominence,2
organiza,2
then,2
goods,2
masks,2
reflected,2
hilltops,2
pit,2
antiq,2
thompson,2
works,2
table,2
segmented,2
consisted,2
heads,2
embankments,2
dearborn,2
unique,2
ion,2
twisted,2
particular,2
lane,2
males,2
map,2
coop,2
temporally,2
distribution,2
require,2
cloth,2
almost,2
martha,2
researchers,2
preserved,2
entire,2
age,2
reported,2
kin,2
regulate,2
jour,2
putnam,2
contribute,2
aspect,2
contrasts,2
come,2
question,2
shown,2
potter,2
electronic,2
disembedded,2
burnt,2
blage,2
instead,2
smaller,2
involving,2
engraving,2
archaic,2
comparison,2
flora,2
observation,2
specific,2
ics,2
patricia,2
sharing,2
gainesville,2
enclose,2
substantial,2
occur,2
valley,2
evi,2
uity,2
duction,2
organizational,2
taylor,2
recent,2
cross,2
sent,2
tus,2
arizona,2
interlaced,2
eties,2
assem,2
bul,1
final,1
difficult,1
contacts,1
entities,1
margins,1
now,1
amplify,1
mostly,1
brumfiel,1
lation,1
obligations,1
oriented,1
enticements,1
implemented,1
way,1
photographic,1
popula,1
names,1
emerson,1
panpipes,1
crowds,1
everyone,1
extreme,1
northeast,1
alone,1
durante,1
adoption,1
unusual,1
introduction,1
stands,1
junker,1
connecticut,1
passing,1
sitios,1
nental,1
colourants,1
settlements,1
speculated,1
interior,1
asymmetrically,1
traded,1
kinds,1
tinctive,1
importantes,1
essays,1
designed,1
prevented,1
join,1
tures,1
true,1
sets,1
sumptuary,1
rewards,1
rounded,1
centration,1
bias,1
union,1
additionally,1
easily,1
favor,1
chacoan,1
ilahita,1
realities,1
loca,1
tied,1
conclusive,1
classify,1
subsets,1
occurred,1
inequality,1
replicate,1
individually,1
impediments,1
idealizes,1
pots,1
communicating,1
thematic,1
coo,1
archaeo,1
claire,1
descriptions,1
sequential,1
character,1
trometry,1
lineas,1
negative,1
cutting,1
fluctuations,1
gesting,1
proxemic,1
nized,1
explaining,1
permit,1
undermine,1
familiarity,1
specifically,1
certainly,1
creation,1
connection,1
radiometrically,1
caddoan,1
entailed,1
household,1
munication,1
ii,1
give,1
colors,1
abound,1
asso,1
investments,1
pictured,1
promoting,1
cathy,1
steadman,1
seems,1
liberty,1
words,1
corporativa,1
oblong,1
cial,1
preeminence,1
shaped,1
archaeologically,1
available,1
interred,1
stratigraphically,1
associa,1
appendages,1
lier,1
lessen,1
accompanied,1
increas,1
rich,1
admittedly,1
munal,1
mis,1
letin,1
closer,1
hundred,1
mississippi,1
composition,1
uncovered,1
renfrew,1
products,1
hypothesizes,1
real,1
reproduction,1
subsequent,1
sep,1
integrate,1
jill,1
wall,1
cosmologically,1
tangible,1
julie,1
quately,1
monopolistic,1
raised,1
regression,1
reserved,1
duality,1
ity,1
polit,1
cayapas,1
visibility,1
patterning,1
intermingled,1
offish,1
contents,1
faceless,1
ohi,1
posts,1
issue,1
side,1
est,1
theorizing,1
maroon,1
jane,1
imbal,1
anthropologists,1
bird,1
ethnos,1
continuum,1
clus,1
firm,1
agriculture,1
cated,1
ventures,1
shroud,1
jack,1
account,1
uneven,1
fins,1
distributing,1
ceme,1
probing,1
determined,1
enforcement,1
condition,1
paucity,1
reply,1
establishing,1
adopting,1
tently,1
solely,1
alter,1
october,1
move,1
strued,1
measuring,1
consumed,1
hair,1
unidentifiable,1
stratigraphy,1
mental,1
femur,1
inclosure,1
sinuous,1
ations,1
reflecting,1
supervision,1
processes,1
ideologically,1
pairs,1
resources,1
fur,1
cited,1
bowls,1
chera,1
reconstruction,1
converged,1
plied,1
protocol,1
interact,1
orthogonal,1
beneath,1
inally,1
measurement,1
brose,1
plowed,1
tional,1
pursuing,1
charnel,1
exist,1
implements,1
entation,1
mistake,1
ends,1
goal,1
thus,1
proscription,1
coun,1
review,1
chiefs,1
fayetteville,1
branching,1
offer,1
ahn,1
expect,1
blades,1
reverse,1
standing,1
explained,1
myth,1
immediate,1
precluding,1
pursue,1
initial,1
pursuit,1
particularizing,1
atomism,1
unpublished,1
arated,1
terraces,1
interest,1
orienta,1
adornment,1
expeditions,1
regarded,1
ability,1
moment,1
dia,1
mixed,1
unspecified,1
ern,1
havana,1
facet,1
grouped,1
cf,1
ray,1
lan,1
exam,1
sample,1
stained,1
century,1
resin,1
dence,1
comprised,1
z,1
spans,1
cations,1
exercise,1
reptilian,1
vjj,1
viewing,1
unity,1
rank,1
cases,1
adopted,1
orig,1
tabulation,1
tinguish,1
perspective,1
archaeol,1
refer,1
concerning,1
sized,1
disproportionately,1
structural,1
boundary,1
inclusion,1
cant,1
ample,1
stmcmres,1
allowing,1
mond,1
vie,1
earspool,1
grund,1
third,1
bag,1
canine,1
detecting,1
intersocietal,1
networks,1
acqui,1
tral,1
sci,1
weight,1
decora,1
geological,1
mul,1
uoooooojt,1
weaver,1
factions,1
application,1
unresolved,1
evidencia,1
ellipsoid,1
details,1
weave,1
arapesh,1
gest,1
sition,1
restricting,1
whichever,1
compromise,1
ment,1
poorly,1
incentive,1
posited,1
biface,1
mechanisms,1
ers,1
civilization,1
steps,1
landscapes,1
opposed,1
poor,1
via,1
propongo,1
colin,1
enclosed,1
vegetable,1
recognized,1
legitimation,1
selec,1
mask,1
without,1
lective,1
tiroom,1
redeposi,1
portrayed,1
performance,1
lessening,1
generations,1
remain,1
ply,1
sort,1
mountain,1
basic,1
landscape,1
junction,1
reference,1
twill,1
pilgrimages,1
midwest,1
necessi,1
wobst,1
una,1
depicts,1
tionships,1
dealt,1
proportion,1
connected,1
strands,1
entre,1
tionalize,1
classic,1
parts,1
ongoing,1
represents,1
contributions,1
assuming,1
tionship,1
sanctuary,1
antiguos,1
danger,1
lay,1
read,1
discoveries,1
animals,1
undyed,1
periodic,1
precious,1
supposed,1
shell,1
plaza,1
analy,1
wash,1
experimenting,1
modified,1
accounts,1
heredia,1
katherine,1
ciation,1
rattles,1
hairs,1
old,1
redeposited,1
bororo,1
varying,1
consider,1
hier,1
encourages,1
image,1
architec,1
restriction,1
dated,1
eschew,1
clearly,1
elsewhere,1
former,1
numbers,1
mary,1
germane,1
ingrid,1
hierarchically,1
differs,1
however,1
frequently,1
ondary,1
prevent,1
periodically,1
solid,1
situations,1
influ,1
hammered,1
commonly,1
jacobson,1
commented,1
origins,1
surface,1
indications,1
cotton,1
comparisons,1
comprising,1
cost,1
ful,1
requires,1
mix,1
permanent,1
flippers,1
vit,1
decades,1
necessarily,1
molds,1
funda,1
thrust,1
uses,1
marriott,1
recog,1
recrimination,1
inten,1
shamanistic,1
chunks,1
affiliated,1
concentration,1
location,1
bearing,1
avenue,1
essenpreis,1
tural,1
wares,1
opposing,1
method,1
here,1
search,1
color,1
second,1
explanatory,1
typical,1
mineralogy,1
treatments,1
struc,1
relating,1
viduals,1
verenice,1
shared,1
austin,1
criticisms,1
mous,1
mistakenly,1
agendas,1
centrally,1
mesoamerican,1
symbolically,1
mobilization,1
multiples,1
ogy,1
constantly,1
spinning,1
struggles,1
thames,1
base,1
popu,1
midway,1
evaluate,1
creating,1
hispanic,1
sociol,1
fourth,1
ranking,1
ferentiation,1
equally,1
ric,1
stered,1
oklahoma,1
traits,1
unworked,1
imbalances,1
displayed,1
michigan,1
mate,1
duced,1
tools,1
viewed,1
recently,1
persons,1
intensity,1
tile,1
cannot,1
bret,1
exca,1
otherwise,1
fish,1
contesting,1
wj,1
metals,1
tension,1
colleges,1
dwelling,1
absolute,1
hay,1
surmised,1
sedentism,1
possibility,1
oped,1
expressions,1
ther,1
technical,1
coliseum,1
preparations,1
wx,1
pigs,1
hierarchies,1
kg,1
shaman,1
future,1
line,1
schortman,1
ethnographically,1
bolster,1
intercardinal,1
surcentral,1
role,1
blue,1
spiro,1
accu,1
claim,1
floodplain,1
adjuncts,1
episode,1
significantly,1
rat,1
begs,1
london,1
cleaning,1
competing,1
example,1
civil,1
reserve,1
andlisis,1
mentation,1
dinates,1
inorganic,1
nation,1
domi,1
penetrating,1
sociedades,1
effigies,1
tedrick,1
surprise,1
excavator,1
dozens,1
whole,1
year,1
literature,1
flint,1
overview,1
gies,1
politica,1
fit,1
consistently,1
volunteers,1
twin,1
bast,1
collective,1
blade,1
relevance,1
densely,1
long,1
perishable,1
olink,1
transported,1
interac,1
mated,1
away,1
formations,1
believes,1
systematic,1
predominance,1
preparation,1
monopoly,1
crosscuts,1
estrategia,1
ter,1
cop,1
strengthened,1
alliance,1
polity,1
feast,1
markedly,1
attributed,1
redistribution,1
laura,1
manipulation,1
refuse,1
rhavue,1
purposely,1
hopeton,1
foci,1
suzanne,1
politi,1
good,1
interregional,1
successful,1
hard,1
regardless,1
responsibility,1
fork,1
distances,1
jeske,1
nine,1
galena,1
politically,1
imposition,1
nial,1
sonal,1
catalog,1
emphasizes,1
standpoint,1
feasts,1
diagnostic,1
scopic,1
hence,1
bank,1
involved,1
heat,1
aban,1
buds,1
habitation,1
portraying,1
tivation,1
characteristics,1
june,1
purdue,1
accomplished,1
erected,1
pits,1
vation,1
depression,1
ton,1
thereby,1
convey,1
essentially,1
distinguished,1
attached,1
anthropos,1
texas,1
homogeneous,1
atomistic,1
tended,1
ent,1
philip,1
rately,1
inte,1
coloration,1
visible,1
ington,1
st,1
universities,1
politicas,1
headplates,1
florida,1
institu,1
preliminary,1
claude,1
directional,1
ninth,1
deboer,1
gordon,1
impor,1
invest,1
content,1
lend,1
inset,1
statuses,1
led,1
he,1
clermont,1
sail,1
quarry,1
adhering,1
approximate,1
impermeable,1
situation,1
devel,1
errors,1
attempts,1
promulgation,1
absence,1
quar,1
architecture,1
accompa,1
spools,1
journey,1
contended,1
scientific,1
populations,1
action,1
separation,1
carv,1
culturally,1
overall,1
expansion,1
effi,1
ances,1
tery,1
play,1
schemes,1
attenuate,1
inclusive,1
brief,1
glois,1
albany,1
fastened,1
reduce,1
elusive,1
converted,1
july,1
preferences,1
spectrometry,1
symmetry,1
indicates,1
curtain,1
manifest,1
rwputnamanoclmetz,1
builders,1
recreating,1
dle,1
va,1
lard,1
avian,1
braided,1
pegs,1
improper,1
rks,1
vicinity,1
once,1
layouts,1
glossy,1
criticism,1
accompaniments,1
elaboration,1
vided,1
aid,1
describe,1
investiture,1
rules,1
adrienne,1
acknowledgments,1
serve,1
sisted,1
message,1
sate,1
wearing,1
mobile,1
formally,1
ingly,1
jody,1
easing,1
ele,1
neither,1
signaling,1
oven,1
quanti,1
compiled,1
parte,1
tain,1
processing,1
home,1
indebted,1
belonged,1
orders,1
clothing,1
light,1
assistance,1
nificant,1
vidualizing,1
performed,1
wright,1
robust,1
ornamental,1
belonging,1
insights,1
unusually,1
lined,1
sheen,1
geidel,1
emerg,1
monopolized,1
sistent,1
consis,1
lee,1
lavish,1
perspec,1
retaliation,1
ihab,1
uncontested,1
tates,1
omission,1
fell,1
patron,1
others,1
fragmentation,1
death,1
tugare,1
typol,1
pointed,1
bined,1
l,1
stud,1
flat,1
rock,1
evalua,1
desiring,1
poli,1
corporately,1
demographic,1
missing,1
archaeologi,1
analytical,1
signified,1
anecdotal,1
averages,1
joyce,1
hibiting,1
midconti,1
asym,1
pological,1
treatment,1
head,1
frac,1
occurrence,1
penelope,1
wesley,1
romain,1
compound,1
appeared,1
depict,1
nied,1
diverse,1
dinal,1
rebuilt,1
emphatic,1
wholes,1
contemporary,1
bol,1
mold,1
considerable,1
pennsylvania,1
illustration,1
man,1
seldom,1
zoned,1
external,1
yerkes,1
honor,1
philippine,1
conclusions,1
precinct,1
tales,1
upham,1
threads,1
road,1
creature,1
intersite,1
obscures,1
developing,1
ically,1
existing,1
timing,1
accepted,1
establish,1
antagonistic,1
promot,1
ceremo,1
imaginary,1
fluctu,1
terly,1
por,1
disparity,1
focusing,1
uninten,1
sec,1
frequency,1
strauss,1
noncre,1
cul,1
shifts,1
chiefdoms,1
microtools,1
cremation,1
boat,1
elevation,1
polities,1
degree,1
exclusionarias,1
remained,1
subor,1
archization,1
thousands,1
imagine,1
original,1
demonstrated,1
tige,1
exhibit,1
implicaciones,1
investment,1
kathleen,1
rulers,1
fest,1
differentiations,1
specializing,1
background,1
shaky,1
adjoin,1
impart,1
formal,1
increase,1
clustered,1
tenance,1
elite,1
crafts,1
medium,1
fargher,1
waste,1
expression,1
food,1
seriation,1
decomissioned,1
dye,1
rivers,1
dress,1
assume,1
prominently,1
willey,1
net,1
questions,1
ethnic,1
rare,1
recovery,1
scheduled,1
services,1
munity,1
ceremonies,1
quadrupedal,1
dating,1
perimeter,1
sev,1
open,1
significance,1
inconspicuous,1
osten,1
equates,1
geom,1
historic,1
styles,1
reward,1
emphasizing,1
publication,1
ursine,1
obtaining,1
costumes,1
points,1
evolucion,1
rebecca,1
sedations,1
architectural,1
derived,1
reviewers,1
revised,1
geographically,1
him,1
cally,1
rattlesnake,1
static,1
stresses,1
pent,1
accurate,1
households,1
peer,1
commercially,1
billed,1
provides,1
construct,1
latter,1
ture,1
subordinated,1
especially,1
pearl,1
problems,1
gravel,1
outcomes,1
promote,1
parallel,1
evolutionary,1
methods,1
glenn,1
relation,1
utilizaban,1
composite,1
diffi,1
tree,1
wise,1
shallow,1
depictions,1
sacred,1
vide,1
pere,1
wish,1
slightly,1
peo,1
arisen,1
copyright,1
genheimer,1
figures,1
uncertainties,1
culty,1
resentations,1
headgear,1
relative,1
sociopolitical,1
attention,1
rifts,1
clans,1
concluded,1
sented,1
separate,1
september,1
increasing,1
bighorn,1
ferences,1
oppo,1
carried,1
tempo,1
depth,1
indication,1
rita,1
bon,1
twelve,1
esta,1
para,1
olized,1
stems,1
mitigate,1
raise,1
dissected,1
education,1
she,1
indicators,1
sealed,1
terranean,1
quo,1
science,1
bold,1
bulk,1
crucial,1
depositing,1
foreign,1
imbalance,1
understressed,1
suggestive,1
program,1
obscuring,1
fear,1
rior,1
considering,1
crypt,1
novak,1
alternate,1
lines,1
recognizes,1
signifi,1
multi,1
institutions,1
reconocimiento,1
referred,1
exceptional,1
lost,1
spacings,1
ordering,1
curation,1
began,1
effectively,1
mantuvieron,1
dent,1
remaining,1
originated,1
iconographic,1
periodo,1
ceremonialism,1
covering,1
sudoeste,1
vaults,1
class,1
helpful,1
extends,1
impersonal,1
grine,1
expla,1
surprising,1
antiquities,1
jf,1
ology,1
fields,1
centuries,1
instances,1
cleve,1
rim,1
typology,1
mirror,1
rockhold,1
interpretive,1
grounded,1
joseph,1
definitive,1
stephen,1
publications,1
quantitative,1
questioning,1
sections,1
school,1
produc,1
acquired,1
anthropomorphic,1
santa,1
recurrence,1
reciprocal,1
suggestions,1
stratigraphic,1
sig,1
rarely,1
eventually,1
monument,1
thinking,1
following,1
michabo,1
prehistory,1
mann,1
series,1
ethnological,1
dishes,1
costum,1
version,1
conjunction,1
salts,1
ples,1
must,1
spanish,1
measurements,1
pickard,1
demonstrate,1
simply,1
wear,1
ever,1
gina,1
extension,1
uncov,1
nated,1
monuments,1
byproduct,1
shop,1
physical,1
revising,1
mientras,1
costin,1
griffin,1
text,1
westview,1
symbol,1
rocky,1
metry,1
cov,1
sourcing,1
useful,1
estas,1
assumedly,1
colorado,1
news,1
sibly,1
puebloan,1
know,1
defining,1
unavailable,1
continental,1
brooke,1
maximilian,1
stem,1
extant,1
mensal,1
specialization,1
cox,1
masking,1
proponents,1
ancestor,1
spec,1
affirming,1
sizes,1
east,1
cautiously,1
identi,1
best,1
ft,1
leaders,1
down,1
etal,1
intrusive,1
printed,1
encontrados,1
temper,1
disappointment,1
numbering,1
minimized,1
allied,1
inquiry,1
counting,1
ideological,1
rials,1
invaluable,1
grey,1
linked,1
palimpsests,1
platters,1
allocated,1
guinea,1
accepts,1
utilized,1
twining,1
encountered,1
living,1
february,1
ideally,1
better,1
ditch,1
tenth,1
rep,1
cators,1
unlikely,1
horns,1
what,1
carefully,1
circles,1
etd,1
cremations,1
rose,1
terms,1
ferentiations,1
comes,1
nearby,1
min,1
covers,1
impli,1
axis,1
ies,1
monster,1
phylakopi,1
predisposi,1
leaving,1
consisting,1
predate,1
lafayette,1
antlers,1
dissecting,1
univer,1
densest,1
pursued,1
dark,1
textual,1
orientations,1
tant,1
influenced,1
ori,1
renegotiating,1
don,1
deposition,1
adornments,1
threat,1
hundreds,1
categories,1
art,1
turnery,1
discrepancies,1
translated,1
spaces,1
vessels,1
cosmology,1
conference,1
facial,1
naked,1
intention,1
gatherings,1
occasionally,1
milford,1
tings,1
attachments,1
prehis,1
disparate,1
erally,1
reproducible,1
introduced,1
practices,1
joining,1
estudio,1
carvings,1
prevalent,1
micro,1
cooperation,1
docu,1
exploring,1
african,1
mayor,1
celt,1
step,1
assumptions,1
went,1
sheets,1
measure,1
conventional,1
deviate,1
substance,1
obtain,1
manufacturing,1
distinguishable,1
mitigation,1
anony,1
implica,1
stevenson,1
allows,1
maintained,1
gain,1
think,1
construed,1
rewarding,1
precision,1
our,1
prepared,1
sidering,1
jenna,1
variacion,1
sanctioned,1
plying,1
devoted,1
ephraim,1
metal,1
tiene,1
drafts,1
spacing,1
differentiation,1
years,1
difference,1
observed,1
formality,1
donald,1
michi,1
internally,1
obliterated,1
fibers,1
finally,1
mode,1
meltzer,1
dangerous,1
sumably,1
solidar,1
joined,1
rango,1
typically,1
integrated,1
citadel,1
blocky,1
ade,1
grateful,1
intermixed,1
states,1
glass,1
integration,1
col,1
piece,1
colleagues,1
defined,1
contours,1
attempted,1
caption,1
mainfort,1
madison,1
fine,1
repeat,1
shift,1
classification,1
ships,1
indices,1
exter,1
maintaining,1
anonymous,1
barry,1
dancey,1
carbon,1
artisan,1
anthropologi,1
removed,1
prufer,1
distinctions,1
certainty,1
ser,1
colorful,1
sporadi,1
charged,1
ral,1
vary,1
chicago,1
communi,1
stemming,1
partial,1
uncertainty,1
asymmetry,1
bounds,1
sheer,1
interaction,1
develop,1
defusing,1
iff,1
capitolium,1
counts,1
seek,1
comparable,1
panic,1
aggrandizing,1
bene,1
orien,1
confinement,1
southeastern,1
roles,1
otto,1
estrategias,1
super,1
spe,1
costly,1
els,1
