WORDCOUNTS,WEIGHT
of,139
the,103
and,88
to,65
in,59
a,44
i,35
that,34
is,28
as,28
by,24
my,23
ceramic,22
this,18
for,16
evolutionary,16
archaeology,15
an,14
be,14
have,13
on,13
university,12
which,12
technological,12
he,11
neff,11
studies,11
from,11
archaeological,11
or,10
other,10
it,9
his,9
not,9
technology,9
m,9
study,8
al,8
more,8
theory,8
are,8
use,8
et,8
such,8
de,8
much,8
me,7
american,7
with,7
has,7
development,7
at,6
main,6
but,6
ethnoarchaeology,6
time,6
los,6
ofthe,6
evolution,6
theoretical,6
article,6
schiffer,6
pottery,6
am,6
la,6
therefore,5
l,5
h,5
into,5
these,5
j,5
based,5
models,5
research,5
can,5
no,4
en,4
standardization,4
they,4
their,4
about,4
pp,4
around,4
was,4
same,4
two,4
production,4
over,4
s,4
see,4
made,4
point,4
comment,4
review,4
approach,4
determinist,4
would,4
characteristics,4
little,4
chambers,4
lo,3
note,3
longacre,3
science,3
if,3
various,3
comments,3
b,3
why,3
biological,3
criticism,3
edited,3
sets,3
w,3
most,3
first,3
social,3
each,3
many,3
different,3
prehistoric,3
found,3
estudios,3
thanks,3
las,3
works,3
state,3
what,3
within,3
literature,3
el,3
ceramics,3
applied,3
material,3
cerdmica,3
some,3
artifacts,3
discussion,3
r,3
cited,3
related,3
broad,3
galison,3
people,3
being,3
london,3
were,3
field,3
determinism,3
both,3
own,3
there,3
so,3
antiquity,3
after,3
progressive,3
physics,3
analysis,3
when,3
y,3
lyman,3
journal,3
should,3
european,2
will,2
esta,2
phenotypic,2
loney,2
ecological,2
been,2
bernard,2
how,2
sort,2
again,2
limited,2
arqueologia,2
thermal,2
forward,2
restate,2
notion,2
process,2
una,2
approaches,2
july,2
opportunity,2
mainstream,2
importantly,2
becoming,2
one,2
contributions,2
selection,2
es,2
once,2
future,2
ology,2
ing,2
remains,2
paradigms,2
york,2
selective,2
us,2
kehoe,2
separate,2
then,2
por,2
experimental,2
must,2
department,2
archaeologists,2
isolated,2
observable,2
long,2
also,2
exclusive,2
all,2
nature,2
best,2
contextual,2
method,2
counting,2
iii,2
particularly,2
out,2
criticisms,2
gas,2
variation,2
past,2
pots,2
well,2
cal,2
though,2
cultural,2
them,2
relevant,2
references,2
particular,2
behavioral,2
misreading,2
evolutiva,2
artifact,2
lechtman,2
directly,2
used,2
new,2
received,2
cambridge,2
upon,2
teoria,2
taking,2
say,2
genetic,2
its,2
pinch,2
decrease,2
entirely,2
expression,2
make,2
challenges,2
human,2
question,2
g,2
theories,2
southwestern,2
theoretists,2
years,2
due,2
helen,2
genotype,2
language,2
points,2
individual,2
change,2
like,2
application,2
speak,2
vessel,2
k,2
between,2
response,2
single,2
themselves,2
methodological,2
crichton,2
d,2
views,2
instance,2
utah,2
details,2
than,2
north,2
increase,2
society,2
admirably,1
increasing,1
critics,1
resolve,1
carried,1
barnes,1
failed,1
ments,1
does,1
now,1
led,1
cation,1
currently,1
implicacidn,1
imply,1
ical,1
o,1
dictionary,1
imbalance,1
behaviors,1
stems,1
comentarios,1
inordinate,1
matter,1
without,1
invokes,1
segun,1
lot,1
ofmicrophysics,1
scientific,1
bulk,1
performance,1
corporate,1
across,1
criticize,1
know,1
developed,1
noarchaeology,1
overall,1
interpretation,1
site,1
techniques,1
dangers,1
critical,1
kuhn,1
kobayashi,1
antagonistic,1
lines,1
brief,1
opposed,1
brings,1
mente,1
mean,1
concern,1
who,1
alone,1
insist,1
seen,1
extends,1
detailed,1
vs,1
began,1
vol,1
ory,1
contribution,1
compositional,1
forcing,1
similar,1
importance,1
talk,1
intensive,1
tratados,1
interesting,1
derived,1
frames,1
parts,1
posted,1
tends,1
dialogue,1
danger,1
examine,1
construction,1
inherit,1
para,1
hegmon,1
fall,1
chamber,1
second,1
space,1
tious,1
addressing,1
continent,1
estan,1
types,1
manera,1
reference,1
reason,1
modified,1
nonbiological,1
bradford,1
understand,1
rules,1
modern,1
intensity,1
enthoarchaeological,1
aplicada,1
otrosyde,1
meant,1
seeing,1
diffuse,1
considered,1
anthropology,1
laboratory,1
addressed,1
stephen,1
circumscribed,1
ibegin,1
physically,1
ancient,1
history,1
metallurgy,1
sociological,1
chris,1
bit,1
spencerian,1
collins,1
any,1
light,1
just,1
culture,1
historian,1
advocate,1
following,1
reviewing,1
impact,1
tionary,1
unitary,1
gories,1
lished,1
publishers,1
argued,1
too,1
prevent,1
artefactos,1
phenomenon,1
turning,1
themes,1
thoughts,1
mejor,1
commented,1
increasingly,1
damaging,1
continues,1
inheritance,1
only,1
follow,1
arguing,1
beyond,1
edinburgh,1
explaining,1
considers,1
procedures,1
physical,1
lack,1
hence,1
harrap,1
sis,1
torical,1
channelled,1
sceptical,1
asks,1
disagreement,1
here,1
questions,1
alternative,1
explain,1
antiguas,1
syntheses,1
sean,1
evidence,1
culturally,1
singulares,1
might,1
stating,1
natural,1
view,1
familiar,1
mutually,1
meaning,1
cuestiona,1
thrust,1
alan,1
fundamental,1
equally,1
control,1
grupos,1
working,1
environment,1
ignoring,1
speaks,1
definition,1
atributos,1
confident,1
tecnoldgias,1
evolutionist,1
europe,1
allow,1
scholars,1
could,1
down,1
kegan,1
minist,1
broken,1
assertion,1
etal,1
inherent,1
argue,1
casos,1
remark,1
simple,1
thank,1
current,1
p,1
inappropriate,1
ts,1
choice,1
unhealthily,1
centers,1
users,1
changed,1
hechos,1
nondeterminist,1
job,1
reply,1
link,1
obviously,1
concludes,1
emphatic,1
very,1
goods,1
overextension,1
equilibrium,1
constraint,1
teristics,1
imagers,1
eral,1
comparative,1
historical,1
pattern,1
placing,1
synthesizers,1
great,1
serious,1
lamarkian,1
cerro,1
wall,1
type,1
rhetoric,1
advances,1
last,1
phase,1
better,1
genes,1
academic,1
subordinate,1
phd,1
outlook,1
ground,1
tales,1
hoaen,1
traits,1
ber,1
deterministaypor,1
scholarly,1
let,1
discipline,1
where,1
salt,1
continuing,1
lution,1
accepted,1
whether,1
recently,1
produced,1
cooking,1
offering,1
incomments,1
less,1
heavily,1
answer,1
until,1
making,1
subdisciplines,1
forth,1
explicit,1
quote,1
comes,1
cuando,1
add,1
curent,1
proven,1
tecnoldgica,1
core,1
evolutionists,1
dr,1
ies,1
approached,1
smelting,1
alice,1
anthropologists,1
como,1
style,1
acknowledgments,1
arate,1
getting,1
primary,1
going,1
spectrum,1
ticularly,1
america,1
demography,1
number,1
keeping,1
remained,1
lated,1
deal,1
clearly,1
anasazi,1
none,1
almost,1
evolutionarily,1
italian,1
scenarios,1
subsistence,1
suggests,1
basis,1
possible,1
analyzed,1
read,1
understanding,1
constraints,1
lmage,1
ignored,1
meaningful,1
vast,1
certain,1
labs,1
work,1
inapropiada,1
vessels,1
scope,1
swamped,1
tiene,1
opment,1
limitadapor,1
assemblages,1
level,1
datacentered,1
demic,1
son,1
represented,1
city,1
pueblo,1
claim,1
disadvantage,1
tecnoldgicos,1
lake,1
part,1
through,1
discusses,1
boiling,1
ial,1
estudio,1
trends,1
dios,1
press,1
along,1
looking,1
enter,1
reduces,1
giving,1
expand,1
conductivity,1
common,1
criticized,1
subsectores,1
creciendo,1
got,1
secuenciaprincipalde,1
waste,1
sion,1
engage,1
fail,1
place,1
kiva,1
phenotype,1
refers,1
copper,1
unos,1
authors,1
guilty,1
ideas,1
evidenced,1
harvard,1
philippines,1
linked,1
underscored,1
coming,1
thus,1
andrew,1
nothing,1
gould,1
dumfries,1
come,1
focuses,1
overlap,1
reflect,1
regional,1
dependence,1
pennsylvania,1
explained,1
drafts,1
pretation,1
rejected,1
dynamics,1
yet,1
notes,1
counterpoint,1
glascock,1
illustrates,1
against,1
paradigm,1
vance,1
september,1
t,1
unpublished,1
group,1
peru,1
bibliographies,1
dynamic,1
interest,1
logic,1
lenguaje,1
interpret,1
indican,1
noninteractive,1
offer,1
deriods,1
keep,1
paint,1
organism,1
evidenciado,1
reviewers,1
ago,1
manufacture,1
immediate,1
bibliografias,1
theoretically,1
things,1
basalla,1
states,1
subfields,1
independiente,1
attributes,1
hemispheric,1
forced,1
exclusionary,1
seeks,1
offhand,1
basada,1
odization,1
unity,1
phenotypes,1
expounds,1
quite,1
pot,1
skibo,1
uso,1
puzzling,1
submit,1
innovation,1
increased,1
late,1
ships,1
spent,1
ited,1
underlying,1
punctuated,1
perspective,1
several,1
belief,1
lutionary,1
favored,1
depend,1
ries,1
concerning,1
enough,1
amount,1
industry,1
breaking,1
invoke,1
insists,1
quienes,1
ics,1
craft,1
served,1
gene,1
tanto,1
assessing,1
bioldgicos,1
rejection,1
conclude,1
pass,1
boundaries,1
ofextraordinary,1
chicago,1
effect,1
excluded,1
debate,1
early,1
theoreticians,1
routlege,1
up,1
wish,1
even,1
entire,1
interaction,1
develop,1
look,1
disciplinas,1
focus,1
uk,1
among,1
confess,1
we,1
tendency,1
recent,1
leveled,1
helping,1
arnold,1
general,1
adult,1
meeting,1
doing,1
heartened,1
respuesta,1
handful,1
specialty,1
metric,1
division,1
sincere,1
merger,1
retention,1
insupportable,1
walls,1
input,1
