WORDCOUNTS,WEIGHT
the,776
of,725
and,592
in,364
a,254
to,252
that,167
california,149
by,135
this,101
for,98
is,94
from,93
hunting,91
as,90
on,88
at,75
j,72
with,72
are,72
m,61
an,59
middle,57
these,56
r,50
archaeological,50
have,50
al,49
we,49
et,48
it,47
no,46
archaic,43
be,43
pp,41
also,41
during,40
edited,40
or,40
was,39
more,39
evolutionary,39
san,38
university,37
coso,37
not,37
large,35
prehistoric,33
but,32
may,31
social,31
obsidian,31
production,30
their,30
santa,28
cultural,28
research,28
foraging,27
other,27
american,27
l,27
e,26
data,26
its,26
were,26
d,26
bp,25
there,24
increased,24
rock,23
use,23
period,23
human,22
i,22
hildebrandt,22
p,22
game,22
art,22
some,22
between,22
k,21
many,21
would,21
been,21
antiquity,21
g,20
subsistence,20
most,20
sites,20
early,20
de,19
barbara,19
only,19
associated,19
great,18
holocene,18
benefits,18
archaeology,18
can,18
c,18
they,17
available,17
has,17
such,17
journal,17
than,17
time,17
which,17
provisioning,16
group,16
t,16
s,16
state,16
biface,16
w,16
behavioral,16
coast,16
populations,16
new,16
procurement,16
ecology,16
behaviors,16
male,16
among,16
western,15
within,15
behavior,15
work,15
who,15
fitness,15
anthropology,15
environmental,14
complex,14
southern,14
kelly,14
resource,14
population,14
men,14
increases,14
relative,14
evidence,14
francisco,14
resources,14
h,13
implications,13
bettinger,13
along,13
prehistory,13
n,13
ascendance,13
basin,13
change,13
los,13
department,13
where,13
number,13
mcguire,13
increase,13
individual,13
swordfish,13
often,13
what,13
studies,12
argue,12
context,12
genetic,12
certain,12
organization,12
greater,12
faunal,12
when,12
logistical,12
channel,12
submitted,12
marine,12
northern,12
anthropological,12
while,12
through,12
copies,12
much,12
should,12
bird,11
hawkes,11
central,11
review,11
importance,11
glassow,11
well,11
small,11
several,11
highly,11
nevada,11
local,11
range,11
hunters,11
bighorn,11
sheep,11
women,10
throughout,10
que,10
angeles,10
acquisition,10
show,10
view,10
late,10
record,10
county,10
family,10
variety,10
culture,10
see,10
lake,10
food,10
dating,10
erlandson,10
la,10
figure,10
hill,10
analysis,10
any,10
over,10
particularly,10
both,10
north,10
if,9
one,9
investigations,9
china,9
eastern,9
activity,9
clear,9
far,9
b,9
contributions,9
appear,9
based,9
near,9
because,9
activities,9
various,9
ethnographic,9
rise,9
areas,9
strategies,9
theoretical,9
after,9
delacorte,9
why,9
report,9
sierra,9
males,9
prestige,9
models,9
grant,9
sharing,9
recent,9
later,8
groups,8
stone,8
into,8
political,8
el,8
system,8
vol,8
basgall,8
point,8
regarding,8
relatively,8
even,8
york,8
en,8
coastal,8
similar,8
changes,8
important,8
weapons,8
out,8
fishing,8
bechtel,8
traits,8
own,8
davis,8
cambridge,8
quarry,8
contra,8
technology,8
do,8
perhaps,8
frequency,8
assemblages,8
including,8
obtained,8
patterns,8
increasing,8
provide,8
symbolic,8
berkeley,8
regard,8
volcanic,8
particular,8
her,8
suggests,8
role,8
our,8
although,8
area,8
remains,8
major,8
each,7
might,7
regional,7
those,7
development,7
excavations,7
naval,7
elements,7
milling,7
site,7
baumhoff,7
biological,7
jones,7
his,7
how,7
basic,7
study,7
argued,7
providing,7
fish,7
information,7
actually,7
documented,7
presented,7
gilreath,7
core,7
led,7
expansion,7
limited,7
return,7
elaboration,7
under,7
costs,7
larger,7
degree,7
significant,7
points,7
high,7
systems,7
become,7
dietary,7
kaplan,7
relationship,7
terrestrial,7
here,7
theory,7
interval,7
years,7
conditions,7
hunter,7
representational,7
potential,7
occurred,6
file,6
diego,6
simple,6
differences,6
prey,6
pursuit,6
interest,6
cases,6
air,6
rather,6
growth,6
notion,6
direct,6
had,6
efficient,6
generally,6
f,6
appears,6
public,6
y,6
part,6
related,6
project,6
approach,6
least,6
components,6
he,6
economic,6
islands,6
about,6
inheritance,6
smith,6
reproductive,6
model,6
made,6
desert,6
expression,6
evolution,6
general,6
exchange,6
cognitive,6
versus,6
perspectives,6
note,6
success,6
owens,6
efficiency,6
temporal,6
very,6
chumash,6
heizer,6
adaptation,6
locations,6
rogers,5
walker,5
before,5
first,5
labor,5
tradition,5
link,5
sophisticated,5
sexual,5
shellfish,5
lambert,5
unpublished,5
due,5
sacramento,5
mating,5
costa,5
higher,5
ache,5
plank,5
cave,5
could,5
access,5
energetic,5
burial,5
produced,5
explain,5
aspects,5
inyo,5
place,5
reflect,5
status,5
trends,5
legacy,5
toolstone,5
canoe,5
quite,5
using,5
hydration,5
make,5
expanded,5
mammal,5
makes,5
logistically,5
thought,5
newberry,5
abstract,5
end,5
region,5
individuals,5
significance,5
whitley,5
probably,5
adaptations,5
adaptive,5
bliege,5
petroglyphs,5
abundance,5
she,5
intensification,5
circumstances,5
bernardino,5
set,5
natural,5
sociobiology,5
believe,5
current,5
linked,5
reflected,5
phd,5
according,5
terms,5
form,5
passed,5
notes,5
researchers,5
conclude,5
press,5
became,5
simply,5
institute,5
average,5
shift,5
davenport,5
valley,5
profiles,5
now,4
conducted,4
authority,4
true,4
assumption,4
mikkelsen,4
total,4
practices,4
consistent,4
upland,4
long,4
trend,4
principles,4
potentially,4
tulare,4
debitage,4
projectile,4
primary,4
america,4
west,4
x,4
indicating,4
fluorescence,4
frequencies,4
thus,4
magic,4
center,4
ethology,4
facility,4
underlying,4
perspective,4
networks,4
communication,4
though,4
rates,4
without,4
organizing,4
derived,4
animals,4
support,4
blurton,4
emergence,4
clearly,4
david,4
ranges,4
quarries,4
diet,4
further,4
tools,4
recently,4
pollen,4
find,4
bow,4
sedentism,4
directly,4
future,4
used,4
gender,4
northwest,4
taxa,4
lifeways,4
showing,4
successful,4
field,4
few,4
broughton,4
depression,4
fully,4
species,4
despite,4
provided,4
deer,4
society,4
periods,4
will,4
portion,4
critical,4
habitats,4
transition,4
pelagic,4
manifest,4
selection,4
museum,4
violence,4
all,4
included,4
reliance,4
shows,4
toward,4
motifs,4
pattern,4
man,4
material,4
shifts,4
another,4
examples,4
previously,4
reality,4
like,4
played,4
mammals,4
favored,4
valued,4
elaborate,4
availability,4
division,4
hunt,4
califomia,4
ecological,4
arrow,4
primarily,4
indicate,4
expectations,4
pipeline,4
peoples,4
paper,4
cultures,4
then,4
goods,4
benefit,4
combined,4
coyote,4
emphasis,4
level,4
californiia,4
sonoma,4
little,4
measure,4
question,4
value,4
rosenthal,4
smaller,4
maritime,4
regular,4
effects,4
off,4
specific,4
deposits,4
given,4
technological,4
southeastern,4
ca,4
hypothesis,4
difficult,3
does,3
archives,3
chronological,3
way,3
stylistic,3
generated,3
extreme,3
introduction,3
village,3
essays,3
artistic,3
bias,3
character,3
hominid,3
foragers,3
source,3
test,3
being,3
attempts,3
location,3
seems,3
bonanzas,3
leading,3
suggesting,3
analyses,3
decreased,3
papers,3
case,3
key,3
design,3
possible,3
apart,3
taking,3
processes,3
richerson,3
economies,3
wallace,3
tied,3
corresponding,3
ranked,3
includes,3
dependence,3
relationships,3
southwestern,3
immediate,3
ability,3
cst,3
participating,3
kind,3
patch,3
amount,3
extraordinary,3
spectacular,3
currentanthropology,3
bone,3
publications,3
rockart,3
constructs,3
opposed,3
district,3
artiodactyls,3
bifaces,3
levels,3
process,3
risk,3
greenwood,3
special,3
symbols,3
distant,3
white,3
shell,3
females,3
bay,3
anid,3
age,3
additional,3
lithic,3
origins,3
powerful,3
followed,3
cost,3
always,3
utah,3
dc,3
proposed,3
diachronic,3
result,3
example,3
societies,3
appearance,3
shared,3
shield,3
archaeofaunal,3
academic,3
density,3
occupation,3
imbalances,3
reviews,3
indirect,3
viewed,3
moss,3
flaked,3
isotope,3
distinguish,3
numerous,3
two,3
whole,3
consistently,3
records,3
horizon,3
depicting,3
stylized,3
working,3
contrast,3
settlement,3
subtotal,3
emerging,3
smithsonian,3
acorn,3
exigencies,3
brought,3
decline,3
ericson,3
up,3
results,3
dancer,3
south,3
likely,3
proxy,3
rey,3
clara,3
absence,3
located,3
overall,3
hiwi,3
tests,3
once,3
competition,3
opportunities,3
represents,3
forays,3
outlined,3
climatic,3
noted,3
others,3
revealed,3
luis,3
foods,3
agree,3
choice,3
john,3
proliferation,3
doubt,3
remarkable,3
thousands,3
mammalian,3
understanding,3
extended,3
largely,3
assume,3
publication,3
dominated,3
times,3
so,3
mountain,3
standard,3
artisans,3
cape,3
cruz,3
usually,3
holanda,3
means,3
seen,3
table,3
itself,3
face,3
environment,3
series,3
lagomorphs,3
geographic,3
known,3
reciprocity,3
dimension,3
king,3
expense,3
returns,3
peak,3
type,3
advances,3
animal,3
distribution,3
densities,3
complexity,3
influenced,3
size,3
multiple,3
disparate,3
subject,3
aspect,3
recovered,3
reveals,3
land,3
consumption,3
states,3
johnson,3
focus,3
images,3
comparable,3
numic,3
signals,3
final,2
dynamic,2
frequent,2
rate,2
o,2
prefer,2
common,2
medieval,2
indicated,2
suggested,2
toolkit,2
represent,2
everyone,2
extend,2
drought,2
artiodactyl,2
resulted,2
therefore,2
miguel,2
agua,2
elaborated,2
pauma,2
identify,2
designed,2
vickers,2
ways,2
approaches,2
drawings,2
easily,2
acorns,2
notwithstanding,2
mainland,2
history,2
journial,2
interpersonal,2
finely,2
po,2
contexts,2
lower,2
cast,2
inc,2
sources,2
certainly,2
localities,2
exaggerated,2
ii,2
culturally,2
attempt,2
meaning,2
tolerated,2
nature,2
shaped,2
assess,2
timing,2
torres,2
arises,2
achieved,2
persistence,2
skull,2
miles,2
blackwell,2
concepts,2
robert,2
somewhat,2
threshold,2
triggered,2
suspect,2
westview,2
hurtado,2
continuum,2
blackburn,2
largegame,2
me,2
determined,2
maturango,2
geared,2
petroglyph,2
october,2
obvious,2
discovered,2
reflecting,2
cited,2
realistic,2
identifies,2
warfare,2
hudson,2
framework,2
indicates,2
interments,2
conflict,2
goal,2
differential,2
nonmonogamous,2
component,2
medio,2
confer,2
neighbors,2
domain,2
basal,2
concentrations,2
relations,2
cismontane,2
constellation,2
accelerating,2
canoes,2
neuropsychological,2
bleige,2
body,2
six,2
young,2
wholly,2
kinship,2
mobility,2
effective,2
storage,2
island,2
generation,2
plant,2
focused,2
oj,2
recognized,2
reflects,2
mexico,2
observers,2
across,2
developed,2
capture,2
remote,2
completely,2
unique,2
appendix,2
proportion,2
mile,2
eight,2
factors,2
periodic,2
foothills,2
established,2
organized,2
dated,2
bennyhoff,2
warren,2
elsewhere,2
placed,2
vaqueros,2
observations,2
profile,2
otn,2
fashioned,2
shamanism,2
commented,2
beyond,2
clemente,2
exploitation,2
plenum,2
opinion,2
strategy,2
excavation,2
raw,2
explanatory,2
root,2
identifying,2
pursuits,2
concentration,2
plateau,2
transmission,2
search,2
kalahari,2
parry,2
facilitate,2
depletion,2
dowson,2
fishery,2
big,2
technical,2
circular,2
residential,2
boyd,2
scale,2
otherwise,2
expedient,2
premise,2
wide,2
failure,2
basis,2
inferred,2
altruism,2
concept,2
characterization,2
apparent,2
confined,2
overview,2
ccalifornia,2
fail,2
postulated,2
broad,2
people,2
survey,2
structures,2
bishop,2
caza,2
surrounding,2
langenwalter,2
multisite,2
californial,2
either,2
regions,2
good,2
wholesale,2
engravings,2
optimal,2
indicator,2
below,2
deniro,2
reliable,2
box,2
arbitrary,2
optimizing,2
characteristics,2
wider,2
industry,2
portions,2
villages,2
annual,2
productivity,2
loci,2
dorn,2
preliminary,2
phase,2
massive,2
pearson,2
gilroy,2
approximate,2
ceremonial,2
middlemen,2
energetics,2
widely,2
play,2
etc,2
community,2
above,2
accumulations,2
wind,2
collapsed,2
procured,2
seemingly,2
abrupt,2
decisions,2
single,2
haliotis,2
ubiquity,2
oxford,2
springs,2
yet,2
coincidental,2
mono,2
sex,2
us,2
signaling,2
demographic,2
processing,2
light,2
same,2
choices,2
formalized,2
nine,2
bodie,2
containing,2
increasingly,2
barbed,2
ask,2
harrington,2
homo,2
water,2
efforts,2
fact,2
treatment,2
fundamental,2
riverine,2
abilities,2
pressure,2
remarked,2
children,2
banks,2
never,2
variation,2
honor,2
anthropologist,2
forms,2
oregon,2
accepted,2
ultimately,2
heavily,2
handicap,2
venezuela,2
oceangoing,2
necessary,2
focusing,2
native,2
gives,2
argument,2
identifiable,2
analyzed,2
private,2
encounter,2
discussion,2
intimate,2
explanation,2
upon,2
values,2
ethnology,2
skeletal,2
tenets,2
findings,2
entirely,2
residues,2
virtually,2
ofthe,2
sequence,2
actual,2
recovery,2
engaged,2
multicomponent,2
hunted,2
radiocarbon,2
office,2
described,2
trade,2
low,2
raab,2
three,2
maintenance,2
characterized,2
meriam,2
responses,2
cache,2
diversity,2
curve,2
panels,2
maximize,2
last,2
krebs,2
especially,2
ratios,2
outcomes,2
honest,2
relation,2
correlated,2
contact,2
ann,2
accrue,2
percent,2
seeking,2
occupied,2
institution,2
kristin,2
anomaly,2
arbor,2
trails,2
sometimes,2
five,2
types,2
practitioners,2
select,2
bureau,2
lines,2
widespread,2
duncans,2
referred,2
dimensions,2
health,2
detailed,2
rim,2
contribution,2
united,2
dead,2
aboriginal,2
mounds,2
stable,2
biology,2
forth,2
acquired,2
cannon,2
share,2
magnitude,2
dependable,2
eventually,2
comes,2
changing,2
consider,2
spanish,2
orlando,2
constituted,2
moratto,2
meat,2
alternative,2
colorado,2
weaponry,2
shamans,2
outcome,2
cm,2
proponents,2
attribute,2
east,2
sampling,2
did,2
contextual,2
inquiry,2
altered,2
contradictory,2
obviously,2
selectionist,2
themselves,2
rely,2
just,2
fornia,2
whether,2
less,2
gallegos,2
amy,2
fisheries,2
produce,2
almost,2
phenomena,2
incorporated,2
unreasonable,2
presas,2
modoc,2
easy,2
extensive,2
indians,2
world,2
evidenced,2
prepared,2
until,2
genetically,2
national,2
geoarchaeological,2
include,2
davies,2
needs,2
schiffer,2
genercal,2
chicago,2
joaquin,2
substantial,2
interaction,2
dental,2
zones,2
costly,2
redlands,1
problem,1
resolve,1
environmiiients,1
go,1
garnered,1
transportation,1
recesses,1
fresno,1
epiphenomena,1
exhibit,1
chico,1
lagomorph,1
precepts,1
underpinning,1
epicenter,1
allies,1
pull,1
centering,1
defy,1
chumashwatercraft,1
functional,1
tutlare,1
kuliwit,1
gravitational,1
consume,1
prehistoiic,1
inventoiy,1
legitimate,1
uplands,1
offset,1
sustainied,1
alone,1
caches,1
ultimate,1
originating,1
stands,1
utility,1
shellimounid,1
notably,1
manuscript,1
distributed,1
trajectories,1
necessitates,1
crossing,1
per,1
passing,1
expect,1
sympathetic,1
bakersfield,1
told,1
reflection,1
heretofore,1
prediction,1
newberty,1
engendering,1
replaced,1
partially,1
rick,1
legado,1
hook,1
spectaculartechnological,1
systematically,1
provisions,1
lk,1
illustrative,1
noncultural,1
symbolize,1
artwork,1
linkages,1
terminate,1
units,1
sets,1
motivation,1
rchaeology,1
surround,1
peaks,1
hasta,1
bifacial,1
contend,1
specified,1
etee,1
solicitation,1
modern,1
countter,1
realities,1
factored,1
reasonably,1
trace,1
consequential,1
position,1
themosslandingmarinelab,1
patagonia,1
fcamnilia,1
gamble,1
daley,1
hulman,1
hallmarks,1
planes,1
ofanthropology,1
harvests,1
onset,1
territorial,1
fullyhildebrandt,1
controlled,1
themes,1
prohibitions,1
said,1
expanding,1
provision,1
hence,1
neoglacial,1
every,1
expands,1
bernadino,1
rng,1
interests,1
holocenie,1
originally,1
give,1
debating,1
rapid,1
expectation,1
rare,1
reptiles,1
worked,1
emerged,1
outlining,1
ethniologist,1
advanced,1
prestigious,1
supplied,1
bloomington,1
parties,1
dramatically,1
best,1
company,1
possibilities,1
comparatively,1
tuvo,1
archaeologically,1
broadly,1
inarchaeological,1
adjoining,1
together,1
accompanied,1
shoulder,1
display,1
paacidoxical,1
thank,1
wave,1
rich,1
producing,1
elude,1
achievement,1
follows,1
nodded,1
eureka,1
thanks,1
concludes,1
overwintering,1
room,1
bighom,1
scratching,1
resulting,1
styles,1
packages,1
reproduction,1
subsequent,1
efficiently,1
planfor,1
alden,1
confers,1
watercraft,1
improved,1
johnstone,1
date,1
emphasized,1
hadza,1
shepherd,1
remainder,1
hypotheses,1
stayed,1
classified,1
santca,1
depleted,1
jourinal,1
harcourt,1
declines,1
surveys,1
bouey,1
refieren,1
visibility,1
perseguir,1
worldwide,1
koerper,1
ad,1
proposals,1
documenting,1
hunman,1
issue,1
side,1
tim,1
altabmenite,1
puedemi,1
occasional,1
synchronic,1
atlatls,1
inseparable,1
existence,1
advertises,1
geologic,1
moisture,1
ballena,1
promulgated,1
tie,1
anthropologists,1
albeit,1
formulation,1
task,1
tal,1
mass,1
conditioned,1
hall,1
worthy,1
carbohydrate,1
account,1
quantities,1
placement,1
fins,1
sapiens,1
prior,1
importclantes,1
upward,1
cooperation,1
illustrate,1
ofanthropologicalarchaeology,1
drive,1
consciousness,1
schroth,1
consumers,1
flank,1
heusser,1
combination,1
sino,1
say,1
kowta,1
handicaps,1
complimentary,1
inthemedithermal,1
beak,1
uncertain,1
technicalreport,1
yatsko,1
anticipated,1
bailey,1
solo,1
representing,1
decreasing,1
ritual,1
reverence,1
kim,1
estuarine,1
sign,1
expresacdcas,1
millingstone,1
canyon,1
pithouse,1
exist,1
acres,1
implements,1
pounding,1
retaining,1
reservoir,1
cemeteries,1
jackrabbits,1
eventual,1
severe,1
lowerranked,1
quality,1
run,1
resourceabundance,1
shellfishing,1
since,1
routte,1
interior,1
against,1
categorized,1
haiwee,1
quaternaiy,1
hierarchy,1
vertebrates,1
scarce,1
foragiing,1
ag,1
runts,1
occurs,1
hooks,1
application,1
jr,1
burton,1
tendenicia,1
assessment,1
reproduced,1
pay,1
meyer,1
sample,1
basil,1
montana,1
z,1
conundrum,1
deepest,1
evaluate,1
feathers,1
museunm,1
contribuciomies,1
adam,1
defense,1
axmm,1
distinct,1
nor,1
items,1
old,1
anite,1
frequented,1
journlal,1
gastronomic,1
refer,1
profound,1
back,1
contrary,1
highest,1
response,1
consumer,1
serving,1
columbia,1
bight,1
compared,1
continuous,1
traveler,1
overarching,1
packing,1
geological,1
drawn,1
animnicales,1
geographically,1
pueblo,1
stimulating,1
dolphin,1
celibate,1
untethered,1
details,1
shortcut,1
atarchaeology,1
deeply,1
existe,1
coasts,1
adult,1
cooperative,1
conceded,1
culturacil,1
valleys,1
crowder,1
influence,1
instruments,1
constraints,1
conjure,1
incidental,1
incentive,1
industries,1
reef,1
collagen,1
abiding,1
surprisingly,1
behave,1
poor,1
fort,1
interesting,1
pacific,1
seasonality,1
hiabersolidos,1
topic,1
iti,1
whose,1
graphics,1
essential,1
operations,1
jackrabbcottontail,1
ventana,1
bring,1
drainages,1
principally,1
mojave,1
arising,1
centered,1
isfitndainenital,1
remain,1
commentators,1
harpoon,1
ra,1
lie,1
unit,1
na,1
evaluation,1
transfers,1
ballenla,1
centrcal,1
breast,1
mean,1
ungulate,1
inconsequence,1
active,1
environments,1
goes,1
survivability,1
associate,1
earlier,1
persistent,1
developments,1
cervid,1
se,1
sielta,1
parts,1
huge,1
arnold,1
pages,1
columbian,1
rank,1
creek,1
illustrations,1
lay,1
summarized,1
productive,1
antithesis,1
contintued,1
consequences,1
paleolithic,1
happened,1
risks,1
lowers,1
az,1
psychological,1
lots,1
osteological,1
starch,1
reason,1
references,1
straits,1
lives,1
defies,1
northamerica,1
subordinated,1
green,1
affect,1
quinlan,1
mlamnfferos,1
locally,1
possibly,1
river,1
nitrogen,1
physically,1
familiar,1
intensive,1
contiguous,1
presumably,1
lyles,1
producers,1
alluded,1
edition,1
days,1
weather,1
elevated,1
solidified,1
cooley,1
sheer,1
climate,1
certcain,1
shore,1
consigned,1
upper,1
miiales,1
gero,1
alta,1
acknowledges,1
store,1
cajon,1
stoneworkinig,1
readings,1
severed,1
slough,1
notions,1
substantiated,1
spiritual,1
comprising,1
requires,1
puts,1
colton,1
ofameri,1
permanent,1
unilineal,1
helped,1
coincide,1
preference,1
decades,1
textured,1
binford,1
myths,1
nia,1
defaced,1
conflicts,1
helpers,1
reduced,1
grupos,1
opening,1
expressed,1
uses,1
theft,1
came,1
acceptable,1
lead,1
introduce,1
path,1
ethnography,1
fringes,1
declined,1
portable,1
carrying,1
subdiscipline,1
demise,1
nt,1
midden,1
treatments,1
hames,1
effort,1
seven,1
acntes,1
conspicuous,1
deal,1
carson,1
demands,1
scenes,1
pass,1
americamuch,1
requirements,1
dispute,1
tomol,1
depictions,1
schalk,1
noting,1
emerge,1
persist,1
percentages,1
initial,1
ethnohistorical,1
term,1
bulletini,1
embedded,1
entoptic,1
arranged,1
espectcculcalres,1
maxima,1
smallgame,1
cucltutre,1
standardized,1
ceases,1
proliferate,1
shall,1
fishermen,1
columnwise,1
rent,1
culturcal,1
rempe,1
nevacda,1
anthropomorphs,1
mate,1
fisherman,1
caltrans,1
intensity,1
cannot,1
meet,1
analogous,1
nurber,1
hedionda,1
wealth,1
pursutinig,1
amenable,1
steele,1
whale,1
procedures,1
herpetofauna,1
counties,1
required,1
metapodials,1
huntinig,1
imnportantes,1
switch,1
vegetal,1
expressions,1
criteria,1
briefly,1
receive,1
weight,1
gained,1
having,1
oak,1
gamut,1
participation,1
imiale,1
bachelor,1
piovisioning,1
accounting,1
degrees,1
paleoenvironmental,1
line,1
received,1
setforth,1
fielcl,1
virginia,1
del,1
framed,1
protein,1
amtierican,1
significantly,1
amelioration,1
su,1
london,1
celtain,1
sharon,1
casa,1
knowledge,1
calls,1
reduction,1
flourish,1
cdel,1
tip,1
effigies,1
geology,1
prehistoiy,1
rm,1
salls,1
mountainous,1
literature,1
fit,1
database,1
refined,1
editorial,1
snowblind,1
issues,1
collective,1
constitute,1
falling,1
surpass,1
earn,1
thereafter,1
portability,1
prehistoty,1
antiqucity,1
rodents,1
personal,1
versatile,1
capsize,1
gear,1
corollary,1
employed,1
proscriptions,1
systematic,1
navalair,1
artifact,1
sway,1
lakearchaeological,1
conform,1
ofaanthropological,1
concurrent,1
extirpation,1
prized,1
rmtecs,1
spouses,1
flaking,1
generically,1
unremarkable,1
precipitation,1
creating,1
exerting,1
steward,1
sense,1
ackniowledggments,1
sweep,1
questionable,1
recast,1
fluorine,1
suggest,1
stage,1
indicators,1
archaeofaunas,1
synthesized,1
grafen,1
specifically,1
around,1
underscore,1
habitation,1
nutritional,1
sufficient,1
consensus,1
driving,1
ypcal,1
choose,1
museumassociation,1
starting,1
executed,1
asphaltum,1
presence,1
southerm,1
diablo,1
essentially,1
inefficiency,1
cur,1
boundaries,1
gurven,1
differing,1
badgering,1
collapses,1
optical,1
inaarchaeologicalinvestigations,1
visible,1
richness,1
bifaceproduction,1
beneficios,1
poorly,1
city,1
befoe,1
diminished,1
directionality,1
fluted,1
sierta,1
pervasive,1
inform,1
socioreligious,1
valuable,1
digging,1
avoid,1
subsequently,1
survived,1
islandcs,1
retreated,1
bedrock,1
darwvinian,1
pertaining,1
cle,1
tipos,1
sierran,1
chlatnnel,1
power,1
demand,1
demographically,1
steady,1
ciertos,1
matter,1
curves,1
hillard,1
tes,1
scientific,1
pringle,1
seguro,1
identified,1
cessation,1
mccarthy,1
logically,1
benlefits,1
indeed,1
highways,1
service,1
gathering,1
tlingit,1
tide,1
inclusive,1
nearly,1
brings,1
heritability,1
prevailing,1
standardization,1
mainstream,1
currency,1
comments,1
movement,1
aldine,1
shortand,1
strategic,1
gather,1
put,1
va,1
innovation,1
compilations,1
kills,1
vicinity,1
illuminating,1
chiumash,1
purposefully,1
fancisco,1
guide,1
collect,1
depicted,1
forager,1
interpretation,1
optimality,1
addition,1
suited,1
marginal,1
toolkits,1
anonymous,1
papel,1
rain,1
columbus,1
mobile,1
paradoxes,1
chronology,1
specifics,1
orange,1
index,1
specimens,1
coeval,1
idaho,1
grist,1
jay,1
patrc,1
initiation,1
adjusted,1
informal,1
publishing,1
rabbits,1
assistance,1
cationratio,1
dissected,1
benito,1
tortoise,1
profoundhildebrandt,1
accelerated,1
indian,1
appeals,1
insights,1
estca,1
reports,1
garland,1
violations,1
begins,1
friend,1
predisposition,1
anancientversion,1
inexplicably,1
holoceno,1
cdd,1
hallmark,1
skeletons,1
declining,1
double,1
volume,1
fruitful,1
members,1
resolution,1
reach,1
goals,1
ofaanthropology,1
allan,1
southem,1
skill,1
saccrificanido,1
reiterating,1
bits,1
cojo,1
genero,1
challenge,1
carolyn,1
consideration,1
cazaclores,1
journey,1
palm,1
pointed,1
reporting,1
cable,1
chance,1
conitend,1
ckfbili,1
deterioration,1
daly,1
tremendous,1
spear,1
speaks,1
incorporates,1
communal,1
unifying,1
eviclencia,1
coincidence,1
requisites,1
overwhelming,1
foodstuffs,1
head,1
blocks,1
westert,1
relates,1
striking,1
checks,1
totals,1
vandenberg,1
afraid,1
motivational,1
come,1
fsuhatr,1
andwomen,1
habitat,1
richer,1
probablyhildebrandt,1
grows,1
figurines,1
venture,1
considerable,1
minimize,1
illustration,1
discussed,1
fragments,1
stored,1
mnuy,1
documents,1
underused,1
ages,1
vcalley,1
outside,1
took,1
fits,1
adjacent,1
v,1
sayles,1
physiological,1
present,1
crosscut,1
archaeologies,1
manos,1
stalking,1
metaphors,1
testexcavations,1
purposes,1
folklore,1
imidica,1
relevant,1
answer,1
technologyhildebrandt,1
dance,1
inmodelsforthe,1
diachronicanalysis,1
por,1
jon,1
plugs,1
matheny,1
woman,1
fewer,1
belief,1
distance,1
ordinary,1
style,1
assemblage,1
counterpart,1
intevls,1
explicitly,1
compete,1
mill,1
differentiation,1
worldarchaeology,1
boat,1
upslope,1
semipermanent,1
argues,1
interpreting,1
andhildebrandt,1
original,1
fundamentally,1
becomes,1
recognizing,1
emanating,1
chucmash,1
technologies,1
implicaciones,1
investment,1
supplies,1
indiana,1
emeryville,1
considering,1
background,1
treated,1
alliance,1
comprise,1
discovery,1
calleguas,1
mayores,1
aiio,1
represented,1
slaves,1
impart,1
narrowly,1
drills,1
sosteneinos,1
yuman,1
mnasculinios,1
humian,1
sostenida,1
unpredictable,1
forested,1
manifestations,1
safer,1
recover,1
disavowed,1
faring,1
warming,1
encouraged,1
mediaeval,1
imbued,1
evollution,1
bears,1
cutandclo,1
station,1
loyalton,1
refers,1
alnd,1
ryan,1
frameworkfor,1
products,1
variables,1
discontinuity,1
examination,1
ceremonies,1
falsification,1
previous,1
option,1
neotropical,1
dismissed,1
necessitated,1
students,1
nuclear,1
ynez,1
open,1
crises,1
meanings,1
reassessing,1
historic,1
amazonian,1
lacustrine,1
directed,1
modem,1
emphasizing,1
elk,1
stress,1
obtaining,1
costumes,1
taxonomic,1
grupo,1
rebecca,1
spawned,1
amounts,1
stonehouse,1
quarrt,1
volcanism,1
counter,1
held,1
divisions,1
physics,1
allowed,1
variant,1
reviewers,1
supplying,1
revised,1
scraper,1
bows,1
him,1
features,1
disjunctions,1
practiced,1
probable,1
households,1
procuring,1
adequately,1
latter,1
iused,1
fiundamemntal,1
repeated,1
argumnent,1
sanita,1
somehow,1
coercive,1
illusions,1
ideational,1
trying,1
incapable,1
salt,1
methods,1
computed,1
generic,1
ornaments,1
cqj,1
shear,1
acquire,1
coastarchaeological,1
displayed,1
lagoon,1
anderson,1
effect,1
describing,1
attendant,1
anthropologicalarchaeology,1
january,1
hard,1
kill,1
coastcal,1
implication,1
advertisement,1
story,1
pathway,1
wcay,1
critiqued,1
shamanic,1
figures,1
macmillan,1
eel,1
northridge,1
fincales,1
quarterly,1
vertebrate,1
attention,1
encompassing,1
sistemlas,1
kdentflled,1
symmetrically,1
copying,1
offspring,1
separate,1
grandes,1
teresa,1
european,1
things,1
telephone,1
fifty,1
supplements,1
osadarw,1
esta,1
fueled,1
basgaill,1
payoffs,1
inordinate,1
contextsfor,1
enumerated,1
coterminous,1
evolve,1
continued,1
californiaarchaeology,1
crucial,1
obtainedhildebrandt,1
staples,1
ideology,1
testing,1
excavationis,1
basalt,1
scratched,1
monterey,1
imperatives,1
vague,1
metheny,1
newport,1
order,1
discard,1
regalia,1
predict,1
trait,1
throckmorton,1
ritualized,1
directing,1
directions,1
venues,1
outline,1
aiios,1
force,1
returned,1
millennia,1
proposition,1
confine,1
chaparral,1
periodo,1
paradoxical,1
paraphernalia,1
plasticity,1
covering,1
figurine,1
spanning,1
marana,1
foreward,1
es,1
astounding,1
rudolph,1
realmiente,1
achieve,1
enhance,1
sage,1
composed,1
provisioner,1
elkhorn,1
strategically,1
caries,1
worlds,1
ancd,1
eugene,1
pronghorn,1
attachment,1
meant,1
foreshaft,1
detail,1
goldberg,1
intelplay,1
forest,1
anthropomorphic,1
warrants,1
apreciados,1
reciprocal,1
rarely,1
orians,1
osborne,1
growing,1
suite,1
reviewing,1
considered,1
antecedent,1
melanesia,1
conclusion,1
fcamily,1
heritable,1
comparison,1
complexes,1
demonstrate,1
duracinte,1
struck,1
comsparcative,1
reinforced,1
forehead,1
recoleccian,1
theme,1
bioarchaeological,1
thousand,1
intergroup,1
scraping,1
propia,1
droughts,1
marino,1
sciences,1
sitesalong,1
organizational,1
sustained,1
routinely,1
eni,1
carbon,1
darwinian,1
surtirouniidinig,1
partner,1
aadm,1
principle,1
hipototicas,1
zahavi,1
commonplace,1
pst,1
readily,1
parental,1
fcauna,1
arcaico,1
specialized,1
prehistorv,1
ratio,1
global,1
gone,1
newsletterof,1
incorporating,1
down,1
drown,1
half,1
timbrook,1
harpoons,1
marmot,1
scenario,1
exploiting,1
americanantiqluity,1
drugor,1
deconstruction,1
reliability,1
longstanding,1
coombs,1
headdress,1
generalized,1
associations,1
historical,1
atlatl,1
las,1
past,1
placing,1
basinanthropology,1
richardson,1
cani,1
masters,1
risky,1
better,1
respect,1
inidicating,1
knowingly,1
believed,1
cautions,1
hills,1
william,1
virtual,1
defending,1
putrisimiieijo,1
economy,1
tiemnpo,1
notable,1
carefully,1
investigation,1
poses,1
weighs,1
spatial,1
them,1
inclutyenido,1
stability,1
selected,1
ones,1
accounts,1
quote,1
increinento,1
dallas,1
metaphor,1
seasonal,1
ies,1
mortars,1
centacl,1
optimized,1
temporally,1
extent,1
longlasting,1
diversa,1
xeric,1
insightful,1
provisioners,1
tammara,1
healthy,1
boughton,1
representations,1
archaeofauna,1
encounters,1
minimal,1
articulation,1
accruing,1
recovety,1
hundreds,1
adorned,1
targets,1
whales,1
travel,1
unnoticed,1
translated,1
commencing,1
itsarchaeological,1
paleoclimates,1
neck,1
ownership,1
organiized,1
mneollo,1
outweighs,1
transport,1
pits,1
edwards,1
reported,1
ohio,1
aprovisionamiento,1
kin,1
introduced,1
headmen,1
genieral,1
collecting,1
snapshots,1
variability,1
modelos,1
giving,1
redondo,1
intended,1
impose,1
cronk,1
assumptions,1
tablelands,1
rower,1
commodities,1
punctuated,1
obtain,1
demanding,1
arguments,1
indebted,1
phenomenon,1
salinas,1
gain,1
coming,1
categorization,1
syndrome,1
stine,1
ese,1
huntergatherers,1
suppressed,1
eric,1
colten,1
ecosystem,1
casadiablo,1
spirit,1
proxies,1
shown,1
conducive,1
survival,1
drownings,1
taite,1
cas,1
decimation,1
disposal,1
predispositions,1
unencumbered,1
advent,1
similarity,1
decrease,1
camps,1
materials,1
temperature,1
trauma,1
pierced,1
registrationi,1
newsletter,1
rockartdistrict,1
dangerous,1
register,1
typically,1
dense,1
aclaptations,1
pictographs,1
cobble,1
physical,1
sur,1
manufacture,1
showoff,1
glass,1
fivefold,1
crossed,1
attributes,1
variously,1
biggame,1
proccureinemet,1
clues,1
colleagues,1
defined,1
attempted,1
phenotypes,1
optimization,1
graphed,1
association,1
indices,1
sides,1
grcandes,1
enclosed,1
nonegalitarian,1
leads,1
observation,1
supported,1
tecnologica,1
modeling,1
occurring,1
pioneering,1
attending,1
ciertas,1
km,1
mason,1
exhaustive,1
higherwilliam,1
consisted,1
jeff,1
butchering,1
inarchaeology,1
sits,1
presumptuous,1
exclusively,1
element,1
characters,1
entire,1
rodea,1
develop,1
traditional,1
reconciling,1
societyfor,1
billman,1
compounding,1
building,1
broader,1
doing,1
delayed,1
chieti,1
ccave,1
arizona,1
barbaira,1
retention,1
asphalt,1
richly,1
heterogeneous,1
thorough,1
els,1
