WORDCOUNTS,WEIGHT
the,1011
of,776
and,716
in,381
a,249
to,214
at,160
house,126
fraser,122
houses,121
by,116
that,113
british,109
on,107
as,97
with,95
for,82
were,80
is,80
we,79
columbia,78
from,78
coast,78
was,71
structure,68
are,67
these,63
social,63
have,61
salish,61
valley,56
our,55
plank,53
identity,53
et,50
this,50
household,48
settlements,45
river,45
pp,42
edited,41
settlement,41
or,41
archaeological,41
be,41
may,40
northwest,40
archaeology,39
more,38
m,36
an,36
bc,36
al,36
university,36
data,34
pithouses,34
american,33
also,33
not,33
two,32
period,32
both,32
site,31
sites,31
structures,31
suggest,31
years,31
between,31
but,30
large,29
floor,29
used,29
department,29
maurer,28
size,28
interaction,28
group,27
no,27
many,27
it,26
later,26
features,26
households,26
other,25
their,25
qithyil,25
been,25
antiquity,25
within,24
some,24
north,24
into,23
central,23
identities,23
located,22
among,22
groups,21
plateau,21
unpublished,21
about,21
time,21
region,21
which,21
con,21
over,21
form,21
one,19
there,19
schaepe,19
pithouse,19
such,19
most,19
use,19
built,19
people,18
although,18
early,18
elements,17
based,17
late,17
least,17
larger,17
local,17
including,17
figure,17
indicate,17
ing,17
housepit,17
remains,17
e,16
those,16
its,16
excavated,16
several,16
research,16
culture,16
only,16
forms,16
beta,16
simon,16
exploring,16
lower,15
along,15
keith,15
occupation,15
during,15
new,15
ground,15
occupied,15
associated,15
historical,15
suggests,15
multiple,15
through,15
they,14
all,14
de,14
interior,14
relations,14
had,14
prehistoric,14
documented,14
ancient,14
roof,14
range,14
internal,14
material,14
ad,13
than,13
similar,13
upper,13
cultural,13
well,13
has,13
who,13
family,13
small,13
continuity,13
indian,13
ago,13
g,12
excavations,12
his,12
across,12
how,12
age,12
surface,12
location,12
near,12
island,12
rows,12
same,12
ethnographic,12
can,12
analysis,12
families,12
smaller,12
c,12
aboveground,11
first,11
s,11
coupland,11
depressions,11
david,11
unit,11
coastal,11
study,11
artifacts,11
los,11
part,11
level,11
heritage,11
hearths,11
michael,11
cm,11
past,11
d,11
o,10
pit,10
journal,10
r,10
organization,10
w,10
reflect,10
likely,10
where,10
deposits,10
environment,10
post,10
extended,10
world,10
substantial,10
stone,9
history,9
layout,9
sample,9
dates,9
vancouver,9
communities,9
space,9
ames,9
possibly,9
access,9
lived,9
because,9
douglas,9
washington,9
change,9
activities,9
south,9
community,9
structural,9
hearth,9
members,9
oral,9
landscape,9
degree,9
radiocarbon,9
thor,9
peoples,9
set,9
report,9
charles,9
excavation,8
village,8
production,8
differences,8
investigations,8
case,8
east,8
west,8
terrace,8
fort,8
four,8
resource,8
found,8
out,8
storage,8
collective,8
southern,8
single,8
toward,8
general,8
ture,8
carlson,8
relative,8
provide,8
millennia,8
construction,8
types,8
prehistory,8
each,8
reflected,8
terms,8
tions,8
approximately,8
land,8
much,8
row,8
complex,7
formed,7
feature,7
ubc,7
posts,7
roy,7
possible,7
international,7
throughout,7
y,7
ment,7
walls,7
elsewhere,7
appear,7
struc,7
patrick,7
shared,7
term,7
ann,7
expressions,7
occupants,7
earth,7
when,7
regional,7
kenneth,7
areas,7
do,7
see,7
three,7
architectural,7
include,7
table,7
mchalsie,7
rim,7
earliest,7
series,7
anthropology,7
different,7
maschner,7
evidence,7
shift,7
settle,7
monographs,7
miller,6
common,6
names,6
position,6
western,6
j,6
gary,6
system,6
dr,6
ovens,6
resources,6
canyon,6
review,6
historically,6
relatively,6
basic,6
square,6
productive,6
support,6
important,6
fishing,6
hanson,6
wayne,6
work,6
tributary,6
place,6
project,6
p,6
field,6
around,6
presence,6
provided,6
arrangement,6
largest,6
insights,6
noted,6
john,6
patterns,6
understanding,6
dating,6
ties,6
trade,6
clear,6
relationship,6
cedar,6
hope,6
share,6
supported,6
paper,6
connection,6
did,6
phd,6
cal,6
unique,6
physical,6
glass,6
comparison,6
major,6
scowlitz,5
determine,5
semi,5
contemporaneous,5
center,5
he,5
studies,5
nineteenth,5
joe,5
file,5
archaeologists,5
either,5
sources,5
link,5
robert,5
political,5
side,5
linear,5
recorded,5
design,5
holocene,5
information,5
x,5
exposed,5
iron,5
century,5
thank,5
duff,5
evident,5
explore,5
links,5
process,5
after,5
b,5
hp,5
emergence,5
slate,5
recovered,5
cut,5
molds,5
expressed,5
appears,5
population,5
fish,5
rectilinear,5
example,5
nation,5
winter,5
del,5
climate,5
span,5
tasks,5
variety,5
absence,5
economic,5
elizabeth,5
arrangements,5
albert,5
processing,5
salmon,5
power,5
mark,5
rock,5
ley,5
variation,5
pattern,5
present,5
colum,5
mathewes,5
discussion,5
evolution,5
described,5
nuclear,5
plant,5
exchange,5
shallow,5
postholes,5
european,5
lepofsky,5
inside,5
elder,5
composed,5
known,5
slope,5
specific,5
text,5
here,5
wall,5
living,5
places,5
what,5
number,5
despite,5
situated,5
indians,5
harrison,5
charlie,5
consumption,5
canadian,5
need,5
area,5
helped,4
redcedar,4
calibrated,4
if,4
represent,4
environmental,4
xaiytem,4
per,4
significant,4
expression,4
tures,4
remnants,4
easily,4
ian,4
before,4
chief,4
round,4
long,4
archae,4
might,4
watersheds,4
dramatically,4
could,4
daily,4
survey,4
i,4
somewhat,4
el,4
rolf,4
similarities,4
celts,4
prior,4
pre,4
richard,4
rela,4
minimum,4
framework,4
thus,4
relationships,4
development,4
longevity,4
stakes,4
suttles,4
distinct,4
items,4
back,4
six,4
arranged,4
estimate,4
details,4
york,4
l,4
main,4
na,4
occu,4
natasha,4
linked,4
just,4
bruce,4
delta,4
beyond,4
neither,4
permanent,4
greater,4
appearance,4
tural,4
circular,4
michigan,4
burial,4
tools,4
spiritual,4
lyons,4
val,4
shape,4
watershed,4
will,4
provincial,4
sug,4
stake,4
london,4
casa,4
revealed,4
personal,4
floors,4
good,4
few,4
inte,4
visible,4
notes,4
knowledge,4
f,4
holds,4
architecture,4
planks,4
dwellings,4
indicates,4
interactions,4
standing,4
eral,4
foot,4
represents,4
ormerod,4
nature,4
matson,4
broad,4
narratives,4
name,4
towns,4
inves,4
together,4
contemporary,4
man,4
reasons,4
outside,4
council,4
perhaps,4
cul,4
food,4
rivers,4
california,4
anthropol,4
language,4
patricia,4
times,4
obtained,4
trieu,4
margin,4
valued,4
k,4
pro,4
seattle,4
james,4
ethnographically,4
probably,4
northern,4
figures,4
topography,4
science,4
testing,4
rior,4
detailed,4
bia,4
saddles,4
dana,4
bench,4
anthropological,4
contained,4
changing,4
cate,4
housepits,4
carl,4
basketry,4
sociales,4
jeanne,4
down,4
domestic,4
tunnels,4
subterranean,4
identidades,4
william,4
hall,4
heads,4
them,4
while,4
vol,4
orientation,4
reported,4
com,4
maintained,4
oldest,4
meaning,4
mason,4
themselves,4
lake,4
traditional,4
focus,4
dif,4
broader,4
col,4
ments,3
now,3
transportation,3
tion,3
soci,3
fea,3
alone,3
sets,3
ways,3
h,3
signifies,3
bp,3
salvage,3
test,3
consistent,3
permit,3
implications,3
taken,3
utilization,3
archer,3
company,3
available,3
suggesting,3
simple,3
brian,3
reveal,3
cohesion,3
date,3
marine,3
current,3
gaps,3
courtesy,3
anthropologists,3
key,3
america,3
functions,3
signal,3
labor,3
phase,3
includes,3
southwestern,3
leclair,3
since,3
terraces,3
interest,3
ern,3
conducted,3
bay,3
refer,3
baldwin,3
mul,3
sin,3
messages,3
van,3
town,3
museum,3
lenert,3
highway,3
whether,3
importance,3
entrances,3
parts,3
contributions,3
upstream,3
changes,3
consider,3
established,3
image,3
intensive,3
placed,3
xi,3
lithic,3
connecting,3
shed,3
depart,3
generally,3
management,3
view,3
quentin,3
whereas,3
result,3
whom,3
mapping,3
changed,3
amer,3
ogy,3
neighboring,3
institute,3
residential,3
recently,3
produced,3
scale,3
wide,3
sedentism,3
chawathil,3
line,3
tool,3
nine,3
differ,3
tenure,3
year,3
constitute,3
compact,3
artifact,3
ucla,3
regions,3
indi,3
spatially,3
box,3
shapes,3
portions,3
corridor,3
yielded,3
using,3
appropriate,3
preliminary,3
society,3
gle,3
nations,3
benches,3
portion,3
rare,3
contact,3
tiple,3
tigation,3
short,3
july,3
still,3
above,3
pacific,3
under,3
denys,3
us,3
oven,3
complete,3
reports,3
lamb,3
ontario,3
added,3
five,3
shows,3
foods,3
appeared,3
chilliwack,3
generations,3
end,3
ethno,3
adjacent,3
oregon,3
stalo,3
eayem,3
ladder,3
upslope,3
classes,3
borden,3
examples,3
slaves,3
previously,3
samples,3
enduring,3
previous,3
low,3
perimeter,3
sev,3
historic,3
accessed,3
discussed,3
co,3
homes,3
like,3
tribal,3
high,3
housed,3
uni,3
probable,3
earlier,3
provides,3
graves,3
parallel,3
locales,3
sandra,3
clusters,3
lo,3
perspectives,3
sometimes,3
seen,3
began,3
length,3
captain,3
sound,3
hatzic,3
then,3
any,3
following,3
comes,3
complexity,3
graesch,3
constructed,3
natural,3
katz,3
cultures,3
sizes,3
goods,3
las,3
beginning,3
explanations,3
investigation,3
combined,3
spatial,3
making,3
temporally,3
extent,3
jason,3
property,3
presented,3
son,3
city,3
celt,3
hbc,3
manufacturing,3
jan,3
formation,3
until,3
difference,3
puget,3
sur,3
anthony,3
association,3
increased,3
roughly,3
potential,3
tribes,3
consisted,3
create,3
given,3
pat,3
nephrite,3
strong,3
recent,3
observed,3
arnold,3
indicating,3
ca,3
gis,2
difficult,2
does,2
currently,2
child,2
oriented,2
way,2
indicated,2
expand,2
suggested,2
iowa,2
episodes,2
resulted,2
red,2
dale,2
considerably,2
starts,2
manuscript,2
connecticut,2
speakers,2
reinforce,2
fluid,2
kinds,2
essays,2
lillooet,2
drawings,2
han,2
former,2
endured,2
equated,2
unlike,2
edge,2
par,2
har,2
being,2
ideas,2
cv,2
tantalizing,2
worked,2
rims,2
mercury,2
containing,2
rectangu,2
stanish,2
accumulated,2
composition,2
hunting,2
styles,2
alignment,2
help,2
basins,2
persistence,2
lv,2
state,2
que,2
nal,2
ity,2
context,2
debitage,2
dialect,2
owing,2
matthew,2
clearly,2
ered,2
activity,2
affinal,2
soils,2
marian,2
consumed,2
apart,2
combination,2
reflecting,2
tlement,2
dividers,2
boxberger,2
ritual,2
mid,2
human,2
andrew,2
royal,2
affiliation,2
lon,2
exploramos,2
sitios,2
pied,2
guage,2
hierarchy,2
corner,2
characteristic,2
refur,2
capped,2
barnett,2
rapoport,2
lan,2
nested,2
big,2
turn,2
estimates,2
cases,2
nor,2
old,2
lin,2
clark,2
oxford,2
served,2
compared,2
networks,2
ety,2
bill,2
wet,2
jones,2
influence,2
phases,2
affiliations,2
peo,2
excavate,2
sue,2
recognized,2
without,2
rather,2
bring,2
traffic,2
angeles,2
proceedings,2
crest,2
represented,2
mackie,2
collec,2
certain,2
entre,2
direct,2
aquatic,2
scales,2
distant,2
von,2
consistency,2
means,2
recalled,2
tinued,2
objects,2
dated,2
presumably,2
too,2
larkin,2
additional,2
comparisons,2
comprising,2
mix,2
utah,2
plenum,2
thesis,2
shifted,2
flow,2
dug,2
ear,2
dc,2
charcoal,2
uv,2
raw,2
kennedy,2
arrival,2
allow,2
societies,2
katherine,2
future,2
discrete,2
pellatt,2
centrally,2
radiometric,2
ican,2
featured,2
correlates,2
inter,2
academic,2
further,2
handbook,2
focused,2
versity,2
aspects,2
inlepofsky,2
cairns,2
applied,2
wealth,2
record,2
gps,2
influenced,2
kathryn,2
halkomelem,2
protected,2
sept,2
memoir,2
columbialepofsky,2
apparent,2
positions,2
ple,2
describe,2
art,2
records,2
seasonally,2
mungo,2
correspon,2
ter,2
status,2
miss,2
connections,2
approach,2
manifestation,2
refuse,2
t,2
situational,2
published,2
creating,2
ducted,2
sense,2
hard,2
below,2
ethnicity,2
trading,2
next,2
hole,2
emerging,2
mitchell,2
characteristics,2
smithsonian,2
knives,2
highly,2
depression,2
fire,2
convey,2
villages,2
st,2
hayden,2
periods,2
shoreline,2
san,2
investigating,2
various,2
variability,2
grand,2
comparative,2
inferential,2
make,2
expanded,2
longhouses,2
hold,2
religious,2
yet,2
housing,2
thought,2
residence,2
technology,2
chronology,2
beams,2
home,2
planned,2
rectangular,2
sharply,2
robust,2
thorn,2
confirmed,2
patterning,2
strata,2
lewis,2
datos,2
anchored,2
others,2
tlements,2
water,2
smith,2
longer,2
ceramic,2
occurrence,2
gested,2
plan,2
occupations,2
largo,2
mold,2
considerable,2
anthropologist,2
ages,2
threads,2
road,2
purposes,2
dorothy,2
accepted,2
ish,2
unclear,2
coincided,2
riley,2
practice,2
native,2
croes,2
como,2
shifts,2
wood,2
fc,2
another,2
able,2
demonstrated,2
archi,2
electronic,2
comprise,2
explanation,2
eighteenth,2
recessed,2
distinctly,2
increase,2
traded,2
station,2
continue,2
gahr,2
leica,2
students,2
subsurface,2
open,2
significance,2
publication,2
connec,2
peter,2
august,2
held,2
individual,2
construc,2
characterized,2
ozette,2
summer,2
mexico,2
static,2
maximize,2
lie,2
standard,2
abundant,2
thomas,2
latter,2
woodworking,2
faith,2
strongly,2
salt,2
often,2
examine,2
availability,2
slightly,2
positioning,2
conveyed,2
interconnected,2
cen,2
la,2
adzes,2
separate,2
ferences,2
greenwood,2
groupings,2
abundance,2
today,2
continued,2
george,2
you,2
lar,2
maps,2
bound,2
begin,2
vertical,2
tive,2
her,2
itself,2
itage,2
sobel,2
wilson,2
why,2
wildlife,2
ology,2
centuries,2
months,2
instances,2
aboriginal,2
canada,2
mounds,2
joseph,2
considered,2
stratigraphic,2
thinking,2
extending,2
asentamientos,2
geographic,2
implied,2
scrutiny,2
cotsen,2
terrestrial,2
modeling,2
know,2
annis,2
dimension,2
colonization,2
cemetery,2
exploration,2
seem,2
identi,2
dur,2
tity,2
half,2
cooling,2
negotiated,2
very,2
thompson,2
special,2
vey,2
kisha,2
destroyed,2
according,2
delineated,2
reproduce,2
literature,2
selected,2
wakashan,2
references,2
supports,2
particular,2
nearby,2
sal,2
seasonal,2
distribution,2
densities,2
prestige,2
don,2
stove,2
squamish,2
contain,2
categories,2
middle,2
pants,2
marpole,2
practices,2
williamson,2
perspective,2
assumptions,2
therefore,2
territory,2
jour,2
colonial,2
contrasts,2
metal,2
locations,2
cambridge,2
national,2
gunther,2
grant,2
iden,2
course,2
gravel,2
typically,2
define,2
socially,2
erna,2
asked,2
attributes,2
earthen,2
schulting,2
speak,2
summary,2
second,2
km,2
sits,2
northwestern,2
duction,2
duration,2
roles,2
race,2
processes,1
prox,1
canute,1
chronologies,1
silt,1
amphibians,1
forested,1
undergraduate,1
order,1
ambiente,1
inward,1
onwards,1
bishings,1
exhibit,1
reevaluated,1
stu,1
horizontal,1
sterile,1
valle,1
evangaline,1
postmolds,1
stylistic,1
generated,1
cent,1
nest,1
inset,1
created,1
functional,1
stoves,1
northernmost,1
encouraged,1
lauri,1
tory,1
adela,1
extend,1
expedition,1
measures,1
resided,1
epidemic,1
combine,1
sshrc,1
mar,1
utility,1
notably,1
sphere,1
debris,1
mouth,1
eth,1
connect,1
bestimates,1
told,1
needed,1
tact,1
catherine,1
led,1
residences,1
rick,1
mike,1
confidence,1
mobility,1
larry,1
identify,1
designed,1
oratory,1
transac,1
ma,1
supervision,1
live,1
library,1
units,1
bouchard,1
prince,1
dichoto,1
mous,1
hampton,1
approaches,1
mals,1
walker,1
fortunate,1
jonathan,1
mit,1
bination,1
modern,1
prehminary,1
vedder,1
ritory,1
boulder,1
ms,1
cific,1
assumption,1
cams,1
loca,1
missionaries,1
ondary,1
gr,1
acceptance,1
policy,1
tracery,1
pennier,1
tinuity,1
nuta,1
mainland,1
cited,1
laid,1
occurred,1
refurbished,1
landform,1
total,1
freeman,1
ucts,1
scientist,1
ethnoarchaeological,1
assisted,1
communicating,1
elbow,1
assume,1
gories,1
revision,1
archaeo,1
bark,1
contexts,1
orms,1
cutting,1
december,1
estimated,1
gia,1
hamlets,1
jesse,1
wrong,1
simul,1
revisited,1
misidentified,1
creation,1
strang,1
munication,1
ii,1
attempts,1
meters,1
semeiotic,1
nebraska,1
address,1
asso,1
disturbance,1
season,1
attempt,1
rig,1
permanently,1
kent,1
consin,1
darren,1
youngest,1
maccallum,1
definition,1
detritus,1
refurbishing,1
oblong,1
cial,1
validating,1
reach,1
principles,1
archaeologically,1
alexander,1
sup,1
excavating,1
wooden,1
packed,1
leading,1
mau,1
themlepofsky,1
accommodate,1
broadly,1
broken,1
assertion,1
resi,1
great,1
monitor,1
intergen,1
potentially,1
analyses,1
encapsulate,1
ephemeral,1
haeberlin,1
sometime,1
ences,1
closer,1
hundred,1
professor,1
carnegie,1
take,1
vic,1
prevail,1
subsequent,1
wealthy,1
failures,1
shennan,1
harmondsworth,1
tangible,1
fishhooks,1
hybridized,1
cemeteries,1
elm,1
emphasized,1
chiefdoms,1
raised,1
doc,1
incluyen,1
discipline,1
reading,1
outdoor,1
polit,1
behind,1
daniel,1
visibility,1
attempted,1
legend,1
inquiry,1
empezamos,1
remodeling,1
tallies,1
stakemolds,1
nar,1
forum,1
corresponded,1
bentwood,1
alfred,1
abutting,1
plain,1
behavioral,1
eastern,1
wetland,1
albeit,1
recov,1
tal,1
pub,1
u,1
draw,1
discuss,1
right,1
march,1
retain,1
manageable,1
account,1
backing,1
knife,1
radiocar,1
math,1
marked,1
compelling,1
niveles,1
associ,1
condition,1
ance,1
adopting,1
lication,1
alter,1
datasets,1
ings,1
forlepofsky,1
driver,1
countered,1
obvious,1
stratigraphy,1
point,1
palaeoethnobotanical,1
timothy,1
establishment,1
familial,1
owners,1
raetz,1
shellfish,1
overlooking,1
supernant,1
dynamic,1
esis,1
undoubtedly,1
explorer,1
soowahalie,1
beneath,1
tionally,1
prototype,1
troves,1
marlow,1
factored,1
gateways,1
behavior,1
harold,1
hudson,1
usage,1
ranked,1
occupationslepofsky,1
jen,1
frequencies,1
srf,1
restos,1
pen,1
fit,1
remem,1
collapse,1
ronald,1
harcourt,1
reused,1
explained,1
ticular,1
esti,1
immediate,1
consideration,1
accommodation,1
lining,1
calculated,1
due,1
against,1
analyzing,1
ilar,1
sediment,1
silent,1
stasis,1
integral,1
neighbors,1
intact,1
canadians,1
popularly,1
regarded,1
locarno,1
te,1
colville,1
application,1
dence,1
arena,1
cations,1
nence,1
dis,1
precludes,1
quebec,1
archaeol,1
casas,1
ver,1
amount,1
consanguinal,1
selectas,1
differently,1
highest,1
divisions,1
timeframe,1
serving,1
slave,1
materi,1
elicit,1
radio,1
graphically,1
lineage,1
suitable,1
brace,1
honour,1
continuous,1
third,1
foresthistory,1
ness,1
publications,1
ologists,1
died,1
tral,1
aquaticlepofsky,1
formulate,1
hybrid,1
mates,1
even,1
tim,1
pueblo,1
unresolved,1
mcmurtrie,1
communication,1
gaze,1
pos,1
apparently,1
gations,1
heyeqw,1
coasts,1
gest,1
keat,1
tained,1
acted,1
acknowledge,1
nohistory,1
ica,1
let,1
cobbles,1
hypothesize,1
rent,1
reconfiguring,1
higher,1
rights,1
portland,1
nuclearto,1
via,1
simultaneously,1
neces,1
whose,1
deviations,1
reflects,1
cana,1
ably,1
upright,1
lective,1
camp,1
drainages,1
civi,1
contin,1
managing,1
notamos,1
centered,1
ficial,1
taxonomy,1
morrison,1
remain,1
junction,1
evaluation,1
provin,1
ratives,1
reference,1
subsistence,1
mean,1
una,1
environments,1
deliberately,1
js,1
tionships,1
martina,1
compacted,1
persistent,1
eight,1
unidades,1
se,1
perma,1
marcus,1
winters,1
sandy,1
denise,1
gratefully,1
enabled,1
lay,1
collecting,1
ves,1
intensity,1
miscellaneous,1
front,1
boas,1
multivariate,1
expres,1
cathlapotle,1
shell,1
wash,1
baugh,1
mrs,1
ciation,1
eval,1
krogh,1
serve,1
expe,1
salmonine,1
plus,1
varios,1
kaye,1
lished,1
gravels,1
varying,1
dichotomy,1
occupational,1
physically,1
sim,1
descent,1
architec,1
branch,1
prentiss,1
francis,1
dalla,1
amid,1
moderately,1
n,1
numbers,1
mary,1
jersey,1
recycling,1
lematic,1
lapping,1
differs,1
quarters,1
frag,1
solid,1
influ,1
meant,1
commonly,1
favored,1
horizontally,1
graphic,1
riveror,1
origins,1
specifics,1
albuquerque,1
readings,1
slough,1
surmise,1
notions,1
circulating,1
footprints,1
trary,1
pierre,1
coldest,1
explain,1
recruited,1
dominant,1
respected,1
tu,1
photos,1
mawr,1
deetz,1
fggl,1
decades,1
lor,1
compiled,1
tioned,1
franz,1
alan,1
nected,1
reflections,1
streak,1
marshall,1
welqamex,1
uses,1
gregory,1
closely,1
problem,1
affiliated,1
lhaekptel,1
concentration,1
reexamined,1
wares,1
lain,1
rule,1
marion,1
kamel,1
difficulty,1
erosion,1
faunal,1
called,1
midden,1
sqemel,1
taining,1
relating,1
effort,1
resembles,1
seven,1
centers,1
stretches,1
format,1
mam,1
events,1
allowing,1
relate,1
agendas,1
worker,1
diet,1
explores,1
generaciones,1
orser,1
fishery,1
evaluate,1
dent,1
embedded,1
cambiado,1
ranking,1
equally,1
geomatics,1
traced,1
kamloops,1
traits,1
though,1
buried,1
uated,1
mediated,1
desde,1
sharpened,1
domestication,1
moore,1
deanna,1
fisheries,1
exca,1
younger,1
otherwise,1
conversa,1
dan,1
pleistocene,1
required,1
facilities,1
find,1
peters,1
blake,1
acknowledgments,1
flaked,1
accelerated,1
oh,1
mcginity,1
tially,1
aries,1
briefly,1
capably,1
overlapping,1
jim,1
ridgefield,1
directly,1
none,1
network,1
distinctiveness,1
designation,1
spheres,1
basis,1
distinguish,1
tant,1
mapped,1
honors,1
vide,1
clarke,1
formerly,1
colectivas,1
amos,1
planning,1
scope,1
bounded,1
residents,1
already,1
multifamily,1
thatlepofsky,1
andes,1
carry,1
stor,1
wissler,1
luke,1
nearest,1
prized,1
prominent,1
reserve,1
unfinished,1
unexcavated,1
related,1
actors,1
ferent,1
aged,1
disserta,1
description,1
oirs,1
continuado,1
surprise,1
copyright,1
flatfish,1
transportable,1
whole,1
ultimate,1
welqdmex,1
older,1
volunteers,1
uso,1
inferences,1
demonstrates,1
partly,1
densely,1
gatherers,1
kunghit,1
beads,1
saskatchewan,1
ethnohistoric,1
variasformas,1
stratum,1
gear,1
surrounding,1
systematic,1
differentially,1
southerly,1
sels,1
fieldwork,1
envi,1
includ,1
paleoenvironmen,1
traditions,1
transformers,1
concurrent,1
trends,1
lithics,1
boulders,1
overriding,1
graduate,1
hidden,1
mem,1
towards,1
continuidad,1
trate,1
uniqueness,1
prelim,1
etrating,1
start,1
giant,1
sugieren,1
cold,1
lowest,1
distances,1
cienttficos,1
alents,1
drier,1
reliable,1
tested,1
compleja,1
catholic,1
poster,1
interacting,1
nial,1
stimulated,1
diagnostic,1
mented,1
gests,1
setha,1
orient,1
bank,1
specifically,1
teams,1
greek,1
spanish,1
autonomy,1
usando,1
preucel,1
migration,1
entanglement,1
bridge,1
ation,1
posthole,1
observe,1
tanto,1
ancestors,1
alluvial,1
cur,1
advancement,1
fully,1
en,1
annual,1
ington,1
majority,1
os,1
orous,1
loci,1
wife,1
pa,1
away,1
structured,1
canuto,1
lore,1
value,1
grateful,1
cairn,1
carruthers,1
ewes,1
beverages,1
moved,1
sporadic,1
macrofossil,1
gordon,1
ochre,1
subterrdneas,1
content,1
lection,1
couver,1
adja,1
critical,1
houseslepofsky,1
bedrock,1
node,1
partially,1
langley,1
underground,1
ical,1
devel,1
expect,1
onset,1
summarize,1
commu,1
herrling,1
letters,1
chase,1
agassiz,1
knit,1
gracile,1
identified,1
separation,1
indeed,1
hide,1
ers,1
overall,1
reconocen,1
nuestros,1
expansion,1
limited,1
interiors,1
notoriously,1
appreciate,1
brief,1
edges,1
reinforcements,1
outlet,1
brings,1
sloughs,1
equivalents,1
april,1
positioned,1
buffering,1
accumulations,1
comments,1
railway,1
commodore,1
builders,1
problematically,1
outer,1
movement,1
collapsed,1
byprod,1
seemingly,1
dirk,1
direction,1
blukas,1
measure,1
mcafee,1
label,1
jonathon,1
spoken,1
patches,1
stud,1
jenness,1
reel,1
relied,1
hoskins,1
elaboration,1
vided,1
uninhabited,1
vila,1
permission,1
nonlocal,1
wake,1
dential,1
rules,1
ile,1
builds,1
counterparts,1
sisted,1
sociocultural,1
dialects,1
inspiration,1
bers,1
remnant,1
boundary,1
signaling,1
quanti,1
unwin,1
jay,1
assimilation,1
included,1
railroad,1
analytical,1
ageb,1
transformations,1
light,1
takashi,1
lushootseed,1
abandon,1
performed,1
essentialist,1
tectural,1
nw,1
si,1
wisconsin,1
begins,1
lined,1
bar,1
timbers,1
pierson,1
functioned,1
stones,1
picture,1
hallmark,1
disciplinary,1
comparably,1
regardless,1
fill,1
chose,1
volume,1
sam,1
nova,1
mound,1
vesting,1
phillip,1
dgrn,1
paul,1
jeffrey,1
proxim,1
metaphysical,1
reoccu,1
loams,1
avail,1
procured,1
morin,1
rel,1
sider,1
addition,1
projects,1
erect,1
scientists,1
enced,1
herbert,1
speaks,1
joyce,1
lengthy,1
fact,1
recientemente,1
marker,1
limit,1
construido,1
preserve,1
chisholm,1
englewood,1
carbonized,1
seasonality,1
calib,1
muchas,1
bourdieu,1
clague,1
developed,1
ofwet,1
disturbed,1
rebuilding,1
layer,1
als,1
manifested,1
anthro,1
commemorate,1
habitat,1
sleep,1
coordinates,1
surfaces,1
riverboat,1
rangea,1
seldom,1
mcmillan,1
oc,1
anne,1
external,1
riginal,1
taneously,1
documents,1
honor,1
anlepofsky,1
channel,1
mor,1
took,1
uous,1
palisade,1
henning,1
abstract,1
v,1
nity,1
ron,1
hypoth,1
centre,1
increases,1
pleis,1
covered,1
utm,1
fieldlepofsky,1
continuing,1
smallpox,1
less,1
strategies,1
homer,1
stirred,1
necessary,1
andean,1
spoke,1
excep,1
cir,1
collard,1
norms,1
yvonne,1
poles,1
showing,1
woman,1
ryan,1
preparation,1
dences,1
understand,1
scattered,1
style,1
ognize,1
unusable,1
primarily,1
echelon,1
regionally,1
outlines,1
nicole,1
elevation,1
apache,1
diameter,1
classical,1
interpreting,1
amaral,1
grouping,1
government,1
liv,1
technologies,1
investment,1
multihouse,1
spectives,1
rio,1
father,1
dave,1
skepticism,1
treated,1
corroborated,1
made,1
assemblages,1
maritime,1
actuates,1
lense,1
erational,1
sides,1
extrapolated,1
socioeco,1
recording,1
abo,1
ethnology,1
manufactured,1
pueden,1
campsite,1
sufficiently,1
donald,1
mortuary,1
clustered,1
manifestations,1
settings,1
allel,1
elite,1
rages,1
imbued,1
wis,1
rec,1
temexw,1
ordering,1
waste,1
hosted,1
keatley,1
slump,1
persisted,1
refers,1
shallowly,1
jerome,1
terri,1
sequence,1
aside,1
submitted,1
net,1
ethnic,1
exhibited,1
trend,1
actual,1
engaged,1
paleoenvi,1
emery,1
laboratory,1
fer,1
munity,1
prints,1
struction,1
connected,1
outpost,1
hardened,1
grupo,1
continuities,1
exceedingly,1
stem,1
relacionar,1
landscapes,1
percy,1
authors,1
lakes,1
cambio,1
brass,1
maintenance,1
encyclo,1
taphonomic,1
reviewers,1
revised,1
would,1
flood,1
unpub,1
so,1
function,1
poraneous,1
iterativa,1
parti,1
premium,1
cache,1
collected,1
linking,1
recti,1
counted,1
alcance,1
filled,1
mammals,1
proximity,1
running,1
connects,1
last,1
sto,1
optimal,1
interregional,1
roofs,1
especially,1
facing,1
labels,1
enough,1
landf,1
occupa,1
constructing,1
generic,1
relation,1
successors,1
interpretations,1
shxwelis,1
bryn,1
blanton,1
deliberate,1
gensen,1
intervillage,1
rer,1
diamond,1
inary,1
residue,1
story,1
hunter,1
ate,1
southwest,1
nails,1
shamanic,1
versus,1
cello,1
destruction,1
nomic,1
remarkable,1
socioeconomy,1
ination,1
redundancy,1
haines,1
files,1
sole,1
encompassing,1
planked,1
widely,1
species,1
increasing,1
expresiones,1
landarchaeology,1
trails,1
factors,1
carried,1
departs,1
upriver,1
indication,1
yr,1
bon,1
rafter,1
siderable,1
esta,1
states,1
phone,1
observa,1
note,1
decomposed,1
wisdom,1
processed,1
shuswap,1
fairly,1
bars,1
gathering,1
linda,1
investi,1
geophysical,1
hill,1
reasonable,1
vague,1
reminders,1
deaths,1
fewer,1
sec,1
noncul,1
male,1
multi,1
predict,1
dimensions,1
sfu,1
lost,1
sensitive,1
surveys,1
elevadas,1
bears,1
ster,1
lawrence,1
lives,1
markers,1
contribution,1
sequences,1
recognize,1
mottled,1
potlatch,1
methods,1
responsible,1
arts,1
correlatos,1
existed,1
expla,1
united,1
sheds,1
teresa,1
dead,1
soutwestern,1
tecture,1
illus,1
ological,1
strategically,1
face,1
unusual,1
problematic,1
eugene,1
gathered,1
resemble,1
promi,1
regularly,1
ie,1
stable,1
communal,1
door,1
claims,1
berber,1
linguist,1
circumscribed,1
school,1
produc,1
acquired,1
rarely,1
equiv,1
suite,1
reviewing,1
repaired,1
sorting,1
demographics,1
exemplified,1
mentioned,1
ples,1
opments,1
extienden,1
ronment,1
demonstrate,1
hypothesized,1
imity,1
unbroken,1
fran,1
rison,1
continues,1
uncov,1
offered,1
botanical,1
observation,1
temporal,1
mientras,1
cracked,1
prob,1
meat,1
equipment,1
sourcing,1
simi,1
clarence,1
equation,1
poten,1
haida,1
mirrors,1
sibly,1
systems,1
replace,1
identidad,1
evokes,1
sitating,1
espaciales,1
ronmental,1
clifford,1
radiance,1
descriptions,1
chilli,1
steven,1
suggestions,1
expanding,1
continu,1
asimiento,1
vari,1
incorporating,1
ft,1
collapsing,1
prominence,1
argue,1
southernmost,1
reminiscent,1
okanagan,1
followers,1
pigment,1
maud,1
ideological,1
ported,1
particularly,1
dhrl,1
blackened,1
journals,1
guy,1
atively,1
privileged,1
subalpine,1
differed,1
nailed,1
cular,1
proposed,1
type,1
masters,1
senate,1
oliver,1
texas,1
pushing,1
clarity,1
animal,1
talalay,1
lashed,1
wit,1
ented,1
capita,1
kroeber,1
sxwoxwiymelh,1
strategy,1
lege,1
ones,1
tablas,1
perrier,1
independently,1
tiguous,1
character,1
seis,1
colder,1
sus,1
map,1
impli,1
mere,1
college,1
axis,1
ies,1
mathew,1
ceased,1
leaving,1
forma,1
crellin,1
waters,1
prepare,1
thames,1
periphery,1
teit,1
oils,1
precursor,1
tveskov,1
divide,1
notebooks,1
watchman,1
huge,1
ori,1
almost,1
anna,1
exemplify,1
investiga,1
incorporated,1
hundreds,1
prevent,1
signify,1
travel,1
suelo,1
translated,1
spaces,1
vessels,1
munications,1
conference,1
socioeconomic,1
outline,1
recognizing,1
gatherings,1
dian,1
pation,1
preserved,1
entrance,1
pits,1
prehis,1
little,1
kin,1
contemporaneity,1
beach,1
marble,1
undertaken,1
became,1
lectivity,1
docu,1
easy,1
tically,1
abandoned,1
techniques,1
laps,1
transition,1
step,1
ken,1
sion,1
torian,1
hybridization,1
screen,1
commodities,1
lab,1
reconstruct,1
merchant,1
botany,1
describes,1
snow,1
goals,1
sists,1
think,1
pogenic,1
leap,1
liest,1
prepared,1
haye,1
named,1
campus,1
question,1
intercultural,1
moderate,1
ure,1
aau,1
extendedlepofsky,1
tocene,1
argues,1
euro,1
reveals,1
leveled,1
frontiers,1
sheltered,1
geor,1
similarity,1
slept,1
copies,1
decrease,1
protohistoric,1
numerous,1
iterative,1
internally,1
materials,1
precise,1
optimistically,1
betty,1
completed,1
wish,1
parallels,1
actively,1
consolidated,1
green,1
manufacture,1
gen,1
subrectangular,1
cation,1
exceeding,1
regular,1
terning,1
centrality,1
prosperity,1
photograph,1
playing,1
defined,1
forming,1
off,1
measuring,1
tributaries,1
landforms,1
bishing,1
scape,1
typology,1
marcello,1
anonymous,1
reconnaissance,1
mf,1
vi,1
thousand,1
intergroup,1
intermittently,1
carbon,1
rupert,1
ated,1
removed,1
best,1
trader,1
distinctions,1
broadening,1
evoca,1
jeff,1
jamie,1
vary,1
communi,1
reached,1
stemming,1
informants,1
thicker,1
impor,1
sharing,1
partial,1
cohesive,1
maximum,1
exclusively,1
crisca,1
documentary,1
gulf,1
jor,1
coquihalla,1
should,1
building,1
meeting,1
mainstay,1
termed,1
close,1
spe,1
contem,1
retention,1
deeper,1
looking,1
continuously,1
hypothesis,1
