WORDCOUNTS,WEIGHT
the,1224
of,742
and,486
a,392
in,382
for,369
to,296
that,175
is,168
with,159
by,142
as,133
model,118
gs,104
are,101
implements,97
groups,96
nmv,93
on,92
be,90
et,88
complex,87
risk,85
complexity,81
from,79
an,75
regression,71
not,70
number,67
between,67
two,65
resource,64
data,63
used,63
more,63
have,63
their,54
implement,53
interaction,52
diversity,50
nct,48
can,48
resources,47
value,44
these,42
variables,42
they,41
one,39
all,38
elaborateness,38
procurement,38
it,37
predictor,37
also,37
which,37
than,36
we,36
other,35
because,35
measure,35
has,34
this,34
group,33
al,33
or,32
but,32
variable,32
each,32
american,31
would,31
inuit,30
values,30
were,28
figure,28
linear,27
no,27
tools,27
length,27
when,27
r,26
moves,25
food,25
through,25
at,24
x,24
response,24
relationship,24
per,23
into,23
tts,23
same,23
antiquity,23
table,23
set,23
com,23
copper,22
using,22
although,22
among,22
measures,21
hunting,21
there,21
strategy,21
population,21
collard,20
both,20
if,19
stepwise,19
tool,19
will,19
best,19
should,19
hypothesis,19
total,18
different,18
consistent,18
hence,18
factors,18
university,18
upper,18
binford,18
had,18
subgroup,18
vs,18
read,18
variation,18
been,18
animal,18
does,17
strategies,17
high,17
effect,17
any,17
tion,16
account,16
may,16
edited,16
pp,16
fact,16
new,16
where,16
oswalt,16
analysis,16
cambridge,16
lower,15
robert,15
design,15
was,15
p,15
results,15
proxy,15
imple,15
time,15
made,15
three,15
hunter,15
simple,14
correlation,14
de,14
seal,14
exploitation,14
year,14
winter,14
under,14
assemblages,14
outliers,14
so,14
o,13
i,13
along,13
such,13
aquatic,13
cost,13
caribou,13
greater,13
based,13
diet,13
its,13
latitude,13
only,13
relates,13
ing,13
over,13
collector,13
size,13
shown,13
conditions,13
use,12
being,12
analyses,12
most,12
failure,12
annual,12
subgroups,12
short,12
selection,12
pattern,12
factor,12
individual,12
elaborate,12
episode,12
tasmania,12
ments,11
calusa,11
some,11
possible,11
statistical,11
additive,11
m,11
regres,11
sity,11
forward,11
sion,11
subset,11
trend,11
archaeological,11
then,11
gatherer,11
vari,11
nharo,11
iglulik,11
measured,11
arctic,10
foraging,10
season,10
thus,10
journal,10
mea,10
york,10
animals,10
just,10
method,10
during,10
sts,10
causal,10
change,10
san,10
included,10
hypotheses,10
low,10
species,10
success,10
andamese,10
models,10
vary,10
given,10
large,9
stone,9
implications,9
less,9
con,9
ment,9
probability,9
similar,9
b,9
foragers,9
k,9
four,9
prehistoric,9
location,9
relate,9
cultural,9
identified,9
single,9
about,9
yet,9
do,9
assemblage,9
bleed,9
percent,9
imply,9
residuals,9
obtain,9
difference,9
land,9
aqu,9
technological,9
h,8
sub,8
differences,8
those,8
context,8
algorithm,8
tiwi,8
criterion,8
even,8
parts,8
density,8
csts,8
having,8
y,8
related,8
fit,8
few,8
variety,8
diver,8
technology,8
without,8
skill,8
see,8
degree,8
another,8
henrich,8
lasso,8
la,8
growing,8
comparison,8
primary,8
what,8
information,8
pre,8
need,8
plexity,8
valley,8
way,7
extreme,7
first,7
j,7
available,7
within,7
determined,7
dis,7
weapon,7
subsistence,7
evolution,7
affect,7
consider,7
n,7
argued,7
appear,7
distribution,7
out,7
appears,7
types,7
directly,7
line,7
part,7
tropical,7
lack,7
discussed,7
angmaksalik,7
authors,7
obtaining,7
points,7
obtained,7
tanaina,7
anthropological,7
log,7
here,7
natural,7
cm,7
form,7
step,7
average,7
removed,7
environmental,6
implies,6
negative,6
either,6
long,6
tasmanians,6
case,6
move,6
aranda,6
central,6
bamforth,6
killing,6
direct,6
reason,6
mxt,6
w,6
whereas,6
carrying,6
found,6
kalahari,6
relating,6
term,6
pro,6
basis,6
statistically,6
plex,6
research,6
provided,6
knowledge,6
likely,6
populations,6
forager,6
boundary,6
bousman,6
varies,6
many,6
larger,6
man,6
relevant,6
michael,6
beta,6
discussion,6
after,6
increasing,6
five,6
who,6
considered,6
environment,6
did,6
collectors,6
weapons,6
whether,6
suggests,6
yearly,6
nonlinear,6
frame,6
effects,6
c,6
comparable,6
now,5
determine,5
effective,5
second,5
fixed,5
leads,5
netsilik,5
yahgan,5
could,5
task,5
tareumiut,5
combination,5
against,5
learning,5
kind,5
nor,5
inclusion,5
kelly,5
error,5
rather,5
his,5
l,5
assuming,5
means,5
too,5
lithic,5
beyond,5
theory,5
important,5
lead,5
intensity,5
breathing,5
wide,5
well,5
los,5
t,5
ldmv,5
level,5
below,5
small,5
several,5
up,5
he,5
exception,5
still,5
makes,5
patterning,5
social,5
paiute,5
sealing,5
peter,5
period,5
harpoon,5
latter,5
systems,5
methods,5
hunters,5
relative,5
division,5
ecological,5
arrow,5
owens,5
kill,5
technounits,5
magnitude,5
outlier,5
torrence,5
eskimo,5
alternative,5
neither,5
sure,5
type,5
them,5
namely,5
require,5
estimates,5
affecting,5
dependent,5
despite,5
arguments,5
cp,5
chenchu,5
temperature,5
include,5
range,5
measuring,5
increased,5
coefficient,5
ctts,4
episodes,4
mobility,4
leblanc,4
botswana,4
taa,4
test,4
significantly,4
envi,4
localities,4
attempt,4
s,4
individuals,4
skills,4
great,4
bettinger,4
ber,4
el,4
taking,4
rela,4
measurement,4
relatively,4
num,4
bone,4
sample,4
expected,4
subsistant,4
cases,4
find,4
via,4
costs,4
across,4
developed,4
how,4
proportion,4
study,4
evolu,4
modified,4
accounts,4
criteria,4
del,4
systematic,4
reliable,4
holes,4
settlement,4
involved,4
around,4
transfer,4
coast,4
world,4
society,4
south,4
tor,4
curement,4
culture,4
noted,4
tasmanian,4
limit,4
added,4
fits,4
ingura,4
manner,4
including,4
increase,4
significant,4
band,4
processes,4
co,4
satisfies,4
especially,4
ables,4
james,4
department,4
para,4
backward,4
ebert,4
consid,4
archaeology,4
must,4
satisfactory,4
meat,4
dimension,4
mv,4
regard,4
report,4
better,4
selected,4
making,4
particular,4
presented,4
thereby,4
aspect,4
instead,4
exceeding,4
regular,4
defined,4
assumed,4
point,4
maximum,4
much,4
strong,4
rate,3
responds,3
toolkit,3
trans,3
needed,3
kinds,3
ways,3
inconsistent,3
former,3
justified,3
source,3
archae,3
cent,3
hitchcock,3
arises,3
able,3
state,3
classified,3
system,3
east,3
guenther,3
demography,3
vol,3
e,3
obvious,3
headed,3
above,3
pursuit,3
corresponding,3
includes,3
que,3
strat,3
occurs,3
z,3
pushing,3
underlying,3
fig,3
left,3
compare,3
consequently,3
critique,3
rates,3
higher,3
site,3
botletli,3
museum,3
en,3
process,3
curvilinear,3
tionship,3
cazadores,3
tern,3
possibly,3
organization,3
dwight,3
driven,3
mary,3
show,3
exploited,3
recovered,3
modeled,3
consequence,3
dc,3
history,3
grupos,3
skewed,3
folsom,3
rule,3
basin,3
fishing,3
fourth,3
though,3
shott,3
mediated,3
produced,3
persons,3
cannot,3
otherwise,3
gargett,3
record,3
facilities,3
aging,3
unequal,3
degrees,3
work,3
coping,3
comment,3
consistently,3
climatic,3
gss,3
people,3
project,3
alan,3
egy,3
regions,3
good,3
simpler,3
nine,3
order,3
digging,3
f,3
units,3
action,3
located,3
overall,3
tlingit,3
drops,3
reduce,3
instrumentos,3
ice,3
procured,3
biomass,3
direction,3
dimensional,3
percentage,3
robin,3
ethnographers,3
mobile,3
ethnographic,3
independent,3
regardless,3
sis,3
missing,3
head,3
seasonality,3
end,3
substantially,3
interaccion,3
removal,3
reasons,3
forms,3
recolectores,3
kit,3
present,3
posit,3
excep,3
distance,3
modelo,3
desert,3
region,3
parameter,3
birds,3
top,3
confidence,3
refers,3
national,3
stopping,3
complicated,3
involves,3
dominated,3
function,3
summer,3
responses,3
pj,3
procuring,3
provides,3
repeated,3
evolutionary,3
wise,3
structure,3
differ,3
southwest,3
inde,3
northern,3
institution,3
adaptive,3
concluded,3
abundance,3
residual,3
detailed,3
ottawa,3
greenland,3
supporting,3
unusual,3
osborn,3
associated,3
series,3
conjunction,3
reciprocity,3
anthropology,3
correspond,3
migration,3
steven,3
abbreviations,3
living,3
evident,3
following,3
lik,3
seals,3
list,3
references,3
males,3
maintain,3
extent,3
almost,3
sea,3
procure,3
role,3
variability,3
isolated,3
klamath,3
ure,3
until,3
trap,3
modern,3
d,3
canadian,3
respective,3
dictor,3
substantial,3
spe,3
pat,3
recent,3
dif,3
col,3
sent,3
ca,3
difficult,2
go,2
allegedly,2
temperateness,2
implemented,2
popula,2
later,2
regresion,2
expedition,2
distributed,2
tasks,2
settlements,2
identify,2
tors,2
sets,2
approaches,2
january,2
cific,2
position,2
question,2
sys,2
properties,2
women,2
round,2
archaeologists,2
invention,2
normalize,2
production,2
address,2
uals,2
definition,2
advantage,2
suggesting,2
rich,2
ences,2
subsequent,2
barnard,2
achieved,2
opposite,2
ity,2
papers,2
nomadic,2
beluga,2
eastern,2
capacity,2
spectrum,2
exploit,2
right,2
reanalysis,2
dynamics,2
indirectly,2
knife,2
development,2
politics,2
constraints,2
ered,2
adopting,2
bous,2
richard,2
vital,2
west,2
corre,2
selecting,2
bottom,2
identifies,2
behavior,2
labor,2
human,2
regarding,2
comments,2
las,2
accounted,2
past,2
tables,2
assumes,2
unpublished,2
g,2
shaft,2
pig,2
lan,2
extensively,2
distinct,2
elements,2
old,2
nabesna,2
amount,2
columbia,2
six,2
pjgs,2
ally,2
elaborated,2
third,2
misleading,2
baumhoff,2
estimate,2
narwhals,2
weight,2
mul,2
sin,2
corrected,2
william,2
influence,2
mesolithic,2
adequate,2
curve,2
reflects,2
predicted,2
act,2
tt,2
distinction,2
dry,2
maximize,2
levels,2
coastal,2
mean,2
environments,2
determining,2
collec,2
weighting,2
importance,2
se,2
enabled,2
support,2
noose,2
understand,2
bad,2
ation,2
supports,2
locally,2
specialization,2
grounds,2
linked,2
hypothe,2
coefficients,2
days,2
impact,2
solid,2
orientation,2
argu,2
archeological,2
permanent,2
twana,2
ulation,2
plausibly,2
uses,2
result,2
ditions,2
identifying,2
ethnography,2
societies,2
tem,2
access,2
lived,2
zone,2
predominantly,2
approximation,2
inter,2
late,2
further,2
david,2
elbow,2
equally,2
equal,2
let,2
viewed,2
residential,2
recently,2
notes,2
fish,2
whale,2
required,2
val,2
possibility,2
aspects,2
none,2
concept,2
actors,2
surprise,2
loss,2
q,2
place,2
warranted,2
douglas,2
showing,2
interpreted,2
ter,2
graph,2
heuristic,2
approach,2
solution,2
least,2
indi,2
correct,2
recursos,2
lowest,2
tested,2
next,2
interacting,2
june,2
accomplished,2
smithsonian,2
ues,2
essentially,2
distinguished,2
differing,2
tended,2
always,2
florida,2
paul,2
moved,2
gle,2
led,2
various,2
tively,2
tiple,2
economic,2
wendell,2
observations,2
subsistants,2
etc,2
make,2
coef,2
movement,2
positive,2
structural,2
once,2
untended,2
jenness,2
reference,2
security,2
elab,2
exposure,2
us,2
tionary,2
reports,2
unusually,2
reliance,2
regional,2
sistent,2
california,2
bushman,2
estimated,2
toward,2
kayaks,2
water,2
demographic,2
areas,2
exclusion,2
choice,2
children,2
might,2
habitat,2
decreases,2
john,2
anthropologist,2
conclusions,2
likelihood,2
increases,2
clusters,2
resid,2
zvelebil,2
frequency,2
complejidad,2
gives,2
going,2
ani,2
bulletin,2
empirically,2
understanding,2
investment,2
extended,2
concern,2
pendent,2
assumption,2
exploita,2
hunted,2
significance,2
clear,2
mode,2
comprehensive,2
keep,2
plains,2
characterized,2
genetics,2
like,2
plant,2
addi,2
graphical,2
resi,2
patterns,2
satisfy,2
constructing,2
correlated,2
respectively,2
correction,2
availability,2
caution,2
stick,2
encompassing,2
applies,2
hunt,2
nagp,2
alaska,2
space,2
lance,2
groupings,2
ann,2
perspectives,2
note,2
africa,2
bureau,2
testing,2
iglu,2
tech,2
select,2
dashed,2
fewer,2
signifi,2
primarily,2
dragged,2
dimensions,2
un,2
pop,2
tive,2
varia,2
determination,2
sures,2
stiner,2
composed,2
months,2
joseph,2
fac,2
plus,2
fertility,2
graphs,2
exploitable,2
conclusion,2
intensification,2
preclude,2
simply,2
hypothesized,2
determinants,2
discrepancy,2
slope,2
physical,2
regress,2
maladaptive,2
text,2
know,2
specialized,2
ratio,2
innovations,2
seem,2
harpoons,2
current,2
domestic,2
ptarmigan,2
exploiting,2
particularly,2
pri,2
phd,2
lashed,2
avoidance,2
imitation,2
spatial,2
terms,2
cause,2
seasonal,2
problem,2
produce,2
property,2
emphasis,2
posi,2
st,2
little,2
reported,2
became,2
interdisciplinary,2
wire,2
varied,2
tions,2
our,2
homoscedastistic,2
moderate,2
locations,2
finding,2
decrease,2
catherine,2
consumption,2
evidence,2
constructed,2
gen,2
smaller,2
bear,2
area,2
association,2
shift,2
specific,2
consisted,2
ferent,2
ss,2
ethnology,2
arizona,2
parison,2
sufficiently,1
summed,1
tainter,1
frequent,1
miller,1
maintainable,1
bul,1
smoke,1
popbg,1
done,1
encountering,1
lation,1
gsb,1
common,1
rect,1
decreasing,1
implying,1
depen,1
meaning,1
suc,1
correlations,1
represent,1
cussion,1
affected,1
latitudinal,1
tuscaloosa,1
tierra,1
thrown,1
facili,1
unusu,1
aboveground,1
mountains,1
informa,1
bagley,1
starts,1
compensated,1
usados,1
manuscript,1
berlin,1
eth,1
expect,1
unsuccessful,1
prediction,1
residences,1
replaced,1
unsatisfactory,1
cogs,1
sketched,1
manufac,1
tend,1
ma,1
formed,1
miriam,1
parameters,1
evaluative,1
mals,1
burnham,1
ronmental,1
bination,1
functionality,1
subsis,1
candidate,1
favor,1
sickle,1
amortized,1
maim,1
quite,1
western,1
character,1
structing,1
nected,1
presents,1
chapman,1
individually,1
ethnoarchaeological,1
before,1
exceptions,1
ncta,1
jerome,1
nonetheless,1
parenting,1
sit,1
deter,1
australia,1
sources,1
walnut,1
bly,1
nonexistent,1
consuming,1
derives,1
give,1
taken,1
raphy,1
lati,1
unrealistically,1
actual,1
obtener,1
worked,1
rational,1
longspurs,1
seems,1
pol,1
tigation,1
mercury,1
discuten,1
ethnoarchaeology,1
salmon,1
archaeologically,1
peck,1
ikung,1
sup,1
tradition,1
forrajero,1
assess,1
succeeds,1
assertion,1
daily,1
reath,1
estimation,1
display,1
thank,1
increas,1
origin,1
marek,1
follows,1
letin,1
closer,1
onto,1
ol,1
previous,1
evolving,1
efficiently,1
tinction,1
shennan,1
patterned,1
agricul,1
last,1
torque,1
emphasized,1
precisely,1
influences,1
concepts,1
improvements,1
principal,1
deriving,1
sociopolitical,1
nal,1
contradicting,1
hipotesis,1
favoring,1
monality,1
threshold,1
daniel,1
movimientos,1
british,1
puebloan,1
side,1
takes,1
sistants,1
afectan,1
resilience,1
behavioral,1
rations,1
roy,1
owing,1
klaus,1
subgrupos,1
u,1
mutation,1
sexual,1
killed,1
addresses,1
apprenticeship,1
quantities,1
lends,1
prior,1
fitting,1
marked,1
gsd,1
associ,1
sidered,1
prehispanic,1
reply,1
characterize,1
mutual,1
datasets,1
julian,1
taab,1
occupy,1
moving,1
irrigated,1
gcollard,1
europe,1
except,1
conceptual,1
reflecting,1
trevor,1
decoding,1
cestimate,1
uncertain,1
cited,1
shellfish,1
cornelius,1
bonnichsen,1
anticipated,1
esis,1
constrained,1
manent,1
artic,1
economies,1
minimum,1
blubber,1
gainesville,1
mar,1
rence,1
collection,1
utility,1
split,1
inguluk,1
signal,1
exposed,1
usage,1
succeed,1
distribu,1
divide,1
conflict,1
interactions,1
goal,1
diversas,1
gisli,1
trolling,1
andrew,1
prey,1
therein,1
throughout,1
eerkens,1
royal,1
willow,1
review,1
purportedly,1
obtains,1
ticular,1
mine,1
lakes,1
covary,1
inevitable,1
due,1
mtdna,1
technounit,1
ican,1
swamped,1
software,1
author,1
aus,1
therkel,1
ized,1
ability,1
mixed,1
distri,1
ern,1
heterogeneity,1
southern,1
friedman,1
tucson,1
ference,1
exam,1
assured,1
century,1
dence,1
exhausted,1
palaeolithic,1
turn,1
explo,1
tionarily,1
nelson,1
lin,1
uni,1
eyland,1
feasible,1
chastic,1
refer,1
bution,1
back,1
uisite,1
contrary,1
modifying,1
gradients,1
ear,1
polly,1
cant,1
served,1
uneasiness,1
immobilizing,1
asen,1
patchiness,1
twice,1
abest,1
publications,1
medida,1
angmagalik,1
skew,1
ety,1
evaluan,1
storage,1
island,1
instruments,1
look,1
spite,1
bdata,1
skins,1
walruses,1
apparently,1
wet,1
om,1
ven,1
stephen,1
jones,1
hardly,1
surely,1
tained,1
nuanced,1
conceptually,1
pans,1
cites,1
bou,1
focused,1
perfect,1
collect,1
alabama,1
employ,1
assessed,1
ingalik,1
otter,1
abbreviation,1
appro,1
cybernetics,1
selec,1
hamburg,1
ably,1
agers,1
constitutes,1
mak,1
collected,1
ml,1
camp,1
purely,1
growth,1
performance,1
negatively,1
aimed,1
andameae,1
main,1
arising,1
adds,1
stop,1
mxta,1
determi,1
technometrics,1
linearly,1
ically,1
eskimos,1
responded,1
subdivision,1
una,1
bleek,1
represented,1
nape,1
tionships,1
plicated,1
carcass,1
earlier,1
eight,1
tical,1
certain,1
connec,1
entre,1
variant,1
jak,1
waterholes,1
institutionalized,1
symbols,1
individ,1
uncertainties,1
eaten,1
arbor,1
strate,1
augmented,1
logical,1
consequences,1
paleolithic,1
scattered,1
miscellaneous,1
tance,1
extremes,1
risks,1
multivariate,1
solutions,1
changes,1
statistic,1
park,1
parentheses,1
win,1
maintaining,1
satisfied,1
ensure,1
prehistory,1
budgeting,1
river,1
sim,1
benefits,1
intensive,1
exponential,1
india,1
cess,1
tition,1
acculturated,1
energy,1
sum,1
stabilizing,1
numbers,1
perate,1
bruce,1
accessibility,1
fore,1
frequently,1
age,1
anthropolo,1
additional,1
origins,1
surface,1
follow,1
crecimiento,1
polar,1
exceed,1
efficient,1
filtered,1
ful,1
rable,1
instance,1
shifted,1
index,1
pleistocene,1
triangle,1
famed,1
weighed,1
tas,1
projected,1
suggested,1
drawing,1
differently,1
dependency,1
tibshirani,1
nontrivial,1
mainland,1
crite,1
albuquerque,1
expressed,1
stsa,1
accom,1
closely,1
lieu,1
bl,1
incomplete,1
priori,1
introduce,1
cd,1
allow,1
transmission,1
latitudes,1
harder,1
tural,1
resenting,1
tizing,1
plot,1
search,1
determines,1
cli,1
ik,1
struc,1
rion,1
viduals,1
seven,1
ering,1
changed,1
deal,1
cialized,1
her,1
sonally,1
graphically,1
requirements,1
while,1
endeavor,1
yahgans,1
amer,1
topog,1
propulsion,1
initial,1
ures,1
attenuated,1
thames,1
base,1
popu,1
accurately,1
lat,1
accessing,1
standardized,1
lihood,1
mainly,1
skilled,1
versity,1
halstead,1
sharpened,1
duced,1
sticks,1
erations,1
scale,1
orateness,1
ford,1
saving,1
explain,1
fox,1
enough,1
premise,1
flaked,1
sedentism,1
near,1
vegetal,1
responsive,1
randolph,1
kathryn,1
pigs,1
cise,1
oped,1
competent,1
paleoenvironmental,1
justly,1
artifacts,1
gatherers,1
planning,1
intense,1
scope,1
parability,1
pr,1
cop,1
blydefontein,1
iain,1
cord,1
grouse,1
brought,1
tage,1
tralia,1
london,1
competing,1
lectors,1
andlisis,1
reduction,1
nation,1
kari,1
revealed,1
caught,1
elizabeth,1
fence,1
ple,1
priate,1
copyright,1
transportable,1
whole,1
ultimate,1
generalizing,1
gies,1
sta,1
fail,1
toric,1
broad,1
collective,1
blade,1
predicts,1
tative,1
niiillllll,1
bladder,1
rotation,1
interac,1
rise,1
employed,1
southerly,1
entails,1
dynam,1
thule,1
gsxnmv,1
crosscuts,1
smallest,1
stead,1
includ,1
status,1
received,1
count,1
towards,1
errors,1
samantha,1
repro,1
philip,1
hal,1
optimal,1
ratios,1
successful,1
etb,1
working,1
things,1
tempe,1
coupled,1
carol,1
warrant,1
contrast,1
cope,1
betat,1
hole,1
ological,1
event,1
fast,1
family,1
driving,1
patchily,1
wider,1
highly,1
ship,1
bridge,1
inglulik,1
mal,1
acts,1
ts,1
amor,1
australian,1
anthropos,1
boundaries,1
methodological,1
hiscock,1
museums,1
tip,1
seed,1
identifican,1
predic,1
ensemble,1
spurious,1
productivity,1
hayden,1
describes,1
numero,1
ellen,1
roots,1
altogether,1
plausible,1
riesgo,1
appropriate,1
binomial,1
finds,1
fluted,1
tib,1
novices,1
rinehart,1
bartlett,1
settle,1
pinyon,1
reducing,1
concomitant,1
avoid,1
distin,1
nmvb,1
span,1
ameri,1
nonethe,1
defended,1
therefore,1
orate,1
churchill,1
steptable,1
transform,1
sons,1
situation,1
demand,1
reduced,1
basarwa,1
provide,1
matter,1
materials,1
britain,1
misleadingly,1
aqub,1
separation,1
comparative,1
clarifies,1
play,1
scattergram,1
return,1
computing,1
fruit,1
filled,1
albany,1
quardt,1
brings,1
itude,1
upward,1
intensively,1
reduc,1
july,1
sobre,1
tlin,1
ponent,1
argument,1
traps,1
contra,1
simultaneously,1
gumbel,1
hold,1
decisions,1
lard,1
southeast,1
eral,1
listed,1
oxford,1
competition,1
elaboration,1
interpretation,1
vided,1
housing,1
dential,1
cor,1
marginal,1
coincidental,1
residence,1
acknowledgments,1
gins,1
sex,1
den,1
repair,1
formally,1
britt,1
groote,1
temperate,1
reanaly,1
quanti,1
perceived,1
smith,1
salient,1
positively,1
intersects,1
complete,1
widmer,1
keeping,1
teaching,1
shifting,1
dropped,1
rising,1
ed,1
inferences,1
locality,1
implica,1
cstsa,1
robust,1
already,1
records,1
igulik,1
basado,1
replied,1
pole,1
camped,1
subpopulations,1
representation,1
mound,1
resolution,1
diminishing,1
lewis,1
dri,1
power,1
tribution,1
mark,1
again,1
drawback,1
others,1
avail,1
surement,1
put,1
rock,1
tematic,1
equi,1
shows,1
naive,1
longer,1
idea,1
valid,1
covariance,1
consideration,1
datos,1
riverine,1
foods,1
ddata,1
utilizing,1
reformed,1
attempting,1
ble,1
enable,1
together,1
anthro,1
richer,1
banks,1
diverse,1
partic,1
identical,1
solu,1
distributions,1
imperfect,1
seldom,1
feedback,1
cari,1
serious,1
ajusta,1
external,1
starvation,1
chiefdom,1
shen,1
outside,1
took,1
henning,1
ground,1
unit,1
possi,1
dorothy,1
procurable,1
validity,1
accepted,1
establish,1
heavily,1
ignores,1
forth,1
ports,1
material,1
por,1
focusing,1
stabbing,1
perhaps,1
esther,1
tak,1
topic,1
como,1
style,1
ficiently,1
ognize,1
shifts,1
regressing,1
distortions,1
day,1
ecology,1
evi,1
argues,1
tude,1
procur,1
numic,1
grouping,1
shrinkage,1
arsnda,1
balance,1
implicaciones,1
meaningful,1
encounter,1
supplies,1
sewing,1
restrictions,1
corroborated,1
ential,1
conduce,1
ambush,1
procuracion,1
gray,1
plish,1
lates,1
nologies,1
logs,1
robustness,1
patricia,1
enormous,1
previously,1
unpredictable,1
genetically,1
alimenticios,1
expand,1
empirical,1
heath,1
entirely,1
holocene,1
angle,1
causes,1
affects,1
extraordinarily,1
net,1
rare,1
icy,1
continue,1
examination,1
angmaksa,1
trasts,1
aid,1
inversely,1
ficients,1
ager,1
ties,1
trade,1
compari,1
reassessing,1
margaret,1
remaining,1
accessed,1
tional,1
adding,1
stress,1
tl,1
agreement,1
evolucion,1
cantly,1
maintenance,1
august,1
christopher,1
ammassalik,1
derived,1
reviewers,1
revised,1
tim,1
spread,1
japanese,1
general,1
cally,1
cana,1
variance,1
traveled,1
kept,1
entered,1
lose,1
adequately,1
ttsa,1
sto,1
spent,1
ture,1
margin,1
strongly,1
mind,1
necessary,1
problems,1
internal,1
article,1
sured,1
matched,1
salt,1
viewpoint,1
invests,1
guillaume,1
anuales,1
become,1
relation,1
hand,1
relocating,1
tistically,1
monographs,1
diamond,1
losfactores,1
situ,1
dian,1
translate,1
bsecond,1
slightly,1
figures,1
versus,1
occupied,1
ular,1
neg,1
undergrowth,1
ldmvbg,1
nounits,1
pottery,1
regressions,1
manufacture,1
tence,1
unrelated,1
emily,1
gist,1
separate,1
fails,1
ranging,1
carried,1
rope,1
suggest,1
imita,1
buffering,1
twelve,1
depressed,1
helmut,1
oa,1
marginally,1
bryndis,1
subdivided,1
fairly,1
lnagpbs,1
science,1
movements,1
bulk,1
estacion,1
bushmen,1
tinguished,1
maps,1
intensifi,1
bound,1
claimed,1
fully,1
begin,1
demonstra,1
fisherian,1
lines,1
logan,1
male,1
rj,1
becomes,1
referred,1
bothers,1
aboriginal,1
directions,1
ducing,1
curation,1
began,1
lations,1
sponden,1
librium,1
proposition,1
macroand,1
contribution,1
transformation,1
indicate,1
frames,1
verifies,1
rectly,1
excluding,1
life,1
why,1
often,1
efficiency,1
examine,1
construction,1
joel,1
fall,1
achieve,1
transferring,1
nonlinearity,1
dead,1
ology,1
cashdan,1
extremely,1
lar,1
assigns,1
tial,1
itself,1
dent,1
problematic,1
cam,1
diversidad,1
pocuracion,1
alone,1
durability,1
addressed,1
detail,1
quantitative,1
supply,1
suf,1
sketches,1
josslyn,1
tribe,1
mathias,1
aris,1
ual,1
alaskan,1
accordance,1
univer,1
changing,1
ples,1
measurements,1
ronment,1
extensive,1
geographic,1
economically,1
extension,1
implied,1
scrutiny,1
ficient,1
temporal,1
quotes,1
lpor,1
shirani,1
pt,1
lowing,1
appealing,1
useful,1
sustained,1
geoarchaeology,1
transmittal,1
quaternary,1
microscale,1
pxgs,1
collardet,1
produc,1
shortcoming,1
replace,1
darwinian,1
berkeley,1
ated,1
robson,1
stem,1
extant,1
tat,1
gaps,1
statis,1
paper,1
cultures,1
anthropo,1
par,1
jochim,1
habi,1
global,1
avalue,1
sizes,1
connection,1
unambiguously,1
international,1
down,1
dur,1
emergence,1
half,1
paleoclimatic,1
marmot,1
returns,1
fol,1
leacock,1
intro,1
clearly,1
hastie,1
rely,1
infer,1
very,1
bonnie,1
inference,1
bin,1
jg,1
differed,1
antiq,1
producers,1
placing,1
particu,1
linearized,1
absolutely,1
bands,1
interactive,1
respect,1
person,1
mcel,1
resembled,1
relo,1
usual,1
cal,1
rep,1
compe,1
according,1
unlikely,1
horns,1
veinte,1
combined,1
mobil,1
adults,1
ones,1
sonian,1
want,1
imposed,1
inves,1
opportunistic,1
axis,1
cooperatively,1
incor,1
densities,1
substitutable,1
pendently,1
partial,1
correlates,1
differs,1
local,1
projection,1
hypothesize,1
oo,1
ori,1
simon,1
minimal,1
missed,1
phenomena,1
typographic,1
bounds,1
nooses,1
adata,1
whales,1
locali,1
progress,1
middle,1
complejos,1
translated,1
rz,1
microcore,1
son,1
ative,1
multiple,1
prehis,1
attached,1
erally,1
introduced,1
city,1
preferable,1
eleanor,1
alternatives,1
devel,1
subject,1
rec,1
lies,1
perspective,1
regulated,1
assumptions,1
jour,1
goody,1
families,1
bradley,1
allows,1
maintained,1
definitions,1
precision,1
come,1
diagram,1
unequivo,1
formation,1
buske,1
intercon,1
distinguish,1
score,1
lists,1
years,1
cycle,1
jelmer,1
reveals,1
electronic,1
req,1
arrows,1
camps,1
covaries,1
parallels,1
highest,1
applicable,1
yonav,1
detached,1
typically,1
integrated,1
enabling,1
green,1
wiessner,1
cation,1
nonsignificant,1
innovating,1
dency,1
compa,1
stefansson,1
forming,1
eaverage,1
uation,1
typology,1
effec,1
nomadism,1
anonymous,1
fdiffers,1
thousand,1
observation,1
supported,1
drift,1
potential,1
modeling,1
ics,1
ensuring,1
arrived,1
myers,1
correlate,1
lake,1
guish,1
irrelevant,1
sharing,1
early,1
nan,1
entire,1
matic,1
ifornia,1
utah,1
uity,1
traditional,1
duction,1
meddelelser,1
oikos,1
tlement,1
organizational,1
kuhn,1
north,1
zones,1
indistinguishable,1
recolector,1
dos,1
building,1
simi,1
conclu,1
linearity,1
close,1
customs,1
estrategias,1
major,1
occur,1
martin,1
thorough,1
