WORDCOUNTS,WEIGHT
the,946
of,475
and,438
in,354
a,245
niche,196
to,186
is,168
kiva,140
as,119
by,111
on,110
with,100
layer,87
that,86
at,82
are,80
from,77
pottery,76
pueblo,74
this,62
for,59
or,55
new,54
these,48
wall,48
mound,45
it,44
which,44
american,43
was,41
figure,39
paintings,38
murals,37
kuaua,35
cave,34
university,34
painted,34
may,33
no,32
pp,32
not,32
be,32
rainbow,31
mexico,31
have,31
clouds,28
hopi,27
de,27
niches,27
above,27
edited,27
museum,27
ritual,26
cloud,26
also,25
all,24
between,24
sun,23
rain,23
an,23
figures,23
stepped,23
focus,23
their,22
mural,22
they,21
albuquerque,21
its,21
but,21
kivas,21
underworld,21
around,20
rio,20
ing,20
been,20
other,19
within,19
w,19
schaafsma,19
central,18
drawing,18
field,18
grande,18
were,18
antiquity,18
into,17
symbolic,17
moisture,16
iv,16
west,16
ceremonial,16
water,16
southwest,16
lower,15
either,15
female,15
lightning,15
art,15
layers,15
con,14
polly,14
walls,14
cotton,14
painting,14
under,14
over,14
taube,14
both,14
north,14
offerings,13
side,13
some,13
centered,13
dutton,13
below,13
hibben,13
while,13
although,13
one,12
anthropology,12
dc,12
iconography,12
prehistoric,12
los,12
would,12
bordered,12
la,12
itself,12
associated,12
complex,11
holding,11
y,11
en,11
caves,11
only,11
tewa,11
described,11
has,11
center,10
zuni,10
supernatural,10
landscape,10
four,10
out,10
shield,10
persons,10
well,10
related,10
maxwell,10
world,10
south,10
symbolism,10
cosmological,10
symmetry,10
indian,10
more,10
stripes,10
spouting,10
sikyatki,10
regard,10
through,10
large,9
papers,9
santa,9
similar,9
part,9
earth,9
research,9
society,9
adapted,9
two,9
rock,9
where,9
significance,9
abundance,9
often,9
com,9
corn,9
meaning,8
village,8
mesoamerica,8
feature,8
sacred,8
thus,8
que,8
such,8
winged,8
left,8
altar,8
mesoamerican,8
framed,8
several,8
maidens,8
j,8
rectangular,8
ethnographic,8
bureau,8
archaeology,8
directions,8
fe,8
vessels,8
chicago,8
dark,8
h,7
first,7
there,7
ad,7
miniature,7
dis,7
after,7
base,7
appears,7
viewed,7
near,7
sites,7
used,7
during,7
smithsonian,7
annual,7
when,7
al,7
regional,7
time,7
metaphors,7
style,7
arizona,7
archaeological,7
like,7
she,7
kachinas,7
dead,7
natural,7
indians,7
include,7
c,7
among,7
ca,7
tion,6
represent,6
sym,6
source,6
said,6
feathers,6
i,6
concepts,6
el,6
design,6
along,6
york,6
category,6
maiden,6
emergence,6
jars,6
access,6
scenes,6
placed,6
place,6
rituals,6
social,6
notes,6
perceived,6
many,6
see,6
cosmos,6
warrior,6
three,6
black,6
relationship,6
perspectives,6
sma,6
face,6
stephen,6
anthropological,6
following,6
each,6
portal,6
iii,6
kachina,6
william,6
deities,6
red,5
e,5
feathered,5
western,5
themes,5
par,5
being,5
olla,5
kc,5
picuris,5
surrounded,5
third,5
via,5
his,5
how,5
basic,5
se,5
space,5
awatovi,5
means,5
n,5
voth,5
peabody,5
m,5
appear,5
medicine,5
late,5
further,5
corners,5
scene,5
because,5
r,5
data,5
northern,5
surrounding,5
altepetl,5
del,5
small,5
cosmology,5
provided,5
pot,5
f,5
underground,5
shields,5
paint,5
frank,5
depicted,5
sandpainting,5
noted,5
flanked,5
fundamental,5
away,5
men,5
michael,5
maya,5
discussion,5
including,5
top,5
cache,5
can,5
we,5
cen,5
table,5
arts,5
series,5
incorporated,5
here,5
report,5
altars,5
entire,5
role,5
specific,5
vessel,5
ollas,5
given,4
now,4
edge,4
if,4
later,4
indicated,4
extend,4
mountains,4
manuscript,4
conducted,4
closely,4
contexts,4
pictured,4
hammack,4
principles,4
passageways,4
last,4
loose,4
designs,4
recorded,4
courtesy,4
right,4
pre,4
powers,4
move,4
since,4
very,4
leblanc,4
relationships,4
regarded,4
elements,4
border,4
site,4
essential,4
angeles,4
organizing,4
house,4
plaster,4
watery,4
spirit,4
greater,4
supernaturals,4
spewing,4
bearing,4
societies,4
p,4
kilt,4
cultural,4
directly,4
sity,4
describe,4
dado,4
people,4
project,4
composite,4
flanking,4
pinaleno,4
few,4
multiple,4
highly,4
temporary,4
ancestral,4
portals,4
will,4
sons,4
variety,4
mesa,4
tery,4
make,4
study,4
interpretation,4
victor,4
ancient,4
power,4
toward,4
end,4
pattern,4
simple,4
honor,4
plate,4
present,4
ground,4
karl,4
dance,4
another,4
situated,4
who,4
cult,4
region,4
ethnology,4
previously,4
use,4
harvard,4
national,4
publication,4
features,4
filled,4
bulletin,4
indicate,4
life,4
fields,4
centuries,4
worlds,4
fertility,4
school,4
rainmakers,4
then,4
form,4
symbol,4
paper,4
shrine,4
las,4
person,4
agricultural,4
her,4
univer,4
hghtning,4
presented,4
attached,4
stevenson,4
tions,4
texas,4
evidence,4
enclosed,4
serpents,4
themselves,4
huckell,4
beings,4
should,4
entities,3
go,3
does,3
rainmaking,3
caches,3
sets,3
excavation,3
occurred,3
round,3
direction,3
munication,3
insect,3
articulate,3
kent,3
seems,3
transformational,3
available,3
textiles,3
suggesting,3
state,3
mogollon,3
those,3
case,3
bird,3
swallows,3
mythology,3
possible,3
determined,3
ings,3
mythical,3
associations,3
throughout,3
living,3
fig,3
columbia,3
holds,3
young,3
arranged,3
publications,3
communication,3
journal,3
cochiti,3
striped,3
synthesizing,3
represented,3
b,3
support,3
changes,3
proposed,3
record,3
allude,3
frequently,3
upper,3
ceremony,3
schaaf,3
tory,3
had,3
moving,3
my,3
crotty,3
shipap,3
found,3
hands,3
ambiguity,3
relate,3
emerge,3
inter,3
war,3
symbols,3
wide,3
cumulus,3
keresan,3
line,3
ari,3
nicho,3
concept,3
significantly,3
layered,3
department,3
realm,3
records,3
seated,3
et,3
change,3
involved,3
zona,3
blessings,3
second,3
located,3
classic,3
southern,3
seemingly,3
single,3
rectangle,3
keres,3
east,3
horned,3
falls,3
already,3
functioned,3
angel,3
rings,3
addition,3
bordering,3
john,3
contemporary,3
man,3
hand,3
mex,3
por,3
referred,3
mythic,3
examples,3
considering,3
made,3
snakes,3
lake,3
enhanced,3
reside,3
expand,3
largely,3
band,3
engaged,3
ceremonies,3
previous,3
anasazi,3
knew,3
spew,3
meanings,3
accessed,3
held,3
david,3
period,3
proximity,3
spirits,3
earlier,3
ural,3
thomas,3
references,3
probably,3
stick,3
worldview,3
five,3
sides,3
es,3
mother,3
addressed,3
detail,3
rarely,3
any,3
lattice,3
armin,3
pueblos,3
principle,3
foundation,3
heads,3
spatial,3
whether,3
rising,3
nearby,3
phenomena,3
virginia,3
categories,3
rises,3
ritually,3
colonial,3
ure,3
frame,3
oraibi,3
richard,3
sur,3
meeting,3
t,3
images,3
immediately,3
occur,3
final,2
ments,2
ending,2
evergreens,2
oriented,2
horizontal,2
common,2
always,2
cussion,2
intersect,2
enclosing,2
turquoise,2
per,2
passing,2
elaborately,2
settlements,2
he,2
essays,2
maize,2
med,2
studies,2
fixed,2
history,2
painters,2
connotations,2
titiev,2
sequential,2
hence,2
long,2
embraced,2
certainly,2
car,2
originally,2
implications,2
aperture,2
planting,2
address,2
anywhere,2
gary,2
layout,2
alexander,2
broadly,2
seeds,2
great,2
differences,2
origin,2
narrative,2
reveal,2
religion,2
zambrano,2
resulting,2
bolism,2
embrace,2
tv,2
restudy,2
curtis,2
resulted,2
badly,2
eastern,2
openings,2
framing,2
incorporate,2
clearly,2
functions,2
surratt,2
palacio,2
point,2
rela,2
fur,2
cited,2
dynamic,2
gila,2
bowls,2
monly,2
representing,2
geertz,2
icine,2
beneath,2
cere,2
fertil,2
bols,2
diversity,2
regarding,2
ends,2
icons,2
squash,2
therein,2
review,2
escenarios,2
helen,2
assumes,2
g,2
exam,2
rites,2
walter,2
tucson,2
road,2
jr,2
dick,2
century,2
cases,2
resting,2
symposium,2
casas,2
ear,2
plank,2
graphically,2
dates,2
stacey,2
scott,2
rounding,2
than,2
greer,2
stone,2
general,2
ica,2
murales,2
van,2
foot,2
town,2
leaping,2
links,2
l,2
adds,2
sobrenaturales,2
notion,2
mean,2
eight,2
special,2
lacking,2
white,2
redundancy,2
radiating,2
supposed,2
plaza,2
wash,2
perceptions,2
possibly,2
benefits,2
image,2
descent,2
attired,2
intersecting,2
elsewhere,2
listed,2
most,2
additional,2
beyond,2
indications,2
ful,2
permanent,2
believed,2
symbolized,2
nebraska,2
clements,2
estos,2
based,2
could,2
six,2
carrying,2
called,2
traditionally,2
county,2
symbolically,2
interpretations,2
fluteplayers,2
oklahoma,2
focused,2
institute,2
circular,2
spout,2
cannot,2
analogous,2
abun,2
jornada,2
representatives,2
spiritual,2
hidalgo,2
perform,2
designations,2
dumbarton,2
possibility,2
warriors,2
aspects,2
participation,2
macaws,2
conduit,2
bc,2
ademds,2
carries,2
example,2
apparent,2
bowl,2
whole,2
pow,2
icon,2
passageway,2
netted,2
documented,2
rise,2
hamilton,2
showing,2
includ,2
status,2
otherworldly,2
rele,2
tioned,2
foci,2
gateway,2
enclosures,2
excavated,2
suggest,2
panel,2
straight,2
involve,2
hole,2
emerging,2
spanish,2
este,2
cos,2
ancestors,2
villages,2
occasions,2
directional,2
content,2
lend,2
ventilator,2
san,2
various,2
architecture,2
overall,2
merits,2
nearly,2
drops,2
positioned,2
community,2
diver,2
movement,2
religious,2
lisa,2
about,2
springs,2
emerged,2
portrayed,2
cor,2
shoot,2
ring,2
participants,2
included,2
home,2
initiation,2
nat,2
intersects,2
complete,2
warmth,2
floor,2
illustrated,2
published,2
lack,2
ambler,2
mesoamer,2
again,2
others,2
renewed,2
smith,2
herbert,2
idea,2
washburn,2
fecundity,2
lacks,2
featuring,2
estdn,2
cosmo,2
evoke,2
square,2
essentially,2
replicates,2
number,2
original,2
emanating,2
vivian,2
inviting,2
range,2
rituales,2
bertha,2
goes,2
birds,2
expression,2
felines,2
refers,2
ideas,2
prominently,2
full,2
involves,2
nuclear,2
clear,2
loosely,2
clews,2
mead,2
essay,2
august,2
individual,2
architectural,2
homes,2
characterized,2
so,2
function,2
elsie,2
provides,2
latter,2
tiguex,2
conduits,2
pro,2
garcia,2
structure,2
enclos,2
abodes,2
equivalent,2
embodied,2
widely,2
navel,2
visit,2
grandes,2
paredes,2
carried,2
ity,2
today,2
powamuya,2
usually,2
linda,2
vague,2
inside,2
lines,2
male,2
primarily,2
becomes,2
seen,2
translation,2
multivalent,2
parsons,2
area,2
ceremonialism,2
frames,2
why,2
hi,2
analysis,2
do,2
methodist,2
mentioned,2
fluteplayer,2
ensayo,2
known,2
objects,2
constructed,2
temple,2
dimension,2
tured,2
readily,2
share,2
did,2
best,2
unknown,2
down,2
vase,2
terraced,2
metaphorical,2
pit,2
rainmak,2
just,2
bands,2
drum,2
beginning,2
cal,2
what,2
them,2
stability,2
selected,2
making,2
plants,2
dallas,2
aper,2
consisting,2
perch,2
early,2
information,2
suggests,2
conjunction,2
middle,2
bodies,2
entrance,2
marked,2
reported,2
city,2
dragonflies,2
press,2
explication,2
pic,2
encircled,2
sipaapuni,2
using,2
come,2
until,2
spring,2
years,2
paradigm,2
publishing,2
parallels,2
ico,2
d,2
shirley,2
physical,2
attributes,2
paraphernalia,2
moun,2
association,2
offered,2
supported,2
ated,2
assumed,2
valley,2
interaction,2
much,2
col,2
built,2
close,2
cordelia,2
fir,1
emulate,1
tlahuizcalpantecuhtli,1
observe,1
pervaded,1
currently,1
o,1
child,1
precepts,1
solveig,1
mologies,1
estimated,1
curtailed,1
popula,1
religions,1
tusayan,1
commentary,1
corporate,1
centering,1
meteorological,1
suggested,1
designated,1
created,1
arches,1
danced,1
shrines,1
jade,1
jane,1
proba,1
trans,1
determine,1
cerros,1
mology,1
sageways,1
fea,1
facili,1
extends,1
benedict,1
informa,1
sphere,1
pools,1
linguistic,1
sitios,1
siky,1
articulating,1
group,1
told,1
interrelationships,1
larly,1
ana,1
star,1
ample,1
elaborated,1
closure,1
symbolize,1
spears,1
conducting,1
ma,1
formed,1
tures,1
darkest,1
massa,1
perihelion,1
ways,1
peaks,1
approaches,1
drawings,1
earthly,1
easily,1
empower,1
park,1
elevan,1
clifford,1
boulder,1
alized,1
former,1
clas,1
hanat,1
organic,1
burn,1
francis,1
diving,1
cushing,1
before,1
riverside,1
pots,1
conflations,1
proces,1
aforemen,1
uses,1
unite,1
nineteenth,1
numeri,1
cultura,1
resonances,1
chief,1
controlled,1
materials,1
properties,1
nubes,1
entran,1
women,1
apertures,1
examina,1
fis,1
reprinted,1
pauline,1
fabric,1
invoking,1
canyon,1
sacrifice,1
way,1
else,1
jesse,1
sources,1
simul,1
laurens,1
bly,1
creation,1
archae,1
fifteenth,1
sprinkling,1
melissa,1
derives,1
exclusive,1
avanyu,1
ceremonially,1
raphy,1
compara,1
dition,1
disturbance,1
attempt,1
neil,1
mists,1
nature,1
lage,1
estratifica,1
reevaluation,1
definition,1
containing,1
validating,1
reach,1
s,1
peck,1
route,1
sup,1
tradition,1
associa,1
twenty,1
sible,1
secondary,1
daub,1
accompanied,1
borders,1
display,1
tural,1
confirming,1
location,1
accumulated,1
germination,1
inherent,1
getty,1
venus,1
personages,1
closer,1
scheme,1
picturing,1
liii,1
room,1
monograph,1
katsina,1
coalescence,1
iconogra,1
introduces,1
strength,1
insecrets,1
nm,1
consist,1
alert,1
stand,1
staff,1
robert,1
classified,1
political,1
opposite,1
implica,1
ambiguous,1
signs,1
delfoco,1
context,1
proposals,1
tinue,1
mundos,1
reserva,1
expedition,1
depending,1
resemblances,1
forthcoming,1
ruary,1
ofndembu,1
symbolizing,1
kate,1
coalescent,1
spruce,1
planted,1
pub,1
amplified,1
masked,1
march,1
intermediaries,1
chapter,1
account,1
indirectly,1
enriching,1
quantities,1
capable,1
logical,1
associ,1
activity,1
xv,1
ceding,1
ologist,1
characterize,1
sale,1
establishing,1
diane,1
julian,1
flank,1
crowned,1
obvious,1
hair,1
concordaban,1
brent,1
notations,1
likely,1
variations,1
except,1
speleocentric,1
corre,1
establishment,1
thusly,1
resources,1
radical,1
bottom,1
compares,1
interact,1
zone,1
letter,1
eroded,1
lambert,1
tied,1
gateways,1
attract,1
framework,1
cillo,1
poetical,1
human,1
vides,1
generalized,1
cities,1
phase,1
unpublished,1
historically,1
shulte,1
modify,1
inner,1
development,1
prevails,1
perfor,1
barton,1
illustrates,1
interior,1
seres,1
swentzell,1
ures,1
tables,1
wind,1
xxiii,1
terraces,1
adornment,1
characteristic,1
juxtaposition,1
num,1
relations,1
occurs,1
jeremy,1
grouped,1
concentric,1
nicolay,1
topic,1
dence,1
snake,1
kind,1
turn,1
surmounting,1
aligned,1
arc,1
maintaining,1
old,1
lin,1
bdsicos,1
avian,1
times,1
enhancement,1
epoca,1
refer,1
sized,1
adjectives,1
back,1
subjects,1
hui,1
shaft,1
ithaca,1
regge,1
concert,1
houses,1
races,1
radio,1
phd,1
groningen,1
pouring,1
witnessed,1
animal,1
converging,1
ethnog,1
whorls,1
tral,1
peckham,1
ety,1
designating,1
even,1
schaefer,1
fulton,1
armatures,1
vice,1
pos,1
spired,1
details,1
mischa,1
operative,1
traditions,1
game,1
cites,1
depths,1
industries,1
alfonso,1
thesizes,1
seventh,1
ers,1
baudoin,1
simultaneously,1
high,1
dial,1
recognized,1
whose,1
circundantes,1
played,1
tedlock,1
mak,1
transformations,1
abundancia,1
choos,1
bring,1
nichos,1
residence,1
emanates,1
encompassed,1
sidad,1
across,1
developed,1
london,1
memorate,1
hold,1
symme,1
addi,1
olmec,1
una,1
me,1
environments,1
tionships,1
template,1
examined,1
curvilinear,1
granted,1
beckons,1
flexible,1
puppetry,1
importance,1
certain,1
leave,1
soy,1
contributions,1
pages,1
tionship,1
enacted,1
elaborate,1
coln,1
arbor,1
illustrations,1
pounded,1
lay,1
summarized,1
cueva,1
mation,1
miscellaneous,1
front,1
supplements,1
characterizes,1
consistency,1
replete,1
califor,1
accounts,1
send,1
lives,1
provinces,1
albert,1
readjustments,1
winchester,1
sipaapunr,1
females,1
poderes,1
entry,1
mois,1
yellow,1
dated,1
covery,1
days,1
accrued,1
elevated,1
numbers,1
mary,1
displays,1
lapping,1
argued,1
reviewed,1
iconog,1
solid,1
orientation,1
processions,1
commonly,1
supplying,1
underwater,1
stewart,1
origins,1
powerful,1
continual,1
us,1
impli,1
intentional,1
fronts,1
monial,1
wattle,1
archeological,1
portrays,1
bolic,1
important,1
opinion,1
dug,1
providing,1
view,1
myths,1
encircling,1
pose,1
result,1
came,1
initi,1
tangular,1
plateau,1
unparadigma,1
allow,1
tra,1
conflates,1
discount,1
escalonados,1
cosmologi,1
ners,1
puebloan,1
effort,1
embracing,1
centers,1
changed,1
format,1
shared,1
cornell,1
austin,1
pass,1
hough,1
arched,1
tunich,1
amer,1
poem,1
unpainted,1
ogy,1
ican,1
featured,1
poetry,1
representative,1
alayer,1
big,1
programas,1
ethnogeography,1
ger,1
ann,1
equally,1
andli,1
neighboring,1
tran,1
pointing,1
though,1
dez,1
buried,1
versity,1
aztec,1
province,1
ceramics,1
inches,1
venue,1
cardinal,1
meet,1
exca,1
otherwise,1
fish,1
amenable,1
emulating,1
petitive,1
dwelling,1
balanced,1
oke,1
rectilinear,1
prayer,1
acknowledgments,1
graciously,1
gods,1
dive,1
creates,1
claire,1
communicate,1
supernat,1
expressions,1
criteria,1
ther,1
jim,1
kilts,1
keeping,1
having,1
stood,1
distinguish,1
sipapu,1
formerly,1
larity,1
mination,1
implication,1
parades,1
ogous,1
carry,1
ens,1
nine,1
mented,1
future,1
leads,1
fosters,1
clave,1
purpose,1
deceased,1
proportions,1
secret,1
reconfiguration,1
closed,1
eva,1
description,1
ple,1
repeating,1
roll,1
surrounds,1
kindly,1
tale,1
universe,1
consistently,1
older,1
northwest,1
issues,1
raced,1
destination,1
relevance,1
mentioning,1
survey,1
structures,1
beads,1
pan,1
thetics,1
winter,1
past,1
interac,1
forces,1
coordinado,1
personal,1
halfway,1
sipdpun,1
floors,1
emitting,1
embod,1
ultimately,1
participate,1
deeply,1
shipaulovi,1
sions,1
ter,1
challenging,1
montanas,1
mesoamericana,1
approach,1
bonita,1
regions,1
strik,1
iconografla,1
exemplary,1
stud,1
nostrand,1
mismo,1
chusetts,1
peopled,1
ducted,1
caused,1
fulfilled,1
teotihuacan,1
tempe,1
cer,1
box,1
order,1
peti,1
contrast,1
perspec,1
propose,1
reaches,1
pond,1
settlement,1
arbitrary,1
allusions,1
bank,1
specifically,1
encompasses,1
simbolo,1
pours,1
interrupts,1
grams,1
june,1
floating,1
choose,1
migrating,1
vation,1
eighth,1
elaborates,1
spills,1
invaluable,1
sekaquaptewa,1
paisaje,1
massachusetts,1
entrada,1
latest,1
boundaries,1
petitions,1
tended,1
ent,1
sichomovi,1
sented,1
spurious,1
territorialidad,1
describes,1
zigzag,1
celebraban,1
roots,1
cycle,1
structured,1
beauty,1
abstracted,1
thunderhead,1
lincoln,1
flour,1
am,1
rest,1
institu,1
activities,1
resulta,1
vant,1
jeffrey,1
periods,1
tedradic,1
span,1
meaningfully,1
mimetic,1
ameri,1
equivale,1
therefore,1
pertaining,1
moundy,1
led,1
partially,1
stirling,1
personage,1
federico,1
fly,1
myth,1
resides,1
thanks,1
prac,1
practices,1
taken,1
resettled,1
bringing,1
katherine,1
identified,1
gratitude,1
flagstaff,1
ans,1
imagery,1
synthesis,1
raining,1
return,1
ened,1
forward,1
fruit,1
albany,1
reorganization,1
breath,1
estado,1
expanded,1
indicates,1
manifest,1
standing,1
migra,1
sintesis,1
shrouded,1
compuestos,1
ware,1
aquellos,1
parker,1
structural,1
yfecundo,1
communities,1
llena,1
hueco,1
reference,1
contribute,1
northland,1
surrogate,1
emil,1
freely,1
serve,1
soon,1
hypothe,1
elab,1
god,1
graphics,1
selective,1
ible,1
ele,1
revitalization,1
anthropomorphized,1
arguments,1
matilda,1
tain,1
jay,1
planned,1
raise,1
assistance,1
k,1
culture,1
arcs,1
watson,1
quivira,1
same,1
performed,1
ro,1
ed,1
sigfred,1
wright,1
viously,1
performers,1
geografica,1
mavis,1
florence,1
rots,1
contains,1
identification,1
reports,1
verging,1
begins,1
mejor,1
resemblance,1
emerg,1
sealed,1
ambiguities,1
ellos,1
indebted,1
useful,1
gente,1
dancing,1
sis,1
wasley,1
fire,1
butter,1
emonial,1
journey,1
turner,1
pointed,1
conceived,1
ask,1
decorative,1
motifs,1
flat,1
added,1
release,1
sified,1
lacked,1
communal,1
fact,1
ceramic,1
votive,1
paramount,1
stories,1
coincidence,1
amerind,1
benevolent,1
areas,1
cumulative,1
componentes,1
wesley,1
feather,1
plan,1
censers,1
instituto,1
depict,1
kick,1
disser,1
evocations,1
abstract,1
ish,1
eagle,1
children,1
ried,1
enteros,1
anthro,1
larger,1
diverse,1
understandable,1
anal,1
munzenrider,1
reaffirmed,1
arthur,1
variation,1
identical,1
seldom,1
discussed,1
observes,1
christlieb,1
worn,1
anne,1
taneously,1
selects,1
documents,1
patterns,1
conclusions,1
behind,1
inexact,1
lindsay,1
v,1
tales,1
gossen,1
ohas,1
manner,1
ancients,1
continuing,1
dorothy,1
ensured,1
butterfly,1
accepted,1
establish,1
relevant,1
less,1
arqueologia,1
coincided,1
ished,1
piety,1
practice,1
laden,1
focusing,1
deep,1
decorations,1
frase,1
neously,1
native,1
dramatize,1
mance,1
reconstructing,1
lean,1
tails,1
cul,1
como,1
petition,1
elementos,1
ladder,1
follows,1
paa,1
explicitly,1
propone,1
encountered,1
spir,1
day,1
salen,1
remained,1
cosmologies,1
marau,1
interrelated,1
understanding,1
envelopes,1
antelope,1
extended,1
spectives,1
father,1
reed,1
robertson,1
riddled,1
apogee,1
transforms,1
mexicana,1
sagrados,1
implicated,1
writings,1
memoirs,1
formal,1
presiding,1
querque,1
tive,1
walpi,1
curt,1
monially,1
outward,1
rec,1
bears,1
significant,1
rena,1
characteristically,1
unfortunately,1
fourteenth,1
albu,1
maria,1
congress,1
grander,1
sequence,1
submitted,1
occidentals,1
aes,1
exhibited,1
loa,1
escalonado,1
atki,1
individuals,1
merit,1
encierro,1
examination,1
munity,1
gwinn,1
chosen,1
sic,1
catherine,1
underwent,1
roberts,1
maid,1
ties,1
low,1
open,1
tiles,1
spondence,1
coxe,1
discovered,1
teotihua,1
historic,1
pierced,1
directed,1
tional,1
emphasizing,1
adding,1
chol,1
comitant,1
peter,1
ivkivas,1
naj,1
cosmography,1
patricia,1
construc,1
nube,1
allowed,1
reviewers,1
ellis,1
revised,1
summer,1
plant,1
depiction,1
mask,1
collected,1
antecedentes,1
uni,1
linking,1
obtained,1
worldly,1
mountain,1
practiced,1
iconogrdficas,1
renewal,1
preservation,1
standard,1
short,1
forms,1
resi,1
embrac,1
ture,1
graphic,1
simbolos,1
especially,1
problems,1
took,1
ofacoma,1
promote,1
phy,1
cones,1
edged,1
dona,1
nth,1
styl,1
lift,1
become,1
narrow,1
greatly,1
suns,1
displayed,1
effect,1
influences,1
striping,1
construction,1
james,1
enabling,1
priests,1
figuras,1
ethnographically,1
costume,1
slightly,1
looked,1
copyright,1
denizens,1
joint,1
incluyen,1
banta,1
darts,1
valent,1
creativity,1
encircle,1
topped,1
hunt,1
contributes,1
sigh,1
consists,1
simpler,1
alrededor,1
pictorial,1
assigned,1
layouts,1
vegas,1
dual,1
fringed,1
note,1
porting,1
stars,1
independent,1
continued,1
regular,1
george,1
recall,1
formational,1
sometimes,1
washed,1
earthen,1
kykotsmovi,1
vision,1
plays,1
impressive,1
suggestive,1
iyatiku,1
program,1
palenque,1
rior,1
vertical,1
multi,1
investigators,1
regu,1
success,1
femeninas,1
erful,1
strongly,1
understand,1
fecund,1
pk,1
dent,1
suggestions,1
transformation,1
iconographic,1
contexto,1
displaying,1
phrase,1
drag,1
functioning,1
zoomorphs,1
united,1
shooting,1
instances,1
spouts,1
tunnel,1
interpretive,1
grounded,1
mud,1
susan,1
forest,1
earliest,1
considered,1
perspective,1
raindrops,1
nacional,1
riors,1
containers,1
frequentemente,1
quilter,1
heavy,1
nightly,1
orated,1
marjorie,1
conclusion,1
demographics,1
porates,1
complexity,1
version,1
climbing,1
designates,1
powamu,1
mundo,1
correo,1
tered,1
adjoining,1
extensive,1
implied,1
temporal,1
organization,1
huichols,1
charles,1
translatable,1
spots,1
perhaps,1
rainbows,1
metry,1
organizational,1
alternative,1
gran,1
lou,1
set,1
belief,1
ifestation,1
colorado,1
bright,1
inher,1
metdforas,1
evokes,1
removed,1
message,1
sure,1
metaphorically,1
turies,1
flint,1
shares,1
steven,1
hohokam,1
worth,1
taos,1
ortiz,1
contained,1
believe,1
international,1
vari,1
zincantecan,1
vergence,1
prising,1
compounded,1
dur,1
tinqjas,1
anthropol,1
universal,1
current,1
methods,1
dennis,1
ideological,1
dramatic,1
cavity,1
spaniards,1
linked,1
matthew,1
powell,1
far,1
plazas,1
representan,1
build,1
tal,1
childbirth,1
adler,1
quetzalcoatl,1
tex,1
adigm,1
pintadas,1
prayers,1
uppermost,1
metaphysics,1
emerges,1
merely,1
dots,1
places,1
mug,1
tambien,1
growing,1
knows,1
diversified,1
delineated,1
ruins,1
notable,1
perched,1
investigation,1
representadas,1
menudo,1
terms,1
offering,1
list,1
sonian,1
particular,1
add,1
feb,1
covers,1
sus,1
flutters,1
seasonal,1
partici,1
map,1
laguna,1
encloses,1
mere,1
raptor,1
axis,1
ies,1
merle,1
incor,1
problem,1
lightening,1
fernan,1
boys,1
tives,1
migrations,1
cosmograms,1
profile,1
vil,1
flamboy,1
adorned,1
travel,1
complejos,1
integrating,1
ines,1
straints,1
pants,1
teddy,1
son,1
andrea,1
cosmologia,1
recognition,1
pasajes,1
arouse,1
introduced,1
config,1
pas,1
nadir,1
carvings,1
prevalent,1
confirm,1
docu,1
november,1
cations,1
ac,1
celt,1
focal,1
subject,1
intended,1
song,1
equivalente,1
joy,1
katcinas,1
clarified,1
angered,1
conocidas,1
bradley,1
mention,1
ized,1
snow,1
aspect,1
poore,1
connota,1
intimate,1
our,1
ritu,1
entic,1
formation,1
undecorated,1
staffs,1
shown,1
tated,1
locations,1
conexas,1
cambridge,1
disappear,1
bers,1
wolfman,1
arrows,1
similarity,1
finding,1
cepts,1
numerous,1
vance,1
nell,1
obliterated,1
ojo,1
aware,1
structuring,1
contributed,1
insight,1
salt,1
land,1
define,1
likewise,1
pictographs,1
green,1
sanctum,1
notesfile,1
fondo,1
integration,1
involving,1
southeastern,1
dress,1
symbolizes,1
you,1
photograph,1
harbors,1
leiden,1
frontal,1
bliss,1
embodies,1
novices,1
enclosure,1
remains,1
chavez,1
impacted,1
increased,1
aggregated,1
ruth,1
anonymous,1
indi,1
tre,1
potential,1
carbon,1
infor,1
passages,1
ninth,1
sen,1
conflated,1
cosmolog,1
syn,1
wen,1
reached,1
super,1
menasha,1
vis,1
itual,1
enclose,1
evi,1
little,1
utah,1
ical,1
acuoso,1
strong,1
comparable,1
arcos,1
simulta,1
dos,1
broader,1
simi,1
strategy,1
fortuitous,1
emana,1
bury,1
major,1
perception,1
