WORDCOUNTS,WEIGHT
the,757
of,385
and,352
in,293
shell,200
cone,186
upland,162
ozarks,156
from,156
to,130
e,125
ceramics,110
eastern,109
this,109
a,105
that,99
lowlands,98
core,92
group,88
turner,80
western,77
is,77
main,75
are,75
samples,74
snodgrass,73
missouri,68
ozark,68
river,67
were,64
current,63
with,61
clays,60
unassigned,59
site,56
sites,56
point,55
study,55
lowland,55
by,55
ceramic,52
at,50
eleven,49
southeast,49
these,49
for,48
mississippi,46
powers,46
no,45
black,43
as,42
price,41
mississippian,39
intermediate,38
valley,37
geological,36
analysis,36
gooseneck,36
little,36
clay,35
compositional,35
university,34
w,34
groups,33
on,33
creek,33
have,33
been,33
spring,33
phase,29
varney,29
et,29
research,29
al,28
has,28
j,27
or,27
region,27
archaeological,27
between,27
i,26
an,26
two,26
ad,25
which,25
source,24
sand,23
prehistoric,23
alluvial,23
hwy,23
made,23
pottery,23
be,23
hill,22
american,21
we,21
it,20
limestone,20
central,20
fort,20
also,20
collected,20
owls,20
chemical,20
bend,19
drainage,19
more,19
other,18
was,18
but,18
assigned,18
into,17
may,17
data,17
hoecake,17
national,17
sample,16
upper,16
archaeology,16
associated,16
d,16
all,15
x,15
shawnee,15
archeological,15
woodland,15
included,15
m,15
concentrations,14
mill,14
reported,14
evidence,14
complex,13
one,13
during,13
people,13
movement,13
akers,13
about,13
edited,13
pp,13
road,13
area,13
antiquity,13
sodium,13
along,12
border,12
found,12
access,12
late,12
cultural,12
r,12
used,12
falling,12
would,12
heartbreak,12
table,12
emergent,12
c,12
occur,12
h,11
studies,11
s,11
maramec,11
highlands,11
jacks,11
n,11
indicates,11
mound,11
inaa,11
ferry,11
vessels,11
sinking,11
they,10
some,10
development,10
flurry,10
l,10
characterization,10
st,10
located,10
adjacent,10
pigman,10
shelter,10
exchange,10
lynott,10
although,10
o,9
imported,9
park,9
production,9
campbell,9
neff,9
clearly,9
four,9
fork,9
narrows,9
grimes,9
francis,9
distinction,9
sec,9
not,9
rd,9
barnes,9
southeastern,9
lower,8
first,8
principal,8
possible,8
relatively,8
columbia,8
orr,8
acel,8
occupation,8
t,8
arkansas,8
reference,8
broad,8
new,8
number,8
range,8
systems,8
cave,8
griffin,8
here,8
our,8
morse,8
early,8
wilborn,7
round,7
within,7
el,7
west,7
resources,7
willow,7
north,7
york,7
midwest,7
derived,7
cd,7
appearance,7
produced,7
basis,7
components,7
results,7
materials,7
period,7
continued,7
indicate,7
sherds,7
whether,7
profile,7
include,7
represent,6
identify,6
being,6
available,6
differences,6
there,6
con,6
u,6
escarpment,6
ball,6
human,6
dolomite,6
their,6
tree,6
prehistory,6
most,6
appear,6
based,6
because,6
several,6
presence,6
limited,6
specimens,6
name,6
time,6
highland,6
pattern,6
patterns,6
where,6
hurricane,6
lake,6
trade,6
james,6
material,6
series,6
each,6
paper,6
temper,6
gasconade,6
both,6
if,5
glascock,5
determine,5
center,5
sources,5
together,5
papers,5
prior,5
collection,5
since,5
de,5
g,5
century,5
elements,5
bayou,5
than,5
b,5
distinct,5
generally,5
nebraska,5
plot,5
further,5
record,5
near,5
well,5
hillside,5
yielded,5
majority,5
museum,5
morgan,5
us,5
culture,5
same,5
cairo,5
untempered,5
figure,5
mark,5
smith,5
arsenic,5
project,5
analyzed,5
rivers,5
co,5
general,5
can,5
southwest,5
five,5
complexes,5
few,5
over,5
report,5
very,5
form,5
sediments,5
vessel,5
potential,5
deposits,5
edge,4
uplands,4
originating,4
manuscript,4
crossing,4
contemporaneous,4
formed,4
tg,4
either,4
location,4
lepold,4
hundred,4
neutron,4
includes,4
such,4
excavations,4
six,4
scenic,4
greer,4
ridge,4
recognized,4
drainages,4
across,4
represented,4
plots,4
arbor,4
multivariate,4
baugh,4
possibly,4
emergence,4
plenum,4
mo,4
raw,4
out,4
ann,4
viewed,4
cannot,4
rocks,4
riverton,4
part,4
describe,4
database,4
demonstrates,4
regions,4
p,4
settlement,4
appliqued,4
bridge,4
value,4
activation,4
will,4
likely,4
pastes,4
potassium,4
swamp,4
williams,4
structures,4
many,4
diverse,4
variation,4
considerable,4
local,4
bivariate,4
mj,4
clear,4
mahalanobis,4
like,4
earlier,4
k,4
baytown,4
parent,4
ordovician,4
clovis,4
centuries,4
abandonment,4
extensive,4
known,4
quaternary,4
living,4
formation,4
recent,4
interaction,4
strong,4
shelltempered,3
common,3
large,3
tempered,3
history,3
john,3
contexts,3
consistent,3
permit,3
attempt,3
seems,3
composition,3
survey,3
lodge,3
vegetation,3
investigations,3
recorded,3
cerdmica,3
alluvium,3
vol,3
determined,3
far,3
que,3
due,3
unpublished,3
developments,3
higher,3
similar,3
entre,3
locally,3
branch,3
jars,3
additional,3
followed,3
glaze,3
numerical,3
had,3
could,3
effort,3
mccormack,3
term,3
academic,3
appears,3
population,3
publications,3
explain,3
distinguish,3
los,3
its,3
transported,3
documented,3
horizon,3
chemistry,3
distances,3
suggest,3
del,3
belt,3
soil,3
distinguished,3
when,3
using,3
arcillas,3
plausible,3
cogswell,3
provided,3
mainfort,3
south,3
identified,3
formative,3
above,3
make,3
settings,3
single,3
springs,3
interpretation,3
represents,3
serve,3
reports,3
pemiscot,3
regional,3
only,3
ozc,3
efforts,3
areas,3
bluff,3
end,3
contemporary,3
forms,3
v,3
present,3
compositionally,3
wood,3
armorel,3
demonstrated,3
understanding,3
upon,3
largely,3
previous,3
described,3
specimen,3
three,3
authors,3
features,3
stages,3
provides,3
je,3
methods,3
plum,3
occupied,3
upstream,3
meander,3
boze,3
provide,3
twain,3
who,3
why,3
forest,3
quantitative,3
anthropological,3
then,3
incorporated,3
sourcing,3
colonization,3
different,3
welch,3
setting,3
seem,3
iii,3
particularly,3
past,3
independently,3
cahokia,3
while,3
information,3
size,3
middle,3
ohio,3
introduced,3
subject,3
transition,3
locations,3
lists,3
years,3
contributed,3
extremely,3
madison,3
focus,3
major,3
hector,2
preceeding,2
hecha,2
kobel,2
lump,2
alley,2
important,2
valle,2
anthony,2
indicated,2
stylistic,2
northeast,2
extends,2
comprised,2
eminence,2
excavation,2
total,2
assisted,2
migration,2
test,2
missouriarchaeological,2
revisited,2
fortified,2
implications,2
meters,2
potentially,2
state,2
date,2
classified,2
uu,2
system,2
case,2
plain,2
east,2
bottom,2
identifies,2
localized,2
diversity,2
exposed,2
sikeston,2
fayetteville,2
explained,2
component,2
illustrates,2
terraces,2
hillclay,2
characteristic,2
jr,2
assessment,2
kersey,2
transitional,2
probabilities,2
old,2
document,2
served,2
y,2
archaeologist,2
terrace,2
even,2
tempering,2
weathering,2
poorly,2
confluence,2
mechanism,2
via,2
knoxville,2
camp,2
developed,2
remain,2
basic,2
en,2
landscape,2
parts,2
concha,2
burials,2
zirconium,2
understand,2
changes,2
plus,2
established,2
grains,2
age,2
show,2
commonly,2
resource,2
groundwater,2
evaluation,2
buffalo,2
silt,2
management,2
view,2
dc,2
result,2
cynthia,2
identifying,2
rule,2
basin,2
called,2
roubidoux,2
outcrops,2
circa,2
persist,2
elemental,2
focused,2
orientales,2
metals,2
hypothetical,2
wide,2
possibility,2
boldurian,2
line,2
received,2
steep,2
nine,2
future,2
fired,2
occupants,2
related,2
indigenous,2
fit,2
inferences,2
reactor,2
calculating,2
participated,2
feldspars,2
quarterly,2
least,2
cooperative,2
stage,2
involved,2
floodplain,2
sufficient,2
smithsonian,2
paste,2
annual,2
up,2
reflected,2
moved,2
valuable,2
inspection,2
f,2
dalton,2
partially,2
quarry,2
underground,2
runoff,2
appreciate,2
comments,2
southern,2
abrupt,2
parker,2
communities,2
vs,2
nonlocal,2
technology,2
ancient,2
nature,2
noted,2
useful,2
members,2
provenience,2
baptist,2
decorative,2
flat,2
lack,2
hollow,2
importation,2
documents,2
larger,2
discussed,2
ripley,2
formations,2
model,2
murr,2
michael,2
less,2
deep,2
eagle,2
stylistically,2
valleys,2
interpreting,2
another,2
grouping,2
corereports,2
vast,2
discussion,2
rio,2
assemblages,2
explanation,2
including,2
ethnology,2
assume,2
submitted,2
questions,2
rare,2
overlap,2
sherd,2
tis,2
comprehensive,2
individual,2
characterized,2
so,2
fr,2
high,2
probable,2
enriched,2
masca,2
narrow,2
interpretations,2
effect,2
hi,2
probably,2
relative,2
attention,2
dolomites,2
cr,2
bureau,2
independent,2
ecological,2
nwnwnw,2
begin,2
midwestarcheological,2
florescence,2
army,2
collections,2
wappapello,2
began,2
construction,2
composed,2
mounds,2
earliest,2
considered,2
acquired,2
springfield,2
any,2
conclusion,2
hafnium,2
characteristics,2
producida,2
natural,2
ppm,2
correspond,2
believe,2
best,2
unknown,2
daub,2
primary,2
elsewhere,2
better,2
phd,2
monk,2
alabama,2
combined,2
them,2
selected,2
cloth,2
almost,2
suggests,2
contain,2
archaeometry,2
travel,2
bd,2
potters,2
through,2
lies,2
lab,2
isolated,2
zircon,2
shown,2
until,2
differentiation,2
difference,2
illinois,2
fourteenth,2
numerous,2
cotter,2
approximately,2
pinson,2
ll,2
landforms,2
association,2
km,2
themselves,2
substantial,2
northward,2
final,1
exhibiting,1
difficult,1
compile,1
sandtempered,1
does,1
now,1
transportation,1
currently,1
exhibit,1
metal,1
epicenter,1
ayres,1
asymmetric,1
fractions,1
extreme,1
tuscaloosa,1
environmental,1
red,1
submission,1
durante,1
considerably,1
differentiating,1
unbiased,1
sitios,1
enlightening,1
needed,1
cambrian,1
compositionaldataanalysis,1
myth,1
diverge,1
potosi,1
anchor,1
ma,1
second,1
tierras,1
andadjacent,1
true,1
rounded,1
globular,1
approaches,1
sudden,1
easily,1
missouricolumbia,1
modern,1
gr,1
trace,1
position,1
activacion,1
grooop,1
occurred,1
computerapplications,1
malden,1
nineteenth,1
contact,1
permitted,1
pastas,1
cutting,1
archaeologists,1
lafferty,1
wrl,1
diluted,1
outwash,1
distinguir,1
fifteenth,1
interested,1
caddoan,1
ii,1
might,1
palynological,1
terrain,1
utilization,1
expectation,1
neil,1
discerned,1
samarium,1
experiments,1
moundville,1
principles,1
route,1
twenty,1
appendages,1
broken,1
parameters,1
suggesting,1
estimation,1
conditions,1
simple,1
tambihn,1
indeed,1
exotic,1
patternrecognition,1
able,1
farther,1
procedure,1
jxplore,1
subsequent,1
help,1
introduces,1
achieved,1
fresh,1
stopper,1
last,1
separated,1
consist,1
greatly,1
precisely,1
remainder,1
encuentra,1
those,1
depleted,1
somewhat,1
gibson,1
misisiply,1
context,1
contents,1
irradiated,1
weighing,1
british,1
nesene,1
leaching,1
issue,1
pl,1
composicion,1
refute,1
dome,1
greenville,1
stoddard,1
projectile,1
key,1
weathered,1
encouraging,1
spruce,1
bases,1
slips,1
incorporate,1
quantities,1
implies,1
securely,1
occupy,1
moundd,1
combination,1
except,1
costeffective,1
cited,1
representing,1
brose,1
neelyville,1
overlaps,1
evaluating,1
colonized,1
avenues,1
estudio,1
souri,1
goal,1
thus,1
iron,1
throughout,1
foramerican,1
timber,1
affiliation,1
kb,1
civicceremonial,1
reverse,1
geochemistry,1
mm,1
seswsw,1
pilot,1
village,1
resembling,1
silty,1
september,1
interest,1
mixed,1
decided,1
relations,1
corkwood,1
raises,1
te,1
santa,1
mailing,1
afford,1
indican,1
tucson,1
ray,1
expected,1
cerdmicas,1
midcontinental,1
wiley,1
initiate,1
cases,1
jl,1
posterior,1
perspective,1
determination,1
allowing,1
suitable,1
reoccupation,1
truly,1
sabo,1
mechanical,1
leese,1
biological,1
storage,1
explore,1
journal,1
maramac,1
eozarks,1
plant,1
phases,1
toltec,1
lesser,1
drained,1
permits,1
assessed,1
oxford,1
perttula,1
reflects,1
predicted,1
acid,1
his,1
aimed,1
generations,1
district,1
argillaceous,1
sw,1
notion,1
calculation,1
highway,1
mean,1
mhtd,1
determining,1
after,1
supplement,1
se,1
certain,1
leave,1
direct,1
ongoing,1
whitlar,1
ofanimal,1
occidentales,1
mollida,1
offering,1
white,1
summarized,1
space,1
making,1
reason,1
dilution,1
reeder,1
redeposited,1
affect,1
nwswsw,1
statistical,1
xkxnzuse,1
whichreports,1
intensive,1
dated,1
oxidize,1
proposed,1
days,1
elevated,1
numbers,1
dominate,1
afios,1
bruce,1
articulated,1
house,1
instrument,1
weak,1
listed,1
frag,1
lutetium,1
retrospective,1
substage,1
exploited,1
surface,1
efficient,1
undertaken,1
manufacturedfrom,1
exploitation,1
documenta,1
currentriver,1
archaeomagnetic,1
mississipi,1
mussel,1
coincide,1
suggested,1
providing,1
geologicalreports,1
whereas,1
greater,1
ranges,1
uses,1
standards,1
closely,1
advance,1
midfourteenth,1
lock,1
posible,1
concentration,1
plateau,1
wares,1
conservative,1
farmsteads,1
discrete,1
waer,1
seven,1
centers,1
lived,1
conoidal,1
estudios,1
international,1
sedentary,1
zone,1
jackknifed,1
glacial,1
representative,1
nwnese,1
big,1
scandium,1
though,1
caves,1
gamma,1
job,1
districts,1
zion,1
absorption,1
recently,1
moore,1
excellent,1
younger,1
grounds,1
energy,1
ed,1
aniean,1
procedures,1
instrumental,1
fox,1
designations,1
tchula,1
method,1
drain,1
january,1
wayne,1
grit,1
distinguishes,1
watershed,1
riverways,1
bajas,1
enrichment,1
oak,1
distinctiveness,1
artifacts,1
literature,1
overlying,1
waterway,1
heart,1
rc,1
ranger,1
appreciable,1
explains,1
knowledge,1
apparent,1
reduction,1
comment,1
confirms,1
description,1
geology,1
prehistoiy,1
paleoenvironments,1
copyright,1
aquilla,1
bottomland,1
consistently,1
scimaurnla,1
indicando,1
figures,1
seasonally,1
underscored,1
runs,1
statistics,1
assumedreports,1
midwestern,1
swift,1
lifeways,1
focuses,1
reflect,1
nodules,1
cordmarked,1
employed,1
cat,1
participate,1
dirst,1
preparation,1
interpreted,1
own,1
archeology,1
attributed,1
approach,1
shortcomings,1
errors,1
swale,1
agriculturally,1
earth,1
macomb,1
rill,1
statistically,1
mismo,1
giant,1
correct,1
presented,1
thirteenth,1
field,1
below,1
steponaitis,1
please,1
watertable,1
catalog,1
atmosphere,1
around,1
small,1
chert,1
transport,1
workshops,1
accomplished,1
highly,1
southeastward,1
ues,1
mi,1
dramatic,1
peak,1
refinement,1
suddenly,1
portions,1
andriverton,1
visible,1
seed,1
occuring,1
carrol,1
pa,1
limestonetempered,1
cycle,1
computation,1
easternreports,1
massive,1
geographical,1
content,1
society,1
jh,1
periods,1
threatened,1
evaporation,1
therefore,1
led,1
situation,1
ceremonial,1
various,1
summarize,1
visually,1
populations,1
economic,1
kenneth,1
separation,1
gradual,1
ljengaging,1
service,1
overall,1
labeled,1
phis,1
thermoluminescence,1
elizabeth,1
brief,1
edges,1
grolps,1
hcl,1
etc,1
community,1
izumi,1
illustrating,1
expanded,1
interactions,1
sponsored,1
ofarchaeology,1
humans,1
outer,1
tends,1
braided,1
kampsville,1
inflate,1
relied,1
yet,1
mao,1
makes,1
acknowledgments,1
detectable,1
continuity,1
kk,1
morehouse,1
chronology,1
remnant,1
ne,1
cylindrical,1
hilly,1
boundary,1
differentiate,1
index,1
summarizes,1
home,1
complete,1
carbonate,1
ro,1
nw,1
outlined,1
experiment,1
insights,1
illustrated,1
department,1
bar,1
social,1
hallmark,1
jon,1
volume,1
anb,1
ijpland,1
starting,1
gain,1
westward,1
request,1
coincidence,1
others,1
senwnw,1
deserves,1
motifs,1
rock,1
projects,1
analytical,1
temperada,1
powder,1
nwnwsw,1
shows,1
consideration,1
treatment,1
preserve,1
head,1
redden,1
rugged,1
inarchaeological,1
jackknifing,1
granites,1
incorporation,1
nucleated,1
surfaces,1
farming,1
irradiations,1
lowlandsreports,1
interdrainage,1
rland,1
man,1
mcmillan,1
fragments,1
depopulation,1
uring,1
do,1
increases,1
innovative,1
intersite,1
oregon,1
accepted,1
answer,1
entails,1
strategies,1
necessary,1
practice,1
por,1
distance,1
assemblage,1
touch,1
cedar,1
remove,1
vegetational,1
matrix,1
referred,1
greatest,1
collecting,1
associates,1
invested,1
skepticism,1
examples,1
newyork,1
comprise,1
ecologically,1
values,1
helps,1
discrimination,1
characterizing,1
increase,1
sufficiently,1
warrior,1
louis,1
cabins,1
empirical,1
significant,1
traded,1
use,1
cupola,1
causes,1
karst,1
continue,1
mccleod,1
radiocarbon,1
full,1
eleventh,1
complicated,1
pennsylvania,1
dating,1
involves,1
subsurface,1
low,1
significance,1
explorations,1
compositions,1
peripheral,1
mt,1
agreement,1
dominated,1
decorated,1
pd,1
interpret,1
ozcolob,1
august,1
held,1
architectural,1
started,1
reviewers,1
revised,1
recurved,1
obtained,1
lie,1
anyone,1
abundant,1
martin,1
thomas,1
unambiguous,1
margin,1
special,1
especially,1
parallel,1
disaggregation,1
mineralogy,1
confidently,1
respectively,1
correction,1
acquire,1
mainly,1
percent,1
hard,1
distant,1
misisipii,1
adaptations,1
northern,1
streams,1
particles,1
often,1
jerry,1
responsibility,1
evaluated,1
professional,1
corps,1
propose,1
widely,1
separate,1
contributes,1
dilute,1
yields,1
merrell,1
esta,1
lip,1
abundance,1
perspectives,1
note,1
processed,1
mixture,1
science,1
sometimes,1
stream,1
elam,1
crucial,1
foreign,1
geomorphologyandquaternarygeologichistoryofthe,1
testing,1
maps,1
reasonable,1
support,1
resistant,1
assigns,1
cn,1
andean,1
plastic,1
primarily,1
bags,1
bulletin,1
becomes,1
investigators,1
dimensions,1
success,1
seen,1
detailed,1
yale,1
effectively,1
jar,1
markers,1
thirteen,1
subscribers,1
turnersnodgrass,1
remaining,1
periodo,1
deals,1
la,1
similarities,1
mctoofrhelgaangeoiacoltosieisotetisuissouri,1
life,1
es,1
cones,1
fe,1
fall,1
uplandreports,1
united,1
hope,1
surprising,1
oln,1
stratified,1
supporting,1
types,1
igneous,1
examine,1
dent,1
ridges,1
exchanged,1
stable,1
counteracting,1
detail,1
stephen,1
ultrasonic,1
burned,1
school,1
warrants,1
environment,1
ruch,1
deposited,1
blackman,1
occasional,1
following,1
sorting,1
changing,1
homogeneity,1
igure,1
demonstrate,1
geographic,1
substrate,1
precise,1
temporal,1
membership,1
whitler,1
offers,1
alternative,1
jefferson,1
set,1
coincides,1
upnelin,1
know,1
nenene,1
molida,1
country,1
neutronica,1
readily,1
anthropology,1
cemetery,1
cultures,1
crlip,1
neglected,1
attribute,1
paleoindian,1
sampling,1
sm,1
did,1
seminars,1
domestic,1
compliance,1
reproduces,1
exhibits,1
perfectly,1
xxii,1
historical,1
farnsworth,1
distinctive,1
las,1
type,1
scores,1
advances,1
evident,1
ditch,1
noise,1
william,1
what,1
automatically,1
notable,1
stability,1
ones,1
references,1
supports,1
varying,1
whitten,1
nearby,1
add,1
hoped,1
sloping,1
differentiates,1
distribution,1
adaptation,1
weights,1
abruptly,1
paleoecology,1
categories,1
fourteen,1
conference,1
martha,1
level,1
occasionally,1
tk,1
entrance,1
recognition,1
multiple,1
given,1
city,1
became,1
intended,1
disappears,1
matches,1
opportunistically,1
divided,1
goose,1
exceptionally,1
representation,1
headwaters,1
goals,1
prepared,1
discriminators,1
tempers,1
coles,1
question,1
editor,1
solely,1
cedargrove,1
initiated,1
monsters,1
advent,1
similarity,1
twentieth,1
areillas,1
americas,1
define,1
need,1
product,1
smaller,1
bootheel,1
states,1
colleagues,1
defined,1
southeastmissouri,1
tributaries,1
backwater,1
fue,1
remains,1
classification,1
archaic,1
anonymous,1
comparison,1
cottier,1
interaccikn,1
thousand,1
specific,1
preferentially,1
removed,1
removing,1
existik,1
methodologies,1
johnson,1
inarchaeology,1
exclusively,1
element,1
entire,1
vagaries,1
much,1
immediately,1
counts,1
among,1
drew,1
ziplock,1
sedimentary,1
indistinguishable,1
profiles,1
should,1
tract,1
ca,1
deeper,1
selectedarchaeological,1
