WORDCOUNTS,WEIGHT
the,970
of,665
and,576
in,419
that,332
a,315
to,296
cahokia,272
as,168
at,167
was,150
state,141
is,141
by,128
were,116
not,107
mississippian,96
have,89
or,85
with,82
it,81
for,79
pauketat,77
they,72
are,71
american,66
would,63
theater,61
power,57
an,56
this,55
be,55
i,54
there,54
no,53
pp,53
but,53
edited,52
mound,52
on,50
its,50
more,49
from,49
also,47
we,45
other,44
might,43
illinois,43
ritual,42
than,42
their,41
rituals,40
been,39
archaeological,38
these,38
which,37
suggests,37
university,36
al,33
et,32
geertz,31
had,31
model,31
who,31
he,30
evidence,30
emerson,29
center,29
r,29
hall,28
people,28
see,28
one,27
found,27
new,27
like,27
some,26
his,26
if,25
ramey,25
all,25
such,25
most,24
suggest,24
brown,24
both,24
has,23
any,23
view,22
between,22
e,21
may,21
could,21
about,21
antiquity,21
leaders,21
models,21
elites,21
archaeologists,20
surely,20
bottom,20
kelly,20
how,20
can,20
mounds,20
milner,19
used,19
st,19
many,19
chiefdom,19
do,19
less,19
thomas,19
what,19
world,19
cahokian,19
tion,18
into,18
within,18
archaeology,18
con,17
east,17
even,17
southern,17
perhaps,17
chunkey,17
dalan,17
think,17
argues,17
southeastern,17
sacred,16
timothy,16
out,16
bali,16
time,16
so,16
through,16
states,16
groups,15
those,15
fowler,15
site,15
cultural,15
sites,15
place,15
society,15
southeast,15
different,15
robert,14
political,14
papers,14
four,14
because,14
fit,14
same,14
social,14
took,14
ideology,14
paper,14
north,14
although,14
point,13
de,13
domination,13
probably,13
she,13
rethinking,13
over,13
wood,13
much,13
ad,12
labor,12
human,12
record,12
m,12
byers,12
paul,12
monks,12
made,12
louis,12
did,12
just,12
d,12
way,11
red,11
occasional,11
chiefs,11
l,11
important,11
work,11
only,11
elite,11
butler,11
seem,11
them,11
while,11
does,10
later,10
control,10
mississippi,10
eastern,10
leadership,10
notion,10
powerful,10
nebraska,10
societies,10
war,10
brian,10
another,10
period,10
considered,10
carbondale,10
com,10
balinese,10
views,10
among,10
built,10
myth,9
western,9
j,9
seems,9
great,9
chiefdoms,9
system,9
very,9
warfare,9
similar,9
b,9
river,9
greater,9
my,9
polity,9
around,9
research,9
will,9
single,9
agree,9
ceremonies,9
cen,9
kings,9
ing,9
believe,9
when,9
given,9
became,9
early,9
cahokians,8
mass,8
possible,8
phase,8
rather,8
too,8
ceremony,8
based,8
centers,8
population,8
sacrifice,8
part,8
change,8
sense,8
few,8
notes,8
lincoln,8
south,8
us,8
culture,8
where,8
native,8
john,8
points,8
after,8
institution,8
seen,8
springfield,8
mis,8
welch,8
king,8
argue,8
rural,8
form,8
our,8
include,8
henges,8
building,8
tract,8
go,7
indonesian,7
group,7
large,7
maize,7
history,7
something,7
melvin,7
certainly,7
archae,7
religion,7
primary,7
vol,7
politics,7
hierarchy,7
cf,7
served,7
burials,7
means,7
clearly,7
elsewhere,7
beyond,7
late,7
scale,7
either,7
least,7
settlement,7
presence,7
ceremonial,7
community,7
necessary,7
refers,7
negara,7
contrast,7
hierarchical,7
steven,7
capital,7
far,7
masks,7
whether,7
writes,7
kin,7
difference,7
land,7
c,7
transportation,6
since,6
f,6
complex,6
occurred,6
urbana,6
first,6
together,6
real,6
el,6
posts,6
hudson,6
clay,6
find,6
york,6
parts,6
support,6
wanted,6
organization,6
kehoe,6
mary,6
whereas,6
lived,6
commoners,6
further,6
well,6
knowledge,6
during,6
horn,6
archeologist,6
ter,6
finds,6
stirling,6
scientific,6
religious,6
interpretation,6
wisconsin,6
stones,6
again,6
death,6
minnesota,6
men,6
practice,6
flint,6
examples,6
top,6
use,6
individuals,6
exchange,6
european,6
sometimes,6
complexity,6
alternative,6
know,6
pit,6
game,6
art,6
beck,6
area,6
remains,6
comparison,6
themselves,6
chicago,6
debate,6
adoption,5
dc,5
word,5
formed,5
authority,5
ways,5
studies,5
necessarily,5
chief,5
taken,5
case,5
say,5
along,5
controlled,5
bot,5
central,5
collapse,5
dynamics,5
ern,5
excavations,5
dence,5
individual,5
young,5
journal,5
influence,5
alabama,5
earlier,5
se,5
distant,5
shell,5
coerced,5
restricted,5
prehistoric,5
came,5
access,5
inter,5
buried,5
cannot,5
sity,5
goldstein,5
competing,5
symbolism,5
indi,5
dramatic,5
villages,5
using,5
ical,5
various,5
drama,5
earthquakes,5
movement,5
yet,5
under,5
indian,5
two,5
useful,5
fact,5
figurines,5
contemporary,5
honor,5
number,5
including,5
significant,5
three,5
historic,5
dominated,5
construction,5
james,5
y,5
today,5
often,5
united,5
fields,5
claims,5
then,5
charles,5
here,5
cultures,5
build,5
sissippian,5
lopinot,5
armies,5
emphasis,5
w,5
press,5
role,5
emer,5
course,5
smaller,5
specific,5
valley,5
evi,5
little,5
william,5
recent,5
problem,4
common,4
indicated,4
priesthoods,4
tuscaloosa,4
rethink,4
agency,4
h,4
unlike,4
women,4
themes,4
lower,4
siouan,4
production,4
years,4
moundville,4
suggesting,4
farmers,4
thanks,4
take,4
miles,4
inseparable,4
iii,4
right,4
taking,4
surplus,4
tribute,4
centralized,4
unpublished,4
que,4
exam,4
works,4
refer,4
apparently,4
rights,4
without,4
mountain,4
midcontinental,4
sacrificed,4
creek,4
sim,4
organized,4
upper,4
origins,4
david,4
suggested,4
bureaucracy,4
irrigation,4
events,4
mesoamerican,4
amer,4
term,4
burial,4
earthquake,4
symbols,4
public,4
none,4
gibbon,4
received,4
los,4
del,4
hereditary,4
civil,4
gave,4
surrounding,4
believes,4
own,4
excavated,4
tom,4
le,4
quite,4
omaha,4
ent,4
osage,4
natchez,4
lohmann,4
nois,4
seemed,4
hegemony,4
economic,4
grand,4
spectacle,4
service,4
located,4
make,4
indicates,4
woods,4
label,4
dis,4
god,4
outside,4
larger,4
classical,4
farming,4
end,4
adjacent,4
present,4
strategies,4
como,4
interpreting,4
imagine,4
upon,4
entirely,4
radiocarbon,4
described,4
trade,4
open,4
significance,4
features,4
k,4
structure,4
sug,4
differ,4
northern,4
la,4
clans,4
bang,4
reasonable,4
un,4
tive,4
indicate,4
life,4
indone,4
existed,4
achieve,4
types,4
clan,4
illi,4
post,4
plazas,4
essentially,4
heads,4
economy,4
distribution,4
her,4
univer,4
hundreds,4
size,4
presented,4
pits,4
centro,4
easy,4
writing,4
palisade,4
orga,4
trubitt,4
scholar,3
created,3
environmental,3
ultimate,3
distributed,3
per,3
highly,3
each,3
modern,3
theatre,3
round,3
before,3
anything,3
else,3
long,3
give,3
nature,3
neal,3
knight,3
wittry,3
products,3
julie,3
marine,3
investigations,3
polit,3
heterarchy,3
america,3
logical,3
pre,3
richard,3
wing,3
west,3
madrid,3
development,3
bailey,3
against,3
g,3
jr,3
estimates,3
elements,3
items,3
perspective,3
structural,3
body,3
ally,3
compare,3
ler,3
sun,3
gest,3
assigned,3
ater,3
centered,3
sort,3
en,3
levels,3
capture,3
hughes,3
circles,3
una,3
risk,3
read,3
rit,3
benefits,3
peasants,3
additional,3
notions,3
labels,3
problems,3
helped,3
symbolized,3
providing,3
drawing,3
tem,3
effort,3
missouri,3
ican,3
base,3
big,3
though,3
institute,3
placed,3
enough,3
aspects,3
future,3
data,3
artifacts,3
woodhenges,3
whole,3
extensive,3
toric,3
collective,3
call,3
includ,3
status,3
litter,3
cults,3
earth,3
field,3
jeske,3
emphasizes,3
several,3
smithsonian,3
protect,3
annual,3
up,3
appropriate,3
provided,3
deboer,3
critical,3
therefore,3
led,3
likely,3
materials,3
dickson,3
woodland,3
etc,3
precolonial,3
estado,3
participants,3
ethnographic,3
gelgel,3
demonstrates,3
largest,3
already,3
gary,3
visitors,3
functioned,3
calumet,3
sis,3
leader,3
mark,3
others,3
towns,3
communal,3
praeger,3
man,3
worn,3
v,3
existing,3
coercion,3
poles,3
als,3
polities,3
discussion,3
rulers,3
modelo,3
bui,3
sacrifices,3
looking,3
holt,3
mortuary,3
pauke,3
operated,3
assume,3
evolution,3
actual,3
sees,3
previous,3
theoretical,3
clear,3
high,3
mexico,3
practiced,3
mourning,3
latter,3
why,3
typically,3
interpretations,3
pro,3
reli,3
looked,3
particular,3
provide,3
usually,3
vision,3
bound,3
referred,3
army,3
force,3
understand,3
class,3
analysis,3
ology,3
centuries,3
dance,3
fertility,3
ual,3
conclusion,3
known,3
offered,3
set,3
tat,3
anthropology,3
cities,3
historical,3
past,3
type,3
better,3
places,3
ologists,3
according,3
discuss,3
making,3
varying,3
agricultural,3
axis,3
prestige,3
conference,3
emergent,3
son,3
multiple,3
simply,3
went,3
territory,3
indians,3
pole,3
ancient,3
come,3
fortier,3
zimmermann,3
parallels,3
instead,3
grown,3
need,3
green,3
defined,3
typology,3
am,3
era,3
gainesville,3
observed,3
hypothesis,3
ments,2
now,2
mostly,2
done,2
countryside,2
deny,2
obligations,2
edge,2
warming,2
broadest,2
ready,2
represent,2
resulted,2
uplands,2
repre,2
celebrate,2
connecticut,2
subsystems,2
pian,2
jon,2
tend,2
stone,2
sticking,2
marcus,2
moyne,2
teatro,2
porque,2
decade,2
tied,2
mississip,2
ritualization,2
ehoff,2
archaeo,2
princeton,2
test,2
accumulation,2
being,2
upland,2
nonelites,2
coalesced,2
anyone,2
chun,2
bly,2
military,2
astronomical,2
sub,2
worked,2
cobb,2
consin,2
words,2
s,2
principles,2
book,2
nothing,2
sup,2
leading,2
accompanied,2
pivot,2
exotic,2
able,2
court,2
dom,2
struction,2
deemed,2
hands,2
petty,2
mind,2
emphasized,2
primitive,2
arjun,2
ity,2
manipulate,2
motivated,2
insti,2
thatch,2
albeit,2
trans,2
foraging,2
investiga,2
sidered,2
mutual,2
structurally,2
alone,2
sino,2
processes,2
ship,2
monly,2
kalb,2
diver,2
zone,2
cere,2
soto,2
goal,2
thus,2
icons,2
andrew,2
includes,2
throughout,2
car,2
hypothesizes,2
review,2
spoon,2
historically,2
standing,2
reject,2
due,2
beliefs,2
divine,2
portray,2
inspiring,2
ference,2
century,2
kind,2
attracting,2
negaras,2
rank,2
developments,2
keep,2
convincing,2
back,2
fig,2
phd,2
dates,2
truly,2
died,2
overarching,2
archaeologist,2
look,2
colleague,2
cosmic,2
general,2
cites,2
theatrical,2
civilization,2
tribal,2
americans,2
adequate,2
town,2
neces,2
played,2
december,2
main,2
desa,2
reference,2
midwest,2
subsistence,2
mean,2
knotted,2
goes,2
arm,2
importance,2
enacted,2
white,2
pal,2
plaza,2
reason,2
lives,2
voluntarily,2
distinct,2
changes,2
nor,2
monumental,2
lin,2
nitrogen,2
image,2
specialization,2
multitiered,2
warren,2
dominate,2
fare,2
threat,2
age,2
charismatic,2
followed,2
defines,2
presenta,2
neitzel,2
dominant,2
stands,2
lords,2
conquest,2
result,2
whom,2
podria,2
demise,2
faunal,2
typical,2
inappropriate,2
changed,2
crowd,2
international,2
neighboring,2
supporters,2
engraved,2
shake,2
circular,2
versity,2
anderson,2
recently,2
applied,2
otherwise,2
spiritual,2
blu,2
possibility,2
coin,2
taxes,2
directly,2
participation,2
basis,2
douglas,2
pret,2
tool,2
crit,2
heart,2
floodplain,2
significantly,2
calls,2
actors,2
domi,2
positions,2
pow,2
discussions,2
haps,2
middle,2
structures,2
beads,2
stimulate,2
device,2
saw,2
regional,2
monopoly,2
artifact,2
muller,2
archeology,2
citing,2
tution,2
good,2
mately,2
level,2
ago,2
hard,2
embodied,2
cer,2
politically,2
villagers,2
order,2
ological,2
involved,2
festive,2
small,2
autonomy,2
replace,2
brought,2
representation,2
texas,2
generally,2
descendants,2
examines,2
describes,2
paid,2
otros,2
pot,2
passive,2
settle,2
actions,2
constituents,2
nations,2
periods,2
tru,2
portion,2
highlights,2
critics,2
commu,2
identified,2
short,2
indeed,2
synthesis,2
return,2
bon,2
still,2
above,2
comments,2
undefined,2
vicinity,2
relationship,2
once,2
competition,2
makes,2
rules,2
happened,2
hegemonic,2
counterparts,2
perceived,2
management,2
tain,2
included,2
appear,2
tic,2
department,2
members,2
name,2
idea,2
lapse,2
archaeol,2
sac,2
put,2
flat,2
fundamental,2
scholars,2
frac,2
endless,2
essence,2
ble,2
really,2
urines,2
remain,2
slain,2
reilly,2
planners,2
suc,2
enactment,2
patterns,2
arrow,2
ground,2
hypoth,2
influential,2
palimpsest,2
rinita,2
minneapolis,2
style,2
shifts,2
encountered,2
degree,2
thousands,2
classes,2
admits,2
mounded,2
randall,2
represented,2
ethnology,2
bondale,2
ruling,2
identity,2
assumption,2
dye,2
shopping,2
ideas,2
camelot,2
styles,2
munity,2
full,2
sissel,2
meanings,2
margaret,2
kold,2
moral,2
tional,2
ilar,2
faces,2
amounts,2
travels,2
held,2
times,2
plains,2
occa,2
uni,2
rob,2
stages,2
solstice,2
theocratic,2
solution,2
provides,2
martin,2
never,2
sian,2
graves,2
facing,2
obliga,2
article,2
systems,2
parallel,2
relation,2
successful,2
acquire,2
enemies,2
priests,2
comfortably,2
implication,2
attracted,2
invented,2
dunham,2
pottery,2
quarter,2
attention,2
convincingly,2
sented,2
increasing,2
para,2
me,2
singer,2
bureau,2
george,2
testing,2
begin,2
deaths,2
widespread,2
institutions,2
becomes,2
context,2
began,2
markers,2
caste,2
supporting,2
get,2
interpretive,2
beans,2
earliest,2
contained,2
rolling,2
material,2
believed,2
incised,2
symbolic,2
vacant,2
palace,2
organizational,2
offers,2
descent,2
gious,2
global,2
interested,2
historians,2
dur,2
constructions,2
current,2
visiting,2
feed,2
harvest,2
ideological,2
obviously,2
goods,2
pictures,2
living,2
tambien,2
animal,2
numbers,2
unique,2
harn,2
hedman,2
coln,2
maryland,2
want,2
mony,2
flames,2
despite,2
passed,2
theory,2
scalps,2
extent,2
changing,2
episode,2
peoples,2
cult,2
popular,2
researchers,2
skiri,2
ruled,2
conclude,2
lies,2
agents,2
measure,2
contribute,2
tions,2
ritu,2
question,2
trophies,2
enthusiasm,2
argument,2
gib,2
ence,2
cambridge,2
functions,2
trocolli,2
wis,2
web,2
conditions,2
value,2
approximately,2
sional,2
integrated,2
semicircle,2
sur,2
meeting,2
arti,2
col,2
envisioning,2
thousand,2
supported,2
potential,2
carbon,2
pioneering,2
tradi,2
thirdand,2
corn,2
traditional,2
nizationally,2
tired,2
should,2
hege,2
jects,2
subur,1
final,1
emulate,1
carved,1
difficult,1
contacts,1
entities,1
proba,1
dale,1
bartram,1
shovel,1
possessed,1
currently,1
deference,1
appropriation,1
poison,1
sudras,1
prefer,1
acknowl,1
estimated,1
declared,1
fortified,1
chactaws,1
concerned,1
meaning,1
altamira,1
pull,1
bah,1
stood,1
birdman,1
separated,1
truth,1
peaceful,1
mat,1
affected,1
extreme,1
reconsidered,1
shrines,1
extend,1
drought,1
coor,1
nec,1
coast,1
determine,1
chichen,1
trotted,1
indie,1
northeast,1
glas,1
implies,1
measures,1
reigning,1
pintan,1
unusu,1
gion,1
mountains,1
outlived,1
tate,1
string,1
manuscript,1
ory,1
expect,1
identifies,1
church,1
becoming,1
settlements,1
needed,1
tact,1
pendants,1
explic,1
star,1
cernible,1
designed,1
symbolize,1
reflections,1
pieter,1
neighborhoods,1
live,1
constitutes,1
sets,1
continent,1
cos,1
vino,1
bias,1
vinieron,1
contend,1
communication,1
delusions,1
wolf,1
clifford,1
subclans,1
former,1
hair,1
undertaken,1
character,1
yard,1
stefan,1
ontology,1
inequality,1
fice,1
crystallized,1
pipes,1
sys,1
fragile,1
gorgets,1
somewhere,1
oblig,1
watters,1
arguing,1
nitude,1
source,1
qualification,1
calibrated,1
clair,1
par,1
journeys,1
mytholo,1
experience,1
predominantly,1
har,1
file,1
said,1
nized,1
winnebago,1
anthropogenic,1
consistent,1
fabric,1
karen,1
estimular,1
decidedly,1
explaining,1
porters,1
stressed,1
invention,1
acres,1
relies,1
popula,1
localities,1
questions,1
caddoan,1
entailed,1
originally,1
impacts,1
asso,1
attempt,1
humans,1
sensus,1
burgundian,1
agenda,1
seismological,1
advanced,1
freely,1
diseases,1
sifuera,1
pendulum,1
supplied,1
parties,1
containing,1
layout,1
phenome,1
lorraine,1
monies,1
yards,1
interred,1
followings,1
lucretia,1
tradition,1
skills,1
paramount,1
secondary,1
down,1
credits,1
assertion,1
sissippianization,1
enduring,1
display,1
bead,1
potentially,1
vest,1
borne,1
accommodated,1
government,1
moundbuilder,1
despotism,1
link,1
closer,1
mag,1
ized,1
alternativa,1
subsequent,1
refiguring,1
achieved,1
integrate,1
coer,1
failures,1
medals,1
tangible,1
stituted,1
date,1
greatly,1
henry,1
ratified,1
pean,1
serparte,1
somewhat,1
pating,1
consideran,1
designs,1
contents,1
similarities,1
nonmounded,1
woodlands,1
evaluation,1
side,1
alto,1
existence,1
suspect,1
dr,1
plain,1
viduals,1
deforesta,1
anthropologists,1
autonomous,1
stretched,1
key,1
motion,1
tal,1
pub,1
incorporate,1
draw,1
representations,1
martitia,1
climbed,1
shoppers,1
design,1
struggling,1
mythology,1
guiltless,1
wesias,1
reflec,1
outlying,1
ered,1
authentic,1
cre,1
ball,1
pleasant,1
burning,1
characterize,1
fritz,1
fromits,1
reached,1
april,1
feinman,1
powers,1
satrias,1
ings,1
move,1
exaggerate,1
countered,1
environmen,1
reconsidering,1
mental,1
interdisciplinary,1
except,1
reflecting,1
uses,1
rela,1
ide,1
tlement,1
establishment,1
itly,1
quantity,1
cited,1
anomalous,1
genetic,1
apply,1
undoubtedly,1
royalty,1
increase,1
interact,1
empha,1
introduction,1
fertil,1
necticut,1
collection,1
attract,1
harold,1
valuables,1
localized,1
signal,1
issues,1
mid,1
ranked,1
repeatedly,1
distribu,1
conflict,1
souri,1
clature,1
gorilla,1
doms,1
apex,1
rajahs,1
lon,1
uncom,1
otro,1
merchants,1
archaeolo,1
reverse,1
spectrum,1
facts,1
immediate,1
bison,1
sending,1
quality,1
winds,1
bent,1
perfor,1
finney,1
faced,1
speakers,1
illustrates,1
constantly,1
decorated,1
endure,1
pencil,1
ceremoni,1
author,1
terraces,1
agent,1
seismic,1
interest,1
collapsed,1
reflection,1
brad,1
ag,1
viewing,1
num,1
relations,1
dismisses,1
santa,1
coa,1
hesi,1
construirla,1
topic,1
theaters,1
agers,1
interprets,1
rajah,1
eled,1
turn,1
inhabited,1
hydrology,1
cases,1
addison,1
manufactured,1
decisions,1
old,1
paths,1
koepke,1
blame,1
symposium,1
curiously,1
underlying,1
slapped,1
evident,1
document,1
moti,1
bayou,1
amount,1
contrary,1
ear,1
bor,1
slave,1
modernity,1
difficulty,1
radio,1
cates,1
lineage,1
vate,1
compared,1
kinship,1
mitigate,1
ness,1
module,1
cardinal,1
alliances,1
marching,1
hav,1
rounding,1
tral,1
sci,1
pueblo,1
obfuscates,1
instruments,1
occidental,1
lewiston,1
critique,1
sary,1
festivals,1
standardized,1
regulations,1
kidder,1
cations,1
discovering,1
hardly,1
sourcing,1
yoruba,1
handful,1
acknowledge,1
atrical,1
ment,1
conjure,1
ica,1
confluence,1
sears,1
let,1
perfect,1
grims,1
van,1
lesser,1
depicted,1
steps,1
communities,1
depopula,1
interesting,1
simultaneously,1
puntos,1
appro,1
invaded,1
recognized,1
whose,1
cially,1
ponca,1
ling,1
supernatural,1
improved,1
moiety,1
observers,1
distinction,1
growth,1
describen,1
performance,1
unabated,1
across,1
generations,1
developed,1
declaring,1
mall,1
illustration,1
ascent,1
basic,1
investigation,1
movers,1
landscape,1
ically,1
reexamining,1
resident,1
borrowing,1
hie,1
centralization,1
barbara,1
active,1
sarily,1
vocifer,1
suffer,1
titled,1
collec,1
associate,1
lasted,1
eight,1
sarah,1
legendary,1
viewed,1
leave,1
derived,1
direct,1
slippery,1
milton,1
easily,1
ulti,1
ciated,1
tionship,1
witness,1
preservation,1
elaborate,1
lacking,1
tree,1
describing,1
inherit,1
mobilize,1
singular,1
summarized,1
arbor,1
scattered,1
space,1
pings,1
supposed,1
analy,1
references,1
earrings,1
radin,1
missis,1
escape,1
acquisition,1
trasting,1
day,1
dean,1
foursomes,1
marks,1
metropolis,1
cause,1
prehistory,1
gional,1
consider,1
hinter,1
possibly,1
flexibility,1
objects,1
wisseman,1
languages,1
emergence,1
dated,1
branch,1
presumably,1
francis,1
proposed,1
vidual,1
donde,1
ested,1
n,1
attain,1
impact,1
traces,1
quoted,1
articulated,1
paddy,1
instrument,1
weak,1
shore,1
differs,1
fuerza,1
quarters,1
preconceived,1
solid,1
influ,1
esize,1
commonly,1
carolina,1
operate,1
experienced,1
resource,1
resistant,1
ques,1
argu,1
severed,1
map,1
predates,1
idealized,1
indonesia,1
ful,1
rice,1
always,1
exploitation,1
reconsideration,1
mix,1
plenum,1
willing,1
stoltman,1
event,1
unilineal,1
likens,1
strategy,1
ulation,1
decades,1
approxi,1
pros,1
cut,1
differently,1
myths,1
nia,1
compiled,1
hot,1
perceive,1
frecuentemente,1
translating,1
artistic,1
ogists,1
thinks,1
plus,1
talking,1
ordinarily,1
expressed,1
arrived,1
standards,1
gregory,1
sippian,1
initia,1
encourage,1
casual,1
columbia,1
sooner,1
uals,1
allow,1
blamed,1
declined,1
opposing,1
rule,1
marion,1
basin,1
houses,1
discoidal,1
farmsteads,1
critically,1
item,1
azta,1
conjoining,1
kerr,1
agrees,1
porubcan,1
transference,1
scenes,1
roling,1
sedentary,1
bitt,1
austin,1
dispute,1
mythical,1
domina,1
noting,1
diet,1
ogy,1
initial,1
featured,1
fuel,1
brigitta,1
liz,1
lawrence,1
embedded,1
academic,1
traversed,1
left,1
ticipate,1
ann,1
lose,1
claessen,1
oklahoma,1
tran,1
focused,1
appadurai,1
hinterland,1
mate,1
bore,1
awful,1
divide,1
califor,1
promise,1
purchased,1
nonmortuary,1
pawnee,1
wealth,1
safe,1
however,1
excavators,1
explain,1
instrumental,1
required,1
corvee,1
slumping,1
dumbarton,1
exploration,1
hierarchies,1
gods,1
mummery,1
undertaking,1
scene,1
expressions,1
criteria,1
briefly,1
visualizing,1
undercurrent,1
jim,1
shape,1
colonies,1
gained,1
having,1
relatives,1
invisible,1
relief,1
estd,1
correctly,1
network,1
hung,1
kits,1
residents,1
grif,1
priesthood,1
qualifications,1
carries,1
stor,1
protein,1
concept,1
perity,1
unless,1
prominent,1
tacle,1
attacked,1
dominance,1
london,1
herd,1
purpose,1
discusses,1
explains,1
example,1
dou,1
apparent,1
secret,1
related,1
nation,1
obvi,1
thoughts,1
sociedades,1
description,1
criticized,1
ten,1
reminded,1
ple,1
priate,1
wittfogel,1
copyright,1
childe,1
lovely,1
eurocentric,1
literature,1
genuine,1
kindly,1
obscured,1
broad,1
inspire,1
climatic,1
dietler,1
seated,1
actually,1
todos,1
thereafter,1
binding,1
hi,1
haynes,1
ethnohistoric,1
planning,1
princes,1
away,1
haven,1
employed,1
il,1
participate,1
southerly,1
won,1
interpreted,1
conform,1
following,1
sink,1
heuristic,1
approach,1
actuate,1
arkansas,1
atlas,1
gateway,1
duplicate,1
exemplary,1
creating,1
coordina,1
strove,1
haber,1
cherokee,1
woodhenge,1
correct,1
schroeder,1
below,1
regardless,1
alterations,1
scended,1
inhered,1
fix,1
revolution,1
empathetic,1
preferred,1
simpler,1
involve,1
porting,1
trading,1
next,1
box,1
sources,1
unquestioned,1
touted,1
nial,1
nomically,1
standpoint,1
reaches,1
phrase,1
rename,1
scalp,1
gests,1
arbitrary,1
comings,1
sake,1
soci,1
kent,1
family,1
berg,1
vander,1
calling,1
baggage,1
endured,1
spanish,1
nullified,1
eco,1
ignore,1
driving,1
ceal,1
mod,1
este,1
horrible,1
weberian,1
cession,1
temporary,1
governments,1
prestate,1
ayundando,1
distinguished,1
erature,1
usual,1
boundaries,1
concur,1
blessings,1
nization,1
impossible,1
yielded,1
occasions,1
fully,1
visible,1
method,1
majority,1
aggressively,1
degeneration,1
resistance,1
games,1
rolingson,1
civilisation,1
plausible,1
florida,1
institu,1
visit,1
swings,1
leg,1
moved,1
digging,1
waverly,1
concomitant,1
content,1
jeffrey,1
ideologies,1
survived,1
seats,1
gayle,1
productiveness,1
ameri,1
integrating,1
herein,1
procure,1
responsi,1
sovereign,1
november,1
demand,1
outsider,1
inhabitants,1
contest,1
territorial,1
architecture,1
resettled,1
implicitly,1
minoridad,1
thir,1
gather,1
compara,1
sanctity,1
separation,1
ingful,1
comparative,1
expansion,1
observations,1
tery,1
cloud,1
wait,1
acknowledged,1
classic,1
fruit,1
nearly,1
asiento,1
female,1
reduce,1
purest,1
hesitancy,1
iconography,1
interactions,1
curtain,1
superordinate,1
boy,1
study,1
lb,1
atop,1
aldine,1
mea,1
ware,1
pushers,1
anywhere,1
pegs,1
ozark,1
inflate,1
robin,1
eiden,1
eral,1
overview,1
moralize,1
usu,1
realm,1
esizes,1
alterna,1
configu,1
elaboration,1
dedicated,1
vided,1
violence,1
observer,1
peregrine,1
ethnographers,1
retainers,1
arrangements,1
revealed,1
underdevelopment,1
emerged,1
barker,1
thought,1
alongside,1
acknowledgments,1
exactly,1
biloine,1
hier,1
evolved,1
chronology,1
motivators,1
specifics,1
boundary,1
reanaly,1
specimens,1
imitate,1
elizabeth,1
knoxville,1
prisoners,1
home,1
publishing,1
light,1
pil,1
complete,1
action,1
garrick,1
lord,1
clusion,1
pound,1
baltimore,1
locality,1
nosed,1
acknowledging,1
reprint,1
belonging,1
phenomenon,1
preeminent,1
horticultural,1
gay,1
motivate,1
reports,1
lynne,1
retribution,1
noted,1
lingering,1
ously,1
lization,1
emerg,1
geologists,1
worldviews,1
unifying,1
payments,1
ridged,1
considers,1
longer,1
gente,1
volume,1
persuasive,1
lack,1
eligi,1
lewis,1
critiques,1
california,1
rocked,1
heritage,1
emonial,1
encour,1
complejas,1
metaphysical,1
sensu,1
strike,1
fell,1
mentions,1
toward,1
fragmentation,1
enmities,1
rejects,1
sia,1
motifs,1
jecture,1
varied,1
tiny,1
spear,1
smith,1
ban,1
lacked,1
equating,1
joyce,1
shows,1
ceramic,1
indicators,1
areas,1
overwhelming,1
conduct,1
deficient,1
don,1
temples,1
gies,1
caciques,1
wesley,1
plan,1
match,1
abstract,1
possi,1
crop,1
inevitably,1
striving,1
children,1
governed,1
vernon,1
diverse,1
mecca,1
partic,1
fallen,1
debates,1
everything,1
feasting,1
doubt,1
variation,1
prejudiced,1
appropriately,1
reevaluar,1
ceremonials,1
comparable,1
arguably,1
archical,1
johannessen,1
rhetoric,1
otras,1
ruler,1
anthropologist,1
forms,1
behind,1
fits,1
hit,1
likelihood,1
ivy,1
organizing,1
nity,1
topped,1
covered,1
threads,1
mier,1
square,1
manded,1
posits,1
excavation,1
ensured,1
erful,1
receives,1
non,1
mex,1
hinterlands,1
karl,1
hated,1
michael,1
bruges,1
ceremo,1
explicit,1
unnecessar,1
individu,1
spoke,1
origin,1
leveling,1
por,1
leapt,1
populist,1
mance,1
downtown,1
insufficient,1
intangible,1
ignoring,1
cosmos,1
gives,1
coined,1
explicitly,1
free,1
compete,1
mill,1
sugiere,1
realize,1
valleys,1
chroniclers,1
alan,1
myself,1
violent,1
cosmologies,1
bulletin,1
happi,1
entity,1
fundamentally,1
saitta,1
pastiche,1
guessing,1
exploring,1
meaningful,1
envisions,1
mythic,1
extended,1
indiana,1
dered,1
players,1
unesco,1
managerial,1
onerous,1
farther,1
explanation,1
espe,1
brahmanas,1
flaw,1
opera,1
pop,1
region,1
koldehoff,1
postclassic,1
patricia,1
transformed,1
fictional,1
archaeolog,1
delicate,1
consonant,1
southside,1
previously,1
wheatley,1
prehensible,1
neigh,1
samples,1
crafts,1
europeans,1
histor,1
ambos,1
controlling,1
denies,1
flesche,1
skeptical,1
traded,1
food,1
linking,1
sold,1
hypotheses,1
largely,1
privileges,1
factor,1
mississippians,1
jerome,1
engaging,1
vocabulary,1
emigrated,1
refuse,1
institutional,1
exploita,1
disproved,1
dirt,1
canon,1
exploiters,1
services,1
condi,1
literate,1
imagery,1
dismissed,1
complicated,1
theories,1
dating,1
excava,1
crawfish,1
platform,1
terizes,1
theses,1
ties,1
sev,1
explorations,1
tique,1
landscapes,1
mayan,1
loosely,1
oriental,1
mystify,1
frustrated,1
trap,1
express,1
atten,1
urbanism,1
obtaining,1
neoevolutionary,1
lakes,1
hauser,1
victory,1
peter,1
lady,1
jill,1
interpret,1
workers,1
august,1
quate,1
kawula,1
construc,1
levers,1
homes,1
allowed,1
someone,1
started,1
extrac,1
revised,1
flood,1
spread,1
civi,1
summer,1
skulls,1
plant,1
him,1
recon,1
cache,1
mask,1
alism,1
ended,1
lie,1
minority,1
ahler,1
renewal,1
last,1
tributing,1
claim,1
hangs,1
dination,1
hiking,1
alive,1
institutionalized,1
mos,1
founda,1
portation,1
faith,1
especially,1
queen,1
comparing,1
somehow,1
coercive,1
internal,1
inequal,1
trying,1
qualities,1
eyes,1
evolutionary,1
plum,1
inhabi,1
normal,1
craft,1
become,1
essary,1
palo,1
assessing,1
happening,1
blanton,1
isade,1
cedure,1
teach,1
hunters,1
patterson,1
seeking,1
individ,1
divides,1
italy,1
flatness,1
pry,1
ular,1
relative,1
environ,1
kristin,1
sprawl,1
outright,1
dresses,1
hope,1
opposite,1
mil,1
chert,1
competed,1
ber,1
overlooked,1
fluid,1
nal,1
decision,1
pero,1
separate,1
grandes,1
tennessee,1
solar,1
farm,1
populace,1
carried,1
things,1
convinc,1
consideraria,1
undifferentiated,1
tests,1
relying,1
lo,1
lineages,1
penguin,1
cation,1
applications,1
imply,1
fein,1
surpassed,1
circle,1
emulation,1
ludvig,1
alex,1
perspectives,1
note,1
tants,1
shooting,1
wisdom,1
shakers,1
fairly,1
continued,1
bold,1
washed,1
chance,1
five,1
foreign,1
ush,1
willingly,1
holiday,1
lum,1
lar,1
program,1
partici,1
northside,1
requisite,1
emic,1
foregoing,1
fewer,1
discard,1
monuments,1
dimensions,1
success,1
accepted,1
health,1
directions,1
poly,1
yale,1
emonies,1
hin,1
embodying,1
cuss,1
semiotic,1
terland,1
wilson,1
legitimacy,1
sures,1
iconographic,1
recognize,1
rapidly,1
ceremonialism,1
countries,1
displaying,1
feasts,1
continually,1
functioning,1
fe,1
fall,1
sheds,1
surprising,1
frontier,1
dead,1
eugene,1
ejercitos,1
coordination,1
aboriginal,1
strategically,1
raising,1
itself,1
seg,1
face,1
figured,1
gathered,1
sents,1
bastions,1
ofmelvin,1
seat,1
meant,1
sissippi,1
middens,1
durability,1
forests,1
stephen,1
burned,1
school,1
acquired,1
anthropological,1
environment,1
ration,1
querian,1
quilter,1
abandonment,1
trav,1
experiment,1
deposited,1
ily,1
sketches,1
rarely,1
monument,1
reemplazar,1
associated,1
going,1
relates,1
reorganized,1
comes,1
series,1
lic,1
rificing,1
version,1
climbing,1
calendrical,1
incorporated,1
radiant,1
nomen,1
throw,1
tered,1
demonstrate,1
regulated,1
poised,1
ner,1
chattanooga,1
hypothesized,1
legiti,1
declining,1
theme,1
summit,1
suffers,1
constructed,1
proposes,1
mourn,1
griffin,1
temple,1
handless,1
symbol,1
meat,1
ollendorf,1
equipment,1
cri,1
vio,1
vgordon,1
principality,1
belief,1
coincides,1
bright,1
labeling,1
chacon,1
chiefship,1
berkeley,1
sloan,1
ated,1
mutually,1
conserva,1
transac,1
introducing,1
tendencies,1
sido,1
burdened,1
sure,1
country,1
readily,1
tristram,1
interre,1
spec,1
lying,1
expanding,1
dupes,1
extraction,1
embodiments,1
gone,1
ferently,1
best,1
lier,1
etal,1
lit,1
luther,1
universal,1
regard,1
embankments,1
loyalty,1
guy,1
pete,1
perfectly,1
rely,1
written,1
brilliance,1
ous,1
reflected,1
pomp,1
las,1
closest,1
particu,1
u,1
devo,1
conrad,1
miranda,1
absolutely,1
lai,1
advances,1
drum,1
merely,1
table,1
person,1
turned,1
beth,1
subordinate,1
justify,1
growing,1
cal,1
eve,1
helping,1
sacri,1
tuttle,1
purchase,1
poder,1
communicate,1
communi,1
combined,1
concedes,1
spatial,1
volcanic,1
terms,1
prefers,1
redfield,1
accounts,1
bruce,1
orleans,1
ref,1
add,1
metaphor,1
covers,1
wending,1
artifactual,1
signature,1
impli,1
alice,1
brink,1
gambling,1
appropriated,1
odour,1
local,1
bureaucratic,1
studying,1
secure,1
amy,1
inhonorofmelvinl,1
deer,1
ethno,1
property,1
huge,1
cinctly,1
witnessing,1
virginia,1
dedication,1
concubines,1
urban,1
fred,1
contain,1
freedom,1
garbage,1
lence,1
chy,1
martha,1
knot,1
nj,1
antiq,1
capable,1
remember,1
occasionally,1
preserved,1
careful,1
entire,1
peace,1
thereby,1
ohio,1
sea,1
city,1
altogether,1
excursion,1
initiate,1
show,1
dice,1
mobilizations,1
modelos,1
giving,1
die,1
subject,1
transition,1
step,1
controls,1
pequena,1
conventional,1
cooperation,1
nonhuman,1
acknowledges,1
obtain,1
tender,1
arguments,1
images,1
manufacturing,1
copper,1
benignly,1
ever,1
unitary,1
families,1
fortably,1
trayed,1
snow,1
tall,1
gain,1
motif,1
categorization,1
paula,1
boasting,1
hierar,1
morn,1
prepared,1
uninitiated,1
analogy,1
eric,1
runs,1
soft,1
ultimately,1
tell,1
spring,1
multiethnic,1
henri,1
unable,1
legitimating,1
euro,1
disposal,1
concentra,1
redefining,1
initiated,1
hero,1
copies,1
diminished,1
internally,1
national,1
write,1
charge,1
accept,1
gists,1
harm,1
crisis,1
midcontinent,1
offer,1
actively,1
americas,1
salt,1
irritably,1
disagree,1
ico,1
shared,1
range,1
ade,1
manufacture,1
developmental,1
unified,1
gen,1
disruption,1
charac,1
modeled,1
countrymen,1
france,1
earthen,1
reenactment,1
prosperity,1
colleagues,1
playing,1
attempted,1
heyday,1
voluntary,1
devastated,1
moun,1
pluralistic,1
knowl,1
presenting,1
association,1
shift,1
effec,1
ships,1
archaic,1
morning,1
ruth,1
anonymous,1
flooding,1
observation,1
barry,1
territories,1
cheyenne,1
invited,1
valuable,1
certainty,1
ser,1
claqueur,1
teenth,1
tribes,1
broadening,1
thing,1
fonseca,1
hills,1
syn,1
enormity,1
create,1
substantial,1
archeological,1
interaction,1
uity,1
gulf,1
impress,1
icism,1
mehrer,1
seek,1
ends,1
priestly,1
drew,1
dif,1
simi,1
ceremonias,1
conversations,1
roles,1
close,1
overexploitation,1
pulcher,1
household,1
owns,1
characteris,1
eties,1
continuously,1
els,1
