WORDCOUNTS,WEIGHT
the,412
and,395
of,279
in,165
to,130
deer,111
for,104
by,97
a,93
marrow,84
is,80
are,74
meat,67
that,62
from,61
return,55
were,54
on,48
with,47
be,47
or,41
was,39
at,37
yield,37
gross,37
bone,36
p,36
element,35
yields,34
this,31
new,31
not,30
average,30
both,29
bones,28
de,28
we,28
processing,28
site,27
rate,26
rates,26
have,26
an,25
archaeological,25
j,24
weight,24
as,24
mau,23
kcal,23
journal,23
than,23
sites,23
more,23
may,22
york,22
parts,22
r,22
between,22
american,21
elements,21
woodland,21
used,21
these,21
most,20
late,20
but,20
science,20
different,20
illinois,20
utility,19
other,19
correlated,19
has,18
based,18
body,17
no,17
university,17
also,17
time,17
animal,17
d,17
there,16
weights,16
vertebrae,16
caribou,16
it,15
data,15
thoracic,15
edited,15
all,15
pp,15
been,15
transport,15
c,15
differences,14
l,14
madrigal,14
which,14
abundance,14
indices,14
removed,14
t,13
sample,13
ov,13
carcass,13
w,13
two,13
femur,13
lamoka,12
dry,12
during,12
three,12
lumbar,12
while,12
middle,12
correlations,11
likely,11
correlation,11
scapula,11
faunal,11
using,11
cole,11
only,11
antiquity,11
then,11
pit,11
tibia,11
some,10
jersey,10
prehistoric,10
ranking,10
small,10
will,10
fragments,10
their,10
relative,10
each,10
humerus,10
gravel,10
archaic,10
they,9
one,9
first,9
might,9
hunting,9
state,9
b,9
important,9
part,9
marean,9
mne,9
do,9
number,9
skeletal,9
times,9
would,9
hunters,9
table,9
cervical,9
evidence,9
m,8
total,8
recorded,8
e,8
differential,8
radius,8
after,8
age,8
because,8
y,8
transported,8
when,8
ovi,8
individuals,8
k,8
can,8
hunter,8
species,8
capaldo,8
killed,8
results,8
our,8
remains,8
lake,8
among,8
if,7
archaeology,7
g,7
wet,7
derived,7
fat,7
carcasses,7
density,7
significantly,7
et,7
museum,7
positively,7
al,7
department,7
variation,7
significant,7
individual,7
features,7
metatarsal,7
five,7
analysis,7
valley,7
metcalfe,7
central,6
calculated,6
due,6
center,6
jones,6
similar,6
followed,6
rp,6
weighed,6
found,6
either,6
single,6
same,6
carnivore,6
assemblages,6
holt,6
food,6
period,6
obtained,6
indicate,6
any,6
destroyed,6
terms,6
does,5
h,5
being,5
long,5
spencer,5
el,5
determined,5
such,5
relatively,5
shaft,5
highest,5
left,5
higher,5
ofarchaeological,5
rib,5
exploitation,5
had,5
ullrey,5
seven,5
occupation,5
scavenging,5
los,5
eastern,5
order,5
several,5
therefore,5
curves,5
economic,5
social,5
mound,5
larger,5
assemblage,5
original,5
processes,5
methods,5
flesh,5
figure,5
maus,5
often,5
see,5
months,5
carnivores,5
african,5
rochester,5
early,5
entire,5
difficult,4
ant,4
environmental,4
large,4
stone,4
epiphyses,4
negative,4
implications,4
abundances,4
s,4
great,4
frequencies,4
bison,4
amount,4
dates,4
excavations,4
adult,4
importance,4
study,4
tooth,4
additional,4
management,4
cut,4
rendimiento,4
nutrients,4
cuts,4
energy,4
presented,4
work,4
aged,4
its,4
uncorrelated,4
suggest,4
metacarpal,4
research,4
provided,4
second,4
dressed,4
nearly,4
decisions,4
sex,4
index,4
specimens,4
phalanx,4
patterns,4
present,4
model,4
where,4
taphonomy,4
frequency,4
ecology,4
remove,4
electronic,4
divided,4
including,4
ulna,4
taphonomic,4
plant,4
discarded,4
ribs,4
la,4
provide,4
sec,4
primarily,4
kill,4
fall,4
wildlife,4
con,4
nutritional,4
insignificantly,4
here,4
natural,4
mississippian,4
very,4
las,4
combined,4
mandible,4
size,4
through,4
despite,4
content,4
variability,4
representation,4
instead,4
although,4
preferentially,4
elites,4
chicago,4
north,4
should,4
estimated,3
way,3
determine,3
group,3
studies,3
protection,3
paper,3
lyman,3
humans,3
julie,3
those,3
cell,3
within,3
nonmounded,3
woodlands,3
shafts,3
right,3
vol,3
knife,3
condition,3
above,3
minimum,3
indicates,3
estimates,3
cases,3
zooarchaeological,3
six,3
negatively,3
en,3
eight,3
arbor,3
affect,3
marks,3
females,3
fish,3
record,3
situations,3
archeological,3
preference,3
appear,3
dc,3
method,3
attrition,3
centers,3
academic,3
population,3
absolute,3
january,3
kg,3
bc,3
klippel,3
nonfat,3
nearest,3
future,3
people,3
femurs,3
carne,3
fawn,3
excavated,3
optimal,3
tested,3
butchery,3
purdue,3
presence,3
scott,3
dependent,3
organs,3
value,3
south,3
located,3
female,3
make,3
positive,3
about,3
us,3
marshall,3
processed,3
inhabitants,3
many,3
foods,3
identical,3
pennsylvania,3
took,3
less,3
retorno,3
probably,3
elementos,3
medula,3
analyzed,3
newyork,3
samples,3
described,3
low,3
summer,3
high,3
earlier,3
mccabe,3
internal,3
ann,3
effect,3
dividing,3
hind,3
destruction,3
dogs,3
seasons,3
caro,3
bulletin,3
who,3
considered,3
springfield,3
following,3
habitation,3
steel,3
december,3
blumenschine,3
cavity,3
phd,3
game,3
information,3
suggests,3
reported,3
given,3
profiles,3
brain,3
fawns,3
association,3
little,3
stackpole,3
epiphyseal,3
common,2
yearlings,2
emerson,2
career,2
foraging,2
identify,2
hunterdon,2
completely,2
encountering,2
modern,2
history,2
before,2
antlers,2
lower,2
consistent,2
hence,2
radii,2
taken,2
season,2
tenderloin,2
attractive,2
available,2
thanks,2
composition,2
ru,2
greatly,2
tuscaloosa,2
side,2
uno,2
reverse,2
attacked,2
blanca,2
mesh,2
retain,2
howard,2
possible,2
october,2
zooarchaeology,2
consumed,2
innominate,2
except,2
desirable,2
mccullough,2
ritual,2
funded,2
includes,2
cregg,2
expect,2
since,2
havana,2
barlow,2
z,2
rank,2
back,2
compared,2
compare,2
kelly,2
even,2
pilgram,2
epiphysis,2
alabama,2
his,2
abundancia,2
across,2
subsistence,2
mean,2
una,2
determining,2
cervid,2
se,2
support,2
plus,2
river,2
presumably,2
differs,2
frequently,2
recovered,2
resource,2
tributes,2
screened,2
providing,2
estos,2
greater,2
olduvai,2
feet,2
hominid,2
typical,2
missouri,2
diet,2
accurately,2
further,2
transactions,2
procesamiento,2
applied,2
procedures,2
explain,2
artifacts,2
mayer,2
brought,2
related,2
multiplied,2
place,2
winter,2
tasa,2
status,2
least,2
field,2
rutgers,2
few,2
smithsonian,2
essentially,2
up,2
majority,2
rest,2
society,2
rankings,2
he,2
nonelites,2
scientific,2
identified,2
correlating,2
indicative,2
fractured,2
sobre,2
inhabited,2
kills,2
muscles,2
oven,2
ancient,2
included,2
complete,2
experimental,2
largest,2
transporte,2
fill,2
volume,2
paul,2
technique,2
death,2
water,2
areas,2
john,2
serious,2
enough,2
vulnerable,2
strategies,2
immature,2
perhaps,2
demonstrated,2
classes,2
explanation,2
legs,2
friesen,2
sides,2
looking,2
use,2
hypotheses,2
virtually,2
francis,2
assume,2
procurement,2
net,2
radiocarbon,2
swanton,2
open,2
revised,2
direct,2
so,2
hammer,2
mammals,2
accurate,2
preservation,2
standard,2
abundant,2
partes,2
comparing,2
include,2
kilocalorie,2
mainly,2
butchered,2
availability,2
residue,2
horse,2
versus,2
occupied,2
institution,2
insignificant,2
diferencial,2
anatomy,2
tennessee,2
bertram,2
para,2
arqueologicos,2
testing,2
male,2
seen,2
kroll,2
papers,2
class,2
hope,2
types,2
frey,2
mounds,2
ravaging,2
stable,2
experimentally,2
severinghaus,2
constant,2
cola,2
metapodials,2
wear,2
known,2
binford,2
longissimus,2
over,2
skinned,2
extraction,2
venison,2
kcallhr,2
scavengers,2
current,2
foundation,2
particularly,2
associated,2
ritchie,2
historical,2
spatial,2
them,2
particular,2
males,2
extent,2
bergs,2
require,2
contain,2
nj,2
researchers,2
thereby,2
conclude,2
obtain,2
discussion,2
dorsal,2
indians,2
ungulates,2
zimmermann,2
years,2
national,2
stratification,2
consumption,2
range,2
need,2
smaller,2
comparison,2
thousand,2
specific,2
survivorship,2
vary,2
much,2
recent,2
zones,2
previously,2
southeastern,2
axial,2
major,2
grants,2
hypothesis,2
wolves,1
final,1
frequent,1
femora,1
o,1
provisioning,1
carcasa,1
oriented,1
meaning,1
immune,1
freezing,1
compensate,1
separated,1
personnel,1
affected,1
implies,1
measures,1
alone,1
fragmented,1
introduction,1
sitios,1
church,1
afavor,1
needed,1
complex,1
rick,1
saved,1
lk,1
decisiones,1
rogers,1
sido,1
han,1
considerations,1
occurreports,1
comparisons,1
western,1
excavation,1
necessarily,1
unassisted,1
into,1
predicting,1
encourage,1
habits,1
guillermo,1
individually,1
ethnoarchaeological,1
mgui,1
exceptions,1
contested,1
po,1
buffer,1
source,1
behavioralfaunalanalysis,1
genesee,1
test,1
attribute,1
upland,1
permit,1
australia,1
sources,1
jackson,1
creation,1
give,1
economica,1
concentrated,1
illinoisarchaeology,1
rendimientos,1
overnight,1
heated,1
eruption,1
passenger,1
recoveredmammal,1
secondary,1
advantage,1
warm,1
monitor,1
timing,1
potentially,1
analyses,1
studied,1
able,1
desarrollados,1
mandibles,1
brian,1
mississippi,1
procedure,1
beds,1
products,1
styles,1
i,1
baehr,1
wapiti,1
feature,1
sinew,1
miles,1
henry,1
situ,1
rui,1
vertebrate,1
reading,1
somewhat,1
fascia,1
context,1
digital,1
verme,1
ad,1
british,1
issue,1
nunamiut,1
depending,1
suspect,1
alfred,1
resumes,1
arcaico,1
tardfos,1
hopewell,1
longbone,1
guidelines,1
mass,1
hall,1
march,1
account,1
pueden,1
activity,1
ofanthropologicalarchaeology,1
international,1
slight,1
west,1
occurring,1
taking,1
cited,1
apply,1
along,1
measurement,1
collection,1
behavior,1
hudson,1
learned,1
regarding,1
correlacionando,1
thus,1
phase,1
postcranial,1
prey,1
throughout,1
fracture,1
propped,1
que,1
whitaker,1
curated,1
development,1
farrell,1
translating,1
medio,1
investigatory,1
intact,1
ag,1
plotting,1
cultural,1
application,1
conducted,1
jr,1
forced,1
midcontinental,1
fahrenheit,1
weaknesses,1
ciervos,1
averaging,1
refer,1
prehistoria,1
speed,1
suitable,1
comparamos,1
continuous,1
twice,1
estimate,1
esqueletarios,1
storage,1
archaeologist,1
terrace,1
evidencia,1
look,1
suministran,1
details,1
influence,1
selectively,1
rights,1
deviation,1
overestimated,1
knoxville,1
hyaena,1
bunn,1
town,1
whose,1
essential,1
identification,1
rather,1
destroy,1
developed,1
how,1
remain,1
lie,1
strictly,1
elementfrequencies,1
unit,1
antagonistic,1
calculation,1
ungulate,1
represented,1
risk,1
proportion,1
mile,1
certain,1
percussion,1
carcasas,1
intertribal,1
contributions,1
assuming,1
disarticulated,1
winters,1
ofanimal,1
cave,1
tree,1
white,1
burials,1
predation,1
animals,1
factors,1
andarchaeologically,1
canid,1
consistency,1
gathering,1
means,1
modified,1
changes,1
finer,1
schlepp,1
distantly,1
varios,1
biased,1
consider,1
possibly,1
improvement,1
emergence,1
lowell,1
clearly,1
edition,1
weather,1
impact,1
desirability,1
shore,1
upper,1
periodically,1
undated,1
show,1
communities,1
commonly,1
experienced,1
exploited,1
shorter,1
dept,1
connecting,1
concerning,1
efficient,1
meatiest,1
reconsideration,1
biasing,1
metal,1
decades,1
view,1
myths,1
nebraska,1
cultivating,1
odontocete,1
charcoal,1
whereas,1
tanzania,1
result,1
came,1
retrospection,1
location,1
thoracis,1
utilidad,1
masulis,1
midden,1
access,1
out,1
shared,1
huesos,1
selectedhorizons,1
theannualweight,1
withbone,1
representative,1
criteria,1
fusion,1
caves,1
orientales,1
tools,1
appears,1
neither,1
produced,1
cannot,1
biases,1
inicial,1
scale,1
placed,1
bow,1
lasfrecuencias,1
acknowledgments,1
brooks,1
directly,1
eliminate,1
memory,1
aspects,1
well,1
shape,1
hierarchies,1
suspended,1
distinguish,1
degrees,1
correctly,1
literature,1
formerly,1
received,1
insignificance,1
muestra,1
tool,1
del,1
heavily,1
advancement,1
example,1
knowledge,1
scraps,1
loss,1
whole,1
intermediate,1
cervidae,1
inferences,1
calculating,1
mnes,1
locomotor,1
seasonally,1
runs,1
pan,1
binding,1
personal,1
away,1
reflect,1
lupo,1
il,1
systematic,1
differentially,1
kcavg,1
smallest,1
interpreted,1
rendered,1
marrowyields,1
cantwell,1
attributed,1
redistributed,1
regions,1
numerically,1
earth,1
eviscerated,1
detailed,1
preceded,1
change,1
statistically,1
indicator,1
speth,1
working,1
below,1
lowest,1
distances,1
whitetailed,1
indicators,1
next,1
archaeofaunas,1
alto,1
complicate,1
claim,1
dried,1
spanish,1
proximate,1
characteristics,1
mineral,1
june,1
knives,1
highly,1
cool,1
despues,1
disparate,1
attached,1
methodological,1
division,1
progress,1
st,1
morey,1
proper,1
lowerand,1
cycle,1
florida,1
appropriate,1
lincoln,1
tombigbee,1
dictated,1
bullheads,1
unidentifiable,1
monmouth,1
estratificacion,1
periods,1
multiplying,1
chronological,1
f,1
dalton,1
usable,1
quarry,1
units,1
ranging,1
tendon,1
reduced,1
variety,1
materials,1
wary,1
short,1
techniques,1
indication,1
highestranked,1
sar,1
july,1
garden,1
currency,1
domination,1
comments,1
ofarchaeology,1
modes,1
southern,1
structural,1
southeast,1
mammal,1
postulate,1
hominids,1
guide,1
once,1
calculate,1
oxford,1
yet,1
interpretation,1
makes,1
thought,1
heaviest,1
morgan,1
selective,1
bogan,1
antler,1
performed,1
ideology,1
skin,1
outlined,1
begins,1
meatprocessing,1
ciervo,1
useful,1
lee,1
enteras,1
resultados,1
disappearing,1
members,1
fire,1
lewis,1
omission,1
stream,1
toward,1
again,1
fragmentation,1
academy,1
ludbrook,1
added,1
head,1
ciervosfueron,1
transportadas,1
averages,1
communal,1
fact,1
joints,1
shows,1
longer,1
lack,1
idea,1
luis,1
datos,1
homestead,1
treatment,1
preserve,1
underestimated,1
striking,1
bovids,1
seasonality,1
attempting,1
choice,1
layer,1
break,1
habitat,1
end,1
substantially,1
snyder,1
discussed,1
observes,1
chiefdom,1
sparling,1
periosteum,1
anthropologist,1
andvillage,1
men,1
adjacent,1
abstract,1
gofialons,1
secular,1
forelimb,1
accepted,1
slings,1
correlaciona,1
until,1
lls,1
tasas,1
native,1
bare,1
distance,1
day,1
remained,1
interpreting,1
another,1
understanding,1
greatest,1
behaviors,1
exploring,1
mounded,1
minimizing,1
survive,1
arochester,1
preferential,1
values,1
deposits,1
ethnology,1
owe,1
campsite,1
strongest,1
ofthearchaic,1
arbitrarily,1
ambos,1
station,1
licensed,1
underestimates,1
unpalatable,1
assign,1
examination,1
hunted,1
fndices,1
previous,1
states,1
washington,1
positivamente,1
wrapping,1
versions,1
ventral,1
clear,1
bullhead,1
modem,1
authors,1
stress,1
publication,1
mengoni,1
lakes,1
pauketat,1
reviewers,1
helpful,1
mayreports,1
maximize,1
mountain,1
households,1
midshaft,1
losing,1
lose,1
thomas,1
latter,1
exchange,1
fauna,1
moen,1
especially,1
boschert,1
juncture,1
become,1
intrasite,1
structure,1
james,1
percent,1
consecutive,1
figures,1
reiterate,1
atlas,1
mortality,1
brown,1
tardfo,1
decision,1
performing,1
pero,1
grandes,1
ethnobiology,1
assigned,1
applications,1
note,1
bureau,1
she,1
bulk,1
box,1
hill,1
aquipresentamos,1
alternate,1
fewer,1
psoas,1
sauer,1
predict,1
becomes,1
strongly,1
returned,1
yearling,1
proposition,1
try,1
length,1
allometry,1
responsible,1
efficiency,1
examine,1
united,1
composed,1
exists,1
importante,1
kangaroo,1
thick,1
biology,1
quantitative,1
dissertation,1
anthropological,1
beardstown,1
suggestions,1
anvil,1
contained,1
ooarchaeologists,1
dumping,1
conclusion,1
complexity,1
subcutaneous,1
skeleton,1
must,1
ethnoarchaeology,1
respective,1
demonstrate,1
hypothesized,1
unbroken,1
scraping,1
physical,1
audubon,1
echoes,1
eastafrican,1
set,1
mamifero,1
whilereports,1
strap,1
partitioning,1
contrastadas,1
anthropology,1
carpals,1
sheep,1
east,1
welch,1
did,1
best,1
down,1
grigson,1
argue,1
cc,1
report,1
obviously,1
rely,1
infer,1
researches,1
cultivation,1
examining,1
gatecliff,1
past,1
hamlets,1
conrad,1
living,1
type,1
person,1
resharpening,1
beginning,1
neiland,1
william,1
captive,1
valleys,1
thirdhighest,1
heads,1
economy,1
menudo,1
weighs,1
physiology,1
whether,1
adults,1
selected,1
ones,1
making,1
references,1
series,1
cahokia,1
add,1
muscular,1
seasonal,1
axis,1
theory,1
attritional,1
distribution,1
consisting,1
scavenged,1
periphery,1
grayson,1
rating,1
balance,1
unfractured,1
intake,1
almost,1
virginia,1
tendons,1
peoples,1
neck,1
rmsca,1
level,1
son,1
preserved,1
multiple,1
introduced,1
city,1
press,1
became,1
november,1
indicar,1
fossil,1
nutrition,1
mayor,1
subject,1
transition,1
assumptions,1
odontocetes,1
underestimate,1
algonkin,1
averaged,1
gain,1
harrison,1
think,1
reaching,1
varied,1
contrasts,1
unstressed,1
nonfeature,1
wild,1
models,1
spring,1
survival,1
sediments,1
difference,1
caloric,1
cambridge,1
disposal,1
observed,1
similarity,1
conditions,1
phalanges,1
grant,1
uk,1
conjuntos,1
approximately,1
building,1
autumn,1
attributes,1
anatomical,1
alyawara,1
effects,1
colleagues,1
optimization,1
measured,1
shift,1
increased,1
parmalee,1
anonymous,1
needs,1
charles,1
potential,1
coefficient,1
archaeozoologia,1
drying,1
butchering,1
sharing,1
fears,1
munson,1
maximum,1
counts,1
strong,1
mature,1
pliopleistocene,1
loin,1
premature,1
dos,1
grease,1
row,1
increase,1
