WORDCOUNTS,WEIGHT
the,666
of,533
and,451
in,295
to,194
a,154
on,108
that,106
for,101
is,97
ad,73
by,73
piedmont,71
are,65
with,63
southern,56
stream,55
as,53
at,50
pueblo,48
wash,48
or,47
cowboy,47
were,46
sites,44
from,44
have,44
american,43
be,43
ute,41
channel,41
no,40
this,39
colorado,39
et,38
during,36
alluvial,36
not,36
change,35
an,35
areas,34
area,34
floodwater,33
abandonment,33
was,32
archaeological,32
al,31
these,31
streams,31
puebloan,30
late,30
been,30
arroyos,29
arroyo,29
southwest,29
entrenchment,28
between,28
prehistoric,27
occupation,27
field,26
pp,26
iii,26
mountain,25
systems,25
ephemeral,24
climate,24
more,24
chaco,23
university,23
farming,23
flood,23
mesa,22
edited,22
discontinuous,22
large,21
channels,21
main,21
settlement,21
new,21
flow,21
one,20
canyon,20
may,20
most,20
habitation,20
periods,20
can,20
early,20
it,19
other,19
m,19
but,19
regional,19
period,19
i,18
along,18
relatively,18
than,18
entrenched,18
drought,18
small,18
time,18
soil,18
there,17
population,17
dry,17
quaternary,17
arizona,17
sediment,16
ak,16
climatic,16
reaches,16
only,16
anasazi,16
has,16
tributaries,16
valley,16
within,15
human,15
irrigation,15
fluvial,15
r,15
also,15
chin,15
washes,15
water,15
less,15
fields,15
sleeping,15
years,15
geological,14
studies,14
two,14
where,14
black,14
schumm,14
antiquity,14
although,14
if,13
different,13
soils,13
de,13
river,13
erosion,13
precipitation,13
geomorphic,13
community,13
figure,13
region,13
formation,13
upland,12
plain,12
such,12
tucson,12
karlstrom,12
changes,12
result,12
because,12
geology,12
we,12
t,12
survey,12
stratigraphic,12
associated,12
agricultural,12
basketmaker,12
environmental,11
plateau,11
southwestern,11
behavior,11
journal,11
archaeology,11
near,11
annual,11
society,11
many,11
mexico,11
probably,11
la,11
paper,11
evidence,11
given,10
into,10
production,10
watersheds,10
all,10
j,10
agriculture,10
study,10
could,10
watershed,10
data,10
project,10
patterns,10
which,10
any,10
local,10
land,10
remains,10
deposition,10
north,10
axial,10
e,9
they,9
occurred,9
alluvium,9
dean,9
their,9
utah,9
part,9
research,9
reduced,9
catchment,9
department,9
northern,9
segments,9
coyote,9
when,9
smaller,9
episodes,8
bp,8
cutting,8
nature,8
system,8
downcutting,8
holocene,8
activity,8
drainage,8
effective,8
arid,8
impact,8
four,8
had,8
based,8
well,8
bc,8
several,8
presence,8
runoff,8
verde,8
us,8
occupations,8
model,8
cambridge,8
processes,8
indicate,8
dolores,8
plains,8
school,8
control,8
episodic,8
type,8
waters,8
overbank,8
ii,7
reach,7
s,7
vol,7
g,7
santa,7
geometry,7
fans,7
mechanism,7
van,7
site,7
support,7
upper,7
important,7
f,7
san,7
short,7
pattern,7
material,7
valleys,7
food,7
occupied,7
length,7
anthropological,7
incised,7
droughts,7
trunk,7
rainfall,7
report,7
fuller,7
contain,7
both,7
lands,7
typically,7
abandoned,7
much,7
backfilling,6
formed,6
total,6
conditions,6
some,6
mealing,6
dynamics,6
publications,6
storage,6
york,6
en,6
environments,6
factors,6
pitstructures,6
w,6
age,6
appear,6
dc,6
basin,6
out,6
cultural,6
charred,6
stratigraphy,6
likely,6
communities,6
indian,6
phoenix,6
including,6
use,6
three,6
modem,6
characterized,6
would,6
summer,6
features,6
high,6
vegetation,6
excavated,6
k,6
percent,6
science,6
montezuma,6
hohokam,6
euler,6
particularly,6
plata,6
through,6
numerous,6
d,6
increased,6
km,6
sa,5
does,5
nonentrenched,5
groups,5
settlements,5
history,5
hopi,5
located,5
state,5
date,5
investigations,5
sheet,5
papers,5
hydrologic,5
irrigated,5
excavations,5
response,5
mechanisms,5
drainages,5
adjustments,5
periodic,5
strategy,5
greater,5
petersen,5
downstream,5
zone,5
residential,5
used,5
special,5
broad,5
artifact,5
presented,5
around,5
few,5
mariano,5
single,5
marginal,5
chronology,5
complete,5
locality,5
fan,5
larger,5
considerable,5
do,5
present,5
necessary,5
deep,5
shifts,5
services,5
radiocarbon,5
dating,5
low,5
historic,5
sandy,5
shale,5
yr,5
becomes,5
juan,5
fe,5
floor,5
series,5
changing,5
each,5
cultivation,5
adaptation,5
while,5
yield,5
approximately,5
c,5
huckleberry,5
duration,5
final,4
later,4
represent,4
resulted,4
per,4
second,4
completely,4
bryan,4
necessarily,4
unlike,4
implications,4
crops,4
last,4
respond,4
moisture,4
mcelmo,4
west,4
inventory,4
exposed,4
central,4
hack,4
conducted,4
nabhan,4
canal,4
gradients,4
differently,4
played,4
across,4
how,4
museum,4
mean,4
b,4
scales,4
cause,4
resource,4
surface,4
shifted,4
location,4
gj,4
hadley,4
buried,4
fish,4
scatters,4
los,4
confined,4
people,4
structures,4
hydraulic,4
floors,4
responses,4
suggest,4
intervals,4
characteristics,4
gradient,4
generally,4
filling,4
using,4
bedrock,4
absence,4
identified,4
still,4
violence,4
thought,4
lowland,4
shifting,4
mancos,4
noted,4
cumulative,4
paleochannel,4
depopulation,4
ages,4
strategies,4
distributary,4
elevation,4
understanding,4
chronologies,4
deserts,4
sequence,4
provides,4
salt,4
shallow,4
effect,4
upstream,4
bureau,4
degradation,4
force,4
demonstrate,4
extensive,4
howell,4
over,4
believe,4
did,4
utilized,4
phd,4
whether,4
era,4
size,4
middle,4
paleosol,4
aggradation,4
role,4
camps,4
washington,4
need,4
association,4
tnv,4
billman,4
meeting,4
difficult,3
indicated,3
correlations,3
mountains,3
center,3
laterally,3
h,3
modern,3
bajada,3
annals,3
being,3
consistent,3
acres,3
hammack,3
sustainable,3
containing,3
differences,3
government,3
sometime,3
subsequent,3
context,3
el,3
case,3
recorded,3
east,3
demography,3
prior,3
possible,3
fine,3
point,3
consequent,3
very,3
labor,3
que,3
relationships,3
interior,3
tables,3
unpublished,3
clay,3
jr,3
century,3
migrate,3
amount,3
y,3
even,3
wet,3
without,3
his,3
l,3
growth,3
levels,3
js,3
flexible,3
se,3
derived,3
suited,3
creek,3
segment,3
mcauliffe,3
prehistory,3
linked,3
commonly,3
permanent,3
charcoal,3
whereas,3
p,3
behavioral,3
rooms,3
term,3
leonard,3
viewed,3
cannot,3
younger,3
record,3
pollen,3
pleistocene,3
work,3
horticulture,3
tributary,3
its,3
year,3
partly,3
reduces,3
contains,3
aztec,3
documented,3
papago,3
approach,3
regions,3
depositional,3
least,3
corresponds,3
regardless,3
raiding,3
components,3
up,3
cattle,3
will,3
ventilator,3
populations,3
sonoran,3
brian,3
cannibalism,3
above,3
indicates,3
relationship,3
social,3
love,3
geomorphology,3
moist,3
printing,3
hydrological,3
projects,3
cedar,3
decreases,3
hiatus,3
streamflow,3
adjacent,3
rh,3
frequency,3
paleoclimatic,3
number,3
remained,3
aggregation,3
analyzed,3
vivian,3
desert,3
deposits,3
affects,3
band,3
navajo,3
similar,3
towaoc,3
intrinsic,3
latter,3
agriculturalists,3
narrow,3
construction,3
corners,3
caution,3
nashville,3
increases,3
consists,3
sequences,3
bins,3
responsible,3
analysis,3
united,3
table,3
packard,3
considered,3
aggrading,3
headcuts,3
suite,3
dispersed,3
must,3
semiarid,3
hypothesized,3
irrigable,3
grazing,3
physical,3
colonization,3
ratio,3
key,3
fills,3
historical,3
growing,3
what,3
form,3
seasonal,3
map,3
headcut,3
suggests,3
transport,3
city,3
world,3
question,3
schlanger,3
until,3
models,3
sediments,3
sur,3
effects,3
defined,3
aggregated,3
summary,3
bell,3
correlate,3
lake,3
debate,3
maximum,3
focus,3
mostly,2
pediment,2
calibrated,2
common,2
created,2
uplands,2
alone,2
distributed,2
mouth,2
trash,2
residences,2
tend,2
maize,2
schools,2
true,2
alluviation,2
favor,2
western,2
cycles,2
dg,2
induced,2
leads,2
disturbances,2
test,2
archaeologists,2
either,2
long,2
topographic,2
preceding,2
concentrated,2
season,2
attempt,2
gary,2
sedimentation,2
great,2
thunderstorm,2
studied,2
onto,2
mr,2
those,2
aneth,2
remodeling,2
pl,2
con,2
occasional,2
depending,2
reconstruction,2
sg,2
capacity,2
prone,2
primary,2
america,2
hall,2
cited,2
dynamic,2
correlation,2
minimum,2
eroded,2
lambert,2
sand,2
tied,2
haynes,2
relies,2
throughout,2
alignments,2
development,2
gp,2
due,2
silty,2
base,2
ut,2
wiley,2
transitional,2
down,2
creamer,2
cases,2
distinct,2
times,2
backfilled,2
continuous,2
ideal,2
look,2
umuilap,2
apparently,2
devender,2
wl,2
leopold,2
crow,2
higher,2
themes,2
poor,2
unentrenched,2
recognized,2
adequate,2
links,2
developed,2
unit,2
process,2
subsistence,2
after,2
induce,2
contributions,2
lacking,2
selected,2
evolution,2
feel,2
occupational,2
days,2
n,2
too,2
experienced,2
helped,2
warmer,2
ha,2
union,2
histories,2
carrying,2
color,2
midden,2
arable,2
disruptive,2
further,2
transactions,2
ceramics,2
wj,2
ld,2
paleoenvironmental,2
castetter,2
revealed,2
artifacts,2
rc,2
london,2
example,2
apparent,2
related,2
technical,2
sk,2
downcut,2
reoccupied,2
winter,2
away,2
diverted,2
relative,2
agriculturally,2
earth,2
ancestral,2
causal,2
good,2
habitations,2
caused,2
thirteenth,2
working,2
below,2
volume,2
contrast,2
mineral,2
highly,2
mesic,2
yielded,2
reeves,2
cycle,2
despite,2
provided,2
incision,2
sporadic,2
jh,2
subsequently,2
inset,2
he,2
situation,2
variety,2
overall,2
expansion,2
limited,2
exception,2
nonclimatic,2
wh,2
longitudinal,2
movement,2
surveyed,2
parker,2
structural,2
about,2
rs,2
springs,2
rock,2
makes,2
tohono,2
favorable,2
compiled,2
semisubterranean,2
performed,2
switch,2
illustrated,2
confirmed,2
reports,2
kms,2
fill,2
delivery,2
ceramic,2
power,2
toward,2
again,2
renewed,2
hearths,2
longer,2
lack,2
crop,2
deleterious,2
seldom,2
snyder,2
conclusions,2
cruz,2
road,2
perhaps,2
jj,2
crown,2
situated,2
extended,2
examples,2
made,2
range,2
previously,2
increase,2
piroject,2
empirical,2
significant,2
largely,2
emphasize,2
factor,2
assume,2
variables,2
trip,2
previous,2
synthetic,2
douglas,2
significance,2
stress,2
publication,2
points,2
like,2
plant,2
collected,2
earlier,2
lipe,2
repeated,2
quick,2
especially,2
comparing,2
problems,2
methods,2
spreads,2
become,2
relation,2
geographers,2
ann,2
butchered,2
structure,2
differ,2
adaptive,2
arbor,2
farm,2
depth,2
seasons,2
highand,2
coupled,2
masse,2
continued,2
five,2
maps,2
geophysical,2
hill,2
reasonable,2
wells,2
insufficient,2
bulletin,2
forming,2
health,2
returned,2
emphasizes,2
why,2
often,2
see,2
composed,2
permeability,2
supporting,2
types,2
influencing,2
middens,2
kuckelman,2
environment,2
wd,2
preclude,2
grand,2
minneapolis,2
founded,2
measurements,2
invoked,2
known,2
ranch,2
gravelly,2
alternative,2
divert,2
natural,2
downslope,2
outdoor,2
best,2
basins,2
predictability,2
rely,2
pit,2
las,2
u,2
them,2
cooking,2
detrital,2
nearby,2
lengths,2
temporally,2
correlates,2
guidebook,2
level,2
john,2
jd,2
little,2
uniform,2
slopes,2
sea,2
press,2
conventional,2
dw,2
alternating,2
aspect,2
pr,2
come,2
kohler,2
chuska,2
locations,2
generate,2
decrease,2
national,2
wb,2
applicable,2
dense,2
ga,2
cr,2
permeable,2
shift,2
archaic,2
moved,2
supported,2
potential,2
bottoms,2
vary,2
yearround,2
enterprise,2
observed,2
should,2
close,2
gis,1
paleoenvironment,1
judge,1
kayenta,1
currently,1
jacal,1
o,1
deny,1
drylands,1
arbitrarily,1
limits,1
way,1
surficial,1
develops,1
synchroneity,1
pull,1
gentler,1
ideales,1
separated,1
pale,1
defining,1
iowa,1
extreme,1
ecologic,1
wa,1
floodwaters,1
fpaleosol,1
centros,1
northeast,1
red,1
madsen,1
extends,1
ultimate,1
originating,1
intersect,1
notably,1
manuscript,1
pushed,1
likewise,1
group,1
complex,1
agua,1
deepest,1
prime,1
stone,1
wintering,1
gradational,1
constitutes,1
ostensibly,1
mexican,1
kl,1
park,1
perturbations,1
former,1
trenching,1
barrancos,1
mckinley,1
devices,1
hovenweep,1
pinia,1
excavation,1
organic,1
predicting,1
stan,1
knox,1
landform,1
individually,1
legion,1
accentuated,1
fragile,1
exceptions,1
lightfoot,1
lenses,1
nonetheless,1
detected,1
princeton,1
diversity,1
permitted,1
clayenriched,1
discontinuously,1
highlight,1
peaked,1
minimizes,1
accumulation,1
invoking,1
easterin,1
else,1
explaining,1
lateral,1
sources,1
chaic,1
mcg,1
cm,1
elation,1
flume,1
adaptable,1
attempts,1
might,1
address,1
yours,1
geohydrologically,1
utilization,1
england,1
diverging,1
dramatically,1
principles,1
olournal,1
route,1
assess,1
parameters,1
suggesting,1
comno,1
simple,1
thank,1
farmers,1
corresponde,1
timing,1
july,1
downing,1
assembled,1
inqua,1
link,1
hundred,1
reveal,1
room,1
products,1
take,1
juniper,1
sheetflow,1
converts,1
roasting,1
cc,1
alternated,1
inundation,1
consist,1
migrated,1
totaling,1
principal,1
sociopolitical,1
heating,1
nal,1
decreased,1
dendritic,1
piedmnont,1
dd,1
threshold,1
rg,1
similarities,1
depends,1
erosional,1
side,1
cg,1
ascribed,1
waifare,1
geologic,1
westview,1
subsurface,1
planted,1
dune,1
mass,1
conditioned,1
me,1
langbein,1
resumption,1
berms,1
timescales,1
account,1
thunderstorms,1
quantities,1
placement,1
discrepancies,1
capable,1
geomoifologia,1
determined,1
agenbroad,1
fluviales,1
disprove,1
creemos,1
denver,1
illustrate,1
paucity,1
vilkages,1
cautela,1
sihty,1
solely,1
insight,1
flank,1
occurring,1
combination,1
variations,1
say,1
twelfth,1
x,1
establishment,1
indicating,1
uncertain,1
gila,1
geomorphological,1
fossil,1
undoubtedly,1
dryer,1
geoar,1
recapture,1
horticulturalists,1
loam,1
wm,1
warfare,1
andrefrencd,1
bl,1
consolidates,1
corresponding,1
funded,1
mid,1
exist,1
regarding,1
conflict,1
phase,1
regionality,1
todas,1
singularity,1
coloradcanyo,1
royal,1
errickson,1
review,1
tw,1
albritton,1
alternately,1
against,1
assumes,1
author,1
terraces,1
lb,1
agent,1
millennium,1
ability,1
concentrations,1
vey,1
capped,1
ethnobotanical,1
occurs,1
interpret,1
pm,1
kirk,1
efimeros,1
sample,1
hevly,1
expected,1
z,1
forced,1
figue,1
precludes,1
nor,1
perspective,1
thornthwaite,1
br,1
highest,1
young,1
oxford,1
suitable,1
analogs,1
dates,1
apr,1
compared,1
twice,1
engineering,1
converging,1
fromreports,1
accelerator,1
revised,1
fieldiana,1
application,1
sin,1
section,1
surkveys,1
vice,1
xavier,1
climates,1
canyonco,1
generation,1
influence,1
word,1
ment,1
christensen,1
ica,1
walls,1
ado,1
mb,1
civilization,1
operation,1
environmnent,1
reconstructed,1
zuni,1
ge,1
identification,1
rather,1
ml,1
ways,1
generations,1
morrison,1
edward,1
kw,1
ra,1
altitudinal,1
affairs,1
basic,1
amnerican,1
na,1
radius,1
capture,1
ch,1
shrub,1
christine,1
represented,1
opportunity,1
senior,1
probability,1
associate,1
lasted,1
monsoon,1
supplement,1
eight,1
ns,1
landscapes,1
certain,1
parts,1
orcutt,1
easily,1
disarticulated,1
temporalmente,1
produced,1
jm,1
tree,1
distant,1
asentanmientos,1
summarized,1
productive,1
overlooked,1
scattered,1
miscellaneous,1
az,1
lea,1
addressing,1
means,1
references,1
understand,1
discernible,1
finer,1
old,1
calcic,1
statigaphc,1
locally,1
possibly,1
erodable,1
established,1
kintigh,1
intensive,1
calibration,1
dated,1
cessful,1
latin,1
proved,1
warren,1
canales,1
elsewhere,1
driven,1
proposed,1
moderately,1
receiving,1
placed,1
bruce,1
jersey,1
behaving,1
northeastern,1
unfavorable,1
corri,1
profile,1
situations,1
januaiy,1
show,1
shorter,1
albuquerque,1
follow,1
indications,1
followed,1
reroofing,1
cordell,1
requires,1
fronts,1
fre,1
peabody,1
explain,1
christenson,1
ihd,1
utiliza,1
cortez,1
alumni,1
david,1
corrientes,1
textured,1
drawing,1
view,1
osteological,1
estos,1
dosch,1
unconfined,1
moving,1
ilamada,1
ubicada,1
anthropogenic,1
lead,1
pc,1
priori,1
walk,1
concentration,1
nancy,1
avenue,1
complexes,1
iad,1
acknowledgments,1
found,1
access,1
doolittle,1
pulse,1
strongly,1
seven,1
nutrients,1
changed,1
estudios,1
events,1
relate,1
amer,1
radiometric,1
initial,1
interpretations,1
aerial,1
density,1
degrading,1
graybill,1
sequias,1
lose,1
understood,1
institute,1
photography,1
moqui,1
desde,1
burial,1
appears,1
intensity,1
dispersal,1
applied,1
excellent,1
coirelated,1
required,1
facilities,1
aridity,1
method,1
drain,1
decadal,1
severest,1
chuslcibti,1
influenced,1
receive,1
aspects,1
directly,1
rsailpd,1
minimal,1
network,1
unexcavated,1
cfs,1
residents,1
received,1
ditches,1
reid,1
tops,1
nine,1
county,1
nc,1
heavily,1
tens,1
montezumna,1
bajadas,1
indigenous,1
shallower,1
excessive,1
betancourt,1
woodland,1
paleoenvironments,1
incremental,1
copyright,1
overview,1
older,1
accretion,1
kiva,1
refined,1
exceed,1
issues,1
records,1
concentrate,1
fruitful,1
falling,1
cluster,1
thereafter,1
somewhere,1
reflect,1
complemented,1
employed,1
il,1
nonsynchroneity,1
predominance,1
buff,1
pirehistory,1
smallest,1
memoirs,1
redistribution,1
foci,1
expended,1
stolzer,1
running,1
nurture,1
viable,1
composite,1
cold,1
questionable,1
administrator,1
reliable,1
prevalence,1
del,1
presencia,1
order,1
wrong,1
consolidation,1
sharp,1
routes,1
thern,1
driving,1
migration,1
altered,1
smithsonian,1
ls,1
migrating,1
fiteron,1
cool,1
nials,1
irrigate,1
dramatic,1
ps,1
suddenly,1
villages,1
always,1
dependent,1
oversteepened,1
thereports,1
hurley,1
distinguishing,1
mouths,1
grateful,1
increments,1
am,1
schematic,1
activities,1
hohokanm,1
chronological,1
south,1
marked,1
fromn,1
catalysts,1
roughness,1
ck,1
ridge,1
various,1
attributable,1
bodo,1
synthesis,1
montezumnia,1
paleohydraulics,1
play,1
brief,1
abstractreports,1
cenozoic,1
petrology,1
constraints,1
april,1
reduce,1
allen,1
crm,1
grande,1
efimneras,1
mainstream,1
accumulations,1
comments,1
turbulent,1
adjusting,1
settings,1
degredation,1
braided,1
biological,1
loos,1
synchronous,1
relied,1
yet,1
reference,1
describe,1
push,1
pewo,1
coverage,1
represents,1
switching,1
pinal,1
degradational,1
serve,1
soon,1
piuebloan,1
rain,1
ring,1
sociocultural,1
intermediate,1
exposure,1
ne,1
luj,1
coeval,1
inhabitation,1
included,1
ageb,1
publishing,1
mckee,1
laforma,1
same,1
warmth,1
experimental,1
demonstrates,1
wright,1
cooke,1
intense,1
junctions,1
paleochannels,1
begins,1
hearth,1
geologists,1
suzanne,1
jo,1
rings,1
causative,1
resolution,1
lewis,1
bioarchiaeological,1
jeffrey,1
challenge,1
numbera,1
limit,1
ahlstrom,1
others,1
aaiv,1
thresholds,1
varies,1
errikson,1
addition,1
onenunhd,1
gentle,1
demographic,1
fact,1
culprit,1
aggradational,1
consideration,1
datos,1
fundamental,1
foodstuffs,1
riverine,1
andreports,1
pressure,1
minnesota,1
instability,1
plan,1
clarendon,1
graf,1
relict,1
watercourse,1
upgrading,1
diverse,1
contemporary,1
variation,1
imperfect,1
ribbons,1
terry,1
forms,1
reser,1
outside,1
wild,1
v,1
kj,1
ground,1
kendallhunt,1
shrubs,1
landscape,1
superimposed,1
equate,1
accepted,1
unclear,1
vulnerable,1
correlaciona,1
parent,1
por,1
urges,1
beta,1
rhodes,1
weakly,1
wood,1
remarkably,1
day,1
meandering,1
adjusts,1
entity,1
thousands,1
original,1
able,1
demonstrated,1
empirically,1
greatest,1
associates,1
elevations,1
discussion,1
recognizes,1
rio,1
spective,1
correlacionan,1
invested,1
background,1
treated,1
bancos,1
explanation,1
virgin,1
matthews,1
snowfall,1
formal,1
scatter,1
tank,1
kottlowski,1
vexing,1
clustered,1
walkenhorst,1
load,1
versa,1
chinle,1
asentamiento,1
umu,1
hasta,1
persisted,1
rivers,1
tortolita,1
began,1
paleoecologic,1
ideas,1
harvard,1
net,1
discontinuity,1
persistent,1
abandono,1
exerted,1
full,1
office,1
shaleancosshale,1
kilometer,1
wheel,1
open,1
dwiggins,1
wommack,1
mt,1
umtra,1
sustain,1
maintenance,1
urge,1
yields,1
co,1
stition,1
gauged,1
feasible,1
reviewers,1
supplying,1
ef,1
so,1
creating,1
curve,1
chuskan,1
static,1
linking,1
geographical,1
filled,1
configurations,1
proximity,1
households,1
improved,1
preservation,1
martin,1
ongoing,1
cambios,1
suroeste,1
class,1
facing,1
internal,1
construct,1
mathews,1
descontinuos,1
chapel,1
mesas,1
successful,1
diminishes,1
correlated,1
respectively,1
britain,1
southwestem,1
gullies,1
ten,1
architcture,1
durango,1
geography,1
harrill,1
versus,1
debm,1
institution,1
connections,1
bonito,1
professional,1
facilitates,1
encompassing,1
brown,1
examines,1
oviatt,1
separate,1
increasing,1
ranging,1
unstable,1
sufficiency,1
para,1
geochronology,1
today,1
recomendamos,1
raise,1
irregular,1
processed,1
perspectives,1
sealed,1
provide,1
movements,1
sometimes,1
crucial,1
thor,1
immediatelyreports,1
naturally,1
testing,1
tm,1
upham,1
vertical,1
lines,1
aeas,1
bare,1
eastwest,1
multitude,1
who,1
sensitive,1
seen,1
collections,1
translation,1
progressively,1
detailed,1
widths,1
bt,1
cutbanks,1
relevant,1
jt,1
recognize,1
rapidly,1
whereby,1
gavel,1
life,1
lowered,1
ruhe,1
bia,1
simulated,1
extremely,1
uso,1
ridges,1
forest,1
earliest,1
ie,1
stable,1
conservation,1
detail,1
thenmes,1
supply,1
perturbation,1
lithologically,1
cyclonic,1
correlative,1
deposited,1
eventually,1
monument,1
agricultuoe,1
singular,1
following,1
pueblos,1
extending,1
toda,1
wr,1
theme,1
bioarchaeological,1
slope,1
fluctuating,1
supports,1
reconnaissance,1
note,1
accelerated,1
sherds,1
symbol,1
rocky,1
spatially,1
here,1
sustained,1
geoarchaeology,1
coincides,1
wellknown,1
colinas,1
masonry,1
loamy,1
paradigm,1
chacoan,1
indica,1
correspond,1
proponents,1
cory,1
global,1
contained,1
setting,1
prleosol,1
unknown,1
accommodate,1
tandem,1
argue,1
cyclical,1
pconverging,1
domestic,1
minimized,1
escalante,1
counting,1
then,1
swca,1
plateaus,1
ar,1
clearly,1
disperse,1
sustaining,1
infer,1
far,1
agricultura,1
generalized,1
examining,1
differed,1
explicitly,1
hamlets,1
living,1
hydrology,1
better,1
places,1
portions,1
subterranean,1
animal,1
beginning,1
william,1
virtual,1
incise,1
unlikely,1
explanations,1
catastrophic,1
notable,1
polacca,1
discharge,1
devine,1
unique,1
gemorphic,1
volcanic,1
worthwhile,1
degree,1
plants,1
nonanthropogenic,1
upslope,1
ma,1
opportunistic,1
contrasting,1
problem,1
consisting,1
insightful,1
predate,1
bradfield,1
stdy,1
information,1
eolian,1
observations,1
episode,1
phenomena,1
emphasis,1
wetherill,1
peoples,1
conference,1
researchers,1
clayey,1
son,1
northwestern,1
gt,1
dams,1
multiple,1
pits,1
affecting,1
stuiver,1
productivity,1
altogether,1
rd,1
confirm,1
became,1
variability,1
sl,1
assumptions,1
pi,1
adapted,1
contienen,1
jour,1
harvesting,1
arguments,1
houser,1
challenges,1
indians,1
allows,1
evidenced,1
asynchronous,1
da,1
our,1
prepared,1
webb,1
named,1
modelo,1
centennial,1
recording,1
sistemas,1
average,1
zones,1
initiated,1
quest,1
contract,1
donna,1
temperature,1
trauma,1
mode,1
apoyados,1
geoarchaeological,1
ended,1
contributed,1
offer,1
include,1
consolidated,1
constructed,1
diversion,1
product,1
cautionary,1
states,1
round,1
earthen,1
colleagues,1
attempted,1
geologist,1
measured,1
ranged,1
indices,1
practiced,1
anonymous,1
flooding,1
specific,1
modeling,1
textures,1
schiffer,1
assumed,1
interdisciplinary,1
consisted,1
chicago,1
temperatures,1
impedes,1
estratigrafia,1
ridgetops,1
views,1
substantial,1
entire,1
surveys,1
planform,1
corn,1
immediately,1
diverts,1
mature,1
among,1
zonesreports,1
profiles,1
broader,1
tract,1
southeastern,1
resources,1
roles,1
draft,1
lac,1
inventories,1
super,1
major,1
occur,1
deeper,1
continuously,1
