WORDCOUNTS,WEIGHT
of,89
the,83
and,52
in,45
that,39
to,33
we,27
is,25
a,24
social,24
our,21
de,18
as,17
us,17
with,16
rautman,14
for,14
concept,13
this,13
an,13
heterarchy,12
it,11
organization,11
are,11
pueblo,11
about,10
can,10
not,9
concepts,9
have,9
how,8
they,8
from,8
but,8
by,8
organizational,7
more,6
important,6
understanding,6
prehispanic,6
interest,6
than,6
does,5
ways,5
western,5
or,5
thinking,5
different,5
societies,5
terms,5
some,5
surplus,5
allows,5
think,5
archaeological,5
approach,5
on,5
be,5
she,4
rather,4
una,4
their,4
american,4
study,4
dialectics,4
these,4
also,4
view,4
other,4
el,4
particular,4
los,4
saitta,4
archaeology,4
perspective,4
forms,4
la,4
society,4
appropriation,3
edge,3
organizing,3
complex,3
label,3
oppositional,3
indios,3
dialectical,3
useful,3
heterarqufa,3
nature,3
analytical,3
puebloan,3
time,3
historical,3
term,3
record,3
problem,3
commitments,3
processualist,3
concepto,3
teoria,3
use,3
framework,3
nuestro,3
theoretical,3
points,3
relations,3
interpret,3
states,3
nor,3
late,3
heterarchical,3
specific,3
article,3
book,2
will,2
processual,2
involve,2
para,2
various,2
critica,2
obey,2
across,2
ella,2
sort,2
dialectica,2
en,2
capture,2
opportunity,2
annapolis,2
certain,2
one,2
life,2
kinds,2
nos,2
productive,2
space,2
edited,2
h,2
makes,2
message,2
sorts,2
was,2
necessarily,2
conocimiento,2
complexity,2
pueblos,2
department,2
experience,2
carolina,2
additional,2
only,2
archaeologists,2
proposes,2
neither,2
constructive,2
each,2
unproductive,2
descriptive,2
j,2
paper,2
december,2
capitalist,2
desire,2
clarify,2
differences,2
epistemological,2
lived,2
borne,2
any,2
contradictory,2
past,2
petty,2
political,2
them,2
see,2
binghamton,2
issue,2
produce,2
isbn,2
theory,2
como,2
her,2
while,2
mcguire,2
changed,2
captains,2
discussion,2
little,2
randall,2
conceptual,2
dynamic,2
along,2
comment,2
variability,2
its,2
critique,2
debate,2
collective,2
labor,2
processes,2
goal,2
formations,2
such,2
dynamics,2
hierarchy,2
causal,2
change,2
reproduced,2
like,2
nuestra,2
turn,2
area,2
provides,2
dean,2
although,2
research,2
directs,2
north,2
paul,2
transforming,1
south,1
hindered,1
f,1
judge,1
now,1
suggestion,1
via,1
lo,1
simultaneously,1
imply,1
o,1
may,1
dual,1
essential,1
perspectives,1
note,1
ofrece,1
no,1
fairly,1
synthesizing,1
if,1
meaning,1
l,1
static,1
economic,1
been,1
linda,1
milieu,1
groups,1
stood,1
manessays,1
created,1
deepen,1
pieces,1
critical,1
others,1
extend,1
appreciation,1
forward,1
recognizes,1
merits,1
framing,1
notion,1
becomes,1
e,1
warner,1
object,1
aboriginal,1
directions,1
un,1
ultimate,1
still,1
arrangements,1
abstraction,1
intervention,1
systemic,1
flexible,1
contribution,1
interplay,1
landscapes,1
distribute,1
interesting,1
direct,1
stipulate,1
summarizing,1
ask,1
why,1
occidentales,1
hierarchical,1
analysis,1
identify,1
essays,1
chauvinism,1
hope,1
locked,1
sentence,1
consequences,1
remind,1
esa,1
uniquely,1
addressing,1
shipping,1
mexican,1
lesley,1
reason,1
unranked,1
articulo,1
send,1
pp,1
illuminate,1
considerations,1
noncommunal,1
tensions,1
university,1
desconffa,1
alone,1
challenged,1
objects,1
position,1
missing,1
igualitaria,1
subjectivities,1
share,1
interdissocial,1
clearly,1
specify,1
associated,1
invite,1
just,1
prehispdnicos,1
same,1
sociedadjerdirquica,1
called,1
intentos,1
allude,1
w,1
peoples,1
without,1
most,1
communal,1
show,1
noted,1
being,1
first,1
either,1
apoyo,1
encontramos,1
explaining,1
temporal,1
volume,1
consequence,1
transformative,1
industrializawihe,1
certainly,1
differentiate,1
consciousnesses,1
disagreement,1
andscapes,1
human,1
alternative,1
potential,1
set,1
business,1
m,1
attempts,1
mark,1
address,1
put,1
intellectual,1
principle,1
usually,1
estos,1
commonplace,1
specialization,1
complete,1
shares,1
kr,1
tion,1
neglected,1
causality,1
shows,1
georgian,1
d,1
s,1
idea,1
evolutionist,1
extent,1
fulfills,1
scholars,1
did,1
down,1
uneasy,1
found,1
agree,1
traditionally,1
captures,1
underand,1
rich,1
confront,1
larger,1
typologies,1
new,1
teorica,1
pass,1
very,1
varied,1
dull,1
find,1
help,1
initial,1
discussed,1
ofrecido,1
advocacy,1
external,1
estdi,1
sends,1
evaluate,1
better,1
places,1
inputs,1
respond,1
beginning,1
dismissal,1
helping,1
cultural,1
let,1
discipline,1
where,1
committed,1
vary,1
redirect,1
investigation,1
accepted,1
context,1
form,1
less,1
system,1
inquiry,1
cannot,1
making,1
maryland,1
sociedad,1
necessary,1
con,1
wealth,1
por,1
statement,1
rechazo,1
explain,1
explicar,1
agrees,1
has,1
task,1
gives,1
reflected,1
propone,1
oportunidad,1
aspects,1
require,1
well,1
explored,1
sions,1
another,1
original,1
occupying,1
brings,1
recognizing,1
distinguish,1
r,1
egalitarian,1
used,1
sonora,1
characterize,1
considering,1
martha,1
both,1
radically,1
mobilizing,1
preferred,1
del,1
dissatisfaction,1
limitations,1
claim,1
multiple,1
ancestral,1
purpose,1
tributary,1
preferable,1
competing,1
interaction,1
example,1
develop,1
related,1
ciplinary,1
crafts,1
positions,1
organizacion,1
findings,1
empirical,1
contradictions,1
rigid,1
largely,1
collection,1
northwest,1
causes,1
colonial,1
ideas,1
ranked,1
exist,1
egalitarianism,1
goals,1
relies,1
questions,1
thus,1
relates,1
includes,1
forces,1
away,1
perspectiva,1
acuerdo,1
relationships,1
breaks,1
argues,1
difference,1
received,1
own,1
tional,1
web,1
silent,1
corner,1
sustain,1
aware,1
good,1
co,1
contributors,1
viewing,1
instead,1
times,1
raises,1
start,1
sense,1
deseamos,1
land,1
describing,1
ny,1
constituent,1
multifachave,1
parts,1
creating,1
americanshave,1
features,1
functionalist,1
mexico,1
thoughtful,1
involving,1
clarificar,1
variously,1
antiquity,1
effects,1
piece,1
chihuahua,1
objectivist,1
hence,1
continua,1
typology,1
uso,1
exchange,1
christopher,1
contingency,1
epoca,1
special,1
concerning,1
especially,1
internal,1
differently,1
este,1
between,1
qualifying,1
difficulty,1
preserves,1
stipulated,1
eted,1
single,1
proceeding,1
pleased,1
structure,1
claiming,1
articulation,1
y,1
capitalism,1
even,1
given,1
sin,1
gusta,1
productivity,1
southwest,1
pasts,1
look,1
traditional,1
copyright,1
focus,1
duration,1
much,1
world,1
counts,1
calificar,1
appropriate,1
value,1
should,1
general,1
building,1
describir,1
united,1
bundles,1
dindmica,1
nuanced,1
procesual,1
bipolar,1
major,1
communalism,1
pero,1
