WORDCOUNTS,WEIGHT
the,205
of,127
to,87
and,82
a,75
in,74
is,66
for,37
as,35
be,35
with,33
magnesium,32
it,30
calcium,29
or,25
solution,23
ml,22
may,21
r,19
by,18
limestone,17
are,16
acid,14
sample,14
that,13
more,12
present,12
material,12
results,12
no,11
iron,11
which,11
this,11
g,11
an,10
dolomitic,10
used,10
when,10
will,9
materials,9
if,9
from,9
indicator,9
classification,9
been,8
about,8
organic,8
calcareous,8
analytical,8
ratio,8
add,8
edta,8
one,7
case,7
ancient,7
any,7
these,7
all,7
has,7
titration,7
such,7
dilute,7
small,7
through,7
dolomite,6
above,6
analysis,6
not,6
determination,6
impurities,6
hydrochloric,6
most,6
mineral,6
water,6
composition,6
procedure,6
required,6
presence,6
since,6
insoluble,6
after,6
they,5
only,5
containing,5
precipitate,5
while,5
murexide,5
made,5
mortar,5
first,5
ebt,5
errors,5
would,5
high,5
aluminum,5
black,5
amount,5
titrated,5
using,5
crucible,5
titrational,4
determining,4
eriochrome,4
titrations,4
respect,4
was,4
into,4
under,4
proposed,4
n,4
t,4
addition,4
raw,4
paper,4
gypsum,4
dissolved,4
plasters,4
possible,4
determined,4
desired,4
use,4
amounts,4
values,4
on,4
sulfate,4
effect,4
weight,4
also,4
ferric,4
we,4
should,4
soluble,3
per,3
american,3
standard,3
readily,3
then,3
oxidize,3
plaster,3
tetraacetic,3
minerals,3
again,3
litmus,3
usually,3
limit,3
best,3
compounds,3
ignition,3
room,3
there,3
contents,3
necessary,3
method,3
filter,3
eliminate,3
filtrate,3
original,3
some,3
characterize,3
both,3
ethylenediamine,3
part,3
appreciable,3
means,3
its,3
loss,3
during,3
ammonium,3
temperature,3
shown,3
until,3
have,3
change,3
d,3
bottle,3
than,3
stone,3
calcite,3
content,3
at,2
poor,2
now,2
assigned,2
situation,2
minor,2
matter,2
mixture,2
scientific,2
later,2
volumetric,2
naturally,2
yields,2
reduce,2
seen,2
interfere,2
edwin,2
clays,2
similar,2
their,2
residue,2
structural,2
calculate,2
control,2
oxides,2
studies,2
titrate,2
quantitatively,2
ignited,2
associated,2
complete,2
carbonate,2
following,2
same,2
buffer,2
source,2
must,2
two,2
noted,2
additional,2
ignite,2
based,2
precise,2
satisfactory,2
specific,2
sources,2
aliquot,2
terminology,2
weighed,2
excess,2
natural,2
appear,2
hot,2
each,2
closely,2
igniting,2
solubility,2
available,2
found,2
color,2
new,2
obviously,2
molecular,2
very,2
porcelain,2
mesoamerican,2
constant,2
seldom,2
fragments,2
representative,2
chloride,2
devised,2
further,2
flask,2
though,2
somewhat,2
where,2
terms,2
less,2
number,2
free,2
encountered,2
because,2
but,2
remove,2
mortars,2
beaker,2
mg,2
vol,2
designation,2
prior,2
contain,2
upon,2
range,2
occurring,2
introduced,2
dissolve,2
previously,2
stoppered,2
stirring,2
factor,2
broad,2
endopoint,2
were,2
dl,2
compositions,2
conditions,2
dissolving,2
either,2
sensitivity,2
stuccos,2
precipitation,2
good,2
ferrous,2
inherent,2
antiquity,2
obtained,2
accurate,2
elements,2
oxidized,2
several,2
rinse,2
especially,2
borderline,2
removed,2
between,2
often,2
cool,2
reported,2
c,2
washings,2
can,2
triethanolamine,2
name,2
dropwise,2
limestones,2
value,2
building,2
sodium,2
aragonite,2
major,2
limiting,1
contributes,1
uncontaminated,1
resolve,1
frequent,1
tea,1
van,1
higher,1
consists,1
critical,1
steps,1
partially,1
likely,1
done,1
along,1
essential,1
cover,1
limits,1
absence,1
identification,1
common,1
operations,1
way,1
independent,1
continued,1
true,1
letters,1
concerned,1
interference,1
l,1
destroy,1
names,1
developed,1
practical,1
testing,1
designated,1
remain,1
result,1
comparative,1
sure,1
play,1
hydroxide,1
account,1
virtue,1
drops,1
determine,1
calculation,1
becomes,1
referred,1
magnetic,1
sensitive,1
variety,1
phosphate,1
combine,1
ultimate,1
opportunity,1
indicates,1
earlier,1
obtains,1
certain,1
varies,1
volumes,1
tends,1
special,1
standardize,1
study,1
methods,1
prepared,1
grade,1
frank,1
precipitated,1
factors,1
duplicate,1
extremes,1
collected,1
ways,1
shell,1
wash,1
monuments,1
completely,1
dilution,1
solutions,1
represents,1
pp,1
tablet,1
plus,1
stable,1
ranges,1
undertaken,1
burned,1
established,1
had,1
diluting,1
dry,1
occurred,1
slowly,1
monument,1
light,1
practice,1
performed,1
assume,1
jersey,1
princeton,1
meaningless,1
upper,1
mixtures,1
without,1
leads,1
different,1
experience,1
accidental,1
lower,1
being,1
store,1
littmann,1
origins,1
shows,1
procedures,1
double,1
followed,1
defines,1
definite,1
lead,1
advisable,1
rather,1
hereafter,1
pt,1
mix,1
left,1
acute,1
erroneous,1
inaccurate,1
m,1
taken,1
reagents,1
rapid,1
approaching,1
powder,1
added,1
lime,1
whereas,1
j,1
character,1
nature,1
uses,1
definition,1
distribution,1
reassemble,1
company,1
lack,1
extraction,1
ashless,1
hydroxides,1
welch,1
other,1
consideration,1
concentration,1
fractional,1
complexes,1
leading,1
areas,1
pressure,1
includes,1
half,1
match,1
typical,1
abstract,1
regard,1
cooling,1
report,1
choice,1
origin,1
nonuniformity,1
ammonia,1
purple,1
particularly,1
classical,1
transferred,1
volumetrically,1
z,1
products,1
examining,1
sum,1
subsequent,1
triturate,1
discussed,1
simple,1
term,1
masked,1
cdl,1
rudimentary,1
evident,1
state,1
eliminates,1
subterranean,1
do,1
subtracting,1
standardized,1
trying,1
magnesite,1
numbers,1
hydrolysis,1
within,1
purposes,1
fisher,1
precautions,1
combined,1
poses,1
establish,1
them,1
appears,1
form,1
ion,1
system,1
achieving,1
making,1
references,1
applied,1
cause,1
varying,1
independently,1
erratic,1
takes,1
analyzed,1
perhaps,1
liter,1
numerous,1
tightly,1
problem,1
carbonates,1
albeit,1
occasions,1
stirrer,1
thoroughly,1
secure,1
degree,1
well,1
neutralize,1
property,1
local,1
quantities,1
basis,1
distinguish,1
closed,1
discussion,1
grind,1
even,1
crushed,1
obvious,1
locate,1
fine,1
dioxide,1
unless,1
four,1
combination,1
characterization,1
lake,1
tablets,1
uniform,1
barium,1
simplify,1
city,1
stir,1
devising,1
classifications,1
dehydrated,1
desirable,1
related,1
samples,1
techniques,1
step,1
rigid,1
whole,1
designate,1
fades,1
obtain,1
make,1
approach,1
partly,1
immediately,1
reagent,1
resulting,1
including,1
assign,1
actual,1
titrating,1
assignment,1
precision,1
laboratory,1
comments,1
employed,1
systematic,1
accuracy,1
preparation,1
mine,1
difficulties,1
years,1
development,1
difference,1
significance,1
calculated,1
illustrates,1
three,1
against,1
disodium,1
appreciably,1
washing,1
chemical,1
obtaining,1
earth,1
calculating,1
characteristic,1
relatively,1
resultant,1
approximately,1
simplefacts,1
include,1
indicate,1
salt,1
correct,1
leaf,1
hard,1
field,1
need,1
so,1
general,1
suggest,1
appended,1
tested,1
mask,1
mild,1
serves,1
piece,1
order,1
diluted,1
calcereous,1
hours,1
nostrand,1
sharp,1
quite,1
cases,1
concentrations,1
provides,1
measured,1
event,1
distinct,1
hydrous,1
latter,1
heat,1
stored,1
artificial,1
consist,1
respective,1
endpoint,1
sufficient,1
discarded,1
few,1
problems,1
having,1
carbon,1
oxalate,1
transfer,1
stones,1
notation,1
houses,1
wholly,1
pouring,1
alkaline,1
portions,1
contact,1
supply,1
except,1
assigning,1
dealing,1
diamond,1
characterizes,1
visible,1
up,1
probably,1
uniformity,1
element,1
blue,1
slightly,1
given,1
purpose,1
those,1
equivalent,1
retained,1
proper,1
much,1
apparently,1
observed,1
basically,1
pronounced,1
infinite,1
close,1
error,1
boiling,1
thorough,1
