WORDCOUNTS,WEIGHT
the,111
of,92
and,79
a,56
to,52
in,40
for,29
that,28
bands,24
is,22
are,20
band,20
by,18
at,17
they,15
or,15
an,12
foraging,11
as,11
be,11
with,10
more,10
such,10
we,10
not,9
gillam,9
but,9
anderson,9
on,8
colonization,8
reproductive,8
produce,8
birth,8
than,8
this,8
would,8
small,8
american,7
one,7
sex,7
simulation,7
new,7
size,7
marriage,7
university,6
into,6
no,6
two,6
population,6
viability,6
were,6
models,6
it,5
if,5
prohibitions,5
factors,5
h,5
pp,5
ethnographic,5
first,5
incest,5
might,5
each,5
all,5
other,5
there,5
number,5
constitute,5
runs,5
years,5
between,5
viable,5
find,5
world,5
rates,5
median,4
will,4
usually,4
spouse,4
e,4
who,4
success,4
their,4
about,4
edited,4
from,4
these,4
age,4
most,4
social,4
also,4
j,4
ratio,4
boys,4
r,4
press,4
people,4
our,4
which,4
have,4
de,4
although,4
young,4
marry,4
unrelated,4
does,3
cle,3
m,3
sibships,3
female,3
mean,3
risk,3
simulated,3
colonizing,3
many,3
extinction,3
same,3
siblings,3
had,3
only,3
starting,3
death,3
available,3
children,3
los,3
man,3
stochastic,3
within,3
michael,3
cannot,3
males,3
network,3
both,3
upon,3
related,3
year,3
contribute,3
using,3
run,3
instead,3
americas,3
around,3
concerning,3
modeling,3
systems,3
when,3
those,3
much,3
recent,3
generation,3
society,3
model,2
may,2
mostly,2
situation,2
york,2
child,2
without,2
hardcover,2
populations,2
l,2
economic,2
been,2
five,2
groups,2
narragansett,2
how,2
wait,2
schism,2
male,2
b,2
recognize,2
group,2
aldine,2
balanced,2
dc,2
often,2
tend,2
table,2
modern,2
females,2
sibling,2
was,2
variable,2
perspectives,2
girls,2
practices,2
women,2
department,2
known,2
hgs,2
acceptable,2
imply,2
rather,2
willing,2
important,2
principle,2
residence,2
sizes,2
seem,2
societies,2
could,2
p,2
john,2
patterns,2
neighboring,2
cultural,2
according,2
lethal,2
based,2
moore,2
woman,2
hurtado,2
has,2
simulations,2
america,2
demography,2
marriageable,2
future,2
line,2
fl,2
moseley,2
vital,2
values,2
breeding,2
enter,2
behavior,2
factor,2
surplus,2
allows,2
isolated,2
survival,2
las,2
low,2
cambridge,2
clear,2
finding,2
archaeological,2
conditions,2
florida,2
spouses,2
g,2
d,2
large,2
running,2
least,2
turlington,2
lee,2
antiquity,2
effects,2
kind,2
archaeology,2
smithsonian,2
paleoindian,2
can,2
y,2
even,2
among,2
born,2
daughter,2
widely,2
survived,1
difficult,1
employ,1
nderson,1
genetic,1
undertakings,1
happen,1
reproductively,1
patrilineages,1
second,1
o,1
power,1
minor,1
publishing,1
note,1
foragers,1
protecting,1
horizontal,1
taken,1
estimated,1
provide,1
his,1
science,1
mother,1
links,1
gathering,1
chance,1
polygynous,1
pittsburgh,1
husband,1
essays,1
ia,1
compensate,1
represent,1
clultlures,1
exacerbated,1
personnel,1
institution,1
parent,1
colleagues,1
fewer,1
girl,1
frogs,1
becomes,1
forbidden,1
vanguardforager,1
programmed,1
relations,1
panthers,1
minimum,1
began,1
violating,1
tienen,1
after,1
crossing,1
comments,1
connected,1
contribution,1
expect,1
premises,1
ache,1
postmarital,1
assuming,1
life,1
confounded,1
kinds,1
k,1
myth,1
sufficient,1
analysis,1
insures,1
postulate,1
evolution,1
undergo,1
fall,1
list,1
united,1
columns,1
contributing,1
informative,1
allegations,1
lineages,1
criticism,1
inspecting,1
estimatesfor,1
centuries,1
means,1
describe,1
references,1
specified,1
commenting,1
older,1
soon,1
exchanged,1
sociocultural,1
under,1
kelly,1
article,1
consider,1
times,1
hoaxing,1
boundary,1
seems,1
necessarily,1
luck,1
environment,1
organized,1
conjlntos,1
evaluating,1
then,1
fifteen,1
light,1
fission,1
specification,1
following,1
thousand,1
n,1
senior,1
numbers,1
generational,1
al,1
version,1
received,1
cousins,1
four,1
puberty,1
exterminate,1
completely,1
baby,1
mention,1
hypothesized,1
said,1
williams,1
consistent,1
t,1
paleolithic,1
efficient,1
isolation,1
useful,1
encyclopedia,1
notions,1
vanglacldia,1
routes,1
long,1
worst,1
writing,1
members,1
here,1
native,1
odd,1
heritage,1
interested,1
set,1
jlne,1
founding,1
couples,1
rate,1
implications,1
contrary,1
strategy,1
dobe,1
providing,1
drawing,1
widow,1
hope,1
generated,1
believe,1
lucky,1
history,1
dietler,1
ourselves,1
england,1
anthropology,1
demographic,1
antiqlity,1
paper,1
skewed,1
ancestor,1
distribution,1
fact,1
naive,1
ethnopop,1
global,1
whom,1
s,1
separation,1
natalicdad,1
fundamental,1
scholars,1
initiated,1
blocks,1
call,1
found,1
entering,1
apical,1
called,1
generations,1
wildlife,1
peopling,1
rubertone,1
time,1
grave,1
studied,1
exterminating,1
brian,1
very,1
extinct,1
take,1
real,1
emerge,1
distributions,1
i,1
subsequent,1
seldom,1
achieved,1
compared,1
analogy,1
biologists,1
anthropologist,1
men,1
relatives,1
illus,1
do,1
present,1
acre,1
drop,1
captive,1
political,1
hlumanas,1
offered,1
manner,1
viabilidad,1
undergoes,1
accepted,1
el,1
seventeenth,1
undercut,1
whether,1
terms,1
produced,1
form,1
persons,1
less,1
vertical,1
case,1
younger,1
sociology,1
era,1
otherwise,1
passed,1
guarantee,1
anthropologists,1
problem,1
bookstores,1
pool,1
her,1
produces,1
while,1
constructing,1
website,1
hunters,1
because,1
larger,1
roger,1
huge,1
account,1
having,1
generally,1
uneven,1
murdock,1
some,1
ideal,1
virginia,1
ethnogenetic,1
amelioration,1
hundreds,1
used,1
contrca,1
schedule,1
intent,1
implement,1
considering,1
made,1
discovery,1
hundred,1
must,1
nonspecific,1
calculated,1
reader,1
unless,1
descendant,1
leads,1
surrounded,1
patricia,1
combine,1
part,1
through,1
processes,1
ial,1
cited,1
looking,1
tasaday,1
realistic,1
still,1
became,1
aged,1
its,1
description,1
ten,1
assumptions,1
entirely,1
significant,1
whole,1
literature,1
dlubiolus,1
programs,1
emplean,1
during,1
illustrate,1
split,1
colonial,1
diversity,1
authors,1
indians,1
maintained,1
labor,1
human,1
janluaty,1
kingdom,1
leap,1
examination,1
accessible,1
lifeways,1
somewhere,1
reflect,1
question,1
prefarming,1
california,1
il,1
relationships,1
until,1
described,1
spectrum,1
artifact,1
presume,1
status,1
highcomments,1
notes,1
memoirs,1
since,1
cluales,1
initial,1
tamaflo,1
importance,1
tables,1
sexos,1
howell,1
fissioning,1
beyond,1
accept,1
atlas,1
causal,1
good,1
wish,1
permit,1
ended,1
offer,1
mixed,1
incesto,1
ratios,1
hluman,1
mating,1
prohibiciones,1
started,1
like,1
revised,1
period,1
exchanging,1
so,1
correct,1
calcululls,1
insofar,1
high,1
speculations,1
century,1
indisputable,1
next,1
contrast,1
anyone,1
earlier,1
terribly,1
cases,1
hence,1
martin,1
immediately,1
construct,1
ct,1
clebido,1
artificial,1
steward,1
several,1
academic,1
modelar,1
few,1
constructively,1
potential,1
occurring,1
specialties,1
normally,1
presuming,1
six,1
gratis,1
themselves,1
assert,1
c,1
assessing,1
contact,1
examine,1
chicago,1
deconstructing,1
misleading,1
bergin,1
incredible,1
structure,1
create,1
up,1
weiss,1
probably,1
ethnohistory,1
slightly,1
look,1
traditional,1
hayden,1
infanticide,1
critique,1
city,1
dludosa,1
language,1
north,1
enormously,1
longterm,1
quarterly,1
founder,1
should,1
building,1
sociobiological,1
capaciclad,1
division,1
applies,1
avoid,1
rcatios,1
separate,1
standard,1
condors,1
