WORDCOUNTS,WEIGHT
the,767
of,552
and,383
in,253
a,216
to,209
as,118
that,115
at,106
by,100
for,93
on,90
is,89
from,78
power,73
hermitage,73
slave,67
plantation,64
social,63
were,62
an,58
was,57
slaves,55
this,50
archaeology,49
cabin,47
community,46
it,45
have,43
or,40
material,40
not,37
university,37
south,35
new,35
these,34
american,33
with,33
relations,32
also,32
slavery,31
r,31
edited,31
pp,31
are,31
be,31
ideology,30
african,30
antebellum,29
their,29
m,29
view,29
other,28
more,28
york,27
archaeological,27
between,27
they,26
one,26
j,26
cabins,26
historical,26
there,25
no,25
we,25
planters,24
image,24
sites,24
remains,24
w,23
ceramics,23
which,23
among,23
some,22
americans,22
had,21
although,21
such,20
than,20
may,20
but,20
l,20
c,20
p,19
how,19
been,19
jackson,18
s,18
b,18
d,18
antiquity,18
over,18
cambridge,18
e,17
triplex,17
housing,17
culture,17
ceramic,17
relationship,17
brick,17
past,17
images,17
important,16
field,16
al,16
two,16
institution,16
control,16
role,16
plantations,15
i,15
enslaved,15
who,15
has,15
former,14
de,14
site,14
tensions,14
based,14
used,14
et,14
only,14
present,14
mcguire,14
percent,14
la,14
meat,14
mni,14
wild,14
all,13
within,13
his,13
he,13
three,13
tennessee,13
mansion,13
h,12
state,12
those,12
white,12
recovered,12
record,12
well,12
artifacts,12
society,12
efforts,12
can,12
spp,12
them,12
while,12
evidence,12
charms,12
does,11
first,11
differences,11
n,11
dominant,11
part,11
t,11
when,11
economic,11
located,11
dialectical,11
do,11
see,11
each,11
faunal,11
through,11
association,11
group,10
dc,10
into,10
items,10
out,10
work,10
los,10
place,10
least,10
where,10
number,10
leone,10
assemblages,10
relative,10
table,10
groups,9
likely,9
study,9
distribution,9
because,9
people,9
approach,9
research,9
us,9
would,9
primarily,9
life,9
different,9
particularly,9
domesticated,9
economy,9
given,9
much,9
miller,8
common,8
studies,8
total,8
context,8
point,8
framework,8
since,8
proportion,8
house,8
most,8
cost,8
carolina,8
planter,8
structures,8
status,8
using,8
hand,8
values,8
use,8
food,8
similar,8
after,8
quarter,8
existed,8
anthropological,8
alternative,8
did,8
porcelain,8
north,8
resources,8
meaning,7
found,7
sp,7
rather,7
certain,7
direct,7
animals,7
clearly,7
orser,7
blue,7
its,7
suggest,7
small,7
presence,7
up,7
value,7
visitors,7
like,7
structure,7
mckee,7
log,7
domestic,7
ideological,7
property,7
specific,7
little,7
if,6
dialectics,6
lower,6
archaeologists,6
sources,6
possible,6
basil,6
master,6
helped,6
greater,6
inherent,6
access,6
lived,6
cuts,6
aspects,6
smithsonian,6
resistance,6
provided,6
interests,6
critical,6
ware,6
communities,6
beads,6
many,6
negro,6
years,6
clear,6
period,6
black,6
thomas,6
understand,6
recognize,6
types,6
any,6
must,6
simply,6
both,6
world,6
states,6
roseberry,5
wares,5
history,5
contexts,5
being,5
political,5
system,5
alfred,5
primary,5
central,5
andrew,5
hierarchy,5
jr,5
living,5
exercise,5
basic,5
en,5
mean,5
acquisition,5
old,5
four,5
concerning,5
providing,5
could,5
academic,5
viewed,5
absolute,5
basis,5
competing,5
example,5
reflect,5
family,5
about,5
same,5
patterning,5
time,5
contemporary,5
never,5
patterns,5
behind,5
tilley,5
local,5
understanding,5
africanamerican,5
made,5
range,5
samples,5
individuals,5
individual,5
households,5
comparing,5
k,5
figure,5
indicate,5
analysis,5
united,5
constructed,5
set,5
sheep,5
cc,5
what,5
middle,5
defines,5
glass,5
defined,5
area,5
early,5
views,5
traditional,5
should,5
major,5
intimately,4
truth,4
larry,4
wolf,4
inequality,4
something,4
source,4
reprinted,4
archaeologically,4
location,4
raised,4
market,4
east,4
shared,4
adopting,4
negotiation,4
human,4
gun,4
price,4
third,4
compare,4
oxford,4
without,4
across,4
whiteware,4
generally,4
objects,4
peasants,4
dominate,4
additional,4
excavation,4
participants,4
diet,4
constantly,4
cultural,4
cannot,4
method,4
information,4
pigs,4
proportions,4
related,4
during,4
showing,4
own,4
connections,4
good,4
order,4
around,4
spanish,4
folk,4
cle,4
second,4
indicates,4
percentage,4
hands,4
noted,4
technique,4
toward,4
available,4
decorative,4
areas,4
took,4
perhaps,4
native,4
california,4
low,4
so,4
provides,4
construct,4
relation,4
v,4
patterson,4
species,4
cow,4
referred,4
class,4
often,4
comes,4
known,4
berkeley,4
report,4
whether,4
form,4
maintain,4
problem,4
virginia,4
socioeconomic,4
cash,4
shackel,4
come,4
lists,4
similarity,4
define,4
classification,4
meals,4
comparison,4
documentary,4
interaction,4
recent,4
built,4
way,3
manuscript,3
distributed,3
large,3
complex,3
engendering,3
designed,3
true,3
position,3
yard,3
presents,3
turtle,3
contested,3
limestone,3
specifically,3
earthenwares,3
production,3
pervasive,3
taken,3
attempt,3
great,3
onto,3
help,3
pauketat,3
case,3
rations,3
eastern,3
courtesy,3
scaling,3
activity,3
whites,3
jacksons,3
exist,3
g,3
quality,3
illustrates,3
ability,3
pig,3
century,3
gailey,3
perspective,3
back,3
holds,3
explore,3
look,3
traditions,3
acted,3
exact,3
observers,3
bring,3
pigeon,3
process,3
una,3
completely,3
active,3
references,3
lives,3
category,3
consciousness,3
gero,3
beyond,3
cotton,3
idealized,3
painted,3
drawing,3
reflections,3
paynter,3
relating,3
giddens,3
percentages,3
ican,3
term,3
further,3
occupation,3
produced,3
reinforce,3
shape,3
participation,3
data,3
london,3
department,3
gender,3
realm,3
personal,3
focuses,3
published,3
working,3
regardless,3
lords,3
involved,3
highly,3
acts,3
portions,3
universities,3
will,3
f,3
units,3
misrepresent,3
southern,3
message,3
thesis,3
index,3
complete,3
insights,3
georgia,3
participated,3
others,3
head,3
anthropologist,3
forms,3
focusing,3
chickens,3
another,3
original,3
saitta,3
divided,3
examples,3
represented,3
national,3
symbolic,3
historic,3
wylie,3
held,3
general,3
played,3
mammals,3
eagleton,3
valued,3
trying,3
methods,3
goods,3
probably,3
occupied,3
increasing,3
enough,3
rico,3
science,3
widespread,3
force,3
acquired,3
constant,3
version,3
sherds,3
defining,3
country,3
anthropology,3
down,3
foundation,3
reflected,3
las,3
type,3
masters,3
better,3
subordinate,3
animal,3
theory,3
extent,3
always,3
foundations,3
influenced,3
translated,3
vessels,3
despite,3
content,3
press,3
catfish,3
aspect,3
esclavos,3
prepared,3
undecorated,3
backyard,3
illinois,3
approximately,3
summary,3
charles,3
consisted,3
uncertain,3
otto,3
represent,2
luck,2
affected,2
introduction,2
expect,2
reflection,2
essays,2
formed,2
sets,2
amner,2
discounts,2
althusser,2
western,2
diversity,2
materials,2
women,2
negative,2
experience,2
originally,2
vols,2
might,2
worked,2
nature,2
varies,2
capitalist,2
reasons,2
sometime,2
brian,2
real,2
miles,2
que,2
discipline,2
attempted,2
less,2
theoretical,2
side,2
overseers,2
takes,2
existence,2
key,2
capacity,2
america,2
struggling,2
account,2
illustrate,2
sale,2
solely,2
austin,2
reflecting,2
x,2
owners,2
along,2
minimum,2
conkey,2
redhorse,2
hudson,2
labor,2
thus,2
review,2
component,2
against,2
analyzing,2
magic,2
unpublished,2
viewing,2
adopted,2
santa,2
cf,2
assessment,2
esclavitud,2
cases,2
distinct,2
nor,2
places,2
hint,2
young,2
left,2
find,2
even,2
journal,2
assert,2
william,2
marx,2
generation,2
ubiquity,2
knoxville,2
reflects,2
act,2
generations,2
developed,2
museum,2
appreciation,2
levels,2
subsistence,2
knew,2
probability,2
supplement,2
tefft,2
symbols,2
space,2
support,2
means,2
reason,2
operates,2
prehistory,2
dichotomy,2
yellow,2
gable,2
section,2
elsewhere,2
jersey,2
plenum,2
gemeinschaft,2
stands,2
fluid,2
allow,2
limbs,2
six,2
guns,2
entered,2
treatments,2
deal,2
evaluate,2
late,2
focused,2
babson,2
appears,2
fish,2
however,2
tension,2
dwelling,2
opposition,2
negotiated,2
near,2
cows,2
exert,2
directly,2
residents,2
del,2
future,2
civil,2
secret,2
describe,2
away,2
employed,2
participate,2
ethnicity,2
contradictions,2
subtle,2
asymmetries,2
change,2
sense,2
wilkie,2
lowest,2
owned,2
quite,2
ward,2
transfer,2
distinguished,2
texas,2
impossible,2
roots,2
notes,2
moved,2
bartlett,2
dietary,2
folktales,2
calvert,2
play,2
make,2
garden,2
standing,2
torso,2
positive,2
southeast,2
single,2
para,2
joyner,2
makes,2
barker,2
thought,2
residence,2
evil,2
under,2
sociological,2
home,2
informal,2
floor,2
reprint,2
increasingly,2
williams,2
foucault,2
harper,2
testimony,2
chose,2
oral,2
decoration,2
added,2
smith,2
fact,2
shows,2
scholars,2
pantheon,2
thnnies,2
choice,2
practical,2
john,2
variation,2
pattern,2
beliefs,2
consciously,2
puerto,2
accepted,2
establish,2
heavily,2
strategies,2
necessary,2
assemblage,2
identifiable,2
interpreting,2
extended,2
servant,2
formal,2
logs,2
including,2
identity,2
histor,2
hunting,2
illusion,2
firearms,2
refers,2
numerous,2
questions,2
recovery,2
reinforcing,2
rejected,2
trade,2
meanings,2
urbana,2
points,2
decorated,2
foodways,2
mississippian,2
times,2
characterized,2
revised,2
blassingame,2
exchange,2
problems,2
ann,2
exactly,2
examine,2
james,2
slightly,2
dominance,2
groupings,2
today,2
perspectives,2
humanities,2
george,2
provide,2
segments,2
bound,2
chimneys,2
directions,2
el,2
charlottesville,2
exercised,2
then,2
series,2
orlando,2
potter,2
precise,2
temporal,2
funding,2
useful,2
belief,2
know,2
seem,2
experiencia,2
very,2
associated,2
examining,2
differed,2
rural,2
phd,2
elena,2
according,2
combined,2
terms,2
selected,2
making,2
imposed,2
map,2
earthenware,2
correlates,2
studying,2
produce,2
minimal,2
suggests,2
categories,2
art,2
size,2
discussion,2
colonial,2
goose,2
coins,2
allows,2
false,2
formation,2
argues,2
reitz,2
conditions,2
exerted,2
grant,2
accept,2
reciprocity,2
course,2
include,2
typically,2
need,2
forming,2
inequalities,2
wallpaper,2
vessel,2
marxist,2
elites,2
chicago,2
negotiate,2
focus,2
southeastern,2
ini,1
difficult,1
go,1
amphibians,1
dictating,1
zero,1
done,1
provisioning,1
struggle,1
constante,1
representing,1
ameerican,1
car,1
obey,1
anthony,1
adopt,1
advsantages,1
productions,1
turner,1
names,1
suggested,1
putede,1
designated,1
functional,1
ready,1
austr,1
career,1
disguising,1
extreme,1
tuscaloosa,1
ferdinand,1
commniunity,1
fences,1
retirement,1
northeast,1
implies,1
resided,1
afroamerican,1
poorer,1
coniniunity,1
yankee,1
berlin,1
per,1
germany,1
village,1
told,1
needed,1
boca,1
replaced,1
putative,1
nostalgia,1
multifaceted,1
stone,1
columns,1
locked,1
contemporariy,1
authority,1
asserted,1
ways,1
hermnitage,1
di,1
approaches,1
auo,1
expenditure,1
histomy,1
modern,1
conscious,1
sturgeon,1
grove,1
motive,1
protection,1
geometric,1
character,1
necessarily,1
laid,1
occurred,1
behavior,1
tells,1
cornell,1
revistalreview,1
pots,1
entertaining,1
englewood,1
cultura,1
golden,1
ittilizarse,1
hacendados,1
meatier,1
intentions,1
test,1
predominantly,1
respondiervn,1
said,1
exposed,1
minted,1
highlighted,1
either,1
stoneware,1
every,1
certainly,1
upholding,1
progressed,1
utopia,1
ay,1
mnaterial,1
cany,1
attempts,1
contiol,1
lamenting,1
season,1
refusal,1
kemble,1
quail,1
reptiles,1
beaudry,1
diversas,1
supplied,1
bloomington,1
definition,1
handling,1
possibilities,1
immense,1
shaped,1
knowing,1
passenger,1
continue,1
monotonous,1
divorce,1
explores,1
assess,1
broken,1
doctoral,1
suggesting,1
daily,1
mnl,1
plantaciones,1
thank,1
outbreak,1
paca,1
origin,1
rich,1
governess,1
bicentennial,1
studied,1
able,1
formnation,1
atlantic,1
substantive,1
thanks,1
concludes,1
court,1
tx,1
religion,1
dom,1
products,1
deemed,1
subsequent,1
wealthy,1
color,1
freedonm,1
petty,1
faithful,1
consist,1
date,1
stand,1
shepherd,1
subtracting,1
wolfe,1
physical,1
abstadt,1
alike,1
reading,1
bolstering,1
segregated,1
dissolved,1
rethinking,1
legend,1
crader,1
guide,1
issue,1
antebellumi,1
recorded,1
av,1
bird,1
task,1
money,1
advice,1
tal,1
agriculture,1
draw,1
negotiating,1
originates,1
representations,1
retain,1
design,1
gardens,1
vol,1
geneinschaft,1
futile,1
distributing,1
politics,1
cultutroa,1
harkens,1
prehispanic,1
schedule,1
magicoreligious,1
contemporaneous,1
establishing,1
reaction,1
duck,1
richard,1
structurally,1
bland,1
obvious,1
purchases,1
west,1
taking,1
passerine,1
europe,1
except,1
ingraham,1
treating,1
ignores,1
febmuary,1
indicating,1
unify,1
quantity,1
cited,1
desirable,1
bottom,1
undoubtedly,1
keeps,1
interviews,1
economies,1
estuclio,1
beneath,1
undergone,1
furnishings,1
audience,1
tied,1
inventory,1
reliably,1
pursuing,1
controlled,1
fstanding,1
bill,1
usage,1
segregation,1
piedmont,1
goal,1
million,1
centralized,1
includes,1
throughout,1
purview,1
denying,1
chiefs,1
differential,1
totalitarian,1
dependence,1
relationships,1
reused,1
sitios,1
accuracy,1
immediate,1
dynamics,1
calculated,1
objective,1
categorized,1
nazi,1
cultitie,1
ironty,1
interest,1
forgotten,1
domain,1
center,1
characteristic,1
anthr,1
relatively,1
ease,1
mixed,1
quantifying,1
earthwatch,1
spot,1
excavations,1
adams,1
grouped,1
laurie,1
dozen,1
materially,1
exam,1
ferguson,1
arena,1
dghei,1
forced,1
kind,1
repatriation,1
feathers,1
inhabited,1
va,1
cellar,1
groupb,1
legally,1
subtracted,1
flicker,1
disproportionately,1
pairwise,1
body,1
response,1
consumer,1
houses,1
inclusion,1
provisions,1
studcy,1
brace,1
compared,1
applying,1
witnessed,1
cardinal,1
baseless,1
y,1
drawn,1
obscure,1
factions,1
pueblo,1
reassessment,1
details,1
slaveiy,1
sun,1
consumerism,1
wagoner,1
occasion,1
traits,1
pronounced,1
esfuterzos,1
influence,1
acknowledge,1
word,1
figas,1
cites,1
ica,1
rutman,1
incidental,1
purchasing,1
crossroads,1
alabama,1
ideals,1
crow,1
higher,1
aim,1
loyal,1
talks,1
zaspring,1
mimicking,1
interesting,1
high,1
racism,1
legitimation,1
whose,1
autobiographies,1
groover,1
bobwhite,1
subjected,1
principally,1
performance,1
grid,1
notable,1
faults,1
illustration,1
affairs,1
amnerican,1
landscape,1
borrowing,1
af,1
mallard,1
var,1
wurst,1
coastal,1
notion,1
levine,1
conceptions,1
goes,1
tools,1
reworked,1
annapolis,1
risk,1
anyone,1
legal,1
connected,1
landscapes,1
importance,1
se,1
parts,1
population,1
contributions,1
chattel,1
special,1
possess,1
rules,1
impressed,1
empowerment,1
productive,1
ejercfan,1
esa,1
uncanny,1
addressing,1
milled,1
firing,1
votives,1
brunswick,1
maryland,1
changes,1
elements,1
perceptions,1
maintaining,1
controlar,1
romantic,1
applied,1
servants,1
owl,1
particular,1
consider,1
entry,1
improvement,1
statistical,1
benefits,1
organized,1
fishes,1
peasant,1
categorifas,1
slowly,1
emergence,1
shorttail,1
energy,1
wealth,1
edition,1
days,1
ideologies,1
bruce,1
articulated,1
decade,1
anid,1
argued,1
quarters,1
observations,1
profile,1
upper,1
solid,1
show,1
commonly,1
underwater,1
resource,1
tributes,1
continual,1
encouragement,1
statement,1
cotidiana,1
rodentia,1
followed,1
rice,1
requires,1
sanford,1
witness,1
roving,1
mo,1
testify,1
contrary,1
infltenced,1
deetz,1
cut,1
hermniitage,1
atlanta,1
raw,1
expressed,1
uses,1
result,1
theft,1
prehistoric,1
came,1
lead,1
columbia,1
questioned,1
puckett,1
cottontail,1
histories,1
conservative,1
entering,1
redpath,1
called,1
bricks,1
osprey,1
missouri,1
underneath,1
economics,1
relational,1
fishing,1
facilitate,1
census,1
primacy,1
relate,1
possibilitiesother,1
viking,1
amer,1
esclavitudcl,1
inter,1
secretly,1
acquiring,1
embedded,1
imparts,1
kingsmill,1
accurately,1
stucdy,1
cups,1
chinese,1
understood,1
informed,1
transactions,1
equal,1
institute,1
war,1
michigan,1
skilled,1
mysteiy,1
masterslave,1
flathead,1
treat,1
burial,1
singing,1
jarmon,1
promise,1
binghamton,1
distorts,1
rising,1
otherwise,1
russell,1
dialectic,1
spiritual,1
frog,1
awarded,1
randy,1
unchallenged,1
coin,1
ther,1
technical,1
expensive,1
kitchen,1
esclavo,1
unequal,1
smnall,1
accounting,1
opological,1
mapped,1
bullets,1
bolster,1
received,1
organize,1
tool,1
carries,1
protein,1
nearest,1
imagined,1
estucliar,1
concept,1
unless,1
anmerican,1
significantly,1
county,1
story,1
rat,1
mnallera,1
ot,1
later,1
denial,1
apparent,1
actors,1
supreme,1
dove,1
larissa,1
copyright,1
loss,1
authenticity,1
fit,1
opossum,1
refined,1
overtly,1
archeology,1
collective,1
subtly,1
contextualizing,1
runs,1
emancipation,1
documented,1
forces,1
swift,1
proviene,1
weekly,1
mianera,1
cat,1
folklore,1
preparation,1
president,1
marbleized,1
muller,1
my,1
romantically,1
challenging,1
indexed,1
minds,1
redistribution,1
relaciones,1
shortcomings,1
renovated,1
crawlspace,1
aided,1
expended,1
dilatory,1
creating,1
stylized,1
excavated,1
steward,1
presented,1
cliffs,1
constituent,1
cold,1
fostered,1
shaping,1
reinforces,1
revolution,1
mani,1
sam,1
box,1
imposition,1
inmnenso,1
discourse,1
emphasizes,1
rutgers,1
settlement,1
emerging,1
talents,1
several,1
leland,1
few,1
apportioned,1
wider,1
choose,1
este,1
legitimize,1
renovation,1
grouse,1
industry,1
brought,1
invoke,1
explorar,1
foremost,1
inte,1
division,1
dedicated,1
fully,1
mansionyard,1
underway,1
scott,1
necessity,1
plantationi,1
describes,1
abrahams,1
correspondence,1
gould,1
structured,1
buffalofish,1
florida,1
appropriate,1
lansing,1
ihiages,1
harmonica,1
moravian,1
actions,1
sporadic,1
olina,1
activities,1
margie,1
capturing,1
mechanism,1
seemed,1
squirrel,1
periods,1
survived,1
replacing,1
pearson,1
tea,1
spirituality,1
town,1
lenin,1
furnished,1
ical,1
delineating,1
asf,1
critics,1
excludes,1
request,1
hegemony,1
saw,1
absence,1
practices,1
mcdavid,1
woodchuck,1
carried,1
letters,1
scientific,1
meticulously,1
action,1
approoach,1
overlapped,1
imagery,1
indeed,1
synthesis,1
overall,1
labeled,1
comparative,1
yucatan,1
socalled,1
cambiidge,1
immniense,1
manipulate,1
dressed,1
address,1
computing,1
awppvach,1
nearly,1
loomis,1
constraints,1
forbidden,1
cared,1
standardization,1
collide,1
converted,1
allen,1
seamistress,1
still,1
reconstruction,1
dwellings,1
expanded,1
interactions,1
domination,1
comments,1
charm,1
initially,1
paint,1
permeate,1
decisions,1
direction,1
selection,1
herminitage,1
structural,1
oakley,1
mammal,1
robin,1
once,1
sincere,1
listed,1
philadelphia,1
relied,1
yet,1
interpretation,1
permission,1
unfriendly,1
tp,1
addition,1
read,1
ulterior,1
acknowledgments,1
mission,1
evidential,1
morgan,1
seeing,1
restricted,1
calculations,1
management,1
unwin,1
parte,1
enigmatic,1
epartida,1
adjusted,1
orders,1
publishing,1
assistance,1
note,1
barrel,1
rabbit,1
knowledge,1
nineteenthcentury,1
costs,1
narratives,1
odds,1
cononiimuiity,1
begins,1
scheele,1
fromi,1
saugar,1
mnateriial,1
stones,1
picture,1
afectada,1
longer,1
spatially,1
nicer,1
mnanera,1
entr,1
party,1
disappearing,1
members,1
bartering,1
french,1
comfortable,1
paul,1
law,1
passed,1
mark,1
whitewares,1
pearlware,1
fragmentation,1
death,1
pointed,1
rejects,1
procured,1
put,1
tremendous,1
financial,1
segregating,1
foodstuffs,1
amierican,1
analytical,1
georgian,1
outside,1
consideration,1
stories,1
religious,1
treatment,1
mintz,1
abilities,1
blocks,1
predominant,1
powerless,1
appeared,1
documents,1
designing,1
exclusion,1
crop,1
analizar,1
larger,1
diverse,1
gray,1
africanismns,1
sunny,1
urbanized,1
presente,1
overwhelmingly,1
doubt,1
identical,1
appropriately,1
distributions,1
jolurnal,1
pennsylvania,1
man,1
seldom,1
cerca,1
dependencies,1
anmericanis,1
external,1
simple,1
fear,1
honor,1
channel,1
learn,1
ascent,1
obligates,1
contemporaiy,1
actor,1
insectivora,1
annular,1
developing,1
purposes,1
entity,1
archaeobotanical,1
existing,1
bead,1
unclear,1
tall,1
famnily,1
surveillance,1
english,1
mrozowski,1
authenticate,1
aunque,1
ul,1
por,1
ios,1
postmiodern,1
bass,1
project,1
books,1
como,1
talley,1
explicitly,1
free,1
iil,1
remarkably,1
day,1
break,1
redfield,1
remained,1
discourses,1
demonstrated,1
profiundamnente,1
omnipotent,1
sterling,1
powered,1
classes,1
mice,1
meaningful,1
investment,1
encounter,1
spectives,1
coherent,1
survive,1
excluding,1
barracas,1
turkey,1
birth,1
completed,1
upon,1
helps,1
endowment,1
sides,1
buckner,1
deposits,1
enhanced,1
owe,1
industrialized,1
dollar,1
ruling,1
services,1
birds,1
indiana,1
host,1
heath,1
entirely,1
asian,1
expression,1
combining,1
provenience,1
convenience,1
operated,1
assumption,1
robinson,1
factor,1
aside,1
unconmmion,1
processes,1
reflejaion,1
nothing,1
hunted,1
mole,1
sees,1
smiall,1
involves,1
exceedingly,1
hacendcados,1
significance,1
explorations,1
earth,1
reality,1
directed,1
modem,1
adding,1
inadequate,1
taxonomic,1
dominated,1
heart,1
volunteersparticularly,1
interpret,1
co,1
counter,1
percussion,1
unidosfiue,1
allowed,1
derived,1
function,1
vida,1
plant,1
engels,1
mask,1
qite,1
obtained,1
structuring,1
filled,1
attributing,1
mourning,1
segment,1
martin,1
why,1
ture,1
procurement,1
graves,1
facing,1
stahl,1
internal,1
boneless,1
eyes,1
parallel,1
nicely,1
chapel,1
dollars,1
constructing,1
interpretations,1
overcome,1
apparatuses,1
crc,1
acercarse,1
excluded,1
availability,1
postwar,1
capitalism,1
estados,1
deloria,1
horse,1
southwest,1
northern,1
aflican,1
staff,1
versus,1
baywood,1
prentice,1
positioning,1
insignificant,1
quarterly,1
sugar,1
stuckey,1
harke,1
louisiana,1
arbor,1
vertebrate,1
sucker,1
minimally,1
attention,1
baggage,1
brown,1
hunt,1
johnson,1
separate,1
fails,1
farm,1
implicitly,1
things,1
indication,1
regimentation,1
assigned,1
aid,1
stems,1
burdick,1
belonged,1
clialectica,1
independent,1
continued,1
bulk,1
sometimes,1
deinuestra,1
raccoon,1
five,1
plays,1
barred,1
program,1
abject,1
pieces,1
chicken,1
hill,1
begin,1
celebration,1
arqueologia,1
lines,1
recognizes,1
shrew,1
dimensions,1
lost,1
un,1
mirroring,1
collections,1
translation,1
deposit,1
strongly,1
chimney,1
entrve,1
interplay,1
pirimitive,1
relevant,1
locust,1
rapidly,1
try,1
compiling,1
es,1
tiransfoirmations,1
encapsulated,1
construction,1
caste,1
surprising,1
chamber,1
composed,1
exists,1
itself,1
face,1
canada,1
worlds,1
sweetness,1
interpretive,1
bastions,1
joseph,1
seat,1
earliest,1
mannheim,1
mouse,1
stable,1
manifesting,1
considered,1
addressed,1
meal,1
circumscribed,1
dissertation,1
springfield,1
pitede,1
contained,1
mcdonald,1
historian,1
believed,1
furthest,1
athens,1
demonstrate,1
rites,1
constituted,1
visits,1
reinforced,1
theme,1
recognizable,1
totality,1
organization,1
kraus,1
june,1
sciences,1
hawk,1
snapping,1
rathbun,1
milieu,1
mnateial,1
exploded,1
natural,1
intellectual,1
rodrigo,1
dairy,1
monthly,1
readily,1
chacoan,1
cemetery,1
correspond,1
paper,1
expanding,1
ratio,1
sizes,1
interested,1
best,1
ft,1
pragmatic,1
print,1
half,1
universal,1
current,1
captures,1
eventually,1
negligent,1
sc,1
reliability,1
ficabin,1
yentsch,1
journals,1
sustaining,1
cautious,1
macroplant,1
edible,1
benefit,1
sorted,1
factors,1
build,1
chesapeake,1
prospects,1
just,1
passage,1
emerges,1
davidson,1
drum,1
respect,1
evident,1
public,1
feminist,1
redefined,1
following,1
beginning,1
cautions,1
helping,1
alasian,1
born,1
realities,1
unlikely,1
purchase,1
poder,1
fuller,1
mormon,1
communicate,1
reign,1
tug,1
reactions,1
spatial,1
nationalist,1
recreational,1
ones,1
involvement,1
coast,1
varying,1
independently,1
nearby,1
cahokia,1
andi,1
proven,1
handsman,1
womien,1
ruin,1
tightly,1
antebellumin,1
leaving,1
supplemented,1
predate,1
prestige,1
expressly,1
reigned,1
enslavement,1
africanisms,1
almost,1
emphasis,1
permeated,1
urban,1
contain,1
garbage,1
conference,1
bodies,1
dialogues,1
monticello,1
level,1
mocha,1
circumstances,1
inimical,1
rereading,1
doniilation,1
reported,1
uniform,1
decisive,1
introduced,1
outwardly,1
africans,1
became,1
verification,1
subject,1
plans,1
impose,1
esos,1
ruffed,1
acute,1
measure,1
southerners,1
rochester,1
obtain,1
nashville,1
results,1
copper,1
families,1
aims,1
definitions,1
writing,1
gain,1
store,1
navairete,1
varied,1
stine,1
gar,1
remarks,1
our,1
softshell,1
charlie,1
sanctioned,1
perspectiva,1
question,1
toad,1
spring,1
locations,1
esfuteros,1
difference,1
participates,1
fractious,1
web,1
comprise,1
newsletter,1
parallels,1
contributed,1
offer,1
participaron,1
instead,1
fauna,1
grown,1
zooarchaeology,1
land,1
eggs,1
cognitive,1
sur,1
discernable,1
smaller,1
meadowlark,1
femfinist,1
centrality,1
off,1
increased,1
asymmetrical,1
underlined,1
roughly,1
blacks,1
amnericanl,1
cheyenne,1
pioneering,1
removed,1
tenniessee,1
distinctions,1
valuable,1
root,1
certainty,1
mccarthy,1
themselves,1
quibiri,1
correlate,1
vary,1
reached,1
era,1
partial,1
puter,1
substantial,1
estudio,1
nisp,1
ownership,1
entire,1
coticliana,1
immediately,1
counts,1
strong,1
prison,1
ends,1
observed,1
beings,1
arnold,1
gold,1
broader,1
ca,1
roles,1
race,1
close,1
draft,1
barter,1
bundles,1
