WORDCOUNTS,WEIGHT
the,530
of,445
and,307
in,307
to,231
a,136
that,114
from,112
dorset,86
is,78
no,75
on,75
absent,74
are,66
for,63
as,59
people,56
this,56
by,56
have,54
bay,53
interaction,53
or,52
frobisher,51
not,50
arctic,46
these,45
at,43
with,43
material,41
sequence,39
yes,38
stylistic,37
style,37
their,36
materials,34
be,34
it,33
i,32
an,32
s,31
e,29
data,29
been,29
they,28
between,28
o,26
american,26
those,26
present,26
archaeological,26
exchange,26
such,25
lithic,25
which,25
were,24
evidence,24
m,23
none,23
island,23
but,23
we,23
t,22
culture,22
area,22
bp,21
eastern,21
tools,21
where,21
was,20
r,20
j,19
other,19
may,19
sites,19
one,18
than,18
appears,18
would,18
them,18
c,18
study,17
artifact,17
pp,17
time,17
collections,17
antiquity,17
north,17
edited,16
society,16
two,16
large,15
within,15
baffin,15
its,15
during,15
assemblages,15
labrador,15
both,15
canadian,15
use,14
site,14
small,14
only,14
more,14
when,14
groups,13
de,13
b,13
most,13
artifacts,13
archaeology,13
do,13
who,13
has,13
studies,12
analyses,12
survey,12
southampton,12
prehistoric,12
used,12
tool,12
procurement,12
ground,12
chert,12
seen,12
willows,12
d,12
first,11
there,11
some,11
l,11
elsewhere,11
raw,11
because,11
thule,11
concave,11
level,11
suggest,11
knives,11
triangular,11
museum,11
new,11
can,11
university,11
different,11
while,11
notched,10
sources,10
available,10
component,10
distinct,10
had,10
based,10
approach,10
all,10
p,10
local,10
three,10
harpoon,10
analysis,10
over,10
particular,10
information,10
years,10
stone,9
into,9
source,9
after,9
n,9
w,9
occupation,9
cultural,9
part,9
ontario,9
southern,9
members,9
also,9
areas,9
least,9
northern,9
series,9
living,9
what,9
fg,9
ii,8
west,8
ct,8
even,8
derived,8
found,8
few,8
coast,8
maxwell,8
bn,8
likely,8
us,8
social,8
forms,8
radiocarbon,8
period,8
k,8
alaska,8
roughly,8
if,7
dc,7
organic,7
np,7
mercury,7
papers,7
possible,7
given,7
marriage,7
subsistence,7
appear,7
out,7
late,7
well,7
wide,7
paleoeskimo,7
several,7
la,7
presence,7
about,7
thought,7
many,7
rectangular,7
stemmed,7
variation,7
considerable,7
assemblage,7
made,7
pattern,7
fitzhugh,7
occupied,7
sequences,7
table,7
role,7
ca,7
does,6
frequent,6
common,6
neoeskimo,6
round,6
comparatively,6
bilaterally,6
hudson,6
relationships,6
g,6
approaches,6
parts,6
changes,6
greater,6
field,6
various,6
lack,6
end,6
conclusions,6
number,6
including,6
previous,6
ramah,6
so,6
patterns,6
slightly,6
provide,6
cn,6
anthropological,6
any,6
form,6
paper,6
william,6
tip,6
multiple,6
through,6
constricted,6
cambridge,6
potential,6
corporate,5
contemporaneous,5
group,5
second,5
bifacial,5
history,5
contact,5
contexts,5
archaeologists,5
differences,5
exotic,5
similarities,5
ties,5
networks,5
york,5
without,5
incipient,5
population,5
distant,5
house,5
result,5
extent,5
infrequent,5
academic,5
traits,5
shape,5
apparent,5
reflect,5
smithsonian,5
geographical,5
uncommon,5
located,5
relationship,5
relied,5
regional,5
occupations,5
see,5
degree,5
burinlike,5
dating,5
amounts,5
general,5
obsidian,5
straight,5
symbolic,5
eskimo,5
sustained,5
each,5
very,5
historical,5
suggests,5
discussion,5
using,5
similarity,5
much,5
difficult,4
separated,4
settlements,4
mobility,4
ways,4
h,4
production,4
rare,4
hunting,4
help,4
context,4
case,4
u,4
move,4
along,4
collection,4
type,4
dates,4
honour,4
y,4
sample,4
whose,4
generations,4
morrison,4
how,4
en,4
bifaces,4
importance,4
unifacial,4
prehistory,4
organization,4
clearly,4
situations,4
resource,4
isolation,4
character,4
access,4
initial,4
base,4
record,4
directly,4
basis,4
bc,4
reduction,4
q,4
employed,4
good,4
inuit,4
interacting,4
around,4
components,4
research,4
ericson,4
results,4
world,4
provided,4
techniques,4
reports,4
head,4
strait,4
threads,4
distance,4
another,4
chronologies,4
odess,4
processes,4
examination,4
described,4
individual,4
characterized,4
played,4
provides,4
often,4
probably,4
institution,4
ago,4
investigations,4
widely,4
figure,4
pieces,4
lines,4
un,4
test,4
types,4
rim,4
then,4
homogeneity,4
peoples,4
dps,4
anthropology,4
unknown,4
iii,4
pit,4
past,4
whether,4
distribution,4
institute,4
oo,4
size,4
little,4
variability,4
national,4
attributes,4
effects,4
specific,4
km,4
abandoned,4
occur,4
go,3
determine,3
tyara,3
succession,3
complex,3
conscious,3
western,3
luedtke,3
ae,3
calibration,3
either,3
taken,3
might,3
kilometers,3
seems,3
nature,3
archaeologically,3
tradition,3
suggesting,3
date,3
ad,3
issue,3
ventures,3
vol,3
kuyait,3
solely,3
harbour,3
burins,3
human,3
central,3
development,3
investigatory,3
relatively,3
burin,3
employing,3
topic,3
perspective,3
third,3
geological,3
apparently,3
cooperative,3
identification,3
landscape,3
factors,3
locally,3
four,3
steatite,3
recovered,3
peninsula,3
important,3
view,3
uses,3
cd,3
could,3
effort,3
further,3
produced,3
distinguish,3
future,3
brought,3
characterization,3
newfoundland,3
patterning,3
uc,3
place,3
northwest,3
constitute,3
middle,3
winter,3
away,3
accord,3
spouses,3
change,3
activities,3
knowledge,3
south,3
therefore,3
situation,3
absence,3
attributable,3
visually,3
economic,3
limited,3
still,3
make,3
serration,3
outer,3
fluting,3
technology,3
under,3
same,3
others,3
fact,3
outside,3
discussed,3
reasons,3
v,3
purposes,3
meta,3
flint,3
stylistically,3
remained,3
region,3
largely,3
ideas,3
significance,3
obtaining,3
spread,3
high,3
earlier,3
problems,3
systems,3
relation,3
interpretations,3
cape,3
brown,3
rope,3
independent,3
continued,3
five,3
begin,3
dimensions,3
detailed,3
understand,3
why,3
instances,3
canada,3
stable,3
detail,3
earliest,3
variable,3
changing,3
simply,3
diagonal,3
here,3
colonization,3
cultures,3
seem,3
did,3
associated,3
heads,3
investigation,3
nonlocal,3
seasonal,3
early,3
port,3
vessels,3
facial,3
despite,3
territory,3
our,3
question,3
incognita,3
locations,3
difference,3
serrated,3
instead,3
although,3
remains,3
increased,3
respective,3
paleoindian,3
aggregations,3
lake,3
pool,3
among,3
recent,3
now,2
transportation,2
till,2
functional,2
represent,2
teardrop,2
extreme,2
concurrence,2
utility,2
connecticut,2
per,2
replaced,2
identify,2
constitutes,2
solidarity,2
rounded,2
crescentic,2
discriminate,2
considerations,2
excavated,2
excavation,2
unlike,2
microblades,2
highlight,2
being,2
consistent,2
explaining,2
give,2
anomalies,2
continue,2
leading,2
advantage,2
typological,2
able,2
subsequent,2
mind,2
state,2
newell,2
principal,2
el,2
less,2
side,2
blades,2
task,2
primary,2
bases,2
hall,2
greenland,2
capable,2
reply,2
characterize,2
hair,2
occurring,2
combination,2
point,2
resources,2
sobre,2
economies,2
warfare,2
unrecognized,2
stratigraphically,2
montreal,2
dynamics,2
since,2
interest,2
ease,2
z,2
forced,2
weaknesses,2
developments,2
items,2
underlying,2
keep,2
drawn,2
journal,2
look,2
stratum,2
interesting,2
simultaneously,2
underway,2
rather,2
remain,2
bs,2
active,2
se,2
contributions,2
plog,2
support,2
reason,2
circulated,2
ensure,2
alaskan,2
cherts,2
objects,2
emergence,2
dated,2
numbers,2
too,2
profile,2
origins,2
cost,2
answers,2
flakes,2
helped,2
location,2
bearing,2
societies,2
appearance,2
six,2
discrete,2
demands,2
narrow,2
glacial,2
density,2
focused,2
unpopulated,2
olin,2
final,2
cannot,2
sabo,2
andrefsky,2
otherwise,2
explain,2
approached,2
sackett,2
glaciated,2
aspects,2
failure,2
banded,2
underlie,2
network,2
work,2
locus,2
nearest,2
concept,2
prest,2
related,2
neoeskimos,2
jai,2
seasonally,2
et,2
minor,2
project,2
conform,2
own,2
memoirs,2
nwt,2
caused,2
le,2
settlement,2
este,2
sliced,2
distinguished,2
ancestors,2
tended,2
core,2
always,2
annual,2
example,2
preliminary,2
periods,2
chronological,2
span,2
variety,2
squared,2
comparative,2
edges,2
nearly,2
tankersley,2
reduce,2
stratigraphy,2
glaciers,2
indicates,2
tends,2
once,2
itilikjuak,2
elaboration,2
reference,2
arrangements,2
chronology,2
boundary,2
perceived,2
ro,2
efforts,2
ed,2
insights,2
department,2
reliance,2
maintained,2
structures,2
comparison,2
lazenby,2
again,2
renewed,2
demographic,2
crops,2
across,2
unilaterally,2
larger,2
nonmetric,2
interaccion,2
took,2
pg,2
haft,2
hastorf,2
relevant,2
heavily,2
strategies,2
necessary,2
cuando,2
classes,2
borden,2
blanc,2
subjectivity,2
range,2
sufficiently,2
significant,2
expression,2
combining,2
questions,2
individuals,2
open,2
clear,2
historic,2
express,2
points,2
sustain,2
times,2
attribution,2
distinction,2
nagle,2
shortly,2
spent,2
successors,2
ann,2
structure,2
ethnographically,2
dissonance,2
species,2
paleoeskitno,2
decision,2
separate,2
consists,2
lance,2
relying,2
next,2
fewer,2
trait,2
directions,2
deposit,2
effectively,2
visual,2
grinding,2
remaining,2
perhaps,2
expectations,2
existed,2
researcher,2
stratified,2
unhafted,2
face,2
avayalik,2
unusual,2
sound,2
resemble,2
exchanged,2
isaac,2
abandonment,2
following,2
incorporated,2
must,2
demonstrate,2
extensive,2
known,2
occurrences,2
terrestrial,2
occupational,2
estas,2
set,2
natural,2
ratio,2
innovations,2
tandem,2
harpoons,2
current,2
epistemological,2
particularly,2
themselves,2
clinker,2
goods,2
reflected,2
differed,2
las,2
places,2
references,2
staff,2
independently,2
differs,2
yield,2
art,2
travel,2
finished,2
researchers,2
presented,2
preserved,2
timely,2
estudio,2
subject,2
assumptions,2
obtain,2
distinguishable,2
spokeshaves,2
exploit,2
au,2
come,2
formation,2
understandings,2
until,2
chemical,2
hart,2
offer,2
wiessner,2
muskox,2
walking,2
quartz,2
spalls,2
supported,2
territories,2
vessel,2
apart,2
broader,2
close,2
precipitously,1
carved,1
cw,1
possessed,1
currently,1
debated,1
rate,1
pearson,1
flow,1
edge,1
pishuktie,1
way,1
later,1
created,1
toolkit,1
affected,1
environmental,1
eatr,1
sieveking,1
arrive,1
foraging,1
epistemologically,1
alone,1
ofarctic,1
combine,1
eliminated,1
distributed,1
beveled,1
passing,1
soapstones,1
he,1
abarcado,1
subjectively,1
tend,1
designed,1
entrain,1
live,1
sets,1
investigating,1
completely,1
preform,1
specified,1
modern,1
han,1
park,1
reasonably,1
ranges,1
trace,1
tents,1
cargo,1
necessarily,1
pose,1
occurred,1
inequality,1
behavior,1
tells,1
assisted,1
finely,1
village,1
du,1
permitted,1
incomplete,1
inhibited,1
decidedly,1
permit,1
australia,1
saglek,1
long,1
derives,1
crews,1
neolithic,1
implications,1
attempts,1
environmnental,1
culturally,1
season,1
attempt,1
obtener,1
lagoon,1
outlining,1
analogies,1
pretoria,1
memorial,1
dramatically,1
reach,1
affinities,1
archaeologie,1
wooden,1
explores,1
secondary,1
assess,1
broken,1
together,1
agowho,1
monitor,1
timing,1
fully,1
producing,1
confront,1
geopolitical,1
studied,1
link,1
dosia,1
onto,1
composition,1
necesidad,1
take,1
cc,1
expanses,1
watercraft,1
persistence,1
artifacto,1
precisely,1
marine,1
raised,1
deriving,1
classified,1
platforms,1
political,1
opposite,1
california,1
somewhat,1
sheet,1
dd,1
daniel,1
tradicionales,1
paleodemography,1
employs,1
con,1
crystal,1
refute,1
existence,1
insufficiently,1
inadequate,1
symbolizing,1
east,1
america,1
rejected,1
maisons,1
schledermann,1
holocene,1
rto,1
occupying,1
determined,1
komatik,1
activity,1
condition,1
illustrate,1
geared,1
cap,1
investigator,1
usando,1
thidv,1
taking,1
say,1
except,1
x,1
promises,1
interact,1
beneath,1
conkey,1
dorseitiennes,1
tavlor,1
reliably,1
localized,1
diversity,1
colonized,1
framework,1
exist,1
generalized,1
phase,1
includes,1
accessible,1
throughout,1
ice,1
review,1
hazards,1
que,1
walrus,1
accuracy,1
difficulties,1
quality,1
reject,1
run,1
pilot,1
prevails,1
objective,1
against,1
tables,1
september,1
assumes,1
laboratoire,1
tailors,1
tecnicas,1
millennium,1
retarded,1
characteristic,1
ability,1
adopted,1
boating,1
occurs,1
fullblown,1
dozen,1
staffe,1
exhausted,1
transitional,1
turn,1
cases,1
elements,1
relations,1
document,1
ceramics,1
crosses,1
demuestran,1
back,1
yyyyy,1
holds,1
difficulty,1
served,1
relacionados,1
suitable,1
left,1
continuous,1
twice,1
thin,1
explore,1
memoir,1
ecologies,1
details,1
longterm,1
handful,1
estilo,1
acknowledge,1
interassemblage,1
unfortunate,1
dyke,1
intruded,1
poorly,1
crossroads,1
industries,1
phases,1
crow,1
van,1
lesser,1
bulletin,1
divergence,1
permits,1
civilization,1
assessed,1
opposed,1
via,1
acculturation,1
wishes,1
recognized,1
simplified,1
norse,1
lt,1
dilemma,1
subjected,1
interobserver,1
purely,1
encompassed,1
isochrestic,1
epistemologicamente,1
predictably,1
essence,1
obtained,1
illustration,1
auspices,1
amnerican,1
conflation,1
deters,1
levels,1
coastal,1
midwest,1
wobst,1
lasting,1
una,1
environments,1
proximity,1
blanks,1
determining,1
opportunities,1
risk,1
longues,1
flexible,1
landscapes,1
kayaklike,1
direct,1
coverage,1
assuming,1
special,1
symbols,1
enabled,1
lay,1
trikey,1
productive,1
animals,1
ammerman,1
paleolithic,1
reinforce,1
absorbed,1
risks,1
consistency,1
means,1
lives,1
brunswick,1
colonizing,1
partnership,1
fortalezas,1
flexibility,1
sorts,1
established,1
toy,1
image,1
specialization,1
intensive,1
appearing,1
producers,1
constrain,1
dominate,1
lances,1
quebec,1
juntas,1
ttc,1
frequently,1
periodically,1
solid,1
age,1
commonly,1
fashioned,1
delta,1
commented,1
additional,1
continual,1
encouragement,1
beyond,1
circulating,1
consequence,1
toolmakers,1
fronts,1
melville,1
exploitation,1
instance,1
shifted,1
abandonments,1
mo,1
sod,1
etude,1
provisional,1
preference,1
throwing,1
decades,1
williamn,1
drawing,1
cut,1
perceive,1
disappeared,1
assessments,1
semisubterranean,1
diachronic,1
closely,1
problem,1
carving,1
tc,1
came,1
ooo,1
arrival,1
allow,1
islan,1
downstream,1
histories,1
carrying,1
basin,1
houses,1
hands,1
color,1
traditionally,1
midden,1
behavioral,1
seven,1
lived,1
adaptability,1
shared,1
biogeographical,1
relate,1
viking,1
ogy,1
attained,1
experts,1
irregularly,1
handbook,1
caldwell,1
oklahoma,1
standardized,1
equal,1
polishing,1
michigan,1
indirect,1
northhudson,1
constraining,1
understood,1
igloolik,1
meet,1
promise,1
nmc,1
applied,1
scale,1
amenable,1
fjord,1
procedures,1
intercamnbio,1
explored,1
required,1
opposition,1
acknowledgments,1
flaked,1
possibility,1
impression,1
criteria,1
briefly,1
technical,1
expensive,1
improve,1
almost,1
participation,1
identifications,1
accounting,1
line,1
makers,1
arqueologos,1
formerly,1
artico,1
dog,1
viability,1
scope,1
strengths,1
received,1
industrial,1
multifamily,1
eskimno,1
los,1
teotihuacan,1
del,1
distinctively,1
eh,1
occupants,1
su,1
drew,1
discusses,1
crane,1
andlisis,1
calls,1
revealed,1
calabria,1
ten,1
copyright,1
loss,1
whole,1
gave,1
kindly,1
consistently,1
discussions,1
positing,1
demonstrates,1
archaeoldaniel,1
contains,1
blade,1
midsouth,1
reoccupied,1
participated,1
usadas,1
perishable,1
inferred,1
forces,1
lifeways,1
douglas,1
systematic,1
fieldwork,1
breakdown,1
ethnicity,1
my,1
baffinland,1
sourcebook,1
muskoxen,1
regions,1
citing,1
generically,1
subtle,1
aa,1
preceded,1
stylized,1
inadecuada,1
running,1
nostrand,1
paleoesquimales,1
construct,1
punctuated,1
indicator,1
describing,1
working,1
below,1
hopewellian,1
lowest,1
distances,1
reliable,1
impacting,1
trading,1
adequacy,1
prehistorica,1
box,1
squarely,1
spatiotemporal,1
family,1
spanish,1
separately,1
accomplished,1
wider,1
concerns,1
highly,1
hafting,1
choose,1
ts,1
decline,1
climate,1
suddenly,1
visible,1
generally,1
descendants,1
up,1
progress,1
jordan,1
st,1
arnapik,1
os,1
hamilton,1
distinguishing,1
notes,1
provenance,1
arcic,1
grateful,1
am,1
openwater,1
sophistication,1
avoid,1
meaningfully,1
f,1
portion,1
critical,1
tasks,1
highlights,1
led,1
partially,1
fortunate,1
ramifications,1
demand,1
ceremonial,1
quaternaire,1
trabajo,1
parece,1
logistical,1
scientific,1
rtt,1
identified,1
action,1
eluded,1
indicative,1
explora,1
laeyendecker,1
materiales,1
short,1
gradual,1
launch,1
expansion,1
whim,1
manipulate,1
return,1
islands,1
drops,1
exception,1
brings,1
constraints,1
converted,1
testable,1
dwellings,1
comments,1
passengers,1
oooo,1
longhouses,1
maneras,1
dorsetthule,1
surveyed,1
inhabited,1
decisions,1
braided,1
southeast,1
single,1
colecciones,1
guide,1
jenness,1
interpretation,1
combinadas,1
fringe,1
tp,1
suited,1
represents,1
toolkits,1
serve,1
papel,1
counterparts,1
continuity,1
populated,1
specifics,1
temperate,1
management,1
workmanship,1
tn,1
included,1
home,1
light,1
keeping,1
abandon,1
aux,1
refine,1
skin,1
ethnographic,1
already,1
containing,1
toronto,1
increasingly,1
assimilated,1
snow,1
mcghee,1
fairly,1
picture,1
longer,1
spatially,1
subjective,1
ceramic,1
routes,1
simulation,1
resolution,1
name,1
tt,1
decoration,1
technique,1
toward,1
bring,1
pointed,1
preferences,1
procured,1
bathurst,1
tremendous,1
residence,1
water,1
lacked,1
communal,1
shows,1
idea,1
consideration,1
datos,1
overwhelming,1
conduct,1
occurrence,1
pressure,1
utilizing,1
appeared,1
abstract,1
developed,1
daily,1
angeles,1
forge,1
gray,1
descended,1
fashion,1
nuclear,1
seldom,1
potencial,1
external,1
anthropologist,1
never,1
reproductive,1
enough,1
adjacent,1
geography,1
signifying,1
nf,1
covered,1
model,1
manner,1
discussing,1
preforms,1
unit,1
accepted,1
establish,1
boats,1
tell,1
above,1
normative,1
daunting,1
vogel,1
remotely,1
como,1
eheh,1
shifts,1
going,1
encountered,1
pleistocene,1
ecology,1
scant,1
voyages,1
interpreting,1
original,1
physique,1
status,1
recognizing,1
microscopic,1
vast,1
divided,1
dissimilar,1
intent,1
considering,1
becker,1
comprise,1
reversed,1
ecologically,1
situating,1
helps,1
refining,1
ce,1
formal,1
deposits,1
arose,1
retains,1
humian,1
strongly,1
contacts,1
manifestations,1
safer,1
samples,1
looking,1
identity,1
informacion,1
varying,1
eclipsed,1
asian,1
confidence,1
food,1
angle,1
complement,1
assumption,1
maria,1
shades,1
resulting,1
submitted,1
net,1
actual,1
debilidades,1
engaged,1
services,1
discute,1
tacon,1
complicated,1
involves,1
beilougas,1
factores,1
low,1
similar,1
discovered,1
sherd,1
reality,1
directed,1
emphasizing,1
stress,1
publication,1
hampered,1
recognize,1
agreement,1
decorated,1
maintenance,1
flake,1
tokens,1
held,1
patricia,1
renouf,1
allowed,1
ri,1
reviewers,1
like,1
revised,1
features,1
housed,1
curve,1
dry,1
tan,1
accurate,1
traction,1
conjuntos,1
interacted,1
abundant,1
excavating,1
latter,1
interregional,1
class,1
enich,1
tangential,1
gets,1
discarded,1
separada,1
trying,1
parallel,1
generic,1
ref,1
craft,1
assessing,1
overcome,1
exactly,1
garcia,1
examine,1
deliberate,1
effect,1
attendant,1
enjoyed,1
remainder,1
diamond,1
pools,1
reincorporation,1
caution,1
multipassenger,1
attention,1
decay,1
pilon,1
pero,1
rarity,1
dogs,1
xa,1
things,1
asking,1
suggestion,1
para,1
imply,1
modification,1
aid,1
constructed,1
dual,1
sealed,1
angular,1
laurentide,1
science,1
movements,1
sometimes,1
ecological,1
bifacially,1
suggestive,1
obscuring,1
centre,1
florescence,1
insufficient,1
plastic,1
cada,1
institutions,1
independence,1
success,1
treacherous,1
ordering,1
render,1
clays,1
unclear,1
originated,1
hindscainn,1
metodologicamente,1
indicate,1
spanning,1
standpoint,1
wisconsinan,1
sleds,1
methods,1
responsible,1
efficiency,1
multicomponent,1
fall,1
hope,1
answer,1
centuries,1
grounded,1
documenting,1
contactual,1
recognizably,1
claims,1
classification,1
circumscribed,1
springfield,1
exchangebased,1
environment,1
reciprocal,1
bode,1
thinking,1
constant,1
practice,1
dispersed,1
conclusion,1
complexity,1
habitation,1
founded,1
mackenzie,1
geographic,1
constituted,1
susitna,1
pace,1
precise,1
recognizable,1
les,1
physical,1
sherds,1
alicia,1
investigativas,1
cover,1
methodologically,1
objectively,1
outcome,1
soo,1
hampton,1
igloolike,1
cox,1
readily,1
compelled,1
share,1
december,1
contained,1
exploration,1
believe,1
forebears,1
ivory,1
eventually,1
newman,1
losses,1
basket,1
contradictory,1
predictability,1
rely,1
expressing,1
disponibles,1
examining,1
anomalous,1
assessment,1
february,1
merely,1
better,1
phd,1
resharpening,1
clarity,1
beginning,1
cautions,1
svenson,1
inuvik,1
explanations,1
horns,1
economy,1
conservatism,1
devine,1
implicit,1
terms,1
solidas,1
typologies,1
making,1
orleans,1
supports,1
imposed,1
maintain,1
covers,1
densidad,1
saint,1
theory,1
hantman,1
surveying,1
consisting,1
waters,1
her,1
unserrated,1
studying,1
abruptly,1
secure,1
nnnrnnichis,1
produce,1
bahfa,1
unglaciated,1
phenomena,1
emphasis,1
dedication,1
hundreds,1
urban,1
contain,1
giographie,1
translated,1
frozen,1
marking,1
son,1
circumstances,1
northwestern,1
trivial,1
biologically,1
conclude,1
uniform,1
sea,1
elucidate,1
became,1
durable,1
transition,1
foxe,1
step,1
choix,1
confronted,1
measure,1
commodities,1
contribute,1
fiur,1
needed,1
families,1
paucity,1
allows,1
isolated,1
writing,1
fine,1
contrasts,1
ucl,1
sanctioned,1
distintas,1
shown,1
models,1
differentiation,1
editor,1
electronic,1
generate,1
disappear,1
adquirir,1
finding,1
illinois,1
conditions,1
structuring,1
insight,1
approximately,1
fauna,1
grown,1
include,1
typically,1
enabling,1
usa,1
need,1
facilitates,1
manufacture,1
supply,1
product,1
smaller,1
cation,1
roberta,1
defined,1
derive,1
czc,1
typology,1
speak,1
overabundance,1
tipped,1
traveling,1
anonymous,1
measurement,1
certainty,1
circuitous,1
shrank,1
consisted,1
bell,1
vary,1
th,1
sharing,1
calibrating,1
create,1
dark,1
views,1
predictable,1
valley,1
entire,1
sheer,1
vagaries,1
course,1
focus,1
discern,1
dad,1
technological,1
taylor,1
zones,1
unequivocal,1
infancy,1
alberta,1
profiles,1
dos,1
should,1
meeting,1
doing,1
built,1
roles,1
brevity,1
cited,1
perception,1
retention,1
increase,1
thorough,1
