WORDCOUNTS,WEIGHT
the,320
of,227
in,106
and,100
a,84
at,66
pottery,58
mound,57
to,54
is,43
with,40
pueblo,36
were,32
that,31
as,30
this,30
are,26
was,25
on,25
structure,24
mexican,23
or,22
by,22
no,20
new,19
fig,19
site,18
from,18
vol,18
which,18
have,18
it,17
been,17
mexico,17
mural,16
glaze,15
be,15
architectural,15
these,14
iii,14
some,14
rio,14
an,14
other,13
kivas,13
may,12
american,12
for,12
iv,12
north,12
south,11
levels,11
not,11
puerco,11
layer,11
i,11
paintings,11
its,11
ceremonial,10
their,10
date,10
structures,10
excavations,10
period,10
area,10
built,10
pp,9
but,9
also,9
parrot,9
all,9
there,9
has,9
top,9
such,9
anasazi,9
early,9
grande,8
one,8
recovered,8
first,8
found,8
ad,8
original,8
frescoes,8
macaws,8
several,8
later,7
university,7
series,7
two,7
time,7
sites,7
made,7
west,7
parrots,7
during,7
macaw,7
would,7
evidence,7
if,6
live,6
museum,6
mounds,6
possibly,6
into,6
pueblos,6
four,6
sherds,6
more,6
hohokam,6
ft,6
influences,6
number,6
revealed,6
ball,6
level,6
sides,6
pyramid,6
features,6
kept,6
casas,6
although,6
northern,6
even,6
valley,6
grandes,6
courts,5
various,5
difficult,5
suggestive,5
itself,5
flattopped,5
many,5
adobe,5
had,5
people,5
city,5
room,5
superimposed,5
form,5
middle,5
through,5
whole,5
gave,5
additions,5
small,5
artificial,5
birds,5
southwest,5
apparently,5
arizona,5
carried,4
tests,4
flagstaff,4
practices,4
determine,4
dimensions,4
cult,4
southern,4
about,4
types,4
retained,4
history,4
before,4
skeletons,4
painted,4
dug,4
santa,4
closely,4
architecture,4
seem,4
areas,4
associated,4
considerable,4
man,4
base,4
type,4
cultural,4
used,4
wide,4
bird,4
well,4
information,4
possible,4
gila,4
pyramids,4
use,4
usage,4
layers,4
times,4
earlier,4
around,4
few,4
lake,4
probably,4
fe,4
than,4
salt,4
major,4
walls,4
fairly,3
continued,3
main,3
shields,3
extend,3
winona,3
trash,3
similar,3
ceremonialism,3
complex,3
galisteo,3
figures,3
awatovi,3
yet,3
completely,3
evidences,3
presumably,3
section,3
culture,3
most,3
show,3
test,3
predominantly,3
being,3
surface,3
evidenced,3
originally,3
give,3
others,3
ritualistic,3
flat,3
each,3
shows,3
plan,3
out,3
obviously,3
mississippi,3
very,3
wupatki,3
tiers,3
beginning,3
mogollon,3
present,3
plain,3
enough,3
near,3
america,3
prior,3
both,3
upon,3
r,3
region,3
part,3
ritual,3
implications,3
kiva,3
occupied,3
washington,3
only,3
bonito,3
trench,3
general,3
least,3
obvious,3
antiquity,3
jaguar,3
clay,3
especially,3
body,3
mi,3
temple,3
c,3
terrace,3
breeding,3
stone,3
cross,3
dates,3
showed,3
will,2
chicago,2
cover,2
century,2
common,2
moiety,2
l,2
usually,2
five,2
strongly,2
still,2
debris,2
connected,2
suggestions,2
importance,2
large,2
paint,2
direct,2
why,2
envisioned,2
construction,2
frank,2
formed,2
miscellaneous,2
alive,2
farther,2
earliest,2
under,2
periods,2
school,2
abandonment,2
same,2
n,2
bruce,2
conventionalized,2
exploratory,2
indian,2
contact,2
already,2
diffusion,2
lower,2
sequence,2
additional,2
rise,2
albuquerque,2
gap,2
picture,2
trenches,2
smithsonian,2
m,2
military,2
excavation,2
natural,2
pointed,2
appear,2
artistic,2
fresco,2
amerind,2
distance,2
continue,2
down,2
hands,2
appeared,2
origin,2
foundation,2
accompanied,2
reed,2
reveal,2
lovelace,2
survey,2
possibility,2
late,2
oklahoma,2
el,2
chain,2
traits,2
covered,2
mm,2
designs,2
kuaua,2
selected,2
lion,2
case,2
normally,2
material,2
builders,2
bulldozer,2
perhaps,2
ruin,2
those,2
her,2
almost,2
another,2
basis,2
permeated,2
captivity,2
fourteen,2
work,2
eagles,2
rooms,2
entire,2
multiple,2
reported,2
point,2
occupants,2
purpose,2
cages,2
end,2
undoubtedly,2
beneath,2
fragment,2
place,2
copper,2
ideas,2
chaco,2
phase,2
prepared,2
judd,2
southwestern,2
shown,2
platform,2
years,2
development,2
national,2
obliterated,2
course,2
building,2
so,2
ascended,2
tested,2
mountain,2
pyramidal,2
archaeology,2
feathers,2
association,2
long,2
puddled,2
spanish,2
highly,2
pits,2
painting,2
served,2
research,2
reached,2
occur,2
flood,2
little,2
abandoned,2
much,2
burials,2
strong,2
among,2
recent,2
manner,2
eagle,2
mail,2
society,2
increasing,1
covenng,1
smoothed,1
resolve,1
seems,1
bells,1
depicted,1
f,1
mogoilon,1
does,1
permeating,1
seasons,1
steps,1
sixteen,1
suggestion,1
where,1
interesting,1
christian,1
signs,1
states,1
relationship,1
second,1
vary,1
reconstruction,1
change,1
adequate,1
york,1
accomplish,1
tread,1
oriented,1
ridge,1
wendorf,1
gatlin,1
true,1
his,1
drainage,1
science,1
observers,1
indicated,1
destroy,1
absent,1
strucs,1
short,1
indeed,1
imported,1
faced,1
testing,1
h,1
overall,1
comparative,1
tempted,1
arrow,1
limited,1
judging,1
wall,1
excrement,1
square,1
intended,1
berkeley,1
alternate,1
andean,1
presentation,1
exception,1
bulletin,1
referred,1
variety,1
now,1
seen,1
adoption,1
above,1
over,1
make,1
distributed,1
keep,1
developments,1
renewal,1
ranged,1
certain,1
shells,1
classic,1
suppose,1
ceramics,1
atboth,1
disintegration,1
direction,1
kinds,1
nos,1
inspired,1
ample,1
remain,1
vicinity,1
identify,1
coincides,1
espejo,1
lay,1
picked,1
terminated,1
towns,1
juxtaposition,1
cutbank,1
united,1
rectangle,1
see,1
potsherds,1
sees,1
shell,1
floods,1
auspices,1
when,1
exists,1
wash,1
monuments,1
ij,1
distinct,1
represents,1
studies,1
unusual,1
publications,1
mexicaninspired,1
numbers,1
albert,1
floor,1
old,1
lyndon,1
plus,1
buried,1
continuity,1
repair,1
madre,1
trace,1
dutton,1
horned,1
supply,1
river,1
committee,1
character,1
rated,1
border,1
contained,1
stratigraphic,1
amply,1
monument,1
any,1
light,1
proved,1
complete,1
movemenlt,1
just,1
watson,1
sunken,1
quivira,1
finely,1
imitation,1
prehistory,1
neck,1
k,1
sloping,1
plaster,1
ethnological,1
indubitably,1
w,1
wisconsin,1
orientation,1
measurements,1
suggestively,1
simply,1
extensive,1
joe,1
noted,1
fitted,1
headdress,1
extension,1
hopi,1
known,1
way,1
indicate,1
exhaust,1
cage,1
indications,1
seated,1
physical,1
modest,1
occurrences,1
wasley,1
name,1
recur,1
s,1
marred,1
peabody,1
fia,1
human,1
native,1
gran,1
colorado,1
bred,1
david,1
wand,1
possessed,1
might,1
cut,1
cutaway,1
expectation,1
masonry,1
iconography,1
bearing,1
added,1
advanced,1
nature,1
correspond,1
cultures,1
unlike,1
remembered,1
prehistoric,1
fact,1
outside,1
possibilities,1
prolific,1
east,1
idea,1
glazes,1
neil,1
height,1
prisoner,1
higher,1
did,1
best,1
unknown,1
hibben,1
specially,1
future,1
appearance,1
approximately,1
medicine,1
carrying,1
superimposition,1
exican,1
basin,1
begun,1
great,1
southernmost,1
depict,1
dated,1
ben,1
abstract,1
reminiscent,1
p,1
doors,1
spaniards,1
larger,1
smith,1
promised,1
hundred,1
without,1
events,1
demise,1
plazas,1
overwhelmingly,1
doubt,1
historical,1
distinctive,1
basal,1
dead,1
uppermost,1
precedence,1
reasons,1
maining,1
living,1
men,1
places,1
conclusions,1
state,1
emphasized,1
v,1
occupation,1
investigations,1
california,1
topped,1
thickbilled,1
right,1
war,1
inconclusive,1
reviewing,1
circular,1
secular,1
within,1
notable,1
purposes,1
imposing,1
bore,1
province,1
depicts,1
burial,1
papers,1
center,1
study,1
rose,1
population,1
less,1
katsinas,1
promise,1
spot,1
thin,1
necessary,1
globe,1
record,1
cruciform,1
deep,1
plugs,1
queres,1
intend,1
woman,1
axis,1
aprons,1
bow,1
custom,1
hopewell,1
subsequent,1
free,1
mass,1
remarkably,1
tlaxcala,1
technical,1
because,1
elevation,1
northwestern,1
shape,1
pitted,1
produce,1
having,1
specifically,1
lowermost,1
trade,1
nesting,1
joutrnal,1
coursed,1
classes,1
logical,1
outlying,1
exhibit,1
unexcavated,1
aspects,1
size,1
formerly,1
derived,1
gordon,1
examples,1
stairs,1
trial,1
marking,1
fio,1
julian,1
discovery,1
varieties,1
width,1
carries,1
john,1
writers,1
del,1
active,1
careful,1
heart,1
instances,1
anthropological,1
combination,1
variations,1
since,1
forms,1
thickness,1
conicus,1
tributary,1
enlargement,1
multilayered,1
aztalan,1
manifestations,1
polychrome,1
indigenous,1
department,1
constricted,1
easy,1
data,1
techniques,1
plans,1
step,1
slurred,1
decorations,1
largely,1
caliche,1
dress,1
flight,1
zuni,1
indians,1
mention,1
ferdon,1
truncated,1
averaged,1
harvard,1
round,1
acres,1
repeatedly,1
coming,1
central,1
thus,1
rituals,1
our,1
exerted,1
surrounding,1
constructed,1
endanger,1
fred,1
complicated,1
clearing,1
slanting,1
significance,1
cambridge,1
ig,1
memoirs,1
mayan,1
earth,1
sherd,1
arrows,1
three,1
finding,1
historic,1
archaeological,1
william,1
compressed,1
numerous,1
authors,1
t,1
terraces,1
accept,1
corner,1
sierra,1
ramos,1
outline,1
relatively,1
workers,1
parallels,1
edifice,1
excavated,1
individual,1
spiro,1
treads,1
attested,1
occurs,1
towers,1
ellis,1
hard,1
field,1
bertha,1
inference,1
spread,1
fill,1
strange,1
smaller,1
suggest,1
high,1
extensively,1
erik,1
definite,1
derive,1
addi,1
feathered,1
probable,1
preservation,1
lienzo,1
cases,1
abundant,1
scalp,1
remains,1
items,1
flourishing,1
untouched,1
scarlet,1
entrance,1
ture,1
leaves,1
severed,1
specific,1
supported,1
problems,1
unless,1
tions,1
between,1
edged,1
figure,1
six,1
extraordinary,1
peak,1
schroeder,1
entrada,1
portions,1
recoverable,1
bell,1
charles,1
examine,1
depictions,1
socorro,1
coronado,1
fourth,1
era,1
alternative,1
core,1
brink,1
monographs,1
constant,1
glazeware,1
generally,1
quivers,1
up,1
murals,1
implication,1
edwin,1
verified,1
rope,1
stair,1
re,1
unregulated,1
immediately,1
counts,1
interchange,1
stratum,1
we,1
sun,1
connections,1
hawks,1
unpublished,1
green,1
captive,1
paul,1
disrepair,1
scanty,1
sacaton,1
attention,1
influence,1
valuable,1
close,1
court,1
climax,1
codices,1
death,1
stylized,1
grants,1
societies,1
