WORDCOUNTS,WEIGHT
the,442
of,218
and,210
flotation,130
in,128
to,125
a,114
for,101
samples,90
with,79
recovery,71
from,65
is,62
water,60
were,55
was,46
rate,45
by,42
small,41
rates,40
system,39
seeds,34
screen,33
seed,33
sample,32
no,32
are,31
mesh,31
two,30
very,30
on,29
as,28
archaeological,28
soil,28
de,27
be,27
box,26
laboratory,26
machine,25
smap,24
percent,24
mm,24
main,23
experimental,23
an,22
systems,22
or,21
all,21
experiments,21
american,21
mean,21
tank,21
size,20
insert,19
field,19
site,18
into,18
used,18
high,18
floated,16
idot,16
remains,16
using,16
s,15
r,15
arizona,15
university,14
papaver,14
range,14
after,14
between,14
fraction,13
recovered,13
that,13
m,13
material,13
this,13
dry,13
conducted,12
four,12
each,12
j,12
charred,12
bucket,12
northern,12
artemisia,12
one,12
customized,12
tanks,12
processed,11
antiquity,11
pp,11
sludge,11
set,11
achieved,11
archaeology,11
can,11
e,10
table,10
clay,10
pueblo,10
manual,10
first,10
cost,10
figure,10
great,10
i,10
house,10
botanical,10
clayey,10
bluff,10
through,10
somniferum,10
reservoir,10
category,10
y,10
l,9
manuscript,9
large,9
processing,9
out,9
both,9
bottom,9
loam,9
three,9
d,9
contamination,9
sandy,9
c,9
elden,9
at,8
minutes,8
k,8
p,8
frequency,8
soils,8
low,8
hunter,8
plant,8
potential,8
phaseolus,8
these,8
than,8
la,8
process,7
placed,7
heavy,7
al,7
department,7
additional,7
t,7
added,7
which,7
las,7
type,7
pump,7
well,7
aeration,7
cloth,7
los,7
operated,7
et,7
would,7
skaggs,7
notes,7
para,6
ludoviciana,6
un,6
analysis,6
during,6
total,6
light,6
our,6
tray,6
but,6
pan,6
available,6
wagner,6
new,6
discharge,6
project,6
recorded,6
sites,6
original,6
matrix,6
procedure,6
use,6
loamy,6
catch,6
pearsall,6
enclosed,6
electric,6
also,6
observed,6
up,6
ranging,5
higher,5
tests,5
flow,5
estimated,5
if,5
flagstaff,5
types,5
examined,5
sets,5
generator,5
split,5
history,5
occurred,5
pipes,5
only,5
technique,5
over,5
sizes,5
v,5
where,5
el,5
con,5
tasas,5
missouri,5
data,5
fine,5
installed,5
g,5
indian,5
intake,5
results,5
wet,5
north,5
medicago,5
paleoethnobotany,4
may,4
collected,4
sessions,4
been,4
overall,4
en,4
gallons,4
vol,4
eight,4
poppy,4
not,4
arid,4
school,4
included,4
any,4
watson,4
considered,4
sorting,4
comparison,4
situations,4
must,4
efficient,4
silt,4
colorado,4
located,4
liters,4
hose,4
archaeobotanical,4
por,4
lattice,4
muestras,4
some,4
w,4
presented,4
sides,4
resources,4
pulliam,4
electrical,4
medium,4
techniques,4
sand,4
has,4
poured,4
sistema,4
personal,4
sistemas,4
valve,4
have,4
either,4
sp,4
nonarchaeological,4
average,4
berg,4
amount,4
research,4
when,4
ot,4
setaria,4
clumps,4
it,3
helped,3
window,3
materials,3
limited,3
museum,3
outlet,3
natural,3
per,3
village,3
b,3
entre,3
needed,3
percentage,3
semillas,3
h,3
distinct,3
paper,3
series,3
hordeum,3
source,3
wisconsin,3
published,3
muy,3
more,3
macroremain,3
greater,3
prehistoric,3
sativa,3
columbia,3
other,3
sprayed,3
assess,3
report,3
effort,3
spray,3
pass,3
vary,3
chicago,3
float,3
less,3
content,3
near,3
number,3
account,3
session,3
reported,3
x,3
introduced,3
plugging,3
due,3
baffle,3
factor,3
pequenias,3
component,3
navajo,3
received,3
historic,3
arkansas,3
good,3
percentages,3
relatively,3
times,3
allowed,3
column,3
agua,3
standard,3
increased,3
ranged,3
although,3
technicians,3
second,3
third,3
brackets,3
osage,3
early,3
residue,3
slightly,3
given,3
communication,3
splits,3
pipe,3
preliminary,3
flotetech,3
because,3
edited,3
costs,2
will,2
operation,2
poor,2
drum,2
o,2
aid,2
town,2
minor,2
air,2
residual,2
performance,2
testing,2
brian,2
fractions,2
levels,2
determine,2
vulgare,2
una,2
struever,2
umlauf,2
began,2
garden,2
life,2
contribution,2
trash,2
they,2
initially,2
replaced,2
mounted,2
rank,2
bellue,2
valves,2
cultural,2
pvc,2
tub,2
saturated,2
buckets,2
easily,2
flotacion,2
adobe,2
extensions,2
forest,2
under,2
submitted,2
pumped,2
just,2
following,2
same,2
n,2
mediumto,2
recycling,2
without,2
contexts,2
most,2
operate,2
experienced,2
being,2
wire,2
based,2
machines,2
harvard,2
turbulence,2
problems,2
specimens,2
illinois,2
limit,2
again,2
even,2
identified,2
projects,2
cm,2
uses,2
sluiceway,2
lunatus,2
tanque,2
did,2
advantage,2
mesha,2
thank,2
removable,2
time,2
become,2
facilitate,2
loop,2
end,2
subsequent,2
devised,2
person,2
turned,2
took,2
floral,2
hand,2
fourth,2
tap,2
current,2
dayton,2
simulate,2
nonbuoyant,2
improve,2
nau,2
occaneechi,2
wright,2
gassner,2
moore,2
final,2
depending,2
above,2
sieving,2
elementos,2
america,2
directly,2
diaphragm,2
capable,2
closed,2
secured,2
work,2
suelo,2
hung,2
advantageous,2
andrea,2
enhanced,2
pulls,2
carolina,2
test,2
recover,2
easy,2
mdquina,2
whole,2
lab,2
leblanc,2
world,2
people,2
ranked,2
sieved,2
grounding,2
tasa,2
seeded,2
cans,2
southwestern,2
carefully,2
lists,2
enhances,2
national,2
grant,2
scarce,2
brass,2
utah,2
asistida,2
acceso,2
sized,2
mixed,2
ancient,2
below,2
z,2
copies,2
filled,2
down,2
louis,2
old,2
back,2
emptied,2
removed,2
este,2
six,2
differently,2
compared,2
single,2
adjacent,2
mechanical,2
tremaine,2
log,2
revised,2
within,2
st,2
archaeologist,2
dependent,2
sieve,2
aureus,2
settle,2
according,2
indoors,2
recovering,2
society,2
dispersing,1
medioambientes,1
analytical,1
south,1
together,1
carried,1
buoyant,1
ery,1
f,1
portion,1
go,1
critical,1
fifty,1
laboraory,1
he,1
clumping,1
san,1
change,1
recovers,1
adequate,1
exterior,1
tance,1
mexico,1
cuatro,1
elimination,1
installing,1
solid,1
stuart,1
illus,1
science,1
papers,1
compara,1
percentreports,1
usually,1
dispersement,1
across,1
survey,1
service,1
created,1
piece,1
ready,1
ra,1
diego,1
various,1
unit,1
personnel,1
acknowledged,1
recupero,1
inexpensive,1
resulted,1
fewer,1
fascinating,1
plastic,1
widespread,1
capture,1
pruebas,1
subsistence,1
referred,1
concern,1
particle,1
positioned,1
excellent,1
health,1
environments,1
screws,1
eliminated,1
lessened,1
brew,1
dot,1
sobre,1
considerably,1
pursuit,1
earlier,1
paleoethnobotanists,1
adjustable,1
remaining,1
se,1
rapidly,1
refilled,1
hp,1
settings,1
ocho,1
operator,1
parts,1
washtub,1
handsome,1
screening,1
mix,1
contributions,1
direction,1
settled,1
es,1
creek,1
enlargedl,1
efficiency,1
meshb,1
mobility,1
illustrations,1
ventaja,1
designed,1
conducting,1
laying,1
united,1
phone,1
limitado,1
depicted,1
periodic,1
bia,1
surpasses,1
az,1
supporting,1
awatovi,1
lots,1
bottomreports,1
idu,1
situation,1
bareis,1
hugh,1
completely,1
elfiltro,1
amy,1
turbulation,1
flush,1
figured,1
association,1
circulated,1
microscope,1
cerrado,1
papel,1
photographs,1
earliest,1
praise,1
mobile,1
ecosystem,1
ranges,1
infinitely,1
recirculation,1
place,1
position,1
river,1
acquired,1
rated,1
familiar,1
retained,1
presents,1
settling,1
ensure,1
experiment,1
mixedreports,1
then,1
preserved,1
supervisor,1
inserts,1
loess,1
purchased,1
dispersed,1
variety,1
suelos,1
customizedreports,1
anonymous,1
listed,1
need,1
preclude,1
urbana,1
agents,1
montgomery,1
steel,1
gail,1
bsoil,1
volume,1
aolian,1
durability,1
extension,1
ravine,1
albuquerque,1
nps,1
surface,1
calculations,1
upland,1
stephen,1
crosse,1
coconino,1
followed,1
fill,1
manuales,1
include,1
generally,1
ebada,1
davis,1
specifically,1
every,1
mound,1
terrestrial,1
comparing,1
requires,1
presenta,1
part,1
instance,1
nuts,1
evaluar,1
useful,1
bloque,1
achieving,1
particles,1
utiliza,1
originally,1
ii,1
screened,1
highly,1
excavation,1
provenience,1
address,1
fragmentation,1
rapid,1
ls,1
season,1
view,1
higgins,1
generated,1
amazing,1
plateau,1
put,1
anthropological,1
principle,1
firehose,1
flat,1
matching,1
olivey,1
retrieve,1
experimentation,1
binocular,1
outperforms,1
had,1
opening,1
henry,1
release,1
supplied,1
addendum,1
strip,1
organized,1
including,1
faster,1
historcal,1
circuito,1
cd,1
sells,1
location,1
allow,1
quick,1
flowing,1
head,1
scholars,1
areas,1
reexamined,1
portable,1
future,1
broken,1
drying,1
acknowledgments,1
brick,1
bricks,1
access,1
oil,1
so,1
academy,1
nao,1
maneuver,1
seven,1
ported,1
tallied,1
patrick,1
particularly,1
outdoors,1
larger,1
adjusted,1
multimodal,1
decreases,1
district,1
rooms,1
chosen,1
cumming,1
bame,1
centrally,1
gumbo,1
state,1
mecanizados,1
contemporary,1
modified,1
detail,1
jennifer,1
refill,1
comparative,1
examining,1
away,1
listing,1
academic,1
director,1
there,1
almost,1
discussed,1
idotand,1
attained,1
base,1
johannessen,1
removal,1
necessitating,1
another,1
ti,1
william,1
culture,1
assessing,1
hill,1
improved,1
anthropologist,1
pickup,1
better,1
rudimentary,1
circulation,1
handbook,1
greatly,1
descriptions,1
smithsonian,1
remainder,1
ava,1
franciscan,1
present,1
occupation,1
chapel,1
billc,1
remarkable,1
increases,1
alto,1
scholarly,1
decreased,1
vincas,1
anthropology,1
southeast,1
macroremains,1
stony,1
select,1
accurate,1
literature,1
hour,1
filtro,1
broke,1
combined,1
accepted,1
receives,1
hastorf,1
majority,1
aiding,1
selected,1
inches,1
see,1
potentially,1
cannot,1
until,1
paleoethnobotanical,1
references,1
td,1
gratefully,1
plants,1
slip,1
evaluation,1
porcentaje,1
scooped,1
eye,1
agricultural,1
rich,1
trawick,1
passed,1
liter,1
nueva,1
native,1
bolts,1
required,1
eastern,1
joffre,1
procesar,1
problem,1
adaptation,1
save,1
como,1
observable,1
consisting,1
crosscontamination,1
caryn,1
recov,1
prepare,1
varied,1
wood,1
u,1
persisted,1
rating,1
extract,1
adaptado,1
day,1
shower,1
equal,1
apple,1
bajas,1
remained,1
bulletin,1
design,1
smallest,1
plug,1
information,1
local,1
demonstrated,1
indispensable,1
assistance,1
recommended,1
analyzed,1
ax,1
injection,1
states,1
estudio,1
approx,1
artifacts,1
minute,1
condition,1
fax,1
gibbons,1
identify,1
revkc,1
april,1
october,1
thanks,1
discovery,1
naked,1
ademds,1
del,1
helps,1
hinder,1
clean,1
experimentos,1
recognition,1
occurring,1
region,1
significantly,1
screens,1
overseeing,1
thereby,1
since,1
except,1
massachusetts,1
processes,1
subirge,1
passes,1
diffused,1
selecting,1
nozzle,1
knowledge,1
realistic,1
rod,1
press,1
unc,1
nation,1
excavating,1
its,1
positions,1
sponsored,1
redwood,1
introducido,1
egyptian,1
decrease,1
thomas,1
sink,1
categories,1
refilling,1
special,1
dye,1
approximately,1
make,1
ranks,1
botdnicos,1
cited,1
oak,1
barrel,1
allows,1
cap,1
usage,1
bed,1
actually,1
linked,1
detailed,1
successful,1
kiln,1
otros,1
regarding,1
idotstyle,1
ewu,1
opens,1
welding,1
restos,1
accommodate,1
precision,1
past,1
way,1
throughout,1
consistent,1
campus,1
full,1
comments,1
review,1
disregarding,1
bucketful,1
taxon,1
connected,1
galvanized,1
institution,1
hardened,1
piles,1
obtenidas,1
igualdndose,1
moderate,1
utilizando,1
students,1
influx,1
comparability,1
proceeded,1
cartographic,1
recording,1
mejordndose,1
locations,1
caja,1
such,1
efficiently,1
archaeologists,1
color,1
lands,1
monroe,1
clear,1
eliminacion,1
ohio,1
initiated,1
alleviation,1
initial,1
objective,1
intensifying,1
endowment,1
twentieth,1
silicone,1
tables,1
approach,1
authors,1
dreas,1
comprehensive,1
aire,1
aided,1
mds,1
concentrates,1
wish,1
permit,1
creating,1
professional,1
ayudado,1
mississippian,1
legacy,1
least,1
gate,1
brush,1
gravel,1
drums,1
methods,1
altas,1
excavations,1
reviewers,1
dense,1
level,1
dan,1
homcs,1
recursos,1
spread,1
upside,1
springfield,1
funded,1
procedures,1
smaller,1
august,1
manufacturer,1
tested,1
century,1
obtuvo,1
arqueologicos,1
sands,1
next,1
llevados,1
ratings,1
mundi,1
off,1
midcontinental,1
trapped,1
evaluate,1
estimates,1
installation,1
fue,1
instalar,1
spurr,1
asoil,1
decanted,1
primer,1
capacidad,1
extremely,1
cutler,1
madison,1
adequately,1
adapter,1
latter,1
we,1
symposium,1
lj,1
minnis,1
nozzel,1
summary,1
leland,1
lanning,1
estimating,1
conclusions,1
separately,1
few,1
outside,1
resultaron,1
eliminates,1
article,1
extraer,1
engrossing,1
plank,1
cabo,1
june,1
oneota,1
varnish,1
presence,1
despues,1
editors,1
served,1
allowing,1
immersion,1
nylon,1
stanley,1
interpretations,1
applying,1
left,1
xvi,1
continuous,1
yelton,1
structure,1
fully,1
create,1
biological,1
geological,1
foot,1
occurringreports,1
northwestern,1
sin,1
journal,1
copyright,1
describes,1
peabody,1
coe,1
horsepower,1
among,1
calculating,1
maps,1
indicate,1
soulthewrn,1
graded,1
ethnology,1
truck,1
linseed,1
dos,1
should,1
middle,1
dausman,1
southeastern,1
distinta,1
transactions,1
largeand,1
booklet,1
moved,1
how,1
occur,1
nal,1
poorly,1
increase,1
separate,1
tennessee,1
