WORDCOUNTS,WEIGHT
the,1654
and,1262
of,1102
in,717
a,405
to,344
from,249
for,196
as,194
by,184
or,181
with,168
is,162
at,155
that,154
texas,148
have,142
on,139
are,136
southeast,127
not,125
university,124
mexico,122
pp,118
american,117
no,111
de,103
edited,99
but,96
south,93
southeastern,93
it,92
was,92
be,91
archaeological,90
were,89
gulf,89
been,88
new,87
other,86
there,83
mounds,78
mexican,75
coast,75
prehistoric,73
mississippi,72
archaeology,72
an,71
mound,69
may,68
mesoamerican,68
al,68
louisiana,68
et,67
we,66
early,66
north,64
such,63
this,63
they,62
cultural,61
late,60
us,59
j,57
also,56
site,55
between,55
culture,54
florida,53
states,53
obsidian,52
united,52
more,50
many,49
archaic,49
m,47
antiquity,47
c,47
eastern,46
coastal,46
lower,45
all,45
sites,45
e,44
mesoamerica,43
their,43
had,43
even,42
woodland,42
has,41
along,41
central,41
l,41
middle,41
some,40
these,40
far,39
into,37
one,37
evidence,37
point,36
can,35
valley,35
through,34
artifacts,33
southern,33
mississippian,33
known,33
complex,32
figure,32
over,32
press,32
el,31
society,31
two,31
department,31
only,31
d,31
interaction,31
york,30
river,30
w,30
northern,30
east,30
which,30
gainesville,30
could,29
alabama,29
shell,29
archeological,29
up,29
southwest,29
connection,29
might,28
r,28
john,28
where,28
material,28
robert,27
y,27
america,26
well,26
research,26
ancient,26
water,26
study,25
so,25
systems,25
james,25
both,25
now,24
richard,24
west,24
found,24
long,24
la,24
area,24
just,23
large,23
con,23
vol,23
most,23
though,23
native,23
historic,23
david,23
city,23
charles,23
human,22
across,22
b,22
around,22
perhaps,22
would,22
general,22
probably,22
george,22
cultures,22
stone,21
h,21
history,21
times,21
poverty,21
northwest,21
than,21
annual,21
mex,21
made,21
region,21
connections,21
who,21
ing,21
report,21
much,21
northeast,20
weinstein,20
austin,20
time,20
rio,20
ideas,20
exchange,20
tuscaloosa,19
investigations,19
g,19
dc,19
out,19
marie,19
t,19
remains,19
lake,19
sources,18
later,18
georgia,18
state,18
possible,18
relationships,18
very,18
f,18
san,18
ceremonial,18
see,18
bulletin,18
period,18
pottery,18
few,18
paper,18
world,18
common,17
if,17
groups,17
maize,17
s,17
items,17
en,17
olmec,17
important,17
baton,17
amer,17
its,17
noted,17
do,17
maya,17
platform,17
great,16
ad,16
similar,16
burials,16
nancy,16
ceramics,16
during,16
arkansas,16
contact,16
about,16
aboriginal,16
huasteca,16
did,16
william,16
saunders,16
apparently,16
salt,16
earthen,16
tion,15
jackson,15
those,15
similarities,15
logical,15
old,15
possibly,15
northeastern,15
upper,15
beyond,15
ican,15
because,15
los,15
used,15
settlement,15
grande,15
museum,15
jon,15
michael,15
submitted,15
rouge,15
like,15
garcia,15
construction,15
presented,15
ico,15
meeting,15
center,14
western,14
source,14
bayou,14
how,14
p,14
work,14
people,14
social,14
less,14
black,14
thomas,14
often,14
associated,14
must,14
natural,14
what,14
little,14
com,14
different,13
i,13
gibson,13
journal,13
burial,13
small,13
anthropologist,13
regions,13
uni,13
why,13
sometimes,13
anthropological,13
years,13
archaeologists,12
archae,12
within,12
papers,12
look,12
white,12
hopewell,12
prehistory,12
irrigation,12
data,12
smithsonian,12
brown,12
gordon,12
included,12
same,12
rock,12
areas,12
teeth,12
individual,12
seen,12
plains,12
earliest,12
then,12
complexity,12
them,12
when,12
pre,12
should,12
o,11
conical,11
first,11
production,11
design,11
ball,11
resources,11
ritual,11
versity,11
least,11
classic,11
parker,11
zaragoza,11
indian,11
ceramic,11
management,11
luis,11
another,11
use,11
trade,11
three,11
k,11
structure,11
dolores,11
know,11
distribution,11
while,11
indians,11
illinois,11
national,11
among,11
major,11
studies,10
originally,10
survey,10
points,10
ern,10
norte,10
bay,10
ica,10
elements,10
filed,10
handbook,10
traced,10
near,10
spiro,10
example,10
toric,10
change,10
several,10
barbara,10
he,10
galveston,10
single,10
yet,10
thought,10
rise,10
drink,10
man,10
patterns,10
outside,10
local,10
food,10
especially,10
become,10
series,10
cal,10
proceedings,10
art,10
prehis,10
sea,10
km,10
recent,10
archives,9
red,9
marksville,9
comparisons,9
materials,9
occasional,9
agriculture,9
natives,9
unpublished,9
too,9
painted,9
greater,9
occupation,9
traits,9
del,9
regional,9
brownsville,9
notes,9
architecture,9
bluff,9
forms,9
willey,9
earlier,9
etowah,9
tennessee,9
usually,9
stephen,9
artifact,9
griffin,9
each,9
any,9
son,9
copper,9
webb,9
include,9
comparison,9
built,9
mostly,8
way,8
introduction,8
needed,8
modern,8
contexts,8
available,8
farther,8
influences,8
ricklis,8
case,8
move,8
southwestern,8
relations,8
excavations,8
communication,8
after,8
derived,8
creek,8
krieger,8
mary,8
additional,8
origins,8
suggested,8
lafayette,8
ann,8
ter,8
spanish,8
philip,8
finds,8
jeffrey,8
archaeo,8
scientific,8
low,8
formative,8
still,8
movement,8
hester,8
ekholm,8
personal,8
end,8
channel,8
adjacent,8
present,8
flake,8
corps,8
army,8
frontier,8
mis,8
continental,8
current,8
form,8
cahokia,8
geographic,8
mention,8
tions,8
land,8
need,8
sur,8
heartland,8
specific,8
phillips,8
utah,8
does,7
dart,7
before,7
joe,7
being,7
either,7
davis,7
origin,7
course,7
plain,7
westernmost,7
right,7
zone,7
soto,7
dis,7
ment,7
recently,7
elsewhere,7
age,7
ian,7
societies,7
centers,7
international,7
oklahoma,7
appears,7
brought,7
pyramids,7
island,7
place,7
archeology,7
traders,7
earth,7
hopewellian,7
stage,7
part,7
huastecan,7
provided,7
preliminary,7
make,7
interactions,7
once,7
pacific,7
paul,7
mark,7
others,7
shows,7
instituto,7
karl,7
original,7
discussion,7
examples,7
engineers,7
imagery,7
clear,7
guadalupe,7
pinson,7
indi,7
division,7
suggest,7
science,7
arqueologia,7
analysis,7
association,7
considered,7
peoples,7
athens,7
cemetery,7
whether,7
making,7
alcohol,7
researchers,7
became,7
until,7
cambridge,7
potential,7
occur,7
entire,7
building,7
glascock,6
environmental,6
miguel,6
bp,6
tradition,6
incisors,6
ben,6
throughout,6
inland,6
political,6
daniel,6
designs,6
specimen,6
clarence,6
trophy,6
phase,6
tucson,6
type,6
barrier,6
cases,6
clark,6
christopher,6
architectural,6
served,6
compared,6
bone,6
left,6
scott,6
kent,6
ridge,6
snake,6
process,6
mean,6
space,6
clay,6
n,6
four,6
show,6
cotton,6
weigand,6
pleistocene,6
moving,6
plateau,6
inter,6
beatriz,6
circular,6
val,6
sity,6
related,6
hays,6
ple,6
away,6
floors,6
hard,6
routes,6
davila,6
ological,6
soil,6
using,6
sporadic,6
ruecking,6
ical,6
various,6
short,6
yucatan,6
islands,6
frank,6
mobile,6
ethnographic,6
ed,6
reports,6
useful,6
mesoamer,6
motifs,6
diverse,6
seldom,6
tampico,6
v,6
cul,6
craig,6
patricia,6
including,6
canals,6
rivers,6
precolumbian,6
individuals,6
california,6
dating,6
peter,6
spread,6
features,6
coral,6
estados,6
beads,6
veracruz,6
pro,6
movements,6
originated,6
types,6
sissippi,6
nacional,6
univer,6
simply,6
extensive,6
notches,6
northward,6
best,6
las,6
investigation,6
orleans,6
independently,6
extent,6
foundations,6
suggests,6
socioeconomic,6
dental,6
shown,6
models,6
locations,6
shenkel,6
although,6
piece,6
off,6
tobacco,6
plenum,6
arizona,6
difficult,5
edge,5
car,5
group,5
true,5
ways,5
jonathan,5
carroll,5
sys,5
cross,5
influence,5
women,5
diffusion,5
huastec,5
specifically,5
caddoan,5
ii,5
seems,5
nature,5
lsu,5
gary,5
moundville,5
skull,5
chichimec,5
signs,5
side,5
crystal,5
besides,5
shared,5
except,5
timothy,5
holder,5
flexed,5
includes,5
roger,5
development,5
since,5
exam,5
topic,5
century,5
ear,5
dates,5
raymond,5
jr,5
his,5
developed,5
subsistence,5
scraper,5
evolution,5
baugh,5
organization,5
kehoe,5
plat,5
record,5
panuco,5
peabody,5
wyoming,5
appear,5
nebraska,5
caddo,5
gregory,5
based,5
midden,5
interpretations,5
universidad,5
stemmed,5
wide,5
none,5
symbolism,5
structures,5
perishable,5
surrounding,5
own,5
things,5
plex,5
waring,5
lincoln,5
moved,5
periods,5
tea,5
mesa,5
action,5
mexicana,5
located,5
tropical,5
atop,5
ask,5
sano,5
peregrine,5
examined,5
already,5
kevin,5
truncated,5
published,5
idea,5
penelope,5
floyd,5
together,5
figurines,5
diameter,5
model,5
redonda,5
bead,5
distance,5
autonoma,5
desert,5
postclassic,5
previously,5
monte,5
numerous,5
maria,5
congress,5
harvard,5
ethnic,5
processes,5
radiocarbon,5
office,5
styles,5
kibler,5
plant,5
high,5
abundant,5
men,5
problems,5
morris,5
diana,5
corridor,5
species,5
conch,5
watson,5
collections,5
hers,5
corpus,5
ology,5
fields,5
susan,5
christi,5
ayala,5
elaborate,5
sacred,5
here,5
lekson,5
anthropology,5
seem,5
unknown,5
distinctive,5
places,5
phd,5
tubular,5
game,5
selected,5
travel,5
reported,5
ohio,5
beer,5
centro,5
role,5
colonial,5
frontiers,5
americas,5
ciudad,5
arrived,5
chicago,5
asphalt,5
proposed,4
ments,4
margins,4
transportation,4
stylistic,4
investigaciones,4
represent,4
college,4
linguistic,4
rogers,4
easily,4
trace,4
something,4
descriptions,4
christine,4
said,4
anything,4
envi,4
else,4
certainly,4
groove,4
taken,4
address,4
frederick,4
continue,4
secondary,4
down,4
farmers,4
able,4
reunion,4
somewhat,4
insti,4
system,4
described,4
alfred,4
recorded,4
bison,4
account,4
overlooking,4
ders,4
mesoameri,4
tied,4
thus,4
andrew,4
fayetteville,4
village,4
interest,4
brake,4
santa,4
expected,4
delta,4
unity,4
canoes,4
perspective,4
fig,4
compare,4
weaver,4
terrace,4
details,4
kelley,4
adult,4
jones,4
tercera,4
likely,4
larsen,4
edward,4
unit,4
midwest,4
hughes,4
von,4
wash,4
means,4
understand,4
plus,4
almost,4
warren,4
population,4
house,4
albuquerque,4
calgary,4
honduras,4
tem,4
missouri,4
base,4
term,4
engraved,4
bend,4
simple,4
produced,4
rubber,4
hidalgo,4
kathryn,4
bc,4
rocks,4
prominent,4
elizabeth,4
discussions,4
unreported,4
batesville,4
documented,4
showing,4
sociopolitical,4
alan,4
tamaulipas,4
horizontal,4
good,4
distances,4
cer,4
ward,4
involved,4
chichimeca,4
shapes,4
pulque,4
mainfort,4
shoreline,4
power,4
identified,4
edges,4
allen,4
above,4
builders,4
ouachita,4
structural,4
whelk,4
yaupon,4
fit,4
idaho,4
today,4
jay,4
reprint,4
sociedad,4
hearth,4
williams,4
jadeite,4
toward,4
academy,4
similarly,4
towns,4
lack,4
thurman,4
vernon,4
antonio,4
shallow,4
pattern,4
never,4
antropologia,4
covered,4
jonas,4
keys,4
continuing,4
boats,4
por,4
polities,4
demonstrated,4
situated,4
investigated,4
yellowstone,4
schaafsma,4
ethnology,4
elite,4
accessed,4
jose,4
napa,4
rebecca,4
characterized,4
traveled,4
pyramidal,4
margin,4
evolutionary,4
sobre,4
field,4
looked,4
haven,4
develop,4
increasing,4
factors,4
alcoholic,4
perspectives,4
pieces,4
support,4
directions,4
yale,4
nuevo,4
life,4
norton,4
wheeler,4
clovis,4
middens,4
rarely,4
mitchell,4
extending,4
symbolic,4
monuments,4
indicate,4
temple,4
pt,4
sciences,4
gran,4
kind,4
bottle,4
rainfall,4
worth,4
polynesian,4
goods,4
plazas,4
historical,4
sedentarios,4
better,4
hall,4
heads,4
cremations,4
agricultural,4
adaptation,4
prewitt,4
conference,4
martha,4
dee,4
associ,4
kenneth,4
mas,4
think,4
keynote,4
reca,4
our,4
campus,4
question,4
ure,4
curtis,4
electronic,4
protohistoric,4
conditions,4
aware,4
brain,4
peninsular,4
green,4
colorful,4
cook,4
given,4
strong,4
comparable,4
skeletal,3
functional,3
separated,3
extreme,3
feathered,3
per,3
grandes,3
essays,3
word,3
tures,3
library,3
saucier,3
drinks,3
di,3
recreation,3
excavation,3
description,3
valencia,3
gorgets,3
lowlands,3
limestone,3
pat,3
vols,3
patricio,3
conflict,3
sub,3
worked,3
cobb,3
apalachee,3
possibilities,3
shaped,3
archaeologically,3
leading,3
suggesting,3
differences,3
analyses,3
rich,3
closer,3
brian,3
uncovered,3
take,3
real,3
help,3
jill,3
date,3
raised,3
platforms,3
context,3
effigy,3
yazoo,3
resembles,3
bur,3
primary,3
clearly,3
investiga,3
ered,3
sedentary,3
mental,3
carved,3
genetic,3
monu,3
measurement,3
cere,3
obsid,3
mid,3
disc,3
domesticated,3
scarborough,3
review,3
ronald,3
que,3
winged,3
walter,3
bradley,3
hammerstedt,3
sanders,3
garber,3
canal,3
casas,3
body,3
fash,3
biological,3
tim,3
coasts,3
potosi,3
mcewan,3
valleys,3
antropologicos,3
poorly,3
themes,3
civilization,3
opposed,3
fort,3
ramps,3
whose,3
dence,3
expanding,3
main,3
tallahassee,3
peacock,3
environments,3
nueces,3
edwin,3
importance,3
connec,3
entre,3
distant,3
erson,3
tance,3
supposed,3
arid,3
missis,3
monumental,3
objects,3
sim,3
cad,3
meant,3
bruce,3
stewart,3
doty,3
notions,3
mcfaddin,3
koch,3
view,3
alice,3
aliens,3
problem,3
route,3
tural,3
basin,3
called,3
typical,3
oliva,3
seven,3
carolina,3
noting,3
initial,3
academic,3
applied,3
find,3
dumbarton,3
tchula,3
geological,3
teotihuacan,3
carry,3
floodplain,3
slightly,3
purpose,3
whole,3
q,3
figures,3
round,3
oaks,3
swift,3
sudeste,3
sun,3
status,3
approach,3
manifestation,3
tution,3
interregional,3
merino,3
buildings,3
chichimeco,3
jeff,3
multiple,3
grow,3
depression,3
hugo,3
edwards,3
ericson,3
visible,3
jordan,3
bays,3
motif,3
ial,3
tallest,3
fiber,3
knowledge,3
ameri,3
second,3
burning,3
populations,3
indeed,3
comparative,3
limited,3
kilometers,3
seasons,3
ignacio,3
bowl,3
innovation,3
postulate,3
language,3
chronology,3
rockport,3
home,3
light,3
sourced,3
dna,3
nw,3
floor,3
problemas,3
maguey,3
fill,3
muy,3
culturales,3
provide,3
westward,3
oval,3
rodseth,3
ley,3
again,3
smith,3
missing,3
prehistorically,3
fact,3
appeared,3
documents,3
extended,3
relict,3
als,3
anthro,3
loop,3
external,3
terry,3
took,3
drinking,3
nomadas,3
huaxteca,3
psychic,3
unclear,3
riley,3
homenaje,3
wickliffe,3
style,3
male,3
wood,3
boat,3
evi,3
technologies,3
survive,3
monroe,3
archaeolog,3
manufactured,3
looking,3
top,3
significant,3
traded,3
trip,3
stout,3
explorations,3
viduals,3
discovered,3
discussed,3
newsletter,3
caribbean,3
direct,3
dry,3
stages,3
ture,3
ornaments,3
voyages,3
ous,3
story,3
landscape,3
adaptive,3
cen,3
nashville,3
rit,3
incisor,3
tom,3
absence,3
enough,3
consists,3
update,3
circle,3
note,3
bureau,3
deep,3
gentry,3
sec,3
tchefuncte,3
slow,3
reason,3
tive,3
detailed,3
engi,3
unusual,3
resemble,3
appar,3
cam,3
victoria,3
ned,3
arche,3
milner,3
incised,3
woosley,3
perforated,3
carbondale,3
sustained,3
school,3
interpretation,3
familiar,3
holly,3
henry,3
december,3
contained,3
interested,3
believe,3
king,3
alexander,3
sent,3
skinner,3
constructions,3
mantle,3
visiting,3
ideological,3
humid,3
sunflower,3
lagoons,3
houses,3
cities,3
examining,3
assessment,3
possibility,3
turned,3
yielded,3
chichimecs,3
particular,3
ravesloot,3
map,3
laguna,3
thames,3
hypothesize,3
calhoun,3
faunal,3
hundreds,3
size,3
vessels,3
janice,3
wandering,3
varieties,3
complexes,3
determined,3
transport,3
altered,3
pits,3
despite,3
easy,3
tried,3
transition,3
went,3
matches,3
earthworks,3
fleeting,3
coming,3
wild,3
saun,3
samuel,3
instead,3
integrated,3
gen,3
queretaro,3
colleagues,3
measured,3
mexi,3
typology,3
mountain,3
ated,3
taking,3
paleoindian,3
themselves,3
mystery,3
ently,3
reached,3
pool,3
myer,3
asso,3
dif,3
longer,3
malcolm,3
showed,3
close,3
ilex,3
hypothesis,3
final,2
cultigens,2
go,2
courts,2
mitted,2
dale,2
done,2
quimby,2
settled,2
anthony,2
phil,2
conservancy,2
addressed,2
extend,2
episodes,2
jane,2
trans,2
glas,2
extends,2
caches,2
originating,2
mountains,2
succession,2
ingleside,2
titterington,2
manuscript,2
distributed,2
crossing,2
debris,2
mouth,2
beneath,2
contemporaneous,2
overland,2
becoming,2
achievements,2
bor,2
offerings,2
larry,2
cove,2
americana,2
harald,2
continent,2
item,2
completely,2
walker,2
environment,2
han,2
tesar,2
former,2
collection,2
ondary,2
acceptance,2
necessarily,2
unlike,2
cited,2
noreste,2
vermilion,2
total,2
eastward,2
vidas,2
buffer,2
cultura,2
foragers,2
allu,2
princeton,2
bark,2
toth,2
commu,2
inc,2
rathje,2
pure,2
drugs,2
mckeithen,2
calusa,2
implements,2
fermentation,2
implications,2
meters,2
cox,2
jefferies,2
spencer,2
season,2
confirmed,2
hoffman,2
reach,2
crops,2
gorenstein,2
wein,2
display,2
reasons,2
macneish,2
monitor,2
whatever,2
imported,2
court,2
hunting,2
brose,2
southeasternists,2
madre,2
lars,2
tery,2
drooker,2
emphasized,2
aquaculture,2
chiefdoms,2
physical,2
burney,2
behind,2
documenting,2
issue,2
pl,2
botany,2
sophisticated,2
blades,2
neering,2
payne,2
contacted,2
tal,2
u,2
firm,2
discuss,2
grooves,2
wilcox,2
holocene,2
sixteenth,2
functions,2
october,2
obvious,2
sandstrom,2
russo,2
variations,2
ations,2
bottom,2
nearby,2
resembling,2
sullivan,2
inally,2
mimi,2
sand,2
range,2
framework,2
evans,2
labor,2
melancon,2
cemeteries,2
explained,2
dynamics,2
productive,2
interior,2
antologias,2
wind,2
millennium,2
chillicothe,2
neighbors,2
doan,2
jeremy,2
exist,2
ference,2
bioarcheology,2
relatively,2
weeden,2
braniff,2
pay,2
cerdmicas,2
nonstate,2
z,2
feathers,2
drainage,2
nor,2
orig,2
immigrants,2
vescelius,2
archaeol,2
tempranas,2
concerning,2
brazos,2
amount,2
back,2
slave,2
six,2
young,2
suitable,2
whorls,2
tral,2
sci,2
ety,2
explore,2
decapitated,2
sassaman,2
section,2
bennett,2
rest,2
vice,2
pos,2
wet,2
looms,2
traditions,2
kentucky,2
salty,2
sourcing,2
bipolar,2
hutchins,2
sabine,2
costa,2
phases,2
buried,2
mechanisms,2
cameron,2
via,2
knoxville,2
philadelphia,2
recognized,2
town,2
cally,2
played,2
without,2
rather,2
memoir,2
statements,2
camp,2
purely,2
absent,2
remain,2
levels,2
notion,2
inva,2
approaches,2
tary,2
midcontinental,2
tools,2
se,2
parts,2
special,2
enigmatic,2
lorenzo,2
practicing,2
scattered,2
mation,2
miscellaneous,2
attached,2
dan,2
paddling,2
terrell,2
ciation,2
park,2
plants,2
rocky,2
biased,2
interesting,2
stirrup,2
karankawa,2
emergence,2
dated,2
combined,2
branch,2
fish,2
latin,2
transactions,2
americanists,2
jersey,2
plaster,2
cock,2
situations,2
sureste,2
sus,2
underwater,2
resource,2
mescal,2
prairie,2
stark,2
cali,2
requires,2
gence,2
glades,2
vandals,2
mon,2
iconography,2
result,2
closely,2
columbia,2
channels,2
future,2
kolomoki,2
harder,2
wares,2
histories,2
begun,2
treatments,2
combinations,2
panhandle,2
deal,2
estudios,2
events,2
complete,2
monticulos,2
guatemala,2
intensive,2
arranged,2
further,2
equally,2
mate,2
setting,2
nating,2
purchased,2
otherwise,2
placed,2
westo,2
ford,2
bow,2
tracking,2
ther,2
aspects,2
directly,2
having,2
network,2
line,2
horticulture,2
archaeologist,2
ari,2
statehood,2
surrounded,2
concept,2
washington,2
creeks,2
london,2
salvage,2
crooks,2
kristen,2
nois,2
test,2
revealed,2
teoc,2
ten,2
revista,2
overview,2
weisler,2
older,2
galve,2
plastered,2
records,2
jo,2
actually,2
oceania,2
nal,2
interac,2
translated,2
dugout,2
economic,2
judd,2
bob,2
seminars,2
includ,2
muller,2
currents,2
memoirs,2
walton,2
kidder,2
kincaid,2
forwhite,2
ditches,2
enclosures,2
rolfe,2
painting,2
ago,2
parallelisms,2
involve,2
canoe,2
rings,2
typically,2
poster,2
unidos,2
mediterranean,2
emerging,2
ariel,2
entrance,2
leland,2
leaves,2
thence,2
migration,2
highly,2
components,2
este,2
vation,2
industry,2
county,2
ancestral,2
latest,2
boundaries,2
impossible,2
widely,2
generally,2
st,2
productivity,2
resistance,2
rolingson,2
enormously,2
dur,2
value,2
mistovich,2
olina,2
promising,2
frontera,2
marked,2
will,2
vial,2
unquestionable,2
stronger,2
transverse,2
ken,2
bringing,2
carried,2
ishable,2
squared,2
southerly,2
grand,2
jerald,2
labeled,2
techniques,2
brief,2
female,2
shelf,2
leon,2
harry,2
comments,2
tempered,2
recreating,2
dle,2
haag,2
religious,2
direction,2
jonathon,2
oxford,2
brated,2
angel,2
preparation,2
uniface,2
interment,2
mission,2
technology,2
under,2
ne,2
ele,2
neither,2
constant,2
lowland,2
moore,2
ston,2
shifting,2
rectangular,2
washes,2
gernet,2
largest,2
wisconsin,2
increasingly,2
bar,2
strata,2
wicke,2
fairly,2
picture,2
perspec,2
alteration,2
name,2
french,2
voyage,2
heritage,2
emonial,2
tanquil,2
decoration,2
height,2
fin,2
crucial,2
ecological,2
added,2
winter,2
archaeologi,2
overload,2
totonac,2
stories,2
head,2
occurrence,2
klar,2
occupations,2
tunacunnhee,2
compound,2
mesoamericans,2
disturbed,2
ronments,2
gray,2
grows,2
ethno,2
bundle,2
identical,2
distributions,2
reilly,2
vertebrate,2
biodiversity,2
anne,2
riginal,2
ages,2
conclusions,2
formations,2
dorothy,2
oregon,2
inside,2
axes,2
tainly,2
forth,2
unnecessary,2
fewer,2
belief,2
project,2
gives,2
carinated,2
number,2
harbottle,2
knoll,2
ecology,2
mcguire,2
remained,2
sions,2
ephemeral,2
highway,2
exploring,2
sippi,2
atlantic,2
easier,2
discovery,2
surfaces,2
stuck,2
accompanying,2
farming,2
maritime,2
cult,2
refining,2
heckenberger,2
querque,2
abo,2
polity,2
contacts,2
birds,2
louis,2
boulders,2
findings,2
cropping,2
cranial,2
hypotheses,2
intermittent,2
station,2
albu,2
jerome,2
relaciones,2
sequence,2
trend,2
recovery,2
laboratory,2
fer,2
untaming,2
connected,2
tristram,2
theoretical,2
shelter,2
douglas,2
versions,2
open,2
zona,2
compositions,2
landscapes,2
stelae,2
pensacola,2
andrews,2
tional,2
grew,2
idiosyncratic,2
publication,2
inadequate,2
amounts,2
deposits,2
symposium,2
houn,2
allowed,2
flood,2
function,2
meaghan,2
drilling,2
ended,2
paths,2
addi,2
fancy,2
stelly,2
procurement,2
graphic,2
somehow,2
article,2
construct,2
unable,2
examine,2
effect,2
dense,2
agave,2
ethnohistory,2
travelers,2
streams,2
ism,2
ground,2
saw,2
opposite,2
chert,2
distribu,2
sented,2
brenda,2
bighorn,2
pohl,2
farm,2
asking,2
testable,2
tradiciones,2
voorhies,2
ity,2
imply,2
modification,2
constructed,2
alex,2
tentative,2
reviewer,2
arti,2
involving,2
soci,2
chance,2
sports,2
traces,2
textiles,2
testing,2
maps,2
foster,2
spindle,2
paine,2
neurath,2
lines,2
ryan,2
trait,2
referred,2
cuba,2
bondale,2
returned,2
iconographic,2
ceremonialism,2
substances,2
interments,2
boulder,2
frizzell,2
hawkins,2
continually,2
fe,2
existed,2
supporting,2
say,2
centuries,2
get,2
tems,2
investigate,2
ities,2
chattahoochee,2
beans,2
forest,2
regularly,2
alone,2
detail,2
thick,2
stereotyped,2
border,2
geoscience,2
willacy,2
ual,2
cir,2
intensification,2
artefactos,2
ples,2
juan,2
dave,2
comes,2
southward,2
occurrences,2
cutout,2
cov,2
ists,2
minerals,2
set,2
gilmore,2
cacao,2
ave,2
colonization,2
bridge,2
illuminate,2
steven,2
innovations,2
gone,2
identi,2
ubiquitous,2
daub,2
intrusive,2
illi,2
anthropol,2
marvin,2
nections,2
depart,2
pigment,2
ics,2
spaniards,2
bonnie,2
recognition,2
pub,2
past,2
consisted,2
economy,2
morse,2
conexiones,2
terms,2
accounts,2
mann,2
lished,2
brookes,2
barriers,2
periphery,2
thousands,2
dark,2
serie,2
tives,2
noticed,2
information,2
virginia,2
port,2
proper,2
occasionally,2
practices,2
quantities,2
rod,2
bones,2
gerard,2
thewhite,2
subject,2
assumptions,2
arguments,2
antigua,2
fortably,2
isolated,2
tall,2
come,2
shorter,2
chile,2
presence,2
esteti,2
arrows,2
similarity,2
obliterated,2
fibers,2
cucurbita,2
parallels,2
sacrifices,2
register,2
offer,2
grown,2
product,2
upriver,2
randall,2
col,2
widmer,2
changes,2
derive,2
forming,2
quartz,2
fermented,2
increased,2
ships,2
ranged,2
roughly,2
summary,2
maintaining,2
flooding,2
needs,2
carr,2
semidesert,2
vessel,2
carbon,2
aztecs,2
thatcher,2
tradi,2
fluctuated,2
tribes,2
drunk,2
johnson,2
carrion,2
digging,2
debate,2
sharing,2
norman,2
x,2
element,2
traditional,2
duction,2
mutilation,2
focus,2
technological,2
famous,2
enormous,2
pope,2
indicating,2
primera,2
uncertain,2
quaternary,2
customs,2
spe,2
apalachicola,2
gagliano,1
kayaker,1
chickasaw,1
woven,1
agaves,1
resolve,1
postulating,1
fos,1
hector,1
hazards,1
customers,1
interpre,1
medicinal,1
economi,1
struggle,1
constante,1
mays,1
stereo,1
flow,1
frequent,1
limits,1
bailey,1
convergence,1
jewels,1
evaluations,1
butler,1
melvin,1
unexamined,1
stuart,1
representing,1
pur,1
sequently,1
cultureswhite,1
soluble,1
rev,1
meaning,1
export,1
populous,1
andpaleonto,1
names,1
sonification,1
neches,1
raves,1
tropics,1
mutila,1
fering,1
preclassic,1
whisk,1
faced,1
cinogenic,1
created,1
grady,1
comun,1
slicks,1
headlines,1
locale,1
peaceful,1
cussion,1
umental,1
tory,1
terns,1
berkeley,1
physiography,1
cia,1
gerimond,1
drawing,1
hypersaline,1
tierra,1
determine,1
jungle,1
cut,1
lated,1
inwhite,1
europeans,1
fron,1
cats,1
apache,1
kroeber,1
indepen,1
spurred,1
requir,1
ordinate,1
intan,1
coastlines,1
eth,1
expect,1
horizons,1
atemporally,1
told,1
settlements,1
lagoon,1
pendants,1
led,1
engineered,1
mucho,1
envisioned,1
douglass,1
invading,1
landowner,1
myth,1
elaborations,1
designed,1
picked,1
umella,1
formed,1
villages,1
live,1
antiq,1
english,1
warfare,1
strictly,1
hann,1
dolph,1
situation,1
salinity,1
migraciones,1
postprocessual,1
mit,1
notched,1
largely,1
erick,1
favor,1
preserving,1
teeneks,1
necticut,1
othy,1
isolationist,1
duke,1
cific,1
chronologically,1
grasslands,1
hair,1
chunky,1
biconcave,1
devices,1
prentice,1
lesick,1
raw,1
cargo,1
macroregional,1
potentials,1
spectrometry,1
occurred,1
subtypes,1
puta,1
nity,1
holding,1
dentists,1
instance,1
pipes,1
fragile,1
pots,1
advocate,1
domes,1
vomitoria,1
nineteenth,1
russell,1
englewood,1
gri,1
chief,1
paleoagriculture,1
oper,1
du,1
character,1
properties,1
urbana,1
leads,1
negative,1
myriad,1
asfaltadas,1
file,1
summarize,1
gail,1
midsouth,1
townsend,1
consistent,1
invoking,1
karen,1
sit,1
sewer,1
gia,1
bloodletting,1
conti,1
permit,1
rougher,1
cherokee,1
marco,1
temperate,1
miner,1
rel,1
fermentadas,1
ecolog,1
every,1
revisited,1
whom,1
baked,1
posed,1
paragon,1
chronicles,1
helms,1
melissa,1
rical,1
retouched,1
famsi,1
tiempo,1
entailed,1
portage,1
handle,1
pus,1
munication,1
contamination,1
give,1
culturally,1
diego,1
interference,1
pictured,1
astronomical,1
dennis,1
undocumented,1
initially,1
sunday,1
actual,1
demonstrable,1
reptiles,1
claudine,1
vari,1
coahuiltecan,1
spits,1
commentary,1
cat,1
ackett,1
tra,1
definition,1
friendly,1
ahockans,1
resemblance,1
pesar,1
jeanne,1
copy,1
olive,1
sup,1
packed,1
paramount,1
broken,1
slp,1
pineland,1
lazarus,1
occa,1
passageways,1
terra,1
pinelandlc,1
highland,1
knight,1
pesky,1
operationalize,1
woodpecker,1
producing,1
transient,1
supernatural,1
newsom,1
aztlan,1
studied,1
inherent,1
rico,1
moderns,1
scrubby,1
ences,1
link,1
authority,1
hundred,1
onto,1
correlates,1
milanich,1
toby,1
religion,1
dom,1
annick,1
tombig,1
imports,1
brierly,1
vic,1
struction,1
farmer,1
rubicon,1
subsequent,1
golfo,1
reinterpret,1
altowhite,1
lodge,1
starchy,1
agricul,1
textbooks,1
last,1
julie,1
loose,1
newell,1
miles,1
murray,1
blackwell,1
marine,1
concepts,1
situ,1
doc,1
waselkov,1
surely,1
invalid,1
decreased,1
tieth,1
ary,1
wreck,1
rounded,1
tomoka,1
buri,1
campana,1
widening,1
salle,1
crus,1
filtering,1
seminar,1
merchants,1
habia,1
speech,1
british,1
ernest,1
donated,1
fau,1
nowhere,1
ethnobotanist,1
invasions,1
discontinuities,1
narrower,1
depending,1
resemblances,1
ver,1
suspect,1
correlated,1
spherical,1
projectile,1
fruit,1
escobar,1
curated,1
geochemical,1
jenkins,1
key,1
albeit,1
bird,1
luminescence,1
unaware,1
recov,1
weathered,1
referents,1
celts,1
bases,1
esti,1
flourished,1
saying,1
cellaneous,1
draw,1
users,1
march,1
bannerstones,1
reanalysis,1
wat,1
custom,1
jack,1
alluvium,1
porter,1
steve,1
occupying,1
prior,1
marc,1
troyville,1
politics,1
fl,1
activity,1
den,1
janu,1
securely,1
sidered,1
denver,1
borderland,1
timetables,1
zuni,1
facilitating,1
brewed,1
hir,1
slight,1
evan,1
depend,1
picks,1
strains,1
knickknacks,1
julian,1
ings,1
fea,1
greene,1
measuring,1
whittington,1
community,1
invited,1
normative,1
combination,1
mater,1
sporadically,1
grabada,1
uses,1
treating,1
atholl,1
exchanges,1
diffused,1
hide,1
fur,1
borderlands,1
shellfish,1
influencia,1
fluorescence,1
foun,1
bowls,1
reconstruction,1
mundane,1
deso,1
geoar,1
herman,1
enclosing,1
mat,1
monographs,1
prehistori,1
empha,1
pile,1
guadalcazar,1
maygrass,1
fragment,1
stirring,1
holland,1
wrecked,1
starts,1
kim,1
sheltered,1
evaluating,1
cursory,1
pursuing,1
eloise,1
controlled,1
charnel,1
ranked,1
learned,1
delarcdico,1
extinct,1
entation,1
isons,1
forelocks,1
shal,1
associations,1
lms,1
nic,1
pen,1
feries,1
accessible,1
supple,1
royal,1
jade,1
macaw,1
coun,1
reservoir,1
lon,1
liq,1
acuerdo,1
arrive,1
alignments,1
hogar,1
encouraged,1
connect,1
archaeolo,1
delimit,1
mallory,1
component,1
glued,1
paddler,1
facts,1
hammock,1
weir,1
inner,1
buck,1
facil,1
explorers,1
mm,1
intentional,1
templadas,1
countless,1
constantly,1
due,1
overlooks,1
analyzing,1
rolled,1
tables,1
helen,1
farnsworth,1
chavin,1
perfo,1
comparing,1
matamoros,1
philosophical,1
proto,1
invaders,1
outer,1
raton,1
dynamic,1
fasci,1
savages,1
ethnohistorical,1
recipient,1
characteristic,1
ray,1
sym,1
janet,1
trench,1
contributors,1
helena,1
queretero,1
num,1
acta,1
prehistoria,1
occurs,1
belts,1
bums,1
grouped,1
renew,1
discover,1
hornblende,1
fabrics,1
estilos,1
humboldt,1
trail,1
newnans,1
ferguson,1
learning,1
affairs,1
beloved,1
reverential,1
taste,1
chihuahua,1
slabs,1
palaeolithic,1
big,1
thing,1
josserand,1
parallelism,1
mixed,1
morgan,1
distinct,1
speculative,1
reconnaissance,1
silicified,1
transpacific,1
evident,1
trader,1
crosses,1
drunkenness,1
fundaburk,1
asterisk,1
kinds,1
causing,1
expertise,1
polly,1
thank,1
discs,1
materi,1
concert,1
newborn,1
forebears,1
barker,1
tamauli,1
min,1
facultad,1
diffusionism,1
radio,1
graphically,1
emphases,1
uncorrected,1
aries,1
honour,1
intervening,1
continuous,1
third,1
engineering,1
waterlogged,1
hicieron,1
canine,1
animal,1
feasts,1
conjure,1
fowler,1
networks,1
profit,1
competition,1
ologia,1
pital,1
drawn,1
gil,1
matagorda,1
ptatfatt,1
erie,1
diame,1
waterways,1
ecosystems,1
warlike,1
interchange,1
huy,1
deeply,1
unearth,1
divi,1
discovering,1
uncivilized,1
piedra,1
tajin,1
pronounced,1
smiling,1
generation,1
tained,1
construc,1
foreman,1
join,1
impressions,1
ton,1
cites,1
intruded,1
yulee,1
eric,1
mocama,1
contracting,1
let,1
mechanism,1
spotted,1
differ,1
geometry,1
newer,1
ued,1
greenstone,1
garth,1
drained,1
failed,1
ers,1
amazon,1
issues,1
kidney,1
conquerors,1
interlock,1
oeste,1
textual,1
sue,1
finalized,1
manipulated,1
leys,1
americans,1
neces,1
dealings,1
cially,1
bonne,1
ably,1
coats,1
personages,1
bridged,1
sug,1
cleared,1
fermenting,1
genera,1
oftantoyuca,1
tar,1
growth,1
sumptuary,1
wanting,1
seminomads,1
ceme,1
zola,1
presum,1
communicate,1
highlands,1
obtained,1
shy,1
influenced,1
ply,1
emetic,1
carefully,1
tunnell,1
subregional,1
basic,1
sissippian,1
influential,1
mous,1
appreciation,1
covarrubias,1
bsidian,1
fascinating,1
socioeconomica,1
remote,1
jimsonweed,1
circles,1
demonstration,1
players,1
cottonwhite,1
active,1
sarily,1
ofwilliam,1
dealt,1
risk,1
collec,1
heard,1
storms,1
mdot,1
eight,1
nental,1
inquiry,1
tical,1
amazonian,1
certain,1
leave,1
dancers,1
tidal,1
huge,1
tan,1
ripley,1
hugely,1
contributions,1
dialogue,1
references,1
columbian,1
analy,1
symbols,1
philadel,1
lacking,1
scales,1
cooking,1
concha,1
otte,1
summarized,1
arbor,1
adam,1
ves,1
cueva,1
radiating,1
servancy,1
caps,1
wilker,1
moves,1
discoverers,1
replete,1
mostrado,1
detective,1
plaza,1
archeologi,1
tooth,1
ferment,1
radin,1
ingested,1
tern,1
subareas,1
javier,1
expe,1
developments,1
muir,1
corona,1
tinued,1
tinctive,1
affect,1
stand,1
lin,1
rain,1
locally,1
ramp,1
consumed,1
contempora,1
plumed,1
discouraged,1
contactos,1
seas,1
rated,1
retained,1
spreading,1
languages,1
ortona,1
repeated,1
afar,1
evolved,1
linked,1
wealth,1
irv,1
diffusing,1
especialmente,1
represented,1
vidual,1
odyssey,1
imitation,1
contemporaries,1
behaving,1
god,1
add,1
shore,1
argued,1
poral,1
larga,1
gulfwhite,1
pebble,1
frag,1
delgado,1
mask,1
metals,1
influ,1
retrospective,1
borrowed,1
woodlands,1
jars,1
balls,1
ecuador,1
textile,1
lithic,1
powerful,1
biotic,1
campbell,1
frothy,1
flores,1
geo,1
isolation,1
followed,1
peninsula,1
reporting,1
definite,1
evaluation,1
ible,1
ful,1
ceremony,1
bedford,1
fogleman,1
emic,1
terminology,1
publish,1
pology,1
mix,1
hominy,1
permanent,1
spouted,1
moundswhite,1
canopied,1
wearing,1
dominant,1
photos,1
opinion,1
sher,1
decades,1
mer,1
phys,1
dynastic,1
lor,1
anthropologi,1
aransas,1
copano,1
artistic,1
unrecognized,1
union,1
whereas,1
estu,1
hungerford,1
sive,1
sophistica,1
came,1
dumps,1
geoffrey,1
guale,1
pho,1
basalt,1
path,1
ethnography,1
walk,1
arqueologicas,1
chris,1
avenue,1
personifying,1
harbor,1
carrying,1
nant,1
hands,1
search,1
discoidal,1
hav,1
access,1
neon,1
owned,1
andpaleontological,1
dunes,1
nutrients,1
recognize,1
changed,1
wtiite,1
her,1
ocean,1
reyman,1
infrequent,1
primacy,1
relate,1
toxic,1
depictions,1
timucua,1
nurturing,1
agatha,1
jeane,1
luxury,1
viking,1
francisco,1
ceram,1
cenotes,1
wayne,1
evidentes,1
ogy,1
schmiedlin,1
dig,1
cau,1
experts,1
representative,1
midway,1
evaluate,1
panther,1
traversed,1
kinship,1
particularly,1
cups,1
accompany,1
hammering,1
arc,1
elemental,1
morning,1
rent,1
uid,1
caves,1
crc,1
hacia,1
war,1
displayed,1
michigan,1
cremated,1
reviews,1
bountiful,1
broader,1
enaje,1
leonard,1
vidrine,1
levees,1
treat,1
duced,1
setzler,1
rosemary,1
domestication,1
alumna,1
piramidales,1
puente,1
gourdy,1
cannot,1
hendon,1
mesolithic,1
analogous,1
obra,1
exca,1
scale,1
stratified,1
lathrap,1
appearing,1
tiffany,1
vivid,1
amenable,1
however,1
probablemente,1
sport,1
hypothetical,1
yellowish,1
procedures,1
produce,1
ingest,1
intensely,1
perish,1
bartolo,1
required,1
witte,1
ces,1
rectilinear,1
mush,1
method,1
freidel,1
gods,1
shorelines,1
ideologi,1
sinkholes,1
bluffs,1
randy,1
ances,1
expressions,1
sparse,1
randolph,1
memory,1
receive,1
jim,1
chiapas,1
shape,1
scroll,1
bulldozed,1
christianity,1
tigations,1
rara,1
aging,1
eran,1
stood,1
gathering,1
interconnecting,1
seeking,1
cessors,1
learn,1
basis,1
episode,1
julia,1
degrees,1
conserva,1
kelly,1
rare,1
proofing,1
makers,1
literature,1
arqueologos,1
destinations,1
gatherers,1
dog,1
intense,1
scope,1
luer,1
mination,1
grif,1
rainy,1
southeastwhite,1
tool,1
blue,1
ademds,1
stiff,1
boca,1
locus,1
conse,1
pueblo,1
baker,1
considerations,1
heavily,1
attacked,1
occupants,1
velasquez,1
dominance,1
training,1
icana,1
prey,1
paleonto,1
cold,1
beverages,1
explain,1
nation,1
gadus,1
accretional,1
ashore,1
gender,1
northamerican,1
caught,1
criticized,1
paleoenvironments,1
quantifi,1
egalitarian,1
stein,1
desarrollo,1
depict,1
roll,1
sta,1
exploitation,1
consistently,1
guidry,1
intermediate,1
postulated,1
pyramid,1
partly,1
inspire,1
dragged,1
blade,1
enitza,1
significance,1
instruc,1
pan,1
speaking,1
datura,1
amazed,1
kurtis,1
turquoises,1
call,1
ethnohistoric,1
emma,1
occupied,1
wilkerson,1
reflect,1
lamar,1
riding,1
cans,1
frameworks,1
michelle,1
quences,1
pendant,1
ndmadas,1
resort,1
stanford,1
expand,1
contiguous,1
interpreted,1
guendling,1
class,1
inhibited,1
isabel,1
kay,1
thanks,1
weeks,1
hornbeck,1
laura,1
cults,1
origi,1
leslie,1
bodies,1
soup,1
agriculturally,1
mainte,1
grain,1
ciations,1
leadership,1
staple,1
engravings,1
discussing,1
excavated,1
magic,1
accused,1
yorkwhite,1
saline,1
lynne,1
indicator,1
fabio,1
level,1
working,1
intercontinental,1
carries,1
ination,1
confibra,1
deriving,1
questionable,1
savage,1
backpack,1
wildly,1
invite,1
pit,1
grass,1
presencia,1
balloons,1
fee,1
dresses,1
nial,1
dillehay,1
reaches,1
ative,1
event,1
profes,1
ww,1
spaulding,1
dried,1
prob,1
agement,1
mineral,1
fraught,1
hydra,1
astounding,1
issuing,1
garman,1
floating,1
fierce,1
migrating,1
nesia,1
zea,1
transfer,1
carl,1
invoke,1
mi,1
acelia,1
spills,1
corvallis,1
podal,1
climate,1
distinguished,1
tradewhite,1
entrada,1
cur,1
agriculturalists,1
lop,1
ander,1
inte,1
core,1
subsis,1
clever,1
vein,1
always,1
managed,1
descendants,1
ington,1
renewed,1
harvey,1
recientes,1
behavior,1
dependent,1
materializing,1
describes,1
coe,1
otros,1
ellen,1
mckinzie,1
environmentally,1
zelia,1
mouths,1
ignored,1
rn,1
searches,1
structuring,1
bever,1
pot,1
passive,1
tombigbee,1
inhabiting,1
directional,1
quitmyer,1
triangular,1
valuable,1
dou,1
manuel,1
geographical,1
subregions,1
content,1
twen,1
bee,1
hurricanes,1
symmet,1
cite,1
annuus,1
pearson,1
span,1
nassaney,1
endar,1
portion,1
uncommon,1
bedrock,1
confined,1
challenge,1
tipos,1
thatched,1
noteworthy,1
habitats,1
ranging,1
thest,1
indigenous,1
sociopo,1
impedian,1
renders,1
parece,1
mainlanders,1
positions,1
attempts,1
variety,1
pville,1
van,1
bautista,1
noble,1
emilio,1
vail,1
endlessly,1
orme,1
britain,1
indicative,1
giving,1
separation,1
ire,1
grifwhite,1
focal,1
synthesis,1
lavaca,1
revival,1
sylvanus,1
expansion,1
observations,1
cannibalism,1
planting,1
asked,1
peo,1
dling,1
minority,1
antiguo,1
return,1
benson,1
onward,1
released,1
acknowledged,1
keet,1
diagnostic,1
nearly,1
tabasco,1
dump,1
matrilineal,1
berms,1
ald,1
jewelry,1
equivalents,1
etc,1
intensively,1
speculate,1
elusive,1
estado,1
inantly,1
fusion,1
garden,1
bill,1
got,1
indicates,1
adze,1
landed,1
experiences,1
microwear,1
piled,1
sending,1
lemas,1
numer,1
chaeological,1
perennial,1
unfamiliar,1
parched,1
catahoula,1
sequencing,1
foldout,1
phelps,1
label,1
sturtevant,1
chenopods,1
eral,1
coahuilte,1
communications,1
ballcourts,1
nessee,1
tempranos,1
elapsed,1
wasteland,1
tur,1
punctuations,1
swept,1
elers,1
stretch,1
consuming,1
bet,1
marginal,1
heather,1
acknowledgments,1
meander,1
monolith,1
classicwhite,1
counterparts,1
tamara,1
caribs,1
sociocultural,1
columbus,1
metallurgical,1
elab,1
restricted,1
iounds,1
cliff,1
poly,1
jour,1
siemens,1
publicaciones,1
gold,1
taboo,1
favorable,1
mesoamericanas,1
specimens,1
chili,1
compiled,1
marshall,1
merchant,1
processing,1
turtles,1
encircled,1
ams,1
baxter,1
untraceable,1
scratched,1
lone,1
ilarly,1
raise,1
inherited,1
sabemos,1
arcs,1
barrel,1
dropped,1
rising,1
integrate,1
bousman,1
mississip,1
nosed,1
letin,1
infused,1
mod,1
jamaica,1
stevenson,1
hydrological,1
illustrated,1
containing,1
sherwood,1
celebrates,1
surveyors,1
inexplicably,1
nue,1
boaters,1
company,1
ethnographically,1
double,1
gente,1
lee,1
volume,1
froth,1
orderliness,1
oral,1
detectives,1
leader,1
gyre,1
woodlandwhite,1
lewis,1
antlered,1
alogist,1
sketchy,1
continents,1
neal,1
cahokian,1
waves,1
carolyn,1
upset,1
journey,1
stream,1
bring,1
pick,1
death,1
chichimecas,1
typol,1
bined,1
europe,1
unintentional,1
put,1
sour,1
nevada,1
contin,1
mckil,1
addition,1
tiny,1
rollins,1
conduct,1
summits,1
ecuadorian,1
dently,1
oiivella,1
herbert,1
attrib,1
wooden,1
bracelets,1
cultivated,1
lengthy,1
goddard,1
traceable,1
faster,1
twenty,1
filosofia,1
inves,1
tony,1
coincidence,1
praeger,1
fundamental,1
designing,1
scholars,1
riverine,1
temples,1
tuto,1
indies,1
walked,1
arque,1
materialist,1
frances,1
bit,1
hallu,1
rial,1
agree,1
doesn,1
wine,1
crop,1
shaf,1
choice,1
cheryl,1
rebuilding,1
warm,1
afuera,1
really,1
coupled,1
larger,1
macon,1
richer,1
climaxes,1
urines,1
largo,1
circling,1
amazonia,1
suggestive,1
rodney,1
doubt,1
interaccion,1
considerable,1
pennsylvania,1
rae,1
functionally,1
lasfuertes,1
cerca,1
enlarge,1
trips,1
nicotian,1
vt,1
zealand,1
empir,1
chiefdom,1
chicken,1
lido,1
monialism,1
otras,1
overlooked,1
tittering,1
multimound,1
arrow,1
waterborne,1
stockades,1
marginella,1
everyday,1
remarkable,1
accelerator,1
geomorphological,1
coahoma,1
meredith,1
rueck,1
questions,1
twine,1
secular,1
purposes,1
realms,1
existing,1
accepted,1
tinct,1
accidental,1
larities,1
nance,1
spielmann,1
horace,1
discounted,1
inhospitable,1
notch,1
borrowing,1
outs,1
necessary,1
patty,1
exotic,1
mundo,1
tacts,1
tography,1
foss,1
couple,1
evidamente,1
esther,1
filled,1
shafer,1
hurricane,1
radius,1
books,1
paleoethnobotanical,1
como,1
conferred,1
underwood,1
grave,1
ani,1
encountered,1
olmecs,1
phia,1
shells,1
potosino,1
southwesternmost,1
convenient,1
replaced,1
chickens,1
civilized,1
terparts,1
liveright,1
interpreting,1
antropologicas,1
meetings,1
kansas,1
becomes,1
hoerder,1
nonetheless,1
recognizing,1
analyzed,1
collier,1
understanding,1
greatest,1
collecting,1
architecturally,1
mcclurkan,1
associates,1
elevations,1
beatrizbraniff,1
composing,1
institute,1
vez,1
knew,1
minimizing,1
palm,1
nebulous,1
cas,1
ocafia,1
assis,1
lands,1
grossly,1
explanation,1
tin,1
eighteenth,1
air,1
demonstrating,1
helps,1
neatly,1
rem,1
trajectory,1
pop,1
offish,1
marginality,1
geor,1
transformed,1
passes,1
independent,1
campsite,1
tyler,1
relat,1
unpredictable,1
forested,1
manifestations,1
goes,1
argyrosperma,1
proyectoarqueologico,1
versa,1
debates,1
concern,1
conceived,1
lately,1
strait,1
empirical,1
berclair,1
matt,1
sonian,1
sturdy,1
mistake,1
prevailed,1
slump,1
dye,1
iso,1
nected,1
factor,1
variation,1
ideologia,1
plumes,1
maiz,1
resulting,1
comprehensively,1
quite,1
lifestyle,1
detalles,1
discontinuity,1
perishables,1
nothing,1
merit,1
michoacan,1
palo,1
frame,1
mold,1
raising,1
previous,1
listing,1
saa,1
terrebonne,1
theories,1
souvenirs,1
sculp,1
guson,1
fused,1
lado,1
cot,1
possibil,1
reservoirs,1
massive,1
ties,1
complemen,1
midteche,1
mayan,1
tication,1
compari,1
margaret,1
pierced,1
alden,1
authors,1
affiliations,1
honor,1
woodall,1
muypocos,1
obtaining,1
costumes,1
definitely,1
hubs,1
chocolate,1
ilar,1
nications,1
folks,1
faces,1
clusters,1
irvy,1
worn,1
jy,1
try,1
muskhogeans,1
held,1
honduran,1
burdening,1
tubes,1
someone,1
started,1
reviewers,1
ceedings,1
kampsville,1
psychochemical,1
oration,1
hammer,1
anath,1
planners,1
littoral,1
germanic,1
sofkee,1
sierra,1
sands,1
gation,1
unsettled,1
kept,1
probable,1
bahamas,1
running,1
radii,1
normally,1
standard,1
consideration,1
segment,1
gardening,1
latter,1
reuse,1
foreshadow,1
graphical,1
minnis,1
consist,1
miami,1
glaring,1
comunes,1
agri,1
aquatic,1
favored,1
sandy,1
cup,1
discarded,1
pearl,1
lilly,1
sionals,1
internal,1
inequal,1
merstedt,1
toledo,1
stuff,1
parallel,1
envision,1
occupa,1
generic,1
viewpoint,1
craft,1
reg,1
relation,1
narrow,1
tiers,1
tree,1
assessing,1
plans,1
respectively,1
tactics,1
preston,1
jalva,1
prede,1
reli,1
gullies,1
obscure,1
seattle,1
plate,1
diffusionist,1
likelihood,1
diamond,1
interacciones,1
wills,1
bebidas,1
concluding,1
perishability,1
dations,1
predom,1
devel,1
graves,1
gummerman,1
pathway,1
socially,1
ate,1
opor,1
locales,1
adaptations,1
copyright,1
robbins,1
wells,1
corners,1
neg,1
destruction,1
shirley,1
wildlife,1
payment,1
professional,1
tarian,1
outright,1
andreas,1
contacting,1
raffman,1
batista,1
cuenca,1
immigration,1
adzes,1
ber,1
examines,1
conquest,1
pero,1
separate,1
calvin,1
posibles,1
seden,1
limiting,1
genesis,1
fluid,1
dealing,1
european,1
wyatt,1
cougar,1
depth,1
mangrove,1
september,1
prehistorico,1
suggestion,1
kaplan,1
dunedin,1
penguin,1
bul,1
para,1
neth,1
chon,1
characteristics,1
scapes,1
absorbing,1
hes,1
pres,1
gena,1
invis,1
austinwhite,1
lizbeth,1
inhabitants,1
unremarkable,1
deliber,1
chan,1
washed,1
linda,1
five,1
anos,1
prehistorica,1
technol,1
public,1
impressive,1
aboriginals,1
selections,1
politically,1
sol,1
tay,1
suspected,1
superimposed,1
reasonable,1
begin,1
commodi,1
fixing,1
recognizes,1
winslow,1
carbondalewhite,1
secure,1
institutions,1
ship,1
dimensions,1
lost,1
tick,1
un,1
prowess,1
deposit,1
rim,1
establish,1
leveled,1
divergences,1
morehouse,1
fieldwork,1
lawrence,1
katherine,1
grinding,1
lightning,1
face,1
students,1
irri,1
remaining,1
goliad,1
periodo,1
rapidly,1
lapidary,1
deals,1
voyaging,1
dynamism,1
ferent,1
rot,1
gallery,1
teville,1
es,1
unsupported,1
inspired,1
christie,1
hi,1
fall,1
fostered,1
expla,1
hope,1
noetia,1
finney,1
defor,1
surprising,1
antiquities,1
aguamiel,1
elderly,1
table,1
interpretive,1
holmes,1
hibited,1
coordination,1
extremely,1
estimated,1
caiman,1
instances,1
laproduccion,1
itself,1
blinded,1
reputation,1
stew,1
ufacture,1
joseph,1
facilitated,1
navigator,1
fundaciones,1
definitive,1
appreciate,1
brackenridge,1
somewhere,1
converged,1
behave,1
entertain,1
publications,1
claims,1
burned,1
dance,1
freshwater,1
rarity,1
est,1
mccane,1
encompasses,1
utable,1
undertook,1
thunder,1
ished,1
baseline,1
exchanged,1
suggestions,1
ash,1
variable,1
sexes,1
monument,1
thinking,1
jectories,1
resisting,1
judgments,1
practice,1
growing,1
wheeled,1
dispersed,1
melanesia,1
seafarers,1
naples,1
panica,1
ethnological,1
ability,1
aboriginally,1
ohmstede,1
ortroyville,1
throw,1
intrusions,1
pew,1
ronment,1
demonstrate,1
aerial,1
nonagricultural,1
ulations,1
dirk,1
ever,1
imbibing,1
flora,1
hypothesized,1
sam,1
kris,1
log,1
extension,1
theme,1
marcel,1
provinces,1
causeway,1
badly,1
thesewhite,1
pollyanna,1
friends,1
horti,1
temporal,1
ignore,1
quotes,1
supports,1
supported,1
borrow,1
raffles,1
shrimp,1
cracked,1
sherds,1
unique,1
jensen,1
symbol,1
meat,1
dants,1
organizational,1
offers,1
edness,1
simi,1
estas,1
wider,1
minology,1
pian,1
colorado,1
utili,1
swan,1
modeling,1
sibly,1
knives,1
shamans,1
quickly,1
acquired,1
geography,1
christy,1
ibly,1
mass,1
tribute,1
marina,1
intellectual,1
proof,1
control,1
comopipas,1
conver,1
wetlands,1
ronmental,1
claiborne,1
country,1
vallebueno,1
juice,1
graduate,1
ration,1
mal,1
inno,1
tomb,1
sheep,1
ancestor,1
beaded,1
specialized,1
organized,1
novel,1
folk,1
extraction,1
incred,1
continu,1
raid,1
seafloor,1
exploration,1
nets,1
capital,1
trav,1
pin,1
ortwin,1
appalachians,1
manipulations,1
teleological,1
argue,1
southernmost,1
wall,1
thy,1
bamburg,1
protect,1
ation,1
itive,1
seminoles,1
pad,1
post,1
ceramicas,1
geographywhite,1
widespread,1
grant,1
newman,1
collectors,1
garfish,1
collins,1
obviously,1
guy,1
fleet,1
atively,1
killing,1
researches,1
taube,1
foreword,1
agricultura,1
vaillant,1
visits,1
jennifer,1
relative,1
formas,1
identities,1
going,1
quetzalcoatl,1
ocmulgee,1
cular,1
utilized,1
northerly,1
archeo,1
margenes,1
cialists,1
works,1
february,1
mcgee,1
hugh,1
advances,1
merely,1
discutido,1
dades,1
sis,1
days,1
ballgame,1
cise,1
talizing,1
beginning,1
itated,1
fayet,1
rieff,1
webs,1
thanked,1
lindsay,1
unlikely,1
explanations,1
anymore,1
answered,1
notable,1
classifica,1
tying,1
formwhite,1
poses,1
tle,1
implicit,1
jaketown,1
phyllis,1
list,1
una,1
ones,1
firsthand,1
degenerate,1
sociology,1
lopinot,1
mony,1
sal,1
peninsulas,1
difrusionary,1
proven,1
remoteness,1
scant,1
hills,1
passed,1
mere,1
beaches,1
buik,1
sounds,1
theory,1
merle,1
ripe,1
temporally,1
knapping,1
leaving,1
stepped,1
cusick,1
walthall,1
sequent,1
fully,1
utilitarian,1
linger,1
molecular,1
scheduling,1
fedick,1
mentioned,1
karla,1
algodon,1
weedy,1
prismatic,1
fore,1
require,1
divide,1
explored,1
medial,1
lesure,1
orientations,1
oo,1
balance,1
ori,1
rier,1
don,1
agreed,1
adornments,1
deconstructing,1
placement,1
nordeste,1
incorporated,1
tongues,1
urban,1
elton,1
infant,1
universe,1
whitford,1
popular,1
spaces,1
munications,1
radically,1
grammar,1
sarasota,1
lay,1
llamado,1
terneny,1
compar,1
incising,1
alterations,1
ofel,1
trees,1
unilinear,1
circumstances,1
preserved,1
potters,1
awkwardly,1
quadrangle,1
litical,1
mugger,1
rience,1
ax,1
cl,1
erally,1
tribuciones,1
muriel,1
sharer,1
regurgitation,1
introduced,1
beach,1
elaine,1
hubo,1
tuamotu,1
docu,1
uity,1
variability,1
puerto,1
happy,1
predecessors,1
mutualism,1
disciplines,1
returning,1
permutations,1
seeps,1
levinson,1
casual,1
sutton,1
everywhere,1
therefore,1
plaquemine,1
sion,1
oil,1
substance,1
vast,1
spinden,1
tracing,1
bloomfield,1
squarish,1
results,1
sulli,1
spanned,1
treasury,1
anony,1
qualitative,1
untamed,1
symbiosis,1
migrations,1
pol,1
sabloff,1
eroding,1
oceanic,1
acquir,1
comprised,1
calibrated,1
fans,1
belize,1
gar,1
liest,1
prepared,1
bio,1
propose,1
named,1
seek,1
angelina,1
sparser,1
nonsymmetrical,1
coles,1
algunos,1
dint,1
bolism,1
demarcation,1
polynesia,1
staffs,1
pipas,1
jemez,1
invasion,1
background,1
difference,1
complejo,1
ence,1
generate,1
neers,1
microorganisms,1
zones,1
sufficed,1
composed,1
donald,1
charts,1
kingdom,1
equivalent,1
datingwhite,1
hedgepeth,1
sud,1
donna,1
write,1
fluctuation,1
rockshelter,1
finally,1
iconic,1
prepa,1
accept,1
gists,1
surpris,1
iden,1
gayle,1
emer,1
schortman,1
nahuatl,1
agustin,1
fauna,1
alluvial,1
sional,1
consumption,1
hunter,1
canadian,1
unmistakable,1
espe,1
specialists,1
curi,1
manufacture,1
developmental,1
opinions,1
grenada,1
build,1
cation,1
integration,1
dinamica,1
regular,1
terning,1
variously,1
effects,1
butions,1
playing,1
ralph,1
colo,1
fix,1
snapped,1
ond,1
johannes,1
cordell,1
willoughby,1
foraging,1
classification,1
sides,1
contri,1
ruth,1
arctic,1
headman,1
retouch,1
parecidos,1
hydraulics,1
searching,1
infor,1
tip,1
papaya,1
neously,1
hom,1
preserves,1
seventeenth,1
colonizers,1
serpents,1
mason,1
elites,1
justify,1
ham,1
vary,1
temperatures,1
sits,1
monial,1
pineapple,1
super,1
lorena,1
jason,1
glyph,1
damp,1
views,1
manioc,1
plexity,1
absences,1
team,1
corn,1
desierto,1
images,1
cos,1
avoid,1
defin,1
karankawan,1
underwa,1
observed,1
beings,1
arnold,1
eties,1
successive,1
lushly,1
petroleum,1
swastikas,1
geoarchaeology,1
devastated,1
eages,1
tabooed,1
termed,1
tenuous,1
reappearing,1
texasarchaeologicalasso,1
wilk,1
stoltman,1
popula,1
bartholomew,1
row,1
deeper,1
emerged,1
parison,1
seawater,1
continuously,1
els,1
