WORDCOUNTS,WEIGHT
the,282
of,262
in,117
and,114
a,85
was,73
glaze,65
to,61
level,44
sherds,39
from,36
were,36
this,34
is,30
as,29
are,29
on,29
by,28
zia,28
with,27
for,24
be,24
that,23
santa,23
one,20
but,20
section,19
fe,18
zone,17
present,17
all,16
pueblo,16
no,15
pit,15
material,15
which,15
at,14
or,14
decorated,14
levels,13
ash,13
found,13
e,12
there,12
sherd,12
century,12
dump,11
period,11
old,11
polychrome,10
ware,10
these,10
being,10
m,10
through,10
small,10
been,9
puname,9
layer,9
top,9
trade,9
up,9
showed,9
may,8
site,8
it,8
their,8
rim,8
into,8
mesa,8
each,8
could,8
occupation,8
some,8
data,8
except,8
layers,8
area,8
b,7
not,7
first,7
strata,7
surface,7
more,7
had,7
contained,7
has,7
other,7
glazes,7
new,7
late,7
probably,7
have,7
fourteenth,7
an,7
soil,7
between,7
biscuit,7
f,6
sterile,6
seventeenth,6
two,6
few,6
down,6
time,6
out,6
percentages,6
type,6
east,6
basis,6
made,6
most,6
bottom,6
jemez,6
excavations,6
below,6
removed,6
deposits,6
occupied,6
than,6
second,5
later,5
red,5
still,5
above,5
test,5
about,5
history,5
total,5
four,5
wares,5
only,5
also,5
cm,5
temper,5
vol,5
part,5
proportions,5
during,5
counts,5
c,5
among,5
we,5
i,4
corrals,4
trench,4
mexico,4
university,4
excavation,4
dated,4
same,4
showing,4
long,4
dug,4
fact,4
higher,4
totals,4
any,4
american,4
ad,4
where,4
road,4
florence,4
contents,4
near,4
number,4
because,4
early,4
people,4
throughout,4
dating,4
refuse,4
large,4
earlier,4
presence,4
when,4
deposition,4
even,4
pottery,4
carried,3
ana,3
common,3
if,3
stratigraphy,3
pile,3
grande,3
indicates,3
proportion,3
after,3
trash,3
village,3
pp,3
analysis,3
composed,3
types,3
permission,3
represents,3
largely,3
expectable,3
thick,3
deposited,3
before,3
hawley,3
result,3
must,3
piles,3
taos,3
slope,3
here,3
might,3
rims,3
areas,3
half,3
viii,3
preponderant,3
almost,3
date,3
equal,3
rose,3
case,3
side,3
lenses,3
series,3
deep,3
punamesh,3
upper,3
work,3
middle,3
upon,3
sides,3
point,3
deposit,3
representing,3
its,3
wiyo,3
older,3
rio,3
variant,3
used,3
three,3
mixed,3
ellis,3
lowest,3
expected,3
next,3
excavated,3
black,3
glazeware,3
clay,3
preponderance,3
six,3
mixing,3
always,3
dark,3
pieces,3
those,3
ground,3
north,3
classified,3
though,3
periods,2
portion,2
recognized,2
aid,2
today,2
matter,2
horizontal,2
way,2
indicated,2
washed,2
culinary,2
absent,2
checks,2
short,2
located,2
designated,2
square,2
account,2
etc,2
runny,2
seen,2
make,2
importance,2
certain,2
settled,2
hillock,2
brody,2
whole,2
dead,2
interpretation,2
figured,2
considered,2
trenching,2
sections,2
laid,2
just,2
gradually,2
house,2
sloping,2
plaster,2
paint,2
pueblos,2
according,2
complexes,2
lower,2
across,2
every,2
shrine,2
erosion,2
taken,2
others,2
cut,2
natural,2
specimens,2
j,2
puebla,2
containing,2
dumps,2
location,2
refugee,2
indicate,2
color,2
together,2
nambe,2
wall,2
meter,2
further,2
equally,2
johns,2
volcanic,2
acoma,2
produced,2
perhaps,2
wide,2
prayer,2
studied,2
information,2
crushed,2
marked,2
rare,2
contain,2
st,2
both,2
break,2
obvious,2
claim,2
west,2
ancestral,2
city,2
increase,2
ashes,2
use,2
tewa,2
sand,2
our,2
check,2
per,2
until,2
stratification,2
such,2
low,2
archaeologic,2
running,2
salt,2
d,2
would,2
things,2
tribal,2
high,2
antiquity,2
latter,2
spanish,2
amount,2
although,2
lake,2
relation,2
preponderantly,2
can,2
including,2
recent,2
zones,2
kidder,2
cross,2
successive,2
using,1
dip,1
ranging,1
difficult,1
suggest,1
refused,1
yields,1
now,1
periodic,1
distanices,1
he,1
decoration,1
unclassifiable,1
sloped,1
whose,1
child,1
ceremonial,1
opportunist,1
fathers,1
note,1
limits,1
bright,1
without,1
supernatural,1
fairly,1
undoubtedly,1
identified,1
usually,1
growth,1
five,1
foreign,1
screened,1
main,1
developed,1
adds,1
practical,1
testing,1
tempted,1
hill,1
fractions,1
represent,1
interviews,1
oversee,1
inside,1
shrines,1
lines,1
exaggeraited,1
robert,1
drops,1
determine,1
presentation,1
bulletin,1
who,1
lost,1
alone,1
pointed,1
vs,1
differentiating,1
tossed,1
drifting,1
rimless,1
mile,1
overlap,1
former,1
expect,1
they,1
similar,1
shovel,1
lamented,1
group,1
becoming,1
derived,1
conducted,1
direct,1
coverage,1
deepest,1
andover,1
tion,1
life,1
special,1
study,1
creek,1
offerings,1
properly,1
percentage,1
scarcity,1
summarized,1
united,1
archaeoethnologic,1
animals,1
itself,1
potsherds,1
equaled,1
supposed,1
fade,1
edited,1
museum,1
centuries,1
plaza,1
wallace,1
downward,1
consistently,1
studies,1
sure,1
mounds,1
emil,1
variations,1
pdeblo,1
investigate,1
redeposited,1
slip,1
tribe,1
under,1
biology,1
spirit,1
fifth,1
recognizably,1
objects,1
publications,1
ranchers,1
western,1
substantiates,1
established,1
necessarily,1
stratigraphic,1
curious,1
latest,1
finding,1
then,1
diagrammatic,1
clearly,1
liberal,1
shifting,1
numbers,1
hillocks,1
dittert,1
clara,1
incised,1
given,1
desecrated,1
w,1
ambrosio,1
edge,1
department,1
cutting,1
reports,1
noted,1
said,1
consistent,1
continues,1
archaeologists,1
stars,1
officer,1
corroborative,1
permit,1
specific,1
hence,1
hopi,1
funerary,1
clemente,1
coggiola,1
s,1
peabody,1
production,1
ii,1
oldest,1
sometimes,1
know,1
acquired,1
toward,1
again,1
ran,1
sifting,1
over,1
appear,1
highest,1
put,1
ofellis,1
l,1
disappeared,1
albuquerque,1
bearing,1
added,1
cent,1
experimentation,1
authority,1
my,1
worth,1
prehistoric,1
shows,1
faster,1
ceramic,1
idea,1
height,1
head,1
did,1
reputed,1
leading,1
broken,1
fleeing,1
daily,1
protector,1
difficulty,1
predominant,1
great,1
impractical,1
abstract,1
access,1
differences,1
origin,1
foundation,1
spaniards,1
angeles,1
zias,1
accompanied,1
inquisitive,1
presumably,1
government,1
miscount,1
obviously,1
farther,1
surfaces,1
john,1
onto,1
very,1
thrlough,1
characterizing,1
arthur,1
contemporary,1
monograph,1
survey,1
take,1
historical,1
differed,1
considerable,1
fashion,1
jumped,1
burying,1
base,1
iv,1
picuris,1
living,1
absolutely,1
chetro,1
consist,1
usual,1
stand,1
precisely,1
pure,1
do,1
remainder,1
v,1
neighboring,1
criteria,1
traced,1
pointing,1
opposite,1
cultural,1
covered,1
ruined,1
buried,1
somewhat,1
what,1
surveys,1
superimposed,1
burial,1
papers,1
them,1
appears,1
sticks,1
less,1
system,1
interview,1
making,1
rebellion,1
council,1
varying,1
nativistic,1
afterworld,1
scale,1
maximum,1
otherwise,1
placed,1
ignorance,1
conclusion,1
san,1
outlined,1
plain,1
problem,1
commercial,1
woodward,1
haury,1
prehistory,1
gained,1
occasions,1
possibility,1
primarily,1
encountered,1
extremities,1
cleared,1
outlines,1
identifiable,1
overlapping,1
manure,1
torn,1
changing,1
well,1
remained,1
sites,1
remove,1
design,1
directly,1
none,1
original,1
keresan,1
too,1
micaceous,1
majolica,1
sixteenth,1
extended,1
size,1
divided,1
father,1
popular,1
permitted,1
archaeologist,1
fio,1
plaque,1
outline,1
closer,1
los,1
eighteenth,1
possible,1
women,1
slightly,1
unless,1
pits,1
county,1
say,1
supervision,1
uncover,1
thickness,1
slopes,1
appreciable,1
sixth,1
chart,1
press,1
became,1
markedly,1
reconstruction,1
equaling,1
carbonic,1
opportunity,1
expand,1
insuring,1
transition,1
bowl,1
drop,1
northern,1
entirely,1
territory,1
significant,1
knock,1
sifted,1
sink,1
dropped,1
possessions,1
accretion,1
collection,1
copper,1
wingate,1
arizona,1
controlled,1
accidental,1
resulting,1
thin,1
hilltop,1
numbered,1
actual,1
chaco,1
prepared,1
supplement,1
apparently,1
halfway,1
observed,1
employed,1
obviates,1
survival,1
keti,1
vii,1
immediate,1
observable,1
open,1
significance,1
contemporaneous,1
hillside,1
since,1
placing,1
objective,1
against,1
archaeological,1
twentieth,1
count,1
t,1
spot,1
washing,1
garb,1
finally,1
definitely,1
preceded,1
amounts,1
wish,1
relatively,1
published,1
outexcellent,1
ear,1
offer,1
approximately,1
times,1
delicacy,1
land,1
presented,1
building,1
length,1
spread,1
discover,1
green,1
tom,1
cundiyo,1
goggin,1
states,1
cache,1
piece,1
summarizing,1
standpoint,1
reaches,1
quite,1
anthropologic,1
excavating,1
involved,1
increased,1
classification,1
diagrwn,1
roughly,1
intervals,1
summary,1
enclosed,1
discarded,1
pearl,1
scattering,1
parallel,1
computed,1
houses,1
young,1
become,1
painted,1
smooth,1
ancestors,1
greatly,1
characterized,1
left,1
dick,1
continuous,1
differing,1
th,1
dedicated,1
visible,1
views,1
drawn,1
corral,1
uniform,1
valley,1
white,1
little,1
sectioned,1
nonglaze,1
tucson,1
potsherd,1
much,1
immediately,1
picked,1
notes,1
livestock,1
remedied,1
middens,1
quarter,1
provided,1
asked,1
indicating,1
moved,1
dust,1
rest,1
close,1
customs,1
paste,1
major,1
paralleling,1
unidentifiable,1
deeper,1
separate,1
walls,1
