WORDCOUNTS,WEIGHT
the,763
of,680
and,596
in,455
to,235
a,232
that,187
by,134
as,105
were,95
for,84
have,81
is,80
political,75
or,73
at,68
with,66
these,65
strategies,65
we,62
pueblo,60
prehistoric,58
was,57
m,57
sites,57
american,56
pithouse,56
social,54
new,53
edited,51
corporate,50
this,50
are,49
more,49
not,49
pp,48
southwest,48
on,46
j,45
from,45
it,44
may,44
storage,43
organization,43
puebloan,41
an,40
no,39
their,39
r,39
some,38
hierarchical,38
villages,37
been,37
structures,35
be,35
they,34
early,34
large,33
g,33
other,32
our,31
university,30
ritual,29
southwestern,29
hierarchies,29
communal,29
d,28
organizational,28
s,27
residential,27
which,27
antiquity,27
e,26
ad,26
than,26
also,26
pueblos,25
agricultural,25
village,24
societies,23
network,23
sociopolitical,23
paper,23
although,23
between,23
w,22
wealth,22
groups,21
structure,21
formations,21
power,21
desert,21
individual,21
anthropological,21
archaeology,21
pit,21
journal,20
leadership,20
late,20
economic,20
one,19
de,19
characterized,19
mexico,19
arizona,19
sequential,18
houses,18
space,18
architecture,18
larger,18
archaeological,18
transition,18
h,17
lightfoot,17
west,17
santa,17
tucson,17
egalitarian,17
research,17
ceremonial,17
k,17
al,17
many,17
wills,17
c,17
york,16
l,16
house,16
most,16
public,16
et,16
activities,16
community,16
communities,16
b,16
but,16
two,16
organizations,16
use,16
through,16
has,15
feinman,15
study,15
because,15
during,15
historic,15
where,15
associated,15
both,15
evidence,15
archaic,15
those,14
continuum,14
such,14
important,14
greater,14
had,14
p,14
settlement,14
action,14
variation,14
years,14
range,14
food,14
would,14
systems,14
interpretations,14
probably,14
complexity,14
leaders,14
archaeologists,13
there,13
less,13
hierarchy,13
appears,13
facilities,13
about,13
largest,13
model,13
period,13
features,13
who,13
pithouses,13
specific,13
traditional,13
hopi,12
t,12
differences,12
development,12
population,12
found,12
positions,12
small,12
time,12
region,12
architectural,12
segments,12
when,12
size,12
models,12
settlements,11
state,11
labor,11
even,11
evolution,11
consider,11
could,11
well,11
su,11
people,11
employed,11
change,11
units,11
comparative,11
only,11
mogollon,11
cruz,11
different,11
differentiation,11
debate,11
all,10
across,10
subsistence,10
certain,10
ppt,10
access,10
los,10
saitta,10
society,10
identified,10
cambridge,10
individuals,10
spaces,10
shift,10
among,10
major,10
strategy,9
nature,9
centralized,9
emphasized,9
marked,9
very,9
resources,9
his,9
notion,9
earlier,9
plog,9
prehistory,9
perspective,9
appear,9
cultural,9
aspects,9
place,9
areas,9
diverse,9
windes,9
original,9
theoretical,9
least,9
often,9
colorado,9
over,9
johnson,9
kivas,9
chicago,9
much,9
recent,9
buildings,8
complex,8
maize,8
production,8
household,8
review,8
crooked,8
western,8
shared,8
part,8
middle,8
few,8
generally,8
others,8
fundamental,8
forms,8
patterns,8
significant,8
ceremonies,8
households,8
after,8
internal,8
can,8
la,8
any,8
integrative,8
control,8
did,8
emergence,8
domestic,8
goods,8
las,8
evident,8
while,8
emphasis,8
families,8
turkey,8
integration,8
recognized,8
broader,8
later,7
represent,7
group,7
residences,7
necessarily,7
into,7
el,7
characterize,7
rooms,7
surplus,7
dynamics,7
since,7
relatively,7
general,7
site,7
rather,7
means,7
changes,7
beyond,7
cordell,7
ancient,7
ostentatious,7
occupation,7
northern,7
kiva,7
first,7
wilshusen,7
tended,7
world,7
he,7
southern,7
same,7
without,7
see,7
anasazi,7
times,7
decision,7
increasing,7
analysis,7
existed,7
floor,7
believe,7
clan,7
spatial,7
making,7
seasonal,7
formation,7
smaller,7
little,7
now,6
center,6
stone,6
extramural,6
diversity,6
societal,6
accumulation,6
great,6
sacred,6
occasional,6
agriculture,6
possible,6
sedentary,6
excavations,6
ridge,6
basic,6
albuquerque,6
view,6
academic,6
dwellers,6
residents,6
either,6
field,6
several,6
annual,6
knowledge,6
grande,6
indicates,6
us,6
semisubterranean,6
noted,6
present,6
number,6
discussion,6
rio,6
bear,6
ideas,6
considerable,6
pattern,6
individualized,6
distinction,6
exchange,6
especially,6
perspectives,6
upham,6
dimension,6
tendencies,6
descriptions,6
subterranean,6
distribution,6
practices,6
representation,6
argues,6
defined,6
remains,6
huckell,6
north,6
boulder,5
jb,5
implications,5
archer,5
investigations,5
nomadic,5
westview,5
controlled,5
canyon,5
central,5
thus,5
que,5
spielmann,5
crow,5
en,5
importance,5
consensual,5
established,5
argued,5
resource,5
surface,5
dc,5
effort,5
initial,5
viewed,5
dwelling,5
winter,5
personal,5
status,5
own,5
approach,5
tempe,5
nine,5
around,5
multiple,5
provided,5
service,5
limited,5
yet,5
elaboration,5
ethnographic,5
ed,5
increasingly,5
consideration,5
outside,5
took,5
clusters,5
square,5
degree,5
understanding,5
elite,5
office,5
modem,5
recognize,5
five,5
began,5
class,5
duncan,5
changing,5
constructed,5
alternative,5
school,5
specialized,5
seem,5
build,5
living,5
what,5
theory,5
prestige,5
local,5
pits,5
role,5
zuni,5
involving,5
sharing,5
does,4
foraging,4
utility,4
kinds,4
authority,4
modern,4
former,4
brandt,4
position,4
character,4
occurred,4
long,4
concentrated,4
advanced,4
principles,4
room,4
subsequent,4
iv,4
point,4
along,4
human,4
regarding,4
chaco,4
concentrations,4
application,4
nor,4
canal,4
served,4
cists,4
similar,4
developments,4
n,4
origins,4
suggested,4
irrigation,4
result,4
institute,4
record,4
directly,4
teotihuacan,4
jewett,4
issues,4
broad,4
rituals,4
interpreted,4
nantack,4
regions,4
involved,4
smithsonian,4
highly,4
f,4
san,4
equality,4
absence,4
variability,4
populations,4
classic,4
religious,4
single,4
simultaneous,4
interpretation,4
restricted,4
culture,4
regional,4
considers,4
members,4
toward,4
demographic,4
farming,4
bluff,4
nuclear,4
do,4
v,4
polities,4
another,4
aggregation,4
situated,4
examples,4
considering,4
increase,4
varying,4
processes,4
exhibited,4
previous,4
dating,4
stress,4
so,4
agriculturalists,4
methods,4
blanton,4
construction,4
occupied,4
institution,4
depth,4
dimensions,4
un,4
seen,4
bins,4
indicate,4
volumes,4
life,4
composed,4
then,4
circumstances,4
simply,4
gumerman,4
set,4
anthropology,4
schiffer,4
distinctions,4
argue,4
particularly,4
adler,4
whiteley,4
form,4
universe,4
socioeconomic,4
wild,4
camps,4
integrated,4
land,4
lipe,4
area,4
themselves,4
substantial,4
focus,4
building,4
if,3
environmental,3
findings,3
adoption,3
distributed,3
mobility,3
old,3
formed,3
history,3
ofanthropology,3
bend,3
explaining,3
layout,3
together,3
renfrew,3
integrate,3
last,3
houghton,3
chiefdoms,3
raised,3
within,3
context,3
system,3
key,3
primary,3
discuss,3
trade,3
prior,3
apart,3
disparities,3
establishment,3
himself,3
economies,3
mesoamerican,3
mealing,3
egalitarianism,3
differential,3
mabry,3
relations,3
expected,3
given,3
fried,3
places,3
displays,3
casas,3
lineage,3
applying,3
truly,3
overarching,3
y,3
influence,3
foot,3
simultaneously,3
landscape,3
process,3
una,3
represented,3
excavators,3
burials,3
experimenting,3
possibly,3
fish,3
clearly,3
four,3
uniformly,3
plenum,3
helped,3
constructive,3
closely,3
based,3
appearance,3
basin,3
hands,3
out,3
term,3
circular,3
burial,3
scale,3
contiguous,3
required,3
conceptos,3
wide,3
near,3
possibility,3
having,3
data,3
concept,3
significantly,3
ethnographies,3
used,3
dozier,3
lifeways,3
paperno,3
excavated,3
sense,3
speth,3
fostered,3
aggrandizement,3
suggest,3
villagers,3
contrast,3
family,3
presence,3
core,3
dampened,3
foragers,3
mesa,3
overall,3
techniques,3
plans,3
still,3
expanded,3
comments,3
arrangements,3
included,3
shifting,3
useful,3
science,3
ceramic,3
occupations,3
compound,3
distributions,3
chiefdom,3
anthropologist,3
relevant,3
style,3
explicitly,3
mcguire,3
interpreting,3
analyzed,3
rinaldo,3
mortuary,3
expand,3
lindeman,3
entirely,3
largely,3
products,3
questions,3
full,3
i,3
emphasizing,3
neoevolutionary,3
like,3
spread,3
mask,3
why,3
random,3
elaborate,3
pottery,3
propose,3
she,3
continued,3
sometimes,3
recognizes,3
widespread,3
primarily,3
parsons,3
transformation,3
fe,3
environment,3
contained,3
growing,3
series,3
exemplified,3
economically,3
each,3
finance,3
organized,3
connection,3
variable,3
ideological,3
plateaus,3
privileged,3
far,3
examining,3
differed,3
distinctive,3
past,3
ancestors,3
economy,3
them,3
axis,3
tightly,3
her,3
suggests,3
contain,3
monitored,3
gatherings,3
apt,3
uniform,3
became,3
investment,3
arguments,3
kohler,3
spring,3
unable,3
lands,3
az,3
illinois,3
stratification,3
states,3
association,3
increased,3
observation,3
potential,3
elites,3
ofanthropological,3
views,3
occur,3
royal,3
strong,3
ca,3
woven,2
juan,2
residing,2
margins,2
o,2
brumfiel,2
farwell,2
flow,2
way,2
stuart,2
created,2
episodes,2
resulted,2
introduction,2
expect,2
needed,2
mesoamerica,2
putative,2
enhance,2
ways,2
studies,2
arguing,2
variety,2
titiev,2
mimbres,2
contexts,2
themes,2
eggan,2
consistent,2
member,2
upland,2
unearthed,2
modest,2
expands,2
dolores,2
neolithic,2
historicos,2
originally,2
taken,2
diego,2
might,2
kent,2
steadman,2
seems,2
continue,2
crops,2
twenty,2
broadly,2
inarchaeological,2
warm,2
thank,2
analyses,2
able,2
resulting,2
take,2
nonverbal,2
remainder,2
concepts,2
discipline,2
reading,2
british,2
dearth,2
suspect,2
botanical,2
iii,2
eastern,2
heterarchy,2
fieldarchaeology,2
america,2
reanalysis,2
design,2
account,2
occupying,2
outlying,2
apply,2
orthogonal,2
measurement,2
tied,2
behavior,2
usage,2
multilevel,2
ladd,2
dependence,2
relationships,2
reject,2
contemporaneous,2
rooftop,2
ireland,2
characteristic,2
gilman,2
price,2
rooted,2
kind,2
mundi,2
turn,2
rank,2
cases,2
mixed,2
distinct,2
items,2
clark,2
concerning,2
convincing,2
highest,2
entailed,2
communication,2
once,2
decisionmaking,2
sociopolitics,2
americans,2
revisit,2
whose,2
essential,2
identification,2
camp,2
highlands,2
how,2
museum,2
centralization,2
configurations,2
scales,2
summarized,2
productive,2
arid,2
monumental,2
suroeste,2
placed,2
frequently,2
too,2
presumed,2
show,2
indications,2
notions,2
utah,2
antecedents,2
uncritically,2
categorical,2
estos,2
experimentation,2
gregory,2
location,2
here,2
sd,2
events,2
relate,2
ago,2
left,2
equal,2
focused,2
leonard,2
produced,2
unpacking,2
applied,2
explain,2
blake,2
multipurpose,2
presented,2
participation,2
basis,2
degrees,2
line,2
seminal,2
work,2
bc,2
del,2
theanalysis,2
modular,2
london,2
multilayered,2
example,2
related,2
its,2
whole,2
discussions,2
inherited,2
partly,2
collective,2
cuales,2
swartz,2
fieldwork,2
preparation,2
artifact,2
conform,2
manifestation,2
shortcomings,2
staple,2
below,2
next,2
councils,2
unidos,2
emphasizes,2
feasts,2
concerns,2
essentially,2
codes,2
kosse,2
spence,2
always,2
describes,2
distinguishing,2
notes,2
appropriate,2
finds,2
massive,2
periods,2
coexist,2
south,2
led,2
likely,2
saw,2
materials,2
various,2
primitive,2
gather,2
benson,2
indication,2
nearly,2
formative,2
modes,2
structural,2
flanagan,2
evenly,2
flux,2
competition,2
emerged,2
incipient,2
describe,2
makes,2
esoteric,2
under,2
salient,2
processing,2
rectangular,2
outlined,2
indian,2
department,2
hearth,2
comfortable,2
participated,2
sedentarization,2
lacked,2
longer,2
idea,2
chisholm,2
storing,2
underestimated,2
blocks,2
end,2
sebastian,2
ruler,2
adjacent,2
contact,2
begin,2
manner,2
discussing,2
coresidential,2
road,2
equate,2
existing,2
heavily,2
council,2
material,2
perhaps,2
native,2
reconstructing,2
maya,2
bulletin,2
hoarded,2
behaviors,2
extended,2
diehl,2
vivian,2
lake,2
including,2
previously,2
clustered,2
controlling,2
tewa,2
underwent,2
described,2
dichotomous,2
open,2
clear,2
antechambers,2
points,2
sustain,2
homes,2
allowed,2
kane,2
gauthier,2
high,2
keene,2
managerial,2
provides,2
segment,2
latter,2
intercommunity,2
demarcate,2
replicated,2
cruces,2
depictions,2
estados,2
differ,2
networkoriented,2
adaptive,2
basically,2
attention,2
clans,2
hunt,2
limiting,2
undifferentiated,2
drennan,2
para,2
note,2
inhabitants,2
usually,2
impressive,2
ideology,2
fewer,2
referred,2
rethinking,2
periodo,2
stimulated,2
rocek,2
implementing,2
achieve,2
types,2
months,2
detail,2
abandonment,2
authorities,2
practice,2
dispersed,2
comparison,2
extensive,2
potter,2
implied,2
howell,2
temporal,2
carbondale,2
thearchitecture,2
offers,2
drew,2
lynne,2
chacoan,2
current,2
minimized,2
reflected,2
historical,2
works,2
better,2
beginning,2
according,2
surpluses,2
explanations,2
notable,2
references,2
particular,2
whitten,2
foundations,2
correlates,2
glorification,2
typical,2
information,2
hundreds,2
researchers,2
must,2
code,2
recognition,2
multiseason,2
kin,2
despite,2
rigid,2
indians,2
named,2
protohistoric,2
temperature,2
vernacular,2
mode,2
kus,2
offer,2
scalar,2
typology,2
classification,2
aggregated,2
maintaining,2
nonegalitarian,2
supported,2
territories,2
third,2
aggregations,2
continuo,2
pathways,2
consisted,2
contrasting,2
nonhierarchical,2
entire,2
interaction,2
duration,2
comparable,2
aggrandizing,2
should,2
indicating,2
built,2
close,2
estrategias,2
cited,2
tainter,1
final,1
exhibiting,1
cultigens,1
ostentable,1
personally,1
quotient,1
oriented,1
studysuch,1
feces,1
difficult,1
common,1
estimated,1
fertile,1
obey,1
logjam,1
rev,1
meaning,1
privately,1
mosaic,1
isotopes,1
theagua,1
market,1
affected,1
intriguing,1
imbued,1
aboveground,1
succinct,1
considerably,1
differentiating,1
manuscript,1
nomad,1
systemic,1
forpopulationaggregation,1
protokivas,1
elaborately,1
enduring,1
envisioned,1
offerings,1
tend,1
masonry,1
join,1
contiguity,1
second,1
schools,1
confines,1
specialist,1
true,1
sets,1
communally,1
articulo,1
theamerican,1
easily,1
teorico,1
monolithic,1
descriptive,1
reduced,1
segmentary,1
americananthropological,1
presents,1
inequality,1
accentuated,1
before,1
harvests,1
impermanent,1
revision,1
source,1
detected,1
conjecture,1
storerooms,1
par,1
negative,1
test,1
potluck,1
diffusion,1
being,1
came,1
cast,1
permit,1
warmseason,1
marco,1
sources,1
ethnologist,1
tantalizing,1
acephalous,1
certainly,1
preceding,1
creation,1
subscribed,1
jointly,1
exaggerated,1
strivers,1
debating,1
culturally,1
contrasted,1
vols,1
spencer,1
season,1
opted,1
ethnoaesthetics,1
worked,1
freely,1
departure,1
roomblocks,1
definition,1
gary,1
containing,1
attractive,1
europe,1
capitalist,1
tradition,1
agrarian,1
tambikn,1
suggesting,1
highland,1
display,1
typological,1
confusion,1
compounds,1
potentially,1
hoards,1
exotic,1
rich,1
assembled,1
studied,1
sometime,1
revival,1
personages,1
hundred,1
onto,1
overwintering,1
religion,1
promontory,1
real,1
reproduction,1
evolving,1
nevertheless,1
faunal,1
feature,1
failures,1
roasting,1
petty,1
persistence,1
consist,1
caliente,1
manipulating,1
greatly,1
situ,1
langhorne,1
somewhat,1
ambiguous,1
pertains,1
signs,1
revise,1
papers,1
similarities,1
faceless,1
case,1
sociedad,1
acknowledged,1
con,1
inclusive,1
takes,1
evolutionaty,1
generosity,1
depending,1
intrapopulation,1
correlated,1
linear,1
autonomous,1
draws,1
notoriety,1
incorporate,1
subterraneanfeinman,1
sedentismin,1
changed,1
macrosociology,1
tendencias,1
vol,1
quantities,1
placement,1
replacement,1
finegrained,1
capable,1
implies,1
determined,1
politics,1
concentrating,1
activity,1
prehispanic,1
paucity,1
tiene,1
april,1
functions,1
preceramic,1
richard,1
taking,1
combination,1
sino,1
capza,1
conceptual,1
regards,1
advocating,1
erred,1
experiencing,1
previos,1
above,1
constrained,1
decreasing,1
roney,1
profundidad,1
increment,1
leblanc,1
localized,1
factional,1
ranked,1
exist,1
september,1
esbozamos,1
fathoming,1
resonated,1
chapters,1
amendment,1
potentialfor,1
molded,1
tending,1
southampton,1
historically,1
posibilidad,1
dotted,1
difficulties,1
immediate,1
quality,1
cambio,1
interior,1
analyzing,1
personalities,1
neighbors,1
patchy,1
adornment,1
destabilized,1
ability,1
viewing,1
occurs,1
heightened,1
participating,1
conducted,1
writ,1
rapoport,1
employing,1
sample,1
steadfastly,1
century,1
nested,1
forced,1
attracting,1
transitional,1
andaggregation,1
elements,1
adopted,1
posterior,1
underlying,1
ceramics,1
arqueoldgicos,1
depend,1
profound,1
amount,1
response,1
columbia,1
dean,1
suitable,1
emphases,1
analogs,1
dates,1
kinship,1
continuous,1
twice,1
networks,1
coincidentally,1
adams,1
farmers,1
revised,1
mirrored,1
archaeologist,1
factions,1
stimulating,1
look,1
constructs,1
details,1
tentatively,1
language,1
mesaverdeanasazi,1
cooperative,1
pronounced,1
organizacional,1
ma,1
competitive,1
insupportable,1
mechanism,1
perfect,1
vantage,1
linked,1
employ,1
failed,1
efficiencies,1
offices,1
tribal,1
usda,1
interesting,1
escaped,1
urged,1
dialectics,1
residentes,1
played,1
plazante,1
coexistencia,1
transformations,1
managers,1
links,1
purely,1
portrayed,1
centered,1
generations,1
adds,1
ironic,1
possession,1
oversee,1
sizable,1
explicit,1
levels,1
conundrum,1
infeinman,1
environments,1
goes,1
risk,1
supplement,1
eight,1
polarized,1
se,1
costs,1
derived,1
direct,1
balanced,1
parts,1
orcutt,1
ongoing,1
losing,1
contributions,1
institutionalized,1
symbols,1
white,1
practicing,1
front,1
supposed,1
jargon,1
characterizes,1
gathering,1
generating,1
support,1
accounts,1
understand,1
conformed,1
organizationsfeinman,1
nonstratified,1
facilitated,1
eshchee,1
lineal,1
organizationsequential,1
biased,1
stepwise,1
dichotomy,1
river,1
statistical,1
discouraged,1
kintigh,1
intellectually,1
benefits,1
specialization,1
multitiered,1
reconocemos,1
entrenched,1
segmental,1
stored,1
section,1
elsewhere,1
ideologies,1
hierarchically,1
northeastern,1
weak,1
shore,1
ceded,1
pastoral,1
upper,1
periodically,1
demostramos,1
operate,1
recovered,1
additional,1
tempranas,1
stripping,1
polar,1
linkage,1
followed,1
comprising,1
consequence,1
rp,1
reconsideration,1
appropriations,1
permanent,1
firmly,1
shifted,1
gfeinman,1
personalized,1
deetz,1
trajectories,1
raw,1
skewed,1
confederation,1
nonconsensual,1
explode,1
paynter,1
affiliated,1
pest,1
concentration,1
leach,1
analog,1
formulations,1
rule,1
capas,1
begun,1
utilidad,1
search,1
traditionally,1
critically,1
haury,1
centers,1
lived,1
dejerarquia,1
abarcaba,1
oretical,1
estudios,1
agnatic,1
fishing,1
zone,1
impermanence,1
accommodations,1
noting,1
diet,1
viking,1
emerge,1
assisted,1
tiers,1
implemented,1
respects,1
punishment,1
big,1
embedded,1
arranged,1
floodwater,1
share,1
further,1
handbook,1
ranking,1
knit,1
agriculturalist,1
disequilibrating,1
ofpithouse,1
informed,1
hinterland,1
redes,1
storehouses,1
cosmogram,1
intensity,1
cannot,1
dispersal,1
coprolite,1
spiritual,1
amassed,1
premise,1
sedentism,1
sodality,1
influenced,1
technical,1
failure,1
shape,1
underlie,1
sanguine,1
unequal,1
makers,1
literature,1
opportune,1
arguedfor,1
scope,1
paraphrase,1
received,1
already,1
protein,1
inequitably,1
desarrollos,1
purpose,1
watts,1
andlisis,1
tombs,1
symbolism,1
thoughts,1
northamerican,1
description,1
organizacion,1
restructuring,1
caching,1
childe,1
artifacts,1
year,1
mexicoannualreview,1
overview,1
gave,1
private,1
politica,1
fit,1
michael,1
corporateoriented,1
editorial,1
cibola,1
princely,1
round,1
actually,1
survey,1
augment,1
transported,1
surrounding,1
floors,1
believes,1
il,1
systematic,1
differentially,1
memoirs,1
genealogical,1
trends,1
markedly,1
graduate,1
redistribution,1
presumption,1
redistributed,1
efficiency,1
oriental,1
expended,1
llamamos,1
creating,1
construct,1
mesopotamia,1
strict,1
successful,1
sugieren,1
corresponds,1
spatially,1
upkeep,1
questionable,1
methodsfor,1
individualism,1
nonresidential,1
politically,1
applicability,1
order,1
cope,1
discourse,1
excavation,1
quite,1
event,1
unexploredaspects,1
cowgill,1
estilo,1
characteristics,1
este,1
prompted,1
temporary,1
semisubterraneas,1
dramatic,1
secrecy,1
distinguished,1
methodological,1
da,1
impoverishment,1
mythological,1
visible,1
coordinate,1
majority,1
orayvi,1
dependent,1
aggrandize,1
productivity,1
mobilizations,1
resistance,1
correspondence,1
cycle,1
value,1
burmna,1
newly,1
increments,1
ninth,1
hatchway,1
dietary,1
analoga,1
input,1
blanket,1
portion,1
therefore,1
hatch,1
canyonarchaeological,1
ii,1
candid,1
ranging,1
arrangement,1
november,1
lawn,1
minor,1
differentiate,1
protecting,1
bretemtiz,1
scientific,1
cosmological,1
ac,1
britain,1
affiliations,1
sonoran,1
imagery,1
wrote,1
gradual,1
dampen,1
nuestros,1
expansion,1
alliance,1
socalled,1
civilization,1
return,1
appreciate,1
brief,1
interdependence,1
mediating,1
exception,1
multihousehold,1
etc,1
positioned,1
inhibiting,1
sobre,1
harry,1
make,1
accumulations,1
experiences,1
manifest,1
builders,1
unprecedented,1
initially,1
sodalities,1
iran,1
inhabited,1
verde,1
relationship,1
postulate,1
unas,1
hoe,1
subfloor,1
imply,1
uninhabited,1
peregrine,1
revisiting,1
rubric,1
rules,1
acknowledgments,1
rain,1
east,1
continuity,1
sociocultural,1
technology,1
mobile,1
exposure,1
freestanding,1
challenged,1
specifics,1
selective,1
boundary,1
parsimonious,1
index,1
perceived,1
idaho,1
sociological,1
lowland,1
subset,1
raise,1
light,1
complete,1
reevaluation,1
wright,1
reconocer,1
organize,1
insights,1
hunger,1
contains,1
reports,1
reliance,1
begins,1
badge,1
speaking,1
rome,1
supernatural,1
inheritance,1
perceptively,1
caracterizan,1
meets,1
picture,1
published,1
harper,1
fill,1
volume,1
resultados,1
management,1
provide,1
resolution,1
subregions,1
jeffrey,1
grips,1
death,1
blinman,1
responsibilities,1
towns,1
energy,1
experienced,1
generously,1
water,1
corporately,1
cedar,1
clanbased,1
corporal,1
fact,1
monopolized,1
treatment,1
scholars,1
relates,1
foods,1
instability,1
advantage,1
plan,1
magnets,1
elman,1
crop,1
analizar,1
come,1
grave,1
daily,1
break,1
classical,1
identity,1
nucleated,1
ofrecemos,1
feasting,1
substantially,1
doubt,1
book,1
underpin,1
reem,1
fashion,1
functionally,1
man,1
expunging,1
roof,1
serious,1
external,1
simple,1
tier,1
ground,1
privatization,1
andfeinman,1
unit,1
secular,1
emplearon,1
accepted,1
underscores,1
igualdad,1
sw,1
necessary,1
origin,1
leveling,1
por,1
deep,1
nueva,1
selfaggrandizing,1
shafer,1
lean,1
como,1
circumscription,1
manifested,1
ladder,1
entrepreneurial,1
northerly,1
sobresalientes,1
ecology,1
proponemos,1
andart,1
remained,1
thousands,1
wocherl,1
crown,1
recognizing,1
clout,1
investigators,1
exploring,1
link,1
invested,1
skepticism,1
birth,1
made,1
assemblages,1
discovery,1
explanation,1
chiefly,1
upon,1
proscribed,1
helps,1
active,1
formal,1
retains,1
individuality,1
skeletal,1
cosa,1
empirical,1
hantman,1
downplayed,1
modernos,1
hypotheses,1
southwestein,1
emphasize,1
dress,1
factor,1
athlone,1
muro,1
harvard,1
katsina,1
mds,1
examination,1
gwinn,1
reinforcing,1
connected,1
advantages,1
symbolic,1
forestdale,1
rejected,1
ties,1
sedentaiy,1
frustrated,1
notice,1
jerarquia,1
taxonomic,1
decorated,1
internazionale,1
essay,1
maintenance,1
faces,1
held,1
currentanthropology,1
thegary,1
claremont,1
summer,1
vintage,1
transicion,1
housed,1
serves,1
structuring,1
practiced,1
proximity,1
southcentral,1
pozos,1
preservation,1
dekalb,1
black,1
abundant,1
peebles,1
reuse,1
courtyard,1
behest,1
dialogue,1
repeated,1
minnis,1
strongly,1
favored,1
coercive,1
article,1
parallel,1
evolutionary,1
become,1
ourfindings,1
antechamber,1
tatious,1
respectively,1
bureaucracies,1
examine,1
steps,1
corporatelike,1
marcado,1
availability,1
corners,1
claiming,1
ethnographically,1
ethnohistory,1
aldeas,1
adaptations,1
pipe,1
copyright,1
versus,1
connections,1
responsibility,1
encompassing,1
division,1
applies,1
networklike,1
duplicated,1
pero,1
separate,1
eviction,1
atnantack,1
ethic,1
genesis,1
factors,1
things,1
consists,1
seasons,1
yields,1
stage,1
parsimoniously,1
escaping,1
assigned,1
layouts,1
adversarial,1
modification,1
dominates,1
moves,1
indicators,1
fairly,1
regular,1
george,1
recall,1
assert,1
figure,1
addressing,1
linda,1
fields,1
suspected,1
altitude,1
institutions,1
nexus,1
concluding,1
trading,1
transformed,1
detailed,1
bears,1
betweenabandonment,1
nuevo,1
effectively,1
ofcultural,1
markers,1
interplay,1
unclear,1
ceremonialism,1
sipapus,1
dcfeinman,1
paradigmatic,1
interconnected,1
ornately,1
united,1
surprising,1
sage,1
lineages,1
table,1
aggrandizers,1
ing,1
coordination,1
muted,1
instances,1
administering,1
worlds,1
forest,1
tribe,1
considered,1
stephen,1
fertility,1
circumscribed,1
differentiated,1
formalization,1
magnitude,1
punished,1
heavy,1
rarely,1
thinking,1
reemplazar,1
beenadaptive,1
aspiring,1
suite,1
reviewing,1
regrettably,1
exploitable,1
conclusion,1
anonymous,1
complexes,1
respective,1
collectivized,1
mutualistic,1
wear,1
geographic,1
reinforced,1
extension,1
known,1
narrowly,1
classically,1
pettit,1
shortcoming,1
quickly,1
know,1
defining,1
excess,1
lekson,1
natural,1
familiar,1
sociales,1
extant,1
descent,1
correspond,1
portal,1
sheep,1
considera,1
wall,1
report,1
reviewers,1
eventually,1
harvest,1
exploiting,1
altered,1
exhibits,1
rely,1
macroplant,1
formas,1
sempowski,1
burying,1
ethos,1
type,1
options,1
bands,1
respect,1
turned,1
believed,1
clarity,1
cal,1
tenth,1
lens,1
diversified,1
unlikely,1
pooled,1
heads,1
answered,1
combined,1
unique,1
whether,1
reconcile,1
selected,1
proponian,1
ones,1
nearby,1
symbolically,1
add,1
metaphor,1
royalanthropological,1
cult,1
ruin,1
temporally,1
earlyagriculture,1
adaptation,1
extent,1
supplemented,1
insightful,1
waters,1
dichotomize,1
wasfeinman,1
differs,1
studying,1
hypothesize,1
gender,1
produce,1
domiciles,1
observations,1
agreed,1
centerforarchaeological,1
congresso,1
isotopic,1
incorporated,1
adorned,1
art,1
peoples,1
cluster,1
noticeably,1
remember,1
ritually,1
level,1
occasionally,1
org,1
preserved,1
entrance,1
prehistdrico,1
nomads,1
attached,1
contemporaneity,1
introduced,1
sea,1
city,1
greatbritain,1
alternatives,1
charisma,1
procure,1
press,1
ta,1
monarchs,1
modelos,1
focal,1
subject,1
intended,1
disciplines,1
step,1
bradfield,1
measure,1
atti,1
harvesting,1
ofanthropologicalarchaeology,1
maintained,1
isolated,1
writing,1
aspect,1
accorded,1
varied,1
suppressed,1
bedecked,1
wholes,1
studyfrom,1
perspectiva,1
question,1
pine,1
devoted,1
ultimately,1
until,1
underworld,1
argument,1
lists,1
background,1
editor,1
ordinal,1
difference,1
architecturally,1
genova,1
solely,1
average,1
zones,1
initiated,1
intensified,1
numerous,1
deficiencias,1
accept,1
parallels,1
ended,1
applicable,1
rango,1
americas,1
modifies,1
salt,1
predates,1
define,1
cognitive,1
consumption,1
socially,1
unstuffing,1
need,1
physical,1
manufacture,1
developmental,1
revisionist,1
levy,1
basketmaker,1
attributes,1
variously,1
roberta,1
inequalities,1
basketmakeril,1
fue,1
extremely,1
stark,1
needs,1
offered,1
endeavors,1
carbon,1
revisar,1
substitute,1
ortiz,1
certainty,1
chambers,1
kayenta,1
counterpoints,1
deployment,1
terminology,1
correlate,1
vary,1
deposits,1
adheres,1
era,1
organizacicn,1
disrupting,1
menasha,1
element,1
ownership,1
peabody,1
immediately,1
technological,1
observed,1
premature,1
meeting,1
suppresses,1
roles,1
conception,1
evidently,1
accumulators,1
faction,1
hypothesis,1
