WORDCOUNTS,WEIGHT
the,510
of,442
and,272
in,249
a,217
mound,147
to,136
sod,110
that,104
illinois,94
blocks,91
for,85
from,79
are,76
at,75
as,75
mounds,75
by,73
is,73
soil,68
were,55
or,43
with,43
hopewell,43
have,43
soils,42
on,39
not,36
which,35
ofthe,35
be,35
house,34
been,34
american,33
de,32
was,32
horizons,32
j,31
they,30
this,29
it,28
an,28
site,27
et,27
al,27
fills,26
e,23
one,23
university,22
we,21
nest,20
r,20
their,20
no,20
figure,20
has,20
d,20
sand,19
if,18
m,18
horizon,18
pp,18
kamp,18
formed,17
surface,17
materials,17
can,17
state,16
k,16
but,16
these,16
parent,16
some,16
than,15
under,15
two,15
fill,15
new,15
forest,15
sods,15
there,14
vegetation,14
primary,14
van,14
woodland,14
moundfill,14
grass,14
more,14
valley,14
center,13
into,13
sources,13
moundfills,13
may,13
could,13
its,13
edited,13
building,13
lower,12
l,12
b,12
river,12
sites,12
society,12
made,12
archaeological,12
would,12
cover,12
loads,12
group,11
other,11
walls,11
block,11
w,11
pollen,11
boundaries,11
up,11
f,11
ridge,11
also,11
material,11
antiquity,11
deposits,11
such,10
g,10
clay,10
geological,10
because,10
many,10
ground,10
science,10
natural,10
tomb,10
middle,10
dark,10
built,10
cut,9
succession,9
grasses,9
h,9
studies,9
organic,9
s,9
within,9
development,9
developed,9
had,9
nois,9
department,9
archaeology,9
only,9
areas,9
like,9
construction,9
thick,9
formation,9
years,9
north,9
secondary,8
west,8
allogenetic,8
how,8
after,8
cultural,8
los,8
few,8
research,8
newly,8
loaded,8
snyder,8
adjacent,8
where,8
original,8
leighton,8
present,8
depth,8
report,8
them,8
form,8
preserved,8
carbon,8
excavation,7
source,7
being,7
those,7
human,7
unpublished,7
relatively,7
prairie,7
buikstra,7
y,7
used,7
excavated,7
using,7
he,7
units,7
about,7
compositional,7
including,7
survey,7
urbana,7
individual,7
plant,7
dirt,7
often,7
then,7
associated,7
symbolic,7
did,7
what,7
size,7
ohio,7
c,7
sedimentary,7
first,6
origin,6
composition,6
loose,6
mass,6
beneath,6
sediment,6
klunk,6
thin,6
whose,6
n,6
upper,6
silt,6
struever,6
prehistoric,6
color,6
quarried,6
base,6
data,6
description,6
during,6
structures,6
t,6
earth,6
characteristics,6
likely,6
above,6
selection,6
asch,6
indian,6
layer,6
simple,6
do,6
use,6
struction,6
grassy,6
three,6
high,6
carried,6
bulletin,6
must,6
very,6
selected,6
problem,6
while,6
contain,6
both,6
through,6
archaic,6
now,5
tion,5
iowa,5
kinds,5
before,5
properties,5
davis,5
investigations,5
america,5
holocene,5
stratiform,5
greene,5
fine,5
since,5
thus,5
due,5
basal,5
excavations,5
conducted,5
kind,5
even,5
york,5
en,5
support,5
loading,5
lead,5
out,5
term,5
late,5
burial,5
cannot,5
geology,5
archeology,5
people,5
washington,5
depositional,5
field,5
below,5
county,5
portions,5
core,5
results,5
will,5
cole,5
same,5
surfaces,5
less,5
so,5
obtained,5
especially,5
internal,5
probably,5
usually,5
tepe,5
bare,5
ing,5
series,5
woody,5
cm,5
different,5
phd,5
cahokia,5
squier,5
almost,5
presented,5
pits,5
gravel,5
evidence,5
classification,5
between,5
observed,5
profiles,5
should,5
major,5
bloques,4
variegation,4
western,4
history,4
came,4
mississippi,4
consist,4
sq,4
east,4
account,4
burning,4
ritual,4
intact,4
document,4
locality,4
proceedings,4
section,4
loess,4
just,4
profile,4
age,4
most,4
show,4
p,4
monticulos,4
further,4
youthful,4
appears,4
method,4
steep,4
part,4
tombs,4
dakota,4
emplaced,4
alluvial,4
annual,4
visible,4
when,4
portion,4
make,4
single,4
boundary,4
reports,4
academy,4
smith,4
shows,4
compound,4
wesleyan,4
enough,4
turf,4
another,4
coherent,4
upon,4
mortuary,4
beds,4
entirely,4
questions,4
low,4
significance,4
explorations,4
historic,4
features,4
special,4
study,4
structure,4
sometimes,4
hill,4
seen,4
stratified,4
face,4
small,4
conclusion,4
constructed,4
supported,4
borrow,4
over,4
each,4
paper,4
variegated,4
pit,4
cal,4
investigation,4
nearby,4
early,4
suggests,4
prairies,4
come,4
perino,4
geoarchaeological,4
states,4
geogenic,4
chicago,4
cohesive,4
much,4
occur,4
mostly,3
scraped,3
stuart,3
groups,3
created,3
large,3
partially,3
considerations,3
total,3
suelos,3
way,3
submitted,3
labor,3
taken,3
all,3
least,3
available,3
reasons,3
differences,3
potentially,3
context,3
el,3
alluvium,3
determined,3
far,3
loam,3
surely,3
silty,3
little,3
expected,3
distinct,3
old,3
served,3
journal,3
apparently,3
transactions,3
upturned,3
rather,3
his,3
across,3
museum,3
particle,3
established,3
dominate,3
placed,3
observations,3
follow,3
efficient,3
consequence,3
terminology,3
important,3
whereas,3
greater,3
result,3
anthropogenic,3
based,3
appearance,3
found,3
percentages,3
initial,3
though,3
buried,3
record,3
cumulic,3
required,3
snortland,3
directly,3
well,3
basis,3
inferred,3
virginia,3
floodplain,3
texture,3
intentionally,3
utica,3
eastern,3
hopewellian,3
around,3
several,3
habitation,3
smithsonian,3
presence,3
geologically,3
massive,3
content,3
located,3
limited,3
disturbance,3
southern,3
communities,3
interpretation,3
examined,3
remnant,3
homogeneous,3
already,3
wisconsin,3
fire,3
fact,3
striking,3
time,3
rials,3
landscape,3
phytoliths,3
see,3
range,3
lake,3
thickness,3
previously,3
samples,3
factor,3
described,3
open,3
accounted,3
roof,3
standard,3
subfloor,3
repeated,3
ture,3
effect,3
propose,3
attention,3
esta,3
primarily,3
la,3
analysis,3
photographs,3
springfield,3
anthropological,3
zons,3
senior,3
masses,3
besides,3
quaternary,3
pedogenesis,3
readily,3
setting,3
down,3
wall,3
build,3
construccion,3
preexisting,3
whether,3
subsoil,3
map,3
ies,3
deuel,3
calhoun,3
prepared,3
question,3
shown,3
until,3
instead,3
although,3
typically,3
land,3
attributes,3
earthen,3
area,3
remains,3
potential,3
meaning,3
km,3
archival,3
indistinguishable,3
hypothesis,3
difficult,2
archives,2
forested,2
wooden,2
mohlenbrock,2
o,2
common,2
indicated,2
cent,2
environmental,2
jane,2
northeast,2
utility,2
manuscript,2
dickson,2
needed,2
complex,2
replaced,2
ternary,2
systematically,2
sets,2
completely,2
nineteenth,2
contexts,2
disturbances,2
cutting,2
said,2
archaeologists,2
either,2
surficial,2
topographic,2
preceding,2
implications,2
might,2
secretary,2
humans,2
height,2
leading,2
liverpool,2
able,2
ences,2
hundred,2
onto,2
julie,2
que,2
case,2
plains,2
botanical,2
key,2
great,2
macclintock,2
loessial,2
possible,2
implies,2
activity,2
overlies,2
cremeens,2
flank,2
city,2
occupations,2
x,2
cited,2
along,2
central,2
review,2
cemeteries,2
canopy,2
points,2
finney,2
illustrates,2
alfisol,2
author,2
interest,2
poorly,2
occurs,2
walter,2
sample,2
century,2
dence,2
rediscovering,2
horizontes,2
engineering,2
ety,2
archaeologist,2
fulton,2
appreciated,2
influence,2
rates,2
ment,2
ica,2
interesting,2
recognized,2
ramps,2
reflects,2
cotiga,2
growth,2
premodern,2
supposes,2
levee,2
centimeters,2
una,2
infilled,2
textural,2
category,2
discernible,2
redeposited,2
presumably,2
clearly,2
four,2
superior,2
beyond,2
followed,2
steeper,2
requires,2
instance,2
view,2
thinness,2
identifying,2
complexes,2
erosion,2
called,2
centers,2
bicolored,2
cores,2
grayish,2
traced,2
scale,2
otherwise,2
pleistocene,2
ined,2
possibility,2
technical,2
distinguishes,2
minimal,2
network,2
douglas,2
received,2
su,2
example,2
apparent,2
related,2
knight,2
desarrollo,2
designate,2
describe,2
older,2
place,2
work,2
sheetlike,2
refuse,2
stage,2
presencia,2
hole,2
settlement,2
accomplished,2
tation,2
st,2
slopes,2
inverted,2
benchmarks,2
activities,2
ceremonial,2
bringing,2
elizabeth,2
loomis,2
stratigraphy,2
allen,2
comments,2
builders,2
abrupt,2
structural,2
kampsville,2
julieann,2
yet,2
serve,2
ancient,2
included,2
light,2
floor,2
opment,2
regional,2
strata,2
published,2
earthworms,2
bullington,2
addition,2
added,2
postmound,2
lighter,2
lack,2
preserve,2
disturbed,2
choice,2
end,2
duluth,2
substantially,2
discussed,2
v,2
por,2
laminated,2
gives,2
number,2
encountered,2
outlines,2
convenient,2
saunders,2
baskets,2
completed,2
sides,2
region,2
logs,2
concern,2
jamestown,2
rivers,2
sequence,2
bed,2
sommers,2
processes,2
laboratory,2
examination,2
similar,2
clear,2
discovered,2
laminae,2
tional,2
mississippian,2
david,2
explanation,2
earlier,2
ural,2
abundant,2
thomas,2
artificial,2
problems,2
include,2
become,2
interpretations,2
slightly,2
staff,2
ago,2
louisiana,2
basketloading,2
brown,2
species,2
separate,2
hindered,2
para,2
bureau,2
school,2
un,2
deposit,2
originated,2
recognize,2
ceremonialism,2
covering,2
archeobotany,2
why,2
diagnostic,2
united,2
composed,2
types,2
resemble,2
stable,2
quantitative,2
sections,2
deposited,2
following,2
log,2
known,2
perhaps,2
funding,2
sciences,2
here,2
gradational,2
seem,2
stratigraphic,2
etal,2
appendix,2
inquiry,2
basket,2
benefit,2
distinctive,2
las,2
type,2
evident,2
cleared,2
animal,2
keach,2
particular,2
character,2
juxtaposed,2
utilitarian,2
monticulo,2
scenarios,2
phenomena,2
entisols,2
hundreds,2
archaeometry,2
circumstances,2
easy,2
simply,2
sion,2
multicolored,2
aspect,2
varied,2
tions,2
our,2
understanding,2
diagram,2
tabular,2
ure,2
zimmermann,2
sediments,2
invasion,2
notes,2
staging,2
course,2
dense,2
upside,2
physical,2
crib,2
charles,2
intentional,2
ser,2
contrasting,2
create,2
exclusively,2
surveys,2
benchmark,2
among,2
ethnology,2
broader,2
meeting,2
nificance,1
final,1
mingo,1
cohesiveness,1
cussion,1
tors,1
rate,1
silica,1
metal,1
prefer,1
simbdlicas,1
renewalvan,1
fraction,1
nofueron,1
later,1
develops,1
armoring,1
encouraged,1
does,1
tory,1
tierra,1
onsite,1
ordination,1
lapresencia,1
eliminated,1
succinct,1
mundane,1
totally,1
introduction,1
agricultural,1
notably,1
mouth,1
passing,1
sitios,1
village,1
alfisols,1
comprised,1
disclose,1
importantes,1
identify,1
tend,1
stone,1
merged,1
algunas,1
tures,1
usefully,1
habitats,1
constitutes,1
saucier,1
ways,1
earthworm,1
unmodified,1
walker,1
otra,1
easily,1
modern,1
favor,1
constructional,1
former,1
decade,1
quite,1
accreting,1
necessarily,1
classify,1
mccomb,1
presents,1
travertine,1
laid,1
subtypes,1
turfs,1
scientist,1
tographs,1
exceptions,1
bp,1
gories,1
descriptions,1
practices,1
limestone,1
hints,1
hoping,1
test,1
joe,1
consistent,1
ramey,1
prominently,1
explaining,1
long,1
certainly,1
container,1
xnlplv,1
localities,1
posed,1
production,1
jointly,1
exclusive,1
scientific,1
fund,1
give,1
meters,1
rapid,1
progression,1
utilization,1
rig,1
incomplete,1
ofearthen,1
seems,1
definition,1
parties,1
containing,1
reach,1
principles,1
agronomy,1
reexamined,1
scientists,1
crops,1
humana,1
together,1
accompanied,1
remark,1
thank,1
pedogenic,1
nosotros,1
cortados,1
rich,1
nearchannel,1
napoleon,1
follows,1
clases,1
terroso,1
procedure,1
espesor,1
scheme,1
explicados,1
resulting,1
take,1
characterizing,1
nevertheless,1
meens,1
subsequent,1
patterned,1
nm,1
requiere,1
mind,1
date,1
replicated,1
emphasized,1
tributed,1
raised,1
koster,1
doc,1
principal,1
robert,1
colluvium,1
regard,1
nal,1
somewhat,1
superficially,1
millones,1
predisturbance,1
papers,1
contents,1
reduced,1
depends,1
intervalsvan,1
woodlands,1
side,1
con,1
takes,1
preventing,1
existence,1
resulted,1
geologic,1
embracing,1
linear,1
recorded,1
cutfrom,1
explicar,1
advice,1
continuum,1
uplands,1
weathered,1
bones,1
construirparedes,1
fireclays,1
masked,1
fformer,1
mulholland,1
draw,1
right,1
march,1
intriguing,1
design,1
indirectly,1
foreshortened,1
opened,1
prior,1
abundantly,1
howard,1
baehrgust,1
illustrate,1
cap,1
establishing,1
lication,1
april,1
solely,1
deformation,1
occupy,1
cion,1
information,1
measuring,1
beenvan,1
occurring,1
variations,1
point,1
except,1
eliminating,1
establishment,1
vated,1
sent,1
selecting,1
overlooking,1
crypts,1
desirable,1
bottom,1
genetic,1
horticultural,1
reconstruction,1
enter,1
himself,1
interviews,1
mat,1
horticulturalists,1
eroded,1
blocky,1
titterington,1
unrecognized,1
overtop,1
ciples,1
exposed,1
usage,1
exist,1
li,1
repeatedly,1
frequencies,1
phase,1
throughout,1
acuerdo,1
angles,1
explained,1
immediate,1
pedologically,1
invisibility,1
ticle,1
lining,1
herbs,1
constantly,1
objective,1
elongate,1
ofpostulated,1
integral,1
terraces,1
collapsed,1
retarded,1
glacier,1
characteristic,1
databases,1
nutrient,1
concentrations,1
beliefand,1
ern,1
raises,1
presod,1
club,1
ofearthfor,1
arriba,1
seguramente,1
fabrics,1
assessment,1
slabs,1
guided,1
estimates,1
cases,1
elements,1
ct,1
places,1
tinguish,1
times,1
perspective,1
envisioned,1
back,1
herbaceous,1
body,1
highest,1
difficulty,1
compared,1
left,1
continuous,1
mechanical,1
weight,1
kelly,1
terrace,1
ny,1
sin,1
preserving,1
dry,1
laformacidn,1
details,1
wet,1
deeply,1
perplexing,1
messages,1
demonstrably,1
gest,1
spoil,1
cites,1
weathering,1
admixed,1
depths,1
incidental,1
argumos,1
selectively,1
distribution,1
higher,1
failed,1
suppressing,1
extraordinario,1
builder,1
profoundly,1
nessee,1
philadelphia,1
plotted,1
offmound,1
without,1
identification,1
partition,1
loams,1
absent,1
wedum,1
ofnew,1
compatible,1
remain,1
remnants,1
ra,1
basic,1
unit,1
appreciation,1
pipet,1
netic,1
midwest,1
flanks,1
incidence,1
excavators,1
requieren,1
goes,1
opportunity,1
menos,1
landscapes,1
importance,1
idiosyncratic,1
entre,1
derived,1
anthropic,1
contributions,1
pages,1
infiuenced,1
sandy,1
possess,1
creek,1
lacking,1
enabled,1
enriched,1
burials,1
summarized,1
space,1
mation,1
caps,1
lamellae,1
debieron,1
slope,1
pebbly,1
means,1
involvement,1
determination,1
solutions,1
suppression,1
remarks,1
changes,1
colonizing,1
day,1
interspersed,1
byproducts,1
drill,1
supports,1
underdeveloped,1
possibly,1
sonido,1
physically,1
retained,1
grains,1
pertinent,1
yellow,1
ragweed,1
bunch,1
elsewhere,1
impact,1
gradually,1
mary,1
northeastern,1
geoarqueologia,1
orientation,1
bedded,1
commonly,1
ofsound,1
additional,1
occupied,1
readings,1
undertaken,1
comprising,1
ful,1
preferably,1
comparing,1
couplet,1
enhancedby,1
principios,1
care,1
photos,1
opinion,1
ofprogress,1
mon,1
suggested,1
decades,1
ofgreene,1
appear,1
invading,1
estos,1
ogists,1
unlike,1
my,1
decay,1
geoarchaeologist,1
introduce,1
location,1
allow,1
bearing,1
tural,1
cloak,1
rule,1
plot,1
toby,1
xeric,1
amsterdam,1
accessions,1
separable,1
effort,1
missouri,1
objectives,1
wiant,1
shared,1
arboreal,1
chaff,1
nonartifactual,1
requirements,1
pioneer,1
creo,1
ogy,1
shield,1
ican,1
representative,1
evaluate,1
density,1
fans,1
handbook,1
riecken,1
equally,1
andmicrobiological,1
indirect,1
tools,1
centimetros,1
viewed,1
recently,1
neither,1
produced,1
devoid,1
applied,1
younger,1
sedge,1
however,1
grassedover,1
dicadas,1
eficiencia,1
tbe,1
wide,1
schema,1
symbolically,1
tumbas,1
experiment,1
aspects,1
shape,1
nesota,1
oped,1
sedimentological,1
ginia,1
distinguish,1
future,1
accounting,1
line,1
paleosols,1
formerly,1
sity,1
andt,1
rocks,1
glossary,1
voigt,1
blue,1
ademds,1
carry,1
del,1
centages,1
interface,1
prominent,1
brought,1
hajic,1
verticales,1
training,1
upbuilt,1
stacked,1
calls,1
symbolism,1
confirms,1
whole,1
year,1
discussions,1
inherited,1
references,1
contains,1
reportedly,1
jo,1
falling,1
taxa,1
cluster,1
nielson,1
geoarcheology,1
transported,1
documented,1
somewhere,1
away,1
il,1
compact,1
systematic,1
outsides,1
showing,1
interpreted,1
conform,1
own,1
memoirs,1
sampled,1
crude,1
good,1
social,1
construct,1
authorities,1
brush,1
working,1
useful,1
distances,1
especial,1
things,1
volume,1
holes,1
rainstorms,1
next,1
symbolsin,1
contrast,1
poster,1
utilizados,1
pennsylvanian,1
ological,1
clasts,1
mistaking,1
rpnrpsentinpsound,1
recognition,1
sufficient,1
shapes,1
multiple,1
highly,1
components,1
este,1
scattering,1
andtdeuel,1
null,1
grow,1
ingram,1
mi,1
geomorphic,1
convey,1
geoarchaeologicalperspectives,1
platform,1
carrier,1
credible,1
weighted,1
coloration,1
pedology,1
filling,1
otros,1
totiba,1
leveled,1
value,1
grateful,1
provided,1
finds,1
sitio,1
deer,1
bartlett,1
disturbing,1
reducing,1
digging,1
dictated,1
knowledge,1
subsequently,1
settlers,1
cite,1
highlights,1
quarry,1
candid,1
irrespective,1
matter,1
ingredients,1
detected,1
various,1
sitional,1
procedures,1
lynn,1
materiales,1
short,1
gradual,1
chemical,1
smeck,1
basketload,1
acknowledged,1
merits,1
nearly,1
petrology,1
etc,1
reduce,1
indicates,1
commenced,1
manifest,1
drilled,1
woermann,1
atop,1
settings,1
seemingly,1
direction,1
vicinity,1
relationship,1
once,1
dickison,1
depicted,1
unintended,1
antiquarian,1
incipient,1
reference,1
restrictively,1
ery,1
coprogenous,1
represents,1
makes,1
read,1
overthrown,1
thought,1
alongside,1
acknowledgments,1
soon,1
rain,1
technology,1
columbus,1
exposes,1
orange,1
us,1
falls,1
complete,1
pioneered,1
orfrom,1
rectangular,1
performed,1
nearmound,1
ed,1
supposedly,1
largest,1
costs,1
patterning,1
bar,1
infill,1
stones,1
regardless,1
subjective,1
ceramic,1
geomorphology,1
fan,1
members,1
name,1
fccole,1
book,1
juxtaposing,1
sensu,1
mentions,1
undetermined,1
toward,1
locating,1
emplacement,1
notables,1
projects,1
enced,1
lacked,1
diamicts,1
hollow,1
homestead,1
conduct,1
cubierta,1
occurrence,1
recurrent,1
plan,1
paleochannel,1
rial,1
appeared,1
abstract,1
taxonomy,1
manifested,1
practical,1
banks,1
decreases,1
john,1
bluff,1
grows,1
everything,1
variation,1
appropriately,1
considerable,1
pattern,1
man,1
entertained,1
fragments,1
typicaily,1
otras,1
channel,1
anthropologist,1
forms,1
patterns,1
conspicuously,1
antropologia,1
hand,1
precinct,1
remarkable,1
covered,1
wearisome,1
coarse,1
execution,1
axes,1
michael,1
vertical,1
sandbar,1
forth,1
infilling,1
assortment,1
fieldwork,1
generic,1
ascertaining,1
native,1
exceeds,1
senses,1
housevan,1
parting,1
conceivably,1
explicitly,1
mussel,1
ecology,1
anc,1
scant,1
thousands,1
matrix,1
recognizing,1
analyzed,1
classes,1
depasto,1
exhibit,1
situated,1
investigated,1
evers,1
erodible,1
discussion,1
composing,1
sealing,1
treated,1
comprise,1
facility,1
chiefly,1
aspectos,1
chronologies,1
contours,1
collections,1
distinctly,1
enormous,1
retains,1
horizonation,1
holt,1
sufficiently,1
litter,1
judge,1
load,1
recover,1
medium,1
louis,1
top,1
findings,1
varying,1
controlling,1
significant,1
characteristically,1
tinues,1
persisted,1
emphasize,1
francis,1
conditions,1
affects,1
virtually,1
constriiph,1
bettis,1
ofb,1
rare,1
engineers,1
torrey,1
nothing,1
supposition,1
radiocarbon,1
raising,1
previous,1
strikingly,1
dating,1
stratification,1
clearing,1
habitacionales,1
rejected,1
meanings,1
quotation,1
adding,1
grew,1
tail,1
clue,1
ilar,1
interpret,1
evidently,1
held,1
architectural,1
allowed,1
coring,1
reviewers,1
revised,1
flood,1
period,1
spread,1
general,1
summer,1
ahorizontally,1
mexico,1
collected,1
alld,1
accurate,1
hierba,1
preservation,1
black,1
adequately,1
margin,1
roofs,1
valued,1
pearl,1
took,1
trying,1
qualities,1
methods,1
constructing,1
winters,1
relation,1
tree,1
ann,1
mainly,1
james,1
percent,1
resultan,1
implication,1
analyze,1
primal,1
southwest,1
logran,1
northern,1
grain,1
saw,1
institution,1
joint,1
conveyed,1
corps,1
convergent,1
basically,1
arbor,1
darker,1
normal,1
minimally,1
chert,1
sented,1
gist,1
pero,1
alaska,1
fenton,1
tennessee,1
genesis,1
farm,1
tests,1
lo,1
assigned,1
applications,1
imply,1
modification,1
aid,1
note,1
stringently,1
provide,1
ecological,1
five,1
foreign,1
naturally,1
impressive,1
outlined,1
propiedades,1
program,1
suspected,1
rior,1
embankment,1
suffice,1
vague,1
quarrying,1
order,1
ordinary,1
monuments,1
dimensions,1
who,1
attempted,1
ea,1
army,1
accepted,1
concluding,1
transformed,1
detailed,1
bt,1
parsons,1
overlap,1
sequences,1
havevan,1
mottled,1
indicate,1
remolded,1
achieve,1
surprising,1
antiquities,1
subdivided,1
fields,1
sandier,1
instances,1
madison,1
tial,1
itself,1
poseian,1
vimmerstedt,1
egories,1
morrow,1
mud,1
monumental,1
investigate,1
ities,1
joseph,1
considered,1
addressed,1
detail,1
wooded,1
products,1
variable,1
any,1
conocimiento,1
protracted,1
outlier,1
suite,1
prehistoricos,1
inventory,1
antecedent,1
homogeneity,1
extending,1
inskeletalbiology,1
demonstrate,1
agents,1
extensive,1
ever,1
retard,1
too,1
precise,1
entertain,1
scraping,1
reserving,1
carbondale,1
reconnaissance,1
griffin,1
invade,1
text,1
symbol,1
geoarchaeology,1
cyrus,1
erected,1
know,1
geography,1
dimension,1
courtesy,1
supplants,1
extant,1
introducing,1
classifiable,1
lying,1
ratio,1
distinctions,1
modifies,1
superficie,1
believe,1
international,1
gone,1
casi,1
epitomized,1
argue,1
premound,1
seedlings,1
mantle,1
fastidious,1
grossman,1
eventually,1
foundation,1
intermound,1
altered,1
losses,1
magnified,1
pete,1
atively,1
twelfth,1
dumped,1
bonnie,1
historical,1
examining,1
past,1
closest,1
presupposing,1
distinguished,1
hamlets,1
pueder,1
works,1
february,1
merely,1
destroyed,1
encompassing,1
qualitatively,1
sodblock,1
growing,1
lens,1
according,1
succeeded,1
bajo,1
explanations,1
perceiving,1
carefully,1
burns,1
redeposition,1
terms,1
making,1
rising,1
cause,1
independently,1
lished,1
sus,1
differentiates,1
artifactual,1
firmly,1
retain,1
extent,1
ofa,1
exposures,1
afew,1
condiciones,1
weights,1
collector,1
ausencia,1
studying,1
require,1
lowermost,1
huge,1
solamente,1
episode,1
emphasis,1
sifting,1
port,1
des,1
translated,1
dimensiones,1
conveniently,1
bodies,1
sumando,1
removido,1
permitieron,1
varieties,1
clayey,1
whence,1
exception,1
trees,1
pation,1
careful,1
northwestern,1
atwater,1
problamente,1
ofupturned,1
formarse,1
disparate,1
reported,1
given,1
erally,1
uniform,1
marily,1
introduced,1
mario,1
earths,1
despite,1
huber,1
particles,1
ashes,1
became,1
november,1
techniques,1
returning,1
step,1
matches,1
invasive,1
obtain,1
adyacentes,1
distinguishable,1
frankenberg,1
peoria,1
phenomenon,1
indians,1
world,1
mention,1
neglect,1
contrasts,1
minima,1
perspectiva,1
algunos,1
wild,1
layers,1
survival,1
lists,1
indeed,1
zones,1
finding,1
numerous,1
hedgepeth,1
opens,1
internally,1
national,1
positional,1
position,1
grant,1
cross,1
gists,1
burnt,1
stoneslab,1
rakita,1
documentation,1
contributed,1
rango,1
fauna,1
integrated,1
need,1
betterformed,1
mas,1
plaines,1
exceeding,1
inferentially,1
photograph,1
forming,1
off,1
shells,1
measured,1
scape,1
cost,1
tipped,1
summary,1
anonymous,1
flooding,1
flora,1
offered,1
observation,1
specific,1
midcontinent,1
drift,1
documentamos,1
ated,1
utes,1
andnorton,1
owsley,1
removing,1
commonsense,1
capping,1
klein,1
charged,1
hills,1
contaminant,1
vary,1
inasmuch,1
caracterizado,1
tvansects,1
partial,1
disrupting,1
estructurales,1
euroamerican,1
substantial,1
severely,1
ical,1
subclimax,1
focus,1
earthworks,1
counts,1
recent,1
tract,1
southeastern,1
stripmine,1
couplets,1
sixth,1
close,1
bury,1
dictum,1
deeper,1
parison,1
