WORDCOUNTS,WEIGHT
the,748
and,662
of,632
in,444
a,226
to,168
cahokia,142
at,130
for,127
mississippian,116
by,114
as,114
from,93
university,80
household,79
american,79
edited,70
or,70
that,69
status,68
pp,68
illinois,67
is,66
mound,65
were,65
j,63
on,63
have,61
with,59
phase,57
prestige,56
r,54
moorehead,52
goods,52
m,51
d,50
t,49
shell,48
social,48
production,47
no,46
archaeology,45
are,45
was,42
archaeological,42
bottom,41
be,41
pauketat,40
al,39
but,39
been,39
population,38
et,38
i,37
may,35
there,34
also,34
evidence,34
elites,34
c,33
political,32
lohmann,32
power,32
craft,32
e,31
l,31
changes,31
stirling,31
period,31
not,31
units,30
an,30
exchange,29
mounds,29
some,28
de,28
elite,28
more,27
sand,26
b,26
w,26
between,26
kelly,25
network,25
control,25
building,25
g,24
sample,24
used,24
change,24
these,24
late,23
see,23
later,22
center,22
leadership,22
site,22
societies,22
this,22
construction,22
antiquity,22
palisade,22
s,21
specialization,21
strategy,21
density,21
cambridge,21
has,21
differentiation,21
corporate,20
large,20
p,20
materials,20
strategies,20
milner,20
groups,19
ad,19
labor,19
phases,19
households,19
their,19
artifacts,19
society,19
urbana,19
over,19
complex,18
than,18
mortuary,18
earle,18
differences,17
museum,17
means,17
prairie,17
wealth,17
using,17
la,17
through,17
southeastern,17
marine,16
area,16
rather,16
mean,16
k,16
raw,16
based,16
burial,16
working,16
new,16
while,16
increased,16
other,15
fowler,15
decline,15
community,15
comparisons,14
monumental,14
found,14
residential,14
identified,14
time,14
shift,14
complexity,14
different,14
tract,14
it,13
one,13
into,13
beth,13
ritual,13
higher,13
unit,13
burials,13
prehistoric,13
larger,13
region,13
use,13
individual,13
size,13
group,12
moundville,12
state,12
chiefdoms,12
artifact,12
research,12
only,12
copper,12
emerson,11
papers,11
development,11
journal,11
n,11
anid,11
dc,11
sites,11
database,11
during,11
people,11
nonlocal,11
v,11
made,11
seen,11
paper,11
both,11
early,11
h,10
exotic,10
el,10
activity,10
organization,10
public,10
contexts,10
part,10
knight,10
muller,10
trends,10
annual,10
architecture,10
peregrine,10
floor,10
individuals,10
would,10
we,10
brown,10
emergent,10
trubitt,10
debris,9
archaeologists,9
east,9
vol,9
warfare,9
central,9
study,9
creek,9
centers,9
because,9
y,9
two,9
evolution,9
indicate,9
association,9
built,9
mississippi,8
resources,8
excavations,8
york,8
after,8
archeological,8
nebraska,8
del,8
its,8
structures,8
interpreted,8
presented,8
indicators,8
peak,8
estimates,8
lincoln,8
economic,8
included,8
woodhenges,8
many,8
ideology,8
mill,8
sequence,8
preservation,8
peebles,8
increasing,8
figure,8
bulletin,8
analysis,8
springfield,8
report,8
beginning,8
st,8
outlying,8
although,8
increase,8
brumfiel,7
if,7
tuscaloosa,7
measures,7
investigations,7
eastern,7
porter,7
feinman,7
price,7
houses,7
alabama,7
engraved,7
en,7
vs,7
emergence,7
my,7
cultural,7
networks,7
reflect,7
results,7
limited,7
southern,7
communal,7
treatment,7
grave,7
variation,7
chiefdom,7
rowlands,7
historic,7
kus,7
blanton,7
often,7
types,7
associated,7
each,7
what,7
economy,7
cahokian,7
when,7
world,7
valley,7
approaches,6
sources,6
celts,6
marked,6
decreasing,6
perspective,6
centralization,6
river,6
most,6
plenum,6
had,6
location,6
events,6
beads,6
woodhenge,6
excavated,6
settlement,6
smithsonian,6
notes,6
f,6
press,6
ceremonial,6
implications,6
domination,6
competition,6
examined,6
wisconsin,6
areas,6
present,6
argues,6
discussion,6
which,6
office,6
can,6
chert,6
anthropological,6
series,6
leaders,6
constructions,6
powell,6
lopinot,6
distribution,6
decrease,6
north,6
depuydt,5
they,5
kinds,5
ways,5
western,5
within,5
quantities,5
centralized,5
such,5
calculated,5
relations,5
midcontinental,5
amount,5
friedman,5
archaeologist,5
even,5
look,5
levels,5
arbor,5
plaza,5
prehistory,5
house,5
indications,5
native,5
aspects,5
los,5
data,5
away,5
polity,5
blitz,5
small,5
several,5
ofarchaeology,5
thought,5
same,5
williams,5
functioned,5
renfrew,5
smith,5
monks,5
decreases,5
perhaps,5
another,5
including,5
samples,5
decorated,5
characterized,5
features,5
earlier,5
ann,5
structure,5
versus,5
institution,5
relationship,5
perspectives,5
monuments,5
dimensions,5
discoidals,5
sandstone,5
ancient,5
minerals,5
anthropology,5
argue,5
very,5
suggests,5
level,5
kin,5
much,5
include,5
holley,5
mehrer,5
among,5
meeting,5
titterington,4
studies,4
prentice,4
history,4
lower,4
case,4
representing,4
chiefs,4
que,4
tabulated,4
elements,4
ear,4
like,4
memoir,4
scarry,4
support,4
show,4
additional,4
caches,4
sponemann,4
greater,4
expressed,4
focused,4
appears,4
viewed,4
produced,4
emphasis,4
northern,4
collective,4
regional,4
esarey,4
arkansas,4
ratios,4
steponaitis,4
around,4
up,4
activities,4
populations,4
single,4
noted,4
rise,4
declining,4
toward,4
ceramic,4
pattern,4
fragments,4
patterns,4
monographs,4
increases,4
model,4
material,4
food,4
explorations,4
clear,4
individualized,4
kunnemann,4
ahler,4
do,4
probably,4
axeheads,4
usually,4
monopolize,4
shells,4
igneous,4
posicion,4
then,4
costin,4
griffin,4
specialized,4
welch,4
build,4
whether,4
densities,4
foundations,4
conference,4
multiple,4
november,4
transition,4
locations,4
numerous,4
typically,4
smaller,4
views,4
northwestern,4
focus,4
recent,4
should,4
indicating,4
cited,4
difficult,3
inka,3
estimated,3
uplands,3
stone,3
authority,3
excavation,3
necessarily,3
accentuated,3
women,3
consistent,3
specifically,3
address,3
all,3
sacred,3
relationships,3
woodlands,3
fingerhut,3
controlled,3
includes,3
dynamics,3
since,3
sp,3
interpret,3
jr,3
expected,3
defense,3
maintaining,3
saws,3
moving,3
identification,3
across,3
how,3
similar,3
se,3
prestigio,3
objects,3
linked,3
numbers,3
record,3
mary,3
too,3
resource,3
exotics,3
important,3
highest,3
begun,3
farmsteads,3
demands,3
mesoamerican,3
compared,3
further,3
ranking,3
supporters,3
buried,3
hall,3
schnell,3
monograph,3
well,3
hierarchies,3
role,3
spiro,3
lords,3
london,3
example,3
related,3
where,3
whole,3
survey,3
rituals,3
yerkes,3
own,3
indicator,3
long,3
mineral,3
few,3
june,3
periods,3
led,3
scientific,3
afterad,3
make,3
whelk,3
about,3
chronology,3
volume,3
decoration,3
stronger,3
others,3
death,3
mooreheadphase,3
surrounding,3
outside,3
maya,3
reed,3
examples,3
chiefly,3
previously,3
top,3
factor,3
trend,3
stratification,3
platform,3
rejected,3
trade,3
emphasizing,3
stress,3
health,3
held,3
so,3
variance,3
article,3
department,3
etowah,3
pottery,3
widely,3
continued,3
examine,3
united,3
dead,3
chunkey,3
deposited,3
grand,3
symbolic,3
alternative,3
ratio,3
sizes,3
seem,3
did,3
wall,3
domestic,3
wealthier,3
number,3
las,3
phd,3
investigation,3
terms,3
selected,3
webster,3
larson,3
particular,3
finished,3
attached,3
variability,3
commonly,3
divided,3
layers,3
iseminger,3
goggin,3
comparison,3
specific,3
vessel,3
themselves,3
ends,3
problem,2
final,2
frequent,2
does,2
transportation,2
done,2
common,2
louis,2
village,2
needed,2
residences,2
downplayed,2
identify,2
inequality,2
before,2
gorgets,2
chief,2
being,2
practices,2
repousse,2
melvin,2
either,2
ii,2
taken,2
attempt,2
nature,2
containing,2
georgia,2
principles,2
secondary,2
habitable,2
display,2
marginella,2
thank,2
imported,2
wittry,2
link,2
religion,2
intercambio,2
decentralization,2
date,2
emphasized,2
gifts,2
decreased,2
context,2
posts,2
baton,2
suspect,2
key,2
continuum,2
mass,2
possible,2
prehispanic,2
april,2
reflecting,2
along,2
collection,2
valuables,2
soto,2
factional,2
ranked,2
iron,2
throughout,2
newv,2
review,2
collapse,2
cemeteries,2
fayetteville,2
commoners,2
blades,2
cambio,2
due,2
interior,2
hierarchy,2
reflection,2
relatively,2
tucson,2
z,2
rank,2
clay,2
items,2
document,2
back,2
arranged,2
estimate,2
find,2
indicadores,2
hoes,2
badges,2
adult,2
pronounced,2
walls,2
poor,2
philadelphia,2
legitimation,2
reflects,2
artesanal,2
his,2
developed,2
amnerican,2
calculation,2
proportion,2
columella,2
certain,2
entre,2
winters,2
space,2
periodic,2
maryland,2
intensive,2
presumably,2
age,2
recovered,2
beyond,2
circulating,2
consequence,2
crcaft,2
capping,2
ofanthropological,2
method,2
whereas,2
uses,2
result,2
cahokiana,2
parry,2
missouri,2
out,2
shared,2
halperin,2
correlates,2
cups,2
oklahoma,2
equal,2
thearchaeology,2
recently,2
ceramics,2
hawaiian,2
reinforce,2
cannot,2
applied,2
line,2
work,2
significantly,2
unfinished,2
produccion,2
null,2
woodland,2
archeology,2
maximal,2
focuses,2
archeologist,2
project,2
sociopolitical,2
memoirs,2
stones,2
staple,2
interregional,2
sense,2
field,2
stage,2
saitta,2
mitchell,2
nutritional,2
presence,2
despues,2
visible,2
rolingson,2
cycle,2
developmental,2
tennessee,2
south,2
will,2
trabajo,2
various,2
indicative,2
interdependence,2
pigott,2
above,2
indicates,2
movement,2
modes,2
southeast,2
sponsorship,2
interpretation,2
howland,2
barker,2
traves,2
continuity,2
individualizing,2
reports,2
increasingly,2
krause,2
archaeologically,2
europe,2
addition,2
towards,2
contrasts,2
occurrence,2
rebuilding,2
really,2
surfaces,2
john,2
end,2
feasting,2
external,2
took,2
por,2
frequency,2
children,2
flint,2
reflected,2
monumentales,2
marinas,2
interpreting,2
murdock,2
aggregation,2
robertson,2
tipo,2
range,2
values,2
koldehoff,2
deposits,2
diferencias,2
strongest,2
skeletal,2
dye,2
emphasize,2
resulting,2
questions,2
engaged,2
examination,2
california,2
prep,2
three,2
points,2
symposium,2
times,2
revised,2
conchas,2
drilling,2
crafted,2
renewal,2
especially,2
systems,2
elaborate,2
evolutionary,2
methods,2
computed,2
interpretations,2
anderson,2
james,2
ensities,2
dunham,2
clans,2
palisades,2
european,2
indication,2
drennan,2
segments,2
gums,2
primarily,2
wilson,2
life,2
why,2
expectations,2
hierarchical,2
fall,2
mortality,2
table,2
interpretive,2
sociedad,2
exchanged,2
burned,2
variable,2
monument,2
anitiqluity,2
nass,2
changing,2
simply,2
edelhardt,2
shellworking,2
descent,2
cultures,2
sampson,2
followers,2
ar,2
past,2
living,2
type,2
places,2
america,2
pooled,2
form,2
references,2
coast,2
cause,2
agricultural,2
theory,2
weights,2
produce,2
contain,2
vessels,2
massed,2
researchers,2
prailie,2
pits,2
city,2
became,2
construcciones,2
tried,2
measure,2
lab,2
corporatenetwork,2
crew,2
perino,2
models,2
years,2
disposal,2
nonelite,2
contract,2
washington,2
mode,2
instead,2
need,2
states,2
involving,2
colleagues,2
paraphernalia,2
madison,2
remains,2
quartz,2
pearls,2
needs,2
potential,2
carbon,2
trigger,2
km,2
econiomiiy,2
vary,2
gainesville,2
peabody,2
major,2
arizona,2
hypothesis,2
contacts,1
undergraduate,1
crumley,1
corrects,1
metal,1
microblades,1
chasedunn,1
oriented,1
calibrated,1
calgary,1
way,1
conflicting,1
nassaney,1
holder,1
valle,1
correlation,1
keller,1
stood,1
integrating,1
created,1
functional,1
comnunal,1
europeans,1
reevaluate,1
levers,1
iowa,1
episodes,1
resulted,1
presses,1
implies,1
urbanachampaign,1
spurred,1
introduction,1
evans,1
distributed,1
germany,1
expect,1
conducted,1
diverge,1
closure,1
rogers,1
live,1
schools,1
comunidades,1
alternativas,1
recalculated,1
postdate,1
solidarity,1
strictly,1
peaks,1
inconsistent,1
theamerican,1
compilation,1
esto,1
microliths,1
considerations,1
conical,1
masks,1
hair,1
reduced,1
stcates,1
tifacts,1
minor,1
ncative,1
antiqlity,1
total,1
scientist,1
loyd,1
descriptions,1
wisconsint,1
contact,1
wilt,1
clair,1
disputed,1
baker,1
negative,1
test,1
cutting,1
peaked,1
reprinted,1
ramey,1
inequtality,1
sponsoring,1
upland,1
explaining,1
chacmool,1
revisited,1
jackson,1
implements,1
fortified,1
examino,1
centeron,1
hally,1
tiempo,1
caddoan,1
coexist,1
rchaeologists,1
concentrated,1
easterni,1
might,1
season,1
astronomical,1
worked,1
cessation,1
incomplete,1
cobb,1
england,1
seems,1
gary,1
thus,1
declined,1
hogaresfamiliares,1
available,1
settlemenit,1
menlo,1
micddle,1
tradition,1
leading,1
dominiation,1
agrarian,1
jmary,1
suggesting,1
comno,1
accompanied,1
rebuilt,1
prestigegoods,1
herndon,1
stirlnig,1
spaced,1
mills,1
lumped,1
demographic,1
eusropeani,1
uncovered,1
products,1
alignment,1
thearchaeologyof,1
search,1
copperartifacts,1
separated,1
concepts,1
primitive,1
those,1
robert,1
platforms,1
reading,1
readiness,1
gibson,1
urbanamary,1
declines,1
anthropologyno,1
similarities,1
system,1
post,1
appreciate,1
occasional,1
depending,1
anthlropological,1
effort,1
westview,1
behavioral,1
linear,1
crafters,1
souitheastern,1
unidadesfamiliares,1
companson,1
socialfamiliar,1
robes,1
primary,1
bones,1
bases,1
rebuildings,1
discuss,1
sele,1
march,1
representations,1
design,1
dichotomous,1
skriv,1
uneven,1
placement,1
fcall,1
politics,1
niveles,1
burning,1
kinigcdomii,1
powers,1
greene,1
move,1
obvious,1
fine,1
northwestriverbank,1
west,1
occurring,1
hsousehold,1
point,1
x,1
stioirs,1
processes,1
exchanges,1
cautious,1
quantity,1
still,1
redefining,1
furs,1
economies,1
formula,1
beneath,1
andarchaeological,1
behavior,1
attract,1
signal,1
surplus,1
hudson,1
funded,1
furthering,1
human,1
generalized,1
connecticut,1
natuiral,1
scarborough,1
foramerican,1
lohmiarm,1
iniestrac,1
reverse,1
component,1
quality,1
translating,1
against,1
revelo,1
unpublished,1
characteristic,1
ability,1
ean,1
heterogeneity,1
santa,1
gilman,1
occurs,1
atad,1
coexistence,1
emerges,1
ccahokia,1
assessment,1
preparation,1
holusehiold,1
standardized,1
iterations,1
financing,1
feathers,1
mesoamtierican,1
clark,1
tabulation,1
mercancias,1
circulation,1
response,1
rediscovering,1
young,1
served,1
lineage,1
dimetisions,1
dates,1
egypt,1
kinship,1
transformnation,1
thin,1
fineware,1
storage,1
explore,1
terrace,1
hodder,1
univalves,1
andyerkes,1
patrons,1
longdistance,1
precapitalist,1
strengthening,1
om,1
discovering,1
evolutioni,1
unworked,1
rates,1
deivelopment,1
ridge,1
civilization,1
operation,1
interesting,1
knoxville,1
consumptioni,1
housed,1
fortancient,1
sherrod,1
links,1
centralizacion,1
main,1
writing,1
adds,1
megalithic,1
reign,1
midwest,1
subsistence,1
una,1
active,1
determining,1
supplement,1
eight,1
importance,1
parts,1
intensa,1
comiie,1
special,1
ceramnics,1
dekalb,1
momento,1
white,1
discoveries,1
houisehold,1
scattered,1
front,1
making,1
modified,1
accounts,1
candidate,1
category,1
nonstratified,1
superimpose,1
metropolis,1
cherts,1
varying,1
consider,1
locally,1
possibly,1
ramp,1
statusartifact,1
reconstructing,1
dated,1
proved,1
section,1
producers,1
just,1
squares,1
bruce,1
urats,1
weak,1
argued,1
solid,1
four,1
alta,1
overshadows,1
lithic,1
dept,1
albuquerque,1
encouragement,1
peru,1
isolation,1
reporting,1
undertaken,1
plates,1
puts,1
mooreheadand,1
enfoque,1
ancalysis,1
symbolized,1
eatie,1
coincide,1
strengthen,1
retirement,1
trajectories,1
expresado,1
diachronic,1
closely,1
came,1
whom,1
snodgrass,1
locals,1
could,1
brumflel,1
acknowledgments,1
cahola,1
faunal,1
chipped,1
called,1
midden,1
access,1
discrete,1
flothersites,1
lived,1
changed,1
rooms,1
requirements,1
centrally,1
mcc,1
diet,1
inidiani,1
beles,1
individually,1
initial,1
ethnohistorical,1
bulletini,1
embedded,1
academic,1
householcls,1
examen,1
fourth,1
preston,1
occupation,1
transactions,1
rfo,1
war,1
michigan,1
placed,1
dialectic,1
confirmation,1
foreshadowed,1
mace,1
blake,1
near,1
microdrills,1
memory,1
warriors,1
dower,1
failure,1
gained,1
having,1
unequal,1
calmolia,1
trial,1
meltell,1
honors,1
egalitarian,1
planning,1
residents,1
scienices,1
received,1
muestra,1
locus,1
uits,1
dominicitioi,1
theanalysis,1
county,1
attacked,1
dominance,1
tributary,1
omament,1
naroll,1
tombs,1
symbolism,1
comment,1
woofie,1
pyramids,1
childe,1
surrounds,1
q,1
politica,1
fit,1
art,1
place,1
blffalo,1
northwest,1
jai,1
issues,1
calculating,1
concentrate,1
bareis,1
powellmound,1
ceremonialismn,1
first,1
forces,1
personal,1
assignable,1
stanford,1
estrategia,1
markedly,1
refuse,1
depicting,1
good,1
published,1
creating,1
antiqutity,1
clrrentanthropology,1
mismo,1
least,1
oklahomica,1
theaamerican,1
below,1
corresponds,1
lafase,1
delivered,1
buildings,1
revolution,1
suggest,1
involve,1
tipicamrente,1
holes,1
box,1
lubbub,1
exploraitions,1
interacting,1
emphasizes,1
missoursiarchaeologist,1
family,1
habitation,1
populaltion,1
purdue,1
wider,1
erected,1
prompted,1
pfeiffer,1
weapons,1
villages,1
differing,1
haviland,1
yielded,1
division,1
core,1
dedicated,1
generally,1
rau,1
purification,1
liderazgo,1
hayden,1
gravitated,1
filling,1
citations,1
chaanges,1
gordlon,1
matting,1
comitplex,1
icleology,1
muestran,1
mainfort,1
pot,1
tombigbee,1
am,1
goocds,1
deboer,1
massive,1
knowledge,1
anthropologyanthropological,1
blanket,1
lohmnann,1
fromn,1
portion,1
therefore,1
hatch,1
statuses,1
highlights,1
he,1
diferentes,1
second,1
exterior,1
groundstone,1
absence,1
cottage,1
functioning,1
chase,1
unfenomeno,1
action,1
regionial,1
short,1
service,1
located,1
expansion,1
individuales,1
plans,1
motivated,1
acknowledged,1
theorizing,1
islands,1
nearly,1
exception,1
reorganization,1
strains,1
oneota,1
lilbourn,1
formative,1
moheld,1
harry,1
woods,1
comments,1
sponsored,1
builders,1
ensitie,1
lb,1
distinction,1
maneras,1
thailand,1
ware,1
structural,1
ofl,1
percentage,1
once,1
witty,1
flux,1
communities,1
elaboration,1
makes,1
residence,1
unplowed,1
klnnemnann,1
incrementally,1
under,1
god,1
us,1
mantenido,1
compiled,1
symptomatic,1
lowland,1
home,1
initiation,1
mortulary,1
culture,1
arcs,1
ethnographic,1
ed,1
broad,1
wright,1
nosed,1
indian,1
reply,1
loiuiwui,1
patterning,1
grogtempered,1
thermodynamic,1
haselgrove,1
pans,1
surveyors,1
sector,1
picture,1
useful,1
fill,1
street,1
critiques,1
waselkov,1
skill,1
recenthtwvestigations,1
regents,1
technique,1
mark,1
fragmentation,1
academy,1
honorof,1
put,1
decorative,1
rock,1
missing,1
fact,1
marker,1
valid,1
consideration,1
conplex,1
occupations,1
causa,1
instability,1
sullivan,1
abstract,1
construtction,1
classical,1
identity,1
vernon,1
reallocation,1
edwardsville,1
distributions,1
feedback,1
discussed,1
serious,1
honor,1
channel,1
anthropologist,1
men,1
cup,1
ripley,1
theo,1
watriors,1
plate,1
ascent,1
epigenetic,1
ground,1
formation,1
memnory,1
cainbios,1
il,1
landscape,1
reassertion,1
purposes,1
empire,1
bead,1
accepted,1
florence,1
less,1
forth,1
demuestra,1
meant,1
royal,1
leveling,1
paired,1
focusing,1
collinsville,1
ceremoniial,1
paperback,1
binford,1
downtown,1
vogel,1
complejidad,1
assemblage,1
predynastic,1
shifts,1
explicitly,1
ani,1
demuestro,1
cde,1
regionally,1
anticipate,1
multidisciplinary,1
charted,1
local,1
strings,1
joutrnal,1
crown,1
technologies,1
greatest,1
situated,1
extended,1
rulers,1
reflejan,1
invested,1
solutheasternl,1
staging,1
wailes,1
upon,1
maritime,1
ldeea,1
mortuamy,1
formal,1
looking,1
clustered,1
manifestations,1
ruling,1
crafts,1
lkhmniv,1
debates,1
concern,1
findings,1
waste,1
significant,1
combining,1
largely,1
socutheastern,1
causes,1
maria,1
harvard,1
submitted,1
lows,1
rare,1
mds,1
radiocarbon,1
chosen,1
regions,1
dating,1
involves,1
described,1
significance,1
meanings,1
recentaarchaeological,1
truths,1
oriental,1
ng,1
express,1
inadequate,1
feature,1
organiization,1
peter,1
maintenance,1
blankets,1
foodways,1
thelateprehistoriccahokiacultural,1
try,1
vested,1
gateway,1
axehead,1
currentanthropology,1
reviewers,1
buikstraetal,1
socialmary,1
function,1
cache,1
mask,1
mexico,1
stages,1
paths,1
solstice,1
ted,1
midclle,1
managerial,1
segment,1
nonfunctional,1
cambios,1
repeated,1
quick,1
imosmhead,1
casselberry,1
sandy,1
demarcate,1
conclusions,1
problems,1
amiiericani,1
coercive,1
internal,1
salt,1
mesas,1
editors,1
become,1
relation,1
ornaments,1
piestige,1
frankenstein,1
amalericani,1
artisans,1
higherand,1
unpubl,1
locales,1
henderson,1
adaptations,1
looked,1
copyright,1
morris,1
eites,1
grain,1
connections,1
atlas,1
ersites,1
attention,1
tardfo,1
anatomy,1
grandes,1
dietary,1
labras,1
solar,1
caracteriza,1
suggestion,1
merrell,1
comiimunities,1
kampsville,1
me,1
circulationi,1
viewedfrom,1
reviewer,1
arqueologicos,1
george,1
provide,1
science,1
movements,1
sometimes,1
five,1
foreign,1
antes,1
headdress,1
testing,1
program,1
pieces,1
microcores,1
exacerbated,1
fewer,1
widespread,1
male,1
un,1
deposit,1
strongly,1
rethinking,1
began,1
ofthe,1
lawrence,1
markers,1
transformation,1
recognize,1
sunrises,1
anitiquity,1
nonmound,1
consolidation,1
maces,1
spanning,1
volumes,1
displaying,1
nuragic,1
unusual,1
lever,1
surprising,1
groupsmary,1
centuries,1
aboriginal,1
goodsmary,1
commenting,1
atinnucal,1
poderfue,1
bastions,1
investigate,1
chattahoochee,1
theaarchaeology,1
thick,1
pcalisade,1
considered,1
denisity,1
palisacle,1
freshwater,1
dissertation,1
school,1
regularly,1
abandonment,1
rarely,1
practice,1
quadrilateralshaped,1
mann,1
tensions,1
incised,1
version,1
intensification,1
esan,1
spanish,1
ve,1
measurements,1
dividing,1
athens,1
hernando,1
extensive,1
ever,1
andbetween,1
misisipf,1
missourimary,1
constructed,1
masses,1
vacant,1
carbondale,1
bullen,1
phillips,1
calendars,1
sweden,1
organizational,1
dedicatory,1
estas,1
satellite,1
ont,1
verify,1
colorado,1
compartisons,1
dimension,1
books,1
markings,1
reversal,1
interested,1
hopewell,1
board,1
usmg,1
capital,1
julien,1
contextual,1
demange,1
civic,1
heterarchy,1
preclassic,1
sttus,1
terraced,1
gregg,1
prestigiosas,1
plazas,1
crafting,1
associations,1
historical,1
examining,1
going,1
tracts,1
distinctive,1
dalan,1
papeis,1
u,1
rural,1
february,1
bisabarros,1
destroyed,1
animal,1
researching,1
declive,1
game,1
construccion,1
molund,1
proceedings,1
idlentity,1
transfers,1
circles,1
unique,1
tle,1
them,1
stability,1
typologies,1
elitefue,1
involvement,1
maintain,1
calculations,1
centralisation,1
ruin,1
cenitral,1
rolling,1
extent,1
surveying,1
clultur,1
institute,1
toancient,1
cloth,1
sarld,1
observations,1
goodman,1
virginia,1
isotopic,1
ontheamerican,1
arkansasarcheological,1
urban,1
categories,1
equinox,1
mississippiani,1
middle,1
spaces,1
socioeconomic,1
farmstead,1
thearea,1
refinement,1
cercamics,1
firlinig,1
african,1
durable,1
atcahokia,1
commissioned,1
prehistoricamerican,1
completed,1
possessions,1
manufacturing,1
soluces,1
phenomenon,1
indians,1
deities,1
maintained,1
think,1
ese,1
praiiie,1
our,1
prepared,1
suppressed,1
named,1
fortier,1
origins,1
ultimately,1
drafts,1
difference,1
reveals,1
cutrrenttanthropology,1
generate,1
lands,1
surface,1
edeiharct,1
intensified,1
bbb,1
knights,1
protohistoric,1
institutional,1
hsousehol,1
finally,1
explanation,1
parallels,1
rakita,1
contributed,1
offer,1
integrated,1
consumption,1
specialists,1
socialarchaeology,1
manufacture,1
temporal,1
mas,1
formulae,1
crafty,1
inequalities,1
nonmarket,1
americani,1
willoughby,1
anonymous,1
moved,1
observation,1
charles,1
midcontinent,1
rice,1
best,1
distinctions,1
worldsystem,1
clarify,1
iito,1
calhokia,1
mason,1
pathways,1
lily,1
nucleation,1
reached,1
norman,1
submound,1
deposition,1
interaction,1
aumento,1
gulf,1
earthworks,1
counts,1
strong,1
ab,1
observed,1
pairs,1
abraders,1
delineate,1
deficiency,1
molluscan,1
roles,1
draft,1
estrategias,1
occur,1
heterogeneous,1
