WORDCOUNTS,WEIGHT
the,295
and,203
of,193
in,170
solutrean,75
a,72
de,66
to,66
by,62
is,50
are,48
as,40
clovis,38
that,34
la,34
or,32
for,31
with,30
from,30
edited,28
points,27
on,26
new,24
at,22
there,22
have,21
been,20
no,19
lithic,19
el,18
straus,18
this,18
europe,17
was,16
were,16
bp,15
world,15
evidence,15
glacial,14
during,14
between,14
other,13
technology,13
not,13
last,12
en,12
le,12
pp,12
france,12
some,11
american,11
more,11
one,10
dates,10
y,10
than,10
an,10
paleolithic,10
late,10
well,10
del,10
antler,10
spain,10
which,10
be,10
it,9
common,9
j,9
has,9
human,9
r,9
even,9
radiocarbon,9
cantabrian,9
soffer,9
art,9
c,9
north,9
they,8
bifacial,8
i,8
projectile,8
such,8
point,8
solutrense,8
york,8
university,8
n,8
upper,8
sites,8
et,8
concave,8
southern,8
al,8
but,8
many,8
paris,8
pieces,8
both,8
maximum,8
stone,7
western,7
bone,7
cave,7
most,7
m,7
shouldered,7
london,7
its,7
people,7
backed,7
about,7
these,7
time,7
very,7
although,7
ca,7
du,6
all,6
eastern,6
far,6
may,6
plenum,6
prehistoric,6
could,6
found,6
liege,6
regions,6
settlement,6
research,6
limited,6
only,6
southwest,6
antiquity,6
dans,6
arte,6
foliate,6
different,6
lg,6
early,6
feuilles,6
technological,6
now,5
e,5
true,5
before,5
atlantic,5
hunting,5
marine,5
british,5
america,5
basal,5
clark,5
eraul,5
base,5
cultural,5
engraved,5
used,5
archaeology,5
variety,5
unwin,5
stemmed,5
native,5
made,5
magdalenian,5
mainly,5
northern,5
solutreen,5
any,5
geographic,5
las,5
des,5
years,5
altamira,4
large,4
organic,4
first,4
humans,4
seems,4
peopling,4
portugal,4
possible,4
que,4
southwestern,4
unpublished,4
g,4
old,4
seal,4
l,4
bifaces,4
b,4
nor,4
artistic,4
p,4
pleistocene,4
los,4
tanged,4
mediterranean,4
f,4
ice,4
also,4
zilhao,4
where,4
technologies,4
range,4
kostenki,4
rare,4
would,4
european,4
science,4
area,4
gonzalez,4
current,4
while,4
techniques,4
foreshafts,4
iberian,4
isles,4
specific,4
km,4
northwestern,4
given,4
among,4
major,4
hypothesis,4
convergence,3
replaced,3
into,3
freeman,3
either,3
plisson,3
retouched,3
state,3
bladelets,3
similarities,3
depending,3
ornamentation,3
cited,3
bonnichsen,3
beveled,3
since,3
excavations,3
evidencia,3
refugia,3
traditions,3
americans,3
whose,3
absent,3
mammoth,3
certain,3
study,3
prehistory,3
numbers,3
age,3
resource,3
peninsula,3
exploitation,3
flakes,3
whereas,3
my,3
portable,3
appearance,3
ocean,3
occupation,3
wealth,3
artifacts,3
least,3
straight,3
parpallo,3
several,3
few,3
presence,3
society,3
various,3
classic,3
southeast,3
cosquer,3
others,3
rock,3
pleniglacial,3
fact,3
diverse,3
forms,3
see,3
iberia,3
number,3
link,3
including,3
use,3
similar,3
their,3
characterized,3
period,3
jk,3
k,3
widely,3
un,3
thinning,3
often,3
united,3
osseous,3
simply,3
set,3
over,3
anthropological,3
anthropology,3
sizes,3
ivory,3
just,3
living,3
phd,3
making,3
distribution,3
paleolftico,3
morales,3
sea,3
arguments,3
phenomenon,3
until,3
grotte,3
d,3
states,3
paleoindian,3
riera,3
arizona,3
o,2
northernmost,2
red,2
crossing,2
germany,2
highly,2
h,2
drawings,2
occurred,2
total,2
limestone,2
cv,2
invention,2
ii,2
taken,2
actual,2
worked,2
england,2
asia,2
tradition,2
suggesting,2
thank,2
differences,2
origin,2
dincauze,2
cacho,2
con,2
bones,2
me,2
quantities,2
activity,2
newsweek,2
collection,2
diversity,2
implements,2
includes,2
review,2
blades,2
mm,2
attested,2
slabs,2
norte,2
palaeolithic,2
parallelism,2
elements,2
shaft,2
ocio,2
removals,2
mammal,2
journal,2
apparently,2
handful,2
ripoll,2
site,2
oxford,2
recognized,2
principally,2
rupestre,2
factual,2
superficial,2
across,2
una,2
blanks,2
after,2
entre,2
resettlement,2
otte,2
unifacial,2
cornisa,2
belgium,2
les,2
gradually,2
bruce,2
shore,2
origins,2
afonso,2
hemmings,2
charcoal,2
raw,2
had,2
based,2
public,2
typical,2
academic,2
rei,2
desde,2
indirect,2
tools,2
europa,2
fish,2
record,2
universidad,2
lgm,2
blade,2
part,2
projectiles,2
thoughts,2
middle,2
spearthrower,2
stanford,2
artifact,2
attributed,2
flaking,2
hard,2
corresponds,2
tempe,2
prehistorique,2
around,2
heat,2
este,2
certainly,2
credible,2
generally,2
geneste,2
cite,2
south,2
gravettian,2
absence,2
attributable,2
scientific,2
populations,2
recolonisation,2
wrench,2
sobre,2
make,2
reference,2
chronology,2
us,2
included,2
hay,2
two,2
department,2
transatlantic,2
french,2
sensu,2
smith,2
krupa,2
tampoco,2
man,2
do,2
strategies,2
material,2
lateglacial,2
degree,2
local,2
credit,2
vast,2
examples,2
assemblages,2
maritime,2
asian,2
largely,2
ideas,2
tips,2
pack,2
open,2
reality,2
congreso,2
times,2
so,2
distinction,2
mammals,2
earlier,2
zamora,2
ribbon,2
can,2
climap,2
hunters,2
percent,2
adaptations,2
invented,2
occupied,2
lo,2
fullola,2
cova,2
independent,2
sometimes,2
antes,2
arqueologia,2
primarily,2
bulletin,2
es,2
types,2
associated,2
practice,2
meadowcroft,2
terrestrial,2
archeologists,2
simek,2
postglacial,2
paper,2
specialized,2
seem,2
half,2
dated,2
collins,2
guy,2
distinctive,2
merely,2
animal,2
according,2
estremadura,2
proceedings,2
them,2
ones,2
varying,2
nearby,2
housley,2
adaptation,2
scavenged,2
yorker,2
when,2
basally,2
despite,2
press,2
invasive,2
much,2
cual,2
cambridge,2
web,2
national,2
ended,2
include,2
sur,2
oldest,2
remains,2
am,2
retouch,2
balbin,2
debate,2
images,2
recent,2
altamente,1
frequent,1
go,1
bassin,1
portuguese,1
along,1
edge,1
fj,1
humanos,1
greenman,1
if,1
concerned,1
later,1
stylistic,1
spearpoints,1
groups,1
emerson,1
functional,1
universite,1
represent,1
extreme,1
extend,1
environmental,1
servei,1
northeast,1
durante,1
totally,1
paleolitico,1
notably,1
center,1
conducted,1
boca,1
concavity,1
lahren,1
kinds,1
putative,1
importantes,1
pel,1
formed,1
habitats,1
specialist,1
summaries,1
ways,1
rounded,1
completely,1
mgonzdlez,1
explainable,1
easily,1
candidate,1
blameless,1
ms,1
nord,1
grasslands,1
trace,1
policy,1
position,1
excavation,1
gamble,1
acquainted,1
nuevas,1
foragers,1
madximo,1
materials,1
bahn,1
arms,1
jochim,1
being,1
said,1
haynes,1
lateral,1
long,1
supposedly,1
posed,1
production,1
andalucfa,1
repertoire,1
quaternaire,1
ingenuity,1
attempts,1
might,1
anywhere,1
loire,1
subject,1
salmon,1
shaped,1
height,1
available,1
together,1
accompanied,1
sudouest,1
reasons,1
rich,1
ephemeral,1
complejo,1
composition,1
resulting,1
real,1
subsequent,1
feature,1
friezes,1
nm,1
murray,1
ardennes,1
mr,1
those,1
creativity,1
opposite,1
magdaleniense,1
within,1
lugar,1
context,1
papers,1
daf,1
uu,1
contents,1
balbfn,1
issue,1
complutum,1
invasively,1
occasional,1
resemblances,1
corresponded,1
dissemination,1
sophisticated,1
dr,1
plain,1
cma,1
assertions,1
bases,1
mass,1
approximations,1
disseminated,1
asturias,1
vol,1
facially,1
prior,1
fervedes,1
leakey,1
laville,1
spiten,1
slight,1
suplawrence,1
solely,1
october,1
crossed,1
taking,1
variations,1
palaolithikums,1
burins,1
resources,1
reindeer,1
above,1
technocomplex,1
undoubtedly,1
punto,1
buxu,1
courtin,1
lariera,1
cantabrica,1
exist,1
hombre,1
central,1
overshoot,1
descendents,1
thus,1
foz,1
differential,1
bracketed,1
relationships,1
madrid,1
facts,1
representations,1
sapiens,1
quality,1
due,1
against,1
september,1
excepcional,1
integral,1
esturo,1
hace,1
relatively,1
ability,1
prehistoria,1
leaf,1
coa,1
encyclopedia,1
materially,1
insofar,1
rooted,1
mueble,1
montana,1
asymmetrical,1
seaboard,1
estimates,1
altogether,1
distinct,1
developments,1
items,1
immigrants,1
hplisson,1
treeless,1
endand,1
bay,1
david,1
perspective,1
laiterie,1
pierre,1
ante,1
panorama,1
salpetrian,1
ally,1
effective,1
publications,1
determinations,1
prghistoriquefrangaise,1
archaeologist,1
mediterrnnea,1
occidental,1
actividad,1
boom,1
deeply,1
lejeune,1
dearqueologia,1
varias,1
iberians,1
reknowned,1
algunas,1
industries,1
costa,1
mb,1
recolonization,1
gallia,1
jmfullola,1
candidato,1
genuinely,1
exact,1
underway,1
rather,1
his,1
camp,1
homo,1
centered,1
developed,1
quatar,1
landscape,1
levels,1
ebro,1
coastal,1
exercise,1
ungulate,1
represented,1
elsevier,1
killing,1
jsackett,1
lasted,1
menos,1
landscapes,1
percussion,1
direct,1
recently,1
andalusia,1
liticas,1
aquatic,1
portuguesa,1
oceano,1
predation,1
feel,1
animals,1
cueva,1
space,1
supposed,1
replete,1
lsb,1
support,1
lives,1
solutions,1
territorialism,1
provinces,1
separado,1
franfaise,1
biased,1
river,1
meltzer,1
aura,1
teaches,1
presumably,1
clearly,1
loess,1
proposed,1
dena,1
alcolea,1
show,1
alta,1
delforum,1
superior,1
additional,1
albuquerque,1
surface,1
monografias,1
polar,1
exceed,1
followed,1
tete,1
painted,1
instance,1
archeological,1
vale,1
bweninger,1
helped,1
article,1
providing,1
view,1
pileta,1
tecnologias,1
candamo,1
constructive,1
muiioz,1
yielding,1
moving,1
standards,1
result,1
closely,1
came,1
chronologie,1
whom,1
societe,1
walk,1
santander,1
iberique,1
comments,1
basin,1
rensink,1
faunal,1
search,1
treatments,1
cuanto,1
behavioral,1
lived,1
out,1
estudios,1
international,1
fishing,1
austin,1
contexte,1
espagnole,1
zone,1
existen,1
cores,1
im,1
directams,1
kennewick,1
entonces,1
standardized,1
though,1
subsisted,1
hacia,1
especialmente,1
michigan,1
skilled,1
separatedfrom,1
burial,1
freund,1
aunque,1
neither,1
produced,1
fulfill,1
transberingian,1
industria,1
otherwise,1
barbs,1
absolute,1
aridity,1
mobiliar,1
badegoulian,1
wide,1
acknowledgments,1
flaked,1
nordlichen,1
concebible,1
technical,1
because,1
aspects,1
archdologisches,1
having,1
episode,1
degrees,1
relief,1
latitud,1
makers,1
pesca,1
publish,1
received,1
steep,1
phenomena,1
tool,1
carry,1
neverfluted,1
prominent,1
story,1
su,1
anadromous,1
example,1
jvertut,1
proportions,1
related,1
jalcolea,1
copyright,1
whole,1
faunas,1
older,1
jcourtin,1
place,1
overtly,1
unos,1
mollusc,1
work,1
actually,1
reoccupied,1
dedicados,1
documented,1
universidade,1
caza,1
couple,1
floes,1
interpreted,1
lithics,1
travesia,1
obermaier,1
earth,1
change,1
folsomage,1
engravings,1
working,1
cold,1
distances,1
suggest,1
bifaciallyworked,1
rhomboidally,1
contrast,1
cope,1
diagnostic,1
bank,1
small,1
navigated,1
reflexiones,1
characteristics,1
menendez,1
lynne,1
hafting,1
components,1
executed,1
catalonia,1
industry,1
corvallis,1
essentially,1
texas,1
latest,1
impossible,1
da,1
whatsoever,1
temps,1
fully,1
up,1
estuvieron,1
und,1
bois,1
peculiar,1
notes,1
value,1
grateful,1
fluted,1
deer,1
rest,1
ochre,1
lapileta,1
periods,1
survived,1
span,1
will,1
consideraciones,1
kozlowski,1
porito,1
partially,1
estuaries,1
investigating,1
reoccurred,1
ramifications,1
back,1
implications,1
minor,1
onset,1
academia,1
laurel,1
letters,1
inventiveness,1
short,1
indeed,1
supuesto,1
located,1
labeled,1
reinvented,1
brief,1
prove,1
still,1
estado,1
surviving,1
basque,1
raton,1
habria,1
actuales,1
abrupt,1
ministerio,1
inicio,1
bpi,1
spectacular,1
biological,1
relationship,1
foot,1
espafiola,1
yet,1
peregrine,1
prof,1
wake,1
represents,1
schmider,1
requiring,1
belgianforum,1
geochronology,1
kluwer,1
fluting,1
array,1
under,1
restricted,1
formally,1
clash,1
latitude,1
parsimonious,1
parte,1
lowland,1
ams,1
cahiers,1
nerja,1
already,1
climatic,1
prehistoire,1
dado,1
regional,1
magdaleniens,1
stones,1
fairly,1
social,1
hallmark,1
muy,1
street,1
pyrenean,1
technique,1
journey,1
again,1
fin,1
similarly,1
put,1
decorative,1
villaverde,1
addition,1
mdn,1
spear,1
overshot,1
cantdbrica,1
shows,1
idea,1
luis,1
treatment,1
riverine,1
areas,1
phalanx,1
pressure,1
occupations,1
meuse,1
techocomplex,1
museu,1
peninsule,1
presente,1
doubt,1
descended,1
levante,1
distributions,1
seafarers,1
kw,1
ages,1
conclusions,1
enough,1
adjacent,1
v,1
geography,1
centre,1
derivative,1
creature,1
mammalian,1
oregon,1
murr,1
accepted,1
establish,1
trabajos,1
michael,1
less,1
boats,1
coincided,1
council,1
presages,1
por,1
deep,1
concocimiento,1
capacities,1
fuera,1
nueva,1
teeth,1
como,1
distance,1
style,1
chalcolithic,1
bas,1
argument,1
ecent,1
worldarchaeology,1
boat,1
another,1
original,1
hechos,1
classes,1
overshooting,1
extended,1
discussion,1
newyork,1
explanation,1
blattspitzen,1
region,1
diferencias,1
conceivable,1
previously,1
bazile,1
francia,1
increase,1
lart,1
manifestations,1
pointes,1
medium,1
warming,1
skeletal,1
empirical,1
begley,1
outliers,1
significant,1
food,1
repertory,1
fourneau,1
excavaciones,1
openair,1
sellet,1
virtually,1
territorialisme,1
trend,1
gonzdlez,1
nothing,1
mds,1
california,1
dating,1
netherlands,1
described,1
roberts,1
finally,1
cultura,1
futile,1
significance,1
archaeological,1
stress,1
bonn,1
glaciaires,1
like,1
revised,1
general,1
caso,1
high,1
mexico,1
windy,1
mountain,1
attributing,1
misunderstanding,1
preservation,1
latitudinally,1
standard,1
echegaray,1
repeated,1
combe,1
especially,1
maison,1
je,1
editors,1
narrow,1
respectively,1
preston,1
crc,1
foreland,1
availability,1
concavities,1
probably,1
slightly,1
horse,1
muff,1
figures,1
we,1
dryas,1
professional,1
ago,1
controversial,1
propose,1
mil,1
parsimoniously,1
depressed,1
tradiciones,1
penguin,1
iberica,1
zephyrus,1
today,1
perspectives,1
africa,1
particular,1
stream,1
usually,1
anos,1
suggestive,1
claimed,1
roast,1
vertut,1
lines,1
thermal,1
ppettitt,1
insufficient,1
widespread,1
worldwide,1
who,1
lost,1
colonizers,1
seen,1
lawrence,1
plains,1
length,1
littoral,1
successor,1
introductory,1
inas,1
pristine,1
analysis,1
badeguliense,1
chamois,1
frontier,1
peripheries,1
ing,1
rebuffed,1
exists,1
face,1
resemble,1
deerslayers,1
faunes,1
forests,1
eyed,1
freshwater,1
circumscribed,1
fagnart,1
proof,1
suggestions,1
stratigraphic,1
then,1
andardales,1
paleolithikums,1
girona,1
seafaring,1
tang,1
finest,1
must,1
partida,1
struck,1
ever,1
fruhmesolithikums,1
endowed,1
paleolithique,1
korrespondenzblatt,1
bronze,1
charles,1
perforated,1
intensely,1
rigaud,1
sciences,1
here,1
quaternary,1
islas,1
atldntico,1
mstreet,1
burination,1
defining,1
berkeley,1
rear,1
country,1
drea,1
valencia,1
migration,1
abandonment,1
roc,1
authorities,1
fabrication,1
did,1
mamiferos,1
barcelona,1
anios,1
wall,1
rheinland,1
universal,1
regard,1
olas,1
visiting,1
report,1
pigment,1
dennis,1
foundation,1
iii,1
ideological,1
particularly,1
linked,1
visits,1
interconnection,1
u,1
works,1
absolutely,1
foliates,1
advances,1
better,1
places,1
aparicion,1
game,1
unlikely,1
bajo,1
bordeaux,1
what,1
carefully,1
terms,1
form,1
namely,1
references,1
coast,1
independently,1
sus,1
firmly,1
theory,1
supplemented,1
consisting,1
waters,1
prismatic,1
require,1
mediterrani,1
catalana,1
yield,1
information,1
sauniere,1
erikson,1
congresso,1
virginia,1
arqueria,1
museo,1
herd,1
radibcarbon,1
cluster,1
finished,1
translated,1
seductive,1
meseta,1
fosil,1
son,1
lisbon,1
stuiver,1
through,1
rocksheltersoftheperigordacademic,1
hubo,1
rasilla,1
centro,1
aquella,1
easy,1
butlleti,1
die,1
tried,1
lies,1
gulf,1
conventional,1
taborin,1
manufacturing,1
bradley,1
auin,1
mention,1
resultado,1
viviendo,1
writing,1
inverosimil,1
multiply,1
ibex,1
come,1
perspectiva,1
taylor,1
novedades,1
editor,1
artistica,1
average,1
sud,1
rockshelter,1
beyond,1
newsletter,1
wish,1
uncalibrated,1
land,1
smaller,1
attributes,1
ee,1
contamination,1
playing,1
defined,1
off,1
shells,1
fue,1
spalls,1
campaign,1
environnements,1
gisement,1
comparison,1
supported,1
news,1
clarify,1
plethora,1
debellesarts,1
pyrotechnology,1
butchering,1
tuvieron,1
needle,1
chicago,1
obligation,1
prehistorian,1
parisien,1
valley,1
pefla,1
afos,1
develop,1
huckell,1
stormy,1
santjordi,1
strong,1
whenever,1
cba,1
cross,1
gentes,1
should,1
building,1
imposible,1
primera,1
bibliotek,1
corchon,1
gran,1
grants,1
