WORDCOUNTS,WEIGHT
the,1120
of,690
and,402
to,357
in,307
a,277
that,144
as,114
or,104
this,99
at,97
was,94
with,93
from,93
by,92
period,92
on,88
hohokam,85
traits,80
have,78
are,75
new,73
is,70
diffusion,66
for,63
no,62
which,61
pattern,59
these,56
were,54
great,52
culture,50
been,50
north,50
arizona,50
an,48
one,46
be,46
it,45
not,45
local,44
ad,42
site,42
other,41
court,41
some,41
type,41
between,41
pioneer,40
san,40
area,40
group,38
population,38
sites,38
probably,38
colonial,38
gila,37
into,36
time,34
intercommunity,34
might,33
community,33
unit,32
mexico,32
ball,31
its,31
southern,31
but,31
more,31
also,31
kivas,31
alkali,30
lodge,29
such,29
american,28
phase,28
each,28
early,28
i,27
hakataya,27
during,27
kiva,27
vol,26
only,26
southwest,26
introduced,26
they,25
lower,25
cultural,25
later,24
fig,24
than,24
creek,24
orientation,24
others,24
juan,24
within,23
their,23
about,23
ranch,23
groups,22
complex,22
tradition,22
river,22
pp,22
ideas,22
there,21
development,21
may,21
ridge,21
had,21
houses,21
indigenous,21
ceremonial,21
same,21
pit,21
unregulated,21
courts,20
mogollon,20
appears,20
south,20
seems,19
large,19
similar,19
though,19
two,19
where,19
perhaps,19
trade,19
types,19
any,19
little,19
among,19
well,18
associated,18
regulated,18
those,17
few,17
communities,17
contemporary,17
anasazi,17
structure,17
pottery,17
along,16
items,16
butte,16
derived,16
possibly,16
late,16
related,16
another,16
earlier,16
changes,16
when,16
snaketown,16
first,15
west,15
data,15
has,15
through,15
near,14
east,14
times,14
would,14
represent,13
village,13
stone,13
x,13
pueblo,13
irrigation,13
suggest,13
small,13
lack,13
idea,13
present,13
northern,13
material,13
colorado,13
region,13
introduction,12
being,12
date,12
santa,12
most,12
found,12
settlement,12
several,12
direction,12
exhibit,12
use,12
university,12
known,12
exhibits,12
both,12
specific,12
valley,12
e,11
occurred,11
since,11
tucson,11
dates,11
process,11
w,11
concept,11
place,11
structures,11
change,11
verde,11
social,11
appeared,11
patterns,11
do,11
trait,11
antiquity,11
over,11
lodges,11
johnson,11
occur,11
southeastern,11
oriented,10
if,10
tres,10
different,10
all,10
drainage,10
rather,10
surface,10
appear,10
southeast,10
bear,10
regions,10
forestdale,10
specialized,10
according,10
form,10
ruin,10
salt,10
moved,10
reached,10
locale,9
possible,9
square,9
house,9
four,9
route,9
rectangular,9
cruz,9
larger,9
contacts,9
operated,9
architectural,9
can,9
table,9
seem,9
extent,9
suggests,9
vessels,9
presence,9
affected,8
could,8
prior,8
southwestern,8
elements,8
old,8
scattered,8
shell,8
suggested,8
mesoamerican,8
schroeder,8
stage,8
around,8
located,8
areas,8
farming,8
simon,8
alamos,8
who,8
transmittal,8
far,8
transmitted,8
gladwin,8
evidence,8
much,8
should,8
market,7
center,7
h,7
diffused,7
above,7
points,7
due,7
adopted,7
like,7
via,7
certain,7
n,7
upper,7
based,7
relating,7
centers,7
out,7
neighboring,7
wherein,7
own,7
traders,7
up,7
society,7
various,7
dwellings,7
museum,7
fit,7
sociological,7
wasley,7
decoration,7
took,7
colony,7
number,7
archaeological,7
recipient,7
contact,7
archaeology,7
indicate,7
environment,7
ft,7
intrusion,7
beginning,7
middle,7
altered,7
city,7
built,7
carved,6
common,6
red,6
trash,6
replaced,6
either,6
s,6
farther,6
design,6
figs,6
point,6
brew,6
thus,6
without,6
developed,6
basic,6
subsistence,6
after,6
undoubtedly,6
front,6
developments,6
ariz,6
appearance,6
excavations,6
haury,6
because,6
basis,6
flagstaff,6
expansion,6
exception,6
expanded,6
single,6
represents,6
complete,6
formalized,6
ceramic,6
many,6
plan,6
functionally,6
lake,6
previous,6
so,6
we,6
sacaton,6
incised,6
must,6
country,6
cultures,6
did,6
wall,6
particular,6
agricultural,6
transition,6
washington,6
chicago,6
now,5
donor,5
mexican,5
western,5
ackmen,5
available,5
suggesting,5
side,5
globe,5
mass,5
account,5
ritual,5
de,5
nor,5
storage,5
his,5
lacking,5
prehistoric,5
pursuits,5
medallion,5
contiguous,5
required,5
criteria,5
degrees,5
casa,5
people,5
least,5
trading,5
involved,5
yielded,5
activities,5
herein,5
formative,5
reconstruction,5
sinagua,5
survey,5
three,5
blend,5
features,5
craft,5
durango,5
continued,5
complexes,5
constructed,5
intrusive,5
wauchope,5
evident,5
whether,5
controls,5
adapted,5
basketmaker,5
association,5
c,5
comparable,5
major,5
does,4
estimated,4
indicated,4
determine,4
needed,4
agua,4
di,4
excavation,4
culturally,4
differences,4
hunting,4
designs,4
similarities,4
eastern,4
agriculture,4
placement,4
determined,4
canyon,4
labor,4
central,4
chaco,4
occurs,4
amount,4
served,4
compared,4
general,4
pochteca,4
coastal,4
represented,4
connected,4
direct,4
support,4
latter,4
prehistory,4
established,4
differs,4
additional,4
beyond,4
utah,4
fria,4
rooms,4
r,4
chalchihuites,4
brought,4
whole,4
rituals,4
periods,4
will,4
led,4
situation,4
variety,4
etc,4
natural,4
addition,4
discussed,4
roof,4
accepted,4
less,4
distance,4
assemblage,4
made,4
previously,4
crafts,4
ethnic,4
rare,4
individual,4
spread,4
assuming,4
instruction,4
men,4
corners,4
differ,4
basically,4
political,4
separate,4
carried,4
imply,4
bulletin,4
responsible,4
anthropological,4
then,4
following,4
control,4
them,4
seasonal,4
while,4
size,4
pits,4
shown,4
similarity,4
increased,4
archaic,4
menasha,4
entire,4
liaison,4
metal,3
way,3
created,3
environmental,3
resulted,3
northeast,3
tonto,3
easily,3
park,3
necessarily,3
before,3
gap,3
long,3
every,3
planting,3
rapid,3
concepts,3
duality,3
peso,3
papers,3
nomadic,3
case,3
occasional,3
plain,3
recorded,3
mutual,3
quantity,3
correlation,3
framework,3
centralized,3
relationships,3
expected,3
canal,3
archaeologist,3
terrace,3
traditions,3
acted,3
operation,3
residence,3
how,3
junction,3
cremation,3
b,3
tree,3
factors,3
periodic,3
means,3
settled,3
plus,3
dated,3
recovered,3
conquest,3
greater,3
path,3
basin,3
sedentary,3
density,3
circular,3
cannot,3
hypothetical,3
dwelling,3
method,3
aspects,3
pedro,3
part,3
memoirs,3
earth,3
below,3
quite,3
accomplished,3
newly,3
gordon,3
survived,3
portion,3
units,3
arrangement,3
territorial,3
materials,3
economic,3
released,3
brief,3
grande,3
still,3
ware,3
yet,3
interpretation,3
ring,3
included,3
already,3
noted,3
again,3
added,3
fact,3
occurrence,3
end,3
simple,3
maker,3
sayles,3
existing,3
paloparado,3
style,3
degree,3
width,3
upon,3
desert,3
trader,3
including,3
canals,3
traded,3
willey,3
nothing,3
national,3
leader,3
dating,3
historic,3
dominated,3
decorated,3
adjacent,3
need,3
fairly,3
science,3
obtained,3
referred,3
strongly,3
existed,3
itself,3
earliest,3
considered,3
phillips,3
post,3
basket,3
differed,3
sierra,3
cremations,3
distribution,3
adaptation,3
influenced,3
emphasis,3
plata,3
recipients,3
kin,3
adjoining,3
move,3
states,3
shift,3
needs,3
charles,3
patrilineal,3
close,3
hypothesis,3
overlaid,2
problem,2
exhibiting,2
nonfunctionally,2
jacal,2
identity,2
f,2
mountains,2
subsystems,2
trench,2
maize,2
pines,2
formed,2
rogers,2
completely,2
sudden,2
studies,2
boulder,2
diffuse,2
acceptance,2
lowry,2
bend,2
source,2
practices,2
women,2
round,2
consistent,2
archaeologists,2
davis,2
preceding,2
connection,2
exclusive,2
ii,2
taken,2
season,2
actual,2
departure,2
loom,2
imported,2
locality,2
resulting,2
last,2
madre,2
state,2
influences,2
robert,2
normal,2
context,2
el,2
posts,2
alfred,2
iii,2
autonomous,2
motion,2
replacement,2
activity,2
international,2
combination,2
variations,2
very,2
considerably,2
representing,2
controlled,2
throughout,2
sinaloa,2
grooves,2
terraces,2
neighbors,2
interest,2
gunnerson,2
dick,2
comprised,2
forced,2
transitional,2
cases,2
concerning,2
roamed,2
slab,2
preformative,2
nayarit,2
kelly,2
journal,2
operative,2
leadership,2
plant,2
opposed,2
york,2
essential,2
camp,2
l,2
growth,2
centered,2
housing,2
balanced,2
ceramics,2
special,2
nos,2
study,2
influence,2
gathering,2
wash,2
category,2
discernible,2
varying,2
consider,2
familiar,2
retained,2
descent,2
organized,2
branch,2
linked,2
former,2
slate,2
albuquerque,2
undertaken,2
definite,2
instance,2
result,2
petrified,2
medicine,2
typical,2
p,2
constantly,2
almost,2
base,2
lava,2
prescott,2
tools,2
scale,2
placed,2
hodge,2
possibility,2
information,2
colonies,2
trial,2
line,2
unexcavated,2
artifacts,2
used,2
work,2
civil,2
discussions,2
intermediate,2
postulated,2
cibola,2
contains,2
cluster,2
away,2
reflect,2
buff,2
horizon,2
wheat,2
refuse,2
someone,2
steward,2
yuman,2
sufficient,2
buefia,2
newcomers,2
culb,2
niches,2
climate,2
distinguished,2
tended,2
broadline,2
majority,2
results,2
intermarriage,2
likely,2
mesa,2
techniques,2
indicates,2
palettes,2
comments,2
abrupt,2
religious,2
vicinity,2
relationship,2
frank,2
flannery,2
emil,2
thought,2
albert,2
restricted,2
chronology,2
ancient,2
home,2
light,2
dropped,2
rubbish,2
floor,2
largest,2
regional,2
maintained,2
functioned,2
stones,2
rings,2
oral,2
paul,2
comparison,2
toward,2
death,2
legged,2
flat,2
rock,2
outside,2
amerind,2
lacks,2
bluff,2
diameter,2
considerable,2
never,2
ground,2
model,2
council,2
practice,2
cohonina,2
intangible,2
maya,2
original,2
candeleros,2
theirs,2
rivers,2
factor,2
harvard,2
insure,2
exhibited,2
whitewater,2
california,2
nuclear,2
low,2
dragoon,2
accounted,2
good,2
enriched,2
breternitz,2
article,2
relation,2
shallow,2
effect,2
morris,2
roster,2
la,2
division,2
solar,2
space,2
dominates,2
note,2
tentative,2
bureau,2
george,2
mosaic,2
arrow,2
parent,2
primarily,2
directions,2
length,2
articles,2
class,2
sunrise,2
dais,2
fields,2
months,2
remains,2
arts,2
mounds,2
forest,2
jacales,2
bench,2
heavy,2
series,2
perforated,2
chores,2
sherds,2
set,2
mutually,2
colonization,2
dare,2
readily,2
paper,2
assumed,2
innovations,2
down,2
classed,2
report,2
particularly,2
ff,2
proposed,2
living,2
correlate,2
selected,2
making,2
add,2
maintain,2
passed,2
map,2
theory,2
always,2
property,2
reported,2
contemporaneity,2
became,2
wrought,2
territory,2
clothing,2
pole,2
question,2
models,2
spring,2
invasion,2
cambridge,2
disposal,2
frame,2
parallels,2
include,2
land,2
d,2
specialists,2
manufacture,2
attempted,2
off,2
tributaries,2
classification,2
penetrated,2
maximum,2
given,2
interaction,2
gulf,2
focus,2
drew,2
building,2
doing,2
ca,2
customs,2
evidently,2
practically,1
go,1
archives,1
dale,1
possessed,1
o,1
resolve,1
accomplish,1
subpopulation,1
horizontal,1
destroying,1
cist,1
plied,1
handicapped,1
develops,1
faced,1
correlations,1
designated,1
functional,1
ready,1
separated,1
cerros,1
flute,1
muertos,1
adoption,1
blends,1
eost,1
utility,1
manuscript,1
disc,1
per,1
linguistic,1
expect,1
mesoamerica,1
larly,1
nested,1
he,1
offerings,1
agency,1
identify,1
tend,1
food,1
anchor,1
referring,1
true,1
crooked,1
item,1
globular,1
notched,1
trashmound,1
trace,1
reduced,1
position,1
tumacacori,1
wails,1
venturesschroeder,1
unlike,1
mcgollon,1
individually,1
planes,1
dress,1
expressed,1
whetstones,1
chief,1
john,1
du,1
salvage,1
joe,1
confederation,1
expanding,1
aside,1
lightly,1
invention,1
linguistically,1
certainly,1
blended,1
distinguishing,1
hearthpothl,1
interests,1
concerned,1
adaptable,1
concentrated,1
attempt,1
progression,1
demonstrable,1
kent,1
j,1
nature,1
extralocal,1
resemblance,1
possibilities,1
oval,1
copy,1
crops,1
leading,1
chapters,1
accommodate,1
broken,1
accompanied,1
highland,1
typological,1
ben,1
thank,1
arises,1
admittedly,1
inherent,1
link,1
closer,1
onto,1
reunion,1
uncovered,1
carnegie,1
intruders,1
roasting,1
mexicansouthwestern,1
m,1
inundation,1
loose,1
miles,1
airline,1
remainder,1
raised,1
incising,1
complicated,1
coordinated,1
reading,1
somewhat,1
revise,1
sheet,1
subjugation,1
qool,1
nowhere,1
slip,1
narrower,1
depending,1
resemblances,1
existence,1
botanical,1
ackmenlowry,1
roy,1
openings,1
key,1
draws,1
polaris,1
draw,1
blanca,1
economics,1
marked,1
cooperation,1
zuni,1
slight,1
measures,1
adopting,1
reapportionment,1
reaction,1
deformation,1
joon,1
julian,1
ings,1
preceramic,1
richard,1
obvious,1
taking,1
woits,1
except,1
unregulcrted,1
chevrons,1
indicating,1
fur,1
household,1
deflector,1
lorgo,1
minimum,1
beneath,1
depletion,1
celebrate,1
pursuing,1
harold,1
localized,1
wherever,1
exist,1
implements,1
intrudes,1
eras,1
influx,1
explained,1
eventual,1
igl,1
facts,1
quality,1
contemporaneous,1
bent,1
adapting,1
resembling,1
tehuacan,1
tables,1
author,1
clay,1
expeditions,1
storehouse,1
raises,1
gilacolorado,1
rites,1
disruptive,1
issued,1
grouped,1
conducted,1
wali,1
jr,1
relatively,1
employing,1
humboldt,1
vault,1
turn,1
feathers,1
candidates,1
destroyed,1
feasible,1
hemispherical,1
depend,1
marriage,1
speed,1
difficulty,1
agents,1
arranged,1
outnumbered,1
twice,1
cardinal,1
publications,1
weakening,1
find,1
sdavis,1
drawn,1
even,1
oxidizing,1
incipient,1
communication,1
prime,1
potsherd,1
tarascan,1
occupation,1
apparently,1
sun,1
william,1
blythe,1
trappers,1
understood,1
tercera,1
adjust,1
intruded,1
forestdole,1
phases,1
civilization,1
steps,1
interesting,1
reconstructed,1
philadelphia,1
recognized,1
reflects,1
wendorf,1
moiety,1
links,1
purely,1
drainages,1
factual,1
absent,1
compatible,1
district,1
adapt,1
sort,1
affairs,1
na,1
levels,1
mean,1
knew,1
environments,1
se,1
plots,1
gabled,1
earl,1
cave,1
fred,1
diameters,1
upstream,1
absorbed,1
mosonrry,1
raymond,1
reason,1
modified,1
affect,1
hematite,1
cause,1
rain,1
locally,1
ipp,1
organization,1
just,1
exteriors,1
too,1
situations,1
commonly,1
flats,1
operate,1
readings,1
submerged,1
linkage,1
cotton,1
cost,1
surge,1
ceremony,1
requires,1
painted,1
peabody,1
permanent,1
shifted,1
dof,1
david,1
ripening,1
important,1
export,1
preference,1
providing,1
cut,1
imbedded,1
fluid,1
regulatory,1
encircling,1
history,1
experimentation,1
ranges,1
raw,1
cieties,1
paddle,1
vas,1
moving,1
pimas,1
closely,1
my,1
storerooms,1
came,1
acceptable,1
dumps,1
participants,1
introduce,1
yuma,1
transmission,1
societies,1
tural,1
carrying,1
chipped,1
called,1
resembles,1
changed,1
deal,1
demands,1
shared,1
bilocal,1
events,1
wupatki,1
viking,1
attenuated,1
representative,1
respects,1
fans,1
accurately,1
further,1
choco,1
traced,1
fusion,1
clearing,1
performed,1
reviews,1
recently,1
sentence,1
northward,1
separates,1
appearing,1
representatives,1
networks,1
wide,1
droinoge,1
james,1
bilingualism,1
stations,1
beaker,1
directly,1
none,1
participation,1
y,1
pima,1
rocks,1
organize,1
los,1
firepit,1
del,1
heart,1
debatable,1
fired,1
heavily,1
hae,1
crude,1
london,1
purpose,1
farmlands,1
apparent,1
confined,1
effigies,1
bowl,1
caching,1
yumans,1
migrated,1
loss,1
year,1
continuation,1
bryant,1
vice,1
quadrant,1
pinalefio,1
slopingwalled,1
refined,1
inferences,1
archeology,1
partly,1
beginnings,1
seasonally,1
twined,1
beads,1
rows,1
winter,1
eor,1
personal,1
floors,1
employed,1
anything,1
southerly,1
predominance,1
reconstructing,1
lange,1
smallest,1
latitudes,1
isabel,1
relay,1
walton,1
marking,1
t,1
tanged,1
excavated,1
bond,1
closing,1
cayetano,1
caused,1
field,1
riverlower,1
useful,1
cooperative,1
lowest,1
distances,1
holes,1
next,1
terminologies,1
order,1
contrast,1
assemble,1
owned,1
hole,1
atmosphere,1
family,1
acicunen,1
overshadowed,1
intervals,1
spanish,1
disseminator,1
soil,1
june,1
smithsonian,1
folk,1
temporary,1
investigations,1
civic,1
observe,1
met,1
roofing,1
lambdoid,1
alluvial,1
stofer,1
boundaries,1
villages,1
differing,1
carrier,1
philip,1
maine,1
veering,1
annual,1
generally,1
progress,1
eastcentral,1
progressed,1
tire,1
proper,1
world,1
cycle,1
developmental,1
dam,1
am,1
beschroeder,1
geographical,1
seemed,1
brandes,1
replacing,1
chronological,1
otis,1
sanctions,1
critical,1
partially,1
fund,1
minor,1
trails,1
matter,1
expanse,1
gather,1
identified,1
incorrect,1
doctoral,1
short,1
gradual,1
eorth,1
service,1
labeled,1
comparative,1
yucatan,1
tercommunity,1
accepting,1
classic,1
terah,1
entered,1
reduce,1
converted,1
presently,1
blending,1
longitudinal,1
movement,1
adjusting,1
paint,1
grooved,1
wolls,1
safford,1
reception,1
innovation,1
label,1
once,1
floods,1
security,1
suited,1
convex,1
read,1
ronch,1
soon,1
counterparts,1
under,1
mobile,1
fifth,1
neither,1
thesis,1
kelley,1
arizonanew,1
ban,1
adjusted,1
orders,1
higley,1
wisconsin,1
lengthy,1
reports,1
enterprises,1
shows,1
independent,1
inference,1
fill,1
routes,1
mound,1
inhabitants,1
french,1
heritage,1
inundated,1
stronger,1
towns,1
decorative,1
water,1
sky,1
five,1
herbert,1
communal,1
causality,1
bordering,1
main,1
valid,1
riverine,1
villa,1
agree,1
selfdesired,1
abstract,1
break,1
veered,1
redington,1
largo,1
gray,1
sweetwater,1
everything,1
fashion,1
man,1
forms,1
conclusions,1
behind,1
hand,1
intervillage,1
v,1
locales,1
villoge,1
manos,1
redonda,1
secular,1
derivation,1
equate,1
empire,1
axes,1
michael,1
dance,1
containers,1
necessary,1
deep,1
terns,1
ihohokam,1
seminars,1
begun,1
follows,1
shifts,1
identifiable,1
redfield,1
hunts,1
border,1
grouping,1
matrix,1
smiley,1
lasting,1
balance,1
extended,1
divided,1
rio,1
stances,1
survive,1
background,1
explanation,1
accompanying,1
range,1
assembly,1
patrilocal,1
active,1
slaves,1
depended,1
detailed,1
sufficiently,1
clustered,1
versa,1
rarascanv,1
expand,1
findings,1
figurines,1
conservatively,1
ordering,1
significant,1
secondarily,1
cranial,1
complement,1
largely,1
additions,1
refers,1
began,1
assume,1
congress,1
sequence,1
maintains,1
marshaled,1
individuals,1
appropriately,1
full,1
ceremonies,1
improvements,1
fused,1
ties,1
open,1
pls,1
ki,1
publication,1
language,1
nora,1
amounts,1
interpret,1
coloniol,1
sambrito,1
revised,1
graybrown,1
function,1
summer,1
sprinkle,1
high,1
evolve,1
meighan,1
stages,1
jk,1
kept,1
probable,1
southcentral,1
theocratic,1
improved,1
standard,1
segment,1
cutler,1
construct,1
exchange,1
spent,1
ture,1
enough,1
elaborate,1
parallel,1
become,1
exported,1
narrow,1
grond,1
greatly,1
ann,1
mainly,1
sobre,1
availability,1
oak,1
artisans,1
implication,1
residue,1
dominance,1
looked,1
streams,1
occupied,1
institution,1
relative,1
modifications,1
propose,1
unrelated,1
concluded,1
duplicated,1
ranging,1
dealing,1
seasons,1
suggestion,1
respect,1
aid,1
msa,1
provide,1
cinder,1
ecological,1
erase,1
practical,1
begin,1
lines,1
odgon,1
becomes,1
wheelwright,1
excluding,1
hohokamderived,1
seen,1
relations,1
bears,1
returned,1
carryover,1
jar,1
proposition,1
bossed,1
sequences,1
linking,1
life,1
helpful,1
often,1
efficiency,1
fe,1
unroofed,1
united,1
stratified,1
supporting,1
moieties,1
qualifiers,1
insight,1
resemble,1
sociedad,1
areal,1
puerco,1
matters,1
coiled,1
undertook,1
formalization,1
suggestions,1
anvil,1
variable,1
sexes,1
rarely,1
monument,1
discarding,1
civilizations,1
disposing,1
ethnological,1
complexity,1
colonists,1
hang,1
incorporated,1
nomadism,1
staggered,1
carr,1
colonialschroeder,1
economically,1
continues,1
carriers,1
implied,1
nated,1
slope,1
seating,1
ralph,1
spots,1
hypothetically,1
duam,1
basketry,1
here,1
alternative,1
greatr,1
clement,1
survivals,1
belief,1
shamans,1
divert,1
flow,1
branches,1
continental,1
benefits,1
masonry,1
tongue,1
december,1
stratigraphic,1
primero,1
current,1
embankments,1
cures,1
vase,1
slob,1
harvest,1
fetlector,1
obviously,1
everted,1
theschroeder,1
fills,1
constant,1
visits,1
build,1
decline,1
past,1
placing,1
closest,1
suhatrinoitdhistoric,1
better,1
hint,1
america,1
problemas,1
microenvironments,1
weapons,1
game,1
what,1
investigation,1
accounts,1
plants,1
supports,1
nearby,1
feb,1
cult,1
interval,1
leaving,1
alamnos,1
utilitarian,1
correlates,1
periphery,1
divide,1
resident,1
antropologicas,1
acknowledgment,1
signify,1
popular,1
stabilize,1
vista,1
outline,1
transplanted,1
presented,1
alterations,1
preserved,1
ruled,1
attachments,1
redundant,1
centro,1
focal,1
subject,1
plans,1
returning,1
step,1
rigid,1
harvesting,1
reguloted,1
obtain,1
reconstruct,1
connotation,1
indians,1
disrupted,1
isolated,1
representation,1
gain,1
nonrelated,1
amapa,1
varied,1
traditionlinked,1
pine,1
formation,1
undecorated,1
until,1
recording,1
entity,1
difference,1
reveals,1
initiated,1
functions,1
alter,1
numerous,1
accept,1
wish,1
course,1
approximately,1
resembled,1
eveloments,1
phaseschroeder,1
physical,1
provided,1
smaller,1
disruption,1
col,1
conquered,1
defined,1
malcolm,1
madison,1
uso,1
trenches,1
summary,1
headman,1
offered,1
vessel,1
distinctions,1
interlinked,1
kayenta,1
themselves,1
vary,1
digging,1
import,1
element,1
ownership,1
archeological,1
develop,1
corn,1
abandoned,1
observed,1
tucsonsafford,1
meeting,1
resources,1
lowrytype,1
martin,1
row,1
increase,1
