WORDCOUNTS,WEIGHT
the,295
and,206
of,185
to,146
in,102
a,99
that,62
is,55
are,50
research,44
our,41
as,40
for,37
we,37
on,35
with,29
this,28
their,26
from,26
past,26
de,25
by,24
archaeology,22
have,22
s,21
j,19
social,19
an,18
university,18
at,17
or,17
new,17
human,16
not,16
c,15
archaeologists,15
has,15
between,15
it,14
environmental,14
they,14
et,14
be,14
studies,13
study,13
us,13
own,13
approach,13
al,13
discipline,12
p,12
issues,12
present,12
environment,12
natural,12
one,11
r,11
future,11
these,11
many,11
which,11
can,11
ecological,11
transdisciplinary,11
intellectual,11
disciplines,11
american,10
other,10
problems,10
change,10
society,10
only,10
ecology,10
understanding,10
cambridge,10
la,10
both,10
among,10
if,9
h,9
scientists,9
dynamics,9
van,9
perspective,9
m,9
its,9
will,9
more,9
time,9
k,9
who,9
ways,8
history,8
there,8
some,8
y,8
l,8
most,8
cultural,8
los,8
t,8
but,8
archaeological,8
der,8
different,8
w,8
focus,8
uk,8
humans,7
those,7
el,7
case,7
scales,7
data,7
also,7
redman,7
systems,7
d,7
long,6
nature,6
processes,6
que,6
york,6
no,6
important,6
into,6
societies,6
edited,6
pp,6
disciplinary,6
contemporary,6
structure,6
program,6
life,6
must,6
las,6
what,6
terms,6
land,6
need,6
way,5
e,5
relationships,5
such,5
interest,5
relations,5
ecosystem,5
may,5
b,5
changes,5
based,5
academic,5
work,5
part,5
working,5
climate,5
interactions,5
para,5
about,5
management,5
two,5
do,5
relevant,5
leeuw,5
holling,5
hypotheses,5
european,5
science,5
been,5
practical,5
understand,5
antiquity,5
anthropology,5
believe,5
urban,5
multiple,5
role,5
national,5
although,5
integrated,5
shift,5
approaches,4
tradition,4
studied,4
i,4
resilience,4
anthropologists,4
g,4
even,4
look,4
than,4
without,4
how,4
en,4
process,4
n,4
opposition,4
well,4
del,4
london,4
earth,4
few,4
provided,4
various,4
culture,4
broad,4
others,4
fact,4
socioenvironmental,4
questions,4
would,4
so,4
saa,4
paris,4
bulletin,4
dimensions,4
contribution,4
table,4
funding,4
cultures,4
foundation,4
very,4
better,4
unique,4
theory,4
studying,4
archaeomedes,4
contribute,4
interaction,4
f,3
large,3
needed,3
complex,3
biophysical,3
rewards,3
experience,3
being,3
either,3
ciencias,3
attempt,3
all,3
together,3
differences,3
take,3
within,3
con,3
primary,3
right,3
central,3
pursue,3
bridging,3
rather,3
developed,3
una,3
active,3
perceptions,3
consider,3
identifying,3
deal,3
events,3
knowledge,3
lter,3
statistics,3
when,3
up,3
world,3
scientific,3
action,3
make,3
single,3
technology,3
under,3
mcintosh,3
watson,3
already,3
increasingly,3
projects,3
scholars,3
departments,3
less,3
como,3
use,3
assume,3
continue,3
temas,3
students,3
three,3
facing,3
relative,3
attention,3
attitude,3
often,3
united,3
conservation,3
growing,3
changing,3
sciences,3
defining,3
over,3
current,3
living,3
type,3
oppositions,3
models,3
electronic,3
dangerous,3
integration,3
charles,3
collaborators,3
uncertainty,3
develop,3
recent,3
should,3
miller,2
difficult,2
career,2
alone,2
center,2
kinds,2
identify,2
sander,2
linkages,2
position,2
gap,2
might,2
ourselves,2
seems,2
reach,2
leading,2
simple,2
government,2
substantive,2
deemed,2
principal,2
political,2
context,2
collaborate,2
account,2
armand,2
creemos,2
behavior,2
goal,2
development,2
points,2
since,2
relatively,2
santa,2
columbia,2
disciplinas,2
generation,2
aim,2
assessed,2
recognized,2
essential,2
environments,2
risk,2
importance,2
se,2
direct,2
contributions,2
special,2
awareness,2
space,2
addressing,2
observations,2
situations,2
resource,2
obstacles,2
undertaken,2
nuestra,2
method,2
gilbertson,2
willing,2
answers,2
solve,2
testify,2
view,2
estos,2
union,2
result,2
advance,2
lead,2
houghton,2
separable,2
effort,2
international,2
endeavor,2
base,2
tools,2
cannot,2
scale,2
record,2
estamos,2
explain,2
wide,2
because,2
aspects,2
directly,2
used,2
arqueologos,2
competing,2
training,2
contempordneos,2
ecologists,2
loss,2
guindi,2
categories,2
constitute,2
fruitful,2
focuses,2
project,2
socioeconomic,2
trends,2
published,2
professional,2
correct,2
field,2
responsibility,2
suggest,2
mediterranean,2
involved,2
around,2
several,2
wider,2
este,2
degradation,2
core,2
results,2
value,2
promising,2
partially,2
second,2
investigating,2
practices,2
separation,2
community,2
still,2
biocomplexity,2
wind,2
biological,2
coherence,2
suited,2
neither,2
same,2
teaching,2
fill,2
accorded,2
toward,2
available,2
conceived,2
analytical,2
fundamental,2
areas,2
never,2
conclusions,2
learn,2
where,2
see,2
material,2
agencies,2
distance,2
number,2
another,2
bear,2
medioambiente,2
folke,2
collaborative,2
engaged,2
synthetic,2
incompleteness,2
mexico,2
losing,2
evolutionary,2
become,2
engagement,2
species,2
relationship,2
sustainability,2
perspectives,2
practitioners,2
un,2
obstacle,2
force,2
began,2
effectively,2
recognize,2
why,2
es,2
investigate,2
then,2
any,2
thinking,2
series,2
geographic,2
ever,2
here,2
each,2
paper,2
key,2
gone,2
prominence,2
particularly,2
accentuates,2
historical,2
interactive,2
spatial,2
involvement,2
varying,2
require,2
divide,2
phenomena,2
fundamentally,2
des,2
researchers,2
given,2
through,2
question,2
conditions,2
bioscience,2
crisis,2
public,2
states,2
colleagues,2
area,2
themselves,2
chicago,2
traditional,2
beings,2
major,2
arizona,2
noon,2
emulate,1
plazo,1
reactive,1
does,1
undertakings,1
fernand,1
technofixes,1
currently,1
o,1
done,1
drylands,1
andanthropogenic,1
convergence,1
common,1
concerned,1
implying,1
meaning,1
entities,1
reevaluate,1
intriguing,1
entendimiento,1
adoption,1
fragmented,1
collision,1
expect,1
church,1
cabo,1
myth,1
effective,1
enhance,1
informative,1
parsimony,1
carpenter,1
dialectics,1
uniquely,1
philippe,1
avenueforfuture,1
unraveling,1
proactive,1
modern,1
ominous,1
decade,1
colaboracion,1
purveyors,1
policy,1
devices,1
western,1
fixed,1
spatiotemporal,1
necessarily,1
causation,1
encourage,1
scientist,1
ofanthropology,1
before,1
regularmente,1
derleeuw,1
nineteenth,1
po,1
contexts,1
contempordneo,1
test,1
predominantly,1
incomplete,1
inclined,1
hence,1
evaluar,1
tiempo,1
implications,1
attempts,1
address,1
actual,1
demonstrable,1
promoting,1
worked,1
dirigir,1
europe,1
route,1
assembling,1
assess,1
suggesting,1
great,1
careers,1
monitor,1
list,1
potentially,1
rich,1
futura,1
link,1
closer,1
hundred,1
generalizations,1
busquen,1
help,1
integrate,1
last,1
mind,1
state,1
investigations,1
preparados,1
coordinated,1
theories,1
reading,1
worldwide,1
similarities,1
partners,1
evaluation,1
takes,1
rim,1
gaps,1
historians,1
money,1
capacity,1
tal,1
incorporate,1
march,1
solving,1
vol,1
proveedores,1
opened,1
recommended,1
possible,1
determined,1
compelling,1
estudio,1
condition,1
significance,1
cap,1
tiene,1
mutual,1
information,1
interdisciplinary,1
point,1
say,1
except,1
laws,1
cited,1
dynamic,1
apply,1
along,1
decreasing,1
promises,1
protocol,1
interact,1
collection,1
trabajar,1
attract,1
diversity,1
multilevel,1
regarding,1
luxemburg,1
penalty,1
review,1
facts,1
difficulties,1
inevitable,1
backgrounds,1
due,1
demanded,1
tables,1
repositioned,1
occurs,1
tucson,1
convention,1
rooted,1
sample,1
barrier,1
dealings,1
century,1
arena,1
alcanzar,1
forced,1
funds,1
turn,1
distinct,1
nor,1
theforum,1
self,1
actualized,1
varney,1
ver,1
encompass,1
nanterre,1
difficulty,1
inclusion,1
forecasts,1
brace,1
third,1
truly,1
publications,1
converging,1
find,1
revised,1
student,1
hodder,1
ecosystems,1
details,1
stagnation,1
sister,1
leadership,1
occasion,1
enrich,1
paleoecological,1
influence,1
adjust,1
stagnate,1
let,1
mechanisms,1
steps,1
gaining,1
via,1
simultaneously,1
profoundly,1
whose,1
predicted,1
links,1
bring,1
principally,1
investigacion,1
main,1
berkes,1
adapt,1
desertification,1
influential,1
landscape,1
appreciation,1
losprocesos,1
completely,1
requisite,1
opportunity,1
proportion,1
legal,1
landscapes,1
humanity,1
certain,1
entre,1
balanced,1
parts,1
nos,1
distant,1
summarized,1
feel,1
productive,1
consequences,1
emanate,1
az,1
references,1
lives,1
pernicious,1
category,1
old,1
ensure,1
biased,1
postmodern,1
dichotomy,1
flexibility,1
les,1
organization,1
established,1
was,1
imposing,1
intellectually,1
retained,1
emergence,1
reinvigorating,1
eschew,1
just,1
monde,1
suburbia,1
tectonics,1
articulated,1
exploratory,1
argued,1
larga,1
threat,1
encuentran,1
multicultural,1
initiative,1
bridges,1
zimmerman,1
comparisons,1
albuquerque,1
biotic,1
consideracion,1
reinvigorate,1
reconsideration,1
krech,1
providing,1
trained,1
ancient,1
misunderstandings,1
dc,1
nsf,1
constructive,1
whereas,1
opening,1
yielding,1
expressed,1
moving,1
standards,1
closely,1
serving,1
prehistoric,1
urgency,1
acceptable,1
unanimous,1
agenda,1
avenue,1
could,1
scientifically,1
negotiated,1
vayda,1
train,1
rule,1
basin,1
begun,1
erosion,1
mandate,1
traditionally,1
cuidadosa,1
against,1
entrenados,1
relating,1
embracing,1
seven,1
lived,1
nulls,1
demands,1
estudios,1
infrequent,1
objetivos,1
term,1
big,1
further,1
danger,1
topics,1
understood,1
though,1
focused,1
profited,1
omitting,1
hanson,1
recently,1
promise,1
groundwork,1
appearing,1
otherwise,1
energy,1
handled,1
scientificassessment,1
proyectos,1
absolute,1
instrumental,1
required,1
kinzig,1
acknowledgments,1
sobresaliente,1
eliminate,1
huge,1
briefly,1
receive,1
failure,1
sites,1
underlie,1
distinguish,1
closed,1
prioritizing,1
island,1
abroad,1
received,1
disciplina,1
partir,1
carries,1
prompted,1
brought,1
stake,1
heavily,1
indiens,1
calls,1
confined,1
correctly,1
indigenous,1
journals,1
description,1
shanks,1
couched,1
discussions,1
place,1
abel,1
editorial,1
demonstrates,1
people,1
stimulate,1
rallying,1
away,1
reflect,1
surrounding,1
realms,1
achieving,1
talented,1
multidisciplinarity,1
status,1
challenging,1
polity,1
following,1
graduate,1
hidden,1
heuristic,1
regions,1
good,1
inadecuada,1
codirected,1
solution,1
steward,1
sense,1
successful,1
diminish,1
reinforces,1
panel,1
nine,1
box,1
le,1
cope,1
exclude,1
barriers,1
settlement,1
environmensander,1
sake,1
specifically,1
small,1
soil,1
sufficient,1
consensus,1
accomplished,1
concerns,1
highly,1
choose,1
components,1
presence,1
invaluable,1
decline,1
disminuir,1
methodological,1
reproducible,1
annual,1
visible,1
coordinate,1
dependent,1
milestones,1
pays,1
zapotec,1
appropriate,1
patrones,1
activities,1
concomitant,1
avoid,1
nations,1
periods,1
span,1
threatened,1
integrating,1
critical,1
asset,1
collaborations,1
led,1
genesis,1
descola,1
matter,1
variety,1
absence,1
principales,1
summarize,1
functioning,1
actualistic,1
fortunately,1
employ,1
impacts,1
short,1
medioambientales,1
service,1
comparative,1
nuestros,1
puede,1
subject,1
play,1
cartesians,1
fractured,1
april,1
elusive,1
conceives,1
nonstandard,1
garden,1
experiences,1
translates,1
targeted,1
southern,1
leftover,1
decisions,1
innovation,1
whole,1
chapin,1
articulate,1
applications,1
detrds,1
once,1
communities,1
trains,1
gunderson,1
museum,1
obstdculos,1
makes,1
recommendation,1
barker,1
thought,1
serve,1
sociocultural,1
fifth,1
supplementary,1
combat,1
revitalizing,1
perceived,1
unwin,1
parte,1
tackle,1
une,1
transformations,1
assistance,1
complete,1
shifting,1
ipcc,1
experimental,1
ed,1
si,1
experiment,1
insights,1
synergies,1
mejor,1
rise,1
members,1
gain,1
critiques,1
productivo,1
disappointing,1
fragmentation,1
responsibilities,1
andtilley,1
experienced,1
financial,1
lack,1
insidious,1
consideration,1
limit,1
designing,1
deficient,1
creative,1
attempting,1
choice,1
enable,1
ideology,1
isolate,1
richer,1
largo,1
forging,1
estdn,1
appropriately,1
aplicar,1
man,1
reasons,1
otras,1
anthropologist,1
patterns,1
outside,1
pafs,1
geography,1
jonas,1
manner,1
developing,1
accepted,1
geographer,1
answer,1
strategies,1
confrontation,1
necessary,1
por,1
simplicity,1
fuera,1
perhaps,1
missions,1
belief,1
intervalos,1
intrascale,1
ignoring,1
realize,1
multidisciplinary,1
tilley,1
cosmologies,1
oppida,1
breakdown,1
credit,1
meaningful,1
investigated,1
discussion,1
coherent,1
made,1
shaky,1
tipo,1
upon,1
helps,1
limitations,1
braudel,1
desert,1
trajectory,1
colding,1
contemplate,1
diferencias,1
enhanced,1
bason,1
kyoto,1
looking,1
transdisciplinaria,1
incluso,1
wonder,1
top,1
eclipsed,1
significant,1
angle,1
causes,1
engaging,1
evolution,1
rare,1
variables,1
scoones,1
maintains,1
were,1
office,1
niche,1
initiatives,1
involves,1
theses,1
open,1
archologie,1
similar,1
crises,1
accept,1
clear,1
urbana,1
modem,1
authors,1
inadequate,1
obtaining,1
agreement,1
cambio,1
unconnected,1
health,1
essay,1
faculty,1
recomendada,1
collaboration,1
georges,1
crushing,1
belongs,1
general,1
function,1
linking,1
kept,1
standard,1
provides,1
favored,1
obliga,1
maison,1
universitaria,1
promote,1
methods,1
narrow,1
overcome,1
asi,1
materialized,1
seeking,1
momento,1
recommending,1
probably,1
analyze,1
dominance,1
contracts,1
participacion,1
northern,1
attracted,1
saw,1
tendency,1
duracion,1
adaptive,1
ago,1
tenuous,1
sisk,1
creativity,1
hope,1
widely,1
division,1
reluctant,1
grandes,1
contributes,1
ranging,1
dealing,1
things,1
esta,1
today,1
note,1
ballantine,1
window,1
redefine,1
provide,1
usually,1
disciplinaria,1
plays,1
arqueologia,1
lines,1
order,1
modernism,1
primarily,1
success,1
directing,1
camino,1
detailed,1
team,1
millennia,1
importantly,1
wilson,1
transformation,1
try,1
countries,1
strive,1
responsible,1
fe,1
fall,1
achieve,1
irreversible,1
centuries,1
cada,1
emerging,1
itself,1
preview,1
articles,1
combines,1
regularly,1
particularmente,1
interacts,1
issue,1
legacies,1
matters,1
school,1
acquired,1
anthropological,1
reciprocal,1
share,1
associated,1
practice,1
dispersed,1
preface,1
frecuencia,1
complexity,1
orlando,1
underpins,1
conceptualize,1
committees,1
pace,1
corralled,1
colegas,1
precise,1
lentos,1
disproof,1
propia,1
temporal,1
socionatural,1
llevar,1
sustained,1
empiricists,1
constructively,1
verify,1
cover,1
integrative,1
know,1
outcome,1
overestimate,1
sociales,1
bridge,1
bertrand,1
country,1
abandonment,1
attribute,1
interscale,1
global,1
interested,1
seem,1
marginalization,1
did,1
contextual,1
down,1
argue,1
calibrate,1
report,1
experiencia,1
rely,1
recherche,1
allocated,1
useless,1
sought,1
purview,1
placing,1
prospects,1
pour,1
advances,1
aqui,1
ideally,1
turned,1
bien,1
tambien,1
problemas,1
integrates,1
answered,1
communicate,1
investigation,1
them,1
laying,1
ones,1
making,1
want,1
add,1
metaphor,1
agricultural,1
problem,1
adaptation,1
gubernamental,1
extract,1
institute,1
villes,1
enriching,1
balance,1
influenced,1
almost,1
episode,1
scenarios,1
size,1
prdcticas,1
conference,1
cientificos,1
marking,1
dynamical,1
dispuestos,1
careful,1
trivial,1
recognition,1
thereby,1
emanan,1
despite,1
easy,1
escalas,1
mayor,1
techniques,1
transition,1
metodos,1
meira,1
taxpayer,1
argumentamos,1
programs,1
obtain,1
equipped,1
colonial,1
phenomenon,1
challenges,1
motivate,1
mention,1
answerforum,1
isolated,1
aims,1
goals,1
coming,1
think,1
postcolonial,1
contrasts,1
come,1
selby,1
presta,1
false,1
perspectiva,1
promoted,1
ultimately,1
argues,1
maskell,1
lands,1
crumley,1
illinois,1
fourteenth,1
imperative,1
course,1
contributed,1
offer,1
define,1
evidence,1
physical,1
france,1
effects,1
playing,1
defined,1
philosophy,1
seventeenthand,1
nonhistorical,1
observation,1
relativamente,1
rejection,1
estancarse,1
irrelevant,1
debate,1
partial,1
create,1
views,1
asymmetry,1
sheer,1
conventions,1
strong,1
seek,1
north,1
compounding,1
building,1
asked,1
doing,1
built,1
roles,1
occur,1
deeper,1
rearrange,1
grants,1
