WORDCOUNTS,WEIGHT
the,401
of,302
to,189
and,165
in,144
a,136
that,104
is,100
for,71
are,68
as,66
be,57
or,53
archaeological,53
i,51
by,51
this,46
from,39
about,35
on,34
it,30
their,30
not,30
have,30
record,29
research,29
an,29
theory,29
observations,28
data,28
problems,28
at,27
what,24
study,22
some,21
when,21
other,21
new,21
do,21
one,20
many,20
ofthe,19
past,19
between,19
such,18
our,18
de,17
my,17
we,17
la,17
with,17
terms,17
they,16
how,16
can,16
arguments,16
interpretative,15
may,15
which,15
archaeology,15
different,15
american,14
dynamics,14
york,14
no,14
r,14
knowledge,14
edited,14
pp,14
science,14
problem,14
was,13
subject,13
phenomena,13
conventions,13
into,12
archaeologists,12
see,12
come,12
among,12
most,11
properties,11
los,11
contemporary,11
where,11
way,10
all,10
there,10
human,10
referral,10
its,10
ological,10
matter,10
binford,10
made,10
use,10
researchers,10
observed,10
stone,9
has,9
g,9
lithic,9
patterning,9
will,9
scientific,9
these,9
more,9
empirical,9
theoretical,9
analysis,9
university,9
must,9
intellectual,9
recognition,9
you,9
does,8
studies,8
being,8
developed,8
en,8
se,8
germane,8
suggested,8
could,8
search,8
claim,8
humanistic,8
he,8
odell,8
would,8
ing,8
any,8
through,8
taylor,8
if,7
than,7
linkage,7
m,7
tools,7
directly,7
approach,7
thought,7
also,7
antiquity,7
relative,7
observational,7
living,7
particular,7
goals,7
specific,7
recent,7
questions,6
issue,6
regarding,6
learning,6
method,6
ambiguity,6
applied,6
used,6
least,6
but,6
only,6
datos,6
time,6
ideas,6
were,6
unambiguous,6
structure,6
then,6
set,6
very,6
cambridge,6
upon,6
identify,5
h,5
might,5
j,5
s,5
differences,5
those,5
proceed,5
conceptual,5
goal,5
que,5
general,5
b,5
derived,5
plenum,5
view,5
academic,5
further,5
cannot,5
explain,5
work,5
tool,5
causal,5
order,5
content,5
units,5
make,5
reference,5
same,5
insights,5
social,5
understanding,5
assemblages,5
processes,5
theories,5
so,5
static,5
accurate,5
systems,5
ago,5
me,5
humanities,5
who,5
curation,5
anthropological,5
suggestions,5
best,5
both,5
variability,5
tions,5
argument,5
should,5
cognitive,5
remains,5
potential,5
c,5
ory,4
partially,4
ways,4
something,4
long,4
meaning,4
words,4
assertion,4
nunamiut,4
logical,4
behavior,4
relationships,4
humanists,4
characteristic,4
site,4
act,4
rather,4
his,4
l,4
growth,4
basic,4
consequences,4
means,4
organization,4
organized,4
imposed,4
frequently,4
w,4
additional,4
answers,4
strategy,4
result,4
cultural,4
focused,4
scale,4
well,4
y,4
journal,4
things,4
ment,4
lems,4
ical,4
synthesis,4
above,4
interpretation,4
ethnographic,4
two,4
pattern,4
present,4
another,4
discussion,4
provide,4
domains,4
been,4
referred,4
frames,4
es,4
associated,4
sciences,4
principle,4
independently,4
rationality,4
property,4
world,4
tell,4
years,4
association,4
observation,4
building,4
accomplish,3
generated,3
identity,3
created,3
e,3
group,3
designed,3
sets,3
approaches,3
descriptions,3
experience,3
first,3
production,3
demonstrable,3
nature,3
book,3
economizing,3
able,3
procedure,3
concepts,3
discipline,3
case,3
primary,3
possible,3
cited,3
interest,3
domain,3
nor,3
old,3
factors,3
argued,3
had,3
archeological,3
important,3
appear,3
whereas,3
character,3
based,3
explanatory,3
behavioral,3
elemental,3
because,3
ford,3
procedures,3
literature,3
translate,3
teoria,3
related,3
popper,3
during,3
issues,3
t,3
bodies,3
reliable,3
characteristics,3
always,3
dependent,3
using,3
appropriate,3
identified,3
judgment,3
outlined,3
al,3
toward,3
usually,3
analytical,3
lack,3
abstract,3
focuses,3
derivative,3
until,3
practice,3
style,3
assemblage,3
number,3
looking,3
determining,3
mousterian,3
ethnic,3
variables,3
described,3
reality,3
tional,3
points,3
trying,3
interpretations,3
tactics,3
scales,3
suggest,3
relationship,3
perspectives,3
begin,3
un,3
tive,3
diagnosis,3
life,3
why,3
intend,3
organizational,3
know,3
unambiguously,3
exploration,3
las,3
problemas,3
cal,3
investigation,3
them,3
much,3
think,3
formation,3
ence,3
initiated,3
course,3
clues,3
derive,3
point,3
chicago,3
given,3
interaction,3
seek,3
doing,3
major,3
lem,2
technician,2
represent,2
environmental,2
manuscript,2
per,2
expect,2
systematically,2
essays,2
descriptive,2
devices,2
history,2
source,2
contexts,2
leads,2
said,2
either,2
lyman,2
ciencias,2
address,2
attempt,2
seems,2
principles,2
scientists,2
suggesting,2
arises,2
link,2
generalizations,2
composition,2
survey,2
subsequent,2
within,2
context,2
papers,2
insures,2
system,2
british,2
task,2
referents,2
sought,2
analytically,2
illustrate,2
say,2
dynamic,2
conkey,2
controlled,2
frequencies,2
reject,2
since,2
walter,2
forced,2
guided,2
items,2
perspective,2
refer,2
body,2
find,2
explore,2
even,2
hodder,2
look,2
propositions,2
mechanisms,2
steps,2
recognized,2
identification,2
statements,2
subjected,2
organizing,2
process,2
una,2
bahn,2
similar,2
entre,2
direct,2
mation,2
gathering,2
guides,2
manera,2
reason,2
byproducts,2
elsewhere,2
suites,2
solve,2
tory,2
advocated,2
raw,2
advance,2
found,2
difficulty,2
p,2
combinations,2
out,2
demands,2
relational,2
events,2
initial,2
base,2
versity,2
produced,2
equifinality,2
required,2
problema,2
information,2
aspects,2
sites,2
oped,2
materia,2
writers,2
del,2
concept,2
part,2
clave,2
fit,2
tative,2
call,2
systematic,2
own,2
good,2
change,2
solution,2
normally,2
sense,2
successful,2
working,2
imposition,2
spaulding,2
methodological,2
london,2
am,2
activities,2
society,2
therefore,2
likely,2
situation,2
conditioning,2
humanist,2
inadequacy,2
consists,2
southern,2
selection,2
single,2
guide,2
oxford,2
criticism,2
represents,2
read,2
borrowed,2
asunto,2
us,2
culture,2
archeology,2
already,2
lewis,2
discussions,2
others,2
fact,2
d,2
fundamental,2
wine,2
relacion,2
honor,2
anthropologist,2
never,2
patterns,2
learn,2
accepted,2
lectual,2
exploring,2
investigated,2
treated,2
limitations,2
trajectory,2
secondor,2
refers,2
causes,2
insure,2
nothing,2
chosen,2
students,2
meanings,2
directed,2
logic,2
held,2
function,2
earlier,2
latter,2
ture,2
taylorian,2
become,2
ior,2
acercarse,2
separate,2
increasing,2
caracteriza,2
suggestion,2
tests,2
esta,2
imply,2
today,2
primarily,2
seen,2
render,2
proposition,2
recognize,2
respect,2
ology,2
types,2
exists,2
interpretive,2
addressed,2
thinking,2
material,2
cuando,2
conclusion,2
changing,2
ethnoarchaeology,2
ever,2
belief,2
natural,2
anthropology,2
specialized,2
argue,2
epistemological,2
particularly,2
build,2
advances,2
ologists,2
selected,2
cause,2
sociology,2
while,2
explored,2
too,2
suggests,2
presented,2
multiple,2
develop,2
techniques,2
step,2
conventional,2
obtain,2
false,2
question,2
models,2
conditions,2
need,2
states,2
defined,2
era,2
early,2
north,2
desirable,1
difficult,1
ending,1
smoke,1
complaint,1
currently,1
o,1
edge,1
common,1
sterile,1
adopt,1
implying,1
tion,1
faced,1
functional,1
comun,1
unaforma,1
introductions,1
resulted,1
foraging,1
interactively,1
diagnose,1
totally,1
utility,1
large,1
needed,1
engendering,1
determinant,1
lexicon,1
kinds,1
putative,1
elaborated,1
referring,1
rogers,1
informative,1
second,1
picking,1
tors,1
sons,1
strictly,1
modern,1
expects,1
reasonably,1
tempered,1
acceptance,1
position,1
throwing,1
necessarily,1
gamble,1
subsets,1
reliably,1
ethnoarchaeological,1
before,1
communicating,1
remedy,1
uses,1
accomplishments,1
proliferating,1
princeton,1
permitted,1
bastante,1
women,1
explaining,1
stressed,1
sibility,1
failing,1
sources,1
wrong,1
invention,1
reconstructions,1
preceding,1
posed,1
derives,1
originally,1
implications,1
attempts,1
taken,1
tera,1
location,1
inappropriately,1
worked,1
ourselves,1
advanced,1
experiments,1
dramatically,1
comefrom,1
operationally,1
archaeologically,1
europe,1
paramount,1
pasts,1
display,1
simple,1
rich,1
producing,1
narrative,1
assembled,1
follows,1
inherent,1
substantive,1
tx,1
renfrew,1
real,1
help,1
introduces,1
ogist,1
failures,1
patterned,1
mind,1
state,1
emphasized,1
blackwell,1
inductive,1
primitive,1
assumptively,1
classified,1
reading,1
el,1
inquiry,1
verifications,1
appreciate,1
suspect,1
recorded,1
anthropologists,1
autonomous,1
advice,1
guidelines,1
bases,1
addresses,1
solving,1
design,1
account,1
vol,1
felt,1
prior,1
compelling,1
activity,1
sidered,1
andtheory,1
characterize,1
adopting,1
etc,1
mental,1
interdisciplinary,1
variations,1
supply,1
x,1
associational,1
eliminating,1
sent,1
quantity,1
bottom,1
reconstruction,1
nizing,1
engage,1
quepueden,1
holland,1
dentro,1
labor,1
learned,1
central,1
willow,1
review,1
dependence,1
nash,1
pinsky,1
curated,1
explained,1
ticular,1
mine,1
facts,1
difficulties,1
development,1
accommodation,1
medical,1
translating,1
dominated,1
against,1
dificultad,1
realized,1
hace,1
investigatory,1
regarded,1
consumer,1
bone,1
conducted,1
tucson,1
addressing,1
realization,1
sample,1
impone,1
kind,1
palaeolithic,1
elements,1
clark,1
document,1
back,1
columbia,1
extraordinary,1
crowell,1
stipulated,1
applying,1
mobility,1
shott,1
estimate,1
kelly,1
men,1
drawn,1
memoir,1
pletely,1
bennett,1
reasoned,1
critique,1
details,1
stagnation,1
operative,1
traditions,1
existe,1
restated,1
invites,1
influence,1
ton,1
interassemblage,1
conceptually,1
implementation,1
poorly,1
employ,1
operation,1
dole,1
alleged,1
whose,1
essential,1
rw,1
without,1
frustration,1
observers,1
tautology,1
links,1
bring,1
investigacion,1
arising,1
tists,1
nonsense,1
landscape,1
midwest,1
lasting,1
completely,1
opportunity,1
entender,1
phrases,1
correcta,1
importance,1
certain,1
parts,1
special,1
danger,1
tautologies,1
support,1
solutions,1
category,1
changes,1
perceptions,1
developments,1
affect,1
prehistory,1
varying,1
consider,1
vations,1
clearly,1
section,1
ventions,1
just,1
donde,1
impact,1
exploratory,1
fore,1
statics,1
situations,1
four,1
companions,1
gero,1
commonly,1
store,1
follow,1
sugiero,1
defines,1
generally,1
requires,1
instance,1
endemic,1
opinion,1
myths,1
causation,1
challenges,1
contention,1
expressed,1
arrived,1
prehistoric,1
came,1
posible,1
lead,1
questioned,1
arrival,1
nancy,1
bearing,1
uncovering,1
societies,1
tural,1
rl,1
faunal,1
strongly,1
estudios,1
rebuttal,1
teristics,1
generalmente,1
ogy,1
ican,1
afirmacion,1
interpretatively,1
mantra,1
term,1
unobserved,1
entonces,1
understood,1
though,1
effect,1
appears,1
recently,1
population,1
biases,1
excellent,1
russell,1
however,1
produce,1
guarantee,1
premise,1
acknowledgments,1
january,1
sonally,1
wants,1
ther,1
mean,1
failure,1
keeping,1
believable,1
correctly,1
makers,1
artifacts,1
bounded,1
received,1
imagined,1
reader,1
future,1
prompted,1
producidos,1
su,1
later,1
numerous,1
routinely,1
description,1
perpetually,1
revista,1
got,1
accomodative,1
realm,1
describe,1
fail,1
demonstrates,1
constitute,1
warranted,1
people,1
relevance,1
structures,1
todos,1
documented,1
forces,1
cuales,1
personal,1
justification,1
away,1
employed,1
cans,1
fieldwork,1
preparation,1
pretation,1
unjustified,1
ter,1
memoirs,1
interpreted,1
lithics,1
depositional,1
published,1
mismo,1
legacy,1
optimal,1
level,1
inference,1
synergistic,1
inc,1
fostered,1
theoretically,1
seized,1
stage,1
dictionary,1
sourcelewis,1
box,1
warrant,1
contrast,1
mediterranean,1
synthesized,1
discourse,1
phrase,1
quite,1
several,1
preucel,1
accomplished,1
erected,1
components,1
este,1
temporary,1
observe,1
imponen,1
essentially,1
portals,1
warranting,1
visible,1
up,1
progress,1
hayden,1
describes,1
contraste,1
notes,1
yin,1
grateful,1
provided,1
preliminary,1
distinta,1
inform,1
andfruitful,1
facies,1
nations,1
transforming,1
phrased,1
unidimensional,1
entific,1
enfocan,1
f,1
critical,1
processual,1
tasks,1
led,1
referent,1
arrangement,1
critics,1
demand,1
nonetheless,1
materials,1
various,1
actualistic,1
debating,1
action,1
logically,1
doctoral,1
labeled,1
comparative,1
successes,1
return,1
acknowledged,1
esos,1
awakens,1
brings,1
assure,1
acterization,1
whatever,1
still,1
mystifying,1
comments,1
experiences,1
followers,1
standing,1
interrelations,1
aldine,1
innovation,1
para,1
eral,1
philadelphia,1
yet,1
semior,1
builds,1
counterparts,1
array,1
seeing,1
under,1
inspiration,1
referencing,1
neither,1
perceived,1
ancient,1
contemplation,1
participants,1
symptom,1
assistance,1
shifting,1
illustrated,1
department,1
resented,1
disagreed,1
increasingly,1
frameworks,1
avoided,1
independent,1
regardless,1
muy,1
sis,1
organizations,1
starting,1
critiques,1
dilemma,1
comfortable,1
naivete,1
business,1
stated,1
stating,1
pointed,1
retical,1
ask,1
sider,1
experienced,1
smith,1
efforts,1
lengthy,1
expose,1
idea,1
consideration,1
endless,1
cumulative,1
relates,1
casos,1
unidentified,1
appeared,1
ought,1
attempting,1
choice,1
reasoning,1
manifested,1
really,1
variation,1
informarnos,1
discussed,1
conclusions,1
behind,1
model,1
discussing,1
excavation,1
english,1
por,1
focusing,1
perhaps,1
daunting,1
inert,1
jelinek,1
investigative,1
guarantees,1
free,1
remarkably,1
ecology,1
sions,1
original,1
ject,1
interrelated,1
pastiche,1
investigators,1
behaviors,1
vez,1
examples,1
discovery,1
explanation,1
disagree,1
range,1
enunciating,1
formal,1
yo,1
arose,1
enhanced,1
previously,1
characterizing,1
expand,1
findings,1
assumption,1
factor,1
assume,1
sequence,1
products,1
harvard,1
tifiable,1
assign,1
engaged,1
examination,1
full,1
chemical,1
rejected,1
contexl,1
authors,1
wylie,1
comprehensive,1
express,1
language,1
health,1
clue,1
grupo,1
essay,1
rary,1
times,1
like,1
revised,1
tim,1
obtained,1
lie,1
profitably,1
practiced,1
interacted,1
provides,1
segment,1
permitting,1
ultima,1
finite,1
fauna,1
levallois,1
graphic,1
article,1
arizona,1
k,1
evolutionary,1
constructing,1
viewpoint,1
comprension,1
reconoce,1
overcome,1
exactly,1
attendant,1
amber,1
assigning,1
james,1
confusing,1
v,1
raised,1
seeking,1
probably,1
delproblema,1
looks,1
analyze,1
differ,1
ate,1
arisen,1
versus,1
constituent,1
epistemologica,1
evaluated,1
professional,1
bordes,1
concluded,1
widely,1
gist,1
pero,1
entitled,1
accepting,1
yields,1
she,1
fairly,1
sometimes,1
crucial,1
five,1
defenders,1
practical,1
selections,1
claimed,1
reasonable,1
arqueologia,1
exhorted,1
reconocimiento,1
becomes,1
dimensions,1
lost,1
merton,1
detailed,1
began,1
contribution,1
try,1
stimulated,1
contexto,1
linking,1
often,1
responsible,1
infuse,1
construction,1
diagnostic,1
deductive,1
researcher,1
instances,1
tial,1
itself,1
problematic,1
tems,1
legitimately,1
conservation,1
meant,1
methods,1
claims,1
fertility,1
cuestion,1
dissertation,1
stimulates,1
methodist,1
variable,1
shadow,1
rarely,1
takes,1
conocimiento,1
growing,1
vania,1
version,1
demonstrate,1
regulated,1
constituted,1
dirigirse,1
known,1
eskimo,1
byproduct,1
recognizable,1
skillful,1
physical,1
quantitative,1
borrow,1
carbondale,1
lowing,1
patients,1
dominios,1
archeologists,1
berkeley,1
dimension,1
over,1
each,1
parable,1
scientist,1
pronouncement,1
acerca,1
seem,1
believe,1
lier,1
icudles,1
current,1
regard,1
empirica,1
linked,1
constant,1
examining,1
pictures,1
semantically,1
works,1
ticularly,1
february,1
procedural,1
better,1
places,1
concrete,1
dismissing,1
researching,1
construccion,1
surgen,1
explanations,1
answered,1
proceedings,1
fornia,1
spatial,1
form,1
namely,1
references,1
want,1
pertinent,1
exitosa,1
add,1
statement,1
referable,1
ethnography,1
consisting,1
useful,1
prepare,1
thames,1
ductive,1
proposing,1
huge,1
almost,1
port,1
art,1
size,1
unreasonable,1
translated,1
radically,1
tent,1
remember,1
imparted,1
son,1
ative,1
disparate,1
simply,1
affecting,1
technologies,1
revolutions,1
estudio,1
role,1
mayor,1
impose,1
disciplines,1
agents,1
confronted,1
substance,1
target,1
programs,1
reconstruct,1
presupposes,1
rosetta,1
qualitative,1
falsificationist,1
maintained,1
isolated,1
evidenced,1
ubica,1
definitions,1
comprehend,1
varied,1
kohler,1
devoted,1
acceptability,1
vacuous,1
cussed,1
finding,1
illinois,1
write,1
morphological,1
accept,1
imperative,1
trap,1
publishing,1
tactical,1
explainedby,1
wish,1
documentation,1
offer,1
applicable,1
instead,1
include,1
land,1
define,1
specialists,1
evidence,1
product,1
thoughtful,1
regular,1
attributes,1
terning,1
anatomical,1
seeks,1
area,1
ofleslie,1
share,1
needs,1
contributory,1
endeavors,1
nomena,1
searching,1
themselves,1
justify,1
vary,1
irrelevant,1
experiential,1
ferent,1
uncertainty,1
menasha,1
exclusively,1
verified,1
traditional,1
confiable,1
focus,1
trigger,1
tlement,1
strong,1
kuhn,1
comparable,1
alberta,1
operational,1
broader,1
asked,1
humanidades,1
sen,1
occur,1
perception,1
