WORDCOUNTS,WEIGHT
and,80
of,69
the,68
in,45
behavioral,39
to,35
a,34
that,30
theory,17
archaeology,17
schiffer,16
for,14
m,13
archaeological,13
broughton,13
as,10
with,10
university,10
by,10
j,10
are,10
i,10
have,10
evolutionary,10
variability,9
american,8
about,8
is,8
not,8
we,8
social,8
our,8
new,8
goals,8
theories,8
this,8
w,7
human,7
h,6
e,6
they,6
antiquity,6
edited,6
utah,6
ecology,6
but,6
lake,6
city,6
relationships,6
artifact,6
salt,6
on,6
program,5
pp,5
from,5
archaeologists,5
more,5
all,5
expanding,5
explain,5
method,5
design,5
some,5
behavior,5
processes,5
models,5
change,5
it,4
no,4
b,4
or,4
any,4
explaining,4
also,4
many,4
other,4
diverse,4
unique,4
formation,4
behavioralists,4
inference,4
skibo,4
between,4
than,4
miller,3
does,3
now,3
theoty,3
if,3
scientific,3
london,3
interactions,3
their,3
study,3
first,3
beyond,3
believe,3
my,3
current,3
past,3
do,3
answer,3
material,3
has,3
explanation,3
claim,3
programs,3
which,3
question,3
theoretical,3
de,3
times,3
upon,3
would,3
tucson,3
an,3
specific,3
constructing,3
given,3
journal,3
general,3
building,3
will,2
york,2
comment,2
advocate,2
bringing,2
science,2
statements,2
performance,2
brian,2
en,2
investigators,2
july,2
sobre,2
life,2
needed,2
provides,2
walker,2
orig,2
issue,2
explanatory,2
history,2
paper,2
before,2
al,2
experiment,2
must,2
most,2
sit,2
every,2
rather,2
interests,2
meaning,2
anthropology,2
character,2
principles,2
p,2
advances,2
places,2
que,2
discipline,2
context,2
michael,2
record,2
having,2
when,2
r,2
discussion,2
range,2
conceptual,2
including,2
along,2
misconceptions,2
its,2
subject,2
ontology,2
et,2
approach,2
like,2
function,2
perpetuate,2
nor,2
several,2
la,2
few,2
potential,2
c,2
boundaries,2
communication,2
citations,2
technological,2
recent,2
acknowledge,2
arizona,2
cite,1
factors,1
morphology,1
front,1
pertaining,1
testable,1
rchaeological,1
wishful,1
entail,1
relationship,1
produces,1
second,1
me,1
behaviors,1
reduced,1
perspectives,1
diligent,1
devote,1
myriad,1
way,1
independent,1
provide,1
assert,1
crucial,1
ecological,1
been,1
five,1
vision,1
compatible,1
delighted,1
clarifies,1
go,1
basic,1
address,1
acknowledged,1
brief,1
recognizes,1
foraging,1
who,1
accepted,1
privileges,1
indicates,1
them,1
systemic,1
per,1
contribution,1
furnish,1
recognize,1
terms,1
complex,1
va,1
salutory,1
studies,1
special,1
lacking,1
analysis,1
word,1
contributing,1
imply,1
space,1
respect,1
uniquely,1
az,1
sciences,1
commion,1
core,1
fruition,1
optimality,1
makes,1
fault,1
theorists,1
affect,1
varios,1
wanted,1
under,1
conceptualization,1
prodigal,1
ceremonial,1
improvement,1
neither,1
was,1
grimm,1
into,1
unlike,1
thinking,1
replying,1
elsewhere,1
culture,1
unimportant,1
same,1
regrettably,1
experimental,1
house,1
floor,1
archeology,1
archaeologies,1
archaeologyor,1
variabilidad,1
too,1
artefactos,1
these,1
four,1
two,1
department,1
clarifying,1
mention,1
had,1
albuquerque,1
fraction,1
t,1
totality,1
offered,1
regardless,1
physical,1
temporal,1
sources,1
rathje,1
fornation,1
imprecise,1
offers,1
answers,1
voices,1
witches,1
interested,1
evolution,1
toward,1
again,1
decades,1
others,1
possesses,1
appear,1
expectation,1
reflections,1
tiny,1
indica,1
arquleologia,1
supplied,1
efforts,1
closely,1
d,1
s,1
incessant,1
abandoning,1
conductal,1
automobile,1
portable,1
formulations,1
yen,1
begun,1
agree,1
sullivan,1
abstract,1
commentario,1
puebloan,1
lacks,1
selfidentify,1
foundation,1
effort,1
practical,1
deal,1
reacted,1
selectionist,1
far,1
hunting,1
variation,1
take,1
configuration,1
historical,1
vigorous,1
clarifications,1
innumerable,1
above,1
term,1
caricature,1
reintegrate,1
merely,1
forms,1
academic,1
america,1
precisely,1
beginning,1
v,1
quietly,1
ideologies,1
draw,1
reading,1
where,1
because,1
comnunes,1
producir,1
investigation,1
el,1
tools,1
spatial,1
designs,1
whether,1
relevant,1
recently,1
less,1
references,1
case,1
supports,1
particular,1
can,1
comes,1
focusing,1
advocates,1
establishes,1
statement,1
perhaps,1
vigoroso,1
required,1
perpettian,1
problem,1
wide,1
style,1
captures,1
always,1
explicitly,1
firm,1
prestige,1
briefly,1
technical,1
well,1
produce,1
chapter,1
none,1
entirety,1
programa,1
estd,1
identification,1
used,1
work,1
reply,1
establishing,1
feinman,1
made,1
pronouncements,1
assemblages,1
emphasis,1
framed,1
insights,1
coping,1
teoria,1
g,1
anmerican,1
taking,1
little,1
springboard,1
misconstrue,1
introduced,1
example,1
conception,1
cited,1
prevalent,1
confined,1
succinct,1
identity,1
disciplines,1
lies,1
empirical,1
use,1
hypotheses,1
contribute,1
comparision,1
reconstruct,1
emphasizing,1
virtually,1
much,1
inferences,1
broad,1
records,1
people,1
mn,1
weighting,1
malentendidos,1
mids,1
preoccupied,1
variables,1
thus,1
chapters,1
were,1
comments,1
institution,1
employed,1
harcourt,1
dating,1
obviates,1
such,1
years,1
development,1
received,1
generate,1
help,1
countless,1
clear,1
since,1
three,1
reality,1
adding,1
institutional,1
comprehensive,1
language,1
points,1
lamotta,1
territoiy,1
urge,1
characteristic,1
creating,1
offer,1
applicable,1
adopted,1
optimal,1
renounced,1
although,1
land,1
bone,1
define,1
americacn,1
pottery,1
so,1
empezando,1
things,1
states,1
mexico,1
son,1
applicability,1
alld,1
turn,1
stimulated,1
emphasizes,1
phrase,1
anthropologist,1
thomas,1
dean,1
speak,1
nielsen,1
encompasses,1
putting,1
zedefio,1
perspective,1
characteristics,1
problems,1
constructively,1
smithsonian,1
erected,1
systems,1
body,1
k,1
response,1
extraordinary,1
radio,1
broadening,1
brace,1
suddenly,1
marxist,1
examine,1
effect,1
publications,1
be,1
enterprise,1
structure,1
fully,1
electric,1
early,1
claiming,1
views,1
up,1
y,1
strikes,1
mix,1
entire,1
southwest,1
copyright,1
hayden,1
focus,1
immediately,1
need,1
seek,1
reiterate,1
attend,1
disenio,1
should,1
questions,1
time,1
postprocessualists,1
allison,1
am,1
valuable,1
preconceptions,1
household,1
major,1
society,1
commitunication,1
