WORDCOUNTS,WEIGHT
the,956
of,728
to,442
in,354
a,317
and,310
that,278
is,238
explanation,214
for,188
this,141
best,137
be,133
not,126
as,122
are,120
it,114
explanations,111
inference,102
i,97
an,94
by,92
with,85
or,81
archaeological,78
archaeology,70
have,67
on,65
one,62
these,60
can,60
more,58
archaeologists,57
at,56
than,55
they,52
was,46
reasoning,46
also,44
evidence,43
from,42
there,40
his,40
but,40
some,39
new,39
would,39
american,38
expla,38
good,36
if,35
no,35
will,35
its,34
do,34
different,33
all,33
only,33
does,32
what,32
might,31
other,31
most,31
con,31
induction,31
any,30
when,29
same,29
which,29
has,28
their,28
research,28
rather,27
university,27
statistical,27
processual,27
another,27
why,27
should,27
postprocessual,26
empirical,26
article,26
antiquity,26
many,25
were,25
testing,25
foils,25
even,24
could,24
use,24
hypotheses,24
within,23
hodder,23
two,23
been,23
while,23
explana,22
how,22
lithic,22
nation,22
terms,22
multiple,22
specific,22
tion,21
must,21
employ,20
based,20
explain,20
our,20
true,19
address,19
inductive,19
binford,19
upon,19
several,19
here,19
better,19
form,19
archae,18
those,18
standards,18
my,18
scientific,18
premises,18
we,18
them,18
tions,18
cambridge,18
between,18
method,17
hermeneutics,17
make,17
about,17
deductive,17
seem,17
pits,17
smudge,17
way,16
first,16
compelling,16
breadth,16
r,16
used,16
people,16
approach,16
value,16
he,16
edited,16
discussion,16
general,16
each,16
infer,16
phenomena,16
through,16
laws,16
account,15
point,15
causal,15
often,15
ing,15
past,15
mimbres,14
diversity,14
may,14
site,14
problem,14
criteria,14
likely,14
pp,14
hempel,14
conclusion,14
particular,14
philosophy,14
strong,14
similar,13
important,13
found,13
social,13
workshop,13
provide,13
epistemological,13
common,12
being,12
did,12
less,12
que,12
pueblo,12
argued,12
out,12
further,12
traits,12
sense,12
valid,12
la,12
science,12
lines,12
simply,12
argue,12
theory,12
both,12
arguments,12
argument,12
determine,11
test,11
either,11
debitage,11
system,11
concerning,11
process,11
cause,11
cannot,11
data,11
own,11
hide,11
foil,11
discussed,11
where,11
contrastive,11
see,11
hermeneutic,11
understanding,11
previous,11
clearly,11
presented,11
trevathan,11
hypothesis,11
into,10
analogical,10
de,10
observations,10
well,10
am,10
nations,10
makes,10
serve,10
accepted,10
standard,10
methods,10
perspectives,10
set,10
given,10
phenomenon,10
allows,10
ence,10
deduction,10
meaning,9
occurred,9
j,9
seems,9
context,9
cases,9
kidder,9
oxford,9
concentration,9
work,9
employed,9
least,9
always,9
critical,9
still,9
hegmon,9
under,9
already,9
toward,9
others,9
examples,9
reason,9
following,9
universal,9
accounts,9
despite,9
analogy,9
ways,8
approaches,8
ian,8
inductions,8
throughout,8
objective,8
elements,8
york,8
smoking,8
study,8
w,8
strength,8
philosophical,8
term,8
evaluate,8
viewed,8
types,8
example,8
variety,8
interpretation,8
time,8
made,8
causes,8
accounted,8
logic,8
pottery,8
practical,8
claims,8
then,8
sciences,8
proposed,8
using,8
question,8
much,8
harman,7
word,7
history,7
evaluating,7
philosophers,7
nature,7
s,7
principles,7
simple,7
possible,7
very,7
quantity,7
since,7
ability,7
archaeol,7
archaeologist,7
journal,7
because,7
claim,7
long,7
questions,7
limited,7
thought,7
issues,7
noted,7
lewis,7
john,7
forms,7
never,7
material,7
clear,7
wylie,7
so,7
earlier,7
who,7
analysis,7
post,7
cal,7
information,7
think,7
come,7
need,7
lipton,7
occur,7
bias,6
sys,6
definition,6
differences,6
el,6
case,6
evaluation,6
primary,6
logical,6
southwestern,6
archaeolo,6
explained,6
thing,6
houses,6
explicacion,6
just,6
had,6
result,6
tem,6
wide,6
contrast,6
few,6
world,6
hanen,6
prac,6
identified,6
kelley,6
skepticism,6
birth,6
features,6
provides,6
men,6
pro,6
things,6
tests,6
examine,6
michael,6
prob,6
over,6
anthropology,6
unique,6
mejor,6
vanpool,6
recognition,6
role,6
accept,6
typically,6
c,6
among,6
final,5
truth,5
large,5
complex,5
acceptance,5
something,5
every,5
taken,5
concentrated,5
contrasted,5
available,5
alfred,5
shanks,5
explicaciones,5
employing,5
alison,5
dis,5
underlying,5
find,5
infinite,5
without,5
identification,5
across,5
b,5
certain,5
addressing,5
understand,5
cartesian,5
deductively,5
painted,5
appear,5
greater,5
deal,5
absolute,5
improve,5
flannery,5
part,5
competing,5
knowledge,5
fit,5
place,5
inferences,5
small,5
up,5
practice,5
results,5
society,5
portion,5
ethnographic,5
nomological,5
ferent,5
larger,5
follows,5
explicitly,5
scatter,5
sufficiently,5
judge,5
began,5
theories,5
rejected,5
relation,5
sug,5
widely,5
implicitly,5
es,5
rea,5
quine,5
alternative,5
straightforward,5
current,5
domestic,5
far,5
historical,5
ologists,5
soning,5
require,5
emphasis,5
son,5
years,5
potential,5
say,5
chicago,5
north,5
recent,5
observed,5
later,4
jane,4
identify,4
h,4
evi,4
western,4
before,4
women,4
wrong,4
human,4
neolithic,4
great,4
richards,4
generalizations,4
illustrate,4
characterize,4
above,4
such,4
initial,4
due,4
against,4
application,4
sample,4
century,4
dence,4
nor,4
y,4
drawn,4
mechanism,4
interesting,4
l,4
developed,4
derived,4
read,4
bad,4
familiar,4
four,4
show,4
requires,4
view,4
closely,4
prehistoric,4
lead,4
though,4
placed,4
al,4
literature,4
future,4
explains,4
ple,4
during,4
actually,4
et,4
michelle,4
tested,4
ological,4
proximate,4
sufficient,4
bridge,4
appropriate,4
ical,4
peirce,4
biological,4
light,4
culture,4
watson,4
ed,4
robert,4
salmon,4
homo,4
scientists,4
end,4
present,4
simplicity,4
perhaps,4
style,4
tilley,4
coherent,4
discovery,4
limitations,4
ideas,4
continue,4
falsification,4
peter,4
david,4
period,4
mexico,4
latter,4
problems,4
systems,4
evolutionary,4
charles,4
southwest,4
relative,4
ity,4
she,4
effectively,4
wenda,4
ology,4
considered,4
anthropological,4
pueblos,4
turn,4
detective,4
regress,4
highly,4
par,4
worth,4
share,4
foundation,4
rely,4
investigation,4
implicit,4
whether,4
ones,4
aggregation,4
intended,4
measure,4
shown,4
gists,4
ergaster,4
area,4
assumed,4
rejection,4
little,4
traditional,4
focus,4
dif,4
arizona,4
now,3
phrased,3
lem,3
stood,3
created,3
group,3
todd,3
weaker,3
explanatory,3
stan,3
postprocessualism,3
arguing,3
contexts,3
experience,3
said,3
consistent,3
tistical,3
hypothetico,3
production,3
kent,3
sup,3
potentially,3
link,3
take,3
mind,3
state,3
improving,3
concepts,3
similarities,3
employs,3
refute,3
right,3
rela,3
lars,3
exist,3
linked,3
relies,3
conflict,3
review,3
relationships,3
quality,3
deduc,3
individual,3
uni,3
perspective,3
wholly,3
effective,3
single,3
ety,3
sin,3
critique,3
details,3
gest,3
statements,3
camp,3
bring,3
sort,3
explicit,3
christine,3
archaeolog,3
productive,3
space,3
means,3
affect,3
consider,3
organization,3
diffuse,3
numbers,3
house,3
weak,3
follow,3
readings,3
orkneys,3
utah,3
advocated,3
causation,3
ogists,3
metodo,3
typical,3
trastive,3
base,3
proces,3
companion,3
equal,3
understood,3
fish,3
discus,3
required,3
aspects,3
none,3
heart,3
london,3
whole,3
sta,3
discussions,3
structures,3
sions,3
change,3
successful,3
hard,3
working,3
useful,3
suggest,3
event,3
brought,3
philip,3
notes,3
inform,3
rest,3
gle,3
cle,3
tively,3
classic,3
brings,3
reduce,3
whatever,3
comments,3
standing,3
negate,3
seemingly,3
ubiquity,3
depicted,3
relied,3
examined,3
inferencia,3
hypothe,3
favorable,3
performed,3
fairly,3
stronger,3
stated,3
addition,3
fact,3
idea,3
fundamental,3
areas,3
creative,3
beliefs,3
contradict,3
diverse,3
debates,3
contemporary,3
external,3
patterns,3
conclusions,3
karl,3
necessary,3
belief,3
eds,3
number,3
empirically,3
greatest,3
archaeo,3
expand,3
significant,3
engaging,3
evolution,3
actual,3
examination,3
theoretical,3
described,3
three,3
virtues,3
christopher,3
high,3
black,3
differ,3
evaluated,3
unrelated,3
para,3
imply,3
note,3
independent,3
usually,3
success,3
seen,3
tive,3
establish,3
recognize,3
interpretive,3
phe,3
cam,3
addressed,3
carbondale,3
know,3
positivist,3
natural,3
este,3
connection,3
unknown,3
accommodate,3
particularly,3
bin,3
las,3
works,3
desiccation,3
according,3
making,3
add,3
statement,3
middle,3
conclude,3
lies,3
regularities,3
goals,3
mas,3
ravens,3
difference,3
include,3
irrefutable,3
states,3
arti,3
remains,3
schiffer,3
valuable,3
certainty,3
second,3
create,3
early,3
element,3
entire,3
skeptics,3
arnold,3
building,3
broader,3
resolve,2
ments,2
limits,2
stuart,2
car,2
defy,2
judging,2
ullian,2
kant,2
fea,2
entendimiento,2
introduction,2
ory,2
center,2
arqueologico,2
essays,2
pines,2
control,2
tures,2
cific,2
doubts,2
ideals,2
comparisons,2
baruch,2
hominid,2
proponents,2
feels,2
uses,2
relativism,2
absence,2
princeton,2
sual,2
anything,2
simul,2
certainly,2
creation,2
adopt,2
astronomical,2
sub,2
rare,2
words,2
reach,2
tradition,2
assess,2
suggesting,2
philoso,2
thank,2
synthesis,2
inherent,2
able,2
ences,2
real,2
feature,2
trouble,2
greatly,2
investigations,2
discipline,2
reading,2
papers,2
designs,2
ad,2
inquiry,2
ily,2
eastern,2
historians,2
sought,2
incorporate,2
discuss,2
prior,2
sidered,2
solely,2
richard,2
cited,2
radical,2
apply,2
identifies,2
engage,2
gone,2
epistemo,2
behavior,2
ciples,2
gravity,2
labor,2
central,2
peripheral,2
lon,2
ticular,2
facts,2
development,2
reject,2
points,2
initially,2
g,2
interest,2
excavations,2
basil,2
progressive,2
distinct,2
rejecting,2
amount,2
back,2
response,2
columbia,2
served,2
radio,2
compared,2
ally,2
ticularly,2
pos,2
demonstration,2
sun,2
shall,2
influence,2
babies,2
error,2
colin,2
recognized,2
americans,2
essential,2
basic,2
regicide,2
mean,2
tical,2
importance,2
talk,2
direct,2
plog,2
krieger,2
eval,2
prehistory,2
organized,2
epistemologico,2
commonly,2
prima,2
additional,2
origins,2
powerful,2
argu,2
beyond,2
hutson,2
subsidiary,2
odd,2
hit,2
strategy,2
dc,2
albuquerque,2
came,2
identifying,2
introduce,2
path,2
location,2
conservative,2
difficulty,2
erosion,2
called,2
p,2
changed,2
scenes,2
criticisms,2
amer,2
ogy,2
ican,2
inter,2
embedded,2
academic,2
cultural,2
focused,2
versity,2
mate,2
hanson,2
appears,2
biases,2
outside,2
humean,2
ford,2
your,2
confirmation,2
premise,2
structivist,2
depictions,2
scene,2
failure,2
directly,2
basis,2
correctly,2
modesty,2
vide,2
figurative,2
inferred,2
strengths,2
vincent,2
start,2
del,2
concept,2
characterization,2
reduction,2
hume,2
pyramids,2
gender,2
popper,2
cerning,2
broad,2
partly,2
contains,2
especificas,2
ter,2
traditions,2
suffi,2
skep,2
count,2
t,2
excavated,2
logica,2
abil,2
comet,2
generality,2
family,2
encompasses,2
objec,2
objectively,2
empiri,2
texas,2
differing,2
ent,2
richness,2
scott,2
interpreta,2
validly,2
provided,2
lend,2
barbara,2
cite,2
south,2
ameri,2
related,2
underlies,2
san,2
reduced,2
pairings,2
advocate,2
matter,2
attempts,2
logically,2
brian,2
birthing,2
play,2
wings,2
accepting,2
exception,2
object,2
etc,2
judgment,2
expanded,2
indicates,2
experiences,2
movement,2
southern,2
esta,2
evidentiary,2
hominids,2
once,2
reference,2
facia,2
rules,2
emil,2
fail,2
seeing,2
neither,2
quarrel,2
falls,2
complete,2
dards,2
macbeth,2
robust,2
insights,2
illustrated,2
hearth,2
rise,2
enterprises,2
lack,2
starting,2
remarkably,2
unreliable,2
paul,2
multiplying,2
again,2
stating,2
moyle,2
water,2
archaeologi,2
ceramic,2
epistemologi,2
consideration,2
wesley,2
pretty,2
justification,2
doubt,2
pattern,2
taneously,2
fits,2
everyday,2
ground,2
covered,2
model,2
ating,2
heavily,2
answer,2
strategies,2
hides,2
patty,2
frequency,2
degree,2
argues,2
original,2
sightings,2
sensory,2
father,2
range,2
writings,2
lake,2
looking,2
concern,2
entirely,2
skeptical,2
raven,2
induc,2
determining,2
assumption,2
engaged,2
full,2
stress,2
ticing,2
lady,2
evalu,2
someone,2
like,2
collected,2
serves,2
ernst,2
stages,2
anyone,2
sally,2
construct,2
decide,2
faith,2
internal,2
trying,2
salt,2
become,2
epistemology,2
mayr,2
interpretations,2
marsha,2
structure,2
v,2
probably,2
occupied,2
outright,2
concluded,2
archaic,2
cussions,2
discussing,2
me,2
observa,2
alex,2
continued,2
sometimes,2
chance,2
claimed,2
program,2
reasonable,2
begin,2
multi,2
bulletin,2
un,2
juan,2
lives,2
suggestions,2
try,2
construction,2
united,2
surprising,2
measured,2
tial,2
itself,2
face,2
rigorous,2
earliest,2
stephen,2
abandonment,2
contained,2
thinking,2
epistemologies,2
ensayo,2
known,2
supported,2
borrow,2
carl,2
text,2
poten,2
particulars,2
principle,2
sure,2
key,2
vari,2
altering,2
etal,2
searched,2
job,2
examining,2
placing,2
particu,2
living,2
type,2
places,2
believed,2
suffering,2
conservatism,2
circles,2
phenom,2
cooking,2
list,2
phers,2
razonamiento,2
oppositions,2
produce,2
wilkens,2
proposing,2
almost,2
too,2
don,2
suggests,2
contain,2
ses,2
translated,2
mod,2
city,2
turns,2
subject,2
returning,2
com,2
writing,2
sistema,2
subsumed,2
examinations,2
false,2
background,2
merrilee,2
generate,2
illinois,2
numerous,2
applicable,2
actively,2
d,2
you,2
conclu,2
defined,2
uation,2
probabilistic,2
shift,2
fogelin,2
deductions,2
summary,2
indoor,2
contradicted,2
nomena,2
searching,2
clarify,2
fol,2
contrasting,2
enterprise,2
norman,2
views,2
spe,2
develop,2
virtue,2
doing,2
roles,2
termed,2
increase,2
sible,1
florence,1
difficult,1
siu,1
cient,1
winds,1
huntington,1
smoke,1
interpre,1
mostly,1
rate,1
compares,1
o,1
refutes,1
deny,1
ciently,1
olutions,1
rev,1
depen,1
dra,1
perspectivas,1
divert,1
tice,1
scholar,1
wonder,1
battle,1
cussion,1
deduced,1
physiography,1
nec,1
discredited,1
soci,1
lated,1
affirming,1
e,1
epistemologically,1
quent,1
alone,1
diagnose,1
stands,1
contradicts,1
connecticut,1
per,1
passing,1
ventional,1
village,1
becoming,1
settlements,1
engendering,1
partially,1
explic,1
orientaciones,1
denied,1
ana,1
designed,1
ya,1
advised,1
stone,1
schools,1
harald,1
specialist,1
sets,1
investigating,1
centration,1
otra,1
whose,1
jonathan,1
easily,1
studies,1
mit,1
modern,1
satisfied,1
bueno,1
mechanic,1
former,1
decade,1
conclusive,1
prentice,1
structing,1
painters,1
pose,1
total,1
observing,1
esty,1
explodes,1
ethnoarchaeological,1
factor,1
pots,1
englewood,1
migration,1
analogi,1
source,1
hesitations,1
controlled,1
recog,1
practices,1
properties,1
laura,1
negative,1
round,1
modifications,1
explaining,1
ellsworth,1
cherokee,1
inaccu,1
sources,1
davis,1
specifically,1
efectivo,1
guar,1
abduc,1
evaluar,1
voices,1
exclusive,1
contingent,1
implications,1
rested,1
asso,1
rita,1
attempt,1
humans,1
pretations,1
ourselves,1
caricatures,1
england,1
bloomington,1
containing,1
latent,1
hacen,1
explores,1
probar,1
broken,1
assertion,1
equivocal,1
confusion,1
exotic,1
senses,1
confront,1
rule,1
studied,1
closer,1
concludes,1
remem,1
characterizing,1
norwood,1
uncovered,1
loops,1
carnegie,1
resulting,1
mosquitoes,1
sitet,1
deemed,1
listed,1
introduces,1
biologists,1
seri,1
newell,1
perceive,1
immanuel,1
enmeshing,1
california,1
somewhat,1
committed,1
luann,1
nomadic,1
tinue,1
side,1
fossils,1
corresponded,1
referenda,1
existence,1
sophisticated,1
forthcoming,1
behavioral,1
necessar,1
task,1
advice,1
guidelines,1
amplified,1
firm,1
america,1
agriculture,1
imate,1
jett,1
approximations,1
addresses,1
postproces,1
prescriptions,1
vol,1
porter,1
methodologies,1
determined,1
ered,1
activity,1
pelling,1
fritz,1
functions,1
october,1
ings,1
occupy,1
births,1
strayed,1
obvious,1
rid,1
occurring,1
mater,1
reflecting,1
x,1
consequent,1
eliminating,1
timothy,1
truths,1
itly,1
overplay,1
dynamic,1
cole,1
hermeneu,1
along,1
enter,1
gavin,1
himself,1
mentally,1
galapagos,1
schif,1
guyer,1
ormiston,1
requir,1
ross,1
deserted,1
philo,1
aca,1
leblanc,1
frisby,1
tences,1
goal,1
million,1
tuc,1
correctamente,1
andy,1
royal,1
exemplifying,1
astronomers,1
villamil,1
andhanen,1
tuggle,1
pinsky,1
weakened,1
component,1
reassert,1
agreement,1
roger,1
run,1
pilot,1
professor,1
bent,1
direc,1
illustrates,1
assumes,1
lengeable,1
rooting,1
humanists,1
hace,1
agreeing,1
valerie,1
relations,1
gendered,1
occurs,1
afford,1
walter,1
intel,1
tucson,1
ampliative,1
comparado,1
nested,1
positivism,1
gauged,1
forced,1
kind,1
weaknesses,1
plausibility,1
rank,1
inabil,1
old,1
rejec,1
judged,1
refer,1
ear,1
serving,1
judg,1
allowing,1
suitable,1
emphases,1
left,1
ditioned,1
witnessed,1
truly,1
compare,1
sci,1
overarching,1
explore,1
gil,1
evidencia,1
interlocking,1
section,1
indif,1
spite,1
practically,1
versal,1
propositions,1
capitol,1
conducting,1
descriptive,1
guide,1
billion,1
cooperative,1
unexamined,1
fer,1
dedicate,1
ton,1
conceptually,1
ment,1
construccion,1
perfect,1
jean,1
distribution,1
higher,1
elpapel,1
failed,1
ers,1
steps,1
underlay,1
ruins,1
tiple,1
depiction,1
alleged,1
vegetable,1
evaluates,1
adequate,1
selec,1
german,1
reflects,1
played,1
necesario,1
mak,1
predicted,1
exact,1
synthesizing,1
subjected,1
reviews,1
links,1
overreach,1
growth,1
rio,1
main,1
absent,1
scrapers,1
influenced,1
procesualy,1
agonizing,1
joan,1
teria,1
en,1
official,1
enon,1
observer,1
headfirst,1
myself,1
notion,1
neatly,1
una,1
practiced,1
suffer,1
goes,1
pervasiveness,1
spi,1
proportion,1
wiley,1
connected,1
ceramics,1
dialogue,1
symbols,1
selected,1
fred,1
lay,1
moted,1
limitation,1
practicing,1
guides,1
support,1
theodor,1
analy,1
modified,1
references,1
ralf,1
changes,1
gener,1
tinued,1
plus,1
metropolis,1
postmodern,1
tensions,1
possibly,1
empiricamente,1
dichotomy,1
distract,1
sorts,1
cri,1
established,1
dwight,1
sim,1
quote,1
fishes,1
considerations,1
presumably,1
dition,1
sum,1
allocation,1
dartmouth,1
n,1
objectivity,1
unchal,1
practition,1
quoted,1
articulated,1
jersey,1
infinitum,1
contemporaries,1
god,1
upper,1
leblane,1
incorrectly,1
potters,1
gero,1
commented,1
ilee,1
ques,1
emeritus,1
efficient,1
generally,1
willing,1
answers,1
solve,1
guarantee,1
corresponding,1
m,1
preu,1
gymnastics,1
providing,1
tory,1
mer,1
strengthen,1
molds,1
myths,1
hope,1
methodology,1
thrust,1
paragraph,1
translating,1
whereas,1
talking,1
moving,1
advance,1
emerged,1
berlain,1
raveness,1
allow,1
avenue,1
formulations,1
acknowledgments,1
basin,1
search,1
refutable,1
struc,1
impressionistic,1
expli,1
teoricas,1
resembles,1
seven,1
lived,1
demands,1
her,1
infrequent,1
events,1
relate,1
noting,1
persist,1
multiples,1
husbands,1
constantly,1
mined,1
perception,1
overcome,1
late,1
tralized,1
irrefutably,1
pure,1
equally,1
pointing,1
circular,1
districts,1
treat,1
tools,1
recently,1
population,1
produced,1
venue,1
tile,1
applied,1
grounds,1
productively,1
amenable,1
perform,1
yield,1
facilities,1
yoffee,1
determinar,1
bogus,1
wants,1
aging,1
technical,1
ticism,1
sites,1
gained,1
ena,1
nition,1
sounded,1
prdctica,1
implic,1
pronounce,1
accounting,1
stances,1
arqueologos,1
mul,1
sity,1
listening,1
received,1
ademds,1
overturn,1
reestablished,1
soever,1
unexplained,1
occupants,1
purpose,1
norm,1
reserve,1
calls,1
quickly,1
commonalities,1
closed,1
department,1
caught,1
minority,1
geology,1
year,1
ingly,1
gies,1
older,1
pyramid,1
relevance,1
jo,1
falling,1
subse,1
rallying,1
demon,1
doors,1
saw,1
focuses,1
cry,1
novels,1
showing,1
preparation,1
monopoly,1
alan,1
status,1
strengthened,1
visions,1
memoirs,1
polity,1
strongest,1
lithics,1
errors,1
trate,1
ren,1
multiplicity,1
creating,1
mismo,1
thagard,1
describing,1
ago,1
field,1
hermeneutica,1
below,1
redman,1
theoretically,1
trees,1
simpler,1
straight,1
holes,1
kel,1
next,1
warrant,1
complicate,1
spilled,1
cen,1
egos,1
discourse,1
emphasizes,1
night,1
sake,1
involved,1
guidance,1
archaeologies,1
close,1
soil,1
preucel,1
vade,1
erature,1
pain,1
concerns,1
dard,1
tation,1
mi,1
presence,1
master,1
observe,1
nomads,1
kernels,1
essentially,1
villages,1
unreliability,1
blessings,1
postprocessu,1
impossible,1
rately,1
core,1
progress,1
lyman,1
claude,1
dependent,1
refleja,1
proper,1
correspondence,1
gould,1
peculiar,1
kid,1
plausible,1
weigh,1
crime,1
searches,1
preliminary,1
pot,1
activities,1
impor,1
lems,1
seemed,1
phi,1
circum,1
survived,1
replacing,1
chronological,1
gayle,1
pares,1
pecos,1
morphology,1
happen,1
therefore,1
collingwood,1
usable,1
diferentes,1
situation,1
kosso,1
demand,1
steady,1
lit,1
materials,1
various,1
humanist,1
guarded,1
cosmological,1
middling,1
action,1
economic,1
unification,1
incorrect,1
explora,1
short,1
happy,1
jtirgen,1
labeled,1
surprisingly,1
tempted,1
inferential,1
whim,1
processualism,1
forward,1
edges,1
spend,1
merits,1
albany,1
allen,1
reconstruction,1
harry,1
diver,1
technically,1
backdrop,1
lo,1
suppose,1
zeal,1
demic,1
chap,1
illuminating,1
relationship,1
gilbert,1
robin,1
inception,1
rel,1
yet,1
victor,1
fringe,1
cacion,1
sonnets,1
suited,1
misunderstand,1
happened,1
corroborated,1
hos,1
caveat,1
reversed,1
restricted,1
chronology,1
muddied,1
incorpora,1
us,1
aggre,1
tific,1
specimens,1
ancient,1
nounced,1
nat,1
gation,1
adjusted,1
pioneered,1
giza,1
clusion,1
wright,1
supposedly,1
odds,1
confirmed,1
prin,1
relativist,1
reports,1
reliance,1
violations,1
begins,1
aristotle,1
disciplinary,1
cream,1
lee,1
sam,1
perspec,1
tomorrow,1
samson,1
sis,1
gain,1
phillip,1
dilemma,1
law,1
ognized,1
book,1
conceal,1
criterios,1
challenge,1
argumentative,1
ley,1
refutables,1
deserves,1
rejects,1
ask,1
smok,1
added,1
enumerative,1
signified,1
pendence,1
communal,1
longer,1
culprit,1
diminishing,1
stories,1
treatment,1
severin,1
blocks,1
occurrence,1
clarendon,1
gested,1
channeling,1
exam,1
rial,1
compound,1
depict,1
abstract,1
tally,1
essence,1
contrastantes,1
choice,1
inevitably,1
grave,1
break,1
decreases,1
circling,1
partic,1
loop,1
everything,1
distrust,1
substantially,1
appropriately,1
fashion,1
man,1
actu,1
agree,1
serious,1
rhetoric,1
anthropologist,1
cept,1
charac,1
took,1
hand,1
learn,1
increases,1
manner,1
unit,1
burgh,1
continuing,1
developing,1
validity,1
existing,1
non,1
mex,1
uct,1
underscores,1
forth,1
riley,1
lectual,1
conviction,1
cir,1
cuando,1
appropriating,1
daries,1
rounds,1
woman,1
reconstructing,1
shafer,1
rals,1
losophy,1
compelled,1
cul,1
acentua,1
guila,1
ink,1
coined,1
acquire,1
free,1
encountered,1
mill,1
refuted,1
obsession,1
day,1
gestions,1
remove,1
interpreting,1
thousands,1
juegan,1
representations,1
fundamentally,1
backbone,1
postprocessualists,1
balance,1
sepa,1
indiana,1
dered,1
propor,1
esto,1
bear,1
values,1
aggregated,1
onto,1
formal,1
quan,1
fictional,1
including,1
previously,1
prox,1
illumination,1
claws,1
top,1
rec,1
underde,1
food,1
largely,1
persisted,1
emphasize,1
multivocality,1
asteroid,1
assume,1
prov,1
harvard,1
heard,1
glyn,1
ethnic,1
styles,1
salvador,1
nothing,1
merit,1
behav,1
check,1
overlap,1
replace,1
prod,1
contribution,1
involves,1
sacrificing,1
possibil,1
exceedingly,1
low,1
open,1
significance,1
worry,1
meanings,1
margaret,1
loosely,1
fallacy,1
disguised,1
permite,1
lamotta,1
counter,1
held,1
wits,1
defense,1
gateway,1
architectural,1
gardin,1
blend,1
allowed,1
characterized,1
reviewers,1
revised,1
function,1
him,1
leanings,1
risen,1
lie,1
shortly,1
probable,1
ted,1
fancy,1
ural,1
lose,1
thomas,1
ciated,1
founda,1
ture,1
favored,1
readers,1
facing,1
random,1
comparing,1
satisfy,1
k,1
constructing,1
topic,1
craft,1
essary,1
narrow,1
assessing,1
stand,1
exactly,1
incompatible,1
accordingly,1
ior,1
awful,1
unites,1
remainder,1
james,1
ethnographically,1
anthropolog,1
ate,1
sophical,1
inde,1
northern,1
robbins,1
edin,1
versus,1
institution,1
tendency,1
schrift,1
fall,1
determina,1
quarterly,1
contradic,1
propose,1
achieve,1
encompassing,1
exper,1
division,1
applies,1
species,1
justice,1
examines,1
hunt,1
visit,1
increasing,1
fails,1
dealing,1
enough,1
mation,1
consists,1
asking,1
defensible,1
suggestion,1
twelve,1
testable,1
relying,1
progeny,1
entail,1
spiral,1
circle,1
simplic,1
violation,1
today,1
humanities,1
cre,1
ularly,1
rephrase,1
lot,1
george,1
quo,1
assert,1
kenneth,1
ify,1
iment,1
investi,1
plays,1
hill,1
albion,1
vague,1
suposicion,1
order,1
sec,1
primarily,1
becomes,1
referred,1
pute,1
antee,1
detailed,1
dissimilarity,1
yale,1
cist,1
trait,1
falsifies,1
sides,1
oddly,1
dent,1
rapidly,1
lucas,1
discredit,1
covering,1
length,1
dynamism,1
spanning,1
verdad,1
fam,1
inferior,1
composed,1
cowrote,1
supporting,1
illus,1
lar,1
exists,1
instances,1
bered,1
consid,1
articles,1
mirror,1
unusual,1
problematic,1
joseph,1
regularly,1
mouse,1
biology,1
door,1
merito,1
rarely,1
orkney,1
alexan,1
judgments,1
finches,1
stitutes,1
civilizations,1
exemplified,1
mentioned,1
changing,1
intensification,1
comparison,1
grand,1
advocates,1
throw,1
spanish,1
complexes,1
orlando,1
demonstrate,1
extensive,1
geographic,1
enquiry,1
continues,1
characteristics,1
implied,1
tics,1
rival,1
constructed,1
temporal,1
record,1
output,1
fundamen,1
lowing,1
wider,1
philosophi,1
prag,1
proxi,1
der,1
forty,1
accommodates,1
scien,1
berkeley,1
lean,1
disponible,1
mutually,1
infor,1
tured,1
statis,1
unfalsifiable,1
scientist,1
shares,1
steven,1
setting,1
strated,1
believe,1
corncobs,1
okay,1
pragmatic,1
copyright,1
regard,1
visiting,1
returns,1
minimized,1
ported,1
crawled,1
reliability,1
contradictory,1
guy,1
themselves,1
written,1
benefit,1
ous,1
factors,1
poned,1
childbirth,1
pit,1
wood,1
antiq,1
thompson,1
february,1
structed,1
possibility,1
feminist,1
terrible,1
tambien,1
outlook,1
tices,1
brody,1
born,1
limi,1
falsifiable,1
termined,1
implicitamente,1
answered,1
worthwhile,1
independently,1
character,1
cel,1
subclauses,1
metaphor,1
seasonal,1
edinburgh,1
impli,1
mere,1
funda,1
alice,1
lematic,1
extent,1
forc,1
listen,1
fully,1
unfavorable,1
institute,1
ductive,1
migrations,1
absurdly,1
tant,1
belknap,1
proporciona,1
threat,1
behaviorism,1
omnipotent,1
size,1
ject,1
radically,1
bodies,1
boston,1
ative,1
entrance,1
disparate,1
refinement,1
ceive,1
trol,1
confirm,1
pat,1
uity,1
cations,1
mayor,1
elizabethan,1
assumptions,1
pervades,1
emplean,1
gated,1
contrasts,1
dominant,1
bureau,1
survive,1
perspectiva,1
adey,1
promoted,1
refutability,1
understandings,1
until,1
models,1
underworld,1
evaluat,1
drafts,1
flights,1
unable,1
anatomically,1
disposal,1
advent,1
cussed,1
finding,1
quest,1
nile,1
decrease,1
twentieth,1
camps,1
web,1
write,1
washington,1
grant,1
bawden,1
burnt,1
wish,1
corrective,1
offer,1
instead,1
detached,1
disagree,1
land,1
realism,1
define,1
specialists,1
green,1
unified,1
product,1
gen,1
irreconcilable,1
anatomical,1
piece,1
clues,1
seeks,1
attempted,1
synergy,1
presenting,1
blunders,1
association,1
climactic,1
increased,1
effec,1
ships,1
particularities,1
critiqued,1
anonymous,1
ful,1
respective,1
identifica,1
observation,1
news,1
paired,1
hans,1
removed,1
pasadena,1
ser,1
doubling,1
supply,1
inasmuch,1
debate,1
sharing,1
sequent,1
menasha,1
east,1
matic,1
backwards,1
divergent,1
abandoned,1
immediately,1
glance,1
seek,1
ends,1
taylor,1
ologies,1
garth,1
fur,1
sen,1
willis,1
