WORDCOUNTS,WEIGHT
the,178
of,97
and,78
in,63
to,51
with,40
is,38
a,35
by,29
that,24
this,23
costa,21
from,21
bichrome,20
incised,18
are,18
period,17
la,17
polychrome,16
which,15
stone,15
as,14
we,14
at,13
rica,13
fortuna,12
on,12
pottery,12
it,11
red,11
ware,11
mirror,11
balser,11
or,10
for,10
zoned,10
guacimo,10
one,10
not,9
our,9
grave,9
decorated,9
gold,9
was,8
associated,8
tombs,8
sequence,8
have,8
coe,8
no,7
they,7
type,7
linear,7
be,7
early,7
been,6
pieces,6
these,6
two,6
archaeological,6
archaeology,6
black,6
finds,6
classic,5
monochrome,5
pp,5
backs,5
cylindrical,5
cemetery,5
only,5
all,5
baudez,5
guinea,5
fragments,5
vol,5
vessels,5
rican,5
an,5
article,5
fig,5
may,4
therefore,4
without,4
if,4
american,4
white,4
types,4
slate,4
but,4
most,4
decoration,4
other,4
found,4
new,4
date,4
ad,4
another,4
postclassic,4
hartman,4
phase,4
time,4
were,4
authors,4
disk,4
vessel,4
applique,4
disks,4
seems,3
f,3
moreno,3
interpretation,3
site,3
nicaragua,3
formative,3
under,3
geometric,3
dated,3
same,3
mention,3
first,3
published,3
objects,3
painted,3
also,3
technique,3
cover,3
important,3
nicoya,3
tomb,3
ceramic,3
could,3
atlantic,3
mesoamerican,3
styles,3
late,3
according,3
appears,3
michael,3
see,3
because,3
some,3
work,3
both,3
made,3
region,3
its,3
has,3
think,3
de,3
doris,3
there,3
three,3
their,3
carlos,3
d,3
corresponds,3
straight,3
few,3
back,3
between,3
excavations,3
when,3
seal,3
should,3
guanacaste,3
pot,3
claude,3
motif,3
veracruz,2
san,2
york,2
galo,2
span,2
way,2
scientific,2
vertical,2
lines,2
forward,2
recognizes,2
linea,2
large,2
indicate,2
direct,2
complex,2
whole,2
about,2
h,2
country,2
consider,2
us,2
undulating,2
history,2
into,2
contained,2
then,2
any,2
culture,2
following,2
belonging,2
already,2
peten,2
vieja,2
certainly,2
preceding,2
colors,2
attempt,2
over,2
put,2
decorative,2
thinks,2
many,2
internacional,2
seem,2
remarks,2
belong,2
called,2
simple,2
succeeding,2
thompson,2
question,2
merely,2
conclusions,2
do,2
v,2
burial,2
designs,2
contents,2
recently,2
material,2
however,2
number,2
saying,2
maya,2
sites,2
watershed,2
opened,2
line,2
used,2
middle,2
multiple,2
say,2
part,2
tempisque,2
researches,2
description,2
use,2
during,2
place,2
band,2
associations,2
charco,2
includes,2
such,2
points,2
congreso,2
jade,2
excavated,2
century,2
alligator,2
especially,2
carl,2
presence,2
xxxiii,2
can,2
like,2
even,2
valley,2
northwestern,2
journal,2
evidence,2
provided,2
chronological,1
carved,1
difficult,1
contacts,1
does,1
now,1
twelve,1
lopez,1
interesting,1
he,1
done,1
whose,1
give,1
matter,1
nicaraos,1
common,1
estimated,1
testimony,1
rather,1
his,1
cist,1
sometimes,1
mexico,1
implying,1
identified,1
commentary,1
five,1
akten,1
vienna,1
how,1
hunting,1
toward,1
attains,1
sort,1
represent,1
plastic,1
peruvian,1
indirect,1
exception,1
feathered,1
represented,1
stratigraphy,1
yale,1
inability,1
heye,1
indicates,1
jar,1
connecticut,1
beveled,1
comments,1
contribution,1
similar,1
contemporaneous,1
modes,1
covering,1
antiquity,1
insistently,1
es,1
illegal,1
k,1
dans,1
goldworking,1
burials,1
list,1
pacific,1
remnants,1
museum,1
globular,1
recherches,1
remains,1
mora,1
makes,1
combines,1
thought,1
favor,1
albert,1
considered,1
increased,1
university,1
motive,1
position,1
neglected,1
stratigraphic,1
light,1
elsewhere,1
quoted,1
americanists,1
traces,1
glyphlike,1
listed,1
hopes,1
du,1
must,1
show,1
reliance,1
noted,1
additional,1
fugitive,1
known,1
else,1
either,1
slope,1
picture,1
roller,1
followed,1
peninsula,1
sources,1
wrong,1
lack,1
resolution,1
more,1
name,1
roman,1
dealers,1
lapse,1
stated,1
taken,1
dug,1
know,1
suggested,1
provenience,1
vols,1
again,1
others,1
rapid,1
appear,1
worked,1
albuquerque,1
motifs,1
tendencies,1
each,1
added,1
noi,1
j,1
had,1
paper,1
different,1
attribute,1
resemblance,1
naive,1
identifying,1
admit,1
bearing,1
unknown,1
broken,1
appearance,1
rosales,1
great,1
confusion,1
abstract,1
phasesfacts,1
vase,1
utatlan,1
foundation,1
resembles,1
reasoning,1
contradict,1
out,1
studied,1
thanks,1
legs,1
far,1
omitted,1
end,1
nosara,1
pioneer,1
carnegie,1
polychromes,1
historical,1
review,1
i,1
las,1
help,1
past,1
flying,1
discussed,1
innumerable,1
base,1
based,1
isthmian,1
disputable,1
enough,1
paint,1
beginning,1
raised,1
present,1
though,1
cultural,1
where,1
carefully,1
validity,1
seals,1
precautions,1
ceramics,1
form,1
renaissance,1
cannot,1
sorry,1
applied,1
slip,1
suffices,1
effigy,1
acquaintance,1
publications,1
quote,1
comes,1
grounds,1
handled,1
refute,1
existence,1
whatsoever,1
passed,1
confirmation,1
plain,1
explain,1
frequency,1
bolson,1
stylistically,1
east,1
method,1
misunderstood,1
cartago,1
differs,1
coin,1
criteria,1
toya,1
representations,1
design,1
trade,1
archeologiques,1
directly,1
local,1
none,1
scroll,1
dissipate,1
italian,1
disappearance,1
invisible,1
understanding,1
data,1
condition,1
ciruelas,1
international,1
rivas,1
zoomorphic,1
move,1
upon,1
scheme,1
john,1
reader,1
seen,1
conclude,1
lake,1
guayas,1
including,1
contemporaneity,1
tributary,1
city,1
previously,1
apparent,1
confirm,1
confined,1
unrestrained,1
decorate,1
confirms,1
internationalen,1
giving,1
concern,1
unhappy,1
everywhere,1
territory,1
trichrome,1
fragment,1
unfortunately,1
describe,1
island,1
older,1
unreported,1
discussion,1
much,1
demonstrates,1
corresponding,1
faint,1
congress,1
des,1
figures,1
submitted,1
willey,1
resulting,1
rio,1
central,1
ethnographical,1
thus,1
miraflores,1
underslip,1
antique,1
royal,1
personal,1
false,1
away,1
comparable,1
palmar,1
dating,1
southwestern,1
shown,1
southwvestern,1
commercial,1
argument,1
delegates,1
years,1
rowe,1
archaeologists,1
sequences,1
memoirs,1
since,1
against,1
t,1
publication,1
samuel,1
catch,1
definitely,1
stockholm,1
ethnohistorical,1
commonest,1
characteristic,1
travels,1
least,1
brush,1
include,1
salt,1
isthmus,1
mesoamerica,1
fulfilled,1
would,1
spread,1
grooved,1
so,1
manufacture,1
opinions,1
attribution,1
panel,1
excuse,1
menasha,1
looters,1
france,1
snake,1
piece,1
defined,1
pittsburgh,1
shortly,1
clinching,1
after,1
area,1
discredit,1
clay,1
pretensions,1
latter,1
around,1
reluctance,1
roughly,1
small,1
habitation,1
refer,1
sufficient,1
stamps,1
heirloom,1
difficulty,1
km,1
recalls,1
ometepe,1
research,1
c,1
distinguished,1
musee,1
correlate,1
coast,1
matapalo,1
find,1
hunters,1
pillaged,1
views,1
maximum,1
through,1
probably,1
given,1
those,1
results,1
glance,1
tentatively,1
among,1
ends,1
than,1
xxxv,1
north,1
norweb,1
professional,1
hardly,1
wolfgang,1
contradictory,1
influence,1
close,1
negative,1
paste,1
casts,1
seemed,1
hypothesis,1
