WORDCOUNTS,WEIGHT
the,1004
of,663
and,518
in,397
to,328
a,254
that,160
population,144
is,129
by,123
for,109
agriculture,109
climate,89
from,84
at,82
as,78
j,76
have,70
subsistence,69
on,68
are,67
more,66
last,61
al,61
et,60
with,59
d,59
holocene,56
or,56
r,54
glacial,53
time,51
intensification,51
years,50
plant,50
was,48
pressure,48
than,46
be,46
m,45
this,45
we,45
during,43
ice,43
rate,41
were,41
an,41
growth,40
agricultural,39
origins,38
evolution,37
american,36
l,36
s,35
b,35
but,35
new,35
university,34
pleistocene,34
change,33
g,32
will,32
c,32
about,31
populations,30
variation,30
not,30
much,30
no,29
would,29
bp,28
cultural,28
edited,28
h,27
pp,27
north,27
it,26
use,26
very,26
w,26
if,25
may,25
k,25
data,25
less,25
some,24
de,24
been,24
also,23
any,23
per,22
domestication,22
near,22
p,22
variable,22
rapid,21
e,21
rates,21
their,21
t,21
intensive,21
younger,21
other,21
science,21
evidence,21
origin,20
such,20
changes,20
core,20
given,20
early,20
all,19
even,19
late,19
record,19
small,19
which,19
systems,19
dryas,19
antiquity,19
greenland,18
most,18
carrying,18
quite,18
only,18
la,18
system,17
increase,17
transition,17
one,16
into,16
long,16
human,16
innovation,16
these,16
species,16
capita,16
i,15
has,15
after,15
scales,15
people,15
where,15
strategies,15
california,15
archaeological,15
spread,15
conditions,14
capacity,14
relatively,14
world,14
areas,14
en,14
income,14
so,14
can,14
when,14
equation,14
current,14
maximum,14
resources,14
over,13
they,13
large,13
first,13
climates,13
n,13
yrs,13
southern,13
under,13
low,13
period,13
high,13
highly,13
global,13
local,13
diffusion,12
might,12
atlantic,12
since,12
higher,12
show,12
cores,12
density,12
because,12
its,12
climatic,12
records,12
two,12
processes,12
natufian,12
figure,12
began,12
often,12
between,12
environmental,11
fluctuations,11
production,11
humans,11
el,11
process,11
centers,11
initial,11
used,11
london,11
least,11
archaeology,11
several,11
interglacial,11
water,11
v,11
percent,11
densities,11
upper,11
atmospheric,11
before,10
competitive,10
york,10
important,10
prehistoric,10
diet,10
northern,10
seeds,10
proxy,10
technology,10
toward,10
many,10
model,10
deep,10
food,10
sequence,10
rapidly,10
size,10
variability,10
our,10
hypothesis,10
modern,9
western,9
history,9
lower,9
could,9
eastern,9
cases,9
dates,9
compared,9
greater,9
lead,9
events,9
below,9
f,9
likely,9
same,9
pattern,9
three,9
like,9
independent,9
then,9
quaternary,9
different,9
past,9
plants,9
level,9
using,9
until,9
temperature,9
shift,9
chicago,9
little,9
technological,9
tend,8
maize,8
princeton,8
logistic,8
grip,8
state,8
santa,8
just,8
weather,8
age,8
out,8
dispersal,8
well,8
hemisphere,8
research,8
up,8
us,8
shows,8
considerable,8
enough,8
increases,8
especially,8
ecological,8
effects,8
efficiency,8
stable,8
environment,8
natural,8
east,8
eventually,8
america,8
land,8
carbon,8
difficult,7
later,7
taken,7
nature,7
europe,7
great,7
farmers,7
bettinger,7
que,7
case,7
far,7
labor,7
thus,7
y,7
journal,7
mean,7
parts,7
ratchet,7
productive,7
paleolithic,7
argued,7
too,7
resource,7
trajectories,7
basin,7
ocean,7
suitable,7
ago,7
suggest,7
around,7
few,7
still,7
social,7
farming,7
present,7
upon,7
range,7
significant,7
africa,7
slow,7
associated,7
must,7
u,7
beginning,7
while,7
both,7
domesticates,7
wild,7
cambridge,7
thousand,7
temperatures,7
foraging,6
complex,6
studies,6
organic,6
occurred,6
absence,6
steady,6
reach,6
hunting,6
those,6
threshold,6
recorded,6
possible,6
variations,6
above,6
dynamics,6
due,6
turn,6
estimates,6
rather,6
risk,6
similar,6
gathering,6
shorter,6
result,6
based,6
academic,6
though,6
scale,6
pollen,6
explain,6
sites,6
part,6
caused,6
resolution,6
cycle,6
value,6
make,6
once,6
culture,6
smith,6
deterioration,6
grows,6
do,6
necessary,6
region,6
lake,6
hypotheses,6
previous,6
evolutionary,6
relative,6
increasing,6
provide,6
why,6
analysis,6
jomon,6
peoples,6
innovations,6
did,6
appendix,6
losses,6
cultivation,6
las,6
animal,6
interglacials,6
sea,6
average,6
explanation,6
although,6
terrestrial,6
braidwood,6
ca,6
dt,6
major,6
cold,5
acorns,5
decade,5
leading,5
timing,5
there,5
marine,5
robert,5
within,5
sophisticated,5
proxies,5
central,5
sediment,5
occurs,5
response,5
without,5
across,5
levels,5
environments,5
organization,5
exploitation,5
dc,5
societies,5
lived,5
older,5
regions,5
earth,5
successful,5
smithsonian,5
latest,5
impossible,5
annual,5
productivity,5
periods,5
minor,5
impacts,5
expansion,5
barley,5
communities,5
makes,5
evolved,5
foods,5
models,5
diets,5
gives,5
collecting,5
including,5
parameter,5
factor,5
characterized,5
evolve,5
acquire,5
effect,5
probably,5
southwest,5
adaptive,5
european,5
perspectives,5
reasonable,5
settled,5
frontier,5
table,5
known,5
perhaps,5
rainfall,5
anthropology,5
seem,5
constant,5
historical,5
them,5
list,5
series,5
seasonal,5
always,5
suggests,5
incomes,5
through,5
technologies,5
area,5
increased,5
filtered,5
richerson,4
does,4
limits,4
estimated,4
arctic,4
madsen,4
expect,4
center,4
stone,4
cycles,4
leads,4
archaeologists,4
either,4
wrong,4
seems,4
crops,4
vegetation,4
respond,4
investigations,4
china,4
arabian,4
point,4
realistic,4
dependence,4
development,4
price,4
old,4
baumhoff,4
game,4
dust,4
century,4
main,4
how,4
se,4
ammerman,4
intrinsic,4
support,4
means,4
prehistory,4
dated,4
strategy,4
had,4
latitudes,4
ditlevsen,4
pass,4
genes,4
isotope,4
technical,4
example,4
documented,4
approach,4
oriental,4
responses,4
millennialand,4
correct,4
stage,4
sufficient,4
dramatic,4
decline,4
ancestors,4
visible,4
generally,4
seed,4
barbara,4
led,4
san,4
short,4
limited,4
tropical,4
fossil,4
initially,4
beetle,4
interpretation,4
marginal,4
favorable,4
department,4
rise,4
capacities,4
instability,4
pastoralism,4
end,4
substantially,4
see,4
japan,4
argument,4
degree,4
made,4
values,4
team,4
trend,4
dating,4
modem,4
peter,4
times,4
zealand,4
spreads,4
become,4
institution,4
widely,4
fe,4
united,4
antarctic,4
earliest,4
school,4
here,4
set,4
argue,4
half,4
vostok,4
generalized,4
domesticated,4
advances,4
places,4
return,4
yield,4
almost,4
amelioration,4
became,4
sediments,4
generate,4
numerous,4
francisco,4
immediately,4
among,4
recent,4
observed,4
numic,4
should,4
occur,4
now,3
currently,3
millennial,3
warming,3
groups,3
affected,3
extreme,3
measures,3
considerably,3
village,3
needed,3
di,3
source,3
test,3
experience,3
stomatal,3
hence,3
give,3
best,3
comparatively,3
attractive,3
warm,3
simple,3
right,3
wave,3
goland,3
amplitude,3
evolving,3
takes,3
mass,3
eurasia,3
international,3
reaching,3
anatomically,3
fluctuation,3
move,3
along,3
million,3
phase,3
newv,3
differential,3
southwestern,3
armelagos,3
millennium,3
excavations,3
retreats,3
individual,3
nor,3
circulation,3
perspective,3
amount,3
back,3
estimate,3
archaeologist,3
details,3
apparently,3
cronin,3
failed,3
site,3
opposed,3
his,3
developed,3
basic,3
unit,3
animals,3
risks,3
arid,3
exponential,3
slowly,3
driven,3
impact,3
northeastern,3
surface,3
followed,3
blumler,3
irrigation,3
processing,3
advance,3
concentration,3
allow,3
sedentism,3
equal,3
boyd,3
cannot,3
required,3
levant,3
failure,3
directly,3
work,3
intense,3
coping,3
appreciable,3
reduction,3
hillman,3
ten,3
year,3
haven,3
showing,3
wheat,3
precipitation,3
normally,3
field,3
coupled,3
byrne,3
cope,3
mediterranean,3
sharp,3
settlement,3
atmosphere,3
involved,3
fast,3
fully,3
results,3
arbor,3
plausible,3
nations,3
south,3
reduced,3
implications,3
onset,3
scientific,3
techniques,3
everywhere,3
extremely,3
selection,3
yet,3
dn,3
warmth,3
largest,3
unusually,3
reliance,3
increasingly,3
fairly,3
picture,3
longer,3
double,3
again,3
meadow,3
seasonality,3
beerling,3
doubt,3
reasons,3
forms,3
ages,3
took,3
operating,3
slowest,3
intensify,3
distance,3
shifts,3
ecology,3
another,3
empirical,3
entirely,3
assume,3
causes,3
rare,3
radiocarbon,3
stress,3
curve,3
variance,3
earlier,3
provides,3
thomas,3
exchange,3
agriculturalists,3
favored,3
problems,3
ann,3
occupied,3
tendency,3
hague,3
note,3
sometimes,3
program,3
who,3
yale,3
millennia,3
los,3
thinning,3
existed,3
centuries,3
biology,3
nutritional,3
alternative,3
quickly,3
dominated,3
each,3
reversal,3
ratio,3
believe,3
down,3
equilibrium,3
guinea,3
proposed,3
better,3
intensifications,3
study,3
taza,3
adaptation,3
produce,3
information,3
emphasis,3
photosynthesis,3
antarctica,3
city,3
content,3
role,3
easy,3
allows,3
innovate,3
mode,3
prolonged,3
include,3
salt,3
define,3
measured,3
remains,3
roughly,3
potential,3
reached,3
close,3
final,2
frequent,2
o,2
spikes,2
flow,2
slows,2
fertile,2
correlation,2
generated,2
tuscaloosa,2
resulted,2
college,2
determine,2
adoption,2
ultimate,2
grasses,2
acnd,2
group,2
easily,2
moving,2
yohe,2
diversity,2
pioneers,2
being,2
ideas,2
way,2
stressed,2
australia,2
familiarity,2
invention,2
neolithic,2
anywhere,2
advanced,2
diseases,2
experiments,2
dramatically,2
buildup,2
rich,2
found,2
able,2
thanks,2
hundred,2
expense,2
take,2
subsequent,2
efficiently,2
intuitive,2
declines,2
context,2
papers,2
british,2
empty,2
con,2
demography,2
account,2
second,2
felt,2
marked,2
hydrologic,2
drive,2
prove,2
optima,2
dioxide,2
highpass,2
durante,2
taking,2
dynamic,2
minimum,2
agricultura,2
behavior,2
prey,2
vegetales,2
component,2
geochemistry,2
run,2
sustain,2
neighbors,2
glacier,2
characteristic,2
johnsen,2
sample,2
kind,2
concentrations,2
distinct,2
keep,2
document,2
stabilized,2
body,2
columbia,2
oxford,2
levantine,2
cohen,2
find,2
storage,2
highamplitude,2
ohalo,2
general,2
crawford,2
adjust,2
por,2
alabama,2
phases,2
deteriorations,2
permits,2
mesolithic,2
via,2
interesting,2
plotted,2
norse,2
absent,2
behaviorally,2
influential,2
intensifiers,2
determining,2
importance,2
direct,2
balanced,2
assuming,2
limitation,2
paleoclimate,2
front,2
extremes,2
howe,2
valla,2
downward,2
win,2
locally,2
possibly,2
improvement,2
spreading,2
emergence,2
clearly,2
gradually,2
malthus,2
calendar,2
prevent,2
goringmorris,2
exploited,2
bender,2
efficient,2
cost,2
requires,2
utah,2
lu,2
solve,2
suggested,2
appear,2
compulsory,2
closely,2
problem,2
highfrequency,2
path,2
plateau,2
chipped,2
strength,2
against,2
strongly,2
behavioral,2
seven,2
filter,2
output,2
sedentary,2
broecker,2
term,2
acquiring,2
further,2
understood,2
mainly,2
reviews,2
fisher,2
tools,2
schneider,2
modest,2
wealth,2
aridity,2
none,2
having,2
flannery,2
basis,2
ofagriculture,2
liable,2
gebauer,2
gatherers,2
oxygen,2
received,2
hemispheres,2
andes,2
del,2
future,2
brought,2
italy,2
indigenous,2
geology,2
childe,2
whole,2
faunas,2
gave,2
fit,2
place,2
broad,2
winter,2
mathematical,2
forces,2
reflect,2
regional,2
systematic,2
stanford,2
horizon,2
trends,2
preceded,2
good,2
excavated,2
punctuated,2
sense,2
schimmelpfennig,2
hard,2
working,2
controversial,2
peterson,2
revolution,2
reliable,2
contrast,2
hole,2
replace,2
grow,2
presence,2
peak,2
essentially,2
villages,2
tended,2
progress,2
dependent,2
patterns,2
activities,2
society,2
therefore,2
he,2
tazas,2
akazawa,2
matter,2
calibration,2
detected,2
various,2
economic,2
service,2
play,2
inclusive,2
brief,2
gases,2
nearly,2
reduce,2
allen,2
july,2
grande,2
garden,2
movement,2
suppose,2
single,2
biological,2
para,2
competition,2
museum,2
elias,2
greenhouse,2
represents,2
retreat,2
mobile,2
neither,2
index,2
demographic,2
ancient,2
lowland,2
falls,2
shifting,2
experiment,2
begins,2
holoceno,2
useful,2
muy,2
successfully,2
available,2
similarly,2
varies,2
added,2
faster,2
lack,2
idea,2
limit,2
scholars,2
cariaco,2
checks,2
appeared,2
crop,2
larger,2
warning,2
distributions,2
feedback,2
procurement,2
drove,2
developing,2
vulnerable,2
shown,2
venezuela,2
project,2
abrupt,2
intuition,2
number,2
remained,2
humnan,2
thousands,2
imagine,2
original,2
proceedings,2
analyzed,2
lasting,2
diverse,2
extremadamente,2
bloemendal,2
minimizing,2
accelerate,2
israel,2
humani,2
ethnology,2
depended,2
samples,2
lowe,2
persisted,2
aside,2
harvard,2
mcan,2
ys,2
full,2
described,2
clear,2
authors,2
modernization,2
amounts,2
defense,2
genetics,2
ny,2
summer,2
features,2
mexico,2
sykes,2
drilling,2
filled,2
standard,2
abundant,2
typically,2
methods,2
correlated,2
diamond,2
january,2
hunters,2
hillel,2
oscillations,2
recursos,2
pottery,2
broadspectrum,2
propose,2
achieve,2
limiting,2
factors,2
consists,2
panel,2
usually,2
denton,2
widespread,2
institutions,2
starch,2
returned,2
sequences,2
indicate,2
length,2
kennett,2
life,2
examine,2
sage,2
civilization,2
face,2
pressures,2
quantitative,2
sombroek,2
fertility,2
acquired,2
following,2
conclusion,2
complexity,2
complexes,2
orlando,2
lastglacial,2
retard,2
physical,2
planktonic,2
know,2
jarmo,2
ppm,2
control,2
sustento,2
cultures,2
grains,2
deposited,2
report,2
collectors,2
gas,2
paleoceanography,2
according,2
unlikely,2
what,2
notable,2
conservation,2
whether,2
terms,2
equilibria,2
ones,2
making,2
particular,2
independently,2
add,2
domesticate,2
theory,2
shortages,2
distribution,2
woodward,2
dormant,2
abruptly,2
hypothesize,2
cognitively,2
herd,2
antedating,2
popular,2
preserved,2
himalayas,2
durable,2
assumptions,2
opportunistically,2
inventions,2
winterhalder,2
qualitative,2
varied,2
question,2
examples,2
frontiers,2
intensified,2
ended,2
davies,2
regime,2
mas,2
americani,2
archaic,2
pioneering,2
assumed,2
klein,2
substantial,2
northwestern,2
interaction,2
develop,2
traditional,2
whenever,2
profiles,2
deeper,2
schmitt,2
lowand,1
resolve,1
plazo,1
handicapped,1
mimic,1
go,1
paleoenvironment,1
formulated,1
shrinks,1
mostly,1
inhibits,1
paleoclimatologists,1
doubts,1
generalization,1
common,1
glaciers,1
disaggregated,1
retardan,1
conducieron,1
feedbacks,1
curtailed,1
medieval,1
synchroneity,1
responds,1
seguida,1
tropics,1
imported,1
correlations,1
commitment,1
atmosdheric,1
compensate,1
represent,1
mejora,1
extend,1
protestant,1
implies,1
tracked,1
epidemic,1
poblaciones,1
introduction,1
notably,1
manuscript,1
reorganizations,1
numerical,1
forcing,1
likewise,1
shocks,1
mesoamerica,1
discover,1
replaced,1
drastically,1
kinds,1
confidence,1
essays,1
silicious,1
ya,1
ma,1
diversification,1
zero,1
andadjacent,1
postdate,1
continent,1
managing,1
remnants,1
fitness,1
observamos,1
approaches,1
sudden,1
salinity,1
fcarming,1
candidate,1
boulder,1
diffuse,1
sedimentos,1
grasslands,1
undertaken,1
simultaneously,1
royal,1
necessarily,1
classify,1
hominid,1
replicate,1
total,1
ambitious,1
faded,1
tells,1
expressed,1
standards,1
australians,1
attractiveness,1
revision,1
variety,1
oaks,1
ancestor,1
annals,1
societal,1
materials,1
root,1
alfinal,1
negative,1
har,1
joe,1
mesa,1
round,1
anthropogenic,1
consistent,1
initialricherson,1
else,1
transitions,1
jesse,1
onsets,1
every,1
managed,1
pastoralisin,1
heel,1
hiscock,1
preceding,1
creation,1
regulating,1
wax,1
exaggerated,1
achieved,1
attempts,1
prehistoricarchaeologyalong,1
military,1
unconstrained,1
culturally,1
diego,1
mdximas,1
location,1
expectation,1
actual,1
worked,1
emerged,1
variables,1
rindos,1
england,1
crippling,1
asia,1
containing,1
possibilities,1
principles,1
book,1
archaeologically,1
scientists,1
agrarian,1
logo,1
windfalls,1
abruptfinal,1
suggesting,1
governed,1
accompanied,1
paleoclimnatology,1
atmospheres,1
highland,1
disproportionate,1
macneish,1
thank,1
differences,1
greenlandricherson,1
producing,1
vest,1
condie,1
achievement,1
studied,1
closer,1
reveal,1
generalizations,1
procedure,1
room,1
resulting,1
fascinated,1
help,1
transpiration,1
feature,1
baumhoflf,1
mind,1
date,1
greatly,1
influences,1
cowan,1
henry,1
raised,1
situ,1
mechanism,1
principal,1
access,1
contrasting,1
decreased,1
somewhat,1
favoring,1
suficientemente,1
hostile,1
pepo,1
worldwide,1
filtering,1
seminar,1
similarities,1
triggered,1
proposals,1
departures,1
issue,1
oftenanoxic,1
side,1
invasions,1
preventing,1
depending,1
slowing,1
usos,1
cullen,1
plain,1
linear,1
ammonia,1
eventual,1
stretched,1
ameliorations,1
albeit,1
dir,1
captures,1
motion,1
primary,1
mutation,1
diversifying,1
generates,1
agronomists,1
southwvest,1
chapter,1
occurrieron,1
prior,1
capable,1
compelling,1
prevailing,1
illustrate,1
ofanthropologicalarchaeology,1
cap,1
foreigners,1
feinman,1
alter,1
richard,1
agriculturce,1
heusser,1
west,1
combination,1
except,1
archipelagos,1
x,1
indicating,1
uncertain,1
quantity,1
cited,1
horticultural,1
mountains,1
representing,1
decreasing,1
wasfollowed,1
himself,1
demanded,1
anomalously,1
plenty,1
siempre,1
debe,1
says,1
cartying,1
altitudes,1
pursuing,1
coincidently,1
corresponding,1
signal,1
paleogenetic,1
wherever,1
estimations,1
bonani,1
linked,1
otherwise,1
regarding,1
build,1
abajo,1
timc,1
squash,1
ninguna,1
terra,1
neogene,1
chacnge,1
thetropics,1
review,1
halted,1
surely,1
anoxic,1
explained,1
distinctive,1
estimating,1
ute,1
spectrum,1
illustrates,1
intensifying,1
pursuit,1
targeted,1
september,1
assumes,1
sacramento,1
warmings,1
limiters,1
agent,1
interest,1
hawaii,1
mixed,1
acta,1
raises,1
commonest,1
attested,1
spot,1
elston,1
histoty,1
cismontane,1
jr,1
eurasian,1
declined,1
muyfrias,1
employing,1
massbalance,1
expected,1
tectonism,1
mucho,1
propound,1
z,1
spans,1
seaboard,1
reasonably,1
stievenard,1
evaluate,1
rank,1
paleoindians,1
adjustment,1
vulcanism,1
speculative,1
survivors,1
stored,1
averaging,1
uniformly,1
onethird,1
perceived,1
highest,1
boundary,1
extraordinary,1
served,1
allowing,1
analogs,1
maxima,1
effective,1
traveler,1
publications,1
schulz,1
agriculturafue,1
locales,1
weight,1
coinciding,1
revised,1
geological,1
sin,1
remote,1
spite,1
dry,1
corrected,1
outflow,1
gommes,1
ecosystems,1
yi,1
wet,1
deeply,1
interagency,1
doelle,1
observatory,1
longterm,1
stanback,1
weakness,1
spurk,1
riest,1
lumley,1
ariditylimited,1
overwinter,1
zonas,1
poorly,1
depths,1
walls,1
incentive,1
agronomist,1
behave,1
steps,1
operation,1
deviation,1
pacific,1
reconstructed,1
betrays,1
trayectorias,1
cordilleras,1
essential,1
anthropogenesis,1
reflects,1
geob,1
procesos,1
exact,1
act,1
devastating,1
palolithic,1
nikolai,1
ways,1
soviet,1
impetus,1
centered,1
highlands,1
compatible,1
stop,1
remain,1
indianis,1
aggressive,1
adapt,1
breadth,1
incipient,1
square,1
borrowing,1
fastest,1
ouicklv,1
capture,1
midwest,1
flanks,1
changericherson,1
responded,1
pause,1
amongyears,1
completely,1
killing,1
opportunity,1
popuilationi,1
proportion,1
monsoon,1
flexible,1
connected,1
populadiamond,1
pollard,1
viewed,1
philadelphia,1
fat,1
plots,1
implicates,1
lacking,1
distant,1
evolutionto,1
uncertainties,1
summarized,1
feel,1
von,1
space,1
climatologists,1
rapido,1
growthricherson,1
reason,1
references,1
understand,1
category,1
applied,1
affect,1
plus,1
varios,1
biased,1
consider,1
foothills,1
carmi,1
sacados,1
familiar,1
specialization,1
presumably,1
elsewhere,1
edition,1
spirit,1
imitation,1
bruce,1
ayi,1
epipaleolithic,1
weak,1
frequently,1
profile,1
threat,1
shrinking,1
accumulating,1
phytologist,1
preventative,1
four,1
conductance,1
cliniical,1
superior,1
natute,1
store,1
additional,1
powerful,1
piehistoric,1
biotic,1
follow,1
tol,1
crecimiento,1
beyond,1
goats,1
linkage,1
isolation,1
obstacles,1
comparisons,1
thisricherson,1
cordell,1
climnate,1
rice,1
ambient,1
signaling,1
thinkers,1
pology,1
mix,1
fixed,1
plenum,1
varias,1
oklahoma,1
dominant,1
yesner,1
muchos,1
clima,1
warmer,1
providing,1
corto,1
management,1
offshore,1
view,1
dispersion,1
mainland,1
populationricherson,1
constructive,1
assessments,1
cultivating,1
conquest,1
ecophysiological,1
ranges,1
uses,1
mcneill,1
intensivos,1
came,1
ethnography,1
analog,1
excepto,1
method,1
inherent,1
conservative,1
called,1
explanatory,1
cell,1
item,1
attack,1
volutionary,1
secas,1
users,1
changed,1
shared,1
deglaciation,1
mesoamerican,1
pioneer,1
generalmente,1
emerge,1
accompany,1
plani,1
representative,1
big,1
embedded,1
watson,1
handbook,1
fraction,1
mcakes,1
equally,1
todo,1
riesources,1
occupation,1
sunda,1
chinese,1
let,1
meltwater,1
weichselian,1
war,1
michigan,1
aunque,1
recently,1
moore,1
produced,1
intensity,1
kleivan,1
suffered,1
track,1
excellent,1
reviewv,1
grounds,1
energy,1
hypothetical,1
malthusian,1
absolute,1
velocidad,1
overpopulation,1
bow,1
acceleration,1
acknowledgments,1
cordain,1
decadal,1
burrowing,1
gained,1
benign,1
paleopathology,1
monticcio,1
plantkatz,1
ther,1
acquiisition,1
exert,1
accelerator,1
chaotic,1
eran,1
invisible,1
marsh,1
line,1
artifacts,1
ecologistsricherson,1
mandatory,1
inferred,1
residents,1
contexts,1
listening,1
steep,1
ditches,1
tool,1
start,1
carry,1
writers,1
locus,1
protein,1
unless,1
prominent,1
intermarried,1
vanishingly,1
bolder,1
relieve,1
heavily,1
tens,1
breeding,1
explains,1
andlisis,1
todas,1
multiplied,1
excessive,1
cosmochimica,1
woodland,1
got,1
continuation,1
consistently,1
palynology,1
intermediate,1
millet,1
copingwith,1
inferences,1
partly,1
reduces,1
beginnings,1
densely,1
accumulation,1
actually,1
falling,1
taxa,1
runs,1
coale,1
geochimica,1
cuales,1
personal,1
away,1
estuary,1
employed,1
believes,1
reconstructing,1
manage,1
smallest,1
artifact,1
famine,1
thle,1
sampled,1
beetles,1
aikens,1
portraits,1
timeand,1
upwelling,1
discovering,1
subsidize,1
nivel,1
crevice,1
exerting,1
salty,1
optimal,1
bond,1
ratios,1
speth,1
carries,1
spatially,1
pearsall,1
distances,1
implausibly,1
foracging,1
indicators,1
jfr,1
adequacy,1
alto,1
methane,1
entangled,1
stimulated,1
emphasizes,1
mearns,1
reaches,1
interhemispheric,1
limitante,1
event,1
surovell,1
cisjordan,1
contingency,1
crescent,1
spanish,1
endowed,1
driving,1
ill,1
significantly,1
transfer,1
humanas,1
greatbasinarchaeology,1
suddenly,1
mixing,1
ofer,1
dedicated,1
customary,1
palaoebotany,1
richness,1
scott,1
processos,1
recientes,1
tranisitioni,1
infanticide,1
decrement,1
notes,1
indopacific,1
catalog,1
innovating,1
muestran,1
moved,1
waiting,1
rest,1
concert,1
massive,1
harris,1
promising,1
usara,1
invest,1
battles,1
seemed,1
subsequently,1
chronological,1
span,1
analytic,1
portion,1
critical,1
pertaining,1
submillennialscale,1
berlin,1
deplete,1
logarithm,1
groundstone,1
wane,1
loris,1
contact,1
curves,1
summarize,1
famines,1
steadily,1
primitive,1
inadequacy,1
northatlantic,1
mechanisms,1
wrote,1
constituents,1
synthesis,1
overall,1
comparative,1
resisted,1
planting,1
erases,1
motivated,1
trajectores,1
legumes,1
forward,1
fruit,1
drops,1
reorganization,1
modo,1
intensively,1
narrowing,1
stratigraphy,1
sahlins,1
plagues,1
generalist,1
slower,1
expanded,1
interactions,1
experiences,1
precedes,1
chaeological,1
triggering,1
adjusting,1
logical,1
terminations,1
obtainable,1
wefer,1
biomass,1
iran,1
fueron,1
seemingly,1
hold,1
structural,1
southeast,1
demic,1
verde,1
sometimessubtle,1
matches,1
undergo,1
scarcity,1
hominids,1
casi,1
calculate,1
overview,1
synchronous,1
forager,1
kent,1
criticism,1
chinca,1
sofisticadas,1
uninhabited,1
ncature,1
security,1
thought,1
alongside,1
rhodes,1
exactly,1
coevolution,1
unidirectional,1
sex,1
array,1
formally,1
latitude,1
temperate,1
speleothem,1
today,1
dictates,1
forays,1
home,1
initiation,1
ams,1
extinction,1
light,1
assistance,1
complete,1
milankovich,1
amazon,1
keeping,1
pioneered,1
teaching,1
heaton,1
dropped,1
experimental,1
wright,1
accelerated,1
costs,1
industrial,1
exacerbating,1
insights,1
odds,1
dnn,1
reports,1
worldaccording,1
punctuate,1
noted,1
bar,1
fill,1
theachilles,1
nova,1
balancing,1
simulation,1
seasonally,1
lamb,1
acorn,1
starting,1
contractioninitial,1
degrees,1
fremont,1
displacement,1
impediment,1
westward,1
nonmodern,1
temporarily,1
challenge,1
comparison,1
upset,1
datos,1
mark,1
elevate,1
others,1
fragmentation,1
enormous,1
put,1
curcurbita,1
flat,1
downing,1
successively,1
timescale,1
emotions,1
lacked,1
gee,1
cultivated,1
atchaeology,1
fact,1
rosensweig,1
culprit,1
marker,1
react,1
rocek,1
preserve,1
hlumans,1
abilities,1
carbonized,1
proposal,1
eastasia,1
abstract,1
choice,1
ble,1
pmollmol,1
layer,1
reasoning,1
muchas,1
richer,1
decreases,1
understandable,1
toxins,1
foe,1
contemporary,1
jolurnal,1
pennsylvania,1
fashion,1
succeeding,1
seldom,1
remark,1
utilize,1
entertained,1
fragments,1
honor,1
otras,1
trcansitionfivom,1
fits,1
likelihood,1
suitably,1
physiological,1
ground,1
normalmente,1
free,1
stringently,1
german,1
phytoliths,1
archaeobotanical,1
excavation,1
formular,1
accepted,1
polynesiani,1
seventeenth,1
relevant,1
geographer,1
coincident,1
colony,1
norms,1
vcariation,1
quaternaty,1
invitation,1
urea,1
belief,1
zvelebil,1
exceeds,1
books,1
rivaling,1
como,1
ordinary,1
style,1
clapperton,1
originis,1
conceivably,1
stunning,1
coastal,1
movlement,1
regionally,1
worldarchaeology,1
proponemos,1
insensitive,1
multidisciplinary,1
scant,1
bulletin,1
mortars,1
calculation,1
fundamentally,1
classes,1
beg,1
subtropical,1
microscopic,1
palkorient,1
nutrition,1
vast,1
rio,1
intimate,1
pys,1
reed,1
modelo,1
gordon,1
birth,1
assemblages,1
reversed,1
organisms,1
eighteenth,1
limitations,1
desert,1
trajectory,1
preadapted,1
passes,1
previously,1
mayewski,1
unpredictable,1
judge,1
outcross,1
birds,1
expand,1
skeletal,1
dmbitos,1
conservatively,1
controlling,1
skeptical,1
unfortunately,1
teririitories,1
largely,1
operated,1
assumption,1
additions,1
affects,1
glow,1
obligatoria,1
net,1
intellectual,1
ethnic,1
welldeveloped,1
pack,1
rcate,1
aids,1
stay,1
markers,1
reilly,1
delay,1
hostil,1
transect,1
morphological,1
pioceedings,1
students,1
involves,1
evolutionaty,1
kilometer,1
wheats,1
open,1
significance,1
explorations,1
crises,1
discovered,1
loosely,1
compressed,1
increment,1
appreciably,1
sensitivity,1
agreement,1
matemdtico,1
health,1
modetn,1
interpret,1
prevents,1
domestications,1
joulrnal,1
humanconstructed,1
allowed,1
kane,1
foraminiferal,1
japanese,1
function,1
overlain,1
creating,1
farms,1
reversals,1
stages,1
hendy,1
mountain,1
coinpulsory,1
mammals,1
southcentral,1
interacted,1
epoch,1
misunderstanding,1
iio,1
segment,1
lose,1
construct,1
graphical,1
spent,1
quick,1
partes,1
unambiguous,1
dansgaard,1
macronutrient,1
random,1
commentators,1
improving,1
leaves,1
spiead,1
insect,1
relation,1
successors,1
wise,1
blackwell,1
chiefdoms,1
omnivores,1
availability,1
monographs,1
structure,1
talcott,1
galilee,1
ethnographically,1
usa,1
greece,1
differ,1
dominance,1
barnola,1
equivalent,1
adaptations,1
looked,1
parameters,1
partridge,1
subtracting,1
hacemos,1
arthaeology,1
tenuous,1
modifications,1
opposite,1
attention,1
convincingly,1
division,1
applies,1
hunt,1
pestles,1
submillennial,1
ethic,1
solar,1
fails,1
tempo,1
seasons,1
valleroy,1
fifty,1
chicagoricherson,1
sourcebooks,1
speculate,1
periodic,1
siderable,1
pleistoceneholocene,1
rcapid,1
imply,1
constructed,1
behaviors,1
mitigate,1
contro,1
highand,1
marginally,1
theyounger,1
prevalence,1
processed,1
continued,1
opportunism,1
five,1
seedgrinding,1
perennials,1
coolings,1
articulation,1
ideology,1
wcally,1
geogrcaphy,1
geophysical,1
rough,1
begin,1
emic,1
lines,1
erlenkeuser,1
cereal,1
order,1
debates,1
dimensions,1
success,1
directions,1
un,1
agricultute,1
progressively,1
crear,1
intensificacio,1
parsons,1
zolitschka,1
grinding,1
threaten,1
reverted,1
recognize,1
piazza,1
covering,1
es,1
literacy,1
responsible,1
lowered,1
stiner,1
fall,1
mortality,1
millingstones,1
muted,1
aboriginal,1
itself,1
gonzalez,1
worlds,1
problematic,1
crowded,1
investigate,1
clinical,1
equilibration,1
definitive,1
millennialscale,1
matters,1
durability,1
thick,1
undertook,1
anthropological,1
heat,1
seriously,1
ruddiman,1
heavy,1
rarely,1
unfiltered,1
versy,1
resisting,1
cultivars,1
bean,1
dispersed,1
pleistoceno,1
underpinned,1
cuando,1
evict,1
protect,1
version,1
thetortoise,1
incorporated,1
laminated,1
predictions,1
regulated,1
steel,1
ever,1
determinants,1
log,1
continues,1
extension,1
woody,1
precise,1
optimistically,1
totality,1
yu,1
fluctuating,1
programming,1
trapped,1
compensates,1
strcategies,1
darwin,1
carl,1
durations,1
meat,1
compensation,1
sustained,1
estas,1
retroceso,1
xt,1
colorado,1
huntley,1
darwinian,1
tarde,1
berkeley,1
enters,1
continental,1
colonization,1
katz,1
monthly,1
descent,1
halt,1
holoceneaustralia,1
interrupted,1
paper,1
melt,1
migration,1
sheep,1
faulty,1
specialized,1
abandonment,1
expanding,1
interested,1
key,1
referees,1
incorporating,1
sent,1
prominence,1
presion,1
instantaneous,1
cyclical,1
guild,1
domestic,1
returns,1
proportional,1
eugenics,1
observe,1
exhibits,1
sabita,1
brazil,1
perfectly,1
polynesian,1
sustaining,1
ncatute,1
reflected,1
atlatl,1
living,1
february,1
weber,1
respect,1
person,1
desiccation,1
redefined,1
qualitatively,1
phd,1
bubbles,1
growing,1
cal,1
perturbed,1
sexual,1
wcas,1
defend,1
drop,1
purchase,1
lago,1
catastrophic,1
economy,1
hielo,1
preexisting,1
iraqi,1
combined,1
stability,1
cooking,1
tooley,1
stemming,1
rising,1
supports,1
nearby,1
excursions,1
glacials,1
baja,1
maintain,1
zagros,1
calculations,1
inputs,1
lasformas,1
shortfalls,1
heavier,1
extent,1
conocemos,1
inflow,1
scheduling,1
condiciones,1
sleeping,1
extract,1
weedy,1
migrations,1
independenties,1
minimal,1
episode,1
quantities,1
cilindros,1
asians,1
eemian,1
rises,1
gradualism,1
varieties,1
occasionally,1
trees,1
balances,1
entire,1
multiple,1
climatevariability,1
reported,1
stuiver,1
uniform,1
slopes,1
despite,1
farmland,1
scramble,1
elucidate,1
press,1
empezaron,1
regulate,1
turns,1
subject,1
radiation,1
simply,1
dismal,1
sheets,1
prenumic,1
measure,1
smallholder,1
kurdistan,1
target,1
programs,1
obtain,1
demanding,1
pattem,1
summarizes,1
sizeable,1
prehispanic,1
phenomenon,1
challenges,1
motivate,1
exploit,1
isolated,1
detailed,1
oceanic,1
otros,1
waves,1
think,1
grafenstein,1
terminal,1
tions,1
disease,1
unstressed,1
huntergatherers,1
pakistan,1
come,1
susceptible,1
understanding,1
northeast,1
algunos,1
chile,1
ultimately,1
handicap,1
locations,1
argues,1
difference,1
crosby,1
institutional,1
taro,1
embarked,1
translated,1
golson,1
aware,1
naturcal,1
inmediatamente,1
crisis,1
ecosystem,1
offer,1
advantageous,1
americas,1
realism,1
consumption,1
specialists,1
imposible,1
smaller,1
successive,1
involving,1
anatomical,1
serendipitous,1
settling,1
spectrometry,1
derive,1
poblacional,1
off,1
organ,1
thermohaline,1
anonymous,1
unspecialized,1
siege,1
supported,1
midcontinent,1
territories,1
oceaniai,1
usamos,1
poller,1
neveracquired,1
interlinked,1
ser,1
zagios,1
regularity,1
draft,1
km,1
themselves,1
pathways,1
mystery,1
deployment,1
pending,1
titicaca,1
convinces,1
correlate,1
vary,1
deposits,1
inarchaeology,1
naquitz,1
debate,1
sharing,1
partial,1
create,1
norman,1
spectral,1
corn,1
sweden,1
focus,1
duration,1
peabody,1
strong,1
permanent,1
taylor,1
billman,1
calories,1
convergent,1
palaeovegetation,1
rohl,1
meeting,1
tract,1
paleoecologic,1
doing,1
built,1
signals,1
showed,1
glaciations,1
fortuitous,1
estrategias,1
odd,1
costly,1
heterogeneous,1
