WORDCOUNTS,WEIGHT
the,1175
of,977
and,627
to,500
in,426
a,314
is,284
that,248
as,241
or,201
oral,182
are,175
be,164
by,149
not,141
with,120
for,118
they,116
it,114
traditions,113
their,102
this,100
on,91
from,81
but,78
an,77
have,77
at,75
american,71
one,68
history,66
than,65
other,61
may,59
more,58
historical,55
some,54
even,54
tradition,53
archaeology,53
those,51
past,51
no,50
what,49
has,48
native,47
cultural,46
can,46
if,45
all,45
its,44
archaeological,44
been,44
into,43
we,43
such,41
these,40
who,38
information,38
knowledge,36
people,36
about,36
two,33
time,33
them,33
new,32
when,31
any,31
so,30
archaeologists,29
most,29
only,29
i,28
was,28
had,28
own,27
edited,27
j,26
how,26
scientific,26
pp,26
do,26
which,26
were,26
must,26
argument,26
his,25
north,25
hohokam,24
being,24
there,24
evidence,24
r,23
many,23
traditional,23
l,22
university,22
memory,22
he,22
et,21
would,21
simply,21
know,21
our,21
should,21
same,20
al,20
made,20
antiquity,20
different,20
either,19
s,19
less,19
each,19
while,19
among,19
does,18
out,18
well,18
data,18
least,18
will,18
culture,18
contemporary,18
her,18
although,18
between,18
western,17
whatever,17
b,17
because,17
also,17
independent,17
often,17
much,17
indians,17
d,17
human,16
historiography,16
case,16
prehistoric,16
indian,16
where,16
latter,16
just,15
histories,15
however,15
teague,15
another,15
pro,15
arguments,15
c,14
de,14
k,14
events,14
social,14
fact,14
like,14
world,14
society,14
common,13
e,13
alone,13
long,13
york,13
societies,13
equal,13
cannot,13
claim,13
physical,13
both,13
through,13
recent,13
now,12
way,12
nature,12
site,12
after,12
critical,12
see,12
earlier,12
years,12
use,11
something,11
hopi,11
rather,11
indeed,11
religious,11
wisconsin,11
stories,11
question,11
sometimes,11
w,11
little,11
before,10
first,10
might,10
within,10
possible,10
except,10
century,10
without,10
m,10
academic,10
t,10
value,10
make,10
us,10
ancient,10
present,10
especially,10
respect,10
claims,10
following,10
further,10
particular,10
point,10
altamira,9
authority,9
studies,9
winnebago,9
anything,9
else,9
taken,9
california,9
context,9
con,9
walnut,9
thus,9
journal,9
certain,9
study,9
sites,9
used,9
place,9
sense,9
ancestors,9
hourglass,9
thought,9
others,9
valid,9
consideration,9
practice,9
caution,9
then,9
seem,9
current,9
g,9
accept,9
needs,9
given,9
difficult,8
later,8
red,8
issue,8
account,8
zuni,8
cited,8
vansina,8
americans,8
similar,8
equally,8
though,8
part,8
relevance,8
published,8
things,8
using,8
members,8
end,8
number,8
versions,8
she,8
science,8
elder,8
chamber,8
over,8
did,8
epistemological,8
memories,8
potential,8
themselves,8
ways,7
h,7
culturally,7
ad,7
conception,7
back,7
anyon,7
archaeologist,7
generations,7
accounts,7
nor,7
four,7
additional,7
n,7
talking,7
my,7
lived,7
reasons,7
grounds,7
record,7
possibility,7
having,7
genre,7
work,7
status,7
attributed,7
gap,7
p,7
research,7
once,7
paiute,7
verbal,7
discussion,7
previously,7
questions,7
modem,7
essay,7
support,7
seen,7
considered,7
anthropological,7
known,7
report,7
unique,7
problem,7
include,7
remains,7
kinds,6
itself,6
true,6
former,6
necessarily,6
paper,6
sources,6
identified,6
government,6
real,6
logical,6
far,6
since,6
beliefs,6
interest,6
cases,6
general,6
generation,6
let,6
testimony,6
compatible,6
radin,6
changes,6
upper,6
age,6
beyond,6
archeological,6
came,6
late,6
received,6
calls,6
whole,6
issues,6
personal,6
good,6
useful,6
always,6
myth,6
chronology,6
ethnographic,6
genuine,6
purposes,6
accepted,6
knew,6
radiocarbon,6
probably,6
separate,6
today,6
usually,6
foregoing,6
life,6
aboriginal,6
tribe,6
peoples,6
alternative,6
principle,6
anthropology,6
best,6
believed,6
almost,6
come,6
ethnocentric,6
shown,6
cambridge,6
product,6
mason,6
views,6
arizona,6
go,5
meaning,5
names,5
commitment,5
essays,5
word,5
stepping,5
position,5
character,5
source,5
chief,5
reconstructions,5
implications,5
address,5
seems,5
knowing,5
great,5
found,5
able,5
robert,5
credibility,5
hopis,5
vol,5
powers,5
mutual,5
combination,5
facts,5
roger,5
elements,5
david,5
find,5
men,5
likely,5
ridge,5
evaluation,5
ceremony,5
important,5
view,5
myths,5
impervious,5
based,5
war,5
burial,5
aspects,5
artifacts,5
geological,5
archeologist,5
f,5
quite,5
several,5
folk,5
disparate,5
under,5
neither,5
insights,5
stones,5
towns,5
never,5
conclusions,5
relevant,5
belief,5
degree,5
original,5
understanding,5
examples,5
including,5
literate,5
dating,5
him,5
high,5
distinction,5
anybody,5
typically,5
story,5
southwest,5
attention,5
swidler,5
testable,5
foreign,5
impressive,5
testing,5
centuries,5
mounds,5
gottschall,5
series,5
here,5
proponents,5
believe,5
universal,5
reliability,5
very,5
written,5
living,5
whether,5
pertinent,5
laguna,5
art,5
ketcham,5
researchers,5
students,5
need,5
you,5
area,5
early,5
bahr,5
texts,5
utah,5
doing,5
built,5
linguistic,4
settlements,4
replaced,4
modern,4
vestiges,4
nineteenth,4
lower,4
said,4
brother,4
narrative,4
take,4
ours,4
iowa,4
inquiry,4
effigy,4
existence,4
historians,4
albeit,4
incorporate,4
addresses,4
goody,4
say,4
accuracy,4
component,4
understand,4
kind,4
distinct,4
third,4
weight,4
y,4
communication,4
european,4
salzer,4
continuity,4
tribal,4
whose,4
identification,4
process,4
conceptions,4
granted,4
direct,4
form,4
consider,4
intellectually,4
otherwise,4
frequently,4
problems,4
opinion,4
whereas,4
uses,4
result,4
could,4
search,4
access,4
demands,4
near,4
historicity,4
appears,4
nothing,4
procedures,4
required,4
enough,4
revealed,4
literature,4
example,4
private,4
older,4
horn,4
call,4
change,4
field,4
few,4
appropriate,4
provided,4
appeal,4
mukwitch,4
matter,4
limited,4
community,4
still,4
experiences,4
southern,4
put,4
biological,4
civano,4
participants,4
ancientness,4
perspectives,4
rock,4
addition,4
agree,4
really,4
richer,4
serious,4
external,4
outside,4
ground,4
validity,4
potentially,4
pendergast,4
local,4
sometime,4
treated,4
explanation,4
range,4
values,4
identity,4
entirely,4
watt,4
examination,4
previous,4
three,4
publication,4
language,4
times,4
period,4
meighan,4
accurate,4
intrinsic,4
recorded,4
correct,4
lowie,4
james,4
relative,4
relationship,4
me,4
five,4
pieces,4
detailed,4
supporting,4
detail,4
turn,4
willingness,4
school,4
floating,4
kehoe,4
mutually,4
intellectual,4
cultures,4
inclined,4
dated,4
las,4
consciousness,4
places,4
recollections,4
terms,4
add,4
statement,4
remember,4
recognition,4
thereby,4
challenges,4
think,4
jan,4
until,4
course,4
offer,4
comparison,4
specific,4
tribes,4
famous,4
currently,3
indicated,3
represent,3
extend,3
appear,3
told,3
complex,3
properly,3
identify,3
considerations,3
greater,3
reasonably,3
ruins,3
diffusion,3
ideas,3
distinguishing,3
attempts,3
attempt,3
anywhere,3
scientists,3
secondary,3
origin,3
last,3
date,3
stand,3
primitive,3
political,3
discipline,3
legend,3
contents,3
plains,3
assertions,3
capacity,3
retain,3
recency,3
mythology,3
winnebagoes,3
compelling,3
oneota,3
supply,3
gila,3
along,3
himself,3
mythical,3
ritual,3
genealogies,3
exist,3
learned,3
regarding,3
coauthors,3
accessible,3
que,3
mundane,3
veracity,3
immediate,3
reject,3
due,3
objective,3
informant,3
relatively,3
regarded,3
relations,3
seeming,3
exercise,3
nelson,3
maintaining,3
defensive,3
pueblo,3
jr,3
invites,3
operation,3
via,3
hero,3
statements,3
en,3
doctrine,3
remote,3
survives,3
alaska,3
parts,3
references,3
special,3
animals,3
consequences,3
addressing,3
old,3
languages,3
neck,3
quoted,3
show,3
commonly,3
origins,3
polar,3
instance,3
answers,3
fewkes,3
hope,3
remembered,3
lead,3
called,3
deal,3
shared,3
recoil,3
extinct,3
philosophical,3
estimate,3
ofamerican,3
absolute,3
numerous,3
sodality,3
dunaway,3
gained,3
los,3
tenure,3
northern,3
describe,3
partly,3
records,3
actually,3
reflect,3
employed,3
endorsed,3
artifact,3
citing,3
overlap,3
chimera,3
adherents,3
guardians,3
hole,3
fabulous,3
every,3
autonomy,3
ignore,3
smithsonian,3
figure,3
presence,3
credible,3
core,3
descendants,3
dependent,3
results,3
notes,3
lore,3
phase,3
absence,3
schmidt,3
wrote,3
pottery,3
classic,3
bits,3
object,3
etc,3
surviving,3
rare,3
jarvenpa,3
alleged,3
interpretation,3
ethnographers,3
examined,3
happened,3
serve,3
god,3
elephants,3
dropped,3
ed,3
begins,3
noted,3
fairly,3
successfully,3
passed,3
deserves,3
printing,3
experienced,3
missing,3
adherence,3
fundamental,3
scholars,3
documents,3
inevitably,3
children,3
larger,3
state,3
hill,3
anthropologist,3
employment,3
systematic,3
necessary,3
apt,3
father,3
sufficiently,3
donald,3
significant,3
inherently,3
engaged,3
continue,3
theoretical,3
swanton,3
open,3
authors,3
agreement,3
individual,3
yakutat,3
function,3
martin,3
somehow,3
parallel,3
methods,3
successful,3
interpretations,3
incompatible,3
patterson,3
raised,3
ethnohistory,3
figures,3
saw,3
depth,3
bureau,3
movements,3
claimed,3
independence,3
becomes,3
lost,3
sensitive,3
legitimacy,3
construction,3
cease,3
get,3
historian,3
conclusion,3
version,3
demonstrate,3
ever,3
concordance,3
mythologies,3
symbolic,3
susceptible,3
sciences,3
respecting,3
seriously,3
interested,3
unknown,3
wall,3
regard,3
particularly,3
metaphorical,3
contradictory,3
type,3
america,3
dismissal,3
scholarly,3
cahokia,3
mere,3
ruin,3
theory,3
require,3
rationality,3
phenomena,3
virginia,3
up,3
contain,3
categories,3
circumstances,3
content,3
subject,3
returning,3
writing,3
aspect,3
prepared,3
legends,3
survival,3
recording,3
birth,3
functions,3
illinois,3
twentieth,3
paradigm,3
conditions,3
approximately,3
attributes,3
oldest,3
canons,3
certainty,3
interdisciplinary,3
stipulations,3
informants,3
irrelevant,3
substantial,3
focus,3
trigger,3
offers,3
asked,3
rate,2
validation,2
obligations,2
samples,2
conjoined,2
trustworthy,2
truth,2
everyone,2
affected,2
extreme,2
fiction,2
determine,2
rescher,2
incidental,2
totally,2
debris,2
mouth,2
sympathetic,2
large,2
enlightening,2
adapting,2
agency,2
fate,2
enhance,2
songs,2
openness,2
picking,2
uniquely,2
english,2
teased,2
acceptance,2
purveyors,2
virtually,2
ethnohistorians,2
variety,2
contact,2
women,2
hickerson,2
experience,2
consistent,2
invoking,2
sacrifice,2
expands,2
certainly,2
preceding,2
voices,2
nonliterate,2
actual,2
recollection,2
words,2
individuals,2
withheld,2
accommodate,2
belong,2
assertion,2
correspondingly,2
together,2
accompanied,2
includes,2
desire,2
rich,2
reveal,2
onto,2
labeled,2
sees,2
resulting,2
witness,2
assays,2
faithful,2
mind,2
sacred,2
opposite,2
alike,2
committed,2
violating,2
system,2
continuities,2
dr,2
vine,2
nose,2
right,2
wish,2
worthy,2
changed,2
jack,2
chapter,2
baum,2
felt,2
chest,2
lifetime,2
obvious,2
truths,2
genetic,2
above,2
safely,2
collection,2
pursuing,2
signal,2
unchallengeable,2
distill,2
repeatedly,2
hierarchy,2
mistake,2
iron,2
throughout,2
ronald,2
affiliation,2
constructed,2
sumer,2
southwestern,2
expect,2
radiometric,2
doctor,2
everybody,2
difficulties,2
retrospectively,2
malinowski,2
confer,2
contributors,2
predicament,2
representative,2
privilege,2
narratives,2
learning,2
attracting,2
altogether,2
perspective,2
convincing,2
amount,2
props,2
columbia,2
lynwood,2
difficulty,2
served,2
wholly,2
kinship,2
empiricism,2
drawn,2
student,2
halbwachs,2
tucson,2
vice,2
critique,2
discovering,2
understood,2
zunis,2
acknowledge,2
error,2
proffers,2
live,2
rights,2
opposed,2
asserted,2
notre,2
absent,2
nonsense,2
mcgregor,2
sort,2
various,2
influential,2
landscape,2
appreciation,2
fair,2
holistic,2
approaches,2
vs,2
rigor,2
chambers,2
se,2
emerges,2
balanced,2
contributions,2
worthless,2
scales,2
evolution,2
space,2
means,2
reason,2
determination,2
items,2
possibly,2
objects,2
established,2
black,2
presumably,2
proved,2
placed,2
invariably,2
observations,2
commented,2
challenged,2
embedded,2
drought,2
deficiency,2
followed,2
believes,2
suffice,2
puts,2
event,2
respected,2
equivalence,2
pity,2
trained,2
salient,2
italics,2
plausibly,2
opening,2
expressed,2
pimas,2
whom,2
encourage,2
opposition,2
dixon,2
bearing,2
transmission,2
scientifically,2
medicine,2
method,2
inherent,2
loftus,2
efforts,2
experts,2
term,2
dongoske,2
intervening,2
correction,2
neighboring,2
criteria,2
focused,2
treat,2
viewed,2
recently,2
produced,2
russell,2
approached,2
public,2
verbally,2
receive,2
specifically,2
directly,2
basis,2
degrees,2
line,2
closed,2
paiutes,2
permitted,2
externalities,2
future,2
concept,2
unless,2
brought,2
competing,2
casa,2
related,2
indigenous,2
pasts,2
restructuring,2
authenticity,2
realm,2
discussions,2
positing,2
during,2
inherited,2
masquettes,2
literally,2
constitute,2
popular,2
forces,2
corollary,2
proscriptions,2
league,2
connections,2
genealogical,2
frederica,2
errors,2
happenings,2
composite,2
hard,2
working,2
below,2
next,2
politically,2
applicability,2
contrast,2
minimally,2
involved,2
calling,2
sufficient,2
migration,2
wider,2
concerns,2
highly,2
prominent,2
choose,2
supposedly,2
essentially,2
portions,2
success,2
continuing,2
contention,2
majority,2
games,2
correspondence,2
ghost,2
preliminary,2
finds,2
am,2
actions,2
questioning,2
enjoy,2
survived,2
chronological,2
timeless,2
second,2
unknowable,2
african,2
irrelevance,2
lynn,2
short,2
drama,2
service,2
tlingit,2
released,2
harris,2
reduce,2
elusive,2
reconstruction,2
ice,2
wind,2
selection,2
single,2
illuminating,2
spoken,2
communities,2
extraneous,2
represents,2
makes,2
rules,2
requiring,2
builds,2
suspicious,2
residence,2
soon,2
thesis,2
smith,2
ethnology,2
falls,2
shifting,2
experimental,2
fictions,2
odds,2
visitors,2
department,2
regardless,2
act,2
volume,2
alteration,2
precis,2
paul,2
tsimshian,2
heritage,2
maple,2
challenge,2
power,2
stated,2
archaeologically,2
santa,2
purely,2
again,2
treatment,2
water,2
lack,2
main,2
idea,2
endorse,2
areas,2
creative,2
horses,2
ought,2
incorporator,2
lacks,2
manifested,2
shallow,2
complaints,2
man,2
simple,2
psychologist,2
took,2
hand,2
likelihood,2
learn,2
tales,2
inescapably,2
begin,2
model,2
manner,2
secular,2
orderly,2
historiographic,2
unanticipated,2
forth,2
dance,2
por,2
agencies,2
perhaps,2
project,2
thoroughly,2
fundamentally,2
exploring,2
meaningful,2
encounter,2
incommensurability,2
disagree,2
limitations,2
flaw,2
sides,2
transformed,2
passes,2
reside,2
empirical,2
papago,2
combining,2
largely,2
assumption,2
narrators,2
assume,2
causes,2
incompatibilities,2
aside,2
processes,2
maintains,2
trust,2
fantastic,2
deployed,2
falsification,2
eight,2
dismissed,2
rockshelter,2
clifton,2
involves,2
described,2
significance,2
meanings,2
clear,2
urbana,2
biblical,2
directed,2
adding,2
points,2
supportive,2
faces,2
interpret,2
mississippian,2
embrace,2
boundary,2
collaboration,2
flood,2
collected,2
ended,2
anyone,2
chic,2
uncompromising,2
commentaries,2
expressing,2
why,2
assaulted,2
commentators,2
systems,2
trying,2
mainly,2
armor,2
structure,2
recitations,2
seeking,2
deloria,2
recurring,2
investigations,2
la,2
widely,2
examines,2
overlapping,2
damns,2
increasing,2
dealing,2
entitled,2
carried,2
oxford,2
accepting,2
lo,2
declaration,2
wisdom,2
lot,2
inhabitants,2
conquered,2
crucial,2
relieved,2
recognizable,2
practical,2
order,2
institutions,2
credited,2
lawrence,2
lives,2
test,2
derivable,2
try,2
expert,2
renderings,2
length,2
linking,2
es,2
literacy,2
responsible,2
diagnostic,2
fe,2
existed,2
philosophies,2
dead,2
extraneously,2
answer,2
provisionally,2
exists,2
instances,2
face,2
tantamount,2
hardly,2
conservation,2
meant,2
tend,2
usual,2
takes,2
secondhand,2
aspiring,2
epistemologies,2
firsthand,2
mentioned,2
humane,2
extending,2
contradiction,2
too,2
monuments,2
thousand,2
glimpse,2
pt,2
sustained,2
command,2
affirmative,2
wherever,2
set,2
recruiting,2
proof,2
qualifier,2
scientist,2
grow,2
novel,2
connection,2
exploration,2
sampling,2
leaders,2
down,2
indicate,2
scenario,2
thoroughgoing,2
privileged,2
going,2
elsewhere,2
accepts,2
passage,2
works,2
better,2
person,2
empresa,2
according,2
heads,2
answered,2
impossible,2
ones,2
making,2
stance,2
desirability,2
temporally,2
extent,2
corroboration,2
getting,2
mandated,2
agreed,2
suspicion,2
translated,2
proper,2
radically,2
preserved,2
careful,2
ancestral,2
conclude,2
introduced,2
city,2
role,2
verification,2
convinced,2
turns,2
intended,2
assumptions,2
confronted,2
operate,2
linguistics,2
mention,2
deities,2
representation,2
tions,2
attributable,2
false,2
produce,2
consilience,2
indiana,2
ian,2
touch,2
difference,2
ignored,2
cree,2
equivalent,2
americananthropologist,2
grant,2
parallels,2
land,2
define,2
temporal,2
integration,2
immediacy,2
already,2
effects,2
prospect,2
defiance,2
colleagues,2
approach,2
off,2
salience,2
objections,2
definitive,2
offered,2
raid,2
suggested,2
painted,2
chicago,2
exclusively,2
element,2
immediately,2
counts,2
seek,2
beholden,2
close,2
occur,2
kurt,1
nicholas,1
merge,1
erroneous,1
iota,1
proposed,1
grasped,1
intimately,1
decaying,1
reactive,1
regional,1
reminiscences,1
battlefield,1
glaciological,1
complaint,1
omniscience,1
unobtainable,1
o,1
done,1
nihilism,1
paralleled,1
processed,1
child,1
discourage,1
humans,1
limits,1
cognates,1
convergence,1
calibrated,1
generalization,1
evaluations,1
surficial,1
pullar,1
impregnate,1
concerned,1
rev,1
stylistic,1
commentary,1
locates,1
bernard,1
transmitted,1
narrator,1
eternal,1
retreated,1
scholar,1
immune,1
created,1
emerson,1
concern,1
mount,1
mystical,1
interact,1
hualapais,1
corrosive,1
deserve,1
gravitational,1
innativeamericans,1
shrines,1
environmental,1
episodes,1
mysteries,1
legitimate,1
moving,1
approximated,1
nationalities,1
foraging,1
portrayals,1
vogue,1
europeans,1
tangentially,1
associated,1
adoption,1
eliminated,1
imperceptibly,1
mountains,1
utility,1
peticiones,1
originate,1
manuscript,1
distributed,1
connecticut,1
ineluctable,1
crossing,1
depict,1
connect,1
nagpra,1
consideredsome,1
village,1
speakers,1
poses,1
alluded,1
likewise,1
group,1
metamorphosing,1
historias,1
mesoamerica,1
discover,1
elementary,1
dc,1
summarizing,1
achievements,1
yearbefore,1
integrity,1
recurred,1
nativeamericans,1
drastically,1
sucked,1
offerings,1
diverge,1
designed,1
disentangling,1
stone,1
hefty,1
referring,1
remind,1
dependant,1
nonzunis,1
usefully,1
huron,1
specialist,1
motivation,1
mandatory,1
strictly,1
retracts,1
nuts,1
congruence,1
bias,1
contend,1
easily,1
competence,1
notched,1
candidate,1
favor,1
notwithstanding,1
millenia,1
boulder,1
protection,1
devices,1
fixed,1
allies,1
presents,1
subsets,1
clementw,1
incredible,1
refers,1
occurred,1
inequality,1
holding,1
tells,1
bouldereffigy,1
curiosity,1
arrived,1
unite,1
interpretative,1
addendum,1
waist,1
arguing,1
examinan,1
eye,1
affects,1
sequential,1
societal,1
distilled,1
properties,1
contexts,1
hoping,1
leads,1
unlock,1
negative,1
ethnographies,1
predominantly,1
file,1
stress,1
round,1
incomplete,1
compression,1
approximate,1
knotty,1
requisition,1
discordant,1
fraction,1
decidedly,1
acceptable,1
permit,1
unearthed,1
employable,1
lightly,1
familiarity,1
invention,1
revisited,1
brumbach,1
allshe,1
paragon,1
importing,1
interests,1
unambiguously,1
contingent,1
commingled,1
audrey,1
repertoire,1
give,1
genres,1
throws,1
vols,1
location,1
generated,1
interviewer,1
straightforwardly,1
kachin,1
natives,1
font,1
emerged,1
fragmentary,1
ourselves,1
retreat,1
freely,1
overthrowing,1
prestigious,1
supplied,1
grapples,1
definition,1
detritus,1
apologize,1
containing,1
unlike,1
marshaled,1
relativistic,1
incorporating,1
thereupon,1
montreal,1
reach,1
principles,1
groups,1
modems,1
route,1
middlemississippian,1
aids,1
credits,1
contingencies,1
kegan,1
suggesting,1
estimation,1
undertake,1
enduring,1
liken,1
astonishingly,1
farmers,1
cloak,1
accumulated,1
roland,1
analyses,1
recapitulation,1
transient,1
bestowing,1
arises,1
follows,1
shot,1
borne,1
studied,1
vanishing,1
proves,1
link,1
substantive,1
farther,1
closer,1
hundred,1
concludes,1
launched,1
ceremonies,1
urgedfrom,1
room,1
clan,1
reiteration,1
quintessentially,1
expense,1
anyway,1
friend,1
volunteered,1
invalidate,1
listing,1
subsequent,1
help,1
chiefs,1
introduces,1
separately,1
bering,1
shennan,1
foolish,1
degraded,1
julie,1
separated,1
intuitive,1
facilitates,1
solicited,1
trouble,1
remainder,1
concepts,1
principal,1
analogical,1
seriousness,1
corroborate,1
adventures,1
intrusion,1
reading,1
homeostatic,1
readiness,1
sermon,1
hoy,1
behind,1
superficially,1
elucidating,1
confused,1
reconciliar,1
papers,1
cherry,1
faceless,1
depends,1
chronometrically,1
corroborating,1
nowhere,1
inside,1
erection,1
empty,1
dismissing,1
inclusive,1
ethnoarchaeologists,1
occasional,1
injected,1
conjoining,1
alfred,1
credential,1
effort,1
promulgated,1
inadequate,1
seven,1
attacked,1
wordplay,1
anthropologists,1
foundational,1
task,1
unaware,1
knowledgeable,1
adopts,1
chants,1
mine,1
amplified,1
slips,1
knowingly,1
sexual,1
expectation,1
killed,1
vicissitudes,1
custom,1
clearly,1
sensitivities,1
indirectly,1
isotopic,1
kaleidoscope,1
occupying,1
capable,1
implies,1
accorded,1
prevailing,1
concentrating,1
securely,1
exhibits,1
invulnerability,1
cap,1
reply,1
characterize,1
disentangle,1
promise,1
aka,1
april,1
reaction,1
alter,1
commonality,1
julian,1
sioux,1
psychoor,1
magazine,1
transcend,1
fine,1
obliterated,1
austin,1
minefield,1
west,1
stratigraphy,1
apart,1
invited,1
mental,1
longevity,1
conceptual,1
twelfth,1
x,1
disparities,1
canvassing,1
flatly,1
cautious,1
laws,1
mistakenly,1
realistic,1
desirable,1
bottom,1
anticipated,1
extractable,1
considerably,1
enter,1
interviews,1
par,1
tantalizing,1
standards,1
prototype,1
letter,1
measurement,1
undergone,1
urging,1
troves,1
warfare,1
fades,1
weakens,1
oblivion,1
dificultad,1
sign,1
descend,1
reliably,1
gunshot,1
shut,1
garden,1
controlled,1
framework,1
funded,1
exposed,1
acknowledgments,1
victim,1
historiographies,1
central,1
ends,1
member,1
descendents,1
divorced,1
folkloristic,1
exercises,1
makingalternative,1
unwittingly,1
proscription,1
selves,1
personalities,1
promulgating,1
assaying,1
collapse,1
reflective,1
relationships,1
alignments,1
deteriorates,1
reverse,1
severe,1
spectrum,1
dynamics,1
unwary,1
attest,1
quality,1
pursue,1
contemporaneous,1
deserving,1
against,1
visited,1
wreckage,1
realized,1
hostilities,1
unpublished,1
silent,1
stripped,1
europe,1
integral,1
author,1
peter,1
hunt,1
outrage,1
forgotten,1
domain,1
clay,1
indican,1
ability,1
sanctuary,1
newscasts,1
dia,1
vigilance,1
honest,1
raises,1
needed,1
occurs,1
afford,1
chink,1
dame,1
participating,1
application,1
rigorously,1
dollops,1
prediction,1
honestly,1
adduced,1
employing,1
insofar,1
sample,1
trail,1
richmond,1
honorofpaul,1
admitted,1
esfuerzos,1
unwilling,1
ferguson,1
retaliatory,1
repatriation,1
evaluate,1
ages,1
estimates,1
inhabited,1
rank,1
candidates,1
importancia,1
defense,1
pretensions,1
honored,1
survivors,1
forensic,1
truism,1
psychological,1
interim,1
legally,1
evident,1
bay,1
endorsement,1
balls,1
simpson,1
depend,1
refer,1
refreshing,1
controllers,1
subjects,1
differently,1
body,1
searchers,1
concert,1
six,1
inclusion,1
cant,1
young,1
ample,1
lineage,1
reference,1
dates,1
borrowing,1
geographically,1
associative,1
continuous,1
consulted,1
witnessed,1
detecting,1
publications,1
montell,1
weakening,1
helpful,1
warned,1
stature,1
aquf,1
overarching,1
storage,1
explore,1
corpus,1
memoir,1
look,1
section,1
preserving,1
seriational,1
rest,1
adducing,1
colleague,1
settled,1
propositions,1
confronting,1
weave,1
conceive,1
william,1
cosmic,1
educators,1
guard,1
valuable,1
adamant,1
commanding,1
salt,1
fusion,1
shoals,1
cites,1
neutral,1
virtual,1
unassailable,1
speech,1
obeisance,1
microchip,1
informative,1
distribution,1
crow,1
trifurcation,1
pastness,1
employ,1
pay,1
wounds,1
steps,1
nagy,1
shaul,1
definitively,1
parity,1
faced,1
automatic,1
fort,1
acculturation,1
profoundly,1
racism,1
encumbrances,1
added,1
germans,1
natures,1
essential,1
newarcheology,1
indefensible,1
genuinely,1
license,1
inarchaeologicalapproaches,1
theamericanindianandtheproblemofhistory,1
heroes,1
henige,1
inevitability,1
jettison,1
traverse,1
sets,1
observers,1
devastating,1
bring,1
growth,1
yet,1
wanting,1
traffic,1
clinical,1
modeling,1
brethren,1
factual,1
arising,1
essence,1
downer,1
ejemplos,1
watch,1
remain,1
edward,1
worldly,1
injecting,1
excerpts,1
adapt,1
joan,1
antagonistic,1
assassination,1
explicit,1
gratuitous,1
notices,1
ceased,1
historicities,1
capture,1
myself,1
notion,1
mean,1
comparable,1
hitting,1
precluded,1
represented,1
humbles,1
environments,1
reciprocate,1
adopted,1
goes,1
kramer,1
dwindle,1
tools,1
determining,1
risk,1
gainesville,1
associate,1
arrowpoints,1
menos,1
disallows,1
locations,1
legendary,1
feathers,1
entre,1
philadelphia,1
derived,1
proffered,1
induce,1
ongoing,1
columbian,1
possess,1
trudie,1
symbols,1
lacking,1
nonrecurrent,1
puebloid,1
white,1
read,1
constraining,1
impressed,1
feel,1
remembering,1
polite,1
front,1
mindsets,1
supposed,1
fade,1
segment,1
coser,1
worthlessness,1
unchanging,1
rant,1
modified,1
straits,1
earrings,1
venerable,1
esoteric,1
perceptions,1
sociolinguistic,1
bad,1
muffled,1
giver,1
lineal,1
prehistory,1
questfora,1
immigrants,1
sticky,1
thefeeling,1
river,1
sophistication,1
physically,1
image,1
descent,1
organized,1
abound,1
sociocultural,1
governmentally,1
surprised,1
eschew,1
metaphysics,1
elicitation,1
specify,1
tenacity,1
invite,1
yearning,1
amenable,1
conceding,1
diffuse,1
reified,1
numbers,1
impact,1
squares,1
gradually,1
nakedness,1
hierarchically,1
sheer,1
proscribing,1
recycling,1
syntheses,1
differs,1
ignorance,1
quarters,1
exemplify,1
threat,1
suspend,1
proven,1
retrospective,1
literary,1
suspiciously,1
inferable,1
democratic,1
bridges,1
acknowledgment,1
recovered,1
overstreet,1
powerful,1
exampies,1
surface,1
follow,1
connecting,1
incredibility,1
reductive,1
spur,1
surmise,1
undertaken,1
prairie,1
cordell,1
rice,1
requires,1
terminology,1
signification,1
willing,1
subsidiary,1
demean,1
injustice,1
destructive,1
proferred,1
founding,1
erosion,1
protohistory,1
testify,1
strategy,1
decades,1
gies,1
stands,1
methodology,1
perceive,1
conflicts,1
constructive,1
estos,1
aliens,1
draws,1
reflexivity,1
declarations,1
yielding,1
gregory,1
pretending,1
unfathomed,1
introduce,1
asserts,1
leach,1
discoloration,1
honesty,1
intelligibility,1
unaccompanied,1
appearance,1
disbelieve,1
farce,1
entered,1
demise,1
houses,1
superfluous,1
typical,1
discrete,1
inappropriate,1
attack,1
adhered,1
relating,1
ambiguity,1
espera,1
missouri,1
preponderant,1
identifications,1
vulnerability,1
recitation,1
radio,1
rebuttal,1
abrasively,1
vicariously,1
facilitate,1
relate,1
centrally,1
linger,1
disingenuous,1
accommodations,1
demonstrating,1
brace,1
captured,1
governing,1
feasibility,1
initial,1
commands,1
attenuated,1
excavations,1
glacial,1
compromised,1
collectively,1
none,1
ethnographer,1
eliminate,1
big,1
wonder,1
accurately,1
share,1
argumentos,1
handbook,1
companion,1
supporters,1
exempt,1
historiographer,1
traits,1
informed,1
buried,1
blow,1
baldly,1
disarm,1
youthful,1
embellished,1
grandes,1
reviews,1
separateness,1
province,1
singing,1
greenwood,1
final,1
devoid,1
journals,1
analogous,1
excellent,1
monograph,1
fish,1
appraising,1
safe,1
extrapolation,1
singly,1
alluring,1
spiritual,1
your,1
confirmation,1
admissions,1
virus,1
overwhelmed,1
jettisoned,1
eager,1
wide,1
claimants,1
enquiry,1
fatigued,1
gods,1
died,1
misrepresented,1
recentness,1
filter,1
undertaking,1
tease,1
symbolically,1
erodes,1
annals,1
eyewitness,1
discovered,1
maurice,1
welborn,1
failure,1
pedro,1
compel,1
gamut,1
reclaiming,1
minimal,1
differ,1
traditionalist,1
trial,1
extrapolated,1
perpetuated,1
accounting,1
pima,1
leakage,1
formerly,1
lure,1
inferred,1
nameless,1
politely,1
appeals,1
responding,1
intrasocietally,1
tool,1
attenuation,1
query,1
preferred,1
del,1
distinguish,1
ravens,1
consequently,1
teoria,1
debatable,1
prompted,1
noninterchangeable,1
guess,1
characterization,1
footing,1
su,1
london,1
drew,1
purpose,1
denigrated,1
injection,1
civil,1
denial,1
apparent,1
reduction,1
chandeliers,1
correctly,1
comment,1
homeland,1
positions,1
queries,1
elizabeth,1
crediting,1
effigies,1
geology,1
populated,1
fairy,1
gender,1
trenchant,1
overview,1
fluent,1
trekked,1
consistently,1
piman,1
cons,1
reduces,1
enforce,1
structures,1
tidying,1
runs,1
ancestry,1
lingering,1
thereafter,1
augment,1
ethnoarcheology,1
documented,1
justification,1
illustrative,1
away,1
newspaper,1
institution,1
hubris,1
sensibility,1
realms,1
putatively,1
clinching,1
oblige,1
reconstructing,1
approbation,1
seeker,1
dakota,1
burden,1
conform,1
elephant,1
universally,1
holy,1
eastern,1
contradictions,1
lakes,1
tolerance,1
impinging,1
meaningfully,1
andakimel,1
reacted,1
gateway,1
wholesale,1
excavated,1
solution,1
accused,1
esteem,1
atavistic,1
normally,1
sugieren,1
allegiance,1
wi,1
mammuthus,1
pronounced,1
quasitranslatability,1
writers,1
recast,1
save,1
theoretically,1
conceded,1
distintos,1
initiates,1
holes,1
willa,1
republic,1
carol,1
warrant,1
biolsi,1
interacting,1
roadblocks,1
discourse,1
sponsors,1
unsupported,1
excavation,1
dificultades,1
amidst,1
nativeamerican,1
encompasses,1
greatgrandfather,1
mound,1
spanish,1
soil,1
dire,1
untroubled,1
components,1
tattooed,1
horrible,1
compatibility,1
introspective,1
peace,1
dramatic,1
invaluable,1
niggardliness,1
choosing,1
blunt,1
distinguished,1
entrada,1
traversing,1
belittled,1
villages,1
waveland,1
methodological,1
yielded,1
whatsoever,1
dedicated,1
disjointing,1
annual,1
appealingly,1
creation,1
literalists,1
invariant,1
guise,1
cosmology,1
finishing,1
relegates,1
ignoble,1
achronicity,1
jowas,1
wife,1
motif,1
paid,1
transmuted,1
integrative,1
peculiar,1
inquiries,1
florida,1
substituted,1
posing,1
crime,1
underlying,1
passive,1
inform,1
suggest,1
incumbent,1
activities,1
casts,1
facies,1
strangers,1
resolvable,1
lend,1
attributions,1
deleting,1
believers,1
sung,1
span,1
unperceived,1
threatened,1
incluyan,1
portion,1
battle,1
converge,1
perception,1
bedrock,1
press,1
laughed,1
highlights,1
sovereign,1
underground,1
sons,1
impermeable,1
business,1
inhabit,1
critics,1
ceremonial,1
saga,1
equality,1
discordantly,1
resides,1
thanks,1
promulgation,1
academia,1
disputation,1
jaundiced,1
mesa,1
strike,1
misrepresent,1
statistical,1
grounded,1
strictures,1
signaling,1
intents,1
palm,1
economic,1
concede,1
cherished,1
indicative,1
logically,1
giving,1
lurking,1
mechanisms,1
sans,1
hardest,1
ia,1
intrusions,1
extrinsic,1
minority,1
criticized,1
passively,1
unconscious,1
acknowledged,1
beguile,1
brief,1
forward,1
merits,1
nearly,1
purports,1
mutating,1
exception,1
outlive,1
assurance,1
museum,1
constraints,1
prove,1
projecting,1
formative,1
july,1
unblocking,1
says,1
presently,1
puissant,1
ofarchaeology,1
incredibly,1
sending,1
builders,1
terrain,1
uncertain,1
progeny,1
settings,1
labored,1
seemingly,1
suppose,1
postmarital,1
hold,1
reception,1
tends,1
braided,1
accumulates,1
evidentiary,1
improper,1
preliterate,1
cherishing,1
vicinity,1
postulate,1
worked,1
allegations,1
simultaneous,1
permanent,1
apples,1
relied,1
ambas,1
floods,1
justifying,1
violence,1
observer,1
simplified,1
inamerican,1
interment,1
savage,1
surrogate,1
darken,1
rain,1
fail,1
evidential,1
taut,1
inatil,1
fifth,1
selective,1
saint,1
parsimonious,1
relinquish,1
reconciliation,1
underestimate,1
assimilation,1
extravagant,1
adjusted,1
light,1
complete,1
somewhat,1
obligated,1
dan,1
exalt,1
aforementioned,1
surrenders,1
collective,1
cautions,1
qualified,1
reports,1
emotional,1
reliance,1
quotations,1
mythologizing,1
speaking,1
architectural,1
expediently,1
unidirectionality,1
supernatural,1
entwined,1
indeterminate,1
picture,1
skeletons,1
persuasive,1
catalog,1
culturales,1
street,1
party,1
undisturbed,1
crew,1
laid,1
provide,1
resistance,1
critiques,1
name,1
recall,1
eschews,1
dilemma,1
law,1
subjected,1
book,1
attacks,1
reward,1
clublike,1
confound,1
metaphysical,1
brown,1
journey,1
mentions,1
mark,1
provenience,1
pick,1
renewed,1
pointed,1
available,1
similarly,1
procured,1
ask,1
mckern,1
mnemonic,1
motifs,1
lowering,1
intellect,1
conduct,1
excavating,1
emotions,1
irreconcilabilities,1
generational,1
orginal,1
lengthy,1
teton,1
folklore,1
naive,1
longer,1
limit,1
endless,1
creators,1
contrasts,1
hesitantly,1
head,1
skeptics,1
verifiable,1
welcomes,1
clarendon,1
occupations,1
recurrent,1
departments,1
saa,1
predominant,1
compound,1
environs,1
imate,1
attempting,1
tidbits,1
pretty,1
aachen,1
educated,1
ideology,1
diverse,1
incorporation,1
somewhere,1
john,1
decrying,1
forging,1
focuses,1
granting,1
everything,1
highland,1
substantially,1
doubt,1
variation,1
descended,1
heels,1
reckoned,1
bays,1
considerable,1
fashion,1
succeeding,1
refreshed,1
seldom,1
discussed,1
trips,1
handsman,1
wampum,1
algonquian,1
inviolability,1
rhetoric,1
psychologists,1
puzzling,1
possession,1
patterns,1
disapprobation,1
hit,1
throwing,1
consciously,1
patrimony,1
thrills,1
remarkable,1
noblesse,1
handed,1
burialofanearlyamericanmagician,1
innovative,1
scantier,1
creature,1
goldenweiser,1
dorothy,1
existing,1
blackfoot,1
establish,1
wright,1
congruous,1
advisers,1
purporting,1
tepiman,1
orvansina,1
ultimately,1
tainly,1
ontological,1
ignores,1
spoke,1
emotion,1
conviction,1
politic,1
disparity,1
deep,1
transcendental,1
incursions,1
perceives,1
invitation,1
fuera,1
patently,1
daunting,1
kiva,1
lean,1
dumb,1
investigative,1
reasoning,1
criticizing,1
como,1
literatures,1
innately,1
folklorists,1
mechanically,1
gives,1
featureless,1
explicitly,1
free,1
encountered,1
refuted,1
decontextualized,1
recommend,1
day,1
identifiable,1
admonish,1
synchronous,1
bulletin,1
reordering,1
phenomenological,1
demonstrated,1
lecture,1
week,1
jurisprudence,1
credit,1
recognizing,1
classes,1
investigators,1
greatest,1
ingenious,1
enhances,1
extended,1
admits,1
entire,1
supplies,1
africa,1
survive,1
inviting,1
considering,1
conundrum,1
contending,1
easier,1
newyork,1
critic,1
originated,1
eighteenth,1
implicated,1
unquestionably,1
chronologies,1
pathology,1
andarchaeologists,1
defer,1
writings,1
region,1
integrator,1
patricia,1
assayed,1
enormous,1
retains,1
depended,1
increase,1
collided,1
discrediting,1
essentiality,1
versa,1
herself,1
looking,1
challengeable,1
encouraged,1
tenets,1
findings,1
relativism,1
selfanswering,1
controlling,1
ethnography,1
bears,1
expression,1
confidence,1
indefatigable,1
fudged,1
chimney,1
unfortunately,1
religiously,1
october,1
camps,1
emphasize,1
heuristic,1
blocking,1
inherentemente,1
sequence,1
harvard,1
andyavapai,1
tips,1
ethnic,1
exhibited,1
lurie,1
circumstance,1
styles,1
icy,1
merit,1
mds,1
protected,1
knowable,1
chosen,1
full,1
assertiveness,1
office,1
complicated,1
nevertheless,1
anthology,1
platform,1
uniqueness,1
displacing,1
low,1
navajo,1
homeric,1
media,1
quotation,1
corrupted,1
quietly,1
colonizes,1
loosely,1
historic,1
reality,1
compartmentalization,1
grew,1
hiatus,1
sensitivity,1
express,1
profession,1
tail,1
urge,1
correcting,1
imponentes,1
objection,1
prevents,1
admission,1
held,1
pimapapago,1
attach,1
admonishments,1
credence,1
characterized,1
revised,1
sacredness,1
prodigious,1
strange,1
wears,1
attribution,1
admissibility,1
features,1
bony,1
played,1
meets,1
lie,1
counted,1
practiced,1
probable,1
attributing,1
preservation,1
believing,1
commandeering,1
legacy,1
adequately,1
folkloric,1
construct,1
instruction,1
exchange,1
repeated,1
gets,1
faith,1
discountenanced,1
graves,1
random,1
comparing,1
fewest,1
article,1
qualities,1
elaborate,1
eyes,1
evolutionary,1
arise,1
transcendence,1
exaggeration,1
orales,1
relation,1
averted,1
epistemology,1
remembers,1
impersonal,1
recoverable,1
stockades,1
acquire,1
charles,1
effect,1
isolating,1
seattle,1
fundamentalist,1
decides,1
v,1
improbable,1
pictographs,1
distant,1
comfortably,1
ethnographically,1
implication,1
looks,1
translate,1
locales,1
accretional,1
conquest,1
looked,1
copyright,1
attracted,1
pressing,1
worms,1
subtracting,1
appraisal,1
invented,1
uncertainties,1
accord,1
retraction,1
tendency,1
insignificant,1
themahican,1
evaluated,1
sugar,1
adaptive,1
ago,1
quarter,1
controversial,1
mortality,1
venturing,1
magnificent,1
luring,1
taking,1
secret,1
convincingly,1
division,1
species,1
amoebas,1
alanson,1
calvin,1
september,1
trifle,1
houston,1
genesis,1
entertainment,1
worldview,1
nonwestern,1
familiar,1
nipple,1
ghosts,1
ambiguous,1
discussing,1
tradiciones,1
christian,1
soot,1
esta,1
monstrous,1
imply,1
glass,1
peers,1
iroquois,1
raise,1
succinctly,1
usurpation,1
abstractly,1
backed,1
construe,1
replied,1
bulk,1
chance,1
ofwisconsin,1
linda,1
absolved,1
outsiders,1
vision,1
constants,1
practitioners,1
maps,1
selections,1
program,1
fully,1
rough,1
vitiate,1
prudent,1
reasonable,1
discards,1
imperatives,1
vague,1
replyamericananthropologistnew,1
clues,1
lines,1
preempt,1
discard,1
leslie,1
remotely,1
unequal,1
secure,1
garbled,1
forthright,1
exceptional,1
twain,1
treacherous,1
hualapai,1
implicate,1
jersey,1
affinity,1
translation,1
imperialism,1
herring,1
enculturation,1
force,1
rational,1
render,1
hers,1
philosopher,1
wisdoms,1
wilson,1
furnish,1
reservations,1
rapidly,1
whereby,1
montezuma,1
paradigmatic,1
pertinence,1
class,1
adawx,1
crave,1
unusual,1
analysis,1
clench,1
discernible,1
researcher,1
united,1
inferior,1
commits,1
surprising,1
frontier,1
aspirations,1
lip,1
profundamente,1
particularistic,1
mother,1
paragonah,1
expounding,1
british,1
raising,1
obstacle,1
allusions,1
uncomplementary,1
lingers,1
intrude,1
material,1
jaffe,1
recountings,1
legitimately,1
intent,1
rigorous,1
coincident,1
complication,1
relativists,1
increased,1
res,1
matters,1
recognizably,1
addressed,1
stephen,1
consigning,1
rosenberg,1
sections,1
transpositions,1
warrants,1
publicly,1
suggestions,1
contained,1
variable,1
roughly,1
deposited,1
shadow,1
small,1
flies,1
thinking,1
ordered,1
bullying,1
regiments,1
reliant,1
breach,1
prohibited,1
lessons,1
tuchman,1
inventory,1
antecedent,1
pithy,1
ethnological,1
changing,1
calendrical,1
pointless,1
throw,1
potawatomi,1
siren,1
instructed,1
struck,1
rites,1
invoked,1
extension,1
theme,1
exposition,1
scrutiny,1
byproduct,1
publically,1
reciprocity,1
entertain,1
schaghticoke,1
inarguable,1
shapes,1
charter,1
levi,1
okatilla,1
generic,1
besides,1
rainbows,1
brackets,1
resurrect,1
ecumenism,1
angelic,1
indigenas,1
estas,1
transmittal,1
linear,1
verify,1
repository,1
downfall,1
forty,1
lynne,1
berkeley,1
natural,1
enmeshed,1
performed,1
indispensability,1
elastic,1
evolved,1
sure,1
country,1
bilinguals,1
readily,1
historicism,1
concession,1
disinterested,1
actuality,1
worth,1
neglected,1
global,1
confident,1
oranges,1
branches,1
king,1
universalist,1
confidential,1
dependable,1
appendix,1
unscathed,1
acquiesce,1
brick,1
skinner,1
championing,1
argue,1
attending,1
bit,1
half,1
stressed,1
fascinating,1
returns,1
pictograph,1
eventually,1
iii,1
crawled,1
stretching,1
collectors,1
linked,1
causing,1
asserting,1
indispensable,1
reticent,1
benefit,1
separating,1
reflected,1
bowels,1
cohere,1
purview,1
pit,1
tracts,1
pictures,1
closest,1
prayers,1
innumerable,1
misquoting,1
fellow,1
exited,1
girls,1
caricature,1
texas,1
merely,1
turned,1
hint,1
petroforms,1
scholarship,1
roquois,1
animal,1
pasado,1
griffin,1
franciscan,1
blowing,1
knows,1
helping,1
suite,1
born,1
game,1
realities,1
unlikely,1
explanations,1
vary,1
automatically,1
convenient,1
proceedings,1
carefully,1
investigation,1
conservatism,1
combined,1
circles,1
grail,1
reactions,1
admonitions,1
arcane,1
soundings,1
preface,1
reconcile,1
aiding,1
selected,1
laying,1
irreconcilable,1
maryland,1
plants,1
want,1
cause,1
metaphor,1
maintain,1
textbook,1
sus,1
charged,1
transmitters,1
firmly,1
attestations,1
pros,1
planetary,1
leaving,1
adaptation,1
dispensation,1
understandably,1
transaction,1
interpreting,1
scrupulous,1
endorsing,1
interviewers,1
meted,1
resurrected,1
posiciones,1
oraltradition,1
constitutional,1
explored,1
yield,1
shah,1
proposing,1
encounters,1
listed,1
dedication,1
reprinted,1
library,1
universe,1
millions,1
travel,1
rendition,1
middle,1
church,1
augmentation,1
st,1
exegesis,1
presume,1
certainties,1
naked,1
paintings,1
intention,1
presented,1
alterations,1
occasionally,1
necessity,1
son,1
expected,1
trivial,1
yavapai,1
persuaded,1
multiple,1
ruled,1
biologically,1
chipewyan,1
exercising,1
despite,1
concomitants,1
unlocked,1
erroneously,1
noncalendrical,1
duty,1
disguised,1
easy,1
subsisting,1
modelos,1
wrought,1
reconciler,1
durable,1
compartmentalized,1
step,1
congenial,1
ignorant,1
bona,1
territory,1
incautious,1
impressibility,1
conventional,1
missionary,1
target,1
organization,1
programs,1
obtain,1
demanding,1
reconstruct,1
fists,1
inventions,1
unity,1
empathize,1
phenomenon,1
coe,1
goals,1
adentro,1
mythologized,1
forcing,1
coming,1
detect,1
construed,1
fide,1
referential,1
remarks,1
nominated,1
analogy,1
reshaping,1
eric,1
lone,1
wild,1
enthusiasm,1
chancy,1
models,1
amoebalike,1
ignoran,1
accrediting,1
unable,1
lists,1
editor,1
dialog,1
disappear,1
disposal,1
autochthonous,1
proclamations,1
reliable,1
ancillary,1
marginalize,1
internally,1
acknowledges,1
national,1
write,1
samuel,1
embarked,1
errands,1
charge,1
trauma,1
comprehending,1
trap,1
hazarded,1
completed,1
articulators,1
protagonist,1
dangerous,1
baltimore,1
grinding,1
serrated,1
move,1
intransigent,1
instead,1
qualify,1
lively,1
ethnocentrism,1
magnitudes,1
judges,1
upon,1
enabling,1
mandates,1
socially,1
fruitfulness,1
printed,1
broader,1
defines,1
gross,1
opinions,1
cautionary,1
rader,1
states,1
disruption,1
locatable,1
preserve,1
scanty,1
piece,1
defined,1
unintegrated,1
philosophy,1
suficiente,1
membership,1
mandating,1
mutuality,1
extremely,1
madison,1
rebuts,1
repeat,1
speak,1
untouched,1
campaign,1
jurisprudential,1
recital,1
particularities,1
roles,1
doubtless,1
anonymous,1
flooding,1
observation,1
chippewa,1
conceptualizing,1
contradicted,1
privileging,1
cousin,1
evolutionism,1
pertain,1
buffalo,1
distinctions,1
recollected,1
disturbing,1
representatives,1
conflated,1
pathways,1
hesitant,1
ascendancy,1
elites,1
rejection,1
thing,1
hills,1
text,1
gettysburg,1
negotiate,1
dickens,1
dieppe,1
reached,1
geographical,1
obligation,1
era,1
waverly,1
enterprise,1
debate,1
renditions,1
spokesmen,1
maximum,1
billing,1
equipment,1
severely,1
documentary,1
interaction,1
verified,1
recalcitrant,1
conventions,1
strong,1
priestly,1
champion,1
dribbled,1
beings,1
cross,1
convergent,1
dos,1
operational,1
building,1
meeting,1
ca,1
manufactured,1
vicenti,1
utmost,1
customs,1
confrontations,1
unparalleled,1
major,1
hopefully,1
bronislaw,1
constitution,1
