WORDCOUNTS,WEIGHT
the,1037
and,1003
of,823
in,638
a,370
maya,272
to,241
pp,168
at,166
j,158
that,157
for,149
have,130
ancient,129
as,127
m,122
university,106
p,97
been,96
e,95
from,95
on,94
exchange,89
is,89
with,89
trade,87
or,82
et,73
al,73
f,72
marketplace,72
archaeological,71
r,70
classic,70
new,70
l,69
goods,68
d,68
by,65
c,64
s,63
american,63
market,62
be,61
production,60
an,59
markets,57
has,56
mexico,54
belize,54
was,53
t,53
mesoamerica,52
mesoamerican,52
economic,52
obsidian,49
this,49
were,48
may,45
also,45
archaeology,45
are,45
research,45
g,43
w,43
political,42
these,42
postclassic,42
site,41
antiquity,40
h,39
plaza,39
archaeol,39
res,39
world,39
early,39
such,38
would,38
marketplaces,38
springer,38
k,37
sites,36
economies,35
no,35
aztec,35
it,34
there,34
not,34
economy,33
evidence,33
but,32
salt,32
northern,31
central,29
journal,28
late,27
lowland,27
regional,27
other,26
their,26
centers,26
yucatan,26
routes,26
through,26
used,25
although,25
between,25
lowlands,24
latin,24
trading,24
settlement,24
period,24
craft,24
b,23
could,23
they,22
center,22
papers,22
proposed,22
had,22
guatemala,22
social,22
which,22
associated,22
both,22
press,22
along,21
preclassic,21
some,20
utah,20
location,20
its,20
hirth,20
region,20
elites,20
lake,20
large,19
de,19
most,19
found,19
during,19
ceramic,19
more,19
smith,19
elite,19
use,19
systems,19
perspectives,19
analysis,19
distributional,19
anthropology,19
prehispanic,18
cultural,18
where,18
chert,18
distribution,18
studies,17
n,17
coast,17
many,17
households,17
с,17
into,16
within,16
one,15
inland,15
system,15
how,15
lithic,15
data,15
small,15
few,15
chase,15
anthropological,15
control,15
what,15
approaches,14
archaeologists,14
el,14
case,14
ritual,14
institute,14
artifact,14
approach,14
cacao,14
lee,14
dahlin,14
plazas,14
role,14
terminal,14
remains,14
among,14
valdez,14
might,13
ceramics,13
organization,13
tikal,13
ambergris,13
areas,13
v,13
model,13
can,13
often,13
types,13
shaw,13
domestic,13
valley,13
complex,12
i,12
household,12
jade,12
study,12
prehistoric,12
societies,12
place,12
around,12
society,12
community,12
only,12
time,12
state,12
patterns,12
over,12
texas,12
include,12
arizona,12
roys,11
history,11
materials,11
king,11
relationships,11
excavations,11
civilization,11
coastal,11
several,11
identified,11
located,11
maax,11
в,11
power,11
maritime,11
ö,11
mexicon,11
vessels,11
models,11
modeling,11
should,11
major,11
those,10
santa,10
young,10
even,10
communication,10
specialization,10
perspective,10
excavation,10
produced,10
all,10
consideration,10
structure,10
different,10
current,10
particularly,10
information,10
garraty,10
physical,10
activities,10
much,10
kepecs,9
altamira,9
identify,9
stone,9
source,9
marine,9
key,9
activity,9
copan,9
masson,9
space,9
vendors,9
freidel,9
del,9
peraza,9
department,9
structures,9
regions,9
moved,9
likely,9
southern,9
about,9
museum,9
east,9
brigham,9
specific,9
port,9
transport,9
city,9
commodity,9
contexts,8
great,8
existence,8
sabloff,8
controlled,8
review,8
mine,8
expected,8
than,8
york,8
na,8
certain,8
resource,8
important,8
honduras,8
well,8
chichén,8
blade,8
interregional,8
presence,8
using,8
will,8
pattern,8
took,8
ports,8
material,8
number,8
locations,8
cay,8
largely,8
wells,8
school,8
complexity,8
type,8
spatial,8
agricultural,8
recent,8
association,8
built,8
difficult,7
if,7
debris,7
before,7
sources,7
berdan,7
eastern,7
vol,7
possible,7
merchants,7
blades,7
century,7
z,7
served,7
his,7
across,7
itzá,7
similar,7
means,7
beyond,7
cotton,7
conquest,7
access,7
mcanany,7
tools,7
residential,7
monograph,7
dumbarton,7
realm,7
beads,7
least,7
field,7
culture,7
patterning,7
made,7
including,7
so,7
function,7
features,7
methods,7
polities,7
while,7
middle,7
cambridge,7
chemical,7
courts,6
groups,6
village,6
group,6
san,6
walnut,6
tribute,6
implications,6
oaxaca,6
analyses,6
exotic,6
к,6
platforms,6
west,6
development,6
due,6
ma,6
chichen,6
signatures,6
changes,6
argued,6
â,6
guderjan,6
raw,6
gallareta,6
out,6
recently,6
because,6
artifacts,6
literature,6
chunchucmil,6
pottery,6
buildings,6
indicators,6
spanish,6
when,6
notes,6
limited,6
caye,6
roads,6
pacific,6
included,6
cobos,6
empire,6
perhaps,6
shafer,6
theoretical,6
low,6
open,6
high,6
taschek,6
attention,6
la,6
science,6
who,6
exchanged,6
then,6
extensive,6
each,6
specialized,6
did,6
phd,6
local,6
sharer,6
national,6
value,6
potential,6
quirigua,6
little,6
focus,6
does,5
way,5
overland,5
ways,5
mexican,5
test,5
first,5
either,5
puuc,5
rathje,5
highland,5
investigations,5
economics,5
feinman,5
consumers,5
resources,5
collection,5
behavior,5
indicates,5
tucson,5
assessment,5
cases,5
distinct,5
amount,5
xochicalco,5
philadelphia,5
highlands,5
connected,5
direct,5
belizean,5
shell,5
emergence,5
restricted,5
operate,5
recovered,5
peabody,5
identifying,5
commoners,5
oklahoma,5
population,5
wealth,5
hodge,5
lope,5
work,5
mckillop,5
reduction,5
colha,5
people,5
pachuca,5
perishable,5
transported,5
documented,5
good,5
long,5
tabasco,5
formative,5
communities,5
thought,5
under,5
two,5
reports,5
noted,5
volume,5
addition,5
strategies,5
samples,5
harvard,5
urbanism,5
moho,5
held,5
characterized,5
like,5
collected,5
linking,5
braswell,5
availability,5
we,5
institution,5
los,5
causeways,5
changing,5
cerén,5
offers,5
defining,5
argue,5
quintana,5
size,5
marketing,5
producer,5
commercial,5
need,5
states,5
defined,5
tourtellot,5
archeological,5
interaction,5
north,5
mock,5
edge,4
glascock,4
view,4
introduction,4
diversity,4
roadways,4
isla,4
human,4
meaning,4
link,4
faunal,4
ô,4
raised,4
issue,4
america,4
kurtz,4
ball,4
quantity,4
throughout,4
royal,4
past,4
interior,4
affairs,4
canoes,4
items,4
heterarchical,4
architectural,4
jones,4
remain,4
earlier,4
supplement,4
form,4
evolution,4
consider,4
repeated,4
clearly,4
origins,4
peninsula,4
stark,4
rice,4
exploitation,4
result,4
fry,4
hands,4
rooms,4
cores,4
scale,4
aspects,4
chiapas,4
nichols,4
directly,4
network,4
teotihuacan,4
example,4
description,4
castillo,4
broad,4
actually,4
redistribution,4
change,4
creating,4
characteristics,4
workshops,4
xunantunich,4
annual,4
dreiss,4
provided,4
questions,4
periods,4
contact,4
populations,4
still,4
movement,4
hester,4
southeast,4
metates,4
yet,4
jai,4
traders,4
useful,4
ethnohistoric,4
together,4
larger,4
terry,4
anthropologist,4
establish,4
see,4
another,4
understanding,4
palma,4
assemblages,4
contacts,4
traded,4
theories,4
roo,4
andrews,4
directed,4
peripheral,4
caribbean,4
after,4
causeway,4
hierarchical,4
southwest,4
brown,4
researchers,4
palenque,4
seen,4
indicate,4
construction,4
middens,4
following,4
constructed,4
meat,4
alternative,4
ardren,4
paper,4
report,4
linked,4
very,4
build,4
better,4
beginning,4
investigation,4
terms,4
making,4
diaz,4
robles,4
theory,4
utilitarian,4
periphery,4
multiple,4
ill,4
eleanor,4
wild,4
until,4
argues,4
integrated,4
consumption,4
integration,4
area,4
offered,4
point,4
debate,4
predictable,4
gulf,4
plenum,4
nicholas,3
now,3
o,3
brumfiel,3
generated,3
dynastic,3
red,3
potter,3
needed,3
conducted,3
word,3
organic,3
foias,3
fluctuations,3
season,3
nature,3
definition,3
archaeologically,3
available,3
differences,3
able,3
entered,3
court,3
sacred,3
context,3
continuities,3
occasional,3
westview,3
verlag,3
account,3
placement,3
politics,3
carrasco,3
dynamic,3
zone,3
centralized,3
accessible,3
scarborough,3
millennium,3
relatively,3
ability,3
concentrations,3
consumer,3
thank,3
old,3
clark,3
stored,3
bay,3
document,3
wares,3
itza,3
fash,3
storage,3
y,3
tentatively,3
border,3
chan,3
identification,3
links,3
growth,3
landscape,3
levels,3
derived,3
animals,3
accounts,3
empires,3
possibly,3
river,3
established,3
termini,3
plaster,3
northeastern,3
polanyi,3
surface,3
position,3
western,3
permanent,3
dominant,3
dc,3
artistic,3
diachronic,3
my,3
came,3
commoner,3
called,3
austin,3
academic,3
widmer,3
kinship,3
topics,3
transactions,3
record,3
networks,3
stations,3
near,3
inferred,3
cozumel,3
overview,3
cane,3
survey,3
forces,3
bishop,3
reflect,3
rise,3
project,3
memoirs,3
commerce,3
working,3
order,3
smithsonian,3
certainly,3
up,3
preliminary,3
massive,3
he,3
demand,3
ceremonial,3
variety,3
architecture,3
comparative,3
gift,3
make,3
single,3
opportunities,3
technology,3
shifting,3
ethnographic,3
functioned,3
raids,3
considers,3
challenge,3
again,3
others,3
temples,3
walked,3
becker,3
honor,3
outside,3
present,3
purposes,3
containers,3
caracol,3
assemblage,3
behaviors,3
considering,3
range,3
deposits,3
identity,3
northwest,3
significant,3
food,3
operated,3
residues,3
products,3
platform,3
ties,3
clear,3
publication,3
points,3
chocolate,3
symposium,3
general,3
neutral,3
especially,3
internal,3
manatee,3
greatly,3
probably,3
ethnohistory,3
versus,3
connections,3
kovacevich,3
sometimes,3
usually,3
rethinking,3
merchandise,3
shells,3
isaac,3
sayil,3
conjunction,3
soil,3
known,3
cotsen,3
here,3
know,3
organized,3
shrine,3
seem,3
heterarchy,3
rural,3
growing,3
animal,3
whether,3
sociology,3
maintain,3
temporally,3
leaving,3
scheduling,3
thames,3
require,3
explored,3
yield,3
imperial,3
urban,3
socioeconomic,3
epiclassic,3
level,3
despite,3
durable,3
plans,3
copper,3
labyrinthos,3
webb,3
basin,3
formation,3
scholes,3
finding,3
conditions,3
mode,3
tulane,3
grown,3
specialists,3
folan,3
smaller,3
needs,3
supported,3
vary,3
reached,3
views,3
final,2
gis,2
transportation,2
negrón,2
suggested,2
created,2
exploring,2
coba,2
shrines,2
college,2
connect,2
speakers,2
becoming,2
essays,2
true,2
sumptuary,2
stingray,2
easily,2
modern,2
assumption,2
trace,2
protection,2
undertaken,2
occurred,2
evaluating,2
claire,2
being,2
consistent,2
highlighted,2
marco,2
taken,2
utilization,2
worked,2
advanced,2
capital,2
principles,2
route,2
advantage,2
broken,2
daily,2
flotation,2
histories,2
mexicana,2
carnegie,2
kingdom,2
graham,2
vegetation,2
devised,2
last,2
inferring,2
gasco,2
concepts,2
gifts,2
behind,2
designs,2
ad,2
linear,2
recorded,2
money,2
primary,2
bones,2
piedras,2
foreigners,2
terminus,2
move,2
abstract,2
measuring,2
desired,2
since,2
far,2
exchanges,2
feldman,2
barrera,2
signal,2
labor,2
repeatedly,2
thus,2
includes,2
hierarchy,2
interest,2
ease,2
relations,2
price,2
application,2
stanton,2
topic,2
exhausted,2
nelson,2
garber,2
cervera,2
places,2
ha,2
serving,2
moving,2
caminos,2
bone,2
left,2
explore,2
drawn,2
look,2
stela,2
though,2
tlaltelolco,2
mechanism,2
crossroads,2
industries,2
van,2
mechanisms,2
recognized,2
town,2
played,2
predicted,2
rather,2
buenavista,2
motul,2
remote,2
phosphate,2
leave,2
contributions,2
preservation,2
burials,2
support,2
stand,2
praise,2
metropolis,2
civilizations,2
flexibility,2
statistical,2
itinerant,2
numbers,2
placed,2
traces,2
bruce,2
benefited,2
situations,2
four,2
rochette,2
additional,2
followed,2
altun,2
requires,2
flakes,2
strategy,2
fox,2
caches,2
arrived,2
based,2
allow,2
weapons,2
begun,2
chipped,2
mapping,2
relating,2
whittaker,2
changed,2
demands,2
pass,2
hicks,2
diet,2
evaluate,2
embedded,2
further,2
honoring,2
hinterland,2
intensity,2
rainforest,2
facilities,2
wide,2
public,2
gods,2
possibility,2
assumptions,2
lecount,2
basis,2
future,2
planning,2
tool,2
blue,2
brought,2
part,2
murals,2
ot,2
knowledge,2
punta,2
island,2
consistently,2
reportedly,2
calakmul,2
personal,2
focuses,2
floors,2
gonzález,2
interpreted,2
relative,2
sacbeob,2
granitic,2
aoyama,2
gateway,2
excavated,2
indicator,2
spatially,2
suggest,2
honey,2
politically,2
usulatan,2
mediterranean,2
stimulated,2
quite,2
speal,2
highly,2
eighth,2
industry,2
peak,2
impossible,2
core,2
spence,2
managed,2
ek,2
london,2
majority,2
hutson,2
directionality,2
geographical,2
canbalam,2
avoid,2
critical,2
therefore,2
turquoise,2
polychrome,2
units,2
genesis,2
investigating,2
various,2
nonelites,2
separation,2
bullard,2
expansion,2
islands,2
exception,2
international,2
hammond,2
reconstruction,2
modes,2
sheets,2
hold,2
religious,2
guide,2
kluwer,2
chronology,2
processing,2
tax,2
infrastructure,2
transformations,2
same,2
kowalewski,2
floor,2
payments,2
ringle,2
members,2
vogt,2
comparison,2
mark,2
academy,2
locating,2
towns,2
water,2
analytical,2
interdisciplinary,2
scholars,2
occupations,2
plan,2
unexplored,2
feasting,2
phosphates,2
contemporary,2
variation,2
distributions,2
considerable,2
removal,2
forms,2
do,2
barter,2
yucatecan,2
paris,2
ground,2
manos,2
operating,2
en,2
secular,2
developing,2
necessary,2
origin,2
reconstructing,2
frequency,2
gareth,2
degree,2
thousands,2
original,2
situated,2
extended,2
rio,2
examples,2
locate,2
formal,2
increase,2
lowe,2
top,2
controlling,2
sold,2
station,2
peten,2
chontal,2
ethnic,2
processes,2
salvador,2
precolumbian,2
services,2
full,2
rands,2
dating,2
involves,2
discovered,2
three,2
transformation,2
dominated,2
codex,2
cahal,2
allowed,2
lie,2
martin,2
oxbow,2
procurement,2
enough,2
spondylus,2
chetumal,2
blanton,2
anderson,2
cortez,2
patterson,2
residue,2
story,2
looked,2
geography,2
mayanists,2
saltmaking,2
trails,2
bells,2
factors,2
things,2
seasons,2
christian,2
note,2
continued,2
five,2
stalls,2
ideology,2
arqueologia,2
powis,2
debates,2
tozzer,2
chikinchel,2
vargas,2
force,2
life,2
fall,2
centuries,2
paleoethnobotanical,2
itself,2
gonzalez,2
considered,2
quantitative,2
burned,2
environment,2
archaic,2
heavy,2
any,2
thinking,2
dispersed,2
ethnological,2
mentioned,2
incorporated,2
simply,2
geographic,2
cayo,2
continues,2
symbolic,2
precise,2
palace,2
sciences,2
set,2
nonperishable,2
readily,2
neivens,2
incorporating,2
volcano,2
wall,2
benefit,2
historical,2
free,2
las,2
just,2
evident,2
boundaries,2
surpluses,2
proceedings,2
motagua,2
them,2
references,2
inomata,2
passed,2
map,2
slate,2
transaction,2
fully,2
cloth,2
haifa,2
bey,2
travel,2
finished,2
decisions,2
preserved,2
entrance,2
piña,2
thereby,2
sea,2
became,2
transition,2
campeche,2
navarrete,2
commodities,2
winemiller,2
colonial,2
mention,2
allows,2
writing,2
gain,2
coming,2
store,2
strong,2
our,2
come,2
white,2
shown,2
nonelite,2
illinois,2
tarka,2
offer,2
anthrosols,2
dense,2
product,2
piece,2
off,2
increased,2
conceptualizing,2
vessel,2
cobá,2
km,2
pathways,2
chicago,2
norman,2
gainesville,2
northwestern,2
develop,2
aguateca,2
anton,2
complement,2
building,2
southeastern,2
close,2
cited,2
occur,2
gold,2
problem,1
desirable,1
popenoe,1
entities,1
princeps,1
done,1
provisioning,1
personally,1
isotopie,1
flow,1
highvalue,1
punch,1
common,1
courtly,1
astounded,1
later,1
indicated,1
stylistic,1
extrapolating,1
keller,1
hieroglyphic,1
functional,1
judging,1
extreme,1
environmental,1
episodes,1
mackinnon,1
determine,1
cerros,1
northeast,1
mendoza,1
considerably,1
spurred,1
sphere,1
distributed,1
mouth,1
identifies,1
patio,1
settlements,1
hot,1
prediction,1
residences,1
enduring,1
touched,1
star,1
agency,1
multifaceted,1
designed,1
prime,1
ethnogenesis,1
maize,1
columns,1
dol,1
live,1
mayas,1
uniquely,1
sets,1
navigation,1
unraveling,1
paradigms,1
retrieve,1
boulder,1
considerations,1
former,1
reduced,1
segmentary,1
obligations,1
fixed,1
locale,1
presents,1
inequality,1
turtle,1
preindustrial,1
pots,1
liquids,1
interpretative,1
something,1
matter,1
arguing,1
descriptions,1
revision,1
absence,1
sotuto,1
enclave,1
pilas,1
hohokam,1
colon,1
canids,1
lower,1
accumulation,1
kohl,1
beneficial,1
permanence,1
usa,1
please,1
specifically,1
supposedly,1
markt,1
creation,1
exclusive,1
ofsayil,1
wax,1
setting,1
originally,1
cosmological,1
concentrated,1
kilometers,1
metal,1
attempt,1
rubio,1
calcareous,1
diskin,1
undeniably,1
action,1
wurtzburg,1
emerged,1
shortage,1
outlining,1
seems,1
chemicals,1
supplied,1
revival,1
carvers,1
gary,1
physiographic,1
comparatively,1
cenote,1
skills,1
dé,1
secondary,1
down,1
azul,1
suggesting,1
simple,1
monitor,1
timing,1
accumulated,1
potentially,1
rich,1
producing,1
sectors,1
studied,1
transferred,1
barnhart,1
reveal,1
procedure,1
tx,1
religion,1
renfrew,1
polychromes,1
welldeveloped,1
debt,1
estrada,1
help,1
search,1
feature,1
cerro,1
rudimentary,1
consist,1
written,1
nalda,1
floral,1
say,1
innes,1
robert,1
preconquest,1
daniel,1
worldwide,1
contents,1
similarities,1
debitage,1
nodes,1
respite,1
documenting,1
partners,1
realignments,1
effigy,1
theorizing,1
xibun,1
pilar,1
geochemical,1
seibai,1
draws,1
me,1
slips,1
agriculture,1
vendor,1
pye,1
design,1
dynamics,1
indirectly,1
distributing,1
felt,1
soldier,1
stall,1
marked,1
compelling,1
enforcement,1
planters,1
soils,1
schedule,1
sale,1
beverly,1
solely,1
lodging,1
bibliography,1
purchases,1
fine,1
wing,1
reconsidering,1
taking,1
combination,1
supply,1
reflecting,1
uses,1
unify,1
fluorescence,1
monitoring,1
merican,1
mountains,1
representing,1
spain,1
warfare,1
exposed,1
exist,1
learned,1
relies,1
conflict,1
goal,1
jasaw,1
fit,1
monkey,1
collapse,1
language,1
seawall,1
component,1
pomp,1
immediate,1
xcambó,1
mantas,1
quality,1
ajaw,1
lining,1
consumed,1
surrounded,1
barton,1
illustrates,1
simmons,1
against,1
eighthcentury,1
categorized,1
assumes,1
terraces,1
corner,1
ut,1
futures,1
belknap,1
acta,1
foodways,1
deciphering,1
rooted,1
allegiances,1
given,1
breakable,1
radar,1
interprets,1
kind,1
screening,1
transitional,1
thing,1
developments,1
speculative,1
overseers,1
refer,1
concerning,1
cosas,1
back,1
kinds,1
reyna,1
fig,1
body,1
suitable,1
dates,1
witnessed,1
detecting,1
converging,1
alliances,1
compare,1
find,1
profit,1
whorls,1
helpful,1
comales,1
obscure,1
terrace,1
geographically,1
constructs,1
tarascan,1
disruptions,1
traditions,1
crafting,1
economia,1
start,1
acknowledge,1
poorly,1
decisionmaking,1
walls,1
phases,1
milbrath,1
rights,1
accumulate,1
essential,1
pigments,1
without,1
reviews,1
bring,1
main,1
absent,1
sensing,1
angeles,1
edward,1
paths,1
basic,1
square,1
junction,1
bifaces,1
explicit,1
lohse,1
untangling,1
pilgrimages,1
notion,1
process,1
greenhill,1
mean,1
olmec,1
afforded,1
determining,1
nonlocal,1
edwin,1
quantify,1
emery,1
legal,1
flexible,1
duende,1
importance,1
archaeometry,1
entrances,1
socioeconomics,1
creek,1
symbols,1
enabled,1
scales,1
nongrowing,1
undoubtedly,1
discoveries,1
conurbation,1
von,1
periodic,1
risks,1
chakanputun,1
webster,1
multiscalar,1
modified,1
heredia,1
understand,1
diccionario,1
copán,1
parts,1
facilitated,1
ensure,1
hematite,1
legitimizing,1
tenochtitlan,1
preclude,1
locally,1
objects,1
codiciado,1
occupational,1
benefits,1
image,1
intensive,1
peasant,1
ashmore,1
underlying,1
producers,1
fortifications,1
elevated,1
methodist,1
house,1
frequently,1
reviewed,1
threat,1
upper,1
ecofact,1
show,1
sus,1
commonly,1
underwater,1
benavides,1
textile,1
powerful,1
connecting,1
dimensions,1
modeled,1
ornament,1
random,1
problems,1
copanquirigua,1
brito,1
reconsideration,1
method,1
vázquez,1
spouted,1
projected,1
providing,1
decades,1
management,1
cut,1
differently,1
appear,1
dispersion,1
dependency,1
editing,1
conflicts,1
iconography,1
gutierrez,1
charcoal,1
closely,1
complications,1
corridors,1
harbor,1
acknowledgments,1
kingship,1
color,1
midden,1
behavioral,1
seven,1
iconographie,1
estudios,1
shared,1
her,1
invested,1
luxury,1
configuration,1
conjectural,1
vigorous,1
initial,1
milpa,1
struggles,1
term,1
outset,1
equivalencies,1
neighboring,1
standardized,1
traits,1
informed,1
equal,1
focused,1
caves,1
profited,1
redirect,1
skilled,1
keywords,1
mediated,1
indirect,1
burial,1
viewed,1
mayapán,1
cannot,1
promise,1
excellent,1
fish,1
safe,1
however,1
nw,1
marshall,1
subsistence,1
explain,1
required,1
numerous,1
copal,1
zeitlin,1
cereh,1
exert,1
shape,1
provincial,1
guerrero,1
pedro,1
spheres,1
crushed,1
distinguish,1
clásico,1
accounting,1
seminal,1
schreiber,1
mul,1
bc,1
received,1
imports,1
specialpurpose,1
nearest,1
reader,1
prized,1
tens,1
cleaning,1
apparent,1
tombs,1
overlay,1
related,1
thatched,1
gender,1
periodicity,1
plattner,1
dynasties,1
gave,1
politica,1
discussions,1
intermediate,1
refined,1
roadway,1
editorial,1
mcneil,1
postulated,1
issues,1
climatic,1
records,1
perimeters,1
statistics,1
irving,1
dog,1
call,1
lifeways,1
away,1
employed,1
comestible,1
systematic,1
showing,1
deeply,1
stanford,1
status,1
withstand,1
fancier,1
dominguez,1
polity,1
trends,1
carey,1
lithics,1
attributed,1
lambergkarlo,1
culbert,1
sourcebook,1
numerically,1
monetary,1
prices,1
pluckhahn,1
aided,1
picture,1
published,1
submergence,1
strict,1
sense,1
viable,1
successful,1
huexotla,1
distances,1
dictionary,1
tested,1
speculations,1
canoe,1
protein,1
homogenous,1
contrast,1
stiver,1
feasts,1
tulum,1
lords,1
emerging,1
event,1
involved,1
ethnologist,1
cancuen,1
autonomy,1
influence,1
sufficient,1
coleccion,1
florentine,1
denotes,1
reported,1
decline,1
protect,1
distinguished,1
ancestral,1
competed,1
tended,1
always,1
visible,1
chauacha,1
minor,1
loci,1
results,1
coe,1
huit,1
roots,1
provenance,1
incidental,1
beverages,1
valuable,1
dictated,1
promising,1
fiber,1
seemed,1
input,1
spare,1
garnered,1
comparisons,1
south,1
а,1
activation,1
spirituality,1
llc,1
ana,1
business,1
arrangement,1
imaging,1
hegemony,1
colón,1
binds,1
sounding,1
functioning,1
mayateotihuacan,1
impacts,1
energetics,1
cientifica,1
short,1
synthesis,1
service,1
jeffery,1
intended,1
return,1
wait,1
brief,1
procured,1
interdependence,1
albany,1
lothrop,1
reorganization,1
mansell,1
suburban,1
housework,1
elusive,1
tor,1
currency,1
comments,1
experiences,1
standing,1
builders,1
backdrop,1
seemingly,1
direction,1
xicalango,1
postulate,1
chronicle,1
mayab,1
codirect,1
turmoil,1
selling,1
flake,1
reference,1
describe,1
ethnographers,1
tollans,1
revisiting,1
suited,1
makes,1
serve,1
soon,1
rain,1
ring,1
straus,1
columbus,1
god,1
phosphorus,1
cerritos,1
termination,1
vlcek,1
boundary,1
favorable,1
elizabeth,1
shook,1
puzzle,1
turtles,1
cachi,1
greengold,1
planned,1
bind,1
resistance,1
choices,1
generally,1
dialectical,1
ed,1
nine,1
demonstrates,1
thorny,1
responsive,1
indian,1
cuello,1
macrofloral,1
costs,1
insights,1
illustrated,1
qualified,1
reliance,1
begins,1
warranted,1
walkway,1
twin,1
devolution,1
awe,1
sector,1
sistema,1
jon,1
enclaves,1
seasonally,1
organizations,1
resolution,1
multidirectional,1
pulltrouser,1
houselots,1
untested,1
marketless,1
segments,1
heritage,1
book,1
participated,1
runs,1
mentions,1
toward,1
pointed,1
knowing,1
grube,1
varies,1
ask,1
wetlands,1
added,1
summits,1
missing,1
efforts,1
locational,1
lack,1
idea,1
marker,1
preserve,1
fundamental,1
multicrafting,1
foods,1
materialization,1
instituto,1
rugged,1
petexbatun,1
medium,1
crop,1
relación,1
reasoning,1
really,1
practical,1
john,1
scudder,1
end,1
sturdy,1
golden,1
pennsylvania,1
fragments,1
external,1
never,1
bulky,1
luum,1
adjacent,1
remarkable,1
innovative,1
orderly,1
oregon,1
relevant,1
renaissance,1
less,1
answer,1
vertical,1
irwin,1
hassig,1
ahead,1
politic,1
laden,1
norms,1
fieldwork,1
nueva,1
pendergast,1
sotuta,1
distance,1
style,1
paso,1
wood,1
harbottle,1
encountered,1
regionally,1
ecology,1
boat,1
barrett,1
redfield,1
remained,1
meurer,1
remove,1
equally,1
interpreting,1
simon,1
commercialized,1
credit,1
analyzed,1
classes,1
greatest,1
lauren,1
conform,1
implicaciones,1
meaningful,1
vast,1
discussion,1
churches,1
disease,1
influences,1
background,1
discovery,1
brady,1
incidents,1
òurvey,1
desert,1
cackler,1
económico,1
tlatelolco,1
concurrent,1
manufactured,1
mesoamericana,1
looking,1
encouraged,1
triadic,1
cottonseeds,1
rivers,1
macroregional,1
exciting,1
cottonseed,1
ideas,1
reservoirs,1
actual,1
circumstance,1
recovery,1
real,1
individuals,1
examination,1
kaan,1
overlap,1
write,1
paraiso,1
multipurpose,1
california,1
cultura,1
perimeter,1
significance,1
explorations,1
stelae,1
mayan,1
loosely,1
historic,1
visualization,1
hampered,1
express,1
carnival,1
obtaining,1
revolve,1
heart,1
counter,1
staple,1
christopher,1
times,1
methodological,1
defensive,1
reviewers,1
crushing,1
ny,1
spread,1
transshipment,1
plant,1
him,1
cache,1
pacbitun,1
stages,1
filled,1
kept,1
proximity,1
connects,1
kabah,1
fancy,1
black,1
standard,1
legacy,1
quick,1
roofs,1
mexica,1
facing,1
queen,1
article,1
mariners,1
mathews,1
vásquez,1
toledo,1
parallel,1
evolutionary,1
constructing,1
bernadette,1
mesas,1
become,1
relation,1
specialize,1
interpretations,1
ann,1
acquire,1
monographs,1
january,1
artisans,1
capitalism,1
implication,1
slightly,1
pathway,1
locales,1
workshop,1
occupied,1
caution,1
ago,1
modifications,1
sociopolitical,1
propose,1
specialty,1
convincingly,1
yucatec,1
widely,1
remo,1
species,1
decision,1
metrics,1
bastarrachea,1
carried,1
indication,1
quauhtemallan,1
veracruz,1
discussing,1
relationship,1
abundance,1
kowalski,1
today,1
particular,1
mercado,1
she,1
movements,1
yaxha,1
bulk,1
ecological,1
continue,1
linda,1
foreign,1
contestation,1
outsiders,1
censers,1
vision,1
testing,1
bound,1
appropriative,1
spindle,1
flowed,1
conch,1
category,1
inside,1
lines,1
firing,1
fewer,1
leslie,1
class,1
primarily,1
nexus,1
referred,1
avenues,1
success,1
miksicek,1
deposit,1
axe,1
ideologia,1
determined,1
effectively,1
dirt,1
visual,1
parsons,1
determination,1
markers,1
importantly,1
clays,1
contribution,1
hinterlands,1
remaining,1
recognize,1
try,1
length,1
traveled,1
payment,1
regionalism,1
efficiency,1
fe,1
kings,1
stratified,1
composed,1
fields,1
mirror,1
combines,1
dana,1
problematic,1
gathered,1
bergin,1
susan,1
chen,1
beans,1
forest,1
earliest,1
addressed,1
detail,1
nacional,1
multidisciplinary,1
anawalt,1
sections,1
guatemalan,1
backcountry,1
baseline,1
extrapolate,1
rarely,1
panama,1
reviewing,1
prehistory,1
comes,1
series,1
homogeneity,1
focusing,1
mitchell,1
mercantile,1
extending,1
manual,1
scheie,1
economically,1
detect,1
reinforced,1
temporal,1
discrete,1
costin,1
dualistic,1
diets,1
temple,1
exposes,1
text,1
sourcing,1
geoarchaeology,1
bright,1
integrative,1
why,1
berkeley,1
dimension,1
natural,1
retained,1
cm,1
bowdoin,1
chapman,1
compelled,1
attribute,1
assumed,1
contained,1
connection,1
exploration,1
board,1
lagoon,1
flowing,1
unknown,1
contextual,1
accommodate,1
ph,1
half,1
cafetal,1
lodgings,1
allied,1
ideological,1
vibrant,1
er,1
rely,1
taube,1
hundred,1
cultivation,1
cities,1
explicitly,1
driven,1
sierra,1
petexbatún,1
living,1
merely,1
flintknapper,1
according,1
darcie,1
cycles,1
hidden,1
notable,1
muyil,1
offering,1
list,1
plants,1
varying,1
independently,1
nearby,1
pech,1
proven,1
antropología,1
angela,1
ethnography,1
consisting,1
aftermaths,1
densities,1
repetitive,1
foundations,1
array,1
ethno,1
sosa,1
almost,1
minimal,1
suggests,1
tracks,1
ideal,1
inability,1
contain,1
sleigh,1
spaces,1
hurst,1
outline,1
trees,1
severely,1
trivial,1
code,1
met,1
attached,1
outlying,1
kin,1
standoff,1
exhibit,1
alternatives,1
confirm,1
verification,1
constricted,1
easy,1
variability,1
kohunlich,1
techniques,1
reappraisal,1
stair,1
territory,1
plainer,1
finish,1
pests,1
merchant,1
antigua,1
ranks,1
families,1
phenomenon,1
challenges,1
indians,1
maintained,1
isolated,1
aspect,1
think,1
varied,1
sparked,1
prepared,1
analysts,1
question,1
intercultural,1
fred,1
undecorated,1
soft,1
spring,1
ceren,1
conducive,1
survival,1
turkey,1
argument,1
sever,1
zones,1
crumley,1
neutron,1
decrease,1
protohistoric,1
recovering,1
cemented,1
aware,1
geoarchaeological,1
dangerous,1
documentation,1
course,1
insight,1
instead,1
richard,1
fauna,1
define,1
eggs,1
socially,1
green,1
ciudad,1
finds,1
attributes,1
rissa,1
programme,1
limitations,1
tobacco,1
oversaw,1
peripheries,1
fluctuate,1
mountain,1
microdebitage,1
roughly,1
critiqued,1
anonymous,1
placencia,1
censor,1
territories,1
spines,1
removed,1
sahagun,1
regularity,1
lentz,1
themselves,1
painted,1
peripatetic,1
variations,1
consisted,1
cook,1
obligation,1
sits,1
pool,1
partial,1
dibble,1
defines,1
substantial,1
traditional,1
sagebiel,1
uk,1
celestial,1
observed,1
ballcourts,1
dos,1
nahuatl,1
conversations,1
indicating,1
ca,1
showed,1
termed,1
fortuitous,1
wilk,1
heterogeneous,1
hypothesis,1
