WORDCOUNTS,WEIGHT
of,834
and,654
the,616
in,475
to,309
a,280
ceramic,224
that,125
is,118
as,112
for,106
pottery,103
pp,101
p,100
be,89
on,84
or,81
archaeological,77
from,71
m,69
r,68
production,67
with,62
are,62
have,62
this,61
an,60
j,55
analysis,55
it,54
by,54
et,48
these,48
university,48
has,46
archaeology,45
studies,44
i,44
compositional,44
c,44
been,43
american,42
theory,42
ceramics,41
recent,41
more,40
w,38
not,37
research,36
at,35
journal,34
standardization,33
some,32
l,32
data,32
new,32
s,30
other,30
g,30
but,30
d,30
archaeologists,29
which,29
chemical,29
such,28
study,28
e,27
no,27
prehistoric,27
materials,27
b,26
can,26
antiquity,26
analyses,25
may,25
k,25
one,24
their,24
there,23
british,23
between,23
into,22
rice,22
variability,22
among,22
ethnoarchaeological,21
h,21
characterization,21
they,20
approaches,20
process,20
t,20
also,20
use,20
we,20
questions,19
o,18
vol,18
most,18
approach,18
technology,18
issues,18
social,18
clays,18
than,17
method,17
field,17
f,16
de,16
site,16
about,16
two,16
were,16
them,16
vessels,16
need,16
all,15
was,15
specialization,15
raw,15
color,15
many,15
processes,15
anthropological,15
material,15
role,15
clay,14
could,14
used,14
anthropology,14
different,14
case,13
well,13
several,13
economic,13
experimental,13
efforts,13
craft,13
science,13
both,13
little,13
rather,12
museum,12
observations,12
its,12
ancient,12
pastes,12
analytical,12
model,12
see,12
methods,12
comparison,12
sherds,12
through,12
models,12
arnold,12
complex,11
behavior,11
might,11
interest,11
how,11
mrs,11
developments,11
when,11
will,11
discussion,11
cambridge,11
current,11
historical,11
anna,11
art,11
press,11
world,11
arizona,11
found,10
those,10
review,10
legacy,10
archaeometry,10
prehistory,10
my,10
out,10
cultural,10
related,10
bishop,10
culture,10
only,10
simulation,10
variation,10
another,10
symposium,10
measurements,10
temper,10
researchers,10
techniques,10
question,10
effects,10
early,10
should,10
state,9
within,9
papers,9
occasional,9
ability,9
similar,9
firing,9
plenum,9
because,9
work,9
methodological,9
toward,9
ecology,9
individual,9
so,9
earlier,9
investigations,9
primarily,9
series,9
what,9
whether,9
problem,9
manufacturing,9
attributes,9
concern,8
modern,8
diversity,8
human,8
relatively,8
concerning,8
levels,8
kilns,8
organization,8
international,8
literature,8
whole,8
change,8
petrology,8
still,8
interpretation,8
time,8
perhaps,8
degree,8
products,8
period,8
problems,8
applications,8
although,8
integrated,8
technological,8
broader,8
if,7
large,7
contexts,7
being,7
composition,7
design,7
point,7
pétrographie,7
uniformity,7
single,7
distribution,7
mexico,7
contributions,7
changes,7
n,7
had,7
recently,7
scale,7
ot,7
example,7
mathematical,7
dimensional,7
perspectives,7
same,7
regional,7
do,7
assemblage,7
number,7
made,7
including,7
samples,7
findings,7
authors,7
general,7
attention,7
la,7
provide,7
order,7
ethnoarchaeology,7
over,7
seem,7
past,7
terms,7
our,7
formation,7
assemblages,7
valley,7
measures,6
pots,6
highland,6
labor,6
southwestern,6
consumer,6
publications,6
even,6
van,6
developed,6
origins,6
important,6
term,6
technical,6
concept,6
concerns,6
pot,6
south,6
integrating,6
demand,6
various,6
make,6
guatemala,6
bar,6
technique,6
contemporary,6
considerable,6
validity,6
laboratory,6
theoretical,6
three,6
publication,6
like,6
separate,6
issue,6
sections,6
any,6
intensification,6
quantitative,6
set,6
specialized,6
include,6
vessel,6
given,6
stylistic,5
functional,5
determine,5
source,5
sources,5
implications,5
address,5
seems,5
together,5
radiography,5
westview,5
fine,5
household,5
sand,5
development,5
perspective,5
quantifying,5
find,5
paste,5
york,5
neff,5
numbers,5
impact,5
reviewed,5
beyond,5
generally,5
greater,5
procedures,5
los,5
during,5
inferences,5
chemistry,5
least,5
quantification,5
tempering,5
up,5
results,5
appropriate,5
units,5
identified,5
yet,5
us,5
present,5
volume,5
lack,5
areas,5
discussed,5
anthropologist,5
less,5
style,5
interpreting,5
meaningful,5
region,5
varying,5
archaeomaterials,5
dating,5
especially,5
would,5
assessing,5
v,5
southwest,5
widely,5
dimensions,5
achieve,5
known,5
advances,5
better,5
size,5
tempers,5
evidence,5
specific,5
now,4
groups,4
introduction,4
identify,4
largely,4
history,4
hence,4
roman,4
neolithic,4
ourselves,4
experiments,4
broken,4
bargielski,4
differences,4
survey,4
china,4
context,4
ethnoarchaeologists,4
anthropologists,4
possible,4
neutron,4
central,4
phase,4
since,4
hierarchy,4
characteristic,4
topic,4
distinct,4
elements,4
old,4
wares,4
oxford,4
y,4
critique,4
influence,4
his,4
explicit,4
arrangements,4
evolution,4
statistical,4
producers,4
potters,4
commonly,4
surface,4
notions,4
comparisons,4
consequence,4
view,4
based,4
physicochemical,4
access,4
events,4
late,4
far,4
record,4
received,4
part,4
reduction,4
description,4
discussions,4
artifact,4
own,4
trends,4
always,4
provenance,4
am,4
activation,4
ana,4
second,4
matter,4
variety,4
comments,4
southeast,4
vs,4
al,4
department,4
noted,4
cerámica,4
useful,4
critiques,4
added,4
choice,4
continuing,4
until,4
necessary,4
maya,4
analyzed,4
transformations,4
refers,4
real,4
anasazi,4
compositions,4
directed,4
amounts,4
exchange,4
systems,4
interpretations,4
effect,4
northern,4
tendency,4
increasing,4
carried,4
me,4
americanist,4
begin,4
who,4
attempted,4
seen,4
why,4
articles,4
blackman,4
rarely,4
ethnological,4
here,4
highly,4
natural,4
sampling,4
very,4
investigation,4
making,4
while,4
information,4
assumptions,4
measure,4
kiln,4
come,4
observation,4
potential,4
element,4
entire,4
much,4
north,4
ca,4
phrased,3
way,3
comparability,3
significant,3
kinds,3
ways,3
easily,3
western,3
necessarily,3
first,3
specifically,3
concerned,3
ii,3
taken,3
attempt,3
analogies,3
nature,3
assess,3
great,3
styles,3
integrate,3
fractions,3
concepts,3
system,3
geochemical,3
east,3
primary,3
reanalysis,3
west,3
apart,3
correlation,3
measurement,3
goal,3
thus,3
electron,3
accuracy,3
estimating,3
concentrations,3
petrography,3
application,3
jr,3
turn,3
mixed,3
refer,3
back,3
differently,3
compared,3
levigation,3
storage,3
explore,3
pueblo,3
nieves,3
simplistic,3
interesting,3
bring,3
proceedings,3
en,3
river,3
clearly,3
peru,3
answers,3
stoltman,3
italics,3
processing,3
standards,3
result,3
identifying,3
erosion,3
effort,3
complete,3
cypriot,3
elemental,3
focused,3
simple,3
produced,3
thin,3
near,3
possibility,3
aspects,3
sites,3
basis,3
future,3
already,3
del,3
proportions,3
indigenous,3
comment,3
constitute,3
actually,3
call,3
employed,3
systematic,3
status,3
excavated,3
computer,3
presented,3
working,3
typically,3
quite,3
long,3
few,3
mixing,3
optical,3
annual,3
using,3
provided,3
led,3
scientific,3
comparative,3
subject,3
classic,3
registered,3
selection,3
potsherds,3
kalinga,3
choices,3
ethnographic,3
increasingly,3
chemically,3
others,3
academy,3
decorative,3
water,3
fact,3
attempting,3
larger,3
debates,3
pennsylvania,3
removal,3
forms,3
patterns,3
chroma,3
where,3
existing,3
answer,3
practice,3
local,3
original,3
grouping,3
understanding,3
producción,3
examples,3
formal,3
manufactured,3
actual,3
continue,3
examination,3
rands,3
theories,3
trade,3
clear,3
sherd,3
conclusions,3
topics,3
structure,3
probably,3
spain,3
workshop,3
ago,3
factors,3
longacre,3
fairly,3
test,3
life,3
often,3
hierarchical,3
respect,3
investigate,3
affect,3
addressed,3
heavy,3
then,3
associated,3
complexity,3
complexes,3
bronze,3
temple,3
organizational,3
encoded,3
geoarchaeology,3
minerals,3
easy,3
cultures,3
worth,3
india,3
sizes,3
domestic,3
iii,3
munsell,3
section,3
person,3
beginning,3
spatial,3
cooking,3
explored,3
orientations,3
suggests,3
bey,3
level,3
age,3
multiple,3
african,3
tried,3
step,3
arguments,3
colonial,3
qualitative,3
producer,3
tell,3
years,3
illinois,3
numerous,3
salt,3
manufacture,3
product,3
involving,3
area,3
measured,3
remains,3
focus,3
potteiy,3
inka,2
along,2
generalization,2
meaning,2
commentary,2
strategy,2
correlations,2
created,2
represent,2
does,2
expedition,2
group,2
mesoamerica,2
dc,2
tend,2
true,2
mexican,2
postprocessual,2
excludes,2
considerations,2
trace,2
position,2
occurred,2
before,2
something,2
absence,2
properties,2
women,2
themes,2
indexes,2
fraction,2
either,2
concentrated,2
anomalies,2
allow,2
skills,2
sobering,2
able,2
sociopolitical,2
reading,2
somewhat,2
dd,2
rethinking,2
seminar,2
documenting,2
side,2
sieving,2
behavioral,2
key,2
bases,2
mass,2
analytically,2
microscopy,2
prior,2
determined,2
activity,2
prehispanic,2
explorations,2
alone,2
variations,2
conceptual,2
resources,2
quantity,2
engage,2
evaluating,2
abrasion,2
exist,2
chapters,2
relationships,2
dobres,2
objective,2
author,2
reminding,2
excavations,2
archaeometrists,2
century,2
basil,2
forced,2
freestone,2
reluctance,2
profound,2
response,2
further,2
graphically,2
truly,2
overarching,2
geological,2
tecnología,2
propositions,2
resultant,2
acknowledge,2
rates,2
informative,2
attribution,2
operation,2
gaining,2
via,2
simultaneously,2
americans,2
adequate,2
identification,2
edited,2
act,2
coastal,2
notion,2
whiteware,2
dp,2
direct,2
balanced,2
parts,2
consuming,2
white,2
productive,2
addressing,2
means,2
reason,2
understand,2
plus,2
occupational,2
image,2
presumably,2
traces,2
mixtures,2
orientation,2
four,2
recovered,2
topping,2
silt,2
archaeomagnetic,2
providing,2
appear,2
dispersion,2
numerical,2
assessments,2
agenda,2
lowland,2
societies,2
inherent,2
basin,2
search,2
called,2
strength,2
treatments,2
demands,2
mesoamerican,2
noting,2
luxury,2
prehispánica,2
academic,2
reasons,2
standardized,2
bp,2
reviews,2
applied,2
universidad,2
produce,2
shepard,2
wide,2
improve,2
provincial,2
degrees,2
bc,2
scope,2
carry,2
fired,2
calls,2
italy,2
gender,2
subregion,2
generalizing,2
database,2
place,2
records,2
inclusions,2
fabric,2
away,2
interpreted,2
subtle,2
published,2
interregional,2
ratios,2
sense,2
successful,2
suggest,2
contrast,2
cope,2
mediterranean,2
exclude,2
event,2
around,2
mineral,2
ignore,2
smithsonian,2
revealing,2
components,2
presence,2
purification,2
necessity,2
notes,2
value,2
massive,2
promising,2
society,2
critical,2
he,2
investigating,2
trampling,2
zubrow,2
service,2
limited,2
exception,2
etc,2
elusive,2
whatever,2
above,2
longitudinal,2
southern,2
ware,2
metric,2
communities,2
continuity,2
under,2
fifth,2
quantify,2
organización,2
index,2
prehistorians,2
resounding,2
industrial,2
insights,2
aspect,2
power,2
conceived,2
demographic,2
unifying,2
admit,2
consideration,2
treatment,2
scholars,2
niwot,2
creative,2
wasters,2
batán,2
diverse,2
conceptualized,2
el,2
católica,2
distributions,2
behind,2
hand,2
learn,2
operating,2
selectionism,2
developing,2
coarse,2
dolni,2
forth,2
native,2
reconstructing,2
manuals,2
explicitly,2
locations,2
harbottle,2
calculation,2
mills,2
demonstrated,2
empirically,2
technologies,2
exploring,2
comprise,2
upon,2
range,2
limitations,2
detailed,2
arbitrarily,2
elite,2
unfortunately,2
causes,2
ideas,2
variables,2
full,2
advantages,2
contribution,2
adding,2
co,2
held,2
times,2
socioeconomics,2
syria,2
high,2
played,2
distinction,2
disjunctions,2
standard,2
favored,2
comparing,2
article,2
monographs,2
analyze,2
versus,2
institution,2
division,2
tula,2
european,2
tests,2
groupings,2
characteristics,2
raise,2
note,2
continued,2
mixture,2
naturally,2
testing,2
practitioners,2
coauthor,2
andean,2
collections,2
weimer,2
plumbate,2
visual,2
extremely,2
arts,2
iowa,2
interpretive,2
wanka,2
matters,2
claims,2
environment,2
abandonment,2
variable,2
believed,2
reviewing,2
sorting,2
changing,2
homogeneity,2
extensive,2
painting,2
confounding,2
soil,2
potter,2
physical,2
narrowly,2
ceramicists,2
alternative,2
colorado,2
know,2
each,2
readily,2
paper,2
interested,2
fabrication,2
attractiveness,2
counting,2
obviously,2
selectionist,2
porcelain,2
build,2
distinctive,2
experimentally,2
works,2
phd,2
according,2
explanations,2
carefully,2
references,2
cause,2
particular,2
dedicated,2
emphasis,2
categories,2
des,2
middle,2
popular,2
conference,2
socioeconomic,2
must,2
ill,2
thereby,2
conclude,2
uniform,2
preferable,2
reconstruct,2
phenomenon,2
goals,2
postcolonial,2
varied,2
analysts,2
charts,2
finding,2
temperature,2
morphological,2
accept,2
publishing,2
approachable,2
americas,2
specialists,2
unified,2
states,2
colleagues,2
defined,2
forming,2
grapple,2
pontificia,2
roles,2
needs,2
carr,2
modeling,2
pertain,2
schiffer,2
distinctions,2
chicago,2
debate,2
create,2
substantial,2
seek,2
comparable,2
meeting,2
showed,2
major,2
occur,2
hypothesis,2
semiquantitative,1
final,1
bilans,1
resolve,1
difficult,1
go,1
petrographers,1
modelling,1
dictating,1
orton,1
formulated,1
done,1
symmetry,1
vor,1
oriented,1
differentiability,1
deptford,1
horizontal,1
common,1
blanket,1
avoiding,1
decreasing,1
medieval,1
productiondistribution,1
unpleasant,1
separated,1
franken,1
everyone,1
market,1
antitypology,1
affected,1
tuscaloosa,1
environmental,1
resulted,1
northeast,1
math,1
magnetic,1
noun,1
durante,1
wheelmade,1
utility,1
distributed,1
conversion,1
registering,1
needed,1
burton,1
ternary,1
cyprus,1
investigators,1
rethink,1
agency,1
fate,1
effective,1
elaborated,1
properly,1
enhance,1
conversant,1
designed,1
formed,1
remind,1
likely,1
authority,1
picking,1
english,1
continent,1
flashier,1
shy,1
irrespective,1
paradigms,1
imaging,1
discriminate,1
ardent,1
realities,1
muriseli,1
decade,1
collection,1
tempered,1
resurgence,1
potentials,1
excavation,1
organic,1
inequality,1
aversion,1
stretches,1
antebellum,1
remedy,1
viewpoints,1
arguing,1
grumblings,1
chief,1
descriptions,1
sequential,1
mimbres,1
typologically,1
practices,1
intentions,1
hohokam,1
negative,1
formalize,1
experience,1
fluctuations,1
said,1
appealingly,1
anything,1
sit,1
aside,1
gap,1
complements,1
explaining,1
permit,1
includes,1
revisited,1
embraced,1
certainly,1
voices,1
bronitsky,1
exaggerated,1
rearticulation,1
originally,1
fund,1
colors,1
ninth,1
culturally,1
feeling,1
shedard,1
disturbance,1
season,1
tester,1
progression,1
humans,1
utilization,1
rare,1
downplay,1
action,1
advanced,1
freely,1
england,1
binocular,1
stack,1
heated,1
georgia,1
best,1
hoffman,1
possibilities,1
reach,1
leiden,1
available,1
capitalist,1
tradition,1
advantage,1
assertion,1
suggesting,1
accompanied,1
featuring,1
conditions,1
battery,1
formativo,1
ethnocentrically,1
origin,1
radiocarbon,1
follows,1
interanalyst,1
link,1
substantive,1
reveal,1
mississippi,1
procedure,1
reiteration,1
carnegie,1
take,1
reproduction,1
subsequent,1
achieved,1
redundantly,1
confers,1
last,1
tiy,1
intuitive,1
mind,1
date,1
replicated,1
stand,1
principal,1
wet,1
opposite,1
complicated,1
commercially,1
pertains,1
relations,1
threshold,1
visibility,1
worldwide,1
designs,1
ad,1
depends,1
evaluation,1
dearth,1
suspect,1
reconstruction,1
attacked,1
nn,1
formulation,1
modify,1
task,1
immerse,1
repercussions,1
standardizing,1
incorporate,1
sexual,1
geophysical,1
apple,1
fijian,1
reminder,1
account,1
quantities,1
red,1
format,1
felt,1
brings,1
capable,1
marked,1
bioscience,1
stance,1
thessalie,1
sixteenth,1
fl,1
securely,1
facilitating,1
reply,1
soils,1
vaguely,1
sieved,1
feinman,1
powers,1
functions,1
alter,1
bibliography,1
taxation,1
consumers,1
mastery,1
symbolic,1
combination,1
desired,1
say,1
except,1
reflecting,1
privileged,1
x,1
decoding,1
treating,1
flatly,1
selecting,1
advocating,1
fluorescence,1
realistic,1
establishes,1
iormauon,1
creatively,1
representing,1
message,1
inexpensive,1
eroded,1
handbuilt,1
tied,1
explanatory,1
unrecognized,1
separating,1
cursory,1
reconstructiton,1
estimations,1
gravity,1
usage,1
repeatedly,1
closes,1
frequencies,1
subsume,1
royal,1
ronald,1
differential,1
icp,1
curated,1
explained,1
eventual,1
component,1
mine,1
grainsize,1
dynamics,1
quality,1
intractable,1
pursue,1
pilot,1
medical,1
against,1
analyzing,1
initially,1
muscle,1
tables,1
spectrophotometry,1
heeding,1
condemnation,1
bridging,1
regarded,1
domain,1
adopted,1
raises,1
enjoying,1
heightened,1
tucson,1
realization,1
fabrics,1
dubbed,1
preparation,1
seeming,1
tripartite,1
overly,1
z,1
learning,1
interprets,1
kind,1
exercise,1
norte,1
progressive,1
refired,1
quinze,1
nor,1
items,1
clark,1
glory,1
canal,1
burgeoning,1
longsnan,1
antropológicas,1
amount,1
body,1
researching,1
output,1
gushing,1
understood,1
apr,1
left,1
third,1
estimate,1
snipe,1
semantic,1
drawn,1
suitability,1
multifaceted,1
grouped,1
percentage,1
buttressed,1
instruments,1
look,1
bennett,1
vice,1
tentatively,1
oversimplify,1
qin,1
deeply,1
perplexing,1
hornos,1
longterm,1
tableware,1
recherches,1
urgent,1
unabridged,1
implementation,1
critiquing,1
kenyon,1
trom,1
readable,1
petrofabric,1
sluggish,1
let,1
costa,1
alabama,1
employ,1
affiliations,1
mechanisms,1
rights,1
civilization,1
assessed,1
steps,1
opposed,1
siteor,1
rooted,1
colour,1
sample,1
sue,1
avoids,1
recognized,1
sizing,1
expected,1
acid,1
dilemma,1
sets,1
sands,1
growth,1
summaries,1
performance,1
behaviorally,1
angeles,1
remain,1
edward,1
retrodicted,1
unit,1
reference,1
realistically,1
presentation,1
subsistence,1
bantu,1
particle,1
represented,1
opportunity,1
determining,1
titled,1
after,1
eight,1
ponder,1
certain,1
hamer,1
ongoing,1
implicates,1
special,1
lacking,1
arbor,1
selected,1
blurring,1
appropriateness,1
limitation,1
feel,1
awareness,1
clarification,1
dismiss,1
consequences,1
paleolithic,1
space,1
plog,1
compilation,1
shell,1
webster,1
modified,1
rising,1
factoring,1
solutions,1
category,1
microscope,1
adige,1
interlaboratory,1
consider,1
objects,1
established,1
vestonice,1
retained,1
intensive,1
normalisation,1
organized,1
calahorra,1
obdurate,1
lima,1
duke,1
latin,1
specify,1
sum,1
elsewhere,1
proposed,1
reexamination,1
articulated,1
house,1
concoct,1
clustering,1
northeastern,1
instrument,1
characterizations,1
accessibility,1
argued,1
inspiration,1
profile,1
upper,1
pullman,1
menu,1
retrospective,1
operate,1
resource,1
additional,1
millennium,1
curbing,1
bizarrely,1
linkage,1
defines,1
stark,1
patterning,1
requires,1
painted,1
instance,1
archeological,1
strenuously,1
care,1
projected,1
films,1
provisional,1
uncritically,1
faced,1
decades,1
methodology,1
perceive,1
reflections,1
abusive,1
macroscopic,1
honduras,1
experimentation,1
diachronic,1
expressed,1
leaps,1
microprobe,1
closely,1
came,1
exiraciion,1
herald,1
comprises,1
introduce,1
affiliated,1
complications,1
concentration,1
location,1
avenue,1
appearance,1
africans,1
conservative,1
plot,1
nagging,1
typical,1
inappropriate,1
impressionistic,1
ambiguity,1
missouri,1
objectives,1
deal,1
reopened,1
reiterate,1
depletion,1
viking,1
emerge,1
syrian,1
percentages,1
feasibility,1
initial,1
attained,1
ethnohistorical,1
none,1
frustrations,1
evaluate,1
circulation,1
bemoaned,1
fourth,1
orthopyroxene,1
ann,1
dimensionally,1
prompt,1
oklahoma,1
traits,1
though,1
buried,1
czechoslovakia,1
indirect,1
agreements,1
kahnga,1
absorption,1
population,1
intensity,1
meet,1
enlightened,1
appearing,1
grounds,1
wealth,1
however,1
absolute,1
explain,1
instrumental,1
required,1
reflexivity,1
comprehension,1
simulations,1
drain,1
james,1
oh,1
huge,1
micromineral,1
expensive,1
alienation,1
enrichment,1
findspots,1
directly,1
keeping,1
having,1
siraugrapny,1
artefacts,1
trial,1
dilemmas,1
distinguish,1
accounting,1
line,1
makers,1
artifacts,1
unabating,1
formerly,1
scatters,1
paraphrase,1
carries,1
contextualized,1
dissatisfaction,1
interface,1
reader,1
hails,1
unless,1
london,1
matrix,1
training,1
denial,1
casa,1
reserve,1
apparent,1
tombs,1
actors,1
journals,1
tune,1
criticized,1
geology,1
restructuring,1
surprise,1
year,1
trenchant,1
overview,1
positing,1
kiva,1
relevance,1
savannah,1
underscored,1
structures,1
statistics,1
ethnographical,1
coaxing,1
patination,1
imi,1
surname,1
gear,1
reflect,1
distributors,1
accord,1
participate,1
project,1
disruptions,1
lange,1
strengths,1
horizon,1
profiles,1
ethnicity,1
polity,1
extirpation,1
towards,1
heuristic,1
refuse,1
perceptively,1
wariness,1
statistically,1
perú,1
closing,1
instituut,1
indicator,1
upheavals,1
hard,1
andes,1
sas,1
wi,1
responsibility,1
questionable,1
administrator,1
shaping,1
unexpected,1
hj,1
dictionary,1
tested,1
modifications,1
coupled,1
indicators,1
physics,1
grass,1
imposition,1
squarely,1
emerging,1
anafa,1
involved,1
hemisphere,1
small,1
enslaved,1
specificity,1
gt,1
devotees,1
transport,1
accomplished,1
empleo,1
replace,1
floating,1
eighth,1
executed,1
acia,1
exigencies,1
comfort,1
invaluable,1
australian,1
levigating,1
choosing,1
vacuum,1
essentially,1
distinguished,1
codes,1
alluvial,1
portions,1
usual,1
houselots,1
reexaminaron,1
differing,1
tended,1
eastern,1
coast,1
lucid,1
visible,1
inability,1
sphericity,1
onceesoteric,1
specializations,1
disagreement,1
integrative,1
distinguishing,1
enormously,1
levigated,1
florida,1
czechoslovakian,1
brookhaven,1
extractable,1
substantially,1
rest,1
enjoy,1
reducing,1
geographical,1
seemed,1
input,1
appeal,1
barbara,1
transforming,1
chronological,1
span,1
flourished,1
analytic,1
voi,1
morphology,1
collaborations,1
highlights,1
approximate,1
verb,1
arrangement,1
proxy,1
characterize,1
recondite,1
advocate,1
attempts,1
shimada,1
keeps,1
polished,1
impacts,1
populations,1
concede,1
licensing,1
alphabetical,1
indeed,1
synthesis,1
provenience,1
expansion,1
motor,1
crete,1
play,1
successes,1
schemes,1
corporation,1
return,1
vanation,1
brief,1
benefiting,1
paralleling,1
reduce,1
projecting,1
formative,1
precolonial,1
judgment,1
presently,1
expanded,1
sarcar,1
manifest,1
sigillata,1
targeted,1
movement,1
unfamiliar,1
trivialize,1
echo,1
surveyed,1
religious,1
innovation,1
microfabrics,1
archaeoloev,1
positive,1
answering,1
engineering,1
relationship,1
inflate,1
hegmon,1
collect,1
competition,1
criticism,1
unprovenienced,1
asiatic,1
relied,1
experiencedsome,1
lagged,1
fair,1
intuitively,1
rindos,1
mailcode,1
elitist,1
abundance,1
residence,1
serve,1
sounds,1
evolved,1
resiliency,1
exposure,1
challenged,1
specifics,1
selective,1
wheelmarks,1
subsuming,1
underestimate,1
unwin,1
industrialized,1
enshrined,1
matson,1
participants,1
watchword,1
breakage,1
planned,1
homogeneous,1
jeopardy,1
continents,1
professor,1
shifting,1
locality,1
experiment,1
robust,1
blakely,1
acknowledging,1
wisconsin,1
provocative,1
reports,1
mejor,1
frameworks,1
stones,1
comparably,1
fill,1
party,1
organizations,1
resolution,1
fire,1
resistance,1
seduced,1
heritage,1
book,1
confound,1
clive,1
stated,1
popularity,1
alleviated,1
think,1
archaeologically,1
renewed,1
approaching,1
europe,1
blinman,1
similarly,1
stripes,1
addition,1
projects,1
missing,1
usefulness,1
crops,1
persuasion,1
incorporates,1
anthrodoloeist,1
causality,1
idea,1
glazes,1
datos,1
conduct,1
canaan,1
relates,1
seasonality,1
yellowjacket,1
proposal,1
agree,1
appeared,1
vestoniçi,1
technoloev,1
grog,1
sourcmg,1
break,1
pacific,1
incorporation,1
atomic,1
surfaces,1
decrying,1
gray,1
curatorial,1
omitted,1
illustrative,1
figurines,1
everything,1
estimation,1
appropriately,1
nuclear,1
imperfect,1
conferred,1
fragments,1
external,1
sullivan,1
chiefdom,1
sayre,1
never,1
readers,1
took,1
throwing,1
likelihood,1
fame,1
paris,1
arisen,1
ground,1
increases,1
shown,1
innovative,1
purposes,1
empire,1
accepted,1
radiographie,1
relevant,1
innovatively,1
michael,1
strategies,1
diy,1
woman,1
belief,1
frequency,1
restrictedness,1
impoverished,1
cogently,1
giascock,1
situation,1
lumping,1
convenient,1
remained,1
petrological,1
hesitate,1
imagine,1
simon,1
fundamentally,1
crown,1
private,1
cingula,1
multistage,1
investment,1
investigated,1
autocritique,1
coherent,1
penned,1
invested,1
observable,1
loftier,1
explanation,1
inbreeding,1
values,1
contours,1
sides,1
trajectory,1
vols,1
robustness,1
provocatively,1
enormous,1
reductionist,1
sufficiently,1
venuses,1
clustered,1
numeric,1
europeans,1
intentionality,1
omit,1
empirical,1
controlling,1
forgivably,1
asian,1
enduring,1
clamor,1
prevailed,1
seriation,1
tel,1
èthnoarchaeological,1
tolerance,1
aesthetics,1
sequence,1
incompatibilities,1
satisfactorily,1
insure,1
assign,1
trend,1
recovery,1
services,1
ethnoarchaeologsts,1
national,1
marys,1
chosen,1
deployed,1
quincentenary,1
alphanumeric,1
cataclysmic,1
improvements,1
rrom,1
netherlands,1
continuities,1
fused,1
cultura,1
low,1
wheel,1
uninformed,1
ams,1
worry,1
meanings,1
mayan,1
laboratories,1
tuvalu,1
potting,1
newsletter,1
calcolatori,1
points,1
revolve,1
logic,1
serious,1
christopher,1
identihcation,1
divisions,1
tubes,1
collaboration,1
atley,1
flood,1
function,1
coarseware,1
untreated,1
features,1
reformulated,1
mines,1
static,1
synchronie,1
inquiring,1
bipartite,1
probable,1
authentication,1
lexique,1
preservation,1
skibo,1
accused,1
bolvmg,1
construct,1
mesopotamia,1
multidisciplinaiy,1
realist,1
examined,1
improving,1
yanamarca,1
spokesperson,1
evolutionary,1
granddaddy,1
mineralogy,1
awakening,1
become,1
tactics,1
nobody,1
intrasite,1
accrue,1
excluded,1
construction,1
enjoyed,1
corners,1
enthusiastically,1
concluding,1
offensive,1
comfortably,1
differ,1
equivalent,1
authorship,1
grain,1
slab,1
relative,1
evaluated,1
caution,1
recurring,1
particularist,1
political,1
dissonance,1
accessory,1
concerted,1
decision,1
postulations,1
compendium,1
pcdéorient,1
nontemper,1
consists,1
asking,1
veracruz,1
buffering,1
para,1
sugerencias,1
imply,1
dolores,1
modification,1
stems,1
diffraction,1
typologie,1
diagrams,1
delhi,1
africa,1
tentative,1
removing,1
coarsest,1
george,1
sometimes,1
elevate,1
ecological,1
domains,1
five,1
foreign,1
dotters,1
generalized,1
ideology,1
claimed,1
palenque,1
vague,1
select,1
ine,1
vertical,1
lines,1
thermal,1
foregoing,1
insufficient,1
widespread,1
bulletin,1
predict,1
disagreements,1
becomes,1
referred,1
army,1
directions,1
translation,1
strongly,1
force,1
volatilization,1
millennia,1
clinopyroxene,1
tneory,1
legitimacy,1
anxiety,1
inadequate,1
paradoxical,1
aorasion,1
linking,1
displaying,1
settled,1
unusual,1
tapped,1
underscores,1
united,1
appraisals,1
polychrome,1
luminaries,1
lip,1
inaa,1
tiber,1
coordination,1
urged,1
atmosphere,1
digitize,1
período,1
grounded,1
face,1
served,1
problematic,1
occupies,1
legitimately,1
conservation,1
earliest,1
manifesting,1
increased,1
hasten,1
differentiated,1
ash,1
glanzman,1
curious,1
resonates,1
takes,1
suite,1
worried,1
lessons,1
singles,1
comes,1
conclusion,1
thessalian,1
analogues,1
circumstances,1
manual,1
predictions,1
demonstrate,1
simply,1
wareor,1
hypothesized,1
qu,1
theme,1
thorium,1
scrutiny,1
precise,1
interact,1
separately,1
explicate,1
spots,1
mixes,1
eleven,1
funding,1
sciences,1
appealing,1
offers,1
inert,1
der,1
minimization,1
methodologically,1
iucson,1
kolb,1
quickly,1
outcome,1
achievable,1
positivist,1
archeologia,1
colonization,1
control,1
dismay,1
books,1
descent,1
shares,1
attribute,1
ratio,1
refinements,1
extraction,1
seriously,1
connection,1
historians,1
sm,1
did,1
incorporating,1
contextual,1
areally,1
pragmatic,1
appendix,1
universal,1
potsherd,1
unsettling,1
returns,1
inquiry,1
foundation,1
particularly,1
conflating,1
praeund,1
rely,1
infer,1
années,1
longstanding,1
benefit,1
inference,1
naco,1
associations,1
cities,1
pfaffenberger,1
meager,1
sierra,1
pour,1
assessment,1
merely,1
evident,1
counterproductive,1
subterranean,1
growing,1
cautions,1
dismissal,1
knows,1
helping,1
sectors,1
mommsen,1
economy,1
answered,1
affirm,1
propensities,1
combined,1
volcanic,1
worthwhile,1
offering,1
nonlocal,1
equilibria,1
ones,1
leilan,1
maintain,1
covers,1
agricultural,1
map,1
signature,1
interval,1
pleased,1
struggling,1
fabricating,1
consisting,1
toe,1
densities,1
prepare,1
prudence,1
consigned,1
differs,1
studying,1
require,1
hypothesize,1
culled,1
smoothing,1
almost,1
u,1
agreed,1
carpathian,1
phenomena,1
memoa,1
incorporated,1
st,1
practical,1
miscellanea,1
nudge,1
remember,1
careful,1
obfuscate,1
wrestle,1
recognition,1
unaided,1
affecting,1
redundant,1
introduced,1
extending,1
monazite,1
despite,1
welcoming,1
collaborated,1
undertaken,1
pecos,1
nortnern,1
hue,1
egyptian,1
adapted,1
substance,1
contribute,1
lab,1
refitted,1
evidenced,1
dispensed,1
representation,1
writing,1
coming,1
assuredly,1
construed,1
precision,1
contrasts,1
subsumed,1
nov,1
analogy,1
named,1
ethnocentric,1
devoted,1
mineraiogical,1
rote,1
ultimately,1
acerbically,1
inclusiveness,1
instructive,1
argument,1
differentiation,1
paneras,1
ordinal,1
difference,1
referenced,1
disposal,1
decrease,1
readings,1
twentieth,1
protohistoric,1
enthnoarchaeological,1
washington,1
pamela,1
wish,1
premature,1
register,1
contributed,1
offer,1
tango,1
instead,1
advantageous,1
disagree,1
correlated,1
cognitive,1
cautionary,1
smaller,1
scalar,1
integration,1
ï,1
variously,1
settling,1
disservice,1
playing,1
seeks,1
measuring,1
indian,1
presenting,1
quartz,1
association,1
definitive,1
roundness,1
summary,1
knapsack,1
caveats,1
endeavors,1
brightness,1
occurring,1
coefficient,1
removed,1
intentional,1
valuable,1
clarify,1
kayenta,1
interdisciplinary,1
themselves,1
levant,1
commodity,1
vary,1
reached,1
obligation,1
pool,1
uranium,1
phillips,1
documentary,1
xeroradiography,1
interaction,1
develop,1
benchmark,1
immediately,1
philippines,1
type,1
virtue,1
building,1
oí,1
southeastern,1
subsumes,1
fauvet,1
classifications,1
close,1
cited,1
tube,1
deeper,1
richly,1
heterogeneous,1
thorough,1
