WORDCOUNTS,WEIGHT
the,1316
of,1203
and,1052
in,747
a,555
to,363
that,293
for,268
from,265
on,205
this,151
at,150
as,150
is,146
j,143
have,143
has,133
were,132
stone,131
lithic,131
with,130
by,125
been,125
an,124
m,114
not,110
technology,107
was,105
these,103
archaeological,98
american,96
analysis,91
are,86
tool,86
pp,86
but,84
obsidian,81
de,80
or,80
be,78
journal,77
research,73
tools,72
et,72
one,71
use,69
points,67
more,67
r,66
it,65
raw,65
they,64
most,64
other,63
which,63
site,62
new,62
p,61
sites,60
material,60
d,60
north,60
studies,57
antiquity,57
their,56
h,55
projectile,54
no,53
procurement,52
l,50
used,50
also,50
some,48
he,48
into,47
than,47
prehistoric,47
middle,47
archaeology,45
such,44
flakes,44
different,43
found,43
materials,43
chert,43
paleolithic,42
la,42
through,42
study,41
techniques,41
s,40
reduction,40
g,40
c,39
production,38
i,37
flake,37
employed,37
end,37
sources,36
late,36
types,36
point,35
among,35
source,34
because,34
blade,34
several,34
two,34
recent,34
k,33
experimental,33
using,33
early,33
debitage,32
technological,32
al,31
another,31
e,30
core,30
levallois,30
science,30
evidence,30
specific,30
blades,29
assemblages,29
t,29
analyses,28
upper,28
artifacts,28
can,28
between,28
w,27
cores,27
flint,27
type,27
bipolar,26
refitting,26
b,26
odell,26
university,25
established,25
rocks,25
field,25
grinding,25
series,25
though,24
its,24
do,24
them,24
near,23
results,23
large,22
experiments,22
plains,22
industries,22
international,22
variability,22
region,22
methods,22
du,21
hunting,21
eastern,21
mass,21
conducted,21
prehistory,21
platform,21
period,21
neolithic,20
within,20
may,20
important,20
experimentation,20
folsom,20
world,20
only,20
assemblage,20
would,20
so,20
who,20
des,20
manufacture,20
southern,19
many,19
technologies,19
made,19
authors,19
america,19
functional,18
all,18
there,18
central,18
data,18
northern,18
during,18
people,18
will,18
implications,18
where,18
mousterian,18
three,18
sourcing,18
very,18
distribution,18
when,18
if,17
groups,17
modern,17
geochemical,17
technique,17
areas,17
arrow,17
any,17
what,17
area,17
being,16
case,16
human,16
compared,16
archaeologist,16
even,16
similar,16
had,16
siliceous,16
work,16
heat,16
small,16
v,16
probably,16
we,16
pieces,16
knapping,16
western,15
development,15
cherts,15
n,15
good,15
tested,15
bulletin,15
same,15
ground,15
understanding,15
processes,15
variables,15
function,15
concluded,15
anthropological,15
geoarchaeology,15
paleoindian,15
hopewell,15
both,15
differences,14
mexico,14
river,14
f,14
produced,14
quarry,14
woodland,14
like,14
visual,14
clovis,14
then,14
those,13
implements,13
his,13
à,13
plenum,13
chipped,13
cultural,13
few,13
industry,13
south,13
stones,13
analytical,13
anthropologist,13
did,13
illinois,13
although,13
difficult,12
edge,12
debris,12
long,12
les,12
applied,12
organization,12
whereas,12
information,12
provided,12
ancient,12
ethnographic,12
model,12
maya,12
demonstrated,12
patterns,12
primarily,12
société,12
formation,12
models,12
effects,12
archaic,12
resources,12
mesoamerica,11
archaeologists,11
might,11
could,11
suggesting,11
system,11
issue,11
fracture,11
old,11
latin,11
resource,11
example,11
further,11
recently,11
française,11
literature,11
préhistorique,11
artifact,11
situation,11
various,11
interpretation,11
under,11
bar,11
time,11
strategies,11
investigated,11
individual,11
applications,11
often,11
over,11
anthropology,11
current,11
whether,11
making,11
way,10
complex,10
lower,10
first,10
together,10
great,10
primary,10
fluorescence,10
southwestern,10
biface,10
identification,10
how,10
sickle,10
universidad,10
antler,10
method,10
suggested,10
characterization,10
le,10
discussed,10
less,10
formal,10
exchange,10
effect,10
availability,10
préhistoire,10
efficiency,10
here,10
spatial,10
local,10
reported,10
ohio,10
became,10
role,10
subject,10
our,10
smaller,10
valley,10
should,10
now,9
associated,9
maize,9
evolution,9
europe,9
principal,9
midcontinental,9
flintknapping,9
camp,9
process,9
impact,9
surface,9
exploitation,9
ann,9
bow,9
well,9
distinguish,9
editorial,9
issues,9
working,9
involved,9
up,9
fluted,9
activities,9
still,9
threshing,9
about,9
useful,9
treatment,9
variation,9
never,9
mississippian,9
general,9
mining,9
southwest,9
discriminating,9
wear,9
axe,9
pt,9
each,9
naa,9
contain,9
size,9
varied,9
analysts,9
years,9
include,9
attributes,9
piece,9
approach,9
major,9
does,8
o,8
later,8
ana,8
xrf,8
arrowheads,8
greater,8
retouched,8
taken,8
nature,8
editions,8
able,8
damage,8
relationships,8
sample,8
perspective,8
amount,8
epa,8
without,8
bifaces,8
proportion,8
just,8
traces,8
frequently,8
show,8
efficient,8
occupation,8
oklahoma,8
piecing,8
caused,8
level,8
breakage,8
toward,8
occurrence,8
number,8
samples,8
dating,8
discovered,8
allowed,8
characterized,8
continued,8
considered,8
specialized,8
particularly,8
question,8
chemical,8
france,8
classification,8
debate,8
problem,7
magnetic,7
kinds,7
dart,7
either,7
secondary,7
prismatic,7
studied,7
last,7
east,7
possible,7
determined,7
pièces,7
shott,7
y,7
van,7
mesolithic,7
developed,7
scrapers,7
museum,7
blanks,7
certain,7
creek,7
means,7
objects,7
age,7
view,7
appear,7
processing,7
based,7
occurred,7
replicative,7
knappers,7
débitage,7
basis,7
concept,7
related,7
projectiles,7
documented,7
least,7
stage,7
around,7
accomplished,7
yielded,7
periods,7
activation,7
variety,7
limited,7
edges,7
nonlocal,7
guatemala,7
longer,7
larger,7
establish,7
distance,7
interpreting,7
discrimination,7
along,7
practiced,7
comparing,7
article,7
systems,7
italy,7
workshop,7
grain,7
european,7
relationship,7
provide,7
understand,7
dans,7
united,7
variable,7
alternative,7
best,7
proven,7
agricultural,7
petrological,7
popular,7
african,7
increased,7
dibble,7
showed,7
possessed,6
common,6
village,6
group,6
bifacial,6
approaches,6
considerations,6
basalt,6
before,6
my,6
sequence,6
definition,6
review,6
achieved,6
continuum,6
burins,6
considerably,6
behavior,6
neutron,6
thus,6
differential,6
relatively,6
mixed,6
employing,6
distinct,6
metates,6
represented,6
percussion,6
derived,6
support,6
decade,6
northeastern,6
four,6
result,6
came,6
basin,6
behavioral,6
record,6
having,6
revealed,6
sickles,6
interpreted,6
settlement,6
texas,6
society,6
morphology,6
san,6
classic,6
fluting,6
us,6
noted,6
present,6
alteration,6
striking,6
surfaces,6
forms,6
hand,6
origin,6
including,6
increase,6
tips,6
resulting,6
trade,6
times,6
monographs,6
versus,6
factors,6
she,6
testing,6
respect,6
sandstone,6
extensive,6
steel,6
known,6
wedges,6
oddi,6
past,6
replication,6
investigation,6
volcanic,6
form,6
particular,6
finished,6
researchers,6
quartzite,6
transition,6
synopsis,6
difference,6
cambridge,6
protohistoric,6
need,6
states,6
involving,6
interaction,6
much,6
facies,6
monographie,6
currently,5
nodule,5
concerned,5
substances,5
created,5
resulted,5
coast,5
determine,5
mountains,5
notched,5
detected,5
davis,5
concentrated,5
attempt,5
utilization,5
england,5
parameters,5
closer,5
subsequent,5
replicated,5
classified,5
heating,5
british,5
side,5
accuracy,5
vol,5
activity,5
obvious,5
far,5
usage,5
labor,5
since,5
application,5
palaeolithic,5
elements,5
levantine,5
effective,5
look,5
weathering,5
interesting,5
unit,5
mean,5
determining,5
changes,5
argued,5
commonly,5
additional,5
position,5
pleistocene,5
wyoming,5
hafted,5
conjoining,5
out,5
explain,5
instrumental,5
shape,5
implement,5
northwest,5
consistent,5
dakota,5
refuse,5
regions,5
flaking,5
expended,5
change,5
workshops,5
highly,5
weapons,5
indenter,5
silicates,5
reduced,5
identified,5
mano,5
light,5
quarries,5
culture,5
insights,5
regional,5
social,5
french,5
cortex,5
rock,5
lack,5
scholars,5
bradbury,5
pretty,5
really,5
break,5
considerable,5
rough,5
manos,5
en,5
shown,5
perhaps,5
original,5
grotta,5
gestes,5
deposits,5
collections,5
thickness,5
manufactured,5
characterizing,5
significant,5
magdalenian,5
conditions,5
questions,5
high,5
stages,5
craft,5
lines,5
mediterranean,5
igneous,5
comparison,5
ever,5
bronze,5
equipment,5
weaponry,5
natural,5
descriptions,5
attribute,5
extraction,5
interested,5
utilized,5
esquillées,5
terms,5
ones,5
recycling,5
produce,5
observations,5
transport,5
despite,5
dorsal,5
belize,5
wild,5
unnotched,5
land,5
glass,5
remains,5
supported,5
lake,5
substantial,5
little,5
southeastern,5
proposed,4
rate,4
indicated,4
northeast,4
red,4
introduction,4
settlements,4
mobility,4
likely,4
angle,4
microliths,4
trace,4
ceremonial,4
history,4
hominid,4
limestone,4
user,4
typological,4
composition,4
emphasized,4
bladelets,4
effort,4
mine,4
right,4
italian,4
denver,4
bottom,4
tests,4
gravity,4
dependence,4
technologie,4
quality,4
interior,4
retooling,4
interest,4
patination,4
facet,4
mechanical,4
higher,4
york,4
whose,4
hughes,4
di,4
mechanics,4
white,4
modified,4
pebble,4
situations,4
exploited,4
desert,4
providing,4
trajectories,4
levant,4
concentration,4
six,4
traditionally,4
habitation,4
changed,4
initial,4
almost,4
glacial,4
term,4
blow,4
intensity,4
cannot,4
expedient,4
criteria,4
aspects,4
trough,4
directly,4
bc,4
shouldered,4
contexts,4
del,4
part,4
ascertain,4
description,4
fit,4
place,4
ontario,4
transported,4
preparation,4
own,4
connections,4
count,4
pelcin,4
suggest,4
contrast,4
recognition,4
multiple,4
reaping,4
kiva,4
distinguishing,4
appropriate,4
am,4
portion,4
microwear,4
tasks,4
theoretical,4
gravettian,4
comment,4
economic,4
islands,4
belgium,4
reconstruction,4
tor,4
make,4
rare,4
ice,4
sledges,4
metric,4
quina,4
yet,4
patterning,4
others,4
pointed,4
flat,4
spear,4
reasons,4
enough,4
adjacent,4
intersite,4
tne,4
relevant,4
until,4
hides,4
controversy,4
xiii,4
simple,4
examples,4
pétrographie,4
emphasize,4
factor,4
congress,4
lhe,4
shea,4
survey,4
submitted,4
engaged,4
continue,4
gravers,4
historic,4
language,4
symposium,4
spread,4
accurate,4
standard,4
special,4
macroscopic,4
become,4
paris,4
saw,4
attention,4
increases,4
separate,4
increasing,4
abundance,4
usually,4
five,4
quarrying,4
detailed,4
length,4
why,4
existed,4
face,4
earliest,4
experimentally,4
environment,4
demonstrate,4
appeared,4
cover,4
know,4
bulgaria,4
hohokam,4
presence,4
knapper,4
examining,4
atlatl,4
u,4
better,4
beginning,4
notable,4
moyen,4
suggests,4
entire,4
harvesting,4
handedness,4
come,4
argument,4
average,4
attempted,4
typology,4
recognized,4
exclusively,4
element,4
corn,4
kuhn,4
oí,4
fertile,3
preclassic,3
dalton,3
everybody,3
center,3
needed,3
pierre,3
phase,3
constitutes,3
discriminate,3
exterior,3
comparisons,3
locale,3
pipes,3
uses,3
test,3
oceania,3
creation,3
progressed,3
worked,3
heated,3
utah,3
affirmed,3
shaped,3
oval,3
wooden,3
broken,3
seeds,3
pume,3
specular,3
rhineland,3
mississippi,3
uncovered,3
state,3
date,3
sociopolitical,3
decreased,3
ad,3
somewhat,3
quintero,3
dd,3
context,3
crystal,3
depending,3
recorded,3
eventual,3
key,3
luminescence,3
acheulian,3
shafts,3
agriculture,3
discuss,3
bison,3
design,3
knife,3
ball,3
functions,3
west,3
taking,3
except,3
x,3
quantity,3
correlation,3
wilke,3
minimum,3
diversity,3
goal,3
pincevent,3
comprehending,3
recrystallization,3
electron,3
angles,3
hydration,3
thinner,3
basal,3
consumer,3
occurs,3
burin,3
assessment,3
advances,3
cases,3
clay,3
balls,3
concerning,3
single,3
helpful,3
salt,3
rates,3
employ,3
philadelphia,3
essential,3
rather,3
homo,3
across,3
sort,3
unique,3
earlier,3
eight,3
ex,3
scraper,3
tree,3
arbor,3
shell,3
provenancing,3
category,3
susceptibility,3
affect,3
hematite,3
consider,3
specialization,3
intensive,3
elsewhere,3
accessibility,3
too,3
steatite,3
shorter,3
problems,3
belgian,3
dominant,3
advocated,3
ou,3
advance,3
columbia,3
location,3
seven,3
austin,3
events,3
mesoamerican,3
representative,3
embedded,3
standardized,3
poverty,3
pursued,3
inserts,3
population,3
directions,3
find,3
dockall,3
possibility,3
hunters,3
toughness,3
failure,3
planning,3
preferred,3
unless,3
heavily,3
dover,3
irish,3
tip,3
constitute,3
device,3
midwestern,3
observed,3
slab,3
lithics,3
arkansas,3
published,3
excavated,3
correct,3
hard,3
distances,3
involve,3
indicators,3
grass,3
stimulated,3
specifically,3
distinguished,3
always,3
progress,3
laterally,3
roots,3
blind,3
value,3
velocity,3
multifunctional,3
sledge,3
chronological,3
poland,3
plateau,3
short,3
located,3
laminaires,3
object,3
selection,3
percentage,3
competition,3
nondestructive,3
coverage,3
den,3
neither,3
idaho,3
homogeneous,3
complete,3
obsidians,3
benito,3
experiment,3
lames,3
mound,3
inhabitants,3
successfully,3
aspect,3
popularity,3
crucial,3
idea,3
consideration,3
pressure,3
occupations,3
rotated,3
bluff,3
distributions,3
pennsylvania,3
fashion,3
pattern,3
man,3
cruz,3
landscape,3
validity,3
krzemionki,3
axes,3
chalcolithic,3
degree,3
remained,3
analyzed,3
discussion,3
easier,3
discovery,3
width,3
range,3
findings,3
waste,3
lipping,3
examination,3
california,3
comprehensive,3
dominated,3
spawned,3
interpret,3
divisions,3
patina,3
hammer,3
plant,3
features,3
played,3
mines,3
dry,3
peer,3
black,3
abundant,3
provides,3
latter,3
woodworking,3
preponderance,3
especially,3
offtakes,3
assessing,3
adams,3
britain,3
structure,3
evaluated,3
ago,3
fonctionnelle,3
cereals,3
tennessee,3
bighorn,3
undifferentiated,3
stems,3
pw,3
perspectives,3
lot,3
inside,3
centre,3
widespread,3
success,3
aboriginal,3
concluding,3
un,3
seen,3
effectively,3
countries,3
traveled,3
offtake,3
achieve,3
morrow,3
rarely,3
following,3
suite,3
peoples,3
must,3
continues,3
soil,3
scraping,3
constructed,3
discrete,3
originated,3
assigned,3
performed,3
cultures,3
agostino,3
laminaire,3
pour,3
according,3
artifactual,3
theory,3
extent,3
while,3
studying,3
discriminant,3
church,3
tried,3
conventional,3
contribute,3
programs,3
refitted,3
au,3
soft,3
spring,3
arrows,3
finding,3
nile,3
national,3
washington,3
ojo,3
mode,3
insight,3
sur,3
association,3
retouch,3
trajectory,3
news,3
removed,3
km,3
mp,3
ochre,3
import,3
sciences,3
northwestern,3
traditional,3
close,3
continuously,3
resolve,2
technologiques,2
contacts,2
entities,2
der,2
transportation,2
done,2
oriented,2
valle,2
generated,2
inductively,2
corporate,2
toolkit,2
pièce,2
affected,2
extreme,2
college,2
tierra,2
adoption,2
brittle,2
totally,2
sphere,2
integrity,2
replicate,2
laminar,2
judicious,2
identify,2
picking,2
true,2
english,2
continent,2
ways,2
coalition,2
dabba,2
predictor,2
necessarily,2
organic,2
solutrean,2
luedtke,2
thedford,2
foragers,2
mexican,2
meaningless,2
controlled,2
practices,2
disputed,2
efficacy,2
cutting,2
predominantly,2
lame,2
else,2
decidedly,2
australia,2
lateral,2
failing,2
reconstructions,2
certainly,2
jackson,2
localities,2
press,2
rita,2
season,2
stylistic,2
progression,2
meaning,2
lifestyle,2
advanced,2
seems,2
asia,2
interprétation,2
pounding,2
economizing,2
advantage,2
accompanied,2
highland,2
seeman,2
exotic,2
torres,2
arctic,2
vertebra,2
onto,2
ol,2
procedure,2
room,2
monograph,2
products,2
real,2
assays,2
analyst,2
course,2
influences,2
conserve,2
phosphoria,2
el,2
papers,2
designs,2
bending,2
geologic,2
classifying,2
westview,2
missouri,2
unmixed,2
conditioned,2
goodyear,2
worthy,2
account,2
sapiens,2
capable,2
concentrating,2
reply,2
soils,2
bleed,2
establishing,2
bibliography,2
preceramic,2
dataset,2
fractures,2
variations,2
barton,2
sent,2
cited,2
apply,2
representing,2
ultrathin,2
zone,2
analyse,2
collection,2
penetrate,2
mineralogical,2
pursuing,2
steffen,2
regarding,2
iron,2
systemic,2
explained,2
distinctive,2
estimating,2
component,2
dynamics,2
illustrates,2
visited,2
pursuit,2
microblade,2
neighbors,2
characteristic,2
relations,2
kansas,2
santa,2
shaft,2
havana,2
avocational,2
pipestone,2
glume,2
tucson,2
century,2
expected,2
given,2
nested,2
learning,2
occasioned,2
nelson,2
andésites,2
données,2
developments,2
innovation,2
clark,2
silicified,2
nebraska,2
clustering,2
blank,2
back,2
houses,2
oxford,2
egypt,2
bone,2
continuous,2
caribbean,2
animal,2
thin,2
networks,2
weight,2
geological,2
terrace,2
island,2
bedouin,2
operative,2
jr,2
guard,2
kentucky,2
flintknappers,2
ok,2
interassemblage,2
elemental,2
cobbles,2
fort,2
topic,2
gamma,2
economy,2
subjected,2
bring,2
mojave,2
angeles,2
chatelperronian,2
watch,2
rounded,2
basic,2
preparing,2
subsistence,2
remote,2
estimates,2
pierres,2
parts,2
ass,2
contributions,2
generating,2
distant,2
animals,2
multivariate,2
reason,2
shackley,2
determination,2
mckean,2
nor,2
cyprus,2
drill,2
lacandon,2
image,2
potomac,2
falloff,2
dated,2
specify,2
days,2
neck,2
house,2
contemporaries,2
slate,2
epipaleolithic,2
benefited,2
orientation,2
basalts,2
fashioned,2
hoard,2
archeological,2
liberally,2
metal,2
cut,2
methodology,2
kenya,2
penetration,2
thermally,2
dumps,2
identifying,2
ethnography,2
bearing,2
magnetization,2
societies,2
reexamined,2
appearance,2
called,2
typical,2
centers,2
users,2
relate,2
carolina,2
getting,2
suitable,2
locales,2
conjectural,2
attained,2
lent,2
rekem,2
density,2
accurately,2
applying,2
pure,2
lethal,2
hanson,2
yucatán,2
treat,2
sharpened,2
appears,2
braswell,2
dispersal,2
hammers,2
detecting,2
otherwise,2
metals,2
intrasource,2
handaxes,2
required,2
rounding,2
wright,2
professionals,2
bogus,2
impression,2
indian,2
sharpening,2
future,2
degrees,2
line,2
makers,2
los,2
haua,2
significantly,2
memoir,2
purpose,2
proportions,2
knowledge,2
department,2
sydney,2
colha,2
sole,2
osl,2
rencontres,2
describe,2
consistently,2
dense,2
actually,2
winter,2
forces,2
yerkes,2
lithique,2
showing,2
forli,2
wheat,2
trends,2
graving,2
hungary,2
pulltrouser,2
multiplicity,2
tough,2
governs,2
sense,2
indicator,2
successful,2
toolstone,2
hopewellian,2
wi,2
wished,2
reliable,2
jeske,2
trading,2
quite,2
fatigue,2
characteristics,2
concerns,2
hafting,2
components,2
devices,2
australian,2
decline,2
modulus,2
latest,2
plisson,2
optical,2
visible,2
generally,2
nenzioni,2
jordan,2
cattle,2
dependent,2
paid,2
compass,2
provenance,2
newly,2
sporadic,2
massive,2
experimented,2
ubiquitous,2
agta,2
optically,2
usable,2
led,2
noteworthy,2
second,2
units,2
ramifications,2
characterize,2
discriminatory,2
bearlodge,2
architecture,2
attributable,2
lesser,2
correlating,2
ans,2
gradual,2
thermoluminescence,2
tankersley,2
etc,2
centroids,2
formative,2
controls,2
macrobotanical,2
movement,2
seemingly,2
inhabited,2
direction,2
kills,2
southeast,2
vicinity,2
scarcity,2
hominids,2
guide,2
depicted,2
incipient,2
examined,2
added,2
naviform,2
me,2
exactly,2
restricted,2
chronology,2
remnant,2
selective,2
lowland,2
initiation,2
sourced,2
every,2
inferences,2
robust,2
skakun,2
knapped,2
illustrated,2
indians,2
increasingly,2
gleann,2
paléolithique,2
clast,2
internationales,2
volume,2
inspected,2
ultraviolet,2
crête,2
kirmington,2
power,2
neanderthals,2
again,2
stating,2
available,2
conceived,2
similarly,2
tremendous,2
projects,2
ecuadorian,2
blocks,2
lives,2
agree,2
attempting,2
removal,2
fragments,2
mor,2
rejuvenation,2
spain,2
nf,2
preforms,2
continuing,2
spearthrower,2
see,2
notch,2
necessary,2
practice,2
anthropologie,2
schick,2
rounds,2
frequency,2
style,2
jemez,2
bas,2
solids,2
mill,2
midwest,2
greatest,2
institute,2
background,2
explanation,2
helps,2
melanesian,2
previously,2
distal,2
chickasaw,2
mortuary,2
pointes,2
concern,2
controlling,2
mortar,2
largely,2
juan,2
quern,2
band,2
ethnic,2
lightning,2
nonprojectile,2
students,2
netherlands,2
described,2
low,2
wheats,2
significance,2
explorations,2
princess,2
mayan,2
reality,2
publication,2
agreement,2
maintenance,2
direct,2
cache,2
documentation,2
distinction,2
mountain,2
contributed,2
mammals,2
after,2
ahler,2
entered,2
martin,2
adequately,2
class,2
litnic,2
paleomagnetism,2
outside,2
gravel,2
internal,2
qualities,2
evolutionary,2
alpine,2
relation,2
technologique,2
contact,2
anderson,2
intrasite,2
analyze,2
slightly,2
dominance,2
modeling,2
professional,2
convergent,2
anatolia,2
political,2
pelegrin,2
hope,2
files,2
adzes,2
federmesser,2
pecking,2
division,2
loup,2
lapita,2
arriving,2
modification,2
neanderthal,2
today,2
coupled,2
opératoires,2
africa,2
sometimes,2
troublesome,2
earth,2
bifacially,2
maps,2
oregon,2
thermal,2
discard,2
force,2
began,2
render,2
remontages,2
sequences,2
mississippl,2
thinning,2
kill,2
diagnostic,2
stockpiling,2
researcher,2
simulated,2
fontana,2
instances,2
attributions,2
articles,2
inducing,2
shift,2
kiver,2
regularly,2
stable,2
xle,2
distributional,2
quantitatively,2
dissertation,2
contained,2
deposited,2
paléorient,2
constant,2
dispersed,2
erratics,2
gravels,2
conclusion,2
changing,2
encampment,2
simply,2
geographic,2
outils,2
scrutiny,2
plasma,2
equation,2
colorado,2
carbon,2
technologists,2
defining,2
grains,2
worth,2
emission,2
ph,2
regard,2
report,2
eventually,2
reliability,2
collins,2
ca,2
infer,2
benefit,2
cultivation,2
generalized,2
historical,2
wood,2
guinea,2
freehand,2
counterproductive,2
phd,2
felsitic,2
growing,2
ditch,2
boundaries,2
game,2
correlate,2
estremadura,2
refit,2
cypriot,2
typologies,2
plants,2
cause,2
independently,2
nearby,2
cahokia,2
indicates,2
seasonal,2
calculations,2
platforms,2
require,2
granitic,2
huge,2
archaeometry,2
categories,2
art,2
practical,2
monitored,2
presented,2
occasionally,2
altered,2
affecting,2
constricted,2
easy,2
durable,2
amick,2
loci,2
koetje,2
territory,2
measure,2
substance,2
focus,2
copper,2
eneolithic,2
twin,2
definitions,2
proximal,2
terminal,2
spectroscopy,2
prepared,2
producer,2
chile,2
ultimately,2
tell,2
differentiation,2
multilanguage,2
zones,2
decrease,2
camps,2
numerous,2
aware,2
applicable,2
instead,2
typically,2
chadron,2
cooper,2
define,2
enabling,2
cobble,2
raging,2
derive,2
off,2
centripetal,2
measured,2
impacted,2
lech,2
indices,2
spheroids,2
moved,2
offered,2
distinctions,2
valuable,2
root,2
clarify,2
themselves,2
butchering,2
vary,2
fabricated,2
duration,2
household,2
kits,2
stiffer,1
final,1
postulating,1
intimately,1
go,1
indentation,1
portuguese,1
formulated,1
conard,1
mostly,1
produces,1
perdiz,1
exhibiting,1
frequent,1
polish,1
seclin,1
imagining,1
estimated,1
nassaney,1
adriatic,1
curtailed,1
relevance,1
conjoined,1
penman,1
jibe,1
strategy,1
names,1
glascock,1
faced,1
pcispctuvc,1
till,1
designated,1
ready,1
resistivity,1
wonder,1
represent,1
judging,1
luck,1
deserve,1
greaves,1
litftic,1
environmental,1
arrive,1
offset,1
implies,1
inapplicable,1
measures,1
submission,1
propagation,1
curved,1
demarche,1
recording,1
stands,1
utility,1
epipalaeolithic,1
notably,1
originate,1
distributed,1
ethnoarchaeological,1
necessitates,1
per,1
linguistic,1
état,1
desechos,1
alluded,1
fora,1
endscrapers,1
speculated,1
agua,1
replaced,1
isothermal,1
judged,1
evaluative,1
factories,1
mike,1
sdain,1
ample,1
cran,1
multifaceted,1
designed,1
food,1
yucca,1
forgeries,1
textbooks,1
formed,1
latéral,1
informative,1
transcribed,1
volcanics,1
remnants,1
unmodified,1
peaks,1
scribing,1
explainable,1
postdepositional,1
litnics,1
specified,1
mathieu,1
park,1
satisfied,1
honduras,1
signifying,1
perfect,1
collected,1
reasonably,1
hair,1
cnaraciensuws,1
equated,1
patagonia,1
nonorientable,1
harmony,1
predicting,1
total,1
holding,1
freeman,1
observing,1
planes,1
botswana,1
prepottery,1
pots,1
tecnnoiogies,1
bie,1
propos,1
service,1
something,1
doukani,1
induced,1
contested,1
buffer,1
revision,1
tí,1
closely,1
replenish,1
sem,1
tenochtitlán,1
stafford,1
toth,1
fires,1
experience,1
earlyand,1
anything,1
canyon,1
functioning,1
comprehensible,1
hutchings,1
upland,1
inclined,1
stressed,1
beneficial,1
unearthed,1
permanence,1
buffalo,1
constituting,1
beautifully,1
inexorable,1
inexperienced,1
hiscock,1
nonsilicate,1
dagger,1
fcrs,1
finger,1
expérimentale,1
handle,1
originally,1
repertoire,1
give,1
attempts,1
aldenderfer,1
groundstone,1
diffractometry,1
contrasted,1
motor,1
hire,1
rapid,1
dunnell,1
cobb,1
possessing,1
shortage,1
approche,1
freely,1
diffusionist,1
knowing,1
anu,1
finlayson,1
salvador,1
confirmed,1
dramatically,1
metate,1
principles,1
prejudices,1
operationally,1
archaeologically,1
affinities,1
attractive,1
honokam,1
avec,1
paramount,1
assess,1
italv,1
ebert,1
warm,1
industrie,1
shoulder,1
bulbs,1
chatelperronien,1
confusion,1
thumb,1
indeed,1
européene,1
bead,1
roland,1
napoleon,1
typologique,1
admittedly,1
shot,1
intepretation,1
inherent,1
ballenger,1
sometime,1
gisement,1
indicating,1
quintessential,1
ilium,1
vesicular,1
indentor,1
magdalénien,1
banding,1
argue,1
ripple,1
discoide,1
pagoulatos,1
pensamiento,1
take,1
eolith,1
efficiently,1
help,1
fields,1
ninic,1
folks,1
karanovo,1
luning,1
failures,1
sahara,1
underutilized,1
patterned,1
caractérisation,1
strength,1
inundation,1
fishhooks,1
tesi,1
mind,1
miles,1
ancien,1
greatly,1
henry,1
primitive,1
koster,1
jnortn,1
mcja,1
deriving,1
contrasting,1
investigations,1
advantages,1
turkey,1
ricklis,1
appalachian,1
behind,1
rrom,1
superficially,1
vapid,1
threshold,1
daniel,1
visibility,1
résinite,1
backlash,1
stageand,1
cote,1
woodlands,1
yazoo,1
conchoidal,1
deemphasized,1
advocates,1
existence,1
suspect,1
moisture,1
abbreviated,1
payne,1
intrusive,1
albeit,1
av,1
knowledgeable,1
slotted,1
histoire,1
bakewell,1
facetious,1
tx,1
celts,1
bones,1
knowingly,1
saying,1
draw,1
energetic,1
silex,1
artiiacts,1
lowerranked,1
reanalysis,1
evince,1
mesh,1
quantities,1
placement,1
trowbridge,1
felt,1
recommended,1
compelling,1
prevailing,1
sixteenth,1
condition,1
tracing,1
prehispanic,1
geared,1
koobi,1
reaction,1
anatomically,1
greene,1
advantageous,1
depressions,1
knappable,1
tlafœd,1
prevails,1
nouvelles,1
apart,1
combination,1
conceptual,1
disparities,1
carved,1
camilli,1
hide,1
classifications,1
painfully,1
dynamic,1
gila,1
hemispheric,1
anticipated,1
objective,1
decreasing,1
olite,1
cagny,1
inexpensive,1
approches,1
blossom,1
fragment,1
engage,1
joyce,1
chultun,1
ross,1
plowed,1
sand,1
fluoresce,1
illustrating,1
leblanc,1
split,1
framework,1
exposed,1
matte,1
pithouse,1
magmatic,1
repeatedly,1
piedmont,1
adze,1
frequencies,1
natives,1
ends,1
technologically,1
susceptidinty,1
configuration,1
uprooting,1
wyckoff,1
accessible,1
throughout,1
pocket,1
comments,1
differed,1
compositional,1
affiliation,1
surely,1
saville,1
reused,1
historically,1
prominent,1
curated,1
venezuela,1
severe,1
spectrum,1
hixton,1
larson,1
lakes,1
aborted,1
fromgesherbenot,1
kunnemann,1
pursue,1
run,1
contemporaneous,1
bent,1
arrested,1
constantly,1
analyzing,1
vitreous,1
bordesian,1
helen,1
realized,1
holdaway,1
silent,1
author,1
digitizers,1
proliferated,1
spectrophotometry,1
millennium,1
refocusing,1
stonewith,1
forgotten,1
dag,1
regarded,1
ability,1
contributors,1
decided,1
geochemistry,1
tome,1
sequentially,1
petrography,1
highlighting,1
outillages,1
obsolete,1
addressing,1
denote,1
smiling,1
ease,1
concavity,1
seedskadee,1
miners,1
meyer,1
stained,1
barrier,1
extensively,1
admitted,1
ferguson,1
z,1
forced,1
interprets,1
exercise,1
retreats,1
indenters,1
hold,1
pelvis,1
concentrations,1
inserted,1
items,1
savannas,1
circulation,1
irregularities,1
université,1
floating,1
méthodes,1
sized,1
lowrance,1
spurs,1
subjects,1
disproportionately,1
stalk,1
differently,1
body,1
simplest,1
response,1
removals,1
machines,1
practitioner,1
milling,1
alphredos,1
knecht,1
inclusion,1
output,1
dates,1
knap,1
hardfrom,1
estimate,1
determinations,1
spin,1
compare,1
profit,1
novice,1
chalcolithique,1
pueblo,1
hoes,1
frederickallen,1
shatter,1
quaternaire,1
bedul,1
remiss,1
vice,1
intrigued,1
critique,1
spalling,1
préhistoriaue,1
propositions,1
deeply,1
fallacies,1
recherches,1
adult,1
delivered,1
rightand,1
antropología,1
bel,1
influence,1
extremely,1
flakers,1
impressions,1
bothered,1
error,1
christensen,1
welcome,1
undisputed,1
walls,1
grasp,1
pixepigme,1
reef,1
vantage,1
quicker,1
smoothed,1
becoming,1
undisturbed,1
toltec,1
failed,1
behave,1
wounds,1
microwearand,1
hamlet,1
poor,1
transhumance,1
underlay,1
uecnets,1
pacific,1
weapon,1
keven,1
advancement,1
simplified,1
milliken,1
polarization,1
dehusking,1
réévaluation,1
heads,1
predicted,1
stockpiled,1
transformations,1
frustration,1
exact,1
ox,1
runnels,1
ml,1
environmentadapted,1
reeds,1
rchaeology,1
destroy,1
grid,1
gunderson,1
main,1
interpretable,1
luzon,1
impetus,1
highlands,1
adds,1
morrison,1
separately,1
influenced,1
remain,1
elasticity,1
basaltic,1
unifacially,1
avocation,1
peacock,1
gnecco,1
salvage,1
trunks,1
explicit,1
tectonic,1
levels,1
ascertaining,1
coastal,1
andésite,1
presentation,1
dolomite,1
holistic,1
knew,1
outcrop,1
completely,1
experimentos,1
killing,1
goes,1
proximity,1
vs,1
opportunities,1
reworked,1
òoutnwestern,1
risk,1
roche,1
probability,1
actuelle,1
arrowpoints,1
análisis,1
flexible,1
traitement,1
county,1
publics,1
alaska,1
leave,1
plots,1
suited,1
perkins,1
chalcedonies,1
andalusia,1
effectiveness,1
references,1
columbian,1
sandy,1
campsite,1
possess,1
fluvial,1
lacking,1
lorenzo,1
lay,1
lancer,1
summarized,1
productive,1
origins,1
overlooked,1
ammerman,1
space,1
wallertheim,1
miscellaneous,1
inizan,1
inah,1
mcpherron,1
nonhafted,1
uiddie,1
baugh,1
tissue,1
perceptions,1
colonizing,1
mulvaney,1
carrots,1
tanned,1
microscope,1
facilitated,1
chazan,1
wet,1
locally,1
maiden,1
possibly,1
eraul,1
needless,1
millstones,1
tanning,1
sorts,1
statistical,1
benefits,1
exponential,1
organized,1
sociocultural,1
bit,1
hotly,1
prentiss,1
bordes,1
proved,1
warren,1
abri,1
flintknapper,1
elevated,1
numbers,1
placed,1
invariably,1
durbet,1
exploratory,1
weak,1
characterizations,1
daggers,1
reviewed,1
fare,1
incorrectly,1
enjoyed,1
opportunistic,1
hominoids,1
superior,1
talle,1
reassembling,1
recovered,1
mesoamerìca,1
occupied,1
powerful,1
hanech,1
storm,1
beyond,1
suites,1
cylindrical,1
actes,1
followed,1
expérimentai,1
incendiary,1
evaluation,1
cost,1
your,1
rockmagnetic,1
recur,1
permanent,1
reconsidering,1
causing,1
transmississippian,1
quito,1
ray,1
heterogeneity,1
helped,1
corresponding,1
projected,1
gainey,1
screened,1
variate,1
preference,1
ochres,1
suppositions,1
dependency,1
mirazon,1
ineffectual,1
artistic,1
lambridge,1
radial,1
contention,1
behaviour,1
denticulate,1
moving,1
munsungun,1
dispersive,1
appraisal,1
lead,1
wide,1
diverging,1
nouveaux,1
prehistorians,1
tecnologia,1
esquillees,1
epigravettian,1
public,1
arguing,1
bernent,1
railroad,1
armor,1
discoidal,1
determines,1
monooranhs,1
access,1
kalahari,1
kommentarer,1
parry,1
puebloan,1
strongly,1
lippmeier,1
whittaker,1
served,1
département,1
quarried,1
arcnaeoiogicai,1
sedentary,1
infrequent,1
expérimentales,1
chaff,1
positively,1
duller,1
noting,1
remontage,1
aas,1
percentages,1
illuminated,1
isotope,1
nail,1
grubgraben,1
base,1
excavations,1
markets,1
midway,1
big,1
compressive,1
plainview,1
left,1
monoerapohie,1
artefact,1
buttressed,1
òudsistence,1
manière,1
healthy,1
understood,1
unworked,1
sympathetically,1
ogalalla,1
buried,1
toolmaker,1
bag,1
block,1
witnessed,1
reviews,1
zhokov,1
rhy,1
fabricate,1
absorption,1
skin,1
champ,1
scale,1
exhaustion,1
broglio,1
andrefsky,1
contiguous,1
russell,1
smashing,1
orthoquartzites,1
tykot,1
barbs,1
jodry,1
osborne,1
pliocene,1
assigning,1
lowlands,1
approached,1
smoothing,1
onondaga,1
acknowledgments,1
follow,1
sierra,1
worthless,1
silver,1
technical,1
lamellaires,1
reacting,1
watershed,1
syria,1
gained,1
defined,1
none,1
artefacts,1
network,1
supplanted,1
competent,1
kelly,1
gisements,1
decides,1
introducción,1
arid,1
hung,1
intense,1
pavlish,1
received,1
subphases,1
chichén,1
blue,1
boca,1
carry,1
locus,1
reestablished,1
heart,1
phillipson,1
bows,1
brought,1
centripède,1
attacked,1
occupants,1
crude,1
beat,1
explains,1
competing,1
bustillo,1
nohmul,1
pajarito,1
apparent,1
padula,1
commonalities,1
ei,1
ethnographically,1
uwharrie,1
tune,1
reminded,1
got,1
loss,1
whole,1
sifted,1
genuine,1
gave,1
reasoned,1
q,1
fail,1
intermediate,1
caspar,1
refined,1
exceed,1
literally,1
reactor,1
calculating,1
neandertals,1
figures,1
reoccupied,1
cluster,1
bits,1
sheen,1
rennes,1
prairies,1
andreou,1
binding,1
irving,1
call,1
translated,1
hammerstone,1
vessels,1
away,1
highlighted,1
redbrown,1
nodules,1
formations,1
disjunctive,1
systematic,1
ciila,1
differentially,1
tinderflints,1
hofrnan,1
farmed,1
scatters,1
feldspars,1
subspecies,1
orehistoric,1
earths,1
horizon,1
conform,1
universally,1
memoirs,1
fawcett,1
polity,1
ali,1
attributed,1
chemistry,1
softand,1
manipulation,1
errors,1
lurie,1
bodies,1
subtopics,1
percusser,1
citing,1
ò,1
depicting,1
depositional,1
fteah,1
responses,1
craftsmanship,1
tò,1
solution,1
legacy,1
bergumermeer,1
normally,1
moustérien,1
tight,1
chercheurs,1
ausable,1
spatially,1
crosssection,1
negligible,1
peterson,1
ozark,1
questionable,1
laborious,1
gramly,1
shaping,1
rhert,1
unexpected,1
dictionary,1
agricoles,1
next,1
son,1
instrumentation,1
gisemeni,1
expanding,1
pinned,1
lousy,1
blitz,1
synthesized,1
ain,1
excavation,1
subliterature,1
timed,1
balma,1
clasts,1
vid,1
quantification,1
flattop,1
intervals,1
séminaires,1
specificity,1
sufficient,1
shapes,1
debie,1
reheating,1
yellowstone,1
migration,1
knives,1
magdaléniens,1
resolution,1
trombold,1
folk,1
technicians,1
sliced,1
breaking,1
isotopes,1
beyries,1
microlithiques,1
gloss,1
essentially,1
suddenly,1
ancestors,1
cylinders,1
différenciation,1
unreliability,1
differing,1
domanski,1
tended,1
impossible,1
corridor,1
ocrés,1
esquillée,1
annual,1
latham,1
seed,1
goat,1
cleaning,1
òtone,1
benz,1
dropping,1
weathered,1
submitting,1
rripnre,1
odsidian,1
addroach,1
utillaje,1
preliminary,1
nicely,1
flour,1
increments,1
novices,1
francais,1
triangular,1
rest,1
prehistorian,1
promising,1
keyser,1
unfinished,1
cody,1
systematip,1
pockmarked,1
curriculum,1
ferme,1
tailleurs,1
appeal,1
petraglia,1
numans,1
cite,1
embarked,1
defended,1
hatch,1
dossier,1
business,1
hafts,1
strokes,1
demand,1
rey,1
stated,1
trails,1
matter,1
summarize,1
vegetative,1
drainage,1
polished,1
fortuitously,1
scientific,1
gather,1
ploux,1
populations,1
action,1
israel,1
thoughts,1
synthesis,1
hinge,1
broaching,1
overall,1
provenience,1
comparative,1
expansion,1
spearheaded,1
uhio,1
sullivanrozen,1
play,1
bantu,1
ui,1
corporation,1
return,1
latinoamericano,1
generalizable,1
brief,1
spend,1
hollows,1
drops,1
female,1
fractured,1
constraints,1
tropical,1
standardization,1
step,1
teodoro,1
oneota,1
community,1
moustenan,1
simms,1
iowa,1
calculated,1
saturation,1
tensile,1
kaw,1
standing,1
buck,1
geologicalgeochemical,1
persimmon,1
humans,1
healan,1
recreating,1
margineda,1
terminations,1
paint,1
régional,1
mo,1
neat,1
put,1
kimball,1
tends,1
pleistocène,1
dimensional,1
consulted,1
energy,1
verde,1
biological,1
para,1
once,1
calculate,1
rockfall,1
inception,1
kent,1
cooney,1
incursion,1
edited,1
bariy,1
bearings,1
tale,1
fascinating,1
intuitively,1
ethnographers,1
push,1
riverineadapted,1
manualfora,1
addition,1
represents,1
andorran,1
marginal,1
alongside,1
serve,1
discriminators,1
soon,1
ring,1
continuity,1
mobile,1
formally,1
cliff,1
nonisotropic,1
catlinite,1
ne,1
orange,1
termination,1
supplied,1
bulgarie,1
thesis,1
index,1
perceived,1
diminutive,1
taille,1
grist,1
antiauitv,1
industrialized,1
swamp,1
misses,1
included,1
negrino,1
home,1
une,1
connotation,1
publishing,1
teaching,1
dropped,1
cahiers,1
kardulias,1
nine,1
locality,1
tortoise,1
mercury,1
hay,1
belonging,1
already,1
wisconsin,1
dreaming,1
lindenmeier,1
flints,1
containing,1
reports,1
phoenix,1
couch,1
cum,1
volunteers,1
préliminaires,1
disagreed,1
hearth,1
processed,1
architectural,1
expediently,1
lenoir,1
strata,1
geologists,1
functioned,1
avoided,1
technnlnev,1
considers,1
happening,1
double,1
act,1
recycled,1
etudes,1
chagrin,1
ceramic,1
routes,1
fantasized,1
hoxnian,1
museums,1
solomon,1
unreliable,1
implicaciones,1
bpnng,1
kinbased,1
omission,1
overrode,1
facility,1
frederick,1
ended,1
sourcebook,1
bidirectional,1
morin,1
nevada,1
experienced,1
water,1
smith,1
complementary,1
moisson,1
efforts,1
powder,1
lund,1
communal,1
prehistorically,1
bordering,1
diminishing,1
marker,1
valid,1
hollow,1
coldseason,1
remarks,1
foodstuffs,1
regret,1
recurrent,1
wavelength,1
indies,1
minnesota,1
checks,1
entropy,1
creative,1
proposal,1
uneasy,1
instituto,1
sullivan,1
documents,1
ought,1
attica,1
essence,1
relict,1
behaviorally,1
disturbed,1
sheppard,1
choice,1
scar,1
inevitably,1
layer,1
arisen,1
enable,1
parting,1
contradict,1
daily,1
classical,1
isolate,1
proceeds,1
boddam,1
john,1
gray,1
omitted,1
debates,1
uroundòtone,1
figurines,1
maulden,1
overwhelmingly,1
contemporary,1
substantially,1
distancedecay,1
resolved,1
diameter,1
inset,1
polarized,1
bewailing,1
depict,1
shen,1
channel,1
ages,1
conclusions,1
took,1
throwing,1
fonctionnelles,1
mackie,1
everyday,1
employment,1
remarkable,1
chaines,1
microcores,1
impinge,1
covered,1
titmus,1
manner,1
taxonomy,1
woods,1
digitization,1
sparing,1
purposes,1
morphologique,1
timing,1
ablation,1
haft,1
non,1
interview,1
coexisted,1
forth,1
sw,1
ahead,1
deep,1
inumni,1
teeth,1
reconstructing,1
shafer,1
compelled,1
stylistically,1
manuals,1
predynastic,1
follows,1
nobody,1
going,1
refuted,1
recommend,1
ecology,1
thoroughly,1
wherever,1
venta,1
nopeweii,1
plane,1
remove,1
intérêt,1
thousands,1
paleoamerican,1
simon,1
tequila,1
haul,1
backbone,1
recognizing,1
rapp,1
classes,1
crystals,1
microscopic,1
collecting,1
hess,1
irradiation,1
sahnouni,1
meaningful,1
spending,1
theirs,1
decreases,1
clarendon,1
rio,1
sherman,1
underestimation,1
perigordian,1
coreor,1
skepticism,1
considering,1
courses,1
atlantic,1
façonnage,1
transporting,1
preferential,1
saregna,1
accompanying,1
farming,1
dresden,1
maritime,1
renders,1
garner,1
uplift,1
locate,1
maximized,1
bulgarian,1
aggregated,1
bruchert,1
scraped,1
cracovie,1
negev,1
enhanced,1
parameter,1
kuener,1
depended,1
spurring,1
atomic,1
utzi,1
expand,1
salvo,1
wound,1
varying,1
elucidated,1
entirely,1
skeptical,1
combining,1
secondarily,1
keatley,1
prevailed,1
redistribution,1
assumption,1
jurassique,1
cenote,1
cantalejo,1
heuristic,1
affects,1
engaging,1
bearbetning,1
books,1
wallonie,1
exhibited,1
trend,1
pack,1
styles,1
maintains,1
macroflaking,1
ambrona,1
aistnoutions,1
poterie,1
traced,1
bivariate,1
attenbrow,1
trip,1
macro,1
hxpênmentation,1
previous,1
farmer,1
connected,1
sound,1
natufian,1
luz,1
nonartifactual,1
involves,1
lumiai,1
monográfica,1
rejected,1
mstoncai,1
mack,1
scanning,1
jimmy,1
worry,1
ventral,1
meanings,1
clear,1
marois,1
jilotepeque,1
repinette,1
importance,1
stress,1
naturefacts,1
modernization,1
accounted,1
refinements,1
hthic,1
reap,1
frontières,1
amounts,1
matenai,1
aquitaine,1
fresh,1
held,1
chippage,1
firecracked,1
dissolution,1
ellis,1
multifunctionality,1
somme,1
geographically,1
wyandotte,1
prodigious,1
smooth,1
him,1
statistically,1
analysing,1
exemples,1
curve,1
anisotropic,1
serves,1
foremost,1
drilling,1
crafted,1
mandai,1
illinni,1
probable,1
éclats,1
preservation,1
thomas,1
alligator,1
goff,1
reuse,1
accords,1
anybody,1
margin,1
paleo,1
combe,1
chasseurs,1
sirm,1
improving,1
trying,1
parallel,1
avocationists,1
computed,1
steppic,1
unconvinced,1
mineralogy,1
viable,1
kit,1
thacker,1
narrow,1
amas,1
interpretations,1
enabled,1
topics,1
acquire,1
aee,1
sacred,1
accrue,1
plate,1
replenished,1
depleting,1
patterson,1
ueiecung,1
dragged,1
capabilities,1
implication,1
greece,1
differ,1
primal,1
equivalent,1
sailors,1
dividing,1
morris,1
splitting,1
poggio,1
acquisition,1
thunder,1
destruction,1
relative,1
diminish,1
variabilité,1
miniaturization,1
megafauna,1
walsh,1
alibates,1
regularized,1
recurring,1
darts,1
modifications,1
opposite,1
gleaned,1
évolution,1
entertains,1
complicates,1
odsmian,1
decision,1
metrics,1
hunt,1
consumed,1
johnson,1
product,1
unwittingly,1
compendium,1
suspects,1
genesis,1
singleand,1
dealing,1
dan,1
letting,1
achieving,1
depth,1
ivi,1
consists,1
update,1
seasons,1
cereal,1
extractive,1
speculate,1
exderimental,1
elicited,1
unifacial,1
debated,1
tabular,1
imply,1
vegas,1
aid,1
note,1
tentative,1
acheuléens,1
chimpanzees,1
wisdom,1
removing,1
george,1
desires,1
figure,1
lithiques,1
synopses,1
volumetric,1
thumbnail,1
rowney,1
impressive,1
practitioners,1
macroscopically,1
limburg,1
program,1
fear,1
hill,1
smeared,1
suffice,1
cnrs,1
éclat,1
proceeding,1
nremaking,1
millstone,1
repairing,1
multi,1
attacking,1
predict,1
slow,1
multitude,1
hthique,1
sensitive,1
transformed,1
surveys,1
deposit,1
playa,1
curation,1
groupe,1
proposition,1
clays,1
ditaces,1
unclear,1
rapidly,1
try,1
indicate,1
clinal,1
experimenters,1
fusing,1
life,1
settled,1
grattoirs,1
responsible,1
extra,1
construction,1
measuring,1
litica,1
graver,1
sievert,1
surprising,1
antiquities,1
dead,1
answer,1
particularistic,1
supporting,1
starting,1
turq,1
exists,1
get,1
receding,1
examine,1
quelle,1
faceted,1
rozoy,1
ridges,1
mounds,1
tribuía,1
arrowhead,1
pressures,1
bad,1
investigate,1
aegean,1
influencing,1
complexes,1
bismarck,1
macroblade,1
durability,1
austria,1
detail,1
quantitative,1
nacional,1
burned,1
butte,1
subsources,1
distributive,1
impairing,1
splintered,1
neglected,1
duncan,1
argillite,1
heavy,1
striations,1
palagruza,1
ocrées,1
melanesia,1
acheulean,1
sorting,1
mentioned,1
version,1
cantabrian,1
conjunction,1
lagorara,1
définition,1
torrence,1
proficient,1
ethnoarchaeology,1
simplify,1
manual,1
constituted,1
detect,1
reinforced,1
declining,1
woody,1
detective,1
reciprocity,1
baena,1
hoftnan,1
intercept,1
malagon,1
temporal,1
ignore,1
marshy,1
raagonian,1
griffin,1
rocky,1
offers,1
sustained,1
quaternary,1
set,1
bryant,1
swan,1
butler,1
truncer,1
resonance,1
seas,1
mithen,1
berkeley,1
grimm,1
flow,1
favorably,1
pestles,1
postglacial,1
extant,1
control,1
evolved,1
sure,1
typométrie,1
country,1
hermes,1
cm,1
rectified,1
paper,1
linearbandkeramik,1
prehistorv,1
ratio,1
taos,1
anvil,1
sampling,1
believe,1
king,1
chaîne,1
partisans,1
unknown,1
ft,1
pragmatic,1
arte,1
variegated,1
lindernints,1
coring,1
expense,1
half,1
task,1
mi,1
dietary,1
money,1
assignments,1
domestic,1
visiting,1
quenching,1
isotropie,1
inquiry,1
harvest,1
exploiting,1
mccurry,1
newman,1
alkali,1
job,1
linked,1
discoid,1
débitages,1
circuitous,1
sustaining,1
asserting,1
cognitive,1
cowboy,1
kulturhistonska,1
separating,1
coprolite,1
ritchie,1
domesticated,1
nifty,1
adler,1
blunt,1
las,1
closest,1
recherche,1
headway,1
debert,1
explicitly,1
works,1
living,1
deal,1
entrada,1
lending,1
evident,1
incorporate,1
dawn,1
strengthening,1
hills,1
kvarts,1
áridos,1
arqueológicas,1
unlikely,1
purchase,1
explanations,1
silcrete,1
fuller,1
nye,1
carefully,1
yerba,1
combined,1
circles,1
depicts,1
reactions,1
primer,1
iodide,1
gollu,1
accounts,1
expeditious,1
degenerate,1
apace,1
temperatures,1
jersey,1
saalian,1
sagaies,1
baja,1
protective,1
gijn,1
dynamique,1
temporally,1
fractionation,1
leaving,1
levantin,1
notes,1
initiations,1
dream,1
consisting,1
fascination,1
her,1
saddle,1
correlates,1
perigord,1
periphery,1
indications,1
junk,1
bray,1
project,1
divide,1
noticed,1
rationality,1
avocationals,1
property,1
sonderfallet,1
sauniere,1
treatises,1
suurce,1
lagged,1
agreed,1
sixth,1
virginia,1
tempting,1
genre,1
roughening,1
solvieux,1
metamorphic,1
interface,1
jordanian,1
kuijt,1
seelenfreund,1
microcore,1
socioeconomic,1
pokines,1
paieoiumque,1
howard,1
outline,1
delivery,1
apparatus,1
fitting,1
emergent,1
trees,1
exploitative,1
uncontrolled,1
digitized,1
updated,1
willaumez,1
pits,1
screens,1
edwards,1
ine,1
attached,1
archipelago,1
thensample,1
contemporaneity,1
sea,1
city,1
witn,1
metnoas,1
feten,1
laser,1
chip,1
particles,1
micro,1
undertaken,1
confirm,1
kozlowski,1
yearly,1
ken,1
rhyolites,1
crc,1
celt,1
turns,1
rendering,1
progressing,1
microdrill,1
assumptions,1
casual,1
khoisan,1
went,1
vertically,1
regularities,1
screen,1
target,1
mixtequilla,1
arguments,1
manufacturing,1
antigua,1
arrhnpnlnoiml,1
niveau,1
sizeable,1
stevenson,1
phenomenon,1
paucity,1
mention,1
westcentral,1
gain,1
oceanic,1
invoked,1
think,1
ecuador,1
numan,1
webb,1
morphometry,1
spoiled,1
wie,1
eric,1
paleorient,1
superseded,1
multiregional,1
amazed,1
discriminated,1
decnets,1
geoarchaeoloey,1
lapit,1
cuadernos,1
porcellanite,1
layers,1
elongated,1
breaks,1
sediments,1
spirited,1
commercial,1
instructive,1
technoiopv,1
reveals,1
antilles,1
sever,1
disposal,1
initiated,1
caractères,1
argentina,1
chaînes,1
mccutcheon,1
pritchard,1
finally,1
mosquera,1
exceptionnel,1
accept,1
imperative,1
geneste,1
arrhapnlnov,1
felsite,1
dangerous,1
tgv,1
register,1
structuring,1
serrated,1
spur,1
actively,1
foret,1
lively,1
grown,1
jadanese,1
deliberating,1
canadian,1
specialists,1
developmental,1
opinions,1
extended,1
unaffected,1
cautionary,1
writhing,1
bear,1
corngrinding,1
substantiated,1
cnaunees,1
morphologies,1
contamination,1
colleagues,1
normes,1
délier,1
madison,1
quartz,1
speak,1
sides,1
tipped,1
traveling,1
wealth,1
needs,1
pointe,1
drift,1
measurable,1
shockey,1
lesion,1
rhyolite,1
intentional,1
det,1
arrived,1
codex,1
straw,1
supply,1
commodity,1
parkhill,1
cheaper,1
rejuvenating,1
michigan,1
dehusked,1
holley,1
rethought,1
cahokian,1
deposition,1
furriers,1
tactic,1
vagaries,1
gulf,1
polynesian,1
immediately,1
conventions,1
microdrills,1
signification,1
strong,1
comparable,1
detection,1
paying,1
famous,1
zealand,1
beings,1
alberta,1
ferruginous,1
termed,1
uncertain,1
tubers,1
perception,1
costly,1
borradaile,1
ueorgia,1
compréhension,1
thorough,1
hypothesis,1
