WORDCOUNTS,WEIGHT
and,1316
of,1178
the,1103
in,643
a,452
to,280
landscape,259
archaeological,196
for,174
cultural,159
p,157
that,152
pp,152
archaeology,149
university,142
as,139
their,134
landscapes,126
j,121
new,121
r,120
are,119
is,119
on,108
with,106
m,91
settlement,88
d,83
american,80
s,76
by,75
an,74
human,70
w,68
b,66
social,65
l,64
or,63
c,63
g,62
culture,62
they,60
from,58
patterns,52
this,51
approach,51
communities,50
also,49
k,49
studies,48
physical,48
people,47
approaches,46
see,46
h,45
not,45
through,45
traditional,45
et,44
e,43
its,43
research,42
these,42
past,42
natural,41
spatial,41
t,40
time,40
we,40
cambridge,40
at,39
archaeologists,39
which,39
space,39
historical,39
how,38
among,38
material,37
london,36
within,35
no,35
study,34
f,34
york,32
researchers,32
between,32
be,32
use,31
than,30
place,30
perspectives,30
paradigm,30
history,29
pattern,29
anthropology,29
might,28
environments,28
change,28
scheick,28
more,28
ecology,28
systems,28
antiquity,28
particular,28
environmental,27
other,27
concepts,27
concept,27
ethnic,27
spaces,27
ritual,26
structure,26
places,26
world,26
regional,25
processes,25
over,25
chicago,25
understanding,24
common,23
some,23
journal,23
prehistoric,23
society,23
community,23
contemporary,23
have,23
v,22
theory,22
it,21
ancient,21
aspects,21
can,21
environment,21
such,20
geographical,20
management,20
many,20
anthropological,20
groups,19
vol,19
dynamic,19
relationships,19
pueblo,19
knowledge,19
interactions,19
variation,19
geography,19
what,19
both,19
contribute,19
into,18
site,18
academic,18
because,18
work,18
one,17
properties,17
politics,17
distributions,17
mexico,17
santa,16
organization,16
most,16
current,16
information,16
land,16
building,16
different,15
system,15
development,15
even,15
traditions,15
oxford,15
consider,15
defined,15
early,15
valley,15
sacred,14
has,14
review,14
across,14
traces,14
resource,14
important,14
occupation,14
anthropologist,14
ecological,14
construction,14
analysis,14
temporal,14
vernacular,14
need,14
meaning,13
i,13
behavior,13
perspective,13
may,13
changes,13
sites,13
boundaries,13
humanistic,13
units,13
museum,13
all,13
analytical,13
department,13
idea,13
changing,13
symbolic,13
was,13
each,13
constructions,13
our,13
although,13
nature,12
definition,12
his,12
process,12
n,12
medicine,12
late,12
record,12
part,12
ethnicity,12
texas,12
interpretation,12
but,12
two,12
native,12
interpreting,12
meanings,12
yale,12
terms,12
making,12
neolithic,11
scientific,11
discipline,11
dynamics,11
constructs,11
general,11
based,11
data,11
used,11
will,11
southern,11
toward,11
areas,11
relevant,11
maya,11
cognitive,11
science,11
who,11
define,11
essays,10
lower,10
first,10
tradition,10
survey,10
those,10
evolution,10
prehistory,10
view,10
dc,10
behavioral,10
issues,10
dictionary,10
processual,10
about,10
serve,10
strategies,10
another,10
systematics,10
including,10
arizona,10
anasazi,10
comprehensive,10
sustain,10
ideational,10
geographers,10
interpretive,10
intellectual,10
much,10
represent,9
complex,9
postprocessual,9
culturally,9
analyses,9
political,9
british,9
resources,9
framework,9
central,9
historically,9
tucson,9
underlying,9
beyond,9
method,9
patterning,9
construct,9
methodological,9
annual,9
architecture,9
increasingly,9
fundamental,9
present,9
upon,9
values,9
ideas,9
three,9
ann,9
northern,9
provide,9
ordinary,9
investigators,9
school,9
defining,9
living,9
distribution,9
while,9
foundations,9
multiple,9
press,9
role,9
models,9
states,9
specific,9
potential,9
interaction,9
north,9
recent,9
perception,9
given,8
o,8
way,8
group,8
help,8
documenting,8
design,8
interact,8
thus,8
century,8
whose,8
rather,8
ways,8
basic,8
arbor,8
latin,8
just,8
traditionally,8
archeology,8
institution,8
sense,8
suggest,8
smithsonian,8
generally,8
he,8
action,8
comparative,8
frameworks,8
only,8
heritage,8
beliefs,8
discussed,8
do,8
archaeologies,8
discussion,8
identity,8
theoretical,8
tactics,8
southwest,8
haven,8
recognizes,8
dimensions,8
practice,8
geographic,8
phenomena,8
varied,8
offer,8
association,8
themselves,8
observed,8
if,7
introduction,7
contexts,7
explaining,7
address,7
principles,7
great,7
state,7
context,7
inquiry,7
anthropologists,7
elements,7
kinds,7
certain,7
histories,7
viewed,7
well,7
indigenous,7
during,7
own,7
activities,7
arrangement,7
various,7
evaluate,7
verde,7
same,7
ethnographic,7
considers,7
challenge,7
power,7
rio,7
coherent,7
characteristically,7
emphasize,7
questions,7
synthetic,7
wheel,7
features,7
provides,7
examine,7
productive,7
recognize,7
area,7
methods,7
united,7
simply,7
sciences,7
factors,7
build,7
examining,7
explanations,7
emphasis,7
art,7
recognition,7
variability,7
understandings,7
twentieth,7
national,7
remains,7
plenum,7
now,6
identify,6
tend,6
evaluating,6
jackson,6
shaped,6
archaeologically,6
individuals,6
together,6
less,6
case,6
possible,6
condition,6
exist,6
phase,6
southwestern,6
relations,6
big,6
though,6
essential,6
senses,6
population,6
dialogue,6
scales,6
organized,6
observations,6
age,6
albuquerque,6
neither,6
basin,6
out,6
further,6
scale,6
public,6
either,6
citing,6
working,6
shaping,6
concerns,6
visible,6
variety,6
grande,6
efforts,6
knapp,6
europe,6
where,6
contingent,6
meaningful,6
explanation,6
helps,6
lake,6
willey,6
problems,6
often,6
constructing,6
occupied,6
sociopolitical,6
plains,6
known,6
organizational,6
set,6
foundation,6
advances,6
phd,6
contrasting,6
institute,6
question,6
formation,6
illinois,6
needs,6
create,6
should,6
built,6
roles,6
does,5
altamira,5
center,5
interrelationships,5
agency,5
paradigms,5
experience,5
long,5
chaco,5
patterned,5
reading,5
cherry,5
facilitate,5
conceptual,5
walnut,5
throughout,5
objective,5
basil,5
arena,5
recognized,5
transformations,5
parts,5
lives,5
allow,5
relate,5
gupta,5
however,5
actors,5
horn,5
aztec,5
multiplicity,5
level,5
components,5
results,5
using,5
actions,5
south,5
morphology,5
critical,5
san,5
economic,5
garden,5
structural,5
single,5
contributing,5
us,5
indian,5
insights,5
members,5
towards,5
usefulness,5
model,5
unit,5
existing,5
local,5
assemblages,5
region,5
concern,5
products,5
variables,5
were,5
open,5
historic,5
after,5
internal,5
relation,5
attention,5
european,5
depth,5
been,5
basso,5
fe,5
itself,5
distributional,5
associated,5
must,5
bronze,5
colorado,5
integrative,5
migration,5
sustaining,5
investigation,5
whether,5
form,5
maintain,5
agricultural,5
urban,5
presented,5
disparate,5
challenges,5
survival,5
frontiers,5
conditions,5
include,5
salt,5
gis,4
limits,4
concerned,4
later,4
feld,4
stone,4
necessarily,4
annals,4
sources,4
rapid,4
dunnell,4
societies,4
knowing,4
blackwell,4
investigations,4
dd,4
papers,4
occasional,4
key,4
guidelines,4
bases,4
incorporate,4
representations,4
methodologies,4
activity,4
occupy,4
measuring,4
interdisciplinary,4
point,4
tularosa,4
experiences,4
since,4
against,4
truly,4
critique,4
generation,4
van,4
americans,4
growth,4
remain,4
appreciation,4
subsistence,4
contributions,4
perceptions,4
conceptualization,4
ashmore,4
sociocultural,4
linked,4
four,4
origins,4
utah,4
providing,4
drawing,4
greater,4
uses,4
result,4
anthropogenic,4
inherent,4
search,4
mapping,4
terminological,4
mesoamerican,4
stepping,4
understood,4
focused,4
fisher,4
tools,4
symbols,4
comprehension,4
underlie,4
directly,4
organize,4
example,4
ecologists,4
parameters,4
discussions,4
reflect,4
nor,4
causal,4
mediterranean,4
several,4
distinguished,4
transform,4
conditioning,4
short,4
classic,4
allen,4
settings,4
seemingly,4
coherence,4
yet,4
thought,4
under,4
kiva,4
al,4
stones,4
locational,4
practical,4
diverse,4
fashion,4
honor,4
forms,4
breadth,4
everyday,4
potentially,4
larger,4
years,4
made,4
john,4
lecture,4
significant,4
refers,4
ideation,4
maintains,4
frame,4
regions,4
office,4
co,4
held,4
inventing,4
documentation,4
become,4
epistemology,4
temporality,4
ago,4
things,4
relationship,4
today,4
interdependent,4
maps,4
sauer,4
directions,4
why,4
when,4
series,4
complexity,4
proponents,4
paper,4
share,4
incorporating,4
argue,4
conditioned,4
them,4
imposed,4
adaptation,4
thames,4
crumley,4
contract,4
range,4
evidence,4
facilitates,4
product,4
explicating,4
surveys,4
meeting,4
helped,3
quantifiable,3
manuscript,3
systemic,3
becoming,3
large,3
perceive,3
live,3
sets,3
remnants,3
explanatory,3
ethnoarchaeological,3
englewood,3
materials,3
tiwanaku,3
cast,3
australia,3
astronomical,3
humans,3
monte,3
broadly,3
differences,3
able,3
vanishing,3
religion,3
intersection,3
westview,3
eastern,3
capacity,3
primary,3
america,3
hirsch,3
tangible,3
illustrate,3
prehispanic,3
arenas,3
establishment,3
cited,3
apply,3
along,3
creatively,3
representing,3
collection,3
canyon,3
structuration,3
modify,3
consideration,3
borderlands,3
integral,3
interest,3
cosgrove,3
ability,3
topic,3
nested,3
times,3
differently,3
simultaneity,3
publications,3
hodder,3
sun,3
descriptive,3
influence,3
nonsite,3
worldview,3
crow,3
played,3
without,3
identification,3
english,3
organizing,3
active,3
earlier,3
importance,3
constitute,3
established,3
intensive,3
commonly,3
edinburgh,3
defines,3
stark,3
peabody,3
strategy,3
methodology,3
assessments,3
identifying,3
extent,3
centers,3
shared,3
handbook,3
transactions,3
setting,3
cannot,3
promise,3
tension,3
explain,3
premise,3
hierarchies,3
literature,3
calls,3
symbolism,3
realm,3
describe,3
collective,3
structures,3
call,3
wilshusen,3
realms,3
nostrand,3
field,3
spatially,3
buildings,3
warrant,3
small,3
characteristics,3
highly,3
bridge,3
longman,3
st,3
moved,3
notion,3
ceremonial,3
practices,3
cosmological,3
populations,3
britain,3
service,3
play,3
argues,3
still,3
comments,3
simultaneously,3
assigned,3
sri,3
suited,3
represents,3
continuity,3
seeing,3
technology,3
complete,3
already,3
subjective,3
ceramic,3
rock,3
water,3
complementary,3
unifying,3
clarendon,3
plan,3
daily,3
end,3
considerable,3
external,3
outside,3
focusing,3
project,3
widespread,3
style,3
number,3
explicitly,3
observable,3
formal,3
alternative,3
harvard,3
examination,3
full,3
california,3
involves,3
significance,3
explorations,3
stress,3
individual,3
david,3
architectural,3
like,3
serves,3
preservation,3
least,3
latter,3
exchange,3
evolutionary,3
assessing,3
la,3
decision,3
increasing,3
ferguson,3
topography,3
applications,3
bureau,3
segments,3
vision,3
ideology,3
hill,3
order,3
primarily,3
becomes,3
understand,3
face,3
worlds,3
parcero,3
conservation,3
issue,3
thinking,3
singular,3
comes,3
peoples,3
offers,3
berkeley,3
control,3
global,3
believe,3
domestic,3
researches,3
fuller,3
proceedings,3
references,3
useful,3
middle,3
nj,3
emergent,3
ancestral,3
city,3
show,3
territory,3
writing,3
determinism,3
web,3
schortman,3
integrated,3
provided,3
shift,3
combination,3
partial,3
views,3
focus,3
broader,3
ca,3
major,3
final,2
surroundings,2
inka,2
pervaded,2
anschuetz,2
appropriation,2
quickly,2
integrating,2
resulted,2
college,2
trans,2
determine,2
northeast,2
alone,2
adoption,2
kroeber,2
jarmo,2
potentiality,2
settlements,2
mesoamerica,2
mobility,2
enhance,2
designed,2
word,2
linkages,2
likely,2
nonculturally,2
tonto,2
federal,2
subregional,2
modern,2
park,2
decade,2
tied,2
comparisons,2
western,2
occurred,2
before,2
moving,2
lenses,2
zapotee,2
women,2
fluctuations,2
oceania,2
hopi,2
localities,2
production,2
comprehensively,2
ii,2
implications,2
enables,2
attempt,2
promoting,2
england,2
seems,2
continuities,2
nonmaterial,2
liverpool,2
studied,2
atlantic,2
croom,2
take,2
homelands,2
reproduction,2
half,2
there,2
introduces,2
feature,2
embrace,2
persistence,2
last,2
idealized,2
dependence,2
emphasized,2
whorf,2
ruined,2
ad,2
evaluation,2
realignments,2
empty,2
strictly,2
existence,2
continuum,2
onsite,2
mediating,2
tracing,2
zuni,2
characterize,2
adopting,2
charlottes,2
bibliography,2
very,2
make,2
methana,2
conflict,2
goal,2
alban,2
accessible,2
differential,2
affiliation,2
constructed,2
expect,2
initially,2
silent,2
de,2
geographer,2
bridging,2
raises,2
adams,2
cf,2
addressing,2
rapoport,2
constellation,2
asymmetrical,2
kind,2
feinman,2
clark,2
evident,2
depend,2
refer,2
back,2
body,2
holds,2
qualitatively,2
applying,2
overarching,2
y,2
geological,2
ny,2
conducting,2
traits,2
conceptually,2
imbues,2
civilization,2
pacific,2
knoxville,2
philadelphia,2
diyala,2
impetus,2
generations,2
developed,2
adds,2
remote,2
olmec,2
risk,2
special,2
stein,2
awareness,2
consequences,2
scattered,2
gathering,2
contestation,2
monuments,2
affect,2
ensure,2
postmodern,2
tensions,2
possibly,2
intellectually,2
section,2
impact,2
contemporaries,2
ville,2
stonehenge,2
presumed,2
surface,2
wy,2
terminology,2
photos,2
decades,2
draws,2
ranges,2
problem,2
formidable,2
sociological,2
transmission,2
latitudes,2
scientifically,2
trigger,2
puebloan,2
signify,2
austin,2
mcc,2
base,2
term,2
phenomenology,2
accurately,2
appadurai,2
appears,2
residential,2
fulfill,2
fish,2
fox,2
kirch,2
memory,2
shape,2
clarke,2
implement,2
tool,2
los,2
teotihuacan,2
future,2
related,2
thoughts,2
woodland,2
restructuring,2
loss,2
whole,2
relevance,2
differentially,2
status,2
horizon,2
conform,2
earth,2
quarterly,2
creating,2
professional,2
strict,2
successful,2
theoretically,2
volume,2
modifications,2
interacting,2
emphasizes,2
sufficient,2
compatibility,2
oral,2
folk,2
massachusetts,2
redefinition,2
fully,2
customary,2
articulation,2
maxwell,2
productivity,2
rossignol,2
notes,2
sfi,2
passive,2
sophistication,2
gordon,2
second,2
inhabit,2
burgundian,2
synthesis,2
manipulate,2
forward,2
nearly,2
interdependence,2
reorganization,2
surviving,2
manifest,2
wheels,2
premises,2
backdrop,2
movement,2
strategic,2
thereby,2
parker,2
fueled,2
confronting,2
competition,2
elaboration,2
opportunities,2
makes,2
residence,2
evolved,2
needed,2
perceived,2
kelley,2
symptomatic,2
orders,2
light,2
pioneered,2
choices,2
refine,2
kowalewski,2
wisconsin,2
noted,2
bateson,2
picture,2
successfully,2
statements,2
mark,2
others,2
treatment,2
abilities,2
assess,2
recurrent,2
materialist,2
occupations,2
isolate,2
personal,2
pennsylvania,2
centre,2
operating,2
validity,2
accepted,2
establish,2
dance,2
perhaps,2
belief,2
routledge,2
shifts,2
complicated,2
identifiable,2
durkheim,2
anticipate,2
territoriality,2
phenomenological,2
recognizing,2
situated,2
examples,2
refining,2
desert,2
medium,2
findings,2
varying,2
expression,2
largely,2
residues,2
began,2
trend,2
continue,2
uruk,2
dating,2
discontinuities,2
navajo,2
similar,2
clear,2
discovered,2
urbana,2
subtle,2
loosely,2
reality,2
emphasizing,2
urbanism,2
characterized,2
period,2
static,2
identified,2
interacted,2
connects,2
ratzel,2
never,2
oxbow,2
especially,2
qualities,2
seattle,2
availability,2
kegan,2
probably,2
delimited,2
encompassing,2
widely,2
division,2
tennessee,2
observational,2
implicitly,2
tempo,2
testable,2
entail,2
metaphors,2
scared,2
wisdom,2
crucial,2
cedar,2
centrality,2
americanist,2
andean,2
means,2
ritualized,2
overlap,2
sequences,2
transformation,2
palimpsest,2
mirror,2
responsible,2
implementing,2
yamin,2
interconnected,2
achieve,2
respect,2
probabilistic,2
types,2
exists,2
areal,2
matters,2
quantitative,2
interdependency,2
abandonment,2
variable,2
any,2
postmodernism,2
following,2
considered,2
continues,2
hena,2
carbondale,2
narrowly,2
text,2
earle,2
here,2
binford,2
milieu,2
outcome,2
readily,2
interested,2
exploration,2
seem,2
capital,2
altering,2
contextual,2
down,2
acts,2
ideological,2
particularly,2
sc,2
identities,2
rural,2
better,2
william,2
nomenclature,2
fluidity,2
barrett,2
implicit,2
selected,2
map,2
ethnography,2
viru,2
suggests,2
up,2
categories,2
cosmology,2
presume,2
boston,2
dialogues,2
little,2
outline,2
circumstances,2
refinement,2
virú,2
technologies,2
despite,2
whittlesey,2
became,2
focal,2
techniques,2
lies,2
explication,2
assumptions,2
confronted,2
regularities,2
arguments,2
allows,2
isolated,2
aspect,2
coming,2
think,2
analogy,2
come,2
examinations,2
survive,2
ultimately,2
until,2
theme,2
difference,2
institutional,2
deleuze,2
peru,2
structuring,2
contributed,2
preliminary,2
oí,2
integration,2
variously,2
forming,2
cordell,2
classification,2
summary,2
imposition,2
modeling,2
classificatory,2
johnson,2
debate,2
sharing,2
northwestern,2
bradley,2
iraq,2
technological,2
virtue,2
doing,2
unify,2
occur,2
indeterminacy,2
kurt,1
unpredictable,1
woven,1
resolve,1
miller,1
indubitable,1
impossibility,1
margins,1
smoke,1
formulated,1
currently,1
redefining,1
crowfield,1
obligations,1
accomplish,1
generalization,1
evaluations,1
conflicting,1
fertile,1
medieval,1
darvill,1
systematization,1
created,1
functional,1
battle,1
moor,1
ethnicities,1
chérie,1
tuscaloosa,1
shrines,1
extend,1
tierra,1
revolutionary,1
intriguing,1
descriptors,1
germany,1
ejutla,1
mundane,1
appear,1
archnpnlnev,1
federation,1
decode,1
berlin,1
necessitates,1
glimpses,1
passing,1
obtains,1
contemporaneous,1
foreward,1
pátzcuaro,1
achievements,1
iiwyj,1
determinant,1
systematically,1
ana,1
star,1
myth,1
effective,1
anchor,1
nochixtlan,1
reflections,1
regulations,1
usefully,1
habitats,1
contextualization,1
true,1
rchaeology,1
peaks,1
thenown,1
criticizes,1
walker,1
ontogeny,1
drawings,1
contend,1
marcus,1
mit,1
seriation,1
considerations,1
former,1
grove,1
weaker,1
reasonably,1
acceptance,1
trace,1
protection,1
interrelationship,1
cycles,1
raw,1
pose,1
polopalto,1
interpersonal,1
nineteenth,1
something,1
lightfoot,1
contested,1
po,1
tina,1
relativism,1
nomadology,1
tall,1
descriptions,1
helm,1
societal,1
ethic,1
unveiling,1
character,1
forcible,1
criado,1
europeanist,1
diffusion,1
round,1
being,1
coresident,1
synonymous,1
prominently,1
permit,1
inc,1
every,1
constituting,1
revisited,1
embraced,1
swedish,1
commission,1
chasm,1
supposedly,1
creation,1
posed,1
voices,1
interests,1
derives,1
bronitsky,1
exclusive,1
fund,1
class,1
rested,1
historians,1
concentrated,1
diego,1
spencer,1
progression,1
unpredictably,1
hoskins,1
analogies,1
commentary,1
departure,1
bloomington,1
did,1
gary,1
best,1
jöntisn,1
physiographic,1
possibilities,1
scientists,1
skills,1
explores,1
teleologically,1
agrarian,1
accommodate,1
coexisting,1
assertion,1
includes,1
highland,1
reasons,1
monitor,1
compounds,1
paca,1
origin,1
organizes,1
rich,1
prelude,1
fruits,1
interconnects,1
inquisitive,1
government,1
substantive,1
reveal,1
onto,1
composition,1
metapattern,1
hunting,1
renfrew,1
locality,1
complements,1
packages,1
evolving,1
alignment,1
subsequent,1
roosevelt,1
loose,1
consist,1
mind,1
nagging,1
manipulating,1
chiefdoms,1
inductive,1
primitive,1
principal,1
robert,1
analogical,1
reenacted,1
embody,1
china,1
alike,1
ambiguous,1
undergoes,1
construe,1
segregated,1
mills,1
confused,1
iowa,1
rethinking,1
designs,1
contents,1
sq,1
agnew,1
acknowledged,1
depending,1
ascribed,1
jane,1
classifying,1
ttnivprsitv,1
embracing,1
linear,1
merits,1
owing,1
tie,1
teleological,1
task,1
monumenta,1
prone,1
inca,1
constraint,1
mass,1
iv,1
agriculture,1
ventures,1
addresses,1
retain,1
struggling,1
mythology,1
colombia,1
interactionism,1
occupying,1
capable,1
accorded,1
scenes,1
sabloff,1
caiamarca,1
engende,1
accommodation,1
establishing,1
mutual,1
move,1
richard,1
vital,1
encompass,1
legitimizes,1
hawkes,1
emile,1
whatever,1
variations,1
classics,1
conception,1
laws,1
radical,1
realistic,1
overthrow,1
baptists,1
prototype,1
sketched,1
atlcahualo,1
urging,1
expecting,1
split,1
pursuing,1
localized,1
diversity,1
subdividing,1
avenues,1
repeatedly,1
frequencies,1
oaxaca,1
iron,1
multidimensional,1
typological,1
willow,1
southampton,1
alignments,1
rothman,1
delimit,1
downum,1
facts,1
difficulties,1
quality,1
axioms,1
computerized,1
barton,1
analyzing,1
hugill,1
realized,1
hierarchy,1
transnational,1
magic,1
cambrenis,1
ethnoscapes,1
intact,1
characteristic,1
relatively,1
ease,1
domain,1
viewing,1
lifescapes,1
gendered,1
isleta,1
sequentially,1
price,1
signifiers,1
application,1
conducted,1
jr,1
overt,1
type,1
theorized,1
rooted,1
montana,1
narratives,1
guided,1
mesopotamian,1
unity,1
rank,1
cases,1
ethnohistorically,1
sanders,1
distinct,1
developments,1
items,1
adopted,1
ct,1
old,1
heterarchical,1
superorganic,1
concrete,1
robb,1
concerning,1
uniformly,1
braun,1
bread,1
highest,1
speed,1
difficulty,1
generated,1
flawed,1
recalls,1
wholly,1
lerwick,1
honour,1
duplicity,1
unchanged,1
third,1
lakoff,1
estimate,1
converging,1
discerning,1
fowler,1
networks,1
peckham,1
explore,1
memoir,1
bodmin,1
communication,1
look,1
architects,1
solution,1
border,1
wet,1
conceive,1
helping,1
custer,1
discovering,1
acknowledge,1
ma,1
compromise,1
implementation,1
incidental,1
parks,1
selectively,1
higher,1
reshape,1
affiliations,1
steps,1
archaic,1
complementarity,1
tactic,1
profoundly,1
ethnie,1
camhrihop,1
deviations,1
plotted,1
uniquely,1
norse,1
dilemma,1
links,1
bring,1
principally,1
encompassed,1
notable,1
calendars,1
homogenize,1
compatible,1
wholescale,1
isomorphic,1
illustration,1
worldly,1
abundance,1
astronomy,1
megalithic,1
borrowing,1
presentation,1
responded,1
holistic,1
neglected,1
broaden,1
designers,1
ecosystemic,1
deliberately,1
zube,1
examined,1
dp,1
determining,1
households,1
aston,1
associate,1
persistent,1
annales,1
turn,1
talk,1
leave,1
adjustments,1
derived,1
direct,1
cnmhriñop,1
ongoing,1
benjamin,1
boone,1
assuming,1
signatures,1
produced,1
inherit,1
distant,1
scarborough,1
appropriateness,1
summarized,1
animals,1
von,1
dismiss,1
plog,1
lipo,1
supposed,1
multivariate,1
guides,1
skibo,1
iearly,1
methuen,1
reason,1
arid,1
maintaining,1
monumental,1
facilitated,1
lipe,1
marks,1
correspondences,1
objects,1
occupational,1
river,1
statistical,1
ring,1
imposing,1
image,1
specialization,1
emergence,1
resiliency,1
pawnee,1
typifies,1
constrain,1
receiving,1
invariably,1
articulated,1
house,1
differs,1
encodes,1
calendar,1
committee,1
orientation,1
leicester,1
acknowledges,1
fashioned,1
linguistics,1
legends,1
biotic,1
follow,1
statement,1
polar,1
followed,1
peninsula,1
obstacles,1
consequence,1
footprints,1
mix,1
answers,1
filters,1
shifted,1
restriction,1
conceptualizations,1
respected,1
calgary,1
opinion,1
consultants,1
advocated,1
struever,1
stands,1
myths,1
trajectories,1
constructive,1
artistic,1
iconography,1
epilogue,1
irrigation,1
union,1
whereas,1
diachronic,1
pantheon,1
royal,1
yielding,1
closely,1
advance,1
immutable,1
antiquaries,1
lead,1
whom,1
introduce,1
concentration,1
location,1
ethnoecological,1
carmichael,1
martinez,1
befell,1
farmsteads,1
critically,1
inclusion,1
access,1
inappropriate,1
ambiguity,1
effort,1
collectively,1
thurston,1
events,1
requirements,1
carolina,1
endeavor,1
viking,1
configuration,1
emerge,1
vigorous,1
approximation,1
initial,1
interpretations,1
inaugural,1
fuel,1
expressions,1
intrigue,1
armed,1
circulation,1
density,1
criticizing,1
fourth,1
topics,1
outset,1
caldwell,1
archeologica,1
criteria,1
traced,1
informed,1
elemental,1
blanton,1
hinterland,1
systematizing,1
michigan,1
informs,1
mediated,1
indirect,1
treat,1
recently,1
greenwood,1
intensity,1
applied,1
monograph,1
grounds,1
productively,1
kocky,1
friederich,1
reaffirming,1
your,1
absolute,1
find,1
dumbarton,1
embed,1
wide,1
negotiated,1
freidel,1
schema,1
sedentism,1
hopkins,1
near,1
scene,1
proposing,1
influenced,1
improve,1
reacting,1
failure,1
exert,1
pigs,1
treatises,1
almost,1
illustrates,1
keeping,1
flannery,1
participation,1
squares,1
minimal,1
network,1
identifications,1
basis,1
ballgames,1
landmark,1
ofelman,1
closed,1
mapped,1
inexhaustible,1
planning,1
intense,1
bounded,1
cooperatori,1
strengths,1
received,1
sanction,1
responding,1
relevancy,1
nuances,1
contextualized,1
earns,1
dissatisfaction,1
reader,1
county,1
ethnical,1
purpose,1
ot,1
multilayered,1
pajarito,1
curriculum,1
tombs,1
layered,1
tenure,1
irish,1
gender,1
doable,1
childe,1
chang,1
gave,1
island,1
older,1
obscured,1
hopl,1
expansive,1
partly,1
climatic,1
contains,1
beginnings,1
geoform,1
concentrate,1
transmitting,1
risks,1
exhibit,1
lanham,1
cognitively,1
rituals,1
midwestern,1
documented,1
taçon,1
demonstration,1
proliferation,1
unbuilt,1
propositions,1
surrounding,1
legislation,1
corollary,1
intersections,1
fieldwork,1
seminars,1
inclusionary,1
paraphrase,1
artifact,1
combine,1
challenging,1
definitions,1
trends,1
ucla,1
hidden,1
reconcile,1
manipulation,1
lhe,1
errors,1
sic,1
foci,1
angeles,1
historicity,1
oriental,1
stockholm,1
depositional,1
ridged,1
expended,1
good,1
pnmhrihop,1
humanism,1
legacy,1
interregional,1
mesopotamia,1
happenings,1
residents,1
corresponds,1
alterations,1
italics,1
responsibility,1
carry,1
anthropogeography,1
livelihoods,1
stage,1
straight,1
relating,1
next,1
box,1
exclusionary,1
peruvian,1
wandsnider,1
hallowed,1
diagnostic,1
ward,1
ramsden,1
subvert,1
specifically,1
floodplain,1
intervals,1
britannica,1
complexly,1
habitation,1
proximate,1
rrom,1
few,1
legitimize,1
transfer,1
brinkerhoff,1
elaborates,1
comfort,1
prestate,1
certainly,1
presence,1
observe,1
fixity,1
manchester,1
denotes,1
niches,1
protect,1
unreflexive,1
anthropos,1
usual,1
oklahoma,1
òetuement,1
coast,1
core,1
warranting,1
overemphasized,1
paleoecology,1
universities,1
necessity,1
antiauity,1
proper,1
coe,1
correspondence,1
cj,1
distinguishing,1
truthful,1
roots,1
french,1
cycle,1
appropriate,1
value,1
ortman,1
uncritical,1
sum,1
inform,1
waiting,1
dorchester,1
tyrannically,1
inevitability,1
subsequently,1
abbot,1
prescribed,1
settlers,1
cite,1
chronological,1
span,1
marked,1
contributes,1
comport,1
led,1
underlies,1
referent,1
noteworthy,1
ranging,1
investigating,1
critics,1
offsetting,1
anthologies,1
clara,1
absence,1
ridge,1
protecting,1
expanse,1
mesa,1
functioning,1
aldenderfer,1
microcosmic,1
chelley,1
unification,1
logically,1
sheer,1
glasgow,1
gradual,1
dampen,1
melbourne,1
overall,1
essex,1
expansion,1
bis,1
corporation,1
return,1
edges,1
islands,1
wetland,1
albany,1
grev,1
positioned,1
elusive,1
locating,1
reconstruction,1
tor,1
illustrating,1
realizing,1
pasti,1
currency,1
sponsored,1
builders,1
extremely,1
modes,1
newton,1
contra,1
convoluted,1
hold,1
religious,1
innovation,1
archaeoloev,1
southeast,1
biological,1
undergo,1
once,1
criticism,1
disposed,1
fair,1
philosophies,1
fit,1
stretch,1
cleveland,1
rules,1
acknowledgments,1
counterparts,1
message,1
perceivable,1
paradoxes,1
formally,1
populated,1
latitude,1
selective,1
severn,1
amidst,1
evidences,1
missing,1
antiauitv,1
nazca,1
participants,1
included,1
lowland,1
publishing,1
assistance,1
baltimore,1
inferences,1
outlined,1
broad,1
hay,1
belonging,1
preeminent,1
alien,1
sociohistorical,1
reports,1
prematurely,1
reliance,1
antihistoricism,1
cycladic,1
sometimes,1
hallmark,1
inference,1
lee,1
hilltop,1
kehoe,1
geomorphology,1
source,1
comprehend,1
resolution,1
critiques,1
name,1
yannie,1
impediment,1
westward,1
law,1
book,1
metaphysical,1
mediation,1
ethnohistorical,1
fell,1
baptist,1
academy,1
approaching,1
thresholds,1
reporting,1
ask,1
curator,1
usually,1
breakthrough,1
intellect,1
projects,1
lime,1
designing,1
generously,1
demographic,1
sandoval,1
five,1
signified,1
lacked,1
artists,1
santos,1
rejections,1
traceable,1
longer,1
lack,1
ley,1
conduct,1
scholars,1
superficial,1
minnesota,1
amenities,1
departments,1
creative,1
reformatting,1
bestows,1
depict,1
silently,1
essence,1
attempting,1
choice,1
eagle,1
fleure,1
enable,1
ambiguities,1
sociopolitcal,1
monumentality,1
incorporation,1
farming,1
demonstrating,1
forging,1
focuses,1
personality,1
debates,1
thenuse,1
clearly,1
appropriately,1
man,1
communicates,1
observes,1
biferno,1
fragments,1
simple,1
prolegomena,1
payment,1
aesthetic,1
men,1
rejuvenation,1
vallev,1
hand,1
evoke,1
promoted,1
formations,1
innovative,1
groth,1
road,1
developing,1
reassertion,1
superimposed,1
bender,1
multidimensionality,1
michael,1
heavily,1
council,1
necessary,1
maturity,1
minneapolis,1
inevitably,1
seminar,1
frequency,1
commercial,1
winterhaider,1
free,1
recommend,1
day,1
valleys,1
degree,1
tilley,1
institutions,1
compendiums,1
constrains,1
smallscale,1
demonstrated,1
synonym,1
matrix,1
breakdown,1
aggregation,1
analyzed,1
interrelated,1
private,1
referred,1
greatest,1
behaviors,1
enhances,1
exploring,1
extended,1
anthrodoloqv,1
anthrodolosv,1
intimate,1
multiplicities,1
indiana,1
considering,1
background,1
subjectivity,1
accompanying,1
unquestionably,1
represented,1
writings,1
trajectory,1
abo,1
arose,1
melanesian,1
parameter,1
distinctly,1
ethnology,1
theming,1
predominates,1
retains,1
merge,1
mortuary,1
manifestations,1
lanascapes,1
narrowness,1
empirical,1
entirely,1
combining,1
food,1
complement,1
tewa,1
assumption,1
oppose,1
assume,1
manifestation,1
engaging,1
siteless,1
resulting,1
exhibited,1
rare,1
real,1
debt,1
grounding,1
markers,1
previous,1
ofcranborne,1
huamelulpan,1
stratification,1
netherlands,1
anthology,1
attraction,1
ties,1
trade,1
media,1
adding,1
authors,1
communicated,1
murra,1
language,1
modernization,1
ireland,1
interpret,1
counter,1
mississippian,1
citv,1
christopher,1
determinist,1
reviewers,1
ecosystem,1
geographically,1
sacredness,1
everchanging,1
objectivism,1
causally,1
linking,1
stresses,1
stages,1
course,1
paths,1
configurations,1
accurate,1
southcentral,1
keen,1
peer,1
came,1
martin,1
nfthe,1
megaliths,1
imagination,1
spent,1
embedded,1
favored,1
societv,1
discarded,1
cogent,1
outcomes,1
geographies,1
arise,1
viewpoint,1
craft,1
composite,1
milpa,1
respectively,1
respond,1
terminologies,1
deliberate,1
isolating,1
lowie,1
hierarchical,1
cognition,1
confusing,1
enthusiastically,1
concluding,1
prehistorics,1
cybernetic,1
ethnohistory,1
wish,1
residue,1
analyze,1
greece,1
socially,1
twofold,1
adaptations,1
bestowed,1
breckenridge,1
forefront,1
invented,1
empiricist,1
tendency,1
wi,1
emberling,1
attend,1
atlas,1
evaluated,1
adaptive,1
embodied,1
recurring,1
cursus,1
signifying,1
behind,1
petroglyphs,1
arcnaeoiogy,1
fluid,1
examines,1
blackwater,1
separate,1
alaska,1
swidler,1
limiting,1
genesis,1
farm,1
eneland,1
nonwestern,1
consists,1
fifty,1
dunning,1
regardless,1
me,1
dual,1
processed,1
fairly,1
matrices,1
george,1
assert,1
broadened,1
maraña,1
domains,1
foreign,1
amherst,1
practitioners,1
purposes,1
rough,1
reasonable,1
indispensable,1
begin,1
heartland,1
bulletin,1
frogs,1
slow,1
bestow,1
un,1
seen,1
transformed,1
vayda,1
strongly,1
dissimilarity,1
ordering,1
precedents,1
force,1
juan,1
obligatory,1
effectively,1
macroand,1
contribution,1
suggestions,1
wilson,1
rapidly,1
incompatible,1
whereby,1
deals,1
similarities,1
paradigmatic,1
compiling,1
recipients,1
life,1
continually,1
segregate,1
fall,1
researcher,1
implies,1
surprising,1
prolegomenon,1
betweenness,1
permeability,1
phillips,1
get,1
aboriginal,1
nonhabitation,1
canada,1
administering,1
diñé,1
arts,1
mounds,1
grounded,1
resemble,1
rigorous,1
speak,1
forest,1
earliest,1
stable,1
biology,1
cambodge,1
addressed,1
effigy,1
sections,1
perturbation,1
ofthat,1
stereotyped,1
publicly,1
sensitive,1
then,1
orkney,1
monument,1
almqvist,1
rewriting,1
offsite,1
suite,1
ideationally,1
archaeologia,1
civilizations,1
exemplified,1
intensification,1
comparison,1
deep,1
founded,1
respective,1
athens,1
constituted,1
ever,1
extension,1
bush,1
slope,1
recognizable,1
organismic,1
visit,1
borrow,1
carl,1
temple,1
anaheim,1
sustained,1
houghton,1
recursive,1
imprecision,1
differentiated,1
methodologically,1
ground,1
positivist,1
dimension,1
respecting,1
flow,1
martinus,1
familiar,1
mutually,1
bucks,1
substantively,1
nonintensive,1
oubiña,1
illuminate,1
ration,1
correspond,1
cultures,1
hohokam,1
expanding,1
confident,1
roman,1
international,1
prominence,1
tandem,1
epitomized,1
gosden,1
semiotics,1
universal,1
report,1
regaining,1
epistemological,1
reliability,1
denver,1
contradictory,1
selectionist,1
wilkinson,1
referents,1
exhaustive,1
rely,1
far,1
goods,1
keos,1
rpainn,1
aerial,1
associations,1
going,1
tracts,1
guinea,1
u,1
consciousness,1
works,1
assessment,1
inspires,1
interactive,1
merely,1
person,1
feminist,1
redefined,1
subordinate,1
kluckhohn,1
animal,1
webs,1
alabama,1
gloss,1
reproduce,1
nerve,1
communicate,1
affirm,1
award,1
transmitted,1
month,1
combined,1
metaphy,1
cypriot,1
stability,1
list,1
maryland,1
want,1
underpinnings,1
residual,1
thirty,1
add,1
proven,1
attitudes,1
seasonal,1
signature,1
chicora,1
vigorously,1
recapturing,1
prepare,1
periphery,1
constitutionally,1
studying,1
require,1
divide,1
produce,1
nesting,1
property,1
patience,1
precedent,1
too,1
descendants,1
gachupín,1
kofyar,1
upper,1
queries,1
freedom,1
grand,1
plata,1
popular,1
conference,1
socioeconomic,1
intention,1
trees,1
careful,1
shetland,1
ill,1
protected,1
uniform,1
kin,1
contemporaneity,1
revolutions,1
elucidate,1
content,1
marquardt,1
kegwnai,1
african,1
giving,1
maori,1
eclecticism,1
tinkering,1
intimacies,1
step,1
agents,1
happens,1
bridges,1
synchronie,1
operate,1
obtain,1
presupposes,1
found,1
descendent,1
ucko,1
distinguishable,1
kelso,1
socializing,1
qualitative,1
indians,1
garland,1
maintained,1
vocal,1
representation,1
reaching,1
belize,1
subsumed,1
crosscultural,1
unexplored,1
venn,1
espouse,1
additional,1
archaeoloffv,1
tlaloc,1
layers,1
spirited,1
oversights,1
harvester,1
locations,1
differentiation,1
entity,1
fullcoverage,1
reaction,1
reveals,1
generate,1
petroglyph,1
similarity,1
finding,1
quest,1
bak,1
precise,1
recovering,1
washington,1
accept,1
aware,1
mode,1
alberta,1
regimental,1
crisis,1
dangerous,1
directionality,1
parallels,1
register,1
applicable,1
approximately,1
qualify,1
americas,1
operational,1
whitley,1
usa,1
intermixed,1
smaller,1
brighton,1
attributes,1
irreconcilable,1
effects,1
unravelling,1
colleagues,1
limitations,1
philosophy,1
gloucestershire,1
embodies,1
transcending,1
madison,1
typology,1
chelmsford,1
underlined,1
roughly,1
soils,1
anonymous,1
offered,1
observation,1
charles,1
vim,1
pioneering,1
removed,1
henges,1
substitute,1
materialism,1
pathways,1
broadening,1
deployment,1
prospects,1
justify,1
bell,1
gettysburg,1
sits,1
texcoco,1
norman,1
texts,1
cohesive,1
exclusively,1
encyclopedia,1
element,1
fullest,1
ownership,1
documentary,1
archeological,1
vagaries,1
divergent,1
abandoned,1
gulf,1
impress,1
images,1
immediately,1
glance,1
kuhn,1
seek,1
comparable,1
whenever,1
taylor,1
billman,1
cross,1
solve,1
profiles,1
successive,1
proponent,1
southeastern,1
close,1
customs,1
microscales,1
discern,1
constitution,1
lessons,1
continuously,1
