WORDCOUNTS,WEIGHT
the,1459
of,1314
and,1192
in,644
to,414
a,372
aquatic,280
that,275
for,252
or,207
on,168
from,166
have,161
with,160
sites,159
as,145
early,145
are,141
evidence,139
is,135
coastal,134
remains,134
by,132
human,130
at,126
j,123
marine,123
p,121
sea,119
were,113
about,111
adaptations,105
such,100
archaeological,98
relatively,97
et,94
been,94
other,92
some,90
shellfish,90
resources,87
m,87
be,87
years,86
also,84
archaeology,84
fish,83
maritime,83
use,81
pp,80
r,78
shell,74
coast,71
new,71
more,67
this,66
d,63
many,61
site,60
these,60
may,59
pleistocene,59
i,57
cave,57
paleolithic,56
not,56
than,55
resource,55
they,54
american,54
g,54
most,54
an,53
antiquity,53
terrestrial,53
c,53
found,52
where,49
it,48
their,48
university,48
l,47
erlandson,46
modern,45
along,45
but,45
s,43
was,43
world,42
between,42
humans,41
has,41
we,41
submerged,40
south,40
habitats,40
associated,40
california,39
journal,39
dated,39
africa,39
upper,38
our,38
prehistoric,37
can,37
north,37
n,36
there,35
homo,35
rybp,34
faunal,34
during,34
b,34
even,33
freshwater,33
km,33
large,32
evolution,32
hunting,32
age,32
mammals,32
middle,32
stone,31
record,31
fishing,31
cultural,31
small,31
several,31
ago,31
earliest,31
middens,31
last,30
bones,30
levels,30
subsistence,30
occupation,30
located,29
which,29
cambridge,29
development,28
islands,28
w,27
land,27
e,26
significant,26
bone,26
t,26
had,26
midden,26
productivity,26
southern,26
often,26
recent,26
australia,25
sapiens,25
late,25
etc,25
only,25
including,25
k,24
required,24
variety,24
shells,24
little,24
numerous,24
much,24
into,23
lower,23
holocene,23
old,23
hominids,23
number,23
science,23
peoples,23
level,23
role,23
h,22
de,22
island,22
when,22
economic,22
pacific,22
water,22
would,22
high,22
problems,22
fauna,22
studies,21
history,21
all,21
no,21
produced,21
shorelines,21
seafaring,21
western,20
anatomically,20
environments,20
societies,20
settlement,20
food,20
continental,20
now,19
if,19
first,19
nature,19
could,19
around,19
highly,19
limited,19
time,19
do,19
northern,19
anthropology,19
coastlines,18
long,18
localities,18
seems,18
how,18
generally,18
animals,18
used,18
least,18
presence,18
f,18
others,18
dating,18
prehistory,18
current,18
although,18
complex,17
economies,17
river,17
well,17
various,17
southeast,17
al,17
areas,17
abundant,17
any,17
one,16
origin,16
possible,16
interior,16
exploitation,16
ancestors,16
still,16
technologies,16
so,16
primarily,16
while,16
gibraltar,16
hominid,15
those,15
productive,15
excavations,15
northwest,15
research,15
especially,15
study,15
anthropological,15
colonization,15
suggests,15
deposits,15
technological,15
should,15
diversity,14
academic,14
earlier,14
changes,14
argued,14
near,14
data,14
people,14
mediterranean,14
strata,14
man,14
range,14
low,14
similar,14
like,14
versus,14
analysis,14
comes,14
series,14
different,14
global,14
very,14
paleoindian,14
among,14
foraging,13
archaeologists,13
sophisticated,13
economy,13
intensive,13
international,13
because,13
pericoastal,13
few,13
mammal,13
york,13
asia,13
two,13
europe,13
less,13
mousterian,13
questions,13
la,13
who,13
boats,13
natural,13
over,13
postglacial,13
them,13
whether,13
both,13
through,13
african,13
until,13
ca,13
groups,12
environmental,12
america,12
prior,12
important,12
artifacts,12
probably,12
scavenging,12
broad,12
work,12
shoreline,12
likely,12
interglacial,12
populations,12
same,12
scholars,12
diverse,12
japan,12
made,12
virtually,12
general,12
after,12
widespread,12
did,12
historical,12
must,12
models,12
quaternary,11
central,11
review,11
numbers,11
institute,11
caves,11
population,11
steep,11
documented,11
society,11
msa,11
fact,11
end,11
channel,11
see,11
lake,11
clear,11
date,11
cape,11
alaska,11
voyages,11
melanesia,11
what,11
intensification,11
contain,11
off,11
archaic,11
appear,10
available,10
vol,10
million,10
since,10
due,10
problem,10
out,10
further,10
tools,10
systematic,10
australian,10
ancient,10
quebrada,10
demographic,10
riverine,10
occupations,10
foods,10
morocco,10
another,10
rare,10
times,10
capabilities,10
occupied,10
andean,10
east,10
believe,10
erectus,10
just,10
animal,10
distribution,10
preserved,10
despite,10
include,10
need,10
france,10
arctic,9
represent,9
offshore,9
either,9
suggesting,9
great,9
atlantic,9
state,9
santa,9
clearly,9
show,9
olduvai,9
appearance,9
diet,9
density,9
its,9
description,9
my,9
behavior,9
san,9
museum,9
monte,9
marginal,9
shelf,9
voyaging,9
fundamental,9
adjacent,9
oregon,9
significance,9
lacustrine,9
dominated,9
characterized,9
provide,9
sometimes,9
bulletin,9
why,9
die,9
activities,9
zaire,8
currently,8
shelves,8
easily,8
before,8
source,8
british,8
case,8
spain,8
component,8
mussels,8
aterían,8
van,8
gathering,8
recovered,8
peru,8
plenum,8
greater,8
daisy,8
wide,8
protein,8
related,8
contains,8
below,8
suggest,8
up,8
periods,8
us,8
bar,8
taphonomic,8
played,8
preservation,8
shallow,8
widely,8
dietary,8
aboriginal,8
complexity,8
known,8
meat,8
rocksheiter,8
proceedings,8
seals,8
theory,8
almost,8
researchers,8
question,8
opinions,8
klein,8
chicago,8
substantial,8
given,8
difficult,7
common,7
later,7
systematically,7
eclectic,7
v,7
sources,7
taken,7
simple,7
offish,7
columbia,7
rates,7
peopling,7
developed,7
paper,7
possibly,7
kelders,7
shore,7
view,7
mainland,7
based,7
erosion,7
search,7
mugharet,7
appears,7
department,7
semliki,7
issues,7
peruvian,7
essentially,7
implications,7
perspectives,7
noted,7
considerable,7
present,7
ice,7
local,7
assemblages,7
skeletal,7
harvard,7
radiocarbon,7
lakes,7
indicate,7
spread,7
am,7
relative,7
species,7
smaller,7
yields,7
table,7
rapidly,7
types,7
rise,7
then,7
know,7
harvest,7
associations,7
guinea,7
past,7
thousands,7
des,7
reported,7
varied,7
effects,7
extremely,7
association,7
potential,7
gulf,7
pinniped,6
excavation,6
accumulation,6
containing,6
beds,6
raised,6
context,6
west,6
except,6
far,6
thus,6
terra,6
differential,6
predators,6
palaeolithic,6
back,6
geological,6
biombos,6
coasts,6
rather,6
importance,6
factors,6
skeleton,6
too,6
origins,6
beyond,6
yesner,6
equally,6
recently,6
aspects,6
occupants,6
part,6
neandertals,6
taxa,6
hidden,6
change,6
revolution,6
components,6
always,6
value,6
he,6
short,6
tlingit,6
crossings,6
nearly,6
cosquer,6
under,6
ethnographic,6
regional,6
barbed,6
pressure,6
klasies,6
model,6
strategies,6
assemblage,6
classes,6
israel,6
birds,6
largely,6
doubt,6
open,6
estuarine,6
points,6
period,6
aurignacian,6
evolutionary,6
hunters,6
today,6
success,6
sequences,6
considered,6
osborn,6
seem,6
report,6
living,6
unlikely,6
accounts,6
densities,6
produce,6
bathymetry,6
hundreds,6
beach,6
techniques,6
ignored,6
americas,6
preliminary,6
area,6
reached,6
o,5
done,5
red,5
wickler,5
mouth,5
mandu,5
flores,5
comparisons,5
oceania,5
lateral,5
reconstructions,5
might,5
continue,5
potentially,5
listed,5
within,5
el,5
occasional,5
bird,5
primary,5
discuss,5
colonized,5
shellfishing,5
against,5
vertebrates,5
representative,5
willandra,5
perspective,5
dates,5
find,5
seal,5
jones,5
poorly,5
higher,5
recognized,5
without,5
statements,5
remain,5
notion,5
creek,5
dc,5
lead,5
basin,5
viewed,5
intensity,5
cannot,5
acheulian,5
lebanon,5
los,5
significantly,5
italy,5
older,5
place,5
shelter,5
regions,5
upwelling,5
waterfowl,5
amphibious,5
results,5
florida,5
barbara,5
expansion,5
above,5
settings,5
verde,5
yet,5
reference,5
culture,5
costs,5
reliance,5
salmon,5
voyage,5
hearths,5
rock,5
idea,5
conclusions,5
generic,5
understanding,5
collecting,5
grotta,5
previously,5
theoretical,5
gates,5
collected,5
lie,5
oxbow,5
patterns,5
ornaments,5
examine,5
obsidian,5
southwest,5
rift,5
european,5
oxford,5
abundance,5
burned,5
rarely,5
nearshore,5
hell,5
cultures,5
specialized,5
particularly,5
destroyed,5
seasonal,5
debate,5
size,5
transition,5
lies,5
adapted,5
obtain,5
terminal,5
come,5
approximately,5
oldest,5
focus,5
calories,5
mostly,4
miguel,4
ksar,4
true,4
completely,4
necessarily,4
foragers,4
women,4
barriers,4
utilization,4
dramatically,4
comparatively,4
reach,4
broken,4
rich,4
composition,4
real,4
somewhat,4
depending,4
described,4
dearth,4
behavioral,4
mass,4
eurasia,4
compelling,4
combination,4
boise,4
fossil,4
correlation,4
climatic,4
arguments,4
explained,4
spectrum,4
mixed,4
cases,4
bay,4
body,4
response,4
drawn,4
apparently,4
stratum,4
plant,4
mesolithic,4
portrayed,4
molluscs,4
certain,4
special,4
thought,4
exceptional,4
parts,4
underwater,4
surface,4
efficient,4
requires,4
explain,4
suggested,4
unproductive,4
expressed,4
initial,4
glacial,4
evaluate,4
monograph,4
shark,4
limestone,4
haua,4
london,4
year,4
detailed,4
optimal,4
diversified,4
katanda,4
will,4
scientific,4
comparative,4
allen,4
relied,4
straus,4
included,4
home,4
rising,4
ornamental,4
increasingly,4
solomon,4
reporting,4
lack,4
washburn,4
crossing,4
debates,4
serious,4
anthropologist,4
ras,4
ryukyu,4
woman,4
ecology,4
boat,4
fundamentally,4
discovery,4
region,4
survey,4
processes,4
recovery,4
hunted,4
washington,4
adequately,4
storebaelt,4
neandertal,4
adaptive,4
note,4
crucial,4
ecological,4
lines,4
recognize,4
life,4
united,4
clovis,4
itself,4
problematic,4
environment,4
quilter,4
material,4
intertidal,4
changing,4
geographic,4
nutritional,4
physical,4
setting,4
best,4
scavengers,4
universal,4
themselves,4
examining,4
phd,4
growing,4
game,4
paleoecology,4
particular,4
opportunistic,4
thames,4
secure,4
migrations,4
okinawa,4
content,4
catfish,4
chile,4
shown,4
sediments,4
chemical,4
contributed,4
subsidence,4
consumption,4
involving,4
roughly,4
modeling,4
valley,4
traditional,4
melanesian,4
peabody,4
cross,4
broader,4
major,4
sandweiss,4
does,3
transportation,3
isotopie,3
limits,3
emeryville,3
estimated,3
altamira,3
separated,3
considerably,3
introduction,3
pushed,3
tule,3
screening,3
effective,3
diversification,3
live,3
remnants,3
cycles,3
occurred,3
tells,3
predominantly,3
came,3
production,3
ii,3
riparo,3
calcareous,3
england,3
definition,3
seaworthy,3
skills,3
includes,3
oyster,3
closer,3
help,3
chipped,3
vertebrate,3
opposite,3
existence,3
assumed,3
key,3
right,3
paleogeography,3
account,3
quantities,3
leakey,3
move,3
crossed,3
marginalized,3
beneath,3
evaluating,3
wherever,3
ranked,3
labor,3
interest,3
ability,3
basal,3
sp,3
rick,3
better,3
clark,3
document,3
compared,3
nubia,3
compare,3
biological,3
deeply,3
underemphasized,3
japanese,3
grimaldi,3
otter,3
whose,3
reflects,3
growth,3
across,3
breadth,3
landscape,3
peninsula,3
tybrind,3
polarized,3
fat,3
tidal,3
support,3
references,3
straits,3
understand,3
measured,3
clactonian,3
occupational,3
elsewhere,3
air,3
prevent,3
fagan,3
evaluation,3
glassow,3
method,3
mussel,3
beaver,3
tanzania,3
result,3
closely,3
carcasses,3
mollusks,3
lived,3
captured,3
base,3
accurately,3
left,3
sunda,3
though,3
focused,3
residential,3
biases,3
whale,3
sedentism,3
none,3
protected,3
psychological,3
knowledge,3
apparent,3
partly,3
reportedly,3
records,3
transported,3
oceans,3
nor,3
interpreted,3
towards,3
earth,3
social,3
responses,3
excavated,3
sense,3
presented,3
field,3
andes,3
le,3
quite,3
soil,3
consensus,3
dramatic,3
texas,3
annual,3
using,3
boegoeberg,3
moved,3
massive,3
critical,3
observations,3
libya,3
materials,3
identified,3
synthesis,3
return,3
inhibit,3
make,3
indicates,3
comments,3
single,3
once,3
forager,3
archaeologist,3
represents,3
paradox,3
me,3
ring,3
singer,3
turtles,3
falls,3
light,3
supposedly,3
already,3
algeria,3
maroc,3
skeletons,3
pinnipeds,3
inundated,3
journey,3
spend,3
varies,3
analytical,3
arlington,3
larger,3
john,3
distributions,3
seafarers,3
discussed,3
fragments,3
starvation,3
reproductive,3
ages,3
lions,3
monographs,3
paris,3
flightless,3
vast,3
distance,3
dunbar,3
recognizing,3
investment,3
examples,3
organisms,3
clottes,3
campsite,3
samples,3
determining,3
fedje,3
rivers,3
eden,3
states,3
theories,3
fteah,3
pattern,3
classify,3
comprehensive,3
ireland,3
amounts,3
individual,3
allowed,3
cutler,3
ethnological,3
methods,3
narrow,3
effect,3
greece,3
destruction,3
atlas,3
louisiana,3
space,3
eritrea,3
limpets,3
moss,3
seen,3
deposit,3
strongly,3
began,3
littoral,3
settled,3
quaternaria,3
gathered,3
variable,3
deposited,3
believed,3
extensive,3
sciences,3
argue,3
lakeshore,3
school,3
rely,3
las,3
utilized,3
spatial,3
da,3
exxon,3
statement,3
nautical,3
her,3
utilitarian,3
scavenged,3
virginia,3
danish,3
whales,3
travel,3
progress,3
occasionally,3
transport,3
alternatives,3
procure,3
yellen,3
easy,3
egyptian,3
harvesting,3
bridges,3
resolved,3
susceptible,3
formation,3
layers,3
grotte,3
lists,3
national,3
actively,3
temporal,3
archipelago,3
round,3
fine,3
francisco,3
shift,3
increased,3
summary,3
thousand,3
supported,3
territories,3
northwestern,3
images,3
southeastern,3
close,3
costly,3
deterioration,3
dip,2
resolve,2
go,2
indonesian,2
pah,2
baranof,2
testify,2
evaluations,2
way,2
stuart,2
clams,2
determine,2
expect,2
village,2
center,2
settlements,2
needed,2
boca,2
led,2
industry,2
cyprus,2
identify,2
reflections,2
schools,2
constitutes,2
prince,2
strictly,2
circeo,2
bias,2
paradigms,2
honshu,2
lamprey,2
reasonably,2
solutrean,2
stretches,2
steeply,2
viewpoints,2
blade,2
arguing,2
annals,2
du,2
contexts,2
test,2
fluctuations,2
being,2
gap,2
bed,2
cope,2
beringia,2
certainly,2
lyman,2
seabirds,2
pervasive,2
neolithic,2
harpoons,2
berkeley,2
investments,2
rapid,2
worked,2
stretch,2
height,2
route,2
multicomponent,2
relegating,2
flotation,2
conditions,2
differences,2
constituents,2
farmers,2
histories,2
accumulated,2
wave,2
locality,2
inland,2
roosevelt,2
watercraft,2
say,2
bismarck,2
platforms,2
ambiguous,2
threshold,2
visibility,2
weighing,2
erosional,2
issue,2
tuna,2
shellmound,2
recorded,2
eastern,2
assertions,2
iv,2
mesh,2
capable,2
ishango,2
activity,2
strand,2
intensively,2
brazil,2
leang,2
consumed,2
quantity,2
boreal,2
representing,2
hoxne,2
prevented,2
exposed,2
saltwater,2
truckee,2
amh,2
barton,2
visited,2
categorized,2
tables,2
swimming,2
dei,2
neighbors,2
intact,2
raises,2
walter,2
vanguard,2
barrier,2
century,2
priority,2
big,2
elements,2
developments,2
underlying,2
david,2
zooarchaeological,2
thermoluminescence,2
highest,2
transitional,2
holds,2
difficulty,2
kozushima,2
club,2
otters,2
egypt,2
truly,2
mechanical,2
explore,2
obscure,2
communication,2
terrestrially,2
ohalo,2
continuity,2
incidental,2
communities,2
via,2
mexico,2
his,2
camp,2
links,2
absent,2
angeles,2
influenced,2
interpretation,2
adapt,2
basic,2
institution,2
sizable,2
process,2
kao,2
approaches,2
represented,2
roche,2
landscapes,2
zeuner,2
greenwood,2
assuming,2
pages,2
elaborate,2
distant,2
uncertainties,2
coquille,2
melos,2
cueva,2
requiring,2
periodic,2
reason,2
modified,2
perceptions,2
colonizing,2
maintaining,2
redeposited,2
seas,2
spreading,2
proposed,2
gradually,2
accessibility,2
pullman,2
situations,2
four,2
commonly,2
additional,2
follow,2
hildebrandt,2
fixed,2
helped,2
gwaii,2
cut,2
artistic,2
behaviour,2
pursuits,2
location,2
inappropriately,2
spawning,2
access,2
inherent,2
planned,2
typical,2
inappropriate,2
undersea,2
deal,2
sedentary,2
events,2
zone,2
depictions,2
fishery,2
limp,2
handbook,2
province,2
burial,2
garrod,2
younger,2
publications,2
energy,2
harvested,2
franchthi,2
approached,2
brooks,2
sustenance,2
information,2
expensive,2
colonies,2
minimal,2
paleoenvironmental,2
y,2
tremendously,2
inexhaustible,2
mungo,2
avery,2
heavily,2
example,2
vertebrae,2
routinely,2
surprise,2
overview,2
discussions,2
rorida,2
préhistorique,2
shackleton,2
fruitful,2
lifeways,2
douglas,2
away,2
canberra,2
bp,2
reconstructing,2
alan,2
own,2
memoirs,2
attributed,2
following,2
approach,2
découverte,2
staple,2
successful,2
stabilization,2
cold,2
distances,2
indicators,2
next,2
fraught,2
accomplished,2
wider,2
smithsonian,2
portions,2
impossible,2
overemphasized,2
inability,2
jordan,2
burung,2
structuring,2
habilis,2
chronological,2
aurora,2
dalton,2
testifying,2
situation,2
reduced,2
absence,2
ridge,2
papua,2
lag,2
overall,2
play,2
tide,2
brief,2
harris,2
wetland,2
academy,2
reduce,2
pointed,2
garden,2
denmark,2
earthquakes,2
initially,2
biomass,2
seemingly,2
thailand,2
coberizas,2
examined,2
seaweed,2
rules,2
amata,2
fifth,2
quantify,2
pintada,2
idaho,2
compiled,2
antiauitv,2
forays,2
extinction,2
complete,2
floor,2
archeology,2
indian,2
buhl,2
largest,2
beginnings,2
hearth,2
picture,2
published,2
regardless,2
seasonally,2
tankard,2
beads,2
stated,2
feeders,2
toward,2
shows,2
bednarik,2
layer,2
contemporary,2
sondaar,2
variation,2
identical,2
workman,2
bony,2
men,2
enough,2
hand,2
geography,2
près,2
vulnerable,2
answer,2
tectonic,2
deep,2
arid,2
commercial,2
going,2
encountered,2
normative,2
link,2
lost,2
considering,2
explanation,2
renders,2
helps,2
formal,2
miyako,2
enormous,2
increase,2
tenets,2
varying,2
entirely,2
eaten,2
traded,2
factor,2
assume,2
congress,2
sequence,2
swim,2
individuals,2
examination,2
full,2
historic,2
stress,2
peripheral,2
sabine,2
risen,2
megafaunal,2
stages,2
harpoon,2
proximity,2
probable,2
lewisville,2
improved,2
kyr,2
procuring,2
puzzling,2
latter,2
exchange,2
never,2
manus,2
queen,2
comparing,2
salt,2
become,2
composite,2
interpretations,2
overcome,2
ann,2
crc,2
omnivores,2
masek,2
primitive,2
admiralty,2
haven,2
préhistoire,2
arbor,2
increases,2
hunt,2
said,2
manner,2
crete,2
discussing,2
elderly,2
flesh,2
vegas,2
aid,2
movements,2
impressive,2
paleoshorelines,2
begin,2
male,2
investigators,2
hominidae,2
yale,2
force,2
effectively,2
millennia,2
contribution,2
comment,2
perhaps,2
dans,2
stiner,2
hope,2
drinking,2
unusual,2
influencing,2
regularly,2
addressed,2
abandonment,2
seriously,2
reviewing,2
mentioned,2
predictions,2
demonstrate,2
simply,2
economically,2
characteristics,2
precise,2
bronze,2
masses,2
ignore,2
reconnaissance,2
circumpolar,2
minerals,2
hoodjies,2
coincides,2
favorably,2
intellectual,2
each,2
marmes,2
herolds,2
methodist,2
capability,2
contained,2
exploration,2
nutritious,2
appendix,2
senri,2
erectas,2
emergence,2
visiting,2
aggregations,2
epistemological,2
foundation,2
linked,2
unburned,2
cantabrian,2
comptes,2
mollusk,2
sierra,2
masters,2
advances,2
evident,2
beginning,2
camps,2
william,2
monk,2
carefully,2
combined,2
methodological,2
elands,2
making,2
plants,2
bivalves,2
agricultural,2
signature,2
adaptation,2
extent,2
waters,2
require,2
yield,2
anchorage,2
nj,2
conclude,2
press,2
variability,2
assumptions,2
jim,2
extended,2
condition,2
nonhuman,2
opportunistically,2
duinefontein,2
niveau,2
phenomenon,2
isolated,2
definitions,2
yielded,2
iberian,2
colten,2
shores,2
northeast,2
rosa,2
survival,2
caloric,2
paradigm,2
cemented,2
accept,2
acidity,2
course,2
correlated,2
colonisation,2
defined,2
mochi,2
landforms,2
parmalee,2
anonymous,2
deer,2
searching,2
removed,2
charlotte,2
settle,2
rest,2
pedra,2
tiffany,2
johnson,2
carrion,2
sharing,2
array,2
predictable,2
comparable,2
whenever,2
devastated,2
showed,2
deeper,2
gagliano,1
salmonid,1
woven,1
dipping,1
rate,1
doubts,1
mollusca,1
accomplish,1
destroying,1
lipid,1
antecedents,1
unit,1
insect,1
populous,1
habitable,1
stood,1
plunging,1
commitment,1
tribesmen,1
compensate,1
bioindicators,1
encouraged,1
cyrenaican,1
abdur,1
mackeral,1
morphology,1
excess,1
extend,1
resulted,1
hypersaline,1
mysteries,1
uplands,1
margins,1
vogue,1
dissolution,1
tracked,1
yam,1
seances,1
débénath,1
extends,1
ultimate,1
conchero,1
minimum,1
distributed,1
pools,1
asian,1
heal,1
mitteilungen,1
ana,1
limpet,1
ample,1
confidence,1
elaborated,1
larry,1
enhance,1
tend,1
noncultural,1
symbolize,1
uncomfortable,1
maize,1
precede,1
linkages,1
formed,1
second,1
direct,1
asserted,1
sets,1
withered,1
shipping,1
walker,1
bamboo,1
earthly,1
outpaced,1
favor,1
park,1
ardent,1
ratio,1
decade,1
trace,1
geometric,1
potentials,1
predictor,1
organic,1
incredible,1
bioarcheology,1
vestiges,1
turtle,1
total,1
observing,1
cornell,1
harvests,1
octopi,1
economics,1
vs,1
exceptions,1
something,1
australians,1
clam,1
migration,1
eye,1
nice,1
territorial,1
princeton,1
controlled,1
décalcification,1
dose,1
aleutian,1
contact,1
henshilwood,1
generalization,1
leads,1
porous,1
journeys,1
negative,1
mitigated,1
castonet,1
consistent,1
anything,1
synonymous,1
ideas,1
fraction,1
transitions,1
archaeoloeica,1
succeed,1
usa,1
lightly,1
walnut,1
subtidal,1
majority,1
européenne,1
exclusive,1
exaggerated,1
medieval,1
path,1
give,1
stranded,1
longer,1
culturally,1
concentrated,1
feeling,1
anomalies,1
diego,1
address,1
attempt,1
anywhere,1
permanently,1
fragmentary,1
invertebrates,1
freely,1
experiments,1
supplied,1
editions,1
lifeline,1
uncovering,1
gary,1
logically,1
company,1
rhode,1
shaped,1
principles,1
gorge,1
attractive,1
menlo,1
tradition,1
dumbarton,1
leading,1
secondary,1
fernandezjalvo,1
governed,1
accompanied,1
butter,1
turnover,1
macneish,1
thank,1
timing,1
torres,1
producing,1
confront,1
forage,1
excessive,1
studied,1
ephemeral,1
government,1
lumped,1
hundred,1
mississippi,1
renfrew,1
scheme,1
carnegie,1
begun,1
take,1
niche,1
subsequent,1
efficiently,1
achieved,1
feature,1
bering,1
halfan,1
kurile,1
rudimentary,1
paddles,1
floral,1
greatly,1
precisely,1
migrated,1
mr,1
geoffrey,1
waselkov,1
advantages,1
depleted,1
harcourt,1
revise,1
climate,1
surveys,1
dd,1
nina,1
deteriorated,1
morwood,1
papers,1
tragedy,1
contents,1
devaluation,1
vansuard,1
faught,1
belong,1
inquiry,1
wa,1
documenting,1
fossils,1
rim,1
suspect,1
dr,1
projectile,1
edges,1
iii,1
basketry,1
californianus,1
portugal,1
reassessed,1
glaciation,1
anthropologists,1
task,1
unaware,1
capacity,1
prone,1
translations,1
agriculture,1
ackerman,1
representations,1
exception,1
changed,1
gardens,1
huon,1
greg,1
constraints,1
bloom,1
innocuous,1
reclivita,1
facilitating,1
burning,1
characterize,1
reaching,1
limitless,1
raft,1
feinman,1
duck,1
torben,1
diets,1
richard,1
occupy,1
seagulls,1
naturalist,1
countered,1
ragusa,1
transcend,1
oregonuoregonedu,1
symbolic,1
longevity,1
point,1
rutingaze,1
combine,1
uncertain,1
cited,1
experiencing,1
dynamic,1
bottom,1
haida,1
bailey,1
facto,1
message,1
nonornamental,1
blubber,1
todd,1
castor,1
weirs,1
modem,1
collection,1
courtin,1
redating,1
phenomenal,1
internationaljournal,1
avenues,1
repeatedly,1
dripstone,1
vai,1
mistake,1
technologically,1
cronoestratigráfica,1
prey,1
throughout,1
deux,1
ocupación,1
unflooded,1
timber,1
reservoir,1
actual,1
medeterraneo,1
dependence,1
germany,1
maledominated,1
surely,1
fayetteville,1
relationships,1
anoxic,1
veracity,1
blofribos,1
dotted,1
estimating,1
severe,1
facts,1
weir,1
copenhagen,1
pursue,1
countless,1
calculated,1
revisited,1
haggarty,1
manatees,1
sediment,1
integral,1
terraces,1
group,1
ofheceta,1
millennium,1
ethnohistorical,1
regarded,1
unspecified,1
acta,1
overcoming,1
ethology,1
shaft,1
attested,1
reliably,1
afford,1
price,1
exist,1
essex,1
cantabria,1
jr,1
acomplished,1
insisted,1
rendus,1
topic,1
entire,1
expected,1
comprised,1
learning,1
forced,1
espoused,1
kind,1
noli,1
estimates,1
uncounted,1
paleoindians,1
ct,1
koniag,1
coarser,1
places,1
transcends,1
solvers,1
refer,1
memorandum,1
mollusc,1
convincing,1
profound,1
causing,1
contrary,1
bread,1
quantifying,1
generated,1
flawed,1
young,1
served,1
groube,1
allowing,1
attests,1
maxima,1
cohen,1
continuous,1
third,1
cockles,1
clock,1
vancouver,1
thin,1
ranking,1
died,1
storage,1
kelly,1
memoir,1
unresolved,1
faune,1
look,1
deflocculation,1
dolphin,1
tucson,1
critique,1
tentatively,1
departed,1
mammoths,1
stephen,1
climates,1
inviting,1
cooperative,1
pronounced,1
shall,1
israeli,1
influence,1
according,1
montebello,1
virtual,1
subsisted,1
hangover,1
selectively,1
collagen,1
divergence,1
opposed,1
interesting,1
hero,1
hecate,1
aborigines,1
advancement,1
conchas,1
mytilus,1
vermeersch,1
essential,1
hesitant,1
russian,1
unravel,1
predicted,1
acid,1
tasih,1
roadcut,1
observers,1
bring,1
chuck,1
destroy,1
uhle,1
main,1
vanished,1
separately,1
unstudied,1
mountain,1
haanas,1
influential,1
square,1
explicit,1
rapids,1
radius,1
plunges,1
capture,1
myself,1
di,1
conceptions,1
deliberately,1
suffer,1
afforded,1
opportunity,1
dealt,1
pressing,1
vitamins,1
sirenians,1
arich,1
copeia,1
persistent,1
eight,1
selectionist,1
pikimachay,1
mammalia,1
amazonian,1
hazardous,1
republic,1
skhul,1
strange,1
makes,1
restes,1
tui,1
white,1
undoubtedly,1
govern,1
digestible,1
von,1
scattered,1
risks,1
howe,1
shining,1
ep,1
tower,1
solutions,1
affect,1
plus,1
stand,1
rib,1
marks,1
biased,1
alaskan,1
civilizations,1
quarterly,1
objects,1
established,1
discouraged,1
eventually,1
mean,1
tsunamis,1
specialization,1
temara,1
densitydependent,1
neutral,1
den,1
bit,1
lima,1
stored,1
latin,1
artefact,1
unimportant,1
jaguay,1
tectonics,1
articulated,1
house,1
arqueología,1
landing,1
frequently,1
reviewed,1
margin,1
undated,1
orientation,1
misconceptions,1
flats,1
endless,1
delta,1
exploited,1
stewart,1
lithic,1
calcium,1
form,1
albuquerque,1
biotic,1
occupying,1
protection,1
isolation,1
idealized,1
modeled,1
position,1
ultimately,1
prairie,1
stocker,1
chronometrie,1
capping,1
reconsideration,1
archeological,1
breccia,1
specimens,1
salzgitterfreshwater,1
projected,1
fed,1
posición,1
providing,1
decades,1
sanaran,1
gamble,1
stands,1
categorical,1
kraft,1
paragraph,1
reachhave,1
constructive,1
assessments,1
charcoal,1
epilogue,1
experimentation,1
raw,1
uses,1
standards,1
nicely,1
incomplete,1
antiquaries,1
laziness,1
whom,1
memory,1
basalt,1
underrepresented,1
allow,1
diverging,1
canada,1
nouveaux,1
medicine,1
carrying,1
extraordinary,1
traditionally,1
savagery,1
individually,1
reidhead,1
combinations,1
punt,1
baton,1
ambiguity,1
oliva,1
missouri,1
collectively,1
vulnerability,1
omnivorous,1
botswana,1
ocean,1
poor,1
facilitate,1
criticisms,1
noting,1
sight,1
extinct,1
possibility,1
artistically,1
philosophical,1
attained,1
cores,1
stepping,1
term,1
prograding,1
abyssal,1
hippo,1
windrows,1
generalists,1
traits,1
equal,1
fishermen,1
wales,1
engraved,1
rightfully,1
block,1
oldu,1
soviet,1
indirect,1
treat,1
française,1
osmore,1
dispersal,1
meet,1
suffered,1
buffer,1
otherwise,1
outside,1
dna,1
coasting,1
dan,1
explored,1
dwellers,1
levant,1
overpopulation,1
acknowledgments,1
flaked,1
cornucopia,1
criteria,1
experiment,1
silver,1
technical,1
senga,1
emblematic,1
hogg,1
globally,1
failure,1
claassen,1
lakeside,1
products,1
betterdocumented,1
lateholocene,1
kg,1
marsh,1
veritable,1
ethnographically,1
anna,1
planning,1
intense,1
scope,1
responding,1
tool,1
ideal,1
analyze,1
competent,1
heart,1
imagined,1
unless,1
ecologie,1
rat,1
simms,1
thorne,1
breeding,1
anadromous,1
explains,1
recherche,1
proportions,1
projectiles,1
furrows,1
marean,1
gender,1
aetokremnos,1
caught,1
tip,1
geology,1
revista,1
fairy,1
dozens,1
loss,1
whole,1
literature,1
gave,1
kilu,1
intermediate,1
horn,1
millions,1
purisimeño,1
reduces,1
constitute,1
gatherers,1
falling,1
reoccupied,1
structures,1
runs,1
transkei,1
geoarchaeolosy,1
inferred,1
call,1
personal,1
proliferation,1
illustrative,1
gear,1
elegant,1
lusso,1
formations,1
tongass,1
cone,1
rybr,1
differentially,1
fieldwork,1
breakdown,1
horizon,1
class,1
elephant,1
universally,1
radically,1
cascadia,1
heuristic,1
refuse,1
aikens,1
bodies,1
inconclusively,1
boegeberg,1
thrived,1
situational,1
depositional,1
good,1
gisements,1
hut,1
reconciling,1
solution,1
submergence,1
punctuated,1
brush,1
giant,1
caused,1
declining,1
hard,1
working,1
arkansas,1
laborious,1
sahul,1
hurdles,1
anomaly,1
reliable,1
resolving,1
canoe,1
flemming,1
sessile,1
box,1
grass,1
order,1
contrast,1
zoologische,1
stimulated,1
claim,1
arbitrary,1
emerging,1
iberia,1
cartilaginous,1
involved,1
patiently,1
prized,1
heat,1
buka,1
affluent,1
dried,1
leland,1
leaves,1
sufficient,1
astounding,1
broughton,1
prominent,1
migrating,1
ill,1
executed,1
patience,1
transfer,1
competitive,1
cool,1
stones,1
athenischer,1
heller,1
antiguity,1
operationalize,1
antiques,1
seeds,1
biannual,1
llagostera,1
tens,1
dedicated,1
su,1
perlman,1
visible,1
lifestyle,1
entina,1
slopes,1
dependent,1
scavenge,1
tethered,1
emery,1
icthyofaunal,1
organs,1
notes,1
weigh,1
axes,1
grateful,1
developmental,1
rodgers,1
akrotiri,1
valuable,1
sophistication,1
geographical,1
dictated,1
bolstered,1
fiber,1
seemed,1
lopes,1
piscine,1
hauled,1
project,1
portion,1
angoon,1
counteract,1
bedrock,1
hydrophobia,1
anders,1
lsa,1
catalysts,1
inhabit,1
chains,1
minor,1
neanderthals,1
advocate,1
attempts,1
actualistic,1
logistical,1
supérieur,1
opening,1
gather,1
impacts,1
action,1
britain,1
mark,1
paralyzed,1
rule,1
mechanisms,1
gradual,1
positions,1
blessed,1
subject,1
birthing,1
asked,1
corporation,1
mangrove,1
drops,1
cuisine,1
prevailing,1
fruitless,1
object,1
prove,1
moscerini,1
gruta,1
stratigraphy,1
pile,1
newe,1
humains,1
accumulations,1
argument,1
depressed,1
incredibly,1
outer,1
movement,1
modes,1
newton,1
zoology,1
put,1
amotape,1
decisions,1
innovation,1
selection,1
structural,1
kills,1
vicinity,1
reptiles,1
percentage,1
cachel,1
rené,1
brackish,1
ubiquity,1
collect,1
depicted,1
accumulate,1
springs,1
lowering,1
flake,1
tremendous,1
unattractive,1
saldanha,1
accident,1
caveat,1
qafzeh,1
dolphins,1
chronology,1
paleontological,1
neither,1
differentiate,1
temperate,1
processing,1
editorial,1
micromorphology,1
cod,1
subduction,1
carbonate,1
abandon,1
lamps,1
choices,1
stratigraphie,1
subarctic,1
experimental,1
inferences,1
tortoise,1
planet,1
hay,1
noaa,1
reply,1
odds,1
provocative,1
illustrated,1
chilardi,1
shallower,1
reports,1
unusually,1
friend,1
fawcett,1
sealed,1
ambiguities,1
harper,1
jon,1
double,1
units,1
volume,1
ramandils,1
continent,1
hippos,1
members,1
oldowan,1
successfully,1
laterally,1
unlimited,1
continents,1
displacement,1
juxtaposing,1
interview,1
reasserting,1
centro,1
again,1
megafauna,1
renewed,1
solomons,1
locating,1
thresholds,1
whaling,1
piled,1
printing,1
accumulates,1
madonna,1
halibut,1
motifs,1
addition,1
added,1
financial,1
missing,1
excellent,1
efforts,1
gigantic,1
artists,1
faster,1
paramount,1
limit,1
preserve,1
blur,1
head,1
instability,1
marseilles,1
utilizing,1
afraid,1
iceberg,1
ambrosio,1
overemphasis,1
insular,1
outdated,1
contradict,1
together,1
really,1
koolan,1
habitat,1
somewhere,1
strait,1
androcentrism,1
widening,1
multiregional,1
snail,1
utilize,1
mammoth,1
reasons,1
interim,1
honor,1
wesleyan,1
forms,1
procurement,1
took,1
proverbial,1
bovids,1
learn,1
keefer,1
shipwreck,1
chain,1
centre,1
haul,1
secrets,1
penchant,1
gorges,1
en,1
taphonomy,1
purposes,1
dalles,1
pleistoceneholocene,1
accepted,1
armed,1
evaporative,1
paleodelta,1
michael,1
aliya,1
judith,1
pygmy,1
meant,1
royal,1
practice,1
disparity,1
focusing,1
tiny,1
native,1
teeth,1
bass,1
acids,1
kanaka,1
lean,1
burdened,1
ignoring,1
impoverished,1
shifts,1
locations,1
remarkably,1
ertebolle,1
cremation,1
identifiable,1
artifact,1
stance,1
interpreting,1
demonstrated,1
status,1
nonetheless,1
largesse,1
greatest,1
oil,1
encounter,1
discussion,1
coherent,1
disease,1
survive,1
background,1
treated,1
rendered,1
stronger,1
upon,1
insulation,1
uplift,1
limitations,1
trajectory,1
logs,1
ogasawara,1
transformed,1
cherbourg,1
seabird,1
manufactured,1
unpredictable,1
dollar,1
contacts,1
distinctive,1
recover,1
complexities,1
mosaic,1
wonder,1
estuaries,1
uncovered,1
host,1
seashore,1
bathymétrie,1
austronesian,1
waste,1
ponds,1
linking,1
complement,1
bluefin,1
station,1
residues,1
coos,1
sampled,1
granted,1
causes,1
aside,1
submitted,1
disproved,1
kitchen,1
story,1
engaged,1
unanimity,1
nothing,1
merit,1
metabolized,1
golf,1
contradicts,1
previous,1
write,1
relegated,1
embark,1
connected,1
stultifying,1
lucrative,1
rouge,1
krings,1
photosynthetic,1
involves,1
discontinuities,1
weaving,1
roberts,1
trade,1
jellyfish,1
prédation,1
discovered,1
peripheralize,1
imazio,1
three,1
erosive,1
humanity,1
poisoning,1
elk,1
authors,1
seasons,1
language,1
obtaining,1
eaters,1
logic,1
brink,1
fitzhugh,1
leave,1
symposium,1
controversies,1
divisions,1
boundary,1
meriam,1
optimum,1
andpalaeoenvironments,1
features,1
curve,1
sands,1
traveled,1
obtained,1
cormorant,1
survivability,1
keen,1
bliege,1
provides,1
caspian,1
postpleistocene,1
spent,1
artificial,1
unambiguous,1
cetacean,1
palaeontological,1
dichotomized,1
mariners,1
systems,1
incapable,1
coral,1
constructing,1
viewpoint,1
thome,1
deliberate,1
seattle,1
availability,1
structure,1
james,1
galilee,1
acidic,1
subcutaneous,1
horse,1
pathway,1
ate,1
locales,1
equivalent,1
attracted,1
streams,1
uninterrupted,1
literally,1
prentice,1
rabat,1
jerry,1
evaluated,1
remarkable,1
controversial,1
sociopolitical,1
sur,1
inferior,1
investigations,1
brazos,1
concluded,1
residing,1
justice,1
essentials,1
seascape,1
antoinette,1
anatomy,1
fostered,1
separate,1
increasing,1
carried,1
primate,1
accepting,1
unifacial,1
topography,1
assigned,1
applications,1
glass,1
visits,1
mitigate,1
procedures,1
payoffs,1
publishing,1
richest,1
reviewer,1
she,1
raise,1
flowstone,1
continued,1
regular,1
auk,1
opportunism,1
usually,1
five,1
marines,1
meats,1
fontana,1
testing,1
fully,1
pieces,1
izu,1
unwarranted,1
arrow,1
nadel,1
fvn,1
tundra,1
vertical,1
florescence,1
insufficient,1
predict,1
trait,1
means,1
dimensions,1
ritualized,1
facchini,1
intersection,1
concluding,1
un,1
kelp,1
degradation,1
société,1
lives,1
tangier,1
specific,1
criticized,1
omnivory,1
gonzalez,1
similarities,1
plains,1
length,1
onshore,1
strides,1
testifies,1
humic,1
efficiency,1
hi,1
diagnostic,1
existed,1
clench,1
invisible,1
greenland,1
surprising,1
geoff,1
dead,1
confronts,1
kenya,1
stratified,1
gobies,1
fluctuate,1
fields,1
creatures,1
paleocoastal,1
face,1
worlds,1
mounds,1
nowhere,1
bank,1
eugene,1
sound,1
widest,1
mud,1
thick,1
stable,1
biology,1
matters,1
jomon,1
atmandu,1
claims,1
calorie,1
differentiated,1
paléorient,1
heavy,1
placed,1
thinking,1
kamchatka,1
actually,1
suite,1
rea,1
meddelingen,1
acheulean,1
conclusion,1
foraged,1
version,1
echinoderms,1
comparison,1
consider,1
circumstances,1
orlando,1
australis,1
solitary,1
ever,1
determinants,1
dubious,1
barbarism,1
crab,1
menendez,1
fluctuating,1
johnstons,1
discrete,1
southward,1
driving,1
grottes,1
carl,1
preserves,1
temple,1
nuova,1
appealing,1
here,1
alternative,1
overexploitation,1
nonindustrial,1
extolled,1
butler,1
quickly,1
drowned,1
defining,1
sardines,1
supposed,1
glowing,1
proof,1
gaps,1
monthly,1
readily,1
situationally,1
avifauna,1
worth,1
december,1
depression,1
distinctions,1
sizes,1
trogontherium,1
sulawesi,1
aterien,1
nets,1
unknown,1
ubiquitous,1
equivocal,1
daily,1
half,1
luminescence,1
southernmost,1
wall,1
surprised,1
regard,1
scenario,1
numbering,1
minimized,1
seldom,1
feed,1
counting,1
cotiere,1
exploiting,1
apalachee,1
disperse,1
lancaster,1
goods,1
researches,1
edible,1
reflected,1
explicitly,1
chumash,1
innumerable,1
richardson,1
scores,1
inspires,1
davidson,1
alluvial,1
respect,1
turned,1
miami,1
naie,1
flexibility,1
noise,1
killed,1
correlate,1
explanations,1
defy,1
automatically,1
deteriorate,1
microlithic,1
exposing,1
notable,1
investigation,1
androcentric,1
rose,1
terms,1
meticulous,1
reconcile,1
list,1
every,1
saltor,1
vig,1
interglacials,1
trinity,1
imposed,1
libido,1
anchovies,1
add,1
baja,1
maintain,1
juxtaposed,1
beaches,1
firmly,1
interval,1
ciarias,1
leaving,1
egg,1
fascination,1
saddle,1
scheduling,1
foundations,1
create,1
oils,1
nmfs,1
floats,1
dark,1
proposing,1
huge,1
u,1
dentition,1
submergés,1
emphasis,1
transgression,1
coastally,1
threat,1
italian,1
megamidden,1
baler,1
art,1
cuvieri,1
varieties,1
paintings,1
multidisciplinaria,1
careful,1
unsophisticated,1
determined,1
multiple,1
pits,1
utilisation,1
disparate,1
affecting,1
hyperarid,1
introduced,1
hominization,1
floors,1
corvallis,1
riera,1
tried,1
hyena,1
step,1
situated,1
congenial,1
dismal,1
prehistórica,1
went,1
exceeded,1
cormorants,1
screen,1
palaeoindian,1
programs,1
manufacturing,1
indebted,1
chub,1
buang,1
maintained,1
gain,1
eroding,1
aspect,1
oceanic,1
disturbance,1
ethnology,1
mature,1
ibex,1
saw,1
centennial,1
burrill,1
distinguish,1
categorically,1
average,1
advent,1
nile,1
americana,1
recovering,1
obliterated,1
bibliography,1
watt,1
aware,1
proteins,1
crisis,1
dangerous,1
offer,1
preceramic,1
lively,1
typically,1
dense,1
uplifted,1
specialists,1
green,1
paleogeographic,1
provided,1
mas,1
meeting,1
dilute,1
artefacts,1
baleen,1
disintegrated,1
epigravettian,1
indonesia,1
obvious,1
préhistoriques,1
classification,1
reconstrucción,1
flora,1
copeland,1
cell,1
certainty,1
drying,1
interdisciplinary,1
khormusan,1
exhaustive,1
painted,1
therefore,1
denser,1
prospects,1
retreating,1
vary,1
cheaper,1
turban,1
thicker,1
tasmania,1
views,1
maximum,1
exclusively,1
encyclopedia,1
element,1
scholarly,1
nino,1
beaton,1
divergent,1
dental,1
académie,1
strong,1
kuhn,1
zones,1
unequivocal,1
arnold,1
building,1
taiwan,1
indicating,1
built,1
molluscan,1
storey,1
draft,1
laws,1
preconceptions,1
bury,1
perception,1
looking,1
figueira,1
hypothesis,1
