WORDCOUNTS,WEIGHT
of,637
the,514
and,475
in,333
to,272
a,239
that,138
is,129
methods,123
archaeological,115
quantitative,106
for,92
analysis,88
as,82
are,76
have,71
pp,69
archaeology,67
or,65
this,63
be,59
with,58
data,55
has,53
from,52
these,51
it,48
i,45
m,43
an,42
science,42
on,42
use,41
by,40
their,39
models,39
they,38
more,38
spatial,38
new,37
not,37
archaeologists,36
journal,35
while,35
some,34
statistical,32
at,31
p,31
information,31
been,29
american,28
most,27
can,26
modeling,26
j,25
which,25
statistics,25
will,25
used,24
antiquity,24
there,23
development,23
no,23
university,22
r,22
approach,22
should,22
approaches,21
method,21
computer,21
about,21
many,21
number,21
we,21
applications,21
what,21
within,20
such,20
than,20
was,20
useful,20
research,20
them,20
but,19
those,18
very,18
mathematics,18
compositional,17
upon,17
different,17
our,17
studies,16
into,16
how,16
k,16
faunal,16
et,16
d,16
systems,16
one,15
other,15
had,15
make,15
were,15
problems,15
theory,15
although,15
review,14
graduate,14
do,14
students,14
both,14
gis,13
undergraduate,13
application,13
training,13
mathematical,13
also,13
through,13
measures,12
complex,12
h,12
aldenderfer,12
since,12
process,12
flexible,12
well,12
two,12
its,12
us,12
empirical,12
resampling,12
his,11
l,11
basic,11
multivariate,11
quantification,11
few,11
simple,11
model,11
series,11
anthropology,11
develop,11
much,11
recent,11
if,10
debris,10
s,10
g,10
developed,10
t,10
because,10
work,10
part,10
change,10
field,10
simulation,10
made,10
formal,10
anthropological,10
set,10
size,10
programs,10
context,9
papers,9
measurement,9
relatively,9
archaeometry,9
important,9
applied,9
ot,9
reduction,9
social,9
using,9
microwear,9
robust,9
assemblages,9
theoretical,9
success,9
geographic,9
course,9
specific,9
c,8
take,8
possible,8
behavior,8
clustering,8
understand,8
numbers,8
international,8
good,8
progress,8
statisticians,8
baxter,8
bar,8
analytical,8
see,8
study,8
intrasite,8
often,8
any,8
over,8
best,8
between,8
given,8
does,7
utility,7
being,7
analyses,7
interest,7
bone,7
sample,7
dates,7
general,7
just,7
based,7
literature,7
during,7
artifact,7
predictive,7
results,7
correspondence,7
interpretation,7
under,7
only,7
others,7
radiocarbon,7
provide,7
who,7
seen,7
little,7
courses,7
techniques,7
measure,7
think,7
cambridge,7
nonlinear,7
counts,7
designer,6
center,6
modern,6
sources,6
might,6
discipline,6
diversity,6
old,6
may,6
york,6
sort,6
lithic,6
uses,6
my,6
effort,6
trends,6
least,6
sense,6
dependent,6
f,6
materials,6
scientific,6
southern,6
oxford,6
regional,6
time,6
pattern,6
manner,6
perhaps,6
understanding,6
range,6
three,6
would,6
artificial,6
especially,6
teach,6
structure,6
primarily,6
types,6
when,6
subfields,6
simply,6
oi,6
paper,6
did,6
current,6
inference,6
historical,6
animal,6
always,6
variability,6
world,6
effects,6
potential,6
create,6
strong,6
major,6
now,5
done,5
meaning,5
suggested,5
introduction,5
something,5
themes,5
way,5
either,5
desire,5
real,5
principal,5
archaeologist,5
poorly,5
distribution,5
site,5
rather,5
across,5
similar,5
importance,5
b,5
polishes,5
show,5
modeled,5
lead,5
could,5
found,5
academic,5
cultural,5
reviews,5
tools,5
required,5
aspects,5
almost,5
overview,5
place,5
issues,5
subfield,5
small,5
methodological,5
likely,5
various,5
limited,5
once,5
archaeometric,5
goals,5
teaching,5
really,5
ringrose,5
continue,5
theories,5
compositions,5
help,5
so,5
decision,5
me,5
class,5
introductory,5
thinking,5
practice,5
predictions,5
known,5
each,5
interested,5
whether,5
making,5
problem,5
discriminant,5
level,5
despite,5
illinois,5
integrated,5
define,5
remains,5
early,5
difficult,4
disaggregated,4
environmental,4
e,4
long,4
lyman,4
attempt,4
all,4
great,4
composition,4
improved,4
state,4
evaluation,4
occasional,4
depending,4
mass,4
design,4
vol,4
obvious,4
human,4
goal,4
thus,4
quality,4
quantifying,4
perspective,4
body,4
like,4
critique,4
borrowing,4
probability,4
paleolithic,4
space,4
sorts,4
exploratory,4
reviewed,4
situations,4
beyond,4
numerical,4
result,4
demands,4
emerge,4
late,4
elemental,4
sites,4
basis,4
example,4
description,4
whole,4
employed,4
own,4
generally,4
sampling,4
appropriate,4
analytic,4
he,4
situation,4
calibration,4
edited,4
technology,4
al,4
lack,4
book,4
locational,4
ceramic,4
reasoning,4
classical,4
distributions,4
tne,4
another,4
classes,4
ine,4
examples,4
clear,4
authors,4
bayesian,4
individual,4
collaboration,4
become,4
professional,4
vertebrate,4
ranging,4
simulated,4
text,4
here,4
why,4
highly,4
past,4
carefully,4
unique,4
terms,4
form,4
particular,4
must,4
eda,4
role,4
phenomenon,4
definitions,4
chemical,4
specialists,4
n,4
texts,4
among,4
building,4
concerned,3
per,3
expect,3
kinds,3
identify,3
designed,3
ma,3
ways,3
acceptance,3
predicting,3
newbury,3
variety,3
source,3
said,3
first,3
give,3
seems,3
individuals,3
advantage,3
differences,3
regression,3
system,3
case,3
computing,3
continuum,3
discuss,3
solving,3
capable,3
alone,3
framework,3
regarding,3
throughout,3
connect,3
definitional,3
estimates,3
compared,3
find,3
explore,3
details,3
pilgram,3
flake,3
identification,3
knew,3
undergraduates,3
suffer,3
certain,3
derived,3
contributions,3
adept,3
offering,3
kintigh,3
impact,3
upper,3
solid,3
commonly,3
resource,3
flakes,3
greater,3
out,3
evaluate,3
excellent,3
record,3
possibility,3
artifacts,3
strengths,3
tool,3
user,3
broad,3
actually,3
cluster,3
heuristic,3
bootstrap,3
correct,3
working,3
ajdenderfer,3
suggest,3
around,3
sufficient,3
boundaries,3
neolithic,3
led,3
inferential,3
movement,3
fit,3
borrowed,3
index,3
same,3
department,3
published,3
successfully,3
technique,3
valid,3
fundamental,3
departments,3
considerable,3
serious,3
anthropologist,3
geography,3
less,3
assemblage,3
degree,3
greatest,3
meaningful,3
discussion,3
including,3
mousterian,3
conditions,3
comprehensive,3
sensitivity,3
publication,3
taxonomic,3
taphonomic,3
period,3
versus,3
adaptive,3
specialty,3
species,3
things,3
tests,3
usually,3
program,3
collections,3
strongly,3
force,3
hope,3
fields,3
investigate,3
distributional,3
quantitatively,3
complexity,3
comparison,3
circumstances,3
meat,3
defining,3
believe,3
counting,3
better,3
explored,3
suggests,3
middle,3
multiple,3
analysts,3
formation,3
shown,3
years,3
aware,3
offer,3
include,3
need,3
defined,3
area,3
third,3
aarhus,3
majors,3
focus,3
seek,3
observed,3
broader,3
arizona,3
go,2
orton,2
mostly,2
accomplish,2
polish,2
common,2
functional,2
truth,2
critical,2
iowa,2
ordination,2
exemplars,2
distributed,2
village,2
subsystems,2
large,2
discover,2
tend,2
stone,2
specialist,2
sets,2
investigating,2
bifacial,2
specified,2
descriptive,2
resurgence,2
emphasize,2
unlike,2
variants,2
ethnoarchaeological,2
before,2
track,2
contexts,2
else,2
creation,2
experimented,2
contingent,2
taken,2
unconstrained,2
assist,2
worked,2
england,2
birkhauser,2
principles,2
leading,2
reasons,2
right,2
blind,2
able,2
packages,2
subsequent,2
integrate,2
laplace,2
consist,2
political,2
intelligence,2
ad,2
debitage,2
sophisticated,2
foundational,2
key,2
prior,2
logical,2
reply,2
bibliography,2
move,2
except,2
far,2
correlation,2
guilty,2
expertise,2
multidimensional,2
collapse,2
component,2
dynamics,2
calculated,2
due,2
against,2
realized,2
mixed,2
santa,2
drawback,2
exercise,2
weaknesses,2
distinct,2
developments,2
mistakes,2
depend,2
concerning,2
wholly,2
shott,2
skew,2
weight,2
even,2
constructs,2
nonarchaeologists,2
generation,2
error,2
let,2
van,2
poor,2
interesting,2
simultaneously,2
veiy,2
without,2
managers,2
performance,2
generations,2
abundance,2
levels,2
earlier,2
se,2
ceramics,2
read,2
discusses,2
consequences,2
unifacial,2
possibly,2
organization,2
articulated,2
argued,2
observations,2
age,2
euclidean,2
procedures,2
comparisons,2
cost,2
decades,2
appear,2
methodology,2
raw,2
identifying,2
location,2
called,2
strength,2
combinations,2
behavioral,2
issue,2
zooarchaeological,2
further,2
focused,2
effect,2
appears,2
population,2
cannot,2
promise,2
scale,2
handaxes,2
near,2
failure,2
future,2
overviews,2
prominent,2
london,2
curriculum,2
marean,2
journals,2
surprise,2
describe,2
special,2
bishop,2
focuses,2
lithics,2
attributed,2
errors,2
successful,2
pottery,2
adequacy,2
archaeofaunas,2
specifically,2
intervals,2
distinguished,2
fully,2
stahle,2
universities,2
productivity,2
proper,2
density,2
geographical,2
ana,2
critics,2
demand,2
advocate,2
fractal,2
identified,2
toward,2
classic,2
object,2
still,2
tor,2
expanded,2
tends,2
single,2
percentage,2
rushing,2
boundary,2
marshall,2
assistance,2
experimental,2
insights,2
noted,2
matrices,2
provenience,2
academy,2
pointed,2
efforts,2
fact,2
coincidence,2
areas,2
agree,2
choice,2
end,2
related,2
jealousy,2
forms,2
never,2
conclusions,2
enough,2
took,2
hand,2
everyday,2
present,2
where,2
continuing,2
validity,2
existing,2
tukey,2
strategies,2
material,2
belief,2
explicitly,2
argument,2
remained,2
interpreting,2
simon,2
discovery,2
increase,2
skeletal,2
significant,2
assumption,2
grounding,2
flaking,2
reality,2
directed,2
obtaining,2
logic,2
characterized,2
creating,2
mexico,2
after,2
provides,2
latter,2
graphical,2
intuitive,2
educational,2
levallois,2
comparing,2
satisfy,2
geographers,2
availability,2
patterson,2
probably,2
idiom,2
southwest,2
relative,2
attention,2
dealing,2
today,2
perspectives,2
note,2
continued,2
practical,2
widespread,2
becomes,2
sensitive,2
indiscriminate,2
ordering,2
effectively,2
determination,2
properties,2
expert,2
life,2
examine,2
quite,2
fall,2
education,2
itself,2
articles,2
then,2
growing,2
summary,2
conclusion,2
ever,2
log,2
claims,2
dunn,2
print,2
know,2
natural,2
descriptions,2
attribute,2
innovations,2
seem,2
regard,2
inquiry,2
foundation,2
particularly,2
rely,2
reflected,2
bones,2
going,2
utilized,2
unlikely,2
selected,2
references,2
edinburgh,2
firmly,2
mni,2
require,2
chaotic,2
emphasis,2
doran,2
invariant,2
disciplines,2
assumptions,2
obtain,2
qualitative,2
varied,2
prepared,2
until,2
locations,2
lists,2
structured,2
national,2
insight,2
instead,2
land,2
cognitive,2
glass,2
attributes,2
willingness,2
france,2
colleagues,2
seeks,2
measuring,2
typology,2
classification,2
survivorship,2
combination,2
collaborators,2
pool,2
element,2
nisp,2
statistician,2
north,2
solve,2
formulae,2
oí,2
cited,2
deeper,2
autocorrelation,2
paleoethnobotany,1
tasi,1
creswell,1
entities,1
complaint,1
currently,1
validation,1
doubts,1
lation,1
hallmarks,1
arhus,1
avoiding,1
later,1
hacking,1
anaean,1
created,1
mystical,1
represent,1
career,1
coetiicient,1
revolutionary,1
determine,1
busy,1
vogue,1
raaicardon,1
branches,1
adoption,1
eliminated,1
ultimate,1
replicability,1
totally,1
notably,1
ulquantitative,1
flavors,1
likewise,1
group,1
becoming,1
needed,1
mesoamerica,1
conducted,1
elementary,1
replaced,1
summarizing,1
determinant,1
san,1
combining,1
remind,1
second,1
alive,1
true,1
strictly,1
mit,1
favor,1
viewsheds,1
former,1
erminoiogicai,1
position,1
enjoys,1
fixed,1
committee,1
history,1
incompletely,1
encourage,1
evaluating,1
proponents,1
total,1
pots,1
instructors,1
moving,1
accomplishments,1
assume,1
riod,1
nyaena,1
flaws,1
terized,1
iook,1
wading,1
bahn,1
reemergence,1
experience,1
evaluations,1
consistent,1
anything,1
cast,1
wrong,1
every,1
trouble,1
certainly,1
production,1
nonexistent,1
sad,1
originally,1
implications,1
attempts,1
chaos,1
anomalies,1
hire,1
rapid,1
generated,1
rare,1
manalanoois,1
artetact,1
anu,1
nature,1
departure,1
experiments,1
confirmed,1
dramatically,1
possibilities,1
mosi,1
scientists,1
skills,1
mau,1
assess,1
ebert,1
daily,1
highland,1
dismayed,1
bavaria,1
confusion,1
imported,1
accumulated,1
admittedly,1
wynn,1
government,1
respondents,1
wessex,1
molecular,1
procedure,1
uncovered,1
renfrew,1
survey,1
niche,1
theissen,1
refiguring,1
achieved,1
feature,1
traditionally,1
mind,1
improving,1
emphasized,1
keith,1
concepts,1
dataapplied,1
normal,1
advantages,1
nal,1
reading,1
somewhat,1
pertains,1
revise,1
hostility,1
el,1
similarities,1
insures,1
employs,1
side,1
assumed,1
forthcoming,1
collaborate,1
anthropologists,1
east,1
king,1
prone,1
constraint,1
primary,1
sought,1
bases,1
firm,1
america,1
geophysical,1
nonarchaeologist,1
representations,1
llie,1
refigwing,1
account,1
dimensionality,1
replacement,1
felt,1
fitting,1
activity,1
condition,1
illustrate,1
paucity,1
archaeobotany,1
submission,1
mutual,1
julian,1
consumers,1
zooarchaeology,1
investigator,1
loglinear,1
fine,1
stratigraphy,1
taking,1
interdisciplinary,1
point,1
conceptual,1
stochastics,1
establishment,1
sent,1
strictest,1
household,1
dynamic,1
apply,1
along,1
historic,1
sullivan,1
formula,1
plenty,1
engage,1
computationally,1
bootstrapping,1
collection,1
cursory,1
ho,1
listservers,1
mid,1
labor,1
learned,1
possessing,1
assignment,1
phase,1
accessible,1
differential,1
dependence,1
language,1
southwestern,1
sympathetic,1
estimating,1
severe,1
eveiyone,1
reject,1
inevitable,1
bent,1
tables,1
ifa,1
forgotten,1
nonspatial,1
retarded,1
ability,1
gun,1
adopted,1
heterogeneity,1
reliably,1
weibull,1
maniord,1
pay,1
extensively,1
learning,1
espoused,1
ai,1
priority,1
thing,1
cases,1
clay,1
bamforth,1
clark,1
bay,1
keep,1
nonconserving,1
back,1
methodologyswarmdeveloped,1
spanned,1
simplest,1
response,1
envy,1
served,1
fourier,1
egypt,1
chipping,1
left,1
continuous,1
effective,1
estimate,1
publications,1
compare,1
novice,1
drawn,1
student,1
gilbert,1
hodder,1
look,1
deeply,1
simplistic,1
captive,1
delivered,1
influence,1
according,1
rates,1
nonsite,1
interassemblage,1
tempering,1
intuition,1
cuttingedge,1
petrofabric,1
mentoring,1
newer,1
deplorable,1
biface,1
employ,1
affiliations,1
divergence,1
efficiencies,1
operation,1
opposed,1
downright,1
online,1
automatic,1
segregate,1
philadelphia,1
avoids,1
achulean,1
essential,1
neff,1
reflects,1
played,1
adjunct,1
frustration,1
reimer,1
principally,1
unabated,1
intraregional,1
scrapers,1
unstudied,1
watch,1
spans,1
landscape,1
capture,1
calculates,1
remote,1
mean,1
programmed,1
goes,1
whiteware,1
vs,1
fractals,1
aldeitderfer,1
anyone,1
pointedly,1
proportion,1
rigor,1
developers,1
turn,1
asana,1
hearing,1
pages,1
branch,1
tabulate,1
barrow,1
exposure,1
cave,1
stein,1
scales,1
blurs,1
evolution,1
summarized,1
animals,1
essentials,1
matured,1
moves,1
reason,1
endogenously,1
changes,1
nor,1
schlepp,1
microscope,1
ensure,1
devotes,1
females,1
skeleton,1
flexibility,1
randomness,1
familiar,1
image,1
specialization,1
intensive,1
pertinent,1
meltzer,1
emergence,1
considerations,1
clearly,1
heyworth,1
section,1
elsewhere,1
days,1
elevated,1
air,1
reexamination,1
decade,1
aiversity,1
aaies,1
frequently,1
calendar,1
benefited,1
presumed,1
decadedesigner,1
origins,1
tributes,1
albuquerque,1
surface,1
follow,1
pains,1
suites,1
defines,1
flagolet,1
requires,1
convincing,1
terminology,1
reconsideration,1
archeological,1
plenum,1
willing,1
carlo,1
dehling,1
metal,1
projected,1
antecedents,1
strategy,1
faced,1
ancient,1
strengthen,1
advocated,1
view,1
dc,1
experimentation,1
whereas,1
multivanate,1
olduvai,1
theft,1
prehistoric,1
came,1
confirmatory,1
participants,1
searcnes,1
allow,1
declined,1
societies,1
rule,1
aitchison,1
search,1
treatments,1
relating,1
scaling,1
changed,1
jn,1
alloy,1
criticisms,1
events,1
relate,1
requirements,1
eos,1
aloof,1
diet,1
homeostasis,1
isotope,1
base,1
nutrient,1
applying,1
sparse,1
topics,1
generalists,1
arcftaeoiogy,1
closely,1
understood,1
stock,1
anthropomorphs,1
awful,1
burial,1
domestication,1
recently,1
suffered,1
brewer,1
appearing,1
lets,1
produce,1
your,1
explain,1
attuned,1
conferences,1
metapodials,1
taught,1
professionals,1
simulations,1
tímate,1
engine,1
distinguishes,1
shape,1
abuse,1
directly,1
provincial,1
agentbased,1
distinguish,1
remedying,1
viability,1
raaiocaroon,1
received,1
baroque,1
binfordian,1
claim,1
mathematician,1
opal,1
significantly,1
heavily,1
commonalities,1
sydney,1
criticized,1
faunas,1
older,1
refined,1
calculating,1
blade,1
köhler,1
medalsan,1
avowedly,1
date,1
uncritically,1
antithetical,1
call,1
forces,1
personal,1
away,1
surrounding,1
reiterate,1
believes,1
il,1
systematic,1
iiuiumwi,1
interpreted,1
horizon,1
concave,1
markedly,1
chemistry,1
manipulation,1
antiscience,1
annotated,1
regions,1
descriptor,1
statistically,1
ratios,1
distances,1
individualism,1
straight,1
hired,1
mepwise,1
le,1
contrast,1
loui,1
randomization,1
emphasizes,1
plex,1
behooves,1
involved,1
spaulding,1
contingency,1
cellular,1
characteristics,1
aue,1
shapes,1
fraught,1
smithsonian,1
objectively,1
mediocre,1
choose,1
components,1
grow,1
disaster,1
presence,1
dramatic,1
decline,1
blunt,1
essentially,1
portions,1
waveland,1
pétrie,1
core,1
symposia,1
annual,1
glosses,1
articulation,1
up,1
inability,1
st,1
cattle,1
purpose,1
comjournal,1
lacuna,1
filling,1
describes,1
distinguishing,1
peculiar,1
notes,1
enormously,1
breed,1
value,1
provided,1
montane,1
heyday,1
archaeozoologia,1
sporadic,1
grasp,1
reducing,1
fieldthe,1
relationsa,1
facies,1
apparent,1
advertised,1
chronological,1
span,1
voi,1
archeologia,1
therefore,1
mcglade,1
pertaining,1
heretofore,1
units,1
power,1
matter,1
curves,1
summarize,1
polygons,1
populations,1
economic,1
indeed,1
service,1
quantified,1
vm,1
play,1
manipulate,1
corporation,1
return,1
mathematicians,1
edges,1
disturbance,1
gaining,1
etc,1
reduce,1
community,1
formative,1
fossil,1
presently,1
buck,1
mycenean,1
perennial,1
settings,1
seemingly,1
suppose,1
surveyed,1
va,1
decisions,1
positive,1
structural,1
dusium,1
examined,1
represents,1
makes,1
rules,1
requiring,1
happened,1
database,1
thought,1
albert,1
counterparts,1
specimens,1
management,1
palmer,1
sociological,1
included,1
publishing,1
light,1
rightly,1
shock,1
guatemala,1
keeping,1
choices,1
performed,1
deliver,1
experiment,1
aeronautics,1
pequantitative,1
teotihuacantemascalapa,1
launai,1
anathema,1
praxis,1
impenetrable,1
skeletons,1
regardless,1
representation,1
niceties,1
lewis,1
name,1
recall,1
precocious,1
french,1
paul,1
tative,1
confound,1
business,1
request,1
mark,1
again,1
pick,1
preferences,1
ask,1
printing,1
rock,1
intraspecific,1
towards,1
incorporates,1
shows,1
longer,1
admit,1
consideration,1
conduct,1
tormal,1
occurrence,1
calib,1
instability,1
creative,1
appeared,1
match,1
nougmun,1
attempting,1
teachers,1
together,1
incorporation,1
atomic,1
john,1
sedimentology,1
justification,1
doubt,1
inherently,1
reilly,1
fashion,1
seldom,1
simencun,1
puzzling,1
procurement,1
patrimony,1
likelihood,1
learn,1
remarkable,1
nunamuit,1
developing,1
accepted,1
bovid,1
renaissance,1
potentially,1
tell,1
necessary,1
anthropologie,1
deep,1
terns,1
calcolatori,1
simplicity,1
carnivore,1
daunting,1
binford,1
apathy,1
books,1
mne,1
jesting,1
flint,1
style,1
gives,1
follows,1
harbottle,1
realize,1
identifiable,1
ecology,1
maya,1
notion,1
imagine,1
instructional,1
original,1
matrix,1
witn,1
exhibit,1
exploring,1
extended,1
vast,1
intent,1
substantive,1
easier,1
grotta,1
instructor,1
aggregated,1
discrimination,1
stennis,1
distinctly,1
simulating,1
ecodynamics,1
samples,1
monte,1
encouraged,1
waste,1
ethnoarchaeoiogicai,1
efron,1
confidence,1
food,1
repertory,1
virtually,1
landmarks,1
factor,1
causes,1
affects,1
variation,1
collaborative,1
insure,1
urayson,1
assign,1
trend,1
actual,1
variables,1
hoc,1
ami,1
engaged,1
merit,1
chosen,1
full,1
connected,1
dismissed,1
california,1
nevertheless,1
dating,1
described,1
arguably,1
reevaluated,1
anasazi,1
landscapes,1
reassessing,1
mahalanobis,1
formulaic,1
stress,1
express,1
kvamme,1
agreement,1
points,1
dominated,1
bonn,1
uia,1
interpret,1
deals,1
biskowski,1
someone,1
genetics,1
helpful,1
revised,1
curve,1
serves,1
distinction,1
static,1
linking,1
borrowers,1
structuring,1
int,1
filled,1
proximity,1
households,1
authentication,1
connects,1
standard,1
abundant,1
sally,1
thomas,1
spent,1
finite,1
patterns,1
witness,1
somehow,1
reconsider,1
outcomes,1
trying,1
evolutionary,1
craft,1
abysmally,1
assessing,1
danger,1
potsherd,1
accordingly,1
abounds,1
obsidian,1
james,1
implication,1
looks,1
northern,1
grain,1
institution,1
tendency,1
destruction,1
joint,1
evaluated,1
caution,1
ago,1
controversial,1
anatolia,1
anomaly,1
outright,1
prooiems,1
prescient,1
convincingly,1
gleaned,1
widely,1
anatomy,1
dietary,1
increasing,1
european,1
profitable,1
depth,1
unstable,1
suggestion,1
kaplan,1
entail,1
relationship,1
imply,1
aid,1
circle,1
dominates,1
dissected,1
scalogram,1
fairly,1
mixture,1
phytoliths,1
popularity,1
chance,1
anatomical,1
interferometry,1
impressive,1
idioms,1
reasonable,1
begin,1
select,1
order,1
predict,1
intercorrequantitative,1
dimensions,1
began,1
transformation,1
originated,1
inadequate,1
rapidly,1
try,1
allometry,1
volumes,1
chairs,1
amusement,1
masca,1
expectations,1
construction,1
fe,1
deductive,1
borrowings,1
settlement,1
composed,1
extremely,1
wide,1
exists,1
get,1
aboriginal,1
face,1
repeat,1
mounds,1
phytolith,1
sound,1
grounded,1
bad,1
rigorous,1
conservation,1
forest,1
meant,1
earliest,1
considered,1
matters,1
mathematically,1
suggestions,1
seriously,1
nonnormal,1
associated,1
suite,1
worsened,1
acheulean,1
comes,1
exemplified,1
grayson,1
peoples,1
extensive,1
zooarcneoiogicai,1
retard,1
continues,1
marcel,1
precise,1
scraping,1
consensus,1
borrow,1
carbondale,1
summarization,1
sciences,1
aiuiacuiugiiai,1
alternative,1
column,1
colorado,1
news,1
labeling,1
quickly,1
intellectual,1
yiatnematicai,1
fallacious,1
chapman,1
nisr,1
novel,1
inclined,1
modelstheir,1
connection,1
gaussian,1
exploration,1
hypergeometries,1
albeit,1
ubiquitous,1
contextual,1
down,1
equivocal,1
microeconomics,1
argue,1
half,1
tierson,1
permutation,1
gregg,1
job,1
reliability,1
uutae,1
contradictory,1
caimrating,1
stridently,1
cultivation,1
examining,1
free,1
prospects,1
assessment,1
options,1
advances,1
places,1
phd,1
following,1
beginning,1
quietly,1
knows,1
webs,1
nomenclature,1
sexing,1
proceedings,1
investigation,1
combined,1
telling,1
dendrograms,1
list,1
equilibria,1
coast,1
tailored,1
sysquantitative,1
sociology,1
imposed,1
males,1
thirty,1
nascent,1
agricultural,1
proaucuon,1
seasonal,1
contrasting,1
adaptation,1
extent,1
hesampung,1
spauldingian,1
thames,1
rejoinder,1
extract,1
institute,1
studying,1
geometric,1
influenced,1
psychology,1
wth,1
prevent,1
zooarchaeologists,1
art,1
dynamical,1
ivauiuvanaie,1
trees,1
careful,1
economist,1
contextualism,1
recognition,1
welldefined,1
stuiver,1
slopes,1
introduced,1
city,1
metnoas,1
content,1
verification,1
easy,1
african,1
impose,1
step,1
maschner,1
adapted,1
entry,1
reconstruct,1
inventions,1
families,1
mention,1
allows,1
exploit,1
gain,1
iu,1
kuhn,1
ucl,1
come,1
proceeds,1
mica,1
question,1
determinism,1
informationa,1
devoted,1
rote,1
spring,1
sediments,1
difference,1
reveals,1
aiic,1
generate,1
similarity,1
entena,1
finding,1
numerous,1
imperative,1
alberta,1
newsletter,1
actively,1
approximately,1
dendrochronology,1
deduction,1
manufacture,1
opinions,1
preliminary,1
states,1
anatysts,1
prospect,1
attempted,1
philosophy,1
graphed,1
probabilistic,1
permeable,1
francisco,1
association,1
ravaging,1
metnods,1
roughly,1
indices,1
sides,1
roles,1
worried,1
uatingwmc,1
offered,1
periodic,1
covariation,1
substitute,1
distinctions,1
commonsense,1
plethora,1
themselves,1
rejection,1
charged,1
johnson,1
vary,1
chicago,1
digging,1
irrelevant,1
debate,1
partial,1
substantial,1
puts,1
valley,1
interaction,1
traditional,1
images,1
ends,1
facile,1
taylor,1
arnold,1
detriment,1
metcalfe,1
asked,1
arithmetic,1
resources,1
ca,1
showed,1
misapplications,1
portrait,1
row,1
thorough,1
