WORDCOUNTS,WEIGHT
and,832
of,727
the,724
in,526
a,221
new,146
r,128
m,127
to,120
university,116
pp,110
j,105
e,103
de,102
maya,100
on,99
archaeological,98
for,94
american,87
mexico,82
archaeology,81
t,70
w,68
ancient,66
d,66
is,64
l,63
no,62
at,61
c,61
studies,59
research,57
aztec,55
world,55
p,52
by,52
from,51
et,49
s,48
latin,45
antiquity,45
f,44
that,44
an,44
are,43
h,42
complex,41
g,41
this,41
la,39
mesoamerica,38
field,38
social,37
recent,37
as,36
political,35
analysis,35
city,35
classic,34
mesoamerican,34
cambridge,34
b,31
nacional,31
has,30
journal,30
valley,30
societies,29
data,29
smith,29
obsidian,29
en,28
k,28
have,28
household,27
york,27
regional,27
agricultural,27
be,27
models,26
polities,25
agriculture,24
prehistoric,24
settlement,24
been,24
economies,23
economic,23
trade,23
with,23
production,22
i,22
state,22
central,21
population,21
most,21
exchange,21
interaction,21
chiefdoms,20
raised,20
these,20
early,20
archaeologists,19
intensive,19
instituto,19
study,19
not,19
urban,19
development,18
dumbarton,18
work,18
their,17
peru,17
late,17
antropología,17
or,17
more,17
ceramic,17
other,17
fields,17
inka,16
el,16
case,16
n,16
house,16
irrigation,16
issues,16
comparative,16
much,16
history,15
america,15
systems,15
international,15
institute,15
lake,15
methods,15
among,15
one,14
organization,14
cultural,14
but,14
demographic,14
anthropologist,14
theoretical,14
northern,14
british,13
prehispanic,13
basin,13
universidad,13
y,13
del,13
approach,13
power,13
many,13
scholars,13
patterns,13
model,13
empire,13
use,13
were,13
ny,13
andean,13
some,12
perspective,12
explicit,12
dc,12
south,12
theory,12
autónoma,12
include,12
pittsburgh,11
modern,11
anthropology,11
ethnoarchaeological,11
excavations,11
important,11
academic,11
coast,11
two,11
number,11
period,11
craft,11
evidence,11
states,11
houses,10
importance,10
evolution,10
origins,10
sites,10
coica,10
its,10
project,10
teotihuacan,10
expansion,10
formative,10
lowland,10
culture,10
also,10
material,10
households,10
structure,10
anthropological,10
earle,10
domestic,10
cities,10
both,10
although,10
debate,10
it,9
sources,9
implications,9
highland,9
there,9
vol,9
review,9
terraces,9
topic,9
coastal,9
utah,9
view,9
change,9
few,9
society,9
department,9
projects,9
v,9
postclassic,9
continue,9
significance,9
can,9
obsidiana,9
cultivation,9
spatial,9
press,9
salt,9
between,9
major,9
within,8
conceptual,8
such,8
distribution,8
applied,8
method,8
ot,8
ethnohistoric,8
methodological,8
yet,8
al,8
areas,8
see,8
another,8
processes,8
soconusco,8
which,8
urbanism,8
attention,8
foundation,8
rural,8
advances,8
imperial,8
formation,8
area,8
large,7
all,7
analyses,7
survey,7
oaxaca,7
sanders,7
canal,7
site,7
empires,7
arqueología,7
historia,7
out,7
artifacts,7
literature,7
example,7
during,7
texas,7
architecture,7
community,7
under,7
discussed,7
chiefdom,7
problems,7
terracing,7
science,7
un,7
complexity,7
intensification,7
particularly,7
while,7
role,7
land,7
titicaca,7
o,6
mexican,6
into,6
inequality,6
those,6
context,6
papers,6
ad,6
demography,6
politics,6
human,6
jr,6
terrace,6
than,6
oxford,6
similar,6
was,6
impact,6
conquest,6
tiwanaku,6
austin,6
wealth,6
aspects,6
provincial,6
planning,6
andes,6
wari,6
fieldwork,6
my,6
polity,6
peruvian,6
will,6
statecraft,6
southern,6
jai,6
ethnographic,6
variation,6
region,6
architectural,6
after,6
topics,6
los,6
continues,6
control,6
current,6
size,6
middle,6
through,6
belize,6
north,6
arizona,6
hieroglyphic,5
introduction,5
source,5
long,5
agrarian,5
westview,5
feinman,5
bibliography,5
interdisciplinary,5
dynamics,5
back,5
publications,5
chan,5
museum,5
earlier,5
special,5
receiving,5
albuquerque,5
greater,5
kingship,5
centers,5
guatemala,5
oklahoma,5
osmore,5
record,5
zapotee,5
information,5
because,5
comment,5
systematic,5
washington,5
published,5
level,5
several,5
arquitectura,5
decline,5
chimu,5
results,5
geographical,5
ana,5
scientific,5
wetland,5
copan,5
positive,5
about,5
interpretation,5
monte,5
technology,5
insights,5
time,5
considerable,5
empirical,5
three,5
comprehensive,5
ethnohistory,5
we,5
carried,5
drennan,5
ecological,5
construction,5
report,5
very,5
past,5
notable,5
art,5
arguments,5
cuadernos,5
years,5
need,5
preliminary,5
specific,5
norman,5
traditional,5
focus,5
now,4
brumfiel,4
they,4
boca,4
san,4
approaches,4
segmentary,4
sustainable,4
puebla,4
concepts,4
iowa,4
system,4
issue,4
occasional,4
existence,4
sophisticated,4
u,4
possible,4
far,4
matos,4
collapse,4
estimates,4
clark,4
costa,4
highlands,4
active,4
supplement,4
lithic,4
excavation,4
honduras,4
ann,4
technical,4
crc,4
recently,4
hodge,4
well,4
part,4
used,4
rojas,4
status,4
horizon,4
mesoamericana,4
interregional,4
epigraphers,4
annual,4
productivity,4
using,4
sophistication,4
situation,4
territorial,4
charlton,4
still,4
above,4
discussions,4
chronology,4
only,4
toward,4
treatment,4
pressure,4
contemporary,4
pattern,4
do,4
road,4
made,4
upon,4
significant,4
california,4
peer,4
article,4
evolutionary,4
interpretations,4
arbor,4
me,4
unidades,4
perspectives,4
when,4
following,4
must,4
ethnoarchaeology,4
historical,4
phd,4
extent,4
foundations,4
periphery,4
local,4
little,4
consumption,4
views,4
technological,4
should,4
southeastern,4
given,3
does,3
valle,3
mesoamérica,3
group,3
center,3
settlements,3
explosion,3
essays,3
lowlands,3
arguing,3
lower,3
accumulation,3
puuc,3
chinampas,3
nature,3
gary,3
principles,3
book,3
alban,3
simple,3
take,3
emblem,3
greatly,3
inductive,3
robert,3
sociopolitical,3
side,3
inca,3
economics,3
design,3
sabloff,3
functions,3
apart,3
ritual,3
zone,3
framework,3
labor,3
tribute,3
chapters,3
includes,3
southwestern,3
since,3
interest,3
ethnohistorical,3
heterogeneity,3
santa,3
application,3
tucson,3
storage,3
schortman,3
ortloff,3
may,3
civilization,3
without,3
reviews,3
contributions,3
archaeometry,3
webster,3
lima,3
too,3
upper,3
oi,3
surface,3
beyond,3
patterning,3
methodology,3
diachronic,3
based,3
cynthia,3
ceramics,3
cannot,3
fla,3
scale,3
networks,3
hierarchies,3
bc,3
received,3
characterization,3
year,3
realm,3
intermediate,3
relevance,3
oaks,3
structures,3
focuses,3
rise,3
memoirs,3
cabrera,3
successful,3
working,3
order,3
soil,3
smithsonian,3
industry,3
core,3
up,3
hayden,3
developmental,3
fahmel,3
gordon,3
activities,3
otis,3
centro,3
ceremonial,3
practices,3
populations,3
energetics,3
short,3
nearly,3
estado,3
templo,3
southeast,3
pacific,3
edited,3
vs,3
trent,3
centralized,3
cerámica,3
useful,3
routes,3
addition,3
usefulness,3
fact,3
consideration,3
farming,3
honor,3
forms,3
monographs,3
where,3
compositional,3
relevant,3
michael,3
strategies,3
glyphs,3
paso,3
discussion,3
examples,3
explanation,3
asentamiento,3
santley,3
findings,3
causes,3
questions,3
trend,3
kingdom,3
theories,3
directed,3
publication,3
like,3
would,3
function,3
high,3
provides,3
parallel,3
morelos,3
rarity,3
relationship,3
today,3
provide,3
impressive,3
parsons,3
changes,3
comercio,3
imperialism,3
quantitative,3
rarely,3
prehistory,3
extensive,3
costin,3
temple,3
mantaro,3
berkeley,3
nicoya,3
scientist,3
seem,3
argue,3
erickson,3
preclassic,3
las,3
works,3
type,3
william,3
economy,3
proceedings,3
terms,3
utilitarian,3
thames,3
listed,3
suggests,3
transport,3
ill,3
administration,3
our,3
chemical,3
maritime,3
comparison,3
thousand,3
contrasting,3
gulf,3
broader,3
limits,2
if,2
religions,2
stylistic,2
investigaciones,2
mesoamericano,2
tuscaloosa,2
environmental,2
measures,2
alone,2
needed,2
designed,2
maize,2
stone,2
tierras,2
authority,2
arancón,2
ae,2
before,2
fragile,2
exceptions,2
absence,2
first,2
address,2
subject,2
tradition,2
azul,2
maguey,2
rutas,2
origin,2
rich,2
denevan,2
help,2
chipped,2
cerro,2
patterned,2
last,2
nicaragua,2
investigations,2
seminar,2
méxico,2
firm,2
incorporate,2
geophysical,2
great,2
holocene,2
prior,2
cihuatan,2
soils,2
torre,2
establishing,2
timothy,2
mesoamencan,2
chinampa,2
thus,2
phase,2
mine,2
jade,2
philosophical,2
relations,2
price,2
adams,2
century,2
basil,2
thank,2
big,2
mcc,2
body,2
kolata,2
find,2
critique,2
tarascan,2
netting,2
simplistic,2
acknowledge,2
continuity,2
paste,2
toltec,2
van,2
drained,2
neff,2
rather,2
his,2
boehm,2
growth,2
sensing,2
remain,2
unit,2
serra,2
process,2
subsistence,2
conjunto,2
una,2
analyzes,2
pétrographie,2
risk,2
desperately,2
summarized,2
consequences,2
space,2
addressing,2
tenochtitlan,2
calif,2
consider,2
benefits,2
specialization,2
organized,2
just,2
epoca,2
orientation,2
powerful,2
uses,2
advance,2
suárez,2
mapping,2
doolittle,2
behavioral,2
deal,2
estudios,2
requirements,2
base,2
density,2
further,2
occupation,2
elemental,2
hinterland,2
arqueológico,2
residential,2
intensity,2
energy,2
feudal,2
blake,2
memory,2
nichols,2
line,2
hydraulic,2
concept,2
secret,2
fit,2
alan,2
nj,2
culbert,2
sugiura,2
oriental,2
good,2
aveni,2
merino,2
dillehay,2
family,2
small,2
spanish,2
workshops,2
differing,2
progress,2
rican,2
am,2
pope,2
periods,2
barbara,2
diez,2
trends,2
led,2
units,2
variety,2
vanderbilt,2
identified,2
synthesis,2
inclusive,2
western,2
tropical,2
make,2
comments,2
hold,2
direction,2
archaeometric,2
communities,2
thought,2
precolumbian,2
siemens,2
antiauitv,2
kowalewski,2
experimental,2
harper,2
management,2
patron,2
others,2
academy,2
hydrological,2
wetlands,2
analytical,2
joyce,2
agree,2
appeared,2
rebuilding,2
rica,2
typological,2
men,2
present,2
innovative,2
accepted,2
less,2
uaxactun,2
perhaps,2
preparation,2
argues,2
understanding,2
rio,2
lands,2
sides,2
signaled,2
manifestations,2
elite,2
epigraphic,2
illinois,2
rabiela,2
expression,2
ideas,2
resource,2
examination,2
students,2
described,2
habitacionales,2
low,2
agurto,2
authors,2
lapidary,2
general,2
distinction,2
primer,2
thomas,2
precolombian,2
become,2
nuevos,2
institution,2
bolivia,2
pottery,2
chert,2
examines,2
increasing,2
european,2
applications,2
independent,2
crucial,2
usually,2
testing,2
program,2
albion,2
thermal,2
contrast,2
lost,2
directions,2
clásico,2
linking,2
kingdoms,2
articles,2
addressed,2
environment,2
any,2
abandonment,2
mentioned,2
changing,2
barrio,2
simply,2
nonagricultural,2
temporal,2
rivero,2
native,2
quaternary,2
kolb,2
over,2
each,2
specialized,2
believe,2
did,2
best,2
galactic,2
down,2
rostworowski,2
emergence,2
dennis,2
infer,2
formación,2
quintana,2
climate,2
sierra,2
growing,2
investigation,2
them,2
selected,2
form,2
references,2
urbanismo,2
sus,2
densities,2
yield,2
emphasis,2
categories,2
popular,2
socioeconomic,2
describes,2
contrasts,2
question,2
gran,2
national,2
otumba,2
provided,2
smaller,2
proyecto,2
effects,2
chimor,2
remains,2
reconsidering,2
clarify,2
johnson,2
patricia,2
northwestern,2
documentary,2
strong,2
dos,2
building,2
alternative,2
signals,2
cited,2
wilk,2
hypothesis,2
sumner,1
nicholas,1
inlluence,1
final,1
cultigens,1
hector,1
institutionalized,1
margins,1
smoke,1
decentralized,1
jury,1
currently,1
tecpan,1
done,1
helaine,1
samples,1
common,1
implemented,1
way,1
concerned,1
develops,1
entierros,1
tion,1
functional,1
coba,1
everyone,1
isew,1
extreme,1
expedition,1
mackinnon,1
análsis,1
northeast,1
hyslop,1
ultimate,1
mountains,1
península,1
evans,1
per,1
hebda,1
everybody,1
contemporaneous,1
colegio,1
hot,1
residences,1
latín,1
systematically,1
ginning,1
confidence,1
talla,1
tend,1
informative,1
live,1
mayas,1
tzeltal,1
strictly,1
cynical,1
reintroduction,1
bias,1
apologia,1
marcus,1
paradigms,1
favor,1
park,1
monolithic,1
former,1
contention,1
abrams,1
trace,1
comparisons,1
cycles,1
easily,1
throwing,1
necessarily,1
presents,1
pose,1
vestiges,1
total,1
preindustrial,1
cornell,1
village,1
something,1
lightfoot,1
rosemary,1
englewood,1
migration,1
nuevas,1
revision,1
humblest,1
princeton,1
annals,1
oaxacan,1
horízone,1
contact,1
properties,1
contexts,1
disputed,1
women,1
predominantly,1
hm,1
oceania,1
feudalism,1
anthropogenic,1
explaining,1
conjunctive,1
isthmus,1
usa,1
rathje,1
chacmool,1
isla,1
jackson,1
román,1
derives,1
tiempo,1
originally,1
ii,1
give,1
attempts,1
class,1
debating,1
tepetlaoztoc,1
vínculos,1
disturbance,1
location,1
attempt,1
astronomical,1
meaning,1
anthropolozist,1
promoting,1
redevelopment,1
analogies,1
advanced,1
anu,1
supplied,1
salvador,1
words,1
definition,1
dramatically,1
archaeologically,1
agronomy,1
available,1
menlo,1
resumen,1
scientists,1
leading,1
explores,1
laboratory,1
together,1
criticize,1
stanish,1
confusion,1
despotic,1
farmers,1
operationalize,1
producing,1
vectors,1
government,1
revival,1
descubrimientos,1
farther,1
closer,1
hundred,1
reveal,1
generalizations,1
baias,1
pompa,1
uncovered,1
renfrew,1
carnegie,1
real,1
debt,1
efficiently,1
roosevelt,1
embrace,1
date,1
blackwell,1
cyphers,1
mackey,1
coordinated,1
theodore,1
dd,1
tlamimilolpa,1
berdan,1
worldwide,1
designs,1
wittfogers,1
documenting,1
takes,1
weaving,1
attennew,1
establishes,1
linear,1
bodies,1
assertions,1
key,1
rianeamiemo,1
primary,1
colombia,1
foraging,1
gardens,1
ornamentation,1
químico,1
origen,1
fad,1
epigraphy,1
solely,1
runa,1
move,1
richard,1
moseley,1
riousenoiu,1
measuring,1
west,1
variations,1
point,1
temporada,1
conception,1
apply,1
sobre,1
along,1
transición,1
correlation,1
promises,1
mckillop,1
entierro,1
feldman,1
prevented,1
warfare,1
collection,1
behavior,1
diversity,1
eschewing,1
boserup,1
piedmont,1
regarding,1
possessing,1
lorenzo,1
throughout,1
análisis,1
ronald,1
differential,1
geographer,1
purportedly,1
blades,1
estimating,1
quality,1
run,1
unsuccessful,1
against,1
tehuacan,1
pursuit,1
teoría,1
hierarchy,1
chavin,1
recipient,1
isuevos,1
marajó,1
montmollin,1
domain,1
decided,1
encan,1
altas,1
veneer,1
difficulty,1
conducted,1
elementary,1
tlstaao,1
employing,1
media,1
engendering,1
extensively,1
ai,1
norte,1
lewarch,1
thing,1
unity,1
wendy,1
drainage,1
developments,1
items,1
old,1
speculative,1
urbanization,1
cervera,1
document,1
hispanic,1
refer,1
subjects,1
editing,1
hopefully,1
boundary,1
comparativo,1
nistory,1
eso,1
lineage,1
compared,1
bone,1
left,1
third,1
gaseo,1
siegel,1
estimate,1
helpful,1
explore,1
even,1
gil,1
look,1
spite,1
constructs,1
thelma,1
precapitalist,1
pronounced,1
xochicalco,1
let,1
crossroads,1
industries,1
alabama,1
phases,1
posited,1
oj,1
employ,1
affiliations,1
rights,1
excavate,1
serial,1
competition,1
sociopolitics,1
sample,1
philadelphia,1
avoids,1
adequate,1
legitimation,1
infield,1
lt,1
identification,1
subjected,1
links,1
developed,1
adds,1
angeles,1
how,1
sluyter,1
postcontact,1
edward,1
particularistic,1
huan,1
levels,1
centralization,1
prehistórica,1
presentation,1
notion,1
remote,1
mean,1
olmec,1
comerciantes,1
mechanics,1
keduttai,1
fever,1
civiluations,1
turn,1
à,1
amazonian,1
entre,1
pisos,1
coverage,1
generating,1
pages,1
matched,1
stein,1
helms,1
danger,1
hosier,1
feel,1
productive,1
augmented,1
whither,1
teopantecuanitlan,1
tuxtla,1
chalco,1
afterthoughts,1
amada,1
means,1
reason,1
settled,1
escape,1
romera,1
monumental,1
civilizations,1
lucre,1
possibly,1
consejo,1
improvement,1
familiar,1
peasants,1
falloff,1
broda,1
ashmore,1
entrenched,1
quetzalcoatl,1
abstraction,1
informe,1
americanists,1
accrued,1
odyssey,1
traces,1
mary,1
decade,1
ttnnoarchaeology,1
argued,1
frequently,1
reviewed,1
advancing,1
largescale,1
show,1
alta,1
superior,1
had,1
poor,1
indications,1
cotton,1
modeled,1
etnográfico,1
evaluation,1
stark,1
putting,1
surge,1
uroan,1
always,1
imprecise,1
fronts,1
terminology,1
reconsideration,1
peabody,1
permanent,1
reevaluating,1
xaltocan,1
helped,1
calgary,1
providing,1
decades,1
individualizing,1
trajectories,1
assessments,1
gutierrez,1
talking,1
explanatory,1
peruana,1
predicting,1
result,1
casma,1
lead,1
chunks,1
questioned,1
could,1
appearance,1
opposing,1
acknowledgments,1
found,1
demise,1
begun,1
erosion,1
chiumu,1
search,1
called,1
urassroois,1
impressionistic,1
baton,1
conspicuous,1
objectives,1
changed,1
her,1
relate,1
nontheoretical,1
entapas,1
atlcahualo,1
sight,1
luxury,1
viking,1
initial,1
prehispánica,1
featured,1
importada,1
yaxuna,1
term,1
evaluate,1
autònoma,1
applying,1
facultad,1
mages,1
standardized,1
informed,1
fishermen,1
overtaken,1
camellones,1
buried,1
barba,1
flagship,1
prismatic,1
stressing,1
province,1
appears,1
produced,1
persons,1
revive,1
priorities,1
hammers,1
excellent,1
thin,1
tulans,1
noroeste,1
cajon,1
chimalpahin,1
facilities,1
postclásico,1
hicks,1
near,1
isotope,1
briefly,1
receive,1
precept,1
failure,1
none,1
pedro,1
anna,1
urbano,1
basis,1
décadas,1
decipherment,1
responding,1
imports,1
fraser,1
start,1
framed,1
claim,1
future,1
advancement,1
knowledge,1
teotihuan,1
clearer,1
related,1
indigenous,1
elizabeth,1
reminded,1
wittfogel,1
whole,1
hirth,1
tale,1
describe,1
fail,1
place,1
northwest,1
postulated,1
easiest,1
cane,1
broad,1
contains,1
beginnings,1
blade,1
densely,1
garbage,1
actually,1
strain,1
rosario,1
mapucche,1
lanham,1
geoarchaeolosy,1
call,1
mathematical,1
bishop,1
surrounding,1
haven,1
gonzález,1
participate,1
ciencia,1
resort,1
lange,1
stanford,1
interpreted,1
own,1
anchored,1
graduate,1
clearance,1
refuse,1
penshable,1
epiclassic,1
regions,1
bibliographies,1
depositional,1
pulltrouser,1
causal,1
tone,1
legacy,1
perú,1
geología,1
huarco,1
lópez,1
arise,1
correct,1
caused,1
below,1
huexotla,1
tom,1
buildings,1
theoretically,1
tested,1
moquegua,1
nasca,1
rarer,1
deborah,1
byrne,1
especializado,1
ruta,1
lords,1
tetla,1
emerging,1
involved,1
specifically,1
counteracting,1
quantification,1
nashville,1
wider,1
antropolgía,1
habitacionaks,1
revealing,1
components,1
governments,1
breaking,1
presence,1
centrai,1
gene,1
essentially,1
kekchi,1
zonal,1
rouies,1
lordship,1
characterizes,1
generally,1
cosmology,1
ta,1
outnumbering,1
rodríguez,1
tributary,1
dreiss,1
citations,1
cycle,1
appropriate,1
directionality,1
tlalhuicas,1
grateful,1
dam,1
pot,1
sitio,1
waiting,1
rest,1
reducing,1
promising,1
seemed,1
limiting,1
seats,1
cite,1
chronological,1
integrating,1
contributes,1
critical,1
therefore,1
he,1
ditterentiation,1
noteworthy,1
second,1
business,1
stronger,1
minor,1
etlay,1
anthologies,1
summarize,1
chase,1
gather,1
cosmological,1
pilgrimage,1
schmidt,1
service,1
brian,1
eressi,1
yucatan,1
analogue,1
limited,1
corporation,1
acknowledged,1
albany,1
exception,1
brings,1
tor,1
dwellings,1
illustrating,1
garden,1
ejutla,1
experiences,1
schacht,1
builders,1
utilization,1
renew,1
plebians,1
illuminating,1
para,1
mexicanos,1
once,1
cahuachi,1
housing,1
habitacional,1
push,1
sociologists,1
interrelationship,1
sausa,1
proletarianization,1
evolved,1
challenged,1
orange,1
manzanilla,1
neither,1
mesoamericanas,1
thesis,1
nexquipayac,1
clarified,1
swamp,1
symptomatic,1
included,1
publishing,1
asia,1
complete,1
amazon,1
abandon,1
demonstrates,1
reply,1
costs,1
guerrero,1
reports,1
reliance,1
begins,1
alabamy,1
williams,1
baby,1
isolated,1
avoided,1
investigating,1
volume,1
angel,1
lack,1
simulation,1
mound,1
generadora,1
resolution,1
lewis,1
critiques,1
mixteca,1
jeffrey,1
ambergris,1
gobierno,1
request,1
stories,1
neglect,1
fin,1
death,1
towns,1
andeanists,1
tiny,1
nazca,1
causality,1
shows,1
leap,1
limit,1
turner,1
fundamental,1
verifiable,1
occupations,1
mountainous,1
frost,1
crop,1
really,1
palerm,1
associates,1
antonio,1
debates,1
presente,1
doubt,1
pennsylvania,1
fashion,1
man,1
external,1
cardos,1
depopulation,1
rhythms,1
mesoamenca,1
conclusions,1
outside,1
tlaloc,1
everyday,1
formations,1
geography,1
covered,1
landscape,1
tne,1
continuing,1
existing,1
answer,1
coloquio,1
homenaje,1
focusing,1
chima,1
binford,1
frequency,1
compelled,1
distance,1
style,1
siglo,1
going,1
ecology,1
convenient,1
remove,1
lags,1
cierra,1
thousands,1
cay,1
preliminar,1
simon,1
analyzed,1
nahua,1
subtropical,1
exhibit,1
exploring,1
mccjung,1
diverse,1
investment,1
vast,1
disease,1
success,1
treated,1
chiefly,1
aspectos,1
range,1
chijra,1
chronologies,1
aqueducts,1
helps,1
overpopulation,1
neuvas,1
formal,1
including,1
desperate,1
scatter,1
previously,1
sixth,1
increase,1
lournal,1
discrediting,1
canals,1
moundbuilders,1
crafts,1
identity,1
cmnampa,1
intercambio,1
largely,1
macroregional,1
virtually,1
exciting,1
excavaciones,1
conditions,1
coyotlatelco,1
lhe,1
sequence,1
resulting,1
harvard,1
submitted,1
willey,1
iiwanaku,1
rare,1
engineers,1
recruitment,1
infers,1
synthetic,1
dating,1
dahlin,1
involves,1
peterborough,1
anuario,1
cultura,1
exports,1
meanings,1
clear,1
roo,1
postcláswos,1
adding,1
peripheral,1
points,1
izt,1
cerrito,1
pd,1
clusters,1
amounts,1
counter,1
individual,1
staple,1
symposium,1
characterized,1
so,1
parti,1
caso,1
collected,1
administrative,1
devise,1
mnisn,1
accurate,1
black,1
standard,1
zamora,1
lose,1
latter,1
cosmovision,1
why,1
especially,1
random,1
inaians,1
nonproductive,1
trying,1
typically,1
often,1
sense,1
relation,1
schroeder,1
narrow,1
ornaments,1
stand,1
exactly,1
blanton,1
examine,1
effect,1
chietaoms,1
silvia,1
operationalized,1
arquüectura,1
analyze,1
dominance,1
leotinuacan,1
looked,1
xoconochco,1
workshop,1
uispciatu,1
versus,1
tendency,1
foro,1
relative,1
seduction,1
professional,1
whheware,1
louisiana,1
avanzada,1
opposite,1
coioniai,1
applies,1
reluctant,1
puerto,1
mohawk,1
dietary,1
tula,1
paredes,1
pohl,1
farm,1
teotihuacana,1
metallurgy,1
rico,1
seasons,1
yields,1
veracruz,1
grayware,1
testable,1
iran,1
cuauhnahuac,1
layouts,1
she,1
continued,1
río,1
popularity,1
linda,1
five,1
vision,1
americanist,1
prose,1
rough,1
domésticas,1
dig,1
inside,1
paleodemographic,1
maceachern,1
lines,1
widespread,1
institutions,1
becomes,1
monuments,1
andenes,1
who,1
décima,1
detailed,1
playa,1
yale,1
plumbate,1
clays,1
contribution,1
yautepec,1
espacioi,1
treacy,1
deals,1
figurine,1
sixty,1
pays,1
life,1
payment,1
inspired,1
seibal,1
efficiency,1
provinces,1
deductive,1
fall,1
united,1
cámara,1
polychrome,1
frontier,1
lip,1
aqueduct,1
cuaderno,1
adobe,1
aboriginal,1
interpretive,1
ano,1
investigate,1
conservation,1
blurred,1
forest,1
tribe,1
mouse,1
stable,1
considered,1
around,1
distributional,1
detail,1
meal,1
school,1
cannon,1
lpoca,1
quilter,1
neglected,1
heavy,1
monument,1
thinking,1
judgments,1
dispersed,1
reviewing,1
comes,1
symbolic,1
área,1
honzon,1
discrepancy,1
bronze,1
identifiers,1
bathwater,1
diets,1
pt,1
sciences,1
sourcing,1
here,1
geoarchaeology,1
clement,1
der,1
colorado,1
particulars,1
know,1
defining,1
mass,1
unpacking,1
cerámicas,1
región,1
reexamination,1
coxoh,1
finance,1
plunket,1
aei,1
cultures,1
different,1
suggestions,1
prolific,1
acerca,1
sampling,1
capital,1
peasant,1
straightforward,1
basins,1
apa,1
xochiyayotl,1
tojolabal,1
paleoethnobotanicaj,1
bolivian,1
hassan,1
plague,1
ff,1
rely,1
plazas,1
reflected,1
examining,1
ethnohistorians,1
hidráulica,1
proposed,1
preimperiai,1
living,1
limnologists,1
places,1
redefined,1
beginning,1
researching,1
explanations,1
what,1
archaeoastronomers,1
stratiiication,1
mesoamericay,1
cuernavaca,1
month,1
wilken,1
whether,1
venta,1
making,1
orleans,1
cause,1
particular,1
citystate,1
pertinent,1
huari,1
neartv,1
textbook,1
robles,1
artifactual,1
map,1
portmanteau,1
firmly,1
vigorously,1
temporally,1
problem,1
fully,1
studying,1
require,1
lukurmata,1
orientations,1
influenced,1
impressionistically,1
almost,1
don,1
clasico,1
phenomena,1
paleoecology,1
port,1
travel,1
invariant,1
ultimos,1
conference,1
sociaj,1
radically,1
researchers,1
mgniana,1
presented,1
cumpaci,1
ine,1
reported,1
reroa,1
estudio,1
loker,1
confirm,1
beer,1
anthronaloeist,1
variability,1
african,1
ac,1
mayor,1
techniques,1
plans,1
campeche,1
cacicazgo,1
infatuation,1
sheets,1
struck,1
measure,1
silva,1
contribute,1
possessions,1
programs,1
geographic,1
obtain,1
palynology,1
heartland,1
complementarity,1
copper,1
divided,1
colonial,1
watering,1
maintained,1
snow,1
definitions,1
writing,1
correspondences,1
coming,1
think,1
terminal,1
nov,1
analogy,1
come,1
tempers,1
algunos,1
wild,1
peña,1
devoted,1
shown,1
sediments,1
lists,1
frontiers,1
generate,1
conn,1
disposal,1
formality,1
intensified,1
finding,1
wis,1
lately,1
numerous,1
stratification,1
nicaraguan,1
catch,1
mode,1
crisis,1
geoarchaeological,1
tulane,1
wish,1
value,1
public,1
colo,1
contributed,1
offer,1
insight,1
sandor,1
preceramic,1
ios,1
folan,1
product,1
integration,1
regular,1
garcia,1
measured,1
association,1
classification,1
tipped,1
reprints,1
nonegalitarian,1
huevos,1
charles,1
searching,1
potential,1
modeling,1
quirigua,1
armillas,1
elites,1
xochimilcas,1
scholarship,1
chicago,1
cook,1
exclusively,1
element,1
sheer,1
df,1
develop,1
duration,1
plenum,1
cultivar,1
ayacucho,1
resist,1
premature,1
lenirai,1
metcalfe,1
oí,1
ultimas,1
built,1
close,1
draft,1
pina,1
symbiotic,1
òpamaras,1
assem,1
