WORDCOUNTS,WEIGHT
and,1037
of,756
in,712
the,642
ceramic,356
pp,335
a,285
p,263
research,196
to,188
de,184
m,163
ethnoarchaeological,140
et,139
archaeological,133
pottery,118
on,118
for,109
university,107
that,106
ethnoarchaeology,102
la,100
production,99
j,82
c,80
studies,78
from,74
du,73
an,68
their,67
study,64
as,64
have,64
social,63
also,62
w,59
this,58
archaeology,57
is,57
des,57
d,57
r,56
e,55
by,54
material,54
with,54
journal,51
b,50
some,49
use,47
current,47
has,46
are,46
recent,46
theory,43
technological,43
l,42
african,42
s,41
ceramics,40
potters,40
or,38
work,37
theoretical,37
american,36
issues,36
stark,35
new,35
techniques,34
more,34
ethnoarchaeologists,33
f,33
between,33
review,32
traditions,32
kalinga,32
o,31
g,31
no,31
approach,31
method,30
t,30
south,30
archaeologists,29
en,29
most,29
its,29
at,28
clay,28
change,28
cultural,27
systems,27
van,26
anthropology,26
céramiques,25
culture,25
among,25
h,24
approaches,24
these,24
style,24
been,24
cambridge,24
smithsonian,23
institution,23
antiquity,23
be,23
i,22
than,21
may,21
within,20
world,20
like,20
africa,20
who,20
other,19
many,19
which,19
can,19
through,19
case,18
west,18
utah,18
technical,18
data,18
centre,18
lake,18
poterie,18
mexico,18
we,18
distribution,18
variability,18
salt,18
one,17
such,17
literature,17
economic,17
technology,17
au,17
k,17
expanding,17
historical,17
éditions,17
internationales,16
pots,16
iowa,16
n,16
materials,16
rencontres,16
practice,16
les,16
manufacturing,16
models,16
céramique,15
recherches,15
actes,15
future,15
department,15
several,15
boundaries,15
areas,15
david,15
anthropological,15
der,15
livingstone,15
traditional,15
relationships,14
unpublished,14
project,14
le,14
ancient,14
choices,14
scholars,14
where,14
science,14
andean,14
different,14
what,14
both,14
v,13
asia,13
papers,13
document,13
factors,13
behavioral,13
aspects,13
field,13
comparative,13
make,13
region,13
questions,13
americanist,13
bulletin,13
el,13
not,13
niger,13
phd,13
making,13
archaeometry,13
vessel,13
it,12
western,12
contexts,12
america,12
organization,12
northern,12
standardization,12
community,12
communities,12
assemblages,12
so,12
provide,12
terre,12
our,12
household,11
central,11
y,11
how,11
firing,11
delta,11
record,11
cameroon,11
few,11
experimental,11
regional,11
provides,11
evolutionary,11
poteries,11
past,11
spatial,11
using,11
arnold,11
done,10
needed,10
into,10
dynamic,10
since,10
perspective,10
process,10
specialization,10
section,10
requires,10
ann,10
critical,10
interpretation,10
ethnoarchéologique,10
patterning,10
time,10
contemporary,10
see,10
technologies,10
relationship,10
analysis,10
art,10
vessels,10
researchers,10
université,10
sur,10
remains,10
philippines,10
arizona,10
they,9
women,9
intérieur,9
editions,9
octobre,9
eastern,9
behavior,9
framework,9
comments,9
publications,9
à,9
focused,9
scale,9
because,9
mi,9
annual,9
society,9
cuite,9
but,9
two,9
do,9
explicitly,9
range,9
including,9
craft,9
topics,9
un,9
international,9
manufacture,9
much,9
does,8
xlle,8
units,8
differences,8
last,8
those,8
ritual,8
even,8
rather,8
prehistory,8
india,8
raw,8
reviews,8
recently,8
une,8
published,8
valuable,8
southern,8
projects,8
under,8
ethnographic,8
frameworks,8
cerámica,8
feu,8
paris,8
maya,8
discussion,8
variation,8
were,8
longacre,8
life,8
goods,8
institute,8
studying,8
consumption,8
focus,8
north,8
should,8
stylistic,7
productions,7
introduction,7
village,7
ma,7
sets,7
nyame,7
first,7
approche,7
implications,7
concentrated,7
styles,7
discrete,7
british,7
key,7
vol,7
relations,7
general,7
across,7
direct,7
cooking,7
internationale,7
numbers,7
undertaken,7
prehistoric,7
part,7
people,7
artifact,7
concerns,7
methodological,7
patterns,7
still,7
southeast,7
museum,7
only,7
present,7
compositional,7
relevant,7
strategies,7
local,7
understanding,7
identity,7
mandara,7
countries,7
problems,7
often,7
relative,7
increasing,7
european,7
rencontre,7
distributional,7
following,7
must,7
geographic,7
physical,7
sciences,7
each,7
particular,7
earthenware,7
while,7
role,7
formation,7
national,7
integrated,7
either,6
tradition,6
rich,6
studied,6
political,6
context,6
characterize,6
consumers,6
collection,6
goal,6
shott,6
parts,6
was,6
dc,6
identifying,6
societies,6
could,6
called,6
walde,6
near,6
archéologie,6
los,6
ethnoarchéologie,6
competing,6
used,6
during,6
ghana,6
trends,6
concentrates,6
working,6
involve,6
when,6
settings,6
technique,6
aronson,6
choice,6
vander,6
fieldwork,6
assemblage,6
région,6
host,6
asian,6
laboratory,6
regions,6
wheel,6
why,6
examine,6
artisans,6
today,6
perspectives,6
dimensions,6
methods,6
dans,6
series,6
changing,6
paper,6
pour,6
ethnography,6
information,6
ill,6
despite,6
goals,6
specialists,6
association,6
early,6
little,6
building,6
broader,6
now,5
groups,5
functional,5
xlve,5
market,5
group,5
identify,5
decade,5
diversity,5
practices,5
properties,5
analyses,5
products,5
china,5
circulate,5
labor,5
thus,5
throughout,5
southwestern,5
development,5
consumer,5
topic,5
learning,5
identification,5
remain,5
dean,5
producers,5
département,5
beyond,5
decades,5
greater,5
uses,5
neoprocessual,5
late,5
produced,5
intensity,5
gender,5
akuma,5
span,5
cameroun,5
scientific,5
reconstruction,5
selection,5
chez,5
same,5
useful,5
toward,5
instituto,5
mali,5
ecology,5
years,5
producción,5
examples,5
made,5
three,5
function,5
exchange,5
interpretations,5
structure,5
attention,5
division,5
examines,5
ethnological,5
alternative,5
proponents,5
particularly,5
rural,5
living,5
them,5
form,5
urban,5
multiple,5
lies,5
cas,5
include,5
although,5
meaning,4
large,4
mexican,4
history,4
faculté,4
available,4
highland,4
great,4
colloque,4
link,4
closer,4
commitment,4
africaines,4
help,4
dd,4
westview,4
continuum,4
primary,4
activity,4
gamo,4
controlled,4
human,4
regarding,4
includes,4
dynamics,4
ethical,4
cases,4
wares,4
aim,4
nigeria,4
rates,4
york,4
without,4
performance,4
musées,4
active,4
similar,4
importance,4
certain,4
kilns,4
scales,4
changes,4
affect,4
latin,4
mémoire,4
peru,4
plenum,4
view,4
methodology,4
begun,4
deal,4
academic,4
province,4
population,4
wealth,4
andes,4
london,4
calls,4
related,4
survey,4
status,4
shaping,4
involved,4
characteristics,4
workshops,4
wider,4
villages,4
pays,4
will,4
various,4
nearly,4
female,4
religious,4
philosophie,4
about,4
examined,4
mission,4
continuity,4
den,4
analytical,4
publishing,4
refine,4
insights,4
concentrate,4
comparison,4
power,4
nicholson,4
others,4
dietler,4
efforts,4
fact,4
end,4
vallées,4
less,4
preparation,4
ethiopia,4
another,4
helps,4
ethnic,4
processes,4
continue,4
previous,4
individual,4
would,4
period,4
after,4
least,4
étude,4
arts,4
transformation,4
table,4
school,4
quantitative,4
rarely,4
gallay,4
thèse,4
over,4
genevois,4
cultures,4
domestic,4
advances,4
banda,4
northeastern,4
potières,4
produce,4
contain,4
size,4
city,4
assumptions,4
results,4
traditionnelles,4
producer,4
mode,4
need,4
product,4
schiffer,4
major,4
go,3
currently,3
consommation,3
concerned,3
krishnan,3
concern,3
college,3
utility,3
novembre,3
complex,3
cerámicos,3
constitutes,3
méditerranée,3
thematic,3
source,3
themes,3
experience,3
lower,3
accumulation,3
ghosh,3
ii,3
urgeschichtliche,3
motor,3
might,3
nature,3
kvhaa,3
producing,3
follows,3
ministère,3
embrace,3
state,3
vallée,3
worldwide,3
dogon,3
governmental,3
zeitschrift,3
intermediaries,3
integrating,3
michoacano,3
move,3
resources,3
estudio,3
against,3
sociale,3
interest,3
application,3
century,3
norte,3
estimates,3
old,3
marriage,3
burma,3
factions,3
ethnolinguistic,3
bel,3
influence,3
mechanisms,3
whose,3
levels,3
réunion,3
supplement,3
contributions,3
etude,3
consequences,3
projet,3
understand,3
consider,3
elsewhere,3
americanists,3
tradicional,3
recycling,3
xi,3
additional,3
surface,3
generally,3
evaluation,3
rice,3
pierre,3
mo,3
colegio,3
important,3
location,3
transmission,3
found,3
access,3
carol,3
estudios,3
carolina,3
mesoamerican,3
ceramica,3
artefact,3
méthodes,3
al,3
ethnographischarchäologische,3
directly,3
basis,3
characterization,3
example,3
indigenous,3
libre,3
documented,3
reflect,3
occidente,3
lefferts,3
oriental,3
theoretically,3
next,3
stimulated,3
small,3
vince,3
characterizes,3
boucle,3
ot,3
roots,3
agam,3
provided,3
preliminary,3
massive,3
nga,3
journée,3
processual,3
san,3
approximate,3
variety,3
populations,3
identified,3
potter,3
linden,3
longitudinal,3
dimensional,3
single,3
sénégal,3
yet,3
rubric,3
us,3
wallonne,3
fleuve,3
indian,3
reply,3
khmer,3
essai,3
increasingly,3
volume,3
pastes,3
jajmani,3
binfordians,3
larger,3
focuses,3
man,3
discussed,3
anthropologist,3
men,3
cambodia,3
developing,3
empire,3
michael,3
necessary,3
moyenne,3
bilan,3
focusing,3
indiana,3
explanation,3
manufactured,3
significant,3
emphasize,3
sequence,3
merit,3
continuities,3
described,3
potting,3
points,3
ottoman,3
characterized,3
brussels,3
kramer,3
enquiries,3
skibo,3
stahl,3
become,3
institut,3
hildebrand,3
southwest,3
summarized,3
préhistoire,3
continued,3
ecological,3
practitioners,3
thermal,3
discard,3
male,3
sensitive,3
seen,3
masca,3
caste,3
types,3
binisaya,3
blackman,3
tani,3
bafia,3
brusseles,3
associated,3
quezon,3
organizational,3
intellectual,3
folk,3
east,3
handmade,3
las,3
evident,3
leiden,3
ralinga,3
whether,3
terms,3
selected,3
ethnoarchaeoiogical,3
correlates,3
suggests,3
ideal,3
ville,3
level,3
origini,3
nontechnical,3
press,3
definitions,3
analogy,3
come,3
sociétés,3
generate,3
involves,3
illinois,3
chemical,3
newsletter,3
kala,3
colleagues,3
area,3
chicago,3
visayan,3
develop,3
doing,3
médiévale,3
sa,2
final,2
phénomènes,2
zaire,2
struggle,2
vor,2
welsch,2
horizontal,2
common,2
gujarat,2
represent,2
northeast,2
methodologies,2
traditionnelle,2
konferenser,2
center,2
mesoamerica,2
kinds,2
agency,2
essays,2
conducting,2
linkages,2
schools,2
ways,2
universiteit,2
paradigms,2
largely,2
modern,2
trace,2
columbia,2
musée,2
exceptions,2
foragers,2
par,2
ethics,2
december,2
comparée,2
explaining,2
australia,2
specifically,2
dynamique,2
interests,2
fund,2
rapid,2
neutron,2
maripipi,2
action,2
explores,2
daily,2
borders,2
reasons,2
panafrican,2
origin,2
inherent,2
disappearance,2
thanks,2
inland,2
search,2
feature,2
persistence,2
cinq,2
analogical,2
investigations,2
reading,2
committed,2
surveys,2
peuplement,2
rethinking,2
system,2
documenting,2
taphonomic,2
occasional,2
existence,2
anthropologists,2
bonfire,2
histoire,2
sexual,2
discuss,2
march,2
design,2
possible,2
planters,2
illustrate,2
shared,2
adopting,2
bibliography,2
ethnographique,2
measuring,2
ignores,2
sobre,2
zimbabwe,2
identifies,2
engage,2
analyse,2
inventory,2
exist,2
enquêtes,2
collapse,2
differential,2
affiliation,2
historically,2
materialhefte,2
illustrates,2
approches,2
tables,2
integral,2
conducted,2
basil,2
given,2
exercise,2
elements,2
underlying,2
concerning,2
amount,2
back,2
subjects,2
giffen,2
considering,2
egypt,2
compare,2
archaeologist,2
tecnología,2
william,2
pronounced,2
generation,2
paste,2
poorly,2
industries,2
pay,2
steps,2
operation,2
oxford,2
ahuma,2
his,2
salvage,2
landscape,2
explicit,2
preparing,2
coastal,2
reaction,2
actuelle,2
leave,2
exemple,2
institutionalized,2
signatures,2
nos,2
arbor,2
courty,2
category,2
provinces,2
albert,2
tensions,2
established,2
clearly,2
represented,2
dominate,2
traces,2
sillar,2
too,2
upper,2
origins,2
notions,2
indonesia,2
genève,2
iñupiat,2
care,2
strategy,2
strengthen,2
kenya,2
expressed,2
problem,2
whom,2
evolutionist,2
basin,2
treatments,2
events,2
viking,2
configuration,2
amazon,2
apprentissage,2
universidad,2
explain,2
facilities,2
networks,2
exploration,2
creates,2
cognition,2
sishui,2
marie,2
memory,2
improve,2
toughness,2
globally,2
sites,2
distinguish,2
papuan,2
artifacts,2
scope,2
industrial,2
tool,2
emphasis,2
del,2
locus,2
casa,2
knowledge,2
thoughts,2
realm,2
q,2
place,2
policies,2
myriad,2
contains,2
kadiolo,2
relevance,2
hawai,2
structures,2
rituals,2
call,2
missions,2
visions,2
own,2
traders,2
outline,2
exemplary,2
legacy,2
construct,2
successful,2
stage,2
coupled,2
lugli,2
peruvian,2
long,2
around,2
industry,2
goddess,2
sculptures,2
hayden,2
resistance,2
describes,2
und,2
factionalism,2
structured,2
undergoing,2
pot,2
moved,2
deboer,2
vadodara,2
cleland,2
activation,2
contributes,2
became,2
eclectic,2
ibh,2
stronger,2
observations,2
summarize,2
geneva,2
short,2
papua,2
bantu,2
kenkyu,2
olaria,2
praeen,2
accumulations,2
initially,2
egges,2
modes,2
thailand,2
structural,2
vie,2
cingvla,2
selling,2
ethnographers,2
fit,2
makes,2
happened,2
hier,2
restricted,2
organización,2
processing,2
matson,2
shock,2
aux,2
inferences,2
rijksmuseum,2
bar,2
disappearing,2
members,2
houselots,2
french,2
heritage,2
book,2
challenge,2
decoration,2
fragmentation,2
responsibilities,2
slavery,2
demographic,2
longer,2
lack,2
materialist,2
substantially,2
contends,2
católica,2
mold,2
travail,2
dependencies,2
etau,2
documents,2
forms,2
procurement,2
nie,2
monographs,2
operating,2
model,2
answer,2
until,2
deep,2
japan,2
perhaps,2
reasoning,2
sell,2
distance,2
reflected,2
interpreting,2
original,2
greatest,2
meaningful,2
my,2
vast,2
facteurs,2
leeuw,2
previously,2
top,2
ethnoarchaeologist,2
empirical,2
globalizing,2
causes,2
congress,2
variables,2
engaged,2
congo,2
trade,2
gosselain,2
historic,2
interpret,2
held,2
homes,2
lie,2
millénaire,2
latter,2
reuse,2
especially,2
reina,2
redmount,2
assessing,2
concepts,2
seeking,2
greece,2
textural,2
ilk,2
unified,2
brenda,2
observational,2
nonwestern,2
honolulu,2
independent,2
figure,2
domains,2
foreign,2
testing,2
peuplements,2
vertical,2
somono,2
primarily,2
becomes,2
société,2
clays,2
adherence,2
cognitive,2
façonnage,2
fall,2
exists,2
combines,2
interpretive,2
articulations,2
addressed,2
sections,2
share,2
then,2
prohibited,2
ve,2
simply,2
continues,2
symbolic,2
theme,2
michoacán,2
reconnaissance,2
set,2
natural,2
coxoh,2
organized,2
historians,2
believe,2
chaîne,2
best,2
print,2
temper,2
report,2
foundation,2
selectionist,2
shifts,2
very,2
number,2
cities,2
guinea,2
works,2
type,2
respect,2
person,2
explanations,2
vary,2
carefully,2
investigation,2
voor,2
want,2
temperatures,2
harappan,2
agricultural,2
sociologie,2
employ,2
faro,2
require,2
anna,2
lindahl,2
categories,2
popular,2
socioeconomic,2
materializing,2
científica,2
mande,2
measure,2
ethnoarchéologiques,2
obtain,2
archéologiques,2
summarizes,2
divided,2
da,2
mains,2
xxe,2
disappear,2
bunka,2
argentina,2
imperative,2
contributed,2
lively,2
define,2
evidence,2
cautionary,2
fondo,2
scalar,2
measured,2
shift,2
increased,2
summary,2
km,2
casted,2
era,2
gainesville,2
substantial,2
valley,2
entire,2
interaction,2
censuses,2
ethnographie,2
seek,2
zones,2
terracotta,2
cross,2
dos,2
postfiring,2
roles,2
close,2
nicholas,1
objectifying,1
postempiricist,1
gis,1
difficult,1
massif,1
entities,1
dung,1
neoprocessualists,1
portuguese,1
urna,1
etnoarqueológico,1
rate,1
lite,1
metal,1
terrain,1
limits,1
prefer,1
technician,1
polish,1
rupestre,1
calgary,1
implemented,1
way,1
if,1
medieval,1
shandong,1
potier,1
populous,1
altamira,1
names,1
perpétuation,1
dictate,1
dalupa,1
expand,1
arctic,1
articulacäo,1
zuni,1
fouilles,1
affected,1
widening,1
reconsidered,1
environmental,1
expedition,1
determine,1
xrve,1
measures,1
kodai,1
adoption,1
ultimate,1
geared,1
manuscript,1
berlin,1
crossing,1
per,1
linguistic,1
germany,1
landholding,1
jarres,1
globalization,1
measurable,1
replaced,1
shoulders,1
systematically,1
ana,1
neupert,1
enhance,1
tend,1
shan,1
experientia,1
second,1
miriam,1
hail,1
tonto,1
igbo,1
summaries,1
vaisnavite,1
utilises,1
bias,1
contend,1
postprocessual,1
perfect,1
nord,1
former,1
kiyo,1
overlook,1
comparisons,1
virilocal,1
committee,1
afghanistan,1
mécanismes,1
throwing,1
règles,1
mainland,1
occurred,1
habits,1
replicate,1
variants,1
salado,1
guyana,1
perceptive,1
before,1
fragile,1
relecture,1
viewpoints,1
nineteenth,1
plantations,1
migration,1
revision,1
convergence,1
neofunctionalism,1
test,1
indexes,1
evros,1
being,1
oceania,1
hardin,1
island,1
highlighted,1
curriboo,1
vibrancy,1
slaking,1
genevoi,1
lightly,1
sources,1
every,1
walnut,1
embraced,1
monash,1
earthenwares,1
container,1
creation,1
lyman,1
percuteurs,1
setting,1
garcía,1
animas,1
lobi,1
taiwan,1
coleccionismo,1
enables,1
season,1
humans,1
homenagem,1
forcibly,1
anywhere,1
habitus,1
agenda,1
unfolding,1
all,1
analogies,1
première,1
definition,1
gary,1
containing,1
coating,1
zhegouzhen,1
archaeologically,1
attractive,1
sensitizing,1
moderna,1
skills,1
économiques,1
assess,1
broadly,1
broken,1
burkina,1
undertake,1
careers,1
présent,1
monitor,1
diola,1
ucayali,1
farmers,1
mariage,1
industrializing,1
rule,1
réflexions,1
lumped,1
modelada,1
generalizations,1
concludes,1
composition,1
launched,1
productive,1
reproduction,1
niche,1
refraining,1
actuelles,1
wolayta,1
resultants,1
análise,1
zapata,1
inferential,1
mind,1
replicated,1
greatly,1
sacred,1
containment,1
taxonomie,1
robert,1
hélène,1
heating,1
staking,1
decreased,1
alike,1
profitable,1
intelligence,1
technologysome,1
livelihood,1
insti,1
designs,1
tradicionales,1
tiya,1
followers,1
nowhere,1
zayas,1
vending,1
xnanterre,1
crystal,1
judah,1
sophisticated,1
francophone,1
mortal,1
avril,1
verlag,1
cultivators,1
portugal,1
blacksmiths,1
component,1
draws,1
é,1
mass,1
eurasia,1
right,1
addresses,1
apprenticeship,1
innovators,1
retain,1
resistencia,1
resisting,1
uneven,1
torchietto,1
replacement,1
welcome,1
misago,1
ball,1
prehispanic,1
affinal,1
olleros,1
establishing,1
canelos,1
feinman,1
videography,1
literary,1
prove,1
occupy,1
oudin,1
ndera,1
transculturelles,1
tuut,1
transcend,1
festas,1
tsukuri,1
interdisciplinary,1
supply,1
nepal,1
conceptual,1
reflecting,1
x,1
exchanges,1
multidecade,1
selecting,1
laws,1
fluorescence,1
akköy,1
apply,1
along,1
interior,1
mountains,1
correlation,1
spain,1
protocol,1
economies,1
prevented,1
strengthens,1
lights,1
modem,1
faor,1
write,1
autre,1
usage,1
repeatedly,1
actuellement,1
prerequisite,1
xhe,1
archäologie,1
iron,1
disreputable,1
accessible,1
eerkens,1
caractéristiques,1
structuration,1
language,1
angles,1
accuracy,1
kojo,1
estimating,1
modify,1
distressingly,1
silex,1
mm,1
unsuccessful,1
durée,1
backgrounds,1
objective,1
september,1
author,1
processus,1
circulation,1
outer,1
cogently,1
logicismi,1
informant,1
authoritative,1
hawaii,1
gendered,1
santa,1
prehistoria,1
price,1
tucson,1
smashing,1
ñvt,1
actas,1
thoughtful,1
media,1
siècle,1
museet,1
z,1
kind,1
guided,1
tribals,1
progressive,1
unity,1
santo,1
toji,1
chanlak,1
arc,1
decisions,1
developments,1
better,1
sibling,1
tibet,1
places,1
times,1
caucasus,1
fig,1
divisions,1
response,1
panorama,1
slave,1
extraordinary,1
suitable,1
emphases,1
zhitao,1
honour,1
left,1
ethnoarchaeotogy,1
continuous,1
third,1
engineering,1
criterion,1
estimate,1
collaboration,1
mechanical,1
find,1
locales,1
undertaking,1
dist,1
empiricism,1
fieldiana,1
communication,1
quand,1
lgbo,1
look,1
occidental,1
advantages,1
critique,1
cf,1
moçambique,1
festivals,1
propositions,1
posting,1
manufactura,1
descriptive,1
truck,1
born,1
crawford,1
femmina,1
weakness,1
interassemblage,1
instability,1
puebloan,1
ethnoarchäologiemethodologie,1
subcastes,1
nigerian,1
battles,1
selectively,1
revitalize,1
etics,1
higher,1
biface,1
oj,1
lesser,1
site,1
messy,1
censales,1
shortand,1
acculturation,1
modèle,1
enhancing,1
sardinia,1
vied,1
jisu,1
recognized,1
shiryokan,1
adequate,1
essential,1
neff,1
reflects,1
prominence,1
artisanale,1
cuatro,1
privilege,1
transformations,1
act,1
cuisson,1
comportements,1
links,1
bring,1
mattered,1
griot,1
sérèe,1
luzon,1
highlands,1
taxonomy,1
angeles,1
iterations,1
possession,1
campagnes,1
mitigates,1
radius,1
recomposition,1
holistic,1
subsistence,1
mean,1
broaden,1
upemba,1
precluded,1
una,1
africains,1
signaled,1
proximity,1
vs,1
cort,1
mambila,1
buenos,1
rigor,1
idiosyncratic,1
variant,1
induce,1
ongoing,1
cypriot,1
symbols,1
gratefully,1
macrotraces,1
echoed,1
promoting,1
potteries,1
chauvinoises,1
emics,1
govern,1
von,1
update,1
châine,1
yápese,1
moves,1
guides,1
support,1
disappointingly,1
reason,1
sahara,1
perceptions,1
tchériba,1
soon,1
ensure,1
praise,1
maripipl,1
biased,1
deccan,1
municipal,1
garrow,1
locally,1
drue,1
batwa,1
objects,1
fast,1
statistical,1
gzaua,1
familiar,1
languages,1
itinerant,1
cuerpos,1
entrenched,1
bulsa,1
nsi,1
ethnoarqueológico,1
consciousness,1
unimportant,1
impact,1
orissa,1
germane,1
articulated,1
arqueología,1
accessibility,1
frequently,1
situations,1
largescale,1
sobrevivencia,1
retrospective,1
commonly,1
operate,1
superior,1
statt,1
sutee,1
doki,1
gandhi,1
ushijima,1
olivier,1
shed,1
linkage,1
followed,1
cost,1
surge,1
ethnoarcbaeology,1
laterality,1
realist,1
reconsideration,1
thieves,1
guidance,1
sheng,1
senegal,1
mawr,1
preference,1
excavation,1
providing,1
trained,1
management,1
advocated,1
constitution,1
cuites,1
conflicts,1
reflections,1
sème,1
friends,1
monetization,1
behaviour,1
diachronic,1
sociaux,1
petrographical,1
legislative,1
closely,1
advance,1
acceptable,1
lead,1
encourage,1
mauss,1
introduce,1
prefecture,1
alienation,1
diligently,1
sasak,1
cssp,1
appearance,1
six,1
histories,1
opposing,1
demise,1
argiles,1
das,1
drain,1
strength,1
peddling,1
determines,1
recite,1
hakubutsukan,1
out,1
galaty,1
generates,1
economics,1
intentionality,1
issue,1
relational,1
woodworkers,1
austin,1
quandaries,1
criticisms,1
radical,1
pino,1
owen,1
mubuga,1
groumoui,1
welcomes,1
publics,1
medicines,1
diversifiées,1
prehispánica,1
philosophical,1
fuel,1
ethnohistorical,1
markets,1
term,1
evaluate,1
involuntarily,1
embedded,1
hokoku,1
fourth,1
neighboring,1
occupation,1
criteria,1
microtraces,1
chinese,1
understood,1
informed,1
antropología,1
interpretative,1
war,1
yaughan,1
sinchi,1
skilled,1
jalisco,1
treat,1
viewed,1
residential,1
individualité,1
unpacking,1
antiqua,1
analogous,1
excellent,1
monograph,1
otherwise,1
outside,1
procedures,1
explored,1
your,1
marocaine,1
stonewares,1
centrale,1
approached,1
koma,1
conferences,1
taught,1
comprehension,1
wide,1
maile,1
acknowledgments,1
tracking,1
gods,1
yoffee,1
influenced,1
experiment,1
distinguishes,1
jim,1
très,1
well,1
syria,1
hierarchies,1
gained,1
keeping,1
lechtman,1
participation,1
artefacts,1
learn,1
relatives,1
océanistes,1
stances,1
logicism,1
swiss,1
hebrides,1
représentées,1
smear,1
kaogu,1
introducción,1
genewis,1
vers,1
viability,1
faire,1
paying,1
depuis,1
técnica,1
binfordian,1
carry,1
preferred,1
repetition,1
claim,1
yatenga,1
consequently,1
prominent,1
fired,1
regionalist,1
su,1
etnoaqueológico,1
embeds,1
discusses,1
explains,1
training,1
civil,1
ecologists,1
symbolism,1
chaillu,1
vanen,1
mapped,1
criticized,1
woodland,1
got,1
surrounds,1
older,1
couched,1
patricia,1
tohokubu,1
broad,1
investigacäo,1
contextualizing,1
stimulate,1
historische,1
xian,1
transported,1
personal,1
proliferation,1
weekly,1
away,1
dì,1
floors,1
ferro,1
systematic,1
vijayanagara,1
subfield,1
faso,1
requirements,1
techna,1
ethnicity,1
artesanado,1
weeks,1
refuse,1
bisa,1
em,1
ruptura,1
subtle,1
kasa,1
good,1
responses,1
opératoires,1
tolerant,1
instituut,1
indicator,1
presented,1
below,1
regardless,1
criticize,1
suggest,1
josé,1
relating,1
son,1
alto,1
technofunctional,1
catholic,1
contrast,1
grises,1
emphasizes,1
squarely,1
perspektiven,1
hermeneutics,1
encompasses,1
wenwu,1
brewing,1
intervals,1
historicist,1
teams,1
contingency,1
llama,1
spanish,1
autonomy,1
endpoint,1
proximate,1
shapes,1
dentoteki,1
pregnant,1
exemplifies,1
choose,1
pare,1
significantly,1
indira,1
breaking,1
facility,1
sharpen,1
comparaison,1
prompted,1
anthropos,1
feats,1
portions,1
differing,1
mixing,1
altogether,1
philip,1
obnoxious,1
core,1
dedicated,1
visible,1
richness,1
up,1
problèmes,1
springboard,1
callejón,1
dependent,1
proper,1
paid,1
coatings,1
bungoma,1
cycle,1
marry,1
florida,1
appropriate,1
recycle,1
festschrift,1
aggregate,1
humanistic,1
activities,1
tai,1
avoid,1
mercader,1
mentoring,1
nonplastics,1
prescribed,1
cite,1
transforming,1
flourished,1
uncommon,1
therefore,1
belgium,1
adhering,1
kono,1
likely,1
nation,1
togo,1
trampling,1
advocate,1
attempts,1
vanderbilt,1
functioning,1
ken,1
actualistic,1
palikur,1
strictures,1
gather,1
cathy,1
transnational,1
varíen,1
licence,1
constituents,1
service,1
prominently,1
yucatan,1
socalled,1
limited,1
caught,1
play,1
plans,1
corporation,1
return,1
acknowledged,1
classic,1
brief,1
merits,1
oversight,1
exception,1
domingo,1
tropical,1
object,1
intensively,1
tor,1
jomados,1
technically,1
bill,1
surviving,1
indicates,1
contemporánea,1
técnicas,1
relying,1
distribute,1
aichi,1
iran,1
seemingly,1
références,1
postmarital,1
innovation,1
standardize,1
answering,1
senufo,1
xvie,1
illuminating,1
para,1
corpus,1
undergo,1
gifts,1
once,1
metric,1
contributing,1
archaeometric,1
uppsala,1
motifs,1
unintended,1
isochrestism,1
tale,1
reference,1
outlining,1
read,1
caravan,1
database,1
serve,1
england,1
counterparts,1
kuai,1
mégalithes,1
sémiologie,1
fifth,1
geste,1
dokizukuri,1
fournier,1
latitude,1
patronclient,1
neither,1
signaling,1
kogi,1
peul,1
index,1
antiauitv,1
lowland,1
home,1
editorial,1
falls,1
mildly,1
islam,1
assistance,1
continents,1
bloomington,1
guatemala,1
abandon,1
cahiers,1
ed,1
memories,1
accelerated,1
sales,1
already,1
mixtee,1
prehispanica,1
maroc,1
reports,1
apprenties,1
noted,1
tn,1
colección,1
accra,1
weavers,1
endo,1
moba,1
kleindeinst,1
alteration,1
vere,1
discipline,1
actually,1
colonia,1
levigating,1
critiques,1
name,1
california,1
eschews,1
hautes,1
skill,1
recente,1
mark,1
death,1
academy,1
trois,1
approaching,1
preferences,1
europe,1
menstruating,1
ask,1
decorative,1
occupationally,1
addition,1
towards,1
castelike,1
residence,1
ecuadorian,1
complementary,1
guizhou,1
anecdotal,1
passé,1
santos,1
causality,1
tite,1
idea,1
datos,1
sepik,1
conduct,1
pressure,1
saa,1
proposal,1
bourdieu,1
jours,1
predominant,1
trips,1
depict,1
goddesses,1
developed,1
euphrates,1
birifor,1
als,1
enable,1
together,1
really,1
break,1
cumberpatch,1
skimming,1
decreases,1
somewhere,1
john,1
faults,1
quelques,1
technología,1
debates,1
figurines,1
electronically,1
pattern,1
agree,1
anne,1
external,1
interethnique,1
honor,1
disproportionate,1
readers,1
enough,1
yucatecan,1
reconstructing,1
tales,1
santiago,1
increases,1
méridionale,1
téké,1
keys,1
stony,1
ntual,1
morphologique,1
lekie,1
paucity,1
yofifee,1
containers,1
morocco,1
kokuritsu,1
native,1
sousa,1
frequency,1
compelled,1
multiplies,1
proportionately,1
coined,1
conceivably,1
complicated,1
bailas,1
terracottas,1
heed,1
day,1
boat,1
saunders,1
bibliographic,1
imagine,1
molding,1
marginally,1
nonetheless,1
singers,1
exhibit,1
exploring,1
envisions,1
autocritique,1
coherent,1
influences,1
session,1
schifferand,1
turkey,1
background,1
atlantic,1
celebrations,1
comprise,1
udaya,1
upon,1
values,1
patrilocal,1
limitations,1
squabbles,1
refining,1
durées,1
sides,1
hindu,1
formal,1
affinity,1
enormous,1
simulating,1
looking,1
sufficiently,1
shokado,1
balkansky,1
méditerranéenne,1
samples,1
individuality,1
medium,1
encouraged,1
colonoware,1
imbued,1
curtail,1
combining,1
complement,1
seriation,1
residues,1
andines,1
prodigal,1
exciting,1
diaocha,1
assume,1
affects,1
maria,1
carvalho,1
archéologique,1
engulfed,1
extraordinarily,1
mapin,1
exhibited,1
rare,1
discontinuity,1
marcos,1
protohistorique,1
kotzebue,1
trip,1
chosen,1
relegated,1
lucrative,1
rouge,1
discontinuities,1
benin,1
queries,1
apdca,1
low,1
open,1
explorations,1
computational,1
clear,1
mayan,1
actos,1
pichao,1
laboratories,1
consult,1
comprehensive,1
décorées,1
encontró,1
modernization,1
health,1
decorated,1
contributo,1
peter,1
advocacy,1
potteryvending,1
symposium,1
rungs,1
blend,1
surveyed,1
philipp,1
tone,1
vida,1
plant,1
creating,1
ticul,1
features,1
waged,1
contexto,1
static,1
obtained,1
polychromes,1
practiced,1
configurations,1
households,1
hindus,1
producciones,1
matosinhos,1
black,1
abundant,1
dialogue,1
reputable,1
oxbow,1
decide,1
educational,1
preliminaries,1
valued,1
conclusions,1
brazzaville,1
ethnies,1
article,1
moyennes,1
groupe,1
promote,1
qualities,1
parallel,1
útil,1
constructing,1
reconstitution,1
regionales,1
relation,1
epistemology,1
propos,1
bryn,1
supporters,1
lexas,1
effect,1
unites,1
james,1
janvier,1
looks,1
preand,1
yacimiento,1
divides,1
socially,1
protocols,1
looked,1
beti,1
parameters,1
workshop,1
figures,1
empiricist,1
tendency,1
professional,1
caution,1
postgraduate,1
underhill,1
parler,1
opposite,1
greek,1
cruz,1
cámara,1
embody,1
diéghem,1
incarnate,1
decision,1
separate,1
grandes,1
clearest,1
ranging,1
implicitly,1
noncontainers,1
things,1
depth,1
identité,1
veracruz,1
periodic,1
hardline,1
lo,1
christian,1
entail,1
applications,1
carla,1
industrialized,1
rapport,1
hefte,1
me,1
visits,1
characterisation,1
flower,1
domestique,1
kaiinga,1
wisdom,1
tomorrow,1
mixture,1
nsl,1
movements,1
popularity,1
salient,1
willingly,1
hommes,1
opératoire,1
practical,1
purposes,1
indispensable,1
begin,1
resistant,1
trabajos,1
order,1
fogny,1
widespread,1
watson,1
unquestioned,1
excluding,1
transformed,1
translation,1
percussion,1
castes,1
marocain,1
digital,1
idade,1
visual,1
overlap,1
contribution,1
ushongo,1
sequences,1
unclear,1
inadequate,1
rapidly,1
materiale,1
gonzalez,1
sufi,1
covering,1
length,1
clinal,1
fieldworkers,1
inspired,1
expectations,1
construction,1
lewis,1
molelos,1
borrowings,1
cascáis,1
surprising,1
encounters,1
dead,1
expansionism,1
stratified,1
uniformitarian,1
ethnoarqueológica,1
months,1
comissäo,1
yoruba,1
sound,1
premier,1
bergin,1
pressures,1
talavera,1
mediterraneo,1
investigate,1
rigorous,1
vigor,1
partners,1
considered,1
wanka,1
undercurrents,1
detail,1
nacional,1
roof,1
dores,1
environment,1
seriously,1
firings,1
haro,1
resultant,1
globe,1
any,1
offshoots,1
forma,1
enquête,1
regrettably,1
anthropologie,1
endogamous,1
archaeologies,1
crisoles,1
intensification,1
homogeneity,1
norms,1
conjunction,1
incorporated,1
pueblos,1
founded,1
measurements,1
manual,1
demonstrate,1
extensive,1
ever,1
unbroken,1
outils,1
pace,1
discrepancy,1
densu,1
actualidad,1
yu,1
fluctuating,1
tournée,1
revising,1
costin,1
ibáñez,1
borrow,1
carbondale,1
sacré,1
sherds,1
décoratifs,1
ceramicists,1
earle,1
sweden,1
offers,1
here,1
sustained,1
nonindustrial,1
carbon,1
cover,1
kolb,1
know,1
outcome,1
ni,1
defining,1
respecting,1
lun,1
época,1
intellectually,1
dominated,1
sociales,1
stem,1
extant,1
cerámicas,1
tendencies,1
identités,1
baule,1
myopia,1
arcaico,1
fairs,1
global,1
patrimonia,1
contained,1
commonsense,1
interested,1
pragmatic,1
accommodate,1
alfarería,1
editrice,1
tandem,1
argue,1
lemonnier,1
returns,1
inquiry,1
artisanales,1
sudan,1
siglos,1
stretching,1
nyameakuma,1
korea,1
recherche,1
embodiment,1
années,1
written,1
tardía,1
identities,1
etnoarqueológica,1
prospects,1
prayers,1
innumerable,1
sierra,1
responsables,1
douar,1
xvïe,1
plantation,1
turned,1
growing,1
für,1
corne,1
alfarera,1
lens,1
consultants,1
scholarly,1
femmes,1
notable,1
conservatism,1
prefers,1
reconcile,1
references,1
coast,1
cause,1
underpinnings,1
français,1
comme,1
minzokugaku,1
ceased,1
discontinuing,1
fanners,1
mathematics,1
notes,1
englobées,1
avid,1
cuisines,1
her,1
utilitarian,1
getting,1
velde,1
age,1
prestige,1
selectionists,1
rapports,1
sapagua,1
serie,1
confronts,1
yield,1
quarters,1
balance,1
patience,1
precedent,1
almost,1
pontifica,1
articulation,1
travel,1
finished,1
foreword,1
luo,1
varieties,1
occasionally,1
lois,1
elinga,1
careful,1
exemples,1
trivial,1
fcgyptian,1
transport,1
dams,1
potterymaking,1
attached,1
conclude,1
daughters,1
affecting,1
procédés,1
decisive,1
missiles,1
joining,1
simulations,1
mayor,1
giving,1
buy,1
focal,1
subject,1
intended,1
disciplines,1
etnografiska,1
esthétique,1
conventional,1
regularities,1
target,1
contribute,1
alain,1
arguments,1
colonial,1
families,1
challenges,1
allows,1
ensuing,1
aspect,1
zaïre,1
postcolonial,1
pair,1
konferenscr,1
eric,1
prähistorische,1
perspectiva,1
disadvantages,1
peña,1
devoted,1
rote,1
ultimately,1
tell,1
senhor,1
recording,1
sistemas,1
locations,1
differentiation,1
entity,1
hermeneutic,1
modal,1
electronic,1
disposal,1
encouragement,1
average,1
intradisciplinary,1
mouths,1
fractious,1
protohistoric,1
paradigm,1
chaînes,1
numerous,1
ethnomineralogy,1
sud,1
temperature,1
processos,1
recovering,1
washington,1
finally,1
sénégambie,1
origines,1
parallels,1
documentation,1
chad,1
undiminished,1
actively,1
instead,1
grown,1
arnolds,1
canadian,1
civilisations,1
ga,1
facilitates,1
guiding,1
turntables,1
stabley,1
involving,1
irreconcilable,1
france,1
earthen,1
néolithiques,1
defined,1
seeks,1
attempted,1
subsaharienne,1
ovens,1
philosophy,1
salience,1
mainz,1
typology,1
chavez,1
pontificia,1
classification,1
peuples,1
keyword,1
tanks,1
needs,1
carr,1
vi,1
specific,1
charles,1
recognize,1
potential,1
modeling,1
pioneering,1
uselife,1
mudane,1
paleatada,1
rest,1
pvt,1
themselves,1
rajasthan,1
ráquira,1
commodity,1
restricts,1
deposits,1
presentday,1
soa,1
debate,1
sharing,1
euroamerican,1
fabricación,1
exclusively,1
element,1
documentary,1
archeological,1
reconciling,1
images,1
strong,1
comparable,1
kwep,1
meeting,1
asked,1
nonmarket,1
ca,1
ahafo,1
inventories,1
cited,1
cahier,1
symbiotic,1
emerged,1
hypothesis,1
