WORDCOUNTS,WEIGHT
the,1365
of,1229
and,980
in,680
a,476
to,335
as,319
that,237
for,194
cities,173
urban,160
at,150
with,135
were,130
by,123
political,119
p,117
is,117
have,112
from,110
on,106
j,105
early,104
pp,103
m,102
archaeological,98
such,92
south,91
indus,91
an,90
are,90
sites,88
also,83
population,81
be,81
r,80
was,79
new,76
or,75
social,73
archaeology,73
economic,73
centers,72
been,65
which,64
but,63
historic,62
ancient,58
university,57
other,56
city,56
indian,54
medieval,51
may,49
l,49
can,49
period,48
excavations,47
their,47
springer,47
archaeol,46
res,46
c,46
asian,44
not,43
large,42
there,42
k,42
these,42
well,41
delhi,41
g,40
has,38
some,38
one,37
century,37
site,37
india,37
d,37
evidence,37
s,36
b,36
different,36
h,35
state,34
ritual,34
bc,34
subcontinent,34
we,34
had,33
data,33
asia,32
many,32
harappa,32
between,32
than,31
regional,31
it,29
they,29
found,29
development,29
more,29
trade,29
e,28
when,28
see,28
even,27
this,27
about,27
only,27
first,26
production,26
religious,26
over,26
through,26
cultural,25
landscape,25
specialization,25
cambridge,25
urbanism,25
control,25
states,25
history,24
survey,24
et,24
v,24
goods,24
harappan,24
among,24
authority,23
within,23
oxford,23
activities,23
who,23
presence,23
while,23
since,22
central,22
internal,22
into,21
criteria,21
basis,21
culture,21
relationship,21
types,21
stone,20
warfare,20
study,20
w,20
research,20
areas,20
three,20
leaders,20
both,20
studies,19
those,19
relatively,19
journal,19
n,19
its,19
limited,19
us,19
larger,19
often,19
analysis,19
form,19
although,19
functional,18
most,18
territorial,18
material,18
construction,18
ordinary,18
specialized,18
all,17
ha,17
rather,17
textual,17
architecture,17
region,17
including,17
numerous,17
would,17
high,17
probably,17
centuries,17
authorities,17
known,17
strong,17
i,16
ad,16
throughout,16
growth,16
used,16
t,16
settlement,16
world,16
materials,16
two,16
time,16
craft,16
earliest,16
qualitative,16
texts,16
groups,15
labor,15
historical,15
de,15
networks,15
civilization,15
how,15
yes,15
appear,15
could,15
least,15
power,15
understanding,15
significant,15
quantitative,15
physical,15
information,15
smaller,15
potential,15
complex,14
american,14
monumental,14
organization,14
based,14
planning,14
around,14
diverse,14
administrative,14
inhabitants,14
any,14
what,14
role,14
remains,14
modern,13
archaeologically,13
along,13
factors,13
surrounding,13
variety,13
largest,13
department,13
made,13
northern,13
life,13
complexity,13
extensive,13
east,13
capital,13
places,13
valley,13
surveys,13
if,12
definition,12
tradition,12
age,12
beyond,12
shared,12
evaluate,12
people,12
vijayanagara,12
eastern,12
small,12
periods,12
included,12
water,12
scholars,12
number,12
elaborate,12
did,12
buddhist,12
economy,12
list,12
inscriptions,12
suggests,12
focus,12
much,12
kenoyer,11
review,11
hierarchy,11
walls,11
whose,11
recovered,11
result,11
public,11
regions,11
few,11
southeast,11
temples,11
considerable,11
external,11
hinterlands,11
another,11
use,11
configurations,11
perspectives,11
hierarchical,11
environment,11
seals,11
them,11
area,11
per,10
sources,10
system,10
human,10
royal,10
component,10
triaxial,10
phases,10
raw,10
occupation,10
part,10
structures,10
buildings,10
several,10
highly,10
provided,10
society,10
second,10
populations,10
located,10
under,10
provide,10
temple,10
each,10
iron,10
size,10
pakistan,10
recent,10
zones,10
built,10
countryside,9
settlements,9
western,9
before,9
archaeologists,9
report,9
vol,9
marked,9
west,9
distinct,9
old,9
architectural,9
single,9
no,9
emergence,9
show,9
suggested,9
further,9
aryan,9
near,9
because,9
institution,9
annual,9
comparative,9
revealed,9
same,9
walled,9
where,9
described,9
low,9
exchange,9
structure,9
ganges,9
indicate,9
anthropological,9
smithsonian,9
associated,9
whether,9
extent,9
local,9
art,9
using,9
comparison,9
era,9
meaning,8
center,8
excavation,8
enables,8
investigations,8
far,8
third,8
traditions,8
his,8
evolution,8
changes,8
origins,8
important,8
produced,8
record,8
records,8
rise,8
suggest,8
decline,8
up,8
phase,8
massive,8
identified,8
subject,8
heterarchy,8
published,8
towns,8
residence,8
pattern,8
patterns,8
istituto,8
after,8
relative,8
rampart,8
bronze,8
particularly,8
type,8
distribution,8
fatehpur,8
hundreds,8
years,8
include,8
km,8
abandoned,8
undertaken,7
government,7
sacred,7
british,7
case,7
brahmaputra,7
activity,7
point,7
millennium,7
developments,7
perspective,7
leadership,7
without,7
levels,7
means,7
river,7
impact,7
iconography,7
came,7
societies,7
out,7
ocean,7
initial,7
density,7
dynasty,7
scale,7
required,7
work,7
london,7
during,7
past,7
away,7
change,7
indicators,7
habitation,7
characteristics,7
weapons,7
actions,7
ramparts,7
still,7
indicates,7
interactions,7
southern,7
bangles,7
starting,7
lack,7
necessary,7
perhaps,7
crafts,7
factor,7
actual,7
characterized,7
like,7
provides,7
pottery,7
continued,7
primarily,7
series,7
set,7
defining,7
sizes,7
literature,7
little,7
definitions,7
consumption,7
increased,7
entities,6
common,6
way,6
shrines,6
resulted,6
identify,6
approaches,6
greater,6
practices,6
contexts,6
originally,6
military,6
concentrated,6
script,6
cohesion,6
styles,6
subsequent,6
principal,6
dholavira,6
international,6
extensively,6
buddhism,6
town,6
active,6
generally,6
direct,6
shell,6
providing,6
prehistoric,6
aspects,6
directly,6
place,6
approach,6
level,6
useful,6
consolidation,6
results,6
chola,6
f,6
make,6
rubric,6
demographic,6
street,6
similarly,6
addition,6
projects,6
documented,6
man,6
model,6
anthropology,6
polities,6
investment,6
rulers,6
range,6
deposits,6
recovery,6
comprehensive,6
points,6
occupied,6
seen,6
sequences,6
areal,6
school,6
cultures,6
very,6
rural,6
mauryan,6
theory,6
middle,6
became,6
territory,6
coins,6
our,6
formation,6
internally,6
instead,6
specialists,6
measured,6
archaic,6
themselves,6
north,6
should,6
resources,6
ca,6
donations,5
now,5
essays,5
occurred,5
source,5
being,5
either,5
gaur,5
kilometers,5
investments,5
great,5
lahiri,5
eras,5
relationships,5
served,5
compared,5
honour,5
compare,5
assessed,5
york,5
links,5
opportunity,5
appears,5
grew,5
occupational,5
numbers,5
additional,5
identifying,5
portable,5
configuration,5
guilds,5
focused,5
hinterland,5
dwellers,5
dynasties,5
realm,5
beads,5
cosmic,5
prompted,5
always,5
appeal,5
will,5
portion,5
prof,5
wright,5
routes,5
shows,5
end,5
ruler,5
forms,5
desert,5
strongly,5
ruling,5
elite,5
rivers,5
resulting,5
processes,5
examination,5
previous,5
sikri,5
flood,5
calcutta,5
so,5
function,5
abundant,5
systems,5
do,5
propose,5
ranging,5
five,5
ideology,5
markers,5
antiquity,5
contact,5
stable,5
considered,5
practice,5
celtic,5
text,5
sciences,5
languages,5
animal,5
spatial,5
agricultural,5
emphasis,5
focal,5
measure,5
cycling,5
recording,5
land,5
defined,5
association,5
observation,5
specific,5
elites,5
terracotta,5
workings,5
thakur,4
difficult,4
mostly,4
later,4
created,4
environmental,4
measures,4
considerably,4
village,4
protection,4
presents,4
controlled,4
modest,4
long,4
roman,4
assess,4
origin,4
link,4
achieved,4
threshold,4
visibility,4
similarities,4
mahasthangarh,4
functions,4
indicating,4
household,4
dynamic,4
minimum,4
evaluating,4
medio,4
definitional,4
illustrates,4
due,4
against,4
santa,4
amount,4
italiano,4
fig,4
stratigraphie,4
look,4
developed,4
tectonic,4
patronage,4
mesopotamian,4
animals,4
momin,4
proposed,4
upper,4
powerful,4
surface,4
maison,4
view,4
assessments,4
difficulty,4
called,4
captured,4
chinese,4
ceramics,4
fish,4
technical,4
artifacts,4
characterization,4
example,4
related,4
lai,4
ten,4
q,4
broad,4
densely,4
increasingly,4
systematic,4
rendered,4
polity,4
excavated,4
mclntosh,4
trading,4
next,4
civic,4
geometries,4
specializations,4
describes,4
notes,4
value,4
scientific,4
expansion,4
gallery,4
biological,4
competition,4
sri,4
reference,4
externally,4
nonlocal,4
ed,4
already,4
reports,4
heritage,4
book,4
motifs,4
smith,4
husbandry,4
coinage,4
enable,4
contemporary,4
interim,4
enough,4
centre,4
rapid,4
il,4
deep,4
style,4
chalcolithic,4
differentiation,4
maya,4
thousands,4
original,4
analyzed,4
vast,4
discussion,4
represented,4
manufactured,4
food,4
ties,4
individual,4
times,4
defensive,4
resultant,4
distinction,4
dry,4
sirkap,4
repeated,4
especially,4
taxila,4
wells,4
la,4
widely,4
estremo,4
detailed,4
began,4
unclear,4
why,4
fall,4
united,4
kings,4
composed,4
following,4
mentioned,4
sustained,4
kanchipuram,4
share,4
exploration,4
unknown,4
brick,4
wall,4
constructions,4
current,4
cultivation,4
table,4
nearby,4
consisting,4
cloth,4
almost,4
finished,4
popular,4
techniques,4
administration,4
copper,4
mention,4
maintained,4
urbanisation,4
diagram,4
locations,4
conditions,4
national,4
constructed,4
product,4
integration,4
supported,4
distinctions,4
chicago,4
exclusively,4
interaction,4
mature,4
cited,4
perception,4
dominant,3
horizontal,3
represent,3
introduction,3
group,3
dc,3
residences,3
varman,3
systematically,3
tend,3
likely,3
necessarily,3
unlike,3
bengal,3
accumulation,3
exclusive,3
implications,3
rare,3
nature,3
ware,3
comparatively,3
displacement,3
wooden,3
leading,3
revenue,3
oriental,3
suggesting,3
periplus,3
last,3
marine,3
raised,3
gifts,3
carnelian,3
nodes,3
occasional,3
sophisticated,3
geologic,3
civilizations,3
agriculture,3
lanka,3
illustrate,3
solely,3
measuring,3
economies,3
problems,3
includes,3
differential,3
dynamics,3
longevity,3
estimates,3
defense,3
elements,3
evident,3
serving,3
houses,3
storage,3
lahoma,3
details,3
standardized,3
salt,3
though,3
permits,3
generations,3
district,3
premodern,3
process,3
mean,3
opportunities,3
earlier,3
landscapes,3
certain,3
arbor,3
belcher,3
proclaimed,3
drainage,3
deccan,3
prehistory,3
flexibility,3
literary,3
grains,3
elsewhere,3
fortifications,3
orissa,3
document,3
argued,3
steatite,3
followed,3
method,3
management,3
dynastic,3
encircling,3
diachronic,3
concentration,3
location,3
conflict,3
bricks,3
traditionally,3
access,3
seven,3
base,3
term,3
equally,3
understood,3
wealth,3
wide,3
hierarchies,3
coin,3
having,3
network,3
received,3
prominent,3
competing,3
knowledge,3
apparent,3
indigenous,3
issues,3
rakhigarhi,3
predictive,3
graph,3
connections,3
shokoohy,3
manifestation,3
earth,3
habitations,3
mesopotamia,3
los,3
organized,3
field,3
bath,3
quite,3
sole,3
ganweriwala,3
workshops,3
platform,3
alluvial,3
sisupalgarh,3
led,3
units,3
fathepur,3
semiprecious,3
incentives,3
linden,3
nearly,3
inhabited,3
yet,3
array,3
technology,3
combat,3
coningham,3
infrastructure,3
robust,3
bangladesh,3
stones,3
regardless,3
community,3
name,3
mentions,3
toward,3
others,3
added,3
abstract,3
together,3
focuses,3
figurines,3
identical,3
venture,3
anthropologist,3
took,3
remarkable,3
axes,3
less,3
intangible,3
widespread,3
streets,3
shifts,3
remained,3
demonstrated,3
mughal,3
investigated,3
invested,3
contacts,3
clustered,3
largely,3
ideas,3
products,3
perimeter,3
similar,3
clear,3
emphasizing,3
language,3
workers,3
held,3
general,3
households,3
standard,3
become,3
references,3
ann,3
effect,3
beas,3
ujjain,3
joint,3
sociopolitical,3
attention,3
space,3
islamic,3
note,3
independent,3
science,3
foreign,3
success,3
remaining,3
rapidly,3
antiquities,3
extremely,3
fields,3
mounds,3
suprahousehold,3
karachi,3
contained,3
dispersed,3
shaffer,3
must,3
monasteries,3
geographic,3
nepal,3
implied,3
consensus,3
equation,3
seem,3
daily,3
allied,3
find,3
driven,3
u,3
works,3
living,3
phd,3
ones,3
accounts,3
particular,3
maintain,3
axis,3
port,3
nj,3
pulses,3
presented,3
northwestern,3
four,3
sea,3
press,3
manufacturing,3
come,3
until,3
anuradhapura,3
attractors,3
manufacture,3
effects,3
madison,3
superintendent,3
classification,3
summary,3
rice,3
munshiram,3
consisted,3
tamil,3
substantial,3
entire,3
previously,3
major,3
occur,3
symbiotic,3
final,2
frequent,2
miller,2
margins,2
order,2
possessed,2
mahabharata,2
metal,2
simla,2
courtly,2
fortified,2
indicated,2
names,2
market,2
reconsidered,2
tuscaloosa,2
determine,2
alone,2
adoption,2
needed,2
conducted,2
measurable,2
replaced,2
mobility,2
designed,2
ma,2
formed,2
neighborhoods,2
sets,2
easily,2
les,2
fixed,2
mainland,2
ethnoarchaeological,2
accentuated,2
track,2
descriptions,2
princeton,2
facets,2
permitted,2
mitigated,2
upland,2
permit,2
inc,2
lateral,2
stoneware,2
walnut,2
rivals,2
certainly,2
mahajanapada,2
might,2
humans,2
artificially,2
seems,2
editions,2
layout,2
reach,2
attractive,2
schuldenrein,2
advantage,2
accompanied,2
thank,2
differences,2
bead,2
histories,2
thanks,2
hundred,2
reveal,2
take,2
gandharan,2
half,2
help,2
regularized,2
dd,2
designs,2
evaluation,2
invasions,2
fortune,2
existence,2
recorded,2
key,2
continuum,2
sought,2
hall,2
worldwatch,2
account,2
helpful,2
possible,2
politics,2
compelling,2
condition,2
bibliography,2
taxation,2
investigator,2
whatever,2
combination,2
perceived,2
x,2
fragmented,2
representing,2
measurement,2
pataliputra,2
tied,2
beggars,2
tughluqabad,2
corresponding,2
signal,2
framework,2
exposed,2
exist,2
segregation,2
thus,2
centralized,2
mundane,2
difficulties,2
immediate,2
surrounded,2
interest,2
ability,2
sequentially,2
bihar,2
adams,2
application,2
tucson,2
regarded,2
espoused,2
items,2
heterarchical,2
applying,2
class,2
alliances,2
y,2
france,2
misra,2
obscure,2
seal,2
border,2
generation,2
acknowledge,2
impressions,2
tibba,2
capitals,2
inhabitant,2
alabama,2
higher,2
mechanisms,2
communities,2
simultaneously,2
identification,2
english,2
bring,2
principally,2
impetus,2
counterbalanced,2
tughluq,2
square,2
official,2
capture,2
notion,2
remote,2
rouletted,2
environments,2
permanent,2
determining,2
craftsmakers,2
proportion,2
monsoon,2
connected,2
importance,2
parts,2
ongoing,2
contributions,2
enabled,2
distant,2
managerial,2
cases,2
perceptions,2
maintaining,2
urbanismi,2
objects,2
established,2
retained,2
dated,2
linked,2
weak,2
listed,2
metals,2
commonly,2
experienced,2
lithic,2
readings,2
peru,2
cotton,2
idealized,2
substantiated,2
ornament,2
hoard,2
requires,2
utah,2
willing,2
shifted,2
triangle,2
antecedents,2
strategy,2
sultanate,2
decades,2
molds,2
minting,2
conflicts,2
reflections,2
irrigation,2
closely,2
vedic,2
decay,2
suburbs,2
tithe,2
six,2
rule,2
typical,2
lived,2
scenes,2
rooms,2
late,2
academic,2
fourth,2
traced,2
transactions,2
unoccupied,2
turkic,2
circular,2
viewed,2
recently,2
criterion,2
cannot,2
millets,2
suffered,2
intertwined,2
safe,2
however,2
possibility,2
silver,2
comestibles,2
lost,2
seeking,2
distinguish,2
protected,2
vainiwal,2
viability,2
locus,2
classificatory,2
claim,2
concept,2
brought,2
drew,2
danish,2
incremental,2
parameters,2
childe,2
dozens,2
loss,2
describe,2
older,2
northwest,2
constitute,2
winter,2
sculptural,2
translated,2
prescriptive,2
showing,2
reconstructing,2
manage,2
stanford,2
status,2
sculpture,2
currents,2
catchments,2
caused,2
sharma,2
working,2
scripts,2
diluted,2
contrast,2
mediterranean,2
multiple,2
revealing,2
components,2
grow,2
shaded,2
villages,2
sculptures,2
gridded,2
visible,2
majority,2
intent,2
diminished,2
preliminary,2
moved,2
avoid,2
input,2
chronological,2
critical,2
pilgrims,2
he,2
champa,2
arrangement,2
proxy,2
steady,2
observations,2
matter,2
pilgrimage,2
theorizing,2
brief,2
death,2
constraints,2
elusive,2
slag,2
above,2
precolonial,2
movement,2
strategic,2
fort,2
direction,2
once,2
incursion,2
asiatic,2
advent,2
interpretation,2
kalinga,2
security,2
relocated,2
serve,2
exactly,2
continuity,2
chronology,2
populated,2
achieve,2
planned,2
islam,2
shifting,2
depopulated,2
ethnographic,2
literally,2
al,2
indological,2
puratattva,2
wisconsin,2
insights,2
noted,2
moments,2
bar,2
buddha,2
fairly,2
mathura,2
mound,2
tour,2
law,2
academy,2
europe,2
varies,2
financial,2
undeciphered,2
idea,2
occupations,2
vadagokugiri,2
succeeding,2
convert,2
depopulation,2
adjacent,2
paris,2
ground,2
available,2
unit,2
sinopoli,2
strategies,2
incursions,2
compelled,2
consolidations,2
gives,2
complicated,2
explicitly,2
cremation,2
ecology,2
possehl,2
exhibit,2
coherent,2
examples,2
lands,2
discovery,2
bear,2
values,2
inscription,2
writings,2
collections,2
pillared,2
territorially,2
skeletal,2
thriving,2
assumption,2
additions,2
heitzman,2
books,2
variables,2
traders,2
office,2
dating,2
theoretical,2
discontinuities,2
citing,2
significance,2
afterward,2
stress,2
hiatus,2
varanasi,2
divisions,2
spread,2
summer,2
plant,2
played,2
collected,2
tangible,2
artificial,2
written,2
article,2
ornaments,2
examine,2
locales,2
chain,2
quarter,2
outright,2
exchanged,2
conquest,2
separate,2
increasing,2
kala,2
punjab,2
figure,2
usually,2
support,2
kaveripattinam,2
bulletin,2
nexus,2
independence,2
monuments,2
hereditary,2
ganga,2
gangetic,2
hindu,2
interconnected,2
caste,2
centres,2
arts,2
interspersed,2
vijayapuri,2
seat,2
benefitted,2
quantitatively,2
constant,2
demographics,2
incorporated,2
bombay,2
peoples,2
ravi,2
economically,2
extension,2
sangam,2
organizational,2
command,2
satellite,2
berkeley,2
mass,2
flow,2
natural,2
benefits,2
stamp,2
country,2
tara,2
paper,2
global,2
best,2
prominence,2
wealthy,2
felicitation,2
domestic,2
capacity,2
clearly,2
distinctive,2
just,2
ethos,2
merely,2
game,2
unlikely,2
avoidance,2
vary,2
combined,2
arthasastra,2
stability,2
making,2
monastery,2
character,2
seasonal,2
unrest,2
leaving,2
weights,2
bureaucratic,2
require,2
dark,2
imperial,2
shah,2
balance,2
phenomena,2
contain,2
des,2
spaces,2
vessels,2
poems,2
balances,2
uniform,2
springboard,2
prospect,2
courses,2
african,2
durable,2
extended,2
substance,2
merchant,2
colonial,2
phenomenon,2
writing,2
aspect,2
varied,2
wild,2
models,2
urbanization,2
powers,2
repositories,2
mode,2
agam,2
highest,2
typically,2
consolidated,2
define,2
building,2
need,2
chronologies,2
satavahanas,2
proposes,2
leiden,2
anonymous,2
needs,2
trajectory,2
territories,2
rubrics,2
rest,2
rajasthan,2
lake,2
inamgaon,2
sharing,2
characters,2
traditional,2
discern,2
technological,2
retrospect,2
famous,2
close,2
increase,2
grants,2
celadon,1
rann,1
does,1
jainism,1
undergraduate,1
helmand,1
formulated,1
currently,1
compares,1
provisioning,1
foreshadowing,1
vor,1
manured,1
precepts,1
brunnen,1
heightened,1
body,1
exhibition,1
edge,1
inscriptional,1
undoubtedly,1
heroic,1
statuette,1
implying,1
rev,1
donor,1
corporate,1
imported,1
ready,1
separated,1
peaceful,1
affected,1
college,1
struggled,1
uplands,1
overstated,1
numerously,1
busy,1
red,1
money,1
brittle,1
succinct,1
pradesh,1
succession,1
utility,1
distributed,1
defenses,1
frostless,1
debris,1
linguistic,1
conversion,1
qila,1
chak,1
becoming,1
mesoamerica,1
partially,1
deepest,1
achievements,1
determinant,1
san,1
eke,1
anchor,1
son,1
columns,1
referring,1
asserted,1
constitutes,1
specialist,1
motivation,1
ways,1
rewards,1
treatise,1
peaks,1
bamboo,1
twenty,1
additionally,1
specified,1
upheaval,1
chalukyas,1
better,1
ramifications,1
realities,1
wharf,1
collection,1
gr,1
ranges,1
trace,1
devices,1
unversitv,1
afghanistan,1
equated,1
unicorn,1
emphasize,1
pots,1
regime,1
childean,1
something,1
contested,1
englewood,1
khan,1
incidences,1
nonetheless,1
akhaina,1
absence,1
chief,1
sequential,1
offering,1
du,1
khajuraho,1
turning,1
nomenclature,1
prosperous,1
disturbances,1
negative,1
experience,1
highlight,1
deducible,1
rising,1
shells,1
consistent,1
minted,1
highlighted,1
picturesque,1
attributable,1
aside,1
else,1
prominently,1
explaining,1
withdrawn,1
failing,1
coalesced,1
surmounted,1
hence,1
every,1
constituting,1
dispositions,1
ghosh,1
repeatedly,1
bhir,1
preceding,1
extraordinary,1
subduing,1
utopia,1
nonexistent,1
straddles,1
neolithic,1
entailed,1
wane,1
taken,1
disturbance,1
questioned,1
season,1
attempt,1
expectation,1
actualized,1
alienation,1
worked,1
ghazni,1
advanced,1
buhera,1
populous,1
overnight,1
uncovering,1
containing,1
engaged,1
company,1
possibilities,1
validating,1
buildup,1
route,1
ofshri,1
continue,1
packed,1
refugee,1
broken,1
governed,1
passageways,1
simple,1
disproportionate,1
skandavara,1
wielding,1
iâ,1
potentially,1
analyses,1
rich,1
producing,1
supernatural,1
senses,1
spanish,1
spaced,1
ephemeral,1
transferred,1
onto,1
dizzying,1
composition,1
subdued,1
room,1
madhya,1
scheme,1
connection,1
evolving,1
inadvertently,1
feature,1
jansen,1
punched,1
aáoka,1
persistence,1
nm,1
erich,1
date,1
sumer,1
unspecified,1
greatly,1
chiefdoms,1
offatehpur,1
robert,1
classified,1
china,1
signs,1
governors,1
relations,1
epic,1
livelihood,1
damage,1
context,1
el,1
papers,1
debitage,1
wasserluxus,1
magazines,1
iran,1
empty,1
inclusive,1
mahomedan,1
depending,1
plains,1
moisture,1
dr,1
harris,1
plain,1
verlag,1
anthropologists,1
bird,1
captures,1
andhra,1
watta,1
propensity,1
primary,1
interdependence,1
sondages,1
incorporate,1
draw,1
clienteles,1
reanalysis,1
interlibrary,1
retain,1
indirectly,1
holocene,1
washington,1
capable,1
methodologies,1
outlying,1
cooperation,1
indologica,1
prehispanic,1
paucity,1
characterize,1
producers,1
insight,1
consumers,1
consumed,1
apart,1
taking,1
reassessing,1
except,1
tablets,1
vyayanagara,1
coordinating,1
uncertain,1
quantity,1
fluorescence,1
bottom,1
reconstruction,1
provoked,1
constrained,1
royalty,1
indigo,1
globalized,1
mesoamerican,1
plenty,1
steiner,1
audience,1
sign,1
crystallized,1
goblets,1
localized,1
usage,1
ranked,1
ajate,1
mahayana,1
visuals,1
interments,1
neutron,1
goal,1
retaining,1
accessible,1
purview,1
jhansi,1
collapse,1
chiefs,1
reservoir,1
dependence,1
experiences,1
branching,1
extraurban,1
southwestern,1
merchants,1
urbanizing,1
determinants,1
representations,1
inner,1
quality,1
noninvasive,1
inevitable,1
interpretations,1
patient,1
contemporaneous,1
speciality,1
interior,1
amounts,1
cognizant,1
jeff,1
unpublished,1
essay,1
author,1
divine,1
gangayamuna,1
kp,1
struggles,1
uppermost,1
intact,1
characteristic,1
faces,1
moment,1
concentrations,1
occupancy,1
familiarizing,1
enjoying,1
monotheistic,1
usumacinta,1
issued,1
price,1
coexistence,1
jr,1
encyclopedia,1
ray,1
andhradesa,1
maharasthra,1
assessment,1
vastusastra,1
manager,1
industrial,1
z,1
learning,1
forced,1
supposes,1
characterizes,1
guided,1
palaeolithic,1
turn,1
undiscovered,1
sustain,1
interactive,1
westerly,1
clay,1
flourishing,1
self,1
destroyed,1
underlying,1
wwwharappacom,1
bay,1
balls,1
bonn,1
harare,1
deterrent,1
nonequation,1
speed,1
response,1
nodal,1
wares,1
allowing,1
suitable,1
dates,1
egypt,1
kinship,1
balirajgarh,1
misleading,1
cardinal,1
thin,1
irresistible,1
bonds,1
weight,1
overarching,1
drawn,1
grammatical,1
reassessment,1
excavator,1
advantages,1
brahmanical,1
patrons,1
secular,1
exempt,1
stagnation,1
conducting,1
demonstrably,1
pointing,1
adult,1
nagaraja,1
arrowheads,1
liveliness,1
valleys,1
incarnation,1
unskilled,1
word,1
reliefs,1
master,1
mahmud,1
catalogs,1
compensations,1
nonagriculturalists,1
let,1
battles,1
industries,1
kot,1
ethnically,1
cornaline,1
failed,1
offices,1
sixteen,1
alexandria,1
interesting,1
go,1
mohammed,1
invaded,1
recognized,1
adequate,1
vijarayangara,1
reflects,1
automatically,1
genuinely,1
mexico,1
precincts,1
wayman,1
allegiances,1
improved,1
act,1
paithan,1
grid,1
calendrics,1
main,1
sensing,1
across,1
morrison,1
remain,1
crafted,1
overinterpreted,1
influential,1
dissimilarities,1
magna,1
resident,1
kind,1
biggest,1
longest,1
bs,1
subsistence,1
knew,1
completely,1
identity,1
deliberately,1
js,1
arrangements,1
lasted,1
parasite,1
legal,1
unity,1
balanced,1
interrelationship,1
dialogue,1
special,1
matched,1
symbols,1
cave,1
vidale,1
domino,1
enriched,1
impressed,1
limitation,1
productive,1
awareness,1
scattered,1
risks,1
divided,1
gathering,1
ram,1
modified,1
unranked,1
disasters,1
understand,1
category,1
escape,1
acquisition,1
applied,1
facilitated,1
metropolis,1
tensions,1
coevolution,1
consider,1
produce,1
possibly,1
imposing,1
kapilavastu,1
slowly,1
consolidate,1
presumably,1
demolition,1
latin,1
proved,1
fired,1
ì,1
weather,1
elevated,1
thirty,1
thaniavur,1
placed,1
articulated,1
exploratory,1
frequently,1
quarters,1
solid,1
orientation,1
ideals,1
converting,1
sagarwa,1
albuquerque,1
depend,1
spirit,1
follow,1
efficient,1
kutch,1
notions,1
peeping,1
cost,1
painted,1
networked,1
multan,1
exploitation,1
decoupling,1
plenum,1
destructive,1
reconciliation,1
mo,1
equivalence,1
bb,1
neoevolutionism,1
sher,1
drawing,1
advocated,1
dispersion,1
hot,1
fluid,1
der,1
bureaucracy,1
anthropologically,1
whereas,1
descriptive,1
hours,1
expressed,1
uses,1
gregory,1
landowners,1
my,1
dyeing,1
memory,1
virtuosity,1
chakrabarti,1
méthodologie,1
bearing,1
puravid,1
transmission,1
declined,1
conflates,1
future,1
appearance,1
interconnectedness,1
inherent,1
demise,1
faunal,1
coalescing,1
explanatory,1
oil,1
withdrawal,1
attrition,1
desirable,1
printing,1
effort,1
tallied,1
economics,1
outcrops,1
iconographie,1
circa,1
events,1
census,1
mistakenly,1
zone,1
onyx,1
noting,1
chandella,1
circumference,1
administratively,1
poetry,1
correlates,1
celebrated,1
muslim,1
embedded,1
aerial,1
acknowledgements,1
recoverable,1
ranking,1
neighboring,1
oklahoma,1
coffins,1
supervises,1
informed,1
unworked,1
wiesbaden,1
precursor,1
examinations,1
salastambha,1
war,1
rajagriha,1
keywords,1
interconnections,1
province,1
incidence,1
inserts,1
tools,1
fail,1
earthquake,1
residential,1
devoid,1
jetty,1
dispersal,1
fulfill,1
installations,1
mohammad,1
mechanistic,1
gupta,1
publications,1
otherwise,1
amphitheater,1
prescriptions,1
spiritual,1
perform,1
stonewares,1
absolute,1
instrumental,1
facilities,1
overwhelmed,1
fledgling,1
stemmed,1
purattatva,1
drain,1
gods,1
died,1
royaumes,1
guptas,1
influenced,1
impression,1
operationalized,1
outstanding,1
specifically,1
colonies,1
adminstration,1
eran,1
feeding,1
urbansize,1
bhutan,1
gandhara,1
seminal,1
deputation,1
formerly,1
deciphering,1
reinterpreting,1
scope,1
brantingham,1
insignificance,1
appeals,1
imports,1
label,1
start,1
teotihuacan,1
hairstyles,1
writers,1
floodplain,1
striking,1
significantly,1
ecologie,1
verma,1
advancement,1
tens,1
displacements,1
cleaning,1
keys,1
training,1
lankan,1
tombs,1
palaeoethnobotany,1
symbolism,1
actors,1
comment,1
rashtrakuta,1
cleanliness,1
pilgrim,1
predominantly,1
strips,1
constructs,1
generalizing,1
overview,1
expertise,1
discussions,1
intermediate,1
millions,1
pratiques,1
queens,1
perimeters,1
round,1
repairs,1
opened,1
ü,1
perishable,1
jaguar,1
materialization,1
tuljapur,1
personal,1
proliferation,1
subdivide,1
craftsmen,1
splendour,1
nor,1
pallava,1
smallest,1
artifact,1
mahajanapadas,1
ter,1
universally,1
defeated,1
then,1
dallaporta,1
ucla,1
minds,1
graduate,1
ofmadhya,1
heuristic,1
refuse,1
attraction,1
errors,1
pollution,1
foci,1
raids,1
contests,1
good,1
responses,1
calling,1
sense,1
indicator,1
composite,1
upheavals,1
hard,1
wi,1
responsibility,1
questionable,1
afghan,1
shaping,1
revolution,1
aggrandizement,1
coupled,1
konark,1
politically,1
villagers,1
lexington,1
sharp,1
ward,1
heart,1
loan,1
arbitrary,1
emerging,1
orient,1
resurvey,1
family,1
intervals,1
dwell,1
teams,1
dried,1
influence,1
sufficient,1
shapes,1
driving,1
june,1
migration,1
propelled,1
ramayana,1
transfer,1
temporary,1
hindustani,1
prestate,1
eclipse,1
dramatic,1
lagung,1
climate,1
attached,1
karnasuvarn,1
portions,1
subgroup,1
waveland,1
seeds,1
fared,1
corridor,1
yielded,1
brown,1
core,1
lordship,1
managed,1
st,1
cattle,1
dependent,1
purpose,1
loci,1
emperor,1
und,1
interchange,1
distinguishing,1
disks,1
moghul,1
clamps,1
varmans,1
aggregate,1
kingly,1
promising,1
bolstered,1
capturing,1
concomitant,1
nations,1
subsequently,1
prescribed,1
cite,1
activation,1
flourished,1
battle,1
defended,1
therefore,1
pertaining,1
brahmadeya,1
horizons,1
tasks,1
highlights,1
watercourses,1
lyon,1
transform,1
genesis,1
irrespective,1
io,1
ceremonial,1
minor,1
frontier,1
renders,1
mosques,1
saw,1
balathal,1
plateau,1
crying,1
functioning,1
bringing,1
polished,1
statecraft,1
action,1
imagery,1
constituents,1
doab,1
cheapest,1
garrison,1
revival,1
contrasted,1
mamallapuram,1
intended,1
mysore,1
notoriously,1
edges,1
female,1
founding,1
thrive,1
poor,1
step,1
converted,1
stratigraphy,1
nagaram,1
thresholds,1
intervention,1
expanded,1
surviving,1
accumulations,1
comments,1
sponsored,1
translates,1
soundara,1
earthquakes,1
initially,1
tempered,1
longitudinal,1
undefined,1
roads,1
surveyed,1
va,1
imposed,1
positive,1
demonstrable,1
riches,1
engineering,1
sponsorship,1
undergo,1
guide,1
contributing,1
chronicle,1
forts,1
depicted,1
inception,1
simultaneous,1
underpopulated,1
sravasti,1
floods,1
museum,1
liability,1
examined,1
tremendous,1
suited,1
represents,1
jogalthembi,1
read,1
devotion,1
paradox,1
heather,1
successively,1
detectable,1
counterparts,1
subservient,1
emissaries,1
repair,1
dhamma,1
restricted,1
exposure,1
motivators,1
selective,1
evidences,1
boundary,1
signaling,1
thesis,1
index,1
coeval,1
marshall,1
blanton,1
stupas,1
hauling,1
homogeneous,1
clothing,1
stocking,1
light,1
satavahana,1
complete,1
kautilya,1
performed,1
sharply,1
experimental,1
mediaeval,1
outlined,1
accelerated,1
judiciously,1
anaemia,1
silk,1
costs,1
erythrean,1
gary,1
preeminent,1
highways,1
visitors,1
memorial,1
emotional,1
lined,1
speaking,1
rome,1
surveyors,1
pole,1
strata,1
locational,1
functioned,1
enterprises,1
sacked,1
mohanty,1
exact,1
declining,1
volume,1
representation,1
recycled,1
rings,1
ceramic,1
george,1
transformative,1
aux,1
leader,1
dhaka,1
successfully,1
sangham,1
french,1
centralizing,1
summation,1
participated,1
omission,1
challenge,1
stronger,1
prompting,1
limit,1
mark,1
again,1
fragmentation,1
uxîord,1
renewed,1
heraldic,1
harmonious,1
domains,1
cheaply,1
jagat,1
missing,1
analytical,1
lacked,1
equating,1
cultivated,1
lengthy,1
textiles,1
longer,1
votive,1
encompassed,1
caravans,1
preserve,1
riverine,1
tuqluqabad,1
cumulative,1
madrasas,1
aga,1
instability,1
broadly,1
plan,1
agree,1
documents,1
choice,1
glories,1
lacks,1
inevitably,1
casualties,1
suppressed,1
manifested,1
urtar,1
practical,1
classical,1
wasters,1
john,1
reductionist,1
overwhelmingly,1
appropriately,1
fashion,1
observes,1
serious,1
males,1
fragments,1
chiefdom,1
careers,1
transit,1
predated,1
overstate,1
surroundings,1
precinct,1
hubs,1
business,1
monica,1
monographs,1
everyday,1
present,1
formations,1
covered,1
ur,1
flooded,1
moche,1
obscures,1
purposes,1
bhubaneswar,1
timing,1
coercion,1
jobs,1
weavers,1
michael,1
real,1
interstices,1
coincided,1
coincident,1
recount,1
ports,1
explicit,1
meant,1
disparity,1
extolling,1
volatile,1
decorations,1
capacities,1
metropolitan,1
begun,1
assembled,1
circumscription,1
coined,1
counterpart,1
stunning,1
outlines,1
convenient,1
degree,1
remove,1
organize,1
entity,1
sir,1
able,1
overemphasizes,1
private,1
greatest,1
prefatory,1
thar,1
supplies,1
disease,1
survive,1
skepticism,1
considering,1
birth,1
unesco,1
treated,1
purbane,1
puligere,1
upon,1
originated,1
farming,1
randall,1
disintegrate,1
ce,1
formal,1
postclassic,1
systematics,1
maharashtra,1
enhanced,1
enormous,1
scatter,1
owe,1
clerical,1
depended,1
sufficiently,1
trends,1
maris,1
manifestations,1
load,1
samples,1
warrior,1
looking,1
monte,1
medium,1
expand,1
encouraged,1
top,1
performs,1
controlling,1
rewa,1
ponds,1
expression,1
downplayed,1
salgaha,1
persisted,1
neighborhood,1
dye,1
virtually,1
refers,1
itinerary,1
dress,1
vc,1
franca,1
collaborative,1
semitown,1
harvard,1
reservoirs,1
questions,1
exhibited,1
millennia,1
terms,1
kingdom,1
rammed,1
services,1
individuals,1
redistributive,1
full,1
purposeful,1
overlap,1
stopping,1
improvements,1
california,1
synthetic,1
asokan,1
students,1
continuities,1
vii,1
subsurface,1
shereen,1
rejected,1
sacking,1
open,1
explorations,1
selforganization,1
discovered,1
diachronically,1
transformation,1
accessed,1
directed,1
authors,1
hampered,1
profession,1
virtues,1
novitates,1
spearheads,1
soldiers,1
dominated,1
victory,1
zì,1
comparisons,1
maintenance,1
tended,1
himalayan,1
rains,1
interpret,1
tokens,1
vested,1
beadmaking,1
sliding,1
started,1
reviewers,1
rewarded,1
him,1
creating,1
tribal,1
cache,1
housed,1
drilling,1
stages,1
course,1
coast,1
pyramidal,1
contributed,1
fragility,1
black,1
intrinsic,1
distended,1
disintegration,1
latter,1
short,1
motilal,1
daulatabad,1
spent,1
duplicate,1
strict,1
educational,1
mohenjo,1
sundeep,1
random,1
comparing,1
possess,1
tier,1
trying,1
augmentations,1
farmers,1
leaves,1
parallel,1
textbooks,1
evolutionary,1
chapel,1
lapis,1
constructing,1
relation,1
successful,1
narrow,1
assessing,1
overcome,1
bureaucracies,1
acquire,1
supraregional,1
ellora,1
deliberate,1
anderson,1
radiate,1
availability,1
remainder,1
james,1
classifications,1
enabling,1
artisans,1
dominance,1
travelers,1
southwest,1
nails,1
adaptations,1
burials,1
haven,1
tendency,1
destruction,1
prentice,1
atlas,1
evaluated,1
platforms,1
incoming,1
chert,1
tì,1
hedge,1
division,1
ehrenreich,1
kharavela,1
gifted,1
fostered,1
unwittingly,1
cautionary,1
landholdings,1
palisades,1
reinventing,1
european,1
carried,1
vallée,1
tempo,1
ascertained,1
seasons,1
rita,1
ahmadabad,1
cités,1
christian,1
heterarchies,1
circle,1
abundance,1
mitigate,1
today,1
pasadita,1
irregular,1
africa,1
regular,1
río,1
movements,1
bulk,1
syal,1
watchtower,1
continuing,1
vision,1
ungoverned,1
suggestive,1
program,1
smiths,1
encapsulation,1
nagarjunakonda,1
hill,1
appellation,1
resistant,1
banavasi,1
paleodemographic,1
lines,1
attitude,1
fewer,1
allahabad,1
empire,1
tà,1
predatory,1
dimensions,1
worldwide,1
reason,1
army,1
kancipuram,1
off,1
transformed,1
team,1
armed,1
force,1
credited,1
circumstance,1
visual,1
determination,1
contribution,1
interplay,1
properties,1
legitimacy,1
recognize,1
countries,1
furious,1
stipulate,1
littoral,1
worlds,1
humid,1
menial,1
responsible,1
phrase,1
combines,1
expectations,1
continually,1
mortality,1
commands,1
enamel,1
populace,1
supporting,1
lingua,1
malville,1
months,1
articles,1
microstructural,1
pastoral,1
generator,1
mud,1
rigorous,1
niger,1
definitive,1
erode,1
dynasts,1
efforts,1
rajghat,1
ranged,1
suggestions,1
heavy,1
rarely,1
donors,1
specification,1
biology,1
terrible,1
abandonment,1
railing,1
amarna,1
conclusion,1
exemplified,1
principles,1
tapestry,1
mercantile,1
specificity,1
founded,1
measurements,1
conflate,1
manual,1
detachment,1
steel,1
duress,1
possessor,1
pace,1
symbolic,1
elicited,1
precise,1
recognizable,1
restructured,1
willingness,1
claims,1
marshy,1
fortification,1
coalesce,1
inescapable,1
doi,1
marketplaces,1
earle,1
overemphasizing,1
offers,1
here,1
geoarchaeology,1
wider,1
column,1
bahrain,1
singh,1
mantaro,1
revetments,1
multinational,1
erdosy,1
stadt,1
colonization,1
rainfall,1
frequency,1
finance,1
correspond,1
rivaling,1
leather,1
dismantled,1
commission,1
maritime,1
innovations,1
board,1
variable,1
jain,1
celebratory,1
down,1
lothal,1
visiting,1
loyalty,1
nautiyal,1
inquiry,1
post,1
eventually,1
reconciled,1
vibrant,1
stretching,1
easiest,1
plague,1
edicts,1
nagarams,1
sustaining,1
rely,1
attractions,1
benefit,1
crafting,1
artistic,1
build,1
buffered,1
domesticated,1
stamped,1
recherche,1
remorse,1
ideally,1
firm,1
person,1
turned,1
days,1
growing,1
passes,1
beginning,1
sì,1
defend,1
boundaries,1
searchable,1
born,1
depredations,1
according,1
scholarly,1
commodity,1
explanations,1
pooled,1
imitation,1
embankments,1
completion,1
rawalpindi,1
discover,1
fluidity,1
investigation,1
reign,1
unique,1
implicit,1
rose,1
jahren,1
reconcile,1
cooking,1
typologies,1
foremost,1
involvement,1
relocations,1
numismatic,1
juxtaposed,1
madurai,1
mere,1
ruin,1
adaptation,1
tending,1
exposures,1
rafique,1
fully,1
saddle,1
foundations,1
divide,1
malaria,1
explored,1
yield,1
conquering,1
minimal,1
jahanpanah,1
agglomerations,1
adorned,1
categories,1
harpocrates,1
méditeranéenjean,1
burden,1
researchers,1
monitored,1
outline,1
occasionally,1
circumstances,1
careful,1
gaulish,1
commissioner,1
commerce,1
altered,1
babylonian,1
himalayas,1
prerogative,1
disparate,1
given,1
taxed,1
osteoarchaeology,1
materializing,1
besnagar,1
november,1
variability,1
fiom,1
taurinensia,1
tried,1
transition,1
egyptian,1
faience,1
simply,1
histoiy,1
photograph,1
elevations,1
institute,1
commodities,1
programs,1
nonagricultural,1
frykenberg,1
mauryans,1
agra,1
îâ,1
trigger,1
appointed,1
exceptionally,1
devolution,1
neglect,1
padam,1
courtyards,1
contrasts,1
ucl,1
subcontinental,1
named,1
campa,1
producer,1
pati,1
question,1
intercultural,1
cautioned,1
devoted,1
understandings,1
shown,1
agade,1
survival,1
touch,1
unable,1
reveals,1
purana,1
disappear,1
observed,1
crumley,1
similarity,1
quest,1
amenable,1
protohistoric,1
unpalatable,1
disembedded,1
chemical,1
stratification,1
inflated,1
talc,1
parallels,1
cholistan,1
documentation,1
ended,1
diligence,1
move,1
actively,1
iä,1
lively,1
integrated,1
presumes,1
bernard,1
nath,1
appreciated,1
sur,1
unified,1
clearest,1
ethnarchaeology,1
incidents,1
involving,1
attributes,1
variously,1
prosperity,1
colleagues,1
cambay,1
discounted,1
sani,1
limitations,1
synergy,1
chandigarh,1
semblance,1
speak,1
tags,1
ïâ,1
aachen,1
sides,1
practiced,1
soils,1
flooding,1
portrait,1
unspecialized,1
meghalaya,1
contradicted,1
haines,1
certainty,1
drying,1
asoka,1
marcato,1
plethora,1
tribes,1
brubaker,1
oversimplification,1
supply,1
hills,1
sectors,1
say,1
negotiate,1
overcame,1
reached,1
cheaper,1
create,1
norman,1
uncertainty,1
defines,1
disparities,1
nonhierarchical,1
element,1
astronomy,1
documentary,1
adopted,1
develop,1
graecia,1
seek,1
comparable,1
urbanitas,1
sirsukh,1
cross,1
broader,1
successive,1
oí,1
roles,1
rubble,1
termed,1
mistaken,1
vividly,1
indologen,1
row,1
anchors,1
nagara,1
