WORDCOUNTS,WEIGHT
of,611
and,562
the,482
in,361
to,229
a,211
ceramic,162
that,113
is,105
on,103
pottery,98
for,94
are,92
as,77
p,75
analysis,74
be,70
or,69
m,63
pp,63
from,60
by,58
this,56
have,55
with,51
it,48
these,48
archaeological,48
j,47
an,44
g,42
american,41
been,38
w,37
not,37
which,34
style,33
use,32
i,31
has,31
materials,31
university,31
ceramics,30
archaeology,30
et,29
c,29
research,28
vessel,28
one,27
studies,27
was,27
recent,27
pots,26
were,26
may,26
surface,26
more,26
new,26
can,26
origins,25
r,25
other,25
study,25
cooking,25
d,24
approaches,23
at,22
such,22
their,22
but,22
also,22
different,22
e,21
production,21
b,21
among,21
they,20
review,20
most,20
prehistoric,20
about,20
residues,20
antiquity,20
stylistic,19
analyses,19
vol,19
styles,19
archaeologists,18
current,18
vessels,18
into,17
all,17
some,17
than,17
l,17
only,17
there,16
those,16
journal,16
general,16
issues,16
two,16
function,16
we,16
rice,15
ancient,15
thermal,15
early,15
contents,14
rather,14
uses,14
pot,14
exterior,14
experimental,14
so,14
functional,13
s,13
no,13
literature,13
change,13
several,13
many,13
cambridge,13
science,13
what,13
discussion,13
if,12
interior,12
because,12
technology,12
questions,12
series,12
properties,11
within,11
papers,11
my,11
field,11
another,11
attention,11
theory,11
between,11
heating,10
interest,10
earlier,10
k,10
water,10
methods,10
techniques,10
roles,10
organic,9
potters,9
had,9
its,9
edited,9
decorative,9
fact,9
see,9
residue,9
why,9
evidence,9
classification,9
specific,9
much,9
arizona,9
o,8
way,8
lipid,8
ethnoarchaeological,8
first,8
case,8
application,8
how,8
found,8
international,8
well,8
part,8
order,8
f,8
do,8
acids,8
findings,8
food,8
laboratory,8
three,8
anthropology,8
temper,8
terms,8
while,8
researchers,8
resistance,8
chemical,8
technological,8
introduction,7
might,7
context,7
british,7
design,7
data,7
behavior,7
even,7
critique,7
mrs,7
observations,7
important,7
suggested,7
cultural,7
method,7
technical,7
social,7
concerns,7
components,7
perspectives,7
increasingly,7
bar,7
toward,7
analytical,7
surfaces,7
present,7
perhaps,7
ecology,7
ideas,7
directed,7
symposium,7
often,7
united,7
anthropological,7
any,7
texturing,7
particularly,7
very,7
liquid,7
art,7
both,7
through,7
world,7
question,7
conditions,7
although,7
major,7
does,6
now,6
kinds,6
h,6
last,6
treatments,6
since,6
oxford,6
performance,6
traces,6
perspective,6
commonly,6
plenum,6
view,6
greater,6
out,6
example,6
whole,6
during,6
approach,6
t,6
methodological,6
activities,6
second,6
various,6
subject,6
etc,6
chap,6
shock,6
ethnographic,6
treatment,6
analyzed,6
including,6
survey,6
plant,6
amino,6
articles,6
material,6
must,6
cooling,6
problem,6
given,6
years,6
include,6
need,6
n,6
north,6
should,6
difficult,5
over,5
complex,5
history,5
specifically,5
book,5
old,5
concerning,5
back,5
york,5
identification,5
his,5
archaeometry,5
consequence,5
dc,5
distribution,5
societies,5
bp,5
overview,5
employed,5
characteristics,5
smithsonian,5
using,5
will,5
interpretation,5
fatty,5
kalinga,5
read,5
under,5
choices,5
experiment,5
decoration,5
engineering,5
time,5
debates,5
patterns,5
maya,5
understanding,5
investigated,5
effectiveness,5
largely,5
processes,5
variables,5
publication,5
skibo,5
topics,5
who,5
changing,5
physical,5
books,5
seem,5
historical,5
past,5
particular,5
multiple,5
press,5
devoted,5
until,5
models,5
little,5
southeastern,5
affected,4
informative,4
true,4
ways,4
mexican,4
being,4
bronitsky,4
implications,4
taken,4
seems,4
experiments,4
westview,4
functions,4
resources,4
abrasion,4
chapters,4
relationships,4
development,4
initial,4
century,4
elements,4
response,4
pores,4
storage,4
drawn,4
would,4
paste,4
chromatographie,4
additional,4
standards,4
based,4
could,4
attrition,4
deal,4
culture,4
tools,4
recently,4
produced,4
however,4
procedures,4
near,4
aspects,4
anna,4
artifacts,4
used,4
broad,4
long,4
quantification,4
generally,4
society,4
he,4
scientific,4
limited,4
interiors,4
make,4
southern,4
yet,4
reference,4
volume,4
monographs,4
v,4
assemblage,4
made,4
refers,4
authors,4
points,4
provides,4
southwest,4
manufacture,4
widely,4
applications,4
potteiy,4
primarily,4
compositional,4
americanist,4
earliest,4
ethnological,4
simply,4
potter,4
known,4
organization,4
each,4
interested,4
beginning,4
proceedings,4
making,4
property,4
information,4
emphasis,4
luo,4
our,4
illinois,4
comparison,4
chicago,4
focus,4
household,4
symmetry,3
kolb,3
pittsburgh,3
created,3
utility,3
group,3
identify,3
likely,3
constitutes,3
modern,3
comparisons,3
emphasize,3
something,3
contact,3
contexts,3
women,3
analogies,3
ethnoarchaeology,3
state,3
concepts,3
evaluation,3
ethnoarchaeologists,3
occasional,3
heron,3
chapter,3
move,3
fankhauser,3
waxes,3
thus,3
cf,3
expected,3
learning,3
clay,3
developments,3
single,3
archaeologist,3
look,3
messages,3
van,3
via,3
interesting,3
biers,3
absorbed,3
mcgovern,3
firing,3
nor,3
prehistory,3
argued,3
phosphorus,3
four,3
textured,3
kenya,3
inappropriate,3
effort,3
focused,3
reviews,3
indirect,3
appears,3
oh,3
basis,3
work,3
bc,3
related,3
place,3
inferences,3
aztec,3
midwestern,3
call,3
own,3
trends,3
useful,3
indicators,3
few,3
folk,3
boundaries,3
results,3
valuable,3
deboer,3
identified,3
classic,3
nearly,3
hold,3
museum,3
coverage,3
us,3
index,3
unwin,3
included,3
same,3
without,3
shipibo,3
published,3
alteration,3
actually,3
fire,3
bushman,3
renewed,3
ask,3
consideration,3
areas,3
appeared,3
variation,3
considerable,3
anthropologist,3
evaporative,3
containers,3
manuals,3
number,3
interpreting,3
formal,3
region,3
deposits,3
trend,3
continue,3
dating,3
times,3
like,3
exchange,3
especially,3
article,3
evolutionary,3
interpretations,3
increasing,3
european,3
carried,3
relationship,3
me,3
publishing,3
note,3
usually,3
began,3
try,3
volumes,3
life,3
masca,3
chachi,3
types,3
itself,3
interpretive,3
addressed,3
contained,3
then,3
elected,3
comes,3
conclusion,3
carbondale,3
sherds,3
sciences,3
set,3
paper,3
expanding,3
corrugated,3
gas,3
works,3
better,3
places,3
person,3
spatial,3
whether,3
references,3
plants,3
explored,3
when,3
affecting,3
content,3
role,3
variability,3
analysts,3
formation,3
mode,3
integrated,3
states,3
effects,3
spectrometry,3
contamination,3
area,3
needs,3
carbon,3
entire,3
broader,3
thorough,3
orton,2
rate,2
isotopie,2
metal,2
south,2
integrating,2
determine,2
foraging,2
magnetic,2
tend,2
entries,2
asserted,2
summaries,2
considerations,2
western,2
necessarily,2
variants,2
vandiver,2
before,2
guise,2
variety,2
porous,2
test,2
band,2
lower,2
attribute,2
either,2
prominently,2
titles,2
give,2
substances,2
actual,2
nature,2
handling,2
principles,2
available,2
tradition,2
crops,2
daily,2
conceptualized,2
studied,2
reveal,2
procedure,2
subsequent,2
inferring,2
respond,2
principal,2
surveys,2
acknowledged,2
depending,2
forthcoming,2
plain,2
eastern,2
primary,2
america,2
draw,2
possible,2
determined,2
marked,2
fine,2
west,2
community,2
taking,2
point,2
treating,2
cited,2
along,2
diversity,2
labor,2
goal,2
includes,2
throughout,2
differential,2
southwestern,2
against,2
de,2
center,2
adopted,2
gendered,2
tucson,2
jr,2
assessment,2
forced,2
kind,2
freestone,2
displays,2
extraordinary,2
mechanical,2
compare,2
find,2
pueblo,2
influence,2
walls,2
site,2
civilization,2
philadelphia,2
whose,2
acid,2
across,2
investigation,2
influential,2
levels,2
process,2
subsistence,2
wobst,2
phosphate,2
proportion,2
eight,2
similar,2
importance,2
certain,2
direct,2
contributions,2
compromises,2
danger,2
black,2
evolution,2
animals,2
overlooked,2
factors,2
means,2
category,2
varying,2
objects,2
entry,2
fast,2
statistical,2
india,2
latin,2
just,2
numbers,2
aly,2
decade,2
leicester,2
jars,2
recovered,2
position,2
always,2
decades,2
reflections,2
result,2
identifying,2
domains,2
called,2
access,2
relating,2
demands,2
events,2
relate,2
socioeconomics,2
academic,2
czechoslovakia,2
treat,2
archaeologia,2
applied,2
pork,2
shape,2
directly,2
having,2
degrees,2
inferred,2
los,2
nonspecific,2
claim,2
london,2
apparent,2
communication,2
decorate,2
comment,2
intentionally,2
realm,2
older,2
jo,2
focuses,2
signalling,2
ucla,2
lithics,2
good,2
legacy,2
ago,2
tested,2
coupled,2
contrast,2
mediterranean,2
around,2
small,2
mineral,2
highly,2
cacao,2
fats,2
up,2
peculiar,2
notes,2
pervasive,2
inform,2
am,2
geographical,2
fiber,2
critical,2
highlights,2
nonetheless,2
african,2
economic,2
imagery,2
service,2
expansion,2
prove,2
still,2
seemingly,2
innovation,2
direction,2
southeast,2
biological,2
hegmon,2
potsherds,2
abundance,2
serve,2
soon,2
continuity,2
mobile,2
neither,2
antiauitv,2
processing,2
light,2
topical,2
al,2
cerámica,2
critiques,2
motifs,2
experienced,2
efforts,2
longer,2
foodstuffs,2
foods,2
farming,2
nuclear,2
discussed,2
simple,2
conclusions,2
where,2
continuing,2
less,2
dolni,2
council,2
fewer,2
frequency,2
free,2
degree,2
local,2
polona,2
meetings,2
greatest,2
examples,2
assemblages,2
range,2
maritime,2
looking,2
concern,2
significant,2
numerous,2
causes,2
satisfactorily,2
theoretical,2
cultura,2
anasazi,2
wobstian,2
ceasing,2
co,2
held,2
period,2
mexico,2
serves,2
after,2
preservation,2
repeated,2
intuitive,2
problems,2
internal,2
systems,2
viewpoint,2
confidently,2
structure,2
james,2
relations,2
differ,2
spain,2
versus,2
relative,2
separate,2
kaplan,2
today,2
africa,2
longacre,2
fairly,2
provide,2
sometimes,2
five,2
claimed,2
begin,2
andean,2
directions,2
seen,2
collections,2
rapidly,2
encrustations,2
sinopoli,2
fields,2
complexity,2
peoples,2
soil,2
scrutiny,2
meat,2
here,2
der,2
resonance,2
natural,2
control,2
worth,2
assumed,2
sampling,2
best,2
appendix,2
domestic,2
obviously,2
inference,2
distinctive,2
advances,2
merely,2
respect,2
according,2
scholarly,2
alabama,2
impact,2
combined,2
sociology,2
covers,2
hoped,2
artifactual,2
correlates,2
extract,2
oils,2
institute,2
too,2
boiled,2
popular,2
conference,2
presented,2
preserved,2
transport,2
conclude,2
despite,2
intercompared,2
intended,2
lies,2
manufacturing,2
varied,2
contrasts,2
ignored,2
finding,2
authored,2
temperature,2
morphological,2
instead,2
amphoras,2
increased,2
potential,2
schiffer,2
temple,2
variations,2
vary,2
substantial,2
nonhierarchical,2
valley,2
interaction,2
traditional,2
peabody,2
spectroscopy,2
comparable,2
virtue,2
ca,2
nicholas,1
final,1
infrared,1
currently,1
done,1
accomplish,1
horizontal,1
implemented,1
succulent,1
later,1
indicated,1
meaning,1
commentary,1
groups,1
imported,1
outcome,1
unpleasant,1
degraded,1
judging,1
career,1
market,1
tuscaloosa,1
environmental,1
venuses,1
resulted,1
arrive,1
intriguing,1
vogue,1
empirical,1
considerably,1
dispersion,1
necessitates,1
systemic,1
comparability,1
sympathetic,1
reflection,1
large,1
registering,1
needed,1
mesoamerica,1
engendering,1
rephrasing,1
confidence,1
judicious,1
essays,1
word,1
linkages,1
slant,1
units,1
specialist,1
english,1
ât,1
investigating,1
conjectures,1
easily,1
sunflower,1
satisfied,1
interpretationsare,1
belatedly,1
collection,1
devices,1
partitive,1
wares,1
potentials,1
royal,1
pose,1
distillation,1
exciting,1
occurred,1
reliably,1
expressed,1
accomplishments,1
viewpoints,1
lowlands,1
descriptions,1
sumptuously,1
source,1
sequential,1
societal,1
dose,1
sketched,1
turning,1
themes,1
intentions,1
negative,1
experience,1
morphotechnological,1
accumulation,1
said,1
hardin,1
else,1
humble,1
sources,1
hence,1
every,1
certainly,1
container,1
preceding,1
universitv,1
kongo,1
posed,1
fifteenth,1
cany,1
interests,1
voiced,1
expressive,1
hally,1
setting,1
innovations,1
concentrated,1
address,1
massaging,1
attempt,1
gourds,1
tourist,1
active,1
asia,1
words,1
definition,1
confirmed,1
dramatically,1
coating,1
explosivelyexpanding,1
broken,1
assertion,1
suggesting,1
accompanied,1
generalize,1
highland,1
great,1
reasons,1
differences,1
ucayali,1
operationalize,1
rich,1
pretense,1
senses,1
follows,1
dataseis,1
theoiy,1
inherent,1
able,1
conservative,1
closer,1
molecular,1
onto,1
concludes,1
composition,1
monograph,1
complements,1
products,1
take,1
real,1
debt,1
deemed,1
analyst,1
help,1
basal,1
melding,1
introduces,1
fresh,1
devised,1
loose,1
etcare,1
improving,1
replicated,1
predictionswith,1
precisely,1
contrasting,1
political,1
opposite,1
reading,1
ambiguous,1
gibson,1
soot,1
issuescompositional,1
pathbreaker,1
dd,1
worldwide,1
ad,1
system,1
bouong,1
caffeine,1
reconstruction,1
headlong,1
projectile,1
nonsoot,1
calabashes,1
replay,1
anthropologists,1
key,1
albeit,1
modify,1
task,1
draws,1
guidelines,1
propensity,1
bases,1
firm,1
sexual,1
lends,1
felt,1
miniature,1
activity,1
nonspecifically,1
illustrate,1
prehispanic,1
zuni,1
cap,1
relational,1
soils,1
clav,1
cookpot,1
strains,1
readjustments,1
deformation,1
pronouncements,1
bibliography,1
consumers,1
replaying,1
mushrooming,1
ethnoarchaeolosv,1
mastery,1
reconsidering,1
chromatography,1
desired,1
conceptual,1
reflecting,1
decoding,1
paving,1
establishment,1
goods,1
selecting,1
realistic,1
bowls,1
establishes,1
extractable,1
ritual,1
horticulturalists,1
brew,1
unhappy,1
identifies,1
conkey,1
undergone,1
stirring,1
sterols,1
tied,1
cursory,1
consult,1
exposed,1
exist,1
human,1
regarding,1
frequencies,1
preoccupied,1
transformations,1
accessible,1
purview,1
surely,1
beating,1
delimit,1
component,1
augments,1
difficulties,1
objective,1
quality,1
mm,1
realized,1
author,1
bridging,1
relatively,1
regarded,1
ability,1
vesselsspecifically,1
contributors,1
accidentally,1
raises,1
espousing,1
enjoying,1
heightened,1
barnett,1
conducted,1
acomplished,1
theoretic,1
convention,1
basedexplicitly,1
employing,1
pay,1
topic,1
overly,1
accelerating,1
plasma,1
midcontinental,1
guided,1
turn,1
feathers,1
cases,1
volumesfar,1
distinct,1
blame,1
truism,1
reluctance,1
underlying,1
rejecting,1
transcends,1
burgeoning,1
isomorphism,1
alkali,1
neitzel,1
six,1
suitable,1
dates,1
third,1
theoryare,1
patteras,1
thin,1
helpful,1
functionis,1
y,1
student,1
consequently,1
densification,1
bennett,1
spite,1
rehash,1
propositions,1
ideaswhich,1
hardly,1
generation,1
appraise,1
acknowledge,1
rates,1
interassemblage,1
poorly,1
trom,1
grasp,1
mechanism,1
remind,1
higher,1
dithering,1
divergence,1
opposed,1
siteor,1
sample,1
vegetable,1
manipulated,1
mailcode,1
neff,1
leaping,1
costs,1
basil,1
asiatic,1
exact,1
statements,1
bring,1
taxonomy,1
dry,1
remain,1
mammoth,1
ingenuousness,1
disjunction,1
vegetables,1
square,1
taphonomy,1
junction,1
fascinating,1
preparing,1
coastal,1
presentation,1
notion,1
completely,1
represented,1
mechanics,1
suffer,1
dp,1
reworked,1
weighting,1
leave,1
variant,1
hamer,1
parts,1
special,1
leaves,1
selected,1
oversimplified,1
appropriateness,1
summarized,1
plog,1
headbands,1
support,1
reason,1
determination,1
brunswick,1
susceptibility,1
changes,1
discernible,1
experimentally,1
plus,1
locally,1
cryptically,1
lister,1
familiar,1
image,1
apceramic,1
bit,1
dated,1
duke,1
abuses,1
linked,1
specify,1
section,1
director,1
threatening,1
days,1
elevated,1
air,1
exteriors,1
receiving,1
record,1
articulated,1
desirability,1
recycling,1
exploratory,1
weak,1
reviewed,1
profile,1
nascent,1
solid,1
benefited,1
orientation,1
heading,1
resource,1
shorter,1
voluminous,1
follow,1
readings,1
beyond,1
peru,1
isolation,1
depart,1
notions,1
merited,1
patterning,1
painted,1
mix,1
sterner,1
willing,1
answers,1
committee,1
hit,1
care,1
je,1
provisional,1
shepard,1
attritiondefined,1
appear,1
myths,1
methodology,1
experimentation,1
uv,1
talking,1
yielding,1
attritional,1
paddle,1
formidable,1
remembered,1
explode,1
lead,1
path,1
behestto,1
escalation,1
digested,1
bulahav,1
sherriff,1
herethat,1
kenyan,1
strength,1
kalahari,1
item,1
attack,1
preoccupy,1
painstaking,1
behavioral,1
centers,1
changed,1
issue,1
rudolf,1
criticisms,1
primacy,1
maybe,1
symbolically,1
spotty,1
percentages,1
flying,1
fuel,1
arable,1
term,1
late,1
historicity,1
further,1
ann,1
sociopolitically,1
neolithic,1
heartening,1
prompt,1
standardized,1
understood,1
briefly,1
elemental,1
underreported,1
coped,1
murk,1
embellished,1
viewed,1
absorption,1
cannot,1
priorities,1
meet,1
hammers,1
biases,1
excellent,1
publications,1
appearing,1
energy,1
placed,1
smashing,1
ford,1
framework,1
expedient,1
your,1
guarantee,1
conferences,1
comprehension,1
wide,1
cognition,1
possibility,1
epiphenomenal,1
underlie,1
none,1
participation,1
followed,1
distinguish,1
future,1
charred,1
seminal,1
revealed,1
decipherment,1
overviews,1
received,1
industrial,1
reid,1
teotihuacan,1
contextualized,1
nine,1
dissatisfaction,1
protein,1
interface,1
reader,1
concept,1
fired,1
brought,1
characterization,1
crude,1
user,1
discusses,1
explains,1
competing,1
superficiality,1
journals,1
gender,1
criticized,1
woodland,1
shocking,1
loss,1
aj,1
fail,1
accretion,1
northwest,1
subarea,1
beginnings,1
people,1
relevance,1
kneejerk,1
underscored,1
oceania,1
lingering,1
rative,1
forces,1
personal,1
contentious,1
away,1
mayorama,1
scope,1
corollary,1
anything,1
il,1
realms,1
subfield,1
preparation,1
meanwe,1
burden,1
interpreted,1
olive,1
withstand,1
currents,1
following,1
graduate,1
gap,1
chemistry,1
heuristic,1
washing,1
distinctions,1
depositional,1
concentrates,1
theobromine,1
creating,1
running,1
heady,1
bandwagons,1
closing,1
esteem,1
ratios,1
painting,1
sense,1
indicator,1
correct,1
describing,1
level,1
formalizing,1
below,1
wi,1
töpfereiund,1
differentperhaps,1
juncture,1
suggest,1
stage,1
propounding,1
evershed,1
ethnicity,1
peruvian,1
stimulated,1
phrase,1
emerging,1
orient,1
dwell,1
calling,1
spanish,1
inescapable,1
altered,1
tattooed,1
presence,1
observe,1
potterywhich,1
choosing,1
startling,1
earliersome,1
essentially,1
torrent,1
suddenly,1
portions,1
latest,1
differing,1
mixing,1
tended,1
division,1
hindrance,1
tempering,1
symposia,1
professceramic,1
fully,1
stratigraphy,1
annual,1
visible,1
bulletin,1
progress,1
practice,1
education,1
purpose,1
filling,1
citations,1
areathe,1
appropriate,1
lore,1
velocity,1
intransigent,1
newly,1
provided,1
preliminary,1
perils,1
wax,1
infrequency,1
guises,1
calls,1
wesrview,1
replacing,1
phrased,1
debunk,1
voi,1
uncommon,1
hosts,1
evaporation,1
tich,1
makinga,1
processual,1
led,1
kono,1
eclectic,1
irrespective,1
moreheed,1
reduced,1
hegemony,1
matter,1
andalusian,1
entitled,1
succumbing,1
action,1
retrodicting,1
giving,1
separation,1
synthesis,1
upottery,1
provenience,1
inferential,1
corporation,1
return,1
appreciate,1
brief,1
millennia,1
aches,1
prevailing,1
tropical,1
standardization,1
whatever,1
above,1
decoded,1
surviving,1
indicates,1
interactions,1
comments,1
wind,1
longitudinal,1
movement,1
registered,1
modes,1
surveyed,1
decisions,1
archaeoloev,1
structural,1
improper,1
pervades,1
vie,1
percentage,1
confronting,1
guide,1
ubiquity,1
gmbh,1
declamatory,1
competition,1
vs,1
viewpointorientation,1
builds,1
desuetude,1
array,1
inspiration,1
chronology,1
german,1
salient,1
etcthe,1
matson,1
home,1
breakage,1
release,1
enunciated,1
continents,1
sectors,1
guatemala,1
keeping,1
middleton,1
subarctic,1
illnois,1
outlined,1
robust,1
blakely,1
already,1
insights,1
adsorbed,1
provocative,1
illustrated,1
department,1
reports,1
unusually,1
implicitlyon,1
georgia,1
noted,1
processed,1
frameworks,1
decomposition,1
ambiguities,1
hallmark,1
regardless,1
fill,1
chose,1
angel,1
evaluating,1
technologyhas,1
equivalentperhaps,1
discussions,1
french,1
heritage,1
attacks,1
frederick,1
scan,1
popularity,1
incautious,1
assuredly,1
compaction,1
paraphrasing,1
pastes,1
sedentarization,1
approaching,1
reporting,1
flat,1
addition,1
smith,1
incorporates,1
valid,1
hinting,1
preserve,1
fundamental,1
scholars,1
occurrence,1
carbonized,1
attempting,1
disturbed,1
choice,1
archaeomatenals,1
inevitably,1
layer,1
reasoning,1
niwot,1
really,1
larger,1
estrangement,1
incorporation,1
styleswhat,1
omitted,1
figurines,1
everything,1
entrapment,1
doubt,1
resolved,1
distributions,1
succeeding,1
advocacy,1
conferred,1
removal,1
fragments,1
honor,1
forms,1
men,1
took,1
stuff,1
hand,1
tales,1
intervene,1
increases,1
linings,1
model,1
lull,1
secular,1
float,1
purposes,1
validity,1
existing,1
establish,1
epicuticular,1
hastorf,1
jobs,1
michael,1
potentially,1
tell,1
strategies,1
fibre,1
forth,1
necessary,1
inductively,1
focusing,1
deep,1
diy,1
decorations,1
stylistically,1
glyphs,1
mercy,1
styleonce,1
grasshopper,1
conceivably,1
lackey,1
going,1
unvoicedassumption,1
day,1
convenient,1
dragged,1
matrix,1
status,1
nauseum,1
technologies,1
behaviors,1
meaningful,1
divided,1
supplies,1
doomed,1
organisms,1
upon,1
implicated,1
limitations,1
refining,1
bedeviled,1
nonabrasive,1
strongly,1
recover,1
samples,1
complexities,1
medium,1
identity,1
omit,1
eclipsed,1
entirely,1
asian,1
twentieth,1
hypotheses,1
virtually,1
tenacious,1
aesthetics,1
affects,1
revelations,1
roman,1
rare,1
typesis,1
aesthetic,1
chosen,1
full,1
deployed,1
peoplewhether,1
relegated,1
advantages,1
vu,1
synthetic,1
described,1
pattern,1
ties,1
trade,1
open,1
significance,1
tiles,1
compositions,1
worry,1
meanings,1
appraisal,1
clear,1
discovered,1
mayan,1
sherd,1
sedentaiy,1
directlythough,1
sensitivity,1
language,1
differentand,1
scrapings,1
decorated,1
serious,1
estimates,1
mississippian,1
individual,1
plaintive,1
multiplicity,1
tribal,1
register,1
distinction,1
static,1
stresses,1
stages,1
volublewas,1
filled,1
authentication,1
bollong,1
leafy,1
abundant,1
segment,1
adequately,1
pyrolysis,1
latter,1
artificial,1
oxbow,1
westerville,1
comparing,1
stahl,1
inf,1
date,1
industrially,1
craft,1
relation,1
pyrohsis,1
britain,1
effect,1
excluded,1
cluttering,1
hierarchical,1
enjoyed,1
confusing,1
operationalized,1
capabilities,1
probably,1
capitalism,1
analyze,1
prompted,1
northern,1
authorship,1
forefront,1
erentially,1
slab,1
institution,1
euphemistically,1
sociopolitical,1
hope,1
investigations,1
encompassing,1
concluded,1
brown,1
decision,1
dietary,1
limiting,1
genesis,1
dealing,1
consists,1
asking,1
somewhat,1
tests,1
devote,1
carla,1
raw,1
iroquois,1
dissected,1
ing,1
wisdom,1
lot,1
intersite,1
bars,1
río,1
mixture,1
segments,1
ecological,1
bushmen,1
ridings,1
testing,1
practitioners,1
select,1
visibility,1
lines,1
preempt,1
class,1
male,1
naively,1
becomes,1
detailed,1
effectively,1
jar,1
understand,1
subheading,1
clays,1
contribution,1
recognize,1
indicate,1
lipids,1
introductory,1
arts,1
ukic,1
construction,1
existed,1
fall,1
achieve,1
polychrome,1
table,1
permeability,1
exists,1
liquefied,1
get,1
examine,1
canada,1
erupts,1
unusual,1
investigate,1
stable,1
considered,1
spectroscopic,1
affect,1
matters,1
durability,1
claims,1
sections,1
healthyand,1
circumstancea,1
resonates,1
paléorient,1
heavy,1
rarely,1
thinking,1
associated,1
striations,1
growing,1
suite,1
reviewing,1
sirak,1
preface,1
soak,1
intensification,1
someday,1
researchfunctional,1
complexes,1
manual,1
predictions,1
wear,1
continues,1
expressionwithin,1
coolingalso,1
dr,1
studyceramic,1
itemize,1
sooting,1
diets,1
tenor,1
colleagues,1
endeavors,1
mobilised,1
basketry,1
encoded,1
alternative,1
positivismthat,1
disregarded,1
cover,1
amphorae,1
measuredwhether,1
know,1
yesteryear,1
agolinton,1
vaz,1
intellectual,1
principle,1
country,1
readily,1
tomb,1
specialized,1
substitute,1
sizes,1
east,1
distance,1
did,1
equivocal,1
mento,1
emergence,1
half,1
wall,1
report,1
allied,1
inquiry,1
counting,1
iii,1
exhibits,1
selectionist,1
infer,1
cautious,1
expressing,1
encouraging,1
examining,1
styled,1
ftir,1
type,1
turned,1
believed,1
animal,1
unnecessarily,1
suffering,1
complications,1
unlikely,1
explanations,1
catastrophic,1
economy,1
thoroughly,1
answered,1
carefully,1
demise,1
transmitted,1
concedes,1
them,1
form,1
languishing,1
imposed,1
boast,1
add,1
maintain,1
pains,1
doffs,1
earthenware,1
interval,1
temporally,1
penetration,1
surveying,1
scrupulous,1
her,1
utilitarian,1
prudence,1
studying,1
divide,1
seep,1
proposing,1
whichor,1
incorporated,1
queries,1
categories,1
prior,1
socioeconomic,1
neck,1
latteruse,1
boldly,1
occasionally,1
circumstances,1
careful,1
far,1
extracts,1
thereby,1
beck,1
practices,1
confirm,1
improves,1
easy,1
unleash,1
transition,1
controls,1
territory,1
measure,1
extended,1
contribute,1
arguments,1
methodsdevoting,1
freer,1
habelt,1
automatic,1
isolated,1
definitions,1
goals,1
skipping,1
accorded,1
think,1
ecuador,1
come,1
proceeds,1
susceptible,1
enthusiasm,1
undecorated,1
survival,1
recording,1
archaeologyglasgow,1
appendices,1
generate,1
referenced,1
advent,1
bout,1
linseed,1
axes,1
national,1
canouts,1
wish,1
warsaw,1
parallels,1
depressing,1
documentation,1
revolves,1
offer,1
jernigan,1
grown,1
land,1
surreal,1
canadian,1
discolorations,1
specialists,1
cavalierly,1
cautionary,1
smaller,1
heartland,1
dogma,1
thoughtful,1
involving,1
volley,1
resinous,1
prospect,1
plainware,1
off,1
trumpeting,1
philosophy,1
grapple,1
highercompared,1
permeable,1
typology,1
remains,1
association,1
passive,1
spalls,1
archaic,1
critiqued,1
showed,1
carr,1
observation,1
contradicted,1
pertain,1
removing,1
reductionism,1
drying,1
ng,1
themselves,1
proaches,1
text,1
escalating,1
skeptically,1
temperatures,1
debate,1
create,1
gainesville,1
predictable,1
element,1
develop,1
strong,1
seek,1
philippines,1
desiderata,1
profiles,1
building,1
meeting,1
jealous,1
close,1
occur,1
eagerly,1
increase,1
continuously,1
