WORDCOUNTS,WEIGHT
the,1434
and,1124
of,819
in,680
to,331
a,291
maya,249
colonial,198
indigenous,181
spanish,166
at,154
p,153
pp,143
historic,135
from,135
on,130
j,118
archaeology,116
period,115
were,113
with,112
de,107
for,98
historical,97
as,96
that,91
postclassic,85
culture,81
mexico,75
or,68
is,68
this,67
archaeological,63
was,61
by,61
new,61
site,60
their,60
sites,58
have,58
university,57
large,53
al,53
archaeologists,52
et,52
native,52
artifacts,51
archaeol,50
material,50
pottery,50
res,50
springer,50
early,50
m,48
conquest,48
they,47
late,47
which,47
an,47
not,47
church,46
economic,46
research,44
such,43
settlement,43
d,43
also,42
el,42
central,42
including,42
e,40
are,40
settlements,39
t,38
change,38
but,38
c,38
mesoamerica,37
world,37
rural,37
s,36
may,36
lacandon,36
found,36
ceramic,36
social,35
r,34
people,34
stone,33
continued,33
these,32
local,32
american,31
l,31
population,31
into,31
political,30
g,30
excavations,30
y,30
en,30
during,30
small,30
indicate,30
belize,30
some,29
mesoamerican,29
near,29
european,29
more,29
investigators,29
be,29
one,28
san,28
contact,27
has,27
metal,27
h,26
century,26
latin,26
important,26
populations,26
guatemala,26
other,26
region,26
been,26
include,26
los,25
fournier,25
area,25
remains,24
town,23
recovered,23
la,23
goods,23
interaction,23
it,22
no,22
changes,22
surface,22
had,22
areas,22
inhabitants,22
types,22
over,22
residences,21
there,21
than,21
study,21
societies,21
cultural,21
tools,21
buildings,21
located,21
ancient,21
regional,21
trade,21
ceramics,20
made,20
times,20
contained,20
economy,20
w,20
well,19
several,19
structures,19
time,19
information,19
household,18
around,18
many,18
project,18
hacienda,18
nacional,18
lake,18
department,17
its,17
few,17
about,17
addition,17
documents,17
different,17
did,17
agricultural,17
glass,17
valley,17
since,16
incense,16
house,16
rice,16
houses,16
burial,16
examined,16
number,16
deposits,16
obsidian,16
associated,16
domestic,16
phd,16
through,16
land,16
masonry,15
quantities,15
old,15
del,15
burials,15
institute,15
presence,15
k,15
foreign,15
animal,15
effects,15
due,14
fig,14
wares,14
yucatán,14
artifact,14
towns,14
encountered,14
salvador,14
can,14
probably,14
particularly,14
increased,14
mexican,13
history,13
human,13
colonialism,13
painted,13
placed,13
olive,13
excavated,13
identified,13
instituto,13
use,13
dating,13
structure,13
past,13
copper,13
evidence,13
center,12
colonization,12
approaches,12
i,12
investigations,12
unconquered,12
santa,12
possibly,12
objects,12
organization,12
war,12
because,12
lamanai,12
used,12
periods,12
f,12
southern,12
patterns,12
ö,12
findings,12
cultura,12
low,12
b,12
antiquity,12
after,12
often,12
caste,12
control,12
transition,12
ciudad,12
significant,11
investigaciones,11
western,11
items,11
main,11
erosion,11
pedro,11
aztec,11
cacao,11
society,11
architecture,11
only,11
where,11
less,11
ô,11
occupied,11
transformations,11
who,11
extensive,11
iron,11
surveys,11
city,11
progresso,10
studies,10
modern,10
occurred,10
village,10
long,10
production,10
state,10
date,10
possible,10
discovered,10
labor,10
journal,10
plaza,10
basin,10
antropología,10
residential,10
residents,10
lifeways,10
impacts,10
religious,10
water,10
demographic,10
remained,10
architectural,10
high,10
chert,10
seen,10
transformed,10
cemetery,10
simposio,10
type,10
socioeconomic,10
became,10
protohistoric,10
salt,10
elites,10
consisted,10
abandoned,10
recent,10
garcía,9
introduction,9
lowlands,9
eastern,9
earlier,9
patzcuaro,9
america,9
marked,9
along,9
influence,9
arqueológicas,9
walls,9
importance,9
white,9
rule,9
access,9
chiapas,9
part,9
reflect,9
when,9
up,9
south,9
classic,9
mixtee,9
provide,9
rock,9
projects,9
fragments,9
lenca,9
ethnic,9
similar,9
yucatec,9
beads,9
ministerio,9
construction,9
following,9
cultures,9
constructions,9
status,9
press,9
between,9
north,9
built,9
epidemics,8
monograph,8
first,8
great,8
within,8
occasional,8
fine,8
west,8
rather,8
remote,8
lives,8
honduras,8
occupation,8
fish,8
majolica,8
data,8
island,8
records,8
results,8
indicates,8
chronology,8
insights,8
forms,8
present,8
investigated,8
elite,8
peten,8
like,8
thomas,8
garcia,8
consumption,8
arqueologia,8
jar,8
precontact,8
tipu,8
las,8
growing,8
them,8
making,8
robles,8
arqueología,8
common,7
resided,7
worked,7
highland,7
glazed,7
last,7
itzaj,7
throughout,7
dates,7
compared,7
conquerors,7
river,7
n,7
numbers,7
record,7
most,7
based,7
focused,7
recently,7
related,7
responses,7
visible,7
cattle,7
moved,7
floor,7
largest,7
stones,7
resistance,7
yaxcabá,7
ethnohistory,7
scholars,7
disease,7
soconusco,7
three,7
workers,7
features,7
obtained,7
exchange,7
written,7
adaptations,7
northern,7
christian,7
fewer,7
life,7
analysis,7
frontier,7
british,7
constructed,7
sherds,7
palka,7
anthropology,7
global,7
capital,7
wall,7
nearby,7
earthenware,7
preserved,7
although,7
otumba,7
conquered,7
little,7
building,7
later,6
imported,6
environmental,6
red,6
group,6
ocelocalco,6
before,6
sources,6
creation,6
all,6
differences,6
platforms,6
system,6
occupations,6
fernández,6
ritual,6
natives,6
visited,6
identification,6
how,6
cave,6
scattered,6
shell,6
elsewhere,6
shore,6
four,6
prehistoric,6
lived,6
out,6
diet,6
initial,6
chinese,6
mapped,6
work,6
gómez,6
field,6
core,6
led,6
materials,6
communities,6
orange,6
included,6
two,6
reports,6
contemporary,6
adjacent,6
ground,6
perhaps,6
streets,6
another,6
tabi,6
food,6
processes,6
individuals,6
points,6
health,6
stages,6
we,6
institution,6
sugar,6
species,6
clusters,6
un,6
mounds,6
dispersed,6
orser,6
economically,6
smithsonian,6
ruins,6
while,6
view,6
art,6
vessels,6
both,6
antigua,6
years,6
numerous,6
specific,6
documentary,6
difficult,5
arrowheads,5
contexts,5
continue,5
torres,5
mexicana,5
real,5
papers,5
designs,5
ad,5
projectile,5
bones,5
vol,5
interior,5
zone,5
oaxaca,5
blades,5
development,5
young,5
growth,5
across,5
coastal,5
process,5
excavators,5
parts,5
dominican,5
plaster,5
vieja,5
decades,5
called,5
thin,5
wealth,5
actually,5
perishable,5
floors,5
viejo,5
regions,5
diagnostic,5
habitation,5
autonomy,5
soil,5
ek,5
method,5
rancho,5
activities,5
likely,5
under,5
same,5
noted,5
lee,5
majority,5
power,5
residence,5
lack,5
larger,5
figurines,5
pattern,5
outside,5
mestizo,5
understanding,5
pipil,5
increase,5
chontal,5
accessed,5
peripheral,5
kowoj,5
illinois,5
carlson,5
especially,5
article,5
v,5
discipline,5
yucundaa,5
hill,5
inside,5
grinding,5
examine,5
acquired,5
peoples,5
known,5
alvarez,5
utilized,5
destroyed,5
according,5
cooking,5
utilitarian,5
faunal,5
burners,5
urban,5
bryant,5
paintings,5
maintained,5
wild,5
until,5
ware,5
chronologies,5
point,5
traditional,5
indicating,5
rubble,5
kepecs,4
groups,4
created,4
resulted,4
haciendas,4
formed,4
memoria,4
economics,4
test,4
being,4
problems,4
burner,4
shallow,4
implications,4
layout,4
leading,4
survey,4
preconquest,4
méxico,4
changed,4
prehispanic,4
congreso,4
reflecting,4
relocated,4
economies,4
behavior,4
exposed,4
regarding,4
conflict,4
frequencies,4
concentrations,4
serving,4
plant,4
hamlet,4
acculturation,4
december,4
landscape,4
signaled,4
slipped,4
generally,4
congregación,4
contributions,4
primer,4
salaried,4
frequently,4
jars,4
albuquerque,4
â,4
tikal,4
permanent,4
believed,4
helped,4
excavation,4
location,4
medicine,4
estudios,4
hanson,4
produced,4
coapa,4
networks,4
silver,4
even,4
brought,4
apparent,4
contains,4
documented,4
surrounding,4
refuse,4
published,4
interregional,4
bone,4
survivalisms,4
convento,4
provided,4
asomoza,4
republican,4
community,4
estado,4
inhabited,4
ulua,4
yet,4
york,4
perspectives,4
indian,4
hearth,4
skeletons,4
visita,4
roof,4
coarse,4
pendergast,4
studied,4
churches,4
influences,4
largely,4
continuities,4
platform,4
publication,4
decorated,4
housed,4
interacted,4
abundant,4
acquire,4
mainly,4
sociopolitical,4
widely,4
separate,4
sometimes,4
spindle,4
camino,4
began,4
fields,4
consist,4
established,4
coxoh,4
readily,4
lagoon,4
alexander,4
siglo,4
porcelain,4
greenstone,4
teposcolula,4
investigation,4
theory,4
annual,4
practices,4
mention,4
our,4
survival,4
funari,4
contributed,4
resources,4
informants,4
substantial,4
ownership,4
pieces,4
focus,4
much,4
among,4
laborers,4
way,3
valle,3
represent,3
shrines,3
trash,3
replaced,3
identify,3
prime,3
whiting,3
royal,3
tencoa,3
pots,3
arms,3
cutting,3
sequence,3
diseases,3
kakchiquel,3
capitalist,3
daub,3
uncovered,3
subsequent,3
expansion,3
skull,3
sacred,3
marine,3
jute,3
gobierno,3
decreased,3
signs,3
sheet,3
subjugation,3
case,3
side,3
fruit,3
thatch,3
demography,3
agriculture,3
northeast,3
politics,3
x,3
bowls,3
spain,3
controlled,3
tribute,3
phase,3
merchants,3
attest,3
borderlands,3
better,3
immigrants,3
perspective,3
burgeoning,3
back,3
cardinal,3
publications,3
find,3
whorls,3
comales,3
blue,3
pueblo,3
bottles,3
guard,3
general,3
rosary,3
paste,3
poorly,3
higher,3
lesser,3
remain,3
connected,3
landscapes,3
grew,3
certain,3
aquatic,3
animals,3
space,3
support,3
tooth,3
category,3
acquisition,3
marks,3
locally,3
dated,3
differs,3
upper,3
age,3
show,3
additional,3
connecting,3
laguna,3
cotton,3
peninsula,3
modeled,3
utah,3
plenum,3
systems,3
mayas,3
greater,3
commoner,3
could,3
histories,3
centers,3
international,3
foundations,3
base,3
acquiring,3
buried,3
arqueológico,3
province,3
tile,3
cambridge,3
zeitlin,3
colonies,3
gained,3
teotihuacan,3
loss,3
whole,3
continuation,3
issues,3
rituals,3
personal,3
missions,3
polity,3
weeks,3
researchers,3
yglesias,3
successful,3
working,3
indicators,3
governments,3
conquistadors,3
finds,3
survived,3
will,3
otis,3
exterior,3
ceremonial,3
comparative,3
resisted,3
yucatan,3
renewed,3
still,3
make,3
domination,3
biological,3
metates,3
violence,3
mission,3
continuity,3
cliff,3
lowland,3
ethnographic,3
industrial,3
functioned,3
mound,3
challenge,3
death,3
locating,3
adobe,3
fleeing,3
compound,3
comparatively,3
gray,3
end,3
took,3
antropologia,3
everyday,3
manos,3
accepted,3
relevant,3
creole,3
outlines,3
multidisciplinary,3
jalapa,3
chanlacan,3
analyzed,3
collections,3
reused,3
previously,3
manufactured,3
clustered,3
birds,3
identity,3
cranial,3
lhe,3
theoretical,3
lakes,3
maintenance,3
amounts,3
tarascan,3
function,3
figurine,3
practiced,3
households,3
preservation,3
black,3
columbian,3
typically,3
xvi,3
amber,3
patterson,3
priests,3
horse,3
those,3
versus,3
examines,3
bravo,3
oxford,3
increasing,3
río,3
independence,3
dimensions,3
rapidly,3
polychrome,3
centuries,3
jacobi,3
burned,3
school,3
anthropological,3
series,3
changing,3
temple,3
alternative,3
know,3
paper,3
east,3
current,3
foundation,3
legacy,3
sierra,3
texas,3
evident,3
villages,3
fled,3
heads,3
proceedings,3
unique,3
reactions,3
yielded,3
covers,3
suggests,3
hundreds,3
pits,3
introduced,3
lacandones,3
mercedarian,3
manufacturing,3
clothing,3
neglect,3
terminal,3
pine,3
models,3
instead,3
socially,3
need,3
smaller,3
france,3
peripheries,3
association,3
impacted,3
era,3
gainesville,3
arizona,3
continuously,3
precipitously,2
carved,2
razed,2
does,2
now,2
o,2
enlace,2
isotopie,2
edge,2
if,2
zoque,2
jet,2
market,2
postclásicos,2
college,2
durante,2
eliminated,2
flexed,2
sitios,2
partially,2
conflicts,2
offerings,2
agency,2
mobility,2
ethnogenesis,2
protection,2
xi,2
boulder,2
missionaries,2
flores,2
laid,2
inequality,2
turtle,2
holding,2
robinson,2
indígena,2
contested,2
diversity,2
isthmus,2
chacmool,2
preceding,2
fortified,2
román,2
pulque,2
originally,2
ii,2
season,2
reptiles,2
containing,2
delineation,2
archaeologically,2
verhagen,2
textiles,2
suggesting,2
daily,2
simple,2
exotic,2
producing,2
correlates,2
evangelization,2
help,2
chipped,2
xx,2
fresh,2
principal,2
wage,2
context,2
brigham,2
kingdoms,2
effigy,2
con,2
globe,2
gaps,2
bases,2
drastic,2
tendencias,2
felt,2
chest,2
activity,2
ball,2
paucity,2
burning,2
slight,2
bibliography,2
combination,2
desired,2
variations,2
bell,2
surrounded,2
establishment,2
recorrido,2
quantity,2
overlooking,2
eroded,2
fragment,2
exist,2
implements,2
review,2
relocation,2
historically,2
accommodation,2
reino,2
resembling,2
intact,2
interest,2
ethnohistorical,2
relatively,2
gun,2
rites,2
encyclopedia,2
roads,2
declined,2
sample,2
forced,2
congregated,2
santo,2
elements,2
consejo,2
defensive,2
divisions,2
columbia,2
allowing,2
gaseo,2
ideal,2
fowler,2
communication,2
tablón,2
jones,2
understood,2
rates,2
mezquital,2
cobbles,2
using,2
phases,2
tierras,2
dávila,2
grid,2
developed,2
postcontact,2
remnants,2
resident,2
knew,2
represented,2
burgos,2
mortar,2
análisis,2
wellpreserved,2
scraper,2
plots,2
easily,2
parroquia,2
symbols,2
tree,2
lots,2
means,2
maintaining,2
tenochtitlan,2
supports,2
occupational,2
eventually,2
retained,2
intensive,2
organized,2
slowly,2
balam,2
acculturated,2
just,2
stresses,2
plates,2
wattle,2
friars,2
appear,2
dc,2
diachronic,2
arrived,2
closely,2
lead,2
lópez,2
postconquest,2
traditionally,2
midden,2
seven,2
commoners,2
unpainted,2
academic,2
ceramica,2
further,2
saa,2
oklahoma,2
earliest,2
viewed,2
dispersal,2
rainforest,2
public,2
highest,2
kitchen,2
xix,2
participation,2
pugh,2
literature,2
received,2
sculpture,2
limestone,2
tool,2
nine,2
protected,2
significantly,2
london,2
juveniles,2
knowledge,2
reduction,2
revealed,2
place,2
millet,2
refined,2
policies,2
pachuca,2
middle,2
participated,2
detectors,2
proliferation,2
il,2
stanford,2
unslipped,2
approach,2
least,2
transculturation,2
hard,2
negligible,2
distances,2
suggest,2
politically,2
miramar,2
republics,2
decline,2
boundaries,2
degradation,2
ramada,2
always,2
managed,2
immediate,2
paid,2
florida,2
digging,2
snails,2
pertaining,2
processual,2
statuses,2
he,2
absence,2
vanderbilt,2
various,2
mayor,2
schmidt,2
short,2
overall,2
charlton,2
revolt,2
edges,2
islands,2
tabasco,2
albany,2
domingo,2
jewelry,2
paint,2
templo,2
structural,2
hearthstones,2
southeast,2
single,2
vicinity,2
edited,2
relied,2
recognized,2
wake,2
technology,2
historia,2
tn,2
processing,2
light,2
literate,2
rectangular,2
demonstrates,2
bar,2
cerámica,2
façade,2
volume,2
tlaxcalan,2
walled,2
palm,2
others,2
available,2
hearths,2
decorative,2
experienced,2
lime,2
arqueologías,2
discussed,2
consumo,2
treatment,2
villa,2
foods,2
plan,2
appeared,2
children,2
grave,2
angeles,2
cimientos,2
farming,2
considerable,2
mesoamenca,2
sweat,2
do,2
learn,2
cruz,2
obscures,2
developing,2
see,2
strategies,2
homenaje,2
decorations,2
shifts,2
forest,2
subsistence,2
crown,2
private,2
exhibit,2
situated,2
examples,2
tulane,2
locate,2
europeans,2
traded,2
prevailed,2
station,2
plantation,2
excavaciones,2
conditions,2
causes,2
tips,2
exhibited,2
styles,2
radiocarbon,2
zacpetén,2
previous,2
ties,2
tiles,2
yamala,2
históricos,2
histórica,2
essay,2
faces,2
homes,2
would,2
collected,2
mensabak,2
provides,2
men,2
migrants,2
chapel,2
constructing,2
feet,2
become,2
topics,2
alvarado,2
otomi,2
capitalism,2
nails,2
stick,2
attention,2
brown,2
dietary,2
carried,2
parish,2
para,2
disruption,2
belonged,2
tuxtla,2
yaeger,2
ecological,2
usually,2
outsiders,2
noh,2
lines,2
deaths,2
widespread,2
male,2
chikinchel,2
success,2
deposit,2
returned,2
effectively,2
transformation,2
volumes,2
achieve,2
dead,2
turkeys,2
resemble,2
guatemalan,2
middens,2
addressed,2
anthropomorphic,2
environment,2
abandonment,2
practice,2
mentioned,2
incorporated,2
continues,2
serafín,2
machete,2
ranch,2
rivero,2
carbondale,2
set,2
quickly,2
natural,2
rainfall,2
each,2
neglected,2
expanding,2
sizes,2
shrine,2
half,2
regard,2
visiting,2
post,2
then,2
spaniards,2
very,2
sought,2
cities,2
examining,2
differed,2
distinctive,2
miranda,2
beginning,2
franciscan,2
what,2
loche,2
combined,2
belizean,2
adults,2
plants,2
monastery,2
imposed,2
despite,2
potonchan,2
earners,2
distribution,2
ethnography,2
consisting,2
periphery,2
secure,2
migrations,2
explored,2
almost,2
emphasis,2
contain,2
trees,2
potters,2
diachronie,2
easy,2
variability,2
african,2
techniques,2
plans,2
returning,2
territory,2
extended,2
programs,2
isolated,2
hilltop,2
contrasts,2
refugees,2
leveled,2
frontiers,2
zones,2
finding,2
studying,2
national,2
trauma,2
actively,2
approximately,2
dense,2
avila,2
piece,2
defined,2
attempted,2
supported,2
vessel,2
pasión,2
km,2
create,2
views,2
maximum,2
resist,2
dos,2
ca,2
customs,2
cordova,1
paleoethnobotany,1
exhibiting,1
hinders,1
mimic,1
barbara,1
shovel,1
mostly,1
brambila,1
oriented,1
residing,1
morbidity,1
indicated,1
stylistic,1
meaning,1
armadillos,1
altamira,1
corporate,1
integrating,1
suggested,1
differentials,1
morphology,1
everyone,1
deserve,1
affected,1
tuscaloosa,1
reconstructed,1
episodes,1
intriguing,1
resisting,1
tracked,1
measures,1
alone,1
miguel,1
adoption,1
jungle,1
considerably,1
enclosing,1
utility,1
string,1
evans,1
pushed,1
distributed,1
crossing,1
debris,1
ranches,1
stripped,1
needed,1
lesions,1
complex,1
miners,1
missionization,1
ana,1
kinds,1
rethink,1
tend,1
designed,1
maize,1
mapa,1
ma,1
handles,1
direct,1
tzeltal,1
postdate,1
ways,1
shoe,1
prehispánicos,1
chichen,1
nixtun,1
rear,1
intermittent,1
socioétnicas,1
inference,1
monolithic,1
ramifications,1
duke,1
conclusive,1
ideals,1
acceptance,1
backs,1
policy,1
quite,1
position,1
geometric,1
fixed,1
lakeshores,1
necessarily,1
sheltered,1
mainland,1
pose,1
total,1
uncut,1
ae,1
onset,1
impermanent,1
moving,1
lightfoot,1
buffer,1
revision,1
zapotee,1
tripod,1
macanche,1
encomienda,1
pilas,1
efficacy,1
experience,1
highlight,1
factional,1
horizontal,1
mangroves,1
piles,1
cast,1
upland,1
complements,1
transitions,1
perusal,1
exacting,1
marco,1
griddles,1
stoneware,1
reconstructions,1
walnut,1
defects,1
net,1
supposedly,1
universitv,1
palisade,1
orchards,1
baptismal,1
conflicted,1
wane,1
colors,1
taken,1
rested,1
military,1
meters,1
entangled,1
concentrated,1
opted,1
terrain,1
surveying,1
beaudry,1
advanced,1
england,1
nature,1
ranching,1
uncovering,1
definition,1
cuscatlan,1
sculpted,1
kerosene,1
maritime,1
shaped,1
oval,1
book,1
hispanoamericanos,1
cenote,1
rrjasonry,1
route,1
tradition,1
wooden,1
refugee,1
agrarian,1
advantage,1
uneasy,1
accompanied,1
flotation,1
geopolitics,1
quinto,1
bead,1
maiolica,1
rich,1
follows,1
vitrified,1
ephemeral,1
molding,1
üe,1
reed,1
hundred,1
entered,1
court,1
hunting,1
quincentenary,1
debt,1
graham,1
dominico,1
feature,1
modernity,1
patterned,1
friezes,1
cogently,1
vegetation,1
nm,1
separated,1
greatly,1
precisely,1
chiefdoms,1
gifts,1
heating,1
poniente,1
ruined,1
pertains,1
declines,1
behind,1
guards,1
anemiainduced,1
visibility,1
cholula,1
reduced,1
posts,1
springei,1
slip,1
terraced,1
depending,1
dearth,1
heaped,1
plain,1
recorded,1
autonomous,1
albeit,1
restauración,1
anuario,1
patronato,1
celts,1
iv,1
slips,1
draw,1
killed,1
rests,1
victims,1
apple,1
design,1
clearly,1
jack,1
ornamentation,1
methodologies,1
determined,1
outlying,1
machinery,1
sixteenth,1
securely,1
tracing,1
soils,1
fortresses,1
explorers,1
mamey,1
establishing,1
foreigners,1
functions,1
agrícolas,1
consumers,1
occupy,1
crossed,1
arenas,1
sánchez,1
apart,1
except,1
far,1
owners,1
genetic,1
redefining,1
ziiz,1
facto,1
explorer,1
chronic,1
disjunction,1
tañacurv,1
targeted,1
deserted,1
collection,1
government,1
inventory,1
attract,1
localized,1
colonized,1
repeatedly,1
arqueológica,1
earden,1
icons,1
chapters,1
includes,1
accessible,1
pit,1
comprehending,1
halted,1
differential,1
southwestern,1
influx,1
lacandón,1
nn,1
modify,1
severe,1
difficulties,1
pari,1
dynamics,1
suarez,1
accounted,1
pursue,1
eating,1
consumed,1
faced,1
alternately,1
illustrates,1
continuance,1
brass,1
sediment,1
integral,1
invaders,1
terraces,1
scarce,1
neighbors,1
subdue,1
mixed,1
relations,1
raises,1
naj,1
heterogeneity,1
leaf,1
tied,1
materially,1
realization,1
cadiz,1
militarily,1
nobleza,1
utilizes,1
extensively,1
expected,1
narratives,1
arena,1
exercise,1
pollard,1
estimates,1
aligned,1
rank,1
pelvis,1
cases,1
clay,1
nor,1
fishhook,1
foumier,1
overseers,1
places,1
lacamtun,1
hispanic,1
members,1
amount,1
subjects,1
ha,1
completing,1
six,1
difficulty,1
generated,1
served,1
itza,1
coring,1
left,1
unchanged,1
effective,1
antronoioeía,1
witnessed,1
misleading,1
chilo,1
shark,1
pasado,1
died,1
undertaking,1
barracks,1
storage,1
identifications,1
ruerno,1
chichén,1
kaolin,1
preserving,1
dry,1
ecosystems,1
details,1
hasty,1
william,1
document,1
pointing,1
nuanced,1
hallazgos,1
azteca,1
inundations,1
interntional,1
babies,1
neutral,1
industries,1
newer,1
alabama,1
toltec,1
oj,1
mechanisms,1
assessed,1
poor,1
fort,1
escaped,1
philadelphia,1
flake,1
adequate,1
pendant,1
explorations,1
essential,1
plotted,1
espacio,1
fuller,1
without,1
operations,1
links,1
purely,1
hallow,1
destroy,1
absent,1
centered,1
highlands,1
stuccoed,1
convent,1
sort,1
calabash,1
organizing,1
serra,1
bifaces,1
frente,1
vida,1
censer,1
biggest,1
radius,1
responded,1
altar,1
mean,1
pinpoint,1
una,1
ce,1
opportunity,1
emal,1
granted,1
coffee,1
salpetén,1
supplement,1
legal,1
ex,1
developments,1
à,1
entrances,1
entre,1
adjustments,1
infusing,1
terms,1
ix,1
witness,1
papaloapan,1
course,1
resettlement,1
obsidiana,1
productive,1
subjugated,1
consequences,1
divided,1
gathering,1
stanchly,1
meet,1
reason,1
modified,1
discernible,1
finer,1
monumental,1
facilitated,1
soon,1
clearings,1
want,1
stand,1
hematite,1
praise,1
prehistory,1
females,1
consider,1
underdeveloped,1
posclásico,1
continuidad,1
itinerant,1
argues,1
emergence,1
sociocultural,1
linked,1
handled,1
iguana,1
section,1
informe,1
congregate,1
elevated,1
mayapan,1
impact,1
reexamination,1
restricted,1
reexamined,1
threat,1
truncation,1
benefited,1
orientation,1
fashioned,1
underwater,1
exploited,1
lithic,1
oi,1
follow,1
fagan,1
cemented,1
conquistador,1
shed,1
isolation,1
followed,1
undertaken,1
machetes,1
comprising,1
surge,1
baths,1
mortis,1
reconsideration,1
mix,1
ming,1
muerte,1
períodos,1
dominant,1
care,1
antecedents,1
dug,1
coincide,1
preference,1
management,1
drawing,1
cut,1
advocated,1
caches,1
ear,1
yard,1
artistic,1
charcoal,1
española,1
result,1
nicely,1
problem,1
mangos,1
came,1
rivals,1
ocelocalcao,1
chunks,1
underrepresented,1
concentration,1
abandoning,1
allow,1
plum,1
franciscans,1
portable,1
future,1
appearance,1
hands,1
search,1
attack,1
nistory,1
resembles,1
conspicuous,1
cacalchcn,1
outcrops,1
camneche,1
intentionality,1
fishing,1
altas,1
infrequent,1
austin,1
mistakenly,1
arched,1
tunich,1
survivors,1
ornaments,1
medicines,1
shoes,1
weights,1
pavements,1
expressions,1
term,1
companion,1
reptile,1
neighboring,1
traced,1
traits,1
subsisted,1
choices,1
circular,1
prismatic,1
hall,1
keywords,1
interconnectedness,1
appears,1
pitting,1
final,1
persons,1
venue,1
monzón,1
applied,1
intertwined,1
grounds,1
however,1
metals,1
siris,1
outlined,1
perform,1
refuge,1
axe,1
stews,1
compare,1
bow,1
wide,1
copal,1
drain,1
hicks,1
influenced,1
briefly,1
warriors,1
aspects,1
pigs,1
serpent,1
christianity,1
nichols,1
products,1
hog,1
bajas,1
unequal,1
differ,1
spheres,1
interface,1
charred,1
line,1
pompa,1
elisa,1
alcohol,1
introducción,1
dog,1
zoomorphic,1
douglas,1
designation,1
scatters,1
ditches,1
nuances,1
preferred,1
framed,1
protein,1
invisible,1
slabs,1
heavily,1
attacked,1
drew,1
purpose,1
discusses,1
rigor,1
evidencia,1
aged,1
estevan,1
gender,1
recientes,1
tip,1
locking,1
caching,1
migrated,1
campechana,1
precipitated,1
categories,1
buckets,1
northwest,1
obscured,1
cited,1
wells,1
relevance,1
inclusions,1
bat,1
propatrimonio,1
call,1
ethnohistoric,1
retaluleu,1
subdivide,1
rise,1
employed,1
realms,1
tecoh,1
fieldwork,1
preparation,1
revolve,1
anthrodoloev,1
interpreted,1
añil,1
horizon,1
enhances,1
paradigm,1
ethnicity,1
lithics,1
clearance,1
eccentric,1
thread,1
foci,1
earth,1
asymmetries,1
bibliographies,1
reoccupy,1
concentrates,1
wellconstructed,1
exemplary,1
reclaims,1
officials,1
optimal,1
habitations,1
harper,1
drums,1
basically,1
caused,1
below,1
useful,1
huexotla,1
shaping,1
revolution,1
hiding,1
involve,1
tempe,1
holes,1
independiente,1
trading,1
box,1
catholic,1
le,1
stiver,1
chiclero,1
melted,1
conquistadores,1
night,1
izalco,1
family,1
floodplain,1
interacción,1
concerns,1
knives,1
bottle,1
bridge,1
assimilate,1
arquitectura,1
transfer,1
industry,1
feraza,1
milagro,1
despues,1
dramatic,1
reside,1
alluvial,1
portions,1
diversified,1
guatemaltecos,1
differing,1
mixing,1
methodological,1
division,1
gridded,1
strontium,1
barely,1
indigena,1
seed,1
progress,1
flares,1
guns,1
tributary,1
morehart,1
estates,1
multicolored,1
joel,1
bananas,1
sampeck,1
value,1
newly,1
bloque,1
preliminary,1
quartzite,1
pot,1
iglesia,1
reducing,1
dictated,1
unidentifiable,1
uaxaca,1
avoid,1
contacted,1
smashed,1
nations,1
replacing,1
chronological,1
portion,1
llc,1
delve,1
perception,1
bedrock,1
kitchens,1
highlights,1
panoramic,1
noteworthy,1
role,1
evidencias,1
arrangement,1
trabajo,1
unshaped,1
saw,1
bringing,1
boards,1
polished,1
rope,1
gather,1
separation,1
materiales,1
incentives,1
hide,1
synthesis,1
surprisingly,1
subject,1
limited,1
representaciones,1
interiors,1
flowery,1
nearly,1
bowl,1
intensively,1
restall,1
formative,1
dwellings,1
expanded,1
interactions,1
railway,1
drilled,1
initially,1
rebellions,1
escaping,1
avian,1
relationship,1
label,1
percentage,1
xxi,1
guide,1
mexicanos,1
once,1
contributing,1
incursion,1
laminai,1
museum,1
fascinating,1
cambio,1
suited,1
represents,1
interment,1
natividad,1
accident,1
zabala,1
secuencia,1
counterparts,1
sex,1
ring,1
clergy,1
god,1
us,1
termination,1
nahuas,1
favorable,1
tortilla,1
oven,1
specimens,1
coeval,1
imitate,1
assimilation,1
fringes,1
home,1
enigmatic,1
indebted,1
illuminated,1
refine,1
every,1
nonindigenous,1
accelerated,1
wisconsin,1
confirmed,1
plastered,1
shallower,1
reliance,1
truncated,1
salinas,1
medallions,1
altos,1
sacked,1
declining,1
seated,1
airstrip,1
street,1
mepda,1
oral,1
fire,1
gain,1
ladinoization,1
peccaries,1
buttons,1
olivares,1
stronger,1
childhood,1
height,1
toward,1
academy,1
similarly,1
procured,1
safety,1
motifs,1
flat,1
tremendous,1
spear,1
yucatecos,1
ban,1
dissertations,1
cultivated,1
communal,1
anthrodoloeist,1
fact,1
locational,1
shows,1
outskirts,1
glazes,1
preserve,1
temples,1
xii,1
blocks,1
relates,1
copied,1
beliefs,1
depict,1
wine,1
abstract,1
coneta,1
scar,1
rebuilding,1
teeth,1
contradict,1
governed,1
diverse,1
nucleated,1
forging,1
grows,1
feasting,1
variation,1
program,1
fashion,1
hinges,1
enters,1
snail,1
convert,1
removal,1
chicken,1
honor,1
depopulation,1
anthropologist,1
never,1
reproductive,1
reconstructing,1
covered,1
threads,1
model,1
desde,1
tortillas,1
road,1
archaeobotanical,1
christianize,1
cobalt,1
empire,1
timing,1
income,1
mava,1
foreword,1
surveillance,1
hides,1
crisp,1
nx,1
por,1
norms,1
poles,1
nueva,1
frequency,1
conquer,1
tun,1
distance,1
threats,1
perros,1
railways,1
entrepreneurial,1
mill,1
website,1
candleholder,1
ecology,1
casting,1
chickens,1
wiewall,1
disappearance,1
aggregation,1
ine,1
technologies,1
greatest,1
xiii,1
electronic,1
encounter,1
explotación,1
discussion,1
heralded,1
invested,1
crudely,1
decimation,1
hnàhnudel,1
comprise,1
assemblages,1
discovery,1
completed,1
tipo,1
virgin,1
bear,1
catholicism,1
communidades,1
diferencias,1
killing,1
depended,1
contacts,1
collided,1
navajas,1
profesor,1
ruling,1
cenizas,1
sap,1
samples,1
asentamiento,1
skeletal,1
top,1
singlefamily,1
lemus,1
facades,1
entirely,1
columnar,1
enduring,1
combining,1
redistribution,1
rivers,1
emphasize,1
privileges,1
maria,1
origin,1
submitted,1
catalyst,1
hillslopes,1
karst,1
rare,1
variables,1
arboriculture,1
tehuantepec,1
examination,1
untaming,1
parque,1
congregation,1
eight,1
observed,1
california,1
chancel,1
shelter,1
described,1
lado,1
charge,1
negotiating,1
meanings,1
clear,1
reassessing,1
òaa,1
estuarine,1
adding,1
welcomed,1
arqueólogos,1
chocolate,1
zotz,1
superstructure,1
macal,1
straps,1
held,1
defense,1
citv,1
allowed,1
good,1
characterized,1
fiesta,1
huts,1
oland,1
skulls,1
sparsely,1
cache,1
filled,1
probable,1
running,1
dell,1
standard,1
excavating,1
cambios,1
quick,1
artificial,1
lighting,1
domed,1
intercommunity,1
izalcos,1
roofs,1
graves,1
facing,1
carelessly,1
literacy,1
tarascans,1
toledo,1
mining,1
parallel,1
evolutionary,1
coral,1
viewpoint,1
differently,1
craft,1
relation,1
narrow,1
combatants,1
roo,1
correlated,1
agave,1
plate,1
availability,1
artillería,1
yacimiento,1
wanted,1
southwest,1
pipe,1
gallardo,1
geography,1
carapace,1
foro,1
destruction,1
aproximación,1
anchored,1
responsibility,1
conquista,1
quarter,1
españoles,1
modifications,1
musket,1
hope,1
footings,1
arcnaeoiogy,1
reluctant,1
tardío,1
infants,1
contributes,1
indentured,1
bells,1
accepting,1
twelve,1
tests,1
assigned,1
routledee,1
expansionism,1
abundance,1
characteristics,1
flower,1
today,1
note,1
decomposed,1
succinctly,1
peonage,1
bake,1
independent,1
science,1
movements,1
figure,1
five,1
politis,1
predio,1
vision,1
rebelling,1
ojeda,1
importación,1
corrals,1
arrow,1
begin,1
conch,1
select,1
primarily,1
army,1
chinautla,1
directions,1
rethinking,1
vargas,1
force,1
clásico,1
población,1
addicted,1
requests,1
diaspora,1
cementerio,1
bermuda,1
consolidation,1
traveled,1
settled,1
politico,1
escuela,1
existed,1
philosophies,1
united,1
litica,1
enamel,1
lip,1
supporting,1
ceramico,1
instances,1
silliman,1
articles,1
shift,1
investigate,1
sociedad,1
seat,1
thick,1
rises,1
considered,1
anéeles,1
parroauia,1
undertook,1
alrededores,1
variable,1
deposited,1
heavy,1
caobal,1
lakeshore,1
indeterminate,1
civilizations,1
elaborate,1
ethnological,1
porcelains,1
colonists,1
pueblos,1
surround,1
patios,1
must,1
founded,1
ethnoarchaeology,1
complexes,1
asentamientos,1
demonstrate,1
attributes,1
wear,1
utilitaria,1
reinforced,1
extension,1
municipality,1
bush,1
slope,1
fluctuating,1
bronze,1
industria,1
temporal,1
palace,1
trenches,1
reconnaissance,1
intensely,1
doi,1
acquisitions,1
sciences,1
here,1
appreciation,1
satellite,1
cover,1
aztecs,1
estate,1
hardwood,1
berkeley,1
mass,1
apsidal,1
logging,1
intellectual,1
stem,1
extant,1
región,1
books,1
cm,1
lamp,1
jorge,1
pionero,1
authorities,1
believe,1
illnesses,1
unknown,1
accommodate,1
print,1
websites,1
brick,1
argue,1
hammer,1
intrusion,1
abdomen,1
report,1
iii,1
tojolabal,1
gareth,1
siglos,1
exhibits,1
relocate,1
bellicose,1
pebbles,1
plazas,1
edible,1
benefit,1
separating,1
cultivation,1
build,1
domesticated,1
lacandona,1
encompasses,1
stamped,1
expel,1
hamlets,1
necessitating,1
living,1
turned,1
conacultainstituto,1
ditch,1
researching,1
whereabouts,1
attesting,1
romero,1
surpluses,1
indios,1
lands,1
seals,1
spatial,1
volcanic,1
stability,1
offering,1
references,1
together,1
cause,1
relocations,1
barrios,1
males,1
violent,1
nascent,1
sus,1
artifactual,1
inputs,1
shortages,1
adaptation,1
dealing,1
chau,1
interpreting,1
densities,1
coyote,1
incised,1
prestige,1
extract,1
thousands,1
tariacuri,1
beristáin,1
account,1
pitted,1
chihuitan,1
imperial,1
property,1
u,1
minimal,1
telltale,1
scenarios,1
morales,1
adorned,1
port,1
size,1
cluster,1
latino,1
unbaptized,1
tiquibalón,1
bodies,1
varieties,1
porfirian,1
level,1
owner,1
bath,1
entrance,1
recognition,1
multiple,1
peace,1
reported,1
uncolonized,1
behaviors,1
prevalent,1
africans,1
centro,1
republic,1
november,1
xliv,1
predecessors,1
campeche,1
terrace,1
commodities,1
filling,1
obtain,1
souls,1
reconstruct,1
rotting,1
families,1
palms,1
wilderness,1
writing,1
goals,1
harrison,1
postcolonial,1
aguada,1
varied,1
crosscultural,1
come,1
shores,1
shards,1
cuadernos,1
formation,1
layers,1
ultimately,1
sistemas,1
locations,1
differentiation,1
fisica,1
austerity,1
ignored,1
decimated,1
trusted,1
decrease,1
lakam,1
camps,1
beyond,1
aware,1
origines,1
structuring,1
joined,1
fauna,1
étnico,1
usa,1
peninsular,1
sigio,1
green,1
physical,1
product,1
blasí,1
states,1
involving,1
earthen,1
wedges,1
colleagues,1
off,1
inequalities,1
philosophy,1
organ,1
tributaries,1
shells,1
madison,1
roughly,1
petén,1
reorganized,1
vertical,1
enclosed,1
nonhistorical,1
needs,1
deer,1
treats,1
territories,1
besides,1
sinkholes,1
cached,1
assumed,1
drying,1
interdisciplinary,1
quintana,1
marxist,1
opaque,1
cacalchén,1
reached,1
geographical,1
debate,1
norman,1
texts,1
exclusively,1
northwestern,1
dental,1
auxiliaries,1
impress,1
images,1
immediately,1
technological,1
cross,1
assists,1
histórico,1
southeastern,1
doing,1
devastated,1
mistaken,1
close,1
bury,1
major,1
occur,1
gourd,1
elucidation,1
mimics,1
gold,1
históricaarqueológica,1
