WORDCOUNTS,WEIGHT
the,1435
and,1342
of,1224
in,671
a,450
to,352
collapse,268
that,238
p,207
j,199
pp,187
is,161
as,158
change,134
or,129
university,128
on,117
et,107
al,97
climate,93
from,93
for,91
m,91
with,91
archaeology,89
by,88
s,87
c,86
it,85
e,84
human,82
d,82
l,81
cambridge,80
g,79
an,79
ancient,75
at,74
are,73
r,73
this,73
age,71
also,71
be,71
journal,70
was,67
not,67
t,64
environmental,63
social,63
maya,63
have,59
societies,58
new,58
bronze,57
some,56
late,56
archaeological,56
evidence,56
but,55
b,53
end,53
springer,52
archaeol,51
res,51
oxford,50
they,48
history,47
w,47
political,45
their,45
cultural,45
american,44
has,44
world,44
n,43
which,43
h,42
culture,40
were,40
may,38
been,38
past,38
civilization,37
review,36
population,36
climatic,36
what,36
research,35
classic,35
historical,35
complex,34
period,34
science,34
antiquity,34
states,34
other,33
such,33
changes,33
society,33
aegean,33
can,33
over,33
its,32
these,32
more,32
there,31
after,31
between,31
no,30
decline,30
i,29
k,29
fall,29
de,28
tiwanaku,28
often,28
ad,27
how,27
bc,27
different,27
eastern,26
ecological,26
into,25
state,25
events,25
mediterranean,25
many,25
number,25
crete,25
even,24
london,24
during,24
f,24
people,23
mycenaean,23
role,23
norse,22
time,22
see,22
both,22
system,21
case,21
century,21
â,21
settlement,21
greece,21
sciences,21
roman,21
did,21
studies,20
island,20
regeneration,20
while,20
southern,20
empire,20
study,20
minoan,20
early,20
eruption,19
since,19
had,19
earthquake,19
systems,19
dark,19
arizona,19
western,18
than,18
prehistory,18
use,18
rapa,18
civilizations,18
anthropology,18
global,18
question,18
drought,17
transformation,17
catastrophic,17
possible,16
geological,16
well,16
sites,16
used,16
around,16
about,16
less,16
material,16
ecology,16
perspectives,16
environment,16
effects,16
nature,15
narrative,15
response,15
prehistoric,15
could,15
issues,15
nui,15
would,15
sustainability,15
quaternary,15
although,15
last,14
within,14
catastrophes,14
term,14
when,14
notes,14
identified,14
demographic,14
others,14
who,14
itself,14
considered,14
associated,14
current,14
terms,14
suggests,14
terminal,14
mesoamerica,13
one,13
catastrophe,13
archaeologists,13
seems,13
van,13
rather,13
data,13
disaster,13
weiss,13
contact,13
indus,13
power,13
v,13
local,13
abandonment,13
complexity,13
explanations,13
cause,13
particular,13
theory,13
through,13
transition,13
north,13
recent,13
affected,12
holocene,12
impact,12
result,12
caused,12
earthquakes,12
place,12
rise,12
northern,12
we,12
destruction,12
widespread,12
event,12
natural,12
whether,12
later,11
suggested,11
agricultural,11
great,11
resilience,11
millennium,11
york,11
based,11
aftermath,11
applied,11
yoffee,11
because,11
suggest,11
questioning,11
interpretation,11
ages,11
elite,11
processes,11
greek,11
sometimes,11
greenland,11
anthropological,11
practice,11
institute,11
increased,11
little,11
societal,10
regional,10
those,10
central,10
kind,10
mesopotamian,10
latin,10
view,10
out,10
equally,10
near,10
aspects,10
ecocide,10
geology,10
loss,10
palaces,10
long,10
earth,10
periods,10
led,10
he,10
economic,10
ice,10
communities,10
only,10
fragmentation,10
academy,10
longer,10
contemporary,10
present,10
range,10
lake,10
causes,10
mexico,10
changing,10
very,10
tsunami,10
hypothesis,10
does,9
if,9
approaches,9
all,9
palatial,9
physical,9
iron,9
cases,9
easter,9
public,9
cores,9
companion,9
though,9
record,9
failure,9
scientific,9
abrupt,9
narratives,9
available,9
took,9
do,9
years,9
redman,9
region,9
problems,9
southwest,9
continued,9
centuries,9
indicate,9
school,9
must,9
akkadian,9
any,9
form,9
harappan,9
specific,9
valley,9
ca,9
given,8
now,8
identity,8
introduction,8
modern,8
occurred,8
before,8
lowlands,8
princeton,8
rome,8
being,8
first,8
papers,8
international,8
dynamic,8
egypt,8
his,8
process,8
evolution,8
empires,8
appear,8
handbook,8
mesopotamia,8
annual,8
visible,8
units,8
impacts,8
still,8
museum,8
us,8
water,8
areas,8
patterns,8
made,8
stress,8
times,8
interpretations,8
effect,8
la,8
note,8
andean,8
series,8
der,8
cultures,8
lm,8
urban,8
nj,8
sea,8
despite,8
formation,8
national,8
land,8
o,7
settlements,7
myth,7
sudden,7
walnut,7
contingent,7
together,7
conditions,7
take,7
ô,7
china,7
phase,7
due,7
nor,7
perspective,7
third,7
publications,7
landscape,7
notion,7
subsistence,7
similar,7
special,7
factors,7
most,7
dynastic,7
thera,7
future,7
apparent,7
approach,7
wider,7
press,7
yet,7
again,7
classical,7
collapses,7
another,7
emphasize,7
questions,7
clear,7
three,7
general,7
especially,7
diamond,7
primarily,7
why,7
then,7
palace,7
droughts,7
nur,7
identities,7
proceedings,7
catastrophism,7
potential,7
elites,7
much,7
should,7
tainter,6
final,6
medieval,6
groups,6
created,6
kinds,6
ways,6
taken,6
concepts,6
british,6
clearly,6
apply,6
hazards,6
mycenae,6
sediment,6
scales,6
consequences,6
experienced,6
resource,6
origins,6
beyond,6
followed,6
centers,6
mcanany,6
wari,6
kolata,6
among,6
part,6
postpalatial,6
field,6
discourse,6
up,6
maxwell,6
value,6
chronological,6
second,6
reduced,6
biological,6
neopalatial,6
chronology,6
demarest,6
two,6
williams,6
lack,6
aegaeum,6
idea,6
destructions,6
pacific,6
anthropologist,6
existing,6
perhaps,6
polities,6
discourses,6
postclassic,6
ö,6
food,6
numerous,6
features,6
adaptive,6
sociopolitical,6
hunt,6
ideology,6
face,6
erickson,6
ideological,6
cities,6
destroyed,6
degradation,6
edinburgh,6
peoples,6
became,6
determinism,6
paradigm,6
crisis,6
views,6
abandoned,6
focus,6
major,6
way,5
resulted,5
utility,5
agency,5
cycles,5
bahn,5
reconstructions,5
megadrought,5
asia,5
europe,5
resulting,5
linear,5
key,5
america,5
geophysical,5
economics,5
drews,5
west,5
point,5
resources,5
overshoot,5
severe,5
divine,5
mixed,5
adopted,5
santa,5
site,5
developed,5
lipo,5
webster,5
moquegua,5
consider,5
proposed,5
selective,5
islanders,5
explain,5
found,5
further,5
war,5
reviews,5
dynasty,5
scale,5
burgess,5
knossos,5
colonies,5
either,5
small,5
several,5
habitation,5
appropriate,5
south,5
various,5
collapsed,5
single,5
peiser,5
under,5
noted,5
shows,5
external,5
depopulation,5
model,5
shifts,5
argument,5
extended,5
examples,5
including,5
asian,5
factor,5
deforestation,5
dating,5
trade,5
coast,5
become,5
leroy,5
species,5
european,5
africa,5
independent,5
movements,5
cretan,5
becomes,5
instances,5
thinking,5
athens,5
simply,5
volcano,5
iii,5
fail,5
places,5
agriculture,5
rose,5
adaptation,5
dickinson,5
recognition,5
practices,5
variability,5
fagan,5
integrated,5
association,5
archaic,5
themselves,5
debate,5
create,5
bce,5
entities,4
currently,4
difficult,4
moai,4
represent,4
episodes,4
center,4
large,4
likely,4
méditerranée,4
policy,4
mainland,4
contested,4
experience,4
anthropogenic,4
explaining,4
neolithic,4
deterministic,4
implications,4
humans,4
sustainable,4
best,4
tradition,4
desire,4
lh,4
religion,4
precisely,4
raised,4
context,4
east,4
discuss,4
responses,4
activity,4
far,4
along,4
ponting,4
warfare,4
zhou,4
succeed,4
conflict,4
chaco,4
southwestern,4
development,4
seismic,4
interest,4
relatively,4
elements,4
profound,4
left,4
tend,4
messages,4
recognized,4
played,4
without,4
adapt,4
en,4
levels,4
mean,4
environments,4
tumilaca,4
connected,4
symbols,4
periodic,4
india,4
linked,4
terminology,4
decades,4
dc,4
identifying,4
kingship,4
basin,4
demise,4
archaeoseismology,4
manning,4
reasons,4
gill,4
wide,4
literature,4
teotihuacan,4
concept,4
example,4
reduction,4
related,4
describe,4
intermediate,4
reflect,4
researchers,4
regions,4
precipitation,4
preceded,4
least,4
punctuated,4
sense,4
successful,4
andes,4
involved,4
soil,4
few,4
choose,4
dependent,4
maladaptation,4
populations,4
islands,4
catastrophist,4
message,4
neither,4
middleton,4
same,4
shifting,4
lewis,4
french,4
heritage,4
mieroop,4
pharaonic,4
addition,4
fact,4
consideration,4
instability,4
really,4
debates,4
simple,4
never,4
ur,4
where,4
flenley,4
polis,4
until,4
necessary,4
native,4
violent,4
socioenvironmental,4
survive,4
significant,4
ideas,4
biblical,4
reality,4
andrews,4
language,4
health,4
individual,4
inuit,4
maison,4
assessing,4
anderson,4
ib,4
conquest,4
morris,4
engagement,4
increasing,4
santorini,4
back,4
today,4
provide,4
order,4
bulletin,4
seen,4
rethinking,4
massive,4
construction,4
analysis,4
supporting,4
constructed,4
mass,4
capital,4
argue,4
beginning,4
investigation,4
spatial,4
them,4
volcanic,4
cahokia,4
problem,4
middle,4
popular,4
multiple,4
unit,4
au,4
our,4
tell,4
entity,4
volume,4
smaller,4
colleagues,4
titicaca,4
occur,4
interests,3
reycraft,3
arctic,3
discredited,3
group,3
ma,3
constitutes,3
former,3
royal,3
presents,3
sources,3
served,3
connection,3
production,3
attempts,3
military,3
bork,3
rapid,3
words,3
definition,3
toppling,3
continue,3
agrarian,3
accompanied,3
confusion,3
indeed,3
timing,3
origin,3
disappearance,3
atlantic,3
integrate,3
visibility,3
depends,3
issue,3
wetter,3
capacity,3
incorporate,3
drastic,3
characterize,3
interdisciplinary,3
uncertain,3
cited,3
economies,3
zohar,3
hazard,3
exist,3
throughout,3
comments,3
reject,3
against,3
wrath,3
application,3
materially,3
excavations,3
resilient,3
mechanical,3
ecosystems,3
traditions,3
influence,3
authority,3
high,3
reflects,3
devastating,3
represented,3
importance,3
derived,3
parts,3
ongoing,3
supposed,3
support,3
affect,3
continuity,3
tectonics,3
restricted,3
upper,3
situations,3
show,3
peru,3
important,3
whereas,3
acceptable,3
harder,3
erosion,3
shared,3
chinese,3
understood,3
recently,3
cannot,3
malthusian,3
creates,3
syria,3
directly,3
work,3
inferred,3
already,3
psychological,3
civil,3
peraza,3
broad,3
survey,3
extinctions,3
polity,3
creating,3
proximate,3
mineral,3
concerns,3
highly,3
brought,3
presence,3
core,3
und,3
environmentally,3
lincoln,3
macdonald,3
nations,3
situation,3
palaeoecology,3
comparative,3
maher,3
play,3
reorganization,3
tropical,3
community,3
make,3
surviving,3
indicates,3
tends,3
profoundly,3
colonialist,3
represents,3
transformations,3
light,3
guatemala,3
demonstrates,3
wright,3
indian,3
insights,3
declining,3
challenge,3
unsustainable,3
toward,3
death,3
causality,3
diverse,3
petexbatun,3
geography,3
exacerbated,3
homer,3
project,3
books,3
driessen,3
degree,3
demonstrated,3
possehl,3
divided,3
link,3
explanation,3
active,3
israel,3
sixth,3
warming,3
empirical,3
ethnic,3
trend,3
sees,3
theories,3
meanings,3
authors,3
damage,3
bruins,3
architectural,3
like,3
kingdom,3
disasters,3
rainbird,3
reuse,3
oxbow,3
article,3
examine,3
controversial,3
anatolia,3
widely,3
fails,3
genesis,3
raise,3
chichancanab,3
usually,3
types,3
means,3
recognize,3
united,3
forest,3
claims,3
rarely,3
asie,3
incorporated,3
struck,3
word,3
here,3
smithsonian,3
share,3
leaders,3
quelccaya,3
returns,3
quintana,3
thompson,3
mieth,3
according,3
ones,3
accounts,3
laguna,3
thames,3
imperial,3
almost,3
too,3
des,3
bodies,3
level,3
circumstances,3
uic,3
die,3
administration,3
results,3
phenomenon,3
civilizational,3
ultimately,3
disappear,3
calaway,3
trauma,3
bawden,3
lawler,3
specialists,3
disruption,3
area,3
tiryns,3
assumed,3
era,3
partial,3
interaction,3
traditional,3
gulf,3
uk,3
observed,3
khaldun,2
survived,2
ending,2
reaktion,2
oriented,2
common,2
rev,2
euboean,2
epidemics,2
contribution,2
zettler,2
fates,2
janusek,2
changed,2
forcing,2
identify,2
prime,2
assyriologie,2
maize,2
stone,2
better,2
tied,2
acceptance,2
necessarily,2
refers,2
scientist,2
hib,2
uses,2
contexts,2
disputed,2
rising,2
upland,2
mitrou,2
pringle,2
chaos,2
might,2
attempt,2
script,2
neocatastrophism,2
hittite,2
paysages,2
mapungubwe,2
zeitschrift,2
suggesting,2
boer,2
able,2
vanishing,2
mississippi,2
court,2
feature,2
vegetation,2
nm,2
cannibalism,2
emphasized,2
marine,2
dincauze,2
mills,2
she,2
realignments,2
empty,2
courty,2
autonomous,2
task,2
inca,2
primary,2
u,2
demography,2
tenth,2
solving,2
account,2
vol,2
politics,2
integrating,2
securely,2
driver,2
obvious,2
whatever,2
taking,2
extends,2
regards,2
reconstruction,2
provoked,2
deities,2
identifies,2
wallace,2
benefit,2
canyon,2
li,2
relies,2
civilisations,2
thus,2
oaxaca,2
chapters,2
includes,2
actual,2
relationships,2
explained,2
dynamics,2
killed,2
neighbors,2
glacier,2
contributors,2
raises,2
occurs,2
adams,2
tucson,2
encyclopedia,2
fischer,2
unity,2
sanders,2
old,2
ct,2
blame,2
evident,2
output,2
akademie,2
dates,2
biogeography,2
für,2
drives,2
misleading,2
find,2
chichén,2
look,2
critique,2
climates,2
paleoecological,2
competitive,2
higher,2
opposed,2
americans,2
town,2
identification,2
hodell,2
destroy,2
main,2
across,2
burroughs,2
edward,2
basic,2
reference,2
coastal,2
presentation,2
opportunity,2
risk,2
associate,2
earlier,2
monsoon,2
appears,2
humanity,2
certain,2
direct,2
productive,2
animals,2
update,2
reason,2
recherches,2
susceptibility,2
perceptions,2
possibly,2
river,2
proche,2
ideologies,2
numbers,2
masson,2
northeastern,2
profile,2
four,2
albuquerque,2
generally,2
requires,2
permanent,2
endemic,2
lynnerup,2
strategy,2
providing,2
myths,2
conflicts,2
lefkandi,2
valleys,2
theft,2
lead,2
whom,2
carrying,2
devastation,2
traditionally,2
explanatory,2
access,2
sequel,2
verlag,2
ambiguity,2
seven,2
lived,2
adaptability,2
vulnerability,2
deal,2
owen,2
mesoamerican,2
dislocation,2
mcgovern,2
österreichischen,2
embedded,2
academic,2
fourth,2
aryan,2
hall,2
suffered,2
centrale,2
required,2
aridity,2
networks,2
method,2
kirch,2
arab,2
nichols,2
none,2
adaptations,2
paleoenvironmental,2
y,2
journals,2
archaeologist,2
writers,2
heart,2
characterization,2
discusses,2
explains,2
competing,2
indigenous,2
fluctuations,2
woodland,2
staubwasser,2
whole,2
established,2
overview,2
partly,2
actually,2
falling,2
binding,2
sherratt,2
forces,2
focuses,2
away,2
millenium,2
folklore,2
hindsight,2
longterm,2
helladic,2
organized,2
thirteenth,2
responsibility,2
revolution,2
involve,2
resolving,2
civilisation,2
peruvian,2
le,2
bryce,2
cowgill,2
eighth,2
reported,2
suddenly,2
boundaries,2
characterizes,2
salinization,2
pseudoarchaeology,2
describes,2
provided,2
seemed,2
catto,2
bassin,2
will,2
england,2
highlights,2
onset,2
variety,2
letters,2
chase,2
lesser,2
britain,2
short,2
gradual,2
revival,2
yucatan,2
reinterpreted,2
return,2
allen,2
fossil,2
plagues,2
outmigration,2
interactions,2
experiences,2
liège,2
positive,2
southeast,2
applications,2
negron,2
once,2
continuation,2
competition,2
edited,2
violence,2
examined,2
security,2
herodotus,2
marginal,2
happened,2
thought,2
fifth,2
god,2
perceived,2
lowland,2
masse,2
promotes,2
every,2
ed,2
bradley,2
increasingly,2
bar,2
inference,2
worst,2
inhabitants,2
successfully,2
discussions,2
houston,2
habur,2
similarly,2
towns,2
efforts,2
coincidence,2
scholars,2
pressure,2
travaux,2
undertheorized,2
doubt,2
discussed,2
serious,2
fragments,2
centre,2
increases,2
anciens,2
systematic,2
unclear,2
strategies,2
council,2
deep,2
rich,2
simplicity,2
survival,2
brak,2
lemos,2
paleoclimatic,2
wood,2
pleistocene,2
day,2
remained,2
responded,2
independence,2
status,2
understanding,2
behaviors,2
exploring,2
situated,2
lost,2
considering,2
background,2
matthews,2
desert,2
bronson,2
mayewski,2
kennet,2
contacts,2
concern,2
hypotheses,2
largely,2
misrepresents,2
neumann,2
variation,2
archéologique,2
cycling,2
rare,2
real,2
nothing,2
individuals,2
radiocarbon,2
full,2
previous,2
theoretical,2
roberts,2
rejected,2
anasazi,2
significance,2
crises,2
poleis,2
evidently,2
held,2
emergy,2
allowed,2
characterized,2
spread,2
inventing,2
rulers,2
static,2
ended,2
practiced,2
tsonis,2
came,2
forms,2
faith,2
evolutionary,2
glenn,2
assigning,2
potnia,2
kuniholm,2
saw,2
anomaly,2
attention,2
solar,2
defensible,2
relationship,2
delhi,2
zambezian,2
schoep,2
obscures,2
fully,2
barbarians,2
success,2
relations,2
yale,2
worse,2
dynamism,2
dans,2
existed,2
inferior,2
opuscula,2
misleads,2
fields,2
silliman,2
imperialism,2
problematic,2
chen,2
conservation,2
meant,2
stable,2
forests,2
bam,2
wars,2
magnitude,2
judgments,2
comes,2
conclusion,2
tensions,2
demonstrate,2
continues,2
extension,2
supported,2
maladaptive,2
offers,2
alternative,2
proof,2
each,2
frequency,2
chacoan,2
paper,2
limited,2
migration,2
exploration,2
nevertheless,2
down,2
half,2
universal,2
prone,2
eventually,2
foundation,2
particularly,2
hassan,2
nouvelles,2
twelfth,2
reflected,2
buffered,2
explicitly,2
rural,2
works,2
scholarly,2
jean,2
unlikely,2
economy,2
communicate,2
combined,2
reactions,2
implicit,2
stability,2
making,2
austrian,2
storm,2
wake,2
shortages,2
extent,2
require,2
migrations,2
signify,2
size,2
affecting,2
introduced,2
city,2
african,2
subject,2
happens,2
colonial,2
challenges,2
maintained,2
snow,2
langohr,2
detect,2
varied,2
ibn,2
belize,2
models,2
istanbul,2
invasion,2
generate,2
finding,2
decrease,2
protohistoric,2
jared,2
offer,2
salt,2
define,2
building,2
socially,2
oriental,2
need,2
sur,2
unified,2
heartland,2
integration,2
involving,2
defined,2
diaspora,2
stroud,2
remains,2
shift,2
comparison,2
needs,2
mystery,2
haiti,2
rejection,2
deposits,2
cline,2
deposition,2
pakistan,2
avoid,2
unpredictable,1
stateless,1
desirable,1
resolve,1
tokyo,1
go,1
paleoenvironment,1
huntington,1
forested,1
marro,1
synchronisation,1
tomkins,1
appropriation,1
done,1
revisionist,1
replacing,1
paleoclimatologists,1
child,1
deny,1
metal,1
limits,1
prefer,1
convergence,1
edge,1
integrative,1
imagining,1
humaines,1
destroying,1
threat,1
avoiding,1
concerned,1
meaning,1
altamira,1
speculum,1
santley,1
retrofitting,1
vienna,1
scholar,1
wonder,1
winds,1
peaceful,1
cradle,1
reconsidered,1
tuscaloosa,1
extend,1
asleep,1
fleming,1
revolutionary,1
determine,1
chichen,1
cut,1
indie,1
dissolution,1
ambraseys,1
francou,1
alone,1
epidemic,1
nato,1
poorer,1
ultimate,1
fragmented,1
evans,1
pushed,1
defenses,1
systemic,1
buckland,1
outweighed,1
lapsed,1
contemporaneous,1
basileis,1
boca,1
drier,1
judged,1
perpetuate,1
lahore,1
postdated,1
heiken,1
confidence,1
multifaceted,1
constructive,1
reassessment,1
masonry,1
precede,1
cooling,1
linkages,1
formed,1
informative,1
live,1
library,1
usefully,1
sets,1
mexican,1
strictly,1
peaks,1
criticizes,1
walker,1
turchin,1
easily,1
mit,1
driftwood,1
han,1
honduras,1
monolithic,1
boulder,1
odyssey,1
considerations,1
greater,1
plunket,1
protection,1
seem,1
position,1
stiros,1
resurgence,1
equated,1
issar,1
virtually,1
unlike,1
replicate,1
total,1
tells,1
robinson,1
fragile,1
pandemic,1
bp,1
profundity,1
mortality,1
buffer,1
lukumurta,1
symptoms,1
mimbres,1
du,1
character,1
themes,1
cotsen,1
shelmerdine,1
reemergence,1
roli,1
highlight,1
clarifying,1
round,1
oceania,1
anything,1
discordant,1
disputing,1
kenoyer,1
undermine,1
children,1
mackil,1
atheniensia,1
supposedly,1
baul,1
creation,1
stiebing,1
unexpected,1
hittites,1
originally,1
catas,1
historians,1
culturally,1
motivations,1
enables,1
address,1
astronomical,1
darkness,1
straightforwardly,1
unpredictably,1
promoting,1
seismological,1
accompany,1
rational,1
stretch,1
advanced,1
buletinul,1
hark,1
drivers,1
diseases,1
contrarian,1
pollen,1
heated,1
comparatively,1
shaped,1
principles,1
archaeologically,1
scientists,1
leading,1
blown,1
pichler,1
metamorphosed,1
conceptualized,1
highland,1
appearance,1
thank,1
right,1
differences,1
farmers,1
potentially,1
exceptionally,1
periodisation,1
follows,1
rule,1
aesthetic,1
plunging,1
closer,1
hundred,1
footsteps,1
cohesion,1
renfrew,1
annick,1
grip,1
reproduction,1
nationalism,1
subsequent,1
help,1
fresh,1
embrace,1
cerro,1
perish,1
roots,1
relocation,1
petty,1
loose,1
date,1
respond,1
influences,1
milbraith,1
situ,1
dangers,1
ambio,1
normal,1
faulting,1
decreased,1
headings,1
alabama,1
discrete,1
ambiguous,1
medinet,1
declines,1
surveys,1
byzantium,1
confused,1
motivated,1
questionnaire,1
worldwide,1
el,1
distress,1
majority,1
explosive,1
triggered,1
minoura,1
acknowledged,1
bloedow,1
depending,1
ascribed,1
existence,1
suspect,1
moisture,1
mortal,1
plain,1
philological,1
recorded,1
assyria,1
stretched,1
mccoy,1
component,1
objectives,1
adopts,1
causation,1
bones,1
iv,1
ventures,1
victims,1
presses,1
honolulu,1
climatique,1
retain,1
cercurilor,1
englesdorp,1
wilcox,1
determined,1
silt,1
stance,1
prehispanic,1
interaktion,1
slight,1
object,1
adopting,1
toronto,1
loads,1
impacted,1
literary,1
bibliography,1
apocalyptic,1
fine,1
reconsidering,1
desired,1
say,1
powell,1
tablets,1
naturewissenschafien,1
classics,1
boydell,1
wossink,1
experiencing,1
ceramics,1
milder,1
representing,1
zimbabwe,1
renewable,1
precipitous,1
explorer,1
zhang,1
moral,1
roggeveen,1
zone,1
unrecorded,1
letter,1
ando,1
prevented,1
engage,1
moralizing,1
desertion,1
prejudice,1
poster,1
overlaps,1
behavior,1
pollock,1
higherstatus,1
localized,1
diversity,1
mid,1
usage,1
egalitarianism,1
extinct,1
lahiri,1
vides,1
million,1
mc,1
dommelen,1
clearcut,1
paleopathological,1
dependence,1
fur,1
surely,1
reused,1
historically,1
erection,1
weakened,1
modify,1
campbell,1
difficulties,1
blast,1
archipelago,1
wellknown,1
run,1
medical,1
adapting,1
illustrates,1
bailey,1
visited,1
pursuit,1
initially,1
curse,1
assumes,1
backdrop,1
tigris,1
scarce,1
danube,1
reflection,1
destabilized,1
regarded,1
megadroughts,1
hawaii,1
lasts,1
catholique,1
motyl,1
friedman,1
participating,1
cf,1
discover,1
realization,1
commencing,1
pacajes,1
pay,1
sample,1
resistance,1
synchronisms,1
premodern,1
arena,1
z,1
get,1
progressive,1
estimates,1
canoes,1
unsatisfactory,1
drainage,1
distinct,1
oman,1
suddenness,1
paleoclimatology,1
mike,1
geller,1
shaughnessy,1
université,1
clustering,1
paleodiet,1
uncontroversial,1
vom,1
concerning,1
mcc,1
convincing,1
amount,1
pierre,1
causing,1
revisited,1
moortel,1
columbia,1
concert,1
justifiable,1
generated,1
fate,1
assertive,1
pure,1
compare,1
stratigraphie,1
committing,1
bonds,1
storage,1
revised,1
kelly,1
drawn,1
ugarit,1
stimulating,1
communication,1
spite,1
dry,1
boom,1
demonstration,1
propositions,1
qin,1
sun,1
weave,1
simplistic,1
terror,1
jones,1
generation,1
weakness,1
transactions,1
acknowledge,1
dust,1
rates,1
bubonic,1
unfortunate,1
error,1
paralleling,1
react,1
festschrift,1
confusions,1
selectively,1
janssen,1
phases,1
aim,1
media,1
seventh,1
alexandria,1
interesting,1
betrays,1
manipulated,1
whose,1
ka,1
rw,1
polarization,1
air,1
humanitarian,1
expected,1
ammianus,1
reeds,1
bring,1
growth,1
stricter,1
arising,1
generations,1
blames,1
palaeocli,1
mountain,1
desertification,1
conflation,1
explicit,1
culminating,1
holistic,1
remote,1
di,1
johannes,1
politicaleconomic,1
overwhelm,1
interruption,1
survives,1
vs,1
renger,1
rats,1
winona,1
storms,1
persistent,1
supplement,1
shang,1
balikh,1
iako,1
loseby,1
serial,1
doubted,1
disintegration,1
assuming,1
makes,1
enabled,1
cooking,1
distant,1
scarborough,1
burials,1
pal,1
panarchy,1
greca,1
von,1
crise,1
palaestina,1
titanium,1
tuxtla,1
karkamish,1
acadèmia,1
moyer,1
monuments,1
understand,1
él,1
warring,1
hawkins,1
acquisition,1
developments,1
monumentalism,1
protopalatial,1
monumental,1
facilitated,1
ensure,1
adopt,1
latter,1
costanza,1
divergences,1
dichotomy,1
ramsey,1
entry,1
sorts,1
colonialism,1
seas,1
tsunamis,1
descent,1
hydroclimatic,1
inomata,1
emergence,1
berry,1
abuses,1
presumably,1
intrinsically,1
driven,1
days,1
portrays,1
noticeable,1
mayapan,1
gradually,1
germane,1
downs,1
characterizations,1
pragmatism,1
vitality,1
frequently,1
observations,1
met,1
maintain,1
periodically,1
abridged,1
retrospective,1
secondo,1
commonly,1
uruñuela,1
vapor,1
ups,1
shorter,1
confuse,1
surface,1
passed,1
inconsistencies,1
defines,1
notions,1
undertaken,1
always,1
aporia,1
reconsideration,1
mix,1
utah,1
answers,1
multidecadal,1
internal,1
dominant,1
helped,1
overexploitation,1
opinion,1
warmer,1
isotopes,1
ceased,1
management,1
climatically,1
trajectories,1
methodology,1
nebraska,1
disappeared,1
iconography,1
irrigation,1
union,1
levant,1
descriptive,1
ranges,1
overpopulation,1
raw,1
moving,1
standards,1
my,1
lieu,1
vedic,1
chronologie,1
svensen,1
encourage,1
mefite,1
agenda,1
blamed,1
declined,1
adoption,1
commoner,1
conflates,1
wardperkins,1
six,1
histories,1
hypothetical,1
faunal,1
search,1
called,1
typical,1
puebloan,1
chopped,1
foreground,1
galaty,1
periodization,1
stretches,1
balancing,1
changement,1
relate,1
depletion,1
eu,1
ago,1
viking,1
commoners,1
isotope,1
brill,1
constantly,1
philosophical,1
thrall,1
correlates,1
im,1
glacial,1
expressions,1
guise,1
preston,1
neighboring,1
occupation,1
nobles,1
berglund,1
caves,1
mainly,1
hinterland,1
emporia,1
keywords,1
hattusa,1
knossian,1
fascinations,1
burial,1
tools,1
viewed,1
ablation,1
produced,1
osmore,1
dispersal,1
biases,1
gilded,1
hemorrhagic,1
younger,1
exhaustion,1
otherwise,1
energy,1
toppled,1
denied,1
revision,1
occidentale,1
tension,1
popularized,1
rainforest,1
oligarchical,1
absolute,1
abandonments,1
approached,1
facilities,1
dumbarton,1
smoothing,1
misrepresented,1
corners,1
paleopathology,1
poor,1
brooks,1
jawf,1
memory,1
coped,1
scripta,1
ecocidal,1
shape,1
onus,1
refracted,1
gibbon,1
learn,1
bound,1
lope,1
etna,1
degrees,1
cuicuilco,1
mapped,1
egalitarian,1
mandatory,1
formerly,1
planning,1
viability,1
overviews,1
schiettecatte,1
skeletons,1
received,1
fraser,1
institut,1
strict,1
carry,1
del,1
greenlanders,1
imagined,1
simplification,1
prominent,1
halvard,1
mesopotamie,1
knowledge,1
luce,1
tombs,1
clearer,1
symbolism,1
punta,1
thoughts,1
positions,1
routinely,1
elizabeth,1
lokris,1
marquesan,1
bible,1
kindly,1
tale,1
fit,1
palynology,1
kiva,1
millions,1
brunt,1
extensive,1
mcneil,1
accidental,1
records,1
pulsing,1
regiae,1
relevance,1
dense,1
savannah,1
rocked,1
structures,1
runs,1
statistics,1
pan,1
rallying,1
kilian,1
midwestern,1
mathematical,1
apparently,1
koedoe,1
schwartz,1
deurbanization,1
employed,1
overseas,1
subfield,1
reconstructing,1
disruptions,1
stanford,1
artifact,1
interpreted,1
breakdown,1
withstand,1
universally,1
own,1
currents,1
archeology,1
ali,1
attributed,1
redistribution,1
cults,1
urteil,1
redistributed,1
citing,1
ren,1
good,1
published,1
interregional,1
los,1
indicator,1
upheavals,1
succesful,1
presented,1
pottery,1
working,1
michalowski,1
deity,1
questionable,1
tom,1
buildings,1
shaping,1
reinforces,1
panel,1
citadel,1
grew,1
indicators,1
practising,1
bone,1
undetectable,1
ecodisaster,1
strukturen,1
cope,1
ortloff,1
emphasizes,1
assemble,1
excavation,1
quite,1
routes,1
bmc,1
arbitrary,1
orient,1
perished,1
specifically,1
heat,1
contingency,1
palaeodemography,1
mitchell,1
palaeoclimatic,1
began,1
transport,1
vince,1
preucel,1
driving,1
burdensome,1
munich,1
nissenbaum,1
fierce,1
bolton,1
gruppo,1
temporary,1
industry,1
comfort,1
certainly,1
dramatic,1
peak,1
distinguished,1
usual,1
conceptually,1
differing,1
telling,1
impossible,1
altogether,1
cretans,1
managed,1
inability,1
madella,1
progress,1
marcacocha,1
productivity,1
philistines,1
timely,1
projections,1
palgrave,1
rowman,1
geographies,1
cycle,1
plausible,1
florida,1
revisiting,1
paphlagonia,1
newly,1
labelled,1
grateful,1
preliminary,1
finds,1
francais,1
am,1
coincidences,1
ninth,1
gordon,1
katari,1
schaeffer,1
wende,1
input,1
silberman,1
editoriale,1
transforming,1
pyle,1
meaningfully,1
eternal,1
nagar,1
llc,1
critical,1
perception,1
therefore,1
simon,1
typified,1
ii,1
connectivity,1
objectively,1
inhabit,1
proxy,1
koani,1
higham,1
reductions,1
rey,1
hegemony,1
matter,1
shimada,1
vanderbilt,1
punic,1
summarize,1
functioning,1
palaikastro,1
action,1
incorrect,1
anguish,1
synthesis,1
expansion,1
türk,1
sinopoli,1
linden,1
easty,1
tartaron,1
benson,1
receptive,1
horrors,1
onward,1
revolt,1
brief,1
yields,1
framing,1
mediating,1
posed,1
upward,1
tortorici,1
mystique,1
wh,1
judgment,1
intervention,1
assyrian,1
domination,1
standing,1
mycenean,1
wind,1
ramesses,1
unfamiliar,1
surveyed,1
hold,1
iannone,1
decisions,1
rollers,1
structural,1
year,1
terra,1
verde,1
apocalypse,1
contributing,1
hayashida,1
flux,1
fevers,1
chr,1
criticism,1
relied,1
usages,1
gunderson,1
floods,1
q,1
oasis,1
opportunities,1
revealed,1
repressive,1
coverage,1
misunderstand,1
alongside,1
acknowledgments,1
exactly,1
soon,1
hegemonic,1
partition,1
predecessor,1
seeing,1
technology,1
lump,1
ia,1
populated,1
disastrous,1
termination,1
manzanilla,1
differentiate,1
northwest,1
ands,1
carioco,1
tn,1
mellen,1
participants,1
included,1
une,1
extinction,1
rystedt,1
rightly,1
hesperia,1
complete,1
shock,1
abandon,1
reial,1
ottobre,1
ipcc,1
died,1
inferences,1
auflosung,1
naval,1
rape,1
exodus,1
gary,1
sociohistorical,1
unusually,1
beginnings,1
climatalogical,1
situates,1
inheritance,1
spanishamerican,1
memorie,1
picture,1
considers,1
subjective,1
ceramic,1
asynchronous,1
nova,1
wickham,1
fruitful,1
disappearing,1
members,1
organizations,1
resolution,1
kultureller,1
kulturen,1
centralizing,1
law,1
book,1
hellenization,1
metaphysical,1
stated,1
inflexible,1
jane,1
palm,1
mark,1
denning,1
purely,1
californian,1
thresholds,1
chance,1
added,1
lovell,1
smith,1
release,1
signified,1
barber,1
paulson,1
stimulus,1
joyce,1
modelski,1
parpóla,1
diminishing,1
troubled,1
valid,1
religious,1
fundamental,1
haute,1
soviet,1
temples,1
occurrence,1
oversimplifications,1
recurrent,1
britons,1
pastoralism,1
epidemiology,1
predominant,1
agree,1
appeared,1
documents,1
match,1
abstract,1
admissible,1
mann,1
crop,1
rubertone,1
eruptions,1
rebuilding,1
striving,1
reasoning,1
parting,1
behringer,1
richer,1
environmentalist,1
xitle,1
fallen,1
reductionist,1
atmospheres,1
narrativized,1
everything,1
covey,1
jung,1
identical,1
unburied,1
ionian,1
unsurprisingly,1
charges,1
fashion,1
multiregional,1
pattern,1
man,1
sumerian,1
utilize,1
perati,1
ruler,1
jahrtausend,1
sedes,1
disseminate,1
outside,1
comprehensive,1
renegotiation,1
remarkable,1
polynesia,1
cambodia,1
manner,1
flooded,1
moche,1
continuing,1
palaeobotany,1
accepted,1
vulnerable,1
mäher,1
shown,1
choice,1
venezuela,1
mrozowski,1
colony,1
laden,1
enigmas,1
focusing,1
japan,1
louvain,1
paperback,1
chronologically,1
pendergast,1
socialization,1
tolerating,1
iiic,1
chalcolithic,1
grave,1
gives,1
admittedly,1
acquire,1
compete,1
borne,1
identifiable,1
mcguire,1
reminds,1
bogazkoy,1
vegetational,1
representations,1
lofty,1
reveals,1
synchrony,1
associates,1
vast,1
supplies,1
rio,1
disease,1
skepticism,1
orienting,1
stronger,1
assemblages,1
discovery,1
upon,1
farming,1
chania,1
potemkin,1
legitimation,1
mata,1
resetting,1
formal,1
miscommunication,1
transformed,1
conceivable,1
demenocal,1
impeding,1
previously,1
increase,1
archaeologies,1
judge,1
template,1
warrior,1
medium,1
regionalized,1
cobos,1
bust,1
heath,1
haedo,1
skeptical,1
turbulent,1
clouded,1
assumption,1
francis,1
privileges,1
mississippians,1
maria,1
educating,1
products,1
harvard,1
bilimleri,1
assign,1
discontinuity,1
eden,1
lasted,1
amplitude,1
twentyfirst,1
raising,1
cred,1
imagery,1
cataclysmic,1
considerable,1
islandwide,1
california,1
synthetic,1
veen,1
posnansky,1
displacing,1
büntgen,1
disproved,1
homeric,1
scheffer,1
landscapes,1
zahou,1
roo,1
equates,1
historic,1
styles,1
emphasizing,1
worrying,1
posttiwanaku,1
sensitivity,1
publication,1
hallager,1
outlast,1
urbanism,1
bayesian,1
internazionale,1
laid,1
peter,1
interpret,1
co,1
conception,1
siverstein,1
counter,1
mississippian,1
resultant,1
symposium,1
eder,1
divisions,1
powerful,1
reviewers,1
zealand,1
ny,1
tone,1
so,1
bowersock,1
sparsely,1
reconstructed,1
mask,1
stresses,1
stages,1
lie,1
administrative,1
configurations,1
regenerating,1
oscillating,1
epoch,1
improved,1
prolonged,1
kyr,1
segment,1
rogge,1
construct,1
thornton,1
life,1
repeated,1
class,1
jubaea,1
finite,1
decide,1
aegeans,1
lively,1
sparta,1
grown,1
comparing,1
regionalism,1
incapable,1
parallel,1
methods,1
insect,1
editors,1
craft,1
relation,1
insularity,1
coombes,1
tree,1
greatly,1
orlové,1
tectonophysics,1
danger,1
neodeterminism,1
supraregional,1
crc,1
blackbirding,1
sacred,1
attendant,1
plate,1
january,1
confusing,1
wills,1
epiclassic,1
woes,1
seeking,1
probably,1
babylonia,1
statue,1
white,1
story,1
dominance,1
blood,1
italy,1
looked,1
below,1
wells,1
incontrovertible,1
macmillan,1
versus,1
invented,1
uncertainties,1
institution,1
famine,1
deagan,1
kealhofer,1
quarterly,1
evaluated,1
marinatos,1
sims,1
theorize,1
investigations,1
concluded,1
concerted,1
protogeometric,1
references,1
rallu,1
farm,1
palaeoenvironments,1
regained,1
implicitly,1
enough,1
things,1
asking,1
unstable,1
front,1
buffering,1
extremes,1
topography,1
dunning,1
imply,1
modification,1
surpassed,1
me,1
characteristics,1
undergoes,1
tentative,1
interdependent,1
troisième,1
volcanism,1
george,1
monaco,1
crucial,1
institutions,1
linda,1
five,1
outsiders,1
testing,1
sole,1
suspected,1
imperatives,1
vague,1
wandel,1
qualifies,1
vuille,1
croisés,1
deteriorating,1
discard,1
muzeologie,1
disagreements,1
gomorrah,1
army,1
zovar,1
concluding,1
overstretched,1
strongly,1
aridification,1
soundly,1
render,1
lives,1
nunn,1
macroand,1
suggestions,1
relevant,1
whereby,1
category,1
halved,1
paradigmatic,1
returned,1
settled,1
citizenship,1
successor,1
responsible,1
christie,1
unsurprising,1
interconnected,1
surprising,1
popocatepetl,1
dead,1
kings,1
education,1
centres,1
commemoration,1
kingdoms,1
urbanization,1
croises,1
months,1
exists,1
aboriginal,1
mechanismen,1
gonzalez,1
saras,1
worlds,1
arts,1
nuancing,1
bigger,1
interpretive,1
paying,1
grounded,1
earliest,1
biology,1
nipaatsoq,1
matters,1
addressed,1
genocide,1
side,1
enigma,1
multidisciplinary,1
atheniensis,1
reciprocal,1
popham,1
shadow,1
storia,1
geoscience,1
mediterranea,1
undervalues,1
singular,1
growing,1
bellicose,1
dispersed,1
downscaling,1
underpinned,1
regenerations,1
version,1
intensification,1
grand,1
laminated,1
spanish,1
founded,1
geographic,1
constituted,1
wheit,1
economically,1
puma,1
damaging,1
reinforced,1
symbolic,1
bioarchaeological,1
known,1
neighbouring,1
barbarism,1
optimistically,1
orlóve,1
bladed,1
temporal,1
eskiçag,1
occurrences,1
md,1
pampa,1
doi,1
cooled,1
obsolescence,1
geoarchaeology,1
set,1
colorado,1
novelties,1
collocates,1
feelings,1
reiches,1
easy,1
ran,1
favorably,1
mutually,1
intellectual,1
colonization,1
control,1
rainfall,1
country,1
iiib,1
worth,1
interested,1
agroecological,1
mcmenamin,1
lagoon,1
alexander,1
collapsing,1
straightforward,1
gosden,1
cyclical,1
eclipse,1
dated,1
ensuing,1
regaining,1
stiintifice,1
vibrant,1
attacking,1
reliability,1
plague,1
guy,1
volcanoes,1
mcdonald,1
polynesian,1
sustaining,1
rely,1
massachusetts,1
equilibrium,1
written,1
constant,1
free,1
las,1
placing,1
accepts,1
disputes,1
living,1
type,1
february,1
oliver,1
postcolonial,1
merely,1
reify,1
turned,1
hint,1
qualitatively,1
following,1
clarity,1
purported,1
noise,1
fin,1
munuscula,1
integrates,1
suffering,1
aftereffects,1
realities,1
dodecanese,1
fuller,1
fluidity,1
reign,1
month,1
abruptness,1
selected,1
larger,1
plants,1
rempel,1
imposed,1
academia,1
cyclades,1
anatoliennes,1
civilized,1
leilan,1
popularists,1
climatological,1
seasonal,1
condemn,1
unrest,1
leaving,1
reminder,1
consisting,1
goldsworthy,1
illustrated,1
sidelight,1
her,1
getting,1
istorie,1
foundations,1
indications,1
array,1
bureaucratic,1
studying,1
floats,1
mechanistic,1
guesswork,1
textual,1
balance,1
influenced,1
episode,1
scenarios,1
congresso,1
emphasis,1
euroamerican,1
suspicion,1
replacement,1
betancourt,1
port,1
plinian,1
categories,1
qua,1
unnoticed,1
unreasonable,1
spaces,1
leyden,1
conference,1
wandering,1
socioeconomic,1
helike,1
intention,1
emergent,1
necessity,1
preserved,1
wedge,1
babylonian,1
biologically,1
peace,1
refinement,1
ancestral,1
conclude,1
contemporaneity,1
marketing,1
atmospheric,1
bowes,1
content,1
alternatives,1
belgium,1
passivity,1
duty,1
reuveny,1
thar,1
meaningful,1
disciplines,1
egyptian,1
geophysics,1
went,1
territory,1
sheets,1
disappears,1
atti,1
palestine,1
organization,1
surroundings,1
dahlem,1
arguments,1
duration,1
discussion,1
germs,1
trigger,1
ever,1
superpower,1
mention,1
allows,1
representation,1
writing,1
gain,1
coming,1
categorization,1
reaching,1
sparked,1
precision,1
lewit,1
come,1
felled,1
seek,1
false,1
kohler,1
survivors,1
hornborg,1
curtis,1
xeropolis,1
sediments,1
arheologie,1
negative,1
locations,1
moquega,1
unable,1
humanenvironment,1
ignored,1
frontiers,1
powers,1
crumley,1
microcosmic,1
copies,1
griechenland,1
twentieth,1
outstrip,1
institutional,1
nonlinear,1
zum,1
temperature,1
write,1
regenerated,1
bioscience,1
refraction,1
geoarchaeological,1
ecosystem,1
course,1
holling,1
applicable,1
millénaire,1
actively,1
botkin,1
detached,1
washingtonallen,1
gutteridge,1
analogy,1
green,1
regime,1
cautionary,1
unfashionable,1
firewood,1
kontinuität,1
southeastern,1
conquered,1
prosperity,1
derive,1
attempted,1
off,1
caplan,1
limitations,1
parkinson,1
langford,1
embodies,1
repeat,1
ships,1
indices,1
critiqued,1
anonymous,1
harappa,1
caveats,1
thousand,1
observation,1
charles,1
apart,1
rest,1
interlinked,1
drying,1
draft,1
pathways,1
rajasthan,1
scholarship,1
vary,1
carthage,1
montazeri,1
cook,1
ihc,1
conceptual,1
schiering,1
maximum,1
exclusively,1
predictable,1
northwestern,1
matic,1
archeological,1
develop,1
divergent,1
politeia,1
images,1
immediately,1
iraq,1
peloponnese,1
assume,1
degrade,1
hunteranderson,1
broader,1
asked,1
mock,1
sent,1
built,1
römischen,1
portrait,1
avoidable,1
vividly,1
confrontations,1
wilk,1
microscales,1
bundles,1
