WORDCOUNTS,WEIGHT
the,921
and,638
of,593
in,543
roman,196
a,177
to,147
der,127
und,121
at,120
that,107
pp,97
from,95
von,94
on,92
with,80
die,79
j,77
m,73
as,73
is,73
frontier,67
for,60
were,56
was,53
im,53
iron,52
h,50
s,50
are,50
this,49
by,48
an,47
zur,44
archaeological,44
have,44
des,43
aus,42
das,42
w,41
other,40
some,40
p,37
late,37
new,37
been,37
d,37
communities,36
period,36
archäologische,36
military,35
danube,35
g,34
about,34
age,32
c,32
during,31
region,31
imperial,31
sites,30
it,29
settlements,29
r,29
archaeology,29
settlement,29
century,28
europe,28
germany,27
such,27
manching,27
university,26
bc,26
between,26
et,25
many,25
pottery,25
evidence,25
early,25
römer,25
t,24
second,24
oppida,24
n,24
ad,23
l,23
or,23
these,23
first,22
journal,22
bayern,22
small,22
but,22
la,22
bei,21
jahr,21
creating,21
around,21
k,21
bayerische,21
regensburg,20
konrad,20
graves,20
wells,20
ein,20
all,19
straubing,19
study,19
zwischen,19
also,19
vorgeschichtsblätter,19
römischen,19
they,18
local,18
which,18
kelheim,18
goods,18
conquest,17
most,17
cultural,17
den,17
not,17
be,17
römische,16
i,16
objects,16
has,16
culture,16
bronze,16
tene,16
e,15
archäologie,15
rudolf,15
oppidum,15
research,15
b,15
time,15
dem,15
north,15
frontiers,15
fibulae,14
bases,14
along,14
de,14
had,14
base,14
part,14
identified,14
material,14
philipp,14
ornaments,14
germania,14
including,14
siedlung,13
complex,13
one,13
studies,13
keltische,13
stuttgart,13
marie,13
eine,13
bis,13
southern,13
we,13
types,13
peoples,13
besiedlung,13
civilian,13
york,12
landscape,12
parts,12
established,12
ausgrabungen,12
network,12
neue,12
change,12
munich,12
more,12
see,12
zum,12
through,12
world,12
formation,12
later,11
zu,11
ritual,11
cemeteries,11
their,11
franz,11
into,11
well,11
social,11
am,11
britain,11
others,11
common,10
stone,10
zeit,10
fig,10
van,10
represented,10
found,10
gaul,10
people,10
excavated,10
similar,10
alpen,10
can,10
associated,10
area,10
remains,10
substantial,10
much,10
among,10
major,10
different,9
archaeologists,9
sources,9
bavaria,9
date,9
those,9
information,9
throughout,9
vom,9
oxford,9
site,9
no,9
villas,9
dürrnberg,9
beyond,9
metal,9
prehistoric,9
siedlungen,9
its,9
approach,9
villa,9
spätlatenezeit,9
native,9
understanding,9
processes,9
played,9
ostkeltischen,9
centuries,9
series,9
over,9
role,9
lkr,8
rhine,8
american,8
funde,8
production,8
tradition,8
political,8
very,8
spätkeltische,8
than,8
landkreis,8
earlier,8
important,8
indigenous,8
place,8
middle,8
regions,8
belt,8
germanischen,8
community,8
germanen,8
wirtschaftsarchäologie,8
temperate,8
two,8
majority,8
empire,8
cambridge,8
significant,8
use,8
frontières,8
oxbow,8
v,8
indicate,8
often,8
when,8
known,8
historischen,8
type,8
practices,8
coins,8
glass,8
km,8
center,7
large,7
musée,7
textual,7
nature,7
dynamic,7
phase,7
development,7
relations,7
kommission,7
third,7
walls,7
just,7
upper,7
show,7
recovered,7
societies,7
term,7
leonberg,7
limes,7
south,7
edges,7
chr,7
same,7
made,7
deposits,7
fibula,7
european,7
empires,7
practice,7
few,7
wall,7
für,7
theory,7
michael,7
both,7
became,7
until,7
recent,7
now,6
modern,6
history,6
half,6
there,6
quantities,6
activity,6
central,6
romanization,6
excavations,6
evident,6
like,6
how,6
changes,6
river,6
surface,6
based,6
centers,6
tools,6
apparent,6
issues,6
oberpfalz,6
long,6
several,6
newly,6
f,6
may,6
latènezeit,6
beiträge,6
forts,6
only,6
shows,6
grave,6
end,6
bericht,6
trade,6
clear,6
would,6
after,6
especially,6
caesar,6
northern,6
construction,6
legionary,6
school,6
contained,6
amphorae,6
stadt,6
cemetery,6
geschichte,6
historical,6
past,6
vereins,6
dialogues,6
interaction,6
manufacturing,6
include,6
eining,6
römischer,6
historischer,6
texts,6
zones,6
heterogeneous,6
final,5
imported,5
mittelund,5
mit,5
typologically,5
contexts,5
experience,5
donau,5
niederbayerischen,5
together,5
principal,5
within,5
british,5
eastern,5
east,5
vorträge,5
vol,5
west,5
keramik,5
human,5
review,5
studien,5
characteristic,5
perspective,5
keltischen,5
traditions,5
raetia,5
phases,5
fort,5
process,5
out,5
international,5
circulation,5
akademie,5
harting,5
produced,5
ländliche,5
wide,5
near,5
romans,5
london,5
civil,5
database,5
rituals,5
showing,5
materials,5
economic,5
arbeitsgemeinschaft,5
interactions,5
chronology,5
ancient,5
included,5
archäologisches,5
oberstimm,5
heimstetten,5
provide,5
ceramic,5
als,5
larger,5
jahresbericht,5
patterns,5
model,5
where,5
niederbayern,5
number,5
another,5
discussion,5
range,5
largely,5
styles,5
three,5
provides,5
kaiserzeit,5
probably,5
niedererlbach,5
investigations,5
deposit,5
analysis,5
celtic,5
constructed,5
distinctive,5
südlichen,5
what,5
them,5
nauheim,5
character,5
agricultural,5
map,5
kelten,5
landshut,5
urban,5
vessels,5
südböhmen,5
colonial,5
integration,5
hills,5
valley,5
supplementary,5
built,5
auerberg,4
überlegungen,4
edge,4
if,4
groups,4
ma,4
rome,4
limestone,4
creation,4
archaeologically,4
studied,4
created,4
system,4
case,4
key,4
x,4
luxemburg,4
merchants,4
since,4
jahrbuch,4
elements,4
response,4
dates,4
distribution,4
his,4
links,4
britannia,4
mémoires,4
provinces,4
latin,4
weltenburg,4
too,4
signification,4
dominant,4
providing,4
view,4
germanische,4
could,4
amsterdam,4
lived,4
zone,4
understood,4
province,4
burial,4
ceramics,4
du,4
used,4
imports,4
example,4
structures,4
grabfunde,4
earth,4
least,4
commerce,4
suggest,4
mediterranean,4
emerging,4
grabungen,4
annual,4
up,4
kontinuität,4
latènezeitliche,4
society,4
will,4
gräberfeld,4
viereckschanze,4
limited,4
indicates,4
raum,4
yet,4
thought,4
continuity,4
fifth,4
rectangular,4
noted,4
regional,4
denkmalpflege,4
graphite,4
areas,4
identity,4
took,4
shown,4
jahrhundert,4
vast,4
products,4
engaged,4
individuals,4
netherlands,4
soldiers,4
enclosures,4
latter,4
state,4
craft,4
structure,4
südbayern,4
préhistoire,4
landwirtschaft,4
attention,4
inhumation,4
continued,4
means,4
then,4
any,4
thinking,4
growing,4
befunde,4
highly,4
paper,4
while,4
introduced,4
bauern,4
discrepant,4
our,4
need,4
defined,4
enclosed,4
focus,4
occur,4
gold,4
difficult,3
fertile,3
indicated,3
names,3
represent,3
ßr,3
kelheimer,3
adoption,3
okkupation,3
enclosing,3
contemporaneous,3
becoming,3
mesoamerica,3
kinds,3
decade,3
nineteenth,3
minted,3
either,3
culturally,3
typological,3
thank,3
naab,3
link,3
körpergräber,3
eisenzeit,3
context,3
dr,3
inca,3
u,3
hörgertshausen,3
right,3
surplus,3
während,3
zanier,3
handel,3
kronwinkl,3
untersuchungen,3
vicus,3
umland,3
umgangsbauten,3
individual,3
developments,3
adopted,3
ha,3
ditch,3
sword,3
festschrift,3
without,3
fundberichte,3
developed,3
münchen,3
cremation,3
landscapes,3
ongoing,3
lacking,3
burials,3
linked,3
elsewhere,3
four,3
problems,3
frührömische,3
downstream,3
lochgürtelhaken,3
farmsteads,3
typical,3
czech,3
occupation,3
though,3
war,3
networks,3
coin,3
because,3
altertumskunde,3
basis,3
documented,3
personal,3
employed,3
interpreted,3
related,3
working,3
useful,3
box,3
discourse,3
mittelgebirgsraum,3
presence,3
decline,3
yielded,3
emperor,3
provided,3
pertaining,3
investigating,3
architecture,3
comparative,3
national,3
interpretation,3
makes,3
under,3
us,3
bemerkungen,3
rieckhoff,3
illustrated,3
bar,3
raetien,3
toward,3
outside,3
rebuilt,3
jüngerlatenezeitlichen,3
considerable,3
frühgermanische,3
forms,3
do,3
ground,3
moche,3
gräber,3
relevant,3
style,3
spätkeltischen,3
maya,3
frühkaiserzeitlichen,3
campaigns,3
examples,3
increase,3
rivers,3
ideas,3
dating,3
open,3
mitterfeld,3
helpful,3
high,3
stresses,3
systems,3
gewässerfunde,3
become,3
contact,3
italy,3
increasing,3
carried,3
me,3
perspectives,3
fields,3
who,3
collections,3
began,3
transformation,3
rapidly,3
antiquity,3
fall,3
table,3
earliest,3
anthropological,3
deposited,3
reallexikon,3
prehistory,3
mentioned,3
extensive,3
les,3
equipment,3
einer,3
here,3
expanding,3
cities,3
pit,3
rural,3
anfängen,3
beginning,3
alpenvorland,3
stöffling,3
proceedings,3
making,3
bayerisches,3
landesamt,3
yield,3
habelt,3
exceptionally,3
years,3
fibel,3
lands,3
actively,3
although,3
states,3
conquered,3
roles,3
specific,3
vier,3
germanv,3
nördlichen,3
indicating,3
werner,3
ende,3
does,2
o,2
döttenbichl,2
fouilles,2
affected,2
resulted,2
introduction,2
group,2
nauheimer,2
formed,2
likely,2
continent,2
di,2
approaches,2
mittleren,2
policy,2
western,2
siedlungsgeschichte,2
before,2
pots,2
beispiel,2
source,2
princeton,2
frühe,2
being,2
nersingen,2
includes,2
preceding,2
universitv,2
fifteenth,2
implications,2
craftworkers,2
fundmünzen,2
england,2
shaped,2
available,2
wooden,2
borders,2
display,2
farmers,2
analyses,2
origin,2
revisions,2
persistence,2
opposite,2
dd,2
posts,2
depends,2
issue,2
empty,2
invasions,2
uttenhofen,2
plain,2
vorderen,2
money,2
totenbrauchtum,2
italian,2
prehispanic,2
fine,2
establishment,2
fur,2
above,2
kleinkastell,2
behavior,2
framework,2
natives,2
grobkeramik,2
thus,2
oaxaca,2
terra,2
identities,2
österreichische,2
historically,2
dynamics,2
attest,2
interior,2
chavin,2
relatively,2
provinzialrömische,2
teutoburger,2
hooks,2
ergebnisse,2
kind,2
cases,2
spätrömische,2
amount,2
back,2
wares,2
served,2
bone,2
left,2
eugenbach,2
find,2
swords,2
even,2
communication,2
disruptions,2
römerzeitliche,2
influence,2
confluence,2
mexico,2
oberhaunstadt,2
rather,2
main,2
across,2
generations,2
debated,2
crafted,2
johannes,2
determining,2
wolfsdorf,2
stabgürtelhaken,2
luxembourg,2
römerzeit,2
importance,2
shang,2
frühkaiserzeitliche,2
special,2
upstream,2
productive,2
animals,2
front,2
nor,2
circulated,2
ct,2
zentralmuseums,2
specialization,2
intensive,2
loess,2
argued,2
origins,2
peru,2
boundary,2
kundl,2
frontière,2
cut,2
oblique,2
appear,2
dc,2
greater,2
came,2
identifying,2
plateau,2
transmission,2
declined,2
armies,2
access,2
burlafingen,2
changed,2
interpretations,2
zweiten,2
fourth,2
focused,2
hinterland,2
günter,2
sallmannsberg,2
recently,2
neither,2
tile,2
applied,2
troops,2
required,2
sparse,2
silver,2
colonies,2
directly,2
mitteleuropa,2
start,2
brought,2
occupants,2
spätlatenezeitliche,2
year,2
literature,2
gave,2
demonstrates,2
lower,2
aztec,2
historische,2
tertiary,2
nach,2
away,2
reflect,2
floors,2
ter,2
relative,2
attributed,2
thrived,2
good,2
interregional,2
caused,2
below,2
buildings,2
next,2
strukturen,2
diagnostic,2
family,2
habitation,2
verbreitung,2
mi,2
bavarian,2
boundaries,2
fully,2
visible,2
resistance,2
using,2
rowman,2
finds,2
passive,2
chronological,2
portion,2
critical,2
led,2
demand,2
exeter,2
populations,2
lag,2
expansion,2
hortfund,2
provinz,2
brief,2
jewelry,2
object,2
sigillata,2
inhabited,2
treverergräberfeldes,2
verwandten,2
once,2
od,2
permission,2
archeologicky,2
rom,2
gutshöfen,2
largest,2
industrial,2
süddeutschland,2
increasingly,2
wirtschaftsfaktor,2
picture,2
published,2
walled,2
towns,2
grossmehring,2
smith,2
occurrence,2
striking,2
plan,2
buch,2
wine,2
quellen,2
burgweinting,2
kreis,2
ustav,2
doubt,2
pattern,2
sumerian,2
anthropologist,2
learn,2
paris,2
present,2
establish,2
less,2
incursions,2
perhaps,2
über,2
chronologically,2
stylistically,2
wood,2
valleys,2
remained,2
demonstrated,2
investigators,2
supplies,2
eighteenth,2
oppidazivilisation,2
postclassic,2
sixth,2
warrior,2
findings,2
bayerischen,2
food,2
einem,2
virtually,2
harvard,2
questions,2
trend,2
rare,2
full,2
uruk,2
theoretical,2
brandgräber,2
low,2
discovered,2
directed,2
publication,2
bonn,2
peter,2
unwalled,2
mississippian,2
ri,2
characterized,2
bronzekanne,2
summer,2
eines,2
course,2
hatching,2
alpine,2
references,2
ann,2
minting,2
alpenfeldzug,2
frührömischen,2
institution,2
destruction,2
connections,2
wirtschaftlichen,2
greek,2
immigration,2
schnurbein,2
rheinischen,2
consists,2
vorrömischen,2
frühen,2
today,2
note,2
inhabitants,2
five,2
vague,2
inside,2
vertical,2
widespread,2
waldes,2
strongly,2
yale,2
interplay,2
hinterlands,2
dynamism,2
life,2
jahrbücher,2
dead,2
extremely,2
barbarians,2
mainz,2
imperialism,2
regularly,2
geschweifte,2
wirtschaftliche,2
spanish,2
demonstrate,2
korrespondenzblatt,2
siedlungsstelle,2
text,2
alps,2
colonialism,2
smithsonian,2
neumarkt,2
control,2
each,2
literary,2
specialized,2
argue,2
rheinland,2
current,2
particularly,2
forggensee,2
far,2
cultivation,2
works,2
weapons,2
according,2
economy,2
reign,2
whether,2
terms,2
cooking,2
form,2
accounts,2
particular,2
östlichen,2
problem,2
inscriptions,2
periphery,2
anhand,2
oo,2
bonner,2
influenced,2
handmade,2
suggests,2
categories,2
translated,2
trac,2
nj,2
owner,2
barbaricum,2
pits,2
reported,2
heilbronn,2
press,2
cash,2
isar,2
maintained,2
question,2
wild,2
julius,2
disposal,2
similarity,2
twentieth,2
numerous,2
applicable,2
typically,2
land,2
dense,2
clearest,2
regular,2
france,2
measured,2
association,2
campaign,2
wealth,2
needs,2
inhumations,2
endlatènezeitliche,2
painted,2
consisted,2
exclusively,2
little,2
traditional,2
uk,2
manufactured,2
workings,2
siedlungswesen,1
bottom,1
riekofen,1
inka,1
skelettfunde,1
jüngerlatenezeitichen,1
fibeltypen,1
frührömisches,1
currently,1
mostly,1
letzten,1
vor,1
brunnen,1
überschreitet,1
horizontal,1
cesar,1
way,1
forschungen,1
medieval,1
stylistic,1
meaning,1
commentary,1
revue,1
vienna,1
montiel,1
commitment,1
grobund,1
beiderseits,1
mars,1
landschaft,1
extend,1
environmental,1
ferdinand,1
uplands,1
worthy,1
récentes,1
northeast,1
implies,1
paring,1
curved,1
wheelmade,1
considerably,1
luftbildarchäologie,1
kaiserzeitliche,1
distributed,1
berlin,1
spurensuche,1
obergermanien,1
bogenberges,1
discover,1
saalburg,1
conquering,1
poppy,1
identify,1
spears,1
friedhof,1
informative,1
legionaries,1
babylonische,1
english,1
postdate,1
vercingétorix,1
alpenvorlandes,1
grundlagen,1
nuts,1
mcknight,1
narbonensis,1
mommsen,1
flows,1
hotly,1
nord,1
köfering,1
regionalen,1
ergolding,1
leben,1
neues,1
kammstrichware,1
protection,1
gäubodens,1
recreation,1
excavation,1
classify,1
beschreibung,1
diskontinuität,1
prittwitz,1
total,1
tells,1
legion,1
finely,1
arikara,1
something,1
migration,1
archéologique,1
spelt,1
neu,1
proportion,1
donaukastell,1
expend,1
troop,1
thuringia,1
consistent,1
piles,1
defeated,1
böhmen,1
coast,1
earning,1
inc,1
handgemachte,1
nordens,1
graphitfreie,1
zarten,1
markt,1
statuette,1
comprehensively,1
faktor,1
pervasive,1
handle,1
keltischer,1
enables,1
praxis,1
archeoloeické,1
sauce,1
batavians,1
season,1
památky,1
handgemachter,1
worked,1
strussberg,1
emerged,1
fragmentary,1
tierförmige,1
advanced,1
active,1
asia,1
editions,1
furnace,1
definition,1
heated,1
confirmed,1
zeitschrift,1
regionale,1
gymnasium,1
auxiliarkastell,1
een,1
leading,1
romeins,1
assess,1
broadly,1
ethnische,1
accompanied,1
classicpostclassic,1
prähistorischer,1
christof,1
great,1
tiroler,1
berichte,1
pollenanalytische,1
rhineland,1
hoards,1
honkins,1
rich,1
producing,1
narrative,1
able,1
hausbefund,1
ältesten,1
eroberung,1
reveal,1
lòi,1
lassleben,1
münzen,1
resulting,1
decentralization,1
silberne,1
militärische,1
damage,1
ancestry,1
siedungen,1
color,1
nm,1
written,1
brendlorenzen,1
erforschung,1
patrol,1
contrasting,1
ausklang,1
grasselt,1
fundorte,1
cereal,1
signs,1
spätkeltischer,1
ausgusse,1
nordwestprovinzen,1
frauengrab,1
rethinking,1
similarities,1
bronzefunde,1
kulturstiftung,1
side,1
est,1
windsheim,1
brandopferplatz,1
ascribed,1
sulztal,1
existence,1
verlag,1
recorded,1
flachgräber,1
autonomous,1
conquests,1
av,1
genèse,1
bones,1
america,1
incorporate,1
agriculture,1
draw,1
march,1
eisenund,1
receptivity,1
waffen,1
gardens,1
vorundfrühgeschichtlichen,1
opened,1
responses,1
greg,1
politics,1
disprove,1
sixteenth,1
borderland,1
characterize,1
profilierter,1
feinman,1
gerät,1
altstadt,1
grenzkastell,1
insight,1
richard,1
dutch,1
silting,1
supply,1
say,1
except,1
reflecting,1
artful,1
resources,1
cited,1
thickwalled,1
chart,1
hascherkeller,1
objective,1
representing,1
nachleben,1
against,1
dornach,1
thoughout,1
dobiat,1
forged,1
eroded,1
vorzeschichtsblätter,1
warfare,1
emnire,1
granaries,1
sign,1
oberbayem,1
cursory,1
woongebied,1
lokale,1
controlled,1
cassius,1
exposed,1
forschungsgeschichte,1
labor,1
burgwcinting,1
implements,1
empel,1
regarding,1
gruppe,1
lager,1
timber,1
differential,1
caesarischer,1
surely,1
kastell,1
entwicklung,1
influx,1
landesforschung,1
facts,1
immediate,1
dendrochronological,1
wirtschaftsund,1
consumed,1
halting,1
borderlands,1
brabantse,1
incense,1
vindelikiens,1
attesting,1
agglomerated,1
plato,1
mittellatènezeit,1
terraces,1
nordsee,1
adornment,1
reproduced,1
transeundus,1
mixed,1
lorenzberg,1
abschluss,1
santa,1
consumer,1
burgheim,1
walter,1
siedlungsund,1
tucson,1
pig,1
témenos,1
employing,1
fischer,1
devin,1
extensively,1
ferguson,1
seebruck,1
marseille,1
forced,1
stadtgebiet,1
estimates,1
hold,1
rank,1
eisendepotfund,1
flourishing,1
archäozoologische,1
augusteischer,1
farriss,1
depend,1
profound,1
defensive,1
body,1
recherches,1
serving,1
slave,1
liebersee,1
attests,1
beginn,1
traditionen,1
galliens,1
amphoren,1
compare,1
lapis,1
bronzeund,1
altbayern,1
stimulating,1
altmiihl,1
look,1
syncretism,1
werden,1
details,1
apparently,1
unteren,1
fibelformen,1
simplistic,1
stichting,1
lössbörde,1
adult,1
informed,1
offenbach,1
handful,1
spannungsfeld,1
westlichen,1
oberen,1
poorly,1
versuch,1
mechanism,1
kept,1
berolzheim,1
reeensburg,1
urbevölkerung,1
critics,1
higher,1
raetischen,1
civilization,1
spiegel,1
textually,1
gaining,1
via,1
gallia,1
sardinia,1
colin,1
manipulated,1
recognized,1
einheimischer,1
outbuildings,1
whose,1
umi,1
wehrberger,1
veiy,1
fundstoffes,1
augsburgoberhausen,1
statements,1
radaspona,1
bring,1
hausbau,1
portrayed,1
verkehr,1
watch,1
edward,1
illustration,1
housing,1
metallzeiten,1
münzschatz,1
en,1
sizable,1
mitteldonaugebiet,1
centralization,1
responded,1
heutigen,1
olmec,1
befestigung,1
schnell,1
archäobotanische,1
cellar,1
eauivment,1
blanks,1
rescue,1
landesgeschichte,1
minger,1
connected,1
grew,1
fittings,1
donaugrenze,1
republic,1
derived,1
kilns,1
bevölkerung,1
lay,1
discoveries,1
list,1
awareness,1
siedlungszentrums,1
factors,1
commentaries,1
precious,1
pins,1
ones,1
vülae,1
support,1
webster,1
hook,1
exceptional,1
involvement,1
category,1
silberdenarhort,1
arminius,1
perceptions,1
finer,1
monumental,1
civilizations,1
jüngerlatenezeitliche,1
grabfeldgau,1
ramp,1
frühflavische,1
organization,1
imposing,1
kastells,1
considerations,1
jura,1
specify,1
botanische,1
director,1
latène,1
ideologies,1
air,1
numbers,1
impact,1
dominate,1
weak,1
shore,1
exemplify,1
emmer,1
accumulating,1
advancing,1
spanateneund,1
historia,1
mittelgebirgszone,1
additional,1
textile,1
unimpeded,1
césar,1
organisation,1
notions,1
gewerbegebiet,1
hoard,1
kulturellen,1
streufunde,1
gebiet,1
catapult,1
aussergewöhnlicher,1
injîungary,1
weiteres,1
vici,1
strategy,1
decades,1
hot,1
reflections,1
ihre,1
charcoal,1
altdorf,1
formgebung,1
raw,1
universitätsverlag,1
unbekannter,1
result,1
closely,1
manchine,1
my,1
storerooms,1
sowie,1
chronologie,1
dieser,1
oberhausen,1
avenue,1
einkorn,1
method,1
called,1
bricks,1
spécial,1
whittaker,1
rooms,1
cornell,1
agendas,1
ostbayernlwestund,1
siedlungsform,1
siedlungsfunde,1
noting,1
complete,1
shield,1
suffersheim,1
cores,1
markets,1
fehlgegossener,1
big,1
further,1
outset,1
neighboring,1
traced,1
periodroughly,1
oder,1
vents,1
mattingly,1
cremated,1
heimstettener,1
altroy,1
invitis,1
buchdruckerei,1
appears,1
intensity,1
purchased,1
scale,1
monograph,1
fish,1
productively,1
record,1
almanach,1
übergang,1
pollen,1
produce,1
dwelling,1
absolute,1
siedlungskontinuität,1
postconquest,1
acknowledgments,1
spätest,1
possiblity,1
fibeln,1
possibility,1
stadtmauern,1
spätlateneund,1
kitchen,1
gallic,1
almost,1
provincial,1
participation,1
glasschmuck,1
expansionary,1
süddeutschen,1
lerchenhaid,1
frauenberg,1
oberbayerischen,1
data,1
verkehrsraum,1
artifacts,1
gibbon,1
wigg,1
planning,1
scope,1
residents,1
augusteische,1
received,1
already,1
tempel,1
profuit,1
augsburg,1
stufe,1
writers,1
preferred,1
nine,1
lords,1
weitere,1
commençai,1
heavily,1
discusses,1
latènezeitlichen,1
vonegglfing,1
polychrome,1
gebr,1
confirms,1
cutting,1
revealed,1
spanishamerican,1
ten,1
woodland,1
traditionell,1
römerschiffe,1
aussagen,1
kindly,1
describe,1
kleinkastelle,1
collective,1
contains,1
officers,1
archäoloeie,1
beads,1
devant,1
jahre,1
antike,1
forces,1
verhandlungen,1
proliferation,1
surrounding,1
believes,1
anglia,1
systematic,1
hortund,1
preparation,1
vorund,1
vandenhoeck,1
status,1
horizon,1
druidic,1
zartener,1
graduate,1
frühmittelalterlichen,1
purposely,1
ditches,1
probleme,1
detailed,1
magic,1
schleiermacher,1
whitehead,1
los,1
domach,1
field,1
gallorömischen,1
heinz,1
raiding,1
involve,1
depositing,1
dominante,1
germanien,1
herkunft,1
interacting,1
reaches,1
werkzeug,1
formen,1
event,1
involved,1
heat,1
drehscheibe,1
het,1
soil,1
stemmed,1
workshops,1
driving,1
ergoldiñg,1
accomplished,1
kleinfunde,1
erected,1
components,1
zuchering,1
offa,1
rye,1
forschungsgeschichtlichen,1
peak,1
funerary,1
choosing,1
bernd,1
distinguished,1
schriftquellen,1
latest,1
tended,1
tiberius,1
dedicated,1
generally,1
beacon,1
progress,1
decisive,1
goat,1
dependent,1
fortress,1
describes,1
begegnung,1
multicolored,1
nico,1
roots,1
notes,1
eisen,1
frühkaiserzeitlicher,1
grateful,1
tacitus,1
voerendaal,1
inform,1
kallmünz,1
settle,1
bronzehelm,1
wohlhabenden,1
activities,1
nordafrikanische,1
periods,1
spätrepublikanisches,1
replacing,1
institut,1
battle,1
dietzenbach,1
republican,1
processual,1
highlights,1
he,1
keltenkriegern,1
units,1
eeuwen,1
georg,1
nation,1
outfitted,1
chains,1
variety,1
territorial,1
punic,1
various,1
expanse,1
functioning,1
latènefund,1
noncitizens,1
fundchronik,1
indicative,1
geographischen,1
shields,1
wrote,1
service,1
labeled,1
barley,1
latenezeiüichen,1
play,1
stippling,1
grabung,1
classic,1
forward,1
wetland,1
südwestliche,1
tierprotomringe,1
veterans,1
rapid,1
präsenz,1
gift,1
rheinisches,1
thurmair,1
willem,1
still,1
establishes,1
dwellings,1
make,1
garden,1
praehistorische,1
surviving,1
zusammenbruch,1
initially,1
hypocaust,1
palmettengürtelhaken,1
movement,1
ottoherman,1
roads,1
hitherto,1
jüngste,1
entdeckungsgeschichte,1
religious,1
frühlatenezeit,1
münzfunde,1
inschriftenfunde,1
single,1
vicinity,1
perseus,1
pillaging,1
gutshof,1
wallersdorf,1
guide,1
rectangle,1
decorative,1
indus,1
edited,1
knollenknaufschwert,1
museum,1
münzstätte,1
examined,1
nonlocal,1
security,1
athene,1
importkeramik,1
happened,1
serve,1
manpower,1
südbayerns,1
counterparts,1
endlatènezeitlicher,1
technology,1
säuglingsund,1
official,1
hilly,1
antler,1
revitalization,1
lavishly,1
processing,1
bronzegeschirr,1
home,1
homogeneous,1
transformations,1
light,1
jug,1
zeitenwende,1
shifting,1
vivid,1
rubbish,1
ansätze,1
baltimore,1
outlined,1
um,1
nahrungswirtschaft,1
friedrich,1
einige,1
fìbula,1
südbayerischer,1
belonging,1
gary,1
bracelet,1
department,1
unusually,1
lined,1
regensburger,1
timbers,1
alkimoennisl,1
hessen,1
considers,1
retired,1
schwaben,1
jüngere,1
lack,1
routes,1
museums,1
amateurs,1
continents,1
siedlungskundüche,1
grabungsergebnisse,1
karlstein,1
grindstones,1
verzierung,1
heritage,1
participated,1
challenge,1
earn,1
mentions,1
approaching,1
pointed,1
widderkopfring,1
stad,1
similarly,1
safety,1
put,1
flat,1
bopfingen,1
addition,1
südlich,1
water,1
headquarters,1
investigates,1
herbert,1
crops,1
bracelets,1
bronzegiesser,1
cultivated,1
kastellvicus,1
fact,1
erforschten,1
votive,1
idea,1
head,1
scholars,1
revolution,1
blocks,1
minnesota,1
britons,1
importation,1
travaux,1
meuse,1
höhensiedlung,1
boots,1
romain,1
hhh,1
daily,1
break,1
reacted,1
farming,1
demonstrating,1
debates,1
covey,1
informationen,1
substantially,1
hambledon,1
völkerwanderungszeit,1
fashion,1
succeeding,1
ähnlichen,1
discussed,1
roof,1
fragments,1
external,1
gottlieb,1
macmullen,1
monographs,1
everyday,1
iip,1
jane,1
covered,1
anthropology,1
road,1
unit,1
secular,1
purposes,1
accepted,1
karl,1
musées,1
photographers,1
tell,1
council,1
necessary,1
anthropologie,1
laden,1
deep,1
zeitstellung,1
decorations,1
indication,1
upswing,1
südvicus,1
jj,1
assemblage,1
germans,1
siegmar,1
exanding,1
shifts,1
phänomen,1
northerly,1
dietz,1
regionally,1
identifiable,1
thoroughly,1
thalmassing,1
notion,1
fundamentally,1
späten,1
analyzed,1
collecting,1
exploring,1
oss,1
canabae,1
töpferofen,1
investigated,1
rulers,1
hazel,1
getty,1
velleius,1
assemblages,1
failings,1
completed,1
upon,1
accompanying,1
augustus,1
cult,1
inscription,1
transformed,1
rosenheim,1
enclose,1
enormous,1
bayerns,1
gutshofes,1
depended,1
recover,1
crafts,1
epigraphic,1
mosaic,1
skeletal,1
europeans,1
top,1
klimatischen,1
varying,1
thriving,1
talking,1
expression,1
epfach,1
complement,1
station,1
macroregional,1
rosemarie,1
kaiserund,1
causes,1
graphittonkeramik,1
thiel,1
numbered,1
ethnic,1
auf,1
besonderer,1
services,1
examination,1
deggendorf,1
beck,1
fruits,1
purposeful,1
previous,1
office,1
offenen,1
california,1
badenwürttembere,1
rejected,1
significance,1
dl,1
militärplatz,1
kulturlandschaft,1
eigenständigkeit,1
modem,1
authors,1
stress,1
kulturen,1
op,1
points,1
dominated,1
frühtiberischer,1
kaiserzeitlichen,1
maintenance,1
armee,1
interpret,1
worn,1
völling,1
held,1
defense,1
oberammergau,1
times,1
plains,1
reviewers,1
revised,1
ny,1
function,1
fortleben,1
him,1
attribution,1
tribal,1
housed,1
collected,1
administrative,1
practiced,1
kramer,1
ecology,1
interacted,1
gliederung,1
gerolzhofen,1
abundant,1
martin,1
zitchcrung,1
regensburgs,1
aan,1
exchange,1
gesellschaftssystems,1
bemalte,1
späüatenezeit,1
dendrodatierter,1
niederhaxerixchen,1
discarded,1
westfalen,1
wirtschansarchäologie,1
coral,1
pollanten,1
narrow,1
arae,1
dans,1
nmendorf,1
exactly,1
wishing,1
effect,1
eirene,1
availability,1
james,1
capabilities,1
romaines,1
analyze,1
statue,1
wirtschaftsraum,1
nails,1
lichte,1
ferkelbestattungen,1
wallanlagen,1
occupied,1
kultplätze,1
gäubodenmuseum,1
frühlatenezeiüiche,1
römerzeitlicher,1
dakische,1
hague,1
siedlungsseschichte,1
fundumständen,1
widely,1
creolizing,1
examines,1
rl,1
staffed,1
genesis,1
vallée,1
preconquest,1
veracruz,1
lance,1
soziale,1
assyrian,1
extracted,1
mainfranken,1
chronologischen,1
africa,1
she,1
stadtacker,1
independent,1
mixture,1
movements,1
crucial,1
schön,1
johns,1
usually,1
foreign,1
watchtower,1
seriéis,1
plays,1
entdecktes,1
ideology,1
hallstattund,1
program,1
smiths,1
kulturentwicklung,1
kölner,1
flowed,1
wandel,1
frühzeit,1
quarrying,1
lines,1
fewer,1
primarily,1
helmet,1
ßrstraubing,1
le,1
predict,1
vegetationsgeschichte,1
referred,1
tin,1
seventeenth,1
romamsation,1
force,1
traunstein,1
wetterau,1
schiffahrt,1
rectangles,1
why,1
owned,1
romanisation,1
sicht,1
pristine,1
continually,1
herrschaft,1
renaissance,1
underscores,1
united,1
composed,1
mittellatenefriedhöfe,1
frauenberges,1
frey,1
examine,1
face,1
worlds,1
unusual,1
mounds,1
gathered,1
germering,1
bad,1
fought,1
forest,1
considered,1
treverische,1
gesellschaftlicher,1
westrand,1
stephen,1
hölzernen,1
dissertation,1
acquired,1
ofthat,1
cloche,1
border,1
suggestions,1
wars,1
authorities,1
magical,1
victoria,1
alésia,1
identitäten,1
struktur,1
frühgeschichtlicher,1
exemplified,1
version,1
changing,1
fortgang,1
complexes,1
believed,1
steel,1
constituted,1
frühesten,1
realität,1
schwebheim,1
bénin,1
characteristics,1
bestattungsbräuchen,1
wederath,1
besiedlungsgeschichte,1
recognizable,1
beitrag,1
offered,1
landschaften,1
shapes,1
trenches,1
carbondale,1
md,1
temple,1
athena,1
meat,1
neuen,1
offers,1
oppidums,1
archäozoologie,1
aztecs,1
know,1
vorbericht,1
kloster,1
reiches,1
defining,1
natural,1
accomodated,1
intellectual,1
colonization,1
prähistorischen,1
unterirdische,1
country,1
gräberfelder,1
späüatenechronologie,1
northward,1
auxiliary,1
welch,1
interested,1
historians,1
rolling,1
believe,1
zeugnisse,1
flowing,1
did,1
best,1
südbayerischen,1
down,1
spätantiken,1
wealthy,1
indigeous,1
ländlichen,1
treverergebiet,1
franconian,1
opferplatz,1
verwandte,1
expresses,1
gde,1
matthew,1
nouvelles,1
rheinmündung,1
aerial,1
examining,1
aubstadt,1
gemeinde,1
obb,1
burying,1
terminologie,1
passage,1
emerges,1
better,1
places,1
rhenus,1
stamps,1
following,1
ulm,1
id,1
tenth,1
nordosträtiens,1
landes,1
defending,1
purchase,1
explanations,1
bestattungssitte,1
reproduce,1
ostmediterrane,1
investigation,1
nördlich,1
adults,1
caesars,1
marcomannic,1
eisenzeitliche,1
nearby,1
harappan,1
funden,1
calculations,1
unterpannoniens,1
interval,1
sunk,1
ersten,1
reddé,1
jüngsten,1
nautical,1
consisting,1
her,1
foundations,1
gyles,1
korresvondenzblatt,1
töpferöfen,1
te,1
migrations,1
eisendepot,1
explored,1
springer,1
apartment,1
observations,1
faunal,1
anßngen,1
phenomena,1
incomes,1
emphasis,1
ursachen,1
belgic,1
hundreds,1
contain,1
languish,1
topographical,1
vorchristlichen,1
strain,1
timpe,1
baubefunde,1
kolin,1
researchers,1
boston,1
presented,1
historisches,1
occasionally,1
ausgewählter,1
preserved,1
ceske,1
nordbayern,1
sapropelite,1
recipients,1
given,1
militärlagern,1
slopes,1
untergang,1
city,1
jahrhunderts,1
rieses,1
beuvray,1
jüngeren,1
landau,1
turns,1
transition,1
administration,1
egyptian,1
beckens,1
went,1
entstehung,1
neustadt,1
struck,1
matches,1
generals,1
hochrhein,1
filling,1
results,1
copper,1
equipped,1
phenomenon,1
textbased,1
centrum,1
archäologischer,1
writing,1
braunkohlenrevier,1
kiln,1
kunsthandwerk,1
faculty,1
think,1
resident,1
rechtsrheinischen,1
réunion,1
erdwerk,1
ultimately,1
models,1
mont,1
donauraum,1
bestattungsplätze,1
survival,1
recording,1
commercial,1
zivile,1
mitteleuropäischen,1
rediscovery,1
drehscheibenkeramik,1
deutschland,1
scribes,1
paradigm,1
frage,1
ores,1
latènetraditionen,1
ved,1
bibliography,1
regen,1
corrective,1
ended,1
oberbayern,1
integrated,1
isartal,1
specialists,1
sur,1
smaller,1
egglfing,1
keltenfunde,1
klio,1
geographie,1
harbors,1
forming,1
caption,1
tierhaltung,1
pluralistic,1
presenting,1
trierer,1
peripheries,1
walking,1
enclosure,1
frühlatenezeitliche,1
increased,1
ships,1
familie,1
roughly,1
largeformat,1
euregio,1
ost,1
observation,1
vessel,1
potential,1
modeling,1
barbaren,1
pertain,1
refinements,1
portrait,1
fundstellen,1
themselves,1
fibelpaare,1
verhältnisse,1
prospections,1
wirtschaftlicher,1
point,1
sherds,1
jahren,1
beiheft,1
enterprise,1
deposition,1
euroamerican,1
farmland,1
auxiliaries,1
reconciling,1
fellowship,1
images,1
ethnographie,1
immediately,1
strong,1
mint,1
prähistorische,1
drew,1
vulgar,1
copiously,1
building,1
tendenz,1
scanty,1
gaukönigshofen,1
mitteldonauraum,1
close,1
continuously,1
arizona,1
row,1
brandpfeil,1
oberund,1
