WORDCOUNTS,WEIGHT
the,1617
of,1428
and,1115
in,669
a,393
to,327
archaeology,272
historical,225
that,168
for,153
as,153
new,147
pp,125
is,123
m,118
on,117
p,115
with,111
from,111
world,108
an,106
by,106
gender,94
university,92
social,92
american,91
r,91
this,82
are,71
j,68
york,68
these,67
at,66
class,63
material,61
north,61
women,58
c,57
production,56
their,56
culture,53
capitalist,51
african,51
relations,50
l,50
s,48
century,48
be,48
america,47
have,46
e,45
it,44
work,44
between,44
native,43
studies,42
has,42
cultural,42
d,42
t,40
more,40
power,40
not,40
history,39
into,39
consumption,39
were,38
w,37
its,37
such,36
archaeological,36
capitalism,36
life,36
also,35
which,35
racial,34
study,33
family,33
or,33
european,33
labor,32
people,32
industrial,32
how,30
society,30
one,29
journal,29
b,29
race,29
h,28
paynter,28
consumer,28
than,28
white,28
working,28
different,27
state,27
was,27
most,27
plantation,27
colonial,27
early,27
practices,26
processes,26
systems,26
anthropological,26
families,26
other,25
political,25
but,25
through,25
those,24
k,24
use,23
some,23
et,23
economic,23
about,23
men,23
domestic,23
origins,22
forms,22
been,22
anthropology,22
archaeologists,21
review,21
south,21
period,21
all,20
g,20
public,20
research,20
united,20
patriarchy,20
england,19
within,19
community,19
associated,19
economy,19
theory,19
out,18
international,18
well,18
various,18
many,18
they,17
plantations,17
dynamics,17
rather,17
cambridge,17
form,17
formation,17
n,17
basil,16
slavery,16
based,16
forces,16
resistance,16
classes,16
problem,16
modern,15
system,15
development,15
developed,15
late,15
especially,15
ideology,15
middle,15
market,14
concept,14
communities,14
see,14
distinctive,14
rural,14
urban,14
argues,14
i,13
slave,13
academic,13
ceramics,13
london,13
massachusetts,13
f,13
bulletin,13
only,13
amherst,13
construction,13
past,13
much,13
evidence,13
had,12
human,12
jr,12
though,12
americans,12
his,12
archeology,12
spanish,12
smithsonian,12
separation,12
perspectives,12
end,12
local,12
theoretical,12
workers,12
would,12
can,12
little,12
among,12
ways,11
western,11
great,11
modes,11
process,11
lives,11
ideologies,11
important,11
found,11
part,11
approach,11
will,11
he,11
southern,11
understanding,11
black,11
institution,11
who,11
alternative,11
over,11
cultures,11
making,11
virginia,11
boston,11
despite,11
themselves,11
recent,11
way,10
english,10
case,10
key,10
mass,10
critique,10
no,10
changes,10
traces,10
societies,10
issues,10
structures,10
status,10
change,10
revolution,10
annual,10
up,10
biological,10
commodities,10
us,10
home,10
two,10
department,10
husband,10
made,10
elite,10
we,10
often,10
living,10
both,10
our,10
crisis,10
shift,10
documentary,10
household,10
order,9
du,9
origin,9
eastern,9
west,9
domain,9
impact,9
spheres,9
artifacts,9
during,9
regional,9
variety,9
indian,9
everyday,9
africanamerican,9
so,9
general,9
special,9
problems,9
independent,9
colonization,9
oxford,9
did,9
very,9
chesapeake,9
feminist,9
what,9
should,9
position,8
pipes,8
first,8
there,8
concepts,8
races,8
may,8
racism,8
landscape,8
notion,8
them,8
objects,8
just,8
dominant,8
result,8
color,8
orser,8
sites,8
los,8
brought,8
place,8
own,8
hidden,8
rutgers,8
around,8
comparative,8
under,8
rise,8
volume,8
members,8
debates,8
nuclear,8
patterns,8
present,8
strategies,8
practice,8
another,8
discussion,8
father,8
california,8
landscapes,8
henry,8
separate,8
relationship,8
she,8
provide,8
institutions,8
changing,8
control,8
global,8
coffee,8
press,8
states,8
arizona,8
group,7
approaches,7
contact,7
every,7
nature,7
dd,7
takes,7
sexual,7
point,7
owners,7
throughout,7
interest,7
links,7
productive,7
colonialism,7
notions,7
histories,7
patriarchal,7
because,7
colonies,7
line,7
invisible,7
formations,7
ethnicity,7
using,7
value,7
periods,7
expansion,7
toward,7
areas,7
identity,7
empirical,7
ethnic,7
theories,7
households,7
attention,7
division,7
dual,7
particular,7
male,7
understand,7
transformation,7
centuries,7
peoples,7
set,7
historians,7
yentsch,7
places,7
investigation,7
maryland,7
subject,7
transition,7
understandings,7
need,7
major,7
roles,7
common,6
large,6
complex,6
contexts,6
experience,6
accumulation,6
beaudry,6
shaped,6
europe,6
studied,6
context,6
make,6
framework,6
conflict,6
thus,6
hierarchy,6
supremacy,6
ferguson,6
commercialization,6
perspective,6
even,6
consuming,6
means,6
linked,6
situations,6
exploitation,6
lead,6
inequality,6
struggles,6
literature,6
boca,6
related,6
used,6
settlement,6
articulation,6
method,6
activities,6
transforming,6
domesticity,6
architecture,6
identified,6
yet,6
kluwer,6
ancient,6
same,6
al,6
reform,6
variation,6
where,6
less,6
private,6
birth,6
assemblages,6
trade,6
authors,6
points,6
times,6
like,6
mining,6
land,6
structure,6
seen,6
analysis,6
any,6
crc,6
clearly,6
identities,6
phd,6
her,6
suggests,6
art,6
kin,6
city,6
role,6
mode,6
effects,6
seeks,6
tobacco,6
interaction,6
focus,6
if,5
meaning,5
engendering,5
identify,5
before,5
long,5
creation,5
mills,5
take,5
reproduction,5
king,5
marked,5
resources,5
radical,5
dynamic,5
economies,5
identifies,5
goal,5
relationships,5
z,5
distinct,5
back,5
site,5
angeles,5
ongoing,5
support,5
organized,5
emergence,5
commonly,5
experienced,5
oppression,5
view,5
came,5
carolina,5
recently,5
record,5
tension,5
jim,5
basis,5
data,5
bois,5
project,5
archaeologies,5
concerns,5
when,5
finds,5
critical,5
boott,5
impacts,5
positions,5
play,5
racialized,5
domination,5
movement,5
religious,5
unwin,5
increasingly,5
georgian,5
time,5
man,5
anthropologist,5
v,5
model,5
innovative,5
developing,5
mrozowski,5
free,5
investigated,5
indiana,5
leone,5
upon,5
ruling,5
significant,5
amott,5
recovery,5
meanings,5
spread,5
latter,5
northern,5
increasing,5
factors,5
lines,5
wives,5
stratified,5
itself,5
considered,5
here,5
each,5
paper,5
ideological,5
beginning,5
presented,5
became,5
come,5
contributed,5
sexuality,5
offered,5
mystery,5
traditional,5
built,5
does,4
done,4
struggle,4
created,4
concern,4
deserve,4
introduction,4
articulating,4
conkey,4
essays,4
situation,4
husbands,4
buffer,4
source,4
baker,4
interested,4
taken,4
seems,4
corporate,4
boyhood,4
together,4
differences,4
products,4
investigations,4
ad,4
globe,4
sought,4
move,4
along,4
moral,4
behavior,4
central,4
diversity,4
since,4
marxism,4
better,4
find,4
poor,4
town,4
active,4
analyzes,4
importance,4
space,4
old,4
tensions,4
organization,4
familiar,4
lowell,4
beyond,4
always,4
deetz,4
uses,4
my,4
prehistoric,4
domains,4
demise,4
access,4
markets,4
reviews,4
studying,4
burial,4
near,4
participation,4
sphere,4
future,4
intense,4
civil,4
realm,4
documented,4
dakota,4
towards,4
sense,4
hemisphere,4
scott,4
notes,4
tasks,4
second,4
nation,4
settings,4
structural,4
interpretation,4
mission,4
continuity,4
without,4
others,4
ceramic,4
documents,4
manifested,4
break,4
algonkians,4
do,4
ground,4
centre,4
unearthing,4
gives,4
thoroughly,4
region,4
including,4
manifestations,4
food,4
conditions,4
harvard,4
sees,4
significance,4
historic,4
methodological,4
caribbean,4
features,4
linking,4
constructing,4
patterson,4
southwest,4
industrialization,4
quarterly,4
wage,4
transformations,4
africa,4
vision,4
referred,4
markers,4
face,4
issue,4
springfield,4
rarely,4
then,4
growing,4
version,4
bonded,4
must,4
symbolic,4
temporal,4
dining,4
monthly,4
capital,4
argue,4
wall,4
current,4
goods,4
works,4
concrete,4
agriculture,4
william,4
spatial,4
while,4
periphery,4
institute,4
euroamerican,4
orlando,4
prevalent,4
went,4
results,4
models,4
finding,4
national,4
chicago,4
debate,4
create,4
seek,4
meeting,4
singleton,4
miller,3
go,3
concerned,3
groups,3
affected,3
oddity,3
resulted,3
village,3
needed,3
ma,3
wolf,3
presents,3
contested,3
monograph,3
lower,3
being,3
feudalism,3
sources,3
invention,3
identifying,3
give,3
culturally,3
might,3
capitalists,3
company,3
agrarian,3
broken,3
analyses,3
vanishing,3
styles,3
calvert,3
persistence,3
behind,3
seminar,3
british,3
existence,3
draws,3
bases,3
prior,3
activity,3
condition,3
consumers,3
obvious,3
variations,3
homesite,3
unhappy,3
includes,3
differential,3
due,3
against,3
essay,3
de,3
characteristic,3
relatively,3
gendered,3
santa,3
forced,3
unpaid,3
subjects,3
kinship,3
third,3
profit,3
details,3
influence,3
acknowledge,3
crow,3
lesser,3
rights,3
simultaneously,3
whose,3
played,3
act,3
sets,3
proceedings,3
annapolis,3
after,3
servants,3
mary,3
house,3
too,3
upper,3
show,3
methods,3
powerful,3
linkage,3
mix,3
victorian,3
marriage,3
dc,3
character,3
gregory,3
whom,3
agenda,3
negotiated,3
conservative,3
relate,3
emerge,3
interpretations,3
materiality,3
further,3
understood,3
focused,3
war,3
produced,3
wealth,3
aspects,3
keeping,3
seeking,3
example,3
irish,3
gave,3
island,3
blue,3
saw,3
intersections,3
realms,3
relative,3
creating,3
level,3
field,3
shaping,3
suggest,3
next,3
cope,3
involved,3
small,3
enslaved,3
shapes,3
few,3
folk,3
breaking,3
brown,3
visible,3
jordan,3
st,3
filling,3
gibb,3
structured,3
displaced,3
massive,3
indeed,3
direction,3
southeast,3
colonialist,3
confronting,3
rational,3
arrangements,3
makes,3
subservient,3
seeing,3
merchant,3
folklife,3
property,3
complete,3
shifting,3
dialectical,3
begins,3
harper,3
oral,3
factory,3
fact,3
fundamental,3
minnesota,3
segregated,3
diverse,3
personal,3
contemporary,3
considerable,3
reproductive,3
necessary,3
woman,3
routledge,3
degree,3
interpreting,3
spector,3
range,3
bear,3
deposits,3
detailed,3
complexities,3
europeans,3
colonoware,3
theorization,3
asian,3
questions,3
logics,3
previous,3
versions,3
crises,3
three,3
dominated,3
decorated,3
logic,3
facing,3
labour,3
settler,3
become,3
ann,3
effect,3
dominance,3
bograd,3
continued,3
science,3
crucial,3
andean,3
becomes,3
dimensions,3
health,3
began,3
recognize,3
antiquity,3
articles,3
interpretive,3
logging,3
meant,3
exemplified,3
mercantile,3
simply,3
divisions,3
offers,3
school,3
know,3
berkeley,3
natural,3
cemetery,3
cutlery,3
setting,3
down,3
capacity,3
number,3
unique,3
varying,3
agricultural,3
handsman,3
produce,3
delle,3
categories,3
john,3
thereby,3
given,3
contribute,3
writing,3
coming,3
contract,3
strikingly,3
unified,3
off,3
area,3
classification,3
mullins,3
needs,3
am,3
potential,3
marxist,3
elites,3
regards,3
gentility,2
fathers,2
till,2
separated,2
northeast,2
red,2
apache,2
afroamerican,2
differentiating,2
pushed,2
processual,2
becoming,2
enduring,2
jews,2
mobility,2
constitutes,2
continent,2
o,2
dominating,2
respectability,2
trace,2
devices,2
cycles,2
pantheon,2
necessarily,2
francis,2
habits,2
pots,2
nineteenth,2
lightfoot,2
predominantly,2
minneapolis,2
hence,2
consumptive,2
interests,2
implications,2
military,2
worked,2
bloomington,2
containing,2
rhode,2
leading,2
kegan,2
feminism,2
atlantic,2
thanks,2
coontz,2
antipathy,2
contrasting,2
physical,2
discipline,2
reading,2
visibility,2
agnew,2
anthropologists,2
task,2
hall,2
design,2
struggling,2
account,2
possible,2
politics,2
bibliography,2
professionals,2
arenas,2
fine,2
reflecting,2
nonplantation,2
far,2
whites,2
cited,2
negotiation,2
ritual,2
engage,2
omi,2
childbearing,2
collection,2
surplus,2
dublin,2
exist,2
natives,2
timber,2
traders,2
component,2
quality,2
deserving,2
objective,2
noel,2
angloamerican,2
ability,2
raises,2
learning,2
clay,2
elements,2
theorists,2
freed,2
africans,2
middleand,2
served,2
compared,2
archaeologist,2
discovering,2
savage,2
unobservable,2
master,2
develops,2
van,2
interesting,2
knoxville,2
recognized,2
managers,2
bring,2
growth,2
across,2
mountain,2
housing,2
levels,2
wurst,2
subsistence,2
conceptions,2
legal,2
direct,2
sandy,2
symbols,2
evolution,2
ferry,2
category,2
brunswick,2
immigrant,2
wages,2
marks,2
center,2
conceptualization,2
scale,2
descent,2
workplace,2
latin,2
producers,2
mckendrick,2
shaker,2
numbers,2
frequently,2
reviewed,2
age,2
four,2
follow,2
defeat,2
defines,2
mies,2
plenum,2
destructive,2
internal,2
strategy,2
faced,2
decades,2
methodology,2
conquest,2
greater,2
raw,2
upperand,2
reckner,2
arrival,2
rule,2
entered,2
search,2
homogenizing,2
relating,2
scaling,2
fishing,2
destined,2
agendas,2
mesoamerican,2
worker,2
initial,2
base,2
embedded,2
left,2
syncretism,2
informed,2
responded,2
blanton,2
cannot,2
approached,2
hierarchies,2
silver,2
technical,2
shape,2
having,2
received,2
denial,2
indigenous,2
continuation,2
jamieson,2
describe,2
records,2
fruitful,2
emancipation,2
call,2
lifeways,2
surrounding,2
stanford,2
contradictions,2
good,2
exemplary,2
overlap,2
least,2
socialist,2
imposition,2
emphasizes,2
owned,2
desires,2
contingency,2
autonomy,2
migration,2
multiple,2
highly,2
industry,2
australian,2
redefinition,2
core,2
fully,2
postcolumbian,2
majority,2
wife,2
florida,2
appropriate,2
newly,2
preliminary,2
moved,2
rest,2
tennessee,2
concomitant,2
nations,2
womanhood,2
san,2
sons,2
investigating,2
demand,2
matter,2
scientific,2
action,2
synthesis,2
schemes,2
corporation,2
islands,2
female,2
exception,2
strains,2
reconstruction,2
influences,2
bill,2
interactions,2
comments,2
manifest,2
tributary,2
ware,2
single,2
overview,2
flowerdew,2
competition,2
elaboration,2
fit,2
happened,2
sex,2
east,2
technology,2
childcare,2
thesis,2
assimilation,2
generalized,2
baltimore,2
algonkian,2
odds,2
provocative,2
illustrated,2
indians,2
noted,2
maintained,2
transatlantic,2
management,2
gain,2
paul,2
similarly,2
towns,2
motifs,2
addition,2
added,2
pont,2
scholars,2
pluralities,2
abstract,2
whelan,2
larger,2
doubt,2
howson,2
discussed,2
honor,2
outside,2
took,2
savulis,2
begin,2
secular,2
until,2
deep,2
survival,2
belief,2
preparation,2
mcewan,2
children,2
impoverished,2
jacobs,2
explicitly,2
mill,2
mcguire,2
analyzed,2
impacted,2
meaningful,2
simple,2
link,2
gordon,2
eighteenth,2
values,2
slaves,2
writings,2
previously,2
largely,2
persisted,2
virtually,2
shopping,2
ideas,2
engaged,2
individuals,2
benin,2
low,2
open,2
clear,2
directed,2
language,2
ottoman,2
foodways,2
rationalized,2
individual,2
collaboration,2
function,2
vintage,2
high,2
cache,2
brewer,2
armory,2
synchronie,2
lie,2
practiced,2
earlier,2
provides,2
exchange,2
why,2
enlightenment,2
craft,2
experiencing,2
emphasized,2
tactics,2
looks,2
slightly,2
versus,2
destruction,2
connections,2
johnson,2
haunts,2
midcentury,2
today,2
waves,2
tenant,2
movements,2
assert,2
usually,2
imperatives,2
recognizes,2
primarily,2
independence,2
bonds,2
colonizers,2
vargas,2
force,2
shanty,2
worlds,2
responsible,2
expectations,2
frontier,2
drax,2
dead,2
charlottesville,2
praetzellis,2
biology,2
matters,2
differentiated,2
exercised,2
mcdonald,2
epistemologies,2
impulse,2
conjunction,2
incorporated,2
principles,2
geographic,2
continues,2
known,2
totality,2
regime,2
levi,2
wider,2
winterthur,2
persisting,2
intellectual,2
albeit,2
unknown,2
acts,2
cyclical,2
presence,2
particularly,2
reproduces,2
contradictory,2
rely,2
written,2
build,2
prospects,2
advances,2
bronze,2
redefined,2
subordinate,2
following,2
kowaleskiwallace,2
witch,2
fuller,2
dominate,2
staten,2
differing,2
whether,2
selected,2
want,2
sociology,2
attitudes,2
tightly,2
penetration,2
supplemented,2
extract,2
information,2
encounters,2
ideal,2
grand,2
spaces,2
yeoman,2
code,2
easy,2
wrought,2
bourgeois,2
agents,2
extended,2
encounter,2
arguments,2
goals,2
think,2
eric,2
question,2
commercial,2
argument,2
difference,2
frontiers,2
report,2
deftly,2
mutual,2
camps,2
numerous,2
expressions,2
grant,2
accept,2
dangerous,2
structuring,2
insight,2
include,2
although,2
socially,2
constructed,2
negotiable,2
simons,2
you,2
playing,2
inequalities,2
diaspora,2
remains,2
maintaining,2
profits,2
observation,2
specific,2
blacks,2
cheyenne,2
requires,2
interdisciplinary,2
cook,2
divergent,2
trigger,2
beings,2
alberta,2
broader,2
close,2
choice,2
antiracist,2
hypothesis,2
arlene,1
resolve,1
magdalen,1
residing,1
trajectory,1
superiority,1
now,1
abolition,1
battlefield,1
silberman,1
transportation,1
stimuli,1
mostly,1
mute,1
surround,1
takarazuka,1
brumfiel,1
child,1
chronological,1
flow,1
limits,1
prostitution,1
calgary,1
moment,1
representing,1
fertile,1
later,1
obfuscation,1
hfeways,1
commentary,1
dissects,1
michilimackinac,1
tyranny,1
emerson,1
functional,1
sequestered,1
paternalism,1
levers,1
cradle,1
darwinism,1
extend,1
dubliin,1
college,1
coast,1
monumenta,1
ran,1
determine,1
fences,1
implies,1
dissolution,1
adoption,1
poorer,1
saucers,1
considerably,1
totally,1
utility,1
philadelphia,1
distributed,1
connecticut,1
disregard,1
systemic,1
iroquoia,1
passing,1
nagpra,1
reflection,1
settlements,1
obsolete,1
unsure,1
summarizing,1
disclose,1
conquering,1
drastically,1
agency,1
ample,1
nostalgia,1
pacing,1
tend,1
closure,1
potosi,1
produces,1
linkages,1
likely,1
live,1
schools,1
homelots,1
patriarchies,1
true,1
solidarity,1
bias,1
lighthouse,1
mit,1
environment,1
impetuses,1
steve,1
interweave,1
favor,1
park,1
unnamed,1
realities,1
grove,1
biocultural,1
deviants,1
style,1
resistances,1
uaicoia,1
protection,1
resurgence,1
concretized,1
occurred,1
amply,1
overturning,1
perceptive,1
cornell,1
exceptions,1
service,1
ethnocide,1
englewood,1
corresponding,1
brashler,1
turning,1
themes,1
masterful,1
test,1
diasporic,1
factional,1
diffusion,1
uprising,1
consistent,1
compression,1
brightened,1
kohl,1
arguing,1
either,1
explaining,1
monogamous,1
earning,1
australia,1
languedoc,1
malone,1
humble,1
nonwage,1
kulikoff,1
destroying,1
supposedly,1
localities,1
derives,1
exclusive,1
piedmont,1
individualist,1
attempts,1
pushes,1
motivations,1
enables,1
address,1
rush,1
daughters,1
sanjek,1
refusal,1
expectation,1
articulate,1
allow,1
font,1
kent,1
retreat,1
freely,1
discerned,1
departure,1
experiments,1
asia,1
ranching,1
sell,1
definition,1
heated,1
consciousness,1
rchitecture,1
layout,1
able,1
genocidal,1
jamaican,1
continue,1
tradition,1
assess,1
advantage,1
neal,1
parameters,1
suggesting,1
conceptualized,1
epperson,1
highland,1
appearance,1
journals,1
gradual,1
farmers,1
wave,1
rich,1
narrative,1
senses,1
follows,1
sometime,1
housewife,1
hundred,1
concludes,1
mississippi,1
composition,1
ort,1
religion,1
expense,1
handler,1
schuyler,1
evolving,1
harvey,1
wealthy,1
help,1
crockery,1
integrate,1
bering,1
roosevelt,1
cc,1
professionalism,1
boardinghouse,1
tangible,1
mind,1
date,1
murray,1
fullest,1
stand,1
sacred,1
privies,1
principal,1
robert,1
dincauze,1
deriving,1
surely,1
china,1
alike,1
somewhat,1
hopkins,1
intelligence,1
periodizing,1
spirituality,1
interlinkage,1
tendrils,1
worldwide,1
cuenca,1
rethinking,1
cruxent,1
prosper,1
dinners,1
inquiry,1
caregiving,1
concealed,1
documenting,1
evaluation,1
disdained,1
meal,1
mercantilism,1
forum,1
depending,1
maroon,1
unmediated,1
inquire,1
conquests,1
formulation,1
money,1
motion,1
constraint,1
sociohistorically,1
conditioned,1
incorporate,1
addresses,1
daddy,1
economics,1
retain,1
vol,1
suicide,1
porter,1
hermitage,1
felt,1
capable,1
salem,1
temperance,1
cressy,1
shared,1
realignment,1
charlottes,1
arcaheology,1
functions,1
etienne,1
reduce,1
vital,1
russo,1
invited,1
combination,1
conceptual,1
ignores,1
establishment,1
conception,1
laws,1
realistic,1
askins,1
chart,1
redefining,1
above,1
mountains,1
promises,1
purisma,1
melting,1
sketched,1
kristiansen,1
handbuilt,1
sign,1
overlaps,1
phenomenal,1
controlled,1
colonized,1
hygiene,1
internationaljournal,1
tribute,1
segregation,1
dislocation,1
postmedieval,1
zimbabwe,1
phase,1
liverani,1
typological,1
domesticated,1
shacks,1
collapse,1
machine,1
affiliation,1
dependence,1
catalonian,1
angles,1
merchants,1
historically,1
credentialing,1
montreal,1
captured,1
explained,1
difficulties,1
immediate,1
representations,1
cott,1
accommodation,1
basque,1
analyzing,1
intensifying,1
fatherlands,1
realized,1
dramatically,1
immaculate,1
sacramento,1
magic,1
unpublished,1
silent,1
bodily,1
raton,1
forgotten,1
regarded,1
viewing,1
dia,1
headway,1
mutable,1
elegantly,1
excavations,1
price,1
application,1
tucson,1
encyclopedia,1
emerges,1
smells,1
media,1
rooted,1
awl,1
parable,1
publishes,1
kind,1
nazis,1
evaluate,1
occasioned,1
inhabited,1
sustain,1
candidates,1
mixed,1
subordinated,1
ct,1
clark,1
underlying,1
david,1
segmented,1
infrequently,1
architectural,1
differently,1
deforest,1
withdraw,1
props,1
response,1
lancashire,1
abortion,1
young,1
homelands,1
moving,1
suitable,1
elaborated,1
folkways,1
truly,1
publications,1
vanish,1
constant,1
weight,1
ladies,1
revised,1
y,1
takers,1
pueblo,1
communication,1
bottles,1
pilgrim,1
constructs,1
resolutions,1
olive,1
precapitalist,1
deeply,1
conceive,1
traditions,1
lens,1
consumerism,1
guard,1
chinese,1
jones,1
traits,1
generation,1
cottons,1
nuanced,1
stanley,1
poorly,1
depths,1
narragansett,1
constriction,1
anglo,1
kept,1
crossroads,1
worst,1
industries,1
fishy,1
jean,1
banana,1
ideals,1
higher,1
oj,1
theorized,1
civilization,1
steps,1
operation,1
libidinal,1
displacement,1
steal,1
essentialisms,1
colour,1
sociopolitics,1
topic,1
fayola,1
aborigines,1
avoids,1
manipulated,1
evaluates,1
adequate,1
essential,1
ably,1
russian,1
costs,1
identification,1
westport,1
groover,1
camp,1
principally,1
rchaeology,1
carrollton,1
residence,1
aimed,1
federal,1
arising,1
majorities,1
dominica,1
remain,1
materialistic,1
smoking,1
worldly,1
sort,1
basic,1
posits,1
influential,1
explicit,1
fastest,1
vestige,1
hold,1
subdivision,1
lasting,1
neatly,1
demonstrates,1
politicaleconomic,1
adopted,1
goes,1
abstraction,1
deprived,1
risk,1
associate,1
persistent,1
manages,1
progressive,1
thing,1
similar,1
humanity,1
institutionalization,1
leave,1
adjustments,1
retailing,1
parts,1
population,1
disintegration,1
dialogue,1
references,1
sanctuary,1
scales,1
commemorating,1
himmer,1
madagascar,1
practicing,1
antithesis,1
polite,1
expressing,1
divided,1
underline,1
pleasures,1
ordeal,1
thomas,1
reason,1
privy,1
accounts,1
broome,1
bosses,1
mrs,1
dialectically,1
freedmen,1
colonizing,1
developments,1
romantic,1
reconceptualization,1
proving,1
genocide,1
postmodern,1
prehistory,1
females,1
consider,1
capitalization,1
needless,1
occupational,1
mahican,1
breeds,1
image,1
peasants,1
intertwined,1
caveat,1
fish,1
russell,1
liberal,1
warren,1
prolonged,1
underlines,1
air,1
walby,1
receiving,1
placed,1
welfare,1
articulated,1
displays,1
remaking,1
argued,1
accumulating,1
gero,1
russ,1
oppressive,1
acknowledges,1
underwater,1
exploited,1
ecuador,1
additional,1
textile,1
contemplates,1
millennium,1
peru,1
tourism,1
putting,1
parsimonious,1
tribalization,1
beef,1
archeological,1
willing,1
firmly,1
injustice,1
mainstay,1
semiotically,1
care,1
conceptualizations,1
aston,1
opinion,1
coincide,1
providing,1
ian,1
disclosed,1
appear,1
paragraph,1
noncapitalist,1
lewelling,1
union,1
catawba,1
unproductive,1
experimentation,1
opening,1
expressed,1
theft,1
merging,1
columbia,1
thousands,1
introduce,1
could,1
formulations,1
holds,1
medicine,1
entering,1
underwriting,1
strength,1
critically,1
attack,1
estabrook,1
lived,1
energetic,1
vulnerability,1
deal,1
demands,1
criticisms,1
toothbrushes,1
herding,1
barry,1
colono,1
persist,1
eat,1
insularity,1
illuminated,1
haven,1
reactionary,1
montserrat,1
butch,1
term,1
detailing,1
hiring,1
big,1
wonder,1
companion,1
cups,1
sword,1
histonc,1
sharecropping,1
oklahoma,1
codification,1
unwanted,1
fishermen,1
affirms,1
seizing,1
dropped,1
omnipresence,1
michigan,1
skilled,1
textaided,1
agreements,1
tools,1
residential,1
constraining,1
walde,1
brenner,1
meet,1
promise,1
binghamton,1
track,1
skunk,1
gilded,1
wresting,1
appearing,1
otherwise,1
energy,1
contesting,1
claassen,1
emulating,1
anecdote,1
spiritual,1
debunks,1
brooklyn,1
networks,1
necessities,1
wide,1
revived,1
tracking,1
naturalism,1
periodization,1
encroachment,1
james,1
stations,1
sales,1
impression,1
experiment,1
alienation,1
underlie,1
watershed,1
syria,1
uuter,1
gained,1
directly,1
feeding,1
cheers,1
expansionary,1
network,1
distinguish,1
believable,1
seminal,1
blath,1
shopkeepers,1
planning,1
degenerate,1
residents,1
baroque,1
organize,1
responding,1
tool,1
hemispheres,1
emphasis,1
carry,1
leisure,1
framed,1
decisions,1
ku,1
claim,1
imagined,1
significantly,1
heavily,1
divides,1
tarly,1
discusses,1
competing,1
norm,1
planter,1
curriculum,1
reduction,1
farmstead,1
pulls,1
hebrides,1
lays,1
patterning,1
danish,1
pasts,1
revealed,1
thoughts,1
caught,1
pipe,1
intermediate,1
texture,1
got,1
dividing,1
quarter,1
egalitarian,1
insert,1
whole,1
surrounds,1
consistently,1
discussions,1
redrew,1
millions,1
northwest,1
overtly,1
marge,1
reduces,1
beginnings,1
consumptively,1
falling,1
survey,1
rituals,1
translated,1
warns,1
away,1
breaks,1
legislation,1
complemented,1
overseas,1
differentially,1
achieving,1
predominance,1
òtuaies,1
alan,1
distinctly,1
visions,1
disasters,1
visiting,1
trends,1
manifestation,1
cults,1
regions,1
earth,1
arkansas,1
contests,1
preceded,1
permit,1
solution,1
freeholding,1
punctuated,1
hang,1
upheavals,1
cliffs,1
useful,1
responsibility,1
woodsplint,1
armories,1
tom,1
occasionally,1
stage,1
involve,1
dictionary,1
homogenous,1
contrast,1
mediterranean,1
discourse,1
standpoint,1
excavation,1
quite,1
lords,1
acted,1
night,1
emerging,1
openly,1
proximate,1
characteristics,1
transport,1
la,1
contextualizmg,1
knives,1
revealing,1
migrating,1
components,1
bridge,1
masking,1
resolution,1
transfer,1
temporary,1
mi,1
homogenization,1
insulate,1
hardesty,1
traitor,1
shadows,1
decline,1
distinguished,1
ancestors,1
dowry,1
boundaries,1
motherhood,1
workforce,1
seeds,1
corporations,1
widely,1
degradation,1
philip,1
preceding,1
vein,1
trailing,1
proletarians,1
bemoans,1
paid,1
estates,1
shackel,1
cotton,1
distinguishing,1
roots,1
cycle,1
plausible,1
undergoing,1
ghost,1
provided,1
dam,1
pot,1
pervasive,1
humanistic,1
blindspots,1
landlords,1
geographical,1
heritage,1
pattern,1
postmodernity,1
nassaney,1
flourished,1
analytic,1
secret,1
handle,1
uncommon,1
therefore,1
node,1
foremen,1
statuses,1
led,1
referent,1
adhering,1
transform,1
republic,1
business,1
delineating,1
müller,1
myth,1
reduced,1
anew,1
conforming,1
discriminatory,1
disciplining,1
bringing,1
aim,1
penetrating,1
britain,1
appearances,1
concentrated,1
techniques,1
tlingit,1
theorizing,1
brief,1
anthrodoloeical,1
debbie,1
reorganization,1
spencerwood,1
positioned,1
attempt,1
convince,1
still,1
precolonial,1
shopkeeping,1
tor,1
says,1
realizing,1
presently,1
woods,1
experiences,1
precedes,1
interrelations,1
terrain,1
cracks,1
reforming,1
recreating,1
perennial,1
rebellions,1
seemingly,1
thailand,1
abrupt,1
strategic,1
va,1
ozark,1
pervades,1
oneida,1
gilbert,1
trenchant,1
cheap,1
outlets,1
ineffective,1
bloodat,1
edited,1
advent,1
incipient,1
violence,1
represents,1
read,1
thought,1
acknowledgments,1
hegemonic,1
precolumbian,1
array,1
morgan,1
columbus,1
mobile,1
restricted,1
thepraetzellises,1
challenged,1
neither,1
differentiate,1
temperate,1
minders,1
index,1
abel,1
participants,1
falls,1
railroad,1
genteel,1
orders,1
intersects,1
assistance,1
note,1
raper,1
trobriand,1
undergird,1
performed,1
sharply,1
essentialist,1
gi,1
repercussions,1
broad,1
wright,1
nineteenthcentury,1
insights,1
fulcrum,1
internalizing,1
reports,1
mention,1
learns,1
gentlemen,1
frameworks,1
possibilities,1
entwined,1
fawcett,1
intersection,1
sometimes,1
suzanne,1
picture,1
hallmark,1
disciplinary,1
regardless,1
lack,1
infrastructural,1
outbreak,1
balancing,1
inhabitants,1
organizations,1
serfs,1
name,1
buckles,1
eschews,1
splendidly,1
bushman,1
paraguay,1
nanepashemet,1
french,1
suit,1
commodification,1
challenge,1
dichotomies,1
locust,1
delinks,1
knife,1
mark,1
whitewares,1
death,1
racisms,1
pointed,1
whaling,1
available,1
deserves,1
varies,1
put,1
decorative,1
nevada,1
projects,1
uncasville,1
andeans,1
generously,1
water,1
smith,1
comparison,1
analytical,1
artiîacts,1
investigates,1
efforts,1
joyce,1
shows,1
happening,1
marker,1
consideration,1
stories,1
underwrote,1
treatment,1
device,1
overwhelming,1
conduct,1
abilities,1
maternal,1
indies,1
music,1
creative,1
plundering,1
highlands,1
agree,1
match,1
wine,1
regulation,1
rubertone,1
euroamericans,1
angele,1
pacific,1
farming,1
reductionist,1
granting,1
debated,1
deleterious,1
resolved,1
golden,1
fashion,1
bell,1
fragments,1
battery,1
rhetoric,1
rhythms,1
conclusions,1
racist,1
kit,1
assimilationist,1
organizing,1
ron,1
impinge,1
cambodia,1
covered,1
operating,1
manner,1
informing,1
considers,1
metaphors,1
empire,1
establish,1
michael,1
surveillance,1
ontological,1
coincided,1
forth,1
reshaped,1
appropriating,1
decorations,1
tswana,1
literatures,1
assemblage,1
grave,1
ladder,1
admittedly,1
shifts,1
reflected,1
imputed,1
ecology,1
mormons,1
polities,1
reminds,1
widow,1
oppress,1
charleston,1
years,1
ethnocidal,1
original,1
ephemeral,1
acknowledgment,1
ine,1
exhibit,1
balance,1
exploring,1
vast,1
clients,1
expanded,1
excluding,1
examples,1
managerial,1
lands,1
twoedged,1
hothouses,1
accompanying,1
implicated,1
cult,1
sides,1
servant,1
discrimination,1
formal,1
handmaiden,1
desperate,1
mechanization,1
enormous,1
manufactured,1
depended,1
merge,1
clustered,1
illumination,1
purser,1
cabins,1
findings,1
reburial,1
profitable,1
fed,1
complement,1
transferable,1
kinks,1
omnipresent,1
refers,1
robinson,1
aesthetics,1
perception,1
manipulation,1
engaging,1
dissolving,1
vortices,1
prominently,1
labourers,1
pleasure,1
resulting,1
exhibited,1
trend,1
real,1
services,1
laboratory,1
examination,1
full,1
raising,1
write,1
filigree,1
dismissed,1
necessitated,1
sound,1
pennsylvania,1
involves,1
described,1
clearing,1
maid,1
negotiating,1
urbana,1
leads,1
reality,1
applied,1
emphasizing,1
trap,1
publication,1
profession,1
metaphysics,1
battalion,1
ufe,1
folks,1
galways,1
ireland,1
ancestry,1
counter,1
syncretisms,1
resultant,1
indicate,1
determinist,1
blend,1
allowed,1
characterized,1
creolization,1
reformers,1
acquiescence,1
responses,1
causally,1
variance,1
stages,1
course,1
entitled,1
hthnicity,1
foucauldian,1
armorers,1
last,1
preservation,1
harder,1
martin,1
brauner,1
adequately,1
exhortation,1
never,1
creole,1
rejuvenation,1
valued,1
cup,1
probe,1
sentiment,1
realist,1
coercive,1
article,1
construct,1
imaginative,1
lesbian,1
nicely,1
nonpatriarchal,1
newspapers,1
industrially,1
spreads,1
viewpoint,1
hand,1
malleability,1
overcome,1
supported,1
mainly,1
thoughtfully,1
foramtion,1
attendant,1
lowcountry,1
cognition,1
dena,1
reordered,1
artisans,1
spatiality,1
analyze,1
gcuire,1
story,1
embeds,1
locales,1
looked,1
slipping,1
assesses,1
contending,1
slowdown,1
forefront,1
entails,1
nazi,1
deagan,1
joint,1
sugar,1
basically,1
pottery,1
alienated,1
universality,1
theorize,1
regimes,1
opposite,1
fitts,1
immigration,1
musseling,1
specialties,1
competed,1
etiquette,1
pequot,1
decision,1
anatomy,1
dietary,1
reinventing,1
indentured,1
farm,1
dealing,1
hasenstab,1
enough,1
things,1
individualism,1
outreach,1
simpler,1
extractive,1
suggestion,1
negotiations,1
escaping,1
penguin,1
beset,1
declaration,1
road,1
belonged,1
mckee,1
coopted,1
george,1
seifert,1
segments,1
broadened,1
attributes,1
apprentices,1
johns,1
foreign,1
hegemonies,1
untied,1
bound,1
claimed,1
sole,1
unwarranted,1
employment,1
contraction,1
oppressions,1
fewer,1
manly,1
widespread,1
substitution,1
success,1
palestinian,1
directions,1
collections,1
gathercole,1
yale,1
faces,1
seventeenth,1
multivalent,1
jar,1
clays,1
contribution,1
interplay,1
lhe,1
arguement,1
legitimacy,1
rapidly,1
storytellers,1
plains,1
frames,1
dynamism,1
testifies,1
wegars,1
continually,1
existed,1
caste,1
baron,1
table,1
supporting,1
starting,1
rath,1
instances,1
get,1
aboriginal,1
canada,1
propelling,1
francisco,1
association,1
paying,1
provocatively,1
resemble,1
enoch,1
pay,1
pogroms,1
earliest,1
lobago,1
articulations,1
addressed,1
starbuck,1
circumscribed,1
backcountry,1
reciprocal,1
share,1
wars,1
deposited,1
flies,1
proceed,1
resisting,1
manifesting,1
dispersed,1
civilizations,1
ontologies,1
complexity,1
mentioned,1
cataloging,1
founded,1
japan,1
extending,1
dishonest,1
tenancy,1
demonstrate,1
constituted,1
ever,1
oi,1
turn,1
democracies,1
extension,1
theme,1
implied,1
detail,1
precise,1
hueda,1
schaghticoke,1
wideranging,1
proposes,1
explicate,1
manitou,1
syncretic,1
willows,1
sherds,1
affirmative,1
established,1
minerals,1
survivals,1
sold,1
mccracken,1
rigorous,1
garman,1
assigned,1
defining,1
dimension,1
ville,1
enmeshed,1
deficiencies,1
dairy,1
tendencies,1
country,1
illuminate,1
gazette,1
equipage,1
parental,1
proponents,1
debilitating,1
india,1
novel,1
expanding,1
malagasy,1
sizes,1
connection,1
innovations,1
fertilizer,1
believe,1
nets,1
best,1
walks,1
discloses,1
half,1
fearless,1
knowledgeable,1
unacknowledged,1
vicious,1
epistemological,1
eugenics,1
insecure,1
hispanic,1
kowaleski,1
adhere,1
enforcing,1
benefit,1
separating,1
fail,1
ritchie,1
allocated,1
associations,1
cities,1
examining,1
elsewhere,1
innumerable,1
u,1
quoted,1
forks,1
edition,1
assessment,1
apparel,1
treasuries,1
cautions,1
integrates,1
drop,1
quiet,1
scholarly,1
constrain,1
mormon,1
reproduce,1
damping,1
implicit,1
kevin,1
rose,1
terms,1
labrador,1
stability,1
twisted,1
ones,1
involvement,1
rebellion,1
cause,1
pertinent,1
males,1
proven,1
map,1
rejuvenates,1
shall,1
reveiw,1
lemuels,1
abroad,1
extent,1
inscriptions,1
encased,1
appropriated,1
wanpeton,1
correlates,1
kingsmill,1
pursued,1
require,1
divide,1
cloth,1
embeddedness,1
yield,1
skillfully,1
belknap,1
observations,1
transmutation,1
alcohol,1
phenomena,1
afrojamaican,1
presumptions,1
freedom,1
size,1
mohegan,1
popular,1
vessels,1
wrenching,1
conference,1
practical,1
unseen,1
radically,1
abundantly,1
incommenserability,1
uniting,1
owner,1
larsen,1
exploitative,1
circumstances,1
probing,1
incorporating,1
paradise,1
recognition,1
logical,1
refinement,1
exercising,1
uniform,1
whiteness,1
consumerist,1
technologies,1
revolutions,1
mangan,1
courses,1
beer,1
ken,1
propertied,1
apartheid,1
plans,1
disciplines,1
cash,1
assumptions,1
situated,1
rigid,1
happens,1
territory,1
oî,1
impulses,1
screen,1
nonhuman,1
entry,1
summarizes,1
manufacturing,1
clothing,1
ranks,1
phenomenon,1
challenges,1
motivate,1
disrupted,1
exploit,1
evidenced,1
dispensed,1
definitions,1
aspect,1
postcolonial,1
recovered,1
buttons,1
animals,1
leap,1
perilous,1
jamaica,1
femme,1
klux,1
nonessentialist,1
wild,1
devoted,1
voluminous,1
tell,1
blakey,1
stagnant,1
recording,1
negro,1
legitimating,1
objectification,1
generate,1
mcmullen,1
disappear,1
persuasions,1
charts,1
rationalization,1
illinois,1
ushered,1
internally,1
materials,1
finally,1
publishing,1
undeveloped,1
submerged,1
manufacturers,1
joined,1
actively,1
richard,1
americas,1
bondage,1
correlated,1
cooper,1
define,1
building,1
hispaniola,1
manufacture,1
housewifization,1
product,1
smaller,1
brighton,1
politicians,1
landed,1
celibacy,1
conquered,1
already,1
minutia,1
await,1
reserving,1
extremely,1
quartz,1
fermented,1
increased,1
daniel,1
ranged,1
roughly,1
showed,1
anonymous,1
charles,1
endeavors,1
pertain,1
substitute,1
assumed,1
klein,1
bonding,1
bay,1
pathways,1
broadening,1
deployment,1
rejection,1
consisted,1
jeff,1
commodity,1
era,1
th,1
sharing,1
jason,1
norman,1
cahokian,1
texts,1
bounds,1
exclusively,1
gourd,1
valley,1
sciences,1
northwestern,1
utah,1
develop,1
corn,1
images,1
racially,1
cunzo,1
strong,1
worshipping,1
philippines,1
avoid,1
oí,1
doing,1
ca,1
societalwide,1
predicated,1
occur,1
deeper,1
looking,1
gold,1
faction,1
jackie,1
thorough,1
