WORDCOUNTS,WEIGHT
the,759
of,610
and,495
in,358
to,300
a,281
as,136
that,135
his,118
he,108
is,108
with,88
from,84
for,82
et,81
was,76
this,75
or,75
de,73
by,73
at,69
an,63
it,62
social,62
on,62
la,58
p,55
are,54
techniques,54
pp,53
evolution,47
technique,47
which,44
be,44
but,43
technical,41
not,38
also,36
were,35
their,35
des,34
human,30
its,30
have,29
prehistoric,28
tools,27
new,27
paris,27
through,27
du,26
other,26
le,25
time,25
les,25
such,25
one,24
memory,24
only,24
more,24
first,23
work,23
these,23
french,23
milieu,23
different,23
they,22
all,22
had,22
technology,22
him,22
ethnic,21
major,21
two,20
we,20
j,19
has,19
when,19
between,19
much,19
some,18
very,18
than,18
analysis,18
chaîne,18
art,18
production,17
university,17
because,17
would,17
philosopher,17
early,17
audouze,16
theoretical,16
can,16
opératoire,16
i,15
part,15
culture,15
same,15
m,14
groups,14
world,14
approach,14
archaeology,14
language,14
been,14
c,14
among,14
if,13
development,13
most,13
well,13
concept,13
aesthetics,13
préhistoire,13
methods,13
considered,13
material,13
into,12
there,12
andré,12
body,12
no,12
gesture,12
paleolithic,12
r,12
related,12
research,12
biological,12
geste,12
our,12
now,11
humans,11
influence,11
method,11
several,11
about,11
thought,11
prehistorians,11
individual,11
science,11
who,11
must,11
what,11
level,11
years,11
operational,11
concepts,10
behavior,10
thus,10
facts,10
even,10
study,10
means,10
prehistory,10
upper,10
could,10
cultural,10
field,10
v,10
made,10
ethnology,10
use,10
archaeological,10
evolutionary,10
living,10
although,10
parole,9
group,9
later,9
sapiens,9
framework,9
relations,9
rather,9
l,9
process,9
found,9
own,9
concerns,9
continuity,9
many,9
man,9
students,9
physical,9
sciences,9
over,9
speech,9
according,9
writing,9
cambridge,9
brain,9
classification,9
way,8
american,8
motor,8
s,8
point,8
technologie,8
how,8
organization,8
important,8
knowledge,8
whole,8
homo,8
present,8
another,8
upon,8
ideas,8
volumes,8
exteriorization,8
anthropology,8
interested,8
then,8
animal,8
became,8
chaînes,8
create,8
created,7
within,7
system,7
albin,7
diversity,7
since,7
elements,7
essential,7
en,7
levels,7
humanity,7
origins,7
view,7
used,7
realm,7
second,7
matter,7
fact,7
where,7
style,7
original,7
sequence,7
three,7
function,7
au,7
school,7
any,7
thinking,7
associated,7
opératoires,7
intellectual,7
each,7
theory,7
technological,7
close,7
stone,6
occurred,6
being,6
every,6
neolithic,6
origin,6
sought,6
journal,6
without,6
developed,6
cave,6
wanted,6
lithic,6
actes,6
called,6
aspects,6
calls,6
during,6
working,6
stage,6
next,6
will,6
led,6
identified,6
comparative,6
still,6
tendance,6
innovative,6
aux,6
analyzed,6
magdalenian,6
after,6
artificial,6
today,6
perspectives,6
order,6
sequences,6
types,6
symbolic,6
marcel,6
here,6
did,6
nouvelles,6
phd,6
them,6
while,6
missiles,6
jacques,6
france,6
actions,6
elementary,5
complex,5
seems,5
nature,5
secondary,5
great,5
real,5
state,5
possible,5
e,5
mental,5
along,5
g,5
interest,5
kind,5
perspective,5
machines,5
site,5
h,5
b,5
derived,5
old,5
edition,5
n,5
technologiques,5
relate,5
directly,5
comment,5
place,5
forces,5
characteristics,5
liberation,5
f,5
action,5
innovation,5
already,5
analytical,5
contemporary,5
rhythms,5
took,5
hand,5
do,5
vast,5
including,5
questions,5
processes,5
times,5
systems,5
become,5
analyze,5
un,5
translation,5
dans,5
biology,5
eventually,5
series,5
beginning,5
always,5
freedom,5
felt,5
both,5
introduced,5
specialists,5
specific,5
strong,5
bernard,4
meaning,4
functional,4
internationales,4
implies,4
totally,4
schools,4
english,4
approaches,4
position,4
excavation,4
history,4
archaeologists,4
intérieur,4
editions,4
book,4
resulting,4
take,4
last,4
anthropologists,4
key,4
representations,4
pincevent,4
review,4
professor,4
lectures,4
application,4
degrés,4
rooted,4
mauss,4
third,4
mechanical,4
occidental,4
industries,4
operations,4
main,4
borrowing,4
direct,4
space,4
specialization,4
just,4
raw,4
ou,4
search,4
her,4
rencontres,4
requirements,4
constantly,4
term,4
further,4
data,4
example,4
symbolism,4
year,4
published,4
presented,4
methodological,4
up,4
progress,4
ans,4
indeed,4
subject,4
etc,4
modes,4
degree,4
soon,4
included,4
useful,4
towards,4
together,4
paleoanthropians,4
forms,4
never,4
see,4
practice,4
japan,4
poles,4
understanding,4
discussion,4
trajectory,4
increase,4
clear,4
publication,4
express,4
like,4
period,4
japanese,4
so,4
creating,4
matière,4
often,4
me,4
responsiveness,4
fields,4
began,4
contribution,4
life,4
dissertation,4
set,4
locomotion,4
dimension,4
far,4
pour,4
works,4
form,4
ma,4
programs,4
manufacturing,4
question,4
argument,4
instead,4
cognitive,4
constructed,4
reflexive,4
involving,4
area,4
element,4
given,4
recent,4
beings,4
difficult,3
reindeer,3
mostly,3
concerned,3
introduction,3
replaced,3
logique,3
entries,3
asserted,3
ways,3
situation,3
mit,3
organic,3
before,3
descriptions,3
my,3
par,3
experience,3
diffusion,3
philosophers,3
long,3
japon,3
give,3
individuals,3
skills,3
governed,3
colloque,3
sees,3
evolving,3
mind,3
fait,3
those,3
classified,3
dd,3
case,3
chapter,3
vol,3
logical,3
apart,3
variations,3
genetic,3
himself,3
ends,3
includes,3
dobres,3
analyzing,3
sociale,3
characteristic,3
century,3
deeply,3
observer,3
act,3
grid,3
refitting,3
compatible,3
ascent,3
mammals,3
à,3
similar,3
changes,3
organized,3
emergence,3
air,3
powerful,3
beyond,3
helped,3
approche,3
methodology,3
artistic,3
greater,3
expressed,3
came,3
based,3
lead,3
musée,3
appearance,3
access,3
octobre,3
ethnologists,3
academic,3
débitage,3
explain,3
networks,3
opposition,3
network,3
figurative,3
future,3
tool,3
start,3
preferred,3
brought,3
explains,3
reduction,3
description,3
actually,3
floors,3
quite,3
few,3
using,3
am,3
rest,3
transform,3
materials,3
various,3
scientific,3
short,3
limited,3
constraints,3
make,3
movement,3
structural,3
interpretation,3
chronology,3
favorable,3
une,3
choices,3
department,3
longer,3
lucid,3
put,3
cortex,3
idea,3
fundamental,3
areas,3
nathan,3
abstract,3
reasoning,3
end,3
external,3
readers,3
outside,3
physiological,3
less,3
aurignacian,3
explicitly,3
grouping,3
examples,3
formal,3
empirical,3
significant,3
expression,3
factor,3
full,3
margaret,3
essay,3
characterized,3
dendrogram,3
course,3
devised,3
latter,3
spent,3
written,3
parallel,3
probably,3
saw,3
manufacture,3
increasing,3
relationship,3
quoi,3
directions,3
force,3
transformation,3
why,3
construction,3
united,3
education,3
itself,3
voies,3
freeing,3
quantitative,3
bilan,3
manual,3
endowed,3
known,3
know,3
natural,3
seem,3
lemonnier,3
derrida,3
paleontology,3
associations,3
better,3
concrete,3
transmitted,3
ones,3
making,3
particular,3
paléolithique,3
influenced,3
hundreds,3
step,3
phenomenon,3
evidenced,3
until,3
mode,3
should,3
files,3
states,3
extremely,3
remains,3
potential,3
north,3
famous,3
hypothesis,3
final,2
does,2
syntax,2
technician,2
revue,2
stood,2
utility,2
systemic,2
subsystems,2
center,2
large,2
globalization,2
obsolete,2
denied,2
kinds,2
mobility,2
identify,2
essays,2
true,2
modern,2
fixed,2
originality,2
unlike,2
exciting,2
source,2
corresponding,2
properties,2
leads,2
efficacy,2
accumulation,2
stressed,2
invention,2
creation,2
implications,2
might,2
musical,2
worked,2
rational,2
omega,2
experiments,2
affinities,2
available,2
desire,2
potentially,2
able,2
link,2
procedure,2
debt,2
subsequent,2
hélène,2
vertebrate,2
semiautomatic,2
intelligence,2
context,2
papers,2
takes,2
existence,2
balfet,2
interrogations,2
capacity,2
mutation,2
agriculture,2
rests,2
account,2
capable,2
determined,2
activity,2
adopting,2
functions,2
say,2
engage,2
audience,2
implements,2
central,2
goal,2
technicity,2
throughout,2
affiliation,2
proceeded,2
component,2
initial,2
philosophical,2
author,2
processus,2
inférieur,2
dozen,2
moment,2
adopted,2
occurs,2
excavations,2
insisted,2
ability,2
resting,2
distinct,2
université,2
concerning,2
back,2
encompass,2
bone,2
left,2
find,2
georges,2
flintknapping,2
traditions,2
general,2
claude,2
may,2
higher,2
henri,2
civilization,2
weapon,2
recognized,2
whose,2
links,2
doctorate,2
remain,2
influential,2
unit,2
subsistence,2
comparable,2
opportunity,2
earlier,2
connected,2
importance,2
contributions,2
special,2
white,2
animals,2
cresswell,2
solutions,2
acquisition,2
nor,2
require,2
acquisitions,2
established,2
familiar,2
retained,2
osaka,2
impact,2
traces,2
moyen,2
situations,2
age,2
connecting,2
followed,2
organisation,2
putting,2
neither,2
problems,2
terminology,2
pierre,2
maison,2
dominant,2
drawing,2
appear,2
whereas,2
diachronic,2
result,2
closely,2
identifying,2
societies,2
deal,2
spinning,2
late,2
traits,2
engraved,2
incompatible,2
symbols,2
younger,2
ed,2
however,2
dialectic,2
your,2
sedentism,2
randy,2
sites,2
having,2
basis,2
implement,2
received,2
archéologie,2
heart,2
degrees,2
training,2
northern,2
intermediate,2
refined,2
issues,2
collective,2
préhistorique,2
call,2
personal,2
chipped,2
reflect,2
lithique,2
seminars,2
ethnicity,2
near,2
découverte,2
change,2
construct,2
describing,2
suggest,2
barriers,2
intervals,2
accomplished,2
wider,2
highly,2
components,2
industry,2
fire,2
distinguished,2
anterior,2
appropriate,2
value,2
provided,2
activities,2
society,2
chronological,2
critical,2
england,2
imprint,2
absence,2
intended,2
acknowledged,2
disciplines,2
interactions,2
comments,2
initially,2
zoology,2
selection,2
humaine,2
anick,2
yet,2
makes,2
coevolution,2
under,2
us,2
thesis,2
perceived,2
acting,2
transformations,2
light,2
teaching,2
faits,2
humanities,2
accelerated,2
insights,2
essai,2
regional,2
chose,2
volume,2
definitions,2
spearthrowers,2
starting,2
coming,2
again,2
europe,2
conceived,2
covariations,2
rock,2
water,2
spear,2
consideration,2
head,2
clarendon,2
appeared,2
figurines,2
doubt,2
karlin,2
centre,2
manner,2
existing,2
establish,2
près,2
confrontation,2
teeth,2
books,2
flint,2
gives,2
multidisciplinary,2
remained,2
local,2
imagine,2
greatest,2
behaviors,2
considering,2
thanks,2
assemblages,2
concluding,2
writings,2
bergson,2
identity,2
food,2
techniaues,2
additions,2
refers,2
conditions,2
trend,2
continue,2
aesthetic,2
tardiglaciaire,2
dismissed,2
vu,2
discovered,2
raphaël,2
held,2
objets,2
allowed,2
antiquity,2
kept,2
inscribed,2
strangely,2
internal,2
narrow,2
overcome,2
ann,2
axe,2
cerebral,2
structure,2
parameters,2
tendency,2
industrialization,2
variabilité,2
modularity,2
stick,2
pottery,2
modifications,2
attention,2
créatrice,2
division,2
entitled,2
things,2
tentative,2
evolve,2
vision,2
referred,2
exceptional,2
detailed,2
try,2
length,2
adventure,2
composed,2
exists,2
face,2
articles,2
detail,2
following,2
sorting,2
complexity,2
primates,2
nervous,2
contradiction,2
haudricourt,2
totality,2
binford,2
refused,2
control,2
tendencies,2
commonplace,2
correspond,2
paper,2
cultures,2
ratio,2
global,2
east,2
innovations,2
board,2
regard,2
allied,2
laminaire,2
foundation,2
homme,2
ethnologie,2
humain,2
equilibrium,2
number,2
wood,2
atlatl,2
proposed,2
type,2
advances,2
born,2
virtual,2
automatic,2
décalage,2
fyssen,2
combined,2
whether,2
stability,2
references,2
sociology,2
pertinent,2
thirty,2
agricultural,2
xlèmes,2
supplemented,2
almost,2
too,2
phenomena,2
middle,2
translated,2
gratitude,2
facial,2
researchers,2
apparatus,2
intention,2
circumstances,2
preserved,2
interaction,2
activated,2
press,2
role,2
variability,2
stiegler,2
transition,2
ecology,2
arguments,2
complementarity,2
clothing,2
ethnoscience,2
evolutive,2
allows,2
pole,2
representation,2
exteriorizing,2
teilhard,2
devoted,2
spring,2
survival,2
electronic,2
après,2
national,2
publishing,2
include,2
françois,2
define,2
evidence,2
sur,2
defined,2
attempted,2
philosophy,2
pas,2
typology,2
needs,2
observation,2
supported,2
clarify,2
themselves,2
recherche,2
chicago,2
reached,2
digging,2
sharing,2
substantial,2
extériorisation,2
entire,2
observed,2
religions,2
broader,2
successive,2
oí,2
manufactured,2
exteriorized,2
occur,2
mémoire,1
miller,1
trick,1
go,1
brushing,1
connaissances,1
formulated,1
coupant,1
stimuli,1
o,1
faculties,1
triple,1
deny,1
limits,1
edge,1
behavioural,1
humankind,1
horizontal,1
standardisation,1
adopt,1
indicated,1
implying,1
stylistic,1
productions,1
conjoined,1
extrapolating,1
opponent,1
scholar,1
magdalénien,1
intricate,1
represent,1
judging,1
career,1
jacquard,1
cells,1
elaborating,1
resulted,1
college,1
réalisation,1
presses,1
connection,1
extends,1
ultimate,1
diagnose,1
destinée,1
starts,1
manuscript,1
per,1
linguistic,1
décapage,1
flavors,1
told,1
settlements,1
enlightening,1
needed,1
dc,1
saved,1
spine,1
drastically,1
agency,1
nouveau,1
locked,1
diversification,1
informative,1
library,1
constitutes,1
specialist,1
continent,1
shy,1
finalist,1
mais,1
studies,1
conscious,1
proud,1
former,1
geometric,1
necessarily,1
gamble,1
maghreb,1
interrupted,1
ambitious,1
observing,1
postprocessualism,1
bp,1
nineteenth,1
postulates,1
induced,1
système,1
bard,1
flaws,1
sequential,1
dose,1
unpractical,1
cutting,1
said,1
reprinted,1
member,1
expanding,1
cast,1
sit,1
either,1
submitted,1
hence,1
imprints,1
preceding,1
progressed,1
regulating,1
sytèmes,1
triplets,1
coexist,1
originally,1
achieved,1
fund,1
taken,1
concentrated,1
feeling,1
offerts,1
rapid,1
preoccupied,1
archer,1
claudine,1
ourselves,1
analogies,1
olga,1
hatched,1
transmission,1
definition,1
loom,1
statuaire,1
fresco,1
shaped,1
scientifique,1
leading,1
broadly,1
itechnique,1
reasons,1
thank,1
supple,1
bead,1
accumulated,1
megaorganism,1
follows,1
studied,1
verbal,1
incident,1
réflexions,1
transforms,1
closer,1
scheme,1
concludes,1
composition,1
monograph,1
greatly,1
faunal,1
help,1
outset,1
introduces,1
nouvelleguinée,1
feature,1
pélegrin,1
biologists,1
resorting,1
manipulating,1
stand,1
influences,1
primitive,1
principal,1
robert,1
enloe,1
moi,1
suspension,1
agressivity,1
discipline,1
reading,1
boeck,1
negligible,1
followers,1
british,1
zinjanthropus,1
pa,1
corresponded,1
correlated,1
basketry,1
linear,1
eastern,1
pulled,1
modify,1
adapts,1
histoire,1
propensity,1
notoriety,1
primary,1
conditioned,1
amplified,1
critères,1
draw,1
right,1
design,1
mythology,1
placement,1
opened,1
welcome,1
lifetime,1
fl,1
systèmes,1
establishing,1
powers,1
october,1
julian,1
bibliography,1
prove,1
vital,1
invited,1
élan,1
combine,1
intelligent,1
exchanges,1
diffused,1
resources,1
classifications,1
laws,1
cited,1
dynamic,1
synthèse,1
undoubtedly,1
facto,1
bruxelles,1
moral,1
aptitudes,1
conkey,1
janet,1
range,1
généalogie,1
crystallized,1
localized,1
exist,1
tribute,1
coils,1
civilisations,1
iimilieu,1
multidimensional,1
zoologie,1
deux,1
unpublished,1
sorbonne,1
verberie,1
cortical,1
everybody,1
distinctive,1
drastic,1
dynamics,1
utopian,1
mm,1
past,1
illustrates,1
predetermined,1
tables,1
realized,1
rythmes,1
laboratoire,1
pièces,1
vertebrates,1
machine,1
raton,1
neighbors,1
recording,1
domain,1
regarded,1
reproduced,1
accidentally,1
decided,1
inspiring,1
price,1
outillages,1
boca,1
encyclopedia,1
ins,1
employing,1
insofar,1
universitaires,1
structuralist,1
fluids,1
echo,1
subtraction,1
société,1
weaknesses,1
progressive,1
appearred,1
chez,1
unity,1
refuses,1
rank,1
cases,1
parallelism,1
remembering,1
developments,1
items,1
destroyed,1
channeled,1
evident,1
permitted,1
document,1
marciaann,1
refer,1
fig,1
editing,1
response,1
serving,1
completing,1
transitional,1
channels,1
six,1
difficulty,1
generated,1
inclusion,1
served,1
levantine,1
compared,1
unchanged,1
varieties,1
libraries,1
grammatnlnpie,1
publications,1
converging,1
powerfully,1
warned,1
semantic,1
swords,1
explore,1
y,1
leurs,1
archaeologist,1
student,1
reflexion,1
spite,1
reformulate,1
apocalypse,1
details,1
apparently,1
abbé,1
conceive,1
prodigious,1
conducting,1
occasion,1
chinese,1
generation,1
shall,1
word,1
error,1
intuition,1
mechanism,1
perfect,1
morphometric,1
jean,1
phases,1
anthropoids,1
themes,1
mechanisms,1
magdalénienne,1
steps,1
oxford,1
simultaneously,1
profoundly,1
avoids,1
americans,1
biographie,1
york,1
town,1
graphics,1
présentation,1
identification,1
comportements,1
duckling,1
growth,1
superficial,1
centered,1
generations,1
adds,1
stop,1
illustration,1
sort,1
basic,1
bifaces,1
annette,1
reference,1
preparing,1
notion,1
holistic,1
completely,1
conceptions,1
represented,1
analyzes,1
dealt,1
arm,1
singing,1
dp,1
determining,1
preparatory,1
risk,1
carcass,1
teacher,1
sectors,1
supermechanism,1
françoise,1
certain,1
interacted,1
entre,1
shyness,1
parts,1
tan,1
undertaking,1
dialogue,1
possess,1
offering,1
read,1
impressed,1
collecting,1
chemins,1
arbor,1
addressing,1
modified,1
recherches,1
ij,1
determination,1
worlds,1
escape,1
mission,1
plus,1
etymological,1
perplexity,1
praise,1
marks,1
skeleton,1
flexibility,1
objects,1
improvement,1
statistical,1
spreading,1
borrowed,1
slowly,1
consolidate,1
linked,1
photographs,1
proved,1
section,1
director,1
inaudite,1
monde,1
spirit,1
préhistoriens,1
japonais,1
placed,1
aly,1
gradually,1
articulated,1
contemporaries,1
weak,1
argued,1
calendar,1
witnessing,1
accumulating,1
retrospective,1
show,1
operate,1
fashioned,1
max,1
categories,1
follow,1
readings,1
shed,1
efficient,1
notions,1
consequence,1
evolves,1
recur,1
activité,1
plenum,1
permanent,1
solve,1
vart,1
invariant,1
protohistory,1
metal,1
suggested,1
providing,1
trained,1
personified,1
admiration,1
classify,1
numerical,1
perceive,1
thrust,1
constructive,1
conquest,1
behaviour,1
opening,1
problem,1
directe,1
whom,1
introduce,1
path,1
simplifying,1
allow,1
unfolding,1
culturelle,1
diverging,1
cyclique,1
acknowledgments,1
basin,1
begun,1
hands,1
typical,1
speaker,1
epistemological,1
conjoining,1
centers,1
generates,1
changed,1
intentionality,1
international,1
primacy,1
worker,1
remontage,1
viking,1
cart,1
thames,1
diplomas,1
density,1
intensive,1
applying,1
pure,1
topics,1
equally,1
neighboring,1
generalists,1
furthermore,1
traced,1
founder,1
informed,1
though,1
effective,1
flageolet,1
caves,1
war,1
reviews,1
couteau,1
mediated,1
bore,1
interruption,1
appears,1
audotize,1
française,1
chaínes,1
priorities,1
fulfill,1
applied,1
purchased,1
scale,1
intertwined,1
fish,1
record,1
occidentale,1
perform,1
foreshadowed,1
centrale,1
approached,1
required,1
andre,1
compare,1
taught,1
acceleration,1
wide,1
sackett,1
died,1
pourquoi,1
cognition,1
property,1
possibility,1
soustelle,1
ethnologue,1
philosophic,1
briefly,1
receive,1
outil,1
distinguishes,1
biologiques,1
jim,1
emanation,1
shape,1
chopping,1
gained,1
periodical,1
feeding,1
participation,1
anna,1
faire,1
accounting,1
epistemologist,1
swiss,1
artifacts,1
criticize,1
inferred,1
hydraulic,1
listening,1
extérieur,1
reader,1
heavily,1
pathway,1
london,1
drew,1
breeding,1
denial,1
actors,1
uncovering,1
gender,1
perpetually,1
literature,1
gave,1
describe,1
fit,1
discussions,1
broad,1
constitute,1
contains,1
javelin,1
relevance,1
increasingly,1
participated,1
ethnographical,1
différentes,1
augment,1
attendue,1
australanthropians,1
materialization,1
douglas,1
paléolithiques,1
psychologist,1
employed,1
realms,1
spearthrower,1
capacities,1
artifact,1
craftsman,1
class,1
graph,1
strongest,1
lithics,1
attributed,1
contradictions,1
finalities,1
refuse,1
rivet,1
contingence,1
bibliographies,1
techniquethest,1
concentrates,1
causal,1
good,1
responses,1
solution,1
paintings,1
painting,1
arise,1
parcours,1
correct,1
ago,1
current,1
tentacles,1
insoluble,1
shaping,1
theoretically,1
leisure,1
involve,1
sert,1
clothes,1
discourse,1
squarely,1
sharp,1
claim,1
emerging,1
suppi,1
around,1
family,1
encompasses,1
dinan,1
reconstructions,1
charismatic,1
spanish,1
initiating,1
tixier,1
migration,1
smithsonian,1
magdaléniens,1
oral,1
fonction,1
transfer,1
museum,1
decentralization,1
essentially,1
agronomic,1
ancestors,1
technologues,1
symbolique,1
degradation,1
ofer,1
core,1
clever,1
fully,1
mythological,1
barely,1
articulation,1
générale,1
indiens,1
problèmes,1
disagreement,1
carmel,1
nous,1
results,1
describes,1
organs,1
notice,1
stir,1
roots,1
notes,1
lore,1
grateful,1
displaced,1
finds,1
frontal,1
auditory,1
massive,1
enjoy,1
reducing,1
schematic,1
prehistorian,1
holding,1
teleology,1
avoid,1
russian,1
predetermination,1
faber,1
edmonds,1
subsequently,1
periods,1
bassin,1
alternatives,1
span,1
uncommon,1
defended,1
happen,1
laughed,1
usable,1
processual,1
tasks,1
san,1
quarry,1
lyon,1
units,1
investigating,1
occipital,1
fly,1
jest,1
demand,1
reduced,1
observations,1
resides,1
european,1
technoeconomic,1
polished,1
australopithecenesy,1
synchronized,1
ploux,1
economic,1
injuring,1
incorrect,1
wrote,1
synthesis,1
positions,1
overall,1
expansion,1
rythme,1
corporation,1
bostock,1
classic,1
forward,1
fruit,1
nearly,1
exception,1
brings,1
reorganization,1
standardization,1
reduce,1
paleozoic,1
narrowing,1
fossil,1
judgment,1
humains,1
schematics,1
presently,1
stellar,1
symmetry,1
currency,1
adze,1
experiences,1
manifest,1
precedes,1
sending,1
choix,1
interrelations,1
strategic,1
sortir,1
mediator,1
single,1
illuminating,1
undergo,1
hominids,1
guide,1
hoe,1
once,1
coherence,1
prolongation,1
communications,1
sweeping,1
emerged,1
incipient,1
etiolles,1
fascinating,1
opportunities,1
intense,1
rules,1
accident,1
pendant,1
balistiaues,1
alongside,1
fluting,1
programmatologie,1
plough,1
evolved,1
cruithne,1
paradoxes,1
inspiration,1
paleontological,1
ne,1
selective,1
antler,1
ancient,1
elizabeth,1
maget,1
processing,1
intelligible,1
infrastructure,1
domestiqué,1
minuit,1
experimental,1
bromberger,1
foresight,1
al,1
montereau,1
dichotomie,1
acknowledging,1
reduces,1
largest,1
begins,1
replaces,1
représentation,1
moments,1
assimilated,1
ethnomorphological,1
foucault,1
avoided,1
fairly,1
skeletons,1
double,1
testimony,1
diverged,1
preeminence,1
méthode,1
fruitful,1
members,1
reach,1
lewis,1
unlimited,1
paul,1
physiology,1
heritage,1
ingold,1
dichotomies,1
clive,1
septentrionale,1
supérieur,1
mark,1
grips,1
neanthrvpians,1
toward,1
fin,1
others,1
grasping,1
renewed,1
academy,1
accumulates,1
towns,1
mnemonic,1
motifs,1
projects,1
successively,1
demographic,1
missing,1
comparison,1
lacked,1
seconds,1
faster,1
d,1
diminishing,1
limit,1
preserve,1
storing,1
scholars,1
advantage,1
creative,1
milestone,1
essence,1
choice,1
really,1
oneself,1
break,1
isolate,1
breuil,1
eric,1
atomic,1
surfaces,1
quelques,1
debates,1
everything,1
outlines,1
seize,1
variation,1
formulating,1
identical,1
distributions,1
fashion,1
imperfect,1
knapped,1
feedback,1
pairing,1
jetcraft,1
observes,1
superstructure,1
simple,1
fear,1
anthropologist,1
rejuvenation,1
ages,1
throwing,1
promoted,1
monographs,1
prime,1
geography,1
corps,1
nonfigurative,1
cards,1
actor,1
prespecified,1
il,1
developing,1
forelimb,1
leisures,1
accepted,1
relevant,1
axes,1
shown,1
ainu,1
forth,1
outs,1
necessary,1
digard,1
maturity,1
anthropologie,1
deep,1
fieldwork,1
weaken,1
belief,1
reconstructing,1
chauvet,1
essayé,1
cnrsmars,1
counterpart,1
confront,1
reflected,1
encountered,1
mill,1
regionally,1
realize,1
girard,1
nicole,1
thoroughly,1
bibliographic,1
bulletin,1
interpreting,1
demonstrated,1
entirety,1
meaningful,1
unsolved,1
extended,1
sensory,1
background,1
façonnage,1
width,1
australopithecus,1
eighteenth,1
sober,1
unquestionably,1
bear,1
values,1
outwards,1
cure,1
meals,1
exuberant,1
killing,1
fodor,1
mechanization,1
avons,1
retains,1
trends,1
manifestations,1
minister,1
claws,1
martinelli,1
computers,1
cranial,1
prevailed,1
operated,1
vêtement,1
prospective,1
mousterian,1
rescue,1
peu,1
virtually,1
vocabulary,1
academics,1
harvard,1
extraordinarily,1
energized,1
radiates,1
actual,1
variables,1
kingdom,1
engaged,1
nothing,1
poterie,1
evidencing,1
trust,1
overlap,1
previous,1
imagery,1
meg,1
california,1
theories,1
groupes,1
charge,1
insurmountable,1
warmly,1
rejected,1
distortion,1
homeric,1
open,1
significance,1
reality,1
adding,1
authors,1
stress,1
comprehensive,1
creator,1
mt,1
agreement,1
dominated,1
peter,1
correcting,1
technogenèse,1
statues,1
percussion,1
chair,1
tim,1
zoologique,1
belongs,1
inventing,1
plant,1
analysing,1
mask,1
played,1
stresses,1
stages,1
james,1
filled,1
anyone,1
préhistorien,1
renewal,1
peer,1
structuralism,1
applicable,1
standard,1
activates,1
provides,1
segment,1
excavating,1
imagination,1
exchange,1
repeated,1
finality,1
decide,1
margin,1
respective,1
conclusions,1
comparing,1
trying,1
elaborate,1
eyes,1
relation,1
ornaments,1
technologique,1
commands,1
consciously,1
acquire,1
crc,1
britain,1
deliberate,1
radiate,1
excluded,1
assigning,1
materialized,1
hunters,1
judgement,1
raised,1
costume,1
dominance,1
spain,1
equivalent,1
chronique,1
attracted,1
xxve,1
figures,1
forefront,1
need,1
burials,1
institution,1
pithecanthropus,1
destruction,1
relative,1
ego,1
adaptive,1
controversial,1
embodied,1
political,1
universality,1
sylvie,1
fonctionnement,1
widely,1
couper,1
applies,1
species,1
attended,1
alaska,1
overlapping,1
solar,1
israeli,1
dealing,1
factors,1
carried,1
culturels,1
dawn,1
suggestion,1
discussing,1
slender,1
metaphors,1
note,1
obtained,1
continued,1
george,1
provide,1
mediation,1
crucial,1
usually,1
régionaux,1
five,1
anatomical,1
constants,1
practical,1
philosophique,1
archeologìe,1
xlè,1
bound,1
sociologies,1
plans,1
epiphylogenetic,1
cnrs,1
select,1
faberhomo,1
même,1
vertical,1
lines,1
intimidating,1
millstone,1
repairing,1
attacking,1
slow,1
independence,1
becomes,1
dimensions,1
lost,1
apprehending,1
psychologie,1
faute,1
twigs,1
visual,1
lives,1
originated,1
furnish,1
inadequate,1
paradoxical,1
expert,1
stimulated,1
linking,1
reconsider,1
inspired,1
efficiency,1
expectations,1
foramen,1
borrowings,1
existed,1
fall,1
researcher,1
achieve,1
tendances,1
bones,1
frontier,1
respect,1
phillips,1
centuries,1
months,1
get,1
combines,1
anthropoid,1
paying,1
grounded,1
pressures,1
influencing,1
meant,1
xle,1
addressed,1
conformist,1
quantitatively,1
acquired,1
undertook,1
assistant,1
environment,1
stereotyped,1
reciprocal,1
share,1
earliest,1
small,1
rarely,1
monument,1
salines,1
historian,1
acheulean,1
rosenfeld,1
intervened,1
comes,1
ethnological,1
version,1
incorporated,1
functionalists,1
demonstrate,1
struck,1
ever,1
accounts,1
solidly,1
midtwentieth,1
eskimo,1
perforated,1
rereading,1
text,1
symbol,1
neanthropians,1
quaternary,1
semiplastic,1
novelties,1
pauses,1
bright,1
technologists,1
defining,1
berkeley,1
ethnologique,1
introducing,1
secured,1
novel,1
december,1
coupling,1
hosiery,1
capital,1
down,1
prominence,1
kilogram,1
printed,1
surprised,1
visiting,1
minimized,1
ideological,1
entering,1
bordes,1
expresses,1
perfectly,1
knapper,1
benefit,1
hundred,1
constant,1
differed,1
pictures,1
translating,1
chaotic,1
enlarged,1
places,1
turned,1
qualitatively,1
growing,1
clarity,1
sexual,1
diverses,1
succeeded,1
sinai,1
economy,1
anga,1
preexisting,1
unique,1
spatial,1
implicit,1
terms,1
worthwhile,1
insistence,1
firsthand,1
want,1
supports,1
tailored,1
era,1
orally,1
proven,1
despite,1
seasonal,1
edinburgh,1
mere,1
erect,1
ceased,1
neurology,1
angela,1
knapping,1
distribution,1
percussions,1
repetitive,1
piaget,1
chopper,1
thousands,1
corticalization,1
divide,1
changing,1
explored,1
strings,1
rationality,1
balance,1
views,1
evading,1
emphasis,1
urban,1
guilleescuret,1
size,1
topographical,1
lui,1
biography,1
remember,1
trees,1
uncontrolled,1
exemples,1
quadrangle,1
milieux,1
biologically,1
politics,1
hen,1
city,1
altogether,1
abri,1
content,1
regulate,1
convinced,1
african,1
giving,1
tried,1
recombining,1
lies,1
everywhere,1
went,1
adapted,1
impulses,1
acknowledges,1
modèles,1
gaucher,1
ucko,1
connotation,1
inventions,1
memories,1
frontoparietal,1
mention,1
isolated,1
associating,1
aspect,1
transferts,1
faculty,1
precision,1
pair,1
curator,1
come,1
proceeds,1
belated,1
determinism,1
normes,1
schlanger,1
francois,1
ultimately,1
youth,1
bodu,1
solids,1
difference,1
ignored,1
solely,1
disappear,1
élaboré,1
mutual,1
similarity,1
ancillary,1
tackled,1
twentieth,1
numerous,1
strikingly,1
finally,1
aware,1
public,1
unending,1
documentation,1
offer,1
joined,1
lively,1
typically,1
integrated,1
land,1
realism,1
socially,1
mutations,1
intertwining,1
product,1
modules,1
attributes,1
you,1
engraving,1
colleagues,1
apes,1
contours,1
increased,1
underlined,1
indices,1
showed,1
rereads,1
archanthropians,1
root,1
portrait,1
broadening,1
marxist,1
fugue,1
thing,1
liquid,1
renovator,1
australanthropian,1
conceptual,1
habilis,1
quatre,1
gestures,1
captivated,1
equipment,1
mediators,1
tactic,1
overtake,1
develop,1
images,1
immediately,1
chaine,1
creations,1
cross,1
built,1
signals,1
neuronic,1
deeper,1
looking,1
perpetual,1
