WORDCOUNTS,WEIGHT
the,1223
of,1154
and,838
in,637
a,448
to,336
that,257
is,176
evolutionary,169
as,157
university,152
p,149
pp,146
evolution,142
for,129
cultural,128
an,114
new,112
r,108
j,94
on,92
archaeology,91
by,85
be,82
selection,78
from,77
m,75
cambridge,72
are,71
change,68
it,67
this,65
k,64
not,64
was,63
e,62
s,62
c,62
with,61
or,60
which,60
social,59
american,57
t,56
at,55
theory,55
human,54
g,51
political,50
state,48
he,47
culture,47
d,46
york,44
archaeological,44
w,43
but,43
anthropological,43
they,41
more,41
has,40
variation,40
complex,39
h,39
no,38
l,38
i,37
have,37
spencer,36
journal,36
their,36
development,34
approach,34
such,33
anthropology,33
v,32
natural,32
et,31
approaches,30
ann,29
when,29
processualists,29
than,28
prehistoric,28
society,28
these,28
valley,28
view,27
over,27
one,26
history,26
other,26
museum,26
michigan,25
b,25
also,25
systems,25
population,24
only,24
between,24
his,23
study,23
model,23
monte,23
can,23
early,23
papers,22
research,22
academic,22
cañada,22
processes,22
we,22
role,22
n,22
how,21
its,21
were,21
perspective,20
processual,20
biological,20
selectionist,20
through,20
shift,20
specific,20
authority,19
into,19
central,19
origins,19
societies,19
tehuacán,19
time,19
zapotee,19
capacity,18
hierarchy,18
process,18
arbor,18
most,18
out,18
level,18
will,18
f,18
directed,18
been,18
what,18
lomas,17
all,17
agriculture,17
oaxaca,17
organization,17
about,17
patterns,17
strategies,17
seen,17
different,17
current,17
both,17
chiefdoms,16
review,16
mechanism,16
argued,16
because,16
flannery,16
regional,16
selectionism,16
science,16
antiquity,16
darwinian,16
control,16
historical,16
among,16
some,15
operation,15
ancient,15
so,15
hierarchical,15
biology,15
undirected,15
if,14
agency,14
archaeologists,14
there,14
within,14
alban,14
prehistory,14
emergence,14
four,14
data,14
directional,14
anthropologist,14
would,14
structure,14
relative,14
variability,14
rindos,13
origin,13
factional,13
phase,13
centralized,13
concept,13
annual,13
directionality,13
formative,13
two,13
do,13
explanation,13
upon,13
use,13
any,13
complexity,13
chicago,13
nature,12
system,12
de,12
mechanisms,12
rather,12
progress,12
rise,12
toward,12
individual,12
general,12
them,12
while,12
selectionists,12
must,12
although,12
evolutionism,12
recent,12
asserted,11
dunnell,11
autonomous,11
point,11
like,11
leadership,11
consequence,11
carrying,11
late,11
traits,11
woodland,11
order,11
gould,11
comparative,11
competition,11
same,11
contemporary,11
methodological,11
often,11
analysis,11
memoirs,11
terms,11
emergent,11
mesoamerica,10
principles,10
locality,10
levels,10
changes,10
important,10
called,10
scale,10
well,10
used,10
settlement,10
method,10
may,10
selective,10
estimated,10
chiefdom,10
made,10
theoretical,10
three,10
ecology,10
internal,10
arizona,10
adaptive,10
she,10
institutions,10
each,10
plants,10
agricultural,10
illinois,10
scalar,10
village,9
marcus,9
those,9
behavior,9
framework,9
had,9
result,9
appearance,9
behavioral,9
extrapolation,9
during,9
structures,9
punctuated,9
sequence,9
perspectives,9
becomes,9
who,9
key,9
texas,9
particular,9
adaptation,9
should,9
group,8
large,8
tend,8
might,8
could,8
great,8
existence,8
vol,8
warfare,8
elements,8
fig,8
ma,8
competitive,8
mexico,8
without,8
similar,8
operate,8
italics,8
london,8
polity,8
taxonomies,8
several,8
san,8
southern,8
al,8
power,8
pattern,8
honor,8
chiefly,8
concern,8
individuals,8
random,8
institution,8
quiotepec,8
proposed,8
form,8
archaic,8
potential,8
does,7
center,7
ways,7
being,7
long,7
production,7
military,7
ritual,7
diversity,7
progressive,7
phases,7
recognized,7
essential,7
unit,7
importance,7
beyond,7
strategy,7
suggested,7
irrigation,7
sedentary,7
austin,7
mesoamerican,7
aspects,7
applied,7
part,7
whole,7
trends,7
scientific,7
make,7
ceramic,7
single,7
oxford,7
under,7
pointed,7
many,7
fundamental,7
forces,7
necessary,7
increase,7
blanton,7
department,7
sociopolitical,7
ideology,7
cuicatlán,7
then,7
past,7
according,7
information,7
maintained,7
trujano,7
need,7
interaction,7
major,7
o,6
brumfiel,6
way,6
generated,6
groups,6
second,6
fitness,6
studies,6
modern,6
paleobiology,6
advantage,6
feature,6
cloud,6
ad,6
genetic,6
differential,6
southwestern,6
dynamics,6
sanders,6
underlying,6
effective,6
critique,6
advances,6
basic,6
subsistence,6
certain,6
understand,6
vieja,6
found,6
record,6
required,6
bc,6
strict,6
mixtee,6
brought,6
people,6
stanford,6
graph,6
villages,6
results,6
developmental,6
iglesia,6
periods,6
critical,6
action,6
economic,6
expansion,6
religious,6
us,6
larger,6
man,6
external,6
where,6
see,6
recognizes,6
shifts,6
function,6
transmission,6
adaptations,6
saw,6
attention,6
species,6
life,6
types,6
civilizations,6
alternative,6
principle,6
very,6
phd,6
problem,6
emphasis,6
analogy,6
models,6
survival,6
north,6
internally,6
evidence,6
states,6
defined,6
rosenberg,6
marxist,6
johnson,6
divergent,6
much,6
redmond,6
macroevolutionary,5
stylistic,5
functional,5
foraging,5
punctuational,5
position,5
contexts,5
said,5
first,5
localities,5
rapid,5
humans,5
emerged,5
did,5
eastern,5
characterize,5
along,5
here,5
ranked,5
relatively,5
regarded,5
santa,5
response,5
requires,5
international,5
though,5
war,5
future,5
work,5
actors,5
northern,5
own,5
below,5
around,5
up,5
press,5
led,5
situation,5
acknowledged,5
inclusive,5
shanks,5
yet,5
wright,5
noted,5
comparison,5
others,5
towards,5
forms,5
took,5
increases,5
number,5
explicitly,5
local,5
perdido,5
range,5
region,5
empirical,5
expression,5
food,5
harvard,5
recognize,5
period,5
distinction,5
favored,5
become,5
pottery,5
la,5
relationship,5
force,5
sequences,5
why,5
addressed,5
aspiring,5
darwin,5
earle,5
cognitive,5
equilibrium,5
public,5
explanations,5
cause,5
middle,5
world,5
conditions,5
integration,5
debate,5
south,4
edge,4
elite,4
aztec,4
introduction,4
systemic,4
expect,4
essays,4
properties,4
lower,4
explaining,4
chaos,4
diego,4
shaped,4
simple,4
analyses,4
religion,4
real,4
evolving,4
context,4
el,4
occasional,4
draw,4
account,4
resources,4
frequencies,4
throughout,4
hallpike,4
since,4
relations,4
occurs,4
concerning,4
columbia,4
even,4
look,4
jones,4
van,4
productive,4
space,4
developments,4
consider,4
established,4
linked,4
latin,4
elsewhere,4
powerful,4
plenum,4
appear,4
based,4
years,4
sanderson,4
occupation,4
leonard,4
viewed,4
recently,4
cannot,4
explain,4
sites,4
hierarchies,4
basis,4
related,4
criticized,4
childe,4
profiles,4
near,4
causal,4
least,4
teltser,4
smithsonian,4
alluvial,4
always,4
therefore,4
units,4
various,4
gradual,4
synthesis,4
schemes,4
brings,4
constraints,4
structural,4
southeast,4
interpretation,4
makes,4
rules,4
thought,4
independent,4
volume,4
successfully,4
civilization,4
idea,4
elman,4
typological,4
formation,4
less,4
perhaps,4
frequency,4
another,4
trait,4
understanding,4
processualist,4
organisms,4
systematics,4
previously,4
questions,4
involves,4
significance,4
stress,4
held,4
exchange,4
especially,4
viewpoint,4
comfortably,4
concluded,4
third,4
me,4
provide,4
ecological,4
effectively,4
contribution,4
itself,4
considered,4
environment,4
takes,4
following,4
comes,4
sciences,4
drew,4
cultures,4
contextual,4
emerges,4
better,4
her,4
foundations,4
urban,4
size,4
conference,4
nj,4
presented,4
far,4
multiple,4
given,4
became,4
subject,4
wild,4
ultimately,4
institutional,4
national,4
mode,4
needs,4
charles,4
themselves,4
pathways,4
eldredge,4
little,4
occur,4
dynamic,3
difficult,3
common,3
concerned,3
extreme,3
revolutionary,3
holland,3
mit,3
collection,3
cycles,3
necessarily,3
before,3
arguing,3
princeton,3
either,3
attempts,3
permanently,3
seems,3
transformational,3
hunting,3
persistence,3
multivillage,3
darwinism,3
phyletic,3
heterarchy,3
primary,3
design,3
felt,3
prior,3
possible,3
determined,3
politics,3
prehispanic,3
feinman,3
obvious,3
taking,3
cited,3
apply,3
cacicazgos,3
conflict,3
thus,3
adaptationist,3
surely,3
component,3
initial,3
characteristic,3
ability,3
decided,3
excavations,3
living,3
decisions,3
nor,3
theorists,3
places,3
canal,3
baupläne,3
back,3
difficulty,3
truly,3
find,3
y,3
application,3
stone,3
weakness,3
focused,3
selectively,3
sociopolitics,3
act,3
growth,3
developed,3
mean,3
active,3
earlier,3
domestication,3
direct,3
ongoing,3
contributions,3
cases,3
subjugated,3
animals,3
consequences,3
biased,3
evolved,3
just,3
impact,3
upper,3
age,3
orientation,3
show,3
initiative,3
macroevolutionaiy,3
scientist,3
followed,3
generally,3
drawing,3
greater,3
diachronic,3
expressed,3
evolutionist,3
basin,3
search,3
attack,3
changed,3
giddens,3
noting,3
fans,3
further,3
institute,3
appears,3
produced,3
boyd,3
possibility,3
shape,3
directly,3
distinguish,3
revealed,3
responding,3
gave,3
place,3
issues,3
archeology,3
midwestern,3
formations,3
employed,3
status,3
responses,3
macroevolution,3
arise,3
field,3
stage,3
dunneil,3
paid,3
cycle,3
activities,3
ceremonial,3
architecture,3
unification,3
overall,3
gathering,3
play,3
processualism,3
interactions,3
label,3
coevolution,3
inspiration,3
home,3
complete,3
frameworks,3
sometimes,3
members,3
organizations,3
leader,3
again,3
valid,3
incorporation,3
end,3
appropriately,3
considerable,3
functionally,3
conferred,3
promoted,3
intervillage,3
operating,3
demarrais,3
validity,3
practice,3
showing,3
project,3
notion,3
simon,3
behaviors,3
carneiro,3
coherent,3
success,3
values,3
entirely,3
skeptical,3
survey,3
trend,3
nothing,3
full,3
california,3
theories,3
guilá,3
open,3
mississippian,3
helpful,3
tribal,3
played,3
stresses,3
brain,3
after,3
latter,3
generating,3
seattle,3
seeking,3
probably,3
southwest,3
flanneiy,3
recurring,3
unrelated,3
european,3
tempo,3
figure,3
crucial,3
usually,3
lines,3
dimensions,3
lives,3
sorting,3
series,3
changing,3
circumstances,3
agents,3
characteristics,3
set,3
school,3
intellectual,3
east,3
capital,3
best,3
argue,3
domesticated,3
type,3
evident,3
transmitted,3
whether,3
stability,3
ethnological,3
almost,3
agreed,3
vessels,3
careful,3
transition,3
administration,3
polynesia,3
postprocessual,3
generate,3
crumley,3
course,3
instead,3
effects,3
area,3
trajectory,3
kauffman,3
traditional,3
observed,3
broader,3
ca,3
roles,3
perception,3
final,2
modelling,2
currently,2
rate,2
phenotypic,2
implemented,2
roscoe,2
adopt,2
reconsidered,2
tuscaloosa,2
extend,2
determine,2
intriguing,2
numerical,2
told,2
replaced,2
achievements,2
developmentalist,2
referring,2
progressivist,2
completely,2
favor,2
park,2
flows,2
source,2
chief,2
societal,2
limestone,2
cauca,2
tiwanaku,2
consistent,2
sources,2
interests,2
contingent,2
implications,2
address,2
attempt,2
knowing,2
continue,2
tradition,2
highland,2
differences,2
closer,2
scheme,2
subsequent,2
achieved,2
emphasized,2
respond,2
precisely,2
concepts,2
robert,2
reading,2
surveys,2
dd,2
report,2
case,2
employs,2
issue,2
evolutionists,2
anthropologists,2
sociobiology,2
formulation,2
sought,2
america,2
rife,2
intentionality,2
marked,2
solely,2
community,2
variations,2
establishment,2
conception,2
laws,2
constrained,2
mesoamencan,2
economies,2
engage,2
labor,2
conquest,2
ronald,2
relationships,2
integral,2
pursue,2
subsystems,2
due,2
changethe,2
utilized,2
interest,2
base,2
jr,2
century,2
basil,2
affairs,2
guided,2
turn,2
rank,2
amount,2
continuous,2
compare,2
archaeologist,2
hodder,2
ingredient,2
understood,2
acted,2
influence,2
acknowledge,2
rates,2
alabama,2
higher,2
site,2
bring,2
across,2
proceedings,2
illustration,2
organizing,2
influential,2
hold,2
adopted,2
examined,2
loma,2
variant,2
ceramics,2
institutionalized,2
characterizes,2
shell,2
making,2
references,2
arid,2
empires,2
affect,2
plus,2
multilocality,2
maiden,2
river,2
statistical,2
benefits,2
organized,2
linearization,2
placed,2
situations,2
paraphernalia,2
notions,2
cogent,2
answers,2
pleistocene,2
unilineal,2
trajectories,2
iconography,2
duxbury,2
raw,2
explanatory,2
came,2
lead,2
acting,2
cuicatec,2
concentration,2
allow,2
effort,2
deal,2
criticisms,2
diet,2
insisting,2
emerge,2
persist,2
vigorous,2
constantly,2
big,2
genes,2
reasons,2
let,2
analogous,2
numerous,2
dumbarton,2
exploration,2
premise,2
kirch,2
grit,2
lencho,2
exert,2
network,2
scope,2
tributary,2
example,2
patterning,2
caught,2
technical,2
specialized,2
constitute,2
accidental,2
interlocality,2
call,2
mathematical,2
systematic,2
entails,2
reconstructing,2
interpreted,2
misguided,2
regions,2
uniqueness,2
computer,2
interregional,2
los,2
carry,2
shaping,2
revolution,2
suggest,2
imparted,2
next,2
quite,2
emerging,2
involved,2
showed,2
ignore,2
few,2
highly,2
resolution,2
acts,2
prestate,2
gene,2
decline,2
nicolis,2
proper,2
roots,2
structured,2
newly,2
dam,2
am,2
seemed,2
survived,2
voi,2
likely,2
frontier,2
foragers,2
absence,2
populations,2
islands,2
etc,2
above,2
went,2
movement,2
simultaneous,2
criticism,2
edited,2
naquitr,2
vs,2
happened,2
den,2
chronology,2
historia,2
neither,2
phenomenon,2
reports,2
reliance,2
inheritance,2
infrastructural,2
starting,2
lewis,2
law,2
winnowed,2
stated,2
popularity,2
europe,2
decorative,2
herbert,2
fact,2
shows,2
lack,2
consideration,2
caciques,2
creative,2
predominant,2
essence,2
bauplan,2
suppressed,2
really,2
classical,2
john,2
never,2
present,2
manner,2
continuing,2
existing,2
accepted,2
relevant,2
venezuela,2
native,2
style,2
tilley,2
fundamentally,2
socioenvironmental,2
examples,2
assemblages,2
farming,2
including,2
enhanced,2
mesopotamian,2
anthropoloacal,2
largely,2
emphasize,2
refers,2
assume,2
take,2
resource,2
dominguillo,2
chosen,2
previous,2
nevertheless,2
stratification,2
low,2
points,2
arroyo,2
co,2
times,2
allowed,2
characterized,2
genetics,2
bradford,2
plant,2
him,2
creating,2
features,2
high,2
lie,2
administrative,2
neutral,2
include,2
incapable,2
successful,2
james,2
primitive,2
analyze,2
tendency,2
decision,2
factors,2
iran,2
drennan,2
imply,2
interdependent,2
vrba,2
entities,2
neglecting,2
andean,2
insufficient,2
predict,2
directing,2
outline,2
rethinking,2
yale,2
wilson,2
dynamism,2
responsible,2
fe,2
composed,2
quantitative,2
nacional,2
contained,2
thinking,2
reproducing,2
associated,2
material,2
conclusion,2
version,2
intensification,2
ascendant,2
contradiction,2
geographic,2
pace,2
symbolic,2
organizational,2
promotion,2
paper,2
spontaneous,2
worth,2
temporary,2
seem,2
believe,2
leaders,2
breaking,2
presence,2
returns,2
foundation,2
obviously,2
spontaneously,2
asserting,2
stagewise,2
build,2
differed,2
accepts,2
rural,2
merely,2
animal,2
notable,2
combined,2
unique,2
equilibria,2
ones,2
accounts,2
imposed,2
edinburgh,2
tightly,2
thames,2
differs,2
precursor,2
pursued,2
too,2
arbiter,2
researchers,2
gradualism,2
exhibit,2
lies,2
simply,2
assumptions,2
territory,2
acknowledges,2
divided,2
challenges,2
allows,2
goals,2
think,2
varied,2
pair,2
come,2
proceeds,2
devoted,2
argument,2
unable,2
modal,2
paradigm,2
washington,2
accept,2
peru,2
parallels,2
land,2
define,2
provided,2
product,2
summary,2
assumed,2
materialism,2
substantial,2
abandoned,2
focus,2
building,2
looking,2
sufficiently,1
resolve,1
miller,1
deception,1
improvementis,1
intricate,1
superiority,1
margins,1
now,1
mo,1
divisible,1
adaptedness,1
mostly,1
produces,1
done,1
struggle,1
replacing,1
processed,1
uuinea,1
limits,1
examining,1
lamarckian,1
selectionas,1
indicated,1
religions,1
responds,1
commentary,1
defy,1
scholar,1
faced,1
ruder,1
encouraged,1
separated,1
truth,1
represent,1
defining,1
affected,1
environmental,1
tierra,1
alone,1
extends,1
considerably,1
speciational,1
constitution,1
utility,1
manuscript,1
contradicts,1
distributed,1
sympathetic,1
likewise,1
becoming,1
obsolete,1
cogs,1
transferences,1
kinds,1
susiana,1
subjectively,1
enhance,1
identify,1
fixation,1
uncomfortable,1
maize,1
myriads,1
word,1
diversification,1
schools,1
usefully,1
liabilities,1
memoria,1
coalition,1
sudden,1
specified,1
salthe,1
seriation,1
io,1
wonderful,1
former,1
grove,1
weaker,1
contention,1
tempered,1
trace,1
reduced,1
western,1
lamarckism,1
organic,1
title,1
laid,1
occurred,1
inequality,1
invent,1
variants,1
total,1
forecasting,1
cornell,1
postprocessualism,1
ethnoarchaeological,1
harvests,1
pots,1
advocate,1
moving,1
postglacial,1
viewpoints,1
something,1
induced,1
officeholder,1
englewood,1
bard,1
dovetails,1
corresponding,1
sequential,1
intervenes,1
oaxacan,1
character,1
credence,1
themes,1
test,1
accumulation,1
december,1
invoking,1
nitecki,1
intends,1
ideas,1
decidedly,1
succeed,1
marco,1
hence,1
invention,1
every,1
supposedly,1
fortified,1
cobs,1
logistic,1
neolithic,1
entailed,1
archaeologyand,1
militarism,1
deterministic,1
repertoire,1
give,1
taken,1
aldenderfer,1
generatedthrough,1
culturally,1
concentrated,1
vols,1
wary,1
progression,1
worked,1
shortage,1
indicative,1
malleable,1
definition,1
gary,1
handling,1
incorporating,1
protoplasm,1
wholedubious,1
paramount,1
secondary,1
down,1
assertion,1
suggesting,1
reversible,1
together,1
accompanied,1
desire,1
disproportionate,1
macneish,1
thank,1
potentially,1
arises,1
borne,1
corcoran,1
able,1
sometime,1
reveal,1
onto,1
mississippi,1
renfrew,1
quantum,1
products,1
chiefdomif,1
welldeveloped,1
reproduction,1
farmer,1
collapse,1
help,1
reinterpret,1
integrate,1
shennan,1
confers,1
biologists,1
last,1
resorting,1
skull,1
caliente,1
sacred,1
remainder,1
raised,1
zeal,1
taxonomy,1
reserved,1
reminiscent,1
regularized,1
investigations,1
discipline,1
lumsden,1
signs,1
natufian,1
superficially,1
olluvium,1
iowa,1
typesthemes,1
designs,1
similarities,1
clades,1
british,1
side,1
empty,1
proceed,1
generosity,1
blanco,1
suspect,1
plains,1
plain,1
chaosa,1
missouri,1
mithen,1
pigeonhole,1
king,1
pulled,1
teleological,1
prone,1
motion,1
inca,1
bias,1
u,1
conditioned,1
firm,1
demography,1
solving,1
economics,1
alluvium,1
colombia,1
copenhagen,1
capable,1
domingo,1
compelling,1
upward,1
reaction,1
earfy,1
fl,1
activity,1
innocuous,1
fiji,1
condition,1
exhibits,1
illustrate,1
shared,1
drive,1
mutual,1
alter,1
bibliography,1
move,1
advantageous,1
vital,1
transcend,1
west,1
mental,1
say,1
except,1
conceptual,1
regards,1
x,1
decoding,1
treating,1
radical,1
realistic,1
richerson,1
reconstruction,1
creatively,1
undoubtedly,1
enter,1
cobbled,1
himself,1
moral,1
forged,1
purposive,1
undergone,1
kristiansen,1
wm,1
conclusively,1
neural,1
tied,1
increment,1
sign,1
aggression,1
singled,1
facets,1
surplus,1
recurrent,1
canyon,1
exist,1
learned,1
repeatedly,1
maynard,1
savanna,1
goal,1
individualevolution,1
neogene,1
royal,1
denying,1
dunnelps,1
southampton,1
deride,1
explained,1
reject,1
intractable,1
predetermined,1
demanded,1
particularizing,1
agent,1
millennium,1
contributors,1
viewing,1
undena,1
raises,1
heterogeneity,1
quantifying,1
adams,1
evolutionhas,1
tucson,1
sample,1
periodsperdido,1
arena,1
fried,1
kind,1
indisputably,1
wiley,1
construction,1
unity,1
santo,1
creamer,1
interactive,1
spawn,1
clay,1
ct,1
tends,1
urbanization,1
clark,1
heterarchical,1
document,1
convincing,1
qualitatively,1
inclusion,1
extrapolate,1
egypt,1
compared,1
applying,1
scott,1
twice,1
clock,1
propagandistic,1
peaceresult,1
explore,1
men,1
factions,1
consequently,1
bennett,1
spite,1
ecosystems,1
apparently,1
propositions,1
pennsylvania,1
rotuman,1
terror,1
hardly,1
handful,1
bypassed,1
interassemblage,1
multiply,1
industries,1
using,1
distribution,1
critics,1
necessaiy,1
contexlthe,1
rights,1
behave,1
opposed,1
underlay,1
mesolithic,1
steal,1
interesting,1
alive,1
go,1
disparaged,1
cybernetics,1
whose,1
veiy,1
jlpbsw,1
constellations,1
predicted,1
transformations,1
subjected,1
centerpiece,1
camp,1
essentialistic,1
portrayed,1
performance,1
expanding,1
emanates,1
main,1
superficial,1
highlands,1
generations,1
incoherent,1
compatible,1
wamanu,1
z,1
postcontact,1
edward,1
adapt,1
sort,1
en,1
culminating,1
evolutionismthen,1
seals,1
fastest,1
centralization,1
myself,1
responded,1
intravillage,1
olmec,1
politicaleconomic,1
researcherslet,1
weighs,1
determining,1
persistent,1
supplement,1
seized,1
flexible,1
eight,1
notkeep,1
initiate,1
humanity,1
lamented,1
parts,1
possess,1
von,1
paleolithic,1
mediate,1
ames,1
moves,1
addressing,1
indispensable,1
puzzles,1
means,1
insistence,1
peebles,1
inauguration,1
operates,1
counterparts,1
delegation,1
possibly,1
dichotomy,1
wolf,1
occupational,1
discouraged,1
descent,1
shuffling,1
imperceptible,1
driven,1
weather,1
reified,1
withstands,1
traces,1
invariably,1
decade,1
longerterm,1
instrument,1
dialogue,1
observations,1
maintain,1
benefited,1
unavoidable,1
commonly,1
populated,1
ail,1
brumaire,1
albuquerque,1
shackles,1
follow,1
determinism,1
floodgates,1
linkage,1
defines,1
modeled,1
putting,1
problems,1
blood,1
fondness,1
exploitation,1
decoupling,1
mix,1
qj,1
willing,1
care,1
helped,1
neoevolutionism,1
preference,1
inhabited,1
salient,1
sixties,1
dc,1
regulatory,1
reflections,1
bureaucracy,1
causation,1
thougjht,1
whereas,1
uses,1
gregory,1
closely,1
my,1
formidable,1
vìa,1
theorythe,1
identifying,1
location,1
selectionin,1
abandoning,1
globoconceüa,1
harbor,1
initiated,1
route,1
fortunes,1
rule,1
conservative,1
entering,1
projection,1
strength,1
totaling,1
inappropriate,1
ocotlány,1
molecules,1
seven,1
centers,1
generates,1
demands,1
quandaries,1
events,1
primacy,1
relate,1
mcc,1
roundly,1
décade,1
reactionary,1
pomcal,1
philosophical,1
correlates,1
arable,1
representative,1
progressionist,1
term,1
tidy,1
mutationthe,1
tautology,1
fourth,1
equally,1
neighboring,1
prompt,1
oklahoma,1
pointing,1
mortuary,1
garcia,1
nonequilibrium,1
dope,1
phasesfor,1
mediated,1
indirect,1
kowalewski,1
systemsthe,1
panglossian,1
dispersal,1
jefferson,1
monograph,1
energy,1
burgess,1
universidad,1
spiritual,1
perform,1
confirmation,1
approached,1
facilities,1
fox,1
purrón,1
acknowledgments,1
correlation,1
initiativeseeking,1
memory,1
epiphenomenal,1
receive,1
comestibles,1
specifically,1
gained,1
having,1
feeding,1
minimal,1
trial,1
accounting,1
landmark,1
artifacts,1
hydraulic,1
bounded,1
horticulture,1
already,1
dynamical,1
statehood,1
llama,1
tops,1
carries,1
comprises,1
nine,1
locus,1
claim,1
elson,1
prominent,1
significantly,1
characterization,1
advancement,1
endowments,1
punas,1
watts,1
norm,1
unfinished,1
seminal,1
apparent,1
torremote,1
indigenous,1
thoughts,1
elizabeth,1
mount,1
incremental,1
literature,1
hirth,1
overview,1
phylogenetic,1
art,1
phasess,1
overtly,1
partly,1
collective,1
contains,1
köhler,1
concentrate,1
unmistakable,1
actually,1
oaks,1
savannah,1
ü,1
rituals,1
brumfíel,1
unforeseen,1
contentious,1
augmentation,1
adhere,1
beenand,1
differentially,1
vijayanagara,1
fieldwork,1
arrangements,1
artifact,1
withstand,1
visions,1
enthusiastic,1
challenging,1
markedly,1
transmit,1
hidden,1
rack,1
entially,1
analysed,1
earth,1
oriental,1
good,1
wholesale,1
published,1
governs,1
excavated,1
optimal,1
mesopotamia,1
predilections,1
composite,1
stick,1
caused,1
describing,1
thirteenth,1
teotihuacan,1
huexotla,1
buildings,1
marx,1
speculations,1
josé,1
compensating,1
raindrenched,1
interacting,1
functionmight,1
mississippl,1
standpoint,1
sharp,1
differevolutionary,1
event,1
submit,1
family,1
readaptation,1
small,1
calling,1
contingency,1
cowgill,1
spanish,1
endowed,1
sufficient,1
preucel,1
concerns,1
ül,1
eighth,1
exigencies,1
psychological,1
particularwill,1
master,1
dramatic,1
notorious,1
thereby,1
denotes,1
protect,1
distinguished,1
atomistic,1
implausible,1
seeds,1
impossible,1
coast,1
kosse,1
overemphasized,1
bulletin,1
inability,1
seed,1
deplored,1
venezuelan,1
chilar,1
productivity,1
antiauity,1
eschews,1
hayden,1
ot,1
orgins,1
distinguishing,1
leveled,1
undergoing,1
harboring,1
grateful,1
preliminary,1
ureat,1
passive,1
aggregate,1
actions,1
selectiona,1
knowledge,1
objected,1
facies,1
disapproved,1
transforming,1
precepts,1
haas,1
flourished,1
dunnelts,1
hosts,1
challenge,1
adhering,1
business,1
exterior,1
minor,1
nested,1
practices,1
anothersimilar,1
protecting,1
archaeolosy,1
heuristicaily,1
endsthe,1
identified,1
divergence,1
short,1
revival,1
prognosis,1
launch,1
haven,1
selfish,1
limited,1
berghe,1
corporation,1
return,1
kilometers,1
fruit,1
yamato,1
nearly,1
albany,1
exception,1
reorganization,1
object,1
archaeologystyle,1
whatever,1
allen,1
sahlins,1
still,1
thresholds,1
harry,1
says,1
intervention,1
expanded,1
quiotcpec,1
comments,1
manifest,1
deserves,1
degree,1
rebellions,1
strategic,1
adamant,1
innovation,1
direction,1
promoting,1
fighting,1
undergo,1
applications,1
extrarapid,1
mexicanos,1
once,1
flux,1
kent,1
od,1
fair,1
precondition,1
represents,1
programs,1
builds,1
serve,1
perplexity,1
detectable,1
unidirectional,1
later,1
historiadores,1
continuity,1
technology,1
restricted,1
challenged,1
beneficiaries,1
perceived,1
lineages,1
unwin,1
tn,1
sociological,1
included,1
lowland,1
railroad,1
property,1
publishing,1
supplied,1
guatemala,1
abandon,1
performed,1
homology,1
sharply,1
essentialist,1
skin,1
dialectical,1
inferences,1
outlined,1
organize,1
insights,1
odds,1
illustrated,1
horticultural,1
ferment,1
villagesthis,1
increasingly,1
williams,1
thermodynamic,1
opment,1
drumbeat,1
picture,1
occupotion,1
useful,1
tries,1
alteration,1
traitis,1
corporeal,1
outbreak,1
fan,1
simulation,1
disappearing,1
stemmed,1
niles,1
support,1
guadalquivir,1
tractable,1
attacks,1
decoration,1
stronger,1
ethnohistorical,1
neglect,1
sedentarization,1
unintentional,1
chance,1
put,1
cuauhtitlán,1
homo,1
contraptions,1
successively,1
exceptionwithout,1
water,1
missing,1
analytical,1
persuasion,1
joyce,1
causality,1
longer,1
diminishing,1
collecting,1
complaints,1
overwhelming,1
areas,1
temples,1
intentionaliiy,1
carbonized,1
clarendon,1
foods,1
loomed,1
instituto,1
documents,1
exclusion,1
attempting,1
inevitably,1
manifested,1
fatal,1
break,1
diverse,1
eric,1
takeoff,1
grows,1
withering,1
doubt,1
identical,1
acacia,1
flocks,1
fashion,1
warmly,1
feedback,1
channel,1
summations,1
conclusions,1
outside,1
hand,1
ascent,1
clade,1
theoryto,1
imperatives,1
decried,1
innovative,1
reversion,1
tertiary,1
overridingly,1
orderly,1
excavation,1
establish,1
non,1
karl,1
shown,1
answer,1
blind,1
focusing,1
hu,1
bully,1
compelled,1
cosmos,1
distance,1
weakly,1
needham,1
mechanically,1
gives,1
locations,1
competitionapparent,1
differentiation,1
valleys,1
maya,1
mcguire,1
polities,1
agenda,1
entity,1
differentiations,1
vegetational,1
synonym,1
credit,1
interrelated,1
neiman,1
ine,1
reveals,1
exploring,1
extended,1
vast,1
discussion,1
minimizing,1
heralded,1
alliance,1
implicated,1
maritime,1
ecologically,1
ic,1
refining,1
urn,1
writings,1
rapidity,1
aligning,1
postclassic,1
behaviora,1
depended,1
unpredictable,1
accused,1
contacts,1
judge,1
manifestations,1
samples,1
herself,1
crafts,1
individuality,1
expand,1
louis,1
lecture,1
asian,1
denies,1
significant,1
teotihuacán,1
operated,1
assumption,1
causes,1
affects,1
inherently,1
validating,1
aside,1
willey,1
embracing,1
ethnic,1
exhibited,1
actual,1
hoc,1
exaptationa,1
fitted,1
nightmare,1
improvements,1
uruk,1
dating,1
succeeding,1
vii,1
citing,1
exceedingly,1
rejected,1
anasazi,1
computational,1
clear,1
urbana,1
historic,1
modem,1
emphasizing,1
publication,1
outlast,1
agreement,1
clue,1
logic,1
gailey,1
architectural,1
organism,1
reviewers,1
ny,1
foraminiferal,1
spread,1
causally,1
competitionsize,1
synthese,1
evolve,1
static,1
practiced,1
interfactional,1
attributing,1
preservation,1
offense,1
abundant,1
provides,1
thomas,1
adequately,1
permitting,1
artificial,1
rigs,1
steward,1
novo,1
intercommunity,1
procurement,1
graves,1
enough,1
article,1
promote,1
sense,1
futurewe,1
narrow,1
palo,1
mayr,1
interpretations,1
respectively,1
tactics,1
topics,1
examine,1
incompatible,1
anderson,1
effect,1
coyotera,1
adjacent,1
consumption,1
slightly,1
lay,1
shale,1
sine,1
overridden,1
basically,1
embodied,1
modifications,1
theoriesthey,1
widely,1
trickyand,1
vindicated,1
duplicated,1
visit,1
separate,1
observational,1
increasing,1
reinventing,1
fails,1
dealing,1
departs,1
consists,1
simpler,1
suggestion,1
alters,1
assigned,1
islamic,1
modification,1
dual,1
delimiting,1
coopted,1
thoughtful,1
reviewer,1
chimpanzees,1
lot,1
fairly,1
continued,1
singling,1
quo,1
evolutionaiy,1
bulk,1
mediation,1
hoijer,1
useftil,1
plays,1
claimed,1
program,1
rephrased,1
hill,1
threshold,1
reasonable,1
upham,1
select,1
archaeobotanical,1
explicates,1
alternate,1
leslie,1
ordinary,1
primarily,1
substitution,1
le,1
slow,1
monuments,1
hierarchically,1
lost,1
ants,1
transformed,1
strongly,1
imperialism,1
spriggs,1
juan,1
millennia,1
proposition,1
importantly,1
transformation,1
originated,1
inadequate,1
rapidly,1
explicating,1
whereby,1
indicate,1
covering,1
paradigmatic,1
spanning,1
introductory,1
furthered,1
pristine,1
fábrica,1
fall,1
philosophies,1
researcher,1
united,1
achieve,1
elsa,1
populace,1
dead,1
respect,1
lip,1
coordination,1
centuries,1
gloo,1
reputation,1
quiet,1
changedirectionality,1
commenting,1
interpretive,1
interview,1
paying,1
pressures,1
unacceptable,1
regularly,1
rises,1
matters,1
entertain,1
classification,1
sciencest,1
differentiated,1
graphs,1
variable,1
eschewed,1
subsystem,1
exemplified,1
necessity,1
denials,1
consciousfy,1
pueblos,1
peoples,1
extending,1
demonstrate,1
struck,1
accidentalpart,1
invoked,1
variablesbut,1
solidly,1
continues,1
bonaparte,1
theme,1
recognizable,1
totality,1
bronze,1
constructed,1
temporal,1
shapes,1
elaborate,1
planktonic,1
narrowly,1
temple,1
sourcing,1
sustained,1
ciudad,1
belief,1
der,1
modeling,1
quickly,1
willful,1
know,1
outcome,1
chiefship,1
berkeley,1
positivist,1
reunión,1
mutually,1
culturecoupled,1
tendencies,1
finance,1
novel,1
attribute,1
capability,1
paleoindian,1
seriously,1
setting,1
innovations,1
altering,1
administer,1
straightforward,1
prominence,1
beamong,1
half,1
temper,1
guild,1
preclassic,1
domestic,1
structuresthat,1
threats,1
followers,1
attractiveness,1
post,1
harvest,1
ideological,1
observe,1
kayenta,1
tribes,1
paleontology,1
plateaus,1
reliability,1
metaphysics,1
polynesian,1
benefit,1
associations,1
cities,1
boundedness,1
marquesas,1
distinctive,1
free,1
placing,1
enlarged,1
works,1
options,1
propitious,1
bands,1
risky,1
table,1
examination,1
redefined,1
subordinate,1
scholarship,1
beginning,1
actorbased,1
boundaries,1
born,1
abstruse,1
automatically,1
economy,1
reproduce,1
propensities,1
fuego,1
circles,1
reactions,1
implicit,1
cooking,1
typologies,1
webster,1
rebellion,1
yielded,1
want,1
independently,1
cornerstones,1
cahokia,1
metaphor,1
nascent,1
attitudes,1
seasonal,1
artifactual,1
ejutla,1
mere,1
launches,1
antropología,1
midcentury,1
ethnography,1
repetitive,1
utilitarian,1
array,1
controversialhistory,1
explored,1
yield,1
producers,1
imperial,1
repudiates,1
artipcal,1
balance,1
belknap,1
mechanismsand,1
hundreds,1
youthfiil,1
categories,1
sinauer,1
qua,1
socioeconomic,1
neck,1
leopard,1
whence,1
reformulation,1
trees,1
unilinear,1
preserved,1
trivial,1
archaeologisti,1
urged,1
disparate,1
reported,1
cl,1
compensatory,1
redundant,1
ohio,1
maruyama,1
dependent,1
city,1
farmland,1
pat,1
giving,1
redwood,1
controls,1
feeds,1
happens,1
adapted,1
measure,1
conventional,1
domesticates,1
synchronie,1
campo,1
obtain,1
speciation,1
manufacturing,1
ethnoscience,1
herders,1
qualitative,1
languid,1
mention,1
devolution,1
aims,1
sabloff,1
writing,1
criticismnever,1
aspect,1
coming,1
sparked,1
autónoma,1
our,1
toohad,1
northeast,1
survive,1
enthusiasm,1
extension,1
until,1
spring,1
cycling,1
argues,1
difference,1
likelier,1
frontiers,1
shrift,1
charts,1
fractious,1
analog,1
shorthand,1
wish,1
fecundity,1
approximately,1
americas,1
operational,1
grown,1
preceramic,1
typically,1
integrated,1
ios,1
demarráis,1
proceeding,1
ladefoged,1
eighteenth,1
green,1
unified,1
involving,1
southeastern,1
conquered,1
relegate,1
seeks,1
programme,1
inequalities,1
philosophy,1
implacable,1
extremely,1
typology,1
francisco,1
rrameworkin,1
dawkins,1
anonymous,1
headman,1
mobilized,1
agencyas,1
offered,1
intergroup,1
news,1
passages,1
fluctuated,1
meaning,1
aggregations,1
km,1
counterintuitive,1
discontinuous,1
gordon,1
rejection,1
thing,1
vary,1
andes,1
reached,1
irrelevant,1
texcoco,1
spandrels,1
create,1
uncentralized,1
composing,1
asymmetry,1
labelsprovide,1
evidently,1
nonhierarchical,1
predictable,1
rein,1
predisposed,1
entire,1
archeological,1
vagaries,1
technological,1
permanent,1
nonceramic,1
vulgar,1
sameness,1
beings,1
convergent,1
arnold,1
meeting,1
christina,1
asked,1
built,1
traducing,1
classifications,1
close,1
household,1
dictum,1
deeper,1
faction,1
grants,1
hypothesis,1
