WORDCOUNTS,WEIGHT
the,1248
and,1029
of,820
in,552
to,323
a,301
that,213
j,166
great,158
for,152
on,139
basin,134
d,129
pp,125
from,123
california,111
is,104
have,97
are,96
as,91
american,90
r,90
archaic,90
university,89
m,88
by,75
new,71
period,71
early,71
late,68
et,68
this,68
al,68
p,66
holocene,64
research,64
at,63
t,60
antiquity,60
journal,59
region,59
with,59
c,59
b,58
w,55
archaeological,54
archaeology,53
l,52
lake,52
their,51
southwest,50
been,49
not,47
middle,47
salt,47
anthropology,46
an,46
they,45
or,44
more,44
foraging,43
utah,43
social,43
s,42
archaeol,42
archaeologists,41
prehistoric,41
sites,41
res,41
some,40
e,40
has,40
it,39
other,39
were,39
subsistence,39
would,39
springer,39
be,39
western,38
was,38
peoples,38
southern,37
these,37
may,36
use,35
human,34
maize,33
data,33
santa,31
behavioral,31
but,31
hunting,30
across,30
k,30
ecology,30
northern,30
north,30
into,29
during,29
bp,28
cultural,28
also,28
many,28
rock,27
there,26
agriculture,26
southwestern,26
g,26
population,26
used,26
people,26
anthropological,26
no,25
agricultural,25
prehistory,24
when,24
using,24
large,23
expansion,23
central,23
about,23
numic,23
h,22
those,22
such,22
than,22
site,22
resource,22
farming,22
years,22
between,22
hildebrandt,21
plateau,21
record,21
change,21
art,21
i,20
fremont,20
which,20
researchers,20
how,19
coast,19
transition,19
although,19
evidence,19
much,19
approaches,18
areas,18
questions,18
evolution,18
plains,18
mexico,18
earlier,18
while,18
arizona,18
papers,17
organization,17
most,17
found,17
hunters,17
where,17
mcguire,17
we,17
complexity,17
among,17
northwestern,17
recent,17
along,16
jones,16
especially,16
both,16
through,16
models,16
cultigens,15
first,15
residential,15
he,15
chronology,15
can,15
all,14
rhode,14
greater,14
regional,14
san,14
only,14
time,14
evolutionary,14
why,14
past,14
desert,14
southeastern,14
complex,13
one,13
farmers,13
eastern,13
resources,13
tucson,13
parts,13
climatic,13
f,13
populations,13
movement,13
ancient,13
dna,13
model,13
theoretical,13
suggests,13
press,13
later,12
perspective,12
dates,12
rather,12
because,12
artifacts,12
world,12
culture,12
historic,12
plant,12
examine,12
probably,12
perhaps,12
area,12
technological,12
altamira,11
group,11
mobility,11
city,11
thus,11
throughout,11
due,11
kelly,11
his,11
coastal,11
focused,11
gatherers,11
working,11
long,11
climate,11
barbara,11
chronological,11
nevada,11
pattern,11
material,11
radiocarbon,11
high,11
provide,11
analysis,11
if,10
groups,10
environmental,10
linguistic,10
west,10
fig,10
columbia,10
river,10
prentiss,10
n,10
well,10
part,10
its,10
foragers,10
us,10
signaling,10
two,10
foods,10
strategies,10
understanding,10
including,10
points,10
adaptations,10
who,10
each,10
our,10
until,10
focus,10
costly,10
modern,9
implications,9
marked,9
zeanah,9
look,9
creek,9
support,9
show,9
occupation,9
near,9
believes,9
kiva,9
economic,9
same,9
shows,9
do,9
dating,9
patterns,9
wills,9
basketry,9
over,9
different,9
paleoindian,9
current,9
theory,9
created,8
bettinger,8
america,8
very,8
development,8
even,8
sandals,8
cave,8
productive,8
gathering,8
changes,8
explain,8
lifeway,8
lifeways,8
sutton,8
status,8
around,8
practices,8
return,8
islands,8
communities,8
ethnographic,8
toward,8
idea,8
present,8
number,8
diehl,8
maritime,8
like,8
erlandson,8
perspectives,8
science,8
often,8
intensification,8
migration,8
game,8
what,8
remains,8
shift,8
huckell,8
significant,7
rick,7
studies,7
history,7
behavior,7
before,7
oregon,7
themes,7
differences,7
investigations,7
projectile,7
point,7
processes,7
roney,7
ritual,7
canyon,7
mabry,7
geological,7
developed,7
after,7
similar,7
emergence,7
just,7
house,7
origins,7
beyond,7
view,7
arrival,7
term,7
academic,7
required,7
sedentism,7
work,7
simms,7
place,7
approach,7
hard,7
settlement,7
broughton,7
hayden,7
periods,7
south,7
will,7
forager,7
technology,7
longer,7
anthropologist,7
men,7
classes,7
discussion,7
rio,7
general,7
article,7
understand,7
practice,7
must,7
known,7
colorado,7
believe,7
examining,7
beginning,7
them,7
despite,7
techniques,7
question,7
should,7
include,7
debate,7
altithermal,7
adovasio,7
identity,6
adoption,6
village,6
lower,6
available,6
could,6
able,6
review,6
possible,6
raab,6
leblanc,6
interest,6
houses,6
bight,6
traditions,6
york,6
study,6
az,6
additional,6
wyoming,6
had,6
pleistocene,6
gender,6
q,6
northwest,6
perishable,6
showing,6
artifact,6
optimal,6
los,6
several,6
smithsonian,6
migrating,6
texas,6
villages,6
critical,6
land,6
processing,6
others,6
water,6
channel,6
outside,6
wild,6
made,6
keatley,6
spread,6
so,6
institution,6
bliege,6
cruz,6
kennett,6
earliest,6
conditions,6
temporal,6
particularly,6
given,6
role,6
increased,6
comparison,6
cienega,6
hypothesis,6
does,5
way,5
miguel,5
introduction,5
speakers,5
dart,5
uses,5
being,5
hopi,5
aikens,5
production,5
tradition,5
marine,5
mogollon,5
zuni,5
diversity,5
labor,5
phase,5
borderlands,5
excavations,5
milling,5
dry,5
interesting,5
arid,5
four,5
lithic,5
exploitation,5
result,5
based,5
societies,5
appearance,5
histories,5
lived,5
diet,5
base,5
applied,5
jornada,5
aspects,5
example,5
focuses,5
regions,5
small,5
components,5
beck,5
likely,5
make,5
pacific,5
thought,5
byers,5
occupations,5
attempting,5
discussed,5
see,5
explicitly,5
artiodactyl,5
food,5
largely,5
sees,5
features,5
note,5
continued,5
detailed,5
united,5
school,5
series,5
grayson,5
languages,5
far,5
cultivation,5
proposed,5
animal,5
adaptation,5
waters,5
entire,5
variability,5
argument,5
drought,5
instead,5
states,5
increase,5
apply,4
madsen,4
center,4
identify,4
essays,4
address,4
habitus,4
nature,4
textiles,4
simple,4
potentially,4
take,4
cerro,4
concepts,4
component,4
magic,4
neighbors,4
relatively,4
old,4
casas,4
back,4
plank,4
archaeologist,4
stone,4
rates,4
buried,4
subregional,4
unit,4
ceramics,4
lives,4
northeastern,4
linguistics,4
albuquerque,4
follow,4
important,4
problem,4
out,4
sedentary,4
evaluate,4
reviews,4
tools,4
domestication,4
bow,4
tool,4
significantly,4
literature,4
postulated,4
structures,4
my,4
published,4
ago,4
suggest,4
volume,4
canoe,4
family,4
few,4
visible,4
up,4
chaine,4
grand,4
mammal,4
overview,4
continuity,4
matson,4
generalized,4
without,4
addition,4
smith,4
communal,4
choice,4
end,4
figurines,4
variation,4
honor,4
less,4
mitochondrial,4
focusing,4
style,4
locations,4
multidisciplinary,4
another,4
local,4
examples,4
looking,4
language,4
individual,4
responses,4
least,4
systems,4
become,4
contact,4
topics,4
wells,4
occupied,4
relative,4
widely,4
grandes,4
increasing,4
bighorn,4
european,4
she,4
sometimes,4
addressing,4
slow,4
pithouses,4
stable,4
issue,4
environment,4
associated,4
changing,4
set,4
shamans,4
know,4
colonization,4
sheep,4
did,4
best,4
returns,4
then,4
historical,4
distribution,4
influenced,4
paleoecology,4
presented,4
conclude,4
manufacturing,4
hockett,4
advent,4
camps,4
basketmaker,4
bayham,4
arrived,4
terminology,4
edge,3
corporate,3
either,3
affected,3
hot,3
dc,3
carpenter,3
easily,3
acorns,3
variety,3
women,3
test,3
upland,3
explaining,3
jesse,3
mcbrinn,3
ii,3
might,3
location,3
dramatically,3
archaeologically,3
timing,3
analyses,3
concludes,3
last,3
nm,3
state,3
date,3
sociopolitical,3
within,3
context,3
system,3
british,3
sophisticated,3
effort,3
anthropologists,3
bird,3
reply,3
symbolic,3
framework,3
prey,3
relationships,3
quality,3
millennium,3
application,3
barlow,3
preagricultural,3
topic,3
chihuahua,3
body,3
byrd,3
left,3
baumhoff,3
fowler,3
find,3
storage,3
island,3
deeply,3
evaluates,3
camp,3
artiodactyls,3
levels,3
mustang,3
environments,3
burial,3
risk,3
importance,3
certain,3
derived,3
danger,3
means,3
stillwater,3
specialize,3
intensive,3
followed,3
clemente,3
glassow,3
strategy,3
response,3
moving,3
lead,3
faunal,3
energetic,3
fishing,3
events,3
further,3
camels,3
stemmed,3
wide,3
public,3
possibility,3
technical,3
almost,3
y,3
concept,3
competing,3
comment,3
year,3
v,3
private,3
issues,3
winter,3
horizon,3
own,3
geib,3
level,3
below,3
lamb,3
members,3
highly,3
boundaries,3
impossible,3
fully,3
generally,3
notes,3
provided,3
finds,3
moved,3
valuable,3
logistical,3
constraints,3
prove,3
formative,3
grande,3
museum,3
ethnographers,3
examined,3
marginal,3
mobile,3
ascendance,3
noted,3
useful,3
paleoarchaic,3
wetlands,3
fact,3
ceramic,3
agree,3
appeared,3
warm,3
larger,3
remain,3
procurement,3
arrow,3
landscape,3
native,3
baskets,3
antelope,3
assemblages,3
explanation,3
range,3
intermountain,3
persisted,3
numerous,3
assign,3
examination,3
three,3
characterized,3
geographically,3
carson,3
provides,3
punctuated,3
effect,3
structure,3
adaptive,3
political,3
division,3
ranging,3
asking,3
movements,3
pinon,3
hill,3
widespread,3
male,3
primarily,3
isotope,3
seen,3
indicate,3
table,3
borrowed,3
growing,3
conclusion,3
geographic,3
quickly,3
cultures,3
basket,3
chumash,3
options,3
better,3
cal,3
sexual,3
jennings,3
unique,3
whether,3
list,3
juanaquena,3
migrations,3
little,3
pits,3
introduced,3
prevalent,3
arguments,3
winterhalder,3
goals,3
aspect,3
difference,3
caloric,3
materials,3
colleagues,3
offered,3
territories,3
create,3
surveys,3
abandoned,3
connolly,3
doleman,3
ends,3
arnold,3
building,3
broader,3
indicating,3
ca,3
built,3
major,3
difficult,2
transportation,2
provisioning,2
common,2
medieval,2
generated,2
separated,2
extend,2
resulted,2
now,2
mountains,2
utility,2
per,2
likewise,2
kinds,2
word,2
second,2
uniquely,2
true,2
mexican,2
hypotheses,2
acceptance,2
gamble,2
predicting,2
inequality,2
onset,2
something,2
contexts,2
nomenclature,2
witherspoon,2
diffusion,2
transitions,2
medithermal,2
sources,2
reconstructions,2
logistic,2
coso,2
season,2
utilization,2
rational,2
advanced,2
hogup,2
incorporating,2
attractive,2
advantage,2
origin,2
rich,2
producing,2
cordage,2
follows,2
entered,2
styles,2
help,2
greatly,2
subsidence,2
tragedy,2
depending,2
existence,2
reconstruction,2
plain,2
east,2
sociobiology,2
planted,2
whalen,2
helpful,2
methodologies,2
activity,2
hawkes,2
variations,2
conceptual,2
cited,2
shellfish,2
cassidy,2
economies,2
estuarine,2
evaluating,2
exist,2
squash,2
accessible,2
chatters,2
severe,2
since,2
assumes,2
terraces,2
corner,2
seismic,2
patchy,2
raises,2
walnut,2
replaced,2
spans,2
kind,2
priority,2
cases,2
neuropsychological,2
underlying,2
refer,2
lasts,2
served,2
pueblo,2
bottles,2
metates,2
weave,2
climates,2
influence,2
mechanism,2
glen,2
networking,2
higher,2
biface,2
competition,2
essential,2
costs,2
identification,2
mojave,2
angeles,2
debated,2
breadth,2
posits,2
influential,2
opportunity,2
persistent,2
grew,2
aquatic,2
enabled,2
burials,2
discoveries,2
barker,2
factors,2
affect,2
cultivators,2
statistical,2
benefits,2
organized,2
meltzer,2
stored,2
elsewhere,2
shelters,2
upper,2
age,2
recovered,2
signature,2
boundary,2
method,2
plenum,2
providing,2
management,2
sandal,2
appear,2
perceive,2
irrigation,2
diachronic,2
gregory,2
identifying,2
shamanistic,2
applications,2
future,2
difficulty,2
search,2
puebloan,2
strongly,2
density,2
handbook,2
neighboring,2
cabana,2
caves,2
recently,2
produced,2
intensity,2
suffered,2
excellent,2
scale,2
ford,2
daisy,2
networks,2
glottochronology,2
huge,2
specifically,2
none,2
network,2
paleoenvironmental,2
bc,2
scope,2
start,2
floodplain,2
knowledge,2
apparent,2
describe,2
fit,2
intermediate,2
sheehan,2
saw,2
away,2
interpreted,2
ethnicity,2
lithics,2
lakes,2
good,2
steward,2
field,2
stage,2
reliable,2
excavation,2
regimes,2
intervals,2
characteristics,2
accomplished,2
hafting,2
seeds,2
annual,2
richness,2
uto,2
seed,2
majority,2
results,2
appropriate,2
value,2
spangler,2
society,2
led,2
clara,2
various,2
bringing,2
identified,2
indicative,2
synthesis,2
limited,2
brief,2
female,2
generalist,2
expanded,2
fort,2
decisions,2
selection,2
single,2
once,2
interpretation,2
opportunities,2
marshes,2
array,2
populated,2
demographic,2
included,2
choices,2
chihuahuan,2
ocean,2
already,2
reliance,2
rise,2
stones,2
lack,2
oral,2
reach,2
coulam,2
book,2
technique,2
renewed,2
varies,2
fish,2
added,2
religious,2
scholars,2
klar,2
analogy,2
testing,2
diverse,2
distributions,2
man,2
forms,2
adjacent,2
posit,2
covered,2
manner,2
road,2
developing,2
surprises,2
tell,2
necessary,2
deep,2
indication,2
diets,2
belief,2
jolie,2
paleoclimatic,2
frasier,2
acquire,2
mortars,2
argues,2
credit,2
casual,2
discovery,2
previously,2
herbich,2
canals,2
skeletal,2
refers,2
ideas,2
ethnic,2
trend,2
real,2
perishables,2
individuals,2
fruits,2
office,2
pedler,2
students,2
clear,2
lacustrine,2
authors,2
stress,2
maintenance,2
times,2
allowed,2
collected,2
stresses,2
stages,2
filled,2
shortly,2
abundant,2
latter,2
bonneville,2
quick,2
class,2
fauna,2
trying,2
elaborate,2
availability,2
corners,2
usa,2
looks,2
hunter,2
porcasi,2
pottery,2
anomaly,2
propose,2
minimally,2
la,2
examines,2
tests,2
window,2
archaeobotanical,2
lines,2
emeryville,2
began,2
subconscious,2
markers,2
contribution,2
transformation,2
inadequate,2
life,2
numa,2
hope,2
planked,2
types,2
centuries,2
paleocoastal,2
aboriginal,2
articles,2
pronghorn,2
detail,2
cannon,2
eventually,2
any,2
thinking,2
considered,2
comes,2
endogamous,2
form,2
incorporated,2
extensive,2
farmed,2
nutritional,2
bioarchaeological,2
woody,2
cotsen,2
thousand,2
proposes,2
meat,2
offers,2
quaternary,2
modeling,2
darwinian,2
berkeley,2
natural,2
control,2
books,2
paper,2
seem,2
ubiquitous,2
intrusive,2
argue,2
half,2
terraced,2
harvest,2
er,2
linked,2
goods,2
geomorphic,2
cowboy,2
benefit,2
atlatl,2
utilized,2
sierra,2
explanations,2
economy,2
spatial,2
terms,2
stability,2
making,2
yielded,2
particular,2
seasonal,2
temporally,2
gladwin,2
extent,2
correlates,2
prestige,2
collector,2
institute,2
schroedl,2
fisheries,2
produce,2
observations,2
ideal,2
categories,2
preserved,2
altered,2
reported,2
sea,2
peddler,2
pecos,2
became,2
traditional,2
assumptions,2
investment,2
domesticates,2
acknowledges,2
quids,2
families,2
paucity,2
allows,2
yarmony,2
come,2
formation,2
spring,2
hattori,2
reveals,2
cambridge,2
finding,2
temperature,2
morphological,2
rockshelter,2
cross,2
offer,2
consumption,2
need,2
asked,2
attributes,2
sparse,2
effects,2
defined,2
optimization,2
supported,2
vertebrate,2
elko,2
removed,2
rest,2
meaning,2
themselves,2
deposits,2
stemming,2
rocky,2
views,2
valley,2
duration,2
strong,2
meeting,2
resolve,1
carved,1
macroevolutionary,1
chronologies,1
bernard,1
reckoning,1
basing,1
settlers,1
chromosome,1
weighed,1
currently,1
o,1
phenotypic,1
done,1
refutes,1
flow,1
frequent,1
oriented,1
estimated,1
concerned,1
milieu,1
suggested,1
functional,1
ready,1
northernmost,1
concern,1
migrated,1
extreme,1
reconsidered,1
tuscaloosa,1
persists,1
intriguing,1
red,1
implies,1
richman,1
caches,1
spurred,1
mar,1
notably,1
manuscript,1
expect,1
sympathetic,1
settlements,1
needed,1
mesoamerica,1
conducted,1
discover,1
integrity,1
fate,1
reassessment,1
ethnogenesis,1
yucca,1
braje,1
conducting,1
diversification,1
informative,1
sets,1
rewards,1
bioturbation,1
communally,1
nuts,1
bifacial,1
completely,1
postprocessual,1
proactive,1
favor,1
considerations,1
hyland,1
former,1
grove,1
decade,1
conclusive,1
position,1
explanatory,1
mainland,1
harsh,1
presents,1
unlike,1
amaranth,1
occurred,1
eastward,1
harvests,1
anathermal,1
unite,1
assume,1
po,1
track,1
localized,1
source,1
lure,1
relaxing,1
northward,1
summarize,1
consistent,1
arguing,1
provision,1
socioeconomically,1
kilocalories,1
amidst,1
revisited,1
embraced,1
supposedly,1
topographic,1
preceding,1
creation,1
severely,1
attempts,1
taken,1
debating,1
diego,1
investments,1
attempt,1
muth,1
yuma,1
humans,1
expectation,1
preoccupied,1
flowing,1
seems,1
reevaluation,1
aforementioned,1
gary,1
preadjusted,1
possibilities,1
salmon,1
shaped,1
concert,1
affinities,1
copy,1
continue,1
crops,1
leading,1
homestead,1
correspondingly,1
display,1
thank,1
truckee,1
studied,1
government,1
willow,1
reveal,1
uncovered,1
expense,1
survey,1
packages,1
reproduction,1
farmer,1
subsequent,1
feature,1
fresh,1
roots,1
watercraft,1
persistence,1
hybridized,1
respond,1
reading,1
somewhat,1
ambiguous,1
harcourt,1
cooling,1
motivated,1
visibility,1
widening,1
worldwide,1
el,1
similarities,1
ad,1
erosional,1
case,1
cut,1
taphonomic,1
side,1
wetter,1
empty,1
classic,1
takes,1
rewriting,1
dearth,1
shellmound,1
botanical,1
rolls,1
westview,1
californianus,1
commit,1
dotted,1
formulation,1
task,1
slotted,1
advice,1
continuum,1
encouraging,1
mass,1
invention,1
nology,1
incorporate,1
draw,1
discuss,1
trays,1
economics,1
design,1
account,1
indirectly,1
vol,1
welcome,1
marc,1
determined,1
compelling,1
warner,1
fl,1
illustrate,1
adopting,1
feinman,1
solely,1
mutual,1
alter,1
cacti,1
olivella,1
bibliography,1
intensively,1
move,1
obvious,1
arenas,1
transcend,1
dioxide,1
whatever,1
disadvantage,1
combination,1
rosa,1
reflecting,1
albatross,1
selecting,1
classifications,1
richerson,1
genetic,1
gila,1
incomprehensibility,1
horticultural,1
compares,1
undoubtedly,1
enter,1
paleocultural,1
uinta,1
identifies,1
anomalously,1
congruence,1
gimme,1
tied,1
categorized,1
split,1
overlaps,1
pursuing,1
aggression,1
millingstone,1
usage,1
ranked,1
sterile,1
extinct,1
conflict,1
possessing,1
chapters,1
divides,1
postprocessing,1
domesticated,1
cobb,1
differential,1
relocation,1
tularosa,1
reverse,1
eventual,1
ute,1
immediate,1
safety,1
against,1
analyzing,1
creators,1
amerindians,1
tule,1
bodily,1
intact,1
clay,1
fresnal,1
mixed,1
relations,1
locarno,1
gendered,1
mating,1
discerning,1
adams,1
jr,1
neuropsycho,1
commencing,1
humboldt,1
insult,1
guided,1
big,1
turn,1
canoes,1
paleoindians,1
drainage,1
distinct,1
elements,1
nor,1
items,1
transegalitarian,1
patch,1
feasible,1
catalina,1
moderateand,1
concerning,1
amount,1
purismeno,1
channels,1
rediscovering,1
allowing,1
applying,1
witnessed,1
nonkill,1
estimate,1
price,1
pinacate,1
heightened,1
rondeau,1
corpus,1
memoir,1
stimulating,1
communication,1
dolphin,1
vice,1
critique,1
details,1
demonstration,1
wet,1
stays,1
coasts,1
discovering,1
cooperative,1
nuanced,1
paleoecological,1
competitive,1
exponentially,1
cobbles,1
eel,1
alabama,1
rights,1
bernardini,1
foot,1
otter,1
sample,1
expansions,1
subperiod,1
flake,1
americans,1
mytilus,1
whose,1
sociotechnical,1
expected,1
terminates,1
betterment,1
subjected,1
links,1
bring,1
antevs,1
edward,1
adapt,1
keywords,1
mitigates,1
bifaces,1
reexamining,1
flanks,1
responded,1
process,1
broaden,1
neatly,1
players,1
practiced,1
parents,1
boasts,1
mortar,1
thursday,1
supplement,1
flexible,1
leave,1
special,1
enigmatic,1
mesilla,1
white,1
engineer,1
awareness,1
animals,1
sunshine,1
reinforce,1
update,1
multivariate,1
shell,1
rife,1
webster,1
reason,1
references,1
mckean,1
acquisition,1
proving,1
coiled,1
space,1
lineal,1
consider,1
artz,1
possibly,1
flexibility,1
occupational,1
established,1
imposing,1
familiar,1
fertilization,1
descent,1
berry,1
cutoff,1
clearly,1
exciting,1
numbers,1
windows,1
reexamination,1
traces,1
accessibility,1
differs,1
inherited,1
too,1
periodically,1
orientation,1
operate,1
shorter,1
surface,1
connecting,1
fagan,1
efficient,1
cost,1
cordell,1
favorable,1
islanders,1
footprints,1
colton,1
permanent,1
answers,1
helped,1
interval,1
warmer,1
preference,1
adapting,1
decades,1
strengthen,1
promote,1
conflicts,1
nebraska,1
aceramic,1
ogists,1
enacting,1
whereas,1
ranges,1
raw,1
phillips,1
came,1
bilateral,1
whom,1
unanimous,1
asserts,1
uncovering,1
declined,1
lowland,1
reexamined,1
restrict,1
rule,1
traditionally,1
houghton,1
midden,1
access,1
freeman,1
nutrients,1
tucker,1
changed,1
deal,1
shared,1
medallion,1
facilitate,1
relate,1
requirements,1
mesoamerican,1
narrow,1
noting,1
welcomes,1
vigorous,1
synthesize,1
glacial,1
totemism,1
archaeofaunal,1
patchiness,1
fourth,1
traits,1
informed,1
though,1
viewpoints,1
posited,1
vellanoweth,1
rfo,1
studying,1
lethal,1
afforded,1
frequency,1
sticks,1
unpacking,1
meet,1
cloth,1
otherwise,1
energy,1
productively,1
shamanism,1
confirmation,1
lyons,1
absolute,1
facilities,1
aridity,1
premise,1
negotiated,1
creates,1
james,1
operatoire,1
indian,1
underlie,1
watershed,1
panhandle,1
lost,1
directly,1
having,1
pedro,1
designation,1
supplanted,1
distinguish,1
egalitarian,1
sonora,1
mandatory,1
inferred,1
predictability,1
rocks,1
horticulture,1
toys,1
vying,1
preferred,1
del,1
framed,1
monitoring,1
grained,1
reader,1
brought,1
horse,1
corona,1
discusses,1
porous,1
vierra,1
calls,1
wedel,1
confined,1
cob,1
related,1
commonalities,1
nation,1
homeland,1
tenure,1
journals,1
thoughts,1
minority,1
ten,1
whole,1
database,1
discussions,1
horn,1
refined,1
expansive,1
inspire,1
dietler,1
relevance,1
reoccupied,1
taxa,1
surpass,1
twined,1
runs,1
rows,1
versus,1
call,1
documented,1
twig,1
ethnohistoric,1
douglas,1
systematic,1
participate,1
entails,1
project,1
dakota,1
conform,1
midlatitude,1
methodol,1
flaking,1
depicting,1
poway,1
tone,1
creating,1
commons,1
computer,1
construct,1
parkway,1
brush,1
sense,1
indicator,1
successful,1
wi,1
walters,1
distances,1
fostered,1
unexpected,1
relating,1
bone,1
box,1
contrast,1
poster,1
subperiods,1
owned,1
diagnostic,1
claim,1
arbitrary,1
emerging,1
sake,1
habitation,1
grenda,1
multiple,1
choose,1
revealing,1
trincheras,1
zea,1
proof,1
asphaltum,1
presence,1
diablo,1
niches,1
gene,1
ancestral,1
ancestors,1
portions,1
usual,1
wisely,1
brown,1
bases,1
lyman,1
scarcity,1
maxwell,1
productivity,1
describes,1
gould,1
deaver,1
environmentally,1
jointly,1
energetically,1
grateful,1
lincoln,1
fluted,1
rancho,1
passive,1
massive,1
intermarriage,1
geographical,1
activities,1
fiber,1
community,1
dixon,1
span,1
flourished,1
analytic,1
reduction,1
neu,1
llc,1
symbolism,1
republican,1
pertaining,1
kuehn,1
habitats,1
cochise,1
situation,1
unquestionable,1
reduced,1
minor,1
inhabitants,1
advocate,1
transverse,1
mesa,1
dispositions,1
impacts,1
separation,1
sonoran,1
short,1
appearances,1
quantified,1
goodale,1
comparative,1
surprisingly,1
subject,1
jeffery,1
schemes,1
description,1
inclusive,1
unstable,1
wetland,1
framing,1
exception,1
standardization,1
stratigraphy,1
still,1
above,1
slower,1
technically,1
presently,1
indicates,1
experiences,1
macrobotanical,1
mainstays,1
logical,1
grooved,1
strategic,1
surveyed,1
hold,1
innovation,1
direction,1
cooler,1
vocabularies,1
verde,1
percentage,1
ogies,1
guide,1
rectangle,1
postdates,1
metric,1
contributing,1
collect,1
kent,1
criticism,1
incursion,1
edited,1
yet,1
chemistry,1
sri,1
reference,1
revealed,1
read,1
steer,1
logistically,1
happened,1
builds,1
acknowledgments,1
evolved,1
repair,1
under,1
positing,1
restricted,1
selective,1
termination,1
neither,1
relinquish,1
mauldin,1
semisubterranean,1
totem,1
planned,1
subset,1
adjusted,1
infrastructure,1
light,1
tebiwa,1
assistance,1
locality,1
topical,1
accelerated,1
experiment,1
reprint,1
uncovers,1
largest,1
subtly,1
insights,1
patterning,1
reports,1
begins,1
savannah,1
speaking,1
nonexistent,1
irvine,1
enculturative,1
declining,1
chose,1
largeand,1
hilltop,1
rings,1
geomorphology,1
simulation,1
endured,1
enquiry,1
acorn,1
organizations,1
earthoven,1
comfortable,1
skill,1
lanceolate,1
beads,1
sensu,1
broadened,1
reasserting,1
stream,1
academy,1
crm,1
pointed,1
reporting,1
ask,1
projects,1
newberry,1
analytical,1
efforts,1
incorporates,1
revitalized,1
consideration,1
limit,1
treatment,1
conduct,1
don,1
wesley,1
striking,1
instability,1
proposal,1
disturbed,1
lacks,1
reasoning,1
enable,1
reacted,1
suboptimal,1
incorporation,1
surfaces,1
preferring,1
gray,1
everything,1
contemporary,1
resolved,1
diameter,1
considerable,1
serious,1
fragments,1
reasons,1
starvation,1
ages,1
conclusions,1
throwing,1
drinking,1
abstract,1
learn,1
organizing,1
ground,1
begin,1
manos,1
increases,1
nicolas,1
essentially,1
continuing,1
validity,1
existing,1
coarse,1
noneconomic,1
boats,1
handicap,1
spoke,1
fewer,1
begun,1
burdened,1
textile,1
aprons,1
distance,1
circumscription,1
shifts,1
northerly,1
phil,1
interrelationships,1
boat,1
elevation,1
totems,1
interpreting,1
territoriality,1
lowercase,1
original,1
ricks,1
technologies,1
greatest,1
behaviors,1
exploring,1
extended,1
interleaved,1
dissimilar,1
astray,1
invested,1
mays,1
decimation,1
easier,1
craig,1
disagree,1
ecologically,1
active,1
aggregated,1
formal,1
nestled,1
excavators,1
ethnology,1
forested,1
markedly,1
versa,1
mosaic,1
encouraged,1
estuaries,1
kujit,1
varying,1
tx,1
ethnography,1
enduring,1
skeptical,1
combining,1
assumption,1
macroregional,1
factor,1
immunological,1
band,1
sequence,1
alternative,1
willey,1
purposely,1
recovery,1
laboratory,1
stay,1
hunted,1
stopping,1
theories,1
ichthyofaunal,1
pt,1
involves,1
described,1
negotiating,1
ties,1
low,1
navajo,1
open,1
explorations,1
landscapes,1
crises,1
switched,1
modem,1
adding,1
comprehensive,1
profession,1
wickerware,1
agreement,1
parrish,1
dominated,1
essay,1
reap,1
co,1
counter,1
methodological,1
reviewers,1
genetics,1
function,1
knack,1
him,1
microevolution,1
maximize,1
spanning,1
insightful,1
tavaputs,1
mammals,1
paleotemperature,1
misunderstanding,1
preservation,1
procuring,1
reuse,1
exchange,1
valued,1
readers,1
comparing,1
behind,1
mariners,1
overexploited,1
methods,1
moist,1
lovelock,1
insect,1
stableand,1
successors,1
interpretations,1
assessing,1
overcome,1
consciously,1
unoccupied,1
forde,1
obsidian,1
neothermal,1
oak,1
ethnographically,1
department,1
preand,1
story,1
dominance,1
fe,1
looked,1
figures,1
maximal,1
separates,1
megafauna,1
professional,1
prearchaic,1
footings,1
attention,1
practicing,1
clans,1
species,1
decision,1
hunt,1
pestles,1
tarring,1
drier,1
farm,1
implicitly,1
tempo,1
departs,1
seasons,1
yields,1
suggestion,1
undifferentiated,1
testable,1
fueled,1
devote,1
imply,1
today,1
bureau,1
buffer,1
removing,1
fairly,1
mixture,1
figure,1
usually,1
identities,1
moister,1
staples,1
maps,1
corrals,1
spindle,1
reasonable,1
imperatives,1
vague,1
order,1
duncans,1
bulletin,1
dimensions,1
army,1
muddle,1
affinity,1
team,1
returned,1
reoccupation,1
peril,1
rapidly,1
shells,1
maximizing,1
amassing,1
figurine,1
intend,1
extra,1
encapsulated,1
construction,1
fall,1
spotlight,1
zoomorphs,1
surprising,1
oldest,1
penasquitos,1
answer,1
supporting,1
months,1
itself,1
ropsychological,1
face,1
canada,1
problematic,1
gathered,1
beans,1
seat,1
attachment,1
vigor,1
residentially,1
populate,1
matters,1
addressed,1
ensure,1
quantitatively,1
quantitative,1
enigma,1
linguist,1
acquired,1
suggestions,1
stratigraphic,1
gatherer,1
chaihe,1
counterintuitive,1
foraged,1
version,1
homogeneity,1
ascendant,1
extending,1
demonstrate,1
agents,1
ever,1
invoked,1
determinants,1
phyletic,1
physical,1
droughts,1
resilience,1
doi,1
equipment,1
triggers,1
fertility,1
here,1
weaken,1
geoarchaeology,1
wider,1
unavailable,1
nonperishable,1
retained,1
extant,1
principle,1
image,1
severity,1
specialized,1
abandonment,1
novel,1
expanding,1
extraction,1
interested,1
sampling,1
nutritious,1
international,1
capital,1
equivocal,1
dated,1
regard,1
domestic,1
inquiry,1
counting,1
exploiting,1
solved,1
selectionist,1
pendejo,1
familiarize,1
infer,1
equilibrium,1
oceangoing,1
build,1
associations,1
scripps,1
pit,1
going,1
prospects,1
burying,1
living,1
assessment,1
february,1
bands,1
risky,1
places,1
tangle,1
cautions,1
commences,1
according,1
scholarly,1
unlikely,1
impact,1
proceedings,1
carefully,1
investigation,1
androcentric,1
combined,1
reconcile,1
offering,1
typologies,1
accounts,1
plants,1
larson,1
supports,1
millings,1
nearby,1
schmader,1
males,1
add,1
baja,1
maintain,1
domesticate,1
vigorously,1
tightly,1
leaving,1
pool,1
toe,1
her,1
frison,1
sleeping,1
periphery,1
pursued,1
secure,1
nearshore,1
calendrical,1
balance,1
proposing,1
resident,1
episode,1
hundreds,1
pronghorns,1
ascertain,1
size,1
travel,1
vessels,1
conference,1
codding,1
gradualism,1
outline,1
occasionally,1
careful,1
entrance,1
goleta,1
uniform,1
kin,1
beach,1
capitalizing,1
yearly,1
weft,1
giving,1
durable,1
lies,1
returning,1
simply,1
adapted,1
glottochro,1
vast,1
target,1
transcontinental,1
summarizes,1
watering,1
definitions,1
think,1
calibrated,1
terminal,1
sparked,1
rewarding,1
named,1
eric,1
charlie,1
shores,1
intent,1
pine,1
devoted,1
ultimately,1
survival,1
sediments,1
drafts,1
fetishes,1
background,1
anatomically,1
charts,1
contract,1
opens,1
internally,1
write,1
grant,1
finally,1
aware,1
mode,1
proteins,1
whitley,1
contributed,1
preceramic,1
joined,1
approximately,1
americas,1
integrated,1
correlated,1
dense,1
socially,1
canadian,1
green,1
sur,1
manufacture,1
staying,1
bear,1
thoughtful,1
relegate,1
seeks,1
plentiful,1
landforms,1
peripheries,1
maxine,1
speak,1
roughly,1
summary,1
anonymous,1
am,1
terrestrial,1
conceptualizing,1
susie,1
carbon,1
reconsidering,1
coahuila,1
assumed,1
drying,1
close,1
ensuring,1
painted,1
discontinuous,1
retreating,1
nucleation,1
jamie,1
vary,1
peopling,1
enterprise,1
sharing,1
eldredge,1
substantial,1
predictable,1
element,1
ownership,1
archeological,1
nino,1
treating,1
sourcing,1
immediately,1
unequivocal,1
rosenthal,1
aztecan,1
representational,1
roles,1
delayed,1
dug,1
eagerly,1
