WORDCOUNTS,WEIGHT
and,837
of,694
the,638
in,414
to,311
a,288
archaeological,239
for,156
data,141
archaeology,124
spatial,115
j,102
m,102
as,98
journal,91
is,90
we,87
gis,86
that,84
have,80
on,80
or,74
an,72
with,69
from,65
al,64
et,63
technology,61
d,61
prospection,59
are,56
p,56
at,53
these,53
has,51
r,44
s,43
new,43
information,43
use,42
science,42
survey,41
geophysical,41
k,41
t,40
this,40
by,39
be,39
digital,38
analysis,38
using,38
site,37
landscape,35
modeling,35
antiquity,34
springer,34
g,33
archaeol,33
res,33
how,32
remote,32
c,32
more,31
been,31
pp,31
american,30
l,30
field,30
our,30
it,29
applications,29
study,28
used,28
sensing,27
can,27
one,26
research,26
other,25
past,25
software,24
b,24
sites,24
sets,23
human,23
gps,23
through,23
systems,23
w,22
international,21
also,21
methods,21
models,21
e,20
such,20
radar,20
cultural,20
predictive,20
social,20
not,20
laser,20
case,19
features,19
terms,19
archaeologists,18
there,18
approach,18
world,18
between,18
than,17
mapping,17
us,17
satellite,17
landscapes,16
record,16
viewshed,16
remains,16
north,16
review,15
natural,15
theory,15
different,14
internet,14
application,14
greater,14
prehistoric,14
example,14
seen,14
create,14
recent,14
point,13
space,13
geographical,13
visualization,13
often,13
advances,13
include,13
into,12
within,12
system,12
university,12
based,12
location,12
see,12
were,12
maps,12
geographic,12
aerial,12
while,12
recording,12
locations,12
prospecting,11
which,11
representations,11
de,11
van,11
london,11
settlement,11
will,11
imagery,11
but,11
regional,11
model,11
range,11
ground,11
over,11
n,11
what,11
now,10
environmental,10
studies,10
first,10
development,10
rather,10
their,10
surface,10
ancient,10
tools,10
change,10
southern,10
mobile,10
management,10
patterns,10
necessary,10
explicitly,10
elevation,10
technologies,10
including,10
kvamme,10
like,10
become,10
gillings,10
historical,10
better,10
evidence,10
potential,10
taylor,10
h,9
total,9
i,9
visibility,9
hawaii,9
developments,9
most,9
readings,9
important,9
access,9
buried,9
scale,9
well,9
artifacts,9
island,9
trends,9
f,9
oxford,9
interpretation,9
processing,9
two,9
many,9
locational,9
time,9
larger,9
do,9
theoretical,9
historic,9
when,9
environment,9
capability,9
early,9
lidar,9
land,9
images,9
detection,9
wheatley,9
represent,8
magnetic,8
they,8
some,8
ability,8
image,8
method,8
users,8
people,8
artifact,8
airborne,8
make,8
seeing,8
understanding,8
deposits,8
points,8
especially,8
integration,8
types,8
must,8
global,8
virtual,8
map,8
precision,8
should,8
large,7
central,7
given,7
york,7
was,7
air,7
cost,7
out,7
planning,7
good,7
several,7
methodological,7
results,7
society,7
implications,7
only,7
concern,7
computers,7
individual,7
v,7
provide,7
der,7
each,7
paper,7
problem,7
phenomena,7
techniques,7
programs,7
area,7
major,7
challis,6
metadata,6
complex,6
excavation,6
raster,6
sources,6
taken,6
all,6
great,6
vegetation,6
context,6
account,6
dynamic,6
since,6
databases,6
may,6
no,6
without,6
explicit,6
evolution,6
river,6
resource,6
beyond,6
standards,6
begun,6
public,6
y,6
training,6
its,6
place,6
around,6
architecture,6
still,6
light,6
heritage,6
toward,6
zealand,6
practice,6
those,6
examples,6
ö,6
scanners,6
marine,6
greece,6
increasing,6
topography,6
vision,6
remotely,6
anthropological,6
known,6
believe,6
best,6
making,6
both,6
multiple,6
role,6
commercial,6
national,6
integrated,6
ladefoged,6
need,6
increased,6
johnson,6
surveys,6
hardware,5
way,5
mccoy,5
agency,5
ways,5
approaches,5
viewsheds,5
history,5
file,5
automated,5
state,5
ô,5
america,5
representing,5
thus,5
quality,5
village,5
bridging,5
turn,5
perspective,5
egypt,5
even,5
online,5
via,5
aimed,5
developed,5
basic,5
changes,5
applied,5
age,5
representative,5
photography,5
technical,5
concept,5
part,5
corona,5
knowledge,5
database,5
issues,5
computer,5
value,5
imaging,5
practices,5
limited,5
about,5
complete,5
resolution,5
wide,5
areas,5
region,5
holocene,5
processes,5
continue,5
three,5
would,5
mexico,5
outside,5
promote,5
availability,5
usa,5
northern,5
relative,5
positioning,5
visualizing,5
vector,5
today,5
note,5
monuments,5
visual,5
plains,5
fields,5
articles,5
changing,5
sciences,5
set,5
anthropology,5
current,5
dalan,5
local,5
size,5
augmentation,5
level,5
geophysics,5
years,5
lake,5
focus,5
difficult,4
modelling,4
done,4
utility,4
identify,4
di,4
sensed,4
modern,4
decade,4
reconstructions,4
give,4
advanced,4
england,4
analyses,4
thanks,4
discipline,4
functions,4
reconstruction,4
ritual,4
behavior,4
goal,4
postprocessing,4
accuracy,4
excavations,4
assessment,4
santa,4
continuous,4
engineering,4
detecting,4
find,4
look,4
jones,4
interpolation,4
main,4
centered,4
environments,4
importance,4
intensive,4
exploratory,4
requires,4
problems,4
â,4
view,4
uses,4
lock,4
found,4
isprs,4
scotland,4
stations,4
big,4
handbook,4
hawaiian,4
tool,4
structures,4
correct,4
presented,4
below,4
wandsnider,4
mediterranean,4
likely,4
units,4
variety,4
impacts,4
identified,4
return,4
brief,4
tor,4
movement,4
guide,4
represents,4
culture,4
same,4
department,4
increasingly,4
published,4
useful,4
others,4
available,4
projects,4
blocks,4
cumulative,4
saa,4
surfaces,4
anthropologist,4
existing,4
gives,4
interpreting,4
thousands,4
ecodynamics,4
station,4
factor,4
perception,4
students,4
high,4
preservation,4
dawson,4
investigations,4
european,4
relationship,4
practical,4
bulletin,4
who,4
why,4
achieve,4
shift,4
investigate,4
quantitative,4
school,4
then,4
any,4
complexity,4
detect,4
precise,4
socionatural,4
commission,4
contextual,4
regard,4
truthing,4
type,4
interactive,4
fuller,4
investigation,4
crutchley,4
goals,4
web,4
smaller,4
limitations,4
specific,4
valley,4
equipment,4
traditional,4
signals,4
undergraduate,3
edge,3
common,3
mountains,3
introduction,3
becoming,3
boca,3
easily,3
commonplace,3
functionality,3
western,3
source,3
anthropogenic,3
creation,3
might,3
address,3
nature,3
experiments,3
quickbird,3
europe,3
assess,3
ebert,3
display,3
dryland,3
take,3
help,3
checked,3
evaluation,3
computing,3
takes,3
linear,3
key,3
agriculture,3
howard,3
possible,3
integrating,3
activity,3
move,3
combination,3
waas,3
regarding,3
royal,3
relationships,3
september,3
holdaway,3
seismic,3
quantifying,3
z,3
applying,3
terrestrial,3
growth,3
learning,3
square,3
coastal,3
opportunity,3
alabama,3
ongoing,3
resistivity,3
objects,3
linked,3
represented,3
impact,3
fore,3
show,3
helped,3
arcgis,3
had,3
advance,3
distribution,3
identifying,3
allow,3
called,3
combinations,3
behavioral,3
deal,3
base,3
late,3
further,3
population,3
produced,3
otherwise,3
photo,3
near,3
literature,3
work,3
italy,3
irish,3
description,3
woodland,3
overview,3
manage,3
either,3
paperless,3
viewing,3
creating,3
caused,3
spatially,3
fuzzy,3
long,3
soil,3
driving,3
migration,3
core,3
up,3
coordinate,3
jordan,3
distinguishing,3
activities,3
appeal,3
service,3
brings,3
above,3
decisions,3
confronting,3
collect,3
reference,3
kalaupapa,3
under,3
finders,3
technique,3
analytical,3
inherently,3
pattern,3
geography,3
operating,3
where,3
developing,3
less,3
reconstructing,3
distance,3
number,3
google,3
cambridge,3
discovery,3
ios,3
significant,3
resulting,3
radiocarbon,3
synthetic,3
described,3
scanning,3
earth,3
interpret,3
times,3
architectural,3
spread,3
interpolate,3
function,3
reflectivity,3
latter,3
photogrammetric,3
respectively,3
topics,3
intrasite,3
analyze,3
continued,3
sometimes,3
begin,3
detailed,3
team,3
regularly,3
issue,3
addressed,3
variable,3
material,3
growing,3
series,3
incorporated,3
discrete,3
llobera,3
descriptions,3
specialized,3
par,3
paleoindian,3
east,3
setting,3
exploration,3
beginning,3
maya,3
form,3
particular,3
nautical,3
urban,3
spaces,3
john,3
recognition,3
resistance,3
challenges,3
waves,3
kohler,3
formation,3
sediments,3
electronic,3
although,3
regular,3
interaction,3
uk,3
building,3
ca,3
arizona,3
does,2
pcs,2
currently,2
terrain,2
limits,2
if,2
altamira,2
created,2
aviation,2
market,2
minimum,2
evans,2
territorial,2
per,2
scottish,2
reflection,2
ana,2
kinds,2
stone,2
linkages,2
investigating,2
gillam,2
modelers,2
ms,2
lasers,2
evaluating,2
eye,2
contact,2
properties,2
contexts,2
experience,2
lower,2
gap,2
specifically,2
extraction,2
topographic,2
roman,2
production,2
deterministic,2
meters,2
anomalies,2
rapid,2
surveying,2
handling,2
principles,2
reasons,2
right,2
able,2
government,2
link,2
grayscale,2
quantum,2
real,2
last,2
nm,2
date,2
kantner,2
political,2
somewhat,2
gibson,2
ad,2
british,2
documenting,2
recorded,2
eastern,2
task,2
scans,2
discuss,2
design,2
polity,2
quantities,2
prior,2
zooarchaeology,2
clear,2
x,2
resources,2
beneath,2
monastic,2
warfare,2
sand,2
walnut,2
workflow,2
iron,2
includes,2
accessible,2
differential,2
reproductions,2
nash,2
bison,2
due,2
against,2
analyzing,2
sediment,2
unpublished,2
machine,2
author,2
sierra,2
savvier,2
relatively,2
receiver,2
ease,2
century,2
religious,2
elements,2
clark,2
david,2
wescott,2
refer,2
back,2
fig,2
lasaponara,2
compared,2
explore,2
critique,2
influence,2
error,2
implementation,2
newer,2
employ,2
topic,2
identification,2
act,2
his,2
managers,2
subjected,2
links,2
managing,2
across,2
generations,2
remain,2
levels,2
active,2
risk,2
certain,2
direct,2
navigation,2
signatures,2
special,2
scales,2
white,2
feel,2
awareness,2
support,2
facilitated,2
windows,2
marks,2
consider,2
desktop,2
statistical,2
just,2
profile,2
proven,2
four,2
ponce,2
putting,2
qiu,2
solve,2
providing,2
methodology,2
societies,2
could,2
traditionally,2
typical,2
amsterdam,2
handheld,2
visualisation,2
term,2
limp,2
academic,2
density,2
equally,2
standardized,2
bp,2
focused,2
war,2
ordnance,2
excellent,2
winterbottom,2
perform,2
professionals,2
simulations,2
kirch,2
because,2
syria,2
future,2
degrees,2
arid,2
scatters,2
del,2
interface,2
extending,2
brought,2
user,2
ot,2
norm,2
neubauer,2
related,2
patterning,2
q,2
describe,2
millions,2
hawai,2
statistics,2
device,2
away,2
reflect,2
surrounding,2
rise,2
employed,2
shelter,2
differentially,2
fieldwork,2
project,2
graduate,2
rover,2
regions,2
subtle,2
causal,2
describing,2
working,2
peterson,2
indicators,2
grass,2
contrast,2
bevan,2
every,2
concerns,2
county,2
peak,2
boundaries,2
masini,2
visible,2
progress,2
majority,2
introduced,2
provided,2
sophistication,2
stewards,2
south,2
challenge,2
processual,2
san,2
connectivity,2
absence,2
myriad,2
aperture,2
letters,2
scientific,2
classic,2
forward,2
islands,2
locating,2
comments,2
experiences,2
wind,2
registered,2
unfamiliar,2
loss,2
pacific,2
outlining,2
coverage,2
makes,2
tablet,2
adobe,2
included,2
reports,2
williams,2
volume,2
representation,2
routes,2
simulation,2
critiques,2
coming,2
visualscapes,2
penetrating,2
academy,2
photographs,2
experienced,2
fitzjohn,2
water,2
towards,2
limit,2
preserve,2
fundamental,2
conduct,2
abstract,2
crop,2
diverse,2
gray,2
contemporary,2
removal,2
external,2
readers,2
hand,2
likelihood,2
learn,2
cambodia,2
unit,2
tne,2
purposes,2
thermal,2
esda,2
perhaps,2
sicily,2
degree,2
process,2
another,2
collecting,2
exploring,2
vast,2
discussion,2
background,2
craig,2
desert,2
formal,2
previously,2
simulating,2
increase,2
findings,2
host,2
virtually,2
variation,2
questions,2
trend,2
variables,2
multispectral,2
archive,2
markers,2
office,2
improvements,2
platform,2
low,2
similar,2
discovered,2
cameras,2
stress,2
comprehensive,2
cartographic,2
ireland,2
period,2
federal,2
so,2
general,2
analysing,2
static,2
probable,2
ecology,2
improved,2
molyneaux,2
provides,2
hiking,2
artificial,2
promotion,2
caa,2
sanctuary,2
graves,2
internal,2
viable,2
narrow,2
interpretations,2
shallow,2
capabilities,2
professional,2
ago,2
attention,2
la,2
species,2
laet,2
ranging,2
suggest,2
miki,2
drennan,2
publishing,2
perspectives,2
chance,2
practitioners,2
program,2
abd,2
colleagues,2
predict,2
referred,2
dimensions,2
lost,2
sensitive,2
directions,2
began,2
contribution,2
susceptibility,2
wilson,2
disciplinewide,2
palimpsest,2
life,2
construction,2
united,2
table,2
get,2
sound,2
globe,2
suite,2
considered,2
comes,2
measurements,2
simply,2
ever,2
continues,2
georeferenced,2
bronze,2
improvement,2
appealing,2
offers,2
geoarchaeology,2
leeward,2
defining,2
esri,2
innovations,2
ubiquitous,2
pragmatic,2
websites,2
subsurface,2
bonfire,2
report,2
polynesian,2
rely,2
geomorphic,2
janelle,2
examining,2
climate,2
u,2
works,2
places,2
following,2
proceedings,2
them,2
list,2
agricultural,2
thesauruses,2
vehicle,2
array,2
islamic,2
produce,2
vol,2
art,2
middle,2
conference,2
researchers,2
outline,2
disparate,2
attached,2
sea,2
city,2
alternatives,2
giving,2
maori,2
vegetated,2
target,2
divided,2
qualitative,2
come,2
indexhtml,2
promoted,2
layers,2
advent,2
finding,2
institutional,2
chemical,2
geoarchaeological,2
brain,2
joined,2
detached,2
define,2
physical,2
files,2
already,2
france,2
photograph,2
defined,2
impacted,2
summary,2
aster,2
qualifying,2
interdisciplinary,2
pathways,2
sourcing,2
among,2
technological,2
subsequently,1
miller,1
decaying,1
entities,1
intricate,1
syntax,1
archives,1
kluwer,1
ola,1
rchaeological,1
transportation,1
produces,1
wyoming,1
o,1
matthiesen,1
isotopie,1
metal,1
accomplish,1
modelbased,1
mara,1
evaluations,1
timemap,1
implemented,1
car,1
medieval,1
later,1
generated,1
ancestral,1
declassified,1
groups,1
imported,1
arctic,1
faced,1
functional,1
toolkit,1
thegn,1
europeans,1
showy,1
go,1
pale,1
personnel,1
extreme,1
tuscaloosa,1
legg,1
determine,1
worthy,1
dynastic,1
foraging,1
palimpsests,1
measures,1
kilmartin,1
adoption,1
succession,1
distributed,1
expect,1
garba,1
needed,1
engendering,1
replaced,1
judged,1
systematically,1
limpet,1
slices,1
enhance,1
tend,1
gravili,1
word,1
referring,1
second,1
stichelbaut,1
costsurface,1
uniquely,1
peaks,1
peeters,1
hohokam,1
checking,1
proxy,1
steve,1
ell,1
lua,1
park,1
katsianis,1
readily,1
former,1
reasonably,1
ihracian,1
intermontane,1
protection,1
proveniences,1
organic,1
pose,1
occurred,1
multigeophysical,1
groundand,1
areal,1
complacency,1
detailing,1
viewpoints,1
thematic,1
grumentum,1
track,1
detected,1
annals,1
mimbres,1
limestone,1
zollikofer,1
various,1
cutting,1
brandon,1
mesa,1
being,1
hyperspectral,1
thermally,1
coding,1
coast,1
unprocessed,1
australia,1
invention,1
revisited,1
horsburgh,1
beautifully,1
ddf,1
backlog,1
accuracies,1
electrical,1
neolithic,1
exaggerated,1
contingent,1
handle,1
steady,1
attempts,1
chaos,1
aldenderfer,1
culturally,1
tabs,1
encouraged,1
yuma,1
humans,1
jeu,1
gazetteer,1
promoting,1
shipwrecks,1
conyers,1
seems,1
transformational,1
inhabits,1
incorporating,1
immense,1
wilev,1
least,1
height,1
attractive,1
customizable,1
leading,1
advantage,1
suggesting,1
together,1
conolly,1
estimation,1
ryavec,1
altimetry,1
thank,1
farmers,1
confirming,1
richards,1
blind,1
rich,1
fì,1
visualising,1
spaced,1
fruits,1
inherent,1
aircraft,1
reveal,1
generalizations,1
radiography,1
whistling,1
evolving,1
subsequent,1
submersibles,1
coalescence,1
xx,1
damage,1
integrate,1
threedimensional,1
devised,1
grammetric,1
intuitive,1
influences,1
inductive,1
proprietary,1
cell,1
classified,1
buropean,1
platforms,1
normal,1
california,1
coordinated,1
outgrow,1
reading,1
signs,1
intelligence,1
worldwide,1
effigy,1
afterword,1
empty,1
méxico,1
existence,1
classifying,1
plain,1
wetland,1
king,1
bird,1
introductory,1
capacity,1
advice,1
standalone,1
mass,1
iv,1
standardizing,1
demography,1
incorporate,1
rests,1
generates,1
march,1
addresses,1
solving,1
fijian,1
installed,1
chapter,1
aenal,1
gardens,1
uneven,1
futile,1
wonders,1
socialized,1
recommended,1
politics,1
fl,1
ar,1
specs,1
elk,1
prehispanic,1
relational,1
characterize,1
drive,1
gift,1
perspectivism,1
bibliography,1
consumers,1
hailey,1
bitelli,1
measuring,1
radon,1
community,1
midto,1
statue,1
nato,1
tablets,1
very,1
july,1
pathfinder,1
classifications,1
quantity,1
cited,1
jose,1
realistic,1
regnauld,1
gila,1
geomorphological,1
along,1
molehills,1
spain,1
conductivity,1
affordance,1
marginalized,1
measurement,1
engage,1
benefit,1
tied,1
inventory,1
zooming,1
controlled,1
surplus,1
exposed,1
tomographic,1
exist,1
avenues,1
frequencies,1
million,1
zimbabwe,1
cumulatively,1
chapters,1
multidimensional,1
tuli,1
ice,1
cyberinfrastructure,1
southwestern,1
decree,1
historically,1
estimating,1
mine,1
dynamics,1
consideration,1
magnetometer,1
extinguished,1
run,1
pilot,1
computerized,1
geoelectrical,1
integral,1
fluxgate,1
bodily,1
intact,1
interest,1
visuality,1
moment,1
portray,1
digitizer,1
clicking,1
friedman,1
gradiometry,1
interchangeably,1
stanton,1
sample,1
inversion,1
kind,1
rick,1
attracting,1
wiley,1
estimates,1
undiscovered,1
aligned,1
informatics,1
cases,1
marshalltown,1
drainage,1
arc,1
ideally,1
blame,1
forensic,1
stored,1
interactivity,1
burgeoning,1
ver,1
concerning,1
ephemeral,1
amount,1
body,1
montufo,1
simplest,1
capadinty,1
modernity,1
restrict,1
holds,1
contributes,1
inclusion,1
allowing,1
analogs,1
warned,1
saltón,1
competition,1
hybrid,1
landmark,1
mirrored,1
pappalardo,1
weaver,1
student,1
pueblo,1
designed,1
instruments,1
bennett,1
glaciers,1
gaze,1
tentatively,1
deeply,1
coasts,1
simplistic,1
discovering,1
imaginaries,1
generation,1
weakness,1
cuyahoga,1
thesaurus,1
ma,1
master,1
devereux,1
poorly,1
depths,1
readable,1
walls,1
phases,1
crow,1
oj,1
operation,1
opposed,1
gaining,1
definitively,1
rock,1
simultaneously,1
philadelphia,1
americans,1
essential,1
bring,1
performance,1
grid,1
geostatistical,1
superficial,1
haematite,1
gratuitous,1
johnston,1
infrared,1
ialuna,1
notion,1
calculation,1
beholder,1
trails,1
completely,1
conceptions,1
excavators,1
keene,1
totógal,1
template,1
botto,1
lao,1
determining,1
households,1
probability,1
shackley,1
persistent,1
rigor,1
artefact,1
se,1
republic,1
leave,1
derived,1
parts,1
tan,1
creek,1
symbols,1
enabled,1
distant,1
appropriateness,1
scattered,1
primer,1
outreach,1
satellites,1
extremes,1
supposed,1
jargon,1
guides,1
lots,1
webster,1
exceptional,1
reason,1
tomtom,1
understand,1
worlds,1
statistic,1
perceptions,1
proving,1
experimentally,1
adopt,1
beardah,1
prehistory,1
possibly,1
ringforts,1
fast,1
robotic,1
geosciences,1
familiar,1
benefits,1
emission,1
expectancy,1
abuses,1
mistakes,1
intrinsically,1
proved,1
section,1
byzantine,1
numbers,1
oxbow,1
gradually,1
additive,1
òpatial,1
likened,1
northeastern,1
characterizations,1
accessibility,1
listed,1
prevent,1
preconceived,1
stonehenge,1
committee,1
solid,1
xi,1
orientation,1
seamless,1
logger,1
democratic,1
underwater,1
store,1
dumfries,1
shorter,1
powerful,1
politywide,1
pains,1
arcpad,1
suites,1
submerged,1
ballard,1
notions,1
consequence,1
chronometrie,1
evolves,1
belgian,1
gaffney,1
reconsideration,1
mix,1
archeological,1
permanent,1
vale,1
subsidiary,1
explain,1
dooley,1
instantaneously,1
biasing,1
hit,1
syntheses,1
photos,1
strategy,1
suggested,1
decades,1
drawing,1
retirement,1
cipa,1
conflicts,1
reflections,1
charcoal,1
empowers,1
irrigation,1
proficient,1
behaviour,1
raw,1
sonar,1
gregory,1
result,1
closely,1
incomplete,1
lead,1
confirmatory,1
chris,1
channels,1
histories,1
train,1
conservative,1
fry,1
erosion,1
effort,1
seven,1
centers,1
patrick,1
galaty,1
scaling,1
colledge,1
deir,1
facilitate,1
criticisms,1
census,1
monitoring,1
syrian,1
contextualising,1
deciphering,1
initial,1
geoinformatica,1
geostatistics,1
circulation,1
companion,1
correction,1
occupation,1
informed,1
enhances,1
healthy,1
disturbance,1
gamma,1
reviews,1
computerassisted,1
keywords,1
fisher,1
burial,1
devoid,1
reinforce,1
photograpny,1
mcpherron,1
roadways,1
promise,1
notes,1
biases,1
estimate,1
russell,1
ford,1
pollen,1
saving,1
gunasekera,1
taught,1
enjoyed,1
imperial,1
onondaga,1
spp,1
tracking,1
tease,1
cybertools,1
memory,1
expensive,1
gained,1
products,1
directly,1
keeping,1
storage,1
gamut,1
network,1
basis,1
distinguish,1
relief,1
revealed,1
existentialist,1
suitability,1
bounded,1
strengths,1
listening,1
nigro,1
brophy,1
los,1
meskell,1
reader,1
protected,1
ranger,1
characterization,1
advancement,1
tens,1
oftentimes,1
explains,1
compass,1
interpreters,1
communication,1
overlay,1
actors,1
journals,1
thoughts,1
gender,1
outpace,1
intentionally,1
powlesland,1
incorporation,1
whole,1
dal,1
consistently,1
during,1
northwest,1
broad,1
calculating,1
records,1
trowel,1
köhler,1
runs,1
ultrashallow,1
kings,1
wari,1
wehr,1
call,1
documented,1
forces,1
personal,1
pseudoscientific,1
causse,1
europos,1
sutton,1
achieving,1
ann,1
cornerstone,1
rendered,1
acharneh,1
archiving,1
famine,1
sensuous,1
nj,1
carey,1
sulla,1
chemistry,1
interested,1
shortcomings,1
errors,1
thread,1
numerically,1
asea,1
solution,1
inuit,1
mesopotamia,1
indicator,1
ensnared,1
sweep,1
questionable,1
buildings,1
shaping,1
things,1
stage,1
delivery,1
dictionary,1
next,1
television,1
order,1
le,1
squarely,1
tibetan,1
night,1
emerging,1
sake,1
cahuilla,1
family,1
quantification,1
teams,1
contingency,1
specificity,1
gt,1
shapes,1
preucel,1
few,1
altered,1
highly,1
revealing,1
components,1
bridge,1
photomapping,1
breaking,1
presence,1
vr,1
compromise,1
dramatic,1
choosing,1
decline,1
essentially,1
unreflexive,1
codes,1
alluvial,1
villages,1
differing,1
tended,1
variate,1
budgets,1
aggregates,1
dedicated,1
always,1
formats,1
annual,1
generally,1
spaceborne,1
st,1
herculaneum,1
nui,1
spurious,1
purpose,1
palace,1
disconnected,1
describes,1
benchmarks,1
leveled,1
unduly,1
reflected,1
appropriate,1
normalized,1
oso,1
preliminary,1
dam,1
pajarito,1
passive,1
moved,1
statuary,1
phase,1
gordon,1
multifunctional,1
limiting,1
activated,1
chronological,1
soundscapes,1
threatened,1
portion,1
llc,1
clearer,1
gradiometer,1
defended,1
press,1
usable,1
highlights,1
led,1
curricula,1
power,1
arrangement,1
demand,1
ceremonial,1
observations,1
pontignano,1
colors,1
protecting,1
summarize,1
visually,1
catchment,1
marean,1
economic,1
britain,1
doneus,1
schmidt,1
wrote,1
hide,1
synthesis,1
located,1
provenience,1
comparative,1
navigations,1
maghemite,1
successes,1
manipulate,1
merits,1
ueveioping,1
exception,1
upward,1
object,1
standardization,1
proton,1
allen,1
judgment,1
illustrating,1
presently,1
estimations,1
unwieldy,1
sending,1
unprecedented,1
targeted,1
roads,1
thailand,1
strategic,1
put,1
hold,1
direction,1
single,1
verde,1
lisa,1
fueled,1
calculate,1
hellenistic,1
edited,1
yet,1
catholme,1
palaeoindian,1
museum,1
od,1
push,1
examined,1
nondestructive,1
revisiting,1
added,1
oldowan,1
rules,1
instantly,1
computerised,1
thought,1
acknowledgments,1
detectable,1
continuity,1
tracks,1
chronology,1
selective,1
boundary,1
index,1
compiled,1
puzzle,1
antiauitv,1
devising,1
micromorphology,1
baxter,1
infrastructure,1
transformations,1
teaching,1
choices,1
subarctic,1
pda,1
ed,1
vrml,1
outlined,1
planet,1
indian,1
judiciously,1
largest,1
costs,1
organize,1
breakthrough,1
reliance,1
begins,1
noted,1
bar,1
japanese,1
causality,1
ridged,1
bandy,1
desktops,1
ceramic,1
street,1
hisar,1
mound,1
organizations,1
fire,1
hydrobiologia,1
unlimited,1
mineralogical,1
law,1
book,1
tilt,1
business,1
popularity,1
mark,1
verge,1
pick,1
crm,1
ecological,1
ünnancing,1
hearths,1
deterioration,1
nevada,1
daly,1
tailoring,1
goodrick,1
logged,1
complementary,1
higuchi,1
preprogram,1
efforts,1
dehumanizing,1
colan,1
lahr,1
refitting,1
shows,1
longer,1
lack,1
idea,1
valid,1
ua,1
storing,1
ieee,1
arising,1
abilities,1
creative,1
pickels,1
arcadia,1
beliefs,1
match,1
overlaying,1
ethnohistoric,1
geometrical,1
layer,1
enable,1
pollandcal,1
really,1
understandable,1
farming,1
end,1
cils,1
formulating,1
distributions,1
foster,1
considerable,1
fashion,1
harmon,1
feedback,1
discussed,1
malpaso,1
channel,1
puzzling,1
forms,1
never,1
behind,1
certosa,1
sighting,1
determinism,1
adjacent,1
electricity,1
sarris,1
present,1
brosion,1
remarkable,1
manner,1
innovative,1
digitization,1
archaeobotanical,1
pleistoceneholocene,1
usine,1
orthodoxy,1
stationary,1
ditched,1
archaeopress,1
arcims,1
answer,1
english,1
angkor,1
weighed,1
maturity,1
agencies,1
deep,1
gater,1
books,1
spacing,1
assemblage,1
shifts,1
remarkably,1
woodman,1
transparent,1
multidisciplinary,1
adopter,1
nakhon,1
sir,1
phenomenological,1
simon,1
fundamentally,1
subsistence,1
powered,1
difference,1
classes,1
private,1
greatest,1
kernel,1
meaningful,1
simple,1
extended,1
simulationarchaeologists,1
rio,1
microtopographic,1
atlantic,1
intent,1
collated,1
considering,1
made,1
transforms,1
rowlands,1
envisioning,1
values,1
cult,1
israel,1
giles,1
dordogne,1
stennis,1
enhanced,1
multiplexed,1
distinctly,1
gauteng,1
sixth,1
campsite,1
markedly,1
goes,1
stancic,1
egadi,1
worship,1
complexities,1
skeletal,1
asian,1
confidence,1
saturno,1
hypotheses,1
largely,1
plantation,1
affects,1
applicata,1
aside,1
willey,1
rare,1
scheduled,1
laboratory,1
examination,1
grounding,1
full,1
previous,1
option,1
deemed,1
eight,1
dismissed,1
advantages,1
howey,1
joys,1
versions,1
trade,1
open,1
significance,1
landsat,1
truths,1
transformation,1
individualized,1
reality,1
floridabianca,1
depicting,1
authors,1
clouds,1
publication,1
shipyard,1
feature,1
dominated,1
victory,1
correcting,1
logic,1
amounts,1
held,1
taphonomic,1
symposium,1
reviewers,1
collaboration,1
revised,1
geographically,1
disclaimers,1
overlain,1
hammer,1
emplaced,1
curve,1
documentation,1
collected,1
stages,1
maximize,1
mountain,1
easter,1
unintentionally,1
configurations,1
accurate,1
after,1
interacted,1
enriched,1
came,1
aarhus,1
megaliths,1
exchange,1
spent,1
graphic,1
random,1
parallel,1
textbooks,1
evolutionary,1
fortification,1
editors,1
relation,1
sight,1
sensible,1
assessing,1
displayed,1
obsidian,1
hierarchical,1
structure,1
electric,1
concluding,1
tuture,1
lay,1
protocols,1
southwest,1
tendency,1
beam,1
cold,1
minimally,1
mangers,1
concluded,1
brown,1
prisms,1
decision,1
uncritical,1
rarity,1
ethic,1
specifications,1
photomapped,1
dealing,1
factors,1
interplanetary,1
primate,1
magnetometric,1
success,1
yr,1
saturation,1
rapa,1
aid,1
surpassed,1
geoscience,1
mitigate,1
iroquois,1
africa,1
humanities,1
canopies,1
involving,1
george,1
crucial,1
usually,1
photogrammetrical,1
hill,1
reasonable,1
antennae,1
inside,1
andean,1
florescence,1
fewer,1
primarily,1
multi,1
slow,1
becomes,1
bohemia,1
army,1
zeidler,1
dispatch,1
indiscriminate,1
faces,1
force,1
render,1
overlap,1
yautepec,1
recognize,1
deals,1
georeferencing,1
linking,1
volumes,1
inspired,1
expectations,1
fe,1
deductive,1
wan,1
fall,1
michael,1
education,1
subdivided,1
aqueduct,1
kingdoms,1
zoser,1
receive,1
spatiotemporal,1
imperialism,1
grounded,1
face,1
canada,1
ridges,1
arts,1
mounds,1
safeguarding,1
interpolated,1
influencing,1
extensions,1
conservation,1
erdas,1
hayakawa,1
matters,1
mortimer,1
ambracian,1
alluviated,1
sections,1
lezioni,1
share,1
rarely,1
monument,1
thinking,1
associated,1
specification,1
reliant,1
reviewing,1
shimoji,1
version,1
león,1
simplify,1
predictions,1
extensive,1
ikonos,1
too,1
nasa,1
cellana,1
gobi,1
digitally,1
constructed,1
temporal,1
willingness,1
mac,1
wellestablished,1
doi,1
kythera,1
tomography,1
drew,1
alternative,1
legates,1
quaternary,1
repository,1
cover,1
replace,1
outcome,1
berkeley,1
locate,1
ciclo,1
colonization,1
control,1
thicket,1
sure,1
pedestrian,1
chapman,1
sheep,1
suggestions,1
attribute,1
byerly,1
gone,1
multiperiod,1
banerjee,1
did,1
down,1
prominence,1
guiford,1
expense,1
half,1
finder,1
followers,1
post,1
foundation,1
particularly,1
paleontology,1
scanned,1
mongolia,1
launching,1
wilkinson,1
cjis,1
far,1
kharga,1
written,1
dumped,1
turkey,1
audience,1
ét,1
paquime,1
going,1
holcomb,1
disputes,1
declassification,1
dehumanized,1
frieman,1
person,1
dreary,1
maltese,1
phd,1
sweeps,1
naturwissenschaften,1
according,1
gridbased,1
banborn,1
unlikely,1
purchase,1
basics,1
automatically,1
economy,1
jennings,1
combined,1
unique,1
whether,1
references,1
usumacinta,1
maryland,1
orleans,1
independently,1
sociology,1
forestry,1
add,1
covers,1
ioannides,1
validate,1
mere,1
temporally,1
bronx,1
hiume,1
wiseman,1
extent,1
kohala,1
fully,1
territoriality,1
castlike,1
require,1
migrations,1
orientations,1
vis,1
almost,1
minimal,1
oxygen,1
suggests,1
goodman,1
hundreds,1
cutmarks,1
upper,1
queries,1
freedom,1
geostationary,1
popular,1
church,1
meare,1
radically,1
pixel,1
little,1
unexploded,1
spectral,1
digitizing,1
elias,1
andrea,1
unsophisticated,1
upà,1
code,1
refinement,1
unsurveyed,1
scott,1
timely,1
polynuclear,1
beach,1
despite,1
develop,1
november,1
fossil,1
barrows,1
transition,1
disciplines,1
lies,1
administration,1
step,1
controls,1
maschner,1
rationale,1
investigated,1
harvesting,1
finnish,1
obtain,1
reconstruct,1
underestimate,1
equipped,1
phenomenon,1
motivate,1
allows,1
snow,1
definitions,1
aspect,1
think,1
gpr,1
rewarding,1
prepared,1
millimeter,1
northeast,1
question,1
basin,1
hammers,1
skepticism,1
shown,1
tell,1
cheetham,1
subset,1
bewley,1
bottleneck,1
reveals,1
referenced,1
deposition,1
average,1
zones,1
camps,1
conditions,1
opens,1
materials,1
washington,1
immersive,1
mulrooney,1
completed,1
whitley,1
contributed,1
offer,1
troina,1
wadi,1
cooper,1
generic,1
canadian,1
product,1
reflexive,1
states,1
manually,1
scalar,1
exceeding,1
attributes,1
playing,1
forming,1
off,1
programme,1
enclosures,1
gloucestershire,1
ogburn,1
chavez,1
bradley,1
classification,1
wagtendonk,1
soils,1
anonymous,1
reconnaissance,1
territories,1
subtractive,1
pioneering,1
intentional,1
materialism,1
witham,1
clarify,1
dicembre,1
exhaustive,1
coastline,1
postclassic,1
vary,1
expediting,1
reached,1
era,1
peopling,1
contrasting,1
debate,1
sharing,1
briault,1
subverting,1
texts,1
fears,1
views,1
munson,1
aloha,1
predisposed,1
xxth,1
ricerca,1
verified,1
course,1
immediately,1
parachute,1
mapsalthough,1
laborers,1
meeting,1
oí,1
southeastern,1
stephanie,1
lemmens,1
looking,1
