WORDCOUNTS,WEIGHT
the,1627
of,1413
and,1373
in,1071
a,414
to,298
j,285
r,271
archaeology,246
pp,238
illinois,214
late,210
on,198
mississippian,188
m,183
t,177
d,177
university,172
that,140
american,139
c,132
from,126
l,125
for,118
woodland,112
archaeological,111
e,108
as,106
are,103
no,101
cahokia,101
have,97
site,96
b,93
w,93
p,93
s,92
research,91
journal,90
at,88
prehistoric,88
with,87
eastern,86
or,86
g,85
state,84
oneota,83
midcontinental,79
some,78
an,75
societies,75
new,71
were,68
been,67
wisconsin,65
great,64
cultural,64
is,64
north,64
by,63
sites,60
valley,60
k,58
et,57
precontact,57
ancient,55
mississippi,54
ad,54
iowa,53
united,53
settlement,52
southeastern,52
other,51
archaeologists,49
central,47
these,47
antiquity,47
states,47
upper,46
midcontinent,45
river,44
honor,43
lakes,43
ohio,42
has,40
fort,40
people,40
western,39
social,39
be,39
this,38
f,38
museum,38
current,38
studies,37
missouri,37
across,36
i,35
prehistory,35
michigan,35
middle,35
mound,35
many,35
patterns,35
northern,35
tradition,34
papers,34
h,33
bottom,33
may,32
their,32
southern,32
over,32
development,31
culture,31
ceramic,31
also,31
between,31
it,30
vol,30
regional,30
more,30
department,29
nebraska,28
data,28
maize,27
sociopolitical,27
use,27
which,27
analysis,27
not,27
there,26
found,26
archeologist,26
small,26
society,26
perspectives,26
phd,26
essays,25
unpublished,25
population,25
world,25
region,25
subsistence,24
about,24
past,24
evidence,24
recent,24
history,23
scientific,23
america,23
artifacts,23
communities,23
time,23
material,23
peoples,23
area,23
such,22
used,22
but,22
systems,22
among,22
they,21
was,21
reports,21
science,21
historic,21
political,21
cultures,21
early,21
village,20
settlements,20
n,20
than,20
change,20
ideology,20
mounds,20
lake,20
interaction,20
large,19
approaches,19
southwestern,19
after,19
often,19
plains,19
particularly,19
historical,19
agricultural,19
complex,18
lower,18
human,18
kentucky,18
alabama,18
study,18
around,18
highways,18
native,18
exchange,18
who,18
charles,18
report,18
part,17
including,17
paper,17
distribution,17
contact,16
parts,16
raw,16
occupation,16
archaeologist,16
schroeder,16
smithsonian,16
production,16
variation,16
anthropologist,16
understanding,16
office,16
transformation,16
period,16
preservation,16
especially,16
anthropological,16
through,16
models,16
ca,16
transportation,15
into,15
survey,15
institution,15
appear,15
related,15
pottery,15
several,15
materials,15
various,15
toward,15
urbana,15
anthropology,15
chemical,15
groups,14
center,14
woodlands,14
along,14
phase,14
relationships,14
most,14
origins,14
had,14
diet,14
well,14
during,14
bareis,14
will,14
rock,14
minnesota,14
practice,14
food,14
plant,14
changing,14
carbon,14
investigations,13
within,13
system,13
resources,13
dynamics,13
perspective,13
landscape,13
archeological,13
ann,13
its,13
st,13
south,13
variety,13
areas,13
local,13
ofmelvin,13
associated,13
different,13
although,13
kinds,12
modern,12
before,12
analyses,12
agriculture,12
midwest,12
northeastern,12
important,12
buried,12
villages,12
community,12
domination,12
southeast,12
scholars,12
where,12
emphasize,12
structure,12
springfield,12
retrieving,12
complexity,12
variability,12
wild,12
years,12
remains,12
much,12
cranbrook,11
case,11
milner,11
jr,11
taming,11
even,11
ceramics,11
shell,11
observations,11
isotope,11
implications,11
interactions,11
institute,11
times,11
like,11
spatial,11
bloomfield,11
views,11
mortuary,10
one,10
schroedcr,10
york,10
creek,10
arbor,10
changes,10
focused,10
near,10
ceremonial,10
economic,10
chronology,10
nature,10
indiana,10
made,10
rivers,10
distinctive,10
theory,10
intergroup,10
stone,9
press,9
those,9
diversity,9
review,9
traditions,9
certain,9
midcontinentaljournal,9
objects,9
view,9
lived,9
further,9
appears,9
example,9
symbolism,9
structures,9
movement,9
issues,9
towns,9
demographic,9
model,9
number,9
louis,9
pattern,9
features,9
space,9
organization,9
advances,9
places,9
when,9
size,9
using,9
building,9
emerson,8
red,8
available,8
differences,8
composition,8
chiefdoms,8
posts,8
occasional,8
u,8
demography,8
ritual,8
warfare,8
bone,8
columbia,8
confluence,8
identification,8
how,8
process,8
special,8
record,8
surface,8
decades,8
burial,8
method,8
digital,8
literature,8
southwest,8
midwestern,8
stage,8
long,8
expansion,8
make,8
thought,8
two,8
lack,8
figurines,8
strategies,8
values,8
evolution,8
radiocarbon,8
characterized,8
mexico,8
evolutionary,8
tennessee,8
sometimes,8
seen,8
methods,8
stable,8
emergence,8
living,8
what,8
plants,8
emergent,8
protohistoric,8
earthen,8
increased,8
cahokian,8
focus,8
isotopie,7
northeast,7
upland,7
all,7
west,7
relatively,7
houses,7
dates,7
without,7
growth,7
prairie,7
iconography,7
basin,7
called,7
excavations,7
having,7
county,7
inferences,7
regions,7
florida,7
populations,7
indian,7
chronologies,7
elite,7
dating,7
interpretations,7
occupied,7
construction,7
aboriginal,7
effigy,7
east,7
little,7
role,7
madison,7
corn,7
tuscaloosa,6
decade,6
tempered,6
contexts,6
melvin,6
sources,6
kent,6
hunting,6
pauketat,6
sophisticated,6
household,6
economies,6
bison,6
individual,6
developments,6
fig,6
collagen,6
organized,6
resource,6
lithic,6
academic,6
because,6
basis,6
prominent,6
discussions,6
horizon,6
approach,6
working,6
few,6
annual,6
generally,6
power,6
transition,6
interpretation,6
nonlocal,6
efforts,6
others,6
analytical,6
occupations,6
larger,6
v,6
compositional,6
see,6
perhaps,6
valleys,6
polities,6
assemblages,6
farming,6
manifestations,6
empirical,6
questions,6
theoretical,6
taxonomic,6
can,6
monographs,6
connections,6
european,6
relationship,6
statewide,6
interpretive,6
dispersed,6
grand,6
temporal,6
diets,6
set,6
control,6
animal,6
chicago,6
making,6
information,6
phenomena,6
emphasis,6
multiple,6
reported,6
city,6
techniques,6
washington,6
green,6
smaller,6
surveys,6
traditional,6
built,6
gis,5
common,5
mchale,5
isotopes,5
environmental,5
determine,5
introduction,5
group,5
agency,5
ag,5
themes,5
context,5
electron,5
ute,5
since,5
clay,5
application,5
drainage,5
explore,5
earlier,5
landscapes,5
contributions,5
distant,5
numbers,5
impact,5
house,5
age,5
additional,5
exploitation,5
based,5
faunal,5
density,5
aspects,5
wide,5
ontario,5
artifact,5
involved,5
la,5
highly,5
results,5
moved,5
dietary,5
likely,5
settings,5
coverage,5
restricted,5
management,5
pemiscot,5
increasingly,5
members,5
projects,5
head,5
developed,5
simple,5
chiefdom,5
forms,5
mill,5
numerous,5
national,5
continue,5
directions,5
types,5
any,5
natural,5
did,5
goods,5
cultivation,5
economy,5
form,5
while,5
des,5
church,5
conference,5
huber,5
include,5
foraging,5
classification,5
roughly,5
summary,5
vessel,5
elites,5
northwestern,5
abandoned,5
difficult,4
margins,4
significant,4
meaning,4
monsters,4
skeletal,4
uplands,4
ma,4
ways,4
park,4
excavation,4
champaign,4
organic,4
inequality,4
variants,4
dc,4
lexington,4
lyman,4
later,4
might,4
address,4
conflict,4
timing,4
exotic,4
similarities,4
primary,4
account,4
possible,4
outlying,4
variations,4
cumberland,4
dynamic,4
framework,4
contemporaneous,4
de,4
old,4
publications,4
basic,4
pétrographie,4
importance,4
aquatic,4
plaza,4
acquisition,4
clearly,4
argued,4
peninsula,4
rice,4
peabody,4
closely,4
anthropogenic,4
future,4
out,4
sedentary,4
term,4
circular,4
buikstra,4
residential,4
placed,4
work,4
characterization,4
indigenous,4
description,4
overview,4
documented,4
cat,4
interpreted,4
own,4
trends,4
arkansas,4
interregional,4
field,4
components,4
dedicated,4
up,4
seed,4
preliminary,4
periods,4
led,4
investigating,4
limited,4
oasis,4
technology,4
included,4
lowland,4
ams,4
ethnographic,4
horticultural,4
fairly,4
paul,4
maple,4
monks,4
diverse,4
external,4
adjacent,4
do,4
ground,4
showing,4
flint,4
style,4
behaviors,4
disease,4
residues,4
individuals,4
laboratory,4
similar,4
dominated,4
shortly,4
managerial,4
procurement,4
internal,4
floral,4
topics,4
wi,4
ago,4
brown,4
movements,4
lines,4
detailed,4
ceremonialism,4
composed,4
erie,4
investigate,4
beans,4
earliest,4
variable,4
series,4
intensification,4
conjunction,4
comparison,4
geographic,4
continues,4
constructed,4
sourcing,4
sustained,4
each,4
presence,4
pit,4
less,4
adaptation,4
extent,4
always,4
periphery,4
vessels,4
both,4
practices,4
whittlesey,4
ecology,4
our,4
prepared,4
underworld,4
typically,4
land,4
saginaw,4
consumption,4
physical,4
tract,4
langford,4
classificatory,4
should,4
major,4
mostly,3
o,3
terrain,3
estimated,3
if,3
stylistic,3
adoption,3
considerably,3
identify,3
comparisons,3
occurred,3
migration,3
source,3
winnebago,3
island,3
rapid,3
rich,3
argue,3
starchy,3
marine,3
principal,3
milwaukee,3
linear,3
deal,3
prior,3
midcontinentai,3
point,3
complicating,3
ranked,3
throughout,3
differential,3
alignments,3
millennium,3
interest,3
heterogeneity,3
z,3
kind,3
pammel,3
document,3
databases,3
storage,3
kelly,3
influence,3
poorly,3
walls,3
van,3
poor,3
town,3
drainages,3
taxonomy,3
viewed,3
direct,3
symbols,3
monumental,3
consider,3
possibly,3
statistical,3
established,3
elsewhere,3
dominate,3
hierarchically,3
jars,3
migrants,3
beyond,3
consequence,3
tribalization,3
christenson,3
helped,3
whereas,3
expressed,3
identifying,3
farmsteads,3
events,3
oklahoma,3
studying,3
indirect,3
produced,3
counties,3
inferred,3
spiro,3
lords,3
place,3
northwest,3
broad,3
relevance,3
lifeway,3
reflect,3
surrounding,3
couple,3
polity,3
good,3
buildings,3
monongahela,3
chert,3
recognition,3
ill,3
portions,3
chronological,3
visually,3
located,3
brief,3
apatite,3
comments,3
vicinity,3
hoe,3
once,3
depicted,3
edited,3
relied,3
continuity,3
same,3
shifting,3
rectangular,3
mississippianization,3
images,3
only,3
ridged,3
published,3
calumet,3
oral,3
heritage,3
death,3
crm,3
water,3
cultivated,3
riverine,3
temples,3
foods,3
lc,3
lacks,3
end,3
debates,3
contemporary,3
distributions,3
considerable,3
discussed,3
clusters,3
farmers,3
developing,3
assemblage,3
another,3
recognizing,3
situated,3
multiscalar,3
explanation,3
memoirs,3
strongly,3
varying,3
largely,3
willey,3
ethnic,3
cooked,3
trade,3
three,3
decorated,3
symposium,3
spread,3
so,3
collected,3
black,3
least,3
crosse,3
problems,3
glenn,3
become,3
narrow,3
james,3
ate,3
adaptations,3
attracted,3
quarter,3
attention,3
farm,3
modification,3
transformations,3
starchyand,3
bureau,3
ecological,3
maps,3
begin,3
widespread,3
dimensions,3
collections,3
suggestions,3
remaining,3
life,3
blood,3
frontier,3
centuries,3
canada,3
fertility,3
sections,3
following,3
pace,3
symbolic,3
alternative,3
cemetery,3
sampling,3
capital,3
leaders,3
temper,3
ideological,3
artistic,3
examining,3
better,3
investigation,3
lopinot,3
seasonal,3
design,3
supplemented,3
prestige,3
pursued,3
urban,3
art,3
finished,3
lacrosse,3
varied,3
spring,3
cambridge,3
manufacture,3
plenum,3
redmond,3
plaines,3
inventories,3
stoltman,3
paleoethnobotany,2
countryside,2
carved,2
medicinal,2
flow,2
edge,2
fortified,2
adopt,2
functional,2
separated,2
holman,2
sandusky,2
dissolution,2
dlinois,2
urbanachampaign,2
replaced,2
multifaceted,2
formed,2
live,2
authority,2
sets,2
postdate,2
jonathan,2
marcus,2
predating,2
masks,2
individually,2
uses,2
contested,2
descriptions,2
file,2
taxa,2
either,2
morton,2
cahokians,2
labor,2
preceding,2
distinguishing,2
give,2
concentrated,2
location,2
astronomical,2
bloomington,2
crops,2
leading,2
together,2
flotation,2
thank,2
producing,2
molecular,2
exalted,2
religion,2
spoon,2
date,2
access,2
classified,2
california,2
discipline,2
somewhat,2
designs,2
oily,2
issue,2
side,2
plain,2
key,2
geophysical,2
microscopy,2
activity,2
bluff,2
soils,2
bibliography,2
move,2
richard,2
surrounded,2
exchanges,2
bowls,2
sand,2
factional,2
acres,2
neutron,2
goal,2
squash,2
centralized,2
includes,2
domesticated,2
collapse,2
historically,2
component,2
pockets,2
pursue,2
run,2
against,2
hierarchy,2
concentrations,2
relations,2
petrography,2
kunnemann,2
longhouses,2
conducted,2
cf,2
assessment,2
century,2
nonstate,2
cases,2
mixed,2
elements,2
paleodiet,2
spanned,2
baldwin,2
response,2
oxford,2
served,2
arranged,2
estimate,2
spin,2
networks,2
geological,2
drawn,2
memoir,2
bennett,2
critique,2
fanning,2
leadership,2
glen,2
phases,2
mechanisms,2
camp,2
centered,2
generations,2
scrapers,2
square,2
antagonistic,2
sizable,2
var,2
trentaine,2
persistent,2
suited,2
cave,2
ozarks,2
white,2
productive,2
scattered,2
factors,2
gathering,2
support,2
modified,2
applied,2
enclosures,2
locally,2
entry,2
intensive,2
emission,2
section,2
represented,2
shore,2
frequently,2
situations,2
four,2
show,2
campbell,2
represent,2
shifted,2
explain,2
protohistory,2
trajectories,2
sponemann,2
greater,2
moving,2
microprobe,2
lead,2
concentration,2
corridors,2
allow,2
histories,2
medicine,2
schroder,2
treatments,2
centers,2
paleodietary,2
international,2
fishing,2
circa,2
accompany,2
initial,2
applying,2
equally,2
moines,2
fisher,2
domestication,2
recently,2
intensity,2
dispersal,2
buffer,2
scale,2
thin,2
fish,2
wealth,2
procedures,2
produce,2
availability,2
trend,2
exploration,2
influenced,2
silver,2
hierarchies,2
products,2
crushed,2
distinguish,2
horticulture,2
protein,2
documenting,2
london,2
tributary,2
apparent,2
positions,2
refined,2
jai,2
constitute,2
densely,2
actually,2
being,2
irving,2
away,2
rise,2
compact,2
chemistry,2
foci,2
intersite,2
engravings,2
computer,2
construct,2
ratios,2
presented,2
alterations,2
indicators,2
ethnicity,2
next,2
contrast,2
stimulated,2
adding,2
revisited,2
peak,2
refinement,2
climate,2
distinguished,2
naa,2
alluvial,2
mixing,2
seeds,2
tended,2
midcontinenul,2
bonearchaeology,2
directionality,2
lansing,2
developmental,2
lohmann,2
lincoln,2
finds,2
activities,2
activation,2
critical,2
territorial,2
cotkin,2
architecture,2
cosmological,2
stale,2
short,2
gender,2
subject,2
play,2
elizabeth,2
preferences,2
builders,2
initially,2
contra,2
stothers,2
parker,2
ozark,2
single,2
percentage,2
competition,2
addition,2
columbus,2
populated,2
assistance,2
complete,2
carbonate,2
midohio,2
cairo,2
locality,2
reliance,2
noted,2
frameworks,2
spatially,2
challenge,2
technique,2
pastes,2
wetlands,2
tremendous,2
treatment,2
plan,2
environs,2
murphy,2
crop,2
feasting,2
diameter,2
man,2
agree,2
algonquian,2
depopulation,2
innovative,2
continuing,2
archaeobotanical,2
establish,2
heavily,2
origin,2
belief,2
degree,2
aggregation,2
analyzed,2
microscopic,2
exploring,2
discussion,2
craig,2
chiefly,2
range,2
formal,2
transformed,2
previously,2
manufactured,2
europeans,2
expression,2
assumption,2
began,2
mississippians,2
harvard,2
engaged,2
multicomponent,2
outpost,2
described,2
low,2
open,2
significance,2
clear,2
directed,2
emphasizing,2
stress,2
foodways,2
held,2
methodological,2
would,2
general,2
summer,2
tribal,2
division,2
households,2
excavated,2
interacted,2
dekalb,2
latter,2
wood,2
parallel,2
í,2
sacred,2
hierarchical,2
present,2
henderson,2
dunham,2
adaptive,2
ambrose,2
widely,2
knotweed,2
solar,2
applications,2
today,2
road,2
she,2
provide,2
pollack,2
hill,2
inside,2
bare,2
bulletin,2
success,2
dirt,2
contribution,2
hinterlands,2
volumes,2
settled,2
responsible,2
existed,2
lineages,2
stratified,2
rim,2
gathered,2
regionwide,2
biology,2
share,2
melanesia,2
gottschall,2
depending,2
incised,2
must,2
habitation,2
agents,2
organizational,2
routinely,2
comparative,2
modeling,2
resonance,2
outcome,2
berkeley,2
ratio,2
interested,2
half,2
wall,2
constructions,2
linked,2
gas,2
associations,2
papeis,2
mass,2
reliant,2
hamlets,2
oliver,2
kernels,2
growing,2
william,2
unique,2
them,2
whether,2
temporally,2
thousands,2
explored,2
earthwork,2
categories,2
prairies,2
researchers,2
varieties,2
level,2
upperworld,2
despite,2
collecting,2
develop,2
became,2
tissues,2
programs,2
stevenson,2
phenomenon,2
representation,2
com,2
coming,2
terminal,2
analogy,2
come,2
palisade,2
nuclear,2
until,2
detection,2
sugaring,2
value,2
public,2
documentation,2
contributed,2
followed,2
product,2
bear,2
involving,2
asked,2
spectrometry,2
defined,2
ranged,2
specific,2
potential,2
fluctuated,2
tribes,2
mason,2
enduring,2
morse,2
sharing,2
gainesville,2
reconsideration,2
gulf,2
earthworks,2
strong,2
ethnology,2
meeting,2
increase,2
utz,2
problem,1
final,1
compile,1
entities,1
moccasin,1
infrared,1
now,1
prahl,1
provisioning,1
revisionist,1
annuus,1
mckinney,1
glenwood,1
oriented,1
way,1
atomicabsorption,1
serpent,1
inductively,1
unicausal,1
expand,1
arctic,1
concern,1
culminated,1
epidemics,1
market,1
extreme,1
reconsidered,1
shrines,1
episodes,1
fingers,1
resulted,1
college,1
taymouth,1
inexpensive,1
portrayals,1
resided,1
epidemic,1
ultimate,1
succession,1
juntunen,1
reflective,1
mouth,1
guy,1
beneath,1
elaborately,1
becoming,1
interrelationships,1
speculated,1
perceive,1
residences,1
regulatory,1
graphic,1
mackinac,1
designed,1
prime,1
uncomfortable,1
merged,1
midcontinenu,1
habitats,1
injuries,1
remnants,1
strictly,1
postdepositional,1
postprocessual,1
paradigms,1
seriation,1
sunflower,1
favor,1
monolithic,1
hotly,1
station,1
former,1
reasonably,1
devices,1
justified,1
archaeoethnicity,1
potentials,1
classify,1
correspond,1
behavior,1
total,1
stretches,1
robinson,1
postprocessualism,1
pipes,1
fragile,1
pots,1
bp,1
something,1
lowlands,1
track,1
kekoskee,1
refìguring,1
absence,1
chief,1
sequential,1
sem,1
hints,1
negative,1
ethnographies,1
cutting,1
peaked,1
hm,1
round,1
first,1
ramey,1
attribute,1
cast,1
interpersonal,1
explaining,1
permit,1
inc,1
specifically,1
certainly,1
bioapatite,1
jackson,1
localities,1
connection,1
terrains,1
setting,1
caddoan,1
entailed,1
whalen,1
infections,1
taken,1
motor,1
fowl,1
dunnell,1
humans,1
arboc,1
dissatisfied,1
morphology,1
rindos,1
stretch,1
diseases,1
seems,1
rims,1
departure,1
sustainable,1
experiments,1
altering,1
definition,1
dane,1
heated,1
memorial,1
dramatically,1
moundville,1
physiographic,1
comparatively,1
oval,1
impute,1
height,1
interred,1
securing,1
could,1
excavating,1
toqua,1
midcontinentaljowrnal,1
secondary,1
appendages,1
assess,1
broadly,1
broken,1
parameters,1
suggesting,1
accompanied,1
palace,1
katzenberg,1
estimation,1
display,1
reasons,1
hooded,1
confusion,1
wielding,1
accumulated,1
prelude,1
inorganic,1
able,1
reconvened,1
sometime,1
link,1
generalizations,1
radiography,1
procedure,1
bluestem,1
commitment,1
styles,1
subsequent,1
emerald,1
help,1
inland,1
melding,1
brose,1
fresh,1
embrace,1
tree,1
traditionally,1
vegetation,1
inferring,1
erich,1
emphasized,1
osteology,1
influences,1
primitive,1
cö,1
robert,1
duality,1
platforms,1
decreased,1
ash,1
appalachian,1
checked,1
mccraney,1
pepo,1
dissolved,1
affected,1
rethinking,1
legend,1
contents,1
datable,1
underbrush,1
empty,1
globe,1
exogenous,1
assumed,1
classifying,1
collaborate,1
westview,1
behavioral,1
tieszen,1
dotted,1
anthropologists,1
king,1
luminescence,1
dune,1
fingerhut,1
slips,1
draw,1
energetic,1
apple,1
reanalysis,1
gardens,1
uneven,1
placement,1
fitting,1
determined,1
marked,1
politics,1
cooperation,1
sixteenth,1
tracing,1
biogeochemicai,1
reaching,1
wahpeton,1
reaction,1
petroglyph,1
zooarchaeology,1
sunwatch,1
consumed,1
inhabited,1
reflection,1
edit,1
brent,1
stratigraphy,1
occurring,1
taking,1
normative,1
except,1
processes,1
far,1
classifications,1
genetic,1
monitoring,1
geomorphological,1
apply,1
above,1
anticipated,1
interior,1
undoubtedly,1
sullivan,1
interact,1
marginalized,1
kirtlandia,1
illations,1
unrecorded,1
eroded,1
benderei,1
wm,1
collection,1
granaries,1
allamakee,1
evaluating,1
localized,1
soto,1
surplus,1
charnel,1
mid,1
repeatedly,1
menominis,1
regarding,1
reber,1
mc,1
thus,1
icons,1
mcdowell,1
chiefs,1
relocation,1
fayetteville,1
reused,1
accuracy,1
explained,1
eventual,1
estimating,1
mine,1
vigorous,1
immediate,1
module,1
quality,1
noninvasive,1
woodside,1
realignment,1
longevity,1
due,1
objective,1
recasting,1
magic,1
integral,1
terraces,1
ease,1
ofkunnemann,1
sp,1
contributors,1
unwin,1
inspiring,1
works,1
détermination,1
expansionistic,1
materially,1
rooted,1
engendering,1
theaters,1
overly,1
depopulated,1
separate,1
given,1
schrocdcr,1
inroad,1
weaknesses,1
phenomenology,1
initiate,1
estimates,1
hold,1
aztalana,1
distinct,1
exhortations,1
invariable,1
underlying,1
bay,1
david,1
casas,1
stokes,1
refer,1
panther,1
alkali,1
amount,1
back,1
subjects,1
marriage,1
mover,1
body,1
starved,1
serving,1
syracuse,1
wares,1
iroquioan,1
rediscovering,1
annua,1
spotty,1
honour,1
kinship,1
continuous,1
vawser,1
andan,1
whorls,1
stratigraphie,1
fineware,1
participating,1
accelerator,1
obscure,1
ny,1
fulton,1
communication,1
bottles,1
look,1
tucson,1
ecosystems,1
localization,1
details,1
kelley,1
appreciated,1
pennsylvania,1
sun,1
simplistic,1
descriptive,1
adult,1
jones,1
eiden,1
wl,1
coal,1
compromise,1
nonsite,1
leopold,1
paleoethnobotanical,1
disks,1
reef,1
mohawk,1
biface,1
hampers,1
lesser,1
drained,1
interesting,1
knoxville,1
enhancing,1
philadelphia,1
recognized,1
adequate,1
whose,1
graphics,1
deviations,1
neff,1
horicon,1
disaggregai,1
acid,1
traverse,1
statements,1
subjected,1
links,1
expanding,1
federal,1
main,1
intraregional,1
impetus,1
behaviorally,1
angeles,1
postcontact,1
edward,1
aggressive,1
particularistic,1
mckinstry,1
organizing,1
hanson,1
explicit,1
levels,1
highway,1
incidence,1
poses,1
kept,1
dealt,1
inconsistently,1
curvilinear,1
risk,1
proportion,1
legal,1
flexible,1
connected,1
stout,1
ponder,1
pipestone,1
archaeometry,1
renewal,1
travels,1
adjustments,1
variant,1
sacrificed,1
boone,1
dialogue,1
rank,1
jm,1
enabled,1
selected,1
illustrations,1
oneou,1
burials,1
augmented,1
periodic,1
absorbed,1
risks,1
lutheran,1
compilation,1
mcelrath,1
antagonism,1
experimenting,1
references,1
straits,1
determination,1
trigg,1
discernible,1
nor,1
ensure,1
biased,1
cherts,1
females,1
maiden,1
flexibility,1
diaphyseal,1
entrenched,1
neutronactivation,1
considerations,1
bostrom,1
proposed,1
fortifications,1
realities,1
constrain,1
aly,1
neck,1
bruce,1
downs,1
characterizations,1
rafinesque,1
reviewed,1
calendar,1
exemplify,1
met,1
benefited,1
proven,1
presumed,1
commonly,1
filed,1
zimmerman,1
stymie,1
ojibwa,1
spirit,1
postdating,1
orange,1
aichaeomagnetic,1
suites,1
isolation,1
shuffle,1
toronto,1
position,1
patterning,1
ceremony,1
painted,1
terminology,1
recur,1
mix,1
permanent,1
korando,1
solve,1
care,1
mo,1
syntheses,1
busycon,1
opinion,1
strategy,1
suggested,1
adapted,1
drawing,1
myths,1
rodel,1
fluid,1
contemplation,1
beaver,1
constructive,1
osteological,1
cultivating,1
charcoal,1
anthropologically,1
macroscopic,1
antiauitv,1
diachronic,1
bow,1
result,1
hanenberger,1
formidable,1
game,1
whom,1
krueger,1
affiliated,1
dixon,1
penumbral,1
route,1
portable,1
appearance,1
six,1
carrying,1
acknowledgments,1
resonate,1
begun,1
search,1
expanses,1
explanatory,1
typical,1
inappropriate,1
spectrographic,1
phipps,1
relating,1
seven,1
conventionally,1
changed,1
crowd,1
relation,1
prepare,1
facilitate,1
quandaries,1
agendas,1
centrally,1
pioneer,1
symbolically,1
mkkontinenul,1
emerge,1
commoners,1
wever,1
hadley,1
fuel,1
ethnohistorical,1
representative,1
bead,1
fishery,1
determann,1
big,1
acquiring,1
circulation,1
fans,1
accurately,1
discs,1
neighboring,1
though,1
unoccupied,1
elemental,1
subsisted,1
precursor,1
bands,1
unpopulated,1
tools,1
cannot,1
suffered,1
binghamton,1
excellent,1
domesticates,1
equifinality,1
safe,1
seattle,1
dialectic,1
saving,1
delays,1
washtenaw,1
rectilinear,1
negotiated,1
tracking,1
cognition,1
plowzone,1
oh,1
alt,1
paleoethnobotankal,1
overlapping,1
improve,1
shape,1
claassen,1
lost,1
directly,1
participation,1
gibbon,1
designation,1
cost,1
y,1
empiricism,1
farley,1
bc,1
douglas,1
scope,1
rocks,1
residents,1
scatters,1
already,1
statehood,1
prüfer,1
ditches,1
los,1
deconstructing,1
contextualized,1
interface,1
protected,1
goldstein,1
significantly,1
story,1
wabash,1
hereditary,1
purpose,1
shea,1
strength,1
dover,1
knowledge,1
maramec,1
pulls,1
forge,1
journals,1
stores,1
pipe,1
effigies,1
incremental,1
migrated,1
whole,1
realm,1
designate,1
diffusion,1
describe,1
fit,1
consistently,1
jefferies,1
travel,1
shading,1
mn,1
birger,1
stimulate,1
saskatchewan,1
gundersen,1
winter,1
rituals,1
call,1
transported,1
mathematical,1
ethnohistoric,1
egan,1
somewhere,1
proliferation,1
legislation,1
surfaces,1
employed,1
il,1
systematic,1
underrepresentation,1
bethany,1
manage,1
swamps,1
feldspars,1
dakota,1
rowe,1
predictive,1
visions,1
precootact,1
coulee,1
gracious,1
challenging,1
colleen,1
definitions,1
markedly,1
attributed,1
manipulation,1
shortcomings,1
efficiency,1
bodies,1
bibliographies,1
depositional,1
picture,1
preceded,1
causal,1
sparsely,1
stylized,1
domineering,1
mesopotamia,1
painting,1
sense,1
describing,1
useful,1
fork,1
adherents,1
distances,1
braden,1
wildly,1
things,1
reliable,1
steponaitis,1
grew,1
holes,1
nonresidential,1
sgottschall,1
box,1
warrant,1
trie,1
cope,1
interacting,1
emphasizes,1
disembodied,1
pictographsy,1
atmosphere,1
orient,1
taxonomies,1
floodplain,1
heat,1
intervals,1
trailed,1
pike,1
kluwer,1
mineral,1
consensus,1
astounding,1
wider,1
concerns,1
choose,1
blackduck,1
routine,1
grow,1
starting,1
zea,1
industry,1
julien,1
mi,1
mantle,1
master,1
bellicose,1
gene,1
decline,1
reelfoot,1
renegotiated,1
boundaries,1
differing,1
impossible,1
bethesda,1
coast,1
philip,1
basswood,1
impoverishment,1
characterizes,1
cincinnati,1
visible,1
richness,1
rendition,1
anheolonist,1
majority,1
cleaning,1
minor,1
productivity,1
orifice,1
filling,1
games,1
correspondence,1
rowman,1
roots,1
notes,1
enormously,1
reflected,1
appropriate,1
newly,1
philips,1
grateful,1
pot,1
passive,1
inhabiting,1
massive,1
geographical,1
promising,1
fiber,1
steinberg,1
content,1
analogies,1
barbara,1
transforming,1
span,1
flourished,1
portion,1
dalton,1
therefore,1
optically,1
tasks,1
quarry,1
stirling,1
transform,1
units,1
arrangement,1
fly,1
io,1
biocultural,1
hegemony,1
sensu,1
matter,1
colors,1
ridge,1
expanse,1
mysterious,1
resettled,1
contingent,1
catchment,1
identified,1
filler,1
appliquée,1
seventh,1
prospectus,1
gradual,1
hide,1
synthesis,1
lag,1
excessive,1
barley,1
dickson,1
schemes,1
appreciate,1
nearly,1
female,1
johansson,1
apart,1
prevailing,1
assure,1
still,1
reconstruction,1
lifefonn,1
garden,1
expanded,1
indicates,1
woods,1
persimmon,1
keeshin,1
aldine,1
frankfort,1
entailing,1
unfamiliar,1
incinerator,1
aligned,1
andover,1
religious,1
direction,1
feminist,1
spectacular,1
permanently,1
biological,1
guide,1
rectangle,1
patches,1
contributing,1
chronicle,1
flux,1
archaeometric,1
emerged,1
hocking,1
sort,1
od,1
reference,1
fractionation,1
arrangements,1
wake,1
hovey,1
residence,1
usa,1
precolumbian,1
sociocultural,1
under,1
mobile,1
cliff,1
ia,1
catlinite,1
ne,1
turk,1
intersocietal,1
amidst,1
boundary,1
asch,1
specimens,1
smith,1
marginally,1
semisubterranean,1
processing,1
fringes,1
home,1
brice,1
property,1
copper,1
belonged,1
distinguishable,1
light,1
entryways,1
experimental,1
fieldwork,1
husbandry,1
al,1
schultz,1
aeronautics,1
thejuntunen,1
insights,1
gary,1
climatic,1
visitors,1
lote,1
visualize,1
cottonlandia,1
esarey,1
carcajou,1
awe,1
avoided,1
jo,1
skeletons,1
declining,1
archeohgist,1
organizations,1
funerary,1
goals,1
vogt,1
french,1
houston,1
decoration,1
business,1
stated,1
mark,1
archaeologically,1
reaches,1
scfaroeder,1
fragmentation,1
semicircular,1
varies,1
decorative,1
towards,1
holdener,1
lueck,1
lacked,1
subsidiaries,1
analogous,1
conformity,1
communal,1
fact,1
recipes,1
consideration,1
hollow,1
turner,1
conduct,1
mnemonic,1
comstock,1
trips,1
appeared,1
depict,1
attempting,1
adds,1
shire,1
eighteenthand,1
enable,1
richer,1
bera,1
nucleated,1
personal,1
john,1
preferring,1
gray,1
borders,1
substantially,1
museiun,1
patchwork,1
functionally,1
arguably,1
imperfect,1
utilize,1
michigans,1
documents,1
never,1
conclusions,1
ripley,1
decorating,1
sweat,1
likelihood,1
ascent,1
locales,1
archaeologies,1
centre,1
manner,1
respiratory,1
ideologw,1
purposes,1
festooned,1
existing,1
midwestem,1
relevant,1
tall,1
hides,1
dance,1
containers,1
necessary,1
thermal,1
minneapolis,1
baerreis,1
über,1
downtown,1
frequency,1
controversy,1
cosmos,1
wickliffe,1
distance,1
threats,1
shifts,1
going,1
encountered,1
differentiation,1
regionally,1
outlines,1
presentation,1
thoroughly,1
alan,1
organize,1
argues,1
interpreting,1
calculation,1
territoriality,1
granitic,1
mills,1
demonstrated,1
midcontinenl,1
matrix,1
interrelated,1
ine,1
impacted,1
greatest,1
investigated,1
vast,1
gordon,1
examples,1
background,1
envisioning,1
hokness,1
mothers,1
implicated,1
hinder,1
refining,1
systematics,1
deposits,1
thickness,1
stennis,1
singlepost,1
homesteads,1
enhanced,1
distinctly,1
enormous,1
merge,1
langdon,1
contacts,1
aztalan,1
clustered,1
birds,1
complexities,1
identity,1
kincaid,1
top,1
persists,1
findings,1
controlling,1
eaten,1
linking,1
pretetoric,1
hypotheses,1
void,1
iso,1
persevere,1
factor,1
em,1
sequence,1
ideas,1
resulting,1
millennia,1
seminoie,1
rare,1
variables,1
unanimity,1
catalyzed,1
hunted,1
socioeconomk,1
chosen,1
full,1
purposeful,1
markers,1
sissel,1
knoebel,1
complicated,1
synthetic,1
stratification,1
involves,1
scanning,1
grassy,1
reassessing,1
sherd,1
elk,1
mode,1
comprehensive,1
publication,1
accounted,1
feature,1
formulas,1
providing,1
interpret,1
co,1
cabornwelborn,1
eve,1
arc,1
levers,1
controversies,1
floodplains,1
defensive,1
divisions,1
organism,1
derived,1
geographically,1
function,1
stockade,1
nonutilitarian,1
creating,1
high,1
mask,1
distinction,1
static,1
stages,1
drooker,1
proximity,1
spirits,1
spilling,1
ahler,1
entered,1
provides,1
elusive,1
segment,1
peebles,1
ongoing,1
quick,1
conveniences,1
unambiguous,1
valued,1
random,1
comparing,1
je,1
finetuning,1
salt,1
timmins,1
craft,1
pigeonholes,1
palo,1
assessing,1
compute,1
shallow,1
deliberate,1
effect,1
spectrometric,1
cowan,1
tremaine,1
diamond,1
hunters,1
operationalized,1
enthusiastically,1
seeking,1
artisans,1
probably,1
ethnohistory,1
lynott,1
differ,1
dominance,1
looked,1
workshop,1
streams,1
forefront,1
collégial,1
woodkmd,1
we,1
haven,1
prerequisites,1
joint,1
atlas,1
professional,1
caution,1
sugar,1
stick,1
controversial,1
propose,1
minimally,1
arresting,1
encompassing,1
my,1
prescient,1
petroglyphs,1
species,1
complicates,1
reluctant,1
metrics,1
hunt,1
covered,1
rl,1
fluorite,1
grandes,1
palisades,1
driftless,1
ethnobiology,1
concatenation,1
asking,1
seasons,1
indication,1
fifty,1
dawn,1
pictorial,1
inertia,1
topography,1
dead,1
kampsville,1
aid,1
circle,1
emulation,1
awl,1
iroquois,1
perry,1
coupled,1
irregular,1
reviewer,1
removing,1
lot,1
independent,1
continued,1
george,1
survevs,1
figure,1
elam,1
five,1
adequacy,1
burkemper,1
naturally,1
testing,1
practitioners,1
spindle,1
schroeöer,1
strangers,1
soft,1
disenfranchised,1
attitude,1
wing,1
trait,1
reflections,1
health,1
mirroring,1
stockbridge,1
seventeenth,1
flare,1
saplings,1
effectively,1
jar,1
lives,1
tragedy,1
ntal,1
sequences,1
recognize,1
shells,1
deals,1
leelanau,1
nonmound,1
covering,1
figurine,1
maces,1
traveled,1
spanning,1
merwe,1
fervent,1
reconsider,1
regionalism,1
anthropocentric,1
microchronology,1
continually,1
fall,1
pipeline,1
understand,1
inaa,1
charlottesville,1
fields,1
exists,1
elder,1
emerging,1
woodbury,1
grounded,1
anthropoid,1
particleinduced,1
exchanged,1
radie,1
quantitative,1
ultrasonic,1
burned,1
enigma,1
dissertation,1
wooded,1
encompasses,1
baseline,1
meant,1
chunkey,1
contained,1
constantine,1
rarely,1
then,1
monument,1
readers,1
cultivars,1
tbareis,1
breach,1
horseshoe,1
comes,1
complexly,1
dishes,1
version,1
complexes,1
contradiction,1
canton,1
extensive,1
posey,1
accounts,1
rigidly,1
reinforced,1
heins,1
bioarchaeological,1
precise,1
nonhierarchically,1
vacant,1
elaborate,1
borrow,1
carbondale,1
decamp,1
minois,1
moser,1
bullen,1
sherds,1
loraine,1
here,1
geoarchaeology,1
overexploitation,1
jefferson,1
minerals,1
dunn,1
der,1
differentiated,1
integrative,1
defining,1
dimension,1
respecting,1
stati,1
colonization,1
commonplace,1
readily,1
inequities,1
turn,1
monroe,1
abandonment,1
december,1
paleoindian,1
extraction,1
seriously,1
sizes,1
schlemmer,1
historians,1
rolling,1
alexander,1
prominence,1
demange,1
intrusive,1
clan,1
agreement,1
louisa,1
regard,1
embankments,1
curtiss,1
inquiry,1
lodges,1
terrestrial,1
altered,1
collins,1
rely,1
powell,1
very,1
pathways,1
plazas,1
uphold,1
audience,1
hundred,1
constant,1
visits,1
cities,1
explicitly,1
tracts,1
placing,1
prospects,1
disputes,1
archeolofiist,1
rural,1
oneotaf,1
type,1
ideally,1
examination,1
bean,1
miami,1
slone,1
beginning,1
researching,1
elevated,1
defend,1
preston,1
dayton,1
lovis,1
johnson,1
unlikely,1
explanations,1
heads,1
exposing,1
notable,1
reign,1
terms,1
cooking,1
ion,1
bibliographic,1
foursomes,1
larson,1
supports,1
particular,1
archeoiogical,1
nearby,1
odonnell,1
males,1
covers,1
unlike,1
contrasting,1
manitowoc,1
licking,1
ruin,1
chiefdomlevel,1
blosser,1
immersed,1
getting,1
correlates,1
mentioned,1
gorget,1
create,1
project,1
require,1
lm,1
yield,1
lfc,1
hopewell,1
orientations,1
balance,1
emblematic,1
springer,1
listed,1
porter,1
scenarios,1
paleoecology,1
hundreds,1
prevent,1
contain,1
cluster,1
cosmology,1
socioeconomic,1
paintings,1
occasionally,1
necessity,1
circumstances,1
reify,1
pits,1
thereby,1
conclude,1
redundant,1
introduced,1
confirm,1
dunklin,1
diachronie,1
easy,1
giving,1
williamson,1
focal,1
die,1
plans,1
maygrass,1
simply,1
assumptions,1
oneotalloway,1
acute,1
confronted,1
measure,1
extended,1
invasive,1
vandermerwen,1
putnam,1
nonhuman,1
reconstruct,1
arguments,1
archeometric,1
manufacturing,1
idcont,1
divided,1
mitigation,1
goose,1
mention,1
weaning,1
maintained,1
isolated,1
gain,1
invoked,1
archaeobotany,1
contrasts,1
prison,1
shores,1
btoomington,1
ends,1
formation,1
polynesia,1
taylor,1
argument,1
lists,1
mays,1
powers,1
disposal,1
average,1
intensified,1
bbb,1
biochemical,1
decrease,1
twentieth,1
paradigm,1
grappling,1
conditions,1
herds,1
institutional,1
frame,1
eveland,1
rockshelter,1
hart,1
accept,1
cucurbita,1
betty,1
archeoloçist,1
refute,1
insight,1
applicable,1
pinson,1
americas,1
grown,1
dense,1
pictographs,1
specialists,1
provided,1
integration,1
attributes,1
willingness,1
variously,1
effects,1
prospect,1
clues,1
colleagues,1
crafty,1
derive,1
seeks,1
tobacco,1
grapple,1
crib,1
peripheries,1
association,1
shift,1
archaic,1
peopie,1
practiced,1
ferris,1
anonymous,1
am,1
thousand,1
supported,1
vertebrate,1
reconsidering,1
removed,1
refinements,1
price,1
themselves,1
shrank,1
semisedentary,1
charged,1
text,1
radioanalytical,1
digging,1
debate,1
holley,1
meinholz,1
résidences,1
uncertainty,1
deposition,1
nonhierarchical,1
acrimonious,1
microliths,1
gourd,1
row,1
spectroscopy,1
seek,1
technological,1
comparable,1
celestial,1
socioculturel,1
zones,1
broader,1
subordinates,1
roles,1
close,1
brevity,1
pulcher,1
otto,1
cited,1
shellfish,1
discern,1
symbiotic,1
richly,1
bundles,1
hypothesis,1
