WORDCOUNTS,WEIGHT
the,1352
of,902
and,875
in,721
to,367
a,332
for,209
that,185
on,168
as,152
american,128
p,125
from,123
j,119
at,115
pp,114
prehistoric,105
by,104
southwest,104
this,99
southwestern,95
with,93
is,92
be,80
are,73
new,69
santa,66
archaeological,66
r,64
have,64
m,62
chaco,61
northern,61
w,61
ad,60
or,59
these,59
c,59
s,58
social,58
pueblo,56
an,56
early,54
l,52
some,51
was,50
were,50
research,49
canyon,48
d,48
great,47
late,47
which,47
area,47
anasazi,46
not,46
more,45
university,44
but,43
g,42
between,42
system,41
h,41
period,41
systems,41
paper,40
i,40
such,40
regional,39
than,38
may,38
their,36
it,35
has,35
population,35
k,35
also,35
mimbres,33
into,32
most,32
t,32
no,32
et,31
mexico,31
nm,31
archaeology,31
among,31
villages,30
fe,30
prehistory,29
about,29
been,29
through,29
archaic,29
westview,28
populations,28
b,28
arizona,28
mogollón,27
maize,26
other,26
presented,26
see,26
agricultural,26
e,25
relatively,25
mesa,25
sociopolitical,25
within,24
during,24
local,24
complex,23
evolution,23
had,23
san,23
antiquity,23
perspectives,23
kohler,23
news,23
production,22
cultural,22
change,22
evidence,22
organization,21
economic,21
areas,21
time,21
times,21
would,21
structure,21
chacoan,21
although,21
large,20
after,20
many,20
high,20
households,20
basketmaker,20
societies,19
architecture,19
rio,19
national,19
school,19
colorado,19
if,18
one,18
its,18
kiva,18
southern,18
region,18
use,18
low,18
juan,18
they,17
there,17
human,17
journal,17
crow,17
important,17
small,17
can,17
wills,17
probably,17
dolores,17
agriculture,17
when,17
integration,17
later,16
phase,16
development,16
f,16
least,16
settlement,16
department,16
less,16
years,16
current,16
role,16
north,16
center,15
western,15
first,15
wilcox,15
dynamics,15
houses,15
even,15
van,15
plateau,15
part,15
around,15
rock,15
aggregation,15
analysis,15
perhaps,15
kivas,15
what,15
increased,15
political,14
possible,14
basin,14
institute,14
sites,14
argues,14
verde,14
ceramic,14
dry,14
study,14
recent,14
village,13
all,13
state,13
those,13
due,13
site,13
linked,13
resource,13
history,13
could,13
out,13
cambridge,13
place,13
structures,13
only,13
patterns,13
model,13
revised,13
earlier,13
bonito,13
construction,13
occasional,13
version,13
lekson,13
little,13
ms,12
ii,12
nature,12
ritual,12
how,12
four,12
appear,12
because,12
well,12
we,12
field,12
portions,12
various,12
vivian,12
slightly,12
workshop,12
life,12
earliest,12
models,12
park,11
west,11
unpublished,11
storage,11
view,11
level,11
smithsonian,11
generally,11
entitled,11
increasingly,11
toward,11
pattern,11
general,11
institution,11
case,11
any,11
form,11
theory,11
art,11
using,11
our,11
conditions,11
paquimé,11
resources,11
interaction,11
seems,10
household,10
conflict,10
changes,10
utah,10
puebloan,10
diet,10
data,10
bc,10
several,10
few,10
turquoise,10
classic,10
community,10
grande,10
competition,10
do,10
increase,10
food,10
three,10
co,10
increasing,10
complexity,10
changing,10
over,10
anthropology,10
abandonment,10
leaders,10
iii,10
variability,10
transition,10
sharing,10
groups,9
sand,9
tucson,9
century,9
casas,9
excavations,9
surface,9
based,9
apparent,9
climatic,9
core,9
he,9
cannibalism,9
interpretation,9
under,9
us,9
ethnographic,9
al,9
farming,9
depopulation,9
upham,9
processes,9
stress,9
like,9
especially,9
pueblos,9
organizational,9
very,9
suggests,9
size,9
both,9
until,9
protohistoric,9
major,9
edge,8
introduction,8
either,8
last,8
obvious,8
central,8
subsistence,8
greater,8
access,8
sedentary,8
occupation,8
recently,8
near,8
issues,8
middle,8
society,8
will,8
press,8
ware,8
sebastian,8
v,8
road,8
mcguire,8
extended,8
including,8
corners,8
adaptive,8
where,8
pithouses,8
who,8
stable,8
anthropological,8
highly,8
control,8
phd,8
distribution,8
emphasis,8
washington,8
remains,8
valley,8
does,7
presents,7
bp,7
might,7
somewhat,7
eastern,7
implications,7
without,7
his,7
highlands,7
process,7
similar,7
importance,7
appearance,7
found,7
appears,7
basis,7
archaeologist,7
status,7
order,7
brown,7
world,7
units,7
ceremonial,7
religious,7
same,7
two,7
demographic,7
larger,7
strategies,7
degree,7
understanding,7
discussion,7
cas,7
made,7
spread,7
so,7
exchange,7
interpretations,7
investigations,7
grandes,7
cedar,7
primarily,7
often,7
then,7
intensification,7
hohokam,7
particularly,7
following,7
according,7
should,7
southeastern,7
now,6
commitment,6
environmental,6
group,6
studies,6
boulder,6
themes,6
long,6
rapid,6
vegetation,6
papers,6
key,6
design,6
vol,6
along,6
warfare,6
throughout,6
review,6
collapse,6
medio,6
millennium,6
developments,6
response,6
served,6
dates,6
publications,6
determinations,6
york,6
centered,6
piñón,6
basic,6
risk,6
direct,6
cave,6
burials,6
productive,6
factors,6
branch,6
argued,6
albuquerque,6
suggested,6
specific,6
ceramics,6
explain,6
sedentism,6
literature,6
horticulture,6
claim,6
polity,6
useful,6
coupled,6
annual,6
progress,6
periods,6
south,6
favorable,6
power,6
end,6
clusters,6
grasshopper,6
cult,6
skeletal,6
reconstructs,6
tewa,6
largely,6
survey,6
individuals,6
sees,6
health,6
lipe,6
problems,6
occupied,6
continued,6
associated,6
gumerman,6
did,6
historical,6
pit,6
debate,6
age,6
given,6
became,6
much,6
wild,6
lands,6
define,6
disruption,6
km,6
fir,5
common,5
represent,5
mesoamerica,5
mobility,5
contexts,5
different,5
scientific,5
differences,5
date,5
context,5
similarities,5
iv,5
demography,5
cooperation,5
information,5
leblanc,5
surplus,5
pithouse,5
bone,5
interprets,5
items,5
perspective,5
networks,5
higher,5
floor,5
identification,5
rather,5
growth,5
remain,5
en,5
approaches,5
practiced,5
white,5
pitstructures,5
dean,5
presumably,5
n,5
numbers,5
northeastern,5
position,5
rooms,5
base,5
academic,5
scale,5
facilities,5
related,5
used,5
broad,5
bat,5
rise,5
trends,5
ago,5
contrast,5
excavation,5
climate,5
always,5
visible,5
up,5
productivity,5
haas,5
practices,5
still,5
make,5
selection,5
mobile,5
matson,5
culture,5
others,5
fact,5
outside,5
forms,5
present,5
style,5
own,5
range,5
judge,5
theoretical,5
navajo,5
characterized,5
tribal,5
features,5
mountain,5
black,5
anemia,5
contact,5
relative,5
dietary,5
usually,5
widespread,5
why,5
forest,5
modeling,5
cultures,5
specialized,5
report,5
las,5
better,5
spatial,5
families,5
come,5
summary,5
potential,5
views,5
january,5
final,4
entities,4
way,4
zuni,4
foraging,4
red,4
adoption,4
settlements,4
tend,4
stone,4
second,4
ways,4
considerations,4
shelter,4
before,4
lightfoot,4
materials,4
archaeologists,4
transitions,4
explaining,4
chaos,4
available,4
tradition,4
farmers,4
analyses,4
link,4
existence,4
marked,4
point,4
economies,4
diversity,4
squash,4
differential,4
against,4
interest,4
gilman,4
entire,4
nelson,4
old,4
wares,4
look,4
climates,4
communities,4
defection,4
interesting,4
réévaluation,4
links,4
unit,4
levels,4
plog,4
esoteric,4
consider,4
possibly,4
emergence,4
house,4
too,4
pullman,4
origins,4
beyond,4
abandonments,4
strategy,4
whereas,4
result,4
diverse,4
shared,4
wherein,4
isotope,4
work,4
su,4
people,4
köhler,4
interpreted,4
alto,4
emphasizes,4
spanish,4
nutritional,4
dramatic,4
alluvial,4
results,4
moved,4
chronological,4
portion,4
minor,4
return,4
nearly,4
above,4
settings,4
roads,4
biological,4
land,4
me,4
serve,4
indian,4
largest,4
steve,4
noted,4
considers,4
similarly,4
added,4
analytical,4
communal,4
occupations,4
appeared,4
considerable,4
increases,4
polities,4
original,4
crown,4
disease,4
reed,4
virgin,4
empirical,4
significant,4
emphasize,4
questions,4
katsina,4
trade,4
historic,4
points,4
architectural,4
plant,4
become,4
effect,4
immigration,4
bureau,4
provide,4
science,4
program,4
directions,4
rapidly,4
considered,4
claims,4
known,4
here,4
desha,4
defining,4
best,4
domestic,4
cultivation,4
just,4
living,4
places,4
terms,4
adaptation,4
extent,4
prestige,4
upper,4
pecos,4
reconstruct,4
analogy,4
formation,4
spring,4
illinois,4
artificial,4
smaller,4
effects,4
famous,4
cultigens,3
kayenta,3
names,3
likewise,3
enhance,3
identify,3
true,3
decade,3
explanatory,3
fluctuations,3
upland,3
sources,3
fifteenth,3
concentrated,3
attempt,3
rare,3
advanced,3
diseases,3
roomblocks,3
principles,3
suggesting,3
accompanied,3
timing,3
products,3
physical,3
discipline,3
hohokanv,3
dd,3
side,3
projectile,3
prior,3
taking,3
reflecting,3
indicating,3
mountains,3
framework,3
centralized,3
nn,3
ute,3
contemporaneous,3
sample,3
kind,3
turn,3
estimates,3
body,3
highest,3
serving,3
engineering,3
alliances,3
y,3
traditions,3
leadership,3
influence,3
rates,3
mechanisms,3
sociopolitics,3
played,3
developed,3
probability,3
special,3
scales,3
selected,3
consequences,3
periodic,3
shell,3
support,3
firing,3
provinces,3
locally,3
river,3
established,3
proposed,3
record,3
hondo,3
linkage,3
cordell,3
closely,3
problem,3
comments,3
begun,3
depletion,3
emerge,3
almost,3
third,3
tools,3
residential,3
find,3
petrified,3
james,3
network,3
line,3
egalitarian,3
los,3
heavily,3
example,3
positions,3
surrounding,3
wilshusen,3
project,3
alliance,3
archeology,3
regions,3
precipitation,3
causal,3
responses,3
carbon,3
next,3
apparently,3
sufficient,3
accomplished,3
methodological,3
notes,3
provided,3
activities,3
barbara,3
likely,3
nearby,3
absence,3
comparative,3
reorganization,3
poor,3
initially,3
tends,3
springs,3
incipient,3
vs,3
soon,3
technology,3
restricted,3
included,3
breakage,3
publishing,3
depopulated,3
reports,3
lynne,3
enclaves,3
lack,3
simulation,3
purely,3
europe,3
blinman,3
towns,3
water,3
scholars,3
riverine,3
ideology,3
minimize,3
never,3
ages,3
took,3
landscape,3
developing,3
practice,3
diets,3
reconstructing,3
ecology,3
remained,3
another,3
technologies,3
elevations,3
examples,3
formal,3
enhanced,3
previously,3
mortuary,3
findings,3
approach,3
submitted,3
complicated,3
dating,3
reviews,3
agreement,3
arroyo,3
individual,3
function,3
summer,3
sporobolus,3
shortly,3
provides,3
minnis,3
class,3
internal,3
article,3
adaptations,3
professional,3
piños,3
widely,3
space,3
suggest,3
states,3
fairly,3
slow,3
dimensions,3
sensitive,3
collections,3
chimney,3
force,3
overlap,3
interconnected,3
polychrome,3
table,3
fields,3
centuries,3
emerging,3
interpretive,3
detail,3
perturbation,3
environment,3
material,3
series,3
geographic,3
ever,3
pajarito,3
carbondale,3
sciences,3
each,3
east,3
fanning,3
argue,3
inquiry,3
goods,3
adler,3
past,3
type,3
advances,3
texas,3
porotic,3
beginning,3
explanations,3
economy,3
proceedings,3
them,3
plants,3
her,3
contain,3
plata,3
conference,3
northwestern,3
conclude,3
kin,3
coming,3
schlanger,3
move,3
include,3
unified,3
attributes,3
forming,3
extremely,3
apart,3
themselves,3
elites,3
chicago,3
element,3
develop,3
corn,3
numic,3
daughter,3
difficult,2
interhousehold,2
estimated,2
indicated,2
aztec,2
extend,2
resulted,2
horticulturalists,2
apache,2
succession,2
grasses,2
myths,2
passing,2
replaced,2
intellectual,2
putative,2
ma,2
linkages,2
live,2
confines,2
nuts,2
postprocessual,2
former,2
necessarily,2
inventory,2
title,2
occurred,2
regime,2
moving,2
something,2
induced,2
descriptions,2
hints,2
lower,2
being,2
attribute,2
chacmool,2
preceding,2
give,2
emerged,2
stratification,2
containing,2
dramatically,2
attractive,2
continue,2
warm,2
flotation,2
simple,2
thank,2
normative,2
farther,2
concludes,2
religion,2
avonlea,2
help,2
tornillo,2
ache,2
greatly,2
concepts,2
primitive,2
depleted,2
signs,2
possibility,2
designs,2
followers,2
empty,2
inclusive,2
takes,2
plains,2
promulgated,2
capacity,2
mcelmo,2
primary,2
bones,2
u,2
incorporate,2
retain,2
account,2
quantities,2
outlying,2
denver,2
paucity,2
slight,2
preceramic,2
occupy,2
whatever,2
coas,2
desirable,2
undoubtedly,2
zone,2
identifies,2
zonation,2
behavior,2
noting,2
valuables,2
usage,2
labor,2
tribute,2
september,2
ana,2
frequencies,2
ice,2
reservoir,2
dependence,2
since,2
borderlands,2
dominated,2
hierarchy,2
de,2
terraces,2
modes,2
regarded,2
relations,2
adams,2
application,2
dozen,2
legitimized,2
ease,2
avalanche,2
inft,2
bands,2
clay,2
defense,2
david,2
canal,2
defensive,2
determination,2
criticality,2
continuous,2
effective,2
contemporaneously,2
distrust,2
generation,2
operation,2
simultaneously,2
adequate,2
essential,2
predicted,2
across,2
district,2
sw,2
centralization,2
di,2
environments,2
determining,2
mathien,2
sarah,2
columbian,2
elaborate,2
fig,2
summarized,2
risks,2
references,2
arid,2
understand,2
creek,2
intensive,2
peasant,2
expectancy,2
comers,2
elsewhere,2
bruce,2
frequently,2
show,2
suites,2
chronometrie,2
plenum,2
believed,2
flow,2
ancient,2
drawing,2
oversized,2
trying,2
viejo,2
iconography,2
future,2
rule,2
demise,2
ams,2
called,2
cruces,2
parry,2
behavioral,2
issue,2
events,2
primacy,2
requirements,2
mesoamerican,2
francisco,2
calibrated,2
reasons,2
neighboring,2
understood,2
though,2
buried,2
war,2
leonard,2
burial,2
viewed,2
intensity,2
biases,2
otherwise,2
wealth,2
pollen,2
approached,2
required,2
influenced,2
hierarchies,2
bandelier,2
downturn,2
overviews,2
reid,2
carry,2
county,2
hereditary,2
tributary,2
symbolism,2
thoughts,2
artifacts,2
whole,2
year,2
consistently,2
northwest,2
cibola,2
hi,2
call,2
microeconomic,2
personal,2
believes,2
systematic,2
showing,2
my,2
redistribution,2
interregional,2
sense,2
basically,2
hard,2
reliable,2
politically,2
applicability,2
involved,2
family,2
cellular,2
breaking,2
nomads,2
decline,2
yielded,2
st,2
appropriate,2
finds,2
pot,2
ninth,2
therefore,2
processual,2
rankings,2
led,2
lawn,2
functioning,2
identified,2
runoff,2
flagstaff,2
short,2
pedogenic,2
expansion,2
techniques,2
accepting,2
exception,2
interactions,2
movement,2
collapsed,2
distinction,2
direction,2
structural,2
single,2
inception,2
sort,2
yet,2
nonlocal,2
represents,2
read,2
cliff,2
boundary,2
jay,2
lowland,2
complete,2
provocative,2
mancos,2
published,2
declining,2
inference,2
lee,2
members,2
organizations,2
peoples,2
evaluating,2
fremont,2
paul,2
put,2
idea,2
consideration,2
treatment,2
toll,2
agree,2
abstract,2
attempting,2
together,2
gray,2
featuring,2
estimation,2
contemporary,2
distributions,2
discussed,2
serious,2
anthropologist,2
epigenetic,2
ground,2
continuing,2
purposes,2
existing,2
accepted,2
spielmann,2
michael,2
riley,2
waddington,2
seminar,2
native,2
belief,2
controversy,2
gives,2
wood,2
argument,2
harbottle,2
demonstrated,2
classes,2
investment,2
lost,2
background,2
upon,2
values,2
manufactured,2
depended,2
elite,2
outliers,2
arthur,2
fourteenth,2
macroregional,2
began,2
causes,2
sequence,2
examination,2
radiocarbon,2
previous,2
synthetic,2
ties,2
open,2
clear,2
piro,2
authors,2
publication,2
logic,2
held,2
symposium,2
allowed,2
am,2
probable,2
standard,2
abundant,2
martin,2
evolutionary,2
methods,2
disaggregation,2
exactly,2
hierarchical,2
availability,2
concluding,2
raised,2
geography,2
tendency,2
apachean,2
pottery,2
attention,2
la,2
rarity,2
û,2
european,2
automata,2
seasons,2
imply,2
dual,2
today,2
note,2
she,2
george,2
ecological,2
vision,2
testing,2
lines,2
bare,2
referred,2
seen,2
detailed,2
suggestions,2
sequences,2
wilson,2
stage,2
linking,2
volumes,2
fall,2
mortality,2
council,2
puerco,2
addressed,2
packrat,2
share,2
variable,2
thinking,2
reliant,2
outlier,2
growing,2
dispersed,2
comes,2
incorporated,2
grand,2
must,2
demonstrate,2
extensive,2
oi,2
symbolic,2
recognizable,2
rival,2
temporal,2
ranch,2
charles,2
reconnaissance,2
occupational,2
sherds,2
quaternary,2
equation,2
integrative,2
ordered,2
tendencies,2
chaining,2
correspond,2
sheep,2
global,2
sizes,2
seem,2
gone,2
down,2
half,2
stretching,2
clearly,2
ff,2
plazas,2
distinctive,2
interactive,2
notable,2
cremations,2
equilibria,2
cause,2
particular,2
character,2
mano,2
maintain,2
seasonal,2
cottonwood,2
while,2
migrations,2
produce,2
huge,2
cluster,2
speth,2
careful,2
far,2
multiple,2
ill,2
thereby,2
city,2
prevalent,2
subject,2
regularities,2
vast,2
commodities,2
obtain,2
bradley,2
evidenced,2
writing,2
think,2
varied,2
eric,2
pine,2
devoted,2
shown,2
locations,2
differentiation,2
unable,2
entity,2
average,2
decrease,2
dineh,2
prickly,2
accept,2
mode,2
explanation,2
ecosystem,2
typically,2
integrated,2
chronology,2
need,2
developmental,2
oldest,2
association,2
shift,2
damage,2
roughly,2
nonegalitarian,2
supported,2
pathways,2
client,2
commodity,2
calibrating,2
uncertainty,2
nan,2
deposition,2
maximum,2
exclusively,2
huckell,2
traditional,2
focus,2
zones,2
virtue,2
meeting,2
ca,2
roles,2
termed,2
gran,2
occur,2
death,2
hyperostosis,2
hypothesis,2
kurt,1
sufficiently,1
lowand,1
frequent,1
gis,1
eia,1
impossibility,1
dominant,1
mostly,1
rate,1
lite,1
o,1
provisioning,1
brumfiel,1
isotopie,1
obligations,1
acatos,1
cialized,1
underpinning,1
prefer,1
bookshelf,1
horizontal,1
calgary,1
feedbacks,1
representing,1
cist,1
fertile,1
generated,1
populous,1
pittsburgh,1
initialization,1
isotopes,1
topically,1
showy,1
separated,1
nongreat,1
market,1
surfaced,1
expedition,1
college,1
uplands,1
marauding,1
communicable,1
predator,1
poorer,1
diagnose,1
brittle,1
fragmented,1
pools,1
per,1
obtains,1
trash,1
speakers,1
counters,1
needed,1
prehistonc,1
dc,1
residences,1
partially,1
touched,1
syphilis,1
safely,1
mattocks,1
bravos,1
wa,1
prime,1
entries,1
precede,1
catastrophe,1
openness,1
underground,1
sets,1
holland,1
wellness,1
surround,1
subregional,1
nio,1
criticizes,1
bind,1
sweeps,1
basinwide,1
explainable,1
contend,1
jonathan,1
prevailed,1
easily,1
decompose,1
upheaval,1
entrepôt,1
modern,1
vaults,1
station,1
demand,1
acceptance,1
ruins,1
trierweiler,1
intestinal,1
undertaken,1
commenced,1
geometric,1
supper,1
osteological,1
unlike,1
laid,1
reliably,1
salado,1
total,1
ambitious,1
ethnoarchaeological,1
redating,1
finely,1
lowlands,1
fremontanasazi,1
buffer,1
corroborates,1
princeton,1
theorizing,1
sequential,1
cumbre,1
signal,1
permitted,1
assaults,1
intentions,1
potluck,1
bolts,1
round,1
consistent,1
modifications,1
ackmen,1
cast,1
whics,1
jb,1
lateral,1
lightly,1
chenopodium,1
wrong,1
robless,1
rii,1
certainly,1
yanomamo,1
decreasingly,1
posed,1
katsma,1
regulating,1
mateo,1
interests,1
setting,1
animas,1
plthouse,1
originally,1
ttie,1
mysterious,1
debating,1
military,1
longer,1
pat,1
vols,1
diego,1
address,1
feces,1
progression,1
meaning,1
worked,1
analogies,1
england,1
flowing,1
ensure,1
knowing,1
active,1
sustainable,1
supplied,1
brock,1
definition,1
parties,1
layout,1
possibilities,1
validating,1
sonoran,1
crops,1
text,1
leading,1
paramount,1
assess,1
belong,1
advantage,1
governed,1
metamorphosed,1
borders,1
highland,1
confusion,1
indeed,1
tactic,1
origin,1
rich,1
supernatural,1
borne,1
arable,1
verbal,1
able,1
disappearance,1
closer,1
compartment,1
mblack,1
composition,1
characterizing,1
hunting,1
connection,1
styles,1
packages,1
evolving,1
search,1
separately,1
feature,1
integrate,1
shennan,1
strength,1
inferring,1
loose,1
scenario,1
murray,1
restates,1
remainder,1
conserve,1
principal,1
robert,1
rockshelters,1
opposite,1
decreased,1
episodic,1
serrana,1
declines,1
hostile,1
superficially,1
venereal,1
wupatki,1
rethinking,1
backlash,1
contents,1
retrenchment,1
akin,1
datable,1
departures,1
paying,1
employs,1
evaluation,1
revolt,1
rohn,1
strictly,1
preventing,1
generosity,1
advocates,1
suspect,1
jane,1
geologic,1
moisture,1
disintensification,1
pax,1
symbolizing,1
ê,1
carla,1
cylinder,1
anthropologists,1
bioculturnl,1
assertions,1
albeit,1
task,1
advice,1
dune,1
firm,1
america,1
tenth,1
hall,1
right,1
originates,1
addresses,1
reanalysis,1
boosting,1
commencement,1
entrained,1
opened,1
capable,1
jniversitv,1
compelling,1
prevailing,1
georgetown,1
fl,1
esses,1
characterize,1
echoes,1
cater,1
solely,1
farrell,1
october,1
bibliography,1
richard,1
tyranny,1
austin,1
occurring,1
fecal,1
combination,1
peggy,1
except,1
x,1
treating,1
timothy,1
exchanges,1
selecting,1
uncertain,1
genetic,1
gila,1
agendas,1
apply,1
reconstruction,1
negotiation,1
enter,1
mesoamencan,1
chronic,1
mainnews,1
moral,1
reverence,1
prevented,1
recreated,1
uted,1
nonspecialized,1
sign,1
split,1
crystallized,1
interestingly,1
colonized,1
funded,1
exposed,1
mid,1
err,1
thus,1
accommodate,1
iron,1
identities,1
hypothesizes,1
domesticating,1
fayetteville,1
relationships,1
disorder,1
dwelfings,1
explained,1
spectrum,1
facts,1
difficulties,1
immediate,1
bison,1
neitzel,1
nonranked,1
corner,1
subsystems,1
simmons,1
worldwide,1
magic,1
fissioning,1
iiii,1
scarce,1
divine,1
relaxed,1
domain,1
popularly,1
characteristic,1
speculative,1
heterogeneity,1
walter,1
participating,1
ut,1
helianthus,1
usda,1
extensively,1
expected,1
masts,1
admitted,1
unwilling,1
learning,1
affairs,1
summarizing,1
priority,1
plausibility,1
creamer,1
cases,1
concentrations,1
innovation,1
symptoms,1
reluctance,1
curiously,1
underlying,1
document,1
fava,1
averaging,1
chenault,1
profound,1
infrequently,1
back,1
causing,1
butte,1
bullock,1
differently,1
homes,1
veil,1
transitional,1
subordinate,1
keith,1
inclusion,1
marginal,1
lineage,1
suitable,1
left,1
biogeography,1
twice,1
misleading,1
coalition,1
rafferty,1
fowler,1
helpful,1
coniferous,1
barracks,1
hosting,1
obscure,1
gilbert,1
canyons,1
communication,1
noncultural,1
hanford,1
constructs,1
vice,1
critique,1
parasites,1
refugia,1
details,1
redated,1
border,1
wet,1
deeply,1
weave,1
kidder,1
messages,1
guard,1
precontact,1
piedra,1
tieszen,1
ramify,1
cooperative,1
biand,1
handful,1
dust,1
competitive,1
cites,1
constraints,1
poorly,1
boundaries,1
hutchins,1
bottlenecks,1
ànasazi,1
glen,1
phases,1
tardío,1
oj,1
beans,1
collagen,1
behave,1
offices,1
opposed,1
inadequacies,1
supralocality,1
automatic,1
reconstructed,1
tonto,1
wishes,1
revisit,1
perimortem,1
whose,1
deviations,1
trending,1
theaters,1
act,1
moiety,1
observers,1
camp,1
bring,1
reexcavation,1
ostensibly,1
intraregional,1
marxism,1
isochrestic,1
stressful,1
angeles,1
isomorphic,1
mexican,1
aggressive,1
laic,1
retrodicted,1
posits,1
salvage,1
anril,1
od,1
hie,1
doctrine,1
cremation,1
mean,1
precluded,1
demonstration,1
una,1
coordinative,1
cultigen,1
examined,1
dp,1
eight,1
à,1
institutionalization,1
umita,1
leave,1
derived,1
envisioned,1
pinedale,1
plots,1
coverage,1
contributions,1
disarticulated,1
pathologies,1
preservation,1
nos,1
envision,1
produced,1
tree,1
bafter,1
distant,1
lay,1
feel,1
animals,1
triply,1
basketmakers,1
moves,1
characterizes,1
lots,1
constitute,1
thought,1
monuments,1
usefully,1
insistence,1
perceptions,1
finer,1
fieldhouse,1
moister,1
nonstratified,1
interspersed,1
facilitated,1
plus,1
legitimizing,1
varying,1
ramp,1
dichotomy,1
sorts,1
nitrogen,1
retained,1
harder,1
organized,1
teec,1
appearing,1
slowly,1
archaeolozv,1
energy,1
specify,1
proved,1
section,1
represented,1
rouse,1
days,1
stabilizing,1
constrain,1
impact,1
dominate,1
aly,1
hierarchically,1
westinghouse,1
quarters,1
threat,1
prevent,1
accumulating,1
situations,1
oranae,1
potters,1
orientation,1
endless,1
jars,1
acknowledges,1
superior,1
additional,1
shorter,1
lithic,1
modimy,1
biotic,1
promoted,1
bender,1
concerning,1
crystallize,1
indications,1
office,1
isolation,1
followed,1
cotton,1
circulating,1
cost,1
mooumenl,1
rice,1
buffalo,1
painted,1
differentiate,1
weigand,1
instance,1
cooler,1
saving,1
solve,1
restriction,1
maison,1
endemic,1
founding,1
wyoming,1
symbolized,1
favors,1
warmer,1
decades,1
mammal,1
cut,1
climatically,1
dispersion,1
trajectories,1
fluid,1
invading,1
correlate,1
cultivating,1
conquest,1
irrigation,1
matching,1
draws,1
challenges,1
shortfalls,1
antiauitv,1
opening,1
palmer,1
limits,1
uses,1
teau,1
acceptable,1
lead,1
identifying,1
drainage,1
wide,1
declined,1
wortnern,1
carrying,1
faunal,1
chipped,1
jealously,1
matrilocal,1
midden,1
combinations,1
hames,1
nat,1
seven,1
conspicuous,1
rg,1
lewin,1
parasitism,1
triwall,1
pass,1
flowcharts,1
spotty,1
seriations,1
percentages,1
accompany,1
shield,1
initial,1
featured,1
fuel,1
glacial,1
coalitions,1
stepping,1
archaeofaunal,1
density,1
floodwater,1
rebellious,1
further,1
fluxes,1
ranking,1
topics,1
sociopolitically,1
stodder,1
vociai,1
equal,1
caves,1
ínsí,1
decker,1
bountiful,1
stressing,1
arising,1
province,1
moore,1
fluvial,1
devoid,1
moab,1
cannot,1
dispersal,1
skunk,1
separates,1
younger,1
thin,1
jornada,1
contiguous,1
amenable,1
placed,1
explored,1
hidalgo,1
perform,1
counties,1
dwelling,1
uninhabitable,1
opposition,1
prayer,1
public,1
stratigraphie,1
sacrifice,1
boxes,1
meditation,1
peaking,1
impression,1
criteria,1
epiphenomenal,1
technical,1
overlapping,1
highlanders,1
undermined,1
wiegand,1
resident,1
directly,1
nonfunctional,1
having,1
diarrhea,1
gamut,1
participation,1
stances,1
mule,1
mapped,1
sonora,1
irte,1
conjecture,1
inferred,1
walpi,1
residents,1
received,1
rainy,1
dynamical,1
tool,1
nine,1
locus,1
monitoring,1
nonspecific,1
imagined,1
reader,1
floodplain,1
preeminent,1
significantly,1
stake,1
attacked,1
occupants,1
london,1
succulents,1
autonomous,1
redwood,1
casa,1
vierra,1
knowledge,1
actors,1
comment,1
fred,1
crowding,1
macrovillage,1
bowl,1
barren,1
surprise,1
dividing,1
sodalities,1
loss,1
precipitated,1
overview,1
q,1
fit,1
hv,1
older,1
discussions,1
editorial,1
wingate,1
beginnings,1
records,1
gardens,1
warburton,1
tehuacán,1
formerly,1
actually,1
falling,1
underscored,1
saskatchewan,1
device,1
ethnohistoric,1
focuses,1
away,1
fungus,1
haven,1
anything,1
ultimately,1
sutton,1
differentially,1
villageor,1
monopoly,1
alan,1
strengthened,1
underlining,1
enthusiastic,1
connections,1
radically,1
geib,1
attributed,1
graduate,1
towards,1
presumption,1
tolerance,1
refuse,1
impasse,1
catchments,1
nonrepresentative,1
agriculturally,1
subtle,1
asymmetries,1
overbuilt,1
commons,1
legacy,1
renoa,1
start,1
normally,1
correct,1
successful,1
caused,1
ezzo,1
working,1
corresponds,1
diminish,1
cold,1
lowest,1
tom,1
drier,1
things,1
simpler,1
tempe,1
grew,1
wellbeing,1
indicators,1
ethnicity,1
villagers,1
blackmesa,1
familiarity,1
precedents,1
interdisciplinaiy,1
tries,1
discourse,1
reaches,1
bottomed,1
atmosphere,1
orient,1
affluent,1
mound,1
chichimeca,1
characteristics,1
consensus,1
southwestif,1
convento,1
erected,1
components,1
brought,1
invoke,1
mi,1
museum,1
defected,1
convey,1
distinguished,1
coprolites,1
latest,1
atomistic,1
differing,1
seeds,1
dedicated,1
managed,1
articulation,1
tracks,1
self,1
seed,1
extracted,1
specializations,1
tllinnk,1
horticultural,1
ot,1
describes,1
inverted,1
wupatìd,1
cj,1
distinguishing,1
computations,1
roots,1
reflexivity,1
subgroups,1
enormously,1
plausible,1
structured,1
mouths,1
steal,1
lore,1
ereat,1
computation,1
preliminary,1
creeps,1
inform,1
patrinews,1
pinyon,1
constituents,1
reducing,1
reynold,1
promising,1
capturing,1
corpse,1
cite,1
prevalence,1
threatened,1
integrating,1
morphology,1
critical,1
perception,1
chama,1
business,1
proxy,1
myth,1
reductions,1
onset,1
saw,1
foragers,1
rjo,1
overproduction,1
expanse,1
taken,1
ken,1
bringing,1
carried,1
contingent,1
impacts,1
pilgrimage,1
varíen,1
happy,1
alma,1
horn,1
service,1
sous,1
sunset,1
observations,1
thrce,1
limited,1
play,1
reinterpreted,1
elizabeth,1
corporation,1
criticized,1
edges,1
accumulation,1
interdependence,1
woodland,1
upward,1
april,1
allen,1
pile,1
panregional,1
dwellings,1
garden,1
expanded,1
indicates,1
domination,1
overestimated,1
manifest,1
athapaskan,1
precedes,1
superordinate,1
macrobotanical,1
unprecedented,1
logical,1
aldine,1
ocho,1
intracommunity,1
archaeoloev,1
positive,1
southeast,1
mimores,1
supplier,1
percentage,1
hegmon,1
applications,1
sinagua,1
rectangle,1
calculate,1
untended,1
synchronous,1
fet,1
forager,1
kent,1
unintended,1
galaz,1
violence,1
fair,1
intuitively,1
oasis,1
revisiting,1
suited,1
makes,1
requiring,1
heaviest,1
residence,1
acknowledgments,1
coevolution,1
evolved,1
strontium,1
panperiod,1
challenged,1
cylindrical,1
thesis,1
index,1
grasshopnews,1
waldrop,1
management,1
unwin,1
tain,1
processing,1
home,1
policies,1
subset,1
indebted,1
light,1
rabbits,1
expansive,1
entryways,1
sharply,1
formalized,1
experimental,1
pitstructure,1
chihuahuan,1
reply,1
already,1
exodus,1
insights,1
gary,1
lengthy,1
reliance,1
begins,1
disrupted,1
hearth,1
del,1
functioned,1
evolve,1
fill,1
volume,1
rings,1
seasonally,1
leader,1
angela,1
aggregates,1
paraguay,1
attainable,1
mneollon,1
book,1
ambler,1
unsustainable,1
stronger,1
accompanies,1
fin,1
renewed,1
pointed,1
semicircular,1
deserves,1
incline,1
decorative,1
addition,1
endorse,1
complementary,1
efforts,1
generational,1
cultivated,1
tions,1
causality,1
diminishing,1
glazes,1
limit,1
turner,1
deterioration,1
head,1
villa,1
foods,1
channeling,1
weeds,1
documents,1
ought,1
designing,1
choice,1
glories,1
enable,1
infectious,1
associates,1
antonio,1
debates,1
ouriais,1
feasting,1
bundle,1
segmentation,1
fashion,1
man,1
utilize,1
dependencies,1
external,1
sullivan,1
stored,1
honor,1
devil,1
hill,1
conclusions,1
behind,1
stockades,1
adjacent,1
physiological,1
chain,1
centre,1
discussing,1
naturalistic,1
semipopular,1
resembling,1
coarse,1
relevant,1
contrastive,1
potentially,1
vertical,1
coincided,1
coincident,1
forth,1
informally,1
necessary,1
patty,1
gender,1
focusing,1
deep,1
eclectic,1
frequency,1
distance,1
duckfoot,1
assemblage,1
stanford,1
perros,1
shifts,1
number,1
pleistocene,1
artifact,1
reminds,1
degradative,1
remove,1
windes,1
interpreting,1
ephemeral,1
simon,1
meetings,1
fundamentally,1
smiley,1
ine,1
greatest,1
ignored,1
arrived,1
unsolved,1
clients,1
coherent,1
effectiveness,1
please,1
assemblages,1
discovery,1
completed,1
sacrifices,1
accompanying,1
randall,1
michaelson,1
ic,1
helps,1
desert,1
disintegrate,1
deposits,1
arose,1
ethnology,1
unpredictable,1
canals,1
recover,1
curt,1
identity,1
host,1
lake,1
fronting,1
lecture,1
controlling,1
neoplasia,1
holocene,1
summaiy,1
unfortunately,1
hundred,1
chemistry,1
assumption,1
affects,1
maiz,1
fuzziness,1
ethnic,1
lifestyle,1
hour,1
unanimity,1
edinburgh,1
insults,1
gwinn,1
archive,1
chosen,1
parasitic,1
captives,1
niche,1
connected,1
eleventh,1
guilá,1
students,1
continuities,1
tragedy,1
nuclear,1
platform,1
displacing,1
computational,1
meanings,1
quotation,1
discovered,1
margaret,1
switched,1
arkansas,1
reality,1
jose,1
alliancesif,1
inadequate,1
antechambers,1
enlarge,1
peter,1
pd,1
burnt,1
conferred,1
divisions,1
variant,1
skip,1
supplying,1
oxidizing,1
optimum,1
orcutt,1
roomblock,1
meets,1
variance,1
inquiring,1
imitative,1
mammals,1
proximity,1
southcentral,1
interacted,1
peer,1
botanv,1
populationlimiting,1
undesirability,1
adequately,1
latter,1
subfloor,1
neutral,1
intercommunity,1
graves,1
grown,1
influencing,1
promote,1
salt,1
arise,1
ecosystemically,1
craft,1
theorists,1
narrow,1
palo,1
bineola,1
danger,1
antichaos,1
examine,1
intervillage,1
attendant,1
cortez,1
marine,1
seeking,1
implication,1
differ,1
onn,1
ascribe,1
morris,1
streams,1
versus,1
uncertainties,1
accord,1
walpl,1
arrhnpnlnov,1
jerry,1
goosefoot,1
remarkable,1
controversial,1
anomaly,1
arbor,1
rehabilitated,1
soil,1
hope,1
regimes,1
encompassing,1
hedge,1
petroglyphs,1
division,1
attended,1
reluctant,1
harvest,1
covered,1
johnson,1
roadrunner,1
ranging,1
dealing,1
enough,1
nonwestern,1
depth,1
referenced,1
success,1
extractive,1
aspirations,1
suggestion,1
healthier,1
relying,1
amount,1
escaping,1
entail,1
fueled,1
vegas,1
ann,1
circle,1
nonritual,1
abundance,1
nonresidential,1
procnews,1
marrow,1
supporting,1
quo,1
movements,1
segments,1
sometimes,1
figure,1
megafauna,1
linda,1
imbalance,1
chiricahua,1
replete,1
practical,1
grass,1
bound,1
swedlund,1
hyperconnected,1
unchanging,1
begin,1
vague,1
paleodemographic,1
plaza,1
becomes,1
calculus,1
excluding,1
contrary,1
percussion,1
el,1
yale,1
rim,1
eariy,1
returned,1
jar,1
lives,1
nj,1
threaten,1
clays,1
contribution,1
verdure,1
recognize,1
ceremonialism,1
indicate,1
length,1
shortened,1
settled,1
insecurity,1
intend,1
efficiency,1
expectations,1
serrtemher,1
quite,1
trvine,1
united,1
enamel,1
frontier,1
peripheries,1
lineages,1
paleodemography,1
drafted,1
mother,1
coordination,1
types,1
adaptational,1
itself,1
insurance,1
universiiy,1
ofbandelier,1
worlds,1
combines,1
mounds,1
problematic,1
gathered,1
legitimately,1
susan,1
chen,1
conservation,1
meant,1
biology,1
definitive,1
fueblo,1
stephen,1
coprology,1
anthropomorphic,1
sketches,1
rarely,1
buena,1
cibolan,1
suite,1
impulse,1
chenews,1
conclusion,1
mentioned,1
habitation,1
founded,1
tenthcentury,1
diversifying,1
predictions,1
adjoining,1
neologism,1
invoked,1
hinkson,1
aifl,1
extension,1
implied,1
forests,1
symbols,1
bronze,1
constructed,1
entry,1
proposes,1
ashfall,1
dualistic,1
solved,1
meat,1
sustained,1
alternative,1
occursis,1
microscale,1
set,1
concurs,1
quickly,1
landuse,1
recorded,1
natural,1
protokivas,1
cascaded,1
cole,1
postglacial,1
principle,1
rocksheiter,1
rainfall,1
country,1
readily,1
perceptive,1
kio,1
ignoring,1
ancestor,1
tuberculosis,1
steven,1
expanding,1
ratio,1
taos,1
inclined,1
coupling,1
abetted,1
extraction,1
welch,1
interested,1
sampling,1
international,1
capital,1
unknown,1
contextual,1
restrictive,1
temper,1
guild,1
universal,1
intrusion,1
proportional,1
feed,1
foundation,1
ideological,1
entering,1
paso,1
exhaustive,1
privileged,1
macroplant,1
raleoepidemiology,1
constant,1
coprolite,1
build,1
examining,1
institutionalizing,1
underlines,1
chaotic,1
prospects,1
macroeconomy,1
works,1
february,1
synthesis,1
machiguenga,1
examdle,1
turned,1
dejournal,1
desiccation,1
palynologists,1
clarity,1
animal,1
belittled,1
unattractive,1
diversified,1
surpluses,1
discuss,1
succeeded,1
unlikely,1
heads,1
ventana,1
investigation,1
adamana,1
depicts,1
whether,1
stability,1
cooking,1
unsuspected,1
clbonito,1
making,1
accounts,1
dislike,1
duplication,1
larson,1
coerced,1
violent,1
add,1
proven,1
ravesloot,1
juxtaposed,1
artifactual,1
passed,1
armies,1
fissioned,1
greathouse,1
ruin,1
ceased,1
leaving,1
atornillo,1
predate,1
utilitarian,1
fé,1
periphery,1
differs,1
healthy,1
studying,1
deer,1
yield,1
orientations,1
archaeofauna,1
property,1
emblematic,1
intake,1
minimal,1
scenarios,1
acme,1
replacement,1
urban,1
infant,1
redman,1
freedom,1
travel,1
thematically,1
popular,1
spaces,1
marking,1
outline,1
agriculturists,1
john,1
emanating,1
preserved,1
interrelated,1
gradual,1
aggregate,1
uniform,1
introduced,1
extending,1
despite,1
nopodium,1
foodstuffs,1
chip,1
vagaries,1
easy,1
dental,1
focal,1
die,1
intended,1
lies,1
step,1
reappraisal,1
pi,1
ungut,1
cruelly,1
programs,1
clarified,1
copper,1
necklaces,1
peñasco,1
phenomenon,1
mention,1
diehl,1
nonrelated,1
enumerates,1
òrock,1
articular,1
precision,1
contrasts,1
interconnection,1
susceptible,1
question,1
sickness,1
shards,1
enthusiasm,1
moderate,1
laments,1
presence,1
ruerco,1
turkey,1
drafts,1
spacing,1
birth,1
cycle,1
difference,1
dialog,1
architecturally,1
powers,1
petersen,1
arrows,1
copies,1
finding,1
twentieth,1
camps,1
ushered,1
bak,1
exerted,1
leverage,1
morphological,1
grant,1
polar,1
periodher,1
crisis,1
course,1
applicable,1
instead,1
uncalibrated,1
correlated,1
dense,1
pictographs,1
consumption,1
cerillos,1
socially,1
unstuffing,1
algorithms,1
surmise,1
chapalote,1
scalar,1
variously,1
patrilocal,1
scanty,1
colleagues,1
playing,1
defined,1
inequalities,1
limitations,1
organ,1
terribly,1
membership,1
chavez,1
classification,1
ranged,1
indices,1
showed,1
needs,1
contributory,1
intermittently,1
territories,1
pear,1
vessel,1
illese,1
survivorship,1
paleoindian,1
actions,1
posture,1
close,1
tribes,1
interdisciplinary,1
sanmateoa,1
kauffman,1
mructunng,1
broadening,1
supply,1
yesterday,1
patricia,1
reached,1
cline,1
naquitz,1
era,1
premaize,1
rocky,1
partial,1
create,1
enclose,1
substantial,1
nonhierarchical,1
predictable,1
acrimonious,1
systemsapparently,1
mediators,1
impeding,1
avoid,1
technological,1
comparable,1
facile,1
histograms,1
concise,1
profiles,1
statement,1
building,1
winteronly,1
broader,1
doing,1
classifications,1
map,1
chambers,1
parhnnhnlp,1
costly,1
deeper,1
looking,1
faction,1
