WORDCOUNTS,WEIGHT
the,767
and,653
of,593
in,483
a,217
to,216
for,128
that,124
archaeological,115
dating,104
j,99
from,97
are,71
as,68
on,68
is,67
pp,62
d,62
be,57
r,55
have,55
university,54
dendrochronology,54
m,52
s,51
or,49
e,48
dates,48
research,48
by,48
new,48
at,45
ad,44
an,44
not,42
tree,41
data,41
t,41
international,40
et,40
w,38
with,38
american,37
date,37
c,37
was,36
g,34
chronologies,34
been,33
other,32
because,31
north,31
has,30
p,30
chronology,30
rings,30
they,29
h,29
environmental,28
i,28
prehistoric,28
oak,27
analysis,27
proceedings,27
years,27
used,26
sites,26
trees,26
it,25
dendrochronological,25
which,25
ring,24
l,23
tucson,22
archaeologists,22
specimens,22
laboratory,22
studies,21
this,21
species,21
between,21
all,20
than,20
may,20
these,20
were,20
pine,20
crossdating,19
nash,19
such,19
but,19
historic,19
can,19
history,18
dean,18
journal,18
record,18
when,18
use,18
one,17
europe,17
their,17
also,17
southwest,17
series,17
archaeology,17
historical,17
drought,16
climatic,16
climate,16
more,16
period,16
over,16
wood,16
nature,15
dated,15
further,15
well,15
change,15
site,15
reconstruction,15
about,15
b,15
k,15
if,14
america,14
most,14
had,14
its,14
dendrochronologists,14
see,14
radiocarbon,14
northern,14
applications,14
using,14
last,13
human,13
contributions,13
old,13
recently,13
will,13
southern,13
do,13
v,13
science,13
early,13
recent,13
crossdated,12
those,12
no,12
during,12
world,12
noncutting,12
report,12
evidence,12
cutting,11
great,11
possible,11
development,11
growth,11
developed,11
long,11
behavior,11
f,11
same,11
many,11
number,11
significant,11
specimen,11
mexico,11
although,11
indicate,11
antiquity,11
construction,11
growing,11
arizona,11
into,10
there,10
some,10
southwestern,10
though,10
stahle,10
therefore,10
two,10
timbers,10
only,10
lake,10
including,10
british,10
variability,10
either,9
resources,9
back,9
study,9
monuments,9
found,9
events,9
late,9
published,9
bulletin,9
south,9
related,9
mesa,9
bar,9
ahlstrom,9
time,9
made,9
region,9
trade,9
salt,9
independent,9
methods,9
given,9
utah,9
now,8
created,8
led,8
occurred,8
reconstructions,8
archaeologically,8
dd,8
resource,8
decades,8
paleoenvironmental,8
dendroclimatology,8
he,8
interpretation,8
examined,8
efforts,8
present,8
navajo,8
three,8
united,8
interested,8
conditions,8
include,8
medieval,7
large,7
modern,7
sources,7
eastern,7
variations,7
timber,7
pueblo,7
van,7
across,7
after,7
similar,7
changes,7
n,7
additional,7
chronometrie,7
ancient,7
behavioral,7
aspects,7
records,7
panel,7
baillie,7
beams,7
samples,7
regions,7
anasazi,7
aegean,7
beam,7
associated,7
simply,7
colorado,7
abandonment,7
did,7
current,7
particularly,7
volcanic,7
through,7
techniques,7
temperature,7
among,7
major,7
dendroclimatic,6
first,6
press,6
production,6
implications,6
england,6
eruption,6
able,6
recorded,6
application,6
ai,6
fig,6
response,6
english,6
parts,6
crossdate,6
impact,6
charcoal,6
could,6
basin,6
population,6
kiva,6
precipitation,6
event,6
annual,6
provided,6
valuable,6
chronological,6
san,6
indicates,6
ice,6
year,6
kluwer,6
al,6
department,6
regional,6
useful,6
analytical,6
fact,6
areas,6
end,6
where,6
less,6
questions,6
processes,6
ireland,6
would,6
so,6
general,6
black,6
european,6
who,6
must,6
known,6
different,6
past,6
advances,6
phd,6
agricultural,6
produce,6
art,6
northwestern,6
national,6
difficult,5
kuniholm,5
center,5
douglass,5
western,5
source,5
season,5
warm,5
worldwide,5
papers,5
holocene,5
exist,5
century,5
high,5
levels,5
environments,5
age,5
plateau,5
occupation,5
cultural,5
focused,5
produced,5
method,5
near,5
basis,5
inferences,5
own,5
field,5
mediterranean,5
settlement,5
highly,5
portion,5
chronometry,5
various,5
economic,5
nearly,5
dwellings,5
make,5
ponderosa,5
oxford,5
culture,5
fire,5
technique,5
others,5
relevant,5
states,5
architectural,5
reconstructed,5
panels,5
often,5
adaptive,5
alaska,5
factors,5
sequences,5
forest,5
geographic,5
each,5
paper,5
what,5
list,5
treering,5
both,5
reconstruct,5
france,5
effects,5
area,5
potential,5
should,5
building,5
final,4
o,4
estimated,4
arctic,4
earlywood,4
germany,4
identify,4
stone,4
being,4
principles,4
analyses,4
state,4
key,4
west,4
chaco,4
interest,4
occurs,4
elements,4
towner,4
perspective,4
compared,4
henri,4
rather,4
swetnam,4
certain,4
skeleton,4
possibly,4
river,4
statistical,4
too,4
four,4
metal,4
seven,4
out,4
cores,4
ann,4
tools,4
wide,4
latewood,4
northwest,4
oaks,4
structures,4
paintings,4
successful,4
working,4
cold,4
buildings,4
quaternary,4
progress,4
results,4
periods,4
variety,4
populations,4
still,4
verde,4
sapwood,4
noted,4
double,4
provide,4
frost,4
variation,4
pattern,4
model,4
multidisciplinary,4
interpreting,4
local,4
walpi,4
jamestown,4
robinson,4
netherlands,4
clear,4
stress,4
individual,4
summer,4
problems,4
arbor,4
characteristics,4
continued,4
usually,4
east,4
beginning,4
references,4
distribution,4
yield,4
transition,4
aspect,4
precise,4
typically,4
oldest,4
modeling,4
bristlecone,4
fir,3
common,3
concerned,3
insect,3
cells,3
multilingual,3
introduction,3
tend,3
sets,3
before,3
sequoia,3
neolithic,3
attempt,3
switzerland,3
asia,3
georgia,3
suggesting,3
indeed,3
deemed,3
deforestation,3
juniper,3
within,3
case,3
occasional,3
sophisticated,3
pueblito,3
vol,3
tracing,3
cited,3
exposed,3
regarding,3
central,3
andrew,3
review,3
relationships,3
veracity,3
severe,3
quality,3
against,3
millennium,3
jr,3
estimates,3
cases,3
body,3
find,3
swiss,3
archaeologist,3
schweingruber,3
master,3
higher,3
interesting,3
database,3
without,3
identification,3
stressful,3
denmark,3
how,3
basic,3
hughes,3
subsistence,3
arid,3
developments,3
severity,3
clearly,3
geophysical,3
commonly,3
surface,3
important,3
cut,3
result,3
based,3
lead,3
allow,3
deal,3
narrow,3
ellicott,3
academic,3
reviews,3
earthquake,3
cannot,3
absolute,3
required,3
failure,3
work,3
updated,3
glossary,3
reader,3
example,3
irish,3
older,3
myriad,3
actually,3
savannah,3
middle,3
painting,3
giant,3
presented,3
order,3
around,3
transport,3
industry,3
investigations,3
productivity,3
schematic,3
belgium,3
situation,3
impacts,3
identified,3
outer,3
southeast,3
biological,3
once,3
kent,3
yet,3
york,3
programs,3
technology,3
under,3
light,3
performed,3
social,3
evaluating,3
heritage,3
jeffrey,3
deserves,3
water,3
occupations,3
eruptions,3
documents,3
patterns,3
available,3
material,3
native,3
going,3
smiley,3
analyzed,3
virgin,3
desert,3
exciting,3
rejected,3
discovered,3
laboratories,3
ottoman,3
alerce,3
david,3
like,3
accurate,3
preservation,3
provides,3
heartwood,3
examine,3
anderson,3
corners,3
we,3
relationship,3
note,3
stream,3
ecological,3
cedar,3
began,3
effectively,3
centuries,3
exists,3
interpretive,3
stable,3
dissertation,3
anthropological,3
colonists,3
comparison,3
natural,3
stem,3
control,3
anthropology,3
argue,3
cleaveland,3
far,3
replication,3
living,3
terms,3
making,3
theory,3
information,3
conference,3
researchers,3
level,3
jacoby,3
false,3
formation,3
cambridge,3
illinois,3
larch,3
washington,3
documentation,3
contributed,3
grown,3
constructed,3
attempted,3
chicago,3
substantial,3
little,3
much,3
southeastern,3
malcolm,3
gran,3
hypothesis,3
problem,2
gis,2
does,2
paleoenvironment,2
explosion,2
currently,2
done,2
isotopie,2
archaeomagnetic,2
way,2
mescalero,2
affected,2
determine,2
extends,2
mountains,2
utility,2
per,2
passing,2
group,2
complex,2
informative,2
park,2
cycles,2
cornell,2
calibration,2
groundstone,2
contexts,2
experience,2
lower,2
hopi,2
stressed,2
familiarity,2
roman,2
attempts,2
taken,2
concentrated,2
musical,2
humans,2
worthington,2
scientists,2
advantage,2
estimation,2
procedure,2
feature,2
access,2
political,2
china,2
context,2
datable,2
luminescence,2
u,2
iv,2
right,2
weston,2
prior,2
determined,2
activity,2
zuni,2
twelfth,2
recalcitrant,2
anomalous,2
ringwidth,2
signal,2
canyon,2
phase,2
examining,2
historically,2
difficulties,2
dynamics,2
inner,2
due,2
sp,2
santa,2
sample,2
clustering,2
casas,2
star,2
columbia,2
hillam,2
died,2
even,2
dry,2
pronounced,2
fennoscandia,2
via,2
german,2
stockpiled,2
his,2
absent,2
housing,2
junction,2
longest,2
process,2
warship,2
importance,2
branch,2
productive,2
az,2
comment,2
reason,2
modified,2
directory,2
understand,2
dendroehronological,2
prehistory,2
established,2
intensive,2
section,2
elsewhere,2
mary,2
argued,2
calendar,2
pullman,2
undated,2
shorter,2
beyond,2
favorable,2
somehow,2
bruno,2
faced,2
view,2
dc,2
palmer,2
my,2
bearing,2
analog,2
plot,2
erosion,2
carolina,2
viking,2
density,2
downloadable,2
neighboring,2
grandes,2
biases,2
applied,2
excellent,2
scale,2
harvested,2
silver,2
none,2
literature,2
bc,2
inferred,2
overviews,2
received,2
tool,2
lundqua,2
concept,2
part,2
london,2
training,2
revealed,2
scars,2
overview,2
realm,2
describe,2
refined,2
people,2
winter,2
reconstructing,2
earth,2
computer,2
least,2
thirteenth,2
pedigree,2
involved,2
submit,2
hemisphere,2
castle,2
spanish,2
few,2
june,2
ship,2
bridge,2
resolution,2
disaster,2
presence,2
alluvial,2
churches,2
core,2
diminished,2
preliminary,2
huber,2
moved,2
pinyon,2
society,2
critical,2
poland,2
matter,2
absence,2
hydration,2
short,2
comparative,2
limited,2
return,2
classic,2
death,2
etc,2
pile,2
interactions,2
selection,2
structural,2
guide,2
pacific,2
land,2
museum,2
makes,2
thought,2
serve,2
repair,2
cliff,2
us,2
temperate,2
index,2
included,2
reports,2
increasingly,2
french,2
baldcypress,2
pointed,2
added,2
missing,2
lund,2
lack,2
fundamental,2
scholars,2
mountainous,2
crop,2
rebuilding,2
diverse,2
discussed,2
roof,2
took,2
adjacent,2
remarkable,2
clusters,2
continuing,2
seventeenth,2
axes,2
slovenia,2
michael,2
dendrochronologist,2
necessary,2
perhaps,2
project,2
frequency,2
website,2
degree,2
verified,2
another,2
status,2
aggregation,2
understanding,2
extended,2
eighteenth,2
host,2
empirical,2
food,2
numerous,2
band,2
submitted,2
actual,2
variables,2
maintains,2
continue,2
complicated,2
nevertheless,2
exceedingly,2
points,2
peter,2
amounts,2
mississippian,2
dendrochronologia,2
curve,2
kaye,2
graphic,2
relation,2
effect,2
obsidian,2
analyze,2
differ,2
bonito,2
professional,2
ago,2
andreas,2
attention,2
brown,2
palluche,2
enough,2
assigned,2
beech,2
she,2
groves,2
becomes,2
lost,2
contribution,2
dead,2
fields,2
instances,2
worlds,2
considered,2
increased,2
detail,2
quantitative,2
hardwood,2
suggestions,2
then,2
any,2
suite,2
intensification,2
habitation,2
extending,2
scarcely,2
sciences,2
coincides,2
principle,2
historians,2
calibrate,2
inquiry,2
harvest,2
windsor,2
purview,2
sierra,2
works,2
lamarche,2
spatial,2
them,2
rose,2
reconcile,2
larson,2
cause,2
particular,2
forestry,2
thirty,2
climatological,2
ruin,2
ideal,2
hundreds,2
size,2
grand,2
occasionally,2
circumstances,2
multiple,2
conclude,2
deadwood,2
city,2
despite,2
atmospheric,2
vagaries,2
role,2
disciplines,2
lies,2
cambium,2
maintained,2
representation,2
come,2
chile,2
difference,2
decrease,2
fourteenth,2
crossdatable,2
applicable,2
width,2
need,2
attributes,2
colleagues,2
reach,2
remains,2
francisco,2
impacted,2
summary,2
offered,2
specific,2
assumed,2
temperatures,2
uncertainty,2
valley,2
entire,2
develop,2
focus,2
strong,2
close,2
entities,1
portuguese,1
westbury,1
produces,1
rate,1
struggle,1
limits,1
versa,1
anatolian,1
arkeometri,1
later,1
indicated,1
tropics,1
imported,1
densitometric,1
norway,1
extreme,1
tuscaloosa,1
extend,1
episodes,1
archaeolottica,1
arrive,1
intriguing,1
hemlock,1
ninteenth,1
manuscript,1
berlin,1
obtains,1
church,1
enlightening,1
needed,1
discover,1
partially,1
archaeodendrochronological,1
kinds,1
myth,1
enhance,1
unstated,1
sheffield,1
forgeries,1
blessing,1
second,1
live,1
constitutes,1
federal,1
peaks,1
approaches,1
bias,1
easily,1
compilation,1
kauwerak,1
decade,1
collection,1
acceptance,1
enjoys,1
explanatory,1
necessarily,1
proven,1
title,1
pinus,1
detrimental,1
salado,1
eastward,1
equations,1
scientist,1
santorini,1
ussr,1
induced,1
migration,1
territorial,1
bark,1
mote,1
leads,1
efficacy,1
negative,1
test,1
fluctuations,1
diffusion,1
came,1
fraction,1
gap,1
australia,1
usa,1
expertise,1
specifically,1
revisited,1
conundrums,1
universitv,1
fifteenth,1
flavor,1
interests,1
severely,1
restoration,1
culturally,1
contrasted,1
diego,1
might,1
astronomical,1
assist,1
undocumented,1
deriving,1
emerged,1
shipwrecks,1
words,1
bites,1
gary,1
comparatively,1
laundry,1
borders,1
chapts,1
thank,1
limber,1
potentially,1
meteorological,1
billamboz,1
inherent,1
disappearance,1
sometime,1
thanks,1
dinetah,1
footsteps,1
croom,1
court,1
room,1
take,1
styles,1
subsequent,1
achieved,1
underutilized,1
patterned,1
devised,1
rudimentary,1
krakatoa,1
miles,1
emphasized,1
greatly,1
precisely,1
keith,1
concepts,1
regression,1
corroborate,1
opposite,1
physical,1
california,1
alike,1
aylesford,1
solved,1
sonuçlari,1
revise,1
stopped,1
coniferous,1
sq,1
producing,1
improvements,1
departures,1
evaluation,1
cathedrals,1
forum,1
depending,1
existence,1
ark,1
moisture,1
iii,1
swalands,1
adopts,1
causation,1
guidelines,1
primary,1
sought,1
demography,1
dweller,1
quantities,1
discrepancies,1
felt,1
capable,1
huon,1
compelling,1
sixteenth,1
gdansk,1
mongolia,1
disentangle,1
fritz,1
pursue,1
appendices,1
veils,1
bibliography,1
consumers,1
measuring,1
internet,1
stratigraphy,1
occurring,1
interdisciplinary,1
nepal,1
x,1
establishment,1
uncertain,1
geomorphological,1
apply,1
constrained,1
correlation,1
renewable,1
macedonia,1
measurement,1
lambert,1
tied,1
reliably,1
diversity,1
labor,1
avenues,1
repeatedly,1
conflict,1
thus,1
lara,1
iron,1
accessible,1
throughout,1
comments,1
rimbers,1
accuracy,1
explained,1
estimating,1
eurodendro,1
mm,1
since,1
illustrates,1
interior,1
regimens,1
september,1
curse,1
sacramento,1
author,1
forgotten,1
characteristic,1
anthropologically,1
relatively,1
ability,1
relations,1
acta,1
raises,1
scotch,1
conducted,1
eurasian,1
treeing,1
media,1
nechako,1
extensively,1
publishes,1
nor,1
tends,1
paleoclimatology,1
document,1
stokes,1
burgeoning,1
amount,1
defensive,1
encompass,1
speed,1
determination,1
difficulty,1
generated,1
imath,1
allowing,1
applying,1
third,1
witnessed,1
estimate,1
publications,1
novice,1
percentage,1
instruments,1
look,1
preserving,1
vice,1
apparently,1
wet,1
cosmic,1
leadership,1
isabel,1
jones,1
acknowledge,1
dust,1
equal,1
timberline,1
error,1
scholarly,1
poorly,1
alabama,1
maintenance,1
lesser,1
seventh,1
surprisingly,1
portland,1
poor,1
mesolithic,1
ruins,1
iti,1
shipping,1
fleet,1
played,1
hopes,1
exact,1
act,1
links,1
ofchetro,1
generations,1
remain,1
edward,1
unit,1
radius,1
climatology,1
coastal,1
midwest,1
responded,1
mean,1
broaden,1
megadrought,1
determining,1
edwin,1
anthmnoloex,1
mile,1
appears,1
observatory,1
idiosyncratic,1
derived,1
direct,1
plots,1
ceramics,1
signatures,1
special,1
develope,1
possess,1
fluvial,1
jm,1
white,1
burials,1
paleoclimate,1
space,1
dipeso,1
basketmakers,1
supposed,1
milled,1
discernible,1
soon,1
affect,1
ensure,1
speculative,1
biased,1
alaskan,1
locally,1
cathedral,1
objects,1
organization,1
timepiece,1
climatologie,1
hydroclimatic,1
emission,1
seeing,1
house,1
sheer,1
northeastern,1
frequently,1
upper,1
benefited,1
prolonged,1
austrian,1
underwater,1
albuquerque,1
groundwater,1
polar,1
tercier,1
indications,1
followed,1
eclipses,1
exploitation,1
archeological,1
plenum,1
solve,1
guidance,1
marriage,1
warmer,1
strategy,1
providing,1
hoffsummer,1
appear,1
postdated,1
artistic,1
friends,1
matching,1
greater,1
arrived,1
skewed,1
lieu,1
anthropogenic,1
priori,1
aftermath,1
arrival,1
blamed,1
societies,1
histories,1
consisting,1
moon,1
faunal,1
color,1
cell,1
puebloan,1
conspicuous,1
scotland,1
cleanly,1
famine,1
italian,1
monitoring,1
eos,1
vigorous,1
hybridize,1
fuel,1
evaluate,1
extracting,1
peeled,1
circulation,1
companion,1
deficits,1
latter,1
war,1
priorities,1
promise,1
analogous,1
thin,1
iceland,1
otherwise,1
explain,1
multidisciplinar,1
rectilinear,1
simulations,1
stratigraphie,1
james,1
isotope,1
criteria,1
technical,1
shape,1
undatable,1
almost,1
directly,1
gibbon,1
designation,1
lebanon,1
supplanted,1
future,1
line,1
correctly,1
intense,1
bounded,1
circumstantial,1
preferred,1
nine,1
sowers,1
heart,1
brought,1
story,1
ot,1
communication,1
overlay,1
secret,1
polychrome,1
enter,1
patterning,1
homeland,1
routinely,1
contain,1
criticized,1
woodland,1
parameters,1
intentionally,1
dozens,1
loss,1
beetle,1
fail,1
intermediate,1
harlan,1
literally,1
contains,1
dendrochronolgy,1
ontario,1
documented,1
whiptail,1
focuses,1
douglas,1
away,1
corollary,1
anglia,1
showing,1
dustveil,1
connections,1
kincaid,1
bonde,1
sampled,1
approach,1
norfolk,1
pollution,1
traders,1
arkansas,1
stockholm,1
good,1
statistically,1
tudor,1
caused,1
responsibility,1
salzer,1
snags,1
multiyear,1
suggest,1
reliable,1
canopis,1
tested,1
comet,1
trading,1
next,1
sessile,1
complicate,1
emphasizes,1
phrase,1
quite,1
slash,1
dobbs,1
every,1
several,1
clanwilliam,1
soil,1
cypress,1
accomplished,1
wider,1
alleviate,1
breaking,1
peak,1
briffa,1
roofing,1
toplantisi,1
portions,1
tended,1
methodological,1
coast,1
leeacv,1
up,1
dendrochronologically,1
universities,1
extracted,1
dependent,1
raised,1
carrol,1
describes,1
agression,1
distinguishing,1
notes,1
curates,1
inform,1
massive,1
avoid,1
dendroarchaeological,1
wimmer,1
settlers,1
span,1
analytic,1
voi,1
uncommon,1
likely,1
sovereign,1
proxy,1
exeter,1
onset,1
curves,1
architecture,1
summertime,1
visually,1
african,1
scientific,1
stores,1
gather,1
cessation,1
britain,1
flagstaff,1
gradual,1
toward,1
essex,1
chapt,1
subject,1
birmensdorf,1
corporation,1
skuldelev,1
appreciate,1
forward,1
yugoslavia,1
reincarnation,1
archaeoloex,1
community,1
grande,1
reserves,1
bald,1
biß,1
earthquakes,1
initially,1
artist,1
stripes,1
abrupt,1
inhabited,1
phasing,1
ozark,1
consulted,1
corpus,1
scarcity,1
calculate,1
springs,1
opportunities,1
happened,1
acknowledgments,1
mission,1
sociocultural,1
restricted,1
ne,1
differentiate,1
perceived,1
management,1
puzzle,1
processing,1
mellen,1
sociological,1
home,1
falls,1
railroad,1
assistance,1
patinated,1
naval,1
broad,1
accelerated,1
insights,1
unusually,1
warranted,1
operations,1
underway,1
volume,1
recycled,1
ceramic,1
simulation,1
oral,1
successfully,1
westward,1
paul,1
carolyn,1
power,1
treerim,1
provenience,1
again,1
renewed,1
amerind,1
knowing,1
kauri,1
aristata,1
ask,1
nevada,1
hydrological,1
addition,1
projects,1
timescale,1
subfossil,1
communal,1
shows,1
faster,1
unparalleled,1
treatment,1
head,1
occurrence,1
tumultuous,1
epidemiology,1
environs,1
pulp,1
meuse,1
sulfuric,1
abstract,1
instep,1
reasoning,1
epilogue,1
reacted,1
surfaces,1
toa,1
gray,1
fallen,1
grows,1
loop,1
prospects,1
resolved,1
book,1
venture,1
communicates,1
feedback,1
removal,1
zealand,1
starvation,1
depopulation,1
anthropologist,1
bladcypress,1
readers,1
outside,1
arrow,1
forgery,1
ivy,1
geography,1
shipwreck,1
grudd,1
pandemics,1
landscape,1
derivation,1
compartmentalize,1
purposes,1
lehthan,1
answer,1
strategies,1
slice,1
disparity,1
kaennel,1
tails,1
paleoclimatic,1
reconciled,1
grasshopper,1
shifts,1
day,1
identifiable,1
apache,1
remove,1
original,1
riparian,1
demonstrated,1
empirically,1
thhmb,1
technologies,1
exhibit,1
synchrony,1
investment,1
supplies,1
rio,1
success,1
gordon,1
turkey,1
discovery,1
completed,1
upon,1
giddings,1
range,1
pueblitos,1
helps,1
limitations,1
refining,1
logs,1
lavier,1
previously,1
fritts,1
sap,1
complexities,1
louis,1
computers,1
oscillation,1
entirely,1
turbulent,1
hypotheses,1
seriation,1
factor,1
affects,1
chichester,1
exhibited,1
engaged,1
examination,1
tambora,1
previous,1
relegated,1
eleventh,1
dendroenvironmental,1
vii,1
eggertsson,1
ties,1
low,1
tenthand,1
authors,1
comprehensive,1
scandinavia,1
fallacy,1
publication,1
hampered,1
faces,1
held,1
citv,1
symposium,1
allowed,1
characterized,1
collaboration,1
revised,1
flood,1
him,1
mount,1
features,1
collected,1
linking,1
obtained,1
mountain,1
boninsegna,1
devise,1
probable,1
earlier,1
southcentral,1
thomas,1
repeated,1
inuit,1
procurement,1
rembrandt,1
roofs,1
especially,1
maxim,1
barrow,1
systems,1
floral,1
evolutionary,1
mesas,1
differently,1
become,1
specialize,1
interpretations,1
í,1
stand,1
respectively,1
contact,1
topics,1
exactly,1
blanton,1
hydrologie,1
categorize,1
enjoyed,1
structure,1
henry,1
ethnohistory,1
gunn,1
slightly,1
astonishing,1
saw,1
institution,1
relative,1
propose,1
normal,1
ababneh,1
la,1
bibliographic,1
concluded,1
justice,1
examines,1
anatomy,1
deterministically,1
uncritical,1
tennessee,1
turpentine,1
ranging,1
primate,1
withstood,1
testable,1
depressed,1
topography,1
postulate,1
imply,1
abundance,1
stems,1
today,1
publishing,1
longleaf,1
africa,1
reviewer,1
inhabitants,1
shortest,1
broadened,1
foreign,1
program,1
scratched,1
chronologic,1
begin,1
vertical,1
lines,1
wiener,1
fewer,1
insufficient,1
remotely,1
widespread,1
primarily,1
navajos,1
institutions,1
predict,1
slow,1
referred,1
abnormal,1
detailed,1
el,1
establish,1
lives,1
jt,1
recognize,1
rapidly,1
try,1
expert,1
covering,1
length,1
frames,1
spanning,1
life,1
why,1
shed,1
norton,1
existed,1
surprising,1
composed,1
measured,1
siberia,1
get,1
earliest,1
biology,1
matters,1
austria,1
stephen,1
burned,1
differentiated,1
ofthat,1
environment,1
border,1
cover,1
dorset,1
variable,1
heavy,1
rarely,1
practice,1
reviewing,1
dordrecht,1
niño,1
conclusion,1
accordance,1
heeded,1
concordance,1
conjunction,1
measurements,1
semiarid,1
struck,1
chichimeca,1
guibai,1
detect,1
extension,1
pace,1
slope,1
thousand,1
bronze,1
regime,1
carbondale,1
classically,1
rocky,1
offers,1
here,1
alternative,1
strothers,1
set,1
trunk,1
flow,1
bulgaria,1
continental,1
rainfall,1
ronmental,1
fault,1
readily,1
chacoan,1
herefordshire,1
cultures,1
specialized,1
december,1
global,1
sampling,1
believe,1
sm,1
talkative,1
best,1
volcanology,1
half,1
euler,1
regard,1
domestic,1
returns,1
foundation,1
expresses,1
plague,1
obviously,1
school,1
conflating,1
themes,1
rely,1
infer,1
edible,1
build,1
spruce,1
pit,1
distinctive,1
noller,1
essentially,1
fitroya,1
assessment,1
pehuen,1
february,1
better,1
evident,1
analytically,1
following,1
integrates,1
searchable,1
cupressoides,1
outlines,1
explanations,1
basics,1
catastrophic,1
preexisting,1
communicate,1
reign,1
combined,1
physiology,1
form,1
independently,1
nearby,1
add,1
ravesloot,1
hoped,1
seasonal,1
mere,1
unnecessary,1
leaving,1
succumb,1
her,1
unfavorable,1
antiquitx,1
institute,1
pursued,1
dark,1
baltic,1
chaotic,1
minimal,1
episode,1
suggests,1
virginia,1
tasmania,1
danish,1
betancourt,1
archaeometry,1
cluster,1
st,1
radically,1
belfast,1
irtjubfthbbb,1
john,1
awkwardly,1
recognition,1
disparate,1
beck,1
uniform,1
elucidate,1
content,1
confirm,1
easy,1
fortuitously,1
predecessors,1
turns,1
redwood,1
step,1
assumptions,1
situated,1
happens,1
rationale,1
extensive,1
measure,1
investigated,1
lesson,1
underestimate,1
caskets,1
ehrenstein,1
longaeva,1
phenomenon,1
disrupted,1
allows,1
oceanic,1
computerization,1
precision,1
remarks,1
our,1
dendroarchaeology,1
question,1
determinism,1
roanoke,1
understandings,1
ultimately,1
models,1
spring,1
survival,1
roig,1
latvian,1
electronic,1
advent,1
protohistoric,1
laki,1
paleoenvi,1
catch,1
vernacular,1
trauma,1
newsletter,1
lodgepole,1
public,1
acidity,1
paleotemperature,1
approximately,1
instead,1
ravesloof,1
afflictions,1
correlated,1
consumption,1
specialists,1
smaller,1
basketmaker,1
afte,1
niels,1
defined,1
derive,1
seeks,1
off,1
ca,1
association,1
definitive,1
ships,1
indices,1
anonymous,1
needs,1
am,1
charles,1
rupert,1
pioneering,1
ninth,1
russia,1
pending,1
succeeded,1
vary,1
geographical,1
thicker,1
deposition,1
maximum,1
exclusively,1
shropshire,1
documentary,1
interaction,1
traditional,1
turbulence,1
arnold,1
fourteenthand,1
meeting,1
indicating,1
built,1
inventories,1
household,1
