WORDCOUNTS,WEIGHT
the,922
and,580
of,564
in,398
a,243
de,241
to,157
for,138
pp,137
m,128
puerto,127
that,124
from,113
rico,100
el,99
caribbean,95
r,92
is,88
at,84
pottery,82
as,75
were,73
y,73
on,73
la,70
j,68
international,64
west,63
san,63
congress,63
was,62
proceedings,62
are,59
del,58
estudios,57
centro,57
saladoid,56
have,56
avanzados,55
p,54
with,54
xv,52
this,52
by,52
s,51
ad,49
l,48
there,44
university,44
antilles,44
d,44
site,43
been,43
an,42
it,39
new,39
people,38
st,38
islands,38
culture,38
sites,37
has,35
et,34
arqueológico,32
archaeology,32
these,32
indian,31
ceramic,31
e,30
which,30
time,29
between,29
veloz,27
lesser,27
age,27
indigenous,27
caribe,27
press,27
en,26
also,26
early,26
their,25
island,25
dominican,24
ostionoid,24
peoples,24
no,23
taino,23
f,22
into,21
subseries,21
arqueología,21
indies,21
b,20
greater,20
prehistoric,20
bc,20
los,20
evidence,20
may,19
cultural,19
social,19
more,19
period,19
not,19
keegan,19
first,18
i,18
g,18
south,18
native,18
historical,18
c,18
one,17
other,17
population,17
research,17
museum,17
use,17
be,17
h,16
styles,16
n,16
w,16
cedrosan,16
archaeological,16
museo,16
large,15
eastern,15
cuba,15
k,15
used,15
settlement,15
small,15
series,15
art,15
archaic,15
they,14
all,14
regional,14
some,14
than,14
most,14
although,14
ostionan,13
american,13
migration,13
such,13
caba,13
during,13
around,13
or,13
made,13
after,13
eustatius,13
along,12
diversity,12
ponencias,12
seminario,12
part,12
punta,12
contact,12
about,12
but,12
two,12
altos,12
northern,12
primer,12
america,11
journal,11
coast,11
where,11
local,11
radiocarbon,11
occupied,11
european,11
association,11
settlements,10
stone,10
mainland,10
human,10
review,10
dates,10
publications,10
out,10
populations,10
only,10
meillacan,10
present,10
decorated,10
rouse,10
study,10
grand,10
anthropology,10
cultures,10
phd,10
petitjean,10
monacelli,10
until,10
hispaniola,10
north,10
recent,10
had,9
central,9
shell,9
barbados,9
tainos,9
end,9
region,9
continued,9
changes,9
over,9
making,9
suazey,9
republic,9
land,9
wolves,8
complex,8
t,8
marine,8
investigations,8
readings,8
found,8
editorial,8
beads,8
reflect,8
least,8
several,8
located,8
expansion,8
v,8
years,8
spread,8
kitlv,8
indicate,8
material,8
different,8
las,8
through,8
sea,8
haiti,8
replaced,7
history,7
chiefdoms,7
sociopolitical,7
huecan,7
possible,7
far,7
santo,7
elements,7
organization,7
painted,7
called,7
diet,7
its,7
tropical,7
montserrat,7
department,7
motifs,7
patterns,7
style,7
number,7
virgin,7
including,7
juan,7
netherlands,7
so,7
who,7
centuries,7
incised,7
leeward,7
each,7
smaller,7
remains,7
shift,7
among,7
common,6
groups,6
guadeloupe,6
likely,6
studies,6
materials,6
suazoid,6
trants,6
bowls,6
sobre,6
distinct,6
coastal,6
ceramics,6
settled,6
view,6
entered,6
excavations,6
xiv,6
suggests,6
personal,6
habana,6
aborigen,6
units,6
absence,6
sorcé,6
domingo,6
amerindian,6
turk,6
rock,6
simple,6
carnegie,6
previous,6
characterized,6
bahamas,6
especially,6
maggiolo,6
within,6
un,6
analysis,6
known,6
rivero,6
plazas,6
animal,6
cal,6
economy,6
revista,6
des,6
gainesville,6
later,5
identify,5
before,5
annals,5
griddles,5
differences,5
those,5
similarities,5
system,5
case,5
community,5
occur,5
estudio,5
bahama,5
century,5
york,5
reflects,5
developed,5
subsistence,5
hacienda,5
similar,5
contributions,5
plaza,5
arid,5
coralie,5
river,5
latin,5
proposed,5
could,5
shared,5
because,5
versteeg,5
data,5
zoomorphic,5
year,5
structures,5
irving,5
artifact,5
aborígenes,5
change,5
long,5
decline,5
climate,5
villages,5
up,5
he,5
southern,5
single,5
yet,5
caribs,5
us,5
same,5
many,5
caciques,5
demonstrated,5
previously,5
conditions,5
trade,5
three,5
often,5
antiquity,5
colonists,5
terrestrial,5
orinoco,5
vessels,5
both,5
became,5
shown,5
fauna,5
abandoned,5
close,5
courts,4
amulets,4
o,4
cacicazgos,4
imported,4
red,4
group,4
handles,4
porto,4
northward,4
isla,4
evolution,4
available,4
reasons,4
survey,4
classified,4
preceramic,4
resources,4
chanlatte,4
distinctive,4
development,4
bay,4
whose,4
his,4
clay,4
show,4
modeled,4
plenum,4
suggested,4
grupos,4
societies,4
mollusks,4
focused,4
appears,4
dispersal,4
work,4
excavated,4
moure,4
industry,4
stones,4
when,4
notes,4
florida,4
preliminary,4
ceremonial,4
identified,4
nearly,4
saba,4
grande,4
movement,4
columbus,4
complete,4
political,4
al,4
noted,4
decoration,4
substantially,4
golden,4
cayman,4
less,4
see,4
venezuela,4
assemblage,4
understanding,4
significant,4
processes,4
individuals,4
described,4
clear,4
chican,4
would,4
martin,4
structure,4
burials,4
separate,4
science,4
began,4
lapidary,4
methods,4
hope,4
mounds,4
perspective,4
colonization,4
very,4
cultivation,4
beginning,4
form,4
while,4
migrations,4
emphasis,4
size,4
república,4
cambridge,4
manufacture,4
archipelago,4
defined,4
leiden,4
vertebrate,4
vessel,4
views,4
manioc,4
interaction,4
observed,4
major,4
way,3
if,3
stylistic,3
represent,3
introduction,3
comunidades,3
western,3
occurred,3
variety,3
being,3
every,3
preceding,3
rapid,3
haviser,3
exotic,3
scheme,3
state,3
date,3
troumassoid,3
report,3
designs,3
occasional,3
mythology,3
marked,3
ball,3
strombus,3
point,3
ritual,3
search,3
cemeteries,3
language,3
attest,3
quality,3
village,3
loiza,3
hierarchy,3
millennium,3
sp,3
ct,3
prehistoria,3
ostiones,3
houses,3
hofman,3
rupestre,3
pause,3
una,3
environments,3
à,3
amazonian,3
animals,3
precolumbian,3
established,3
section,3
recovered,3
generally,3
nuestra,3
nostril,3
important,3
caicos,3
disappeared,3
iconography,3
my,3
fishing,3
initial,3
density,3
caves,3
aspects,3
produced,3
fish,3
required,3
wide,3
possibility,3
artifacts,3
cassava,3
interpreted,3
canoe,3
next,3
sufficient,3
few,3
boundaries,3
progress,3
results,3
using,3
moved,3
periods,3
chronological,3
second,3
scientific,3
impacts,3
exception,3
bread,3
crabs,3
contributing,3
technology,3
historia,3
jamaica,3
bar,3
cerámica,3
majority,3
efforts,3
communal,3
areas,3
appeared,3
foods,3
ethnohistoric,3
insular,3
percepción,3
loop,3
pattern,3
discussed,3
origin,3
decorations,3
range,3
identity,3
europeans,3
entirely,3
expression,3
food,3
virtually,3
fundación,3
ethnic,3
discovered,3
histórica,3
cana,3
dry,3
can,3
versus,3
connections,3
petroglyphs,3
species,3
adornos,3
spp,3
detailed,3
vargas,3
yale,3
strategies,3
aboriginal,3
stable,3
arte,3
associated,3
comes,3
conclusion,3
barrio,3
wear,3
symbolic,3
alternative,3
highly,3
natural,3
control,3
half,3
goods,3
living,3
following,3
what,3
volcanic,3
agricultural,3
sus,3
theory,3
distribution,3
apparently,3
inhaling,3
paintings,3
multiple,3
given,3
transition,3
antigua,3
world,3
culebra,3
our,3
locations,3
argues,3
petersen,3
numerous,3
instead,3
grown,3
salt,3
need,3
sur,3
obvious,3
area,3
practiced,3
little,3
should,3
problem,2
carved,2
mortuary,2
calvera,2
now,2
calibrated,2
pittsburgh,2
created,2
everyone,2
environmental,2
distributed,2
per,2
sitios,2
contemporaneous,2
candelero,2
ulloa,2
needed,2
aceramic,2
pendants,2
ana,2
myth,2
ways,2
xi,2
comparisons,2
croix,2
analecta,2
communicating,2
culturelles,2
du,2
limestone,2
highlight,2
predominantly,2
diffusion,2
lower,2
shells,2
came,2
anything,2
archaeologists,2
else,2
sources,2
certainly,2
household,2
utilization,2
emerged,2
seems,2
nature,2
oval,2
jamaican,2
wooden,2
maisabel,2
throughout,2
hunting,2
hoogland,2
evolving,2
inland,2
vieques,2
wetter,2
con,2
projectile,2
plain,2
espace,2
east,2
bird,2
dune,2
vol,2
prior,2
calculated,2
combination,2
except,2
reflecting,2
tardía,2
sweet,2
collection,2
colonized,2
halted,2
estimating,2
since,2
due,2
terraces,2
relatively,2
mixed,2
reyes,2
bone,2
veneer,2
grouped,2
dominicana,2
old,2
coarser,2
stokes,2
speed,2
slave,2
wares,2
served,2
biogeography,2
even,2
bottles,2
traditions,2
coasts,2
luna,2
general,2
martinique,2
without,2
hodell,2
camp,2
absent,2
across,2
alonso,2
landscape,2
approaches,2
curvilinear,2
earlier,2
entre,2
direct,2
elaborate,2
symbols,2
reason,2
prehistory,2
objects,2
calibration,2
dated,2
saladoids,2
represented,2
impact,2
record,2
northeastern,2
argued,2
reviewed,2
additional,2
leidensia,2
followed,2
universidad,2
antillano,2
exploitation,2
shifted,2
myths,2
bahamian,2
conquest,2
affaires,2
character,2
valleys,2
result,2
fitted,2
based,2
whom,2
arrival,2
appearance,2
method,2
midden,2
barrancoid,2
changed,2
iconographie,2
base,2
late,2
further,2
occupation,2
though,2
reviews,2
viewed,2
recently,2
monograph,2
near,2
impression,2
well,2
line,2
egalitarian,2
rocks,2
multifamily,2
tool,2
protein,2
rat,2
example,2
knowledge,2
decorate,2
gender,2
surprise,2
describe,2
place,2
actually,2
naturaleza,2
lifeways,2
rise,2
alliance,2
relative,2
either,2
redware,2
field,2
below,2
suggest,2
stimulated,2
chert,2
shapes,2
este,2
presence,2
dramatic,2
rican,2
sitio,2
rest,2
activities,2
will,2
uncommon,2
implications,2
foragers,2
polished,2
régionale,2
interiors,2
jardines,2
zemi,2
crosshatching,2
make,2
indicates,2
modes,2
turks,2
religious,2
direction,2
southeast,2
percentage,2
guide,2
once,2
simultaneous,2
interpretation,2
represents,2
narganes,2
chronology,2
ancient,2
allaire,2
assistance,2
belonging,2
begins,2
colección,2
westward,2
academy,2
baik,2
addition,2
crops,2
cultivated,2
lack,2
villa,2
kitts,2
grave,2
larger,2
richer,2
windward,2
caracas,2
enough,2
paris,2
model,2
reconstructing,2
frequency,2
como,2
siglo,2
another,2
exhibit,2
situated,2
extended,2
vast,2
considering,2
aspectos,2
maritime,2
sides,2
deposits,2
worship,2
excavaciones,2
sequence,2
bitter,2
pagan,2
nuclear,2
ties,2
open,2
kalinago,2
historic,2
sanoja,2
points,2
individual,2
staple,2
tubes,2
meillacoides,2
vida,2
high,2
spirits,2
black,2
abundant,2
adequately,2
exchange,2
oxbow,2
queen,2
arqueológica,2
ann,2
probably,2
ethnohistory,2
we,2
adaptive,2
widely,2
division,2
worldview,2
spiny,2
para,2
reviewer,2
río,2
five,2
widespread,2
bulletin,2
investigators,2
seen,2
contribution,2
contexto,2
life,2
perhaps,2
pristine,2
diagnostic,2
fields,2
earliest,2
diversidad,2
then,2
any,2
por,2
complexity,2
homogeneity,2
banco,2
spanish,2
indígenas,2
les,2
sciences,2
here,2
supposed,2
región,2
ancestor,2
specialized,2
suggestions,2
connection,2
setting,2
did,2
best,2
unknown,2
accommodate,2
current,2
primeras,2
littoral,2
mollusk,2
reflected,2
bones,2
domesticated,2
pantel,2
passage,2
caraïbe,2
antillean,2
indios,2
communicate,2
conservatism,2
mixing,2
terms,2
rising,2
antropológica,2
adaptation,2
foundations,2
elenan,2
strings,2
middle,2
level,2
carvings,2
alternatives,2
variability,2
corn,2
subject,2
dacal,2
hybridization,2
colonial,2
phenomenon,2
indians,2
come,2
question,2
promoted,2
invasion,2
newsletter,2
americas,2
include,2
carib,2
product,2
colleagues,2
increased,2
lugs,2
assumed,2
root,2
rosa,2
reached,2
temperatures,2
exclusively,2
element,2
dental,2
focus,2
much,2
corre,2
strong,2
histórico,2
doing,2
arawak,2
cited,2
praehistorica,2
hypothesis,2
woven,1
final,1
cultigens,1
morel,1
fontanez,1
currently,1
epinephelus,1
doubts,1
isotopie,1
rainey,1
horizontal,1
sued,1
pur,1
estate,1
meaning,1
birds,1
underwater,1
meteorological,1
faced,1
paleosalinity,1
degraded,1
go,1
alphonse,1
pictográfica,1
extreme,1
episodes,1
correlación,1
centros,1
revolutionary,1
durante,1
combine,1
ultimate,1
originating,1
recueillis,1
mountains,1
precolombina,1
estructuras,1
hallucinogens,1
sphere,1
systemic,1
mouth,1
elaborately,1
marronage,1
tecla,1
saladoide,1
prime,1
yucca,1
misunderstanding,1
ma,1
formed,1
coppa,1
authority,1
habitats,1
dominica,1
martyrdom,1
amérindienne,1
modos,1
completely,1
walker,1
migraciones,1
tarble,1
upheaval,1
compilation,1
modern,1
protoagricultural,1
monolithic,1
spirit,1
continuity,1
marcio,1
trace,1
geometric,1
fixed,1
offshore,1
gravées,1
laid,1
turtle,1
eastward,1
tells,1
assisted,1
fragile,1
pots,1
exceptions,1
vivé,1
plantations,1
revision,1
source,1
chief,1
test,1
funerarias,1
tamo,1
humanos,1
modest,1
fast,1
revisited,1
drugs,1
creation,1
production,1
nassau,1
mateo,1
garcía,1
originally,1
cinco,1
give,1
adopt,1
taken,1
uanîuna,1
hinds,1
culturally,1
contrasted,1
diego,1
might,1
season,1
ears,1
terrain,1
worked,1
freely,1
trinidad,1
departure,1
editions,1
gary,1
brulé,1
nasal,1
recinto,1
scientifique,1
devolved,1
leading,1
incisors,1
advantage,1
petroglyph,1
daily,1
great,1
timing,1
potentially,1
mitología,1
parafernalia,1
studied,1
disappearance,1
lumped,1
basin,1
concludes,1
composition,1
court,1
cooccurred,1
série,1
take,1
cemi,1
subsequent,1
evangelization,1
chipped,1
cubana,1
feature,1
integrate,1
ancestry,1
publicado,1
vegetation,1
improved,1
inferring,1
consist,1
emphasized,1
greatly,1
influences,1
concepts,1
principal,1
decreased,1
somewhat,1
saladiod,1
dd,1
recreate,1
cuenca,1
guiana,1
posts,1
paleodemography,1
grenada,1
fouille,1
nowhere,1
savonet,1
evaluation,1
postcabrallen,1
existence,1
sophisticated,1
reefs,1
westview,1
ê,1
tobago,1
courtesy,1
maloca,1
dying,1
key,1
tierra,1
celts,1
particularly,1
planted,1
u,1
masked,1
agriculture,1
rests,1
geophysical,1
betsy,1
economics,1
île,1
trophy,1
funéraire,1
account,1
gardens,1
quantities,1
determined,1
origen,1
omissions,1
activity,1
cap,1
reaching,1
threepointed,1
renowned,1
bibliography,1
occupy,1
zooarchaeology,1
crossed,1
dutch,1
monsoontype,1
aruba,1
x,1
ignores,1
diffused,1
uncertain,1
climax,1
horticultural,1
objective,1
constrained,1
paleopatología,1
îaeoiogy,1
warfare,1
candelera,1
sign,1
agricultura,1
easterly,1
funciones,1
tessons,1
áreas,1
framework,1
rqueológico,1
americana,1
september,1
hombre,1
interments,1
restos,1
angloamericano,1
phase,1
centralized,1
deux,1
peripheral,1
identities,1
análisis,1
relationships,1
alignments,1
encuentro,1
component,1
drastic,1
froelich,1
accounted,1
past,1
interior,1
incense,1
extirpated,1
author,1
neighbors,1
groupers,1
ethnohistorical,1
center,1
characteristic,1
ability,1
firme,1
casimiroid,1
adopted,1
sene,1
exquisite,1
petrography,1
régional,1
conducted,1
expeditions,1
convention,1
reproduced,1
media,1
cyclura,1
overly,1
admitted,1
z,1
palmettan,1
mundi,1
progressive,1
turn,1
hold,1
canoes,1
cases,1
drainage,1
lapidaria,1
maintaining,1
ingesting,1
underlying,1
fission,1
displays,1
document,1
academic,1
antropológicas,1
duhos,1
proyección,1
zooarchaeological,1
fond,1
ediciones,1
amount,1
fig,1
response,1
panorama,1
radio,1
graphically,1
lineage,1
espacios,1
compared,1
arranged,1
left,1
third,1
siegel,1
alliances,1
rendezvous,1
networks,1
whorls,1
romanticized,1
explore,1
flip,1
vincent,1
preserving,1
excavator,1
border,1
wet,1
simplistic,1
robin,1
ornitológica,1
traits,1
pronounced,1
acted,1
paleoecological,1
footed,1
influence,1
overstates,1
poorly,1
potherbs,1
festschrift,1
walls,1
industries,1
familia,1
ridge,1
higher,1
landscapes,1
operation,1
caso,1
duho,1
simultaneously,1
alternativo,1
hey,1
vegetable,1
reconstruction,1
recognized,1
adequate,1
town,1
société,1
espacio,1
supernatural,1
meillacoide,1
diamant,1
drainages,1
growth,1
asentamientos,1
snappers,1
how,1
postcontact,1
matanzas,1
molars,1
sort,1
disjunction,1
housing,1
posits,1
avocationalists,1
levels,1
reference,1
capture,1
presentation,1
paquemar,1
mean,1
active,1
punto,1
pétrographie,1
vs,1
rats,1
spatial,1
storms,1
resume,1
eight,1
certain,1
induce,1
assuming,1
caimanes,1
navigation,1
special,1
creek,1
cave,1
í,1
white,1
diameters,1
upstream,1
arbor,1
cueva,1
scattered,1
factors,1
mediate,1
extremes,1
curaçao,1
risks,1
vera,1
references,1
tooth,1
developments,1
finer,1
temprano,1
ornamentación,1
females,1
locally,1
possibly,1
dichotomy,1
biogeographic,1
transculturación,1
retained,1
intensive,1
beaded,1
repeated,1
ethnobiology,1
superestructural,1
informe,1
numbers,1
dominate,1
house,1
otras,1
exploratory,1
zuurzac,1
shore,1
observations,1
monumento,1
prevent,1
extensión,1
solid,1
benefited,1
orientation,1
sureste,1
commonly,1
superior,1
mustique,1
exploited,1
ostracods,1
resource,1
lithic,1
surface,1
follow,1
lucayan,1
oranjestad,1
haití,1
cotton,1
position,1
definite,1
rice,1
neither,1
según,1
aborigénes,1
usvi,1
permanent,1
interamerican,1
avunculocal,1
unilineal,1
ciboney,1
asociada,1
preference,1
providing,1
araueológico,1
zea,1
ciencias,1
osteological,1
generosa,1
honduras,1
raw,1
uses,1
diseño,1
courian,1
protoagricultor,1
carácter,1
lead,1
aoutn,1
aftermath,1
allow,1
six,1
carrying,1
entering,1
faunal,1
archeobotanical,1
une,1
matrilocal,1
access,1
amsterdam,1
effort,1
seven,1
lived,1
cooccurrence,1
encounter,1
biogeographical,1
anguilla,1
facilitate,1
events,1
guayabal,1
extinct,1
hospital,1
emerge,1
roches,1
unpainted,1
isotope,1
interpretations,1
fuel,1
term,1
periphery,1
bioarchaeology,1
indígena,1
hispanic,1
elbow,1
neighboring,1
xvi,1
understood,1
precursor,1
reappeared,1
circular,1
pigonni,1
yucatán,1
narcotic,1
tools,1
marteen,1
française,1
persons,1
reinforce,1
binghamton,1
scale,1
thin,1
primrose,1
placed,1
shamanism,1
expedient,1
explored,1
naval,1
explain,1
opposition,1
acknowledgments,1
flaked,1
gods,1
tanki,1
receive,1
overlapping,1
improve,1
pointers,1
shape,1
xix,1
pigs,1
colonies,1
alfarerías,1
urbano,1
spheres,1
llanura,1
basis,1
distinguish,1
future,1
descubiertos,1
rivera,1
overlying,1
inferred,1
planning,1
intense,1
archaeologist,1
preferred,1
repetition,1
elíseo,1
concept,1
prominent,1
irtfo,1
occupants,1
crude,1
su,1
hereditary,1
nargenes,1
bois,1
vestimenta,1
wasting,1
casa,1
flaring,1
apparent,1
symbolism,1
polychrome,1
cautoguacanayabo,1
journals,1
juana,1
insulares,1
description,1
technical,1
migrated,1
literature,1
ostionoids,1
faunas,1
continuation,1
municipio,1
older,1
discussions,1
collective,1
climatic,1
contains,1
calculating,1
records,1
precio,1
expansionist,1
seated,1
reevaluación,1
winter,1
rituals,1
hung,1
rodents,1
millenium,1
surrounding,1
complemented,1
plurality,1
believes,1
frutas,1
gonzález,1
hofrnan,1
occidente,1
preparation,1
manage,1
gabino,1
etnogenesis,1
status,1
ethnicity,1
lithics,1
attributed,1
narcotics,1
encounters,1
relaciones,1
refuse,1
esqueléticos,1
regions,1
quarterly,1
preceded,1
good,1
published,1
creating,1
legacy,1
windscreens,1
commerce,1
painting,1
sense,1
successful,1
presented,1
hard,1
working,1
cooperative,1
deity,1
distances,1
simpler,1
tempe,1
trading,1
mamorean,1
presencia,1
hxcavations,1
insulaires,1
sharp,1
things,1
quite,1
ward,1
características,1
celeste,1
event,1
registro,1
involved,1
family,1
osteológico,1
intervals,1
habitation,1
brasilwood,1
characteristics,1
postsaladoid,1
altered,1
strap,1
forenses,1
components,1
eighth,1
executed,1
uncertainties,1
vacuum,1
distinguished,1
suddenly,1
ancestors,1
cylinders,1
telling,1
seeds,1
indocubano,1
always,1
mythological,1
stratigraphy,1
annual,1
descendants,1
coordinate,1
venezuelan,1
basse,1
macao,1
roots,1
structured,1
appropriate,1
provided,1
espaniola,1
incision,1
settle,1
massive,1
artistry,1
avoid,1
society,1
hurricanes,1
downplays,1
caimito,1
eternal,1
aguilu,1
consideraciones,1
led,1
fases,1
dogs,1
situation,1
arrangement,1
trincado,1
cuban,1
minor,1
costumbres,1
colón,1
autònomo,1
van,1
curves,1
various,1
ceremoniales,1
economic,1
service,1
overall,1
demográficos,1
comparative,1
yucatan,1
juliet,1
corporation,1
return,1
appreciate,1
wetland,1
chieftaincy,1
matrilineal,1
modo,1
whatever,1
july,1
cubano,1
still,1
above,1
estado,1
lobsters,1
tor,1
pointes,1
mainstream,1
expanded,1
surviving,1
commenced,1
parrots,1
humans,1
settings,1
ware,1
cooler,1
spectacular,1
biological,1
cays,1
overview,1
oxford,1
pacific,1
tempranos,1
elaboration,1
swept,1
tighter,1
examined,1
nonlocal,1
cambio,1
pierres,1
cemis,1
spurs,1
thought,1
residence,1
serve,1
notable,1
under,1
trou,1
ancienne,1
élémentaire,1
selective,1
boundary,1
muerte,1
northwest,1
workmanship,1
processing,1
swamp,1
jay,1
lowland,1
planned,1
transformations,1
amazon,1
knocked,1
rectangular,1
corral,1
lacked,1
formalized,1
outlined,1
tortoise,1
largest,1
already,1
insights,1
essai,1
visitors,1
reports,1
increasingly,1
assimilated,1
mamora,1
exploit,1
inheritance,1
sector,1
meets,1
skeletons,1
tutu,1
gente,1
lee,1
volume,1
atajadizo,1
reconnaisance,1
resistance,1
name,1
ministère,1
mona,1
french,1
arqueopoesía,1
ronald,1
cuartel,1
challenge,1
consideration,1
oscillated,1
jadeite,1
toward,1
orígenes,1
others,1
death,1
trois,1
knowing,1
drink,1
guanahatabey,1
ecological,1
decorative,1
flat,1
towards,1
smudging,1
fortificaciones,1
water,1
incisa,1
spear,1
vento,1
tradition,1
ceramista,1
fact,1
shows,1
lutjanus,1
longer,1
barra,1
luis,1
sudoriental,1
xii,1
punctuation,1
mélendez,1
occupations,1
utilizing,1
plan,1
propagule,1
casos,1
beliefs,1
taxonomy,1
attempting,1
crop,1
epilogue,1
break,1
dietarios,1
antonio,1
surfaces,1
legs,1
bluff,1
debates,1
distributions,1
functionally,1
parc,1
man,1
pinturas,1
jump,1
zoned,1
morban,1
honor,1
aesthetic,1
anthropologist,1
men,1
reproductive,1
conclusions,1
took,1
bulky,1
ground,1
remarkable,1
domésticas,1
cruz,1
ocupantes,1
road,1
annular,1
preagrícolas,1
límites,1
bead,1
unclear,1
axes,1
documentación,1
recoverd,1
ciencia,1
tormulae,1
pintado,1
coexisted,1
containers,1
practice,1
colony,1
bilan,1
nocturnal,1
rupestres,1
diets,1
nueva,1
punctate,1
belief,1
extinctions,1
flint,1
cosmos,1
acerca,1
literatures,1
bas,1
wood,1
free,1
encountered,1
ror,1
ecology,1
degree,1
remained,1
doubled,1
mortars,1
interpreting,1
preliminar,1
overemphasizes,1
baskets,1
ine,1
meaningful,1
sometime,1
necklaces,1
rio,1
disease,1
survive,1
examples,1
mays,1
treated,1
cruder,1
assemblages,1
discovery,1
chiefly,1
upon,1
helps,1
cult,1
realizado,1
guyane,1
communidades,1
hillside,1
systematics,1
hernández,1
enormous,1
progressively,1
manufactured,1
panicum,1
sufficiently,1
contacts,1
clustered,1
samples,1
claws,1
skeletal,1
lake,1
valcárcel,1
elegy,1
combining,1
hypotheses,1
prevailed,1
largely,1
rivers,1
sauvetage,1
maria,1
emigrated,1
net,1
exhibited,1
maintains,1
salvador,1
nothing,1
merit,1
lascasiana,1
trust,1
fruits,1
full,1
ceremonies,1
dating,1
cultura,1
rejected,1
newswarp,1
colombiano,1
reward,1
comprehensive,1
publication,1
express,1
ah,1
obtaining,1
estructura,1
taxonomic,1
dominated,1
peter,1
statues,1
counter,1
lifted,1
times,1
canibalismo,1
grammatical,1
summer,1
yocahu,1
plant,1
traps,1
tribal,1
housed,1
mammals,1
shortly,1
trouvées,1
interacted,1
connects,1
provides,1
segment,1
cambios,1
never,1
minnis,1
transculturation,1
migrants,1
breached,1
uncalibrated,1
pearl,1
problems,1
manatee,1
systems,1
coral,1
realm,1
become,1
ceramistas,1
ornaments,1
suffers,1
tree,1
étude,1
suroriente,1
garcia,1
anderson,1
gumilla,1
nuevos,1
hi,1
caribness,1
seeking,1
artisans,1
taina,1
me,1
adaptations,1
figures,1
boomert,1
responsibility,1
hutías,1
creativity,1
propose,1
encompassing,1
immigration,1
adzes,1
examines,1
zamia,1
consumed,1
maracaibo,1
gustave,1
depauperate,1
increasing,1
ranging,1
codrington,1
biomorphic,1
depth,1
mangrove,1
raiding,1
louwe,1
assigned,1
fueled,1
lowiana,1
abundance,1
today,1
poblamiento,1
publishing,1
note,1
inordinate,1
perspectives,1
independent,1
inhabitants,1
proyecto,1
crucial,1
usually,1
toruga,1
antes,1
apropiadoras,1
ideology,1
suspected,1
spindle,1
spouse,1
catholic,1
support,1
begin,1
wild,1
order,1
enso,1
primarily,1
objectos,1
independence,1
starch,1
huecoide,1
région,1
paradigma,1
edición,1
relations,1
deposit,1
rethinking,1
bears,1
caribes,1
overlap,1
bat,1
cementerio,1
llegada,1
originated,1
recognize,1
sorce,1
why,1
caguana,1
construction,1
blood,1
fall,1
united,1
frontier,1
dead,1
langostino,1
composed,1
permeability,1
disagrees,1
mother,1
coordination,1
types,1
lingua,1
months,1
rim,1
ramirez,1
unusual,1
lavergne,1
interview,1
lago,1
forest,1
exchanged,1
middens,1
espanioles,1
addressed,1
detail,1
claims,1
freshwater,1
anthropological,1
environment,1
share,1
vibrations,1
believed,1
horseshoe,1
dispersed,1
sorting,1
demographics,1
dishes,1
intensification,1
pinart,1
finest,1
must,1
buchili,1
extending,1
urgent,1
signes,1
simply,1
extensive,1
mythologies,1
scarus,1
forests,1
crab,1
societx,1
southward,1
scaramelli,1
reconnaissance,1
meat,1
fertility,1
organizational,1
crosshatched,1
antillas,1
quaternary,1
behiques,1
guardi,1
centrai,1
outcome,1
agrvalfareras,1
hueca,1
rainfall,1
cemetery,1
paper,1
arawakanspeaking,1
xiii,1
ortiz,1
américa,1
seem,1
nets,1
contextual,1
constructions,1
intrusion,1
intermingled,1
foundation,1
patrimonio,1
humid,1
conformación,1
infer,1
formación,1
hundred,1
sandwiches,1
going,1
elsewhere,1
guinea,1
atlatl,1
greenstone,1
príncipe,1
visión,1
just,1
oliver,1
advances,1
places,1
person,1
catalogue,1
ditch,1
ofarawakan,1
william,1
according,1
heads,1
microlithic,1
carefully,1
investigation,1
unique,1
guianas,1
them,1
whether,1
ones,1
cause,1
varying,1
fernández,1
nearby,1
add,1
maintain,1
seasonal,1
inputs,1
axis,1
antropología,1
ceased,1
design,1
debate,1
dieta,1
consisting,1
densities,1
repetitive,1
her,1
gouges,1
columbidae,1
healthy,1
fundamentos,1
produce,1
caimán,1
information,1
stacks,1
almost,1
cobo,1
episode,1
burners,1
alcohol,1
terre,1
phenomena,1
hundreds,1
library,1
noncarbonate,1
categories,1
metamorphic,1
cosmology,1
nacionalidad,1
occlusal,1
marking,1
varieties,1
buchillones,1
culturas,1
anse,1
hyperarid,1
introduced,1
beach,1
despite,1
etnográfico,1
collecting,1
courses,1
plans,1
returning,1
explication,1
reappraisal,1
went,1
territory,1
plainer,1
oî,1
measure,1
elevations,1
possessions,1
roe,1
curet,1
maintained,1
isolated,1
representation,1
diverged,1
snuff,1
cannata,1
terminal,1
agroceramistas,1
remarks,1
struture,1
named,1
trianthema,1
tempers,1
undecorated,1
breaks,1
differentiation,1
macías,1
zones,1
comparee,1
reitz,1
decrease,1
iguanas,1
strikingly,1
fibers,1
pierced,1
documentation,1
paleotemperature,1
define,1
socially,1
eléments,1
harney,1
posibles,1
booby,1
integration,1
regular,1
attributes,1
seeks,1
préhistoriques,1
classification,1
diggers,1
anonymous,1
comparison,1
am,1
flora,1
offered,1
specific,1
potential,1
stools,1
modeling,1
supervivencia,1
ninth,1
caraïbes,1
tribes,1
arrived,1
mystery,1
marrons,1
bottoms,1
smooth,1
consisted,1
fonseca,1
thicker,1
pool,1
potatoes,1
martínez,1
norman,1
substantial,1
territoriales,1
valley,1
northwestern,1
develop,1
images,1
technological,1
ends,1
ethnology,1
beings,1
dos,1
virtue,1
oí,1
southeastern,1
built,1
sixth,1
termed,1
organized,1
tubers,1
gourd,1
arizona,1
guaren,1
increase,1
porvenir,1
continuously,1
