WORDCOUNTS,WEIGHT
the,1155
of,1073
and,969
in,816
a,280
to,211
pp,184
d,171
j,143
m,133
agriculture,132
on,132
for,123
that,120
agricultural,120
c,119
archaeological,117
from,112
american,110
r,110
g,108
l,107
as,106
w,101
no,99
university,95
prehistoric,94
new,87
ancient,86
by,85
journal,75
an,75
b,75
s,74
p,73
maya,73
eastern,71
t,65
archaeology,64
research,63
e,62
economic,62
plant,61
have,61
has,55
is,55
at,54
maize,53
international,50
mexico,49
antiquity,49
subsistence,47
foraging,46
been,46
et,45
world,45
k,43
with,43
americas,42
evidence,42
h,41
human,41
change,41
evolution,40
cultivation,40
domestication,39
studies,38
british,38
origins,38
peru,38
recent,38
central,37
northern,37
settlement,36
are,36
or,35
fields,35
systems,34
andean,34
early,34
production,33
irrigation,33
valley,33
food,32
north,32
f,31
tropical,31
southern,31
development,30
hohokam,30
population,29
indigenous,29
be,29
arizona,29
n,28
late,28
domesticated,28
america,27
this,27
v,26
science,26
botany,26
field,25
farming,25
plants,25
remains,25
economies,24
analysis,24
study,23
also,23
fedick,23
wild,23
wetland,22
anthropologist,22
horticultural,21
center,21
state,21
such,21
anthropological,21
anthropology,21
current,21
while,21
between,21
other,20
i,20
raised,20
canal,20
management,20
use,20
into,19
prehistory,19
press,19
illinois,19
woodlands,18
unwin,18
southwest,18
political,18
through,18
mesoamerica,17
some,17
prehispanic,17
kiva,17
jai,17
dating,17
land,17
species,17
emergent,17
occasional,16
changes,16
during,16
transition,16
regional,16
it,15
history,15
westview,15
growth,15
cultural,15
cultivated,15
cambridge,15
united,15
not,15
introduction,14
origin,14
excavations,14
may,14
landscape,14
resource,14
these,14
social,14
more,14
patterns,14
model,14
albion,14
ecology,14
suggests,14
urban,14
common,13
environmental,13
latin,13
recovered,13
basin,13
suggest,13
will,13
number,13
were,13
applications,13
middle,13
states,13
chenopodium,12
implications,12
oaxaca,12
southwestern,12
site,12
greater,12
ann,12
south,12
water,12
crop,12
ethnobiology,12
forest,12
role,12
colleagues,12
lake,12
isotopie,11
neolithic,11
crops,11
highland,11
ad,11
gardens,11
genetic,11
de,11
perspective,11
identification,11
was,11
diet,11
applied,11
aspects,11
childe,11
several,11
about,11
rain,11
see,11
gordon,11
region,11
which,11
intensification,11
techniques,11
belize,11
among,11
now,10
they,10
ii,10
could,10
case,10
resources,10
alabama,10
york,10
most,10
well,10
data,10
example,10
climatic,10
andes,10
smithsonian,10
roots,10
many,10
areas,10
rio,10
period,10
institution,10
environment,10
little,10
years,10
potential,10
debate,10
mississippi,9
pepo,9
his,9
academic,9
recently,9
isotope,9
experimental,9
strategies,9
local,9
theories,9
evolutionary,9
natural,9
over,9
vol,9
researchers,9
cucurbita,9
technological,9
complex,8
lowlands,8
either,8
nature,8
sociopolitical,8
concerning,8
museum,8
factors,8
river,8
emergence,8
information,8
future,8
coica,8
woodland,8
chemistry,8
soil,8
technology,8
wetlands,8
desert,8
processes,8
forests,8
rural,8
coast,8
distribution,8
varieties,8
variability,8
domesticates,8
morphological,8
titicaca,8
traditional,8
tubers,8
one,7
modern,7
ethnoarchaeological,7
before,7
lower,7
there,7
investigations,7
el,7
botanical,7
soils,7
application,7
van,7
rather,7
process,7
their,7
direct,7
tree,7
upper,7
had,7
based,7
sites,7
horticulture,7
part,7
provided,7
various,7
populations,7
expansion,7
classic,7
ice,7
perspectives,7
but,7
two,7
only,7
monographs,7
phytoliths,7
including,7
can,7
potato,7
terracing,7
independent,7
ecological,7
bean,7
carbon,7
particularly,7
adaptation,7
trees,7
multiple,7
summary,7
modeling,7
major,7
tropics,6
mexican,6
western,6
foragers,6
sources,6
great,6
those,6
system,6
prior,6
richard,6
x,6
review,6
sp,6
century,6
sanders,6
than,6
michigan,6
how,6
remote,6
old,6
organization,6
impact,6
root,6
its,6
work,6
approach,6
manipulation,6
florida,6
preliminary,6
dietary,6
cx,6
identified,6
formative,6
department,6
projects,6
variation,6
native,6
explanation,6
teosinte,6
numerous,6
rustica,6
continue,6
heiser,6
structure,6
geography,6
increasing,6
phytolith,6
stable,6
earliest,6
changing,6
theory,6
her,6
both,6
formation,6
although,6
effects,6
area,6
much,6
hypothesis,6
o,5
way,5
hayden,5
essays,5
being,5
transitions,5
humans,5
all,5
available,5
analyses,5
context,5
dissemination,5
plains,5
transmutation,5
holocene,5
howard,5
possible,5
comments,5
collapse,5
bailey,5
terraces,5
terrace,5
tucson,5
interesting,5
recognized,5
without,5
sensing,5
developed,5
landscapes,5
intensive,5
suggested,5
initial,5
interpretations,5
bohrer,5
weed,5
record,5
nichols,5
storage,5
knowledge,5
people,5
peruvian,5
deborah,5
chimu,5
society,5
periods,5
preclassic,5
led,5
he,5
san,5
practices,5
edited,5
ams,5
provide,5
time,5
where,5
accepted,5
another,5
assign,5
recovery,5
california,5
would,5
agriculturalists,5
become,5
topics,5
relationship,5
why,5
often,5
associated,5
geographic,5
alternative,5
der,5
cacao,5
historical,5
past,5
advances,5
beginning,5
produce,5
ecuador,5
question,5
models,5
consumption,5
association,5
increased,5
archaic,5
charles,5
given,5
southeastern,5
nicholas,4
does,4
inka,4
pittsburgh,4
encouraged,4
stone,4
approaches,4
sunflower,4
occurred,4
bp,4
contexts,4
diffusion,4
puuc,4
gourds,4
sustainable,4
gary,4
flotation,4
timing,4
hunting,4
resulting,4
robert,4
harris,4
feinman,4
preceramic,4
point,4
increase,4
dynamics,4
since,4
bone,4
conducted,4
midcontinental,4
ct,4
response,4
accelerator,4
explore,4
progenitor,4
coastal,4
christine,4
risk,4
importance,4
contributions,4
arbor,4
support,4
exploitation,4
syntheses,4
dc,4
headland,4
casma,4
tiwanaku,4
called,4
austin,4
further,4
occupation,4
residential,4
produced,4
osmore,4
literature,4
island,4
hydraulic,4
tool,4
london,4
used,4
memoirs,4
amazonia,4
least,4
ratios,4
pearsall,4
around,4
transport,4
driving,4
opal,4
presence,4
texas,4
seeds,4
phaseolus,4
absence,4
reconstruction,4
under,4
ci,4
culture,4
amazon,4
ethnographic,4
power,4
husbandry,4
our,4
contemporary,4
pattern,4
present,4
riley,4
after,4
mays,4
systematics,4
previously,4
canals,4
monte,4
significant,4
residues,4
causes,4
ramón,4
soconusco,4
examination,4
radiocarbon,4
theoretical,4
anasazi,4
significance,4
thomas,4
behind,4
methods,4
testing,4
primarily,4
seen,4
force,4
lawrence,4
construction,4
shift,4
ash,4
doebley,4
complexity,4
continues,4
cover,4
control,4
quelccaya,4
report,4
climate,4
william,4
catastrophic,4
volcanic,4
form,4
particular,4
generally,4
manioc,4
presented,4
four,4
intended,4
mississippian,4
chile,4
ecosystem,4
include,4
tobacco,4
within,4
corn,4
gis,3
if,3
concerned,3
village,3
inequality,3
annals,3
first,3
reconstructions,3
questions,3
debating,3
chinampas,3
sonoran,3
leading,3
agrarian,3
suggesting,3
farmers,3
rich,3
molecular,3
last,3
gremillion,3
relations,3
contents,3
capacity,3
continuum,3
mass,3
ashfall,3
reply,3
bottom,3
zone,3
collection,3
labor,3
chinampa,3
chaco,3
throughout,3
interest,3
domestications,3
jr,3
living,3
priority,3
drainage,3
back,3
served,3
even,3
bolivia,3
pueblo,3
competitive,3
topic,3
basil,3
summaries,3
across,3
var,3
levels,3
notion,3
environments,3
certain,3
productive,3
gathering,3
tissue,3
reviewed,3
age,3
answers,3
pleistocene,3
identifying,3
route,3
appearance,3
volumes,3
out,3
deal,3
mesoamerican,3
possibility,3
cores,3
mcclung,3
method,3
mimbres,3
directly,3
bc,3
concept,3
significantly,3
ot,3
year,3
overview,3
discussions,3
coca,3
focuses,3
project,3
own,3
trends,3
precipitation,3
good,3
published,3
responses,3
wi,3
indicators,3
involved,3
certainly,3
methodological,3
degradation,3
when,3
seed,3
results,3
activities,3
likely,3
subsp,3
imagery,3
sunset,3
unconscious,3
fruit,3
community,3
hold,3
selection,3
verde,3
biological,3
interpretation,3
reference,3
specimens,3
processing,3
insights,3
increasingly,3
she,3
volume,3
paul,3
book,3
toward,3
smith,3
treatment,3
pressure,3
foods,3
feasting,3
discussed,3
honor,3
ground,3
hastorf,3
focusing,3
shifts,3
bulletin,3
argues,3
status,3
understanding,3
technologies,3
discussion,3
deposits,3
hypotheses,3
refers,3
factor,3
ideas,3
historic,3
staple,3
features,3
high,3
earlier,3
provides,3
exchange,3
effect,3
occupied,3
attention,3
la,3
tennessee,3
consequences,3
pohl,3
program,3
order,3
tuber,3
spp,3
investigators,3
who,3
detailed,3
recognize,3
diagnostic,3
school,3
dates,3
considered,3
addressed,3
quantitative,3
panama,3
known,3
beans,3
colorado,3
mantaro,3
ratio,3
innovations,3
erickson,3
gepts,3
dennis,3
iii,3
very,3
primary,3
assessment,3
sexual,3
discharge,3
seasonal,3
influenced,3
hondo,3
redding,3
programs,3
sediments,3
lands,3
conditions,3
puleston,3
salt,3
physical,3
observation,3
views,3
should,3
tne,3
flow,2
adopt,2
represent,2
expedition,2
resulted,2
yam,2
incarnata,2
large,2
settlements,2
engendering,2
myth,2
identify,2
reassessment,2
precede,2
formed,2
considerations,2
fragile,2
thematic,2
revision,2
source,2
diversity,2
john,2
oaxacan,2
women,2
different,2
fluctuations,2
summarize,2
anthropogenic,2
archaeologists,2
long,2
sampling,2
actual,2
secondary,2
accompanied,2
macneish,2
mapper,2
help,2
patterned,2
cowan,2
marine,2
tapia,2
racial,2
maypops,2
key,2
adopts,2
blackburn,2
encouraging,2
economics,2
roger,2
design,2
politics,2
fl,2
activity,2
cap,2
infared,2
bibliography,2
vital,2
establishment,2
apply,2
along,2
horticulturalists,2
sweet,2
controlled,2
canyon,2
usage,2
squash,2
downum,2
guinea,2
estimating,2
severe,2
consideration,2
computerized,2
borderlands,2
spectrophotometry,2
sierra,2
relatively,2
nondomesticated,2
santa,2
price,2
inireb,2
preagricultural,2
jl,2
david,2
difficulty,2
races,2
taming,2
continuous,2
critique,2
ecosystems,2
kentucky,2
chan,2
dust,2
drained,2
civilization,2
oxford,2
terrestrial,2
réévaluation,2
bonavia,2
main,2
highlands,2
delgado,2
tectonic,2
represented,2
supplement,2
parts,2
columbian,2
summarized,2
making,2
modified,2
dichotomy,2
nitrogen,2
vulgaris,2
linked,2
transformed,2
section,2
bruce,2
northeastern,2
surface,2
groundwater,2
beyond,2
cotton,2
peninsula,2
cost,2
blumler,2
problems,2
reconsideration,2
amount,2
plenum,2
solve,2
oklahoma,2
view,2
appear,2
honduras,2
lead,2
societies,2
begun,2
erosion,2
search,2
access,2
mapping,2
relating,2
berlandieri,2
memory,2
focused,2
imbalances,2
buried,2
institute,2
photography,2
tools,2
cannot,2
promise,2
pecos,2
excellent,2
pollen,2
procedures,2
abandonments,2
wide,2
criteria,2
technical,2
gained,2
network,2
distinguish,2
charred,2
gebauer,2
mckillop,2
teotihuacan,2
protein,2
characterization,2
kristen,2
explain,2
thoughts,2
place,2
issues,2
actually,2
structures,2
coyol,2
documented,2
mathematical,2
douglas,2
spectrometiy,2
my,2
causal,2
optimal,2
steward,2
pottery,2
hard,2
controversial,2
revolution,2
tempe,2
coupled,2
byrne,2
quantification,2
habitability,2
spanish,2
consensus,2
few,2
bottle,2
folk,2
transfer,2
reported,2
essentially,2
core,2
managed,2
parenchymatous,2
benz,2
discusses,2
using,2
distinguishing,2
notes,2
valuable,2
geographical,2
pope,2
mochica,2
nassaney,2
voi,2
pertaining,2
investigating,2
minor,2
scientific,2
kaplan,2
lynn,2
gradual,2
subject,2
diego,2
limited,2
sante,2
oneota,2
grande,2
expanded,2
interactions,2
movement,2
ocho,2
once,2
communities,2
emerged,2
lentz,2
ugent,2
examined,2
sausa,2
palynology,2
mobile,2
chronology,2
selective,2
demographic,2
quinua,2
grun,2
same,2
shifting,2
kowalewski,2
al,2
indian,2
noted,2
technique,2
palm,2
others,2
hernández,2
analytical,2
lack,2
sullivan,2
rebuilding,2
seduction,2
proliferation,2
debates,2
man,2
serious,2
do,2
pozorski,2
michael,2
diets,2
fanning,2
wood,2
interpreting,2
original,2
demonstrated,2
kansas,2
recognizing,2
aggregation,2
ine,2
exploring,2
investigated,2
encounter,2
examples,2
made,2
assemblages,2
discovery,2
uplift,2
postclassic,2
strongly,2
cropping,2
five,2
maiz,2
variables,2
maintains,2
salvador,2
deforestation,2
synthetic,2
synchronicity,2
directed,2
eve,2
general,2
times,2
characterized,2
collaboration,2
spread,2
so,2
function,2
standard,2
adequately,2
short,2
class,2
geographers,2
contact,2
examine,2
availability,2
probably,2
guayas,2
we,2
jerry,2
ago,2
louisiana,2
ambrose,2
decision,2
european,2
depth,2
suggestion,2
sufficiency,2
assigned,2
dolores,2
aid,2
abundance,2
today,2
tentative,2
inhabitants,2
bulk,2
linda,2
sikkink,2
vision,2
select,2
starch,2
directions,2
yale,2
contribution,2
indicate,2
responsible,2
expectations,2
pristine,2
paleoethnobotanical,2
aboriginal,2
pressures,2
wanka,2
undertook,2
series,2
comparison,2
desiccated,2
botanist,2
must,2
habitation,2
ethnoarchaeology,2
thousand,2
ballena,2
temporal,2
droughts,2
carbondale,2
pinaleno,2
sciences,2
appealing,2
thvanaku,2
overexploitation,2
satellite,2
darwinian,2
rainfall,2
specialized,2
abandonment,2
seem,2
did,2
argue,2
basins,2
aerial,2
works,2
annuals,2
malaysia,2
jimenez,2
economy,2
selected,2
independently,2
cahokia,2
maintain,2
laguna,2
studying,2
emphasis,2
recognition,2
refinement,2
city,2
reynold,2
returning,2
chenopods,2
balée,2
palms,2
yielded,2
intervalley,2
relates,2
until,2
arturo,2
donald,2
national,2
parallels,2
need,2
integration,2
attributes,2
clues,2
flooding,2
offered,2
refinements,2
chromatography,2
pathways,2
chicago,2
potatoes,2
norman,2
interaction,2
gulf,2
foodwebs,2
taylor,2
observed,2
concise,2
ca,2
household,2
gourd,2
paleoethnobotany,1
final,1
cultigens,1
difficult,1
tuberosum,1
modelling,1
margins,1
conard,1
currently,1
volley,1
struggle,1
feces,1
reno,1
horizontal,1
cactus,1
fertile,1
lipid,1
indicated,1
substances,1
generated,1
archaeobotanicals,1
groups,1
otora,1
vienna,1
isotopes,1
ackerly,1
deduced,1
tuscaloosa,1
comises,1
regiony,1
magnetic,1
adoption,1
originating,1
succession,1
stands,1
utility,1
pushed,1
distributed,1
connecticut,1
systemic,1
windover,1
canopy,1
expect,1
aìides,1
overland,1
group,1
needed,1
boca,1
tobaccos,1
engineered,1
integrity,1
lambert,1
catastrophe,1
linkages,1
live,1
authority,1
english,1
spreng,1
federal,1
sabana,1
peaks,1
situation,1
féru,1
nuts,1
jonathan,1
desperately,1
jonesianum,1
upheaval,1
favor,1
conscious,1
tlajinga,1
former,1
parenchymous,1
conclusive,1
policy,1
flores,1
quite,1
undertaken,1
necessarily,1
presents,1
predicting,1
amaranth,1
vestiges,1
cholla,1
ambitious,1
scientist,1
cornell,1
feels,1
vs,1
esculentum,1
nineteenth,1
isozymic,1
migration,1
eye,1
bark,1
groundstone,1
balsas,1
skeletonized,1
chooses,1
hillman,1
cutting,1
colon,1
hainesyoung,1
consistent,1
member,1
ethnobotany,1
brevicaule,1
failing,1
revisited,1
pods,1
supposedly,1
disagreement,1
endocarps,1
give,1
attempts,1
restoration,1
anomalies,1
planting,1
might,1
address,1
disturbance,1
metal,1
season,1
ears,1
anywhere,1
promoting,1
worked,1
incomplete,1
kent,1
maladaptiveness,1
rindos,1
amaranthus,1
maturation,1
experiments,1
supplied,1
damaged,1
dramatically,1
thus,1
moundville,1
shaped,1
andrew,1
agronomy,1
scientists,1
explores,1
sedimentation,1
azul,1
correspondingly,1
includes,1
isozyme,1
reasons,1
stanish,1
confusion,1
monitor,1
differences,1
potentially,1
follows,1
revived,1
denevan,1
transferred,1
reed,1
sinkhole,1
disfavor,1
claw,1
onto,1
retractions,1
genus,1
take,1
niche,1
inland,1
yucatan,1
jill,1
nm,1
madre,1
biosystematics,1
improving,1
sacred,1
concepts,1
proprietary,1
liticai,1
diversify,1
texana,1
iroquoians,1
hohokanv,1
manipulate,1
johns,1
visibility,1
papers,1
designs,1
toragers,1
cherry,1
weighing,1
proposals,1
depends,1
coevolutionary,1
issue,1
takes,1
existence,1
coprolites,1
assumed,1
moisture,1
lam,1
recorded,1
autonomous,1
bird,1
modify,1
task,1
conditioned,1
discuss,1
twist,1
representations,1
reanalysis,1
account,1
discrepancies,1
logical,1
cooperation,1
condition,1
tracing,1
illustrate,1
zuni,1
archaeobotany,1
fritz,1
alter,1
moseley,1
hawkes,1
west,1
stratigraphy,1
occurring,1
combination,1
variations,1
combine,1
reflecting,1
events,1
eliminating,1
cited,1
yuqui,1
establishes,1
constrained,1
undoubtedly,1
hierve,1
señorío,1
feldman,1
fragment,1
debouck,1
separating,1
sanchez,1
surplus,1
exist,1
piedmont,1
regarding,1
cç,1
retaining,1
centralized,1
alban,1
examining,1
dependence,1
osceola,1
harcourt,1
relationships,1
fraterna,1
iltis,1
reclaim,1
proceeded,1
explained,1
component,1
ckll,1
quality,1
pursue,1
piperno,1
supports,1
tehuacan,1
analyzing,1
sediment,1
accepts,1
peter,1
millennium,1
agreeing,1
nutrient,1
dismisses,1
codex,1
eleazer,1
quantifying,1
leaf,1
adams,1
cf,1
preparation,1
sample,1
residences,1
expected,1
lessening,1
vegetative,1
z,1
learning,1
forced,1
wiley,1
thereof,1
cases,1
developments,1
collections,1
adopted,1
self,1
clark,1
places,1
paleodiet,1
refer,1
neitzel,1
ear,1
hayami,1
redefined,1
attested,1
columbia,1
groube,1
itza,1
suitable,1
lost,1
brace,1
kumeyaay,1
agranan,1
spielmann,1
waterlogged,1
glume,1
constant,1
aliphat,1
qochas,1
y,1
geological,1
archaeologist,1
flood,1
look,1
occidental,1
bennett,1
skins,1
tentatively,1
terminated,1
apparently,1
wet,1
disruptions,1
deindigenous,1
generation,1
ortloff,1
master,1
continuity,1
error,1
acrocomia,1
oj,1
failed,1
divergence,1
opposed,1
huaca,1
fort,1
what,1
avoids,1
legitimation,1
veiy,1
played,1
russian,1
act,1
vorsila,1
ways,1
systematized,1
centered,1
researchin,1
debated,1
sw,1
midwest,1
olmec,1
phosphate,1
goes,1
coprolite,1
dealt,1
northland,1
dp,1
determining,1
location,1
arboriculture,1
physiology,1
amazonian,1
viewed,1
payson,1
fat,1
assuming,1
special,1
cave,1
tansy,1
animals,1
requiring,1
milkvetch,1
az,1
priorities,1
means,1
experimenting,1
references,1
arid,1
candidate,1
monumental,1
interdependence,1
alaskan,1
coevolution,1
cocos,1
vigna,1
les,1
occupational,1
established,1
lacandon,1
benefits,1
specialization,1
cellulose,1
grains,1
india,1
peasant,1
dated,1
irreversible,1
duccio,1
proved,1
producers,1
alluded,1
days,1
numbers,1
receiving,1
harvested,1
geographen,1
tectonics,1
mary,1
argued,1
reexamined,1
too,1
jicama,1
iva,1
supplementary,1
additional,1
shorter,1
albuquerque,1
continual,1
polar,1
linkage,1
isolation,1
modeled,1
position,1
evaluation,1
stark,1
homegardens,1
unilineal,1
archaeomagnetic,1
important,1
reintroduce,1
dispersion,1
numerical,1
dependency,1
reclassified,1
chilies,1
tuberous,1
conquest,1
experimentation,1
hopefully,1
descriptive,1
ranges,1
diachronic,1
uses,1
result,1
hafted,1
advance,1
storerooms,1
geoffrey,1
questioned,1
arrival,1
bearing,1
veloping,1
carrying,1
public,1
ruraldevelopment,1
demise,1
total,1
doolittle,1
pulse,1
baton,1
ambiguity,1
missouri,1
centers,1
lived,1
mustard,1
changed,1
endicott,1
demands,1
paleodietary,1
sedentary,1
rebuttal,1
intermediary,1
relate,1
monitoring,1
biomolecular,1
fuel,1
brake,1
glacial,1
macrocarpus,1
archaeofaunal,1
guatemala,1
density,1
handbook,1
graybill,1
artefact,1
traits,1
elemental,1
subsisted,1
crc,1
promoters,1
bend,1
metalworking,1
leonard,1
yucatán,1
burial,1
moore,1
intensity,1
dispersal,1
scale,1
lathrap,1
baltimore,1
otherwise,1
wealth,1
whale,1
hypothetical,1
explored,1
approached,1
instrumental,1
multidisciplinar,1
dwellers,1
overpopulation,1
zapotee,1
blake,1
sedentism,1
hopkins,1
near,1
zola,1
experiment,1
because,1
chiapas,1
failure,1
watershed,1
none,1
flannery,1
allocation,1
basis,1
relatives,1
line,1
accomplishment,1
formerly,1
arrowroot,1
planning,1
scope,1
residents,1
received,1
cytological,1
comprises,1
del,1
locus,1
interface,1
claim,1
debatable,1
dweyer,1
later,1
competing,1
pajarito,1
casa,1
proportions,1
apparent,1
cob,1
maguey,1
inorganic,1
chufa,1
elizabeth,1
popper,1
sillen,1
realm,1
gave,1
peaked,1
database,1
tumamoc,1
intermediate,1
refined,1
cane,1
archeology,1
subarea,1
shading,1
relevance,1
jo,1
aztec,1
parasitology,1
deena,1
midwestern,1
lifeways,1
accretionary,1
cohune,1
away,1
overviews,1
rise,1
formations,1
entered,1
believes,1
compact,1
malanga,1
manage,1
alan,1
interpreted,1
subspecies,1
breakdown,1
predictive,1
famine,1
grassroots,1
attributed,1
following,1
refuse,1
bodies,1
regions,1
related,1
citing,1
whorles,1
agriculturally,1
oriental,1
aided,1
depositional,1
excavated,1
brush,1
esculenta,1
viable,1
successful,1
caused,1
level,1
working,1
cold,1
laborious,1
shaping,1
stage,1
tested,1
next,1
grass,1
villagers,1
longman,1
le,1
interacting,1
weakness,1
stereological,1
precontact,1
lords,1
emerging,1
event,1
specifically,1
family,1
accomplished,1
concerns,1
highly,1
prominent,1
grow,1
zea,1
cool,1
dramatic,1
gene,1
decline,1
ericson,1
panamanian,1
portions,1
tended,1
viola,1
annual,1
paleoecology,1
scott,1
offspring,1
progress,1
extracted,1
dependent,1
productivity,1
gómezpompa,1
macroptilium,1
ramenofsky,1
structured,1
reflected,1
appropriate,1
newly,1
searches,1
up,1
dorweiler,1
geotimes,1
pinyon,1
massive,1
casts,1
avoid,1
jeffrey,1
fcrythroxytaceaej,1
hontoon,1
nations,1
paleoeco,1
barbara,1
cite,1
annuus,1
morphology,1
therefore,1
tamale,1
tasks,1
highlights,1
archaeobgical,1
ladizinsky,1
habitats,1
intestinal,1
onset,1
matter,1
variety,1
curves,1
mesa,1
architecture,1
catchment,1
impacts,1
archaeomagnetism,1
concede,1
separation,1
synthesis,1
poindigenous,1
brian,1
comparative,1
barley,1
reinterpreted,1
schemes,1
cloud,1
corporation,1
legumes,1
vavilov,1
unconsciously,1
female,1
exception,1
rebuttals,1
extreme,1
concern,1
apatite,1
etc,1
rossingnol,1
allen,1
still,1
cultivar,1
reappraisal,1
says,1
intervention,1
make,1
garden,1
surviving,1
indicates,1
experiences,1
builders,1
drilled,1
copan,1
utilization,1
settings,1
seemingly,1
tends,1
direction,1
cultivare,1
southeast,1
scarcity,1
downplay,1
mexicanos,1
sinagua,1
simultaneous,1
competition,1
relied,1
elaboration,1
victor,1
abundances,1
contribute,1
fit,1
suited,1
makes,1
marginal,1
older,1
thought,1
optimally,1
soon,1
precolumbian,1
array,1
repair,1
columbus,1
fifth,1
restricted,1
challenged,1
us,1
antiauitv,1
matson,1
included,1
lowland,1
lacandonica,1
fernanda,1
demonstrates,1
accelerated,1
cooke,1
btone,1
cuello,1
rinds,1
emigrate,1
wisconsin,1
mixtee,1
rojas,1
containing,1
reports,1
reliance,1
compounds,1
botanists,1
skeletons,1
declining,1
useful,1
nonnative,1
seasonally,1
acorn,1
niles,1
aspect,1
layton,1
challenge,1
phasolin,1
oeiore,1
stated,1
fell,1
mark,1
again,1
stating,1
lennstrom,1
academy,1
pointed,1
procured,1
accumulates,1
hydrological,1
addition,1
towards,1
incorporates,1
communal,1
locational,1
bordering,1
microenvironements,1
luis,1
turner,1
chisholm,1
donaghue,1
head,1
arising,1
carbonized,1
striking,1
pastoralism,1
microeconomic,1
unidentified,1
occupations,1
mesoamericans,1
frost,1
orion,1
regulation,1
agroengineering,1
lycopersicon,1
eruptions,1
mummy,1
enable,1
practical,1
upgrading,1
yams,1
antonio,1
hugh,1
los,1
doubt,1
considerable,1
removal,1
anne,1
chiefdom,1
mesoamenca,1
forms,1
never,1
reproductive,1
readers,1
outside,1
took,1
montaro,1
ecodevelopment,1
consciously,1
tales,1
thousands,1
manner,1
innovative,1
unit,1
intersite,1
moche,1
continuing,1
developing,1
archaeobotanical,1
coercion,1
relevant,1
karl,1
hectares,1
less,1
coincident,1
venezuela,1
necessary,1
patty,1
practice,1
homegarden,1
above,1
kinbased,1
reconstructing,1
discard,1
flint,1
hays,1
earle,1
assemblage,1
cedar,1
valleys,1
convenient,1
anticipate,1
ethnobotanical,1
multidisciplinary,1
degree,1
fc,1
private,1
horizon,1
wilderness,1
disease,1
survive,1
intent,1
pakaq,1
considering,1
tulane,1
innovation,1
range,1
chijra,1
fedtck,1
values,1
locate,1
miksicek,1
demonstration,1
scatter,1
garaycochea,1
sixth,1
judge,1
knusel,1
infusions,1
samples,1
elite,1
mosaic,1
europeans,1
gut,1
oscillation,1
varying,1
empirical,1
paleofeces,1
controlling,1
asian,1
expression,1
combining,1
tewa,1
peyona,1
rivers,1
sequence,1
reservoirs,1
chontal,1
rare,1
engineers,1
cnange,1
marcos,1
chosen,1
purposeful,1
previous,1
parasitic,1
precursor,1
eleventh,1
unsuited,1
dahlin,1
stratification,1
prospects,1
described,1
clearing,1
trade,1
low,1
allozyme,1
similar,1
nickolay,1
landsat,1
discovered,1
transformation,1
reality,1
modem,1
jose,1
authors,1
stress,1
comprehensive,1
op,1
nut,1
obtaining,1
points,1
health,1
gideon,1
supportive,1
maintenance,1
blankets,1
logic,1
pulltrouser,1
crucillo,1
co,1
travels,1
radar,1
individual,1
christopher,1
defensive,1
fruitcases,1
started,1
socionatural,1
reviewers,1
genetics,1
helpful,1
ny,1
euphytica,1
seltzer,1
tieszen,1
cache,1
farms,1
collected,1
distinction,1
dry,1
vegetation,1
offer,1
probable,1
southcentral,1
interacted,1
improved,1
black,1
subsect,1
came,1
califomians,1
arundinacea,1
avocado,1
minnis,1
margin,1
signatures,1
labels,1
maison,1
article,1
floral,1
paleohydraulic,1
dr,1
relation,1
specialize,1
wittfogeps,1
assessing,1
shallow,1
blanton,1
incompatible,1
agave,1
shied,1
spectrometric,1
hierarchical,1
likelihood,1
corners,1
wills,1
oak,1
paleolimnology,1
ethnohistory,1
intrasettlement,1
accretional,1
versus,1
semidomesticated,1
penon,1
relative,1
connections,1
inupiat,1
joint,1
tenuous,1
propose,1
regimes,1
opposite,1
widely,1
examines,1
emily,1
hunt,1
clusters,1
separate,1
limiting,1
hindered,1
space,1
chapters,1
veracruz,1
alters,1
environs,1
christian,1
modification,1
geoscience,1
dual,1
norr,1
chances,1
publishing,1
note,1
icehouse,1
bureau,1
processed,1
stream,1
tèhuacan,1
traces,1
staples,1
ideology,1
groves,1
esculentus,1
spindle,1
warnockü,1
posteruption,1
upham,1
infection,1
celebration,1
edule,1
alternate,1
lines,1
thermal,1
recognizes,1
watson,1
enso,1
sauer,1
independence,1
vzn,1
success,1
coconoboy,1
rethinking,1
parasitological,1
render,1
proposition,1
grasshopper,1
degenerative,1
sequences,1
remaining,1
originated,1
ditched,1
covering,1
determinative,1
lipids,1
heidi,1
merwe,1
life,1
settled,1
ditching,1
surprising,1
frontier,1
proportionally,1
galisteo,1
wives,1
interpretive,1
mother,1
types,1
shitting,1
articles,1
edulis,1
problematic,1
heather,1
eugene,1
documenting,1
seat,1
biology,1
lancandón,1
distributional,1
stephen,1
ceren,1
recipient,1
achira,1
suggestions,1
sayil,1
variable,1
deposited,1
heavy,1
then,1
any,1
mutuahstic,1
coat,1
cultivars,1
believed,1
dispersed,1
reviewing,1
niño,1
sloping,1
exemplified,1
mentioned,1
version,1
psychoactive,1
grand,1
complexes,1
mutualistic,1
simply,1
extensive,1
ever,1
solanum,1
economically,1
hypothesized,1
characteristics,1
symbolic,1
slope,1
rival,1
constructed,1
gumerman,1
batatas,1
reconnaissance,1
perhaps,1
darwin,1
schoeninger,1
electrophoretic,1
guilford,1
organizational,1
here,1
sustained,1
acknowuedgments,1
clement,1
set,1
berkeley,1
salvia,1
chavm,1
colonization,1
each,1
bueno,1
chacoan,1
chemosystematics,1
milligrams,1
interciencia,1
paper,1
cultures,1
ancestor,1
worth,1
coupling,1
crites,1
east,1
setting,1
exploration,1
penan,1
scenario,1
domestic,1
terraced,1
entering,1
bolivian,1
denver,1
relocate,1
selectionist,1
macroplant,1
lagoons,1
edible,1
amid,1
benefit,1
hundred,1
interconnection,1
associations,1
hilltops,1
unrealized,1
las,1
reintroducing,1
innumerable,1
u,1
pumpkins,1
plantago,1
emerges,1
alluvial,1
evident,1
hint,1
elena,1
biogeography,1
basketmakcr,1
cautions,1
treatments,1
subgenus,1
unlikely,1
identifiable,1
ruins,1
ventana,1
recession,1
notable,1
proceedings,1
investigation,1
biomechanical,1
wilken,1
spatial,1
them,1
implicit,1
whether,1
terms,1
aly,1
aiding,1
namely,1
ones,1
cab,1
rising,1
cause,1
pertinent,1
add,1
proven,1
hoped,1
saint,1
inputs,1
silviculture,1
forma,1
mononghela,1
cooccurrence,1
reopened,1
meneio,1
weights,1
healthy,1
projection,1
lukurmata,1
noticed,1
observations,1
incaic,1
oxygen,1
eighmy,1
virginia,1
doran,1
chibcha,1
art,1
size,1
peoples,1
popular,1
vessels,1
diagenesis,1
sect,1
nudge,1
loy,1
lagenaria,1
preserved,1
ill,1
affecting,1
ohio,1
phaseolin,1
introduced,1
extending,1
despite,1
revolutions,1
lucille,1
confirm,1
beer,1
siphon,1
statecraft,1
regulate,1
easy,1
mutualism,1
maygrass,1
step,1
cash,1
assumptions,1
sheets,1
sechium,1
conventional,1
vast,1
harvesting,1
navarrete,1
nonagricultural,1
reconstruct,1
hydrogen,1
darwinism,1
colonial,1
phenomenon,1
watering,1
pole,1
evidenced,1
definitions,1
diverged,1
goals,1
harrison,1
accretive,1
varied,1
terminal,1
liest,1
prepared,1
northeast,1
layers,1
meatless,1
anthropohast,1
agroecosystem,1
survival,1
defends,1
biotic,1
asn,1
disposal,1
intensified,1
advent,1
finding,1
quest,1
contract,1
biochemical,1
decrease,1
twentieth,1
institutional,1
chemical,1
washington,1
aqueduct,1
bioscience,1
hurt,1
motives,1
contributed,1
grobman,1
move,1
approximately,1
instead,1
grown,1
integrated,1
correlated,1
buikstra,1
enabling,1
peninsular,1
folan,1
clearest,1
basketmaker,1
maritime,1
altiplano,1
impervious,1
ciudad,1
proposes,1
raging,1
off,1
caribbean,1
limitations,1
puütrouser,1
sexuality,1
oldest,1
impacted,1
ivanovich,1
translated,1
anonymous,1
moved,1
flora,1
specific,1
mounting,1
hydraulics,1
irrigated,1
sinkholes,1
artisan,1
tood,1
rest,1
achene,1
elites,1
reached,1
jeny,1
create,1
gainesville,1
maximum,1
exclusively,1
predictable,1
documentary,1
utah,1
divergent,1
focus,1
viru,1
cornbelt,1
assume,1
broader,1
oí,1
indicating,1
shifted,1
sculptured,1
portrait,1
gran,1
retention,1
looking,1
perpetual,1
osteoarthritic,1
