WORDCOUNTS,WEIGHT
the,933
and,766
of,754
in,566
to,280
a,224
production,167
that,141
p,118
j,116
as,109
power,108
for,107
craft,106
at,104
exchange,103
was,93
this,87
from,80
nasca,77
were,77
pp,75
de,74
is,66
moche,64
on,64
american,63
political,62
these,61
have,60
with,59
m,58
ideology,58
elites,57
c,56
by,55
goods,55
i,51
early,51
an,50
their,49
archaeological,47
andean,47
evidence,47
k,46
tiwanaku,45
l,44
r,44
ceramics,43
are,42
university,41
through,39
societies,38
been,38
archaeology,37
elite,37
such,36
andes,36
state,36
pottery,35
la,35
d,35
wari,34
emerging,34
they,33
ceramic,33
springer,33
be,33
development,32
archaeol,32
region,32
res,32
journal,30
social,30
antiquity,30
center,29
s,29
latin,29
w,29
late,29
or,29
new,29
it,28
peru,28
research,28
formative,28
one,27
no,27
important,27
ancient,27
materialized,27
anthropological,27
used,26
period,26
society,25
between,25
titicaca,25
ritual,24
local,24
h,23
b,23
symbols,23
its,23
while,23
there,22
prehispanic,22
g,22
t,22
more,22
empire,22
e,21
et,21
has,21
middle,21
chavín,21
because,20
intermediate,20
economic,20
can,20
not,20
leaders,20
art,20
other,19
found,19
y,19
coast,19
which,19
recent,19
basin,18
into,17
site,17
directly,17
horizon,17
museum,17
southern,17
religious,17
where,17
who,17
complex,16
ana,16
may,16
iconography,16
polychrome,16
obsidian,16
economy,16
prestige,16
central,15
study,15
organization,15
most,15
feasts,15
south,15
material,15
analysis,15
north,15
archeological,14
ceremonial,14
valley,14
groups,13
exotic,13
chavin,13
than,13
how,13
en,13
objects,13
specialization,13
produced,13
sociopolitical,13
also,13
critical,13
see,13
we,13
science,13
control,13
anthropology,13
emergence,13
imperial,13
specialists,13
tied,12
elaborate,12
access,12
bc,12
people,12
status,12
when,12
two,12
feasting,12
understanding,12
crafts,12
huántar,12
northern,12
relationship,12
associated,12
domestic,12
very,12
both,12
major,12
inka,11
source,11
within,11
ad,11
excavations,11
sites,11
indigenous,11
during,11
suggest,11
highly,11
many,11
responsible,11
over,11
foundations,11
suggests,11
first,10
all,10
nature,10
textiles,10
u,10
some,10
economies,10
pera,10
highlands,10
importance,10
n,10
had,10
part,10
workshops,10
smithsonian,10
legitimize,10
architecture,10
located,10
materialization,10
time,10
compositional,10
own,10
lake,10
artisans,10
workshop,10
institution,10
what,10
cambridge,10
archaeologists,9
cerro,9
those,9
case,9
throughout,9
large,9
fig,9
raw,9
based,9
centers,9
appears,9
gallery,9
technology,9
perspectives,9
culture,9
department,9
trade,9
just,9
particular,9
utilitarian,9
vessels,9
role,9
national,9
states,9
focus,9
building,9
highland,8
context,8
key,8
inca,8
controlled,8
labor,8
developed,8
coercive,8
metal,8
networks,8
ot,8
provided,8
f,8
related,8
materials,8
do,8
tne,8
strategies,8
made,8
use,8
would,8
crafted,8
provide,8
relations,8
force,8
current,8
form,8
urban,8
world,8
consumption,8
themselves,8
tend,7
stone,7
studies,7
contexts,7
el,7
fineware,7
bolivia,7
rather,7
coastal,7
direct,7
distant,7
means,7
appear,7
prehistoric,7
cultural,7
wealth,7
universidad,7
unequal,7
regions,7
least,7
field,7
small,7
several,7
villages,7
activities,7
grande,7
interactions,7
included,7
ethnographic,7
pampa,7
perhaps,7
them,7
distribution,7
materializing,7
argues,7
interaction,7
iowa,6
kinds,6
position,6
could,6
resources,6
human,6
relatively,6
huaca,6
impetus,6
similar,6
shell,6
supervised,6
established,6
events,6
reinforce,6
applied,6
well,6
artifacts,6
work,6
example,6
feast,6
good,6
change,6
disparate,6
results,6
san,6
limited,6
movement,6
but,6
water,6
pennsylvania,6
outside,6
v,6
manufactured,6
identity,6
food,6
andines,6
hyperfine,6
maintenance,6
spondylus,6
systems,6
hierarchical,6
bulletin,6
seen,6
itself,6
evolution,6
finance,6
past,6
phd,6
agricultural,6
produce,6
attempted,6
archaic,6
does,5
corporate,5
sources,5
isla,5
principal,5
international,5
household,5
centralized,5
santa,5
given,5
items,5
perspective,5
wares,5
caravans,5
served,5
even,5
influence,5
york,5
institutionalized,5
support,5
facilitated,5
argued,5
beyond,5
undertaken,5
initial,5
residential,5
dumbarton,5
sculpture,5
los,5
revealed,5
place,5
demonstrates,5
rituals,5
regional,5
polity,5
interregional,5
del,5
peruvian,5
contrast,5
settlement,5
llama,5
texas,5
quispisisa,5
variety,5
pilgrimage,5
depicted,5
pisco,5
drink,5
efforts,5
pattern,5
controlling,5
played,5
ann,5
arbor,5
moquegua,5
vaughn,5
primarily,5
un,5
often,5
nacional,5
aspiring,5
complexity,5
intensification,5
cultures,5
specialized,5
iron,5
turned,5
according,5
making,5
français,5
attached,5
became,5
copper,5
our,5
intensified,5
instead,5
little,5
much,5
o,4
if,4
propuestas,4
sphere,4
group,4
ayacucho,4
offerings,4
ways,4
history,4
occurred,4
inequality,4
tiza,4
implications,4
emerged,4
suggesting,4
display,4
last,4
chiefdoms,4
california,4
british,4
discuss,4
preceramic,4
austin,4
variations,4
supervision,4
icons,4
collapse,4
since,4
old,4
lancho,4
crafting,4
high,4
cahuachi,4
without,4
after,4
metallurgy,4
lima,4
ideologies,4
mayal,4
additional,4
origins,4
required,4
dc,4
location,4
portable,4
iconographie,4
focused,4
chicama,4
recently,4
sacrifice,4
near,4
aspects,4
colonies,4
basis,4
schreiber,4
goldstein,4
knowledge,4
positions,4
steward,4
sponsors,4
using,4
und,4
am,4
periods,4
various,4
community,4
once,4
thought,4
under,4
specimens,4
al,4
galgada,4
bar,4
rise,4
cerámica,4
pukara,4
fragments,4
establish,4
less,4
style,4
another,4
demonstrated,4
discussion,4
examples,4
including,4
engaged,4
ties,4
three,4
huarpa,4
stages,4
administrative,4
provides,4
especially,4
article,4
anthropologist,4
table,4
series,4
known,4
physical,4
here,4
different,4
did,4
linked,4
build,4
las,4
whether,4
maintain,4
map,4
arqueología,4
theory,4
multiple,4
transition,4
ecuador,4
ores,4
bawden,4
include,4
integrated,4
correlated,4
inequalities,4
paracas,4
text,4
now,3
way,3
introduction,3
distributed,3
contemporaneous,3
settlements,3
essays,3
ma,3
approximate,3
ethnoarchaeological,3
before,3
women,3
either,3
avenues,3
valle,3
anu,3
europe,3
tradition,3
reasons,3
analyses,3
styles,3
sacred,3
marine,3
raised,3
investigations,3
classic,3
system,3
geochemical,3
autonomous,3
iv,3
me,3
agriculture,3
zur,3
strombus,3
x,3
far,3
along,3
surplus,3
neutron,3
includes,3
relationships,3
village,3
scarce,3
interest,3
chiripa,3
clay,3
elements,3
refer,3
convincing,3
oxford,3
media,3
civilization,3
authority,3
whose,3
process,3
approaches,3
associate,3
burials,3
maintaining,3
monumental,3
legitimizing,3
prehistory,3
locally,3
proposed,3
four,3
textile,3
powerful,3
method,3
vergleichenden,3
providing,3
view,3
result,3
closely,3
bearing,3
route,3
pacha,3
out,3
commoners,3
evaluate,3
embedded,3
further,3
occupation,3
record,3
gained,3
pedro,3
literature,3
imitations,3
approach,3
successful,3
long,3
chan,3
beiträge,3
core,3
mossbauer,3
activation,3
press,3
he,3
populations,3
imagery,3
tropical,3
collapsed,3
strategic,3
corpus,3
about,3
accumulate,3
yet,3
incipient,3
nonlocal,3
restricted,3
same,3
reports,3
only,3
routes,3
prieta,3
nazca,3
fundamental,3
areas,3
attempting,3
figurines,3
conchopata,3
discussed,3
took,3
precinct,3
innovative,3
allgemeinen,3
existing,3
pacheco,3
origin,3
intensify,3
number,3
maya,3
polities,3
producción,3
chiefly,3
previously,3
valdez,3
significant,3
survey,3
individuals,3
weaving,3
landscapes,3
clear,3
galindo,3
characterized,3
so,3
ñawpa,3
abundant,3
southwest,3
taraco,3
monuments,3
visual,3
life,3
why,3
construction,3
surprising,3
composed,3
necessary,3
then,3
comes,3
mentioned,3
must,3
demonstrate,3
temple,3
sourcing,3
defining,3
garagay,3
ui,3
argue,3
regard,3
cities,3
rural,3
type,3
proceedings,3
periphery,3
annual,3
colonial,3
maintained,3
question,3
oi,3
chile,3
models,3
although,3
paraphernalia,3
remains,3
increased,3
snr,3
boletín,3
substantial,3
traditional,3
famous,3
roles,3
courts,2
final,2
emulate,2
intimately,2
currently,2
brumfiel,2
obligations,2
later,2
imported,2
integrating,2
wa,2
determine,2
conducted,2
rick,2
nonkin,2
rciu,2
designed,2
formed,2
summaries,2
chivay,2
exotica,2
ore,2
decade,2
preindustrial,2
paper,2
finely,2
shimada,2
ingenio,2
themes,2
efficacy,2
accumulation,2
being,2
specifically,2
creation,2
interests,2
exclusive,2
jequetepeque,2
address,2
meaning,2
worked,2
gary,2
archäologie,2
skills,2
daily,2
alca,2
stanish,2
thank,2
differences,2
confirming,2
potentially,2
torres,2
closer,2
reveal,2
polychromes,2
reserved,2
dd,2
producing,2
expedition,2
takes,2
described,2
sophisticated,2
east,2
america,2
vol,2
politics,2
establishing,2
feinman,2
powers,2
fine,2
taking,2
fluorescence,2
bowls,2
xauxa,2
phase,2
royal,2
review,2
chiefs,2
blades,2
nn,2
due,2
intensifying,2
hierarchy,2
characteristic,2
mixed,2
allure,2
adopted,2
pacajes,2
sample,2
ai,2
turn,2
feathers,2
gaceta,2
cases,2
anripnt,2
distinct,2
nor,2
ancón,2
dates,2
compared,2
kinship,2
single,2
kolata,2
bottles,2
look,2
apparently,2
luna,2
leadership,2
sodalite,2
stela,2
poorly,2
mechanism,2
prehistóricas,2
mechanisms,2
via,2
philadelphia,2
recognized,2
subsistence,2
una,2
cult,2
excavators,2
opportunities,2
developments,2
certain,2
entre,2
parts,2
contributions,2
special,2
space,2
ocupación,2
guanéala,2
possibly,2
drue,2
image,2
organized,2
sipán,2
russell,2
elsewhere,2
producers,2
economics,2
age,2
commonly,2
recovered,2
lithic,2
cotton,2
organisation,2
peninsula,2
decades,2
molds,2
irrigation,2
expressed,2
céspedes,2
pucp,2
years,2
changed,2
output,2
scenes,2
shared,2
pataraya,2
facilitate,2
pajonal,2
chavûi,2
base,2
guilds,2
extracting,2
understood,2
reviews,2
metalworking,2
venue,2
florero,2
uceda,2
public,2
nonportable,2
scene,2
technical,2
spheres,2
line,2
data,2
reader,2
characterization,2
apparent,2
tombs,2
uc,2
dietler,2
clientage,2
documented,2
personal,2
away,2
believes,2
fieldwork,2
artifact,2
washington,2
alliance,2
trends,2
attributed,2
lhe,2
ochatoma,2
staple,2
published,2
distances,2
administrators,2
alto,2
discourse,2
inextricably,2
mound,2
few,2
wider,2
presence,2
up,2
provenance,2
value,2
will,2
leche,2
camelid,2
absence,2
andina,2
van,2
estilo,2
comparative,2
middlerange,2
object,2
make,2
marcaya,2
indicates,2
sponsored,2
para,2
hoe,2
pacific,2
caravan,2
esoteric,2
borrowed,2
chronology,2
antiauitv,2
commoner,2
complete,2
promotes,2
weavers,2
bandy,2
volume,2
actually,2
organizations,2
majority,2
toward,2
others,2
motifs,2
communal,2
fact,2
lack,2
explores,2
wide,2
cochabamba,2
together,2
diverse,2
farming,2
end,2
cayman,2
segmentary,2
forms,2
procurement,2
philippine,2
everyday,2
increases,2
kembel,2
nf,2
demarrais,2
compounds,2
isbell,2
acari,2
frequency,2
entity,2
interpreting,2
original,2
analyzed,2
exploring,2
situated,2
rulers,2
discovery,2
upon,2
range,2
silverman,2
ruling,2
samples,2
medium,2
determining,2
excavaciones,2
resulting,2
ethnic,2
processes,2
actual,2
chosen,2
ceremonies,2
rrom,2
dating,2
sunken,2
low,2
open,2
stelae,2
directed,2
decorated,2
held,2
general,2
individual,2
function,2
earlier,2
latter,2
valued,2
arqueológica,2
methods,2
overcome,2
acquire,2
structure,2
dominance,2
browman,2
attention,2
increasing,2
processed,2
continued,2
crucial,2
usually,2
vertical,2
lines,2
florescence,2
widespread,2
detailed,2
transformation,2
wan,2
fall,2
frontier,2
wives,2
types,2
centuries,2
get,2
imperialism,2
nonstratified,2
exchanged,2
considered,2
linares,2
fertility,2
differentiated,2
earliest,2
practice,2
growing,2
baúl,2
extensive,2
lambayeque,2
costin,2
occupational,2
sherds,2
der,2
berkeley,2
época,2
interested,2
capital,2
best,2
pigment,2
school,2
matos,2
surpluses,2
ethnically,2
references,2
cahokia,2
getting,2
extract,2
vehicle,2
alcohol,2
finished,2
nj,2
potters,2
city,2
practices,2
estudio,2
beer,2
develop,2
convinced,2
jv,2
manufacturing,2
îâ,2
gain,2
terminal,2
devoted,2
argument,2
stratification,2
mode,2
contributed,2
salt,2
define,2
manufacture,2
altiplano,2
integration,2
puquios,2
presenting,2
chavez,2
association,2
ponce,2
reformation,2
vessel,2
km,2
prospects,2
rejection,2
justify,2
reached,2
create,2
utah,2
strong,2
among,2
technological,2
shifted,2
gold,2
heterogeneous,2
torest,1
nicholas,1
nousenoia,1
carved,1
difficult,1
go,1
bodenzeichnungen,1
hub,1
produces,1
done,1
céramique,1
situate,1
iconograpny,1
institut,1
common,1
inlaid,1
yji,1
concerned,1
stylistic,1
develops,1
generous,1
tropics,1
functional,1
represent,1
jampatilla,1
archeologia,1
widening,1
environmental,1
kitchens,1
centros,1
intriguing,1
foraging,1
red,1
resided,1
òponayius,1
ultimate,1
considerably,1
notably,1
manuscript,1
per,1
passing,1
reminding,1
residences,1
périodes,1
expression,1
postcollapse,1
iiaava,1
uiscuursc,1
ample,1
effective,1
enhance,1
maize,1
remind,1
likely,1
convertible,1
sets,1
specjroscopy,1
cuzco,1
completely,1
liucaca,1
drawings,1
molinos,1
linde,1
upheaval,1
modern,1
favor,1
neutronica,1
monolithic,1
former,1
snripfv,1
trace,1
khonkho,1
excavation,1
offshore,1
minor,1
pose,1
cornell,1
ae,1
fragile,1
pots,1
regime,1
cultura,1
nuevas,1
chapdelaine,1
chief,1
rainfed,1
vallee,1
facets,1
contact,1
ìaeoiogy,1
hohokam,1
test,1
lower,1
anything,1
suiter,1
explaining,1
jb,1
inc,1
lexington,1
chacmool,1
normalize,1
certainly,1
roman,1
fifteenth,1
om,1
setting,1
animas,1
anthronoloav,1
give,1
etnografiska,1
military,1
statecraft,1
pampas,1
season,1
instrumentos,1
gourds,1
articulate,1
chaco,1
approacn,1
seems,1
orno,1
experiments,1
pmcc,1
intricately,1
aforementioned,1
definition,1
brisk,1
leading,1
paramount,1
advantage,1
warm,1
accompanied,1
cummings,1
desire,1
great,1
disproportionate,1
farmers,1
anaean,1
pretense,1
sanginés,1
oyster,1
studied,1
able,1
quotidian,1
galería,1
uncovered,1
hunting,1
intercambio,1
dom,1
take,1
reproduction,1
efficiently,1
aeatn,1
pauketat,1
caractérisation,1
watercraft,1
andinas,1
written,1
greatly,1
blackwell,1
precisely,1
concepts,1
administrativos,1
somewhat,1
signs,1
università,1
göteborgs,1
manuracture,1
followers,1
nodes,1
slip,1
bogotá,1
con,1
occasional,1
generosity,1
advocates,1
brief,1
existence,1
selva,1
verlag,1
recorded,1
smelting,1
arcaico,1
king,1
formulation,1
circulate,1
continuum,1
primary,1
bones,1
bases,1
incorporate,1
energetic,1
miantar,1
design,1
fniinhatinn,1
colombia,1
indirectly,1
uneven,1
distributing,1
ç,1
possible,1
origen,1
sixteenth,1
tracing,1
illustrate,1
october,1
bibliography,1
advantageous,1
vital,1
arenas,1
west,1
point,1
say,1
flatly,1
worksnup,1
unify,1
dedartment,1
agendas,1
apply,1
sobre,1
correlation,1
financed,1
brew,1
warfare,1
deserted,1
guano,1
ricostruzione,1
attract,1
valuables,1
consolidates,1
authors,1
usage,1
tribute,1
implements,1
goal,1
powerold,1
accessible,1
cnieny,1
fisherfolk,1
comments,1
widened,1
geopoli,1
nash,1
merchants,1
historically,1
dynamics,1
quality,1
sonderdruck,1
funerario,1
excepcional,1
unpublished,1
molded,1
phiiarjpinhifl,1
integral,1
aus,1
inew,1
domain,1
reflection,1
ability,1
òociopoiincai,1
durant,1
afford,1
bone,1
retainer,1
poopó,1
pigmentos,1
archáeologie,1
employing,1
insofar,1
codified,1
align,1
treasure,1
engendering,1
vault,1
interprets,1
kind,1
understandingtiwanaku,1
esa,1
clark,1
channeled,1
illuminates,1
subjects,1
contrary,1
guispisisa,1
serving,1
concert,1
pucará,1
third,1
monopolization,1
find,1
uetty,1
whorls,1
nondomestic,1
storage,1
schortman,1
geological,1
geographically,1
consequently,1
ingredient,1
critique,1
looms,1
ohase,1
oche,1
chimera,1
jviocne,1
acted,1
paleoecological,1
competitive,1
ayuda,1
continuity,1
crossroads,1
rayons,1
costa,1
phases,1
alpaca,1
oj,1
lesser,1
loyal,1
gaining,1
interesting,1
enhancing,1
manipulated,1
housed,1
legitimation,1
semideities,1
essential,1
artesanal,1
mexico,1
supernatural,1
act,1
his,1
skilled,1
principally,1
sumptuary,1
pitv,1
across,1
centered,1
dpi,1
adds,1
angeles,1
wonzon,1
justifying,1
pastores,1
landscape,1
resident,1
patronage,1
pilgrimages,1
notion,1
ofxauja,1
punto,1
opportunity,1
mocne,1
dp,1
gifting,1
connected,1
sponsor,1
tical,1
archaeometry,1
huancas,1
exemple,1
enacted,1
jm,1
tolls,1
white,1
lay,1
rules,1
productive,1
von,1
muxen,1
intensity,1
absorbed,1
precious,1
lea,1
aaooe,1
addressing,1
firing,1
liwanaku,1
reason,1
involvement,1
lives,1
empires,1
settled,1
acquisition,1
finer,1
circulated,1
klarich,1
stirrup,1
sorts,1
river,1
benefits,1
entrenched,1
clearly,1
unimportant,1
americanists,1
imitation,1
impact,1
dominate,1
additive,1
preoccupation,1
plaster,1
weak,1
hastened,1
listed,1
upper,1
benefited,1
show,1
milan,1
processions,1
digesting,1
resource,1
follow,1
efficient,1
obstacles,1
testament,1
stark,1
ceremony,1
smelted,1
terminology,1
exploitation,1
poiycnrome,1
puts,1
arcnaeometry,1
gebiet,1
metallurev,1
sacnnce,1
dominant,1
tu,1
shops,1
diálogo,1
expediency,1
management,1
goldwork,1
kenya,1
artistic,1
conquest,1
sicán,1
lerro,1
ei,1
greater,1
processing,1
moving,1
carmen,1
carving,1
identifying,1
basalt,1
blissful,1
agenda,1
lowland,1
formulations,1
harder,1
holds,1
acknowledgments,1
inherent,1
kingship,1
called,1
faceneck,1
hallucinogenic,1
craftspeople,1
epistemological,1
effort,1
lived,1
uj,1
generates,1
impediments,1
estudios,1
ocean,1
circa,1
inhalar,1
requirements,1
mesoamerican,1
symbolically,1
noting,1
illuminated,1
cupisnique,1
approximation,1
almost,1
philosophical,1
im,1
excavación,1
ceramica,1
handbook,1
left,1
hvman,1
equally,1
oklahoma,1
though,1
polishing,1
institute,1
war,1
ueiiiiiciuii,1
michigan,1
culinary,1
keywords,1
desde,1
afforded,1
etnoarqueología,1
uuici,1
spout,1
gilded,1
energy,1
metals,1
emulating,1
tension,1
instrumental,1
vehicles,1
rerez,1
operational,1
negotiated,1
tracking,1
creates,1
ynrlr,1
departamento,1
followup,1
tumbas,1
memory,1
jawira,1
silver,1
iookm,1
improve,1
provincial,1
none,1
having,1
siedlungen,1
network,1
artefacts,1
future,1
accounting,1
ancon,1
urbano,1
publish,1
residents,1
mobilization,1
peasting,1
kaolin,1
lords,1
fired,1
brought,1
fosters,1
london,1
drew,1
antiauitx,1
supreme,1
preludes,1
description,1
muña,1
restructuring,1
securing,1
desarrollo,1
realm,1
q,1
paints,1
rreceramic,1
millet,1
refined,1
editorial,1
jai,1
expansive,1
mastprrraftsmpn,1
issues,1
soutnern,1
seated,1
fruitful,1
oaks,1
samia,1
uncarved,1
williams,1
transported,1
ethnohistoric,1
surrounding,1
ppru,1
vista,1
rundschau,1
preparation,1
stanford,1
rionaa,1
ethnicity,1
incorporative,1
my,1
memoirs,1
lithics,1
alfareros,1
tejido,1
ò,1
depicting,1
substancias,1
creating,1
perú,1
kesuiis,1
giant,1
nuevos,1
working,1
manners,1
hurdles,1
shaping,1
coupled,1
josé,1
monticai,1
rrenispumc,1
rutgers,1
involved,1
around,1
transformative,1
initiating,1
characteristics,1
purdue,1
accomplished,1
concerns,1
revealing,1
bottle,1
zona,1
invaluable,1
decline,1
vacuum,1
essentially,1
distinguished,1
boundaries,1
nuaii,1
tended,1
widely,1
txcavations,1
dedicated,1
lukurmata,1
cainornia,1
progress,1
chimu,1
cardenas,1
rowman,1
odsiûian,1
jnewiy,1
tabletas,1
newly,1
preliminary,1
finds,1
sacerdotisas,1
pot,1
sitio,1
pervasive,1
valuable,1
gordon,1
kingly,1
promising,1
fiber,1
clumps,1
casts,1
vaiiey,1
smashed,1
provisioned,1
barbara,1
mochica,1
span,1
flourished,1
underscore,1
perspectivas,1
charisma,1
hosts,1
tenet,1
cirilo,1
therefore,1
pertaining,1
turquoise,1
pilgrims,1
horizons,1
feline,1
psicoactivas,1
crave,1
transform,1
zany,1
situation,1
november,1
hegemony,1
energetics,1
experiencing,1
overall,1
provenience,1
expansion,1
resisted,1
huancavelica,1
bridewealth,1
play,1
return,1
inclusive,1
islands,1
death,1
anthracite,1
reorganization,1
appearance,1
speculate,1
convince,1
reconstruction,1
tor,1
céramiques,1
crafters,1
modes,1
settings,1
cultivate,1
ware,1
innovation,1
direction,1
archaeoloev,1
southeast,1
engineering,1
needles,1
edited,1
relied,1
worm,1
par,1
sawvpt,1
makes,1
read,1
exactly,1
soon,1
precolumbian,1
counterparts,1
umvcisny,1
ia,1
combat,1
ne,1
thesis,1
clarified,1
unwin,1
benefactor,1
participants,1
homogeneous,1
fading,1
informal,1
light,1
tnwa,1
formalized,1
conventionalized,1
broad,1
hay,1
thorny,1
largest,1
already,1
parties,1
alien,1
increasingly,1
expansionist,1
picture,1
matrices,1
declining,1
regardless,1
enclaves,1
party,1
ymhuaricoto,1
members,1
funerary,1
successfully,1
eviaence,1
aspect,1
challenge,1
punas,1
beads,1
fell,1
again,1
reni,1
locating,1
specialisation,1
backed,1
towns,1
andeanists,1
projects,1
residence,1
adobe,1
smith,1
leene,1
wooden,1
persuasion,1
shows,1
longer,1
datos,1
activación,1
storing,1
alloys,1
temples,1
ninusiuii,1
intercommunication,1
pastoralism,1
instituto,1
beliefs,1
depict,1
nathan,1
abstract,1
sanctions,1
mural,1
manifested,1
cinnabar,1
feather,1
contemporary,1
doubt,1
mold,1
segmentation,1
functionally,1
man,1
never,1
disseminate,1
artisanale,1
evoke,1
arisen,1
ground,1
remarkable,1
scientist,1
model,1
discussing,1
developing,1
bead,1
ablation,1
income,1
onatrpnhpim,1
answer,1
electrónico,1
gender,1
colony,1
laden,1
focusing,1
invitation,1
woman,1
nueva,1
metropolitan,1
exceeds,1
distance,1
presuppose,1
weakly,1
assemblage,1
streets,1
explicitly,1
regionally,1
outlines,1
ecology,1
nigmanas,1
degree,1
remained,1
thousands,1
imagine,1
physique,1
extended,1
encounter,1
keros,1
indiana,1
accompanying,1
maritime,1
incidents,1
sides,1
passes,1
enormous,1
depended,1
preciosities,1
identification,1
pétrographie,1
minds,1
concern,1
monoiitns,1
entirely,1
asian,1
traded,1
earspools,1
cranial,1
unavin,1
yorkrinahiimtnn,1
congress,1
harvard,1
questions,1
trend,1
engineers,1
kingdom,1
services,1
católica,1
housing,1
morniary,1
acuipiea,1
prelude,1
full,1
previous,1
reinforcing,1
advantages,1
necessitated,1
kiln,1
students,1
underwent,1
platform,1
lavallée,1
rejected,1
significance,1
loosely,1
armas,1
miaaie,1
reality,1
lacustrine,1
jose,1
comprehensive,1
urbanism,1
points,1
lapidary,1
becauses,1
bxchange,1
spawned,1
whereby,1
symposium,1
philipp,1
reviewers,1
chillón,1
like,1
flood,1
fiesta,1
spread,1
plant,1
puno,1
palpa,1
reconstructed,1
depiction,1
collected,1
mountain,1
probable,1
households,1
uuasi,1
chicha,1
men,1
class,1
patterns,1
margin,1
facing,1
là,1
cazadores,1
promote,1
jaca,1
constructing,1
juncture,1
differently,1
relation,1
palo,1
drinking,1
land,1
blanton,1
displayed,1
probably,1
ueneeiey,1
present,1
ponery,1
nuan,1
versus,1
saw,1
rsasca,1
uamesvuie,1
tenuous,1
postwari,1
semiautonomous,1
copying,1
theorizing,1
separate,1
spttlpmpnt,1
siedlungsgeschichte,1
justin,1
primate,1
barrido,1
fifty,1
dawn,1
shashal,1
modification,1
hurdle,1
abundance,1
veneration,1
anthropologies,1
transformations,1
jnasca,1
bureau,1
npw,1
mixture,1
bulk,1
uceaa,1
five,1
guests,1
claimed,1
program,1
spindle,1
resistant,1
tà,1
uiibchan,1
prehispamc,1
began,1
geographische,1
millennia,1
understand,1
proposition,1
clays,1
monopolize,1
tiahuanaco,1
intensive,1
rapidly,1
shells,1
ceremonialism,1
indicate,1
tnivprsitv,1
displaying,1
es,1
masca,1
cajamarca,1
efficiency,1
dans,1
expectations,1
yayamama,1
achieve,1
ancash,1
comercio,1
aspirations,1
stratified,1
supporting,1
centres,1
creatures,1
diluitili,1
período,1
inaa,1
paying,1
pontificia,1
conservation,1
documenting,1
immensely,1
basm,1
tumba,1
microscopio,1
tantamayo,1
spun,1
reciprocal,1
rarely,1
suite,1
îiwanaku,1
siic,1
facilitator,1
changing,1
seafaring,1
incorporated,1
peoples,1
mercantile,1
founded,1
asentamientos,1
pern,1
simply,1
rimac,1
nonagricultural,1
constituted,1
celtic,1
ramp,1
rigidly,1
rhein,1
les,1
iä,1
temporal,1
md,1
glimpse,1
hqfirv,1
doi,1
westview,1
vasijas,1
pt,1
mocollope,1
organizational,1
offers,1
ofv,1
cover,1
chichera,1
integrative,1
hospitality,1
know,1
mantaro,1
natural,1
presuge,1
mutually,1
etnohistoria,1
principle,1
región,1
each,1
illuminate,1
readily,1
interpersonal,1
ancestor,1
ratio,1
extraction,1
sninmnn,1
innovations,1
seem,1
òoutn,1
prominence,1
dyed,1
wealthy,1
supe,1
civic,1
scenario,1
report,1
allied,1
inquiry,1
foundation,1
mezes,1
exploiting,1
particularly,1
bolivian,1
civilizaciones,1
rely,1
atacama,1
precarious,1
formas,1
identities,1
wood,1
uood,1
greenstone,1
preimperiai,1
advances,1
piuuutuuu,1
better,1
examination,1
following,1
beginning,1
pitzroy,1
commensal,1
diversified,1
day,1
bajo,1
purchase,1
heads,1
jennings,1
molino,1
combined,1
banda,1
kevin,1
terms,1
cooking,1
ones,1
usieoiogicai,1
sociology,1
procedentes,1
huari,1
urbanismo,1
conlee,1
proven,1
validate,1
forcefully,1
passed,1
tightly,1
insightful,1
thames,1
dissecting,1
require,1
secure,1
backstrap,1
cloth,1
maymi,1
mosna,1
scenarios,1
revista,1
categories,1
plata,1
paracasnasca,1
conference,1
socioeconomic,1
magnificent,1
bodies,1
mina,1
neck,1
presented,1
john,1
thereby,1
cl,1
kin,1
sea,1
vorspanische,1
elucidate,1
laser,1
balkanization,1
centro,1
variability,1
african,1
waning,1
predecessors,1
turns,1
techniques,1
envisions,1
went,1
measure,1
commodities,1
contribute,1
obtain,1
resistance,1
archéologiques,1
representation,1
wankane,1
snuff,1
think,1
varied,1
belize,1
numan,1
iberian,1
analogy,1
come,1
rirnac,1
andino,1
iiuiui,1
burger,1
promoted,1
ultimately,1
until,1
economie,1
sediments,1
differentiation,1
disseminating,1
difference,1
sialupe,1
reveals,1
solely,1
disposal,1
laraco,1
zones,1
similarity,1
ny,1
ancorn,1
illinois,1
conditions,1
florida,1
sud,1
write,1
iconografía,1
ved,1
accept,1
panazleo,1
landschaftsund,1
wish,1
yungas,1
americas,1
supportable,1
grown,1
facilitates,1
sur,1
seminomadic,1
reified,1
smaller,1
heartland,1
glass,1
modeled,1
involving,1
flocking,1
variously,1
effects,1
clues,1
crafty,1
defined,1
aiscoverea,1
await,1
pohtywide,1
bueno,1
peripheries,1
chimor,1
mainz,1
shift,1
ïâ,1
aggregated,1
agropastoral,1
summary,1
anonymous,1
thousand,1
uroan,1
supported,1
endeavors,1
potential,1
modeling,1
orchestrated,1
artisan,1
second,1
mystery,1
pumapunku,1
catamarca,1
patricia,1
partial,1
norman,1
gainesville,1
reconsideration,1
element,1
entire,1
documentary,1
pyroengraved,1
impress,1
complementarity,1
disarticulate,1
priestly,1
dedicatory,1
livestock,1
resist,1
ethnology,1
dos,1
should,1
études,1
meeting,1
oí,1
southeastern,1
indicating,1
ca,1
termed,1
portrait,1
cited,1
occur,1
arizona,1
increase,1
hypothesis,1
