WORDCOUNTS,WEIGHT
the,676
of,445
and,357
in,318
to,175
a,169
is,144
de,128
cave,124
are,120
la,106
that,84
for,82
art,69
by,68
this,67
activities,66
with,61
et,58
be,58
as,55
j,53
caves,53
at,52
can,44
concentrations,42
pp,41
galerie,39
from,38
have,38
there,37
only,37
m,36
des,35
an,34
on,33
human,32
le,32
bédeilhac,31
g,31
were,31
und,29
not,28
spatial,28
it,27
grotte,27
these,27
archaeological,26
one,25
or,25
light,25
al,25
ministère,25
which,25
springer,25
substantial,25
archaeol,24
their,24
was,24
res,24
drawing,23
between,23
all,22
analysis,22
different,21
no,21
concentration,21
sites,21
culture,21
les,21
locations,21
prehistoric,20
p,20
zone,19
portel,19
rock,19
space,19
path,18
also,18
figures,18
we,18
organization,18
same,17
two,17
they,16
first,16
other,16
due,16
remains,16
paleolithic,15
found,15
color,15
chamber,15
n,15
has,14
possible,14
fontanet,14
available,14
paris,14
use,14
been,14
der,14
dark,14
chambers,14
s,13
salle,13
research,13
qualified,13
distance,13
dans,13
scientifique,12
side,12
â,12
out,12
used,12
approach,12
time,12
bilan,12
dead,12
illuminance,12
entrance,12
into,11
du,11
network,11
people,11
movement,11
en,11
region,11
would,11
very,11
lx,11
imprints,10
than,10
orientation,10
information,10
humans,10
single,10
published,10
unknown,10
passage,10
particular,10
both,10
c,10
eye,9
within,9
some,9
basic,9
objects,9
upper,9
could,9
r,9
part,9
tallow,9
place,9
préhistorique,9
illumination,9
magdalenian,9
vidal,9
three,9
features,9
paléolithique,9
middle,9
d,9
arias,8
darkness,8
system,8
such,8
walls,8
l,8
parts,8
traces,8
based,8
location,8
basis,8
when,8
about,8
interpretation,8
another,8
с,8
least,8
carried,8
provide,8
natural,8
according,8
mode,8
consumption,8
passages,8
red,7
those,7
classified,7
since,7
daylight,7
y,7
four,7
important,7
whereas,7
distribution,7
data,7
value,7
f,7
still,7
mobilier,7
more,7
addition,7
end,7
vialou,7
höhlenkunst,7
five,7
lines,7
types,7
each,7
recherche,7
für,7
conditions,7
should,7
although,7
evidence,7
area,7
grottes,7
entire,7
tue,6
h,6
context,6
architektonische,6
supply,6
behavior,6
central,6
fig,6
diverticule,6
van,6
b,6
lascaux,6
most,6
lithic,6
illuminated,6
im,6
near,6
planning,6
even,6
its,6
during,6
perspektiven,6
sufficient,6
visible,6
structured,6
oxford,6
aux,6
but,6
where,6
chauvet,6
clottes,6
stay,6
individual,6
so,6
function,6
provides,6
galleries,6
indicate,6
university,6
integrative,6
connection,6
urban,6
jan,6
our,6
cambridge,6
themselves,6
among,6
ends,6
zones,6
archäologische,6
does,5
way,5
groups,5
bisons,5
source,5
controlled,5
simple,5
activity,5
bison,5
cabal,5
back,5
rouzaud,5
communication,5
via,5
high,5
landscape,5
junction,5
study,5
surface,5
access,5
further,5
because,5
ariège,5
projectiles,5
artifact,5
pyrenees,5
quite,5
small,5
up,5
various,5
société,5
junctions,5
terminale,5
patterning,5
lamp,5
abstract,5
new,5
do,5
centre,5
unit,5
analyzed,5
national,5
described,5
significance,5
points,5
paths,5
narrow,5
structure,5
positioning,5
bulletin,5
arte,5
climbing,5
here,5
wall,5
proposed,5
form,5
through,5
isolated,5
need,5
defined,5
frequent,4
if,4
historiques,4
e,4
center,4
large,4
garma,4
exceptions,4
long,4
aforementioned,4
feature,4
investigations,4
visibility,4
except,4
в,4
application,4
kind,4
comité,4
react,4
what,4
bégouën,4
his,4
how,4
connected,4
special,4
dominant,4
allow,4
cultural,4
cannot,4
artifacts,4
del,4
reduction,4
crawling,4
passageway,4
t,4
night,4
few,4
world,4
notes,4
units,4
scientific,4
grande,4
modes,4
serve,4
under,4
complete,4
engravings,4
toward,4
longer,4
lack,4
areas,4
travaux,4
gonzález,4
formal,4
frontières,4
relationship,4
figure,4
archaeology,4
région,4
ornée,4
un,4
detailed,4
gallery,4
quantitative,4
any,4
known,4
down,4
type,4
beginning,4
listed,4
researchers,4
level,4
using,4
au,4
caverne,4
approximately,4
include,4
ceiling,4
point,4
reached,4
perception,4
oriented,3
stylistic,3
considerably,3
distributed,3
artwork,3
terminate,3
true,3
situation,3
completely,3
bahn,3
production,3
repertoire,3
taken,3
generated,3
editions,3
definition,3
europe,3
passageways,3
к,3
room,3
hunting,3
achieved,3
iv,3
along,3
wahl,3
representations,3
relations,3
uniformity,3
palaeolithic,3
distinct,3
elements,3
perspective,3
blank,3
refer,3
ediciones,3
left,3
spite,3
details,3
master,3
without,3
terminates,3
rupestre,3
remain,3
process,3
à,3
similar,3
certain,3
entre,3
cueva,3
just,3
grundlagen,3
origins,3
followed,3
comprising,3
users,3
term,3
tools,3
absolute,3
criteria,3
well,3
directly,3
tool,3
concept,3
describe,3
reflect,3
surrounding,3
mobiliers,3
moure,3
presence,3
yielded,3
results,3
deer,3
dossiers,3
second,3
located,3
sauvet,3
weniger,3
flux,3
yet,3
boundary,3
included,3
lamps,3
many,3
fact,3
diverse,3
never,3
patterns,3
outside,3
kit,3
v,3
less,3
perhaps,3
number,3
made,3
apports,3
low,3
clear,3
documentation,3
antiquity,3
proximity,3
black,3
standard,3
artificial,3
article,3
ô,3
paléolithiques,3
comfortably,3
horse,3
principale,3
vision,3
lorblanchet,3
contrast,3
exceptional,3
dimensions,3
visual,3
graphical,3
methods,3
respect,3
extremely,3
cussac,3
environment,3
candle,3
luminous,3
precise,3
arts,3
control,3
descriptions,3
par,3
best,3
iii,3
animal,3
theory,3
influenced,3
w,3
size,3
naked,3
must,3
easy,3
intended,3
waves,3
ibex,3
smaller,3
off,3
préhistoriques,3
classification,3
needs,3
maximum,3
given,3
inventories,3
occur,3
surroundings,2
pergouset,2
meaning,2
altamira,2
volp,2
kunst,2
deduced,2
uncomplicated,2
differentiating,2
berlin,2
crossing,2
per,2
wien,2
group,2
yourself,2
partially,2
modelages,2
drawings,2
easily,2
studies,2
position,2
cavernes,2
tome,2
history,2
bend,2
culturelles,2
vézian,2
limestone,2
either,2
certainly,2
creation,2
approche,2
ii,2
colors,2
seems,2
confirmed,2
daily,2
trimmel,2
great,2
differences,2
colloque,2
follows,2
premières,2
closer,2
reveal,2
onto,2
i,2
tangible,2
intuitive,2
stand,2
signs,2
threshold,2
el,2
case,2
inconnu,2
paléontologiques,2
placement,2
solely,2
measuring,2
combination,2
cited,2
ritual,2
paleolitico,2
aphotic,2
usage,2
walnut,2
million,2
includes,2
ice,2
wandkunst,2
spectrum,2
calculated,2
interest,2
undefined,2
characteristic,2
regarded,2
ability,2
excavations,2
jahrbuch,2
concerning,2
uniformly,2
holds,2
publications,2
journal,2
look,2
р,2
tones,2
general,2
influence,2
nomenclature,2
may,2
magdalénienne,2
poor,2
recognized,2
york,2
german,2
upright,2
identification,2
developed,2
aurignacien,2
importance,2
entrances,2
balanced,2
rods,2
contributions,2
séjours,2
pastoors,2
chemins,2
discoveries,2
animals,2
factors,2
miscellaneous,2
support,2
means,2
recherches,2
varying,2
entry,2
statistical,2
emergence,2
branch,2
linked,2
too,2
ď,2
age,2
show,2
calculations,2
beyond,2
actes,2
requires,2
exploitation,2
handbuch,2
differently,2
artistic,2
anthropogenic,2
walk,2
santander,2
method,2
faunal,2
objets,2
contexte,2
impaired,2
featured,2
occupation,2
though,2
anthropomorphs,2
recently,2
universidad,2
required,2
necessities,2
public,2
possibility,2
expressions,2
aspects,2
höhlen,2
work,2
comprises,2
brought,2
höhlenkunde,2
instruments,2
pluridisciplinaires,2
broad,2
away,2
cubic,2
systematic,2
preparation,2
good,2
sense,2
presented,2
corresponds,2
orient,2
around,2
several,2
consensus,2
sanctuaire,2
hindrance,2
höhle,2
always,2
hayden,2
gráficas,2
preliminary,2
finds,2
geographical,2
secret,2
led,2
he,2
investigating,2
arrangement,2
identified,2
short,2
limited,2
plans,2
positioned,2
make,2
raum,2
structural,2
makes,2
array,2
naturelles,2
homogeneous,2
perspectives,2
reports,2
social,2
supérieur,2
others,2
brain,2
fundamental,2
motifs,2
brandberg,2
plan,2
retina,2
gray,2
pattern,2
forms,2
conclusions,2
present,2
remarkable,2
beaune,2
ensured,2
necessary,2
material,2
day,2
larger,2
calculation,2
original,2
classes,2
investigated,2
divided,2
discovery,2
values,2
including,2
food,2
assumption,2
archive,2
stayed,2
open,2
discovered,2
authors,2
villeneuve,2
methodological,2
yj,2
characterized,2
reconstructed,2
serves,2
panels,2
course,2
ontañón,2
life,2
lighting,2
oxbow,2
especially,2
problems,2
flame,2
k,2
cones,2
exactly,2
probably,2
southwest,2
relative,2
préhistoire,2
paleolítico,2
propose,2
attention,2
applies,2
increasing,2
consists,2
topography,2
ministerio,2
neanderthal,2
today,2
reasonable,2
inside,2
becomes,2
seen,2
sequences,2
inferior,2
detail,2
victoria,2
then,2
constant,2
following,2
incorporated,2
temporal,2
occurrences,2
sciences,2
einer,2
offers,2
alternative,2
set,2
over,2
principle,2
current,2
clearly,2
pour,2
pyrénées,2
selected,2
map,2
problem,2
extent,2
thames,2
categories,2
spaces,2
little,2
preserved,2
recognition,2
magdaléniens,2
estudio,2
constricted,2
die,2
disciplines,2
everywhere,2
adapted,2
réseau,2
sociétés,2
recording,2
differentiation,2
observable,2
opens,2
frame,2
ornees,2
aware,2
structuring,2
applicable,2
define,2
france,2
measured,2
desert,2
supported,2
cantabrique,2
assumed,2
early,2
x,2
exclusively,2
much,2
prähistorische,2
ca,2
г,2
close,2
major,2
final,1
gis,1
difficult,1
massif,1
creswell,1
go,1
transportation,1
currently,1
produces,1
o,1
provisioning,1
bau,1
cerveau,1
terrain,1
sinter,1
wahrnehmungspsychiologische,1
estimated,1
humaines,1
réduits,1
montes,1
revue,1
vienna,1
suggested,1
karstund,1
designated,1
created,1
morphology,1
globale,1
environmental,1
fingers,1
resulted,1
arrive,1
internationales,1
northeast,1
extends,1
eiszeit,1
harten,1
intersect,1
nouvelle,1
anthropiques,1
introduction,1
shortsightedness,1
sphere,1
debris,1
germany,1
minutes,1
needed,1
einführung,1
mueble,1
deepest,1
provisions,1
limbic,1
tend,1
closure,1
archaeospatial,1
stone,1
ma,1
diversification,1
formed,1
english,1
ziel,1
mit,1
compilation,1
modern,1
notwithstanding,1
spontanéités,1
paläolithische,1
former,1
western,1
fixed,1
magie,1
character,1
tübingen,1
neuroscientifique,1
oviedo,1
total,1
crags,1
parfois,1
guillou,1
reich,1
contexts,1
carcassone,1
parois,1
cutting,1
experience,1
highlight,1
predominantly,1
ethics,1
being,1
came,1
consistent,1
else,1
nonilluminated,1
twilight,1
stressed,1
prolongés,1
lateral,1
sources,1
topographic,1
localities,1
retouched,1
figurations,1
quaternaire,1
magdalénien,1
culturally,1
might,1
kilometers,1
stopovers,1
assist,1
utilization,1
calcareous,1
miscelánea,1
fragmentary,1
analogies,1
experiments,1
handling,1
principles,1
protección,1
gorge,1
contextual,1
tradition,1
packed,1
explores,1
secondary,1
accommodate,1
belong,1
advantage,1
display,1
dernière,1
narrative,1
physique,1
transferred,1
galería,1
gisement,1
farther,1
overall,1
secteur,1
entering,1
styles,1
prevail,1
tiredness,1
griefahn,1
mind,1
state,1
concepts,1
robert,1
duality,1
pertains,1
édition,1
hostile,1
namibia,1
unterirdischer,1
peuplement,1
papers,1
similarities,1
triggered,1
extend,1
prehistórico,1
evaluation,1
takes,1
difficile,1
sophisticated,1
classifying,1
verlag,1
recorded,1
owing,1
espace,1
key,1
draws,1
advice,1
adverse,1
carry,1
modifier,1
unlit,1
bones,1
u,1
draw,1
greenland,1
march,1
approximations,1
climatique,1
retain,1
profonde,1
zur,1
fortea,1
determined,1
marked,1
condition,1
stopover,1
slight,1
fritz,1
consciousness,1
bibliography,1
obvious,1
sánchez,1
consumed,1
reflection,1
west,1
mental,1
desired,1
combine,1
territoires,1
supervision,1
grabada,1
kuper,1
decoding,1
far,1
prolonged,1
sammlung,1
indicating,1
classifications,1
quantity,1
literal,1
apply,1
fossil,1
arteplage,1
minimum,1
diopters,1
measurement,1
collection,1
inventory,1
electromagnetic,1
corresponding,1
framework,1
ranked,1
avenues,1
repeatedly,1
dripstone,1
thus,1
prey,1
throughout,1
konzepte,1
nouveau,1
review,1
état,1
immediate,1
quality,1
velei,1
interior,1
against,1
analyzing,1
pursuit,1
initially,1
glaciaire,1
amis,1
unpublished,1
integral,1
medio,1
collapsed,1
relatively,1
viewing,1
occurs,1
rites,1
wohnplätze,1
jotted,1
cantabria,1
encyclopedia,1
pasda,1
augenblick,1
topic,1
assured,1
namibias,1
century,1
lichttechnische,1
hillaire,1
transitional,1
unity,1
pager,1
items,1
speculative,1
better,1
auswahl,1
paleogeb,1
paléospéléologie,1
imprimerie,1
amount,1
architect,1
body,1
raumbedarf,1
modernity,1
nouveaux,1
extraordinary,1
handbook,1
vaste,1
served,1
suitable,1
clare,1
compared,1
honour,1
continuous,1
höhlenforschung,1
find,1
marvelous,1
compel,1
drawn,1
blue,1
consequently,1
parking,1
occidental,1
unseren,1
apparently,1
sun,1
nourrir,1
teira,1
hardly,1
anthropomorphize,1
ripoll,1
intuition,1
implementation,1
einrichtungen,1
gigantesques,1
higher,1
aim,1
permits,1
site,1
beispiele,1
steps,1
operation,1
interesting,1
fort,1
weapon,1
adequate,1
essential,1
beltrán,1
ge,1
rather,1
dilemma,1
links,1
eiszeitliche,1
pariétales,1
main,1
across,1
morlote,1
adapt,1
organizing,1
square,1
afterwards,1
musées,1
artistique,1
levels,1
radius,1
presentation,1
holistic,1
unintentionally,1
pinpoint,1
stuttgart,1
approaches,1
active,1
analyzes,1
boasts,1
blanks,1
risk,1
after,1
lasted,1
stops,1
delporte,1
leave,1
derived,1
aurignacian,1
hommages,1
ix,1
nos,1
mobiliáry,1
evolution,1
summarized,1
normen,1
publicaciones,1
front,1
álvarez,1
favor,1
changes,1
acquisition,1
ocupacion,1
marks,1
cats,1
dilation,1
consider,1
possibly,1
flexibility,1
improvement,1
rated,1
familiar,1
image,1
intensive,1
aura,1
prähistorischen,1
mobilität,1
amid,1
section,1
paleospeleology,1
leroigourhan,1
edition,1
air,1
completion,1
record,1
chasseur,1
accessibility,1
frequently,1
profile,1
circuit,1
mémoire,1
additional,1
flights,1
follow,1
indications,1
overcast,1
definite,1
painted,1
favorable,1
tides,1
gemeinschaft,1
pleistocene,1
maison,1
care,1
intensities,1
adapting,1
appear,1
methodology,1
candamo,1
ihre,1
macroscopic,1
greater,1
ranges,1
had,1
moving,1
standards,1
landesverein,1
advance,1
lead,1
whom,1
fireplaces,1
moon,1
entered,1
begun,1
octobre,1
adhered,1
falange,1
international,1
maß,1
irregularly,1
embedded,1
accurately,1
meter,1
facultad,1
monochromatic,1
equally,1
créateur,1
understood,1
deficits,1
focused,1
wiesbaden,1
silence,1
keywords,1
appears,1
viewed,1
schneider,1
produced,1
française,1
cairns,1
excellent,1
scale,1
barbaza,1
fish,1
handled,1
placed,1
atomization,1
outlined,1
produce,1
toulouse,1
explain,1
technologiques,1
enough,1
mobiliar,1
wide,1
technical,1
fallait,1
none,1
zentralmuseums,1
future,1
gatherers,1
received,1
steep,1
materia,1
archéologie,1
decisions,1
reader,1
lichtgestaltung,1
période,1
su,1
london,1
purpose,1
proportions,1
comment,1
crawl,1
graep,1
positions,1
contain,1
intentionally,1
literature,1
gave,1
database,1
topographical,1
libre,1
climatic,1
accidental,1
records,1
concentrate,1
knees,1
structures,1
winter,1
personal,1
focuses,1
stadtplanung,1
floors,1
il,1
compact,1
showing,1
smallest,1
interpreted,1
niveaux,1
breakdown,1
plantaurel,1
trends,1
attributed,1
netzwerkanalyse,1
wendel,1
atlas,1
lenguaje,1
change,1
permit,1
crust,1
excavated,1
reflectivity,1
optimal,1
eine,1
correct,1
málaga,1
fulfilled,1
donnée,1
field,1
below,1
useful,1
lowest,1
distances,1
aroused,1
suggest,1
straight,1
fluctuates,1
parietal,1
order,1
multitude,1
wrestling,1
reaches,1
sharp,1
emerging,1
sake,1
unpacked,1
inactive,1
navigated,1
mineral,1
claims,1
wider,1
lehre,1
highly,1
components,1
met,1
latest,1
boundaries,1
emmanuel,1
impossible,1
dem,1
gleichheit,1
dedicated,1
barely,1
dim,1
ensemble,1
gezeiten,1
godets,1
organs,1
cycle,1
promenade,1
stiftung,1
appropriate,1
geneste,1
emitted,1
waiting,1
rest,1
sporadic,1
ethnographische,1
subsequently,1
chronological,1
south,1
archeonil,1
void,1
will,1
llc,1
san,1
imprint,1
adhering,1
exterior,1
demand,1
ceremonial,1
observations,1
mettmann,1
architecture,1
functioning,1
visually,1
letters,1
gather,1
ans,1
henri,1
ascertained,1
comparative,1
horses,1
crossings,1
cantabriques,1
étroits,1
domingo,1
prevailing,1
object,1
projecting,1
community,1
reconstruction,1
tor,1
centrales,1
daytime,1
argument,1
superordinate,1
wind,1
adjusting,1
servicio,1
newton,1
spot,1
surveyed,1
religious,1
vie,1
illuminating,1
humaine,1
calculate,1
contributing,1
vivaient,1
ancêtres,1
zaragoza,1
lux,1
reference,1
intuitively,1
tremendous,1
ensures,1
residence,1
acknowledgments,1
detectable,1
technology,1
restricted,1
formally,1
deviations,1
corniche,1
differentiate,1
anthropologique,1
anthropomorphized,1
participants,1
falls,1
une,1
infrastructure,1
floor,1
colored,1
diputación,1
einige,1
troisfrères,1
insights,1
alien,1
visitors,1
begins,1
noted,1
allows,1
magdaleniens,1
reconnoitered,1
shows,1
avoided,1
fairly,1
picture,1
skeletons,1
regardless,1
volume,1
halfshade,1
düsseldorf,1
sunlight,1
méthode,1
resolution,1
fire,1
visitor,1
cavities,1
hautes,1
french,1
comfortable,1
arrernte,1
räumliche,1
haute,1
put,1
villaverde,1
water,1
humidity,1
felsbilder,1
magdalensiense,1
bordering,1
expose,1
admit,1
shade,1
blocks,1
occurrence,1
recurrent,1
pressure,1
agree,1
documents,1
regulation,1
sloppy,1
lacks,1
als,1
together,1
adjusts,1
decreases,1
défendue,1
physik,1
justification,1
aires,1
identical,1
considerable,1
cueto,1
fremde,1
serious,1
honor,1
question,1
transit,1
aussi,1
took,1
covered,1
innovative,1
witting,1
intersite,1
purposes,1
phaidon,1
execution,1
relevant,1
underscores,1
neufert,1
strategies,1
maíllo,1
köln,1
deep,1
above,1
über,1
chronologically,1
binford,1
project,1
frequency,1
ignoring,1
gives,1
bedeilhac,1
counterpart,1
going,1
free,1
encountered,1
deficit,1
degree,1
éditions,1
imagine,1
ornées,1
private,1
understanding,1
synchrony,1
breuil,1
situated,1
vast,1
supplies,1
intimate,1
coherent,1
examples,1
considering,1
restrictions,1
comprise,1
neurovisual,1
width,1
upon,1
range,1
represented,1
reflectors,1
abandons,1
systematics,1
deposits,1
looking,1
comportement,1
sind,1
xxle,1
identity,1
skeletal,1
persists,1
prospection,1
empirical,1
significant,1
angle,1
spectra,1
cantalejo,1
refers,1
assume,1
resulting,1
processes,1
throws,1
karst,1
actual,1
muñoz,1
engaged,1
chosen,1
full,1
höhlenraum,1
california,1
dating,1
derouaux,1
involves,1
souterrain,1
groupes,1
cultura,1
corchón,1
reflector,1
delluc,1
adding,1
côa,1
publication,1
dominated,1
artefakte,1
beobachtungen,1
symposium,1
times,1
helpful,1
period,1
belongs,1
direct,1
summer,1
optimum,1
him,1
stresses,1
counted,1
filled,1
earlier,1
connects,1
preservation,1
pupil,1
rudolph,1
adequately,1
eggert,1
verschlossenen,1
rapide,1
menschen,1
spent,1
quick,1
internal,1
systems,1
eyes,1
arise,1
editors,1
become,1
ornaments,1
sensible,1
paysage,1
maße,1
mainly,1
deliberate,1
effect,1
dauvois,1
cognition,1
hunters,1
textuellen,1
capabilities,1
garrigou,1
department,1
pathway,1
looked,1
attracted,1
workshop,1
camarín,1
often,1
destruction,1
variabilité,1
découverte,1
evaluated,1
caution,1
création,1
basically,1
quarter,1
andreas,1
questionable,1
behind,1
paleoanthropology,1
brown,1
motif,1
solar,1
ranging,1
hindered,1
european,1
depth,1
accepting,1
soziale,1
marshack,1
enquiring,1
applications,1
raumverständnis,1
visits,1
enhancements,1
africa,1
streich,1
independent,1
science,1
movements,1
ecological,1
foreign,1
sports,1
höhlenbilder,1
hommes,1
plays,1
maps,1
premeditations,1
insufficient,1
plastic,1
primarily,1
referred,1
translation,1
bears,1
artistes,1
began,1
remaining,1
whereby,1
length,1
linking,1
testifies,1
archeologie,1
variably,1
responsible,1
extra,1
lampes,1
urdíales,1
researcher,1
mainz,1
itself,1
fachwörterbuch,1
rencontres,1
jungpaläolithikum,1
combines,1
figured,1
interpretive,1
voies,1
welten,1
considered,1
quantitatively,1
starlight,1
neglected,1
iberia,1
rarely,1
thinking,1
pérgouset,1
profond,1
indeterminate,1
datations,1
homenaje,1
archaeologies,1
mentioned,1
homogeneity,1
répartition,1
circumstances,1
measurements,1
respective,1
signes,1
simply,1
solitary,1
totality,1
périgueux,1
spots,1
prehistonco,1
doi,1
text,1
participante,1
symbol,1
clambering,1
explorative,1
affords,1
volumen,1
resonance,1
know,1
defining,1
dimension,1
illuminate,1
pedestrian,1
correspond,1
cultures,1
lying,1
exigues,1
setting,1
arbeitsmedizin,1
did,1
alexander,1
argue,1
numbering,1
paléospeíéologie,1
foundation,1
particularly,1
unter,1
obviously,1
cognitive,1
graphie,1
audience,1
associated,1
primary,1
pictures,1
past,1
february,1
merely,1
places,1
person,1
bien,1
datation,1
qualitatively,1
blowing,1
unlikely,1
talstrasse,1
catastrophic,1
notable,1
shelters,1
poses,1
them,1
physiology,1
whether,1
terms,1
meticulous,1
list,1
references,1
coast,1
supports,1
add,1
passed,1
axis,1
quadratically,1
bauentwurfs,1
adaptation,1
supplemented,1
densities,1
repetitive,1
abruptly,1
require,1
projection,1
lm,1
moyen,1
explored,1
scenarios,1
suggests,1
phenomena,1
bilder,1
ascertain,1
subclassified,1
translated,1
raumbeziehungen,1
paintings,1
gatherings,1
son,1
alcalá,1
milieux,1
reported,1
welldefined,1
sculpture,1
decisive,1
droite,1
excursion,1
ensembles,1
prevalent,1
alternatives,1
centro,1
université,1
role,1
methoden,1
variability,1
rampant,1
subject,1
intersites,1
transition,1
lies,1
step,1
circulations,1
dunkelheit,1
jérôme,1
territory,1
contribute,1
archéologiques,1
arguments,1
distinguishable,1
phenomenon,1
exceptionally,1
representation,1
aspect,1
ein,1
conservés,1
françaises,1
présentation,1
réunion,1
comparable,1
modelaient,1
shown,1
until,1
foyers,1
zimmermann,1
recent,1
schweiz,1
generate,1
disappear,1
average,1
observed,1
temperature,1
finally,1
newsletter,1
grenoble,1
origines,1
diskurs,1
register,1
instead,1
touches,1
land,1
conservación,1
sur,1
opinions,1
masses,1
staying,1
states,1
you,1
vorschriften,1
piece,1
filosofía,1
walking,1
morning,1
enclosed,1
anonymous,1
comparison,1
moved,1
observation,1
candlelight,1
territories,1
brightness,1
potential,1
news,1
removed,1
representatives,1
terminology,1
hotel,1
vary,1
geräte,1
individualistic,1
era,1
irrelevant,1
debate,1
tosello,1
valley,1
develop,1
aportación,1
possibles,1
focus,1
images,1
immediately,1
fancy,1
complement,1
beings,1
premature,1
operational,1
études,1
meeting,1
doing,1
subsumes,1
deeper,1
felsbildstellen,1
