WORDCOUNTS,WEIGHT
the,1310
of,995
and,810
in,592
archaeology,361
to,340
historical,325
a,285
that,237
as,162
archaeologists,140
is,132
new,113
on,107
j,102
an,97
p,92
pp,89
have,87
university,84
with,82
archaeological,81
for,77
this,73
research,73
c,73
m,71
are,66
at,64
has,64
it,63
social,61
was,58
r,58
from,58
be,58
history,54
by,54
their,53
york,52
american,51
world,50
one,48
l,47
but,47
s,44
been,44
archaeol,43
past,42
analysis,40
res,40
springer,39
they,38
i,38
which,38
ways,37
capitalist,37
heritage,37
class,37
can,37
capitalism,37
about,35
not,34
jr,33
cultural,32
were,32
cambridge,32
household,31
because,31
many,31
more,31
most,30
or,30
k,30
d,30
studies,29
other,29
identity,29
how,28
also,28
w,27
some,26
these,26
between,26
journal,25
both,25
african,25
focus,25
into,24
such,24
important,24
sites,24
field,24
global,24
than,23
chinese,23
its,23
material,23
international,22
site,22
b,22
project,22
press,22
culture,22
historic,22
when,22
much,22
t,21
memory,21
power,21
united,21
development,20
study,20
colonial,20
since,19
relations,19
even,19
e,19
role,19
had,18
within,18
g,18
use,18
life,18
archaeologies,18
them,18
state,17
his,17
scale,17
people,17
kluwer,17
will,17
groups,16
being,16
landscape,16
gainesville,16
industrial,16
issues,16
individual,16
creation,15
rather,15
around,15
present,15
theoretical,15
perspectives,15
monument,15
urban,15
modern,14
all,14
perspective,14
may,14
artifacts,14
concept,14
using,14
he,14
various,14
only,14
diverse,14
local,14
each,14
states,14
little,14
now,13
improvement,13
academic,13
used,13
smithsonian,13
through,13
ideology,13
see,13
understanding,13
examination,13
investigate,13
practice,13
early,13
agency,12
h,12
dc,12
great,12
central,12
n,12
my,12
public,12
community,12
sociohistorical,12
areas,12
institution,12
small,12
different,12
identities,12
places,12
what,12
theory,12
information,12
inequality,11
nature,11
those,11
america,11
landscapes,11
beyond,11
though,11
future,11
insights,11
contemporary,11
perhaps,11
national,11
significance,11
where,11
she,11
understand,11
city,11
should,11
estate,10
political,10
process,10
demonstrates,10
collective,10
personal,10
overseas,10
approach,10
members,10
same,10
two,10
time,10
ethnic,10
often,10
who,10
thinking,10
alternative,10
over,10
given,10
recent,10
meaning,9
created,9
sources,9
walnut,9
analyses,9
possible,9
linked,9
human,9
century,9
late,9
paynter,9
left,9
london,9
working,9
resistance,9
communities,9
idea,9
unit,9
numerous,9
like,9
so,9
households,9
structure,9
european,9
today,9
africa,9
provide,9
any,9
must,9
living,9
whether,9
her,9
pursued,9
overview,9
area,9
md,9
among,9
race,9
does,8
vectors,8
link,8
concepts,8
system,8
issue,8
interest,8
old,8
explore,8
annapolis,8
objects,8
four,8
histories,8
orser,8
et,8
own,8
hidden,8
family,8
generally,8
shackel,8
society,8
south,8
indigenous,8
al,8
analytical,8
observes,8
multiscalar,8
franklin,8
topics,8
we,8
anthropology,8
current,8
level,8
remains,8
north,8
ca,8
major,8
way,7
women,7
archae,7
take,7
context,7
case,7
throughout,7
plantation,7
van,7
oxford,7
whose,7
without,7
english,7
links,7
importance,7
space,7
appear,7
could,7
method,7
well,7
knowledge,7
coast,7
notes,7
f,7
gender,7
southern,7
perceived,7
noted,7
toward,7
question,7
outside,7
everyday,7
number,7
maritime,7
including,7
california,7
similar,7
especially,7
ludlow,7
harpers,7
institutions,7
antiquities,7
anthropological,7
environment,7
associated,7
domestic,7
particularly,7
examining,7
growing,7
investigation,7
spatial,7
terms,7
postcolonial,7
our,7
accept,7
association,7
create,7
complex,6
tend,6
park,6
before,6
first,6
view,6
might,6
individuals,6
found,6
discipline,6
behind,6
explorations,6
point,6
goal,6
de,6
topic,6
nuanced,6
knoxville,6
americans,6
developed,6
white,6
inherent,6
companion,6
equally,6
uk,6
recently,6
work,6
part,6
civil,6
related,6
place,6
specifically,6
presence,6
likely,6
action,6
still,6
others,6
efforts,6
free,6
another,6
made,6
expression,6
reality,6
ireland,6
workers,6
constructing,6
v,6
deagan,6
attention,6
tennessee,6
practitioners,6
directions,6
properties,6
antiquity,6
face,6
then,6
peoples,6
demonstrate,6
microhistory,6
interested,6
inquiry,6
clearly,6
rural,6
economy,6
textual,6
subject,6
investigated,6
years,6
conducted,5
designed,5
ma,5
continent,5
approaches,5
necessarily,5
themes,5
consistent,5
interests,5
discrete,5
rethinking,5
illustrate,5
move,5
mullins,5
thus,5
includes,5
against,5
noel,5
consumer,5
marxism,5
find,5
racism,5
no,5
main,5
environments,5
neighborhood,5
after,5
appears,5
nor,5
just,5
western,5
founding,5
begun,5
boydell,5
war,5
during,5
concentrate,5
settlement,5
australian,5
fully,5
bulletin,5
finds,5
critical,5
practices,5
britain,5
transnational,5
above,5
yet,5
under,5
neither,5
ancient,5
europe,5
consideration,5
scholars,5
serious,5
anthropologist,5
men,5
manner,5
mrozowski,5
native,5
mcguire,5
matthews,5
imbued,5
ideas,5
questions,5
would,5
earlier,5
excavating,5
become,5
narrow,5
contact,5
examine,5
lost,5
berkeley,5
best,5
far,5
beginning,5
ferry,5
writing,5
formation,5
diaspora,5
specific,5
built,5
dominant,4
adopt,4
group,4
essays,4
true,4
easily,4
considerations,4
fixed,4
service,4
contested,4
long,4
derives,4
attempt,4
liberty,4
definition,4
together,4
help,4
there,4
owners,4
identifies,4
illustrates,4
encyclopedia,4
assessment,4
rooted,4
turn,4
distinct,4
ct,4
profound,4
moving,4
y,4
pasts,4
critique,4
purely,4
sort,4
basic,4
envision,4
immigrant,4
consider,4
situations,4
faced,4
uses,4
societies,4
hopkins,4
masculinity,4
embedded,4
further,4
understood,4
focused,4
promise,4
failure,4
correctly,4
county,4
example,4
apparent,4
artifact,4
cold,4
buildings,4
individualism,4
saitta,4
things,4
la,4
concerns,4
tended,4
value,4
provided,4
gibbs,4
processual,4
transform,4
units,4
investigating,4
architecture,4
schmidt,4
concern,4
movement,4
structural,4
interpretation,4
examined,4
rules,4
reports,4
williams,4
rise,4
entwined,4
organizations,4
challenge,4
experienced,4
investigates,4
fact,4
ceramic,4
documents,4
attempting,4
daily,4
john,4
considerable,4
consciously,4
do,4
ground,4
less,4
interpreting,4
leone,4
region,4
jamestown,4
significant,4
camps,4
processes,4
continue,4
stay,4
three,4
ny,4
preservation,4
black,4
provides,4
promote,4
vector,4
widely,4
increasing,4
racialization,4
relationship,4
veneration,4
continued,4
johns,4
practical,4
began,4
unearthing,4
why,4
methods,4
construction,4
silliman,4
interpretive,4
school,4
symbolic,4
physical,4
temporal,4
wider,4
intellectual,4
better,4
lens,4
maintain,4
tightly,4
freedom,4
nj,4
develop,4
intended,4
agents,4
understandings,4
include,4
observation,4
interaction,4
traditional,4
broader,4
doing,4
bundles,4
problem,3
difficult,3
explosion,3
currently,3
final,3
deny,3
fathers,3
limits,3
common,3
if,3
represent,3
tuscaloosa,3
resulted,3
extends,3
large,3
constitutes,3
contexts,3
collaborative,3
voss,3
placard,3
beaudry,3
worked,3
advanced,3
england,3
tradition,3
explores,3
simple,3
preservationists,3
rich,3
narrative,3
able,3
court,3
review,3
feature,3
nm,3
murray,3
signs,3
british,3
sophisticated,3
attacked,3
historians,3
jeppson,3
sexual,3
wish,3
addresses,3
sale,3
dutch,3
resources,3
desirable,3
reconstruction,3
engage,3
unpublished,3
adornment,3
application,3
realization,3
defense,3
times,3
amount,3
back,3
difficulty,3
staniforth,3
rathlin,3
truly,3
ologists,3
mirrored,3
casella,3
coal,3
alabama,3
interesting,3
fort,3
groover,3
growth,3
across,3
remain,3
museum,3
appreciation,3
presentation,3
mean,3
neatly,3
cult,3
burial,3
developments,3
special,3
scales,3
read,3
holds,3
means,3
lives,3
latin,3
elsewhere,3
impact,3
house,3
age,3
multicultural,3
resource,3
notions,3
always,3
requires,3
problems,3
helped,3
deetz,3
management,3
perceive,3
expressed,3
closely,3
home,3
search,3
effort,3
lived,3
making,3
constantly,3
struggles,3
term,3
viewed,3
cannot,3
approached,3
networks,3
shape,3
none,3
having,3
residents,3
significantly,3
symbolism,3
irish,3
positions,3
year,3
constitute,3
moments,3
focuses,3
reflect,3
interpreted,3
trends,3
change,3
published,3
creating,3
excavated,3
methodological,3
presented,3
order,3
quite,3
several,3
characteristics,3
descendant,3
boundaries,3
impossible,3
moved,3
gordon,3
led,3
san,3
separation,3
short,3
indeed,3
albany,3
garden,3
seemingly,3
tends,3
positive,3
represents,3
east,3
us,3
included,3
transformations,3
eastern,3
increasingly,3
smith,3
longer,3
appeared,3
papers,3
racist,3
accepted,3
strategies,3
argues,3
examples,3
discovery,3
unfairly,3
elite,3
europeans,3
yale,3
entirely,3
largely,3
congress,3
situationally,3
harvard,3
engaged,3
full,3
theories,3
involves,3
ottoman,3
interpret,3
written,3
interpretations,3
hierarchical,3
enough,3
innovative,3
lines,3
avenues,3
transformation,3
indicate,3
fields,3
earliest,3
following,3
series,3
origins,3
spanish,3
simply,3
exposition,3
willingness,3
colorado,3
henry,3
nineteenthand,3
connection,3
breaking,3
advances,3
merely,3
domesticity,3
selected,3
degree,3
cause,3
complexity,3
explored,3
imperial,3
orientations,3
middle,3
popular,3
conference,3
antarctica,3
measure,3
allows,3
come,3
ignored,3
illinois,3
conditions,3
institutional,3
tourism,3
course,3
typically,3
thoughtful,3
involving,3
defined,3
rowman,3
extremely,3
second,3
themselves,3
marxist,3
johnson,3
chicago,3
exclusively,3
ownership,3
william,3
famous,3
bigotry,3
thorough,3
countryside,2
margins,2
appropriation,2
struggle,2
underpinning,2
fl,2
implemented,2
dictators,2
struggled,2
northeast,2
considerably,2
becoming,2
miners,2
illegal,2
identify,2
ethnogenesis,2
neighborhoods,2
solidarity,2
o,2
convict,2
tied,2
acceptance,2
protection,2
prentice,2
enmeshed,2
carroll,2
fruitful,2
plantations,2
source,2
theft,2
myriad,2
experience,2
paterson,2
australia,2
evolution,2
taken,2
military,2
emerged,2
company,2
principles,2
interrogating,2
accompanied,2
paca,2
confront,2
substantive,2
religion,2
traditionally,2
last,2
habitus,2
shepherd,2
metanarrative,2
designs,2
homelessness,2
prashad,2
anthropologists,2
task,2
primary,2
sought,2
mass,2
masked,2
hall,2
walz,2
logical,2
politics,2
sixteenth,2
concentrating,2
activity,2
west,2
occurring,2
except,2
x,2
eliminated,2
relate,2
apply,2
negotiation,2
undoubtedly,2
behavior,2
attract,2
exist,2
labor,2
conflict,2
relationships,2
immediate,2
ethical,2
pursue,2
integral,2
characteristic,2
relatively,2
decided,2
mutable,2
santa,2
excavations,2
narratives,2
arena,2
forced,2
moment,2
inhabited,2
detention,2
maintaining,2
zarankin,2
seizing,2
immigrants,2
ceramics,2
body,2
divisions,2
slave,2
compared,2
witnessed,2
publications,2
drawn,2
island,2
look,2
constructs,2
unmasking,2
influence,2
grasp,2
mechanism,2
buried,2
rights,2
steps,2
operation,2
opposed,2
excavate,2
simultaneously,2
acculturation,2
profoundly,2
town,2
russian,2
act,2
maintenance,2
breadth,2
en,2
violence,2
wurst,2
notion,2
adopted,2
associate,2
certain,2
benjamin,2
makes,2
enacted,2
form,2
impressed,2
awareness,2
gathering,2
postmodern,2
tensions,2
established,2
image,2
specialization,2
duke,2
spirit,2
numbers,2
upper,2
orientation,2
operate,2
zimmerman,2
powerful,2
linkage,2
shorthand,2
willing,2
conflicts,2
assessments,2
reflections,2
anthropologically,2
ogists,2
union,2
whereas,2
greater,2
result,2
remembered,2
based,2
lead,2
typical,2
foreground,2
out,2
economics,2
demands,2
destined,2
radical,2
noting,2
oklahoma,2
setting,2
greenwood,2
cordoba,2
companies,2
applied,2
whiddy,2
negotiated,2
creates,2
eliminate,2
directly,2
network,2
spheres,2
basis,2
line,2
unworthy,2
wolfs,2
heart,2
reader,2
childe,2
literature,2
northwest,2
overtly,2
relevance,2
actually,2
structures,2
forces,2
illustrative,2
contentious,2
away,2
surrounding,2
microhistorians,2
status,2
presentations,2
construct,2
sense,2
wallerstein,2
revolution,2
suggest,2
currents,2
box,2
pedigree,2
mediterranean,2
owned,2
involved,2
every,2
few,2
multiple,2
unrelated,2
massachusetts,2
protect,2
villages,2
telling,2
dedicated,2
st,2
commemorative,2
structured,2
adroitly,2
structuring,2
sophistication,2
periods,2
collectivity,2
battle,2
collaborations,2
highlights,2
forever,2
implications,2
archaeo,2
protecting,2
scientific,2
impacts,2
marketplace,2
identified,2
economic,2
melbourne,2
overall,2
comparative,2
limited,2
play,2
naacp,2
return,2
appreciate,2
islands,2
make,2
comments,2
initially,2
settings,2
negate,2
hold,2
va,2
religious,2
direction,2
confronting,2
guide,2
repression,2
housing,2
thought,2
constant,2
assimilation,2
memories,2
indian,2
fearsome,2
identification,2
praxis,2
definitions,2
inhabitants,2
rhode,2
oral,2
fire,2
mentioning,2
french,2
plywood,2
strike,2
put,2
slavery,2
addition,2
collectivities,2
communal,2
conduct,2
torture,2
plan,2
choice,2
larger,2
preferring,2
inherently,2
mold,2
pennsylvania,2
arguably,2
reasons,2
honor,2
forms,2
patterns,2
readers,2
fits,2
puerto,2
model,2
senatore,2
continuing,2
nationalism,2
relevant,2
focusing,2
reconstructing,2
socialization,2
gives,2
assessing,2
commemorate,2
myself,2
venerated,2
forensic,2
classes,2
exploring,2
atlantic,2
completed,2
writings,2
discrimination,2
giles,2
previously,2
manufactured,2
individuality,2
complexities,2
stakeholders,2
looting,2
naturalizing,2
privileges,2
exhibited,2
trend,2
variables,2
recovery,2
laboratory,2
clear,2
urbana,2
stress,2
dalglish,2
publication,2
language,2
agreement,2
points,2
held,2
controversies,2
collaboration,2
period,2
inventing,2
responses,2
mask,2
serves,2
stresses,2
interacted,2
never,2
quick,2
overviews,2
james,2
implication,2
story,2
southwest,2
figures,2
destruction,2
connections,2
insignificant,2
somewhat,2
dual,2
note,2
independent,2
george,2
sometimes,2
usually,2
erase,2
five,2
criminal,2
americanist,2
program,2
centuries,2
sway,2
sensitive,2
broad,2
transformed,2
lawrence,2
rapidly,2
baugher,2
reaches,2
existed,2
dead,2
ology,2
education,2
charlottesville,2
worlds,2
combines,2
concealed,2
shift,2
meant,2
considered,2
legacies,2
addressed,2
detail,2
share,2
relates,2
reasoning,2
conclusion,2
continues,2
theme,2
heyward,2
here,2
colonialism,2
garman,2
quickly,2
know,2
control,2
substantiates,2
cultures,2
exploration,2
seem,2
believe,2
did,2
contextual,2
foundation,2
searched,2
dramatic,2
er,2
deem,2
obviously,2
brazil,2
separating,2
encouraging,2
cities,2
unequal,2
chesapeake,2
essentially,2
works,2
perceiving,2
maryland,2
particular,2
mere,2
ethnography,2
while,2
foundations,2
property,2
encounters,2
virginia,2
contain,2
spaces,2
researchers,2
boston,2
tent,2
careful,2
conclude,2
whiteness,2
despite,2
disciplines,2
everywhere,2
rationale,2
vast,2
challenges,2
maintained,2
goals,2
aspect,2
think,2
analysts,2
sanctioned,2
postprocessual,2
models,2
spring,2
differentiation,2
powers,2
observed,2
frame,2
washington,2
crisis,2
offer,2
instead,2
although,2
consumption,2
evidence,2
constructed,2
effects,2
tercentennial,2
conceptualizing,2
privileging,2
potential,2
raid,2
bell,2
geographical,2
era,2
norman,2
views,2
documentary,2
concomitant,2
immediately,2
strong,2
seek,2
facile,2
gangs,2
penal,2
roles,2
termed,2
close,2
cited,2
discern,2
increase,2
racial,1
tourists,1
grasped,1
intimately,1
democracy,1
entities,1
strands,1
silverman,1
barbara,1
formulated,1
mostly,1
humanism,1
ships,1
done,1
personally,1
precepts,1
oriented,1
deter,1
edge,1
reno,1
ethics,1
correlation,1
medieval,1
silences,1
promises,1
altamira,1
strategy,1
pull,1
corporate,1
expand,1
defy,1
scholar,1
schuyler,1
deepen,1
wonder,1
separated,1
peaceful,1
ethnicities,1
engendered,1
deserve,1
affected,1
college,1
legitimate,1
revolutionary,1
arrive,1
worthy,1
intriguing,1
signpost,1
methodologies,1
alone,1
clannish,1
enclosing,1
introduction,1
stands,1
manuscript,1
sphere,1
systemic,1
appalachia,1
expect,1
scottish,1
nental,1
center,1
kintyre,1
historias,1
discover,1
backdrops,1
replaced,1
achievements,1
properly,1
enhance,1
magnoni,1
rediker,1
stone,1
anchor,1
hull,1
terminate,1
cherished,1
vindicating,1
usefully,1
anagnostou,1
specialist,1
sets,1
murder,1
walker,1
pressing,1
unraveling,1
lighthouse,1
encountering,1
wolf,1
ordained,1
install,1
alized,1
former,1
althusser,1
oppressive,1
discourage,1
apprised,1
undertaken,1
graffiti,1
resurgence,1
potentials,1
harsh,1
presents,1
occurred,1
invent,1
pump,1
knox,1
total,1
paper,1
ethnoarchaeological,1
rizvi,1
conflagrations,1
exceptions,1
viewpoints,1
something,1
postulates,1
englewood,1
lenses,1
nonetheless,1
princeton,1
theorizing,1
annals,1
static,1
pioneers,1
changeable,1
du,1
standbys,1
materials,1
landowners,1
anglophile,1
intentions,1
brandon,1
painful,1
disruption,1
anything,1
synonymous,1
else,1
decidedly,1
explaining,1
beneficial,1
unearthed,1
usa,1
expertise,1
reconstructions,1
frobisher,1
commission,1
expands,1
certainly,1
preceding,1
relies,1
stritch,1
voices,1
experimented,1
reoriented,1
sooner,1
originally,1
learned,1
reticence,1
attempts,1
interlaced,1
culturally,1
concentrated,1
address,1
asso,1
realizing,1
delink,1
tism,1
promoting,1
artificially,1
interrelated,1
conjoins,1
maturation,1
hesitancy,1
bloomington,1
intricately,1
words,1
tion,1
memorial,1
possibilities,1
nonexploitation,1
immense,1
shaped,1
ft,1
archaeologically,1
knowing,1
seneca,1
skills,1
broken,1
assertion,1
prey,1
epperson,1
poverty,1
display,1
careers,1
purport,1
monitor,1
converse,1
gradual,1
farmers,1
richards,1
peopling,1
origin,1
rule,1
quotidian,1
closer,1
printed,1
tx,1
commitment,1
real,1
deemed,1
integrate,1
boomtown,1
embrace,1
particularism,1
topically,1
watercraft,1
resorting,1
museums,1
mind,1
improving,1
stand,1
respond,1
sacred,1
robert,1
brodie,1
baram,1
reading,1
nash,1
threshold,1
intersection,1
digital,1
similarities,1
ad,1
reorient,1
nowhere,1
employs,1
tarlow,1
mercantilism,1
classic,1
takes,1
collectives,1
authoring,1
dearth,1
suspect,1
followed,1
alfred,1
ideological,1
gaps,1
foundational,1
king,1
knowledgeable,1
draws,1
adopts,1
continuum,1
planted,1
reconceive,1
rests,1
roger,1
struggling,1
patterning,1
resistencia,1
vol,1
placement,1
opened,1
miniature,1
howard,1
implies,1
agnadello,1
goody,1
exhibits,1
realize,1
proslavery,1
inevitable,1
establishing,1
adopting,1
wahpeton,1
solely,1
bibliography,1
abandoned,1
crossed,1
infrequently,1
taking,1
conceptual,1
reflecting,1
very,1
associational,1
ignores,1
utmost,1
laws,1
sherburne,1
anticipated,1
constrained,1
plied,1
intraand,1
globalized,1
forged,1
tionally,1
illustrating,1
collection,1
sign,1
aloof,1
cheese,1
pursuing,1
reconstruc,1
diversity,1
signal,1
politicized,1
factional,1
framework,1
everson,1
segregation,1
hierarchy,1
regarding,1
divorced,1
exercises,1
iron,1
incite,1
surely,1
situa,1
harcourt,1
historically,1
profession,1
erection,1
archaeolo,1
explained,1
mine,1
onstrates,1
explorers,1
run,1
rodgers,1
village,1
foxhall,1
millennium,1
visited,1
analyzing,1
cognizant,1
realized,1
furthering,1
silent,1
stewardship,1
corner,1
neighbors,1
forgotten,1
pitfalls,1
ability,1
viewing,1
belknap,1
adams,1
tucson,1
overt,1
emerges,1
materially,1
available,1
unfamiliar,1
slick,1
expected,1
montana,1
z,1
kind,1
conundrum,1
exercise,1
guided,1
remembering,1
inserted,1
clay,1
elements,1
innovation,1
reluctance,1
problematize,1
pathbreaking,1
legally,1
bay,1
hispanic,1
depend,1
goldfields,1
subjects,1
eliminates,1
architectural,1
hopefully,1
response,1
revisited,1
six,1
inclusion,1
served,1
wholly,1
crowell,1
attests,1
analogs,1
egypt,1
disfranchised,1
honour,1
applying,1
kinship,1
third,1
alliances,1
rhythm,1
mechanical,1
helpful,1
semantic,1
multifaceted,1
tenants,1
communication,1
border,1
propositions,1
deeply,1
traditions,1
helping,1
leadership,1
occasion,1
poni,1
general,1
key,1
traits,1
delivered,1
marx,1
generation,1
acknowledge,1
impressions,1
compromise,1
exponentially,1
unfortunate,1
leaning,1
poorly,1
narragansett,1
celebrating,1
crossroads,1
crow,1
drained,1
failed,1
coincidentally,1
webster,1
manipulated,1
recognized,1
silence,1
altogether,1
contextualization,1
improved,1
awl,1
managers,1
camp,1
principally,1
summaries,1
moo,1
december,1
managing,1
teawares,1
highlands,1
district,1
illustration,1
smoking,1
mammoth,1
mountain,1
serra,1
explicit,1
levels,1
observer,1
automatons,1
adirondacks,1
subsistence,1
remote,1
broaden,1
demonstration,1
completely,1
opportunity,1
vs,1
risk,1
coffee,1
buenos,1
chambers,1
humanity,1
sophisti,1
philadelphia,1
unity,1
strange,1
shrift,1
dialogue,1
echoed,1
diminishes,1
persons,1
govern,1
limitation,1
discoveries,1
feel,1
strate,1
imbuing,1
overlooked,1
almshouses,1
update,1
antrim,1
absorbed,1
contestation,1
replete,1
support,1
moyer,1
williamsburg,1
involvement,1
pernicious,1
solutions,1
ciation,1
battlefields,1
changes,1
perceptions,1
acquisition,1
reconceptualization,1
items,1
theorists,1
marks,1
biased,1
bogs,1
deflect,1
loren,1
conceptualization,1
maiden,1
possibly,1
lane,1
flexibility,1
organization,1
benefits,1
literary,1
workmen,1
neutral,1
peasants,1
emergence,1
inscribed,1
lowell,1
intersecting,1
liberal,1
producers,1
mayne,1
represented,1
days,1
constrain,1
population,1
germane,1
decade,1
god,1
characterizations,1
vitality,1
frequently,1
observations,1
profile,1
pullman,1
mixtures,1
solid,1
forget,1
show,1
bridges,1
pageant,1
heading,1
additional,1
occupied,1
follow,1
connecting,1
readings,1
dawdy,1
undeveloped,1
isolation,1
peninsula,1
knotty,1
rocchietti,1
stark,1
plates,1
putting,1
transcripts,1
islanders,1
mix,1
utah,1
victorian,1
visibly,1
convenience,1
injustice,1
carlo,1
instill,1
merrington,1
uncritically,1
providing,1
casselden,1
caches,1
counterthreads,1
globalization,1
cork,1
opponents,1
character,1
opening,1
schablitsky,1
spaniard,1
dynamite,1
skewed,1
industri,1
advance,1
came,1
assets,1
unpatriotic,1
reckner,1
columbia,1
path,1
exhibition,1
alienation,1
diligently,1
avenue,1
adoption,1
heritages,1
wares,1
detrimental,1
train,1
reallocating,1
entered,1
amply,1
bricks,1
strength,1
sights,1
inappropriate,1
attack,1
amsterdam,1
baton,1
relating,1
craft,1
underneath,1
impediments,1
scenes,1
relational,1
striven,1
events,1
anglophone,1
forsythe,1
mesoamerican,1
worker,1
rightly,1
lydon,1
medicines,1
fuel,1
base,1
representative,1
big,1
extracting,1
urbanization,1
unions,1
accurately,1
midlands,1
materiality,1
danger,1
knit,1
informed,1
equal,1
wales,1
rent,1
biographies,1
wishing,1
archetypal,1
studying,1
cuban,1
confined,1
keywords,1
treat,1
finch,1
annales,1
produced,1
devoid,1
jim,1
priorities,1
imaging,1
wealth,1
record,1
contesting,1
however,1
dialectic,1
spur,1
mobasa,1
guarantee,1
explain,1
granite,1
reconceived,1
wide,1
colonies,1
junks,1
hicks,1
symbolically,1
foregrounds,1
chinatowns,1
expressions,1
briefly,1
receive,1
undermined,1
exert,1
commitments,1
tack,1
hierarchies,1
aging,1
minimal,1
distinguish,1
degrees,1
journals,1
makers,1
gains,1
sheperd,1
paradigmatic,1
ruggles,1
permitted,1
scope,1
rocks,1
strengths,1
obscure,1
tool,1
reid,1
nuances,1
contextualized,1
del,1
framed,1
invisible,1
clean,1
imagined,1
prominent,1
nc,1
heavily,1
trafalgar,1
training,1
nation,1
hume,1
transconti,1
comment,1
homeland,1
stores,1
minority,1
looked,1
northern,1
eurocentric,1
corrected,1
continuation,1
realm,1
designate,1
begins,1
describe,1
fit,1
older,1
discussions,1
triumvirate,1
horn,1
refined,1
partly,1
contains,1
records,1
falling,1
beads,1
kings,1
demon,1
rituals,1
call,1
lifeways,1
schwartz,1
regional,1
plurality,1
hampshire,1
historiographic,1
showing,1
harmless,1
dakota,1
smallest,1
kilfinan,1
universally,1
ethnicity,1
emberling,1
polity,1
bernbeck,1
bueren,1
swirled,1
count,1
towards,1
heuristic,1
refuse,1
needlework,1
either,1
pollution,1
hydrant,1
traders,1
near,1
situational,1
depicting,1
aided,1
concentrates,1
blue,1
professional,1
esteem,1
glasswares,1
pluralism,1
commerce,1
viable,1
caused,1
below,1
inference,1
wilkie,1
supremacists,1
demystifying,1
multiyear,1
wished,1
involve,1
grew,1
coupled,1
protest,1
next,1
rarer,1
television,1
chipstone,1
consolidation,1
standpoint,1
concordant,1
pacts,1
ological,1
event,1
sake,1
encompasses,1
castle,1
encompassing,1
mitchell,1
reify,1
ignore,1
workshops,1
inescapable,1
accomplished,1
highly,1
multinational,1
masking,1
grow,1
starting,1
folk,1
transfer,1
industry,1
brought,1
acts,1
garry,1
observe,1
manchester,1
regular,1
philip,1
dem,1
brown,1
core,1
contention,1
commemo,1
condemned,1
disavowal,1
slawson,1
annual,1
beacon,1
up,1
concordia,1
jordan,1
progressed,1
fortress,1
examines,1
pa,1
estates,1
breen,1
notice,1
llc,1
plausible,1
appropriate,1
displaced,1
corbin,1
moravian,1
humanistic,1
niccoli,1
parks,1
avoid,1
insets,1
conducts,1
normalizing,1
conceal,1
appeal,1
courses,1
prescribed,1
pattern,1
cite,1
transforming,1
chronological,1
uncommon,1
counteract,1
pertaining,1
damaged,1
business,1
poignantly,1
warwickshire,1
demand,1
equality,1
reexamine,1
matter,1
collaborating,1
variety,1
expanse,1
summarize,1
populations,1
outback,1
liebmann,1
located,1
labeled,1
expansion,1
reinvented,1
description,1
tide,1
accepting,1
inclusive,1
forward,1
edges,1
female,1
reorganization,1
warner,1
april,1
reduce,1
intensively,1
intimidation,1
convince,1
allen,1
competing,1
influences,1
says,1
indicates,1
interactions,1
landed,1
commissioned,1
experiences,1
railway,1
barham,1
suppose,1
ask,1
selection,1
southeast,1
oakley,1
label,1
undergo,1
once,1
arson,1
assuring,1
pacific,1
vindicationist,1
fringe,1
reference,1
push,1
opportunities,1
revisiting,1
intense,1
suited,1
spatio,1
accident,1
marginal,1
builds,1
serve,1
evil,1
seeing,1
restricted,1
challenged,1
selective,1
thesis,1
contemplation,1
palmer,1
londonderry,1
sixteenthand,1
acting,1
pickands,1
baxter,1
intersects,1
complete,1
mckee,1
pasado,1
byers,1
middleton,1
teaching,1
essentialist,1
kardulias,1
karskens,1
naval,1
topical,1
accelerated,1
acknowledging,1
broached,1
reduces,1
already,1
confirmed,1
commem,1
boarding,1
keepsakes,1
traverses,1
situates,1
frameworks,1
worldviews,1
perceptively,1
avoided,1
fairly,1
picture,1
hallmark,1
spatially,1
chose,1
volume,1
enclaves,1
lack,1
alteration,1
transformative,1
comprehend,1
gain,1
tenant,1
name,1
paul,1
marker,1
book,1
courageous,1
commodification,1
factory,1
discontinued,1
mentions,1
again,1
conceived,1
ecological,1
varies,1
longue,1
nevada,1
projects,1
residence,1
erect,1
water,1
emotions,1
persuasion,1
pont,1
flatman,1
laundry,1
stories,1
problematized,1
reconsiderations,1
variant,1
cumulative,1
striking,1
minnesota,1
sleep,1
centered,1
agree,1
abstract,1
exclusion,1
essence,1
gaelic,1
adds,1
striving,1
children,1
grave,1
anthro,1
understandable,1
envisioning,1
forging,1
stage,1
prospects,1
end,1
desire,1
figurines,1
everything,1
hamilakis,1
tilburg,1
fashion,1
man,1
crossley,1
success,1
enactment,1
confusion,1
adjacent,1
monographs,1
learn,1
performances,1
transcending,1
privatization,1
interrogate,1
discussing,1
castles,1
reform,1
developing,1
excavation,1
establish,1
jobs,1
norwegian,1
shown,1
answer,1
coincided,1
hides,1
forth,1
fennell,1
separations,1
necessary,1
colony,1
mundo,1
perceives,1
assault,1
ignoring,1
cosmos,1
streets,1
complicated,1
wood,1
destroyed,1
day,1
midwest,1
maya,1
multidisciplinary,1
desires,1
remained,1
studied,1
revolutionizing,1
remove,1
disagreements,1
margolin,1
credit,1
technologies,1
greatest,1
aptly,1
mythic,1
oil,1
dimensions,1
indiana,1
sealing,1
background,1
subjectivity,1
staging,1
upon,1
range,1
eighteenth,1
values,1
cocroft,1
locate,1
refining,1
braudel,1
deposits,1
collections,1
subplots,1
arose,1
microhis,1
looking,1
mortuary,1
judge,1
manifestations,1
asian,1
twentieth,1
complement,1
francis,1
factor,1
perception,1
variation,1
brokers,1
prominently,1
yorkshire,1
conflicted,1
actual,1
homelands,1
maintains,1
services,1
voice,1
voiceless,1
previous,1
crook,1
rouge,1
netherlands,1
underwent,1
nuclear,1
versions,1
falola,1
rejected,1
trade,1
open,1
erasure,1
discovered,1
engender,1
directed,1
modem,1
authors,1
teeter,1
fallacy,1
sensitivity,1
barile,1
encuentro,1
grupo,1
essay,1
urge,1
logic,1
endangered,1
counter,1
eve,1
keep,1
pride,1
plains,1
homes,1
anne,1
allowed,1
derived,1
belo,1
spread,1
reformers,1
function,1
diz,1
features,1
high,1
diasporas,1
brewer,1
sands,1
linking,1
misapplied,1
lie,1
administrative,1
running,1
epoch,1
misunderstanding,1
tangible,1
standard,1
segment,1
exchange,1
creole,1
outcry,1
gets,1
faith,1
valued,1
separatism,1
facing,1
sentiment,1
internal,1
outcomes,1
systems,1
mining,1
salt,1
editors,1
tabaczynski,1
confinement,1
relation,1
sight,1
sensible,1
geographers,1
strikers,1
solidify,1
crc,1
prisons,1
patrimony,1
torians,1
masculine,1
palus,1
patterson,1
concluding,1
offensive,1
femininity,1
encour,1
slightly,1
spain,1
equivalent,1
mcerlean,1
pipe,1
parameters,1
bestowed,1
conducting,1
forefront,1
need,1
uncertainties,1
saw,1
engagement,1
temporality,1
controversial,1
anatolia,1
louisiana,1
darker,1
investigations,1
allison,1
fitts,1
nativist,1
prescient,1
division,1
decolonization,1
evicted,1
decision,1
gifted,1
separate,1
references,1
ranging,1
farm,1
parish,1
polite,1
dawn,1
extractive,1
periodic,1
cation,1
applications,1
iraq,1
lode,1
geoscience,1
me,1
backward,1
iroquois,1
humanities,1
window,1
masculinities,1
edizioni,1
digs,1
raise,1
immediacy,1
mixture,1
segregated,1
science,1
foreign,1
plays,1
abject,1
gazin,1
reasonable,1
begin,1
inside,1
images,1
newport,1
nexus,1
slow,1
independence,1
monuments,1
tin,1
un,1
seen,1
translation,1
detailed,1
team,1
seventeenth,1
destiny,1
force,1
effectively,1
markers,1
bakongo,1
souvenirs,1
mrs,1
kkk,1
lucas,1
empires,1
inessential,1
countries,1
remembrance,1
crosscutting,1
articles,1
inspired,1
steamboat,1
strides,1
impersonal,1
christie,1
yamin,1
surprising,1
venerate,1
confronts,1
permanency,1
composed,1
mother,1
commemoration,1
measured,1
dirlik,1
citizens,1
exists,1
itself,1
premier,1
pressures,1
unveiled,1
thick,1
door,1
catharine,1
bethabara,1
plunder,1
dance,1
marshal,1
acquired,1
eveleigh,1
dissection,1
variable,1
dirt,1
shadow,1
rarely,1
globe,1
mainly,1
protracted,1
habermas,1
civilizations,1
accordance,1
mentioned,1
conjunction,1
horselands,1
ethnoarchaeology,1
rosa,1
locally,1
geographic,1
conceptualize,1
reinforced,1
too,1
pace,1
consortiums,1
comes,1
proposes,1
levi,1
chores,1
besides,1
shepherds,1
temple,1
doi,1
intently,1
symbol,1
practicing,1
sciences,1
useful,1
minerals,1
ballykilcline,1
facilely,1
perry,1
leeward,1
coincides,1
winterthur,1
defining,1
exploded,1
natural,1
conserva,1
proof,1
hampton,1
country,1
routine,1
cemetery,1
perceptive,1
worth,1
organized,1
expanding,1
auxiliary,1
behrens,1
extraction,1
welch,1
capital,1
ubiquitous,1
leaders,1
chinatown,1
appalachians,1
subhousehold,1
wealthy,1
asylums,1
constructions,1
surprised,1
calumet,1
universal,1
regard,1
returns,1
emphasis,1
capacity,1
exceptional,1
eventually,1
terrestrial,1
motorcycles,1
countermemories,1
solved,1
expresses,1
contradictory,1
perfectly,1
sustaining,1
rely,1
decolonizing,1
cognitive,1
powhatan,1
orative,1
pollock,1
build,1
explicitly,1
kinchega,1
u,1
consciousness,1
type,1
pushing,1
concrete,1
feminist,1
analytically,1
agriculture,1
ideologies,1
killed,1
realities,1
ethnically,1
inmates,1
notable,1
cms,1
carefully,1
combined,1
saunders,1
corporations,1
ones,1
rebellion,1
independently,1
pertinent,1
nearby,1
mcconkey,1
metaphor,1
agricultural,1
attitudes,1
statement,1
firmly,1
ruin,1
sangamo,1
noncapitalist,1
missikoff,1
leaving,1
distribution,1
supplemented,1
appropriated,1
vein,1
listen,1
saddle,1
periphery,1
healthy,1
fore,1
almost,1
resolutely,1
alcohol,1
ideal,1
port,1
assessors,1
art,1
travel,1
illuminative,1
socioeconomic,1
magnificent,1
dialogues,1
preserved,1
encase,1
wrestle,1
transport,1
altered,1
disparate,1
scott,1
meditations,1
introduced,1
sea,1
marketing,1
leicester,1
micro,1
africans,1
easy,1
unrealistic,1
giving,1
focal,1
apartheid,1
situated,1
kathleen,1
acute,1
confronted,1
navarrete,1
contribute,1
democratic,1
obtain,1
results,1
lesson,1
arguments,1
merchant,1
inventions,1
indians,1
isolated,1
takeover,1
vocal,1
representation,1
burning,1
coming,1
varied,1
linebaugh,1
referential,1
nonarchaeologists,1
subsumed,1
ucl,1
examinations,1
sidelines,1
bargaining,1
pertains,1
intent,1
ultimately,1
until,1
blakey,1
bush,1
rejecting,1
locations,1
unable,1
disappear,1
pageantry,1
repositories,1
similarity,1
slept,1
charts,1
quest,1
fractious,1
paradigm,1
web,1
liaisons,1
acknowledges,1
hart,1
aware,1
gists,1
artificial,1
motives,1
funari,1
contextu,1
joined,1
land,1
cooper,1
mandates,1
boca,1
neoliberal,1
glass,1
obvious,1
southeastern,1
attributes,1
zimbabwe,1
variously,1
colleagues,1
seeks,1
attempted,1
limitations,1
sexuality,1
enclosure,1
impacted,1
superintendent,1
speak,1
internet,1
increased,1
untouched,1
brook,1
roughly,1
unlocking,1
am,1
offered,1
charles,1
contextually,1
plea,1
removed,1
pertain,1
interlinked,1
taksa,1
regularity,1
mason,1
pathways,1
mystery,1
ascendancy,1
charged,1
lake,1
reached,1
irrelevant,1
enterprise,1
internalizing,1
singleton,1
element,1
farmstead,1
delicate,1
participant,1
token,1
retention,1
mature,1
engaging,1
resist,1
laborers,1
cross,1
building,1
bartoy,1
meeting,1
connor,1
asked,1
dependent,1
representational,1
customs,1
vandalism,1
occur,1
arizona,1
pearson,1
deeper,1
gold,1
hypothesis,1
