WORDCOUNTS,WEIGHT
the,758
and,599
of,516
de,495
in,412
el,184
a,174
to,173
west,125
mexico,125
pp,123
en,118
del,115
la,115
r,91
y,87
from,87
is,82
that,81
mexican,77
occidente,77
with,75
michoacán,73
by,68
m,66
arqueología,63
this,60
research,58
at,55
e,53
are,51
central,50
colegio,48
as,48
for,47
j,46
have,46
has,43
c,43
las,41
regional,40
or,40
centro,40
on,39
been,38
archaeology,37
these,37
period,36
during,35
new,34
ad,33
méxico,33
jalisco,33
western,32
b,32
los,32
were,32
tarascan,31
estado,29
no,28
nacional,28
mesoamerica,27
sites,27
but,27
obsidian,27
between,27
along,26
was,26
et,25
san,25
d,25
proyecto,25
american,24
cultural,24
populations,24
classic,24
more,24
lake,24
g,23
shaft,23
basin,23
sobre,23
archaeological,23
recent,23
there,22
coastal,21
teuchitlán,21
southern,21
which,21
associated,21
museo,21
it,20
h,20
trabajo,20
state,20
pollard,20
mesoamerican,20
tombs,20
south,20
an,20
cuaderno,20
known,20
guanajuato,20
prehispánicas,20
be,20
s,19
their,19
university,19
late,19
bc,19
sociedades,19
culture,19
social,19
region,19
one,18
other,18
only,18
time,18
primera,18
i,17
many,17
ceramic,17
postclassic,17
reunión,17
complex,16
into,16
t,16
within,16
l,16
ceramics,16
nuevas,16
preclassic,16
colección,16
instituto,16
una,16
not,16
coast,16
while,16
interaction,16
o,15
f,15
they,15
studies,15
highland,15
those,15
artifacts,15
economic,15
capacha,15
evidence,15
early,15
some,14
zacapu,14
societies,14
desarrollo,14
contact,14
gobierno,14
northern,14
political,14
serie,14
both,14
north,14
major,14
large,13
nature,13
tradition,13
cuenca,13
vol,13
prehispanic,13
norte,13
most,13
antropología,13
universidad,13
p,13
historia,13
ancient,13
un,13
etnohistoria,13
models,13
america,12
may,12
boehm,12
river,12
centers,12
small,12
located,12
often,12
each,12
mexicana,11
cuitzeo,11
such,11
consejo,11
nayarit,11
than,11
site,11
prehistory,11
found,11
arqueológico,11
editorial,11
middle,11
number,11
local,11
inah,11
seen,11
zacatecas,11
macías,11
boletín,11
balsas,10
later,10
trace,10
all,10
pátzcuaro,10
emergence,10
ecuador,10
lerma,10
weigand,10
traits,10
documented,10
settlement,10
several,10
larger,10
avances,10
contribuciones,10
best,10
suggests,10
colima,10
specific,10
investigaciones,9
decade,9
last,9
after,9
obsidiana,9
changes,9
michoacano,9
population,9
data,9
jiménez,9
architecture,9
limited,9
also,9
material,9
including,9
exchange,9
can,9
basins,9
current,9
include,9
evolution,8
date,8
case,8
zone,8
phase,8
general,8
preclásico,8
dated,8
appear,8
distribution,8
estudios,8
morelia,8
work,8
lópez,8
included,8
two,8
v,8
increase,8
regions,8
antiquity,8
earlier,8
nuevos,8
sociedad,8
anales,8
role,8
territory,8
come,8
area,8
archaic,8
much,8
metal,7
first,7
ball,7
includes,7
critique,7
loma,7
study,7
shell,7
metallurgy,7
k,7
occupied,7
based,7
teotihuacan,7
part,7
relaciones,7
suggest,7
periods,7
absence,7
communities,7
under,7
tarasco,7
projects,7
patterns,7
use,7
dating,7
trade,7
cabrero,7
widespread,7
believed,7
mesoamérica,7
cultures,7
tomb,7
patzcuaro,7
what,7
autónoma,7
our,7
remains,7
among,7
zones,7
miguel,6
turquoise,6
source,6
salvage,6
east,6
u,6
sánchez,6
far,6
human,6
análisis,6
networks,6
highlands,6
aztatlán,6
opeño,6
n,6
record,6
w,6
prehispánica,6
zináparo,6
mountjoy,6
society,6
expansion,6
pacific,6
interpretation,6
appeared,6
relación,6
ethnohistoric,6
variation,6
adjacent,6
deposits,6
primarily,6
who,6
any,6
series,6
época,6
over,6
contain,6
despite,6
estudio,6
tarascos,6
frontera,6
baus,5
represent,5
settlements,5
maize,5
unlike,5
sources,5
definition,5
farther,5
styles,5
context,5
system,5
castañeda,5
primary,5
bolaños,5
soto,5
since,5
grupo,5
chupicuaro,5
braniff,5
even,5
algunas,5
numbers,5
impact,5
raíces,5
surface,5
had,5
out,5
occupation,5
prehispánico,5
burial,5
cárdenas,5
used,5
su,5
issues,5
change,5
excavated,5
pina,5
few,5
core,5
formative,5
indicates,5
para,5
quarries,5
already,5
guerrero,5
cerámica,5
others,5
areas,5
model,5
homenaje,5
cambridge,5
previously,5
contacts,5
cultura,5
significance,5
pottery,5
testing,5
types,5
centuries,5
when,5
earliest,5
sus,5
theory,5
extent,5
through,5
antigua,5
world,5
documentation,5
although,5
horizonte,5
elites,5
sa,4
valle,4
if,4
entierros,4
groups,4
village,4
sets,4
undertaken,4
arenal,4
test,4
lower,4
being,4
zona,4
production,4
tumbas,4
great,4
similarities,4
con,4
westview,4
possible,4
origen,4
throughout,4
review,4
collapse,4
relationships,4
development,4
interest,4
excavations,4
given,4
panorama,4
dates,4
traditions,4
civilization,4
his,4
basic,4
similar,4
parts,4
posclásico,4
tarasca,4
clearly,4
latin,4
beyond,4
history,4
greater,4
moving,4
access,4
near,4
well,4
directly,4
introducción,4
seminario,4
brought,4
related,4
its,4
horizon,4
moguel,4
epiclassic,4
tingambato,4
cabrera,4
least,4
interregional,4
spanish,4
highly,4
rest,4
geographical,4
voi,4
units,4
identified,4
still,4
salvamento,4
department,4
michoacanos,4
angel,4
yacimientos,4
ü,4
scholars,4
figurines,4
interpretación,4
unclear,4
zinapécuaro,4
polities,4
tequila,4
understanding,4
vast,4
range,4
elite,4
significant,4
three,4
co,4
would,4
especially,4
arqueológica,4
we,4
european,4
cuencas,4
linking,4
analysis,4
unusual,4
mounds,4
lago,4
complexity,4
peoples,4
alternative,4
siglo,4
plazas,4
type,4
antropológica,4
imperial,4
almost,4
little,4
surveys,4
until,4
states,4
increased,4
valley,4
focus,4
ss,4
should,4
mortuary,3
moreno,3
common,3
estimated,3
garcía,3
stylistic,3
affected,3
resulted,3
introduction,3
sitios,3
chápala,3
indígena,3
ofrendas,3
mesa,3
archaeologists,3
long,3
román,3
available,3
gorenstein,3
analyses,3
studied,3
reveal,3
marine,3
fraccionamiento,3
dd,3
atemajac,3
plain,3
agriculture,3
ochoa,3
temporada,3
exchanges,3
indicating,3
pelota,3
collection,3
áreas,3
medio,3
center,3
ability,3
santa,3
appearred,3
cases,3
concerning,3
publications,3
journal,3
occidental,3
galván,3
poorly,3
competition,3
without,3
etudes,3
rather,3
notion,3
olmec,3
entre,3
hosier,3
means,3
organization,3
proposed,3
too,3
mutilation,3
plenum,3
conquest,3
came,3
schondube,3
vackimes,3
circular,3
recently,3
produced,3
dumbarton,3
aspects,3
none,3
concept,3
migrated,3
place,3
northwest,3
people,3
aztec,3
olay,3
morelos,3
isabel,3
either,3
working,3
investigación,3
workshops,3
presence,3
texas,3
boundaries,3
villages,3
recientes,3
results,3
preliminary,3
sitio,3
moved,3
perspectivas,3
second,3
ceremonial,3
implications,3
targeted,3
about,3
once,3
museum,3
od,3
metalurgia,3
examined,3
metallurgical,3
same,3
largest,3
reports,3
problemas,3
increasingly,3
michoacana,3
provide,3
luis,3
orígenes,3
addition,3
documents,3
end,3
outside,3
took,3
do,3
unidades,3
continuing,3
heavily,3
see,3
por,3
belief,3
shifts,3
valleys,3
greatest,3
infiernillo,3
skepticism,3
examples,3
made,3
aspectos,3
upon,3
mata,3
concern,3
hypotheses,3
macroregional,3
processes,3
tiro,3
peripheral,3
decorated,3
señoríos,3
characterized,3
tradición,3
spread,3
mines,3
systems,3
mining,3
ciénega,3
geográficas,3
probably,3
ethnohistory,3
saw,3
marmolejo,3
tula,3
looted,3
río,3
movements,3
ecological,3
foreign,3
ideology,3
explain,3
trabajos,3
andean,3
order,3
trait,3
referred,3
understand,3
category,3
existed,3
polychrome,3
anawalt,3
contained,3
arte,3
comes,3
complexes,3
soil,3
set,3
paper,3
assumed,3
then,3
particularly,3
very,3
historical,3
utilized,3
just,3
phd,3
beginning,3
arqueológicas,3
them,3
form,3
fernández,3
deraga,3
pintada,3
revista,3
presented,3
culturas,3
multiple,3
introduced,3
became,3
nashville,3
algunos,3
cuadernos,3
years,3
paradigm,3
ahualulco,3
need,3
effects,3
defined,3
tomatlán,3
vessel,3
armillas,3
pedro,3
views,3
dental,3
technological,3
courts,2
difficult,2
now,2
lopez,2
currently,2
meaning,2
durante,2
adoption,2
lupe,2
reflection,2
agua,2
objetos,2
systematically,2
juego,2
designed,2
likely,2
toluca,2
bias,2
tallada,2
modern,2
vázquez,2
before,2
mexicaines,2
contexts,2
goytia,2
negative,2
funerarias,2
capitals,2
originally,2
ii,2
give,2
culturally,2
might,2
rapid,2
questioned,2
espejel,2
generated,2
ssp,2
containing,2
resumen,2
población,2
textiles,2
accompanied,2
formativo,2
farmers,2
timing,2
wave,2
torres,2
substantive,2
entered,2
intercambio,2
survey,2
subsequent,2
darras,2
iowa,2
projectile,2
bosquejo,2
indirectly,2
quantities,2
mésoaméricains,2
chumbicuaro,2
international,2
move,2
dentro,2
localized,2
factional,2
framework,2
thus,2
que,2
dynamics,2
due,2
habitacionales,2
catálogo,2
sierra,2
characteristic,2
relatively,2
funeraria,2
concentric,2
unity,2
distinct,2
document,2
ha,2
third,2
pasado,2
kelly,2
drawn,2
communication,2
dirección,2
tesis,2
understood,2
tzintzuntzan,2
paleoecological,2
chan,2
apreciaciones,2
costa,2
phases,2
toltec,2
via,2
york,2
reflects,2
espacio,2
unstudied,2
remain,2
unit,2
explicit,2
process,2
proportion,2
direct,2
contributions,2
affect,2
plus,2
locally,2
possibly,2
discouraged,2
retained,2
dominate,2
shore,2
presumed,2
alta,2
sodi,2
textile,2
lithic,2
jewelery,2
dominant,2
unilineal,2
dc,2
raw,2
occurred,2
cd,2
bearing,2
appearance,2
begun,2
erosion,2
discrete,2
craft,2
shared,2
uacúsecha,2
ethnohistorical,2
cores,2
ranking,2
volcán,2
oklahoma,2
focused,2
jarácuaro,2
michigan,2
viewed,2
residential,2
scale,2
franco,2
pollen,2
pleistocene,2
wide,2
possibility,2
information,2
network,2
future,2
revealed,2
dog,2
received,2
competing,2
watts,2
example,2
evidencia,2
traded,2
malpais,2
blade,2
reflect,2
macias,2
gonzález,2
systematic,2
agriculturally,2
published,2
field,2
andes,2
trading,2
interacting,2
stimulated,2
around,2
hallazgos,2
influence,2
shapes,2
zea,2
cronología,2
ancestral,2
felipe,2
yielded,2
generally,2
descendants,2
rescate,2
notes,2
provided,2
horizons,2
led,2
plateau,2
arqueológicos,2
materiales,2
synthesis,2
comparative,2
pareo,2
expanded,2
domination,2
movement,2
colecciones,2
blas,2
tuxcacuesco,2
yet,2
represents,2
marginal,2
ocupación,2
technology,2
chronology,2
cerritos,2
us,2
acting,2
falls,2
complete,2
obsidians,2
altos,2
independent,2
routes,2
comparison,2
decoration,2
similarly,2
rock,2
cloisonné,2
longer,2
datos,2
villa,2
relates,2
personal,2
pattern,2
mesoamenca,2
forms,2
never,2
intelectuales,2
monographs,2
domésticas,2
cruz,2
posit,2
covered,2
joya,2
where,2
urichu,2
existing,2
empire,2
origin,2
como,2
style,2
argument,2
degree,2
another,2
preliminar,2
extended,2
discussion,2
producción,2
heralded,2
ethohistoria,2
asentamiento,2
mosaic,2
largely,2
rivers,2
trombold,2
correa,2
ideas,2
polychromes,2
gto,2
michoacan,2
radiocarbon,2
previous,2
students,2
ties,2
clear,2
reality,2
etzatlán,2
language,2
points,2
dominated,2
amounts,2
held,2
derived,2
so,2
geoscience,2
ecology,2
problems,2
septentrional,2
arechavaleta,2
regionales,2
become,2
interpretations,2
topics,2
sacred,2
structure,2
southwest,2
adaptations,2
relative,2
propose,2
petroglyphs,2
widely,2
division,2
limiting,2
increasing,2
defensible,2
relationship,2
circle,2
continued,2
bulk,2
foster,2
collections,2
banderas,2
juan,2
nuevo,2
talleres,2
transformation,2
inadequate,2
construction,2
fall,2
frontier,2
michelet,2
itself,2
tumba,2
acquired,2
meant,2
lacustres,2
dispersed,2
pueblos,2
simply,2
continues,2
área,2
fluctuating,2
sherds,2
offers,2
natural,2
control,2
región,2
specialized,2
superficie,2
innovations,2
capital,2
simposio,2
did,2
ubiquitous,2
agricultura,2
past,2
climate,2
ramos,2
rural,2
gaxiola,2
advances,2
better,2
following,2
according,2
economy,2
particular,2
always,2
periphery,2
prismatic,2
migrations,2
huge,2
careful,2
entire,2
programs,2
contreras,2
copper,2
colonial,2
perspectiva,2
civilización,2
locations,2
similarity,2
illinois,2
protohistoric,2
numerous,2
chemical,2
approximately,2
socially,2
sur,2
product,2
locate,2
needs,2
supported,2
doubling,2
necropolis,2
norman,2
exclusively,2
northwestern,2
otero,2
strong,2
bajío,2
fauvet,2
mistaken,2
gran,2
valdez,2
versión,1
final,1
ä,1
morel,1
archives,1
costera,1
rate,1
done,1
brumfiel,1
discourage,1
química,1
después,1
limits,1
evaluations,1
humanos,1
isla,1
indicated,1
tres,1
imported,1
fase,1
líticas,1
created,1
commitment,1
separated,1
vertiente,1
acambaro,1
tierra,1
función,1
red,1
totally,1
succession,1
stands,1
realizados,1
per,1
group,1
limnològico,1
enduring,1
he,1
putative,1
talla,1
stone,1
ma,1
taladoire,1
lobera,1
linkages,1
formed,1
tierras,1
authority,1
nota,1
actividad,1
di,1
completely,1
migraciones,1
mit,1
ortuño,1
flows,1
considerations,1
élites,1
anthropology,1
flores,1
comentarios,1
lakeshores,1
excavation,1
necessarily,1
osteological,1
pose,1
laid,1
basalt,1
inequality,1
em,1
ae,1
temática,1
uses,1
something,1
assume,1
apatzingán,1
englewood,1
migration,1
aggression,1
practices,1
themes,1
intentions,1
fluctuations,1
diffusion,1
said,1
anthropogenic,1
anything,1
gap,1
más,1
familiarity,1
ethnologist,1
pulverización,1
backlog,1
preceding,1
relies,1
interests,1
antiguas,1
phil,1
rerum,1
concentrated,1
expand,1
tonala,1
lomas,1
worked,1
chupícuaro,1
emerged,1
separación,1
humana,1
retreat,1
england,1
official,1
supplied,1
mc,1
archaeologically,1
stratigraphically,1
paramount,1
borders,1
undertake,1
differences,1
coming,1
potentially,1
exotic,1
rich,1
producing,1
sector,1
imperio,1
government,1
reunion,1
court,1
take,1
nationalism,1
harmondsworth,1
petty,1
madre,1
ô,1
precisely,1
unutilized,1
chiefdoms,1
política,1
portales,1
staff,1
barcenas,1
platforms,1
sociopolitical,1
rutas,1
solved,1
declines,1
sheet,1
lugar,1
papers,1
designs,1
legend,1
inferencias,1
nomadic,1
less,1
datable,1
reserva,1
documenting,1
occasional,1
depending,1
usos,1
moisture,1
botanical,1
recorded,1
autonomous,1
key,1
money,1
shafts,1
iv,1
gm,1
gravegood,1
plazapyramid,1
draw,1
rests,1
blanca,1
factores,1
design,1
colombia,1
replacement,1
distributing,1
prior,1
determined,1
marked,1
ax,1
piedras,1
prospección,1
mésoaméricaines,1
ih,1
establishing,1
comienzas,1
bibliography,1
interés,1
crossed,1
hirt,1
validez,1
hairless,1
taking,1
combination,1
variations,1
point,1
prieto,1
reflecting,1
diffused,1
quantity,1
household,1
observaciones,1
cemca,1
genetic,1
archaeoumcal,1
pesas,1
undoubtedly,1
decreasing,1
copándaro,1
madas,1
economies,1
cemcas,1
origpn,1
surgimiento,1
toi,1
evaluating,1
controlled,1
li,1
implements,1
hombre,1
distributed,1
chaco,1
ài,1
restos,1
documentos,1
unpublished,1
osamentas,1
domesticated,1
economía,1
sinaloa,1
historically,1
presa,1
bison,1
run,1
reino,1
transformación,1
helen,1
jade,1
metálicos,1
domain,1
num,1
adopted,1
raises,1
afford,1
price,1
económicas,1
ut,1
conducted,1
tucson,1
exploración,1
tlaltenango,1
ds,1
sample,1
century,1
dientes,1
z,1
spans,1
pinpointed,1
retreats,1
editado,1
estimates,1
cañón,1
ethnohistorically,1
drainage,1
old,1
speculative,1
channeled,1
rejecting,1
disco,1
perspective,1
protoclásica,1
ver,1
refer,1
ediciones,1
profound,1
amount,1
spanned,1
six,1
difficulty,1
comparativo,1
myth,1
caminos,1
vida,1
juegos,1
vm,1
patolli,1
witnessed,1
characteristics,1
cienrífira,1
whorls,1
stratigraphie,1
undertaking,1
indicadores,1
aliphat,1
políticas,1
llanura,1
voy,1
student,1
apparently,1
manufactura,1
humano,1
mammoths,1
canchas,1
piedra,1
pulido,1
matanchén,1
error,1
conquiológico,1
disks,1
xochicalco,1
tratamiento,1
ceremoniales,1
ideai,1
oeste,1
high,1
essential,1
beltrán,1
regiones,1
transformations,1
alabaster,1
milenio,1
links,1
traffic,1
modeling,1
rupestre,1
encompassed,1
intraregional,1
huicholes,1
reeional,1
developed,1
possession,1
posits,1
serra,1
querétara,1
simbolismo,1
desde,1
migrate,1
subsistence,1
conjunto,1
potosí,1
players,1
represented,1
vakimes,1
pasando,1
taller,1
outward,1
tools,1
determining,1
supplement,1
grew,1
certain,1
variant,1
marshes,1
ciated,1
metalurgias,1
cave,1
í,1
française,1
distant,1
concha,1
burials,1
summarized,1
arbor,1
origins,1
juárez,1
factors,1
fid,1
chalco,1
support,1
arid,1
determination,1
norcentro,1
diccionario,1
empires,1
suppression,1
readjustments,1
temprano,1
implementos,1
reyna,1
marks,1
biased,1
stirrup,1
obras,1
objects,1
established,1
breeds,1
organized,1
wealth,1
sum,1
elsewhere,1
driven,1
informe,1
villita,1
hierarchically,1
northeastern,1
characterizations,1
variabilidad,1
upper,1
xi,1
four,1
show,1
resource,1
additional,1
hispánico,1
peru,1
indications,1
laguna,1
linkage,1
litvak,1
posclásicos,1
defines,1
física,1
random,1
descubrimientos,1
chronometrie,1
requires,1
â,1
backwardness,1
fortaleza,1
flakes,1
growers,1
enfoque,1
syntheses,1
suggested,1
decades,1
management,1
tarascans,1
myths,1
hot,1
movimentos,1
corehorizon,1
odd,1
burn,1
closely,1
prehistoric,1
pc,1
affiliated,1
ethnography,1
concentration,1
location,1
noreste,1
could,1
pijoan,1
method,1
search,1
called,1
color,1
mollusks,1
baton,1
relating,1
changed,1
demands,1
scenes,1
î,1
sedentary,1
austin,1
monitoring,1
etapa,1
caxcans,1
vigorous,1
initial,1
fundación,1
araueoloaa,1
pereira,1
collectively,1
pre,1
hidroeléctrica,1
evaluate,1
cañada,1
embedded,1
density,1
secretaría,1
further,1
handbook,1
ann,1
guadalajara,1
standardized,1
hacia,1
tariacuri,1
dynasty,1
indirect,1
appears,1
barrientos,1
excellent,1
younger,1
groundwork,1
thin,1
safe,1
relevancia,1
harvested,1
noroeste,1
outlined,1
hidalgo,1
bartolo,1
rectilinear,1
hierarchies,1
public,1
sepinah,1
prehispámcos,1
technical,1
distinguishes,1
ayuntamiento,1
xix,1
colonies,1
products,1
having,1
flannery,1
eduardo,1
basis,1
distinguish,1
marsh,1
conduit,1
sonora,1
turquesas,1
hydraulic,1
unírmela,1
horticulture,1
imports,1
tool,1
apuntes,1
palacio,1
framed,1
heart,1
rc,1
prominent,1
distinctively,1
significantly,1
interand,1
characterization,1
lengua,1
casa,1
knowledge,1
metalúrgicas,1
dios,1
indigenous,1
comment,1
ladrón,1
ten,1
restructuring,1
bahías,1
rm,1
literature,1
municipio,1
sta,1
q,1
describe,1
fit,1
jai,1
pyramid,1
demonstrates,1
climatic,1
préhistorique,1
densely,1
circulares,1
actually,1
czitrom,1
participated,1
stimulate,1
cercanas,1
inferred,1
forces,1
away,1
surrounding,1
naturalista,1
geographicaljoumal,1
enfogues,1
believes,1
lagunas,1
il,1
biosfera,1
xviii,1
michoacány,1
project,1
regiónde,1
artifact,1
status,1
militarism,1
ethnicity,1
memoirs,1
polity,1
nj,1
mesoamericana,1
organización,1
approach,1
antroooloßica,1
traders,1
raisedfield,1
bibliographies,1
quarterly,1
sepulveda,1
legacy,1
steward,1
sense,1
sagradas,1
caused,1
barro,1
level,1
ago,1
below,1
recursos,1
pétrequin,1
cold,1
adherents,1
nómadas,1
educación,1
parviglumis,1
canoe,1
ees,1
trabaio,1
través,1
presencia,1
uncontextualized,1
anthropolofdst,1
westcentral,1
resultados,1
slash,1
arbitrary,1
emerging,1
involved,1
sole,1
interacción,1
endowed,1
mineral,1
escala,1
arquitectura,1
tingan,1
industry,1
prestate,1
decline,1
humanas,1
essentially,1
ancestors,1
began,1
portions,1
geologically,1
jades,1
characterizes,1
up,1
assorecent,1
tabachines,1
atemajact,1
using,1
roots,1
appropriate,1
patrones,1
fluted,1
respuesta,1
pervasive,1
sj,1
incrustation,1
escultura,1
grillo,1
trimestral,1
subsequently,1
brambila,1
span,1
will,1
licenciado,1
usable,1
stucco,1
intento,1
partially,1
fases,1
transform,1
reorientación,1
ranging,1
power,1
excludes,1
minor,1
costumbres,1
observations,1
ispànico,1
colors,1
variety,1
principales,1
lacustre,1
bells,1
bringing,1
scientific,1
impacts,1
estilo,1
incorrect,1
schmidt,1
gradual,1
dampen,1
service,1
guayacan,1
corporation,1
curicaueri,1
islands,1
exception,1
upward,1
community,1
jaliscozacatecas,1
uticos,1
july,1
grande,1
make,1
mainstream,1
matanchen,1
interactions,1
iî,1
settings,1
maqueta,1
impacto,1
ware,1
direction,1
verde,1
biological,1
qq,1
americano,1
tercera,1
bibliografia,1
provincia,1
relied,1
visión,1
externally,1
hidráulicas,1
coverage,1
towards,1
clasico,1
matadama,1
campo,1
mission,1
amerirecent,1
sounds,1
borrowed,1
proposición,1
orange,1
manzanilla,1
boundary,1
mesoamericanas,1
thesis,1
specimens,1
parte,1
initiation,1
ci,1
clothing,1
perspectives,1
floor,1
ordenación,1
friedrich,1
accelerated,1
crespo,1
exodus,1
rojas,1
santos,1
reliance,1
noted,1
assimilated,1
bar,1
rise,1
frameworks,1
stones,1
usmajac,1
teórica,1
fill,1
chose,1
persuasive,1
dm,1
funerary,1
critiques,1
french,1
heritage,1
challenge,1
patron,1
again,1
locating,1
hernández,1
decorative,1
added,1
doméstico,1
handfuls,1
water,1
ecuadorian,1
wirework,1
deterioro,1
packed,1
distribución,1
consideration,1
toltecas,1
deterioration,1
alloys,1
xii,1
occurrence,1
mito,1
striking,1
náhuatl,1
plan,1
compound,1
beliefs,1
occupations,1
attempting,1
chadwick,1
associates,1
metales,1
incorporation,1
nucleated,1
zepeda,1
memorias,1
rica,1
contemporary,1
succeeding,1
discussed,1
oscilación,1
serious,1
external,1
anthropologist,1
instrumental,1
spain,1
centre,1
operating,1
tepalcatepec,1
manner,1
road,1
redonda,1
moche,1
aztlán,1
zacoalcosayula,1
caracterización,1
michael,1
strategies,1
coloquio,1
coincident,1
medicina,1
royal,1
eg,1
tangamendapio,1
incursions,1
preti,1
indication,1
zacapuloma,1
normative,1
nueva,1
fewer,1
stylistically,1
distance,1
elementos,1
molienda,1
protoclásico,1
harbottle,1
regionally,1
casting,1
replaced,1
remained,1
civilized,1
ríos,1
teca,1
interpreting,1
morella,1
arnueoloeía,1
analyzed,1
interrelated,1
technologies,1
exhibit,1
illtecnologías,1
architecturally,1
implicaciones,1
meaningful,1
rio,1
araupnbxna,1
région,1
apogee,1
complejo,1
assemblages,1
closer,1
maritime,1
sï,1
quijada,1
cult,1
rituales,1
formal,1
décima,1
marginality,1
territorially,1
años,1
enormous,1
clustered,1
cfentral,1
autor,1
waste,1
expression,1
unfortunately,1
teotihuacán,1
tariacurvs,1
salagua,1
fourteenth,1
virtually,1
excavaciones,1
conditions,1
affects,1
manifestation,1
congress,1
willey,1
hillslopes,1
ethnic,1
rare,1
kingdom,1
marcos,1
continue,1
ln,1
sees,1
autores,1
initiatives,1
theoretical,1
involves,1
sunken,1
platform,1
theses,1
chanal,1
entregada,1
à,1
stelae,1
historic,1
lacustrine,1
authors,1
institutionalization,1
malpaís,1
publication,1
histórica,1
molcajetes,1
interpret,1
eve,1
times,1
architectural,1
evolución,1
sentialiy,1
actividades,1
mutilados,1
features,1
depiction,1
expansiva,1
am,1
mask,1
ixtlán,1
administrative,1
supremo,1
accurate,1
conjuntos,1
peer,1
zamora,1
primer,1
centraméricaines,1
latter,1
ornamentos,1
suroeste,1
repeated,1
insólita,1
agriculturalists,1
migrants,1
mexica,1
facing,1
labels,1
internal,1
arizona,1
elaborate,1
evolutionary,1
exported,1
ornaments,1
xvi,1
blanton,1
effect,1
categorize,1
inlayed,1
santiagolerma,1
hunters,1
sugieren,1
ecologia,1
primitive,1
primeros,1
story,1
present,1
durango,1
ecología,1
tbluca,1
versus,1
destruction,1
epoca,1
espinosa,1
atlas,1
evaluated,1
conquista,1
limites,1
deity,1
prehispániccu,1
unrelated,1
competed,1
sayula,1
decision,1
clusters,1
uncritical,1
separate,1
tardío,1
unshaggy,1
dogs,1
centroarnérica,1
üoenm,1
dealing,1
carried,1
somewhat,1
testable,1
ûq,1
tesoro,1
penguin,1
sustainability,1
sal,1
backward,1
etnohistórico,1
publishing,1
correcent,1
residual,1
she,1
mexcaltitán,1
meets,1
tomo,1
inhabitants,1
mixture,1
sometimes,1
attributes,1
anthroooloev,1
five,1
nicolás,1
amenazado,1
suggestive,1
claimed,1
spindle,1
perro,1
reasonable,1
santiago,1
contraction,1
traza,1
male,1
bulletin,1
predict,1
success,1
explotación,1
directions,1
detailed,1
playa,1
bears,1
société,1
ángel,1
effectively,1
millennia,1
clásico,1
grinding,1
indicate,1
covering,1
figurine,1
contexto,1
spanning,1
why,1
settled,1
escuela,1
tarascas,1
united,1
clásica,1
surprising,1
identificación,1
table,1
pena,1
mogul,1
ensayos,1
aboriginal,1
período,1
face,1
uso,1
articles,1
occupies,1
rigorous,1
forest,1
areal,1
middens,1
hemisphere,1
detail,1
asociadas,1
anthropological,1
border,1
abandonment,1
wars,1
necessary,1
paleoecologia,1
rarely,1
lakeshore,1
concepto,1
bélica,1
civilizations,1
version,1
intensification,1
incorporated,1
artefactos,1
habitation,1
founded,1
asentamientos,1
extensive,1
ever,1
ensayo,1
invoked,1
turn,1
theme,1
precise,1
ventanas,1
les,1
pictográficos,1
visto,1
charles,1
perhaps,1
md,1
here,1
sustained,1
geoarchaeology,1
quaternary,1
minerals,1
tlatilco,1
chacon,1
arqueólogo,1
tj,1
extant,1
rainfall,1
intensive,1
tecnológica,1
different,1
suggestions,1
expanding,1
américa,1
monumentos,1
seem,1
castellón,1
unknown,1
collapsing,1
equivocal,1
alfarería,1
queréndaro,1
cremación,1
half,1
originalidad,1
domestic,1
pòllard,1
noguera,1
ideological,1
siglos,1
collectors,1
entering,1
linked,1
themselves,1
goods,1
formación,1
cultivation,1
cq,1
understudied,1
examining,1
pit,1
fimax,1
greenstone,1
works,1
living,1
características,1
ballgame,1
romero,1
bajo,1
tendencia,1
reexamination,1
combined,1
whether,1
terms,1
nationalist,1
list,1
typologies,1
ones,1
making,1
references,1
degenerate,1
cause,1
roca,1
jadelike,1
procedentes,1
mano,1
barrios,1
covers,1
agricultural,1
hoped,1
pinnings,1
prácticas,1
carabino,1
guasave,1
leaving,1
problem,1
predate,1
óseos,1
foundations,1
institute,1
produce,1
oo,1
balance,1
proposing,1
minimal,1
abasólo,1
emphasis,1
metálico,1
paleoecology,1
práctica,1
holocene,1
morales,1
categories,1
art,1
travel,1
fourteen,1
cluster,1
avanzados,1
conference,1
marking,1
researchers,1
mozzillo,1
multidisciplinaria,1
occasionally,1
unilinear,1
son,1
preserved,1
affecting,1
sea,1
city,1
joining,1
científica,1
press,1
ortices,1
easy,1
puerto,1
giving,1
techniques,1
beekman,1
uricho,1
quemada,1
perlstein,1
assumptions,1
adapted,1
measure,1
subculture,1
navarrete,1
merchant,1
distinguishable,1
mention,1
deities,1
salinas,1
isolated,1
evidenced,1
mesoamericanists,1
amapa,1
departamento,1
syndrome,1
ambiente,1
antiguo,1
formation,1
peña,1
differentiation,1
unable,1
reveals,1
lands,1
initiated,1
finding,1
quest,1
ushered,1
internally,1
national,1
stratification,1
greenstones,1
reflexiones,1
schortman,1
course,1
preceramic,1
actively,1
instead,1
compounding,1
integrated,1
fluctuación,1
pictographs,1
purépecha,1
cotton,1
guiding,1
unified,1
unchronometrically,1
clearest,1
smaller,1
altiplano,1
fondo,1
integration,1
avila,1
centrality,1
tributaries,1
funerarios,1
tèuchitlan,1
francisco,1
association,1
shift,1
passive,1
classification,1
roughly,1
estratigrafía,1
nephews,1
deer,1
territories,1
potential,1
manantlán,1
paleoindian,1
escritos,1
ciertas,1
km,1
pathways,1
mejía,1
systematics,1
querétaro,1
nucleation,1
chicago,1
except,1
reached,1
kingly,1
fechamientos,1
unstable,1
debate,1
unicentric,1
sharing,1
texts,1
substantial,1
element,1
gasoducto,1
develop,1
abandoned,1
traditional,1
gulf,1
immediately,1
arcos,1
darling,1
building,1
histórico,1
exploraciones,1
southeastern,1
resources,1
termed,1
quiche,1
dt,1
gourd,1
cerámico,1
mexique,1
pnhispánicas,1
hypothesis,1
