WORDCOUNTS,WEIGHT
the,1443
of,1299
and,1048
in,867
a,335
to,300
de,291
that,228
archaeology,223
by,176
spanish,164
as,160
colonial,157
la,156
j,154
university,137
on,137
historical,136
pp,128
for,118
new,112
from,111
american,100
with,99
archaeological,97
at,96
y,90
this,88
is,88
an,84
en,82
have,80
mexico,76
san,75
d,74
were,73
r,69
mission,66
native,66
research,64
del,63
m,60
culture,60
c,60
el,58
was,58
which,58
social,56
has,54
s,51
archaeol,51
res,51
their,50
p,50
journal,49
indigenous,49
springer,49
e,48
change,48
not,48
these,47
european,44
been,42
latin,41
economic,40
well,39
b,38
press,38
archaeologists,37
pueblo,37
most,37
more,37
missions,36
al,36
are,36
america,35
history,34
work,34
cultural,33
groups,32
et,32
or,32
while,32
ways,31
early,31
studies,30
california,30
it,29
approaches,29
k,29
florida,29
also,29
be,29
other,28
society,28
world,28
between,28
santa,27
populations,27
identity,27
contact,27
nacional,27
such,26
g,26
people,26
south,25
international,25
los,25
processes,25
particularly,25
both,25
some,24
perspective,24
population,24
buenos,24
among,24
t,23
over,23
antiquity,23
city,23
evidence,23
they,22
center,22
conducted,22
into,22
gainesville,22
produced,22
communities,22
l,22
local,22
period,22
within,22
conditions,22
production,21
result,21
but,21
maya,21
who,21
h,20
health,20
than,20
smithsonian,20
two,20
institution,20
anthropology,20
goods,20
shaped,19
differences,19
developed,19
colonialism,19
sites,19
southern,19
many,19
puerto,19
households,19
political,18
development,18
data,18
northern,18
only,18
study,18
arqueologia,18
urban,18
north,18
one,17
borderlands,17
no,17
aires,17
material,17
antonio,17
historic,17
analysis,17
investigation,17
although,17
effects,17
central,16
columbian,16
approach,16
garcia,16
different,16
specific,16
presidio,15
household,15
excavations,15
changes,15
settlement,15
volume,15
bioarchaeology,15
often,15
apalachee,15
much,15
f,14
nature,14
case,14
review,14
century,14
even,14
his,14
after,14
factors,14
important,14
cambridge,14
issues,14
texas,14
activities,14
biological,14
examination,14
can,14
relationship,14
did,14
las,14
indians,14
focus,14
broader,14
practices,13
investigations,13
process,13
consequences,13
revista,13
he,13
continuity,13
demographic,13
instituto,13
quincentenary,13
theoretical,13
trade,13
role,13
interaction,13
first,12
all,12
real,12
issue,12
interest,12
late,12
alabama,12
van,12
rather,12
impact,12
alta,12
peru,12
had,12
colonies,12
project,12
museum,12
department,12
scholars,12
empire,12
number,12
use,12
perspectives,12
primarily,12
united,12
regard,12
adaptation,12
her,12
african,12
national,12
area,12
fournier,11
missionization,11
being,11
long,11
human,11
thus,11
santo,11
cases,11
caribbean,11
acculturation,11
conquest,11
during,11
field,11
architecture,11
pattern,11
patterns,11
disease,11
individual,11
deagan,11
she,11
associated,11
current,11
through,11
little,11
generated,10
investigaciones,10
dc,10
state,10
british,10
historica,10
n,10
could,10
because,10
part,10
antropologia,10
few,10
expansion,10
indian,10
regional,10
ceramic,10
diverse,10
anthropologist,10
understanding,10
rio,10
postclassic,10
ethnohistory,10
southwest,10
pottery,10
changing,10
control,10
particular,10
st,10
varied,10
argues,10
physical,10
ciudad,10
mesoamerica,9
agency,9
mexican,9
occurred,9
contexts,9
available,9
individuals,9
papers,9
system,9
urbana,9
rosa,9
ancient,9
site,9
una,9
w,9
albuquerque,9
institute,9
universidad,9
its,9
own,9
consumption,9
archaeologies,9
core,9
located,9
examined,9
perhaps,9
largely,9
sanoja,9
order,9
vargas,9
anthropological,9
series,9
global,9
spaniards,9
very,9
terms,9
theory,9
socioeconomic,9
estudio,9
shift,9
comparison,9
valley,9
recent,9
way,8
environmental,8
complex,8
lightfoot,8
i,8
last,8
less,8
along,8
religious,8
old,8
body,8
wares,8
general,8
may,8
fort,8
york,8
town,8
landscape,8
similar,8
ceramics,8
key,8
trajectories,8
out,8
estudios,8
western,8
hispanic,8
record,8
negotiated,8
information,8
used,8
working,8
louisiana,8
emerging,8
yucatan,8
community,8
yet,8
under,8
power,8
europe,8
time,8
spain,8
model,8
see,8
made,8
region,8
office,8
especially,8
camino,8
un,8
life,8
itself,8
siglo,8
franciscan,8
economy,8
transition,8
americas,8
traditional,8
now,7
later,7
europeans,7
large,7
before,7
implications,7
restoration,7
daily,7
context,7
tuscaloosa,7
occasional,7
eastern,7
buren,7
throughout,7
since,7
due,7
ceramica,7
traditions,7
gomez,7
explicit,7
emergence,7
ecuador,7
societies,7
histories,7
term,7
future,7
status,7
published,7
highly,7
when,7
practice,7
americana,7
southeast,7
about,7
wake,7
guatemala,7
same,7
caracas,7
where,7
nueva,7
investigated,7
missionary,7
food,7
three,7
architectural,7
examine,7
we,7
attention,7
christian,7
states,7
continued,7
colonists,7
pueblos,7
tipu,7
colonization,7
argue,7
identities,7
augustine,7
proceedings,7
them,7
nutrition,7
resistance,7
argentina,7
increased,7
rejection,7
belize,7
does,6
resulted,6
adoption,6
settlements,6
arqueologico,6
coleccion,6
voss,6
mexicana,6
emphasized,6
colombia,6
resources,6
genetic,6
negotiation,6
colonized,6
experiences,6
havana,6
bulletin,6
americans,6
how,6
postcontact,6
just,6
senora,6
beyond,6
nuestra,6
view,6
osteological,6
prehistoric,6
found,6
based,6
recently,6
aspects,6
artifacts,6
received,6
loss,6
bodies,6
responses,6
caused,6
up,6
cuban,6
revolt,6
technology,6
historia,6
management,6
lack,6
luis,6
wine,6
larger,6
incorporation,6
do,6
v,6
explicitly,6
degree,6
assemblages,6
manufactured,6
increase,6
cultura,6
congreso,6
would,6
earlier,6
illicit,6
renewal,6
thomas,6
latter,6
systems,6
become,6
relative,6
examines,6
five,6
espanola,6
fe,6
frontier,6
fields,6
panama,6
peoples,6
bioarchaeological,6
coloniales,6
lacandon,6
paper,6
domestic,6
past,6
living,6
phd,6
what,6
coast,6
must,6
despite,6
techniques,6
formation,6
until,6
reitz,6
public,6
land,6
provided,6
colleagues,6
francisco,6
southeastern,6
boletih,5
imported,5
determine,5
epidemic,5
notably,5
group,5
maize,5
policy,5
women,5
test,5
experience,5
lower,5
creation,5
rapid,5
diseases,5
georgia,5
tradition,5
analyses,5
persistence,5
ad,5
prior,5
activity,5
point,5
contraband,5
behavior,5
soto,5
labor,5
consumed,5
against,5
relatively,5
ct,5
haciendas,5
interesting,5
antropologfa,5
reflects,5
evolution,5
locally,5
primer,5
plenum,5
strategy,5
drawing,5
appear,5
centers,5
war,5
appears,5
silver,5
andes,5
ewen,5
templo,5
apparent,5
related,5
revealed,5
survey,5
artifact,5
regions,5
suggest,5
emphasizes,5
dramatic,5
cattle,5
using,5
sitio,5
situation,5
gender,5
comparative,5
brief,5
make,5
indicates,5
para,5
us,5
heritage,5
projects,5
efforts,5
fundamental,5
variation,5
distinct,5
strategies,5
years,5
backbone,5
those,5
elite,5
yale,5
maria,5
soconusco,5
times,5
allowed,5
characterized,5
creolization,5
played,5
xvi,5
rico,5
provide,5
sometimes,5
investigators,5
juan,5
rapidly,5
volumes,5
types,5
centuries,5
environment,5
variable,5
berkeley,5
each,5
illuminate,5
then,5
venezuela,5
scholarly,5
suggests,5
incorporated,5
variability,5
programs,5
challenges,5
include,5
attributes,5
attempted,5
association,5
catedral,5
substantial,5
final,4
transportation,4
kepecs,4
represent,4
tierra,4
miguel,4
church,4
likely,4
park,4
comparisons,4
entailed,4
scientific,4
military,4
proyecto,4
shipwrecks,4
previous,4
subsequent,4
nm,4
gasco,4
concepts,4
historians,4
demography,4
vol,4
determined,4
marked,4
prehispanic,4
west,4
x,4
ritual,4
arqueologica,4
dynamics,4
application,4
tucson,4
estimates,4
academic,4
ediciones,4
profound,4
serving,4
compared,4
matos,4
brandy,4
levels,4
notion,4
adopted,4
legal,4
importance,4
scarry,4
direct,4
special,4
majolicas,4
plaza,4
means,4
dominican,4
temprano,4
postmodern,4
prehistory,4
river,4
organized,4
experienced,4
resource,4
additional,4
problems,4
archeological,4
friars,4
guale,4
arrival,4
allow,4
diet,4
illness,4
mcewan,4
hanson,4
province,4
viewed,4
explored,4
method,4
christianity,4
participation,4
museo,4
jamieson,4
island,4
broad,4
reflect,4
employed,4
systematic,4
excavaciones,4
moquegua,4
precontact,4
event,4
involved,4
influence,4
arquitectura,4
presence,4
decline,4
villages,4
yielded,4
annual,4
reflected,4
critical,4
processual,4
variety,4
arqueologicos,4
charlton,4
limited,4
domingo,4
grande,4
interactions,4
strategic,4
kluwer,4
mobile,4
revitalization,4
arqueologicas,4
sociedad,4
williams,4
colonia,4
others,4
academy,4
fact,4
areas,4
infectious,4
fernandez,4
contemporary,4
program,4
depopulation,4
mundo,4
autonoma,4
mills,4
discussion,4
range,4
maritime,4
zarankin,4
concern,4
refugio,4
entirely,4
ethnic,4
periodo,4
saa,4
negotiating,4
pensacola,4
stress,4
symposium,4
like,4
vida,4
mining,4
structure,4
increasing,4
memoria,4
dimensions,4
colonizers,4
nuevo,4
transformation,4
countries,4
construction,4
caste,4
investigate,4
hides,4
addressed,4
colombiana,4
chapels,4
set,4
cemetery,4
capital,4
patrimonio,4
encounters,4
phenomena,4
emphasis,4
art,4
size,4
larsen,4
recognition,4
hernando,4
promoted,4
models,4
jemez,4
initiated,4
contract,4
illinois,4
integrated,4
hispaniola,4
manufacture,4
artefacts,4
off,4
remains,4
potential,4
themselves,4
documentary,4
utah,4
cross,4
should,4
built,4
arizona,4
rothschild,3
common,3
created,3
market,3
conversion,3
identify,3
ma,3
linkages,3
decade,3
missionaries,3
biocultural,3
periods,3
valencia,3
nineteenth,3
themes,3
highlight,3
congress,3
either,3
sources,3
posed,3
interested,3
caddoan,3
might,3
pampas,3
analogies,3
veloz,3
able,3
concludes,3
mississippi,3
help,3
differential,3
cruxent,3
cuba,3
primary,3
addresses,3
exception,3
tendencias,3
account,3
zuni,3
insight,3
dutch,3
austin,3
far,3
quantity,3
undergone,3
controlled,3
hudson,3
bogota,3
natives,3
goal,3
includes,3
collapse,3
immediate,3
consideration,3
cambio,3
sample,3
schavelzon,3
sacramento,3
neighbors,3
reflection,3
relations,3
stojanowski,3
highlighting,3
topic,3
californians,3
nor,3
underlying,3
amount,3
publications,3
networks,3
arqueologfa,3
drawn,3
bolivia,3
pronounced,3
stanley,3
focused,3
costa,3
high,3
whose,3
without,3
identification,3
subjected,3
growth,3
across,3
subsistence,3
active,3
coffee,3
selected,3
productive,3
az,3
support,3
developments,3
consejo,3
traces,3
underwater,3
followed,3
providing,3
decades,3
viejo,3
centra,3
suffered,3
salvage,3
skowronek,3
ubelaker,3
comaroffs,3
baton,3
puebloan,3
shared,3
facilitate,3
carolina,3
isotope,3
base,3
markets,3
hacia,3
tools,3
scale,3
postconquest,3
near,3
directly,3
majolica,3
residents,3
lamanai,3
tool,3
concept,3
descendant,3
su,3
proportions,3
actors,3
literature,3
place,3
habana,3
lifeways,3
focuses,3
teotihuacan,3
peruvian,3
specifically,3
small,3
autonomy,3
characteristics,3
methodological,3
mazzanti,3
results,3
rancho,3
isabela,3
activation,3
otis,3
highlights,3
republic,3
materials,3
modelos,3
presidios,3
californian,3
reconstruction,3
estado,3
single,3
cuenca,3
coastal,3
edited,3
interpretation,3
counterparts,3
array,3
neither,3
sixteenthand,3
editorial,3
analytical,3
transformations,3
light,3
complete,3
academia,3
reliance,3
increasingly,3
adaes,3
death,3
rejects,3
addition,3
villa,3
morrope,3
latina,3
simple,3
forms,3
outside,3
took,3
wild,3
innovative,3
council,3
creole,3
como,3
commercial,3
locations,3
break,3
interpreting,3
meaningful,3
examples,3
including,3
previously,3
mortuary,3
skeletal,3
xv,3
ideas,3
trend,3
recovery,3
salvador,3
continue,3
students,3
clear,3
dominated,3
analisis,3
so,3
hacienda,3
provides,3
jesuit,3
exchange,3
outcomes,3
salt,3
quincentennary,3
patterson,3
probably,3
present,3
adaptations,3
geography,3
occupied,3
professional,3
neophytes,3
wernke,3
dietary,3
africa,3
independent,3
science,3
continuing,3
impressive,3
contrast,3
aboriginal,3
rethinking,3
jesuits,3
earliest,3
stable,3
magnitude,3
con,3
reflexiones,3
simply,3
continues,3
temporal,3
organization,3
diets,3
alternative,3
established,3
natural,3
intellectual,3
caribe,3
abandonment,3
extraction,3
simposio,3
alexander,3
milanich,3
report,3
siglos,3
rely,3
encouraging,3
therrien,3
bones,3
iron,3
examining,3
differed,3
rural,3
works,3
growing,3
unique,3
spatial,3
nearby,3
maintain,3
agricultural,3
robles,3
distribution,3
imperial,3
influenced,3
almost,3
categories,3
avanzados,3
spaces,3
researchers,3
dialogues,3
multiple,3
given,3
introduced,3
technologies,3
mayolicas,3
centro,3
became,3
november,3
dental,3
mayor,3
encounter,3
domesticates,3
maintained,3
voyage,3
our,3
analogy,3
durante,3
comparable,3
ultimately,3
intensified,3
trauma,3
funari,3
aspectos,3
unified,3
disruption,3
diaspora,3
showed,3
vieja,3
commodity,3
chicago,3
lake,3
create,3
gulf,3
immediately,3
proceso,3
commentaries,3
retention,3
gold,3
difficult,2
o,2
done,2
struggle,2
flow,2
edge,2
if,2
concerned,2
engendered,2
extend,2
historico,2
introduction,2
evans,2
sphere,2
replaced,2
etnohistoria,2
kinds,2
mobility,2
essays,2
ethnogenesis,2
stone,2
dialectics,2
articles,2
tarble,2
favor,2
neutronica,2
wolf,2
acceptance,2
ocelocalco,2
tome,2
excavation,2
allies,2
unlike,2
inequality,2
arguing,2
maroon,2
source,2
diversity,2
archae,2
oranges,2
attempts,2
taken,2
address,2
ideographic,2
attempt,2
emerged,2
historiography,2
layout,2
crops,2
assess,2
fully,2
substantive,2
religion,2
monograph,2
identificacion,2
resulting,2
mohawks,2
half,2
there,2
influences,2
marine,2
midden,2
mexicon,2
theorizing,2
crystal,2
milner,2
botanical,2
anthropologists,2
autonomous,2
epoca,2
motion,2
sought,2
agriculture,2
design,2
demands,2
modo,2
sixteenth,2
mutual,2
consumers,2
crossed,2
homogeneous,2
combination,2
temporada,2
compares,2
chronic,2
economies,2
engage,2
ross,2
colono,2
regarding,2
frequencies,2
restos,2
phase,2
constitutive,2
shipwreck,2
relationships,2
merchants,2
sitios,2
quintana,2
component,2
severe,2
desarrollo,2
quality,2
reject,2
accommodation,2
pursue,2
analyzing,2
unpublished,2
forgotten,2
bridging,2
regarded,2
asociacion,2
employing,2
rooted,2
thank,2
forced,2
involvement,2
ware,2
tam,2
sed,2
missionized,2
legacy,2
back,2
fig,2
response,2
young,2
bight,2
amalgam,2
look,2
olive,2
apparently,2
understood,2
plant,2
higher,2
caso,2
guaira,2
tar,2
purely,2
slavery,2
sort,2
affairs,2
housing,2
doctrine,2
capture,2
mose,2
completely,2
environments,2
leave,2
derived,2
ongoing,2
dialogue,2
parroquia,2
enabled,2
burials,2
awatovi,2
guides,2
understand,2
praise,2
consider,2
objects,2
karankawa,2
encourages,2
descent,2
lima,2
producers,2
numbers,2
dominate,2
mary,2
articulated,2
house,2
document,2
frequently,2
generales,2
four,2
jars,2
americanista,2
powerful,2
cargo,2
muerte,2
nebraska,2
descriptive,2
uses,2
mahe,2
identifying,2
columbia,2
rule,2
faunal,2
inappropriate,2
seven,2
economics,2
events,2
timucua,2
endeavor,2
percentages,2
initial,2
greater,2
urbanization,2
zooarchaeological,2
moctezuma,2
equally,2
occupation,2
third,2
mediated,2
residential,2
symbols,2
meet,2
applied,2
instrumental,2
conferences,2
directions,2
wide,2
chiapas,2
products,2
pedro,2
urbano,2
scope,2
nine,2
catalogo,2
example,2
casa,2
cuicuilco,2
overview,2
northwest,2
ayer,2
aztec,2
beads,2
internacional,2
ethnohistoric,2
personal,2
ciencia,2
tecoh,2
ann,2
my,2
presencias,2
transculturation,2
commerce,2
below,2
buildings,2
applicability,2
catholic,2
imposition,2
discourse,2
registro,2
mound,2
mineral,2
preucel,2
cacao,2
multinational,2
industry,2
breaking,2
mi,2
gene,2
panamanian,2
boundaries,2
seeds,2
tended,2
symposia,2
characterizes,2
indigena,2
london,2
ramenofsky,2
roots,2
patrones,2
situado,2
moved,2
intermarriage,2
unfolded,2
targa,2
concomitant,2
frontera,2
republican,2
second,2
casta,2
demand,2
various,2
contingent,2
impacts,2
identified,2
materiales,2
ciencias,2
quinto,2
synthesis,2
overall,2
intended,2
return,2
classic,2
female,2
poor,2
sponsored,2
initially,2
lo,2
settings,2
tends,2
direction,2
catalina,2
percentage,2
artes,2
pacific,2
manipulated,2
auspices,2
violence,2
opportunities,2
makes,2
marginal,2
thought,2
columbus,2
smith,2
today,2
included,2
shifting,2
dialectical,2
russian,2
already,2
disciplinary,2
colca,2
members,2
french,2
participated,2
challenge,2
ethnohistorical,2
locating,2
ecological,2
salvamento,2
rock,2
water,2
consumo,2
striking,2
foods,2
creative,2
bourdieu,2
beliefs,2
grave,2
commemorate,2
caracterizacion,2
bioanthropological,2
farming,2
criollo,2
end,2
kashaya,2
agree,2
honor,2
men,2
ripley,2
crosscut,2
centre,2
cruz,2
developing,2
timing,2
non,2
heavily,2
colony,2
rich,2
books,2
shifts,2
entrepreneurial,2
identifiable,2
valleys,2
saunders,2
remained,2
responded,2
another,2
crown,2
recognizing,2
analyzed,2
behaviors,2
exploring,2
eighteenth,2
slaves,2
trajectory,2
enormous,2
samples,2
quest,2
burgos,2
aproximacion,2
lycett,2
emphasize,2
factor,2
actual,2
solis,2
rouge,2
ties,2
man,2
meanings,2
anthropol,2
roo,2
jose,2
publication,2
points,2
essay,2
maintenance,2
held,2
spread,2
strange,2
tribal,2
linking,2
stresses,2
structuring,2
black,2
abundant,2
periodos,2
martin,2
quarters,2
promotion,2
evolutionary,2
craft,2
relation,2
geographers,2
interpretations,2
assessing,2
tennessee,2
sobre,2
availability,2
preand,2
parameters,2
quarterly,2
outright,2
sociopolitical,2
convincingly,2
genesis,2
metallurgy,2
space,2
carried,2
oxford,2
misiones,2
modification,2
humanities,2
bureau,2
poet,2
tomo,2
politis,2
outsiders,2
ideology,2
testing,2
yaxcaba,2
institutions,2
monuments,2
success,2
transformed,2
guayana,2
seventeenth,2
effectively,2
cementerio,2
indicate,2
consolidation,2
class,2
quite,2
surprising,2
espiritu,2
silliman,2
worlds,2
problematic,2
meant,2
considered,2
weisman,2
dissertation,2
following,2
anales,2
conjunction,2
circumstances,2
asentamientos,2
geographic,2
theme,2
known,2
tatham,2
menendez,2
constructed,2
scaramelli,2
practicas,2
here,2
school,2
uruguay,2
ship,2
mutually,2
cultures,2
specialized,2
seem,2
distance,2
surprisingly,2
ceramicas,2
foundation,2
er,2
linked,2
espana,2
distinctive,2
free,2
mogrovejo,2
assessment,2
miranda,2
santiago,2
evident,2
argentinean,2
porotic,2
surpluses,2
catastrophic,2
preexisting,2
biomechanical,2
combined,2
chores,2
multidisciplinary,2
making,2
rebellion,2
evangelical,2
independently,2
pathogens,2
correlates,2
periphery,2
require,2
produce,2
memorias,2
descendants,2
banco,2
plata,2
outline,2
level,2
northwestern,2
osteoarchaeology,2
programa,2
liebmann,2
analyze,2
families,2
allows,2
economically,2
writing,2
gain,2
faculty,2
subsumed,2
iberian,2
come,2
spring,2
survival,2
flota,2
argument,2
editor,2
reveals,2
lands,2
decrease,2
internally,2
course,2
fauna,2
altiplano,2
fondo,2
pluralistic,2
extremely,2
am,2
postclasico,2
reconsidering,2
dh,2
tribes,2
interdisciplinary,2
elites,2
scholarship,2
mansilla,2
debate,2
entire,2
uk,2
building,2
meeting,2
roles,2
storey,2
weeki,1
problem,1
frequent,1
intimately,1
kulisheck,1
entities,1
go,1
inka,1
margins,1
portuguese,1
rate,1
phenotypic,1
provisioning,1
refutes,1
quimby,1
accomplish,1
rurales,1
geometry,1
cultigens,1
fl,1
valle,1
medieval,1
serpent,1
desafios,1
entierros,1
tres,1
steckel,1
jet,1
republicana,1
truth,1
nicaragua,1
epidemics,1
affected,1
extreme,1
pru,1
expedition,1
episodes,1
college,1
intriguing,1
northeast,1
imperios,1
methodologies,1
caribenos,1
tangentially,1
mendoza,1
apache,1
desparacion,1
lessened,1
originating,1
fragmented,1
poblaciones,1
constitution,1
distributed,1
systemic,1
expect,1
colegio,1
historias,1
methodology,1
boca,1
touched,1
illegal,1
hosted,1
bodegas,1
reframe,1
raices,1
formed,1
peas,1
mayas,1
currency,1
comunidades,1
eclectic,1
constitutes,1
specialist,1
postmodernist,1
dominica,1
hann,1
agua,1
investigating,1
criticizes,1
walker,1
contend,1
postprocessual,1
migracion,1
paraje,1
stunted,1
modern,1
conscious,1
teatro,1
monolithic,1
ceramicos,1
tecnologia,1
dressing,1
ataque,1
trace,1
flores,1
easily,1
boulevard,1
provincias,1
barrera,1
encourage,1
evaluating,1
variants,1
defrance,1
teorica,1
ethnoarchaeological,1
pipes,1
occupational,1
arqueohistoria,1
communicating,1
regime,1
arrived,1
loceros,1
village,1
lowlands,1
induced,1
plantations,1
contested,1
nativas,1
descriptions,1
evasion,1
interface,1
annals,1
pioneers,1
departed,1
lineas,1
baker,1
negative,1
mitigated,1
vivienda,1
came,1
attribute,1
rani,1
hopi,1
fluvial,1
provision,1
neiva,1
leon,1
lightly,1
latinomaericana,1
ethnologist,1
reconstructions,1
embraced,1
beautifully,1
earthenwares,1
edo,1
jackson,1
preceding,1
localities,1
catalogacion,1
voices,1
accommodated,1
expressive,1
hally,1
venezolano,1
fund,1
culturally,1
feeling,1
diego,1
exhibition,1
dunnell,1
surveying,1
articulate,1
caddoans,1
discerned,1
seems,1
geografia,1
lifeline,1
gary,1
confirmed,1
kinich,1
hoffman,1
kern,1
neophyte,1
affinities,1
pomo,1
capitalist,1
moderna,1
route,1
textiles,1
leading,1
explores,1
broadly,1
occasionally,1
assertion,1
suggesting,1
impede,1
conceptualized,1
highland,1
entorno,1
imagery,1
reasons,1
monitor,1
ravaged,1
location,1
accumulated,1
tactic,1
duran,1
narrative,1
hendricks,1
geopolitical,1
studied,1
inherent,1
government,1
link,1
composition,1
expertly,1
pompa,1
capuchinas,1
palomar,1
uncovered,1
tx,1
intercambio,1
locality,1
reproduction,1
graham,1
alvis,1
domesticating,1
inadvertently,1
achieved,1
ogist,1
southernmost,1
tree,1
staski,1
qutbor,1
inferring,1
consist,1
murray,1
manipulating,1
precisely,1
inaccessi,1
circumvention,1
routines,1
mestizaje,1
poniente,1
decreased,1
rickliss,1
signs,1
yamasee,1
climate,1
recreate,1
amber,1
amalia,1
motivated,1
intersection,1
contents,1
movimientos,1
unconscious,1
nowhere,1
employs,1
eradicate,1
takes,1
rim,1
anniversary,1
existence,1
suspect,1
sophisticated,1
valdez,1
promulgated,1
laboring,1
roy,1
clasificando,1
fernando,1
householders,1
mezcla,1
wachee,1
negotiate,1
draws,1
adopts,1
advice,1
adverse,1
amelia,1
interdependence,1
conditioned,1
right,1
plantation,1
victims,1
unfold,1
direccion,1
anasazi,1
resistencia,1
anos,1
anticipation,1
symbiosis,1
quantities,1
washington,1
welcome,1
benefiting,1
possible,1
politics,1
fundacion,1
cubano,1
characterize,1
counterpoint,1
sale,1
plague,1
inevitable,1
parisons,1
flatten,1
erased,1
solely,1
patrimonial,1
bibliography,1
padre,1
prehispanicos,1
zooarchaeology,1
investigator,1
figurillas,1
tecnicas,1
transcend,1
arqueologm,1
occurring,1
longevity,1
variations,1
reflecting,1
disparities,1
padres,1
fur,1
guarani,1
requirements,1
redefining,1
constrained,1
interact,1
beneath,1
unrecorded,1
tumacacori,1
prevented,1
herrera,1
apologies,1
teorfa,1
masks,1
penetrate,1
sanchez,1
crystallized,1
reconstruc,1
localized,1
signal,1
framework,1
coincident,1
tribute,1
biohistory,1
conflict,1
possessing,1
associations,1
accessible,1
buffered,1
denying,1
selves,1
dominico,1
married,1
affiliation,1
relocation,1
cemeteries,1
alcala,1
que,1
southwestern,1
historically,1
proceeded,1
filosofia,1
solariega,1
explained,1
estimating,1
difficulties,1
bison,1
sob,1
eating,1
reino,1
visited,1
realized,1
anomalous,1
kotyiti,1
invaders,1
ximena,1
acculturative,1
millennium,1
finally,1
latinamericana,1
characteristic,1
ability,1
firme,1
gendered,1
esmaltadas,1
espousing,1
rites,1
uniformity,1
arriba,1
quincentennial,1
encyclopedia,1
actas,1
ease,1
guillen,1
type,1
pay,1
seemingly,1
estilos,1
pimeria,1
accelerating,1
dominicana,1
comprised,1
interprets,1
seaboard,1
kind,1
exercise,1
attracting,1
priority,1
adjustment,1
drainage,1
elements,1
items,1
ation,1
clark,1
rejecting,1
places,1
bay,1
chilean,1
ocupacion,1
uniformly,1
fisionomia,1
marriage,1
modifying,1
encompass,1
torata,1
malibu,1
rodado,1
slave,1
borja,1
restrict,1
difficulty,1
elicit,1
handbook,1
pod,1
plants,1
itza,1
huayrachinas,1
left,1
cohen,1
effective,1
karnes,1
reoccupation,1
truly,1
catherines,1
horrell,1
helpful,1
indicadores,1
hybrid,1
explore,1
landmark,1
avances,1
cundiboyacense,1
obscure,1
corpus,1
remarkably,1
metropolitana,1
critique,1
architects,1
parasites,1
nacimiento,1
representation,1
disruptions,1
jr,1
discurso,1
luna,1
podgorny,1
jones,1
generation,1
though,1
izing,1
adjust,1
rates,1
brunida,1
guaranf,1
ingles,1
brownware,1
purepechas,1
algunas,1
antioquia,1
bottlenecks,1
parks,1
crossroads,1
industries,1
phases,1
milbrath,1
toltec,1
belice,1
failed,1
civilization,1
assessed,1
wineries,1
opposed,1
sweeping,1
brubacker,1
referred,1
seeming,1
fleeing,1
terrestrial,1
segundo,1
perttula,1
centenario,1
talimali,1
recognized,1
evaluates,1
varying,1
departicularizing,1
reiterates,1
reconfigured,1
systematizes,1
act,1
programmatic,1
moiety,1
statements,1
devastating,1
chuck,1
investigacion,1
performance,1
porto,1
residence,1
ostensibly,1
encompassed,1
impetus,1
centered,1
generations,1
adds,1
angeles,1
arquitectonico,1
sluyter,1
remain,1
imperio,1
disjunction,1
breadth,1
basic,1
mate,1
influential,1
na,1
transfers,1
appreciation,1
invigorating,1
fringe,1
sexual,1
presentation,1
holistic,1
remote,1
mean,1
broaden,1
forgo,1
killing,1
suffer,1
arrangements,1
outward,1
persistencia,1
connected,1
bureaucracies,1
grew,1
archaeometry,1
certain,1
urbanisticas,1
colonist,1
spores,1
parts,1
sierras,1
kilns,1
oases,1
contributions,1
assuming,1
references,1
revelation,1
elaborate,1
scales,1
resettlement,1
white,1
reforms,1
animals,1
imperialist,1
studland,1
mation,1
precious,1
supposed,1
tuxtla,1
lots,1
generating,1
involve,1
modified,1
rising,1
zambetogliris,1
category,1
margolis,1
wagon,1
conformed,1
perceptions,1
colonizing,1
interpretacion,1
reconceptualization,1
synthesizes,1
facilitated,1
immigrant,1
self,1
marks,1
hayley,1
tensions,1
flows,1
loren,1
cathedral,1
entry,1
proliferate,1
territorios,1
retained,1
coosa,1
peasant,1
serviced,1
dated,1
biosocial,1
smuggled,1
clearly,1
aguirre,1
wealth,1
section,1
compliacion,1
congregate,1
ideologies,1
reified,1
reconstituted,1
sheer,1
novohispana,1
thimble,1
dobyns,1
argued,1
ceded,1
reviewed,1
capilla,1
profile,1
upper,1
ameristica,1
verano,1
age,1
retrospective,1
show,1
motivates,1
ization,1
origins,1
kealhofer,1
goats,1
novellino,1
esudios,1
isolation,1
peninsula,1
spiritual,1
evaluation,1
consequence,1
prairie,1
stark,1
monclova,1
putting,1
magana,1
improvisational,1
intentional,1
escribano,1
melville,1
exploitation,1
eradication,1
instance,1
permanent,1
rosario,1
articulacion,1
quito,1
dominant,1
syntheses,1
protohistory,1
providers,1
export,1
comision,1
imitate,1
trained,1
protestant,1
interpretativas,1
lesions,1
fluid,1
tecnologias,1
disappeared,1
foraneos,1
gutierrez,1
investigadores,1
desarollo,1
whereas,1
ciudades,1
diachronic,1
yielding,1
spaniard,1
formas,1
gregory,1
closely,1
matson,1
reprinted,1
pastoral,1
whom,1
merging,1
extent,1
anemia,1
questioned,1
unfolding,1
avenue,1
declined,1
santander,1
portable,1
revived,1
pijoan,1
six,1
federally,1
conservative,1
basin,1
demise,1
caravans,1
lumbreras,1
search,1
homogenizing,1
access,1
lived,1
format,1
giddens,1
criticisms,1
paleopathology,1
allowing,1
radical,1
agendas,1
sifting,1
ortega,1
transfor,1
mesoamerican,1
luxury,1
viking,1
configuration,1
illuminated,1
bioantropologicos,1
experts,1
sagrario,1
argentinian,1
respects,1
pots,1
embedded,1
accurately,1
materiality,1
further,1
facultad,1
exceptions,1
preston,1
transconquest,1
documenting,1
stodder,1
chinese,1
traits,1
informed,1
elemental,1
cientifico,1
buried,1
crc,1
displayed,1
block,1
reviews,1
keywords,1
desde,1
marxista,1
reinforce,1
tile,1
cannot,1
dispersal,1
ayuntamiento,1
analogous,1
serie,1
trevino,1
excellent,1
intertwined,1
energy,1
troops,1
productively,1
teotlalpan,1
metals,1
xvii,1
aguayo,1
explain,1
vehicles,1
fox,1
aridity,1
taught,1
enough,1
encroachment,1
mixto,1
possibility,1
coin,1
briefly,1
technical,1
kitchen,1
shape,1
devolution,1
provincial,1
diarrhea,1
porno,1
theological,1
spheres,1
basis,1
distinguish,1
mitchem,1
perez,1
stances,1
conduit,1
sonora,1
urbanos,1
bounded,1
industrial,1
wolfs,1
instituted,1
ingots,1
lectura,1
spoehr,1
coping,1
intermarried,1
steve,1
characterization,1
tallow,1
purpose,1
discusses,1
explains,1
competing,1
training,1
norm,1
andlisis,1
tombs,1
symbolism,1
commonalities,1
maggiolo,1
forge,1
positions,1
reports,1
caught,1
description,1
criticized,1
aguas,1
older,1
galve,1
discussions,1
positing,1
esqueletos,1
lpbd,1
policies,1
constitute,1
records,1
concepto,1
sacked,1
actually,1
etnoarqueologico,1
structures,1
todos,1
friend,1
guam,1
winter,1
rituals,1
call,1
documented,1
marquez,1
away,1
aplicacion,1
formations,1
cone,1
xviii,1
participate,1
matt,1
idyllic,1
interpreted,1
horizon,1
shapiro,1
universally,1
currents,1
wheat,1
romantically,1
connections,1
transatlantic,1
relaciones,1
continuidad,1
thrived,1
circumventing,1
yi,1
arkansas,1
alameda,1
preceded,1
vestigios,1
good,1
multiplicity,1
alfarera,1
officials,1
considers,1
cuademos,1
sense,1
cayetano,1
successful,1
xxvi,1
hard,1
marken,1
merino,1
irrevocable,1
recuperados,1
shaping,1
administrators,1
unconquered,1
independiente,1
ethnicity,1
aculturacion,1
politically,1
le,1
multitude,1
relevant,1
seminario,1
michoacana,1
formatting,1
owned,1
sharp,1
resultados,1
around,1
family,1
encompasses,1
teams,1
underscore,1
beristain,1
sufficient,1
cervantes,1
wider,1
concerns,1
routine,1
temporary,1
governments,1
oro,1
met,1
essentially,1
distinguished,1
ancestors,1
sha,1
amigos,1
engages,1
ramada,1
christians,1
managed,1
patience,1
farnsworth,1
indfgenas,1
oholone,1
renewed,1
majority,1
dependent,1
fortress,1
capiz,1
describes,1
syndetic,1
rowman,1
polyethnic,1
decision,1
notes,1
structured,1
newly,1
developmental,1
preliminary,1
displaced,1
flour,1
interests,1
geographical,1
acuto,1
jeffrey,1
subsequently,1
circum,1
survived,1
barbara,1
antihistorical,1
okoshi,1
phrased,1
mochica,1
naufragio,1
will,1
emanual,1
integrating,1
llc,1
ruinas,1
consideraciones,1
morphometric,1
led,1
underlies,1
noteworthy,1
approximate,1
bourbon,1
sevillian,1
chains,1
reduced,1
infections,1
rey,1
hegemony,1
clara,1
plateau,1
bautista,1
mesa,1
attributable,1
visually,1
succumbing,1
shedding,1
molina,1
counterposes,1
indicative,1
sonoran,1
distorted,1
short,1
collection,1
resisted,1
prehispanicas,1
irony,1
arquitectonicas,1
lado,1
notoriously,1
forward,1
merits,1
permanencia,1
inhibit,1
rodriguez,1
brings,1
prevailing,1
strains,1
prehistorico,1
hispanico,1
subsume,1
allen,1
prerevolt,1
hospital,1
multiscale,1
reappraisal,1
domination,1
comments,1
standing,1
passengers,1
uncertain,1
dissemination,1
movement,1
quartz,1
escaping,1
spate,1
inhabited,1
reception,1
decisions,1
com,1
structural,1
ubiquity,1
mayab,1
depicted,1
springs,1
criticism,1
incursion,1
relied,1
lifting,1
pluriethnic,1
reference,1
contribute,1
primarios,1
underdevelopment,1
tremendous,1
coverage,1
represents,1
fermentation,1
acknowledgments,1
frowned,1
hegemonic,1
unidirectional,1
traves,1
sociocultural,1
metallurgical,1
alegre,1
chronology,1
populated,1
official,1
procurement,1
polities,1
vidriados,1
oyuela,1
castillo,1
knoxville,1
macmahon,1
alberti,1
tax,1
fringes,1
home,1
falls,1
railroad,1
extinction,1
adjusted,1
thousand,1
aportes,1
ethnographic,1
outlined,1
demonstrates,1
silk,1
reply,1
jamaica,1
largest,1
insights,1
zuniga,1
traders,1
illustrated,1
boiling,1
memorial,1
motivate,1
functions,1
begins,1
muertos,1
praxis,1
truncated,1
isolated,1
enterprises,1
sector,1
sketch,1
outskirts,1
useful,1
construyendo,1
angel,1
rings,1
routes,1
street,1
corporeal,1
crew,1
prehispanico,1
name,1
successfully,1
glorieta,1
overreliance,1
kiln,1
seville,1
circumscribes,1
book,1
lubbock,1
chama,1
technique,1
request,1
andalusian,1
links,1
mark,1
fragmentation,1
beber,1
cimarron,1
ask,1
towns,1
permanente,1
visita,1
added,1
fortificaciones,1
bajo,1
adherence,1
hernandez,1
true,1
happening,1
vidriadas,1
xii,1
barra,1
ossuary,1
soledad,1
valid,1
datos,1
treatment,1
conduct,1
cubierta,1
lezama,1
don,1
lives,1
superficial,1
importation,1
advantage,1
broken,1
depict,1
rugged,1
abstract,1
rance,1
contrastantes,1
cense,1
temascalapa,1
choice,1
viii,1
insular,1
panoptic,1
children,1
educated,1
arqobispal,1
museu,1
atomic,1
omitted,1
rica,1
debates,1
everything,1
overwhelmingly,1
deleterious,1
substantially,1
fundicion,1
outpost,1
pennsylvania,1
fashion,1
mendocino,1
yearbook,1
discussed,1
lamotta,1
carlos,1
globalization,1
bility,1
documents,1
channel,1
receiving,1
acequia,1
assimilationist,1
everyday,1
physiological,1
reconstructing,1
ground,1
sorts,1
begin,1
caminos,1
pandemics,1
nicolas,1
coins,1
road,1
lehmann,1
obscures,1
purposes,1
purisima,1
archaeobotanical,1
existing,1
coarse,1
accepted,1
referenciasl,1
coercion,1
eliciting,1
orozco,1
hinterlands,1
posconquista,1
michael,1
vertical,1
defense,1
coexisted,1
coincided,1
riley,1
necessary,1
leveling,1
deficiency,1
focusing,1
incursions,1
chungara,1
syncretic,1
fewer,1
convento,1
belief,1
seminars,1
adas,1
complejidad,1
acerca,1
cogently,1
historicos,1
assemblage,1
paso,1
destroyed,1
reconquered,1
encountered,1
integrity,1
regionally,1
thoroughly,1
recreational,1
dehydration,1
ayers,1
ivey,1
antropologicas,1
meetings,1
breakdown,1
aggregation,1
interrelated,1
private,1
costello,1
greatest,1
ignored,1
prospects,1
compendia,1
crossbows,1
unmissionized,1
atlantic,1
survive,1
lost,1
background,1
treated,1
referenced,1
craig,1
discovery,1
explanation,1
organisms,1
opus,1
upon,1
archival,1
values,1
represented,1
pipil,1
desert,1
galloway,1
especialidad,1
formal,1
bioarqueologicos,1
patricia,1
diferencias,1
tlatelolco,1
bexar,1
parameter,1
launched,1
depended,1
micronesian,1
filiacion,1
thimbles,1
doctrinas,1
ancillary,1
asentamiento,1
findings,1
municipalidad,1
sank,1
significant,1
downplayed,1
cranial,1
complement,1
roja,1
persisted,1
assumption,1
residues,1
dye,1
biology,1
pimerta,1
francis,1
dress,1
numerous,1
globalizing,1
causes,1
prov,1
manipulation,1
engaging,1
collaborative,1
band,1
sequence,1
prominently,1
workloads,1
questions,1
variables,1
styles,1
engaged,1
marcos,1
nationalism,1
full,1
markus,1
actualizando,1
delay,1
interethnic,1
potosf,1
sincretismo,1
temas,1
intimacy,1
dating,1
continuities,1
discontinuities,1
described,1
artefactos,1
vii,1
repertoires,1
charge,1
primada,1
low,1
navajo,1
open,1
explorations,1
landscapes,1
appraisal,1
discovered,1
loosely,1
oriental,1
directed,1
emphasizing,1
comprehensive,1
peripheral,1
galindo,1
encuentro,1
transpired,1
correcting,1
foodways,1
co,1
tabaco,1
mississippian,1
castellon,1
enamel,1
homes,1
descubrimiento,1
exaction,1
osteology,1
novohispanos,1
reviewers,1
supplying,1
collaboration,1
federal,1
chiefdom,1
summer,1
him,1
significados,1
parallels,1
escaped,1
mines,1
universitario,1
accurate,1
hnahnii,1
adequately,1
granada,1
least,1
ecuatoriana,1
izabal,1
why,1
agriculturalists,1
carlson,1
es,1
facing,1
comparing,1
behind,1
internal,1
article,1
suaza,1
taino,1
parallel,1
underside,1
chapel,1
constructing,1
dona,1
viewpoint,1
rectify,1
experiencing,1
contrastes,1
corzo,1
topics,1
wreck,1
attendant,1
hi,1
monographs,1
burnett,1
intake,1
recommending,1
capitalism,1
implication,1
directs,1
rhetorical,1
slightly,1
story,1
revolted,1
territorio,1
emece,1
attracted,1
otumba,1
gallardo,1
incontrovertible,1
versus,1
tendency,1
foro,1
destruction,1
joint,1
caution,1
conquista,1
quarter,1
facilitates,1
propose,1
regimes,1
domfnguez,1
indige,1
stability,1
widely,1
species,1
zooarcheological,1
respuesta,1
maracaibo,1
infants,1
rosalie,1
paredes,1
parish,1
depth,1
bernalillo,1
recuperando,1
inertia,1
extracted,1
applications,1
aid,1
geoscience,1
comer,1
ology,1
poblamiento,1
smelting,1
note,1
acquiescing,1
usually,1
salient,1
linda,1
differs,1
synopses,1
predio,1
vision,1
suggestive,1
foster,1
obscuring,1
tech,1
subdiscipline,1
presencia,1
upham,1
exacerbated,1
celebration,1
canto,1
conurbano,1
lines,1
andean,1
ruhl,1
botijas,1
widespread,1
male,1
binary,1
slow,1
independence,1
chikinchel,1
recourse,1
venues,1
seen,1
consonant,1
detailed,1
esclava,1
espanol,1
imperialism,1
enculturation,1
force,1
jar,1
fending,1
contribution,1
interplay,1
degenerative,1
wilson,1
diarrheal,1
pro,1
traveled,1
displaying,1
gongora,1
transferencia,1
politico,1
escuela,1
introductory,1
periosteal,1
samaniego,1
existed,1
amalgamation,1
enhance,1
teresa,1
elderly,1
table,1
permanency,1
stratified,1
composed,1
perspectivas,1
hutchinson,1
deagen,1
ligorred,1
face,1
unusual,1
figured,1
confrontation,1
inaa,1
grounded,1
humanfsticas,1
crowded,1
posicion,1
fought,1
freeing,1
conservation,1
koasati,1
dieciseis,1
atlas,1
hancock,1
goliad,1
detail,1
jacobi,1
quantitative,1
fertility,1
roof,1
warrants,1
alrededores,1
methodist,1
seriously,1
victoria,1
socioetnicas,1
diseno,1
eventually,1
fifteen,1
any,1
orthodoxies,1
reliant,1
historian,1
epistemologies,1
tenochtitlan,1
plan,1
comes,1
exemplified,1
latinoamericana,1
mentioned,1
preclude,1
barrio,1
skeleton,1
reformulation,1
complexes,1
athens,1
corner,1
marrinan,1
reconstitute,1
steel,1
utilitaria,1
constituted,1
accounts,1
conceptualize,1
detect,1
vi,1
nutritional,1
precise,1
tijeras,1
improvement,1
endfield,1
marino,1
md,1
bullen,1
drift,1
doi,1
text,1
funding,1
meat,1
palka,1
equipment,1
appealing,1
daunting,1
luisa,1
ciudadela,1
colorado,1
downtown,1
transplanting,1
contingents,1
outcome,1
dimension,1
revealing,1
duele,1
contextual,1
deficiencies,1
sociales,1
aproximaciones,1
masonry,1
sure,1
vajilla,1
bonine,1
sheep,1
meadows,1
december,1
inglesa,1
inclined,1
distinctions,1
contained,1
setting,1
denigrate,1
exploration,1
sampling,1
odontometric,1
periodificacion,1
best,1
outlook,1
acts,1
brick,1
iglesias,1
bit,1
wealthy,1
patronato,1
explicated,1
wall,1
primero,1
loza,1
provoke,1
iii,1
lugo,1
newman,1
contradictory,1
obviously,1
brazil,1
trabajo,1
porcelain,1
houses,1
benefit,1
inference,1
accepts,1
sierra,1
consciousness,1
impressively,1
tercer,1
advances,1
entrada,1
better,1
turned,1
elena,1
animal,1
arqueologta,1
higiene,1
integrates,1
william,1
romero,1
johnson,1
avoidance,1
galvan,1
ruins,1
kivas,1
lessons,1
comportamiento,1
communicate,1
accommo,1
fusco,1
yerba,1
rose,1
nationalist,1
ethnohistorico,1
form,1
haagen,1
cundiboya,1
contrapunteo,1
monzon,1
bibliographic,1
obsessive,1
imposed,1
urbanismo,1
sus,1
contrasting,1
map,1
transactions,1
cripta,1
textos,1
virtuosity,1
nautical,1
supplemented,1
consisting,1
cusick,1
preliminares,1
capitalismo,1
utilitarian,1
caycedo,1
foundations,1
newson,1
gannon,1
healthy,1
xcaret,1
divide,1
dark,1
amodio,1
lenient,1
capistrano,1
discourses,1
balance,1
restoring,1
exemplify,1
mercantilist,1
virginia,1
capitalized,1
port,1
middle,1
conventos,1
popular,1
vessels,1
practical,1
caracteristicas,1
paintings,1
patios,1
teoricos,1
classes,1
portraying,1
counterhegemonic,1
preconquest,1
conclude,1
uniform,1
outwardly,1
prevalent,1
africans,1
pecos,1
practica,1
concessions,1
plans,1
lies,1
assumptions,1
everywhere,1
territory,1
adapted,1
extended,1
deviate,1
navarrete,1
commodities,1
reconstruct,1
antigua,1
intelligible,1
equipped,1
trigger,1
rebels,1
snow,1
nous,1
da,1
aspect,1
postcolonial,1
recovered,1
rovira,1
alliance,1
espacio,1
contrasts,1
esclavos,1
evangelization,1
tomas,1
espouse,1
examinations,1
susceptible,1
poblados,1
sanctioned,1
klauss,1
lithic,1
understandings,1
nuclear,1
metal,1
accelerate,1
invasion,1
frontiers,1
lobo,1
nonelite,1
rediscovery,1
autochthonous,1
sensibilities,1
neutron,1
finding,1
twentieth,1
protohistoric,1
misrepresents,1
web,1
institutional,1
nonlinear,1
stratification,1
landers,1
gracia,1
piracy,1
hispanica,1
documentation,1
corrective,1
offer,1
rices,1
unfit,1
instead,1
microstructure,1
typically,1
cooper,1
usa,1
hunter,1
canadian,1
need,1
sur,1
dyadic,1
moveable,1
cation,1
lincoln,1
integration,1
comparativos,1
involving,1
meyers,1
playing,1
derive,1
regain,1
sexuality,1
depto,1
permeable,1
ponce,1
speak,1
conde,1
foraging,1
classification,1
gassiot,1
indices,1
maintaining,1
anonymous,1
needs,1
evidencias,1
offered,1
observation,1
supported,1
leoria,1
tecnologica,1
endeavors,1
rice,1
vessel,1
modeling,1
yacundaa,1
requires,1
substitute,1
ortiz,1
beck,1
sering,1
capitulation,1
marxist,1
needle,1
communi,1
cook,1
californio,1
conceptual,1
sociedade,1
pineapple,1
panamenas,1
sharing,1
planteamientos,1
texts,1
singleton,1
exclusively,1
asks,1
sciences,1
etnohistorico,1
develop,1
divergent,1
corn,1
abandoned,1
re,1
ends,1
livestock,1
ethnology,1
laborers,1
successive,1
petroleum,1
conception,1
race,1
close,1
customs,1
estrategias,1
cited,1
major,1
mapuche,1
richly,1
faction,1
heterogeneous,1
catalanas,1
thorough,1
