WORDCOUNTS,WEIGHT
and,1009
the,868
of,743
in,481
a,297
archaeology,259
to,238
crm,230
archaeological,210
for,206
j,183
cultural,152
on,143
resource,140
american,133
management,121
d,111
pp,108
m,103
e,101
r,86
as,81
c,81
p,77
or,77
l,77
no,75
is,75
national,71
that,70
g,70
society,70
an,65
university,64
research,62
preservation,61
resources,59
public,59
s,57
archeological,57
are,57
at,55
federal,55
w,55
new,54
state,51
conservation,50
et,48
with,48
work,47
f,45
archaeologists,44
historic,43
park,42
dc,42
report,42
t,41
from,41
historical,40
b,39
other,39
united,39
be,37
not,34
contract,34
h,33
review,33
antiquity,33
have,33
but,32
department,32
it,30
site,30
this,30
k,30
reports,30
some,29
journal,29
us,29
by,29
iowa,28
sites,28
archeology,28
field,28
protection,26
protecting,26
most,25
these,25
ine,25
illinois,25
green,25
their,24
can,24
has,22
future,22
ana,22
regional,22
doershuk,21
academic,21
bulletin,21
current,21
studies,20
data,20
agencies,20
professional,20
education,20
past,20
states,20
also,19
quality,19
v,19
practitioners,19
programs,19
into,18
many,18
ot,17
only,17
heritage,17
program,17
ethics,16
than,16
northeastern,16
information,16
its,16
issues,16
law,16
private,16
collections,16
conference,16
north,16
boca,15
agency,15
survey,15
such,15
n,15
michigan,15
saa,15
crc,15
been,15
should,15
sopa,14
center,14
great,14
bergin,14
even,14
native,14
prehistoric,14
through,14
indian,14
were,14
we,14
compliance,14
years,14
recent,14
technical,13
more,13
mississippi,13
which,13
much,13
newsletter,13
they,12
one,12
those,12
plains,12
vol,12
interagency,12
river,12
important,12
standards,12
project,12
arkansas,12
annual,12
southern,12
archaeologist,12
assistance,12
curation,12
anthropology,12
history,11
all,11
papers,11
human,11
development,11
how,11
training,11
often,11
while,11
southeastern,11
arizona,11
does,10
now,10
case,10
guidelines,10
act,10
missouri,10
because,10
sense,10
museum,10
under,10
ethical,10
practice,10
local,10
submitted,10
services,10
dollars,10
corps,10
discipline,10
army,10
consultants,10
both,10
world,10
valley,10
if,9
shpo,9
england,9
i,9
help,9
consulting,9
within,9
occasional,9
perspective,9
york,9
landscape,9
legal,9
was,9
view,9
late,9
planning,9
example,9
useful,9
few,9
when,9
will,9
about,9
yet,9
perspectives,9
projects,9
anthropologist,9
values,9
significance,9
provide,9
who,9
anthropological,9
paper,9
whether,9
land,9
canadian,9
effects,9
between,9
fayetteville,8
may,8
contributions,8
special,8
just,8
had,8
salvage,8
out,8
overview,8
overviews,8
protect,8
texas,8
various,8
service,8
published,8
organizations,8
council,8
degree,8
significant,8
would,8
methods,8
investigations,8
arcnaeoiogy,8
any,8
proceedings,8
managing,8
draft,8
regulations,7
approaches,7
excavation,7
file,7
being,7
long,7
u,7
laws,7
collection,7
interest,7
support,7
upper,7
readings,7
western,7
syntheses,7
method,7
international,7
burial,7
well,7
part,7
historian,7
approach,7
working,7
settlement,7
brief,7
southeast,7
majority,7
conduct,7
office,7
methodological,7
general,7
mexico,7
institution,7
bureau,7
science,7
job,7
what,7
theory,7
require,7
women,7
produce,7
presented,7
role,7
firms,7
although,7
association,7
broader,7
oí,7
major,7
large,6
there,6
principal,6
along,6
comprehensive,6
de,6
conducted,6
jr,6
century,6
oj,6
rather,6
rescue,6
underwater,6
effort,6
arcnaeoiogicai,6
quandaries,6
wide,6
knowledge,6
status,6
visions,6
several,6
smithsonian,6
massachusetts,6
using,6
appropriate,6
south,6
variety,6
community,6
costs,6
business,6
toward,6
efforts,6
documents,6
pennsylvania,6
tne,6
developing,6
central,6
free,6
understanding,6
theoretical,6
publication,6
black,6
nonprofit,6
especially,6
promote,6
destruction,6
increasing,6
canada,6
geographic,6
assessment,6
register,6
views,6
traditional,6
newsletters,6
among,6
final,5
environmental,5
modern,5
evaluating,5
issue,5
possible,5
diversity,5
phase,5
throughout,5
safety,5
david,5
engineering,5
publications,5
preserving,5
developed,5
basic,5
creek,5
prehistory,5
impact,5
requires,5
regulatory,5
base,5
procedures,5
required,5
aspects,5
literature,5
discussions,5
northwest,5
legislation,5
graduate,5
least,5
stage,5
st,5
florida,5
activities,5
return,5
study,5
settings,5
technology,5
al,5
two,5
religious,5
treatment,5
areas,5
time,5
patterns,5
innovative,5
strategies,5
indiana,5
looting,5
fourteenth,5
questions,5
evolution,5
trust,5
high,5
problems,5
northern,5
acra,5
responsibility,5
decision,5
institutions,5
directions,5
types,5
ensure,5
springfield,5
experiment,5
material,5
series,5
geoarchaeology,5
city,5
prepared,5
question,5
lands,5
need,5
potential,5
enormous,5
o,4
common,4
corporate,4
introduction,4
authority,4
summaries,4
ms,4
island,4
sources,4
might,4
address,4
available,4
government,4
substantive,4
real,4
nm,4
eastern,4
money,4
america,4
holocene,4
west,4
taking,4
since,4
requirements,4
geomorphological,4
apply,4
relationships,4
relatively,4
co,4
columbia,4
geological,4
waterways,4
contracting,4
essential,4
subsistence,4
environments,4
similar,4
importance,4
parts,4
postprocessual,4
means,4
consider,4
established,4
too,4
maintain,4
beyond,4
helped,4
basin,4
further,4
buried,4
record,4
gps,4
shape,4
scope,4
apparent,4
geology,4
people,4
forces,4
regions,4
characteristics,4
up,4
value,4
limited,4
still,4
make,4
serve,4
same,4
wisconsin,4
insights,4
increasingly,4
sector,4
volume,4
departments,4
debates,4
do,4
ground,4
where,4
see,4
levels,4
perhaps,4
mill,4
another,4
background,4
reburial,4
largely,4
congress,4
recovery,4
california,4
low,4
abstracts,4
keep,4
so,4
earlier,4
provides,4
systems,4
assessing,4
applications,4
me,4
note,4
sequences,4
forest,4
logging,4
environment,4
des,4
funding,4
here,4
natural,4
over,4
king,4
best,4
advances,4
advisory,4
completion,4
investigation,4
making,4
covers,4
problem,4
thousands,4
huge,4
urban,4
little,4
recognition,4
ill,4
courses,4
our,4
culture,4
include,4
summary,4
schiffer,4
enterprise,4
develop,4
doing,4
done,3
college,3
uplands,3
san,3
rogers,3
true,3
du,3
contexts,3
first,3
stabilization,3
scientific,3
attempt,3
procedure,3
robert,3
political,3
british,3
documenting,3
discuss,3
geophysical,3
prior,3
cooperation,3
activity,3
drive,3
except,3
garden,3
funded,3
professionalism,3
consideration,3
run,3
repatriation,3
defense,3
elements,3
amount,3
subjects,3
cambridge,3
student,3
kentucky,3
ma,3
alabama,3
van,3
his,3
managers,3
sensing,3
remote,3
active,3
form,3
rules,3
developments,3
plus,3
quarterly,3
organization,3
benefits,3
intensive,3
cost,3
desert,3
atlanta,3
reflections,3
uses,3
based,3
acceptable,3
lead,3
societies,3
mapping,3
centers,3
handbook,3
regulation,3
districts,3
applied,3
otherwise,3
receive,3
accounting,3
grapevine,3
viability,3
concept,3
civil,3
related,3
comment,3
routinely,3
woodland,3
used,3
during,3
policies,3
ontario,3
personal,3
focuses,3
employed,3
participate,3
fieldwork,3
own,3
bodies,3
good,3
change,3
computer,3
successful,3
pottery,3
next,3
involved,3
small,3
concerns,3
technicians,3
industry,3
division,3
universities,3
results,3
paid,3
lansing,3
lincoln,3
reducing,3
critical,3
he,3
underground,3
techniques,3
islands,3
tor,3
feminist,3
single,3
guide,3
communities,3
opportunities,3
array,3
compiled,3
marshall,3
home,3
teaching,3
industrial,3
delaware,3
qualified,3
noted,3
members,3
challenge,3
compaction,3
responsibilities,3
put,3
rock,3
lack,3
plan,3
diverse,3
gray,3
outside,3
conserving,3
exploring,3
clients,3
atlantic,3
examples,3
maritime,3
region,3
concern,3
needing,3
use,3
engineers,3
navajo,3
three,3
authors,3
shpos,3
amounts,3
workers,3
individual,3
tribal,3
why,3
graves,3
louisiana,3
mining,3
viewpoint,3
implementing,3
examine,3
structure,3
dominance,3
southwest,3
versus,3
ago,3
widely,3
space,3
dimensions,3
analysis,3
hope,3
lechnical,3
nhpa,3
antiquities,3
heavy,3
following,3
incorporated,3
oi,3
soil,3
carbondale,3
equipment,3
cover,3
each,3
hohokam,3
key,3
innovations,3
denver,3
far,3
written,3
rural,3
works,3
better,3
phd,3
growing,3
spatial,3
them,3
involvement,3
fc,3
design,3
generally,3
middle,3
popular,3
occasionally,3
african,3
crew,3
survival,3
generate,3
repositories,3
materials,3
integrated,3
area,3
extremely,3
needs,3
themselves,3
point,3
endangered,3
building,3
alternative,3
difficult,2
undertakings,2
shovel,2
struggle,2
implemented,2
gao,2
generated,2
conservancy,2
groups,2
skeletal,2
commitment,2
determine,2
northeast,2
measures,2
connecticut,2
pools,2
per,2
group,2
needed,2
led,2
nebraska,2
formed,2
informative,2
live,2
units,2
le,2
ways,2
nps,2
transportation,2
compilation,2
greater,2
policy,2
recreation,2
encourage,2
nineteenth,2
plantations,2
landowners,2
lower,2
fy,2
sponsoring,2
upland,2
either,2
certainly,2
interests,2
implications,2
taken,2
military,2
secretary,2
shipwrecks,2
nature,2
bloomington,2
georgia,2
could,2
professions,2
reasons,2
synthesis,2
full,2
court,2
tx,2
take,2
achieved,2
reading,2
context,2
proposals,2
depends,2
sophisticated,2
iv,2
incorporate,2
deal,2
fitting,2
curatorial,2
characterize,2
bibliography,2
vital,2
pilot,2
clear,2
nouvelles,2
interdisciplinary,2
supply,2
owners,2
cited,2
reality,2
benefit,2
inventory,2
expertise,2
allocated,2
thus,2
reservoir,2
cemeteries,2
southwestern,2
attest,2
medical,2
against,2
intact,2
reflection,2
wormwood,2
santa,2
ancient,2
excavations,2
application,2
bioarcheology,2
pay,2
usda,2
topic,2
funds,2
drainage,2
adopted,2
ct,2
burgeoning,2
sampling,2
serving,2
difficulty,2
effective,2
anyon,2
adams,2
pueblo,2
curator,2
deeply,2
trom,2
higher,2
employ,2
permits,2
gaining,2
interesting,2
adequate,2
whose,2
principally,2
growth,2
main,2
district,2
mountain,2
influential,2
explicit,2
preparing,2
process,2
opportunity,2
examined,2
after,2
hazardous,2
japanese,2
references,2
scales,2
managerial,2
practicing,2
az,2
accounts,2
provinces,2
mentality,2
old,2
improvement,2
section,2
enhancement,2
dallas,2
weak,2
periodically,2
orientation,2
certification,2
exploited,2
additional,2
origins,2
submerged,2
osha,2
primer,2
mainstay,2
cfr,2
care,2
flow,2
detroit,2
faced,2
methodology,2
alan,2
union,2
descriptive,2
hours,2
whom,2
vrana,2
route,2
federally,2
called,2
baton,2
economics,2
mesoamerican,2
pioneer,2
publics,2
stewardship,2
term,2
tactics,2
left,2
aux,2
library,2
though,2
focused,2
moines,2
appears,2
puonc,2
cannot,2
meet,2
fish,2
saving,2
guidance,2
facilities,2
scene,2
directly,2
participation,2
basis,2
degrees,2
ihe,2
tool,2
strict,2
brought,2
story,2
advancement,2
purpose,2
nation,2
journals,2
got,2
artifacts,2
whole,2
year,2
place,2
kiva,2
refined,2
mcgimsey,2
savannah,2
midwestern,2
overhead,2
rise,2
il,2
president,2
frontier,2
trends,2
annotated,2
social,2
creating,2
diminish,2
cope,2
discourse,2
submit,2
around,2
reporter,2
consensus,2
disposition,2
highly,2
presence,2
hardesty,2
australian,2
briuer,2
notes,2
provided,2
preliminary,2
nv,2
periods,2
transforming,2
portion,2
academia,2
production,2
bringing,2
licensing,2
overall,2
goodyear,2
poor,2
april,2
above,2
expanded,2
parker,2
arrangements,2
coverage,2
cleveland,2
undergirds,2
east,2
perceived,2
unwin,2
light,2
tebiwa,2
promotes,2
refine,2
topical,2
gary,2
frameworks,2
independent,2
regardless,2
geomorphology,2
museums,2
dilemma,2
paul,2
technique,2
nevada,2
addition,2
smith,2
analytical,2
renker,2
limit,2
scholars,2
minnesota,2
appeared,2
lindsay,2
grave,2
informing,2
incorporation,2
john,2
end,2
doubt,2
pattern,2
man,2
discussed,2
sullivan,2
transit,2
never,2
adjacent,2
covered,2
model,2
continuing,2
establish,2
deep,2
benn,2
number,2
day,2
fundamentally,2
collecting,2
vast,2
discussion,2
institute,2
caring,2
range,2
represented,2
deposits,2
arose,2
increase,2
supervisory,2
louis,2
budget,2
food,2
reconstructing,2
engaging,2
ethnic,2
laboratory,2
synthetic,2
students,2
worry,2
raab,2
òaa,2
mt,2
symposium,2
architectural,2
coring,2
cache,2
peer,2
standard,2
lipe,2
exchange,2
employees,2
become,2
interpretations,2
anderson,2
james,2
raised,2
present,2
save,2
minimally,2
attention,2
applies,2
ethic,2
enough,2
tests,2
devote,2
dolores,2
ann,2
today,2
dissected,2
hoosier,2
continued,2
tenant,2
practical,2
testing,2
maps,2
statutes,2
monuments,2
lost,2
seen,2
directory,2
lawrence,2
contribution,2
wilson,2
rapidly,2
executive,2
countries,2
efficiency,2
construction,2
face,2
mounds,2
unacceptable,2
evaluation,2
cleere,2
publicly,2
rarely,2
inaian,2
peoples,2
must,2
athens,2
continues,2
pace,2
membership,2
rocky,2
organizational,2
quaternary,2
set,2
disgruntled,2
intellectual,2
specialized,2
methodist,2
rebunal,2
setting,2
did,2
keel,2
iii,2
particularly,2
powell,2
useless,2
going,2
las,2
proposed,2
absolutely,2
notable,2
poses,2
list,2
varying,2
robles,2
mere,2
ethnography,2
foundations,2
minimal,2
emphasis,2
hundreds,2
freedom,2
spaces,2
sieber,2
surveys,2
ohio,2
despite,2
became,2
fl,2
subject,2
recommendations,2
compilations,2
obtain,2
challenges,2
goals,2
contrasts,2
white,2
survive,2
ultimately,2
practices,2
numerous,2
crisis,2
usa,2
physical,2
meeting,2
bear,2
regular,2
off,2
remains,2
archaic,2
aia,2
specific,2
ineir,2
weber,2
lake,2
early,2
substantial,2
digging,2
mitigation,2
strong,2
detection,2
ca,2
thorough,2
ammunition,1
gis,1
hinders,1
entities,1
antithetical,1
modelling,1
ending,1
nevadareno,1
archeologist,1
explosion,1
currently,1
dipping,1
produces,1
rate,1
fragmenting,1
doubts,1
oriented,1
limits,1
reno,1
fraction,1
stuart,1
actsetting,1
hassler,1
concerned,1
garcía,1
adopt,1
rev,1
privately,1
arctic,1
allures,1
broadest,1
voi,1
go,1
represent,1
weekends,1
career,1
market,1
personnel,1
kiesling,1
nationwide,1
cut,1
staggering,1
methodologies,1
dissolution,1
treedom,1
adoption,1
prairie,1
fragmented,1
weedon,1
appear,1
utility,1
nagpra,1
beneath,1
church,1
becoming,1
complex,1
enduring,1
interior,1
conflicts,1
integrity,1
landowner,1
provisions,1
substantively,1
barracks,1
nigeria,1
designed,1
upiana,1
join,1
direct,1
saxon,1
crunch,1
tallahassee,1
derwater,1
actions,1
discussants,1
easily,1
specified,1
paradigms,1
forcesclients,1
flows,1
doershok,1
exchanging,1
duke,1
former,1
trenching,1
researcn,1
acceptance,1
lerner,1
position,1
enmeshed,1
committee,1
necessarily,1
taverns,1
vestiges,1
landform,1
individually,1
cornell,1
before,1
dig,1
communicating,1
remedy,1
domes,1
kock,1
accomplishments,1
toiyabe,1
archetypal,1
thematic,1
iwo,1
motivated,1
nonetheless,1
lib,1
source,1
controlled,1
updated,1
assaults,1
stafford,1
leads,1
efficacy,1
emendation,1
predominantly,1
said,1
neighborhood,1
earlyand,1
railroads,1
hopi,1
babbitt,1
disputing,1
permit,1
beneficial,1
australia,1
inc,1
please,1
modest,1
lexington,1
chacmool,1
every,1
acres,1
embraced,1
unuea,1
regionsand,1
lyman,1
localities,1
matured,1
chronicles,1
sad,1
terrains,1
derives,1
almshouse,1
interested,1
piedmont,1
animas,1
piace,1
ii,1
fund,1
attempts,1
asia,1
vols,1
diego,1
niswnan,1
thrive,1
remainsparticularly,1
assist,1
terrain,1
actual,1
dissatisfied,1
nonsupervisory,1
emerged,1
variables,1
stretch,1
advanced,1
breweries,1
prestigious,1
seems,1
supplied,1
brock,1
reestablish,1
heated,1
containing,1
obsess,1
reach,1
principles,1
book,1
copy,1
flagstaff,1
excavating,1
skills,1
twenty,1
chapters,1
assess,1
daily,1
careers,1
thank,1
differences,1
grounding,1
maar,1
rich,1
producing,1
train,1
achievement,1
mechanical,1
geopolitical,1
mills,1
crank,1
thanks,1
cnarter,1
ol,1
room,1
secteur,1
yearbook,1
evolving,1
subsequent,1
soaring,1
feature,1
clutter,1
inundation,1
improved,1
nonstewardship,1
commercialism,1
nonacademic,1
sacred,1
mr,1
situ,1
prohibiting,1
opposite,1
commercially,1
wage,1
somewhat,1
committed,1
publiccan,1
intelligence,1
selfesteem,1
rrom,1
pastron,1
tomoka,1
goetze,1
affected,1
treatments,1
worldwide,1
designs,1
seminar,1
raisons,1
tuscaloosa,1
system,1
lawmakers,1
voting,1
side,1
bearable,1
forum,1
governmental,1
wasted,1
generalall,1
existence,1
ihrough,1
westview,1
plea,1
linear,1
jenkins,1
dap,1
merry,1
albeit,1
indispensible,1
relicensing,1
enlarged,1
exploiting,1
primary,1
sought,1
elmwood,1
ntis,1
addresses,1
retain,1
accountability,1
reminder,1
chapter,1
inner,1
quantities,1
felt,1
capable,1
òome,1
ordinances,1
enforcement,1
creamery,1
geared,1
forprofit,1
object,1
arcnaeojogy,1
commonality,1
move,1
intellectualism,1
abysmal,1
stratigraphy,1
occurring,1
morale,1
sociohistoncal,1
combine,1
very,1
canvassing,1
beacons,1
experiencing,1
bottom,1
objective,1
constrained,1
cleanse,1
facto,1
prosecution,1
nonfederal,1
confessions,1
letter,1
worker,1
engage,1
corbett,1
warfare,1
reliably,1
attract,1
framework,1
succeed,1
labor,1
learned,1
biohistory,1
heaters,1
frequencies,1
onor,1
goal,1
million,1
universitybased,1
prey,1
accessible,1
pit,1
converting,1
stratigraphically,1
experiences,1
beating,1
programswhether,1
ineffectiveness,1
arcneoiogy,1
estimating,1
asiatica,1
facts,1
difficulties,1
dynamics,1
reject,1
inevitable,1
countless,1
finney,1
computerized,1
klesert,1
tennis,1
due,1
simmons,1
wilke,1
tables,1
sediment,1
reinterment,1
unpublished,1
integral,1
proliferated,1
simenlun,1
scarce,1
arcneoiogicai,1
confining,1
relations,1
acta,1
brewery,1
heightened,1
tucson,1
convention,1
preparation,1
inor,1
extensively,1
montana,1
publishes,1
uty,1
learning,1
forced,1
clearinghouses,1
big,1
cases,1
nagpräs,1
nities,1
nor,1
amended,1
legally,1
document,1
inattention,1
practitionersprivate,1
comparative,1
back,1
butte,1
encompass,1
ha,1
aaia,1
mashantucket,1
bemoaned,1
inclusion,1
gauge,1
automation,1
usace,1
applying,1
epa,1
witnessed,1
employers,1
alliances,1
fowler,1
sircnaeoiogy,1
find,1
profit,1
perfunctory,1
masterkey,1
savvy,1
prado,1
extent,1
obscure,1
treservanon,1
gems,1
communication,1
look,1
practically,1
uxbridge,1
integrates,1
resourcesmillions,1
helping,1
custer,1
discovering,1
xavier,1
chimera,1
jones,1
enrich,1
transactions,1
supervisors,1
nonvoting,1
archaecultural,1
iheory,1
implementation,1
poorly,1
let,1
remind,1
longing,1
distribution,1
unlikely,1
postbellum,1
reshape,1
divergence,1
surprisingly,1
offices,1
operation,1
pacific,1
fort,1
knoxville,1
sue,1
philadelphia,1
recognized,1
americans,1
hofman,1
town,1
license,1
without,1
overly,1
cuiturai,1
operations,1
individuals,1
reviews,1
camp,1
links,1
mistrust,1
performance,1
ili,1
across,1
happily,1
downer,1
hincón,1
fusion,1
influenced,1
debated,1
particularistic,1
appreciation,1
bergman,1
matheny,1
cynical,1
ai,1
coastal,1
capture,1
tb,1
highway,1
lasting,1
conceptions,1
phosphate,1
öibliography,1
goes,1
comply,1
gallons,1
òana,1
gainesville,1
planninga,1
proportion,1
bca,1
mathewson,1
eight,1
à,1
tolerable,1
certain,1
accumulate,1
republic,1
leave,1
dissenting,1
extension,1
pudlic,1
dialogue,1
pages,1
pardoned,1
stein,1
jm,1
illustrations,1
feel,1
arbor,1
poplia,1
scattered,1
factors,1
plog,1
update,1
emanate,1
ames,1
divided,1
guides,1
nmuing,1
krieger,1
battlefields,1
changes,1
vue,1
partnership,1
aonars,1
bad,1
translucency,1
wages,1
cause,1
tensions,1
garrow,1
artz,1
occupational,1
motions,1
encourages,1
image,1
organized,1
devoting,1
grounds,1
unsuitable,1
branch,1
clearly,1
sicaaemic,1
elsewhere,1
allocation,1
loess,1
days,1
accrued,1
dominate,1
house,1
decade,1
reviewed,1
threat,1
solid,1
situations,1
proven,1
age,1
retrospective,1
recovered,1
albuquerque,1
follow,1
efficient,1
annually,1
probe,1
putting,1
patterning,1
uniformly,1
eradication,1
plenum,1
willing,1
strenuously,1
destructive,1
nenness,1
dominant,1
mo,1
kearns,1
calgary,1
strategy,1
decades,1
drawing,1
hazmat,1
stands,1
myths,1
nsf,1
bronx,1
anthropologically,1
response,1
result,1
advance,1
adaptation,1
òecond,1
merging,1
ga,1
complications,1
professionals,1
bearing,1
interestand,1
medicine,1
demise,1
erosion,1
hands,1
search,1
farmsteads,1
hutt,1
ak,1
richmond,1
tneir,1
temptation,1
attack,1
remoteness,1
seven,1
generates,1
megacorps,1
demands,1
ino,1
ocean,1
kesource,1
girardeau,1
austin,1
camer,1
agendas,1
carolina,1
jettisoned,1
near,1
schalk,1
sight,1
hospitals,1
shoes,1
duueun,1
initial,1
permitees,1
representative,1
paycheckswould,1
frustrations,1
gpò,1
ncshpo,1
limp,1
embedded,1
fans,1
accurately,1
memonam,1
btu,1
canneries,1
pure,1
histonc,1
topics,1
frankenmuth,1
oklahoma,1
informed,1
valiantly,1
choices,1
war,1
fulfillment,1
stock,1
undum,1
mate,1
reservation,1
uovernmeni,1
tools,1
viewed,1
schneider,1
produced,1
intensity,1
vancouver,1
scale,1
ctr,1
antibusiness,1
albuaueraue,1
pigs,1
your,1
conferences,1
crender,1
crossroad,1
wayland,1
prayer,1
tracking,1
filter,1
kenmotsu,1
stations,1
balance,1
expressions,1
briefly,1
silver,1
improve,1
discovered,1
abuse,1
watershed,1
specifically,1
feeding,1
dilemmas,1
potentialrealized,1
relief,1
rears,1
closed,1
revealed,1
makers,1
decides,1
clarke,1
clovis,1
irte,1
formerly,1
arclweologist,1
implement,1
received,1
lynott,1
sanction,1
archéologie,1
furniss,1
electrolytically,1
comprises,1
unqualified,1
fhase,1
heart,1
goldstein,1
unless,1
significantly,1
fosters,1
combating,1
london,1
breeding,1
competing,1
dover,1
calls,1
geddes,1
confined,1
confirms,1
supreme,1
adaptations,1
gender,1
description,1
criticized,1
paleoenvironments,1
insert,1
trenchant,1
complexesboth,1
fit,1
database,1
includingto,1
expansive,1
firmshave,1
constitute,1
contains,1
records,1
relevance,1
earn,1
sosome,1
bareis,1
saskatchewan,1
allots,1
pothunting,1
geomorpnoiogicai,1
lawsuit,1
away,1
reflect,1
achieving,1
manage,1
narts,1
crosscuts,1
dakota,1
artifact,1
rowe,1
strengthened,1
endorsement,1
washington,1
client,1
concurrent,1
markedly,1
discretion,1
towards,1
prive,1
encyclopedia,1
meinoas,1
prices,1
precultural,1
wona,1
unimaginative,1
cognizance,1
statutory,1
cannery,1
outfits,1
saline,1
los,1
commerce,1
programcomplying,1
caused,1
nonintrusive,1
odessa,1
level,1
hard,1
tight,1
hopewellian,1
negligible,1
lowest,1
grievance,1
livelihoods,1
fostered,1
shaping,1
stenton,1
theoretically,1
suggest,1
cehp,1
foundry,1
systemwide,1
cries,1
navajos,1
wandsnider,1
mississippl,1
emphasizes,1
owned,1
archie,1
deservedly,1
ological,1
arbitrary,1
divisive,1
upshot,1
coping,1
leland,1
winter,1
sufficient,1
driving,1
bastian,1
revealing,1
alleviate,1
bridge,1
routine,1
unrelated,1
resolution,1
comfort,1
supposedly,1
iron,1
shadows,1
souinwesiern,1
beck,1
ancestral,1
bunkers,1
atomistic,1
inonn,1
differing,1
impossible,1
budgets,1
engages,1
reeves,1
maine,1
always,1
inability,1
progress,1
necessity,1
proper,1
colloquium,1
correspondence,1
deaver,1
gibb,1
structured,1
regulating,1
newly,1
scarecrow,1
pervasive,1
moved,1
clay,1
rest,1
sophistication,1
massive,1
dickens,1
conducts,1
jeffrey,1
curriculum,1
prevalent,1
nations,1
gayle,1
flourished,1
herein,1
sinnucuuw,1
happen,1
therefore,1
cointhe,1
processual,1
edera,1
heretofore,1
noncontract,1
likely,1
ranging,1
situation,1
ghetto,1
demand,1
antivandalism,1
signuicance,1
observations,1
advocate,1
positions,1
poirier,1
ttie,1
spelled,1
attributable,1
darvill,1
inadequacy,1
identified,1
economic,1
protessionai,1
distorted,1
mechanisms,1
short,1
indeed,1
thoughts,1
happy,1
rights,1
nisioncai,1
expansion,1
uhio,1
plans,1
corporation,1
interiors,1
appreciate,1
forward,1
managementarchaeological,1
nearly,1
polemic,1
respectable,1
inhibit,1
brings,1
denominator,1
authorizing,1
emulated,1
archéologue,1
slower,1
technically,1
mainstream,1
revolving,1
arpa,1
comments,1
sponsored,1
translates,1
unprecedented,1
briet,1
traps,1
frankfort,1
hester,1
decisions,1
soumeasiern,1
structural,1
tellico,1
promoting,1
contractuelle,1
once,1
chronicle,1
competition,1
edited,1
interpretation,1
auspices,1
fair,1
rulings,1
represents,1
makes,1
read,1
requiring,1
older,1
thought,1
acknowledgments,1
restricted,1
exposure,1
ia,1
ne,1
neither,1
recruited,1
idaho,1
tain,1
participants,1
symptomatic,1
crump,1
copes,1
une,1
commonwealth,1
property,1
infrastructure,1
collectively,1
richland,1
scrutinized,1
performers,1
accelerated,1
robust,1
hörest,1
protit,1
aid,1
trimble,1
memorial,1
iroquoian,1
phoenix,1
toronto,1
bar,1
bacine,1
disciplinary,1
artheologist,1
affairs,1
cheek,1
loot,1
constituency,1
blossomed,1
starting,1
successfully,1
french,1
stronger,1
wooaiana,1
alaska,1
kesuits,1
bave,1
death,1
academy,1
locating,1
preferences,1
reporting,1
deserves,1
rejects,1
printing,1
towns,1
added,1
financial,1
water,1
enee,1
fact,1
shows,1
coincidence,1
numan,1
airlie,1
striking,1
call,1
casesto,1
antidevelopment,1
totals,1
proposal,1
hanover,1
beliefs,1
iraditionai,1
overemphasis,1
eddy,1
whelan,1
lasca,1
governed,1
larger,1
habitat,1
proliferation,1
prospects,1
nominations,1
sijncan,1
contemporary,1
formulating,1
considerable,1
electronically,1
utilize,1
agree,1
audiences,1
external,1
kendallvilje,1
hill,1
ages,1
disseminate,1
took,1
everyday,1
meant,1
shipwreck,1
remarkable,1
privatization,1
increases,1
staffers,1
road,1
semipopular,1
muscatine,1
computerizing,1
oregon,1
receives,1
income,1
soft,1
relevant,1
jobs,1
contracted,1
nadbthe,1
heavily,1
foot,1
pespective,1
maturity,1
attitude,1
techniciansintended,1
focusing,1
daunting,1
academician,1
metropolitan,1
exceeds,1
books,1
controversy,1
assemblage,1
threats,1
wood,1
inject,1
dots,1
sandts,1
midwest,1
ecology,1
casting,1
plane,1
interpreting,1
enterprisewhich,1
able,1
lkm,1
meetings,1
technologies,1
predictive,1
baa,1
kathleen,1
brona,1
amendments,1
made,1
comprise,1
assemblages,1
discovery,1
neh,1
upon,1
accompanying,1
narn,1
ic,1
helps,1
duiit,1
critiqued,1
writings,1
memoirs,1
formal,1
attainment,1
frree,1
including,1
homesteads,1
unfairly,1
competes,1
rehabilitation,1
previously,1
micronesian,1
merge,1
escalated,1
upgraded,1
samples,1
identity,1
spenneman,1
mitigating,1
host,1
thriving,1
profitable,1
entirely,1
rums,1
skeptical,1
whitlam,1
stakeholders,1
operated,1
neumann,1
ieaerai,1
emphasize,1
francis,1
tarmstead,1
educating,1
products,1
harvard,1
workloads,1
assign,1
nistonc,1
rare,1
carnes,1
simuiuuy,1
engaged,1
continue,1
examination,1
zum,1
inventorying,1
frame,1
check,1
toes,1
unmatched,1
mustcontribute,1
optimistic,1
requests,1
rouge,1
sacrificing,1
jeter,1
versions,1
contributes,1
rejected,1
trade,1
anasazi,1
landscapes,1
appraisal,1
midto,1
urbana,1
margaret,1
remaining,1
reward,1
adding,1
assignment,1
paperless,1
profession,1
lakes,1
damage,1
health,1
supportive,1
maintenance,1
quests,1
interpret,1
myopic,1
advocacy,1
counter,1
held,1
wiener,1
christopher,1
like,1
zealand,1
kane,1
ny,1
ntue,1
period,1
professionalsparticularly,1
reformers,1
ofcloser,1
function,1
hinks,1
features,1
documentation,1
serves,1
distinction,1
linking,1
obtained,1
enactment,1
lie,1
reinstate,1
centuryalso,1
shipbreaking,1
levelwould,1
anyone,1
excavated,1
ural,1
commentaries,1
segment,1
martin,1
thomas,1
breternitz,1
permitting,1
latter,1
logeiner,1
spent,1
educational,1
organisations,1
conclusions,1
facing,1
advisors,1
cogent,1
internal,1
article,1
cntical,1
glenn,1
ugreat,1
snee,1
thome,1
conilict,1
respectively,1
wise,1
contact,1
exactly,1
lists,1
approves,1
availability,1
discoveiy,1
departmental,1
probably,1
hartford,1
commucultural,1
potteries,1
unexplained,1
contracts,1
fe,1
archaeologistsare,1
ncnwgc,1
cape,1
staff,1
y,1
ethnohistoiy,1
uncultural,1
positioning,1
premstory,1
dissonance,1
mortality,1
specialties,1
bibliographic,1
brown,1
species,1
pequot,1
equaled,1
òacred,1
tennessee,1
reinventing,1
genesis,1
dealing,1
midcentury,1
scrase,1
pedestal,1
arcnaeology,1
discussing,1
signs,1
assigned,1
boilerplate,1
imply,1
modification,1
circle,1
stems,1
resolving,1
looted,1
publishing,1
sanitation,1
africa,1
particular,1
window,1
stoiy,1
she,1
fairly,1
immediacy,1
segments,1
washed,1
usually,1
nh,1
criminal,1
email,1
achp,1
naturally,1
flowed,1
reasonable,1
inside,1
florescence,1
foregoing,1
fewer,1
insufficient,1
sitestheir,1
widespread,1
primarily,1
bjoomington,1
lobbying,1
upgrade,1
referred,1
venues,1
yale,1
wickiup,1
began,1
effectively,1
ueveiopment,1
salaries,1
transformation,1
jt,1
inadequate,1
legacy,1
indicate,1
sponsors,1
dynamism,1
zeier,1
archeologie,1
class,1
variably,1
satisfaction,1
responsible,1
dans,1
statewide,1
adventure,1
ottawa,1
fall,1
pipeline,1
nannmg,1
kings,1
lip,1
stratified,1
coordination,1
fields,1
dœrshuk,1
exists,1
aboriginal,1
itself,1
hoist,1
angeles,1
articles,1
meets,1
bigger,1
interpretive,1
hatchery,1
widest,1
pressures,1
regularly,1
thinly,1
definitive,1
addressed,1
forests,1
hasten,1
sections,1
school,1
osborn,1
stimulates,1
neglected,1
dirt,1
unwitting,1
fifteen,1
pumped,1
thinking,1
updating,1
associated,1
readers,1
elected,1
benefitted,1
aspiring,1
makah,1
suite,1
reviewing,1
colony,1
conclusion,1
mentioned,1
changing,1
siacus,1
weasel,1
minneapolis,1
believed,1
uirections,1
constituted,1
chattanooga,1
bonaparte,1
known,1
dubious,1
scrutiny,1
stephen,1
constructed,1
gumerman,1
costin,1
reserving,1
binford,1
signe,1
òociety,1
colorado,1
saginaw,1
poorest,1
modeling,1
methodologically,1
integrative,1
butler,1
feelings,1
archeologists,1
outcome,1
achievable,1
mentalitygoing,1
prioritiesas,1
highquality,1
stem,1
extant,1
tendencies,1
stuffy,1
monthly,1
country,1
oase,1
readily,1
uenerat,1
cemetery,1
cultures,1
dismantled,1
attribute,1
ratio,1
taos,1
global,1
commission,1
connection,1
seem,1
believe,1
gone,1
ivory,1
pragmatic,1
prominence,1
appendix,1
trontier,1
expense,1
emergence,1
regard,1
wagner,1
unsettling,1
returns,1
boon,1
feed,1
underwrite,1
vibrant,1
carlisle,1
antl,1
sc,1
muscatme,1
loads,1
grievances,1
kichland,1
oreai,1
rely,1
audience,1
presentation,1
cohere,1
examining,1
farnsworth,1
geoarchaeologists,1
submittal,1
elia,1
climate,1
burying,1
utilized,1
innumerable,1
thompson,1
ethos,1
living,1
scores,1
feats,1
ideally,1
pushing,1
person,1
turned,1
hint,1
tmstern,1
agriculture,1
defend,1
william,1
warnings,1
defending,1
basics,1
fuller,1
guttenplan,1
affirm,1
combined,1
kevin,1
terms,1
labrador,1
stability,1
selected,1
offering,1
òoutneastern,1
want,1
apace,1
supports,1
underpinnings,1
cahokia,1
trubowitz,1
nascent,1
agricultural,1
flouring,1
chicora,1
protective,1
tnougnts,1
brickmaking,1
andah,1
waters,1
repetitive,1
fully,1
getting,1
childers,1
periphery,1
rejoinder,1
mandated,1
secure,1
réponse,1
orientations,1
voice,1
nick,1
alcohol,1
encampment,1
suggests,1
itahm,1
virginia,1
dedication,1
reprinted,1
art,1
engineer,1
travel,1
thematically,1
finished,1
charitably,1
joys,1
nj,1
researchers,1
sonoma,1
megacorp,1
reported,1
conclude,1
simply,1
scott,1
unionthe,1
arcnivai,1
whittlesey,1
datum,1
marquardt,1
rampant,1
surprisearchaeological,1
disciplines,1
lies,1
administration,1
cash,1
statesand,1
hydroelectric,1
gulf,1
busmess,1
measure,1
tungatsiwik,1
target,1
hematic,1
demanding,1
reconstruct,1
drivel,1
ranks,1
òites,1
colonial,1
nanning,1
indians,1
allows,1
soils,1
coming,1
sparked,1
leap,1
mentor,1
unexplored,1
factorsprincipally,1
cheryl,1
come,1
false,1
promoted,1
looters,1
centennial,1
understandings,1
statute,1
rote,1
acceptability,1
until,1
models,1
newfoundland,1
recording,1
drafts,1
locations,1
administered,1
allocating,1
editor,1
manageable,1
ignored,1
electronic,1
injecting,1
average,1
rediscovery,1
intensified,1
finding,1
quest,1
rationalization,1
camps,1
institutional,1
takings,1
catherine,1
unease,1
mcw,1
accept,1
pointsmas,1
cotter,1
contributed,1
offer,1
spur,1
burley,1
supportable,1
grown,1
alluvial,1
typically,1
cooper,1
miormation,1
scioto,1
nonarchaeological,1
mandates,1
hunter,1
unified,1
unbelievable,1
stockholders,1
thoughtful,1
integration,1
sanitized,1
roadhouses,1
colleagues,1
defined,1
derive,1
internships,1
attempted,1
programme,1
regain,1
irenos,1
landforms,1
oioiiograpnic,1
presenting,1
walking,1
increased,1
macdonald,1
lj,1
sides,1
frankly,1
tz,1
honda,1
offered,1
endeavors,1
news,1
arcnaeoiogisi,1
intentional,1
valuable,1
universitypurdue,1
km,1
tribes,1
mason,1
broadening,1
miu,1
desk,1
justify,1
sectors,1
say,1
reached,1
stemming,1
practicalities,1
ueveiopmem,1
irrelevant,1
sharing,1
cutters,1
norman,1
fears,1
maximum,1
exclusively,1
import,1
reconsideration,1
element,1
documentary,1
given,1
interaction,1
reconciling,1
orewery,1
focus,1
duration,1
peabody,1
adovasio,1
mature,1
technological,1
cross,1
built,1
shifted,1
roles,1
termed,1
close,1
quantity,1
inventories,1
vandalism,1
deeper,1
looking,1
chesopeian,1
grants,1
intermountain,1
