WORDCOUNTS,WEIGHT
the,1485
of,1069
and,1015
in,654
de,616
a,366
j,293
to,274
guatemala,223
e,207
at,204
that,204
en,196
pp,180
la,179
m,177
el,150
as,129
on,120
from,115
is,114
for,113
with,113
by,112
formative,109
h,102
al,102
early,102
et,94
was,93
pacific,93
coast,92
have,91
instituto,87
antropología,84
investigaciones,83
y,82
late,82
r,82
university,76
maya,76
arqueológicas,76
are,73
l,71
simposio,71
were,69
del,69
but,65
period,65
also,63
b,62
archaeology,59
an,59
coastal,56
archaeological,56
popenoe,56
d,56
site,55
ceramic,55
springer,55
central,54
archaeol,54
f,54
san,54
region,54
been,54
res,54
has,54
southern,53
may,52
new,52
be,51
there,50
no,50
social,50
c,50
s,49
los,49
mexico,48
evidence,47
not,46
such,44
g,44
highlands,44
classic,44
costa,43
during,43
mesoamerica,42
political,42
regional,42
w,41
cal,41
middle,41
it,40
cultural,39
kaminaljuyu,39
clark,38
or,38
many,38
abaj,37
studies,36
some,36
these,36
postclassic,36
its,33
research,33
hatch,33
more,33
las,33
between,33
recent,33
other,32
bc,32
which,32
large,31
ancient,30
sites,30
data,30
guatemalan,30
although,30
archaic,30
ceramics,29
t,29
p,28
analysis,28
takalik,27
time,27
both,27
city,27
complex,26
into,26
i,26
american,26
this,26
soconusco,26
o,25
highland,25
phase,25
mesoamerican,25
all,25
state,24
within,24
plain,24
material,24
over,24
u,24
groups,23
teotihuacan,23
settlement,23
historia,23
culture,23
two,23
style,23
while,23
sur,23
remains,23
major,23
those,22
k,22
found,22
chiapas,22
nacional,22
preclassic,21
along,21
estrada,21
journal,21
than,21
occupation,21
population,21
department,21
local,21
identity,21
america,20
excavations,20
arqueología,20
well,20
elite,20
pottery,20
known,20
proyecto,20
settlements,19
olmec,19
preclásico,19
love,19
eastern,18
development,18
their,18
presented,18
presence,18
society,18
including,18
pye,18
paper,18
area,18
voorhies,18
western,17
ad,17
universidad,17
about,17
pipil,17
domestic,17
press,17
ujuxte,17
they,16
papers,16
zone,16
dates,16
societies,16
work,16
miraflores,16
mazatán,16
honor,16
present,16
indicate,16
art,16
schieber,15
center,15
one,15
valle,15
study,15
public,15
regions,15
significant,15
obsidian,15
un,15
world,15
piedmont,14
santa,14
una,14
after,14
cotzumalguapa,14
most,14
monzón,14
blake,14
project,14
economic,14
shows,14
lorenzo,14
systems,14
construction,14
anthropological,14
interaction,14
much,14
southeastern,14
now,13
first,13
survey,13
collapse,13
traditions,13
edwin,13
part,13
guernsey,13
expansion,13
largest,13
patterns,13
incidents,13
extent,13
transition,13
mesoamérica,12
chocóla,12
migration,12
nature,12
system,12
ritual,12
kaminaljuyú,12
latin,12
used,12
documented,12
change,12
ceremonial,12
paso,12
number,12
salvador,12
trade,12
sobre,12
we,12
phd,12
sitio,12
meeting,12
anthropology,11
naranjo,11
throughout,11
review,11
xix,11
sculpture,11
people,11
small,11
several,11
annual,11
architecture,11
projects,11
ö,11
use,11
three,11
extensive,11
years,11
elites,11
household,11
evolution,10
possible,10
international,10
x,10
human,10
valdés,10
ocós,10
plaza,10
emergence,10
origins,10
important,10
conquest,10
arqueológico,10
residential,10
sculptural,10
xviii,10
polity,10
popenœ,10
lowland,10
kaqchikel,10
only,10
power,10
polities,10
lake,10
mounds,10
current,10
belli,10
suggests,10
size,10
cambridge,10
speakers,9
modern,9
history,9
long,9
tradition,9
xiii,9
mexicon,9
investigations,9
méxico,9
blanca,9
vol,9
influence,9
subsistence,9
changes,9
prehistoric,9
based,9
young,9
centers,9
cannot,9
chantuto,9
evidencia,9
populations,9
food,9
sees,9
cultura,9
so,9
earlier,9
braswell,9
structure,9
kaplan,9
she,9
brigham,9
often,9
earliest,9
past,9
agricultural,9
institute,9
through,9
antigua,9
smaller,9
altiplano,9
zones,9
durante,8
maize,8
contact,8
production,8
sacred,8
marked,8
arqueológica,8
relationships,8
hierarchy,8
unpublished,8
iximché,8
distinct,8
gaseo,8
communication,8
rather,8
temprano,8
prehistory,8
possibly,8
intensive,8
view,8
greater,8
structures,8
excavated,8
working,8
around,8
texas,8
viejo,8
when,8
using,8
periods,8
balberta,8
overall,8
para,8
museum,8
areas,8
end,8
model,8
cantón,8
understanding,8
investigated,8
cheetham,8
california,8
stelae,8
mayan,8
arroyo,8
general,8
high,8
salt,8
probably,8
perspectives,8
who,8
antiquity,8
anales,8
complexity,8
text,8
locona,8
different,8
report,8
beginning,8
little,8
terminal,8
approximately,8
km,7
rosa,7
stela,7
neff,7
similar,7
monuments,7
monumental,7
corralito,7
xi,7
show,7
utah,7
appear,7
had,7
scale,7
record,7
departamento,7
because,7
ethnohistory,7
museo,7
desarrollo,7
place,7
castillo,7
ethnohistoric,7
portions,7
provided,7
indicates,7
bove,7
single,7
chronology,7
academia,7
resultados,7
addition,7
occupations,7
larger,7
figurines,7
forms,7
do,7
v,7
where,7
argues,7
another,7
assemblages,7
submitted,7
cherla,7
language,7
households,7
least,7
latter,7
exchange,7
immigration,7
tardío,7
río,7
science,7
amada,7
widespread,7
escuintla,7
transformation,7
associated,7
peoples,7
complexes,7
proposes,7
capital,7
linked,7
historical,7
what,7
impact,7
form,7
distribution,7
centro,7
numerous,7
integration,7
defined,7
increased,7
gulf,7
lowe,6
chinchilla,6
sphere,6
linguistic,6
group,6
conducted,6
boca,6
second,6
tierras,6
inequality,6
archaeologists,6
fundación,6
ii,6
secondary,6
analyses,6
styles,6
cerro,6
chiefdoms,6
east,6
diversity,6
includes,6
análisis,6
medio,6
ut,6
providencia,6
even,6
phases,6
van,6
civilization,6
derived,6
tuxtla,6
established,6
just,6
postclásico,6
altas,6
basis,6
lavarreda,6
kosakowsky,6
ten,6
believes,6
carlos,6
published,6
field,6
buildings,6
few,6
zona,6
recientes,6
led,6
arqueológicos,6
identified,6
limited,6
continuity,6
technology,6
shook,6
demonstrates,6
mound,6
lack,6
olmeca,6
perhaps,6
upon,6
hieroglyphic,6
robinson,6
orrego,6
ethnic,6
occupied,6
low,6
provides,6
especially,6
xvi,6
can,6
relationship,6
pacífico,6
hill,6
began,6
clásico,6
must,6
rosenswig,6
natural,6
control,6
goods,6
identities,6
proceedings,6
sus,6
lesure,6
role,6
models,6
differentiation,6
palace,6
deposits,6
strong,6
does,5
if,5
indicated,5
represent,5
needed,5
residences,5
formed,5
mexican,5
chitak,5
excavation,5
diffusion,5
rapid,5
geografia,5
origin,5
inland,5
madre,5
key,5
west,5
temporada,5
indicating,5
due,5
dynamics,5
esculturas,5
links,5
growth,5
entre,5
contributions,5
epoca,5
too,5
out,5
further,5
focused,5
xiv,5
aspects,5
artifacts,5
literature,5
broad,5
rituals,5
reinterpreting,5
rulership,5
ethnicity,5
core,5
su,5
results,5
preliminary,5
practices,5
located,5
cai,5
corpus,5
yet,5
thought,5
tn,5
same,5
others,5
demographic,5
barra,5
outside,5
adjacent,5
see,5
akkern,5
montículo,5
made,5
previously,5
increase,5
sequence,5
radiocarbon,5
nuclear,5
times,5
architectural,5
would,5
martin,5
sociopolitical,5
increasing,5
tomo,5
medrano,5
lineages,5
monument,5
series,5
demonstrate,5
detect,5
escultura,5
cotzumalguapan,5
each,5
languages,5
foundation,5
collectors,5
combined,5
spatial,5
periphery,5
urban,5
despite,5
lies,5
correspondences,5
shown,5
materials,5
states,5
vessel,5
reached,5
substantial,5
among,5
gradas,4
introduction,4
stone,4
true,4
approaches,4
before,4
lowlands,4
controlled,4
sources,4
taken,4
might,4
marcos,4
conditions,4
differences,4
location,4
link,4
sacatepéquez,4
date,4
ambiguous,4
surveys,4
context,4
similarities,4
case,4
quantities,4
prior,4
determined,4
activity,4
ball,4
ô,4
centralized,4
differential,4
quiche,4
hodgson,4
interest,4
jr,4
charcas,4
ware,4
rank,4
perspective,4
canal,4
fig,4
third,4
alliances,4
exploración,4
tesis,4
conchas,4
york,4
without,4
across,4
special,4
support,4
asociación,4
dated,4
clearly,4
informe,4
n,4
four,4
recovered,4
beyond,4
vieja,4
â,4
irrigation,4
salvage,4
path,4
shared,4
sedentary,4
events,4
carolina,4
base,4
cores,4
ann,4
burial,4
appears,4
tzak,4
flannery,4
revealed,4
apuntes,4
arenal,4
whole,4
issues,4
aztec,4
estuary,4
foro,4
artifact,4
suggest,4
investigación,4
cacao,4
villages,4
coe,4
activities,4
south,4
he,4
still,4
aligned,4
innovation,4
under,4
complete,4
noted,4
rise,4
name,4
toward,4
rock,4
water,4
efforts,4
scholars,4
pennsylvania,4
mesoamenca,4
covered,4
manner,4
ocosito,4
izapa,4
vuelta,4
colony,4
exhibit,4
discussion,4
practice,4
contacts,4
canals,4
largely,4
redistribution,4
processes,4
theories,4
platform,4
decorated,4
southwest,4
xoconochco,4
northridge,4
widely,4
puerto,4
chiapaneco,4
independent,4
cerámica,4
foreign,4
testing,4
lines,4
plumbate,4
solano,4
types,4
canada,4
forest,4
any,4
intensification,4
spanish,4
área,4
here,4
dominated,4
jocotal,4
jorge,4
did,4
best,4
unknown,4
constructions,4
ideological,4
chajoma,4
very,4
distinctive,4
works,4
tercer,4
animal,4
inscriptions,4
serie,4
personal,4
level,4
sharer,4
became,4
extended,4
autónoma,4
formation,4
until,4
jerónimo,4
national,4
patrones,4
valley,4
north,4
broader,4
built,4
carved,3
difficult,3
palangana,3
villagrán,3
isotopie,3
common,3
zoque,3
created,3
measures,3
village,3
designed,3
algunas,3
evidencias,3
marcus,3
laid,3
occurred,3
geografía,3
being,3
creation,3
chronicles,3
attempts,3
military,3
horcones,3
seems,3
dramatically,3
pantaleón,3
simple,3
formativo,3
court,3
monograph,3
estela,3
manejo,3
isthmian,3
principal,3
marroquin,3
british,3
con,3
bases,3
agriculture,3
replacement,3
xv,3
reaching,3
fine,3
austin,3
dynamic,3
transición,3
entierro,3
warfare,3
erection,3
grijalva,3
against,3
neighbors,3
interpret,3
ugarte,3
century,3
montana,3
z,3
slope,3
elements,3
items,3
ceramica,3
oxford,3
served,3
lineage,3
compared,3
bone,3
find,3
dry,3
poorly,3
segundo,3
philadelphia,3
reflects,3
developed,3
how,3
remain,3
levels,3
gomera,3
taller,3
them,3
ix,3
burials,3
space,3
developments,3
organization,3
river,3
gradually,3
house,3
periodo,3
monumento,3
solid,3
resource,3
additional,3
dominant,3
dc,3
iconography,3
mayas,3
ethnolinguistic,3
identifying,3
route,3
appearance,3
marion,3
chiapa,3
begun,3
faunal,3
called,3
access,3
cuadros,3
prehispánica,3
buried,3
recently,3
youths,3
publications,3
escritura,3
fish,3
xvii,3
pollen,3
fowler,3
required,3
networks,3
dumbarton,3
near,3
future,3
dog,3
nine,3
prompted,3
hereditary,3
reduction,3
pyramid,3
beginnings,3
border,3
observaciones,3
memoirs,3
relative,3
organización,3
wi,3
etnicidad,3
lords,3
specifically,3
interacción,3
wider,3
smithsonian,3
gosser,3
significantly,3
dramatic,3
peak,3
climate,3
sureste,3
sculptures,3
advancement,3
always,3
chiapan,3
arbor,3
notes,3
value,3
massive,3
will,3
likely,3
units,3
onset,3
vanderbilt,3
various,3
qumarkaaj,3
borgstede,3
make,3
movement,3
unas,3
land,3
opportunities,3
wake,3
soon,3
mobile,3
processing,3
lacked,3
wright,3
narratives,3
reports,3
sistema,3
orígenes,3
communal,3
treatment,3
angeles,3
john,3
feasting,3
variation,3
considerable,3
pattern,3
hiatus,3
anthropologist,3
took,3
tier,3
phytoliths,3
nance,3
royal,3
preparation,3
assemblage,3
gives,3
locations,3
pipiles,3
degree,3
rio,3
range,3
años,3
enormous,3
emphasize,3
causes,3
relaciones,3
individuals,3
dating,3
described,3
vii,3
jilotepeque,3
publication,3
drains,3
individual,3
coring,3
features,3
elaborate,3
geography,3
institution,3
imported,3
carried,3
rico,3
consists,3
note,3
continued,3
provide,3
movements,3
attributes,3
labeled,3
ecological,3
linda,3
ideology,3
trabajos,3
insufficient,3
seen,3
detailed,3
parsons,3
stable,3
contained,3
por,3
mentioned,3
changing,3
canton,3
pace,3
cotsen,3
precise,3
sufficient,3
symbol,3
sciences,3
región,3
innovations,3
particularly,3
cities,3
horticulture,3
places,3
following,3
ideologies,3
bianca,3
surpluses,3
economy,3
investigation,3
whether,3
volcanic,3
nearby,3
theory,3
dieta,3
her,3
utilitarian,3
prestige,3
studied,3
migrations,3
contain,3
laser,3
subject,3
andrés,3
divided,3
pa,3
colonial,3
maintained,3
writing,3
our,3
examples,3
similarity,3
chemical,3
washington,3
indications,3
green,3
francisco,3
lauriers,3
themselves,3
nucleation,3
texts,3
focus,3
building,3
resources,3
ca,3
close,3
quaternary,3
courts,2
juan,2
mortuary,2
ending,2
ambiente,2
done,2
doubts,2
limits,2
edge,2
way,2
activation,2
stylistic,2
meaning,2
reporte,2
tres,2
mesoamencan,2
identidad,2
environmental,2
episodes,2
resulted,2
foraging,2
extends,2
trash,2
visitation,2
agua,2
replaced,2
identify,2
essays,2
ethnogenesis,2
ma,2
ways,2
peaks,2
pithaya,2
fahsen,2
bias,2
upheaval,2
comentarios,2
cycles,2
raw,2
necessarily,2
limón,2
cited,2
total,2
stretches,2
revision,2
source,2
detected,2
contexts,2
disputed,2
test,2
round,2
said,2
gap,2
either,2
isthmus,2
certainly,2
preceding,2
localities,2
originally,2
give,2
monumentos,2
address,2
script,2
carmack,2
action,2
emerged,2
definition,2
confirmed,2
could,2
leading,2
paramount,2
assess,2
pvini,2
suggesting,2
great,2
rich,2
descubrimientos,2
hundred,2
reveal,2
uncovered,2
hunting,2
graham,2
fresh,2
last,2
greatly,2
concepts,2
signs,2
dd,2
acerca,2
sociedad,2
side,2
occasional,2
westview,2
verlag,2
actividad,2
farrel,2
verbena,2
amplified,2
draw,2
politics,2
prehispanic,2
soils,2
characterization,2
evolución,2
measuring,2
point,2
say,2
adoption,2
reflecting,2
far,2
representing,2
olmecas,2
kaqchikeles,2
áreas,2
labor,2
conflict,2
lujan,2
guillemin,2
blades,2
chayal,2
illustrates,2
analyzing,2
intensifying,2
grupo,2
terraces,2
dozen,2
adopted,2
acta,2
price,2
expansionistic,2
sample,2
expected,2
kind,2
candidates,2
clay,2
nor,2
ct,2
función,2
channeled,2
refer,2
amount,2
ha,2
blomster,2
response,2
six,2
maxima,2
spectometry,2
thin,2
clearance,2
look,2
piedra,2
pronounced,2
competitive,2
paste,2
artes,2
higher,2
poor,2
guacalate,2
via,2
played,2
privilege,2
his,2
performance,2
grid,2
centered,2
orellana,2
landscape,2
importance,2
centralization,2
process,2
represented,2
goes,2
pétrographie,2
gallery,2
symbols,2
lacking,2
obsidiana,2
popol,2
references,2
rib,2
consider,2
posclásico,2
objects,2
multitiered,2
causeway,2
canales,2
numbers,2
weak,2
frequently,2
calendar,2
presumed,2
communities,2
mesoamerìca,2
lithic,2
rniow,2
drought,2
exceed,2
followed,2
chronometrie,2
segmentary,2
ideología,2
method,2
peabody,2
export,2
strategy,2
suggested,2
drawing,2
ciencias,2
highest,2
matching,2
carving,2
tiquisate,2
wares,2
histories,2
rule,2
entered,2
nueve,2
estudios,2
ocupación,2
noting,2
diet,2
neutron,2
mariposa,2
density,2
ranking,2
equally,2
neighboring,2
oklahoma,2
traits,2
acropolis,2
desde,2
province,2
tools,2
essentialist,2
viewed,2
boundaries,2
dispersal,2
reportes,2
fisheries,2
instrumental,2
fox,2
wide,2
scene,2
sparse,2
improve,2
products,2
directly,2
having,2
unequal,2
expansionary,2
julia,2
mapped,2
scope,2
protein,2
claim,2
striking,2
brought,2
tributary,2
competing,2
knowledge,2
apparent,2
tombs,2
related,2
pyramids,2
cuadernos,2
sociedades,2
refined,2
postulated,2
des,2
increasingly,2
runs,2
naturaleza,2
focuses,2
reflect,2
surrounding,2
il,2
systematic,2
cnui,2
status,2
own,2
interpreted,2
attributed,2
count,2
manifestation,2
refuse,2
cosmic,2
transitions,2
colojate,2
below,2
stage,2
hidráulicos,2
coupled,2
politically,2
presencia,2
quite,2
routes,2
pedrero,2
emerging,2
sole,2
habitation,2
estilo,2
zea,2
county,2
ancestral,2
differing,2
velasquez,2
up,2
rescate,2
majority,2
preliminar,2
cocina,2
correspondence,2
jointly,2
moved,2
rest,2
justeson,2
barbara,2
aurora,2
portion,2
critical,2
highlights,2
implications,2
clara,2
absence,2
impacts,2
ac,2
cessation,2
imagery,2
indeed,2
comparative,2
postulation,2
nearly,2
whatever,2
estado,2
expanded,2
interactions,2
backdrop,2
lo,2
mayab,2
reference,2
tremendous,2
emigrants,2
residence,2
retalhuleu,2
orange,2
escultórico,2
salient,2
planned,2
enigmatic,2
rectangular,2
floor,2
bar,2
twin,2
fill,2
management,2
sis,2
discussions,2
houston,2
complejas,2
ethnohistorical,2
mark,2
again,2
pastes,2
academy,2
grube,2
similarly,2
motifs,2
visita,2
usefulness,2
rupestre,2
activación,2
xii,2
temples,2
pacifico,2
compound,2
match,2
relación,2
gavarrete,2
surfaces,2
memorias,2
antecedents,2
barrigones,2
chiefdom,2
ruler,2
conclusions,2
performances,2
ground,2
increases,2
posit,2
innovative,2
understudied,2
establish,2
compositional,2
hachas,2
michael,2
less,2
martín,2
council,2
potbelly,2
deep,2
nueva,2
distance,2
manantial,2
shifts,2
shells,2
identifiable,2
joo,2
remained,2
original,2
nahua,2
neutrones,2
diehl,2
influences,2
producción,2
paleontología,2
explanation,2
directions,2
enhanced,2
manufactured,2
mesoamericana,2
iconografia,2
mixezoquean,2
samples,2
identification,2
asentamiento,2
empirical,2
societal,2
holocene,2
gamica,2
rivers,2
assume,2
ideas,2
harvard,2
trend,2
kingdom,2
tehuantepec,2
cláscio,2
write,2
clear,2
directed,2
authors,2
counter,2
rulers,2
function,2
tribal,2
am,2
obtained,2
stages,2
standard,2
constituted,2
bilbao,2
problems,2
article,2
temprana,2
craft,2
become,2
palo,2
crc,2
chalchuapa,2
pictograma,2
monographs,2
consumption,2
estados,2
dominance,2
cojolate,2
attention,2
encompassing,2
altipiano,2
educación,2
paredes,2
fueled,2
norr,2
crucial,2
shell,2
headdress,2
impressive,2
program,2
reconocimiento,2
means,2
worldwide,2
chinautla,2
yale,2
paraphernalia,2
stimulated,2
covering,2
figurine,2
ivic,2
kennett,2
life,2
causeways,2
kings,2
composed,2
cuaderno,2
período,2
mirror,2
considered,2
addressed,2
multiple,2
environment,2
abandonment,2
arte,2
then,2
mcdonald,2
growing,2
conclusion,2
león,2
unlikely,2
geographic,2
temporal,2
shrimp,2
temple,2
spatially,2
colección,2
highly,2
know,2
outcome,2
loros,2
cultures,2
depression,2
patronized,2
mirador,2
intrusive,2
half,2
chatos,2
scenario,2
patrimonio,2
xn,2
rely,2
económica,2
associations,2
proposed,2
type,2
merely,2
altars,2
ruins,2
imitation,2
terms,2
cause,2
particular,2
seasonal,2
map,2
laguna,2
firmly,2
ceased,2
densities,2
prismatic,2
kaufman,2
balance,2
information,2
observations,2
emphasis,2
arévalo,2
incorporated,2
revista,2
categories,2
spaces,2
researchers,2
boston,2
outline,2
circumstances,2
confirm,2
easy,2
disciplines,2
assumptions,2
struck,2
milwaukee,2
arguments,2
phenomenon,2
culebra,2
belize,2
come,2
named,2
question,2
youth,2
argument,2
frontiers,2
illinois,2
protohistoric,2
recovering,2
vecinos,2
imperative,2
course,2
include,2
define,2
need,2
product,2
exploraciones,2
regular,2
shift,2
summary,2
vertebrate,2
actions,2
charged,2
chicago,2
debate,2
create,2
norman,2
gainesville,2
views,2
florescence,2
given,2
develop,2
abandoned,2
images,2
technological,2
dos,2
should,2
primera,2
arizona,2
hypothesis,2
bernal,1
asociados,1
final,1
gis,1
ä,1
loo,1
hector,1
tokyo,1
paleoenvironment,1
superiority,1
pervaded,1
possessed,1
currently,1
mostly,1
produces,1
encountering,1
hidráulico,1
cover,1
frequent,1
díaz,1
reñning,1
residing,1
estimated,1
conflicting,1
stuart,1
curtailed,1
fortified,1
fertile,1
crafts,1
niños,1
huehuetenango,1
implying,1
glascock,1
stood,1
isotopes,1
correlations,1
awaits,1
separated,1
truth,1
rnv,1
decades,1
clams,1
extreme,1
expedition,1
mysteries,1
legitimate,1
escalera,1
determine,1
cerros,1
phytolith,1
resided,1
bernai,1
ofthat,1
caches,1
ultimate,1
maravillas,1
mountains,1
mar,1
notably,1
manuscript,1
debris,1
passing,1
sitios,1
bloques,1
beneath,1
patio,1
likewise,1
rick,1
achievements,1
integrity,1
retrospectiva,1
doug,1
offerings,1
agency,1
myth,1
reciente,1
juego,1
jsfi,1
caynac,1
mapa,1
birds,1
noncholan,1
imperialism,1
jpoo,1
transform,1
estuaries,1
chay,1
tlacuachero,1
quilisimate,1
sumptuary,1
pelota,1
apologia,1
congreso,1
jonathan,1
ilmenita,1
barely,1
ballcourt,1
esqueletos,1
flows,1
boulder,1
ore,1
ms,1
reasonably,1
position,1
marcario,1
doctor,1
minor,1
ixtacapa,1
braunstein,1
ocos,1
xoconocho,1
cusp,1
arcaicos,1
ae,1
fragile,1
kaminlajuyu,1
patron,1
blade,1
classifies,1
kato,1
nuevas,1
foragers,1
princeton,1
chief,1
descriptions,1
tripod,1
pérez,1
du,1
constitutes,1
encomienda,1
women,1
hoping,1
leads,1
northward,1
experience,1
lariy,1
atitlán,1
rorida,1
mesa,1
lower,1
incomplete,1
peten,1
anything,1
bloodletting,1
licenciatura,1
marco,1
inc,1
failing,1
walnut,1
readability,1
markt,1
connection,1
fifteenth,1
sipacate,1
derives,1
tiempo,1
esperanza,1
tropics,1
cosmological,1
abound,1
violenta,1
rush,1
tumulus,1
elusive,1
terrain,1
oswaldo,1
permanently,1
monte,1
stretch,1
mapeo,1
flowing,1
winding,1
cronología,1
joins,1
parties,1
replaces,1
incorporating,1
physiographic,1
apogeo,1
immense,1
confounds,1
oval,1
height,1
available,1
continue,1
packed,1
broadly,1
arqueoloictiologia,1
assertion,1
altitudinal,1
daily,1
monumentally,1
desire,1
flotation,1
thank,1
gradual,1
fortunes,1
compounds,1
quinto,1
fì,1
appendix,1
follows,1
borne,1
achigúate,1
subdiscipline,1
government,1
galería,1
resonate,1
farther,1
closer,1
onto,1
kaleidoscope,1
guatalón,1
renfrew,1
take,1
reproduction,1
subsequent,1
endeavored,1
help,1
intruders,1
precociousness,1
vegetales,1
mind,1
universal,1
raised,1
tv,1
reminiscent,1
platforms,1
complicated,1
arqueoloictiologià,1
intrusion,1
mascalate,1
outstripped,1
expuestos,1
cuenca,1
laporte,1
designs,1
inferencias,1
iximcne,1
microbotanical,1
político,1
post,1
pl,1
nog,1
generosity,1
depending,1
ascribed,1
dearth,1
existence,1
suspect,1
plains,1
shellmound,1
botanical,1
autonoma,1
fascinated,1
bodies,1
recorded,1
courtesy,1
sunken,1
guazacapan,1
trono,1
active,1
primary,1
sought,1
mass,1
saying,1
secundario,1
asociado,1
berendt,1
representations,1
istmo,1
politial,1
design,1
constructivist,1
witlj,1
account,1
memoried,1
intercambio,1
archaeologial,1
compelling,1
outlying,1
sixteenth,1
fl,1
condition,1
uxuna,1
illustrate,1
etnologia,1
peña,1
adopting,1
edades,1
feinman,1
solely,1
climbs,1
datasets,1
bibliography,1
doni,1
sánchez,1
tecojate,1
stratigraphy,1
reassessing,1
interdisciplinary,1
variations,1
intermediary,1
ideologically,1
uncertain,1
climax,1
influencia,1
horticultural,1
compares,1
promises,1
amatle,1
acercamiento,1
innovator,1
contemporanea,1
moral,1
identifies,1
framing,1
eroded,1
measurement,1
sweet,1
dentro,1
wallace,1
conclusively,1
tich,1
collection,1
sign,1
overlaps,1
valuables,1
factional,1
anotaciones,1
ranked,1
tecnico,1
exist,1
segregation,1
closes,1
glyphs,1
xui,1
frequencies,1
restos,1
thus,1
documentos,1
squash,1
politcal,1
jade,1
typological,1
affiliation,1
buscando,1
economía,1
urbina,1
alignments,1
bilingue,1
palaces,1
severe,1
seminales,1
realignment,1
barrick,1
etnohistdricos,1
translating,1
backgrounds,1
interior,1
visited,1
creators,1
funerario,1
realized,1
habitacionales,1
catálogo,1
hace,1
millennium,1
oftenpresumed,1
attained,1
divine,1
domain,1
correcting,1
solórzano,1
ability,1
basal,1
ear,1
viewing,1
capped,1
prehistoria,1
attested,1
después,1
rites,1
jarte,1
coexistence,1
encyclopedia,1
recuperación,1
remanso,1
estilos,1
extensively,1
jesus,1
interprets,1
fábricas,1
transitional,1
turn,1
estimates,1
cases,1
importancia,1
sediment,1
old,1
interim,1
evident,1
david,1
burgeoning,1
jilotepque,1
evolutivo,1
back,1
stalk,1
modifying,1
xvn,1
houses,1
cuahtémoc,1
internactonal,1
southeast,1
examen,1
suchitipéquez,1
uuiuemin,1
portento,1
coyolatell,1
multiplicidad,1
weakening,1
chilo,1
diagnostics,1
compare,1
hermes,1
coinciding,1
storage,1
explore,1
avances,1
drawn,1
obscure,1
factions,1
matenal,1
percentage,1
unresolved,1
deviates,1
hodder,1
constructs,1
borg,1
dirección,1
details,1
obisidian,1
apparently,1
spread,1
forestall,1
messages,1
discovering,1
jones,1
economia,1
guanacaste,1
ruiz,1
urbanizadora,1
formativa,1
teotihuacanos,1
balbetta,1
regionalization,1
metapa,1
critiquing,1
caecilians,1
montane,1
naturales,1
walls,1
teotïhuacana,1
industries,1
communications,1
alabama,1
posited,1
toltec,1
spools,1
failed,1
conquerors,1
competition,1
topic,1
ethnie,1
recognized,1
fcvidencia,1
essential,1
mcanany,1
municipio,1
supernatural,1
uonenas,1
underway,1
reimer,1
purely,1
principally,1
divination,1
aimed,1
ostensibly,1
main,1
compatible,1
esmeralda,1
stop,1
coloquio,1
sort,1
paths,1
breadth,1
posits,1
influential,1
square,1
simbolismo,1
censer,1
culminating,1
longest,1
hold,1
holistic,1
mean,1
norte,1
períodod,1
phosphate,1
complementarity,1
survives,1
están,1
equinox,1
persistent,1
flexible,1
duende,1
mesopotamian,1
loma,1
cuentas,1
grew,1
costen,1
precocity,1
balanced,1
parts,1
ongoing,1
ruinas,1
mejia,1
enacted,1
scales,1
fred,1
collecting,1
summarized,1
unsculpted,1
productive,1
augmented,1
pobladores,1
attached,1
mixco,1
addressing,1
dinásticos,1
priorities,1
mayadominated,1
woefully,1
mosaic,1
understand,1
tooth,1
morena,1
favor,1
remians,1
enclabe,1
theorists,1
immigrant,1
stand,1
hematite,1
playing,1
supports,1
locally,1
conocido,1
dichotomy,1
occupational,1
nitrogen,1
spreading,1
specialization,1
organized,1
conservative,1
branch,1
chiquirines,1
warren,1
fortifications,1
elevated,1
societv,1
placed,1
solidified,1
hierarchically,1
constructivos,1
exploratory,1
argued,1
larga,1
quarters,1
upper,1
incorrectly,1
looser,1
conflicto,1
age,1
orientation,1
ií,1
jars,1
periodos,1
linguistics,1
referencias,1
albuquerque,1
cabezas,1
surface,1
schwarz,1
peru,1
actes,1
notions,1
generally,1
comparisons,1
putting,1
seriation,1
requires,1
exploitation,1
mutilation,1
ofrenda,1
permanent,1
shifted,1
stoltman,1
períodos,1
helped,1
syntheses,1
opinion,1
inhabited,1
strengthen,1
molds,1
southweast,1
conflicts,1
aceramic,1
charcoal,1
union,1
movilizador,1
escalón,1
problemática,1
authority,1
uses,1
came,1
rivals,1
ga,1
memory,1
basalt,1
meridional,1
ushering,1
questioned,1
arrival,1
allow,1
bearing,1
declined,1
portable,1
martinez,1
kingship,1
chipped,1
strength,1
caramelo,1
portent,1
maizin,1
mapping,1
craftspeople,1
reevaluación,1
eastward,1
behavioral,1
seven,1
metodología,1
lived,1
users,1
ci,1
centroamerica,1
ocean,1
fishing,1
calm,1
salcedo,1
outpost,1
ortega,1
mimicked,1
urias,1
ceiba,1
possibility,1
initial,1
philosophical,1
fuel,1
pereira,1
objetivos,1
term,1
midway,1
evaluate,1
academic,1
accurately,1
danger,1
kinship,1
cups,1
kawinal,1
honoring,1
guadalajara,1
informed,1
bp,1
elemental,1
aportes,1
garcia,1
throned,1
hacia,1
war,1
paraíso,1
ambiental,1
keywords,1
produced,1
analogous,1
kaminljuyu,1
winaq,1
appearing,1
nressv,1
sucinta,1
samayoa,1
approached,1
multidisciplinar,1
antroplogía,1
archivo,1
superior,1
freidel,1
gods,1
sacrifice,1
febrero,1
throne,1
sedentism,1
expressions,1
hunters,1
criteria,1
ggscrf,1
shape,1
congrès,1
colonies,1
gained,1
none,1
participation,1
network,1
cycling,1
spheres,1
interface,1
décadas,1
paleoenvironmental,1
decipherment,1
planning,1
intense,1
nucleus,1
residents,1
scatters,1
bolster,1
isotope,1
received,1
priesthood,1
statehood,1
tool,1
raso,1
start,1
ocote,1
distinguish,1
overturn,1
concept,1
prominent,1
distancia,1
occupants,1
divides,1
desarrollos,1
london,1
example,1
pedagógicos,1
rueda,1
fragmentado,1
proportions,1
overlay,1
confined,1
anew,1
homeland,1
criticized,1
northern,1
cotorra,1
overview,1
realm,1
cambóte,1
mexicans,1
describe,1
fail,1
émigrés,1
salud,1
travel,1
socoiiusccf,1
climatic,1
drew,1
imitations,1
densely,1
actually,1
pachuca,1
enveloped,1
ü,1
colossal,1
rows,1
guatemalteco,1
lanham,1
augment,1
cientíca,1
gómez,1
xocco,1
away,1
complemented,1
bounded,1
vista,1
esctuintla,1
compact,1
putatively,1
fopenoe,1
occidente,1
fieldwork,1
prater,1
emissaries,1
horizon,1
disturbance,1
trends,1
esoamerica,1
hidden,1
chemistry,1
laura,1
errors,1
integración,1
foci,1
marroquín,1
mejía,1
izapan,1
good,1
responses,1
stylized,1
mexicanstyle,1
información,1
officials,1
construct,1
interregional,1
punctuated,1
commerce,1
adaptive,1
arise,1
indicator,1
upheavals,1
caused,1
hard,1
regardless,1
responsibility,1
cream,1
carry,1
demystifying,1
cavnac,1
reliable,1
veroena,1
indicators,1
josserand,1
waterway,1
discourse,1
emphasizes,1
feasts,1
midst,1
ixtepeque,1
event,1
registro,1
incensarios,1
pina,1
amatte,1
intervals,1
iscuintepeque,1
mutilado,1
endured,1
autonomy,1
soil,1
stomachs,1
choose,1
multinational,1
ill,1
eighth,1
mayastyle,1
vacuum,1
urgently,1
moyuta,1
methodological,1
corridor,1
zonal,1
brown,1
gradient,1
ropes,1
patience,1
mayanized,1
cosmology,1
uniform,1
infers,1
lacuna,1
loci,1
òociopoiitical,1
ot,1
describes,1
gillespie,1
cj,1
factionalism,1
structured,1
moerman,1
lore,1
axes,1
newly,1
finds,1
salvadoran,1
casa,1
humanistic,1
sophistication,1
reducing,1
antigüedades,1
avoid,1
stephens,1
estelas,1
osteologia,1
input,1
culturales,1
replacing,1
chronological,1
span,1
perspectivas,1
llc,1
reinventing,1
defended,1
consideraciones,1
therefore,1
symbolism,1
topografía,1
situation,1
proxy,1
hegemony,1
variety,1
plateau,1
estanperadas,1
minimizes,1
nonelites,1
steadily,1
burning,1
indicative,1
separation,1
culturally,1
predecessors,1
garrison,1
revival,1
twotiered,1
santaclara,1
benson,1
acknowledged,1
brief,1
provoking,1
merits,1
tabasco,1
interdependence,1
albany,1
carpio,1
exception,1
descubrimiento,1
prove,1
attempt,1
reconstruction,1
geofíscicas,1
comments,1
macrobotanical,1
targeted,1
outer,1
collapsed,1
antillon,1
seemingly,1
silfio,1
strategic,1
fechamiento,1
structural,1
guzman,1
amatitlán,1
plow,1
sponsorship,1
marfil,1
uncertainty,1
postdates,1
decorative,1
continuation,1
collect,1
privilegio,1
anticipates,1
springs,1
tempranos,1
modification,1
unintended,1
interpretation,1
violence,1
push,1
vs,1
revisiting,1
coverage,1
represents,1
makes,1
clasico,1
campo,1
alongside,1
acknowledgments,1
rain,1
baktun,1
fifth,1
populated,1
selective,1
us,1
pipils,1
neither,1
thesis,1
muerte,1
clarified,1
northwest,1
prisoners,1
conociendo,1
included,1
falls,1
indice,1
symptom,1
inherited,1
cuatro,1
pasado,1
shifting,1
dropped,1
diets,1
unbalanced,1
accelerated,1
gutiérrez,1
acknowledging,1
rejects,1
insights,1
gary,1
preeminent,1
illustrated,1
demarest,1
containing,1
processed,1
operations,1
predisposition,1
strata,1
locational,1
functioned,1
altos,1
robert,1
picture,1
prelcassic,1
gente,1
lee,1
volume,1
depressions,1
definitions,1
adaptación,1
george,1
eugenia,1
regionalización,1
influencias,1
walled,1
barth,1
olmecstyle,1
dichotomies,1
decoration,1
gobierno,1
stream,1
undetermined,1
maría,1
approaching,1
morerías,1
overwhelming,1
remontando,1
utatlán,1
harrington,1
wetlands,1
paleobotanical,1
paleontológico,1
complementary,1
comparison,1
analytical,1
mexicanización,1
incorporates,1
joyce,1
fact,1
humana,1
marker,1
datos,1
chisholm,1
fundamental,1
stimulus,1
occurrence,1
carbonized,1
departments,1
instability,1
piezas,1
proposal,1
plan,1
trips,1
appeared,1
highvalue,1
fleeing,1
más,1
viii,1
lisas,1
staples,1
izapanstvle,1
diverse,1
cords,1
belizean,1
debates,1
doubt,1
artístico,1
semetebaj,1
fashion,1
functionally,1
wwwmurrmissouriedu,1
tamarindo,1
kal,1
pacífica,1
removal,1
external,1
reasons,1
sellos,1
depopulation,1
channel,1
vih,1
never,1
waterborne,1
drinking,1
heart,1
abstract,1
anthropolosv,1
paris,1
yokes,1
archaeologies,1
secrets,1
road,1
tertiary,1
continuing,1
competitors,1
equate,1
cakchiqueles,1
interpretación,1
ablation,1
unclear,1
contracted,1
undertheorized,1
palacios,1
toad,1
usulután,1
eg,1
spoke,1
norms,1
wuj,1
silueta,1
paredón,1
rocío,1
tormative,1
intensify,1
invitation,1
native,1
quickened,1
chiquimulilla,1
stylistically,1
como,1
coyolatel,1
winterhaider,1
heuristics,1
spike,1
ecology,1
últimos,1
anticipate,1
break,1
vacas,1
connections,1
penetrating,1
discourses,1
demonstrated,1
hermosa,1
grouping,1
meetings,1
semetabaj,1
altar,1
jobo,1
ignored,1
candeleros,1
üe,1
elevations,1
leeuw,1
invested,1
mays,1
treated,1
apogee,1
complejo,1
discovery,1
tulane,1
farming,1
bear,1
aqueducts,1
critiqued,1
transformed,1
scatter,1
cangrejo,1
feeding,1
merge,1
herbich,1
warrior,1
epigraphic,1
encouraged,1
top,1
findings,1
medioambiente,1
controlling,1
entirely,1
maestras,1
columnar,1
combining,1
linking,1
despoblado,1
prehispánicos,1
exciting,1
excavaciones,1
aesthetics,1
carnegie,1
juyub,1
congress,1
temas,1
resulting,1
umbilicus,1
quinta,1
roman,1
nothing,1
merit,1
huiscoyol,1
fruits,1
ceremonies,1
previous,1
parque,1
ofrendas,1
dismissed,1
uruk,1
theoretical,1
anuario,1
chaiomá,1
ties,1
yields,1
à,1
open,1
significance,1
managed,1
discovered,1
historic,1
estuarine,1
discussed,1
comprehensive,1
peripheral,1
express,1
urbanism,1
xx,1
agreement,1
cambio,1
sustain,1
domestication,1
reap,1
logic,1
amounts,1
august,1
radar,1
citv,1
ballcourts,1
divisions,1
ri,1
reviewers,1
collaboration,1
like,1
ny,1
belongs,1
direct,1
golondrinas,1
chivacabe,1
plant,1
proveniente,1
attribution,1
unconfirmed,1
depiction,1
sierra,1
distinction,1
ralda,1
rob,1
lie,1
administrative,1
pyramidal,1
ofrulership,1
filled,1
practiced,1
américanistes,1
amorphous,1
december,1
kyr,1
primer,1
legacy,1
adequately,1
avocado,1
bulto,1
spent,1
class,1
unambiguous,1
agriculturalists,1
favored,1
mexica,1
occidentales,1
internal,1
ratios,1
matched,1
floral,1
cakhay,1
juncture,1
bixcaflores,1
sociopolítica,1
weaning,1
exported,1
narrow,1
interpretations,1
solidify,1
topics,1
unoccupied,1
hierarchical,1
stringher,1
política,1
otherworld,1
primeros,1
translate,1
incienso,1
slightly,1
locales,1
adaptations,1
parameters,1
ceràmica,1
streams,1
recursos,1
diameters,1
saw,1
procurement,1
destruction,1
variación,1
anchored,1
engagement,1
remarkable,1
sugar,1
gavarrette,1
controversial,1
embodied,1
ambrose,1
finca,1
propose,1
balcárcel,1
habel,1
unversity,1
division,1
species,1
improperly,1
perils,1
dietary,1
enamel,1
solar,1
genesis,1
european,1
factors,1
alul,1
nonwestern,1
ixchiyá,1
indication,1
veracruz,1
speculate,1
tejada,1
straight,1
ericastilla,1
rostros,1
tradiciones,1
postulate,1
dead,1
ministerio,1
flesh,1
imply,1
dinámica,1
vegas,1
emulation,1
visits,1
veneration,1
metaphors,1
redonda,1
involving,1
preclásicos,1
assert,1
sometimes,1
five,1
izapans,1
vision,1
ujxute,1
suggestive,1
palenque,1
rough,1
reasonable,1
order,1
eriksen,1
referred,1
dimensions,1
sensitive,1
experimenting,1
explotación,1
concluding,1
collections,1
deposit,1
rethinking,1
guatemla,1
busca,1
force,1
returned,1
effectively,1
millennia,1
markers,1
clima,1
tempranas,1
recognize,1
whereby,1
lxefc,1
pasta,1
poetics,1
ohi,1
literacy,1
responsible,1
intermedio,1
pristine,1
existed,1
fall,1
majadas,1
surprising,1
guillen,1
geoff,1
populace,1
aggrandizers,1
coordination,1
ceramico,1
fields,1
centuries,1
compendio,1
rim,1
contemplating,1
face,1
arts,1
problematic,1
slighted,1
interpretive,1
vinak,1
marquis,1
resemble,1
investigate,1
coastc,1
tierra,1
anéeles,1
gobernantes,1
detail,1
claims,1
sections,1
school,1
rebut,1
voc,1
kaminaliuvu,1
variable,1
insituto,1
dispersed,1
sacredness,1
descripción,1
crystal,1
civilizations,1
comes,1
exemplified,1
accordance,1
pobaldores,1
colonists,1
calendrical,1
rivaled,1
conjunction,1
tempting,1
zarca,1
condor,1
patios,1
founded,1
measurements,1
teotihuacana,1
salvamento,1
asentamientos,1
adjoining,1
utilitaria,1
solitary,1
indígenas,1
economically,1
ilustración,1
extension,1
symbolic,1
francesca,1
pokomam,1
temático,1
constructed,1
quantitative,1
reconnaissance,1
terrestrial,1
contemporáneos,1
md,1
doi,1
sustained,1
precláscio,1
gran,1
clement,1
set,1
der,1
centrai,1
bryant,1
coincides,1
mirrors,1
archaeologaists,1
forty,1
association,1
encontrada,1
ship,1
berkeley,1
ran,1
flow,1
continental,1
misceláneas,1
etnohistoria,1
colonization,1
cerámicas,1
solicitud,1
finance,1
portal,1
tomb,1
regionalism,1
suggestions,1
novel,1
expanding,1
quetzal,1
setting,1
riachuelo,1
historians,1
seem,1
entidad,1
believe,1
lagoon,1
ivory,1
down,1
tandem,1
acrópolis,1
argue,1
paleoclimatic,1
wauchope,1
regard,1
episodically,1
elementos,1
eventually,1
siglos,1
stretching,1
aérea,1
plácticas,1
precolombart,1
thinking,1
siglo,1
themes,1
diablo,1
lugar,1
plazas,1
separating,1
cultivation,1
reflected,1
crafting,1
examining,1
palmas,1
goddess,1
burying,1
thompson,1
hidráulica,1
suddenly,1
living,1
advances,1
pending,1
destroyed,1
stanforduniversidad,1
nü,1
ballgame,1
alfarera,1
romero,1
game,1
jutiapa,1
ethnically,1
poder,1
fuller,1
cataluña,1
colos,1
notable,1
elevation,1
majorie,1
motagua,1
ritos,1
undercut,1
rose,1
typologies,1
multidisciplinary,1
making,1
accounts,1
plants,1
independently,1
sal,1
visible,1
metaphor,1
maintain,1
climatological,1
cult,1
baúl,1
balsamo,1
ripe,1
adaptation,1
unwise,1
preliminares,1
useful,1
nicarao,1
foundations,1
litoral,1
extract,1
vehicle,1
secure,1
posiciones,1
produce,1
yield,1
reviewed,1
archaeofauna,1
proposing,1
emblematic,1
itstapa,1
almost,1
episode,1
escobar,1
missed,1
scenarios,1
oxygen,1
pluto,1
wonders,1
kappelman,1
infant,1
aguas,1
universe,1
altares,1
imprecisely,1
metamorphic,1
finished,1
integrating,1
vessels,1
ultimos,1
conference,1
presume,1
marking,1
advancing,1
luo,1
payu,1
largescale,1
careful,1
severely,1
recuento,1
greg,1
altered,1
pits,1
thereby,1
reported,1
conclude,1
origen,1
tlachuachero,1
sea,1
estudio,1
courses,1
janine,1
fossil,1
mexicanas,1
censuses,1
die,1
simply,1
rash,1
went,1
territory,1
matches,1
substance,1
centralism,1
cultivated,1
unit,1
navarrete,1
commodities,1
contribute,1
alain,1
programs,1
resistance,1
summarizes,1
copper,1
unitary,1
qualitative,1
challenges,1
allows,1
isolated,1
dryness,1
tall,1
diverged,1
goals,1
suyuc,1
bosch,1
waves,1
cholan,1
apoyo,1
esclavos,1
prepared,1
economie,1
mica,1
white,1
prehispánicas,1
perspectiva,1
algunos,1
intercultural,1
antiguo,1
tlaloc,1
mythologies,1
undercuts,1
civilización,1
sistemas,1
drafts,1
spacing,1
habitantes,1
unable,1
birth,1
berlina,1
rasgos,1
reveals,1
libros,1
nonelite,1
resentadas,1
provenance,1
copies,1
finding,1
vuh,1
decrease,1
mojarra,1
iconografía,1
ojo,1
trap,1
completed,1
crisis,1
redrawn,1
marquesse,1
spectra,1
monikers,1
quatref,1
typically,1
integrated,1
suffers,1
dense,1
conservación,1
tricky,1
usa,1
otros,1
manufacture,1
fukuhara,1
peistal,1
cautionary,1
simposios,1
chronologies,1
ciudad,1
colleagues,1
iene,1
leiden,1
overutilized,1
tobacco,1
left,1
funerarios,1
horizonte,1
chimaltenango,1
maximizing,1
classification,1
roughly,1
rituales,1
pamplona,1
surge,1
anonymous,1
respective,1
deer,1
flora,1
caveats,1
externas,1
territories,1
periodic,1
potential,1
aztecs,1
geomorphology,1
drying,1
portrait,1
augmenting,1
thrones,1
twinchambered,1
pedro,1
enduring,1
merion,1
era,1
defensivo,1
uncentralized,1
bentley,1
liwy,1
import,1
entire,1
uso,1
archeological,1
divergent,1
traditional,1
re,1
immediately,1
ends,1
cuauhtemoc,1
frontera,1
anton,1
famous,1
profiles,1
oí,1
representational,1
roles,1
delayed,1
fur,1
customs,1
continuously,1
perreira,1
discern,1
gold,1
heterogeneous,1
hallazgo,1
