WORDCOUNTS,WEIGHT
the,1239
of,878
in,687
and,661
to,296
a,279
japanese,222
japan,203
archaeology,122
for,118
is,118
on,113
at,96
as,96
from,95
by,94
pp,90
research,87
j,85
m,85
that,82
university,82
with,82
archaeological,76
period,67
t,65
jomon,64
cultural,62
are,59
early,59
site,58
was,55
yayoi,54
has,52
nara,50
an,50
h,49
k,49
new,49
have,49
studies,47
r,46
been,46
g,44
p,41
cambridge,41
tokyo,39
these,39
this,38
history,37
it,36
s,36
historical,36
c,36
east,35
palaeolithic,35
tomb,35
kofun,34
were,34
society,31
no,30
not,30
be,30
w,29
late,29
ancient,29
asian,29
journal,28
l,28
n,28
culture,28
between,28
international,27
state,27
y,27
barnes,27
asia,26
or,26
but,26
century,25
okita,25
dating,25
their,24
sites,24
pacific,24
current,24
now,23
into,23
prehistory,22
which,22
one,21
being,21
i,21
social,21
quaternary,21
such,20
pleistocene,20
some,19
rice,19
prefecture,19
bronze,19
recent,19
agency,18
its,18
world,18
national,18
e,17
review,17
b,17
two,17
ainu,17
pottery,17
antiquity,17
imperial,17
through,17
newsletter,17
periods,16
archaeologists,15
yamato,15
other,15
government,15
de,15
data,15
northern,15
excavated,15
museum,15
mirrors,15
over,15
formation,15
yamatai,15
d,15
introduction,14
properties,14
dates,14
multicultural,14
prehistoric,14
chinese,14
project,14
smithsonian,14
scientific,14
earliest,14
beginning,14
years,14
f,13
they,13
large,13
stone,13
english,13
great,13
affairs,13
religious,13
fig,13
after,13
known,13
theory,13
nature,12
within,12
foundation,12
nipponica,12
jr,12
rescue,12
ceramics,12
study,12
during,12
many,12
local,12
kyoto,12
analysis,12
anthropology,12
problem,12
asiatica,11
excavation,11
first,11
development,11
human,11
discoveries,11
paleolithic,11
origins,11
view,11
out,11
population,11
osaka,11
well,11
used,11
work,11
london,11
washington,11
change,11
kokogaku,11
materials,11
rise,11
can,11
palace,11
past,11
what,11
institute,11
heian,11
monumenta,11
northeast,10
village,10
date,10
ad,10
acta,10
excavations,10
his,10
dated,10
korea,10
age,10
burial,10
because,10
et,10
buildings,10
settlement,10
up,10
kyushu,10
technology,10
department,10
more,10
kenkyu,10
ceramic,10
present,10
made,10
quarterly,10
relations,10
tephra,10
if,9
modern,9
western,9
religion,9
there,9
eastern,9
far,9
than,9
transactions,9
problems,9
had,9
bc,9
people,9
finds,9
islands,9
time,9
end,9
where,9
material,9
evolution,9
historic,9
structure,9
perspectives,9
construction,9
anthropological,9
buddhist,9
conference,9
found,9
association,9
anonymous,9
traditional,9
korean,8
sackler,8
long,8
all,8
reconstruction,8
agriculture,8
without,8
paddy,8
miwa,8
earthquake,8
tombs,8
regional,8
interpretation,8
york,8
scholars,8
arthur,8
centre,8
bulletin,8
symposium,8
linda,8
then,8
report,8
both,8
city,8
prefectural,8
identity,7
analyses,7
survey,7
political,7
asahi,7
case,7
issue,7
bibliography,7
hokkaido,7
ritual,7
since,7
may,7
fujiwara,7
most,7
published,7
results,7
techniques,7
shinbun,7
only,7
buddha,7
also,7
discovery,7
radiocarbon,7
architectural,7
preservation,7
science,7
different,7
capital,7
agricultural,7
middle,7
edo,7
und,7
bunka,7
izumo,7
area,7
focus,7
among,7
building,7
does,6
linguistic,6
before,6
might,6
okayama,6
sannai,6
court,6
those,6
investigations,6
china,6
zur,6
possible,6
media,6
perspective,6
back,6
even,6
coastal,6
special,6
organization,6
established,6
northeastern,6
committee,6
distribution,6
location,6
academic,6
tools,6
revealed,6
we,6
trends,6
field,6
around,6
several,6
annual,6
wetland,6
still,6
southern,6
about,6
thought,6
chronology,6
tohoku,6
largest,6
mound,6
heritage,6
areas,6
v,6
model,6
another,6
mounded,6
discovered,6
language,6
wei,6
plant,6
postwar,6
tenri,6
gunma,6
provide,6
who,6
translation,6
types,6
when,6
himiko,6
kagaku,6
natural,6
nihon,6
warp,6
terms,6
character,6
while,6
takamori,6
should,6
although,6
dendrochronology,6
evidence,6
ca,6
major,6
hypothesis,6
currently,5
common,5
medieval,5
later,5
center,5
mounted,5
specialist,5
ussr,5
production,5
ii,5
definition,5
available,5
wooden,5
kinai,5
eaannouncements,5
flotation,5
origin,5
arctic,5
papers,5
key,5
determined,5
politics,5
resources,5
central,5
throughout,5
application,5
echo,5
kobe,5
chronostratigraphy,5
ybp,5
rather,5
homo,5
how,5
old,5
objects,5
too,5
upper,5
toro,5
todaiji,5
monbusho,5
initial,5
further,5
buried,5
produced,5
method,5
having,5
island,5
part,5
own,5
contrast,5
few,5
bells,5
sapporo,5
makimuku,5
takayama,5
academy,5
above,5
guide,5
once,5
asiatic,5
yet,5
under,5
same,5
reports,5
projects,5
shows,5
ground,5
art,5
examples,5
looking,5
theoretical,5
significance,5
clear,5
three,5
authors,5
would,5
heijo,5
carried,5
program,5
seen,5
methods,5
itself,5
mirror,5
changing,5
paekche,5
each,5
embassy,5
yoshinogari,5
very,5
type,5
them,5
iseki,5
tsubai,5
okinawa,5
maruyama,5
role,5
writing,5
our,5
layers,5
until,5
specific,5
news,5
debate,5
much,5
o,4
wa,4
pushed,4
group,4
fudodo,4
honshu,4
said,4
otsukayama,4
chronicles,4
give,4
babadan,4
tradition,4
take,4
written,4
iha,4
holocene,4
opened,4
community,4
nabunken,4
framework,4
thus,4
archäologie,4
professor,4
due,4
microblade,4
author,4
allgemeinen,4
publications,4
geological,4
look,4
general,4
occasional,4
main,4
developed,4
archaelogy,4
subsistence,4
esr,4
approaches,4
importance,4
shell,4
exhibitions,4
house,4
important,4
greater,4
raw,4
appearance,4
public,4
basin,4
search,4
called,4
access,4
pollen,4
information,4
technical,4
brought,4
example,4
though,4
artifacts,4
issues,4
beginnings,4
records,4
weekly,4
imamura,4
interpreted,4
miyazaki,4
working,4
seeds,4
roots,4
notes,4
newly,4
preliminary,4
span,4
he,4
various,4
located,4
others,4
hakodate,4
oxford,4
selective,4
belonging,4
dans,4
lack,4
name,4
structures,4
communal,4
head,4
question,4
do,4
kobayashi,4
see,4
mausoleum,4
gives,4
casting,4
kobunkazai,4
chiefly,4
region,4
including,4
significant,4
use,4
began,4
sequence,4
held,4
times,4
like,4
cache,4
diversity,4
nagano,4
bunkazai,4
especially,4
topics,4
institution,4
la,4
entitled,4
relationship,4
five,4
indicate,4
system,4
british,4
phytolith,4
conservation,4
school,4
orientalists,4
peoples,4
temple,4
board,4
shizen,4
works,4
investigation,4
sea,4
despite,4
hosoya,4
using,4
protohistoric,4
land,4
eggs,4
leiden,4
oldest,4
inscription,4
remains,4
point,4
toyama,4
built,4
pillars,4
kurozuka,3
kumamoto,3
oriented,3
estimated,3
way,3
represent,3
revolutionary,3
caches,3
emperor,3
berlin,3
kaze,3
conducted,3
true,3
continent,3
oxbow,3
yoshizaki,3
sendai,3
transitions,3
unearthed,3
sources,3
every,3
press,3
taken,3
exhibition,3
worked,3
diseases,3
seems,3
historiography,3
kegan,3
mie,3
uncovered,3
last,3
cemeteries,3
staff,3
reading,3
dd,3
context,3
haniwa,3
mass,3
iv,3
geophysical,3
honolulu,3
labs,3
archipelago,3
april,3
x,3
mizoguchi,3
hiroshima,3
funded,3
southwestern,3
suda,3
interest,3
topic,3
hawaii,3
université,3
paleodiet,3
airport,3
kozushima,3
identify,3
european,3
crawford,3
boxes,3
ma,3
recognized,3
town,3
active,3
earlier,3
certain,3
changes,3
languages,3
organized,3
branch,3
proved,3
traces,3
linguistics,3
lithic,3
beyond,3
peninsula,3
seto,3
position,3
vergleichenden,3
drawing,3
stands,3
based,3
introduce,3
societies,3
future,3
traditionally,3
hachiman,3
focused,3
war,3
viewed,3
recently,3
cannot,3
conferences,3
near,3
isotope,3
basis,3
line,3
abroad,3
knowledge,3
related,3
discussions,3
place,3
rituals,3
lifeways,3
personal,3
away,3
status,3
nippon,3
oriental,3
least,3
hakkutsu,3
castle,3
influence,3
concerns,3
australian,3
seed,3
progress,3
universities,3
folk,3
paul,3
activities,3
south,3
architecture,3
polished,3
populations,3
sekki,3
indicates,3
beiträge,3
humans,3
christian,3
hold,3
dual,3
shizuoka,3
included,3
editorial,3
light,3
excellence,3
noted,3
strata,3
shiga,3
book,3
rock,3
analytical,3
kurotsuka,3
samurai,3
serious,3
chiefdom,3
stains,3
patterns,3
outside,3
ryukyu,3
circumpolar,3
understanding,3
extended,3
discussion,3
onbara,3
cao,3
shirataki,3
findings,3
mino,3
keyhole,3
harvard,3
hinoki,3
chosen,3
full,3
theories,3
trade,3
open,3
cultivation,3
tl,3
collaboration,3
so,3
features,3
standard,3
educational,3
interpretations,3
january,3
attracted,3
occupied,3
préhistoire,3
joint,3
attention,3
today,3
she,3
gathering,3
ministry,3
izu,3
institutions,3
life,3
introductory,3
education,3
arts,3
mounds,3
thinking,3
practice,3
ethnological,3
katabe,3
gina,3
les,3
sherds,3
der,3
ni,3
postglacial,3
country,3
roman,3
sampling,3
particularly,3
pit,3
sapiens,3
person,3
whether,3
storage,3
list,3
her,3
thames,3
almost,3
hundreds,3
iwajuku,3
researchers,3
trees,3
november,3
african,3
kingdom,3
think,3
wild,3
documentation,3
instead,3
need,3
product,3
states,3
supported,3
potential,3
implements,3
elites,3
masaaki,3
given,3
north,3
southeastern,3
sixth,3
race,3
zhi,3
jidai,3
matsui,3
final,2
cultigens,2
go,2
paleoenvironment,2
done,2
stain,2
limits,2
humankind,2
evaluations,2
meaning,2
names,2
altaic,2
nagasaki,2
shinkansen,2
environmental,2
resulted,2
kochi,2
adoption,2
chiang,2
per,2
mongoloid,2
hokuriku,2
kinds,2
saiko,2
mainichi,2
formed,2
informative,2
library,2
treatise,2
investigating,2
completely,2
compilation,2
former,2
policy,2
necessarily,2
mainland,2
presents,2
paper,2
akazawa,2
track,2
princeton,2
du,2
contact,2
lower,2
member,2
consortium,2
lineages,2
chiku,2
prospecting,2
fujinoki,2
lipid,2
implications,2
expectation,2
toilet,2
principles,2
leading,2
together,2
kojiki,2
title,2
revisions,2
hunting,2
subsequent,2
damage,2
sacred,2
discipline,2
java,2
brief,2
identities,2
courtesy,2
king,2
sought,2
daigaku,2
draw,2
march,2
prior,2
activity,2
west,2
interdisciplinary,2
genetic,2
fossil,2
along,2
himself,2
identifies,2
internationally,2
environment,2
behavior,2
redating,2
regarding,2
million,2
phase,2
relationships,2
nn,2
accompany,2
magnetometer,2
points,2
visited,2
pursuit,2
tokvo,2
walter,2
statues,2
encyclopedia,2
z,2
ware,2
cases,2
clay,2
developments,2
gate,2
fission,2
third,2
sword,2
accelerator,2
overarching,2
occupation,2
colleague,2
traditions,2
kidder,2
sister,2
kinki,2
phases,2
ise,2
van,2
civilization,2
depiction,2
société,2
bog,2
chiba,2
russian,2
identification,2
operations,2
debated,2
emishi,2
premodern,2
incipient,2
basic,2
en,2
explicit,2
process,2
nakamura,2
parasite,2
artefact,2
domestication,2
cave,2
í,2
ama,2
bibliographical,2
means,2
exactly,2
monumental,2
postmodern,2
needless,2
just,2
reconstructions,2
orientation,2
nagoya,2
recovered,2
surface,2
exploitation,2
terminal,2
decades,2
management,2
myths,2
whereas,2
standards,2
assets,2
whom,2
identifying,2
thousands,2
yanagimoto,2
begun,2
typical,2
fishing,2
suzakumon,2
base,2
glacial,2
tsude,2
fourth,2
slat,2
equally,2
furu,2
asahigraph,2
juten,2
reviews,2
dynasty,2
dispersal,2
grounds,2
shorelines,2
criteria,2
warriors,2
aspects,2
outstanding,2
directly,2
sculpture,2
niigata,2
carry,2
purpose,2
apparent,2
confined,2
toho,2
description,2
geology,2
whole,2
year,2
literature,2
older,2
policies,2
forces,2
newspaper,2
believes,2
showing,2
stanford,2
inariyama,2
artifact,2
polity,2
lithics,2
attributed,2
towards,2
approach,2
annotated,2
carbon,2
successful,2
ago,2
below,2
speculations,2
next,2
le,2
reaches,2
arbitrary,2
involved,2
inked,2
small,2
teams,2
seimu,2
cypress,2
june,2
replace,2
revealing,2
temporary,2
manchester,2
ryoiki,2
ancestors,2
boundaries,2
villages,2
yielded,2
symposia,2
generally,2
majority,2
indopacific,2
derives,2
valuable,2
behalf,2
therefore,2
led,2
second,2
saga,2
absence,2
famines,2
economic,2
short,2
service,2
observations,2
acknowledged,2
prove,2
surviving,2
earthquakes,2
conventional,2
applications,2
contributing,2
tsutomu,2
duplicate,2
makes,2
read,2
us,2
kanren,2
northwest,2
compiled,2
unwin,2
ethnographic,2
husbandry,2
al,2
already,2
visitors,2
frameworks,2
sketch,2
members,2
law,2
technique,2
showa,2
toward,2
again,2
death,2
put,2
tremendous,2
added,2
water,2
efforts,2
usefulness,2
lund,2
fact,2
treatment,2
remit,2
akabane,2
insular,2
layer,2
larger,2
shutsugen,2
text,2
surfaces,2
farming,2
nonmetric,2
variation,2
man,2
maizo,2
discussed,2
taifang,2
documents,2
forms,2
fareastern,2
monographs,2
zhoukoudian,2
continuing,2
developing,2
fukuro,2
strategies,2
anthropologie,2
digging,2
native,2
controversy,2
yanagimachi,2
argument,2
fukui,2
vegetational,2
able,2
munro,2
private,2
associates,2
vast,2
danwakai,2
range,2
maritime,2
gestes,2
worship,2
cranioscopie,2
concern,2
lecture,2
entirely,2
hosted,2
food,2
cranial,2
questions,2
ethnic,2
exhibited,2
trend,2
real,2
tracés,2
laboratory,2
ceremonies,2
office,2
contribution,2
students,2
toyo,2
asuka,2
publication,2
decorated,2
spawned,2
eve,2
individual,2
senshigaku,2
allowed,2
kokka,2
mouton,2
high,2
peer,2
disasters,2
exchange,2
inscribed,2
class,2
agriculturalists,2
graves,2
queen,2
fukushima,2
mai,2
often,2
eaanetwork,2
become,2
mainly,2
obsidian,2
hierarchical,2
armor,2
probably,2
adaptations,2
geography,2
shimomouchi,2
okinawan,2
adzes,2
bibliographic,2
tephrochronology,2
visit,2
increasing,2
dealing,2
panel,2
assigned,2
ann,2
protohistorical,2
humanities,2
fairly,2
foreign,2
hyogo,2
testing,2
maps,2
volcano,2
support,2
inside,2
order,2
teichi,2
becomes,2
sensitive,2
team,2
rim,2
oita,2
nj,2
why,2
existed,2
akira,2
chamber,2
table,2
supporting,2
fields,2
resemble,2
investigate,2
considered,2
photographs,2
takeru,2
growing,2
affluent,2
chikanai,2
yamanashi,2
series,2
mentioned,2
version,2
conjunction,2
incorporated,2
simply,2
extensive,2
kinmei,2
neuchâtel,2
constructed,2
funding,2
emperors,2
set,2
metropolitan,2
nishimura,2
continental,2
extant,2
control,2
tokugawa,2
ratio,2
shrine,2
historians,2
believe,2
emergence,2
half,2
counting,2
creaa,2
clearly,2
shimane,2
jinmu,2
okeru,2
bones,2
cities,2
nintoku,2
catalogue,2
believed,2
animal,2
scholarly,2
economy,2
notable,2
proceedings,2
methodological,2
making,2
add,2
feb,2
maintain,2
map,2
geo,2
illustrated,2
miyagi,2
bureaucratic,2
property,2
huge,2
listed,2
urban,2
grand,2
level,2
andrea,2
multiple,2
pits,2
surveys,2
practices,2
geographical,2
jrc,2
tried,2
transition,2
substance,2
programs,2
aspect,2
strong,2
prepared,2
bear,2
commercial,2
accept,2
aware,2
ritsuryo,2
slides,2
ended,2
actively,2
include,2
consumption,2
physical,2
involving,2
programme,2
japanische,2
sujin,2
shift,2
shutsugenki,2
seventeenth,2
km,2
themselves,2
views,2
characters,2
documentary,2
interaction,2
develop,2
token,2
images,2
establishment,2
ethnology,2
close,2
nichibunken,1
courts,1
difficult,1
gakuho,1
wakayama,1
rate,1
struggle,1
child,1
chronological,1
flow,1
akiia,1
phallic,1
edge,1
rocznik,1
courtly,1
meguru,1
fortified,1
concerned,1
indicated,1
rev,1
stylistic,1
japon,1
milieu,1
groups,1
revue,1
hiroshi,1
rebuilding,1
designated,1
created,1
ready,1
tennoryo,1
encouraged,1
lyayoi,1
separated,1
judging,1
epidemics,1
asked,1
reconsidered,1
mu,1
touting,1
fault,1
japanischen,1
determine,1
dissolution,1
symposiwn,1
measures,1
empirical,1
clio,1
yamaguchi,1
mountains,1
totally,1
constitution,1
inciting,1
ikegamisone,1
concordia,1
becoming,1
rankings,1
needed,1
koreanjapanese,1
replaced,1
partially,1
achievements,1
arashiyama,1
tributary,1
instructions,1
offerings,1
myth,1
birmingham,1
superb,1
hideto,1
word,1
hon,1
likely,1
imperialism,1
flowering,1
contextualization,1
remnants,1
bifacial,1
bamboo,1
auroral,1
union,1
imaging,1
kagawa,1
favor,1
kondo,1
cement,1
duke,1
koyama,1
decade,1
tempered,1
deny,1
ceremonial,1
yangtze,1
ikkatsu,1
pantheon,1
equated,1
unlike,1
cited,1
laid,1
mongoroido,1
bp,1
jcpsrs,1
medial,1
source,1
golden,1
descriptions,1
corresponding,1
annals,1
institutes,1
mishima,1
my,1
women,1
kettei,1
themes,1
expenditures,1
fluctuations,1
diffusion,1
aw,1
personae,1
eriana,1
round,1
inhaltliche,1
consistent,1
compression,1
cast,1
sit,1
gap,1
aikens,1
plumes,1
natures,1
conforms,1
bed,1
labor,1
tobunken,1
yasuda,1
avenues,1
commissions,1
container,1
universitv,1
extraordinary,1
creation,1
mototnachi,1
connection,1
neolithic,1
umliegenden,1
aftermath,1
repertoire,1
chaos,1
chugoku,1
unconstrained,1
mitsudera,1
concentrated,1
kings,1
penchant,1
faunas,1
astronomical,1
progression,1
odkrycia,1
nisshin,1
chalcedony,1
analogies,1
expands,1
advanced,1
england,1
argon,1
bloomington,1
gary,1
confirmed,1
dramatically,1
divinity,1
standardize,1
undisturbed,1
immense,1
eruption,1
shaped,1
masako,1
epijomon,1
archaeologie,1
continue,1
assembling,1
promote,1
elume,1
accompanied,1
terra,1
undertake,1
simple,1
confusion,1
shuho,1
usewear,1
farmers,1
imported,1
potentially,1
rich,1
follows,1
rule,1
jutaikyo,1
melbourne,1
bos,1
inherent,1
substantive,1
reveal,1
entered,1
irai,1
composition,1
demise,1
argue,1
bunkacho,1
styles,1
reproduction,1
rienne,1
evolving,1
chestnuts,1
das,1
help,1
statelet,1
valorous,1
achieved,1
fresh,1
toleration,1
shakado,1
vergleichetiden,1
petty,1
mitaka,1
nm,1
consist,1
saru,1
exercises,1
mammalian,1
marine,1
raised,1
conserve,1
deriving,1
platforms,1
embody,1
slavish,1
bioarchaeology,1
waterloo,1
elucidating,1
intersection,1
designs,1
datings,1
explosive,1
less,1
asialand,1
yoshihiko,1
employs,1
omikami,1
huí,1
fossils,1
takes,1
rewriting,1
forum,1
governmental,1
existence,1
heaped,1
botanical,1
edges,1
plain,1
recorded,1
catching,1
ideologically,1
okiu,1
formulation,1
oceania,1
bird,1
luminescence,1
legitimate,1
knowledgeable,1
capacity,1
tend,1
quelques,1
hongo,1
incorporate,1
understandingthe,1
updates,1
palaeobotanist,1
foraging,1
vol,1
placement,1
shigetome,1
vakgroep,1
symbol,1
obviously,1
humanly,1
sixteenth,1
concentrating,1
mitsutani,1
rutherford,1
soils,1
overlies,1
multilingual,1
accommodation,1
contemporaneous,1
adopting,1
hoko,1
warszawa,1
mutual,1
consciousness,1
october,1
plaque,1
yamanotera,1
arita,1
pebbles,1
move,1
richard,1
zooarchaeology,1
measuring,1
dutch,1
kenkyuhi,1
occurring,1
invited,1
tsuchiyama,1
fossilized,1
supply,1
europe,1
extends,1
tablets,1
processes,1
kaneharas,1
household,1
shellfish,1
relate,1
shoki,1
ideogram,1
vida,1
newsweek,1
succession,1
japonskiej,1
economies,1
stable,1
sketched,1
ando,1
fragment,1
souveraineté,1
warfare,1
directed,1
sterols,1
sand,1
jourrujl,1
fugoppe,1
sakura,1
tokushima,1
controlled,1
pillar,1
hudson,1
walnut,1
tribute,1
halberd,1
hierarchy,1
neutron,1
goal,1
iron,1
includes,1
township,1
accessible,1
royal,1
fit,1
domesticated,1
weidenfeld,1
electron,1
archery,1
historically,1
expect,1
prominent,1
blades,1
mawaki,1
immediate,1
dynamics,1
fragrant,1
inevitable,1
mm,1
rorschach,1
productive,1
against,1
cooperate,1
harvardyenching,1
kikan,1
wind,1
millennium,1
akashi,1
intact,1
ut,1
interprete,1
viewing,1
kingpins,1
concentrations,1
adopted,1
ethnobotanical,1
attested,1
inspiring,1
occurs,1
rites,1
discerning,1
ludicium,1
coexistence,1
ease,1
assessment,1
resurrection,1
manager,1
publishes,1
interprets,1
shimesu,1
priority,1
transitional,1
thing,1
resting,1
tenti,1
elements,1
items,1
dean,1
urbanization,1
nendai,1
coarser,1
stored,1
bay,1
permitted,1
document,1
anachronism,1
crosses,1
concerning,1
boar,1
response,1
minamigata,1
satsumon,1
determination,1
six,1
houses,1
foreignderived,1
recalls,1
club,1
suitable,1
hemp,1
apr,1
compared,1
yozo,1
arranged,1
left,1
taming,1
continuous,1
single,1
witnessed,1
truly,1
jpr,1
determinations,1
spin,1
overwhelmed,1
sophia,1
designating,1
drawn,1
suitability,1
archaeologist,1
student,1
lundqua,1
deceased,1
shokubutsu,1
kogugakuin,1
critique,1
poured,1
details,1
border,1
busshari,1
deeply,1
parasitologist,1
temi,1
acknowledge,1
chukyo,1
poorly,1
capitals,1
festschrift,1
cooperation,1
oj,1
lesser,1
seventh,1
offices,1
yunosato,1
gaining,1
excavate,1
interesting,1
sugi,1
sue,1
hey,1
shiryokan,1
adequate,1
mausolea,1
ka,1
paleomagnetic,1
reflects,1
finish,1
portrayed,1
altogether,1
shiseki,1
acid,1
testimony,1
etudes,1
sets,1
devastating,1
bring,1
tochigi,1
summaries,1
chitiar,1
climatiques,1
warlord,1
across,1
generations,1
scrapers,1
illustration,1
yaponesia,1
unit,1
nado,1
münchen,1
caldera,1
shinji,1
tectonic,1
levels,1
preparing,1
presentation,1
hughes,1
responded,1
demonstration,1
goes,1
survives,1
yukio,1
edwin,1
ofyamato,1
proportion,1
associate,1
monsoon,1
supplement,1
appears,1
eight,1
ex,1
legendary,1
similar,1
pricking,1
travels,1
parts,1
ongoing,1
kilns,1
hoklurido,1
ix,1
chiltern,1
ninon,1
scales,1
itasuke,1
distant,1
lth,1
burials,1
pockmarks,1
funneled,1
practicing,1
factors,1
primer,1
update,1
absorbed,1
characterizes,1
resistivity,1
comtnunicating,1
drainage,1
plaza,1
palaeoenvironment,1
reason,1
references,1
earrings,1
understand,1
oxfordshire,1
provinces,1
perceptions,1
nor,1
kami,1
pared,1
countries,1
paris,1
shinto,1
devotes,1
takamon,1
siberian,1
possibly,1
daiyonki,1
shakai,1
tanning,1
occupational,1
river,1
statistical,1
claims,1
toy,1
image,1
descent,1
grains,1
wanohanran,1
contradicts,1
interim,1
linked,1
multitudes,1
specify,1
section,1
producers,1
represented,1
ì,1
kodai,1
kodaishi,1
imitation,1
impact,1
placed,1
invariably,1
hierarchically,1
slate,1
hattoridai,1
daggers,1
fore,1
frequently,1
calendar,1
profile,1
totaled,1
situations,1
metals,1
unavoidable,1
valuations,1
show,1
initiative,1
operate,1
sunjin,1
wire,1
additional,1
soki,1
repositories,1
wydawnictwo,1
followed,1
kukonai,1
definite,1
labels,1
comprising,1
testament,1
cost,1
moshir,1
islanders,1
monbunsho,1
amount,1
saving,1
mounding,1
flakes,1
shifted,1
odd,1
instantaneously,1
dominant,1
helped,1
wyoming,1
protohistory,1
photos,1
coincide,1
join,1
textured,1
dynastic,1
italics,1
tosho,1
methodology,1
dc,1
gakkushuin,1
reflections,1
schamanismus,1
bureaucracy,1
conquest,1
irrigation,1
matching,1
fujiyama,1
declarations,1
yielding,1
moving,1
result,1
closely,1
higashi,1
came,1
acceptable,1
lead,1
path,1
walk,1
sankokan,1
senri,1
culturelle,1
transmission,1
could,1
discount,1
histories,1
train,1
subdiscipline,1
kingship,1
carcasses,1
faunal,1
color,1
homogenizing,1
craftspeople,1
geijutsu,1
seven,1
conspicuous,1
served,1
te,1
impediments,1
demands,1
replica,1
maebashi,1
mythe,1
sedentary,1
facilitate,1
radical,1
genzo,1
zone,1
pioneer,1
noting,1
diet,1
opt,1
commoners,1
unsubstantiated,1
stomach,1
statelets,1
maibun,1
cores,1
representative,1
none,1
evaluate,1
embedded,1
applying,1
aoroorí,1
agriculturalist,1
hojokin,1
neighboring,1
embarrassing,1
shall,1
durham,1
caves,1
circular,1
clock,1
ainus,1
orientalistyczny,1
reinforce,1
criterion,1
applied,1
reconstructed,1
ofn,1
arto,1
wealth,1
gone,1
record,1
representatives,1
tension,1
kanazawa,1
benjo,1
confirmation,1
fetched,1
absolute,1
syntheses,1
kojindani,1
scintillation,1
photo,1
hopkins,1
coin,1
kita,1
mummies,1
tottori,1
formulate,1
ishikawa,1
gained,1
products,1
provincial,1
bark,1
keeping,1
swords,1
icu,1
ikenai,1
paleoenvironmental,1
relief,1
seminal,1
makers,1
egalitarian,1
transference,1
formerly,1
planning,1
yoron,1
horticulture,1
salmonid,1
received,1
narratives,1
tool,1
fraser,1
los,1
rumination,1
instituted,1
palaeopathology,1
talen,1
protected,1
bows,1
debatable,1
opal,1
prompted,1
nc,1
tens,1
gakkai,1
fieldschool,1
anadromous,1
training,1
civil,1
periglacial,1
nation,1
confirms,1
internationalen,1
thoughts,1
paleoenvironments,1
got,1
osl,1
cracking,1
nu,1
surrounds,1
overview,1
realm,1
gave,1
kindly,1
tale,1
describe,1
consistently,1
domestically,1
drevnyaya,1
postulated,1
broad,1
partly,1
légitimité,1
préhistorique,1
tokushi,1
cluster,1
participated,1
runs,1
rows,1
tenno,1
mise,1
winter,1
versus,1
dolphins,1
augment,1
tanaka,1
music,1
documented,1
übernahme,1
publish,1
reflect,1
canberra,1
surrounding,1
minami,1
jaoan,1
sun,1
ichi,1
maruyatna,1
horizon,1
strengthened,1
ethnicity,1
challenging,1
feast,1
graduate,1
hidden,1
societv,1
sampled,1
cults,1
pollution,1
çyj,1
earth,1
beitrage,1
ritually,1
okha,1
engravings,1
officials,1
galloping,1
sense,1
presented,1
contextualized,1
revolution,1
theoretically,1
mita,1
grew,1
kiyo,1
rump,1
frühhistorischer,1
politically,1
instrumentation,1
quakes,1
stimulated,1
emphasizes,1
quite,1
hole,1
emerging,1
kudara,1
specifically,1
rokaku,1
mausoteum,1
takamatsuzuka,1
oct,1
leaves,1
endowed,1
transport,1
consensus,1
workshops,1
wider,1
knives,1
floating,1
resolution,1
fired,1
industry,1
comfort,1
mi,1
presence,1
essentially,1
alluvial,1
usual,1
honsku,1
nansei,1
tended,1
impossible,1
treasures,1
always,1
mythological,1
stratigraphy,1
descendants,1
movements,1
finishing,1
problèmes,1
hen,1
specializations,1
dependent,1
soh,1
tridacna,1
ta,1
preconstruction,1
filling,1
séminaire,1
estates,1
tuff,1
correspondence,1
notice,1
peculiar,1
cycle,1
excise,1
provenance,1
tnvama,1
shutsudo,1
pot,1
moved,1
directional,1
japonaises,1
sophistication,1
embassies,1
ses,1
egaku,1
sabbaticals,1
notion,1
attacks,1
survived,1
prescribed,1
pearson,1
activation,1
will,1
consort,1
inset,1
voi,1
optically,1
highlights,1
saitama,1
interviewing,1
contributes,1
pursual,1
io,1
demand,1
intestinal,1
hegemony,1
outsider,1
conforming,1
foragers,1
fukasawa,1
bringing,1
restoration,1
shirakawa,1
catchment,1
impacts,1
identified,1
cathy,1
correlating,1
separation,1
fujhvara,1
wrote,1
indeed,1
synthesis,1
bunko,1
comparative,1
chestnut,1
thermoluminescence,1
wings,1
apd,1
onward,1
released,1
eminent,1
fruit,1
laurier,1
brings,1
constraints,1
object,1
etc,1
hintergründe,1
rowley,1
fine,1
july,1
harry,1
plagues,1
dwellings,1
illustrating,1
make,1
sakoku,1
comments,1
experiences,1
mizuochi,1
backdrop,1
kyoseki,1
aichi,1
ocho,1
yamagata,1
hitherto,1
surveyed,1
decisions,1
direction,1
ojj,1
structural,1
engineering,1
biological,1
rikkyo,1
yoshiki,1
staat,1
kuni,1
hominids,1
corsairs,1
thrusting,1
communications,1
potsherds,1
emerged,1
criticism,1
elaboration,1
auspices,1
fatty,1
reference,1
citation,1
mamyama,1
prof,1
wake,1
revisiting,1
addition,1
marginal,1
coincidental,1
alongside,1
acknowledgments,1
serve,1
scientifc,1
soon,1
ring,1
den,1
fifth,1
exposure,1
sakuragaoka,1
historia,1
challenged,1
palaces,1
jar,1
temperate,1
thesis,1
index,1
clarified,1
mellen,1
totem,1
home,1
kazahari,1
une,1
homogeneous,1
takashi,1
complete,1
appear,1
migaku,1
ideology,1
rising,1
equalized,1
baltimore,1
dna,1
archeology,1
montagnes,1
rokugo,1
alien,1
containing,1
unusually,1
irabu,1
reliance,1
ji,1
begins,1
exceptionally,1
shukyo,1
paleopathological,1
amaterasu,1
stones,1
independent,1
company,1
beziehungen,1
happening,1
volume,1
representation,1
inspected,1
werdenden,1
inhabitants,1
starting,1
fire,1
retto,1
archaelogical,1
yuasa,1
challenge,1
bevölkerungsgruppen,1
power,1
atui,1
beads,1
stated,1
popularity,1
alleviated,1
sawada,1
statistics,1
spend,1
polemic,1
whaling,1
bibi,1
ecological,1
sfornane,1
excavating,1
chosadan,1
higuchi,1
equating,1
speaks,1
incorporates,1
aomori,1
idea,1
consideration,1
limit,1
eigentutnstnarken,1
overwhelming,1
temples,1
empress,1
seasonality,1
ikeuchi,1
creative,1
plan,1
predominant,1
appeared,1
mountainous,1
match,1
kikai,1
suinirt,1
striking,1
turai,1
attempting,1
ucl,1
crop,1
jinrui,1
grave,1
really,1
oneself,1
break,1
infectious,1
diverse,1
coordinates,1
incorporation,1
faults,1
forging,1
figurines,1
aug,1
everything,1
contemporary,1
doubt,1
formulating,1
daiv,1
diameter,1
commuting,1
considerable,1
minimize,1
hachiro,1
succeeding,1
dokihen,1
roof,1
bell,1
fragments,1
zealand,1
japonaise,1
readers,1
took,1
stuff,1
arrow,1
lshikawa,1
instrumental,1
everyday,1
employment,1
queendom,1
chain,1
covered,1
manner,1
conch,1
reform,1
devoted,1
validity,1
existing,1
coarse,1
accepted,1
herring,1
ishizuka,1
relevant,1
indiana,1
axes,1
hectares,1
heavily,1
peopling,1
council,1
kqjindani,1
necessary,1
scaffolding,1
deep,1
kokuritsu,1
fieldwork,1
chronologically,1
reconstructing,1
discard,1
dispel,1
books,1
markings,1
yasushi,1
distance,1
eastwest,1
style,1
sewage,1
reconciled,1
annually,1
rebun,1
reflected,1
going,1
differentiation,1
regionally,1
gusukube,1
day,1
cedar,1
bunkazi,1
multidisciplinary,1
stance,1
argues,1
interpreting,1
uedomari,1
isotrace,1
radioactive,1
sangyo,1
collecting,1
conform,1
mythic,1
father,1
influences,1
heralded,1
invested,1
chieftain,1
background,1
unesco,1
comprise,1
assemblages,1
explanation,1
kagakukai,1
upon,1
limitations,1
memoirs,1
saibai,1
ogasawara,1
systematics,1
lake,1
collections,1
haruna,1
yvonne,1
enormous,1
coffin,1
previously,1
nonspecialists,1
urasoko,1
incubation,1
arbitrarily,1
crafts,1
palisaded,1
ruthless,1
expand,1
top,1
prospection,1
budget,1
austronesian,1
expression,1
complement,1
volcanoes,1
operated,1
aoi,1
shinano,1
virtually,1
assume,1
risk,1
ohira,1
aside,1
pupa,1
submitted,1
nsro,1
justifying,1
recovery,1
yoru,1
auf,1
individuals,1
multicomponent,1
iko,1
archive,1
previous,1
coring,1
california,1
banners,1
nevertheless,1
involves,1
described,1
ties,1
tiles,1
strands,1
sherd,1
vergleichender,1
reality,1
modem,1
bftsbi,1
welcomed,1
daishuraku,1
archaeobotany,1
reputation,1
feature,1
clue,1
tsushima,1
maintenance,1
zagadki,1
amu,1
discusses,1
co,1
issn,1
controversies,1
pride,1
dietrich,1
characterized,1
haji,1
discarded,1
diagonally,1
rationalize,1
simomouti,1
sciencestyle,1
attribution,1
analysing,1
played,1
kokusai,1
distinction,1
submissions,1
devise,1
filled,1
mammals,1
practiced,1
accurate,1
probable,1
palaeobotanical,1
black,1
abundant,1
provides,1
legacy,1
amino,1
latter,1
never,1
spent,1
promotion,1
muryong,1
ip,1
hirriko,1
facing,1
fudoki,1
article,1
systems,1
trying,1
imaginative,1
elaborate,1
dollars,1
zu,1
craft,1
relation,1
etruscans,1
specialize,1
sabbatical,1
tree,1
potsherd,1
dense,1
wielkie,1
chiho,1
teach,1
seattle,1
excluded,1
ezochi,1
wroxeter,1
residue,1
statue,1
slightly,1
arisen,1
appleton,1
landscape,1
dividing,1
bestowed,1
shale,1
dì,1
tendency,1
postholes,1
masakazu,1
relative,1
professional,1
controversial,1
arbor,1
sociopolitical,1
replicas,1
immigration,1
animals,1
hague,1
behind,1
applies,1
species,1
attended,1
neotectonics,1
dietary,1
rarity,1
solar,1
konda,1
ranging,1
culturen,1
depth,1
unstable,1
pictorial,1
memorial,1
negotiations,1
entailing,1
groupings,1
belonged,1
note,1
irregular,1
coasts,1
indicators,1
continued,1
prefectures,1
bulk,1
broadened,1
conquered,1
johns,1
usually,1
ezo,1
watchtower,1
inculcated,1
outsiders,1
publicizing,1
palaeobotany,1
bifacially,1
piece,1
prudent,1
reasonable,1
excrement,1
timespan,1
florescence,1
yoshinori,1
multi,1
lobbying,1
tomizawa,1
referred,1
onion,1
venues,1
detailed,1
ordering,1
balloon,1
millennia,1
horserider,1
mounts,1
overlap,1
requests,1
lundaua,1
recognize,1
deals,1
discourse,1
covering,1
figurine,1
littoral,1
miami,1
unsupported,1
strides,1
unusual,1
siam,1
blood,1
united,1
inferior,1
frontier,1
stratified,1
enforced,1
bcad,1
centuries,1
months,1
matri,1
appointments,1
nishida,1
inada,1
grounded,1
mud,1
rigorous,1
thick,1
regularly,1
sangawa,1
yomiuri,1
middens,1
definitive,1
directories,1
addressed,1
ensure,1
hearts,1
classification,1
rite,1
enigma,1
quake,1
sections,1
seine,1
neglected,1
ash,1
deposited,1
foliate,1
kofu,1
heavy,1
rarely,1
monument,1
associated,1
chuzan,1
suite,1
reviewing,1
shimoji,1
complexity,1
form,1
encampment,1
must,1
manual,1
fìrom,1
carapaces,1
onset,1
steel,1
ever,1
hypothesized,1
log,1
enquiry,1
theme,1
founders,1
beitrag,1
sapirwhorf,1
dr,1
temporal,1
separately,1
spots,1
historischen,1
terrestrial,1
besides,1
glimpse,1
gradations,1
gifti,1
meat,1
sourcing,1
hogo,1
organizational,1
sustained,1
nitrogen,1
taiwan,1
takumi,1
kokushitei,1
kagpshima,1
coincides,1
abstracts,1
resonance,1
quickly,1
erected,1
historie,1
berkeley,1
ran,1
kanagawa,1
hiside,1
ironware,1
intellectual,1
illuminate,1
cm,1
südkyushu,1
faulty,1
december,1
inclined,1
sugiyama,1
prolific,1
contained,1
seem,1
illnesses,1
did,1
saporodo,1
deprivation,1
down,1
unguistic,1
méthodologiques,1
acoustic,1
intrusive,1
genus,1
attending,1
chronicled,1
proof,1
seoul,1
episodic,1
tansa,1
allied,1
proportional,1
cui,1
underwrite,1
yoshiro,1
contradictory,1
picks,1
iizuka,1
minatogawa,1
miura,1
porcelain,1
completeness,1
gas,1
constant,1
mori,1
sorted,1
somakuri,1
erectus,1
premodem,1
jikan,1
utilized,1
u,1
rural,1
faddish,1
françcaise,1
february,1
advances,1
hakken,1
possibility,1
evident,1
turned,1
days,1
heavenly,1
renegotiated,1
tearly,1
moji,1
researching,1
helping,1
ceratnicsfwm,1
according,1
unlikely,1
numbers,1
adaptative,1
microlithic,1
carefully,1
citizenry,1
circles,1
unique,1
implicit,1
professorial,1
selected,1
newswarp,1
degree,1
variate,1
plants,1
particular,1
independently,1
kuromine,1
nearby,1
attitudes,1
soda,1
cult,1
mere,1
haba,1
axis,1
taisho,1
vf,1
iwaic,1
adaptation,1
consisting,1
saddle,1
incised,1
keiichi,1
studying,1
divide,1
lm,1
koryo,1
rewrite,1
migrations,1
produce,1
yield,1
orientations,1
dentition,1
goodman,1
shimbun,1
retrouvés,1
kara,1
targets,1
categories,1
signify,1
size,1
distributing,1
des,1
thè,1
spaces,1
augmentation,1
practical,1
radically,1
spearpoint,1
boston,1
newsreview,1
craftsmanship,1
entirety,1
symposiutn,1
preserved,1
inaccuracies,1
feat,1
entrance,1
portraying,1
recognition,1
ruled,1
utilisation,1
corée,1
integrally,1
introduced,1
elucidate,1
sarcophagi,1
content,1
rijksuniversiteit,1
became,1
variability,1
giving,1
die,1
subject,1
recommendations,1
stemmed,1
administration,1
song,1
yumedono,1
cash,1
commissioned,1
rationale,1
archived,1
enthronement,1
nonequivalence,1
manufacturing,1
makabe,1
pa,1
wilfred,1
challenges,1
allows,1
maintained,1
definitions,1
goals,1
befunde,1
oceanic,1
faculty,1
hisao,1
ein,1
schedule,1
jan,1
kashiwa,1
antique,1
crystalline,1
minerva,1
suppressed,1
named,1
ishtzuka,1
robertson,1
hitachi,1
comparable,1
sociétés,1
shown,1
sediments,1
recording,1
remaking,1
locations,1
touch,1
difference,1
architecturally,1
generate,1
kuko,1
patriarchy,1
average,1
zones,1
chirp,1
ethnobotany,1
scribes,1
paradigm,1
midthird,1
numerous,1
institutional,1
zum,1
stratification,1
charge,1
moscow,1
contributed,1
insight,1
taphonomy,1
consumers,1
jasper,1
salt,1
consolidated,1
define,1
fiscal,1
sasoudoken,1
socially,1
manufacture,1
relics,1
opinions,1
keiji,1
negotiable,1
divisioning,1
glass,1
ï,1
meiji,1
annaliste,1
variously,1
effects,1
spectrometry,1
defined,1
seeks,1
discomfort,1
pluralistic,1
sicht,1
extremely,1
okito,1
campaign,1
università,1
summary,1
comparison,1
enana,1
jinghua,1
needs,1
obihiro,1
thousand,1
archäologische,1
pioneering,1
distinctions,1
dh,1
clarify,1
painted,1
marxist,1
antiouity,1
liquid,1
vary,1
okawa,1
kingly,1
furnaces,1
obligation,1
era,1
conceptual,1
tamil,1
kaizuka,1
uranium,1
deposition,1
substantial,1
kenkyukai,1
fukuoka,1
shinza,1
isotopie,1
impress,1
immediately,1
republishes,1
technological,1
ends,1
digest,1
sedimentary,1
reproductions,1
fv,1
cross,1
symboles,1
employer,1
ga,1
monufnenta,1
attendance,1
indicating,1
termed,1
wrapups,1
constitutes,1
occur,1
deeper,1
increase,1
shigetomi,1
richly,1
continuously,1
kaya,1
