WORDCOUNTS,WEIGHT
and,846
the,834
of,745
in,479
a,207
for,135
hohokam,129
to,122
no,112
arizona,111
j,108
pp,106
archaeological,101
university,98
s,96
p,92
d,90
r,89
de,87
new,87
mexico,82
american,81
m,76
fish,72
at,71
with,71
prehistoric,70
e,67
is,65
c,65
on,64
research,62
an,62
tucson,61
et,61
archaeology,58
as,56
are,56
southwest,54
basin,53
southern,53
state,52
regional,52
southwestern,50
az,48
settlement,45
ssnm,45
sites,44
by,44
anthropological,44
w,43
h,40
period,40
systems,38
b,36
desert,36
been,35
mimbres,33
from,33
these,32
have,32
casas,31
or,31
field,29
community,29
that,28
g,28
l,28
irrigation,28
cultural,28
kiva,28
studies,27
site,27
late,27
northwest,27
this,27
northern,27
salado,26
proceedings,26
museum,26
soil,26
be,26
journal,25
t,25
agricultural,25
other,24
el,24
publications,24
along,23
prehistory,23
has,23
las,23
center,22
mogollón,22
classic,22
patterns,22
phoenix,22
among,22
central,21
la,21
santa,20
perspectives,20
recent,20
organization,19
structure,19
grandes,19
early,19
large,18
k,18
centers,18
society,18
more,18
united,18
complexity,18
north,18
investigations,17
ad,17
westview,17
chihuahua,17
tempe,17
f,17
nm,17
states,17
area,17
sonora,16
social,16
ceramic,16
areas,16
ciudad,16
between,16
tonto,15
i,15
occasional,15
vol,15
such,15
subsistence,15
greater,15
second,15
architecture,15
culture,15
nacional,15
settlements,14
also,14
eastern,14
canal,14
study,14
excavations,14
public,14
del,14
during,14
san,14
but,14
land,14
archaic,14
some,13
phase,13
river,13
most,13
department,13
artifact,13
historia,13
exchange,13
usa,13
pueblo,12
than,12
albuquerque,12
technical,12
mound,12
survey,12
not,12
school,12
institute,12
salt,12
remains,12
it,11
those,11
universidad,11
sonoran,11
years,11
platform,11
analysis,11
evidence,11
interaction,11
ballcourts,11
o,10
one,10
production,10
all,10
agriculture,10
statistical,10
data,10
its,10
trincheras,10
communities,10
use,10
can,10
villalpando,10
science,10
peoples,10
both,10
autónoma,10
locations,10
although,10
southeastern,10
village,9
into,9
lower,9
sociopolitical,9
within,9
papers,9
chaco,9
development,9
actas,9
antropología,9
jornada,9
noroeste,9
sedentism,9
los,9
portion,9
economic,9
farming,9
were,9
congreso,9
antiquity,9
mounds,9
sierra,9
include,9
mobility,8
archaeologists,8
implications,8
available,8
farmers,8
consulting,8
their,8
n,8
resource,8
surrounding,8
few,8
smithsonian,8
widely,8
south,8
grande,8
verde,8
chronology,8
instituto,8
pattern,8
v,8
exploring,8
institution,8
pottery,8
current,8
texas,8
role,8
nan,8
valley,8
corn,8
now,7
ballcourt,7
western,7
sources,7
hunting,7
east,7
relatively,7
even,7
en,7
after,7
population,7
subareas,7
was,7
near,7
residential,7
polychrome,7
structures,7
villages,7
voi,7
related,7
synthesis,7
management,7
largest,7
distributions,7
where,7
historic,7
features,7
bureau,7
often,7
gran,7
set,7
report,7
phd,7
information,7
transition,7
contract,7
defined,7
association,7
little,7
resources,7
cultigens,6
later,6
stylistic,6
groups,6
environmental,6
analyses,6
system,6
primary,6
wilcox,6
gila,6
human,6
dynamics,6
braniff,6
perspective,6
y,6
may,6
northland,6
important,6
distribution,6
mesoamerican,6
occupation,6
ceramics,6
conferences,6
knowledge,6
overview,6
issues,6
documented,6
several,6
advancement,6
world,6
variety,6
ethnographic,6
occupations,6
anthropologist,6
less,6
rio,6
including,6
sequence,6
architectural,6
earlier,6
glenwood,6
who,6
earliest,6
environment,6
changing,6
extensive,6
over,6
stability,6
plants,6
art,6
potential,6
region,6
substantial,6
common,5
ackerly,5
complex,5
identify,5
history,5
themes,5
madre,5
case,5
america,5
throughout,5
relationships,5
hierarchy,5
dates,5
doelle,5
phases,5
gathering,5
upper,5
syntheses,5
pioneer,5
burial,5
recently,5
literature,5
part,5
people,5
trends,5
comparative,5
limited,5
about,5
many,5
chihuahuan,5
only,5
majority,5
water,5
cruz,5
paso,5
previously,5
canals,5
rivers,5
evolution,5
services,5
dating,5
trade,5
three,5
co,5
general,5
minnis,5
cruces,5
we,5
political,5
instances,5
material,5
spanish,5
ranch,5
charles,5
specialized,5
almost,5
culturas,5
surveys,5
through,5
origins,5
northwestern,5
major,5
occur,5
stone,4
di,4
virtually,4
juarez,4
concentrated,4
origin,4
polychromes,4
activity,4
functions,4
west,4
diversity,4
pithouse,4
assessment,4
century,4
interim,4
fig,4
occidental,4
jr,4
poorly,4
societies,4
sample,4
york,4
coherency,4
drainages,4
similar,4
factors,4
developments,4
dean,4
arqueología,4
sus,4
beyond,4
comparisons,4
painted,4
sedentary,4
rooms,4
academic,4
arqueológico,4
record,4
bc,4
casa,4
indigenous,4
papago,4
around,4
small,4
components,4
alluvial,4
annual,4
results,4
city,4
periods,4
territorial,4
populations,4
grand,4
techniques,4
interpretation,4
coverage,4
under,4
same,4
two,4
volume,4
paul,4
toward,4
similarly,4
projects,4
adobe,4
style,4
mcguire,4
local,4
aggregation,4
mortuary,4
which,4
divisions,4
change,4
plant,4
topics,4
wills,4
usually,4
testing,4
un,4
types,4
considered,4
distributional,4
geographic,4
integrative,4
basins,4
cultivation,4
pit,4
tercer,4
beginning,4
form,4
ruin,4
adaptation,4
correlates,4
museo,4
territory,4
colonial,4
varied,4
models,4
summary,4
supported,4
lake,4
organizational,4
cited,4
nicholas,3
final,3
difficult,3
indicated,3
preclassic,3
mountains,3
introduction,3
trash,3
kinds,3
summaries,3
mexican,3
topographic,3
military,3
analogies,3
nature,3
secondary,3
great,3
differences,3
styles,3
feature,3
last,3
dd,3
context,3
key,3
design,3
low,3
possible,3
international,3
characterize,3
variations,3
warfare,3
conflict,3
includes,3
resembling,3
domain,3
nelson,3
body,3
intervening,3
archaeologist,3
traditions,3
fort,3
sue,3
recognized,3
réévaluation,3
lomita,3
landscape,3
cave,3
productive,3
primer,3
shell,3
means,3
intensive,3
informe,3
aly,3
frequently,3
four,3
lithic,3
surface,3
concerning,3
evaluation,3
ancient,3
appear,3
strongly,3
evaluate,3
fans,3
floodwater,3
ann,3
neighboring,3
posited,3
interconnections,3
scale,3
wide,3
expressions,3
pedro,3
basis,3
work,3
overviews,3
concept,3
example,3
bat,3
systematic,3
lange,3
status,3
xavier,3
below,3
habitation,3
recognition,3
convento,3
presence,3
always,3
visible,3
when,3
developmental,3
preliminary,3
gasser,3
chronological,3
units,3
waddell,3
materials,3
identified,3
continuity,3
topical,3
increasingly,3
lack,3
cable,3
rock,3
addition,3
efforts,3
communal,3
riverine,3
time,3
end,3
streamflow,3
adjacent,3
unit,3
developing,3
agencies,3
outgrowth,3
degree,3
interpreting,3
another,3
simon,3
greatest,3
examples,3
range,3
deserts,3
significant,3
food,3
office,3
landscapes,3
high,3
configurations,3
courtyard,3
sobre,3
equivalent,3
flagstaff,3
integration,3
segments,3
sometimes,3
ideology,3
widespread,3
primarily,3
sequences,3
construction,3
fe,3
proyecto,3
coordination,3
centuries,3
strategies,3
differentiated,3
associated,3
conjunction,3
must,3
entry,3
reconnaissance,3
snaketown,3
alternative,3
geoarchaeology,3
highly,3
defining,3
seem,3
regard,3
foundation,3
swca,3
plazas,3
past,3
type,3
terms,3
particular,3
seasonal,3
theory,3
interval,3
extent,3
while,3
mandated,3
orientations,3
conference,3
multiple,3
centro,3
variability,3
subject,3
spacing,3
cambridge,3
protohistoric,3
numerous,3
sandor,3
integrated,3
involving,3
increased,3
archival,3
df,3
traditional,3
duration,3
broader,3
entities,2
limits,2
represent,2
expedition,2
resulted,2
floodwaters,2
determine,2
muertos,2
extends,2
totally,2
sphere,2
distributed,2
linguistic,2
they,2
dc,2
maize,2
ma,2
easily,2
paradigms,2
modern,2
fronteras,2
decade,2
intermontane,2
excavation,2
total,2
morteros,2
before,2
exceptions,2
lightfoot,2
source,2
test,2
predominantly,2
being,2
first,2
consistent,2
transitions,2
long,2
every,2
revisited,2
preceding,2
exclusive,2
culturally,2
vols,2
fragmentary,2
supplied,2
definition,2
containing,2
layout,2
comparatively,2
reach,2
tradition,2
text,2
accompanied,2
conceptualized,2
conditions,2
studied,2
hundred,2
roosevelt,2
niais,2
date,2
greatly,2
influences,2
marine,2
chichimec,2
california,2
worldwide,2
intersection,2
designs,2
seminar,2
inclusive,2
governmental,2
ascribed,2
méxico,2
dissemination,2
incorporate,2
reanalysis,2
account,2
gardens,2
marked,2
cooperation,2
x,2
processes,2
indicating,2
monitoring,2
horticulturalists,2
economies,2
minimum,2
largely,2
inventory,2
localized,2
canyon,2
insituto,2
possessing,2
collapse,2
borderlands,2
decorated,2
terraces,2
guevara,2
topic,2
treasure,2
norte,2
occasioned,2
ecosystem,2
arc,2
elements,2
ct,2
chenault,2
encompass,2
wares,2
characterized,2
third,2
alliances,2
edifices,2
understood,2
arqueológicas,2
segundo,2
precincts,2
growth,2
developed,2
remain,2
astronomy,2
influential,2
levels,2
centralization,2
una,2
environments,2
certain,2
generally,2
possess,2
creek,2
burials,2
references,2
arid,2
items,2
circulated,2
mission,2
occupational,2
specialization,2
presumably,2
proved,2
elsewhere,2
ideologies,2
numbers,2
impact,2
accessibility,2
orientation,2
show,2
recovered,2
cordell,2
method,2
utah,2
plenum,2
borders,2
gutierrez,2
raw,2
based,2
concentration,2
route,2
subunits,2
puebloan,2
rincón,2
shared,2
events,2
primacy,2
configuration,2
initial,2
interpretations,2
further,2
rlnrk,2
traits,2
michigan,2
cannot,2
wealth,2
facilities,2
hunters,2
aspects,2
well,2
shape,2
designation,2
spheres,2
charred,2
gatherers,2
inferred,2
elson,2
prominent,2
characterization,2
apparent,2
henderson,2
describe,2
maricopa,2
size,2
middle,2
internacional,2
proliferation,2
reflect,2
il,2
project,2
horizon,2
attributed,2
tolerance,2
manipulation,2
agriculturally,2
excavated,2
least,2
interregional,2
suggest,2
chacmool,2
chichimeca,2
sufficient,2
distinguished,2
portions,2
core,2
progress,2
appropriate,2
versus,2
massive,2
geographical,2
dietary,2
frontera,2
span,2
pertaining,2
ceremonial,2
various,2
mesa,2
arqueológicos,2
schmidt,2
exception,2
upward,2
reconstruction,2
panregional,2
expanded,2
settings,2
ocho,2
inhabited,2
yet,2
elaboration,2
galaz,2
reference,2
thought,2
technology,2
processing,2
infrastructure,2
accelerated,2
al,2
indian,2
reports,2
sector,2
seymour,2
fin,2
flat,2
adherence,2
locational,2
bordering,2
longer,2
larger,2
diverse,2
contemporary,2
variation,2
vt,2
honor,2
forms,2
outside,2
antropologia,2
do,2
present,2
remarkable,2
model,2
teague,2
perhaps,2
shafer,2
siglo,2
wood,2
original,2
redman,2
altar,2
classes,2
understanding,2
technologies,2
exhibit,2
investment,2
investigated,2
vast,2
coherent,2
completed,2
active,2
aggregated,2
increase,2
manifestations,2
elite,2
findings,2
emphasize,2
tortolita,2
usdi,2
ethnic,2
individuals,2
previous,2
improvements,2
anasazi,2
significance,2
clear,2
points,2
individual,2
covering,2
would,2
mountain,2
probable,2
households,2
preservation,2
agriculturalists,2
internal,2
dollars,2
craft,2
become,2
contact,2
agave,2
obsidian,2
terracing,2
procurement,2
encompassing,2
bibliographic,2
supplemental,2
groupings,2
relationship,2
provide,2
maraña,2
ecological,2
pithouses,2
using,2
seen,2
detailed,2
inadequate,2
life,2
changes,2
rim,2
examine,2
stephen,2
share,2
magnitude,2
abandonment,2
series,2
intensification,2
pueblos,2
complexes,2
adjoining,2
irrigable,2
constructed,2
mixes,2
ripples,2
bernardino,2
natural,2
mutually,2
masonry,2
bridge,2
paper,2
elites,2
suggestions,2
unknown,2
prominence,2
dated,2
particularly,2
any,2
twelfth,2
very,2
paquime,2
proposed,2
better,2
boundaries,2
what,2
ventana,2
investigation,2
making,2
ravesloot,2
robles,2
densities,2
periphery,2
observations,2
eighmy,2
emphasis,2
placement,2
hundreds,2
urban,2
contain,2
categories,2
cluster,2
level,2
son,2
earlv,2
slopes,2
interchange,2
practices,2
tepiman,2
sixteenth,2
extended,2
copper,2
abbott,2
phenomenon,2
challenges,2
sistema,2
contrasts,2
centennial,2
differentiation,2
entity,2
illinois,2
approximately,2
correlated,2
sur,2
smaller,2
approach,2
dam,2
comparison,2
vessel,2
sectors,2
chicago,2
coas,2
exclusively,2
documentary,2
huckell,2
gulf,2
technological,2
ss,2
zones,2
termed,2
close,2
exhibiting,1
contacts,1
does,1
undertakings,1
ending,1
explosion,1
unobtainable,1
deference,1
page,1
flow,1
ño,1
oriented,1
horticulturists,1
evaluations,1
implemented,1
way,1
succulent,1
stuart,1
valle,1
if,1
names,1
scholar,1
correlations,1
broadest,1
created,1
functional,1
slaughter,1
topically,1
separated,1
personnel,1
affected,1
reconsidered,1
cuarenta,1
college,1
cerros,1
implies,1
miguel,1
ultimate,1
ethnoarchaeological,1
systemic,1
sitios,1
ancha,1
group,1
interrelationships,1
mesoamerica,1
transportation,1
residences,1
determinant,1
systematically,1
ana,1
agency,1
tend,1
essays,1
designed,1
entries,1
nayar,1
maíz,1
formed,1
agronomy,1
carpenter,1
dart,1
habitats,1
hypotheses,1
completely,1
expenditure,1
expressway,1
compilation,1
papagueria,1
considerations,1
bajada,1
undertaken,1
equated,1
irrigators,1
hegemony,1
presents,1
encourage,1
occurred,1
inequality,1
evaluating,1
stretches,1
viewpoints,1
buffer,1
descriptions,1
absence,1
corresponding,1
qualification,1
updated,1
appraisal,1
colon,1
diffusion,1
round,1
incomplete,1
compression,1
keystone,1
else,1
upland,1
either,1
explaining,1
creel,1
jb,1
please,1
barriers,1
isla,1
expands,1
compress,1
villajpando,1
connection,1
fifteenth,1
pervasive,1
bronitsky,1
neolithic,1
animas,1
introduce,1
ii,1
fund,1
cortaro,1
adopt,1
bolsón,1
might,1
kilometers,1
rapid,1
elusive,1
progression,1
watersheds,1
utilization,1
preoccupied,1
anywhere,1
tism,1
promoting,1
comprehensibility,1
cessation,1
advanced,1
harbor,1
heated,1
dramatically,1
acronym,1
delineation,1
õ,1
affinities,1
cientifica,1
could,1
centralized,1
broadly,1
neal,1
suggesting,1
flotation,1
thank,1
timing,1
normative,1
spaced,1
ephemeral,1
government,1
link,1
farther,1
reveal,1
characterizing,1
sous,1
subsequent,1
there,1
xx,1
integrate,1
sunlit,1
patterned,1
expanses,1
consist,1
cemeteries,1
multivillage,1
replicated,1
emphasized,1
concepts,1
eleventh,1
classified,1
rockshelters,1
peso,1
paleodemographic,1
hudspeth,1
discrete,1
serrana,1
pertains,1
attempted,1
prehistórico,1
remodeling,1
side,1
revolt,1
empty,1
forum,1
botanical,1
projectile,1
effort,1
recorded,1
reassessed,1
stretched,1
areally,1
motion,1
vriwrr,1
bases,1
mass,1
out,1
trays,1
uneven,1
quantities,1
replacement,1
prior,1
howard,1
compelling,1
outlying,1
omissions,1
georgetown,1
illustrate,1
prehispanic,1
contractual,1
feinman,1
commonality,1
bibliography,1
kirkpatrick,1
move,1
flank,1
dutch,1
communales,1
invited,1
interdisciplinary,1
supply,1
except,1
adoption,1
reflecting,1
privileged,1
far,1
temporada,1
archote,1
camilli,1
exchanges,1
mitigation,1
backgrounds,1
household,1
above,1
vaca,1
undoubtedly,1
correlation,1
mesoamencan,1
zonation,1
joyce,1
subdivisions,1
behavior,1
sanchez,1
redating,1
framework,1
usage,1
labor,1
implements,1
chapters,1
accessible,1
macaw,1
review,1
domesticating,1
bracketed,1
affiliation,1
electron,1
tularosa,1
sinaloa,1
que,1
erection,1
downum,1
component,1
geochemistry,1
dendrochronological,1
nonirrigation,1
due,1
against,1
analyzing,1
sediment,1
missile,1
thompson,1
interest,1
ut,1
adopted,1
espousing,1
heterogeneity,1
attested,1
avocational,1
price,1
heightened,1
conducted,1
procession,1
expeditions,1
constellation,1
employing,1
preagricultural,1
seaman,1
arena,1
z,1
spans,1
forced,1
sf,1
clearinghouses,1
transitional,1
hydrology,1
bostwick,1
adjustment,1
drainage,1
nor,1
locqi,1
old,1
innovation,1
huatabampo,1
consejo,1
star,1
butte,1
highest,1
response,1
columbia,1
dendrocronologia,1
compared,1
kinship,1
continuous,1
engineering,1
witnessed,1
module,1
determinations,1
networks,1
indicadores,1
unequivocally,1
storage,1
explore,1
síntesis,1
terrace,1
reassessment,1
communication,1
resolutions,1
details,1
apparently,1
luna,1
leadership,1
occasion,1
pronounced,1
hardly,1
bosquejo,1
master,1
nonpainted,1
formats,1
paleoethnobotanical,1
mogolton,1
contributing,1
picacho,1
costa,1
alabama,1
buried,1
van,1
jumano,1
affiliations,1
seventh,1
permits,1
civilization,1
hamlet,1
operation,1
confines,1
á,1
rockpile,1
reflects,1
without,1
extensively,1
accompaniments,1
rather,1
arqueo,1
residence,1
absent,1
across,1
highlands,1
district,1
particularistic,1
basic,1
sw,1
cremation,1
process,1
approaches,1
cult,1
goes,1
pétrographie,1
nonlocal,1
eon,1
paleohydrauuc,1
importance,1
entre,1
adjustments,1
greenwald,1
direct,1
parts,1
hodges,1
ongoing,1
jesuit,1
columbian,1
í,1
scales,1
distant,1
white,1
conadòx,1
cases,1
summarized,1
discoveries,1
consequences,1
scattered,1
mrs,1
perceptions,1
acquisition,1
win,1
established,1
reatad,1
familiar,1
retained,1
leg,1
exponential,1
organized,1
fishes,1
emergence,1
governmentally,1
latin,1
specify,1
just,1
fortifications,1
days,1
reconstructions,1
ös,1
reexamination,1
albuauerque,1
desirability,1
preoccupation,1
restricted,1
edificios,1
outgrowths,1
too,1
incorrectly,1
situations,1
age,1
commonly,1
commented,1
ornamentos,1
additional,1
pollen,1
exotics,1
biotic,1
peru,1
suites,1
linkage,1
idealized,1
circulating,1
patterning,1
ceremony,1
neily,1
socaton,1
reconsideration,1
permanent,1
dominant,1
projected,1
calgary,1
suggested,1
decades,1
huachuca,1
view,1
trajectories,1
perceive,1
thrust,1
levant,1
ranges,1
had,1
gregory,1
result,1
microprobe,1
closely,1
anthropogenic,1
wellstudied,1
laid,1
tanque,1
basalt,1
questioned,1
yuma,1
sumptuousness,1
transmission,1
carmichael,1
recombinations,1
appearance,1
six,1
opposing,1
acknowledgments,1
inherent,1
demise,1
strength,1
rimrock,1
iconographically,1
occupance,1
resembles,1
nutrients,1
objectives,1
signify,1
issue,1
iconographie,1
circa,1
austin,1
oreo,1
requirements,1
diet,1
parado,1
viking,1
emerge,1
multiples,1
accompany,1
prehispánica,1
base,1
term,1
autònoma,1
archaeofaunal,1
circulation,1
fourth,1
protohistórica,1
multicommunity,1
libraries,1
offered,1
disturbance,1
hacia,1
hinterland,1
block,1
desde,1
appears,1
viewed,1
neither,1
fluvial,1
intensity,1
geografía,1
biases,1
groundwork,1
contiguous,1
superpositioning,1
hypothetical,1
spur,1
confirmation,1
abandonments,1
dwellers,1
find,1
si,1
depictions,1
possibility,1
impression,1
criteria,1
because,1
watershed,1
hierarchies,1
resident,1
sonto,1
keeping,1
participation,1
network,1
botanically,1
line,1
seminal,1
pima,1
elisa,1
artifacts,1
geological,1
reinterpreting,1
planning,1
hydraulic,1
bounded,1
received,1
reid,1
lords,1
significantly,1
modular,1
corredor,1
sweetwoter,1
dominance,1
breeding,1
ot,1
rearrangements,1
rankin,1
confined,1
commonalities,1
thoughts,1
positions,1
geology,1
incremental,1
rm,1
palettes,1
dozens,1
hemenway,1
strips,1
q,1
consistently,1
older,1
discussions,1
place,1
jai,1
archeology,1
partly,1
contains,1
records,1
comprehensible,1
accumulation,1
seasonally,1
underscored,1
ü,1
rum,1
personal,1
douglas,1
away,1
floors,1
multisite,1
fieldwork,1
doubtful,1
conform,1
hillside,1
polity,1
interpreted,1
montanas,1
towards,1
regions,1
paletas,1
charcos,1
oriental,1
bibliographies,1
precipitation,1
varieties,1
multiplicity,1
published,1
creating,1
redware,1
brush,1
sense,1
successful,1
nuevos,1
hard,1
working,1
azat,1
responsibility,1
cucurpe,1
buildings,1
indicators,1
oscilación,1
trading,1
través,1
order,1
contrast,1
preparado,1
yuman,1
discourse,1
ain,1
exclude,1
encompasses,1
intervals,1
underscore,1
characteristics,1
kf,1
consensus,1
oc,1
concerns,1
replace,1
zea,1
rye,1
invoke,1
oro,1
dramatic,1
geomorphic,1
reported,1
ensayo,1
essentially,1
coprolites,1
latest,1
bartleu,1
petroglyphs,1
differing,1
methodological,1
yielded,1
budgets,1
leni,1
corona,1
ornament,1
moist,1
specializations,1
posed,1
maxwell,1
productivity,1
commemorative,1
citations,1
agricola,1
confluence,1
value,1
sitio,1
moved,1
intermarriage,1
activities,1
courses,1
will,1
lonetree,1
critical,1
consideraciones,1
node,1
hatch,1
turquoise,1
tasks,1
partially,1
disjunct,1
delineating,1
minor,1
groundstone,1
conforming,1
cumbre,1
functioning,1
strictures,1
archaeomagnetism,1
runoff,1
short,1
overall,1
labeled,1
expansion,1
play,1
schemes,1
corporation,1
interiors,1
acknowledged,1
islands,1
reorganization,1
concern,1
intensively,1
still,1
estado,1
tor,1
garden,1
interactions,1
sponsored,1
modes,1
echo,1
surveyed,1
andover,1
acequias,1
tends,1
compilations,1
selection,1
southeast,1
vie,1
single,1
vicinity,1
fechamiento,1
frank,1
ubiquity,1
coherence,1
layouts,1
depicted,1
simultaneous,1
competition,1
pivotal,1
poqumé,1
sort,1
civano,1
hueco,1
tale,1
fringe,1
arrangements,1
opportunities,1
represents,1
adequate,1
read,1
barker,1
campo,1
emil,1
serve,1
czaplicki,1
observance,1
mobile,1
dialects,1
cliff,1
challenged,1
ne,1
latitude,1
us,1
boundary,1
favorable,1
contractors,1
clarified,1
participants,1
analytical,1
modestly,1
ciudod,1
adjusted,1
publishing,1
light,1
complete,1
shock,1
rectangular,1
depopulated,1
disjuncture,1
experimental,1
floor,1
broad,1
insights,1
odds,1
preeminent,1
destination,1
identification,1
qualified,1
unusually,1
truncated,1
rise,1
causality,1
shows,1
suzanne,1
disciplinary,1
useful,1
routes,1
preeminence,1
inhabitants,1
organizations,1
aggregates,1
impediment,1
book,1
aluviales,1
oscillated,1
mark,1
lote,1
approaching,1
gathers,1
gilo,1
reexcavation,1
froncisco,1
sky,1
artists,1
swarts,1
paramount,1
treatment,1
caborca,1
villapando,1
conduct,1
scholars,1
xii,1
blocks,1
occurrence,1
cumulative,1
carlsbad,1
animates,1
carbonized,1
tulsa,1
colección,1
cila,1
predominant,1
mountainous,1
gaudalupe,1
lacks,1
kecognizing,1
acs,1
transregional,1
fallen,1
debates,1
resolved,1
outpost,1
pennsylvania,1
seldom,1
hiatus,1
fragments,1
disseminate,1
ground,1
imperatives,1
formation,1
manner,1
road,1
gary,1
telegraphic,1
compounds,1
continuing,1
empire,1
accepted,1
compositional,1
relevant,1
tarming,1
axes,1
see,1
logicaetnogràfica,1
arqueologia,1
coincided,1
unanticipated,1
exotic,1
practice,1
por,1
deep,1
tormative,1
jeddito,1
chronologically,1
native,1
preparation,1
metropolitan,1
gravels,1
frequency,1
controversy,1
proportionately,1
weakly,1
assemblage,1
complicated,1
number,1
encountered,1
thoroughly,1
polities,1
santan,1
bulletin,1
dressv,1
demonstrated,1
backbone,1
entirety,1
ine,1
discussion,1
mays,1
lands,1
made,1
assemblages,1
eighteenth,1
implicated,1
refining,1
pertain,1
patricia,1
passes,1
sixth,1
easify,1
strongest,1
clustered,1
stotes,1
arbitrarily,1
encouraged,1
tx,1
denies,1
outliers,1
hasta,1
conchos,1
intermittent,1
persisted,1
rethinking,1
assume,1
perception,1
relaciones,1
congress,1
synchronous,1
aside,1
maiz,1
hermosillo,1
trend,1
archaeomagnetic,1
rare,1
goal,1
variables,1
recovery,1
katsina,1
vahki,1
prelude,1
supplement,1
amaranths,1
theoretical,1
laumbach,1
described,1
wrapping,1
cultura,1
ties,1
whalen,1
meanings,1
discovered,1
junta,1
directed,1
increment,1
authors,1
discussed,1
comprehensive,1
ah,1
essay,1
interpret,1
mazatal,1
counter,1
symposium,1
controversies,1
floodplains,1
derived,1
lifestyles,1
geographically,1
spread,1
explanation,1
mount,1
farms,1
sands,1
foremost,1
dry,1
proximity,1
diversion,1
renewal,1
abundant,1
segment,1
permitting,1
latter,1
erich,1
nonprofit,1
margin,1
conclusions,1
problems,1
elaborate,1
parallel,1
juncture,1
argueologia,1
relation,1
palo,1
geographers,1
tiers,1
assessing,1
respectively,1
mainly,1
effect,1
corners,1
primitive,1
reanalyses,1
consumption,1
analyze,1
pathway,1
locales,1
adaptations,1
ascribe,1
authorship,1
figures,1
maximal,1
occupied,1
hohoima,1
jerry,1
evaluated,1
professional,1
controversial,1
embodied,1
arbor,1
regimes,1
attention,1
embody,1
corridor,1
species,1
separate,1
cake,1
overlapping,1
seden,1
discriminating,1
tula,1
increasing,1
carried,1
ethnobiology,1
primate,1
consists,1
extractive,1
binghamton,1
sufficiency,1
topography,1
escaping,1
imply,1
modification,1
emulation,1
abundance,1
viven,1
pinai,1
deceptive,1
figure,1
binational,1
imbalance,1
highvalue,1
suggestive,1
americanist,1
foster,1
pastes,1
upham,1
exacerbated,1
contraction,1
presentado,1
vertical,1
colleagues,1
institutions,1
sonorense,1
reconocimiento,1
referred,1
lost,1
relations,1
playa,1
yale,1
estrello,1
juan,1
nuevo,1
embodying,1
contribution,1
furnish,1
rapidly,1
ceremonialism,1
countries,1
paradigmatic,1
spanning,1
volumes,1
shortened,1
class,1
successor,1
hope,1
teresa,1
frontier,1
peripheries,1
subdivided,1
aqueduct,1
fields,1
canada,1
dioblo,1
interpolated,1
investigate,1
conservation,1
cabeza,1
definitive,1
matters,1
addressed,1
detail,1
quantitative,1
subscript,1
fertility,1
anthropomorphic,1
border,1
duncan,1
variable,1
cam,1
shadow,1
heavy,1
then,1
mangas,1
recombines,1
following,1
civilizations,1
comes,1
analogues,1
mentioned,1
tí,1
respective,1
farmed,1
planeies,1
woosley,1
invoked,1
herrington,1
continues,1
pace,1
symbolic,1
known,1
implied,1
precise,1
rival,1
temporal,1
explicate,1
lightweight,1
sherds,1
funding,1
durations,1
sourcing,1
daunting,1
jefferson,1
equation,1
coloniales,1
interdigitating,1
outcome,1
unavailable,1
alleviate,1
tendencies,1
each,1
katz,1
country,1
finance,1
anthropology,1
shares,1
cultures,1
parasitological,1
vohki,1
auxiliary,1
commission,1
interested,1
exploration,1
sampling,1
believe,1
formulation,1
leaders,1
southernmost,1
constructions,1
scenario,1
domestic,1
proportional,1
escalante,1
job,1
magnified,1
ff,1
goods,1
peak,1
visits,1
historical,1
examining,1
ramos,1
rural,1
necessitating,1
works,1
living,1
rosewell,1
lek,1
evident,1
ì,1
ballgame,1
hooa,1
animal,1
elevated,1
according,1
scholarly,1
correlate,1
unlikely,1
ruins,1
kivas,1
chihuohuo,1
economy,1
receiving,1
transmitted,1
combined,1
unique,1
cremations,1
spatial,1
them,1
avrà,1
esquema,1
diablo,1
accounts,1
coast,1
want,1
cause,1
inncheras,1
artifactual,1
juicios,1
harquahala,1
fanners,1
problem,1
squaw,1
szuter,1
entrada,1
consisting,1
collección,1
waters,1
predate,1
occasions,1
coyote,1
densest,1
pursued,1
require,1
cooccurrences,1
oppositions,1
archaeologicai,1
andres,1
holocene,1
millions,1
travel,1
fourteen,1
popular,1
spaces,1
aldeano,1
diagenesis,1
bodies,1
boston,1
outline,1
john,1
necessity,1
interrelated,1
colonal,1
epitomizes,1
transport,1
disparate,1
refinement,1
affecting,1
uniform,1
timely,1
fenomeno,1
reynold,1
content,1
whittlesey,1
ashes,1
became,1
rampant,1
communidad,1
focal,1
intended,1
estrella,1
lies,1
rationale,1
adapted,1
measure,1
subareal,1
cultivated,1
geográfico,1
domesticates,1
programs,1
arguments,1
intelligible,1
interlinkages,1
qualitative,1
gloss,1
maintained,1
ensuing,1
soils,1
snuff,1
articleor,1
terminal,1
courtyards,1
our,1
analogy,1
examinations,1
false,1
tardio,1
question,1
wild,1
pine,1
moderate,1
shown,1
until,1
sediments,1
background,1
arturo,1
disappear,1
encouragement,1
quest,1
twentieth,1
paradigm,1
chemical,1
morphological,1
grant,1
ojo,1
mode,1
polar,1
burnt,1
wish,1
offer,1
insight,1
ofsubsequent,1
preceramic,1
dense,1
delineate,1
need,1
specialists,1
manufacture,1
provided,1
rillito,1
modules,1
exceeding,1
attributes,1
clusterings,1
centrality,1
plainware,1
forming,1
landforms,1
bliss,1
correlación,1
oldest,1
transcending,1
shift,1
classification,1
tanks,1
needs,1
thousand,1
observation,1
intentional,1
vw,1
clarify,1
themselves,1
justify,1
era,1
conceptual,1
debate,1
sharing,1
texts,1
maximum,1
abandoned,1
desierto,1
much,1
immediately,1
seek,1
cross,1
building,1
oí,1
roles,1
draft,1
looking,1
readers,1
thorough,1
hypothesis,1
