WORDCOUNTS,WEIGHT
the,1095
and,902
of,871
in,518
maya,418
a,399
to,279
at,186
j,175
that,170
university,170
classic,140
from,132
pp,129
r,125
d,114
p,107
new,107
for,102
w,101
archaeology,101
as,99
on,97
e,93
american,83
m,79
have,79
is,78
ancient,75
were,75
lowland,70
late,67
was,65
preclassic,60
by,60
mexico,59
been,59
an,58
s,56
t,55
we,55
antiquity,54
with,53
are,52
early,52
it,50
research,50
belize,48
ad,47
de,47
g,47
this,46
archaeological,45
settlement,44
be,44
l,43
h,41
has,41
postclassic,41
such,40
texas,40
not,39
state,38
sites,38
f,38
or,38
other,37
some,37
et,37
evidence,37
northern,35
no,34
one,33
el,32
their,32
middle,32
there,31
had,31
mesoamerican,31
tikal,31
archaic,30
they,29
mesoamerica,29
future,29
data,29
many,29
between,29
political,28
n,28
marcus,27
more,27
lowlands,26
i,26
b,26
k,26
its,26
during,26
excavations,25
site,25
copan,25
guatemala,25
but,25
may,24
prehistoric,24
regional,24
period,24
cambridge,24
states,24
c,24
latin,23
calakmul,23
approach,23
field,23
when,23
v,23
río,23
report,23
history,22
central,22
dumbarton,22
those,21
papers,21
population,21
economic,21
vol,20
most,20
warfare,19
journal,19
work,19
two,19
harvard,19
la,19
city,19
stone,18
azul,18
civilization,18
after,18
world,18
southeast,18
so,18
lithic,17
dc,17
also,17
what,17
into,16
collapse,16
santa,16
than,16
study,16
burials,16
only,16
patterns,16
which,16
can,16
interaction,16
evolution,15
investigations,15
institute,15
these,15
do,15
three,15
while,15
although,15
household,15
major,15
cultural,14
southern,14
social,14
scholars,14
like,14
series,14
different,14
terminal,14
texts,14
center,13
large,13
rita,13
highland,13
highlands,13
supplement,13
peabody,13
honduras,13
societies,13
austin,13
bc,13
colha,13
department,13
where,13
use,13
national,13
both,13
our,13
area,13
among,13
recent,13
complex,12
hierarchy,12
chichén,12
york,12
because,12
project,12
san,12
second,12
about,12
others,12
prehistory,12
capital,12
much,12
philadelphia,11
conjunctive,11
british,11
review,11
segmentary,11
del,11
society,11
community,11
us,11
reports,11
ruler,11
model,11
trend,11
publication,11
would,11
y,11
chert,11
geographic,11
paper,11
international,11
phd,11
years,11
all,10
chiefdoms,10
century,10
his,10
direct,10
popol,10
organization,10
jai,10
historic,10
polity,10
regions,10
suggest,10
periods,10
al,10
lack,10
mayanists,10
hieroglyphic,10
points,10
who,10
analysis,10
foundation,10
models,10
valley,10
dos,10
should,10
ca,10
now,9
first,9
last,9
mexicon,9
within,9
mass,9
point,9
economies,9
royal,9
development,9
z,9
fig,9
peten,9
similar,9
could,9
found,9
centers,9
oklahoma,9
well,9
lamanai,9
pulltrouser,9
least,9
annual,9
preliminary,9
yucatan,9
museum,9
continuity,9
temples,9
time,9
pattern,9
see,9
elite,9
exchange,9
science,9
often,9
known,9
over,9
became,9
quiche,9
if,8
group,8
studies,8
production,8
might,8
england,8
case,8
old,8
perspective,8
albuquerque,8
view,8
burial,8
tools,8
los,8
around,8
spanish,8
few,8
eighth,8
still,8
precolumbian,8
water,8
ceramic,8
anthropologist,8
shafer,8
peer,8
structure,8
lines,8
abandonment,8
know,8
anthropology,8
very,8
historical,8
selected,8
inscriptions,8
suggests,8
art,8
colonial,8
north,8
need,8
remains,8
carved,7
monograph,7
throughout,7
jade,7
document,7
even,7
stela,7
too,7
show,7
origins,7
important,7
called,7
placed,7
used,7
fit,7
change,7
several,7
will,7
press,7
architecture,7
hester,7
swamp,7
rise,7
cahal,7
en,7
mundo,7
polities,7
region,7
sequence,7
theories,7
trade,7
times,7
obsidian,7
ethnohistory,7
seen,7
paleoindian,7
palace,7
did,7
using,7
vuh,7
include,7
folan,7
norman,7
groups,6
western,6
season,6
seems,6
survey,6
corozal,6
platforms,6
context,6
projectile,6
eastern,6
america,6
prehispanic,6
formative,6
jones,6
ma,6
town,6
levels,6
webster,6
changes,6
elsewhere,6
four,6
academic,6
occupation,6
earliest,6
information,6
tool,6
personal,6
away,6
pottery,6
attention,6
power,6
chase,6
competition,6
areas,6
ethnohistoric,6
antonio,6
caracol,6
rio,6
significant,6
administrative,6
earlier,6
buildings,6
pohl,6
seibal,6
construction,6
forest,6
any,6
each,6
tomb,6
seem,6
argue,6
orleans,6
agricultural,6
given,6
through,6
rulers,6
tulane,6
salt,6
built,6
final,5
done,5
environmental,5
decade,5
zapotee,5
island,5
gap,5
puuc,5
secondary,5
hunting,5
take,5
surveys,5
agriculture,5
sabloff,5
ritual,5
thus,5
since,5
back,5
capitals,5
how,5
approaches,5
ceramics,5
house,5
additional,5
utah,5
myths,5
location,5
demise,5
chipped,5
alur,5
ann,5
yucatán,5
residential,5
recently,5
cannot,5
revision,5
pollen,5
postdassic,5
near,5
hierarchies,5
part,5
artifacts,5
people,5
stanford,5
own,5
good,5
level,5
decline,5
appropriate,5
implications,5
located,5
comparative,5
culture,5
same,5
cuello,5
increasingly,5
epigraphers,5
projects,5
number,5
another,5
thousands,5
perdido,5
lake,5
epigraphic,5
carnegie,5
andrews,5
craft,5
sociopolitical,5
yucatec,5
note,5
proyecto,5
vision,5
ideology,5
frontier,5
anthropological,5
rarely,5
must,5
extensive,5
constructed,5
las,5
terms,5
local,5
transition,5
writing,5
southeastern,5
arizona,5
problem,4
laporte,4
expedition,4
chichen,4
cerros,4
diane,4
caches,4
introduction,4
territorial,4
ana,4
designed,4
maize,4
ways,4
environment,4
cycles,4
diversity,4
lower,4
being,4
long,4
mayapán,4
nature,4
macneish,4
principal,4
dd,4
possible,4
beneath,4
barrera,4
human,4
adams,4
kind,4
lineage,4
third,4
compare,4
apparently,4
rather,4
itzá,4
notion,4
arbor,4
primer,4
plaza,4
provinces,4
image,4
specialization,4
numbers,4
upper,4
powerful,4
beyond,4
rice,4
explain,4
suggested,4
dynastic,4
appear,4
conquest,4
my,4
based,4
inappropriate,4
mapping,4
quirigua,4
scenes,4
itza,4
acropolis,4
appears,4
aspects,4
ot,4
internacional,4
showing,4
memoirs,4
trends,4
wi,4
phrase,4
workshops,4
london,4
progress,4
cycle,4
rest,4
battle,4
led,4
yax,4
seasons,4
comments,4
trent,4
technology,4
under,4
place,4
antiauitv,4
ethnographic,4
reply,4
contains,4
fact,4
larger,4
chiefdom,4
occupied,4
subsistence,4
understanding,4
alliance,4
chiefly,4
including,4
platform,4
low,4
clear,4
architectural,4
features,4
latter,4
systems,4
methods,4
aegean,4
probably,4
increasing,4
today,4
continued,4
five,4
palenque,4
widespread,4
considered,4
claims,4
occasional,4
text,4
current,4
cities,4
u,4
better,4
william,4
investigation,4
uaxactún,4
accounts,4
mentioned,4
huge,4
vessels,4
presented,4
role,4
land,4
shift,4
reached,4
entire,4
archeological,4
comparable,4
zones,4
does,3
o,3
common,3
later,3
meaning,3
college,3
dissolution,3
village,3
residences,3
essays,3
peaks,3
former,3
excavation,3
before,3
archaeologists,3
sources,3
ii,3
military,3
emerged,3
cenote,3
together,3
great,3
reveal,3
estela,3
emblem,3
faunal,3
search,3
sacred,3
concepts,3
suspect,3
autonomous,3
east,3
key,3
encouraging,3
bases,3
demography,3
characterize,3
object,3
dynamic,3
along,3
mat,3
zone,3
masks,3
bill,3
oaxaca,3
análisis,3
quintana,3
application,3
developments,3
marriage,3
witnessed,3
fash,3
find,3
storage,3
memoir,3
look,3
tucson,3
offices,3
growth,3
main,3
altar,3
cambridee,3
captives,3
certain,3
sacrificed,3
parts,3
distant,3
monuments,3
informe,3
impact,3
frequently,3
resource,3
dept,3
follow,3
universidad,3
painted,3
iconography,3
mayas,3
macanche,3
appearance,3
typical,3
out,3
estudios,3
events,3
commoners,3
defensive,3
wealth,3
stratigraphie,3
having,3
lords,3
tombs,3
related,3
pyramids,3
literature,3
intermediate,3
palaces,3
northwest,3
records,3
actually,3
washington,3
lhe,3
excavated,3
working,3
below,3
intersite,3
delivered,3
reconstructions,3
sufficient,3
prestate,3
haviland,3
fully,3
cosmology,3
results,3
notes,3
nohmul,3
newly,3
battles,3
south,3
flourished,3
therefore,3
absence,3
populations,3
tropical,3
hammond,3
abrupt,3
analogies,3
me,3
manpower,3
light,3
issues,3
cyclic,3
largest,3
mixtee,3
noted,3
cerámica,3
useful,3
vogt,3
again,3
added,3
shows,3
consideration,3
proposal,3
beliefs,3
grave,3
farming,3
memorias,3
doubt,3
pennsylvania,3
documents,3
honor,3
took,3
monographs,3
systematic,3
establish,3
mava,3
strategies,3
coloquio,3
siglo,3
degree,3
ine,3
made,3
discovery,3
campsite,3
increase,3
station,3
factor,3
submitted,3
processes,3
salvador,3
examination,3
cultura,3
ties,3
discovered,3
mayan,3
general,3
high,3
static,3
pyramidal,3
problems,3
become,3
milpa,3
topics,3
chalchuapa,3
hierarchical,3
institution,3
perspectives,3
inhabitants,3
institutions,3
independence,3
lost,3
un,3
began,3
ruz,3
why,3
types,3
itself,3
canada,3
angeles,3
then,3
associated,3
following,3
complexity,3
changing,3
friends,3
temple,3
set,3
mesoamérica,3
control,3
exploration,3
mirador,3
galactic,3
scenario,3
domestic,3
spaniards,3
clearly,3
naco,3
plaques,3
past,3
economy,3
them,3
theory,3
periphery,3
studying,3
contain,3
size,3
boston,3
multiple,3
sharer,3
tried,3
varied,3
come,3
surface,3
numerous,3
newsletter,3
preceramic,3
increased,3
summary,3
word,3
km,3
themselves,3
glyph,3
element,3
abandoned,3
earthworks,3
fialko,3
here,3
meeting,3
mortuary,2
edge,2
cent,2
lowe,2
imported,2
integrating,2
administered,2
coast,2
determine,2
prediction,2
he,2
offerings,2
formed,2
likely,2
authority,2
units,2
commonplace,2
ballcourt,2
park,2
boulder,2
collection,2
tempe,2
position,2
virtually,2
tells,2
cornell,2
princeton,2
practices,2
pilas,2
test,2
isla,2
every,2
certainly,2
carmack,2
asia,2
eruption,2
available,2
undertake,2
display,2
gradual,2
origin,2
able,2
room,2
uxmal,2
situ,2
texassan,2
signs,2
brigham,2
system,2
documenting,2
con,2
preventing,2
effort,2
recorded,2
task,2
discuss,2
victims,2
economics,2
prior,2
chest,2
activity,2
epigraphy,2
bibliography,2
richard,2
obvious,2
tzotzil,2
mounting,2
variations,2
far,2
resources,2
cited,2
controlled,2
labor,2
glyphs,2
phase,2
per,2
southwestern,2
dynamics,2
desarrollo,2
speakers,2
against,2
paw,2
neighbors,2
relatively,2
heterogeneity,2
ut,2
assessment,2
ai,2
estimates,2
rank,2
cases,2
merely,2
evident,2
response,2
serving,2
six,2
houses,2
oxford,2
compared,2
kinship,2
continuous,2
chap,2
truly,2
schele,2
industries,2
discovering,2
captive,2
hardly,2
antropología,2
influence,2
walls,2
mechanism,2
crossroads,2
van,2
oj,2
whose,2
subordination,2
segmentaiy,2
without,2
supernatural,2
links,2
cappadocian,2
across,2
landscape,2
biggest,2
coastal,2
process,2
mean,2
una,2
importance,2
special,2
von,2
miscellaneous,2
support,2
reason,2
references,2
understand,2
kelly,2
possibly,2
river,2
just,2
methodist,2
arlen,2
dallas,2
argued,2
solid,2
trace,2
selz,2
comparisons,2
exploitation,2
reconsideration,2
method,2
david,2
coincide,2
providing,2
management,2
bonampak,2
española,2
result,2
allow,2
mentionings,2
fortunes,2
young,2
deal,2
initial,2
yaxuna,2
term,2
evaluate,2
embedded,2
arranged,2
handbook,2
left,2
ranking,2
neighboring,2
focused,2
michigan,2
dynasty,2
produced,2
applied,2
attendant,2
scale,2
publications,2
abandonments,2
public,2
flaked,2
freidel,2
sacrifice,2
suspended,2
decipherment,2
inferred,2
received,2
statehood,2
boca,2
murals,2
example,2
comment,2
punta,2
revealed,2
loss,2
realm,2
pyramid,2
oaks,2
ontario,2
mesoamericans,2
forces,2
reflect,2
información,2
interregional,2
mesopotamia,2
painting,2
viable,2
dunning,2
trading,2
investigación,2
contrast,2
consolidation,2
quite,2
event,2
involved,2
belt,2
endured,2
smithsonian,2
margarita,2
peak,2
villages,2
yielded,2
ek,2
visible,2
majority,2
florida,2
finds,2
massive,2
preciassic,2
chimino,2
partially,2
komchen,2
indeed,2
expansion,2
impose,2
wetland,2
sar,2
nakbe,2
make,2
expanded,2
americana,2
religious,2
single,2
vicinity,2
label,2
towns,2
once,2
interpretation,2
chronology,2
yaxchilán,2
cane,2
wright,2
indian,2
demarest,2
jaguar,2
stones,2
ringle,2
façade,2
diverged,2
simulation,2
members,2
comfortable,2
book,2
structures,2
isolates,2
utatlán,2
wetlands,2
underestimated,2
occupations,2
inscripciones,2
instituto,2
mural,2
relación,2
contradict,2
break,2
variation,2
discussed,2
reasons,2
adjacent,2
unidades,2
present,2
formation,2
covered,2
superimposed,2
relevant,2
renaissance,2
less,2
answer,2
forth,2
uaxactun,2
focusing,2
perhaps,2
belief,2
reconstructing,2
pendergast,2
style,2
assemblage,2
remarkably,2
argues,2
status,2
collecting,2
divided,2
dave,2
gordon,2
range,2
enormous,2
mosaic,2
skeletal,2
skeptical,2
looting,2
largely,2
exciting,2
assume,2
vocabulary,2
actual,2
continue,2
california,2
dating,2
stratification,2
described,2
open,2
emphasizing,2
plant,2
am,2
mask,2
households,2
abundant,2
contributions,2
construct,2
woodworking,2
class,2
comparing,2
article,2
más,2
arqueológica,2
evolutionary,2
relation,2
wise,2
crc,2
lists,2
enjoyed,2
postclassk,2
implication,2
procurement,2
ethnohistoiy,2
ago,2
motif,2
saltmaking,2
stage,2
batab,2
relationship,2
imply,2
cobweb,2
looted,2
africa,2
crucial,2
ecological,2
testing,2
bound,2
program,2
albion,2
inside,2
insufficient,2
bears,2
transformation,2
adaptation,2
life,2
fall,2
lineages,2
clovis,2
exchanged,2
stable,2
macroblade,2
guatemalan,2
sayil,2
contained,2
small,2
monument,2
panama,2
material,2
broke,2
comes,2
incised,2
cerén,2
peoples,2
orlando,2
tayasal,2
noncontiguous,2
continues,2
ahau,2
temporal,2
specific,2
symbol,2
phillips,2
cover,2
natural,2
ancestor,2
neglected,2
assumed,2
interested,2
believe,2
incorporating,2
deposits,2
emergence,2
iii,2
enemy,2
goods,2
build,2
petexbatún,2
living,2
type,2
places,2
subordinate,2
believed,2
according,2
unique,2
motagua,2
rose,2
methodological,2
degradation,2
harappan,2
sus,2
robles,2
distribution,2
thames,2
don,2
scenarios,2
hundreds,2
urban,2
port,2
northwestern,2
centro,2
hieroglyphs,2
constricted,2
traditional,2
simply,2
territory,2
reconstruct,2
titles,2
tipu,2
tall,2
burning,2
gain,2
think,2
survive,2
question,2
wild,2
oi,2
shown,2
until,2
examples,2
grant,2
consumption,2
habuacionales,2
integration,2
conquered,2
colleagues,2
classification,2
ladyville,2
moved,2
tourtellot,2
supported,2
territories,2
news,2
era,2
little,2
focus,2
plenum,2
technological,2
laborers,2
oí,2
evidently,2
retrospect,2
woven,1
resolve,1
miller,1
difficult,1
lexicostatistic,1
toscano,1
go,1
kluwer,1
order,1
revisionist,1
willie,1
frequent,1
projected,1
implemented,1
way,1
conflicting,1
fertile,1
indicated,1
implying,1
extrapolating,1
names,1
trorn,1
pittsburgh,1
designated,1
created,1
functional,1
investigaciones,1
compensate,1
coba,1
represent,1
everyone,1
market,1
reconsidered,1
tuscaloosa,1
resulted,1
occupant,1
busy,1
red,1
vogue,1
alone,1
qxkintok,1
extends,1
mountains,1
succession,1
itsanta,1
utility,1
manuscript,1
processual,1
forcing,1
conversion,1
stripped,1
particulate,1
needed,1
methodology,1
conducted,1
replaced,1
conflicts,1
denied,1
mike,1
systematically,1
star,1
rethink,1
effective,1
identify,1
tend,1
spears,1
candocumenting,1
locked,1
cá,1
referring,1
hondureno,1
kirchhoff,1
schools,1
anthropolomt,1
constitutes,1
true,1
mexican,1
bifacial,1
completely,1
stingray,1
composites,1
inconsistent,1
contend,1
paradigms,1
monolithic,1
duke,1
weaker,1
parochialism,1
pata,1
theatre,1
disconformities,1
resurgence,1
presents,1
unlike,1
laid,1
occurred,1
classicthe,1
artifact,1
variants,1
turtle,1
total,1
scientist,1
ethnoarchaeological,1
fragile,1
indígena,1
exceptions,1
precolwnbian,1
rosemary,1
nice,1
mexicaines,1
detected,1
descriptions,1
annals,1
closely,1
pérez,1
ramón,1
themes,1
cutting,1
congress,1
aw,1
round,1
said,1
estimated,1
fraction,1
transitions,1
explaining,1
marco,1
jb,1
huastec,1
chacmool,1
overlie,1
embraced,1
tribute,1
jaaes,1
universitv,1
localities,1
disagreement,1
topiltzin,1
questions,1
cany,1
reclassify,1
retouched,1
setting,1
cthnohistory,1
rew,1
mysterious,1
concentrated,1
kilometers,1
rush,1
musical,1
elusive,1
astronomical,1
lagoon,1
beautiful,1
ourselves,1
amaranthus,1
advanced,1
discerned,1
aforementioned,1
gary,1
damaged,1
zeitschrift,1
loom,1
moundville,1
possibilities,1
immense,1
principles,1
buildup,1
attractive,1
tradition,1
leading,1
paramount,1
assess,1
broken,1
suggesting,1
generalize,1
simple,1
deposed,1
thank,1
differences,1
farmers,1
alton,1
analyses,1
rich,1
arises,1
borne,1
studied,1
inherent,1
sometime,1
link,1
farther,1
closer,1
scheme,1
onto,1
composition,1
characterizing,1
palatial,1
uncovered,1
religion,1
renfrew,1
expense,1
styles,1
graham,1
trida,1
embrace,1
cerro,1
vegetation,1
nm,1
swasey,1
floral,1
emphasized,1
precisely,1
reminiscent,1
towered,1
decreased,1
reading,1
ambiguous,1
declines,1
segregated,1
phjd,1
confused,1
antedated,1
asserting,1
debitage,1
triggered,1
depends,1
paleodemography,1
problematical,1
españa,1
partners,1
evaluation,1
side,1
proceed,1
madrid,1
méxico,1
plains,1
geologic,1
seibats,1
fortes,1
behavioral,1
owing,1
nn,1
pulled,1
bird,1
cakchiquel,1
gallareta,1
advice,1
wailed,1
celts,1
iv,1
gm,1
incorporate,1
draw,1
struggling,1
zur,1
gardens,1
politics,1
cooperation,1
fl,1
ball,1
cides,1
arcnaeoiogicai,1
reaching,1
congreso,1
speculation,1
flamboyant,1
plaque,1
insight,1
vital,1
fine,1
reconsidering,1
taking,1
stuay,1
allying,1
say,1
reflecting,1
chiapanec,1
tablets,1
temporada,1
pairs,1
selecting,1
fur,1
genetic,1
collapsethat,1
compares,1
temptation,1
trio,1
himself,1
sedation,1
denver,1
joyce,1
secondaiy,1
kops,1
sign,1
cultivation,1
housemoundsconstitute,1
genealogies,1
facets,1
ilopongo,1
factional,1
exposed,1
learned,1
implements,1
geschichte,1
goal,1
million,1
squash,1
centralized,1
includes,1
accessible,1
typological,1
swadesh,1
timber,1
proskouriakoff,1
chiefs,1
differential,1
cemeteries,1
usewhile,1
eras,1
relationships,1
doris,1
veracity,1
grijalva,1
ulmec,1
quickest,1
drastic,1
oy,1
reject,1
inevitable,1
run,1
church,1
diets,1
due,1
interior,1
municipios,1
assumes,1
terraces,1
reflection,1
characteristic,1
regarded,1
ability,1
mixed,1
decided,1
acta,1
consumer,1
jeremy,1
walter,1
works,1
co,1
discover,1
concentric,1
realization,1
employing,1
nobleza,1
emigration,1
overly,1
ruinai,1
nested,1
affairs,1
jog,1
big,1
mesopotamian,1
gaceta,1
wendy,1
ct,1
tohence,1
destroyed,1
sibling,1
bay,1
keep,1
cosas,1
ediciones,1
convincing,1
profound,1
amount,1
considerations,1
dzonot,1
unhesitatingly,1
ha,1
ithaca,1
tubes,1
columbia,1
boundary,1
served,1
caminos,1
suitable,1
egypt,1
bone,1
estimate,1
thin,1
alliances,1
explosions,1
geological,1
mul,1
imaginary,1
pueblo,1
gilbert,1
instruments,1
spite,1
tentatively,1
descriptive,1
pronounced,1
generation,1
southall,1
master,1
poorly,1
unused,1
untersuchungen,1
perfect,1
acrocomia,1
alabama,1
phases,1
higher,1
seibau,1
divergence,1
caves,1
opposed,1
poor,1
alive,1
healan,1
combs,1
alleged,1
manipulated,1
société,1
reflects,1
veiy,1
mcanany,1
predicted,1
bring,1
modeling,1
developed,1
cerài,1
dry,1
stop,1
remain,1
isomorphic,1
smoking,1
possession,1
forced,1
square,1
genuine,1
appreciation,1
borrowing,1
uninhabited,1
hie,1
capture,1
presentation,1
oasea,1
identity,1
kept,1
interruption,1
glifo,1
risk,1
coffee,1
lasted,1
locations,1
turn,1
talk,1
payson,1
calakmufs,1
ongoing,1
doubted,1
disintegration,1
aquatic,1
nos,1
lacking,1
mova,1
lorenzo,1
reassess,1
heralds,1
discoveries,1
feel,1
kingdoms,1
consequences,1
space,1
supposed,1
undertook,1
shell,1
thought,1
diccionario,1
category,1
favor,1
nor,1
temprano,1
monumental,1
coner,1
faleomdian,1
biased,1
civilizations,1
gonzales,1
consider,1
objects,1
sorts,1
established,1
imposing,1
retained,1
borrowed,1
organized,1
ashmore,1
bit,1
balam,1
contiguous,1
linked,1
proved,1
director,1
americanists,1
receiving,1
mary,1
fifth,1
contemporaries,1
recycling,1
sitio,1
periodically,1
communities,1
bridges,1
nouse,1
commented,1
benavides,1
exploited,1
heuer,1
encouragement,1
estrada,1
followed,1
notions,1
peninsula,1
modeled,1
altun,1
consequence,1
patterning,1
requires,1
lópez,1
udsidian,1
willing,1
maison,1
pozito,1
dominant,1
care,1
tu,1
calgary,1
neoevolutionism,1
appeals,1
uncritically,1
decades,1
drawing,1
oversized,1
advocated,1
hope,1
hot,1
viejo,1
nebraska,1
citiesfor,1
publishing,1
reflections,1
devoted,1
whereas,1
greater,1
pit,1
moving,1
humblest,1
came,1
herald,1
encourage,1
pursuits,1
ethnography,1
hexagonal,1
arrival,1
bearing,1
conflict,1
acknowledgments,1
kingship,1
warka,1
traditionally,1
choi,1
caveat,1
oliva,1
missouri,1
ering,1
changed,1
jn,1
iconographie,1
tepal,1
blufftop,1
carolina,1
depictions,1
salamá,1
str,1
deciphering,1
killion,1
interpretations,1
philosophical,1
base,1
princteon,1
tuions,1
autònoma,1
ganned,1
makeup,1
density,1
intensive,1
guatemalain,1
rebellious,1
further,1
fourth,1
outset,1
generalists,1
founder,1
library,1
though,1
exactly,1
placeby,1
sula,1
buried,1
war,1
block,1
msniuuun,1
dzibilchaltún,1
dirks,1
groundwork,1
fish,1
gone,1
amenable,1
cairo,1
albuaueraue,1
superstructures,1
rainforest,1
feudal,1
frog,1
source,1
paleopathology,1
expressions,1
ofluhic,1
technical,1
eyewitness,1
warriors,1
dower,1
chiapas,1
gatherers,1
throne,1
provincial,1
aliphat,1
gathering,1
network,1
matrices,1
uaxacturu,1
line,1
schortman,1
identification,1
rivera,1
egalitarian,1
putún,1
formerly,1
updated,1
restauración,1
eccentrics,1
residents,1
complejo,1
rainy,1
start,1
hang,1
cozumel,1
odds,1
unless,1
prominent,1
prompted,1
brought,1
nc,1
unexplained,1
occupants,1
su,1
yaxuná,1
matrix,1
juveniles,1
peraza,1
knowledge,1
apparent,1
calls,1
overlay,1
geddes,1
correctly,1
gualjoquito,1
moatsfor,1
positions,1
elizabeth,1
criticized,1
revista,1
whole,1
dynasties,1
overview,1
bottomland,1
describe,1
palynology,1
lattices,1
refined,1
rrodiems,1
policies,1
muralla,1
ixtutz,1
inferences,1
broad,1
climatic,1
plastered,1
concepto,1
expansionist,1
relevance,1
densely,1
aztec,1
tehuacán,1
participated,1
accede,1
perishable,1
rosario,1
interciencia,1
trios,1
pawnee,1
gómez,1
lifeways,1
scope,1
surrounding,1
complemented,1
floors,1
albuqueraue,1
hattula,1
believes,1
il,1
compact,1
realms,1
grupo,1
meddling,1
interpreted,1
breakdown,1
ethnicity,1
escalated,1
keystone,1
lithics,1
culbert,1
clearance,1
epiclassic,1
guard,1
uniqueness,1
oriental,1
depicting,1
picture,1
tough,1
creating,1
legacy,1
caused,1
tom,1
flanking,1
revolution,1
raiding,1
pointsurprise,1
tested,1
prefix,1
josé,1
box,1
politically,1
aenmuon,1
villagers,1
share,1
resultados,1
ethnobiology,1
emerging,1
ethnoprehistoire,1
oceans,1
summon,1
wink,1
autonomy,1
iithic,1
shapes,1
fictive,1
vuhproduced,1
highly,1
cacao,1
revealing,1
bottle,1
depression,1
industry,1
facility,1
pek,1
bellicose,1
vacuum,1
ancestors,1
alluvial,1
redefinition,1
jades,1
treasures,1
toronto,1
descendants,1
up,1
uniform,1
recientes,1
fortress,1
factionalism,1
dust,1
directionality,1
curso,1
enormously,1
provenance,1
undergoing,1
siberian,1
stationery,1
provided,1
displaced,1
fluted,1
landas,1
increments,1
salvadoran,1
eshnunna,1
deer,1
tkmaulipas,1
reducing,1
avoid,1
mogote,1
commensurate,1
cite,1
chronological,1
tuuc,1
critical,1
ruinas,1
limethe,1
stucco,1
horizons,1
halvesan,1
cristóbal,1
noteworthy,1
investigating,1
ceremonial,1
minor,1
advocate,1
matter,1
materials,1
various,1
patrilineality,1
inaugurated,1
scientific,1
statecraft,1
azulla,1
cessation,1
cngusn,1
masksone,1
mechanisms,1
synthesis,1
labeled,1
ttkal,1
enterred,1
play,1
cloud,1
corporation,1
address,1
onward,1
brief,1
islands,1
tabasco,1
albany,1
dawn,1
culver,1
academy,1
clasificación,1
july,1
insignia,1
sobre,1
estado,1
harry,1
says,1
indicates,1
manifest,1
ueiize,1
movement,1
atop,1
simultaneously,1
strategic,1
hold,1
crónica,1
innovation,1
selection,1
spectacular,1
biological,1
percentage,1
tikaps,1
zapotiian,1
robin,1
chronicle,1
collect,1
mayab,1
depicted,1
anticipates,1
propriate,1
relied,1
portrayed,1
fringe,1
reference,1
habitacional,1
push,1
rnu,1
happened,1
soon,1
evolved,1
muñeca,1
challenged,1
official,1
neither,1
chimuas,1
coeval,1
prisoners,1
participants,1
included,1
fringes,1
home,1
eminently,1
servelike,1
conveying,1
transformations,1
complete,1
emergent,1
lord,1
façades,1
performed,1
ed,1
words,1
belonging,1
already,1
negroman,1
insights,1
containing,1
tree,1
begins,1
hearth,1
speaking,1
tancah,1
frameworks,1
double,1
fill,1
volume,1
lavish,1
alteration,1
mound,1
stemmed,1
walled,1
goals,1
name,1
sinttquuy,1
nanaoook,1
implicación,1
harrison,1
implicaciones,1
subregions,1
ambergris,1
challenge,1
comparison,1
business,1
beads,1
mentions,1
palm,1
jrom,1
renewed,1
usurpers,1
locating,1
pointed,1
morley,1
hearths,1
iiithe,1
motifs,1
addition,1
residence,1
adobe,1
hail,1
analytical,1
vilma,1
cultivated,1
postclassica,1
locational,1
longer,1
twenty,1
admit,1
idea,1
valid,1
hollow,1
treatment,1
sensing,1
occurrence,1
carbonized,1
recurrent,1
náhuatl,1
mesoamenca,1
outthe,1
compound,1
appeared,1
depict,1
analysts,1
petexbatun,1
taxonomy,1
children,1
enable,1
really,1
habitat,1
isolate,1
richer,1
incorporation,1
nucleated,1
unnaturally,1
end,1
arthur,1
contemporary,1
considerable,1
man,1
wallets,1
dependencies,1
roof,1
serious,1
external,1
puzzling,1
never,1
outside,1
jaime,1
manos,1
cruz,1
keys,1
road,1
tertiary,1
secular,1
derivation,1
phytoliths,1
continuing,1
developing,1
investment,1
apthe,1
empire,1
execution,1
shared,1
kichpanha,1
tell,1
necessary,1
exotic,1
practice,1
extolling,1
ethnozoology,1
volatile,1
couple,1
swing,1
matheny,1
nueva,1
native,1
discard,1
counset,1
impoverished,1
distance,1
peripheiy,1
gives,1
counterpart,1
acquire,1
wood,1
tarty,1
northerly,1
realize,1
lintels,1
ecology,1
reminds,1
remained,1
violent,1
bulletin,1
organize,1
interpreting,1
cay,1
miradoras,1
simon,1
disagreements,1
fundamentally,1
bar,1
remote,1
private,1
referred,1
programa,1
nutrition,1
situated,1
vast,1
campaigns,1
robertson,1
success,1
migrated,1
thanks,1
assemblages,1
explanation,1
ios,1
accompanying,1
implicated,1
maritime,1
locate,1
slaves,1
extrapolated,1
formal,1
giles,1
manufactured,1
recovery,1
sufficiently,1
contacts,1
troughs,1
pulsating,1
utatlánto,1
ruling,1
usurped,1
worship,1
cheny,1
personnel,1
concern,1
top,1
topoxté,1
aistnoutionai,1
waste,1
hypotheses,1
persisted,1
residues,1
ropoi,1
postgate,1
emphasize,1
causes,1
nude,1
overcoming,1
products,1
chontal,1
seenthe,1
lobil,1
ethnic,1
clásico,1
lineagesone,1
marcos,1
nothing,1
soconusco,1
previous,1
deforestation,1
colossus,1
office,1
stayed,1
uruk,1
theoretical,1
continuities,1
vii,1
militaristic,1
significance,1
explorations,1
stelae,1
copam,1
royalty,1
remaining,1
lacustrine,1
comprehensive,1
peripheral,1
language,1
urbanism,1
profession,1
lakes,1
decorated,1
peter,1
maintenance,1
chultuns,1
arroyo,1
myopic,1
worn,1
august,1
mississippian,1
barb,1
citv,1
symposium,1
fragments,1
characterized,1
supplying,1
ny,1
function,1
summer,1
him,1
significados,1
cache,1
played,1
collected,1
stresses,1
mountain,1
shortly,1
américanistes,1
running,1
interacted,1
theocratic,1
black,1
fred,1
provides,1
permitting,1
polygon,1
xucatan,1
skull,1
oxbow,1
decide,1
paleo,1
uly,1
graves,1
spondylus,1
internal,1
manatee,1
date,1
trying,1
elaborate,1
parallel,1
chetumal,1
repon,1
hastily,1
domínguez,1
enabled,1
sacrificios,1
contact,1
körnchen,1
displayed,1
deliberate,1
mesoamerkanas,1
effect,1
patrimony,1
james,1
gobernante,1
hunters,1
differ,1
cacne,1
temprana,1
felling,1
balakbal,1
terracing,1
oscillations,1
workshop,1
staff,1
versus,1
saw,1
studiesi,1
jerry,1
governor,1
conquista,1
darts,1
mortality,1
centre,1
sole,1
widely,1
justice,1
attended,1
clusters,1
annex,1
necks,1
smaller,1
eneland,1
bravo,1
enough,1
things,1
tempo,1
defensible,1
azups,1
cassie,1
iran,1
entail,1
applications,1
modification,1
aid,1
abundance,1
veneration,1
grammar,1
belonged,1
equals,1
gruhn,1
volcanism,1
lot,1
independent,1
unstratffied,1
bulk,1
usually,1
linda,1
foreign,1
impressive,1
precursor,1
claimed,1
pieces,1
plans,1
hill,1
leery,1
begin,1
contraction,1
florescence,1
fewer,1
remotely,1
male,1
primarily,1
slow,1
becomes,1
investigators,1
topoxte,1
transformed,1
translation,1
lhuillier,1
playa,1
curation,1
effectively,1
dirt,1
lives,1
originated,1
recognize,1
rapidly,1
whereby,1
similarities,1
indicate,1
length,1
successor,1
sharp,1
cooke,1
causeways,1
achieve,1
geoff,1
mexicanization,1
identificación,1
kings,1
irom,1
education,1
supporting,1
tigre,1
exists,1
face,1
unusual,1
althoughas,1
heather,1
hieroglyphenplattform,1
bad,1
kiver,1
rises,1
cambodge,1
distributional,1
founders,1
tjxavauons,1
realignments,1
nacional,1
stronghold,1
dissertation,1
areal,1
wars,1
magnitude,1
protracted,1
ayala,1
oxkintok,1
dispersed,1
lessons,1
antecedent,1
preface,1
dishes,1
lattice,1
hammocks,1
version,1
incorporated,1
deep,1
complexes,1
bulging,1
carapaces,1
rosetta,1
ever,1
scarcely,1
thiessen,1
invoked,1
peeling,1
hydration,1
corozalseems,1
summit,1
tranchei,1
frieze,1
exacted,1
nahua,1
jaguars,1
reconnaissance,1
fortification,1
occupational,1
rocky,1
secession,1
dedicatory,1
command,1
geoarchaeology,1
gran,1
nahuatlized,1
carbon,1
preclásica,1
metropolitan,1
milieu,1
defining,1
colonization,1
región,1
sure,1
descent,1
cemetery,1
dzibilchaltun,1
cultures,1
lying,1
duncan,1
mallory,1
nets,1
unknown,1
prominence,1
appendix,1
volcano,1
acrópolis,1
ph,1
half,1
cyclical,1
subsurface,1
ju,1
regard,1
allied,1
pigment,1
post,1
feed,1
eventually,1
misión,1
patrimonio,1
anness,1
ethnologie,1
infer,1
written,1
pollock,1
resto,1
going,1
quetzalcoatl,1
housemounds,1
atlatl,1
prospects,1
rural,1
proposed,1
scores,1
tunnels,1
lending,1
table,1
hint,1
lf,1
animal,1
beginning,1
sexual,1
dorie,1
altars,1
btudes,1
explanations,1
dominate,1
march,1
combined,1
spatial,1
whether,1
volcanic,1
emes,1
means,1
stability,1
gradually,1
woefully,1
want,1
lane,1
nunnery,1
nearby,1
mahogany,1
boast,1
cauinal,1
cahokia,1
pech,1
covers,1
thirteenththrough,1
map,1
shall,1
fanners,1
caiakmul,1
extent,1
surveying,1
transaction,1
preliminares,1
densities,1
her,1
prudence,1
foundations,1
shnnes,1
lommunuy,1
nortnem,1
oo,1
almost,1
dedication,1
prevent,1
municipio,1
des,1
unreasonable,1
leyden,1
bob,1
socioeconomic,1
nj,1
bodies,1
paintings,1
uniting,1
john,1
occasionally,1
son,1
careful,1
paradise,1
recognition,1
ruled,1
ill,1
evon,1
respect,1
extending,1
despite,1
standoff,1
pat,1
diachronie,1
easy,1
variability,1
convinced,1
african,1
acropois,1
waning,1
predecessors,1
die,1
subject,1
microwcar,1
histoiy,1
commissioned,1
poised,1
regularities,1
misidentification,1
rower,1
resistance,1
arguments,1
connotation,1
discussion,1
unitary,1
resourceful,1
mention,1
maintained,1
da,1
btyle,1
autónoma,1
unifaces,1
strong,1
unwise,1
nov,1
bunals,1
portón,1
analogy,1
named,1
false,1
layers,1
staffs,1
underworld,1
survival,1
commercial,1
argument,1
negro,1
signos,1
chertbearing,1
ignored,1
cas,1
disappear,1
disposal,1
lemple,1
epochs,1
initiated,1
illinois,1
camps,1
frame,1
beings,1
finally,1
accept,1
mode,1
completed,1
crisis,1
value,1
cassandra,1
parallels,1
revolves,1
product,1
instead,1
quingua,1
tobler,1
proceeding,1
wcstview,1
cobble,1
agree,1
unaffected,1
sacrificial,1
makers,1
lincoln,1
asked,1
you,1
piece,1
ifenninal,1
defined,1
radiocarthe,1
off,1
housesrepresented,1
philosophy,1
horizonte,1
tripped,1
oldest,1
typology,1
francisco,1
association,1
zapotitán,1
petén,1
stratified,1
searching,1
dynastischen,1
cobá,1
removing,1
ninth,1
seventeenth,1
elites,1
headed,1
nucleation,1
sectors,1
vary,1
chicago,1
thirdand,1
agrees,1
debate,1
rethought,1
x,1
gainesville,1
views,1
substantial,1
exclusively,1
mutilated,1
characters,1
develop,1
divergent,1
treating,1
taylor,1
networks,1
albatross,1
alberta,1
pulling,1
building,1
mock,1
subordinates,1
butes,1
customs,1
wilk,1
gourd,1
valdez,1
astronómica,1
bundles,1
polito,1
continuously,1
hypothesis,1
