WORDCOUNTS,WEIGHT
and,1182
the,1003
of,999
in,709
maya,422
a,311
ancient,230
to,202
at,179
household,177
classic,159
pp,156
university,142
d,141
j,133
s,126
as,125
from,118
archaeology,116
that,102
on,101
m,96
royal,94
l,93
new,93
studies,88
p,84
r,83
social,83
for,80
were,73
their,72
et,66
archaeological,66
households,66
with,66
have,65
american,62
w,61
are,60
an,57
c,56
cerén,53
people,53
gender,52
this,46
is,46
t,45
e,44
ritual,44
de,44
belize,43
noble,43
settlement,41
society,41
community,41
k,41
central,40
how,40
research,38
courts,37
or,37
political,36
through,36
texas,35
by,35
among,35
mesoamerica,34
understanding,34
mexico,34
journal,32
late,32
which,32
village,31
i,31
commoner,31
women,30
production,30
antiquity,30
latin,29
data,29
directions,29
domestic,29
evidence,29
recent,29
within,28
has,28
houses,28
was,28
study,27
these,27
h,26
archaeologists,26
organization,26
n,26
commoners,26
b,26
utah,25
work,25
power,25
lake,25
salt,25
can,25
before,24
agriculture,24
house,24
period,24
not,24
between,24
be,24
valley,24
other,23
g,23
f,23
economic,23
guatemala,23
volcano,23
department,22
agricultural,22
all,21
case,21
diversity,21
relations,21
mesoamerican,21
communities,21
members,21
more,21
areas,21
group,20
westview,20
important,20
smithsonian,20
use,20
structure,20
institution,20
area,20
groups,19
resource,19
lowland,19
residential,19
one,19
perspectives,19
volume,19
local,19
been,19
who,19
terminal,19
roles,19
residences,18
into,18
human,18
field,18
activities,18
san,18
identity,18
material,18
center,17
tx,17
such,17
may,17
status,17
also,17
la,17
past,17
phd,17
our,17
interaction,17
broader,17
it,16
prehispanic,16
architecture,16
two,16
they,15
settlements,15
history,15
analyses,15
el,15
no,15
lives,15
could,15
centers,15
world,15
anthropologist,15
anthropology,15
both,15
role,15
court,14
bones,14
some,14
than,14
chan,14
had,14
prehistoric,14
societies,14
interpretations,14
nobles,14
dumbarton,14
managed,14
copan,14
patterns,14
range,14
life,14
particularly,14
spatial,14
meaning,13
complex,13
lowlands,13
illustrate,13
perspective,13
most,13
beyond,13
population,13
soil,13
many,13
reconstructing,13
function,13
northern,13
understand,13
often,13
analysis,13
anthropological,13
honduras,12
there,12
mexicon,12
excavations,12
dc,12
used,12
robin,12
where,12
elite,12
three,12
architectural,12
construction,12
did,12
early,12
ca,12
o,11
activity,11
importance,11
productive,11
river,11
upper,11
tikal,11
residents,11
us,11
but,11
v,11
salvador,11
theoretical,11
any,11
what,11
urban,11
press,11
focus,11
images,11
paper,10
america,10
review,10
fig,10
active,10
monumental,10
lived,10
well,10
sites,10
los,10
regional,10
practices,10
interactions,10
about,10
mayab,10
precolumbian,10
pennsylvania,10
walling,10
royalty,10
we,10
provide,10
associated,10
living,10
inomata,10
families,10
chemical,10
although,10
remains,10
excavation,9
walnut,9
implications,9
able,9
state,9
piedras,9
labor,9
developments,9
even,9
space,9
webster,9
artifacts,9
its,9
during,9
structures,9
civic,9
annual,9
provided,9
critical,9
southern,9
ulua,9
ceramic,9
food,9
men,9
craft,9
ordinary,9
different,9
places,9
economy,9
multiple,9
now,8
introduction,8
greater,8
thus,8
differences,8
politics,8
development,8
z,8
york,8
developed,8
issues,8
around,8
joyce,8
larger,8
outside,8
everyday,8
see,8
cambridge,8
nòohol,8
exchange,8
attention,8
nobility,8
rural,8
distribution,8
formation,8
land,8
altamira,7
created,7
taken,7
cerro,7
investigations,7
economies,7
centralized,7
throughout,7
site,7
en,7
prehistory,7
show,7
humblest,7
based,7
farmsteads,7
mcanany,7
hendon,7
public,7
because,7
del,7
place,7
showing,7
presented,7
up,7
moved,7
led,7
identified,7
comparative,7
indicates,7
ethnographic,7
only,7
daily,7
end,7
feasting,7
contemporary,7
do,7
model,7
farmers,7
practice,7
polities,7
made,7
like,7
lines,7
rapidly,7
control,7
expanding,7
leaders,7
region,7
naco,7
historical,7
feminist,7
form,7
theory,7
while,7
institute,7
suggests,7
spaces,7
city,7
using,7
london,7
models,7
dos,7
entities,6
view,6
western,6
room,6
nm,6
key,6
ma,6
neighborhoods,6
civilization,6
recognized,6
similar,6
ceramics,6
record,6
drawing,6
diet,6
oklahoma,6
cultural,6
artifact,6
buildings,6
bone,6
ancestors,6
xunantunich,6
passive,6
knowledge,6
indeed,6
located,6
constraints,6
interpretation,6
culture,6
insights,6
rise,6
residence,6
time,6
less,6
caracol,6
hieroglyphic,6
harvard,6
processes,6
washington,6
landscapes,6
co,6
would,6
systems,6
note,6
stable,6
presence,6
current,6
cities,6
extent,6
art,6
level,6
shown,6
numerous,6
texts,6
abandoned,6
north,6
meeting,6
stone,5
approaches,5
highlight,5
puuc,5
products,5
sacred,5
those,5
california,5
discrete,5
x,5
identities,5
collapse,5
ut,5
ability,5
given,5
philadelphia,5
played,5
without,5
his,5
across,5
burials,5
specialization,5
just,5
articulated,5
hinterland,5
skilled,5
yucatán,5
persons,5
isotope,5
memory,5
teotihuacan,5
part,5
survey,5
change,5
interregional,5
involved,5
results,5
small,5
units,5
smyth,5
garden,5
expanded,5
structural,5
southeast,5
rosario,5
inhabitants,5
others,5
similarly,5
complementary,5
beliefs,5
farming,5
discussed,5
landscape,5
paleoethnobotanical,5
number,5
another,5
technologies,5
rulers,5
assemblages,5
publication,5
high,5
article,5
pyburn,5
palenque,5
dimensions,5
quite,5
fall,5
types,5
strategies,5
angeles,5
manifesting,5
simply,5
physical,5
perhaps,5
drew,5
combined,5
unique,5
terms,5
particular,5
studying,5
universe,5
socioeconomic,5
variability,5
writing,5
locations,5
illinois,5
folan,5
southeastern,5
colleagues,5
defined,5
increased,5
km,5
create,5
northwestern,5
uk,5
wilk,5
difficult,4
kah,4
large,4
ana,4
agency,4
ways,4
occurred,4
inequality,4
contexts,4
first,4
certainly,4
interests,4
leading,4
agrarian,4
assess,4
together,4
great,4
peopling,4
dd,4
west,4
taking,4
dynamic,4
segregation,4
representations,4
since,4
illustrates,4
domain,4
jr,4
century,4
arena,4
look,4
ok,4
affiliations,4
identification,4
portrayed,4
levels,4
una,4
certain,4
lorenzo,4
changes,4
nor,4
organized,4
ashmore,4
lithic,4
undertaken,4
lead,4
called,4
initial,4
academic,4
neighboring,4
acropolis,4
burial,4
tools,4
produced,4
aspects,4
competing,4
documented,4
trends,4
peopled,4
dunning,4
few,4
majority,4
preliminary,4
suggest,4
periods,4
will,4
exterior,4
absence,4
various,4
chase,4
play,4
experiences,4
inhabited,4
museum,4
continuity,4
palaces,4
al,4
water,4
whittington,4
documents,4
external,4
chawak,4
diets,4
upon,4
postclassic,4
including,4
individuals,4
open,4
meanings,4
individual,4
methodological,4
so,4
static,4
administrative,4
preservation,4
agave,4
hierarchical,4
terracing,4
separate,4
me,4
science,4
spindle,4
recognize,4
indicate,4
mounds,4
complexity,4
extensive,4
specialized,4
linked,4
distinctive,4
las,4
thompson,4
cloth,4
when,4
preserved,4
question,4
states,4
ciudad,4
integration,4
tourtellot,4
potential,4
resources,4
themselves,4
elites,4
develop,4
much,4
heterogeneous,4
mortuary,3
isotopie,3
way,3
if,3
corporate,3
preclassic,3
represent,3
sphere,3
likely,3
walker,3
ethnoarchaeological,3
uses,3
peten,3
either,3
long,3
nature,3
link,3
reproduction,3
help,3
blackwell,3
concepts,3
ad,3
system,3
british,3
evaluation,3
occasional,3
constraint,3
sepulturas,3
gardens,3
estudios,3
international,3
establishment,3
collection,3
accessible,3
comprised,3
distinct,3
ct,3
back,3
body,3
left,3
schortman,3
memoir,3
critique,3
rather,3
rio,3
proceedings,3
johnston,3
environments,3
derived,3
az,3
peabody,3
drainage,3
intensive,3
section,3
textile,3
powerful,3
ponce,3
problems,3
method,3
española,3
opening,3
moving,3
my,3
location,3
found,3
cuyumapa,3
out,3
economics,3
symbolically,3
term,3
intensity,3
cannot,3
applied,3
depictions,3
basis,3
distinguish,3
tool,3
invisible,3
future,3
discusses,3
symbolism,3
actors,3
whole,3
middle,3
personal,3
il,3
realms,3
preparation,3
hidden,3
working,3
interacting,3
emerging,3
highly,3
visible,3
articulation,3
ot,3
gillespie,3
south,3
ceremonial,3
scientific,3
populations,3
expansion,3
manipulate,3
landless,3
operation,3
formative,3
make,3
americana,3
domination,3
hester,3
permission,3
nonlocal,3
sex,3
technology,3
neither,3
conventionalized,3
wright,3
largest,3
illustrated,3
noted,3
worldviews,3
disciplinary,3
spatially,3
challenge,3
scholars,3
abilities,3
plan,3
children,3
diverse,3
omitted,3
figurines,3
variation,3
never,3
took,3
clusters,3
answer,3
focusing,3
woman,3
ecology,3
demonstrated,3
interrelated,3
greatest,3
nutrition,3
discussion,3
tulane,3
crafts,3
significant,3
willey,3
full,3
weaving,3
clear,3
peripheral,3
interpret,3
divisions,3
plant,3
distinction,3
gerry,3
provides,3
behind,3
internal,3
domínguez,3
probably,3
equivalent,3
y,3
connections,3
pottery,3
sociopolitical,3
cultura,3
brown,3
dietary,3
oxford,3
seasons,3
negotiations,3
relationship,3
río,3
domains,3
testing,3
pieces,3
male,3
contrast,3
seen,3
yale,3
transformation,3
examine,3
polychrome,3
yaeger,3
interpretive,3
environment,3
changing,3
incorporated,3
cotsen,3
palace,3
membership,3
microscale,3
defining,3
over,3
each,3
innovations,3
seem,3
iglesias,3
report,3
ideological,3
far,3
cultivation,3
sexual,3
whether,3
thames,3
periphery,3
explored,3
revista,3
researchers,3
became,3
sheets,3
manufacturing,3
define,3
constructed,3
effects,3
peripheries,3
comparison,3
removed,3
aguateca,3
traditional,3
built,3
arizona,3
paleoethnobotany,2
does,2
common,2
later,2
indicated,2
functional,2
investigaciones,2
royals,2
berkeley,2
environmental,2
mountains,2
manuscript,2
needed,2
boca,2
identify,2
rogers,2
uniquely,2
sets,2
di,2
rollte,2
modern,2
position,2
cycles,2
behavior,2
descriptions,2
source,2
amongst,2
test,2
being,2
sources,2
reconstructions,2
creation,2
localities,2
forcibly,2
sustainable,2
definition,2
heirlooms,2
outdoor,2
eruption,2
tradition,2
explores,2
broadly,2
thank,2
compounds,2
rich,2
substantive,2
mexicana,2
carnegie,2
take,2
stand,2
papers,2
task,2
stereotype,2
vol,2
possible,2
marked,2
fl,2
ball,2
insight,2
fine,2
pasión,2
lentz,2
pinnacles,2
bowls,2
along,2
constrained,2
warfare,2
iron,2
españiola,2
debris,2
análisis,2
affiliation,2
consecrate,2
relationships,2
dynamics,2
consumed,2
barton,2
due,2
simmons,2
interest,2
neighbors,2
bridging,2
montmollin,2
santa,2
heightened,2
materially,2
engendering,2
cases,2
wendy,2
garber,2
immigrants,2
document,2
paleodiet,2
subjects,2
reyna,2
highest,2
databases,2
whorls,2
competition,2
storage,2
untethered,2
yi,2
nuanced,2
claude,2
walls,2
alabama,2
epicentral,2
simultaneously,2
manipulated,2
essential,2
precincts,2
growth,2
cleaned,2
edward,2
basic,2
underclass,2
appreciation,2
lohse,2
phosphate,2
opportunity,2
kaminaljuyú,2
after,2
supplement,2
leave,2
direct,2
signatures,2
í,2
distant,2
white,2
consequences,2
means,2
elements,2
servants,2
objects,2
image,2
peasant,2
clearly,2
producers,2
elevated,2
aly,2
arqueología,2
argued,2
operate,2
surface,2
altun,2
exploitation,2
plenum,2
essays,2
providing,2
salient,2
appear,2
descriptive,2
allow,2
here,2
erosion,2
chipped,2
savagery,2
sowing,2
rooms,2
spinning,2
density,2
further,2
equally,2
focused,2
buried,2
recently,2
cardinal,2
scale,2
wealth,2
exploration,2
wide,2
postconquest,2
throne,2
having,2
participation,2
revealed,2
inferred,2
planning,2
skeletons,2
received,2
blue,2
concept,2
thoughts,2
roslhwf,2
literature,2
realm,2
database,2
jai,2
pyramid,2
increasingly,2
rituals,2
ethnohistoric,2
surrounding,2
floors,2
differentially,2
stanford,2
own,2
polity,2
chemistry,2
regions,2
near,2
ratios,2
wi,2
trading,2
cultivating,2
feasts,2
lords,2
family,2
archaeologies,2
eighth,2
margarita,2
pyrite,2
breaking,2
dramatic,2
decline,2
differing,2
seeds,2
core,2
always,2
generally,2
progress,2
antiauity,2
pa,2
rowman,2
sitio,2
repeople,2
gordon,2
geographical,2
tombs,2
highlights,2
arrangement,2
bringing,2
estevan,2
littlefield,2
separation,2
short,2
wetland,2
female,2
death,2
reorganization,2
still,2
manifest,2
initially,2
decisions,2
innovation,2
single,2
postulate,2
depicted,2
pacific,2
distinguishing,2
edited,2
antiquarian,2
consuming,2
unidirectional,2
god,2
termination,2
missing,2
home,2
complete,2
same,2
inferences,2
floor,2
pole,2
weavers,2
negras,2
ambergris,2
stronger,2
mighty,2
towards,2
demographic,2
analytical,2
debates,2
pattern,2
anne,2
forms,2
antropologia,2
adjacent,2
mayanists,2
joya,2
developing,2
ntual,2
empire,2
hinterlands,2
subfield,2
governance,2
shifts,2
meetings,2
meaningful,2
investment,2
examples,2
considering,2
tikats,2
bodega,2
previously,2
contacts,2
mosaic,2
skeletal,2
findings,2
empirical,2
expression,2
combining,2
neighborhood,2
residues,2
collaborative,2
sequence,2
questions,2
examination,2
previous,2
theories,2
ties,2
reality,2
authors,2
health,2
held,2
citv,2
characterized,2
division,2
mathews,2
evolutionary,2
methods,2
relation,2
narrow,2
crc,2
materialized,2
yucatec,2
examines,2
enamel,2
bravo,2
today,2
independent,2
crucial,2
ideology,2
program,2
institutions,2
monuments,2
detailed,2
curation,2
clásico,2
quiligua,2
interplay,2
linking,2
kings,2
face,2
uso,2
paying,2
bergin,2
investigate,2
sociedad,2
distributional,2
burned,2
abandonment,2
then,2
biology,2
singular,2
following,2
series,2
economically,2
cayo,2
symbolic,2
precise,2
organizational,2
alternative,2
macroartifact,2
colorado,2
know,2
partitioning,2
natural,2
aproximaciones,2
scientist,2
ancestor,2
east,2
project,2
incorporating,2
ubiquitous,2
iii,2
goods,2
associations,2
examining,2
type,2
porotic,2
exposing,2
stability,2
making,2
ecofact,2
conclusion,2
map,2
her,2
foundations,2
information,2
scenarios,2
dedication,2
morales,2
size,2
peoples,2
outlying,2
kin,2
despite,2
cozumel,2
exploring,2
techniques,2
assumptions,2
arguments,2
divided,2
aspect,2
varied,2
contrasts,2
come,2
understandings,2
difference,2
wielded,2
stratification,2
course,2
joined,2
americas,2
include,2
typically,2
socially,2
need,2
green,2
involving,2
off,2
summary,2
mccafferty,2
anonymous,2
transcripts,2
modeling,2
reconsidering,2
distinctions,2
thrones,2
commodity,2
chicago,2
patricia,2
norman,2
views,2
technological,2
interdisciplinarias,2
building,2
indicating,2
close,2
cited,2
major,2
hyperostosis,2
nousenoia,1
intimately,1
unresearch,1
rchaeological,1
transportation,1
currently,1
provisioning,1
encountering,1
replacing,1
después,1
limits,1
tcology,1
edge,1
jewels,1
horizontal,1
conflicting,1
courtly,1
fertile,1
garcía,1
santley,1
expand,1
scholar,1
snapshot,1
coba,1
engendered,1
quiriguá,1
asked,1
entombed,1
extend,1
expedition,1
resulted,1
college,1
thrown,1
northeast,1
red,1
diane,1
alone,1
durante,1
ultimate,1
celebrate,1
berlin,1
systemic,1
bottomup,1
multielement,1
rolled,1
becoming,1
louisville,1
barricade,1
nested,1
perpetuate,1
hieroglyphls,1
hosted,1
robfai,1
colonization,1
designed,1
maize,1
artistic,1
word,1
remind,1
authority,1
specialist,1
true,1
solidarity,1
buenavista,1
subregional,1
investigating,1
sudden,1
chichen,1
postprocessual,1
paradigms,1
conscious,1
ms,1
arlen,1
tied,1
overlook,1
prentice,1
committee,1
potentials,1
classify,1
unlike,1
holding,1
assisted,1
revered,1
opens,1
viewpoints,1
rosemary,1
revision,1
controlled,1
polloi,1
entourage,1
contact,1
pilas,1
cutting,1
fúuy,1
lower,1
lying,1
member,1
december,1
hopi,1
transitions,1
althugh,1
wallerstein,1
coalesced,1
please,1
beiice,1
reservoirs,1
isla,1
universitv,1
chonchón,1
nonpublic,1
exclusive,1
commingled,1
ii,1
attempts,1
military,1
estate,1
monumentos,1
might,1
address,1
musical,1
rita,1
season,1
watersheds,1
utilization,1
articulate,1
promoting,1
worked,1
discerned,1
knowing,1
seems,1
delineation,1
principles,1
height,1
available,1
triadic,1
packed,1
broken,1
takeshi,1
undertake,1
sociality,1
accumulated,1
normative,1
supernatural,1
yy,1
ofchaa,1
government,1
lumped,1
kingship,1
composition,1
procedure,1
fiberrelated,1
connection,1
habitacional,1
real,1
estrada,1
corozal,1
integrate,1
tint,1
skull,1
emphasized,1
situ,1
principal,1
reworking,1
lamanai,1
platforms,1
thirdwave,1
discipline,1
civica,1
attempted,1
context,1
contents,1
similarities,1
producing,1
epistemological,1
wa,1
documenting,1
con,1
forum,1
generosity,1
dancing,1
predetermine,1
méxico,1
existence,1
sophisticated,1
thatch,1
attacked,1
nn,1
king,1
capacity,1
advice,1
primary,1
u,1
iv,1
masked,1
demography,1
value,1
discuss,1
geophysical,1
victims,1
reanalysis,1
reminder,1
discrepancies,1
prior,1
determined,1
soils,1
decoradas,1
reaction,1
mutual,1
datasets,1
bibliography,1
dinner,1
obvious,1
arenas,1
austin,1
apart,1
point,1
voicing,1
ansiedelungen,1
chart,1
fernández,1
reconstruction,1
yf,1
dirty,1
correlation,1
mesoamencan,1
interact,1
identifies,1
sweatbaths,1
internationally,1
evaluating,1
genealogies,1
overlapping,1
surplus,1
factional,1
stress,1
witchcraft,1
bnimfiel,1
regarding,1
vl,1
homage,1
lara,1
outbrroom,1
uxmal,1
economía,1
historically,1
grijalva,1
quintana,1
dobres,1
swjg,1
run,1
españíola,1
against,1
analyzing,1
arcahaeology,1
habitacionales,1
unpublished,1
jester,1
quadripartite,1
lectures,1
reflection,1
relatively,1
basal,1
concentrations,1
gendered,1
ethnobotanical,1
attested,1
highlighting,1
price,1
application,1
tfie,1
overt,1
emerges,1
assessment,1
theorized,1
rooted,1
sample,1
menor,1
privilege,1
gauged,1
ai,1
turn,1
estimates,1
sanders,1
clay,1
lowstatus,1
nondomesticated,1
clark,1
heterarchical,1
bay,1
robb,1
archaeobotanical,1
refer,1
amount,1
bloody,1
smallholders,1
plank,1
consumer,1
columbia,1
concert,1
six,1
agents,1
young,1
itza,1
alkaline,1
arranged,1
third,1
criterion,1
truly,1
publications,1
lahokias,1
networks,1
ih,1
paleoliminological,1
nondomestic,1
geological,1
archaeologist,1
chichén,1
gilbert,1
island,1
echelons,1
certaily,1
communication,1
constructs,1
festivals,1
details,1
netting,1
cosmic,1
ignore,1
ueren,1
altars,1
subversion,1
stanley,1
rientify,1
poorly,1
crossroads,1
industries,1
posited,1
lesser,1
media,1
weapons,1
dignitaries,1
poor,1
ruins,1
acculturation,1
sector,1
aborigines,1
diviners,1
recovers,1
town,1
urbani,1
youthful,1
predicted,1
transformations,1
pit,1
bring,1
main,1
sensing,1
notable,1
stresses,1
remain,1
mountain,1
organizing,1
unit,1
reference,1
becker,1
untangling,1
notion,1
process,1
subsistence,1
remote,1
mean,1
comparable,1
conceptions,1
punto,1
goes,1
maccormack,1
arrangements,1
determining,1
opportunities,1
reworked,1
demarcating,1
inordinately,1
eight,1
grondwork,1
unidades,1
loma,1
baselines,1
grew,1
antemortem,1
boone,1
contributions,1
institutionalized,1
special,1
antiquitx,1
creek,1
symbols,1
stein,1
lay,1
uassic,1
awareness,1
animals,1
overlooked,1
cueva,1
scattered,1
insubstantial,1
addressing,1
slope,1
osteological,1
soul,1
references,1
tooth,1
actual,1
copán,1
facilitated,1
old,1
ensure,1
interdependence,1
postmodern,1
depersonalized,1
locally,1
possibly,1
forensic,1
established,1
familiar,1
pertinent,1
yellow,1
emergence,1
elsewhere,1
impact,1
dominate,1
gradually,1
displays,1
hierarchically,1
restricted,1
reviewed,1
phosphorus,1
exemplify,1
repudiating,1
umbrella,1
four,1
acceptance,1
inferable,1
benavides,1
additional,1
origins,1
lntersite,1
tikala,1
linkage,1
ornament,1
comprising,1
testament,1
robii,1
intentional,1
rëfëgi,1
terminology,1
reconsideration,1
permanent,1
dominant,1
care,1
constitution,1
lucero,1
antecedents,1
isotopes,1
dynastic,1
caches,1
dependency,1
editing,1
bonampak,1
waterhole,1
chester,1
iconography,1
mayas,1
investigadores,1
marshall,1
ei,1
kuchteel,1
whereas,1
diachronic,1
talking,1
yielding,1
expressed,1
result,1
ppt,1
cynthia,1
ga,1
lópez,1
very,1
histories,1
ljthic,1
acknowledgments,1
demise,1
entering,1
faunal,1
color,1
strength,1
joy,1
combinations,1
craftspeople,1
relating,1
renderings,1
foreground,1
behavioral,1
seven,1
deal,1
paleodietary,1
microwcar,1
shared,1
rebirth,1
facilitate,1
residencial,1
relate,1
sight,1
donaghey,1
emerge,1
deciphering,1
possibility,1
killion,1
roben,1
integración,1
base,1
upscale,1
yaxuna,1
ethnographer,1
evaluate,1
conversed,1
planeación,1
materiality,1
kinship,1
occupation,1
understood,1
antropología,1
polishing,1
reviews,1
caldera,1
bore,1
ceno,1
viewed,1
barrientos,1
aqd,1
monograph,1
placed,1
dna,1
albuaueraue,1
ford,1
dan,1
universidad,1
zapotee,1
negotiated,1
sacrifice,1
paleopathology,1
expressions,1
huge,1
kitchen,1
jim,1
claassen,1
hierarchies,1
gained,1
directly,1
keeping,1
flannery,1
unequal,1
trachypogon,1
network,1
perpetuated,1
degrees,1
schele,1
bc,1
yalahau,1
peasantry,1
terrace,1
comprises,1
protein,1
clean,1
heart,1
atomized,1
julia,1
distinctively,1
prompted,1
brought,1
characterization,1
murals,1
materialize,1
nohmul,1
thomson,1
tzukub,1
deceased,1
unfinished,1
posmoleí,1
maguey,1
indigenous,1
patterning,1
pasts,1
tenure,1
marketplace,1
sociedades,1
mesnamerica,1
colha,1
loss,1
year,1
dynasties,1
describe,1
fit,1
fail,1
northwest,1
obscured,1
overtly,1
expansive,1
broad,1
unidad,1
collective,1
eigth,1
mn,1
densely,1
actually,1
oaks,1
calakmul,1
dog,1
lifeways,1
focuses,1
monkey,1
haven,1
compact,1
sudeste,1
interpreted,1
gustafson,1
conform,1
challenging,1
heuristic,1
approach,1
manipulation,1
refuse,1
errors,1
bodies,1
earth,1
aided,1
depositional,1
evening,1
multiplicity,1
published,1
computer,1
construct,1
esteem,1
useful,1
lowest,1
laborious,1
theoretically,1
things,1
wards,1
prevalence,1
indicators,1
accomodate,1
espacio,1
multitude,1
rutgers,1
gonlin,1
arbitrary,1
embocadero,1
every,1
divination,1
calling,1
wadsworth,1
canuto,1
kluwer,1
nutritional,1
popenoe,1
separately,1
workshops,1
migration,1
wider,1
ñom,1
revealing,1
bridge,1
significantly,1
offering,1
prestate,1
thereby,1
paisaje,1
peak,1
climate,1
dynastie,1
villages,1
potent,1
impossible,1
degradation,1
eleborate,1
strontium,1
ek,1
scott,1
cosmology,1
recientes,1
specializations,1
plumosus,1
reconstruyendo,1
matured,1
reflected,1
regal,1
example,1
directional,1
robèn,1
artistry,1
fiber,1
seemed,1
ruinas,1
ratte,1
processual,1
tasks,1
he,1
yaxchilana,1
second,1
sovereign,1
macroartifacts,1
situation,1
business,1
fly,1
groundstone,1
chombitos,1
variety,1
vanderbilt,1
cottage,1
oj,1
energetics,1
overall,1
administrada,1
subject,1
limited,1
corporation,1
unconscious,1
brief,1
forward,1
periferia,1
cuisine,1
brings,1
hammond,1
etc,1
above,1
judgment,1
dwellings,1
illustrating,1
intervention,1
uthic,1
standing,1
unprecedented,1
cassie,1
settings,1
seemingly,1
acute,1
direction,1
microhuellas,1
positive,1
recontextualizine,1
vicinity,1
lisa,1
chronicle,1
ballcourts,1
bioarchaeology,1
yet,1
swept,1
politica,1
examined,1
hoi,1
suited,1
move,1
interment,1
builds,1
abundance,1
alongside,1
anatomía,1
serve,1
evidential,1
morgan,1
seeing,1
inspiration,1
exposes,1
nancy,1
challenged,1
ne,1
manzanilla,1
subsuming,1
aceren,1
antiauitv,1
processing,1
participants,1
included,1
homogeneous,1
orders,1
light,1
intersects,1
carbonate,1
performed,1
dialectical,1
kahkab,1
brocade,1
belonging,1
artists,1
functions,1
reports,1
alten,1
moments,1
impenetrable,1
ringle,1
jon,1
enclaves,1
chultuns,1
management,1
transformative,1
houselots,1
centralizing,1
houston,1
skyband,1
participated,1
ethnohistorical,1
eopan,1
fell,1
jadeite,1
toward,1
renewed,1
academy,1
pointed,1
caracofs,1
printing,1
wanb,1
jute,1
efforts,1
parnell,1
paine,1
communal,1
longer,1
limit,1
religious,1
remarks,1
fundamental,1
conduct,1
relates,1
instability,1
columnas,1
bourdieu,1
milestone,1
instituto,1
petexbatun,1
azul,1
pet,1
break,1
incorporation,1
nucleated,1
fallen,1
fernandez,1
distributions,1
forest,1
imperfect,1
security,1
snail,1
azcarate,1
etau,1
terry,1
honor,1
sierra,1
feminism,1
mesoamenca,1
ages,1
belongings,1
sweat,1
promoted,1
yucatecan,1
locales,1
performances,1
crosscut,1
remarkable,1
deploy,1
road,1
continuing,1
nonmaya,1
systematic,1
existing,1
noncomplex,1
seventeenth,1
herskovits,1
hides,1
ports,1
uaxactun,1
necessary,1
agencies,1
shines,1
innerroom,1
perhpas,1
native,1
teeth,1
belief,1
topic,1
books,1
impoverished,1
arctfltrture,1
cogently,1
widespread,1
literatures,1
going,1
day,1
ritos,1
degree,1
reminds,1
fc,1
bulletin,1
entity,1
interpreting,1
uuuzj,1
mats,1
credit,1
empirically,1
analyzed,1
ine,1
investigated,1
vast,1
gleaning,1
dissimilar,1
teouhuacan,1
rota,1
invested,1
discovery,1
implicated,1
courtiers,1
bear,1
values,1
helps,1
concluding,1
slaves,1
inscription,1
itzi,1
formal,1
rediscovery,1
deposits,1
enhanced,1
strongly,1
strongest,1
recover,1
worship,1
complexities,1
concern,1
top,1
hinman,1
imbued,1
controlling,1
definiendo,1
rivers,1
emphasize,1
assume,1
ideas,1
complements,1
trend,1
rare,1
decentralization,1
engaged,1
baking,1
edinburgh,1
national,1
robfal,1
deployed,1
write,1
ob,1
connected,1
advantages,1
sound,1
dating,1
continuities,1
platform,1
booses,1
negotiating,1
low,1
significance,1
explorations,1
compositions,1
paleoepidemiology,1
sherd,1
styles,1
periodo,1
urbanism,1
roba,1
lakes,1
tended,1
august,1
lowor,1
mississippian,1
symposium,1
reviewers,1
caribbean,1
revised,1
innermost,1
ingful,1
features,1
housed,1
serves,1
palenqueas,1
structuring,1
lie,1
filled,1
proximity,1
spirits,1
earlier,1
interacted,1
black,1
abundant,1
latter,1
compromises,1
inscribed,1
anthrosols,1
discarded,1
ideational,1
promote,1
anemia,1
repositions,1
editors,1
become,1
ornaments,1
milpa,1
enabled,1
assessing,1
plans,1
consciously,1
incompatible,1
interconnections,1
braswell,1
sobre,1
excluded,1
testivals,1
enemies,1
conserving,1
seeking,1
artisans,1
payson,1
ate,1
obsidiana,1
farmstead,1
southwest,1
adaptations,1
wells,1
macmillan,1
versus,1
revisiting,1
archttbcture,1
professional,1
exposures,1
universality,1
hope,1
opposite,1
minimally,1
chert,1
immigration,1
von,1
supplemental,1
économie,1
coordinated,1
copea,1
operating,1
increasing,1
smaller,1
farm,1
quirigul,1
worldview,1
microand,1
somewhat,1
veracruz,1
alrededor,1
speculate,1
pictorial,1
raw,1
publishing,1
window,1
bureau,1
continued,1
assert,1
sometimes,1
noroccidente,1
porch,1
ecological,1
next,1
impressive,1
albion,1
begin,1
select,1
noh,1
cn,1
firing,1
discard,1
plaza,1
slow,1
independence,1
becomes,1
investigators,1
lost,1
un,1
collections,1
rethinking,1
ordering,1
destiny,1
overlap,1
ramirez,1
butvob,1
executive,1
brigham,1
dietrich,1
socieda,1
volumes,1
displaying,1
inspired,1
seibal,1
expectations,1
achieve,1
litica,1
surprising,1
composed,1
morrow,1
período,1
imperialism,1
caries,1
mirror,1
arts,1
susan,1
conservation,1
guatemalan,1
regularly,1
ash,1
middens,1
considered,1
door,1
anéeles,1
austria,1
stephen,1
quantitative,1
nacional,1
freshwater,1
sections,1
differentiated,1
undertook,1
laborer,1
variable,1
deposited,1
contextualize,1
dispersed,1
lessons,1
comes,1
sloping,1
dishes,1
snaz,1
hammocks,1
mentioned,1
ceja,1
grand,1
barrio,1
patios,1
circumstances,1
barbarism,1
tayasal,1
demonstrate,1
viewsfrom,1
constituted,1
ever,1
tenam,1
rigidly,1
continues,1
known,1
summit,1
fluctuating,1
famers,1
masses,1
specific,1
proposes,1
ha,1
classically,1
temple,1
text,1
campesinos,1
rocky,1
sciences,1
set,1
downfall,1
triad,1
unie,1
sexuality,1
excess,1
woiked,1
tendencies,1
descent,1
strauss,1
suggestions,1
arquitectura,1
jj,1
industry,1
capital,1
mirador,1
contextual,1
down,1
tandem,1
notation,1
wall,1
constructions,1
intersected,1
inquiry,1
foundation,1
farms,1
metaphorical,1
researches,1
plazas,1
longstanding,1
constant,1
jennifer,1
domesticated,1
explicitly,1
placing,1
prospects,1
proposed,1
petexbatún,1
advances,1
entrada,1
person,1
growing,1
animal,1
stature,1
lonaon,1
ideologies,1
helping,1
captive,1
fled,1
ethnically,1
reaffirmation,1
steal,1
communicate,1
reexamination,1
investigation,1
conservatism,1
kroeber,1
them,1
implicit,1
volcanic,1
rose,1
adults,1
selected,1
sanz,1
convergences,1
coast,1
plants,1
orleans,1
independently,1
sociology,1
trinity,1
coerced,1
urbanismo,1
encuentros,1
artifactual,1
contrasting,1
laguna,1
signature,1
ruin,1
temporally,1
leaving,1
haviland,1
inscriptions,1
chau,1
insightful,1
densities,1
repetitive,1
saddle,1
martínez,1
sleeping,1
prestige,1
gyles,1
abruptly,1
phenomena,1
bey,1
paleoecology,1
categories,1
distributing,1
cluster,1
finished,1
vessels,1
anatomia,1
nj,1
outline,1
ritually,1
alterations,1
interring,1
unilinear,1
bath,1
must,1
entire,1
recipients,1
attached,1
politicoritual,1
verification,1
predecessors,1
die,1
disjunctive,1
intended,1
transition,1
campeche,1
administration,1
adjoining,1
situated,1
oî,1
cultivated,1
encounter,1
possessions,1
resistance,1
throughly,1
lesson,1
botany,1
socializing,1
allows,1
maintained,1
isolated,1
hilltop,1
goals,1
coming,1
rosaldo,1
autónoma,1
courtyards,1
analogy,1
factionalism,1
tardio,1
wild,1
mesoamericah,1
rote,1
until,1
economie,1
differentiation,1
argues,1
plebeyos,1
lands,1
bruhns,1
broder,1
finding,1
scribes,1
institutional,1
rown,1
internally,1
materials,1
frame,1
samuel,1
ojo,1
peru,1
mode,1
crisis,1
directionality,1
midlevel,1
documentation,1
lookm,1
instead,1
chronology,1
laman,1
buikstra,1
specialists,1
developmental,1
temporal,1
sacrificial,1
maritime,1
glass,1
functionalist,1
symbolizes,1
earthen,1
rejolladas,1
playing,1
forming,1
inequalities,1
colonnaded,1
levi,1
ramie,1
oversaw,1
presenting,1
madison,1
francisco,1
association,1
ranged,1
deer,1
ninth,1
vessel,1
artisan,1
pioneering,1
mctatvon,1
actions,1
microdefects,1
portrait,1
yaxkin,1
consisted,1
jason,1
element,1
little,1
archeological,1
lingered,1
dental,1
gulf,1
visibly,1
conventions,1
counts,1
strong,1
seek,1
willing,1
detection,1
viru,1
laborers,1
cross,1
réévaluations,1
enclave,1
bundles,1
faction,1
