WORDCOUNTS,WEIGHT
the,1322
and,1274
of,1078
in,865
a,414
de,351
to,294
gulf,261
j,206
at,183
pp,179
la,175
for,160
coast,158
mexico,157
on,128
olmec,120
as,120
m,119
with,119
p,113
c,113
et,111
e,106
classic,104
that,101
el,101
from,100
san,98
university,97
en,97
formative,95
r,93
settlement,93
l,88
b,88
is,88
early,81
nacional,79
y,77
have,73
production,72
are,72
del,71
lorenzo,70
by,70
s,69
an,67
research,62
cultural,61
period,59
archaeology,59
archaeological,58
veracruz,58
i,57
political,57
more,55
instituto,55
ancient,54
springer,54
d,54
archaeol,53
universidad,53
or,53
res,53
interaction,53
antropología,49
ceramic,48
mesoamerica,47
late,47
patterns,47
also,46
middle,46
pottery,45
g,44
variation,44
but,43
their,42
its,42
southern,42
which,42
teotihuacan,41
obsidian,41
lowlands,40
new,40
tuxtla,39
mesoamerican,39
exchange,39
arqueología,38
this,38
south,38
these,38
postclassic,38
santley,38
k,38
las,38
autónoma,38
central,37
most,37
recent,37
was,36
has,36
tres,35
american,35
social,35
between,35
other,34
some,34
population,34
within,33
regional,33
city,33
studies,32
stark,32
aztec,32
art,32
been,31
site,30
los,30
t,29
survey,29
f,29
department,29
be,28
were,27
than,27
mountains,26
lower,26
over,26
unpublished,25
sites,25
not,25
sierra,25
north,25
it,24
they,24
residential,24
regions,24
periods,24
local,24
may,23
important,23
basin,23
polities,23
analysis,23
area,23
cerro,22
dumbarton,22
data,22
economic,22
areas,22
region,22
evidence,22
zones,22
development,21
architectural,21
investigaciones,21
matacapan,21
time,21
through,21
one,20
méxico,20
zapotes,20
craft,20
report,20
particularly,20
arizona,20
h,19
organization,19
well,19
culture,19
formal,19
elite,19
antiquity,19
phd,19
western,18
symonds,18
w,18
al,18
economy,18
press,18
remains,18
much,18
major,18
sources,17
styles,17
ad,17
no,17
across,17
historia,17
pattern,17
where,17
use,17
o,16
investigations,16
journal,16
latin,16
monograph,16
cambridge,16
submitted,16
suggest,16
about,16
less,16
strategies,16
style,16
national,16
attention,16
von,16
complexity,16
different,16
institute,16
surface,16
arnold,16
complex,15
history,15
vol,15
study,15
cotaxtla,15
ann,15
occupation,15
several,15
two,15
homenaje,15
complexes,15
venta,15
into,14
long,14
influence,14
river,14
beyond,14
centers,14
hi,14
currents,14
change,14
many,14
rio,14
systems,14
sociopolitical,14
mixtequilla,14
ortiz,14
although,14
later,13
center,13
state,13
such,13
arqueológicas,13
coastal,13
papaloapan,13
tuxtlas,13
appear,13
greater,13
advancement,13
during,13
artifact,13
coral,13
un,13
foundation,13
centro,13
pool,13
among,13
mexican,12
eastern,12
coatzacoalcos,12
household,12
ritual,12
rather,12
intensive,12
bc,12
interregional,12
jiménez,12
after,12
gallery,12
mesas,12
we,12
layouts,12
particular,12
investigators,12
región,12
agricultural,12
while,12
imperial,12
both,12
mojarra,12
valley,12
focus,12
contexts,11
all,11
surveys,11
developments,11
perspective,11
even,11
kilns,11
pascual,11
fig,11
estudios,11
wealth,11
used,11
least,11
field,11
merino,11
around,11
architecture,11
tabasco,11
prehistoric,11
still,11
guatemala,11
gutiérrez,11
significant,11
processes,11
cultura,11
general,11
salt,11
mounds,11
terminal,11
archaic,11
common,10
approaches,10
source,10
diversity,10
highland,10
there,10
relations,10
context,10
differential,10
subsistence,10
similar,10
arqueológico,10
produced,10
near,10
clásico,10
loci,10
technology,10
included,10
only,10
cerámica,10
toward,10
luis,10
considerable,10
v,10
material,10
trade,10
mainly,10
northern,10
science,10
cultures,10
tajin,10
laguna,10
became,10
models,10
include,10
reveal,9
golfo,9
medio,9
interest,9
excavations,9
elements,9
traditions,9
focused,9
hinterland,9
appears,9
ceramics,9
scale,9
artifacts,9
expansion,9
museum,9
garcia,9
sequences,9
evolution,9
huasteca,9
control,9
distribution,9
differentiation,9
years,9
land,9
need,9
cotton,9
sur,9
increased,9
specific,9
lake,9
ambiente,8
garcía,8
subsistencia,8
before,8
information,8
dynamic,8
highlands,8
landscape,8
appreciation,8
distant,8
established,8
specialization,8
resource,8
societies,8
further,8
record,8
because,8
alliance,8
trends,8
using,8
mi,8
lowland,8
motifs,8
adjacent,8
maya,8
degree,8
another,8
understanding,8
mexicana,8
three,8
individual,8
procurement,8
especially,8
article,8
structure,8
increasing,8
perspectives,8
testing,8
often,8
associated,8
olmeca,8
domestic,8
distinctive,8
texas,8
them,8
world,8
green,8
states,8
large,7
cotsen,7
licenciatura,7
isla,7
system,7
case,7
prehispanic,7
sánchez,7
community,7
comoapan,7
santa,7
refer,7
una,7
possibly,7
n,7
upper,7
based,7
found,7
killion,7
initial,7
applied,7
communication,7
systematic,7
multiple,7
when,7
geographical,7
identified,7
make,7
interactions,7
settings,7
competition,7
contemporary,7
forms,7
ground,7
cruz,7
model,7
see,7
ecology,7
dating,7
indicate,7
features,7
can,7
relative,7
widely,7
río,7
primarily,7
united,7
frontier,7
any,7
growing,7
useful,7
natural,7
paper,7
capital,7
simposio,7
current,7
better,7
spatial,7
volcanic,7
theory,7
arqueologia,7
plans,7
point,7
debate,7
ochóa,7
view,6
needed,6
conducted,6
ma,6
had,6
basalt,6
implications,6
groups,6
differences,6
blanco,6
along,6
implements,6
neutron,6
relationships,6
media,6
items,6
dates,6
networks,6
dc,6
though,6
costa,6
civilization,6
identification,6
scales,6
space,6
firing,6
changes,6
clearly,6
elsewhere,6
utah,6
density,6
recently,6
intensity,6
wide,6
future,6
búsquedas,6
inferences,6
broad,6
apparently,6
presented,6
specifically,6
small,6
presence,6
alluvial,6
annual,6
pope,6
society,6
activation,6
various,6
same,6
increasingly,6
published,6
pennsylvania,6
empire,6
coloquio,6
assemblages,6
rivers,6
low,6
authors,6
standard,6
dominance,6
memoria,6
table,6
variable,6
extensive,6
anthropology,6
sampling,6
beginning,6
pital,6
combined,6
whether,6
generally,6
garraty,6
role,6
variability,6
antigua,6
writing,6
our,6
smaller,6
integration,6
effects,6
defined,6
potential,6
km,6
elites,6
should,6
southeastern,6
enclave,6
johanna,6
carved,5
now,5
stylistic,5
corporate,5
per,5
maize,5
stone,5
princeton,5
ladrón,5
upland,5
nautla,5
concentrated,5
analyses,5
origin,5
california,5
cuenca,5
issue,5
agriculture,5
possible,5
reflecting,5
resources,5
zone,5
collection,5
phase,5
review,5
estimates,5
cases,5
wares,5
phases,5
oxford,5
drainages,5
growth,5
intraregional,5
pétrographie,5
persistent,5
parts,5
provides,5
reinterpretation,5
modified,5
provinces,5
monumental,5
emergence,5
proposed,5
xi,5
consequence,5
prehispánica,5
handbook,5
blanton,5
pollen,5
hierarchies,5
distinguish,5
received,5
heavily,5
characterization,5
related,5
q,5
structures,5
reflect,5
gonzález,5
approach,5
stela,5
exclusionary,5
decline,5
portions,5
boundaries,5
chronological,5
ceballos,5
ceremonial,5
minor,5
mesa,5
populations,5
tropical,5
estado,5
single,5
verde,5
zaragoza,5
examined,5
precolumbian,5
shifting,5
mound,5
water,5
villa,5
plan,5
mural,5
olmecs,5
perhaps,5
extended,5
discovery,5
deposits,5
including,5
asentamiento,5
juan,5
questions,5
radiocarbon,5
theoretical,5
described,5
subsurface,5
significance,5
clear,5
points,5
divisions,5
would,5
stages,5
internal,5
domínguez,5
sobre,5
versus,5
emulation,5
independent,5
continued,5
santiago,5
monuments,5
who,5
detailed,5
wilkerson,5
proyecto,5
exchanged,5
environment,5
abandonment,5
dispersed,5
intensification,5
alternative,5
auger,5
vásquez,5
each,5
argue,5
villages,5
what,5
form,5
nearby,5
suggests,5
emphasis,5
urban,5
size,5
level,5
reported,5
diachronie,5
lira,5
ciudad,5
attributes,5
substantial,5
traditional,5
strong,5
technological,5
close,5
pina,5
difficult,4
currently,4
triple,4
valle,4
suggested,4
environmental,4
mendoza,4
introduction,4
identify,4
di,4
sunflower,4
cited,4
noreste,4
variety,4
pérez,4
tenochtitlán,4
test,4
first,4
archaeologists,4
crops,4
persistence,4
sacred,4
those,4
mexicon,4
papers,4
westview,4
plain,4
volumen,4
u,4
economics,4
account,4
austin,4
controlled,4
factional,4
arqueológica,4
human,4
domination,4
oaxaca,4
multidimensional,4
throughout,4
jade,4
since,4
relatively,4
heterogeneity,4
tucson,4
norte,4
santo,4
concentrations,4
clay,4
detecting,4
pronounced,4
valleys,4
van,4
york,4
reflects,4
active,4
variant,4
pico,4
drainage,4
zurita,4
locally,4
delta,4
recovered,4
textile,4
panuco,4
closely,4
identifying,4
plateau,4
begun,4
called,4
maltrata,4
strongly,4
cores,4
í,4
buried,4
periodo,4
method,4
zona,4
degrees,4
decipherment,4
part,4
su,4
desarrollo,4
overview,4
place,4
castillo,4
people,4
documented,4
focuses,4
project,4
status,4
polity,4
manipulation,4
working,4
beatriz,4
ethnicity,4
emphasizes,4
few,4
concerns,4
industry,4
up,4
murals,4
preliminary,4
sitio,4
editoriale,4
critical,4
tajín,4
synthesis,4
located,4
comparative,4
para,4
interpretation,4
restricted,4
orange,4
issues,4
largest,4
constitute,4
noted,4
rise,4
routes,4
subregions,4
book,4
sistema,4
gobierno,4
others,4
segunda,4
appeared,4
choice,4
larger,4
incorporation,4
rivas,4
distributions,4
outside,4
centre,4
redonda,4
coarse,4
tecolutla,4
exotic,4
showing,4
spacing,4
shifts,4
made,4
tulane,4
range,4
expression,4
sequence,4
ethnic,4
trend,4
transect,4
urbanism,4
dominated,4
arroyo,4
times,4
like,4
administrative,4
methods,4
jaca,4
gorda,4
mother,4
florescence,4
otontepec,4
anthropological,4
heavy,4
series,4
changing,4
must,4
symbolic,4
set,4
darwinian,4
horizonte,4
leaders,4
goods,4
school,4
historical,4
rural,4
works,4
terms,4
selected,4
prestige,4
orizaba,4
maximum,4
despite,4
discussion,4
colonial,4
varied,4
dominant,4
formation,4
until,4
chemical,4
contributed,4
integrated,4
earthen,4
comparison,4
carrion,4
serrano,4
divergent,4
meeting,4
final,3
mexicaines,3
estimated,3
pittsburgh,3
imported,3
administered,3
catemaco,3
village,3
agua,3
agency,3
formed,3
likely,3
investigating,3
ti,3
hegemony,3
llano,3
highlight,3
modest,3
lexington,3
exaggerated,3
taken,3
culturally,3
palabra,3
sauce,3
location,3
emerged,3
seems,3
nature,3
available,3
heredia,3
tradition,3
secondary,3
assess,3
advantage,3
suggesting,3
together,3
formativo,3
government,3
pensamiento,3
last,3
chiefdoms,3
concepts,3
platforms,3
british,3
documenting,3
me,3
winfield,3
contemporaneous,3
west,3
manatí,3
variations,3
establishment,3
above,3
interior,3
considerably,3
occur,3
economies,3
guadalcazar,3
cuevas,3
labor,3
piedmont,3
centralized,3
housemounds,3
sediment,3
hierarchy,3
adopted,3
century,3
kind,3
blomster,3
served,3
publications,3
whorls,3
generation,3
teotihuacanos,3
without,3
dávila,3
ml,3
absent,3
remain,3
subregional,3
serra,3
centralization,3
process,3
durante,3
environments,3
arrangements,3
loma,3
certain,3
contributions,3
discoveries,3
productive,3
prehistory,3
contemporaries,3
frequently,3
baja,3
four,3
show,3
additional,3
albuquerque,3
map,3
followed,3
terminology,3
exploitation,3
shifted,3
flow,3
strategy,3
dispersion,3
memory,3
affiliated,3
corridors,3
declined,3
appearance,3
out,3
demands,3
iconographie,3
huatusco,3
pre,3
traits,3
rectangular,3
barba,3
tools,3
possibility,3
impression,3
technical,3
overlapping,3
participation,3
ecologie,3
museo,3
tributary,3
knowledge,3
patterning,3
whole,3
literature,3
discussions,3
partly,3
ethnohistoric,3
away,3
surrounding,3
formations,3
il,3
lä,3
interpreted,3
horizon,3
tamaulipas,3
castro,3
excavated,3
highly,3
peak,3
methodological,3
urcid,3
results,3
coe,3
environmentally,3
inform,3
am,3
massive,3
he,3
second,3
exception,3
gift,3
grande,3
expanded,3
indicates,3
macrobotanical,3
initially,3
outer,3
strategic,3
contributing,3
thought,3
becerril,3
continuity,3
under,3
selective,3
us,3
boundary,3
temperate,3
thesis,3
choices,3
daneels,3
picture,3
power,3
hernández,3
projects,3
lack,3
temples,3
blocks,3
eruptions,3
nucleated,3
proliferation,3
end,3
mesón,3
external,3
took,3
do,3
estudio,3
underscores,3
melgarejo,3
deep,3
argues,3
iq,3
own,3
represented,3
nonelite,3
increase,3
rust,3
doctora,3
complicated,3
ties,3
open,3
landscapes,3
discussed,3
citv,3
rulers,3
so,3
played,3
households,3
favored,3
problems,3
escuela,3
palo,3
construction,3
probably,3
huaxteca,3
contribuciones,3
tardío,3
ranging,3
pintura,3
respect,3
today,3
she,3
tomo,3
provide,3
usually,3
foreign,3
impressive,3
program,3
spindle,3
hill,3
support,3
lines,3
widespread,3
plaza,3
directions,3
seen,3
collections,3
rethinking,3
yale,3
understand,3
dynamism,3
subareas,3
fall,3
interconnected,3
stratified,3
centuries,3
evaluation,3
adjoining,3
constituted,3
known,3
temporal,3
offers,3
here,3
wider,3
coincides,3
know,3
berkeley,3
specialized,3
did,3
best,3
culturales,3
basins,3
exhibits,3
very,3
plazas,3
cultivation,3
domesticated,3
lópez,3
greenstone,3
just,3
hamlets,3
assessment,3
miranda,3
following,3
motagua,3
supports,3
involvement,3
sus,3
densities,3
conference,3
slopes,3
courses,3
techniques,3
programs,3
copper,3
painting,3
locations,3
lámina,3
fi,3
offer,3
typically,3
dense,3
shift,3
imprecise,3
third,3
vary,3
create,3
broader,3
heterogeneous,3
problem,2
countryside,2
ä,2
does,2
kluwer,2
transportation,2
metal,2
precepts,2
indicated,2
implying,2
drilled,2
hieroglyphic,2
created,2
concern,2
affected,2
college,2
cerros,2
red,2
distributed,2
conversion,2
group,2
settlements,2
residences,2
ana,2
offerings,2
myth,2
mobility,2
ruiz,2
authority,2
summaries,2
johns,2
cubes,2
modern,2
favor,2
considerations,2
tied,2
acceptance,2
flores,2
comparisons,2
necessarily,2
ocampo,2
accomplishments,2
arguing,2
descriptions,2
chief,2
peaked,2
round,2
consistent,2
prominently,2
explaining,2
huastec,2
heller,2
creation,2
tamiahua,2
interests,2
famsi,2
setting,2
problemoriented,2
attempts,2
military,2
monumentos,2
address,2
opted,2
gary,2
principles,2
text,2
borders,2
great,2
timing,2
rich,2
farther,2
closer,2
análisis,2
sees,2
inland,2
madre,2
lechuga,2
cyphers,2
raised,2
principal,2
mapping,2
patarata,2
similarities,2
side,2
con,2
plains,2
hacía,2
recorded,2
gaps,2
east,2
albeit,2
heterarchy,2
capacity,2
celts,2
golf,2
america,2
ignacio,2
incorporate,2
geophysical,2
march,2
gardens,2
holocene,2
galeras,2
determined,2
outlying,2
prospección,2
international,2
reaching,2
establishing,2
mm,2
feinman,2
bibliography,2
preceramic,2
far,2
memoriam,2
chart,2
morgadal,2
sign,2
behavior,2
errado,2
manuscript,2
tribute,2
frequencies,2
consideration,2
beuregard,2
grijalva,2
estimating,2
dynamics,2
speakers,2
illustrates,2
against,2
casimir,2
mixed,2
cortés,2
rains,2
application,2
encyclopedia,2
concentric,2
type,2
spans,2
interprets,2
chacalapan,2
transitional,2
notas,2
ediciones,2
back,2
columbia,2
facultad,2
coring,2
price,2
explore,2
factions,2
details,2
document,2
poorly,2
pay,2
vivó,2
steps,2
opposed,2
recognized,2
adequate,2
whose,2
preclásico,2
collected,2
edited,2
centered,2
proceedings,2
buenavista,2
toztlan,2
mountain,2
basic,2
square,2
levels,2
potosí,2
totógal,2
risk,2
proportion,2
earlier,2
importance,2
archaeometry,2
entre,2
sonso,2
white,2
interlace,2
urbe,2
teayo,2
means,2
references,2
candidate,2
agaltepec,2
perceptions,2
acquisition,2
ct,2
clark,2
occupational,2
organized,2
dated,2
informe,2
ì,2
impact,2
volute,2
northeastern,2
hastened,2
accumulating,2
potters,2
alta,2
lithic,2
origins,2
groundwater,2
chronometrie,2
mix,2
plenum,2
restriction,2
banderilla,2
founding,2
syntheses,2
intensities,2
export,2
excavation,2
providing,2
management,2
disappeared,2
iconography,2
ranges,2
result,2
salvage,2
bl,2
dumps,2
occurred,2
concentration,2
allow,2
carrying,2
public,2
faunal,2
access,2
six,2
treatments,2
lunagómez,2
seven,2
changed,2
shared,2
sedentary,2
pajonal,2
requirements,2
emerge,2
cantona,2
tiers,2
term,2
evaluate,2
academic,2
ceramica,2
prehispánico,2
circular,2
indirect,2
domestication,2
priorities,2
rubber,2
however,2
houselot,2
instrumental,2
facilities,2
compare,2
doctor,2
postclásico,2
sparse,2
scroll,2
präkolumbische,2
directly,2
having,2
flannery,2
inferred,2
reinterpreting,2
floodplain,2
concept,2
significantly,2
example,2
reduction,2
realm,2
contains,2
neighbors,2
colossal,2
sculptural,2
gómez,2
mineralogical,2
vísperas,2
assembly,2
markedly,2
huaxoama,2
clearance,2
foci,2
precipitation,2
successful,2
andrès,2
inference,2
stage,2
higueras,2
tempe,2
josé,2
indicators,2
politically,2
incipient,2
ill,2
cimatn,2
climate,2
division,2
core,2
rescate,2
renewed,2
callejón,2
productivity,2
ot,2
describes,2
paid,2
factionalism,2
arbor,2
sspietlra,2
provided,2
finds,2
justeson,2
will,2
processual,2
situation,2
ctulancingo,2
vanderbilt,2
practices,2
materiales,2
overall,2
limited,2
nn,2
brief,2
culver,2
meandering,2
reconstruction,2
cobean,2
surveyed,2
ware,2
corpus,2
luxtla,2
communities,2
reference,2
opportunities,2
mission,2
mobile,2
oaxaauena,2
britt,2
specimens,2
sculpture,2
ahraria,2
light,2
except,2
demonstrates,2
confirmed,2
reports,2
reliance,2
boost,2
volcanism,2
tn,2
colección,2
volume,2
inhabitants,2
utantoc,2
houselots,2
flowing,2
kulturen,2
orígenes,2
again,2
academy,2
deserves,2
vega,2
addition,2
demographic,2
efforts,2
cultivated,2
aimed,2
idea,2
scholars,2
beliefs,2
relación,2
ideology,2
diverse,2
antonio,2
surfaces,2
resolved,2
channel,2
segmentary,2
never,2
jaime,2
continuing,2
relevant,2
por,2
focusing,2
native,2
frequency,2
controversy,2
explicitly,2
northerly,2
stoner,2
gregor,2
remained,2
nahua,2
lata,2
greatest,2
exhibit,2
diehl,2
gordon,2
epiclásico,2
apogee,2
manufactured,2
merge,2
samples,2
crafts,2
empirical,2
prehispánicos,2
persisted,2
emphasize,2
basis,2
ideas,2
products,2
rare,2
continue,2
full,2
nuclear,2
waster,2
directed,2
obtaining,2
congreso,2
amounts,2
co,2
characterized,2
spread,2
high,2
contexto,2
obtained,2
vegetation,2
configurations,2
running,2
improved,2
preservation,2
margin,2
labels,2
comparing,2
parallel,2
evolutionary,2
tree,2
assessing,2
topics,2
intrasite,2
nuevos,2
percent,2
differ,2
southwest,2
occupied,2
tendency,2
tì,2
patrón,2
factors,2
consists,2
extraregional,2
environs,2
vv,2
tne,2
sometimes,2
ilmenite,2
suggestive,2
fewer,2
clays,2
rapidly,2
combines,2
hierarchical,2
existed,2
symmetrical,2
types,2
fields,2
cuaderno,2
gonzalez,2
angeles,2
figured,2
guatemalan,2
forests,2
tiempos,2
forest,2
contained,2
arte,2
victoria,2
monument,2
practice,2
manufactory,2
tamuin,2
civilizations,2
fernández,2
conflate,2
asentamientos,2
lagunes,2
geographic,2
área,2
serafín,2
symbols,2
howell,2
precise,2
teotihuacano,2
funding,2
ofv,2
column,2
der,2
defining,2
rainfall,2
arquitectura,2
global,2
allied,2
followers,2
ideological,2
trabajo,2
tochtepec,2
basina,2
past,2
placing,2
mezcalapa,2
evident,2
william,2
notable,2
geomorfologia,2
accounts,2
urbanismo,2
seasonal,2
consisting,2
preliminares,2
her,2
utilitarian,2
serie,2
produce,2
augering,2
balance,2
influenced,2
león,2
phenomena,2
incorporated,2
subhumid,2
contain,2
peoples,2
vessels,2
epiclassic,2
boston,2
outline,2
attached,2
extending,2
multistage,2
transition,2
andrés,2
contribute,2
obtain,2
contreras,2
maintained,2
representation,2
au,2
kiln,2
precision,2
nov,2
analogy,2
devoted,2
reveals,2
intensified,2
easier,2
illinois,2
iconografía,2
washington,2
ojo,2
profiles,2
parallels,2
documentation,2
course,2
joined,2
fauna,2
consumption,2
socially,2
specialists,2
manufacture,2
unified,2
altiplano,2
variously,2
reviving,2
barly,2
association,2
classification,2
roughly,2
xalapa,2
postclasico,2
offered,2
supported,2
paleoindian,2
velasco,2
hills,2
correlate,2
cook,2
progressive,2
sharing,2
clasico,2
sciences,2
entire,2
documentary,2
sea,2
ballcourts,2
building,2
padilla,1
woven,1
superiores,1
entities,1
go,1
margins,1
hydrology,1
equation,1
enfoque,1
rate,1
columbian,1
dominating,1
ofrendas,1
edge,1
transición,1
way,1
daneeis,1
fertile,1
epigraphic,1
generated,1
responds,1
entierros,1
effected,1
yards,1
habitable,1
copas,1
integrating,1
arqueometría,1
differentials,1
raya,1
functional,1
exploits,1
separated,1
represent,1
insulated,1
decades,1
extend,1
tierra,1
uplands,1
determine,1
annus,1
magnetic,1
alone,1
faltotnnaa,1
adoption,1
intersect,1
geared,1
poblaciones,1
differentiating,1
utility,1
notably,1
evans,1
coastlines,1
debris,1
linguistic,1
comparability,1
sitios,1
sympathetic,1
forcing,1
needs,1
likewise,1
becoming,1
boca,1
explosion,1
replaced,1
cerámicos,1
essentializing,1
downplayed,1
imagen,1
confidence,1
juego,1
deltaic,1
essays,1
designed,1
prime,1
entries,1
maíz,1
algunas,1
tierras,1
interrupt,1
ethnologique,1
constitutes,1
true,1
postdate,1
reassigns,1
peaks,1
centrifugal,1
bias,1
inconsistent,1
marcus,1
ilmenita,1
satisfied,1
enterramiento,1
lajin,1
xiq,1
dominate,1
conical,1
former,1
grove,1
descriptive,1
plunket,1
cursory,1
presents,1
hallmarks,1
salado,1
preindustrial,1
stretches,1
tulancingo,1
ethnoarchaeological,1
ae,1
exceptions,1
hallazgo,1
nuevas,1
revision,1
oaks,1
dovetails,1
territorial,1
du,1
oaxacan,1
materials,1
themes,1
peripheral,1
cutting,1
framework,1
being,1
said,1
came,1
cast,1
riverón,1
lafferty,1
humanos,1
gap,1
permit,1
undermine,1
li,1
inc,1
surmounted,1
revisited,1
pirámides,1
topographic,1
relies,1
importing,1
vigía,1
chemistrv,1
consuming,1
prospecting,1
hombre,1
ii,1
estate,1
rapid,1
season,1
terrain,1
espíritu,1
promoting,1
downplay,1
isthmus,1
rnu,1
diffusionist,1
previewing,1
puebla,1
aforementioned,1
definition,1
containing,1
dramatically,1
incorporating,1
eruption,1
shaped,1
height,1
could,1
chapters,1
accompanied,1
entorno,1
display,1
simple,1
confusion,1
monitor,1
rutas,1
normative,1
narrative,1
opposing,1
supernatural,1
spaced,1
studied,1
ritmos,1
quotidian,1
macri,1
characterizing,1
tx,1
religion,1
intercambio,1
annick,1
commitment,1
take,1
manejo,1
subsequent,1
nil,1
search,1
achieved,1
césar,1
feature,1
moderno,1
office,1
affiliation,1
testimonios,1
isthmian,1
date,1
greatly,1
respond,1
tv,1
reworking,1
classified,1
decreased,1
dendritic,1
discipline,1
somewhat,1
dd,1
rrom,1
università,1
explosive,1
cesar,1
quaternary,1
nress,1
manrique,1
potosina,1
effigy,1
strictly,1
buena,1
occasional,1
dissemination,1
existence,1
sophisticated,1
assumed,1
volutas,1
classifying,1
effort,1
postulations,1
llj,1
bezuapan,1
tie,1
muestras,1
autonomous,1
restauración,1
formulation,1
bird,1
framing,1
adverse,1
lamina,1
lassie,1
draw,1
hall,1
tempting,1
approximations,1
addresses,1
representations,1
multiton,1
interlibrary,1
figs,1
uneven,1
descifrando,1
placement,1
escarpment,1
crc,1
recommended,1
methodologies,1
marked,1
politics,1
galindo,1
plantings,1
concentrating,1
recommendations,1
secuencia,1
securely,1
ledesma,1
paucity,1
soils,1
û,1
functions,1
october,1
richard,1
investigator,1
meanings,1
vital,1
fine,1
reconsidering,1
combination,1
supply,1
esculturas,1
rosa,1
conceptual,1
x,1
acquiescing,1
decoding,1
penod,1
temporada,1
exchanges,1
recorrido,1
primacy,1
quantity,1
fluorescence,1
cerâmica,1
cronológico,1
anticipated,1
representing,1
correlation,1
mesoamencan,1
fhd,1
augusta,1
identifies,1
plenty,1
herrera,1
pelota,1
dentro,1
reassessments,1
barrera,1
iconographers,1
usecontexts,1
complicating,1
localized,1
interestingly,1
hudson,1
natula,1
tons,1
usage,1
uun,1
tecnico,1
otherwise,1
imíl,1
purera,1
lara,1
includes,1
constitutive,1
royal,1
monopolizing,1
nortes,1
guthrie,1
surely,1
mt,1
southwestern,1
merchants,1
influx,1
blades,1
bloques,1
component,1
severe,1
vigorous,1
distressingly,1
inner,1
sedentarios,1
cambio,1
pursue,1
costero,1
run,1
consumed,1
due,1
objective,1
seres,1
reflexión,1
attesting,1
funerario,1
domingo,1
atomism,1
remojadas,1
olaf,1
fissioning,1
embellishments,1
philosophical,1
redrawing,1
terraces,1
scarce,1
postlcassic,1
movement,1
invocation,1
guevara,1
authoritative,1
ut,1
scrolls,1
juxtaposition,1
œo,1
occurs,1
petrography,1
interpret,1
belts,1
undisclosed,1
cf,1
bounty,1
barlow,1
estilos,1
rooted,1
arqueoastronómica,1
íi,1
tripartite,1
overly,1
expected,1
thank,1
given,1
ilinois,1
asymmetrical,1
z,1
ai,1
characterizes,1
attracting,1
turn,1
aligned,1
sanders,1
distinct,1
old,1
paths,1
urbanization,1
consejo,1
ammirano,1
channeled,1
atarazanas,1
scrubland,1
resultados,1
prograding,1
turned,1
averaging,1
ver,1
zooarchaeological,1
profound,1
amount,1
reyna,1
differently,1
response,1
tenochca,1
comerciales,1
completing,1
inpie,1
allowing,1
suitable,1
ally,1
reciente,1
continuous,1
effective,1
witnessed,1
encoded,1
vancouver,1
headwaters,1
stratigraphie,1
sì,1
equally,1
drawn,1
obscure,1
terrace,1
cuaternario,1
percentage,1
island,1
sociedad,1
instruments,1
dry,1
coexistence,1
patrons,1
border,1
swamps,1
longterm,1
vargas,1
kentucky,1
bottomlands,1
raudal,1
nuanced,1
handful,1
adjust,1
rates,1
efficient,1
conceptually,1
callejon,1
paste,1
error,1
paralleling,1
dubbed,1
alabama,1
higher,1
lesser,1
surprisingly,1
assessed,1
nagy,1
operation,1
ideai,1
conquerors,1
pacific,1
profoundly,1
town,1
mask,1
disseminators,1
cuatro,1
prehispâmca,1
menor,1
incursion,1
deferral,1
underway,1
elaborate,1
patron,1
purely,1
ofcotaxtla,1
catarina,1
encompassed,1
fría,1
developed,1
synchronie,1
district,1
how,1
crafted,1
nefp,1
peacock,1
explicit,1
tectonic,1
desde,1
levee,1
notion,1
veracruzano,1
completely,1
elsevier,1
arts,1
contour,1
probability,1
supplement,1
connected,1
legendary,1
direct,1
catalogs,1
sierras,1
koontz,1
ix,1
dialogue,1
signatures,1
special,1
revelation,1
fluvial,1
taumalipas,1
augmented,1
typologies,1
doubly,1
gnjalva,1
multivariate,1
shell,1
dispersal,1
motivos,1
ballcourt,1
maintaining,1
biografía,1
temprano,1
facilitated,1
vastly,1
ilsiifijjjlljnpsjl,1
etymological,1
praise,1
patchwork,1
females,1
consider,1
representativeness,1
escaped,1
posclásico,1
heterarchical,1
pales,1
antropológicos,1
rostclasico,1
meson,1
underappreciate,1
presumably,1
recombination,1
proved,1
cultivo,1
weather,1
tying,1
gjtsi,1
characterizations,1
argued,1
listed,1
monumento,1
ïs,1
gargantuan,1
covers,1
unavoidable,1
jars,1
linguistics,1
heading,1
exploited,1
voluminous,1
encouragement,1
follow,1
crecimiento,1
poor,1
tourism,1
unsuitable,1
windward,1
defines,1
rainforest,1
random,1
cost,1
caritas,1
requires,1
lu,1
mounding,1
stoltman,1
comalcalco,1
corresponding,1
barring,1
undermines,1
caches,1
layout,1
trajectories,1
tonao,1
varies,1
fluid,1
archeology,1
reflections,1
gutierrez,1
conquest,1
radial,1
diachronic,1
raw,1
character,1
expressed,1
arrived,1
standards,1
carving,1
alluviated,1
dot,1
panorama,1
altamirano,1
bearing,1
recipes,1
portable,1
bibliografìa,1
fortunes,1
histories,1
erosion,1
chipped,1
color,1
traditionally,1
typical,1
noncomparative,1
mollusks,1
combinations,1
behavioral,1
siglo,1
objectives,1
stigmatized,1
tipología,1
facilitate,1
pass,1
dispute,1
ortega,1
aportes,1
quarries,1
scheduling,1
cerámico,1
accompany,1
suarez,1
mixteauilla,1
spinning,1
ethnohistorical,1
inter,1
tlahuanapa,1
vbads,1
extracting,1
creating,1
arranged,1
share,1
suntuaria,1
intervening,1
cadet,1
pajapan,1
lava,1
oklahoma,1
neutrónica,1
informed,1
elemental,1
imbalances,1
receive,1
acropolis,1
arqeológicas,1
block,1
keywords,1
misant,1
levees,1
treat,1
afforded,1
pitting,1
neither,1
française,1
oftajín,1
postclásica,1
receiving,1
estimate,1
grounds,1
relevancia,1
radioanahtical,1
metals,1
xiv,1
procedures,1
yield,1
absolute,1
delays,1
required,1
reluctantly,1
find,1
colonies,1
superior,1
problema,1
creates,1
frame,1
aportaciones,1
expressions,1
acknowledgements,1
criteria,1
chiapas,1
garments,1
arhnr,1
guerrero,1
network,1
supplanted,1
paleoenvironmental,1
relief,1
correctly,1
urbano,1
interfluves,1
introducción,1
formerly,1
planning,1
abroad,1
overviews,1
residents,1
scatters,1
steep,1
imports,1
técnica,1
tool,1
ruíz,1
comprises,1
seminario,1
yacimiento,1
unless,1
veracruzana,1
london,1
competing,1
norm,1
casa,1
proportions,1
apparent,1
dios,1
confined,1
actors,1
homeland,1
equivalent,1
pyramids,1
marketplace,1
revealed,1
experiencing,1
fence,1
caching,1
revista,1
egalitarian,1
year,1
surrounds,1
gave,1
describe,1
fit,1
pompai,1
database,1
intermediate,1
postulated,1
pyramid,1
soutnern,1
reactor,1
climatic,1
warranted,1
pueblan,1
expansionist,1
relevance,1
pachuca,1
conquests,1
cluster,1
gods,1
risks,1
ias,1
churning,1
winter,1
maximal,1
torno,1
antithetical,1
lifeways,1
contentious,1
vista,1
employed,1
believes,1
lagunas,1
differentially,1
fieldwork,1
deeply,1
rulership,1
observaciones,1
conform,1
challenging,1
connections,1
definitions,1
attributed,1
tamesi,1
towards,1
refuse,1
errors,1
either,1
researchers,1
hedging,1
earth,1
oriental,1
izapan,1
tajûi,1
cabrera,1
discussing,1
teotihuacanstyle,1
saline,1
polaco,1
sense,1
indicator,1
correct,1
caused,1
describing,1
hard,1
below,1
fuzzy,1
responsibility,1
nómadas,1
distances,1
flanking,1
reliable,1
apogees,1
resolving,1
prevalence,1
bone,1
realizado,1
través,1
presencia,1
order,1
peruvian,1
le,1
contrast,1
imposition,1
solier,1
snm,1
catalog,1
mississippl,1
stimulated,1
concordant,1
quite,1
geomorphology,1
davila,1
loan,1
emerging,1
event,1
hallazgos,1
family,1
encompasses,1
intervals,1
ruvalcaba,1
geography,1
cuetlaxtlan,1
spanish,1
characteristics,1
consensus,1
workshops,1
smithsonian,1
revealing,1
migrating,1
components,1
legitimize,1
prompted,1
restudies,1
disaster,1
procedencia,1
certainly,1
cronología,1
shadows,1
refinement,1
vacuum,1
distinguished,1
ancestral,1
ancestors,1
interpretations,1
necaxa,1
sculptures,1
copying,1
philip,1
zonal,1
always,1
visible,1
seed,1
cosmology,1
necessity,1
ïlît,1
dependent,1
erroneously,1
territorialidad,1
maxwell,1
ta,1
acts,1
zonas,1
otros,1
distinguishing,1
altogether,1
provenance,1
grateful,1
tribus,1
misinterpret,1
valuable,1
escultura,1
activities,1
promising,1
unfinished,1
heritage,1
strangers,1
coexist,1
barbara,1
span,1
perspectivas,1
contributes,1
therefore,1
sagrado,1
oriente,1
horizons,1
highlights,1
noteworthy,1
units,1
genesis,1
critics,1
excludes,1
november,1
demand,1
differentiate,1
luxtia,1
observations,1
matter,1
holds,1
calibration,1
absence,1
implicitly,1
cosmological,1
cleft,1
rule,1
planimetrie,1
ciencias,1
gradual,1
tabuco,1
campesina,1
artworks,1
cai,1
blessed,1
subject,1
foromissions,1
simbólicos,1
benson,1
indication,1
fruit,1
wetland,1
fons,1
nearly,1
savannas,1
reorganization,1
constraints,1
april,1
intensively,1
stratigraphy,1
emulated,1
tor,1
uriarte,1
garden,1
comments,1
torrential,1
tá,1
modes,1
renew,1
azacualtipan,1
religious,1
templo,1
direction,1
selection,1
haxteca,1
medellín,1
etnografia,1
spectacular,1
southeast,1
lisa,1
label,1
piecing,1
scarcity,1
sismológicos,1
mexicanos,1
once,1
artes,1
esparza,1
springs,1
archaeologist,1
criticism,1
unprovenienced,1
yet,1
od,1
atoyac,1
tremendous,1
coverage,1
complication,1
underrepresentation,1
vicaría,1
winning,1
corroborated,1
fragmented,1
rain,1
dual,1
reshaping,1
ohnersorgen,1
ia,1
zurich,1
favorable,1
zénil,1
perceived,1
ideología,1
antiauitv,1
processing,1
judgmental,1
constant,1
ams,1
subset,1
botany,1
adjusted,1
etapa,1
assistance,1
complete,1
sourced,1
obsidians,1
façades,1
designates,1
rabbit,1
unpudiisnea,1
ethnographic,1
becernl,1
tentative,1
topical,1
subdivisions,1
subarea,1
costs,1
already,1
taj,1
insights,1
provocative,1
updraft,1
prehispanica,1
unusually,1
records,1
hearth,1
bar,1
antroooloeía,1
dominguez,1
shows,1
stones,1
lunate,1
considers,1
regardless,1
tall,1
street,1
members,1
falling,1
museums,1
antropoloia,1
seated,1
french,1
impediment,1
flanked,1
segments,1
participated,1
zempoala,1
stated,1
wigberto,1
fell,1
fenòmeno,1
propuestas,1
hollow,1
comal,1
mingling,1
semicircular,1
artistic,1
voices,1
caves,1
decorative,1
lowering,1
homo,1
experienced,1
complementary,1
headquarters,1
analytical,1
dissertations,1
communal,1
chemically,1
umversiaaa,1
longer,1
limit,1
activación,1
newly,1
radioanaly,1
head,1
riverine,1
tenochtlán,1
wesley,1
fleeing,1
checks,1
importation,1
broadly,1
pacifico,1
unidentified,1
rugged,1
abstract,1
glyphs,1
inevitably,1
hispánica,1
gray,1
memorias,1
reductionist,1
rica,1
figurines,1
overwhelmingly,1
arthur,1
substantially,1
succeeding,1
imperfect,1
carlos,1
fragments,1
typological,1
cardos,1
honor,1
question,1
ruler,1
tampico,1
conclusions,1
frontera,1
dominion,1
likelihood,1
everyday,1
lawrence,1
methner,1
jimba,1
ìsw,1
obsidianas,1
covered,1
ras,1
joya,1
phytoliths,1
archaeobotanical,1
compositional,1
axes,1
answer,1
ciencia,1
parent,1
roman,1
coincident,1
forth,1
borrowing,1
bthnoarchaeological,1
necessary,1
barthel,1
reshaped,1
decade,1
scraper,1
volatile,1
concocimiento,1
controversially,1
invitation,1
fuera,1
nueva,1
chronologically,1
reconstructing,1
exceeds,1
acerca,1
distance,1
avances,1
horizontally,1
perros,1
streets,1
reflected,1
embroidered,1
monumentales,1
linked,1
day,1
identifiable,1
ìtì,1
ladron,1
submit,1
interpreting,1
demonstrated,1
cholula,1
nonetheless,1
francés,1
aggregation,1
uonsejo,1
retaining,1
exploring,1
situated,1
elevations,1
îâ,1
underlying,1
leeuw,1
knew,1
registers,1
producción,1
intent,1
examples,1
specializing,1
treated,1
thanks,1
explanation,1
implicated,1
bear,1
ecologically,1
values,1
uplift,1
refining,1
memoirs,1
misterios,1
eighty,1
homesteads,1
passes,1
distinctly,1
enormous,1
deserts,1
uncalibrated,1
clustered,1
profesor,1
individuality,1
looking,1
identity,1
regionalized,1
boulders,1
encouraged,1
findings,1
taller,1
esquivias,1
controlling,1
increases,1
combining,1
food,1
complement,1
hasta,1
volcanoes,1
decomissioned,1
operated,1
exciting,1
factor,1
numerous,1
affects,1
estela,1
relaciones,1
archéologique,1
harvard,1
tamtok,1
logics,1
localization,1
muñoz,1
tehuantepec,1
merit,1
michoacan,1
aesthetic,1
chosen,1
grinding,1
previous,1
write,1
interpretación,1
uruk,1
synthetic,1
involves,1
fallowing,1
douglas,1
versions,1
theses,1
tical,1
exports,1
compositions,1
substitutes,1
discovered,1
biblical,1
resamples,1
estuarine,1
adding,1
frustrated,1
communicated,1
comprehensive,1
op,1
venter,1
publication,1
inadequate,1
tl,1
groundcover,1
histórica,1
señoríos,1
faces,1
técnico,1
advocating,1
mississippian,1
christopher,1
allowed,1
reviewers,1
supplying,1
alor,1
revised,1
flood,1
ejemplo,1
stymied,1
summer,1
strange,1
responses,1
curve,1
static,1
structuring,1
lie,1
mammals,1
accurate,1
probable,1
southcentral,1
black,1
abundant,1
expressing,1
martin,1
vivienda,1
disasters,1
latter,1
difrusionist,1
quincentennial,1
inscribed,1
uanl,1
aquatic,1
valued,1
islote,1
discarded,1
septentrional,1
promote,1
antropologia,1
conduits,1
unconvinced,1
viable,1
relation,1
fainting,1
exported,1
correlated,1
sacrificios,1
respectively,1
étude,1
contact,1
acquire,1
anderson,1
effect,1
chapel,1
define,1
monographs,1
política,1
ngunnes,1
seeking,1
cebadilla,1
slightly,1
lay,1
present,1
accretional,1
adaptations,1
attracted,1
shamanic,1
workshop,1
finely,1
ecología,1
invented,1
retraction,1
northridge,1
policromas,1
epoca,1
quarterly,1
concluding,1
professional,1
bobos,1
huaxtec,1
tenuous,1
facilitates,1
modifications,1
soil,1
mesoamérical,1
altipiano,1
controversial,1
bibliographic,1
brown,1
justice,1
complicates,1
duplicated,1
performing,1
stands,1
cobata,1
dietary,1
rarity,1
compendium,1
confederated,1
pohl,1
suspects,1
european,1
route,1
mangrove,1
yields,1
aspirations,1
speculate,1
pictorial,1
undifferentiated,1
surpassed,1
abundance,1
meander,1
veneration,1
coupled,1
note,1
exceeding,1
inah,1
figure,1
crucial,1
ecological,1
linda,1
five,1
next,1
estatuilla,1
practical,1
maps,1
claimed,1
suspected,1
select,1
visibility,1
vertical,1
borstein,1
huilango,1
institutions,1
nexus,1
evenness,1
seeks,1
tecnno,1
translation,1
ovejas,1
itself,1
began,1
nuevo,1
dirt,1
visual,1
markers,1
importantly,1
monopolize,1
thirteen,1
martínez,1
position,1
sandwiched,1
recognize,1
paraphernalia,1
questioned,1
nororiental,1
guadalupe,1
figurine,1
consolidation,1
chiconquiaco,1
indicaciones,1
volumes,1
life,1
class,1
serpentine,1
responsible,1
cornice,1
edificio,1
clásica,1
atlan,1
periodizations,1
famous,1
antiquities,1
rsiacionai,1
finer,1
composed,1
michelet,1
jifl,1
supporting,1
espiritu,1
coordination,1
exists,1
instances,1
ensayos,1
imperialism,1
contemplating,1
ramirez,1
institution,1
multitude,1
unusual,1
ijmt,1
inaa,1
missouri,1
estimulation,1
corridor,1
beans,1
thick,1
ash,1
ranas,1
imitated,1
comparativa,1
stable,1
middens,1
hillwood,1
door,1
residentially,1
pèsquero,1
quantitative,1
burned,1
òan,1
fertility,1
differentiated,1
ïâ,1
then,1
thinking,1
discusiones,1
laraw,1
readers,1
tiem,1
ocupacional,1
broke,1
guadalcázar,1
equipo,1
niño,1
conclusion,1
ethnological,1
mesoaméricalurbanism,1
charting,1
version,1
calendrical,1
lor,1
conjunction,1
artefactos,1
conferees,1
mundo,1
reflexiones,1
founded,1
measurements,1
salvamento,1
canton,1
obsidiana,1
invoked,1
beside,1
continues,1
extension,1
reignited,1
scrutiny,1
aspects,1
thousand,1
iä,1
tamesipánuco,1
bronze,1
favors,1
lecftuga,1
physical,1
discrete,1
distributary,1
charles,1
rivero,1
carbondale,1
hacha,1
doi,1
sherds,1
cholultecas,1
originators,1
equipment,1
origo,1
sustained,1
affirmative,1
geoarchaeology,1
overexploitation,1
luisa,1
monograpn,1
centrai,1
why,1
mesoamérica,1
dimension,1
supposed,1
época,1
reunión,1
mutually,1
sociales,1
alvarez,1
cholulteca,1
cerámicas,1
hórreo,1
historicism,1
correspond,1
shares,1
religión,1
neglected,1
garrisons,1
lying,1
expanding,1
extraction,1
sizes,1
interested,1
superficie,1
exploration,1
ubiquitous,1
down,1
restrictive,1
alfarería,1
breaking,1
chipping,1
ph,1
half,1
cyclical,1
preclassic,1
floodplam,1
proportional,1
exceptional,1
eventually,1
iii,1
eschew,1
boasted,1
paso,1
obviously,1
loads,1
matthew,1
paisaje,1
geomorphic,1
chlorite,1
reconceptualize,1
build,1
associations,1
differed,1
protect,1
disputes,1
encountered,1
populous,1
imágenes,1
oress,1
bean,1
hint,1
scholarship,1
path,1
planetary,1
cal,1
zaragozloyameies,1
querétaro,1
romero,1
according,1
discuss,1
medias,1
explanations,1
medellin,1
heads,1
evocation,1
capita,1
conspire,1
carefully,1
investigation,1
circles,1
primer,1
stability,1
migratory,1
concerning,1
making,1
intensivo,1
iiíihii,1
papapoapan,1
codex,1
orleans,1
varying,1
discusión,1
ny,1
imposed,1
sal,1
français,1
disciplinary,1
drucker,1
metaphor,1
proven,1
juxtaposed,1
artifactual,1
inputs,1
enterramientos,1
mere,1
axis,1
interval,1
transactions,1
unrest,1
adaptation,1
extent,1
inscriptions,1
dieta,1
predate,1
ineaualitv,1
arellanos,1
foundations,1
periphery,1
incised,1
aguilar,1
prismatic,1
kaufman,1
gross,1
indirectly,1
ceja,1
reappraising,1
too,1
geofísica,1
habitational,1
ilmenitaen,1
universe,1
spaces,1
personal,1
socioeconomic,1
nj,1
mejía,1
emergent,1
caracterización,1
emanating,1
ü,1
espacio,1
preserved,1
careful,1
intercambios,1
altered,1
ruled,1
biologically,1
overseeing,1
recipients,1
conclude,1
affecting,1
redundant,1
sharer,1
introduced,1
preferable,1
prospect,1
carvings,1
prevalent,1
alternatives,1
puente,1
ortices,1
hieroglyphs,1
implicaciones,1
fl,1
predecessors,1
administration,1
simply,1
assumptions,1
investment,1
went,1
territory,1
rationale,1
exceeded,1
resistance,1
curet,1
manufacturing,1
pa,1
families,1
phenomenon,1
challenges,1
glyphic,1
communicative,1
estates,1
goals,1
mesoamericanists,1
coming,1
progradation,1
calibrated,1
function,1
come,1
diffusion,1
shores,1
perspectiva,1
comparable,1
multiperforados,1
peña,1
shown,1
spring,1
underworld,1
recording,1
commercial,1
disseminating,1
difference,1
reaction,1
notes,1
frontiers,1
lands,1
disposal,1
average,1
observed,1
arcnaic,1
finding,1
conditions,1
oaxaqueña,1
coatzacoalco,1
internally,1
exerted,1
recovering,1
greenstones,1
peru,1
wish,1
regionalismo,1
horno,1
instead,1
ojochal,1
tripping,1
chronology,1
uplifted,1
conservación,1
developmental,1
product,1
heartland,1
landed,1
involving,1
clues,1
colleagues,1
tobacco,1
daub,1
pluralistic,1
ca,1
permeable,1
francisco,1
minas,1
ranged,1
relationship,1
boletín,1
anonymous,1
respective,1
evidencias,1
territories,1
contradicted,1
removed,1
invoking,1
schiffer,1
meaning,1
interdisciplinary,1
themselves,1
yerbabuena,1
kauffman,1
discontinuous,1
consisted,1
pedro,1
reached,1
kingly,1
era,1
symbol,1
mixe,1
partial,1
norman,1
gainesville,1
manioc,1
exclusively,1
import,1
little,1
archeological,1
develop,1
corn,1
abandoned,1
complementarity,1
resampling,1
ends,1
cuajilotes,1
conocimiento,1
infancy,1
degrade,1
histórico,1
exploraciones,1
indicating,1
fostering,1
built,1
retains,1
durán,1
delayed,1
uncertain,1
gran,1
climax,1
evidently,1
symbolism,1
interlaced,1
vezetational,1
constitution,1
etnología,1
hypothesis,1
