WORDCOUNTS,WEIGHT
the,1204
and,936
of,926
in,582
mimbres,433
a,333
to,242
that,194
is,182
on,174
new,155
for,129
by,127
classic,120
are,116
have,108
at,107
j,106
as,100
with,98
region,94
from,91
m,89
research,85
s,83
mogollón,81
pithouse,81
mexico,78
archaeology,76
some,75
or,75
american,74
et,73
were,73
p,71
pottery,71
pp,68
been,68
university,65
also,65
archaeological,65
be,65
site,63
more,63
i,62
sites,62
was,58
late,58
has,58
c,58
it,57
not,57
large,56
h,55
but,55
southwest,55
no,54
this,54
hegmon,51
valley,51
although,50
other,49
there,49
phase,48
period,48
an,48
use,46
department,44
d,42
early,42
found,41
southwestern,40
l,40
evidence,40
these,39
eastern,38
w,38
most,38
work,38
mobility,36
r,35
social,35
one,34
b,34
nan,34
data,33
settlement,33
many,33
than,32
population,32
different,32
report,32
area,32
recent,32
ruin,31
e,29
studies,29
architecture,28
arizona,28
nelson,27
residential,27
which,27
designs,26
ad,26
pueblo,26
ma,26
across,26
including,26
analysis,26
papers,25
changes,25
prehistoric,25
few,25
areas,25
state,24
journal,24
general,24
structures,24
reorganization,24
anthropological,24
las,24
used,23
part,23
field,23
several,23
occupations,23
much,23
into,22
production,22
g,22
may,22
discussed,22
western,21
nm,21
study,21
k,21
upper,21
issues,21
excavated,21
museum,21
regional,21
only,21
number,21
might,20
organization,20
interpretations,20
during,20
kiva,20
around,20
various,20
communal,20
material,20
women,19
excavations,19
suggested,19
cultural,19
well,19
texas,19
ceramic,19
black,19
northern,19
see,19
analyses,18
gila,18
al,18
patterns,18
shafer,18
postclassic,18
architectural,18
ranch,18
what,18
through,18
between,18
thus,17
tucson,17
small,17
villages,17
world,17
southern,17
three,17
would,17
land,17
grant,17
later,16
survey,16
ritual,16
dependence,16
anyon,16
ceramics,16
argued,16
generally,16
rooms,16
occupation,16
people,16
made,16
mountain,16
earlier,16
often,16
antiquity,16
associated,16
anthropology,16
years,16
they,15
village,15
room,15
human,15
santa,15
creek,15
strategies,15
understanding,15
station,15
sequence,15
foundation,15
distribution,15
leblanc,14
creel,14
all,14
styles,14
possible,14
galaz,14
painted,14
important,14
populations,14
time,14
style,14
mortuary,14
primarily,14
detailed,14
press,14
north,14
household,14
common,13
college,13
prehispanic,13
regarding,13
such,13
relatively,13
gilman,13
beginning,13
subsistence,13
impact,13
burial,13
basis,13
its,13
t,13
published,13
suggest,13
periods,13
considerable,13
less,13
rio,13
cruces,13
considered,13
known,13
agricultural,13
art,13
remains,13
shift,13
interaction,13
focus,13
among,13
if,12
bowls,12
their,12
burials,12
based,12
puebloan,12
artifact,12
about,12
two,12
larger,12
systems,12
probably,12
occupied,12
indicate,12
life,12
abandonment,12
both,12
researchers,12
major,12
estimates,11
special,11
sedentism,11
change,11
society,11
movement,11
culture,11
noted,11
men,11
do,11
clear,11
provide,11
sometimes,11
who,11
phd,11
vessels,11
along,10
center,10
maize,10
history,10
materials,10
differences,10
case,10
better,10
stokes,10
dates,10
leadership,10
parts,10
river,10
called,10
because,10
annual,10
indicative,10
community,10
v,10
circle,10
pithouses,10
particularly,10
pit,10
resource,10
include,10
increased,10
groups,9
environmental,9
kinds,9
great,9
those,9
design,9
west,9
review,9
old,9
possibly,9
exchange,9
albuquerque,9
focused,9
gender,9
interpreted,9
he,9
grande,9
depicted,9
increasingly,9
farming,9
forms,9
where,9
similar,9
structure,9
james,9
concluded,9
she,9
school,9
then,9
pueblos,9
paper,9
past,9
information,9
variability,9
course,9
complex,8
upland,8
ii,8
implications,8
nature,8
east,8
development,8
drainage,8
his,8
sri,8
after,8
summarized,8
n,8
ancient,8
could,8
further,8
near,8
silver,8
sixty,8
when,8
limited,8
pattern,8
lake,8
provides,8
minnis,8
especially,8
can,8
seen,8
understand,8
table,8
variable,8
lekson,8
did,8
form,8
little,8
transition,8
salt,8
ninth,8
chicago,8
images,8
done,7
indicated,7
stylistic,7
distributed,7
needed,7
ceremonial,7
animas,7
season,7
seems,7
agriculture,7
unpublished,7
town,7
how,7
levels,7
ongoing,7
appear,7
example,7
documented,7
least,7
presented,7
presence,7
ancestral,7
preliminary,7
f,7
interpretation,7
cliff,7
conclusions,7
systematic,7
relevant,7
ladder,7
locations,7
diehl,7
range,7
perspectives,7
any,7
type,7
national,7
utah,7
should,7
uplands,6
palomas,6
excavation,6
hohokam,6
lower,6
archaeologists,6
either,6
tularosa,6
prior,6
cosgrove,6
kind,6
developments,6
houses,6
even,6
details,6
apparently,6
using,6
drainages,6
developed,6
clearly,6
just,6
four,6
communities,6
greater,6
produced,6
naturalistic,6
symbolism,6
broad,6
surrounding,6
preparation,6
interregional,6
hard,6
quite,6
characteristics,6
portions,6
maxwell,6
related,6
mesa,6
identified,6
overall,6
chronology,6
others,6
demographic,6
focusing,6
perhaps,6
another,6
examples,6
assemblages,6
systematics,6
food,6
processes,6
office,6
anasazi,6
historic,6
times,6
graves,6
ideational,6
slightly,6
la,6
az,6
bureau,6
fairly,6
continued,6
lines,6
earliest,6
series,6
organizational,6
natural,6
continental,6
reported,6
pine,6
potential,6
substantial,6
technological,6
resources,6
increase,6
does,5
now,5
meaning,5
aboveground,5
systematically,5
likely,5
salado,5
descriptions,5
being,5
specifically,5
available,5
political,5
investigations,5
within,5
context,5
iii,5
diversity,5
canyon,5
treasure,5
given,5
casas,5
wares,5
storage,5
hamlet,5
york,5
rather,5
certain,5
í,5
space,5
lives,5
consider,5
occupational,5
jars,5
additional,5
suites,5
had,5
out,5
scenes,5
term,5
block,5
applied,5
scale,5
jornada,5
record,5
numerous,5
blake,5
aspects,5
concept,5
reserve,5
apparent,5
discussions,5
myriad,5
climatic,5
working,5
results,5
moved,5
south,5
chap,5
yet,5
us,5
included,5
end,5
depopulation,5
sierra,5
local,5
cambridge,5
comprehensive,5
so,5
we,5
attention,5
widely,5
grandes,5
bulletin,5
began,5
construction,5
detail,5
following,5
shaffer,5
changing,5
cuchillo,5
alternative,5
over,5
each,5
seem,5
powell,5
far,5
plazas,5
thompson,5
hamlets,5
accounts,5
theory,5
her,5
conference,5
level,5
despite,5
became,5
here,5
meeting,5
difficult,4
represent,4
per,4
mattocks,4
necessarily,4
contexts,4
test,4
first,4
submitted,4
advanced,4
suggesting,4
farmers,4
rich,4
dd,4
issue,4
side,4
masked,4
demography,4
discuss,4
vol,4
soils,4
austin,4
seco,4
relationships,4
dynamics,4
relations,4
sample,4
century,4
ai,4
fig,4
cameron,4
rock,4
caballo,4
basic,4
sw,4
landscapes,4
preservation,4
burro,4
evolution,4
animals,4
roth,4
flexibility,4
established,4
organized,4
house,4
surface,4
beyond,4
indications,4
decades,4
drawing,4
dc,4
iconography,4
irrigation,4
changed,4
sedentary,4
mesoamerican,4
understood,4
institute,4
montoya,4
fish,4
floodplain,4
realm,4
middle,4
personal,4
focuses,4
precipitation,4
below,4
tempe,4
contrast,4
poster,4
long,4
climate,4
cosmology,4
notes,4
provided,4
activities,4
chronological,4
portion,4
san,4
lawn,4
absence,4
economic,4
synthesis,4
subject,4
female,4
above,4
ware,4
coverage,4
management,4
same,4
insights,4
reports,4
reliance,4
considers,4
motifs,4
projects,4
water,4
longer,4
turner,4
contemporary,4
substantially,4
degree,4
interpreting,4
discussion,4
full,4
washington,4
described,4
health,4
decorated,4
martin,4
problems,4
craft,4
figures,4
institution,4
relative,4
division,4
clusters,4
relationship,4
increasing,4
flower,4
involving,4
hill,4
male,4
collections,4
class,4
methods,4
fe,4
types,4
centuries,4
stable,4
prehistory,4
mentioned,4
extensive,4
theme,4
smithsonian,4
know,4
emergence,4
current,4
domestic,4
corrugated,4
mangas,4
wealth,4
rely,4
goods,4
places,4
brody,4
kivas,4
proceedings,4
particular,4
extent,4
prestige,4
almost,4
size,4
practices,4
techniques,4
contribute,4
our,4
until,4
argument,4
contract,4
conditions,4
contributed,4
smaller,4
defined,4
tributaries,4
association,4
assumed,4
elites,4
corn,4
corporate,3
functional,3
resulted,3
red,3
mountains,3
becoming,3
mesoamerica,3
conducted,3
led,3
stone,3
ways,3
sapillo,3
painters,3
arguing,3
bettison,3
preceding,3
universitv,3
roomblocks,3
timing,3
exotic,3
stoffel,3
vegetation,3
last,3
somewhat,3
mills,3
similarities,3
system,3
existence,3
cited,3
reconstruction,3
warfare,3
hudson,3
labor,3
linked,3
central,3
chaco,3
chapters,3
includes,3
collapse,3
component,3
hierarchy,3
jr,3
assessment,3
transitional,3
underlying,3
perspective,3
amount,3
third,3
y,3
look,3
luna,3
nuanced,3
phases,3
higher,3
themes,3
portrayed,3
highway,3
approaches,3
productive,3
support,3
locally,3
specialization,3
interim,3
schollmeyer,3
potters,3
commonly,3
drought,3
always,3
strategy,3
deming,3
result,3
my,3
typical,3
access,3
depletion,3
flying,3
fourth,3
appears,3
recently,3
outside,3
facilities,3
networks,3
macaws,3
artifacts,3
los,3
su,3
antiauitx,3
polychrome,3
bowl,3
whole,3
overview,3
northwest,3
il,3
realms,3
intersite,3
involve,3
synthesized,3
involved,3
habitation,3
naa,3
brown,3
lyle,3
will,3
critical,3
second,3
variety,3
short,3
located,3
nearly,3
intensively,3
still,3
extraregional,3
wind,3
verde,3
examined,3
inferences,3
largest,3
already,3
steve,3
prepared,3
useful,3
volume,3
provenience,3
depict,3
richer,3
diverse,3
present,3
purposes,3
acoma,3
assemblage,3
valleys,3
remained,3
status,3
analyzed,3
extended,3
background,3
treated,3
completed,3
looting,3
refers,3
juan,3
usdi,3
harvard,3
questions,3
variables,3
real,3
continue,3
ceremonies,3
imagery,3
dating,3
low,3
emap,3
mcfarland,3
characterized,3
ellis,3
features,3
households,3
courtyard,3
topics,3
examine,3
obsidian,3
professional,3
cruz,3
science,3
anatomical,3
dimensions,3
importance,3
dissertation,3
environment,3
suite,3
conclusion,3
intensification,3
peoples,3
simply,3
bioarchaeological,3
temporal,3
reconnaissance,3
colorado,3
tj,3
sampling,3
best,3
kachina,3
whether,3
terms,3
stability,3
making,3
adaptation,3
while,3
suggests,3
saige,3
mcanally,3
vista,3
paintings,3
city,3
role,3
copper,3
swarts,3
question,3
understandings,3
negro,3
birth,3
decrease,3
sandor,3
states,3
enclosed,3
supported,3
correlate,3
debate,3
norman,3
munson,3
entire,3
peabody,3
strong,3
final,2
frequent,2
ä,2
currently,2
mostly,2
lagomorph,2
fraction,2
concerned,2
pull,2
affected,2
expedition,2
determine,2
apache,2
economies,2
introduction,2
group,2
settlements,2
residences,2
linkages,2
ana,2
constitutes,2
completely,2
inconsistent,2
seriation,2
flows,2
boulder,2
decade,2
comparisons,2
occurred,2
behavior,2
before,2
underlain,2
source,2
mci,2
stress,2
hopi,2
certainly,2
address,2
worked,2
confirmed,2
principles,2
crops,2
able,2
religion,2
monograph,2
subsequent,2
concepts,2
posts,2
occasional,2
badly,2
westview,2
gaps,2
u,2
jett,2
alamosa,2
representations,2
quantities,2
pruitt,2
fitting,2
arenas,2
dutch,2
suny,2
point,2
very,2
indicating,2
apply,2
tantalizing,2
collection,2
signal,2
neutron,2
frequencies,2
multidimensional,2
severe,2
mine,2
since,2
beliefs,2
de,2
terraces,2
interest,2
gendered,2
ethnobotanical,2
engendering,2
colleee,2
chihuahua,2
nogue,2
document,2
refer,2
served,2
overarching,2
drawn,2
archaeologist,2
wet,2
statements,2
links,2
growth,2
main,2
district,2
square,2
landscape,2
myself,2
conceptions,2
cult,2
pétrographie,2
inconsistently,2
progressive,2
derived,2
represents,2
symbols,2
cave,2
scales,2
lobes,2
white,2
moves,2
insubstantial,2
shell,2
thought,2
references,2
arid,2
retained,2
intensive,2
mano,2
dated,2
section,2
elsewhere,2
germane,2
frequently,2
reviewed,2
show,2
origins,2
chronometrie,2
buffalo,2
shifted,2
syntheses,2
flow,2
janss,2
whereas,2
ga,2
questioned,2
future,2
six,2
method,2
faunal,2
mapping,2
centers,2
deal,2
facilitate,2
lizard,2
diet,2
unpainted,2
circulation,2
density,2
equally,2
tools,2
ot,2
persons,2
analogous,2
otherwise,2
russell,2
albuaueraue,2
scene,2
mapped,2
received,2
imports,2
illustrated,2
patterning,2
revealed,2
lai,2
technical,2
year,2
database,2
refined,2
partly,2
reactor,2
fruitful,2
bat,2
rituals,2
showing,2
manifestation,2
preceded,2
good,2
fallow,2
hole,2
mitchell,2
autonomy,2
peak,2
microstylistic,2
distinguished,2
productivity,2
ïj,2
discusses,2
newly,2
pot,2
valuable,2
span,2
activation,2
morphology,2
groundstone,2
hydration,2
varíen,2
comparative,2
expansion,2
forward,2
jewelry,2
dwellings,2
make,2
indicates,2
comments,2
paint,2
religious,2
mammal,2
springs,2
edited,2
violence,2
nonlocal,2
makes,2
á,2
residence,2
continuity,2
sociocultural,2
technology,2
mobile,2
mauldin,2
processing,2
rabbits,2
complete,2
every,2
picture,2
lee,2
name,2
museums,2
decoration,2
power,2
similarly,2
photographs,2
towards,2
complementary,2
analytical,2
locational,2
courtyards,2
consideration,2
treatment,2
pressure,2
foods,2
proposal,2
grave,2
demonstrating,2
everything,2
variation,2
honor,2
anthropologist,2
unit,2
continuing,2
compositional,2
forth,2
deep,2
native,2
project,2
frequency,2
shifts,2
differentiation,2
riparian,2
pruth,2
crown,2
private,2
comprise,2
brady,2
schaafsma,2
desert,2
ethnology,2
tx,2
emphasize,2
assume,2
rare,2
recovery,2
radiocarbon,2
eleventh,2
theoretical,2
involves,2
laumbach,2
roberts,2
ties,2
margaret,2
transformation,2
directed,2
elk,2
authors,2
points,2
individual,2
geographically,2
roomblock,2
dry,2
applicable,2
buckaroo,2
become,2
relation,2
depictions,2
anderson,2
intrasite,2
hierarchical,2
implication,2
procurement,2
factors,2
indication,2
suggestion,2
imply,2
me,2
catron,2
ecological,2
usually,2
five,2
fields,2
reasonable,2
begin,2
exceptional,2
kachinas,2
floor,2
percha,2
sequences,2
try,2
volumes,2
researcher,2
united,2
hope,2
dead,2
canada,2
unusual,2
problematic,2
middens,2
residentially,2
quantitatively,2
quantitative,2
burned,2
sections,2
shaw,2
reconceptualizations,2
heavy,2
rarely,2
practice,2
dispersed,2
complexity,2
minneapolis,2
geographic,2
pace,2
precise,2
charles,2
carbondale,2
text,2
sourcing,2
drew,2
gran,2
set,2
integrative,2
control,2
rainfall,2
baseline,2
migration,2
argue,2
eventually,2
historical,2
living,2
destroyed,2
sexual,2
explanations,2
cremations,2
spatial,2
orleans,2
berrenda,2
periphery,2
bradfield,2
divide,2
animal,2
placement,2
categories,2
cluster,2
remodeled,2
outline,2
recognition,2
multiple,2
ill,2
garfield,2
prevalent,2
pecos,2
summarizes,2
mineralogical,2
terminal,2
wild,2
formation,2
ultimately,2
mayo,2
trevathan,2
difference,2
illinois,2
victorio,2
documentation,2
repon,2
need,2
specialists,2
winn,2
integration,2
regular,2
attributes,2
colleagues,2
magdalena,2
paquimé,2
ruth,2
km,2
villareal,2
reached,2
partial,2
surveys,2
ronnie,2
gulf,2
famous,2
broader,2
ca,2
built,2
cordova,1
problem,1
resolve,1
cultigens,1
riskier,1
go,1
ja,1
rchaeological,1
inward,1
ocotillo,1
interhousehold,1
o,1
child,1
convergence,1
feces,1
estimated,1
brewington,1
altamira,1
names,1
stood,1
isotopes,1
twelvetrees,1
separated,1
ackerly,1
market,1
northeast,1
measures,1
feathered,1
adoption,1
ilpliíífilüí,1
unevenly,1
expect,1
elaborately,1
twelfth,1
replaced,1
partially,1
summarizing,1
mike,1
excfiange,1
enhance,1
essays,1
closure,1
symbolize,1
maíz,1
reflections,1
formed,1
asserted,1
specialist,1
true,1
postdate,1
summaries,1
mexican,1
investigating,1
di,1
transportation,1
modern,1
park,1
ms,1
ti,1
reasonably,1
oppressive,1
fieldhouses,1
virtually,1
organic,1
encourage,1
inequality,1
ethnoarchaeological,1
remedy,1
exceptions,1
finely,1
nineteenth,1
something,1
eye,1
jp,1
controlled,1
precursors,1
leads,1
colon,1
file,1
round,1
said,1
consistent,1
attribute,1
karen,1
way,1
newmextco,1
sources,1
reconstructions,1
revisited,1
jackson,1
majority,1
cosgroves,1
exclusive,1
avanyu,1
originally,1
exploration,1
impacts,1
concentrated,1
cccupation,1
rapid,1
plateau,1
attempt,1
astronomical,1
progression,1
puebloans,1
fragmentary,1
england,1
transformational,1
gary,1
layout,1
delineation,1
amateurs,1
height,1
societies,1
interred,1
individuals,1
tradition,1
stringent,1
secondary,1
assess,1
daily,1
simple,1
thank,1
duran,1
marek,1
studied,1
sometime,1
service,1
closer,1
restudied,1
characterizing,1
hunting,1
evolving,1
bradsby,1
jill,1
punched,1
emphasized,1
precisely,1
sacred,1
portales,1
reminiscent,1
classified,1
depleted,1
wage,1
babo,1
worldwide,1
el,1
depends,1
lessened,1
growing,1
slip,1
empty,1
inclusive,1
dome,1
dissemination,1
pilstructures,1
forthcoming,1
moisture,1
projectile,1
plain,1
key,1
capacity,1
continuum,1
encouraging,1
conditioned,1
rincón,1
america,1
incorporate,1
draw,1
approximations,1
arrhnrninov,1
chapter,1
account,1
indirectly,1
uneven,1
whalen,1
welcome,1
marked,1
karl,1
activity,1
securely,1
illustrate,1
zuni,1
burning,1
gavilán,1
contemporaneous,1
aka,1
anatomically,1
functions,1
bibliography,1
kirkpatrick,1
vital,1
obvious,1
stratigraphy,1
silting,1
combination,1
peggy,1
surrounded,1
except,1
conceptual,1
uses,1
enlargement,1
desirable,1
beauregard,1
adaptive,1
considerably,1
decreasing,1
description,1
horticulturalists,1
remodeling,1
conkey,1
extramural,1
mealing,1
emapin,1
overlaps,1
evaluating,1
sanchez,1
localized,1
funded,1
lntradepartmental,1
savine,1
september,1
squash,1
throughout,1
examining,1
willow,1
macaw,1
timber,1
differential,1
reservoir,1
ù,1
mundane,1
microstyle,1
reused,1
influx,1
explained,1
dotted,1
estimating,1
ute,1
roger,1
pursue,1
eating,1
pilot,1
calculated,1
giia,1
postad,1
against,1
pursuit,1
swentzell,1
corner,1
uppermost,1
intact,1
reflection,1
ability,1
sp,1
raises,1
contra,1
cf,1
subadults,1
extensively,1
snake,1
forced,1
turn,1
unity,1
cases,1
turnbow,1
sworts,1
distinct,1
melamine,1
canal,1
depend,1
multiroom,1
back,1
subjects,1
butte,1
body,1
response,1
serving,1
determination,1
oxford,1
phelps,1
compared,1
applying,1
left,1
estimate,1
publications,1
fowler,1
compare,1
find,1
like,1
wilcox,1
masterkey,1
identifications,1
fieldiana,1
terrace,1
ny,1
veneration,1
adult,1
pronounced,1
influence,1
impressions,1
conceptually,1
poorly,1
walls,1
selected,1
typified,1
posited,1
crow,1
ridge,1
oj,1
civilization,1
gaining,1
ruins,1
kidney,1
simultaneously,1
fort,1
high,1
recognized,1
ú,1
added,1
played,1
indoor,1
réévaluation,1
ujo,1
identification,1
sil,1
collected,1
transformations,1
synthesizing,1
subjected,1
reviews,1
tabulated,1
intraregional,1
absent,1
everett,1
compatible,1
remain,1
abundance,1
baba,1
lie,1
evaluation,1
appreciation,1
cremation,1
lasting,1
refine,1
precluded,1
js,1
vandalized,1
dealt,1
determining,1
risk,1
lasted,1
flexible,1
leave,1
dancers,1
direct,1
contributions,1
signatures,1
matched,1
lacking,1
mesilla,1
consequences,1
dipeso,1
reclamation,1
amarillo,1
supposed,1
compilation,1
addressing,1
fn,1
plaza,1
means,1
modified,1
category,1
amassing,1
paragraphs,1
perceptions,1
nor,1
fieldhouse,1
circulated,1
facilitated,1
civilizations,1
ramp,1
hinkson,1
kintigh,1
fishes,1
branch,1
badger,1
numbers,1
weak,1
shore,1
bulldozing,1
calendar,1
too,1
pullman,1
accumulating,1
xi,1
advancing,1
proven,1
potteryfamous,1
pinnacle,1
shorter,1
calculations,1
peru,1
isolation,1
substantiated,1
circulating,1
comprising,1
hidalgo,1
â,1
terminology,1
reconsideration,1
mix,1
neitzel,1
plenum,1
permanent,1
equated,1
helped,1
calgary,1
providing,1
view,1
creeks,1
friends,1
twelveth,1
countv,1
sv,1
distinction,1
closely,1
advance,1
incomplete,1
underrepresented,1
mtn,1
wide,1
bearing,1
carmichael,1
downstream,1
histories,1
carrying,1
extraordinary,1
chipped,1
traditionally,1
tailings,1
hattie,1
effort,1
missouri,1
lived,1
lippmeier,1
transference,1
shared,1
medallion,1
radical,1
monitoring,1
centrally,1
subsurface,1
isotope,1
arable,1
im,1
representative,1
respects,1
big,1
floodwater,1
handbook,1
saa,1
paiarito,1
tarahumara,1
informed,1
buried,1
caves,1
circular,1
ñ,1
skilled,1
mate,1
rabbit,1
ccccc,1
socorro,1
unpacking,1
intensity,1
cannot,1
excellent,1
spiritual,1
amassed,1
counties,1
absolute,1
abandonments,1
dwellers,1
symbolizes,1
professionals,1
decapitation,1
acknowledgments,1
drain,1
stratigraphie,1
creates,1
warned,1
possibility,1
huge,1
receive,1
currey,1
failure,1
shape,1
directly,1
hybrid,1
distinctiveness,1
coursed,1
line,1
sonora,1
figurative,1
bc,1
interdiscinlinarv,1
residents,1
é,1
organize,1
phenomena,1
tool,1
palacio,1
comprises,1
shaffers,1
prominent,1
prompted,1
heavily,1
london,1
hereditary,1
tributary,1
multilayered,1
edn,1
clearer,1
commonalities,1
indigenous,1
microenvironmental,1
gileño,1
parrots,1
stein,1
literature,1
q,1
paints,1
consistently,1
holliday,1
intermediate,1
place,1
icon,1
contains,1
records,1
accumulation,1
ü,1
hi,1
away,1
reflect,1
manente,1
rise,1
floors,1
walnut,1
michelle,1
southerly,1
manage,1
avilas,1
olive,1
elephant,1
cornerstone,1
memoirs,1
anchored,1
trends,1
markedly,1
contradictions,1
gap,1
chemistry,1
sampled,1
approach,1
errors,1
regions,1
subtle,1
distinctions,1
staple,1
responses,1
stylized,1
codirected,1
computer,1
ratios,1
unpopular,1
painting,1
sense,1
indicator,1
firepit,1
describing,1
wi,1
mckusick,1
drier,1
theoretically,1
stage,1
resolving,1
coupled,1
indicators,1
relating,1
next,1
archaeofaunas,1
applicability,1
typically,1
uninformed,1
interacting,1
owned,1
pond,1
scarlet,1
encompasses,1
chichimeca,1
jjsartield,1
highly,1
bray,1
oral,1
depression,1
brought,1
dramatic,1
petroglyphs,1
mixing,1
methodological,1
corridor,1
degradation,1
core,1
fully,1
up,1
scott,1
moist,1
dependent,1
degeneration,1
citations,1
woodrow,1
distinguishing,1
roots,1
cycle,1
grateful,1
sj,1
intermarriage,1
hvidence,1
dietary,1
knowledge,1
avoid,1
input,1
whittlesey,1
barbara,1
costen,1
unidimensional,1
therefore,1
nesbitt,1
hatch,1
underground,1
situation,1
varien,1
reduced,1
brodv,1
comment,1
van,1
carried,1
gather,1
cosmological,1
beloit,1
positions,1
crowding,1
corporation,1
archaization,1
harris,1
matrilineal,1
exception,1
poor,1
beliefspossibly,1
converted,1
harry,1
tor,1
expanded,1
symmetry,1
interactions,1
accumulations,1
corners,1
macrobotanical,1
unprecedented,1
humans,1
perennial,1
artist,1
ocho,1
hero,1
seemingly,1
abrupt,1
surveyed,1
tends,1
direction,1
confounded,1
structural,1
spectacular,1
southeast,1
label,1
metates,1
ubiquity,1
accumulate,1
pacific,1
incursion,1
quadrant,1
repressive,1
interrelationship,1
cleveland,1
toolkits,1
resolvedideally,1
god,1
bone,1
remnant,1
favorable,1
thesis,1
index,1
perceived,1
sky,1
compiled,1
semisubterranean,1
matson,1
home,1
publishing,1
dropped,1
sharply,1
ethnographic,1
repercussions,1
families,1
indian,1
robust,1
reprint,1
garland,1
causality,1
fill,1
lack,1
actually,1
members,1
walled,1
resolution,1
comparison,1
prompting,1
think,1
ahlstrom,1
death,1
amerind,1
crm,1
varies,1
addition,1
adobe,1
depopulated,1
equating,1
cultivated,1
mukilayered,1
archaeoloqx,1
assumblage,1
contrasts,1
chisholm,1
ijîiïkf,1
blocks,1
seasonality,1
katsina,1
instability,1
collece,1
agree,1
attempting,1
rebuilding,1
angeles,1
banks,1
gray,1
carbone,1
buckhorn,1
feasting,1
arthur,1
identical,1
treasured,1
man,1
sumerian,1
oc,1
worn,1
typological,1
covers,1
acequia,1
behind,1
adjacent,1
monographs,1
fame,1
epigenetic,1
mímbrenos,1
ground,1
upham,1
manos,1
increases,1
nf,1
covered,1
model,1
hybrids,1
metaphors,1
understudied,1
gulch,1
accepted,1
establish,1
vulnerable,1
shown,1
lion,1
otffer,1
coincided,1
council,1
origin,1
maturity,1
schick,1
touch,1
woman,1
chronologically,1
teeth,1
belief,1
discard,1
cosmos,1
stunning,1
muay,1
explicitly,1
lunar,1
cedar,1
convenient,1
violent,1
connections,1
argues,1
synonym,1
manageable,1
aggregation,1
classes,1
greatest,1
vast,1
dissimilar,1
upon,1
chronologies,1
mimbreño,1
formal,1
analyzes,1
consonant,1
simulating,1
strongly,1
manifestations,1
ucla,1
samples,1
birds,1
encouraged,1
varying,1
empirical,1
potterv,1
entirely,1
waste,1
significant,1
turbulent,1
complement,1
hypotheses,1
intermittent,1
hadji,1
saying,1
factor,1
affects,1
pili,1
extraordinarily,1
discontinuity,1
nothing,1
laboratory,1
examination,1
stay,1
archive,1
immeasurably,1
synthetic,1
nuclear,1
reevaluated,1
theses,1
trade,1
significance,1
exports,1
discovered,1
reality,1
grew,1
peripheral,1
publication,1
interpret,1
co,1
unwalled,1
deals,1
held,1
drains,1
deposits,1
floodplains,1
allowed,1
collaboration,1
helpful,1
ftruthof,1
function,1
summer,1
tribal,1
depiction,1
pj,1
looters,1
addi,1
sawmill,1
spirits,1
pozos,1
excavating,1
latter,1
leg,1
agriculturalists,1
roofs,1
labels,1
je,1
elaborate,1
mining,1
normally,1
constructing,1
epistemology,1
assessing,1
contact,1
exactly,1
effect,1
seattle,1
excluded,1
availability,1
otherworld,1
analyze,1
emil,1
equivalent,1
adaptations,1
durango,1
versus,1
diameters,1
empiricist,1
destruction,1
debut,1
conveyed,1
walsh,1
lü,1
vertebrate,1
imported,1
encompassing,1
species,1
decision,1
overlapping,1
contributes,1
hindered,1
enough,1
disert,1
seasons,1
discussing,1
dolores,1
dual,1
today,1
looted,1
note,1
reviewer,1
llîfi,1
lot,1
garvin,1
bulk,1
figure,1
washed,1
moyle,1
anthronoloev,1
ideology,1
testing,1
suggestive,1
bj,1
rough,1
vertical,1
logan,1
fewer,1
insufficient,1
le,1
referred,1
beheading,1
directions,1
ernestine,1
effectively,1
proposition,1
grinding,1
procured,1
originated,1
rapidly,1
montezuma,1
length,1
dinwiddie,1
spanning,1
settled,1
directorate,1
reaches,1
responsible,1
arts,1
chamber,1
antiquities,1
inaa,1
supporting,1
extremely,1
suprahousehold,1
eugene,1
pressures,1
investigate,1
regionwide,1
areal,1
addressed,1
stephen,1
cannon,1
anthropomorphic,1
katchina,1
magnitude,1
deposited,1
exercised,1
rea,1
comes,1
homogeneity,1
incorporated,1
finest,1
spanish,1
founded,1
wear,1
scarcely,1
woosley,1
herrington,1
word,1
symbolic,1
untapped,1
claims,1
corrections,1
sorts,1
snaketown,1
mclntyre,1
equation,1
wellknown,1
dimension,1
masonry,1
ortiz,1
specialized,1
antiauin,1
suggestions,1
december,1
tlalocs,1
refinements,1
sizes,1
punching,1
interested,1
historians,1
lifethere,1
believe,1
sm,1
outdoor,1
unknown,1
leaders,1
fanning,1
southernmost,1
ornament,1
regard,1
post,1
harvest,1
er,1
collectors,1
contradictory,1
geomorphic,1
macroplant,1
valli,1
cultivation,1
primary,1
jennifer,1
hilltops,1
wood,1
distinctive,1
closest,1
prospects,1
utilized,1
rural,1
proposed,1
advances,1
merely,1
turned,1
analytically,1
believed,1
avtos,1
william,1
game,1
delineated,1
automatically,1
answered,1
investigation,1
lands,1
them,1
cooking,1
plants,1
nearby,1
males,1
treering,1
moulard,1
seasonal,1
artifactual,1
storm,1
manuscripts,1
ripe,1
shortages,1
cratt,1
waters,1
thames,1
healthy,1
studying,1
require,1
produce,1
nesting,1
precedent,1
minimal,1
dentition,1
scenarios,1
emphasis,1
examdle,1
travel,1
popular,1
st,1
ritually,1
son,1
cñ,1
preserved,1
severely,1
awkwardly,1
potterymaking,1
disparate,1
redundant,1
contemporaneity,1
introduced,1
farmland,1
content,1
courses,1
procure,1
gero,1
bussey,1
antiauity,1
dental,1
ac,1
waning,1
infamous,1
went,1
exceeded,1
entry,1
fmm,1
antiquitx,1
bridges,1
paid,1
phenomenon,1
indians,1
phoenix,1
mention,1
allows,1
maintained,1
isolated,1
representation,1
asynchronous,1
accorded,1
childhood,1
sigma,1
varied,1
subsumed,1
crosscultural,1
come,1
susceptible,1
glowacki,1
tlaloc,1
undecorated,1
schlanger,1
darrell,1
devoted,1
rowers,1
spring,1
underworld,1
commercial,1
referenced,1
ramona,1
finding,1
twentieth,1
protohistoric,1
paradigm,1
maneas,1
northland,1
slope,1
catherine,1
neis,1
explanation,1
offer,1
joined,1
approximately,1
instead,1
sá,1
stailey,1
correlated,1
gopher,1
physical,1
manufacture,1
arrhapnlnpv,1
product,1
basketmaker,1
bear,1
variously,1
effects,1
clues,1
forming,1
prehispamc,1
await,1
bliss,1
probabilistic,1
madison,1
typology,1
lj,1
roughly,1
indices,1
roles,1
summary,1
anonymous,1
cracked,1
needs,1
am,1
vi,1
offered,1
specific,1
conceptualizing,1
vessel,1
carbon,1
removed,1
schiffer,1
chambers,1
themselves,1
bell,1
ham,1
radioanalytical,1
patricia,1
sharing,1
texts,1
develop,1
winston,1
counts,1
boldface,1
comparable,1
detriment,1
statement,1
oí,1
southeastern,1
showed,1
close,1
draft,1
gourd,1
retention,1
deeper,1
nonpottery,1
thorough,1
