WORDCOUNTS,WEIGHT
the,1165
of,876
and,826
in,496
moche,485
de,366
a,335
la,248
to,228
del,178
j,171
pp,167
is,155
at,150
el,120
that,118
as,108
for,107
huaca,97
en,90
on,90
y,81
l,81
archaeology,77
from,77
universidad,74
an,72
huacas,72
was,71
new,69
valley,67
e,66
c,65
political,64
los,64
by,64
this,62
with,61
be,61
state,60
have,60
university,59
southern,57
are,54
its,52
were,51
been,51
luna,49
r,49
or,49
s,48
peru,48
between,48
ancient,47
north,47
it,46
phase,46
k,45
northern,44
católica,44
andean,44
pontificia,44
not,43
fondo,43
et,42
more,42
cultura,42
springer,42
has,41
m,41
res,41
archaeol,40
al,40
these,40
art,40
sobre,39
society,38
ceramic,38
santa,37
uceda,36
g,35
elite,35
d,35
ad,33
their,33
cultural,33
actas,32
b,32
power,32
coloquio,32
nacional,32
i,30
urban,30
archaeological,30
h,28
may,28
castillo,28
but,28
early,28
two,27
complex,26
american,26
during,26
culture,26
texas,25
valleys,25
one,24
site,24
no,24
donnan,24
peruvian,24
major,24
final,23
valle,23
such,23
could,23
late,23
several,23
w,22
hacia,22
sites,22
tombs,22
andines,22
first,21
jequetepeque,21
most,21
research,21
various,21
middle,21
segundo,20
organization,20
well,20
coast,20
over,20
polities,20
brujo,19
they,19
center,19
into,19
nature,19
other,19
iv,19
some,19
collapse,19
san,19
v,19
period,19
national,19
should,19
t,18
journal,18
study,18
lima,18
arqueológico,18
dumbarton,18
data,18
also,18
sequence,18
although,18
du,17
ciencias,17
ritual,17
facultad,17
monumental,17
iconography,17
josé,17
mochica,17
same,17
model,17
craft,17
nuevos,17
sacrificial,17
perspectives,17
banco,17
français,17
states,17
investigaciones,16
complejo,16
victims,16
human,16
dates,16
larco,16
out,16
ceramics,16
crédito,16
single,16
chronology,16
very,16
large,15
warfare,15
una,15
gallery,15
p,15
will,15
only,15
style,15
made,15
sociopolitical,15
analysis,15
each,15
different,14
old,14
civilization,14
centers,14
chicama,14
south,14
social,14
understanding,14
cao,14
radiocarbon,14
sol,14
iii,14
dos,14
propuestas,13
studies,13
royal,13
lower,13
case,13
sipán,13
sacrifice,13
polity,13
f,13
scholars,13
which,13
carried,13
class,13
temple,13
bourget,13
through,13
recent,13
if,12
production,12
all,12
within,12
thus,12
development,12
century,12
similar,12
primer,12
chapdelaine,12
religious,12
travaux,12
rulers,12
bulletin,12
antiquity,12
las,12
revista,12
our,12
huancaco,11
reinos,11
certainly,11
cerro,11
vol,11
central,11
proposed,11
buildings,11
around,11
decline,11
results,11
second,11
arqueologia,11
including,11
gallinazo,11
señores,11
niño,11
did,11
vessels,11
role,11
evidence,11
mostly,10
last,10
than,10
angeles,10
population,10
plaza,10
settlement,10
he,10
still,10
museum,10
regional,10
maya,10
ethnic,10
we,10
considered,10
associated,10
tomb,10
domestic,10
much,10
among,10
difficult,9
moro,9
group,9
tome,9
possible,9
used,9
after,9
latin,9
arqueología,9
upper,9
origins,9
dominant,9
important,9
public,9
mochicas,9
us,9
longer,9
ruling,9
ö,9
probably,9
relationship,9
ideology,9
who,9
detailed,9
control,9
anthropology,9
both,9
level,9
remains,9
building,9
sphere,8
needed,8
history,8
occurred,8
ô,8
information,8
since,8
norte,8
université,8
phases,8
his,8
linked,8
had,8
view,8
dc,8
viejo,8
arqueológica,8
work,8
least,8
sitio,8
ceremonial,8
shimada,8
architecture,8
department,8
time,8
number,8
urbanism,8
cabezas,8
especially,8
vini,8
sequences,8
quilter,8
cotsen,8
palace,8
pañamarca,8
institute,8
world,8
years,8
now,7
zana,7
stylistic,7
nord,7
diversity,7
being,7
archaeologists,7
available,7
hierarchy,7
even,7
developed,7
galindo,7
burials,7
support,7
ceremony,7
prehistoric,7
based,7
burial,7
explain,7
near,7
côte,7
spheres,7
related,7
realm,7
fieldwork,7
approach,7
presented,7
arquitectura,7
yet,7
projects,7
patterns,7
cambridge,7
discovery,7
range,7
identity,7
architectural,7
can,7
division,7
provide,7
wilson,7
must,7
geographic,7
set,7
smithsonian,7
paper,7
distinctive,7
advances,7
what,7
nepeña,7
museo,7
formation,7
archaic,7
mujica,7
capital,6
origin,6
rafael,6
current,6
investigations,6
likely,6
excavations,6
third,6
fowler,6
look,6
ucupe,6
costa,6
understand,6
international,6
occupation,6
residential,6
instrumental,6
because,6
andes,6
horizon,6
change,6
order,6
annual,6
when,6
francais,6
local,6
identified,6
gradual,6
located,6
make,6
makes,6
hegemonic,6
under,6
lord,6
funerary,6
many,6
where,6
project,6
use,6
clear,6
would,6
sian,6
institution,6
independent,6
impressive,6
un,6
construction,6
then,6
complexity,6
goods,6
growing,6
economy,6
while,6
viru,6
size,6
des,6
city,6
mcclelland,6
until,6
specific,6
rengifo,6
plataforma,6
strong,6
meeting,6
gold,6
tufinio,5
entities,5
metal,5
groups,5
sitios,5
contemporaneous,5
identify,5
authority,5
true,5
evidencias,5
approaches,5
monolithic,5
before,5
long,5
might,5
rapid,5
layout,5
great,5
differences,5
studied,5
religion,5
there,5
key,5
shared,5
point,5
controlled,5
framework,5
â,5
mtdna,5
played,5
centered,5
basic,5
lasted,5
importance,5
alva,5
pampa,5
emergence,5
verano,5
four,5
conquest,5
found,5
iconographie,5
estudios,5
austin,5
commoners,5
viewed,5
wari,5
part,5
tumbas,5
intermediate,5
expansionist,5
ethnicity,5
perú,5
le,5
presence,5
using,5
activities,5
historia,5
cerámica,5
idea,5
instituto,5
larger,5
end,5
external,5
antiguo,5
less,5
material,5
analyzed,5
producción,5
significant,5
evolution,5
platform,5
three,5
decorated,5
revised,5
came,5
internal,5
occupied,5
factors,5
dd,5
five,5
area,5
recuay,5
anthropological,5
abandonment,5
series,5
conclusion,5
known,5
lambayeque,5
best,5
past,5
rural,5
type,5
phd,5
investigation,5
them,5
making,5
question,5
iconografía,5
physical,5
sur,5
wealth,5
comparison,5
supported,5
elites,5
household,5
looking,5
o,4
later,4
environmental,4
piura,4
offerings,4
acceptance,4
comparisons,4
excavaciones,4
monograph,4
nuevas,4
themes,4
steady,4
prestigious,4
seems,4
secondary,4
date,4
papers,4
sociedad,4
issue,4
account,4
moseley,4
regarding,4
montreal,4
unity,4
distinct,4
elements,4
función,4
perspective,4
fig,4
difficulty,4
storage,4
walls,4
whose,4
without,4
uhle,4
how,4
remain,4
centralization,4
direct,4
space,4
civilizations,4
les,4
show,4
surface,4
excavation,4
character,4
here,4
attained,4
hinterland,4
appears,4
produced,4
possibility,4
future,4
murals,4
civilisation,4
knowledge,4
funerarias,4
millaire,4
reconstructing,4
field,4
suggest,4
autonomy,4
few,4
makowski,4
strontium,4
led,4
arqueológicos,4
expansion,4
interactions,4
depicted,4
palaces,4
muerte,4
grave,4
developing,4
another,4
assemblages,4
samples,4
questions,4
previous,4
dominated,4
so,4
features,4
theocratic,4
comparing,4
pottery,4
science,4
seen,4
life,4
frontier,4
stratified,4
types,4
tumba,4
any,4
extensive,4
cultures,4
half,4
ideological,4
cities,4
unique,4
whether,4
produce,4
multiple,4
given,4
estudio,4
confirm,4
numerous,4
unified,4
ciudad,4
proyecto,4
increased,4
boletín,4
debate,4
dental,4
hocquenghem,3
represent,3
occupant,3
durante,3
settlements,3
residences,3
favor,3
decade,3
musée,3
practices,3
confederation,3
jackson,3
ii,3
taken,3
meters,3
interred,3
tradition,3
leading,3
compounds,3
producing,3
able,3
report,3
québec,3
platforms,3
cajamarca,3
system,3
existence,3
catastrophes,3
reconstruction,3
badly,3
autonomous,3
america,3
prehispanic,3
influencia,3
above,3
lockard,3
zone,3
centralized,3
review,3
medio,3
severe,3
reyes,3
montréal,3
schaedel,3
media,3
topic,3
canal,3
ediciones,3
pucp,3
find,3
traditions,3
van,3
higher,3
chepén,3
communities,3
mega,3
identification,3
coastal,3
active,3
mh,3
supplement,3
à,3
special,3
discoveries,3
consider,3
possibly,3
established,3
deidades,3
dated,3
russell,3
elsewhere,3
n,3
additional,3
beyond,3
position,3
decades,3
irrigation,3
greater,3
peruana,3
casma,3
demise,3
rooms,3
events,3
captured,3
isotope,3
base,3
further,3
adobes,3
though,3
buried,3
province,3
recently,3
suffered,3
warriors,3
aspects,3
prácticas,3
catastro,3
su,3
competing,3
childe,3
overview,3
place,3
away,3
published,3
steward,3
hard,3
bone,3
investigación,3
politically,3
involved,3
specifically,3
attention,3
consensus,3
migration,3
zona,3
cronología,3
appropriate,3
organización,3
gordon,3
perspectivas,3
implications,3
functioning,3
grande,3
absence,3
movement,3
inhabited,3
para,3
about,3
violence,3
assimilation,3
cahiers,3
largest,3
already,3
bar,3
volume,3
challenge,3
others,3
fragmentation,3
contextos,3
cultivated,3
considerable,3
chiefdom,3
antropologia,3
pozorski,3
layers,3
relevant,3
strategies,3
necessary,3
mundo,3
chronologically,3
native,3
gives,3
argues,3
interpreting,3
classes,3
viró,3
enormous,3
previously,3
mortuary,3
canals,3
arquitectónico,3
seriation,3
ideas,3
actual,3
individuals,3
collapses,3
theoretical,3
maintenance,3
individual,3
times,3
collaboration,3
function,3
caso,3
mexico,3
relation,3
equivalent,3
pacatnamu,3
attracted,3
workshop,3
aproximación,3
relative,3
particular,3
ecological,3
huarmey,3
male,3
visual,3
proposition,3
rapidly,3
centuries,3
school,3
con,3
practice,3
bioarchaeological,3
objects,3
proposes,3
verify,3
highly,3
interested,3
leaders,3
capacity,3
nouvelles,3
plazas,3
découvertes,3
imágenes,3
irrigación,3
supports,3
huari,3
maintain,3
fully,3
huge,3
suggests,3
morales,3
popular,3
entrance,3
ruled,3
centro,3
develop,3
easy,3
modelos,3
giving,3
subject,3
programs,3
challenges,3
dioses,3
models,3
lands,3
instead,3
specialists,3
horizonte,3
desert,3
needs,3
themselves,3
views,3
interaction,3
primera,3
portrait,3
decentralized,2
personally,2
deny,2
institut,2
calibrated,2
way,2
affected,2
determine,2
diez,2
fragmented,2
totally,2
introduction,2
evans,2
conducted,2
replaced,2
designed,2
stone,2
catastrophe,2
rate,2
modern,2
cycles,2
total,2
limits,2
revision,2
territorial,2
contexts,2
accumulation,2
explaining,2
neolithic,2
military,2
worked,2
género,2
principles,2
textiles,2
together,2
highland,2
indeed,2
accumulated,2
analyses,2
link,2
uncovered,2
subsequent,2
wealthy,2
help,2
achieved,2
strength,2
priest,2
chiefdoms,2
those,2
mackey,2
hoy,2
contents,2
similarities,2
occasional,2
king,2
antropomorfas,2
bones,2
u,2
struggling,2
capable,2
implies,2
politics,2
secuencia,2
solely,2
magazine,2
stratigraphy,2
vassal,2
resources,2
quantity,2
climax,2
dynamic,2
genetic,2
economies,2
sand,2
collection,2
tecnico,2
exist,2
relies,2
conflict,2
fineline,2
throughout,2
nash,2
copenhagen,2
definitely,2
longevity,2
sample,2
unlooted,2
interest,2
mixed,2
relations,2
rites,2
jr,2
pig,2
transicional,2
expected,2
forced,2
kind,2
exercise,2
transitional,2
maintaining,2
convincing,2
back,2
highest,2
columbia,2
witnessed,2
publications,2
sobrenatural,2
drawn,2
adult,2
jones,2
traits,2
influence,2
battles,2
high,2
york,2
underway,2
links,2
growth,2
main,2
generations,2
affairs,2
landscape,2
conjunto,2
arts,2
taller,2
developments,2
symbols,2
consequences,2
scattered,2
pimentel,2
modified,2
provinces,2
ct,2
quarterly,2
locally,2
morlion,2
informe,2
former,2
mayal,2
argued,2
potters,2
recovered,2
max,2
textile,2
graves,2
département,2
desentierro,2
destructive,2
strategy,2
artistic,2
gutierrez,2
whereas,2
expressed,2
result,2
laid,2
societies,2
rule,2
access,2
pacha,2
canziani,2
preliminares,2
effort,2
ildefonso,2
portachuelo,2
representative,2
share,2
handbook,2
blow,2
war,2
dynasty,2
cannot,2
scale,2
record,2
talleres,2
facilities,2
dwellers,2
improve,2
masking,2
almost,2
provincial,2
basis,2
line,2
revealed,2
vallée,2
urbano,2
prominent,2
treasures,2
evidencia,2
whole,2
pyramid,2
issues,2
beginnings,2
survey,2
rituals,2
palacios,2
forces,2
status,2
following,2
tejidos,2
refuse,2
either,2
regions,2
portraits,2
good,2
excavated,2
start,2
viable,2
ago,2
teotihuacan,2
shaping,2
indicators,2
presencia,2
interacting,2
sacrificers,2
discourse,2
stresses,2
resultados,2
small,2
workshops,2
ancestors,2
methodological,2
core,2
visible,2
london,2
progress,2
chimu,2
preliminary,2
periods,2
chronological,2
portion,2
investigating,2
clara,2
comparative,2
limited,2
return,2
fruit,2
rucabado,2
progressing,2
object,2
arquitectónica,2
formative,2
estado,2
surviving,2
comments,2
sending,2
collapsed,2
desarrollo,2
templo,2
archaeoloev,2
scarcity,2
competition,2
indus,2
vs,2
thought,2
residence,2
technology,2
combat,2
coeval,2
prisoners,2
parte,2
light,2
phenomenon,2
reliance,2
records,2
increasingly,2
sector,2
revisión,2
contexto,2
representation,2
culturales,2
street,2
inhabitants,2
members,2
starting,2
leader,2
museums,2
spider,2
datos,2
culebras,2
toward,2
death,2
adobe,2
demographic,2
valid,2
blocks,2
areas,2
pressure,2
documented,2
rebuilding,2
doubt,2
factions,2
honor,2
ruler,2
never,2
confusion,2
giersz,2
took,2
do,2
epigenetic,2
present,2
cruz,2
yale,2
establish,2
perhaps,2
avances,2
sacrificio,2
streets,2
multidisciplinary,2
territoriality,2
temporadas,2
programa,2
investigated,2
massive,2
discussion,2
incorporation,2
considering,2
explanation,2
rituales,2
region,2
narraciones,2
guinea,2
iconografia,2
warrior,2
concern,2
top,2
findings,2
food,2
looting,2
factor,2
manipulation,2
nuevo,2
variables,2
styles,2
pérou,2
ceremonies,2
sees,2
california,2
open,2
discovered,2
urbana,2
señora,2
provoked,2
comprehensive,2
allowed,2
started,2
general,2
nonutilitarian,2
am,2
obtained,2
earlier,2
fancy,2
escultóricas,2
exchange,2
punctuated,2
written,2
article,2
parallel,2
sociopolítica,2
become,2
sacrificios,2
topics,2
displayed,2
structure,2
priests,2
artisans,2
bock,2
controversial,2
propose,2
guadalupito,2
paredes,2
tempo,2
imply,2
me,2
dual,2
briceño,2
sealed,2
foreign,2
amherst,2
vision,2
lines,2
prevent,2
quiñones,2
ritualized,2
team,2
coercion,2
force,2
try,2
often,2
responsible,2
dans,2
blood,2
united,2
kings,2
answer,2
supporting,2
canada,2
reconstrucción,2
problematic,2
wars,2
variable,2
monument,2
ocupacional,2
comes,2
asentamientos,2
ever,2
painting,2
continues,2
pace,2
symbolic,2
theme,2
summit,2
guerra,2
indicate,2
sacerdote,2
defining,2
legitimize,2
cemetery,2
par,2
reminiscent,2
scenario,2
especialización,2
newman,2
clearly,2
build,2
historical,2
civicceremonial,2
just,2
evident,2
according,2
arqueológicas,2
poder,2
catastrophic,2
selected,2
dios,2
nearby,2
opportunistic,2
problem,2
extent,2
consisting,2
thames,2
socioeconomic,2
far,2
recognition,2
virú,2
became,2
variability,2
transition,2
step,2
reappraisal,2
divided,2
definitions,2
au,2
gain,2
intervalley,2
crosscultural,2
come,2
frontiers,2
initiated,2
illinois,2
paradigm,2
washington,2
sacrifices,2
include,2
masca,2
need,2
smaller,2
colleagues,2
paraphernalia,2
typology,2
valles,2
offered,2
potential,2
pertain,2
valuable,2
close,2
cohesive,2
zooarchaeologists,2
entire,2
surveys,2
verified,2
abandoned,2
traditional,2
études,2
perception,2
faction,2
hypothesis,2
bernal,1
resolve,1
contacts,1
orfebres,1
inka,1
basing,1
estatus,1
currently,1
equivalence,1
appropriation,1
principes,1
owes,1
hallmarks,1
haas,1
yacimientos,1
horizontal,1
common,1
imagining,1
conflicting,1
fertile,1
implying,1
generated,1
garment,1
corporate,1
mosaic,1
fase,1
integrating,1
scholar,1
faced,1
viejos,1
prompts,1
tambos,1
breathe,1
truth,1
deserve,1
extreme,1
identidad,1
escalera,1
modificaciones,1
intriguing,1
chilena,1
mana,1
muertos,1
ultimate,1
originating,1
pertaining,1
mar,1
utility,1
distributed,1
necessitates,1
crossing,1
legitimization,1
forcing,1
impacts,1
becoming,1
panteón,1
partially,1
touched,1
achievements,1
conquering,1
systematically,1
incorporated,1
effective,1
diplomatic,1
tend,1
essays,1
insertion,1
vestido,1
ma,1
competitions,1
decorates,1
friends,1
memoria,1
unanswered,1
marcus,1
steve,1
giants,1
spirit,1
masks,1
conclusive,1
isotopie,1
flores,1
graffiti,1
western,1
obligations,1
redistribute,1
hightech,1
maybe,1
uses,1
unite,1
diseño,1
arguing,1
especializados,1
source,1
descriptions,1
ouébec,1
women,1
archéologique,1
negative,1
test,1
experience,1
diffusion,1
said,1
florescent,1
humanos,1
gap,1
fundación,1
www,1
corriente,1
lateral,1
vergleichende,1
sources,1
wrong,1
ethnologist,1
every,1
revisited,1
universitv,1
fortified,1
flavor,1
ingenuity,1
adopt,1
restoration,1
deutschen,1
address,1
attempts,1
attempt,1
astronomical,1
rare,1
allow,1
inchoate,1
ourselves,1
advanced,1
selva,1
incapacity,1
bloomington,1
definition,1
gary,1
containing,1
dramatically,1
possibilities,1
leiden,1
garth,1
skills,1
paramount,1
agrarian,1
assess,1
belong,1
broken,1
examination,1
arkinlca,1
charcape,1
enduring,1
stanish,1
predated,1
thank,1
timing,1
potentially,1
narrative,1
supernatural,1
sican,1
clases,1
accommodated,1
quiénes,1
complicity,1
moon,1
ph,1
masanca,1
palatial,1
room,1
hunting,1
begun,1
kingdom,1
reproduction,1
mujeres,1
feature,1
orejas,1
nm,1
sacred,1
marine,1
política,1
delimitation,1
duality,1
diplomacy,1
intrusion,1
bridled,1
discipline,1
ambiguous,1
visión,1
sheet,1
observaciones,1
behind,1
rrom,1
visibility,1
escenas,1
worldwide,1
vásquez,1
context,1
reserva,1
appreciate,1
empty,1
eradicate,1
generosity,1
resemblances,1
advocates,1
dissemination,1
westview,1
gallerv,1
task,1
waterlily,1
dune,1
tombe,1
discuss,1
solving,1
quantities,1
opened,1
discrepancies,1
prior,1
marked,1
compelling,1
omissions,1
concentrating,1
hrst,1
reaching,1
establishing,1
reaction,1
functions,1
fluctuation,1
bibliography,1
move,1
consumers,1
vital,1
obvious,1
rid,1
occurring,1
surrounded,1
except,1
conceptual,1
seco,1
decoding,1
temporada,1
ideologically,1
licapa,1
overlooking,1
bottom,1
bowls,1
apply,1
along,1
objective,1
representing,1
minimum,1
eroded,1
tardía,1
representaban,1
behavior,1
vassals,1
jarchaeol,1
surplus,1
teoría,1
fechas,1
learned,1
closes,1
diversas,1
restos,1
archäologie,1
includes,1
accessible,1
religioso,1
análisis,1
ice,1
gayoso,1
affiliation,1
cemeteries,1
moved,1
relationships,1
cupisnique,1
immediate,1
neighbor,1
quality,1
reject,1
approximation,1
bosque,1
village,1
due,1
interior,1
visited,1
funerario,1
realized,1
assumes,1
unpublished,1
molded,1
author,1
intact,1
corner,1
neighbors,1
divine,1
divinidad,1
domain,1
pigmentos,1
ease,1
alfareros,1
moment,1
vicus,1
raises,1
eip,1
walter,1
price,1
application,1
tied,1
chanchán,1
liminalities,1
militarily,1
asymmetrical,1
z,1
guided,1
turn,1
rank,1
popularization,1
cases,1
imagery,1
clay,1
arc,1
flourishing,1
speculative,1
better,1
philadelohia,1
citystates,1
places,1
concerning,1
refreshing,1
profound,1
amount,1
subjects,1
ceramica,1
artisanale,1
encompass,1
response,1
wares,1
oxford,1
gal,1
bicephalus,1
allowing,1
biomolecular,1
espacios,1
gijseghem,1
peni,1
horizontes,1
characterized,1
bag,1
fourth,1
bergin,1
rhythm,1
compare,1
whorls,1
helpful,1
unequivocally,1
weight,1
overarching,1
identifications,1
innovators,1
pueblo,1
antracologico,1
echelons,1
stimulating,1
communication,1
reformulate,1
critique,1
ethnogenesis,1
tentatively,1
border,1
propositions,1
decoración,1
humano,1
conducting,1
terror,1
leadership,1
piedra,1
arises,1
hombres,1
acknowledge,1
metalwork,1
competitive,1
ayuda,1
claude,1
raices,1
graber,1
scholarly,1
trom,1
murales,1
failed,1
flore,1
opposed,1
interesting,1
acculturation,1
ethnie,1
recognized,1
americans,1
adequate,1
town,1
essential,1
artesanal,1
genuinely,1
rather,1
dilemma,1
milenio,1
bring,1
principally,1
adds,1
illustration,1
sort,1
breadth,1
incipient,1
patronage,1
presentation,1
notion,1
précolombienne,1
comparable,1
conceptions,1
caral,1
dealt,1
keep,1
eight,1
archaeometry,1
accumulate,1
entre,1
somos,1
variant,1
consensual,1
postale,1
easily,1
contributions,1
generating,1
littering,1
references,1
signatures,1
lacking,1
labretted,1
distant,1
oversimplified,1
reassess,1
summarized,1
productive,1
awareness,1
von,1
front,1
gathering,1
manera,1
ocupación,1
exceptional,1
reason,1
accounts,1
arid,1
changes,1
symbiotically,1
temprano,1
facilitated,1
ramp,1
dichotomy,1
forensic,1
tissu,1
statistical,1
deidad,1
specialization,1
metallurgy,1
organized,1
peasants,1
sociocultural,1
consolidate,1
fish,1
presumably,1
section,1
producers,1
weather,1
numbers,1
impact,1
traces,1
gradually,1
sacrificiel,1
weak,1
transformación,1
chao,1
vitality,1
frequently,1
calendar,1
accumulating,1
solid,1
tempting,1
proven,1
orientation,1
commonly,1
superior,1
powerful,1
albuquerque,1
follow,1
drought,1
etapas,1
shed,1
efficient,1
followed,1
especialistas,1
generally,1
comprising,1
consequence,1
cost,1
requires,1
élite,1
puts,1
method,1
utah,1
engage,1
vale,1
biogeochemical,1
assignations,1
spondylus,1
syntheses,1
corresponding,1
reque,1
etude,1
presupposition,1
coincide,1
preference,1
providing,1
multidisciplinar,1
dynastic,1
molds,1
appear,1
hot,1
awaited,1
osteological,1
sicán,1
problemática,1
pantheon,1
arrived,1
skewed,1
advance,1
salvage,1
carácter,1
incomplete,1
lead,1
identifying,1
wide,1
bearing,1
formulations,1
escena,1
opposing,1
houses,1
erosion,1
hands,1
traditionally,1
typical,1
inappropriate,1
representación,1
resembles,1
características,1
scenes,1
residencial,1
caminos,1
mesoamerican,1
indes,1
feasibility,1
inter,1
none,1
temoe,1
big,1
embedded,1
academic,1
density,1
accurately,1
maguiña,1
staples,1
ann,1
neighboring,1
restricted,1
supporters,1
neutrónica,1
detected,1
focused,1
pursued,1
keywords,1
yuca,1
indirect,1
sharpened,1
tools,1
labret,1
nawpa,1
appearing,1
energy,1
franco,1
outside,1
explored,1
amassed,1
decapitation,1
periodo,1
scene,1
impression,1
reopening,1
failure,1
shape,1
watershed,1
hierarchies,1
lost,1
directly,1
flannery,1
participation,1
network,1
distinguish,1
seminal,1
closed,1
introducción,1
formerly,1
bc,1
douglas,1
bounded,1
residents,1
tool,1
multivalley,1
seminario,1
lords,1
teoria,1
significantly,1
brought,1
stake,1
ecologie,1
heavily,1
tens,1
ot,1
example,1
civil,1
flaring,1
apparent,1
symbolism,1
actors,1
indigenous,1
comment,1
confirms,1
pyramids,1
supreme,1
ten,1
sole,1
rm,1
loss,1
year,1
literature,1
editorial,1
pennsvlvania,1
pratiques,1
cited,1
partly,1
rojas,1
plastered,1
adaptives,1
truncated,1
oaks,1
call,1
parure,1
personal,1
reflect,1
constructivas,1
miniatures,1
accord,1
rise,1
nucleus,1
floors,1
nor,1
apprehend,1
smallest,1
doubtful,1
domestica,1
rendered,1
my,1
challenging,1
emberling,1
attributed,1
sampled,1
messages,1
errors,1
continuidad,1
researchers,1
thrived,1
tejido,1
datesbetween,1
depicting,1
discovering,1
precipitation,1
arkinka,1
staple,1
ratios,1
radiocarbónicas,1
discussing,1
solution,1
fogel,1
outmoded,1
normally,1
sense,1
upheavals,1
caused,1
working,1
corresponds,1
synergistic,1
box,1
multitude,1
theater,1
obligatory,1
edificio,1
consolidation,1
polaca,1
quite,1
emerging,1
event,1
tipologia,1
family,1
intervals,1
interacción,1
habitation,1
chan,1
leaves,1
characteristics,1
sufficient,1
driving,1
incas,1
propelled,1
erected,1
tello,1
allotted,1
construcción,1
disaster,1
oro,1
invaluable,1
styled,1
climate,1
attached,1
usual,1
dissociation,1
boundaries,1
villages,1
artitacts,1
dedicated,1
symposia,1
always,1
rol,1
applies,1
richness,1
up,1
decisive,1
único,1
basse,1
productivity,1
proulx,1
describes,1
und,1
otros,1
correspondence,1
factionalism,1
peculiar,1
anthroumontreal,1
provenance,1
nondefensive,1
newly,1
developmental,1
centralizing,1
présence,1
frontal,1
actions,1
hora,1
intermarriage,1
digging,1
corporatist,1
equivalences,1
content,1
jeffrey,1
subsequently,1
appeal,1
survived,1
barbara,1
pares,1
activation,1
llc,1
critical,1
therefore,1
reconfiguration,1
porras,1
horizons,1
intento,1
spécialisée,1
feline,1
units,1
paijan,1
coastline,1
exterior,1
rey,1
riddle,1
andina,1
materials,1
rituelle,1
rested,1
inaugurated,1
midde,1
scientific,1
gather,1
mentions,1
estilo,1
populations,1
action,1
economic,1
campaña,1
unification,1
incorrect,1
short,1
synthesis,1
service,1
overall,1
provenience,1
contribución,1
enterrando,1
thermoluminescence,1
francis,1
plans,1
benson,1
revolt,1
forward,1
precipitaciones,1
descubrimiento,1
gift,1
etc,1
prove,1
elusive,1
izumi,1
illustrating,1
torrential,1
standing,1
builders,1
settings,1
positive,1
structural,1
spectacular,1
reenterramiento,1
vicinity,1
calendario,1
biological,1
label,1
homeland,1
contributing,1
artes,1
foot,1
dinámica,1
relied,1
floods,1
interpretation,1
metalurgia,1
oasis,1
refusing,1
nonlocal,1
cambio,1
happened,1
acknowledgments,1
qc,1
soon,1
precolumbian,1
sex,1
continuity,1
evolved,1
metallurgical,1
god,1
challenged,1
disastrous,1
manzanilla,1
neither,1
differentiate,1
thesis,1
ideología,1
northwest,1
osteoarchaeologx,1
achieve,1
acting,1
included,1
une,1
vicús,1
distinguishable,1
gagnon,1
complete,1
leeuwarden,1
abandon,1
rectangular,1
performed,1
biodistance,1
floor,1
thorny,1
ulluchu,1
acknowledging,1
communality,1
artists,1
illustrated,1
confirmed,1
armed,1
noted,1
people,1
colección,1
functioned,1
sistema,1
meets,1
picture,1
considers,1
declining,1
community,1
lack,1
successfully,1
eroding,1
skill,1
rung,1
book,1
interdisciplinario,1
decoration,1
ethnohistorical,1
journey,1
academy,1
conceived,1
hearths,1
motifs,1
flat,1
villaverde,1
addition,1
added,1
water,1
descends,1
intravalley,1
efforts,1
theocracy,1
sovereignty,1
fact,1
unifying,1
expose,1
creativity,1
truiillo,1
luis,1
limit,1
activación,1
treatment,1
overwhelming,1
occurrence,1
temples,1
subsistencia,1
segunda,1
compound,1
agree,1
match,1
cortada,1
abstract,1
fieldand,1
mural,1
relación,1
lacks,1
children,1
contradict,1
daily,1
monumentality,1
curanderos,1
proliferation,1
pillsbury,1
appropriately,1
pacifico,1
fashion,1
pattern,1
man,1
pinturas,1
discussed,1
afirmación,1
fragments,1
anthropologist,1
puzzling,1
forms,1
conclusions,1
biblioteca,1
yécala,1
prümers,1
ground,1
alto,1
covered,1
kommmission,1
secular,1
propitiatory,1
accepted,1
compositional,1
see,1
polis,1
real,1
colectiva,1
electrónico,1
exotic,1
maturity,1
por,1
focusing,1
biggest,1
couple,1
woman,1
nueva,1
teeth,1
belief,1
vogel,1
governance,1
controversy,1
stylistically,1
routledge,1
acerca,1
como,1
distance,1
complicated,1
going,1
encountered,1
integrity,1
lunar,1
shells,1
radiocarbone,1
rulership,1
últimos,1
degree,1
northwestern,1
institutions,1
thousands,1
original,1
meetings,1
matrix,1
credit,1
recognizing,1
private,1
exploring,1
bioantropología,1
carneiro,1
unsolved,1
father,1
intimate,1
coherent,1
indiana,1
modelo,1
farther,1
angulo,1
tipo,1
upon,1
maritime,1
aqueducts,1
limitations,1
formal,1
martial,1
lake,1
collections,1
composition,1
arose,1
georges,1
increase,1
discrediting,1
asentamiento,1
host,1
spiders,1
expression,1
demones,1
rivers,1
decapitors,1
exciting,1
arizona,1
autarchy,1
collaborative,1
products,1
willey,1
assign,1
trend,1
vencer,1
forestalling,1
option,1
connected,1
theories,1
synthetic,1
dating,1
sacrificielles,1
specimen,1
rejected,1
trade,1
upcoming,1
armas,1
royalty,1
reality,1
directed,1
adding,1
authors,1
grew,1
michel,1
publication,1
certain,1
ufe,1
points,1
bonn,1
succursale,1
correcting,1
brad,1
carbones,1
rains,1
co,1
compresión,1
técnico,1
suprema,1
held,1
citv,1
nombre,1
christopher,1
methods,1
exquisite,1
reviewers,1
prêtre,1
tradición,1
skulls,1
ñawpa,1
reconstructed,1
péruvienne,1
collected,1
linking,1
stages,1
mountain,1
administrative,1
merbs,1
filled,1
kept,1
households,1
losing,1
zooarqueologia,1
provides,1
construct,1
ongoing,1
latter,1
why,1
cock,1
coercive,1
arquitectónicos,1
satisfy,1
jaime,1
salt,1
evolutionary,1
ribbon,1
constructing,1
overtaken,1
narrow,1
interpretations,1
funéraires,1
contact,1
consolidated,1
iconos,1
excluded,1
cortez,1
ringberg,1
translate,1
personajes,1
búsqueda,1
decapitator,1
entierros,1
dividing,1
oscillations,1
figures,1
forefront,1
irrevocably,1
découverte,1
agenda,1
temporality,1
convergent,1
cosecha,1
delimited,1
urbanismi,1
sacnhce,1
immigration,1
clans,1
opulence,1
separate,1
grandes,1
increasing,1
profitable,1
barrido,1
identité,1
unstable,1
suggestion,1
hoyle,1
rostros,1
lo,1
lineages,1
woloszyn,1
modification,1
desmembramientos,1
colère,1
today,1
belonged,1
richest,1
bureau,1
chronologique,1
déclin,1
movements,1
segments,1
sacerdotistas,1
sometimes,1
conquered,1
opportunism,1
addressing,1
next,1
recuperada,1
sides,1
foster,1
vilela,1
pieces,1
spindle,1
hill,1
santiago,1
archäologischen,1
qualifies,1
contraction,1
vertical,1
discard,1
primarily,1
regalia,1
personalidades,1
slow,1
monuments,1
dimensions,1
attempted,1
implicate,1
transformed,1
rethinking,1
itself,1
returned,1
invested,1
effectively,1
overlap,1
contribution,1
urbain,1
transformation,1
recognize,1
plains,1
dynamism,1
spanning,1
reconsider,1
regionalism,1
dinánica,1
efficiency,1
pristine,1
existed,1
fall,1
researcher,1
hope,1
timeline,1
cámara,1
polychrome,1
elderly,1
expansionism,1
get,1
obstacle,1
articles,1
unusual,1
bigger,1
interpretive,1
gathered,1
occupies,1
grounded,1
seat,1
immensely,1
exchanged,1
gigantism,1
anéeles,1
addressed,1
microscopio,1
lengthier,1
environment,1
practised,1
heavy,1
thinking,1
precedence,1
believed,1
étnica,1
requesting,1
toast,1
homenaje,1
prehistory,1
version,1
peoples,1
metalúrgica,1
patios,1
founded,1
extending,1
respective,1
metallurgists,1
constituted,1
maxell,1
área,1
retratos,1
bestiaire,1
allard,1
constructed,1
gumerman,1
southward,1
varón,1
corrections,1
bench,1
underscoring,1
occupational,1
glimpse,1
doi,1
shaken,1
sciences,1
calendars,1
offers,1
ramps,1
ceremonia,1
der,1
cover,1
rurales,1
quickly,1
know,1
berkeley,1
ran,1
natural,1
mutually,1
paisajes,1
desenterrando,1
intellectual,1
sociales,1
aproximaciones,1
country,1
fraresso,1
suggestions,1
inclined,1
global,1
baesslerarchiv,1
exploration,1
sampling,1
seem,1
believe,1
flowing,1
unknown,1
contextual,1
arte,1
paradoja,1
argue,1
wall,1
universal,1
eventually,1
tripwire,1
primus,1
vibrant,1
rely,1
privileged,1
separating,1
identities,1
vacuum,1
echelon,1
works,1
living,1
options,1
lending,1
destroyed,1
datation,1
für,1
animal,1
beginning,1
helping,1
hechizo,1
relabeling,1
bajo,1
ruins,1
attain,1
zooarchaeological,1
carefully,1
combined,1
means,1
stability,1
form,1
choronzey,1
typologies,1
rising,1
plants,1
overriding,1
imposed,1
thirty,1
urbanismo,1
agricultural,1
indicates,1
armies,1
signature,1
cité,1
seriación,1
theory,1
figura,1
adaptation,1
tending,1
fascination,1
insightful,1
waters,1
utilitarian,1
reopened,1
foundations,1
periphery,1
differs,1
prestige,1
studying,1
reales,1
moches,1
require,1
awarded,1
proposing,1
faunal,1
agreed,1
oxygen,1
hundreds,1
danish,1
travel,1
occupying,1
lechuza,1
bodies,1
mina,1
little,1
etnicidad,1
wellaccepted,1
illusive,1
reported,1
uniform,1
slopes,1
despite,1
vorspanische,1
maxwell,1
november,1
yearly,1
convinced,1
whatever,1
administration,1
everywhere,1
ola,1
conventional,1
contribute,1
trigger,1
colonial,1
families,1
murga,1
maintained,1
devolution,1
disqualify,1
voyage,1
coming,1
ecuador,1
contrasts,1
tardio,1
intercultural,1
promoted,1
trophies,1
enthusiasm,1
devoted,1
moderate,1
litúgica,1
civilización,1
habitantes,1
locations,1
radiometrie,1
difference,1
feinman,1
neutron,1
quest,1
nile,1
innovation,1
allgemeine,1
fibers,1
charge,1
accept,1
wondering,1
aware,1
funeraria,1
bawden,1
completed,1
warsaw,1
revolves,1
typically,1
land,1
demarráis,1
provided,1
product,1
asked,1
france,1
droughts,1
forming,1
voluntary,1
chimor,1
fostering,1
association,1
shift,1
representational,1
classification,1
summary,1
anonymous,1
deer,1
territories,1
searching,1
vessel,1
assumed,1
archaeologica,1
clarify,1
inicio,1
pathways,1
recherche,1
hills,1
sectors,1
comparaciones,1
colapso,1
moutarde,1
reached,1
mocollope,1
desierto,1
plenum,1
uk,1
ends,1
digest,1
billman,1
premature,1
ceremonias,1
réévaluations,1
funerarios,1
ca,1
built,1
signals,1
kaulicke,1
delayed,1
mistaken,1
loewen,1
florescem,1
occur,1
deeper,1
continuously,1
salinar,1
eagerly,1
