WORDCOUNTS,WEIGHT
and,1636
the,1506
of,1444
in,1080
to,471
a,401
from,235
as,233
for,224
animals,219
that,214
animal,196
j,180
or,180
at,173
pp,168
with,161
are,146
is,145
s,144
political,117
remains,116
on,114
food,110
ritual,109
m,106
status,106
by,105
use,104
faunal,102
archaeology,100
p,96
were,94
et,93
al,93
social,93
meat,93
maya,87
also,86
an,85
zooarchaeological,85
archaeological,81
fish,78
university,77
economic,77
k,73
zooarchaeology,72
be,70
r,69
l,68
how,67
their,66
was,66
consumption,65
springer,65
archaeol,64
res,64
oxbow,63
evidence,63
feasting,61
not,59
age,58
production,57
studies,55
have,55
d,55
analysis,54
c,54
i,53
greater,53
e,52
research,52
new,52
other,51
site,51
through,51
ancient,51
bone,50
early,50
journal,48
late,48
used,48
more,47
complex,46
inca,46
b,46
can,46
medieval,45
may,45
data,45
some,44
people,44
economy,44
study,43
but,43
w,41
societies,41
pigs,41
local,41
bronze,41
state,40
h,39
well,39
van,39
period,39
f,38
g,38
these,38
elite,38
elites,38
american,37
than,37
department,37
associated,37
many,36
neolithic,35
symbolic,35
during,35
ceremonial,34
role,34
large,33
contexts,32
t,32
often,32
subsistence,31
feasts,31
phd,31
de,30
no,30
southern,30
where,30
mississippian,30
antiquity,30
urban,30
middle,30
wild,30
into,29
particularly,29
offerings,28
time,28
including,28
oxford,28
scott,28
world,28
they,27
various,27
human,27
along,27
patterns,27
control,27
roman,27
valley,27
uses,26
bones,26
such,26
products,26
been,26
there,25
eastern,25
household,25
egypt,25
exploitation,25
sites,25
this,25
feast,25
deer,25
region,25
behaviour,25
different,25
although,25
jackson,24
differences,24
which,24
behind,24
domestic,24
researchers,24
hunting,23
consumed,23
management,23
society,23
historical,23
archaeofauna,23
between,23
institute,22
near,22
south,22
zeder,22
marine,21
domesticated,21
culture,21
less,21
los,21
did,21
iron,20
served,20
peru,20
prehistoric,20
could,20
diet,20
indus,20
ethnographic,20
present,20
provide,20
science,20
complexity,20
distribution,20
both,20
fauna,20
papers,19
behavior,19
old,19
dogs,19
kirch,19
v,19
trade,19
systems,19
andean,19
n,19
identify,18
within,18
rise,18
using,18
power,18
sacrifices,18
individuals,18
wing,18
anthropology,18
past,18
include,18
increased,18
difficult,17
modern,17
either,17
those,17
rather,17
coastal,17
specialization,17
method,17
luxury,17
wealth,17
sacrifice,17
rituals,17
refuse,17
mesopotamia,17
significant,17
britain,17
who,17
anthropological,17
cultures,17
should,17
provisioning,16
village,16
one,16
address,16
great,16
east,16
pig,16
cattle,16
only,16
indicate,16
variability,16
zooarchaeologists,16
miller,15
quantities,15
labor,15
thus,15
perspective,15
found,15
events,15
ethnohistorical,15
related,15
has,15
value,15
camelid,15
pastoralism,15
perspectives,15
correlates,15
information,15
press,15
butchering,15
much,15
recent,15
resources,15
it,14
common,14
environmental,14
england,14
secondary,14
china,14
case,14
distinct,14
changes,14
had,14
reflect,14
portions,14
periods,14
variety,14
absence,14
religious,14
material,14
assemblages,14
northern,14
methods,14
cotsen,14
over,14
very,14
guinea,14
rural,14
while,14
specific,14
create,14
texts,14
europe,13
kingdom,13
central,13
development,13
identification,13
households,13
identifying,13
fishing,13
burial,13
british,13
order,13
smithsonian,13
transition,13
two,13
addition,13
husbandry,13
foods,13
identity,13
craft,13
institution,13
pohl,13
directions,13
colonization,13
ideological,13
classes,13
redding,13
caches,12
ma,12
ethnoarchaeological,12
all,12
exotic,12
taphonomic,12
sacrificed,12
understand,12
consider,12
beyond,12
important,12
commoners,12
cultural,12
levant,12
horizon,12
regions,12
change,12
when,12
identified,12
classic,12
community,12
formative,12
pacific,12
areas,12
would,12
thomas,12
la,12
accounts,12
spatial,12
them,12
crabtree,12
need,12
provided,12
among,12
if,11
created,11
needed,11
asia,11
el,11
possible,11
review,11
cases,11
document,11
most,11
indirect,11
because,11
field,11
larger,11
everyday,11
empire,11
shifts,11
understanding,11
meals,11
caribbean,11
mammals,11
dietary,11
deposit,11
specialized,11
international,11
whether,11
tell,11
smaller,11
little,11
center,10
marcus,10
sources,10
nature,10
advantage,10
politics,10
century,10
excavations,10
museum,10
emery,10
space,10
requires,10
dog,10
issues,10
residents,10
approach,10
suggest,10
settlement,10
practices,10
islands,10
same,10
regional,10
examples,10
traded,10
questions,10
rare,10
teeter,10
urbanism,10
general,10
interpretations,10
life,10
geographic,10
school,10
ones,10
socioeconomic,10
dedicatory,10
burger,10
generate,10
distinctions,10
mortuary,9
isotopie,9
later,9
resulted,9
history,9
long,9
meaning,9
leach,9
able,9
context,9
differential,9
ability,9
hawaii,9
kelly,9
en,9
similar,9
shang,9
direct,9
upper,9
commonly,9
pastoral,9
population,9
record,9
cambridge,9
few,9
ancestors,9
might,9
about,9
ervynck,9
functioned,9
shows,9
restrictions,9
israel,9
deposits,9
ö,9
harvard,9
habits,9
exchange,9
european,9
relationship,9
ideology,9
examine,9
capital,9
regard,9
prestige,9
suggests,9
illinois,9
masca,9
states,9
harappa,9
north,9
quantity,9
increase,9
introduction,8
approaches,8
serjeantson,8
archaeozoology,8
chiefdoms,8
dd,8
ad,8
system,8
integrating,8
shellfish,8
economies,8
catalhöyük,8
regarding,8
centralized,8
millennium,8
foodways,8
masson,8
body,8
young,8
process,8
burials,8
means,8
objects,8
established,8
centers,8
chinese,8
produced,8
aspects,8
y,8
bc,8
knowledge,8
its,8
broad,8
interpreted,8
contrast,8
highly,8
dependent,8
indicates,8
under,8
comparison,8
diverse,8
do,8
existing,8
assemblage,8
discussion,8
chiefly,8
birds,8
empirical,8
three,8
after,8
structure,8
versus,8
transformation,8
construction,8
series,8
must,8
contextual,8
current,8
linked,8
unique,8
cahokia,8
agricultural,8
egyptian,8
domesticates,8
our,8
commercial,8
conditions,8
grant,8
southeastern,8
camelids,8
sandweiss,8
generated,7
imported,7
mesoamerica,7
comparisons,7
york,7
diversity,7
nonfood,7
utilization,7
highland,7
analyses,7
prior,7
moseley,7
oaxaca,7
relationships,7
island,7
topic,7
pit,7
performance,7
scarry,7
cave,7
latin,7
producers,7
hesse,7
resource,7
diachronic,7
access,7
academic,7
part,7
mcgeough,7
forces,7
preparation,7
peruvian,7
mound,7
multiple,7
texas,7
results,7
will,7
chase,7
serve,7
processing,7
without,7
insights,7
communal,7
documents,7
variation,7
establish,7
see,7
argues,7
variables,7
crania,7
workers,7
times,7
characterized,7
high,7
administrative,7
probable,7
relation,7
we,7
whereby,7
mcdonald,7
following,7
peoples,7
welch,7
best,7
polynesian,7
better,7
according,7
northwestern,7
turkey,7
differentiation,7
nonelite,7
focus,7
building,7
inka,6
kluwer,6
settlements,6
inequality,6
defrance,6
before,6
source,6
materials,6
women,6
tribute,6
implications,6
tiwanaku,6
supernatural,6
fresh,6
cerro,6
occasional,6
agriculture,6
low,6
goods,6
indicating,6
surplus,6
quality,6
interest,6
interpret,6
elements,6
publications,6
instability,6
reflects,6
across,6
tel,6
earlier,6
consuming,6
provides,6
perceptions,6
possibly,6
four,6
origins,6
wattenmaker,6
viewed,6
directly,6
andes,6
horse,6
example,6
whole,6
personal,6
own,6
involved,6
small,6
neer,6
nonelites,6
populations,6
expansion,6
female,6
copan,6
interpretation,6
continuity,6
commoner,6
demonstrates,6
others,6
farming,6
chiefdom,6
formation,6
puerto,6
purposes,6
greatest,6
mycenaean,6
manifestations,6
skeletal,6
asian,6
hunted,6
dating,6
function,6
preservation,6
contributions,6
aegean,6
intrasite,6
hierarchical,6
species,6
examines,6
sacrificial,6
indication,6
rössel,6
bulletin,6
hastorf,6
considered,6
environment,6
practice,6
known,6
natural,6
sheep,6
rearing,6
report,6
reflected,6
evident,6
proceedings,6
cooking,6
harappan,6
city,6
commodities,6
goals,6
integrated,6
lake,6
belize,6
possessed,5
adoption,5
utility,5
daily,5
accompanied,5
studied,5
resulting,5
ô,5
documenting,5
america,5
west,5
vol,5
prehispanic,5
establishing,5
southwestern,5
eating,5
hierarchy,5
relatively,5
preliminary,5
third,5
game,5
civilization,5
bring,5
capture,5
domestication,5
white,5
evolution,5
circulated,5
emergence,5
show,5
goats,5
â,5
providing,5
iconography,5
lowland,5
hawaiian,5
persons,5
wari,5
tikal,5
public,5
flannery,5
distinguish,5
preferred,5
del,5
london,5
aztec,5
realms,5
ethnicity,5
trends,5
bodies,5
good,5
creating,5
involve,5
several,5
chavín,5
activities,5
provisioned,5
preclassic,5
symbolism,5
habitats,5
consultancy,5
service,5
settings,5
contribute,5
thought,5
bar,5
walled,5
funerary,5
challenge,5
death,5
foodstuffs,5
demonstrating,5
pattern,5
honor,5
strategies,5
mccormick,5
made,5
maritime,5
postclassic,5
waste,5
ethnic,5
processes,5
recovery,5
hungary,5
mengoni,5
feature,5
allowed,5
mexico,5
class,5
especially,5
stahl,5
elaborate,5
acquire,5
probably,5
greece,5
consequences,5
rico,5
transformations,5
processed,5
lines,5
primarily,5
detailed,5
wheeler,5
types,5
stable,5
variable,5
deposited,5
eventually,5
prehistory,5
spanish,5
temporal,5
kansa,5
exploration,5
argue,5
feed,5
examining,5
living,5
explanations,5
what,5
investigation,5
form,5
coast,5
fiad,5
categories,5
despite,5
content,5
americas,5
area,5
potential,5
desirable,4
entities,4
does,4
machu,4
humans,4
crafts,4
groups,4
suggested,4
slaughter,4
market,4
consume,4
shrines,4
distributed,4
fed,4
prime,4
live,4
royal,4
themes,4
lower,4
accumulation,4
wool,4
distinguishing,4
exclusive,4
culturally,4
worked,4
rich,4
reveal,4
changed,4
desired,4
laws,4
dynamic,4
reconstruction,4
historic,4
demanded,4
butchery,4
segregation,4
fisherfolk,4
chiefs,4
chavin,4
rank,4
nelson,4
serving,4
apparently,4
manipulated,4
developed,4
inclusive,4
special,4
scales,4
productive,4
rising,4
acquisition,4
affect,4
locally,4
organization,4
river,4
indications,4
efficient,4
followed,4
appear,4
tibes,4
economics,4
demands,4
austin,4
initial,4
caves,4
performed,4
tools,4
residential,4
scale,4
pork,4
criteria,4
mummies,4
spheres,4
received,4
significantly,4
horwitz,4
irish,4
realm,4
contains,4
relevance,4
focuses,4
manipulation,4
least,4
revolution,4
indicators,4
llama,4
habitation,4
isotopes,4
decline,4
appropriate,4
led,4
located,4
comparative,4
limited,4
cuisine,4
belgium,4
tropical,4
hammond,4
make,4
place,4
perceived,4
participants,4
giza,4
passions,4
reports,4
members,4
fundamental,4
ceramic,4
llamas,4
contemporary,4
outside,4
model,4
moche,4
archaeobotanical,4
mummification,4
distance,4
number,4
degree,4
biological,4
range,4
feeding,4
scudder,4
ruling,4
findings,4
full,4
discussed,4
taxonomic,4
abundant,4
salt,4
topics,4
butchered,4
southwest,4
vertebrate,4
hunt,4
flesh,4
note,4
africa,4
patel,4
bulk,4
increasing,4
wiener,4
seen,4
why,4
united,4
table,4
addressed,4
acquired,4
caprines,4
panama,4
baúl,4
cerén,4
demonstrate,4
reinforced,4
rosenswig,4
der,4
kolb,4
choyke,4
then,4
foundation,4
commodity,4
references,4
theory,4
always,4
utilitarian,4
imperial,4
ideal,4
level,4
representation,4
varied,4
presence,4
survival,4
nile,4
documentation,4
specialists,4
manufacture,4
cautionary,4
integration,4
anatomical,4
effects,4
defined,4
association,4
supported,4
gainesville,4
kim,4
roles,4
albarella,4
discern,4
transportation,3
o,3
hallmarks,3
functional,3
separated,3
represent,3
anthropozoologica,3
determine,3
group,3
essays,3
designed,3
sheffield,3
montón,3
sumptuary,3
collection,3
presents,3
volume,3
sandefur,3
lexington,3
archaeolingua,3
universitv,3
creation,3
rapid,3
interred,3
newsom,3
oyster,3
chroniclers,3
link,3
take,3
inland,3
search,3
raised,3
investigations,3
meal,3
depending,3
plain,3
u,3
functions,3
move,3
lauwerier,3
supply,3
far,3
identifies,3
ranked,3
janusek,3
interments,3
associations,3
throughout,3
component,3
dynamics,3
against,3
mixed,3
adams,3
markets,3
unity,3
concerning,3
honour,3
even,3
adult,3
jones,3
poorly,3
lesser,3
opposed,3
interesting,3
retainers,3
essential,3
act,3
remain,3
levels,3
presentation,3
holistic,3
opportunity,3
importance,3
derived,3
fat,3
ongoing,3
symbols,3
distant,3
augmented,3
marginal,3
reinforce,3
shell,3
camelia,3
empires,3
nor,3
funeral,3
civilizations,3
breeds,3
intensive,3
india,3
den,3
lima,3
elsewhere,3
numbers,3
luff,3
house,3
restricted,3
frequently,3
picchu,3
ceremony,3
utah,3
peabody,3
strategy,3
excavation,3
participated,3
norway,3
view,3
result,3
my,3
location,3
allow,3
victim,3
midden,3
conspicuous,3
paleodietary,3
haller,3
relate,3
viking,3
eat,3
evaluate,3
embedded,3
memory,3
focused,3
buried,3
culinary,3
intensity,3
amenable,3
numerous,3
hay,3
provincial,3
basis,3
future,3
allentuck,3
artifacts,3
work,3
crane,3
peraza,3
woodland,3
loss,3
older,3
pyramid,3
augment,3
attributed,3
towards,3
redistributed,3
staple,3
published,3
sense,3
warrant,3
mediterranean,3
quantification,3
dried,3
influence,3
characteristics,3
components,3
pits,3
villages,3
managed,3
maxwell,3
abydos,3
swine,3
portion,3
critical,3
therefore,3
subject,3
manifest,3
mammal,3
conscripted,3
examined,3
interment,3
turtles,3
included,3
light,3
experimental,3
repercussions,3
cooke,3
ornamental,3
noted,3
classical,3
spatially,3
inhabitants,3
limb,3
structures,3
water,3
efforts,3
longer,3
treatment,3
riverine,3
occurrence,3
importation,3
compound,3
habitat,3
considerable,3
anthropologist,3
took,3
monographs,3
relevant,3
gender,3
pendergast,3
twiss,3
original,3
interrelated,3
nutrition,3
rulers,3
treated,3
cult,3
previously,3
arter,3
risk,3
procurement,3
complicated,3
necessitated,3
contribution,3
theoretical,3
netherlands,3
weismantel,3
essay,3
maintenance,3
geographically,3
spread,3
skulls,3
traction,3
managerial,3
aquatic,3
spondylus,3
barrow,3
feet,3
adjacent,3
occupied,3
destruction,3
relative,3
factors,3
dead,3
naturally,3
male,3
lost,3
transformed,3
legitimacy,3
recognize,3
shells,3
linking,3
spanning,3
existed,3
frontier,3
antiquities,3
instances,3
freshwater,3
orkney,3
colonists,3
intensification,3
conjunction,3
incorporated,3
proposes,3
ireland,3
dun,3
earle,3
here,3
greenfield,3
paper,3
nobility,3
fishes,3
cyclical,3
iii,3
edible,3
benefit,3
maltby,3
commensal,3
chicago,3
cremations,3
shady,3
stability,3
opportunistic,3
adaptation,3
butchers,3
bray,3
require,3
explored,3
don,3
contain,3
boston,3
apparatus,3
careful,3
transport,3
introduced,3
became,3
giving,3
activity,3
impose,3
palestine,3
colonial,3
produce,3
models,3
disposal,3
burnt,3
contributed,3
driver,3
correlated,3
mandates,3
wiessner,3
organ,3
agropastoral,3
summary,3
contextually,3
interdisciplinary,3
themselves,3
vary,3
sharing,3
documentary,3
big,3
interaction,3
develop,3
traditional,3
uk,3
glowacki,3
philippines,3
profiles,3
arizona,3
genetic,2
now,2
baluchistan,2
done,2
paralleled,2
edge,2
demás,2
worship,2
dung,2
preference,2
defining,2
inexpensive,2
foraging,2
red,2
pauketat,2
junker,2
tienen,2
per,2
trash,2
eaten,2
subías,2
archaeozoological,2
barracks,2
tend,2
maize,2
authority,2
constitutes,2
english,2
equalizing,2
walker,2
stingray,2
upheaval,2
discourage,2
western,2
evaluating,2
cornell,2
fragile,2
buffer,2
societal,2
street,2
du,2
negative,2
rorida,2
being,2
first,2
bloodletting,2
davis,2
jute,2
slaughtered,2
ii,2
give,2
military,2
veen,2
sauce,2
reptiles,2
emerged,2
analogies,2
continue,2
chapters,2
down,2
azul,2
desire,2
knight,2
accumulated,2
potentially,2
quotidian,2
generalizations,2
overall,2
balakot,2
demographic,2
subsequent,2
setting,2
achieved,2
roasting,2
exclusivity,2
consist,2
sacred,2
concepts,2
reserved,2
segregated,2
motivated,2
contents,2
majority,2
behavioral,2
druze,2
payne,2
bird,2
me,2
mummified,2
killed,2
addresses,2
egyptians,2
indirectly,2
responses,2
burning,2
alter,2
henge,2
reflecting,2
representing,2
monastic,2
vanderwarker,2
antiauirv,2
vertebrates,2
collapse,2
spectrum,2
campbell,2
difficulties,2
bejenaru,2
since,2
ottoman,2
due,2
divine,2
characteristic,2
sanctuary,2
acta,2
sample,2
involvement,2
turn,2
estimates,2
infrequently,2
subjects,2
torata,2
plank,2
garcilaso,2
kurban,2
dined,2
alliances,2
networks,2
weight,2
ny,2
reared,2
critique,2
festivals,2
details,2
understood,2
spielmann,2
competitive,2
romania,2
alabama,2
alpaca,2
higher,2
communities,2
philadelphia,2
laboring,2
whose,2
norse,2
growth,2
divination,2
angeles,2
denmark,2
possession,2
affairs,2
toads,2
olmec,2
una,2
practiced,2
determining,2
se,2
parts,2
ceramics,2
signatures,2
enacted,2
selected,2
whither,2
periodic,2
fattening,2
modified,2
conformed,2
moquegua,2
entierros,2
muir,2
biased,2
independently,2
flexibility,2
occupational,2
presumably,2
just,2
males,2
reified,2
impact,2
placed,2
observations,2
fare,2
ecuador,2
additional,2
altun,2
necropolis,2
mo,2
typhonic,2
projected,2
lucero,2
chincha,2
drawing,2
dynastic,2
conquest,2
meaty,2
whereas,2
raw,2
arrived,2
lieu,2
avenue,2
alpacas,2
histories,2
medicine,2
conservative,2
basin,2
farmsteads,2
objectives,2
shared,2
her,2
perdikaris,2
symbolically,2
accompany,2
malevolent,2
prehispánica,2
fishery,2
acquiring,2
further,2
fourth,2
ceremonialism,2
occupation,2
cuts,2
altroy,2
based,2
halstead,2
recently,2
osmore,2
cannot,2
younger,2
your,2
required,2
gods,2
isotope,2
gained,2
keeping,2
having,2
storage,2
participation,2
sphere,2
network,2
romans,2
camélidos,2
douglas,2
implement,2
klippel,2
tool,2
emphasis,2
protein,2
lords,2
concept,2
brought,2
suovitaurilia,2
apparent,2
indigenous,2
elizabeth,2
restructuring,2
year,2
literature,2
malyan,2
intermediate,2
dietler,2
beads,2
documented,2
away,2
il,2
ailinne,2
lau,2
conform,2
washington,2
connections,2
redistribution,2
heuristic,2
foci,2
subtle,2
oriental,2
nemeth,2
excavated,2
polaco,2
successful,2
hard,2
uitgeverij,2
below,2
regardless,2
anatolia,2
exclusionary,2
emphasizes,2
ethnobiology,2
emerging,2
family,2
autonomy,2
offering,2
dramatic,2
climate,2
distinguished,2
boundaries,2
degradation,2
visible,2
inability,2
jordan,2
st,2
marciniak,2
rofes,2
ot,2
ecology,2
organs,2
florida,2
macdonald,2
inhabiting,2
moved,2
greek,2
san,2
second,2
transform,2
demand,2
summarize,2
architecture,2
justin,2
waning,2
imagery,2
synthesis,2
horses,2
manipulate,2
return,2
colha,2
attempt,2
vaughan,2
standing,2
initially,2
movement,2
inhabited,2
templo,2
selection,2
pastoralists,2
single,2
crabs,2
ulua,2
land,2
frankish,2
relied,2
yet,2
thames,2
precolumbian,2
us,2
neither,2
northwest,2
cod,2
orders,2
informal,2
shifting,2
cairo,2
thorny,2
strata,2
jon,2
fruitful,2
gain,2
links,2
fragmentation,2
academy,2
available,2
vega,2
accumulates,2
added,2
mintz,2
ecuadorian,2
complementary,2
consideration,2
scholars,2
meadow,2
instituto,2
choice,2
ceremonies,2
dransart,2
hamilakis,2
man,2
snyder,2
hiatus,2
external,2
germanic,2
forms,2
men,2
ages,2
secular,2
beringa,2
timing,2
noneconomic,2
calchaqui,2
requiring,2
until,2
council,2
starches,2
colony,2
real,2
diets,2
native,2
teeth,2
reconstructing,2
books,2
sacrificio,2
predynastic,2
anglosaxon,2
explicitly,2
barrett,2
interpreting,2
credit,2
analyzed,2
private,2
oil,2
berghahn,2
corroborated,2
alliance,2
upon,2
accompanying,2
istituto,2
onto,2
challenging,2
trajectory,2
formal,2
extracted,2
arose,2
enhanced,2
manufactured,2
valdez,2
strongest,2
calves,2
samples,2
imbued,2
emphasize,2
juan,2
civilización,2
exhibited,2
cooked,2
laboratory,2
steppe,2
redistributive,2
outpost,2
synthetic,2
underwent,2
sacrificing,2
fiji,2
landscapes,2
symposium,2
methodological,2
ri,2
so,2
banquet,2
parallels,2
cache,2
serves,2
maximize,2
filled,2
renewal,2
belcher,2
possess,2
courtyard,2
kastro,2
philippine,2
discarded,2
taino,2
parallel,2
hungarian,2
contact,2
effect,2
ate,2
geography,2
deagan,2
quarterly,2
recurring,2
ambrose,2
attention,2
narganes,2
brown,2
ranging,2
waxing,2
consists,2
lo,2
applications,2
abundance,2
today,2
continued,2
ecological,2
five,2
sharyn,2
response,2
mithraeum,2
powis,2
discard,2
ordinary,2
independence,2
yale,2
herring,2
millennia,2
crosscutting,2
volumes,2
blood,2
mortality,2
corroborating,2
mounds,2
problematic,2
interpretive,2
rigorous,2
guatemalan,2
nacional,2
ceren,2
prohibited,2
simply,2
carr,2
rites,2
gumerman,2
palace,2
carbondale,2
text,2
symbol,2
sciences,2
wider,2
ciudad,2
modeling,2
domuztepe,2
pylos,2
saxon,2
finance,2
venison,2
circumvented,2
accommodate,2
equivocal,2
shean,2
volcano,2
universal,2
elkab,2
bartosiewicz,2
sought,2
identities,2
byzantine,2
type,2
masters,2
beth,2
growing,2
ditch,2
regulations,2
qasrin,2
archeological,2
communicate,2
carefully,2
astragali,2
belizean,2
multidisciplinary,2
particular,2
imposed,2
laguna,2
temporally,2
foundations,2
perch,2
project,2
secure,2
yield,2
almost,2
database,2
vessels,2
practical,2
mejía,2
emergent,2
cuyes,2
preserved,2
altered,2
prerogative,2
reported,2
osteoarchaeology,2
sea,2
beer,2
armelagos,2
antiauity,2
african,2
mayor,2
techniques,2
families,2
challenges,2
exploit,2
wapnish,2
oceanic,2
think,2
recovered,2
analogy,2
question,2
shown,2
tasting,2
locations,2
years,2
grantham,2
lands,2
argentina,2
national,2
middleton,2
motives,2
dangerous,2
isaakidou,2
equids,2
mobilizing,2
typically,2
socially,2
sur,2
involving,2
yaral,2
prospect,2
inequalities,2
oversaw,2
indian,2
madison,2
shift,2
roughly,2
carbon,2
taking,2
charged,2
sectors,2
anglian,2
debate,2
views,2
deposition,2
durrington,2
livestock,2
zones,2
cited,2
svrin,1
final,1
gis,1
administrators,1
prowess,1
amphibians,1
donations,1
margins,1
undergraduate,1
decentralized,1
availability,1
sandness,1
debated,1
appropriation,1
ottering,1
launceston,1
investigated,1
haddock,1
ethiopian,1
way,1
gujarat,1
undoubtedly,1
indicated,1
brujo,1
otoliths,1
argued,1
uncritically,1
dictate,1
astragli,1
nemzeti,1
appease,1
personnel,1
affected,1
extreme,1
identidad,1
tuscaloosa,1
extend,1
drought,1
expedition,1
kur,1
college,1
heights,1
legitimate,1
offset,1
cut,1
cerros,1
measures,1
resided,1
miguel,1
fragmented,1
succession,1
spurred,1
epipalaeolithic,1
myths,1
originate,1
germany,1
utilised,1
start,1
beneath,1
potter,1
stripped,1
highlights,1
methodology,1
conducted,1
boca,1
explosion,1
cyprus,1
spine,1
rovai,1
porcellus,1
stone,1
murescerniahov,1
linkages,1
neighborhoods,1
ana,1
true,1
postdate,1
ways,1
tallahassee,1
each,1
sudden,1
specified,1
compilation,1
muuic,1
highelevation,1
oxfnrh,1
ramifications,1
aaa,1
ms,1
spirit,1
einer,1
opposites,1
metaphorically,1
policy,1
equated,1
redistribute,1
necessarily,1
pose,1
occurred,1
pasture,1
holding,1
assisted,1
pots,1
plenum,1
ofrendas,1
dainty,1
po,1
million,1
monograph,1
causes,1
brak,1
territorial,1
chief,1
character,1
tenochtitlán,1
plebeian,1
fluctuations,1
predominantly,1
canids,1
diffusion,1
ethnoreligious,1
oceania,1
consistent,1
foxy,1
archaeologie,1
olive,1
passion,1
upland,1
prominently,1
unearthed,1
bringing,1
conforms,1
every,1
muscovy,1
pervasive,1
kaunas,1
ayres,1
originally,1
repertoire,1
adopt,1
mam,1
planting,1
berkeley,1
spencer,1
fowl,1
thrive,1
season,1
elusive,1
micromammals,1
gazetteer,1
sabi,1
habitus,1
hoffmann,1
invertebrates,1
freely,1
dispatched,1
switzerland,1
editions,1
reestablish,1
definition,1
analog,1
ree,1
sillar,1
shaped,1
summation,1
height,1
menlo,1
tradition,1
assembling,1
assertion,1
suggesting,1
display,1
haçinebi,1
thank,1
morsel,1
compounds,1
richards,1
arctic,1
carts,1
rule,1
government,1
correlations,1
archive,1
moon,1
quintessential,1
closer,1
jing,1
composition,1
uncovered,1
pem,1
dom,1
complements,1
emania,1
reproduction,1
niche,1
proofreading,1
damage,1
patterned,1
watercraft,1
indiscriminately,1
houghton,1
zu,1
emphasized,1
contrasting,1
jui,1
california,1
coordinated,1
diversify,1
ambiguous,1
harbour,1
relations,1
undergoes,1
historv,1
circumvent,1
violating,1
crader,1
debitage,1
surpasses,1
kingdoms,1
involves,1
globe,1
advocates,1
lens,1
mussels,1
classifying,1
dr,1
indebtedness,1
verlag,1
kate,1
key,1
king,1
nonpit,1
irum,1
tierra,1
draws,1
circulate,1
continuum,1
primary,1
retired,1
mine,1
alejandra,1
analytically,1
eurasia,1
draw,1
erin,1
representations,1
disseminated,1
formatted,1
cain,1
trophy,1
holocene,1
discrepancies,1
determined,1
logical,1
outlying,1
omissions,1
fl,1
withdrawal,1
goody,1
vancouver,1
characterize,1
object,1
contemporaneous,1
adopting,1
willy,1
mehrgarh,1
powers,1
duck,1
weg,1
salting,1
consumers,1
dinner,1
fisherwomen,1
petexbatun,1
fearful,1
doth,1
especie,1
transcend,1
professor,1
astragalus,1
menkaure,1
reconsidering,1
combination,1
conceptual,1
submound,1
atlantic,1
taunal,1
cuauhtemoc,1
memoriam,1
primacy,1
bottom,1
konsolaki,1
agendas,1
anticipated,1
emporium,1
emulated,1
renewable,1
fhd,1
irrational,1
gastronomy,1
artic,1
analyzing,1
prevented,1
nonspecialized,1
mite,1
intrasocietal,1
assessment,1
controlled,1
overlapping,1
framework,1
canyon,1
exist,1
avenues,1
arqueológica,1
selfsufficiency,1
hombre,1
lambs,1
frequencies,1
postmedieval,1
xauxa,1
phase,1
katzenberg,1
accessible,1
regularly,1
stow,1
villa,1
oneself,1
ethnographies,1
alignments,1
integral,1
influx,1
landon,1
vatya,1
invisibility,1
cracoviensia,1
incas,1
ekron,1
parsimonious,1
prayers,1
inventoried,1
aus,1
positively,1
bodily,1
gaining,1
predators,1
neighbors,1
forgotten,1
domain,1
reflection,1
prohibitions,1
sp,1
unspecified,1
raises,1
consumer,1
occurs,1
afford,1
sardine,1
discerning,1
participating,1
application,1
tied,1
fiona,1
eurasian,1
mithras,1
stained,1
dudley,1
expected,1
industrial,1
z,1
forced,1
weissbrod,1
kind,1
chiripa,1
palaeolithic,1
santo,1
canoes,1
halif,1
lowstatus,1
maintaining,1
items,1
innovation,1
helmand,1
cultic,1
stored,1
calming,1
dermestid,1
enga,1
cosas,1
back,1
spanned,1
marriage,1
zoologica,1
ashkelon,1
slave,1
channels,1
six,1
allowing,1
lineage,1
levantine,1
dates,1
left,1
taming,1
criterion,1
estimate,1
locales,1
narwhals,1
hybrid,1
austria,1
bolivia,1
pueblo,1
deceased,1
look,1
canaanite,1
stratum,1
pennsylvania,1
tikopia,1
simplistic,1
cosmic,1
achaemenid,1
paleoecological,1
mair,1
defleshed,1
implementation,1
turnhout,1
trom,1
belonging,1
walls,1
poverty,1
subversive,1
phases,1
rights,1
dish,1
matos,1
dignitaries,1
diagnosis,1
webster,1
nagar,1
agropastoralism,1
entomological,1
pendant,1
town,1
deviations,1
genuinely,1
beetles,1
réévaluation,1
costs,1
stock,1
improved,1
señoríoa,1
caral,1
managers,1
negatively,1
nonhard,1
developmental,1
absent,1
highlands,1
mcgowan,1
basic,1
posits,1
influential,1
taphonomy,1
explicit,1
corinth,1
les,1
dynasty,1
benevolence,1
province,1
excellent,1
environments,1
adopted,1
analyzes,1
bias,1
singing,1
supplement,1
wellpreserved,1
sarah,1
mesopotamian,1
amazonian,1
certain,1
terms,1
gallery,1
meticulous,1
generating,1
stein,1
summarized,1
boyle,1
cueva,1
commentaries,1
ganadería,1
moves,1
coconut,1
hopewell,1
reinterpretation,1
meet,1
tissue,1
tooth,1
worlds,1
symoblic,1
cannarozzi,1
facilitated,1
ensure,1
interdependence,1
reinforcement,1
wresting,1
benefits,1
sol,1
fertilizer,1
peasant,1
yellow,1
clearly,1
çatalhòyúk,1
artificial,1
represented,1
butcher,1
contisuyu,1
mayapan,1
cobo,1
fifth,1
neoassyrian,1
differs,1
reviewed,1
benefited,1
advancing,1
menu,1
esoteric,1
experienced,1
find,1
exploited,1
digesting,1
evacuating,1
awareness,1
powerful,1
albuquerque,1
biotic,1
hungarica,1
follow,1
poor,1
cotton,1
obstacles,1
position,1
circulating,1
testament,1
feudal,1
patterning,1
problems,1
beef,1
nahal,1
permanent,1
aristocrats,1
veal,1
turtle,1
chemical,1
helped,1
syntheses,1
corresponding,1
providers,1
epilobocera,1
advocated,1
hot,1
dc,1
nebraska,1
unnecessary,1
correlate,1
westfalen,1
assessments,1
chester,1
inshore,1
bureaucracy,1
honduras,1
ranges,1
expressed,1
advance,1
ostentatious,1
came,1
lead,1
whom,1
pharaoh,1
snodgrass,1
dismembered,1
walk,1
bearing,1
antigua,1
stateimposed,1
postconquest,1
declined,1
dona,1
limbs,1
acknowledgments,1
entering,1
dominicano,1
chipped,1
color,1
traditionally,1
peruano,1
critically,1
mollusks,1
mapping,1
phipps,1
hallucinogenic,1
taboo,1
owned,1
strongly,1
missouri,1
out,1
saxonorman,1
solstice,1
temples,1
expression,1
archaeobiologiae,1
titris,1
zone,1
depletion,1
mobilization,1
golo,1
orant,1
halperin,1
syrian,1
socioeconomics,1
deciphering,1
captured,1
brill,1
diacritical,1
affluence,1
employee,1
bovid,1
compared,1
songbird,1
unconsumed,1
midlands,1
gaul,1
ann,1
caveat,1
mandated,1
neighboring,1
traits,1
though,1
fishermen,1
nobles,1
choices,1
garcia,1
varieties,1
displayed,1
afridar,1
circular,1
keywords,1
rubbish,1
appears,1
moore,1
nonprime,1
vulpes,1
naïve,1
suffered,1
applied,1
detecting,1
zooarcheaological,1
whale,1
outlined,1
perform,1
multidisciplinar,1
fox,1
exoskeletons,1
dwellers,1
knossos,1
profit,1
oysters,1
creates,1
hierakonpolis,1
sustenance,1
marie,1
hunters,1
technical,1
kitchen,1
documenta,1
toughness,1
failure,1
schiefenhovel,1
syria,1
paleoenvironmental,1
line,1
honors,1
destinations,1
clarke,1
introducción,1
overviews,1
luer,1
payogasta,1
mayer,1
archaeologist,1
narratives,1
piglets,1
preand,1
fraser,1
strict,1
invisible,1
throat,1
imagined,1
prized,1
characterization,1
eynsham,1
su,1
hereditary,1
breeding,1
purpose,1
discusses,1
bois,1
atiqot,1
recherche,1
tombs,1
confined,1
henderson,1
trussed,1
looking,1
pyramids,1
revealed,1
positions,1
sociedades,1
wildfowl,1
highlight,1
donkeys,1
parrots,1
flatfish,1
chiefdomes,1
gave,1
ca,1
universe,1
consistently,1
fail,1
schibler,1
refined,1
agropastoralists,1
unpublished,1
accidental,1
records,1
accomplishment,1
garbage,1
seasonally,1
unrestricted,1
archaeologists,1
taxa,1
survey,1
coulson,1
kings,1
enghoff,1
comunidad,1
hi,1
transported,1
translated,1
reconsidered,1
feeds,1
yerkes,1
herding,1
employed,1
anglia,1
comestible,1
favourite,1
fieldwork,1
sociopolitical,1
roselló,1
sagrada,1
salted,1
grit,1
laphonomic,1
wastage,1
extremo,1
nene,1
lehmann,1
intensified,1
feldman,1
goñalons,1
sixth,1
tò,1
archaenlntncal,1
huarco,1
multilinear,1
commerce,1
normally,1
smith,1
presented,1
kosher,1
working,1
lowest,1
distances,1
tom,1
oribatid,1
mita,1
tested,1
coupled,1
josé,1
guardians,1
depositing,1
box,1
politically,1
healy,1
imposition,1
bedminster,1
banquets,1
orient,1
cartilaginous,1
specifically,1
inextricably,1
festive,1
openly,1
zeichen,1
recognition,1
acknowledge,1
dhoro,1
potlucks,1
concerns,1
kutch,1
prompted,1
collections,1
breaking,1
prestate,1
caprid,1
decentralization,1
attached,1
fetal,1
waveland,1
camels,1
impossible,1
dem,1
mcomish,1
core,1
portals,1
edibility,1
fully,1
prerogatives,1
opulence,1
annual,1
ohio,1
richness,1
beacon,1
up,1
perros,1
progress,1
goat,1
kin,1
infers,1
hayden,1
francais,1
estates,1
matting,1
arbor,1
roots,1
structured,1
husbanded,1
magyar,1
dairying,1
eneohthic,1
höyük,1
rosman,1
hindlimbs,1
lincoln,1
finds,1
hybrids,1
pristino,1
anuran,1
valuable,1
reducing,1
färb,1
dictated,1
unidentifiable,1
avoid,1
mogote,1
hutias,1
appeal,1
garnered,1
cite,1
laborant,1
theorizing,1
spirituality,1
suffolk,1
llc,1
und,1
processual,1
rankings,1
etnográfica,1
inhabit,1
spoilage,1
exterior,1
steady,1
equality,1
comment,1
advocate,1
andina,1
myriad,1
noble,1
domination,1
scientific,1
bred,1
biometrie,1
meticulously,1
indicative,1
flagstaff,1
hungaricae,1
depth,1
saqqara,1
barley,1
archetype,1
play,1
spiny,1
musical,1
ten,1
exception,1
rodriguez,1
reorganization,1
necropoleis,1
prove,1
projecting,1
still,1
rationlike,1
capriles,1
estado,1
threshing,1
pelagic,1
rubel,1
peces,1
valadez,1
bill,1
ejutla,1
interactions,1
landed,1
accumulations,1
highstatus,1
comments,1
experiences,1
studien,1
builders,1
relaxed,1
distribute,1
redistributing,1
canoe,1
decisions,1
confounded,1
structural,1
fradkin,1
southeast,1
resilient,1
santana,1
postdates,1
once,1
arqueofauna,1
sdndor,1
hellenistic,1
depicted,1
accumulate,1
simultaneous,1
criticism,1
edited,1
elaboration,1
taphonomical,1
incipient,1
tale,1
reference,1
abundances,1
permission,1
wake,1
security,1
linduff,1
makes,1
rules,1
nonritual,1
caravan,1
surrogate,1
hegemonic,1
counterparts,1
sex,1
array,1
clergy,1
technology,1
descubiertos,1
pre,1
god,1
nonoffering,1
elephants,1
specifics,1
ne,1
differentiate,1
specimens,1
subsuming,1
compiled,1
marshall,1
home,1
extravagant,1
baxter,1
ci,1
infrastructure,1
raise,1
guatemala,1
abuse,1
bangles,1
purity,1
magnanimous,1
obligated,1
skin,1
nonindigenous,1
topical,1
polet,1
anos,1
litter,1
already,1
boiling,1
uniform,1
toqua,1
rome,1
herbivores,1
vultures,1
schall,1
sector,1
encompassed,1
simplistically,1
dothan,1
fill,1
subjective,1
persuasive,1
enclaves,1
ensuing,1
fabulous,1
oral,1
lagartero,1
successfully,1
liu,1
atitlan,1
skill,1
hake,1
segments,1
caprids,1
omission,1
afterlife,1
greasy,1
punas,1
popularity,1
toward,1
orígenes,1
preferences,1
drink,1
specialisation,1
storde,1
decorative,1
farb,1
unenforceable,1
projects,1
residence,1
nicodemus,1
tavares,1
soderberg,1
joyce,1
amherst,1
swans,1
paramount,1
llmann,1
preserve,1
deterioration,1
head,1
pressure,1
britons,1
broadly,1
creative,1
beliefs,1
intimidated,1
bovids,1
abstract,1
sanctions,1
saltes,1
cavia,1
crop,1
relación,1
rodents,1
kendall,1
transcendental,1
rebuilding,1
children,1
together,1
qseir,1
potrero,1
enelish,1
candidate,1
distal,1
eba,1
pieters,1
distributions,1
segmentation,1
flocks,1
snail,1
audiences,1
removal,1
cahal,1
starvation,1
zaoarchaeology,1
golan,1
conclusions,1
antiguo,1
intervillage,1
physiological,1
ground,1
gerstle,1
riding,1
harpy,1
ur,1
manner,1
academiae,1
considers,1
innovative,1
landscape,1
mammalian,1
developing,1
seetah,1
entity,1
systematic,1
fiber,1
demonstrations,1
celebrated,1
michael,1
toxic,1
immature,1
calendrics,1
eastem,1
oceangoing,1
dance,1
origin,1
philistine,1
mundane,1
focusing,1
minneapolis,1
knoxville,1
noncentralized,1
showing,1
chet,1
milevski,1
systematically,1
fewer,1
ayios,1
caracol,1
widespread,1
style,1
chalcolithic,1
bas,1
argument,1
subfloors,1
echelon,1
mill,1
valleys,1
nicole,1
break,1
polities,1
chickens,1
remained,1
wrapped,1
organize,1
another,1
gidney,1
simon,1
altar,1
pancommunity,1
aggregation,1
behaviors,1
meaningful,1
prospects,1
investment,1
lona,1
arhcaeofauna,1
sensory,1
clients,1
hongshan,1
father,1
influences,1
gordon,1
considering,1
easier,1
thanks,1
palestinian,1
archeozoological,1
slaves,1
seafood,1
enormous,1
unpredictable,1
yoruma,1
presentations,1
europeans,1
top,1
needing,1
landa,1
ethnography,1
brega,1
pearly,1
saline,1
hypotheses,1
prevailed,1
largely,1
chemistry,1
rats,1
residues,1
andines,1
factor,1
assume,1
rustica,1
manifestation,1
winona,1
ryan,1
congress,1
band,1
shortcomings,1
dances,1
proposed,1
catalyst,1
solis,1
styles,1
discontinuity,1
salvador,1
engaged,1
auf,1
durezza,1
luffs,1
taboos,1
raising,1
sees,1
delay,1
relegated,1
falconer,1
neotropical,1
slovenia,1
privies,1
shortly,1
huántar,1
emotive,1
continuities,1
described,1
islamic,1
platform,1
charge,1
army,1
anasazi,1
symbiosis,1
shrine,1
meanings,1
clear,1
discovered,1
urbana,1
woolgar,1
royalty,1
emphasizing,1
adding,1
authors,1
publication,1
disentangled,1
costumes,1
rapidly,1
health,1
brad,1
rowan,1
amounts,1
co,1
counter,1
ploughing,1
causal,1
architectural,1
divisions,1
started,1
reviewers,1
müller,1
collaboration,1
like,1
weeden,1
levtov,1
holts,1
autosacrifice,1
summer,1
plant,1
explanation,1
caso,1
features,1
bony,1
collected,1
issue,1
distinction,1
static,1
obtained,1
universitario,1
devise,1
kept,1
proximity,1
last,1
black,1
commandeering,1
arrhaftonrftss,1
quarters,1
latter,1
circaea,1
valued,1
mexica,1
graves,1
dispatching,1
caesar,1
article,1
outcomes,1
satisfy,1
herdercultivator,1
empowered,1
ornaments,1
greatly,1
crc,1
depictions,1
anderson,1
ib,1
enjoyed,1
january,1
enemies,1
lentacker,1
enthusiastically,1
mudar,1
gummerman,1
analyze,1
differ,1
divides,1
italy,1
archaeolzoologia,1
figures,1
atalay,1
panvillage,1
agenda,1
fanciful,1
pottery,1
embodied,1
finca,1
propose,1
hope,1
sailsman,1
encompassing,1
boundarybuilding,1
hedge,1
competed,1
posit,1
widely,1
applies,1
attended,1
iberian,1
covered,1
tula,1
contributes,1
paredes,1
farm,1
nisi,1
carried,1
things,1
lapita,1
extractive,1
suggestion,1
testable,1
tests,1
lifetime,1
tarcan,1
taraco,1
dolores,1
aid,1
emulation,1
dual,1
lovers,1
alcoholic,1
covertly,1
interdependent,1
marrow,1
sealed,1
independent,1
george,1
chinchawas,1
punjab,1
sometimes,1
foreign,1
meats,1
anthronoloev,1
staples,1
locker,1
bound,1
foster,1
chicken,1
hill,1
villagers,1
incorporate,1
validity,1
vertical,1
bibliographic,1
plastic,1
tozzer,1
interplay,1
appeasing,1
soul,1
itself,1
unfused,1
began,1
floor,1
render,1
semiotic,1
visual,1
lives,1
markers,1
denotes,1
monopolize,1
lhe,1
pens,1
length,1
distort,1
dynamism,1
displaying,1
settled,1
reaches,1
possessive,1
luxurious,1
hendrickson,1
enforce,1
suburb,1
interconnected,1
opuscula,1
enhance,1
enamel,1
prolegomenon,1
dedications,1
directives,1
wives,1
eugene,1
stratified,1
answer,1
premarket,1
enforced,1
centuries,1
effort,1
paleoethnobotanical,1
atmosphere,1
imperialism,1
recuay,1
insight,1
bank,1
ahvnd,1
grounded,1
density,1
susan,1
kotjabopoulou,1
hides,1
meant,1
underexamined,1
wanka,1
detail,1
jra,1
burned,1
asociadas,1
circumscribed,1
dissertation,1
warrants,1
ethiopia,1
reciprocal,1
neglected,1
contained,1
aspiring,1
moundville,1
emeritus,1
lessons,1
retrieving,1
comes,1
dancing,1
accordance,1
fattened,1
carnivores,1
seafaring,1
méxico,1
barrio,1
founded,1
ethnoarchaeology,1
leidorf,1
revisión,1
metapodials,1
constituted,1
economically,1
mutton,1
fuel,1
continues,1
yampara,1
theme,1
bioarchaeological,1
errors,1
precise,1
reciprocity,1
sufficient,1
kemp,1
cuneiform,1
rival,1
jaguars,1
compensates,1
prespanish,1
narrowly,1
biogeographic,1
temple,1
doi,1
useful,1
alternative,1
overexploitation,1
emar,1
linear,1
swan,1
korean,1
know,1
mantaro,1
axumite,1
sardines,1
dimension,1
bulgaria,1
plateau,1
functionaries,1
evolved,1
country,1
cemetery,1
parable,1
tomb,1
ancestor,1
suggestions,1
supraculinary,1
expanding,1
ratio,1
global,1
removing,1
extraction,1
legitimated,1
industry,1
ivory,1
unknown,1
denoted,1
tandem,1
intrusive,1
half,1
southernmost,1
scenario,1
unsettling,1
oueslati,1
dennis,1
constructing,1
exploiting,1
metaphorical,1
leeway,1
unburned,1
rely,1
cautious,1
cognitive,1
anthropozoologia,1
formación,1
constant,1
conscription,1
cities,1
marquesas,1
backer,1
las,1
chumash,1
placing,1
anomalous,1
consciousness,1
necessitating,1
memoirs,1
oliver,1
akha,1
merely,1
justify,1
cal,1
cautions,1
blowfly,1
integrates,1
captive,1
ethnically,1
nestor,1
depositions,1
shaanxi,1
combined,1
adults,1
making,1
induction,1
tailored,1
monastery,1
excursions,1
desirability,1
anchovies,1
huari,1
rationales,1
maintain,1
seasonal,1
passed,1
fabrication,1
domesticate,1
distinguishable,1
mere,1
pudding,1
shortages,1
shortfalls,1
leaving,1
extent,1
supplemented,1
ofgus,1
insightful,1
waters,1
densities,1
kitty,1
periphery,1
extract,1
precursor,1
dark,1
hypothesize,1
cloth,1
underworld,1
textual,1
wilkens,1
main,1
articulation,1
carpathian,1
museo,1
herd,1
italian,1
amass,1
prevent,1
levine,1
archaeometry,1
freedom,1
signify,1
size,1
travel,1
des,1
pugnant,1
popular,1
spaces,1
eagles,1
considerably,1
domineo,1
aurochs,1
steppan,1
outline,1
circumstances,1
jd,1
underappreciated,1
ikram,1
bartered,1
paleoeconomic,1
biologically,1
archaeozoologists,1
disparate,1
given,1
affecting,1
taxed,1
hyperarid,1
palmillo,1
cozumel,1
marketing,1
leicester,1
prevalent,1
confirm,1
impressing,1
diachronie,1
exploring,1
unbutchered,1
predecessors,1
cañete,1
kreclassic,1
ppr,1
administration,1
territory,1
compilations,1
measure,1
extended,1
manne,1
lab,1
reconstruct,1
fashioned,1
catfish,1
legge,1
divided,1
deities,1
isolated,1
evidenced,1
associating,1
aspect,1
budapest,1
sanctified,1
stine,1
contrasts,1
prepared,1
antique,1
larvae,1
paleorient,1
technological,1
producer,1
devoted,1
inclusiveness,1
chiribaya,1
mégalo,1
difference,1
ignored,1
hoof,1
ekronfrom,1
scientiarium,1
subadult,1
protohistoric,1
web,1
herds,1
surrounding,1
leverage,1
economv,1
sepphons,1
stratification,1
aristocratic,1
bibliography,1
crab,1
aware,1
mode,1
publishing,1
crisis,1
axum,1
extensive,1
grown,1
define,1
usa,1
hispaniola,1
irrefutable,1
product,1
chronologies,1
polynesians,1
canines,1
indonesia,1
asked,1
uiuaii,1
gentry,1
limitations,1
fluctuate,1
maximizing,1
yacobacci,1
rosenberg,1
dispose,1
tene,1
servant,1
arabian,1
anonymous,1
needs,1
offered,1
observation,1
ernie,1
spines,1
removed,1
longshan,1
intentional,1
archaeozoologia,1
archaeologica,1
drying,1
colorful,1
bonding,1
umm,1
ensuring,1
fowling,1
haiti,1
weber,1
titicaca,1
carthage,1
cook,1
reached,1
consisted,1
era,1
recognized,1
partial,1
norman,1
maximum,1
occur,1
import,1
element,1
entire,1
neuen,1
supplementary,1
dental,1
anacondas,1
herders,1
pair,1
palaeolinguistics,1
organizational,1
seek,1
ends,1
zapotee,1
priestly,1
cba,1
soconusco,1
laborers,1
cross,1
broader,1
abu,1
fostering,1
fur,1
locale,1
quaternary,1
dine,1
retrospect,1
capitalistic,1
thorough,1
