WORDCOUNTS,WEIGHT
the,1298
and,1282
of,1155
in,818
a,361
to,343
by,175
pp,171
human,167
from,160
on,157
for,155
paleolithic,151
are,142
that,129
as,125
early,124
at,121
is,120
j,116
et,114
r,112
m,109
middle,100
with,92
university,91
de,87
journal,85
c,79
new,78
upper,77
this,77
archaeological,77
were,76
hominids,73
hominid,72
p,71
or,70
some,69
these,66
h,65
e,64
g,63
l,63
late,63
pleistocene,62
evolution,62
large,61
prey,61
hunting,60
an,58
have,58
s,56
also,56
ungulate,55
food,54
more,54
d,53
t,52
not,52
di,51
their,49
b,48
may,47
science,47
foraging,45
lower,45
be,45
europe,44
small,44
kya,44
evidence,43
o,42
modern,42
homo,42
cave,41
n,41
spread,41
anthropology,41
american,40
other,40
population,40
k,40
stone,39
but,39
it,38
bone,38
carnivory,38
earliest,38
humans,37
species,37
geographic,37
exploitation,36
van,35
populations,34
time,34
among,34
w,33
age,33
most,33
f,33
they,32
western,32
animals,32
current,32
animal,32
later,31
i,31
sites,31
stiner,31
meat,31
eurasia,30
behavior,30
than,30
was,30
prehistoric,30
about,30
palaeolithic,29
social,29
la,29
bones,28
predators,28
no,28
many,28
use,28
role,28
archaeology,27
first,27
research,27
grotta,27
can,27
such,26
site,26
during,26
southern,26
been,26
remains,26
anthropological,25
one,24
du,24
asia,24
niche,24
mesolithic,24
faunal,24
cultural,24
tools,24
only,24
cambridge,24
israel,24
which,24
between,24
northern,23
central,22
review,22
changes,22
well,22
few,22
years,22
change,21
world,21
technology,21
patterns,21
much,21
into,20
after,20
evolutionary,20
africa,20
antiquity,20
over,20
game,20
before,19
cases,19
occupation,19
because,19
del,19
ecological,19
transition,19
although,19
if,18
princeton,18
hayonim,18
implications,18
last,18
vol,18
plant,18
york,18
subsistence,18
origins,18
artifacts,18
italy,18
adaptations,18
carnivores,18
what,18
african,18
recent,18
nature,17
very,17
domestication,17
shifts,17
oxford,17
international,16
resources,16
academic,16
even,16
levant,16
diet,16
record,16
scavenging,16
part,16
evolved,16
natufian,16
predatory,16
natural,16
des,16
chicago,16
easily,15
history,15
y,15
resource,15
its,15
likely,15
competition,15
processing,15
weapons,15
foragers,14
there,14
marine,14
eastern,14
epipaleolithic,14
greater,14
trends,14
ana,14
east,14
fire,14
carnivore,14
range,14
high,14
could,14
efficiency,14
series,14
densities,14
long,13
certainly,13
all,13
relatively,13
prehistory,13
spotted,13
near,13
neolithic,13
south,13
spain,13
mammals,13
dimensions,13
them,13
nonhuman,13
environmental,12
great,12
thus,12
interspecific,12
energy,12
behavioral,12
glacial,12
study,12
where,12
ecology,12
made,12
assemblages,12
mousterian,12
relative,12
european,12
chimpanzees,12
marrow,12
must,12
colonization,12
did,12
both,12
france,12
major,12
common,11
groups,11
carnivorous,11
diversity,11
dd,11
carni,11
fig,11
how,11
en,11
certain,11
generally,11
studies,11
gathering,11
had,11
information,11
least,11
when,11
production,11
trophic,11
available,11
less,11
low,11
times,11
hunters,11
paris,11
mortality,11
different,11
through,11
vory,11
tortoises,11
wild,11
conditions,11
those,10
prédation,10
old,10
yarimburgaz,10
emergence,10
important,10
basis,10
annual,10
culture,10
same,10
bar,10
demographic,10
il,10
perhaps,10
period,10
perspectives,10
cultures,10
climate,10
proceedings,10
press,10
techniques,10
national,10
fauna,10
north,10
true,9
rapid,9
latitudes,9
simple,9
quaternary,9
case,9
fossils,9
out,9
shellfish,9
della,9
eurasian,9
body,9
russian,9
breadth,9
grew,9
tool,9
periods,9
biological,9
chronology,9
regional,9
variation,9
considerable,9
man,9
see,9
strategies,9
behaviors,9
increase,9
three,9
aurignacian,9
exchange,9
primate,9
quaternaria,9
paléolithique,9
size,9
models,9
kebara,9
potential,9
kuhn,9
occur,9
predator,8
germany,8
occurred,8
british,8
plain,8
possible,8
along,8
relationships,8
since,8
dei,8
response,8
tend,8
biology,8
process,8
mean,8
risk,8
parts,8
clearly,8
archeological,8
availability,8
diminution,8
data,8
records,8
people,8
le,8
mediterranean,8
quite,8
settlement,8
several,8
presence,8
sciences,8
boundary,8
mya,8
areas,8
do,8
ungulates,8
number,8
including,8
skeletal,8
radiocarbon,8
would,8
earlier,8
ornaments,8
probably,8
increasing,8
bears,8
types,8
associated,8
known,8
modeling,8
living,8
better,8
economy,8
evidenced,8
consumption,8
increased,8
technological,8
oí,8
represent,7
san,7
ways,7
source,7
materials,7
seems,7
has,7
prior,7
southwestern,7
networks,7
excavations,7
academy,7
rates,7
capture,7
importance,7
impact,7
efficient,7
view,7
appear,7
my,7
access,7
cannot,7
aspects,7
used,7
faunas,7
optimal,7
revolution,7
level,7
jordan,7
deer,7
riparo,7
selection,7
once,7
communities,7
tortoise,7
two,7
present,7
neanderthals,7
intraspecific,7
pressure,7
increases,7
another,7
palma,7
examples,7
largely,7
trend,7
hunted,7
eight,7
dating,7
open,7
so,7
general,7
especially,7
systems,7
we,7
ago,7
effects,7
school,7
complexity,7
primates,7
comparison,7
set,7
global,7
particular,7
emphasis,7
formation,7
layers,7
focus,7
per,6
complex,6
marean,6
scientist,6
bp,6
individuals,6
origin,6
within,6
el,6
taphonomic,6
me,6
agriculture,6
hyenas,6
torre,6
west,6
above,6
spectrum,6
dynamics,6
eating,6
santa,6
distinct,6
perspective,6
competitive,6
bunn,6
fat,6
just,6
numbers,6
traces,6
too,6
oi,6
carcasses,6
guilds,6
density,6
caves,6
dispersal,6
feeding,6
older,6
broad,6
winter,6
stanford,6
regions,6
working,6
highly,6
critical,6
observations,6
various,6
economic,6
community,6
yet,6
museum,6
monte,6
radiations,6
fact,6
foods,6
v,6
assemblage,6
bulletin,6
technologies,6
diverse,6
turkey,6
upon,6
region,6
questions,6
baboons,6
quick,6
structure,6
southwest,6
tendency,6
préhistoire,6
dietary,6
neanderthal,6
indicate,6
analysis,6
any,6
material,6
lagomorphs,6
dimension,6
returns,6
particularly,6
need,6
sharing,6
maximum,6
close,6
does,5
group,5
total,5
segre,5
transitions,5
every,5
ii,5
reach,5
suggesting,5
fractures,5
million,5
diets,5
ability,5
relations,5
zooarchaeological,5
dates,5
rather,5
premodern,5
environments,5
carcass,5
landscapes,5
direct,5
developments,5
marks,5
les,5
bordeaux,5
situations,5
exploited,5
explain,5
theory,5
olduvai,5
appearance,5
found,5
though,5
hammers,5
preferred,5
protein,5
ot,5
apparent,5
confined,5
elephant,5
order,5
contrast,5
components,5
niches,5
decline,5
results,5
value,5
preliminary,5
activities,5
society,5
nonetheless,5
nearly,5
fossil,5
expanded,5
accumulations,5
aldine,5
thought,5
paleontological,5
us,5
complete,5
without,5
already,5
insights,5
stíner,5
toward,5
death,5
megafaunal,5
fish,5
growth,5
layer,5
winterhaider,5
end,5
distributions,5
fragments,5
reproductive,5
ground,5
remarkable,5
mammalian,5
frequency,5
deposits,5
magdalenian,5
rare,5
theoretical,5
points,5
individual,5
features,5
often,5
neandertal,5
hunt,5
factors,5
relationship,5
abundance,5
limpets,5
widespread,5
un,5
overlap,5
life,5
fontana,5
following,5
simply,5
terrestrial,5
equipment,5
here,5
each,5
report,5
far,5
associations,5
type,5
form,5
problem,5
moyen,5
almost,5
holocene,5
circumstances,5
preserved,5
transport,5
harvesting,5
tissues,5
au,5
paleorient,5
soft,5
instead,5
include,5
association,5
themselves,5
strong,5
zaire,4
way,4
identity,4
red,4
introduction,4
paleolitico,4
kinds,4
mobility,4
nuts,4
favor,4
behaviour,4
musée,4
canids,4
accumulation,4
davis,4
localities,4
worked,4
experiments,4
carrying,4
closer,4
greatly,4
hadza,4
china,4
somewhat,4
system,4
forum,4
key,4
italian,4
development,4
naturalist,4
processes,4
exist,4
throughout,4
ice,4
dependence,4
kind,4
mammal,4
apparently,4
preistoria,4
essential,4
costs,4
across,4
percussion,4
river,4
established,4
lithic,4
permanent,4
shifted,4
make,4
cut,4
kenya,4
raw,4
came,4
based,4
societies,4
basin,4
events,4
extracting,4
nel,4
chimpanzee,4
appears,4
scale,4
isotope,4
folia,4
london,4
competing,4
example,4
overview,4
issues,4
climatic,4
cluster,4
structures,4
rise,4
artifact,4
approach,4
presented,4
cold,4
suggest,4
archaeofaunas,4
involved,4
specifically,4
jaubert,4
situation,4
absence,4
contact,4
expansion,4
subject,4
limited,4
reduce,4
tor,4
castel,4
neandertals,4
under,4
coeval,4
ky,4
ed,4
al,4
increasingly,4
declining,4
members,4
qafzeh,4
others,4
megafauna,4
appeared,4
larger,4
doubt,4
anthropologist,4
grotte,4
remarkably,4
understanding,4
improvements,4
modem,4
eaters,4
dominated,4
pietra,4
abundant,4
procurement,4
effect,4
flesh,4
roma,4
scienze,4
primarily,4
means,4
seen,4
visual,4
aboriginal,4
thick,4
stable,4
paléorient,4
heavy,4
then,4
editori,4
changing,4
université,4
physical,4
interpretation,4
quickly,4
outcome,4
causes,4
paper,4
blumenschine,4
innovations,4
best,4
unlikely,4
literature,4
unique,4
rising,4
cause,4
extent,4
indications,4
suggests,4
museo,4
speth,4
multiple,4
became,4
variability,4
atti,4
exceptionally,4
chile,4
generate,4
average,4
smaller,4
regular,4
oldest,4
shift,4
roughly,4
thousand,4
variations,4
rocky,4
valley,4
herders,4
monographs,4
rivista,4
ca,4
roles,4
final,3
difficult,3
rate,3
created,3
coevolutionary,3
hommids,3
measures,3
gesher,3
variety,3
succession,3
geo,3
expect,3
significant,3
investigators,3
spears,3
nutrition,3
completely,3
weiner,3
animaux,3
dog,3
habits,3
solutrean,3
cornell,3
exceptions,3
behavioural,3
experience,3
taxa,3
cope,3
revisited,3
taken,3
akademia,3
editions,3
serengeti,3
wooden,3
display,3
differences,3
potentially,3
able,3
molecular,3
reveal,3
genus,3
products,3
damage,3
state,3
date,3
henry,3
vertebrate,3
extreme,3
context,3
capacity,3
u,3
design,3
implies,3
marked,3
anatomically,3
alter,3
supply,3
framework,3
includes,3
consumed,3
raises,3
tripolar,3
digestive,3
union,3
david,3
levantine,3
compared,3
storage,3
packing,3
geological,3
communication,3
look,3
ecosystems,3
ohalo,3
adult,3
cooperative,3
generation,3
guido,3
industries,3
opposed,3
pattern,3
expansions,3
recognized,3
stiiier,3
cotte,3
obtained,3
mammoth,3
sort,3
basic,3
levels,3
coastal,3
approaches,3
mémoires,3
connected,3
viewed,3
winters,3
special,3
seasonality,3
komisja,3
periodic,3
shell,3
support,3
tooth,3
colonizing,3
benefits,3
kelders,3
internationale,3
presumably,3
section,3
elsewhere,3
franchthi,3
beyond,3
brelade,3
strategy,3
dc,3
attritional,3
arrived,3
tra,3
histories,3
search,3
young,3
changed,3
deal,3
fishing,3
radical,3
requirements,3
taphonomy,3
initial,3
archaeofaunal,3
delle,3
ann,3
acheulian,3
yield,3
wide,3
sedentism,3
accelerated,3
harpending,3
artefacts,3
differ,3
fumane,3
art,3
contains,3
préhistorique,3
casal,3
past,3
call,3
personal,3
institution,3
cone,3
preparation,3
challenging,3
researchers,3
good,3
normally,3
sense,3
caused,3
fostered,3
reliable,3
involve,3
gombe,3
around,3
concerns,3
smithsonian,3
oldowan,3
australian,3
seeds,3
core,3
progress,3
st,3
monkeys,3
habitats,3
reduced,3
interference,3
short,3
hide,3
benot,3
die,3
wetland,3
moustenan,3
still,3
ranuccio,3
indicates,3
comments,3
seemingly,3
gallia,3
season,3
examined,3
substrates,3
coevolution,3
array,3
latitude,3
specimens,3
unwin,3
home,3
partly,3
reply,3
reliance,3
stones,3
independent,3
provide,3
put,3
decorative,3
addition,3
water,3
shows,3
occupations,3
choice,3
breuil,3
took,3
model,3
zhoukoudian,3
huntergatherer,3
incursions,3
rebound,3
circumscription,3
wood,3
venta,3
degree,3
herbivores,3
pooling,3
explanation,3
farming,3
insulation,3
istituto,3
drills,3
comportement,3
birds,3
omnivorous,3
resulting,3
harvard,3
involves,3
similar,3
clear,3
mt,3
evidently,3
genetics,3
responses,3
littoral,3
am,3
provides,3
latter,3
polska,3
unambiguous,3
margin,3
favored,3
italia,3
technologique,3
land,3
wildlife,3
whitei,3
consequences,3
yields,3
liège,3
raise,3
processed,3
involving,3
fewer,3
evenness,3
sensitive,3
designs,3
shells,3
why,3
kill,3
gosto,3
respect,3
exists,3
paleogeografii,3
gathered,3
share,3
ash,3
storia,3
intensification,3
pace,3
nutritional,3
temporal,3
geoarchaeology,3
der,3
notarchirico,3
cantabrian,3
specialization,3
novel,3
expanding,3
sizes,3
connection,3
interested,3
seem,3
università,3
eventually,3
megantereon,3
recherches,3
domesticated,3
erectus,3
phd,3
beginning,3
notable,3
terms,3
plants,3
seasonal,3
adaptation,3
while,3
produce,3
inférieur,3
contain,3
peoples,3
occasionally,3
northwestern,3
given,3
carmel,3
carnivora,3
obtain,3
using,3
reports,3
gain,3
terminal,3
our,3
umano,3
until,3
practices,3
lands,3
società,3
archéologiques,3
brain,3
consumers,3
ambush,3
steinheim,3
scavi,3
leiden,3
area,3
archaic,3
klein,3
point,3
conceptual,3
indicating,3
signals,3
tne,3
grease,3
retention,3
fémur,2
now,2
portuguese,2
lagomorph,2
hallmarks,2
limits,2
estimated,2
indicated,2
designated,2
animale,2
consume,2
resulted,2
postacquisition,2
ethnographic,2
mountains,2
epipalaeolithic,2
debris,2
rolled,2
becoming,2
boca,2
he,2
carbonell,2
designed,2
ruiz,2
diversification,2
live,2
mammiferi,2
cursorial,2
park,2
considerations,2
reasonably,2
position,2
character,2
necessarily,2
mainland,2
something,2
neolitico,2
arizona,2
territorial,2
competttion,2
bahn,2
fraction,2
roebroeks,2
permit,2
sources,2
modest,2
subtidal,2
interests,2
concentrated,2
might,2
elusive,2
gabunia,2
utilization,2
valladas,2
equally,2
dennell,2
sustainable,2
definition,2
possibilities,2
limb,2
humana,2
together,2
industrie,2
latium,2
turnover,2
farmers,2
timing,2
analyses,2
rich,2
colloque,2
buca,2
generalizations,2
composition,2
room,2
beds,2
packages,2
subsequent,2
efficiently,2
newell,2
overlapping,2
tarih,2
gifts,2
classified,2
california,2
rrom,2
italie,2
threshold,2
tell,2
forums,2
papers,2
side,2
nunamiut,2
con,2
existence,2
sophisticated,2
projectile,2
iii,2
primary,2
bases,2
routines,2
palaeomagnetic,2
koobi,2
humain,2
zooarchaeology,2
whatever,2
taking,2
x,2
quantity,2
preistoriche,2
correlation,2
exposed,2
maynard,2
conflict,2
frequencies,2
phase,2
royal,2
approche,2
equatorial,2
explained,2
bison,2
oy,2
quality,2
due,2
interior,2
mtdna,2
backdrop,2
vertebrates,2
cooperate,2
interest,2
tigers,2
consumer,2
price,2
grouped,2
aoki,2
riunione,2
preagricultural,2
sinclair,2
spans,2
ai,2
elements,2
items,2
burgeoning,2
modifying,2
columbia,2
allowing,2
left,2
third,2
drives,2
mechanical,2
like,2
tanzania,2
child,2
men,2
application,2
prime,2
traditions,2
rigors,2
regionalization,2
jerusalem,2
anzidei,2
grimaldi,2
higher,2
via,2
interesting,2
invaded,2
philadelphia,2
estremadura,2
links,2
nuovi,2
principally,2
refitting,2
managing,2
ra,2
artiodactyls,2
culminating,2
giacimento,2
annales,2
à,2
signatures,2
overharvesting,2
lacking,2
lay,2
presso,2
von,2
space,2
wallertheim,2
risks,2
reason,2
modified,2
lives,2
escape,2
monumental,2
biased,2
possibly,2
yellow,2
den,2
dalla,2
dominate,2
xi,2
hoffecker,2
operate,2
experienced,2
opportunity,2
actes,2
peninsula,2
eighth,2
neither,2
peabody,2
testify,2
etude,2
italiano,2
preference,2
suggested,2
management,2
reflections,2
whereas,2
caloi,2
portable,2
typical,2
mollusks,2
effort,2
energetic,2
format,2
isernia,2
persist,2
isolated,2
paleoclimates,2
mainly,2
separated,2
industria,2
appearing,2
procedures,2
absolute,2
required,2
package,2
criteria,2
technical,2
distinguishes,2
boesch,2
pigs,2
gained,2
directly,2
participation,2
explore,2
work,2
estratto,2
intense,2
coping,2
brought,2
nella,2
knowledge,2
protostoria,2
caught,2
restructuring,2
semliki,2
cracking,2
loss,2
whole,2
place,2
hearth,2
relevance,2
survey,2
thereafter,2
lifeways,2
versatile,2
moustériennes,2
lupo,2
cat,2
capacities,2
extinctions,2
coooafabve,2
niveaux,2
archaeologists,2
graph,2
sulla,2
quarterly,2
harper,2
los,2
giant,2
nonconfrontational,2
firenze,2
stage,2
prevalence,2
next,2
characteristics,2
altered,2
bridge,2
routine,2
transfer,2
investigations,2
ubeidiya,2
essentially,2
ancestors,2
coast,2
always,2
stratigraphy,2
richness,2
up,2
seed,2
productivity,2
barroso,2
kiro,2
peculiar,2
altogether,2
katanda,2
francais,2
will,2
therefore,2
microwear,2
interglacial,2
raposo,2
reductions,2
basarwa,2
attributable,2
scientific,2
comparative,2
ancien,2
thermoluminescence,2
play,2
return,2
onward,2
edges,2
investments,2
prove,2
moscerini,2
thèse,2
gaudzinski,2
uthic,2
interactions,2
traps,2
strategic,2
innovation,2
cavallo,2
southeast,2
gibert,2
cachel,2
gnawed,2
forager,2
keeley,2
hares,2
represents,2
soon,2
cats,2
sex,2
continuity,2
selective,2
temperate,2
logged,2
ancient,2
included,2
lowland,2
epigravettian,2
extinction,2
light,2
rabbits,2
experimental,2
inferences,2
switch,2
patterning,2
rome,2
dmanisi,2
resolution,2
cavities,2
mineralogical,2
challenge,2
again,2
conslmâptlon,2
husbandry,2
consideration,2
preserve,2
fundamental,2
foodstuffs,2
head,2
paleoanthropological,2
striking,2
advantage,2
conference,2
biostratigraphy,2
origine,2
pacific,2
john,2
debates,2
arthur,2
pennsylvania,2
removal,2
external,2
honor,2
question,2
granada,2
forms,2
never,2
outside,2
waterborne,2
adjacent,2
physiological,2
centre,2
landscape,2
purposes,2
bead,2
coincident,2
practice,2
agencies,2
intragroup,2
binford,2
musteriano,2
encountered,2
lithique,2
éditions,2
local,2
greatest,2
survive,2
background,2
thanks,2
discovery,2
limitations,2
enhanced,2
previously,2
ruminant,2
manifestations,2
warming,2
artiodactyl,2
asian,2
kostenki,2
virtually,2
refers,2
sequence,2
styles,2
continue,2
full,2
described,2
mellars,2
pendo,2
significance,2
authors,2
discussed,2
scandinavia,2
taxonomic,2
decorated,2
amounts,2
isles,2
magdelenian,2
geographically,2
function,2
hammer,2
strange,2
heat,2
mochi,2
paleomagnetic,2
played,2
inferred,2
collected,2
maximize,2
lie,2
kept,2
probable,2
preservation,2
standard,2
repeated,2
southeastern,2
enough,2
conduits,2
become,2
relation,2
hand,2
institut,2
tactics,2
crc,2
deliberate,2
transporting,2
remainder,2
raised,2
galilee,2
department,2
versus,2
occupied,2
acheuleana,2
découverte,2
balkans,2
chain,2
adaptive,2
zafarraya,2
brown,2
cueva,2
limiting,2
caucasus,2
iran,2
applications,2
stems,2
highand,2
usually,2
inside,2
substitution,2
slow,2
concluding,2
deposit,2
strongly,2
yale,2
rim,2
began,2
effectively,2
understand,2
gli,2
recognize,2
rapidly,2
length,2
responsible,2
dans,2
fe,2
existed,2
acquisition,2
sauvages,2
face,2
pressures,2
conservation,2
complexes,2
meignen,2
thinly,2
isaac,2
burned,2
revolutionized,2
protracted,2
intertidal,2
deposito,2
founded,2
needs,2
ever,2
eraul,2
substrate,2
extension,2
reciprocity,2
scraping,2
membership,2
orce,2
useful,2
moravia,2
alternative,2
hershkovitz,2
rocksheiter,2
specialized,2
refinements,2
extraction,2
accustomed,2
straightforward,2
gazelle,2
argue,2
domestic,2
harvest,2
mallaha,2
obviously,2
potts,2
baryosef,2
recherche,2
edible,2
cultivation,2
allocation,2
replication,2
mass,2
options,2
advances,2
stature,2
captive,2
according,2
explanations,2
reproduce,2
transfers,2
spatial,2
rose,2
ones,2
making,2
supplemented,2
agricultural,2
zagros,2
edinburgh,2
venosa,2
neeley,2
leuven,2
scavenged,2
faune,2
absurdly,2
property,2
influenced,2
superiore,2
oxygen,2
phenomena,2
herd,2
detazzi,2
aurochs,2
pulses,2
leopard,2
ursus,2
dismiss,2
reported,2
universität,2
introduced,2
despite,2
overlays,2
rendering,2
reappraisal,2
jérôme,2
extensive,2
cooperation,2
palestine,2
manufacturing,2
phenomenon,2
snow,2
expense,2
iberian,2
considering,2
nonviolent,2
intensified,2
advent,2
nile,2
camps,2
catch,2
trap,2
bolletino,2
grown,2
autumn,2
sito,2
integration,2
mac,2
mainz,2
observation,2
territories,2
searching,2
blurton,2
survivorship,2
nifln,2
comptes,2
butchering,2
say,2
civico,2
dental,2
mismatch,2
pakistan,2
sedimentary,2
beings,2
profiles,2
should,2
études,2
meeting,2
meoreucm,1
wolves,1
tasi,1
carved,1
intimately,1
regione,1
jezrael,1
mimic,1
optimize,1
timnian,1
assessorato,1
antler,1
currently,1
mostly,1
predatorprey,1
natoufienne,1
paralleled,1
ecología,1
doubts,1
metal,1
radicati,1
reperto,1
díaz,1
generalization,1
universal,1
spelaeological,1
paleobiology,1
selon,1
valle,1
rybczynski,1
promises,1
stylistic,1
drag,1
norse,1
hfeways,1
sherry,1
blum,1
paleoindian,1
fase,1
defy,1
war,1
isotopes,1
cisjordan,1
immune,1
functional,1
faceted,1
exploring,1
primedominated,1
cyrenaican,1
universite,1
dipartimento,1
peaceful,1
morphologie,1
luck,1
expedition,1
féminine,1
arrive,1
più,1
internationales,1
bermudez,1
hyperdeveloped,1
inferior,1
alone,1
pleistosen,1
eclipsed,1
adoption,1
thai,1
lessened,1
spurred,1
bibliography,1
lor,1
originate,1
manuscript,1
roche,1
distributed,1
canopy,1
angelo,1
caccia,1
village,1
enlightening,1
needed,1
rick,1
marina,1
industry,1
ive,1
minuscule,1
systematically,1
limpet,1
agency,1
myth,1
lernau,1
laminar,1
illustrative,1
larry,1
enhance,1
diverge,1
essays,1
precede,1
hull,1
carnívory,1
informative,1
schools,1
constitutes,1
terza,1
postdate,1
hiopleistocene,1
remnants,1
strictly,1
investigating,1
earlymiddle,1
bias,1
oqtfrf,1
medullary,1
classifiable,1
steve,1
protoagricultural,1
stíncr,1
notwithstanding,1
rangifer,1
former,1
hublin,1
anthrodlonx,1
balzi,1
acceptance,1
trace,1
earnest,1
laboratory,1
devices,1
obligations,1
cycles,1
gamble,1
pose,1
unlike,1
kr,1
italiana,1
exeter,1
eastward,1
equations,1
botswana,1
assisted,1
onset,1
dig,1
plenum,1
jufuulh,1
arguing,1
lenses,1
eye,1
agostino,1
determinants,1
legless,1
audouze,1
signal,1
contexts,1
limestone,1
turning,1
disturbances,1
formalize,1
cutting,1
fluctuations,1
colonized,1
predominantly,1
mammifères,1
said,1
molluscs,1
compression,1
anything,1
lannone,1
kivu,1
pleistocenico,1
gap,1
amvientali,1
beneficial,1
submitted,1
usa,1
humble,1
invention,1
constituting,1
expands,1
karenina,1
quaternario,1
creation,1
vulture,1
distinguishing,1
nonexistent,1
unambiguously,1
archeozoologiche,1
portage,1
tmhftology,1
attempts,1
paleosuperfici,1
magdalénien,1
ciencias,1
musical,1
brains,1
ithaca,1
uuuu,1
anywhere,1
demonstrable,1
permanently,1
opportunists,1
invertebrates,1
stretch,1
words,1
dramatically,1
georgia,1
regionale,1
comparatively,1
shaped,1
gorge,1
affinities,1
attractive,1
scientists,1
laundry,1
technologic,1
assess,1
broadly,1
coexisting,1
quel,1
warm,1
accompanied,1
bonsall,1
desire,1
soffer,1
accumulated,1
pinto,1
arctic,1
wynn,1
irreversibly,1
paganini,1
scientifica,1
xiii,1
pincevent,1
kefar,1
link,1
salivary,1
broadest,1
escalate,1
whistling,1
take,1
ami,1
reproduction,1
demie,1
dneister,1
listed,1
ropuianon,1
sagaie,1
hands,1
inadvertently,1
tracce,1
biogenic,1
course,1
fractions,1
consist,1
emphasized,1
primitive,1
mechanism,1
costlier,1
lifestyle,1
normal,1
alike,1
alpes,1
fouilles,1
outstripped,1
declines,1
cetona,1
deteriorated,1
associates,1
quneitra,1
fulfilling,1
contents,1
relieves,1
ad,1
phylogenetics,1
paleodemography,1
calvarium,1
litoranee,1
concealed,1
gastric,1
est,1
occasional,1
habitual,1
java,1
gnawing,1
rasp,1
reconstruction,1
territorially,1
pied,1
archeozoologico,1
resilience,1
develops,1
verlag,1
resembles,1
portugal,1
stashing,1
domesticazione,1
owing,1
jenkins,1
nn,1
capitalizes,1
albeit,1
felid,1
task,1
framing,1
anthropozoologica,1
mine,1
shafts,1
iv,1
meandertnai,1
demography,1
lena,1
discuss,1
rests,1
march,1
solving,1
buitenhuis,1
figs,1
trophy,1
earlx,1
northeast,1
dimensionality,1
quantities,1
demands,1
opened,1
unexploited,1
compelling,1
leo,1
constraints,1
pets,1
condition,1
idarraga,1
paucity,1
facilitating,1
artefactual,1
standardization,1
depend,1
biotic,1
sicilia,1
petersfels,1
functions,1
october,1
bonacradüng,1
taxonomically,1
move,1
depressions,1
obvious,1
arenas,1
hawkes,1
rudolf,1
apart,1
süner,1
interdisciplinary,1
rely,1
innominate,1
laboratorio,1
combine,1
razzai,1
uses,1
taunal,1
tooby,1
kolfschoten,1
fur,1
vertesszollos,1
antedate,1
desirable,1
genetic,1
agendas,1
anticipated,1
considerably,1
juvenile,1
chronic,1
humains,1
domestiques,1
minimum,1
identifies,1
storici,1
leas,1
ecologia,1
dwellings,1
beidha,1
tests,1
analyse,1
palaeoecological,1
split,1
travers,1
attract,1
localized,1
controlled,1
facets,1
preliminari,1
wherever,1
haynes,1
usage,1
ranked,1
abraded,1
narrowed,1
fieistocene,1
possessing,1
gaétan,1
culminated,1
multidimensional,1
therein,1
fracture,1
unpublished,1
nouveau,1
picuumum,1
differential,1
actual,1
wisher,1
mundane,1
cortical,1
alignments,1
torralba,1
madrid,1
comstock,1
curated,1
eventual,1
estimating,1
component,1
facts,1
sapiens,1
mm,1
kurumu,1
faced,1
illustrates,1
simmons,1
against,1
visited,1
muscle,1
hallan,1
omnivore,1
degli,1
anomalous,1
silent,1
verberie,1
integral,1
medio,1
rosas,1
corner,1
sierra,1
danube,1
patchy,1
bridging,1
modes,1
daniel,1
sympatric,1
concentrations,1
ostrich,1
gnatcatcher,1
shaft,1
millennio,1
afford,1
divje,1
interpret,1
guattan,1
heightened,1
facet,1
vanguard,1
cantabria,1
jr,1
pig,1
lincei,1
quicker,1
hannan,1
assured,1
hayaena,1
mild,1
extensively,1
expected,1
uldowan,1
nested,1
forced,1
rissian,1
attracting,1
priority,1
turn,1
acquiring,1
scienre,1
rank,1
transpires,1
arc,1
nor,1
paleolitiche,1
tends,1
symptoms,1
clark,1
divergence,1
genes,1
stored,1
neanderthaler,1
document,1
conjunction,1
refer,1
sized,1
positive,1
amount,1
pierre,1
subjects,1
disproportionately,1
architectural,1
gradients,1
prehistoria,1
speed,1
simplest,1
leusj,1
ineoualities,1
panafricain,1
tlephantenjager,1
digested,1
difficulty,1
generated,1
byrd,1
races,1
savanna,1
analogs,1
cutmarks,1
elaborated,1
coquillage,1
continuous,1
hibernating,1
criterion,1
enlightened,1
thin,1
compare,1
find,1
ippopotamo,1
zebras,1
coinciding,1
nonselective,1
memoir,1
stimulating,1
imagerie,1
olive,1
lens,1
mammoths,1
lettere,1
occasion,1
jones,1
valleys,1
handful,1
coal,1
influence,1
bypassed,1
hundert,1
undisputed,1
incidental,1
bottlenecks,1
parks,1
mentioned,1
phases,1
smoothed,1
garrod,1
defending,1
ze,1
gravitate,1
oj,1
awkward,1
incentives,1
baboon,1
castelletti,1
machairodont,1
poor,1
automatic,1
eines,1
simultaneously,1
weapon,1
acculturation,1
profoundly,1
aborigines,1
manipulated,1
boreal,1
german,1
plotted,1
colleee,1
nonaatoctfcra,1
identification,1
predicted,1
stockpiled,1
transformations,1
cheetahs,1
etudes,1
repressentation,1
statements,1
istruzione,1
eiszeitliche,1
performance,1
residence,1
troubled,1
absent,1
rifi,1
superficial,1
centered,1
developed,1
faunistici,1
taphonomical,1
riwat,1
rounded,1
paths,1
tnggernsn,1
unit,1
natuîian,1
bifaces,1
hemitragus,1
explicit,1
hibernation,1
reference,1
süain,1
circeo,1
demonstration,1
una,1
represented,1
cambridee,1
deliberately,1
suffer,1
glut,1
articulation,1
ozarks,1
bncj,1
systematics,1
aurignacien,1
proportion,1
supplement,1
stirar,1
starasele,1
thing,1
cervid,1
archaeometry,1
republic,1
variant,1
butterflies,1
balanced,1
artiface,1
kobeh,1
contributions,1
elaborate,1
í,1
cooking,1
enriched,1
disappear,1
abitanti,1
poggio,1
bloomington,1
helmei,1
delv,1
ile,1
feel,1
redundancy,1
paleoclimate,1
xxx,1
ammerman,1
intensity,1
springer,1
ineanuerinai,1
canid,1
ironic,1
wash,1
exceptional,1
references,1
tissue,1
arid,1
solutions,1
uçagizli,1
serve,1
perceptions,1
ragged,1
sevilla,1
manzi,1
siciliana,1
affect,1
ensure,1
supports,1
varying,1
consider,1
locally,1
tailored,1
dichotomy,1
flexibility,1
entry,1
tanning,1
popolamento,1
cuantitativo,1
nitrogen,1
bernaldo,1
leg,1
severity,1
intensive,1
exponential,1
organized,1
itinerant,1
selectivtty,1
dated,1
umane,1
wealth,1
liberal,1
driven,1
moderately,1
polishes,1
methodist,1
mary,1
jaws,1
preoccupation,1
arqueología,1
northeastern,1
weak,1
castilla,1
babe,1
ignorance,1
frequently,1
reviewed,1
shrinking,1
solid,1
tempered,1
paleo,1
paleonent,1
sus,1
provokes,1
levallois,1
store,1
additional,1
lunedurger,1
robbing,1
kébara,1
overburdened,1
peru,1
exceed,1
piéistoceno,1
barring,1
toro,1
modeled,1
comparisons,1
emeigence,1
stepping,1
anvils,1
stark,1
putting,1
surge,1
mordant,1
problems,1
overcame,1
reconsideration,1
begin,1
centrale,1
answers,1
flakes,1
torching,1
bahara,1
antithetical,1
care,1
helped,1
corresponding,1
riempimento,1
decades,1
differently,1
dispersion,1
balkan,1
categorical,1
alan,1
caivanum,1
auu,1
disappeared,1
publishing,1
charcoal,1
causation,1
felling,1
challenges,1
devoted,1
ranges,1
diachronic,1
insectivory,1
expressed,1
result,1
closely,1
lieu,1
kekopey,1
lead,1
whom,1
vaquero,1
thousands,1
concentration,1
arrival,1
allow,1
declined,1
route,1
livelli,1
dicerorhinus,1
begun,1
erosion,1
called,1
color,1
traditionally,1
prealpi,1
kalahari,1
processi,1
brd,1
nominias,1
indiwh,1
kubbaniya,1
ambiguity,1
seven,1
centers,1
nutrients,1
hippopotamus,1
matières,1
sutcliffe,1
issue,1
arcnaeoiogicai,1
shared,1
iheoreticat,1
sedentary,1
facilitate,1
hurope,1
mommy,1
zone,1
veneto,1
prima,1
noting,1
extinct,1
primigenius,1
emerge,1
mollusc,1
territorio,1
continents,1
interpretations,1
fragile,1
pitfalls,1
paleontologica,1
compromised,1
lent,1
term,1
piaoas,1
nummg,1
big,1
run,1
refines,1
degrading,1
ofneandertals,1
malnutrition,1
pure,1
ranking,1
uvöhj,1
collector,1
accessing,1
neighboring,1
generalists,1
understood,1
equal,1
cosmo,1
scavengeable,1
let,1
nonnern,1
campagna,1
metabolism,1
syracuse,1
reviews,1
siuuy,1
mediated,1
recently,1
subarctic,1
produced,1
sul,1
champ,1
biases,1
numeri,1
separates,1
younger,1
equifinality,1
otherwise,1
hare,1
vivid,1
elaphas,1
seattle,1
however,1
huntef,1
pollen,1
abuse,1
rossi,1
fox,1
overpopulation,1
exploration,1
predawn,1
nonculinary,1
simulations,1
heavily,1
acknowledgments,1
flaked,1
paleontologists,1
chances,1
james,1
vegetal,1
ayuntamiento,1
chapitre,1
experiment,1
expensive,1
improve,1
jim,1
paleoecological,1
hierarchies,1
nazionale,1
none,1
followed,1
gramsch,1
litiche,1
anthropologie,1
hamar,1
marsh,1
relief,1
elephas,1
minute,1
anna,1
vindija,1
depiction,1
planning,1
fragmented,1
recontres,1
sea,1
steep,1
preand,1
rhinos,1
strict,1
valkenburgh,1
hitman,1
cord,1
clean,1
claim,1
evaluation,1
concept,1
urmenschenschädel,1
unless,1
haua,1
significantly,1
sociocultural,1
crude,1
appreciable,1
bois,1
periglacial,1
reserve,1
reduction,1
clearer,1
pitj,1
related,1
indigenous,1
test,1
penetrating,1
grow,1
routinely,1
ten,1
paleoenvironments,1
revista,1
surprise,1
intentionally,1
hatay,1
nhessen,1
uc,1
siegfried,1
phylogenetic,1
peasnall,1
consistently,1
oso,1
kiva,1
tisch,1
toscana,1
myriad,1
pyramid,1
flight,1
reduces,1
shading,1
tremendously,1
jo,1
shackleton,1
locomotor,1
actually,1
being,1
neighbors,1
combustion,1
jahre,1
transported,1
documented,1
doors,1
parure,1
reconsidered,1
proliferation,1
contentious,1
away,1
gear,1
reflect,1
canberra,1
elegant,1
dolina,1
compact,1
realms,1
quantifying,1
partridges,1
statuettes,1
sociopolitical,1
alpina,1
own,1
kelleyhouse,1
inquadramento,1
towards,1
manipulation,1
refuse,1
località,1
numerically,1
subtle,1
oriental,1
explaining,1
bir,1
preceded,1
tough,1
stressed,1
creating,1
hut,1
yacimientos,1
solution,1
digestibility,1
punctuated,1
brush,1
ambushing,1
successful,1
hard,1
field,1
formalizing,1
below,1
corresponds,1
regardless,1
wi,1
mohusk,1
distances,1
tested,1
indicators,1
sessile,1
stiller,1
presencia,1
trie,1
grooving,1
cabrera,1
stimulated,1
qedem,1
esr,1
fallow,1
reaches,1
sharp,1
enormous,1
insurance,1
pree,1
notizie,1
yukon,1
oms,1
family,1
attention,1
spanish,1
iithic,1
recognition,1
juruan,1
tixier,1
migration,1
hafting,1
choose,1
colloquium,1
subsist,1
undone,1
compatibility,1
assimilate,1
cool,1
gilbraltar,1
acts,1
lehringen,1
ivaiaikui,1
centrai,1
inhabitants,1
axtracüon,1
distinguished,1
suddenly,1
molise,1
boundaries,1
diversified,1
paristwowe,1
differing,1
tended,1
impossible,1
anterior,1
tanzanian,1
dedicated,1
gradient,1
ursids,1
santonja,1
fats,1
offspring,1
majority,1
backup,1
specializations,1
stpm,1
scavenge,1
protostorici,1
rodríguez,1
mudi,1
splendored,1
dropping,1
und,1
travaus,1
correspondence,1
theorem,1
urgeschichte,1
öoiswana,1
har,1
feasible,1
weigh,1
grateful,1
provided,1
purified,1
finds,1
présence,1
negra,1
archaeozoologia,1
rinvenuto,1
reducing,1
geographical,1
pleistocenes,1
unfolded,1
tai,1
fiber,1
compaöng,1
concomitant,1
content,1
stephens,1
survived,1
bartram,1
dnestr,1
replacing,1
chronological,1
span,1
blanket,1
analytic,1
retreated,1
portion,1
ergebisse,1
uncommon,1
happen,1
belgium,1
kabazi,1
horizons,1
tasks,1
urnaments,1
partially,1
thickly,1
ranging,1
ramifications,1
chains,1
aer,1
minor,1
ventured,1
os,1
libya,1
matter,1
olocene,1
expanse,1
summarize,1
troop,1
actualistic,1
oikos,1
polished,1
quaternarie,1
identified,1
action,1
descending,1
separation,1
mechanisms,1
indeed,1
lag,1
quatermaire,1
mediterraneo,1
corporation,1
subsistants,1
albany,1
exception,1
prevailing,1
pipemos,1
object,1
geoarchaeologx,1
presently,1
rm,1
folded,1
hoofed,1
unprecedented,1
registered,1
settings,1
territory,1
biologia,1
ramonage,1
suprijo,1
avian,1
formazione,1
morsels,1
kills,1
single,1
resilient,1
needles,1
culturali,1
percentage,1
undergo,1
scarcity,1
guide,1
primi,1
patches,1
contributing,1
untended,1
emerged,1
fragmentary,1
edited,1
camivory,1
od,1
fair,1
domesticates,1
push,1
opportunities,1
revealed,1
colobus,1
rules,1
spurs,1
marginal,1
paradox,1
happened,1
shipman,1
corroborated,1
esoteric,1
manpower,1
predomesticated,1
verniers,1
exposure,1
historia,1
populated,1
ne,1
lineages,1
participants,1
fringes,1
breakage,1
une,1
protohuman,1
orders,1
clothing,1
positively,1
dropped,1
giacimenti,1
cahiers,1
skin,1
allows,1
usurpation,1
locality,1
indian,1
provocative,1
illustrated,1
paleoanthropologists,1
friendly,1
garland,1
handling,1
rob,1
innate,1
isemia,1
sealed,1
avoided,1
pontentials,1
synthesis,1
spatially,1
tomo,1
volume,1
representation,1
tasmanian,1
récent,1
nova,1
party,1
simulation,1
tour,1
bushman,1
french,1
layton,1
skill,1
natoufiennes,1
monocumlfwiq,1
power,1
milano,1
supérieur,1
accompanies,1
mark,1
pleistoceneico,1
fin,1
fragmentation,1
spend,1
fcast,1
thresholds,1
trapping,1
varies,1
sour,1
morin,1
rock,1
added,1
ape,1
spear,1
missing,1
sui,1
piling,1
skills,1
communal,1
sinai,1
fora,1
zeder,1
longer,1
lack,1
petraglia,1
limit,1
turner,1
treatment,1
micena,1
phalanx,1
minnesota,1
feather,1
reexamined,1
cape,1
unidentified,1
agree,1
documents,1
scamuso,1
bovids,1
acheuléen,1
artiodacty,1
forces,1
children,1
couches,1
habitat,1
travaux,1
chatelperronian,1
pleistocène,1
gray,1
focuses,1
watch,1
distal,1
paleontologico,1
substantially,1
heels,1
lycaon,1
arguably,1
economiche,1
primo,1
feedback,1
hiatus,1
beliefs,1
pineta,1
audiences,1
reasons,1
surrounding,1
etau,1
cooperated,1
bony,1
owiogy,1
aesthetic,1
conclusions,1
antropologia,1
proverbial,1
steppic,1
lions,1
drinking,1
preet,1
herzian,1
likelihood,1
conserving,1
ceprano,1
iumuui,1
palimpsest,1
estudio,1
clusters,1
manner,1
atapuerca,1
ucnu,1
derivation,1
turk,1
developing,1
competitors,1
dorothy,1
ljubin,1
existing,1
picareiro,1
coarse,1
establish,1
relevant,1
crop,1
adademiai,1
shown,1
peopling,1
notch,1
infilling,1
containers,1
iberia,1
contributi,1
exotic,1
schöningen,1
maturity,1
attitude,1
lhomme,1
volatile,1
parures,1
chronologically,1
flint,1
controversy,1
routledge,1
asiatic,1
alle,1
weakly,1
gives,1
paleoecologiche,1
lurk,1
compete,1
differentiation,1
linked,1
outlines,1
insensitive,1
lanzania,1
amenian,1
crimea,1
scant,1
imagine,1
ephemeral,1
demonstrated,1
musteriana,1
pleniglacial,1
widening,1
keep,1
baskets,1
subtropical,1
microscopic,1
ignored,1
sahnouni,1
synchrony,1
investment,1
elevations,1
discussion,1
averaged,1
backhuys,1
reynal,1
gisement,1
cree,1
évaluation,1
organisms,1
gif,1
ecologically,1
values,1
nepal,1
preistorice,1
aggregated,1
giles,1
keating,1
monographien,1
reconcentrate,1
ethnology,1
scatter,1
aiy,1
simulating,1
xc,1
sufficiently,1
litter,1
palmqvist,1
safer,1
habelt,1
snares,1
top,1
ageand,1
findings,1
empirical,1
ruoncauun,1
pendent,1
controlling,1
entirely,1
huntersfirst,1
eaten,1
ibex,1
peglia,1
cranial,1
hypotheses,1
operated,1
dye,1
protoaurignaziano,1
additions,1
renne,1
congress,1
spiced,1
overcoming,1
bed,1
iena,1
stirer,1
net,1
ethnic,1
story,1
recovery,1
aids,1
natufien,1
fruits,1
grinding,1
option,1
morphological,1
neotropical,1
stayed,1
advantages,1
ichthyofaunal,1
larrastrial,1
shelter,1
netherlands,1
underwent,1
macromammiferi,1
specimen,1
vii,1
groupes,1
ties,1
chronologic,1
uccelli,1
ventral,1
discovered,1
vertedrate,1
provoked,1
historic,1
junta,1
applied,1
directed,1
hinged,1
mode,1
nut,1
language,1
virtues,1
clue,1
luca,1
pd,1
uia,1
flake,1
perdrix,1
mississippian,1
allowed,1
characterized,1
reviewers,1
incompletely,1
ef,1
cache,1
indisputable,1
distinction,1
sands,1
stresses,1
stages,1
arteries,1
filled,1
proximity,1
southcentral,1
dell,1
naldini,1
black,1
antico,1
misuse,1
piecing,1
artificial,1
xxixe,1
oxbow,1
cassoli,1
aquatic,1
combe,1
chasseurs,1
resti,1
influencing,1
maison,1
conspicuously,1
outcomes,1
rettili,1
nonselectively,1
schaller,1
jaca,1
generic,1
viewpoint,1
indicator,1
puoi,1
craft,1
narrow,1
arsebük,1
domestici,1
inutntionai,1
archaeozoology,1
topics,1
apparatuses,1
beni,1
britain,1
megaceros,1
excluded,1
enjoyed,1
corners,1
resettlement,1
congres,1
primeros,1
capabilities,1
translate,1
slightly,1
greece,1
horse,1
begs,1
socially,1
warmblooded,1
equivalent,1
morris,1
oscillations,1
partridge,1
geography,1
save,1
hind,1
haven,1
enzymes,1
typologie,1
ominvorous,1
harding,1
gisements,1
kebaran,1
protoni,1
creativity,1
pelegrin,1
pachycrocuta,1
footings,1
verona,1
minimally,1
sole,1
competed,1
gasaway,1
anthrodolonx,1
dasultory,1
supplemental,1
cereals,1
separate,1
alaska,1
roasted,1
dogs,1
domestícate,1
carried,1
tempo,1
paleolithico,1
asking,1
capaldo,1
hippopotami,1
extremes,1
depressed,1
extracted,1
modification,1
aid,1
surpassed,1
indiana,1
cova,1
note,1
fossellone,1
tentative,1
acheuléens,1
subdivided,1
fairly,1
alla,1
george,1
parés,1
modificazioni,1
xiiie,1
movements,1
bulk,1
figure,1
crucial,1
gathartng,1
anatomical,1
overarching,1
investigación,1
panthera,1
siberia,1
lowering,1
impressive,1
bifacially,1
sxstematics,1
camerota,1
subzero,1
perfected,1
bound,1
ìaie,1
hernia,1
rough,1
luropa,1
ingredients,1
suffice,1
nadel,1
cnrs,1
ine,1
lines,1
deaths,1
onore,1
cereal,1
remotely,1
frigid,1
locations,1
negev,1
institutions,1
causasus,1
who,1
région,1
morín,1
nemours,1
rethinking,1
noncultural,1
basso,1
icaz,1
hahoresh,1
contribution,1
transformation,1
comment,1
maximizing,1
strangely,1
hominidgenerated,1
volumes,1
displaying,1
helpful,1
parietale,1
associaiea,1
methods,1
exclude,1
paleontologiques,1
construction,1
westcentral,1
fall,1
discernible,1
surprising,1
geoff,1
proportionally,1
encephalization,1
mother,1
zooàrchaeology,1
turq,1
clarifies,1
deconstructing,1
schlepp,1
instances,1
get,1
itself,1
jutland,1
basilicata,1
interpretive,1
fruit,1
ano,1
bad,1
resemble,1
council,1
regularly,1
considered,1
aivergence,1
selectivity,1
addressed,1
detail,1
extermination,1
nacional,1
aeoua,1
freshwater,1
dissertation,1
acquired,1
waterside,1
environment,1
reciprocal,1
anvil,1
persecution,1
magnitude,1
victoria,1
monografías,1
liss,1
dendus,1
suite,1
dispersed,1
rea,1
acheulean,1
narrower,1
comes,1
conclusion,1
foraged,1
analogues,1
biostratigraphic,1
arcndeological,1
gibraltar,1
encampment,1
subcutaneous,1
ethnoarchaeology,1
farrand,1
revisión,1
predictions,1
demonstrate,1
metapodials,1
excavation,1
partnerships,1
macroscopic,1
beside,1
continues,1
theme,1
forests,1
eskimo,1
howell,1
slope,1
evolve,1
objects,1
intensify,1
quell,1
excel,1
revising,1
pagliaccetto,1
darwin,1
intensely,1
approacn,1
glimpse,1
earle,1
sustained,1
wider,1
gran,1
moose,1
passarello,1
cervids,1
mone,1
emeryville,1
fréquentation,1
ecologic,1
partitioning,1
mortjybto,1
continental,1
simek,1
highquality,1
principle,1
spreading,1
catching,1
sure,1
readily,1
surfaced,1
grands,1
cm,1
hammerstones,1
judée,1
kesit,1
hamilton,1
melt,1
grayson,1
unselective,1
avifauna,1
worth,1
palaeobotany,1
lying,1
ratio,1
soutnwestern,1
wstiandt,1
gone,1
nets,1
down,1
style,1
abu,1
appendix,1
barcelona,1
martinezvalle,1
half,1
fteach,1
scavengers,1
guild,1
pardo,1
amounted,1
glacialinterglacial,1
inquiry,1
phey,1
counting,1
alternatively,1
losses,1
mesolitico,1
grey,1
reliability,1
zilhäo,1
contradictory,1
conchiglie,1
nouvelles,1
infer,1
goods,1
equilibrium,1
yacimiento,1
accademia,1
medina,1
allocated,1
generalized,1
startling,1
examining,1
differed,1
sistemática,1
neiue,1
intercalate,1
conditioned,1
works,1
rendus,1
merely,1
america,1
qualitatively,1
luncey,1
usual,1
pubblica,1
für,1
tchernov,1
paleosuperficie,1
commensal,1
commodity,1
ainca,1
vary,1
pooled,1
heads,1
investigation,1
bacho,1
circles,1
bristol,1
dagli,1
volcanic,1
adults,1
stability,1
selected,1
list,1
différentiel,1
twisted,1
macromamíferos,1
independently,1
siberian,1
elaborations,1
maintain,1
opportunistic,1
manuported,1
dentitions,1
signature,1
lengths,1
excitement,1
temporally,1
penetration,1
tending,1
supplied,1
shore,1
getting,1
correlates,1
periphery,1
cassou,1
dissecting,1
beginnings,1
institute,1
require,1
lm,1
serie,1
supplément,1
filología,1
intake,1
minimal,1
aungnacian,1
primatologica,1
danish,1
targets,1
categories,1
exclusively,1
asians,1
predictable,1
jordanian,1
frozen,1
traits,1
bodies,1
kim,1
son,1
foley,1
beijing,1
trivial,1
pavlov,1
ngorongoro,1
pits,1
thereby,1
somerset,1
osteoarchaeology,1
extending,1
ultimate,1
orlando,1
abri,1
joining,1
collecting,1
uninhibited,1
bietti,1
yellen,1
easy,1
riera,1
predecessors,1
teas,1
radiation,1
controls,1
dama,1
acute,1
conventional,1
culling,1
rochester,1
scavo,1
palynology,1
speäahsti,1
alternating,1
indebted,1
metapodial,1
ranks,1
ethnographie,1
breakthrough,1
préliminaire,1
tall,1
aspect,1
budapest,1
think,1
neve,1
hockett,1
recovered,1
rovira,1
unifaces,1
sedentization,1
mature,1
tubingen,1
scrìtti,1
come,1
reshaping,1
bureau,1
seek,1
inefficient,1
shores,1
perigordian,1
ends,1
ultimately,1
wallowing,1
obliged,1
survival,1
sediments,1
istanbul,1
argument,1
touch,1
invasion,1
reveals,1
notes,1
postmenopausal,1
middleupper,1
disposal,1
web,1
palaeogeography,1
temperature,1
sought,1
craig,1
provenienti,1
fibers,1
bioscience,1
newsletter,1
grenoble,1
crisis,1
ecosystem,1
warsaw,1
montagna,1
contributed,1
diligence,1
evolución,1
equids,1
bynesdranskop,1
wadi,1
repon,1
correlated,1
dense,1
eggs,1
ergaster,1
perigord,1
peninsular,1
green,1
geochronology,1
manufacture,1
fwohnlofi,1
raiaeontnic,1
product,1
clearest,1
flocks,1
kimura,1
justus,1
indonesia,1
arti,1
arrivals,1
proyecto,1
goats,1
rid,1
defined,1
apes,1
kua,1
enclosures,1
tributaries,1
palidoro,1
surprisingly,1
xxrv,1
presenting,1
oasaii,1
measured,1
barly,1
marshland,1
mountain,1
rout,1
kolloquiums,1
clásicas,1
indices,1
practiced,1
dati,1
anonymous,1
unaio,1
retenta,1
moved,1
antiquus,1
vi,1
dodulation,1
specific,1
supported,1
preferentially,1
inferiore,1
carbon,1
annotations,1
lambnage,1
tood,1
assumed,1
archaeologica,1
withdrew,1
drying,1
clarify,1
meaning,1
plethora,1
sudanese,1
aggregations,1
paleocommunity,1
pathways,1
comunità,1
russia,1
netiv,1
origini,1
succeeded,1
lake,1
reached,1
adheres,1
debate,1
dogged,1
damp,1
enclose,1
substantial,1
tubers,1
vistuiian,1
incur,1
oüíison,1
monoerafias,1
ehrlich,1
ownership,1
entire,1
little,1
interaction,1
hatoula,1
abandoned,1
académie,1
re,1
token,1
duration,1
redesign,1
adovasio,1
consideraziooni,1
selects,1
avoid,1
comparable,1
ss,1
irurn,1
digest,1
virtue,1
building,1
ungulata,1
anthropozooligica,1
doing,1
built,1
molluscan,1
axial,1
northand,1
cited,1
costly,1
tube,1
deeper,1
discontinuità,1
garlatti,1
hypothesis,1
