WORDCOUNTS,WEIGHT
the,660
and,603
of,570
in,492
de,468
a,244
to,201
del,183
la,169
pp,109
y,108
en,102
as,97
m,93
for,90
intermediate,89
on,84
el,83
arqueología,80
is,75
area,75
that,71
c,71
central,68
at,67
r,62
with,62
j,61
g,60
los,58
from,56
costa,54
university,53
w,51
are,51
d,50
by,49
not,49
banco,48
p,47
this,46
american,45
maize,45
e,45
arqueológicas,43
social,43
archaeological,42
it,41
investigaciones,41
more,41
boletín,41
bc,39
have,39
between,39
bogotá,37
ecuador,36
f,36
museo,36
colombia,35
l,35
las,35
an,34
but,34
than,33
was,33
revista,32
chiefdoms,31
andean,31
antropología,30
archaeology,30
or,30
fundación,29
et,29
evidence,29
subsistence,28
san,28
s,27
america,27
oro,27
early,27
h,26
such,26
south,26
agricultural,26
be,26
some,25
has,24
no,24
cultural,24
were,24
societies,23
about,23
latin,22
research,22
rica,22
which,22
valle,21
there,21
development,21
region,21
remains,21
other,20
departamento,20
also,20
plant,20
drennan,20
cultivation,20
much,20
una,19
sites,19
editorial,19
nacionales,19
regional,19
new,19
fields,19
panama,19
different,19
they,18
human,18
mora,18
international,18
andes,18
these,18
colombiano,18
been,18
series,18
although,18
hierarchy,17
their,17
ceramics,17
universidad,17
formative,17
bar,17
period,17
o,16
complex,16
betwixt,16
sobre,16
instituto,16
exchange,16
northern,16
into,15
rather,15
coastal,15
wealth,15
many,15
chiefdom,15
v,15
we,15
nacional,15
pittsburgh,14
lower,14
journal,14
prehistoric,14
historia,14
patterns,14
un,14
major,14
production,13
i,13
agriculture,13
may,13
van,13
late,13
alto,13
río,13
antiquity,13
langebaek,13
press,13
fondo,13
one,12
k,12
dumbarton,12
t,12
sitio,12
ridged,12
approach,12
hunting,11
b,11
its,11
he,11
culture,11
forest,11
foraging,10
mesoamerica,10
first,10
evolution,10
organization,10
emergence,10
had,10
prehispánica,10
occupation,10
regions,10
coast,10
do,10
see,10
corporación,10
through,10
western,9
arenal,9
long,9
real,9
vol,9
prehispanic,9
santa,9
site,9
after,9
entre,9
population,9
epoca,9
most,9
editora,9
small,9
southern,9
cultura,9
especially,9
attention,9
der,9
simposio,9
very,9
what,9
conference,9
cárdenas,9
llanos,9
studies,8
raised,8
resources,8
mesoamerican,8
surplus,8
gnecco,8
similar,8
study,8
origins,8
important,8
sedentary,8
diet,8
muisca,8
cordillera,8
memoirs,8
pearsall,8
economic,8
unwin,8
al,8
chiefly,8
sequence,8
so,8
least,8
systems,8
inhabitants,8
seen,8
earliest,8
did,8
goods,8
valdivia,8
shift,8
fonseca,8
valley,8
recent,8
way,7
later,7
environmental,7
history,7
those,7
context,7
dynamics,7
norte,7
even,7
notion,7
gathering,7
prehistory,7
view,7
luxury,7
well,7
data,7
during,7
staple,7
change,7
field,7
chiefs,7
variety,7
tropical,7
same,7
only,7
ceramic,7
occupations,7
variation,7
considerable,7
until,7
venezuela,7
number,7
aborigen,7
caribbean,7
arqueológica,7
pro,7
indicate,7
analysis,7
control,7
américa,7
seem,7
current,7
suggests,7
focus,7
does,6
if,6
archaeologists,6
crops,6
colombiana,6
date,6
political,6
within,6
eastern,6
along,6
relationships,6
congreso,6
jr,6
dates,6
pacific,6
domestication,6
direct,6
lleras,6
appear,6
out,6
further,6
arqueológico,6
heavily,6
used,6
salgado,6
oriental,6
settlement,6
around,6
presence,6
villages,6
venezuelan,6
rodríguez,6
world,6
practices,6
peñón,6
americana,6
single,6
competition,6
museum,6
ayala,6
put,6
nevada,6
appeared,6
external,6
phytoliths,6
nueva,6
sees,6
points,6
ardila,6
would,6
elaborate,6
references,6
probably,6
pottery,6
vegas,6
pacífico,6
fen,6
environment,6
cardale,6
over,6
anthropology,6
sierra,6
beginning,6
adaptation,6
both,6
sheets,6
cambridge,6
need,6
magdalena,6
association,6
manioc,6
among,6
groot,5
durante,5
precolombina,5
ingenierías,5
nineteenth,5
chief,5
diversity,5
might,5
llanuras,5
highland,5
boada,5
sociedad,5
grijalbo,5
cited,5
herrera,5
hombre,5
review,5
piperno,5
campos,5
actas,5
creamer,5
compared,5
hacia,5
landscape,5
importance,5
primer,5
river,5
record,5
calgary,5
cauca,5
initial,5
focused,5
scale,5
pleistocene,5
basis,5
literature,5
work,5
part,5
su,5
sociedades,5
issues,5
people,5
lange,5
quite,5
several,5
annual,5
when,5
will,5
voi,5
evidencias,5
arqueológicos,5
para,5
precolumbian,5
us,5
cooke,5
cerámica,5
useful,5
cultivated,5
areas,5
larger,5
less,5
perhaps,5
como,5
local,5
cacicazgo,5
producción,5
elite,5
use,5
prehispánicos,5
times,5
like,5
honor,5
stages,5
can,5
adaptations,5
species,5
continued,5
colombian,5
strongly,5
vargas,5
sequences,5
life,5
ecuadorean,5
anthropological,5
cultivars,5
known,5
north,5
each,5
caribe,5
bajo,5
proceedings,5
terms,5
while,5
information,5
art,5
centro,5
wild,5
years,5
americas,5
sur,5
smaller,5
states,5
increased,5
carbon,5
substantial,5
groups,4
considerably,4
center,4
large,4
authority,4
sabana,4
before,4
source,4
societal,4
seems,4
nature,4
farther,4
intercambio,4
state,4
ad,4
holocene,4
activity,4
guayas,4
shellfish,4
warfare,4
factional,4
centralized,4
ranere,4
sanoja,4
medio,4
orfebrería,4
jade,4
guayaquil,4
perspective,4
across,4
environments,4
produced,4
productive,4
means,4
cultivators,4
established,4
intensive,4
clearly,4
house,4
four,4
lithic,4
peru,4
position,4
plenum,4
trajectories,4
greater,4
came,4
based,4
appearance,4
faunal,4
excavations,4
prehispánico,4
aspects,4
fish,4
pollen,4
sedentism,4
mobilization,4
indigenous,4
artifacts,4
desarrollo,4
uso,4
promoción,4
past,4
status,4
amazonia,4
relaciones,4
suggest,4
josé,4
investigación,4
diquis,4
texas,4
duque,4
suramérica,4
organización,4
society,4
burning,4
reconstruction,4
ancient,4
amazon,4
already,4
reliance,4
others,4
villa,4
hoopes,4
memorias,4
pacífica,4
formativo,4
present,4
polities,4
agustín,4
calima,4
made,4
años,4
elevados,4
contacts,4
asentamiento,4
skeletal,4
food,4
causes,4
questions,4
lakebed,4
patino,4
abundant,4
temprana,4
craft,4
structure,4
working,4
perspectives,4
who,4
complexity,4
must,4
specialized,4
paleoindian,4
jorge,4
investigation,4
particular,4
seasonal,4
marta,4
too,4
emphasis,4
middle,4
northwestern,4
conclude,4
estudio,4
transition,4
using,4
sediments,4
national,4
instead,4
altiplano,4
conceptual,4
ca,4
final,3
mortuary,3
moreno,3
now,3
decentralized,3
aguazuque,3
indicated,3
imported,3
introduction,3
stothert,3
kinds,3
country,3
comparisons,3
occurred,3
du,3
materials,3
contexts,3
diffusion,3
round,3
being,3
either,3
sources,3
taken,3
spencer,3
all,3
tradition,3
advantage,3
great,3
differences,3
quinto,3
ecuatorial,3
able,3
manejo,3
dd,3
cuenca,3
papers,3
plain,3
key,3
task,3
right,3
possible,3
jacinto,3
vallecaucano,3
west,3
establishment,3
economies,3
thus,3
economía,3
relatively,3
mixed,3
items,3
cali,3
agrícola,3
apparently,3
influence,3
affiliations,3
without,3
his,3
growth,3
población,3
sensing,3
highlands,3
developed,3
dry,3
remote,3
parts,3
shell,3
support,3
changes,3
cultivo,3
projekt,3
age,3
superior,3
requires,3
internal,3
quito,3
strategy,3
providing,3
dc,3
uses,3
vereinigung,3
access,3
estudios,3
fishing,3
zone,3
im,3
recently,3
wide,3
hierarchies,3
directly,3
knowledge,3
department,3
bibioteca,3
municipio,3
vivienda,3
tronadora,3
broad,3
gonzález,3
politécnica,3
interpreted,3
creating,3
tubers,3
deer,3
distances,3
involved,3
few,3
highly,3
always,3
up,3
productivity,3
consistent,3
rican,3
patrones,3
haas,3
consideraciones,3
catchment,3
modo,3
still,3
make,3
communities,3
makes,3
archäologisches,3
alcina,3
independent,3
provide,3
frederick,3
pressure,3
ethnohistoric,3
time,3
latina,3
diameter,3
forms,3
ecuatoriana,3
where,3
assemblage,3
discussion,3
assemblages,3
including,3
empirical,3
largely,3
radiocarbon,3
amounts,3
collected,3
xvi,3
ecología,3
sociopolitical,3
widely,3
westlichen,3
relationship,3
modification,3
corrales,3
poblamiento,3
transformations,3
usually,3
fully,3
primarily,3
contribution,3
transformation,3
escuela,3
hierarchical,3
comentario,3
any,3
following,3
complexes,3
asentamientos,3
extensive,3
indígenas,3
área,3
terrestrial,3
alternative,3
rocksheiter,3
correal,3
paleoindio,3
argue,3
fragmentos,3
elementos,3
siglos,3
doms,3
growing,3
them,3
making,3
plants,3
interculturales,3
almost,3
uribe,3
preserved,3
sea,3
role,3
varied,3
numerous,3
fauna,3
specialists,3
archaic,3
summary,3
comparison,3
km,3
tribes,3
elites,3
element,3
little,3
interaction,3
redmond,3
zones,3
profiles,3
proceso,3
occur,3
increase,3
difficult,2
ambiente,2
isotopie,2
calibrated,2
common,2
cacicazgos,2
tropics,2
represent,2
desgrasante,2
pig,2
per,2
village,2
group,2
needed,2
boca,2
agua,2
cerámicos,2
essays,2
stone,2
mexican,2
adapted,2
reichel,2
estatal,2
modern,2
former,2
les,2
snarskis,2
chobshi,2
arguing,2
foragers,2
estratificación,2
isthmus,2
zona,2
monagrillo,2
attempts,2
slashing,2
archaeologically,2
peopling,2
wave,2
cadavid,2
rich,2
generalizations,2
concludes,2
inland,2
hammen,2
concepts,2
principal,2
somewhat,2
behind,2
similarities,2
system,2
botanical,2
westview,2
capacity,2
prior,2
politics,2
origen,2
piedras,2
soils,2
bibliography,2
preceramic,2
variations,2
point,2
dynamic,2
biblioteca,2
anotaciones,2
labor,2
throughout,2
guinea,2
reject,2
cambio,2
contemporaneous,2
since,2
teoría,2
interest,2
domain,2
characteristic,2
acta,2
prehistoria,2
barrier,2
kind,2
turn,2
old,2
resultados,2
tempranas,2
ediciones,2
amount,2
fig,2
ha,2
simplest,2
houses,2
truly,2
publications,2
compare,2
helpful,2
geological,2
communication,2
paleoecological,2
poorly,2
higher,2
oxford,2
recognized,2
whose,2
veiy,2
mexico,2
identification,2
rio,2
how,2
elvira,2
organizing,2
serra,2
levels,2
process,2
represented,2
aplicación,2
universiteit,2
certain,2
dialogue,2
tree,2
raymond,2
perdida,2
accounts,2
understand,2
acquisition,2
temprano,2
internationale,2
elsewhere,2
just,2
n,2
numbers,2
impact,2
observations,2
upper,2
commonly,2
resource,2
beyond,2
laguna,2
preen,2
exploitation,2
utah,2
answers,2
corresponding,2
suggested,2
definición,2
cut,2
conquest,2
raw,2
closely,2
root,2
formidable,2
miscelánea,2
could,2
carrying,2
basin,2
objectives,2
deal,2
cartago,2
austin,2
territorio,2
acquiring,2
excavación,2
ann,2
neighboring,2
library,2
circular,2
burial,2
symbols,2
applied,2
placed,2
adecuación,2
required,2
conceptos,2
networks,2
public,2
isotope,2
because,2
serranía,2
spheres,2
future,2
degrees,2
characterization,2
year,2
overview,2
relevance,2
accumulation,2
savannah,2
structures,2
internacional,2
documented,2
reinterpreting,2
forces,2
ciencia,2
reconstructing,2
artifact,2
horizon,2
own,2
attributed,2
good,2
interregional,2
cold,2
next,2
presencia,2
dillehay,2
arbitrary,2
floodplain,2
spanish,2
began,2
concerns,2
visión,2
panamanian,2
visible,2
filling,2
monográfica,2
florida,2
periods,2
critical,2
feline,2
andina,2
various,2
populations,2
gradual,2
comparative,2
limited,2
classic,2
relying,2
egges,2
movement,2
whole,2
metates,2
once,2
dinámica,2
relied,2
interpretation,2
metalurgia,2
security,2
thought,2
albert,2
soon,2
under,2
mobile,2
included,2
archeology,2
increasingly,2
starting,2
successfully,2
complejas,2
decoration,2
inferencia,2
analytical,2
fact,2
longer,2
fundamental,2
head,2
scholars,2
caciques,2
foods,2
nariño,2
elman,2
suggesting,2
really,2
diverse,2
farming,2
pattern,2
septentrional,2
anthropologist,2
caracas,2
conclusions,2
outside,2
antiguo,2
adjacent,2
puerto,2
continuing,2
oregon,2
strategies,2
necessary,2
material,2
por,2
hiera,2
above,2
frequency,2
suroccidente,2
explicitly,2
montículo,2
antropológica,2
argues,2
another,2
greatest,2
collecting,2
meaningful,2
modelo,2
range,2
maritime,2
lake,2
depended,2
varying,2
caso,2
significant,2
clearance,2
assumption,2
bolívar,2
rivers,2
maria,2
rare,2
full,2
three,2
directed,2
agreement,2
evidently,2
ny,2
general,2
tribal,2
high,2
played,2
tairona,2
earlier,2
provides,2
latter,2
migrants,2
often,2
become,2
crc,2
obsidian,2
hunters,2
slightly,2
southwest,2
contribuciones,2
increasing,2
yields,2
lo,2
volcanism,2
fairly,2
megafauna,2
guatavita,2
reconocimiento,2
becomes,2
concluding,2
archeologie,2
why,2
proyecto,2
alimentos,2
itself,2
reconstrucción,2
diversidad,2
stable,2
desnutrición,2
heavy,2
then,2
associated,2
pleistoceno,2
conclusion,2
litoral,2
changing,2
simply,2
geographic,2
continues,2
characteristics,2
inferiority,2
forests,2
precise,2
constructed,2
organizational,2
here,2
gran,2
natural,2
etnohistoria,2
nicoya,2
región,2
fault,2
implements,2
unknown,2
report,2
particularly,2
siglo,2
formación,2
reflected,2
historical,2
orinoco,2
hidráulica,2
works,2
better,2
qualitatively,2
animal,2
spatial,2
whether,2
volcanic,2
stability,2
voor,2
mere,2
foundations,2
periphery,2
adaptaciones,2
precursor,2
serie,2
plata,2
abundantly,2
level,2
culturas,2
introduced,2
científica,2
became,2
subject,2
extended,2
elevations,2
summarizes,2
ensayo,2
aims,2
characterize,2
our,2
poblados,2
question,2
formation,2
open,2
pautas,2
cucurbita,2
grown,2
include,2
salt,2
land,2
depresión,2
green,2
glass,2
ciudad,2
attributes,2
extremely,2
carl,2
comparación,2
documentary,2
república,2
traditional,2
strong,2
technological,2
dos,2
histórico,2
broader,2
exploraciones,2
southeastern,2
doing,2
built,2
primera,2
asociados,1
miller,1
parcial,1
go,1
huila,1
basing,1
order,1
ocaso,1
inward,1
transportation,1
currently,1
tu,1
hidráulico,1
pejorative,1
flow,1
accomplish,1
limits,1
yacimientos,1
estudia,1
estimated,1
paleotopography,1
anthony,1
phylogeny,1
etnico,1
tres,1
shortterm,1
wonder,1
jaramillo,1
tras,1
nicaragua,1
bolstering,1
extreme,1
arrive,1
determine,1
formaciones,1
unpenetrated,1
methodologies,1
nororiente,1
paleoecología,1
jungle,1
originating,1
conchero,1
spurred,1
estructuras,1
distributed,1
chaparral,1
contextshouses,1
expect,1
seasonssimilar,1
entirely,1
museos,1
delicias,1
replaced,1
indicatedat,1
incorporated,1
apologists,1
offerings,1
topics,1
identify,1
designed,1
prime,1
encontrando,1
join,1
referring,1
algunas,1
likely,1
centenario,1
competencia,1
summaries,1
contenido,1
bifacial,1
approaches,1
kl,1
entrepôt,1
enterramiento,1
monolithic,1
londoño,1
boulder,1
considerations,1
nord,1
problema,1
launa,1
acceptance,1
ceremonial,1
microfilmsand,1
necessarily,1
pose,1
inequality,1
em,1
ambitious,1
confederación,1
indígena,1
arrived,1
finely,1
bp,1
ispànico,1
descriptions,1
correlaciones,1
nuevas,1
revision,1
fishtail,1
antrodoloáa,1
reich,1
buys,1
properties,1
themes,1
amazonas,1
test,1
predominantly,1
said,1
anthropogenic,1
funerarias,1
awkwardness,1
páramo,1
reactivación,1
modest,1
hence,1
invention,1
every,1
extraordinary,1
creation,1
localities,1
disagreement,1
polished,1
comprehensively,1
voices,1
interests,1
prospecting,1
tiempo,1
household,1
ii,1
severely,1
give,1
culturally,1
concentrated,1
vols,1
address,1
rapid,1
metal,1
season,1
attempt,1
humans,1
utilization,1
organizationquestions,1
anywhere,1
permanently,1
worked,1
emerged,1
religiosa,1
azuay,1
editions,1
humedales,1
historiography,1
delineation,1
attractive,1
available,1
discusiones,1
humana,1
unmapped,1
together,1
generalize,1
display,1
simple,1
momentum,1
farmers,1
timing,1
guambiano,1
analyses,1
origin,1
fì,1
spaced,1
theoiy,1
link,1
closer,1
hundred,1
garzón,1
characterizing,1
castaño,1
carnegie,1
products,1
pensamiento,1
take,1
subsequent,1
fresh,1
converts,1
cerro,1
estatuaria,1
luxuiy,1
organsation,1
isthmian,1
persistence,1
last,1
buscando,1
tiy,1
caliente,1
dependence,1
manipulating,1
taxa,1
influences,1
robert,1
lilliam,1
investigations,1
reading,1
buenaventura,1
racial,1
momias,1
ethnohistóricas,1
producing,1
posts,1
depends,1
político,1
prehistórico,1
case,1
issue,1
con,1
takes,1
momia,1
crystal,1
agustiniano,1
resilience,1
hurtado,1
owing,1
autonomous,1
framing,1
buritaca,1
celts,1
demography,1
carbohydrate,1
representations,1
istmo,1
uneven,1
quantities,1
capable,1
fitting,1
determined,1
xv,1
secuencia,1
condition,1
illustrate,1
reply,1
peña,1
rnpntáy,1
mobilizing,1
zooarchaeology,1
occurring,1
combination,1
x,1
consequent,1
palaeoethnobotanical,1
far,1
exchanges,1
cautious,1
quantity,1
bailey,1
transición,1
himself,1
succession,1
ritual,1
futuro,1
poblaciones,1
intensively,1
tkft,1
identifies,1
sweet,1
conclusively,1
sand,1
inventory,1
crystallized,1
waxes,1
soto,1
controlled,1
áreas,1
usage,1
ranked,1
eschewing,1
boeotá,1
relies,1
regarding,1
interments,1
conflict,1
preoccupied,1
ends,1
goal,1
vaüe,1
unpublished,1
differential,1
actual,1
vegetales,1
crítica,1
sitios,1
madrid,1
sáenz,1
estimating,1
vigorous,1
shellfishing,1
due,1
objective,1
against,1
pursuit,1
funerario,1
helen,1
assumes,1
molded,1
dei,1
mérida,1
author,1
abre,1
echeverría,1
neighbors,1
patchy,1
acceso,1
moment,1
raises,1
occurs,1
chibchoid,1
existencia,1
protopasto,1
ut,1
económico,1
conducted,1
fiona,1
ins,1
inspección,1
zoology,1
cotidianos,1
media,1
sample,1
conte,1
transitional,1
estimates,1
taironas,1
gaceta,1
cases,1
importancia,1
teórico,1
garber,1
bernal,1
places,1
david,1
document,1
transcends,1
geoarchaeolosv,1
amerindios,1
quíbor,1
panorama,1
tecnologías,1
holds,1
defeating,1
output,1
moving,1
caminos,1
suitable,1
arranged,1
left,1
cytological,1
third,1
twice,1
antrópicos,1
estimate,1
hameau,1
find,1
pasado,1
precolombino,1
políticas,1
drawn,1
fullblown,1
aim,1
archaeologist,1
guájaro,1
sin,1
look,1
occidental,1
constructs,1
tecnología,1
looms,1
sun,1
alturas,1
traditions,1
decline,1
conducting,1
leadership,1
piedra,1
tesis,1
though,1
han,1
ma,1
competitive,1
bothered,1
regionalization,1
conceptually,1
unfortunate,1
leaning,1
estabilidad,1
iuera,1
distribution,1
lesser,1
awkward,1
divergence,1
paute,1
civilization,1
liceniatura,1
underlay,1
via,1
interesting,1
escaped,1
philadelphia,1
vegetable,1
adequate,1
trayectorias,1
cordilleras,1
essential,1
air,1
réévaluation,1
regiones,1
betweenbetween,1
exact,1
synthesizing,1
milenio,1
socioeconómicos,1
bring,1
principally,1
ways,1
absent,1
mulasarigua,1
remain,1
fruits,1
araracuara,1
sort,1
correcha,1
radius,1
preparing,1
myself,1
peninsula,1
completely,1
experimentos,1
bibiolteca,1
goes,1
entender,1
taller,1
abstraction,1
dp,1
granted,1
risk,1
saladoblanco,1
loses,1
pollard,1
idiosyncratic,1
legros,1
generally,1
variant,1
plots,1
anthropic,1
histoña,1
pages,1
special,1
cave,1
immigrating,1
método,1
distant,1
obsidiana,1
appropriateness,1
burials,1
vülage,1
discoveries,1
animals,1
cueva,1
factors,1
update,1
pobladores,1
supposed,1
ocupación,1
firing,1
perceptions,1
biased,1
backtracking,1
coevolution,1
possibly,1
flexibility,1
encourages,1
familiar,1
benefits,1
harder,1
traffic,1
sol,1
simbólico,1
dated,1
ti,1
informe,1
donde,1
diffuse,1
receiving,1
mary,1
canal,1
northeastern,1
characterizations,1
cundiboyacense,1
baja,1
reasonably,1
periodically,1
orientation,1
marshalled,1
amazónica,1
iconográfico,1
foothill,1
exploited,1
albuquerque,1
cementing,1
passed,1
etapas,1
defines,1
rainforest,1
idealized,1
modeled,1
consequence,1
cacicales,1
problems,1
huacas,1
segmentary,1
chaves,1
puts,1
permanent,1
syntheses,1
preference,1
undermines,1
drawing,1
chasing,1
methodology,1
viejo,1
reflections,1
grupos,1
diachronic,1
douzième,1
burn,1
expressed,1
result,1
casma,1
thousands,1
cd,1
concentration,1
milling,1
santander,1
domains,1
acknowledgments,1
periodización,1
begun,1
called,1
petrológico,1
política,1
inappropriate,1
recolonized,1
aldea,1
tuberosa,1
lived,1
conspicuous,1
habitation,1
curiosity,1
relate,1
planta,1
espacios,1
emerge,1
persist,1
synthesize,1
ethnohistorical,1
cores,1
respects,1
archaeofaunal,1
notas,1
sparse,1
fourth,1
zenú,1
pointing,1
elemental,1
buried,1
cañón,1
macroremains,1
war,1
orientales,1
reviews,1
desde,1
redes,1
duced,1
tools,1
viewed,1
cannot,1
dispersal,1
simbòlico,1
footpaths,1
otherwise,1
vivid,1
amenable,1
xvii,1
ford,1
noroeste,1
xiv,1
chips,1
perform,1
dwelling,1
limibetwixt,1
delimitación,1
antrodolosna,1
botiva,1
near,1
vegetal,1
alfareras,1
tumbas,1
suelos,1
technical,1
overlapping,1
provenientes,1
fúquene,1
demográficas,1
having,1
congrès,1
guerrero,1
enrichment,1
flannery,1
minimal,1
network,1
detractors,1
ofelman,1
rivera,1
egalitarian,1
síntesis,1
introducción,1
gatherers,1
inferred,1
kerchis,1
prácticas,1
mayer,1
aranzo,1
cavelier,1
carries,1
preferred,1
reader,1
probetwixt,1
brought,1
attacked,1
occupants,1
example,1
précolombien,1
apparent,1
tombs,1
fnd,1
polychrome,1
revealed,1
thoughts,1
recientes,1
patologías,1
paleoenvironments,1
subregion,1
afar,1
generalizing,1
designate,1
island,1
fail,1
postulated,1
collective,1
climatic,1
concepto,1
concentrate,1
tehuacán,1
actually,1
oaks,1
reoccupied,1
beads,1
tèquendama,1
announcing,1
torno,1
tribales,1
call,1
salvamiento,1
salazar,1
border,1
away,1
complemented,1
floors,1
hampshire,1
occidente,1
ethnicity,1
strongest,1
redistribution,1
misguided,1
integración,1
precipitation,1
published,1
territoriale,1
construct,1
lópez,1
instituut,1
sense,1
successful,1
nuevos,1
knapp,1
below,1
recursos,1
adherents,1
reinforces,1
aggrandizement,1
stage,1
tested,1
holes,1
coupled,1
grass,1
rarer,1
contrast,1
incipient,1
griialbo,1
centroamérica,1
synthesized,1
ruta,1
emphasizes,1
fallow,1
sharp,1
midst,1
piedemonte,1
slash,1
pirincay,1
formativa,1
reconstructions,1
soil,1
transport,1
imagines,1
inescapable,1
accomplished,1
smithsonian,1
ls,1
fierce,1
pits,1
verdades,1
arquitectura,1
temporary,1
construcción,1
milagro,1
comfort,1
timana,1
dramatic,1
paisaje,1
ps,1
portions,1
sureste,1
differing,1
mixing,1
corridor,1
abra,1
treasures,1
tracks,1
préhispaniques,1
hereditary,1
universities,1
erika,1
posed,1
pertinencia,1
pa,1
reconstruyendo,1
inquiries,1
lore,1
substituted,1
provided,1
archaelogical,1
preliminary,1
nicely,1
pervasive,1
sporadic,1
geographical,1
typologized,1
cotidiano,1
fiber,1
fibra,1
lend,1
input,1
subsequently,1
cavalier,1
chronological,1
span,1
meaningfully,1
perspectivas,1
diez,1
horizons,1
intento,1
led,1
fases,1
second,1
units,1
delineating,1
demand,1
comentarios,1
reexamine,1
comment,1
advocate,1
binds,1
absence,1
summarize,1
checua,1
chase,1
cosmological,1
drained,1
shortening,1
imagery,1
synthesis,1
located,1
warwick,1
corporation,1
risene,1
brief,1
indication,1
nearly,1
disturbance,1
etc,1
prove,1
clasificación,1
community,1
reaffirm,1
says,1
garden,1
precedes,1
macrobotanical,1
estuaiy,1
settings,1
roads,1
echo,1
bahía,1
selection,1
medellín,1
laboyos,1
spectacular,1
riches,1
südamerika,1
contributing,1
ke,1
communications,1
forager,1
pivotal,1
yet,1
violence,1
vs,1
opportunities,1
fit,1
represents,1
anatomía,1
craneana,1
rain,1
paleodemografía,1
array,1
vereda,1
sociocultural,1
seeing,1
technology,1
supplementary,1
bone,1
corono,1
perceived,1
ideología,1
merchant,1
home,1
clothing,1
publishing,1
drolet,1
pioneered,1
hearne,1
ethnographic,1
floor,1
colored,1
muiscas,1
insights,1
reviewer,1
two,1
patterning,1
reports,1
palms,1
begins,1
frameworks,1
altos,1
stones,1
avoided,1
hallmark,1
matrices,1
gotten,1
muy,1
hipótesis,1
culturales,1
seasonally,1
lieras,1
ho,1
venezolana,1
comfortable,1
paul,1
larder,1
lapse,1
power,1
limit,1
ambiental,1
toward,1
death,1
dispersión,1
pointed,1
ido,1
similarly,1
danos,1
decorative,1
rock,1
added,1
residence,1
tiny,1
water,1
demographic,1
dissertations,1
speaks,1
campsites,1
plantadores,1
libres,1
provincia,1
lack,1
consideration,1
datos,1
sociopolítico,1
científicas,1
carbonized,1
niwot,1
instability,1
post,1
utilizing,1
casos,1
jama,1
attempting,1
crop,1
eruptions,1
enable,1
banks,1
valerio,1
ideológicos,1
omitted,1
everything,1
substantially,1
doubt,1
católica,1
pobíamiento,1
puerta,1
patchwork,1
noticias,1
discussed,1
serious,1
geométrico,1
isótopos,1
northsettlement,1
planteamiento,1
conspicuously,1
fits,1
wdivia,1
paris,1
cruz,1
agustinianas,1
road,1
unit,1
purposes,1
existing,1
conceiving,1
extremity,1
unclear,1
vulnerable,1
geográfica,1
infilling,1
mitos,1
focusing,1
míticos,1
insufficient,1
dispel,1
lean,1
chefferies,1
wanes,1
insecure,1
ángulo,1
shifts,1
paleodieta,1
obsession,1
convenient,1
elevation,1
geopolitical,1
desires,1
ríos,1
mortars,1
interpreting,1
precerámicos,1
hesitate,1
meetings,1
protohistorische,1
preh,1
analyzed,1
understanding,1
implicaciones,1
investigated,1
encounter,1
ambientales,1
danen,1
atlantic,1
examples,1
background,1
subjugating,1
thanks,1
discovery,1
upon,1
values,1
macizo,1
directions,1
phosphate,1
araneo,1
giraldo,1
enhanced,1
etnica,1
detailed,1
forested,1
achaguas,1
centuries,1
concern,1
controlling,1
cropping,1
mangote,1
expression,1
combining,1
reconstructs,1
complement,1
ochenta,1
pastos,1
andines,1
additions,1
web,1
juan,1
excavaciones,1
conditions,1
chiriqui,1
entary,1
vocabulary,1
briggs,1
resulting,1
bitter,1
processes,1
basel,1
recovery,1
styles,1
salvador,1
engaged,1
individuals,1
frame,1
enlighten,1
interpretación,1
synthetic,1
theoretical,1
students,1
underwent,1
described,1
zoogeography,1
theses,1
trade,1
low,1
fiji,1
landscapes,1
clear,1
remaining,1
surgimiento,1
estuarine,1
emphasizing,1
authors,1
favorite,1
comprehensive,1
se,1
publication,1
hampered,1
estructura,1
annals,1
health,1
forone,1
histórica,1
overemphasizing,1
señoríos,1
tool,1
chibchas,1
co,1
individual,1
citv,1
plains,1
augusto,1
derived,1
tradición,1
spread,1
glib,1
him,1
cabrera,1
features,1
antecedentes,1
stresses,1
cálida,1
machalilla,1
mammals,1
vegetation,1
representaciones,1
ginnings,1
black,1
disasters,1
wood,1
cambios,1
institutionalized,1
artificial,1
drcnnan,1
partes,1
strangely,1
uncalibrated,1
enough,1
somehow,1
spondylus,1
labour,1
took,1
article,1
arquitectónicos,1
toledo,1
parallel,1
evolutionary,1
topic,1
tribe,1
overcome,1
contact,1
scales,1
exactly,1
construction,1
availability,1
james,1
primitive,1
primeros,1
implication,1
dominance,1
lay,1
felling,1
attracted,1
forefront,1
versus,1
occupied,1
institution,1
destruction,1
aproximación,1
relative,1
adaptive,1
tenuous,1
arbor,1
mil,1
increases,1
laborious,1
década,1
justice,1
covered,1
separate,1
dietary,1
dealing,1
space,1
things,1
hondurasa,1
sinú,1
asking,1
simpler,1
arriving,1
adornos,1
supplements,1
tradiciones,1
utilización,1
circle,1
unidades,1
note,1
interdependent,1
precerámicas,1
buffer,1
science,1
panamá,1
sometimes,1
metodología,1
noroccidente,1
ecological,1
foreign,1
antes,1
testing,1
bound,1
rough,1
begin,1
asociación,1
inside,1
trabajos,1
vertical,1
playing,1
recognizes,1
widespread,1
male,1
bulletin,1
dimensions,1
success,1
paradigma,1
zeidler,1
force,1
eariy,1
divergences,1
nuevo,1
millennia,1
goodly,1
overlap,1
interplay,1
hastorf,1
relevant,1
ditched,1
countries,1
prestigio,1
sync,1
compiling,1
contexto,1
volumes,1
unimportance,1
introductory,1
methods,1
variación,1
spotlight,1
united,1
elsa,1
sidetracked,1
clovis,1
spark,1
endure,1
enforced,1
types,1
citizens,1
aboriginal,1
período,1
face,1
arts,1
solís,1
subandean,1
phytolith,1
sound,1
budares,1
grounded,1
genetical,1
addressed,1
detail,1
milenario,1
anawalt,1
reciprocal,1
quilter,1
abandonment,1
sedbetwixt,1
arte,1
estratigrafía,1
conocimiento,1
aspiring,1
dispersed,1
reviewing,1
fernández,1
exemplified,1
intensification,1
peoples,1
reflexiones,1
needs,1
economically,1
reciprocity,1
objects,1
temporal,1
southward,1
charles,1
availablei,1
md,1
autosufíciente,1
meat,1
agricultores,1
ullumbe,1
sustained,1
geoarchaeology,1
set,1
protohisto,1
appearancethe,1
quickly,1
replace,1
know,1
defining,1
popayán,1
época,1
dominated,1
intellectual,1
cerámicas,1
illuminate,1
ffljf,1
cultures,1
share,1
interested,1
exploration,1
believe,1
gone,1
industry,1
capital,1
funnel,1
best,1
alfarería,1
tandem,1
operativos,1
bit,1
temper,1
conectiva,1
aura,1
universal,1
scenario,1
attractiveness,1
eventually,1
observe,1
univereitv,1
brazil,1
rely,1
recherche,1
plazas,1
bibliográfico,1
agricultura,1
generalized,1
formas,1
domesticated,1
going,1
happiness,1
distinctive,1
placing,1
climate,1
étnicos,1
rendus,1
alluvial,1
merely,1
evident,1
cleared,1
ladrones,1
velandia,1
quillacingas,1
transformaciones,1
diversified,1
according,1
scholarly,1
altiplanicie,1
indios,1
muse,1
holoccno,1
selected,1
list,1
ones,1
degree,1
da,1
orleans,1
supports,1
remained,1
français,1
add,1
urbanismo,1
metaphor,1
sus,1
sloping,1
pains,1
inputs,1
coneal,1
firmly,1
theory,1
problem,1
heavier,1
extent,1
dieta,1
consisting,1
fascination,1
her,1
utilitarian,1
getting,1
correlates,1
boyocá,1
argued,1
divide,1
deformación,1
produce,1
skillfully,1
mg,1
ibarra,1
vasco,1
chibcha,1
momificación,1
size,1
des,1
vessels,1
meseta,1
chibchoide,1
rescate,1
agriculturists,1
john,1
caracterización,1
lagenaria,1
careful,1
trivial,1
recognition,1
archaelogy,1
multiple,1
bray,1
thereby,1
reported,1
unsurveyed,1
sharer,1
slopes,1
show,1
cacical,1
archaeolosy,1
ac,1
predecessors,1
génesis,1
perlstein,1
assumptions,1
congenial,1
fostering,1
com,1
measure,1
domesticates,1
themen,1
reconstruct,1
ouito,1
neusa,1
antigua,1
botany,1
divided,1
cucurbit,1
challenges,1
mention,1
exploit,1
evidenced,1
neolítica,1
headwaters,1
gain,1
plana,1
think,1
correspondence,1
precision,1
chacho,1
false,1
occupación,1
algunos,1
entrants,1
andinoamérica,1
understandings,1
chile,1
tell,1
models,1
roots,1
civilización,1
corare,1
oversights,1
habitantes,1
differentiation,1
antilles,1
frontiers,1
realizadas,1
donald,1
copies,1
grappling,1
write,1
bcin,1
tulane,1
grinding,1
course,1
offer,1
approximately,1
richard,1
chronology,1
conservación,1
socially,1
cotton,1
manufacture,1
developmental,1
regular,1
colleagues,1
estables,1
seeks,1
off,1
limitations,1
susa,1
walking,1
pontificia,1
zapotitán,1
indefatigable,1
sacerdotes,1
anonymous,1
respective,1
tations,1
am,1
offered,1
observation,1
specific,1
supported,1
vessel,1
potential,1
removed,1
assumed,1
clarify,1
plethora,1
comptes,1
denser,1
ascendancy,1
medias,1
cook,1
tolita,1
formes,1
estructurales,1
views,1
shortcut,1
entire,1
archeological,1
hydráulica,1
divergent,1
huellas,1
areaso,1
willing,1
calories,1
should,1
devastated,1
roles,1
termed,1
map,1
quaternary,1
bury,1
gourd,1
retrospect,1
gold,1
richly,1
etnohistórico,1
hallazgo,1
