WORDCOUNTS,WEIGHT
the,726
of,564
and,369
in,255
a,243
etowah,156
to,141
that,139
at,97
mound,92
as,89
from,75
was,73
by,71
mississippian,68
on,65
for,64
have,54
is,54
site,52
early,50
georgia,49
political,49
c,48
social,47
with,46
it,45
were,44
university,37
an,36
chiefdoms,35
this,35
period,34
mounds,34
j,33
during,33
been,33
excavations,31
b,31
late,31
has,29
these,28
valley,28
pp,27
not,27
phase,25
its,25
archaeological,25
goods,25
southeastern,25
one,24
or,24
chiefdom,24
over,24
be,24
other,23
i,23
those,23
american,23
data,23
also,23
more,23
r,22
northern,22
evidence,22
their,21
m,21
are,21
history,20
river,20
research,20
many,20
strategies,20
through,20
some,19
century,19
had,19
construction,19
but,18
new,18
understanding,18
h,17
may,17
most,17
important,17
used,17
archaeology,17
explorations,17
like,17
leaders,17
larson,17
palisade,17
wilbanks,17
there,16
l,16
center,15
large,15
complex,15
savannah,15
t,15
no,15
department,15
only,15
mortuary,15
structure,15
information,15
although,15
area,15
into,14
all,14
burial,14
network,14
eastern,14
power,14
areas,14
individual,14
d,14
great,13
ranked,13
burials,13
p,13
et,13
southeast,13
about,13
made,13
which,13
series,13
ad,12
argued,12
prehistoric,12
centers,12
secc,12
change,12
likely,12
time,12
end,12
different,12
alabama,12
hally,11
recovered,11
found,11
place,11
small,11
region,11
sequence,11
ditch,11
remains,11
corporate,10
they,10
conducted,10
east,10
across,10
emergence,10
sites,10
he,10
platform,10
collections,10
united,10
each,10
capital,10
report,10
while,10
middle,10
both,10
little,10
building,10
moundville,9
context,9
king,9
along,9
g,9
elaborate,9
landscape,9
fig,9
societies,9
ranking,9
ceremonial,9
regional,9
use,9
sequences,9
wall,9
cahokia,9
northwestern,9
pits,9
elites,9
created,8
s,8
case,8
recorded,8
de,8
k,8
shell,8
histories,8
part,8
several,8
smithsonian,8
southern,8
feasting,8
elite,8
dominated,8
blanton,8
known,8
very,8
between,8
north,8
groups,7
village,7
contexts,7
attempts,7
containing,7
suggesting,7
survey,7
sixteenth,7
surrounded,7
rogan,7
such,7
unpublished,7
than,7
clearly,7
just,7
artifacts,7
structures,7
working,7
buildings,7
stage,7
results,7
located,7
same,7
grave,7
took,7
previous,7
dating,7
three,7
antiquity,7
can,7
continued,7
athens,7
suggests,7
broader,7
built,7
before,6
chief,6
being,6
long,6
state,6
papers,6
possible,6
application,6
served,6
stratigraphie,6
his,6
similar,6
plaza,6
organized,6
placed,6
w,6
result,6
my,6
deal,6
occupation,6
cultural,6
appears,6
residential,6
population,6
because,6
well,6
excavated,6
suggest,6
few,6
society,6
will,6
f,6
reconstruction,6
noted,6
ceramic,6
larger,6
v,6
where,6
existing,6
another,6
described,6
historic,6
general,6
study,6
probably,6
associated,6
summit,6
borrow,6
organizational,6
historical,6
using,6
until,6
states,6
sources,5
implications,5
seems,5
nature,5
paramount,5
investigations,5
side,5
e,5
indicating,5
economies,5
soto,5
throughout,5
development,5
relatively,5
moorehead,5
elements,5
items,5
kelly,5
phases,5
how,5
after,5
brewster,5
organization,5
dominant,5
strategy,5
based,5
focused,5
applied,5
record,5
work,5
woodland,5
people,5
lamar,5
systematic,5
polity,5
when,5
dorn,5
rest,5
south,5
materials,5
identified,5
competition,5
scholars,5
native,5
number,5
polities,5
completed,5
stages,5
exchange,5
decision,5
lines,5
detailed,5
began,5
following,5
symbolic,5
constructed,5
phillips,5
control,5
paper,5
coosa,5
particular,5
prestige,5
size,5
role,5
cambridge,5
potential,5
much,5
recent,5
final,4
tuscaloosa,4
kinds,4
test,4
emerged,4
available,4
individuals,4
simple,4
differences,4
mississippi,4
sacred,4
wauchope,4
within,4
key,4
flank,4
point,4
far,4
surplus,4
collapse,4
rites,4
given,4
dates,4
terrace,4
even,4
memoir,4
leadership,4
capitals,4
ridge,4
york,4
added,4
played,4
floor,4
rather,4
centered,4
parts,4
produced,4
support,4
understand,4
ramp,4
occupational,4
age,4
beyond,4
dc,4
nebraska,4
could,4
events,4
apparent,4
rise,4
own,4
earth,4
up,4
world,4
florida,4
developmental,4
local,4
economic,4
limited,4
still,4
make,4
single,4
museum,4
al,4
two,4
fairly,4
lewis,4
towns,4
communal,4
shows,4
extended,4
cult,4
evolution,4
low,4
clear,4
bartow,4
so,4
features,4
brain,4
institution,4
tennessee,4
testing,4
table,4
anthropological,4
comes,4
intensification,4
set,4
natural,4
what,4
economy,4
making,4
maintain,4
theory,4
became,4
copper,4
gainesville,4
entire,4
abandoned,4
difficult,3
way,3
if,3
solidarity,3
approaches,3
position,3
first,3
military,3
attempt,3
interred,3
uncovered,3
take,3
styles,3
quantities,3
cooperation,3
prehispanic,3
burning,3
west,3
labor,3
human,3
accommodation,3
since,3
interior,3
preparation,3
perspective,3
networks,3
details,3
whose,3
levels,3
connected,3
importance,3
monumental,3
prehistory,3
objects,3
n,3
dominate,3
four,3
plenum,3
suggested,3
basin,3
demise,3
access,3
near,3
synthesize,3
base,3
oklahoma,3
wealth,3
public,3
line,3
clearer,3
whole,3
formations,3
status,3
regions,3
caused,3
pottery,3
tested,3
bone,3
settlement,3
involved,3
around,3
spanish,3
wider,3
peak,3
portions,3
annual,3
portion,3
domination,3
hold,3
makes,3
rules,3
included,3
culture,3
architectural,3
fill,3
again,3
projects,3
pattern,3
do,3
present,3
armed,3
see,3
including,3
ruling,3
largely,3
causes,3
recovery,3
laboratory,3
authors,3
statues,3
earlier,3
unoccupied,3
dominance,3
bureau,3
widespread,3
indicate,3
fall,3
bastions,3
earliest,3
abandonment,3
any,3
material,3
habitation,3
hernando,3
bronze,3
shares,3
commission,3
did,3
current,3
then,3
animal,3
beginning,3
according,3
form,3
distribution,3
presented,3
must,3
despite,3
techniques,3
indians,3
years,3
parallels,3
dense,3
provided,3
colleagues,3
attempted,3
km,3
traditional,3
focus,3
peabody,3
resources,3
major,3
surroundings,2
archives,2
edge,2
common,2
fortified,2
later,2
meaning,2
functional,2
presses,2
group,2
ways,2
strictly,2
studies,2
flows,2
considerations,2
hair,2
western,2
descriptions,2
themes,2
lower,2
consistent,2
modest,2
certainly,2
creation,2
production,2
fifteenth,2
interests,2
taken,2
concentrated,2
rapid,2
stratification,2
layout,2
undisturbed,2
down,2
advantage,2
timing,2
sometime,2
help,2
last,2
chickamauga,2
emphasized,2
somewhat,2
threshold,2
america,2
reanalysis,2
vol,2
functions,2
measuring,2
stratigraphy,2
quantity,2
ritual,2
kristiansen,2
framework,2
piedmont,2
central,2
oaxaca,2
review,2
corner,2
expected,2
kind,2
distinct,2
concerning,2
amount,2
defensive,2
six,2
houses,2
lineage,2
compared,2
continuous,2
third,2
reoccupation,2
explore,2
archaeologist,2
journal,2
apparently,2
ma,2
sears,2
steps,2
high,2
town,2
main,2
developed,2
remain,2
ascent,2
notion,2
process,2
represented,2
special,2
reason,2
possibly,2
morgan,2
presumably,2
proved,2
elsewhere,2
days,2
impact,2
northeastern,2
orientation,2
additional,2
indications,2
followed,2
notions,2
generally,2
shifted,2
symbolized,2
appear,2
creeks,2
raw,2
came,2
identifying,2
ga,2
attack,2
effort,2
missouri,2
out,2
changed,2
shared,2
carolina,2
zone,2
emerge,2
evaluate,2
tactics,2
further,2
understood,2
buried,2
war,2
province,2
recently,2
symbols,2
biases,2
explain,2
directly,2
none,2
participation,2
literature,2
future,2
prominent,2
brought,2
heavily,2
example,2
knight,2
egalitarian,2
issues,2
contains,2
actually,2
artifact,2
expended,2
creating,2
distances,2
involve,2
exclusionary,2
consolidation,2
quite,2
emerging,2
characteristics,2
highly,2
facility,2
ancestors,2
purification,2
aggrandize,2
structured,2
moved,2
activities,2
periods,2
chronological,2
variety,2
populations,2
positions,2
overall,2
comparative,2
subject,2
community,2
strategic,2
relied,2
yet,2
interpretation,2
under,2
chronology,2
us,2
ancient,2
constant,2
complete,2
rectangular,2
performed,2
ethnographic,2
volume,2
provide,2
majority,2
academy,2
decorative,2
summits,2
efforts,2
fact,2
lack,2
limit,2
treatment,2
appeared,2
documents,2
variation,2
foster,2
honor,2
depopulation,2
patterns,2
enough,2
developing,2
above,2
reconstructing,2
hamilton,2
remained,2
violent,2
bulletin,2
interpreting,2
original,2
recognizing,2
collecting,2
discussion,2
sides,2
lake,2
previously,2
significant,2
exhibited,2
continue,2
examination,2
radiocarbon,2
students,2
significance,2
pin,2
would,2
function,2
summer,2
collected,2
filled,2
households,2
behind,2
systems,2
date,2
become,2
southwest,2
looked,2
we,2
destruction,2
corridor,2
brown,2
visit,2
european,2
seasons,2
suggestion,2
today,2
perspectives,2
independent,2
ecological,2
five,2
inside,2
dimensions,2
who,2
army,2
returned,2
existed,2
aboriginal,2
gathered,2
middens,2
founders,2
fertility,2
undertook,2
contained,2
eventually,2
complexity,2
extensive,2
ever,2
stephen,2
temple,2
alternative,2
readily,2
anthropology,2
believe,2
particularly,2
past,2
phd,2
reproduce,2
reign,2
unique,2
them,2
agricultural,2
produce,2
almost,2
emphasis,2
danish,2
contain,2
altered,2
reconstruct,2
colonial,2
maintained,2
gain,2
our,2
prepared,2
ultimately,2
presence,2
recording,2
argument,2
subgroups,2
fourteenth,2
numerous,2
explanation,2
need,2
vital,2
earthen,2
archaic,2
enclosed,2
supernaturally,2
comparison,2
themselves,2
debate,2
corn,2
immediately,2
famous,2
should,2
meeting,2
arizona,2
exhibiting,1
jumbled,1
intimately,1
now,1
currently,1
o,1
done,1
oriented,1
undoubtedly,1
concerned,1
indicated,1
cyrus,1
designated,1
separated,1
represent,1
affected,1
reconsidered,1
episodes,1
thrown,1
determine,1
implies,1
resided,1
extends,1
considerably,1
introduction,1
manuscript,1
distributed,1
crossing,1
linguistic,1
beneath,1
elaborately,1
settlements,1
mesoamerica,1
replaced,1
partially,1
systematically,1
designed,1
symbolize,1
crafting,1
artistic,1
word,1
second,1
schools,1
picking,1
sets,1
sumptuary,1
communally,1
pressing,1
park,1
trenching,1
contention,1
reasonably,1
trace,1
excavation,1
presents,1
unlike,1
inequality,1
total,1
nineteenth,1
something,1
contested,1
po,1
source,1
annals,1
disturbances,1
anything,1
cast,1
archaeologists,1
either,1
itaba,1
coalesced,1
kiag,1
preceding,1
originally,1
severely,1
might,1
forcibly,1
anywhere,1
worked,1
artificially,1
chiana,1
physiographic,1
comparatively,1
reach,1
shaped,1
yards,1
height,1
taba,1
route,1
wooden,1
secondary,1
broken,1
together,1
inflict,1
multimound,1
overflows,1
untapped,1
confirming,1
chroniclers,1
able,1
link,1
religion,1
renfrew,1
deemed,1
subsequent,1
mabila,1
feature,1
patterned,1
floral,1
stand,1
robert,1
platforms,1
ruined,1
discipline,1
declines,1
elucidating,1
ransacking,1
embroiled,1
contents,1
similarities,1
debitage,1
posts,1
continuities,1
ascribed,1
gnawing,1
assumed,1
abbreviated,1
attacked,1
tie,1
etowata,1
heterarchy,1
draws,1
continuum,1
draw,1
discuss,1
marked,1
politics,1
nordic,1
fl,1
tracing,1
characterize,1
reaching,1
explorers,1
chicfdom,1
feinman,1
powers,1
bibliography,1
move,1
crossed,1
occurring,1
combination,1
twelfth,1
oaleonutritional,1
waging,1
cited,1
compares,1
representing,1
identifies,1
furnishings,1
plowed,1
collection,1
connectedness,1
behavior,1
citico,1
signal,1
hudson,1
factional,1
learned,1
centralized,1
iron,1
chiefs,1
blades,1
dotted,1
component,1
run,1
btowan,1
illustrates,1
intensifying,1
categorized,1
realized,1
atop,1
clay,1
trench,1
relations,1
santa,1
tucson,1
jr,1
metalwork,1
nested,1
spans,1
statesy,1
midcontinental,1
unity,1
rank,1
adam,1
drainage,1
underlying,1
oblong,1
places,1
back,1
differently,1
ha,1
ransack,1
columbia,1
generating,1
arranged,1
left,1
twice,1
alliances,1
drawn,1
pueblo,1
lobe,1
constructs,1
practically,1
deeply,1
william,1
vicinities,1
enrich,1
valleys,1
competitive,1
latelamar,1
posited,1
civilization,1
operation,1
poor,1
weapon,1
klag,1
kibf,1
parlayed,1
without,1
predicted,1
growth,1
injuries,1
absent,1
sensing,1
adds,1
district,1
possession,1
influential,1
square,1
midwest,1
subsistence,1
remote,1
completely,1
excavators,1
lasted,1
derived,1
direct,1
contributions,1
disarticulated,1
columbian,1
creek,1
summarized,1
productive,1
scattered,1
factors,1
attached,1
moves,1
consistency,1
means,1
modified,1
references,1
changes,1
provinces,1
biased,1
archaeoloqv,1
discouraged,1
familiar,1
specialization,1
intensive,1
consolidate,1
warren,1
elevated,1
numbers,1
house,1
sheer,1
too,1
profile,1
show,1
embossed,1
exploited,1
resource,1
lithic,1
powerful,1
surface,1
organisation,1
ceremony,1
requires,1
painted,1
reconsideration,1
helped,1
projected,1
inhabited,1
advocated,1
view,1
myths,1
trajectories,1
invading,1
disappeared,1
atlanta,1
greater,1
lead,1
rivals,1
path,1
location,1
corridors,1
appearance,1
fortunes,1
begun,1
faunal,1
search,1
called,1
traditionally,1
midden,1
configuration,1
initial,1
employee,1
collectively,1
accurately,1
floodwater,1
engraved,1
refine,1
mediated,1
pitting,1
viewed,1
boyd,1
reinforce,1
pins,1
promise,1
scale,1
explored,1
wide,1
claimants,1
symbolically,1
possibility,1
briefly,1
warriors,1
unequal,1
designation,1
basis,1
charred,1
y,1
bc,1
circumstantial,1
preferred,1
heart,1
slightly,1
fired,1
stake,1
purpose,1
ot,1
symbolism,1
related,1
penetrating,1
minority,1
intentionally,1
smear,1
older,1
engineer,1
northwest,1
corporateoriented,1
broad,1
concentrate,1
cluster,1
renewals,1
ethnohistoric,1
personal,1
away,1
surrounding,1
employed,1
project,1
smallest,1
towards,1
approach,1
errors,1
oriental,1
causal,1
published,1
least,1
indicator,1
level,1
below,1
shaping,1
appended,1
contrast,1
squarely,1
feasts,1
lords,1
bank,1
complexly,1
waring,1
consensus,1
accomplished,1
concerns,1
bridge,1
industry,1
dramatic,1
suddenly,1
mesomerican,1
gage,1
visitor,1
widely,1
coast,1
division,1
core,1
fully,1
managed,1
visible,1
descendants,1
progress,1
describes,1
paid,1
factionalism,1
cycle,1
appropriate,1
newly,1
lincoln,1
waiting,1
critical,1
atrophy,1
noteworthy,1
situation,1
müller,1
biocultural,1
warfare,1
territorial,1
various,1
architecture,1
knoxviile,1
short,1
synthesis,1
hinge,1
surprisingly,1
play,1
corporation,1
brief,1
prevailing,1
positioned,1
projecting,1
indicates,1
interactions,1
sponsored,1
builders,1
unprecedented,1
collapsed,1
vie,1
vicinity,1
once,1
foot,1
permission,1
examined,1
nonlocal,1
fit,1
coverage,1
accident,1
rife,1
serve,1
sociocultural,1
neither,1
demographic,1
swamp,1
light,1
formalized,1
inferences,1
tortoise,1
literally,1
hay,1
indian,1
largest,1
insights,1
confirmed,1
reliance,1
increasingly,1
monopolized,1
engravings,1
inference,1
chose,1
fabulous,1
starting,1
leader,1
fire,1
toward,1
others,1
europe,1
reporting,1
similarly,1
rock,1
addition,1
experienced,1
smith,1
longer,1
occurrence,1
striking,1
instability,1
plan,1
agree,1
confederacy,1
attempting,1
antonio,1
john,1
forging,1
arthur,1
contemporary,1
doubt,1
formulating,1
diameter,1
pennsylvania,1
discussed,1
external,1
anthropologist,1
men,1
adjacent,1
ground,1
subside,1
covered,1
keys,1
unit,1
continuing,1
orderly,1
purposes,1
less,1
spot,1
council,1
necessary,1
practice,1
focusing,1
incursions,1
carnivore,1
perhaps,1
style,1
shifts,1
explicitly,1
compete,1
encountered,1
identifiable,1
ecology,1
laudable,1
argues,1
thousands,1
fundamentally,1
analyzed,1
interrelated,1
greatest,1
exploring,1
orienting,1
decimated,1
craig,1
chiefly,1
upon,1
transformed,1
arose,1
scatter,1
colonize,1
top,1
host,1
entirely,1
looting,1
persisted,1
operated,1
factor,1
collaborative,1
refuse,1
prominently,1
harvard,1
questions,1
crook,1
stayed,1
involves,1
trade,1
accessed,1
reality,1
emphasizing,1
grew,1
hampered,1
costumes,1
decorated,1
radar,1
times,1
plains,1
characterized,1
geographically,1
belongs,1
plant,1
auguring,1
reconstructed,1
mexico,1
obtained,1
paths,1
pyramidal,1
contributed,1
probable,1
renewal,1
connects,1
abundant,1
thomas,1
institutionalized,1
graves,1
especially,1
comparing,1
internal,1
promote,1
mining,1
bordered,1
interpretations,1
overcome,1
respectively,1
tossed,1
hierarchical,1
materialized,1
occupied,1
tendency,1
amateur,1
professional,1
ago,1
attention,1
chert,1
specialty,1
guiding,1
convincingly,1
attended,1
ehrenreich,1
things,1
depth,1
unstable,1
rodent,1
aid,1
note,1
tentative,1
richest,1
inhabitants,1
movements,1
sometimes,1
headdress,1
ideology,1
bound,1
program,1
reasonable,1
begin,1
paleodemographic,1
resumed,1
regalia,1
institutions,1
slow,1
becomes,1
contrary,1
force,1
effectively,1
interplay,1
ceremonialism,1
nonmound,1
traveled,1
why,1
owned,1
often,1
analysis,1
interconnected,1
prolegomenon,1
antiquities,1
lineages,1
stratified,1
types,1
centuries,1
face,1
unusual,1
figured,1
chattahoochee,1
considered,1
detail,1
burned,1
sections,1
school,1
iberia,1
reorganized,1
version,1
changing,1
calendrical,1
circumstances,1
allatoona,1
constituted,1
duress,1
soil,1
pace,1
rival,1
temporal,1
quickly,1
rattle,1
interrupted,1
muskhogean,1
specialized,1
share,1
december,1
removing,1
sampling,1
seem,1
gone,1
best,1
daub,1
prominence,1
expense,1
premound,1
constructions,1
universal,1
domestic,1
ideological,1
spaniards,1
boasted,1
linked,1
exhaustive,1
rely,1
powhatan,1
separating,1
associations,1
doms,1
examining,1
pit,1
placing,1
proposed,1
works,1
living,1
absolutely,1
merely,1
destroyed,1
evident,1
consisted,1
helping,1
scholarly,1
correlate,1
explanations,1
proceedings,1
perched,1
whether,1
terms,1
list,1
accounts,1
internment,1
supports,1
archeoiogical,1
pertinent,1
nearby,1
pubushing,1
map,1
encloses,1
axis,1
adaptation,1
characterizes,1
periphery,1
institute,1
require,1
schroedl,1
voice,1
finished,1
popular,1
conference,1
presume,1
radically,1
researchers,1
outline,1
ohio,1
city,1
marble,1
press,1
hurried,1
stairs,1
die,1
intended,1
transition,1
lies,1
explication,1
went,1
investigated,1
contribute,1
possessions,1
obtain,1
arguments,1
evidenced,1
vocal,1
tall,1
crew,1
come,1
formation,1
devoted,1
nutritional,1
carefully,1
spacing,1
differentiation,1
difference,1
disposal,1
nonelite,1
similarity,1
finding,1
contract,1
knights,1
protohistoric,1
institutional,1
nixon,1
washington,1
course,1
shed,1
offer,1
instead,1
carelessly,1
salt,1
correlated,1
green,1
duajprocessual,1
unified,1
disruption,1
involving,1
defined,1
langford,1
association,1
shift,1
summary,1
mobilized,1
debunking,1
offered,1
specific,1
contradicted,1
searching,1
removed,1
penetrated,1
distinctions,1
charged,1
trubitt,1
gorget,1
vary,1
deposits,1
reached,1
archaenlnex,1
element,1
surveys,1
develop,1
gulf,1
among,1
technological,1
zones,1
aggrandizing,1
ca,1
close,1
occur,1
hypothesis,1
