WORDCOUNTS,WEIGHT
of,1016
the,1008
and,927
in,659
a,242
to,224
as,130
pp,120
on,119
m,112
for,96
that,94
social,90
university,88
from,86
state,85
world,85
early,82
research,80
complex,79
political,77
archaeological,76
or,75
an,74
j,69
archaeology,69
is,69
societies,68
have,68
craft,67
this,65
production,62
these,60
at,57
with,57
economy,56
power,55
has,54
urban,54
p,52
old,51
cambridge,51
be,50
r,49
economic,49
are,49
chiefdoms,47
organization,47
new,47
states,47
journal,46
t,46
no,45
near,42
by,42
studies,41
american,41
g,40
more,39
been,39
goods,39
through,39
prehistory,37
systems,37
can,37
ancient,36
c,35
exchange,34
anthropology,34
development,32
mesopotamian,32
s,31
south,31
analyses,30
age,30
stein,29
specialization,29
between,29
e,28
review,28
et,28
prestige,28
k,27
most,27
evidence,27
focus,27
their,26
society,26
analysis,26
elites,26
recent,26
b,25
study,25
model,25
bronze,25
both,25
i,24
cultural,24
data,24
mesopotamia,24
strategies,24
not,24
complexity,24
current,24
harappan,24
researchers,24
asia,23
such,23
degree,23
organizational,23
rural,23
d,23
used,22
bc,22
also,22
which,22
it,21
heterarchy,21
some,21
dynamics,21
patterns,21
evolution,21
over,21
models,21
egypt,20
general,20
other,19
millennium,19
relations,19
oxford,19
n,19
perspectives,19
control,19
interaction,19
one,18
than,18
uruk,18
anthropological,18
cities,18
agricultural,18
role,18
system,17
east,17
local,17
different,17
f,16
northern,16
regional,16
many,16
ceramic,16
elite,16
asian,16
centralized,15
relationships,15
third,15
w,15
late,15
aspects,15
comparative,15
polities,15
variation,15
utilitarian,15
although,15
harappa,15
groups,14
into,14
within,14
settlement,14
indus,14
use,14
they,13
textual,13
china,13
agriculture,13
excavations,13
was,13
focused,13
work,13
its,13
approach,13
interregional,13
southeast,13
two,13
toward,13
europe,13
were,13
theoretical,13
evolutionary,13
specialized,13
attached,13
chicago,13
approaches,12
there,12
west,12
hierarchy,12
h,12
key,12
important,12
view,12
prehistoric,12
pastoral,12
population,12
we,12
change,12
areas,12
forms,12
trade,12
historical,12
ubaid,12
theory,12
press,12
specialists,12
archaeologists,11
even,11
civilization,11
emergence,11
centers,11
concept,11
part,11
mediterranean,11
culture,11
only,11
period,11
structure,11
independent,11
institutions,11
often,11
while,11
egyptian,11
area,11
specific,11
should,11
way,10
context,10
economies,10
iron,10
perspective,10
van,10
york,10
subsistence,10
issues,10
status,10
annual,10
value,10
developmental,10
anthropologist,10
consumption,10
among,10
center,9
papers,9
rather,9
l,9
productive,9
origins,9
generally,9
syntheses,9
london,9
ethnicity,9
southern,9
about,9
where,9
bulletin,9
would,9
antiquity,9
pottery,9
distribution,9
tell,9
instead,9
need,9
integration,9
much,9
village,8
western,8
women,8
nature,8
secondary,8
framework,8
de,8
site,8
greater,8
because,8
during,8
trends,8
when,8
standardization,8
wisconsin,8
increasingly,8
concern,8
empirical,8
urbanism,8
problems,8
european,8
india,8
form,8
institute,8
recognition,8
sectors,8
views,8
now,7
being,7
first,7
all,7
differences,7
those,7
eastern,7
primary,7
labor,7
may,7
upper,7
closely,7
well,7
sites,7
overview,7
polity,7
smithsonian,7
will,7
critical,7
materials,7
single,7
competition,7
thought,7
but,7
useful,7
less,7
see,7
exotic,7
predynastic,7
number,7
kingdom,7
three,7
iran,7
transformations,7
ideology,7
seen,7
what,7
information,7
suggests,7
writing,7
iraq,7
our,7
formation,7
remains,7
potential,7
texts,7
traditional,7
major,7
heterogeneous,7
ways,6
history,6
before,6
stoneware,6
together,6
case,6
vol,6
household,6
carsten,6
since,6
schortman,6
critique,6
main,6
levels,6
centralization,6
process,6
importance,6
contributions,6
surface,6
trajectories,6
raw,6
term,6
applied,6
syria,6
example,6
institution,6
field,6
emerging,6
several,6
few,6
activities,6
led,6
communities,6
technology,6
place,6
us,6
unwin,6
same,6
shows,6
niebuhr,6
chiefdom,6
significant,6
questions,6
clear,6
so,6
high,6
provides,6
oxbow,6
increasing,6
science,6
hierarchical,6
earliest,6
any,6
defining,6
surpluses,6
city,6
upon,6
abu,6
manufacture,6
defined,6
extremely,6
clarify,6
valley,6
broader,6
o,5
done,5
later,5
introduction,5
settlements,5
dc,5
stone,5
di,5
inequality,5
ethnoarchaeological,5
either,5
sources,5
culturally,5
principles,5
products,5
faunal,5
last,5
processes,5
ritual,5
historically,5
developments,5
urbanization,5
town,5
his,5
explicit,5
ceramics,5
factors,5
producers,5
record,5
argued,5
too,5
archeological,5
monitoring,5
luxury,5
memory,5
based,5
produced,5
spheres,5
future,5
related,5
gender,5
oriental,5
good,5
small,5
villages,5
methodological,5
periods,5
variety,5
make,5
analytical,5
sumerian,5
v,5
centre,5
landscape,5
ecology,5
studied,5
argues,5
understanding,5
chiefly,5
emphasize,5
synchronie,5
administrative,5
earlier,5
mohenjo,5
especially,5
become,5
herding,5
series,5
changing,5
palace,5
temple,5
alternative,5
sheep,5
seem,5
ideological,5
animal,5
multidisciplinary,5
extent,5
little,5
emergent,5
african,5
land,5
define,5
develop,5
north,5
difficult,4
archives,4
common,4
environmental,4
debris,4
large,4
identify,4
sheffield,4
contexts,4
clarifying,4
lower,4
neolithic,4
available,4
tradition,4
monitor,4
sumer,4
rethinking,4
feinman,4
zooarchaeology,4
far,4
mesoamerican,4
examining,4
ability,4
pig,4
cases,4
distinct,4
items,4
concerning,4
networks,4
explore,4
look,4
constructs,4
sardinia,4
whose,4
essential,4
without,4
identification,4
across,4
examined,4
parts,4
changes,4
organized,4
delta,4
goats,4
requires,4
method,4
explanatory,4
uses,4
called,4
oriyo,4
years,4
circulation,4
academic,4
discussions,4
records,4
people,4
away,4
rise,4
vijayanagara,4
own,4
successful,4
presented,4
working,4
suggest,4
quite,4
around,4
workshops,4
significantly,4
preliminary,4
valuable,4
limited,4
play,4
comments,4
broad,4
patterning,4
transformative,4
outside,4
monographs,4
empire,4
michael,4
explicitly,4
another,4
classes,4
examples,4
turkey,4
made,4
darò,4
mortuary,4
food,4
factor,4
survey,4
trend,4
theories,4
households,4
article,4
artisans,4
widely,4
relationship,4
africa,4
dd,4
george,4
dimensions,4
geographic,4
celtic,4
each,4
report,4
particularly,4
reflected,4
advances,4
beginning,4
spatial,4
maintain,4
foundations,4
emphasis,4
goals,4
question,4
nile,4
agropastoral,4
themselves,4
create,4
strong,4
countryside,3
entities,3
provisioning,3
brumfiel,3
oriented,3
medieval,3
generated,3
personnel,3
northeast,3
methodologies,3
second,3
rivers,3
source,3
diversity,3
leads,3
test,3
mcg,3
implications,3
attempts,3
concentrated,3
attempt,3
conditions,3
emphasized,3
investigations,3
ad,3
nodes,3
documenting,3
hall,3
politics,3
earfy,3
prehispanic,3
resources,3
along,3
kristiansen,3
surplus,3
segregation,3
human,3
differential,3
dependence,3
heterogeneity,3
engendering,3
nonstate,3
exercise,3
elements,3
document,3
emphases,3
kurban,3
honour,3
storage,3
apparently,3
wl,3
competitive,3
higher,3
philadelphia,3
mexico,3
growth,3
how,3
tb,3
risk,3
supplement,3
connected,3
similar,3
references,3
category,3
den,3
four,3
show,3
plenum,3
shifted,3
calgary,3
providing,3
result,3
identifying,3
could,3
conflict,3
found,3
basin,3
begun,3
hands,3
constantly,3
further,3
fourth,3
indirect,3
wealth,3
yoffee,3
keeping,3
already,3
dissatisfaction,3
structures,3
schwartz,3
showing,3
conform,3
towards,3
regions,3
wi,3
attention,3
summon,3
majority,3
results,3
notes,3
bhan,3
he,3
likely,3
investigating,3
contingent,3
overall,3
museum,3
community,3
modes,3
structural,3
under,3
fifth,3
temperate,3
al,3
bar,3
gain,3
mark,3
complementary,3
idea,3
fundamental,3
time,3
great,3
external,3
do,3
ur,3
hinterlands,3
style,3
maya,3
original,3
technologies,3
ruling,3
crafts,3
identity,3
largely,3
resulting,3
rare,3
examination,3
historic,3
styles,3
discussed,3
supplying,3
function,3
tribal,3
distinction,3
procurement,3
philippine,3
parallel,3
methods,3
ornaments,3
examine,3
james,3
sociopolitical,3
delhi,3
provide,3
order,3
who,3
detailed,3
millennia,3
markers,3
relevant,3
masca,3
literacy,3
pristine,3
roma,3
tribe,3
claims,3
environment,3
variable,3
paléorient,3
material,3
simply,3
fluctuating,3
here,3
paper,3
exploration,3
nissen,3
leaders,3
argue,3
followers,3
very,3
works,3
better,3
kom,3
proceedings,3
combined,3
unique,3
terms,3
particular,3
leilan,3
correlates,3
studying,3
observations,3
des,3
socioeconomic,3
level,3
incorporating,3
multiple,3
regularities,3
economically,3
pakistan,3
come,3
argument,3
generate,3
nonelite,3
chemical,3
stratification,3
explanation,3
structuring,3
inequalities,3
shift,3
indices,3
needs,3
best,3
longshan,3
gulf,3
cross,3
hypothesis,3
tepe,2
decentralized,2
jazira,2
degli,2
nagada,2
pull,2
corporate,2
sealings,2
represent,2
alone,2
considerably,2
notably,2
distributed,2
per,2
conducted,2
neighborhoods,2
schools,2
authority,2
bureaucracy,2
true,2
sets,2
postprocessual,2
modern,2
boulder,2
considerations,2
larsa,2
presents,2
wley,2
consistent,2
explaining,2
permanence,2
might,2
editions,2
delineation,2
archaeologically,2
capitalist,2
continue,2
hoards,2
origin,2
composition,2
reproduction,2
written,2
greatly,2
concepts,2
primitive,2
robert,2
california,2
techniques,2
akkadian,2
depending,2
existence,2
westview,2
autonomous,2
possible,2
activity,2
international,2
characterize,2
powers,2
functions,2
duwari,2
bibliography,2
point,2
timothy,2
ideologically,2
realistic,2
constrained,2
warfare,2
controlled,2
factional,2
ranked,2
central,2
thus,2
throughout,2
southwestern,2
definitional,2
pursue,2
interest,2
santa,2
price,2
application,2
overly,2
expected,2
given,2
rank,2
ct,2
clark,2
underlying,2
mcc,2
cameroon,2
publications,2
drawn,2
recherches,2
industries,2
necessaiy,2
lesser,2
mechanisms,2
rights,2
pacific,2
manipulated,2
reflects,2
developed,2
sort,2
completely,2
active,2
proximity,2
japanese,2
dialogue,2
special,2
denise,2
white,2
burials,2
precious,2
understand,2
proving,2
space,2
locally,2
possibly,2
flexibility,2
retained,2
languages,2
clearly,2
korea,2
proved,2
proposed,2
impact,2
beyond,2
peru,2
followed,2
ornament,2
dominant,2
strategy,2
suggested,2
fluid,2
mainland,2
atlanta,2
lead,2
concentration,2
epistemological,2
behavioral,2
out,2
economics,2
output,2
iconographie,2
sedentary,2
austin,2
emerge,2
syrian,2
cores,2
zooarchaeological,2
occupation,2
chinese,2
mainly,2
muzeum,2
viewed,2
residential,2
cairo,2
levant,2
dependents,2
wide,2
hierakonpolis,2
criteria,2
unequal,2
mobilization,2
timbo,2
olmo,2
overviews,2
start,2
fired,2
knowledge,2
literature,2
malyan,2
saggars,2
concentrate,2
forces,2
surrounding,2
foci,2
halaf,2
least,2
multilinear,2
indicator,2
nasr,2
below,2
constituent,2
mclntosh,2
volume,2
tested,2
excavation,2
specifically,2
historicist,2
highly,2
distinguished,2
texas,2
boundaries,2
differing,2
core,2
dedicated,2
progress,2
dependent,2
using,2
appropriate,2
separate,2
gordon,2
processual,2
units,2
demand,2
equality,2
summarize,2
architecture,2
synthesis,2
surprisingly,2
allen,2
reconstruction,2
thailand,2
positive,2
frank,2
interpretation,2
vs,2
tremendous,2
serve,2
selective,2
homogeneous,2
bangles,2
indian,2
industrial,2
insights,2
sector,2
lack,2
critiques,2
challenge,2
others,2
added,2
votive,2
materialist,2
pressure,2
pastoralism,2
euphrates,2
larger,2
classical,2
farming,2
distributions,2
considerable,2
pattern,2
man,2
honor,2
enough,2
operating,2
road,2
continuing,2
developing,2
archaeobotanical,2
norwegian,2
strategizing,2
focusing,2
japan,2
above,2
reconstructing,2
books,2
circumscription,2
remained,2
oppida,2
fundamentally,2
recognizing,2
private,2
kathleen,2
vast,2
rowlands,2
legitimation,2
israel,2
critiqued,2
trajectory,2
region,2
transformed,2
previously,2
lecture,2
controlling,2
sequence,2
reservoirs,2
individuals,2
taboos,2
dismissed,2
washington,2
ties,2
stress,2
comprehensive,2
peripheral,2
gailey,2
causal,2
nonurban,2
revised,2
geographically,2
played,2
practiced,2
mind,2
random,2
coercive,2
internal,2
construct,2
relation,2
ann,2
intrasite,2
probably,2
present,2
parameters,2
workshop,2
pubblicazioni,2
tendency,2
relative,2
anatolia,2
arbor,2
greek,2
la,2
footprint,2
anatomy,2
yields,2
assigned,2
stems,2
five,2
practitioners,2
inside,2
andean,2
recognizes,2
directions,2
el,2
yale,2
empires,2
life,2
efficiency,2
fall,2
stratified,2
fields,2
itself,2
grounded,2
articles,2
investigate,2
gawra,2
orientalis,2
ration,2
exercised,2
dispersed,2
hallstatt,2
intensification,2
must,2
ethnoarchaeology,2
continues,2
extension,2
known,2
jemdet,2
school,2
berkeley,2
intellectual,2
centres,2
sizes,2
connection,2
domestic,2
università,2
then,2
linked,2
wilkinson,2
rely,2
infer,2
past,2
living,2
type,2
according,2
delineated,2
whether,2
selected,2
webster,2
involvement,2
sociology,2
fully,2
periphery,2
produce,2
property,2
almost,2
art,2
size,2
middle,2
variability,2
ebla,2
subject,2
obtain,2
arguments,2
manufacturing,2
discussion,2
colonial,2
environmentally,2
illinois,2
national,2
fauna,2
enabling,2
provided,2
prestigegoods,2
chronologies,2
evolutionaiy,2
france,2
effects,2
colleagues,2
leiden,2
madison,2
association,2
archivi,2
showed,2
vessel,2
distinctions,2
pathways,2
element,2
images,2
philippines,2
doing,2
ca,2
roles,2
close,2
arizona,2
faction,2
carved,1
does,1
modelling,1
bangle,1
phoenicians,1
currently,1
apply,1
mesopotamianderived,1
appropriation,1
schmandt,1
limits,1
underpinning,1
horizontal,1
xia,1
conrolexirv,1
fertile,1
if,1
concerned,1
stylistic,1
asymmetric,1
imported,1
functional,1
dangers,1
asked,1
höyük,1
introductions,1
kur,1
heights,1
legitimate,1
determine,1
measures,1
sumerians,1
originate,1
perpective,1
factionalized,1
group,1
becoming,1
mesoamerica,1
residences,1
partially,1
througfi,1
perpetuate,1
agency,1
tend,1
essays,1
reassessment,1
ma,1
ubaidian,1
formed,1
dialectics,1
eclectic,1
indiscriminately,1
summaries,1
denmark,1
situation,1
kassite,1
ezvdí,1
easily,1
massproduced,1
favor,1
monolithic,1
bangkok,1
allow,1
basis,1
comparisons,1
fixed,1
necessarily,1
driven,1
maghreb,1
individually,1
aversion,1
hasanlu,1
nominally,1
contested,1
arguing,1
princeton,1
chief,1
rome,1
hudson,1
immutable,1
highlight,1
zhou,1
accumulation,1
said,1
kenoyer,1
chacmool,1
invention,1
reconstructions,1
roman,1
derives,1
exaggerated,1
somplex,1
scientific,1
deterministic,1
fund,1
contrasted,1
diego,1
season,1
meaning,1
actual,1
articulate,1
permanently,1
emerged,1
retreat,1
pendulum,1
seems,1
extralocal,1
definition,1
confirmed,1
layout,1
possibilities,1
crops,1
explores,1
professions,1
adaptationist,1
convert,1
reasons,1
confusion,1
tackling,1
accumulated,1
producing,1
revisions,1
vitrified,1
able,1
government,1
link,1
hundred,1
renfrew,1
dom,1
decentralization,1
magnetometry,1
subsequent,1
help,1
archaeoloeiczne,1
sahara,1
luxuiy,1
persistence,1
cemeteries,1
date,1
deriving,1
alalakh,1
reading,1
homeostatic,1
favoring,1
segmentary,1
administered,1
motivated,1
rigorous,1
designs,1
callieri,1
nomadic,1
relating,1
expedition,1
deemphasized,1
occasional,1
generosity,1
brief,1
resilience,1
linear,1
portugal,1
anthropologists,1
historians,1
comolexav,1
circulate,1
advice,1
matthew,1
constraint,1
bones,1
arabian,1
mass,1
america,1
incorporate,1
reanalysis,1
changed,1
fractionation,1
copenhagen,1
fitting,1
determined,1
sixteenth,1
geared,1
archaeobotany,1
establishing,1
studi,1
fishing,1
mastery,1
apart,1
taking,1
combination,1
say,1
reflecting,1
womens,1
desirable,1
bowls,1
redefining,1
compares,1
undoubtedly,1
mesoamencan,1
praeen,1
marginalized,1
identifies,1
bibliotheca,1
conceptualize,1
monastic,1
audience,1
reward,1
pursuing,1
valuables,1
overlapping,1
density,1
cooperation,1
exist,1
tribute,1
piedmont,1
regarding,1
prerequisite,1
doms,1
exercises,1
subsume,1
royal,1
collapse,1
structuration,1
electron,1
elucidates,1
ideologyespecially,1
anatolica,1
facts,1
representations,1
illustrates,1
health,1
sediment,1
tigris,1
medio,1
corner,1
gaining,1
dynamic,1
neighbors,1
characteristic,1
relatively,1
ease,1
viewing,1
concentrations,1
adams,1
tucson,1
quantitative,1
addressing,1
assessment,1
media,1
century,1
anthrodoumcal,1
arena,1
fried,1
kind,1
progressive,1
estimates,1
archaeologiczne,1
clay,1
heterarchical,1
cuite,1
neitzel,1
italiano,1
unhesitatingly,1
body,1
ha,1
giffen,1
response,1
serving,1
channels,1
difficulty,1
served,1
allowing,1
levantine,1
kinship,1
cohen,1
caribbean,1
estimate,1
compare,1
helpful,1
obscure,1
gil,1
seal,1
communication,1
eblaite,1
details,1
longdistance,1
precapitalist,1
traditions,1
leadership,1
undetectable,1
acknowledge,1
poznan,1
impressions,1
master,1
jerusalem,1
paralleling,1
poorly,1
mechanism,1
oriens,1
textually,1
interesting,1
recognized,1
veiy,1
papyrologie,1
floor,1
réévaluation,1
act,1
synthesizing,1
english,1
thirsty,1
bring,1
centered,1
morrison,1
dry,1
remain,1
organizing,1
basic,1
en,1
unit,1
appreciation,1
needham,1
centration,1
remote,1
phosphate,1
environments,1
deliberately,1
burial,1
moens,1
pervasiveness,1
flexible,1
certain,1
shang,1
variant,1
sacrificed,1
peer,1
boone,1
possess,1
vidale,1
animals,1
von,1
economyhow,1
front,1
characterizes,1
resistivity,1
shell,1
support,1
making,1
means,1
modified,1
unranked,1
establishment,1
albert,1
acquisition,1
maintaining,1
plants,1
helsinki,1
monumental,1
deccan,1
varying,1
needless,1
objects,1
river,1
xxxviiie,1
scale,1
peasants,1
meluhhcu,1
presumably,1
benco,1
coefficients,1
alphabetic,1
edition,1
kipp,1
urbaines,1
retains,1
ideologies,1
attain,1
reexamination,1
aly,1
hierarchically,1
accumulating,1
benefited,1
largescale,1
orientation,1
retrospective,1
commonly,1
operate,1
valued,1
yea,1
additional,1
vülagelike,1
ótate,1
albuquerque,1
efficient,1
terminology,1
reorientation,1
exploitation,1
engines,1
cycles,1
answers,1
beadmalring,1
preference,1
decades,1
drawing,1
dynastic,1
stands,1
methodology,1
artistic,1
iconography,1
charcoal,1
irrigation,1
diachronic,1
expressed,1
aula,1
gregory,1
humblest,1
dunng,1
problem,1
endogenous,1
rivals,1
categoriesshould,1
priori,1
introduce,1
underrepresented,1
inappropriately,1
encyclopedic,1
gesellschaft,1
avenue,1
opposing,1
acknowledgments,1
kingship,1
search,1
traditionally,1
access,1
exaggerating,1
mapping,1
amsterdam,1
ambiguity,1
terminological,1
shared,1
rooms,1
centrally,1
taphonomy,1
titris,1
zone,1
depictions,1
viking,1
microscropy,1
deciphering,1
brill,1
philosophical,1
fuel,1
base,1
collectively,1
none,1
wattenmaker,1
reintegrate,1
replicative,1
topics,1
equally,1
standardized,1
though,1
leuven,1
photography,1
skilled,1
treat,1
interruption,1
appears,1
recently,1
pins,1
cannot,1
dispersal,1
heterachical,1
alf,1
proche,1
otherwise,1
fish,1
safe,1
placed,1
metals,1
reaffirming,1
oueilli,1
pork,1
explain,1
instrumental,1
required,1
ivb,1
multidisciplinar,1
knossos,1
public,1
stations,1
kirch,1
scribe,1
distinguishes,1
shape,1
abuse,1
colonies,1
directly,1
having,1
rosen,1
feeding,1
expansionary,1
network,1
degrees,1
y,1
weisler,1
anna,1
intense,1
scatters,1
trial,1
received,1
archaeologist,1
statehood,1
erlitou,1
schuster,1
tool,1
babylonia,1
del,1
clean,1
compared,1
prominent,1
laura,1
characterization,1
purpose,1
materialize,1
ot,1
apparent,1
department,1
tenure,1
journals,1
elizabeth,1
philadetohia,1
fluctuations,1
counterbalance,1
whole,1
year,1
surrounds,1
categories,1
describe,1
database,1
palaces,1
kiva,1
postulated,1
demonstrates,1
suppliers,1
dietler,1
aztec,1
actually,1
mentioning,1
ü,1
ethnographical,1
kings,1
call,1
documented,1
focuses,1
publish,1
reflect,1
signalling,1
il,1
systematic,1
differentially,1
participate,1
preparation,1
stanford,1
artifact,1
lau,1
my,1
holy,1
whither,1
manipulation,1
dialogues,1
bibliographies,1
pot,1
staple,1
achaemenid,1
creating,1
sixth,1
excavated,1
legacy,1
destabilizing,1
instituut,1
sense,1
heidelberger,1
shaping,1
revolution,1
theoretically,1
stage,1
reliable,1
trading,1
politically,1
applicability,1
le,1
contrast,1
emphasizes,1
event,1
involved,1
explored,1
spanish,1
soil,1
transport,1
ignore,1
components,1
macehead,1
industry,1
breaking,1
prestate,1
modalities,1
pharaohs,1
essentially,1
oklahoma,1
redefinition,1
potent,1
interannual,1
always,1
egypte,1
overemphasized,1
up,1
jordan,1
cosmology,1
implementation,1
origini,1
cattle,1
goat,1
inaccessible,1
proper,1
paid,1
estates,1
woolf,1
structured,1
rhone,1
tcd,1
mafyan,1
kingly,1
promising,1
bolstered,1
latin,1
coexist,1
ethnoarchaeolodcal,1
chronological,1
span,1
activation,1
analytic,1
integrating,1
morphology,1
highlights,1
san,1
imprint,1
pictures,1
reduced,1
absence,1
various,1
nonelites,1
semiprecious,1
employ,1
populations,1
identified,1
seventh,1
short,1
abound,1
service,1
analogue,1
barley,1
eblaiti,1
manipulate,1
dressed,1
return,1
classic,1
tó,1
forward,1
hollows,1
nearly,1
interdependence,1
albany,1
oversight,1
exception,1
freedoma,1
opposed,1
brings,1
vili,1
poor,1
etc,1
prove,1
sahlins,1
specifying,1
still,1
precolonial,1
harry,1
intervention,1
swner,1
egges,1
movement,1
relaxed,1
manuring,1
religious,1
direction,1
shanks,1
spectacular,1
trenchant,1
undergo,1
scarcity,1
urbis,1
metric,1
edited,1
yet,1
incipient,1
od,1
security,1
coverage,1
interrelationship,1
makes,1
read,1
thames,1
marginal,1
genderthe,1
detectable,1
counterparts,1
sex,1
mesodotamian,1
predecessor,1
evolved,1
heartlands,1
mies,1
smith,1
tax,1
sociological,1
lowland,1
planned,1
infrastructure,1
complete,1
abandon,1
shifting,1
choices,1
cahiers,1
every,1
dialectical,1
ethnographic,1
experimental,1
ed,1
topical,1
reliance,1
functioned,1
fairly,1
administrators,1
tall,1
antiquus,1
starting,1
fire,1
lewis,1
centralizing,1
subcontinent,1
preferences,1
put,1
towns,1
decorative,1
reintroduced,1
addition,1
demographic,1
sui,1
arbitration,1
cultivated,1
fact,1
gledhill,1
encompassed,1
valid,1
limit,1
conduct,1
scholars,1
temples,1
niwot,1
plan,1
appeared,1
match,1
overemphasis,1
marxian,1
unwm,1
break,1
hast,1
wasters,1
incorporation,1
surfaces,1
fars,1
urbanized,1
omitted,1
end,1
figurines,1
debated,1
contemporary,1
contends,1
pennsylvania,1
mourus,1
anne,1
interim,1
men,1
ages,1
readers,1
took,1
surroundings,1
drinking,1
ethnicitygroups,1
everyday,1
paris,1
epigenetic,1
thank,1
intervene,1
actor,1
clusters,1
farmers,1
existing,1
crop,1
dales,1
imperialists,1
containers,1
necessary,1
practice,1
fieldwork,1
chronologically,1
native,1
belief,1
cosmos,1
assemblage,1
housecleaning,1
locations,1
lumping,1
distortions,1
outlines,1
thoroughly,1
saunders,1
reminds,1
cosmologies,1
simon,1
synonym,1
breakdown,1
cingula,1
microscopic,1
multistage,1
exploring,1
investigated,1
divided,1
supplies,1
sealing,1
assemblages,1
tapestiy,1
echoes,1
range,1
bear,1
matthews,1
represented,1
adria,1
mycenaean,1
deposits,1
salabikh,1
silverman,1
copies,1
lacunae,1
complexities,1
hinman,1
waste,1
reconstructs,1
incarnations,1
hypotheses,1
paradigm,1
lycett,1
exciting,1
assume,1
vocabulary,1
aside,1
net,1
ethnic,1
variables,1
engaged,1
nothing,1
laboratory,1
literate,1
thùd,1
deforestation,1
advantages,1
netherlands,1
continuities,1
weaving,1
vii,1
rejected,1
scanning,1
meanings,1
appraisal,1
biblical,1
sherd,1
modem,1
emphasizing,1
mode,1
publication,1
express,1
curzon,1
points,1
dominated,1
peter,1
ireland,1
co,1
deals,1
held,1
individual,1
architectural,1
allowed,1
historicization,1
exaction,1
derived,1
characterized,1
reviewers,1
noncoercive,1
like,1
paucity,1
plant,1
him,1
responses,1
features,1
issue,1
evolve,1
stages,1
course,1
pasty,1
configurations,1
accurate,1
improved,1
bulahay,1
legitimating,1
latter,1
generating,1
never,1
why,1
padua,1
shoehorned,1
wasn,1
antunätv,1
comparing,1
elaborate,1
aegean,1
interpretations,1
assessing,1
banking,1
effect,1
organizers,1
excluded,1
construction,1
mali,1
percent,1
seeking,1
capitalism,1
preand,1
greece,1
differ,1
dominance,1
southwest,1
universita,1
rojdi,1
versus,1
haven,1
ahistoric,1
adaptive,1
quarter,1
recurring,1
sur,1
propose,1
manufactured,1
hague,1
bibliographic,1
ehrenreich,1
examines,1
decision,1
nonspecialist,1
dietary,1
genesis,1
implicitly,1
ethnobiology,1
tempo,1
dawn,1
relying,1
gibson,1
wenke,1
cassie,1
carla,1
estremo,1
gills,1
emulation,1
wirtschaft,1
lovers,1
longacre,1
redefine,1
movements,1
bureaucrats,1
bulk,1
broadened,1
crucial,1
naturally,1
testing,1
maps,1
program,1
reasonable,1
validity,1
anthropologv,1
lines,1
widespread,1
ttje,1
negev,1
lost,1
directing,1
palestinian,1
collections,1
indiscriminate,1
tahsin,1
société,1
effectively,1
clays,1
sequences,1
heidelberg,1
legitimacy,1
recognize,1
counterpoised,1
peasant,1
disjunctions,1
strides,1
volumes,1
class,1
es,1
responsible,1
dans,1
fe,1
interconnected,1
sirak,1
colonizing,1
frontier,1
dead,1
table,1
education,1
fluctuate,1
centuries,1
orient,1
face,1
recordkeeping,1
perpetuation,1
problematic,1
interpretive,1
micromorphology,1
microscope,1
ugarit,1
employs,1
niger,1
meant,1
blackman,1
considered,1
narmer,1
distributional,1
addressed,1
circumscribed,1
sections,1
protean,1
shaw,1
formalization,1
suggestions,1
rarely,1
personnes,1
eventually,1
thinking,1
takes,1
aerial,1
aspiring,1
growing,1
aris,1
grounds,1
mann,1
accordance,1
colonists,1
homogeneity,1
comparison,1
measurements,1
demonstrate,1
bad,1
extensive,1
wapnish,1
hypothesized,1
invoked,1
mobilized,1
theme,1
recognizable,1
kemp,1
les,1
vaiy,1
scraping,1
constructed,1
consensus,1
costin,1
md,1
tokenism,1
gallery,1
suomalainen,1
set,1
der,1
paléorìent,1
replace,1
generis,1
pylos,1
overestimate,1
principle,1
claessen,1
finance,1
cemetery,1
facing,1
worldsystems,1
parable,1
cultures,1
expanding,1
assumed,1
sampling,1
authorities,1
sm,1
capital,1
gaiy,1
buddhist,1
tandem,1
constructions,1
regard,1
counting,1
foundation,1
iii,1
drehern,1
entering,1
hassan,1
reliability,1
contradictory,1
sustaining,1
uphold,1
benefit,1
retreated,1
pollock,1
purview,1
section,1
distinctive,1
recherche,1
passage,1
instituto,1
interactive,1
lending,1
places,1
dast,1
catalogue,1
phd,1
consisted,1
cal,1
corporation,1
integrates,1
discuss,1
succeeded,1
avoidance,1
steal,1
protohistonc,1
ralinga,1
carefully,1
seals,1
them,1
mcguire,1
stability,1
voor,1
accounts,1
want,1
cause,1
underpinnings,1
emblems,1
zagros,1
calculations,1
inputs,1
leaving,1
classhierarchically,1
forma,1
exposures,1
extract,1
installations,1
yield,1
terre,1
oxygen,1
agglomerations,1
omnipotent,1
garbage,1
campagne,1
st,1
conference,1
monitored,1
roidi,1
probing,1
careful,1
babylonian,1
ine,1
refinement,1
kin,1
despite,1
leicester,1
intended,1
lies,1
administration,1
faience,1
assumptions,1
territory,1
exceeded,1
domesticates,1
entry,1
resistance,1
reconstruct,1
summarizes,1
unitary,1
bradley,1
maintained,1
und,1
definitions,1
au,1
kiln,1
coming,1
postcolonial,1
disentangle,1
varied,1
turkish,1
mature,1
sociétés,1
devoted,1
shown,1
mayo,1
drafts,1
differentiation,1
entity,1
frontiers,1
crumley,1
encumbrances,1
neutron,1
camps,1
numerous,1
internally,1
morphological,1
foundationthe,1
trap,1
publishing,1
geoarchaeological,1
wish,1
documentation,1
applicable,1
americas,1
integrated,1
socially,1
canadian,1
physical,1
intergenerational,1
heartland,1
involving,1
derive,1
limitations,1
grapple,1
susa,1
peripheries,1
idé,1
typology,1
increased,1
archaic,1
desert,1
soils,1
anonymous,1
profits,1
treats,1
modeling,1
removed,1
archaeozoologia,1
marxist,1
rejection,1
charged,1
supply,1
vary,1
debate,1
norman,1
asymmetry,1
exclusively,1
nonhierarchical,1
reconsideration,1
kim,1
northwestern,1
surveys,1
penod,1
divergent,1
abandoned,1
immediately,1
uk,1
technological,1
whenever,1
unexpectedly,1
terracotta,1
concise,1
arnold,1
aggrandizing,1
identityespecially,1
southeastern,1
subsumes,1
carbonéale,1
workings,1
cited,1
wilk,1
occur,1
gold,1
thorough,1
