WORDCOUNTS,WEIGHT
and,1296
the,1186
of,1059
in,834
a,390
de,340
to,281
pp,266
from,188
j,182
central,172
p,162
on,162
costa,159
r,148
that,134
y,127
for,125
with,125
american,124
la,121
panama,117
is,116
d,116
et,111
were,106
university,105
w,104
by,101
at,100
f,99
m,97
as,96
en,89
del,84
g,82
bp,81
are,77
new,77
or,74
have,72
archaeological,70
o,68
el,67
rica,67
land,67
an,64
their,63
between,63
this,61
which,61
l,60
was,60
prehistoric,60
archaeology,60
no,58
been,56
los,54
not,54
it,53
e,53
s,52
human,52
early,52
social,51
native,51
cooke,50
bridge,50
museum,50
c,50
stone,49
these,47
south,46
cultural,45
k,44
america,42
prehistory,41
people,41
tropical,41
sites,40
more,40
they,38
some,37
peabody,37
pottery,37
b,37
maize,36
has,36
after,36
lower,36
be,35
pacific,34
harvard,34
evidence,34
among,34
into,33
americans,33
gran,33
than,32
adaptive,32
population,31
vínculos,30
journal,30
spanish,30
radiations,30
areas,30
monographs,30
there,29
tools,29
t,29
las,29
during,28
also,28
san,28
but,27
sitio,26
precolumbian,26
culture,26
caribbean,26
panamá,26
who,26
area,26
universidad,25
h,25
found,25
research,25
other,25
agriculture,24
most,24
recent,24
such,23
its,23
ancient,23
arenal,22
data,22
region,22
would,22
northern,22
science,22
forests,22
history,21
cerro,21
chiefdoms,21
holocene,21
piperno,21
whose,21
many,21
ceramic,21
where,21
time,21
local,21
mexico,21
exchange,21
linares,21
first,20
colombia,20
late,20
smithsonian,20
world,20
contact,20
only,20
intermediate,20
use,20
fig,19
languages,19
settlement,19
made,19
chiriqui,19
plant,19
antiquity,19
groups,18
western,18
ranere,18
even,18
site,18
coastal,18
subsistence,18
special,18
period,18
forest,18
revista,18
art,18
nicaragua,17
evolution,17
formative,17
record,17
populations,17
gold,17
lake,17
can,17
peoples,17
arqueología,17
oviedo,16
production,16
i,16
vol,16
preceramic,16
z,16
general,16
mesoamerican,16
panamanian,16
two,16
v,16
analysis,16
continental,16
nicoya,16
texas,16
cambridge,16
large,15
since,15
dumbarton,15
because,15
well,15
used,15
regional,15
climate,15
coast,15
southern,15
lowland,15
power,15
different,15
investigaciones,14
before,14
isthmus,14
along,14
origins,14
important,14
bc,14
change,14
small,14
several,14
rican,14
society,14
international,14
quaternary,14
over,14
them,14
until,14
north,14
mesoamerica,13
one,13
archaeologists,13
eastern,13
point,13
ritual,13
hierarchy,13
santa,13
had,13
wealth,13
department,13
josé,13
when,13
chiefdom,13
features,13
dry,13
earliest,13
very,13
historical,13
although,13
remains,13
complex,12
marine,12
changes,12
fish,12
lived,12
related,12
located,12
about,12
historia,12
maya,12
three,12
juan,12
often,12
paleoindian,12
américa,12
phd,12
proceedings,12
manioc,12
city,12
studies,11
chief,11
atlantic,11
vegetation,11
current,11
paleoecological,11
sensing,11
obtained,11
how,11
remote,11
study,11
emergence,11
latin,11
pollen,11
artifacts,11
cordillera,11
editorial,11
instituto,11
present,11
anthropological,11
each,11
humid,11
prestige,11
wild,11
materials,11
territories,11
difficult,10
being,10
long,10
origin,10
chiefs,10
last,10
political,10
papers,10
british,10
behavior,10
development,10
br,10
jr,10
sobre,10
conte,10
dates,10
van,10
divergence,10
chibchan,10
mortuary,10
pleistocene,10
su,10
oro,10
coeval,10
jade,10
patterns,10
polities,10
years,10
food,10
language,10
geography,10
nacional,10
series,10
domesticated,10
sea,10
press,10
specific,10
monagrillo,9
all,9
tradition,9
n,9
isthmian,9
genetic,9
york,9
lgs,9
similar,9
river,9
greater,9
centers,9
academic,9
watershed,9
polychrome,9
parità,9
steward,9
ceremonial,9
implications,9
relationship,9
same,9
bar,9
cultivated,9
museo,9
style,9
codé,9
adaptations,9
species,9
clovis,9
here,9
natural,9
size,9
became,9
formation,9
talamanca,9
valley,9
metal,8
if,8
tropics,8
introduction,8
village,8
modern,8
diversity,8
farmers,8
analyses,8
those,8
within,8
ad,8
case,8
para,8
documentos,8
may,8
communities,8
his,8
highlands,8
una,8
derived,8
out,8
initial,8
cuevan,8
antropología,8
ceramics,8
dispersal,8
relevance,8
survey,8
documented,8
few,8
villages,8
activities,8
economic,8
jadeite,8
differences,8
phytoliths,8
material,8
por,8
histórica,8
like,8
paths,8
date,8
ornaments,8
obsidian,8
starch,8
un,8
phytolith,8
did,8
goods,8
cultivation,8
ones,8
plants,8
middle,8
both,8
through,8
ecology,8
boletín,8
documentary,8
much,8
valle,7
later,7
considerably,7
linguistic,7
bifacial,7
either,7
nature,7
highland,7
darién,7
recorded,7
developments,7
back,7
genetics,7
across,7
importance,7
certain,7
dated,7
proposed,7
view,7
dc,7
glacial,7
occupation,7
recently,7
produced,7
provincias,7
near,7
having,7
artifact,7
suggest,7
around,7
diquis,7
ancestors,7
likely,7
habitats,7
polished,7
tronadora,7
al,7
cerámica,7
crops,7
datos,7
less,7
venezuela,7
including,7
elite,7
trade,7
earlier,7
institution,7
unpublished,7
today,7
objects,7
región,7
cultures,7
cal,7
slopes,7
estudio,7
centro,7
role,7
territory,7
sediments,7
southeastern,7
variation,6
now,6
edge,6
common,6
stylistic,6
symposium,6
settlements,6
occurred,6
lowlands,6
consistent,6
sources,6
seems,6
state,6
figs,6
relaciones,6
review,6
relationships,6
aguadulce,6
geological,6
though,6
bahía,6
pitahaya,6
postcontact,6
crafted,6
entre,6
sus,6
nata,6
lithic,6
appear,6
based,6
societies,6
faunal,6
records,6
structures,6
lange,6
status,6
own,6
preliminary,6
regions,6
culturales,6
began,6
annual,6
fluted,6
geographical,6
identified,6
above,6
chronology,6
guatemala,6
anthropology,6
palm,6
documents,6
crop,6
relación,6
larger,6
considerable,6
external,6
yeguada,6
maria,6
real,6
grinding,6
points,6
high,6
evolutionary,6
xvi,6
do,6
structure,6
probably,6
increasing,6
sometimes,6
widespread,6
settled,6
proyecto,6
complexity,6
physical,6
volcan,6
living,6
arqueológicas,6
indios,6
whether,6
agricultural,6
distribution,6
chibcha,6
researchers,6
lenguas,6
approximately,6
boca,6
sur,6
km,6
deposits,6
chocoan,6
gulf,6
environmental,5
mar,5
speakers,5
academia,5
diversification,5
rivers,5
source,5
statuary,5
accompanied,5
basin,5
hunting,5
styles,5
negros,5
dd,5
growing,5
siglos,5
possible,5
west,5
resources,5
valdés,5
sediment,5
items,5
served,5
guaymi,5
influence,5
plumsock,5
developed,5
levels,5
symbols,5
distant,5
animals,5
figures,5
shell,5
grains,5
painted,5
flakes,5
licenciatura,5
charcoal,5
raw,5
closely,5
fishing,5
domestication,5
younger,5
archivo,5
technical,5
tool,5
apparent,5
northwest,5
climatic,5
seasonally,5
memoirs,5
attributed,5
working,5
ethnias,5
quite,5
selecciones,5
bocas,5
up,5
led,5
situation,5
architecture,5
interactions,5
movement,5
continuity,5
light,5
memories,5
stones,5
units,5
academy,5
towards,5
demographic,5
amerinds,5
farming,5
end,5
rivas,5
man,5
adjacent,5
spoke,5
assemblages,5
national,5
neotropical,5
inland,5
spread,5
function,5
salt,5
tree,5
crc,5
versus,5
propose,5
bureau,5
ecological,5
five,5
foreign,5
life,5
exchanged,5
considered,5
environment,5
dispersed,5
indígenas,5
mesoamérica,5
east,5
making,5
seasonal,5
reported,5
sheets,5
differentiation,5
cucurbita,5
toro,5
effects,5
archaic,5
moved,5
hypothesis,5
chocó,4
frequent,4
cultigens,4
does,4
mostly,4
díaz,4
tierra,4
foraging,4
sitios,4
group,4
kinds,4
stirling,4
recursos,4
former,4
round,4
isla,4
diego,4
disturbance,4
location,4
humans,4
available,4
simple,4
timing,4
torres,4
danen,4
farther,4
molecular,4
improving,4
context,4
botany,4
con,4
projectile,4
me,4
sánchez,4
far,4
arqueológica,4
phase,4
southwestern,4
madrid,4
congreso,4
scarce,4
aguacate,4
firme,4
excavations,4
cf,4
kind,4
norte,4
distinct,4
places,4
bay,4
perspective,4
amerindios,4
houses,4
pacífico,4
details,4
traditions,4
crafting,4
contributions,4
locally,4
technology,4
elsewhere,4
numbers,4
too,4
four,4
lingüística,4
ecuador,4
especially,4
generally,4
utah,4
explain,4
trajectories,4
goldwork,4
conquest,4
arrived,4
coclé,4
entered,4
typical,4
estudios,4
shared,4
events,4
fé,4
term,4
volcán,4
neighboring,4
elemental,4
burial,4
appears,4
residential,4
warriors,4
du,4
formerly,4
inferred,4
protein,4
concept,4
brought,4
part,4
ot,4
reduction,4
symbolism,4
skirmishes,4
phylogenetic,4
place,4
taxa,4
ethnohistoric,4
we,4
field,4
kolman,4
drier,4
stimulated,4
presence,4
he,4
islands,4
surviving,4
under,4
restricted,4
dna,4
reports,4
increasingly,4
fundación,4
fact,4
provincia,4
occurrence,4
carbonized,4
colombian,4
striking,4
distributions,4
pattern,4
fragments,4
anthropologist,4
everyday,4
ground,4
clusters,4
landscape,4
compositional,4
relevant,4
caño,4
que,4
mitochondrial,4
perhaps,4
avances,4
siglo,4
number,4
remained,4
another,4
classes,4
understanding,4
technologies,4
divided,4
rio,4
lands,4
ethnology,4
mangote,4
ethnic,4
described,4
clear,4
estuarine,4
lakes,4
black,4
latter,4
regionales,4
acquire,4
nuevos,4
gaspar,4
occupied,4
covered,4
dietary,4
perspectives,4
types,4
teniente,4
bulletin,4
chibchans,4
stratified,4
acquired,4
extensive,4
known,4
terrestrial,4
sciences,4
der,4
know,4
down,4
associated,4
past,4
bands,4
evident,4
animal,4
chicago,4
particular,4
laguna,4
observations,4
suggests,4
introduced,4
puerto,4
copper,4
our,4
americana,4
florida,4
fauna,4
increased,4
maximum,4
northwestern,4
interaction,4
ca,4
estimated,3
phylogeny,3
precolombina,3
debris,3
center,3
pendants,3
identify,3
sumptuary,3
evidencias,3
approaches,3
excavation,3
necessarily,3
caribe,3
áreas,3
diffusion,3
attribute,3
cast,3
originally,3
controlled,3
season,3
archaeologically,3
embera,3
together,3
imagery,3
kuna,3
rich,3
análisis,3
intercambio,3
wealthy,3
ancestry,3
evaluation,3
felid,3
bird,3
continuum,3
quantities,3
origen,3
soils,3
fine,3
urbana,3
warfare,3
inventory,3
conflict,3
natives,3
historically,3
explained,3
against,3
mtdna,3
unwin,3
metalwork,3
actas,3
finery,3
century,3
overly,3
estimates,3
clay,3
old,3
refer,3
barú,3
response,3
moving,3
networks,3
precolombino,3
adult,3
civilization,3
sample,3
rather,3
arqueológico,3
philadelphia,3
direct,3
creek,3
productive,3
cueva,3
scattered,3
space,3
support,3
references,3
foothills,3
presumably,3
informe,3
argued,3
upper,3
show,3
methods,3
ores,3
continual,3
pedrarias,3
cotton,3
plates,3
exploitation,3
ciencias,3
iconography,3
identifying,3
arrival,3
could,3
chipped,3
called,3
relating,3
baudez,3
iconographie,3
austin,3
ethnohistorical,3
markets,3
traced,3
traits,3
buried,3
war,3
desde,3
cannot,3
monograph,3
filología,3
hierarchies,3
public,3
influenced,3
work,3
characterization,3
london,3
punta,3
subregion,3
older,3
barrantes,3
aztec,3
señor,3
passageway,3
polity,3
clearance,3
least,3
comogre,3
multiple,3
funerary,3
decline,3
alluvial,3
treasures,3
visible,3
taboguilla,3
provided,3
montane,3
pearson,3
will,3
demand,3
gradual,3
cai,3
huetar,3
mulawest,3
still,3
precolombinos,3
amerindian,3
lo,3
selection,3
single,3
yet,3
interpretation,3
reference,3
metalurgia,3
alongside,3
neotropics,3
ethnographic,3
indian,3
largest,3
rise,3
colección,3
reconstructing,3
actually,3
moist,3
comparison,3
harmonious,3
residence,3
santos,3
ley,3
scholars,3
occupations,3
foods,3
lengua,3
honor,3
outside,3
plate,3
axes,3
strategies,3
incursions,3
idiosyncrasies,3
degree,3
extended,3
institute,3
chiefly,3
range,3
bear,3
manufactured,3
sufficiently,3
contacts,3
judge,3
birds,3
yale,3
products,3
willey,3
processes,3
rare,3
radiocarbon,3
traders,3
underwent,3
low,3
significance,3
mortuorios,3
colombiano,3
fishtail,3
times,3
so,3
pharmacogenetics,3
why,3
castilla,3
spondylus,3
craft,3
ethnohistory,3
graves,3
paris,3
burials,3
workshop,3
dryas,3
ago,3
attention,3
behaviour,3
tibás,3
zamia,3
metallurgy,3
groupings,3
assigned,3
abundance,3
movements,3
relations,3
team,3
sequences,3
originated,3
lapidary,3
indicate,3
precontact,3
face,3
constant,3
pueblos,3
endowed,3
temporal,3
temple,3
islas,3
quickly,3
estilístico,3
colonization,3
control,3
cultura,3
specialized,3
regard,3
conquista,3
ideological,3
doms,3
just,3
what,3
terms,3
accounts,3
nearby,3
add,3
adaptation,3
chánguena,3
leaders,3
resident,3
finished,3
vessels,3
transport,3
variability,3
techniques,3
transition,3
using,3
dominant,3
question,3
report,3
observed,3
innovation,3
washington,3
ngobé,3
specialists,3
manufacture,3
peninsula,3
speak,3
summary,3
tribes,3
elites,3
surveys,3
ideologically,3
zones,3
dos,3
meeting,3
amador,3
paleoethnobotany,2
basing,2
rate,2
chronological,2
curtailed,2
les,2
opinion,2
meaning,2
reporte,2
populous,2
buenas,2
northernmost,2
represent,2
vertiente,2
brenesia,2
resided,2
durante,2
per,2
etnohistoria,2
enhance,2
spears,2
formed,2
true,2
protohistorische,2
bias,2
universiteit,2
laurier,2
position,2
tecnológica,2
total,2
excavaciones,2
appendage,2
root,2
encomienda,2
fires,2
various,2
congress,2
shells,2
provision,2
barriers,2
arqueológicos,2
helms,2
discord,2
taken,2
culturally,2
concentrated,2
microfossils,2
address,2
attempt,2
equally,2
aspect,2
eruption,2
wooden,2
secondary,2
suggesting,2
centroamericano,2
display,2
directo,2
peopling,2
chroniclers,2
studied,2
able,2
magnífico,2
polychromes,2
take,2
achieved,2
feature,2
office,2
influences,2
primitive,2
situ,2
principal,2
rockshelters,2
investigations,2
behind,2
iowa,2
prehistórico,2
side,2
bogotá,2
occasional,2
sophisticated,2
shellmound,2
selva,2
plain,2
hurtado,2
intermedia,2
volumen,2
crocodile,2
anthropologists,2
slotted,2
primary,2
u,2
conditioned,2
great,2
demands,2
opened,2
contiguous,2
prospección,2
prehispanic,2
burning,2
bibliography,2
salting,2
zooarchaeology,2
crossed,2
entendimiento,2
variations,2
x,2
establishment,2
exchanges,2
household,2
shellfish,2
fl,2
succession,2
corresponding,2
ranked,2
squash,2
iron,2
throughout,2
genesis,2
surely,2
estimating,2
mm,2
costero,2
constenla,2
egges,2
fissioning,2
terraces,2
proliferated,2
millennium,2
traps,2
characteristic,2
ease,2
acta,2
cupica,2
barrier,2
rank,2
paleoindians,2
ethnohistorically,2
immigrants,2
savannas,2
canal,2
excavación,2
balls,2
tempranas,2
harmony,2
handbook,2
compared,2
lapidaries,2
effective,2
estimate,2
thin,2
estos,2
unequivocally,2
look,2
spite,2
leadership,2
climates,2
spoken,2
guanacaste,2
poorly,2
appleton,2
walls,2
focused,2
untersuchungen,2
cobbles,2
industries,2
wiesbaden,2
higher,2
escuela,2
affiliations,2
assessed,2
categoric,2
interesting,2
acculturation,2
advances,2
pigments,2
bog,2
espacio,2
identification,2
dávila,2
microevolution,2
continent,2
basal,2
mountain,2
unit,2
antagonistic,2
vida,2
responded,2
process,2
represented,2
environments,2
determining,2
parts,2
cacicales,2
aquatic,2
kica,2
selected,2
consequences,2
update,2
underline,2
priorities,2
ocupación,2
means,2
modified,2
albert,2
acquisition,2
possibly,2
wedges,2
established,2
itinerant,2
outwash,2
impact,2
shelters,2
gradually,2
house,2
slate,2
clustering,2
allude,2
frequently,2
hammered,2
fashioned,2
linguistics,2
resource,2
surface,2
nicaraguan,2
indications,2
followed,2
preen,2
vieja,2
endemic,2
antecedents,2
decades,2
myths,2
artistic,2
grupos,2
whereas,2
my,2
came,2
applications,2
oysters,2
unidentified,2
access,2
genética,2
behavioral,2
unor,2
transference,2
ocean,2
sedentary,2
diet,2
attained,2
cores,2
describe,2
density,2
facultad,2
linguists,2
prehispánico,2
districts,2
metalworking,2
noroeste,2
confirmation,2
dietarily,2
indio,2
thorny,2
poor,2
hillslope,2
basis,2
distinguish,2
future,2
blade,2
pesca,2
arrowroot,2
residents,2
waunáan,2
tops,2
andes,2
contextualized,2
resting,2
example,2
knowledge,2
tombs,2
indigenous,2
sydney,2
sociedades,2
ten,2
intentionally,2
aguas,2
loss,2
literature,2
island,2
discussions,2
cassava,2
beginnings,2
densely,2
beads,2
tecnología,2
reinos,2
personal,2
surrounding,2
balboa,2
showing,2
extinctions,2
horizon,2
skills,2
strongest,2
sampled,2
approach,2
ancestral,2
published,2
biogeography,2
stage,2
indicators,2
trading,2
politically,2
multitude,2
centroamérica,2
rutgers,2
instituut,2
nearest,2
involved,2
cognate,2
conchas,2
requires,2
mitchell,2
beautifully,2
soil,2
consensus,2
bottle,2
cool,2
gene,2
boundaries,2
sculptures,2
widely,2
barii,2
core,2
always,2
woodstock,2
inaccessible,2
games,2
reviews,2
notes,2
diminished,2
appropriate,2
velocity,2
finds,2
turrialba,2
tribus,2
pervasive,2
valuable,2
subsequently,2
periods,2
advertised,2
licenciado,2
quarry,2
coastline,2
variety,2
drainage,2
scientific,2
sanctity,2
comparative,2
contribución,2
expansion,2
play,2
classic,2
fruit,2
rapid,2
géographica,2
lothrop,2
appearance,2
etc,2
community,2
indicates,2
comments,2
chagres,2
watersheds,2
modes,2
contra,2
impacto,2
structural,2
crabs,2
metates,2
once,2
depicted,2
foot,2
quebrada,2
wake,2
makes,2
thought,2
esoteric,2
exactly,2
históricas,2
mobile,2
populated,2
neither,2
azuero,2
quarries,2
carbonate,2
olsen,2
ethnographica,2
floor,2
belonging,2
viaje,2
raids,2
geophysical,2
minera,2
muy,2
hipótesis,2
lack,2
members,2
reveal,2
flat,2
projects,2
complementary,2
longer,2
idea,2
proposal,2
appeared,2
vampiros,2
insular,2
sanjur,2
figurines,2
ngawbe,2
wilfred,2
otras,2
never,2
reproductive,2
nieto,2
diquís,2
comprised,2
sector,2
obscures,2
receives,2
nance,2
jijón,2
answer,2
evolución,2
deep,2
civilización,2
project,2
metropolitan,2
distance,2
evolutiva,2
demonstrated,2
chiriquí,2
northrop,2
exhibit,2
situated,2
easier,2
personages,2
organisms,2
accompanying,2
biotropica,2
ecologically,2
active,2
sides,2
exogamy,2
spectacled,2
genealogical,2
montaña,2
dispersals,2
iconografia,2
samples,2
narrowness,2
déglaciation,2
elucidated,2
significant,2
expression,2
hypotheses,2
layrisse,2
sequence,2
hillslopes,2
exhibited,2
salvador,2
soconusco,2
hunted,2
fruits,2
parque,2
nuclei,2
dating,2
entourages,2
ties,2
open,2
iis,2
historic,2
surgimiento,2
publication,2
interpret,2
alcalde,2
bartering,2
illinois,2
christopher,2
plains,2
divisions,2
good,2
characterized,2
geographically,2
skulls,2
caso,2
indisputable,2
shortly,2
proximity,2
abundant,2
conclusions,2
pearl,2
enough,2
systems,2
become,2
narrow,2
precinct,2
interpretations,2
buenos,2
attendant,2
hunters,2
artisans,2
looks,2
temprana,2
felling,2
aproximación,2
relative,2
sociopolitical,2
imported,2
finca,2
immigration,2
clans,2
atlántica,2
von,2
cobs,2
regrowth,2
oxford,2
miscellaneous,2
topography,2
corrales,2
coasts,2
río,2
inhabitants,2
figure,2
gathering,2
impressive,2
hill,2
lines,2
islebe,2
predict,2
seen,2
millennia,2
lawrence,2
periodo,2
thinning,2
littoral,2
contexto,2
responsible,2
sloths,2
continually,2
see,2
lingua,2
embalmed,2
período,2
angeles,2
articles,2
mirror,2
arts,2
cyanogenic,2
tribe,2
guatemalan,2
underlined,2
universes,2
deposited,2
believed,2
intertidal,2
changing,2
intensification,2
banco,2
must,2
complexes,2
simply,2
theory,2
organization,2
alludes,2
nahua,2
sherds,2
symbol,2
geoarchaeology,2
cover,2
objectively,2
platinum,2
rainfall,2
descent,2
pedestrian,2
expanding,2
forebears,2
chron,2
volcano,2
problem,2
patronato,2
southernmost,2
draws,2
cronología,2
patrimonio,2
generalized,2
associations,2
distinctive,2
assessment,2
better,2
ladrones,2
following,2
beginning,2
emberá,2
weidenfield,2
transmitted,2
spatial,2
volcanic,2
chorotega,2
voor,2
chibchaspeaking,2
fernández,2
antropológica,2
covers,2
marinas,2
quito,2
preliminares,2
nicarao,2
landbridge,2
women,2
produce,2
huge,2
romoli,2
stragey,2
categories,2
universe,2
tephra,2
leyden,2
nj,2
little,2
varieties,2
costas,2
son,2
cemetery,2
ruled,2
recipients,2
given,2
atmospheric,2
puente,2
sixteenth,2
radiation,2
nunez,2
reappraisal,2
commodities,2
palynology,2
pintada,2
antigua,2
catches,2
jan,2
bonilla,2
bedecked,2
perspectiva,2
concesión,2
mandado,2
rasgos,2
descriptions,2
conditions,2
beyond,2
burnt,2
bribri,2
americas,2
integrated,2
developmental,2
smaller,2
maritime,2
earthen,2
fue,2
biología,2
impacted,2
observation,2
drift,2
carbon,2
drying,2
themselves,2
fonseca,2
temperatures,2
humanized,2
substantial,2
archeological,2
plenum,2
technological,2
stimulus,2
meaningful,2
should,2
histórico,2
études,2
oí,2
archäologische,2
inventories,2
occur,2
gourd,2
final,1
exhibiting,1
gis,1
kudarauskas,1
massif,1
cohesiveness,1
intricate,1
modelling,1
chocoana,1
amulets,1
formulated,1
monarquía,1
hauled,1
produces,1
medicinal,1
reevaluated,1
terrain,1
antropologist,1
deculturation,1
prefer,1
evaluations,1
butler,1
way,1
cultivators,1
paleobiology,1
fertile,1
correlation,1
synchroneity,1
macrogeographical,1
nicoy,1
apo,1
musuem,1
vicerrectoría,1
unicausal,1
felids,1
revue,1
sueños,1
expand,1
mésoamericaines,1
preclásico,1
correlations,1
designated,1
created,1
rainforest,1
concern,1
go,1
comarcanas,1
defining,1
affected,1
berkeley,1
balsam,1
extend,1
expedition,1
accords,1
mysteries,1
insitution,1
bedrock,1
yam,1
measures,1
decipher,1
extends,1
spurred,1
artesanos,1
thriving,1
sphere,1
distributed,1
forth,1
pools,1
décapage,1
canopy,1
forcing,1
identifies,1
oxidation,1
becoming,1
behooves,1
needed,1
methodology,1
isthme,1
cerámicos,1
harks,1
possessed,1
objetos,1
traded,1
nonforest,1
archaeozoological,1
offerings,1
sociales,1
conserved,1
comparada,1
essays,1
reassessment,1
fragment,1
ethnogenesis,1
columns,1
ma,1
songs,1
informative,1
second,1
live,1
tierras,1
approximate,1
ethnologique,1
confines,1
mahaney,1
uniquely,1
postdate,1
ways,1
rewards,1
solidarity,1
mexican,1
glean,1
memoria,1
nuts,1
apologia,1
auriferous,1
paradigms,1
actualización,1
alajuela,1
favor,1
notwithstanding,1
monolithic,1
principios,1
mitochrondrial,1
boulder,1
ti,1
weaker,1
subtiaba,1
snarskis,1
acceptance,1
isotopie,1
backs,1
anthroooloev,1
reduced,1
fixed,1
reciprocal,1
offshore,1
unlike,1
laid,1
mastodonte,1
anurans,1
amply,1
stretches,1
tells,1
sr,1
valencia,1
pots,1
granule,1
thematic,1
englewood,1
nuevas,1
foragers,1
hypothetically,1
mexicaines,1
meaningless,1
sequential,1
embalming,1
typologically,1
tei,1
calibrated,1
hints,1
themes,1
redundancy,1
negative,1
cutting,1
taller,1
vocabulario,1
bum,1
member,1
contexualized,1
rivalries,1
gap,1
dredged,1
transitions,1
andsystematics,1
stressed,1
páramo,1
conforms,1
griddles,1
inc,1
lateral,1
diluted,1
modest,1
reconstructions,1
whom,1
santanas,1
taboga,1
jackson,1
iguanas,1
sizes,1
dolores,1
localities,1
progressed,1
paleonvironmental,1
millennially,1
interests,1
biotrovica,1
tiempo,1
antiguas,1
hood,1
ii,1
semioüc,1
analytic,1
cosmological,1
might,1
bonillita,1
gourds,1
anywhere,1
reptiles,1
hizo,1
polymorphic,1
chalcedony,1
shortage,1
humana,1
dentin,1
brujo,1
darla,1
fronteras,1
au,1
words,1
definition,1
strip,1
confirmed,1
names,1
oschenius,1
oval,1
book,1
yards,1
agronomy,1
régionale,1
brightly,1
packed,1
cariaco,1
assess,1
belong,1
advantage,1
sedimentation,1
liquids,1
desire,1
invigorated,1
bottlenecks,1
bichrome,1
rutas,1
appendix,1
achievement,1
government,1
differentials,1
recruit,1
guessed,1
descubrimientos,1
closer,1
composition,1
procedure,1
religion,1
carnegie,1
estuario,1
collapse,1
subsequent,1
search,1
estuarios,1
famille,1
separated,1
relatives,1
zapotal,1
alert,1
precisely,1
concepts,1
abrigos,1
reserved,1
duality,1
classified,1
contrasting,1
link,1
item,1
necessitated,1
signs,1
historv,1
radiográfico,1
antígeno,1
confused,1
alloying,1
worldwide,1
cuenca,1
designs,1
sq,1
postrimerías,1
proposals,1
system,1
speech,1
akin,1
nodes,1
documenting,1
wetter,1
sparteine,1
méxico,1
caffeine,1
existence,1
resulted,1
botanical,1
edges,1
resilience,1
linear,1
thatch,1
reassessed,1
gaps,1
zoogeography,1
autonomous,1
stretched,1
key,1
ferdinand,1
enchantment,1
task,1
ethnos,1
captures,1
wanderers,1
repercussions,1
chants,1
particularly,1
planted,1
demography,1
right,1
foreignness,1
carbohydrate,1
drastic,1
istmo,1
microns,1
paleogeography,1
resins,1
retain,1
custom,1
dichotomous,1
mythology,1
resistencia,1
gardens,1
grated,1
red,1
dichotomization,1
felt,1
methodologies,1
determined,1
limace,1
outlying,1
modo,1
paleoecologically,1
cooperation,1
misnamed,1
withdrawal,1
andré,1
ball,1
temperance,1
paucity,1
jacinto,1
solely,1
renowned,1
dwarfism,1
commonality,1
julian,1
richard,1
occupy,1
information,1
boktryckeri,1
señoría,1
colgantes,1
unitv,1
tablets,1
birth,1
waging,1
unconquered,1
geomorphological,1
fossil,1
interior,1
cacicazgos,1
transient,1
presentday,1
himself,1
incense,1
futuro,1
poblaciones,1
slash,1
beneath,1
olmecas,1
anomalously,1
dorasque,1
prevented,1
sweet,1
dentro,1
collection,1
problems,1
palaeoecological,1
sign,1
complete,1
quien,1
garden,1
genealogies,1
signal,1
factional,1
wherever,1
usage,1
exist,1
repeatedly,1
september,1
specifically,1
frequencies,1
overshoot,1
million,1
restos,1
thus,1
oaxaca,1
unfathomable,1
includes,1
koine,1
accessible,1
royal,1
peripheral,1
typological,1
plaques,1
personalities,1
tiánguez,1
crafters,1
völkerwanderung,1
differential,1
presentación,1
vegetales,1
cemeteries,1
economía,1
habitants,1
colluvial,1
merchants,1
ideograms,1
blades,1
spearthrowing,1
manihot,1
almirante,1
guinea,1
component,1
facts,1
esquegua,1
cori,1
stonewalled,1
dynamics,1
quality,1
protoarchaic,1
consumed,1
orinoco,1
constantly,1
health,1
claredon,1
amerindians,1
comerciales,1
vertebrates,1
neighbors,1
mayor,1
raton,1
thompson,1
popularly,1
relatively,1
trench,1
sp,1
remembrances,1
moment,1
concentrations,1
adopted,1
raises,1
heterogeneity,1
prehistoria,1
analisis,1
suramericano,1
uniformity,1
kirk,1
conducted,1
chirripó,1
materially,1
media,1
preparation,1
rooted,1
aforementioned,1
barter,1
vanished,1
held,1
mesoamericanization,1
progressive,1
canoes,1
alvina,1
andésites,1
velarde,1
garber,1
speculative,1
clark,1
paleoclimatology,1
posterior,1
sets,1
epoca,1
burgeoning,1
imprimerie,1
ante,1
spanned,1
disproportionately,1
competitiveness,1
milling,1
proboscídeos,1
justifiable,1
pacihc,1
young,1
races,1
allowing,1
emphases,1
carlos,1
clínica,1
pasado,1
ih,1
competition,1
bugle,1
identifications,1
factions,1
application,1
pueblo,1
shiny,1
phytolithic,1
stimulating,1
communication,1
microenvironmental,1
glaciers,1
ví,1
ecosystems,1
scarcity,1
choco,1
envisage,1
deeply,1
científico,1
kidder,1
cronologia,1
demonstrably,1
necesarios,1
pacífica,1
wl,1
rates,1
exponentially,1
lastly,1
claude,1
kayapo,1
nearshore,1
disks,1
naturales,1
mechanism,1
kept,1
acrocomia,1
disjunct,1
employ,1
collagen,1
rights,1
mokaya,1
hamlet,1
steal,1
via,1
hero,1
oeste,1
segundo,1
invaded,1
disposed,1
vegetable,1
reconstruction,1
dangerously,1
bravado,1
reflects,1
penetrations,1
aplicadas,1
without,1
circular,1
localización,1
english,1
hodell,1
camp,1
diasporae,1
remedios,1
growth,1
población,1
uhle,1
imdlications,1
intraregional,1
centered,1
district,1
bays,1
aggressive,1
physiogeographic,1
altitudinal,1
basic,1
ford,1
orbe,1
na,1
lingüísticas,1
sexual,1
microremains,1
preparing,1
capture,1
crest,1
bam,1
comparable,1
pinpoint,1
province,1
cambridee,1
naguatatos,1
requisite,1
pétrographie,1
blessing,1
sudden,1
reworked,1
bahamas,1
associate,1
annales,1
captives,1
eight,1
inquiry,1
amazonian,1
grew,1
viewed,1
göterborgs,1
balanced,1
tidal,1
suited,1
pages,1
cazadores,1
enabled,1
arbor,1
illustrations,1
concha,1
appropriateness,1
impressed,1
summarized,1
unsculpted,1
nelson,1
typologies,1
importancia,1
primer,1
paleovegetational,1
lea,1
addressing,1
lots,1
replete,1
forced,1
reason,1
arid,1
cccidental,1
tooth,1
discernible,1
monumental,1
facilitated,1
honored,1
papel,1
vastly,1
composición,1
immigrant,1
ofpalaeobotany,1
och,1
chame,1
detectable,1
tensions,1
females,1
intercept,1
identiy,1
statistical,1
regularly,1
archéologique,1
retained,1
image,1
specialization,1
organized,1
tuscon,1
slowly,1
clearly,1
amid,1
geminate,1
teeth,1
producers,1
cropp,1
moderately,1
ethnologv,1
autoridad,1
ideologies,1
peru,1
griggs,1
traces,1
invariably,1
mary,1
fore,1
contexts,1
exemplify,1
benefited,1
couto,1
perjorative,1
age,1
resorted,1
polymorphisms,1
meets,1
basalts,1
roofs,1
delta,1
interrelated,1
calcium,1
powerful,1
enzyme,1
albuquerque,1
lucayan,1
drought,1
etapas,1
fósiles,1
submerged,1
cotidiana,1
isolation,1
domesticate,1
modeled,1
substantiated,1
consequence,1
boundary,1
huacas,1
glumes,1
daleoenvironmental,1
mutilation,1
permanent,1
recommendable,1
prowess,1
care,1
respected,1
etnoecología,1
calgary,1
strategy,1
posición,1
isotopes,1
providing,1
rainbow,1
salient,1
drawing,1
cut,1
fibrous,1
advocated,1
hoticulture,1
gobernador,1
conflicts,1
cartago,1
inshore,1
odd,1
pathway,1
altantic,1
ranges,1
diachronic,1
opening,1
silencio,1
limits,1
monkey,1
especializados,1
norteño,1
filogenètica,1
lead,1
sisal,1
musée,1
regalia,1
migrant,1
plateau,1
allow,1
attributing,1
geologies,1
portable,1
harder,1
six,1
mass,1
opposing,1
demise,1
difficulty,1
ascription,1
traditionally,1
perennially,1
midden,1
iconographically,1
mapping,1
caveat,1
printing,1
exploraciones,1
strongly,1
exquisitely,1
underneath,1
recalls,1
siliceous,1
her,1
paleopathology,1
census,1
haller,1
relate,1
taphonomy,1
mythical,1
balkanization,1
tukanoan,1
extinct,1
geofísicas,1
locales,1
eat,1
captured,1
accompany,1
tires,1
prehispánica,1
philosophical,1
pavements,1
evaluate,1
genes,1
notas,1
accurately,1
tilarán,1
unfluted,1
further,1
overstress,1
lafluiiaj,1
marítima,1
kesearcn,1
oklahoma,1
founder,1
shifting,1
phylum,1
third,1
precursor,1
panami,1
stock,1
select,1
skilled,1
indirect,1
redes,1
implements,1
founding,1
française,1
internecine,1
urabá,1
applied,1
banded,1
scale,1
industria,1
torroni,1
initially,1
however,1
extrapolation,1
metals,1
kuk,1
torquemada,1
shamanism,1
popularized,1
expedient,1
estratigráficas,1
indemonstrable,1
bstudios,1
panameñas,1
exploration,1
zapotee,1
wide,1
peaceably,1
sacrifice,1
larders,1
criteria,1
annals,1
aspects,1
baffled,1
vouches,1
colonies,1
rareness,1
uispp,1
none,1
hybrid,1
flannery,1
genealógicas,1
spheres,1
pensmsula,1
orography,1
degrees,1
paleoenvironmental,1
ibarra,1
mi,1
introducción,1
istope,1
depiction,1
zoomorphic,1
zona,1
dugout,1
südost,1
nucleus,1
adicionales,1
amerirnnn,1
sculpture,1
inventario,1
statehood,1
archéologie,1
costume,1
mutilations,1
preferred,1
talamancan,1
claim,1
zapote,1
prominent,1
significantly,1
crude,1
purpose,1
salvage,1
diversidad,1
interpreters,1
evidencia,1
dios,1
reventazón,1
geral,1
calovébora,1
thoughts,1
crossings,1
description,1
ecologist,1
geology,1
paleoenvironments,1
tarea,1
afar,1
catfishes,1
aldea,1
ormiv,1
horn,1
exclusively,1
expansive,1
cane,1
issues,1
demonstrates,1
geografica,1
icon,1
contains,1
mcgimsey,1
accumulative,1
dresent,1
cluster,1
stimulate,1
freshwater,1
pinctada,1
belligerent,1
internacional,1
device,1
rituals,1
dog,1
transported,1
bishop,1
proliferation,1
away,1
reflect,1
panamaobsidian,1
floors,1
epicenters,1
craftsmen,1
cone,1
mission,1
systematic,1
differentially,1
badges,1
horticulture,1
seaborne,1
doubtful,1
capitán,1
observaciones,1
enhances,1
jadeíta,1
underendowed,1
connections,1
interpreted,1
ucla,1
organización,1
amazonia,1
manipulation,1
bodies,1
ida,1
chibehas,1
numerically,1
spectroscopy,1
subtle,1
oriental,1
contests,1
tanged,1
precipitation,1
concentrates,1
preceded,1
causal,1
porters,1
skipped,1
enclosures,1
caution,1
perú,1
permanence,1
ratios,1
esculenta,1
postpone,1
sense,1
giant,1
brimming,1
successful,1
caused,1
level,1
useful,1
wi,1
españoles,1
distances,1
chiricano,1
reliable,1
appended,1
chibchas,1
nonresidential,1
mani,1
bone,1
archaeofaunas,1
lavish,1
royale,1
owned,1
sharp,1
pacts,1
acted,1
event,1
formativa,1
family,1
vertebrados,1
heat,1
teams,1
interacción,1
dañen,1
sufficient,1
mineral,1
fraught,1
june,1
concerns,1
influencias,1
highly,1
cacao,1
executed,1
folk,1
transfer,1
collections,1
industry,1
offa,1
jiménez,1
geochronology,1
chibchenses,1
dramatic,1
paisaje,1
humanas,1
mesic,1
concur,1
seeds,1
preceding,1
corona,1
applies,1
bases,1
americna,1
articulation,1
paleoecology,1
acheologie,1
sarigua,1
rescate,1
venezuelan,1
preliminar,1
recientes,1
axelike,1
prenistonca,1
productivity,1
antiauity,1
resistance,1
hispanicized,1
interchange,1
environmentally,1
cycle,1
ana,1
expansions,1
lore,1
value,1
uagaces,1
comfortable,1
portions,1
archaeologv,1
underlying,1
parie,1
hybrids,1
parrotlike,1
guardiria,1
beloit,1
deer,1
directional,1
bartlett,1
sporadic,1
amérique,1
llanoguay,1
concomitant,1
seemed,1
subregions,1
squirrel,1
content,1
pope,1
appeal,1
survived,1
degli,1
pleistocènica,1
morphology,1
critical,1
distinción,1
therefore,1
intento,1
ovate,1
catalysts,1
ranging,1
fly,1
físicas,1
onset,1
biomasses,1
pantheons,1
absence,1
easy,1
flagstones,1
dwelled,1
hyperbole,1
atypical,1
impacts,1
eluded,1
indiennes,1
giving,1
modally,1
materiales,1
seventh,1
short,1
abound,1
synthesis,1
comienzos,1
depth,1
adelantar,1
palaeoecology,1
tunialba,1
jotarodó,1
pharmacología,1
schemes,1
cloud,1
phylogenetics,1
notoriously,1
provinz,1
brief,1
villalba,1
fons,1
nearly,1
barrie,1
thrive,1
descubrimiento,1
jewelry,1
megafaunal,1
taxonomically,1
biblioteca,1
pile,1
reaffirm,1
evaluacón,1
embayment,1
tor,1
dwellings,1
says,1
befitted,1
make,1
ofchibchan,1
heye,1
highstatus,1
standing,1
skews,1
macrobotanical,1
mainstays,1
wind,1
settings,1
quartz,1
suppose,1
surveyed,1
ware,1
desarrollo,1
religious,1
phasing,1
direction,1
cooler,1
southeast,1
vicinity,1
phytolitharien,1
biological,1
ethnia,1
looking,1
mexicanos,1
ejecución,1
gomphotheres,1
artes,1
simultaneous,1
pivotal,1
julio,1
incursion,1
spinden,1
dickau,1
funerals,1
anudara,1
lids,1
od,1
exoteric,1
push,1
megaherbivores,1
intense,1
coverage,1
represents,1
alain,1
multiproxy,1
spurs,1
translocations,1
gravesite,1
tradewind,1
strange,1
hticas,1
soon,1
ring,1
sociocultural,1
receptacle,1
fifth,1
states,1
coto,1
us,1
termination,1
jopling,1
temperate,1
thesis,1
medios,1
smith,1
idaho,1
cherú,1
ocupaciones,1
swamp,1
included,1
homogeneous,1
extinction,1
adjusted,1
trumpet,1
tuffs,1
continents,1
drolet,1
rain,1
transformaciones,1
hearne,1
dropped,1
every,1
toolmaking,1
experimental,1
nacionales,1
colored,1
fieldwork,1
accelerated,1
robust,1
hooghiemstra,1
reply,1
already,1
insights,1
mixtee,1
interétnicas,1
aggravated,1
unravel,1
functions,1
embellished,1
heuristically,1
cuidando,1
felidae,1
enterprises,1
monopolized,1
holoceno,1
gainesville,1
declining,1
double,1
inference,1
fill,1
chose,1
volume,1
recycled,1
headwaters,1
preeminence,1
pastor,1
carol,1
legible,1
leader,1
fire,1
hiciese,1
name,1
recall,1
belie,1
surpass,1
westward,1
nutritional,1
doubtfully,1
heritage,1
participated,1
guay,1
milenio,1
technique,1
frederick,1
journey,1
scientifique,1
provenience,1
philadeldhia,1
affinities,1
others,1
spend,1
megafauna,1
maría,1
pointed,1
perishable,1
chance,1
internazionales,1
hearths,1
conditioner,1
towns,1
decorative,1
patrones,1
stratigraphy,1
rock,1
septentrionales,1
successively,1
paleobotanical,1
water,1
merindians,1
analytical,1
tianquiztli,1
lacked,1
shows,1
admit,1
regents,1
treatment,1
fundamental,1
foodstuffs,1
riverine,1
honduran,1
antes,1
componentes,1
segunda,1
predominant,1
rugged,1
phytogeography,1
mistreatment,1
taxonomy,1
indies,1
hoopes,1
disturbed,1
eruptions,1
remarked,1
children,1
pet,1
enable,1
percepción,1
dicho,1
civilivizaciones,1
ideology,1
antròpico,1
named,1
matagalpan,1
diverse,1
metales,1
betwixt,1
inlets,1
characteristics,1
pastoralism,1
palliative,1
everything,1
estimation,1
contemporary,1
elvira,1
humming,1
arqueozoológicos,1
functionally,1
imperfect,1
noticias,1
vertebrate,1
discussed,1
zoned,1
potencial,1
mammoth,1
worn,1
plastically,1
removal,1
reasons,1
chokó,1
stored,1
guayabo,1
forms,1
amphidromy,1
observant,1
took,1
belongings,1
interpretaciones,1
xl,1
pidiendo,1
promoted,1
keefer,1
physiological,1
psychic,1
accelerator,1
centre,1
recopilación,1
model,1
manner,1
innovative,1
gerardo,1
tumbaga,1
derivation,1
izapa,1
silicarich,1
equate,1
oregon,1
realms,1
existing,1
límites,1
bead,1
accepted,1
armed,1
non,1
salzano,1
geographer,1
göteborg,1
shown,1
surfacecollected,1
coincident,1
kungl,1
endemism,1
usulután,1
necessary,1
exotic,1
lacks,1
salgado,1
decorations,1
fuera,1
patently,1
multiethnic,1
fewer,1
formulae,1
paleoceanographic,1
alianzas,1
aprons,1
elementos,1
zoncho,1
admittedly,1
going,1
gently,1
compete,1
montículo,1
sculpted,1
identifiable,1
valleys,1
potrero,1
megamammals,1
ríos,1
notion,1
vetensakps,1
interpreting,1
vegetational,1
slow,1
original,1
mie,1
grouping,1
trait,1
solidaridad,1
jobo,1
private,1
golfo,1
greatest,1
implicaciones,1
synchrony,1
industrias,1
elevations,1
dissimilar,1
ambientales,1
averaged,1
father,1
intimate,1
underestimation,1
producción,1
lost,1
background,1
newyork,1
surfaces,1
virgin,1
slaves,1
writings,1
systematics,1
guardians,1
palaeoenvironmental,1
campsite,1
therapéutica,1
tempisque,1
pittsburgh,1
streams,1
asentamiento,1
medium,1
warming,1
wettest,1
sinancrá,1
reburial,1
harderto,1
entirely,1
asian,1
stealing,1
confide,1
interfaces,1
estatal,1
residues,1
refers,1
prospective,1
factor,1
encounters,1
icaz,1
manifestation,1
franca,1
vocabulary,1
band,1
questions,1
bitter,1
credited,1
grater,1
seminoie,1
welding,1
engaged,1
integración,1
individuals,1
grupo,1
scrubby,1
ceremonies,1
previous,1
sucesos,1
tuyra,1
outpost,1
california,1
interandino,1
theoretical,1
stratification,1
lado,1
clearing,1
platform,1
vecinos,1
altezas,1
displacing,1
legs,1
darden,1
subsistencia,1
grassy,1
mayan,1
equates,1
lacustrine,1
snps,1
activas,1
stress,1
nut,1
damage,1
taxonomic,1
dominated,1
ocurrido,1
decorated,1
essay,1
supportive,1
maintenance,1
blankets,1
faces,1
amounts,1
prevents,1
guacamayo,1
beholder,1
urchins,1
vt,1
citv,1
nombre,1
etnohistórica,1
cumplimiento,1
variant,1
otro,1
collaboration,1
tradición,1
plots,1
windy,1
distinction,1
cricamola,1
linking,1
alism,1
inquiring,1
cupule,1
chalcedonies,1
borde,1
especiales,1
hacienda,1
households,1
serum,1
interacted,1
detects,1
tangible,1
intensively,1
fancy,1
standard,1
rango,1
intrinsic,1
énfasis,1
adequately,1
centraméricaines,1
construct,1
reuse,1
allochthonous,1
men,1
partes,1
favored,1
migrants,1
witness,1
lerén,1
annually,1
random,1
manatee,1
editora,1
commentators,1
eslabón,1
eyes,1
stationary,1
reina,1
reassessments,1
ribs,1
constructing,1
corporación,1
eloquent,1
precolombian,1
bordered,1
relation,1
archaeozoology,1
ann,1
displayed,1
effect,1
organizers,1
seattle,1
hierarchical,1
raised,1
seeking,1
vacío,1
slightly,1
dominance,1
ate,1
southwest,1
earl,1
potato,1
oscillations,1
assesses,1
ecología,1
grain,1
sine,1
heirloomed,1
grating,1
accord,1
tuber,1
espinosa,1
méridional,1
coates,1
professional,1
fanciful,1
angiosperms,1
tenuous,1
escoria,1
modifications,1
batista,1
minimally,1
defaced,1
araúz,1
corridor,1
opulence,1
homeotic,1
attended,1
johnson,1
oberg,1
boasian,1
clearest,1
said,1
pohl,1
dogs,1
farm,1
european,1
waxing,1
seasons,1
indication,1
dawn,1
aspirations,1
yr,1
parsimoniously,1
relying,1
extracted,1
christian,1
vidor,1
respect,1
fueled,1
phenotype,1
esteemed,1
cenote,1
hachero,1
smallerglumed,1
dual,1
barriles,1
perry,1
poblamiento,1
transformations,1
note,1
tentative,1
richest,1
gruhn,1
independiente,1
coterminous,1
she,1
voyages,1
continued,1
tomo,1
bars,1
remotest,1
bulk,1
noroccidente,1
domains,1
investigación,1
wellresearched,1
thumbnail,1
continuing,1
paleoecológica,1
bifacially,1
practitioners,1
maps,1
grass,1
claimed,1
foster,1
reflejo,1
palenque,1
pieces,1
shining,1
unanswerable,1
reasonable,1
centuries,1
femte,1
ucr,1
trabajos,1
archetypical,1
diacrònico,1
logan,1
vegetación,1
order,1
rigidly,1
realizados,1
sauer,1
sway,1
cuencas,1
disagreements,1
becomes,1
referred,1
success,1
étnicas,1
explotación,1
edición,1
aa,1
itself,1
evolutiuon,1
send,1
returned,1
nuevo,1
hereditary,1
effectively,1
determination,1
proposition,1
overlap,1
clays,1
mother,1
tonosi,1
ngawbé,1
inventor,1
unclear,1
maceheads,1
xihth,1
paleobiomes,1
fusing,1
archeologie,1
gallery,1
coctu,1
masca,1
serpentine,1
adaptativos,1
construction,1
goldworking,1
blood,1
mounds,1
whole,1
existed,1
fall,1
united,1
mortality,1
litica,1
phases,1
frontier,1
swung,1
comercio,1
sucio,1
table,1
wives,1
composed,1
alimentos,1
measured,1
moister,1
fields,1
assigns,1
instances,1
aboriginal,1
problematical,1
obstacle,1
demotic,1
uso,1
memory,1
reconstrucción,1
heather,1
sound,1
pressures,1
bad,1
fought,1
council,1
moschata,1
comparativa,1
stable,1
middens,1
vuelta,1
somewhere,1
addressed,1
publications,1
fertility,1
differentiated,1
anthropomorphic,1
hablantes,1
contemplated,1
quilter,1
variable,1
colombiana,1
lakeshore,1
cakes,1
any,1
asegurar,1
propinquity,1
cultivars,1
bean,1
chonta,1
pleistoceno,1
concepto,1
yucatán,1
gravels,1
overriding,1
comes,1
sloping,1
foraged,1
latinoamericana,1
presentarla,1
hammocks,1
mentioned,1
hiatus,1
vasco,1
león,1
creations,1
elanders,1
incorporated,1
desiccated,1
acetylation,1
descend,1
intercambios,1
contribution,1
orlando,1
geographic,1
ever,1
detect,1
reinforced,1
cate,1
advertises,1
symbolic,1
área,1
geologic,1
suso,1
faunísticos,1
subsidized,1
externas,1
ambito,1
fluctuating,1
rival,1
calderón,1
molluskan,1
carl,1
axe,1
funding,1
meat,1
microsatellite,1
origo,1
dialectos,1
organizational,1
offers,1
alternative,1
goldsmith,1
set,1
auj,1
news,1
methodologically,1
floristically,1
patria,1
afinidades,1
chocoans,1
época,1
misceláneas,1
rocosos,1
postglacial,1
extant,1
evaluación,1
potlatching,1
finance,1
intensive,1
interciencia,1
facing,1
correspond,1
scientist,1
formalization,1
prototypes,1
tomb,1
reversal,1
share,1
novel,1
depression,1
coopération,1
fonología,1
impresora,1
setting,1
quimbaya,1
accustomed,1
innovations,1
seem,1
board,1
nets,1
attire,1
best,1
deforestation,1
specially,1
bowers,1
tandem,1
variegated,1
gauge,1
expertly,1
half,1
basins,1
funcional,1
surprisingly,1
intromission,1
ichthyological,1
cooling,1
primeras,1
followers,1
posthole,1
iii,1
vibrant,1
mcgraw,1
aquellas,1
linked,1
bellicose,1
polynesian,1
infer,1
revealed,1
plazas,1
veragua,1
written,1
biológicos,1
indisputably,1
waged,1
factors,1
iguana,1
buffered,1
wood,1
invite,1
multicomponente,1
visión,1
phytophysiological,1
sierra,1
passage,1
genéticos,1
works,1
kernels,1
cleared,1
raccoons,1
purported,1
elevated,1
weapons,1
crocodilians,1
diversified,1
according,1
sectors,1
unlikely,1
avoidance,1
explanations,1
coralfringed,1
catastrophic,1
heads,1
economy,1
notable,1
gnecco,1
etnology,1
civilizations,1
month,1
mixing,1
motagua,1
multito,1
migratory,1
multidisciplinary,1
pipemo,1
prólogo,1
zooand,1
dialectal,1
niño,1
jadelike,1
era,1
males,1
coerced,1
symbolically,1
baja,1
diaz,1
conclusion,1
pains,1
fissioned,1
mere,1
digger,1
blazoned,1
exemplified,1
axis,1
cumpliese,1
shortages,1
mtdnas,1
penetration,1
precolombart,1
surveying,1
grouv,1
admiral,1
xeric,1
densities,1
ecozones,1
prepare,1
while,1
jadeites,1
foundations,1
thames,1
periphery,1
incised,1
ausencia,1
ideographically,1
prismatic,1
divide,1
serie,1
grades,1
migrations,1
casera,1
cucurbitacea,1
necropolises,1
orientations,1
archaeofauna,1
copious,1
springer,1
burners,1
missed,1
auxilios,1
congresso,1
ideal,1
tiny,1
kingly,1
tempting,1
replacement,1
contain,1
qua,1
imprecisely,1
profile,1
spaces,1
noticeably,1
venado,1
chartres,1
vegeculture,1
najera,1
chibchoide,1
presented,1
gatherings,1
caracterización,1
panteon,1
entrance,1
altered,1
bray,1
caamaño,1
transcordilleran,1
prerequisite,1
contemporaneity,1
curré,1
multistage,1
elucidate,1
confirm,1
panameña,1
columbus,1
disponibles,1
african,1
wrought,1
waning,1
predecessors,1
cholo,1
instrucción,1
everywhere,1
went,1
calculated,1
adapted,1
atti,1
coontie,1
hybridization,1
geográfico,1
domesticates,1
bustamante,1
entry,1
redirecting,1
obtain,1
reconstruct,1
matagalpas,1
startled,1
informes,1
ranks,1
unitary,1
colonial,1
families,1
battle,1
phytogeographic,1
indians,1
disrupted,1
maintained,1
isolated,1
colloquium,1
acapulco,1
diverged,1
westwards,1
gain,1
detailed,1
characterize,1
otros,1
waves,1
volcánicas,1
recovered,1
reintroduced,1
autónoma,1
dorn,1
precision,1
evangelization,1
ceramica,1
come,1
felled,1
additional,1
presta,1
coetaneidad,1
rood,1
délégation,1
consilience,1
circles,1
péninsule,1
nuclear,1
ultimately,1
models,1
proved,1
practices,1
conducive,1
mayo,1
sistemas,1
commercial,1
lists,1
mays,1
argues,1
ocupation,1
marry,1
frontiers,1
average,1
autochthonous,1
intensified,1
onerous,1
genetically,1
apogee,1
envisaged,1
october,1
sud,1
baking,1
exerted,1
morphological,1
eared,1
iconic,1
accept,1
honduras,1
atrato,1
tulane,1
dangerous,1
mercaderes,1
parallels,1
documentation,1
detriment,1
ended,1
vulcanológicos,1
fecundity,1
prolonged,1
proceso,1
instead,1
curing,1
typically,1
arcfiaezoologia,1
consolidated,1
isolating,1
conservación,1
remota,1
usa,1
socially,1
cobble,1
forefront,1
opinions,1
product,1
cautionary,1
panamerican,1
underlines,1
radioarbon,1
sapoá,1
ciudad,1
integration,1
obvious,1
attributes,1
morelos,1
defined,1
off,1
assumed,1
funerarios,1
captain,1
mullu,1
stross,1
walking,1
francisco,1
filtered,1
operación,1
traveling,1
ethnopharmacology,1
needs,1
vi,1
balsería,1
offered,1
supported,1
vessel,1
stools,1
removed,1
cell,1
artesanías,1
cached,1
distinctions,1
ser,1
regularity,1
brunca,1
mason,1
orfebrería,1
bottoms,1
ascendancy,1
cristo,1
charged,1
hills,1
nucleation,1
correlate,1
precerámico,1
núñez,1
reached,1
digging,1
conceptual,1
irrelevant,1
teck,1
rocky,1
partial,1
kicnarason,1
norman,1
pantropical,1
pratt,1
tubers,1
sandweiss,1
divergent,1
república,1
whichever,1
images,1
immediately,1
eclectic,1
strong,1
mature,1
lingüistica,1
sedimentary,1
calories,1
unbeknown,1
premature,1
carta,1
building,1
voorhies,1
indicating,1
paleobotany,1
sixth,1
primera,1
race,1
geologia,1
overexploitation,1
tne,1
albuqerque,1
hecho,1
cited,1
major,1
death,1
deeper,1
increase,1
ichon,1
fundidos,1
etnología,1
