WORDCOUNTS,WEIGHT
the,1162
of,897
and,764
in,439
copan,272
a,240
to,235
at,176
that,162
maya,144
is,144
as,141
by,110
was,105
from,105
on,98
were,96
have,94
with,93
for,85
de,82
pp,79
or,77
this,73
ad,72
are,72
group,71
honduras,71
classic,71
been,66
it,65
about,65
archaeology,64
main,63
but,61
an,56
university,55
some,54
their,53
population,51
w,50
royal,50
such,48
d,48
not,48
its,47
en,46
valley,45
el,44
more,44
other,42
has,41
e,40
there,40
no,39
ruler,39
be,39
late,38
we,38
history,37
all,37
j,37
new,37
most,36
many,36
la,36
early,36
ancient,35
also,35
elite,35
research,35
dates,34
m,34
webster,34
political,33
r,33
settlement,33
these,33
archaeological,33
people,32
et,32
collapse,31
his,31
p,31
sites,31
obsidian,31
had,30
cultural,30
urban,30
between,30
than,29
g,28
century,28
del,28
i,27
probably,27
c,27
one,26
long,26
state,26
after,26
y,26
central,25
which,25
few,25
center,24
large,24
american,24
might,24
great,24
buildings,24
core,24
structures,24
so,24
much,24
hydration,23
only,23
s,23
structure,23
inscriptions,23
although,23
they,22
phase,22
even,22
he,22
monuments,22
t,21
very,21
residential,21
polity,21
estado,21
regional,21
our,21
secretaría,20
time,20
associated,20
despacho,20
major,20
now,19
centers,19
well,19
f,19
yax,19
department,19
ceramic,19
coner,19
later,18
excavations,18
dynastic,18
several,18
two,18
region,18
phd,18
evidence,18
groups,17
dynasty,17
project,17
least,17
mesoamerica,16
quiriguá,16
excavated,16
excavaciones,16
harvard,16
period,16
construction,16
over,16
preclassic,15
studies,15
lowlands,15
first,15
east,15
vol,15
b,15
plaza,15
could,15
dumbarton,15
because,15
small,15
pennsylvania,15
rulers,15
especially,15
kings,15
reign,15
if,14
modern,14
court,14
household,14
l,14
parts,14
house,14
acropolis,14
introducción,14
sculpture,14
lowland,14
social,14
do,14
architectural,14
antiquity,14
rural,14
arqueología,14
recent,14
into,13
seems,13
found,13
site,13
earlier,13
out,13
during,13
field,13
around,13
architecture,13
institution,13
known,13
according,13
residences,12
last,12
since,12
southeast,12
journal,12
possibly,12
k,12
important,12
buried,12
pocket,12
projects,12
polities,12
impressive,12
temple,12
know,12
them,12
among,12
smoke,11
park,11
carnegie,11
those,11
ball,11
relationships,11
jr,11
fash,11
how,11
ceramics,11
study,11
n,11
used,11
demographic,11
instituto,11
larger,11
where,11
río,11
began,11
las,11
both,11
building,11
southeastern,11
test,10
mosaics,10
elsewhere,10
near,10
tikal,10
work,10
place,10
implications,10
located,10
above,10
continued,10
assemblages,10
stairway,10
hieroglyphic,10
dating,10
would,10
present,10
occupied,10
analysis,10
any,10
extensive,10
through,10
ranks,10
years,10
texas,10
built,10
before,9
tradition,9
copador,9
sepulturas,9
possible,9
activity,9
thus,9
apparently,9
ma,9
hondureno,9
may,9
organization,9
latin,9
show,9
zone,9
part,9
chronological,9
southern,9
museum,9
already,9
end,9
patterns,9
series,9
different,9
seem,9
did,9
far,9
destroyed,9
beginning,9
what,9
agricultural,9
antropología,9
until,9
remains,9
km,9
final,8
stuart,8
western,8
certainly,8
military,8
king,8
outlying,8
reconstruction,8
mesoamerican,8
conflict,8
effective,8
schele,8
influence,8
landscape,8
altar,8
distant,8
dc,8
prehistoric,8
recently,8
los,8
heavily,8
acbi,8
away,8
alluvial,8
up,8
pasah,8
populations,8
economic,8
short,8
still,8
under,8
chronology,8
floor,8
largest,8
increasingly,8
forms,8
adjacent,8
samples,8
willey,8
stelae,8
three,8
david,8
general,8
carried,8
note,8
façade,8
área,8
control,8
elites,8
form,8
middle,8
urbana,8
carved,7
archaeologists,7
upland,7
principal,7
report,7
side,7
soils,7
along,7
back,7
war,7
mexico,7
direct,7
burials,7
just,7
powerful,7
strong,7
information,7
schortman,7
revealed,7
bc,7
data,7
whole,7
reflect,7
things,7
thought,7
same,7
useful,7
understanding,7
postclassic,7
sequence,7
evolution,7
high,7
outside,7
mainly,7
ejar,7
particularly,7
distinctive,7
nearby,7
distribution,7
suggests,7
art,7
sharer,7
despite,7
peabody,7
estimated,6
imported,6
kinds,6
contexts,6
themes,6
production,6
originally,6
comparatively,6
reasons,6
west,6
beneath,6
human,6
pockets,6
naco,6
old,6
fig,6
lineage,6
civilization,6
river,6
called,6
diet,6
founder,6
nobles,6
burial,6
pitting,6
scale,6
wealth,6
artifacts,6
rituals,6
smithsonian,6
decline,6
generally,6
world,6
detected,6
stratigraphy,6
culture,6
simulation,6
name,6
efforts,6
honduran,6
shown,6
less,6
extended,6
made,6
inscription,6
including,6
epigraphic,6
radiocarbon,6
low,6
dominated,6
amounts,6
exchange,6
elaborate,6
can,6
destruction,6
independent,6
who,6
often,6
frontier,6
itself,6
viel,6
each,6
unknown,6
william,6
include,6
land,6
extremely,6
assumed,6
little,6
should,6
valle,5
represent,5
patio,5
stone,5
h,5
being,5
rich,5
date,5
signs,5
eastern,5
bones,5
agriculture,5
obvious,5
kind,5
elements,5
items,5
whose,5
growth,5
process,5
contributions,5
produced,5
popol,5
dated,5
clearly,5
upper,5
conspicuous,5
occupation,5
focused,5
intense,5
lords,5
believes,5
own,5
either,5
related,5
ago,5
below,5
quite,5
involved,5
south,5
identified,5
interactions,5
competition,5
tèotihuacan,5
guatemala,5
epigraphers,5
death,5
residence,5
external,5
see,5
remained,5
strongly,5
use,5
individuals,5
clear,5
features,5
internal,5
methods,5
enemies,5
pottery,5
today,5
effectively,5
case,5
set,5
then,5
table,5
periphery,5
prestige,5
local,5
city,5
role,5
themselves,5
gordon,5
texts,5
courts,4
common,4
environmental,4
uplands,4
succession,4
complex,4
maize,4
likely,4
excavation,4
centuiy,4
territorial,4
sources,4
setting,4
concentrated,4
nature,4
available,4
sometime,4
survey,4
emblem,4
cerro,4
raised,4
climate,4
surveys,4
within,4
issue,4
sophisticated,4
recorded,4
except,4
genetic,4
exposed,4
labor,4
includes,4
development,4
against,4
santa,4
extensively,4
times,4
concerning,4
ha,4
york,4
town,4
developed,4
conjunto,4
eight,4
amarillo,4
changes,4
foothills,4
appear,4
mapping,4
baudez,4
vigorous,4
public,4
freidel,4
tributary,4
polychrome,4
year,4
dynasties,4
q,4
issues,4
actually,4
personal,4
showing,4
good,4
politically,4
soil,4
wider,4
eighth,4
ancestors,4
dedicated,4
results,4
provided,4
hohmann,4
poor,4
intensively,4
rené,4
insights,4
jaguar,4
fact,4
shows,4
scholars,4
doubt,4
variation,4
v,4
mitochondrial,4
deep,4
perhaps,4
tunneling,4
another,4
forest,4
formal,4
imagery,4
deforestation,4
significance,4
mayan,4
abundant,4
latter,4
hierarchical,4
northern,4
suggest,4
cassie,4
washed,4
five,4
foreign,4
dimensions,4
pac,4
successor,4
responsible,4
types,4
when,4
guatemalan,4
vaulted,4
bench,4
sections,4
abandonment,4
necessary,4
mentioned,4
highly,4
acrópolis,4
half,4
current,4
domestic,4
type,4
motagua,4
whether,4
particular,4
almost,4
national,4
area,4
typology,4
restored,4
yaxkin,4
debate,4
views,4
abandoned,4
images,4
north,4
zones,4
close,4
given,3
does,3
entrada,3
currently,3
locale,3
affected,3
extreme,3
expedition,3
northeast,3
notably,3
expect,3
village,3
sets,3
mexican,3
easily,3
flows,3
reasonably,3
something,3
lower,3
consistent,3
else,3
ii,3
processes,3
rapid,3
advantage,3
suggesting,3
together,3
highland,3
differences,3
farmers,3
exotic,3
hundred,3
kingdom,3
bacabs,3
investigations,3
somewhat,3
papers,3
system,3
nowhere,3
slopes,3
u,3
demography,3
burning,3
functions,3
evolución,3
o,3
whatever,3
variations,3
establishment,3
exchanges,3
himself,3
warfare,3
factional,3
canteada,3
throughout,3
publication,3
review,3
blades,3
mm,3
consumed,3
ability,3
sample,3
rank,3
places,3
refer,3
cambridge,3
compared,3
arranged,3
estimate,3
communication,3
poorly,3
phases,3
rather,3
influenced,3
remain,3
similar,3
derived,3
special,3
productive,3
consequences,3
monumental,3
precolumbian,3
overall,3
reconstructions,3
numbers,3
restricted,3
reviewed,3
retrospective,3
surface,3
undertaken,3
opinion,3
view,3
irrigation,3
result,3
closely,3
came,3
based,3
concentration,3
location,3
commoner,3
begun,3
erosion,3
effort,3
lived,3
iconographie,3
austin,3
events,3
str,3
shall,3
appears,3
cannot,3
applied,3
sacrifice,3
aspects,3
throne,3
directly,3
none,3
participation,3
inferred,3
teotihuacan,3
knowledge,3
symbolism,3
loss,3
hirth,3
northwest,3
partly,3
participated,3
calakmul,3
sculptural,3
surrounding,3
systematic,3
memoirs,3
longyear,3
published,3
tegucigalpa,3
order,3
ixtepeque,3
specifically,3
workshops,3
erected,3
presence,3
potent,3
visible,3
reigns,3
periods,3
will,3
second,3
approximate,3
minor,3
once,3
yet,3
violence,3
complete,3
experimental,3
skeletons,3
lack,3
members,3
power,3
others,3
pattern,3
discussed,3
took,3
mayanists,3
accepted,3
material,3
original,3
analyzed,3
greatest,3
farther,3
sides,3
largely,3
persisted,3
achiotes,3
causes,3
submitted,3
salvador,3
open,3
stages,3
causeway,3
mathews,3
mesas,3
enjoyed,3
figures,3
maximal,3
factors,3
relationship,3
inhabitants,3
figure,3
ecological,3
usually,3
program,3
palenque,3
widespread,3
institutions,3
seen,3
detailed,3
mother,3
centuries,3
perspective,3
burned,3
fertility,3
environment,3
border,3
protracted,3
following,3
grand,3
summit,3
constructed,3
palace,3
diets,3
masonry,3
región,3
my,3
believe,3
constructions,3
linked,3
cultivation,3
essentially,3
enlarged,3
mass,3
living,3
altars,3
penn,3
volcanic,3
ones,3
map,3
extent,3
size,3
spaces,3
vessels,3
level,3
must,3
marked,3
kin,3
simulations,3
became,3
subject,3
reconstruct,3
deities,3
isolated,3
think,3
sesesmil,3
initiated,3
washington,3
approximately,3
dense,3
involving,3
increased,3
roughly,3
respective,3
thousand,3
specific,3
supported,3
reached,3
traditional,3
comparable,3
famous,3
enclave,3
cited,3
mortuary,2
founding,2
done,2
personally,2
edge,2
rudy,2
way,2
isotopes,2
created,2
career,2
mat,2
personnel,2
episodes,2
alone,2
extends,2
caches,2
per,2
needed,2
designed,2
formed,2
live,2
asserted,2
postdate,2
abrams,2
anthropology,2
position,2
virtually,2
presents,2
occurred,2
total,2
ambitious,2
diversity,2
limestone,2
wley,2
lateral,2
disagreement,2
interests,2
derives,2
indicated,2
palynological,2
rare,2
worked,2
confirmed,2
affinities,2
attractive,2
crops,2
assess,2
assertion,2
display,2
studied,2
government,2
reveal,2
room,2
tx,2
devised,2
nm,2
influences,2
checked,2
behind,2
context,2
sq,2
occasional,2
depending,2
described,2
existence,2
geochemical,2
key,2
conquests,2
cu,2
bijac,2
demands,2
prior,2
cooperation,2
paucity,2
explorations,2
fine,2
apart,2
uncertain,2
bottom,2
undoubtedly,2
ritual,2
agricultura,2
localized,2
controlled,2
centralized,2
accessible,2
surely,2
immediate,2
bosque,2
interior,2
sediment,2
integral,2
characteristic,2
concentrations,2
relations,2
overt,2
spans,2
braswell,2
sanders,2
drainage,2
nor,2
speculative,2
better,2
document,2
serving,2
difficulty,2
young,2
assertive,2
left,2
austria,2
application,2
purposefully,2
critique,2
caverns,2
dwindling,2
traditions,2
though,2
claude,2
costa,2
unlikely,2
caves,2
ruins,2
authority,2
fort,2
simplified,2
reflects,2
economy,2
patron,2
centered,2
sort,2
square,2
resident,2
levels,2
remote,2
shortly,2
deliberately,2
ongoing,2
rosalila,2
summarized,2
von,2
shell,2
support,2
subroyal,2
understand,2
developments,2
vastly,2
cause,2
occupational,2
nitrogen,2
established,2
imposing,2
specialization,2
intensive,2
inomata,2
impact,2
record,2
weak,2
age,2
four,2
commonly,2
recovered,2
resource,2
gerstle,2
origins,2
chronometrie,2
permanent,2
dominant,2
believed,2
suggested,2
iconography,2
expressed,2
problem,2
declined,2
method,2
accommodated,2
moon,2
basin,2
demise,2
traditionally,2
access,2
changed,2
shared,2
interpretations,2
struggles,2
collectively,2
widmer,2
density,2
difficult,2
equally,2
understood,2
prismatic,2
arqueológico,2
rabbit,2
wrong,2
cover,2
dna,2
pollen,2
wide,2
impression,2
briefly,2
pedro,2
basis,2
future,2
line,2
mapped,2
lamanai,2
occupants,2
london,2
purpose,2
example,2
tombs,2
tomos,2
literature,2
overview,2
seated,2
floors,2
artifact,2
interpreted,2
status,2
nj,2
approach,2
researchers,2
garb,2
ringle,2
change,2
creating,2
presented,2
inference,2
stage,2
tested,2
bone,2
stimulated,2
intervals,2
chan,2
cacao,2
peak,2
ancestral,2
methodological,2
sculptors,2
ceren,2
notes,2
preliminary,2
barbara,2
cite,2
benches,2
ruinas,2
confined,2
san,2
ceremonial,2
vanderbilt,2
energetics,2
distorted,2
gradual,2
techniques,2
nakbe,2
tropical,2
indicates,2
sponsored,2
unprecedented,2
schüler,2
direction,2
single,2
timemotion,2
marginal,2
predecessor,2
god,2
us,2
included,2
ams,2
perspectives,2
quarries,2
ethnographic,2
accelerated,2
al,2
unusually,2
noted,2
cerámica,2
functioned,2
picture,2
chose,2
provide,2
funerary,2
houston,2
again,2
morley,2
put,2
addition,2
paine,2
longer,2
turner,2
preserve,2
areas,2
compound,2
agree,2
appeared,2
children,2
habitat,2
identity,2
john,2
rica,2
accession,2
serious,2
petapilla,2
anthropologist,2
conclusions,2
enough,2
antropologia,2
kit,2
yucatecan,2
model,2
developing,2
unclear,2
council,2
woman,2
distance,2
assemblage,2
number,2
valleys,2
degree,2
thousands,2
subsistence,2
examples,2
upon,2
range,2
refining,2
previously,2
contacts,2
streams,2
controlling,2
significant,2
emphasize,2
refers,2
actual,2
maturation,2
laboratory,2
previous,2
complicated,2
ties,2
trade,2
meanings,2
importance,2
stress,2
monkey,2
estructura,2
decorated,2
faces,2
like,2
function,2
reconstructed,2
played,2
course,2
mountain,2
configurations,2
households,2
losing,2
preservation,2
black,2
standard,2
mesoamenca,2
coercive,2
systems,2
duration,2
southwest,2
impressed,2
nashville,2
widely,2
complicates,2
separate,2
pohl,2
oxford,2
consists,2
seasons,2
dawn,2
speculate,2
tests,2
abundance,2
undoubted,2
testing,2
reasonable,2
lines,2
independence,2
referred,2
health,2
transformed,2
force,2
plumbate,2
quiligua,2
rapidly,2
indicate,2
why,2
fall,2
lineages,2
supporting,2
fields,2
unusual,2
earliest,2
stable,2
considered,2
stephen,2
school,2
anthropological,2
heavy,2
eventually,2
monument,2
complexity,2
version,2
patios,2
founded,2
simply,2
geographic,2
concordance,2
characteristics,2
symbolic,2
theme,2
sky,2
here,2
excess,2
dimension,2
rainfall,2
metaphorically,2
cultures,2
interested,2
sampling,2
capital,2
best,2
appendix,2
foundation,2
rivalry,2
obviously,2
enemy,2
precoiumbian,2
houses,2
reflected,2
historical,2
past,2
suddenly,2
evident,2
turned,2
latest,2
delineated,2
rayo,2
chicago,2
investigation,2
terms,2
references,2
degradation,2
supports,2
character,2
firmly,2
exposures,2
densities,2
her,2
explored,2
yield,2
balance,2
huge,2
too,2
agreed,2
hundreds,2
adorned,2
travel,2
radically,2
epiclassic,2
portraits,2
variability,2
die,2
ecology,2
went,2
investigated,2
families,2
using,2
disrupted,2
terminal,2
courtyards,2
question,2
tlaloc,2
layers,2
average,2
ancillary,2
illinois,2
materials,2
contributed,2
instead,2
consumption,2
need,2
manufacture,2
photograph,2
tobacco,2
sculptured,2
potential,2
carbon,2
text,2
recognized,2
glyph,2
interaction,2
focus,2
immediately,2
broader,2
ca,2
occur,2
arizona,2
hypothesis,2
tourists,1
scepter,1
basing,1
explosion,1
waysmost,1
revisionist,1
isotopie,1
archaeomagnetic,1
líticos,1
prefer,1
destroying,1
epicenter,1
concerned,1
garcía,1
serpent,1
generated,1
commemorated,1
strategy,1
generous,1
tropics,1
fase,1
investigaciones,1
mimeo,1
go,1
chabij,1
extend,1
jane,1
arrive,1
cut,1
seríes,1
sculpting,1
resided,1
ultimate,1
mundane,1
introduction,1
collapsenot,1
distributed,1
debris,1
former,1
passing,1
ostuman,1
summarizing,1
envisioned,1
juego,1
identify,1
tend,1
colonization,1
situationally,1
mapa,1
word,1
referring,1
informative,1
carpenter,1
personage,1
usefully,1
constitutes,1
summaries,1
ways,1
populationespecially,1
strictly,1
peaks,1
item,1
investigating,1
desarollo,1
loomed,1
coalition,1
sudden,1
parent,1
paradigms,1
ly,1
intermittent,1
ballcourt,1
pusilha,1
supervised,1
giants,1
diffuse,1
continuity,1
trace,1
intermontane,1
relative,1
cycles,1
wares,1
necessarily,1
pasture,1
variants,1
cit,1
cornell,1
outsider,1
detailing,1
finely,1
siblings,1
induced,1
politicalpowerful,1
descriptions,1
princeton,1
chief,1
asociated,1
turning,1
cutting,1
fluctuations,1
horizontal,1
shells,1
anything,1
inhibited,1
widens,1
conjunctive,1
pasan,1
modest,1
every,1
li,1
topographic,1
preceding,1
fortified,1
comprehensively,1
lu,1
exaggerated,1
affiliated,1
give,1
ttie,1
taken,1
restoration,1
vols,1
diego,1
rita,1
season,1
astronomical,1
lowered,1
script,1
artificially,1
beautiful,1
fragmentary,1
advanced,1
diseases,1
extrapolating,1
prestigious,1
experiments,1
reestablish,1
joins,1
definition,1
sculpted,1
preeminence,1
immense,1
valleywide,1
route,1
exceptionally,1
accompanied,1
featuring,1
maudslay,1
indeed,1
analyses,1
assembled,1
rule,1
geopolitical,1
incident,1
recruit,1
kingship,1
personages,1
closer,1
entered,1
exalted,1
procedure,1
uncovered,1
connection,1
monograph,1
take,1
hands,1
yucatan,1
haivard,1
vegetation,1
eash,1
stand,1
marine,1
regression,1
robert,1
classified,1
scenario,1
paleodemographic,1
alike,1
discipline,1
ash,1
gratified,1
contents,1
reduced,1
kingdoms,1
students,1
partners,1
reclaim,1
crystal,1
dissemination,1
valleylos,1
alfred,1
badly,1
botanical,1
symbolizing,1
protoclassic,1
incompatable,1
crosscurrents,1
waterlily,1
weathered,1
constraint,1
active,1
primary,1
me,1
proxies,1
cated,1
contemporary,1
exception,1
negras,1
deal,1
colombia,1
account,1
indirectly,1
quantities,1
holocene,1
opened,1
militaristic,1
magnificent,1
fitting,1
methodologies,1
determined,1
logical,1
politics,1
fl,1
prehispanic,1
conerlike,1
epigraphy,1
operaciones,1
bibliography,1
driest,1
magazine,1
maximally,1
esculpida,1
lentz,1
headed,1
say,1
adoption,1
x,1
resources,1
crypts,1
dynamic,1
horticulturists,1
mountains,1
deducing,1
substructure,1
eroded,1
biodiversity,1
deserted,1
behavior,1
signal,1
framework,1
gravity,1
estudio,1
macaw,1
differential,1
affiliation,1
fréter,1
cemeteries,1
ttade,1
harcourt,1
colluvial,1
southwestern,1
influx,1
palaces,1
weakened,1
invaders,1
severe,1
mah,1
quality,1
inevitable,1
revisited,1
visited,1
analyzing,1
grupo,1
hierarchy,1
unpublished,1
silent,1
patched,1
millennium,1
sierra,1
intact,1
logic,1
wellwhich,1
brother,1
chacs,1
attested,1
occurs,1
grouped,1
systemparticularly,1
adduced,1
regarded,1
significanceparticularly,1
privilege,1
unwilling,1
snake,1
affairs,1
guided,1
weaknesses,1
turn,1
occasioned,1
ware,1
interim,1
displays,1
systematically,1
anthropogenically,1
tempranas,1
convincing,1
agrícola,1
pothesis,1
response,1
columbia,1
completing,1
six,1
served,1
allowing,1
spotty,1
brace,1
continuous,1
twice,1
witnessed,1
publications,1
admixtures,1
replicative,1
fowler,1
coincidentally,1
stratigraphie,1
tempranos,1
accelerator,1
cauac,1
factions,1
flg,1
look,1
affiliationwhich,1
practically,1
patrons,1
details,1
wet,1
deeply,1
staircase,1
nonarchaeologists,1
adult,1
xukpi,1
pronounced,1
handful,1
acknowledge,1
unskilled,1
quiet,1
impressions,1
evenly,1
aftermath,1
adversary,1
intercepts,1
arqueológicas,1
resulted,1
celebrating,1
let,1
kept,1
van,1
higher,1
necessaiy,1
rhyolitic,1
collagen,1
drained,1
affiliations,1
lintel,1
hierogfyphics,1
opposed,1
inception,1
chamelecón,1
depiction,1
philadelphia,1
advancement,1
manipulated,1
société,1
air,1
costs,1
identification,1
predicted,1
act,1
centerpiece,1
palacelike,1
bring,1
drainages,1
principally,1
rio,1
superficial,1
across,1
generations,1
behaviorally,1
astronomy,1
incipient,1
basic,1
yucatán,1
longest,1
centralization,1
coastal,1
tb,1
knew,1
trips,1
ce,1
signaled,1
suffer,1
tbmbs,1
formally,1
titled,1
undercut,1
associate,1
architekture,1
supplement,1
earthquake,1
wellpreserved,1
sponsor,1
estimates,1
certain,1
viewed,1
sacrificed,1
statussanta,1
ix,1
cave,1
í,1
inn,1
illustrations,1
managerial,1
lth,1
scattered,1
space,1
front,1
outnumber,1
supposed,1
making,1
means,1
reason,1
bedrock,1
perceptions,1
acquisition,1
temprano,1
worshipped,1
plus,1
wanted,1
cherts,1
dispacho,1
florescences,1
image,1
organized,1
emergence,1
presumably,1
specify,1
proved,1
section,1
down,1
ì,1
weather,1
elevated,1
receiving,1
traces,1
gradually,1
sheer,1
esoamerican,1
argued,1
observations,1
profile,1
periodically,1
presumed,1
basalts,1
superior,1
shorter,1
plaster,1
biotic,1
stripping,1
postdating,1
drought,1
etapas,1
beyond,1
defeat,1
indications,1
procedures,1
followed,1
peninsula,1
obstacles,1
probe,1
disintegrating,1
painted,1
mix,1
utah,1
plenum,1
shifted,1
destructive,1
wearing,1
essays,1
care,1
helped,1
projected,1
export,1
dug,1
providing,1
decades,1
management,1
differently,1
cropping,1
misconceived,1
phasethat,1
thrust,1
kirker,1
mayas,1
conquest,1
thinks,1
grupos,1
experimentation,1
greater,1
ranges,1
raw,1
uses,1
leaving,1
humblest,1
tèrminal,1
herald,1
whom,1
underrepresented,1
cd,1
asserts,1
bearing,1
spacesthe,1
transmission,1
societies,1
harder,1
fortunes,1
histories,1
carrying,1
derivatives,1
faunal,1
chipped,1
chamelecon,1
laterabout,1
pulse,1
preliminares,1
seven,1
preindustrial,1
recalls,1
akademische,1
î,1
rooms,1
circa,1
pass,1
criticisms,1
relate,1
mythical,1
luxury,1
deciphering,1
captured,1
thames,1
base,1
glorifying,1
term,1
extracting,1
accurately,1
handbook,1
companion,1
fourth,1
syncretism,1
oklahoma,1
traced,1
informed,1
pulled,1
institute,1
biologia,1
imix,1
displayed,1
hinterland,1
skilled,1
lethal,1
indirect,1
simple,1
tools,1
projection,1
symbols,1
persons,1
venue,1
alf,1
intertwined,1
pubarchaeology,1
hostilities,1
placed,1
however,1
outlined,1
intervalthe,1
absolute,1
facilities,1
gasp,1
dependents,1
claimants,1
gods,1
died,1
highest,1
symbolically,1
possibility,1
ascucion,1
silver,1
warriors,1
kitchen,1
undermined,1
failure,1
outstanding,1
weight,1
hierarchies,1
products,1
having,1
oak,1
diminution,1
unexcavated,1
correctly,1
decipherment,1
formerly,1
updated,1
scope,1
rocks,1
bolster,1
isotope,1
rainy,1
aoyama,1
blue,1
palacio,1
nine,1
debatable,1
leads,1
attacked,1
nation,1
routinely,1
ten,1
bols,1
coresidents,1
uc,1
gave,1
refined,1
postulated,1
demonstrates,1
accidental,1
records,1
chorti,1
comprehensible,1
point,1
pachuca,1
cluster,1
bat,1
bar,1
call,1
documented,1
mathematical,1
focuses,1
hydraulic,1
overviews,1
reiterate,1
complemented,1
rise,1
il,1
compact,1
monopoly,1
spectrometer,1
polychromes,1
strengthened,1
kimbell,1
diverted,1
enthusiastic,1
anchored,1
strongest,1
markedly,1
attributed,1
hidden,1
clearance,1
dediarchaeology,1
regions,1
deoartment,1
terest,1
stylized,1
peast,1
codirected,1
interregional,1
ratios,1
commerce,1
stela,1
sense,1
correct,1
caused,1
hard,1
working,1
lowest,1
nonroyal,1
ascended,1
wished,1
reliable,1
involve,1
bath,1
effigies,1
corte,1
rutgers,1
routes,1
nearest,1
allusions,1
family,1
endured,1
mountainsides,1
code,1
sufficient,1
consensus,1
eleven,1
revealing,1
bottle,1
industry,1
irrigate,1
supposedly,1
dramatic,1
bellicose,1
fire,1
refinement,1
protect,1
distinguished,1
subgroup,1
telling,1
follow,1
corridor,1
yielded,1
occasions,1
managed,1
error,1
ek,1
descendants,1
progress,1
moist,1
preliminar,1
waterlity,1
hydraöon,1
pays,1
productivity,1
symjournal,1
wife,1
proper,1
tuff,1
factionalism,1
plausible,1
structured,1
undergoing,1
patrones,1
dam,1
salvadoran,1
passive,1
ninth,1
sporadic,1
massive,1
championed,1
unfinished,1
casts,1
seemed,1
objected,1
squirrel,1
stephens,1
society,1
apparent,1
subsequently,1
afieldfor,1
community,1
critical,1
therefore,1
led,1
situation,1
indigenous,1
advocate,1
matter,1
contact,1
various,1
archaeolosy,1
bringing,1
convinced,1
scientific,1
cosmological,1
meters,1
regrowth,1
quantified,1
sylvanus,1
sous,1
expansion,1
intrusions,1
metates,1
plans,1
dressed,1
return,1
acknowledged,1
fruit,1
merits,1
nearly,1
disturbance,1
semideciduous,1
international,1
make,1
presently,1
surviving,1
anthrodoloev,1
manifest,1
standing,1
afield,1
builders,1
humans,1
movement,1
collapsed,1
pi,1
roads,1
spate,1
ceilings,1
surveyed,1
inhabited,1
tends,1
antagonisms,1
spectacular,1
kaminaljuyu,1
sponsorship,1
corpus,1
peten,1
scarcity,1
ulua,1
depicted,1
foot,1
ineffective,1
pivotal,1
interpretation,1
reference,1
retainers,1
lloyd,1
coverage,1
recommendation,1
read,1
paradox,1
happened,1
heaviest,1
esoteric,1
detectable,1
rain,1
array,1
noncopán,1
warners,1
orange,1
selective,1
termination,1
vlcek,1
neither,1
parsimonious,1
reposition,1
domicile,1
constant,1
home,1
extravagant,1
falls,1
nutritionally,1
lord,1
façades,1
refine,1
sharply,1
depopulated,1
inferences,1
resounding,1
odds,1
preeminent,1
visitors,1
begins,1
mention,1
typed,1
monopolized,1
declining,1
double,1
fill,1
resultados,1
mound,1
topographically,1
science,1
skyband,1
hodell,1
frederick,1
hieroglyphics,1
reeds,1
mark,1
agronomy,1
towns,1
motifs,1
added,1
adobe,1
proof,1
complementary,1
incorporates,1
joyce,1
lengthy,1
idea,1
simpler,1
unparalleled,1
fundamental,1
head,1
occupations,1
foods,1
extrapolates,1
complementing,1
depict,1
rugged,1
striking,1
exclusion,1
rotated,1
sitesthat,1
disturbed,1
dilapidated,1
educated,1
staples,1
daily,1
really,1
commemorate,1
associates,1
incorporation,1
demonstrating,1
plan,1
debates,1
distributions,1
man,1
madrugada,1
ubah,1
waxaklahun,1
masoniy,1
copando,1
honor,1
depopulation,1
flowed,1
puzzling,1
never,1
fits,1
precinct,1
sweat,1
promoted,1
likelihood,1
lenca,1
locales,1
contemporaiy,1
covered,1
compounds,1
continuing,1
orderly,1
purposes,1
superimposed,1
equate,1
establish,1
muster,1
celebrated,1
constricting,1
answer,1
tell,1
paleoethnobotanical,1
spoke,1
blind,1
homenaje,1
themperhaps,1
magnificently,1
remarked,1
reconstructing,1
burdened,1
pears,1
caracol,1
cosmos,1
glyphs,1
predynastic,1
annually,1
compete,1
encountered,1
remarkably,1
outgrowth,1
convenient,1
redesigned,1
dragged,1
vegetational,1
postdynastic,1
disappearance,1
mats,1
emanating,1
technologies,1
exhibit,1
meaningful,1
situated,1
spousesyax,1
discussion,1
campaigns,1
copàn,1
father,1
disease,1
minimizing,1
survive,1
skepticism,1
background,1
observable,1
treated,1
alliance,1
discovery,1
explanation,1
tulane,1
width,1
implicated,1
incidents,1
squabbles,1
exporting,1
deposits,1
excavators,1
copañecos,1
concurrent,1
enormous,1
pelota,1
trends,1
scriptions,1
ruling,1
arquitectónico,1
warrior,1
expand,1
skeletal,1
europeans,1
findings,1
thriving,1
entirely,1
food,1
mortar,1
residues,1
coürt,1
tiilane,1
dress,1
conditions,1
congress,1
ideas,1
hydrographically,1
numbered,1
resulting,1
questions,1
ethnic,1
pafynological,1
nothing,1
examination,1
renovated,1
connected,1
observed,1
theories,1
nevertheless,1
theoretical,1
stratification,1
involves,1
discontinuities,1
remainsa,1
sacrificing,1
clearing,1
versions,1
rejected,1
perimeter,1
shrine,1
exports,1
inconspicuous,1
uncontrollable,1
comprehensive,1
peripheral,1
agreement,1
points,1
rebecca,1
interpret,1
roof,1
jy,1
held,1
individual,1
symposium,1
vogrin,1
catherwood,1
started,1
characterized,1
ny,1
plant,1
cache,1
curve,1
collected,1
dry,1
reassessment,1
practiced,1
accurate,1
interacted,1
provides,1
segment,1
martin,1
adequately,1
sorionomic,1
inscribed,1
copanin,1
valued,1
glypho,1
facing,1
arrayed,1
somehow,1
conspicuously,1
suited,1
eyes,1
parallel,1
grip,1
become,1
successors,1
correlated,1
confidently,1
smacks,1
exactly,1
charles,1
deliberate,1
accordingly,1
sacred,1
asi,1
claiming,1
deforested,1
monumentsexactly,1
costume,1
translate,1
guess,1
dominance,1
larios,1
attracted,1
terracing,1
upstream,1
connections,1
beam,1
evaluated,1
professional,1
tenuous,1
embodied,1
outright,1
sociopolitical,1
defaced,1
delineate,1
convincingly,1
offspring,1
derivative,1
visit,1
dietary,1
said,1
genesis,1
yields,1
suggestion,1
topography,1
artifactos,1
assigned,1
informs,1
steep,1
looted,1
publishing,1
tentative,1
window,1
she,1
indicators,1
recall,1
bulk,1
invasion,1
next,1
ideology,1
maps,1
potteiy,1
fully,1
cenen,1
hill,1
unchanging,1
wyllys,1
vertical,1
florescence,1
primarily,1
regalia,1
lost,1
deposit,1
seventeenth,1
embodying,1
clásico,1
elevationsabout,1
overlap,1
importantly,1
monopolize,1
sequences,1
remaining,1
paraphernalia,1
linking,1
life,1
monuarchaeology,1
variably,1
anncorinne,1
diagnostic,1
blood,1
british,1
speciesan,1
exists,1
instances,1
event,1
feedback,1
face,1
mounds,1
vigor,1
definitive,1
addressed,1
attachment,1
reconocimiento,1
seriously,1
wars,1
deposited,1
exercised,1
fifteen,1
risers,1
readers,1
forma,1
broke,1
corazón,1
comes,1
ethnological,1
comparison,1
circumstances,1
locally,1
demonstrate,1
ever,1
detect,1
continues,1
scrutiny,1
byproduct,1
founders,1
irrigable,1
rival,1
ll,1
intermittently,1
jaguars,1
carbondale,1
reconnaissance,1
md,1
sherds,1
agricultores,1
appealing,1
native,1
geoarchaeology,1
quaternary,1
der,1
coincides,1
downfall,1
defining,1
undertook,1
intellectual,1
partner,1
components,1
rue,1
reexamination,1
monthly,1
rear,1
nah,1
paper,1
tomb,1
faulty,1
december,1
quetzal,1
quirigua,1
exploration,1
albeit,1
accommodate,1
intrusive,1
expertly,1
argue,1
wall,1
intrusion,1
capacity,1
allied,1
ideological,1
boasted,1
uir,1
perfectly,1
plazas,1
written,1
xxii,1
americanistas,1
aerial,1
presentation,1
useless,1
associations,1
works,1
tunnels,1
overgrown,1
porotic,1
obfuscated,1
animal,1
cal,1
cautions,1
ipinich,1
corporation,1
depredations,1
scholarly,1
superstates,1
explanations,1
catastrophic,1
heads,1
answered,1
notable,1
dominate,1
month,1
depicts,1
spatial,1
rose,1
cattail,1
stability,1
list,1
plants,1
lished,1
add,1
covers,1
hoped,1
vigorously,1
cementerios,1
supplemented,1
consisting,1
predate,1
fachada,1
while,1
foundations,1
correlates,1
densest,1
studying,1
abruptly,1
divide,1
textual,1
lowerabout,1
mew,1
emphasis,1
capitalized,1
spondylus,1
finished,1
integrating,1
stabilize,1
conveniently,1
conference,1
socioeconomic,1
son,1
preserved,1
entrance,1
os,1
portraying,1
ruled,1
prerogative,1
recipients,1
met,1
attached,1
conclude,1
respect,1
ohio,1
piedras,1
sea,1
atmospheric,1
behaviors,1
stairs,1
durable,1
intended,1
honuduras,1
transition,1
lies,1
sitting,1
cash,1
harvested,1
commissioned,1
territory,1
sheets,1
adapted,1
exceeded,1
cultivated,1
recounts,1
lesson,1
underestimate,1
summarizes,1
indians,1
headwaters,1
writing,1
gain,1
kiln,1
oceanic,1
aguada,1
calibrated,1
varied,1
contrasts,1
predassic,1
named,1
proceeds,1
false,1
polityso,1
wild,1
pine,1
copón,1
nuclear,1
ultimately,1
nutritional,1
sediments,1
commercial,1
contextsone,1
locations,1
mita,1
priviliged,1
reveals,1
caloric,1
lands,1
unexpectedly,1
intensified,1
tfemple,1
substela,1
mouths,1
numerous,1
swampy,1
temperature,1
recovering,1
iconografía,1
druck,1
accept,1
trauma,1
crisis,1
ended,1
fauna,1
salt,1
consolidated,1
buikstra,1
robecsik,1
green,1
physical,1
colleagues,1
smaller,1
states,1
cì,1
thoughtful,1
nacional,1
proyecto,1
clues,1
defined,1
derive,1
tributaries,1
peripheries,1
defer,1
association,1
summary,1
amicable,1
whittington,1
intergroup,1
settled,1
pioneering,1
obtrusiveness,1
departamento,1
root,1
recounted,1
combination,1
redolent,1
bioanthropologists,1
enscripciones,1
supply,1
hills,1
achaeological,1
negotiate,1
lake,1
era,1
hieroglyphicit,1
enterprise,1
norman,1
uncertainty,1
deposition,1
element,1
ownership,1
develop,1
aguateca,1
stair,1
neft,1
belize,1
mature,1
champion,1
familial,1
dos,1
successive,1
oí,1
amarilloare,1
primera,1
rubble,1
storey,1
draft,1
preconceptions,1
costly,1
gold,1
hyperostosis,1
links,1
