WORDCOUNTS,WEIGHT
the,1011
of,939
and,798
in,507
archaeology,322
historical,290
a,276
to,248
that,135
as,118
pp,115
is,115
for,110
m,106
new,96
an,95
on,91
p,87
university,80
with,74
c,74
history,69
r,68
american,66
by,62
from,62
anthropological,61
material,60
has,53
this,52
have,52
j,51
are,51
world,51
culture,49
archaeological,49
these,47
l,45
study,43
cambridge,43
s,42
be,42
b,39
social,38
also,38
york,37
past,37
at,36
their,35
d,34
i,33
g,33
it,32
archaeologists,32
or,32
e,32
research,31
about,31
between,31
critical,29
north,29
academic,28
work,28
been,28
one,27
how,27
k,27
cultural,27
colonial,27
studies,26
such,25
w,25
life,25
analysis,25
what,25
century,24
objects,24
european,24
not,24
theory,24
f,23
use,23
some,22
smithsonian,22
h,21
was,21
native,21
t,21
its,21
documents,21
they,20
important,20
society,20
anthropology,20
landscape,19
spanish,19
can,19
review,18
landscapes,18
paynter,18
people,18
institution,18
meaning,17
into,17
america,17
more,17
global,17
african,17
modern,16
our,16
all,16
journal,16
histories,16
et,16
relations,15
his,15
n,15
data,15
understanding,15
leone,15
studying,15
way,14
approaches,14
there,14
most,14
method,14
contemporary,14
united,14
documentary,14
within,13
de,13
jr,13
out,13
part,13
processes,13
national,13
theoretical,13
perspectives,13
different,13
boca,12
space,12
making,12
crc,12
south,12
caribbean,12
class,12
alternative,12
much,12
england,11
analyses,11
basil,11
position,11
used,11
place,11
issues,11
but,11
present,11
were,11
antiquity,11
africa,11
ideology,11
who,11
very,11
art,11
writing,11
early,11
common,10
ways,10
practices,10
state,10
vol,10
development,10
perspective,10
view,10
public,10
archaeologies,10
up,10
he,10
other,10
power,10
significant,10
meanings,10
any,10
peoples,10
urban,10
understandings,10
states,10
given,9
take,9
political,9
system,9
eastern,9
task,9
oxford,9
no,9
dc,9
well,9
first,9
approach,9
gender,9
industrial,9
department,9
europe,9
many,9
do,9
model,9
general,9
methods,9
capitalism,9
archeology,9
both,9
through,9
subject,9
recent,9
production,8
discipline,8
point,8
traditions,8
americans,8
notion,8
familiar,8
my,8
indigenous,8
caught,8
hidden,8
annual,8
second,8
economic,8
interpretation,8
only,8
capitalist,8
questions,8
which,8
period,8
school,8
interested,8
little,8
evidence,8
mystery,8
seek,8
should,8
complex,7
being,7
might,7
beaudry,7
globe,7
politics,7
fl,7
plantation,7
imperialist,7
understand,7
ideologies,7
impact,7
plenum,7
uses,7
own,7
change,7
using,7
will,7
may,7
structural,7
makes,7
thought,7
unwin,7
volume,7
toward,7
areas,7
debates,7
number,7
interpreting,7
another,7
local,7
points,7
would,7
especially,7
epistemology,7
relationship,7
provide,7
science,7
itself,7
cultures,7
key,7
ideological,7
whether,7
nationalist,7
virginia,7
voyage,7
interaction,7
introduction,6
studied,6
reading,6
hall,6
west,6
goal,6
borderlands,6
santa,6
consumer,6
ancient,6
archaeologist,6
than,6
fort,6
developed,6
various,6
columbian,6
special,6
western,6
based,6
orser,6
artifacts,6
things,6
practice,6
expansion,6
make,6
southern,6
us,6
formation,6
where,6
years,6
made,6
identity,6
recovery,6
california,6
clear,6
historic,6
so,6
systems,6
attention,6
construction,6
articles,6
simply,6
set,6
written,6
distinctive,6
living,6
phd,6
particular,6
problem,6
her,6
information,6
conference,6
presented,6
models,6
although,6
remains,6
if,5
concern,5
plantations,5
source,5
taken,5
terrain,5
found,5
those,5
behavior,5
due,5
ct,5
slave,5
site,5
colonialism,5
too,5
deetz,5
societies,5
though,5
ceramics,5
record,5
london,5
during,5
sense,5
concerns,5
oral,5
finds,5
bringing,5
schmidt,5
treatment,5
anthropologist,5
developing,5
strategies,5
atlantic,5
significance,5
agreement,5
patterson,5
amherst,5
intellectual,5
paper,5
current,5
massachusetts,5
investigation,5
form,5
handsman,5
role,5
resistance,5
kelso,5
washington,5
need,5
henry,5
traditional,5
race,5
done,4
schuyler,4
over,4
large,4
essays,4
presents,4
du,4
contexts,4
billiard,4
accumulation,4
give,4
worked,4
seems,4
together,4
great,4
narrative,4
papers,4
historians,4
move,4
community,4
human,4
population,4
dynamics,4
since,4
against,4
interest,4
body,4
critique,4
boott,4
simultaneously,4
philadelphia,4
rather,4
english,4
slavery,4
process,4
columbus,4
dominate,4
origins,4
trajectories,4
conquest,4
begun,4
late,4
materiality,4
recently,4
because,4
aspects,4
sites,4
example,4
personal,4
regional,4
status,4
count,4
good,4
regardless,4
settlement,4
methodological,4
core,4
shackel,4
notes,4
periods,4
press,4
processual,4
led,4
san,4
contact,4
scientific,4
entangled,4
yet,4
under,4
dialectical,4
insights,4
two,4
increasingly,4
considers,4
lack,4
georgian,4
idea,4
stories,4
end,4
patterns,4
centre,4
less,4
explicitly,4
imagine,4
rowlands,4
empirical,4
encounters,4
authors,4
publication,4
ny,4
after,4
problems,4
evolutionary,4
we,4
tennessee,4
george,4
practitioners,4
seen,4
yale,4
force,4
began,4
recognize,4
evolution,4
charlottesville,4
british,4
case,4
then,4
comes,4
must,4
constructed,4
contextual,4
universal,4
particularly,4
works,4
spatial,4
maryland,4
ethnography,4
middle,4
boston,4
city,4
come,4
argument,4
argues,4
frontiers,4
include,4
hispaniola,4
strong,4
among,4
technological,4
meeting,4
ca,4
go,3
does,3
order,3
concerned,3
fiction,3
connecticut,3
disclose,3
ana,3
constitutes,3
park,3
considerations,3
enmeshed,3
inequality,3
contest,3
themes,3
long,3
implications,3
address,3
differences,3
rich,3
mills,3
resulting,3
nationalism,3
investigations,3
epistemological,3
issue,3
maroon,3
anthropologists,3
primary,3
sought,3
design,3
account,3
dutch,3
interdisciplinary,3
say,3
along,3
spain,3
labor,3
central,3
iron,3
throughout,3
relationships,3
historically,3
analyzing,3
narratives,3
concerning,3
whose,3
mexico,3
without,3
dilemma,3
observers,3
bring,3
subsistence,3
remote,3
active,3
annapolis,3
contributions,3
white,3
consequences,3
az,3
plenary,3
francis,3
wealth,3
house,3
argued,3
powerful,3
rice,3
archeological,3
had,3
prehistoric,3
color,3
ann,3
informed,3
textaided,3
similar,3
produced,3
scale,3
find,3
possibility,3
unearthing,3
invisible,3
literature,3
ethnohistorical,3
story,3
ot,3
texture,3
discussions,3
broad,3
artifact,3
least,3
working,3
field,3
quite,3
around,3
consensus,3
results,3
appropriate,3
am,3
geographical,3
nations,3
integrating,3
increasing,3
investigating,3
matter,3
architecture,3
action,3
hide,3
synthesis,3
comparative,3
domination,3
comments,3
experiences,3
seemingly,3
colonialist,3
biological,3
impulses,3
guide,3
communities,3
museum,3
participants,3
same,3
shifting,3
indian,3
noted,3
rise,3
paul,3
others,3
pont,3
consideration,3
larger,3
diverse,3
john,3
pennsylvania,3
man,3
took,3
remarkable,3
metaphors,3
see,3
answer,3
mcguire,3
discourses,3
range,3
contours,3
region,3
including,3
elite,3
parks,3
europeans,3
arizona,3
survey,3
voice,3
theories,3
benin,3
subsequent,3
architectural,3
like,3
why,3
facing,3
somehow,3
trying,3
interpretations,3
v,3
seeking,3
northern,3
sugar,3
individualism,3
maps,3
lines,3
referred,3
detailed,3
vargas,3
often,3
addressed,3
thinking,3
changing,3
potter,3
offers,3
winterthur,3
inquiry,3
exhibits,3
brazil,3
advances,3
places,3
economy,3
unique,3
coffee,3
proven,3
periphery,3
suggests,3
st,3
understudied,3
disciplines,3
goals,3
difference,3
peru,3
newsletter,3
medieval,3
isles,3
register,3
land,3
offered,3
specific,3
themselves,3
marxist,3
northwestern,3
liminal,2
limits,2
difficult,2
intricate,2
represent,2
affected,2
methodologies,2
dlinois,2
beneath,2
village,2
told,2
edith,2
needed,2
conducted,2
discover,2
conducting,2
ma,2
dialectics,2
sets,2
postprocessual,2
resistances,2
necessarily,2
detailing,2
something,2
arguing,2
eye,2
test,2
feudalism,2
either,2
sources,2
creation,2
interests,2
hood,2
culturally,2
attempt,2
departure,2
definition,2
jamaican,2
available,2
tradition,2
suggesting,2
tours,2
concludes,2
kingdom,2
harvey,2
last,2
nm,2
behind,2
ad,2
advocates,2
sophisticated,2
foundational,2
east,2
u,2
gardens,2
feinman,2
investigator,2
obvious,2
symbolic,2
reflecting,2
far,2
shanks,2
whites,2
conception,2
dynamic,2
ritual,2
ross,2
collection,2
garden,2
diversity,2
framework,2
conflict,2
thus,2
objective,2
galways,2
noel,2
forgotten,2
characteristic,2
domain,2
tied,2
sample,2
ferguson,2
learning,2
distinct,2
old,2
behavioral,2
differently,2
response,2
africans,2
houses,2
generated,2
cameroon,2
explore,2
factions,2
kirk,2
communication,2
hodder,2
look,2
constructs,2
vice,2
jones,2
influence,2
van,2
knoxville,2
town,2
added,2
operations,2
sensing,2
explicit,2
senses,2
them,2
persistent,2
importance,2
talk,2
parts,2
matched,2
productive,2
settled,2
colonizing,2
win,2
affect,2
marks,2
consider,2
conceptualization,2
reverberates,2
descent,2
struggles,2
clearly,2
warren,2
elsewhere,2
just,2
mary,2
benefited,2
four,2
bridges,2
resource,2
additional,2
albuquerque,2
beyond,2
bender,2
notions,2
dominant,2
flow,2
drawing,2
advocated,2
marta,2
result,2
identifying,2
subdiscipline,2
faunal,2
access,2
missouri,2
scaling,2
international,2
fishing,2
radical,2
mesoamerican,2
worker,2
noting,2
endeavor,2
base,2
let,2
track,2
pollen,2
jim,2
directly,2
basis,2
future,2
line,2
enmeshment,2
intense,2
overviews,2
blue,2
deconstructing,2
reader,2
thoughts,2
positions,2
gave,2
boarding,2
records,2
structures,2
forces,2
project,2
dakota,2
visions,2
currents,2
towards,2
shaping,2
stage,2
willa,2
saitta,2
discourse,2
functionalism,2
chacmool,2
heart,2
small,2
contingency,2
enslaved,2
few,2
folk,2
breaking,2
presence,2
reported,2
distinguished,2
villages,2
coast,2
always,2
articulation,2
progress,2
florida,2
actions,2
barbara,2
timeless,2
thanks,2
variety,2
noble,2
impacts,2
blessed,2
techniques,2
limited,2
corporation,2
transition,2
wineries,2
harris,2
constraints,2
object,2
trivializes,2
mainstream,2
interactions,2
direction,2
simultaneous,2
wharton,2
contribute,2
happened,2
shaker,2
marshall,2
prehistorians,2
montserrat,2
ethnographic,2
experimental,2
provocative,2
steve,2
inference,2
street,2
starting,2
critiques,2
challenge,2
mark,2
conceived,2
put,2
projects,2
cursed,2
minnesota,2
considerable,2
pattern,2
honor,2
forms,2
enough,2
begin,2
operating,2
relevant,2
necessary,2
minneapolis,2
producing,2
encountered,2
original,2
ine,2
discussion,2
africanamerican,2
deposits,2
paradigm,2
refers,2
aesthetics,2
ideas,2
real,2
individuals,2
shortly,2
involves,2
versions,2
trade,2
open,2
strands,2
reality,2
emphasizing,2
wylie,2
faces,2
foodways,2
symposium,2
revised,2
spread,2
function,2
responses,2
played,2
structuring,2
mountain,2
practiced,2
black,2
came,2
imagination,2
mining,2
become,2
theorists,2
blanton,2
analyze,2
cape,2
figures,2
intertwining,2
tendency,2
industrialization,2
professional,2
pottery,2
brown,2
separate,2
somewhat,2
perry,2
note,2
interdependent,2
she,2
independent,2
unwarranted,2
exists,2
institutions,2
nexus,2
dimensions,2
directing,2
un,2
establish,2
volumes,2
frontier,2
education,2
types,2
centuries,2
praetzellis,2
problematic,2
association,2
interpretive,2
investigate,2
ofthat,2
logging,2
unmask,2
rarely,2
growing,2
reviewing,2
disciplinary,2
prehistory,2
biography,2
mercantile,2
extensive,2
oi,2
known,2
useful,2
particulars,2
berkeley,2
dimension,2
natural,2
continental,2
colonization,2
monthly,2
readily,2
cemetery,2
cutlery,2
worth,2
seem,2
style,2
domestic,2
lowell,2
underwrite,2
yentsch,2
identities,2
las,2
chesapeake,2
elites,2
beginning,2
born,2
terms,2
while,2
remedies,2
precursor,2
delle,2
emphasis,2
spaces,2
nj,2
emergent,2
circumstances,2
recognition,2
multiple,2
thereby,2
introduced,2
develop,2
plans,2
palynology,2
merchant,2
indians,2
deetzian,2
question,2
breaks,2
invasion,2
frame,2
vernacular,2
accept,2
qsar,2
parallels,2
americas,2
typically,2
glass,2
colleagues,2
seeks,2
classification,2
observation,2
trigger,2
archival,2
chicago,2
digging,2
era,2
enterprise,2
texts,2
alberta,2
building,2
oí,2
doing,2
built,2
close,2
choice,2
household,2
major,2
perception,2
faction,2
nicholas,1
sherburne,1
tourists,1
countryside,1
frequent,1
superiority,1
syntax,1
archives,1
portuguese,1
silberman,1
formulated,1
mostly,1
rothschild,1
deference,1
blinds,1
encountering,1
precepts,1
kepecs,1
constrained,1
edge,1
prostitution,1
masterfully,1
dinners,1
inaccurate,1
later,1
anticolonialist,1
stylistic,1
intricacies,1
corporate,1
antitriumphalist,1
annapolitans,1
archeologists,1
created,1
cabins,1
market,1
environmental,1
resulted,1
ending,1
fences,1
northeast,1
republican,1
branches,1
afroamerican,1
clio,1
succession,1
constitution,1
utility,1
collision,1
systemic,1
expect,1
trash,1
conversion,1
articulating,1
group,1
becoming,1
center,1
enduring,1
rick,1
mike,1
combining,1
offerings,1
agency,1
myth,1
properly,1
haciendas,1
purser,1
advised,1
anchor,1
informative,1
infringes,1
live,1
quebec,1
true,1
mexican,1
criticizes,1
bias,1
discussants,1
lighthouse,1
empower,1
interweave,1
conscious,1
wolf,1
former,1
unmaking,1
kerry,1
reasonably,1
ideals,1
devices,1
undertaken,1
potentials,1
excavation,1
virtually,1
unlike,1
ontology,1
aversion,1
scientist,1
cornell,1
ethnoarchaeological,1
before,1
naturalness,1
capsule,1
arrived,1
accomplishments,1
unite,1
service,1
thematic,1
englewood,1
monograph,1
princeton,1
claire,1
exemplification,1
annals,1
pioneers,1
glossary,1
properties,1
women,1
reemergence,1
experience,1
oceania,1
felicitous,1
smelting,1
warns,1
anything,1
cast,1
railroads,1
kohl,1
australia,1
hence,1
spatialities,1
constituting,1
revisited,1
whom,1
expands,1
supposedly,1
extraordinary,1
disagreement,1
universalism,1
chronicles,1
voices,1
prospecting,1
setting,1
handle,1
military,1
rush,1
acutely,1
palynological,1
progression,1
articulate,1
dissatisfied,1
beautiful,1
dreams,1
tourist,1
knowing,1
nature,1
experiments,1
words,1
gary,1
inhabits,1
principles,1
publishing,1
book,1
archaeologically,1
alexander,1
assertively,1
maya,1
leading,1
explores,1
promote,1
desire,1
reasons,1
preservationists,1
prospectus,1
despotic,1
untapped,1
dialogical,1
paca,1
normative,1
liverpool,1
confront,1
rouse,1
ìaeoiogies,1
vanishing,1
link,1
substantive,1
precolonial,1
transforms,1
hundred,1
generalizations,1
expense,1
ramenof,1
handler,1
reproduction,1
deemed,1
sahara,1
wall,1
particularism,1
petty,1
shoals,1
floral,1
stand,1
sacred,1
concepts,1
robert,1
marbles,1
contrasting,1
embody,1
depleted,1
solved,1
construe,1
deforest,1
urax,1
racial,1
worldwide,1
context,1
el,1
circumvent,1
marlys,1
seminar,1
misuses,1
sound,1
documenting,1
subdisciplines,1
mercantilism,1
takes,1
occasional,1
teasing,1
depending,1
forthcoming,1
swaziland,1
rereading,1
geochemical,1
tie,1
mill,1
captures,1
capacity,1
tend,1
advice,1
continuum,1
motion,1
guidelines,1
constraint,1
bases,1
planetary,1
agriculture,1
draw,1
ventures,1
geophysical,1
twist,1
reminder,1
chapter,1
wrote,1
replacement,1
possible,1
implies,1
logical,1
disjunctive,1
xv,1
ball,1
condition,1
tracing,1
borderland,1
cressy,1
characterize,1
archaeobotany,1
sale,1
alter,1
richard,1
bland,1
arenas,1
apart,1
mental,1
morale,1
cunzo,1
resources,1
cited,1
realistic,1
redefining,1
interdigitation,1
polemical,1
himself,1
economies,1
moral,1
identifies,1
largely,1
measurement,1
fragment,1
engage,1
holland,1
congruence,1
penetrate,1
prejudice,1
pursuing,1
interestingly,1
surplus,1
pulsipher,1
factional,1
succeed,1
eschewing,1
exist,1
avenues,1
uninvestigated,1
regarding,1
natives,1
oaxaca,1
accessible,1
ofdrax,1
ronald,1
sweeping,1
harcourt,1
offer,1
barbados,1
component,1
severe,1
inevitable,1
wahpeton,1
consumed,1
constantly,1
farnsworth,1
assumes,1
sacramento,1
magic,1
silent,1
stewardship,1
savages,1
angloamerican,1
bridging,1
reproduced,1
moment,1
hawaii,1
walter,1
participating,1
application,1
tucson,1
schaedel,1
alison,1
structuralist,1
tripartite,1
extensively,1
awl,1
carskadden,1
positivism,1
affairs,1
wyeths,1
summarizing,1
achievements,1
big,1
mesopotamian,1
viewing,1
schrire,1
cases,1
developments,1
terrorizing,1
atlases,1
bay,1
times,1
document,1
concrete,1
balls,1
juliana,1
back,1
deed,1
reconceptualizes,1
modernity,1
marronage,1
dean,1
lifestyles,1
effective,1
clock,1
folkways,1
truly,1
publications,1
alliances,1
compare,1
networks,1
died,1
competition,1
kelly,1
drawn,1
even,1
pueblo,1
nigeria,1
cather,1
island,1
massacnusetts,1
comforting,1
parasites,1
precapitalist,1
idiosyncretism,1
weave,1
oround,1
decline,1
simplistic,1
cosmic,1
guard,1
discovering,1
chinese,1
varsity,1
savage,1
nuanced,1
unexamined,1
determinisms,1
acknowledge,1
master,1
worrell,1
instruments,1
trom,1
celebrating,1
uncalled,1
ado,1
vantage,1
critics,1
harbinger,1
unlikely,1
higher,1
oj,1
aim,1
failed,1
depicted,1
civilization,1
steps,1
inception,1
awash,1
steal,1
interesting,1
acculturation,1
anticolonial,1
evaluates,1
essential,1
reflects,1
ably,1
norse,1
teaching,1
elevating,1
identification,1
transformations,1
principally,1
negatively,1
absent,1
across,1
maintenance,1
compatible,1
remain,1
givens,1
agonizing,1
forced,1
housing,1
basic,1
condemns,1
influential,1
reference,1
capture,1
presentation,1
primitiveness,1
di,1
analyzes,1
accurate,1
sudden,1
abstraction,1
transferable,1
risk,1
households,1
earlier,1
dar,1
humanity,1
riven,1
proffered,1
direct,1
interweavings,1
greenwood,1
boone,1
parroquia,1
symbols,1
lacking,1
consuming,1
lay,1
practicing,1
update,1
extremes,1
armorial,1
indispensable,1
mcgovern,1
monuments,1
reason,1
modified,1
references,1
broome,1
category,1
escape,1
provinces,1
perceptions,1
maintaining,1
reconceptualization,1
honored,1
praise,1
postmodern,1
seaports,1
tensions,1
underdeveloped,1
organization,1
eventually,1
physically,1
lister,1
mean,1
benefits,1
image,1
potomac,1
emergence,1
eschew,1
latin,1
liberal,1
section,1
reconstructions,1
idealist,1
constrain,1
traces,1
articulated,1
remaking,1
northeastern,1
objectified,1
inextricable,1
ignoble,1
upper,1
pullman,1
stonehenge,1
arncanamericans,1
solid,1
situations,1
age,1
show,1
gero,1
commonly,1
initiative,1
magdalen,1
acknowledges,1
recovered,1
continual,1
surface,1
readings,1
isolation,1
followed,1
cotton,1
dramatized,1
uroan,1
networked,1
exploitation,1
reconsideration,1
mix,1
victorian,1
answers,1
syntheses,1
article,1
projected,1
appeals,1
strategy,1
suggested,1
providing,1
trained,1
textured,1
cut,1
stands,1
methodology,1
assessments,1
thinks,1
reflexivity,1
descriptive,1
hours,1
diachronic,1
raw,1
expressed,1
standards,1
theft,1
forays,1
urgency,1
lead,1
pc,1
path,1
extent,1
oudepost,1
location,1
arrival,1
allow,1
lowland,1
portable,1
kegan,1
transient,1
conservative,1
called,1
cod,1
critically,1
beehives,1
relating,1
centers,1
patrick,1
users,1
economics,1
scotland,1
dehmtions,1
ocean,1
facilitate,1
quandaries,1
madagascar,1
events,1
census,1
webster,1
carolina,1
survivors,1
sensible,1
emerge,1
cables,1
portsmouth,1
captured,1
approximation,1
initial,1
emotionally,1
greater,1
poetry,1
kirch,1
pots,1
liz,1
evaluate,1
wonder,1
confronts,1
embedded,1
zooarchaeological,1
further,1
sparse,1
david,1
pure,1
equally,1
syncretism,1
pointing,1
understood,1
nyame,1
war,1
silence,1
omnipresence,1
michigan,1
reviews,1
mediated,1
yucatán,1
burial,1
annales,1
promise,1
biases,1
separates,1
russell,1
productively,1
amenable,1
houselot,1
ford,1
dialectic,1
defenseless,1
algonkian,1
approached,1
anglovirginian,1
embed,1
wide,1
creates,1
unresolvable,1
near,1
randy,1
engine,1
influenced,1
impression,1
silver,1
receive,1
distinguishes,1
precept,1
alienation,1
feminine,1
exert,1
shape,1
underlie,1
taxes,1
colonies,1
products,1
feeding,1
y,1
click,1
romans,1
formerly,1
bc,1
bolster,1
peasantry,1
already,1
reinhard,1
relevancy,1
start,1
unmasking,1
framed,1
claim,1
extending,1
brought,1
characterization,1
uncover,1
bois,1
devising,1
civil,1
recasts,1
difficulty,1
knowledge,1
apparent,1
calls,1
symbolism,1
coded,1
ethnographies,1
reminiscences,1
description,1
criticized,1
afroamericans,1
parameters,1
whole,1
surrounds,1
jamieson,1
fit,1
tilled,1
fairly,1
abel,1
constitute,1
faint,1
relevance,1
fruitful,1
moments,1
runs,1
churning,1
versus,1
device,1
rituals,1
call,1
transported,1
consistent,1
revaluation,1
reflect,1
overseas,1
nor,1
systematic,1
missions,1
lange,1
whither,1
strongest,1
markedly,1
minds,1
contradictions,1
manipulation,1
regions,1
earth,1
yolanda,1
akuma,1
distinctions,1
contests,1
neocolonialism,1
causal,1
exemplary,1
creating,1
legacy,1
pluralism,1
viable,1
ago,1
wi,1
tom,1
theoretically,1
involve,1
mystified,1
ethnicity,1
dualprocess,1
consolidation,1
emerging,1
sake,1
specifically,1
belt,1
inextricably,1
family,1
heat,1
characteristics,1
transport,1
mineral,1
preucel,1
driving,1
accomplished,1
wider,1
replace,1
choose,1
bridge,1
masking,1
transfer,1
knitting,1
catalonia,1
garry,1
dramatic,1
hardesty,1
decolonizing,1
interpénétration,1
codes,1
seeds,1
impoverishment,1
lucid,1
vein,1
catographica,1
patience,1
when,1
seed,1
phenomenology,1
carmel,1
peculiarly,1
gravitated,1
filling,1
describes,1
paid,1
sea,1
ellen,1
cj,1
woolf,1
samir,1
plausible,1
recycle,1
provided,1
preliminary,1
ureat,1
passive,1
humanistic,1
gordon,1
enjoy,1
unfinished,1
readership,1
concomitant,1
avoid,1
inevitability,1
survived,1
cleland,1
cite,1
transforming,1
domesticity,1
nassaney,1
uncommon,1
helan,1
heretofore,1
pervasive,1
republic,1
nation,1
chains,1
myriad,1
entitled,1
populations,1
worldview,1
tedious,1
separation,1
short,1
indeed,1
yucatan,1
anticolonialism,1
braudelian,1
schemes,1
tried,1
acknowledged,1
classic,1
brief,1
framing,1
female,1
fractured,1
founding,1
brings,1
rita,1
cohabited,1
poor,1
convince,1
stratigraphy,1
sahlins,1
still,1
reconstruction,1
fusion,1
illustrating,1
intervention,1
expanded,1
strife,1
holders,1
blending,1
mainstays,1
initially,1
recreating,1
roads,1
trivialize,1
strategic,1
surveyed,1
va,1
religious,1
virginian,1
parker,1
zulu,1
riches,1
experimentations,1
applications,1
pastures,1
confronting,1
spoken,1
forts,1
trivializing,1
racism,1
springs,1
historicize,1
sort,1
edited,1
probate,1
violence,1
observer,1
ethnographers,1
nonlocal,1
represents,1
requiring,1
builds,1
alongside,1
kluwer,1
acknowledgments,1
hegemonic,1
array,1
continuity,1
sociocultural,1
seeing,1
technology,1
restricted,1
formally,1
nancy,1
orange,1
neither,1
temperate,1
thesis,1
index,1
management,1
mutualist,1
tax,1
assimilation,1
included,1
home,1
planned,1
reintegration,1
shaka,1
positively,1
light,1
complete,1
appear,1
watson,1
undergird,1
kowalewski,1
ed,1
colored,1
demonstrates,1
al,1
responsive,1
decipherable,1
deepwater,1
hueda,1
reports,1
commodified,1
begins,1
learns,1
gentlemen,1
frameworks,1
worldviews,1
enterprises,1
voyages,1
definitions,1
samson,1
worst,1
members,1
marge,1
visitor,1
name,1
museums,1
french,1
corse,1
kiln,1
westward,1
stronger,1
andalusian,1
factory,1
accompanies,1
ureai,1
grips,1
death,1
deserves,1
similarly,1
towns,1
nevada,1
flat,1
thereafter,1
addition,1
experienced,1
salutary,1
efforts,1
shows,1
ceramic,1
unparalleled,1
racisms,1
conduct,1
materialist,1
striking,1
indies,1
caciques,1
plan,1
environs,1
match,1
rubertone,1
deserving,1
time,1
euroamericans,1
grave,1
ottawa,1
really,1
untied,1
forging,1
henrey,1
underpin,1
fashion,1
advocacy,1
vt,1
fragments,1
typological,1
rhythms,1
never,1
nomothetic,1
fits,1
greeted,1
anzona,1
learn,1
savulis,1
puerto,1
particularity,1
secular,1
tne,1
reassertion,1
empire,1
armed,1
michael,1
conmctual,1
parables,1
ontological,1
confrontation,1
creole,1
mrozowski,1
separations,1
slice,1
epistemologies,1
blakey,1
invitation,1
binford,1
reconstructing,1
frequency,1
routledge,1
patriarchal,1
distance,1
discloses,1
assemblage,1
gives,1
admittedly,1
entrepreneurial,1
ror,1
alan,1
stance,1
landscaping,1
palestine,1
bulletin,1
spector,1
matrix,1
altar,1
crown,1
recognizing,1
analyzed,1
classes,1
technologies,1
greatest,1
exploring,1
kathleen,1
investigated,1
encounter,1
disease,1
session,1
indiana,1
examples,1
agorsah,1
decimated,1
assemblages,1
upon,1
accompanying,1
hemisphere,1
values,1
represented,1
temblé,1
braudel,1
desert,1
handmaiden,1
fictional,1
distinctly,1
ethnology,1
fuzzily,1
merge,1
trends,1
manifestations,1
versa,1
louis,1
presentations,1
colonoware,1
reburial,1
lecture,1
controlling,1
doug,1
food,1
geismar,1
disclosing,1
seriation,1
ente,1
emphasize,1
mahican,1
brumfiel,1
manifestation,1
engaging,1
congress,1
harvard,1
submitted,1
net,1
ethnic,1
roman,1
merit,1
laboratory,1
examination,1
chosen,1
previous,1
kurai,1
junior,1
described,1
tort,1
templates,1
exports,1
crises,1
urbana,1
truths,1
postprocessuai,1
three,1
leads,1
extinct,1
directed,1
adding,1
sabotage,1
comprehensive,1
sanoja,1
express,1
dominated,1
decorated,1
peter,1
ireland,1
try,1
disjointed,1
converts,1
individual,1
christopher,1
keep,1
pride,1
divisions,1
anne,1
characterized,1
sacha,1
collaboration,1
reformers,1
gates,1
features,1
high,1
grassfields,1
farms,1
mines,1
serves,1
distinction,1
stresses,1
meld,1
foucauldian,1
anyone,1
conversation,1
losing,1
preservation,1
standard,1
provides,1
segment,1
martin,1
thomas,1
disasters,1
gardening,1
exchange,1
neutral,1
laviolette,1
demarcate,1
comparing,1
nationality,1
construct,1
date,1
qualities,1
imaginative,1
leaves,1
chapel,1
newspapers,1
constructing,1
insists,1
grip,1
sight,1
geographers,1
respectively,1
desegragating,1
exactly,1
structure,1
ethnohistory,1
looks,1
residue,1
differ,1
dominance,1
embeds,1
farmstead,1
pressing,1
workshop,1
archaeogeophysical,1
invented,1
saw,1
destruction,1
connections,1
engagement,1
deagan,1
positioning,1
insignificant,1
quarterly,1
chadds,1
vertebrate,1
opposite,1
la,1
immigration,1
entanglement,1
unrelated,1
energetics,1
staking,1
widely,1
arcnaeoiogy,1
theorizing,1
contributes,1
reinventing,1
compendium,1
ranging,1
suggest,1
rico,1
diametrically,1
aspirations,1
agenda,1
penguin,1
informs,1
modification,1
aid,1
me,1
estudiao,1
today,1
road,1
succinctly,1
obey,1
matrices,1
tenant,1
movements,1
mediation,1
ecological,1
five,1
foreign,1
vision,1
testing,1
americanist,1
prose,1
foster,1
hill,1
imperatives,1
resistant,1
emic,1
foreword,1
topics,1
populist,1
recognizes,1
male,1
sway,1
palmares,1
means,1
chikinchel,1
palestinian,1
health,1
surveys,1
rethinking,1
compiles,1
lives,1
overlap,1
oddly,1
contribution,1
interplay,1
sequences,1
nonteleological,1
transformation,1
rapidly,1
deals,1
gravestones,1
homelots,1
linking,1
changes,1
es,1
masca,1
embarrassment,1
continually,1
yamin,1
existed,1
philosophies,1
researcher,1
amalgamation,1
damns,1
sage,1
table,1
enforced,1
fields,1
pronoun,1
get,1
imperialism,1
grounded,1
face,1
canada,1
provocatively,1
susan,1
enoch,1
joseph,1
spun,1
biology,1
considered,1
cambodge,1
matters,1
detail,1
environment,1
vibrations,1
resultant,1
ordered,1
singular,1
flowerdew,1
ontologies,1
exemplified,1
dishes,1
version,1
conjunction,1
comparison,1
cataloging,1
ethnoarchaeology,1
reverberated,1
bonaparte,1
theme,1
milieu,1
discrepancy,1
exposition,1
scrutiny,1
serrate,1
schaghticoke,1
temporal,1
ignore,1
palace,1
lefebvre,1
trapped,1
mixes,1
reconnaissance,1
intendants,1
text,1
privileging,1
dining,1
guilford,1
here,1
sustained,1
affirmative,1
established,1
parse,1
cover,1
savagely,1
know,1
outcome,1
positivist,1
ran,1
alternation,1
proof,1
preand,1
control,1
country,1
guarding,1
multiculturalism,1
suggestions,1
malagasy,1
reconfigurations,1
sampling,1
believe,1
cogently,1
capital,1
fabrication,1
did,1
accommodate,1
straightforward,1
argue,1
chronicled,1
soja,1
cc,1
constructions,1
knowledgeable,1
report,1
post,1
exploiting,1
entering,1
hispanic,1
salaam,1
contradictory,1
obviously,1
adhere,1
acadian,1
porcelain,1
appreciative,1
benefit,1
angloamerica,1
build,1
cities,1
going,1
mass,1
dashing,1
rural,1
proposed,1
passage,1
assessment,1
masters,1
better,1
person,1
turned,1
feminist,1
cautions,1
franciscan,1
william,1
realities,1
ethnically,1
dena,1
ual,1
mormon,1
notable,1
proceedings,1
islamic,1
transmitted,1
implicit,1
uzi,1
selected,1
triumphalist,1
ferry,1
involvement,1
plants,1
want,1
interpreter,1
brumaire,1
map,1
acculturatipn,1
adaptation,1
admiral,1
fascination,1
repetitive,1
foundations,1
correlates,1
extract,1
projection,1
sentient,1
oppositions,1
migrations,1
imperial,1
reviewed,1
episode,1
targets,1
freedom,1
travel,1
subscriptions,1
avanzados,1
deimperialize,1
popular,1
vessels,1
socioeconomic,1
yeoman,1
dialogues,1
preserved,1
careful,1
trivial,1
met,1
uniform,1
decisive,1
plunder,1
despite,1
leicester,1
marxian,1
content,1
centro,1
became,1
verification,1
giving,1
apartheid,1
alta,1
impose,1
returning,1
driscoll,1
nagpra,1
confronted,1
conventional,1
nod,1
vast,1
commodities,1
recounts,1
democratic,1
arguments,1
manufacturing,1
underwater,1
decolonize,1
prehispanic,1
dock,1
maroons,1
isolated,1
representation,1
aspect,1
postcolonial,1
relates,1
iberian,1
eric,1
ethnocentric,1
sanctioned,1
deft,1
nonarchaeologists,1
ian,1
enthusiasm,1
spirit,1
polynesia,1
devoted,1
carver,1
tell,1
commercial,1
authorial,1
arturo,1
hermeneutic,1
undue,1
z,1
crumley,1
advent,1
reitz,1
contract,1
argentina,1
camps,1
expressions,1
materials,1
write,1
charge,1
explanation,1
dangerous,1
armstrong,1
course,1
kus,1
manufacturers,1
insight,1
fauna,1
bronze,1
consumption,1
mutations,1
physical,1
etiquette,1
makers,1
reflexive,1
integration,1
attributes,1
clues,1
off,1
limitations,1
area,1
typology,1
bigger,1
magical,1
indices,1
bedeviled,1
ruth,1
anonymous,1
needs,1
moved,1
flora,1
profits,1
charles,1
endeavors,1
slavers,1
vessel,1
potential,1
assumed,1
commonsense,1
certainty,1
third,1
postclassic,1
justify,1
negotiate,1
patricia,1
informants,1
th,1
regards,1
partial,1
oceans,1
views,1
mew,1
valley,1
binfordian,1
participant,1
corn,1
abandoned,1
mismatch,1
focus,1
investígate,1
baram,1
mature,1
taylor,1
observed,1
famous,1
naoits,1
cross,1
broader,1
conversations,1
roles,1
workings,1
gold,1
richly,1
jackie,1
