WORDCOUNTS,WEIGHT
the,1076
of,1011
and,843
in,654
a,342
to,212
j,155
r,151
d,134
university,128
pp,127
archaeological,123
m,120
were,118
site,115
at,106
prehistoric,105
w,104
from,100
by,97
archaeology,96
c,96
that,95
warfare,88
for,85
eastern,84
late,84
on,84
ontario,74
as,73
l,72
e,70
new,69
g,68
h,66
p,66
mississippian,66
north,65
sites,64
is,62
museum,61
b,60
with,60
american,56
or,56
village,55
s,55
pennsylvania,52
have,51
people,50
et,50
illinois,50
was,48
their,47
it,46
an,45
archaeologist,45
historic,45
early,45
these,44
are,44
woodland,43
state,42
k,40
been,40
archeological,40
t,38
f,38
skeletons,38
some,37
journal,37
not,37
america,36
settlement,36
bulletin,36
society,34
anthropology,34
excavations,33
more,33
investigations,32
virginia,32
middle,32
among,32
such,31
research,31
societies,31
report,31
evidence,31
victims,30
conflicts,30
they,29
york,28
many,28
when,28
archaic,28
be,28
human,27
walls,27
creek,27
this,27
department,27
chiefdoms,26
than,26
southern,26
southeastern,26
river,25
skeletal,25
northern,25
often,25
groups,24
settlements,24
woodlands,24
smithsonian,24
palisades,24
valley,24
milner,23
period,23
who,23
n,22
cultural,22
several,22
time,22
where,22
anthropological,22
paper,22
great,21
kentucky,21
prehistory,21
most,21
about,21
mound,21
attacks,21
occasional,21
historical,21
intergroup,21
i,20
plains,20
century,20
small,20
reports,20
only,20
patterns,20
times,20
would,20
tennessee,20
over,20
western,19
van,19
few,19
but,19
palisaded,19
mississippi,18
there,18
papers,18
no,18
war,18
during,18
indian,18
survey,18
deaths,18
press,18
one,17
ad,17
central,17
preliminary,17
which,17
defensive,17
has,17
national,17
natural,16
into,16
population,16
fighting,16
past,16
ohio,16
its,15
violence,15
culture,15
social,15
v,15
antiquity,15
series,15
places,15
trauma,15
lake,15
recent,15
all,14
georgia,14
those,14
southwestern,14
parts,14
study,14
london,14
annual,14
southeast,14
casualties,14
while,14
remains,14
large,13
consistent,13
killed,13
ma,13
information,13
because,13
villages,13
south,13
wisconsin,13
publication,13
enemies,13
institution,13
quarterly,13
science,13
united,13
different,12
conflict,12
fort,12
presumably,12
upper,12
had,12
out,12
academic,12
monongahela,12
phase,12
communities,12
ancient,12
anthropologist,12
region,12
including,12
evolution,12
known,12
phd,12
occasionally,12
states,12
excavation,11
scalping,11
other,11
signs,11
fig,11
how,11
missouri,11
warriors,11
data,11
county,11
place,11
least,11
community,11
also,11
areas,11
took,11
political,11
analysis,11
aboriginal,11
biology,11
peoples,11
particularly,11
far,11
what,11
between,11
center,10
lexington,10
available,10
bones,10
knoxville,10
burial,10
part,10
arkansas,10
villagers,10
norris,10
periods,10
oneota,10
archeology,10
members,10
violent,10
farms,10
bureau,10
indicate,10
studies,9
archaeologists,9
iowa,9
posts,9
case,9
de,9
old,9
alabama,9
crow,9
wounds,9
earlier,9
ambushes,9
numbers,9
dc,9
lower,9
around,9
two,9
ny,9
can,9
james,9
iroquois,9
life,9
canada,9
following,9
cemetery,9
did,9
males,9
physical,9
effects,9
much,9
common,8
if,8
certainly,8
jr,8
neutral,8
tribal,8
town,8
distribution,8
found,8
iroquoian,8
change,8
up,8
st,8
geographical,8
man,8
see,8
necessary,8
cambridge,8
ann,8
current,8
each,8
cahokia,8
webb,8
palisade,8
years,8
ethnology,8
difficult,7
o,7
group,7
huron,7
osteological,7
before,7
long,7
tradition,7
differences,7
west,7
along,7
throughout,7
component,7
millennium,7
relatively,7
perspective,7
died,7
ways,7
across,7
changes,7
resource,7
result,7
international,7
buried,7
used,7
field,7
highly,7
osteoarchaeology,7
pa,7
arbor,7
populations,7
identified,7
make,7
sex,7
same,7
ethnographic,7
regional,7
variation,7
pattern,7
men,7
do,7
perhaps,7
native,7
hill,7
arrow,7
male,7
centuries,7
mounds,7
any,7
temporal,7
chicago,7
particular,7
through,7
became,7
role,7
world,7
history,7
peabody,7
occur,7
indicated,6
northeast,6
complex,6
stone,6
being,6
first,6
majority,6
kent,6
individuals,6
possible,6
review,6
cemeteries,6
bone,6
forced,6
columbia,6
even,6
midwest,6
graves,6
view,6
could,6
basin,6
oh,6
near,6
literature,6
northwest,6
structures,6
archeologist,6
excavated,6
presented,6
presence,6
weapons,6
notes,6
contact,6
expansion,6
once,6
provide,6
heritage,6
john,6
enough,6
likelihood,6
mortuary,6
examination,6
preservation,6
special,6
structure,6
rochester,6
bastions,6
must,6
athens,6
cultures,6
u,6
works,6
proceedings,6
plants,6
extent,6
reported,6
somerset,6
indians,6
indiana,6
florida,6
canadian,6
area,6
madison,6
increased,6
themselves,6
point,6
gainesville,6
strong,6
major,6
mostly,5
fortified,5
resulted,5
introduction,5
park,5
way,5
nature,5
accompanied,5
hunting,5
classified,5
dd,5
within,5
development,5
resources,5
piedmont,5
coastal,5
subsistence,5
osteology,5
distant,5
animals,5
tensions,5
females,5
organization,5
organized,5
northeastern,5
age,5
important,5
attack,5
carolina,5
michigan,5
ot,5
lakes,5
raids,5
published,5
ago,5
wi,5
ana,5
likely,5
movement,5
single,5
competition,5
east,5
lewis,5
plan,5
occupations,5
larger,5
use,5
conditions,5
harvard,5
willey,5
massacre,5
significance,5
points,5
defense,5
especially,5
systems,5
chapel,5
relative,5
inhabitants,5
precontact,5
erie,5
erected,5
wall,5
powhatan,5
maya,5
investigation,5
them,5
both,5
bodies,5
washington,5
although,5
typically,5
land,5
potential,5
era,5
mutilated,5
little,5
built,5
later,4
judging,4
determine,4
associated,4
conducted,4
occurred,4
materials,4
contexts,4
upland,4
neolithic,4
parties,4
together,4
analyses,4
atlantic,4
carnegie,4
take,4
primitive,4
sociopolitical,4
system,4
surrounded,4
soto,4
ranked,4
labor,4
chiefs,4
relations,4
santa,4
price,4
heightened,4
ferguson,4
distinct,4
memoir,4
adult,4
shell,4
drainage,4
potomac,4
elsewhere,4
situations,4
commonly,4
zimmerman,4
greater,4
closely,4
based,4
future,4
initial,4
occupation,4
transactions,4
lethal,4
intensity,4
bow,4
well,4
ditches,4
related,4
indigenous,4
patterning,4
positions,4
island,4
records,4
massacres,4
good,4
caused,4
generally,4
susquehannock,4
provided,4
postmold,4
overall,4
iroquoians,4
albany,4
indicates,4
settings,4
biological,4
approaches,4
cleveland,4
experienced,4
demographic,4
included,4
increasingly,4
toward,4
death,4
irene,4
minnesota,4
distributions,4
considerable,4
strategies,4
practice,4
frequency,4
hamilton,4
shifts,4
mill,4
northwestern,4
another,4
ine,4
considering,4
made,4
distinctive,4
lawrence,4
laboratory,4
office,4
california,4
dating,4
explorations,4
features,4
lamar,4
tendency,4
attention,4
said,4
european,4
perspectives,4
george,4
lines,4
began,4
mortality,4
frontier,4
regularly,4
school,4
springfield,4
rarely,4
changing,4
comparison,4
readily,4
hostilities,4
adults,4
form,4
emphasis,4
size,4
city,4
variability,4
earthworks,4
harrisburg,4
shown,4
powers,4
protohistoric,4
newsletter,4
contributed,4
include,4
need,4
morse,4
broader,4
indicating,4
does,3
archives,3
fraction,3
postmolds,3
pittsburgh,3
expedition,3
red,3
distributed,3
kinds,3
identify,3
true,3
jonathan,3
laid,3
apiece,3
accomplishments,3
attractiveness,3
source,3
morton,3
cherokee,3
sources,3
universitv,3
victim,3
hally,3
culturally,3
might,3
plateau,3
bloomington,3
leading,3
origin,3
shot,3
resulting,3
date,3
principal,3
somewhat,3
king,3
coalescent,3
agriculture,3
wilcox,3
fl,3
bottom,3
shenks,3
factional,3
stress,3
snidow,3
fayetteville,3
historically,3
campbell,3
immediate,3
run,3
unpublished,3
sample,3
midcontinental,3
estimates,3
individual,3
david,3
back,3
body,3
oxford,3
dates,3
left,3
publications,3
alliances,3
bogle,3
drawn,3
apparently,3
custer,3
niagara,3
wl,3
battles,3
glen,3
dampened,3
poor,3
devastating,3
injuries,3
developed,3
environments,3
risk,3
certain,3
scattered,3
means,3
green,3
ontano,3
emergence,3
fortifications,3
frequently,3
threat,3
additional,3
origins,3
powerful,3
uncertainties,3
mutilation,3
plenum,3
decades,3
management,3
strength,3
access,3
wolforth,3
deal,3
sedentary,3
events,3
big,3
oklahoma,3
monograph,3
required,3
onondaga,3
work,3
proportions,3
surprise,3
broad,3
dakota,3
status,3
received,3
encounters,3
successful,3
stage,3
politically,3
lubbub,3
soil,3
components,3
protect,3
tended,3
coast,3
using,3
rolingson,3
waiting,3
led,3
ceremonial,3
onward,3
female,3
appearance,3
interpretation,3
nonlocal,3
thought,3
under,3
us,3
favorable,3
blain,3
ky,3
largest,3
revenge,3
volume,3
fell,3
turner,3
others,3
academy,3
addition,3
smith,3
treatment,3
disturbed,3
serious,3
adjacent,3
less,3
deep,3
osteologists,3
heaps,3
number,3
valleys,3
discussion,3
institute,3
disease,3
wound,3
food,3
theoretical,3
described,3
laboratories,3
wylie,3
general,3
like,3
so,3
after,3
black,3
abundant,3
contributions,3
latter,3
valued,3
probably,3
southwest,3
burials,3
occupied,3
louisiana,3
widely,3
brown,3
carried,3
seasons,3
me,3
sometimes,3
health,3
seen,3
stockbridge,3
parsons,3
construction,3
mouse,3
considered,3
contained,3
aerial,3
complexes,3
precise,3
crab,3
constructed,3
spots,3
phillips,3
here,3
flint,3
sizes,3
sampling,3
embankments,3
then,3
losses,3
lancaster,3
powell,3
hiwassee,3
innumerable,3
living,3
protohistonc,3
accounts,3
maryland,3
larson,3
cause,3
consisting,3
local,3
studying,3
circumstances,3
recognition,3
multiple,3
williamson,3
transition,3
ecology,3
healed,3
varied,3
wild,3
until,3
models,3
arrows,3
numerous,3
public,3
greene,3
mckees,3
regular,3
roughly,3
enclosed,3
owsley,3
myers,3
gordon,3
johnson,3
views,3
focus,3
confrontations,3
frequent,2
miller,2
conneaut,2
edge,2
privately,2
stood,2
integrating,2
louis,2
designated,2
functional,2
redstone,2
grievous,2
tuscaloosa,2
measures,2
enclosing,2
mclean,2
appear,2
defenses,2
unevenly,2
replaced,2
fed,2
second,2
services,2
completely,2
walker,2
johns,2
sure,2
compilation,2
considerations,2
weaker,2
backs,2
protection,2
explicable,2
geometric,2
tells,2
exceptions,2
descriptions,2
detected,2
perimeters,2
wt,2
siouan,2
inc,2
modest,2
mckeithen,2
arrowhead,2
entailed,2
household,2
audrey,2
implications,2
investments,2
season,2
containing,2
moundville,2
comparatively,2
peck,2
seneca,2
wooden,2
toqua,2
broken,2
reasons,2
potentially,2
rich,2
arctic,2
yearbook,2
mcfate,2
greatly,2
henry,2
pertains,2
historv,2
deteriorated,2
tick,2
tolton,2
yazoo,2
fortune,2
existence,2
badly,2
plain,2
recorded,2
lamoka,2
changed,2
anasazi,2
chartiers,2
felt,2
responses,2
marked,2
soils,2
move,2
richard,2
wing,2
austin,2
whatever,2
interior,2
madisonville,2
ritual,2
brasstown,2
sand,2
harmony,2
aggression,2
charnel,2
thus,2
centralized,2
royal,2
reservoir,2
experiences,2
surely,2
relationships,2
misfortune,2
erection,2
accuracy,2
ute,2
severe,2
unwary,2
interest,2
moment,2
heilman,2
bioarcheology,2
meyer,2
expected,2
bands,2
clay,2
par,2
ct,2
better,2
mìlner,2
violently,2
profound,2
reyna,2
encompass,2
response,2
syracuse,2
houses,2
effective,2
estimate,2
oneida,2
y,2
geological,2
obscure,2
pueblo,2
unceremoniously,2
wounded,2
jones,2
hardly,2
ocmulgee,2
kewa,2
error,2
oj,2
civilization,2
recognized,2
bull,2
essential,2
played,2
réévaluation,2
without,2
constellations,2
rather,2
principally,2
convent,2
ledford,2
johnston,2
represented,2
excavators,2
sudden,2
lasted,2
supplement,2
stout,2
leave,2
perkins,2
assuming,2
disarticulated,2
danger,2
selected,2
productive,2
consequences,2
space,2
troublesome,2
raymond,2
acquisition,2
hoyme,2
severity,2
quebec,2
weak,2
characterizations,2
too,2
agricultural,2
show,2
montgomery,2
bedford,2
hood,2
faced,2
trajectories,2
beaver,2
assessments,2
conquest,2
ranges,2
expressed,2
incomplete,2
participants,2
affiliated,2
called,2
midden,2
skulking,2
effort,2
consulting,2
scenes,2
affected,2
embedded,2
further,2
equal,2
province,2
schnell,2
appears,2
produced,2
suffered,2
biases,2
expedient,2
oordt,2
decapitation,2
paleopathology,2
hopkins,2
ìroquois,2
artifacts,2
mi,2
mobilization,2
reid,2
protected,2
etowah,2
heavily,2
caught,2
criticized,2
precipitated,2
overview,2
consistently,2
issues,2
climatic,2
préhistorique,2
savannah,2
hardin,2
away,2
formations,2
systematic,2
alan,2
interpreted,2
strengthened,2
memoirs,2
trends,2
manifestation,2
either,2
researchers,2
arise,2
working,2
prevalence,2
le,2
ward,2
ramsden,2
sufficient,2
separately,2
disposition,2
allegheny,2
ill,2
eighth,2
cool,2
supposedly,2
bellicose,2
massachusetts,2
portions,2
woodstock,2
appropriate,2
value,2
skill,2
activities,2
weissner,2
survived,2
span,2
threatened,2
uncommon,2
ii,2
ridge,2
architecture,2
inclusive,2
narrowing,2
cole,2
harry,2
tor,2
interactions,2
domination,2
woods,2
ice,2
hobbesian,2
va,2
frank,2
warlike,2
ravings,2
examined,2
makes,2
trent,2
chatham,2
ne,2
schild,2
marshall,2
tn,2
lowland,2
assistance,2
si,2
flight,2
blakely,2
aggravated,2
garland,2
reliance,2
toronto,2
noted,2
williams,2
robert,2
midpoints,2
flee,2
engravings,2
angel,2
resolution,2
longhouse,2
castalian,2
broadened,2
europe,2
interred,2
put,2
towns,2
added,2
erect,2
knives,2
temples,2
uoraon,2
fleeing,2
appeared,2
inevitably,2
pacific,2
sturdy,2
diameter,2
bell,2
removal,2
simple,2
chiefdom,2
depict,2
forms,2
projectiles,2
manner,2
developing,2
armed,2
vulnerable,2
carnivore,2
fay,2
vogel,2
distance,2
encountered,2
knoll,2
thousands,2
demonstrated,2
arch,2
coherent,2
intent,2
examples,2
craig,2
bear,2
writings,2
desperate,2
previously,2
increase,2
samples,2
warrior,2
attributed,2
europeans,2
entirely,2
significant,2
cranial,2
largely,2
purposeful,2
utah,2
similar,2
clear,2
loosely,2
three,2
comprehensive,2
soldiers,2
dominated,2
crania,2
held,2
external,2
function,2
plant,2
mount,2
high,2
probable,2
fred,2
exchange,2
repeated,2
carlson,2
random,2
arizona,2
trying,2
hilltop,2
glenn,2
orchard,2
hi,2
monographs,2
ethnographically,2
ethnohistory,2
norton,2
present,2
came,2
outright,2
la,2
separate,2
farm,2
yields,2
outnumber,2
draper,2
chances,2
continued,2
movements,2
segments,2
foreign,2
impressive,2
program,2
referred,2
army,2
prowess,2
collections,2
yale,2
returned,2
overrepresentation,2
sequences,2
bows,2
why,2
arts,2
blood,2
surprising,2
fields,2
parkin,2
unusual,2
conservation,2
meant,2
wars,2
eventually,2
conclusion,2
mentioned,2
habitation,2
milwaukee,2
struck,2
characteristics,2
eng,2
organizational,2
auger,2
know,2
annis,2
control,2
exploration,2
alexander,2
down,2
milanich,2
half,2
surprised,2
iii,2
bonnie,2
ritchie,2
assessment,2
options,2
waddells,2
oliver,2
merely,2
survivors,2
camp,2
believed,2
ditch,2
funk,2
game,2
according,2
unlikely,2
catastrophic,2
notable,2
rose,2
terms,2
stability,2
multidisciplinary,2
ferry,2
opportunistic,2
scalps,2
tending,2
prestige,2
require,2
ecological,2
property,2
influenced,2
killings,2
wrongs,2
hundreds,2
categories,2
art,2
conference,2
level,2
severely,2
surveys,2
practices,2
whittlesey,2
easy,2
predecessors,2
assumptions,2
extensive,2
obtain,2
underestimate,2
maintained,2
writing,2
pharr,2
shenandoah,2
huntergatherers,2
question,2
locations,2
finding,2
dangerous,2
instead,2
obvious,2
you,2
colleagues,2
approach,2
measured,2
association,2
deer,2
specific,2
territories,2
raid,2
tribes,2
broadening,2
discontinuous,2
hills,2
reached,2
norman,2
entire,2
stockaded,2
seek,2
doing,2
showed,2
heterogeneous,2
final,1
riskier,1
appeal,1
hit,1
possessed,1
mcguerer,1
reeling,1
syntheses,1
encountering,1
simcoe,1
deny,1
cover,1
paleopatholozv,1
cultigens,1
lovejoy,1
sciulli,1
humaines,1
maumee,1
responds,1
clearville,1
shortterm,1
orford,1
generous,1
monsters,1
created,1
counselor,1
ready,1
encamped,1
concern,1
dalton,1
culminated,1
deserve,1
elliot,1
environmental,1
college,1
thrown,1
eastwall,1
massée,1
narrowly,1
resided,1
adoption,1
intersect,1
considerably,1
manuscript,1
debris,1
arth,1
mouth,1
ofclearfield,1
wo,1
arnhem,1
reinains,1
likewise,1
needed,1
mesoamerica,1
nneracnon,1
systematically,1
barracks,1
tend,1
designed,1
prime,1
hull,1
erp,1
piscataway,1
averbuch,1
summaries,1
ostensibly,1
remnants,1
stephenson,1
pressing,1
delineating,1
easily,1
morganza,1
environment,1
monolithic,1
wolf,1
blows,1
realities,1
acceptance,1
intermontane,1
mckinley,1
fixed,1
obion,1
virtually,1
allies,1
pramen,1
jockeying,1
individually,1
holding,1
interpersonal,1
robinson,1
sr,1
harvests,1
riverside,1
revered,1
nineteenth,1
pickwick,1
causes,1
bioarcneoiogy,1
claire,1
meaningless,1
binford,1
strikes,1
wanare,1
du,1
salvage,1
themes,1
arms,1
harrisbure,1
fluctuations,1
nodwell,1
bigford,1
rorida,1
throwing,1
accumulation,1
oceania,1
anthropogenic,1
knox,1
barriers,1
ethnologist,1
every,1
revisited,1
yanomamo,1
inexorable,1
jackson,1
preceding,1
roquoian,1
chunks,1
scientific,1
ándale,1
attempts,1
drastic,1
taken,1
paüer,1
wray,1
address,1
astronomical,1
overpower,1
dunnell,1
actual,1
anywhere,1
permanently,1
worked,1
divale,1
dodge,1
england,1
stemmed,1
mercury,1
furnace,1
definition,1
dane,1
òettiemem,1
marshaled,1
graveyard,1
displacement,1
archaeologically,1
attractive,1
multicomponent,1
agrarian,1
accommodate,1
mchale,1
assertion,1
desire,1
undertake,1
sociality,1
accumulated,1
excessive,1
studied,1
able,1
kekoskee,1
hundred,1
brian,1
onto,1
exalted,1
ol,1
boland,1
evolving,1
harvey,1
slaughter,1
coalescence,1
ronald,1
achieved,1
damage,1
anthropologia,1
ibaugh,1
vegetation,1
last,1
inferring,1
nm,1
consist,1
chickamauga,1
precisely,1
influences,1
keith,1
fanfare,1
dangers,1
richmond,1
normal,1
decreased,1
discipline,1
ambiguous,1
lennox,1
welsh,1
saunaktuk,1
appalachian,1
behind,1
context,1
footnote,1
designs,1
reconsidered,1
similarities,1
gathright,1
inquiry,1
side,1
classic,1
preventing,1
atlatls,1
lest,1
projectile,1
behavioral,1
prezzano,1
gaps,1
blessures,1
dying,1
save,1
key,1
unassuaged,1
task,1
knowledgeable,1
uren,1
bases,1
mass,1
gm,1
carcajou,1
zebree,1
harrisonbure,1
figs,1
trophy,1
foraging,1
gardens,1
vol,1
uneven,1
prior,1
ball,1
aspects,1
tracing,1
temperance,1
shared,1
woodside,1
southwold,1
speculation,1
mitchum,1
bibliography,1
domestic,1
runa,1
magazine,1
petexbatun,1
oktibbeha,1
rid,1
alone,1
moxley,1
apart,1
symbolic,1
mental,1
copeland,1
interdisciplinary,1
headed,1
except,1
isle,1
x,1
very,1
exchanges,1
uncertain,1
cited,1
cumberland,1
genetic,1
constrained,1
undoubtedly,1
juvenile,1
warclubs,1
clampitt,1
unhappy,1
kirtlandia,1
ng,1
meigs,1
lambert,1
engage,1
brose,1
roundly,1
gardner,1
sign,1
behavior,1
riverbank,1
diversity,1
lnsitution,1
exposed,1
knauft,1
evans,1
repeatedly,1
dispatched,1
cumulatively,1
township,1
fracture,1
jurmain,1
comments,1
differential,1
southampton,1
alignments,1
madrid,1
weakened,1
frontenac,1
dynamics,1
pockets,1
reputation,1
inevitable,1
contemporaneous,1
bent,1
since,1
barton,1
safety,1
simmons,1
precipitous,1
visited,1
pursuit,1
stains,1
fissioning,1
philosophical,1
christianson,1
scarce,1
riverton,1
regarded,1
ability,1
trench,1
accidentally,1
mixed,1
mutable,1
wherewithal,1
club,1
cf,1
theoretic,1
feuding,1
type,1
nt,1
pathological,1
vault,1
comprised,1
seaboard,1
californians,1
moorehead,1
cases,1
adam,1
maintaining,1
items,1
clark,1
interim,1
circulation,1
document,1
parker,1
severed,1
bluîî,1
bayou,1
amount,1
subjects,1
bloody,1
klunk,1
inclusion,1
cant,1
served,1
spotty,1
emphases,1
cramor,1
compared,1
innominate,1
twice,1
aninropoiogy,1
truly,1
overwhelmed,1
weight,1
tazewell,1
fieldiana,1
rhododendron,1
lela,1
unresolved,1
look,1
bennett,1
skins,1
details,1
leadership,1
making,1
competitive,1
unfortunate,1
kinsey,1
patches,1
poorly,1
funkhouser,1
traumatic,1
reef,1
mohawk,1
phases,1
higher,1
lesser,1
mechanisms,1
dodd,1
antrex,1
hamlet,1
fleche,1
abbeville,1
simultaneously,1
weapon,1
depiction,1
enhancing,1
philadelphia,1
warre,1
adequate,1
whose,1
reflects,1
locale,1
boto,1
upright,1
identification,1
act,1
interobserver,1
lucy,1
lurked,1
bristled,1
remain,1
tallahassee,1
perched,1
premodern,1
affairs,1
en,1
preparing,1
responded,1
remote,1
mean,1
fottery,1
bussell,1
suffer,1
tumbow,1
determining,1
whyte,1
proportion,1
sullins,1
interment,1
grew,1
hazardous,1
coverage,1
ceramics,1
bryan,1
mercer,1
hardships,1
columbian,1
sandy,1
lacking,1
lth,1
diameters,1
discoveries,1
nelson,1
augmented,1
overlooked,1
paleolithic,1
mortal,1
accokeek,1
constitute,1
cycles,1
reason,1
references,1
determination,1
topographic,1
category,1
injury,1
utterly,1
minatory,1
provinces,1
bad,1
dean,1
marks,1
possibly,1
flexibility,1
carve,1
les,1
occupational,1
sant,1
atwell,1
dietary,1
morgan,1
berry,1
sick,1
relocations,1
biggs,1
photographs,1
proved,1
warren,1
section,1
threatening,1
impact,1
record,1
house,1
dallas,1
corpses,1
nebo,1
shore,1
argued,1
desecrated,1
solid,1
covers,1
four,1
substage,1
overlook,1
motivates,1
embossed,1
fashioned,1
superior,1
preponderance,1
shorter,1
beyond,1
indications,1
peninsula,1
undertaken,1
enhancement,1
consequence,1
cost,1
plates,1
intentional,1
kirche,1
tunica,1
exploitation,1
reconsideration,1
infrequently,1
bruno,1
shifted,1
feeble,1
reprisals,1
dominant,1
mo,1
instrumental,1
wyoming,1
opinion,1
dug,1
participated,1
dren,1
strengthen,1
cut,1
conner,1
stands,1
thirteenth,1
righting,1
nebraska,1
reflections,1
tiffany,1
aggrieved,1
matching,1
whereas,1
burrows,1
dumbarton,1
ou,1
advance,1
formidable,1
cod,1
whom,1
identifying,1
snodgrass,1
webband,1
ethnography,1
dixon,1
tackle,1
allow,1
considération,1
harbor,1
limbs,1
histories,1
medicine,1
opposing,1
acknowledgments,1
conservative,1
extraordinary,1
hollimon,1
faunal,1
color,1
portageville,1
rediscovering,1
young,1
citv,1
relating,1
kerr,1
centers,1
lived,1
tallied,1
attigneenongnahac,1
thurston,1
arcnaeoiogicai,1
fishing,1
finney,1
hypsithermal,1
criticisms,1
pioneer,1
mcc,1
lawson,1
oiocultural,1
theaccokeek,1
viking,1
dani,1
percentages,1
captured,1
interpretations,1
featured,1
disruptive,1
acquiring,1
traversed,1
handbook,1
outnumbered,1
knit,1
outset,1
egloff,1
caldwell,1
neighboring,1
antagonists,1
understood,1
third,1
precursor,1
australasia,1
engraved,1
seizing,1
organizationally,1
alternating,1
attackers,1
anderson,1
bade,1
fisher,1
tools,1
residential,1
recently,1
conserves,1
française,1
cannot,1
sanctioned,1
woodbridge,1
harvested,1
cui,1
however,1
refuge,1
rossette,1
lyons,1
portman,1
shepard,1
networks,1
hay,1
guns,1
lut,1
larkin,1
murry,1
middleport,1
silex,1
coin,1
hartley,1
criteria,1
overlapping,1
gensler,1
gained,1
none,1
having,1
animales,1
gibbon,1
chilton,1
basis,1
schambach,1
opportune,1
gatherers,1
scavenging,1
planning,1
intense,1
rocks,1
é,1
foes,1
statehood,1
prüfer,1
ite,1
spiro,1
valles,1
carry,1
del,1
locus,1
waterway,1
admired,1
atomized,1
prominent,1
interfered,1
attacked,1
advancement,1
crude,1
miley,1
drew,1
purpose,1
clarks,1
training,1
example,1
ocher,1
knowledge,1
reduction,1
lseminger,1
stores,1
elizabeth,1
nysaa,1
childe,1
year,1
fail,1
urne,1
nubian,1
partly,1
plastered,1
accidental,1
barran,1
underscored,1
runs,1
ü,1
rows,1
pan,1
ias,1
guam,1
richland,1
augment,1
midwestern,1
macon,1
forces,1
dismissive,1
osseuse,1
reflect,1
surrounding,1
cat,1
il,1
ultimately,1
levels,1
showing,1
reconstructing,1
indianapolis,1
stanford,1
anthrodoloev,1
destruction,1
own,1
georsia,1
maimed,1
markedly,1
kincaid,1
moraine,1
healing,1
amazonia,1
lhe,1
tompkins,1
thrived,1
dragoo,1
interracial,1
programmes,1
subtle,1
distinctions,1
hardship,1
legacy,1
trasite,1
punctuated,1
ratios,1
viable,1
reanalyses,1
spatially,1
mckusick,1
heerwald,1
armories,1
flanking,1
shaping,1
prelapsarian,1
belle,1
reliable,1
speculations,1
indicators,1
carón,1
lawton,1
calumet,1
throckmorton,1
gnagey,1
cope,1
mississippl,1
sixty,1
pond,1
quite,1
chacmool,1
claim,1
emerging,1
involved,1
specifically,1
deprecatingly,1
flanary,1
nashville,1
castle,1
wadsworth,1
pike,1
spanish,1
proximate,1
winter,1
omaha,1
molto,1
migration,1
americati,1
mulberry,1
breaking,1
peace,1
fire,1
met,1
decline,1
channen,1
ancestral,1
ancestors,1
alluvial,1
stealth,1
westmoreland,1
division,1
core,1
tollifero,1
always,1
managed,1
scott,1
progress,1
extracted,1
harpeth,1
results,1
sea,1
environmentally,1
diminished,1
grateful,1
ee,1
norm,1
macdonald,1
inhabiting,1
am,1
mcjunkin,1
massive,1
capturing,1
parks,1
seemed,1
wield,1
deerskins,1
barbara,1
chronological,1
haas,1
flourished,1
voi,1
battle,1
defended,1
approximated,1
collingwood,1
hatch,1
tasks,1
partially,1
stirling,1
units,1
situation,1
arrangement,1
bourbon,1
escalate,1
ramifications,1
süecial,1
biocultural,1
stronger,1
minor,1
hiver,1
prompting,1
reexamine,1
onset,1
toltec,1
matter,1
nonetheless,1
territorial,1
various,1
conway,1
beazcl,1
buttress,1
action,1
economic,1
indicative,1
musée,1
short,1
synthesis,1
papua,1
knight,1
located,1
quivers,1
bullard,1
gully,1
alliance,1
cannibalism,1
koster,1
waukesha,1
nn,1
corporation,1
motivated,1
defensible,1
fragmentation,1
greenville,1
mcja,1
coleman,1
exception,1
opposed,1
proponents,1
cared,1
reduce,1
reconstruction,1
reappraisal,1
semicircular,1
garden,1
tidewater,1
targeted,1
labored,1
unfamiliar,1
incinerator,1
backed,1
innovation,1
humaine,1
archaeoloev,1
selection,1
antagonisms,1
kampsville,1
tellico,1
gooden,1
dymock,1
davis,1
hoe,1
purcell,1
calculate,1
forts,1
flowerdew,1
simultaneous,1
cobb,1
incursion,1
accompaniments,1
relied,1
pompey,1
fair,1
oasis,1
wake,1
suited,1
cayuga,1
happened,1
fights,1
serve,1
soon,1
precolumbian,1
array,1
continuity,1
sociocultural,1
technology,1
trou,1
formally,1
largerscale,1
populated,1
orange,1
kaper,1
thesis,1
shortcuts,1
hands,1
sociological,1
home,1
falls,1
planned,1
transformations,1
complete,1
protomstoric,1
inordinate,1
baltimore,1
ed,1
dan,1
algonkian,1
wright,1
robust,1
ont,1
schultz,1
reprint,1
involving,1
belonging,1
already,1
insights,1
delaware,1
memorial,1
contains,1
qualified,1
burkett,1
gravitation,1
larimore,1
slain,1
ausmus,1
esarey,1
bordering,1
longer,1
double,1
regardless,1
alteration,1
prevented,1
rauerns,1
funerary,1
interests,1
museums,1
french,1
westward,1
paul,1
jeffrey,1
challenge,1
locust,1
moiicauons,1
mark,1
again,1
preferences,1
piled,1
uugum,1
rock,1
projects,1
generously,1
meninitis,1
wpa,1
efforts,1
artists,1
lengthy,1
shows,1
outside,1
ceramic,1
avec,1
ossuary,1
mckenzie,1
fishbasket,1
deterioration,1
conduct,1
head,1
scholars,1
stimulus,1
lesion,1
cumulative,1
pressure,1
pursuers,1
instability,1
iberian,1
harmon,1
uneasy,1
òtte,1
environs,1
trips,1
mountainous,1
intimidated,1
lc,1
reru,1
murphy,1
attempting,1
cornish,1
children,1
grave,1
daily,1
slicing,1
mohr,1
vernon,1
never,1
incorporation,1
forge,1
plagued,1
demonstrating,1
fallen,1
slackwater,1
orendorfsite,1
southwind,1
sellars,1
debated,1
doubt,1
binehamton,1
resolved,1
fashion,1
imperfect,1
geier,1
success,1
stored,1
honor,1
jako,1
connecuon,1
may,1
emmons,1
hand,1
insane,1
everyday,1
locales,1
hampshire,1
ground,1
tales,1
corps,1
tally,1
formation,1
clusters,1
road,1
adventurers,1
tne,1
moche,1
lexineton,1
empire,1
accepted,1
hinterlands,1
structural,1
supersedes,1
underscores,1
sniping,1
coincided,1
hides,1
exotic,1
mainland,1
attitude,1
poles,1
ryan,1
pete,1
eds,1
lean,1
robson,1
stylistically,1
blanch,1
redmond,1
onoville,1
mésolithique,1
spaced,1
argument,1
northerly,1
league,1
stalked,1
identifiable,1
thoroughly,1
lists,1
perimortem,1
interpretive,1
muner,1
polities,1
remained,1
fc,1
maccord,1
manifestion,1
fight,1
walthall,1
olmstead,1
original,1
grouping,1
recognizing,1
aggregation,1
engagement,1
horizon,1
understanding,1
luck,1
collecting,1
nodena,1
exploring,1
investment,1
extended,1
vast,1
robertson,1
skepticism,1
chiefly,1
upon,1
mothers,1
ambush,1
matthews,1
pathology,1
iviemuir,1
sides,1
thomsonwalker,1
giles,1
systematics,1
deposits,1
deliberately,1
melanesian,1
guinea,1
distinctly,1
enormous,1
strongest,1
manifestations,1
escalated,1
opportunity,1
murdered,1
grisly,1
expression,1
feasting,1
ofst,1
culbertson,1
inhibitions,1
additions,1
emphasize,1
refers,1
dress,1
rescue,1
nutwood,1
taphonorruc,1
band,1
situationally,1
inflicted,1
questions,1
coulter,1
rare,1
recovery,1
engaged,1
nothing,1
continue,1
friction,1
koehler,1
misclassification,1
untano,1
unawares,1
sissel,1
rapanui,1
initiatives,1
armes,1
trade,1
postât,1
low,1
copetown,1
afterward,1
arcnaic,1
reality,1
directed,1
elk,1
peripheral,1
mt,1
agreement,1
feature,1
mead,1
peter,1
abductions,1
amounts,1
poznání,1
rozhledy,1
jutted,1
christopher,1
pride,1
ri,1
variant,1
reviewers,1
stopy,1
revised,1
spread,1
fellow,1
stockade,1
gates,1
skulls,1
enclosures,1
mask,1
mexico,1
brindale,1
collected,1
distinction,1
obtained,1
mountain,1
easter,1
filled,1
carson,1
interacted,1
provides,1
martin,1
thomas,1
adequately,1
excavating,1
iseminger,1
jesuit,1
jebel,1
oxbow,1
unambiguous,1
potoinac,1
facing,1
problems,1
fatal,1
traumatique,1
internal,1
floral,1
plum,1
intenor,1
sequence,1
narrow,1
combatants,1
kays,1
suffers,1
tactics,1
unoccupied,1
adams,1
displayed,1
depictions,1
accordingly,1
oconee,1
attendant,1
hunters,1
hardy,1
oak,1
hard,1
differ,1
adaptations,1
robbins,1
archeologicke,1
cape,1
figures,1
titicut,1
governor,1
district,1
pottery,1
hope,1
venturing,1
wes,1
increases,1
immigration,1
gleaned,1
performing,1
coordinated,1
genesis,1
ras,1
goodhue,1
driftless,1
raiding,1
cnapter,1
gibson,1
assigned,1
fueled,1
layouts,1
dawnie,1
perry,1
publishing,1
decomposed,1
education,1
richest,1
fairly,1
zranèní,1
jadm,1
hostile,1
bold,1
stream,1
oanulgee,1
institutions,1
chance,1
usually,1
cedar,1
extinguish,1
summerville,1
anazazi,1
defenders,1
plays,1
ministry,1
claimed,1
fear,1
upham,1
exacerbated,1
novak,1
paleodemographic,1
logan,1
fewer,1
repairing,1
primarily,1
sauer,1
attacking,1
disagreements,1
monuments,1
excluding,1
directions,1
deposit,1
strongly,1
force,1
société,1
effectively,1
lives,1
importantly,1
wilson,1
remaining,1
jt,1
ofguntersville,1
shells,1
spanning,1
quicksburg,1
archeologie,1
settled,1
regionalism,1
microchronology,1
kill,1
wan,1
colonizing,1
antiquities,1
dead,1
jf,1
stratified,1
bypass,1
supporting,1
monaco,1
rhe,1
roebuck,1
instances,1
get,1
préhistoriques,1
ridges,1
mirror,1
chamorro,1
weeden,1
eugene,1
gathered,1
chattahoochee,1
odawa,1
hapless,1
ferrv,1
blackman,1
digital,1
detail,1
stephen,1
weisman,1
claims,1
classification,1
burned,1
dissertation,1
estimating,1
scream,1
share,1
victoria,1
sexes,1
heavy,1
paleoepidenuology,1
material,1
broke,1
ornate,1
mcleod,1
comes,1
confronted,1
complexity,1
cambridce,1
cataloging,1
minneapolis,1
proficient,1
hernando,1
allatoona,1
demonstrate,1
simply,1
geographic,1
posey,1
constituted,1
ever,1
reinforced,1
municipality,1
bush,1
bioarchaeological,1
longhouses,1
causées,1
recognizable,1
cypress,1
beckstead,1
homicides,1
pointe,1
rival,1
discrete,1
southward,1
carbondale,1
occurrences,1
diets,1
griffin,1
vujage,1
shannon,1
disdain,1
sustained,1
alternative,1
quaternary,1
originated,1
satellite,1
set,1
linear,1
feurt,1
centrai,1
mcgill,1
coincides,1
locke,1
butler,1
metropolitan,1
outcome,1
massee,1
berkeley,1
branches,1
unavailable,1
continental,1
idr,1
bemmel,1
deficiencies,1
stamp,1
commonplace,1
thwart,1
chapman,1
debilitating,1
methodist,1
boone,1
assistaeronon,1
attribute,1
prolific,1
pickering,1
seem,1
board,1
believe,1
best,1
unknown,1
specially,1
clubbed,1
appendix,1
intrusive,1
argue,1
constructions,1
scavengers,1
wolfe,1
grenville,1
intersected,1
allied,1
branch,1
provoke,1
erupting,1
sudan,1
grey,1
miesse,1
unevenness,1
disperse,1
enemy,1
goods,1
researches,1
acworth,1
edible,1
dumped,1
separating,1
dundas,1
hilltops,1
domesticated,1
adler,1
weiser,1
pictures,1
chesapeake,1
cnmmissinn,1
hamlets,1
propitious,1
advances,1
texas,1
risky,1
ideally,1
pushing,1
unimportant,1
annuals,1
subordinate,1
animal,1
guggenheim,1
hobson,1
defend,1
scholarly,1
correlate,1
heads,1
exposing,1
answered,1
donley,1
spatial,1
whether,1
belessures,1
hanging,1
commemorating,1
ones,1
sociology,1
supremacist,1
against,1
sione,1
quirze,1
go,1
mere,1
firmly,1
theory,1
temporally,1
angela,1
penetration,1
problem,1
heavier,1
powhatans,1
chapter,1
prepare,1
getting,1
cincinnati,1
correlates,1
exhumed,1
projection,1
calhoun,1
bioarchaeology,1
yield,1
almost,1
observations,1
missed,1
mîlner,1
paleoecology,1
amelioration,1
cutmarks,1
praying,1
ville,1
interprétation,1
targets,1
grand,1
des,1
prairies,1
luscaioosa,1
popular,1
objective,1
underlings,1
varieties,1
platerremi,1
emergent,1
displace,1
bath,1
rescued,1
pits,1
screens,1
edwards,1
ambushed,1
safeguarded,1
witn,1
despite,1
behaviors,1
november,1
die,1
techniques,1
ìì,1
lies,1
besien,1
damaged,1
went,1
fostering,1
territory,1
sheets,1
measure,1
encounter,1
domesticates,1
rbranèmi,1
bari,1
copper,1
secured,1
mitigation,1
isolated,1
churo,1
representation,1
au,1
fine,1
gain,1
terminal,1
susquehanna,1
mcclelland,1
our,1
cheryl,1
examinations,1
mucpiim,1
trophies,1
oi,1
polynesia,1
lodged,1
staffs,1
storable,1
cycling,1
survival,1
recording,1
theme,1
differentiation,1
unable,1
forethought,1
invasion,1
difference,1
interested,1
lands,1
rediscovery,1
unencumbered,1
initiated,1
intensified,1
conetown,1
contract,1
knights,1
grant,1
indistinguishable,1
mode,1
course,1
applicable,1
approximately,1
advantageous,1
americas,1
moomaw,1
grown,1
repon,1
cooper,1
harri,1
usa,1
discolorations,1
ga,1
filson,1
clearest,1
smaller,1
heartland,1
exceeding,1
ortner,1
defined,1
recourse,1
vojenství,1
fractures,1
daub,1
charlottesville,1
comprising,1
clish,1
captain,1
enclosure,1
bry,1
surgeons,1
ranged,1
relationship,1
summary,1
tram,1
anonymous,1
needs,1
thousand,1
charles,1
midcontinent,1
endeavors,1
rice,1
searching,1
written,1
modeling,1
taking,1
upstate,1
paleoindian,1
regularity,1
ensuring,1
kayenta,1
shrank,1
mystery,1
ascendancy,1
consisted,1
vary,1
transitory,1
stemming,1
symbol,1
partial,1
holley,1
uncertainty,1
substantial,1
element,1
sciences,1
edenic,1
interaction,1
adopted,1
divergent,1
abandoned,1
images,1
technological,1
comparable,1
whenever,1
cross,1
profiles,1
building,1
successive,1
ca,1
signals,1
race,1
mistaken,1
close,1
continuously,1
ashtabula,1
bury,1
customarily,1
retrospect,1
emerged,1
