WORDCOUNTS,WEIGHT
the,1047
of,641
in,438
and,411
inca,311
a,219
that,138
to,133
de,112
on,95
as,94
is,88
this,74
was,71
p,70
by,67
from,65
pp,60
research,59
settlement,58
regional,57
were,57
archaeological,57
state,55
data,52
j,50
for,49
university,48
political,47
an,46
with,43
coast,41
inka,40
not,40
occupation,39
at,37
area,37
m,36
valley,35
control,33
c,33
sites,31
region,31
la,31
y,30
archaeology,30
local,30
andean,30
are,30
be,30
del,29
empire,29
titicaca,29
other,28
there,28
late,28
new,28
it,27
american,27
historical,27
economic,26
period,26
el,25
these,25
imperial,25
evidence,25
their,24
work,24
t,24
but,24
e,23
r,23
have,23
site,22
highlands,22
administrative,22
early,22
survey,21
has,21
coastal,21
basin,21
g,20
en,20
or,20
patterns,20
history,19
organization,19
many,19
iowa,18
some,18
most,18
more,18
they,17
large,17
one,17
central,17
storage,17
no,17
peru,17
los,17
andes,17
scholars,17
pattern,17
major,17
into,16
cultural,16
its,16
diez,16
time,16
pottery,16
both,16
d,16
nature,15
within,15
centers,15
during,15
south,15
southern,15
strategies,15
different,15
very,15
s,14
stanish,14
provincial,14
peruvian,14
areas,14
documents,14
been,14
through,14
between,14
such,13
impact,13
revista,13
than,13
horizon,13
he,13
also,13
lake,13
antiquity,13
anthropological,13
rostworowski,13
studies,12
conquest,12
highland,12
i,12
changes,12
well,12
intermediate,12
spanish,12
comparative,12
two,12
k,12
we,12
north,12
tradition,11
may,11
intensive,11
lima,11
chincha,11
based,11
island,11
populations,11
department,11
instituto,11
number,11
argues,11
theoretical,11
can,11
where,11
series,11
over,11
did,11
economy,11
surveys,11
built,11
throughout,10
development,10
his,10
l,10
earlier,10
expansion,10
reorganization,10
museum,10
ecological,10
analysis,10
colonial,10
conquered,10
much,10
center,9
archaeologists,9
production,9
case,9
methodologies,9
provinces,9
latin,9
tiwanaku,9
rule,9
estudios,9
ethnohistorical,9
suggest,9
few,9
indicates,9
existing,9
cambridge,9
which,9
huamachuco,9
provide,9
each,9
phd,9
while,9
little,9
complex,8
approaches,8
vol,8
prior,8
topic,8
york,8
similar,8
means,8
just,8
arqueología,8
important,8
had,8
out,8
austin,8
indirect,8
province,8
used,8
moquegua,8
several,8
smithsonian,8
texas,8
under,8
v,8
road,8
less,8
use,8
b,8
institution,8
nacional,8
reconnaissance,8
agricultural,8
our,8
f,7
cuzco,7
sacred,7
british,7
tawantinsuyu,7
kind,7
even,7
sun,7
direct,7
w,7
found,7
international,7
oklahoma,7
schreiber,7
et,7
chillón,7
us,7
ancient,7
bar,7
power,7
polities,7
degree,7
significant,7
regions,7
systems,7
interpretations,7
northern,7
who,7
any,7
habitation,7
natural,7
particularly,7
museo,7
documentary,7
tambos,6
conducted,6
h,6
first,6
valle,6
great,6
those,6
far,6
controlled,6
labor,6
review,6
cases,6
perspective,6
strategy,6
view,6
near,6
future,6
indigenous,6
aztec,6
polity,6
field,6
le,6
up,6
about,6
only,6
lack,6
incorporation,6
model,6
analyzed,6
understanding,6
including,6
described,6
exchange,6
effect,6
she,6
indicate,6
construction,6
colonists,6
incorporated,6
mantaro,6
matos,6
sierra,6
assessment,6
almost,6
menzel,6
suggests,6
level,6
entire,6
world,6
surface,6
reorganized,6
recent,6
if,5
introduction,5
settlements,5
methodology,5
modern,5
prehispanic,5
point,5
cieza,5
along,5
incas,5
excavations,5
journal,5
process,5
storehouses,5
established,5
specialization,5
record,5
historia,5
prehistoric,5
focused,5
population,5
osmore,5
characterization,5
part,5
test,5
database,5
approach,5
using,5
notes,5
architecture,5
roads,5
represents,5
included,5
do,5
discovered,5
so,5
collected,5
distinction,5
note,5
un,5
itself,5
abandonment,5
following,5
tambo,5
set,5
domestic,5
utilized,5
qualitatively,5
middle,5
altered,5
administration,5
territory,5
varied,5
models,5
years,5
difference,5
land,5
altiplano,5
chicago,5
strong,5
broader,5
way,4
later,4
territorial,4
kinds,4
marcus,4
sampling,4
all,4
seems,4
rich,4
styles,4
cerro,4
context,4
autonomous,4
key,4
information,4
household,4
ritual,4
framework,4
santa,4
publications,4
permits,4
huánuco,4
developed,4
collasuyu,4
levels,4
centralization,4
study,4
von,4
empires,4
pampa,4
argued,4
origins,4
suggested,4
greater,4
result,4
academic,4
colonies,4
reconnaissances,4
brought,4
structures,4
systematic,4
least,4
around,4
small,4
presence,4
core,4
describes,4
provided,4
periods,4
processual,4
pilgrimage,4
noted,4
towns,4
contemporary,4
geography,4
bauer,4
see,4
pease,4
coincident,4
style,4
increase,4
elite,4
empirical,4
willey,4
characterized,4
change,4
like,4
high,4
mexico,4
provides,4
assessing,4
ethnohistory,4
european,4
impressive,4
bulletin,4
system,4
environment,4
must,4
know,4
intellectual,4
anthropology,4
paper,4
specialized,4
ideological,4
past,4
terms,4
theory,4
her,4
city,4
press,4
ecology,4
silva,4
lupaqa,4
chile,4
colla,4
kingdom,4
include,4
although,4
define,4
elites,4
substantial,4
editorial,4
difficult,3
fortified,3
groups,3
market,3
administered,3
likewise,3
tokvo,3
systematically,3
western,3
excavation,3
occurred,3
before,3
descriptions,3
pioneers,3
contexts,3
military,3
assess,3
chroniclers,3
help,3
ordenanzas,3
principal,3
papers,3
designs,3
sociedad,3
existence,3
sought,3
sixteenth,3
foreigners,3
establishment,3
economies,3
conflict,3
differential,3
southwestern,3
since,3
scarce,3
adopted,3
century,3
canal,3
profound,3
amount,3
back,3
oxford,3
served,3
general,3
generation,3
arqueológicas,3
mechanisms,3
essential,3
without,3
landscape,3
killke,3
factors,3
biases,3
river,3
carhuarazo,3
upper,3
alta,3
ecuador,3
dc,3
could,3
histories,3
typical,3
though,3
appears,3
viewed,3
intensity,3
placed,3
universidad,3
hierarchies,3
knowledge,3
policies,3
issues,3
broad,3
ethnohistoric,3
gonzález,3
project,3
status,3
good,3
working,3
stage,3
tested,3
politically,3
contrast,3
when,3
espinoza,3
chungará,3
massive,3
geographical,3
society,3
therefore,3
san,3
minor,3
variety,3
materials,3
indeed,3
located,3
islands,3
intensively,3
still,3
estado,3
movement,3
guarnan,3
relied,3
coverage,3
paradox,3
same,3
already,3
social,3
fact,3
pacific,3
covey,3
royal,3
perhaps,3
shifts,3
valleys,3
examples,3
una,3
upon,3
harvard,3
questions,3
processes,3
real,3
muñoz,3
california,3
trade,3
murra,3
would,3
contributions,3
ann,3
probably,3
differ,3
sociopolitical,3
fifty,3
relationship,3
alto,3
imperialism,3
began,3
littoral,3
life,3
existed,3
centuries,3
poma,3
associated,3
material,3
mentioned,3
león,3
known,3
precise,3
constructed,3
earle,3
shrine,3
best,3
argue,3
siglos,3
differed,3
what,3
unique,3
them,3
particular,3
imposed,3
thames,3
demonstrated,3
size,3
given,3
role,3
cañete,3
techniques,3
transition,3
rio,3
sistema,3
junin,3
question,3
promoted,3
building,3
states,3
texts,3
abandoned,3
peabody,3
resources,3
does,2
o,2
imported,2
created,2
affected,2
shrines,2
orthogonal,2
alone,2
cerámicos,2
properly,2
designed,2
authority,2
true,2
monolithic,2
former,2
unlike,2
hatun,2
total,2
cornell,2
cultura,2
detected,2
princeton,2
various,2
either,2
ha,2
sources,2
universitv,2
taken,2
historians,2
culturally,2
might,2
pampas,2
principles,2
available,2
advantage,2
imperio,2
inherent,2
religion,2
carnegie,2
integrate,2
greatly,2
raised,2
reworking,2
discipline,2
recorded,2
stanìsh,2
urton,2
primary,2
america,2
agriculture,2
inga,2
design,2
marked,2
illustrate,2
drive,2
pacariqtambo,2
vaca,2
sifuentes,2
exist,2
xauxa,2
includes,2
collapse,2
relationships,2
documento,2
immediate,2
silent,2
terraces,2
intact,2
base,2
relatively,2
estilos,2
forced,2
subacuáticas,2
unity,2
distinct,2
developments,2
underlying,2
evident,2
torata,2
garcilaso,2
kinship,2
fieldiana,2
antropología,2
nuanced,2
van,2
profoundly,2
town,2
air,2
grid,2
generations,2
angeles,2
how,2
remain,2
premodern,2
basic,2
rather,2
importance,2
grew,2
certain,2
sanctuary,2
evolution,2
prehistory,2
locally,2
dichotomy,2
emergence,2
sum,2
n,2
problems,2
exploitation,2
method,2
coca,2
grupos,2
whereas,2
diachronic,2
societies,2
moon,2
access,2
intellectuals,2
owen,2
handbook,2
left,2
santuarios,2
chicama,2
arqueológico,2
wari,2
approached,2
facilities,2
dumbarton,2
criteria,2
because,2
intense,2
tool,2
london,2
chiquitoy,2
whole,2
place,2
lower,2
people,2
personal,2
stanford,2
rowe,2
detailed,2
staple,2
published,2
valles,2
describing,2
fostered,2
canseco,2
long,2
executed,2
arquitectura,2
methodological,2
annual,2
paid,2
roots,2
frontera,2
chronological,2
institut,2
will,2
reduced,2
statecraft,2
identified,2
incaicos,2
address,2
echoing,2
expanded,2
comments,2
strategic,2
surveyed,2
guide,2
communities,2
yet,2
interpretation,2
santoro,2
compiled,2
infrastructure,2
culture,2
largest,2
frameworks,2
picture,2
useful,2
qosqo,2
birthplace,2
ramírez,2
titikala,2
others,2
pumpu,2
efforts,2
joyce,2
occupations,2
utilizing,2
larger,2
anthropologist,2
vini,2
paris,2
purposes,2
establish,2
forth,2
origin,2
native,2
catarpe,2
range,2
asentamiento,2
valcárcel,2
largely,2
rivers,2
virtually,2
ethnic,2
rare,2
redistributive,2
sees,2
significance,2
comprehensive,2
peripheral,2
histórica,2
señoríos,2
interpret,2
times,2
architectural,2
features,2
mountain,2
accurate,2
probable,2
cambios,2
comparing,2
craft,2
stand,2
recoverable,2
xvi,2
structure,2
morris,2
versus,2
arbor,2
concluded,2
widely,2
space,2
étnicos,2
bureau,2
indicators,2
altitude,2
order,2
investigators,2
wilson,2
recognize,2
fields,2
lago,2
americanist,2
considered,2
dissertation,2
school,2
dispersed,2
mundo,2
asentamientos,2
simply,2
extensive,2
aymara,2
rivero,2
colorado,2
defining,2
garrisons,2
nobility,2
variable,2
contextual,2
down,2
intrusive,2
clearly,2
goods,2
reflected,2
distinctive,2
las,2
believed,2
according,2
preexisting,2
whether,2
ones,2
nearby,2
maintain,2
distribution,2
installations,2
lynch,2
huge,2
minimal,2
travel,2
incaico,2
etnia,2
ruled,2
centro,2
became,2
variability,2
asessment,2
phenomenon,2
formation,2
argument,2
intensified,2
advent,2
illinois,2
twentieth,2
numerous,2
national,2
instead,2
americas,2
consumption,2
sur,2
unified,2
heartland,2
defined,2
seeks,2
nonmarket,2
nonhabitation,2
remains,2
association,2
shift,2
territories,2
potential,2
km,2
supply,2
reached,2
norman,2
calendars,2
seek,2
zones,2
should,2
previously,2
sandweiss,2
looking,2
heterogeneous,2
ima,1
desirable,1
residing,1
entities,1
literal,1
tokyo,1
now,1
hocquenghem,1
ambiente,1
formulated,1
rate,1
hecha,1
paralleled,1
situate,1
obligations,1
helaine,1
common,1
indicated,1
stylistic,1
coránica,1
fase,1
broadest,1
outcome,1
functional,1
investigaciones,1
northernmost,1
battle,1
represent,1
librairie,1
extreme,1
elaborating,1
formaciones,1
chilena,1
measures,1
combine,1
totally,1
stands,1
originate,1
connecticut,1
mouth,1
ayacucho,1
mesoamerica,1
discover,1
replaced,1
conflicts,1
piura,1
por,1
essays,1
maize,1
stone,1
linkages,1
live,1
sets,1
continent,1
anthropologically,1
strictly,1
oracle,1
johns,1
española,1
ms,1
policy,1
flores,1
ceremonial,1
comparisons,1
emphasize,1
mainland,1
encourage,1
vestiges,1
pasture,1
scientist,1
araueoloeía,1
criticizing,1
nineteenth,1
kollao,1
client,1
permitted,1
inventario,1
forcible,1
disturbances,1
highlight,1
corvée,1
being,1
said,1
came,1
transitions,1
provision,1
permit,1
modest,1
specifically,1
reconstructions,1
certainly,1
unambiguously,1
originally,1
fund,1
implications,1
give,1
vols,1
kilometers,1
guaranga,1
believe,1
emerged,1
fragmentary,1
ourselves,1
bloomington,1
words,1
gary,1
subject,1
moderna,1
secondary,1
agrarian,1
azul,1
suggesting,1
together,1
own,1
thank,1
differences,1
exotic,1
torres,1
lîtikaka,1
tandem,1
able,1
nondescript,1
brian,1
concludes,1
characterizing,1
expense,1
take,1
subsequent,1
outset,1
xx,1
milla,1
improved,1
emphasized,1
chiefdoms,1
concepts,1
subterráneo,1
decreased,1
committed,1
dd,1
costeros,1
cuenca,1
contents,1
posts,1
capac,1
growing,1
nodes,1
reserva,1
evaluation,1
side,1
occasional,1
sophisticated,1
foundation,1
botanical,1
inadequate,1
limatambo,1
anthropologists,1
albeit,1
task,1
continuum,1
incorporate,1
ofpremodern,1
addresses,1
representations,1
intermediaries,1
chapter,1
carretera,1
quantities,1
holocene,1
possible,1
politics,1
origen,1
chronicler,1
semirural,1
reaching,1
establishing,1
alter,1
julian,1
bibliography,1
prehispanicos,1
west,1
apart,1
variations,1
say,1
reflecting,1
etnias,1
relocated,1
geomorphological,1
givers,1
señorío,1
zonation,1
tied,1
dominio,1
here,1
callachaca,1
comunista,1
tribute,1
relies,1
piedmont,1
hombre,1
goal,1
million,1
boliviana,1
centralized,1
hilltops,1
análisis,1
economía,1
pftnianns,1
madrid,1
riego,1
component,1
reino,1
due,1
visited,1
hierarchy,1
author,1
interest,1
characteristic,1
storehouse,1
reyes,1
económicas,1
application,1
jr,1
actas,1
insofar,1
utilizes,1
extensively,1
expected,1
unwilling,1
beorchia,1
norte,1
mesopotamian,1
ureo,1
rank,1
old,1
innovation,1
feasible,1
ceramics,1
ediciones,1
convincing,1
contrary,1
fig,1
body,1
ithaca,1
compulsory,1
columbia,1
houses,1
compared,1
applying,1
unchanged,1
effective,1
inkawasi,1
witnessed,1
alliances,1
find,1
skew,1
formulate,1
políticas,1
terrace,1
bolivia,1
pueblo,1
communication,1
look,1
spite,1
allpanchis,1
horca,1
furthermore,1
appreciated,1
traditions,1
kidder,1
observatory,1
leadership,1
piedra,1
influence,1
walls,1
realigned,1
costa,1
higher,1
sislo,1
media,1
assessed,1
opposed,1
poor,1
simultaneously,1
added,1
premode,1
elevating,1
trapezoidal,1
récit,1
andamarca,1
purely,1
encompassed,1
breadth,1
reexamining,1
explicit,1
malpass,1
arze,1
longest,1
notion,1
remote,1
habitacional,1
mammals,1
players,1
represented,1
deprived,1
paz,1
flexible,1
connected,1
locations,1
entre,1
derived,1
dê,1
parts,1
disintegration,1
achievements,1
drenaje,1
cansada,1
resettlement,1
distant,1
nonsystematic,1
productive,1
augmented,1
abundant,1
foufid,1
precious,1
support,1
plaza,1
references,1
arid,1
perceptions,1
nor,1
descripción,1
ensure,1
gonzales,1
foreotten,1
encourages,1
linked,1
franco,1
elsewhere,1
producers,1
fronteras,1
numbers,1
cobo,1
enhancement,1
house,1
frequently,1
reviewed,1
listed,1
benefited,1
potters,1
orientation,1
four,1
squier,1
show,1
polanyi,1
resource,1
azapa,1
readings,1
indications,1
isolation,1
andinas,1
monografía,1
plenum,1
shifted,1
huayna,1
providing,1
decades,1
cut,1
differently,1
appear,1
myths,1
highest,1
viejo,1
incapable,1
tacahuay,1
bureaucracy,1
peruana,1
expressed,1
closely,1
concentration,1
location,1
junín,1
hands,1
called,1
critically,1
frye,1
embracing,1
lived,1
economics,1
issue,1
ocean,1
fishing,1
radical,1
hopkins,1
mythical,1
zone,1
noting,1
viking,1
configuration,1
emerge,1
imprenta,1
territorio,1
vigorous,1
markets,1
continuidades,1
big,1
extracting,1
maule,1
density,1
luttwak,1
equally,1
understood,1
informed,1
fishermen,1
wenner,1
meticulously,1
prehispánico,1
districts,1
altroy,1
symbols,1
etnografía,1
dispersal,1
binghamton,1
applied,1
scale,1
mitimae,1
appearing,1
fish,1
discus,1
metals,1
noroeste,1
explain,1
taught,1
networks,1
premise,1
acknowledgments,1
gods,1
umarp,1
stations,1
departamento,1
expressions,1
eliminate,1
sparse,1
technical,1
eyewitness,1
taxes,1
pedro,1
vizguerra,1
network,1
bound,1
basis,1
distinguish,1
accounting,1
degrees,1
artifacts,1
inferred,1
scope,1
scatters,1
postoccupational,1
preferred,1
concept,1
adjuncts,1
simplification,1
prominent,1
significantly,1
su,1
purpose,1
casa,1
apparent,1
calls,1
tombs,1
resettlements,1
mitmas,1
administrativo,1
pyramids,1
topa,1
gender,1
sociedades,1
elizabeth,1
servicio,1
dozens,1
pisos,1
dynasties,1
sums,1
aldea,1
gave,1
consistently,1
northwest,1
chinchasuyos,1
topographical,1
jai,1
expansive,1
unos,1
suppliers,1
records,1
des,1
expansionist,1
actually,1
inkas,1
documented,1
lifeways,1
piazza,1
justification,1
hydraulic,1
canberra,1
complemented,1
rise,1
occured,1
couple,1
cornerstone,1
alliance,1
memoirs,1
feast,1
markedly,1
contradictions,1
extremo,1
redistribution,1
sampled,1
relaciones,1
errors,1
continuidad,1
traders,1
agriculturally,1
creating,1
perú,1
transplanted,1
huarco,1
viable,1
recursos,1
responsibility,1
multiyear,1
socialist,1
involve,1
resolving,1
nine,1
selectivamente,1
villagers,1
rarer,1
imposition,1
consolidation,1
reaches,1
quite,1
emerging,1
event,1
bonol,1
autonomy,1
piurana,1
wider,1
highly,1
components,1
julien,1
australian,1
reported,1
decline,1
essentially,1
villages,1
differing,1
visible,1
progress,1
chimu,1
chinchaysuyos,1
results,1
tschopik,1
appropriate,1
patrones,1
rn,1
finds,1
francais,1
valuable,1
kingship,1
paya,1
avoid,1
survived,1
integrating,1
portion,1
leche,1
critical,1
licenciado,1
highlights,1
descriptivo,1
demand,1
driven,1
onset,1
absence,1
andina,1
myriad,1
resettled,1
scientific,1
reminiscences,1
gren,1
wrote,1
service,1
palabra,1
tempted,1
limited,1
successes,1
corporation,1
classic,1
impose,1
tropical,1
standardization,1
converted,1
reconstruction,1
centrales,1
says,1
intervention,1
make,1
americana,1
manifest,1
standing,1
unprecedented,1
modes,1
anthrovoloeist,1
hold,1
templo,1
verticality,1
single,1
para,1
percentage,1
hayashida,1
potsherds,1
competition,1
incursion,1
edited,1
qolqampata,1
fascinating,1
treaty,1
security,1
sausa,1
accident,1
marginal,1
coincidental,1
legitimation,1
serve,1
hegemonic,1
precolumbian,1
counterparts,1
sociocultural,1
technology,1
rebounded,1
sociología,1
parte,1
antiauitv,1
tax,1
pf,1
patrón,1
homogeneous,1
transformations,1
tschudi,1
promotes,1
rising,1
every,1
formalized,1
baltimore,1
inferences,1
comentarios,1
prehispanica,1
reports,1
cerámica,1
reconnoitered,1
sector,1
avoided,1
harper,1
huarochin,1
volume,1
enclaves,1
ceramic,1
alteration,1
inhabitants,1
walled,1
leader,1
unmistakably,1
heritage,1
book,1
omission,1
technique,1
gobierno,1
stronger,1
garrison,1
again,1
maría,1
academy,1
locating,1
pointed,1
conceived,1
varies,1
ask,1
vega,1
andeanists,1
quebrada,1
visita,1
rock,1
experienced,1
residence,1
complementary,1
summing,1
incorporates,1
provincia,1
longer,1
main,1
idea,1
valid,1
underestimated,1
socorama,1
occurrence,1
importation,1
aegis,1
plan,1
segunda,1
mien,1
crop,1
renovables,1
ideology,1
socialiste,1
nucleated,1
centinela,1
urbanized,1
incaica,1
mítico,1
substantially,1
doubt,1
variation,1
resolved,1
católica,1
distributions,1
parallel,1
functionally,1
discussed,1
enlarge,1
removal,1
honor,1
never,1
conclusions,1
outside,1
took,1
cajararca,1
locales,1
fullcoverage,1
discussing,1
developing,1
skewing,1
accepted,1
hastorf,1
karl,1
weavers,1
foot,1
arqueologia,1
hassig,1
practice,1
homenaje,1
colony,1
deep,1
appropriating,1
chungara,1
nueva,1
governance,1
explicitly,1
free,1
encountered,1
outlines,1
identifiable,1
remained,1
another,1
lurin,1
pachacamacan,1
redman,1
empirically,1
aggregation,1
private,1
argentino,1
referred,1
greatest,1
extended,1
divided,1
hillsides,1
coherent,1
producción,1
indiana,1
gordon,1
easier,1
made,1
discovery,1
sacrifices,1
maritime,1
incidents,1
itinerario,1
systematics,1
enhanced,1
rehabilitation,1
revert,1
predominates,1
manufactured,1
contacts,1
silverman,1
manifestations,1
recover,1
usurped,1
identification,1
varying,1
host,1
controlling,1
operated,1
andines,1
refers,1
ynga,1
affects,1
complements,1
resulting,1
recovery,1
canon,1
examination,1
paredones,1
pérou,1
full,1
involves,1
subsurface,1
negotiating,1
militaristic,1
xv,1
tunsukancha,1
clear,1
chambillas,1
reality,1
theoretician,1
puna,1
urbanism,1
neoevolutionary,1
points,1
dominated,1
congreso,1
logic,1
held,1
individual,1
citv,1
christopher,1
allowed,1
reviewers,1
length,1
eisenstadt,1
statistically,1
traveled,1
obtained,1
stages,1
hacienda,1
solstice,1
after,1
misunderstanding,1
producciones,1
primer,1
municipal,1
abbeville,1
random,1
biblioteca,1
arquitectónicos,1
mathews,1
más,1
metròpoli,1
arqueológica,1
alpine,1
constructing,1
realm,1
precolombian,1
correct,1
become,1
unreported,1
implication,1
begs,1
present,1
saw,1
adorno,1
quarter,1
semiautonomous,1
division,1
decision,1
gist,1
buildings,1
summary,1
ardiles,1
carried,1
accepting,1
aspirations,1
mayta,1
suggestion,1
relying,1
entail,1
modification,1
dual,1
publishing,1
nohceramic,1
fairly,1
continued,1
tomo,1
río,1
investi,1
serendipitous,1
plays,1
practitioners,1
sol,1
hill,1
select,1
vertical,1
entity,1
wiener,1
cápac,1
primarily,1
complicate,1
monuments,1
camino,1
concluding,1
transformed,1
strongly,1
rethinking,1
seventeenth,1
force,1
returned,1
parsons,1
ramirez,1
cementerio,1
legitimacy,1
comechingonia,1
whereby,1
cronica,1
class,1
methods,1
implementing,1
expectations,1
fe,1
máximo,1
exists,1
frame,1
sandstone,1
ensayos,1
face,1
articles,1
combines,1
photographs,1
middens,1
wanka,1
forests,1
plus,1
quantitatively,1
echoes,1
sections,1
revolutionized,1
authorities,1
rarely,1
then,1
precedence,1
historian,1
ayala,1
dislocations,1
conclusion,1
ethnological,1
complexity,1
changing,1
intensification,1
banco,1
grand,1
cataloging,1
founded,1
complexes,1
constituted,1
indígenas,1
hypothesized,1
speculating,1
continues,1
characteristics,1
área,1
theme,1
recognizable,1
totality,1
observation,1
costin,1
supported,1
varón,1
enigma,1
sherds,1
sciences,1
organizational,1
creations,1
montaña,1
command,1
vásquez,1
resonance,1
berkeley,1
dimension,1
época,1
ciclo,1
aldeanos,1
colonization,1
extant,1
principle,1
ilo,1
pedestrian,1
valencia,1
worth,1
december,1
extraction,1
américa,1
roman,1
exploration,1
monumentos,1
albarracinjordan,1
capital,1
unknown,1
ecológicos,1
half,1
constructions,1
cui,1
report,1
sucre,1
last,1
reliability,1
ff,1
locumba,1
rely,1
buen,1
trabajo,1
mercaderes,1
written,1
cities,1
visión,1
rural,1
proposed,1
hamlets,1
advances,1
governing,1
ideally,1
destroyed,1
places,1
concrete,1
beginning,1
ideologies,1
william,1
romero,1
virtual,1
cusco,1
ruins,1
fuller,1
literature,1
notable,1
proceedings,1
investigation,1
discharge,1
combined,1
implicit,1
selected,1
form,1
list,1
making,1
accounts,1
rebellion,1
intensivo,1
supports,1
add,1
covers,1
map,1
baudin,1
extent,1
ustariz,1
comparison,1
periphery,1
studying,1
abruptly,1
apparently,1
emphasis,1
urban,1
contain,1
port,1
categories,1
socioeconomic,1
apparatus,1
careful,1
age,1
transport,1
bray,1
met,1
conclude,1
uniform,1
emperor,1
sea,1
prospect,1
puente,1
chaupiyunga,1
easy,1
giving,1
predecessors,1
intended,1
lies,1
assumptions,1
controls,1
bona,1
photograph,1
reconstruct,1
complementarity,1
manufacturing,1
discussion,1
qualitative,1
challenges,1
disrupted,1
allows,1
isolated,1
hilltop,1
writing,1
fide,1
recovered,1
caiamarca,1
contrasts,1
estatales,1
andino,1
naturales,1
multiethnic,1
chiribaya,1
commercial,1
rasgos,1
interested,1
lands,1
nonlethal,1
finding,1
quest,1
formulates,1
argentina,1
paradigm,1
recovering,1
washington,1
commentaries,1
socialista,1
approximately,1
horizontefondo,1
regionales,1
disagree,1
manufacture,1
cautionary,1
smaller,1
effects,1
lupaca,1
colleagues,1
fue,1
chimor,1
pontificia,1
speak,1
archaic,1
canons,1
wealth,1
anonymous,1
needs,1
intergroup,1
specific,1
charles,1
allá,1
removed,1
haines,1
third,1
recounted,1
themselves,1
bottoms,1
scholarship,1
views,1
exclusively,1
astronomy,1
northwestern,1
develop,1
traditional,1
images,1
offers,1
billman,1
exploraciones,1
repartimiento,1
hecho,1
cited,1
symbolism,1
hypothesis,1
