WORDCOUNTS,WEIGHT
the,759
of,756
and,681
in,482
aztec,340
a,177
to,176
m,154
de,151
e,128
mexico,114
university,110
at,102
from,91
pp,89
on,85
that,83
for,81
basin,80
as,80
r,74
imperial,72
production,63
f,61
late,61
new,57
studies,56
by,56
archaeological,55
j,54
are,52
culture,52
d,51
have,50
is,49
with,49
et,48
were,47
i,42
early,41
h,40
regional,39
be,39
t,38
archaeology,38
s,36
p,36
sites,36
been,36
political,35
was,35
data,35
postclassic,35
evidence,35
la,34
l,33
ancient,33
period,33
american,32
an,32
del,32
exchange,32
ceramics,31
empire,31
g,30
other,29
antropología,29
but,29
nacional,29
en,28
hodge,28
mesoamerica,27
state,27
ad,27
no,27
this,27
ceramic,27
craft,27
dates,26
during,26
obsidian,26
c,26
or,25
excavations,24
mesoamerican,24
instituto,24
it,23
such,23
research,23
more,23
radiocarbon,23
urban,23
valley,23
has,22
prehispanic,22
polities,22
into,21
y,21
latin,20
regions,20
settlement,20
el,20
city,20
recent,20
central,19
than,19
b,19
arqueología,19
society,19
communities,19
these,19
smith,19
náhuatl,19
outside,19
iii,19
vol,18
economies,18
study,18
centers,18
goods,18
rural,18
since,17
tribute,17
chalco,17
near,17
department,17
systems,17
colonial,17
xaltocan,16
chronology,16
also,16
trade,16
times,16
not,16
institute,16
they,15
may,15
tenochtitlan,15
place,15
within,14
codex,14
their,14
k,14
produced,14
dumbarton,14
templo,14
museum,14
two,14
which,14
current,14
report,14
history,13
ii,13
some,13
provinces,13
organization,13
recovered,13
its,13
social,13
where,13
made,13
lake,13
can,13
northern,13
economy,13
between,13
texts,13
market,12
one,12
contexts,12
great,12
after,12
based,12
cultural,12
revealed,12
change,12
ceremonial,12
economic,12
material,12
local,12
decorated,12
ann,12
salt,12
center,11
complex,11
san,11
méxico,11
conquest,11
used,11
press,11
patterns,11
compositional,11
chronologies,11
use,11
land,11
analysis,11
agricultural,11
documentary,11
sources,10
serving,10
morelos,10
w,10
most,10
show,10
greater,10
found,10
population,10
survey,10
memoirs,10
presence,10
about,10
documents,10
cultura,10
sequences,10
antiquity,10
temple,10
control,10
las,10
both,10
remains,10
much,10
oklahoma,9
well,9
polychrome,9
politically,9
many,9
areas,9
arbor,9
associated,9
cities,9
cloth,9
art,9
vessels,9
mayor,9
increased,9
norman,9
major,9
western,8
all,8
analyses,8
dr,8
u,8
household,8
neutron,8
review,8
york,8
rather,8
landscape,8
estudios,8
markets,8
though,8
field,8
core,8
fiber,8
activation,8
only,8
time,8
honor,8
tlatelolco,8
mexica,8
parsons,8
los,8
matos,8
revista,8
surveys,8
practices,8
ca,8
stylistic,7
pittsburgh,7
hydration,7
system,7
ritual,7
fig,7
publications,7
journal,7
toltec,7
changes,7
record,7
lópez,7
part,7
year,7
boundaries,7
ana,7
comparative,7
charlton,7
estado,7
insights,7
distance,7
number,7
households,7
sherds,7
different,7
capital,7
domestic,7
william,7
distribution,7
suggests,7
through,7
cambridge,7
otumba,7
thousand,7
traditional,7
red,6
large,6
essays,6
diego,6
nature,6
there,6
those,6
investigations,6
iowa,6
papers,6
case,6
zone,6
throughout,6
development,6
site,6
serra,6
locally,6
n,6
origins,6
dominant,6
suggested,6
dc,6
location,6
could,6
events,6
universidad,6
artifacts,6
imports,6
small,6
several,6
ot,6
will,6
otis,6
expansion,6
community,6
under,6
tènochtitlan,6
michael,6
homenaje,6
perhaps,6
style,6
elite,6
products,6
california,6
individual,6
v,6
independent,6
indicate,6
dishes,6
did,6
according,6
map,6
subject,6
specialists,6
aztecs,6
texcoco,6
among,6
imported,5
mendoza,5
village,5
settlements,5
clarifying,5
file,5
agriculture,5
quantities,5
prior,5
politics,5
taxation,5
manuscript,5
mine,5
unpublished,5
ware,5
phases,5
identification,5
emergence,5
impact,5
cotton,5
had,5
societies,5
erosion,5
initial,5
topics,5
occupation,5
chimalpahin,5
required,5
information,5
because,5
future,5
work,5
cuauhtitlan,5
teotihuacan,5
tributary,5
indigenous,5
suggest,5
around,5
spanish,5
few,5
villages,5
periods,5
chronological,5
units,5
located,5
southern,5
projects,5
lack,5
pattern,5
took,5
less,5
strategies,5
ine,5
region,5
emphasize,5
sequence,5
so,5
provides,5
structure,5
we,5
pottery,5
factors,5
sacred,5
paper,5
tèxcoco,5
historical,5
preimperiai,5
beginning,5
while,5
size,5
became,5
writing,5
autónoma,5
include,5
ciudad,5
effects,5
supported,5
views,5
zones,5
now,4
o,4
brumfiel,4
triple,4
investigaciones,4
affected,4
excavation,4
before,4
archaeologists,4
textual,4
date,4
decreased,4
dd,4
corresponded,4
resources,4
controlled,4
labor,4
human,4
chinampa,4
thus,4
relationships,4
attest,4
reported,4
hierarchy,4
relatively,4
relations,4
tucson,4
items,4
perspective,4
concerning,4
body,4
tenochca,4
houses,4
paste,4
whose,4
essential,4
without,4
how,4
remain,4
levels,4
ongoing,4
monumental,4
clearly,4
utah,4
mexicana,4
appear,4
prehistoric,4
polity,4
approach,4
relaciones,4
published,4
contrast,4
soil,4
mi,4
annual,4
dependent,4
maguey,4
populations,4
identified,4
overall,4
classic,4
americana,4
strategic,4
opportunities,4
orange,4
al,4
rojas,4
reports,4
strata,4
colección,4
volume,4
described,4
showing,4
siglo,4
another,4
nahua,4
range,4
previously,4
rare,4
dating,4
weaving,4
urbana,4
characterized,4
like,4
earlier,4
ethnohistory,4
tula,4
pictorial,4
cuauhnahuac,4
provide,4
ecological,4
albion,4
quiñones,4
who,4
un,4
lapidary,4
anales,4
anthropological,4
must,4
known,4
precise,4
ortiz,4
distinctive,4
iv,4
texas,4
places,4
phd,4
form,4
accounts,4
particular,4
socioeconomic,4
presented,4
centro,4
contribute,4
materials,4
states,4
conquered,4
comparison,4
specific,4
assumed,4
elites,4
arizona,4
final,3
valle,3
later,3
shrines,3
trans,3
view,3
evans,3
distributed,3
needed,3
stone,3
ma,3
ways,3
duke,3
occurred,3
arqueológicos,3
implications,3
dirección,3
chinampas,3
seems,3
puebla,3
archaeologically,3
suggesting,3
differences,3
closer,3
berdan,3
rethinking,3
culhuacan,3
continuum,3
account,3
international,3
insight,3
correlation,3
collection,3
factional,3
phase,3
boca,3
sanders,3
clay,3
consejo,3
compared,3
networks,3
tarascan,3
azteca,3
van,3
caso,3
pochteca,3
developed,3
spatial,3
certain,3
parts,3
offering,3
discoveries,3
space,3
precious,3
mary,3
presumed,3
resource,3
beyond,3
restriction,3
important,3
export,3
caches,3
irrigation,3
española,3
result,3
appearance,3
typical,3
demands,3
austin,3
pure,3
standardized,3
crc,3
explain,3
aspects,3
hierarchies,3
nichols,3
provincial,3
planning,3
knowledge,3
gender,3
elizabeth,3
editorial,3
constitute,3
documented,3
ethnohistoric,3
employed,3
fieldwork,3
ixtapalapa,3
stanford,3
smithsonian,3
paid,3
using,3
correspondence,3
literacies,3
provided,3
preliminary,3
south,3
variety,3
vanderbilt,3
architecture,3
limited,3
culver,3
interactions,3
single,3
para,3
fit,3
us,3
included,3
congruent,3
same,3
lacked,3
indian,3
traders,3
patterning,3
bar,3
others,3
efforts,3
longer,3
niwot,3
segunda,3
figurines,3
adjacent,3
tne,3
wood,3
remained,3
larger,3
preliminar,3
developmental,3
examples,3
una,3
assemblages,3
including,3
increase,3
manifestations,3
expand,3
top,3
coyotlatelco,3
lhe,3
editores,3
clear,3
held,3
rulers,3
architectural,3
would,3
high,3
courtyard,3
comparing,3
internal,3
article,3
often,3
exported,3
attention,3
veracruz,3
cerámica,3
censers,3
inside,3
cuenca,3
seen,3
began,3
fall,3
types,3
when,3
contained,3
demonstrate,3
determinants,3
offered,3
offers,3
alternative,3
berkeley,3
over,3
agricultura,3
past,3
works,3
combined,3
list,3
cuexcomate,3
predate,3
utilitarian,3
museo,3
northwestern,3
despite,3
territory,3
extended,3
world,3
our,3
tlaloc,3
formation,3
models,3
locations,3
offer,3
integrated,3
defined,3
association,3
territories,3
potential,3
km,3
contrasting,3
entire,3
focus,3
southeastern,3
carved,2
díaz,2
estimated,2
if,2
groups,2
represent,2
extend,2
northeast,2
introduction,2
ambiente,2
becoming,2
conducted,2
offerings,2
myth,2
designed,2
precede,2
referring,2
anthropology,2
trace,2
comparisons,2
filleted,2
difusión,2
em,2
indígena,2
being,2
said,2
first,2
doershuk,2
culturally,2
concentrated,2
might,2
emerged,2
definition,2
shaped,2
tlahuica,2
available,2
borders,2
highland,2
histories,2
duran,2
cholula,2
reveal,2
onto,2
composition,2
religion,2
polychromes,2
styles,2
help,2
tfenochtitlan,2
emphasized,2
influences,2
principal,2
robert,2
missouri,2
key,2
primary,2
sought,2
conditioned,2
possible,2
characterize,2
bibliography,2
quantity,2
geomorphological,2
bowls,2
anticipated,2
confederations,2
análisis,2
ronald,2
mt,2
merchants,2
due,2
analyzing,2
molded,2
medio,2
terraces,2
catálogo,2
interest,2
characteristic,2
regarded,2
sahagún,2
expected,2
ct,2
academic,2
refer,2
porrúa,2
served,2
pasado,2
whorls,2
even,2
colecciones,2
apparently,2
pulido,2
oj,2
lesser,2
mechanisms,2
rights,2
olmedo,2
oxford,2
via,2
town,2
growth,2
unam,2
mexican,2
subsistence,2
represented,2
lasted,2
castellana,2
contributions,2
tecpan,2
support,2
understand,2
empires,2
acquisition,2
hold,2
image,2
specialization,2
tènochca,2
broda,2
dated,2
presumably,2
just,2
informe,2
aly,2
house,2
too,2
orientation,2
four,2
underwater,2
additional,2
shorter,2
painted,2
plenum,2
atlixco,2
strategy,2
disclosed,2
diachronic,2
closely,2
my,2
identifying,2
memory,2
faunal,2
traditionally,2
mapping,2
shared,2
ethnohistorical,2
term,2
accurately,2
further,2
war,2
arqueológico,2
tools,2
appears,2
recently,2
obras,2
scale,2
monograph,2
metals,2
absolute,2
directions,2
mapped,2
literature,2
bc,2
received,2
example,2
apparent,2
marketplace,2
overview,2
castillo,2
people,2
chalca,2
gonzález,2
estrategia,2
interpreted,2
horizon,2
trends,2
markedly,2
excavated,2
caused,2
huexotla,2
stimulated,2
long,2
nashville,2
workshops,2
degradation,2
treasures,2
specializations,2
productivity,2
results,2
newly,2
geographical,2
activities,2
portion,2
turquoise,2
furnished,2
visually,2
corporation,2
nearly,2
still,2
above,2
indicates,2
domination,2
selection,2
competition,2
springs,2
yet,2
interpretation,2
thought,2
technology,2
historia,2
nahuas,2
specimens,2
commoner,2
light,2
complete,2
ed,2
begins,2
noted,2
stones,2
mound,2
toward,2
put,2
caciques,2
striking,2
complementing,2
appeared,2
come,2
identity,2
incorporation,2
nucleated,2
amecameca,2
contemporary,2
outpost,2
pennsylvania,2
anthropologist,2
mesoamenca,2
conclusions,2
do,2
monographs,2
present,2
mazapán,2
model,2
compositionally,2
existing,2
establish,2
income,2
metropolitan,2
acerca,2
regionally,2
bulletin,2
interpreting,2
analyzed,2
classes,2
understanding,2
programa,2
vast,2
alliance,2
discovery,2
canals,2
samples,2
findings,2
significant,2
traded,2
submitted,2
processes,2
soconusco,2
cihuatecpan,2
revised,2
general,2
function,2
mount,2
obtained,2
administrative,2
tèpetlaoztoc,2
standard,2
payment,2
oxbow,2
favored,2
valued,2
satisfy,2
elaborate,2
parallel,2
arqueológica,2
geográficas,2
editors,2
garcia,2
alvarado,2
equivalent,2
terracing,2
institution,2
specialties,2
widely,2
assigned,2
publishing,2
note,2
continued,2
attributes,2
domains,2
foreign,2
ideology,2
testing,2
maps,2
martos,2
monuments,2
dimensions,2
collections,2
yale,2
carballal,2
visual,2
life,2
why,2
construction,2
proyecto,2
frontier,2
lip,2
centuries,2
gathered,2
tënochtitlan,2
sociedad,2
earliest,2
acquired,2
environment,2
any,2
growing,2
dispersed,2
mentioned,2
geographic,2
constructed,2
palace,2
klor,2
defining,2
each,2
descriptions,2
specialized,2
garrisons,2
sizes,2
appendix,2
foundation,2
ideological,2
linked,2
enemy,2
very,2
living,2
assessment,2
believed,2
webster,2
sus,2
manuscripts,2
her,2
thames,2
periphery,2
migrations,2
influenced,2
limitations,2
emphasis,2
categories,2
middle,2
nj,2
tortolero,2
xochimilco,2
role,2
varied,2
lists,2
years,2
decrease,2
conditions,2
chemical,2
stratification,2
wish,2
azcapotzalco,2
fauna,2
although,2
correlated,2
consumption,2
need,2
green,2
area,2
alva,2
boletín,2
carbon,2
close,2
serpents,2
cortés,2
correlate,2
chicago,2
era,2
composing,2
capilco,2
censuses,2
peabody,2
strong,2
profiles,2
meeting,2
built,2
cited,2
cordova,1
woven,1
superiores,1
hector,1
go,1
does,1
smoke,1
mountaintops,1
decentralized,1
juego,1
child,1
metal,1
ofrendas,1
calibrated,1
common,1
way,1
ambivalence,1
fertile,1
insect,1
reporte,1
populous,1
names,1
úe,1
scholar,1
jet,1
created,1
degraded,1
administered,1
cells,1
environmental,1
episodes,1
determine,1
worthy,1
implies,1
miguel,1
poorer,1
ultimate,1
lemtonai,1
debris,1
mouth,1
colegio,1
likewise,1
measurable,1
agua,1
residences,1
objetos,1
systematically,1
mapa,1
algunas,1
neighborhoods,1
authority,1
sets,1
postdate,1
sumptuary,1
explantions,1
subregional,1
peaks,1
approaches,1
lhalco,1
mit,1
modern,1
ballcourt,1
park,1
flows,1
boulder,1
archaeoastronomical,1
hernán,1
títulos,1
virtually,1
trabajo,1
variants,1
ethnohistoncal,1
holding,1
cornell,1
ethnoarchaeological,1
exceptions,1
quauhtochco,1
something,1
lowlands,1
buffer,1
nonetheless,1
oaks,1
corroborates,1
princeton,1
diversity,1
annals,1
du,1
factorssuch,1
permitted,1
women,1
leads,1
fires,1
cutting,1
predominantly,1
round,1
exposed,1
attribute,1
plunket,1
tamilies,1
fundación,1
unearthed,1
huastec,1
northcentral,1
hence,1
isla,1
revisited,1
expands,1
topographic,1
fortified,1
román,1
chronicles,1
tènayuca,1
learned,1
class,1
military,1
attempts,1
questioned,1
attempt,1
astronomical,1
meaning,1
beautiful,1
advanced,1
england,1
official,1
pilgrimage,1
words,1
containing,1
dorset,1
best,1
tradition,1
automobile,1
agrarian,1
plebeians,1
broken,1
daily,1
accompanied,1
desire,1
thank,1
timing,1
exotic,1
rich,1
producing,1
assembled,1
base,1
admittedly,1
revisions,1
futura,1
imperio,1
studied,1
link,1
descubrimientos,1
thanks,1
originales,1
quantified,1
demographic,1
intercambio,1
take,1
debt,1
deemed,1
hands,1
mujeres,1
achieved,1
improved,1
silent,1
greatly,1
marine,1
concepts,1
gifts,1
classified,1
totee,1
platforms,1
lagos,1
item,1
signs,1
governors,1
lifetimes,1
visibility,1
livelihood,1
moctezumas,1
vásquez,1
context,1
tubería,1
corroborating,1
documenting,1
side,1
con,1
occasional,1
generosity,1
epecapa,1
eastern,1
patronato,1
draws,1
foothold,1
auction,1
design,1
gardens,1
low,1
placement,1
holocene,1
subimperiai,1
químico,1
marked,1
compelling,1
outlying,1
chronicler,1
omissions,1
sixteenth,1
activity,1
tracing,1
fortresses,1
slight,1
powers,1
alter,1
coyoacán,1
measuring,1
west,1
stratigraphy,1
combination,1
variations,1
point,1
say,1
dinteles,1
x,1
far,1
exchanges,1
dedicado,1
sobre,1
interior,1
representing,1
tequisquite,1
moral,1
pelota,1
cedla,1
apologies,1
overlaps,1
cultivation,1
funciones,1
duiiaers,1
framework,1
apartments,1
tradicional,1
regarding,1
goal,1
documentos,1
centralized,1
includes,1
lujan,1
collapse,1
affiliation,1
que,1
southwestern,1
historically,1
accuracy,1
explained,1
religión,1
costumes,1
dynamics,1
mantas,1
quality,1
accommodation,1
surrounded,1
resembling,1
tehuacan,1
exploración,1
grupo,1
sediment,1
philosophical,1
huitzilopochtli,1
scarce,1
xipe,1
divine,1
domain,1
mixed,1
heterogeneity,1
santa,1
towers,1
issued,1
application,1
feb,1
cf,1
encyclopedia,1
liaioc,1
anuas,1
militarily,1
media,1
utilizes,1
topic,1
engendering,1
nonstate,1
vanished,1
learning,1
kind,1
transitional,1
thing,1
noblewomen,1
cases,1
precludes,1
distinct,1
nor,1
adopted,1
self,1
urbanization,1
altec,1
evident,1
canal,1
document,1
archaeoastronomy,1
fees,1
ediciones,1
marriage,1
encompass,1
ithaca,1
columbia,1
six,1
nistory,1
allowing,1
òocial,1
bone,1
continuous,1
entrepôts,1
witnessed,1
vendors,1
compare,1
stratigraphie,1
águilas,1
geological,1
drawn,1
peasantry,1
terrace,1
grammatical,1
corpus,1
mesoamencanas,1
vice,1
uiossary,1
thelma,1
precapitalist,1
traditions,1
humano,1
molotla,1
influence,1
acknowledge,1
word,1
impressions,1
rates,1
catastrophe,1
arqueológicas,1
capitals,1
oztoticpac,1
industries,1
operation,1
philadelphia,1
recognized,1
adequate,1
neff,1
predicted,1
basil,1
underway,1
subjected,1
rendón,1
muñón,1
grid,1
main,1
centered,1
primers,1
stuccoed,1
postcontact,1
basic,1
uninhabited,1
reference,1
fastest,1
centralization,1
pilgrimages,1
tb,1
globales,1
process,1
untimely,1
lasting,1
knotted,1
paillés,1
walls,1
supplement,1
eight,1
importance,1
entre,1
leave,1
pisos,1
catalogs,1
dialogue,1
special,1
albuaueraue,1
postimperial,1
white,1
evolution,1
animals,1
clarification,1
front,1
periodic,1
shell,1
shining,1
asociación,1
plaza,1
means,1
reason,1
soul,1
references,1
houmier,1
inauguration,1
petrogiiîos,1
ensure,1
varios,1
biased,1
prehistory,1
municipal,1
possibly,1
established,1
organized,1
falloff,1
slippery,1
section,1
elsewhere,1
producers,1
days,1
marking,1
receiving,1
traces,1
northeastern,1
novohispana,1
dobyns,1
facsimile,1
reviewed,1
calendar,1
monumento,1
mixtures,1
undated,1
ministers,1
diaz,1
gleaming,1
albuquerque,1
postdating,1
shed,1
predates,1
followed,1
position,1
etnográfico,1
mordant,1
requires,1
robbie,1
exploitation,1
reconsideration,1
answers,1
rendered,1
hueytlatoani,1
muerte,1
coincide,1
providing,1
drawing,1
cut,1
temporally,1
atlanta,1
artistic,1
honduras,1
whereas,1
ranges,1
araueolozía,1
raw,1
yielding,1
standards,1
ixtapalapatènochtitlan,1
dyeing,1
basalt,1
walk,1
martinez,1
cloak,1
rule,1
search,1
called,1
access,1
tlatejolco,1
effort,1
resembles,1
changed,1
rooms,1
requirements,1
mythical,1
atlcahualo,1
diet,1
shield,1
tires,1
xocoyotzin,1
spinning,1
fuel,1
punishment,1
notas,1
excavación,1
neighboring,1
understood,1
hinterland,1
prehispánico,1
bancomer,1
cuadernos,1
tlacotepec,1
province,1
dubernard,1
viewed,1
residential,1
etnografía,1
cannot,1
serie,1
excellent,1
industria,1
contiguous,1
wealth,1
however,1
òettlement,1
designations,1
wide,1
method,1
criteria,1
technical,1
eyewitness,1
taxes,1
guerrero,1
sharpening,1
distinguish,1
relief,1
makers,1
introducción,1
updated,1
urbanos,1
mayer,1
sculpture,1
guipliem,1
instituted,1
nine,1
dissatisfaction,1
mixtee,1
prompted,1
nc,1
hispanic,1
heavily,1
characterization,1
lengua,1
murals,1
tarly,1
explains,1
mjseb,1
ten,1
bowl,1
restructuring,1
desarrollo,1
roll,1
municipio,1
tale,1
describe,1
island,1
intermediate,1
refined,1
unos,1
archeology,1
partly,1
reportedly,1
records,1
concentrate,1
seated,1
actually,1
falling,1
stimulate,1
perishable,1
netted,1
augment,1
geoarchaeolosy,1
comunidad,1
inferred,1
transported,1
consistent,1
personal,1
surrounding,1
accord,1
complemented,1
rise,1
elección,1
rulership,1
artifact,1
status,1
visions,1
own,1
feast,1
following,1
sampled,1
refuse,1
either,1
ecológico,1
bibliographies,1
concentrates,1
cabrera,1
tilancingo,1
redware,1
officials,1
start,1
commerce,1
painting,1
level,1
working,1
useful,1
deity,1
altepetl,1
buildings,1
reliable,1
dictionary,1
canoe,1
investigación,1
alto,1
través,1
order,1
imposition,1
rutgers,1
fuentes,1
tetla,1
emerging,1
event,1
family,1
maiy,1
intervals,1
ixtlilxochitl,1
specified,1
exemplifies,1
migration,1
wider,1
concerns,1
highly,1
revealing,1
resolution,1
depression,1
composed,1
industry,1
anthrnnnloev,1
florentine,1
met,1
distinguished,1
feats,1
interpretations,1
intrapolity,1
sculptures,1
mythological,1
patience,1
generally,1
beacon,1
london,1
progress,1
cosmology,1
universty,1
necessity,1
commemorative,1
aztlan,1
altogether,1
diminished,1
appropriate,1
value,1
finds,1
sitio,1
moved,1
battlement,1
sophistication,1
gordon,1
nyaration,1
invest,1
esculturas,1
haces,1
barbara,1
compilación,1
threatened,1
integrating,1
voi,1
critical,1
consideraciones,1
horizons,1
statuses,1
investigating,1
sylvia,1
io,1
minor,1
diachronie,1
colors,1
absence,1
contact,1
various,1
summarize,1
xochiyaoyotl,1
letters,1
scientific,1
employ,1
tezozomoc,1
energetics,1
correlating,1
unification,1
materiales,1
imagery,1
service,1
cartography,1
centersinfluenced,1
militar,1
midcje,1
onward,1
islands,1
albany,1
epetiaoztoc,1
exception,1
reorganization,1
prevailing,1
alianza,1
supplementing,1
convince,1
formative,1
dotar,1
sedation,1
necessary,1
intervention,1
make,1
garden,1
expanded,1
comments,1
afield,1
outer,1
movement,1
utilization,1
masons,1
seemingly,1
impacto,1
aligned,1
crónica,1
comets,1
chinampera,1
guzman,1
southeast,1
fighting,1
percentage,1
metates,1
guide,1
sincere,1
contributing,1
relied,1
fascinating,1
vs,1
midsize,1
makes,1
requiring,1
paradox,1
alongside,1
acknowledgments,1
array,1
continuity,1
metallurgical,1
restricted,1
tèotihuacan,1
ia,1
populated,1
boundary,1
signaling,1
nexquipayac,1
clarified,1
compiled,1
processing,1
national,1
analytical,1
rectangular,1
taken,1
proceden,1
accelerated,1
excellence,1
largest,1
belonging,1
already,1
nateioico,1
cultivated,1
memorial,1
reliance,1
williams,1
umberger,1
densely,1
angel,1
routes,1
río,1
inhabitants,1
postmazapán,1
starting,1
recinto,1
name,1
splendidly,1
law,1
jeffrey,1
améquemecan,1
fell,1
death,1
pastes,1
vega,1
towns,1
decorative,1
rock,1
added,1
residence,1
doméstico,1
performance,1
población,1
interdisciplinary,1
joyce,1
causality,1
consideration,1
fundamental,1
scholars,1
indies,1
feather,1
environs,1
tributo,1
mural,1
renovables,1
washineton,1
inevitably,1
practical,1
overseen,1
john,1
featuring,1
omitted,1
end,1
códices,1
estimation,1
variation,1
book,1
seldom,1
reflect,1
pochtla,1
depict,1
forms,1
men,1
antropologia,1
learn,1
procesos,1
everyday,1
geography,1
balustrades,1
covered,1
manner,1
keys,1
unit,1
developing,1
chiconauhtla,1
accepted,1
smallpox,1
llaloc,1
see,1
gv,1
forth,1
lines,1
containers,1
royal,1
por,1
minneapolis,1
plugs,1
decorations,1
woman,1
fewer,1
native,1
project,1
decorativos,1
frequency,1
pears,1
stylistically,1
assemblage,1
elementos,1
streets,1
cityarchaeology,1
tlaxcala,1
ecology,1
cadastral,1
degree,1
fc,1
argues,1
government,1
entirety,1
exhibit,1
aptly,1
investigated,1
discussion,1
averaged,1
supplies,1
rio,1
preimperial,1
producción,1
effectiveness,1
comprise,1
angulo,1
upon,1
farming,1
stairway,1
refining,1
formal,1
predominates,1
manufactured,1
aparchaeology,1
mortuary,1
ucla,1
sondeos,1
antón,1
skeletal,1
concern,1
eclipses,1
controlling,1
combining,1
food,1
incarnations,1
toluca,1
prehispánicos,1
estatal,1
operated,1
wonderful,1
accession,1
refers,1
manifestation,1
aside,1
harvard,1
ethnic,1
trend,1
solis,1
recovery,1
scheduled,1
continue,1
tenayuca,1
full,1
previous,1
parque,1
tbltec,1
mezcala,1
manejo,1
accoutrements,1
netherlands,1
efectuados,1
xico,1
whalen,1
open,1
exports,1
three,1
futuro,1
directed,1
reward,1
emphasizing,1
comprehensive,1
publication,1
urbanism,1
cartographic,1
lakes,1
points,1
dominated,1
refinements,1
hthic,1
amounts,1
patricia,1
divisions,1
geographically,1
plant,1
him,1
parallels,1
features,1
housed,1
collected,1
serves,1
tfexcoco,1
practiced,1
accurate,1
renewal,1
entered,1
last,1
black,1
acolhua,1
abundant,1
coner,1
reuse,1
cambios,1
imagination,1
faith,1
discarded,1
problems,1
polaco,1
tainting,1
regionales,1
become,1
predominating,1
motecuhzoma,1
geographers,1
recoverable,1
xvi,1
displayed,1
interconnections,1
calzadas,1
otomi,1
priests,1
artisans,1
primeros,1
probably,1
estados,1
preand,1
vocabulario,1
tight,1
differ,1
chimaipahin,1
leotinuacan,1
southwest,1
attracted,1
recursos,1
occupied,1
sociopolitical,1
bibliographic,1
stratégies,1
examines,1
tardío,1
overlapping,1
increasing,1
ranging,1
european,1
carried,1
things,1
depth,1
cuauhtlehuanitzin,1
somewhat,1
rodriquez,1
topography,1
relationship,1
limitedsource,1
breve,1
george,1
science,1
segments,1
sometimes,1
imbalance,1
impressive,1
ext,1
prose,1
spindle,1
santiago,1
escritas,1
trabajos,1
arqueologia,1
noncentralized,1
shortens,1
basinin,1
dec,1
primarily,1
motivo,1
institutions,1
predict,1
cuencas,1
deborah,1
directing,1
berkelev,1
strongly,1
returned,1
jar,1
markers,1
clays,1
yautepec,1
transformation,1
comment,1
furnish,1
recoveiy,1
motivos,1
covering,1
figurine,1
settled,1
escuela,1
methods,1
efficiency,1
pristine,1
hope,1
referentes,1
stratified,1
tetzcocan,1
fields,1
kingdoms,1
exists,1
período,1
angeles,1
arts,1
tlatoani,1
solís,1
reassigned,1
susan,1
investigate,1
influencing,1
regularly,1
umuatecpan,1
lago,1
definitive,1
tumba,1
detail,1
tlaxilacalli,1
claims,1
olguín,1
school,1
border,1
suggestions,1
variable,1
heavy,1
lakeshore,1
lacustres,1
series,1
intensification,1
sureste,1
designates,1
incorporated,1
peoples,1
founded,1
complexes,1
asentamientos,1
simply,1
constituted,1
sexteif,1
oi,1
inadvertent,1
continues,1
guerra,1
michoacán,1
exacted,1
huasteca,1
staedtler,1
marketplaces,1
tradewares,1
here,1
colorado,1
flow,1
natural,1
época,1
guanajuato,1
etnohistoria,1
principle,1
zumpango,1
intensive,1
substantiates,1
correspond,1
reciprocal,1
expanding,1
arquitectura,1
extraction,1
exploration,1
sampling,1
seem,1
incorporating,1
unknown,1
leaders,1
agreement,1
basins,1
guild,1
universal,1
dryness,1
then,1
cavity,1
siglos,1
particularly,1
tec,1
written,1
coxcatlan,1
vaillant,1
unscheduled,1
singlecomponent,1
proposed,1
passage,1
america,1
jmma,1
animal,1
cal,1
diversified,1
scholarly,1
sectors,1
rests,1
cuernavaca,1
reexamination,1
investigation,1
lands,1
month,1
redeposition,1
them,1
whether,1
ones,1
yielded,1
cause,1
citystate,1
nearby,1
sal,1
signature,1
sounds,1
transactions,1
ceased,1
unnecessary,1
aper,1
consisting,1
bureaucratic,1
require,1
oztuma,1
emblematic,1
almost,1
don,1
travel,1
foreword,1
conference,1
boston,1
little,1
rescate,1
circumstances,1
preserved,1
gt,1
altered,1
coverage,1
refinement,1
calibre,1
científica,1
estudio,1
carvings,1
alternatives,1
confirm,1
develop,1
verification,1
riddle,1
postciassic,1
variability,1
giving,1
transition,1
cacicazgo,1
went,1
deviate,1
climáticos,1
obtain,1
fabricated,1
reconstruct,1
summarizes,1
manufacturing,1
tezcatlipoca,1
copper,1
stevenson,1
challenges,1
indians,1
allows,1
twin,1
aspect,1
ã,1
think,1
precision,1
prepared,1
suppressed,1
naturales,1
prehispánicas,1
ultimately,1
tell,1
roots,1
sistemas,1
invasion,1
average,1
observed,1
intensified,1
ny,1
exerted,1
public,1
ended,1
joined,1
americas,1
define,1
conservación,1
eighteenth,1
guiding,1
revisionist,1
heartland,1
fondo,1
burocracia,1
colleagues,1
attempted,1
plentiful,1
peripheries,1
measured,1
permeable,1
enclosure,1
francisco,1
burdens,1
ranged,1
roughly,1
fhu,1
flooding,1
chalcoxochimilco,1
organización,1
brumfiers,1
vessel,1
volador,1
clarify,1
toxcatl,1
deposits,1
reached,1
amigos,1
import,1
given,1
interaction,1
verified,1
divergent,1
corn,1
permutations,1
duration,1
technological,1
celestial,1
should,1
degrade,1
metcalfe,1
oí,1
routledee,1
chambers,1
tragic,1
gold,1
