WORDCOUNTS,WEIGHT
the,1699
and,1617
of,1387
in,938
maya,606
a,568
de,415
to,377
j,368
pp,282
that,261
ancient,255
at,248
d,227
m,216
university,191
from,186
r,177
l,174
p,171
s,169
on,156
e,154
classic,154
y,135
la,134
for,133
as,130
new,128
archaeology,122
el,119
c,112
h,110
en,108
was,101
w,97
t,97
have,97
is,96
american,94
were,94
et,93
by,89
belize,89
preclassic,88
mesoamerica,82
early,82
it,79
state,78
an,78
with,78
arqueología,74
late,73
or,70
archaeological,70
we,70
g,69
mexico,69
are,68
evidence,67
be,67
b,65
nacional,64
recent,64
k,62
antiquity,62
some,60
journal,59
guatemala,58
research,57
had,56
tikal,56
f,55
cultura,55
del,53
latin,52
los,52
copan,52
not,50
n,49
this,49
ad,48
their,48
one,46
such,46
lowland,46
been,46
states,46
calakmul,45
v,45
studies,44
investigaciones,43
site,43
social,43
has,42
vol,42
more,42
northern,42
may,41
mexicana,41
during,40
also,40
lake,40
arqueológicas,40
advances,39
political,38
they,37
lowlands,37
other,37
mexicon,37
its,37
who,37
i,36
than,36
his,36
utah,36
sites,36
but,36
salt,36
san,34
these,34
postclassic,34
simposio,34
agriculture,33
teotihuacan,32
ministerio,32
middle,32
two,31
las,31
museo,31
formation,30
among,30
there,29
southern,29
study,29
history,28
collapse,28
honduras,28
antropología,28
field,28
department,28
region,28
can,28
between,28
first,27
so,27
anthropology,26
royal,26
gender,26
period,26
institution,26
phd,26
into,25
case,25
warfare,25
central,25
z,25
even,25
diet,25
cultural,25
when,25
he,25
many,25
instituto,25
mesoamerican,24
yax,24
only,24
years,24
cambridge,24
ciudad,24
dos,24
secondary,23
human,23
philadelphia,23
ix,23
data,23
use,23
analysis,23
valley,23
fig,22
una,22
resource,22
settlement,22
smithsonian,22
architecture,22
hieroglyphic,22
individual,22
bones,22
no,21
texas,21
managed,21
power,21
time,21
ruler,21
land,21
ritual,20
organization,20
could,20
coast,20
culture,20
world,20
area,20
altamira,19
mexican,19
walnut,19
all,19
most,19
universidad,19
because,19
society,19
about,19
now,18
marcus,18
historia,18
centers,18
yucatan,18
which,18
structure,18
over,18
paper,18
what,18
whether,18
preceramic,18
women,17
pilas,17
implications,17
excavations,17
bone,17
entre,17
terminal,17
española,17
prehistoric,17
estudios,17
suggest,17
reconstructing,17
elite,17
un,17
guerra,17
know,17
mirador,17
through,17
autónoma,17
archaic,17
ca,17
major,17
center,16
large,16
stone,16
garcía,16
primary,16
ponce,16
found,16
austin,16
petexbatun,16
rulers,16
like,16
science,16
anthropological,16
each,16
iglesias,16
subordinate,16
city,16
although,16
santa,15
those,15
papers,15
household,15
cities,15
river,15
show,15
important,15
dumbarton,15
used,15
place,15
change,15
chan,15
populations,15
museum,15
al,15
number,15
another,15
three,15
sociopolitical,15
report,15
while,15
press,15
isotopie,14
maize,14
before,14
puuc,14
great,14
chiefdoms,14
chichén,14
york,14
highlands,14
mayas,14
out,14
bc,14
both,14
peten,14
ceramic,14
model,14
would,14
series,14
current,14
art,14
texts,14
military,13
highland,13
monumental,13
well,13
will,13
para,13
jaguar,13
pennsylvania,13
took,13
do,13
strategies,13
perspectives,13
sociedad,13
tomb,13
economy,13
approaches,12
archaeologists,12
titles,12
might,12
system,12
centralized,12
since,12
how,12
after,12
burials,12
appears,12
public,12
structures,12
regional,12
villages,12
community,12
mayab,12
rise,12
scholars,12
patterns,12
caracol,12
polities,12
earlier,12
systems,12
ann,12
palenque,12
construction,12
material,12
known,12
different,12
seem,12
did,12
very,12
stature,12
role,12
campeche,12
our,12
much,12
date,11
dd,11
development,11
monuments,11
record,11
beyond,11
monograph,11
british,11
project,11
polity,11
pottery,11
formative,11
results,11
mesa,11
kaminaljuyu,11
chronology,11
us,11
same,11
where,11
perhaps,11
made,11
salvador,11
individuals,11
often,11
yucatán,11
oxford,11
agricultural,11
lacadena,11
antiguos,11
colonial,11
building,11
o,10
later,10
village,10
memoria,10
seems,10
nature,10
analyses,10
investigations,10
occasional,10
cases,10
pacific,10
subsistence,10
prehistory,10
house,10
upper,10
primera,10
called,10
population,10
throne,10
work,10
london,10
still,10
redonda,10
understanding,10
marcos,10
clásico,10
evolution,10
enamel,10
any,10
particularly,10
them,10
fernández,10
environmental,9
determine,9
dc,9
aproximaciones,9
sanz,9
paramount,9
differences,9
cerro,9
last,9
domestic,9
piedras,9
far,9
labor,9
consejo,9
schele,9
proceedings,9
process,9
view,9
societies,9
commoners,9
isotope,9
academic,9
dynasty,9
chiapas,9
having,9
tombs,9
presented,9
buildings,9
several,9
led,9
lord,9
skeletons,9
native,9
mesoamericana,9
least,9
obsidian,9
enough,9
school,9
anatomía,9
natural,9
capital,9
orleans,9
transition,9
come,9
complex,8
modern,8
platforms,8
westview,8
verlag,8
key,8
politics,8
interdisciplinarias,8
hierarchy,8
tulane,8
throughout,8
paw,8
stela,8
van,8
civilization,8
itzá,8
chichen,8
plaza,8
just,8
arrival,8
international,8
events,8
institute,8
showing,8
regions,8
few,8
annual,8
preliminary,8
sitio,8
second,8
wetland,8
thought,8
reports,8
others,8
fact,8
anthropologist,8
less,8
see,8
origin,8
chiefly,8
skeletal,8
harvard,8
latter,8
probably,8
life,8
guatemalan,8
earliest,8
control,8
east,8
historical,8
form,8
thames,8
suggests,8
vessels,8
level,8
given,8
centro,8
variability,8
national,8
if,7
suggested,7
occurred,7
height,7
within,7
mass,7
possible,7
prehispanic,7
fractures,7
quintana,7
relations,7
acta,7
dates,7
fash,7
landscape,7
peninsula,7
tooth,7
emergence,7
origins,7
powerful,7
greater,7
basin,7
arqueológico,7
part,7
colha,7
northwest,7
people,7
status,7
long,7
around,7
autonomy,7
soil,7
contact,7
noble,7
make,7
roads,7
once,7
communities,7
interpretation,7
management,7
included,7
light,7
cuello,7
death,7
wetlands,7
areas,7
academy,7
chiefdom,7
mundo,7
day,7
including,7
publication,7
architectural,7
function,7
martin,7
craft,7
río,7
lines,7
seen,7
considered,7
stable,7
complexity,7
cerén,7
diets,7
text,7
ecology,7
leaders,7
america,7
animal,7
shown,7
north,7
need,7
effects,7
elites,7
interaction,7
abandoned,7
should,7
group,6
title,6
lower,6
round,6
being,6
certainly,6
production,6
rita,6
saul,6
continue,6
own,6
take,6
emblem,6
raised,6
principal,6
turkey,6
holocene,6
west,6
pasión,6
x,6
century,6
kind,6
houses,6
agency,6
third,6
men,6
ma,6
continuity,6
capitals,6
whose,6
without,6
coastal,6
precolumbian,6
perspective,6
oklahoma,6
beiice,6
gallareta,6
defensive,6
war,6
near,6
line,6
artifacts,6
received,6
future,6
example,6
climatic,6
gonzález,6
alliance,6
below,6
up,6
provided,6
local,6
voi,6
various,6
chase,6
economic,6
nakbe,6
biological,6
yet,6
ambergris,6
ecological,6
angeles,6
end,6
until,6
resources,6
mortuary,6
combining,6
transformation,6
high,6
households,6
sobre,6
relationship,6
impressive,6
fall,6
changing,6
incorporated,6
must,6
sciences,6
males,6
theory,6
inscriptions,6
oaxaca,6
multiple,6
antigua,6
writing,6
question,6
cycling,6
chemical,6
include,6
folan,6
reached,6
meat,6
anton,6
carved,5
difficult,5
meaning,5
administered,5
expedition,5
germany,5
significant,5
tierras,5
trace,5
segmentary,5
source,5
chief,5
sequence,5
isla,5
learned,5
season,5
immense,5
able,5
chipped,5
nm,5
marine,5
bibliography,5
estudio,5
madrid,5
dynamics,5
old,5
itza,5
island,5
influence,5
rather,5
levels,5
similar,5
ceramics,5
arbor,5
white,5
discoveries,5
support,5
colección,5
established,5
impact,5
sureste,5
estrada,5
based,5
typical,5
paleodietary,5
term,5
burial,5
tools,5
residential,5
cannot,5
lamanai,5
lords,5
occupants,5
su,5
peraza,5
whole,5
water,5
creating,5
excavated,5
ratios,5
emerging,5
deer,5
located,5
expansion,5
desarrollo,5
aj,5
trent,5
under,5
demarest,5
mound,5
usurpers,5
laguna,5
lack,5
temples,5
cahal,5
uaxactun,5
altar,5
nutrition,5
examples,5
recover,5
asentamiento,5
illinois,5
contemporary,5
questions,5
actual,5
trade,5
lakes,5
times,5
plant,5
administrative,5
become,5
terracing,5
dogs,5
she,5
usually,5
proyecto,5
citv,5
fields,5
thick,5
then,5
monument,5
simply,5
geographic,5
rival,5
palace,5
der,5
abandonment,5
rural,5
preexisting,5
spatial,5
urbanismo,5
morales,5
northwestern,5
despite,5
models,5
integration,5
southeastern,5
remains,5
km,5
themselves,5
point,5
peabody,5
meeting,5
corn,4
courts,4
way,4
created,4
durante,4
introduction,4
ways,4
decade,4
diversity,4
test,4
every,4
markt,4
valle,4
attempts,4
formativo,4
indeed,4
spaced,4
tx,4
styles,4
reproduction,4
méxico,4
tracing,4
headed,4
dynamic,4
reconstruction,4
attract,4
review,4
language,4
interest,4
adams,4
jr,4
sample,4
underlying,4
canal,4
marriage,4
body,4
kinship,4
witnessed,4
truly,4
find,4
notion,4
mean,4
phosphate,4
supplement,4
direct,4
parts,4
creek,4
distant,4
animals,4
von,4
nitrogen,4
specialization,4
fortifications,4
albuquerque,4
drought,4
defeat,4
shed,4
exploitation,4
founding,4
isotopes,4
dynastic,4
investigadores,4
conquest,4
location,4
commoner,4
rule,4
access,4
ambitious,4
seven,4
featured,4
left,4
nobles,4
buried,4
acropolis,4
blue,4
punta,4
revealed,4
rivera,4
year,4
realm,4
millet,4
issues,4
ontario,4
documented,4
organización,4
chemistry,4
preceded,4
wi,4
next,4
espacio,4
involved,4
sowing,4
popenoe,4
cacao,4
eighth,4
arquitectura,4
mi,4
presence,4
climate,4
activities,4
pope,4
periods,4
stanford,4
variety,4
territorial,4
vanderbilt,4
egyptian,4
tropical,4
interactions,4
collapsed,4
religious,4
kluwer,4
serve,4
ethnographic,4
already,4
insights,4
garland,4
name,4
man,4
covered,4
mayanists,4
shafer,4
style,4
gordon,4
maritime,4
aesthetics,4
causes,4
processes,4
deforestation,4
office,4
ties,4
stelae,4
estructura,4
health,4
co,4
evidently,4
exchange,4
internal,4
domínguez,4
monographs,4
sublords,4
connections,4
yucatec,4
space,4
veracruz,4
note,4
provide,4
shell,4
quiligua,4
indicate,4
burned,4
associated,4
área,4
constructed,4
temporal,4
here,4
alternative,4
quaternary,4
linked,4
manifesting,4
domesticated,4
past,4
terms,4
plants,4
huge,4
almost,4
oxygen,4
size,4
kin,4
became,4
puerto,4
went,4
healed,4
varied,4
eric,4
wild,4
decrease,4
extensive,4
integrated,4
consumption,4
potential,4
carbon,4
vary,4
era,4
glyph,4
norman,4
traditional,4
focus,4
voorhies,4
built,4
estate,3
groups,3
lowe,3
laporte,3
ultimate,3
conducted,3
offerings,3
reassessment,3
formed,3
authority,3
position,3
allies,3
arrived,3
revision,3
princeton,3
either,3
setting,3
give,3
puebla,3
assess,3
advantage,3
broken,3
ucan,3
court,3
religion,3
carnegie,3
subsequent,3
sacred,3
política,3
naranjo,3
cuenca,3
context,3
similarities,3
político,3
side,3
con,3
attacked,3
autonomous,3
right,3
prior,3
activity,3
foreigners,3
run,3
whittington,3
candelaria,3
genetic,3
himself,3
jade,3
análisis,3
relationships,3
ajaw,3
contemporaneous,3
characteristic,3
ability,3
moment,3
codex,3
ethnobotanical,3
altas,3
application,3
turn,3
flurry,3
down,3
elements,3
document,3
refer,3
back,3
served,3
egypt,3
honour,3
memoir,3
look,3
details,3
born,3
though,3
hallazgos,3
paste,3
focused,3
costa,3
interesting,3
alleged,3
town,3
played,3
bring,3
growth,3
performance,3
determining,3
developments,3
importance,3
ocupación,3
márquez,3
send,3
understand,3
survival,3
multitiered,3
balam,3
interim,3
too,3
paleodiet,3
age,3
recovered,3
western,3
reconsideration,3
abandonments,3
swidden,3
decades,3
iconography,3
result,3
carving,3
whom,3
aftermath,3
lópez,3
internacional,3
demise,3
faunal,3
deal,3
deciphering,3
efforts,3
further,3
handbook,3
topics,3
occupation,3
founder,3
usurper,3
desde,3
recently,3
suffered,3
scale,3
avoid,3
pollen,3
postclásico,3
sacrifice,3
indian,3
lost,3
network,3
decipherment,3
dog,3
reinterpreting,3
contexts,3
sculpture,3
statehood,3
nc,3
hereditary,3
pyramid,3
aztec,3
formerly,3
kings,3
gómez,3
danforth,3
away,3
reflect,3
achieving,3
hidden,3
approach,3
earth,3
tool,3
paleolimnology,3
stresses,3
spanish,3
revealing,3
legitimize,3
paisaje,3
decline,3
eastern,3
fully,3
ek,3
method,3
recientes,3
using,3
dorn,3
south,3
battle,3
critical,3
symbolism,3
scientific,3
seventh,3
sociedades,3
techniques,3
return,3
hammond,3
april,3
estado,3
caye,3
garden,3
indicates,3
domination,3
hold,3
competition,3
biogeochemical,3
read,3
happened,3
fifth,3
siemens,3
orange,3
patrón,3
dna,3
noted,3
cerámica,3
useful,3
wakna,3
toward,3
projects,3
shows,3
longer,3
appeared,3
farming,3
accession,3
variation,3
considerable,3
external,3
learn,3
corozal,3
road,3
intersite,3
excavation,3
woman,3
frequency,3
glyphs,3
sir,3
forest,3
horizon,3
invested,3
birth,3
tikats,3
assemblages,3
range,3
teosinte,3
previously,3
sixth,3
mosaic,3
complement,3
largely,3
rivers,3
submitted,3
engaged,3
full,3
previous,3
dating,3
vii,3
platform,3
significance,3
explorations,3
landscapes,3
clear,3
historic,3
andrews,3
directed,3
points,3
grupo,3
general,3
symposium,3
caribbean,3
him,3
features,3
never,3
especially,3
arqueológica,3
lagoon,3
plate,3
destruction,3
continued,3
yaxha,3
figure,3
five,3
foreign,3
naturally,3
ideology,3
program,3
begin,3
detailed,3
began,3
periodo,3
rapidly,3
merwe,3
why,3
stratified,3
centuries,3
paleoethnobotanical,3
mounds,3
blackman,3
classification,3
freshwater,3
environment,3
biology,3
mentioned,3
version,3
founded,3
tayasal,3
cayo,3
cotsen,3
temple,3
geoarchaeology,3
survey,3
cm,3
paleoindian,3
interested,3
exploration,3
argue,3
eventually,3
carrasco,3
goods,3
works,3
places,3
william,3
selected,3
making,3
references,3
pech,3
seasonal,3
martínez,3
periphery,3
tiesler,3
nj,3
little,3
constricted,3
situated,3
commissioned,3
programs,3
históricas,3
reconstruyendo,3
cuadernos,3
notes,3
nuevos,3
sur,3
off,3
shift,3
increased,3
specific,3
assumed,3
thrones,3
chicago,3
debate,3
entire,3
dental,3
earthworks,3
eb,3
final,2
residing,2
roo,2
decentralized,2
currently,2
humanism,2
después,2
common,2
fortified,2
cacicazgos,2
rev,2
names,2
chikinchel,2
pittsburgh,2
designated,2
functional,2
separated,2
peaceful,2
affected,2
northeast,2
resided,2
alone,2
caches,2
butchered,2
balamkú,2
manuscript,2
berlin,2
colegio,2
speculated,2
marais,2
identify,2
essays,2
prime,2
likely,2
true,2
prince,2
buenavista,2
duke,2
masks,2
belmopan,2
holding,2
outsider,2
araueoloeía,2
absence,2
tripod,2
muertos,2
pérez,2
du,2
my,2
defeated,2
upland,2
fundación,2
destabilizing,2
creation,2
fertile,2
consuming,2
originally,2
ii,2
florey,2
cinco,2
taken,2
kilometers,2
spencer,2
fragmentary,2
funerals,2
england,2
reach,2
principles,2
available,2
skills,2
together,2
monumentally,2
display,2
thank,2
peopling,2
link,2
closer,2
reveal,2
composition,2
intercambio,2
resulting,2
integrate,2
multivillage,2
precisely,2
excavaciones,2
somewhat,2
subjugation,2
culhuacan,2
itzaj,2
protoclassic,2
sought,2
iv,2
foothold,2
practices,2
killed,2
negras,2
fl,2
secuencia,2
object,2
establishing,2
feinman,2
mava,2
greene,2
crossed,2
mountains,2
zone,2
lund,2
tied,2
split,2
barrera,2
americana,2
fracture,2
científica,2
glimpses,2
harcourt,2
sitios,2
medio,2
palaces,2
highly,2
forcing,2
interior,2
against,2
congreso,2
september,2
unpublished,2
corner,2
millennium,2
lady,2
sp,2
occurs,2
price,2
encyclopedia,2
radar,2
forced,2
rank,2
sanders,2
drainage,2
nor,2
items,2
innovation,2
immigrants,2
evident,2
convincing,2
reyna,2
columbia,2
porotic,2
myth,2
continuous,2
alliances,2
compare,2
clearance,2
weight,2
geological,2
evidencia,2
caverns,2
sagrado,2
piedra,2
teotihuacanos,2
mojarra,2
gillespie,2
distribution,2
higher,2
uppsala,2
failed,2
wounds,2
ruins,2
fort,2
depiction,2
société,2
preclásico,2
identification,2
predicted,2
links,2
actividad,2
across,2
remain,2
mountain,2
square,2
biggest,2
radius,2
centralization,2
holistic,2
remote,2
identity,2
kept,2
template,2
anyone,2
legendary,2
à,2
certain,2
personhood,2
cave,2
lacking,2
lay,2
factors,2
epiclassic,2
absorbed,2
asociación,2
webster,2
favor,2
acquisition,2
traveled,2
inauguration,2
temprano,2
wanted,2
praise,2
consider,2
dichotomy,2
objects,2
occupational,2
intensive,2
dated,2
fish,2
proved,2
mayapan,2
numbers,2
methodist,2
malthus,2
argued,2
presumed,2
four,2
retrospective,2
yaxchilan,2
additional,2
lithic,2
crecimiento,2
efficient,2
rainforest,2
comparisons,2
altun,2
rice,2
problems,2
wattle,2
helped,2
antecedents,2
drawing,2
cerámico,2
advocated,2
appear,2
undertook,2
equidistantly,2
allow,2
appearance,2
ams,2
search,2
gods,2
young,2
parry,2
economics,2
rebuttal,2
pass,2
espacios,2
noting,2
captured,2
integración,2
yaxuna,2
installation,2
neighboring,2
detected,2
let,2
apatite,2
prehispánico,2
michigan,2
studying,2
hall,2
treat,2
monzón,2
paleoecology,2
placed,2
tykot,2
superstructures,2
proyectos,2
premise,2
hierarchies,2
oh,2
possibility,2
malnutrition,2
aspects,2
pedro,2
makers,2
imports,2
preferred,2
nine,2
protein,2
mareos,2
imagined,2
sense,2
chinchilla,2
casa,2
actors,2
indigenous,2
comment,2
pyramids,2
thoughts,2
loss,2
literature,2
dynasties,2
overview,2
fit,2
oscillations,2
beginnings,2
tehuacán,2
perishable,2
versus,2
call,2
forces,2
consistent,2
bajas,2
floors,2
believes,2
swamps,2
tïkal,2
interpreted,2
memoirs,2
relative,2
coasts,2
relaciones,2
researchers,2
ditches,2
aided,2
good,2
construct,2
painting,2
arise,2
dictionary,2
investigación,2
order,2
resultados,2
claim,2
event,2
family,2
small,2
proximate,2
altered,2
margarita,2
ancestors,2
interpretations,2
boundaries,2
advancement,2
occasions,2
uniform,2
rescate,2
wife,2
provenance,2
reflected,2
humanistic,2
reigns,2
settlers,2
cristóbal,2
units,2
chombitos,2
representaciones,2
islands,2
chieftaincy,2
nearly,2
fractured,2
nakum,2
put,2
templo,2
selection,2
structural,2
spectacular,2
collect,2
q,2
outlining,2
manpower,2
rain,2
evolved,2
cylindrical,2
neither,2
smith,2
swamp,2
keeping,2
refine,2
dialectical,2
records,2
maintained,2
hallmark,2
affairs,2
chose,2
george,2
simulation,2
fell,2
again,2
caves,2
towns,2
towards,2
strontium,2
demographic,2
missing,2
vizier,2
joyce,2
datos,2
chac,2
sensing,2
eddy,2
daily,2
larger,2
foreigner,2
diverse,2
decreases,2
proliferation,2
rica,2
chênes,2
doubt,2
serpiente,2
molars,2
honor,2
outside,2
albion,2
everyday,2
present,2
ground,2
archaeologies,2
moats,2
archaeobotanical,2
torches,2
marrying,2
duties,2
necessary,2
excavating,2
pendergast,2
assemblage,2
morfín,2
siglo,2
montículo,2
differentiation,2
tlaxcala,2
valleys,2
remained,2
interpreting,2
thousands,2
gonzalo,2
analyzed,2
technologies,2
easier,2
comprise,2
explanation,2
values,2
paleolimnological,2
arose,2
samples,2
epigraphic,2
top,2
hunting,2
food,2
refers,2
factor,2
estela,2
brainerd,2
radiocarbon,2
washington,2
versions,2
low,2
discovered,2
mayan,2
diplomacy,2
hiatus,2
pulltrouser,2
spread,2
conchas,2
inferred,2
dry,2
ended,2
rhythms,2
southeast,2
abundant,2
class,2
strongly,2
mind,2
mexica,2
elaborate,2
evolutionary,2
topic,2
contexto,2
milpa,2
intrasite,2
calzadas,2
influences,2
estados,2
story,2
obsidiana,2
southwest,2
saw,2
ago,2
divinity,2
concluded,2
widely,2
attended,2
decision,2
tardío,2
dietary,2
solar,2
ut,2
defensible,2
bioarchaeology,2
tipu,2
assigned,2
cobweb,2
leveled,2
me,2
escondido,2
grammar,2
yaeger,2
vision,2
hill,2
peoples,2
powis,2
referred,2
topoxte,2
señores,2
directions,2
soul,2
rethinking,2
bears,2
ruz,2
credited,2
contribution,2
hinterlands,2
remaining,2
originated,2
shells,2
brigham,2
covering,2
diagnostic,2
causeways,2
united,2
hope,2
polychrome,2
supporting,2
types,2
kingdoms,2
months,2
get,2
período,2
itself,2
ligorred,2
uso,2
worlds,2
cabeza,2
detail,2
sayil,2
ayala,2
believed,2
lessons,2
broke,2
comes,2
deep,2
demonstrate,2
ever,2
continues,2
rocky,2
command,2
set,2
rabinal,2
sure,2
yuknoom,2
plunket,2
dzibilchaltun,2
cultures,2
iconografía,2
expanding,2
global,2
deposits,2
appendix,2
half,2
constructions,2
followers,2
foundation,2
vibrant,2
spaniards,2
job,2
lagoons,2
formación,2
cultivation,2
build,2
distinctive,2
prospects,2
ramos,2
entrada,2
turned,2
beginning,2
unlikely,2
bajo,2
poder,2
conservation,2
reign,2
rose,2
means,2
multidisciplinary,2
degradation,2
maintain,2
covers,2
sus,2
ruin,2
leaving,2
extent,2
chau,2
her,2
uxul,2
abruptly,2
require,2
serie,2
produce,2
reigned,2
intake,2
u,2
observations,2
hundreds,2
urban,2
revista,2
travel,2
des,2
conference,2
uniting,2
son,2
ruled,2
reported,2
affecting,2
sharer,2
inaugurated,2
subject,2
territory,2
measure,2
reconstruct,2
indians,2
hints,2
takeover,2
yielded,2
harrison,2
named,2
perspectiva,2
locations,2
biochemical,2
conditions,2
materials,2
puleston,2
trauma,2
contributed,2
insight,2
actively,2
grown,2
specialists,2
physical,2
chronologies,2
exploraciones,2
conquered,2
earthen,2
oldest,2
flooding,2
mounting,2
ninth,2
seventeenth,2
yaxkin,2
create,2
views,2
substantial,2
element,2
surveys,2
archeological,2
divergent,2
seek,2
ballcourts,2
profiles,2
roles,2
quiche,2
occur,2
arizona,2
increase,2
hyperostosis,2
asociados,1
attikal,1
proposed,1
razed,1
macroevolutionary,1
scepter,1
administrators,1
etnoecologia,1
defeats,1
go,1
does,1
bassin,1
infrared,1
margins,1
acanceh,1
equation,1
ambiente,1
amplify,1
books,1
rate,1
negrón,1
repudiating,1
provisioning,1
encountering,1
cubulco,1
forensic,1
hallazgo,1
dzul,1
calibrated,1
jewels,1
rqueología,1
estimated,1
decoradas,1
albuaueraue,1
corporate,1
monsters,1
imported,1
integrating,1
scholar,1
praised,1
topple,1
migrated,1
career,1
bolstering,1
extreme,1
reconstructed,1
findings,1
heights,1
filing,1
therefore,1
dissolution,1
reigning,1
miguel,1
adoption,1
considerably,1
succession,1
superstates,1
políticos,1
península,1
sphere,1
mexìcon,1
lacandón,1
legitimization,1
expect,1
landholding,1
chak,1
told,1
settlements,1
tok,1
discover,1
engendering,1
partially,1
progresso,1
perpetuate,1
missionization,1
objetos,1
almanacs,1
chi,1
kinds,1
doug,1
fate,1
purser,1
entries,1
mapa,1
cultivating,1
join,1
referring,1
hondureno,1
schools,1
tzeltal,1
merriwether,1
tlacuachero,1
sets,1
subregional,1
evidencias,1
walker,1
bias,1
expenditure,1
drawings,1
conjectures,1
sudeste,1
mit,1
paradigms,1
ly,1
albin,1
ballcourt,1
esqueletos,1
satisfied,1
figuratively,1
readily,1
boulder,1
sajal,1
former,1
smyth,1
tempe,1
protection,1
graffiti,1
prentice,1
vázquez,1
warriors,1
simultaneously,1
necessarily,1
ciudades,1
exciting,1
noreste,1
vestiges,1
rs,1
jockeying,1
turtle,1
preindustrial,1
robinson,1
discussion,1
harvests,1
ortegón,1
fragile,1
pots,1
indígena,1
vs,1
something,1
englewood,1
proliferating,1
nuevas,1
foragers,1
john,1
precursors,1
cumbre,1
lure,1
themes,1
efficacy,1
dictionaries,1
cutting,1
fluctuations,1
canids,1
construidos,1
throned,1
said,1
boil,1
anthropogenic,1
copy,1
sterile,1
marco,1
sources,1
surmounted,1
wrong,1
specifically,1
acephalous,1
rivals,1
jackson,1
universitv,1
fifteenth,1
lattices,1
wax,1
entailed,1
researched,1
nonliterate,1
serpent,1
tumbas,1
ciencias,1
cría,1
vols,1
diego,1
rapid,1
attempt,1
astronomical,1
opted,1
palynological,1
terrain,1
utilization,1
gourds,1
anywhere,1
supravillage,1
asserts,1
worked,1
cessation,1
emerged,1
advanced,1
diseases,1
switzerland,1
lombardo,1
acosta,1
aforementioned,1
gary,1
containing,1
thus,1
best,1
possibilities,1
cenote,1
interred,1
tradition,1
packed,1
leading,1
suggesting,1
nuevo,1
reasons,1
kilos,1
macneish,1
farmers,1
confirming,1
exotic,1
rich,1
narrative,1
oyster,1
aesthetic,1
studied,1
government,1
incident,1
sometime,1
descubrimientos,1
estatura,1
hundred,1
lamanaié,1
sees,1
greatly,1
manejo,1
lasting,1
inland,1
mujeres,1
faccionalismo,1
creator,1
feature,1
reservoir,1
abortive,1
vegetation,1
consist,1
lulu,1
priest,1
say,1
trouble,1
steggerda,1
reserved,1
gifts,1
que,1
detection,1
theories,1
profitable,1
revise,1
divergencias,1
rounded,1
personnel,1
deduced,1
campechano,1
seminar,1
rtiiladelpnia,1
southwestern,1
posts,1
tigre,1
piperno,1
cuchcabal,1
documenting,1
evaluation,1
netherlands,1
appreciate,1
pl,1
forearm,1
takes,1
canes,1
crystal,1
orientación,1
dennis,1
suspect,1
sophisticated,1
catastrophes,1
ark,1
grijalva,1
cuaderno,1
xibun,1
consecuencias,1
linear,1
thatch,1
roy,1
recorded,1
reassessed,1
owing,1
king,1
pulled,1
formulation,1
bird,1
component,1
task,1
heterarchy,1
paved,1
advice,1
hieroglyph,1
histoire,1
bedfellows,1
dinástica,1
translations,1
exploit,1
demography,1
tug,1
twist,1
maisons,1
representations,1
changed,1
considering,1
alluvium,1
colombia,1
cft,1
account,1
ç,1
implies,1
determined,1
constraints,1
publishers,1
sixteenth,1
teeming,1
geared,1
pictóricos,1
burning,1
characterize,1
studi,1
mm,1
functions,1
deformation,1
flamboyant,1
plaque,1
intensively,1
move,1
advantageous,1
tipología,1
arenas,1
catástrofe,1
stratigraphy,1
reconsidering,1
taking,1
lentz,1
allying,1
rely,1
surrounded,1
combine,1
regards,1
económica,1
graz,1
temporada,1
dzibanché,1
sent,1
unify,1
quantity,1
convergencias,1
barricade,1
apply,1
along,1
adaptive,1
representing,1
investing,1
renewable,1
economies,1
moral,1
minimum,1
tantalizing,1
beneath,1
forged,1
biodiversity,1
couapse,1
sand,1
perturbations,1
sign,1
behavior,1
controlled,1
signal,1
density,1
framework,1
stress,1
exposed,1
cream,1
tribute,1
multilevel,1
daughters,1
pectorals,1
homage,1
jasaw,1
includes,1
propped,1
denying,1
pit,1
proskouriakoff,1
chiefs,1
linguistic,1
affiliation,1
spoon,1
economía,1
villa,1
phylogenetic,1
contacts,1
hack,1
accuracy,1
delimit,1
accompany,1
banc,1
pursue,1
depressions,1
longevity,1
scarce,1
retrospectively,1
illustrates,1
valdés,1
analyzing,1
funerario,1
precipitación,1
bracamonte,1
backdrop,1
bogue,1
invaders,1
terraces,1
lubaantun,1
agent,1
savannah,1
neighbors,1
divine,1
forgotten,1
base,1
clay,1
regarded,1
basal,1
bridging,1
byron,1
mixed,1
gendered,1
hamlets,1
raises,1
needed,1
wherewithal,1
uniformity,1
petexbatún,1
cf,1
plentiful,1
concentric,1
legitimized,1
thoughtful,1
biosphere,1
argumento,1
nobleza,1
naco,1
menor,1
expected,1
vault,1
ofchilam,1
asymmetrical,1
mundi,1
slope,1
acquiring,1
gaceta,1
va,1
defense,1
decisions,1
flourishing,1
urbanization,1
léxico,1
reyes,1
displays,1
casas,1
transcends,1
frustrating,1
antropológicas,1
quadripartite,1
concerning,1
costumbre,1
experimenting,1
profound,1
amount,1
star,1
ha,1
smallholders,1
response,1
ratinlixul,1
precollapse,1
facultad,1
caminos,1
suitable,1
emphases,1
brace,1
compared,1
ally,1
unchanged,1
capilla,1
twice,1
module,1
thin,1
ilopango,1
philadplnhia,1
stratigraphie,1
ofstingless,1
drawn,1
imaginary,1
flg,1
section,1
spite,1
rest,1
tucson,1
empieza,1
interregionales,1
european,1
apparently,1
stratum,1
sun,1
traditions,1
humano,1
kidder,1
toscano,1
santuarios,1
underemphasized,1
leadership,1
tesis,1
jones,1
conceded,1
pacífica,1
generation,1
handful,1
monographic,1
kenyon,1
cacaxtla,1
skipping,1
walls,1
mechanism,1
mesoamericaines,1
massey,1
ethnically,1
toltec,1
lesser,1
collagen,1
drained,1
mechanisms,1
offertory,1
offices,1
operation,1
gaining,1
cited,1
chamelecón,1
excavate,1
inferences,1
cycled,1
scapula,1
recognized,1
retainers,1
velazquez,1
governed,1
umi,1
pacbitun,1
isotópico,1
artesanal,1
alternativas,1
miraflores,1
basil,1
transformations,1
etudes,1
hodell,1
camp,1
portrayed,1
población,1
noohol,1
encompassed,1
absent,1
arising,1
snake,1
developed,1
sublord,1
gerry,1
ironic,1
salinas,1
astronomy,1
breadth,1
lagged,1
secrets,1
enciclopedia,1
escultores,1
sexual,1
cuisine,1
tb,1
yalahau,1
chromatographie,1
neglected,1
comparable,1
incidence,1
norte,1
cambridee,1
punto,1
américanistes,1
republics,1
inscripciones,1
grupos,1
taller,1
revelar,1
kaminaljuyú,1
glifo,1
savador,1
floor,1
lasted,1
wake,1
annales,1
flexible,1
staurotypus,1
volcanic,1
baselines,1
intervenciones,1
domestication,1
piedmont,1
antemortem,1
derived,1
ongoing,1
implicates,1
contributions,1
dialogue,1
navigation,1
signatures,1
occidentales,1
nos,1
enabled,1
course,1
hosier,1
resettlement,1
ingredients,1
explorando,1
residencias,1
laying,1
productive,1
transaction,1
paleoclimate,1
cueva,1
consequences,1
primer,1
update,1
front,1
unifacial,1
mixco,1
uxmal,1
tenejapa,1
ncient,1
tilan,1
danta,1
qualify,1
morfológicos,1
voluntarily,1
establishment,1
empires,1
changes,1
provinces,1
paris,1
wig,1
finer,1
pusilha,1
outdoing,1
operates,1
ct,1
varios,1
tenochtitlan,1
kelly,1
geneticists,1
females,1
possibly,1
anniversaries,1
posclásico,1
improvement,1
territorios,1
lacandon,1
antropológicos,1
organized,1
decapitados,1
peasant,1
izabal,1
ethnobiology,1
consolidate,1
clearly,1
elicitation,1
tenacity,1
director,1
represented,1
days,1
reconstructions,1
spirit,1
receiving,1
viefs,1
plaster,1
northeastern,1
god,1
frequented,1
reales,1
baja,1
monumento,1
shrinking,1
accumulating,1
periodically,1
benefited,1
totaled,1
borrowed,1
esome,1
commonly,1
ac,1
riverside,1
linguistics,1
filed,1
couoh,1
shorter,1
groundwater,1
introductorio,1
cotidiana,1
bec,1
followed,1
door,1
patt,1
generally,1
requires,1
panthéisme,1
explained,1
refuge,1
mix,1
cycles,1
plenum,1
garber,1
permanent,1
flakes,1
untrained,1
clambakers,1
spouted,1
vergleichenden,1
maison,1
mo,1
strategy,1
preference,1
providing,1
trained,1
exchanee,1
hot,1
viejo,1
luis,1
reflections,1
diachronic,1
treasurer,1
musco,1
anthropometry,1
moving,1
diseño,1
pedroarchaeology,1
klausmeyer,1
muta,1
treating,1
cauca,1
came,1
game,1
pharaoh,1
ethnography,1
cd,1
hexagonal,1
inequality,1
postconquest,1
canada,1
escalation,1
plantas,1
histories,1
opposing,1
kingship,1
hypoplasia,1
insightful,1
quirigua,1
effort,1
lived,1
manas,1
pasaj,1
iconographie,1
staircases,1
ocean,1
destined,1
paleopathology,1
radical,1
carolina,1
toxic,1
salamá,1
playa,1
configuration,1
corvée,1
urias,1
shield,1
initial,1
tiers,1
prehispánica,1
attained,1
representative,1
respects,1
ethnographer,1
edznaand,1
ganned,1
planeación,1
zooarchaeological,1
arranged,1
yield,1
fourth,1
ranking,1
equally,1
volcán,1
honoring,1
adantation,1
traced,1
elemental,1
longand,1
districts,1
buikstra,1
skull,1
sustainable,1
bore,1
province,1
lago,1
viewed,1
estucos,1
intensity,1
applied,1
kaqchikel,1
publications,1
iceland,1
escritura,1
energy,1
imago,1
óseas,1
presided,1
intrasource,1
shamanism,1
noroeste,1
emulating,1
hidalgo,1
watershed,1
absolute,1
explain,1
mexicaines,1
fox,1
networks,1
wide,1
drain,1
freidel,1
becan,1
scene,1
zeitlin,1
eliminate,1
sascab,1
paleosalinity,1
memory,1
transcription,1
taxes,1
accelerator,1
caveats,1
colonies,1
directly,1
none,1
animales,1
expansionary,1
oftzeltal,1
spheres,1
ascend,1
basis,1
supplanted,1
invisible,1
accounting,1
hippocrene,1
urbano,1
introducción,1
assistants,1
updated,1
chantuto,1
zona,1
hydraulic,1
scope,1
osteology,1
organize,1
archéologie,1
hespsy,1
emphasis,1
boca,1
shaman,1
reestablished,1
concept,1
prominent,1
brought,1
hispanic,1
crude,1
médica,1
tributary,1
competing,1
clearer,1
transcended,1
cob,1
related,1
henderson,1
homeland,1
antropologia,1
newest,1
classicperiod,1
infant,1
got,1
intentionally,1
sache,1
counterbalance,1
private,1
tale,1
describe,1
escenografía,1
discussions,1
xu,1
inherited,1
literally,1
unidad,1
warranted,1
drew,1
heredity,1
expansionist,1
relevance,1
densely,1
actually,1
oaks,1
reoccupied,1
increasingly,1
underscored,1
osteobiographic,1
stairway,1
comunidad,1
xcarot,1
complejos,1
mathematical,1
teenage,1
border,1
focuses,1
monkey,1
navegación,1
portraiture,1
overviews,1
surrounding,1
coco,1
haven,1
employed,1
sensibility,1
comestible,1
liendo,1
southerly,1
monopoly,1
arrangements,1
rulership,1
artifact,1
cosmogonía,1
holy,1
vista,1
indexed,1
lithics,1
venus,1
gamica,1
sampled,1
citing,1
oriental,1
staple,1
externally,1
multiplicity,1
published,1
commons,1
información,1
computer,1
interregional,1
balene,1
closing,1
outmoded,1
viable,1
successful,1
adult,1
fuente,1
working,1
kíchpanha,1
commissioning,1
deity,1
lowest,1
distances,1
unexpected,1
raiding,1
reliable,1
dunning,1
tested,1
pintores,1
josé,1
politically,1
través,1
presencia,1
villagers,1
le,1
contrast,1
folkecology,1
cope,1
vereara,1
reorienting,1
marat,1
synthesized,1
consolidation,1
endogamy,1
fuentes,1
quite,1
celeste,1
repeated,1
bank,1
paleoecological,1
microevolutionary,1
embocadero,1
wrist,1
cowgill,1
canuto,1
ofmesoamerican,1
interdisciplinary,1
shapes,1
driving,1
june,1
tocado,1
migration,1
erected,1
components,1
bridge,1
crystallization,1
cosmogonie,1
disaster,1
metacarpal,1
acts,1
prestate,1
zapotillo,1
decentralization,1
peak,1
ancestral,1
dynastie,1
reexaminaron,1
haviland,1
mascarones,1
core,1
grave,1
dedicated,1
bulletin,1
inability,1
cooperación,1
species,1
progress,1
cefálica,1
st,1
renewed,1
altunhaa,1
inegalitarian,1
rodríguez,1
regardless,1
coe,1
correspondence,1
rowman,1
vanohmul,1
distinguishing,1
roots,1
cycle,1
marry,1
appropriate,1
conceptions,1
chronicles,1
value,1
enmascarados,1
patrones,1
newly,1
xochicalco,1
catalog,1
structuring,1
agrosystems,1
actions,1
sophistication,1
massive,1
digging,1
promising,1
placoncta,1
capturing,1
seemed,1
breakthroughs,1
frontera,1
survived,1
kinosternon,1
replacing,1
chronological,1
flourished,1
perspectivas,1
midpoint,1
nuun,1
ruinas,1
defended,1
approximated,1
bedrock,1
oriente,1
authentication,1
horizons,1
tasks,1
catalysts,1
sons,1
genesis,1
situation,1
business,1
coastline,1
escalate,1
ironies,1
ceremonial,1
minor,1
frontier,1
costumbres,1
wane,1
cottage,1
cercn,1
tetimpa,1
bajos,1
cammei,1
convinced,1
arqueológicos,1
marítimo,1
statecraft,1
interference,1
solving,1
identified,1
action,1
energetics,1
correlating,1
unification,1
schmidt,1
affiliations,1
stratagems,1
grand,1
short,1
wrote,1
gradual,1
synthesis,1
hohmann,1
positions,1
hiix,1
administrada,1
oeste,1
symbolics,1
limited,1
braudelian,1
successes,1
plans,1
onward,1
released,1
acknowledged,1
epigráficos,1
female,1
albany,1
dawn,1
disturbance,1
rodriguez,1
upward,1
gift,1
prove,1
depopulate,1
gruta,1
converted,1
above,1
emulated,1
harry,1
centrales,1
says,1
uthic,1
expanded,1
surviving,1
adze,1
comments,1
manifest,1
humans,1
movement,1
lacustre,1
hester,1
seemingly,1
strategic,1
penguin,1
pájaros,1
iannone,1
ofnachan,1
materialien,1
savannas,1
single,1
colecciones,1
ulua,1
robin,1
spoken,1
listed,1
flannery,1
chronicle,1
funerarias,1
preclásicas,1
simultaneous,1
cuadrángulo,1
peaks,1
auspices,1
incipient,1
extraction,1
violence,1
examined,1
nonlocal,1
destroyer,1
timekeeping,1
security,1
represents,1
relocated,1
requiring,1
paradox,1
acknowledgments,1
soon,1
detectable,1
mayabï,1
wearing,1
technology,1
riverine,1
coevolutionary,1
restricted,1
nohkax,1
combat,1
populated,1
official,1
ne,1
termination,1
majadas,1
differentiate,1
relinquish,1
sacrificios,1
muerte,1
revitalization,1
speleothem,1
castillo,1
compiled,1
antiauitv,1
turtles,1
sixteenthand,1
aadyvillel,1
une,1
desenlace,1
mesoamericalatin,1
orders,1
riqué,1
raise,1
ayer,1
complete,1
cuatro,1
carbonate,1
propounded,1
thousand,1
shifting,1
rectangular,1
façades,1
pata,1
lacked,1
patinated,1
experiment,1
dominated,1
reply,1
largest,1
supply,1
rebels,1
occurring,1
cultivated,1
prehispanica,1
armed,1
begins,1
moments,1
volcanism,1
frameworks,1
entwined,1
robert,1
ridged,1
rullili,1
volume,1
lavish,1
rings,1
hipótesis,1
tulum,1
members,1
boucher,1
starting,1
fire,1
tolok,1
viel,1
successfully,1
impediment,1
ensures,1
implicaciones,1
ethnohistory,1
houston,1
heritage,1
book,1
temporarily,1
faculty,1
gobierno,1
oscillated,1
mighty,1
archaeologically,1
jadeite,1
xi,1
agencia,1
stating,1
dispersión,1
locating,1
europe,1
varies,1
ask,1
motifs,1
flat,1
rock,1
erect,1
desiring,1
nonsegmentary,1
iximché,1
redoubled,1
herbert,1
coiporation,1
theocracy,1
wooden,1
husbandry,1
humana,1
distribución,1
consideration,1
clahassey,1
occurrence,1
xii,1
blocks,1
cocoa,1
liljefors,1
alluvial,1
statemaking,1
fascinates,1
broadly,1
proposal,1
plan,1
antepasados,1
compound,1
chunchucmn,1
depict,1
tributo,1
preclasic,1
taxonomy,1
overemphasis,1
attempting,1
relación,1
alkaline,1
inevitably,1
children,1
rive,1
manifested,1
really,1
monumentality,1
resumidero,1
incorporation,1
imi,1
columnas,1
memorias,1
distal,1
shallow,1
artístico,1
identical,1
pattern,1
triumphs,1
ricerche,1
bell,1
simple,1
documents,1
milenios,1
feminism,1
forms,1
interrupting,1
corbeled,1
tier,1
interpretaciones,1
throwing,1
habitacional,1
heart,1
likelihood,1
yucatecan,1
physiological,1
crosscut,1
remarkable,1
increases,1
yale,1
joya,1
elman,1
serra,1
empire,1
aa,1
establish,1
unclear,1
kichpanha,1
mural,1
nacxit,1
uolantun,1
ultimately,1
answer,1
mitochondrial,1
coincided,1
council,1
oberg,1
ports,1
tuulìt,1
chulchacá,1
montañas,1
practice,1
ahead,1
homenaje,1
albergando,1
hu,1
año,1
lohse,1
civilización,1
nueva,1
rijksmuseum,1
remarked,1
oxymoron,1
yarumela,1
weakly,1
gonzalez,1
gives,1
untangling,1
encountered,1
eûtes,1
thoroughly,1
marcas,1
remove,1
slow,1
reorganize,1
breakdown,1
classes,1
nahua,1
belts,1
kernel,1
carneiro,1
investment,1
encounter,1
perdido,1
divided,1
quintal,1
campaigns,1
mateos,1
knew,1
producción,1
tunnel,1
worsening,1
subjugating,1
adjacent,1
aspectos,1
width,1
disagree,1
accompanying,1
eighteenth,1
implicated,1
legitimation,1
limitations,1
carmean,1
inscription,1
mata,1
sides,1
rediscovery,1
cañada,1
recessed,1
communally,1
lsla,1
enormous,1
looking,1
omitted,1
sufficiently,1
emergencia,1
folkbiological,1
ruling,1
arquitectónico,1
warrior,1
worship,1
topoxté,1
host,1
andbecan,1
triadic,1
thriving,1
enduring,1
expression,1
cranial,1
definiendo,1
teotihuacán,1
operated,1
achiotes,1
virtually,1
juan,1
manipulation,1
salsipuedes,1
congress,1
temas,1
secretos,1
overcoming,1
prominently,1
reservoirs,1
educación,1
millennia,1
variables,1
recovery,1
resolved,1
discontinuity,1
muñoz,1
nothing,1
soconusco,1
specifies,1
mpio,1
trip,1
chosen,1
ceremonies,1
zacpetén,1
imagery,1
reinforcing,1
stayed,1
california,1
conmemoración,1
clays,1
synthetic,1
dahlin,1
guilá,1
gervasio,1
theoretical,1
vidal,1
continuities,1
discontinuities,1
unto,1
clearing,1
charge,1
open,1
sherd,1
jilotepeque,1
lacustrine,1
visualization,1
authors,1
grew,1
op,1
achieved,1
mixtee,1
urbanism,1
recipient,1
arroyo,1
august,1
try,1
held,1
causal,1
cleveland,1
methodological,1
divisions,1
allowed,1
someone,1
started,1
philipp,1
characterized,1
reviewers,1
serial,1
flood,1
preindustriai,1
ejemplo,1
vida,1
statistically,1
tribal,1
mask,1
collected,1
geoscience,1
camoeche,1
static,1
lie,1
untold,1
practiced,1
configurations,1
uxbenka,1
atran,1
leventhal,1
reencuentro,1
provides,1
legacy,1
ukan,1
tollan,1
reuse,1
imagination,1
suroeste,1
spent,1
quick,1
doubloon,1
comunes,1
aquatic,1
valued,1
graves,1
arrayed,1
behind,1
agroforestry,1
montículos,1
arquitectónicos,1
ideational,1
floral,1
mathews,1
toledo,1
más,1
anemia,1
ribs,1
constructing,1
sociopolítica,1
weaning,1
strange,1
stein,1
amatitlanecos,1
successors,1
emphasized,1
overcome,1
bureaucracies,1
exactly,1
crc,1
mainly,1
effect,1
chalchuapa,1
assigning,1
hierarchical,1
availability,1
january,1
gobernante,1
priests,1
seeking,1
percentages,1
sharper,1
gunn,1
incienso,1
guerras,1
adaptations,1
attracted,1
acceded,1
trendy,1
assesses,1
figures,1
geography,1
maximal,1
teotihuacanad,1
estero,1
postholes,1
wildlife,1
eating,1
mars,1
constituted,1
residenciales,1
quarter,1
controversial,1
modifications,1
achieve,1
opposite,1
pyburn,1
attention,1
adzes,1
nonretrospective,1
caste,1
gleaned,1
publicaciones,1
codices,1
performing,1
consumed,1
administrator,1
separate,1
operating,1
palisades,1
setbacks,1
greenwood,1
pohl,1
fails,1
conflict,1
regained,1
entitled,1
inlays,1
dzfcilchajtun,1
alrededor,1
speculate,1
pictorial,1
pintura,1
christian,1
dolores,1
disruption,1
kowalski,1
risks,1
pasadita,1
publishing,1
usurpation,1
richest,1
allgemeinen,1
unversity,1
quim,1
fairly,1
tomo,1
hieroglyphs,1
ï,1
movements,1
assert,1
chance,1
censers,1
testing,1
selections,1
precursor,1
claimed,1
spindle,1
reasonable,1
essax,1
clambakes,1
suchitepéquez,1
exacerbated,1
sacbe,1
qualifies,1
trabajos,1
interregnum,1
centre,1
modelados,1
florescence,1
wing,1
insufficient,1
injecting,1
male,1
concepto,1
helmet,1
institutions,1
cuencas,1
independence,1
lugar,1
periferia,1
reason,1
solís,1
transformed,1
gastrointestinal,1
vargas,1
team,1
imperialism,1
curation,1
force,1
worse,1
intercession,1
visual,1
suggestions,1
sequences,1
cuelloa,1
category,1
causeway,1
length,1
frames,1
espacial,1
dynamism,1
linking,1
settled,1
responsible,1
strides,1
extra,1
pristine,1
osario,1
footsoldiers,1
subop,1
spotlight,1
clásica,1
litica,1
cámara,1
botín,1
famous,1
comercio,1
table,1
becán,1
composed,1
michelet,1
mother,1
face,1
cosmology,1
administering,1
reconstrucción,1
figured,1
interpretive,1
princes,1
champolon,1
resemble,1
martín,1
parapets,1
influencing,1
regularly,1
ripped,1
middens,1
atlas,1
tumba,1
wurster,1
claims,1
enigma,1
solares,1
responses,1
perturbation,1
ofthat,1
especialización,1
alrededores,1
mitos,1
share,1
ash,1
kaminaliuvu,1
variable,1
paléopaysages,1
shadow,1
rarely,1
yucatanense,1
thinking,1
rejolladas,1
oxkintok,1
plated,1
dispersed,1
corazón,1
successive,1
civilizations,1
bricker,1
parentage,1
folk,1
deformación,1
ceja,1
goddess,1
skeleton,1
reflexiones,1
complexes,1
predictions,1
blom,1
vestigios,1
detect,1
cilindros,1
reinforced,1
extension,1
pace,1
òf,1
hypercoherent,1
forests,1
precise,1
offered,1
rosenswig,1
fluctuating,1
contents,1
tourtellot,1
ranch,1
droughts,1
rivero,1
carbondale,1
allá,1
shrimp,1
md,1
teotihuacano,1
sourcing,1
organizational,1
vessel,1
rappaport,1
maims,1
column,1
malaligned,1
colorado,1
entronización,1
comparative,1
modeling,1
tongo,1
quickly,1
replace,1
mesoamérica,1
escultura,1
defining,1
berkeley,1
ville,1
guerrero,1
pioneering,1
cotzumalguapan,1
colinas,1
forrajeras,1
alvarez,1
masonry,1
principle,1
región,1
gaps,1
descent,1
eruption,1
henry,1
proponents,1
descriptions,1
ancestor,1
specialized,1
worth,1
lying,1
ratio,1
forestproduct,1
sizes,1
monumentos,1
sampling,1
entidad,1
forebears,1
industry,1
machain,1
incorporating,1
contextual,1
administer,1
prominence,1
breaking,1
vines,1
volcano,1
etaly,1
bit,1
coniunctive,1
wall,1
surprised,1
paleoclimatic,1
civic,1
scenario,1
deeply,1
física,1
visiting,1
allied,1
sanctity,1
conquista,1
provoke,1
ideological,1
patrimonio,1
gulf,1
contradictory,1
magnified,1
lancaster,1
impossible,1
polynesian,1
etnoflora,1
infer,1
plazas,1
trachypogon,1
mystery,1
hallowed,1
visits,1
artistic,1
doms,1
sanctification,1
tracts,1
closest,1
burying,1
specially,1
consciousness,1
passage,1
living,1
horticulture,1
better,1
soler,1
path,1
problemas,1
ditch,1
franciscan,1
elevated,1
medical,1
captive,1
diversified,1
according,1
requesting,1
liquid,1
explanations,1
notable,1
edén,1
exploding,1
animation,1
transmitted,1
combined,1
depicts,1
salpeten,1
jova,1
stability,1
list,1
voor,1
usumacinta,1
supports,1
particular,1
nearby,1
sal,1
français,1
camneche,1
thirty,1
spirits,1
add,1
robles,1
passed,1
map,1
signature,1
lengths,1
recycling,1
tintai,1
problem,1
adaptation,1
dieta,1
consisting,1
appropriated,1
hegemony,1
huchim,1
toe,1
densities,1
zur,1
reopened,1
saddle,1
foundations,1
fedick,1
evolutivo,1
pursued,1
projection,1
brocket,1
scraping,1
textual,1
emblematic,1
periférico,1
ideal,1
dedication,1
marriages,1
scribal,1
contain,1
adorned,1
overturning,1
hondo,1
olmec,1
injuries,1
leyden,1
personal,1
diagenesis,1
league,1
socioeconomic,1
bodies,1
outline,1
code,1
whence,1
alterations,1
trees,1
mesoamericanos,1
preserved,1
alcalá,1
paradise,1
ill,1
thereby,1
conclude,1
introduced,1
extending,1
cozumel,1
atmospheric,1
pétrographie,1
strangers,1
confirm,1
aguateca,1
verification,1
diachronie,1
indicators,1
mayor,1
kohunlich,1
durable,1
tried,1
lies,1
returning,1
agents,1
terrace,1
adapted,1
andrés,1
generals,1
jv,1
palynology,1
resistance,1
lesson,1
underestimate,1
plumosus,1
botany,1
microfaunal,1
bees,1
ranks,1
tenable,1
phenomenon,1
pole,1
und,1
representation,1
au,1
goals,1
witchcraft,1
coming,1
teeth,1
katun,1
unifaces,1
contrasts,1
prepared,1
analogy,1
prehispánicas,1
shores,1
soils,1
layers,1
tell,1
elongated,1
catastrophism,1
sediments,1
youth,1
sesesmil,1
coggins,1
mays,1
argues,1
complejo,1
ignored,1
frontiers,1
treated,1
trusted,1
disposal,1
average,1
observed,1
selflegitimization,1
paradigm,1
october,1
institutional,1
dzlbilchattun,1
baking,1
socioevolutionary,1
recovering,1
embarked,1
stratification,1
staging,1
aware,1
discovery,1
biochemistry,1
brady,1
sat,1
offer,1
prolonged,1
anthrosols,1
fauna,1
xok,1
developmental,1
mas,1
scarecrow,1
chromatography,1
cívica,1
altiplano,1
segmentaria,1
glass,1
involving,1
variously,1
ultimas,1
spectrometry,1
clues,1
product,1
derive,1
intersitios,1
forming,1
programme,1
measuring,1
colonnaded,1
horizonte,1
mainz,1
typology,1
francisco,1
bigger,1
foraging,1
campaign,1
magical,1
rituales,1
reorganized,1
vertical,1
biológica,1
anonymous,1
placencia,1
needs,1
am,1
mf,1
tz,1
leads,1
vertebrate,1
addisonwesley,1
biased,1
postmodernist,1
settle,1
biotica,1
microdefects,1
close,1
frans,1
tribes,1
montaña,1
painted,1
peripatetic,1
watersheds,1
rejection,1
succeeded,1
cook,1
thirdand,1
amigos,1
canbalam,1
transect,1
partial,1
gainesville,1
patrilineal,1
nortñem,1
tubers,1
territoriales,1
vagaries,1
deportes,1
sweden,1
strong,1
technological,1
ends,1
zapotee,1
whenever,1
ab,1
dedicatory,1
sedimentary,1
zones,1
ethnology,1
laborers,1
utrecht,1
oí,1
asked,1
doing,1
daughter,1
pillars,1
rooarqueología,1
sculptured,1
templos,1
conception,1
contactos,1
gran,1
champoton,1
perpetual,1
astronómica,1
satellite,1
heterogeneous,1
