WORDCOUNTS,WEIGHT
the,1018
and,733
of,711
in,421
a,261
cahokia,228
to,174
illinois,148
j,136
mississippian,129
from,123
t,117
at,116
american,114
pp,112
r,105
no,90
university,90
that,78
p,75
on,74
or,73
archaeology,72
have,69
e,67
greater,65
as,64
cahokian,64
for,62
bottom,62
g,60
an,60
l,58
by,58
m,55
archaeological,55
with,54
b,53
political,52
site,52
was,50
not,50
central,49
may,46
were,46
new,45
is,42
northern,40
social,39
pauketat,37
regional,37
are,37
et,36
been,36
w,35
this,35
d,34
historic,33
late,32
cultural,32
mound,31
ad,30
than,30
other,29
phase,29
these,29
early,29
h,28
n,28
preservation,27
rural,27
it,26
some,26
mounds,26
prehistoric,25
southeastern,25
mississippi,24
its,24
world,24
c,24
be,24
north,24
state,23
also,23
evidence,23
more,22
complex,21
i,21
prehistory,21
during,21
middle,21
domination,21
craft,21
floodplain,20
presented,20
st,20
lohmann,20
community,20
ideology,20
perspectives,20
paper,20
research,19
southern,19
but,19
urbana,19
springfield,19
emergent,19
production,18
nebraska,18
population,18
sites,18
center,17
one,17
within,17
such,17
part,17
settlement,17
society,17
local,17
chert,17
antiquity,17
large,16
s,16
department,16
people,16
monographs,16
remains,16
groups,15
centrifugal,15
exotic,15
eastern,15
development,15
change,15
cultures,15
views,15
resources,14
creek,14
refuse,14
exchange,14
valley,14
if,13
studies,13
into,13
there,13
river,13
annual,13
understanding,13
domestic,13
economy,13
had,12
east,12
moorehead,12
journal,12
after,12
their,12
k,12
missouri,12
richland,12
region,12
we,12
capital,12
tract,12
found,11
those,11
phases,11
occupation,11
residential,11
data,11
around,11
about,11
culture,11
demographic,11
louis,11
construction,11
report,11
km,11
styles,10
household,10
centralized,10
raw,10
artifacts,10
stirling,10
economic,10
only,10
perhaps,10
native,10
survey,10
processes,10
period,10
investigations,10
few,10
historical,10
press,10
effects,10
recent,10
building,10
mortuary,9
ceremonial,9
all,9
along,9
labor,9
unpublished,9
given,9
changes,9
beyond,9
centers,9
near,9
has,9
order,9
likely,9
implications,9
ceramic,9
see,9
material,9
mill,9
samples,9
which,9
would,9
between,9
interaction,9
meeting,9
common,8
emerson,8
materials,8
reveal,8
chiefdoms,8
ritual,8
sand,8
excavations,8
century,8
archaeologist,8
objects,8
prairie,8
density,8
project,8
artifact,8
proper,8
f,8
various,8
southeast,8
thought,8
monks,8
patterns,8
lake,8
homesteads,8
three,8
over,8
goods,8
phd,8
animal,8
through,8
palisade,8
integration,8
o,7
stylistic,7
environmental,7
uplands,7
measures,7
western,7
midwest,7
evolution,7
milner,7
human,7
items,7
fig,7
kelly,7
alabama,7
york,7
landscape,7
monumental,7
most,7
resource,7
faunal,7
out,7
south,7
many,7
pattern,7
external,7
outside,7
where,7
less,7
de,7
elite,7
submitted,7
pottery,7
testing,7
plains,7
then,7
plazas,7
agricultural,7
distribution,7
while,7
conditions,7
include,7
madison,7
built,7
now,6
they,6
agency,6
maize,6
upland,6
great,6
subsequent,6
fingerhut,6
midcontinental,6
perspective,6
constructs,6
special,6
shell,6
plaza,6
jars,6
could,6
apparent,6
least,6
buildings,6
small,6
core,6
up,6
portion,6
populations,6
limited,6
panregional,6
communities,6
under,6
two,6
anthropologist,6
analyzed,6
food,6
dating,6
kunnemann,6
systems,6
foreign,6
life,6
analysis,6
any,6
incised,6
much,6
carbondale,6
traditional,6
among,6
red,5
ramey,5
cahokians,5
did,5
products,5
context,5
papers,5
debitage,5
possible,5
elements,5
architectural,5
even,5
influence,5
museum,5
centralization,5
process,5
direct,5
distant,5
monuments,5
organization,5
just,5
four,5
origins,5
decades,5
centrally,5
ann,5
indirect,5
tools,5
scale,5
explain,5
ot,5
related,5
away,5
il,5
status,5
researchers,5
mitchell,5
portions,5
villages,5
using,5
developmental,5
preliminary,5
interests,5
tennessee,5
span,5
abrupt,5
yet,5
us,5
same,5
al,5
regardless,5
resistance,5
communal,5
time,5
john,5
bluff,5
cahoida,5
cambridge,5
made,5
polity,5
contacts,5
platform,5
like,5
study,5
can,5
probably,5
dunham,5
suggest,5
consolidation,5
why,5
finney,5
table,5
minimalist,5
anthropological,5
horseshoe,5
meat,5
smithsonian,5
novel,5
elites,5
america,5
observations,5
finished,5
role,5
although,5
manufacture,5
states,5
transportation,4
rate,4
later,4
skeletal,4
iowa,4
tuscaloosa,4
view,4
manuscript,4
sphere,4
dc,4
history,4
inequality,4
pots,4
contexts,4
seems,4
tradition,4
analyses,4
revisions,4
influences,4
case,4
account,4
dynamics,4
relations,4
developments,4
ceramics,4
profound,4
nodal,4
houses,4
absent,4
district,4
derived,4
parts,4
arbor,4
factors,4
intensive,4
house,4
lithic,4
plenum,4
management,4
based,4
appearance,4
wares,4
initial,4
interpretations,4
circular,4
similar,4
symbols,4
dispersal,4
facilities,4
possibility,4
well,4
used,4
lords,4
symbolism,4
place,4
surrounding,4
politically,4
presence,4
when,4
seed,4
concomitant,4
reduced,4
contact,4
architecture,4
outmigration,4
once,4
chronology,4
issues,4
esarey,4
toward,4
temples,4
larger,4
end,4
variation,4
v,4
corps,4
archaeobotanical,4
distance,4
polities,4
degree,4
including,4
significant,4
macroregional,4
trade,4
points,4
decorated,4
so,4
plant,4
high,4
mexico,4
especially,4
iuinois,4
structure,4
institution,4
dietary,4
select,4
ordinary,4
army,4
seen,4
jar,4
regionwide,4
dispersed,4
homogeneity,4
complexes,4
known,4
constructed,4
borrow,4
fluorite,4
powell,4
beginning,4
what,4
form,4
appropriated,4
periphery,4
prestige,4
northwestern,4
simply,4
copper,4
phenomenon,4
our,4
subsumed,4
years,4
national,4
salt,4
need,4
clues,4
increased,4
doubtless,4
deer,4
themselves,4
should,4
manufactured,4
difficult,3
isotopie,3
limits,3
imported,3
northeast,3
introduction,3
village,3
settlements,3
arrowheads,3
authority,3
clair,3
lower,3
being,3
first,3
either,3
rev,3
burlington,3
secondary,3
government,3
last,3
judging,3
dd,3
segregated,3
occasional,3
milwaukee,3
westview,3
plain,3
owing,3
politics,3
outlying,3
point,3
enlargements,3
segregation,3
interments,3
pit,3
immediate,3
inner,3
jr,3
obion,3
estimates,3
times,3
biological,3
wl,3
rather,3
intraregional,3
developed,3
sort,3
subsistence,3
risk,3
produced,3
periodic,3
consider,3
specialization,3
emergence,3
elsewhere,3
gradually,3
articulated,3
restricted,3
followed,3
mo,3
sponemann,3
union,3
antiauitv,3
result,3
wing,3
transmission,3
demise,3
farmsteads,3
access,3
events,3
multiscalar,3
hypercentralization,3
further,3
traits,3
appears,3
silver,3
aspects,3
database,3
memoirs,3
regions,3
excavated,3
interregional,3
punctuated,3
caused,3
next,3
precontact,3
involved,3
several,3
highly,3
dramatic,3
nonetheless,3
scientific,3
identified,3
intrusions,3
reorganization,3
oneota,3
still,3
seemingly,3
ancient,3
tn,3
included,3
transformations,3
wisconsin,3
alteration,3
added,3
fact,3
lack,3
homestead,3
areas,3
minnesota,3
supralocal,3
fragments,3
took,3
sweat,3
present,3
model,3
minneapolis,3
style,3
shifts,3
number,3
another,3
explanation,3
chiefly,3
values,3
formal,3
transformed,3
empirical,3
redistribution,3
mississippians,3
theoretical,3
explorations,3
stress,3
sunybuffalo,3
features,3
households,3
thomas,3
forms,3
sacred,3
offensive,3
wells,3
save,3
saw,3
merrell,3
resistant,3
inside,3
who,3
collections,3
area,3
centuries,3
chunkey,3
symbolic,3
organizational,3
natural,3
anthropology,3
constructions,3
current,3
foundation,3
apalachee,3
far,3
better,3
victims,3
whether,3
making,3
orleans,3
adaptation,3
densities,3
almost,3
mercantilist,3
urban,3
size,3
grand,3
church,3
african,3
until,3
models,3
differentiation,3
reveals,3
notes,3
nonelite,3
decrease,3
instead,3
integrated,3
provided,3
smaller,3
off,3
paraphernalia,3
midcontinent,3
carbon,3
holley,3
create,3
entire,3
abandoned,3
ky,2
mostly,2
provisioning,2
frequent,2
pittsburgh,2
diabase,2
originate,2
pools,2
expect,2
magicoritual,2
ample,2
prime,2
stone,2
second,2
fly,2
necessarily,2
total,2
source,2
du,2
themes,2
negative,2
peaked,2
subsample,2
sources,2
long,2
jackson,2
localities,2
hypercentralized,2
pervasive,2
caddoan,2
motor,2
might,2
attempt,2
possibilities,2
individuals,2
broken,2
featuring,2
simple,2
thank,2
farmers,2
bead,2
wittry,2
reed,2
singlepost,2
collapse,2
emerald,2
help,2
principal,2
signs,2
dissolved,2
system,2
issue,2
key,2
cleared,2
geophysical,2
apple,2
quantities,2
replacement,2
dissolution,2
activity,2
soils,2
fritz,2
very,2
bowls,2
mundane,2
economies,2
warfare,2
localized,2
electromagnetic,2
charnel,2
tribute,2
throughout,2
mississippianism,2
cabokia,2
southwestern,2
historically,2
paducah,2
hixton,2
bison,2
consumed,2
health,2
tables,2
midconänental,2
ag,2
cf,2
sample,2
z,2
kind,2
adopted,2
response,2
six,2
provisions,2
bone,2
estimate,2
fowler,2
networks,2
communication,2
traditions,2
decline,2
height,2
higher,2
lesser,2
failed,2
landscapes,2
réévaluation,2
how,2
heels,2
movers,2
bifaces,2
od,2
tb,2
lasted,2
viewed,2
signatures,2
leaves,2
enabled,2
selected,2
scattered,2
mcelrath,2
support,2
reason,2
accounts,2
ozark,2
category,2
nor,2
courtyard,2
established,2
moderately,2
elevated,2
too,2
upper,2
periodically,2
potters,2
commonly,2
painted,2
exploitation,2
archeological,2
important,2
disappeared,2
hanenberger,2
came,2
location,2
chipped,2
approach,2
lived,2
iconographie,2
accommodations,2
diet,2
ttailed,2
circulation,2
academic,2
equally,2
buried,2
institute,2
engraved,2
trappings,2
michigan,2
burial,2
contiguous,2
record,2
indian,2
because,2
accounting,2
residents,2
tool,2
emphasis,2
goldstein,2
tapered,2
example,2
woodland,2
mortuaries,2
inferences,2
relevance,2
structures,2
beads,2
transported,2
documented,2
floors,2
league,2
buffalo,2
monroe,2
markedly,2
arkansas,2
solution,2
giant,2
happenings,2
field,2
wi,2
things,2
indicators,2
generation,2
functionalism,2
amidst,2
spanish,2
autonomy,2
soil,2
microstylistic,2
latest,2
boundaries,2
always,2
visible,2
results,2
newly,2
topdown,2
provisioned,2
dwrt,2
processual,2
collaborations,2
müller,2
minor,2
expanse,2
indicative,2
mechanisms,2
gradual,2
located,2
motivated,2
female,2
constraints,2
formative,2
sponsored,2
superordinate,2
outer,2
betray,2
vicinity,2
cobb,2
surmounting,2
violence,2
array,2
technology,2
neither,2
coeval,2
falls,2
carbonate,2
largest,2
power,2
mark,2
turner,2
cahoua,2
rock,2
holdener,2
water,2
lives,2
occupations,2
foods,2
appeared,2
linchpin,2
feasting,2
contemporary,2
promoted,2
adjacent,2
do,2
centre,2
covered,2
manner,2
road,2
realms,2
necessary,2
downtown,2
mississippianized,2
wood,2
valleys,2
heralded,2
success,2
range,2
farming,2
trajectory,2
ttact,2
dispersals,2
identity,2
brad,2
fed,2
residues,2
parcel,2
ideas,2
wt,2
questions,2
actual,2
lucretia,2
examination,2
sees,2
office,2
knoebel,2
meanings,2
lakes,2
dominated,2
faces,2
gateway,2
david,2
indicate,2
variant,2
revised,2
function,2
collected,2
administrative,2
fred,2
segment,2
redistributions,2
problems,2
internal,2
outcomes,2
date,2
respectively,2
preston,2
effect,2
hierarchical,2
seeking,2
dominance,2
corroborative,2
versus,2
la,2
widely,2
kaskaskia,2
space,2
indication,2
relationship,2
irregular,2
processed,2
independent,2
continued,2
george,2
bulk,2
ecological,2
five,2
meats,2
hargrave,2
lines,2
primarily,2
bulletin,2
accepted,2
imposition,2
understand,2
oddly,2
transformation,2
whereby,2
articles,2
inspired,2
existed,2
united,2
itself,2
interpretive,2
regularly,2
earliest,2
environment,2
authorities,2
precedence,2
series,2
conclusion,2
peoples,2
mercantile,2
must,2
precise,2
recognizable,2
temporal,2
elevates,2
here,2
jefferson,2
know,2
partitioning,2
extant,2
control,2
each,2
pedestrian,2
cemetery,2
ratio,2
assumed,2
connection,2
sampling,2
unknown,2
daily,2
half,2
wall,2
particularly,2
collins,2
past,2
enlarged,2
assessment,2
edge,2
places,2
turned,2
olszewski,2
according,2
unlikely,2
explanations,2
preexisting,2
rose,2
stability,2
plants,2
lopinot,2
extent,2
hegemony,2
utilitarian,2
foundations,2
domiciles,2
episode,2
scenarios,2
suggests,2
hundreds,2
contain,2
spaces,2
vessels,2
both,2
bodies,2
circumstances,2
transport,2
altered,2
little,2
conclude,2
uniform,2
city,2
despite,2
subsidies,2
measure,2
necklaces,2
indians,2
producer,2
formation,2
francois,2
bbb,2
iseminger,2
consolidated,2
consumption,2
product,2
rench,2
shift,2
foraging,2
plates,2
vessel,2
potential,2
besides,2
posture,2
massive,2
nucleation,2
reached,2
surveys,2
mehrer,2
lohmannand,2
technological,2
paukeut,2
pulcher,2
major,2
paleoethnobotany,1
problem,1
final,1
emulate,1
adulthood,1
revamps,1
ä,1
entities,1
intricate,1
does,1
margins,1
archives,1
decentralized,1
stimuli,1
currently,1
countryside,1
oriented,1
cognates,1
calibrated,1
versa,1
calgary,1
estimated,1
fertile,1
decreasing,1
palisaded,1
insect,1
strategy,1
shortterm,1
corporate,1
keller,1
war,1
correlations,1
begging,1
created,1
functional,1
fewer,1
separated,1
levers,1
peaceful,1
engendered,1
reconsidered,1
episodes,1
fingers,1
resulted,1
heights,1
alone,1
adoption,1
levelall,1
ultimate,1
originating,1
mountains,1
tin,1
notably,1
distributed,1
numerical,1
debris,1
pilgrims,1
storehouses,1
clung,1
omk,1
mesoamerica,1
residences,1
replaced,1
possessed,1
pondered,1
envisioned,1
rend,1
tend,1
disciples,1
kmeènttmt,1
schools,1
mississippianand,1
constitutes,1
sets,1
ways,1
mexican,1
item,1
completely,1
fellows,1
specified,1
modern,1
microliths,1
persisted,1
exotica,1
feritagton,1
realities,1
tempered,1
oppressive,1
prentice,1
redistribute,1
emphasize,1
allies,1
unlike,1
occurred,1
variants,1
before,1
fragile,1
interpretative,1
profundity,1
something,1
nominally,1
induced,1
plantations,1
po,1
microblades,1
descriptions,1
causes,1
princeton,1
overhauled,1
diversity,1
sequential,1
hints,1
wley,1
notre,1
anything,1
archaeologists,1
fioodplam,1
transitions,1
explaining,1
hence,1
reconstructions,1
coiwomkpote,1
preceding,1
consuming,1
concerned,1
setting,1
ii,1
give,1
attempts,1
military,1
cosmological,1
culturally,1
wary,1
utilization,1
rare,1
action,1
emerged,1
rindos,1
discerned,1
nature,1
unification,1
aforementioned,1
cotxfenotert,1
confirmed,1
latent,1
moundville,1
beckon,1
archaeologically,1
affinities,1
interred,1
portable,1
leading,1
paramount,1
mooreheads,1
contingencies,1
governed,1
estimation,1
microlith,1
flotation,1
marginella,1
differences,1
potentially,1
acreage,1
rich,1
scholar,1
follows,1
shot,1
theoiy,1
ephemeral,1
diversitycivic,1
substantive,1
closer,1
generalizations,1
composition,1
comprehending,1
expense,1
halliday,1
omfc,1
inland,1
ecotone,1
somewhat,1
failures,1
enhanced,1
cemeteries,1
improving,1
rlchland,1
marine,1
concepts,1
raised,1
reminiscent,1
routines,1
corroborate,1
normal,1
socialhistorical,1
coordinated,1
pate,1
untitled,1
alike,1
contents,1
posts,1
woodlands,1
nearer,1
crystal,1
suspect,1
heaped,1
projectile,1
payne,1
geosàentific,1
autonomous,1
albeit,1
task,1
fairview,1
maskettesscattered,1
constraint,1
celts,1
primary,1
mass,1
tenth,1
discuss,1
march,1
tìract,1
design,1
vol,1
uneven,1
placement,1
fitting,1
marked,1
compelling,1
prevailing,1
geared,1
inevitable,1
contemporaneous,1
producers,1
guy,1
petroglyph,1
bibliography,1
move,1
structurally,1
magazine,1
flank,1
obvious,1
dioxide,1
converted,1
reflection,1
west,1
whatever,1
occurring,1
perceived,1
say,1
conceptual,1
timothy,1
pupaewas,1
exchanges,1
diffused,1
bwrohmt,1
uncertain,1
chart,1
monitoring,1
anticipated,1
negotiation,1
constrained,1
undoubtedly,1
correlation,1
revaluations,1
facto,1
formula,1
beneath,1
forged,1
slower,1
perturbations,1
collection,1
behavior,1
valuables,1
corresponding,1
signal,1
conflict,1
frequencies,1
natives,1
thus,1
icons,1
includes,1
refiguration,1
minimalism,1
examining,1
denying,1
auartzcryauai,1
per,1
review,1
differential,1
spoon,1
relationships,1
influx,1
blades,1
component,1
go,1
mine,1
attest,1
accommodation,1
winds,1
since,1
against,1
realized,1
sediment,1
hierarchy,1
consumables,1
integral,1
anthropología,1
divine,1
analysisthin,1
civilizing,1
defilement,1
relatively,1
logic,1
zentrum,1
viewing,1
mixed,1
capped,1
espousing,1
attested,1
highlighting,1
friedman,1
facet,1
conducted,1
expected,1
nonstate,1
forced,1
ware,1
ai,1
inroad,1
wiley,1
big,1
moundvilles,1
inhabited,1
misconception,1
inserted,1
altogether,1
distinct,1
speculative,1
utensils,1
silicified,1
tippetts,1
rejecting,1
evident,1
twoand,1
zooarchaeological,1
convincing,1
mover,1
ha,1
backfilled,1
porotic,1
handbook,1
homelands,1
dates,1
left,1
resharpening,1
witnessed,1
module,1
pitanehwt,1
spin,1
rounding,1
helpful,1
fineware,1
storage,1
geological,1
hoes,1
vice,1
critique,1
falcon,1
precapitalist,1
sun,1
cahokiacentric,1
william,1
kentucky,1
understood,1
hardly,1
necklace,1
unaltered,1
paste,1
error,1
paralleling,1
violate,1
delineated,1
van,1
collagen,1
divergence,1
loyal,1
civilization,1
inception,1
fort,1
depiction,1
sue,1
recognized,1
á,1
cucurbit,1
without,1
elevating,1
supernatural,1
recreation,1
his,1
ml,1
ba,1
btttfwt,1
loams,1
ciay,1
growth,1
across,1
interpretation,1
spatially,1
proceedings,1
influenced,1
sizable,1
centimeters,1
pinpointed,1
capture,1
coloring,1
mean,1
mtfmnl,1
approaches,1
depicts,1
active,1
coalition,1
parents,1
proximity,1
blanks,1
dp,1
rouch,1
ex,1
à,1
strands,1
importance,1
grew,1
certain,1
leave,1
steinberg,1
tan,1
contributions,1
references,1
lacking,1
resettlement,1
mobilize,1
managerial,1
discoveries,1
animals,1
miscellaneous,1
cahokiato,1
moves,1
characterizes,1
modified,1
solutions,1
escape,1
circulated,1
old,1
hematite,1
homesteaders,1
pauketftt,1
supports,1
cherts,1
possibly,1
sorts,1
retained,1
organized,1
falloff,1
sociocultural,1
dated,1
presumably,1
linked,1
néolitique,1
section,1
tïact,1
constrain,1
numbers,1
completion,1
receiving,1
tying,1
potati,1
northeastern,1
argued,1
dispersions,1
reviewed,1
shrinking,1
solid,1
situations,1
presumed,1
show,1
cahokii,1
superior,1
additional,1
efficient,1
consequence,1
quany,1
surge,1
patterning,1
preferably,1
requires,1
tribalization,1
mix,1
appropriations,1
age,1
subsidiary,1
flakes,1
stoltman,1
founding,1
protohistory,1
contrary,1
dug,1
overwhelm,1
waterways,1
caches,1
dispersion,1
trajectories,1
fluid,1
conflicts,1
politisches,1
assessments,1
creeks,1
iconography,1
rb,1
causation,1
diachronic,1
explanatory,1
avant,1
expressed,1
uses,1
skewed,1
paym,1
endogenous,1
whom,1
affiliated,1
bunkum,1
walk,1
allow,1
bearing,1
fladapted,1
societies,1
nonrandom,1
conflates,1
downstream,1
histories,1
acknowledgments,1
accommodated,1
begun,1
called,1
discoidal,1
midden,1
involution,1
exaggerating,1
redefinitions,1
conspicuous,1
patrick,1
maneuvering,1
changed,1
outcrops,1
terminological,1
international,1
sedentary,1
shiloh,1
infrequent,1
mesoamerican,1
symbolically,1
vortex,1
rightly,1
macroregjonal,1
uod,1
defensive,1
primitive,1
medicines,1
reciprocations,1
glacial,1
irregularly,1
determann,1
evaluate,1
accurately,1
sparse,1
worldy,1
hmmt,1
cuts,1
reviews,1
mediated,1
hanson,1
vestigial,1
intensity,1
ississippian,1
wherein,1
appearing,1
otherwise,1
flaws,1
dialectic,1
perform,1
saving,1
hwwtt,1
required,1
paokctat,1
dumbarton,1
public,1
materialized,1
benign,1
housessuggests,1
lagging,1
alt,1
huge,1
technical,1
precept,1
comestibles,1
failure,1
hierarchies,1
refiguring,1
directly,1
network,1
spheres,1
distinguish,1
unexcavated,1
revealed,1
gibbon,1
interfluves,1
northerners,1
work,1
rum,1
douglas,1
bounded,1
rocks,1
catwalk,1
statehood,1
spiro,1
comprises,1
locus,1
unless,1
county,1
stake,1
richtend,1
su,1
recherche,1
proportions,1
unfinished,1
reduction,1
petroglyphs,1
indigenous,1
knight,1
carrie,1
description,1
restructuring,1
whole,1
literature,1
aggrandizements,1
overview,1
designate,1
diffusion,1
consistently,1
tilled,1
discussions,1
walltrench,1
cited,1
collective,1
calculating,1
warranted,1
imitations,1
unmistakable,1
oaks,1
commissioned,1
rituals,1
poll,1
forces,1
occupied,1
contentious,1
prtwm,1
systematic,1
differentially,1
entails,1
missions,1
swamps,1
dakota,1
smallest,1
assembly,1
my,1
concurrent,1
trends,1
attributed,1
outsizing,1
towards,1
encounters,1
manipulation,1
lifestyle,1
redistributed,1
kwmtftof,1
galum,1
cahokias,1
quarterly,1
grain,1
pot,1
causal,1
statistically,1
commerce,1
sense,1
composite,1
smith,1
corresponds,1
inference,1
drier,1
stage,1
microfilms,1
steponaitis,1
stylesshell,1
galena,1
warrant,1
poster,1
interacting,1
mississippl,1
paoketot,1
excavation,1
chacmool,1
repeated,1
family,1
bottomwe,1
woodthat,1
contingency,1
crescent,1
recognition,1
sufficient,1
redressed,1
modicum,1
multiple,1
propelled,1
isolationists,1
revealing,1
components,1
governments,1
bateyctmrt,1
julien,1
brought,1
disparate,1
peak,1
mcg,1
startling,1
climate,1
distinguished,1
attached,1
alluvial,1
cl,1
redefinition,1
potent,1
methodological,1
foremost,1
reeves,1
harbor,1
evanston,1
underlaid,1
cattle,1
mobilizations,1
games,1
factionalism,1
inabilities,1
diminished,1
lincoln,1
increments,1
inform,1
moved,1
triangular,1
actions,1
sophistication,1
undesirable,1
activities,1
nfcvarpots,1
capturing,1
mantles,1
periods,1
hauled,1
gayle,1
will,1
voi,1
morphology,1
uncommon,1
converge,1
overuse,1
fioodplain,1
ana,1
sons,1
ramifications,1
groundstone,1
sensu,1
reexamine,1
ttie,1
territorial,1
cottage,1
mesa,1
resettled,1
guarded,1
drainage,1
letters,1
catchment,1
impacts,1
cessation,1
celt,1
synthesis,1
quantified,1
comparative,1
expansion,1
inferential,1
successes,1
plans,1
corporation,1
appreciate,1
brief,1
edges,1
hamlet,1
nearly,1
floodplaincontinued,1
object,1
reduce,1
homogenizations,1
projecting,1
above,1
outar,1
make,1
indicates,1
interactions,1
accumulations,1
geophysics,1
woods,1
comments,1
manifest,1
holders,1
targeted,1
modes,1
legitimized,1
sprinefield,1
hold,1
religious,1
cooler,1
galenaexotic,1
structural,1
single,1
mammal,1
hoe,1
calculate,1
bioarchaeology,1
elaboration,1
flake,1
instabilities,1
reference,1
fruition,1
mh,1
greenhouse,1
interment,1
rules,1
barker,1
corroborated,1
serve,1
counterparts,1
continuity,1
evolved,1
god,1
adoptions,1
anthropologique,1
propera,1
domicile,1
northwest,1
unwin,1
subcommunities,1
cafig,1
light,1
quarries,1
assistance,1
complete,1
nini,1
rectangular,1
areachanges,1
every,1
locality,1
crematory,1
colonial,1
experiment,1
fallout,1
already,1
insights,1
unmitigated,1
meramec,1
visitors,1
identification,1
beginnings,1
cuur,1
noted,1
savannah,1
lingering,1
frameworks,1
yanklow,1
evolve,1
skeletons,1
fill,1
administrators,1
angel,1
geomorphology,1
organizations,1
vogt,1
french,1
heritage,1
technique,1
stated,1
tibie,1
marty,1
again,1
others,1
fragmentation,1
pastes,1
procured,1
towns,1
addition,1
cedar,1
shows,1
longer,1
marker,1
valid,1
coincidence,1
phalanx,1
pressure,1
materialist,1
instituto,1
tîact,1
crop,1
shire,1
mooreheadphase,1
grave,1
together,1
practical,1
diverse,1
mecca,1
rebuilt,1
figurines,1
negemony,1
substantially,1
edwardsville,1
administrations,1
astride,1
resolved,1
distributions,1
considerable,1
fashion,1
nordamerika,1
palenque,1
discussed,1
honor,1
depopulation,1
possession,1
conclusions,1
gttmem,1
ascent,1
bulngton,1
ground,1
comptex,1
increases,1
posit,1
muuer,1
imparting,1
redonda,1
lehmann,1
entity,1
cmfc,1
empire,1
execution,1
armed,1
relevant,1
michael,1
fayogaii,1
strategies,1
unanticipated,1
infilling,1
bottomis,1
blind,1
leveling,1
focusing,1
defiled,1
thatgiven,1
chronologically,1
flint,1
trivial,1
daper,1
subphase,1
iil,1
encountered,1
heed,1
presentation,1
owwtywh,1
maya,1
remained,1
ttect,1
scant,1
argues,1
reordering,1
murdock,1
das,1
vanishing,1
recognizing,1
emanating,1
crystals,1
technologies,1
situated,1
discussion,1
minimizing,1
considering,1
comprise,1
discovery,1
sacrifices,1
farasworth,1
upon,1
helps,1
represented,1
refining,1
environments,1
logs,1
postclassic,1
distinctly,1
previously,1
increase,1
kftotnrtmrt,1
manifestations,1
usurped,1
formalist,1
pétrographie,1
concern,1
preanct,1
findings,1
lecture,1
waste,1
expression,1
hypotheses,1
legitimation,1
intermittent,1
iso,1
rivers,1
virtually,1
factor,1
assume,1
inherently,1
sequence,1
proposed,1
cctxtonchmi,1
engineers,1
real,1
fails,1
nothing,1
multicomponent,1
laboratory,1
franklin,1
deployed,1
tbltec,1
outpost,1
uruk,1
advantages,1
inversely,1
versions,1
downriver,1
anasazi,1
low,1
significance,1
shielded,1
appraisal,1
thermodynmanic,1
engender,1
margaret,1
loosely,1
archaeolofiv,1
sflicified,1
procedurehousehold,1
peripheral,1
mimrner,1
mt,1
neoevolutionary,1
feature,1
offing,1
integrate,1
amounts,1
co,1
archaeolom,1
counter,1
held,1
symposium,1
characterized,1
spread,1
prodigious,1
summer,1
drilling,1
obtained,1
stages,1
crafted,1
canowa,1
homogenized,1
contributed,1
mammals,1
accurate,1
earlier,1
conversation,1
attributing,1
fancy,1
dekalb,1
abundant,1
provides,1
latter,1
shelled,1
ttempealeau,1
wight,1
class,1
promotion,1
unambiguous,1
agriculturalists,1
faith,1
fauna,1
graves,1
grown,1
random,1
crypte,1
coercive,1
miacue,1
promote,1
qualities,1
eyes,1
evolutionary,1
chapel,1
editors,1
narrow,1
ornaments,1
tiers,1
saltextracted,1
recoverable,1
anderson,1
hydrologie,1
plate,1
availability,1
diamond,1
james,1
enemies,1
sanctioning,1
paris,1
slightly,1
epigenetic,1
farmstead,1
adaptations,1
parameters,1
attracted,1
workshop,1
procurement,1
atlas,1
limites,1
louisiana,1
sociopolitical,1
rearranged,1
files,1
counselor,1
behaviour,1
unrelated,1
unsatisfied,1
brown,1
species,1
clusters,1
restructured,1
solar,1
suspects,1
farm,1
tempo,1
allay,1
pictorial,1
mississipian,1
topography,1
negotiations,1
modification,1
abundance,1
perry,1
today,1
canoe,1
publishing,1
dissected,1
usurpation,1
carhondale,1
pans,1
involving,1
provide,1
science,1
segments,1
bold,1
broadened,1
joan,1
partsincluding,1
naturally,1
igneous,1
suggestive,1
potteiy,1
program,1
fully,1
suspected,1
hill,1
arrow,1
exacerbated,1
ine,1
alternate,1
quarrying,1
recognizes,1
nemesis,1
excluding,1
genderand,1
force,1
returned,1
emulations,1
sequences,1
hinterlands,1
originated,1
recognize,1
rapidly,1
stirlingand,1
owed,1
granite,1
furthered,1
fall,1
début,1
disk,1
stratified,1
fields,1
aboriginal,1
hmon,1
caries,1
unusual,1
problematic,1
neal,1
pressures,1
freeing,1
evaluation,1
distributional,1
forests,1
stephen,1
quantitative,1
undulating,1
burned,1
fertility,1
school,1
vmtzoymk,1
warrants,1
share,1
ash,1
monument,1
associated,1
growing,1
breach,1
abandonment,1
repaired,1
elaborate,1
complexity,1
communitywide,1
incorporated,1
surround,1
ludwickson,1
founded,1
tèny,1
regulated,1
steel,1
geographic,1
detect,1
determinants,1
pace,1
theme,1
detail,1
rival,1
altertum,1
trenches,1
nacional,1
diets,1
cambria,1
edelhardt,1
sourcing,1
offers,1
command,1
alternative,1
overexploitation,1
starr,1
minerals,1
set,1
verify,1
swan,1
modeling,1
downfall,1
integrative,1
erected,1
outcome,1
defining,1
dimension,1
ordered,1
benefits,1
descent,1
readily,1
moundplaza,1
correspond,1
mmikmatwê,1
faipaymctort,1
cosmos,1
different,1
global,1
sizes,1
interested,1
schlemmer,1
exploration,1
seem,1
rolling,1
believe,1
unambiguously,1
altering,1
alexander,1
preadapted,1
equivocal,1
fanning,1
appendix,1
demange,1
bauman,1
argue,1
temper,1
calumet,1
homogenization,1
scenario,1
visiting,1
curtiss,1
post,1
iii,1
adhere,1
petitt,1
archeologjcal,1
bonnie,1
mollusk,1
lockstep,1
narrowed,1
build,1
hilltops,1
identities,1
reelfoot,1
tracts,1
impinged,1
anomalous,1
u,1
disputes,1
reliant,1
scores,1
pathological,1
advances,1
redefined,1
subordinate,1
usual,1
helping,1
game,1
hall,1
microlithic,1
impact,1
notable,1
dominate,1
investigation,1
reign,1
transmitted,1
unique,1
spatial,1
them,1
bridgeton,1
iuinios,1
terms,1
cooking,1
chippage,1
rising,1
coast,1
cause,1
stilling,1
partialities,1
clyde,1
contrasting,1
cult,1
mere,1
theory,1
dedicated,1
tightly,1
éditions,1
useful,1
eveiyday,1
sleeping,1
mentioned,1
version,1
precursor,1
require,1
migrations,1
produce,1
subsidization,1
information,1
apartment,1
ideal,1
pervade,1
subtraditions,1
signify,1
des,1
cluster,1
mtoychart,1
pottersand,1
conference,1
socioeconomic,1
nj,1
hal,1
varieties,1
level,1
gatherings,1
occasionally,1
aggregation,1
preserved,1
sacrificial,1
underappreciated,1
pits,1
edwards,1
thereby,1
ohio,1
mississtppian,1
extending,1
paoketat,1
ihibitt,1
ctmrcfwkdmrt,1
alternatives,1
ctwromkdwi,1
became,1
diachronie,1
unaffected,1
variability,1
giving,1
focal,1
intended,1
transition,1
ecology,1
lies,1
administration,1
controls,1
everywhere,1
rationale,1
confronted,1
bridges,1
folkat,1
commodities,1
contribute,1
quwuerymtt,1
obtain,1
lab,1
lesson,1
pfcuketst,1
wînterville,1
resolve,1
qualitative,1
goose,1
maintained,1
isolated,1
evidenced,1
gain,1
ein,1
crañ,1
terminal,1
prãkolumbianisches,1
question,1
wild,1
ultimately,1
survival,1
camta,1
commercial,1
instructive,1
deceptively,1
franooit,1
lands,1
disposal,1
dubious,1
ushered,1
florida,1
internally,1
chemical,1
eveland,1
washington,1
tfact,1
baraga,1
tactical,1
parallels,1
debitagethat,1
offer,1
insight,1
actively,1
ctfm,1
chippedstone,1
zooarchaeology,1
land,1
œntralization,1
archaeogeophysical,1
green,1
regime,1
prestigegoods,1
heartland,1
shakers,1
regular,1
earthen,1
crafty,1
wohnort,1
centripetal,1
oiler,1
slaves,1
peripheries,1
measured,1
quartz,1
passive,1
roughly,1
reformation,1
roles,1
isa,1
anonymous,1
reconnaissance,1
respective,1
sweitzer,1
mobilized,1
intergroup,1
charles,1
vertebrate,1
removed,1
intentional,1
distinctions,1
reductionism,1
ensuring,1
mason,1
variations,1
charged,1
hills,1
sectors,1
morse,1
deposits,1
irrelevant,1
sharing,1
dohack,1
substantial,1
nonhierarchical,1
element,1
tactic,1
divergent,1
dental,1
focus,1
immediately,1
comparable,1
emigrations,1
resist,1
profiles,1
beholden,1
broader,1
nonmarket,1
reflections,1
ca,1
aggruppante,1
close,1
quaternary,1
climax,1
satellite,1
heterogeneous,1
hypothesis,1
