WORDCOUNTS,WEIGHT
the,528
of,374
in,340
and,269
a,131
to,127
europe,64
research,60
at,58
archaeology,57
on,56
has,55
eastern,51
as,50
have,50
for,48
from,44
been,43
is,43
with,43
neolithic,40
this,39
settlement,35
new,31
j,30
age,29
sites,29
that,28
by,28
antiquity,28
early,28
m,27
be,27
site,26
archaeological,26
i,24
are,23
some,21
university,21
pp,21
an,21
mesolithic,20
many,20
bronze,20
excavations,19
culture,19
special,18
late,18
poland,18
which,17
polish,16
there,16
central,16
v,16
european,16
was,15
w,15
p,15
such,14
these,14
between,14
other,13
data,13
paleolithic,13
important,13
will,13
but,13
more,13
were,13
north,13
museum,12
bogucki,12
field,12
s,11
z,11
b,11
their,11
r,11
during,11
region,11
particularly,11
transition,11
southeastern,11
one,10
studies,10
first,10
na,10
prehistoric,10
trends,10
also,10
number,10
period,10
der,10
iron,10
through,10
d,10
settlements,9
h,9
approaches,9
panorama,9
journal,9
near,9
social,9
or,9
flint,9
countries,9
not,9
series,9
die,9
remains,9
now,8
large,8
stone,8
archaeologists,8
state,8
danube,8
study,8
work,8
issues,8
world,8
areas,8
foreign,8
baltic,8
area,8
it,7
great,7
along,7
since,7
parts,7
upper,7
provided,7
under,7
john,7
significant,7
epoki,7
roman,7
institute,7
both,7
und,7
wroclaw,7
later,6
balkan,6
bp,6
production,6
farmers,6
plain,6
developments,6
kultury,6
l,6
schweizerisches,6
changes,6
most,6
had,6
found,6
international,6
well,6
its,6
place,6
southern,6
light,6
only,6
considerable,6
mortuary,6
northern,6
pottery,6
continued,6
known,6
economy,6
ersten,6
information,6
middle,6
copper,6
national,6
potential,6
c,6
much,6
recent,6
e,5
into,5
different,5
lower,5
human,5
development,5
g,5
author,5
interest,5
ziemi,5
find,5
poznan,5
homo,5
similar,5
traces,5
greater,5
revealed,5
economic,5
hungary,5
excavated,5
emerging,5
several,5
yielded,5
south,5
about,5
oxford,5
osada,5
k,5
bar,5
party,5
patterns,5
where,5
material,5
made,5
farming,5
bylany,5
adaptations,5
who,5
seen,5
osíonki,5
current,5
domestic,5
beginning,5
kopernik,5
although,5
focus,5
major,5
way,4
they,4
complex,4
taken,4
památky,4
conditions,4
survey,4
das,4
last,4
political,4
east,4
money,4
very,4
behavior,4
framework,4
de,4
millennium,4
funds,4
für,4
than,4
subsistence,4
burials,4
brqzu,4
elsewhere,4
northeastern,4
carpathians,4
additional,4
origins,4
raw,4
basin,4
faunal,4
while,4
czech,4
part,4
used,4
zone,4
et,4
regional,4
approach,4
contrast,4
mediterranean,4
serbian,4
lengyel,4
communist,4
located,4
msecké,4
elbe,4
time,4
perhaps,4
another,4
local,4
cambridge,4
previously,4
use,4
collaborative,4
radiocarbon,4
architectural,4
like,4
exchange,4
can,4
program,4
united,4
antiquities,4
earliest,4
funding,4
archeologické,4
cultures,4
scholarly,4
particular,4
ethnography,4
come,4
formation,4
tell,4
years,4
warsaw,4
states,4
increased,4
belgrade,4
interaction,4
among,4
ca,4
common,3
adriatic,3
fortified,3
personnel,3
germany,3
investigating,3
former,3
history,3
foragers,3
sources,3
barriers,3
certainly,3
able,3
farther,3
slovakia,3
somewhat,3
within,3
bohemia,3
linear,3
key,3
prior,3
west,3
household,3
throughout,3
review,3
due,3
ferenc,3
american,3
century,3
palaeolithic,3
adam,3
may,3
york,3
his,3
okresu,3
importance,3
idiosyncratic,3
cave,3
prehistory,3
established,3
linked,3
days,3
n,3
appear,3
lusatian,3
uses,3
based,3
called,3
out,3
fuel,3
czechoslovakia,3
burial,3
pleistocene,3
artifacts,3
bc,3
indigenous,3
sobiejuchy,3
order,3
led,3
scientific,3
schela,3
might,3
community,3
reconstruction,3
direction,3
yet,3
technology,3
selective,3
academy,3
ceramic,3
selevac,3
appeared,3
dolni,3
preparation,3
milisauskas,3
looting,3
largely,3
sequence,3
nad,3
open,3
would,3
ongoing,3
stránská,3
graves,3
article,3
hungarian,3
examine,3
construction,3
structure,3
probably,3
visit,3
danubian,3
institutions,3
sofia,3
life,3
tisza,3
frontier,3
centuries,3
any,3
set,3
over,3
global,3
gas,3
erectus,3
stanowisko,3
what,3
investigation,3
agricultural,3
carpathian,3
coming,3
question,3
mickiewicz,3
evidence,3
km,3
earthworks,3
zones,3
should,3
jakuszowice,2
biskupin,2
done,2
metal,2
institut,2
edge,2
forschungen,2
medieval,2
market,2
environmental,2
foraging,2
introduction,2
manuscript,2
contemporaneous,2
pripet,2
center,2
needed,2
conducted,2
wczesnej,2
modern,2
decade,2
western,2
excavation,2
neolitycznych,2
moravia,2
bilzingsleben,2
either,2
northcentral,2
evolution,2
ryszard,2
seems,2
nature,2
possibilities,2
available,2
wooden,2
broadly,2
typological,2
exotic,2
atlantic,2
closer,2
subsequent,2
those,2
seminar,2
ad,2
british,2
existence,2
dr,2
bones,2
tenth,2
znojmo,2
establishment,2
berlin,2
archäologie,2
decommunization,2
cemeteries,2
relationships,2
eventual,2
wczesnego,2
aus,2
group,2
topic,2
basil,2
old,2
perspective,2
fig,2
houses,2
dates,2
even,2
grygiel,2
van,2
no,2
without,2
collected,2
bring,2
across,2
paweí,2
mammoth,2
landscape,2
coastal,2
cremation,2
active,2
earlier,2
marshes,2
contributions,2
mora,2
slovenská,2
tusk,2
dolní,2
organization,2
vestonice,2
emergence,2
section,2
numbers,2
slovenskej,2
beyond,2
shed,2
peninsula,2
position,2
haskel,2
liwiec,2
advance,2
could,2
begun,2
chipped,2
access,2
im,2
glacial,2
term,2
akademie,2
war,2
younger,2
wealth,2
aspects,2
degrees,2
literature,2
received,2
department,2
positions,2
relevance,2
structures,2
neue,2
call,2
babia,2
personal,2
bulgarskata,2
own,2
t,2
change,2
osady,2
working,2
vucedol,2
teil,2
up,2
results,2
finds,2
akademiya,2
periods,2
archeologia,2
stanowisk,2
gravettian,2
materials,2
various,2
steadily,2
individuals,2
comparative,2
yugoslavia,2
neolit,2
currency,2
longhouses,2
corpus,2
interpretation,2
coverage,2
metallurgical,2
antler,2
specimens,2
northwest,2
lowland,2
assistance,2
same,2
archeology,2
boomerang,2
published,2
inhabitants,2
museums,2
vlasac,2
hypothesen,2
analytical,2
outside,2
poczqtki,2
fundamental,2
head,2
scholars,2
suboptimal,2
figurines,2
mikoiaj,2
never,2
ages,2
took,2
do,2
gorges,2
jobs,2
see,2
kujawski,2
follows,2
ine,2
investigated,2
vast,2
varying,2
food,2
station,2
questions,2
processes,2
trend,2
dating,2
theoretical,2
trade,2
publication,2
points,2
dominated,2
symposium,2
divisions,2
so,2
function,2
households,2
black,2
especially,2
annually,2
elaborate,2
woj,2
parallel,2
become,2
pro,2
nitra,2
effect,2
balkans,2
species,2
carried,2
seasons,2
me,2
provide,2
sometimes,2
chronologic,2
methods,2
meant,2
addressed,2
anthropological,2
environment,2
eventually,2
associated,2
following,2
complexity,2
changing,2
peoples,2
extensive,2
continues,2
symbolic,2
willingness,2
text,2
quaternary,2
telecommunication,2
bulgaria,2
postglacial,2
szolnok,2
bit,2
bratislava,2
absolutnq,2
themselves,2
infer,2
far,2
places,2
phd,2
animal,2
spatial,2
terms,2
form,2
sarunas,2
problem,2
adaptation,2
piekarski,2
opovo,2
almost,2
travel,2
socioeconomic,2
level,2
preserved,2
city,2
despite,2
role,2
buy,2
measure,2
universität,2
skala,2
programs,2
silesia,2
our,2
iberian,2
numerous,2
parallels,2
trichterbecherkultur,2
include,2
need,2
involving,2
supported,2
dalmatian,2
traditional,2
badañ,1
final,1
proposed,1
carved,1
cultigens,1
thracia,1
does,1
siedlung,1
voivodship,1
o,1
triple,1
child,1
divostin,1
praistorìjskih,1
groups,1
pull,1
pittsburgh,1
f,1
functional,1
néolithique,1
affected,1
coast,1
overstated,1
internationales,1
red,1
manitoba,1
adoption,1
enclosing,1
starts,1
ewa,1
notably,1
expect,1
told,1
becoming,1
engendering,1
moldavia,1
neohtyczne,1
kinds,1
currently,1
properly,1
tend,1
wroçïaw,1
anchor,1
ma,1
ways,1
mikotaj,1
vydavatepstvo,1
andrás,1
bias,1
competence,1
enterrements,1
park,1
douglass,1
polski,1
undertaken,1
committee,1
offshore,1
presents,1
travertine,1
occurred,1
vestiges,1
holding,1
cornell,1
nineteenth,1
lowlands,1
komitet,1
source,1
princeton,1
romanian,1
hints,1
myriad,1
fluctuations,1
being,1
urgency,1
december,1
kaiserund,1
upland,1
provision,1
janow,1
modest,1
long,1
revisited,1
wool,1
befestigte,1
extraordinary,1
localities,1
crews,1
give,1
attempts,1
culturally,1
concentrated,1
evaporated,1
wiadyslaw,1
kilometers,1
rapid,1
orphan,1
utilization,1
anywhere,1
worked,1
nauka,1
all,1
moldova,1
andrzej,1
quid,1
archaeologically,1
attractive,1
excavating,1
belong,1
accompanied,1
generalize,1
borders,1
turnover,1
ploughzone,1
analyses,1
rich,1
confront,1
pavlû,1
studied,1
deutschen,1
hundred,1
friedhofs,1
opole,1
take,1
styles,1
prevail,1
farmer,1
inland,1
ústav,1
karanovo,1
lidu,1
hilltort,1
holidays,1
totenrituals,1
chiefdoms,1
marine,1
situ,1
bronzova,1
normal,1
midgley,1
elblag,1
mail,1
zdjçcia,1
iowa,1
prenzlau,1
rethinking,1
papers,1
similarities,1
system,1
gesellshftsrealitäl,1
case,1
issue,1
dacia,1
badarf,1
forthcoming,1
recorded,1
glaciation,1
bird,1
primary,1
politicized,1
u,1
ventures,1
march,1
gora,1
reanalysis,1
lodzi,1
manland,1
vol,1
sapiens,1
enforcement,1
activity,1
rondel,1
reaching,1
bibliography,1
move,1
cadre,1
nouvelles,1
volkerwanderungszeit,1
interdisciplinary,1
topografia,1
except,1
x,1
resources,1
laws,1
still,1
apply,1
above,1
grodami,1
economies,1
engage,1
perturbations,1
collection,1
cursory,1
ljubljana,1
wplywow,1
upovo,1
million,1
phase,1
includes,1
unpublished,1
collapse,1
differential,1
glimpses,1
angles,1
delimit,1
anatolien,1
sammler,1
village,1
longevity,1
scarce,1
illustrates,1
bailey,1
epokhu,1
prague,1
machine,1
nymburk,1
terraces,1
corner,1
epold,1
cnange,1
relatively,1
regarded,1
mixed,1
establishments,1
routed,1
nerissa,1
occurs,1
issued,1
dozen,1
oblazowa,1
pay,1
dick,1
dealings,1
obozowisko,1
mierzanowice,1
forced,1
kind,1
pojezierzu,1
turn,1
cases,1
concentrations,1
adjustment,1
clay,1
elements,1
flourishing,1
channeled,1
tribsees,1
defensive,1
holds,1
served,1
jeglimec,1
waterlogged,1
publications,1
stratigraphie,1
irresistible,1
reptile,1
archaeologist,1
przestrzenny,1
hodder,1
colleague,1
border,1
krakow,1
immense,1
palaeoenvironmental,1
professionally,1
general,1
pronounced,1
surovinovej,1
handful,1
influence,1
acknowledge,1
competitive,1
narodni,1
cladovei,1
industries,1
distribution,1
excavate,1
via,1
eines,1
interesting,1
fort,1
sample,1
alleged,1
town,1
whose,1
reflects,1
bog,1
trapezoidal,1
michigan,1
rather,1
drainages,1
pomorski,1
stralsund,1
lepenski,1
developed,1
frûhneolithischen,1
angeles,1
remain,1
heels,1
influential,1
en,1
communism,1
highway,1
bond,1
stuttgart,1
swath,1
parents,1
traction,1
legal,1
certain,1
domestication,1
leave,1
adjustments,1
brno,1
barrow,1
ostbaikaniscnen,1
nalezy,1
illustrations,1
lay,1
neoucie,1
discoveries,1
von,1
cannot,1
support,1
slovenian,1
involvement,1
vorgeschichte,1
mone,1
antiqua,1
wanted,1
analiz,1
les,1
bosne,1
europie,1
seas,1
intellectually,1
intensive,1
organized,1
den,1
dated,1
branch,1
director,1
loess,1
just,1
latène,1
fortifications,1
impact,1
jersey,1
istocnog,1
weichsel,1
chafed,1
neothermal,1
heger,1
chisinau,1
recovered,1
resource,1
seasonal,1
lithic,1
submerged,1
bnpu,1
exploitation,1
plenum,1
permanent,1
tringham,1
únetice,1
helped,1
antecedents,1
suggested,1
mensch,1
cut,1
view,1
overstaffed,1
numerical,1
strejy,1
reflections,1
gmina,1
dobosi,1
worries,1
expressed,1
ou,1
my,1
oes,1
came,1
ceoarchaeology,1
deby,1
location,1
harbor,1
germanische,1
appearance,1
republik,1
traditionally,1
resembles,1
seven,1
centers,1
bait,1
changed,1
deal,1
demands,1
cmentarzysko,1
relate,1
mesoamerican,1
neolithikums,1
dislocation,1
problematik,1
bug,1
viedinstitut,1
vigorous,1
subboreal,1
respects,1
ann,1
equally,1
neighboring,1
occupation,1
cultural,1
durham,1
focused,1
tumula,1
cuts,1
denkmale,1
emporia,1
circular,1
province,1
polisharchaeology,1
salzburg,1
kharakteristika,1
viewed,1
residential,1
recently,1
chotmiáskiej,1
unemployment,1
intensity,1
mcpherron,1
zkumu,1
brunneoiitnikum,1
jatvingian,1
purchased,1
banded,1
scale,1
fish,1
record,1
however,1
gródek,1
crnoj,1
niederschlesien,1
your,1
vehicles,1
mogilni,1
acknowledgments,1
photo,1
szeletian,1
beaker,1
scene,1
vo,1
receive,1
leuven,1
expensive,1
improve,1
starcevo,1
representatives,1
lakeside,1
suspended,1
none,1
having,1
siedlungen,1
participation,1
wojewódstwo,1
distinctiveness,1
basis,1
paleoenvironmental,1
slovensko,1
prace,1
scatters,1
mitteleuropa,1
tool,1
strict,1
framed,1
women,1
reader,1
concept,1
fired,1
county,1
zfotys,1
pathway,1
wczesnoauzyckie,1
ot,1
civil,1
ocher,1
knowledge,1
studia,1
meduna,1
journals,1
routinely,1
konrad,1
childe,1
pëtipsy,1
year,1
policies,1
overtly,1
literally,1
beginnings,1
jo,1
falling,1
cluster,1
mitteldeutsche,1
norther,1
yamnata,1
durch,1
poll,1
reflect,1
bankoff,1
fieldwork,1
project,1
vinài,1
artifact,1
interpreted,1
breakdown,1
relative,1
hidden,1
refuse,1
lçg,1
generically,1
leadership,1
good,1
responses,1
computer,1
eine,1
los,1
laci,1
presented,1
hard,1
tight,1
buildings,1
revolution,1
zasiedlema,1
transgressions,1
trading,1
next,1
le,1
emphasizes,1
quite,1
bank,1
involved,1
belt,1
around,1
small,1
badan,1
dealers,1
workshops,1
few,1
migration,1
republics,1
highly,1
floating,1
routine,1
jahresschrift,1
mi,1
reported,1
climate,1
boundaries,1
tended,1
impossible,1
obliteration,1
torun,1
always,1
annual,1
kraj,1
burdukiewicz,1
bower,1
universities,1
necessity,1
cattle,1
bulgarskite,1
goat,1
loci,1
describes,1
sea,1
leveled,1
newly,1
roczqtku,1
preliminary,1
structuring,1
moved,1
ninth,1
gordon,1
geographical,1
fiber,1
concomitant,1
seemed,1
avoid,1
conducts,1
society,1
brzeád,1
ikrény,1
chronological,1
friesack,1
archeologicznego,1
vukovar,1
threatened,1
integrating,1
groby,1
horváth,1
toruñ,1
highlights,1
funde,1
territorii,1
units,1
situation,1
coastline,1
forever,1
implications,1
ttie,1
variety,1
expanse,1
entitled,1
drainage,1
letters,1
akademija,1
cyrek,1
identified,1
materkùy,1
doctoral,1
short,1
indeed,1
dobe,1
gender,1
limited,1
play,1
plans,1
corporation,1
archaeomaterials,1
onward,1
raczky,1
brief,1
forward,1
nearly,1
sledky,1
solía,1
katowice,1
vouchers,1
boreal,1
make,1
expanded,1
curtain,1
kupferzeitlichen,1
spolocnost,1
biba,1
pohorecki,1
alexandrów,1
tends,1
archeologiczne,1
structural,1
spectacular,1
southeast,1
single,1
jegliniec,1
sponsorship,1
scarcity,1
guide,1
urund,1
miscellany,1
unintended,1
elaboration,1
incipient,1
arrangements,1
opportunities,1
jsodenaenkmatpjlege,1
represents,1
rules,1
oparchaeology,1
jordanovske,1
chronology,1
differentiate,1
included,1
ban,1
perspectives,1
eagerness,1
irregularly,1
vychodokarpatskej,1
klassische,1
rubbish,1
ranna,1
largest,1
fax,1
already,1
two,1
patterning,1
reports,1
bulganya,1
dinerences,1
williams,1
rise,1
frameworks,1
pole,1
sarajevo,1
skeletons,1
useful,1
lack,1
mound,1
members,1
visitor,1
vltava,1
konstrukcjami,1
westward,1
longhouse,1
challenge,1
stronger,1
neolithicization,1
nadbuzny,1
grips,1
toward,1
others,1
slav,1
niesioíowska,1
theorie,1
towns,1
trafficking,1
nach,1
rzymskich,1
addition,1
added,1
projects,1
seum,1
demographic,1
zollchow,1
campsites,1
pucharów,1
sosednie,1
occurrence,1
plundering,1
krzysztof,1
letech,1
choice,1
layer,1
grave,1
really,1
honzontu,1
larger,1
gray,1
end,1
debates,1
yougoslavie,1
doubt,1
diameter,1
pattern,1
external,1
germanic,1
forms,1
pump,1
tier,1
adjacent,1
arisen,1
formations,1
ground,1
popolnicovch,1
centre,1
increases,1
innovative,1
unit,1
continuing,1
purposes,1
krzemionki,1
empire,1
unclear,1
ditched,1
axes,1
slovenia,1
michael,1
skarby,1
origin,1
anthropologie,1
agencies,1
demokratischen,1
über,1
zvelebil,1
books,1
hvar,1
assemblage,1
chalcolithic,1
going,1
gladly,1
compete,1
ertebolle,1
nekropoh,1
ecology,1
thoroughly,1
multidisciplinary,1
interpreting,1
pleistozäne,1
understanding,1
mean,1
exhibit,1
foeni,1
discussion,1
moravskou,1
easier,1
assemblages,1
discovery,1
completed,1
accompanying,1
dinaric,1
limitations,1
kreis,1
cyklu,1
deposits,1
braunkohlengebieten,1
including,1
kontext,1
skeletal,1
mladopaleoliticku,1
expression,1
complement,1
hypotheses,1
convenience,1
strasse,1
virtually,1
exciting,1
assume,1
maria,1
slovakian,1
scheduled,1
disorientation,1
continue,1
examination,1
full,1
improvements,1
vistula,1
complicated,1
students,1
netherlands,1
theses,1
karanova,1
subtle,1
maros,1
reality,1
voytek,1
stress,1
assignment,1
scandinavia,1
language,1
chocolate,1
peter,1
gòra,1
données,1
times,1
iwanowice,1
okr,1
ny,1
gates,1
plant,1
janbjkawickiej,1
enclosures,1
vintage,1
grudziadz,1
features,1
artefact,1
housed,1
played,1
mines,1
portunities,1
ended,1
torurí,1
kept,1
probable,1
after,1
illicit,1
standard,1
payrolls,1
abundant,1
provides,1
permitting,1
spent,1
artificial,1
wstegowego,1
oxbow,1
bandkeramische,1
behind,1
somehow,1
systems,1
often,1
craft,1
references,1
yol,1
storcevo,1
gomolava,1
mikoíaj,1
january,1
jerzy,1
thirteenth,1
ethnohistory,1
analyze,1
begs,1
southwest,1
looked,1
universita,1
dçby,1
srbiji,1
connections,1
joint,1
controversial,1
recurring,1
archaeologicky,1
investigations,1
attention,1
encompassing,1
inhumation,1
logistics,1
viola,1
kazimierz,1
suspects,1
hindered,1
szeged,1
vinca,1
zu,1
rozwój,1
archeologicky,1
publishing,1
umjetnosti,1
quo,1
science,1
jlodi,1
pittance,1
hill,1
lines,1
widespread,1
resumed,1
schwerin,1
miroslav,1
detailed,1
began,1
worse,1
threaten,1
geprägt,1
sequences,1
length,1
littoral,1
owed,1
skie,1
settled,1
directorate,1
kelheim,1
arts,1
expectations,1
hierarchical,1
analysis,1
olszanica,1
steinzeitlicher,1
siedlungsgeschichtlichen,1
surprising,1
stratified,1
types,1
fields,1
when,1
get,1
mikotej,1
itself,1
oblasti,1
unusual,1
jenseitsvorstellen,1
interpretive,1
flusstal,1
rationalize,1
investigate,1
considered,1
frenzlau,1
baseline,1
abandonment,1
authorities,1
rolskich,1
conclusion,1
exemplified,1
kultura,1
charting,1
incorporated,1
complexes,1
geselowitz,1
simply,1
vyznam,1
geographic,1
celtic,1
democracies,1
extension,1
theme,1
palaeogeography,1
constriction,1
carbondale,1
struma,1
peat,1
alps,1
equipment,1
sourcing,1
here,1
greenfield,1
cover,1
outcome,1
wellknown,1
relaxation,1
dimension,1
karpat,1
natural,1
evokes,1
základne,1
brooke,1
colonization,1
jerrycan,1
each,1
readily,1
anthropology,1
chapman,1
paper,1
sheep,1
specialized,1
northward,1
expanding,1
removing,1
brzesc,1
seem,1
multiperiod,1
funnel,1
did,1
obiekty,1
etnograficznego,1
blagotin,1
loyalty,1
feed,1
foundation,1
ideological,1
milk,1
loveshkiya,1
trzanieckiej,1
researches,1
precarious,1
constant,1
reflected,1
examining,1
etapy,1
czesc,1
consciousness,1
works,1
living,1
elders,1
doba,1
better,1
growing,1
ditch,1
outlook,1
agriculture,1
retirements,1
nomenclature,1
purchase,1
naukowych,1
inoraouigariens,1
them,1
shady,1
kitov,1
making,1
rising,1
przeglqd,1
pact,1
want,1
cause,1
che,1
add,1
metaphor,1
map,1
badarì,1
ceased,1
alice,1
announcements,1
fascination,1
podrucju,1
aeneohthic,1
mentioned,1
muzeum,1
require,1
rettungstätigkeit,1
produce,1
zarzyca,1
urban,1
earthwork,1
freedom,1
art,1
des,1
osfonki,1
researchers,1
outline,1
demarcated,1
tipologia,1
altered,1
pits,1
vir,1
refinement,1
jäger,1
bicontinental,1
introduced,1
extending,1
mecklenburg,1
excursion,1
revolutions,1
collaborated,1
archaeolosy,1
waning,1
subject,1
intended,1
lies,1
voivodina,1
eódl,1
reappraisal,1
substance,1
penny,1
alternating,1
divided,1
disconcerting,1
challenges,1
coins,1
palaeoanthropology,1
aspect,1
think,1
rano,1
terminal,1
pelisiak,1
frühgeschichte,1
palisade,1
extralegal,1
devoted,1
archeologii,1
models,1
oversights,1
commercial,1
locations,1
electronic,1
lands,1
observed,1
intensified,1
illinois,1
institutional,1
apologizes,1
internally,1
toruri,1
grant,1
stragarit,1
archeologiczny,1
course,1
grown,1
integrated,1
range,1
forbes,1
manufacture,1
zelaza,1
integration,1
colleagues,1
defined,1
magdalena,1
enclosure,1
marshland,1
shift,1
roughly,1
brzeáó,1
ruth,1
siege,1
removed,1
distinctions,1
regularity,1
exhaustive,1
ziemiach,1
bronzano,1
era,1
activities,1
yugoslav,1
debate,1
sharing,1
uncertainty,1
predictable,1
element,1
valley,1
sciences,1
northwestern,1
surveys,1
comparable,1
lpokha,1
nation,1
livestock,1
laborers,1
broader,1
archäologische,1
cited,1
