WORDCOUNTS,WEIGHT
the,1147
of,991
and,789
in,506
to,290
a,258
de,214
for,209
caribbean,183
that,160
puerto,147
have,130
is,118
this,108
m,105
pp,104
social,97
from,97
i,92
societies,92
as,90
are,89
these,88
by,85
rico,84
j,80
international,78
or,78
on,76
p,73
la,73
at,71
e,71
r,68
el,65
del,62
been,60
archaeological,58
cultural,57
antilles,57
y,56
it,55
proceedings,54
l,53
congress,53
period,53
has,52
not,52
some,51
be,51
with,50
s,49
groups,48
more,48
saladoid,47
new,46
diversity,45
islands,44
an,44
other,43
was,43
we,43
many,42
analysis,42
evidence,42
political,41
university,41
en,40
most,40
veloz,39
lesser,38
were,38
organization,37
greater,37
early,37
also,35
san,33
c,33
archaeology,32
sociopolitical,32
american,31
f,31
culture,31
our,31
association,31
arqueológico,30
ancient,30
ceramic,30
d,30
they,29
use,28
their,27
b,27
g,26
than,26
units,26
caribe,26
different,26
west,25
such,25
developed,25
cuba,25
indigenous,25
los,25
between,25
emergence,24
dominican,23
people,23
hispaniola,23
studies,22
within,22
changes,22
prehistoric,22
used,22
but,22
time,22
history,21
processes,21
one,20
into,20
study,20
data,20
island,20
few,20
present,20
although,20
journal,19
site,19
no,19
w,19
information,19
presence,19
model,19
possible,18
santo,18
estudios,18
sites,18
several,18
documents,18
las,18
level,18
interaction,18
using,17
periods,17
south,17
chronicles,16
differences,16
chiefdoms,16
vol,16
part,16
department,16
during,16
issues,16
forms,16
past,16
categories,16
researchers,16
centro,16
variability,16
cacicazgos,15
all,15
there,15
human,15
republic,15
arqueología,15
research,15
rouse,15
types,15
phd,15
museo,15
avanzados,15
complex,14
chanlatte,14
even,14
similar,14
because,14
related,14
et,14
assemblages,14
described,14
xv,14
who,14
curet,14
models,14
concepts,13
development,13
explain,13
artifacts,13
settlement,13
rican,13
chronological,13
reports,13
regional,13
organizations,13
cultura,13
antiquity,13
without,12
levels,12
ceramics,12
found,12
xiv,12
its,12
st,12
ceremonial,12
areas,12
diverse,12
region,12
netherlands,12
taino,12
pottery,12
them,12
while,12
through,12
smaller,12
among,12
recent,12
large,11
inequality,11
behavior,11
relatively,11
important,11
scale,11
record,11
structures,11
ethnohistoric,11
two,11
power,11
patterns,11
where,11
strategies,11
material,11
understanding,11
including,11
can,11
hueca,11
cultures,11
historical,11
little,11
archaic,11
group,10
existence,10
eastern,10
central,10
throughout,10
cases,10
scales,10
k,10
age,10
had,10
aspects,10
well,10
egalitarian,10
punta,10
migration,10
highly,10
narganes,10
us,10
indian,10
instituto,10
polities,10
problems,10
hierarchical,10
any,10
series,10
here,10
number,10
type,10
press,10
until,10
much,10
strong,10
guaren,10
later,9
lower,9
hombre,9
concentrated,9
paramount,9
xiii,9
those,9
ball,9
dynamics,9
networks,9
his,9
elaborate,9
earlier,9
suggested,9
my,9
rivera,9
change,9
spanish,9
rodríguez,9
critical,9
various,9
included,9
only,9
others,9
larger,9
less,9
style,9
discussion,9
elite,9
bahamas,9
subseries,9
very,9
institute,9
migrations,9
archipelago,9
society,9
settlements,8
stone,8
styles,8
system,8
case,8
america,8
resources,8
excavations,8
publications,8
traditions,8
may,8
organized,8
basin,8
universidad,8
example,8
editorial,8
aborígenes,8
presented,8
he,8
limited,8
scholars,8
discussed,8
xviii,8
cacicazgo,8
which,8
clear,8
historic,8
primer,8
especially,8
ann,8
stratified,8
when,8
anthropological,8
small,8
over,8
seem,8
iii,8
form,8
both,8
reported,8
despite,8
world,8
applicable,8
problem,7
mostly,7
if,7
chief,7
first,7
isla,7
ii,7
nature,7
sociedad,7
iv,7
ct,7
perspective,7
york,7
how,7
institutionalized,7
evolution,7
possibly,7
communities,7
caba,7
bahamian,7
term,7
cannot,7
seminario,7
description,7
investigación,7
keegan,7
methodological,7
appropriate,7
community,7
reconstruction,7
ocho,7
about,7
museum,7
altos,7
lack,7
conclusions,7
yale,7
virgin,7
fundación,7
questions,7
precolumbian,7
theoretical,7
trade,7
three,7
encuentro,7
characterized,7
arqueológica,7
northern,7
widely,7
space,7
trabajos,7
primarily,7
un,7
geographic,7
plazas,7
ponencias,7
distribution,7
revista,7
caret,7
boletín,7
debate,7
created,6
tend,6
h,6
completely,6
porto,6
seems,6
available,6
individuals,6
british,6
preceramic,6
point,6
thus,6
process,6
parts,6
understand,6
t,6
prehistory,6
latin,6
based,6
dominicano,6
late,6
burial,6
basis,6
work,6
role,6
status,6
regions,6
published,6
contact,6
single,6
para,6
columbus,6
picture,6
baik,6
indies,6
state,6
see,6
assumption,6
sequence,6
least,6
structure,6
ethnohistory,6
maggiolo,6
adaptive,6
suggest,6
leiden,6
strongly,6
recognize,6
existed,6
arte,6
mentioned,6
peoples,6
each,6
following,6
beginning,6
according,6
terms,6
size,6
divided,6
defined,6
courts,5
o,5
western,5
being,5
long,5
production,5
tradition,5
great,5
exotic,5
able,5
investigations,5
papers,5
discuss,5
fl,5
controlled,5
centralized,5
review,5
chiefs,5
differential,5
since,5
interest,5
ediciones,5
recognized,5
mexico,5
reason,5
descent,5
n,5
show,5
view,5
could,5
called,5
access,5
out,5
further,5
kinship,5
antropología,5
recently,5
population,5
produced,5
interisland,5
concept,5
interpreted,5
approach,5
field,5
coast,5
results,5
preliminary,5
ostionoid,5
located,5
domingo,5
tropical,5
comments,5
religious,5
once,5
historia,5
same,5
useful,5
consideration,5
end,5
anthropologist,5
do,5
manner,5
apply,5
venezuela,5
native,5
valcárcel,5
previous,5
martin,5
mainly,5
anderson,5
independent,5
science,5
indicate,5
considered,5
environment,5
must,5
colonization,5
paper,5
current,5
report,5
ideological,5
works,5
what,5
particular,5
ulloa,5
república,5
instead,5
developmental,5
nonegalitarian,5
potential,5
modeling,5
indicating,5
classificatory,5
tribes,5
final,4
done,4
tyranny,4
reflection,4
necessarily,4
annals,4
archaeologists,4
implications,4
might,4
emerged,4
studied,4
carnegie,4
emphasized,4
issue,4
incorporate,4
marked,4
relationships,4
center,4
prehistoria,4
boca,4
refer,4
fig,4
dates,4
biogeography,4
general,4
identification,4
subsistence,4
una,4
gainesville,4
shell,4
support,4
finer,4
objects,4
saladoids,4
argued,4
too,4
xi,4
lithic,4
beyond,4
evaluation,4
plenum,4
appear,4
ciencias,4
appearance,4
explanatory,4
criticisms,4
handbook,4
cacique,4
focused,4
crc,4
applied,4
tracking,4
tercer,4
whole,4
describe,4
survey,4
either,4
good,4
applicability,4
will,4
still,4
make,4
movement,4
modes,4
tends,4
technology,4
longer,4
faculty,4
academy,4
communal,4
main,4
pattern,4
v,4
original,4
examples,4
made,4
mortuary,4
largely,4
assume,4
decorated,4
histórica,4
tribal,4
features,4
accurate,4
methods,4
sobre,4
probably,4
attention,4
continued,4
hi,4
complexity,4
known,4
perhaps,4
continental,4
anthropology,4
doms,4
pantel,4
oliver,4
antropológica,4
studying,4
suggests,4
city,4
colonial,4
autónoma,4
years,4
stratification,4
area,4
reached,4
should,4
major,4
cordova,3
difficult,3
does,3
now,3
corporate,3
mosaic,3
temprano,3
introduction,3
candelero,3
comunidades,3
true,3
continent,3
ways,3
situation,3
modern,3
conscious,3
oviedo,3
watters,3
du,3
practices,3
contexts,3
diffusion,3
funerarias,3
américa,3
creation,3
culturally,3
suggesting,3
reasons,3
context,3
similarities,3
ad,3
reaching,3
obvious,3
taking,3
say,3
horticultural,3
along,3
framework,3
exist,3
otherwise,3
orinoco,3
underlying,3
elaborated,3
alliances,3
antillas,3
competition,3
segundo,3
ml,3
rupestre,3
represented,3
importance,3
certain,3
burials,3
references,3
category,3
monumental,3
languages,3
northeastern,3
four,3
followed,3
painted,3
decades,3
caicos,3
result,3
traditionally,3
inappropriate,3
evaluate,3
reviews,3
simple,3
near,3
possibility,3
pedro,3
characterization,3
discussions,3
preparation,3
artifact,3
own,3
steward,3
start,3
normally,3
reliable,3
microfilms,3
emerging,3
involved,3
smithsonian,3
mi,3
annual,3
up,3
majority,3
sitio,3
rest,3
aborigen,3
knowledge,3
second,3
variety,3
scientific,3
populations,3
turks,3
southern,3
ware,3
misuse,3
muerte,3
lowland,3
ethnographic,3
al,3
jamaica,3
inhabitants,3
pointed,3
analytical,3
caciques,3
considerable,3
chiefdom,3
developing,3
necessary,3
como,3
shifts,3
degree,3
another,3
local,3
hernández,3
deposits,3
empirical,3
significant,3
complement,3
emphasize,3
discovered,3
language,3
dominated,3
individual,3
times,3
so,3
after,3
last,3
exchange,3
evolutionary,3
boomert,3
consists,3
relationship,3
eustatius,3
bureau,3
ideology,3
alternate,3
widespread,3
robiou,3
indiscriminate,3
began,3
lapidary,3
often,3
composed,3
affect,3
detail,3
nacional,3
forest,3
associated,3
fernández,3
incorporated,3
barrio,3
ignore,3
rivero,3
cover,3
control,3
leaders,3
alfarería,3
domestic,3
foundation,3
twelfth,3
agricultura,3
cultivation,3
places,3
antillean,3
combined,3
ones,3
making,3
accounts,3
want,3
influenced,3
almost,3
phenomena,3
grand,3
orientation,3
multiple,3
ancestral,3
estudio,3
assumptions,3
reconstruct,3
arguments,3
indians,3
formation,3
locations,3
cambridge,3
materials,3
documentary,3
develop,3
observed,3
household,3
arizona,3
ostionan,2
way,2
investigaciones,2
environmental,2
calvera,2
succession,2
sphere,2
replaced,2
ample,2
mobility,2
identify,2
live,2
protoagrícola,2
migraciones,2
former,2
descriptive,2
trace,2
position,2
cited,2
before,2
indígena,2
exceptions,2
nineteenth,2
pérez,2
reconstructions,2
attempts,2
taken,2
ideographic,2
caribbeanists,2
actual,2
possibilities,2
compared,2
peopling,2
analyses,2
normative,2
follows,2
godo,2
hunting,2
hispaniolan,2
hoogland,2
take,2
search,2
boriquén,2
inferring,2
mind,2
marine,2
primitive,2
vieques,2
westview,2
plain,2
key,2
heterarchy,2
agriculture,2
design,2
tracing,2
characterize,2
bibliography,2
chieftaincy,2
austin,2
archaeologicalanthropological,2
rosa,2
x,2
pairs,2
cana,2
climax,2
bottom,2
increase,2
análisis,2
madrid,2
explained,2
immediate,2
quality,2
visited,2
patchy,2
reyes,2
mouret,2
havana,2
application,2
topic,2
espacio,2
dujos,2
extensively,2
arena,2
inhabited,2
economical,2
distinct,2
zooarchaeological,2
contrary,2
encompass,2
rotunda,2
pueblo,2
gems,2
critique,2
leadership,2
poorly,2
kept,2
higher,2
acculturation,2
sample,2
manipulated,2
americans,2
hofman,2
société,2
rather,2
homogenize,2
simbolismo,2
mean,2
approaches,2
determining,2
institutionalization,2
direct,2
appropriateness,2
intraisland,2
addressing,2
developments,2
ensure,2
section,2
proposed,2
impact,2
gradually,2
house,2
reviewed,2
maíta,2
operate,2
resource,2
observatory,2
consequence,2
antillano,2
avunculocal,2
providing,2
trajectories,2
methodology,2
española,2
diachronic,2
questioned,2
histories,2
begun,2
flaked,2
ayes,2
changed,2
tainan,2
representative,2
puertorriqueña,2
caves,2
war,2
appears,2
wide,2
method,2
failure,2
none,2
network,2
spheres,2
perez,2
versteeg,2
introducción,2
bc,2
already,2
lópez,2
emphasis,2
writers,2
decisions,2
interand,2
su,2
purpose,2
reduction,2
tavares,2
tip,2
desarrollo,2
older,2
intermediate,2
inherited,2
broad,2
irving,2
personal,2
rise,2
formations,2
lithics,2
heuristic,2
impasse,2
luna,2
cedrosan,2
creating,2
computer,2
successful,2
describing,2
working,2
below,2
next,2
politically,2
specifically,2
characteristics,2
sufficient,2
wider,2
prestate,2
invaluable,2
distinguished,2
texas,2
tended,2
occasions,2
generally,2
notes,2
provided,2
am,2
edn,2
costumbres,2
hide,2
service,2
comparative,2
elizabeth,2
criticized,2
classic,2
arcaicos,2
saba,2
matrilineal,2
exception,2
apuntes,2
americana,2
indicates,2
interactions,2
roberto,2
overview,2
collect,2
reference,2
addition,2
mobile,2
tainos,2
populated,2
neither,2
homogeneous,2
crespo,2
culebra,2
lee,2
showing,2
routes,2
starting,2
leader,2
critiques,2
beads,2
camp,2
toward,2
guanahatabey,2
rock,2
projects,2
water,2
fact,2
colección,2
contradict,2
informing,2
doubt,2
man,2
typological,2
cayman,2
enough,2
unit,2
purposes,2
bead,2
coexisted,2
reconstructing,2
intangible,2
assemblage,2
paso,2
encountered,2
mcguire,2
bulletin,2
considering,2
discovery,2
range,2
precolombina,2
detailed,2
sufficiently,2
microfilm,2
europeans,2
top,2
varying,2
lecture,2
expression,2
recovery,2
continue,2
pagan,2
ceremonies,2
office,2
autores,2
versions,2
loosely,2
sanoja,2
points,2
monserrat,2
entre,2
would,2
spread,2
plant,2
high,2
delmonte,2
hacienda,2
américanistes,2
standard,2
adequately,2
latter,2
discarded,2
internal,2
systems,2
temprana,2
become,2
overcome,2
effect,2
intrasite,2
chorro,2
guarch,2
clusters,2
oberg,2
hindered,2
european,2
simpler,2
imply,2
abundance,2
perspectives,2
provide,2
gathering,2
five,2
santiago,2
andean,2
plastic,2
institutions,2
becomes,2
huecoide,2
itself,2
ofthe,2
sequences,2
wilson,2
covering,2
united,2
surprising,2
subdivided,2
centuries,2
instances,2
gathered,2
earliest,2
tribe,2
stable,2
rarely,2
then,2
believed,2
civilizations,2
banco,2
agents,2
indígenas,2
precise,2
besides,2
organizational,2
guardi,2
leeward,2
news,2
natural,2
deficiencies,2
carat,2
descriptions,2
specialized,2
neglected,2
ortiz,2
sizes,2
did,2
best,2
particularly,2
useless,2
bands,2
better,2
explanations,2
automatically,2
indios,2
spatial,2
migratory,2
academia,2
add,2
agricultural,2
statement,2
petitjean,2
theory,2
adaptation,2
fully,2
foundations,2
produce,2
observations,2
contain,2
des,2
boston,2
intention,2
históricas,2
pa,2
mention,2
analogy,2
shown,2
survival,2
charts,2
decrease,2
fauna,2
include,2
socially,2
manufacture,2
maritime,2
colleagues,2
limitations,2
presenting,2
francisco,2
comparison,2
specific,2
vessel,2
assumed,2
elites,2
vary,2
sedentary,2
valley,2
entire,2
given,2
abandoned,2
focus,2
ethnology,2
meeting,2
daughter,2
built,2
arawak,2
haiti,2
valdez,2
gold,2
curtt,1
viajes,1
contacts,1
cohesiveness,1
morel,1
ending,1
smoke,1
jjjill,1
sipango,1
accomplish,1
protoagrfcola,1
rainey,1
common,1
valle,1
estate,1
confederations,1
stylistic,1
reporte,1
pittsburgh,1
chernela,1
compensate,1
porvenin,1
represent,1
judging,1
fouilles,1
extreme,1
reconsidered,1
tuscaloosa,1
coll,1
college,1
tierra,1
definición,1
guadeloupe,1
determine,1
methodologies,1
durante,1
adoption,1
thai,1
originating,1
mundane,1
poblaciones,1
través,1
starts,1
maclachlan,1
estructuras,1
trash,1
contemporaneous,1
interrelationships,1
mesoamerica,1
pendants,1
speculated,1
residences,1
systematically,1
offerings,1
precolombino,1
designed,1
ethnogenesis,1
diversification,1
informative,1
likely,1
authority,1
tonto,1
centenario,1
dialectics,1
habitats,1
modos,1
grupos,1
specified,1
armando,1
notwithstanding,1
treponematosis,1
nord,1
suseries,1
intermontane,1
devices,1
vázquez,1
cemetery,1
classify,1
mainland,1
presents,1
unlike,1
gabinete,1
occurred,1
antillanas,1
redirect,1
connotations,1
contested,1
contado,1
track,1
nuevas,1
foragers,1
source,1
test,1
factional,1
predominantly,1
paramouncy,1
shells,1
amérindiens,1
anthropogenic,1
highlighted,1
climáticas,1
kula,1
covered,1
unearthed,1
sources,1
mosaics,1
jorge,1
concur,1
elbows,1
protohistoria,1
antiguas,1
researched,1
historians,1
implying,1
address,1
location,1
attempt,1
astronomical,1
opted,1
oid,1
utilization,1
fragmentary,1
haviser,1
definition,1
parties,1
containing,1
incorporating,1
comparatively,1
reach,1
shaped,1
jamaican,1
menlo,1
humana,1
broadly,1
together,1
accompanied,1
arqueométrico,1
cummings,1
entorno,1
formativo,1
couriancaswiroid,1
thank,1
gradual,1
timing,1
newsom,1
achievement,1
spaced,1
clases,1
aesthetic,1
chroniclers,1
geopolitical,1
government,1
galería,1
revival,1
substantive,1
closer,1
hundred,1
procedure,1
court,1
dom,1
products,1
angelbello,1
efficiently,1
help,1
inland,1
nil,1
cubana,1
jill,1
petty,1
vegetation,1
indiscriminately,1
written,1
improving,1
greatly,1
migrated,1
discipline,1
reading,1
somewhat,1
advances,1
matrilineality,1
surveys,1
stopped,1
luis,1
worldwide,1
designs,1
side,1
innominable,1
con,1
generosity,1
depending,1
ascribed,1
méxico,1
sophisticated,1
dialect,1
huecan,1
asumed,1
fernando,1
arcaico,1
etaly,1
primary,1
croix,1
gm,1
editora,1
demography,1
motivating,1
resumption,1
funéraire,1
quantities,1
prior,1
determined,1
politics,1
origen,1
andré,1
cubano,1
cap,1
viviendas,1
inevitable,1
feinman,1
solely,1
julian,1
zooarchaeology,1
vital,1
transcend,1
conflictive,1
combination,1
conceptual,1
hutia,1
stordes,1
far,1
dynamic,1
etapas,1
horticulturists,1
correlation,1
himself,1
shallows,1
interact,1
tardía,1
wm,1
conclusively,1
collection,1
expecting,1
overlaps,1
viaje,1
realizing,1
localized,1
colonized,1
regarding,1
frequencies,1
phase,1
includes,1
peripheral,1
willow,1
collapse,1
economía,1
almirante,1
spectrum,1
precolombinos,1
realignment,1
village,1
resembling,1
against,1
loiza,1
alucinógenas,1
terraces,1
agent,1
forgotten,1
bridging,1
regarded,1
firme,1
casimiroid,1
adopted,1
arroyo,1
tucson,1
sybolism,1
overt,1
guanin,1
assessment,1
media,1
bahama,1
dominicana,1
spans,1
kind,1
migrate,1
weaknesses,1
big,1
rank,1
candidates,1
illb,1
nor,1
relations,1
clark,1
david,1
isomorphism,1
sized,1
uniformly,1
amount,1
subjects,1
ha,1
panorama,1
restrict,1
comparativo,1
inception,1
served,1
lineage,1
examen,1
unintelligible,1
avocational,1
left,1
misleading,1
pasado,1
coinciding,1
grouped,1
posibilidades,1
evidencia,1
bottles,1
nonmaterial,1
bibliográfica,1
industries,1
dirección,1
boom,1
apparently,1
coasts,1
simplistic,1
conducting,1
tortola,1
ornitológica,1
pronounced,1
generation,1
colly,1
acted,1
adjust,1
competitive,1
regionalization,1
tabio,1
familia,1
alabama,1
celebración,1
behave,1
assessed,1
soil,1
idols,1
caso,1
steal,1
interesting,1
knoxville,1
aborigines,1
aruba,1
adequate,1
á,1
drewett,1
martinique,1
incomparable,1
cuatro,1
caguanas,1
principally,1
población,1
encompassed,1
intraregional,1
absent,1
superficial,1
across,1
centered,1
adds,1
synchronie,1
denmark,1
stop,1
postcontact,1
calabash,1
landscape,1
realistically,1
preparing,1
coastal,1
notion,1
habitacional,1
environments,1
goes,1
granted,1
lasted,1
seagard,1
à,1
se,1
cosmovisión,1
assuming,1
navigation,1
yaguay,1
creek,1
symbols,1
cave,1
lacking,1
momento,1
summarized,1
caciquil,1
arbor,1
animals,1
overlooked,1
factors,1
pobladores,1
az,1
semillas,1
plaza,1
solutions,1
binghamton,1
andent,1
old,1
coralie,1
clearings,1
bokfryckeri,1
lineal,1
biased,1
apropiación,1
municipal,1
forget,1
flexibility,1
biogeographic,1
river,1
guía,1
louise,1
ethnobiology,1
mcginnis,1
proved,1
salavador,1
informe,1
manautabón,1
numbers,1
mary,1
weak,1
characterizations,1
shore,1
delgado,1
antillana,1
litografía,1
situations,1
iva,1
multicultural,1
misconceptions,1
underwater,1
recovered,1
legends,1
origins,1
ail,1
powerful,1
surface,1
follow,1
lucayan,1
précolobien,1
peru,1
shed,1
haití,1
nuestra,1
ponce,1
adolfo,1
exploitation,1
decoupling,1
mix,1
cibuco,1
pleistocene,1
fewkes,1
dominant,1
enfoque,1
asociada,1
diálogo,1
cementerio,1
arrazcaeta,1
uncritically,1
formaciones,1
caction,1
dc,1
organic,1
constructive,1
conquest,1
raw,1
station,1
indias,1
incomplete,1
identifying,1
priori,1
aftermath,1
arrival,1
transmission,1
declined,1
celaya,1
acknowledgments,1
petroglifos,1
ascription,1
hands,1
homogenizing,1
mapping,1
puebloan,1
effort,1
características,1
centers,1
lived,1
sylva,1
shared,1
î,1
betwixt,1
facilitate,1
intermediary,1
relate,1
gourde,1
mesoamerican,1
diet,1
extinct,1
isotope,1
approximation,1
initial,1
prehispánica,1
ethnohistorical,1
pereira,1
academic,1
density,1
intensive,1
criticizing,1
cunt,1
neighboring,1
occupation,1
traced,1
pointing,1
eidtora,1
prehispánico,1
michigan,1
yucatán,1
residential,1
intensity,1
rituai,1
suffered,1
avunculocality,1
percepción,1
grounds,1
fundamentos,1
outside,1
khan,1
emulating,1
explored,1
feudal,1
confirmation,1
yabucoa,1
instrumental,1
ivb,1
jácome,1
find,1
premise,1
hierarchies,1
simulations,1
problema,1
creates,1
sedentism,1
impression,1
technical,1
congrès,1
colonies,1
directly,1
ilia,1
having,1
glenys,1
perpetuated,1
degrees,1
line,1
pesca,1
dog,1
hung,1
prácticas,1
sixteenthcentury,1
received,1
multifamily,1
preferred,1
reader,1
future,1
significantly,1
advancement,1
london,1
rangel,1
crane,1
competing,1
rearrangements,1
interpreters,1
unfinished,1
meléndez,1
clearer,1
symbolism,1
petroglyphs,1
gender,1
literature,1
surrounds,1
continuation,1
aldea,1
hv,1
place,1
domincana,1
refined,1
records,1
préhistorique,1
densely,1
runs,1
llegada,1
torno,1
jaguar,1
call,1
navegación,1
reflect,1
plurality,1
employed,1
frutas,1
differentially,1
ciencia,1
variaciones,1
quemadas,1
fieldwork,1
leaderships,1
connections,1
agüitó,1
isabel,1
polity,1
trends,1
lourdes,1
hidden,1
preceded,1
multiplicity,1
excavated,1
construct,1
sense,1
supraregional,1
spatially,1
distances,1
roura,1
shaping,1
things,1
raiding,1
tempe,1
tested,1
alcoholic,1
josé,1
trading,1
mayagüez,1
presencia,1
le,1
contrast,1
relevant,1
consolidation,1
exclude,1
resultados,1
campamento,1
sake,1
around,1
family,1
anan,1
calling,1
recognition,1
shapes,1
migrating,1
este,1
eighth,1
zea,1
breaking,1
decline,1
viequespuerto,1
intrapolity,1
boundaries,1
plástica,1
contention,1
figura,1
venezuelan,1
erika,1
osteoarchaeology,1
synchronically,1
describes,1
overreliance,1
sea,1
caguas,1
vestimenta,1
plantas,1
value,1
turey,1
newly,1
sophistication,1
activities,1
cody,1
avoid,1
prehistóricas,1
deficiency,1
tiempo,1
commensurate,1
settlers,1
tci,1
perspectivas,1
eternal,1
ceballos,1
pertaining,1
originally,1
oriente,1
led,1
fases,1
dogs,1
investigating,1
biocultural,1
colón,1
dealing,1
absence,1
architecture,1
semiprecious,1
arqueológicos,1
aim,1
stranded,1
sanctity,1
identified,1
elbow,1
confederacies,1
doctoral,1
curti,1
indeed,1
synthesis,1
demográficos,1
expansion,1
vols,1
archetype,1
civilization,1
reinterpreted,1
corporation,1
motivated,1
acknowledged,1
nearly,1
asiento,1
wholesale,1
jardines,1
descubrimiento,1
jewelry,1
etc,1
intensively,1
casimiran,1
grande,1
martel,1
reappraisal,1
illogical,1
dacal,1
uthic,1
landed,1
translates,1
agroalfareras,1
huecansaladchd,1
rostros,1
amerindian,1
paint,1
galán,1
gather,1
crónica,1
sociopolitics,1
structural,1
improper,1
answering,1
southeast,1
scarcity,1
guide,1
cielo,1
crosshatch,1
duplicate,1
pacific,1
joshua,1
edited,1
reuùlización,1
monte,1
unconsidered,1
fit,1
rubric,1
represents,1
marginal,1
happened,1
anonymous,1
residence,1
esoteric,1
counterparts,1
ring,1
caribs,1
caveat,1
under,1
restricted,1
chronology,1
bone,1
allaire,1
participants,1
residuano,1
publishing,1
light,1
assistance,1
complete,1
montserrat,1
performed,1
ro,1
every,1
inferences,1
hay,1
belonging,1
organize,1
gary,1
voyaging,1
alcina,1
supernatural,1
problemas,1
cum,1
toronto,1
bar,1
innate,1
inheritance,1
cerámica,1
baby,1
stones,1
sistema,1
concentrate,1
seulement,1
volume,1
adaptación,1
simulation,1
resistance,1
name,1
mona,1
dédalo,1
mineralogical,1
heritage,1
book,1
interview,1
ronald,1
decoration,1
gobierno,1
stated,1
limit,1
sorcé,1
maría,1
approaching,1
ttiese,1
deserves,1
varies,1
vega,1
contextos,1
ceramista,1
tempranos,1
tremendous,1
towards,1
socioplitical,1
demographic,1
dissertations,1
efforts,1
analogous,1
shows,1
happening,1
idea,1
stories,1
turner,1
treatment,1
sudoriental,1
deficient,1
abilities,1
cohoba,1
villa,1
striking,1
kitts,1
creative,1
utilizing,1
beliefs,1
insular,1
really,1
antonio,1
john,1
contemporary,1
golden,1
distributions,1
patchwork,1
fashion,1
lapidaria,1
zoned,1
serious,1
carlos,1
honor,1
otras,1
never,1
ages,1
interpretaciones,1
hand,1
consciously,1
monographs,1
everyday,1
paris,1
hydrography,1
geography,1
analecta,1
chain,1
jerarquía,1
cruz,1
operating,1
il,1
branding,1
lili,1
continuing,1
preagrícolas,1
límites,1
accepted,1
unclear,1
answer,1
arqueologia,1
dance,1
spoke,1
origin,1
homenaje,1
focusing,1
decorations,1
ambito,1
generic,1
nueva,1
manantial,1
gives,1
coined,1
reflected,1
going,1
argument,1
littman,1
smallest,1
valleys,1
ritos,1
obeyed,1
remained,1
violent,1
dieta,1
éditions,1
ephemeral,1
temporadas,1
rustic,1
credit,1
collier,1
sandhill,1
behaviors,1
associates,1
extended,1
campaigns,1
coherent,1
producción,1
intent,1
mays,1
observable,1
alliance,1
biblioteca,1
parafernália,1
aspectos,1
upon,1
chronologies,1
apologética,1
hinder,1
theprehispanic,1
extrapolated,1
guayana,1
enormous,1
metodológico,1
lacunae,1
looking,1
identity,1
findings,1
tribu,1
medioambiente,1
barbuda,1
combining,1
food,1
persisted,1
algroalfarero,1
oppose,1
refers,1
edwin,1
factor,1
paleoshoreline,1
band,1
intstituto,1
numbered,1
ethnic,1
rare,1
salvador,1
radiocarbon,1
contacto,1
rouge,1
involves,1
theses,1
adkxsj,1
futile,1
tiles,1
kalinago,1
diachronically,1
directed,1
emphasizing,1
authors,1
maní,1
comprehensive,1
chican,1
estructura,1
peter,1
amounts,1
co,1
causal,1
divisions,1
meillacoides,1
like,1
tradición,1
grammatical,1
católicos,1
played,1
collected,1
static,1
dry,1
stages,1
watercraft,1
contributed,1
shortly,1
preservation,1
infanticidio,1
sidestepped,1
quick,1
artificial,1
polygyny,1
intercommunity,1
random,1
article,1
pluralism,1
tibes,1
macroscopic,1
suárez,1
anomalies,1
relation,1
greeted,1
creencias,1
interpretations,1
propos,1
acquire,1
blanton,1
sacred,1
ib,1
availability,1
hunters,1
raised,1
taina,1
primeros,1
translate,1
yacimiento,1
divides,1
hunter,1
sotomay,1
spain,1
adaptations,1
devastation,1
workshop,1
figures,1
brithish,1
versus,1
tendency,1
delfín,1
aproximación,1
relative,1
corps,1
españoles,1
propose,1
encompassing,1
unrelated,1
clans,1
concluded,1
division,1
decision,1
marin,1
limiting,1
solar,1
expresiones,1
genesis,1
ocupantes,1
oxford,1
depth,1
asking,1
indication,1
adornos,1
relying,1
discussing,1
palinológico,1
posted,1
drennan,1
states,1
sustainability,1
modification,1
corrales,1
stems,1
today,1
parentesco,1
scrutinized,1
reviewer,1
obey,1
río,1
ï,1
movements,1
americanas,1
linda,1
antes,1
colombian,1
testing,1
ceramc,1
rephrased,1
healy,1
pieces,1
perro,1
parent,1
wing,1
discard,1
male,1
dimensions,1
procedente,1
directing,1
army,1
divergente,1
venues,1
seen,1
rethinking,1
aälto,1
caribes,1
birama,1
overlap,1
try,1
otherforms,1
contexto,1
volumes,1
life,1
why,1
caguana,1
escuela,1
dans,1
cease,1
fall,1
hope,1
gemology,1
comercio,1
lineages,1
table,1
precolombinas,1
igneous,1
exists,1
período,1
obstacle,1
face,1
canada,1
proving,1
lavergne,1
eugene,1
sound,1
southwest,1
meant,1
middens,1
plus,1
sections,1
differentiated,1
contemplated,1
suggestions,1
contained,1
diversidad,1
tema,1
costrumbres,1
practice,1
nonpublished,1
reviewing,1
sorting,1
demographics,1
advancements,1
intensification,1
seafaring,1
biography,1
reflexiones,1
prccolumbian,1
colonización,1
giraffe,1
concordance,1
economically,1
partnerships,1
extension,1
symbolic,1
populaiton,1
classifying,1
les,1
constructed,1
membership,1
borrow,1
fucniones,1
reconnaissance,1
text,1
athena,1
crock,1
brazilian,1
set,1
quickly,1
cubanos,1
mapfre,1
defining,1
mutually,1
comisión,1
turabo,1
sociales,1
idiosyncrasies,1
sure,1
specialization,1
chacoan,1
gpgí,1
litoral,1
nobility,1
misrepresentations,1
capability,1
extrapolate,1
approximates,1
wanano,1
interested,1
exploration,1
gone,1
industry,1
phoenix,1
appendix,1
remoto,1
argue,1
half,1
temper,1
homogenization,1
primeras,1
conquista,1
eventually,1
patrimonio,1
astronómico,1
entering,1
ar,1
denver,1
guy,1
impossible,1
siglo,1
themselves,1
rely,1
cautious,1
wood,1
haitian,1
guadeloupéen,1
príncipe,1
utilized,1
innumerable,1
just,1
passage,1
respect,1
corinne,1
animal,1
id,1
reniel,1
william,1
warnings,1
murciélago,1
arqueológicas,1
ethnically,1
heads,1
economy,1
answered,1
poderío,1
march,1
whether,1
plants,1
discusión,1
pertinent,1
noticeable,1
maintain,1
sus,1
barril,1
depopulation,1
temporally,1
ovidio,1
preliminares,1
meno,1
yucayeque,1
incised,1
prestige,1
columbidae,1
bubacanes,1
require,1
gross,1
strings,1
don,1
ideal,1
paleoecology,1
evoltuionary,1
art,1
popular,1
lundberg,1
craftsmanship,1
emergent,1
buchillones,1
culturas,1
unilinear,1
circumstances,1
careful,1
ruled,1
disparate,1
uniform,1
contemporaneity,1
complexes,1
stitched,1
científica,1
carvings,1
confirm,1
became,1
die,1
techniques,1
traditional,1
transition,1
ecology,1
aptly,1
territory,1
measure,1
silva,1
doña,1
manufacturing,1
indebted,1
phenomenon,1
evidenced,1
writing,1
chieftains,1
aspect,1
waves,1
betsy,1
come,1
elanders,1
false,1
question,1
wild,1
ummmmmt,1
habitantes,1
unable,1
modal,1
ignored,1
begwning,1
zones,1
amaca,1
ornametal,1
illinois,1
protohistoric,1
samuel,1
univeristy,1
iconografía,1
alimentaria,1
imperative,1
chiefly,1
ecosystem,1
indications,1
offer,1
americas,1
salt,1
lectura,1
define,1
need,1
sur,1
product,1
regular,1
avila,1
proyecto,1
effects,1
attempted,1
off,1
paraphernalia,1
bathwater,1
horizonte,1
extremely,1
remains,1
shift,1
increased,1
ranged,1
summary,1
biológica,1
needs,1
vi,1
observation,1
stools,1
passages,1
actions,1
questioning,1
tamos,1
intermittently,1
consisted,1
banes,1
collars,1
chicago,1
lake,1
create,1
turai,1
brito,1
substantial,1
exclusively,1
territoriales,1
astronomy,1
mitología,1
supplementary,1
divergent,1
corn,1
treating,1
gainsville,1
cairi,1
glance,1
comparable,1
north,1
paying,1
dos,1
proceso,1
compounding,1
histórico,1
lexicología,1
ca,1
primera,1
inicios,1
cassa,1
close,1
predicated,1
occur,1
praehistorica,1
