WORDCOUNTS,WEIGHT
the,1065
of,1046
and,897
in,620
a,434
de,315
to,239
that,178
costa,174
pp,133
from,125
as,124
j,121
la,120
for,119
is,116
central,114
at,108
with,107
m,106
p,91
social,91
chibchan,90
on,89
ad,88
w,88
have,85
r,82
this,82
rica,80
or,75
university,71
are,71
y,69
del,69
el,68
by,67
been,65
c,65
an,64
et,64
en,62
may,61
it,60
new,60
were,55
complexity,54
gold,54
has,53
american,52
was,49
f,47
there,47
jade,47
d,47
vol,46
these,46
colombia,45
america,43
l,43
be,43
e,42
san,42
period,42
los,41
archaeology,39
but,39
not,39
panama,39
chiefdoms,38
museo,38
emergence,36
ancient,36
individuals,36
archaeological,36
cultural,35
such,34
dumbarton,34
south,34
complex,32
g,32
their,32
early,32
eastern,31
world,31
northern,31
area,30
between,30
stone,29
power,29
maya,29
evidence,29
santa,28
sitio,27
las,27
ca,27
s,26
than,26
societies,26
museum,26
which,26
also,25
although,25
intermediate,24
hoopes,24
one,23
most,23
iconography,23
oro,23
no,22
b,22
mesoamerican,22
culture,22
v,22
region,22
nicaragua,21
they,21
its,21
research,21
southern,21
corporate,20
lower,20
goldwork,20
honduras,20
other,20
individual,20
during,19
tairona,19
classic,19
precolumbian,19
two,19
more,19
patterns,19
political,19
prehistoric,18
universidad,18
sites,18
time,18
nacional,18
some,17
sánchez,17
several,17
press,17
populations,17
over,17
what,17
boletín,17
specific,17
context,16
elements,16
site,16
burials,16
events,16
middle,16
settlement,16
religious,16
mortuary,16
use,16
can,16
control,16
large,15
inequality,15
vínculos,15
cerro,15
century,15
z,15
similar,15
objects,15
k,15
network,15
editorial,15
identified,15
symposium,15
who,15
juan,15
suggests,15
both,15
valley,15
mesoamerica,14
h,14
i,14
date,14
speakers,14
hierarchy,14
distinct,14
process,14
international,14
wealth,14
status,14
t,14
metates,14
elite,14
especially,14
study,14
remains,14
among,14
production,13
bogota,13
dates,13
journal,13
late,13
used,13
arqueología,13
villages,13
york,13
included,13
cooke,13
ceramic,13
material,13
style,13
significant,13
widespread,13
associated,13
recent,13
o,12
into,12
october,12
after,12
ceramics,12
special,12
organization,12
latin,12
greater,12
appearance,12
burial,12
appears,12
department,12
change,12
subgroup,12
precolombinos,12
regional,12
dating,12
known,12
through,12
north,12
represent,11
contexts,11
first,11
within,11
conte,11
van,11
mexico,11
rather,11
changes,11
monumental,11
prehistory,11
had,11
guerrero,11
symbolism,11
coast,11
nevada,11
areas,11
instituto,11
estudio,11
analysis,11
anthropological,11
whether,11
form,11
marta,11
environmental,10
dc,10
studies,10
either,10
long,10
rapid,10
tradition,10
those,10
ritual,10
phase,10
even,10
his,10
dated,10
cauca,10
antropología,10
well,10
tombs,10
kogi,10
critical,10
al,10
musée,10
forms,10
local,10
cambridge,10
jose,10
latter,10
include,10
we,10
earliest,10
contained,10
indígenas,10
der,10
differentiation,10
if,9
appear,9
chief,9
all,9
activity,9
chiefs,9
cemeteries,9
cultic,9
fig,9
olmec,9
n,9
before,9
data,9
work,9
muisca,9
least,9
steward,9
andes,9
tropical,9
historia,9
state,9
pattern,9
lake,9
clear,9
ornaments,9
probably,9
andean,9
un,9
mounds,9
pueblos,9
nicoya,9
cultures,9
sierra,9
phenomena,9
art,9
now,8
common,8
group,8
evolution,8
atlantic,8
américa,8
prior,8
sobre,8
human,8
development,8
without,8
lleras,8
huacas,8
basis,8
related,8
alto,8
chibcha,8
smithsonian,8
he,8
practices,8
formative,8
about,8
anthropology,8
panamá,8
others,8
present,8
number,8
including,8
codé,8
processes,8
trade,8
like,8
general,8
centuries,8
indicate,8
different,8
current,8
diquis,8
historical,8
phd,8
little,8
chocoan,8
role,8
magdalena,8
focus,8
later,7
suggested,7
settlements,7
authority,7
village,7
du,7
arenal,7
sacred,7
papers,7
british,7
existence,7
resources,7
genetic,7
since,7
excavations,7
leadership,7
guanacaste,7
languages,7
origins,7
peabody,7
centers,7
near,7
initial,7
bc,7
knowledge,7
occupied,7
suggest,7
prestate,7
texas,7
cubitá,7
society,7
chieftaincy,7
only,7
fitzroy,7
chiefdom,7
do,7
another,7
talgua,7
made,7
language,7
characterized,7
caribbean,7
high,7
diversity,7
paths,7
earlier,7
problems,7
neguanje,7
collections,7
arts,7
alternative,7
gran,7
goods,7
antiquity,7
proceedings,7
emphasis,7
emergent,7
careful,7
despite,7
transition,7
formation,7
activities,7
interaction,7
groups,6
resulted,6
linguistic,6
pendants,6
snarskis,6
royal,6
isthmus,6
ciencias,6
definition,6
styles,6
principal,6
agriculture,6
feinman,6
occurring,6
colombiano,6
herrera,6
centralized,6
review,6
whose,6
una,6
symbols,6
distant,6
shell,6
metallurgy,6
slate,6
beyond,6
western,6
strategy,6
tesoros,6
based,6
found,6
record,6
ayuntamiento,6
watershed,6
artifacts,6
sculpture,6
sociedades,6
documented,6
memoirs,6
octubre,6
field,6
around,6
presence,6
likely,6
economic,6
jewelry,6
yet,6
many,6
under,6
same,6
enero,6
cerámica,6
consideration,6
grave,6
variation,6
where,6
horizon,6
examples,6
harvard,6
would,6
tribal,6
exchange,6
graves,6
interpretations,6
contact,6
drennan,6
tonosí,6
colombian,6
often,6
natural,6
cemetery,6
leaders,6
greenstone,6
poder,6
oyuela,6
until,6
routinization,6
roles,6
difficult,5
does,5
díaz,5
introduction,5
offerings,5
congress,5
sources,5
rich,5
survey,5
flor,5
selva,5
autonomous,5
heterarchy,5
science,5
sixteenth,5
sanchez,5
relations,5
items,5
geological,5
salt,5
poorly,5
landscape,5
entre,5
nicaragüense,5
cascai,5
house,5
peru,5
painted,5
utah,5
occurred,5
access,5
austin,5
fourth,5
focused,5
buried,5
population,5
centrale,5
mace,5
information,5
literature,5
london,5
apparent,5
sodalities,5
desarrollo,5
broad,5
beads,5
précolombiens,5
own,5
periods,5
architecture,5
polished,5
contribución,5
still,5
indicates,5
manifest,5
biological,5
communities,5
fifth,5
perceived,5
identification,5
noted,5
bar,5
moche,5
strategies,5
origin,5
metropolitan,5
polities,5
birds,5
theoretical,5
so,5
structure,5
concepts,5
figures,5
atlántica,5
corrales,5
relevant,5
dans,5
considered,5
anthropomorphic,5
banco,5
peoples,5
les,5
tomb,5
specialized,5
while,5
agustín,5
upper,5
revista,5
variability,5
departamento,5
arqueológico,5
range,5
sur,5
defined,5
tribes,5
chicago,5
strong,5
stylistic,4
affected,4
managua,4
precolombina,4
center,4
residences,4
feline,4
identify,4
ways,4
history,4
lowlands,4
being,4
selin,4
creation,4
might,4
nature,4
eruption,4
emblemas,4
together,4
imagery,4
differences,4
carnegie,4
mamas,4
patterned,4
isthmian,4
multivillage,4
marine,4
caiman,4
issue,4
possible,4
undoubtedly,4
spain,4
collection,4
labor,4
icons,4
throughout,4
unpublished,4
arte,4
congreso,4
guanin,4
given,4
norte,4
rank,4
balls,4
handbook,4
served,4
networks,4
across,4
how,4
remain,4
basic,4
represented,4
elaborate,4
river,4
argued,4
sus,4
delta,4
undertaken,4
important,4
trajectories,4
expressed,4
estudios,4
term,4
further,4
facultad,4
volcán,4
produced,4
chontales,4
tikal,4
wide,4
concept,4
part,4
su,4
example,4
indigenous,4
oaks,4
structures,4
rituals,4
approach,4
tesis,4
corresponds,4
specifically,4
family,4
when,4
rican,4
subsequently,4
will,4
diego,4
limited,4
pectorals,4
simultaneous,4
interpretation,4
represents,4
helms,4
chronology,4
seems,4
speaking,4
larger,4
never,4
perhaps,4
carneiro,4
institute,4
chiefly,4
upon,4
manufactured,4
expression,4
emphasize,4
merit,4
three,4
publication,4
interpret,4
statues,4
times,4
features,4
ecology,4
provides,4
spondylus,4
systems,4
ann,4
paris,4
institution,4
pottery,4
finca,4
tibás,4
provide,4
institutions,4
why,4
mirror,4
linares,4
fernández,4
must,4
symbolic,4
temporal,4
caciques,4
región,4
quimbaya,4
malagana,4
ideological,4
linked,4
type,4
beginning,4
culmi,4
foundations,4
u,4
aguas,4
vessels,4
multiple,4
territory,4
lenguas,4
phenomenon,4
our,4
dalai,4
years,4
rasgos,4
lands,4
mode,4
crisis,4
americas,4
provided,4
elites,4
substantial,4
northwestern,4
much,4
should,4
close,4
carved,3
contacts,3
quintanilla,3
buritaca,3
names,3
fase,3
reassessment,3
maize,3
investigating,3
estatal,3
modern,3
ms,3
continuity,3
ceremonial,3
presents,3
cultura,3
annals,3
pérez,3
materials,3
certainly,3
statuary,3
taken,3
culturelle,3
book,3
cenote,3
highland,3
reasons,3
priest,3
dd,3
bogotá,3
con,3
ascribed,3
hurtado,3
bird,3
geophysical,3
origen,3
prehispanic,3
shared,3
fine,3
surrounded,3
espacio,3
identifies,3
biotrópica,3
includes,3
plaques,3
differential,3
relationships,3
sáenz,3
bosque,3
arhuacic,3
constenla,3
chavin,3
ability,3
encyclopedia,3
relatively,3
científico,3
developments,3
bay,3
amount,3
amerindios,3
chichén,3
ecosystems,3
sun,3
traditions,3
artes,3
caso,3
bahía,3
pendant,3
pectoral,3
supernatural,3
highlands,3
evaluation,3
risk,3
direct,3
contributions,3
animals,3
cueva,3
plaza,3
consider,3
organized,3
too,3
commonly,3
additional,3
gerardo,3
permanent,3
view,3
whereas,3
buenas,3
arrival,3
basin,3
pino,3
prehispánica,3
occupation,3
reviews,3
grounds,3
noroeste,3
public,3
assignation,3
possibility,3
hierarchies,3
none,3
introducción,3
contextualized,3
shaman,3
prominent,3
appleton,3
metallic,3
whole,3
precipitated,3
overview,3
ethnohistoric,3
fieldwork,3
interpreted,3
josé,3
healy,3
interacting,3
fábrica,3
belt,3
spanish,3
intermedia,3
cronología,3
impossible,3
always,3
cosmology,3
preliminary,3
turrialba,3
preclassic,3
highlights,3
polychrome,3
variety,3
absence,3
cosmological,3
comparative,3
community,3
copan,3
avian,3
single,3
pacific,3
metalurgia,3
ocupación,3
lowland,3
formalized,3
sociedad,3
increasingly,3
subsistence,3
worldviews,3
hallmark,3
volume,3
members,3
datos,3
fact,3
votive,3
paramount,3
treatment,3
sensing,3
appeared,3
niwot,3
diverse,3
personal,3
end,3
feasting,3
contemporary,3
external,3
question,3
guayabo,3
outside,3
model,3
timing,3
unclear,3
routinized,3
degree,3
cosmologies,3
bulletin,3
demonstrated,3
remote,3
understanding,3
divided,3
hundred,3
formal,3
mycenaean,3
manifestations,3
begley,3
causes,3
chiriqui,3
relaciones,3
prominently,3
solis,3
laboratory,3
sees,3
low,3
surgimiento,3
legitimacy,3
decorated,3
histórica,3
held,3
procurement,3
evolutionary,3
craft,3
curridabat,3
priests,3
ground,3
saw,3
connections,3
division,3
ranging,3
depth,3
dimensions,3
seen,3
yale,3
semiotic,3
recognize,3
goldworking,3
fe,3
less,3
período,3
forest,3
iconographie,3
following,3
incised,3
área,3
pt,3
shamans,3
defining,3
estilístico,3
specialization,3
paper,3
best,3
fortuna,3
conquista,3
benefit,3
cultivation,3
identities,3
burying,3
proposed,3
conditioned,3
miranda,3
advances,3
better,3
places,3
person,3
animal,3
ecosistemas,3
catastrophic,3
motagua,3
terms,3
ones,3
nearby,3
agricultural,3
signature,3
theory,3
prestige,3
misumalpan,3
level,3
recognition,3
ancestral,3
city,3
contribute,3
varied,3
autónoma,3
priestly,3
models,3
numerous,3
parallels,3
effects,3
talamanca,3
association,3
potential,3
themselves,3
necropolis,3
surveys,3
establishment,3
beings,3
premature,3
major,3
courts,2
ambiente,2
decentralized,2
stimuli,2
provisioning,2
evaluations,2
valle,2
cacicazgos,2
meaning,2
tres,2
stood,2
created,2
investigaciones,2
personnel,2
tierra,2
hats,2
nororiente,2
mendoza,2
distributed,2
contemporaneous,2
led,2
objetos,2
sociales,2
columns,2
ma,2
second,2
true,2
sets,2
di,2
approaches,2
bias,2
monolithic,2
conical,2
necessarily,2
grecia,2
communicating,2
exceptions,2
something,2
territorial,2
controlled,2
tripod,2
closely,2
cast,2
else,2
arqueológicos,2
tiempo,2
concentrated,2
attempt,2
anywhere,2
supravillage,2
fragmentary,2
anthropomorphized,2
fronteras,2
metate,2
explores,2
suggesting,2
confusion,2
kuna,2
able,2
sometime,2
religion,2
inland,2
feature,2
ancestry,2
discussion,2
emphasized,2
greatly,2
mexicon,2
sociopolitical,2
investigations,2
designs,2
seminar,2
similarities,2
case,2
vidal,2
depending,2
platform,2
great,2
red,2
implies,2
characterize,2
sedentary,2
bibliography,2
geographical,2
cited,2
along,2
priesthoods,2
quién,2
informes,2
implications,2
comment,2
behavior,2
localized,2
factional,2
americana,2
chibchanspeaking,2
domination,2
análisis,2
explained,2
dynamics,2
parsimonious,2
medio,2
occidente,2
application,2
tied,2
ilopango,2
nonstate,2
priority,2
unity,2
evident,2
université,2
back,2
body,2
ha,2
columbia,2
holds,2
inclusion,2
engineering,2
genetics,2
publications,2
fowler,2
pasado,2
competition,2
identifications,2
stimulating,2
communication,2
horizontal,2
catalogues,2
caimans,2
valleys,2
influence,2
acknowledge,2
sábana,2
disks,2
recognized,2
operations,2
absent,2
dry,2
itzá,2
centralization,2
completely,2
granted,2
households,2
certain,2
augmented,2
update,2
kluwer,2
mora,2
locally,2
possibly,2
driven,2
just,2
americanists,2
diffuse,2
numbers,2
placed,2
articulated,2
decade,2
age,2
four,2
resource,2
indications,2
followed,2
peninsula,2
altun,2
ornament,2
comprising,2
antecedents,2
decades,2
individualizing,2
taino,2
conquest,2
uses,2
appraisal,2
concentration,2
dixon,2
six,2
here,2
out,2
recalls,2
complete,2
base,2
fundación,2
representative,2
guatemala,2
hermanos,2
understood,2
pantribal,2
orientales,2
dynasty,2
tools,2
recently,2
applied,2
metals,2
shamanism,2
spiritual,2
absolute,2
sacrifice,2
fúquene,2
shape,2
directly,2
future,2
line,2
mapped,2
reinterpreting,2
intense,2
priesthood,2
statehood,2
teotihuacan,2
characterization,2
criteria,2
competing,2
training,2
calls,2
place,2
obscured,2
issues,2
collective,2
climatic,2
reportedly,2
unmistakable,2
actually,2
mistaken,2
rise,2
gonzález,2
barriles,2
archéologie,2
regions,2
oriental,2
good,2
stylized,2
excavated,2
calvo,2
deity,2
politically,2
peruvian,2
le,2
emphasizes,2
sharp,2
event,2
asociación,2
small,2
interacción,2
highly,2
zona,2
invaluable,2
panamanian,2
portions,2
boundaries,2
sculptures,2
lengua,2
treasures,2
up,2
severo,2
rescate,2
cardenas,2
rodríguez,2
results,2
describes,2
espinoza,2
appropriate,2
lore,2
mindscapes,2
aguilar,2
chronological,2
therefore,2
habitats,2
yax,2
short,2
gradual,2
synthesis,2
haven,2
expansion,2
techniques,2
play,2
offices,2
islands,2
merits,2
reincarnation,2
object,2
above,2
modes,2
amerindian,2
rites,2
selection,2
spectacular,2
label,2
mexicanos,2
once,2
elaboration,2
esoteric,2
bagaces,2
populated,2
antigua,2
light,2
dna,2
academia,2
iade,2
stones,2
charismatic,2
longer,2
useful,2
fill,2
muy,2
mound,2
funerary,2
name,2
complejas,2
afterlife,2
comparison,2
jadeite,2
academy,2
towards,2
lack,2
stories,2
head,2
scholars,2
componentes,2
occupations,2
beliefs,2
lacks,2
angeles,2
amerinds,2
rivas,2
diameter,2
succeeding,2
noticias,2
fragments,2
took,2
monographs,2
everyday,2
unit,2
tumbaga,2
prophets,2
jijón,2
heavily,2
mitochondrial,2
oberg,2
panamericano,2
deep,2
native,2
belief,2
glyphs,2
assemblage,2
original,2
associates,2
rio,2
explanation,2
trajectory,2
previously,2
asentamiento,2
top,2
bears,2
persisted,2
additions,2
assume,2
reconstructing,2
sequence,2
caro,2
resulting,2
rare,2
examination,2
radiocarbon,2
explorations,2
historic,2
macroterritory,2
tradición,2
spread,2
played,2
microevolution,2
experienced,2
kept,2
hierarchical,2
fancy,2
article,2
promote,2
temprana,2
arqueológica,2
realm,2
influences,2
excluded,2
primeros,2
working,2
idiom,2
southwest,2
adaptations,2
caution,2
decision,2
states,2
poblamiento,2
bureau,2
continued,2
recall,2
segments,2
figure,2
usually,2
ideology,2
program,2
vegetación,2
sec,2
primarily,2
lost,2
edición,2
strongly,2
playa,2
nuevo,2
overlap,2
sequences,2
originated,2
construction,2
lama,2
proyecto,2
famous,2
lineages,2
table,2
frame,2
typology,2
figured,2
iowa,2
problematic,2
school,2
any,2
practice,2
langebaek,2
version,2
geographic,2
ever,2
forests,2
mortuarios,2
agricultores,2
organizational,2
set,2
milieu,2
erected,2
mesoamérica,2
geography,2
dimension,2
each,2
litoral,2
caribe,2
global,2
key,2
did,2
half,2
siglos,2
particularly,2
precolombart,2
far,2
tardía,2
doms,2
past,2
works,2
charged,2
growing,2
tubular,2
bajo,2
economy,2
investigation,2
them,2
multidisciplinary,2
temporally,2
distribution,2
meridional,2
inscriptions,2
precursor,2
migrations,2
térraba,2
assumptions,2
almost,2
minimal,2
hundreds,2
holocene,2
contain,2
universe,2
spaces,2
venado,2
chibchoide,2
unilinear,2
introduced,2
elucidate,2
alternatives,2
confirm,2
centro,2
became,2
plans,2
ball,2
pintada,2
tall,2
chieftains,2
rigat,2
bonilla,2
named,2
documentación,2
autochthonous,2
national,2
washington,2
tulane,2
rango,2
gravel,2
define,2
cobble,2
manufacture,2
canines,2
quartz,2
gassiot,2
summary,2
supported,2
territories,2
pioneering,2
conflated,2
orfebrería,2
scholarship,2
reached,2
create,2
texts,2
gainesville,2
element,2
archeological,2
república,2
traditional,2
technological,2
dos,2
broader,2
woven,1
chocó,1
scepter,1
dominant,1
moro,1
dorade,1
appropriation,1
done,1
esquivel,1
dissipated,1
metal,1
después,1
liminal,1
calibrated,1
transición,1
estimated,1
way,1
representing,1
fertile,1
correlation,1
indicated,1
asserted,1
conjoined,1
commentary,1
phylogeny,1
investing,1
animisi,1
dictate,1
himself,1
pittsburgh,1
tropics,1
correlations,1
skeletal,1
rainforest,1
guanín,1
barí,1
prospection,1
intriguing,1
bedrock,1
paleoecología,1
durante,1
adoption,1
aboveground,1
considerably,1
federation,1
plainly,1
themortuary,1
glimpses,1
expect,1
beneath,1
formulated,1
elaborately,1
museos,1
précolombienne,1
panteón,1
viejo,1
cerámicos,1
kinds,1
effective,1
constrictions,1
essays,1
nouveau,1
algunas,1
convenient,1
atlantique,1
kirchhoff,1
schools,1
quintessential,1
viceitic,1
units,1
contextualization,1
remnants,1
conjectures,1
han,1
teotihuacán,1
subsistencia,1
tenth,1
boulder,1
odyssey,1
station,1
spirit,1
masks,1
backs,1
bolívar,1
comparisons,1
geometric,1
segmentary,1
fixed,1
committee,1
virtually,1
immediate,1
secuencia,1
laid,1
basalt,1
bribri,1
adolescence,1
impermanent,1
induced,1
thematic,1
source,1
princeton,1
trayecto,1
precursors,1
character,1
salvage,1
fires,1
test,1
experience,1
fluctuations,1
predominantly,1
diffusion,1
jayhawk,1
tiribi,1
accumulation,1
anthropogenic,1
hopi,1
archaeologists,1
briggs,1
bloodletting,1
permit,1
tanques,1
gente,1
inc,1
rutinización,1
every,1
swedish,1
concur,1
preceding,1
electrical,1
intermontano,1
concerned,1
garcía,1
hombre,1
adopt,1
usékares,1
serpent,1
contrasted,1
exhibition,1
undocumented,1
humans,1
actual,1
articulate,1
reptiles,1
artificially,1
advanced,1
england,1
discerned,1
paleoecological,1
containing,1
académica,1
prototypical,1
shaped,1
glaciación,1
height,1
affinities,1
europe,1
entes,1
scientists,1
wooden,1
accompanied,1
featuring,1
disproportionate,1
right,1
bichrome,1
imported,1
potentially,1
exotic,1
nineteen,1
rule,1
colombiana,1
studied,1
inherent,1
genética,1
thanks,1
closer,1
scheme,1
onto,1
concludes,1
room,1
renfrew,1
parque,1
farmer,1
subsequent,1
poblaban,1
search,1
integrate,1
fresh,1
estatuaria,1
persistence,1
loose,1
written,1
hammen,1
antioqufa,1
raised,1
pale,1
platforms,1
california,1
necessitated,1
signs,1
elucidating,1
threshold,1
naranjo,1
cuenca,1
depends,1
slip,1
generosity,1
corresponded,1
méxico,1
suspect,1
correlated,1
guaimiic,1
forthcoming,1
bicephalic,1
gaps,1
unifying,1
zoogeography,1
albeit,1
enchantment,1
paved,1
dèi,1
inca,1
celts,1
rimmed,1
iv,1
march,1
istmo,1
design,1
intermediaries,1
chapter,1
indirectly,1
quantities,1
replacement,1
felt,1
marked,1
piedras,1
parlay,1
andré,1
pumas,1
tracing,1
ledesma,1
visionary,1
coetaneidad,1
functions,1
julian,1
evolución,1
magazine,1
crossed,1
compromised,1
west,1
sar,1
variations,1
conceptual,1
x,1
contextualización,1
very,1
ignores,1
samper,1
beak,1
cautious,1
establish,1
conception,1
quantity,1
bowls,1
primordial,1
enter,1
nyui,1
succession,1
reverence,1
engage,1
directed,1
cuisalá,1
split,1
iconographers,1
altitudes,1
magistra,1
corresponding,1
framework,1
oiahaus,1
excavado,1
september,1
extinct,1
poporo,1
regarding,1
lara,1
oaxaca,1
accessible,1
macaw,1
collapse,1
helicopter,1
economía,1
nociones,1
surely,1
microestrati,1
historically,1
erection,1
madrid,1
agreement,1
representations,1
quality,1
ajaw,1
neitzel,1
costero,1
consumed,1
understand,1
letras,1
tables,1
scarce,1
seismic,1
neighbors,1
trujillo,1
interest,1
traits,1
ethnohistorical,1
authoritative,1
reflection,1
precipitates,1
dozen,1
databases,1
sacerdotal,1
isthmic,1
personifications,1
acta,1
heterogeneity,1
shaft,1
occurs,1
altas,1
cupica,1
intermedio,1
conducted,1
subadults,1
boca,1
epidemias,1
actas,1
constellation,1
assessment,1
sample,1
privilege,1
forced,1
karlovo,1
mundi,1
exercise,1
transitional,1
moment,1
gaceta,1
concentrations,1
sanders,1
clay,1
old,1
ct,1
destroyed,1
cuervo,1
reyes,1
tibet,1
transegalitarian,1
perspective,1
segmented,1
siyaj,1
duhos,1
rancre,1
concerning,1
barú,1
ediciones,1
lasts,1
augusto,1
response,1
serving,1
qualitatively,1
oxford,1
preliterate,1
lineage,1
espacios,1
uncorrected,1
guardian,1
chibchoid,1
biogeography,1
third,1
cardinal,1
truly,1
semantic,1
equally,1
archaeologist,1
look,1
constructs,1
choco,1
terminated,1
border,1
hasty,1
operative,1
seated,1
coasts,1
guaymi,1
adult,1
cooperative,1
rama,1
teotihuacanos,1
lie,1
nomenclature,1
chibchenses,1
conceptually,1
relacionadas,1
festschrift,1
grasp,1
reef,1
phases,1
higher,1
seventh,1
civilization,1
articulates,1
opposed,1
poor,1
online,1
via,1
simultaneously,1
marcador,1
enhancing,1
philadelphia,1
hoi,1
adequate,1
added,1
remedied,1
essential,1
stock,1
ml,1
patron,1
subregión,1
rupestre,1
relative,1
segunda,1
generations,1
taxonomy,1
db,1
mountain,1
incipient,1
influential,1
afterwards,1
simbolismo,1
tectonic,1
od,1
levels,1
keepers,1
coastal,1
notion,1
altar,1
slabs,1
comparable,1
conjunto,1
medellin,1
environments,1
template,1
veraguas,1
entender,1
curvilinear,1
blanks,1
reworked,1
ciénaga,1
proportion,1
buenos,1
supplement,1
importance,1
viewed,1
derived,1
tristan,1
parts,1
hearing,1
cave,1
antiguos,1
selected,1
echoed,1
reicheldolmatoff,1
lay,1
read,1
appropriateness,1
discoveries,1
productive,1
awareness,1
publicaciones,1
ethnohistorically,1
popol,1
space,1
crocodilian,1
precious,1
departement,1
lea,1
tbj,1
darien,1
reinterpretation,1
falk,1
monuments,1
promise,1
conformed,1
facilitated,1
affect,1
cats,1
waisted,1
dichotomy,1
bieber,1
established,1
familiar,1
producers,1
ayiin,1
descent,1
consolidate,1
clearly,1
section,1
elsewhere,1
rendant,1
datación,1
donde,1
reified,1
indios,1
traces,1
aly,1
germane,1
cocijo,1
weak,1
desecrated,1
presumptions,1
solid,1
tempting,1
orientation,1
companions,1
show,1
milan,1
hammered,1
conquered,1
iconográfico,1
versant,1
fashioned,1
linguistics,1
antropológicas,1
recovered,1
americanista,1
ej,1
shorter,1
powerful,1
albuquerque,1
surface,1
connecting,1
refer,1
lifelong,1
defines,1
organisation,1
notions,1
accounts,1
pohorilenko,1
vieja,1
boundary,1
según,1
axis,1
costarricense,1
quito,1
delegación,1
founding,1
syntheses,1
provisional,1
personalized,1
adapting,1
rainbow,1
cut,1
stands,1
myths,1
highest,1
fluid,1
conflicts,1
reflections,1
grupos,1
ranges,1
granite,1
raw,1
diseño,1
supernaturals,1
carving,1
endogenous,1
came,1
perre,1
chieftancy,1
identifying,1
shamanistic,1
asserts,1
competitive,1
transmission,1
could,1
bibliografìa,1
method,1
periodización,1
begun,1
hands,1
appropriated,1
política,1
mapping,1
costumed,1
effort,1
resembles,1
cylinder,1
conspicuous,1
changed,1
described,1
necklace,1
betwixt,1
giddens,1
compassion,1
centrally,1
ago,1
palo,1
aristides,1
territorio,1
fineline,1
marco,1
installation,1
quimbayas,1
meter,1
saa,1
bugle,1
collector,1
neighboring,1
cabana,1
oklahoma,1
traced,1
founder,1
equal,1
guamaca,1
disturbance,1
hacia,1
war,1
prehispánico,1
circular,1
metalworking,1
divide,1
intensity,1
cannot,1
florero,1
ch,1
geografía,1
biases,1
excellent,1
territorios,1
thin,1
energy,1
smashing,1
however,1
pollen,1
superstructures,1
amassed,1
colleges,1
explain,1
required,1
cnws,1
find,1
exploration,1
brisas,1
rectilinear,1
zapotee,1
gods,1
periodization,1
golden,1
symbolically,1
sodality,1
memory,1
discounting,1
weidenfeld,1
participation,1
designation,1
explore,1
distinguish,1
relief,1
repoussé,1
compleja,1
formerly,1
deciphering,1
bounded,1
prácticas,1
residents,1
distinción,1
mayer,1
maleku,1
circumstantial,1
técnica,1
blue,1
fraser,1
que,1
carry,1
mediante,1
hints,1
significantly,1
brought,1
occupants,1
barii,1
cordillera,1
hatillo,1
patrones,1
précolombien,1
morales,1
homeland,1
positions,1
aef,1
description,1
pocket,1
highlight,1
bahías,1
subregion,1
dividing,1
egalitarian,1
dynasties,1
hátei,1
q,1
surrogate,1
discussions,1
barrantes,1
castillo,1
inherited,1
records,1
people,1
concepto,1
relevance,1
densely,1
colossal,1
perishable,1
internacional,1
kings,1
hi,1
call,1
away,1
reflect,1
naciones,1
nucleus,1
formations,1
riding,1
il,1
realms,1
latex,1
predominance,1
buff,1
project,1
lange,1
stanford,1
parità,1
solidaridad,1
craftsman,1
moltúranos,1
my,1
guanto,1
markedly,1
gap,1
lakes,1
duit,1
presumption,1
manifestation,1
heritage,1
errors,1
integración,1
stockholm,1
depositional,1
darte,1
detailed,1
preceded,1
causal,1
responses,1
amerindias,1
interregional,1
permanence,1
valles,1
eslabón,1
stela,1
sense,1
giant,1
adaptación,1
caused,1
describing,1
barro,1
saurian,1
sharper,1
regardless,1
ego,1
kolman,1
fostered,1
shaping,1
stage,1
speculations,1
prevalence,1
presencia,1
warrant,1
contrast,1
stimulated,1
dillehay,1
tibetan,1
emerging,1
involved,1
invención,1
cinto,1
requires,1
het,1
mitchell,1
autonomy,1
characteristics,1
ignore,1
fraught,1
few,1
migrating,1
bridge,1
eighth,1
temporary,1
margarita,1
construcción,1
jiménez,1
centrai,1
australian,1
reported,1
ancestors,1
tended,1
core,1
ictiofauna,1
managed,1
araucanian,1
annual,1
visible,1
cooperación,1
renewed,1
majority,1
preliminar,1
axelike,1
slim,1
suramérica,1
nogbere,1
altogether,1
diminished,1
cobre,1
developmental,1
confirmación,1
finds,1
tribus,1
latest,1
inform,1
am,1
ninth,1
gordon,1
reluctant,1
makelu,1
amérique,1
aborigen,1
adnmt,1
barbara,1
bifurcate,1
span,1
nuun,1
patuca,1
familia,1
pertaining,1
processual,1
fanged,1
diferentes,1
penetrations,1
situation,1
arrangement,1
conditioning,1
reduced,1
frederick,1
físicas,1
observations,1
advocate,1
andina,1
spelled,1
various,1
tschibtscha,1
monoliths,1
realizado,1
intermediateness,1
mechanisms,1
tinklers,1
located,1
yucatan,1
tried,1
dressed,1
acknowledged,1
middlerange,1
female,1
exception,1
heritability,1
etc,1
biblioteca,1
impersonators,1
grande,1
estado,1
echoing,1
slower,1
expanded,1
surviving,1
unwieldy,1
geophysics,1
standing,1
ido,1
premises,1
lo,1
pi,1
zoology,1
neat,1
inhabited,1
innovation,1
para,1
chronicle,1
verwandtschaften,1
moskito,1
relied,1
violence,1
crumpled,1
examined,1
tulku,1
tremendous,1
coverage,1
makes,1
interment,1
floresta,1
happened,1
predecessor,1
oleadas,1
metallurgical,1
god,1
formally,1
specifics,1
palaces,1
crocodilians,1
neither,1
signaling,1
participant,1
antiauitv,1
participants,1
home,1
une,1
homogeneous,1
conveying,1
clamshell,1
continents,1
cuatro,1
amazon,1
lord,1
rectangular,1
purity,1
sharply,1
ethnographic,1
repercussions,1
demonstrates,1
reply,1
insights,1
casera,1
santos,1
beginnings,1
lined,1
warranted,1
mythologizing,1
situates,1
cuidando,1
frameworks,1
felidae,1
colección,1
leans,1
hablantes,1
midpoints,1
published,1
dualprocessual,1
guácimo,1
boeota,1
lavish,1
angular,1
inhabitants,1
organizations,1
sixfold,1
critiques,1
unmistakably,1
paul,1
marker,1
atlàntica,1
participated,1
runs,1
arcilla,1
propuestas,1
toward,1
orígenes,1
maría,1
desertification,1
pointed,1
deserves,1
mamorón,1
sodai,1
motifs,1
addition,1
residence,1
ideología,1
analytical,1
food,1
equating,1
radiations,1
communal,1
shows,1
happening,1
ossuary,1
stealers,1
temples,1
occurrence,1
pressure,1
foods,1
baril,1
travaux,1
évolution,1
mito,1
depict,1
abstract,1
relación,1
washineton,1
bombay,1
children,1
suppressed,1
goajira,1
john,1
gray,1
figurines,1
overwhelmingly,1
identical,1
foster,1
considerable,1
fashion,1
imperfect,1
man,1
discussed,1
observes,1
serious,1
vt,1
typological,1
perspectiva,1
documents,1
maker,1
anthropologist,1
antropologia,1
símbolos,1
diquís,1
organizing,1
curled,1
wanderungen,1
archaeologies,1
fidel,1
cruz,1
harpy,1
puerto,1
layers,1
izapa,1
existing,1
seventeenth,1
boruca,1
see,1
duties,1
xix,1
paired,1
magnus,1
norms,1
año,1
decorations,1
plumsock,1
teeth,1
preparation,1
inusitados,1
books,1
counterpart,1
free,1
remarkably,1
recommend,1
evolutiva,1
identifiable,1
thoroughly,1
argues,1
itthere,1
acknowledgment,1
chiriquí,1
kansas,1
cronistas,1
classes,1
crystals,1
technologies,1
greatest,1
exploring,1
investment,1
mythic,1
investigated,1
vast,1
prehistoria,1
admits,1
father,1
link,1
libros,1
success,1
considering,1
background,1
jérico,1
étnicas,1
farther,1
assemblages,1
discovery,1
conquistando,1
wheat,1
unquestionably,1
maritime,1
values,1
uplift,1
helps,1
cult,1
pavas,1
conformación,1
enormous,1
depended,1
looking,1
sufficiently,1
affirmations,1
hieroglyphic,1
identity,1
regionalized,1
concern,1
tribu,1
intercambio,1
linking,1
looting,1
prevailed,1
seriation,1
operated,1
santafé,1
refers,1
factor,1
gemologist,1
vocabulary,1
ideas,1
willey,1
tatiscu,1
ethnic,1
lawrence,1
salvador,1
editores,1
trust,1
jequetepeque,1
check,1
full,1
previous,1
literate,1
option,1
traders,1
shortly,1
carnelian,1
quiligua,1
students,1
netherlands,1
énfasis,1
artefactos,1
vii,1
arguably,1
subsurface,1
theses,1
federations,1
crises,1
meanings,1
discovered,1
individualized,1
dorasque,1
modem,1
zoned,1
metaphysics,1
costumes,1
essay,1
ermengol,1
barbiermueller,1
vested,1
citv,1
architectural,1
homes,1
revised,1
geographically,1
him,1
presidencia,1
cache,1
honor,1
exacerbates,1
foremost,1
obtained,1
stages,1
ofthse,1
serum,1
illicit,1
keeper,1
construct,1
subfloor,1
causeway,1
promotion,1
comparing,1
internal,1
arquitectónicos,1
escuela,1
qualities,1
parallel,1
reina,1
coral,1
constructing,1
insists,1
tunebo,1
become,1
domínguez,1
respectively,1
wise,1
xvi,1
displayed,1
seattle,1
panzenu,1
indio,1
availability,1
january,1
simposio,1
expand,1
seeking,1
cease,1
ethnographically,1
divides,1
italy,1
equivalent,1
concha,1
shamanic,1
ecología,1
need,1
contribuciones,1
colonial,1
destruction,1
aproximación,1
préhistoire,1
adaptive,1
develop,1
tenuous,1
modifications,1
darker,1
attention,1
unrelated,1
clans,1
concluded,1
colombina,1
applies,1
ehrenreich,1
duplicated,1
cuna,1
expresiones,1
farm,1
marín,1
wankybila,1
worldview,1
consists,1
miscellaneous,1
indication,1
tesoro,1
socioceremonial,1
dead,1
relationship,1
nutabe,1
imply,1
guaimoretta,1
abundance,1
dual,1
seasonally,1
looted,1
transformations,1
note,1
anciens,1
independiente,1
río,1
alloys,1
movements,1
assert,1
noroccidente,1
resistivity,1
foreign,1
orfebre,1
antes,1
types,1
naturally,1
staples,1
outlined,1
practitioners,1
claimed,1
chicken,1
hill,1
vague,1
peuplements,1
bibliografía,1
archetypical,1
diacrònico,1
florescence,1
bibliographic,1
male,1
disconfirm,1
referred,1
andpinctada,1
directing,1
kachinas,1
enculturation,1
hereditary,1
lives,1
headless,1
position,1
shells,1
amassing,1
littoral,1
contexto,1
traveled,1
presentadas,1
settled,1
institutionally,1
introductory,1
responsible,1
fuentes,1
embarrassment,1
expectations,1
precontact,1
variación,1
causeways,1
frontier,1
precolombinas,1
composed,1
serve,1
commemoration,1
gaira,1
headdress,1
fields,1
creatures,1
assigns,1
get,1
itself,1
gonzalez,1
articles,1
occupies,1
rigorous,1
documenting,1
meant,1
meticulous,1
diversidad,1
stable,1
biology,1
detail,1
claims,1
dissertation,1
landmass,1
proof,1
exchanged,1
alrededores,1
quilter,1
archeology,1
deposited,1
exercised,1
eventually,1
fifteen,1
bugaba,1
waxaklajuun,1
conocimiento,1
filiación,1
suite,1
homenaje,1
melanesia,1
civilizations,1
conclusion,1
exemplified,1
latinoamericana,1
intensification,1
incorporated,1
damana,1
mundo,1
eschatology,1
mutilations,1
complexes,1
asentamientos,1
thèse,1
contradiction,1
agents,1
heckadon,1
economically,1
invoked,1
metasomatic,1
continues,1
ahau,1
theme,1
comes,1
recognizable,1
rival,1
entry,1
alludes,1
perforated,1
besides,1
temple,1
symbol,1
sciences,1
chimila,1
texto,1
creations,1
montaña,1
geoarchaeology,1
colorado,1
differentiated,1
integrative,1
know,1
shading,1
berkeley,1
época,1
sure,1
drew,1
readily,1
intensive,1
planimetría,1
worth,1
share,1
expanding,1
quetzal,1
manchas,1
chavúi,1
seriously,1
sizes,1
east,1
seem,1
believe,1
lagoon,1
gone,1
capital,1
plate,1
unknown,1
ubiquitous,1
contextual,1
buddhist,1
straightforward,1
guadalajara,1
barcelona,1
volcano,1
resonates,1
piezas,1
sebastián,1
supe,1
wall,1
constructions,1
marañones,1
scenario,1
domestic,1
rayed,1
report,1
methods,1
inquiry,1
tegucigalpa,1
foundation,1
iii,1
rasgo,1
stretching,1
cundicouyic,1
mason,1
ff,1
researches,1
raphael,1
furletti,1
mollusk,1
reflected,1
highlandsatlantic,1
generalized,1
associations,1
differed,1
placing,1
cundiarhuacic,1
replication,1
utilized,1
hamlets,1
emerges,1
masters,1
informe,1
sinu,1
hint,1
catalogue,1
subordinate,1
ponencias,1
cal,1
weidenfield,1
poporos,1
according,1
arqueológicas,1
unlikely,1
explanations,1
cruise,1
preexisting,1
overarching,1
communicate,1
reign,1
combined,1
concedes,1
shady,1
stability,1
commemorating,1
esquema,1
tibas,1
voor,1
webster,1
references,1
yielded,1
supports,1
varying,1
pertinent,1
français,1
thirty,1
preside,1
pech,1
maintain,1
diaz,1
map,1
plaster,1
firmly,1
adaptation,1
actors,1
densities,1
predate,1
thames,1
multicomponente,1
differs,1
cofán,1
bureaucratic,1
exhumed,1
require,1
serie,1
produce,1
orientations,1
delle,1
influenced,1
springer,1
sixth,1
mededelingen,1
intitute,1
kingly,1
library,1
seed,1
aldea,1
size,1
cluster,1
eagles,1
conveniently,1
conference,1
nacionalidad,1
cabécar,1
nj,1
assigning,1
mina,1
biography,1
venezuelan,1
culturas,1
son,1
largescale,1
etnicidad,1
línea,1
portraying,1
ruled,1
recipients,1
met,1
affecting,1
extending,1
ofebrería,1
científica,1
content,1
charisma,1
puente,1
pertinencia,1
subject,1
prayers,1
simply,1
reappraisal,1
situated,1
ignorant,1
universität,1
transcontinental,1
históricas,1
reconstruct,1
encircled,1
necklaces,1
impeding,1
rijksmuseum,1
families,1
ensayo,1
challenges,1
indians,1
using,1
deities,1
maintained,1
evidenced,1
au,1
correspondences,1
waves,1
ecuador,1
jan,1
pair,1
analogy,1
come,1
manipulation,1
ethnocentric,1
naturales,1
presta,1
prehispánicas,1
shores,1
sanctioned,1
burger,1
intent,1
circles,1
votic,1
nuclear,1
elongated,1
underworld,1
conducive,1
civilización,1
civilità,1
argument,1
unable,1
difference,1
kukra,1
generate,1
disposal,1
nonelite,1
crumley,1
intensified,1
repositories,1
contract,1
argentina,1
fourteenth,1
nonlinear,1
disparities,1
samuel,1
iconografía,1
nicaraguan,1
proteins,1
dangerous,1
profiles,1
documentation,1
contributed,1
preceramic,1
prolonged,1
magdalenic,1
approximately,1
instead,1
arias,1
uncalibrated,1
typically,1
ngobé,1
integrated,1
tulkus,1
land,1
interoceanic,1
consumption,1
shorthand,1
green,1
folan,1
product,1
clearest,1
smaller,1
archipelago,1
involving,1
round,1
attributes,1
piece,1
aggressors,1
prospect,1
prestigio,1
derive,1
leiden,1
tributaries,1
presenting,1
susa,1
oldest,1
measured,1
shift,1
increased,1
cacicales,1
beverages,1
roughly,1
operación,1
practiced,1
talismans,1
searching,1
vessel,1
stools,1
carl,1
apart,1
surrender,1
geneve,1
artesanías,1
mesoamericanized,1
substitute,1
paleoindian,1
actions,1
portrait,1
clarify,1
combination,1
fonseca,1
stemming,1
amigos,1
era,1
valuable,1
glyph,1
norman,1
nuevos,1
maximum,1
fabricación,1
acuña,1
supplementary,1
gulf,1
huellas,1
images,1
desconocida,1
tesori,1
ends,1
ballcourts,1
histórico,1
panamerican,1
southeastern,1
funerarios,1
adorn,1
built,1
centralización,1
constitutes,1
inheritance,1
occur,1
arizona,1
fabbri,1
row,1
death,1
thorough,1
hypothesis,1
