WORDCOUNTS,WEIGHT
the,1214
of,937
and,783
in,628
to,288
a,285
settlement,194
as,145
that,142
on,124
for,122
survey,116
from,111
early,111
pp,108
have,103
be,95
sites,94
is,94
by,92
or,85
such,82
mesopotamia,81
p,78
archaeological,78
this,76
were,75
population,71
millennium,69
was,69
surveys,69
j,67
archaeology,67
are,67
at,64
may,64
et,63
been,62
with,62
more,59
northern,59
m,58
bc,58
area,58
but,57
regional,54
settlements,53
tell,52
an,50
mesopotamian,47
r,47
areas,47
university,46
site,45
s,44
there,43
southern,43
which,43
near,42
wilkinson,42
north,42
during,41
not,41
iraq,41
h,40
t,39
has,39
lower,38
because,38
these,37
islamic,37
also,36
late,35
when,35
patterns,35
can,35
between,35
g,34
than,32
it,31
khabur,31
age,31
small,31
de,30
pattern,30
systems,30
other,29
development,29
irrigation,29
record,29
period,29
d,29
ancient,27
only,27
plains,27
approaches,26
tells,26
research,26
decline,26
use,26
bronze,26
although,26
within,25
some,25
upper,25
syria,25
alluvial,25
jazira,24
one,24
fig,24
journal,24
earlier,24
data,24
over,24
urban,24
land,24
major,24
l,23
growth,23
w,23
e,23
where,23
would,23
studies,22
western,22
plain,22
algaze,22
b,22
part,22
field,22
south,22
time,22
later,21
they,21
into,21
i,21
eastern,21
adams,21
communities,21
al,21
euphrates,21
middle,21
chicago,21
recent,21
along,20
urbanization,20
periods,20
east,20
see,20
rural,20
balikh,20
c,20
parts,19
new,19
region,19
la,19
extensive,19
both,19
now,18
large,18
excavations,18
landscape,18
result,18
oriental,18
around,18
significant,18
table,18
political,17
no,17
greater,17
scale,17
well,17
change,17
ceramic,17
provide,17
many,17
ubaid,17
techniques,17
estimates,16
k,16
results,16
often,16
analysis,16
evidence,16
valley,16
much,16
neolithic,15
those,15
bulletin,15
preliminary,15
society,15
less,15
uruk,15
dispersed,15
remains,15
du,14
state,14
human,14
their,14
whereas,14
turkey,14
probably,14
report,14
old,13
canal,13
general,13
river,13
pastoral,13
based,13
scatters,13
trends,13
economic,13
shifts,13
occupied,13
des,13
years,13
being,12
phase,12
evident,12
intensive,12
important,12
basin,12
place,12
information,12
recognition,12
conducted,11
all,11
irrigated,11
throughout,11
american,11
centers,11
its,11
mari,11
towards,11
halaf,11
beydar,11
world,11
f,11
marginal,11
two,11
demographic,11
so,11
especially,11
then,11
series,11
leilan,11
include,11
abu,11
per,10
last,10
case,10
economies,10
historical,10
since,10
tigris,10
levels,10
frequently,10
appear,10
sedentary,10
appears,10
inferred,10
few,10
smithsonian,10
populations,10
social,10
towns,10
processes,10
institution,10
assyrian,10
usually,10
nomadic,10
cultivation,10
number,10
economy,10
form,10
sasanian,10
models,10
smaller,10
history,9
occurred,9
sedimentation,9
possible,9
above,9
ha,9
even,9
changes,9
n,9
international,9
further,9
occupation,9
cultural,9
diyala,9
geographical,9
pottery,9
iran,9
mainly,9
satellite,9
cities,9
iron,9
despite,9
heartland,9
states,9
substantial,9
complex,8
densities,8
first,8
long,8
production,8
review,8
occasional,8
vorderen,8
west,8
supply,8
central,8
differential,8
van,8
remote,8
most,8
surface,8
prehistoric,8
zone,8
density,8
department,8
either,8
le,8
presence,8
up,8
hellenistic,8
water,8
v,8
brak,8
local,8
made,8
canals,8
continue,8
similar,8
features,8
high,8
exchange,8
babylonia,8
settled,8
les,8
paper,8
very,8
phd,8
what,8
institute,8
babylonian,8
through,8
cambridge,8
shift,8
third,8
km,8
zones,8
if,7
resulted,7
available,7
ad,7
agriculture,7
figs,7
anatolica,7
due,7
relatively,7
civilization,7
recognized,7
rather,7
main,7
sensing,7
process,7
factors,7
neoassyrian,7
followed,7
mcc,7
used,7
reflect,7
staple,7
least,7
dam,7
about,7
yet,7
broad,7
considerable,7
en,7
empire,7
chalcolithic,7
range,7
increase,7
rivers,7
conditions,7
after,7
atlas,7
continued,7
british,7
simply,7
particularly,7
steppe,7
byzantine,7
spatial,7
them,7
size,7
little,7
became,7
dense,7
berliner,6
estimated,6
environmental,6
aceramic,6
likely,6
excavation,6
ii,6
existence,6
linear,6
vol,6
outlying,6
thus,6
collapse,6
sumer,6
concerning,6
distribution,6
developed,6
basic,6
landscapes,6
stein,6
providing,6
dynastic,6
levant,6
salvage,6
could,6
buried,6
parthian,6
significantly,6
climatic,6
approach,6
mediterranean,6
weiss,6
therefore,6
watercourses,6
located,6
reconstruction,6
structural,6
museum,6
reference,6
continuity,6
same,6
anthropology,6
projects,6
fundamental,6
larger,6
conclusions,6
adjacent,6
vulnerable,6
perhaps,6
mesopotamien,6
scatter,6
band,6
trade,6
low,6
provides,6
latter,6
versus,6
sometimes,6
maps,6
primarily,6
antiquity,6
centuries,6
changing,6
must,6
did,6
annales,6
agricultural,6
hoyuk,6
level,6
city,6
using,6
zum,6
contributed,6
wadi,6
canadian,6
increased,6
images,6
mobile,6
should,6
amuq,5
introduction,5
schools,5
modern,5
lowlands,5
archaeologists,5
hamrin,5
reconstructions,5
location,5
date,5
gibson,5
deh,5
papers,5
system,5
alluvium,5
activity,5
exist,5
dynamics,5
regarded,5
sample,5
century,5
amount,5
apparently,5
higher,5
town,5
square,5
study,5
organization,5
traces,5
beyond,5
had,5
syrian,5
im,5
ann,5
persons,5
hierarchies,5
network,5
work,5
example,5
related,5
demonstrates,5
partly,5
rise,5
employed,5
project,5
interpreted,5
good,5
below,5
hole,5
emerging,5
every,5
several,5
villages,5
annual,5
aggregate,5
will,5
curves,5
various,5
make,5
communications,5
included,5
noted,5
bar,5
nucleated,5
end,5
ground,5
understanding,5
three,5
methods,5
oxford,5
science,5
seen,5
fields,5
environment,5
abandonment,5
any,5
each,5
different,5
roman,5
akkadian,5
danti,5
growing,5
according,5
map,5
beitrage,5
arabes,5
archéologiques,5
our,5
formation,5
until,5
integration,5
reached,5
syriennes,5
abandoned,5
uk,5
difficult,4
margins,4
common,4
groups,4
abd,4
uplands,4
formed,4
necessarily,4
territorial,4
fluctuations,4
terrain,4
supplied,4
visibility,4
sq,4
assyria,4
duwari,4
luran,4
desertion,4
localized,4
labor,4
village,4
hierarchy,4
characteristic,4
channels,4
compared,4
obscure,4
flux,4
his,4
how,4
remain,4
subsistence,4
importance,4
certain,4
arbor,4
support,4
elsewhere,4
problems,4
trajectories,4
tucker,4
burial,4
applied,4
sparse,4
future,4
apparent,4
mitteilungen,4
loss,4
overview,4
obscured,4
pratiques,4
away,4
regions,4
interregional,4
suggest,4
order,4
contrast,4
massive,4
second,4
proxy,4
subject,4
still,4
surveyed,4
habur,4
others,4
analytical,4
lack,4
limit,4
occupations,4
classical,4
variation,4
behind,4
do,4
present,4
increases,4
ur,4
existing,4
practice,4
mill,4
degree,4
remained,4
palestine,4
extended,4
lost,4
upon,4
desert,4
salabikh,4
prospection,4
archéologique,4
trend,4
described,4
publication,4
recognize,4
times,4
flood,4
spread,4
britain,4
grain,4
we,4
quarter,4
sur,4
space,4
who,4
millennia,4
transformation,4
akkad,4
empires,4
dans,4
construction,4
fall,4
kouchoukos,4
anthropological,4
associated,4
following,4
intensification,4
reconnaissance,4
sherds,4
here,4
der,4
natural,4
rainfall,4
current,4
whether,4
terms,4
imperial,4
suggests,4
emphasis,4
locations,4
numerous,4
archaeologica,4
denser,4
nucleation,4
debate,4
texts,4
nippur,4
focus,4
final,3
limits,3
way,3
ninevite,3
fortified,3
adoption,3
mountains,3
mandali,3
contemporaneous,3
becoming,3
trace,3
before,3
cultivable,3
themes,3
negative,3
certainly,3
ceramically,3
topographic,3
questions,3
evolution,3
syrie,3
kilometers,3
rapid,3
au,3
tabqa,3
height,3
take,3
subsequent,3
patterned,3
traditionelles,3
recorded,3
gaps,3
sought,3
exception,3
holocene,3
geomorphological,3
alignments,3
southwestern,3
explained,3
estimating,3
component,3
spectrum,3
mm,3
biblicus,3
attested,3
application,3
given,3
spans,3
voids,3
perspective,3
response,3
young,3
dates,3
publications,3
compare,3
find,3
drawn,3
phases,3
mexico,3
ajij,3
across,3
seleucid,3
jebel,3
matched,3
means,3
clearly,3
just,3
baghdad,3
air,3
numbers,3
impact,3
geyer,3
ibrahim,3
origins,3
liere,3
methodology,3
neighboring,3
hinterland,3
intensity,3
dispersal,3
suffered,3
wealth,3
required,3
networks,3
impression,3
technical,3
received,3
los,3
london,3
beginnings,3
falling,3
border,3
surrounding,3
artifact,3
presented,3
visible,3
dependent,3
provided,3
francais,3
belgium,3
led,3
frontier,3
catchment,3
overall,3
hollows,3
southeast,3
interpretation,3
lloyd,3
monchambert,3
makes,3
under,3
chronology,3
complementary,3
infrastructure,3
transformations,3
wright,3
geländebegehung,3
reports,3
tall,3
routes,3
gain,3
bartl,3
pressure,3
crop,3
urbanized,3
sumerian,3
took,3
monographs,3
dilbat,3
explicitly,3
valleys,3
demonstrated,3
classes,3
explanation,3
recover,3
virtually,3
products,3
dating,3
kilometer,3
sherd,3
historic,3
urbanism,3
gateway,3
curve,3
played,3
practiced,3
become,3
availability,3
geography,3
seasons,3
kurban,3
relationship,3
inhabitants,3
detailed,3
masca,3
diagnostic,3
moister,3
school,3
paléorient,3
complexity,3
continues,3
indicate,3
cuneiform,3
physical,3
darwin,3
sustained,3
readily,3
global,3
sampling,3
down,3
distinctive,3
recherche,3
combined,3
problem,3
fully,3
haditha,3
occasionally,3
circumstances,3
orbis,3
role,3
domaine,3
administration,3
mosul,3
conventional,3
qualitative,3
goals,3
varied,3
paleorient,3
sinjar,3
camps,3
approximately,3
integrated,3
need,3
batman,3
nomadism,3
potential,3
valuable,3
umm,3
maximum,3
entire,3
limes,3
southeastern,3
archäologische,3
mounbateh,2
does,2
archives,2
anatolian,2
inaccurate,2
administered,2
berkeley,2
extend,2
kur,2
determine,2
compensated,2
utility,2
germany,2
needed,2
replaced,2
true,2
ankara,2
kassite,2
di,2
postprocessual,2
berytus,2
nord,2
former,2
undertaken,2
géographique,2
total,2
oates,2
mcclellan,2
test,2
warburton,2
inhibited,2
valle,2
medieval,2
path,2
military,2
might,2
capital,2
nature,2
editions,2
definition,2
attractive,2
text,2
twenty,2
great,2
differences,2
röllig,2
origin,2
revisions,2
material,2
farther,2
bazar,2
real,2
feature,2
berlin,2
chiefdoms,2
normal,2
vallée,2
declines,2
attempted,2
peuplement,2
circuits,2
cherry,2
wetter,2
depending,2
cizre,2
espace,2
key,2
av,2
heterarchy,2
mass,2
porter,2
prior,2
determined,2
marked,2
soils,2
clear,2
say,2
except,2
nato,2
reflecting,2
dynamic,2
framework,2
ranked,2
includes,2
reservoir,2
orientforschung,2
relationships,2
accuracy,2
orients,2
quality,2
unpublished,2
terraces,2
expected,2
manuring,2
progressive,2
elements,2
architectural,2
transitional,2
patchiness,2
truly,2
details,2
savage,2
capitals,2
archiv,2
philadelphia,2
essential,2
operations,2
act,2
reimer,2
variable,2
angeles,2
district,2
wealthbased,2
explicit,2
notion,2
completely,2
represented,2
probability,2
connected,2
à,2
enabled,2
lay,2
von,2
fade,2
peabody,2
coconut,2
monumental,2
affect,2
prehistory,2
locally,2
possibly,2
raqqa,2
sheer,2
argued,2
quarters,2
freiburg,2
segmentary,2
view,2
dispersion,2
plausibly,2
antiquaries,2
concentration,2
declined,2
societies,2
balih,2
appearance,2
histories,2
accommodated,2
warka,2
access,2
out,2
objectives,2
events,2
relate,2
subartu,2
euphrat,2
vigorous,2
initial,2
attained,2
wattenmaker,2
marni,2
academic,2
equally,2
reviews,2
aspects,2
soviet,2
ceramics,2
cannot,2
asi,2
occidentale,2
wide,2
public,2
gained,2
having,2
basis,2
line,2
formerly,2
hydraulic,2
archaeologist,2
del,2
knowledge,2
description,2
lyonnet,2
whole,2
literature,2
postulated,2
issues,2
densely,2
actually,2
karababa,2
manifestation,2
refuse,2
subtle,2
excavated,2
nasr,2
spatially,2
buildings,2
hardly,2
drier,2
stage,2
tested,2
fallow,2
sharp,2
orient,2
textual,2
belt,2
eidem,2
soil,2
components,2
temporary,2
investigations,2
peak,2
climate,2
methodological,2
titrish,2
und,2
chuera,2
moved,2
samarra,2
span,2
approximate,2
demand,2
reduced,2
comparative,2
reduce,2
intensively,2
whatever,2
expanded,2
comments,2
initially,2
outer,2
hitherto,2
nahrawan,2
religious,2
synchronous,2
carchemish,2
deflated,2
represents,2
polities,2
falls,2
light,2
culture,2
battered,2
insights,2
patterning,2
reliance,2
vorbericht,2
surveyors,2
sketch,2
underway,2
mound,2
walled,2
power,2
stated,2
toward,2
addition,2
added,2
millénaires,2
whitmore,2
cultivated,2
fact,2
locational,2
étal,2
hollow,2
riverine,2
foods,2
morandi,2
compound,2
highlands,2
appeared,2
relict,2
enable,2
banks,2
farming,2
doubt,2
discussed,2
forms,2
paris,2
model,2
developing,2
establish,2
income,2
necessary,2
paired,2
moyenne,2
abbasid,2
original,2
gesellschaft,2
fiscal,2
investment,2
discussion,2
mounded,2
indiana,2
background,2
chronologies,2
assessment,2
lake,2
sufficiently,2
declassified,2
entirely,2
asian,2
complement,2
prevailed,2
largely,2
operated,2
assumption,2
exhibited,2
rare,2
recovery,2
falconer,2
jacobsen,2
netherlands,2
alaziz,2
biblical,2
achieved,2
points,2
dominated,2
verdant,2
characterized,2
like,2
distinction,2
dry,2
administrative,2
outside,2
maison,2
eba,2
radiate,2
structure,2
resettlement,2
slightly,2
equivalent,2
opposite,2
attention,2
höyüks,2
division,2
cereals,2
increasing,2
genesis,2
things,2
primate,2
chatal,2
visits,2
perspectives,2
fairly,2
movements,2
ecological,2
types,2
lines,2
insufficient,2
tübinger,2
directions,2
contribution,2
sequences,2
vallee,2
dietrich,2
covering,2
life,2
directorate,2
antiquities,2
ebb,2
verhoeven,2
earliest,2
taphonomic,2
orientalis,2
rises,2
rolling,2
reliant,2
underpinned,2
extending,2
demonstrate,2
known,2
precise,2
jemdet,2
alternative,2
outcome,2
flow,2
control,2
adiyaman,2
nissen,2
tandem,2
intrusion,2
eventually,2
iii,2
sustaining,2
jezireh,2
u,2
works,2
type,2
advances,2
better,2
game,2
transfers,2
selected,2
rising,2
nearby,2
lengths,2
theory,2
northeastern,2
shortfalls,2
extent,2
while,2
choga,2
foundations,2
attaining,2
dark,2
chagar,2
migrations,2
explored,2
villes,2
hassuna,2
almost,2
underrepresent,2
personal,2
nineveh,2
uniform,2
iiie,2
practices,2
die,2
postgate,2
transition,2
assumptions,2
exceeded,2
programs,2
arguments,2
phenomenon,2
aims,2
fiume,2
ein,2
subtlety,2
remarks,2
question,2
survival,2
recording,2
istanbul,2
differentiation,2
biennial,2
initiated,2
intensified,2
functions,2
morphological,2
appropriate,2
crisis,2
grown,2
constructed,2
defined,2
hammar,2
extremely,2
association,2
rosenberg,2
roughly,2
comparison,2
assumed,2
point,2
views,2
spectral,2
cross,2
ca,2
occur,2
arizona,2
raqai,1
huphrates,1
teils,1
ini,1
gis,1
entities,1
westgazira,1
underrepresenting,1
currently,1
rate,1
compares,1
o,1
killick,1
provisioning,1
paralleled,1
manured,1
metal,1
fär,1
conflicting,1
fertile,1
implying,1
tìshrin,1
names,1
korean,1
revue,1
correlations,1
forschung,1
designated,1
indistinct,1
represent,1
affected,1
extreme,1
asor,1
höyük,1
episodes,1
offset,1
ruralism,1
methodologies,1
garzan,1
alone,1
zettler,1
nouvelle,1
epipalaeolithic,1
conquête,1
manuscript,1
numerical,1
sol,1
overland,1
elementary,1
engineered,1
touched,1
conflicts,1
banesh,1
enhance,1
essays,1
reassessment,1
prime,1
stone,1
shams,1
cours,1
sheffield,1
ma,1
four,1
catastrophe,1
linkages,1
authority,1
ruralization,1
constitutes,1
derivative,1
warfare,1
reflexions,1
nuts,1
peeters,1
inhibits,1
bias,1
harran,1
antioch,1
blaylock,1
favor,1
considerations,1
descriptive,1
abbasids,1
tied,1
tempered,1
policy,1
justified,1
equated,1
harmony,1
organic,1
unlike,1
pasture,1
behavior,1
mureybit,1
cornell,1
archaeobiology,1
bp,1
aula,1
système,1
buffer,1
khan,1
revision,1
oaks,1
corresponding,1
annals,1
distilled,1
updated,1
properties,1
contexts,1
aménagements,1
contained,1
consistent,1
synonymous,1
functioning,1
gravity,1
upland,1
hellenistischer,1
géographie,1
modest,1
hence,1
frankfurt,1
piotr,1
pervasive,1
deterministic,1
repertoire,1
taken,1
restoration,1
concentrated,1
vols,1
mudbrick,1
season,1
attempt,1
actual,1
méthodologie,1
emerged,1
hijara,1
insediamento,1
seems,1
hauling,1
sustainable,1
tra,1
damaged,1
hatra,1
layout,1
regrettable,1
reach,1
limb,1
colloques,1
capitalist,1
ofsumerian,1
individuals,1
multicomponent,1
assess,1
belong,1
advantage,1
together,1
estimation,1
simple,1
ben,1
thank,1
imported,1
potentially,1
wave,1
analyses,1
rich,1
follows,1
spaced,1
dominantly,1
found,1
able,1
réflexions,1
link,1
reveal,1
generalizations,1
room,1
hunting,1
argue,1
espaces,1
nonmoneterized,1
deemed,1
faunal,1
help,1
developmental,1
failures,1
clutter,1
underutilized,1
teamed,1
emphasized,1
precisely,1
cling,1
robert,1
reworking,1
reminiscent,1
classified,1
decreased,1
cereal,1
ambiguous,1
saddam,1
haburin,1
guillermo,1
context,1
el,1
theoretical,1
departures,1
issue,1
takes,1
discontinuities,1
dearth,1
moisture,1
harvest,1
iie,1
autonomous,1
albeit,1
glushko,1
primary,1
iv,1
demography,1
alcock,1
approximations,1
earth,1
urbanes,1
ironica,1
steinkeller,1
uneven,1
capable,1
implies,1
compelling,1
arising,1
ucino,1
wag,1
prehispanic,1
gazira,1
establishing,1
gritille,1
conspired,1
bibliography,1
prove,1
sumerians,1
potts,1
countered,1
obvious,1
dewar,1
disadvantage,1
mongol,1
combination,1
variations,1
maybe,1
establishment,1
resources,1
quantity,1
cited,1
realistic,1
anticipated,1
constrained,1
considerably,1
photographic,1
promises,1
against,1
interact,1
ritual,1
fales,1
minimum,1
beneath,1
bibliotheca,1
teknt,1
zonation,1
undergone,1
holland,1
deserted,1
plowed,1
collection,1
sign,1
reassessments,1
evaluating,1
fertilized,1
stress,1
mid,1
usage,1
tribute,1
multilevel,1
relies,1
goal,1
multidimensional,1
deux,1
systemic,1
apex,1
lowertots,1
frustratingly,1
historically,1
immediate,1
neighbor,1
marshes,1
precipitous,1
visited,1
assumes,1
software,1
fondezioni,1
corner,1
danube,1
arable,1
perennial,1
ability,1
zentrum,1
giardini,1
relations,1
elegantly,1
te,1
santa,1
occurs,1
veneer,1
partie,1
cf,1
encyclopedia,1
geometry,1
hatraarea,1
priority,1
judaidah,1
jahrtausends,1
cases,1
tishreen,1
drainage,1
uch,1
secondand,1
umayyad,1
jabbul,1
interim,1
epoca,1
burgeoning,1
simpson,1
refer,1
machines,1
difficulty,1
plotting,1
druckerei,1
lineage,1
levantine,1
egypt,1
anshan,1
historischarchaeologische,1
continuous,1
effective,1
witnessed,1
misleading,1
edinburgh,1
diagnostics,1
stratigraphie,1
undertaking,1
sweyhat,1
arab,1
explore,1
y,1
gil,1
prospections,1
consequently,1
communication,1
spite,1
processual,1
storica,1
resolutions,1
oversimplify,1
wet,1
appreciated,1
pennsylvania,1
disruptions,1
departed,1
longterm,1
recherches,1
crawford,1
generation,1
transactions,1
nuanced,1
adjust,1
unfortunate,1
slumped,1
depths,1
festschrift,1
todocranhv,1
focused,1
biosphere,1
typified,1
smoothed,1
wiesbaden,1
lesser,1
drained,1
deportees,1
foot,1
hypothèses,1
limititations,1
breaking,1
via,1
eines,1
coordinated,1
eski,1
manipulated,1
evaluates,1
dangerously,1
whose,1
reflects,1
genuinely,1
orientale,1
lud,1
statements,1
reeds,1
counterbalanced,1
generations,1
nippurabu,1
influenced,1
posits,1
lba,1
appreciation,1
uncultivated,1
realistically,1
revenues,1
cartographie,1
presentation,1
sanlaville,1
deliberately,1
geografia,1
vs,1
contour,1
urukeen,1
proportion,1
supplement,1
stops,1
se,1
nuove,1
adjustments,1
rose,1
derived,1
asia,1
recently,1
akkadians,1
plots,1
safar,1
contributions,1
stability,1
danger,1
bohlan,1
echoed,1
uncertainties,1
ludwig,1
summarized,1
chemins,1
quarderni,1
ammerman,1
moves,1
palaeoenvironment,1
references,1
arid,1
pernicious,1
solutions,1
distinct,1
désert,1
finer,1
loon,1
ct,1
marks,1
patchwork,1
varying,1
prospección,1
objects,1
statistical,1
established,1
proche,1
kohlmeyer,1
imposing,1
image,1
specialization,1
beaded,1
organized,1
fertilizer,1
slowly,1
emergence,1
dated,1
abuses,1
presumably,1
sum,1
moderately,1
informe,1
ideologies,1
squares,1
placed,1
kazi,1
hierarchically,1
recycling,1
too,1
orientation,1
supplementary,1
commonly,1
operate,1
experienced,1
delta,1
equivalents,1
resource,1
additional,1
albuquerque,1
follow,1
connecting,1
drought,1
inputs,1
organisation,1
avert,1
comparisons,1
croisée,1
preferably,1
belgian,1
plenum,1
hariri,1
gebiet,1
shifted,1
internal,1
bolts,1
photos,1
etude,1
provisional,1
dug,1
coincide,1
suggested,1
drawing,1
dc,1
thrust,1
reflections,1
conquest,1
radial,1
hours,1
opening,1
arrived,1
standards,1
closely,1
advance,1
acceptable,1
identifying,1
underrepresented,1
plateau,1
abated,1
allow,1
bearing,1
zeit,1
downstream,1
method,1
nevertheless,1
critically,1
combinations,1
attrition,1
subunits,1
effort,1
conspicuous,1
changed,1
autour,1
recalculations,1
destined,1
criticisms,1
primacy,1
requirements,1
dispute,1
pioneer,1
taurus,1
territorio,1
approximation,1
qermiz,1
arsenal,1
base,1
representative,1
term,1
big,1
arranged,1
fluxes,1
fourth,1
ranking,1
understood,1
though,1
deficits,1
let,1
cuts,1
nel,1
war,1
circular,1
levees,1
tools,1
default,1
viewed,1
inventory,1
fluvial,1
serie,1
prairietype,1
historicalarchaeological,1
otherwise,1
arabe,1
yield,1
explain,1
dumbarton,1
lidar,1
princeton,1
criteria,1
briefly,1
climatically,1
urbanisation,1
failure,1
directly,1
lebanon,1
invisible,1
degrees,1
seminal,1
alrafidain,1
planning,1
overviews,1
nederlands,1
underrepresentation,1
syrienne,1
bernbeck,1
investigated,1
tool,1
ideal,1
girsu,1
locus,1
nearest,1
floodplain,1
concept,1
heavily,1
marsh,1
corona,1
civilisation,1
norm,1
nella,1
reduction,1
clearer,1
confined,1
indigenous,1
homeland,1
routinely,1
wittfogel,1
aériennes,1
precipitated,1
gave,1
describe,1
besiedlung,1
database,1
policies,1
specialized,1
suppliers,1
figures,1
morony,1
structures,1
runs,1
fringing,1
perishable,1
ßr,1
larsa,1
documented,1
justification,1
schwartz,1
subdivide,1
floors,1
il,1
systematic,1
showing,1
status,1
own,1
racts,1
memoirs,1
relative,1
foci,1
citing,1
ò,1
quarterly,1
expended,1
published,1
sopotamian,1
thiesson,1
eine,1
instituut,1
yardimci,1
successful,1
upheavals,1
bouts,1
lowest,1
distances,1
eridu,1
theoretically,1
straight,1
semitic,1
trading,1
gezira,1
quite,1
family,1
replenished,1
ausgraben,1
transport,1
mineral,1
finkelstein,1
driving,1
wider,1
concerns,1
highly,1
grow,1
mitanni,1
disaster,1
irrigate,1
mi,1
pedestalled,1
survev,1
beiträge,1
arameans,1
tended,1
altogether,1
tens,1
gradient,1
always,1
su,1
stratigraphy,1
tracks,1
progress,1
clower,1
st,1
problèmes,1
basse,1
besançon,1
versoins,1
pa,1
paid,1
poorly,1
roots,1
tenaciously,1
enormously,1
structured,1
diminished,1
steppes,1
value,1
newly,1
fuad,1
upcast,1
plateaux,1
rest,1
activities,1
avoid,1
kirkbride,1
biqa,1
unidimensional,1
critical,1
kapport,1
oriente,1
questioned,1
noteworthy,1
republic,1
situation,1
annum,1
implications,1
kazane,1
onset,1
advocate,1
detected,1
materials,1
resettled,1
abovementioned,1
contended,1
gather,1
rule,1
ans,1
short,1
gradual,1
expansion,1
inferential,1
administer,1
limited,1
bis,1
corporation,1
return,1
address,1
argues,1
brief,1
forward,1
investments,1
merits,1
interdependence,1
inhibit,1
alba,1
decade,1
constraints,1
warminster,1
formative,1
reappraisal,1
habité,1
controls,1
indicates,1
interactions,1
movement,1
modes,1
frühislamische,1
redistributing,1
spate,1
adnan,1
direction,1
afar,1
selection,1
positive,1
pastoralists,1
single,1
resilient,1
islamiques,1
corpus,1
applications,1
pastures,1
postdates,1
contributing,1
chr,1
punctuations,1
fringe,1
examined,1
tremendous,1
coverage,1
translocations,1
ruinen,1
acknowledgments,1
serve,1
khorsabad,1
array,1
chuëra,1
windows,1
frameworks,1
ne,1
menbij,1
boundary,1
differentiate,1
anthropologique,1
tax,1
quarries,1
transects,1
aux,1
shifting,1
boeotia,1
unproven,1
accelerated,1
flight,1
robust,1
belonging,1
industrial,1
illustrated,1
visitors,1
isin,1
accidental,1
tellbased,1
hearth,1
rome,1
functioned,1
diebold,1
stones,1
evolve,1
picture,1
assessmment,1
useful,1
recycled,1
resolution,1
museums,1
successfully,1
precocious,1
westward,1
law,1
heritage,1
onwards,1
pfalzner,1
palm,1
haute,1
varies,1
aziz,1
kapru,1
flat,1
gentle,1
missing,1
husbandry,1
shows,1
naive,1
leading,1
ghent,1
contrasts,1
conduct,1
underestimated,1
northedge,1
blocks,1
occurrence,1
herder,1
travaux,1
pastoralism,1
complementing,1
broken,1
predominant,1
disturbed,1
kendall,1
als,1
manifested,1
qseir,1
infectious,1
incorporation,1
surfaces,1
fars,1
bassa,1
debates,1
contemporary,1
substantially,1
golden,1
distributions,1
flocks,1
arguably,1
man,1
pairing,1
override,1
lvons,1
excluding,1
depopulation,1
channel,1
anthropologist,1
never,1
hand,1
privatization,1
covered,1
operating,1
ras,1
innovative,1
secular,1
devoted,1
purposes,1
superimposed,1
archaeobotanical,1
capricious,1
coarse,1
timing,1
wanden,1
hinterlands,1
suburb,1
strategies,1
coincided,1
unanticipated,1
sluggish,1
sw,1
deportations,1
favorable,1
sonuclari,1
disparity,1
deep,1
bervtus,1
hadithadam,1
fieldwork,1
über,1
fornirai,1
impoverished,1
hydroagricoles,1
gives,1
harnessed,1
reflected,1
dots,1
day,1
mcguire,1
multidisciplinary,1
northwestern,1
pindar,1
entity,1
another,1
sir,1
phenomenological,1
grouping,1
redman,1
commercialized,1
recognizing,1
analyzed,1
private,1
greatest,1
exhibit,1
dukan,1
vast,1
khanijdal,1
rio,1
displayed,1
disease,1
examples,1
treated,1
apogee,1
comprise,1
baîih,1
rivey,1
renders,1
kaftari,1
helps,1
leuren,1
multistage,1
trajectory,1
reichart,1
transformed,1
including,1
parameter,1
previously,1
terqa,1
deserts,1
manifestations,1
ucla,1
interrelation,1
mosaic,1
louis,1
concern,1
food,1
persisted,1
realtà,1
darà,1
factor,1
causes,1
manipulation,1
sequence,1
ideas,1
harvard,1
extraordinarily,1
akkermans,1
comprehensively,1
welldeveloped,1
pack,1
kingdom,1
discontinuity,1
engaged,1
mcclellen,1
nothing,1
supposition,1
prevail,1
geomorphologie,1
previous,1
literate,1
rcp,1
outpost,1
california,1
synthetic,1
continuities,1
underwent,1
salabikhabu,1
subsurface,1
open,1
crises,1
landsat,1
discovered,1
loosely,1
remaining,1
reality,1
emphasizing,1
adding,1
grew,1
comprehensive,1
dibsi,1
ottoman,1
amounts,1
decayed,1
pin,1
resultant,1
individual,1
symposium,1
defensive,1
allowed,1
started,1
supplying,1
impelled,1
function,1
abdulamir,1
inadequacies,1
barrage,1
stages,1
lie,1
ahmed,1
unsettled,1
configurations,1
accurate,1
probable,1
tangible,1
prolonged,1
black,1
abundant,1
class,1
sürük,1
vobericht,1
miami,1
favored,1
migrants,1
random,1
comparing,1
honorem,1
nahr,1
polygons,1
seductively,1
parallel,1
indicator,1
editors,1
relation,1
geographers,1
assessing,1
respectively,1
propos,1
scales,1
shallow,1
deliberate,1
effect,1
citadel,1
assigning,1
comfortably,1
capabilities,1
implication,1
analyze,1
greece,1
italy,1
looked,1
attracted,1
conducting,1
né,1
tapped,1
irrevocably,1
upstream,1
anchored,1
joint,1
caution,1
limites,1
anatolia,1
sociopolitical,1
immigration,1
semiautonomous,1
convincingly,1
widely,1
overlooked,1
anatomy,1
clusters,1
kranzhugeln,1
revolution,1
yields,1
neely,1
vaughn,1
depressed,1
topography,1
circulaires,1
me,1
frühjahr,1
violation,1
today,1
frictional,1
publishing,1
note,1
twelth,1
equals,1
insubstantial,1
supporting,1
mixture,1
mckerrell,1
crucial,1
erase,1
foreign,1
muted,1
hectare,1
tepe,1
ministry,1
mba,1
arabia,1
obscuring,1
estimate,1
rough,1
flowed,1
rencontre,1
employment,1
cnrs,1
deurbanization,1
institutions,1
monuments,1
forming,1
kish,1
collections,1
yale,1
force,1
returned,1
transjordan,1
effectively,1
interplay,1
darbandi,1
sandwiched,1
rapidly,1
why,1
frühislamischer,1
literacy,1
mounds,1
existed,1
incl,1
united,1
hope,1
surprising,1
kranzhugel,1
début,1
alu,1
kazana,1
equaled,1
subdivided,1
centres,1
measured,1
instances,1
get,1
polarize,1
examine,1
oppenheim,1
achaemenids,1
intermittent,1
uso,1
articles,1
maslennikova,1
problematic,1
interpretive,1
mud,1
blurred,1
thick,1
photographs,1
door,1
antiquites,1
léon,1
detail,1
quantitatively,1
fertility,1
orientalia,1
ofthat,1
wars,1
caliphal,1
rarely,1
mcdonald,1
lateassyrian,1
relates,1
fronds,1
aris,1
slipped,1
regrettably,1
civilizations,1
conclusion,1
refute,1
exemplified,1
roux,1
throw,1
founded,1
khuzistan,1
mallowan,1
detect,1
droughts,1
damaszener,1
mãhidasht,1
copeland,1
cliché,1
heartlands,1
organizational,1
neo,1
integrative,1
milieu,1
lauffray,1
excess,1
situées,1
synthesizes,1
unadjusted,1
owing,1
country,1
eclipse,1
languages,1
cultures,1
spontaneous,1
steven,1
neglected,1
extraction,1
sizes,1
setting,1
branches,1
exploration,1
seem,1
authorities,1
multiperiod,1
unknown,1
togul,1
pragmatic,1
editrice,1
sargon,1
dur,1
expense,1
basins,1
constructions,1
universal,1
amurru,1
post,1
foundation,1
tavo,1
alternatively,1
losses,1
reliability,1
linked,1
obviously,1
mesopotamiac,1
infer,1
keos,1
benefit,1
constant,1
past,1
enlarged,1
meager,1
sajur,1
gerber,1
truthing,1
katlimmu,1
rubeideh,1
davidson,1
keban,1
places,1
turned,1
porada,1
datation,1
subordinate,1
birecik,1
animal,1
id,1
noise,1
unattractive,1
thanked,1
fled,1
trajan,1
explanations,1
catastrophic,1
probabilistic,1
preexisting,1
falkner,1
carefully,1
investigation,1
tying,1
aiding,1
namely,1
degradation,1
supports,1
particular,1
résultats,1
citystate,1
noticeable,1
add,1
maintain,1
seasonal,1
sasanidische,1
remove,1
interval,1
ceased,1
databases,1
shortages,1
palmieri,1
lowdensity,1
inflow,1
waters,1
poidebard,1
sheikh,1
periphery,1
pursued,1
moyen,1
mechanistic,1
région,1
observations,1
missed,1
scenarios,1
contain,1
interprétation,1
matrix,1
deflation,1
jordan,1
resurrecting,1
nj,1
pixel,1
miscellanea,1
outline,1
internationaux,1
ownership,1
probing,1
sennacherib,1
incorporating,1
documentary,1
dams,1
multiple,1
aggradation,1
nomads,1
spurious,1
introduced,1
courses,1
confirm,1
press,1
topsoil,1
diachronie,1
variability,1
african,1
giving,1
circulations,1
situated,1
spending,1
acute,1
halarían,1
contribute,1
alternating,1
unitary,1
préliminaire,1
devolution,1
quantifiable,1
headwaters,1
ih,1
neglect,1
comprised,1
venice,1
turkish,1
aurei,1
prepared,1
generale,1
syrien,1
buying,1
wild,1
enthusiasm,1
magzalliyah,1
shown,1
butterlin,1
conducive,1
birth,1
fullcoverage,1
notes,1
cas,1
disappear,1
disposal,1
detection,1
ny,1
illinois,1
web,1
frülslamische,1
recovering,1
jawa,1
aqueduct,1
aware,1
refraction,1
geoarchaeological,1
wish,1
djéziré,1
course,1
applicable,1
millénaire,1
instead,1
typically,1
define,1
enabling,1
manufacture,1
urukarea,1
notions,1
badra,1
scalar,1
crossed,1
regular,1
already,1
effects,1
retrieval,1
arides,1
baghdader,1
eastc,1
kuhne,1
speak,1
saarbriicker,1
sides,1
summary,1
anonymous,1
needs,1
caveats,1
offered,1
specific,1
searching,1
occurring,1
pioneering,1
best,1
taking,1
tribes,1
themselves,1
semisedentary,1
quibble,1
sectors,1
transitory,1
conceptual,1
contrasting,1
enterprise,1
exclusively,1
kim,1
eloquently,1
adopted,1
traditional,1
counts,1
among,1
umgebung,1
sedimentary,1
statement,1
building,1
successive,1
fertilization,1
built,1
roles,1
draft,1
dt,1
coworkers,1
depended,1
bce,1
links,1
