WORDCOUNTS,WEIGHT
the,813
of,596
and,525
in,363
a,197
de,167
pp,147
for,141
caribbean,136
to,125
m,108
puerto,102
proceedings,100
international,96
p,93
congress,92
archaeology,84
that,75
on,74
j,72
historical,69
san,68
spanish,66
from,66
y,61
at,54
museum,54
university,53
la,53
rico,50
barbados,49
el,46
association,46
is,45
fourteenth,45
d,45
west,43
as,43
l,42
estudios,40
centro,40
fifteenth,39
were,39
avanzados,39
by,38
island,37
e,37
was,37
s,35
r,34
indian,32
first,31
k,31
archaeological,31
native,30
new,28
with,28
are,27
taino,27
st,26
an,26
this,25
f,25
columbus,25
c,25
have,24
has,23
contact,23
press,23
g,22
w,22
h,21
which,21
en,20
prehistoric,20
b,20
town,19
journal,18
del,18
keegan,18
research,18
culture,18
american,17
n,17
these,17
be,17
their,16
also,16
been,16
early,16
t,15
site,15
most,15
cultural,15
caribs,15
real,15
colonial,15
antilles,15
between,15
sites,14
et,14
tainos,14
indies,14
european,14
recent,14
other,13
his,13
los,13
pottery,13
world,13
salvador,13
bahamas,13
who,13
carib,13
veloz,12
i,12
islands,12
or,12
anthropology,12
las,12
des,12
hispaniola,12
they,11
studies,11
but,11
it,10
lesser,10
lucayan,10
people,10
field,10
society,10
more,10
period,10
not,10
peoples,10
one,9
history,9
archaeologists,9
investigations,9
santo,9
bahamian,9
smithsonian,9
study,9
perspectives,9
social,9
use,9
wolves,8
america,8
review,8
no,8
prehistory,8
age,8
readings,8
called,8
because,8
florida,8
preliminary,8
domingo,8
jamaica,8
ceramic,8
name,8
region,8
netherlands,8
christopher,8
institution,8
eustatius,8
both,8
into,7
du,7
materials,7
central,7
borderlands,7
contributions,7
had,7
landfall,7
volume,7
time,7
questions,7
ethnic,7
after,7
kitlv,7
me,7
juan,7
analysis,7
report,7
although,7
gainesville,7
groups,6
identity,6
there,6
chiefdoms,6
dd,6
excavations,6
fort,6
ceramics,6
columbian,6
population,6
used,6
its,6
data,6
ethnohistoric,6
long,6
he,6
identified,6
ccfl,6
saladoid,6
two,6
only,6
present,6
see,6
including,6
fundación,6
sanoja,6
language,6
wreck,6
often,6
series,6
colonization,6
cultures,6
descriptions,6
molasses,6
national,6
evidence,6
off,6
haiti,6
o,5
names,5
ana,5
decade,5
address,5
case,5
such,5
prior,5
some,5
pantel,5
bay,5
perspective,5
oxford,5
arqueología,5
important,5
greater,5
aspects,5
well,5
indigenous,5
settlement,5
coast,5
indians,5
south,5
scientific,5
montserrat,5
voyage,5
rock,5
documents,5
criollo,5
material,5
reconstructing,5
made,5
vertebrate,5
separate,5
bulletin,5
united,5
natural,5
petitjean,5
revista,5
americas,5
ships,5
much,5
major,5
final,4
later,4
complex,4
modern,4
before,4
variety,4
being,4
cacicazgos,4
all,4
shipwrecks,4
wooden,4
carnegie,4
styles,4
written,4
those,4
british,4
diario,4
preceramic,4
point,4
aruba,4
along,4
regarding,4
initial,4
ethnohistorical,4
old,4
casas,4
vincent,4
than,4
jr,4
reef,4
may,4
york,4
developed,4
subsistence,4
changes,4
organization,4
based,4
arrival,4
search,4
spécial,4
recently,4
universidad,4
artifacts,4
part,4
petroglyphs,4
artifact,4
change,4
excavated,4
least,4
transculturation,4
presence,4
decline,4
amerindian,4
yet,4
reports,4
golden,4
v,4
paris,4
venezuela,4
como,4
antropológica,4
eleventh,4
discovered,4
three,4
historic,4
histórica,4
so,4
ethnohistory,4
note,4
bureau,4
numéro,4
cuba,4
vargas,4
transformation,4
antiquity,4
caribe,4
exploration,4
domestic,4
foundation,4
very,4
past,4
phd,4
problem,4
while,4
colonists,4
institute,4
original,4
art,4
through,4
african,4
remains,4
debate,4
views,4
element,4
valley,4
república,4
among,4
guadeloupe,3
presses,3
linguistic,3
center,3
mounted,3
stone,3
approaches,3
western,3
mainland,3
annals,3
trants,3
isla,3
implications,3
taken,3
religion,3
context,3
recorded,3
significance,3
cannibals,3
development,3
sp,3
elements,3
developments,3
even,3
henige,3
how,3
una,3
direct,3
animals,3
accounts,3
dominican,3
les,3
latin,3
four,3
plenum,3
view,3
came,3
route,3
demise,3
begun,3
amsterdam,3
effort,3
diet,3
late,3
public,3
basis,3
contexts,3
brought,3
literature,3
overview,3
during,3
editorial,3
issues,3
beads,3
call,3
plurality,3
attributed,3
encounters,3
working,3
le,3
guns,3
appropriate,3
isabela,3
ostionoid,3
will,3
critical,3
led,3
foragers,3
economic,3
anniversary,3
still,3
linguistically,3
inhabited,3
critiques,3
scholars,3
caciques,3
diverse,3
distributions,3
anthropologist,3
patterns,3
geography,3
shipwreck,3
where,3
strategies,3
number,3
locations,3
simon,3
understanding,3
kathleen,3
encounter,3
formal,3
contacts,3
mosaic,3
ramón,3
evolution,3
explorations,3
decorated,3
peter,3
would,3
provides,3
wrecks,3
whitehead,3
interpretations,3
ann,3
can,3
keith,3
structure,3
diano,3
conquest,3
northern,3
deagan,3
bartolomé,3
wilson,3
frontier,3
aboriginal,3
earliest,3
addressed,3
anthropological,3
conclusion,3
grand,3
theory,3
known,3
sociales,3
identities,3
just,3
living,3
macorix,3
what,3
form,3
her,3
introduced,3
variability,3
subject,3
conventional,3
underwater,3
iberian,3
question,3
wild,3
survival,3
years,3
finally,3
land,3
area,3
classification,3
assumed,3
themselves,3
interaction,3
north,3
building,3
southeastern,3
arawak,3
significant,2
page,2
prize,2
created,2
represent,2
tuscaloosa,2
resulted,2
now,2
introduction,2
settlements,2
identify,2
ethnogenesis,2
migraciones,2
occurred,2
communicating,2
khan,2
source,2
women,2
different,2
test,2
lower,2
amenndian,2
textual,2
reconstructions,2
grapes,2
creation,2
production,2
ciencias,2
vols,2
nature,2
layout,2
copy,2
could,2
differences,2
quinto,2
analyses,2
origin,2
chroniclers,2
scheme,2
date,2
raised,2
political,2
alabama,2
sophisticated,2
eastern,2
key,2
tierra,2
capacity,2
demography,2
agriculture,2
account,2
vol,2
swivel,2
bibliography,2
corre,2
reconstruction,2
tribute,2
chanlatte,2
domesticated,2
representations,2
orinoco,2
objective,2
brass,2
interest,2
santa,2
encyclopedia,2
cadiz,2
bahama,2
century,2
dominicana,2
chez,2
items,2
document,2
subjects,2
africans,2
third,2
publications,2
mirrored,2
traditions,2
aborígenes,2
descriptive,2
general,2
continuity,2
antillas,2
failed,2
genital,2
without,2
identification,2
bring,2
across,2
fray,2
landscape,2
earlier,2
navigation,2
cave,2
distant,2
discoveries,2
space,2
shell,2
colonizing,2
gids,2
colonialism,2
image,2
descent,2
clearly,2
reexamination,2
northeastern,2
lithic,2
origins,2
concerning,2
exploitation,2
method,2
avunculocal,2
ciboney,2
providing,2
caicos,2
myths,2
dc,2
ei,2
uses,2
distribution,2
societies,2
six,2
carrying,2
martyr,2
term,2
density,2
focused,2
produced,2
record,2
hulme,2
networks,2
near,2
possibility,2
colonies,2
pedro,2
guerrero,2
future,2
bc,2
london,2
apparent,2
established,2
discussions,2
contains,2
consistent,2
lifeways,2
reflect,2
rise,2
relaciones,2
lhe,2
vida,2
creating,2
saline,2
adaptive,2
thirteenth,2
stimulated,2
small,2
migration,2
concerns,2
mi,2
dramatic,2
climate,2
texas,2
huhne,2
when,2
cattle,2
finds,2
meillacoid,2
activities,2
chronological,2
cristóbal,2
units,2
van,2
various,2
matrilineal,2
exception,2
prove,2
americana,2
interactions,2
céramiques,2
turks,2
religious,2
potsherds,2
interpretation,2
customs,2
soon,2
narganes,2
evolved,2
under,2
historia,2
neither,2
antigua,2
orders,2
light,2
amazon,2
same,2
gallega,2
weapons,2
al,2
alcina,2
begins,2
regional,2
continued,2
caribeña,2
provide,2
venezolana,2
seville,2
précolombiennes,2
palm,2
others,2
academy,2
residence,2
comprehensive,2
fact,2
stories,2
stevens,2
beliefs,2
antonio,2
end,2
substantially,2
do,2
remarkable,2
nieuwe,2
accepted,2
nueva,2
bas,2
siglo,2
ecology,2
colonización,2
demonstrated,2
ine,2
discovery,2
range,2
europeans,2
food,2
approach,2
sequence,2
quincentenary,2
described,2
trade,2
quotation,2
clear,2
obtaining,2
geographically,2
mexico,2
collected,2
latter,2
oxbow,2
state,2
methods,2
relation,2
exactly,2
garcia,2
sobre,2
spain,2
maggiolo,2
ethnohistoiy,2
connections,2
conquista,2
ago,2
sur,2
attention,2
concluded,2
division,2
concepción,2
carried,2
archipelago,2
para,2
wisdom,2
five,2
antes,2
ideology,2
rim,2
eariy,2
contribution,2
bermuda,2
centuries,2
itself,2
mounds,2
malmok,2
issue,2
then,2
complexity,2
changing,2
comparison,2
banco,2
must,2
founded,2
extensive,2
cayo,2
physical,2
sujet,2
sherds,2
meat,2
dimension,2
over,2
paper,2
did,2
reflected,2
matos,2
ramos,2
pour,2
person,2
antillean,2
according,2
economy,2
unique,2
spatial,2
them,2
metaphor,2
sus,2
despite,2
admiral,2
serie,2
information,2
cosmology,2
paintings,2
culturas,2
cl,2
sea,2
city,2
carvings,2
became,2
step,2
territory,2
results,2
reconstruct,2
au,2
plana,2
sparked,2
oi,2
shown,2
mindful,2
fauna,2
salt,2
product,2
glass,2
archaic,2
blacks,2
tamos,2
substantial,2
little,2
should,2
arizona,2
fir,1
hl,1
hispaniolcl,1
entities,1
maravedí,1
amulets,1
battlefield,1
tue,1
wishful,1
caravel,1
ostionan,1
done,1
welsch,1
prefer,1
common,1
implemented,1
comparée,1
inlaid,1
tiispanioia,1
inaccurate,1
estate,1
academic,1
generated,1
commentary,1
strategy,1
úe,1
série,1
investigaciones,1
truth,1
nicaragua,1
dangers,1
extreme,1
consume,1
savonet,1
college,1
centros,1
overstated,1
northeast,1
portrayals,1
implies,1
entrecruzado,1
manitoba,1
adoption,1
ultimate,1
recueillis,1
grasses,1
notably,1
manuscript,1
contradicts,1
distributed,1
jalil,1
coastlines,1
crossing,1
per,1
large,1
needed,1
pendants,1
enduring,1
myth,1
designed,1
hull,1
word,1
formed,1
europeos,1
library,1
transcribed,1
comunidades,1
charcoal,1
english,1
withered,1
précolombinncs,1
dominica,1
unmodified,1
amérindienne,1
drawings,1
grupos,1
reœntly,1
derides,1
former,1
marcio,1
acceptance,1
reugiosiaaa,1
protection,1
geometric,1
usvi,1
excavation,1
ian,1
matan,1
total,1
guyana,1
antillanas,1
armadas,1
assisted,1
realidad,1
capsule,1
arrived,1
vivé,1
classifies,1
découvertes,1
culturelles,1
revision,1
alegría,1
chief,1
barrancas,1
suazoid,1
stowaways,1
formativas,1
negative,1
rorida,1
round,1
amérindiens,1
tamo,1
estimated,1
lsxana,1
philosophers,1
sources,1
davis,1
titles,1
revisited,1
learned,1
supposedly,1
panoplies,1
preceding,1
universitv,1
ancestries,1
ii,1
rranscuimraaon,1
ttie,1
bpamsh,1
symmetrical,1
historians,1
planting,1
caribbeanists,1
thrive,1
dominate,1
populations,1
cacica,1
utilization,1
chili,1
tgi,1
freely,1
majesty,1
departure,1
supplied,1
ranching,1
historiography,1
words,1
confirmed,1
georgia,1
possibilities,1
principles,1
sojourners,1
archaeologically,1
europe,1
goodbye,1
leading,1
daily,1
bombardeias,1
conditions,1
confusion,1
timing,1
entre,1
follows,1
mitología,1
premières,1
bos,1
ephemeral,1
habana,1
sometime,1
atlantic,1
basin,1
concludes,1
composition,1
restudied,1
court,1
uncovered,1
archipiélago,1
survey,1
previous,1
take,1
listing,1
posnansky,1
cubana,1
somewhat,1
histoncal,1
persistence,1
improved,1
inferring,1
madre,1
rudimentary,1
replicated,1
emphasized,1
buenos,1
marine,1
caribness,1
situ,1
conferencias,1
california,1
china,1
grenadines,1
discipline,1
discrete,1
louwe,1
rueño,1
hostile,1
mills,1
johns,1
corporation,1
cuenca,1
rethinking,1
papers,1
islandwide,1
contents,1
quaternary,1
incognitae,1
grenada,1
sociedad,1
evaluation,1
side,1
con,1
purslane,1
takes,1
reefs,1
forthcoming,1
garcía,1
dr,1
rations,1
cannibal,1
midsixteenth,1
espace,1
chronicled,1
motion,1
bones,1
kamon,1
u,1
rests,1
artiiacts,1
llie,1
avenir,1
phjx,1
mythology,1
replacement,1
possible,1
politics,1
compelling,1
ordinances,1
nativité,1
omissions,1
activity,1
ball,1
prehispanic,1
paucity,1
soils,1
î,1
chicoid,1
storrs,1
petroglyph,1
october,1
magazine,1
uuadeloupe,1
suny,1
stratigraphy,1
archaeologicalanthropological,1
archipelagos,1
processes,1
far,1
timothy,1
resources,1
selecting,1
uncertain,1
cited,1
bottom,1
genetic,1
anticipated,1
himself,1
jettisoned,1
economies,1
identifies,1
unrecorded,1
franch,1
pursuit,1
sweet,1
wrecked,1
toi,1
collection,1
clase,1
crystallized,1
detectives,1
funciones,1
tessons,1
brazilwood,1
diversity,1
labor,1
human,1
estudio,1
natives,1
million,1
restos,1
iron,1
deux,1
peripheral,1
òpamsh,1
hazards,1
que,1
relationships,1
merchants,1
veracity,1
proceeded,1
landon,1
estimating,1
quisqueya,1
reject,1
rroceeamgs,1
explorers,1
countless,1
due,1
diaiy,1
amerindians,1
loiza,1
unpublished,1
author,1
invaders,1
terraces,1
reflection,1
firme,1
mixed,1
adopted,1
anacaona,1
prehistoria,1
petrography,1
havana,1
settings,1
tucson,1
cf,1
garda,1
pig,1
órica,1
cruising,1
overly,1
canbe,1
exercise,1
norte,1
esclavitud,1
transitional,1
abstractions,1
canoes,1
inserted,1
distinct,1
ct,1
etnologia,1
times,1
duhos,1
zooarchaeological,1
fiant,1
ediciones,1
tutu,1
speed,1
duft,1
panorama,1
difficulty,1
belén,1
espacios,1
rotstekeningen,1
dates,1
unintelligible,1
applying,1
kinship,1
misleading,1
fourth,1
seventeenthcentury,1
estimate,1
rendezvous,1
find,1
semantic,1
weight,1
marvelous,1
cernís,1
insertion,1
industries,1
throughout,1
guide,1
anthropologien,1
cuttings,1
influence,1
ma,1
nomenclature,1
claude,1
arqueológicas,1
festschrift,1
manuel,1
using,1
ethnofflstory,1
ridge,1
ceremoniales,1
tekakis,1
articulates,1
pané,1
poor,1
interesting,1
acculturation,1
terrestrial,1
philadelphia,1
centenario,1
fleet,1
martinique,1
veiy,1
genuinely,1
agitation,1
réévaluation,1
exact,1
suedbadillo,1
meillacoide,1
diamant,1
tiger,1
camp,1
pigeon,1
grid,1
tabulated,1
rupestre,1
main,1
arising,1
centered,1
bayahá,1
debated,1
postcontact,1
possession,1
buckle,1
basic,1
newsletter,1
appreciation,1
mantenida,1
coastal,1
capture,1
responded,1
process,1
precluded,1
opportunity,1
mqpaniola,1
mortar,1
rats,1
storms,1
eight,1
ayubi,1
à,1
similar,1
estimates,1
polarized,1
certain,1
environmental,1
republic,1
cannons,1
ongoing,1
refuses,1
special,1
scagiion,1
enriched,1
echoed,1
potteries,1
uncertainties,1
consequences,1
discoverers,1
õj,1
addressing,1
support,1
asociación,1
projet,1
means,1
understand,1
baie,1
motivos,1
devorsey,1
nor,1
plus,1
varios,1
biased,1
postmodern,1
river,1
languages,1
organized,1
yellow,1
section,1
elsewhere,1
proposed,1
sojourn,1
numbers,1
indios,1
lucayans,1
sugarcane,1
house,1
too,1
multicultural,1
show,1
superior,1
coiumùuss,1
exploited,1
recovered,1
resource,1
additional,1
powerful,1
albuquerque,1
tempranas,1
alexandrenkov,1
surface,1
beyond,1
shed,1
laguna,1
followed,1
eléments,1
facing,1
definite,1
queen,1
comprising,1
antillano,1
points,1
rice,1
intentional,1
christmas,1
islanders,1
utah,1
dominant,1
permanentes,1
asociada,1
detroit,1
uncritically,1
suggested,1
decades,1
italics,1
stands,1
arquelógica,1
invading,1
reflections,1
petrogryphs,1
irrigation,1
española,1
sheaths,1
hours,1
affaires,1
spaniard,1
indias,1
skewed,1
ou,1
result,1
closely,1
chronologie,1
aftermath,1
questioned,1
coral,1
declined,1
portable,1
burt,1
appearance,1
histories,1
acknowledgments,1
found,1
entered,1
ascription,1
traditionally,1
microlithk,1
midden,1
centers,1
lived,1
changed,1
isomorphisms,1
ocean,1
cycad,1
anguilla,1
criticisms,1
events,1
dispute,1
mythical,1
ortega,1
extinct,1
percentages,1
isotope,1
tama,1
bleue,1
base,1
sene,1
irregularly,1
manna,1
notas,1
hispanic,1
intensive,1
ceramica,1
arranged,1
further,1
handbook,1
pure,1
transculturacion,1
occupation,1
oklahoma,1
codification,1
cacique,1
expressed,1
pétrographiques,1
granbeny,1
stock,1
grandes,1
reviews,1
cemieims,1
experimental,1
appears,1
domestication,1
cannot,1
dispersal,1
applied,1
excellent,1
balle,1
monograph,1
fish,1
primrose,1
tart,1
vénus,1
pigs,1
imperial,1
wide,1
flaked,1
hopkins,1
wayne,1
kttlv,1
huge,1
impression,1
senes,1
eyewitness,1
transcription,1
kitchen,1
abuse,1
spheres,1
invisible,1
seedstock,1
geograpny,1
rangel,1
line,1
taina,1
revealed,1
rivera,1
work,1
pesca,1
updated,1
reinterpreting,1
planning,1
acción,1
archaeologist,1
decks,1
tool,1
partir,1
preferred,1
locus,1
distinguish,1
lords,1
concept,1
prominent,1
rat,1
ewen,1
conquesta,1
breeding,1
ot,1
bois,1
vestimenta,1
knowledge,1
visuurs,1
reduction,1
reat,1
arms,1
editora,1
patterning,1
homeland,1
punta,1
tune,1
gender,1
description,1
ten,1
geology,1
encontro,1
loss,1
cérémonie,1
faunas,1
realm,1
gave,1
describe,1
cerras,1
consistently,1
own,1
broad,1
icon,1
suppliers,1
blade,1
relevance,1
actually,1
taxa,1
rum,1
irving,1
documented,1
personal,1
justification,1
away,1
newspaper,1
appreciated,1
gonzález,1
ultimately,1
holographic,1
project,1
premiers,1
visions,1
alliance,1
ethnicity,1
wheat,1
isabel,1
raking,1
etmcidad,1
dilettantes,1
sugar,1
simplistic,1
errors,1
regions,1
massacre,1
luna,1
lifted,1
jefatura,1
legacy,1
ethmaty,1
arise,1
moquete,1
wi,1
responsibility,1
aboulor,1
tempe,1
zemis,1
nine,1
next,1
investigación,1
presencia,1
taïnos,1
racine,1
precedents,1
insulaires,1
assemble,1
sharp,1
precontact,1
ward,1
emerging,1
around,1
huana,1
quantification,1
several,1
enslaved,1
sufficient,1
ignore,1
ship,1
components,1
grow,1
goodwin,1
universalization,1
despues,1
cash,1
conclude,1
hist,1
maipures,1
seeds,1
methodological,1
bwj,1
mythological,1
articulation,1
up,1
préhispaniques,1
progress,1
majority,1
basse,1
productivity,1
rodríguez,1
projections,1
cereals,1
rican,1
cj,1
notice,1
notes,1
grateful,1
reconstrucción,1
sitio,1
inform,1
am,1
waiting,1
humanistic,1
rest,1
fifteenthto,1
survived,1
eternal,1
aguilu,1
oriente,1
minéral,1
sighted,1
sail,1
barnyard,1
dogs,1
investigating,1
pictures,1
annum,1
colón,1
territorial,1
architecture,1
mysterious,1
polished,1
prometteur,1
régionale,1
doctoral,1
short,1
service,1
labeled,1
demográficos,1
ia,1
interprétations,1
juliet,1
consists,1
ancien,1
limited,1
play,1
troumassoid,1
released,1
acknowledged,1
female,1
brings,1
descubrimiento,1
tropical,1
etc,1
merrick,1
community,1
scum,1
above,1
tor,1
révélateur,1
landed,1
comments,1
pbs,1
hoffiman,1
agroalfareras,1
unprecedented,1
movement,1
jeu,1
southern,1
régional,1
galán,1
martiniaue,1
direction,1
positive,1
bread,1
spectacular,1
southeast,1
vicinity,1
cays,1
hollywood,1
blush,1
scarcity,1
robin,1
contributing,1
artes,1
communities,1
relied,1
unintended,1
reference,1
unfriendly,1
archiv,1
opportunities,1
wake,1
rules,1
advanced,1
kluwer,1
serve,1
technology,1
ancienne,1
chronology,1
challenged,1
élémentaire,1
smith,1
diagrams,1
allaire,1
sixteenthand,1
included,1
une,1
homogeneous,1
extinction,1
adjusted,1
assistance,1
complete,1
keeping,1
dialectical,1
formalized,1
africa,1
baltimore,1
ed,1
inferences,1
naval,1
refocused,1
demonstrates,1
belonging,1
wisconsin,1
insights,1
interétnicas,1
supernatural,1
mention,1
noted,1
bar,1
capitana,1
incir,1
cerámica,1
colección,1
payments,1
sector,1
naive,1
skeletons,1
sam,1
recycled,1
routes,1
party,1
simulation,1
kahnago,1
reite,1
french,1
unreliable,1
heritage,1
miscegenation,1
scientifique,1
polemic,1
maría,1
available,1
guanahatabey,1
vega,1
towns,1
decorative,1
tempranos,1
addition,1
towards,1
demographic,1
efforts,1
pudo,1
longer,1
lack,1
revitalized,1
distribución,1
foodstuffs,1
occurrence,1
carbonized,1
kitts,1
clarendon,1
mélendez,1
prehtspánicas,1
aires,1
mito,1
unidentified,1
mosquises,1
occupations,1
crop,1
relación,1
rodents,1
meillacan,1
insular,1
manifested,1
together,1
homesites,1
terme,1
banks,1
incorporation,1
farming,1
bluff,1
focuses,1
plan,1
debates,1
shallow,1
contemporary,1
jung,1
descended,1
católica,1
program,1
junior,1
lapidaria,1
cueto,1
cinderella,1
instituto,1
guiana,1
civilisations,1
appeared,1
morban,1
windward,1
trouvées,1
caracas,1
never,1
conclusions,1
biblioteca,1
volkerkunde,1
antropologia,1
greeted,1
sighting,1
prcmspanica,1
granberry,1
procesos,1
santiago,1
model,1
ocupantes,1
rapid,1
espagnoles,1
dio,1
tne,1
continuing,1
armaments,1
archaeobotanical,1
empire,1
bead,1
armed,1
compositional,1
relevant,1
geographer,1
michael,1
bahaman,1
boats,1
ports,1
dance,1
spoke,1
exotic,1
colony,1
bilan,1
twins,1
losing,1
diets,1
dunn,1
hurricane,1
style,1
assemblage,1
fane,1
vizcaína,1
shot,1
wood,1
day,1
polities,1
violent,1
argues,1
interpreting,1
another,1
local,1
published,1
strings,1
able,1
cimientos,1
recognizing,1
febrero,1
mice,1
exhibit,1
warning,1
discussion,1
churches,1
dave,1
grenades,1
lands,1
explanation,1
parafernália,1
aspectos,1
virgin,1
ios,1
shipboard,1
eighteenth,1
patrilocal,1
guyane,1
writings,1
guanahani,1
lake,1
transformed,1
terrae,1
guinea,1
previously,1
increase,1
bartholomé,1
méthologie,1
elite,1
worship,1
timid,1
louis,1
tribu,1
murdered,1
unhesitating,1
elegy,1
eany,1
expression,1
combining,1
hasta,1
largely,1
incogmtae,1
force,1
station,1
nabel,1
rivers,1
dented,1
maria,1
archéologique,1
refuse,1
thin,1
ogiqucs,1
rare,1
nothing,1
continue,1
merit,1
laboratory,1
hunted,1
prints,1
prosaic,1
considerable,1
unsuited,1
complicated,1
theories,1
avi,1
auongen,1
theoretical,1
anthology,1
subsurface,1
cultura,1
rejected,1
low,1
annuario,1
urbana,1
sherd,1
letrocentnsmo,1
remaining,1
reality,1
directed,1
authors,1
assignment,1
chican,1
estructura,1
ufe,1
accounted,1
dominated,1
lapidary,1
faces,1
foodways,1
arroyo,1
co,1
august,1
preceded,1
eve,1
david,1
architectural,1
cesser,1
feral,1
tradición,1
many,1
function,1
plant,1
chartes,1
responses,1
caso,1
high,1
observes,1
mask,1
monocultural,1
linking,1
orbe,1
hacienda,1
spirits,1
annas,1
black,1
canaiy,1
exchange,1
spent,1
minnis,1
proclaim,1
libro,1
labels,1
article,1
systems,1
rouse,1
leaves,1
arqueológica,1
plum,1
hand,1
sight,1
holoccnc,1
domínguez,1
étude,1
uicir,1
examine,1
influences,1
chnstopner,1
indio,1
sense,1
materialized,1
enemies,1
otherworld,1
claiming,1
momento,1
primeros,1
yacimiento,1
ate,1
raraieusmo,1
versus,1
occupied,1
we,1
staoic,1
quarterly,1
testimonio,1
españoles,1
imported,1
hope,1
replicas,1
chert,1
examines,1
zamia,1
depauperate,1
smaller,1
genesis,1
grenouille,1
subseries,1
ampullaria,1
bioarchaeology,1
adornos,1
stems,1
today,1
belonged,1
casabe,1
ateliers,1
she,1
meets,1
matrices,1
pictóricos,1
río,1
inhabitants,1
mixture,1
science,1
sometimes,1
degree,1
ecological,1
lithiques,1
usually,1
recreate,1
vision,1
types,1
testing,1
claimed,1
musöque,1
pieces,1
amphibious,1
begin,1
quincentenaiy,1
order,1
recognizes,1
male,1
spp,1
contrast,1
huecoide,1
lost,1
edición,1
un,1
seen,1
collections,1
replicating,1
yale,1
caribes,1
markers,1
caribsfrom,1
periodo,1
backwater,1
length,1
littoral,1
owed,1
quincentennial,1
panicoid,1
tnrougn,1
dégraissant,1
expectations,1
fall,1
mortality,1
dead,1
inciso,1
months,1
atmosphere,1
face,1
worlds,1
unusual,1
lavergne,1
importance,1
investigate,1
galan,1
exchanged,1
middens,1
highbourn,1
nacional,1
nevis,1
environment,1
share,1
contained,1
arte,1
olives,1
any,1
thinking,1
maunabo,1
practice,1
sacred,1
senior,1
boletín,1
por,1
version,1
intensification,1
bibliografía,1
partida,1
asentamientos,1
athens,1
demonstrate,1
simply,1
geographic,1
log,1
continues,1
mythologies,1
faunísticos,1
suffers,1
recognizable,1
objects,1
proposes,1
aïs,1
reconnaissance,1
perhaps,1
carl,1
md,1
temple,1
guyanas,1
here,1
utrecht,1
alternative,1
cannibalism,1
set,1
guardi,1
leeward,1
seven,1
know,1
berkeley,1
mutually,1
control,1
each,1
cemetery,1
ancestor,1
pasiones,1
attribute,1
ortiz,1
veintiuno,1
américa,1
approche,1
seem,1
unseaworthy,1
industry,1
capital,1
wagenaar,1
half,1
watermelons,1
regard,1
primeras,1
ideological,1
croix,1
exhibits,1
speculation,1
enemy,1
nouvelles,1
rely,1
twelfth,1
canibalismo,1
audience,1
generalized,1
doms,1
movie,1
príncipe,1
sierra,1
lauderdale,1
works,1
caraïbe,1
upton,1
scholarship,1
biogeography,1
animal,1
romanticized,1
william,1
augustine,1
ethnically,1
bajo,1
impact,1
notable,1
combined,1
passages,1
implicit,1
whether,1
rose,1
cockspur,1
making,1
references,1
plants,1
ballast,1
character,1
academia,1
remained,1
associées,1
preside,1
add,1
covers,1
agricultural,1
saint,1
cristoforo,1
quito,1
sunk,1
nautical,1
waters,1
gannon,1
explored,1
villes,1
awarded,1
pontifica,1
curacao,1
suggests,1
categories,1
size,1
vessels,1
conference,1
soldier,1
researchers,1
boston,1
naked,1
presented,1
altered,1
ruled,1
sheath,1
reported,1
sheer,1
affecting,1
redundant,1
altogether,1
practices,1
científica,1
alternatives,1
role,1
supplies,1
wrought,1
abandoned,1
fu,1
disciplines,1
caparra,1
reappraisal,1
histoiy,1
dependencias,1
exceeded,1
curet,1
manufacturing,1
salvaged,1
binomials,1
garland,1
culebra,1
writing,1
eres,1
discontinued,1
remarks,1
our,1
come,1
perspectiva,1
undecorated,1
suosistence,1
toponyms,1
until,1
models,1
bodes,1
commercial,1
tarty,1
transcribers,1
invasion,1
cambridge,1
observed,1
initiated,1
donald,1
illinois,1
numerous,1
herds,1
steam,1
rifles,1
imperative,1
publishing,1
motives,1
contributed,1
applicable,1
integrated,1
ihirteentn,1
caníbales,1
crooked,1
peninsular,1
green,1
constructed,1
paleogeographic,1
manufacture,1
dying,1
cummins,1
montane,1
states,1
regular,1
ï,1
defined,1
philosophy,1
madison,1
préhistoriques,1
foraging,1
diggers,1
traveling,1
moved,1
specific,1
charles,1
contradicted,1
potential,1
mdígenas,1
modeling,1
covariation,1
removed,1
eustaáus,1
supervivencia,1
ser,1
caraïbes,1
compounded,1
clarify,1
plethora,1
last,1
recherche,1
marxist,1
uiteeverij,1
charged,1
text,1
reached,1
enterprise,1
watercran,1
create,1
norman,1
manioc,1
import,1
mix,1
entire,1
documentary,1
huellas,1
testified,1
immediately,1
zones,1
dos,1
histórico,1
inicios,1
classifications,1
draft,1
predicated,1
impudique,1
sapodilla,1
columbum,1
tubers,1
guaren,1
cayoid,1
gold,1
récents,1
