WORDCOUNTS,WEIGHT
the,1453
of,1217
and,1041
in,615
to,312
a,301
on,247
coastal,215
j,186
that,169
for,163
florida,158
as,148
is,135
university,133
archaeology,130
pp,129
are,118
archaeological,116
shell,109
at,107
sites,106
from,106
d,105
these,96
c,95
with,89
r,88
southeastern,88
coast,86
p,78
this,78
m,77
we,75
by,74
have,73
georgia,71
research,69
such,66
american,64
coasts,62
late,62
h,61
along,61
et,58
al,58
e,54
were,54
period,54
archaic,54
gulf,54
site,53
w,53
island,53
during,53
calusa,52
new,52
springer,52
archaeol,51
res,51
more,50
early,50
north,50
spanish,49
south,49
or,49
not,48
s,47
g,47
guale,47
be,46
other,45
atlantic,45
also,45
an,45
k,44
prehistoric,44
st,44
sea,44
some,43
there,42
gainesville,41
complex,40
mound,40
both,40
was,39
groups,38
key,38
mounds,38
complexity,38
press,38
t,37
areas,37
studies,36
their,36
thompson,36
they,35
b,35
pottery,35
been,35
between,35
southern,34
social,34
which,34
evidence,34
use,33
no,32
most,32
data,32
woodland,32
it,31
alabama,31
our,31
russo,30
shellfish,30
only,30
many,30
eastern,29
has,29
point,29
l,29
cultural,29
native,29
natural,29
journal,28
may,28
museum,28
culture,28
anthropological,28
mobility,27
human,27
level,27
department,27
although,27
political,25
resources,25
settlement,25
southeast,25
two,25
after,25
thomas,25
much,25
one,24
america,24
de,24
than,24
study,24
deposits,24
european,24
sassaman,23
subsistence,23
catherines,23
change,23
populations,23
environmental,22
archaeologists,22
ring,22
understanding,22
southwest,22
marquardt,22
colonial,22
lower,21
agriculture,21
river,21
well,21
analysis,21
report,21
vol,20
interior,20
emergence,20
work,20
f,20
widmer,20
platform,20
mississippian,20
nature,19
papers,19
ad,19
development,19
how,19
used,19
yet,19
rings,19
v,19
adaptations,19
construction,19
middens,19
worth,19
history,18
suggest,18
mission,18
see,18
environment,18
area,18
among,18
maize,17
walker,17
bp,17
i,17
holocene,17
regarding,17
santa,17
midden,17
burial,17
its,17
northern,17
when,17
world,17
anthropologist,17
do,17
material,17
saunders,17
region,17
institute,17
middle,17
emerged,16
southwestern,16
though,16
carolina,16
but,16
rise,16
united,16
if,15
large,15
all,15
growth,15
environments,15
creek,15
societies,15
paleoenvironmental,15
part,15
issues,15
few,15
smithsonian,15
quitmyer,15
still,15
time,15
largely,15
historic,15
contact,15
over,15
role,15
question,15
include,15
remains,15
should,15
first,14
season,14
century,14
bay,14
york,14
based,14
several,14
will,14
examples,14
institution,14
la,14
variability,14
interaction,14
later,13
occurred,13
monograph,13
investigations,13
case,13
possible,13
objects,13
exploitation,13
record,13
people,13
least,13
annual,13
ö,13
estuarine,13
function,13
can,13
milanich,13
recent,13
into,12
paper,12
shellworks,12
zone,12
central,12
levels,12
monuments,12
accounts,12
monumental,12
result,12
occupation,12
around,12
us,12
polities,12
antiquity,12
athens,12
organization,12
extent,12
meeting,12
before,11
production,11
clay,11
general,11
fort,11
clearly,11
impact,11
resource,11
important,11
view,11
poverty,11
context,11
northwest,11
ceremonial,11
technology,11
where,11
depratter,11
perspectives,11
provide,11
why,11
what,11
terms,11
presented,11
years,11
debate,11
focus,11
state,10
marine,10
crystal,10
throughout,10
perspective,10
fig,10
even,10
population,10
changes,10
sedentary,10
tools,10
fish,10
regions,10
architecture,10
about,10
patterns,10
including,10
species,10
earliest,10
associated,10
constructed,10
particularly,10
phd,10
while,10
size,10
models,10
reitz,10
states,10
represent,9
manuscript,9
hann,9
fluctuations,9
baked,9
available,9
differences,9
howard,9
jr,9
dates,9
y,9
mocama,9
americans,9
landscapes,9
andrus,9
greater,9
out,9
artifacts,9
tool,9
missions,9
long,9
society,9
periods,9
various,9
collection,9
savannah,9
ceramic,9
forms,9
model,9
similar,9
like,9
high,9
systems,9
who,9
sapelo,9
torrence,9
know,9
anthropology,9
different,9
augustine,9
agricultural,9
suggests,9
researchers,9
through,9
became,9
known,9
era,9
documentary,9
tuscaloosa,8
contexts,8
specifically,8
implications,8
address,8
tradition,8
pineland,8
turck,8
within,8
prior,8
processes,8
relatively,8
domain,8
traditions,8
ancient,8
found,8
isotope,8
ceramics,8
year,8
structures,8
field,8
fiber,8
impacts,8
located,8
techniques,8
islands,8
indian,8
others,8
seasonality,8
degree,8
another,8
made,8
maritime,8
walton,8
submitted,8
questions,8
evolution,8
trade,8
pensacola,8
characterized,8
interpretations,8
structure,8
occupied,8
sociopolitical,8
detailed,8
issue,8
series,8
must,8
extensive,8
argue,8
historical,8
whether,8
cooking,8
larson,8
adaptation,8
multiple,8
despite,8
substantial,8
little,8
broader,8
isotopie,7
common,7
way,7
foraging,7
center,7
san,7
accumulation,7
global,7
inland,7
plain,7
implements,7
thus,7
ethnohistorical,7
across,7
aquatic,7
underwater,7
n,7
submerged,7
whereas,7
sedentism,7
near,7
indigenous,7
documented,7
ethnohistoric,7
pluckhahn,7
lack,7
feasting,7
considerable,7
pattern,7
less,7
technologies,7
discussion,7
chiefly,7
range,7
food,7
laboratory,7
described,7
mexico,7
keene,7
hunters,7
attention,7
factors,7
continued,7
aboriginal,7
weeden,7
monument,7
changing,7
nonagricultural,7
terrestrial,7
cultures,7
current,7
indians,7
formation,7
until,7
zones,7
earthen,7
increased,7
potential,7
charlotte,7
northwestern,7
now,6
needed,6
stone,6
sources,6
date,6
system,6
primary,6
fl,6
evaluating,6
diversity,6
due,6
barrier,6
old,6
developed,6
understand,6
prehistory,6
additional,6
dc,6
had,6
harbor,6
evaluate,6
ot,6
related,6
jefferies,6
swift,6
regional,6
relative,6
small,6
ancestral,6
texas,6
methodological,6
absence,6
whelk,6
precolumbian,6
same,6
reliance,6
experienced,6
useppa,6
larger,6
end,6
variation,6
discussed,6
chiefdom,6
present,6
radiocarbon,6
clear,6
points,6
would,6
features,6
preservation,6
provides,6
article,6
anderson,6
relationship,6
science,6
centuries,6
then,6
peoples,6
continental,6
each,6
goods,6
beginning,6
rising,6
mercenaria,6
information,6
entire,6
given,6
using,6
heide,6
cambridge,6
shift,6
technological,6
introduction,5
he,5
modern,5
timing,5
rich,5
mississippi,5
last,5
chiefdoms,5
bioarchaeology,5
signs,5
quahog,5
incorporate,5
west,5
conflict,5
relations,5
excavations,5
items,5
bone,5
geological,5
wet,5
communities,5
crassostrea,5
recognized,5
his,5
scarry,5
direct,5
colonialism,5
lithic,5
centers,5
fishing,5
academic,5
zooarchaeological,5
further,5
recently,5
scale,5
method,5
because,5
aspects,5
claassen,5
pedro,5
kelly,5
literature,5
gatherers,5
future,5
extending,5
broad,5
increasingly,5
heat,5
soil,5
components,5
fully,5
activities,5
cuban,5
identified,5
limited,5
community,5
make,5
interactions,5
mobile,5
sociohistorical,5
inundated,5
toward,5
shelf,5
water,5
archaeobotanical,5
strategies,5
number,5
argues,5
need,5
skeletal,5
significant,5
numerous,5
national,5
dating,5
earth,5
comprehensive,5
exchange,5
stand,5
erlandson,5
louisiana,5
sometimes,5
shells,5
life,5
simply,5
temple,5
here,5
did,5
constructions,5
past,5
type,5
proxies,5
elena,5
following,5
economy,5
notable,5
spatial,5
form,5
seasonal,5
conditions,5
skidaway,5
fauna,5
plenum,5
major,5
difficult,4
o,4
adoption,4
group,4
formed,4
second,4
english,4
park,4
royal,4
inequality,4
clam,4
john,4
marco,4
humans,4
could,4
wooden,4
reasons,4
accumulated,4
able,4
those,4
geochemical,4
hudson,4
labor,4
phase,4
review,4
contemporaneous,4
since,4
unpublished,4
big,4
ethnohistorically,4
elements,4
catalina,4
amount,4
jones,4
tribal,4
postcontact,4
capture,4
represented,4
special,4
commonly,4
origins,4
beyond,4
peabody,4
trajectories,4
distribution,4
columbia,4
faunal,4
search,4
deal,4
international,4
base,4
handbook,4
intervening,4
indirect,4
wide,4
brooks,4
directly,4
network,4
luer,4
caloosahatchee,4
del,4
trinkley,4
incremental,4
polity,4
focuses,4
surrounding,4
gayes,4
either,4
working,4
highly,4
presence,4
climate,4
pearson,4
portion,4
estuaries,4
coastline,4
comparative,4
guide,4
specimens,4
demographic,4
arguments,4
reports,4
french,4
projects,4
relates,4
appeared,4
farming,4
vertebrate,4
adjacent,4
compositional,4
necessary,4
deep,4
perhaps,4
frequency,4
shifts,4
johns,4
remained,4
began,4
harvard,4
net,4
crook,4
low,4
publication,4
times,4
actually,4
collected,4
elaborate,4
methods,4
exactly,4
usa,4
deagan,4
seasons,4
testing,4
juan,4
fall,4
wheeler,4
types,4
emerging,4
precise,4
temporal,4
colonization,4
connection,4
exploration,4
best,4
any,4
far,4
places,4
intertidal,4
them,4
ceased,4
problem,4
waters,4
oxygen,4
contain,4
larsen,4
appear,4
contribute,4
pine,4
layers,4
ultimately,4
reveals,4
materials,4
peninsular,4
manufacture,4
needs,4
specific,4
divergent,4
sedimentary,4
famous,4
occur,4
final,3
mortuary,3
archives,3
mostly,3
done,3
investigated,3
edge,3
created,3
clams,3
determine,3
considerably,3
village,3
settlements,3
boca,3
minimalists,3
essays,3
assume,3
themes,3
topographic,3
ii,3
rapid,3
departure,3
apalachee,3
individuals,3
leading,3
great,3
analyses,3
newsom,3
oyster,3
evolving,3
ô,3
established,3
attempted,3
existence,3
autonomous,3
bird,3
discuss,3
design,3
marked,3
activity,3
measuring,3
occupations,3
very,3
schober,3
establishment,3
uncertain,3
ritual,3
economies,3
tied,3
hardhead,3
includes,3
campbell,3
dynamics,3
explorers,3
outer,3
evident,3
canal,3
back,3
oxford,3
shark,3
find,3
explore,3
look,3
critique,3
kentucky,3
topic,3
whose,3
played,3
réévaluation,3
exact,3
rather,3
tallahassee,3
colquhoun,3
earlier,3
importance,3
contributions,3
jesuit,3
burials,3
consider,3
intensive,3
elsewhere,3
air,3
recovered,3
busycon,3
decades,3
atlanta,3
closely,3
shellwork,3
stright,3
histories,3
erosion,3
mapping,3
lived,3
agendas,3
menéndez,3
emerge,3
bands,3
oysters,3
elliott,3
marsh,3
ethnohistory,3
nc,3
knowledge,3
climatic,3
records,3
seasonally,3
reflect,3
estuary,3
ann,3
interpreted,3
status,3
mccann,3
published,3
hard,3
consensus,3
villages,3
core,3
deer,3
concomitant,3
reduction,3
variety,3
curves,3
economic,3
synthesis,3
palaeoecology,3
timeframes,3
experiences,3
sturtevant,3
interpretation,3
nonlocal,3
thought,3
complete,3
largest,3
crowe,3
lee,3
name,3
thank,3
safety,3
fundamental,3
irene,3
scholars,3
riverine,3
missionized,3
monumentality,3
debates,3
debated,3
man,3
external,3
simple,3
bony,3
remarkable,3
puerto,3
tne,3
relevant,3
wood,3
argument,3
ecology,3
local,3
extended,3
canals,3
findings,3
soapstone,3
empirical,3
entirely,3
emphasize,3
maria,3
band,3
ideas,3
willey,3
continue,3
previous,3
california,3
hutchinson,3
effect,3
availability,3
bense,3
connections,3
tampa,3
ranging,3
me,3
coupled,3
george,3
ecological,3
missionaries,3
spp,3
deposit,3
contribution,3
feasts,3
often,3
precontact,3
wildlife,3
composed,3
months,3
ridges,3
minimalist,3
solís,3
stable,3
school,3
continues,3
waring,3
summit,3
quaternary,3
quickly,3
believe,3
domestic,3
works,3
living,3
investigation,3
house,3
adopted,3
densities,3
predate,3
utilitarian,3
port,3
vessels,3
conference,3
city,3
beach,3
transition,3
adapted,3
vast,3
catfish,3
evidenced,3
locations,3
temperature,3
define,3
ga,3
smaller,3
goggin,3
summary,3
comparison,3
supported,3
endeavors,3
paleoindian,3
km,3
develop,3
building,3
nicholas,2
entities,2
does,2
rate,2
struggle,2
exhibit,2
frequent,2
representing,2
sepm,2
indicated,2
otoliths,2
affected,2
episodes,2
steinen,2
monumenta,2
measures,2
notably,2
distributed,2
mouth,2
passing,2
just,2
enduring,2
agency,2
designed,2
true,2
deny,2
segmentary,2
offshore,2
unlike,2
behavior,2
something,2
test,2
cutting,2
rorida,2
being,2
piles,2
else,2
explaining,2
mckeithen,2
originally,2
shallow,2
attempts,2
might,2
attempt,2
lifestyle,2
active,2
comparatively,2
archaeologically,2
secondary,2
daily,2
knight,2
farther,2
composition,2
beds,2
hunting,2
survey,2
take,2
subsequent,2
help,2
decreased,2
link,2
yamasee,2
dd,2
debitage,2
relating,2
side,2
milner,2
ascribed,2
effort,2
anthropologists,2
king,2
amelia,2
turtlecrawl,2
facts,2
geophysical,2
mesh,2
cooperation,2
sixteenth,2
soils,2
explorations,2
feinman,2
solely,2
insight,2
inhabited,2
apart,2
except,2
hypercomplexity,2
quantity,2
bottom,2
bowls,2
soto,2
ranked,2
exist,2
que,2
madrid,2
component,2
hammock,2
illustrates,2
earthworks,2
integral,2
proliferated,2
ability,2
sample,2
canoes,2
immigrants,2
bayou,2
convincing,2
body,2
timeframe,2
slave,2
houses,2
served,2
kinship,2
witnessed,2
carolinas,2
stratigraphie,2
spite,2
ecosystems,2
spread,2
luna,2
mckivergan,2
leadership,2
rates,2
poorly,2
plant,2
focused,2
gastropods,2
buried,2
lesser,2
interesting,2
without,2
links,2
main,2
remain,2
en,2
landscape,2
stephenson,2
process,2
supplement,2
certain,2
tristan,2
ongoing,2
selected,2
productive,2
space,2
miscellaneous,2
caps,2
category,2
acquisition,2
affect,2
cumberland,2
considerations,2
proposed,2
colder,2
northeastern,2
frequently,2
observations,2
upper,2
maintain,2
four,2
show,2
delta,2
opportunity,2
orange,2
peru,2
galtsoff,2
surge,2
intentional,2
utah,2
mounding,2
shifted,2
dominant,2
strategy,2
providing,2
stands,2
designations,2
conquest,2
raw,2
lead,2
location,2
appearance,2
public,2
basin,2
demise,2
access,2
baton,2
strongly,2
behavioral,2
diet,2
initial,2
fishermen,2
crc,2
war,2
circular,2
appears,2
residential,2
moore,2
produced,2
cannot,2
hammers,2
excellent,2
pleistocene,2
required,2
dwellers,2
heavily,2
died,2
eustatic,2
shape,2
having,2
minimal,2
accounting,2
line,2
bc,2
residents,2
ossabaw,2
los,2
clean,2
braley,2
county,2
characterization,2
su,2
keys,2
example,2
proportions,2
homeland,2
habu,2
intentionally,2
loss,2
donoghue,2
fail,2
place,2
perishable,2
winter,2
dwindling,2
lamar,2
own,2
gap,2
chemistry,2
mikell,2
excavated,2
sense,2
stage,2
canoe,2
grit,2
involved,2
transport,2
knives,2
distinguished,2
visible,2
disagreement,2
productivity,2
maximalists,2
distinguishing,2
notes,2
gross,2
sporadic,2
hafted,2
contacted,2
settlers,2
critical,2
pertaining,2
waddell,2
biocultural,2
minor,2
carried,2
overall,2
return,2
harris,2
nearly,2
etc,2
formative,2
surviving,2
massaro,2
ice,2
biomass,2
innovation,2
selection,2
engineering,2
frank,2
once,2
patton,2
represents,2
marginal,2
discussions,2
favorable,2
management,2
light,2
trophic,2
shifting,2
dialectical,2
ethnographic,2
topical,2
already,2
tanner,2
constitute,2
noted,2
williams,2
maintained,2
functioned,2
stones,2
picture,2
tall,2
inhabitants,2
heritage,2
technique,2
power,2
palm,2
crucial,2
missing,2
incorporates,2
longer,2
unparalleled,2
conduct,2
foods,2
agree,2
documents,2
pennsylvania,2
aviles,2
everyday,2
sector,2
continuing,2
council,2
ports,2
japan,2
belief,2
hays,2
remarkably,2
charleston,2
interpreting,2
demonstrated,2
redman,2
empirically,2
aggregation,2
interrelated,2
exploring,2
unmissionized,2
fionda,2
previously,2
samples,2
top,2
persisted,2
virtually,2
congress,2
sequence,2
resulting,2
recovery,2
full,2
aid,2
prédation,2
three,2
directed,2
authors,2
agreement,2
maintenance,2
architectural,2
allowed,2
cusabo,2
japanese,2
so,2
optimum,2
sabine,2
mount,2
curve,2
pyramidal,2
black,2
construct,2
repeated,2
quick,2
oxbow,2
especially,2
comparing,2
internal,2
parallel,2
estero,2
conquista,2
encompassing,2
widely,2
division,2
ethnobiology,2
soot,2
imply,2
particular,2
independent,2
hizo,2
gathering,2
usually,2
program,2
begin,2
thermal,2
bulletin,2
collections,2
seventeenth,2
force,2
lightning,2
recognize,2
rapidly,2
ceremonialism,2
existed,2
kings,2
stratified,2
supporting,2
examine,2
results,2
resemble,2
investigate,2
joseph,2
addressed,2
weisman,2
abandonment,2
panama,2
reliant,2
considered,2
hernando,2
marrinan,2
almy,2
characteristics,2
theme,2
bioarchaeological,2
indicate,2
totality,2
reconnaissance,2
md,2
meat,2
sourcing,2
routinely,2
outcome,2
bottle,2
correspond,2
hamilton,2
appendix,2
ueorgia,2
regard,2
episodic,2
inquiry,2
eventually,2
sc,2
thinking,2
examining,2
las,2
chesapeake,2
animal,2
making,2
varying,2
excursions,2
nascent,2
densest,2
blonda,2
project,2
require,2
fisheries,2
phenomena,2
emphasis,2
travel,2
disparate,2
prerequisite,2
affecting,2
practices,2
behaviors,2
withdrawal,2
geographic,2
reconstruct,2
exploit,2
virginica,2
varied,2
terminal,2
prepared,2
northeast,2
refugees,2
commercial,2
follow,2
advent,2
illinois,2
protohistoric,2
camps,2
frame,2
chemical,2
assemblages,2
parallels,2
salt,2
land,2
consumption,2
simons,2
effects,2
off,2
inform,2
modeling,2
portrait,2
chicago,2
lake,2
exclusively,2
gilliland,2
abandoned,2
traditional,2
heckenberger,2
dependent,2
built,2
molluscan,2
arizona,2
apalachicola,2
deeper,2
hypothesis,2
paleoethnobotany,1
resolve,1
carved,1
cultigens,1
margins,1
famed,1
transportation,1
fì,1
currently,1
appropriation,1
refinement,1
add,1
paste,1
chechessee,1
convergence,1
implemented,1
jeaga,1
greenman,1
plied,1
medieval,1
sunray,1
meaning,1
altamira,1
imported,1
suggested,1
europeans,1
locale,1
extreme,1
berkeley,1
consume,1
expedition,1
resulted,1
college,1
presses,1
red,1
resided,1
alone,1
uur,1
shellmound,1
ultimate,1
mar,1
jobé,1
string,1
contradicts,1
coastlines,1
crossing,1
systemic,1
outweighed,1
articulating,1
becoming,1
shoreline,1
missionization,1
properly,1
hub,1
tend,1
ethnogenesis,1
ma,1
live,1
uniquely,1
rchaeology,1
ways,1
otvos,1
mexican,1
item,1
approaches,1
stingray,1
salinity,1
fletcher,1
paradigms,1
proxy,1
ly,1
hotly,1
former,1
wharf,1
continuity,1
masks,1
timucuan,1
protection,1
reduced,1
position,1
cycles,1
mainland,1
pose,1
title,1
encourage,1
bourque,1
variants,1
turtle,1
abongmal,1
ethnohistorians,1
moving,1
cuneata,1
toraging,1
arguing,1
gabrielle,1
revision,1
nonetheless,1
source,1
golden,1
descriptions,1
exostoses,1
rome,1
vegetation,1
experience,1
consistent,1
saint,1
stressed,1
withdrawn,1
stabilization,1
knox,1
lexington,1
invention,1
certainly,1
craighead,1
aikens,1
roman,1
finger,1
pervasive,1
derives,1
macroband,1
learned,1
controlled,1
taken,1
culturally,1
concentrated,1
contrasted,1
gourds,1
worked,1
artificially,1
drivers,1
seems,1
supplied,1
definition,1
gary,1
memorial,1
dramatically,1
layout,1
hoffman,1
immense,1
reach,1
ft,1
interred,1
agrarian,1
assess,1
advantage,1
sedimentation,1
jornadas,1
suggesting,1
lazarus,1
accompanied,1
terra,1
disproportionate,1
despotic,1
farmers,1
origin,1
producing,1
tandem,1
rule,1
chroniclers,1
studied,1
disappearance,1
quotidian,1
yesner,1
venus,1
generalizations,1
concludes,1
escamazu,1
beaufort,1
norwood,1
eany,1
hypothesizes,1
real,1
amplitude,1
farmer,1
feature,1
gauges,1
roasting,1
simpkins,1
fishhooks,1
paddles,1
replicated,1
regression,1
principal,1
waselkov,1
classified,1
platforms,1
heating,1
ambiguous,1
engendered,1
colonies,1
intelligence,1
pepo,1
superficially,1
elucidating,1
visibility,1
worldwide,1
telfair,1
el,1
designs,1
contents,1
similarities,1
faught,1
epistemological,1
datable,1
nowhere,1
woodlands,1
takes,1
narrower,1
sophisticated,1
spherical,1
ark,1
classifying,1
projectile,1
edges,1
westview,1
resembles,1
payne,1
ê,1
gaps,1
holly,1
stretched,1
tierra,1
captures,1
capacity,1
matthew,1
bones,1
conditioned,1
victims,1
maximalist,1
bivalves,1
petrology,1
account,1
gardens,1
repopulated,1
implies,1
politics,1
stance,1
vero,1
tracing,1
illustrate,1
paucity,1
establishing,1
alter,1
impacted,1
fluctuation,1
bibliography,1
advantageous,1
occupy,1
zooarchaeology,1
southerlin,1
countered,1
transcend,1
taking,1
shellfishing,1
interdisciplinary,1
smooth,1
pile,1
sporadically,1
devore,1
cited,1
above,1
anticipated,1
yaupon,1
decreasing,1
intraand,1
substructure,1
minimum,1
measurement,1
targeted,1
herrera,1
warfare,1
sand,1
government,1
localized,1
facets,1
surplus,1
abrasion,1
exposed,1
sediment,1
linked,1
centralized,1
todas,1
expeditions,1
accessible,1
debris,1
identities,1
fisherfolk,1
timber,1
collapse,1
differential,1
leigh,1
relocation,1
squeaking,1
dependence,1
reverse,1
severe,1
immediate,1
vandal,1
diets,1
adapting,1
bailey,1
against,1
postulating,1
initially,1
fissioning,1
honda,1
doctor,1
acculturative,1
millennium,1
interest,1
reflection,1
characteristic,1
mixed,1
uanen,1
glacial,1
occurs,1
petrography,1
bapelo,1
thunen,1
conducted,1
tucson,1
ray,1
constellation,1
dubbed,1
pay,1
shielding,1
rooted,1
extensively,1
newnans,1
z,1
borderlands,1
firme,1
guided,1
turn,1
unity,1
fountain,1
pushed,1
adjustment,1
individual,1
distinct,1
clark,1
sibling,1
channeled,1
document,1
depend,1
refer,1
concerning,1
affix,1
unassimilated,1
evidentiary,1
highest,1
response,1
determination,1
inclusion,1
jurisdictions,1
bight,1
gauge,1
pigfish,1
compared,1
elaborated,1
single,1
publications,1
alliances,1
determinations,1
diagnostics,1
whorls,1
weight,1
overarching,1
cownose,1
multifaceted,1
purposefully,1
details,1
tentatively,1
longdistance,1
demonstration,1
rcbp,1
william,1
traits,1
enrich,1
nuanced,1
valleys,1
ocmulgee,1
acknowledge,1
impressions,1
colonización,1
depaux,1
tempering,1
fortifying,1
paleoethnobotanical,1
trom,1
traumatic,1
costa,1
lyon,1
ridge,1
higher,1
media,1
seventh,1
articulates,1
opposed,1
simultaneously,1
town,1
reflects,1
identification,1
predicted,1
transformations,1
deland,1
sets,1
camp,1
purely,1
principally,1
summaries,1
performance,1
traffic,1
absent,1
denmark,1
resident,1
explicit,1
responded,1
mean,1
refine,1
incidence,1
completely,1
excavators,1
configurations,1
prohibit,1
pétrographie,1
determining,1
associate,1
lasted,1
scottish,1
midholocene,1
accumulate,1
derived,1
parts,1
tidal,1
references,1
stein,1
tree,1
scales,1
mobilize,1
fornaro,1
blurs,1
white,1
undoubtedly,1
ames,1
addressing,1
dispersal,1
support,1
ruhl,1
reason,1
tooth,1
injury,1
windows,1
jomon,1
lineal,1
quarterly,1
females,1
loren,1
twin,1
possibly,1
flexibility,1
entry,1
fast,1
spreading,1
organized,1
foragers,1
presumably,1
francis,1
richer,1
section,1
numbers,1
contemporaries,1
pinfish,1
weak,1
shore,1
accessibility,1
differs,1
exemplify,1
presumed,1
age,1
retrospective,1
burgeoning,1
balsillie,1
trace,1
fashioned,1
racing,1
exploited,1
challenged,1
comparisons,1
surface,1
postdating,1
drought,1
shed,1
lumps,1
dogan,1
notions,1
peninsula,1
undertaken,1
evaluation,1
anvils,1
painted,1
â,1
western,1
tides,1
reconsideration,1
seewee,1
chumash,1
explain,1
homegardens,1
biasing,1
reevaluating,1
mo,1
overland,1
syntheses,1
projected,1
warmer,1
coincide,1
preference,1
isotopes,1
drawing,1
sigmann,1
nebraska,1
ruidíaz,1
chronological,1
ranges,1
diachronic,1
tirst,1
expressed,1
arrived,1
came,1
identifying,1
thousands,1
aftermath,1
concentration,1
chris,1
asserts,1
declined,1
fitzpatrick,1
portable,1
carrying,1
marion,1
difficulty,1
called,1
expanses,1
critically,1
undervalue,1
panhandle,1
seven,1
adaptability,1
habitation,1
contextualize,1
energetic,1
whitetail,1
changed,1
scotland,1
ino,1
ocean,1
pass,1
events,1
relate,1
oh,1
timucua,1
opt,1
configuration,1
imprenta,1
iron,1
disengaged,1
weights,1
mined,1
term,1
watson,1
arranged,1
materiality,1
unchanged,1
equally,1
caldwell,1
pielou,1
understood,1
transactions,1
choices,1
nonnern,1
engraved,1
displayed,1
performed,1
birthrate,1
pursued,1
culinary,1
keywords,1
domestication,1
overemphasizes,1
devoid,1
pins,1
knobbed,1
camden,1
applied,1
englewood,1
equifinality,1
thin,1
otherwise,1
explored,1
confirmation,1
refuge,1
hammonassett,1
compare,1
networks,1
tracking,1
tease,1
wayne,1
melongena,1
influenced,1
experiment,1
technical,1
expensive,1
warriors,1
globally,1
failure,1
almost,1
products,1
participation,1
basis,1
distinguish,1
julia,1
mirrored,1
dugout,1
shouldered,1
scatters,1
received,1
abstracts,1
comprises,1
locus,1
populated,1
claim,1
persistence,1
unless,1
prominent,1
intermarried,1
fired,1
horse,1
degrees,1
london,1
appreciable,1
apparent,1
secret,1
comment,1
pyramids,1
revealed,1
thoughts,1
positions,1
minority,1
tip,1
highlight,1
geology,1
egalitarian,1
whole,1
citrus,1
hybridity,1
realm,1
gave,1
describe,1
fasciolaria,1
ranchos,1
inherited,1
beginnings,1
lifeway,1
beads,1
thereafter,1
dumond,1
rituals,1
corequisite,1
zoomorphic,1
donax,1
personal,1
contentious,1
preconditions,1
predominance,1
showing,1
reconstructing,1
artifact,1
conform,1
missionary,1
ethnicity,1
combine,1
kolianos,1
concurrent,1
trends,1
markedly,1
lithics,1
contradictions,1
lifestyles,1
refuse,1
bodies,1
dungeness,1
marshlands,1
fallacies,1
subtle,1
distinctions,1
depositional,1
expended,1
dominating,1
staple,1
good,1
wholesale,1
responses,1
submergence,1
interregional,1
ratios,1
adaptive,1
indicator,1
composite,1
ago,1
below,1
corresponds,1
regardless,1
franceses,1
cold,1
dives,1
buildings,1
shaping,1
anomaly,1
symbolic,1
mclntosh,1
holes,1
galena,1
next,1
societatis,1
politically,1
applicability,1
unquestioned,1
missons,1
emphasizes,1
squarely,1
owned,1
excavation,1
quite,1
apparently,1
alteration,1
atmosphere,1
event,1
family,1
meras,1
cypress,1
astounding,1
purdue,1
forages,1
wider,1
hafting,1
nonagncultural,1
significantly,1
scope,1
stake,1
dramatic,1
peak,1
reported,1
decline,1
ancestors,1
portions,1
spoons,1
differing,1
redefinition,1
corridor,1
brown,1
gradient,1
corona,1
descendants,1
creation,1
inability,1
experimenting,1
bioarchaeologwal,1
paralleling,1
majority,1
tarly,1
antiauity,1
discusses,1
resistance,1
paid,1
otros,1
presidio,1
arbor,1
roots,1
negligence,1
diminished,1
appropriate,1
newly,1
energetically,1
preliminary,1
passive,1
regressive,1
auditory,1
actions,1
questioning,1
nistones,1
wakulla,1
facies,1
survived,1
prescribed,1
span,1
flourished,1
koreshan,1
llc,1
therefore,1
seagrass,1
highlights,1
led,1
partially,1
ana,1
sclerochronology,1
likely,1
irrespective,1
reductions,1
onset,1
academia,1
virginità,1
fortunately,1
polished,1
soutneast,1
cessation,1
histonca,1
orr,1
short,1
service,1
labeled,1
expansion,1
again,1
play,1
jacksonville,1
tide,1
mangrove,1
floridae,1
brief,1
steps,1
ten,1
matrilineal,1
exception,1
pepe,1
reorganization,1
tropical,1
object,1
july,1
reconstruction,1
brook,1
presently,1
tidewater,1
accumulations,1
everywhere,1
buck,1
terrain,1
antiquae,1
materialistic,1
unilineal,1
seemingly,1
echo,1
hold,1
va,1
religious,1
avian,1
structural,1
biological,1
postulate,1
patches,1
overview,1
forts,1
covington,1
inception,1
forager,1
pacific,1
edited,1
relied,1
elaboration,1
victor,1
reference,1
permission,1
domesticates,1
push,1
examined,1
tremendous,1
makes,1
read,1
thames,1
paradox,1
happened,1
alongside,1
acknowledgments,1
serve,1
customs,1
counterparts,1
east,1
chatham,1
sociocultural,1
quantify,1
chronology,1
historia,1
skirmishes,1
inconsistencies,1
amidst,1
neither,1
temperate,1
paramountcy,1
macmahon,1
tn,1
forays,1
included,1
home,1
initiation,1
homogeneous,1
infrastructure,1
subduction,1
rightly,1
assistance,1
arcs,1
rectangular,1
overemphasize,1
speculations,1
locality,1
barely,1
robust,1
acknowledging,1
emigrate,1
confirmed,1
unusually,1
loom,1
assimilated,1
timec,1
bayview,1
raids,1
engravings,1
considers,1
spatially,1
fill,1
volume,1
deconstruct,1
wightman,1
routes,1
causative,1
organizations,1
resolution,1
lewis,1
etiology,1
justicia,1
book,1
ambergris,1
dichotomies,1
bulk,1
reaches,1
death,1
locating,1
drink,1
deserves,1
varies,1
backed,1
printing,1
flat,1
rock,1
wetlands,1
addition,1
rollins,1
foodstuffs,1
summits,1
blanks,1
smith,1
five,1
wpa,1
efforts,1
speaks,1
monda,1
communal,1
fact,1
shows,1
endless,1
preserve,1
supplementary,1
don,1
meadow,1
pressure,1
call,1
instability,1
plan,1
predominant,1
compound,1
abstract,1
lacks,1
hierarchies,1
manifested,1
aneli,1
reacted,1
ceremonies,1
diverse,1
penned,1
antonio,1
rangia,1
doubt,1
diameter,1
distributions,1
worn,1
serious,1
honor,1
depopulation,1
channel,1
rhythms,1
never,1
conclusions,1
outside,1
hand,1
geologic,1
monographs,1
geography,1
gorges,1
innovative,1
refugedeptford,1
understudied,1
developing,1
investment,1
establish,1
axes,1
answer,1
brickell,1
por,1
assortment,1
tyndall,1
preparation,1
assault,1
hale,1
assemblage,1
grave,1
manuals,1
northerly,1
outlines,1
boat,1
original,1
hechos,1
simon,1
molding,1
week,1
apt,1
collier,1
greatest,1
collecting,1
situated,1
encounter,1
art,1
palov,1
mounded,1
disease,1
reed,1
approaching,1
indiana,1
success,1
substantive,1
craig,1
staging,1
upon,1
randall,1
locate,1
endowment,1
evacuation,1
sides,1
ecofacts,1
trajectory,1
formal,1
assessment,1
transgressive,1
distinctly,1
sixth,1
increase,1
contacts,1
judge,1
manasota,1
blum,1
expand,1
concern,1
persists,1
imbued,1
host,1
expression,1
complement,1
ofst,1
station,1
macroregional,1
refers,1
adena,1
engaging,1
assign,1
seminoie,1
actual,1
columella,1
nothing,1
franklin,1
evidencing,1
raising,1
saa,1
sucesos,1
stopping,1
straddle,1
rrom,1
theoretical,1
involves,1
arguably,1
significance,1
ceia,1
compositions,1
florescence,1
meanings,1
appraisal,1
discovered,1
òaa,1
lacustrine,1
andrews,1
stress,1
aided,1
soldiers,1
dominated,1
peter,1
amounts,1
interpret,1
evidently,1
counter,1
held,1
arc,1
renouf,1
reviewers,1
geographically,1
paoers,1
summer,1
sparsely,1
farms,1
distinction,1
dry,1
stages,1
crafted,1
paths,1
revolves,1
mammals,1
shortly,1
illicit,1
interacted,1
theocratic,1
amorphous,1
improved,1
abundant,1
skibo,1
latter,1
paleoseasonality,1
procurement,1
ciega,1
columbian,1
favored,1
problems,1
cogent,1
adelantado,1
plainfallacies,1
normally,1
duration,1
chapel,1
constructing,1
viewpoint,1
successful,1
sight,1
topics,1
blanton,1
inn,1
castellanos,1
remainder,1
seeking,1
probably,1
preand,1
slightly,1
differ,1
dominance,1
spain,1
equivalent,1
parameters,1
oscillations,1
hopewellian,1
grain,1
ground,1
versus,1
impressed,1
green,1
evaluated,1
caution,1
tenuous,1
outright,1
propose,1
minimally,1
examines,1
ours,1
separate,1
tennessee,1
contributes,1
dealing,1
enough,1
wage,1
rico,1
consists,1
route,1
somewhat,1
raiding,1
esta,1
arellano,1
increasing,1
circle,1
resolving,1
today,1
note,1
wanless,1
richest,1
palmetto,1
bureau,1
cabbage,1
she,1
salient,1
linda,1
cedar,1
deptford,1
volumetric,1
laboring,1
weddle,1
practical,1
paleoshorelines,1
bickel,1
hill,1
conch,1
exists,1
widespread,1
sway,1
slow,1
horizon,1
extension,1
referred,1
cuba,1
lost,1
frey,1
health,1
carrollton,1
interacting,1
overrun,1
effectively,1
lives,1
proposition,1
overlap,1
transformation,1
originated,1
deals,1
plains,1
frames,1
standpoint,1
miami,1
helpful,1
extends,1
responsible,1
specious,1
adventure,1
gorman,1
timeline,1
frontier,1
antiquities,1
clovis,1
fields,1
ebb,1
get,1
itself,1
handles,1
canada,1
microstructural,1
kozuch,1
grounded,1
interspersed,1
chattahoochee,1
coincident,1
exchanged,1
definitive,1
distributional,1
matters,1
quantitatively,1
freshwater,1
chechesey,1
maasch,1
nondomesticated,1
heavy,1
josslyn,1
geoscience,1
ceaseless,1
growing,1
suite,1
prohibited,1
lowstand,1
reviewing,1
exploitable,1
firsthand,1
conclusion,1
analogues,1
colonists,1
anonymous,1
conjunction,1
complexes,1
hypothesized,1
oi,1
substrate,1
pace,1
nutritional,1
menendez,1
bronze,1
rival,1
vacant,1
proposes,1
perforated,1
spots,1
whorl,1
doi,1
phillips,1
earle,1
geoarchaeology,1
islas,1
mississippianinfluenced,1
satellite,1
minerals,1
mirrors,1
waggoner,1
defining,1
excess,1
tribute,1
control,1
ß,1
cm,1
scientist,1
theflorida,1
centraleast,1
dunbar,1
sizes,1
sampling,1
seem,1
nets,1
highstand,1
unknown,1
ubiquitous,1
pálsson,1
down,1
nineteenth,1
entrenched,1
temper,1
basins,1
pardo,1
surprisingly,1
cooling,1
harvest,1
altered,1
journals,1
rely,1
infer,1
edible,1
cultivation,1
pit,1
explicitly,1
correlated,1
singleand,1
advances,1
aqui,1
possibility,1
lending,1
purdy,1
google,1
gaffs,1
turned,1
eglin,1
edifices,1
cal,1
id,1
weapons,1
drop,1
suffering,1
according,1
realize,1
sharks,1
proceedings,1
settled,1
implicit,1
ribao,1
means,1
stability,1
twisted,1
supports,1
lane,1
àenes,1
nearby,1
etnnonistoncai,1
proven,1
climatological,1
map,1
refined,1
theory,1
premaize,1
penetration,1
dickinson,1
weinand,1
correlates,1
argued,1
create,1
studying,1
secure,1
dark,1
hypothesize,1
grades,1
imperial,1
patience,1
generally,1
too,1
episode,1
scenarios,1
virginia,1
threat,1
lends,1
earthwork,1
priestley,1
finished,1
spaces,1
socioeconomic,1
brockington,1
dialogues,1
neck,1
ritually,1
recognizing,1
emergent,1
feat,1
paradise,1
classes,1
recognition,1
pits,1
peace,1
met,1
multiseason,1
ohio,1
resorted,1
elucidate,1
madira,1
prevalent,1
confirm,1
procure,1
dorroh,1
predecessors,1
subject,1
lies,1
returning,1
cash,1
agents,1
assumptions,1
controls,1
geophysics,1
maschner,1
rationale,1
measure,1
conventional,1
obtain,1
clarified,1
primed,1
alternating,1
manufacturing,1
metapodial,1
phenomenon,1
mention,1
representation,1
gain,1
aspect,1
sumter,1
neusius,1
contrasts,1
huntergatherers,1
variabilis,1
named,1
multiregional,1
wild,1
chietdoms,1
centennial,1
louisianan,1
chile,1
spring,1
survival,1
multiethnic,1
youth,1
habitats,1
frontiers,1
powers,1
livestock,1
finding,1
knights,1
decrease,1
grappling,1
morphological,1
cucurbita,1
rudicon,1
whitehurst,1
contributed,1
offer,1
prolonged,1
efficient,1
integrated,1
driver,1
dense,1
hunter,1
throat,1
physical,1
provided,1
product,1
bear,1
heartland,1
glass,1
fairfield,1
engraving,1
meyers,1
colleagues,1
defined,1
forming,1
gonzalo,1
backwaters,1
presenting,1
residuum,1
extremely,1
typology,1
marshland,1
association,1
speak,1
ships,1
roughly,1
critiqued,1
practiced,1
roles,1
traveling,1
moved,1
unction,1
spines,1
vessel,1
removed,1
fluctuated,1
themselves,1
semisedentary,1
myers,1
variations,1
oversimplification,1
consisted,1
supply,1
vary,1
reached,1
yearround,1
contrasting,1
enterprise,1
array,1
views,1
asymmetry,1
valley,1
sciences,1
rarely,1
dental,1
images,1
seek,1
observed,1
laborers,1
arnold,1
oí,1
indicating,1
ca,1
manufactured,1
termed,1
race,1
close,1
predicated,1
ilex,1
lastern,1
discern,1
thorough,1
