WORDCOUNTS,WEIGHT
and,1000
of,817
the,814
in,557
a,268
to,164
m,144
new,144
on,143
ancient,138
de,132
j,108
maya,103
for,99
university,99
archaeological,98
d,97
mesoamerica,87
e,85
research,85
american,83
at,80
r,80
archaeology,76
pp,75
mexico,74
c,71
journal,69
world,68
s,65
l,65
g,64
from,64
latin,62
social,62
that,58
production,55
et,55
vol,51
is,51
p,50
have,50
has,49
by,48
an,48
la,48
studies,47
are,47
aztec,46
t,46
antiquity,43
as,42
data,41
classic,40
k,40
h,39
other,39
york,38
mesoamerican,38
with,38
this,37
recent,37
or,36
analysis,36
domestic,36
obsidian,35
ceramic,34
states,34
gender,33
these,33
city,33
be,33
been,32
political,31
b,31
theory,31
en,30
craft,30
w,29
exchange,29
study,28
societies,28
smith,28
y,27
andean,27
complex,26
central,26
household,26
some,25
review,25
their,25
state,25
more,25
instituto,25
cambridge,25
andes,24
its,24
nacional,24
anthropology,24
early,24
archaeologists,23
el,23
del,23
f,23
use,23
we,23
one,22
important,22
south,22
economic,22
anthropological,22
most,22
they,21
schreiber,21
empires,21
prehispanic,20
antropología,20
class,20
not,20
america,19
history,19
were,19
evidence,19
belize,19
field,18
volume,18
lake,18
agriculture,17
perspective,17
cultural,17
several,17
oxford,17
but,17
many,17
include,17
sites,16
ethnicity,16
southern,16
v,16
elite,16
prehistory,16
economy,16
both,16
organization,15
dc,15
society,15
two,15
power,15
patterns,15
systems,15
salt,15
topics,15
much,15
among,15
late,14
material,14
understanding,14
can,14
current,14
advances,14
consumption,14
utah,14
implications,13
within,13
prehistoric,13
model,13
pottery,13
los,13
past,13
groups,12
women,12
ritual,12
arqueología,12
tiwanaku,12
method,12
approach,12
formative,12
culture,12
also,12
feasting,12
period,12
households,12
middle,12
our,12
area,12
conceptual,11
houses,11
site,11
was,11
n,11
oklahoma,11
universidad,11
perspectives,11
published,11
moche,11
empire,11
agricultural,11
urban,11
although,11
between,11
focus,11
inka,10
into,10
sources,10
all,10
case,10
economies,10
excavations,10
van,10
peru,10
irrigation,10
ceramics,10
artifacts,10
regions,10
settlement,10
about,10
useful,10
region,10
postclassic,10
like,10
articles,10
sourcing,10
did,10
far,10
role,10
remains,10
it,9
practices,9
contexts,9
collection,9
oaxaca,9
than,9
topic,9
house,9
austin,9
dumbarton,9
work,9
part,9
community,9
issues,9
only,9
anthropologist,9
do,9
native,9
mortuary,9
questions,9
ethnic,9
article,9
northern,9
life,9
texas,9
press,9
models,9
chemical,9
village,8
stone,8
approaches,8
long,8
nature,8
raised,8
context,8
papers,8
such,8
may,8
museum,8
intensive,8
beyond,8
based,8
found,8
basin,8
estudios,8
people,8
spanish,8
coast,8
san,8
regional,8
areas,8
variation,8
empirical,8
earlier,8
where,8
methods,8
any,8
intensification,8
continues,8
ancestor,8
las,8
works,8
annual,8
need,8
palace,8
valley,8
difficult,7
corporate,7
identity,7
royal,7
source,7
special,7
lowland,7
commoners,7
interpretations,7
thames,7
residential,7
record,7
literature,7
concept,7
wari,7
teotihuacan,7
feasts,7
smithsonian,7
will,7
comparative,7
interpretation,7
palaces,7
guatemala,7
terracing,7
theoretical,7
function,7
institution,7
addressed,7
sampling,7
particularly,7
historical,7
rural,7
better,7
institute,7
art,7
through,7
colonial,7
norman,7
major,7
does,6
now,6
valle,6
investigaciones,6
mexican,6
decade,6
take,6
there,6
issue,6
politics,6
west,6
human,6
includes,6
development,6
center,6
santa,6
publications,6
geological,6
how,6
specialization,6
out,6
journals,6
used,6
sugiura,6
change,6
nasca,6
results,6
activities,6
otis,6
copan,6
edited,6
commoner,6
colección,6
water,6
lack,6
scholars,6
pattern,6
see,6
number,6
polities,6
communities,6
food,6
processes,6
which,6
seen,6
series,6
changing,6
what,6
distribution,6
autónoma,6
formation,6
north,6
pittsburgh,5
western,5
inequality,5
ethnoarchaeological,5
before,5
first,5
address,5
highland,5
religion,5
chiefdoms,5
concepts,5
inca,5
neutron,5
ct,5
landscapes,5
emergence,5
whereas,5
identifying,5
international,5
tools,5
cannot,5
serie,5
public,5
place,5
structures,5
ethnohistoric,5
fieldwork,5
horizon,5
peruvian,5
activation,5
above,5
make,5
technology,5
historia,5
department,5
enclaves,5
others,5
appeared,5
time,5
pennsylvania,5
another,5
nahua,5
producción,5
examples,5
including,5
form,5
significant,5
attention,5
science,5
ideology,5
vertical,5
un,5
rapidly,5
peoples,5
costin,5
different,5
identities,5
spatial,5
leaving,5
alcohol,5
popular,5
vessels,5
centro,5
specific,5
titicaca,5
documentary,5
abandoned,5
group,4
identify,4
tend,4
essays,4
maize,4
lowlands,4
i,4
blackwell,4
investigations,4
british,4
chapters,4
since,4
relations,4
heterogeneity,4
application,4
century,4
speculative,4
explore,4
simplistic,4
scholarly,4
gillespie,4
philadelphia,4
no,4
aimed,4
explicit,4
coastal,4
olmec,4
after,4
population,4
scarborough,4
von,4
civilizations,4
too,4
lithic,4
origins,4
honduras,4
begun,4
term,4
academic,4
focused,4
rubber,4
near,4
information,4
nichols,4
provincial,4
future,4
characterization,4
knowledge,4
describe,4
during,4
documented,4
status,4
working,4
few,4
when,4
antiauity,4
periods,4
likely,4
units,4
variety,4
various,4
chase,4
yet,4
al,4
without,4
mesoamericanists,4
toward,4
pastes,4
usefulness,4
foods,4
figurines,4
behind,4
monographs,4
ground,4
discussion,4
santley,4
cranial,4
salvador,4
continue,4
trade,4
co,4
so,4
latter,4
often,4
structure,4
relative,4
sociopolitical,4
european,4
veneration,4
independent,4
crucial,4
fields,4
collections,4
rethinking,4
yale,4
lapidary,4
volumes,4
mentioned,4
ethnoarchaeology,4
extensive,4
physical,4
alternative,4
cover,4
know,4
argue,4
goods,4
archeological,4
whether,4
volcanic,4
inomata,4
imperial,4
transport,4
using,4
burger,4
cuadernos,4
years,4
national,4
instead,4
americas,4
integration,4
puquios,4
vessel,4
views,4
building,4
ca,4
arizona,4
currently,3
oriented,3
meaning,3
preclassic,3
functional,3
market,3
evans,3
colegio,3
large,3
boca,3
engendering,3
comparisons,3
moving,3
migration,3
hernández,3
agrarian,3
reasons,3
prismatic,3
analyses,3
rich,3
torres,3
written,3
date,3
greatly,3
documenting,3
occasional,3
eastern,3
key,3
gardens,3
buren,3
sixteenth,3
feinman,3
point,3
very,3
pera,3
controlled,3
walnut,3
arqueológica,3
thus,3
relationships,3
reyes,3
duke,3
encyclopedia,3
z,3
rank,3
lancho,3
lineage,3
civilization,3
whose,3
identification,3
his,3
notable,3
serra,3
subsistence,3
importance,3
contributions,3
inah,3
making,3
category,3
changes,3
cerén,3
objects,3
river,3
mirambell,3
syntheses,3
management,3
view,3
mayas,3
española,3
had,3
location,3
chipped,3
format,3
diet,3
initial,3
evaluate,3
ann,3
arqueológico,3
applied,3
excellent,3
wealth,3
however,3
aspects,3
improve,3
flannery,3
basis,3
seminal,3
lópez,3
tombs,3
indigenous,3
antología,3
hirth,3
fit,3
jai,3
rise,3
stanford,3
memoirs,3
refuse,3
bibliographies,3
tool,3
excavated,3
successful,3
moquegua,3
family,3
characteristics,3
arquitectura,3
ancestors,3
up,3
describes,3
quispisisa,3
value,3
finds,3
beverages,3
avoid,3
critical,3
identified,3
synthesis,3
limited,3
tropical,3
estado,3
domination,3
settings,3
reference,3
kluwer,3
under,3
same,3
ethnographic,3
mixtee,3
reports,3
vega,3
petexbatun,3
larger,3
debates,3
considerable,3
discussed,3
took,3
everyday,3
relevant,3
less,3
homenaje,3
perhaps,3
explicitly,3
local,3
classes,3
made,3
assemblages,3
previously,3
crafts,3
toluca,3
conditions,3
aesthetics,3
trend,3
styles,3
described,3
cultura,3
significance,3
emphasizing,3
points,3
symposium,3
would,3
gallery,3
procurement,3
become,3
crc,3
braswell,3
colubrina,3
morelos,3
space,3
provide,3
sometimes,3
testing,3
vague,3
dimensions,3
visual,3
construction,3
fall,3
types,3
ash,3
school,3
bibliografía,3
bioarchaeological,3
cotsen,3
md,3
text,3
prominence,3
iii,3
cities,3
matos,3
distinctive,3
sierra,3
living,3
investigation,3
methodological,3
covers,3
while,3
balance,3
categories,3
socioeconomic,3
nj,3
little,3
assumptions,3
cultivated,3
commodities,3
writing,3
rio,3
think,3
terminal,3
question,3
devoted,3
numerous,3
institutional,3
land,3
otumba,3
ciudad,3
proyecto,3
meals,3
mccafferty,3
scholarship,3
pedro,3
commodity,3
debate,3
gainesville,3
otopame,3
ayacucho,3
technological,3
zapotee,3
ayllu,3
broader,3
enclave,3
courts,2
resolve,2
explosion,2
o,2
metal,2
common,2
way,2
if,2
garcía,2
suggested,2
iowa,2
determine,2
northeast,2
considerably,2
introduction,2
notably,2
sphere,2
enduring,2
maldonado,2
myth,2
entries,2
second,2
english,2
memoria,2
marcus,2
modern,2
plunket,2
emphasize,2
foias,2
indígena,2
princeton,2
annals,2
du,2
consistent,2
ii,2
diego,2
emerged,2
advanced,2
asia,2
puebla,2
archaeologically,2
tradition,2
textiles,2
leading,2
explores,2
suggesting,2
differences,2
origin,2
government,2
mexicana,2
survey,2
real,2
reproduction,2
help,2
achieved,2
nm,2
sacred,2
analogical,2
interno,2
ad,2
takes,2
méxico,2
westview,2
tie,2
king,2
heterarchy,2
iv,2
possible,2
fl,2
activity,2
bibliography,2
sánchez,2
except,2
cited,2
along,2
zone,2
framework,2
iron,2
análisis,2
collapse,2
economía,2
dynamics,2
quality,2
calpolli,2
chavin,2
jade,2
terraces,2
interest,2
jr,2
sample,2
vault,2
given,2
kind,2
norte,2
unidades,2
gaceta,2
cases,2
sanders,2
items,2
clark,2
commercialization,2
monte,2
refer,2
fig,2
serving,2
allowing,2
bone,2
kinship,2
third,2
find,2
schortman,2
tarascan,2
tecnología,2
general,2
azteca,2
industries,2
poor,2
slowed,2
société,2
neff,2
costs,2
expected,2
angeles,2
influential,2
determining,2
parts,2
tree,2
evolution,2
discoveries,2
az,2
shell,2
gallegos,2
franco,2
proposed,2
distressing,2
receiving,2
placed,2
reviewed,2
resource,2
alca,2
plenum,2
excavation,2
decades,2
artistic,2
iconography,2
conquest,2
greater,2
uses,2
textbooks,2
advance,2
problem,2
histories,2
faunal,2
events,2
arqueológicas,2
requirements,2
embedded,2
buried,2
war,2
hinterland,2
mcanany,2
reviews,2
yucatán,2
etnoarqueología,2
recently,2
produced,2
hendon,2
scale,2
technical,2
because,2
colonies,2
overviews,2
palacio,2
reader,2
prominent,2
brought,2
museo,2
discusses,2
example,2
symbolism,2
comment,2
sociedades,2
ten,2
realm,2
northwest,2
inferences,2
contains,2
records,2
dietler,2
gonzález,2
systematic,2
occidente,2
reconstructing,2
artifact,2
trends,2
relaciones,2
tejido,2
hosler,2
good,2
interregional,2
acta,2
sense,2
level,2
ago,2
wi,2
merino,2
shaping,2
alcoholic,2
cacao,2
attached,2
tended,2
impossible,2
dedicated,2
always,2
managed,2
visible,2
scott,2
sayula,2
progress,2
coe,2
poorly,2
ceren,2
provenance,2
massive,2
geographical,2
situation,2
absence,2
contact,2
tetimpa,2
architecture,2
noble,2
scientific,2
provenience,2
techniques,2
wetland,2
fabiola,2
still,2
religious,2
mayab,2
competition,2
lagged,2
peregrine,2
thought,2
precolumbian,2
continuity,2
metallurgical,2
antiauitv,2
home,2
abandon,2
floor,2
indian,2
insights,2
bar,2
challenge,2
comparison,2
limit,2
analytical,2
joyce,2
stories,2
temples,2
caciques,2
mummy,2
really,2
contemporary,2
católica,2
mesoamenca,2
forms,2
men,2
mayanists,2
continuing,2
realms,2
hastorf,2
ahead,2
books,2
caracol,2
mcguire,2
argues,2
original,2
commercialized,2
analyzed,2
upon,2
eighteenth,2
increase,2
worship,2
unfortunately,2
temas,2
similar,2
clear,2
michoacán,2
three,2
velazquez,2
language,2
urbanism,2
congreso,2
individual,2
citv,2
architectural,2
revised,2
américanistes,2
last,2
standard,2
provides,2
winfield,2
obsidiana,2
especially,2
random,2
constructing,2
geographers,2
figures,2
versus,2
conquista,2
embodied,2
arbor,2
tula,2
metallurgy,2
enough,2
pictorial,2
relationship,2
today,2
tomo,2
río,2
powis,2
order,2
discard,2
male,2
slow,2
success,2
compositional,2
settled,2
batalla,2
united,2
hope,2
conservation,2
cardale,2
manifesting,2
considered,2
earliest,2
practice,2
growing,2
boletín,2
psychoactive,2
soil,2
symbolic,2
bronze,2
época,2
control,2
región,2
seem,2
capital,2
best,2
down,2
ideological,2
rely,2
animal,2
william,2
unique,2
them,2
webster,2
bibliographic,2
particular,2
laguna,2
extent,2
foundations,2
periphery,2
produce,2
generally,2
suggests,2
paleoecology,2
revista,2
des,2
researchers,2
presented,2
multiple,2
pre,2
beer,2
became,2
nutrition,2
variability,2
strong,2
webb,2
chile,2
nonelite,2
illinois,2
stratification,2
ojo,2
publishing,2
offer,2
typically,2
templo,2
specialists,2
sur,2
earthen,2
effects,2
association,2
pontificia,2
archaic,2
martínez,2
interaction,2
traditional,2
images,2
billman,2
southeastern,2
built,2
roles,2
wilk,2
bundles,2
final,1
frequent,1
founding,1
paleoethnobotany,1
requires,1
medicinal,1
done,1
provisioning,1
brumfiel,1
machu,1
adulthood,1
kepecs,1
jewels,1
horizontal,1
cactus,1
later,1
stylistic,1
milieu,1
montes,1
hieroglyphic,1
glascock,1
represent,1
jampatilla,1
reconsiderine,1
shrines,1
environmental,1
expedition,1
resulted,1
centros,1
girl,1
durante,1
appear,1
hallucinogens,1
distributed,1
germany,1
sitios,1
prem,1
beneath,1
becoming,1
valerie,1
womanhood,1
needed,1
jury,1
nonkin,1
objetos,1
kinds,1
agency,1
enhance,1
designed,1
prime,1
picked,1
ruiz,1
ma,1
linkages,1
specialist,1
true,1
actividad,1
cuzco,1
chivay,1
postprocessual,1
mit,1
upheaval,1
candidate,1
ó,1
boulder,1
considerations,1
archaeoastronomical,1
realities,1
trilogy,1
tnnrinn,1
raw,1
easily,1
organic,1
osteological,1
presents,1
travertine,1
occurred,1
microbial,1
preindustrial,1
cornell,1
pots,1
accomplishments,1
something,1
arguing,1
englewood,1
chapdelaine,1
mexicaines,1
hearts,1
chief,1
descriptions,1
diversity,1
andina,1
eépoca,1
pérez,1
turning,1
llano,1
leads,1
efficacy,1
dictionaries,1
negative,1
test,1
lower,1
round,1
sanai,1
upland,1
either,1
explaining,1
permit,1
huastec,1
inc,1
modest,1
lexington,1
reconstructions,1
labor,1
tribute,1
approche,1
pulque,1
interests,1
famsi,1
colors,1
taken,1
aldenderfer,1
nonfood,1
ciencias,1
concentrated,1
huancavelica,1
spencer,1
pampas,1
rapid,1
rita,1
beautiful,1
chupícuaro,1
steadman,1
england,1
referees,1
active,1
seems,1
orno,1
definition,1
gary,1
dramatically,1
frederick,1
principles,1
book,1
excavating,1
atalaya,1
secondary,1
together,1
moneda,1
featuring,1
imagery,1
momentum,1
confusion,1
thank,1
richards,1
achievement,1
follows,1
studied,1
getty,1
court,1
theorv,1
intercambio,1
prevail,1
listed,1
mujeres,1
search,1
methological,1
enhanced,1
improved,1
andinas,1
emphasized,1
those,1
mexicon,1
classified,1
platforms,1
overdescribed,1
reading,1
bioarchaeology,1
matrimonia,1
outstripped,1
dd,1
stopped,1
worldwide,1
debitage,1
system,1
bogotá,1
theorizing,1
generosity,1
weaving,1
mexicas,1
sophisticated,1
rivalry,1
verlag,1
catching,1
conspicuous,1
advice,1
continuum,1
arequipa,1
primary,1
especialización,1
mass,1
demography,1
discuss,1
right,1
great,1
mujer,1
addresses,1
bandwagon,1
asturias,1
design,1
struggling,1
updates,1
tendencias,1
colombia,1
account,1
inverse,1
replacement,1
culver,1
prior,1
logical,1
cooperation,1
securely,1
tariacuris,1
gift,1
jacinto,1
deformation,1
october,1
preceramic,1
moseley,1
magazine,1
flank,1
measuring,1
fine,1
internet,1
stratigraphy,1
occurring,1
interdisciplinary,1
variations,1
say,1
asserting,1
resources,1
expresión,1
advocating,1
quantity,1
dynamic,1
hispánicas,1
genetic,1
decreasing,1
promises,1
identifies,1
olmecas,1
warfare,1
audience,1
behavior,1
localized,1
factional,1
acknowledgments,1
ranked,1
learned,1
hierarchy,1
tulane,1
janusek,1
frequencies,1
homage,1
doms,1
phase,1
comments,1
ronald,1
rutas,1
harcourt,1
southwestern,1
merchants,1
doris,1
madrid,1
blades,1
estimating,1
facts,1
cambio,1
incas,1
depressions,1
due,1
chocolate,1
pursuit,1
carsten,1
september,1
lockhart,1
mesoamericanos,1
millennium,1
gaining,1
lectures,1
relatively,1
alfareros,1
sp,1
richardson,1
portray,1
petrography,1
lacustre,1
tucson,1
delmorelos,1
threatens,1
seeming,1
residences,1
menor,1
extensively,1
privilege,1
nonstate,1
ai,1
cerámicos,1
nelson,1
ethnohistorically,1
distinct,1
nor,1
honored,1
hendrik,1
keep,1
archaeoastronomy,1
balls,1
depend,1
back,1
body,1
smallholders,1
consumer,1
tecnologías,1
holds,1
handbook,1
served,1
brace,1
egypt,1
single,1
drives,1
misleading,1
overarching,1
austria,1
chichén,1
even,1
bolivia,1
student,1
pueblo,1
island,1
deceased,1
communication,1
brunns,1
longdistance,1
traditions,1
descriptive,1
cobean,1
metamorphosis,1
adult,1
valleys,1
influence,1
acknowledge,1
competitive,1
conceptually,1
mezquital,1
capitals,1
xochicalco,1
crossroads,1
newer,1
costa,1
toltec,1
uppsala,1
hydraulic,1
hotly,1
mechanisms,1
excavate,1
interesting,1
pacific,1
foretell,1
retainers,1
adequate,1
legitimation,1
german,1
espacio,1
following,1
aveni,1
zapoteco,1
textil,1
links,1
growth,1
performance,1
residence,1
intraregional,1
absent,1
arising,1
highlands,1
generations,1
essence,1
adds,1
remain,1
buenavista,1
fermented,1
particularistic,1
basic,1
landscape,1
jalisco,1
johnston,1
itzá,1
process,1
mean,1
computeraided,1
cult,1
deliberately,1
taller,1
waned,1
polychrome,1
elitesponsored,1
demarcating,1
resume,1
corina,1
appears,1
amazonian,1
grew,1
archaeometry,1
ah,1
entre,1
pisos,1
direct,1
balanced,1
kilns,1
desperately,1
generating,1
creek,1
cave,1
scales,1
cooking,1
ambergris,1
distant,1
concha,1
feel,1
productive,1
factors,1
primer,1
firmer,1
ames,1
addressing,1
altar,1
asociación,1
means,1
references,1
heredia,1
lives,1
diccionario,1
litica,1
developments,1
bad,1
vastly,1
servants,1
calcified,1
females,1
consider,1
locally,1
niirlrwnrth,1
established,1
hierarchical,1
devoting,1
nava,1
lima,1
tecnologia,1
energy,1
eschew,1
linked,1
artificial,1
driven,1
unimportant,1
americanists,1
recherches,1
articulated,1
masson,1
weak,1
fore,1
upper,1
solid,1
advancing,1
situations,1
potters,1
four,1
macf,1
resorted,1
show,1
gero,1
alta,1
michoacano,1
iconográfico,1
abbeville,1
polanyi,1
exploited,1
ecuador,1
additional,1
textile,1
monographic,1
albuquerque,1
follow,1
orange,1
procedures,1
followed,1
cotton,1
evaluation,1
ponce,1
territorial,1
imprecise,1
painted,1
terminology,1
exploitation,1
snuffing,1
permanent,1
spouted,1
dominant,1
helped,1
peaceful,1
export,1
uncritically,1
hamann,1
stands,1
numerical,1
tn,1
overpopulation,1
talking,1
opening,1
expressed,1
result,1
posible,1
lead,1
whom,1
professionals,1
bearing,1
avenue,1
analog,1
could,1
nonrandom,1
appearance,1
kingship,1
called,1
strength,1
homogenizing,1
ubelaker,1
access,1
treatments,1
effort,1
behavioral,1
lived,1
tallied,1
users,1
economics,1
tipología,1
caminos,1
relate,1
alban,1
endeavor,1
luxury,1
latinoamericanistas,1
fie,1
eat,1
chiconautla,1
collanse,1
ethnohistorical,1
overburdened,1
markets,1
amazon,1
facultad,1
pioneered,1
ranking,1
occupation,1
nobles,1
barba,1
rectification,1
kathanna,1
culinary,1
burial,1
cobweb,1
annales,1
viewed,1
osmore,1
intensity,1
promise,1
wherein,1
geografía,1
thin,1
unconvincing,1
hare,1
fashionable,1
metals,1
ciénegas,1
faugere,1
sport,1
tension,1
outlined,1
required,1
topical,1
wide,1
blake,1
tracking,1
freidel,1
hicks,1
isotope,1
periodical,1
expressions,1
followup,1
affair,1
memory,1
mummies,1
silver,1
expensive,1
highlanders,1
shape,1
directly,1
none,1
line,1
decipherment,1
formerly,1
pesca,1
updated,1
bc,1
reinterpreting,1
douglas,1
unírmela,1
residents,1
mayer,1
aoyama,1
instituted,1
comprises,1
locus,1
claim,1
elson,1
significantly,1
nc,1
advancement,1
london,1
evidencia,1
related,1
end,1
ladrón,1
marketplace,1
description,1
colha,1
desarrollo,1
shanks,1
tale,1
shamanic,1
discussions,1
refined,1
policies,1
climatic,1
princely,1
thematically,1
fruitful,1
inkas,1
statistics,1
lanham,1
geoarchaeolosy,1
rituals,1
call,1
salazar,1
lifeways,1
bishop,1
canto,1
viewnoints,1
contentious,1
away,1
schwartz,1
riding,1
vísperas,1
lau,1
interpreted,1
own,1
conformación,1
polity,1
minds,1
contradictions,1
chemistry,1
amazonia,1
moguel,1
bodies,1
foci,1
uniqueness,1
downtrodden,1
anadenanthera,1
tough,1
responses,1
independently,1
legacy,1
least,1
prehispaniques,1
ungrounded,1
polaco,1
painting,1
viable,1
spatially,1
theoretically,1
assay,1
dunning,1
tempe,1
trading,1
next,1
investigación,1
través,1
patzcuaro,1
synthesized,1
cultivating,1
assemble,1
rutgers,1
hilado,1
precontact,1
grained,1
emerging,1
paleoclimates,1
bergin,1
fast,1
around,1
small,1
heeded,1
òi,1
chan,1
sufficient,1
ignore,1
workshops,1
wider,1
highly,1
starting,1
disaster,1
breaking,1
presence,1
dramatic,1
platform,1
entrada,1
villages,1
llagostera,1
spence,1
lukurmata,1
descendants,1
majority,1
critiquing,1
dependent,1
maxwell,1
hayden,1
correspondence,1
reconstruyendo,1
literacies,1
relic,1
appropriate,1
grateful,1
provided,1
scarecrow,1
preliminary,1
sheehy,1
moved,1
actions,1
promising,1
cotidiano,1
mixtees,1
bassin,1
moretta,1
replacing,1
leche,1
crafi,1
happen,1
chinchilla,1
mixteca,1
copyediting,1
pertaining,1
turquoise,1
statuses,1
highlights,1
maguey,1
he,1
academv,1
genesis,1
ceremonial,1
popocatepetl,1
onset,1
hindered,1
vanderbilt,1
publishers,1
populations,1
téllez,1
criticize,1
expansion,1
yucatan,1
charlton,1
observations,1
play,1
brief,1
chieftaincy,1
hagen,1
female,1
albany,1
death,1
brings,1
modo,1
jewelry,1
standardization,1
etc,1
oppressed,1
housework,1
multigenerational,1
grande,1
slower,1
garden,1
expanded,1
americana,1
marilyn,1
targeted,1
movement,1
hester,1
put,1
hold,1
iannone,1
tends,1
ofnachan,1
structural,1
verticality,1
gijseghem,1
plebians,1
verde,1
para,1
guide,1
once,1
contributing,1
glossy,1
elaboration,1
violence,1
metalurgia,1
americans,1
coverage,1
makes,1
strange,1
serve,1
pastrana,1
rain,1
sex,1
sounds,1
historiadores,1
sociocultural,1
restricted,1
chronology,1
saltmakers,1
nahuas,1
harsher,1
anthropologies,1
processing,1
profane,1
included,1
editorial,1
une,1
subset,1
domestique,1
light,1
quarries,1
sourced,1
middleton,1
hermilio,1
saw,1
wright,1
nudzahui,1
veritable,1
crespo,1
watering,1
disrupted,1
noted,1
stark,1
cerámica,1
longer,1
highprofile,1
street,1
nova,1
tlaxcalan,1
balancing,1
members,1
resolution,1
boying,1
critiques,1
french,1
untested,1
houston,1
skyband,1
gobierno,1
stronger,1
discontinued,1
mighty,1
mark,1
piante,1
jadeite,1
turner,1
carré,1
renewed,1
locating,1
pointed,1
europe,1
reporting,1
ecological,1
ask,1
towns,1
andeanists,1
visita,1
addition,1
added,1
doméstico,1
matacapan,1
antiauiry,1
ecuadorian,1
complementary,1
crops,1
santos,1
eliteness,1
fact,1
provincia,1
shows,1
outside,1
ixchel,1
treatment,1
fundamental,1
alloys,1
subsistencia,1
creative,1
archaeolooy,1
huánuco,1
agree,1
documents,1
taxonomy,1
germans,1
superiores,1
mohr,1
isolate,1
winsborough,1
diverse,1
metales,1
nebulous,1
farming,1
attire,1
knobloch,1
debated,1
descended,1
resolved,1
external,1
mulùethmcity,1
chiefdom,1
honor,1
quattrin,1
formativo,1
conclusions,1
antropologia,1
dillinger,1
drinking,1
paris,1
centre,1
cruz,1
alto,1
joya,1
discussing,1
square,1
intersite,1
developing,1
inroads,1
karl,1
mava,1
norwegian,1
michael,1
universitiv,1
paleoethnobotanical,1
coloquio,1
archaeodress,1
ports,1
necessary,1
exotic,1
showing,1
nueva,1
fewer,1
preparation,1
metropolitan,1
upswing,1
style,1
assemblage,1
paso,1
siglo,1
telili,1
locations,1
olmecs,1
ecology,1
replaced,1
degree,1
sal,1
bulletin,1
lags,1
mats,1
empirically,1
aggregation,1
microscopic,1
technologies,1
greatest,1
exploring,1
cure,1
extended,1
vast,1
rulers,1
fiijds,1
gordon,1
effectiveness,1
managerial,1
periodlcacicazgos,1
chiefly,1
range,1
helps,1
limitations,1
refining,1
desert,1
bruhns,1
deposits,1
seitz,1
ethnology,1
feeding,1
sufficiently,1
pirámide,1
silverman,1
manifestations,1
canals,1
balkansky,1
lozada,1
complexities,1
tighter,1
top,1
findings,1
garza,1
entirely,1
masterful,1
prehispánicos,1
andinos,1
encyclopedias,1
rivers,1
virtually,1
excavaciones,1
manipulation,1
complements,1
pleasure,1
reprinting,1
karst,1
actual,1
variables,1
maintains,1
básica,1
stay,1
redistributive,1
radiocarbon,1
chosen,1
full,1
ceremonies,1
literate,1
recruitment,1
neotropical,1
california,1
students,1
publish,1
whitmore,1
habitacionales,1
citing,1
documentos,1
fumnfi,1
ties,1
aee,1
explorations,1
royalty,1
colombiano,1
adding,1
authors,1
hiatus,1
comprehensive,1
publication,1
newsletter,1
dominated,1
clue,1
essay,1
maintenance,1
arroyo,1
psicoattivi,1
held,1
filloy,1
eve,1
chesson,1
times,1
powerful,1
characterized,1
hughjones,1
xalla,1
plant,1
ñawpa,1
attribution,1
caso,1
cache,1
housed,1
pompeii,1
devise,1
shortly,1
accurate,1
probable,1
southcentral,1
fancy,1
zamora,1
abundant,1
adequately,1
españa,1
gardening,1
strict,1
favored,1
mexica,1
readers,1
discarded,1
problems,1
condición,1
ratios,1
escuela,1
tenochùtlan,1
viewpoint,1
relation,1
hoshower,1
suffers,1
unoccupied,1
hildebrand,1
hi,1
corners,1
henry,1
artisans,1
spatiality,1
probably,1
ethnohistory,1
preand,1
bored,1
traje,1
yacimiento,1
dominance,1
southwest,1
morris,1
workshop,1
rovner,1
puauios,1
accounts,1
anadananthera,1
imported,1
composti,1
propose,1
chert,1
specialty,1
widely,1
stereotypes,1
applies,1
codices,1
hispánica,1
hunt,1
separate,1
dietary,1
bee,1
contributes,1
pohl,1
ranging,1
asking,1
cereal,1
fifty,1
veracruz,1
vaughn,1
relying,1
lo,1
entailing,1
drennan,1
archipelago,1
modification,1
ingenieros,1
dictionary,1
revise,1
coupled,1
transformations,1
window,1
tuxtla,1
cemithualtin,1
replied,1
lot,1
continued,1
chance,1
linda,1
five,1
foreign,1
antes,1
quasirandom,1
program,1
reasonable,1
domésticas,1
quarrying,1
lines,1
widespread,1
institutions,1
quiñones,1
chikinchel,1
explotación,1
directions,1
strongly,1
imperialism,1
curation,1
juan,1
circumstance,1
anthronoloqical,1
tributaries,1
adherence,1
wilson,1
inadequate,1
indicate,1
figurine,1
linking,1
literacy,1
strides,1
fe,1
máximo,1
dead,1
becán,1
ethnograpner,1
idioms,1
exists,1
get,1
período,1
itself,1
face,1
uso,1
arts,1
mounds,1
interpretive,1
premier,1
coincided,1
rigorous,1
sociedad,1
guatemalan,1
middens,1
door,1
distributional,1
anéeles,1
detail,1
quantitative,1
burned,1
freshwater,1
sections,1
markt,1
abandonment,1
variable,1
experiment,1
arte,1
heavy,1
monument,1
associated,1
salines,1
relates,1
fernández,1
mio,1
complexity,1
león,1
incorporated,1
girling,1
must,1
simply,1
ever,1
celtic,1
cayo,1
known,1
beverage,1
slope,1
les,1
favors,1
temporal,1
tagua,1
claims,1
crafters,1
narrowly,1
temple,1
sciences,1
organizational,1
offers,1
ofv,1
geoarchaeology,1
antropológicas,1
set,1
rurales,1
methodologically,1
shortcoming,1
quickly,1
mesoamérica,1
identidad,1
dimension,1
flow,1
over,1
synthesizes,1
sociales,1
colonization,1
each,1
evolved,1
escriturario,1
pedestrian,1
interrupted,1
paper,1
specialized,1
organized,1
expanding,1
global,1
extraction,1
connection,1
setting,1
exploration,1
simposio,1
ubiquitous,1
ecológicos,1
volcano,1
arqueoictiofauna,1
iglesias,1
half,1
report,1
allied,1
inquiry,1
usos,1
foundation,1
cronología,1
metaphorical,1
bolivian,1
speculation,1
themes,1
nouvelles,1
infer,1
ethnoarcheologique,1
benefit,1
booklength,1
cultivation,1
reflected,1
generalized,1
greenstone,1
placing,1
closest,1
just,1
type,1
places,1
turned,1
analytically,1
subterranean,1
salomon,1
id,1
sexual,1
kievit,1
hall,1
jennings,1
proceedings,1
combined,1
terms,1
selected,1
plants,1
orleans,1
tailored,1
quote,1
antropológica,1
barrios,1
huari,1
urbanismo,1
sus,1
artifactual,1
contrasting,1
map,1
ripe,1
adaptation,1
transaction,1
waters,1
utilitarian,1
correlates,1
fedick,1
hernandez,1
prestige,1
studying,1
abruptly,1
require,1
cloth,1
migrations,1
lagging,1
lecount,1
springer,1
apartment,1
minimal,1
emphasis,1
rosado,1
holocene,1
remodeled,1
marc,1
outline,1
paintings,1
preserved,1
age,1
tlwanaku,1
indumentaria,1
extracts,1
kin,1
wiedenneld,1
hieroglyphs,1
diachronie,1
mayor,1
giving,1
subject,1
plans,1
transition,1
disciplines,1
step,1
osidian,1
sheets,1
vertically,1
target,1
contribute,1
entry,1
obtain,1
resistance,1
reconstruct,1
arguments,1
complementarity,1
manufacturing,1
antigua,1
copper,1
pina,1
indians,1
glyphic,1
hilltop,1
au,1
gain,1
detailed,1
snuff,1
crañ,1
precision,1
analogy,1
come,1
named,1
factionalism,1
white,1
antiguo,1
enthusiasm,1
shown,1
until,1
argument,1
urbanization,1
biennial,1
generate,1
zones,1
unencumbered,1
initiated,1
intensified,1
paradigm,1
milpa,1
fibers,1
crisis,1
anthrovolozist,1
documentation,1
structuring,1
contributed,1
move,1
joined,1
disagree,1
proceeding,1
lewenstein,1
manufacture,1
cautionary,1
heartland,1
altiplano,1
glass,1
regular,1
france,1
playing,1
defined,1
attempted,1
diaspora,1
haphazard,1
nonmarket,1
presenting,1
typology,1
signals,1
indices,1
summary,1
anonymous,1
organización,1
thousand,1
pluriétnica,1
contradicted,1
modeling,1
aztecs,1
pertain,1
biotica,1
substitute,1
commonsense,1
archaeologica,1
portrait,1
plethora,1
themselves,1
pathways,1
broadening,1
elites,1
cook,1
brideservice,1
contemnorarv,1
salinera,1
glyph,1
deposition,1
substantial,1
element,1
northwestern,1
surveys,1
aguateca,1
desperate,1
seek,1
anton,1
observed,1
ballcourts,1
infancy,1
proceso,1
should,1
histórico,1
exploraciones,1
christina,1
doing,1
stucture,1
prrhixtorv,1
representational,1
quiche,1
gold,1
hypothesis,1
