WORDCOUNTS,WEIGHT
the,811
and,589
of,570
a,300
in,285
or,220
to,218
p,180
pp,131
at,130
that,129
m,128
were,128
for,118
their,106
as,99
by,92
are,90
was,87
fortifications,83
bastions,83
gates,81
is,81
with,81
j,80
military,77
be,75
university,71
on,69
these,66
from,64
defensive,62
ditches,62
have,62
new,61
they,60
had,59
ancient,59
only,56
most,55
more,54
this,53
gate,51
one,50
not,50
function,48
it,47
ditch,47
other,44
bc,44
an,44
would,43
features,43
such,41
archaeol,41
res,41
springer,41
than,39
bastion,39
curtain,39
wall,38
no,37
used,37
but,37
walls,36
many,36
all,35
york,35
we,34
baffled,34
because,33
defended,32
any,32
c,32
between,30
also,29
oxford,28
roman,28
found,27
prehistoric,27
its,27
ad,25
early,25
cambridge,24
near,24
fortification,24
form,24
d,24
if,23
them,23
attackers,23
some,22
b,22
when,22
deep,22
range,22
been,22
even,21
age,21
r,21
weapons,21
fire,21
defenders,21
historical,21
both,21
built,21
effective,20
neolithic,19
those,19
along,19
intervals,19
several,19
two,19
defense,19
can,19
very,19
while,19
curtains,19
our,19
maximum,19
recommended,18
functions,18
could,18
sites,18
purpose,18
often,18
must,18
enceinte,18
screened,17
archaeologists,17
spaced,17
g,17
fig,17
may,17
late,17
enceintes,17
least,17
forms,17
archaeology,17
history,16
backed,16
who,16
north,16
simple,15
there,15
warfare,15
flanked,15
less,15
use,15
which,15
known,15
chambered,15
area,15
enclosure,15
later,14
h,14
first,14
east,14
american,14
high,14
database,14
london,14
enclosures,14
sections,14
spacing,14
modern,13
either,13
side,13
vol,13
n,13
almost,13
et,13
where,13
sometimes,13
usually,13
length,13
ft,13
city,13
fortified,12
defenses,12
being,12
world,12
human,12
against,12
after,12
just,12
greater,12
always,12
same,12
adjacent,12
so,12
especially,12
earliest,12
over,12
what,12
given,12
much,12
should,12
common,11
into,11
before,11
barriers,11
e,11
minimum,11
militarily,11
has,11
outer,11
water,11
plan,11
european,11
cross,11
eastern,10
de,10
towers,10
century,10
main,10
t,10
section,10
called,10
settlement,10
few,10
inset,10
about,10
army,10
construction,10
spoil,10
difficult,9
large,9
might,9
right,9
ritual,9
inner,9
barrier,9
site,9
ranges,9
missouri,9
wide,9
above,9
rectangular,9
useful,9
see,9
archaeological,9
table,9
interval,9
became,9
evidence,9
livestock,9
does,8
completely,8
s,8
europe,8
i,8
case,8
philo,8
regarding,8
iron,8
weapon,8
costs,8
l,8
w,8
surface,8
irrigation,8
outset,8
flanking,8
f,8
serve,8
larger,8
classical,8
palisades,8
why,8
regularly,8
slope,8
bronze,8
natural,8
half,8
upper,8
missiles,8
until,8
average,8
extremely,8
chicago,8
observed,8
medieval,7
utility,7
complex,7
long,7
every,7
facts,7
possible,7
except,7
sawteeth,7
surrounded,7
unequivocally,7
trapezoidal,7
front,7
prehistory,7
war,7
symbols,7
steep,7
holy,7
next,7
ramparts,7
yet,7
prehistorians,7
noted,7
semicircular,7
do,7
clear,7
three,7
historic,7
force,7
indicate,7
centuries,7
civilizations,7
simply,7
universal,7
defend,7
thames,7
middle,7
little,7
subject,7
years,7
enclosed,7
since,6
represent,6
college,6
settlements,6
america,6
obvious,6
apart,6
bottom,6
labor,6
thus,6
historically,6
nor,6
old,6
served,6
square,6
tower,6
commonly,6
éperon,6
access,6
bow,6
having,6
part,6
symbolism,6
urban,6
around,6
small,6
protect,6
st,6
society,6
south,6
he,6
various,6
gabriel,6
short,6
intended,6
projecting,6
expose,6
personal,6
ground,6
distance,6
number,6
mississippian,6
times,6
composite,6
interpretations,6
shallow,6
greek,6
naturally,6
primarily,6
yale,6
bastioned,6
symbolic,6
best,6
passage,6
whether,6
too,6
popular,6
siege,6
peaceful,5
actual,5
broken,5
within,5
british,5
projectile,5
recorded,5
primary,5
west,5
central,5
baffles,5
drainage,5
circumference,5
egypt,5
compared,5
left,5
ideal,5
purely,5
dc,5
cultural,5
cannot,5
well,5
baffle,5
during,5
universally,5
optimal,5
below,5
lowest,5
villages,5
located,5
classic,5
strategic,5
forts,5
interpretation,5
us,5
culture,5
sling,5
longer,5
areas,5
time,5
end,5
external,5
enough,5
empire,5
vulnerable,5
necessary,5
perhaps,5
another,5
thousands,5
values,5
sides,5
region,5
rare,5
like,5
outside,5
article,5
narrow,5
note,5
africa,5
independent,5
widespread,5
lawrence,5
serpentine,5
dead,5
extensions,5
considered,5
cannon,5
then,5
constructed,5
trenches,5
constructions,5
imperial,5
apparently,5
through,5
despite,5
leicester,5
plans,5
nonhuman,5
jahresschrift,5
redrawn,5
need,5
earthen,5
bottoms,5
consisted,5
immediately,5
ca,5
chambers,5
slits,4
village,4
san,4
o,4
western,4
occurred,4
sources,4
barré,4
certainly,4
reach,4
uncovered,4
hunting,4
china,4
behind,4
depends,4
historians,4
fur,4
throughout,4
predators,4
cases,4
ct,4
simplest,4
third,4
find,4
excavate,4
town,4
across,4
approaches,4
certain,4
direct,4
plus,4
clearly,4
buttresses,4
four,4
hit,4
important,4
closely,4
location,4
erosion,4
handbook,4
chinese,4
record,4
data,4
outsets,4
mittledeutsche,4
protected,4
josephus,4
actually,4
documented,4
away,4
surrounding,4
interpreted,4
mesopotamia,4
field,4
characteristics,4
walled,4
texas,4
up,4
using,4
contact,4
still,4
builders,4
single,4
indian,4
largest,4
rock,4
wooden,4
compound,4
contemporary,4
golden,4
seldom,4
discussed,4
assault,4
maya,4
made,4
explanation,4
width,4
low,4
soldiers,4
dry,4
internal,4
probably,4
slightly,4
greece,4
invented,4
relative,4
widely,4
depth,4
provide,4
dimensions,4
millennia,4
vorgeschichte,4
temple,4
different,4
seem,4
daub,4
appendix,4
inca,4
enemy,4
houses,4
build,4
cities,4
works,4
type,4
merely,4
places,4
explanations,4
terms,4
require,4
hundreds,4
boston,4
african,4
target,4
camps,4
correlated,4
regular,4
oldest,4
desert,4
schematic,4
among,4
recent,4
hypothesis,4
inward,3
deny,3
meaning,3
correlations,3
separated,3
implies,3
per,3
passing,3
center,3
stone,3
second,3
former,3
excavation,3
uses,3
matter,3
source,3
turning,3
california,3
banpo,3
meters,3
muskets,3
height,3
inflict,3
accumulated,3
origin,3
government,3
feature,3
miles,3
sacred,3
principal,3
dd,3
worldwide,3
bases,3
reaching,3
point,3
far,3
beneath,3
includes,3
accuracy,3
bent,3
interior,3
sediment,3
missile,3
geometry,3
unshielded,3
better,3
keep,3
highest,3
twice,3
journal,3
architects,3
general,3
civilization,3
recognized,3
testimony,3
traffic,3
institution,3
flanks,3
generally,3
firing,3
reason,3
dyer,3
latin,3
invariably,3
show,3
origins,3
cunliffe,3
peru,3
cost,3
calgary,3
moving,3
came,3
typical,3
castles,3
out,3
handheld,3
austin,3
pass,3
base,3
meter,3
handthrown,3
oklahoma,3
scale,3
expensive,3
minimal,3
polybius,3
circumstantial,3
carry,3
unless,3
shallower,3
hnai,3
dozens,3
people,3
javelin,3
structures,3
stationary,3
status,3
purposely,3
excavated,3
legions,3
spanish,3
wider,3
smithsonian,3
temporary,3
bellicose,3
cattle,3
plausible,3
velocity,3
activities,3
ditched,3
champion,3
will,3
nonsettlement,3
exterior,3
van,3
logically,3
deadly,3
make,3
once,3
keeley,3
exactly,3
exposure,3
neither,3
included,3
complete,3
ethnographic,3
rise,3
fill,3
volume,3
french,3
attacks,3
archaeologically,3
others,3
available,3
printing,3
appeared,3
towering,3
minimize,3
never,3
purposes,3
tell,3
council,3
crossbows,3
examples,3
increase,3
angle,3
engineers,3
variables,3
rammed,3
dating,3
trade,3
sumerian,3
authors,3
period,3
administrative,3
earlier,3
latter,3
artificial,3
k,3
parallel,3
editors,3
destruction,3
la,3
defensible,3
delhi,3
continued,3
france,3
practical,3
nonmilitary,3
corrals,3
lbk,3
unclear,3
bows,3
extra,3
addressed,3
peaceable,3
mentioned,3
athens,3
weaponry,3
social,3
interrupted,3
mallory,3
did,3
argue,3
past,3
hacilar,3
undercut,3
ones,3
references,3
particular,3
independently,3
mere,3
level,3
occasionally,3
entrance,3
slopes,3
egyptian,3
mention,3
ends,3
palisade,3
locations,3
notes,3
tactically,3
illinois,3
efficient,3
typically,3
physical,3
remains,3
francisco,3
requires,3
close,3
themselves,3
norman,3
corral,3
focus,3
southeastern,3
deeper,3
miller,2
triple,2
projected,2
surficial,2
declared,2
correlation,2
functional,2
evaporation,2
hillforts,2
alone,2
enclosing,2
persia,2
debris,2
needed,2
conducted,2
discover,2
deepest,2
diplomatic,2
ma,2
english,2
strictly,2
easily,2
mazar,2
reasonably,2
geometric,2
result,2
princeton,2
du,2
debilitating,2
arms,2
round,2
rubane,2
cast,2
deter,2
undermine,2
nonexistent,2
ii,2
culturally,2
address,2
conflict,2
england,2
seems,2
bloomington,2
dramatically,2
crops,2
secondary,2
daily,2
borders,2
farmers,2
modoc,2
able,2
court,2
scheme,2
consist,2
caesar,2
barred,2
papers,2
habuba,2
narrower,2
depending,2
king,2
coalescent,2
mass,2
discuss,2
great,2
prescriptions,2
retain,2
design,2
hyginus,2
activity,2
tropical,2
solely,2
x,2
painfully,2
desirable,2
enter,2
fossae,2
rifle,2
exposed,2
descendents,2
apex,2
endanger,2
immobile,2
countless,2
attacked,2
millennium,2
relatively,2
excavations,2
measurable,2
encyclopedia,2
living,2
extensively,2
hs,2
turn,2
blank,2
refer,2
boundary,2
difficulty,2
continuous,2
artillery,2
practically,2
entries,2
traditions,2
concentric,2
leopold,2
poorly,2
depths,2
crow,2
higher,2
hellenistic,2
interesting,2
fort,2
essential,2
rather,2
his,2
ml,2
how,2
longest,2
mean,2
outward,2
similar,2
entrances,2
cannons,2
possess,2
study,2
lacking,2
distant,2
animals,2
overlooked,2
space,2
support,2
means,2
changes,2
elements,2
possibly,2
india,2
byzantine,2
air,2
argued,2
prevent,2
shorter,2
powerful,2
steeper,2
intentional,2
vehicles,2
dug,2
providing,2
trained,2
cut,2
conquest,2
whereas,2
raw,2
mcneill,2
projections,2
based,2
concentration,2
allow,2
societies,2
appearance,2
carrying,2
entering,2
strength,2
attack,2
users,2
fishing,2
allowing,2
emerge,2
steeply,2
marni,2
academic,2
accurately,2
further,2
lava,2
though,2
circular,2
appears,2
recently,2
required,2
rectilinear,2
guns,2
eurasia,2
briefly,2
warriors,2
gallic,2
syria,2
none,2
claiming,2
invisible,2
line,2
closed,2
romans,2
work,2
climb,2
wrightman,2
nearest,2
heavily,2
explains,2
example,2
knowledge,2
recommends,2
gave,2
q,2
island,2
millions,2
lower,2
longwell,2
battering,2
lä,2
rendered,2
regions,2
citing,2
earth,2
good,2
suggest,2
dictionary,2
sufficient,2
ignore,2
bridge,2
coast,2
portals,2
necessity,2
resistance,2
peculiar,2
florida,2
triangular,2
interruptions,2
led,2
armored,2
likely,2
waif,2
protecting,2
architecture,2
letters,2
indeed,2
limited,2
brief,2
histoiy,2
southern,2
va,2
religious,2
land,2
vs,2
requiring,2
older,2
ring,2
restricted,2
chronology,2
slingers,2
recruited,2
kautiliya,2
encampments,2
thorn,2
illustrated,2
toronto,2
stones,2
act,2
inhabitants,2
oral,2
skill,2
power,2
attacker,2
archers,2
similarly,2
put,2
towns,2
experienced,2
spear,2
newberry,2
incorporates,2
fact,2
scholars,2
temples,2
striking,2
hsai,2
maneuver,2
sarup,2
banks,2
sieges,2
jump,2
reasons,2
transit,2
throwing,2
reasonable,2
v,2
ballista,2
paired,2
inevitably,2
native,2
wood,2
encountered,2
degree,2
palestine,2
imagine,2
withstand,2
pacifist,2
ingress,2
encounter,2
discussion,2
survive,2
drills,2
lake,2
including,2
tank,2
elite,2
europeans,2
beds,2
varying,2
entirely,2
food,2
assume,2
vitruvius,2
assign,2
full,2
complicated,2
alcatraz,2
involves,2
perimeter,2
mayan,2
points,2
leave,2
held,2
architectural,2
allowed,2
characterized,2
geographically,2
innermost,2
geographical,2
filled,2
segment,2
quick,2
constructing,2
become,2
let,2
britain,2
freeways,2
enemies,2
jericho,2
ethnographically,2
preand,2
analyze,2
streams,2
tendency,2
atlas,2
attention,2
straying,2
carried,2
topography,2
assigned,2
relationship,2
hemming,2
outsiders,2
arrow,2
lines,2
monuments,2
dike,2
directions,2
trading,2
seen,2
recognize,2
covering,2
life,2
frontier,2
fontana,2
types,2
strategically,2
stable,2
claims,2
burned,2
meant,2
sloping,2
version,2
ever,2
celtic,2
economically,2
iä,2
md,2
cover,2
highly,2
revetments,2
berkeley,2
punica,2
mutually,2
each,2
rear,2
anthropology,2
paper,2
atrium,2
slit,2
brick,2
domestic,2
obviously,2
constant,2
placing,2
u,2
absolutely,2
tunnels,2
destroyed,2
killed,2
unlikely,2
selected,2
making,2
ny,2
imposed,2
nearby,2
cahokia,2
lengths,2
problem,2
heavier,2
waters,2
local,2
size,2
nj,2
vsectioned,2
thereby,2
introduced,2
fortress,2
ife,2
belgium,2
everywhere,2
measure,2
eneolithic,2
indians,2
isolated,2
representation,2
voyage,2
inefficient,2
indiana,2
sediments,2
julius,2
knights,2
approximately,2
although,2
smaller,2
showed,2
specific,2
rifles,2
tribes,2
negotiate,2
irrelevant,2
create,2
abandoned,2
earthworks,2
permanent,2
successive,2
costly,2
sa,1
final,1
countryside,1
spikes,1
embrasures,1
mimic,1
triangle,1
inka,1
miraculous,1
reckoning,1
portuguese,1
shovel,1
transportation,1
possessed,1
mostly,1
surround,1
done,1
canals,1
child,1
flow,1
razed,1
prefer,1
grate,1
rostrums,1
arcane,1
horizontal,1
fraction,1
memorials,1
stylistic,1
groups,1
pull,1
asymmetric,1
defy,1
gentler,1
till,1
created,1
ready,1
grabenlagen,1
tuscaloosa,1
armenia,1
bushes,1
trans,1
fords,1
arkush,1
izbet,1
inconvenience,1
totally,1
introduction,1
evans,1
obliquely,1
berlin,1
expect,1
police,1
mesoamerica,1
burton,1
residences,1
replaced,1
rahul,1
enhance,1
releases,1
nigeria,1
advised,1
formed,1
bijapur,1
encientes,1
authority,1
sump,1
landward,1
studies,1
mit,1
sited,1
thenonly,1
successors,1
fustigata,1
genius,1
persisted,1
millenia,1
decade,1
motive,1
discourage,1
mittleren,1
backs,1
fixed,1
headland,1
laboriously,1
sheltered,1
encourage,1
barkay,1
faded,1
cornell,1
dig,1
clarion,1
bp,1
beispiel,1
character,1
edge,1
contexts,1
adjective,1
footing,1
test,1
backdirt,1
hm,1
corvée,1
risborough,1
anything,1
inhibited,1
defeated,1
way,1
dredged,1
lateral,1
wrong,1
invention,1
neglects,1
baked,1
topographic,1
slaughtered,1
extraordinary,1
originally,1
clavicula,1
mysterious,1
hinds,1
cavalry,1
penchant,1
undocumented,1
humans,1
breastbones,1
pack,1
beautiful,1
stretch,1
retreat,1
referees,1
hauling,1
poison,1
eleusis,1
kua,1
definition,1
parties,1
slur,1
georgia,1
resemblance,1
kern,1
comparatively,1
shaped,1
oval,1
prejudices,1
tradition,1
boyhood,1
leaders,1
leading,1
accommodate,1
advantage,1
impede,1
remark,1
thank,1
sacsahuaman,1
narrative,1
planar,1
carts,1
confront,1
transporting,1
closer,1
moat,1
brian,1
footsteps,1
palatial,1
room,1
fastigata,1
leopard,1
styles,1
farmer,1
efficiently,1
nil,1
failures,1
sahara,1
sinew,1
last,1
loose,1
state,1
dropping,1
unspecified,1
practicable,1
raised,1
guardrooms,1
political,1
advantages,1
alike,1
somewhat,1
signs,1
sheet,1
superficially,1
byzantium,1
kano,1
legend,1
posts,1
woodlands,1
issue,1
occasional,1
hell,1
suspect,1
gunners,1
plains,1
lichardus,1
behavioral,1
symbolizing,1
heights,1
task,1
unaware,1
keywords,1
thrown,1
incorporate,1
march,1
caesars,1
struggling,1
figs,1
ares,1
wonders,1
templates,1
marked,1
politics,1
delivers,1
petenbalum,1
aspects,1
international,1
drive,1
engineer,1
bibliography,1
epaminondas,1
meanings,1
flank,1
fine,1
baryosef,1
dissentions,1
say,1
classics,1
asserting,1
scarre,1
cited,1
queensland,1
cahen,1
zimbabwe,1
succession,1
explorer,1
spuren,1
safely,1
prevented,1
gateways,1
overlaps,1
attract,1
superfluous,1
hudson,1
stress,1
gravity,1
repeatedly,1
useless,1
goal,1
zoos,1
sartah,1
timber,1
collapse,1
sumer,1
belgique,1
befestigen,1
relationships,1
eiam,1
component,1
mine,1
breaching,1
agreement,1
development,1
explorers,1
lining,1
run,1
calculated,1
illustrates,1
sawtooth,1
claredon,1
pursuit,1
unpublished,1
author,1
aus,1
ittledeutsche,1
interest,1
bridging,1
characteristic,1
ease,1
hawaii,1
adopted,1
portray,1
homolka,1
trapeziodal,1
barbican,1
pay,1
seemingly,1
codified,1
sample,1
expected,1
overawe,1
z,1
learning,1
ai,1
palaeolithic,1
demoralization,1
wiley,1
estimates,1
undiscovered,1
down,1
sallies,1
levies,1
individual,1
self,1
stored,1
unreachable,1
canal,1
mystic,1
amount,1
causing,1
serving,1
restrict,1
six,1
young,1
araxos,1
graphically,1
engineering,1
für,1
waterlogged,1
entrap,1
mechanical,1
mums,1
mohave,1
y,1
drawn,1
obscure,1
flood,1
consequently,1
critique,1
gaze,1
dismissal,1
staircase,1
simplistic,1
occasion,1
protects,1
achaemenid,1
transactions,1
compromise,1
kenyon,1
focused,1
battles,1
alabama,1
ridge,1
aim,1
awkward,1
wounds,1
fearful,1
opposed,1
online,1
terrestrial,1
hoi,1
whose,1
observer,1
reflects,1
neolithischen,1
moslem,1
traverse,1
statements,1
ba,1
camp,1
destroy,1
residence,1
aimed,1
iraqi,1
cleaned,1
generations,1
developed,1
obtained,1
stop,1
grateful,1
ironic,1
aggressive,1
possession,1
gown,1
museum,1
basic,1
pompeii,1
unit,1
leapt,1
fair,1
longrange,1
coastal,1
process,1
comparable,1
politicians,1
fissures,1
undergraduates,1
killing,1
survives,1
determining,1
risk,1
probability,1
eight,1
mesopotamian,1
outwork,1
republic,1
nonprosaic,1
livable,1
europa,1
parts,1
induce,1
slippery,1
assuming,1
compromises,1
special,1
creek,1
fluvial,1
danger,1
arbor,1
dismiss,1
marginal,1
mortal,1
extremes,1
kalenga,1
modified,1
category,1
koskino,1
measured,1
monumental,1
affect,1
praise,1
karmir,1
ovular,1
biased,1
stepwise,1
greeks,1
consider,1
eraul,1
erecting,1
les,1
entry,1
river,1
pilgramage,1
imposing,1
toy,1
familiar,1
literary,1
bit,1
dated,1
eschew,1
watchtowers,1
specify,1
threatening,1
ì,1
elevated,1
impact,1
placed,1
université,1
house,1
philosophical,1
northeastern,1
weak,1
cliff,1
observations,1
periodically,1
solid,1
moesgaard,1
muscular,1
crusader,1
banarsidass,1
communities,1
combat,1
gunner,1
acknowledges,1
athletic,1
tried,1
max,1
additional,1
follow,1
poor,1
jawa,1
polar,1
exceed,1
unsuitable,1
followed,1
facing,1
silt,1
comprising,1
consequence,1
plates,1
putting,1
preferably,1
fronts,1
painted,1
tylston,1
instance,1
utah,1
thieves,1
tringham,1
catapult,1
odd,1
linearbandkeramik,1
cleanings,1
preference,1
faced,1
decades,1
drawing,1
strengthen,1
view,1
appear,1
plausibly,1
regulatory,1
nebraska,1
disappeared,1
lords,1
union,1
opening,1
èany,1
trafficked,1
funded,1
lead,1
whom,1
pharaoh,1
kennedy,1
travelchinaguidecom,1
extent,1
walk,1
arrival,1
abated,1
lowland,1
channels,1
africans,1
acknowledgments,1
accommodated,1
mercenaries,1
clamber,1
jewish,1
houghton,1
skulking,1
mapping,1
ballistae,1
changed,1
crowd,1
shared,1
sedentary,1
circa,1
criticisms,1
centrally,1
hopkins,1
arched,1
drawbacks,1
pioneer,1
symbolically,1
parisian,1
posterns,1
captured,1
shield,1
constantly,1
irregularly,1
term,1
installation,1
maxima,1
intervening,1
neighboring,1
mutilated,1
equal,1
longand,1
buried,1
institute,1
block,1
eyewitness,1
skilled,1
lethal,1
indirect,1
susianain,1
greenwood,1
persons,1
intensity,1
thrice,1
analogous,1
excellent,1
intertwined,1
otherwise,1
energy,1
russell,1
warless,1
however,1
assyrians,1
xvii,1
handgun,1
lyons,1
explain,1
instrumental,1
fox,1
postconquest,1
structure,1
dispositifs,1
stations,1
possibility,1
eliminate,1
influenced,1
thicken,1
overlapping,1
distinguishes,1
hogg,1
failure,1
periodical,1
artifacts,1
recommending,1
vegetius,1
planning,1
bullets,1
rocks,1
intimidate,1
andes,1
preferred,1
prominent,1
fired,1
psychological,1
fasti,1
fortify,1
discusses,1
slings,1
training,1
wasting,1
related,1
coded,1
indigenous,1
multiplied,1
claviculum,1
barren,1
northern,1
loss,1
literature,1
camus,1
palaces,1
horn,1
libre,1
easiest,1
issues,1
broad,1
flight,1
beginnings,1
records,1
officers,1
unrestricted,1
passageway,1
stance,1
backing,1
midwestern,1
doors,1
somewhere,1
cry,1
liégois,1
javelinwielding,1
hambledon,1
il,1
ziggurats,1
couple,1
project,1
stanford,1
symbolical,1
enhances,1
varner,1
capo,1
sheepherders,1
count,1
unceremonious,1
approach,1
refuse,1
massacre,1
belfast,1
aided,1
wholesale,1
pick,1
creating,1
successful,1
schoolboy,1
presented,1
hard,1
uninterrupted,1
scatteiplots,1
wi,1
outworks,1
adherents,1
seized,1
hiding,1
straight,1
chogi,1
tested,1
prevalence,1
serrations,1
healy,1
describes,1
peruvian,1
multitude,1
uninformed,1
mediterranean,1
emphasizes,1
sharp,1
quite,1
ward,1
hence,1
admired,1
arbitrary,1
emerging,1
unimpressed,1
sole,1
darion,1
concerns,1
replace,1
mediocre,1
significantly,1
keegan,1
acts,1
strongholds,1
supposedly,1
presence,1
rates,1
constantinople,1
disparate,1
funerary,1
convey,1
distinguished,1
codes,1
interlocked,1
seeds,1
fronted,1
churches,1
maine,1
transited,1
ohio,1
visible,1
bulletin,1
cleaning,1
loci,1
filling,1
immediate,1
roots,1
altogether,1
nondefensive,1
value,1
newly,1
civil,1
llm,1
lincoln,1
inform,1
moved,1
valuable,1
massive,1
digging,1
suspicious,1
seemed,1
faber,1
wielder,1
periods,1
prescribed,1
flourished,1
impunity,1
llc,1
critical,1
press,1
republican,1
hesbaye,1
poland,1
units,1
sfossa,1
situation,1
saw,1
headlands,1
incredible,1
gedi,1
sequilar,1
nonelites,1
steadily,1
catchment,1
economic,1
rams,1
mark,1
tedious,1
overlapped,1
shields,1
predecessors,1
cattleand,1
melbourne,1
hardest,1
ia,1
insiders,1
wwi,1
cartography,1
return,1
inhibit,1
constraints,1
deviation,1
object,1
etc,1
whatever,1
surviving,1
indicates,1
iia,1
counterfactual,1
catapults,1
resisted,1
atop,1
modes,1
iran,1
unfamiliar,1
hold,1
structural,1
sectional,1
gallia,1
purposefully,1
surrounds,1
guide,1
rectangle,1
listed,1
stonewalls,1
nouvelle,1
inception,1
simultaneous,1
pacific,1
loaded,1
frighteningly,1
lifting,1
floods,1
housing,1
swept,1
hadza,1
îs,1
marshes,1
thought,1
alongside,1
mission,1
counterparts,1
seeing,1
technology,1
under,1
windows,1
ne,1
thesis,1
northwest,1
indefensible,1
tn,1
crossbow,1
positively,1
asia,1
islam,1
abandon,1
counterattack,1
experimental,1
inferences,1
floor,1
naval,1
deliver,1
al,1
already,1
fearsome,1
demarest,1
hunger,1
department,1
lined,1
sudoustpolen,1
speaking,1
rome,1
truncated,1
strata,1
functioned,1
published,1
double,1
mansa,1
tulum,1
angular,1
subjects,1
unearthing,1
leader,1
sided,1
name,1
successfully,1
doorway,1
continents,1
harrison,1
challenge,1
comparison,1
stated,1
strike,1
mentions,1
shortening,1
garrison,1
bring,1
trois,1
approaching,1
pointed,1
piled,1
stripes,1
flat,1
rhodes,1
adobe,1
desiring,1
gentle,1
looked,1
lighter,1
unrifled,1
prehistorically,1
arkaeologisk,1
shows,1
frühneolithische,1
encompassed,1
limit,1
ua,1
rainwater,1
toll,1
rituals,1
abilities,1
breakwater,1
clarendon,1
post,1
depict,1
abstract,1
regulation,1
pollak,1
shire,1
szymczak,1
watercourse,1
cheng,1
sung,1
germans,1
bluff,1
fallen,1
seducers,1
channeling,1
doubt,1
identical,1
prosaic,1
considerable,1
man,1
habit,1
superstructure,1
bargaining,1
channel,1
outermost,1
theodosian,1
bronocice,1
choke,1
drinking,1
evoke,1
everyday,1
paris,1
locales,1
increases,1
topped,1
manner,1
swahili,1
apices,1
en,1
flooded,1
moats,1
bowmen,1
existing,1
ensured,1
non,1
spearthrower,1
relevant,1
hated,1
celebrated,1
einhegungen,1
foot,1
answer,1
surveillance,1
duties,1
mississipians,1
dimini,1
colony,1
knoxville,1
disadvantageous,1
chronologically,1
lean,1
books,1
controversy,1
mandan,1
shot,1
défrise,1
crecy,1
recommend,1
day,1
chevaux,1
elevation,1
plane,1
attacking,1
interpreting,1
judah,1
original,1
iq,1
bottleneck,1
collier,1
understanding,1
greatest,1
exhibit,1
situated,1
electronic,1
extended,1
campaigns,1
averaged,1
thirst,1
intent,1
considering,1
effectiveness,1
thucydides,1
own,1
chiefly,1
eighteenth,1
contours,1
longbow,1
israel,1
scarcer,1
fishers,1
recessed,1
conceivable,1
razor,1
ethnology,1
arrows,1
bullet,1
mortuary,1
judge,1
hillfort,1
arbitrarily,1
palisaded,1
top,1
wound,1
poignant,1
arm,1
asian,1
impassable,1
hundred,1
prevailed,1
convenience,1
station,1
anlage,1
rivers,1
tips,1
questions,1
defensively,1
bitter,1
ethnic,1
processes,1
storms,1
protohistorique,1
merit,1
literate,1
fortifèe,1
dismissed,1
uruk,1
embellishment,1
lessened,1
shelter,1
platform,1
nonsymbolic,1
significance,1
landscapes,1
substitutes,1
volunteer,1
transformation,1
scrambling,1
mode,1
lakes,1
sustain,1
ireland,1
urge,1
burnt,1
entertained,1
témenos,1
counter,1
drains,1
derived,1
brussels,1
tribal,1
depiction,1
scorpion,1
curve,1
panels,1
missourians,1
practiced,1
accurate,1
probable,1
anyone,1
stride,1
running,1
mersin,1
wish,1
standard,1
claim,1
provides,1
construct,1
imagination,1
repeated,1
sophisticated,1
decide,1
strongly,1
roofs,1
shannon,1
conclusions,1
undefended,1
kinetic,1
somehow,1
mariners,1
literacy,1
systems,1
trying,1
suited,1
salt,1
skeleton,1
feet,1
adversaries,1
palo,1
obeys,1
ann,1
prisons,1
effect,1
excluded,1
cortez,1
lowered,1
armor,1
improbable,1
offensive,1
postwar,1
equilateral,1
bazoches,1
captivity,1
equivalent,1
astonishing,1
legionnaire,1
turnings,1
save,1
occupied,1
haven,1
caution,1
ago,1
cliffs,1
sumps,1
musket,1
repose,1
symmetrically,1
encircle,1
finicky,1
separate,1
tennessee,1
sandomierz,1
rarity,1
dealing,1
rampart,1
honolulu,1
dawn,1
ambiguous,1
reliable,1
christian,1
penguin,1
islamic,1
imply,1
beyond,1
bureau,1
sealed,1
bars,1
george,1
segregated,1
science,1
movements,1
segments,1
titulum,1
stream,1
hooked,1
johns,1
stade,1
prophets,1
vision,1
maps,1
rough,1
hill,1
vague,1
vertical,1
dumb,1
microsoft,1
slow,1
margoula,1
referred,1
lost,1
detailed,1
widths,1
landmarks,1
visual,1
unbastioned,1
tragedy,1
westnort,1
remaining,1
rapidly,1
expert,1
coefficients,1
traveled,1
file,1
spared,1
blood,1
united,1
surprising,1
chamber,1
decreasing,1
composed,1
supporting,1
kingdoms,1
bcad,1
exists,1
instances,1
aboriginal,1
breastbone,1
ofpytheas,1
worlds,1
arts,1
problematic,1
ranney,1
princes,1
widest,1
joseph,1
forest,1
narmer,1
forests,1
swordand,1
share,1
contained,1
variable,1
ïâ,1
exercised,1
shadow,1
heavy,1
earthward,1
associated,1
blocked,1
preventing,1
readers,1
senior,1
grounds,1
morocco,1
series,1
milner,1
complexity,1
anonymous,1
preclude,1
bonded,1
townspeople,1
measurements,1
extensive,1
harappa,1
rigidly,1
substrate,1
solidly,1
log,1
beside,1
extension,1
nonviolent,1
masses,1
recruits,1
excel,1
palace,1
carbondale,1
bastionless,1
doi,1
cliché,1
archtektur,1
einer,1
here,1
weaken,1
escalade,1
wherever,1
column,1
set,1
der,1
comparative,1
know,1
dimension,1
eleusian,1
surrender,1
deficiencies,1
intellectual,1
bucks,1
principle,1
strengthened,1
portal,1
specialized,1
novel,1
ratio,1
assumed,1
setting,1
rolling,1
flowing,1
antidefensive,1
unknown,1
specially,1
restrictive,1
penetrated,1
subsurface,1
current,1
regard,1
lothal,1
prone,1
particularly,1
losses,1
dikes,1
storming,1
brazil,1
infiltration,1
goods,1
researches,1
andersen,1
benefit,1
andeanist,1
hilltops,1
domesticated,1
free,1
closest,1
proposed,1
impressively,1
adduced,1
scores,1
bands,1
elites,1
ideally,1
person,1
turned,1
catalogue,1
utley,1
tupinamba,1
funk,1
indus,1
tlaxcala,1
according,1
egress,1
automatically,1
exposing,1
pentagonal,1
victims,1
exploding,1
discharge,1
designers,1
jysk,1
arthasastra,1
rose,1
worthwhile,1
stability,1
yearround,1
da,1
dynastic,1
want,1
hearths,1
thirty,1
peninsulas,1
covers,1
agricultural,1
conclusion,1
statement,1
protective,1
axis,1
theory,1
ceased,1
databases,1
leaving,1
ethnography,1
ovals,1
consisting,1
characterizes,1
choga,1
foundations,1
puzzlement,1
projection,1
barely,1
jiangzhai,1
produce,1
riparian,1
information,1
resident,1
emphasis,1
contain,1
earthwork,1
targets,1
pointless,1
categories,1
art,1
occupying,1
des,1
diffusing,1
hagia,1
bodies,1
monitored,1
chest,1
careful,1
northwestern,1
transport,1
multiple,1
pits,1
modeled,1
taxed,1
kin,1
collecting,1
carvings,1
labyrinthine,1
role,1
constricted,1
innocent,1
uic,1
infamous,1
turns,1
transition,1
undermining,1
investment,1
confronted,1
finish,1
screen,1
manufacturing,1
îâ,1
treasury,1
citations,1
inclines,1
colonial,1
battle,1
mob,1
allows,1
maintained,1
aims,1
goals,1
gated,1
coming,1
childhood,1
courtyards,1
subcontinents,1
lucia,1
analysts,1
pakistan,1
named,1
false,1
layers,1
ultimately,1
donauraum,1
spring,1
breaks,1
difference,1
modal,1
decimated,1
motil,1
mutual,1
hakluyt,1
finding,1
protohistoric,1
national,1
leverage,1
samuel,1
finally,1
catch,1
accept,1
aware,1
trap,1
stationery,1
motives,1
reversed,1
isles,1
dangerous,1
fossa,1
offer,1
spur,1
instead,1
fatal,1
judges,1
consolidated,1
citadel,1
usa,1
appreciated,1
computation,1
guiding,1
vital,1
barnes,1
states,1
writer,1
pseudo,1
slung,1
variously,1
colleagues,1
defined,1
harbors,1
off,1
plentiful,1
susa,1
walking,1
association,1
shift,1
increased,1
ships,1
roughly,1
tanks,1
respective,1
inclination,1
thousand,1
supported,1
potential,1
admitting,1
kabira,1
cheyenne,1
removed,1
leftturning,1
substitute,1
daubed,1
plethora,1
km,1
urbane,1
bosquet,1
sinuous,1
judea,1
cohesive,1
civilian,1
substantial,1
exclusively,1
predictable,1
deterring,1
highvelocity,1
entire,1
sheer,1
gata,1
develop,1
traditional,1
gulf,1
impress,1
bulwark,1
fireproof,1
strong,1
uk,1
unmentioned,1
ab,1
sedimentary,1
famous,1
desiderata,1
detriment,1
building,1
roles,1
hans,1
incessant,1
predicated,1
major,1
occur,1
gold,1
