WORDCOUNTS,WEIGHT
and,1504
of,1201
the,1116
in,903
a,417
to,301
pp,261
m,241
j,204
university,197
for,185
that,177
maya,175
as,170
social,165
political,159
p,156
e,141
de,123
economic,116
r,115
new,110
on,109
d,100
l,98
by,97
is,97
economy,96
g,95
american,91
ancient,91
at,87
are,84
c,84
or,83
which,80
t,79
archaeological,79
ritual,77
mesoamerican,77
b,76
from,76
production,75
classic,75
mexico,75
exchange,75
these,73
this,72
with,72
mesoamerica,71
k,70
power,67
their,63
an,63
s,61
w,61
f,57
la,57
have,54
systems,53
h,52
archaeology,49
res,49
archaeol,48
springer,48
be,48
cultural,46
cambridge,45
aztec,45
through,45
it,44
en,44
elite,44
y,42
world,41
postclassic,41
such,40
prehispanic,39
societies,38
models,38
were,37
journal,37
material,37
goods,37
consumption,37
studies,35
relations,35
department,35
research,35
craft,35
can,35
not,35
theory,35
other,34
el,34
antiquity,33
phd,33
they,32
approaches,32
some,32
economies,32
because,32
et,32
complex,31
how,31
late,31
i,31
anthropology,31
early,31
central,30
anthropological,30
among,30
development,29
more,29
agency,28
may,28
salt,28
state,27
prestige,27
between,27
lake,27
utah,26
been,26
also,25
system,24
labor,24
no,24
society,24
v,24
role,24
elites,24
one,23
evolution,23
n,23
regional,23
perspectives,23
while,23
ways,22
study,22
southern,22
guatemala,22
others,22
analysis,22
recent,22
household,21
organization,21
wealth,21
culture,21
ceramic,21
where,21
trade,21
has,20
york,20
gift,20
use,20
pottery,20
current,20
market,19
contexts,19
was,19
management,19
aspects,19
los,19
water,19
anthropologist,19
over,19
institute,19
valley,19
resources,18
review,18
latin,18
perspective,18
important,18
work,18
del,18
core,18
lowland,18
finance,18
different,18
evidence,18
way,17
meaning,17
relationships,17
process,17
prehistoric,17
change,17
value,17
processes,17
obsidian,17
who,17
belize,17
kinds,16
its,16
about,16
smith,16
but,16
many,16
values,16
theoretical,16
structure,16
chicago,16
investigaciones,15
archaeologists,15
products,15
those,15
moral,15
items,15
resource,15
used,15
activities,15
feasting,15
model,15
control,15
interaction,15
groups,14
history,14
behavior,14
well,14
approach,14
formative,14
community,14
individuals,14
walnut,13
implications,13
than,13
civilization,13
certain,13
objects,13
view,13
irrigation,13
dumbarton,13
concept,13
status,13
action,13
producción,13
often,13
complexity,13
distribution,13
socially,13
manufacture,13
states,13
take,12
sacred,12
arqueológicas,12
emergence,12
could,12
cores,12
during,12
staple,12
texas,12
comparative,12
ethnographic,12
strategies,12
understanding,12
period,12
nacional,12
symbolic,12
historical,12
agriculture,12
what,12
urban,12
both,12
royal,11
into,11
debt,11
politics,11
ma,11
subsistence,11
specialization,11
beyond,11
austin,11
academic,11
networks,11
place,11
interregional,11
gender,11
instituto,11
argues,11
especially,11
simposio,11
southwest,11
relationship,11
hierarchical,11
terms,11
periphery,11
multiple,11
lowlands,10
women,10
context,10
ad,10
along,10
surplus,10
hierarchy,10
served,10
provides,10
access,10
feasts,10
smithsonian,10
san,10
communities,10
diverse,10
do,10
identity,10
food,10
northern,10
case,10
prehistory,10
las,10
arizona,10
center,9
ana,9
sources,9
oaxaca,9
cases,9
productive,9
acquisition,9
arqueología,9
based,9
out,9
economics,9
data,9
teotihuacan,9
northwest,9
structures,9
rise,9
press,9
practices,9
populations,9
museum,9
two,9
useful,9
see,9
region,9
individual,9
valued,9
blanton,9
institution,9
sometimes,9
examine,9
domestic,9
city,9
integration,9
southeastern,9
necessarily,8
inequality,8
materials,8
within,8
feinman,8
west,8
human,8
since,8
santa,8
schortman,8
oxford,8
rather,8
growth,8
making,8
most,8
lithic,8
basin,8
explain,8
ot,8
field,8
annual,8
critical,8
various,8
make,8
copan,8
religious,8
areas,8
time,8
empire,8
polities,8
local,8
including,8
harvard,8
california,8
three,8
allowed,8
households,8
she,8
dimensions,8
berkeley,8
argue,8
middle,8
agents,8
nonelite,8
illinois,8
peripheries,8
focus,8
ca,8
rathje,7
there,7
occasional,7
america,7
dynamic,7
tribute,7
thus,7
dynamics,7
competitive,7
opportunities,7
civilizations,7
consider,7
honduras,7
raw,7
luxury,7
oklahoma,7
residential,7
required,7
museo,7
knowledge,7
positions,7
manipulation,7
provided,7
he,7
competition,7
shifting,7
ideology,7
toward,7
zacatecas,7
idea,7
pennsylvania,7
patterns,7
questions,7
settlement,7
organizational,7
school,7
past,7
form,7
commodities,7
pa,7
mesoamericanists,7
terminal,7
although,7
potential,7
pathways,7
commodity,7
north,7
should,7
does,6
obligations,6
introduction,6
dc,6
crafting,6
western,6
being,6
all,6
religion,6
concepts,6
westview,6
key,6
account,6
framework,6
conflict,6
throughout,6
ct,6
embedded,6
site,6
performance,6
gifting,6
similar,6
importance,6
symbols,6
situations,6
age,6
origins,6
greater,6
had,6
behavioral,6
centers,6
circulation,6
scale,6
record,6
public,6
future,6
egalitarian,6
basis,6
literature,6
people,6
rituals,6
own,6
creating,6
highly,6
stone,6
variety,6
technology,6
only,6
materialization,6
less,6
recognizing,6
cultura,6
so,6
crafted,6
we,6
engagement,6
aggrandizers,6
science,6
institutions,6
practice,6
changing,6
did,6
rural,6
them,6
agricultural,6
noncapitalist,6
vol,6
suggests,6
vessels,6
socioeconomic,6
thereby,6
colonial,6
mode,6
specialists,6
specific,6
modeling,6
distinctions,6
courts,5
kepecs,5
essays,5
second,5
mexican,5
properties,5
culturally,5
capitalist,5
intercambio,5
papers,5
british,5
eastern,5
primary,5
point,5
ranked,5
historically,5
z,5
kind,5
big,5
clark,5
serving,5
explore,5
whose,5
played,5
highlands,5
coastal,5
olmec,5
direct,5
possibly,5
stark,5
method,5
mayas,5
markets,5
produced,5
universidad,5
negotiated,5
storage,5
participation,5
part,5
mesoamericanist,5
actors,5
jai,5
hydraulic,5
polity,5
redistribution,5
level,5
politically,5
emerging,5
involved,5
festive,5
structured,5
periods,5
investigating,5
ceremonial,5
attempts,5
contingent,5
cosmological,5
yucatan,5
theorizing,5
movement,5
modes,5
strategic,5
interpretation,5
under,5
narratives,5
increasingly,5
maintained,5
managers,5
analytical,5
our,5
beliefs,5
men,5
antropologia,5
necessary,5
ecology,5
rulers,5
made,5
range,5
controlling,5
conditions,5
relaciones,5
ideas,5
significance,5
function,5
high,5
managerial,5
interpretations,5
space,5
provide,5
crucial,5
hill,5
lines,5
rethinking,5
variably,5
angeles,5
reciprocal,5
must,5
economically,5
cotsen,5
few,5
natural,5
particularly,5
cities,5
examining,5
advances,5
inomata,5
imperial,5
autónoma,5
commercial,5
create,5
traditional,5
difficult,4
inka,4
o,4
preclassic,4
environmental,4
village,4
identify,4
modern,4
wolf,4
controlled,4
first,4
long,4
ethnologist,4
leaders,4
agrarian,4
great,4
reproduction,4
mind,4
communication,4
gifts,4
berdan,4
takes,4
conceptual,4
corresponding,4
factional,4
scarborough,4
ability,4
century,4
norte,4
columbia,4
itza,4
intersocietal,4
factions,4
costa,4
operation,4
manipulated,4
act,4
basic,4
risk,4
derived,4
factors,4
mesoamericano,4
peasant,4
ideologies,4
articulated,4
too,4
powerful,4
cotton,4
appear,4
result,4
allow,4
deal,4
shared,4
events,4
ann,4
informed,4
posited,4
skilled,4
viewed,4
ceramics,4
cannot,4
information,4
mobilization,4
douglas,4
london,4
materialize,4
focuses,4
occidente,4
organización,4
order,4
emphasizes,4
things,4
industry,4
up,4
hayden,4
actions,4
european,4
architecture,4
settings,4
structural,4
southeast,4
underdevelopment,4
thought,4
ne,4
inalienable,4
collective,4
cerámica,4
published,4
considers,4
communal,4
contemporary,4
everyday,4
manner,4
perhaps,4
belief,4
naco,4
free,4
degree,4
alliance,4
formal,4
significant,4
determining,4
largely,4
resulting,4
weaving,4
ties,4
meanings,4
would,4
fiesta,4
diversity,4
construct,4
become,4
construction,4
artisans,4
morelos,4
embodied,4
attention,4
specialty,4
worldview,4
me,4
segments,4
ecological,4
staples,4
means,4
un,4
seen,4
yale,4
life,4
frontier,4
types,4
differentiated,4
locally,4
constituted,4
physical,4
proposes,4
here,4
alternative,4
specialized,4
mcdonald,4
associated,4
boundaries,4
involvement,4
sociology,4
maintain,4
antropología,4
utilitarian,4
lecount,4
presented,4
colegio,4
geographic,4
results,4
question,4
formation,4
reveals,4
integrated,4
define,4
defined,4
increased,4
archaic,4
observation,4
conceptualizing,4
norman,4
abandoned,4
gulf,4
much,4
ballcourts,4
broader,4
appropriation,3
common,3
dictate,3
created,3
reflections,3
tierras,3
authority,3
considerations,3
ti,3
total,3
paper,3
uses,3
contested,3
source,3
princeton,3
either,3
barriers,3
interests,3
interested,3
nature,3
possibilities,3
shaped,3
principles,3
continue,3
together,3
highland,3
rich,3
reveal,3
displayed,3
contrasting,3
investigations,3
tend,3
inca,3
albany,3
incorporate,3
sexual,3
design,3
possible,3
activity,3
estudios,3
hierarchies,3
interdisciplinary,3
exchanges,3
sobre,3
zone,3
warfare,3
chapters,3
chiefs,3
economía,3
southwestern,3
initial,3
against,3
tucson,3
displays,3
canal,3
enga,3
refer,3
response,3
alliances,3
find,3
even,3
leadership,3
van,3
mechanisms,3
dd,3
simultaneously,3
without,3
operations,3
managing,3
landscape,3
levels,3
entre,3
contributions,3
distant,3
consequences,3
shell,3
serve,3
taller,3
producers,3
linked,3
allocation,3
impact,3
house,3
polanyi,3
albuquerque,3
generally,3
flow,3
encode,3
expressed,3
my,3
liendo,3
explanatory,3
postclásico,3
years,3
palo,3
possibility,3
constantly,3
hinterland,3
michigan,3
tools,3
hawaiian,3
xiv,3
facilities,3
fox,3
shape,3
monaghan,3
nichols,3
bc,3
competing,3
calls,3
symbolism,3
polychrome,3
issues,3
broad,3
ethnohistoric,3
artifact,3
feast,3
towards,3
cosmic,3
contests,3
shaping,3
suggest,3
tempe,3
trading,3
través,3
family,3
cancuen,3
spanish,3
endowed,3
transport,3
concerns,3
distinguished,3
xunantunich,3
coast,3
st,3
dependent,3
resistance,3
ceren,3
geographical,3
south,3
related,3
likely,3
nonelites,3
pilgrimage,3
limited,3
manipulate,3
single,3
mundial,3
once,3
yet,3
represents,3
esoteric,3
sounds,3
included,3
choices,3
efforts,3
al,3
extracted,3
challenge,3
europe,3
fundamental,3
xii,3
across,3
variation,3
antiguo,3
homenaje,3
norms,3
appropriating,3
project,3
stanford,3
explicitly,3
another,3
demonstrated,3
behaviors,3
assemblages,3
explanation,3
crafts,3
empirical,3
macroregional,3
emphasize,3
rare,3
variables,3
theories,3
emphasizing,3
decorated,3
characterized,3
ny,3
stages,3
after,3
expressing,3
procurement,3
random,3
outside,3
outcomes,3
qualities,3
mining,3
obsidiana,3
present,3
relative,3
payment,3
arbor,3
sociopolitical,3
examines,3
solar,3
applications,3
usually,3
pailes,3
clásico,3
parsons,3
recognize,3
class,3
strategically,3
exchanged,3
manifesting,3
claims,3
variable,3
then,3
any,3
reciprocity,3
each,3
eighth,3
galactic,3
down,3
ideological,3
compliance,3
very,3
number,3
identities,3
greenstone,3
sierra,3
better,3
spatial,3
foundations,3
cloth,3
produce,3
skillfully,3
emphasis,3
nj,3
epiclassic,3
materializing,3
marketing,3
content,3
variability,3
challenges,3
indians,3
sistema,3
invoked,3
argument,3
washington,3
motives,3
land,3
sur,3
variously,3
derive,3
inequalities,3
remains,3
needs,3
offered,3
supported,3
centralized,3
themselves,3
seek,3
technological,3
building,3
built,3
major,3
emerged,3
mortuary,2
intimately,2
entities,2
transportation,2
mostly,2
dominating,2
provisioning,2
brumfiel,2
limits,2
valle,2
if,2
tres,2
functional,2
concern,2
represent,2
administered,2
extend,2
college,2
durante,2
ultimate,2
intersect,2
distributed,2
group,2
needed,2
led,2
designed,2
maize,2
sets,2
strictly,2
boulder,2
assumption,2
collection,2
ideals,2
fixed,2
ethnoarchaeological,2
finely,2
something,2
experience,2
provision,2
wallerstein,2
consumptive,2
derives,2
fund,2
give,2
colors,2
concentrated,2
enables,2
address,2
generated,2
articulate,2
worked,2
rational,2
prestigious,2
broadly,2
suggesting,2
display,2
differences,2
analyses,2
origin,2
supernatural,2
studied,2
found,2
able,2
government,2
service,2
mexicana,2
ol,2
carnegie,2
nevertheless,2
search,2
integrate,2
cerro,2
tangible,2
written,2
precisely,2
principal,2
mexicon,2
item,2
soamerica,2
personnel,2
brigham,2
político,2
involves,2
generosity,2
méxico,2
nn,2
capacity,2
quantities,2
implies,2
marked,2
piedras,2
establishing,2
mutual,2
consumers,2
apart,2
desired,2
apply,2
negotiation,2
representing,2
bienes,2
tied,2
attract,2
valuables,2
funded,2
goal,2
phase,2
emerge,2
análisis,2
collapse,2
spectrum,2
representations,2
calculated,2
tehuacan,2
pursuit,2
rites,2
excavations,2
price,2
participating,2
jr,2
encyclopedia,2
affairs,2
exercise,2
sanders,2
old,2
back,2
body,2
young,2
egypt,2
honour,2
converging,2
hybrid,2
nonmaterial,2
patrons,2
festivals,2
conceive,2
william,2
general,2
influence,2
acknowledge,2
industries,2
identification,2
statements,2
centered,2
obtained,2
sort,2
organizing,2
lasting,2
environments,2
precious,2
accounts,2
changes,2
escape,2
circulated,2
lacandon,2
intensive,2
consolidate,2
underlying,2
kipp,2
argued,2
show,2
challenged,2
textile,2
follow,2
defeat,2
ornament,2
evaluation,2
putting,2
problems,2
estado,2
suggested,2
artistic,2
iconography,2
investigadores,2
draws,2
diachronic,2
closely,2
acceptable,2
lead,2
mauss,2
kingship,2
chipped,2
craftspeople,2
puebloan,2
conspicuous,2
demands,2
arcnaeoiogicai,2
giddens,2
relate,2
commoners,2
diacritical,2
prehispánica,2
domínguez,2
materiality,2
understood,2
transactions,2
mcanany,2
effect,2
treat,2
schneider,2
hendon,2
metals,2
exploration,2
wide,2
copal,2
gods,2
memory,2
having,2
spheres,2
ballgames,2
decisions,2
mixtee,2
example,2
revealed,2
thoughts,2
masson,2
artifacts,2
describe,2
island,2
relevance,2
actually,2
perishable,2
friend,2
personal,2
bajas,2
il,2
preparation,2
manage,2
monopoly,2
regions,2
tejido,2
oriental,2
good,2
legacy,2
mesopotamia,2
painting,2
sense,2
working,2
huexotla,2
individualism,2
involve,2
debts,2
reservoirs,2
next,2
theater,2
stimulated,2
quite,2
around,2
chan,2
rrom,2
mineral,2
accomplished,2
pyrite,2
ancestors,2
methodological,2
always,2
managed,2
when,2
articulation,2
describes,2
rowman,2
agricola,2
notes,2
appropriate,2
lansing,2
económicos,2
structuring,2
sitio,2
am,2
neolithic,2
will,2
perspectivas,2
tasks,2
units,2
domination,2
chase,2
drama,2
return,2
veracruz,2
constraints,2
tropical,2
still,2
tor,2
garden,2
interactions,2
comments,2
legitimized,2
guide,2
flux,2
depicted,2
examined,2
possessions,2
builds,2
east,2
continuity,2
chronology,2
ia,2
neither,2
participants,2
ci,2
raise,2
same,2
insights,2
demarest,2
forge,2
emotional,2
fix,2
volume,2
routes,2
resolution,2
ambergris,2
comparison,2
academy,2
pointed,2
domains,2
demographic,2
emotions,2
shows,2
expose,2
consideration,2
datos,2
villa,2
advantage,2
documents,2
forces,2
choice,2
larger,2
pacific,2
john,2
end,2
figurines,2
condensed,2
pattern,2
man,2
dramas,2
discussed,2
reasons,2
chiefdom,2
malpaso,2
enough,2
took,2
lenca,2
locales,2
performances,2
geography,2
indebt,2
tne,2
investment,2
ntual,2
unclear,2
answer,2
native,2
paso,2
bulletin,2
sir,2
imagine,2
interrelated,2
technologies,2
îâ,2
clients,2
berghahn,2
examples,2
considering,2
effectiveness,2
orienting,2
garner,2
onto,2
memoirs,2
patricia,2
guinea,2
trends,2
contacts,2
ruling,2
formalist,2
santley,2
lecture,2
operated,2
refers,2
reconstructing,2
vocabulary,2
lhe,2
salvador,2
engaged,2
services,2
soconusco,2
redistributive,2
national,2
reinforcing,2
connected,2
continuities,2
platform,2
negotiating,2
friedman,2
historic,2
institutionalization,2
peripheral,2
express,2
points,2
essay,2
logic,2
co,2
held,2
mississippian,2
times,2
success,2
architectural,2
like,2
collected,2
distinction,2
latter,2
why,2
comparing,2
internal,2
article,2
elaborate,2
evolutionary,2
ornaments,2
saa,2
xvi,2
frankenstein,2
chiefdoms,2
primitive,2
seeking,2
capitalism,2
traje,2
wells,2
versus,2
decision,2
pohl,2
researchers,2
condense,2
particular,2
redefine,2
foreign,2
practical,2
testing,2
spindle,2
insufficient,2
ritualized,2
período,2
legitimacy,2
rapidly,2
ceremonialism,2
indicate,2
displaying,2
fall,2
litica,2
comercio,2
composed,2
face,2
worlds,2
figured,2
problematic,2
association,2
interpretive,2
investigate,2
stable,2
share,2
exercised,2
mainly,2
dispersed,2
conclusion,2
dishes,2
intensification,2
barrio,2
demonstrate,2
simply,2
mixtequilla,2
oi,2
quantitative,2
temple,2
earle,2
rappaport,2
coloniales,2
dimension,2
época,2
sociales,2
región,2
monthly,2
possessors,2
worldsystems,2
fairs,2
roman,2
setting,2
capital,2
breaking,2
substantivist,2
polynesian,2
infer,2
pomp,2
proposed,2
living,2
ballgame,2
animal,2
commensal,2
surpluses,2
lands,2
invariably,2
orleans,2
nearby,2
sus,2
indicates,2
laguna,2
ethnography,2
insightful,2
characterizes,2
studying,2
cay,2
yield,2
property,2
phenomena,2
circumstances,2
entire,2
sea,2
despite,2
centro,2
diachronie,2
african,2
subject,2
durable,2
measure,2
substance,2
target,2
arguments,2
manufacturing,2
families,2
using,2
allows,2
exploit,2
gain,2
aspect,2
varied,2
eric,2
estratégicos,2
economie,2
differentiation,2
entity,2
zones,2
quest,2
epiclásico,2
doméstica,2
offer,2
instead,2
mobilizing,2
americas,2
need,2
constructed,2
unified,2
product,2
wiessner,2
scalar,2
involving,2
you,2
effects,2
colleagues,2
playing,2
area,2
morally,2
marxist,2
vary,2
negotiate,2
era,2
views,2
element,2
sciences,2
northwestern,2
archeological,2
sweden,2
establishment,2
observed,2
sustained,2
aggrandizing,2
meeting,2
oí,2
premise,1
sa,1
cordova,1
stateless,1
problem,1
final,1
exhibiting,1
superiority,1
nesearcn,1
now,1
mo,1
showcases,1
indonesian,1
lopez,1
wesrview,1
surface,1
struggle,1
accomplish,1
tigre,1
schieber,1
bride,1
edge,1
evaluations,1
fertile,1
concerned,1
impeding,1
corporate,1
hieroglyphic,1
urquizu,1
vienna,1
war,1
bras,1
differentials,1
sequestered,1
ixtequi,1
mystical,1
financed,1
moor,1
engendered,1
asked,1
tuscaloosa,1
fmnirpç,1
resulted,1
legitimate,1
piedra,1
determine,1
foraging,1
dissolution,1
mendoza,1
combine,1
dlinois,1
spurred,1
constitution,1
politicking,1
dispersion,1
reflective,1
germany,1
cropping,1
elaborately,1
large,1
settlements,1
womanhood,1
engendering,1
replaced,1
conflicts,1
cerámicos,1
hay,1
systematically,1
diplomatic,1
elaborated,1
enhance,1
wagers,1
nouveau,1
acuai,1
vestido,1
sideways,1
join,1
tat,1
formed,1
remind,1
schools,1
sai,1
transcribed,1
fìnniripr,1
roys,1
true,1
proauciion,1
solidarity,1
evidencias,1
criticizes,1
noguera,1
chichen,1
postprocessual,1
competence,1
azatlán,1
empower,1
favor,1
park,1
ei,1
ámbar,1
odyssey,1
cancer,1
engineered,1
cargo,1
equated,1
explored,1
allies,1
presents,1
amassed,1
basalt,1
evaluating,1
ambitious,1
observing,1
cornell,1
factor,1
indígena,1
remedy,1
ofrendas,1
nineteenth,1
clara,1
englewood,1
descriptions,1
nuevas,1
valleys,1
chief,1
annals,1
strikes,1
character,1
cnicnen,1
leads,1
coyote,1
altareras,1
test,1
mesa,1
lower,1
peten,1
fabric,1
kohl,1
fraction,1
fundación,1
explaining,1
conjunctive,1
undermine,1
puuc,1
inc,1
every,1
avenues,1
certainly,1
letters,1
posed,1
ay,1
chontal,1
helms,1
scientific,1
originally,1
ii,1
taken,1
military,1
impacts,1
monumentos,1
motor,1
diego,1
might,1
coreperiphery,1
musical,1
metal,1
attempt,1
personalities,1
expectation,1
mcgill,1
inchoate,1
funerals,1
patronized,1
retreat,1
convert,1
discerned,1
género,1
knowing,1
supplied,1
fronteras,1
definition,1
ruining,1
gary,1
unlike,1
validating,1
prom,1
archaeologically,1
available,1
scientists,1
tradition,1
leading,1
explores,1
ixchel,1
administer,1
belong,1
conceptualized,1
pittsburgh,1
enduring,1
simple,1
sociality,1
ben,1
thank,1
maguey,1
reinado,1
potentially,1
householding,1
producing,1
follows,1
stuccoed,1
papua,1
transferred,1
tripod,1
farther,1
fry,1
concludes,1
characterizing,1
court,1
festivities,1
connection,1
styles,1
heirlooms,1
evolving,1
uwij,1
estrada,1
subsequent,1
tecnològica,1
sacatepéquez,1
diacritically,1
patterned,1
hinge,1
petty,1
inferring,1
loose,1
referto,1
scenario,1
determines,1
manipulating,1
emphasized,1
blackwell,1
marine,1
raised,1
chichimec,1
reserved,1
embody,1
detection,1
coordinated,1
china,1
inappropriate,1
behind,1
mills,1
pnests,1
calculus,1
designs,1
reorient,1
wittfogers,1
followers,1
sound,1
employs,1
issue,1
empty,1
depending,1
cue,1
java,1
otis,1
reconstruction,1
hogares,1
treason,1
bodies,1
recorded,1
anthropologists,1
autonomous,1
formulation,1
bird,1
task,1
money,1
advice,1
continuum,1
siglos,1
bait,1
u,1
draw,1
discuss,1
right,1
victims,1
asturias,1
skriv,1
gardens,1
enriching,1
watanabe,1
capable,1
compelling,1
sixteenth,1
condition,1
facilitating,1
international,1
para,1
restraints,1
standardization,1
contractual,1
powers,1
reduce,1
tciiiwpr,1
bibliography,1
taxation,1
structurally,1
obvious,1
ortner,1
exchangeability,1
taking,1
mental,1
privileged,1
x,1
far,1
ieasting,1
ideologically,1
asserting,1
experiencing,1
cerâmica,1
whitecotton,1
constrained,1
mesoamencan,1
renewable,1
interact,1
identifies,1
andrews,1
sedentarios,1
localized,1
systematic,1
coevolving,1
complained,1
chinampa,1
chaco,1
doms,1
andrew,1
iron,1
interlocked,1
multidimensional,1
iraae,1
differential,1
reservoir,1
affiliation,1
tropic,1
rutas,1
branching,1
alignments,1
neutron,1
montreal,1
accuracy,1
reverse,1
explained,1
unrealized,1
modify,1
immediate,1
encapsulations,1
quality,1
nonranked,1
eating,1
soutneastem,1
permitted,1
jade,1
monopolizing,1
dei,1
medio,1
mótul,1
scarce,1
tá,1
inew,1
neighbors,1
divine,1
base,1
reflection,1
ut,1
alfareros,1
contributors,1
uuatemaia,1
moment,1
personifications,1
gendered,1
lriß,1
amounts,1
heterogeneity,1
adams,1
application,1
conducted,1
cf,1
materially,1
beatriz,1
interchangeably,1
pay,1
stanton,1
topic,1
residences,1
menor,1
basil,1
nonstate,1
asymmetrical,1
arena,1
interprets,1
ai,1
unidades,1
feathers,1
abstractions,1
rank,1
nelson,1
adjustment,1
distinct,1
elements,1
nor,1
amended,1
reluctance,1
channeled,1
stored,1
bay,1
burgeoning,1
robb,1
dependents,1
microhuellas,1
cosas,1
intercourse,1
agrícola,1
differently,1
guarded,1
wares,1
houses,1
firth,1
vigia,1
suitable,1
compared,1
associative,1
kinship,1
third,1
engineering,1
vancouver,1
discerning,1
whorls,1
brideprice,1
cal,1
nayarit,1
oaxaqueño,1
obscure,1
terrace,1
pueblo,1
obtención,1
rorm,1
instruments,1
occidental,1
critique,1
tarascan,1
think,1
tecnología,1
longdistance,1
precapitalist,1
supporters,1
deeply,1
manufactura,1
traditions,1
messages,1
robin,1
metamorphosis,1
competently,1
foor,1
cooperative,1
reflex,1
troika,1
acted,1
subversion,1
wl,1
teotihuacanos,1
ripples,1
conceptually,1
iheory,1
paralleling,1
lann,1
gillespie,1
competitions,1
xochicalco,1
mechanism,1
constructionism,1
alabama,1
rent,1
higher,1
oj,1
permits,1
loyal,1
articulates,1
oversees,1
mount,1
ab,1
sector,1
disables,1
regulated,1
philadelphia,1
avoids,1
recognized,1
adequate,1
legitimation,1
ottered,1
essential,1
preclásico,1
reflects,1
artesanal,1
réévaluation,1
coatitlan,1
edited,1
timor,1
synthesizing,1
his,1
cntiquing,1
tautology,1
sumptuary,1
ofcotaxtla,1
aimed,1
encompassed,1
checks,1
developed,1
lavishness,1
influenced,1
buenavista,1
edward,1
incarnated,1
premodern,1
posits,1
easter,1
serra,1
appreciation,1
borrowing,1
centralization,1
capture,1
advertise,1
notion,1
holistic,1
broaden,1
utterances,1
players,1
active,1
adopted,1
analyzes,1
get,1
goes,1
pétrographie,1
propensities,1
reworked,1
saints,1
supplement,1
eight,1
sponsor,1
etnoarqueología,1
mesopotamian,1
michel,1
renewal,1
fueling,1
económico,1
enrique,1
textil,1
boone,1
generating,1
references,1
uenaer,1
empowered,1
enabled,1
scales,1
mit,1
mobilize,1
white,1
concha,1
limitation,1
clarification,1
mediate,1
miscellaneous,1
front,1
köhler,1
tuxtla,1
addressing,1
support,1
firing,1
bonds,1
arid,1
understand,1
provinces,1
perceptions,1
developments,1
parts,1
nonstratified,1
monumental,1
facilitated,1
ias,1
distributive,1
interdependence,1
praise,1
legitimizing,1
emüires,1
tensions,1
li,1
codiciado,1
inougni,1
river,1
colonialism,1
eventually,1
organized,1
imposed,1
duke,1
evidencia,1
intrinsically,1
just,1
placed,1
population,1
welfare,1
reconstituted,1
solidified,1
exploratory,1
weak,1
ulass,1
intercommunity,1
frequently,1
reviewed,1
threat,1
prevent,1
nascent,1
periodically,1
yumtzilob,1
advancing,1
presumed,1
four,1
unpaid,1
alta,1
operate,1
fashioned,1
horizontally,1
ecuador,1
sodi,1
voluminous,1
capuche,1
connecting,1
peru,1
suites,1
linkage,1
rainforest,1
cívica,1
patterning,1
ceremony,1
terminology,1
exploitation,1
reevaluating,1
xaltocan,1
providing,1
drawing,1
hodge,1
halelea,1
jor,1
decode,1
trajectories,1
dependency,1
sixties,1
fluid,1
nebraska,1
constructive,1
conquest,1
mokaya,1
experimentation,1
tiv,1
fit,1
maze,1
moving,1
formidable,1
ostentatious,1
sepik,1
anaranjado,1
introduce,1
extent,1
chapel,1
questioned,1
heterarchical,1
withheld,1
kegan,1
blake,1
encoding,1
histories,1
interconnectedness,1
acknowledgments,1
inherent,1
demise,1
begun,1
faunal,1
color,1
typical,1
ambitions,1
combinations,1
doolittle,1
politicization,1
deserve,1
effort,1
county,1
lived,1
contextualize,1
objectives,1
adjusted,1
prepare,1
sedentary,1
pass,1
requirements,1
mythical,1
near,1
diet,1
configuration,1
halperin,1
nrcnaic,1
spinning,1
correlates,1
ethnohistorical,1
coalitions,1
situation,1
evaluate,1
acquiring,1
floodwater,1
further,1
feabody,1
criticizing,1
commerciai,1
microcosmic,1
ranking,1
equally,1
moaeis,1
neighboring,1
pacifico,1
focused,1
imbalances,1
basadas,1
trappings,1
appadurai,1
reviews,1
prismatic,1
arqueológico,1
keywords,1
mediated,1
jalisco,1
motul,1
halstead,1
burial,1
oppositions,1
appears,1
essentialist,1
recently,1
persons,1
meet,1
equifinality,1
energy,1
contesting,1
however,1
xvii,1
dialectic,1
abuse,1
poststructural,1
perform,1
tikal,1
xn,1
absolute,1
embed,1
opposition,1
implement,1
james,1
sedentism,1
oh,1
balance,1
agrarios,1
expressions,1
engine,1
adjustments,1
failure,1
sites,1
underlie,1
colonies,1
gained,1
directly,1
keeping,1
guerrero,1
eduardo,1
unequal,1
network,1
relatives,1
accounting,1
degrees,1
mapped,1
inferred,1
anthrosols,1
scope,1
bounded,1
residents,1
trial,1
chalchihuites,1
muí,1
imports,1
rail,1
instituted,1
dannhaeuser,1
nine,1
locus,1
commoditization,1
claim,1
prominent,1
brought,1
dominance,1
documenting,1
hereditary,1
multilayered,1
reciprocate,1
deemphasizing,1
marketplace,1
strive,1
elizabeth,1
criticized,1
godelier,1
caching,1
parameters,1
reliance,1
desarrollo,1
year,1
hirth,1
uc,1
overview,1
kindly,1
intermediate,1
cane,1
partly,1
suppliers,1
constitute,1
beginnings,1
records,1
dietler,1
chorti,1
oaks,1
opened,1
runs,1
ontario,1
earh,1
call,1
microeconomic,1
outposts,1
spaces,1
away,1
undercapitalized,1
vista,1
formations,1
employed,1
realizadas,1
sustains,1
realms,1
impoverishing,1
differentially,1
sudeste,1
showing,1
arrangements,1
rulership,1
observaciones,1
universally,1
ilatoani,1
challenging,1
connections,1
strongest,1
inrough,1
charles,1
shortcomings,1
integración,1
thread,1
foci,1
pumita,1
viewing,1
encvclonedia,1
solution,1
least,1
commerce,1
marco,1
viable,1
composite,1
nnsi,1
hard,1
andes,1
geoquímicos,1
fostered,1
unexpected,1
theoretically,1
prevalence,1
josé,1
tiempos,1
presencia,1
warrant,1
patzcuaro,1
mediterranean,1
prehisnanic,1
hilado,1
midst,1
resultados,1
isherwood,1
heart,1
specifically,1
kent,1
encompasses,1
interacción,1
autonomy,1
popenoe,1
underscoring,1
gradations,1
wider,1
revealing,1
components,1
bridge,1
legitimize,1
weberian,1
oral,1
folk,1
engenders,1
acts,1
prestate,1
facility,1
observe,1
florentine,1
sharpen,1
fire,1
decline,1
ericson,1
essentially,1
attached,1
renegotiated,1
dynastie,1
diversified,1
artitacts,1
kekchi,1
carrier,1
lengua,1
occasions,1
incurred,1
beacon,1
coordinate,1
invariant,1
recientes,1
ta,1
prying,1
disconnected,1
discusses,1
games,1
marching,1
cj,1
neoclassical,1
florida,1
newly,1
grateful,1
finds,1
waiting,1
tumu,1
questioning,1
gordon,1
established,1
promising,1
wealthor,1
invest,1
avoid,1
frontera,1
corel,1
subsequently,1
provisioned,1
barbara,1
advertised,1
activation,1
secret,1
hosts,1
statuses,1
socioeconomies,1
referent,1
transform,1
sons,1
arrangement,1
demand,1
resist,1
conforming,1
absence,1
bajos,1
polished,1
piciiiiiiuaicu,1
identified,1
líticos,1
indicative,1
iciiipuiauas,1
advanced,1
potter,1
materiales,1
entangled,1
rights,1
overall,1
administrada,1
expansion,1
tlingit,1
symbolics,1
behave,1
released,1
acknowledged,1
quemada,1
steps,1
investments,1
islands,1
wetland,1
ethnos,1
female,1
cuisine,1
death,1
rodriguez,1
nips,1
etc,1
positioned,1
huaxtepec,1
pictorial,1
above,1
judgment,1
caye,1
panregional,1
centrales,1
histoiy,1
ejutla,1
currency,1
conceived,1
commissioned,1
manifest,1
standing,1
unprecedented,1
watersheds,1
pninrahn,1
aldine,1
seemingly,1
hold,1
va,1
tends,1
direction,1
confronted,1
road,1
acquisitive,1
xicalango,1
fighting,1
fcgaiitananism,1
sponsorship,1
ulua,1
microestructural,1
flannery,1
chronicle,1
mayab,1
statically,1
mantara,1
uaxiola,1
permitting,1
tvoivea,1
justifying,1
violence,1
nonlocal,1
intense,1
read,1
uns,1
paradox,1
heather,1
kluwer,1
papel,1
precolumbian,1
subservient,1
sociocultural,1
mobile,1
metallurgical,1
pre,1
objectified,1
historia,1
populated,1
beneficiaries,1
selective,1
us,1
differentiate,1
individualizing,1
heterarchy,1
robert,1
antiauitv,1
profane,1
chac,1
home,1
generalized,1
patrón,1
mapas,1
light,1
asia,1
assistance,1
complete,1
reinvestment,1
middleton,1
lord,1
passions,1
formalized,1
experimental,1
cairo,1
inferences,1
archeology,1
wright,1
performers,1
indian,1
knapped,1
costs,1
odds,1
climatic,1
watering,1
garland,1
silvery,1
animus,1
noted,1
processed,1
bar,1
heuristically,1
situates,1
debtors,1
functioned,1
enterprises,1
compound,1
payments,1
stones,1
voyages,1
continued,1
tarasco,1
lavish,1
fabulous,1
tlaxcalan,1
simulation,1
mound,1
inhabitants,1
members,1
organizations,1
funerary,1
critiques,1
harrison,1
untested,1
dichotomizing,1
houston,1
heritage,1
book,1
skyband,1
limit,1
anchored,1
consumo,1
again,1
benefits,1
stony,1
renewed,1
preferences,1
drink,1
ask,1
lapotec,1
towns,1
uosiaian,1
motifs,1
tremendous,1
experienced,1
projects,1
matacapan,1
lacked,1
usefulness,1
joyce,1
eliteness,1
fact,1
económica,1
textiles,1
longer,1
lack,1
distribución,1
underwrote,1
turner,1
treatment,1
puiucias,1
storing,1
alloys,1
deficient,1
simbólicas,1
subsistencia,1
calchaqui,1
appeared,1
sociospatial,1
abstract,1
motivational,1
attempting,1
crop,1
relación,1
ethics,1
arncan,1
oneself,1
informing,1
brandéis,1
demonstrating,1
personality,1
debates,1
granting,1
arthur,1
resolved,1
golden,1
outpost,1
fashion,1
imperfect,1
observes,1
conferred,1
external,1
honor,1
forms,1
reproductive,1
philippine,1
reasonable,1
mortuários,1
adjacent,1
petexbatun,1
epigenetic,1
sundry,1
nf,1
operating,1
scientist,1
influential,1
described,1
weighted,1
tortillas,1
knits,1
demarrais,1
unit,1
continuing,1
nonmaya,1
excavation,1
coarse,1
zinacanteco,1
establish,1
interrelate,1
compositional,1
karl,1
shown,1
arqueologia,1
martín,1
forth,1
ports,1
duties,1
exotic,1
mundo,1
strathern,1
invitation,1
matheny,1
clasicos,1
nourishing,1
groom,1
recognizes,1
interdependencies,1
frequency,1
ambergns,1
uender,1
routledge,1
acerca,1
jacobs,1
assemblage,1
gives,1
archaeoloev,1
heuristics,1
lunar,1
nierarcny,1
socioeconomica,1
outgrowth,1
ritos,1
imperio,1
sal,1
fc,1
bowles,1
original,1
phenomenological,1
temporadas,1
tequila,1
credit,1
nahua,1
ine,1
microscopic,1
multistage,1
mcmaster,1
exploring,1
meaningful,1
xiii,1
situated,1
mythic,1
tientan,1
multiscalar,1
una,1
discovery,1
chiefly,1
aspectos,1
upon,1
courtiers,1
directions,1
braudel,1
sides,1
systematics,1
melanesian,1
alienability,1
representative,1
hntre,1
graenwirh,1
canals,1
asentamiento,1
encouraged,1
tenets,1
findings,1
landa,1
imbued,1
host,1
triadic,1
entirely,1
asian,1
expression,1
combining,1
definiendo,1
hypotheses,1
noncorporate,1
teotihuacán,1
station,1
excavaciones,1
aesthetics,1
prolongs,1
inherently,1
engaging,1
sequence,1
render,1
ethnic,1
trend,1
logics,1
decentralization,1
maintains,1
cooked,1
marcos,1
examination,1
aesthetic,1
fantastic,1
biogenetic,1
graham,1
full,1
sees,1
traders,1
congo,1
dahlin,1
contribution,1
stratification,1
fibers,1
nuclear,1
anasazi,1
montmollin,1
exports,1
compositions,1
landscapes,1
clear,1
mayan,1
michoacán,1
tempos,1
accessed,1
lacustrine,1
condenses,1
directed,1
authors,1
comprehensive,1
publication,1
catalysts,1
urbanism,1
modernization,1
sustain,1
chocolate,1
histórica,1
moho,1
materializations,1
codex,1
tool,1
interpret,1
honduran,1
personhood,1
gateway,1
divisions,1
reviewers,1
tradición,1
revised,1
guiding,1
fellow,1
acquiescence,1
fr,1
him,1
nonutilitarian,1
tribal,1
features,1
actividad,1
synchronie,1
driven,1
administrative,1
kept,1
interacted,1
improved,1
structuralism,1
fancy,1
computer,1
peebles,1
fnrlv,1
imagination,1
compromises,1
never,1
oxbow,1
gets,1
mexica,1
discarded,1
coercive,1
ideational,1
arqueológica,1
methods,1
addition,1
constructing,1
generic,1
fpn,1
innovación,1
relation,1
successful,1
regionalizing,1
declare,1
tree,1
respectively,1
contact,1
exactly,1
byproduct,1
planeación,1
influences,1
seattle,1
nuevos,1
monographs,1
materialized,1
política,1
machacadores,1
probably,1
costume,1
preand,1
rhetorical,1
slightly,1
polythetic,1
horse,1
pathway,1
retos,1
workshop,1
tendency,1
epoca,1
espinosa,1
evaluated,1
caution,1
adaptive,1
propose,1
regimes,1
naturaleza,1
nómadas,1
convincingly,1
competed,1
etiquette,1
division,1
codices,1
gifted,1
huapalcalco,1
motivations,1
separate,1
overlapping,1
limiting,1
tula,1
genesis,1
bells,1
rope,1
tolteca,1
departs,1
asking,1
accepting,1
honolulu,1
stage,1
suggestion,1
heartland,1
northwestward,1
tradiciones,1
rormacion,1
christian,1
ministerio,1
assigned,1
devote,1
dinámica,1
peers,1
veneration,1
metaphors,1
note,1
consummation,1
kovacevich,1
ciudad,1
window,1
npw,1
independent,1
matrices,1
george,1
cwuiiuiuia,1
proyecto,1
five,1
causeways,1
traces,1
outsiders,1
conquestand,1
plays,1
bound,1
appropriative,1
palenque,1
arrow,1
santiago,1
fixing,1
vertical,1
andean,1
florescence,1
widespread,1
primarily,1
marcus,1
secure,1
nexus,1
interchanging,1
worldwide,1
excluding,1
concluding,1
coercion,1
sandwich,1
embodying,1
economists,1
effectively,1
lives,1
monopolize,1
yautepec,1
sequences,1
transformation,1
paraphernalia,1
try,1
frames,1
tnivprsitv,1
pertinence,1
regionalism,1
inspired,1
infuse,1
existed,1
mnemonics,1
interconnected,1
michael,1
achieve,1
prolegomenon,1
respect,1
herramientas,1
tconomy,1
oajas,1
enforced,1
coordination,1
fields,1
kingdoms,1
centuries,1
ensayos,1
aboriginal,1
itself,1
uso,1
arts,1
assim,1
grounded,1
unacceptable,1
conservation,1
sociedad,1
forest,1
earliest,1
ennch,1
cual,1
considered,1
erode,1
distributional,1
detail,1
stephen,1
rite,1
enigma,1
fertility,1
acquired,1
interdependency,1
environment,1
monuments,1
heavy,1
imitated,1
thinking,1
constant,1
protracted,1
believed,1
politic,1
melanesia,1
fernández,1
governmental,1
focusing,1
conjunction,1
incorporated,1
pueblos,1
rendered,1
mitchell,1
biography,1
reformulation,1
transdisciplinary,1
complexes,1
unraveling,1
contradiction,1
nonagricultural,1
cayo,1
satisfying,1
characteristics,1
ahau,1
área,1
look,1
tikopia,1
guadalupe,1
precise,1
thousand,1
bronze,1
favors,1
friends,1
tourtellot,1
costin,1
membership,1
output,1
burned,1
doi,1
sherds,1
marketplaces,1
symbol,1
phillips,1
appealing,1
creations,1
encoded,1
ofv,1
gran,1
convertibility,1
òociety,1
set,1
equation,1
mirrors,1
stino,1
particulars,1
imposing,1
outcome,1
enters,1
tuxtlas,1
potlatching,1
inequities,1
substantiates,1
facing,1
aei,1
interpersonal,1
cultures,1
officials,1
ancestor,1
worth,1
novel,1
attribute,1
removing,1
extraction,1
economia,1
historians,1
innovations,1
authorities,1
believe,1
naturalize,1
construcción,1
funnel,1
fabrication,1
gonzalez,1
contextual,1
pragmatic,1
restrictive,1
alfarería,1
microeconomics,1
vines,1
half,1
cui,1
civic,1
knowledgeable,1
returns,1
speech,1
usos,1
disabling,1
ptpss,1
exploiting,1
spaniards,1
entering,1
argonauts,1
streets,1
impossible,1
ir,1
ángel,1
cultivation,1
build,1
associations,1
distinctive,1
placing,1
replication,1
protect,1
ethos,1
conrad,1
assessment,1
residenciales,1
entrada,1
egalitarianism,1
places,1
person,1
turned,1
charged,1
clarity,1
beginning,1
sì,1
elevated,1
defend,1
according,1
hall,1
sectors,1
steal,1
heads,1
exposing,1
proceedings,1
expropriating,1
carefully,1
transfers,1
combined,1
burns,1
motagua,1
whether,1
volcanic,1
reconcile,1
selected,1
redfield,1
webster,1
yielded,1
supports,1
varying,1
independently,1
materialist,1
opportunistic,1
brander,1
passed,1
òtudies,1
gambling,1
adaptation,1
default,1
consisting,1
appropriated,1
repetitive,1
thames,1
hijos,1
dissecting,1
karla,1
array,1
require,1
divide,1
lesure,1
foster,1
rationality,1
almost,1
observations,1
flaked,1
bey,1
marriages,1
wove,1
upper,1
port,1
discussion,1
archaeometry,1
categories,1
art,1
finished,1
popular,1
dimensiones,1
conference,1
boston,1
recursively,1
outline,1
apparatus,1
mercantile,1
trees,1
characters,1
balances,1
indumentaria,1
recognition,1
crajt,1
extracts,1
ancestral,1
conclude,1
tixcnange,1
glosses,1
sharer,1
kin,1
sequencing,1
november,1
regulate,1
implicaciones,1
concessions,1
focal,1
pigs,1
impose,1
step,1
energéticos,1
reappraisal,1
controls,1
rigid,1
adapted,1
souls,1
contribute,1
kula,1
campo,1
obtain,1
antigua,1
divided,1
ranks,1
qualitative,1
isolated,1
evidenced,1
definitions,1
sabloff,1
writing,1
fine,1
neglect,1
accretive,1
recovered,1
relates,1
frances,1
come,1
wild,1
suosistence,1
understandings,1
chile,1
soft,1
ultimately,1
peddlers,1
presence,1
conducive,1
sistemas,1
drafts,1
íâ,1
lists,1
birth,1
discourages,1
dialog,1
leveled,1
frontiers,1
scholes,1
referenced,1
deposition,1
functions,1
copies,1
argentina,1
web,1
numerous,1
institutional,1
opens,1
liaisons,1
frame,1
chemical,1
grant,1
discursive,1
tulane,1
ecosystem,1
parallels,1
ended,1
contributed,1
actively,1
magnitudes,1
materializes,1
cirv,1
enabling,1
otumba,1
uus,1
folan,1
developmental,1
rival,1
attributes,1
palace,1
arenas,1
clues,1
seeks,1
attempted,1
off,1
rupture,1
garcia,1
lencas,1
salience,1
embodies,1
balinese,1
continua,1
madison,1
metepec,1
shift,1
ynrt,1
indices,1
mccafferty,1
maintaining,1
anonymous,1
zinacantan,1
moved,1
orchestrated,1
reconsidering,1
pioneering,1
compounded,1
antnropoiogicai,1
thrones,1
yaxkin,1
justify,1
supply,1
totonacs,1
escalating,1
afield,1
kingly,1
obligation,1
ochoa,1
enterprise,1
debate,1
salinera,1
texts,1
gainesville,1
defines,1
fabricación,1
substantial,1
nonhierarchical,1
given,1
develop,1
re,1
images,1
ends,1
celestial,1
explanations,1
gold,1
virtue,1
voorhies,1
doing,1
enclave,1
roles,1
race,1
close,1
stifled,1
inventories,1
cited,1
gourd,1
discern,1
barter,1
richly,1
faction,1
hypothesis,1
