WORDCOUNTS,WEIGHT
of,1003
the,966
and,836
in,490
to,356
a,286
that,178
as,173
on,152
agriculture,123
is,120
for,118
or,116
societies,115
are,110
from,107
p,104
food,104
with,102
between,97
domestication,90
this,90
production,82
pp,82
by,79
it,78
plants,71
be,67
not,66
their,61
boundary,60
agricultural,59
middle,59
these,58
human,57
wild,57
species,55
plant,52
i,51
both,50
domesticates,46
have,45
they,44
which,44
also,43
ground,43
such,41
at,40
domesticated,40
developmental,39
transition,37
been,36
one,35
an,35
terms,35
university,34
other,33
more,33
landscape,32
term,32
but,32
has,32
cultivation,32
border,30
when,30
economies,29
general,29
range,29
were,29
different,29
only,28
d,28
no,27
all,26
j,26
than,26
cultural,26
can,26
either,25
seed,25
reliance,25
use,25
owens,25
there,24
conceptual,24
animals,24
m,24
territory,24
american,23
into,23
side,23
some,23
his,23
was,23
zone,23
harris,23
time,23
would,23
valley,23
hunting,22
smith,22
archaeological,22
rather,21
b,21
t,21
management,21
crop,21
eastern,20
r,20
prehistoric,20
new,20
over,20
north,20
even,19
origins,19
line,19
he,19
number,19
any,19
animal,19
foraging,18
gathering,18
very,18
what,18
mesolithic,17
without,17
farming,17
region,17
life,17
should,17
if,16
h,16
resources,16
along,16
subsistence,16
resource,16
procurement,16
agriculturalists,16
often,16
years,16
land,16
g,15
incipient,15
clearly,15
most,15
out,15
initial,15
regions,15
world,15
two,15
situated,15
archaeology,15
cambridge,15
s,14
well,14
having,14
its,14
broad,14
long,14
several,14
up,14
cycle,14
various,14
intervention,14
same,14
many,14
scholars,14
clear,14
systems,14
considered,14
anthropological,14
categories,14
through,14
pathways,14
being,13
europe,13
those,13
interesting,13
across,13
solutions,13
emergence,13
used,13
research,13
efforts,13
do,13
figure,13
natural,13
past,13
particular,13
although,13
interaction,13
way,12
groups,12
complex,12
great,12
usage,12
thus,12
northwest,12
coast,12
another,12
stable,12
particularly,12
while,12
hopewell,12
evidence,12
exclusively,12
does,11
humans,11
crops,11
farmers,11
america,11
development,11
point,11
central,11
journal,11
process,11
important,11
further,11
ford,11
soil,11
activities,11
museum,11
southern,11
reference,11
under,11
considerable,11
simple,11
strategies,11
zvelebil,11
hunters,11
northern,11
relative,11
target,11
e,10
stretches,10
first,10
could,10
within,10
places,10
fig,10
developed,10
w,10
had,10
smithsonian,10
annual,10
economic,10
label,10
yet,10
k,10
paiute,10
consideration,10
where,10
california,10
labels,10
evolutionary,10
dualistic,10
control,10
question,10
caloric,10
defined,10
early,10
sets,9
vol,9
far,9
behavior,9
labor,9
how,9
exploitation,9
because,9
documented,9
employed,9
social,9
society,9
neolithic,9
nuaulu,9
limited,9
single,9
less,9
discussion,9
similar,9
like,9
so,9
deliberate,9
institution,9
changes,9
them,9
researchers,9
zones,9
morphological,9
define,9
specific,9
substantial,9
since,8
appear,8
ways,8
greater,8
least,8
genetic,8
dependence,8
definitional,8
nor,8
drawn,8
basic,8
earlier,8
evolution,8
prehistory,8
perspective,8
appearance,8
academic,8
though,8
good,8
managed,8
populations,8
identified,8
selection,8
forms,8
questions,8
science,8
markers,8
quite,8
set,8
each,8
states,8
c,8
much,8
among,8
phenotypic,7
represent,7
environmental,7
leading,7
subsequent,7
vegetation,7
placement,7
characterize,7
difficulties,7
turn,7
intensive,7
n,7
record,7
basin,7
patterns,7
viewed,7
wide,7
example,7
et,7
successful,7
generally,7
place,7
husbandry,7
perhaps,7
vast,7
largely,7
full,7
analysis,7
fall,7
aboriginal,7
pressures,7
forest,7
anthropology,7
current,7
extent,7
sowing,7
shift,7
given,7
major,7
difficult,6
common,6
large,6
easily,6
nature,6
definition,6
case,6
key,6
possible,6
relatively,6
application,6
tripartite,6
identify,6
conceptually,6
may,6
recognized,6
mountain,6
category,6
organization,6
terminology,6
irrigation,6
based,6
casual,6
inherent,6
centers,6
near,6
horticulture,6
approach,6
change,6
involve,6
appropriate,6
sago,6
f,6
absence,6
practices,6
ethnographic,6
areas,6
attempting,6
diverse,6
ecology,6
understanding,6
examples,6
including,6
meanings,6
three,6
spread,6
exactly,6
continued,6
provide,6
contribution,6
clinal,6
complexity,6
better,6
degree,6
local,6
size,6
redrawn,6
remains,6
classification,6
potential,6
focus,6
ca,6
studies,5
history,5
contexts,5
exist,5
steady,5
attempts,5
might,5
rindos,5
rich,5
concepts,5
papers,5
existence,5
prior,5
obvious,5
tending,5
characteristic,5
enhancement,5
back,5
kumeyaay,5
thin,5
storage,5
york,5
l,5
study,5
neither,5
stoltman,5
unwin,5
lead,5
intervening,5
population,5
applied,5
scale,5
minimal,5
indigenous,5
childe,5
status,5
clearance,5
level,5
order,5
involved,5
around,5
components,5
presence,5
tended,5
visible,5
dependent,5
value,5
implications,5
overall,5
comparative,5
garden,5
interactions,5
direction,5
communities,5
selective,5
already,5
useful,5
toward,5
pastoralism,5
habitat,5
end,5
reproductive,5
increase,5
raising,5
guilá,5
described,5
maintenance,5
period,5
mexico,5
provides,5
ann,5
occupied,5
applications,5
raise,5
groves,5
nonagricultural,5
temporal,5
few,5
sustained,5
defining,5
associated,5
distinctive,5
cal,5
economy,5
easy,5
investment,5
made,5
area,5
tillage,5
naquitz,5
later,4
meaning,4
separated,4
modifier,4
introduction,4
maize,4
protection,4
total,4
before,4
transitions,4
certainly,4
exclusive,4
composition,4
feature,4
sociopolitical,4
context,4
ad,4
system,4
draw,4
burning,4
apply,4
identifies,4
review,4
de,4
viewing,4
distinct,4
find,4
poorly,4
vantage,4
partition,4
growth,4
template,4
space,4
consider,4
dichotomy,4
foragers,4
just,4
heading,4
exploited,4
beyond,4
problems,4
dominant,4
stands,4
dc,4
whereas,4
moving,4
faunal,4
energy,4
directly,4
distinguish,4
landmark,4
concept,4
part,4
breeding,4
uncharted,4
systematic,4
manipulation,4
steward,4
revolution,4
phrase,4
span,4
will,4
variety,4
expansion,4
brief,4
lies,4
still,4
about,4
relied,4
serve,4
perspectives,4
definitions,4
varied,4
cultivated,4
longer,4
marker,4
discussed,4
v,4
manner,4
rapid,4
equate,4
see,4
necessary,4
baerreis,4
dichotomous,4
transformation,4
points,4
features,4
serves,4
epistemology,4
cognitive,4
comfortably,4
figures,4
adaptive,4
ago,4
attention,4
dietary,4
increasing,4
european,4
carried,4
who,4
began,4
united,4
environment,4
must,4
simply,4
extensive,4
continues,4
extension,4
postglacial,4
specialized,4
oxford,4
did,4
regard,4
rely,4
growing,4
beginning,4
domesticate,4
figs,4
socioeconomic,4
presented,4
harvesting,4
think,4
come,4
until,4
include,4
attributes,4
increased,4
root,4
themselves,4
era,4
propagules,4
entire,4
profiles,4
close,4
cultigens,3
now,3
o,3
resulted,3
mesoamerica,3
hunn,3
assumption,3
necessarily,3
turning,3
highlight,3
lower,3
consistent,3
distinguishing,3
class,3
planting,3
comparatively,3
advantage,3
confusion,3
macneish,3
closer,3
reproduction,3
duality,3
dd,3
east,3
continuum,3
right,3
activity,3
occupy,3
apart,3
cited,3
separating,3
diversity,3
framework,3
relationships,3
extensions,3
price,3
nondomesticated,3
depend,3
compare,3
according,3
tilling,3
focused,3
lesser,3
huntinggathering,3
opposed,3
essential,3
main,3
active,3
amazonian,3
importance,3
certain,3
direct,3
plots,3
scattered,3
means,3
qualify,3
separates,3
river,3
established,3
gradually,3
frequently,3
solid,3
four,3
encouragement,3
permanent,3
care,3
drawing,3
view,3
categorical,3
imbedded,3
cultivating,3
descriptive,3
result,3
my,3
identifying,3
isotope,3
handbook,3
understood,3
ot,3
dispersal,3
placed,3
facilities,3
structure,3
sites,3
basis,3
degrees,3
shoshoni,3
literature,3
bc,3
advancement,3
castetter,3
related,3
woodland,3
realm,3
intermediate,3
during,3
actually,3
away,3
herding,3
multiplicity,3
broadcast,3
solution,3
field,3
diagnostic,3
encompasses,3
australian,3
boundaries,3
provided,3
actions,3
input,3
scientific,3
located,3
constraints,3
etc,3
targeted,3
biological,3
once,3
vs,3
makes,3
temperate,3
included,3
lowland,3
indian,3
acknowledging,3
regional,3
volume,3
routes,3
lack,3
larger,3
substantially,3
pennsylvania,3
anthropologist,3
enough,3
model,3
distance,3
coined,3
shifts,3
modifiers,3
assemblages,3
accompanying,3
expand,3
budget,3
continue,3
supplement,3
involves,3
significance,3
scandinavia,3
characterized,3
standard,3
never,3
availability,3
implication,3
pathway,3
southwest,3
versus,3
we,3
atlas,3
cocopa,3
relying,3
naturally,3
fully,3
huntergatherer,3
masca,3
construction,3
variable,3
then,3
known,3
alternative,3
carbon,3
descriptions,3
meadows,3
exploration,3
best,3
proposed,3
february,3
qualitatively,3
form,3
cause,3
covers,3
correlates,3
parcels,3
ownership,3
little,3
orlando,3
gain,3
our,3
survival,3
herds,3
americas,3
thoughtful,3
involving,3
hinder,3
extremely,3
association,3
offered,3
territories,3
commonsense,3
recent,3
livestock,3
calories,3
meeting,3
looking,3
richly,3
final,2
ä,2
done,2
surreptitious,2
pale,2
weeding,2
iowa,2
extend,2
alone,2
grasses,2
notably,2
group,2
camping,2
enhance,2
tend,2
designed,2
true,2
trace,2
western,2
fixed,2
classify,2
unlike,2
encourage,2
harvests,2
bp,2
qualification,2
australia,2
chenopodium,2
disturbance,2
elusive,2
utilization,2
asia,2
archaeologically,2
reasons,2
potentially,2
germination,2
marek,2
follows,2
found,2
government,2
atlantic,2
characterizing,2
resulting,2
take,2
bettinger,2
last,2
semicultivation,2
state,2
miles,2
liljeblad,2
principal,2
opposite,2
reading,2
threshold,2
nomadic,2
lowlevel,2
documenting,2
issue,2
linear,2
draws,2
primary,2
eurasia,2
logical,2
establishing,2
west,2
combination,2
say,2
establishment,2
representing,2
make,2
caprine,2
exposed,2
regarding,2
phase,2
throughout,2
relocation,2
southwestern,2
historically,2
component,2
spectrum,2
explorers,2
against,2
mixed,2
adopted,2
santa,2
bogucki,2
spans,2
forced,2
transitional,2
cultivator,2
cases,2
elements,2
keep,2
document,2
refer,2
misleading,2
look,2
paleoeconomy,2
gaze,2
generation,2
distribution,2
bimodal,2
gaining,2
reflects,2
traverse,2
adds,2
stages,2
sort,2
domesticatory,2
environments,2
cave,2
consequences,2
fade,2
support,2
accounts,2
understand,2
settled,2
adopt,2
marks,2
retained,2
image,2
jomon,2
too,2
age,2
seram,2
bender,2
plenum,2
providing,2
redefining,2
opening,2
route,2
called,2
expanses,2
combinations,2
terminological,2
respects,2
late,2
equally,2
let,2
precursor,2
stock,2
aspects,2
appears,2
intensity,2
otherwise,2
rainforest,2
explain,2
technical,2
distinguishes,2
almost,2
future,2
gatherers,2
scope,2
carries,2
carry,2
invisible,2
prominent,2
brought,2
competing,2
reduction,2
clearer,2
describe,2
consistently,2
harlan,2
issues,2
people,2
survey,2
somewhere,2
focuses,2
elegant,2
preparation,2
universally,2
own,2
marking,2
trends,2
attributed,2
lhe,2
absorb,2
viable,2
hard,2
suggest,2
stage,2
multitude,2
hole,2
small,2
affluent,2
highly,2
dramatic,2
seeds,2
budgets,2
results,2
structured,2
massive,2
subsequently,2
affixed,2
led,2
ana,2
likely,2
habitats,2
reduced,2
minor,2
matter,2
employ,2
short,2
attempt,2
above,2
expanded,2
indicates,2
roads,2
vicinity,2
contributing,2
forager,2
represents,2
restricted,2
us,2
differentiate,2
planned,2
complete,2
culture,2
amazon,2
frameworks,2
inhabitants,2
jarman,2
journey,2
bring,2
again,2
others,2
approaching,2
similarly,2
printing,2
addition,2
water,2
zeder,2
broadly,2
weeds,2
match,2
variation,2
man,2
bell,2
removal,2
men,2
present,2
clusters,2
developing,2
archaeobotanical,2
accepted,2
establish,2
lines,2
explicitly,2
regionally,2
exhibit,2
exploring,2
institute,2
background,2
upon,2
ethnology,2
goes,2
complexities,2
significant,2
bed,2
processes,2
prelude,2
theoretical,2
inadequate,2
resultant,2
distinction,2
static,2
antiquity,2
filled,2
enriched,2
abundant,2
gardening,2
nondomesticates,2
strongly,2
behind,2
article,2
parallel,2
relation,2
relocating,2
confusing,2
probably,2
travelers,2
adaptations,2
positioning,2
remarkable,2
productive,2
minimally,2
division,2
applies,2
supplemental,2
hindered,2
yields,2
iran,2
modification,2
behaviors,2
dominates,2
sometimes,2
ecological,2
usually,2
five,2
maps,2
sol,2
begin,2
widespread,2
primarily,2
seen,2
recognize,2
sq,2
why,2
frontier,2
exists,2
mirror,2
problematic,2
meant,2
detail,2
ensure,2
hydrophytic,2
school,2
following,2
hircus,2
intensification,2
inadvertent,2
ballena,2
colorado,2
labeling,2
expanding,2
argue,2
half,2
classed,2
domestic,2
harvest,2
ideological,2
stretching,2
linked,2
historical,2
anomalous,2
texas,2
evident,2
none,2
scholarly,2
overarching,2
combined,2
whether,2
involvement,2
oj,2
seasonal,2
map,2
protective,2
theory,2
characterizes,2
getting,2
intake,2
suggests,2
occupying,2
dimly,2
demarcated,2
obfuscate,2
recognition,2
dams,2
multiple,2
ohio,2
role,2
variability,2
harvested,2
measure,2
indians,2
coming,2
invested,2
categorically,2
locations,2
illinois,2
numerous,2
cucurbita,2
mode,2
ecosystem,2
transformations,2
contributed,2
applicable,2
need,2
disruption,2
you,2
roughly,2
classificatory,2
digging,2
partial,2
characters,2
develop,2
corn,2
strong,2
observed,2
cross,2
broader,2
southeastern,2
roles,2
tubers,2
arizona,2
countryside,1
entities,1
undertakings,1
formulated,1
currently,1
releases,1
produces,1
spikerush,1
load,1
generalization,1
sterile,1
conflicting,1
transplanting,1
presentday,1
pittsburgh,1
centering,1
designated,1
created,1
dangers,1
latitudinal,1
introductions,1
floodwaters,1
determine,1
worthy,1
intriguing,1
propagation,1
predator,1
arranges,1
empirical,1
extends,1
mountains,1
utility,1
obliquely,1
deciduous,1
crossing,1
per,1
passing,1
connect,1
village,1
center,1
settlements,1
agroforestry,1
developmentally,1
replaced,1
judged,1
kinds,1
confidence,1
alvarez,1
properly,1
mostly,1
precede,1
creeks,1
referring,1
marcia,1
alive,1
rewards,1
peaks,1
nuts,1
approaches,1
stunted,1
subsis,1
candidate,1
favor,1
higgs,1
considerations,1
subsistencesystem,1
reasonably,1
acceptance,1
undertaken,1
equated,1
proven,1
hegemony,1
presents,1
invent,1
amply,1
holding,1
remedy,1
uses,1
standards,1
something,1
nonintensively,1
iwo,1
nonetheless,1
societal,1
themes,1
debilitating,1
negative,1
myriad,1
round,1
redefines,1
cast,1
archaeologists,1
arguing,1
upland,1
beneficial,1
lateral,1
sources,1
fast,1
tantalizing,1
ui,1
expands,1
topographic,1
preceding,1
creation,1
paragon,1
fertile,1
interests,1
reclassify,1
interested,1
spontaneous,1
originally,1
repertoire,1
entangled,1
contrasted,1
investments,1
ears,1
assist,1
ssp,1
lifestyle,1
promoting,1
runoff,1
emerged,1
dennell,1
anu,1
seems,1
discontinuity,1
words,1
gary,1
dramatically,1
incorporating,1
possibilities,1
reach,1
shaped,1
packed,1
belong,1
suggesting,1
daily,1
borders,1
thank,1
noninclusion,1
wither,1
origin,1
forage,1
studied,1
able,1
lumped,1
thanks,1
hundred,1
concludes,1
room,1
cai,1
hre,1
failures,1
embrace,1
inferring,1
improving,1
exercises,1
emphasized,1
stand,1
respond,1
precisely,1
raised,1
jnortn,1
robert,1
jld,1
advantages,1
somewhat,1
historv,1
pepo,1
confused,1
visibility,1
rethinking,1
synchronization,1
british,1
bulbous,1
empty,1
genotypic,1
takes,1
sophisticated,1
accords,1
botanical,1
westview,1
tie,1
formulation,1
task,1
isobars,1
décrue,1
anthropozoologica,1
sought,1
planted,1
u,1
iv,1
demography,1
discuss,1
rests,1
addresses,1
ihree,1
uproot,1
leisurely,1
endorsing,1
account,1
gardens,1
replacement,1
determined,1
condition,1
tracing,1
tropical,1
adopting,1
functions,1
alter,1
bibliography,1
desired,1
sinuous,1
reflecting,1
radical,1
chart,1
reconstruction,1
anticipated,1
considerably,1
keeps,1
occur,1
ritual,1
collection,1
intent,1
unrecognized,1
subsist,1
repeatedly,1
prerequisite,1
million,1
squash,1
oaxaca,1
prey,1
includes,1
expect,1
anthrodolosical,1
explained,1
eventual,1
severe,1
attest,1
countless,1
surrounded,1
herbs,1
tehuacan,1
integral,1
modlficaiion,1
millennium,1
informant,1
decided,1
heterogeneity,1
towers,1
highlighting,1
tucson,1
eurasian,1
irreversibly,1
reshape,1
sample,1
trail,1
century,1
kind,1
heterogenous,1
drainage,1
stored,1
canal,1
tidy,1
concerning,1
uniformly,1
ethnobotanical,1
encompass,1
simplest,1
serving,1
pasicfaiism,1
elicit,1
young,1
annua,1
gauge,1
left,1
taming,1
truly,1
fowler,1
semantic,1
coinciding,1
diverge,1
ecosystems,1
prehistoryof,1
strengthening,1
stichting,1
precontact,1
hardly,1
culturaldomestication,1
restricting,1
boxes,1
acknowledge,1
rates,1
kayapo,1
societalscale,1
nonagriculturalists,1
twaalfde,1
incentive,1
alabama,1
rights,1
site,1
civilization,1
steps,1
transhumance,1
aborigines,1
iti,1
philadelphia,1
òettiea,1
zw,1
exact,1
statements,1
purely,1
militates,1
preexisting,1
destroy,1
propagule,1
nse,1
mammoth,1
breadth,1
secrets,1
en,1
synonyms,1
levels,1
ascertaining,1
uninhabited,1
preparing,1
begining,1
presentation,1
completely,1
deliberately,1
suffer,1
compacted,1
probability,1
mile,1
aberador,1
loses,1
landscapes,1
terminologically,1
derived,1
parts,1
references,1
worthwhile,1
tree,1
scales,1
offering,1
receding,1
upstream,1
predation,1
bulblets,1
asch,1
absorbed,1
multivariate,1
consistency,1
shining,1
modified,1
ij,1
utterly,1
perceptions,1
developments,1
plus,1
postmodern,1
archaeoloqv,1
locally,1
improvement,1
imposing,1
neutral,1
fish,1
profiling,1
wealth,1
producers,1
represented,1
ì,1
impact,1
bruce,1
house,1
domesticatesi,1
characterizations,1
profile,1
upper,1
benefited,1
opportunistic,1
iva,1
acknowledges,1
recovered,1
additional,1
apete,1
confuse,1
albuquerque,1
biotic,1
follow,1
suites,1
defeat,1
goats,1
ocampo,1
isolation,1
followed,1
position,1
consequence,1
puts,1
mix,1
archeological,1
appropriations,1
relicts,1
david,1
faced,1
ancient,1
differently,1
trajectories,1
exits,1
paragraph,1
painters,1
domiculture,1
yielding,1
skewed,1
closely,1
advance,1
came,1
compress,1
ethnography,1
declined,1
downstream,1
habitually,1
rule,1
coalescing,1
typical,1
access,1
inappropriate,1
mapping,1
amsterdam,1
ambiguity,1
effort,1
seven,1
changed,1
deal,1
international,1
sedentary,1
fishing,1
facilitate,1
relate,1
requirements,1
diet,1
nurturing,1
emerge,1
percentages,1
interpretations,1
attenuated,1
philosophical,1
attained,1
representative,1
affluence,1
rivervalley,1
accurately,1
neighboring,1
pointing,1
caves,1
incompatible,1
oaxacans,1
residential,1
devoid,1
yen,1
shoshoneans,1
cannot,1
excellent,1
publications,1
russell,1
safe,1
broadcasting,1
hypothetical,1
your,1
approached,1
grass,1
levant,1
inexorable,1
acknowledgments,1
schema,1
creates,1
sedentism,1
possibility,1
vegetal,1
criteria,1
briefly,1
overlapping,1
improve,1
enrichment,1
keeping,1
flannery,1
trial,1
relatives,1
data,1
mapped,1
artifacts,1
destinations,1
gebauer,1
work,1
viability,1
bounded,1
residents,1
received,1
obscure,1
organize,1
ditches,1
protein,1
floodplain,1
distinctively,1
characterization,1
tarly,1
discusses,1
calls,1
monocrop,1
penetrating,1
caught,1
description,1
lecnnological,1
parameters,1
year,1
overview,1
q,1
typologizing,1
refined,1
expansive,1
constitute,1
destination,1
beginnings,1
records,1
relevance,1
midsouth,1
taxa,1
runs,1
rows,1
churning,1
ethnohistoric,1
warns,1
douglas,1
reflect,1
nederlands,1
implement,1
entails,1
manage,1
steadystate,1
horizon,1
combine,1
challenging,1
pleistocene,1
gap,1
midlatitude,1
errors,1
ò,1
earth,1
grain,1
preceded,1
causal,1
shoshone,1
inbetween,1
construct,1
mesopotamia,1
peopled,1
ratios,1
nonwild,1
arise,1
indicator,1
caused,1
working,1
below,1
hopewellian,1
shaping,1
lawton,1
politically,1
trie,1
complicate,1
yuman,1
discourse,1
squarely,1
settlement,1
balma,1
arbitrary,1
orient,1
repeated,1
specifically,1
underscore,1
mineral,1
underscoring,1
accomplished,1
wider,1
adventive,1
routine,1
temporary,1
partitions,1
breaking,1
essentially,1
distinguished,1
intrepid,1
limbo,1
villages,1
core,1
always,1
progress,1
dim,1
goat,1
productivity,1
tributary,1
pa,1
paid,1
ellen,1
tounaation,1
city,1
roots,1
notes,1
florida,1
husbanded,1
harboring,1
preliminary,1
ureat,1
deer,1
pinyon,1
grasp,1
schematic,1
promising,1
casts,1
latin,1
conceal,1
survived,1
chronological,1
south,1
blanket,1
flourished,1
portion,1
critical,1
usable,1
processual,1
transform,1
profiled,1
conceptualizations,1
ventured,1
replant,1
taken,1
logistical,1
narrows,1
letters,1
logically,1
culturally,1
indeed,1
papua,1
labeled,1
verge,1
barley,1
irrigator,1
preludes,1
play,1
corporation,1
return,1
attenuate,1
unstable,1
islands,1
oversight,1
exception,1
cared,1
reduce,1
intensively,1
community,1
july,1
reappraisal,1
nonstandard,1
tor,1
roadside,1
surviving,1
comments,1
backdrop,1
movement,1
perennial,1
settings,1
seemingly,1
hitherto,1
positive,1
structural,1
percentage,1
hoe,1
prolongation,1
pacific,1
kent,1
undomesticated,1
stalled,1
interpretation,1
vegetables,1
precondition,1
push,1
opportunities,1
wake,1
security,1
underdevelopment,1
coverage,1
residence,1
rain,1
array,1
continuity,1
analog,1
technology,1
challenged,1
perceived,1
subsuming,1
trailmix,1
acting,1
rabbits,1
assistance,1
depopulated,1
every,1
locality,1
wkianunia,1
archeology,1
hay,1
accelerated,1
al,1
largest,1
insights,1
apologize,1
horticultural,1
department,1
reports,1
unusually,1
begins,1
williams,1
bar,1
published,1
disciplinary,1
deconstruct,1
organizations,1
oral,1
fire,1
forahopewellian,1
dilemma,1
french,1
aspect,1
layton,1
attacks,1
challenge,1
unsustainable,1
disappointing,1
palm,1
mark,1
ontario,1
stating,1
academy,1
drainages,1
available,1
ask,1
nevada,1
rock,1
perfected,1
usefulness,1
communal,1
fact,1
causality,1
blur,1
occurrence,1
relates,1
foods,1
minnesota,1
sowed,1
complementing,1
centered,1
agree,1
appeared,1
documents,1
abstract,1
mulching,1
nauve,1
together,1
really,1
break,1
identity,1
subregionalscale,1
contemporary,1
doubt,1
resolved,1
fashion,1
clearing,1
hand,1
adjacent,1
likelihood,1
chain,1
unit,1
noncomplex,1
relevant,1
melinda,1
norwegian,1
shown,1
achieving,1
council,1
analyses,1
practice,1
paired,1
anthropologie,1
focusing,1
japan,1
banner,1
binford,1
belief,1
frequency,1
tails,1
fanning,1
assemblage,1
anthropogenic,1
after,1
admittedly,1
encountered,1
capture,1
midwest,1
meandering,1
remove,1
tame,1
argues,1
interpreting,1
thousands,1
ephemeral,1
demonstrated,1
synonym,1
displace,1
technologies,1
survive,1
multiscalar,1
considering,1
observable,1
stumbled,1
easier,1
comprise,1
explanation,1
native,1
values,1
limitations,1
temporate,1
sides,1
unencumbered,1
lake,1
transformed,1
guinea,1
previously,1
transplantation,1
illumination,1
arbitrarily,1
samples,1
skeletal,1
encouraged,1
varying,1
host,1
paleofeces,1
tx,1
admiring,1
entirely,1
huntersfirst,1
expression,1
protoagricultural,1
redistribution,1
wonderful,1
rivers,1
additions,1
emphasize,1
refers,1
landmarks,1
conditions,1
band,1
sequence,1
aside,1
products,1
assign,1
actual,1
lawrence,1
maintains,1
cooked,1
nothing,1
previous,1
reinforcing,1
straddle,1
rrom,1
pattern,1
platform,1
ties,1
low,1
wheats,1
open,1
explorations,1
visable,1
nutgrass,1
engender,1
equates,1
miaaie,1
historic,1
directed,1
comprehensive,1
publication,1
hampered,1
agreement,1
damage,1
sustain,1
co,1
individual,1
symposium,1
ungins,1
times,1
allowed,1
reviewers,1
satisfies,1
summer,1
mouton,1
causally,1
attaches,1
lie,1
kept,1
stimulation,1
lag,1
conceptualdevelopmental,1
diversion,1
preservation,1
lose,1
artificial,1
favored,1
graphic,1
special,1
somehow,1
floral,1
trying,1
elaborate,1
normally,1
methods,1
reassessments,1
sense,1
suffers,1
confidently,1
effect,1
agave,1
retooled,1
seattle,1
loosen,1
concluding,1
primitive,1
seeking,1
translate,1
differ,1
tendency,1
stick,1
propose,1
regimes,1
investigations,1
tence,1
convincingly,1
hedge,1
concluded,1
widely,1
cereals,1
decision,1
separate,1
limiting,1
fails,1
farm,1
things,1
galaxies,1
amazomans,1
valuable,1
assigned,1
boilerplate,1
backward,1
characteristics,1
cuisvation,1
succinctly,1
humanities,1
bureau,1
she,1
disappointingly,1
addressing,1
program,1
suspected,1
promotional,1
reasonable,1
select,1
qualifies,1
foregoing,1
cereal,1
recognizes,1
substitution,1
bulletin,1
becomes,1
contrast,1
referred,1
starch,1
reason,1
reflections,1
directions,1
relations,1
detailed,1
agroecosystems,1
effectively,1
drifting,1
remaining,1
indicate,1
covering,1
feeder,1
spanning,1
kayapó,1
existed,1
underscores,1
table,1
composed,1
subdivided,1
measured,1
types,1
fields,1
metrical,1
event,1
soctoeconomlc,1
minimalist,1
combines,1
crowded,1
investigate,1
conservation,1
employs,1
earliest,1
addressed,1
quantitative,1
burned,1
maizetepary,1
fertility,1
share,1
ash,1
victoria,1
paléorient,1
rarely,1
thinking,1
updating,1
constant,1
cultivars,1
material,1
melanesia,1
civilizations,1
comes,1
conclusion,1
ethnological,1
mentioned,1
changing,1
asexual,1
comparison,1
extending,1
respective,1
dividing,1
detachment,1
ever,1
tjlage,1
forests,1
scrutiny,1
recognizable,1
bronze,1
quantitatively,1
physical,1
alludes,1
diets,1
meat,1
sciences,1
organizational,1
offers,1
here,1
brazilian,1
cover,1
quickly,1
partitioning,1
dimension,1
continental,1
machigenga,1
nonintensive,1
principle,1
country,1
membrane,1
qualifier,1
pedestrian,1
cultures,1
suggestions,1
qualifying,1
extraction,1
setting,1
seem,1
universalist,1
down,1
straightforward,1
denoted,1
surprisingly,1
inquiry,1
foundation,1
metaphorical,1
reliability,1
obviously,1
capra,1
equilibrium,1
reflected,1
allocated,1
generalized,1
tracts,1
placing,1
sierra,1
crater,1
living,1
type,1
options,1
advances,1
cleared,1
clarity,1
game,1
unlikely,1
explanations,1
automatically,1
fuller,1
reproduce,1
longestablished,1
notable,1
proceedings,1
spatial,1
implicit,1
meticulous,1
reconcile,1
selected,1
ones,1
voor,1
making,1
interstates,1
add,1
zagros,1
passed,1
firmly,1
interval,1
ceased,1
tightly,1
leaving,1
problem,1
adaptation,1
supplemented,1
consisting,1
wfld,1
weedy,1
secure,1
yield,1
property,1
proposing,1
prenistonc,1
witnessing,1
phenomena,1
emphasis,1
bakry,1
paleoecology,1
contain,1
unreasonable,1
spaces,1
outline,1
john,1
occasionally,1
incompatable,1
careful,1
northwestern,1
ill,1
met,1
conclude,1
affecting,1
uniform,1
interviews,1
collecting,1
press,1
yearly,1
subject,1
recommendations,1
disciplines,1
undermining,1
step,1
explication,1
conventional,1
regularities,1
nonhuman,1
contribute,1
botany,1
using,1
isolated,1
commented,1
representation,1
soils,1
fruiting,1
syndrome,1
ambiguously,1
huntergatherers,1
pine,1
oi,1
ultimately,1
models,1
drafts,1
differentiation,1
lists,1
guild,1
frontiers,1
disappear,1
mangelsdorf,1
intensified,1
ethnobotany,1
genetically,1
swampy,1
national,1
washington,1
publishing,1
modern,1
parallels,1
documentation,1
ended,1
regenerating,1
grown,1
salt,1
disagree,1
hunter,1
berlandieri,1
smaller,1
distuifoance,1
crossed,1
ï,1
france,1
effects,1
settling,1
playing,1
relegate,1
off,1
inequalities,1
presenting,1
desert,1
practiced,1
summary,1
anonymous,1
needs,1
supported,1
midcontinent,1
modeling,1
reconsidering,1
braidwood,1
assumed,1
clarify,1
aegargus,1
gordon,1
supply,1
thereto,1
michigan,1
premaize,1
pool,1
norman,1
manioc,1
element,1
utah,1
traditional,1
earthworks,1
ethnographie,1
mature,1
seek,1
comparable,1
panic,1
salish,1
oí,1
doing,1
adjectival,1
predicated,1
climax,1
deeper,1
