WORDCOUNTS,WEIGHT
and,1212
the,1152
of,912
in,780
a,439
tiwanaku,363
to,258
at,185
de,170
as,154
was,150
that,149
with,143
l,129
an,126
formative,122
pp,120
were,119
on,117
la,112
for,111
research,108
its,105
m,102
late,99
j,97
c,96
by,92
sites,91
from,90
settlement,89
chiripa,79
basin,78
local,76
p,75
early,75
university,71
andean,70
archaeology,68
social,67
state,65
titicaca,65
most,64
ritual,63
en,63
have,63
middle,60
lake,60
bolivia,58
this,57
or,57
et,56
complex,54
w,54
during,54
political,52
cultural,52
s,51
many,51
new,50
recent,50
archaeological,49
e,48
janusek,48
excavations,48
arqueología,46
more,46
groups,45
ceramic,44
other,43
some,43
kolata,43
perspectives,42
valley,42
emerging,41
major,41
such,40
which,40
period,40
d,39
american,38
y,38
v,38
taraco,38
press,38
southern,37
h,36
k,36
areas,36
been,36
it,35
center,35
el,35
regional,35
del,35
monumental,34
department,34
smithsonian,34
lukurmata,34
institution,34
large,33
i,33
unpublished,33
important,33
ponce,32
had,32
residential,32
sunken,32
each,32
vol,31
than,31
ceremonial,31
region,31
productive,30
may,29
site,29
paz,29
t,29
society,29
not,29
urban,29
development,28
relatively,28
south,28
also,28
sociopolitical,28
evidence,28
chicago,28
production,27
centers,27
is,27
elaborate,27
ad,26
regions,26
small,26
religious,26
two,26
including,26
over,26
stanish,25
r,25
their,25
platform,25
paleoecology,25
dc,24
one,24
stone,24
civilization,24
peru,24
near,24
andes,24
interaction,24
settlements,23
into,23
several,23
yayamama,23
wares,22
b,22
revealed,22
around,22
included,22
patterns,22
polities,22
portugal,21
g,21
across,21
practices,21
architecture,21
strategies,21
style,21
significant,21
has,21
phd,21
built,21
they,20
ancient,20
power,20
nacional,20
domestic,20
washington,20
among,20
anthropology,19
those,19
distinct,19
networks,19
found,19
island,19
but,19
los,19
iv,18
central,18
part,18
katari,18
these,18
assemblages,18
chavez,18
associated,18
became,18
boletín,18
between,18
formed,17
khonkho,17
paper,17
wankarani,17
throughout,17
pucp,17
incorporated,17
while,17
first,16
changes,16
moquegua,16
bc,16
presented,16
economic,16
culture,16
rise,16
occupations,16
clusters,16
number,16
california,16
systems,16
antiquity,16
complexity,16
ideological,16
through,16
area,16
much,16
north,16
history,15
human,15
just,15
out,15
shared,15
least,15
highly,15
located,15
three,15
northern,15
known,15
are,15
villages,15
economy,15
annual,15
altiplano,15
environmental,14
appear,14
all,14
differences,14
court,14
prehispanic,14
journal,14
phases,14
similar,14
f,14
communities,14
al,14
instituto,14
time,14
elite,14
like,14
extensive,14
akapana,14
emerged,13
activity,13
apparently,13
developed,13
certain,13
organization,13
occupation,13
project,13
horizon,13
world,13
populations,13
bandy,13
trade,13
high,13
construction,13
analysis,13
dissertation,13
agricultural,13
both,13
smaller,13
remains,13
meeting,13
later,12
likely,12
primary,12
household,12
collapse,12
serving,12
rather,12
oruro,12
latin,12
n,12
focused,12
well,12
status,12
involved,12
critical,12
diverse,12
clear,12
characterized,12
indicate,12
temple,12
natural,12
control,12
suggests,12
although,12
heartland,12
pumapunku,12
be,12
common,11
textos,11
group,11
lemuz,11
phase,11
even,11
antropológicos,11
societies,11
interregional,11
core,11
monoliths,11
mound,11
pukara,11
end,11
isbell,11
cambridge,11
identity,11
far,11
distinctive,11
city,11
o,10
buildings,10
diversity,10
lower,10
raised,10
decreased,10
fig,10
importance,10
population,10
wila,10
appears,10
sun,10
san,10
koani,10
community,10
about,10
only,10
structures,10
toward,10
hastorf,10
perhaps,10
remained,10
kalasasaya,10
dating,10
after,10
occupied,10
increasing,10
santiago,10
who,10
tiahuanaco,10
complexes,10
different,10
leaders,10
what,10
nearby,10
size,10
range,10
shift,10
increased,10
courts,9
stylistic,9
represent,9
conducted,9
compounds,9
agriculture,9
sobre,9
thus,9
relations,9
cases,9
una,9
offering,9
wari,9
hierarchies,9
basis,9
polity,9
change,9
periods,9
under,9
larger,9
years,9
mortuary,9
decorated,9
architectural,9
become,9
we,9
ideology,9
material,9
specialized,9
elites,9
km,9
now,8
edge,8
maize,8
basalt,8
contexts,8
steadman,8
prestigious,8
there,8
case,8
elements,8
witnessed,8
cluster,8
influence,8
objects,8
pampa,8
emergence,8
iconography,8
prehistoric,8
mythical,8
cores,8
circular,8
universidad,8
expressions,8
because,8
rituals,8
field,8
inclusive,8
continuity,8
chronology,8
compound,8
pattern,8
where,8
farming,8
crafted,8
life,8
anthropological,8
intensification,8
here,8
cultures,8
goods,8
imperial,8
maintained,8
wankane,8
carved,7
investigaciones,7
offerings,7
ti,7
unlike,7
tradition,7
formativo,7
analyses,7
farther,7
principal,7
quantities,7
west,7
very,7
indicating,7
regarding,7
distributed,7
century,7
affiliations,7
norte,7
produced,7
intensive,7
clearly,7
four,7
followed,7
peninsula,7
affiliated,7
iconographie,7
network,7
su,7
few,7
dedicated,7
activities,7
bermann,7
thesis,7
editorial,7
increasingly,7
others,7
addition,7
demographic,7
forms,7
superimposed,7
see,7
use,7
largely,7
processes,7
styles,7
housed,7
valued,7
outside,7
relation,7
structure,7
considered,7
anthropomorphic,7
any,7
museum,7
bolivian,7
las,7
past,7
form,7
rising,7
huari,7
multiple,7
centro,7
chile,7
until,7
numerous,7
zones,7
pittsburgh,6
before,6
long,6
implications,6
machaca,6
survey,6
expansion,6
emphasized,6
iowa,6
corresponded,6
east,6
key,6
exposed,6
boliviana,6
affiliation,6
desaguadero,6
developments,6
perspective,6
ha,6
hoes,6
bennett,6
ortloff,6
arqueológicas,6
no,6
trapezoidal,6
earlier,6
von,6
locally,6
established,6
informe,6
upper,6
céspedes,6
location,6
ceramics,6
directly,6
used,6
alconini,6
significantly,6
intermediate,6
showing,6
incorporative,6
feasts,6
sculptures,6
massive,6
estado,6
expanded,6
indicates,6
ice,6
sponsored,6
single,6
once,6
transformations,6
science,6
pastoralism,6
empire,6
understanding,6
clustered,6
submitted,6
ceremonies,6
points,6
continued,6
domains,6
began,6
hierarchical,6
fields,6
report,6
particularly,6
identities,6
places,6
unique,6
consisting,6
vessels,6
emergent,6
role,6
our,6
andino,6
intensified,6
colleagues,6
consisted,6
little,6
termed,6
dynamic,5
introduction,5
archaeologists,5
creation,5
concentrated,5
suggesting,5
sacred,5
platforms,5
autonomous,5
along,5
southwestern,5
domain,5
items,5
storage,5
terrace,5
main,5
centered,5
landscape,5
represented,5
copacabana,5
evolution,5
support,5
possibly,5
river,5
drought,5
metal,5
disappeared,5
appearance,5
faunal,5
pacha,5
further,5
though,5
dumbarton,5
artifacts,5
hydraulic,5
goldstein,5
people,5
thrived,5
excavated,5
suggest,5
llama,5
decline,5
climate,5
attached,5
when,5
up,5
variety,5
various,5
movement,5
same,5
shifting,5
identification,5
appeared,5
elegant,5
adjacent,5
arqueologia,5
coexisted,5
shifts,5
another,5
vast,5
made,5
conditions,5
cultura,5
low,5
comprehensive,5
would,5
so,5
households,5
craft,5
obsidian,5
reflexiones,5
cerámica,5
integration,5
inhabitants,5
periodo,5
quite,5
types,5
grounded,5
wiñaymarka,5
dispersed,5
prehistory,5
changing,5
hypothesized,5
constructed,5
berkeley,5
putuni,5
chen,5
did,5
basins,5
scenario,5
terraced,5
plazas,5
rural,5
drop,5
them,5
orleans,5
socioeconomic,5
qaluyu,5
complementarity,5
national,5
proyecto,5
defined,5
archaic,5
roles,5
specific,5
supported,5
uk,5
successive,5
given,4
kluwer,4
contemporaneous,4
authority,4
kollu,4
kallamarka,4
studies,4
ambitious,4
being,4
valle,4
military,4
nature,4
principles,4
comparative,4
quelccaya,4
last,4
date,4
investigations,4
somewhat,4
giesso,4
politics,4
tied,4
corresponding,4
characteristic,4
excavación,4
served,4
dates,4
oj,4
simultaneously,4
york,4
remain,4
levels,4
andésite,4
process,4
direct,4
ongoing,4
space,4
plaza,4
old,4
civilizations,4
specialization,4
lima,4
lithic,4
surface,4
beyond,4
diálogo,4
expressed,4
distribution,4
occurred,4
drainage,4
typical,4
access,4
estudios,4
density,4
tools,4
recently,4
symbols,4
jawira,4
related,4
revista,4
place,4
precipitation,4
good,4
published,4
fostered,4
lago,4
yielded,4
managed,4
iwawe,4
voi,4
he,4
camelid,4
arqueológicos,4
dwellings,4
interactions,4
andina,4
land,4
yet,4
thought,4
residence,4
restricted,4
historia,4
us,4
manzanilla,4
rectangular,4
already,4
controlled,4
transformative,4
walled,4
towns,4
projects,4
water,4
idea,4
together,4
feasting,4
tumatumani,4
alto,4
developing,4
native,4
valleys,4
maya,4
extended,4
cramps,4
excavaciones,4
qeya,4
jachakala,4
significance,4
landscapes,4
emphasizing,4
rulers,4
puno,4
administrative,4
study,4
titimani,4
interpretations,4
kirawi,4
can,4
relative,4
immigration,4
importantly,4
settled,4
sandstone,4
itself,4
lakeshore,4
hierarchy,4
bronze,4
binford,4
mutually,4
facility,4
eventually,4
foundation,4
vibrant,4
inca,4
hundred,4
cities,4
commensal,4
webster,4
character,4
almost,4
art,4
mayor,4
blom,4
seddon,4
promoted,4
formation,4
reveals,4
approximately,4
correlated,4
dense,4
consumption,4
kala,4
views,4
images,4
pirámide,4
building,4
resources,4
camelids,4
hypothesis,4
final,3
does,3
silverman,3
if,3
corporate,3
agency,3
precolombino,3
migration,3
source,3
either,3
licenciatura,3
conflict,3
worked,3
sculpted,3
textiles,3
highland,3
huata,3
great,3
spaced,3
closer,3
current,3
favoring,3
within,3
system,3
side,3
sought,3
u,3
discuss,3
estevez,3
marked,3
prospección,3
point,3
x,3
data,3
palermo,3
government,3
implements,3
wanaku,3
centralized,3
historical,3
dynamics,3
santa,3
chucaripupata,3
pacajes,3
comprised,3
ai,3
clay,3
profound,3
body,3
continuous,3
alliances,3
traditions,3
paleoecological,3
competitive,3
interacted,3
buried,3
without,3
his,3
sumptuary,3
influential,3
qeyakuntu,3
entre,3
philadelphia,3
producciones,3
burials,3
tensions,3
presumably,3
ideologies,3
pucará,3
house,3
commonly,3
resource,3
comprising,3
plenum,3
tìwanaku,3
dominant,3
helped,3
strategy,3
suggested,3
nested,3
view,3
greater,3
closely,3
pastoral,3
six,3
histories,3
traditionally,3
frye,3
nair,3
relating,3
austin,3
residencial,3
initial,3
prehispánica,3
base,3
respects,3
ranking,3
buikstra,3
arqueológico,3
aspects,3
based,3
shape,3
pedro,3
participation,3
rivera,3
tool,3
floodplain,3
museo,3
london,3
competing,3
tip,3
desarrollo,3
ñawpa,3
williams,3
surrounding,3
floors,3
artifact,3
own,3
depicting,3
enclosures,3
below,3
deity,3
characteristics,3
texas,3
boundaries,3
potent,3
widely,3
mollo,3
cosmology,3
results,3
und,3
patrones,3
sitio,3
led,3
situation,3
hegemony,3
vanderbilt,3
pilgrimage,3
unification,3
imagery,3
overall,3
intensively,3
above,3
americana,3
carnata,3
strategic,3
competition,3
interpretation,3
fascinating,3
alongside,3
technology,3
tn,3
wright,3
largest,3
provincia,3
densely,3
oaks,3
titikala,3
mark,3
fragmentation,3
experienced,3
fundamental,3
predominated,3
incorporation,3
figurines,3
variations,3
conclusions,3
hand,3
everyday,3
bauer,3
model,3
larecaja,3
unclear,3
practice,3
arte,3
intimate,3
bone,3
values,3
trajectory,3
increase,3
canals,3
asentamiento,3
top,3
residues,3
conjunctions,3
rare,3
radiocarbon,3
protzen,3
previous,3
loosely,3
mcewan,3
legitimacy,3
general,3
times,3
peer,3
anthropologist,3
provides,3
latter,3
steward,3
mathews,3
arqueológica,3
distant,3
semiautonomous,3
covered,3
drier,3
para,3
me,3
tomo,3
vision,3
hill,3
order,3
widespread,3
visual,3
bins,3
similarities,3
face,3
middens,3
sweden,3
contained,3
following,3
series,3
baúl,3
mentioned,3
must,3
symbolic,3
aymara,3
discrete,3
integrative,3
incorporating,3
unknown,3
erickson,3
differed,3
hamlets,3
better,3
according,3
sectors,3
investigation,3
combined,3
map,3
antropología,3
tightly,3
extent,3
periphery,3
spaces,3
level,3
uniform,3
techniques,3
administration,3
conventional,3
copper,3
varied,3
models,3
locations,3
argues,3
couture,3
iconografía,3
oldest,3
organización,3
portrait,3
beings,3
broader,3
fostering,3
bundles,3
templete,2
razed,2
genetic,2
mostly,2
humans,2
convergence,2
humanos,2
fortified,2
indicated,2
faced,2
created,2
affected,2
identidad,2
tuscaloosa,2
red,2
inciting,2
notably,2
manuscript,2
patio,2
becoming,2
replaced,2
algunas,2
evidencias,2
monolithic,2
acceptance,2
cima,2
comparisons,2
village,2
princeton,2
pukaras,2
chenopodium,2
preceding,2
interests,2
exclusive,2
ciencias,2
thrive,2
confirmed,2
dramatically,2
best,2
attractive,2
available,2
interred,2
crops,2
interwoven,2
secondary,2
agrarian,2
daily,2
invigorated,2
thank,2
stood,2
producing,2
onto,2
ol,2
pensamiento,2
inland,2
cerro,2
greatly,2
chiefdoms,2
remainder,2
concepts,2
que,2
behind,2
context,2
papers,2
circuits,2
less,2
político,2
projectile,2
paved,2
incorporate,2
zur,2
prior,2
culturas,2
mundo,2
cap,2
fortresses,2
fishing,2
vital,2
período,2
taking,2
surrounded,2
temporada,2
undoubtedly,2
decreasing,2
promises,2
forged,2
choquehuanca,2
pajcha,2
gisbert,2
funded,2
karen,2
ranked,2
piedmont,2
archäologie,2
includes,2
análisis,2
hypothesizes,2
liated,2
relationships,2
inner,2
incas,2
since,2
nunez,2
due,2
interior,2
intensifying,2
realized,2
sediment,2
terraces,2
corner,2
interest,2
glacier,2
ability,2
concentrate,2
passage,2
walter,2
cf,2
employing,2
extensively,2
turn,2
adopted,2
templo,2
jl,2
bay,2
crosses,2
caravans,2
lineage,2
hisbol,2
overarching,2
deceased,2
details,2
cosmic,2
walls,2
cobbles,2
alabama,2
higher,2
dd,2
via,2
mexico,2
waka,2
highlands,2
angeles,2
subsistence,2
environments,2
lasted,2
southcentral,2
derived,2
sacrificed,2
disintegration,2
assuming,2
aquatic,2
summarized,2
consequences,2
periodic,2
provinces,2
esoteric,2
monumentalism,2
hegemonic,2
organized,2
dated,2
fish,2
elsewhere,2
impact,2
record,2
slate,2
northeastern,2
frequently,2
jars,2
fashioned,2
underwater,2
recovered,2
origins,2
determinism,2
position,2
painted,2
western,2
exploitation,2
trimborn,2
shifted,2
management,2
stands,2
myths,2
alan,2
española,2
whereas,2
identifying,2
quiripujo,2
houses,2
siglo,2
sedentary,2
events,2
zone,2
uyuni,2
osmore,2
term,2
embedded,2
luttwak,2
multicommunity,2
oklahoma,2
standardized,2
traits,2
blanton,2
brenner,2
placed,2
refuge,2
find,2
public,2
overlapping,2
resident,2
provincial,2
spheres,2
work,2
ckackachipata,2
zoomorphic,2
apuntes,2
nine,2
nearest,2
imagined,2
coica,2
drew,2
ot,2
calls,2
confirms,2
realm,2
gave,2
accord,2
consistently,2
broad,2
icon,2
participated,2
surcentrales,2
forces,2
reflect,2
flattened,2
interpreted,2
my,2
refuse,2
researchers,2
foci,2
sense,2
caused,2
working,2
revolution,2
atacama,2
presencia,2
peruvian,2
contrast,2
interacting,2
estilo,2
initiating,2
arquitectura,2
presence,2
dramatic,2
ancestors,2
diversified,2
always,2
descendants,2
espinoza,2
notes,2
provided,2
preliminary,2
beverages,2
chronological,2
pertaining,2
units,2
identified,2
vranich,2
nondecorated,2
ccapia,2
reorganization,2
tropical,2
grande,2
cieza,2
outer,2
direction,2
profoundly,2
southeast,2
promoting,2
depicted,2
cuenca,2
incipient,2
caravan,2
ia,2
selective,2
home,2
planned,2
enigmatic,2
floor,2
demonstrates,2
academia,2
climatic,2
reports,2
toronto,2
noted,2
enclaves,2
members,2
thresholds,2
deterioration,2
monolith,2
cultivated,2
leading,2
encompassed,2
head,2
temples,2
predominant,2
mountainous,2
cochabamba,2
crop,2
manifested,2
mohr,2
man,2
discussed,2
kontu,2
fragments,2
never,2
took,2
road,2
allgemeinen,2
interacción,2
exotic,2
deep,2
syncretic,2
abrupt,2
cosmos,2
stylistically,2
acerca,2
instigated,2
boat,2
saunders,2
violent,2
divided,2
prueba,2
sculpture,2
rio,2
coherent,2
producción,2
background,2
juli,2
scaled,2
encouraged,2
food,2
cranial,2
felines,2
emphasize,2
causes,2
ideas,2
terms,2
nothing,2
individuals,2
sanginés,2
reinforcing,2
continuities,2
stelae,2
lacustrine,2
andrews,2
grew,2
publication,2
puna,2
plant,2
played,2
stages,2
practiced,2
contributions,2
exchange,2
artificial,2
favored,2
paleoecologx,2
parallel,2
constructing,2
narrow,2
confidently,2
danger,2
xvi,2
anderson,2
nuevos,2
política,2
probably,2
browman,2
pottery,2
regimes,2
nashville,2
encompassing,2
ranging,2
frontier,2
note,2
particular,2
alloys,2
assert,2
ecological,2
exacerbated,2
inside,2
un,2
imperialism,2
nuevo,2
originated,2
paraphernalia,2
covering,2
often,2
fall,2
british,2
regularly,2
detail,2
sections,2
school,2
acquired,2
environment,2
subacuática,2
conjunction,2
grand,2
asentamientos,2
volatile,2
demonstrate,2
attributes,2
ensayo,2
celtic,2
determinants,2
bioarchaeological,2
comes,2
earle,2
offers,2
quaternary,2
set,2
muñecas,2
dimension,2
colonization,2
pata,2
reciprocal,2
ancestor,2
routledge,2
argue,2
half,2
apical,2
constructions,2
escalante,2
iii,2
pathways,2
formación,2
cultivation,2
build,2
ethnohistorians,2
mass,2
living,2
type,2
advances,2
concrete,2
stela,2
beginning,2
ruins,2
perched,2
spatial,2
plants,2
supports,2
varying,2
barrios,2
urbanismo,2
sus,2
vigorously,2
ceased,2
problem,2
densities,2
saddle,2
foundations,2
prestige,2
mcandrews,2
berenguer,2
minimal,2
burners,2
travel,2
des,2
leyden,2
conference,2
nj,2
bodies,2
beitrage,2
outline,2
ritually,2
exploitative,2
careful,2
refinement,2
die,2
intended,2
simply,2
families,2
finales,2
agroecosystems,2
lupaqa,2
ultimately,2
elongated,2
differentiation,2
azapa,2
actively,2
integrated,2
define,2
states,2
glass,2
forming,2
stairway,2
enclosure,2
association,2
speak,2
valles,2
respective,2
mounting,2
drying,2
shrank,2
discontinuous,2
nucleation,2
text,2
deposits,2
precarious,2
substantial,2
uso,2
abandoned,2
showed,2
chambers,2
cited,2
tubers,2
vergleichenden,2
gold,2
tournaments,1
juventud,1
exhibiting,1
incited,1
asociados,1
go,1
subacuticas,1
inka,1
requires,1
explosion,1
weighed,1
appropriation,1
done,1
frequent,1
oriented,1
investigated,1
transición,1
horizontal,1
estimated,1
plied,1
implying,1
generated,1
tres,1
pull,1
frontales,1
stairways,1
glascock,1
imported,1
fase,1
tokyo,1
functional,1
panpipes,1
judging,1
everyone,1
wa,1
expedition,1
episodes,1
consideraciones,1
foraging,1
resided,1
hyslop,1
aniericanistes,1
inviolable,1
adoption,1
caches,1
ultimate,1
considerably,1
enclosing,1
movilidad,1
núñez,1
beveled,1
germany,1
horion,1
decentralized,1
elaborately,1
steeped,1
ayacucho,1
ternary,1
conquering,1
etnohistoria,1
kinds,1
diplomatic,1
rites,1
stem,1
prime,1
asserted,1
true,1
socioeconómica,1
basados,1
islands,1
hasta,1
cuzco,1
approaches,1
earlymiddle,1
sudden,1
johns,1
cosmovisión,1
postprocessual,1
estatal,1
nationalistic,1
mollokontu,1
predating,1
duke,1
zealot,1
former,1
decade,1
aimara,1
collection,1
reasonably,1
postgate,1
obligations,1
cycles,1
excavation,1
necessarily,1
janusck,1
defrance,1
freeman,1
cornell,1
fragile,1
asmara,1
arguing,1
localized,1
incidences,1
secuencias,1
proxemics,1
leipzig,1
jp,1
konce,1
annals,1
pioneers,1
synthesis,1
precursors,1
calibrated,1
properties,1
salvage,1
par,1
arms,1
test,1
experience,1
highlight,1
predominantly,1
file,1
townsend,1
came,1
consistent,1
attribute,1
cast,1
implemented,1
ingestion,1
aside,1
lupaia,1
else,1
verso,1
bachmann,1
problems,1
tupu,1
coalesced,1
sources,1
collusion,1
every,1
wool,1
disagreement,1
importing,1
lu,1
expressive,1
tighten,1
exaggerated,1
winaymarka,1
ethnic,1
aldea,1
path,1
fund,1
dirección,1
exploration,1
aldenderfer,1
meters,1
brennan,1
religions,1
pärssinen,1
musical,1
fowl,1
substances,1
instrumentos,1
frequencies,1
turbulent,1
albarracinjordan,1
confederations,1
permanently,1
armonía,1
analogies,1
onofre,1
seems,1
orno,1
indicative,1
restos,1
muñoz,1
definition,1
ninth,1
alemanes,1
comparatively,1
shaped,1
could,1
cahokia,1
advantage,1
accompanied,1
featuring,1
washincton,1
enduring,1
simple,1
accumulated,1
origin,1
huart,1
disappearance,1
xiii,1
kingship,1
scheme,1
reunion,1
composition,1
beds,1
religion,1
renfrew,1
murillo,1
carnegie,1
debt,1
reproduction,1
nationalism,1
alignment,1
efficiently,1
hands,1
help,1
setting,1
altiplánicos,1
patterned,1
milla,1
nm,1
mind,1
blackwell,1
situ,1
robert,1
privada,1
agrii,1
temprano,1
hostility,1
otro,1
classic,1
designs,1
gabai,1
incatunahuiri,1
trumpets,1
debitage,1
crai,1
miniature,1
reserva,1
documenting,1
evaluation,1
aíios,1
con,1
theorizing,1
generosity,1
estilistica,1
peruana,1
basketry,1
recorded,1
eastern,1
lukuimata,1
streambeds,1
siglos,1
matthew,1
lamina,1
kathy,1
priimers,1
lassie,1
efectuada,1
alcock,1
representations,1
utilizadas,1
patterning,1
northeast,1
amplification,1
keng,1
escarpment,1
marc,1
chest,1
compelling,1
sixteenth,1
international,1
peruanos,1
reaching,1
huayña,1
hallazgos,1
tiwanakuaffiliated,1
feinman,1
deformation,1
bibliography,1
verlaß,1
insight,1
crossed,1
measuring,1
boktryckeri,1
fine,1
whatever,1
reconsidering,1
rotating,1
chicaco,1
combination,1
recede,1
rosa,1
homogeneous,1
supervision,1
establishment,1
bello,1
desirable,1
still,1
chart,1
agendas,1
bowls,1
apply,1
fossil,1
revetment,1
orthogonal,1
economies,1
bauerand,1
informes,1
piñami,1
strengthens,1
détente,1
directed,1
gateways,1
agricultura,1
invesitigacioncs,1
pollock,1
surplus,1
colonized,1
framework,1
expertise,1
labor,1
hombre,1
generalized,1
fixation,1
icons,1
masuda,1
matos,1
domesticated,1
comments,1
chiefs,1
differential,1
relocation,1
cemeteries,1
economía,1
aldunate,1
villa,1
nash,1
historically,1
influx,1
eventual,1
neighbor,1
attest,1
cambio,1
intentional,1
depressions,1
calculated,1
diets,1
incense,1
visited,1
attesting,1
tables,1
congreso,1
winged,1
chavin,1
huancarani,1
fissioning,1
implicating,1
overland,1
integral,1
medio,1
millennium,1
thompson,1
intact,1
umsa,1
montmollin,1
edifice,1
hawaii,1
capped,1
ttwnttu,1
occurs,1
towers,1
jantisek,1
highlighting,1
price,1
participating,1
amaguaya,1
recuperación,1
overt,1
smelting,1
etiquette,1
insofar,1
emigration,1
theaters,1
bochum,1
cipher,1
z,1
pulverized,1
palificai,1
wiley,1
aligned,1
ureo,1
gaceta,1
mississippian,1
puc,1
bustling,1
ct,1
immigrants,1
etnologia,1
resultados,1
raises,1
uniformly,1
injordan,1
contrary,1
prehistoria,1
response,1
panorama,1
columbia,1
young,1
albarrac,1
macroregion,1
emphases,1
attests,1
reference,1
peni,1
honour,1
carlos,1
left,1
reviewers,1
engineering,1
fluxes,1
cardinal,1
truly,1
cereceda,1
thin,1
intermedio,1
stratigraphie,1
contemporaneously,1
hochlande,1
drawn,1
obscure,1
factions,1
essays,1
instruments,1
stratum,1
deeply,1
humano,1
kidder,1
fanning,1
leadership,1
piedra,1
adult,1
understood,1
tardio,1
generation,1
hewn,1
faldín,1
cites,1
poorly,1
contributing,1
mechanism,1
selectively,1
lf,1
ridge,1
drained,1
steps,1
opposed,1
oxford,1
mouton,1
aldendeiier,1
reconstructed,1
slowed,1
disposed,1
reformulated,1
town,1
whose,1
société,1
unirò,1
centrales,1
agraria,1
sumaria,1
precincts,1
embellished,1
operations,1
fermenting,1
exact,1
textil,1
synthesizing,1
uhle,1
cleaned,1
adds,1
morrison,1
scrapers,1
how,1
heels,1
fermented,1
nata,1
mountain,1
camacho,1
splintered,1
basic,1
posits,1
koiata,1
nazacara,1
migrate,1
pinpoint,1
olmec,1
depicts,1
excavators,1
afforded,1
bolzan,1
tiwanacota,1
mortar,1
opportunities,1
slipped,1
español,1
surgió,1
buenos,1
brand,1
wakuyu,1
económico,1
witness,1
scales,1
scarborough,1
lth,1
ticlla,1
primer,1
colonias,1
lea,1
gathering,1
slope,1
making,1
means,1
mosaic,1
modified,1
accounts,1
arid,1
lives,1
sown,1
amassing,1
personajes,1
circulated,1
facilitated,1
worshipped,1
papel,1
cause,1
consider,1
statistical,1
imposing,1
caveat,1
section,1
cultivo,1
assumption,1
accrued,1
numbers,1
moldings,1
semisuterraneo,1
tray,1
mary,1
shore,1
argued,1
inhalatoria,1
casas,1
interculturales,1
periodically,1
presumed,1
dedicate,1
orientation,1
lingüística,1
show,1
hammered,1
conquered,1
imuven,1
max,1
soils,1
pilasters,1
biotic,1
crecimiento,1
suites,1
submerged,1
shed,1
notions,1
surge,1
metallurgica,1
ceremony,1
rice,1
kimsachata,1
strained,1
khana,1
permanent,1
kaulicke,1
relicts,1
microcosm,1
rehren,1
preference,1
providing,1
dynastic,1
fluid,1
franz,1
gutierrez,1
conquest,1
desarollo,1
iwawi,1
experimentation,1
ranges,1
raw,1
opening,1
station,1
bl,1
explode,1
whom,1
pursuits,1
beheld,1
ethnography,1
concentration,1
corridors,1
bearing,1
tentlike,1
route,1
archaebotanical,1
girault,1
acknowledgments,1
resonate,1
demise,1
called,1
coalescing,1
peruano,1
midden,1
holding,1
changed,1
deal,1
outcrops,1
her,1
rooms,1
inhalar,1
centroandino,1
radical,1
positively,1
diet,1
sustancias,1
historias,1
viking,1
mimicked,1
vigorous,1
orbita,1
kenirew,1
synthesize,1
im,1
collectively,1
academic,1
ann,1
equally,1
pointing,1
mummies,1
durham,1
posited,1
hacia,1
war,1
linguists,1
performed,1
michigan,1
bioarchaeologual,1
mediated,1
plataformas,1
desde,1
indirect,1
province,1
burial,1
outdoor,1
viewed,1
pucaratiahuanaco,1
etnografía,1
intensity,1
pins,1
cannot,1
dispersal,1
internecine,1
analogous,1
binghamton,1
scale,1
origen,1
otherwise,1
contiguous,1
however,1
nuevas,1
metals,1
tension,1
outlined,1
spiritual,1
hidalgo,1
dwelling,1
butchered,1
required,1
fetuses,1
balanced,1
licentiatura,1
colonies,1
negotiated,1
problema,1
hopkins,1
possibility,1
affair,1
memory,1
warriors,1
globally,1
trades,1
nichols,1
having,1
lechtman,1
crushed,1
future,1
degrees,1
line,1
relief,1
mapped,1
internalization,1
urbano,1
schreiber,1
bounded,1
residents,1
hauptmann,1
bolster,1
acción,1
archaeologist,1
reinhard,1
generative,1
locus,1
clean,1
prominent,1
brought,1
castaños,1
heavily,1
occupants,1
purpose,1
antiauitx,1
stimulating,1
knowledge,1
oon,1
cob,1
indigenous,1
léonce,1
cleanliness,1
fluctuations,1
migrated,1
intentionally,1
afar,1
literature,1
surrounds,1
morris,1
refined,1
northwest,1
policies,1
jai,1
references,1
subtly,1
aggravated,1
plastered,1
dietler,1
streams,1
inclusions,1
sixfold,1
clientage,1
jahre,1
documented,1
sculptural,1
funerarias,1
personal,1
heirsermann,1
douglas,1
away,1
tableta,1
herding,1
impeccably,1
ids,1
formations,1
comestible,1
systematic,1
mortuarx,1
precipitously,1
connections,1
feast,1
undena,1
cussic,1
approach,1
relaciones,1
lehmann,1
prone,1
continuidad,1
winkler,1
circumventing,1
llusco,1
grain,1
stylized,1
teirra,1
perú,1
punctuated,1
mesopotamia,1
eine,1
ratios,1
edifices,1
viable,1
successful,1
ago,1
ruinstaette,1
multidisciplinaria,1
uribe,1
livelihoods,1
higueras,1
paleoceniogx,1
coupled,1
next,1
box,1
emphasizes,1
dillehay,1
diagnostic,1
culturales,1
prehispúnicos,1
bank,1
fast,1
inextricably,1
family,1
attention,1
openly,1
deutsches,1
close,1
autonomy,1
rr,1
june,1
burdensome,1
altered,1
revealing,1
migrating,1
components,1
alloy,1
temporary,1
disaster,1
stones,1
prestate,1
convincing,1
peak,1
niches,1
convey,1
vacuum,1
distinguished,1
latest,1
psychotropic,1
bounding,1
seeds,1
ecuador,1
zonal,1
visible,1
koci,1
ensemble,1
maxwell,1
hayden,1
ventud,1
headmen,1
factionalism,1
colapso,1
arbor,1
inquiries,1
cycle,1
plausible,1
sancta,1
conceptions,1
tabletas,1
ashlar,1
bolivianos,1
incisionzoned,1
micaand,1
am,1
amies,1
settle,1
rest,1
escultura,1
incumbent,1
promising,1
fiber,1
ecumenical,1
smashed,1
provisioned,1
solimano,1
hauled,1
span,1
uncommon,1
approximated,1
node,1
anta,1
horizons,1
heretofore,1
ii,1
feline,1
quarry,1
psicoactivas,1
second,1
inhabit,1
repertoire,1
demographically,1
earty,1
onset,1
bditonal,1
shimada,1
mesoamerican,1
expanse,1
summarize,1
nonelites,1
logistical,1
journey,1
impacts,1
runoff,1
bolivie,1
hinge,1
provenience,1
palabra,1
subject,1
limited,1
play,1
corporation,1
curtis,1
platt,1
burkholder,1
acknowledged,1
brief,1
harris,1
intensiva,1
wetland,1
framing,1
hagen,1
maría,1
object,1
positioned,1
slag,1
harry,1
make,1
garden,1
domination,1
orbit,1
standing,1
sponsors,1
targeted,1
atop,1
territory,1
legitimized,1
seemingly,1
semisuhterraneo,1
kulturgeschichtliche,1
cultivate,1
hold,1
intracommunity,1
innovation,1
contextos,1
silva,1
maks,1
hoe,1
ubiquity,1
springs,1
modification,1
sectores,1
violence,1
externally,1
americans,1
nonlocal,1
campóse,1
definable,1
intense,1
suited,1
proyecciones,1
báculos,1
ile,1
ruinen,1
serve,1
soon,1
adobe,1
ring,1
evolved,1
mobile,1
lenguas,1
oceanic,1
populated,1
boundary,1
then,1
luke,1
prisoners,1
parte,1
processing,1
lowland,1
ams,1
incatunuhuiri,1
contisuyo,1
checkered,1
light,1
comprensión,1
purity,1
sharply,1
histonografico,1
intolerable,1
kowalewski,1
ethnographic,1
baltimore,1
excellence,1
unidad,1
wisconsin,1
insights,1
gary,1
provocative,1
piramide,1
nawpa,1
mounded,1
alten,1
strata,1
functioned,1
worldviews,1
sector,1
keview,1
considers,1
harper,1
double,1
fill,1
lee,1
rings,1
hipótesis,1
lack,1
routes,1
balancing,1
provide,1
ulture,1
name,1
idely,1
successfully,1
aspect,1
centralizing,1
flanked,1
sistema,1
decoration,1
ethnohistorical,1
fell,1
instantiating,1
isolates,1
again,1
renewed,1
approaching,1
europe,1
similarly,1
pukina,1
querimita,1
usually,1
tempranos,1
flat,1
rock,1
comparison,1
integraciín,1
persuasion,1
sovereignty,1
communal,1
fact,1
packed,1
llamas,1
consideration,1
datos,1
storing,1
conduct,1
riverine,1
blocks,1
occurrence,1
plan,1
agree,1
beck,1
reru,1
relict,1
glyphs,1
relación,1
geometrical,1
angrand,1
mummy,1
scallop,1
isolate,1
surfaces,1
john,1
rebuilt,1
forging,1
aboveground,1
minneapolis,1
debates,1
nonmetric,1
maddin,1
tráfico,1
variation,1
descended,1
semisubterraneo,1
latina,1
lieht,1
católica,1
distributions,1
segmentation,1
considerable,1
pennsylvania,1
cerca,1
fascinante,1
external,1
reasons,1
chiefdom,1
depict,1
honor,1
segmentary,1
confusion,1
enough,1
tier,1
drinking,1
artisanry,1
do,1
ascent,1
present,1
ground,1
entrgados,1
reflooring,1
nf,1
scientist,1
manner,1
dauelsberg,1
joya,1
perspectiva,1
coresidential,1
farmers,1
sergio,1
regulation,1
archaeobotanical,1
folklore,1
kamani,1
karl,1
hated,1
camel,1
iruhito,1
homenaje,1
por,1
focusing,1
poles,1
musicales,1
invitation,1
nueva,1
reconstructing,1
surgimiento,1
metropolitan,1
begun,1
refine,1
peregrine,1
autonoma,1
streets,1
explicitly,1
free,1
remarkably,1
montículo,1
obsession,1
cosmologies,1
interpreting,1
demonstrated,1
mamani,1
meetings,1
dominions,1
argentino,1
greatest,1
kernel,1
graffam,1
socioenvironmental,1
influences,1
berghahn,1
lost,1
apogee,1
complejo,1
discovery,1
lnchauste,1
aspectos,1
upon,1
biotropica,1
bear,1
altiplánicas,1
locate,1
nonelite,1
nestled,1
assessment,1
inar,1
cía,1
enormous,1
scatter,1
organizations,1
elevados,1
etnología,1
hatlgrimsson,1
ruling,1
lozada,1
birds,1
hieroglyphic,1
anual,1
caso,1
empirical,1
thriving,1
entirely,1
waste,1
kanamarka,1
muhly,1
linking,1
preindusthal,1
hypotheses,1
neighborhood,1
científicos,1
terrazas,1
estela,1
sequence,1
questions,1
arsenic,1
humanlike,1
roman,1
recovery,1
discontinuity,1
araueolofiía,1
engaged,1
examination,1
fitted,1
sees,1
raisedfield,1
uruk,1
theoretical,1
described,1
lfib,1
emblem,1
templates,1
open,1
iticaca,1
reality,1
politicoreligious,1
murra,1
peripheral,1
arqueólogos,1
bolivianists,1
dominated,1
histórica,1
supportive,1
co,1
albores,1
funneling,1
plural,1
gate,1
floodplains,1
labeyrie,1
kalakc,1
revised,1
spread,1
function,1
him,1
statistically,1
unconfirmed,1
mount,1
features,1
lakeside,1
serves,1
traveled,1
obtained,1
paths,1
pyramidal,1
arteries,1
outcrop,1
sparsely,1
renewal,1
black,1
abundant,1
segment,1
subfloor,1
titinhuayni,1
procurement,1
lulbert,1
especially,1
facing,1
coercive,1
internal,1
promote,1
eyes,1
evolutionary,1
conduits,1
thunderbolt,1
bordered,1
regionales,1
mortuários,1
hoshower,1
tactics,1
shallow,1
caquiaviri,1
effect,1
pachacamac,1
domino,1
patrimony,1
attendant,1
pristine,1
seattle,1
adminstrative,1
interacciones,1
priests,1
pastorahsm,1
portales,1
tíwanaku,1
slightly,1
socially,1
temprana,1
travelers,1
aldeas,1
southwest,1
terracing,1
ceràmica,1
corresponds,1
figures,1
staff,1
tendency,1
aproximación,1
ttaranakui,1
conquista,1
tenuous,1
recurring,1
modifications,1
rehabilitated,1
segmentaria,1
rifts,1
stability,1
corridor,1
division,1
anatomy,1
flanking,1
separate,1
tennessee,1
solar,1
metallurgy,1
incongruous,1
zeihnungen,1
departmento,1
dawn,1
yr,1
reidel,1
gibson,1
xv,1
sustainability,1
dinámica,1
today,1
poblamiento,1
alcoholic,1
overburden,1
independent,1
involving,1
río,1
vicissitudes,1
avila,1
sometimes,1
figure,1
crucial,1
erase,1
guests,1
naturally,1
testing,1
maps,1
program,1
pieces,1
anthropologv,1
peoples,1
trabajos,1
vertical,1
lines,1
camelia,1
liwanaku,1
male,1
bulletin,1
nexus,1
monuments,1
dimensions,1
success,1
tin,1
inexplicable,1
seen,1
detailed,1
rethinking,1
team,1
force,1
effectively,1
understand,1
grinding,1
arrays,1
hinterlands,1
transformation,1
rayo,1
length,1
consolidation,1
prelimnares,1
contexto,1
archeologie,1
helpful,1
serpentine,1
inspired,1
moored,1
causeways,1
colonial,1
littered,1
dead,1
kings,1
education,1
supporting,1
coordination,1
aqueduct,1
centuries,1
paleoethnobotanical,1
polarize,1
strategically,1
macroclusters,1
mounds,1
problematic,1
suprahousehold,1
interpretive,1
niñalupita,1
mud,1
rigorous,1
fought,1
sociedad,1
earliest,1
berger,1
manifesting,1
res,1
rapé,1
isaac,1
claims,1
effigy,1
fertility,1
border,1
uru,1
methodist,1
deposited,1
resonates,1
diversidad,1
suite,1
anales,1
descripción,1
mio,1
wer,1
version,1
audits,1
pueblos,1
afoot,1
barrio,1
patios,1
kelts,1
geographic,1
chert,1
thmmkuh,1
puma,1
precise,1
restructured,1
grazing,1
wideranging,1
marshy,1
resilient,1
terrestrial,1
reconsiderando,1
woman,1
sherds,1
meat,1
appealing,1
nitrogen,1
metraux,1
wet,1
areniscas,1
know,1
encourages,1
paleoecologv,1
época,1
tilata,1
urquidi,1
masonry,1
rainfall,1
indica,1
guarding,1
correspond,1
spec,1
complejidad,1
expanding,1
américa,1
shrine,1
historians,1
believe,1
gone,1
desolate,1
galactic,1
down,1
rostworowski,1
prominence,1
etal,1
tandem,1
makowski,1
acrópolis,1
pareja,1
wakuy,1
reminiscent,1
regard,1
curtiss,1
epistemological,1
feed,1
cronología,1
tema,1
brothers,1
linked,1
sustaining,1
económica,1
researches,1
gregorio,1
separating,1
crafting,1
factors,1
bones,1
quartz,1
examining,1
placing,1
chaotic,1
essentially,1
conklin,1
enlarged,1
options,1
america,1
americanists,1
aviles,1
subterranean,1
greenwich,1
surpluses,1
virtual,1
linguísticos,1
catastrophic,1
heads,1
labores,1
cellular,1
notable,1
circles,1
kroeber,1
volcanic,1
tended,1
pilaster,1
cooking,1
gradually,1
ofpumapunku,1
independently,1
copia,1
dallas,1
nascent,1
juxtaposed,1
seasonal,1
artifactual,1
punkit,1
plaster,1
fissioned,1
cult,1
sunavi,1
theory,1
portals,1
procedencia,1
heavier,1
appropriated,1
barca,1
incised,1
anaheim,1
torero,1
institute,1
hypothesize,1
fundamentos,1
menzel,1
niemeyer,1
phenomena,1
adornments,1
emphasis,1
woodard,1
threat,1
hundreds,1
port,1
banco,1
watanabe,1
strain,1
deflation,1
st,1
facial,1
gatherings,1
significado,1
northwestern,1
librería,1
entrance,1
pits,1
ancestral,1
affecting,1
slopes,1
sea,1
atmospheric,1
estudio,1
illimani,1
african,1
rasnake,1
transition,1
ecology,1
puzzled,1
pi,1
sheets,1
measure,1
andrés,1
cherry,1
stranding,1
resistance,1
constituted,1
accentuate,1
unity,1
memories,1
arqeuología,1
allows,1
isolated,1
representation,1
mimesis,1
snuff,1
waves,1
liticaca,1
prepared,1
oakland,1
elanders,1
durante,1
question,1
clamped,1
parafenalia,1
devoted,1
sistemas,1
drafts,1
chiribaya,1
midsized,1
summit,1
libros,1
lands,1
average,1
observed,1
initiated,1
similarity,1
pedor,1
catari,1
kingdom,1
illinois,1
endowment,1
web,1
herds,1
institutional,1
opens,1
internally,1
write,1
sampeck,1
amieos,1
hermann,1
publishing,1
completed,1
origines,1
dangerous,1
documentation,1
metalsmiths,1
misiton,1
americas,1
lively,1
jen,1
typically,1
repon,1
disagree,1
conservación,1
specialists,1
green,1
sur,1
corralpata,1
product,1
twovolume,1
ayllus,1
regular,1
finds,1
palace,1
you,1
effects,1
símbolo,1
playing,1
derive,1
off,1
await,1
horizonte,1
presenting,1
incidents,1
ca,1
madison,1
marshland,1
canons,1
agropastoral,1
summary,1
anonymous,1
rouncai,1
potential,1
cached,1
ceres,1
refinements,1
actions,1
meaning,1
interdisciplinary,1
masterminded,1
mystery,1
pending,1
hills,1
vary,1
cook,1
digging,1
obligation,1
lntermediate,1
arapa,1
partial,1
create,1
norman,1
maximum,1
nonhierarchical,1
element,1
abroad,1
entire,1
farmland,1
divergent,1
fellowship,1
impress,1
focus,1
strong,1
nutrient,1
technological,1
primordial,1
notizen,1
celestial,1
boletin,1
southeastern,1
primera,1
impassive,1
storey,1
sandweiss,1
retention,1
grants,1
