WORDCOUNTS,WEIGHT
the,748
of,629
and,444
in,393
a,243
to,240
is,204
that,202
archaeology,117
it,94
are,86
as,80
paradigm,78
by,72
pp,70
or,67
from,65
with,64
archaeological,62
be,60
they,55
an,55
its,54
paradigms,48
for,48
world,45
science,45
on,45
i,44
this,44
no,43
not,43
which,42
has,41
new,41
was,39
there,38
research,38
critical,37
processual,36
at,35
university,33
theory,32
also,31
american,30
social,30
history,29
nature,29
but,29
more,29
past,29
r,28
their,27
have,26
one,25
cai,25
occasional,25
some,25
paper,25
p,25
j,24
l,24
m,24
metaphysical,24
what,24
old,23
about,22
culture,22
other,21
biases,21
can,21
been,21
c,20
g,19
clark,19
any,19
because,18
knowledge,18
various,18
these,18
our,18
much,18
postprocessual,17
were,17
would,17
between,17
process,16
distinct,16
strict,16
do,16
cambridge,16
most,15
only,15
both,15
e,14
kind,14
than,14
traditions,14
radical,14
data,14
change,14
he,14
many,14
realist,14
intellectual,14
prehistoric,13
pattern,13
anthropology,13
current,13
investigation,13
if,12
western,12
all,12
human,12
view,12
quandaries,12
contemporary,12
historical,12
them,12
different,11
point,11
positivism,11
aspects,11
t,11
essentially,11
scientific,11
classic,11
structure,11
respect,11
level,11
preconceptions,11
could,10
concept,10
et,10
own,10
less,10
de,10
antiquity,10
alternative,10
over,10
very,10
bias,9
modern,9
into,9
newbury,9
s,9
within,9
investigator,9
facts,9
objective,9
perspective,9
critique,9
general,9
according,9
certain,9
cultural,9
during,9
continuity,9
sociological,9
two,9
analytical,9
fact,9
binford,9
upon,9
we,9
who,9
united,9
considered,9
although,9
realities,8
material,8
context,8
evaluation,8
sabloff,8
empiricism,8
how,8
notion,8
directly,8
metaphysic,8
when,8
explanation,8
questions,8
theories,8
theoretical,8
reality,8
held,8
characterized,8
those,8
european,8
perspectives,8
overlap,8
claims,8
terms,8
while,8
processualists,8
way,7
natural,7
kinds,7
position,7
scientists,7
assertion,7
review,7
since,7
elements,7
journal,7
pennsylvania,7
means,7
problems,7
methodology,7
cannot,7
my,7
sense,7
units,7
subjective,7
french,7
another,7
made,7
like,7
so,7
tendency,7
leone,7
exists,7
itself,7
series,7
cultures,7
phenomena,7
role,7
should,7
d,7
given,7
does,6
groups,6
approaches,6
concepts,6
discipline,6
exist,6
such,6
prehistory,6
always,6
important,6
appear,6
out,6
underlie,6
used,6
part,6
shanks,6
order,6
long,6
multiple,6
power,6
constructivism,6
single,6
us,6
patterns,6
empirical,6
ethnic,6
processes,6
three,6
systems,6
k,6
seen,6
grounded,6
positivist,6
continental,6
better,6
almost,6
through,6
disciplines,6
proceeds,6
models,6
typically,6
philosophy,6
remains,6
kuhn,6
o,5
adopt,5
credibility,5
linguistic,5
tend,5
h,5
archaeologists,5
might,5
definition,5
europe,5
governed,5
differences,5
emphasized,5
possible,5
apart,5
collection,5
interest,5
adopted,5
fig,5
y,5
york,5
whose,5
his,5
subjected,5
developed,5
explicit,5
conceptions,5
b,5
postpositivism,5
perceptions,5
consider,5
objectivity,5
origins,5
problem,5
based,5
mandate,5
called,5
academic,5
viewed,5
record,5
ot,5
good,5
least,5
up,5
etc,5
tends,5
thought,5
under,5
perceived,5
experimental,5
time,5
see,5
perhaps,5
tilley,5
values,5
postprocessualists,5
construct,5
especially,5
methods,5
construction,5
empiricist,5
observational,5
she,5
provide,5
americanist,5
postpositivist,5
paradigmatic,5
often,5
existed,5
anthropological,5
must,5
founded,5
each,5
believe,5
argue,5
constructivists,5
form,5
emphasis,5
little,5
think,5
states,5
defined,5
best,5
among,5
recent,5
postpositivists,5
common,4
arrive,4
determine,4
studies,4
test,4
experience,4
give,4
seems,4
tradition,4
real,4
state,4
protocols,4
reading,4
case,4
solving,4
laws,4
reject,4
relatively,4
cf,4
comprised,4
theorists,4
underlying,4
body,4
traits,4
employ,4
without,4
rather,4
study,4
govern,4
paleolithic,4
space,4
postprocessualist,4
modified,4
observations,4
dominant,4
method,4
subscribe,4
analogous,4
artifacts,4
example,4
describe,4
il,4
suggest,4
contrast,4
archaeologies,4
la,4
results,4
geographical,4
back,4
quantified,4
inferential,4
make,4
once,4
relativist,4
toward,4
put,4
lack,4
fundamental,4
forms,4
present,4
number,4
explicitly,4
understanding,4
hypotheses,4
methodological,4
physics,4
after,4
ideational,4
interpretations,4
anglophone,4
me,4
why,4
types,4
extension,4
scrutiny,4
quantitative,4
constructions,4
regard,4
evident,4
explanations,4
literature,4
unique,4
whether,4
particular,4
middle,4
logical,4
definitions,4
come,4
question,4
until,4
years,4
themselves,4
chicago,4
era,4
views,4
seek,4
ca,4
major,4
subjectivist,4
entities,3
mostly,3
concerned,3
meaning,3
introduction,3
equated,3
something,3
controlled,3
contexts,3
being,3
first,3
either,3
supposedly,3
implications,3
taken,3
anomalies,3
attempt,3
humans,3
normative,3
packages,3
evolving,3
mind,3
normal,3
papers,3
british,3
proceed,3
existence,3
owing,3
u,3
determined,3
obvious,3
wing,3
fossil,3
behavior,3
accessible,3
relationships,3
explained,3
regarded,3
application,3
century,3
causing,3
response,3
wholly,3
third,3
communication,3
function,3
disposed,3
exact,3
across,3
basic,3
en,3
goes,3
generally,3
reason,3
eraul,3
predecessor,3
emergence,3
n,3
w,3
projected,3
calgary,3
thinks,3
had,3
effort,3
events,3
philosophical,3
population,3
dialectic,3
explain,3
opposition,3
possibility,3
work,3
guba,3
partly,3
trends,3
reconstructions,3
characteristics,3
few,3
smithsonian,3
boundaries,3
impossible,3
annual,3
will,3
f,3
second,3
above,3
mainstream,3
preliterate,3
realm,3
observer,3
prehistorians,3
transformations,3
watson,3
same,3
mark,3
agree,3
diverse,3
man,3
seldom,3
typological,3
anthropologist,3
never,3
model,3
where,3
accepted,3
receives,3
belief,3
assemblage,3
argues,3
fundamentally,3
coherent,3
formal,3
systematics,3
significant,3
use,3
largely,3
ontology,3
essay,3
individual,3
evolutionary,3
epistemology,3
patterson,3
neandertal,3
institution,3
sociopolitical,3
relationship,3
today,3
independent,3
usually,3
ideology,3
deductive,3
problematic,3
interpretive,3
meant,3
differentiated,3
share,3
then,3
set,3
control,3
inquiry,3
masterman,3
type,3
advances,3
feminist,3
biocultural,3
paléolithique,3
influenced,3
city,3
despite,3
verification,3
techniques,3
transition,3
assumptions,3
au,3
aspect,3
course,3
realism,3
shared,3
evidence,3
effects,3
attempted,3
partial,3
exclusively,3
element,3
sciences,3
traditional,3
broader,3
portrait,3
occur,3
perception,3
hypothesis,3
final,2
done,2
commentary,2
separated,2
truth,2
resulted,2
kroeber,2
totally,2
systemic,2
group,2
discover,2
complex,2
engendering,2
replaced,2
stone,2
computer,2
ways,2
decade,2
character,2
necessarily,2
occurred,2
evaluating,2
total,2
uj,2
arrived,2
arguing,2
women,2
permit,2
creation,2
production,2
ii,2
dunnell,2
capitalist,2
individuals,2
reasons,2
grounding,2
scheme,2
generalizations,2
cohesion,2
take,2
last,2
system,2
linear,2
anthropologists,2
assertions,2
constructivist,2
account,2
vol,2
replacement,2
capable,2
marked,2
reaction,2
suny,2
except,2
conceptual,2
relate,2
along,2
thus,2
ù,2
against,2
domain,2
characteristic,2
eo,2
concentrate,2
turn,2
objectivist,2
nor,2
preconception,2
times,2
oxford,2
levantine,2
compared,2
archaeologist,2
even,2
hodder,2
practically,2
influence,2
acknowledge,2
conceptually,2
critics,2
simultaneously,2
iti,2
recognized,2
basil,2
statements,2
main,2
incoherent,2
compatible,2
particularistic,2
unit,2
remote,2
mean,2
neatly,2
importance,2
derived,2
lacking,2
otte,2
productive,2
changes,2
construals,2
established,2
fossiles,2
impact,2
articulated,2
objectified,2
argued,2
moyen,2
age,2
heading,2
albuquerque,2
followed,2
answers,2
pleistocene,2
strategy,2
ian,2
raw,2
expressed,2
result,2
found,2
attack,2
propositional,2
behavioral,2
objectives,2
changed,2
issue,2
international,2
base,2
term,2
late,2
equally,2
reviews,2
tools,2
appears,2
recently,2
taught,2
public,2
criteria,2
well,2
wissler,2
received,2
tool,2
claim,2
heavily,2
characterization,2
calls,2
thoughts,2
intermediate,2
place,2
actually,2
structures,2
ciencia,2
reconstructing,2
interpreted,2
visions,2
minds,2
published,2
punctuated,2
adherents,2
le,2
discourse,2
involved,2
around,2
consensus,2
highly,2
axiomatized,2
choose,2
choosing,2
credible,2
fully,2
indoctrinated,2
dependent,2
altogether,2
am,2
activities,2
avoid,2
society,2
periods,2
underlies,2
ana,2
transform,2
absence,2
identified,2
economic,2
labeled,2
limited,2
prevailing,2
object,2
whatever,2
still,2
manifest,2
southern,2
whole,2
inductivist,2
allegations,2
simultaneous,2
read,2
index,2
complete,2
broad,2
already,2
department,2
disagreed,2
frameworks,2
lewis,2
dilemma,2
again,2
efforts,2
shows,2
valid,2
departments,2
lacks,2
minimize,2
discussed,2
took,2
manner,2
relevant,2
michael,2
ontological,2
necessary,2
gender,2
fewer,2
shifts,2
degree,2
kansas,2
exhibit,2
investigated,2
examples,2
assemblages,2
pertain,2
including,2
unpredictable,2
concern,2
tenets,2
residues,2
arizona,2
affects,2
sequence,2
kingdom,2
laboratory,2
examination,2
nevertheless,2
significance,2
clear,2
points,2
christopher,2
ncwbury,2
mexico,2
distinction,2
static,2
accurate,2
provides,2
adequately,2
latter,2
discarded,2
outside,2
become,2
effect,2
probably,2
field,2
polythetic,2
equivalent,2
evaluated,2
widely,2
overlapping,2
implicitly,2
imply,2
five,2
practitioners,2
claimed,2
rough,2
lines,2
recognizes,2
predict,2
un,2
strongly,2
imperialism,2
began,2
sequences,2
rapidly,2
life,2
expectations,2
analysis,2
worlds,2
matters,2
constant,2
inductively,2
version,2
simply,2
ever,2
concordance,2
known,2
precise,2
totality,2
temporal,2
here,2
equation,2
outcome,2
authority,2
partisans,2
did,2
written,2
consciousness,2
absolutely,2
caricature,2
subordinate,2
following,2
proceedings,2
spatial,2
ones,2
independently,2
distribution,2
foundations,2
extract,2
secure,2
rationality,2
too,2
socioeconomic,2
nj,2
outline,2
recognition,2
revolutions,2
content,2
became,2
variability,2
confronted,2
arguments,2
formation,2
shown,2
argument,2
dialog,2
illinois,2
conditions,2
accept,2
mode,2
wish,2
enlightenment,2
deduction,2
socially,2
product,2
you,2
area,2
speak,2
comparison,2
observation,2
marxist,2
early,2
interaction,2
abandoned,2
strong,2
building,2
doing,2
conception,2
deeper,2
sufficiently,1
resolve,1
difficult,1
compile,1
defective,1
go,1
now,1
amplify,1
compares,1
struggle,1
deny,1
oriented,1
prefer,1
behavioural,1
broadest,1
created,1
represent,1
everyone,1
market,1
extreme,1
environmental,1
episodes,1
noncumulative,1
eliminated,1
proselytizing,1
stands,1
philadelphia,1
notably,1
passing,1
connect,1
everybody,1
scottish,1
just,1
reminding,1
nontrivial,1
dc,1
conflicts,1
mike,1
san,1
agency,1
allegedly,1
conparadigms,1
nonsexist,1
referring,1
alive,1
confines,1
eclectic,1
sets,1
continent,1
curricula,1
criticizes,1
competence,1
empower,1
conscious,1
ti,1
conclusive,1
shadowy,1
filters,1
resurgence,1
title,1
generated,1
observing,1
vectored,1
maybe,1
adolescence,1
unite,1
interpretative,1
englewood,1
relativism,1
source,1
princeton,1
annals,1
strikes,1
essenttal,1
typologically,1
turning,1
accumulation,1
said,1
consistent,1
anything,1
rast,1
undermine,1
philosophers,1
expertise,1
signifies,1
every,1
torical,1
attempts,1
chaos,1
debating,1
rapid,1
assist,1
abandoning,1
demonstrable,1
agenda,1
emerged,1
knowing,1
departure,1
negates,1
historiography,1
words,1
confirmed,1
latent,1
flowers,1
down,1
generalize,1
conceptualized,1
enduring,1
thank,1
arises,1
admittedly,1
borne,1
able,1
link,1
reveal,1
designated,1
quantum,1
products,1
nationalism,1
expansion,1
devised,1
resorting,1
consist,1
date,1
influences,1
inductive,1
principal,1
robert,1
duality,1
ragging,1
political,1
embody,1
deserve,1
superficially,1
heisenberg,1
depends,1
unconscious,1
pretension,1
inclusive,1
habitual,1
advocates,1
sophisticated,1
forthcoming,1
alfred,1
badly,1
projectile,1
attacked,1
autonomous,1
foundational,1
key,1
king,1
task,1
misunderstood,1
continuum,1
translations,1
sought,1
où,1
right,1
victims,1
approximations,1
matières,1
implies,1
compelling,1
condition,1
tracing,1
illustrate,1
characterize,1
fritz,1
beverly,1
inferentially,1
october,1
bibliography,1
move,1
occupy,1
births,1
community,1
symbolic,1
mental,1
internalizing,1
far,1
opine,1
selecting,1
unify,1
cited,1
ssai,1
apply,1
synthèse,1
spain,1
protocol,1
menéndez,1
identifies,1
directed,1
garden,1
corresponding,1
framework,1
exposed,1
usage,1
regarding,1
central,1
phase,1
adaptationist,1
constructed,1
dependence,1
disorder,1
proceeded,1
accuracy,1
sympathetic,1
dynamics,1
illustrates,1
due,1
analyzing,1
pursuit,1
personalities,1
stasis,1
integral,1
interchangeably,1
large,1
ïn,1
quantifying,1
occurs,1
jeremy,1
cantabria,1
prediction,1
denote,1
assessment,1
rooted,1
expected,1
dualist,1
forced,1
midcontinental,1
wiley,1
big,1
defense,1
probabilities,1
concerning,1
amount,1
remarking,1
prehistoria,1
columbia,1
difficulty,1
particularizations,1
propagandistic,1
publications,1
compare,1
underdetermination,1
hybrid,1
men,1
gil,1
consequently,1
william,1
conceded,1
incarnation,1
poorly,1
manuel,1
oj,1
site,1
operation,1
poor,1
via,1
profoundly,1
americans,1
á,1
reflects,1
dwells,1
links,1
purely,1
principally,1
growth,1
ili,1
marxism,1
generations,1
debated,1
agonizing,1
biggest,1
levels,1
reference,1
una,1
kept,1
nonobservables,1
annapolis,1
idiosyncratic,1
consensual,1
direct,1
strange,1
ongoing,1
contributions,1
generating,1
pages,1
special,1
eradicating,1
falsity,1
manipulative,1
evolution,1
mediate,1
satellites,1
supposed,1
lea,1
presuppositions,1
guides,1
raymond,1
promise,1
understand,1
solutions,1
biased,1
tensions,1
les,1
distract,1
entry,1
statistical,1
eventually,1
intellectually,1
meltzer,1
branch,1
presumably,1
clearly,1
tenacity,1
disadvantaged,1
proposed,1
represented,1
ideologies,1
accommodative,1
discard,1
preoccupation,1
likened,1
upper,1
marshalled,1
eclecticism,1
acknowledges,1
revolucionario,1
follow,1
kébara,1
beyond,1
defines,1
facing,1
comprising,1
consequence,1
putting,1
requires,1
mix,1
archeological,1
plenum,1
permanent,1
arguable,1
reconciliation,1
labour,1
specimens,1
erroneous,1
siasohoo,1
coincide,1
mon,1
trained,1
decades,1
metropolises,1
advocated,1
lor,1
perceive,1
regulatory,1
disappeared,1
perm,1
contention,1
troubling,1
uses,1
formidable,1
immutable,1
questioned,1
precluded,1
allow,1
transmission,1
formulations,1
carrying,1
derivatives,1
explanatory,1
typical,1
access,1
ambiguity,1
strictest,1
intellectuals,1
systèmes,1
economically,1
mesoamerican,1
endeavor,1
emerge,1
approximation,1
noninteractive,1
evaluate,1
congruent,1
criticizing,1
fourth,1
understood,1
equal,1
organizationally,1
stock,1
activist,1
careless,1
experimentaltransformative,1
default,1
produced,1
devoid,1
reinforce,1
criterion,1
champ,1
applied,1
scale,1
energy,1
refuge,1
absolute,1
required,1
find,1
nonsensical,1
filter,1
seventies,1
eliminate,1
impression,1
failure,1
sites,1
chaotic,1
sounded,1
replacements,1
participation,1
basis,1
du,1
degrees,1
inadequate,1
closed,1
geological,1
clarke,1
organize,1
hemispheres,1
ideal,1
comprises,1
skeins,1
pnuosopny,1
legitimatized,1
london,1
purpose,1
line,1
competing,1
related,1
comment,1
pauorient,1
positions,1
minority,1
criticized,1
northern,1
noxious,1
loss,1
misinterpreted,1
generalizing,1
overview,1
genuine,1
q,1
couched,1
cons,1
issues,1
literally,1
contains,1
beginnings,1
records,1
jo,1
ü,1
statistics,1
internacional,1
personal,1
justification,1
reflect,1
employed,1
gonzález,1
ultimately,1
systematic,1
capacities,1
artifact,1
predictive,1
presumption,1
approach,1
timeand,1
expended,1
causal,1
premieres,1
hallmark,1
legacy,1
normally,1
successful,1
hard,1
idiom,1
below,1
inference,1
tacitly,1
educación,1
straight,1
tested,1
resolving,1
next,1
investigación,1
moildnawi,1
mediterranean,1
functionalism,1
chacmool,1
settlement,1
anarchy,1
quantification,1
reflexiones,1
autonomy,1
accomplished,1
altered,1
routine,1
nongeneralizing,1
portions,1
tended,1
yielded,1
whatsoever,1
progress,1
practice,1
universities,1
majority,1
notice,1
explains,1
cycle,1
plausible,1
appropriate,1
provided,1
interminable,1
endorses,1
appeal,1
chronological,1
collectivity,1
voi,1
antipositivist,1
led,1
investigating,1
demand,1
unknowable,1
hegemony,1
proche,1
advocate,1
myths,1
contest,1
summarize,1
functioning,1
convinced,1
action,1
incorrect,1
short,1
service,1
deemphasized,1
corporation,1
return,1
notoriously,1
acknowledged,1
nearly,1
innocence,1
bloc,1
judgment,1
tor,1
expanded,1
comments,1
experiences,1
settings,1
abrupt,1
postcrttical,1
structural,1
illuminating,1
biological,1
confronting,1
collect,1
alleged,1
rational,1
criticism,1
edited,1
yet,1
interpretation,1
phylogenetic,1
vs,1
prof,1
paradox,1
happened,1
acknowledgments,1
mindless,1
evolved,1
paradoxes,1
restricted,1
axiomatic,1
specifics,1
boundary,1
recruited,1
ancient,1
unwin,1
included,1
underwriting,1
ils,1
light,1
asia,1
rocket,1
abandon,1
teaching,1
choices,1
sharply,1
si,1
experiment,1
acknowledging,1
goodness,1
noted,1
friend,1
bar,1
praxis,1
regional,1
processimi,1
picture,1
sketch,1
spatially,1
resolution,1
antiempiricist,1
critiques,1
museums,1
successfully,1
arcnaeoiogicat,1
comfortable,1
book,1
confound,1
business,1
stated,1
supérieur,1
others,1
academy,1
available,1
domains,1
towards,1
persuasion,1
causality,1
longer,1
turner,1
pair,1
nouonoaa,1
scholars,1
areas,1
cumulative,1
materialist,1
recurrent,1
weeds,1
overemphasis,1
reasoning,1
parting,1
contradict,1
together,1
really,1
reacted,1
end,1
recalcitrante,1
categorizing,1
variation,1
collapses,1
imperfect,1
bell,1
rhetoric,1
beforehand,1
conclusions,1
enough,1
remarkable,1
contemporaiy,1
handed,1
covered,1
keys,1
landscape,1
continuing,1
competitors,1
equate,1
validity,1
newtonian,1
answer,1
ifi,1
epistemologies,1
remarked,1
project,1
insufficient,1
books,1
ignoring,1
confront,1
free,1
obsession,1
outlines,1
fight,1
interpreting,1
local,1
phenomenological,1
ine,1
greatest,1
discussion,1
sensory,1
negated,1
atlantic,1
observable,1
treated,1
subjectivity,1
comprise,1
sab,1
discovery,1
range,1
maritime,1
limitations,1
sides,1
critically,1
abo,1
conceivable,1
arose,1
razor,1
enormous,1
manifestations,1
ruling,1
medium,1
identity,1
attributed,1
expression,1
emphasize,1
tenacious,1
assume,1
collaborative,1
ideas,1
derniers,1
willey,1
variables,1
hoc,1
discontinuity,1
cooked,1
engaged,1
places,1
nothing,1
continue,1
specifies,1
frame,1
knowable,1
full,1
previous,1
considerable,1
discontinuities,1
described,1
arguably,1
versions,1
meanings,1
margaret,1
originated,1
modem,1
adding,1
comprehensive,1
publication,1
express,1
language,1
generalität,1
dominated,1
oncedynamic,1
quests,1
workers,1
aquitaine,1
rationalized,1
david,1
divisions,1
overemphasize,1
him,1
unconfirmed,1
escaped,1
stages,1
paths,1
hempel,1
practiced,1
anyone,1
improved,1
standard,1
intrinsic,1
thomas,1
reticulate,1
repeated,1
popperian,1
levallois,1
readers,1
comparing,1
internal,1
outcomes,1
incapable,1
biosocial,1
arise,1
metalanguage,1
generic,1
parochial,1
technologique,1
tactics,1
untangle,1
mainly,1
incompatible,1
intrasite,1
sobre,1
utrilla,1
subjectivists,1
southwest,1
parameters,1
versus,1
fuzzy,1
variabilité,1
professional,1
basically,1
ago,1
controversial,1
dissonance,1
propose,1
attention,1
processuali,1
concluded,1
arcnaeoiogy,1
deplored,1
respuesta,1
contributes,1
contradicting,1
things,1
consists,1
accepting,1
testable,1
extracted,1
ministerio,1
entail,1
publishing,1
enumerated,1
lot,1
continued,1
affirmation,1
segments,1
assert,1
sometimes,1
figure,1
france,1
opératoire,1
program,1
suspected,1
begin,1
vague,1
select,1
trabajos,1
trait,1
exceptional,1
relations,1
progressively,1
proposition,1
contribution,1
interplay,1
recognize,1
try,1
length,1
volumes,1
intend,1
regionalism,1
hierarchical,1
achieve,1
surprising,1
arriving,1
composed,1
subdivided,1
get,1
examine,1
influencing,1
thick,1
stable,1
relativists,1
circumscribed,1
bracketing,1
environment,1
tlf,1
small,1
believed,1
lessons,1
comes,1
exemplified,1
mercantile,1
measurements,1
complexes,1
extensive,1
constituted,1
constituent,1
detect,1
damaging,1
continues,1
municipality,1
recognizable,1
thousand,1
treats,1
physical,1
ignore,1
borrow,1
recapitulating,1
glimpse,1
text,1
bluny,1
earle,1
organizational,1
sustained,1
empiricists,1
abductive,1
branches,1
mutually,1
principle,1
manifesto,1
country,1
readily,1
correspond,1
scientist,1
descriptions,1
disinterested,1
debilitating,1
worth,1
global,1
seem,1
chaîne,1
capital,1
outdoor,1
prototypical,1
accommodate,1
construal,1
paléorient,1
universal,1
episodic,1
post,1
provoke,1
foundation,1
metaphorical,1
job,1
exhibits,1
perfectly,1
rely,1
visits,1
factors,1
cohere,1
section,1
thompson,1
disputes,1
metaphysics,1
works,1
emerges,1
february,1
interactive,1
table,1
person,1
charged,1
beginning,1
sì,1
lì,1
lens,1
dedicate,1
ingenuous,1
automatically,1
monolingualism,1
communicate,1
carefully,1
reactions,1
imperfections,1
reconcile,1
making,1
references,1
maryland,1
want,1
add,1
maintain,1
proven,1
edinburgh,1
firmly,1
writes,1
unrest,1
tightly,1
extent,1
her,1
getting,1
thames,1
abruptly,1
require,1
produce,1
imperial,1
identify,1
emergent,1
son,1
circumstances,1
foley,1
careful,1
strual,1
mortillet,1
ill,1
systcmatics,1
beer,1
easy,1
unrealistic,1
postpositivistic,1
waning,1
intended,1
lies,1
explication,1
histoiy,1
rigid,1
went,1
target,1
hisparadigms,1
democratic,1
reconstruct,1
challenges,1
isolated,1
aims,1
comprehend,1
invoked,1
precision,1
contrasts,1
subsumed,1
prepared,1
inductivtst,1
false,1
diagram,1
remembrance,1
algunos,1
oxtord,1
fi,1
ignored,1
notes,1
observed,1
entena,1
quest,1
internally,1
national,1
catch,1
monolingual,1
documentation,1
offer,1
instead,1
françois,1
need,1
regime,1
opinions,1
crossed,1
involving,1
attributes,1
variously,1
colleagues,1
playing,1
seeks,1
presenting,1
permeable,1
francisco,1
shift,1
increased,1
incommensurate,1
ih,1
offered,1
specific,1
supported,1
deciding,1
taking,1
substitute,1
actions,1
posture,1
levant,1
methodologies,1
rejection,1
consisted,1
headed,1
restricts,1
irrelevant,1
enterprise,1
debate,1
sharing,1
dibble,1
uncertainty,1
texts,1
asymmetry,1
substantial,1
develop,1
duration,1
technological,1
ab,1
north,1
epochs,1
famous,1
operational,1
tract,1
helinium,1
egon,1
