WORDCOUNTS,WEIGHT
the,1635
and,1392
of,1232
in,1101
a,454
to,291
archaeology,287
pp,278
j,263
archaeological,255
southeastern,253
m,237
university,215
d,194
r,182
on,179
that,167
c,164
no,162
p,154
at,148
b,144
is,143
for,133
from,133
t,123
mississippi,115
an,111
mississippian,109
american,108
research,108
g,104
have,100
site,99
florida,98
h,96
as,95
this,92
has,91
historical,88
w,87
l,86
with,86
been,84
alabama,83
studies,79
south,78
are,76
it,75
s,73
there,70
woodland,70
southeast,69
e,68
k,68
spanish,68
late,67
was,62
not,62
new,61
arkansas,60
north,59
recent,59
smithsonian,58
institution,58
illinois,57
state,54
middle,53
be,52
period,51
de,50
but,50
prehistoric,47
et,47
f,47
by,47
mound,47
jr,46
us,46
evidence,46
vol,45
department,45
anthropological,45
i,44
these,44
tuscaloosa,43
subsistence,43
were,43
perspectives,43
also,42
early,42
georgia,41
settlement,41
lower,40
eastern,40
point,40
report,40
some,39
artifacts,39
trade,39
archaic,39
trends,38
anthropologist,38
carolina,37
sites,37
museum,37
journal,36
french,36
tennessee,36
brown,35
or,35
mounds,35
their,34
columbian,34
cultural,34
poverty,34
river,33
ceremonial,33
investigations,32
borderlands,32
united,32
historic,31
colonial,31
valley,31
maize,30
creek,30
important,30
louisiana,30
culture,29
natural,29
current,29
what,29
first,28
such,28
most,28
had,28
its,28
contact,28
years,28
archaeologists,27
time,27
patterns,27
one,26
excavations,26
coastal,26
study,26
indians,26
occasional,25
southern,25
institute,25
america,24
they,24
federal,24
prehistory,24
baton,24
nebraska,24
lincoln,24
desoto,23
london,23
watson,23
tradition,23
between,23
archives,22
complex,22
special,22
social,22
native,22
history,21
ad,21
urbana,21
society,21
pottery,21
antiquity,21
remains,21
great,20
along,20
contributions,20
archeological,20
indian,20
essays,19
western,19
papers,19
bottom,19
soto,19
archeology,19
honor,19
monographs,19
exchange,19
paper,19
presented,19
major,19
human,18
century,18
midcontinental,18
n,18
mississippl,18
do,18
region,18
platform,18
analysis,18
over,18
coles,18
paleoindian,18
survey,17
central,17
kentucky,17
cahokia,17
change,17
only,17
towns,17
v,17
can,17
we,17
la,17
anthropology,17
virginia,17
gulf,17
other,16
west,16
topic,16
general,16
york,16
societies,16
will,16
local,16
times,16
phd,16
pinson,16
center,15
robert,15
santa,15
old,15
fort,15
lithic,15
because,15
literature,15
world,15
more,15
man,15
role,15
subject,15
national,15
much,15
now,14
into,14
case,14
mean,14
mission,14
considerable,14
which,14
so,14
geoscience,14
athens,14
past,14
advances,14
when,14
states,14
archaeologist,13
well,13
ot,13
during,13
lamar,13
two,13
temples,13
status,13
plant,13
ceremonialism,13
bioarchaeological,13
country,13
newsletter,13
although,13
o,12
before,12
all,12
development,12
traditions,12
slough,12
work,12
about,12
many,12
bangs,12
material,12
mortuary,12
use,12
submitted,12
preservation,12
attention,12
particularly,12
very,12
information,12
little,12
skeletal,11
northeast,11
park,11
being,11
route,11
coosa,11
evolution,11
just,11
diet,11
issues,11
several,11
continuity,11
lake,11
connections,11
european,11
king,11
adaptation,11
our,11
numerous,11
does,10
large,10
production,10
last,10
phase,10
bioarcheology,10
even,10
memphis,10
shell,10
resource,10
found,10
deal,10
part,10
missions,10
voi,10
populations,10
community,10
addition,10
deep,10
secc,10
trend,10
continue,10
caribbean,10
northern,10
cultures,10
did,10
apalachee,10
investigation,10
her,10
annual,10
through,10
interaction,10
plenum,10
village,9
inequality,9
nature,9
chiefdoms,9
agriculture,9
perspective,9
than,9
how,9
certain,9
upper,9
missouri,9
james,9
lords,9
northwest,9
people,9
ozier,9
regional,9
activities,9
biocultural,9
various,9
chronology,9
savannah,9
ripley,9
corps,9
tne,9
perhaps,9
concern,9
three,9
topics,9
walling,9
army,9
health,9
collections,9
aboriginal,9
associated,9
series,9
hernando,9
bullen,9
bioarchaeology,9
physical,9
elites,9
chicago,9
if,9
strong,9
certainly,8
principal,8
political,8
woodlands,8
plain,8
design,8
review,8
fayetteville,8
columbia,8
his,8
cult,8
objects,8
origins,8
out,8
mesoamerican,8
occupation,8
burial,8
ceramics,8
spiro,8
overview,8
artifact,8
approach,8
regions,8
sense,8
working,8
san,8
still,8
calumet,8
ceramic,8
routes,8
wickliffe,8
understanding,8
significant,8
dating,8
rouge,8
explorations,8
would,8
after,8
systems,8
land,8
program,8
who,8
life,8
regard,8
any,8
works,8
them,8
conference,8
area,8
gainesville,8
focus,8
later,7
expedition,7
windover,7
occurred,7
dd,7
within,7
context,7
sixteenth,7
fl,7
interior,7
knoxville,7
earlier,7
similar,7
population,7
changes,7
four,7
view,7
recently,7
pleistocene,7
find,7
bc,7
data,7
involved,7
presence,7
coast,7
preliminary,7
mobile,7
where,7
recovery,7
pensacola,7
publication,7
like,7
southwest,7
adaptations,7
continued,7
seen,7
considered,7
springfield,7
summary,7
eventually,7
both,7
emergent,7
come,7
include,7
effects,7
views,7
way,6
ana,6
ma,6
plantations,6
contexts,6
implications,6
discipline,6
resources,6
developments,6
remain,6
examined,6
cave,6
selected,6
thought,6
impact,6
observations,6
exploitation,6
came,6
could,6
public,6
faunal,6
interpretations,6
cannot,6
example,6
symbolism,6
winter,6
project,6
small,6
generally,6
st,6
natchez,6
am,6
periods,6
portion,6
he,6
foragers,6
indeed,6
same,6
heritage,6
water,6
felsenthal,6
areas,6
disease,6
made,6
significance,6
article,6
structure,6
widely,6
division,6
me,6
testing,6
why,6
earliest,6
complexity,6
colonization,6
each,6
cemetery,6
bones,6
plantation,6
terms,6
theory,6
art,6
african,6
question,6
protohistoric,6
themselves,6
among,6
groups,5
introduction,5
mesoamerica,5
boca,5
marksville,5
food,5
stone,5
approaches,5
antebellum,5
test,5
anything,5
jackson,5
calusa,5
caddoan,5
diseases,5
moundville,5
individuals,5
analyses,5
system,5
issue,5
east,5
activity,5
warfare,5
since,5
due,5
conducted,5
pelvis,5
bayou,5
six,5
may,5
ridge,5
ingomar,5
organization,5
northeastern,5
dc,5
slave,5
search,5
left,5
ann,5
tools,5
domestication,5
produced,5
record,5
method,5
near,5
almost,5
received,5
thoughts,5
island,5
lifeways,5
published,5
least,5
played,5
second,5
economic,5
synthesis,5
cobb,5
interpretation,5
bulletin,5
ancient,5
others,5
smith,5
luis,5
chiefdom,5
model,5
seventeenth,5
number,5
remained,5
another,5
ine,5
discovery,5
range,5
including,5
fionda,5
looting,5
exciting,5
examination,5
features,5
crc,5
sociopolitical,5
relationship,5
she,5
lot,5
often,5
itself,5
then,5
encampment,5
known,5
know,5
different,5
believe,5
interval,5
travel,5
researchers,5
multiple,5
given,5
copper,5
need,5
peninsular,5
specific,5
mystery,5
recognized,5
observed,5
should,5
meeting,5
final,4
true,4
english,4
exploration,4
conical,4
obion,4
chief,4
practices,4
cherokee,4
might,4
emerged,4
reasons,4
studied,4
nm,4
yazoo,4
projectile,4
u,4
richard,4
quantity,4
ritual,4
behavior,4
hudson,4
piedmont,4
clay,4
catalina,4
houses,4
storage,4
communication,4
wet,4
focused,4
camp,4
process,4
feel,4
space,4
dated,4
surface,4
beyond,4
prentice,4
oklahoma,4
decades,4
atlanta,4
location,4
appearance,4
initial,4
aspects,4
applied,4
technical,4
having,4
basis,4
revealed,4
skeletons,4
used,4
place,4
actually,4
beads,4
quarterly,4
level,4
hard,4
few,4
pits,4
up,4
results,4
span,4
architecture,4
galveston,4
tor,4
tensas,4
under,4
outlined,4
al,4
rise,4
volume,4
rather,4
toward,4
death,4
rock,4
efforts,4
appeared,4
crop,4
surfaces,4
never,4
assemblages,4
findings,4
juan,4
assume,4
sequence,4
harvard,4
laboratory,4
clear,4
symposium,4
cache,4
black,4
become,4
sacred,4
etowah,4
dietary,4
dealing,4
provide,4
science,4
five,4
contribution,4
frontier,4
articles,4
environment,4
ever,4
continues,4
here,4
specialization,4
best,4
alexander,4
pardo,4
powhatan,4
according,4
yielded,4
orleans,4
extent,4
while,4
too,4
popular,4
ohio,4
variability,4
using,4
locations,4
bioarchaeologists,4
course,4
manufacture,4
johnson,4
era,4
paleoethnobotany,3
currently,3
done,3
protection,3
excavation,3
feels,3
bp,3
monograph,3
women,3
upland,3
lexington,3
long,3
every,3
guale,3
originally,3
seems,3
textiles,3
borders,3
bead,3
achievement,3
vicksburg,3
real,3
date,3
represent,3
those,3
mylodon,3
recorded,3
anthropologists,3
stretched,3
key,3
quantities,3
holocene,3
far,3
angel,3
household,3
reconstruction,3
spain,3
economies,3
framework,3
southwestern,3
curated,3
quality,3
points,3
relations,3
engendering,3
repatriation,3
reluctance,3
david,3
concerning,3
fig,3
dates,3
publications,3
y,3
kidder,3
luna,3
town,3
deerskin,3
mexico,3
without,3
basil,3
growth,3
across,3
appears,3
importance,3
direct,3
tristan,3
parts,3
nos,3
discoveries,3
arbor,3
miscellaneous,3
characterizes,3
lots,3
plaza,3
emergence,3
wealth,3
section,3
prairie,3
management,3
catawba,3
raw,3
salvage,3
basin,3
midden,3
base,3
big,3
further,3
pure,3
engraved,3
war,3
buikstra,3
boyd,3
scale,3
wide,3
tracking,3
mcclung,3
already,3
related,3
patterning,3
description,3
jo,3
believes,3
fieldwork,3
nodena,3
my,3
walton,3
markedly,3
lithics,3
attributed,3
lhe,3
good,3
hopewellian,3
stage,3
stimulated,3
hole,3
around,3
mainfort,3
bells,3
comparative,3
expansion,3
above,3
comments,3
philadelphia,3
springs,3
makes,3
light,3
cottonlandia,3
slavery,3
cedar,3
fact,3
vernon,3
end,3
doubt,3
discussed,3
external,3
continuing,3
timing,3
strategies,3
patty,3
gender,3
demonstrated,3
indiana,3
examples,3
considering,3
birth,3
chiefly,3
upon,3
chronologies,3
chickasaw,3
manifestations,3
samples,3
warrior,3
elite,3
traded,3
postbellum,3
questions,3
processes,3
franklin,3
theoretical,3
shelter,3
discovered,3
definitely,3
individual,3
spread,3
farms,3
cotter,3
pyramidal,3
martin,3
thomas,3
latter,3
graves,3
behind,3
internal,3
methods,3
plum,3
examine,3
marine,3
probably,3
story,3
figures,3
occupied,3
professional,3
chert,3
christian,3
protect,3
today,3
bureau,3
tenant,3
directions,3
began,3
construction,3
clovis,3
types,3
parkin,3
forest,3
matters,3
growing,3
ahead,3
must,3
geographic,3
summit,3
temporal,3
tribute,3
foundation,3
goods,3
written,3
cultivation,3
elena,3
economy,3
whether,3
ones,3
involvement,3
plants,3
particular,3
trinity,3
chicora,3
entrada,3
suggests,3
vessels,3
larsen,3
became,3
assumptions,3
measure,3
nashville,3
manufacturing,3
twin,3
isolated,3
webb,3
pine,3
oi,3
until,3
differentiation,3
paradigm,3
cucurbita,3
contributed,3
involving,3
you,3
defined,3
telford,3
typology,3
osceola,3
anonymous,3
potential,3
news,3
deposits,3
debate,3
glyph,3
norman,3
oí,3
miller,2
difficult,2
reno,2
common,2
meaning,2
pittsburgh,2
imported,2
functional,2
battle,2
epidemics,2
everyone,2
resided,2
utility,2
manuscript,2
debris,2
group,2
expression,2
ways,2
situation,2
bioarcheological,2
sure,2
delighted,2
ethnohistoncal,2
arrived,2
nineteenth,2
something,2
source,2
descriptions,2
john,2
maria,2
du,2
diffusion,2
summarize,2
sources,2
chenopodium,2
connection,2
hally,2
persimmon,2
taken,2
conflict,2
active,2
experiments,2
liberty,2
scalping,2
twenty,2
secondary,2
agrarian,2
together,2
microlith,2
display,2
careers,2
rich,2
government,2
atlantic,2
concludes,2
beaufort,2
hunting,2
take,2
evolving,2
mabila,2
persistence,2
raised,2
pepo,2
iowa,2
tell,2
rethinking,2
similarities,2
posts,2
fossils,2
classic,2
resulted,2
westview,2
primary,2
tunica,2
discuss,2
account,2
possible,2
tracing,2
shared,2
fritz,2
establishing,2
bibliography,2
mastodon,2
occurring,2
powell,2
promises,2
letter,2
brose,2
collection,2
diversity,2
surplus,2
stress,2
throughout,2
chiefs,2
relationships,2
dynamics,2
understand,2
paw,2
neighbors,2
intact,2
interest,2
reflection,2
relatively,2
treponemal,2
adams,2
type,2
thing,2
ct,2
canal,2
hispanic,2
refer,2
amount,2
back,2
started,2
choctaw,2
sword,2
geological,2
critique,2
interagency,2
enrich,2
influence,2
confluence,2
mechanism,2
phases,2
toltec,2
biface,2
oj,2
acculturation,2
sample,2
talimali,2
americans,2
act,2
main,2
edward,2
legua,2
basic,2
notion,2
highway,2
adopted,2
opportunity,2
wake,2
supplement,2
derived,2
scarry,2
boone,2
burials,2
consequences,2
addressing,2
support,2
means,2
accounts,2
ozark,2
nor,2
alabamas,2
affect,2
potomac,2
clearly,2
technology,2
air,2
house,2
decade,2
sheer,2
textile,2
albuquerque,2
passed,2
believed,2
syntheses,2
join,2
appear,2
conquest,2
union,2
whereas,2
result,2
based,2
whom,2
harbor,2
panfilo,2
carrying,2
demise,2
extraordinary,2
richmond,2
relating,2
seven,2
economics,2
reply,2
events,2
timucua,2
possibility,2
attained,2
brake,2
academic,2
citronelle,2
exceptions,2
caldwell,2
understood,2
province,2
earthquake,2
promise,2
russell,2
steele,2
bow,2
thebes,2
treatises,2
minimal,2
paleoenvironmental,2
inferred,2
dugout,2
horticulture,2
distinguish,2
future,2
borderiands,2
civil,2
knowledge,2
indigenous,2
geology,2
citrus,2
database,2
jai,2
queens,2
records,2
cluster,2
rituals,2
midwestern,2
douglas,2
monacan,2
washington,2
avery,2
either,2
excavated,2
interregional,2
syndrome,2
ago,2
things,2
speculations,2
indicators,2
bone,2
precontact,2
event,2
waring,2
purdue,2
concerns,2
highly,2
components,2
ancestors,2
portions,2
petroglyphs,2
always,2
museums,2
patience,2
discusses,2
notes,2
react,2
developmental,2
finds,2
pot,2
tombigbee,2
digging,2
settlers,2
dalton,2
matter,2
located,2
limited,2
play,2
islands,2
garden,2
frankfort,2
direction,2
ouachita,2
biological,2
guide,2
once,2
communities,2
edited,2
yet,2
fair,2
vs,2
represents,2
devotion,2
columbus,2
procurement,2
neither,2
lowland,2
wi,2
publishing,2
ky,2
dna,2
industrial,2
reports,2
noted,2
bar,2
truncated,2
stones,2
double,2
lee,2
pollack,2
comparison,2
power,2
brain,2
academy,2
safety,2
printing,2
projects,2
communal,2
lack,2
overwhelming,2
irene,2
scholars,2
carbonized,2
occupations,2
plan,2
agree,2
warning,2
bluff,2
debates,2
feasting,2
contemporary,2
pattern,2
mammoth,2
algonquian,2
legislation,2
satinspar,2
outside,2
arrow,2
adjacent,2
geography,2
covered,2
manner,2
derivation,2
see,2
council,2
reminders,2
necessary,2
exotic,2
gravels,2
assemblage,2
mill,2
interpreted,2
interpreting,2
original,2
meetings,2
hickory,2
exploring,2
discussion,2
refining,2
galloway,2
benton,2
sixth,2
looking,2
strongest,2
canals,2
louis,2
reburial,2
largely,2
rivers,2
adena,2
reconstructing,2
actual,2
services,2
radiocarbon,2
previous,2
office,2
outpost,2
lakes,2
seminóle,2
christopher,2
variant,2
ny,2
crowning,2
looters,2
stages,2
abundant,2
provides,2
peebles,2
men,2
boschert,2
baytown,2
mining,2
parallel,2
craft,2
assessing,2
hunters,2
blood,2
farmstead,2
amateur,2
adaptive,2
quarter,2
arcnaeoiogy,2
clusters,2
labras,2
farm,2
andalucía,2
update,2
catahoula,2
weights,2
flower,2
copes,2
louisiane,2
bulk,2
maps,2
hill,2
lines,2
copena,2
order,2
widespread,2
lost,2
detailed,2
force,2
returned,2
rapidly,2
responsible,2
hope,2
enclosure,2
unusual,2
distributional,2
tatham,2
microdebitage,2
seriously,2
selenite,2
elected,2
conclusion,2
milner,2
version,2
changing,2
peoples,2
habitation,2
extensive,2
characteristics,2
nutritional,2
constructed,2
vacant,2
perforated,2
reconnaissance,2
phillips,2
alternative,2
geoarchaeology,2
modeling,2
hospitality,2
quickly,2
erected,2
bottle,2
proof,2
tuberculosis,2
contained,2
interested,2
seem,2
appendix,2
marvin,2
post,2
audience,2
reflected,2
doms,2
atlatl,2
texas,2
merely,2
following,2
animal,2
beginning,2
william,2
augustine,2
jean,2
heads,2
proceedings,2
rose,2
form,2
making,2
nearby,2
dallas,2
agricultural,2
distribution,2
pitted,2
yield,2
emphasis,2
size,2
remember,2
entire,2
ill,2
introduced,2
despite,2
confirm,2
press,2
whatever,2
transition,2
thankful,2
went,2
plaquemine,2
barataria,2
phenomenon,2
evidenced,2
definitions,2
aspect,2
coming,2
recovered,2
terminal,2
students,2
devoted,2
models,2
spring,2
southeasterners,2
editor,2
finding,2
scalped,2
slack,2
materials,2
endemic,2
explanation,2
tulane,2
offer,2
approximately,2
lafitte,2
salt,2
consumption,2
broader,2
smaller,2
fluted,2
oldest,2
extremely,2
shift,2
increased,2
cached,2
tribes,2
say,2
geographical,2
cahokian,2
munson,2
sciences,2
northwestern,2
documentary,2
corn,2
traditional,2
earthworks,2
famous,2
roles,2
race,2
chambers,2
occur,2
apalachicola,2
increase,2
hypothesis,2
fir,1
problem,1
resolve,1
bond,1
gis,1
contacts,1
entities,1
go,1
coosawattee,1
transportation,1
revisionist,1
isotopie,1
flow,1
microblades,1
fathers,1
limits,1
yamassee,1
calibrated,1
sterile,1
holder,1
cany,1
concerned,1
indicated,1
juvenile,1
monsters,1
preclassic,1
created,1
wonder,1
truth,1
levers,1
market,1
deserve,1
affected,1
morphology,1
physiography,1
extend,1
environmental,1
episodes,1
jane,1
uplands,1
trans,1
europeans,1
tlonda,1
branches,1
epidemic,1
albeit,1
adoption,1
thai,1
aboveground,1
distributed,1
per,1
nagpra,1
carolinians,1
beneath,1
twelfth,1
isonn,1
settlements,1
needed,1
lesions,1
explosion,1
fluid,1
residences,1
harks,1
missionization,1
denied,1
shoulders,1
kinds,1
elaborations,1
identify,1
superb,1
designed,1
ethnogenesis,1
assessments,1
entries,1
anchor,1
hefty,1
referring,1
formed,1
rogers,1
informative,1
likely,1
cherished,1
transform,1
townhouse,1
summaries,1
treatise,1
recollect,1
contend,1
claiborne,1
modern,1
treponematosis,1
ms,1
realities,1
apalachees,1
greater,1
researcn,1
masks,1
ideals,1
trace,1
comparisons,1
comrades,1
geometric,1
committee,1
ian,1
mainland,1
presents,1
shrimping,1
carroll,1
ajj,1
vermilion,1
kolomoki,1
holding,1
scientist,1
postprocessualism,1
tread,1
ethnoarchaeological,1
pipes,1
dig,1
lowlands,1
track,1
eye,1
detected,1
footing,1
fires,1
negative,1
experience,1
parish,1
file,1
midsouth,1
said,1
curriboo,1
cast,1
gap,1
explaining,1
mchugh,1
moriamy,1
siouan,1
philosophers,1
quartermaster,1
modest,1
chacmool,1
destroying,1
confirmatory,1
learned,1
yarbrough,1
laurens,1
majority,1
victim,1
quapaw,1
pervasive,1
keactions,1
terminations,1
give,1
attempts,1
concentrated,1
vols,1
address,1
exhibition,1
dunnell,1
utilization,1
anywhere,1
talladega,1
worked,1
absurd,1
rindos,1
vestiges,1
tra,1
furnace,1
parties,1
containing,1
varies,1
purse,1
archaeologically,1
contextual,1
nothing,1
wpa,1
crops,1
explores,1
assess,1
broken,1
neal,1
highland,1
gradual,1
charlo,1
pressed,1
origin,1
normative,1
borne,1
mcbride,1
chroniclers,1
sometime,1
live,1
farther,1
molecular,1
reveal,1
footsteps,1
dickeson,1
dom,1
yearbook,1
jeter,1
hands,1
maa,1
chipped,1
achieved,1
pauketat,1
nonskeletal,1
foolish,1
miles,1
universal,1
burnett,1
jnortn,1
waselkov,1
adventures,1
vincas,1
boyce,1
somewhat,1
refuse,1
arellano,1
appalachian,1
designs,1
fulfilling,1
producing,1
traits,1
side,1
effigy,1
threshold,1
takes,1
koroa,1
refute,1
gnawing,1
existence,1
alfred,1
botanical,1
behavioral,1
ste,1
pulled,1
iv,1
robbery,1
incorporate,1
march,1
zebree,1
addresses,1
lafavette,1
changed,1
stepped,1
gardens,1
amplification,1
mitochondnal,1
felt,1
responses,1
prior,1
prohibit,1
determined,1
marked,1
politics,1
prevailing,1
cooperation,1
condition,1
exhibits,1
pleasant,1
archaeobotany,1
accommodation,1
reaction,1
functions,1
alter,1
october,1
greene,1
substitutes,1
vital,1
obvious,1
hair,1
strengthened,1
leon,1
mnic,1
conceptual,1
reflecting,1
taunal,1
cumberland,1
arkansaw,1
eva,1
desirable,1
redefining,1
representing,1
correlation,1
unchecked,1
chronic,1
bienville,1
zone,1
identifies,1
sand,1
seac,1
granaries,1
sign,1
twq,1
cribs,1
localized,1
exposed,1
ranked,1
acres,1
linked,1
september,1
regarding,1
interments,1
build,1
natives,1
ends,1
divorced,1
escambia,1
cities,1
postcranial,1
includes,1
multidimensional,1
cowpen,1
foraging,1
fit,1
trailing,1
comprehending,1
reservoir,1
stasis,1
dependence,1
madrid,1
explained,1
inner,1
ethical,1
explorers,1
stamped,1
varvinc,1
against,1
analyzing,1
embryonic,1
hierarchy,1
becoming,1
ethnohistorical,1
characteristic,1
regarded,1
ability,1
trench,1
remembrances,1
helena,1
domain,1
mixed,1
decided,1
foodways,1
ethnobotanical,1
occurs,1
pm,1
pipestone,1
iniani,1
ut,1
application,1
unwillingness,1
curren,1
cayson,1
fabrics,1
legislators,1
preparation,1
iithics,1
trail,1
replaced,1
vengeance,1
parable,1
contributors,1
z,1
learning,1
forced,1
funds,1
midholocene,1
canoes,1
eve,1
cases,1
sanders,1
defense,1
distinct,1
elements,1
items,1
cultic,1
stored,1
arguably,1
canaveral,1
tillean,1
subjects,1
contrary,1
body,1
tishomingo,1
barnwell,1
vast,1
listened,1
flawed,1
oxford,1
served,1
gorgets,1
mcciung,1
suitable,1
subterranean,1
chiaha,1
arranged,1
kinship,1
trekked,1
varieties,1
continuous,1
third,1
witnessed,1
determinations,1
shark,1
networks,1
warned,1
txcavations,1
theoreticians,1
accelerator,1
drawn,1
hoes,1
confident,1
sassaman,1
look,1
prime,1
preserving,1
neighboring,1
border,1
helping,1
simplistic,1
roupes,1
wounded,1
adult,1
jones,1
bottomlands,1
ichetucknee,1
wl,1
word,1
master,1
salvaging,1
pontchartrain,1
paste,1
carolinas,1
trom,1
sears,1
walls,1
crossroads,1
warehouse,1
industries,1
remind,1
catawbas,1
failed,1
mechanisms,1
rights,1
wounds,1
offices,1
meyer,1
accumulate,1
ysa,1
explanations,1
inferences,1
interesting,1
alive,1
chartres,1
racism,1
glade,1
dangerously,1
reflects,1
réévaluation,1
identification,1
turmoil,1
dilemma,1
decker,1
links,1
principally,1
injuries,1
everglades,1
refitting,1
sensing,1
writing,1
developed,1
montpelier,1
mexican,1
spans,1
adapt,1
sort,1
peacock,1
tertiary,1
biomechanical,1
horrifying,1
reexamining,1
resident,1
levee,1
radius,1
centralization,1
proud,1
presentation,1
flanks,1
myself,1
burnished,1
remote,1
neatly,1
players,1
tonda,1
environments,1
cultigen,1
vandalized,1
dealt,1
determining,1
zooarchaeological,1
whyte,1
stimulation,1
saints,1
lasted,1
depot,1
turn,1
narváez,1
interacted,1
thoroughfares,1
analytical,1
references,1
tree,1
femoral,1
standard,1
congressional,1
paleolithic,1
az,1
reason,1
tissue,1
provinces,1
perceptions,1
deliberations,1
soon,1
apace,1
marks,1
garrow,1
consider,1
ceremony,1
maiden,1
occupational,1
established,1
quapaws,1
image,1
descent,1
intensive,1
acial,1
emission,1
plenary,1
ethnobiology,1
presumably,1
loess,1
represented,1
moundvuie,1
receiving,1
outcry,1
aly,1
flattopped,1
mary,1
bruce,1
landing,1
reviewed,1
presumed,1
age,1
amiability,1
burgeoning,1
show,1
gero,1
commonly,1
flats,1
experienced,1
racing,1
store,1
coppie,1
officer,1
indications,1
linkage,1
followed,1
cotton,1
undertaken,1
evaluation,1
ponce,1
let,1
lengths,1
multisized,1
painted,1
nucleic,1
peabody,1
permanent,1
conviction,1
glades,1
mcllhenny,1
montroville,1
dominant,1
protohistory,1
opinion,1
dug,1
sponemann,1
hot,1
postdated,1
barrens,1
constructive,1
artistic,1
matching,1
centra,1
descriptive,1
processing,1
expressed,1
feds,1
advance,1
wuapaw,1
acceptable,1
settlementsubsistence,1
wnen,1
identifying,1
snodgrass,1
chris,1
bearing,1
wares,1
marion,1
ubelaker,1
mapping,1
spectrographic,1
beehives,1
effort,1
centers,1
patrick,1
chucalissa,1
destined,1
austin,1
rouges,1
monitoring,1
oh,1
pioneer,1
extinct,1
hospital,1
lahtc,1
approximation,1
burst,1
term,1
intrigue,1
iprotohistoric,1
infatuated,1
makeup,1
density,1
meter,1
weed,1
ranking,1
equally,1
undeniable,1
missbsippian,1
transactions,1
buried,1
healthy,1
caves,1
bands,1
hinterland,1
block,1
yaughan,1
reviews,1
lámar,1
intensity,1
binghamton,1
excellent,1
subtradition,1
ouacruta,1
presided,1
sims,1
your,1
approached,1
facilities,1
lowcountry,1
balanced,1
tchula,1
larkin,1
sedentism,1
package,1
cows,1
brooks,1
orser,1
confronts,1
exert,1
oeorgia,1
hog,1
keeping,1
flannery,1
tranic,1
network,1
learn,1
invisible,1
mitchem,1
degrees,1
line,1
relief,1
closed,1
schambach,1
kelinements,1
planning,1
luer,1
osteology,1
caloosahatchee,1
reinhard,1
tool,1
blue,1
strict,1
ideal,1
preferred,1
nine,1
clean,1
imagined,1
concept,1
county,1
horse,1
characterization,1
fared,1
mitcnem,1
spondylolysis,1
uynamics,1
training,1
norm,1
apparent,1
reduction,1
homeland,1
nails,1
knight,1
felsen,1
pipe,1
ten,1
sole,1
surprise,1
stoddert,1
loss,1
whole,1
realm,1
bottomland,1
bense,1
fail,1
refined,1
jefferies,1
partly,1
collective,1
constitute,1
contains,1
keep,1
homestead,1
òoutneastern,1
increasingly,1
bits,1
device,1
iscan,1
ethnohistoric,1
swift,1
personal,1
yerkes,1
cubic,1
appreciated,1
employed,1
rocks,1
pendant,1
illini,1
politely,1
doubtful,1
olive,1
horsemen,1
miss,1
own,1
ethnicity,1
challenging,1
deter,1
manifestation,1
ccc,1
massacre,1
foci,1
concentrates,1
gateway,1
creating,1
faveti,1
solution,1
habitations,1
saline,1
caused,1
field,1
skyrocketed,1
pendants,1
regardless,1
buford,1
diminish,1
buildings,1
revolution,1
fluorine,1
parallelisms,1
tested,1
canoe,1
protest,1
trading,1
lubbub,1
amphibious,1
catalog,1
prosecuted,1
atmosphere,1
bank,1
fast,1
kent,1
family,1
microevolutionary,1
tuned,1
cellular,1
ban,1
weighty,1
soil,1
consensus,1
driving,1
june,1
amiable,1
ship,1
folk,1
goodwin,1
partitions,1
industry,1
brought,1
cantankerous,1
representation,1
dramatic,1
shadows,1
convey,1
kernels,1
climate,1
distinguished,1
alluvial,1
roint,1
villages,1
worid,1
tended,1
methodological,1
philip,1
core,1
barely,1
richness,1
nickajack,1
necessity,1
horrendous,1
describes,1
woodrow,1
ecology,1
organs,1
ramenofsky,1
startling,1
visit,1
rest,1
massive,1
dohack,1
battles,1
premaiuriu,1
hontoon,1
nations,1
survived,1
craniof,1
critical,1
michigamea,1
confined,1
pertaining,1
microwear,1
chapman,1
processual,1
horizons,1
highlights,1
led,1
approximate,1
units,1
investigating,1
unquestionable,1
bourbon,1
müller,1
demographically,1
minor,1
reexamine,1
comment,1
holds,1
absence,1
van,1
protecting,1
expanse,1
steadily,1
drainage,1
scientific,1
identified,1
indicative,1
celt,1
divergence,1
short,1
labors,1
service,1
overall,1
intrusions,1
techniques,1
dickson,1
fu,1
corporation,1
somebody,1
released,1
inclusive,1
nearly,1
tabasco,1
tankersley,1
brings,1
constraints,1
tropical,1
object,1
scham,1
faience,1
elusive,1
converted,1
allen,1
vauey,1
says,1
tidewater,1
heye,1
got,1
arpa,1
interactions,1
experiences,1
macoupin,1
unprecedented,1
cracks,1
settings,1
territory,1
mea,1
cultivate,1
hold,1
kimball,1
innovation,1
afar,1
selection,1
braided,1
structural,1
beset,1
terra,1
vicinity,1
frank,1
armchair,1
forts,1
depicted,1
potsherds,1
sheeps,1
trains,1
wetlands,1
extraneous,1
roiuicat,1
cleveland,1
pimple,1
read,1
accident,1
catlimte,1
armorial,1
abundance,1
archaeobiological,1
acknowledgments,1
sex,1
message,1
caveat,1
seeing,1
indigenously,1
vivre,1
catlinite,1
remnant,1
differentiate,1
turopean,1
index,1
demographic,1
marshall,1
antiauitv,1
palmer,1
mellen,1
easier,1
included,1
extravagant,1
release,1
botany,1
ci,1
quarries,1
jeopardy,1
complete,1
abandon,1
shifting,1
algonkian,1
literally,1
wright,1
switch,1
robust,1
blakely,1
largest,1
costs,1
wisconsin,1
gary,1
overpowering,1
mention,1
masticatoryrelated,1
architectural,1
maintained,1
arranging,1
avoided,1
meets,1
picture,1
considers,1
jon,1
useful,1
jettrey,1
starting,1
birthplace,1
leader,1
birger,1
critiques,1
mentioning,1
mineralogical,1
skill,1
law,1
structures,1
baldcypress,1
asia,1
stated,1
figure,1
mark,1
again,1
fragmentation,1
polemic,1
approaching,1
haute,1
responsibilities,1
hearths,1
crampton,1
added,1
summits,1
ht,1
boynton,1
husbandry,1
negatively,1
prehistorically,1
longer,1
leading,1
ossuary,1
turner,1
treatment,1
oioarcneoiogicaí,1
head,1
foods,1
minnesota,1
call,1
narvaez,1
creative,1
dlinois,1
fascinating,1
documents,1
tannehill,1
abstract,1
disturbed,1
inevitably,1
casualties,1
layer,1
grave,1
really,1
larger,1
pacific,1
understandable,1
plagued,1
farming,1
suggestive,1
americanist,1
ironic,1
venture,1
golden,1
terrebonne,1
pennsylvania,1
seldom,1
jump,1
synmesis,1
serious,1
simple,1
took,1
kit,1
present,1
anhaica,1
kellogg,1
formation,1
naturai,1
preforms,1
landscape,1
secular,1
purposes,1
archaeobotanical,1
accepted,1
hastorf,1
relevant,1
rocher,1
tall,1
less,1
timer,1
mitochondrial,1
confrontation,1
judith,1
paired,1
hve,1
laden,1
focusing,1
turnaround,1
hoecake,1
distributary,1
woman,1
downtown,1
acids,1
packs,1
frequency,1
style,1
oyster,1
gives,1
male,1
wood,1
microtools,1
radiometrie,1
cremation,1
valleys,1
ramped,1
recreational,1
bibliographic,1
reminds,1
vectors,1
brookes,1
charleston,1
massacred,1
pooling,1
aggregation,1
analyzed,1
private,1
microscopic,1
referred,1
multistage,1
shapiro,1
diverse,1
situated,1
investigated,1
missionary,1
negated,1
cliques,1
paleouidian,1
influences,1
session,1
success,1
alliance,1
apogee,1
thanks,1
leake,1
eighteenth,1
implicated,1
values,1
limitations,1
memoirs,1
trajectory,1
hranicky,1
desperate,1
enormous,1
campsite,1
recover,1
ö,1
pétrographie,1
expand,1
cabins,1
top,1
blossoming,1
colonoware,1
varying,1
batch,1
jamestown,1
amused,1
cahawba,1
linking,1
hypotheses,1
assumption,1
dye,1
fourteenth,1
virtually,1
depratter,1
collaborative,1
ideas,1
resulting,1
willey,1
ethnic,1
karst,1
seminoie,1
cnange,1
engaged,1
merit,1
stay,1
trust,1
prelude,1
fantastic,1
full,1
ceremonies,1
legal,1
landry,1
traders,1
fenod,1
niche,1
reinforcing,1
shortly,1
complicated,1
joie,1
necessitated,1
ecores,1
backdirt,1
nuclear,1
kilometer,1
ties,1
harmon,1
perimeter,1
chelsea,1
meanings,1
appraisal,1
reality,1
estuarine,1
paleomdian,1
adding,1
gramly,1
uncontrollable,1
comprehensive,1
op,1
peripheral,1
mt,1
tail,1
feature,1
soldiers,1
dominated,1
brass,1
peter,1
brand,1
amounts,1
interpret,1
endangered,1
fitzhugh,1
held,1
rrooaoie,1
patricia,1
defensive,1
divisions,1
characterized,1
torch,1
function,1
mcciendon,1
enclosures,1
catholic,1
tribal,1
reconstructed,1
serves,1
chariottesville,1
dry,1
administrative,1
filled,1
vegetation,1
probable,1
households,1
midshaft,1
renewal,1
entered,1
tangible,1
managerial,1
claim,1
adequately,1
construct,1
quincentennial,1
gingery,1
orient,1
agriculturalists,1
margin,1
civilian,1
especially,1
random,1
terrapin,1
satisfy,1
trying,1
chapel,1
dreamer,1
overtaken,1
insists,1
editors,1
neck,1
sight,1
hoshower,1
kays,1
feabody,1
orchard,1
anderson,1
ditterential,1
amazing,1
hi,1
cognition,1
implication,1
looks,1
rhetorical,1
divides,1
socially,1
equivalent,1
looked,1
attracted,1
robbins,1
mtersocietal,1
slide,1
workshop,1
looming,1
cape,1
culpa,1
tendency,1
destruction,1
postholes,1
deagan,1
joint,1
positioning,1
atlas,1
remarkable,1
productive,1
concluded,1
thè,1
attended,1
tampa,1
examines,1
levy,1
solar,1
greenwood,1
ranging,1
carried,1
letting,1
suggest,1
indication,1
fifty,1
extractive,1
speculate,1
discussing,1
hteways,1
rodent,1
imply,1
surpassed,1
oiocuiturai,1
dissected,1
toes,1
raise,1
independent,1
regular,1
george,1
dm,1
movements,1
segments,1
stream,1
gathering,1
ecological,1
usually,1
foreign,1
amherst,1
vision,1
authority,1
okeechobee,1
ideology,1
tallahatchie,1
louvier,1
fully,1
unwarranted,1
midaie,1
reasonable,1
baptizing,1
begin,1
grim,1
inside,1
deaths,1
primarily,1
eighteenthcentury,1
institutions,1
slow,1
horizon,1
becomes,1
investigators,1
dimensions,1
broad,1
deposit,1
bears,1
oconee,1
merchandise,1
dirt,1
determination,1
markers,1
thirteen,1
degenerative,1
sequences,1
wilson,1
transformation,1
covering,1
figurine,1
settled,1
delved,1
efficiency,1
multicomponent,1
quite,1
adventure,1
fall,1
hoor,1
wheeler,1
peripheries,1
table,1
previstone,1
centuries,1
generator,1
face,1
packhorses,1
weeden,1
eugene,1
kozuch,1
sound,1
looter,1
mud,1
conservation,1
chattahoochee,1
documenting,1
blurred,1
kiver,1
exchanged,1
joseph,1
addressed,1
curious,1
heavy,1
fifteen,1
monument,1
pepper,1
practice,1
lessons,1
repaired,1
jelks,1
comes,1
arrest,1
obsolete,1
mentioned,1
carbondaje,1
incorporated,1
conditions,1
exhibitions,1
deiwcen,1
nonagncultural,1
belleview,1
demonstrate,1
sigmticance,1
chattanooga,1
hypothesized,1
okaloosa,1
pace,1
theme,1
dubious,1
slope,1
offered,1
apprehended,1
hlonda,1
trenches,1
carbondale,1
minois,1
òponemann,1
md,1
temple,1
text,1
meat,1
sourcing,1
quaternary,1
jefferson,1
der,1
swan,1
outcome,1
drowned,1
surrender,1
control,1
paabo,1
books,1
scattering,1
hoover,1
cm,1
correspond,1
shares,1
tomb,1
specialized,1
andthe,1
december,1
sotos,1
extraction,1
unalloyed,1
hopewell,1
gone,1
shaking,1
leaders,1
down,1
fanning,1
sifting,1
half,1
temper,1
civic,1
episodic,1
domestic,1
shred,1
followers,1
ideological,1
observe,1
menard,1
stretching,1
collectors,1
yentsch,1
obviously,1
guy,1
impossible,1
infer,1
factors,1
generalized,1
examining,1
pit,1
differed,1
going,1
aiken,1
replication,1
accepts,1
mass,1
proposed,1
assessment,1
edge,1
ideally,1
respect,1
uuacnüa,1
turned,1
eglin,1
quietly,1
specter,1
franciscan,1
scholarly,1
gorget,1
senior,1
shreds,1
automatically,1
discover,1
victims,1
award,1
unique,1
occaneechi,1
prefers,1
stability,1
commemorating,1
list,1
sociology,1
character,1
uhm,1
postcontact,1
add,1
artifactual,1
contrasting,1
mere,1
depopulation,1
tnougnts,1
temporally,1
consisting,1
pollen,1
powhatans,1
listen,1
getting,1
attribute,1
lafayette,1
periphery,1
collector,1
desecration,1
studying,1
annewakee,1
migrations,1
orientations,1
anticipation,1
encounters,1
hardman,1
flaked,1
inaian,1
terre,1
paleoecology,1
tempting,1
doran,1
prevent,1
urban,1
earthwork,1
categories,1
freedom,1
des,1
soldier,1
socioeconomic,1
portraits,1
shiit,1
synthesizer,1
monticello,1
preserved,1
careful,1
eloquently,1
code,1
recognition,1
wearing,1
ax,1
met,1
affecting,1
sicity,1
mississtppian,1
contemporaneity,1
sea,1
city,1
beach,1
content,1
africans,1
marquardt,1
riddle,1
nutrition,1
dental,1
giving,1
predecessors,1
ring,1
disciplines,1
step,1
simply,1
commissioned,1
extended,1
rochester,1
unit,1
contribute,1
programs,1
obtain,1
jassamine,1
divided,1
pa,1
paid,1
dock,1
comprehend,1
goals,1
keynote,1
varied,1
contrasts,1
jlate,1
systematics,1
fluvanna,1
analogy,1
cheryl,1
white,1
wnat,1
intercultural,1
wild,1
necessarily,1
shown,1
metal,1
cycling,1
turkey,1
drafts,1
score,1
lists,1
invasion,1
background,1
crucible,1
feinman,1
reveals,1
justifiably,1
cambridge,1
thermodynamics,1
unmarked,1
arrows,1
reitz,1
lately,1
write,1
subsequent,1
bocial,1
trauma,1
wish,1
value,1
hilton,1
actively,1
americas,1
fauna,1
grown,1
integrated,1
cedarland,1
dendrochronology,1
define,1
rieisiocene,1
provided,1
harney,1
lido,1
bear,1
glass,1
integration,1
crossed,1
attributes,1
spectrometry,1
colleagues,1
granamotner,1
sacramental,1
kemote,1
eville,1
association,1
folly,1
brilliant,1
brunt,1
practiced,1
ruth,1
nochta,1
deer,1
chiejdom,1
thousand,1
charles,1
midcontinent,1
elko,1
removed,1
archaeozoologia,1
posture,1
nineteen,1
close,1
km,1
pathways,1
aucilla,1
justify,1
reached,1
enterprise,1
create,1
maximum,1
mccary,1
develop,1
rrank,1
technological,1
willing,1
priestly,1
ethnology,1
convergent,1
statement,1
building,1
ga,1
asked,1
doing,1
nonmarket,1
malcolm,1
built,1
tneir,1
cited,1
gourd,1
arizona,1
shellfish,1
continuously,1
pom,1
thorough,1
