WORDCOUNTS,WEIGHT
the,1486
of,1093
in,794
and,723
to,289
a,240
that,209
as,138
identity,131
with,119
der,119
is,110
from,110
on,108
pp,102
by,100
for,97
this,96
at,94
are,92
europe,91
were,91
central,87
iron,86
new,86
objects,81
their,79
age,79
la,77
late,73
bronze,73
they,71
early,68
was,66
m,66
these,65
or,64
have,61
but,60
not,59
been,58
peoples,58
j,57
und,57
different,52
material,51
tene,50
between,50
graves,49
social,48
archaeological,48
individual,48
such,47
p,47
groups,46
roman,46
other,45
prehistory,44
c,44
an,43
we,43
later,42
von,42
evidence,42
during,41
culture,41
style,41
burial,40
die,40
celtic,39
most,38
about,38
s,37
bc,37
de,36
h,36
more,35
some,35
it,34
has,33
individuals,32
people,32
century,31
cultural,31
patterns,31
be,31
among,31
all,30
those,30
r,29
european,29
important,28
wells,28
also,27
two,27
grave,27
can,27
zur,26
communities,26
time,26
which,26
period,26
burials,26
identities,26
information,26
das,25
use,25
one,24
et,24
archaeology,24
common,23
elite,23
elements,23
l,23
b,23
prehistoric,23
im,23
approach,23
community,23
decoration,23
each,23
them,23
final,22
group,22
ethnic,22
i,22
than,22
regions,22
middle,22
both,22
much,22
gold,22
signs,21
had,21
used,21
many,21
hallstatt,21
southern,20
status,20
research,20
change,20
pottery,20
greek,20
goods,20
d,20
large,19
fibulae,19
into,19
represented,19
practice,19
des,19
specific,19
recent,19
aus,18
similar,18
same,18
form,18
interaction,18
rhine,17
du,17
throughout,17
w,17
part,17
northern,17
first,17
he,17
caesar,17
through,17
north,17
t,16
there,16
celts,16
its,16
personal,16
society,16
f,16
including,16
who,16
categories,16
second,16
keltische,15
g,15
characteristic,15
ornament,15
because,15
swords,15
london,15
object,15
ornaments,15
construction,15
particular,15
character,15
studies,14
developed,14
practices,14
sources,14
rich,14
development,14
no,14
stuttgart,14
parts,14
kommission,14
apparent,14
only,14
temperate,14
ceramic,14
made,14
expression,14
particularly,14
unique,14
archäologische,14
if,13
ways,13
zu,13
context,13
west,13
bracelets,13
where,13
understanding,13
cambridge,13
significant,13
attention,13
associated,13
cemetery,13
number,13
themselves,13
created,12
settlements,12
kinds,12
contexts,12
case,12
ritual,12
scabbards,12
his,12
special,12
changes,12
university,12
placed,12
around,12
family,12
germanen,12
bericht,12
analysis,12
distinctive,12
what,12
suggests,12
vessels,12
france,12
region,12
elites,12
metal,11
e,11
complex,11
before,11
styles,11
thus,11
how,11
franz,11
well,11
probably,11
gender,11
small,11
oxford,11
classical,11
oppida,11
discussion,11
any,11
very,11
communicate,11
our,11
texts,11
o,10
production,10
since,10
walter,10
would,10
sites,10
settlement,10
oppidum,10
when,10
east,10
larger,10
do,10
indicate,10
features,10
mediterranean,10
types,10
known,10
role,10
lands,10
identify,9
approaches,9
every,9
zeitschrift,9
conquests,9
shared,9
kind,9
across,9
n,9
show,9
found,9
ethnogenese,9
gaul,9
persons,9
basis,9
writers,9
indigenous,9
broad,9
germania,9
outfitted,9
make,9
interactions,9
us,9
members,9
end,9
jastorf,9
examination,9
meanings,9
decorated,9
played,9
study,9
structure,9
suggest,9
often,9
centuries,9
series,9
did,9
past,9
beginning,9
nördlich,9
terms,9
kelten,9
distribution,9
world,9
instead,9
need,9
occur,9
does,8
expressed,8
zwischen,8
women,8
nature,8
bavaria,8
differences,8
written,8
system,8
issue,8
vol,8
perspective,8
fig,8
process,8
dattingen,8
active,8
frequently,8
place,8
bayern,8
own,8
ethnicity,8
munich,8
highly,8
ornamented,8
local,8
variety,8
economic,8
choices,8
regional,8
others,8
feasting,8
pattern,8
present,8
less,8
see,8
manufactured,8
philipp,8
like,8
forms,8
examine,8
fonctionnement,8
historical,8
making,8
incised,8
question,8
traditional,8
critical,7
ma,7
individually,7
frühe,7
creation,7
archäologie,7
together,7
political,7
eastern,7
activity,7
phase,7
served,7
even,7
k,7
means,7
organization,7
just,7
could,7
called,7
sword,7
wide,7
jahr,7
aspects,7
directly,7
konrad,7
magdalenenberg,7
using,7
identified,7
praehistorische,7
decorative,7
als,7
germans,7
v,7
available,7
einer,7
bear,7
individuality,7
processes,7
fibula,7
latter,7
craft,7
frühen,7
sometimes,7
then,7
over,7
places,7
person,7
became,7
named,7
manufacture,7
defined,7
distinctions,7
centers,7
focus,7
römischen,7
major,7
entities,6
names,6
imported,6
represent,6
formed,6
likely,6
modern,6
musée,6
way,6
hence,6
tumulus,6
rhineland,6
half,6
within,6
point,6
cemeteries,6
relatively,6
cases,6
journal,6
ausgrabungen,6
van,6
landscape,6
after,6
provides,6
locally,6
based,6
gauls,6
her,6
symbols,6
expressions,6
romans,6
employed,6
construct,6
germanischen,6
manching,6
purpose,6
indicates,6
urund,6
york,6
fifth,6
archäologisches,6
bemerkungen,6
provide,6
name,6
motifs,6
shows,6
kaiserzeit,6
considerable,6
degree,6
polona,6
assemblages,6
upon,6
largely,6
questions,6
significance,6
clear,6
express,6
frontières,6
earlier,6
thomas,6
relation,6
inhumation,6
increasing,6
groupings,6
referred,6
anthropological,6
contained,6
must,6
type,6
art,6
argues,6
difference,6
national,6
define,6
create,6
little,6
roles,6
stylistic,5
adoption,5
american,5
investigators,5
anthropology,5
variants,5
analyses,5
existence,5
marked,5
etrusker,5
fine,5
dynamic,5
representing,5
another,5
germany,5
concerning,5
keltischen,5
traditions,5
understood,5
phases,5
may,5
identification,5
rather,5
levels,5
whether,5
produced,5
commonly,5
frühgeschichte,5
beyond,5
armies,5
signification,5
view,5
came,5
societies,5
akademie,5
cups,5
focused,5
buried,5
imports,5
related,5
whole,5
archaeologists,5
rituals,5
surrounding,5
creating,5
results,5
am,5
south,5
arrangement,5
limited,5
lène,5
jewelry,5
still,5
interpretation,5
permission,5
den,5
restricted,5
ancient,5
au,5
areas,5
worn,5
decorations,5
producing,5
range,5
dress,5
so,5
exchange,5
state,5
systems,5
völker,5
strongly,5
understand,5
recognize,5
dans,5
les,5
homogeneity,5
alps,5
set,5
specialized,5
wealthy,5
current,5
linked,5
ornate,5
belthooks,5
emphasis,5
level,5
given,5
introduced,5
exceptionally,5
ein,5
varied,5
come,5
zum,5
constructed,5
area,5
adopted,5
periods,4
sameness,4
considerably,4
berlin,4
germanenprobleme,4
continent,4
mit,4
conquest,4
lower,4
long,4
keltischer,4
enables,4
craftworkers,4
humans,4
link,4
hallstattzeit,4
plain,4
account,4
ornamentation,4
formerly,4
taking,4
überlegungen,4
steiner,4
human,4
application,4
reproduced,4
siècle,4
z,4
exercise,4
wares,4
arranged,4
für,4
biological,4
site,4
yet,4
en,4
support,4
distinct,4
mechanisms,4
numbers,4
generally,4
western,4
decades,4
greater,4
avant,4
problem,4
chronologie,4
whom,4
zeit,4
traditionally,4
combinations,4
out,4
standardized,4
aubstadt,4
recently,4
archaeologia,4
beltz,4
work,4
megaw,4
brought,4
example,4
issues,4
reflect,4
eine,4
sense,4
kultur,4
order,4
mittelgebirgsraum,4
close,4
distinguished,4
beiträge,4
weapons,4
visible,4
up,4
gustav,4
units,4
situation,4
reallexikon,4
single,4
specimens,4
included,4
heutiger,4
patterning,4
noted,4
maintained,4
useful,4
movements,4
flat,4
informationen,4
variation,4
distributions,4
germanic,4
developing,4
woman,4
deposits,4
concern,4
landscapes,4
dominated,4
spread,4
general,4
standard,4
men,4
alpine,4
plate,4
relative,4
widely,4
europäischer,4
richest,4
continued,4
archäologischen,4
sides,4
kelheim,4
unusual,4
geschweifte,4
growing,4
perforated,4
perhaps,4
equipment,4
differentiated,4
know,4
readily,4
zeugnisse,4
bayerische,4
finds,4
celtiques,4
combined,4
ones,4
map,4
while,4
substantial,4
materials,4
variability,4
representation,4
devoted,4
differentiation,4
course,4
smaller,4
glass,4
integration,4
sicht,4
shift,4
moved,4
belthook,4
vessel,4
grab,4
develop,4
abandoned,4
strong,4
customers,3
characterized,3
along,3
she,3
österreichische,3
bei,3
becoming,3
center,3
sets,3
conscious,3
frage,3
necessarily,3
history,3
centuiy,3
beispiel,3
being,3
cast,3
problems,3
preceding,3
donau,3
might,3
gesellschaft,3
tiefenau,3
fewer,3
switzerland,3
possibilities,3
archaeologically,3
tradition,3
display,3
origin,3
normative,3
ethnographic,3
wall,3
emphasized,3
eisenzeit,3
ad,3
anthropologists,3
av,3
quantities,3
genetic,3
above,3
individualized,3
recreated,3
keramik,3
regarding,3
quality,3
hierarchy,3
relations,3
ergebnisse,3
völling,3
religious,3
old,3
evident,3
profound,3
etruscan,3
further,3
fourth,3
find,3
westliche,3
communication,3
details,3
recognized,3
without,3
etudes,3
cremation,3
johannes,3
importance,3
derived,3
direct,3
wagons,3
established,3
argued,3
too,3
four,3
recovered,3
powerful,3
surface,3
indications,3
kostrzewski,3
providing,3
individualizing,3
appear,3
closely,3
effort,3
changed,3
international,3
relate,3
circulation,3
left,3
applied,3
near,3
silver,3
distinctiveness,3
sozialen,3
literature,3
nine,3
calls,3
great,3
size,3
beltplates,3
call,3
gräber,3
couple,3
good,3
mähren,3
wearer,3
le,3
contrast,3
wider,3
presence,3
always,3
paid,3
newly,3
tacitus,3
will,3
contact,3
populations,3
short,3
indeed,3
expansion,3
appearance,3
rheinisches,3
studien,3
ring,3
boundary,3
participants,3
einige,3
vorund,3
funerary,3
majority,3
technique,3
christ,3
ask,3
addition,3
efforts,3
elbe,3
main,3
treatment,3
coinage,3
striking,3
appeared,3
wine,3
choice,3
discussed,3
outside,3
drinking,3
rapid,3
empire,3
michael,3
campaigns,3
coherent,3
monographien,3
ideas,3
harvard,3
deutschen,3
auf,3
described,3
trade,3
three,3
transformation,3
kronwinkl,3
times,3
distinction,3
antiquity,3
crafted,3
abundant,3
least,3
especially,3
weimarer,3
parallel,3
constructing,3
become,3
italy,3
préhistoire,3
today,3
usually,3
lines,3
frey,3
face,3
regularly,3
wheeled,3
considered,3
school,3
meant,3
mainly,3
several,3
changing,3
ve,3
extensive,3
korrespondenzblatt,3
satisfactory,3
physical,3
offers,3
here,3
paper,3
historians,3
best,3
outfitting,3
living,3
following,3
einem,3
proceedings,3
design,3
thames,3
multiple,3
sapropelite,3
jüngeren,3
subject,3
besiedlung,3
adapted,3
manufacturing,3
describes,3
coins,3
writing,3
aspect,3
shown,3
until,3
examples,3
tumuli,3
fibel,3
similarity,3
bronzezeit,3
numerous,3
include,3
hallstattzeitliche,3
involving,3
piece,3
enclosures,3
remains,3
tribes,3
sharing,3
beziehungen,3
should,3
previously,3
doing,3
villingen,3
gräberfeld,3
richly,3
bedeutung,2
mostly,2
céramique,2
edge,2
horizontal,2
böhmen,2
meaning,2
garment,2
war,2
uplands,2
trans,2
now,2
vage,2
distributed,2
needed,2
agency,2
tend,2
solidarity,2
mcknight,2
altdorf,2
mittleren,2
position,2
recreation,2
holding,2
seventh,2
moravia,2
rome,2
notre,2
warns,2
implications,2
attempts,2
address,2
anywhere,2
definition,2
principles,2
secondary,2
broadly,2
accompanied,2
thank,2
fürsten,2
studied,2
ältesten,2
take,2
almgren,2
floral,2
investigations,2
somewhat,2
sheet,2
dd,2
bohemia,2
designs,2
depends,2
ill,2
key,2
anthropologischen,2
bones,2
u,2
totenbrauchtum,2
deal,2
characterize,2
kulturverhältnisse,2
adopting,2
commonality,2
combination,2
say,2
reflecting,2
pairs,2
selecting,2
quantity,2
apply,2
interact,2
lorentzen,2
während,2
romanization,2
pit,2
relationships,2
contemporaneous,2
intensifying,2
sociale,2
regarded,2
rottenburg,2
viewing,2
interrelationships,2
occurs,2
excavations,2
participating,2
jahrbuch,2
vollgriffschwerter,2
extensively,2
turn,2
unity,2
clay,2
nor,2
self,2
ceramics,2
vom,2
back,2
santa,2
body,2
homelands,2
compared,2
third,2
thuringian,2
deceased,2
apparently,2
workshops,2
infinite,2
walls,2
tribal,2
pendant,2
essential,2
german,2
portrayed,2
ostund,2
quellen,2
basic,2
arm,2
proportion,2
à,2
represents,2
ère,2
commentaries,2
accounts,2
grabfeldgau,2
river,2
specialization,2
geschichte,2
presumably,2
clearly,2
elsewhere,2
daggers,2
situations,2
internal,2
perceive,2
result,2
concentration,2
typical,2
flachgräber,2
westkreis,2
interpretations,2
alt,2
term,2
though,2
rectangular,2
adopt,2
displayed,2
reviews,2
residential,2
pins,2
cannot,2
however,2
absolute,2
instrumental,2
required,2
si,2
distinguishes,2
shape,2
fibeln,2
distinguish,2
keltoi,2
celtique,2
received,2
mitteleuropa,2
tempel,2
concept,2
significantly,2
ot,2
siècles,2
department,2
contain,2
q,2
exclusively,2
beads,2
lausitzer,2
consistent,2
zigzag,2
interpreted,2
universally,2
manipulation,2
foci,2
uniqueness,2
probleme,2
römerzeitliche,2
stylized,2
interregional,2
adult,2
below,2
indicators,2
depositing,2
politically,2
strukturen,2
sharp,2
textual,2
belt,2
stare,2
characteristics,2
observe,2
portions,2
tended,2
dem,2
provided,2
kontinuität,2
ethnologische,2
valuable,2
nations,2
vorgeschichtsblätter,2
portion,2
peinte,2
contingent,2
latènezeit,2
mitteilungen,2
comparative,2
play,2
tried,2
return,2
marne,2
bowl,2
allen,2
turbulent,2
outer,2
movement,2
decisions,2
structural,2
vie,2
relationship,2
turmoil,2
opportunities,2
interrelationship,2
borrowed,2
under,2
ne,2
unwin,2
homogeneous,2
light,2
aux,2
al,2
ornamental,2
already,2
challenges,2
unusually,2
increasingly,2
picture,2
chose,2
rings,2
structures,2
toward,2
again,2
similarly,2
water,2
fact,2
longer,2
idea,2
graphite,2
minnesota,2
documented,2
essence,2
port,2
enable,2
kreis,2
schnittpunkt,2
frühgermanische,2
spätlatenezeit,2
anthropologist,2
ages,2
took,2
consciously,2
gaule,2
model,2
purposes,2
accepted,2
jahrbücher,2
forth,2
demokratischen,2
bearers,2
assemblage,2
reflected,2
free,2
blechgürtel,2
remained,2
violent,2
romanisierung,2
thousands,2
herstellung,2
recognizing,2
classes,2
reveals,2
meaningful,2
extended,2
theirs,2
una,2
explanation,2
illyrer,2
fibules,2
increase,2
judge,2
top,2
emphasize,2
factor,2
assume,2
engaged,2
besonderer,2
continue,2
ceremonies,2
open,2
dl,2
neckrings,2
stress,2
communicated,2
points,2
faces,2
interpret,2
divisions,2
variant,2
müller,2
wealthiest,2
expressing,2
nidau,2
trying,2
ann,2
acquire,2
effect,2
hessen,2
implication,2
greece,2
workshop,2
frührömischen,2
bevölkerungsstruktur,2
gürtelbleche,2
concluded,2
separate,2
carried,2
consists,2
triangles,2
vorrömischen,2
note,2
five,2
foreign,2
next,2
potteiy,2
hallstattund,2
pieces,2
male,2
exceptional,2
seen,2
interacting,2
began,2
category,2
similarities,2
life,2
why,2
romanisation,2
existed,2
dead,2
respect,2
forest,2
acquired,2
seine,2
abandonment,2
handcrafted,2
ethnological,2
mentioned,2
simply,2
constituted,2
symbolic,2
discrete,2
latènezeitlicher,2
text,2
connection,2
argue,2
regard,2
unter,2
garlands,2
associations,2
reproduce,2
investigation,2
circles,2
nearby,2
theory,2
extent,2
fully,2
bayerisches,2
niederzier,2
landesamt,2
divide,2
migrations,2
explored,2
yield,2
property,2
bonner,2
encounters,2
hundreds,2
upper,2
topographical,2
researchers,2
potters,2
intention,2
späten,2
circumstances,2
politics,2
gräberfeldes,2
despite,2
easy,2
transition,2
investigated,2
families,2
phenomenon,2
think,2
additional,2
models,2
wearers,2
locations,2
beverage,2
observed,2
deutschland,2
hradisko,2
typically,2
integrated,2
consumption,2
effects,2
iene,2
increased,2
showed,2
inhabiting,2
wien,2
potential,2
rest,2
fellows,2
spàtlatènezeit,2
sherds,2
pauli,2
debate,2
views,2
deposition,2
ethnographie,2
comparable,2
meeting,2
southeastern,2
indicating,2
römer,2
cited,2
plainof,1
countryside,1
difficult,1
kelheimer,1
amulets,1
siedlung,1
römische,1
bangle,1
currently,1
vor,1
settled,1
frequent,1
münzwesen,1
angriffen,1
imagining,1
distribuée,1
adriatic,1
threat,1
fortified,1
dagger,1
generous,1
revue,1
vienna,1
writingthe,1
designated,1
wendelringe,1
functional,1
peaceful,1
uetliberg,1
resulted,1
ethnograph,1
oxíord,1
lkr,1
rijn,1
resisting,1
dissolution,1
measures,1
okkupation,1
wheelmade,1
ornés,1
itself,1
succinct,1
ois,1
enclosing,1
introduction,1
rungeschichte,1
sphere,1
linguistic,1
beinschmuck,1
church,1
ostseegebiet,1
mittelund,1
saalburg,1
replaced,1
touched,1
ive,1
vuz,1
breakup,1
elaborated,1
bolards,1
weiskirchen,1
ethnogenesis,1
nauheimer,1
stone,1
sheffield,1
referring,1
lebende,1
asserted,1
ditional,1
uniquely,1
specialist,1
hachmann,1
denmark,1
strictly,1
di,1
expenditure,1
drawings,1
favor,1
ethnischer,1
méditerranée,1
einheimische,1
germansin,1
ti,1
former,1
eibgermanischen,1
totenkult,1
elaborationthe,1
geometric,1
streufunde,1
committee,1
classify,1
driven,1
chamnenoise,1
tübingen,1
kr,1
occurred,1
diskontinuität,1
regensburg,1
communicating,1
exceptions,1
finely,1
ulla,1
trauvaux,1
erelater,1
source,1
geplanten,1
chief,1
descriptions,1
exemplification,1
qualification,1
academiae,1
limestone,1
northward,1
establish,1
various,1
experience,1
elitebut,1
cautious,1
said,1
incomplete,1
minted,1
expanding,1
eibgermanen,1
esquisse,1
arguing,1
upland,1
formsinhumation,1
permit,1
moteurs,1
familiarity,1
wrong,1
linguistically,1
li,1
patternsthe,1
certainly,1
agentsis,1
btnnosbegnn,1
hungaricae,1
paled,1
ii,1
repertoire,1
vorrömische,1
military,1
culturally,1
attempt,1
encouraged,1
assertionsthat,1
actual,1
caldron,1
è,1
england,1
sinn,1
seems,1
transmission,1
nachbestattungsgemeinschaft,1
parties,1
containing,1
unlike,1
declined,1
chemische,1
regionale,1
flowers,1
fitzpatrick,1
wooden,1
fer,1
tode,1
grands,1
typological,1
throes,1
uermama,1
hoards,1
opposing,1
spätkeltischen,1
vootromeinse,1
lili,1
mandibles,1
closer,1
cosmopolitan,1
generalizations,1
croom,1
procedure,1
court,1
tracht,1
products,1
inningen,1
help,1
norditalien,1
skelettreste,1
persistence,1
dobesch,1
cheshire,1
neder,1
europecommon,1
ardennes,1
sacred,1
raised,1
principal,1
íí,1
suebi,1
alike,1
discipline,1
behind,1
études,1
neckring,1
frauengrab,1
rethinking,1
warthe,1
contents,1
prehistoryand,1
theoretical,1
departures,1
employs,1
partners,1
importfunde,1
est,1
takes,1
uttenhofen,1
linear,1
reassessed,1
blacksmiths,1
task,1
résistances,1
draws,1
thrown,1
propensity,1
amplified,1
jc,1
caesars,1
representations,1
waffen,1
copenhagen,1
felt,1
ç,1
miniature,1
anwesenheit,1
capable,1
possible,1
lifetime,1
compelling,1
randkultur,1
attest,1
anmerkungen,1
reaction,1
functions,1
bibliography,1
hausberund,1
ordre,1
advantageous,1
structurally,1
cadre,1
whatever,1
objectswhat,1
variations,1
except,1
x,1
poorer,1
po,1
establishment,1
frühgermanischer,1
unconquered,1
household,1
radical,1
brabantse,1
nachleben,1
himself,1
bestattungswesen,1
österreich,1
räter,1
collection,1
leben,1
sign,1
behavior,1
empires,1
diversity,1
framework,1
usage,1
exist,1
labor,1
implements,1
vaiselle,1
empel,1
conflict,1
ends,1
reiterkriegergräber,1
lorraine,1
andrew,1
ethnische,1
berichte,1
voreeschichtsforschunv,1
review,1
biologischen,1
nn,1
dynamics,1
inner,1
bevolkerungswechsel,1
voktovaien,1
drouzkovice,1
illustrates,1
elementsincised,1
römern,1
against,1
eirene,1
agent,1
sozialgeschichte,1
millennium,1
danube,1
interest,1
verziertes,1
popularly,1
grabfunde,1
ability,1
mixed,1
acta,1
abschluss,1
consumer,1
bronzezeitliche,1
mezzound,1
ins,1
concentric,1
römischem,1
siedlungsstruktur,1
topic,1
comprised,1
asymmetrical,1
imitierten,1
affairs,1
cupsplayed,1
palaeolithic,1
big,1
chez,1
jahrtausends,1
ausgehenden,1
concentrations,1
immigrants,1
reluctance,1
stored,1
feasible,1
depend,1
refer,1
positive,1
amount,1
sanctuaires,1
gast,1
serving,1
concert,1
inclusion,1
writersespecially,1
jürgen,1
champenoise,1
donaubogen,1
kinship,1
cohen,1
vormen,1
alzey,1
gournay,1
helpful,1
overarching,1
siedlungen,1
signifiers,1
zusammenhang,1
frauen,1
drawn,1
archaeologist,1
grouped,1
hodder,1
pászthory,1
look,1
gegen,1
constructs,1
strengthening,1
unteren,1
fibelformen,1
saarland,1
oder,1
niedergermanien,1
spannungsfeld,1
metalwork,1
westlichen,1
landkreis,1
geisenfeldalmendorf,1
summer,1
poorly,1
let,1
battles,1
cuite,1
einfluss,1
higher,1
employ,1
nonzonal,1
live,1
ehrenbürg,1
behave,1
korrespondenblatt,1
competition,1
süddeutschland,1
philadelphia,1
wavy,1
significationeveryone,1
whose,1
ancienne,1
reflects,1
stellung,1
westungarn,1
tiniiusse,1
roymans,1
statements,1
links,1
gutenberg,1
principally,1
ili,1
superficial,1
centered,1
ferguson,1
leitform,1
illustration,1
adapt,1
frühkeltische,1
sizable,1
borrowing,1
recentlyis,1
hie,1
coastal,1
tb,1
subsistence,1
poses,1
environments,1
läge,1
signaled,1
nahe,1
goes,1
kramer,1
examined,1
typen,1
dp,1
determining,1
significancethroughout,1
vermittlung,1
luxembourg,1
flexible,1
chambers,1
viewed,1
entre,1
europa,1
ongoing,1
lochgurtelhaken,1
generating,1
references,1
sanctuary,1
rank,1
nos,1
domy,1
resettlement,1
rediscovered,1
offering,1
lay,1
archaeobgia,1
list,1
arbor,1
gemeinschaften,1
animals,1
scattered,1
factors,1
chronologischen,1
supposed,1
characterizes,1
gathering,1
priorities,1
firing,1
zeitwende,1
lives,1
vorgeschichte,1
developments,1
finer,1
funeral,1
problématique,1
hallstattkultur,1
chronologiques,1
wanted,1
bodenfunde,1
greeks,1
leurope,1
imposing,1
früheisenzeit,1
leg,1
intensive,1
organized,1
emergence,1
dated,1
technology,1
revus,1
producers,1
impact,1
astral,1
record,1
université,1
neck,1
ingrid,1
house,1
corpses,1
characterizations,1
profile,1
ville,1
mémoire,1
deponierungen,1
bcthe,1
eching,1
hesse,1
origins,1
ail,1
requested,1
olivier,1
defines,1
undertaken,1
frau,1
comprising,1
plates,1
hoard,1
intentional,1
tsne,1
instance,1
sociai,1
plenum,1
answers,1
gebiet,1
baits,1
restriction,1
explain,1
wearing,1
dominant,1
care,1
helped,1
providers,1
vehicles,1
hilt,1
marriage,1
drawing,1
differently,1
oblique,1
methodology,1
wails,1
unsinn,1
thinks,1
ei,1
opening,1
entwicklung,1
uses,1
identifying,1
arrival,1
allow,1
bearing,1
germanische,1
kriterien,1
romansto,1
années,1
hochdorf,1
mitteleurodüs,1
acknowledgments,1
mercenaries,1
praehistonsche,1
search,1
color,1
access,1
echter,1
amsterdam,1
accoutrement,1
krämer,1
resembles,1
lived,1
users,1
creates,1
recensburc,1
nekropole,1
contexte,1
dislocation,1
luxury,1
multiples,1
defensive,1
correlates,1
österreichischen,1
südbavern,1
representative,1
collectively,1
academic,1
healer,1
sépultres,1
criticizing,1
topics,1
orientalischer,1
townlike,1
neighboring,1
memory,1
martial,1
informed,1
expressly,1
spiegel,1
varieties,1
something,1
gegenseitiger,1
tägliches,1
metalworking,1
informs,1
province,1
sammelfunde,1
tools,1
gutenburg,1
française,1
reinforce,1
culturelles,1
europeboth,1
kindsthat,1
weinviertel,1
otherwise,1
vivid,1
productively,1
gallic,1
scientiarum,1
bcwas,1
weisser,1
ford,1
oppidalarge,1
procedures,1
produce,1
gebhard,1
microregional,1
designations,1
networks,1
method,1
periodization,1
zg,1
scene,1
latèneschwert,1
spätlateneund,1
influenced,1
signficance,1
criteria,1
briefly,1
germanyhave,1
presented,1
none,1
fruhlatènezeit,1
spheres,1
fcrzgebirges,1
line,1
data,1
makers,1
ihe,1
finale,1
dog,1
scope,1
obscure,1
start,1
urnenfelderzeü,1
jacobsthal,1
rheinische,1
imagined,1
future,1
différenciation,1
occupants,1
su,1
user,1
lenerz,1
latènezeitlichen,1
nebringen,1
symbolism,1
themin,1
actors,1
decorate,1
internationalen,1
revealed,1
spätlatenezeitliche,1
minority,1
pleisse,1
intentionally,1
repeating,1
urnenfelderkultur,1
continuation,1
gave,1
describe,1
fit,1
consistently,1
database,1
discussions,1
repaired,1
collective,1
lene,1
curvilinear,1
relevance,1
densely,1
participated,1
haar,1
neue,1
frühlatenezeitlichen,1
spornfund,1
mercenary,1
erkenntnisse,1
antike,1
gravesnot,1
prehistoryboth,1
forces,1
elaborationrepresent,1
dijon,1
psychologist,1
anything,1
il,1
hortund,1
preparation,1
hügelgräberfeldes,1
conform,1
my,1
challenging,1
connections,1
trends,1
attributed,1
graduate,1
healing,1
armbandproduktie,1
lhe,1
situational,1
würzburg,1
complexification,1
mitterfeld,1
metallgefässe,1
caution,1
westund,1
romaines,1
breaking,1
corresponds,1
commissioning,1
magician,1
theoretically,1
things,1
wiadomosci,1
zlaté,1
rarer,1
herkunft,1
bauform,1
modest,1
discourse,1
standpoint,1
owned,1
quite,1
banquets,1
typ,1
night,1
iteveri,1
bank,1
involved,1
modélisation,1
jts,1
imbues,1
biologischer,1
germanenexkurs,1
recognition,1
ignore,1
mains,1
vuur,1
few,1
migration,1
choose,1
traditio,1
pits,1
routine,1
unrelated,1
braceletsall,1
fonction,1
jastorfzeitlichen,1
acts,1
unterfränkische,1
spices,1
convey,1
bernd,1
essentially,1
ancestors,1
methodological,1
bonderbestattungen,1
zonal,1
trinksitten,1
fashions,1
annual,1
changesfrom,1
st,1
posed,1
arbeit,1
braunkohlenrevier,1
vix,1
subgroups,1
notes,1
value,1
stöckli,1
werke,1
pot,1
beverages,1
ginoux,1
urnenfelderzeit,1
wohlhabenden,1
intermarriage,1
handwerk,1
promising,1
incentive,1
worldhave,1
cx,1
subsequently,1
erik,1
cite,1
confirm,1
archeologia,1
dietzenbach,1
pertaining,1
originally,1
poland,1
keltenkriegern,1
anwendung,1
begriffsbildung,1
strokes,1
exterior,1
biocultural,1
graveswere,1
outsider,1
inhabitants,1
armund,1
viereckschanze,1
concentrically,1
myriad,1
goldenem,1
visually,1
polished,1
lesser,1
britain,1
celt,1
located,1
contrasted,1
rythme,1
urnenfelderzeithchen,1
öencht,1
corporation,1
romanized,1
brief,1
indication,1
anddepending,1
female,1
niedergang,1
kraghede,1
gift,1
assure,1
intensively,1
cinnghelli,1
böhmens,1
projecting,1
elster,1
willem,1
reconstruction,1
frühgeschichtlichen,1
handles,1
noroiicn,1
rites,1
germanisches,1
mainfranken,1
nederrijnse,1
inhabited,1
entdeckungsgeschichte,1
tène,1
direction,1
archeologiczne,1
disappears,1
selection,1
frühlatenezeit,1
measure,1
lisa,1
applications,1
once,1
contributing,1
chr,1
disposed,1
ancêtres,1
designate,1
relied,1
specializace,1
elaboration,1
museum,1
od,1
arrangements,1
sociologists,1
makes,1
rules,1
requiring,1
outsidersgreeks,1
schätze,1
thought,1
exactly,1
zentralmuseums,1
discerned,1
mobile,1
perceived,1
lavishly,1
antiauitv,1
grabhügel,1
complete,1
niederösterreichs,1
lnbal,1
fourreaux,1
sharply,1
dialectical,1
ansätze,1
lindele,1
rieckhoff,1
mitteldonauländische,1
früheisenzeitliche,1
belonging,1
kulturanthropologische,1
insights,1
bracelet,1
chossenot,1
reports,1
precaesarian,1
alten,1
transalpines,1
bar,1
architectural,1
arranging,1
sueben,1
skeletons,1
double,1
fill,1
showing,1
sb,1
lavish,1
deconstruct,1
street,1
comprehend,1
museums,1
science,1
kulturen,1
croatia,1
verzierung,1
heritage,1
belges,1
challenge,1
comparison,1
power,1
menschliche,1
herefocusing,1
mark,1
approaching,1
towns,1
jes,1
nach,1
uermania,1
experienced,1
residence,1
imbue,1
uermanen,1
lund,1
communal,1
votive,1
simpler,1
consideration,1
preserve,1
fundamental,1
head,1
occurrence,1
approximately,1
relates,1
importation,1
plan,1
buch,1
generations,1
refined,1
rätien,1
attempting,1
break,1
diverse,1
surfaces,1
forging,1
endlatèneund,1
mince,1
substantially,1
doubt,1
identitybut,1
predominant,1
eingewanderter,1
man,1
communicates,1
uit,1
bmw,1
simple,1
chiefdom,1
maker,1
jako,1
jahrtausend,1
never,1
cup,1
hand,1
monographs,1
everyday,1
paris,1
covered,1
jastorfkultur,1
innovative,1
secular,1
systematic,1
ating,1
belowpersonal,1
relevant,1
karl,1
urnfields,1
norwegian,1
answer,1
strategies,1
transitund,1
dislocations,1
cultúrele,1
focusing,1
precipitously,1
fieldwork,1
children,1
widespread,1
essai,1
encountered,1
remarkably,1
regionally,1
identifiable,1
ecology,1
casting,1
trier,1
remove,1
entity,1
interpreting,1
identitywhether,1
published,1
grouping,1
writersmigrated,1
breakdown,1
analyzed,1
ine,1
urnfield,1
keltenfirst,1
investment,1
vast,1
institute,1
decoratioo,1
survive,1
donauraum,1
treated,1
easier,1
farther,1
innovation,1
augustus,1
ic,1
helps,1
displayfor,1
quelques,1
rediscovery,1
rosenheim,1
grossromstedter,1
recreating,1
mortuary,1
samples,1
herself,1
medium,1
skeletal,1
minds,1
vyrobní,1
earring,1
outward,1
tfène,1
combining,1
motoren,1
characteristically,1
complement,1
goldschatz,1
scheibengedrehter,1
vermittlungszone,1
rivers,1
refers,1
archéologique,1
grossromstedt,1
sequence,1
complements,1
numbered,1
conflicted,1
evrope,1
rare,1
variables,1
grip,1
protohistorique,1
trachtschmuck,1
munity,1
previous,1
sozialer,1
ob,1
cimbri,1
dismissed,1
shortly,1
advantages,1
synthetic,1
aufstieg,1
accoutrements,1
europethe,1
almanach,1
netherlands,1
specimen,1
arguably,1
wheel,1
compositions,1
discovered,1
akademisk,1
werk,1
eveiy,1
funktion,1
iltì,1
bibliographies,1
authors,1
comprehensive,1
language,1
feature,1
stilphase,1
bonn,1
essay,1
peter,1
langobarden,1
amounts,1
co,1
kalimünz,1
deals,1
counter,1
beobachtungen,1
rozhledy,1
historische,1
gallicum,1
gruvter,1
niederelbe,1
bronzeund,1
identityidentity,1
function,1
gates,1
kimbern,1
high,1
mask,1
südlich,1
static,1
jejich,1
mountain,1
betekenis,1
devise,1
filled,1
practiced,1
configurations,1
accurate,1
households,1
renewal,1
gliederung,1
joined,1
black,1
keltské,1
reuse,1
class,1
vorgeschichtsblatter,1
bulge,1
intercommunity,1
migrants,1
readers,1
whitehead,1
random,1
commentators,1
groupe,1
eyes,1
lack,1
jewelryis,1
generic,1
germanenbegriff,1
gewässerfunde,1
successors,1
schweizerische,1
sexed,1
assessing,1
fil,1
dingolshausen,1
biel,1
anderson,1
sozialstruktur,1
ib,1
etruria,1
hi,1
james,1
mittelbuchen,1
enemies,1
learn,1
archetypes,1
ethnographically,1
sanctuaries,1
working,1
horse,1
parameters,1
ascribe,1
südbayern,1
oscillations,1
figures,1
conveyed,1
funktionalen,1
älteste,1
embodied,1
productive,1
sociopolitical,1
propose,1
bewertung,1
practicing,1
bibliographic,1
division,1
interactionsof,1
tbne,1
shallow,1
späthattstattund,1
rheinischen,1
baldingen,1
aer,1
populace,1
sonderbestattungen,1
depth,1
asking,1
yields,1
prestigegüter,1
undifferentiated,1
soziale,1
relying,1
states,1
iberica,1
siedlungsstrukturveränderungen,1
approachesequating,1
spiral,1
aid,1
me,1
commentator,1
looted,1
belonged,1
publishing,1
education,1
regensburger,1
cupsthe,1
aspekten,1
regular,1
mixture,1
allemagne,1
rise,1
segments,1
assert,1
conquered,1
recreate,1
plays,1
naturally,1
practical,1
maps,1
tm,1
morphologies,1
hill,1
begin,1
select,1
deaths,1
wiener,1
foregoing,1
noncentralized,1
tendrils,1
institutions,1
rj,1
reason,1
concluding,1
transformed,1
deposit,1
responses,1
gebied,1
succeeding,1
bears,1
returned,1
société,1
basel,1
traunstein,1
sequences,1
ch,1
alpen,1
fît,1
cognitive,1
burialsto,1
grubenhütte,1
evolution,1
adolescents,1
es,1
traveling,1
underscores,1
frontier,1
ing,1
supporting,1
fields,1
goldscheibenanhänger,1
civilization,1
discourses,1
emerging,1
imperialism,1
marbod,1
herrenhöfe,1
interpretive,1
premier,1
bastions,1
kulturelemente,1
earliest,1
schwert,1
treverische,1
fundkomplex,1
differencedifferences,1
austria,1
detail,1
terre,1
circumscribed,1
fibelspiralen,1
anthropomorphic,1
identitieson,1
monuments,1
deposited,1
thinking,1
deutung,1
tralater,1
groupis,1
struktur,1
ahead,1
uxîord,1
tarty,1
haüstattzeitlichen,1
verwandschaftsanalyse,1
broke,1
parzingers,1
moyenne,1
elaborate,1
het,1
trotha,1
version,1
rruneste,1
incorporated,1
skeleton,1
monasteries,1
glazen,1
aes,1
ever,1
economically,1
schwebheim,1
niederbayern,1
theme,1
textes,1
misha,1
drehscheibenkeramik,1
grossromstedtzeitlichen,1
rhein,1
shapes,1
southward,1
membership,1
amber,1
späthallstättische,1
neuen,1
welt,1
alternative,1
szabó,1
saeculum,1
bright,1
ranisione,1
mis,1
outcome,1
dimension,1
branches,1
familiar,1
sechsten,1
strainers,1
stadt,1
oberhessen,1
drei,1
archeologické,1
tneendennx,1
cultures,1
tomb,1
europeans,1
share,1
archaeoloaa,1
attribute,1
familities,1
assumed,1
archaeologica,1
brandopferstätten,1
celebratory,1
heuneburg,1
leaders,1
down,1
restrictive,1
continentamong,1
basins,1
practicefrequently,1
domestic,1
zemí,1
thüringische,1
foundation,1
iii,1
ideological,1
sanctuaire,1
handmade,1
comlater,1
matthew,1
rheinmündung,1
semantics,1
constant,1
generalized,1
examining,1
differed,1
burying,1
mass,1
blätter,1
options,1
bands,1
phd,1
sie,1
cautions,1
lì,1
boundaries,1
according,1
südlichen,1
kunsthandwerks,1
champagne,1
teutones,1
heads,1
economy,1
personit,1
transmitted,1
cremations,1
implicit,1
pommel,1
adults,1
nauheim,1
rising,1
males,1
funden,1
add,1
bernhard,1
conclusion,1
passed,1
òtudies,1
ceased,1
nachbarn,1
travel,1
ersten,1
griechischen,1
goffart,1
consisting,1
éditions,1
zbigniew,1
vehicle,1
truhen,1
exhumed,1
baltic,1
oo,1
larchéologie,1
minimal,1
erikson,1
evolutiont,1
sixth,1
untersuchung,1
schwarzenbach,1
belgic,1
mickey,1
urban,1
queries,1
legrings,1
universe,1
includingin,1
vorchristlichen,1
timpe,1
ribemont,1
massed,1
bewegungen,1
interring,1
son,1
attentive,1
barbaricum,1
produkt,1
oog,1
stammesgeschichte,1
beck,1
neumünster,1
reim,1
jahrhunderts,1
perspektive,1
humanistische,1
kongelige,1
prevalent,1
press,1
regulate,1
giving,1
interregionally,1
pertain,1
intended,1
progressing,1
entstehung,1
ldkr,1
hochrhein,1
contribute,1
kingdom,1
writerswere,1
arguments,1
alternating,1
ceskych,1
intelligible,1
workmanshipwas,1
mention,1
désordre,1
archäologischer,1
scabbard,1
pourquoi,1
susanne,1
goals,1
trinkhorn,1
nico,1
reaching,1
umwälzungen,1
pair,1
kuhn,1
gündlingen,1
spezifik,1
formation,1
understandings,1
verwandtschaftsanalyse,1
youth,1
universitätsverlac,1
ignored,1
julius,1
disposal,1
genders,1
decrease,1
ihrer,1
eicher,1
opens,1
chemical,1
grant,1
accept,1
urabenelder,1
aware,1
crisis,1
amalgamations,1
metalsmiths,1
contributed,1
slavs,1
representativesthe,1
blage,1
although,1
objectsboth,1
land,1
massenfund,1
landesmuseum,1
socially,1
inform,1
bernard,1
amersfoort,1
sur,1
unified,1
product,1
baarburg,1
writer,1
identifiers,1
arrivals,1
attributes,1
romanisierungsforschung,1
klio,1
derive,1
forming,1
peripheries,1
barly,1
enclosure,1
association,1
speak,1
classification,1
familie,1
magical,1
enclosed,1
wealth,1
needs,1
gudme,1
specify,1
modeling,1
besides,1
requires,1
makroebene,1
bellum,1
resources,1
det,1
schmiedegräber,1
km,1
painted,1
keiuscne,1
rekonstruktion,1
charged,1
consisted,1
antiken,1
herstellungsorte,1
deemphasis,1
nordiske,1
bilderwelt,1
element,1
valley,1
mix,1
northwestern,1
zizgag,1
immediately,1
bovine,1
passes,1
zones,1
dos,1
barter,1
virtue,1
broader,1
nannten,1
continuously,1
berücksichtum,1
marburger,1
heterogeneous,1
grants,1
ende,1
