WORDCOUNTS,WEIGHT
the,1066
of,1015
and,899
in,765
a,418
to,335
ethnic,251
ethnicity,192
pp,176
that,142
is,138
j,128
on,127
as,120
r,119
groups,118
m,109
group,107
for,104
social,100
university,96
or,96
archaeological,95
not,89
an,83
may,82
are,78
identity,77
from,76
it,75
this,74
american,73
these,73
new,73
be,73
by,71
cultural,70
have,70
state,68
g,66
boundaries,63
no,61
c,58
s,57
l,56
with,56
culture,53
states,53
e,52
their,52
such,51
archaeology,50
political,47
at,46
studies,45
w,45
p,42
societies,41
complex,40
et,40
h,39
other,39
ancient,39
more,39
material,39
anthropological,39
early,39
we,38
d,38
between,38
i,37
use,36
k,36
been,36
study,35
within,34
some,34
one,33
than,33
de,32
its,32
has,32
but,32
members,32
there,31
b,31
term,31
anthropology,31
language,30
were,30
t,29
would,29
cambridge,29
journal,28
was,28
which,28
differences,27
different,27
common,26
can,25
identities,25
approaches,23
also,23
distribution,23
n,22
most,22
annual,22
f,22
york,21
research,21
ceramic,21
evidence,21
they,20
case,20
near,20
many,20
mesopotamia,20
often,20
association,20
among,20
past,19
world,19
history,18
review,18
millennium,18
ceramics,18
people,18
society,18
do,18
la,18
formation,18
area,18
those,17
van,17
problem,17
northern,17
terms,17
interaction,17
names,16
archaeologists,16
used,16
likely,16
unwin,16
maya,16
so,16
analysis,16
must,16
domestic,16
them,16
form,16
theory,16
suggests,16
practices,15
iowa,15
mesopotamian,15
third,15
late,15
academic,15
und,15
only,15
style,15
control,15
recent,15
does,14
identify,14
importance,14
based,14
approach,14
production,14
southern,14
regional,14
understanding,14
current,14
while,14
stylistic,13
modern,13
being,13
definition,13
eroberung,13
kinship,13
rather,13
similar,13
important,13
identifying,13
suggest,13
others,13
areas,13
v,13
tribal,13
pottery,13
physical,13
what,13
particular,13
politics,13
although,13
north,13
classic,12
east,12
development,12
perspective,12
boundary,12
had,12
could,12
work,12
change,12
south,12
he,12
single,12
about,12
all,12
distributions,12
meaningful,12
any,12
spatial,12
presented,12
chicago,12
should,12
evolution,11
inca,11
marked,11
relations,11
identification,11
languages,11
suggested,11
zapotee,11
well,11
basis,11
part,11
when,11
enclaves,11
anthropologist,11
empire,11
number,11
another,11
sense,11
antiquity,11
membership,11
paper,11
distinctive,11
des,11
middle,11
through,11
if,10
essays,10
into,10
hamrin,10
might,10
styles,10
california,10
possible,10
international,10
human,10
central,10
given,10
soviet,10
notion,10
process,10
scale,10
because,10
larger,10
elite,10
processes,10
meanings,10
mexico,10
structure,10
polychrome,10
over,10
each,10
themselves,10
difference,10
potential,10
painted,10
texts,10
way,9
greater,9
before,9
contexts,9
first,9
relatively,9
oxford,9
y,9
organization,9
prehistoric,9
traits,9
burial,9
method,9
description,9
characteristics,9
architecture,9
mark,9
two,9
less,9
native,9
maintenance,9
features,9
relationship,9
practice,9
plain,9
der,9
historical,9
whether,9
zagros,9
both,9
african,9
frontiers,9
tribes,9
complementarity,9
western,8
lower,8
how,8
symbols,8
strategy,8
further,8
recently,8
produced,8
record,8
london,8
status,8
regions,8
several,8
using,8
units,8
southeast,8
yet,8
bar,8
variation,8
strategies,8
exchange,8
problems,8
africa,8
class,8
types,8
then,8
simply,8
expanding,8
did,8
clearly,8
according,8
maintain,8
categories,8
our,8
define,8
defined,8
valley,8
difficult,7
linguistic,7
ethnogenesis,7
ethnoarchaeological,7
diversity,7
creation,7
attempt,7
meaning,7
highland,7
racial,7
eastern,7
usage,7
exist,7
thus,7
dynamics,7
century,7
even,7
spite,7
consider,7
origins,7
view,7
dc,7
aspects,7
distinctiveness,7
bc,7
related,7
highly,7
prestate,7
methodological,7
appropriate,7
will,7
variety,7
economic,7
den,7
mixtee,7
man,7
sumerian,7
honor,7
where,7
perhaps,7
local,7
examples,7
including,7
questions,7
uruk,7
individual,7
systems,7
perspectives,7
itself,7
defining,7
akkadian,7
particularly,7
associations,7
colonial,7
differentiation,7
include,7
divergent,7
much,7
limits,6
later,6
speakers,6
large,6
ways,6
uses,6
attempts,6
culturally,6
seems,6
asia,6
found,6
context,6
anthropologists,6
washington,6
along,6
cf,6
unity,6
cases,6
like,6
ns,6
burials,6
civilizations,6
established,6
situations,6
beyond,6
public,6
mesoamerican,6
focused,6
population,6
having,6
concept,6
during,6
surrounding,6
emberling,6
situational,6
construct,6
settlement,6
involved,6
multiple,6
visible,6
san,6
situation,6
comparative,6
cloud,6
competition,6
makes,6
under,6
useful,6
power,6
match,6
contemporary,6
patterns,6
models,6
mortuary,6
significant,6
individuals,6
three,6
oriental,6
points,6
general,6
monographs,6
differ,6
provide,6
earliest,6
prehistory,6
ethnological,6
very,6
proceedings,6
periphery,6
urban,6
press,6
contribute,6
smaller,6
remains,6
meeting,6
race,6
represent,5
introduction,5
mesoamerica,5
second,5
source,5
nature,5
reasons,5
origin,5
system,5
design,5
o,5
west,5
household,5
since,5
hierarchy,5
cameroon,5
tend,5
period,5
without,5
growth,5
understand,5
plural,5
foothills,5
age,5
im,5
ann,5
diyala,5
distinguish,5
artifacts,5
literature,5
teotihuacan,5
aztec,5
artifact,5
own,5
my,5
manipulation,5
small,5
alluvial,5
avoid,5
make,5
movement,5
biological,5
fundamental,5
time,5
simple,5
forms,5
necessary,5
polities,5
discussion,5
region,5
asian,5
arizona,5
become,5
anatolia,5
european,5
usually,5
outsiders,5
rencontre,5
detailed,5
markers,5
empires,5
changes,5
united,5
tribe,5
considered,5
rarely,5
les,5
specialized,5
seem,5
nuer,5
extent,5
art,5
kin,5
phenomenon,5
maintained,5
spring,5
unified,5
comparison,5
views,5
focus,5
southeastern,5
enclave,5
struggle,4
sumerians,4
mountains,4
expect,4
kinds,4
formed,4
position,4
migration,4
oaxacan,4
words,4
nationalism,4
ancestry,4
redundantly,4
dd,4
papers,4
similarities,4
nomadic,4
depends,4
theoretical,4
existence,4
ethnos,4
feinman,4
point,4
analyzing,4
interest,4
excavations,4
kind,4
lineage,4
chichén,4
hodder,4
essential,4
english,4
across,4
developed,4
explicit,4
assyriologique,4
à,4
stein,4
means,4
category,4
settled,4
differs,4
frequently,4
fiannery,4
peru,4
defines,4
organisation,4
notions,4
convincing,4
salient,4
dynastic,4
honduras,4
closely,4
pastoral,4
ascription,4
economics,4
occupation,4
war,4
however,4
dumbarton,4
claim,4
whole,4
field,4
andes,4
quite,4
coast,4
geographical,4
nations,4
absence,4
various,4
limited,4
above,4
kalinga,4
lowland,4
same,4
motifs,4
incorporation,4
emberiing,4
exploring,4
rulers,4
range,4
postclassic,4
harvard,4
previous,4
trade,4
clear,4
akkad,4
times,4
earlier,4
least,4
comparing,4
construction,4
arbor,4
widely,4
separate,4
assyrian,4
ecological,4
ideology,4
support,4
primarily,4
who,4
hierarchical,4
series,4
conditions,4
substrate,4
bronze,4
smithsonian,4
school,4
know,4
principle,4
cultures,4
assumed,4
politische,4
barth,4
agricultural,4
information,4
preserved,4
little,4
city,4
locations,4
similarity,4
national,4
structuring,4
instead,4
land,4
sur,4
classification,4
intergroup,4
specific,4
showed,4
death,4
now,3
ninevite,3
multilingual,3
berlin,3
céramique,3
necessarily,3
leads,3
experience,3
consistent,3
long,3
ethnologist,3
address,3
au,3
europe,3
belong,3
great,3
display,3
emphasized,3
migrated,3
ambiguous,3
el,3
basketry,3
america,3
draw,3
custom,3
account,3
suppress,3
ethnogenetic,3
interdisciplinary,3
throughout,3
sumer,3
relationships,3
merchants,3
difficulties,3
representations,3
pursue,3
santa,3
forced,3
refer,3
response,3
columbia,3
egypt,3
communication,3
traditions,3
understood,3
site,3
steps,3
ethnie,3
his,3
basic,3
en,3
unit,3
itzá,3
mean,3
represented,3
after,3
redundancy,3
consequences,3
objects,3
occupational,3
descent,3
latin,3
unimportant,3
show,3
resource,3
powerful,3
generally,3
calgary,3
coincide,3
opposition,3
appearance,3
shared,3
possibility,3
propos,3
neighboring,3
criteria,3
chinese,3
outside,3
jewish,3
memory,3
none,3
future,3
example,3
british,3
barnes,3
indigenous,3
describe,3
rise,3
polity,3
good,3
lockwood,3
pluralism,3
dictionary,3
sharp,3
invention,3
family,3
choose,3
representation,3
presence,3
essentially,3
bulletin,3
correspondence,3
newly,3
critical,3
nation,3
noble,3
toward,3
expansion,3
community,3
religious,3
indus,3
us,3
differentiate,3
assimilation,3
alten,3
relatedness,3
matacapan,3
smith,3
efforts,3
shows,3
longer,3
marker,3
scholars,3
discussed,3
distinct,3
enough,3
present,3
model,3
project,3
mesopotamien,3
fundamentally,3
made,3
ethnology,3
santley,3
empirical,3
emphasize,3
refers,3
mousterian,3
assume,3
ties,3
significance,3
andrews,3
emphasizing,3
architectural,3
helpful,3
sociological,3
kramer,3
nationality,3
methods,3
james,3
relative,3
nagata,3
suggestion,3
discussing,3
science,3
begin,3
order,3
le,3
began,3
recognize,3
ad,3
dans,3
existed,3
see,3
orientalia,3
differentiated,3
associated,3
comes,3
implicit,3
homogeneity,3
economically,3
here,3
quickly,3
berkeley,3
natural,3
correspond,3
best,3
contextual,3
manchester,3
recherche,3
type,3
unlikely,3
explanations,3
making,3
references,3
robles,3
éditions,3
institute,3
pursued,3
divide,3
migrations,3
phenomena,3
vessels,3
extended,3
resistance,3
definitions,3
think,3
strong,3
come,3
named,3
question,3
shown,3
symbolic,3
resist,3
paradigm,3
explanation,3
constructed,3
integration,3
charles,3
create,3
entire,3
surveys,3
rigidity,3
perception,3
fir,2
dominant,2
margins,2
brumfiel,2
welsch,2
doubts,2
convergence,2
anatolian,2
rev,2
perilous,2
utility,2
forcing,2
settlements,2
summarizing,2
mobility,2
subjectively,2
spears,2
true,2
park,2
former,2
fixed,2
encourage,2
semites,2
pots,2
vorderasiatischen,2
königtum,2
du,2
character,2
kulturelle,2
either,2
distinguishing,2
exploration,2
aldenderfer,2
precondition,2
prestigious,2
dramatically,2
principles,2
separation,2
archaeologically,2
route,2
tradition,2
daily,2
stanish,2
confusion,2
analyses,2
studied,2
disappearance,2
thanks,2
religion,2
take,2
interprétations,2
faunal,2
feature,2
persistence,2
last,2
lees,2
written,2
bis,2
china,2
estuquiña,2
reading,2
advances,2
designs,2
corresponded,2
projectile,2
autonomous,2
heterarchy,2
agriculture,2
half,2
prehispanic,2
measures,2
foreigners,2
zooarchaeology,2
apart,2
formative,2
far,2
dynamic,2
genetic,2
negotiation,2
himself,2
ritual,2
economies,2
zone,2
bibliotheca,2
behavior,2
factional,2
conflict,2
centralized,2
includes,2
accessible,2
affiliation,2
southwestern,2
guinea,2
facts,2
objective,2
realized,2
characteristic,2
adams,2
conducted,2
pig,2
topic,2
z,2
elements,2
old,2
vom,2
encompass,2
fig,2
body,2
races,2
honour,2
sargonic,2
find,2
geological,2
look,2
influence,2
toltec,2
civilization,2
americans,2
whose,2
german,2
plotted,2
basil,2
act,2
distinction,2
huánuco,2
highlands,2
wren,2
persistent,2
flexible,2
coconut,2
reason,2
etymological,2
marks,2
river,2
proved,2
placed,2
northeastern,2
ecuador,2
terminology,2
puts,2
archeological,2
injustice,2
decades,2
bureaucracy,2
irrigation,2
whereas,2
expressed,2
tiwanaku,2
lead,2
location,2
begun,2
called,2
kalahari,2
treatments,2
persist,2
initial,2
philosophical,2
accurately,2
akademie,2
sula,2
zwischen,2
michigan,2
annales,2
viewed,2
residential,2
moore,2
cannot,2
otherwise,2
approached,2
networks,2
wide,2
directly,2
data,2
formerly,2
bounded,2
reserve,2
fit,2
intermediate,2
constitute,2
relevance,2
away,2
showing,2
interpreted,2
excavated,2
nasr,2
regardless,2
politically,2
textual,2
around,2
encompasses,2
greek,2
leaves,2
few,2
nomads,2
choosing,2
villages,2
bounding,2
tended,2
always,2
up,2
results,2
roots,2
subgroups,2
plausible,2
value,2
preliminary,2
chronological,2
meaningfully,2
uncommon,2
therefore,2
led,2
reduced,2
implications,2
contact,2
scientific,2
populations,2
mitteilungen,2
berghe,2
exception,2
still,2
domination,2
initially,2
copan,2
nubia,2
guide,2
communities,2
interpretation,2
museum,2
od,2
archiv,2
continuity,2
chronology,2
neither,2
northwest,2
included,2
purity,2
issues,2
iranian,2
indian,2
patterning,2
increasingly,2
lack,2
lewis,2
locating,2
varies,2
towards,2
fact,2
main,2
limit,2
reunification,2
relates,2
together,2
really,2
end,2
civilisations,2
conclusions,2
likelihood,2
centre,2
ur,2
existing,2
establish,2
norwegian,2
focusing,2
minneapolis,2
distance,2
gives,2
argument,2
valleys,2
interpreting,2
original,2
becomes,2
classes,2
upon,2
locate,2
wechselbeziehungen,2
previously,2
depended,2
vorderasien,2
ethnography,2
entirely,2
food,2
largely,2
band,2
survey,2
roman,2
examination,2
zum,2
taboos,2
pennsylvania,2
jacobsen,2
open,2
historic,2
essay,2
peter,2
mandara,2
tarascan,2
ecology,2
leventhal,2
peer,2
provides,2
jahrtausend,2
interregional,2
agriculturalists,2
graves,2
internal,2
interpretations,2
castellanos,2
ethnohistory,2
idiom,2
greece,2
institution,2
propose,2
attention,2
motif,2
increasing,2
lineages,2
groupings,2
emulation,2
abundance,2
independent,2
movements,2
sometimes,2
foreign,2
france,2
vertical,2
widespread,2
institutions,2
trait,2
referred,2
attempted,2
asa,2
palestinian,2
tahsin,2
société,2
visual,2
dietrich,2
seibal,2
perceptions,2
hope,2
table,2
centuries,2
mounds,2
suggestions,2
paléorient,2
complexity,2
ethnoarchaeology,2
athens,2
geographic,2
constituted,2
known,2
implied,2
binford,2
set,2
seine,2
shares,2
connection,2
floodplain,2
ubiquitous,2
sudan,2
differed,2
living,2
bands,2
phd,2
following,2
beginning,2
william,2
economy,2
investigation,2
center,2
selected,2
independently,2
sociology,2
imposed,2
nachbarn,2
inscriptions,2
actors,2
too,2
emphasis,2
size,2
careful,2
altered,2
complexes,2
die,2
subject,2
step,2
territory,2
archéologiques,2
writing,2
gain,2
terminal,2
kimes,2
until,2
turkey,2
disappear,2
illinois,2
materials,2
stratification,2
socially,2
heartland,2
you,2
effects,2
susa,2
extremely,2
enclosed,2
needs,2
inhumations,2
clarify,2
vary,2
debate,2
nonhierarchical,2
develop,2
traditional,2
iraq,2
philippines,2
zones,2
gold,2
building,2
ca,2
occur,2
acting,1
proposed,1
carved,1
yelvington,1
comparisons,1
inka,1
jamb,1
basing,1
mésopotamie,1
khamseh,1
discourage,1
obligations,1
terrain,1
frequent,1
kepecs,1
arbitrarily,1
edge,1
polish,1
horizontal,1
forschungen,1
afd,1
concerned,1
medieval,1
gao,1
indicated,1
develops,1
dalupa,1
revue,1
preclassic,1
correlations,1
functional,1
kajinga,1
go,1
ethnicities,1
everyone,1
affected,1
environmental,1
expedition,1
revolutionary,1
presses,1
northeast,1
implies,1
extends,1
nilotic,1
constitution,1
manuscript,1
distributed,1
systemic,1
germany,1
unsuccessful,1
articulating,1
becoming,1
reflection,1
boca,1
aegyptiaca,1
interior,1
susiana,1
fate,1
judicious,1
diverge,1
designed,1
cours,1
word,1
referring,1
live,1
miriam,1
schools,1
dialectics,1
sets,1
mexican,1
straightening,1
universiteit,1
easily,1
specified,1
empower,1
vopposition,1
michiean,1
tempe,1
njs,1
trace,1
personennamen,1
atlanta,1
onomastic,1
cdl,1
committee,1
afghanistan,1
recreation,1
explanatory,1
virtually,1
presents,1
predicting,1
discretely,1
inequality,1
guyana,1
analecta,1
samburu,1
hungarians,1
riod,1
lightfoot,1
newbury,1
eye,1
territorial,1
steppe,1
leventhai,1
shifters,1
article,1
neuerer,1
puebio,1
member,1
attribute,1
naroirs,1
kohl,1
kaminaljuyw,1
cumanians,1
sources,1
eickhoff,1
antiquités,1
universitv,1
posed,1
hurrians,1
piotr,1
derives,1
exclusive,1
entailed,1
give,1
military,1
motivations,1
letterkunde,1
rapid,1
metal,1
grouped,1
wary,1
counterexample,1
assist,1
vacillate,1
kachin,1
tüche,1
hoc,1
england,1
gellner,1
orno,1
bloomington,1
revival,1
gary,1
sumerer,1
zeitschrift,1
graveyard,1
incorporating,1
scrolt,1
possibilities,1
menlo,1
wooden,1
textiles,1
leading,1
secondary,1
professions,1
carter,1
borders,1
amendment,1
bichrome,1
timing,1
potentially,1
rich,1
producing,1
ecológicos,1
arises,1
able,1
remainshas,1
service,1
composition,1
collared,1
labeled,1
bazar,1
products,1
inferring,1
date,1
economía,1
manipulating,1
norway,1
chiefdoms,1
keith,1
henry,1
regression,1
tarih,1
sociopolitical,1
investigations,1
decreased,1
discrete,1
pertains,1
welsh,1
behind,1
deh,1
idenethnicity,1
livelihood,1
seminar,1
citizenship,1
actionwhatever,1
issue,1
meetine,1
takes,1
occasional,1
plains,1
fils,1
dilmun,1
selva,1
roberts,1
recorded,1
calabashes,1
key,1
formulation,1
israelite,1
bones,1
arabian,1
mass,1
firm,1
saying,1
right,1
nazi,1
foreignness,1
groupingreinforces,1
reanalysis,1
zur,1
alluvium,1
copenhagen,1
symbiosis,1
replacement,1
buren,1
determined,1
tòraja,1
warner,1
cooperation,1
fl,1
fiji,1
establishing,1
frühdynastischer,1
solely,1
functions,1
alter,1
bibliography,1
procheorient,1
move,1
leon,1
mental,1
variations,1
say,1
idols,1
x,1
tablets,1
ignores,1
implantation,1
fur,1
queensland,1
due,1
apply,1
reconstruction,1
undoubtedly,1
interact,1
minimum,1
identifies,1
conkey,1
fragment,1
strengthens,1
warfare,1
inventory,1
corresponding,1
genealogies,1
succeed,1
labor,1
regarding,1
neusumerische,1
archäologie,1
oaxaca,1
usedan,1
royal,1
palais,1
typological,1
collapse,1
areasto,1
totalitarian,1
cemeteries,1
towa,1
nash,1
orientforschung,1
moerman,1
connect,1
sacred,1
ticular,1
component,1
amurrites,1
immediate,1
delineations,1
kurumu,1
aha,1
wellknown,1
patient,1
identityas,1
illustrates,1
luran,1
against,1
discussionbettina,1
recasting,1
author,1
madera,1
circulation,1
neighbors,1
forgotten,1
untersuchungen,1
kalela,1
shimashki,1
viewing,1
anational,1
heterogeneity,1
attested,1
walter,1
application,1
tucson,1
jr,1
overt,1
constellation,1
ds,1
variabilitythe,1
universitaires,1
emigration,1
expected,1
comprised,1
spans,1
exercise,1
palaeolithic,1
progressive,1
northem,1
ratsversammlung,1
sanders,1
drainage,1
decisions,1
maintaining,1
ct,1
urbanization,1
forensic,1
manifestly,1
interim,1
bestattuìigssitten,1
david,1
voix,1
monte,1
depend,1
orbis,1
uniformly,1
excisedfrom,1
back,1
subjects,1
torata,1
malibu,1
jews,1
attainments,1
wares,1
myth,1
ilgira,1
continuous,1
genetics,1
misleading,1
publications,1
semantic,1
overarching,1
identifications,1
gil,1
grammatical,1
nigeria,1
hoes,1
memoir,1
lnigo,1
stimulating,1
critique,1
falcon,1
assyriologie,1
demonstration,1
precapitalist,1
deeply,1
hausa,1
though,1
southall,1
amonte,1
teotihuacanos,1
forschungsprobleme,1
stanley,1
interassemblage,1
assvrioloeique,1
react,1
festschrift,1
mechanism,1
acholi,1
motifsthose,1
lesser,1
affiliations,1
mechanisms,1
deportees,1
oriens,1
opposed,1
poor,1
transhumance,1
mouton,1
mesolithic,1
interesting,1
acculturation,1
sample,1
nonracial,1
philadelphia,1
avoids,1
manipulated,1
recognized,1
adequate,1
town,1
reflects,1
veiy,1
hopes,1
transformations,1
observers,1
bring,1
encompassed,1
philologie,1
district,1
remain,1
isomorphic,1
learning,1
panorama,1
premodern,1
organizing,1
alwaysspeak,1
levels,1
centralization,1
sumerischen,1
konflikt,1
altar,1
craniofacial,1
olmec,1
completely,1
tumilaca,1
vs,1
kaminaljuyú,1
winona,1
heard,1
proportion,1
legal,1
connected,1
loses,1
turn,1
certain,1
nadolski,1
pisos,1
direct,1
akkadians,1
marcus,1
ix,1
disintegration,1
dialogue,1
pages,1
special,1
book,1
possess,1
scales,1
ère,1
resettlement,1
read,1
limitation,1
lumbee,1
von,1
logical,1
paleolithic,1
space,1
bulahay,1
boas,1
supposed,1
jargon,1
divided,1
guides,1
headbands,1
suffice,1
comment,1
involvement,1
ouvertes,1
unité,1
conformed,1
mans,1
developments,1
romantic,1
unlike,1
operates,1
jl,1
locally,1
flexibility,1
statistical,1
révolution,1
physically,1
familiar,1
retained,1
beaded,1
india,1
itinerant,1
falloff,1
palaeoethnicity,1
ashmore,1
aktuelle,1
dated,1
abuses,1
linked,1
specify,1
sum,1
elsewhere,1
producers,1
consciousness,1
tribalism,1
spirit,1
impact,1
objectivity,1
prospectives,1
aly,1
quoted,1
house,1
exploratory,1
weak,1
ignorance,1
listed,1
upper,1
indefinitely,1
eretz,1
accurate,1
jars,1
operate,1
superior,1
delta,1
max,1
pithos,1
lithic,1
albuquerque,1
severed,1
mosquito,1
isolation,1
hurrites,1
ornament,1
freiburg,1
stark,1
anderer,1
requires,1
tribalization,1
instance,1
cycles,1
plenum,1
solve,1
absolute,1
shifted,1
destructive,1
founding,1
care,1
helped,1
bb,1
antecedents,1
providing,1
appear,1
myths,1
sumen,1
gathered,1
kenya,1
assessments,1
reflections,1
matching,1
urartian,1
descriptive,1
ranges,1
diachronic,1
raw,1
moving,1
advance,1
tèrminal,1
antiquaries,1
pöts,1
rf,1
antiauus,1
babyionicum,1
arrival,1
gesellschaft,1
lozi,1
leach,1
kegan,1
histories,1
inherent,1
entered,1
outlining,1
search,1
determines,1
arabs,1
inappropriate,1
sumatra,1
amsterdam,1
separable,1
ambiguity,1
behavioral,1
kate,1
out,1
users,1
stereotype,1
bitterness,1
chosen,1
events,1
relate,1
überlegungen,1
carolina,1
alban,1
noting,1
ago,1
euphrat,1
emerge,1
brace,1
begräbnissstätten,1
struggles,1
employee,1
evaluate,1
totemism,1
extracting,1
muslim,1
creating,1
fourth,1
hvman,1
equally,1
transactions,1
choices,1
wiesbaden,1
transcaucasia,1
reviews,1
studying,1
rejected,1
nekropole,1
connotations,1
portant,1
osmore,1
moesia,1
analogous,1
monograph,1
akkadica,1
mouvements,1
emulating,1
universidad,1
pork,1
dependency,1
fox,1
designations,1
lile,1
negotiated,1
arabictheir,1
oftorata,1
oh,1
symbolically,1
governing,1
wants,1
briefly,1
outstanding,1
onomastics,1
syria,1
specifically,1
emberliog,1
colonies,1
sumérienne,1
flannery,1
network,1
spheres,1
urbanités,1
assyriaa,1
schortman,1
closed,1
idées,1
beigabe,1
chang,1
bernbeck,1
statehood,1
reinhard,1
comprises,1
imagined,1
prominent,1
significantly,1
brought,1
ethnical,1
fared,1
suspicion,1
higherand,1
drew,1
purpose,1
discusses,1
wissenschaftsgeschich,1
civil,1
knowledge,1
partitioned,1
symbolism,1
commonalities,1
department,1
nonmaterial,1
positions,1
sociedades,1
ten,1
woodland,1
nuba,1
intentionally,1
childe,1
paris,1
designate,1
sorrow,1
discussions,1
place,1
ghana,1
inferences,1
archeology,1
collective,1
inspire,1
expansionist,1
magne,1
contextualizing,1
oaks,1
structures,1
ontario,1
reconsidering,1
nach,1
danes,1
preliminarv,1
rituals,1
kuranko,1
sculptural,1
border,1
reflect,1
polidcal,1
floors,1
appreciated,1
employed,1
signalling,1
differentially,1
preparation,1
anthropolom,1
enhances,1
universally,1
memoirs,1
walrriors,1
trends,1
markedly,1
hidden,1
amazonia,1
presumption,1
cults,1
citing,1
hungary,1
cuisineperhaps,1
multiplicity,1
halaf,1
sparsely,1
transcaucasian,1
solution,1
legacy,1
infallible,1
commerce,1
arise,1
correct,1
successful,1
supraregional,1
describing,1
level,1
fuzzy,1
questionable,1
conquers,1
anomaly,1
mita,1
reliable,1
speculations,1
prevalence,1
etymologies,1
moquegua,1
peruvian,1
complicate,1
contrast,1
mediterranean,1
emphasizes,1
primeval,1
arbitrary,1
inextricably,1
émigré,1
earfy,1
specificity,1
consensus,1
concerns,1
munich,1
revealing,1
components,1
biologically,1
weberian,1
assimilate,1
necessitythese,1
hebrew,1
iron,1
potterywhich,1
microstylistic,1
distinguished,1
ancestors,1
subgroup,1
differing,1
zonal,1
onentalia,1
progress,1
evanspritchard,1
origini,1
dependent,1
basse,1
antiauity,1
equation,1
proper,1
structured,1
diminished,1
racwl,1
cheating,1
tribus,1
fcconomic,1
valuable,1
massive,1
activities,1
behalf,1
concomitant,1
seemed,1
facies,1
peethnicity,1
ethnicityand,1
subsequently,1
settlers,1
cite,1
relationshipswhether,1
activation,1
voi,1
naming,1
kindness,1
nissen,1
questioned,1
edith,1
archaeobgical,1
postprocessual,1
approximate,1
georg,1
ramifications,1
opposites,1
cuban,1
minor,1
observations,1
ttie,1
plateau,1
mesa,1
taken,1
survive,1
identified,1
action,1
sokhta,1
garifuna,1
failed,1
short,1
entangled,1
indeed,1
thoughts,1
synthesis,1
waddars,1
yucatan,1
tempted,1
abhandlungen,1
successes,1
corporation,1
eighth,1
inclusive,1
brief,1
framing,1
mediating,1
prevailing,1
object,1
rois,1
grayware,1
approaching,1
precolonial,1
mère,1
symmetry,1
interactions,1
comments,1
potassium,1
modes,1
bässen,1
contra,1
iran,1
inhabited,1
thereby,1
selection,1
positive,1
structural,1
pastoralists,1
verde,1
para,1
label,1
confronting,1
spoken,1
fastoralism,1
sourdoughs,1
depicted,1
advent,1
lendenzschriften,1
reference,1
lloyd,1
rules,1
thought,1
tablet,1
acknowledgments,1
exactly,1
mobile,1
fifth,1
tèotihuacan,1
historia,1
turk,1
termination,1
expediency,1
puzzle,1
alternating,1
participants,1
homogeneous,1
distinguishable,1
publishing,1
standortsbestimmung,1
hermilio,1
promotes,1
deportation,1
somewhat,1
cahiers,1
dialectical,1
ed,1
outlined,1
anthrooolosical,1
switch,1
graded,1
reply,1
largest,1
belonging,1
visitors,1
emotional,1
yangshao,1
subsistence,1
groupsmay,1
functioned,1
processimi,1
karatut,1
considers,1
harper,1
eridu,1
chose,1
subjective,1
tall,1
routes,1
plaining,1
simulation,1
mound,1
inhabitants,1
name,1
hautes,1
french,1
unreliable,1
kinbased,1
decoration,1
links,1
height,1
usesone,1
again,1
renewed,1
pointed,1
knowing,1
similarly,1
put,1
zweistromland,1
decorative,1
visita,1
millénaires,1
literaturwerke,1
usefulness,1
husbandry,1
joyce,1
communal,1
provincia,1
idea,1
consideration,1
treatment,1
tribales,1
head,1
stateincluding,1
inner,1
departments,1
pastoralism,1
predominant,1
conference,1
beliefs,1
documents,1
exclusion,1
attempting,1
marxian,1
washineton,1
als,1
contradict,1
oneself,1
practical,1
classical,1
decreases,1
antonio,1
john,1
debated,1
doubt,1
anthropoloast,1
administrations,1
resolved,1
münchener,1
reckoned,1
anthropobgical,1
outpost,1
minimize,1
pattern,1
dead,1
maasai,1
override,1
vt,1
fiiture,1
germanic,1
aooroaches,1
ought,1
never,1
ages,1
stuff,1
wild,1
employment,1
crosscut,1
nf,1
hydroxide,1
sociétés,1
taphonomy,1
zambia,1
mu,1
continuing,1
purposes,1
excavation,1
relevant,1
groupsthemselves,1
geoff,1
confrontation,1
addroaches,1
deportations,1
disparity,1
altorientalische,1
plugs,1
metropolitan,1
australian,1
frequency,1
conquer,1
routledge,1
ordinary,1
théories,1
assemblage,1
lipinskl,1
carinated,1
going,1
compete,1
remarkably,1
fthniritv,1
shibutani,1
regionally,1
enmity,1
degree,1
violent,1
presumerian,1
varia,1
commitmentpapers,1
calculation,1
imagine,1
demonstrated,1
polona,1
grouping,1
government,1
koninklijke,1
analyzed,1
private,1
ine,1
bantu,1
investigated,1
dissimilar,1
session,1
diversités,1
indiana,1
lost,1
considering,1
background,1
lands,1
comprise,1
sulu,1
rowlands,1
bear,1
values,1
helps,1
israel,1
desert,1
trajectory,1
arose,1
sixth,1
strongly,1
etnología,1
glazer,1
load,1
opportunity,1
neologisms,1
bayerischen,1
traded,1
stealing,1
dp,1
teotihuacán,1
assumption,1
uganda,1
macroregional,1
dress,1
causes,1
reconstructing,1
vocabulary,1
sequence,1
alternative,1
ideas,1
derniers,1
resulting,1
millennia,1
africaines,1
rare,1
variables,1
recovery,1
kingdom,1
maintains,1
supposition,1
specifies,1
iraqis,1
delay,1
interethnic,1
advantages,1
theories,1
literaiy,1
sharpness,1
netherlands,1
continuities,1
described,1
inversely,1
guyanese,1
documentos,1
tribespeople,1
low,1
templates,1
stelae,1
urbana,1
biblical,1
transformation,1
reality,1
étranger,1
stress,1
comprehensive,1
scandinavia,1
op,1
agreement,1
ottoman,1
brass,1
gesellschaftsklassen,1
yalunka,1
interpret,1
failures,1
held,1
citv,1
symposium,1
exethnicity,1
divisions,1
reviewers,1
origines,1
geographically,1
spread,1
function,1
statistically,1
togetherness,1
high,1
altmesopotamischen,1
curve,1
variance,1
synchronie,1
stages,1
administrative,1
practiced,1
abundant,1
latter,1
expansionism,1
scripturehave,1
gallery,1
oxbow,1
miami,1
determinants,1
levallois,1
migrants,1
demarcate,1
especially,1
facing,1
examined,1
nederlandse,1
promote,1
chapel,1
svstem,1
craft,1
relation,1
palo,1
institut,1
sacrificios,1
bureaucracies,1
topics,1
nobody,1
crc,1
constituting,1
lists,1
influences,1
seattle,1
concepts,1
internationalism,1
capitalism,1
babylonia,1
displacements,1
foxwell,1
southwest,1
canadian,1
adaptations,1
attracted,1
considérations,1
macmillan,1
occupied,1
herding,1
ethnohistoiy,1
diminish,1
balkans,1
professional,1
recurring,1
encompassing,1
behaviour,1
immigration,1
animals,1
isajiw,1
clans,1
division,1
applies,1
hunt,1
dietary,1
tula,1
máximo,1
gebietenxviii,1
things,1
unstable,1
arriving,1
undifferentiated,1
negotiations,1
signs,1
archipelago,1
islamic,1
carla,1
basinsas,1
nongoverning,1
lovers,1
today,1
delhi,1
humanities,1
groupsmatches,1
coterminous,1
she,1
continued,1
bureaucrats,1
kayabi,1
consent,1
amorrite,1
testing,1
maps,1
americanist,1
foster,1
hill,1
reasonable,1
fuller,1
inside,1
andean,1
ethnospecific,1
independence,1
monuments,1
dimensions,1
directions,1
un,1
trading,1
seen,1
castes,1
rethinking,1
yale,1
jar,1
semiotic,1
nj,1
contribution,1
unclear,1
remaining,1
clanship,1
indicate,1
covering,1
observation,1
remembrance,1
clinal,1
òymbolism,1
isaiiw,1
life,1
biblicus,1
leone,1
expectations,1
continually,1
westcentral,1
frontier,1
proportionally,1
lip,1
appearing,1
kingdoms,1
citizens,1
exists,1
emerging,1
aboriginal,1
andinas,1
canada,1
insight,1
presences,1
arts,1
comaroff,1
commenting,1
interpretive,1
yoruba,1
attachment,1
meant,1
stable,1
detail,1
kamp,1
quantitative,1
orientalis,1
nacional,1
dissertation,1
environment,1
stereotyped,1
personnes,1
thinking,1
propinquity,1
growing,1
inculcate,1
shaffer,1
sirak,1
archaeologia,1
incised,1
incorporated,1
peoples,1
spanish,1
extending,1
heathen,1
communitiesalso,1
demonstrate,1
scarcely,1
rigidly,1
oi,1
extension,1
potter,1
kanesh,1
slope,1
reciprocity,1
borrow,1
landscape,1
kraus,1
brookfield,1
kassiten,1
jemdet,1
organizational,1
klasse,1
òociety,1
bahrain,1
methodologically,1
integrative,1
why,1
replace,1
persisting,1
lappish,1
evokes,1
overestimate,1
mutually,1
colonization,1
proof,1
sure,1
cm,1
amontes,1
ancestor,1
multiculturalism,1
worth,1
share,1
setting,1
hopewell,1
mésopotamienne,1
av,1
straightforward,1
print,1
appendix,1
sargon,1
moynihan,1
clan,1
emergence,1
semiotics,1
basins,1
constructions,1
mons,1
anthropologischen,1
nubians,1
surprisingly,1
regard,1
hieroglyphic,1
loyalty,1
report,1
post,1
ortiz,1
foundation,1
ideological,1
exploiting,1
zambezi,1
solved,1
obviously,1
enemy,1
rely,1
nonartificial,1
akkadische,1
processiteli,1
ramped,1
cities,1
boundedness,1
bases,1
las,1
sierra,1
just,1
ethos,1
merely,1
better,1
pushing,1
person,1
nonnatural,1
für,1
animal,1
albright,1
intersystems,1
südlichen,1
subordinateto,1
fluidity,1
reactions,1
balikh,1
reconcile,1
sumerische,1
ones,1
orleans,1
supports,1
ny,1
metaphor,1
proven,1
juxtaposed,1
palestine,1
her,1
correlates,1
argued,1
prestige,1
bureaucratic,1
relativity,1
lukurmata,1
ahmad,1
oo,1
property,1
proposing,1
almost,1
u,1
mededelingen,1
tempting,1
pluto,1
lends,1
universe,1
angrenzenden,1
asians,1
parethnicity,1
chr,1
archaeoumcal,1
dinka,1
marking,1
boston,1
outline,1
sollors,1
northwestern,1
potters,1
nineveh,1
peace,1
respect,1
redundant,1
contemporaneity,1
introduced,1
iiie,1
marketing,1
lovaniensia,1
mevkii,1
balkanization,1
became,1
role,1
diachronie,1
ancestiy,1
variability,1
emberiîng,1
contradiction,1
egyptian,1
assumptions,1
rigid,1
ethnobioloev,1
bronzes,1
measure,1
regularities,1
acknowledges,1
reconstruct,1
lesson,1
arguments,1
images,1
intelligible,1
ranks,1
mention,1
celtic,1
diverged,1
barrio,1
aspect,1
recovered,1
ein,1
varied,1
turkish,1
contrasts,1
prepared,1
huntergatherers,1
pakistan,1
susceptible,1
usuallybut,1
undecorated,1
centennial,1
understandings,1
chile,1
habur,1
mayo,1
commercial,1
imjournal,1
invasion,1
argues,1
generate,1
cas,1
arrows,1
neutron,1
decrease,1
midthird,1
numerous,1
internally,1
vernacular,1
accept,1
crisis,1
vorderasiatische,1
offer,1
preceramic,1
applicable,1
millénaire,1
typically,1
disagree,1
consumption,1
unoccupied,1
meaningfulness,1
need,1
peninsular,1
specialists,1
green,1
files,1
product,1
differencesmakes,1
inflection,1
disruption,1
asked,1
yaral,1
variously,1
forming,1
roomsize,1
limitations,1
salience,1
sicht,1
objections,1
baghdader,1
permeable,1
typology,1
shift,1
speak,1
identitieshas,1
nomadism,1
indices,1
anonymous,1
ethnogenesisthat,1
tthnology,1
sodium,1
wien,1
preferentially,1
vessel,1
stools,1
news,1
aram,1
distinctions,1
avars,1
certainty,1
sudanese,1
kayenta,1
montaña,1
exhaustive,1
sojoumers,1
weber,1
rejection,1
justify,1
greenwich,1
pedro,1
correlate,1
baringo,1
amorites,1
informants,1
era,1
contrasting,1
experiential,1
sharing,1
norman,1
bentley,1
enclose,1
reconsideration,1
grab,1
controlis,1
technological,1
ends,1
ab,1
premature,1
études,1
doing,1
lue,1
adjectival,1
romney,1
termed,1
delayed,1
hans,1
preconceptions,1
major,1
increase,1
identitiesthey,1
