WORDCOUNTS,WEIGHT
and,1074
of,912
the,899
in,696
a,346
to,232
on,168
from,161
archaeological,158
plant,154
m,140
for,131
is,129
d,126
j,116
as,116
pp,113
g,110
that,102
journal,101
are,101
research,98
c,94
new,86
archaeology,85
evidence,75
r,73
science,72
university,69
american,68
s,68
p,67
this,67
with,65
analysis,64
early,64
maize,62
by,62
antiquity,61
et,60
agriculture,58
have,58
an,57
at,56
prehistoric,56
e,55
use,53
human,50
ancient,50
recent,50
plants,49
l,48
economic,48
be,48
k,47
world,47
these,46
some,44
remains,44
north,44
eastern,43
b,41
w,41
more,41
or,40
also,40
paleoethnobotany,39
has,38
phytolith,38
current,38
studies,36
papers,36
origins,36
botany,36
h,35
study,35
domestication,35
past,35
such,34
processing,34
identification,33
pollen,33
change,32
de,31
well,31
agricultural,31
production,30
their,30
f,30
archaeobotanical,30
not,30
it,29
america,29
been,29
t,28
sites,28
data,28
hastorf,28
food,28
n,27
most,27
crop,27
environmental,26
there,26
central,26
van,26
vol,24
important,24
evolution,24
we,24
foraging,23
i,23
samples,23
can,23
they,22
one,22
site,22
subsistence,22
but,22
masca,22
anthropology,22
no,21
international,21
diet,21
example,21
seeds,21
cultivation,21
models,21
v,20
phytoliths,20
ethnobiology,20
she,20
how,19
was,19
work,19
approach,19
culture,19
different,19
through,19
than,18
impact,18
based,18
near,18
using,18
reconstruction,18
ethnographic,18
material,18
specific,18
neolithic,17
political,17
contents,17
very,17
cultural,17
activities,17
south,17
will,17
questions,17
applications,17
role,17
wild,17
years,17
chemical,17
vegetation,16
cereal,16
botanical,16
old,16
charred,16
soil,16
results,16
southern,16
model,16
der,16
techniques,16
organic,15
identifying,15
all,15
flotation,15
analyses,15
found,15
taxa,15
only,15
many,15
region,15
northern,15
ecological,15
phd,15
between,15
now,14
common,14
weed,14
its,14
wood,14
were,14
paleoethnobotanical,14
information,14
consumption,14
into,13
crops,13
prehistory,13
field,13
seed,13
about,13
two,13
asian,13
what,13
institute,13
both,13
although,13
identify,12
nature,12
asia,12
other,12
europe,12
center,12
age,12
ot,12
interpretation,12
dna,12
department,12
maya,12
methods,12
domesticated,12
middle,12
range,12
western,11
history,11
being,11
within,11
archaeobotany,11
dates,11
mexico,11
view,11
her,11
late,11
systematic,11
society,11
us,11
al,11
less,11
southwest,11
environment,11
occurred,10
archaeologists,10
implications,10
occasional,10
westview,10
review,10
sample,10
applied,10
smithsonian,10
part,10
macrobotanical,10
unwin,10
areas,10
see,10
molecular,10
farming,10
institution,10
detailed,10
charring,10
conditions,10
valley,10
if,9
excavation,9
hillman,9
case,9
collection,9
thus,9
even,9
jones,9
direct,9
could,9
regions,9
texas,9
tropical,9
southeast,9
anthropologist,9
where,9
collected,9
interpretations,9
present,9
seen,9
associated,9
type,9
reconstruct,9
illinois,9
bronze,9
potential,9
major,9
difficult,8
chenopodium,8
origin,8
last,8
those,8
theoretical,8
u,8
genetic,8
development,8
due,8
application,8
sets,8
landscape,8
environments,8
les,8
commonly,8
subdiscipline,8
method,8
because,8
issues,8
settlement,8
florida,8
morphology,8
still,8
paleoethnobotanists,8
east,8
same,8
published,8
volume,8
cultivated,8
time,8
do,8
local,8
completed,8
after,8
la,8
species,8
dietary,8
perspectives,8
africa,8
provide,8
series,8
each,8
animal,8
our,8
examples,8
morphological,8
cucurbita,8
modelling,8
chicago,8
corn,8
trace,7
presents,7
problem,7
holocene,7
frequencies,7
southwestern,7
like,7
archaeologist,7
von,7
river,7
peru,7
exploitation,7
providing,7
macroremains,7
levant,7
andes,7
london,7
woodland,7
palynology,7
status,7
pearsall,7
climate,7
second,7
materials,7
picture,7
foods,7
phytosociology,7
assemblages,7
provides,7
moist,7
earliest,7
must,7
over,7
sampling,7
historical,7
economy,7
while,7
conference,7
presented,7
practices,7
variability,7
land,7
effects,7
association,7
tubers,7
previously,7
does,6
tropics,6
san,6
modern,6
before,6
lower,6
first,6
mississippi,6
state,6
investigations,6
pepo,6
discuss,6
soils,6
piperno,6
economies,6
includes,6
coastal,6
importance,6
parts,6
changes,6
statistical,6
resource,6
fuel,6
record,6
literature,6
during,6
reflect,6
ratios,6
up,6
extracted,6
und,6
he,6
onset,6
oxford,6
pacific,6
edited,6
reports,6
independent,6
useful,6
book,6
others,6
addition,6
husbandry,6
diverse,6
man,6
procurement,6
strategies,6
japan,6
perhaps,6
bulletin,6
discussion,6
including,6
gut,6
residues,6
exciting,6
which,6
dating,6
period,6
so,6
preservation,6
especially,6
article,6
increasing,6
begin,6
collections,6
began,6
types,6
continues,6
investigation,6
size,6
des,6
die,6
cambridge,6
include,6
increased,6
focus,6
much,6
should,6
horticultural,5
isotopie,5
oriented,5
created,5
mesoamerica,5
contexts,5
long,5
address,5
palynological,5
experiments,5
isozyme,5
studied,5
help,5
el,5
microbotanical,5
diversity,5
archäologie,5
relationships,5
excavations,5
individual,5
developments,5
grape,5
amount,5
subjects,5
applying,5
rather,5
his,5
process,5
earlier,5
starch,5
had,5
grains,5
section,5
show,5
archeological,5
isotopes,5
uses,5
further,5
cannot,5
wide,5
aspects,5
future,5
bc,5
opal,5
climatic,5
people,5
diagnostic,5
few,5
methodological,5
when,5
preliminary,5
investigating,5
subject,5
specimens,5
management,5
light,5
increasingly,5
gain,5
smith,5
pennsylvania,5
focusing,5
assemblage,5
ecology,5
another,5
microscopic,5
understanding,5
made,5
continue,5
california,5
helpful,5
oxbow,5
problems,5
often,5
grain,5
tne,5
tuber,5
fields,5
beans,5
forest,5
regularly,5
stable,5
any,5
bean,5
changing,5
comparison,5
rotterdam,5
proceedings,5
them,5
edinburgh,5
distribution,5
adaptation,5
varieties,5
coprolites,5
pecos,5
com,5
harvesting,5
ecuador,5
locations,5
regular,5
area,5
debate,5
processes,4
inka,4
o,4
medicinal,4
later,4
comparability,4
large,4
tend,4
acorns,4
transitions,4
australia,4
ii,4
floral,4
harris,4
possible,4
west,4
resources,4
along,4
dynamics,4
aus,4
jr,4
hather,4
compared,4
genetics,4
identifications,4
look,4
york,4
supplement,4
gathering,4
making,4
scale,4
parenchymous,4
cotton,4
methodology,4
charcoal,4
greater,4
root,4
begun,4
out,4
changed,4
initial,4
focused,4
michigan,4
population,4
moore,4
younger,4
procedures,4
pleistocene,4
sedentism,4
isotope,4
tool,4
training,4
used,4
overview,4
statistics,4
regional,4
wheat,4
social,4
le,4
mediterranean,4
presence,4
always,4
visible,4
progress,4
value,4
finds,4
therefore,4
ana,4
matter,4
scientific,4
identified,4
short,4
forward,4
museum,4
interactions,4
yet,4
under,4
complete,4
demonstrates,4
toward,4
analytical,4
zeist,4
ceramic,4
distributions,4
discussed,4
reconstructing,4
preparation,4
number,4
able,4
analyzed,4
collecting,4
investigated,4
lake,4
procedure,4
nile,4
sequence,4
rare,4
recovery,4
radiocarbon,4
taxon,4
taphonomic,4
stages,4
evolutionary,4
become,4
ann,4
probably,4
cereals,4
european,4
primarily,4
who,4
plains,4
aboriginal,4
anthropological,4
mentioned,4
desiccated,4
carbondale,4
paper,4
did,4
report,4
edible,4
gas,4
beginning,4
combined,4
spatial,4
references,4
emergent,4
multiple,4
became,4
african,4
transition,4
allows,4
oi,4
wadi,4
summary,4
little,4
interaction,4
traditional,4
spectroscopy,4
among,4
oí,4
arizona,4
rachis,3
miller,3
arctic,3
college,3
determine,3
connecticut,3
complex,3
sheffield,3
likely,3
mexican,3
sunflower,3
descriptive,3
island,3
every,3
disturbance,3
great,3
differences,3
rich,3
products,3
sophisticated,3
habitats,3
bones,3
taking,3
household,3
usage,3
squash,3
iron,3
throughout,3
electron,3
village,3
interest,3
woodlands,3
century,3
midcontinental,3
palaeolithic,3
perspective,3
back,3
egypt,3
effective,3
accelerator,3
storage,3
general,3
paleoecological,3
rates,3
festschrift,3
philadelphia,3
adds,3
influenced,3
remain,3
basic,3
en,3
similar,3
contributions,3
special,3
productive,3
tissue,3
understand,3
jomon,3
entry,3
intensive,3
emergence,3
latin,3
just,3
aly,3
northeastern,3
beyond,3
rice,3
conquest,3
location,3
bearing,3
search,3
combinations,3
behavioral,3
events,3
chaff,3
taphonomy,3
academic,3
produced,3
coprolite,3
domesticates,3
diego,3
artifacts,3
horticulture,3
received,3
reinhard,3
del,3
prominent,3
characterization,3
hubbard,3
knowledge,3
related,3
indigenous,3
bryant,3
kiva,3
project,3
dakota,3
my,3
depositional,3
good,3
excavated,3
least,3
normally,3
stage,3
peruvian,3
around,3
small,3
sufficient,3
accomplished,3
acts,3
australian,3
massachusetts,3
coast,3
discusses,3
roots,3
notes,3
provided,3
suggest,3
tennessee,3
critical,3
impacts,3
islands,3
garden,3
expanded,3
paiynology,3
selection,3
biological,3
bone,3
temperate,3
ams,3
bar,3
put,3
charbons,3
fact,3
scholars,3
documents,3
choice,3
als,3
larger,3
habitat,3
john,3
variation,3
forms,3
available,3
formation,3
books,3
shifts,3
histology,3
mays,3
desert,3
communities,3
concern,3
station,3
laboratory,3
examination,3
clearing,3
wheats,3
historic,3
stress,3
points,3
diatoms,3
symposium,3
linking,3
dry,3
standard,3
systems,3
learn,3
adaptations,3
dryas,3
ago,3
discussing,3
aid,3
note,3
andean,3
directions,3
lipids,3
life,3
introductory,3
united,3
irom,3
articles,3
then,3
intensification,3
demonstrate,3
simply,3
quaternary,3
colorado,3
berkeley,3
cultures,3
specialized,3
domestic,3
particularly,3
mass,3
better,3
conservation,3
whether,3
terms,3
particular,3
harappan,3
domesticate,3
boston,3
preserved,3
harvested,3
unit,3
au,3
aspect,3
until,3
lists,3
kislev,3
ecosystem,3
spectra,3
need,3
helps,3
shift,3
archaic,3
observation,3
deposits,3
views,3
deposition,3
element,3
test,3
southeastern,3
occur,3
zuhelnatele,2
syntheses,2
done,2
way,2
substances,2
groups,2
revue,2
adoption,2
introduction,2
per,2
windover,2
settlements,2
interrelationships,2
engendering,2
systematically,2
essays,2
paleofaeces,2
ways,2
approaches,2
quite,2
potentials,2
migration,2
source,2
du,2
women,2
husks,2
lipid,2
might,2
represented,2
humans,2
utilization,2
actual,2
winnowing,2
england,2
zeitschrift,2
moundville,2
scientists,2
secondary,2
broken,2
farmers,2
entered,2
concludes,2
composition,2
launched,2
hunting,2
trondheim,2
greatly,2
argyrosperma,2
scenario,2
meridionale,2
discipline,2
natufian,2
visibility,2
worldwide,2
system,2
recorded,2
key,2
account,2
methodologies,2
reply,2
fritz,2
bibliography,2
fine,2
fur,2
apply,2
ritual,2
concerted,2
exist,2
avenues,2
quiros,2
pit,2
differential,2
germany,2
beating,2
spectrum,2
quality,2
eating,2
borderlands,2
millennium,2
domain,2
acta,2
ethnobotanical,2
untersuchungen,2
price,2
difficulty,2
phytouth,2
assessment,2
basil,2
z,2
anthropogenically,2
santa,2
speed,2
houses,2
generated,2
allowing,2
biomolecular,2
drevo,2
publications,2
determinations,2
compare,2
find,2
swiss,2
kentucky,2
crawford,2
botanique,2
coal,2
influence,2
poznan,2
oj,2
gaining,2
mesolithic,2
société,2
biers,2
heads,2
miocene,2
bonavia,2
decker,2
main,2
vegetative,2
cleaned,2
developed,2
inventions,2
sw,2
var,2
infrared,2
active,2
determining,2
archaeometry,2
certain,2
derived,2
floated,2
ongoing,2
signatures,2
cave,2
consuming,2
discoveries,2
animals,2
reason,2
maintaining,2
microscope,2
space,2
established,2
dated,2
rollo,2
bruce,2
epipaleolithic,2
observations,2
mixtures,2
situations,2
additional,2
calcium,2
comparisons,2
blumler,2
plenum,2
og,2
shanidar,2
strategy,2
trajectories,2
experimentation,2
whereas,2
closely,2
anthropogenic,2
allow,2
societies,2
histories,2
basin,2
faunal,2
traditionally,2
effort,2
centers,2
mesoamerican,2
extinct,2
viking,2
arable,2
term,2
big,2
extracting,2
watson,2
handbook,2
equally,2
standardized,2
durham,2
burial,2
recently,2
monograph,2
metals,2
required,2
poor,2
directly,2
illustrates,2
invisible,2
paleoenvironmental,2
y,2
journals,2
cambridgeshire,2
protein,2
significantly,2
bois,2
calls,2
palaeoethnobotany,2
clearer,2
ten,2
geology,2
potato,2
q,2
describe,2
northwest,2
broad,2
seasonally,2
structures,2
midwestern,2
lifeways,2
away,2
participate,2
mccorriston,2
own,2
trends,2
towards,2
either,2
researchers,2
earth,2
statistically,2
sense,2
level,2
pottery,2
arkansas,2
luckau,2
indicators,2
next,2
contrast,2
involved,2
specifically,2
belt,2
heat,2
several,2
concerns,2
choose,2
primitive,2
components,2
pods,2
zea,2
played,2
dem,2
stratigraphy,2
productivity,2
rapp,2
teasel,2
reflected,2
separate,2
gordon,2
fiber,2
span,2
tasks,2
populations,2
provenience,2
barley,2
thermoluminescence,2
legumes,2
classic,2
fruit,2
female,2
willem,2
tor,2
dwellings,2
settings,2
direction,2
écosystèmes,2
single,2
guide,2
once,2
ubiquity,2
collect,2
nouvelle,2
reference,2
stuffs,2
azm,2
thought,2
seeing,2
strontium,2
included,2
lowland,2
essential,2
editions,2
experimental,2
ed,2
insights,2
illustrated,2
rise,2
inedible,2
suzanne,2
acorn,2
fire,2
challenge,2
power,2
death,2
praehistorische,2
chance,2
domains,2
water,2
preserve,2
carbonized,2
wine,2
together,2
fengate,2
above,2
fragments,2
external,2
chiefdom,2
hill,2
boardman,2
anciens,2
euphrates,2
norwegian,2
chloroplast,2
über,2
mill,2
midwest,2
paleothnobotanical,2
interpreting,2
ine,2
technologies,2
indiana,2
turkey,2
ecologically,2
israel,2
melaren,2
cropping,2
eaten,2
rust,2
chemistry,2
causes,2
archaeobotanists,2
national,2
parasite,2
shelter,2
scanning,2
significance,2
numerical,2
three,2
estudi,2
publication,2
co,2
workers,2
would,2
spread,2
course,2
résultats,2
thomas,2
construct,2
never,2
circaea,2
decide,2
comparing,2
date,2
textbooks,2
relation,2
effect,2
dendrochronology,2
eggs,2
james,2
oak,2
residue,2
greece,2
morphologically,2
looked,2
micromorphological,2
versus,2
relative,2
préhistoire,2
quarterly,2
heating,2
brown,2
consumed,2
ranging,2
me,2
fairly,2
usually,2
cedar,2
politically,2
program,2
pieces,2
spindle,2
team,2
veen,2
volumes,2
allozyme,2
why,2
interpretive,2
issue,2
cogent,2
addressed,2
quantitative,2
school,2
panama,2
dishes,2
conjunction,2
peoples,2
measurements,2
characteristics,2
forests,2
gumerman,2
here,2
geoarchaeology,2
histological,2
natural,2
colonization,2
frequency,2
seem,2
glynis,2
best,2
contextual,2
down,2
paleoclimatic,2
far,2
steppe,2
explicitly,2
works,2
bands,2
tenth,2
identifiable,2
unique,2
stability,2
selected,2
want,2
seasonal,2
densities,2
zur,2
getting,2
weedy,2
studying,2
phaseolus,2
emphasis,2
bodies,2
city,2
despite,2
press,2
fossil,2
easy,2
mutualism,2
egyptian,2
cultigens,2
coming,2
ein,2
uk,2
northeast,2
chile,2
soft,2
rna,2
known,2
difference,2
average,2
zones,2
initiated,2
ethnobotany,2
similarity,2
biochemical,2
temperature,2
accept,2
building,2
constructed,2
temporal,2
barnes,2
states,2
anatomical,2
you,2
defined,2
off,2
madison,2
classification,2
vessel,2
carbon,2
valuable,2
meaning,2
vary,2
potatoes,2
gainesville,2
substantial,2
documentary,2
belize,2
technological,2
gourd,2
creswell,1
naturräumliche,1
lentil,1
forested,1
portuguese,1
undergraduate,1
wooden,1
ja,1
ausgrabung,1
instituto,1
written,1
polymerase,1
produces,1
compares,1
vor,1
gayle,1
nonlithic,1
prefer,1
institut,1
balsas,1
behavioural,1
gujarat,1
dioscorides,1
medieval,1
bonding,1
commentary,1
phylogeny,1
uncritically,1
names,1
suggested,1
pnytouins,1
bagaco,1
encouraged,1
migrated,1
decades,1
market,1
deserve,1
affected,1
episodes,1
tou,1
mineralized,1
monumenta,1
uplands,1
intriguing,1
red,1
yam,1
gesher,1
caches,1
kronknght,1
replicability,1
pradesh,1
computerizing,1
utility,1
notably,1
contemporaneous,1
grobman,1
group,1
becoming,1
reflection,1
highlights,1
discover,1
kryrau,1
conquering,1
offerings,1
peril,1
mobility,1
chewing,1
reassessment,1
stone,1
experientia,1
formed,1
vards,1
schools,1
library,1
fibres,1
paleoecologists,1
kariya,1
saxon,1
english,1
ian,1
pflanzenreste,1
botaanika,1
situation,1
nuts,1
pressing,1
johns,1
kl,1
postdepositional,1
postprocessual,1
rubane,1
mit,1
cryptic,1
discriminate,1
mircroremains,1
informtionsquelle,1
ökologisoher,1
assumption,1
fustán,1
hair,1
noshiro,1
position,1
proveniences,1
necessarily,1
virtually,1
unlike,1
kr,1
refers,1
inequality,1
doura,1
cocaine,1
ethnoarchaeological,1
ae,1
dig,1
pots,1
wuro,1
esculentum,1
bp,1
nyame,1
bend,1
sedenùsm,1
quaderns,1
track,1
eye,1
ingredients,1
khabur,1
synthesis,1
sem,1
updated,1
eastanalysis,1
turning,1
themes,1
oryza,1
par,1
cutting,1
experience,1
highlight,1
encrustations,1
rorida,1
oceania,1
came,1
attribute,1
teadustie,1
canyon,1
gap,1
unearthed,1
nutmeat,1
swedish,1
nnaieno,1
learned,1
creation,1
fifteenth,1
sidliste,1
euphrate,1
flavor,1
interests,1
maloney,1
rate,1
give,1
agroecological,1
culturally,1
planting,1
plateau,1
karst,1
gourds,1
ssp,1
permanently,1
degree,1
rindos,1
analogies,1
advanced,1
fewer,1
electrophoresis,1
seems,1
bloomington,1
mitteleuropas,1
gary,1
possibilities,1
validating,1
grossrestnachweisen,1
archaeologically,1
archaeologie,1
escalation,1
leading,1
canaan,1
soconusco,1
myrrh,1
daily,1
accompanied,1
highland,1
prähistorischer,1
thank,1
experimentierfeld,1
timing,1
uab,1
nonmechanical,1
producing,1
purple,1
newsom,1
premières,1
mills,1
link,1
substantive,1
transforms,1
closer,1
hundred,1
carbonised,1
tribute,1
uncovered,1
renfrew,1
lindow,1
previous,1
take,1
hochmittelalterlichen,1
listing,1
niche,1
analyst,1
chromotography,1
archeobotanical,1
parasitic,1
feature,1
spilaeou,1
ancestry,1
temper,1
palcoecological,1
hopped,1
successional,1
laurons,1
nm,1
mind,1
giribaldi,1
respond,1
cowan,1
raised,1
situ,1
pogrebenie,1
galere,1
staff,1
classified,1
papyrus,1
texana,1
committed,1
säence,1
sheet,1
racial,1
context,1
tremendous,1
defining,1
ad,1
triggered,1
documenting,1
evaluation,1
tallies,1
paleocarpològiques,1
generosity,1
dissemination,1
existence,1
fens,1
befunde,1
kesearch,1
postwinnowed,1
rossen,1
king,1
av,1
ligfit,1
task,1
revolutionary,1
anthracologiques,1
bases,1
iv,1
amplified,1
draw,1
greenland,1
artiiacts,1
addresses,1
solving,1
representations,1
conns,1
stepped,1
chapter,1
plums,1
indirectly,1
amplification,1
quantities,1
placement,1
opened,1
discrepancies,1
bohemian,1
bygrunn,1
activity,1
tracing,1
arcnaeoiogicai,1
illustrate,1
prehispanic,1
epigraphy,1
reaction,1
solely,1
alter,1
ncuaaor,1
move,1
richard,1
tharrounia,1
measuring,1
onyo,1
community,1
qiristine,1
interdisciplinary,1
point,1
except,1
conceptual,1
x,1
palaeoethnobotanical,1
timothy,1
revu,1
muchuggiag,1
legume,1
dynamic,1
bottom,1
palaoethnobotanische,1
succinct,1
negotiation,1
saponin,1
undoubtedly,1
keeps,1
charnng,1
protocol,1
horticulturalists,1
domestiques,1
minimum,1
epipalaeoliihic,1
nonagrarian,1
identifies,1
taube,1
sweet,1
zohaiy,1
miwok,1
illustrating,1
oikosomos,1
agricultura,1
analyser,1
behavior,1
vozokany,1
localized,1
hiedelberg,1
knoblauchzehen,1
factional,1
labor,1
syrup,1
regarding,1
build,1
chaco,1
chapters,1
nut,1
macromicro,1
análisis,1
comments,1
domesticating,1
acid,1
influx,1
accuracy,1
eventual,1
dendrochronological,1
latrines,1
definitely,1
pilot,1
since,1
experimentelle,1
metamerica,1
against,1
approches,1
pursuit,1
gokstad,1
categorized,1
assumes,1
silent,1
integral,1
medio,1
sierra,1
céréales,1
ability,1
viewing,1
relations,1
foodways,1
needed,1
quantifying,1
occurs,1
nucleic,1
landraces,1
pitfalls,1
paleocthnobotany,1
assured,1
sf,1
ai,1
padmore,1
mississippian,1
oouin,1
wendy,1
decisions,1
hohokam,1
ct,1
innovation,1
immigrants,1
montpellier,1
mistakes,1
bay,1
clustering,1
epoca,1
radioimmunoassay,1
italiano,1
body,1
ear,1
hopefully,1
fm,1
machines,1
columbia,1
inclusion,1
forgiven,1
races,1
pores,1
served,1
companion,1
suitable,1
rnytoiwi,1
pamatky,1
truly,1
spin,1
whorls,1
determinination,1
damghan,1
geological,1
paleoevironmental,1
pía,1
charcoals,1
occidental,1
espèces,1
volney,1
intrigued,1
powders,1
kadada,1
parasites,1
details,1
olive,1
bill,1
oklahoma,1
wet,1
krakow,1
weave,1
traditions,1
helping,1
ohalo,1
cooperative,1
lesting,1
spielmann,1
urund,1
competitive,1
impressions,1
continuity,1
implementation,1
diatom,1
piani,1
selectively,1
acrocomia,1
ftistory,1
heiheitung,1
boott,1
lesser,1
collagen,1
awkward,1
cheapest,1
umvcreiiy,1
civilization,1
phytohths,1
via,1
competition,1
süddeutschland,1
vegetable,1
recognized,1
adequate,1
pafynology,1
belyst,1
veiy,1
bog,1
botaanilised,1
norse,1
réévaluation,1
without,1
biologische,1
buxo,1
hissar,1
millisauskas,1
pakoethnobotany,1
links,1
distortion,1
harrington,1
katakombnoe,1
across,1
alonso,1
primers,1
remnants,1
organise,1
gymnosperm,1
arqueobotánic,1
paläoethnobotanischen,1
ugent,1
influential,1
na,1
missouri,1
ethnobiohgy,1
centralization,1
cremation,1
remote,1
sandhill,1
broaden,1
turkmenistan,1
halstead,1
olmec,1
christine,1
stuttgart,1
oasis,1
excellent,1
poses,1
cultigen,1
excavators,1
dealt,1
jaciment,1
mangaia,1
risk,1
trom,1
scottish,1
armant,1
à,1
amazonian,1
generally,1
scarry,1
ceramics,1
folkebibliotekstomten,1
powersjones,1
rank,1
creek,1
cooking,1
worldbased,1
burials,1
calpesta,1
paleolithic,1
factors,1
mcgovern,1
williamsburg,1
privy,1
archaeobotanicals,1
arid,1
tooth,1
pakonutritiorv,1
vorgeschichte,1
acquisition,1
archaeobotaniki,1
hairs,1
pact,1
proving,1
affect,1
sirunrvpoiugiòi,1
interdependence,1
promee,1
females,1
skeleton,1
fcariy,1
locally,1
flexibility,1
foothills,1
tanning,1
improvement,1
vestonice,1
mean,1
intellectually,1
retained,1
gard,1
specialization,1
cellulose,1
vastly,1
organized,1
laugen,1
fertilizer,1
geschichte,1
tossal,1
lima,1
interim,1
linked,1
francis,1
amid,1
contaminated,1
edition,1
reconstructions,1
numbers,1
dominate,1
mittelalters,1
jersey,1
house,1
synthetic,1
dallas,1
precontact,1
moyen,1
cliff,1
quantifies,1
upper,1
statics,1
margin,1
benefited,1
proven,1
orientation,1
four,1
gero,1
russ,1
experienced,1
linguistics,1
heading,1
cnarcoai,1
store,1
franchthi,1
lithic,1
tributes,1
albuquerque,1
continual,1
surface,1
follow,1
determinism,1
kealhofer,1
guiterrero,1
submerged,1
bishops,1
signature,1
peninsula,1
comprising,1
filtered,1
lithiçs,1
requires,1
clemente,1
terminology,1
answers,1
shifted,1
explain,1
linearbandkeramik,1
dominant,1
setup,1
hyrax,1
etude,1
landschaft,1
molds,1
dc,1
kenya,1
tuberous,1
irrigation,1
challenges,1
royal,1
expressed,1
standards,1
cloning,1
casma,1
barleyfrom,1
acceptable,1
dumps,1
lead,1
amaranth,1
kennedy,1
complications,1
concentration,1
plantsemmer,1
computed,1
einkorn,1
frike,1
harder,1
acknowledgments,1
physicochemical,1
called,1
paleonutrition,1
painstaking,1
relating,1
molecules,1
lived,1
mulholland,1
deal,1
siliceous,1
paleodietary,1
patterns,1
subsampling,1
expérimentales,1
radical,1
monitoring,1
mcc,1
subsurface,1
noting,1
isoelectric,1
eat,1
cupules,1
medicines,1
feasibility,1
kumeyaay,1
rosenzweig,1
cores,1
arkeoiop,1
density,1
artesa,1
topics,1
neighboring,1
criteria,1
wales,1
buried,1
mainly,1
reviews,1
mcclung,1
leonard,1
indirect,1
intrasite,1
drawings,1
appears,1
cahiers,1
residential,1
eketorp,1
boyd,1
warnock,1
sweetmeat,1
meda,1
fish,1
amber,1
amenable,1
stalks,1
outside,1
lets,1
however,1
hypothetical,1
sandnes,1
lymopterus,1
unravel,1
andre,1
fox,1
phytohth,1
tartaric,1
bow,1
blake,1
tracking,1
creates,1
corners,1
vegetal,1
bradshaw,1
kirch,1
wants,1
huge,1
bluciny,1
indian,1
technical,1
acheulian,1
shape,1
syria,1
gained,1
keeping,1
pedro,1
proovides,1
spheres,1
bauchi,1
marsh,1
line,1
timbo,1
phytosociological,1
gebauer,1
inferred,1
intense,1
terrace,1
valles,1
interface,1
getreidefunde,1
concept,1
brought,1
treasures,1
curtailing,1
emmer,1
macrofossil,1
symbolism,1
cob,1
laasimeri,1
ethnographies,1
cottbus,1
danish,1
domi,1
bouleau,1
microenvironmental,1
paleoedietary,1
preservability,1
sillen,1
whole,1
year,1
nu,1
citrus,1
sta,1
fit,1
place,1
coca,1
mesohthic,1
cons,1
contains,1
beginnings,1
records,1
hearth,1
preolmec,1
aztec,1
tehuacán,1
tenalles,1
ü,1
zohary,1
kehlheim,1
focuses,1
illustrative,1
eichenholz,1
canberra,1
frehistoire,1
herding,1
interdisciplinaria,1
il,1
nor,1
artifact,1
spectrometer,1
diagenesis,1
challenging,1
famine,1
attributed,1
strasborg,1
leu,1
frühmittelalterlichen,1
oriental,1
dy,1
akuma,1
rfaatany,1
pshenitsei,1
staple,1
tough,1
halaf,1
computer,1
ihphonomy,1
steward,1
mesopotamia,1
mesoamericas,1
goette,1
successful,1
describing,1
working,1
kadero,1
regardless,1
wi,1
controversial,1
cold,1
fruhneuzeitlichen,1
things,1
involve,1
evershed,1
direwan,1
grass,1
lowly,1
byrne,1
interacting,1
sharp,1
ward,1
perspektiven,1
atmosphere,1
palachee,1
encompasses,1
dried,1
cellular,1
habitation,1
rrom,1
pinaleno,1
highly,1
ship,1
hererogenous,1
folk,1
cool,1
industry,1
centrai,1
easton,1
gene,1
kernels,1
ancestors,1
ethnobiobcy,1
diversified,1
tended,1
zonal,1
core,1
opaline,1
annual,1
sitges,1
jordan,1
st,1
proper,1
describes,1
archäologischer,1
genome,1
distinguishing,1
computations,1
structured,1
tulán,1
appropriate,1
lore,1
narragansett,1
approacnes,1
ureat,1
inform,1
benz,1
actions,1
sophistication,1
reducing,1
geographical,1
experimented,1
input,1
hontoon,1
isozymes,1
blanket,1
voi,1
tamale,1
cramer,1
processual,1
statuses,1
sprawozdania,1
maguey,1
berlin,1
ibh,1
io,1
exeter,1
apprenticeship,1
preagrarian,1
libya,1
variety,1
absence,1
chronometry,1
various,1
productionderived,1
burning,1
nordwestdeutschlands,1
arqueológicos,1
aim,1
dalmatien,1
prospectus,1
gradual,1
stadtkern,1
magnolia,1
quantified,1
palaeoecology,1
allegan,1
expansion,1
yucatan,1
symbolics,1
schemes,1
corporation,1
pflanzliche,1
notoriously,1
maygrass,1
brief,1
wetland,1
tabasco,1
albany,1
lennstrom,1
reproducing,1
subdisipline,1
standardization,1
etc,1
step,1
arkheoiogiia,1
dread,1
cultivar,1
cucurbitaceae,1
assumptions,1
slower,1
chufa,1
ice,1
studien,1
copan,1
longitudinal,1
movement,1
registered,1
modes,1
thailand,1
ask,1
schwerdt,1
tends,1
structural,1
expérimentais,1
experimentations,1
humaine,1
percentage,1
sustainability,1
òaennjic,1
retrieved,1
patches,1
objekty,1
hellenistic,1
hybridization,1
bridged,1
incipient,1
tissues,1
estremo,1
vs,1
prof,1
amaranthus,1
midsize,1
sausa,1
precolumbian,1
rain,1
array,1
discussions,1
den,1
exposure,1
historia,1
stanowiska,1
selective,1
millet,1
anthropologique,1
archeobotanic,1
puzzle,1
arqueólo,1
home,1
archäologisches,1
minimization,1
publishing,1
rightly,1
assistance,1
masse,1
dissected,1
refine,1
pühendatud,1
rubbish,1
cuddapah,1
subarctic,1
nw,1
colored,1
um,1
responsive,1
experiment,1
chihuahuan,1
industrial,1
speciation,1
provocative,1
cyperus,1
cargoes,1
begins,1
mention,1
vermont,1
strata,1
stones,1
considers,1
jon,1
fill,1
tries,1
alteration,1
associating,1
actually,1
blossomed,1
inhabitants,1
starting,1
mittelalterlichen,1
successfully,1
solomon,1
flachsröste,1
layton,1
paul,1
holden,1
oceanic,1
latrine,1
maple,1
bulk,1
technique,1
factory,1
palm,1
relatedness,1
productioa,1
ontario,1
academy,1
gathered,1
pointed,1
drink,1
flowers,1
macroremain,1
quebrada,1
rock,1
wetlands,1
added,1
projects,1
complementary,1
dissertations,1
rinds,1
longer,1
idea,1
marker,1
valid,1
benot,1
storing,1
riverine,1
villa,1
mittlealterlichen,1
pressure,1
seasonality,1
uurimused,1
plan,1
weeds,1
environs,1
smart,1
cuitivanon,1
disturbed,1
mummy,1
grave,1
tepe,1
named,1
testing,1
incorporation,1
wellcontrolled,1
end,1
makaya,1
everything,1
varietal,1
mccorríston,1
contemporary,1
substantially,1
resolved,1
pflanzenresten,1
pattern,1
formativeperiod,1
johannessen,1
txoiogy,1
stored,1
depict,1
españa,1
men,1
reproductive,1
enough,1
took,1
considered,1
kalamazoo,1
monographs,1
paris,1
spain,1
kj,1
conreus,1
geography,1
shipwreck,1
chain,1
yale,1
clusters,1
paleoetbnobotany,1
innovative,1
keys,1
tortillas,1
moche,1
continuing,1
propagating,1
purposes,1
nabta,1
canna,1
accepted,1
kubbamye,1
relevant,1
council,1
ainu,1
explicit,1
riley,1
necessary,1
minneapolis,1
taimejäänused,1
diy,1
alfalfa,1
plana,1
iooa,1
nueva,1
einer,1
teeth,1
colloque,1
distance,1
kalapodi,1
pusillum,1
skoteini,1
grotte,1
distortions,1
fuuonum,1
venta,1
bibliographic,1
grouping,1
fortiden,1
anttqwty,1
kansas,1
bottle,1
ibérica,1
associates,1
vast,1
rio,1
disease,1
getty,1
andhra,1
lands,1
brady,1
faecal,1
siphoning,1
accompanying,1
maritime,1
tnvironmental,1
adjoin,1
shackelton,1
fungi,1
fionda,1
umgebung,1
scatter,1
proteins,1
looking,1
allignino,1
nutzpflanze,1
hillfort,1
reside,1
kachemak,1
complexities,1
louis,1
zusammensetzung,1
mummified,1
budget,1
grassland,1
renährungsgeschichte,1
paleofeces,1
controlling,1
meleti,1
expression,1
aoonginai,1
substantiate,1
rivers,1
emphasize,1
molecularly,1
assume,1
affects,1
immunological,1
survey,1
resulting,1
jalès,1
crevices,1
maturation,1
ouuu,1
requirement,1
marcos,1
piñón,1
smalland,1
raising,1
berkhaus,1
deforestation,1
sissel,1
borealia,1
theories,1
minimize,1
guilá,1
brai,1
shriver,1
symbolic,1
involves,1
specimen,1
tort,1
trade,1
low,1
recerques,1
landscapes,1
discriminante,1
meanings,1
clear,1
discovered,1
hungary,1
deduce,1
goldrush,1
modem,1
refreshingly,1
adding,1
kreuz,1
comprehensive,1
peripheral,1
aided,1
lakes,1
health,1
surest,1
amounts,1
understandings,1
primitives,1
rozhledy,1
sahara,1
données,1
feasible,1
biochemistry,1
phanom,1
indicate,1
started,1
reviewers,1
caribbean,1
seltzer,1
melde,1
objektu,1
creating,1
high,1
brote,1
ramonage,1
practiced,1
offer,1
amorphous,1
black,1
segment,1
martin,1
faithful,1
reuse,1
ligneuses,1
minnis,1
perfume,1
sorghum,1
hopf,1
valued,1
bilanz,1
stahl,1
neoüthische,1
restes,1
internal,1
woj,1
chapel,1
uan,1
aegean,1
topic,1
editors,1
pratibha,1
tree,1
blackwell,1
orchard,1
garcia,1
museen,1
sobre,1
tumilat,1
aaas,1
availability,1
structure,1
hantanbaus,1
micronesia,1
usa,1
cacne,1
equivalent,1
battarbee,1
archeologicke,1
liphschitz,1
akadeenia,1
cape,1
préliminaires,1
paläoethnobotanik,1
kulturpflanzen,1
destruction,1
sugar,1
españoles,1
anatolia,1
berlandieri,1
arbor,1
propose,1
attention,1
greek,1
eigenschaften,1
ovifera,1
gymnosperms,1
duplicated,1
anatomy,1
delcourt,1
bang,1
operating,1
shaping,1
chwasty,1
revolution,1
farm,1
harpers,1
phytogeographical,1
cobs,1
rico,1
microand,1
bottema,1
efbeuas,1
vaughn,1
kaplan,1
groupings,1
aktiviteter,1
dolores,1
modification,1
cobweb,1
iroquois,1
chances,1
neanderthal,1
delhi,1
hemolytic,1
tomo,1
khok,1
movements,1
addressing,1
labeled,1
labomtic,1
opai,1
moister,1
ideology,1
copersicon,1
sauvages,1
esculentus,1
zboza,1
albion,1
reinterpretation,1
infection,1
trabajos,1
lines,1
order,1
male,1
archiac,1
becomes,1
deborah,1
rootstocks,1
dimensions,1
finnish,1
sensitive,1
rethinking,1
force,1
returned,1
pakong,1
ozark,1
bankeramik,1
grinding,1
tobacco,1
monument,1
alpen,1
fît,1
septembre,1
pia,1
taies,1
tamales,1
covering,1
cronica,1
zooloogia,1
spanning,1
uid,1
novelles,1
dans,1
britain,1
construction,1
paleoethnobotanyy,1
hole,1
fall,1
hope,1
enamel,1
identificación,1
wives,1
jf,1
mother,1
measured,1
british,1
hierarchical,1
centuries,1
months,1
emerging,1
get,1
trigos,1
fen,1
kento,1
edulis,1
problematic,1
middlesex,1
susan,1
influencing,1
slowness,1
biology,1
middens,1
res,1
sovetskaia,1
detail,1
burned,1
subfields,1
lj,1
pakorient,1
oxus,1
graphs,1
share,1
miowesi,1
crisp,1
deposited,1
rarely,1
apalachee,1
thinking,1
outlier,1
dispersed,1
benfer,1
dennelts,1
amarna,1
comes,1
exemplified,1
complexity,1
encampment,1
deep,1
complexes,1
formannen,1
wear,1
geographic,1
economically,1
salttolerant,1
metabolite,1
nutritional,1
bush,1
lalueza,1
schweiz,1
implied,1
scrutiny,1
korrespondenzblatt,1
distria,1
kemp,1
gjenom,1
massenfund,1
regime,1
ll,1
discrete,1
revising,1
proposes,1
driving,1
mixes,1
diets,1
besides,1
preserves,1
mochiyazawa,1
text,1
jeitun,1
offers,1
tb,1
nitrogen,1
pignut,1
sections,1
set,1
news,1
cover,1
barleys,1
resonance,1
grup,1
quickly,1
mantaro,1
enters,1
letts,1
iindow,1
makrofossiler,1
marina,1
substantively,1
principle,1
rocksheiter,1
chapman,1
tomb,1
worth,1
methodist,1
expanding,1
sativa,1
crites,1
extraction,1
sizes,1
connection,1
welch,1
exploration,1
paiynoiogiscner,1
believe,1
gone,1
unknown,1
steroids,1
print,1
margalef,1
ohvtolith,1
dues,1
cc,1
thy,1
preclassic,1
drome,1
counting,1
eventually,1
sudan,1
einiger,1
handt,1
solved,1
entering,1
clearly,1
starchy,1
macroplant,1
edaphic,1
benefit,1
constant,1
primary,1
presentation,1
differed,1
norway,1
chumash,1
closest,1
headway,1
vijyanagara,1
february,1
procedural,1
places,1
concrete,1
spectrometrie,1
william,1
paleoland,1
keddud,1
explanations,1
fuller,1
ventana,1
néolithique,1
reanalyzed,1
microremains,1
reactions,1
implicit,1
volcanic,1
kevin,1
form,1
largy,1
elands,1
twisted,1
ones,1
ferry,1
supports,1
independently,1
cycas,1
nearby,1
valbonne,1
cahokia,1
add,1
maintain,1
covers,1
laguna,1
theory,1
pros,1
extent,1
nekrofeio,1
charting,1
rejoinder,1
create,1
require,1
dark,1
frequently,1
seep,1
produce,1
gardens,1
nonnear,1
gonur,1
too,1
dentition,1
oxygen,1
suggests,1
virginia,1
manabi,1
hundreds,1
urban,1
infant,1
funksjoner,1
matrix,1
universe,1
art,1
popular,1
sweiz,1
vessels,1
sativus,1
radically,1
naked,1
loy,1
occasionally,1
fern,1
farmstead,1
scented,1
extracts,1
edwards,1
refinement,1
reedgrass,1
categories,1
ohio,1
ellenberg,1
introduced,1
farmland,1
pearsalts,1
content,1
undertaken,1
siphon,1
methoden,1
tried,1
disciplines,1
loci,1
arheoloogilistes,1
coassociate,1
substance,1
sirikwa,1
contribute,1
wildwood,1
obtain,1
arguments,1
disconcerting,1
fiants,1
breakthrough,1
dock,1
isolated,1
botanists,1
tall,1
goals,1
snuff,1
budapest,1
faeces,1
turkish,1
iraq,1
prepared,1
jama,1
antique,1
uninitiated,1
come,1
recovered,1
anaerobic,1
mitteilung,1
survive,1
rotundas,1
hftstoif,1
pine,1
internodes,1
polynesia,1
suosistence,1
bestätigt,1
ultimately,1
inquiries,1
reveals,1
algae,1
cas,1
mülennium,1
coproutes,1
ackerreservat,1
finding,1
contract,1
protohistoric,1
macrofossils,1
faroe,1
recovering,1
washington,1
fibers,1
aware,1
india,1
cezavach,1
geoarchaeological,1
chiefly,1
eest,1
brain,1
contributed,1
diligence,1
joined,1
americas,1
grown,1
arqueológica,1
repon,1
kai,1
canadian,1
specialists,1
davies,1
abu,1
inherent,1
botanica,1
opinions,1
palaeotaeces,1
bear,1
goloubinoff,1
thoughtful,1
attributes,1
amazon,1
spectrometry,1
contamination,1
colleagues,1
vistas,1
await,1
exportation,1
sexuality,1
extremely,1
untouched,1
bulgarian,1
mochica,1
nausharo,1
ethnopharmacology,1
anonymous,1
needs,1
supported,1
searching,1
archäologische,1
coefficient,1
slawischen,1
archaeologica,1
clarify,1
zneolitycznego,1
pathways,1
chenopodiunv,1
missing,1
prospects,1
weber,1
charged,1
johnson,1
escalating,1
naquitz,1
temperatures,1
dalmatian,1
partial,1
ballow,1
damp,1
norman,1
catalana,1
manioc,1
pulses,1
import,1
thickness,1
cocas,1
characters,1
northwestern,1
develop,1
gulf,1
duration,1
ethnographie,1
counts,1
comparable,1
ethnobiolofy,1
observed,1
calories,1
run,1
limes,1
makroreste,1
downland,1
conversations,1
ca,1
skoteims,1
termed,1
birchbark,1
cited,1
veterovskeho,1
costly,1
increase,1
