WORDCOUNTS,WEIGHT
of,644
the,571
and,564
in,427
a,238
to,189
archaeology,186
historical,156
gender,149
that,90
j,84
m,83
pp,80
as,75
university,68
archaeological,63
is,63
for,57
l,57
an,56
women,53
social,53
have,53
on,51
feminist,51
has,50
household,50
r,50
archaeologies,45
american,43
this,43
by,43
been,42
s,40
e,39
was,39
past,39
or,38
are,37
at,36
c,36
with,34
from,34
archaeologists,33
new,33
recent,33
be,32
engendered,30
study,30
p,30
b,29
not,28
material,28
k,27
how,26
we,26
work,25
domestic,25
d,25
these,24
more,24
class,24
other,23
households,23
res,23
it,22
archaeol,22
springer,22
political,21
culture,21
their,19
identity,19
while,19
through,18
there,17
york,17
research,17
colonial,17
studies,16
society,16
but,16
can,16
relations,15
gendered,15
journal,15
sites,15
field,15
world,15
were,15
early,15
feminism,14
those,14
issue,14
g,14
practice,14
also,14
theory,14
little,14
engendering,13
such,13
interpretations,13
theorizing,13
sex,13
identities,13
our,13
roles,13
race,13
which,12
native,12
tennessee,12
what,12
w,12
multiple,12
sphere,11
one,11
ways,11
into,11
important,11
used,11
et,11
australian,11
understanding,11
california,11
recognize,11
life,11
her,11
h,10
walnut,10
discipline,10
within,10
century,10
personhood,10
literature,10
part,10
issues,10
t,10
published,10
power,10
arizona,10
antiquity,10
african,10
childhood,10
altamira,9
they,9
normative,9
case,9
pursuit,9
may,9
most,9
aspects,9
london,9
related,9
spanish,9
female,9
experiences,9
use,9
analysis,9
few,9
anthropology,8
being,8
first,8
narrative,8
worldwide,8
some,8
consumer,8
southern,8
than,8
alabama,8
white,8
beyond,8
notions,8
people,8
only,8
children,8
present,8
see,8
another,8
so,8
black,8
chores,8
over,8
particularly,8
works,8
north,8
approaches,7
had,7
practices,7
rather,7
contributions,7
n,7
agendas,7
invisible,7
artifacts,7
example,7
working,7
several,7
annual,7
many,7
consideration,7
explicitly,7
men,7
five,7
when,7
berkeley,7
different,7
both,7
boston,7
come,7
evidence,7
focus,7
if,6
themes,6
experience,6
all,6
shaped,6
international,6
de,6
no,6
prehistory,6
always,6
late,6
cultural,6
recently,6
record,6
ethnicity,6
wilkie,6
critical,6
ana,6
still,6
about,6
us,6
ancient,6
department,6
scholars,6
recognizing,6
africanamerican,6
range,6
historic,6
embodied,6
attention,6
today,6
she,6
lines,6
often,6
changing,6
america,6
proceedings,6
studying,6
press,6
role,6
cambridge,6
remains,6
between,6
chicago,6
among,6
history,5
production,5
taken,5
agenda,5
diversity,5
human,5
look,5
influence,5
without,5
notion,5
space,5
means,5
impact,5
powerful,5
could,5
materiality,5
focused,5
masculinity,5
actors,5
queer,5
approach,5
change,5
economic,5
community,5
make,5
frameworks,5
volume,5
challenge,5
analytical,5
years,5
largely,5
points,5
article,5
european,5
dimensions,5
understand,5
construction,5
interpretive,5
particular,5
influenced,5
spaces,5
st,5
presented,5
city,5
writing,5
difference,5
national,5
although,5
socially,5
sexuality,5
texts,5
documentary,5
much,5
way,4
medieval,4
identify,4
considerations,4
western,4
inequality,4
du,4
voices,4
england,4
nature,4
analyses,4
i,4
last,4
dd,4
context,4
growing,4
discuss,4
west,4
ritual,4
tied,4
review,4
development,4
unpublished,4
body,4
even,4
knoxville,4
landscape,4
active,4
leicester,4
utah,4
victorian,4
histories,4
burial,4
ceramics,4
spheres,4
data,4
received,4
positions,4
artifact,4
status,4
challenging,4
family,4
enslaved,4
methodological,4
domesticity,4
bringing,4
movement,4
edited,4
thought,4
toward,4
patterns,4
exploring,4
made,4
lake,4
presentations,4
trend,4
theoretical,4
landscapes,4
publication,4
structure,4
louisiana,4
meskell,4
addressed,4
anthropological,4
focusing,4
constructed,4
exploration,4
constructions,4
phd,4
scott,4
using,4
oi,4
discursive,4
salt,4
consumption,4
physical,4
nonhistorical,4
create,4
does,3
now,3
child,3
groups,3
introduction,3
complex,3
sexualities,3
before,3
exceptions,3
plantations,3
princeton,3
australia,3
sources,3
textual,3
implications,3
military,3
entangled,3
attempt,3
studied,3
emphasized,3
current,3
visibility,3
majority,3
sexual,3
possible,3
politics,3
subaltern,3
negotiation,3
framework,3
labor,3
central,3
relationships,3
since,3
arena,3
turn,3
sofaer,3
perspective,3
houses,3
explore,3
critique,3
shall,3
rights,3
oxford,3
explicit,3
presentation,3
examined,3
importance,3
certain,3
special,3
consider,3
origins,3
isolation,3
calgary,3
questioned,3
access,3
lived,3
out,3
relational,3
brothels,3
feminine,3
approached,3
public,3
expressions,3
because,3
well,3
future,3
scope,3
industrial,3
tool,3
concept,3
knowledge,3
its,3
citation,3
focuses,3
dakota,3
creating,3
construct,3
presence,3
up,3
will,3
materials,3
religious,3
challenged,3
choices,3
broad,3
two,3
noted,3
disciplinary,3
complementary,3
areas,3
lives,3
reform,3
time,3
tne,3
shifts,3
maya,3
discourses,3
discussion,3
treated,3
mortuary,3
questions,3
franklin,3
authors,3
multivocal,3
characterized,3
like,3
would,3
attribution,3
structuring,3
mainly,3
separate,3
ideology,3
alternate,3
who,3
volumes,3
expectations,3
existed,3
british,3
articles,3
considered,3
logging,3
any,3
associated,3
series,3
demonstrate,3
intellectual,3
worth,3
very,3
embodiment,3
benefit,3
living,3
investigation,3
whether,3
art,3
bodies,3
recognition,3
subject,3
until,3
gilchrist,3
differentiation,3
actively,3
instead,3
pluralistic,3
ïâ,3
specific,3
given,3
traditional,3
should,3
broader,3
ca,3
magdalen,2
difficult,2
revisionist,2
edge,2
prostitution,2
meaning,2
created,2
represent,2
northeast,2
red,2
boca,2
essays,2
bias,2
modern,2
undertaken,2
cycles,2
francis,2
hayes,2
thematic,2
chacmool,2
creation,2
voss,2
articulate,2
beaudry,2
anu,2
seems,2
possibilities,2
tradition,2
daily,2
great,2
simple,2
survey,2
embrace,2
state,2
influences,2
investigations,2
thirdwave,2
reading,2
mills,2
racial,2
mothering,2
ascribed,2
autonomous,2
task,2
italian,2
activity,2
illustrate,2
taking,2
far,2
conkey,2
engage,2
behavior,2
realizing,2
internationaljournal,2
goal,2
thus,2
phase,2
accessible,2
historically,2
pursue,2
interest,2
contributors,2
basil,2
awl,2
distinct,2
old,2
plantation,2
anh,2
profound,2
amount,2
back,2
slave,2
abortion,2
third,2
y,2
drawn,2
nuanced,2
conceptually,2
boott,2
site,2
interesting,2
fort,2
philadelphia,2
americans,2
russian,2
identification,2
developed,2
remain,2
broaden,2
gainesville,2
after,2
lacking,2
productive,2
awareness,2
just,2
dominate,2
accessibility,2
age,2
recovered,2
additional,2
lithic,2
view,2
fluid,2
chronological,2
character,2
distribution,2
prehistoric,2
identifying,2
allow,2
societies,2
holds,2
medicine,2
found,2
nurturing,2
embedded,2
academic,2
ann,2
chinese,2
informed,2
though,2
nineteenth,2
reviews,2
viewed,2
produced,2
biases,2
otherwise,2
shape,2
participation,2
basis,2
line,2
reader,2
purpose,2
civil,2
weaning,2
pasts,2
journals,2
whole,2
overview,2
realm,2
discussions,2
records,2
long,2
ethnohistoric,2
intersections,2
realms,2
missions,2
hidden,2
towards,2
researchers,2
legacy,2
sense,2
theoretically,2
politically,2
discourse,2
emerging,2
small,2
smithsonian,2
visible,2
lacuna,2
structured,2
provided,2
rancho,2
second,2
transform,2
comment,2
impacts,2
schmidt,2
comparative,2
limited,2
play,2
acknowledged,2
expanded,2
responsibilities,2
evidentiary,2
single,2
interpretation,2
arrangements,2
continuity,2
under,2
fifth,2
nunneries,2
light,2
al,2
illustrated,2
increasingly,2
bar,2
successfully,2
stated,2
others,2
slavery,2
experienced,2
pont,2
documents,2
exclusion,2
choice,2
larger,2
isolate,2
fallen,2
end,2
pennsylvania,2
fashion,2
man,2
honor,2
reproductive,2
took,2
do,2
ground,2
where,2
shared,2
sexism,2
council,2
mrozowski,2
number,2
remained,2
scant,2
interpreting,2
demonstrated,2
classes,2
private,2
examples,2
detailed,2
expression,2
feminists,2
engaging,2
processes,2
engaged,2
examination,2
tactic,2
theories,2
meanings,2
three,2
held,2
divisions,2
allowed,2
distinction,2
provides,2
why,2
graves,2
labels,2
mining,2
lesbian,2
crc,2
galle,2
james,2
henry,2
seeking,2
southwest,2
saw,2
tendency,2
engagement,2
attend,2
la,2
widely,2
enamel,2
farm,2
relationship,2
perspectives,2
masculinities,2
provide,2
practitioners,2
institutions,2
lost,2
directions,2
seen,2
began,2
inspired,2
mother,2
fields,2
articulations,2
rarely,2
then,2
manifesting,2
must,2
monasteries,2
simply,2
sciences,2
offers,2
microscale,2
colorado,2
methodologically,2
winterthur,2
defining,2
each,2
illuminate,2
readily,2
languages,2
paper,2
seem,2
masculinist,2
best,2
wall,2
universal,2
chesapeake,2
person,2
turned,2
realities,2
economy,2
spatial,2
them,2
independently,2
artifactual,2
engagements,2
encounters,2
too,2
virginia,2
urban,2
popular,2
socioeconomic,2
nj,2
introduced,2
meaningful,2
teas,2
assumptions,2
persona,2
organization,2
images,2
divided,2
evidenced,2
models,2
patriarchy,2
course,2
offer,2
include,2
define,2
inequalities,2
presenting,2
shift,2
potential,2
mystery,2
interaction,2
strong,2
seek,2
meeting,2
southeastern,2
major,2
looking,2
woven,1
housekeeping,1
medicinal,1
done,1
struggle,1
pearson,1
obligations,1
fathers,1
peacefully,1
limits,1
dinners,1
later,1
particulars,1
corporate,1
market,1
deserve,1
affected,1
deduced,1
tuscaloosa,1
ezvdl,1
legitimate,1
revolutionary,1
remediating,1
intriguing,1
implies,1
apache,1
intersect,1
mundane,1
utility,1
prostitutes,1
connecticut,1
group,1
becoming,1
mesoamerica,1
dc,1
agarawal,1
elaborated,1
purser,1
uncomfortable,1
anchor,1
merged,1
ma,1
formed,1
live,1
authority,1
asserted,1
constitutes,1
true,1
english,1
strictly,1
convict,1
drawings,1
easily,1
athenian,1
ti,1
former,1
decade,1
oppressive,1
protection,1
unlike,1
buchli,1
em,1
observing,1
biographical,1
monasticism,1
pots,1
entertaining,1
contested,1
revision,1
source,1
shopping,1
societal,1
contexts,1
test,1
cutting,1
predominantly,1
bulldaggers,1
ancieni,1
disaggregated,1
either,1
decidedly,1
paterson,1
inc,1
failing,1
certainly,1
exclusive,1
coexist,1
handle,1
adopt,1
afrovirginian,1
might,1
address,1
rush,1
ears,1
ramonage,1
lumber,1
shortage,1
experiments,1
harbor,1
definition,1
europe,1
flowers,1
boyhood,1
textiles,1
manliness,1
broadly,1
suggesting,1
accompanied,1
desire,1
highland,1
differences,1
able,1
onto,1
concludes,1
ol,1
religion,1
real,1
reproduction,1
temmist,1
alarming,1
achieved,1
roosevelt,1
fresh,1
persistence,1
boardinghouse,1
greatly,1
blackwell,1
concepts,1
raised,1
îâ,1
mestizaje,1
china,1
bioarchaeology,1
subjugation,1
intersection,1
el,1
papers,1
legend,1
marketed,1
less,1
nowhere,1
slip,1
classic,1
forum,1
sophisticated,1
forthcoming,1
behavioral,1
recorded,1
eastern,1
historians,1
capacity,1
sought,1
bases,1
analytically,1
incorporate,1
march,1
daddy,1
drastic,1
design,1
struggling,1
foreshortened,1
opened,1
occupying,1
felt,1
unsexing,1
fitting,1
marked,1
compelling,1
reproducing,1
prehispanic,1
facilitating,1
characterize,1
drive,1
wahpeton,1
consciousness,1
bibliography,1
consumers,1
vital,1
purchases,1
fine,1
dutch,1
reconsidering,1
point,1
say,1
conceptual,1
bucking,1
routledee,1
redefining,1
along,1
homesite,1
backlots,1
sheltered,1
localized,1
facets,1
avenues,1
relies,1
regarding,1
conflict,1
andrew,1
iron,1
domesticating,1
differential,1
profession,1
sacred,1
nn,1
component,1
difficulties,1
apprenticeship,1
dynamics,1
attest,1
oouy,1
backgrounds,1
interior,1
against,1
categorized,1
september,1
sacramento,1
magic,1
janet,1
polly,1
bone,1
tucson,1
laurie,1
presentisi,1
quicker,1
reproduced,1
topic,1
melaniti,1
marxism,1
learning,1
repatriation,1
uenaer,1
developments,1
self,1
secondand,1
umayyad,1
reluctance,1
problematize,1
archaeoloev,1
hispanic,1
goldfields,1
convincing,1
subjects,1
marriage,1
bread,1
differently,1
simplest,1
lifecycle,1
wares,1
quartering,1
hypoplasia,1
glossing,1
egypt,1
excavations,1
kinship,1
truly,1
networks,1
archaeologist,1
accessing,1
sin,1
bottles,1
gaze,1
secular,1
demonstration,1
traditions,1
lens,1
guard,1
cooperative,1
pronounced,1
casella,1
generation,1
subversion,1
wl,1
acknowledge,1
cetera,1
babies,1
materially,1
purchasing,1
ònarea,1
oj,1
homely,1
aduitnood,1
parity,1
excavate,1
via,1
hero,1
recognized,1
wrestled,1
entrenching,1
whose,1
juggled,1
understands,1
playtime,1
act,1
policing,1
statements,1
camp,1
chineseamerican,1
growth,1
performance,1
aimed,1
main,1
absent,1
across,1
adds,1
sum,1
district,1
illustration,1
anglican,1
basic,1
conflation,1
levels,1
wurst,1
fastest,1
ai,1
process,1
neatly,1
opportunity,1
lave,1
coffee,1
connected,1
strands,1
humanity,1
coruccini,1
japanese,1
catalogs,1
parts,1
ongoing,1
population,1
boone,1
assuming,1
disarticulated,1
scales,1
enriched,1
distant,1
burials,1
consequences,1
sioryieners,1
fraternities,1
addressing,1
reason,1
soul,1
michilmackinac,1
katherine,1
mrs,1
category,1
worlds,1
changes,1
finer,1
perpetuation,1
legitimizing,1
postmodern,1
underdeveloped,1
entry,1
key,1
colonialism,1
encourages,1
hermaphroditic,1
intellectually,1
monolithically,1
grains,1
evidential,1
workplace,1
linked,1
section,1
ideologies,1
breadmaking,1
traces,1
mary,1
house,1
kimberly,1
differs,1
fore,1
observations,1
ascher,1
iva,1
four,1
gero,1
commonly,1
nouse,1
follow,1
followed,1
defines,1
comparisons,1
comprising,1
ofsexualitv,1
fronts,1
problems,1
plenum,1
willing,1
shifted,1
dominant,1
care,1
uncritically,1
diack,1
faced,1
decades,1
drawing,1
atna,1
reflections,1
iconography,1
unromantic,1
bahamian,1
greater,1
result,1
closely,1
folklife,1
came,1
whom,1
introduce,1
uiviaea,1
transmission,1
method,1
called,1
color,1
genucr,1
oil,1
ambitions,1
baton,1
effort,1
missouri,1
deal,1
jn,1
austin,1
timucua,1
noting,1
emerge,1
medicines,1
featured,1
struggles,1
representative,1
term,1
prestige,1
further,1
companion,1
ranking,1
boymg,1
marginalizes,1
irony,1
posited,1
paternalistic,1
michigan,1
keywords,1
mediated,1
lightfoot,1
moore,1
persons,1
walde,1
cannot,1
promise,1
applied,1
excellent,1
intertwined,1
contesting,1
however,1
patent,1
find,1
negotiated,1
voice,1
possibility,1
memory,1
indian,1
biographies,1
failure,1
commitments,1
having,1
mapped,1
reinterpreting,1
underrepresentation,1
mom,1
toys,1
responding,1
framed,1
distinguish,1
descendant,1
significantly,1
leads,1
strategy,1
occupants,1
discusses,1
annexation,1
norm,1
proportions,1
apparent,1
calls,1
secret,1
confined,1
indigenous,1
patterning,1
minority,1
ten,1
texture,1
year,1
q,1
northwest,1
ranchos,1
demonstrates,1
collective,1
nisioncai,1
contextualizing,1
falling,1
mentioning,1
structures,1
beads,1
bereavement,1
call,1
documented,1
personal,1
away,1
reflect,1
canberra,1
newspaper,1
sensibility,1
predictive,1
rendered,1
my,1
connections,1
holy,1
strongest,1
attributed,1
shortcomings,1
foci,1
circumventing,1
good,1
indicator,1
recast,1
suggest,1
tested,1
applicability,1
multitude,1
sporting,1
exclude,1
settlement,1
anni,1
submit,1
nashville,1
revisited,1
driving,1
classically,1
accomplished,1
wider,1
luisa,1
choose,1
industry,1
mi,1
notorious,1
posturing,1
climate,1
partnering,1
portions,1
oklahoma,1
villages,1
motherhood,1
barbie,1
differing,1
redefinition,1
potent,1
core,1
contention,1
dedicated,1
characterizes,1
generally,1
articulation,1
beacon,1
loci,1
ot,1
results,1
paid,1
und,1
rowman,1
rockingham,1
kid,1
beauty,1
florida,1
appropriate,1
posing,1
cemetery,1
brothel,1
rest,1
intermarriage,1
avoid,1
houseyards,1
nations,1
transforming,1
south,1
threatened,1
f,1
defended,1
girl,1
therefore,1
symbolism,1
tasks,1
led,1
òpaces,1
investigating,1
ramifications,1
ceremonial,1
equality,1
matter,1
contest,1
absence,1
myriad,1
entitled,1
populations,1
identified,1
separation,1
problematizes,1
womanism,1
culturally,1
lurid,1
drama,1
overall,1
tlingit,1
trials,1
motivated,1
repentant,1
brief,1
fruit,1
islands,1
constraints,1
object,1
approaching,1
grande,1
thresholds,1
chore,1
comments,1
reforming,1
modes,1
ware,1
direction,1
virginian,1
positive,1
subculture,1
oakley,1
powerfully,1
biological,1
sponsorship,1
confronting,1
hypoplasias,1
forts,1
communities,1
competition,1
tur,1
victor,1
housing,1
opportunities,1
suited,1
makes,1
serve,1
optimally,1
hegemonic,1
yore,1
den,1
seeing,1
exposure,1
protonisionc,1
expediency,1
missing,1
tn,1
subjectivities,1
forays,1
combinatory,1
decenter,1
gendering,1
transformations,1
same,1
shifting,1
homology,1
experiment,1
nineteenthcentury,1
already,1
insights,1
mixtee,1
boarding,1
boost,1
hearth,1
gentlemen,1
entwined,1
hallmark,1
knapp,1
useful,1
definitions,1
ceramic,1
alteration,1
members,1
organizations,1
oral,1
critiques,1
boardinghouses,1
paul,1
business,1
factory,1
stories,1
fell,1
think,1
death,1
reconceptualized,1
haute,1
howlett,1
varies,1
ask,1
usually,1
flat,1
lime,1
gentle,1
anecdotal,1
generational,1
joyce,1
lack,1
idea,1
limit,1
problematized,1
gravestone,1
fundamental,1
minnesota,1
ediators,1
reformed,1
abstract,1
whelan,1
manifested,1
classical,1
pacific,1
beg,1
sexless,1
diverse,1
demonstrating,1
debates,1
cahawba,1
inherently,1
pattern,1
optic,1
discussed,1
puritan,1
rhetoric,1
anthropologist,1
mesoamenca,1
never,1
readers,1
outside,1
mestizo,1
adjacent,1
v,1
tales,1
actor,1
unit,1
attempting,1
continuing,1
developing,1
excavation,1
accepted,1
trabecular,1
non,1
norwegian,1
heavily,1
tell,1
strategies,1
confrontation,1
creole,1
spanishcolonial,1
epistemologies,1
norms,1
uimensions,1
frequency,1
flint,1
ignoring,1
jj,1
style,1
amounting,1
needletrades,1
free,1
fled,1
runaway,1
mcguire,1
polities,1
stance,1
bulletin,1
local,1
spector,1
fundamentally,1
palmares,1
analyzed,1
ine,1
processualist,1
situated,1
extended,1
vast,1
rio,1
father,1
indiana,1
determinates,1
own,1
easier,1
assemblages,1
upon,1
mothers,1
eighteenth,1
bear,1
magdelan,1
berkelev,1
region,1
hillside,1
transgressive,1
including,1
previously,1
manifestations,1
complexities,1
skeletal,1
encouraged,1
varying,1
host,1
asian,1
paradigm,1
bibliometric,1
exciting,1
granted,1
tolerance,1
aesthetics,1
variation,1
lhe,1
situationally,1
ethnic,1
lifestyle,1
carnes,1
kingdom,1
salvador,1
individuals,1
prelude,1
sees,1
previous,1
racializing,1
rouge,1
versions,1
negotiating,1
trade,1
explorations,1
clear,1
margaret,1
binaries,1
emphasizing,1
peripheral,1
barile,1
disentangled,1
lady,1
faces,1
ciaassen,1
individual,1
times,1
architectural,1
caribbean,1
zealand,1
ny,1
general,1
played,1
serves,1
stages,1
earlier,1
chilly,1
tneory,1
thomas,1
adequately,1
latter,1
foreshadow,1
quick,1
strangely,1
procurement,1
educational,1
especially,1
enough,1
internal,1
decunzo,1
taino,1
newspapers,1
constructing,1
dona,1
grafted,1
become,1
sight,1
sexed,1
contact,1
dynamically,1
lexas,1
prisons,1
effect,1
masculine,1
assigning,1
hi,1
probably,1
usa,1
translate,1
slightly,1
story,1
farmstead,1
astonishing,1
northern,1
forefront,1
versus,1
juxtapose,1
institution,1
cooperatives,1
relative,1
alias,1
division,1
stereotypes,1
performing,1
increasing,1
ranging,1
dealing,1
factors,1
wage,1
things,1
spelmen,1
relying,1
assigned,1
informs,1
me,1
cowgirls,1
mckee,1
fairly,1
continued,1
seifert,1
science,1
segments,1
figure,1
domains,1
spitalftelds,1
apeciai,1
outsiders,1
vision,1
suggestive,1
americanist,1
begin,1
tnose,1
disenfranchised,1
parent,1
urges,1
manly,1
widespread,1
male,1
becomes,1
contrast,1
referred,1
ritualized,1
venues,1
fraternity,1
strongly,1
shanty,1
render,1
credited,1
circumstance,1
markers,1
interplay,1
wilson,1
transformation,1
paraphernalia,1
lucas,1
deals,1
homelots,1
inessential,1
nuance,1
united,1
mortality,1
surprising,1
frontier,1
manhood,1
rive,1
subdivided,1
types,1
itself,1
canada,1
memorialized,1
conservation,1
regularly,1
stable,1
biology,1
door,1
detail,1
dubois,1
meant,1
abandonment,1
contained,1
magical,1
following,1
porcelains,1
premsiory,1
incorporated,1
peoples,1
girling,1
mercantile,1
ner,1
symbolic,1
iä,1
willingness,1
doi,1
overseas,1
lode,1
alternative,1
fictive,1
quickly,1
know,1
spnnger,1
mutually,1
dairy,1
colonization,1
extant,1
inequities,1
advertisements,1
undercite,1
expanding,1
roman,1
setting,1
sampling,1
capital,1
did,1
amcan,1
straightforward,1
ciass,1
argue,1
reminiscent,1
visiting,1
report,1
inquiry,1
ethnomedical,1
sociopohtics,1
town,1
hermitage,1
deconstruction,1
intersecting,1
yentsch,1
contradictory,1
impossible,1
figuring,1
massachusetts,1
separating,1
associations,1
cities,1
examining,1
going,1
berg,1
distinctive,1
ambivalent,1
prospects,1
rural,1
proposed,1
type,1
advances,1
merely,1
better,1
believed,1
ladies,1
william,1
augustine,1
scholarly,1
purchase,1
reproduce,1
notable,1
androcentric,1
selected,1
form,1
references,1
calif,1
physiologic,1
trinity,1
metaphor,1
proven,1
attitudes,1
cult,1
problem,1
extent,1
appropriated,1
riverlake,1
require,1
boys,1
produce,1
delle,1
femininities,1
apartment,1
richness,1
ideal,1
devalues,1
categories,1
garbage,1
middle,1
vessels,1
conference,1
anyang,1
dialogues,1
recursively,1
outline,1
careful,1
paradise,1
cl,1
affecting,1
kin,1
despite,1
alta,1
disciplines,1
egyptian,1
confronted,1
heir,1
screen,1
contribute,1
resistance,1
families,1
phenomenon,1
challenges,1
indians,1
allows,1
homosexuality,1
isolated,1
aims,1
representation,1
aspect,1
construed,1
categorization,1
refutation,1
iberian,1
question,1
understandings,1
argument,1
similar,1
ignored,1
finding,1
twentieth,1
camps,1
institutional,1
internally,1
chemical,1
recovering,1
position,1
ornian,1
grown,1
integrated,1
land,1
accompanying,1
need,1
green,1
unified,1
product,1
clearest,1
smaller,1
attributes,1
storytelling,1
effects,1
piece,1
defined,1
attempted,1
off,1
diaspora,1
area,1
lifecourse,1
madison,1
mexicano,1
comparison,1
respective,1
conceptualizing,1
contextually,1
searching,1
besides,1
interlinked,1
klein,1
plethora,1
themselves,1
broadening,1
memories,1
negotiate,1
norman,1
cohesive,1
views,1
import,1
visayan,1
dental,1
abandoned,1
reconciling,1
isolatable,1
complementarity,1
uxiuru,1
laborers,1
arnold,1
virtue,1
oí,1
doing,1
built,1
portrait,1
customs,1
cited,1
perception,1
discern,1
deeper,1
gold,1
continuously,1
hypothesis,1
