WORDCOUNTS,WEIGHT
and,1513
in,1016
the,931
of,732
a,427
archaeology,382
pp,311
archaeological,303
computer,298
applications,262
methods,241
to,221
quantitative,195
for,189
no,169
s,166
j,159
e,155
gis,149
k,148
information,147
m,134
international,122
university,110
p,110
bar,109
computing,102
an,96
new,89
data,84
on,82
calcolatori,81
d,76
archeologia,75
national,75
b,74
w,73
n,71
i,67
et,66
have,63
g,62
systems,61
is,61
c,61
as,60
with,60
sites,58
that,58
has,57
london,57
been,57
from,57
r,56
l,55
at,54
taylor,54
by,52
museum,51
use,50
newsletter,50
leidensia,49
interfacing,49
analysis,49
modeling,48
past,47
praehistorica,47
analecta,43
t,43
using,43
database,42
european,42
z,41
system,38
q,38
geographical,37
imaging,37
aarhus,37
global,36
site,35
di,35
project,35
technology,35
de,34
also,34
are,33
f,29
h,29
this,28
interpreting,28
visualization,28
u,28
be,28
it,27
richards,27
there,27
such,27
papers,27
excavation,26
electronic,26
graphics,25
publication,25
monuments,25
within,24
number,24
world,24
british,22
management,22
development,21
landscape,21
study,21
model,21
un,21
one,20
van,20
sydney,20
field,20
oxford,20
view,19
record,19
reconstruction,19
museums,19
techniques,19
occasional,18
journal,18
age,18
approach,18
scientific,18
computers,18
recording,18
some,17
communication,17
impact,17
prehistoric,17
its,17
or,17
processing,17
al,17
but,17
volume,17
survey,17
geographic,17
spatial,17
per,16
internet,16
application,16
their,16
was,16
ancient,16
predictive,16
more,16
la,16
space,16
not,16
they,15
archaeologists,15
multimedia,15
these,15
science,15
roman,15
models,15
case,14
developed,14
image,14
most,14
teaching,14
towards,14
expert,14
united,14
although,14
now,13
context,13
design,13
historical,13
york,13
resource,13
used,13
research,13
time,13
v,13
were,13
can,13
program,13
through,13
between,13
recent,13
center,12
american,12
committee,12
review,12
remote,12
settlement,12
will,12
regional,12
europe,12
projects,12
aerial,12
proceedings,12
classification,12
uk,12
digital,11
computerized,11
en,11
tool,11
social,11
buildings,11
ot,11
about,11
interpretation,11
simulation,11
many,11
congress,11
historic,11
artificial,11
interactive,11
urban,11
polish,10
software,10
databases,10
based,10
location,10
applied,10
future,10
del,10
do,10
sciences,10
paper,10
integrated,10
potential,10
images,10
north,10
human,9
della,9
archaeologist,9
sensing,9
cad,9
solid,9
cultural,9
tools,9
heritage,9
ine,9
including,9
which,9
environment,9
conference,9
way,8
approaches,8
into,8
lantada,8
resources,8
mapping,8
example,8
knowledge,8
issues,8
le,8
finds,8
ana,8
academy,8
mathematical,8
john,8
netherlands,8
graphical,8
over,8
particularly,8
antiquity,8
sistema,8
dati,8
early,8
major,8
studies,7
history,7
relational,7
bibliography,7
dei,7
than,7
virtual,7
how,7
oi,7
surface,7
late,7
public,7
work,7
records,7
il,7
trends,7
up,7
southern,7
present,7
pastcomputer,7
where,7
tne,7
see,7
autocad,7
documentation,7
become,7
widely,7
current,7
ibm,7
theory,7
both,7
representation,7
caa,7
integration,7
area,7
building,7
hypertext,6
introduction,6
likely,6
western,6
first,6
terrain,6
all,6
great,6
display,6
archive,6
neural,6
relationships,6
excavations,6
radar,6
developments,6
old,6
may,6
rather,6
levels,6
method,6
further,6
publications,6
structure,6
progetto,6
viewshed,6
integrating,6
second,6
east,6
areas,6
plan,6
patterns,6
developing,6
ic,6
pastelectronic,6
reality,6
would,6
so,6
earlier,6
continued,6
maps,6
photographs,6
practice,6
bronze,6
report,6
art,6
level,6
describes,6
land,6
develop,6
traditional,6
entities,5
o,5
group,5
large,5
complex,5
modern,5
experience,5
being,5
reconstructions,5
ii,5
england,5
other,5
discipline,5
eastern,5
primary,5
arcnaeoiogicai,5
adoption,5
apply,5
stratigraphie,5
generation,5
implementation,5
growth,5
learning,5
una,5
importance,5
form,5
dalla,5
upper,5
beyond,5
important,5
because,5
artifacts,5
literature,5
italy,5
structures,5
personal,5
mediterranean,5
annual,5
therefore,5
poland,5
implications,5
service,5
tor,5
make,5
reports,5
published,5
analytical,5
reasoning,5
surfaces,5
centre,5
material,5
matrix,5
studio,5
made,5
stennis,5
significant,5
info,5
greece,5
pottery,5
me,5
seen,5
conservation,5
then,5
complexity,5
text,5
satellite,5
nouvelles,5
beni,5
automatic,5
données,5
particular,5
geo,5
video,5
role,5
november,5
examples,5
svdnev,5
need,5
france,5
valley,5
undergraduate,4
universite,4
environmental,4
scottish,4
settlements,4
du,4
commission,4
advanced,4
possibilities,4
simple,4
displays,4
state,4
date,4
intelligence,4
recorded,4
geophysical,4
possible,4
activity,4
central,4
royal,4
quality,4
since,4
relatively,4
individual,4
enhancement,4
allowing,4
hybrid,4
y,4
tutorials,4
main,4
across,4
landscapes,4
means,4
visualizations,4
underwater,4
og,4
hardware,4
providing,4
had,4
lock,4
allow,4
begun,4
abbey,4
base,4
archaeofaunal,4
archéodata,4
nel,4
package,4
aspects,4
network,4
island,4
archéologie,4
during,4
reflect,4
hypermedia,4
employed,4
aided,4
small,4
und,4
provided,4
variety,4
rome,4
harris,4
object,4
single,4
culturali,4
coverage,4
under,4
anakcta,4
experiment,4
department,4
only,4
lack,4
classical,4
reilly,4
forms,4
outside,4
ground,4
english,4
reconstructing,4
technologies,4
region,4
collections,4
lake,4
variables,4
described,4
immagini,4
cartographic,4
passe,4
architectural,4
period,4
general,4
structuring,4
provides,4
exchange,4
graphic,4
problems,4
spain,4
visualizing,4
humanities,4
provide,4
gestione,4
practical,4
types,4
rahtz,4
alternative,4
dimension,4
each,4
far,4
iron,4
discuss,4
what,4
investigation,4
terms,4
distribution,4
topographical,4
des,4
bath,4
recognition,4
multiple,4
city,4
ein,4
years,4
web,4
evidence,4
states,4
attempted,4
specific,4
given,4
forte,4
among,4
programming,4
should,4
modelling,3
archives,3
concerned,3
later,3
groups,3
distributed,3
germany,3
designed,3
library,3
ways,3
denmark,3
investigating,3
park,3
decade,3
anthropology,3
protection,3
système,3
tecniche,3
production,3
neolithic,3
conceiçao,3
link,3
take,3
kingdom,3
last,3
sacred,3
visibility,3
dissemination,3
key,3
incorporate,3
tracing,3
accessible,3
analyzing,3
interest,3
ray,3
palaeolithic,3
networks,3
explore,3
archeologica,3
interesting,3
fort,3
links,3
managing,3
illustration,3
basic,3
corinth,3
presentation,3
japanese,3
contributions,3
acquisition,3
desktop,3
river,3
statistical,3
tltp,3
driven,3
just,3
perspective,3
gaffney,3
strategy,3
norway,3
could,3
search,3
scotland,3
ceramica,3
artefact,3
hinterland,3
photography,3
reviews,3
burial,3
scale,3
amenable,3
wide,3
well,3
basis,3
interface,3
planning,3
concept,3
part,3
user,3
nella,3
tombs,3
thoughts,3
overview,3
editorial,3
statistics,3
hungary,3
good,3
presented,3
next,3
involved,3
castle,3
shapes,3
progress,3
informatica,3
structured,3
preliminary,3
valuable,3
led,3
matter,3
architecture,3
expansion,3
limited,3
wetland,3
archeologiche,3
still,3
standing,3
rchme,3
edited,3
calcolatore,3
index,3
une,3
ed,3
informatiche,3
visualize,3
matrices,3
technique,3
didattica,3
toward,3
others,3
flat,3
idea,3
documents,3
inevitably,3
end,3
distributions,3
discussed,3
japan,3
fieldwork,3
another,3
able,3
demonstrated,3
understanding,3
exploring,3
extended,3
discovery,3
deposits,3
medium,3
ageing,3
orientated,3
arizona,3
questions,3
processes,3
op,3
times,3
plant,3
high,3
pompeii,3
examine,3
wroxeter,3
northern,3
publishing,3
alla,3
shepton,3
testing,3
ryan,3
bulletin,3
predict,3
countries,3
often,3
construction,3
education,3
aboriginal,3
evaluation,3
archeologici,3
any,3
series,3
changing,3
athens,3
les,3
temporal,3
temple,3
funding,3
set,3
der,3
news,3
different,3
archéologues,3
explicitly,3
pour,3
making,3
mathematics,3
produce,3
imperial,3
emphasis,3
popular,3
thereby,3
little,3
centro,3
unit,3
programs,3
reconstruct,3
archéologiques,3
arcneoiogia,3
lille,3
survival,3
commercial,3
illinois,3
archeologico,3
wadi,3
cognitive,3
algorithms,3
sur,3
retrieval,3
defined,3
ziqlab,3
meeting,3
archäologische,3
normale,2
miller,2
does,2
institut,2
revue,2
geografski,2
computerbased,2
go,2
represent,2
drawing,2
extends,2
mountains,2
disc,2
metadata,2
stone,2
brodsworth,2
specialist,2
true,2
wilcock,2
kl,2
fletcher,2
easily,2
postprocessual,2
esri,2
ms,2
considerations,2
brandt,2
policy,2
description,2
presents,2
francis,2
total,2
before,2
exceptions,2
contexts,2
par,2
anaiecta,2
test,2
diffusion,2
file,2
ordinateurs,2
lower,2
bopladser,2
either,2
verso,2
ui,2
taken,2
might,2
rush,2
osteoarchaeology,2
exhibition,2
agenda,2
nature,2
experiments,2
handling,2
reach,2
principles,2
scientists,2
continue,2
wooden,2
aasivissuit,2
spans,2
rensdyrjagt,2
theoiy,2
government,2
mississippi,2
idet,2
gestion,2
mind,2
emphasized,2
concepts,2
primitive,2
those,2
mars,2
investigations,2
ad,2
side,2
guillot,2
thangka,2
iv,2
america,2
hall,2
aenal,2
italian,2
capable,2
stratigraphy,2
bell,2
dynamic,2
genetic,2
undoubtedly,2
ritual,2
framework,2
funded,2
converting,2
southwestern,2
madrid,2
difficulties,2
representations,2
dynamics,2
mm,2
adopted,2
conducted,2
media,2
sinclair,2
cases,2
elements,2
horemheb,2
interim,2
raises,2
effective,2
engineering,2
aim,2
look,2
leusen,2
influence,2
parks,2
higher,2
employ,2
mechanisms,2
virtuale,2
caso,2
mesolithic,2
town,2
reflects,2
clubb,2
furness,2
mountain,2
influential,2
hie,2
capture,2
process,2
kark,2
proportion,2
à,2
barceló,2
pmehistorica,2
evolution,2
factors,2
references,2
winchester,2
informatique,2
objects,2
established,2
frauenkirche,2
numbers,2
dominate,2
traces,2
house,2
exploratory,2
advancing,2
follow,2
microcomputer,2
putting,2
prototype,2
suggested,2
modeler,2
appear,2
conquest,2
experimentation,2
greater,2
uses,2
problem,2
came,2
lead,2
photorealistic,2
societies,2
found,2
photogrammetric,2
access,2
seven,2
out,2
deal,2
criticisms,2
events,2
monitoring,2
territorio,2
initial,2
term,2
academic,2
density,2
applying,2
durham,2
focused,2
simulate,2
rectification,2
ior,2
computine,2
fulfill,2
fish,2
conferences,2
simulations,2
storage,2
line,2
journals,2
updated,2
ruggles,2
scope,2
coping,2
su,2
discusses,2
training,2
penetrating,2
tale,2
relevance,2
mallet,2
artifact,2
rendered,2
dresden,2
courseware,2
change,2
statutory,2
painting,2
anni,2
tibetan,2
long,2
around,2
rylands,2
industry,2
manchester,2
latest,2
boundaries,2
koebenhavns,2
core,2
generally,2
st,2
dependent,2
results,2
appropriate,2
value,2
huggett,2
scuola,2
input,2
pattern,2
south,2
various,2
logiciel,2
workbench,2
populations,2
britain,2
subject,2
intended,2
allen,2
flag,2
cistercian,2
traps,2
ulb,2
guide,2
once,2
od,2
reference,2
makes,2
thought,2
den,2
tradizione,2
classroom,2
included,2
perspectives,2
culture,2
same,2
broad,2
gazella,2
aid,2
hydrological,2
two,2
modelers,2
picture,2
visualizzazione,2
organizations,2
palm,2
again,2
put,2
rock,2
tremendous,2
ieee,2
villa,2
cumulative,2
clarendon,2
designing,2
grave,2
informativo,2
meuse,2
precinct,2
paris,2
computerizing,2
archaeobotanical,2
strategies,2
analyses,2
als,2
routledge,2
hvar,2
local,2
greatest,2
generate,2
background,2
upon,2
range,2
tutorial,2
formal,2
wheatley,2
simulating,2
increase,2
combining,2
yorkshire,2
aree,2
rare,2
recovery,2
laboratory,2
full,2
advantages,2
students,2
berkshire,2
significance,2
similar,2
computational,2
ricerche,2
modem,2
oc,2
dominated,2
bonn,2
ireland,2
rains,2
methodological,2
creating,2
mexico,2
collected,2
distinction,2
preservation,2
heslerton,2
life,2
circaea,2
internal,2
parallel,2
hungarian,2
plans,2
topics,2
effect,2
intrasite,2
cognition,2
fur,2
analyze,2
looked,2
wildlife,2
professional,2
greek,2
arcnaeoiogy,2
stage,2
condah,2
topography,2
lo,2
society,2
raise,2
select,2
who,2
leiden,2
visual,2
gli,2
paesaggio,2
tisza,2
boaz,2
pipeline,2
bones,2
antiquities,2
fields,2
anthropological,2
variable,2
victoria,2
rarely,2
mathias,2
growing,2
mentioned,2
measurements,2
simply,2
integrato,2
known,2
palace,2
ricerca,2
offers,2
control,2
sygraf,2
country,2
cemetery,2
sheep,2
extraction,2
exploration,2
half,2
universal,2
enhancements,2
iii,2
patrimonio,2
lancaster,2
recherche,2
rural,2
works,2
assessment,2
advances,2
forhistorisk,2
für,2
animal,2
integrates,2
unique,2
them,2
offering,2
pact,2
dallas,2
englands,2
agricultural,2
map,2
microcosm,2
zur,2
chartrand,2
institute,2
oo,2
almost,2
doran,2
contain,2
larsen,2
digitized,2
archeologìa,2
press,2
african,2
die,2
geophysics,2
fissure,2
allows,2
computerization,2
iberian,2
come,2
solids,2
cambridge,2
detection,2
similarity,2
americas,2
include,2
define,2
usa,2
effects,2
seeks,2
programme,2
increased,2
elaborazione,2
indices,2
booth,2
offered,2
west,2
territories,2
searching,2
removing,2
third,2
digging,2
sperimentazione,2
focus,2
much,2
technological,2
intelligent,2
cross,2
southeastern,2
built,2
conception,2
inventories,2
perception,2
difficult,1
regione,1
palaeoeskimoisk,1
intricate,1
syntax,1
programmer,1
smoke,1
battlefield,1
instituto,1
currently,1
cartografico,1
produces,1
rate,1
automatisierte,1
doubts,1
page,1
oriented,1
liminal,1
edge,1
common,1
implemented,1
ainaiysor,1
photographic,1
if,1
medieval,1
meaning,1
commentary,1
names,1
analisi,1
broadest,1
arches,1
investigaciones,1
ackerly,1
dangers,1
decades,1
residencial,1
credibility,1
affected,1
interventions,1
inexpensive,1
college,1
hazendonk,1
ordination,1
red,1
magnetic,1
natural,1
prairie,1
aboveground,1
northumbria,1
designer,1
mcclung,1
depostional,1
connecticut,1
forcing,1
identifies,1
registering,1
methodology,1
prediction,1
partially,1
achievements,1
modellistico,1
arcneoiogici,1
veit,1
guio,1
projectan,1
identify,1
altägyptischer,1
linkages,1
stratigraphische,1
live,1
registra,1
quebec,1
sets,1
continent,1
rounded,1
ufcopnysicai,1
bias,1
locators,1
jonathan,1
cryptic,1
seriation,1
basilique,1
favor,1
ti,1
former,1
researcn,1
neues,1
devices,1
position,1
laboriously,1
animations,1
erstellung,1
predicting,1
unlike,1
oxbow,1
evaluating,1
sonar,1
disegno,1
tells,1
geospan,1
pipes,1
nipigon,1
ussr,1
haigh,1
interpretative,1
standards,1
digitali,1
geographie,1
mexican,1
source,1
diversity,1
annals,1
tei,1
contact,1
romanian,1
rehearsed,1
women,1
miegraiea,1
predominantly,1
automated,1
fabric,1
expanding,1
witft,1
sprache,1
explaining,1
permit,1
geosoft,1
sources,1
cope,1
textual,1
revisited,1
rozoy,1
sectorthe,1
preceding,1
universitv,1
creation,1
hillslopes,1
om,1
mrormauon,1
handle,1
deterministic,1
steady,1
attempts,1
computere,1
historians,1
sampling,1
culturally,1
concentrated,1
anomalies,1
viewer,1
attempt,1
telerilevate,1
progression,1
utilization,1
vanished,1
actual,1
arcinfo,1
wolle,1
ipotesi,1
syndney,1
fugawiland,1
anu,1
hazy,1
editions,1
containing,1
zeitschrift,1
hoffman,1
regionale,1
buildup,1
available,1
copy,1
semeraro,1
avec,1
secondary,1
aids,1
siculus,1
vestgroenlandske,1
undertake,1
differences,1
euespendes,1
peopling,1
imaginary,1
rich,1
admittedly,1
inherent,1
ephemeral,1
substantive,1
mandibles,1
characterizing,1
tertiary,1
vikings,1
locality,1
photonet,1
products,1
picardie,1
scavi,1
subsequent,1
help,1
integrate,1
shennan,1
carta,1
course,1
devised,1
commercialism,1
cheshire,1
manipulating,1
thessaloniki,1
remainder,1
conserve,1
proprietary,1
préliminaires,1
contrasting,1
adventures,1
dora,1
alike,1
somewhat,1
gibson,1
signs,1
édition,1
relations,1
surveys,1
soace,1
behind,1
computerprogramm,1
lecturer,1
el,1
filozofske,1
depends,1
trasformazioni,1
employs,1
issue,1
mavfield,1
klinglberg,1
con,1
inclusive,1
counting,1
transport,1
dr,1
arctos,1
museology,1
plain,1
linear,1
ennancemem,1
koger,1
sunken,1
assertions,1
tutoring,1
formulation,1
component,1
capacity,1
impiego,1
motion,1
constraint,1
sought,1
bases,1
mass,1
gm,1
firm,1
ventures,1
march,1
solving,1
bandwagon,1
tivity,1
centuriation,1
chapter,1
copenhagen,1
account,1
vol,1
informatise,1
enncned,1
opened,1
probing,1
determined,1
politics,1
uesign,1
pets,1
illustrate,1
systèmes,1
reaction,1
solely,1
functions,1
integrata,1
videography,1
julian,1
investigator,1
potok,1
informatico,1
pilot,1
rodrigues,1
landsat,1
mercaturae,1
barry,1
apart,1
mental,1
visualized,1
narbonnaise,1
wansleeben,1
topografia,1
very,1
designto,1
establishment,1
uncertain,1
cited,1
requirements,1
above,1
negli,1
constrained,1
avebury,1
explorer,1
horticulturalists,1
catajogazione,1
michaels,1
sequenze,1
irrespective,1
ross,1
warfare,1
cotswolds,1
collection,1
ricostruzione,1
inventory,1
behavior,1
gaffhey,1
visits,1
usage,1
modelled,1
expertise,1
regarding,1
ttnon,1
matériau,1
restos,1
thus,1
archäologie,1
chapters,1
multidimensional,1
examining,1
typological,1
boland,1
systemi,1
applicazioni,1
surely,1
dew,1
southampton,1
accuracy,1
guinea,1
modify,1
spectrum,1
inevitable,1
run,1
countless,1
mycenae,1
longevity,1
constantly,1
due,1
fundgegenständen,1
tables,1
sediment,1
decisiva,1
unpublished,1
loro,1
millennium,1
stapeley,1
patchy,1
domain,1
ut,1
regarded,1
trench,1
ag,1
bridging,1
aiatsis,1
esperienze,1
chive,1
salisbury,1
inazione,1
digitizer,1
photographies,1
club,1
pm,1
price,1
raisonnement,1
vanguard,1
rilievo,1
handbooks,1
encyclopedia,1
ibenan,1
ranters,1
theoretic,1
fabrics,1
geometry,1
employing,1
stratigrafianalyse,1
treasure,1
century,1
manager,1
dudley,1
beex,1
montana,1
czechoslovak,1
djindjian,1
forced,1
kind,1
ai,1
exercise,1
arheologija,1
vestgroenjandske,1
concentrations,1
economical,1
oxfordshire,1
archaeologyan,1
arroux,1
biskowski,1
document,1
informáticas,1
pokrejine,1
refer,1
polo,1
santa,1
bibliographie,1
speed,1
agility,1
response,1
quantifying,1
mphil,1
wares,1
inclusion,1
nistory,1
output,1
moving,1
afford,1
illustrator,1
aninropoiogy,1
thin,1
compare,1
churchyard,1
perseus,1
scripta,1
culturan,1
sgml,1
fieldiana,1
tridimensionale,1
even,1
student,1
charcoals,1
excavator,1
ivccuiu,1
tucson,1
rauuiuu,1
critique,1
shading,1
occupation,1
dublin,1
datenbank,1
demonstration,1
citizen,1
deeply,1
jr,1
longterm,1
banca,1
recherches,1
kentucky,1
niagara,1
malaysia,1
savage,1
overfladefiind,1
thesaurus,1
dust,1
staffordshire,1
formats,1
romania,1
gilraan,1
incidental,1
zarzosa,1
sabine,1
walls,1
glen,1
morphometric,1
oj,1
failed,1
desachy,1
gaining,1
downright,1
archaic,1
via,1
reconstructed,1
assistée,1
colin,1
attività,1
manipulated,1
verzetteln,1
whose,1
veiy,1
laserdisc,1
ontario,1
siliotti,1
czechoslovakia,1
act,1
his,1
subjected,1
ascea,1
principally,1
lniorraauon,1
mes,1
compatible,1
perceiving,1
primitives,1
delrinfromatica,1
nominal,1
tancy,1
fantasies,1
explicit,1
af,1
aplicaciones,1
feder,1
conjunto,1
knew,1
represented,1
conoscenza,1
ägyptische,1
opportunity,1
redo,1
determining,1
nsw,1
risk,1
integriertes,1
fakultete,1
legal,1
flexible,1
connected,1
ex,1
lagrange,1
generalised,1
postdepositional,1
filmate,1
perkins,1
branch,1
systemsthe,1
revelation,1
novice,1
jm,1
molyneaux,1
ordinateur,1
salutary,1
burials,1
discoveries,1
arbor,1
awareness,1
rcahms,1
von,1
archéoutils,1
harmonization,1
fudlic,1
moves,1
superhighway,1
multivariate,1
support,1
projet,1
viewfinder,1
thomas,1
eighteen,1
archeologi,1
morimoto,1
centuriate,1
suppression,1
changes,1
vue,1
altertumskunde,1
ueograpmc,1
multisensor,1
consultation,1
plus,1
ñ,1
biswell,1
civilizations,1
consider,1
underdeveloped,1
pasv,1
possibly,1
meda,1
benefits,1
intensive,1
emergence,1
dated,1
archnet,1
comune,1
internationale,1
linked,1
semantics,1
section,1
byzantine,1
safe,1
realities,1
bruce,1
without,1
northeastern,1
accessibility,1
argued,1
frequently,1
reviewed,1
uaia,1
uve,1
unavoidable,1
retrospective,1
milan,1
initiative,1
projectthe,1
romanesque,1
wauonai,1
fagan,1
peru,1
fueawuand,1
linkage,1
followed,1
defines,1
idealized,1
kamermans,1
comprising,1
cost,1
affreschi,1
hoard,1
traitments,1
caribou,1
baths,1
sériations,1
engines,1
plenum,1
permanent,1
motonaka,1
care,1
potentials,1
tecnologie,1
syntheses,1
photos,1
required,1
processor,1
modellatone,1
mer,1
cut,1
oblique,1
lor,1
numerical,1
archaeologische,1
rickmrds,1
reflections,1
matching,1
whereas,1
strategiesy,1
slimpac,1
souris,1
palmer,1
worries,1
expressed,1
arcnive,1
tipo,1
uttice,1
closely,1
advance,1
antiquaries,1
jadis,1
whom,1
rf,1
identifying,1
ethnography,1
intervisible,1
contributo,1
tra,1
appearance,1
encoding,1
holds,1
basin,1
nt,1
called,1
color,1
traditionally,1
archäologisches,1
explanatory,1
ägyptologisches,1
sequel,1
nypermeaia,1
effort,1
creates,1
format,1
scenes,1
iconographie,1
systemtowards,1
cigarralejo,1
rooms,1
koman,1
hough,1
relate,1
upgrading,1
zone,1
aloof,1
sistemi,1
hackness,1
funérairespexample,1
thames,1
czech,1
archaeozoology,1
embedded,1
unions,1
logiciste,1
fourth,1
znanstveni,1
videodisco,1
sulla,1
accessing,1
multimédia,1
understood,1
wales,1
war,1
mainly,1
ravello,1
preistorica,1
treat,1
viewed,1
archaeologia,1
produced,1
sul,1
cannot,1
priorities,1
promise,1
mentita,1
excellent,1
appearing,1
videomicroscopy,1
steele,1
universidad,1
explored,1
your,1
perform,1
saving,1
absolute,1
vehicles,1
taught,1
uxiora,1
lizee,1
datenbanksystem,1
gps,1
beaker,1
animated,1
heijo,1
engine,1
coin,1
criteria,1
technical,1
servizio,1
shape,1
abuse,1
watershed,1
specifically,1
martlew,1
gained,1
tutela,1
aging,1
uispp,1
keeping,1
figurative,1
methode,1
idées,1
gebauer,1
gains,1
romans,1
bc,1
aetolia,1
giasone,1
spicer,1
dbase,1
industrial,1
udnyttelse,1
start,1
ideal,1
teotihuacan,1
ouuaing,1
writers,1
nine,1
stafford,1
palaeopathology,1
nyhedsbrev,1
brought,1
interand,1
characterization,1
crude,1
civil,1
neolithization,1
formalisation,1
reduction,1
studia,1
metodologia,1
patterning,1
gandont,1
tenure,1
routinely,1
minority,1
tapia,1
year,1
seniemeni,1
lunburg,1
gave,1
describe,1
archaeologywhy,1
discussions,1
place,1
atreus,1
fiora,1
demonstrates,1
hm,1
decipherment,1
contains,1
people,1
archaeologystudies,1
actually,1
moments,1
middle,1
pan,1
saskatchewan,1
mise,1
antike,1
compoter,1
marozas,1
focuses,1
away,1
overseas,1
compact,1
intersections,1
systematic,1
participate,1
achieving,1
showing,1
waten,1
scollar,1
lau,1
scientica,1
obliques,1
lakehead,1
combine,1
kota,1
iille,1
sensuous,1
whither,1
indexed,1
lithics,1
scheduled,1
redressement,1
count,1
computerzeichnungçn,1
archaeobotanic,1
positioning,1
annotated,1
archeology,1
catchments,1
bibliographies,1
tilbury,1
terramarra,1
statistically,1
solution,1
eine,1
successful,1
describing,1
kultur,1
hard,1
working,1
vinosk,1
cataloguing,1
responsibility,1
assendelvers,1
digitizing,1
sachsenanhalt,1
milligan,1
parish,1
noisy,1
computerizzato,1
tempe,1
relating,1
uncontrolled,1
applicability,1
order,1
trie,1
contrast,1
interacting,1
medievale,1
mississippl,1
stimulated,1
quite,1
túnel,1
características,1
sake,1
altay,1
ârhus,1
codifica,1
several,1
mound,1
habitation,1
eda,1
initiating,1
soil,1
teoria,1
driving,1
wider,1
replace,1
compatibility,1
county,1
dodo,1
civic,1
observe,1
invaluable,1
australian,1
shadows,1
essentially,1
villages,1
worid,1
idrisi,1
impossible,1
da,1
dedicated,1
fully,1
mythological,1
overemphasized,1
beacon,1
jordan,1
nationalmuseets,1
universities,1
majority,1
réorientation,1
valenza,1
protostorici,1
guidazzoli,1
citations,1
bollettino,1
landscapesapproaches,1
environmentally,1
notes,1
ottaway,1
computation,1
cairn,1
increments,1
contributory,1
remota,1
informational,1
activities,1
accomputer,1
subsequently,1
fonti,1
omission,1
chronological,1
degli,1
battle,1
register,1
testi,1
navigazione,1
microwear,1
he,1
transform,1
republic,1
topografía,1
situation,1
demand,1
gandon,1
exeter,1
lit,1
polygons,1
unaerwaier,1
catchment,1
antropiche,1
irish,1
economic,1
insediamenti,1
imagery,1
papua,1
located,1
testimonianze,1
comparative,1
play,1
cartography,1
corporation,1
koyenta,1
forward,1
emilia,1
novosibirsk,1
constraints,1
etc,1
community,1
fcrtassung,1
romagna,1
harry,1
mainstream,1
studien,1
humans,1
recreating,1
movement,1
intervisibility,1
roads,1
hitherto,1
surveyed,1
idba,1
assendelver,1
siti,1
decisions,1
direction,1
isknd,1
conventional,1
nubia,1
illuminating,1
calculate,1
palamedeapplication,1
reportsa,1
frankish,1
yet,1
wortbesprechungen,1
antiquarian,1
auspices,1
mh,1
vs,1
etat,1
rrojeci,1
represents,1
deiristituto,1
deus,1
read,1
rhodes,1
serve,1
outile,1
plough,1
ring,1
funinteractive,1
fifth,1
restricted,1
us,1
winding,1
perceived,1
demographic,1
dé,1
macintosh,1
complete,1
hadnan,1
bloomington,1
arcs,1
middleton,1
rectangular,1
rising,1
obzomik,1
every,1
cementum,1
ägyptologische,1
tomba,1
vrml,1
tentative,1
trattamento,1
largest,1
vers,1
challenges,1
algebraic,1
damaged,1
aériennes,1
représentation,1
increasingly,1
contesto,1
tavlor,1
locational,1
independent,1
delfi,1
inference,1
muy,1
ceramic,1
routes,1
awakened,1
members,1
topographically,1
denkmalpflege,1
visitor,1
pd,1
name,1
successfully,1
french,1
mineralogical,1
paul,1
sistematico,1
book,1
participated,1
longhouse,1
challenge,1
interpretazione,1
scan,1
fragmentation,1
death,1
locating,1
pointed,1
rompeil,1
higgins,1
ecological,1
similarly,1
freedom,1
troia,1
towns,1
revealed,1
lime,1
conduct,1
performance,1
smith,1
dalle,1
ht,1
sui,1
registration,1
multimediali,1
arawe,1
fact,1
envarch,1
unifying,1
longer,1
distribución,1
consideration,1
preserve,1
fundamental,1
blur,1
scholars,1
csáki,1
blocks,1
informationssystem,1
departments,1
proposal,1
euesperides,1
environs,1
appeared,1
match,1
abstract,1
uec,1
choice,1
lombardia,1
layer,1
enable,1
larger,1
header,1
examinations,1
district,1
demonstrating,1
quelques,1
prospects,1
potes,1
informationen,1
chs,1
variation,1
tm,1
considerable,1
proofing,1
nuclear,1
man,1
daniels,1
worn,1
kelationshtp,1
bradford,1
cti,1
foreseeable,1
anthropologist,1
acequia,1
never,1
readers,1
selinunte,1
kit,1
determinism,1
monographs,1
polders,1
rayward,1
gaule,1
covered,1
leeds,1
sz,1
altägyptischen,1
road,1
sadly,1
intersite,1
purposes,1
existing,1
establish,1
hinterlands,1
mural,1
maplnfo,1
zacearía,1
slovenia,1
less,1
answer,1
council,1
necessary,1
til,1
agencies,1
isostatically,1
tsetween,1
perhaps,1
native,1
teeth,1
exceeds,1
flint,1
buildingswith,1
quesada,1
museumsindexan,1
alle,1
fundamentals,1
topográfica,1
wood,1
argument,1
ror,1
midwest,1
eminently,1
remained,1
troica,1
microsoft,1
numic,1
innovazione,1
classes,1
meaningful,1
investment,1
elevations,1
videodiscs,1
banche,1
grundlagenvermessung,1
preliminare,1
atlantic,1
indiana,1
success,1
wessex,1
cheetham,1
restrictions,1
own,1
easier,1
comprise,1
graph,1
pendragon,1
multimediale,1
values,1
limitations,1
israel,1
sides,1
adjacency,1
sonware,1
scala,1
archaeologicajly,1
concern,1
prospection,1
arkaeologi,1
keyhole,1
confidence,1
inquadrati,1
photorealism,1
hypotheses,1
soitware,1
largely,1
assumption,1
magdalenian,1
decreed,1
exciting,1
began,1
factor,1
ecotechnology,1
archéologique,1
sequence,1
consortium,1
net,1
programma,1
assign,1
trend,1
engineers,1
ubsrcollection,1
maintains,1
marmara,1
services,1
individuals,1
radiocarbon,1
prelude,1
knowable,1
raising,1
alphanumeric,1
theories,1
rrom,1
dating,1
stutt,1
theoretical,1
vii,1
mellars,1
trade,1
anasazi,1
cdrom,1
scanning,1
open,1
martiew,1
appraisal,1
clear,1
biblical,1
three,1
reproccomputer,1
emphasizing,1
authors,1
stress,1
comprehensive,1
language,1
nora,1
lakes,1
damage,1
edb,1
uia,1
brad,1
interpret,1
august,1
held,1
arc,1
symposium,1
haunted,1
gardin,1
informacijski,1
allowed,1
democratizing,1
started,1
zealand,1
ef,1
flood,1
indexing,1
bringing,1
direct,1
pincevent,1
mount,1
features,1
memorable,1
linking,1
stresses,1
paths,1
résultats,1
suirambra,1
practiced,1
spirits,1
fruizione,1
black,1
standard,1
procuring,1
primer,1
vaunted,1
adequately,1
permitting,1
excavating,1
antico,1
quick,1
promotion,1
procurement,1
educational,1
voorrips,1
graves,1
geografico,1
article,1
leuven,1
commentators,1
trying,1
imaginative,1
miles,1
easy,1
aegean,1
reconstitution,1
craft,1
insula,1
interpretations,1
assessing,1
compute,1
exactly,1
rectiîication,1
availability,1
cuyo,1
contextualism,1
herzog,1
thirteenth,1
situ,1
probably,1
cinque,1
looks,1
scenary,1
competer,1
southwest,1
attracted,1
urbs,1
versus,1
saw,1
we,1
tendency,1
thunder,1
catalogatone,1
relative,1
seduction,1
viewsheds,1
greca,1
buropean,1
steps,1
instituti,1
compiutimi,1
vector,1
virtuality,1
division,1
justice,1
visit,1
federal,1
china,1
dealing,1
hasenstab,1
dreidimensionale,1
tests,1
arcnaeoiogie,1
diodorus,1
disegna,1
relationship,1
gardermoen,1
pro,1
archis,1
stems,1
iroquois,1
catia,1
irom,1
note,1
africa,1
binney,1
klassifikation,1
già,1
evolve,1
eidologia,1
mixture,1
fornvännen,1
popularity,1
macrobotanicos,1
usually,1
nachlese,1
nara,1
imbalance,1
meffert,1
vision,1
kotsakis,1
impressive,1
kipaa,1
begin,1
archäologischen,1
scienze,1
inside,1
confronto,1
foreword,1
discard,1
widespread,1
primarily,1
directions,1
transformed,1
deposit,1
detailed,1
team,1
force,1
ipermediale,1
cadastre,1
hopeful,1
determination,1
grinding,1
contribution,1
inadequate,1
rapidly,1
try,1
plains,1
discourse,1
essing,1
tjomputer,1
why,1
safest,1
introductory,1
responsible,1
romanisation,1
geoplot,1
continually,1
existed,1
polytechnic,1
understand,1
grundlage,1
dead,1
ruff,1
stratified,1
supporting,1
roma,1
esperto,1
when,1
itself,1
canada,1
arts,1
migliore,1
problematic,1
generator,1
investigate,1
méthode,1
nemage,1
earliest,1
matters,1
probabalistic,1
nacional,1
chiribiquete,1
school,1
archéometrie,1
meant,1
publicly,1
share,1
alistic,1
heavy,1
monument,1
going,1
beast,1
woodwark,1
trackways,1
historian,1
uiò,1
fluny,1
prehistory,1
sorting,1
authoring,1
rievaulx,1
version,1
conjunction,1
incorporated,1
vestgroenlandskeindland,1
ultimate,1
must,1
founded,1
extending,1
manual,1
demonstrate,1
extensive,1
concordance,1
thiessen,1
roas,1
speculating,1
symbolic,1
nasa,1
korrespondenzblatt,1
precise,1
kemp,1
physical,1
excel,1
carbondale,1
reconnaissance,1
teotihuacano,1
rocky,1
colorado,1
cover,1
finnish,1
drafting,1
defining,1
kilmartin,1
continental,1
salvia,1
ofpinon,1
colonization,1
sure,1
feature,1
readily,1
tara,1
aei,1
tomb,1
ancestor,1
specialized,1
novel,1
attribute,1
contained,1
setting,1
innovations,1
believe,1
sm,1
capital,1
stack,1
did,1
best,1
contextual,1
casi,1
print,1
instantaneous,1
printed,1
stressed,1
wall,1
unina,1
amberweb,1
inquiry,1
authorware,1
foundation,1
tu,1
collins,1
ozawa,1
encouraging,1
build,1
hypotheticodeductive,1
arcfteojogico,1
pictures,1
mnonai,1
sql,1
rickards,1
davidson,1
drum,1
better,1
sistematizzazione,1
maltese,1
phd,1
subterranean,1
following,1
beginning,1
cal,1
sysand,1
uomputers,1
sygrafresource,1
nederiandse,1
according,1
foolhardy,1
apain,1
inortn,1
midlands,1
geograpnic,1
notable,1
discharge,1
circles,1
traitement,1
ones,1
degree,1
dem,1
thirty,1
proven,1
olà,1
statement,1
mere,1
poviglio,1
lockyear,1
penetration,1
extent,1
inscriptions,1
nautical,1
höhnen,1
gissen,1
foundations,1
charting,1
classificazione,1
dissecting,1
landesamt,1
studying,1
divide,1
mull,1
migrations,1
delle,1
influenced,1
superiore,1
apartment,1
suggests,1
instilled,1
aguas,1
universe,1
compuienzca,1
beazley,1
anatomia,1
outline,1
paintings,1
boldly,1
kirkstall,1
esperienza,1
preserved,1
entrance,1
portraying,1
protected,1
reported,1
conclude,1
sea,1
despite,1
metnoas,1
practices,1
frescoes,1
content,1
courses,1
predictions,1
englandtheory,1
publishers,1
tried,1
transition,1
rendering,1
administration,1
step,1
agents,1
collegiate,1
anderitum,1
sion,1
investigated,1
unbiasing,1
scavo,1
resistance,1
horizontally,1
treasury,1
bradley,1
mention,1
maintained,1
au,1
goals,1
kiln,1
fiume,1
possibile,1
autónoma,1
our,1
generale,1
reprocessing,1
palmyra,1
prospettive,1
elib,1
question,1
promoted,1
informationa,1
nyt,1
formation,1
ulò,1
until,1
kellington,1
underworld,1
locations,1
museogratìa,1
lists,1
sellafield,1
croatia,1
databasenew,1
difference,1
plowing,1
arcnaeotogicat,1
average,1
advent,1
provenance,1
camps,1
numerous,1
suera,1
zum,1
canouts,1
immersive,1
accept,1
óztoyanualco,1
hadzilacos,1
vaerktoej,1
zations,1
brain,1
revolutionize,1
bolletino,1
instead,1
sues,1
grown,1
cartografia,1
enabling,1
esperimento,1
cautionary,1
relativi,1
reflexive,1
cornforth,1
modules,1
pâmai,1
photograph,1
hypercard,1
measured,1
sysiems,1
préhistoriques,1
recalling,1
débat,1
afarkaeologiske,1
chalmers,1
secolo,1
dutch,1
gower,1
summary,1
doubtless,1
needs,1
moved,1
nsora,1
supported,1
vessel,1
removed,1
espaciales,1
buffalo,1
det,1
comunità,1
defunct,1
strutturazione,1
strategic,1
scholarship,1
point,1
graphiques,1
archiviazione,1
chicago,1
nuova,1
reached,1
era,1
conceptual,1
michigan,1
create,1
arcneoiogw,1
shropshire,1
spectral,1
ownership,1
northwestern,1
rold,1
observed,1
profiles,1
broader,1
oí,1
indicating,1
ca,1
cjlà,1
romney,1
lemmens,1
bacino,1
deeper,1
looking,1
plunkett,1
agresti,1
