WORDCOUNTS,WEIGHT
the,764
of,677
and,586
in,352
platform,250
mound,231
a,224
mounds,220
to,179
at,118
that,118
j,115
or,100
on,97
for,95
archaeological,90
pp,88
are,77
american,76
d,73
as,71
arizona,70
social,65
with,65
p,61
southeastern,61
m,59
archaeology,57
by,55
were,53
r,52
no,51
is,51
from,51
university,49
an,45
g,44
late,44
s,43
site,39
have,39
construction,38
e,37
was,36
new,36
be,34
salado,33
may,33
sites,32
been,32
state,31
l,31
these,31
c,31
early,31
southwestern,30
buildings,30
society,30
mississippian,30
w,30
hohokam,29
tonto,28
b,28
other,27
basin,27
this,27
southeast,27
we,27
excavations,26
creek,26
cultural,26
anthropological,26
differentiation,26
prehistoric,25
t,25
integration,25
activities,24
h,23
roosevelt,23
annual,23
community,23
series,23
mississippi,22
labor,22
period,22
between,22
resource,21
point,20
research,20
ceremonial,20
food,20
often,20
not,20
over,20
report,20
than,19
k,19
presented,19
field,19
blitz,19
settlement,19
structure,19
associated,19
both,19
evidence,19
north,19
meeting,19
v,18
paper,18
has,18
center,17
papers,17
ritual,17
tucson,17
lindauer,17
department,17
more,17
studies,16
such,16
residential,16
restricted,16
but,16
summits,16
use,16
office,16
features,16
southwest,16
control,16
one,15
sacred,15
investigations,15
some,15
development,15
journal,15
their,15
most,15
access,15
structures,15
bulletin,15
size,15
conference,15
remains,15
desert,15
lower,14
georgia,14
within,14
vol,14
central,14
served,14
river,14
nonresidential,14
grande,14
southern,14
precinct,14
antiquity,14
production,13
monograph,13
sociopolitical,13
occasional,13
organization,13
could,13
second,13
about,13
museum,13
many,13
political,13
proceedings,13
recent,13
large,12
into,12
i,12
jr,12
walls,12
greater,12
et,12
also,12
perspectives,12
two,12
where,12
elite,12
architectural,12
function,12
years,12
valley,12
it,11
they,11
residences,11
hierarchy,11
concentrations,11
pueblo,11
alabama,11
found,11
scale,11
because,11
woodland,11
f,11
architecture,11
only,11
communal,11
individual,11
characteristics,11
study,11
building,11
occur,11
classic,10
precincts,10
systems,10
burial,10
facilities,10
public,10
people,10
identified,10
areas,10
degree,10
stages,10
what,10
form,10
built,10
o,9
represent,9
caddoan,9
meddler,9
those,9
platforms,9
eastern,9
centers,9
rooms,9
academic,9
can,9
part,9
necessary,9
lake,9
individuals,9
mexico,9
tennessee,9
analysis,9
united,9
summit,9
each,9
cahokia,9
among,9
ca,9
estimated,8
if,8
history,8
processes,8
there,8
context,8
ad,8
case,8
possible,8
valuables,8
process,8
similar,8
proposed,8
surface,8
required,8
casa,8
regional,8
arkansas,8
presence,8
world,8
he,8
single,8
nonlocal,8
northern,8
tempe,8
area,8
considered,8
then,8
complexity,8
constructed,8
integrative,8
historical,8
las,8
distribution,8
suggests,8
although,8
ga,8
group,7
complex,7
authority,7
functions,7
resources,7
along,7
canal,7
storage,7
york,7
earlier,7
important,7
view,7
irrigation,7
had,7
effort,7
work,7
knowledge,7
reflect,7
stage,7
small,7
villages,7
communities,7
culture,7
feasting,7
developing,7
dance,7
number,7
assemblages,7
low,7
three,7
post,7
elites,7
institute,7
through,7
comparison,7
common,6
groups,6
episodes,6
first,6
mckeithen,6
all,6
system,6
mesoamerican,6
surplus,6
compared,6
direct,6
population,6
n,6
raw,6
london,6
its,6
used,6
lubbub,6
around,6
massive,6
mesa,6
economic,6
management,6
planned,6
rectangular,6
largest,6
surfaces,6
present,6
bass,6
made,6
chiefly,6
mortuary,6
which,6
after,6
forms,6
louisiana,6
division,6
walling,6
who,6
build,6
information,6
wilcox,6
little,6
pinson,6
consumption,6
earthen,6
northeast,5
village,5
different,5
jackson,5
location,5
moundville,5
height,5
toqua,5
together,5
great,5
differences,5
chiefdoms,5
prior,5
gila,5
granaries,5
human,5
chaco,5
review,5
santa,5
estimates,5
rank,5
items,5
fig,5
space,5
az,5
elevated,5
additional,5
ancient,5
gregory,5
shared,5
initial,5
knight,5
artifacts,5
lamar,5
construct,5
suggest,5
several,5
smithsonian,5
when,5
phase,5
ethnographic,5
phoenix,5
functioned,5
time,5
distributions,5
patterns,5
less,5
material,5
native,5
polities,5
range,5
national,5
open,5
historic,5
workers,5
craft,5
probably,5
institution,5
separate,5
bureau,5
maraña,5
middens,5
known,5
organizational,5
erected,5
know,5
anthropology,5
goods,5
places,5
phd,5
researchers,5
level,5
role,5
variability,5
measure,5
spacing,5
newsletter,5
include,5
specific,5
vessel,5
distinctions,5
ownership,5
archives,4
corporate,4
tuscaloosa,4
implies,4
introduction,4
settlements,4
excavation,4
organic,4
either,4
concentrated,4
recorded,4
placement,4
activity,4
retaining,4
midcontinental,4
perspective,4
toltec,4
ingomar,4
act,4
developed,4
how,4
determining,4
special,4
monumental,4
prehistory,4
possibly,4
linked,4
four,4
appear,4
faunal,4
requirements,4
ceremonialism,4
ascriptive,4
technical,4
aspects,4
data,4
older,4
during,4
place,4
macon,4
swift,4
surrounding,4
interpreted,4
regions,4
change,4
working,4
holes,4
mandeville,4
waring,4
preliminary,4
south,4
critical,4
variety,4
sonoran,4
interdependence,4
above,4
indicates,4
springs,4
archaeologist,4
us,4
unbalanced,4
ceramic,4
projects,4
adobe,4
lack,4
compound,4
variation,4
perhaps,4
divided,4
examples,4
craig,4
ethnology,4
survey,4
harvard,4
evolution,4
filled,4
least,4
salt,4
relative,4
la,4
concluded,4
dual,4
vertical,4
monuments,4
detailed,4
why,4
appendix,4
school,4
distinctive,4
investigation,4
them,4
whether,4
while,4
middle,4
multiple,4
transition,4
indians,4
think,4
our,4
land,4
states,4
association,4
archaic,4
roles,4
summary,4
supported,4
big,4
peabody,4
zones,4
rubble,4
final,3
appropriation,3
limits,3
indicated,3
implying,3
meaning,3
functional,3
presses,3
measures,3
enclosing,3
conducted,3
perpetuate,3
identify,3
ma,3
easily,3
considerations,3
western,3
obion,3
unlike,3
kolomoki,3
contexts,3
archaeologists,3
hally,3
available,3
compounds,3
feature,3
emphasized,3
dd,3
similarities,3
east,3
agriculture,3
howard,3
ball,3
leon,3
inventory,3
ranked,3
differential,3
ethnohistorical,3
ability,3
clay,3
distinct,3
clark,3
stored,3
casas,3
amount,3
houses,3
y,3
leadership,3
absent,3
basic,3
periodic,3
shell,3
support,3
plaza,3
established,3
upper,3
beaverdam,3
recovered,3
origins,3
plenum,3
syntheses,3
suggested,3
six,3
puebloan,3
persist,3
circular,3
recently,3
symbols,3
revealed,3
advancement,3
hereditary,3
confined,3
pyramid,3
records,3
personal,3
project,3
status,3
approach,3
earth,3
excavated,3
cold,3
highly,3
partitions,3
secrecy,3
texas,3
always,3
st,3
florida,3
tasks,3
units,3
situation,3
arrangement,3
implications,3
materials,3
various,3
positions,3
garden,3
comments,3
ocmulgee,3
simultaneous,3
same,3
costs,3
walled,3
hearths,3
efforts,3
rebuilding,3
considerable,3
chiefdom,3
honor,3
widespread,3
local,3
private,3
polity,3
louis,3
top,3
conditions,3
dyar,3
rare,3
full,3
clear,3
kunnemann,3
characterized,3
high,3
exchange,3
become,3
ann,3
widely,3
imply,3
sometimes,3
glenwood,3
nonmound,3
covering,3
length,3
table,3
stephen,3
rarely,3
monument,3
antecedent,3
mentioned,3
peoples,3
must,3
vacant,3
snaketown,3
sherds,3
symbol,3
natural,3
colinas,3
ancestor,3
specialized,3
welch,3
current,3
domestic,3
escalante,3
enlarged,3
living,3
month,3
spatial,3
terms,3
maintain,3
ruin,3
theory,3
prestige,3
episode,3
substantial,3
finished,3
spaces,3
vessels,3
ohio,3
families,3
palisade,3
observed,3
wish,3
integrated,3
smaller,3
inequalities,3
enclosed,3
km,3
pool,3
gainesville,3
duration,3
much,3
courts,2
difficult,2
does,2
provisioning,2
created,2
separated,2
everyone,2
shrines,2
environmental,2
expedition,2
uplands,2
resided,2
mountains,2
distributed,2
per,2
needed,2
maize,2
stone,2
conical,2
comparisons,2
inequality,2
behavior,2
total,2
before,2
pots,2
something,2
absence,2
sequential,2
test,2
cherokee,2
long,2
repeatedly,2
entailed,2
ii,2
bessemer,2
might,2
attempt,2
astronomical,2
generated,2
cobb,2
analogies,2
experiments,2
supplied,2
textiles,2
exotic,2
inherent,2
government,2
transporting,2
reveal,2
room,2
religion,2
evolving,2
achieved,2
last,2
date,2
hohokanv,2
appalachian,2
issue,2
westview,2
hopewell,2
task,2
capacity,2
replacement,2
cooperation,2
cap,2
schedule,2
very,2
quantity,2
household,2
bottom,2
reconstruction,2
representing,2
identifies,2
benefit,2
controlled,2
signal,2
ferdon,2
segregation,2
perpetuating,2
conflict,2
frequencies,2
thus,2
icons,2
includes,2
relationships,2
alignments,2
since,2
de,2
forgotten,2
roads,2
sample,2
thank,2
old,2
bayou,2
serving,2
wares,2
oxford,2
fatherland,2
third,2
engineering,2
publications,2
drawn,2
traditions,2
higher,2
assessed,2
gaining,2
knoxville,2
legitimation,2
without,2
growth,2
district,2
unit,2
levels,2
centralization,2
coastal,2
midwest,2
subsistence,2
knew,2
schoolhouse,2
burials,2
discoveries,2
feel,2
wash,2
owl,2
marks,2
counterclockwise,2
intensive,2
presumably,2
days,2
completion,2
house,2
dallas,2
argued,2
frequently,2
nascent,2
powerful,2
follow,2
cotton,2
rice,2
dc,2
based,2
identifying,2
plateau,2
corridors,2
histories,2
combinations,2
missouri,2
seven,2
format,2
sedentary,2
events,2
coyote,2
further,2
ranking,2
neighboring,2
viewed,2
ceramics,2
reinforce,2
applied,2
energy,2
explain,2
wide,2
creates,2
paleopathology,2
hierarchies,2
perpetuated,2
relief,2
literature,2
douglas,2
residents,2
related,2
overview,2
artifact,2
steponaitis,2
earfy,2
habitation,2
rye,2
mi,2
results,2
pa,2
multicolored,2
cycle,2
notes,2
actions,2
geographical,2
led,2
demand,2
territorial,2
sanctity,2
synthesis,2
comparative,2
limited,2
death,2
formative,2
expanded,2
procession,2
verde,2
interpretation,2
thought,2
antler,2
participants,2
included,2
indian,2
noted,2
krause,2
useful,2
majority,2
power,2
printing,2
addition,2
added,2
residence,2
fact,2
longer,2
amerind,2
plan,2
documented,2
larger,2
john,2
contemporary,2
doubt,2
pattern,2
discussed,2
do,2
ground,2
cruz,2
model,2
superimposed,2
answer,2
teague,2
council,2
jacobs,2
wood,2
another,2
understanding,2
exhibit,2
exploring,2
investigated,2
cult,2
sides,2
formal,2
canals,2
europeans,2
artiodactyl,2
significant,2
rivers,2
laboratory,2
deemed,2
eight,2
dating,2
described,2
swanton,2
trade,2
anasazi,2
discovered,2
directed,2
dominated,2
decorated,2
müller,2
like,2
would,2
so,2
sabine,2
enclosures,2
serves,2
mountain,2
kept,2
black,2
provides,2
peebles,2
minnis,2
methods,2
assessing,2
anderson,2
excluded,2
hartford,2
dominance,2
adaptations,2
mortuaries,2
blackwater,2
grandes,2
increasing,2
relationship,2
provide,2
science,2
usually,2
five,2
impressive,2
ideology,2
primarily,2
dimensions,2
force,2
sequences,2
whereby,2
indicate,2
composed,2
coordination,2
unusual,2
quantitatively,2
any,2
osceola,2
ladders,2
complexes,2
extensive,2
oi,2
reinforced,2
symbolic,2
theme,2
temporal,2
reconnaissance,2
rocky,2
bottle,2
prototypes,2
key,2
premound,2
foundation,2
ideological,2
lodges,2
clearly,2
piedmont,2
far,2
fills,2
associations,2
type,2
ruins,2
economy,2
stability,2
accounts,2
agricultural,2
interval,2
repetitive,2
correlates,2
proposing,2
observations,2
incorporated,2
contain,2
conclude,2
lindaner,2
practices,2
pecos,2
fl,2
controls,2
discussion,2
isolated,2
sanctified,2
courtyards,2
prepared,2
analogy,2
coles,2
formation,2
until,2
models,2
reveals,2
implied,2
average,2
succession,2
illinois,2
crisis,2
need,2
regular,2
defined,2
attempted,2
oldest,2
increased,2
needs,2
archival,2
correlate,2
reached,2
cemochechobee,2
corn,2
gulf,2
focus,2
laborers,2
oí,2
signals,2
problem,1
frequent,1
now,1
order,1
possessed,1
provkionwu,1
reno,1
way,1
gatlin,1
destroying,1
later,1
symoouc,1
strategy,1
stairways,1
extend,1
resulted,1
college,1
fences,1
muertos,1
caches,1
aboveground,1
pauketat,1
originate,1
pushed,1
debris,1
eminences,1
mesoamerica,1
replaced,1
kinds,1
offerings,1
tend,1
urand,1
evocative,1
ways,1
solidarity,1
mexican,1
investigating,1
approaches,1
hoover,1
park,1
cement,1
florescences,1
ms,1
contention,1
motive,1
justified,1
classify,1
cited,1
occurred,1
steeply,1
finely,1
nonburial,1
temple,1
contested,1
englewood,1
source,1
chief,1
diversity,1
character,1
contact,1
permitted,1
cutting,1
diffusion,1
stress,1
accumulation,1
charnel,1
hopi,1
else,1
transitions,1
permit,1
sources,1
invention,1
expands,1
certainly,1
ramada,1
creation,1
knewwhy,1
lindaaer,1
interests,1
fmlip,1
exclusive,1
venison,1
nonliterate,1
give,1
attempts,1
taken,1
feeling,1
vols,1
investments,1
secretary,1
promoting,1
funerals,1
advanced,1
freely,1
raper,1
definition,1
gary,1
dramatically,1
refurbishing,1
layout,1
comparatively,1
principles,1
oval,1
flagstaff,1
tradition,1
wooden,1
secondary,1
suggesting,1
accompanied,1
desire,1
enduring,1
display,1
simple,1
underdeveloped,1
monitor,1
neitzeps,1
bead,1
pinto,1
ephemeral,1
sometime,1
link,1
locality,1
products,1
pichacho,1
take,1
lade,1
concealment,1
help,1
successional,1
nm,1
loose,1
erich,1
shoals,1
tributed,1
consulting,1
situ,1
coordinated,1
vincas,1
ambiguous,1
pertains,1
moundtop,1
surveys,1
segregated,1
threshold,1
rethinking,1
circuits,1
seminar,1
concealed,1
oconee,1
revolt,1
yazoo,1
azy,1
corresponded,1
inr,1
existence,1
promulgated,1
plain,1
behavioral,1
linear,1
capitolism,1
anthropologists,1
primary,1
sought,1
bases,1
mass,1
america,1
design,1
quantities,1
distributing,1
politics,1
concentrating,1
denver,1
illustrate,1
international,1
establishing,1
feinman,1
powers,1
occupy,1
structurally,1
vital,1
calculated,1
west,1
combination,1
surrounded,1
except,1
x,1
uncertain,1
dynamic,1
negotiation,1
against,1
interact,1
uine,1
horticulturalists,1
measurement,1
extramural,1
evaluating,1
cushing,1
soto,1
dalton,1
canyon,1
pithouse,1
exist,1
learned,1
regarding,1
oaxaca,1
centralized,1
accessible,1
throughout,1
chiefs,1
cemeteries,1
fayetteville,1
dynamics,1
consumed,1
due,1
interior,1
demanded,1
analyzing,1
desoto,1
unpublished,1
tauna,1
characteristic,1
dozen,1
avoyelles,1
basal,1
maxwell,1
relations,1
foodways,1
occurs,1
ut,1
application,1
expected,1
dence,1
locotion,1
kind,1
transitional,1
initiate,1
elements,1
nor,1
speculative,1
sycamore,1
document,1
concerning,1
back,1
disproportionately,1
marriage,1
ha,1
baldwin,1
response,1
columbia,1
channels,1
suitable,1
arranged,1
continuous,1
witnessed,1
reoccupation,1
estimate,1
alliances,1
compare,1
networks,1
whorls,1
helpful,1
farmers,1
oeorgia,1
geological,1
obscure,1
even,1
seal,1
memoir,1
reasoned,1
interagency,1
edifices,1
coopt,1
restricting,1
frank,1
competitive,1
conceptually,1
focused,1
soil,1
overestimated,1
fort,1
topic,1
manipulated,1
recognized,1
reflects,1
block,1
monopolies,1
upright,1
supernatural,1
rather,1
ba,1
observers,1
bring,1
performance,1
across,1
centered,1
debated,1
sort,1
ascent,1
influential,1
communityplaces,1
practiced,1
quadrilateral,1
adopted,1
dp,1
risk,1
temila,1
lasted,1
connected,1
observatory,1
certain,1
interacted,1
leave,1
balanced,1
contributions,1
assuming,1
produced,1
stein,1
blurring,1
summarized,1
productive,1
consequences,1
gathering,1
nobuildmgs,1
exceptional,1
references,1
understand,1
discernible,1
consider,1
courtyard,1
occupational,1
retained,1
descent,1
mano,1
consolidate,1
fish,1
amid,1
elsewhere,1
fortifications,1
nonreskhtial,1
numbers,1
aly,1
archaeobsv,1
objectified,1
accessibility,1
reviewed,1
listed,1
circuit,1
marshalled,1
commonly,1
carolina,1
horizontally,1
paraphernalia,1
albuquerque,1
beyond,1
indications,1
linkage,1
neither,1
painted,1
udsidian,1
exploitation,1
permanent,1
answers,1
restriction,1
fewkes,1
mo,1
screened,1
drawing,1
bua,1
encircling,1
atlanta,1
reflections,1
whereas,1
ranges,1
expressed,1
moving,1
closely,1
salvage,1
ostentatious,1
reprinted,1
dumps,1
snodgrass,1
concentration,1
societies,1
downstream,1
appearance,1
carrying,1
acknowledgments,1
entered,1
begun,1
erosion,1
typical,1
midden,1
livingston,1
baton,1
lived,1
conspicuous,1
standardizing,1
changed,1
temples,1
arcnaeoiogicai,1
relate,1
centrally,1
owen,1
zone,1
pioneer,1
near,1
latebeaverdam,1
commoners,1
base,1
brake,1
representative,1
evaluate,1
túgalo,1
circulation,1
density,1
meter,1
companion,1
preston,1
standardized,1
equal,1
moûco,1
cuts,1
earliest,1
bend,1
displatform,1
yucatán,1
indirect,1
province,1
cannot,1
analogous,1
intertwined,1
russell,1
placed,1
ford,1
nw,1
pollen,1
rectilinear,1
james,1
symbolically,1
possibility,1
huge,1
experiment,1
well,1
glossed,1
gained,1
directly,1
bandelier,1
pedro,1
network,1
spheres,1
distinguish,1
degrees,1
identification,1
pima,1
egalitarian,1
gatherers,1
bc,1
kits,1
bounded,1
scatters,1
trial,1
implication,1
sanction,1
tool,1
specialpurpose,1
los,1
locus,1
claim,1
etowah,1
concept,1
walton,1
descendant,1
prompted,1
modular,1
heavily,1
ot,1
example,1
tnermodynamic,1
crooks,1
apparent,1
partitioned,1
tombs,1
refurbishings,1
henderson,1
tenure,1
queries,1
counterbalance,1
whole,1
discussions,1
kiva,1
northwest,1
subtleties,1
literally,1
queens,1
collective,1
plastered,1
marietta,1
bxcavations,1
actually,1
unrestricted,1
natchex,1
device,1
midwestern,1
call,1
focuses,1
away,1
formations,1
bibuography,1
entails,1
horizon,1
graph,1
genealogical,1
feast,1
trends,1
lithics,1
kincaid,1
redistribution,1
manipulation,1
refuse,1
redistributed,1
eute,1
remake,1
creating,1
punctuated,1
normally,1
successful,1
below,1
inference,1
wi,1
aggrandizement,1
wished,1
trading,1
next,1
politically,1
contrast,1
synthesized,1
feasts,1
cellular,1
mineral,1
separately,1
accomplished,1
organizations,1
routine,1
resolution,1
funerary,1
decline,1
reelfoot,1
distinguished,1
seeds,1
coast,1
core,1
preceding,1
itselfthat,1
patience,1
jordan,1
crondm,1
nowtx,1
shenk,1
inquiries,1
appropriate,1
value,1
developmental,1
paul,1
mainfort,1
pot,1
frecolumbian,1
deer,1
promising,1
coexist,1
bartram,1
secret,1
voi,1
morphology,1
uncommon,1
town,1
statelike,1
questioned,1
archaeobgical,1
san,1
exotics,1
erasing,1
guarded,1
processual,1
populations,1
cessation,1
indicative,1
short,1
contrasted,1
shinholser,1
play,1
twotiered,1
corporation,1
return,1
marksville,1
acknowledged,1
inclusive,1
brief,1
yields,1
nearly,1
object,1
positioned,1
remodelled,1
convince,1
harry,1
dwellings,1
manifest,1
movement,1
labored,1
legitimized,1
elitesacred,1
hold,1
religious,1
exceeded,1
vicinity,1
postulate,1
sinagua,1
layouts,1
usages,1
yet,1
antiquarian,1
represents,1
makes,1
interment,1
raunai,1
mooen,1
esoteric,1
soon,1
array,1
chatham,1
evolved,1
repair,1
performer,1
morehouse,1
chronology,1
nonburuu,1
termination,1
perceived,1
constructedwe,1
summarizes,1
processing,1
statistically,1
lowland,1
subset,1
complete,1
floor,1
al,1
reprint,1
already,1
constellations,1
insights,1
visitors,1
savannah,1
tn,1
truncated,1
parer,1
rise,1
surveyors,1
maintained,1
mazatzal,1
rip,1
meets,1
hallmark,1
volume,1
balancing,1
elbert,1
members,1
oral,1
fire,1
leni,1
skill,1
shots,1
mantles,1
lasalle,1
mark,1
toward,1
again,1
others,1
fragmentation,1
renewed,1
drink,1
towns,1
rock,1
water,1
demographic,1
complementary,1
erasmus,1
unifying,1
monks,1
consideration,1
limit,1
pair,1
fundamental,1
foodstuffs,1
qjrande,1
occurrence,1
recurrent,1
ozier,1
instability,1
beliefs,1
appeared,1
confederacy,1
tally,1
essence,1
overemphasis,1
redington,1
antonio,1
nucleated,1
fallen,1
substantially,1
edwardsville,1
diameter,1
harmon,1
enlarge,1
external,1
anthropologist,1
possession,1
never,1
outside,1
took,1
sweat,1
intervillage,1
monographs,1
performances,1
clusters,1
intersite,1
purposes,1
accepted,1
noncomplex,1
establish,1
karl,1
underscores,1
see,1
paleodemographic,1
paired,1
focusing,1
complexityhow,1
distance,1
cute,1
reconciled,1
conyon,1
entrepreneurial,1
free,1
remarkably,1
outlines,1
identifiable,1
saunders,1
remained,1
doubled,1
calculation,1
original,1
week,1
altar,1
ine,1
multistage,1
investment,1
mythic,1
admits,1
atlantic,1
background,1
restrictions,1
treated,1
explanation,1
upon,1
helps,1
nummary,1
region,1
delicate,1
llave,1
sixth,1
sufficiently,1
moundviile,1
manifestations,1
worship,1
expand,1
contract,1
stuffs,1
expression,1
arter,1
looting,1
largely,1
additions,1
emphasize,1
sequence,1
ideas,1
submitted,1
institutional,1
coso,1
nonresdential,1
dimisión,1
multicomponent,1
examination,1
mold,1
ceremonies,1
replasterings,1
complicated,1
synthetic,1
washington,1
ties,1
significance,1
explorations,1
galatin,1
landscapes,1
morana,1
meanings,1
urbana,1
honokam,1
institutionalization,1
publication,1
utilize,1
refinements,1
amounts,1
pin,1
symposium,1
caufdrma,1
ef,1
southhampton,1
general,1
ge,1
collected,1
linking,1
households,1
renewal,1
connects,1
fancy,1
segment,1
latter,1
instead,1
men,1
especially,1
enough,1
coercive,1
internal,1
article,1
promote,1
chapel,1
precolombian,1
evoke,1
exactly,1
mainly,1
intrasite,1
adjacent,1
nonmortuary,1
corners,1
hunters,1
priests,1
abodes,1
slightly,1
differ,1
equivalent,1
ccrarai,1
impressed,1
occupied,1
destruction,1
positioning,1
caution,1
ago,1
arbor,1
nashville,1
encompassing,1
semiautonomous,1
guiding,1
bibliographic,1
palisades,1
solar,1
ranging,1
factors,1
carried,1
busk,1
depth,1
consists,1
alpha,1
indication,1
speculate,1
lateold,1
vegas,1
me,1
publishing,1
towosaghy,1
irregular,1
scalar,1
she,1
sealed,1
independent,1
secular,1
dm,1
segments,1
figure,1
potteiy,1
tenitoriplatform,1
spindle,1
hill,1
copena,1
fewer,1
ordinary,1
becomes,1
success,1
leake,1
concluding,1
archaology,1
millennia,1
offsets,1
markers,1
monopolize,1
wilson,1
transformation,1
compiling,1
inoivduals,1
encapsulated,1
fe,1
existed,1
unroofed,1
scull,1
centuries,1
months,1
strategies,1
rim,1
face,1
weeden,1
chattahoochee,1
thick,1
forest,1
rises,1
claims,1
rite,1
effigy,1
differentiated,1
acquired,1
share,1
contained,1
magnitude,1
deposited,1
exercised,1
following,1
changjng,1
lessons,1
toitec,1
sloping,1
exemplified,1
necessity,1
changing,1
intensification,1
calendrical,1
pueblos,1
òoutheastem,1
athens,1
ever,1
log,1
extension,1
pace,1
reciprocity,1
kraus,1
burned,1
tenor,1
griffin,1
pt,1
sciences,1
sevier,1
ramps,1
statistical,1
alternative,1
gran,1
set,1
colorado,1
cover,1
expiananon,1
tillage,1
tribute,1
message,1
sterns,1
chacoan,1
descriptions,1
muskhogean,1
taos,1
assumed,1
sizes,1
shrine,1
believe,1
capital,1
contextual,1
leaders,1
accommodate,1
restrictive,1
clan,1
argue,1
emergence,1
half,1
wall,1
followers,1
iii,1
particularly,1
thoroughness,1
accentuates,1
speculation,1
coosa,1
plazas,1
dumped,1
audience,1
boundedness,1
past,1
replication,1
leasting,1
thompson,1
rural,1
vale,1
works,1
advances,1
lending,1
destroyed,1
diagramatic,1
charged,1
william,1
surpluses,1
reaffirmation,1
kivas,1
reanalyzed,1
combined,1
means,1
welfare,1
selected,1
typologies,1
ones,1
varying,1
imposed,1
nearby,1
covers,1
validate,1
inputs,1
ethnological,1
axis,1
gambling,1
extent,1
appropriated,1
densities,1
predate,1
foundations,1
differs,1
densest,1
require,1
annewakee,1
confronts,1
intake,1
almost,1
remodelling,1
emphasis,1
urban,1
art,1
grand,1
rearrangement,1
nj,1
sarasota,1
monitored,1
nootm,1
circumstances,1
thereby,1
affecting,1
uniform,1
slopes,1
despite,1
prevalent,1
press,1
rampant,1
techniques,1
confíguation,1
lies,1
lerrace,1
vertically,1
metapodials,1
regularities,1
medler,1
commodities,1
images,1
encircled,1
accentuate,1
garland,1
allows,1
pole,1
goals,1
store,1
terminal,1
contrasts,1
shoulderbone,1
question,1
survival,1
locations,1
cambridge,1
disposal,1
repositories,1
copies,1
protohistoric,1
paradigm,1
numerous,1
phalanges,1
exerted,1
write,1
overkill,1
staging,1
brady,1
natchez,1
contributed,1
typically,1
repon,1
disagree,1
green,1
physical,1
provided,1
product,1
substructural,1
modules,1
ciudad,1
attributes,1
variously,1
colleagues,1
tobacco,1
tributaries,1
shells,1
extremely,1
enclosure,1
shift,1
flooding,1
offered,1
observation,1
vertebrate,1
coatipantli,1
modeling,1
spacious,1
pertain,1
imprecise,1
valuable,1
tribes,1
themselves,1
justify,1
vary,1
deposits,1
blockplatform,1
create,1
uncertainty,1
views,1
deposition,1
given,1
traditional,1
counts,1
strong,1
uk,1
comparable,1
taylor,1
indistinguishable,1
should,1
successive,1
showed,1
close,1
ilex,1
row,1
hypothesis,1
