WORDCOUNTS,WEIGHT
the,1425
of,1180
and,1032
in,693
a,459
to,351
tula,320
de,314
that,276
at,235
as,181
is,180
pp,179
mexico,170
phase,157
p,154
with,144
la,143
j,133
for,130
have,128
e,125
are,121
by,119
el,117
from,117
was,116
al,112
en,108
tollan,108
et,102
other,101
ceramic,100
its,97
aztec,96
r,96
on,95
were,95
nacional,95
this,94
which,94
or,93
ceramics,92
sites,86
m,84
been,83
an,82
city,78
mastache,77
may,76
settlement,76
instituto,73
it,72
two,72
evidence,69
antropología,68
y,67
coyotlatelco,67
fig,65
del,64
archaeol,63
res,63
c,63
grande,62
springer,62
university,60
teotihuacan,60
d,59
production,56
these,56
region,56
not,56
most,54
although,54
be,54
l,53
encountered,53
but,52
area,52
corral,52
early,50
some,49
also,49
one,47
survey,47
g,47
than,46
no,46
central,44
complex,43
s,43
their,43
cobean,43
there,42
including,42
both,42
excavations,41
more,41
three,41
basin,39
chico,38
late,38
new,38
monumental,37
surface,37
obsidian,37
least,36
construction,36
epiclassic,36
during,35
mesoamerica,34
various,34
period,34
while,34
localities,33
suggest,33
rural,33
urban,33
between,33
given,32
associated,32
numerous,32
occupation,31
appears,31
mesa,31
identified,31
archaeological,31
building,31
has,30
pottery,30
ancient,30
mesoamerican,29
only,29
postclassic,29
use,29
date,28
prehispanic,28
whose,28
locality,28
hinterland,28
structures,28
time,28
north,28
site,27
terminal,27
several,27
all,27
centro,27
include,27
settlements,26
ii,26
w,26
residential,26
excavated,26
maguey,26
they,25
american,25
crespo,25
where,25
types,25
over,25
recent,25
toltec,24
los,24
suggests,24
h,23
relatively,23
used,23
surrounding,23
lópez,23
platform,23
с,23
would,23
bey,23
chingu,23
large,22
excavation,22
prado,22
appear,22
few,22
southern,22
craft,22
little,22
acosta,21
within,21
classic,21
along,21
into,21
small,21
located,21
many,21
common,20
i,20
possible,20
dates,20
cultural,20
hidalgo,20
palacio,20
involved,20
larger,20
probably,20
destruction,20
parsons,20
activity,19
apparently,19
â,19
part,19
archaeology,19
form,19
valley,19
source,18
includes,18
state,18
investigations,18
mazapa,18
phases,18
recovered,18
based,18
universidad,18
well,18
architecture,18
в,18
colección,18
perhaps,18
solar,18
las,18
remains,18
much,18
rather,17
earlier,17
dumbarton,17
noted,17
regional,17
end,17
dating,17
type,17
científica,17
autónoma,17
involving,17
major,17
those,16
espacio,16
levels,16
t,16
diagnostic,16
he,16
sobre,16
healan,16
architectural,16
less,16
assemblage,16
previous,16
latter,16
often,16
what,16
tepetitlan,16
suggesting,15
subsequent,15
vol,15
sanders,15
four,15
data,15
f,15
portion,15
historia,15
same,15
published,15
nucleated,15
outside,15
radiocarbon,15
discussed,15
distinctive,15
ruins,15
later,14
center,14
stone,14
could,14
mexicana,14
burning,14
east,14
canal,14
similar,14
k,14
additional,14
had,14
estudios,14
population,14
near,14
buildings,14
continuity,14
chronology,14
structure,14
cities,14
sterpone,14
art,14
size,14
vessels,14
proyecto,14
deposits,14
among,14
valle,13
conducted,13
history,13
compounds,13
cerro,13
ad,13
far,13
jara,13
lithic,13
location,13
research,13
fournier,13
cruz,13
who,13
earliest,13
vessel,13
km,13
represent,12
largely,12
containing,12
tradition,12
eastern,12
figs,12
zone,12
even,12
his,12
possibly,12
orientation,12
show,12
suggested,12
sculpture,12
apparent,12
pyramid,12
interpreted,12
previously,12
below,12
around,12
department,12
compound,12
antropologia,12
made,12
indicate,12
households,12
northern,12
inside,12
each,12
different,12
number,12
hilltop,12
fuego,12
study,12
estimated,11
columns,11
studies,11
occurred,11
political,11
chichén,11
communication,11
generally,11
reflect,11
stage,11
jiménez,11
hgo,11
about,11
lime,11
low,11
columned,11
authors,11
dispersed,11
known,11
iii,11
them,11
currently,10
iowa,10
likewise,10
came,10
system,10
side,10
méxico,10
back,10
walls,10
growth,10
beyond,10
missouri,10
halls,10
systematic,10
mezquital,10
world,10
activities,10
south,10
estado,10
included,10
largest,10
exhibit,10
situated,10
sap,10
cultivation,10
so,10
high,10
workshop,10
un,10
analysis,10
mounds,10
abandonment,10
domestic,10
matos,10
proposed,10
alluvial,10
believed,10
distribution,10
investigaciones,9
red,9
first,9
seems,9
feature,9
blanco,9
beneath,9
interior,9
using,9
importance,9
b,9
direct,9
burials,9
exploratory,9
origins,9
called,9
project,9
pits,9
likely,9
absence,9
still,9
atop,9
personal,9
precinct,9
do,9
present,9
assemblages,9
itself,9
contained,9
fernández,9
extensive,9
current,9
particularly,9
stoutamire,9
map,9
prismatic,9
sherds,9
almost,9
complexes,9
fenomeno,9
bajío,9
manufacture,9
smaller,9
substantial,9
exploraciones,9
limits,8
if,8
greater,8
specifically,8
indicated,8
thus,8
appearance,8
differences,8
ô,8
designs,8
west,8
household,8
human,8
such,8
since,8
left,8
objects,8
antropológicos,8
painted,8
important,8
found,8
shared,8
recently,8
toltecs,8
blade,8
revealed,8
contains,8
work,8
pachuca,8
core,8
loci,8
provided,8
formative,8
single,8
light,8
cerámica,8
volume,8
others,8
areas,8
covered,8
elite,8
significant,8
described,8
urbanism,8
times,8
after,8
systems,8
arqueologia,8
antiquity,8
rattray,8
migration,8
arqueológicas,8
information,8
contain,8
significado,8
reported,8
extended,8
twin,8
until,8
heartland,8
querétaro,8
designated,7
maize,7
true,7
chichen,7
implications,7
nature,7
к,7
principal,7
vivero,7
lineations,7
component,7
development,7
sample,7
distinct,7
stratigraphie,7
journal,7
tesis,7
york,7
itzá,7
intensive,7
latin,7
house,7
diehl,7
majority,7
strategy,7
demise,7
ethnohistorical,7
because,7
contexts,7
prominent,7
level,7
notes,7
chronological,7
san,7
variety,7
overall,7
limited,7
museum,7
today,7
already,7
name,7
aguilar,7
decorative,7
smith,7
fragments,7
forms,7
patterns,7
ground,7
another,7
producción,7
range,7
samples,7
engaged,7
levantado,7
obtained,7
consists,7
detailed,7
began,7
overlap,7
escuela,7
table,7
floor,7
any,7
did,7
phd,7
beginning,7
utilitarian,7
revista,7
multiple,7
despite,7
antiguo,7
dense,7
boletín,7
aztecs,7
debate,7
clasico,7
immediately,7
zapotee,7
does,6
mostly,6
o,6
modern,6
anthropology,6
western,6
before,6
oaxacan,6
consistent,6
either,6
certainly,6
basal,6
sociedad,6
plain,6
flank,6
obvious,6
palaces,6
characteristic,6
elements,6
refer,6
body,6
wares,6
yadeun,6
compared,6
general,6
absent,6
una,6
tecali,6
plaza,6
settled,6
presumably,6
n,6
presumed,6
followed,6
archaeomagnetic,6
molds,6
artistic,6
ranges,6
initial,6
density,6
explain,6
aspects,6
charnay,6
pyramids,6
middle,6
gómez,6
relative,6
regions,6
field,6
nine,6
edificio,6
workshops,6
presence,6
decline,6
when,6
expansion,6
initially,6
under,6
restricted,6
parte,6
fill,6
power,6
fact,6
considerable,6
pennsylvania,6
showing,6
preparation,6
status,6
examples,6
epiclásico,6
tulane,6
lake,6
food,6
involves,6
commonly,6
like,6
ann,6
imported,6
paredes,6
tolteca,6
tesoro,6
provide,6
inah,6
trabajos,6
widespread,6
following,6
incorporated,6
comes,6
temporal,6
guanajuato,6
región,6
very,6
accounts,6
agricultural,6
local,6
through,6
antigua,6
years,6
defined,6
specific,6
assume,6
go,5
oriented,5
ö,5
garcía,5
partially,5
former,5
easily,5
predominantly,5
hence,5
preceding,5
height,5
individuals,5
imagery,5
platforms,5
papers,5
similarities,5
placement,5
prior,5
temporada,5
exposed,5
immediate,5
equihua,5
mixed,5
reyes,5
ucareo,5
traits,5
according,5
reflects,5
how,5
landscape,5
eight,5
parts,5
ongoing,5
support,5
traces,5
dc,5
prehistoric,5
access,5
basalt,5
fenómeno,5
centers,5
rooms,5
austin,5
events,5
noting,5
nichols,5
artifacts,5
chalchihuites,5
protected,5
whole,5
hirth,5
cited,5
documented,5
occupied,5
own,5
change,5
interacción,5
characteristics,5
cervantes,5
highly,5
zona,5
texas,5
brown,5
visible,5
fiber,5
periods,5
benches,5
demográficos,5
nearly,5
outer,5
templo,5
technology,5
orange,5
rectangular,5
flanked,5
lack,5
plan,5
pattern,5
v,5
gonzález,5
existing,5
see,5
homenaje,5
bas,5
maya,5
polities,5
subsistence,5
discovery,5
virtually,5
clear,5
peripheral,5
probable,5
provides,5
versus,5
we,5
separate,5
figure,5
reasonable,5
seen,5
originated,5
life,5
metepec,5
zumpango,5
anthropological,5
xolalpan,5
anales,5
reclining,5
past,5
reliefs,5
plaster,5
agrees,5
extent,5
her,5
periphery,5
museo,5
mayor,5
instead,5
ciudad,5
era,5
entire,5
strong,5
should,5
problem,4
terrain,4
díaz,4
serpent,4
coast,4
manuscript,4
necessarily,4
unlike,4
sources,4
topographic,4
timing,4
origin,4
last,4
sacred,4
situ,4
somewhat,4
cuenca,4
growing,4
resembles,4
second,4
paucity,4
occupy,4
bowls,4
above,4
ritual,4
frequencies,4
throughout,4
análisis,4
collapse,4
blades,4
contemporaneous,4
base,4
norte,4
destroyed,4
perspective,4
highest,4
serving,4
preaztec,4
reoccupation,4
sun,4
unlikely,4
civilization,4
century,4
principally,4
orientations,4
getino,4
potosí,4
arbor,4
making,4
dated,4
arqueología,4
processions,4
litvak,4
decades,4
result,4
term,4
arranged,4
meter,4
produced,4
possibility,4
marsh,4
related,4
lám,4
ten,4
artifact,4
my,4
memoirs,4
sugiura,4
refuse,4
depicting,4
lowest,4
gorenflo,4
portions,4
annual,4
up,4
seed,4
recientes,4
preliminary,4
sitio,4
society,4
exterior,4
ceremonial,4
charlton,4
indicates,4
seemingly,4
relationship,4
marginal,4
manzanilla,4
molina,4
available,4
adobe,4
villa,4
occupations,4
appeared,4
diverse,4
doubt,4
removal,4
anthropologist,4
plugs,4
belief,4
frequency,4
vast,4
apogee,4
upon,4
excavaciones,4
cultura,4
luján,4
comprehensive,4
decorated,4
features,4
lie,4
internal,4
salt,4
suárez,4
shallow,4
garcia,4
morelos,4
plus,4
referred,4
figurine,4
proximity,4
supporting,4
período,4
mud,4
burned,4
school,4
peoples,4
must,4
extending,4
consumed,4
área,4
mesoamérica,4
simposium,4
components,4
extant,4
control,4
paper,4
innovations,4
half,4
wall,4
preexisting,4
notable,4
whether,4
nonlocal,4
character,4
apartment,4
chronometric,4
interaction,4
marketing,4
courses,4
variability,4
subject,4
lies,4
similarity,4
confirmed,4
strikingly,4
define,4
specialists,4
constructed,4
definitive,4
maximum,4
abandoned,4
gulf,4
focus,4
comparable,4
close,4
ollas,4
carved,3
moreno,3
clustered,3
stylistic,3
corporate,3
pittsburgh,3
montiel,3
extend,3
northeast,3
berlo,3
durante,3
poblaciones,3
notably,3
elaborately,3
group,3
led,3
residences,3
offerings,3
proa,3
favor,3
notwithstanding,3
refers,3
chief,3
test,3
originally,3
might,3
disturbance,3
utilization,3
calcareous,3
monte,3
definition,3
utah,3
displacement,3
hernández,3
crops,3
accompanied,3
highland,3
underlying,3
torres,3
у,3
skull,3
debitage,3
con,3
occasional,3
existence,3
hall,3
bolaños,3
x,3
bottom,3
collection,3
estudio,3
affiliation,3
reused,3
quality,3
faced,3
interest,3
reflection,3
santa,3
veneer,3
chupicuaro,3
transitional,3
concentrations,3
nor,3
reacomodos,3
disproportionately,3
served,3
leaf,3
traditions,3
higher,3
oxford,3
underlay,3
wavy,3
atlanteans,3
postacosta,3
mexican,3
serra,3
opportunity,3
entre,3
kilns,3
future,3
shell,3
constitute,3
references,3
arid,3
developments,3
posclásico,3
scale,3
informe,3
preoccupation,3
upper,3
opinion,3
tzompantli,3
salvage,3
concentration,3
lived,3
centrally,3
prehispánica,3
cores,3
ceramica,3
necked,3
equally,3
neighboring,3
arqueológico,3
confined,3
desde,3
indirect,3
burial,3
neither,3
applied,3
wide,3
directly,3
relief,3
cuicuilco,3
heavily,3
calls,3
intentionally,3
desarrollo,3
place,3
issues,3
lower,3
densely,3
floors,3
occidente,3
horizon,3
vista,3
attributed,3
painting,3
sharp,3
long,3
yielded,3
results,3
am,3
brambila,3
span,3
will,3
situation,3
hegemony,3
materials,3
polished,3
populations,3
economic,3
brief,3
make,3
americana,3
procession,3
religious,3
structural,3
southeast,3
acoculco,3
once,3
arrangements,3
ocupación,3
damaged,3
mound,3
fire,3
kiln,3
mark,3
main,3
luis,3
multicrafting,3
blocks,3
toltecas,3
predominant,3
posclasico,3
chávez,3
angeles,3
wasters,3
figurines,3
variation,3
superstructure,3
reasons,3
quemado,3
empire,3
material,3
remarkably,3
identifiable,3
abundance,3
degree,3
investigators,3
discussion,3
rio,3
considering,3
increase,3
imbued,3
toluca,3
teotihuacán,3
actual,3
recovery,3
michoacan,3
ties,3
interpret,3
individual,3
derived,3
overlain,3
caso,3
distinction,3
panels,3
luís,3
abundant,3
exchange,3
article,3
methods,3
photogrammetric,3
respectively,3
monographs,3
consumption,3
southwest,3
ago,3
productive,3
unrelated,3
para,3
veneration,3
perspectives,3
five,3
program,3
lines,3
changes,3
frontier,3
palace,3
temple,3
here,3
supposed,3
tribute,3
colonization,3
attired,3
proponents,3
exploration,3
believe,3
industry,3
contextual,3
alfarería,3
report,3
dramatic,3
exhibits,3
goods,3
aerial,3
vaillant,3
historical,3
pit,3
uppermost,3
gaxiola,3
better,3
respect,3
investigation,3
unique,3
terms,3
supports,3
covers,3
spence,3
repetitive,3
foundations,3
stages,3
minimal,3
surveys,3
contemporaneity,3
turn,3
press,3
spindle,3
colonial,3
families,3
representation,3
unifaces,3
question,3
cuadernos,3
innovation,3
arqueológica,3
integrated,3
need,3
stratigraphically,3
typology,3
association,3
shift,3
combination,3
massive,3
arizona,3
courts,2
final,2
nicholas,2
formulated,2
possessed,2
triple,2
exhibiting,2
difficult,2
humanos,2
groups,2
stood,2
functional,2
episodes,2
tierra,2
determine,2
intriguing,2
measures,2
extends,2
considerably,2
succession,2
debris,2
village,2
cerámicos,2
identify,2
constitutes,2
remnants,2
item,2
approaches,2
park,2
monolithic,2
boulder,2
flores,2
enjoys,2
conquest,2
pose,2
correspond,2
densities,2
revision,2
signal,2
tenochtitlán,2
distributions,2
cotsen,2
being,2
archaeologists,2
tabla,2
problems,2
letters,2
creation,2
disagreement,2
arqueológicos,2
pulque,2
exclusive,2
grinding,2
fewer,2
ahumada,2
puebla,2
recinto,2
panel,2
affinities,2
leading,2
broken,2
abascal,2
cholula,2
reveal,2
religion,2
real,2
estrada,2
faunal,2
embrace,2
zapata,2
reminiscent,2
pertains,2
climate,2
kingdoms,2
case,2
issue,2
primary,2
u,2
design,2
occupying,2
responses,2
feinman,2
chapantongo,2
facilitate,2
whatever,2
rhyolite,2
surrounded,2
except,2
processes,2
indicating,2
esplendor,2
correlation,2
informes,2
fragment,2
warfare,2
redating,2
regarding,2
oaxaca,2
timber,2
review,2
relationships,2
corner,2
anomalous,2
scarce,2
intact,2
capped,2
enriquez,2
grouped,2
encyclopedia,2
assessment,2
nelson,2
items,2
immigrants,2
tovalín,2
raises,2
columbia,2
houses,2
wholly,2
third,2
undertaking,2
corpus,2
designed,2
metates,2
leadership,2
piedra,2
commanding,2
influence,2
rates,2
christensen,2
xochicalco,2
online,2
explanations,2
interesting,2
reconstructed,2
albán,2
réévaluation,2
without,2
identification,2
cooking,2
across,2
highlands,2
scrapers,2
dry,2
bifaces,2
braziers,2
process,2
burnished,2
altar,2
subdivision,2
mean,2
cultigen,2
goes,2
taller,2
waned,2
mortar,2
supplement,2
volcanic,2
variant,2
atzcapotzalco,2
marcus,2
ix,2
contributions,2
special,2
lacking,2
lay,2
front,2
insubstantial,2
determination,2
ballcourt,2
drill,2
calibration,2
elsewhere,2
fired,2
represented,2
elevated,2
impact,2
teotihucan,2
listed,2
shed,2
nixtamal,2
о,2
hereafter,2
exploitation,2
archeological,2
prototype,2
citywide,2
view,2
hot,2
reduced,2
irrigation,2
yielding,2
closely,2
dumps,2
laid,2
arrival,2
resumen,2
moon,2
typical,2
out,2
output,2
diet,2
representative,2
markets,2
occurrence,2
academic,2
handbook,2
oklahoma,2
focused,2
institute,2
leonard,2
tools,2
facade,2
otherwise,2
wealth,2
record,2
required,2
fox,2
premise,2
archivo,2
method,2
drain,2
gods,2
warriors,2
coordinación,2
network,2
perez,2
line,2
ira,2
planning,2
intense,2
eccentrics,2
claim,2
concept,2
significantly,2
brought,2
su,2
london,2
proportions,2
knowledge,2
tombs,2
comment,2
describe,2
intermediate,2
castillo,2
climatic,2
poscldsico,2
actually,2
migratorios,2
sculptural,2
proliferation,2
away,2
cazuelas,2
predominance,2
fieldwork,2
muller,2
approach,2
researchers,2
ringle,2
cabrera,2
fuente,2
merino,2
altepetl,2
involve,2
presencia,2
typically,2
gamio,2
consolidation,2
event,2
constituting,2
habitation,2
estilo,2
eighth,2
essentially,2
sculptures,2
fully,2
rescate,2
dependent,2
roots,2
escultura,2
subsequently,2
autosacrifice,2
critical,2
quarry,2
approximate,2
overlapped,2
short,2
comparative,2
beekman,2
schemes,2
return,2
criticized,2
betts,2
poor,2
resemblance,2
capacity,2
comments,2
modes,2
americanos,2
scarcity,2
collect,2
yet,2
recognized,2
opportunities,2
wake,2
kluwer,2
array,2
magoni,2
northwest,2
enigmatic,2
masse,2
guatemala,2
performed,2
illustrated,2
prehispanica,2
daini,2
lined,2
enclaves,2
orígenes,2
polgar,2
similarly,2
rock,2
addition,2
projects,2
efforts,2
hernandez,2
longer,2
scholars,2
carbonized,2
temascalapa,2
chalchihiutes,2
qnn,2
incorporation,2
memorias,2
embracing,2
substantially,2
mold,2
serious,2
depict,2
depopulation,2
never,2
adjacent,2
likelihood,2
tortillas,2
redonda,2
ultimately,2
foot,2
potentially,2
hilltops,2
buu,2
cordage,2
radius,2
elementos,2
free,2
caloric,2
farther,2
angulo,2
accompanying,2
cult,2
pipil,2
urn,2
sides,2
formal,2
owe,2
manifestations,2
canals,2
identity,2
top,2
findings,2
assumption,2
sequence,2
databank,2
questions,2
evolution,2
exhibited,2
trend,2
identical,2
discontinuity,2
salvador,2
full,2
interpretación,2
accoutrements,2
salitre,2
sunken,2
carabino,2
ticoman,2
trade,2
urbana,2
cerrito,2
roof,2
tubes,2
characterized,2
tradición,2
revised,2
function,2
plant,2
altars,2
cache,2
administrative,2
filled,2
accurate,2
nm,2
reuse,2
courtyard,2
bona,2
floral,2
parallel,2
duration,2
contact,2
líticos,2
can,2
estados,2
obsidiana,2
moncayo,2
attention,2
widely,2
division,2
cajones,2
flanking,2
roasted,2
queretaro,2
indication,2
simpler,2
tabular,2
me,2
note,2
dissected,2
particular,2
bulk,2
popularity,2
amaranth,2
ideology,2
wild,2
firing,2
institutions,2
extension,2
broad,2
explotación,2
worse,2
clásico,2
terraces,2
guadalupe,2
length,2
why,2
excelsior,2
fall,2
unnucleated,2
unusual,2
occupies,2
thick,2
considered,2
then,2
practice,2
politic,2
successive,2
prehistory,2
series,2
dishes,2
complexity,2
mentioned,2
changing,2
cowgill,2
artefactos,2
barrio,2
patios,2
teotihuacana,2
asentamientos,2
too,2
soil,2
physical,2
proposes,2
spots,2
text,2
set,2
cover,2
milieu,2
defining,2
dimension,2
cm,2
specialized,2
suggestions,2
december,2
extraction,2
jorge,2
acerca,2
capital,2
intrusive,2
southernmost,2
constructions,2
er,2
obviously,2
plazas,2
quetzalcoatl,2
montufar,2
utilized,2
caída,2
bands,2
edge,2
merely,2
concrete,2
animal,2
alfarera,2
william,2
trilobal,2
pooled,2
economy,2
spatial,2
selected,2
webster,2
nearby,2
outright,2
maintain,2
sus,2
juxtaposed,2
signature,2
theory,2
temporally,2
adaptation,2
predate,2
extract,2
densest,2
serie,2
original,2
quantities,2
cluster,2
eagles,2
presented,2
northwestern,2
furniture,2
introduced,2
prevalent,2
role,2
plans,2
tollans,2
arguments,2
fide,2
courtyards,2
our,2
come,2
undecorated,2
shown,2
models,2
elongated,2
spring,2
urbanization,2
vestibule,2
modal,2
industrias,2
wolfman,2
tepeji,2
mode,2
chiefly,2
depending,2
land,2
consolidated,2
unoccupied,2
sur,2
relics,2
states,2
altiplano,2
prospect,2
stairway,2
colonnaded,2
tobacco,2
roughly,2
coyotlatelca,2
pioneering,2
intentional,2
assumed,2
cnn,2
armillas,2
themselves,2
discontinuous,2
consisted,2
sectors,2
cook,2
reached,2
norman,2
vis,2
sheer,2
technological,2
pirámide,2
darling,2
enclave,2
manufactured,2
quantity,2
inventories,2
occur,2
interconnectivity,1
cordova,1
resolve,1
cultigens,1
exhumation,1
excepción,1
ending,1
now,1
gerald,1
transportation,1
thwarted,1
done,1
flow,1
calibrated,1
versa,1
void,1
stuart,1
undoubtedly,1
heroic,1
anthony,1
nonbellicose,1
closer,1
populous,1
mooles,1
recalls,1
himself,1
fase,1
scholar,1
líticas,1
google,1
northernmost,1
pale,1
substructure,1
extreme,1
trunk,1
magnetic,1
nonarchitectural,1
feathered,1
alone,1
miguel,1
ultimate,1
intersect,1
introduction,1
utility,1
warped,1
mouth,1
trash,1
just,1
patio,1
polaco,1
becoming,1
interrelationships,1
chalco,1
boca,1
developmentally,1
eaten,1
judged,1
integrity,1
mike,1
systematically,1
ana,1
breakup,1
middleand,1
reciente,1
chewing,1
enhance,1
essays,1
reassessment,1
masonry,1
precede,1
ma,1
referring,1
guazapa,1
imperialism,1
coatepantli,1
comunidades,1
eclectic,1
contenido,1
investigating,1
adaptability,1
chingú,1
arrangement,1
migraciones,1
originals,1
portezuelo,1
wolf,1
opponents,1
unnamed,1
conical,1
nonspecialized,1
acceptance,1
trace,1
policy,1
quite,1
featuring,1
ruinoso,1
organic,1
ciudades,1
variants,1
total,1
ambitious,1
preindustrial,1
expressed,1
pipes,1
realidad,1
regime,1
finely,1
viewpoints,1
something,1
discontinuidad,1
englewood,1
eye,1
secuencias,1
controlled,1
sequential,1
reacdmodos,1
postformative,1
trazo,1
practices,1
overuse,1
limestone,1
lineas,1
mitigated,1
peaked,1
horizontal,1
reconstrucción,1
said,1
member,1
expanding,1
way,1
upland,1
griddles,1
obtenidos,1
failing,1
ha,1
modest,1
definitely,1
acambay,1
coleccion,1
intersecting,1
container,1
implements,1
concerned,1
gained,1
exaggerated,1
introduce,1
aftermath,1
attempts,1
class,1
restoration,1
nonfood,1
military,1
historians,1
sampling,1
plateau,1
pemex,1
astronomical,1
instrumentos,1
humans,1
asserts,1
chupícuaro,1
fragmentary,1
olla,1
coiling,1
advanced,1
pastrana,1
fabrication,1
gary,1
layout,1
vecina,1
attractive,1
tezoyuca,1
packed,1
assertion,1
confusion,1
ben,1
thank,1
indeed,1
confirming,1
analyses,1
duran,1
narrative,1
tandem,1
redpainted,1
confront,1
sera,1
replace,1
imperio,1
vitrified,1
bonfil,1
sometime,1
descubrimientos,1
complejo,1
begging,1
banding,1
created,1
room,1
uncovered,1
obsidan,1
hunting,1
scheme,1
sees,1
take,1
debt,1
fascinated,1
developmental,1
fresh,1
bayo,1
friezes,1
tolte,1
soame,1
emphasized,1
precisely,1
marine,1
política,1
raised,1
chichimec,1
robert,1
gamboa,1
totee,1
embody,1
decreased,1
diversify,1
alike,1
routes,1
repopulation,1
rounded,1
tlamimilolpa,1
campana,1
mapping,1
explosive,1
movimientos,1
pretolteca,1
jilotepec,1
veracity,1
rim,1
dr,1
abutting,1
westview,1
volumen,1
unmixed,1
explained,1
rectores,1
habitacionales,1
albeit,1
webb,1
weathered,1
especialización,1
iv,1
slips,1
america,1
demography,1
palinologia,1
right,1
users,1
blanca,1
domestico,1
drastic,1
dinastía,1
intermediaries,1
reminder,1
rodriguez,1
alluvium,1
holocene,1
felt,1
determined,1
logical,1
compelling,1
prevailing,1
secuencia,1
cap,1
soils,1
iiassociated,1
functions,1
terminus,1
hafting,1
bibliography,1
runa,1
richard,1
eating,1
abstract,1
measuring,1
botánica,1
vilanova,1
paleoecología,1
twosigma,1
apart,1
interdisciplinary,1
jeff,1
reflecting,1
nubbin,1
asserting,1
cubas,1
fluorescence,1
desirable,1
chart,1
mccullough,1
photographic,1
rees,1
olite,1
explorer,1
visited,1
minimum,1
seriations,1
eroded,1
toi,1
inventory,1
waxes,1
localized,1
soto,1
corresponding,1
consult,1
construendo,1
framework,1
unprotected,1
adn,1
evans,1
labor,1
avenues,1
segregation,1
hierarchy,1
conflict,1
million,1
técnicas,1
centralized,1
alban,1
typological,1
plaques,1
anomaly,1
per,1
differential,1
tropic,1
proof,1
reverse,1
cid,1
dendrochronological,1
cambio,1
escenarios,1
epiclásicos,1
due,1
postad,1
colegio,1
tehuacan,1
permitted,1
hallan,1
tables,1
engorging,1
histórica,1
software,1
unpublished,1
integral,1
author,1
catálogo,1
millennium,1
fuel,1
republica,1
regarded,1
ability,1
alfareros,1
unspecified,1
hamlets,1
codex,1
consumer,1
natalie,1
crania,1
price,1
uniformity,1
conjures,1
speculated,1
braniff,1
workers,1
media,1
nested,1
spans,1
interprets,1
aposento,1
understates,1
characterizes,1
unidades,1
aligned,1
nickname,1
cases,1
clay,1
old,1
consejo,1
pushing,1
interim,1
creating,1
evident,1
commercialization,1
arguably,1
pablo,1
balls,1
concerning,1
profound,1
subjects,1
contrary,1
speed,1
comais,1
boundary,1
factor,1
relacionados,1
espacios,1
honour,1
bone,1
estimate,1
publications,1
databases,1
whorls,1
farmers,1
storage,1
explore,1
comales,1
síntesis,1
weaver,1
factions,1
look,1
corrected,1
vice,1
auge,1
tecnología,1
colleague,1
frunz,1
domesticated,1
climates,1
hermeneutical,1
tlalpizahuac,1
merged,1
teotihuacanos,1
unfortunate,1
poorly,1
confluence,1
capitals,1
manuel,1
cobbles,1
biface,1
bimodal,1
tierras,1
steps,1
operation,1
philadelphia,1
urged,1
progressively,1
preclásico,1
artesanal,1
finish,1
precincts,1
altogether,1
underway,1
programmatic,1
soundly,1
elaborate,1
purely,1
población,1
ways,1
encompassed,1
fría,1
centered,1
generations,1
developed,1
allende,1
maximize,1
amaranto,1
sort,1
mountain,1
housing,1
freter,1
official,1
villanueva,1
covarrubias,1
zapoteca,1
centralization,1
flanks,1
notion,1
highway,1
incidence,1
completely,1
active,1
deliberately,1
neighborhood,1
polychrome,1
rojas,1
associate,1
legendary,1
loma,1
certain,1
leave,1
pisos,1
estadística,1
assuming,1
dialogue,1
pages,1
lobes,1
blurring,1
believing,1
offering,1
collecting,1
discoveries,1
nestability,1
space,1
transportability,1
outreach,1
disgorging,1
penodo,1
easy,1
consistency,1
reason,1
morfológicos,1
category,1
provinces,1
discernible,1
composición,1
precolumbian,1
tenochtitlan,1
civilizations,1
consider,1
locally,1
escaped,1
dichotomy,1
organization,1
improvement,1
river,1
evidencias,1
familiar,1
benefits,1
image,1
inomata,1
clearly,1
photographs,1
section,1
alluded,1
differentiated,1
imitation,1
reexamination,1
hemispherical,1
decade,1
northeastern,1
characterizations,1
epoca,1
differs,1
variabilidad,1
frequently,1
pastoral,1
watery,1
periodically,1
benefited,1
age,1
milan,1
prestage,1
alta,1
validate,1
exploited,1
remnant,1
santley,1
albuquerque,1
architectonic,1
undeveloped,1
procedures,1
stresses,1
predates,1
comprising,1
consequence,1
plates,1
chronometrie,1
patterning,1
изо,1
requires,1
multiroom,1
resurgence,1
dominant,1
syntheses,1
núcleo,1
preference,1
trained,1
salient,1
strengthen,1
fibrous,1
unnecessary,1
subassemblage,1
charcoal,1
grupos,1
experimentation,1
whereas,1
descriptive,1
problemática,1
cancer,1
indias,1
uses,1
cuadro,1
lieu,1
urgency,1
whom,1
priori,1
xometla,1
simplifying,1
nancy,1
martinez,1
coexisting,1
travertino,1
heim,1
acknowledgments,1
estilísticos,1
hands,1
chipped,1
color,1
geophysical,1
treatments,1
holding,1
abutted,1
strongly,1
seven,1
gallareta,1
canales,1
economics,1
demands,1
scenes,1
iconographie,1
points,1
sedentary,1
infrequent,1
outpost,1
advantages,1
itza,1
porticos,1
deciphering,1
defensive,1
departamento,1
elefante,1
featured,1
xipe,1
containers,1
collectively,1
respects,1
harvesting,1
amphora,1
fourth,1
topics,1
heirs,1
standardized,1
urgent,1
transactions,1
bp,1
acropolis,1
crc,1
encrucijadas,1
mainly,1
embellished,1
michigan,1
keywords,1
rhy,1
ahuitzotla,1
understood,1
priorities,1
geografía,1
séjourné,1
cloth,1
cerano,1
territorios,1
contiguous,1
confines,1
hñáhñu,1
xerophytic,1
representatives,1
dan,1
produce,1
confirmation,1
yield,1
designations,1
availability,1
triumph,1
boxes,1
scene,1
guidebook,1
sparse,1
impression,1
nontechnological,1
products,1
ilia,1
none,1
tzacualli,1
participation,1
pozo,1
figurative,1
chert,1
distinguish,1
décadas,1
nonadjacent,1
makers,1
urbano,1
introducción,1
cuauhtitlan,1
zoomorphic,1
bounded,1
residents,1
scatters,1
headless,1
subphases,1
investigated,1
tool,1
carry,1
repetition,1
reader,1
elson,1
characterization,1
occupants,1
quadrant,1
competing,1
norm,1
overlay,1
busca,1
symbolism,1
decoration,1
vasija,1
kirchhoff,1
sociedades,1
lai,1
tip,1
great,1
texture,1
moragas,1
sodalities,1
literature,1
genuine,1
gave,1
tale,1
consistently,1
older,1
editorial,1
partly,1
cantidades,1
records,1
people,1
figures,1
reoccupied,1
colossal,1
details,1
tentatively,1
dumond,1
misconstructions,1
inferred,1
water,1
forces,1
funerarias,1
douglas,1
becomes,1
subdivide,1
rise,1
macias,1
believes,1
il,1
huamango,1
xll,1
decoración,1
stanford,1
estrategia,1
baby,1
postholes,1
ethnicity,1
enthusiastic,1
trends,1
seis,1
rack,1
relaciones,1
errors,1
continuidad,1
descriptor,1
talud,1
agriculturally,1
earth,1
stockholm,1
nivel,1
gateway,1
wholesale,1
social,1
legacy,1
interregional,1
indicator,1
successful,1
corresponds,1
uninterrupted,1
recurring,1
tempe,1
modifications,1
lacked,1
investigación,1
facilitating,1
contrast,1
interacting,1
hallowed,1
unidos,1
tunal,1
things,1
chacmool,1
arbitrary,1
emerging,1
family,1
affluent,1
astros,1
shapes,1
chicheh,1
smithsonian,1
revealing,1
migrating,1
familyspecific,1
prompted,1
temporary,1
construcción,1
pyrite,1
falsifications,1
cronología,1
invaluable,1
florentine,1
colosos,1
funerary,1
met,1
marked,1
tanto,1
ancestors,1
conclude,1
weapons,1
villages,1
differing,1
methodological,1
dedicated,1
crisscrossing,1
itzd,1
murals,1
rodríguez,1
wife,1
tributary,1
proper,1
coatings,1
correspondence,1
provenance,1
value,1
grateful,1
finds,1
simple,1
leg,1
inform,1
circular,1
reducing,1
clutching,1
unfinished,1
teotihuacanoid,1
tiempo,1
appeal,1
ocaso,1
complejas,1
contactperiod,1
underscore,1
reduction,1
llc,1
uncommon,1
ruinas,1
consideraciones,1
therefore,1
aspecto,1
pertaining,1
turquoise,1
underlies,1
tipos,1
plots,1
units,1
business,1
fortunate,1
contrivance,1
strokes,1
demand,1
rey,1
costumbres,1
saw,1
vanderbilt,1
taken,1
functioning,1
noble,1
fowler,1
scientific,1
economica,1
cessation,1
energetics,1
wrote,1
gradual,1
synthesis,1
labeled,1
onceava,1
raptoral,1
description,1
argues,1
inclusive,1
transition,1
gallery,1
dump,1
exception,1
alba,1
vili,1
alianza,1
denominator,1
driest,1
attempt,1
clasificación,1
stratigraphy,1
monochrome,1
planimetrie,1
interactions,1
standing,1
builders,1
deals,1
periferia,1
copan,1
paint,1
roads,1
ceilings,1
ware,1
direction,1
assigned,1
discontinuo,1
remain,1
kubier,1
tercera,1
postdates,1
brackish,1
ubiquity,1
communities,1
competition,1
mountjoy,1
viaducto,1
q,1
fringe,1
doceva,1
adequate,1
interment,1
supplanting,1
alongside,1
serve,1
counterparts,1
evolved,1
ball,1
fifth,1
exposure,1
challenged,1
cylindrical,1
interplanting,1
л,1
favorable,1
specimens,1
perceived,1
missing,1
tn,1
kelley,1
inaccurately,1
falls,1
crider,1
infrastructure,1
raise,1
rightly,1
complete,1
culture,1
keeping,1
polínico,1
shifting,1
sharply,1
friendship,1
xicuco,1
ethnographic,1
reacómodos,1
thorny,1
indian,1
gutiérrez,1
updraft,1
visitors,1
reports,1
unusually,1
reliance,1
increasingly,1
friend,1
atributos,1
falla,1
adoratorio,1
encyclopedic,1
functioned,1
picture,1
company,1
skeletons,1
love,1
tall,1
reimer,1
culturales,1
street,1
mazapan,1
regionalización,1
colonia,1
french,1
váldez,1
skill,1
buildup,1
heritage,1
book,1
omission,1
assert,1
technique,1
gobierno,1
archaeologically,1
provenience,1
again,1
chichimecas,1
academy,1
anexas,1
put,1
contextos,1
motifs,1
flat,1
towards,1
generously,1
dwelled,1
complementary,1
grid,1
artists,1
textiles,1
shows,1
datos,1
treatment,1
chac,1
store,1
temples,1
mito,1
calib,1
copied,1
documents,1
revenue,1
unexplored,1
mural,1
predominated,1
scar,1
grave,1
outdoors,1
fallen,1
fernandez,1
omitted,1
laquer,1
estimation,1
contemporary,1
resolved,1
fashion,1
succeeding,1
hiatus,1
success,1
chicken,1
aesthetic,1
españa,1
conclusions,1
nopalera,1
hand,1
promoted,1
license,1
otomiés,1
manner,1
square,1
secular,1
obscures,1
а,1
validity,1
realms,1
accepted,1
non,1
xajay,1
axes,1
strategies,1
interstices,1
coloquio,1
meant,1
royal,1
exotic,1
disparity,1
mundo,1
rich,1
nueva,1
tiny,1
teeth,1
controversy,1
glyphs,1
jj,1
style,1
coined,1
counterpart,1
paso,1
follows,1
complicated,1
reflected,1
wood,1
montículo,1
refuted,1
linked,1
tlaxcala,1
day,1
ecology,1
comportamiento,1
break,1
antropológica,1
violent,1
bulletin,1
dieta,1
manifestaciones,1
untimely,1
preliminar,1
temporadas,1
nonetheless,1
emanating,1
classes,1
nahua,1
greatest,1
implicaciones,1
church,1
oil,1
cimentaciones,1
coherent,1
inviting,1
entranceway,1
width,1
chronologies,1
populace,1
linne,1
refining,1
extrapolated,1
trajectory,1
milion,1
patricia,1
excavators,1
leyenaar,1
enhanced,1
deposit,1
wheatley,1
enclosed,1
sufficiently,1
unconsolidated,1
judge,1
ruling,1
arquitectónico,1
warrior,1
sjoberg,1
birds,1
worsen,1
т,1
skeletal,1
escombro,1
concern,1
facades,1
controlling,1
illusion,1
characteristically,1
complement,1
intermittent,1
operated,1
joroba,1
penca,1
rivers,1
macroregional,1
exciting,1
juan,1
encounters,1
aesthetics,1
manifestation,1
slab,1
aside,1
domination,1
harvard,1
probability,1
quinta,1
ethnic,1
services,1
continue,1
merit,1
examination,1
rojo,1
immeasurably,1
markers,1
chemical,1
niche,1
cuerpo,1
mortared,1
theoretical,1
rejected,1
à,1
open,1
significance,1
explorations,1
ua,1
reality,1
lacustrine,1
zacatecas,1
grew,1
hampered,1
ah,1
estructura,1
waxing,1
bracket,1
damage,1
unconnected,1
dominated,1
comparisons,1
lapidary,1
amounts,1
plataformas,1
técnico,1
august,1
supine,1
held,1
deb,1
reviewers,1
preindustriai,1
spread,1
skulls,1
housed,1
curve,1
collected,1
tenth,1
linking,1
uca,1
pyramidal,1
vegetation,1
configurations,1
ted,1
improved,1
preservation,1
black,1
adequately,1
construct,1
cambios,1
azcapotzalco,1
suroeste,1
spent,1
báez,1
favored,1
mexica,1
especially,1
random,1
behind,1
septentrional,1
flame,1
archaeometry,1
más,1
jaca,1
feet,1
mesas,1
composite,1
decorating,1
stand,1
deliberate,1
agave,1
assigning,1
creación,1
enjoyed,1
confusing,1
seeking,1
dumping,1
costume,1
residue,1
analyze,1
statue,1
differ,1
territorio,1
smallstone,1
equivalent,1
galleries,1
splitting,1
streams,1
institution,1
aproximación,1
connections,1
consensus,1
classified,1
davies,1
controversial,1
deity,1
propose,1
questionable,1
encompassing,1
unversity,1
applies,1
codices,1
experienced,1
clusters,1
clearest,1
ranging,1
fariy,1
littered,1
depth,1
asking,1
accepting,1
suggestion,1
unifacial,1
lo,1
flesh,1
imply,1
modification,1
circle,1
dual,1
asada,1
trench,1
cuarta,1
poblamiento,1
interdependent,1
bureau,1
coterminous,1
volcanism,1
indicators,1
tohil,1
independent,1
continued,1
regular,1
mixture,1
quimera,1
science,1
segments,1
encima,1
noroccidente,1
usually,1
linda,1
nicolás,1
flujos,1
censers,1
paleoecológica,1
vision,1
plays,1
maps,1
suggestive,1
pieces,1
expansión,1
threshold,1
offer,1
santiago,1
quarrying,1
deaths,1
vegetación,1
order,1
traza,1
tozzer,1
corporativos,1
spp,1
reconocimiento,1
lost,1
execution,1
concluding,1
venues,1
collections,1
percussion,1
sugary,1
vargas,1
obstacle,1
destiny,1
plumbate,1
nj,1
oddly,1
contribution,1
sequences,1
remaining,1
colonnade,1
rapidly,1
paraphernalia,1
empires,1
tamales,1
covering,1
espacial,1
downtown,1
organizaciones,1
responsible,1
como,1
unroofed,1
fostered,1
inferior,1
surprising,1
те,1
famous,1
dead,1
embodies,1
spark,1
composed,1
centuries,1
exists,1
instances,1
ensayos,1
enclosure,1
recalling,1
articles,1
desentonar,1
resemble,1
beans,1
forest,1
tumba,1
rightful,1
durability,1
tiempos,1
claims,1
undulating,1
enigma,1
acquired,1
anthropomorphic,1
environment,1
fanfare,1
magnitude,1
deposited,1
shadow,1
biased,1
xxiv,1
sloping,1
refute,1
simply,1
constituted,1
hydration,1
continues,1
nutritional,1
concluded,1
michoacán,1
precise,1
totality,1
visto,1
droughts,1
imagines,1
bathwater,1
mischaracterization,1
griffin,1
doi,1
mechanized,1
relativos,1
useful,1
sustained,1
alternative,1
islas,1
cosmovisión,1
ciudadela,1
column,1
colorado,1
refinery,1
modeling,1
interpretation,1
agriculture,1
erected,1
know,1
berkeley,1
mass,1
natural,1
época,1
mutually,1
retained,1
evaluación,1
rainfall,1
verifying,1
chapman,1
multiétnica,1
prototypes,1
tomb,1
ancestor,1
depression,1
consequently,1
sizes,1
approximates,1
atrium,1
interested,1
superficie,1
seem,1
simposio,1
outdoor,1
best,1
unknown,1
leaders,1
appendix,1
utilizing,1
printed,1
argue,1
surprisingly,1
regard,1
intrusion,1
multiplicity,1
primeras,1
wanes,1
serpents,1
provoke,1
cavity,1
vibrant,1
northsouth,1
impossible,1
sustaining,1
rely,1
peak,1
fills,1
hundred,1
resto,1
stamped,1
bedrock,1
passage,1
pipiles,1
tunnels,1
places,1
public,1
cal,1
purported,1
hardness,1
recalibrated,1
suite,1
brushes,1
lenticular,1
delineated,1
narrativas,1
mormon,1
últimos,1
dominate,1
colapso,1
stability,1
orleans,1
varying,1
independently,1
temperatures,1
remained,1
garment,1
overfired,1
contemporaries,1
chlachihuites,1
seasonal,1
enterramientos,1
doubled,1
acuna,1
cercano,1
interval,1
ceased,1
leaving,1
supplemented,1
consisting,1
collección,1
cooccurrence,1
scheduling,1
thames,1
require,1
geometric,1
migrations,1
explored,1
apex,1
imperial,1
nesting,1
balance,1
phaseolus,1
views,1
vil,1
hundreds,1
colonnades,1
categories,1
grand,1
escarpment,1
pozol,1
finished,1
complejos,1
popular,1
spaces,1
element,1
xi,1
brockington,1
mowbray,1
edifico,1
caracterización,1
trees,1
preserved,1
entrance,1
indumentaria,1
transport,1
ill,1
piña,1
thereby,1
archipelago,1
pasajes,1
uniform,1
preferable,1
pre,1
confirm,1
became,1
november,1
ac,1
waning,1
malinche,1
nondurable,1
durable,1
quemada,1
puzzled,1
energéticos,1
went,1
calculated,1
disappears,1
boas,1
misidentification,1
embedded,1
polyhedral,1
navarrete,1
contribute,1
images,1
manufacturing,1
divided,1
aqueologia,1
challenges,1
garland,1
writing,1
rulers,1
sigma,1
iconoclastic,1
comprised,1
prolong,1
remarks,1
prepared,1
publicados,1
named,1
prehispánicas,1
producer,1
perspectiva,1
algunos,1
formation,1
staffs,1
soft,1
sediments,1
interplanted,1
commercial,1
rabbit,1
excluyentes,1
meaningful,1
ignored,1
plowing,1
lands,1
peanut,1
average,1
zones,1
initiated,1
copies,1
illinois,1
décimotercera,1
morphological,1
iconografía,1
quids,1
decrease,1
cacao,1
aware,1
tourism,1
parallels,1
unending,1
documentation,1
structuring,1
contributed,1
lively,1
grown,1
usa,1
green,1
product,1
posibles,1
cariátides,1
nonelite,1
disruption,1
canadia,1
integration,1
teotihuacancontrolled,1
variously,1
tripodal,1
colleagues,1
discounted,1
diaspora,1
epiclásicas,1
exhumado,1
unreconstructed,1
extremely,1
recliningfigure,1
estratigrafía,1
showed,1
paleobotanica,1
maintaining,1
anonymous,1
comparison,1
nonscholar,1
evelyn,1
supported,1
spines,1
potential,1
disarticulated,1
carbon,1
spacious,1
pertain,1
sahagun,1
racks,1
klein,1
pathways,1
crisscross,1
diáspora,1
yearround,1
impedes,1
texcoco,1
sharing,1
martínez,1
create,1
uncertainty,1
otopame,1
stroh,1
tactic,1
farmland,1
arose,1
dictum,1
naranja,1
mccollough,1
detection,1
desplazamientos,1
proceso,1
virtue,1
brochazos,1
chacmools,1
meeting,1
southeastern,1
fermented,1
signals,1
rubble,1
termed,1
climax,1
elucidation,1
discern,1
retrospect,1
faction,1
