WORDCOUNTS,WEIGHT
the,6
of,4
to,3
research,3
volume,3
on,2
in,2
reprinted,2
journal,2
reprint,2
this,2
recent,2
archaeological,2
have,2
original,2
some,2
and,2
n,1
developments,1
john,1
studies,1
may,1
omitted,1
from,1
d,1
bennet,1
service,1
ny,1
add,1
andes,1
number,1
company,1
terence,1
available,1
publisher,1
archaeology,1
by,1
best,1
march,1
aegean,1
michael,1
as,1
page,1
printed,1
a,1
was,1
pagination,1
advertisements,1
ancient,1
central,1
been,1
note,1
regional,1
irregular,1
copy,1
not,1
volumes,1
cases,1
which,1
do,1
with,1
introduction,1
full,1
contents,1
value,1
galaty,1
reproduced,1
edition,1
periodicals,1
permission,1
paper,1
scholarly,1
