WORDCOUNTS,WEIGHT
the,1832
of,1264
and,1046
in,668
a,471
to,353
that,198
as,179
with,169
for,152
is,149
was,143
p,137
from,134
were,129
on,121
by,120
inner,118
pp,113
steppe,107
j,101
at,99
are,97
social,89
empire,85
polities,84
university,79
asia,78
there,78
political,78
d,75
mongolia,72
xiongnu,72
chinese,72
not,71
china,69
their,69
an,68
or,67
history,66
early,66
new,65
mongol,63
polity,62
also,62
state,60
this,59
these,59
archaeological,57
n,55
they,54
m,54
have,54
cambridge,53
springer,53
states,53
other,52
archaeol,52
but,52
res,52
it,51
central,51
power,50
complex,47
asian,47
et,46
empires,46
although,46
ad,44
research,44
archaeology,43
al,42
region,42
some,41
control,39
be,39
evidence,38
studies,37
w,37
age,36
sites,36
t,36
more,36
mongolian,36
mongols,35
c,35
several,34
mobility,33
sources,33
which,33
has,33
world,33
such,32
may,32
northern,32
xianbei,32
western,31
first,31
all,31
k,31
cultural,31
khan,31
been,31
khitan,31
bronze,31
nomadic,30
under,30
many,30
often,30
had,29
pastoralist,29
expansion,29
pastoralists,29
east,28
pastoralism,28
v,28
including,28
different,28
between,28
s,27
i,27
imperial,27
e,26
eastern,26
traditions,26
organization,26
most,26
societies,26
bc,26
agriculture,25
b,25
ancient,25
historical,25
through,25
formation,25
g,24
journal,24
than,24
forms,24
local,24
complexity,24
within,23
how,23
into,23
structure,23
eurasian,22
no,22
dynasty,22
over,22
major,22
important,21
groups,21
authority,21
change,21
associated,21
capital,21
bonn,20
hierarchy,20
â,20
based,20
eurasia,19
even,19
leadership,19
l,19
study,19
population,19
r,19
later,19
leaders,19
city,19
administration,19
genghis,18
site,18
liao,18
sedentary,18
hierarchies,18
part,18
regions,18
leader,18
variety,18
period,18
who,18
royal,17
century,17
zunghar,17
used,17
people,17
regional,17
wei,17
south,17
expanded,17
southern,17
about,17
strategies,17
described,17
trade,17
especially,17
centuries,17
current,17
both,17
jujan,17
northeast,16
large,16
h,16
centralized,16
wuhuan,16
information,16
its,16
evolution,16
administrative,16
perspectives,16
form,16
among,16
rogers,15
nature,15
great,15
against,15
turkic,15
origins,15
beyond,15
time,15
jurchen,15
years,15
like,15
internal,15
toba,15
emerging,15
organizational,15
very,15
institute,15
north,15
center,14
long,14
military,14
xia,14
de,14
adopted,14
process,14
late,14
tombs,14
culture,14
diverse,14
yuan,14
practiced,14
least,14
palace,14
level,14
territory,14
aristocratic,14
much,14
recent,14
common,13
one,13
before,13
along,13
buddhism,13
relatively,13
earlier,13
emergence,13
pastoral,13
international,13
economic,13
york,13
only,13
academy,13
did,13
while,13
became,13
settlements,12
modern,12
han,12
west,12
review,12
development,12
conflicts,12
place,12
project,12
settlement,12
characteristics,12
geographical,12
movement,12
single,12
lineages,12
incorporated,12
known,12
anthropology,12
urban,12
nomads,12
techniques,12
confederation,11
tradition,11
gol,11
those,11
system,11
sneath,11
dynamics,11
developed,11
uighur,11
prehistoric,11
war,11
during,11
around,11
society,11
khitai,11
took,11
turk,11
another,11
individual,11
after,11
systems,11
continued,11
here,11
agricultural,11
kara,11
conquered,11
built,11
emerged,10
moscow,10
tied,10
tribute,10
throughout,10
kinship,10
border,10
closely,10
histories,10
burial,10
kazakhstan,10
because,10
well,10
collective,10
practices,10
still,10
three,10
times,10
set,10
role,10
traditional,10
succession,9
either,9
shanghai,9
far,9
human,9
iron,9
old,9
russian,9
across,9
landscape,9
direct,9
wealth,9
los,9
civil,9
continuity,9
do,9
use,9
multiresource,9
theories,9
evolutionary,9
horse,9
dual,9
sometimes,9
primarily,9
fall,9
when,9
each,9
expanding,9
utilized,9
economy,9
unique,9
particular,9
theory,9
always,9
almost,9
definitions,9
commercial,9
steppes,9
typically,9
entities,8
medieval,8
arctic,8
american,8
he,8
production,8
farther,8
religion,8
cases,8
levels,8
opportunity,8
linked,8
four,8
dependency,8
further,8
literature,8
expansive,8
forces,8
core,8
annual,8
generally,8
f,8
remained,8
ö,8
ethnic,8
walls,8
preservation,8
sociopolitical,8
provide,8
analysis,8
composed,8
anthropological,8
series,8
extensive,8
offered,8
eventually,8
cities,8
beginning,8
terms,8
emperor,8
nomadism,8
potential,8
substantial,8
documentary,8
strong,8
implemented,7
originating,7
distributed,7
group,7
cultures,7
archaeologists,7
li,7
might,7
expertise,7
served,7
recognized,7
rather,7
his,7
centralization,7
similar,7
dichotomy,7
organized,7
centers,7
aspects,7
concept,7
broad,7
structures,7
successful,7
wenwu,7
portion,7
second,7
various,7
located,7
comparative,7
museum,7
marginal,7
already,7
department,7
successfully,7
ulaanbaatar,7
challenge,7
fundamental,7
incorporation,7
discussed,7
model,7
where,7
governance,7
considering,7
elite,7
expand,7
significant,7
variation,7
clear,7
maintenance,7
tribal,7
interpretations,7
relationship,7
monuments,7
began,7
existed,7
following,7
dispersed,7
sciences,7
alternative,7
wall,7
places,7
seasonal,7
middle,7
multiple,7
families,7
challenges,7
maintained,7
question,7
multiethnic,7
include,7
given,7
interaction,7
now,6
o,6
resulted,6
mountains,6
ways,6
exist,6
location,6
differences,6
able,6
court,6
context,6
existence,6
vol,6
possible,6
processes,6
perspective,6
y,6
general,6
burials,6
river,6
commonly,6
frachetti,6
followed,6
decades,6
bureaucracy,6
greater,6
came,6
could,6
typical,6
initial,6
term,6
basis,6
work,6
related,6
issues,6
xixia,6
employed,6
uighurs,6
highly,6
portions,6
up,6
moved,6
defeated,6
periods,6
led,6
statecraft,6
populations,6
mobile,6
chronology,6
two,6
noted,6
rise,6
liu,6
others,6
projects,6
golden,6
present,6
existing,6
ideas,6
landscapes,6
divisions,6
so,6
agriculturalists,6
can,6
widely,6
independent,6
science,6
altai,6
baga,6
settled,6
egiin,6
forests,6
practice,6
kharakhorum,6
peoples,6
constructed,6
der,6
key,6
foundation,6
past,6
kradin,6
growing,6
chifeng,6
khara,6
des,6
beijing,6
song,6
locations,6
numerous,6
national,6
washington,6
zunghars,6
smaller,6
specific,6
tribes,6
broader,6
if,5
introduction,5
formed,5
unlike,5
source,5
diversity,5
being,5
lateral,5
certainly,5
taken,5
rapid,5
perlee,5
secondary,5
studied,5
last,5
written,5
honeychurch,5
primary,5
dynamic,5
millennium,5
gazaryn,5
excavations,5
fig,5
oxford,5
phd,5
kaogu,5
cosmo,5
connected,5
derived,5
parts,5
maintaining,5
consider,5
gobi,5
elsewhere,5
additional,5
powerful,5
permanent,5
amartuvshin,5
scale,5
networks,5
overlay,5
reportedly,5
chuluu,5
survey,5
apparently,5
attributed,5
towards,5
manipulation,5
imposition,5
villages,5
describes,5
notes,5
ordos,5
ivolga,5
brief,5
nearly,5
community,5
communities,5
interpretation,5
same,5
ethnographic,5
bars,5
efforts,5
areas,5
pressure,5
end,5
simple,5
khitans,5
geography,5
ephemeral,5
vast,5
made,5
range,5
formal,5
engaged,5
points,5
held,5
feng,5
would,5
ô,5
probably,5
separate,5
siberia,5
institutions,5
rapidly,5
construction,5
types,5
shiraishi,5
chen,5
environment,5
then,5
extending,5
simply,5
natural,5
scythian,5
buddhist,5
constructions,5
report,5
antiquity,5
extent,5
foundations,5
develop,5
our,5
defeat,5
approximately,5
consolidated,5
area,5
remains,5
ca,5
difficult,4
mortuary,4
way,4
uul,4
identify,4
stone,4
di,4
former,4
causation,4
po,4
dunnell,4
incorporating,4
individuals,4
lattimore,4
resulting,4
height,4
principal,4
papers,4
autonomous,4
historians,4
particularly,4
shared,4
economies,4
acta,4
conducted,4
little,4
religious,4
elements,4
ct,4
compared,4
alliances,4
communication,4
influence,4
poorly,4
affiliations,4
civilization,4
without,4
basic,4
subsistence,4
certain,4
special,4
established,4
weather,4
argued,4
resource,4
exploitation,4
view,4
trajectories,4
union,4
adoption,4
lived,4
out,4
events,4
captured,4
left,4
focused,4
viewed,4
produced,4
applied,4
record,4
london,4
competing,4
example,4
data,4
loss,4
overview,4
describe,4
millet,4
records,4
actually,4
we,4
chang,4
own,4
field,4
allegiance,4
next,4
small,4
mound,4
few,4
walled,4
boundaries,4
division,4
st,4
sea,4
newly,4
identified,4
horses,4
iran,4
yet,4
opportunities,4
represents,4
serve,4
included,4
islam,4
largest,4
increasingly,4
kherlen,4
death,4
available,4
fact,4
qara,4
encompassed,4
idea,4
scholars,4
documents,4
larger,4
contemporary,4
patterns,4
promoted,4
adjacent,4
riding,4
road,4
noyon,4
less,4
perhaps,4
ecology,4
bulletin,4
understanding,4
technologies,4
neimenggu,4
balgas,4
ruling,4
operated,4
conditions,4
theoretical,4
interpret,4
function,4
played,4
provides,4
atwood,4
become,4
adaptations,4
versus,4
herding,4
la,4
usually,4
foreign,4
order,4
referred,4
directions,4
seen,4
relations,4
force,4
effectively,4
stratified,4
canonical,4
tribe,4
any,4
comes,4
tang,4
orientalia,4
berkeley,4
dimension,4
dominated,4
distinctions,4
mcdonald,4
leiden,4
distinctive,4
climate,4
type,4
what,4
them,4
whether,4
typologies,4
ma,4
animal,4
crespigny,4
emphasis,4
conference,4
tent,4
emergent,4
must,4
recognition,4
defensive,4
come,4
heartland,4
defined,4
am,4
pathways,4
era,4
texts,4
focus,4
famous,4
roles,4
tokyo,3
does,3
currently,3
struggle,3
fortified,3
adopt,3
pittsburgh,3
represent,3
expedition,3
likewise,3
needed,3
multifaceted,3
approaches,3
coalition,3
decade,3
necessarily,3
something,3
princeton,3
du,3
declared,3
creation,3
conflict,3
progression,3
confederations,3
official,3
advantage,3
suggesting,3
reasons,3
origin,3
link,3
take,3
horde,3
date,3
concepts,3
esen,3
majority,3
goroda,3
economics,3
honolulu,3
prior,3
capable,3
den,3
move,3
combination,3
point,3
conceptual,3
laws,3
boreal,3
drevnie,3
fröhlich,3
controlled,3
evident,3
component,3
legitimacy,3
since,3
objective,3
hanks,3
neighbors,3
extensively,3
destroyed,3
back,3
marriage,3
response,3
six,3
moving,3
lineage,3
dates,3
third,3
capitals,3
mechanisms,3
conquerors,3
governed,3
exact,3
links,3
innovated,3
angeles,3
influenced,3
remain,3
square,3
represented,3
downward,3
changes,3
varying,3
familiar,3
benefits,3
image,3
yellow,3
just,3
impact,3
xi,3
show,3
avraga,3
ming,3
strategy,3
dc,3
uses,3
result,3
columbia,3
rule,3
called,3
shu,3
relate,3
base,3
neighboring,3
appears,3
scientiarum,3
absolute,3
sima,3
directly,3
having,3
future,3
academiae,3
headless,3
attacked,3
hereditary,3
knowledge,3
studia,3
supreme,3
wittfogel,3
outposts,3
away,3
surrounding,3
formations,3
status,3
famine,3
approach,3
excavated,3
legacy,3
sense,3
presented,3
working,3
stage,3
khazanov,3
consolidation,3
tibetan,3
involved,3
family,3
smithsonian,3
presence,3
essentially,3
treasures,3
results,3
provided,3
pattern,3
partially,3
hsiian,3
architecture,3
khar,3
bringing,3
culturally,3
indeed,3
hungaricae,3
overall,3
sinopoli,3
tuva,3
successes,3
interactions,3
initially,3
rebellions,3
restricted,3
formally,3
decimal,3
home,3
silk,3
reliance,3
picture,3
administrators,3
california,3
attacks,3
dichotomies,3
addition,3
lack,3
contingencies,3
occupied,3
istoriia,3
external,3
conclusions,3
outside,3
relevant,3
council,3
deep,3
original,3
von,3
extended,3
campaigns,3
rulers,3
alliance,3
trajectory,3
findings,3
refers,3
yinchuan,3
collaborative,3
harvard,3
questions,3
actual,3
previous,3
dating,3
comprehensive,3
spread,3
mountain,3
relation,3
hierarchical,3
tendency,3
connections,3
animals,3
clans,3
ranging,3
european,3
chintolgoi,3
consists,3
fueled,3
today,3
ecological,3
vision,3
ideology,3
select,3
effective,3
slow,3
becomes,3
detailed,3
team,3
credited,3
similarities,3
life,3
responsible,3
frontier,3
barbarians,3
instances,3
itself,3
interpretive,3
case,3
earliest,3
considered,3
materialy,3
variable,3
elected,3
civilizations,3
circumstances,3
cotsen,3
tomb,3
clan,3
number,3
living,3
hsüan,3
william,3
according,3
ruins,3
proceedings,3
combined,3
spatial,3
supports,3
independently,3
monastery,3
adaptation,3
inscriptions,3
periphery,3
produce,3
khans,3
huge,3
herd,3
categories,3
nj,3
ancestral,3
transition,3
kublai,3
everywhere,3
divided,3
unitary,3
civilizational,3
models,3
grant,3
offer,3
land,3
define,3
need,3
involving,3
derive,3
forming,3
turkestan,3
typology,3
roughly,3
needs,3
thousand,3
supported,3
territories,3
archaeologica,3
km,3
themselves,3
russia,3
khanate,3
element,3
valley,3
entire,3
duration,3
ethnology,3
customs,3
hypothesis,3
genetic,2
situated,2
margins,2
kluwer,2
khul,2
decentralized,2
downfall,2
bohai,2
religions,2
gosudarstvo,2
identity,2
faced,2
created,2
concern,2
tangut,2
yelü,2
ula,2
dissolution,2
alone,2
eclipsed,2
extends,2
eliminated,2
kazakh,2
unsuccessful,2
becoming,2
breakup,2
agency,2
diplomatic,2
reemerged,2
likely,2
asserted,2
true,2
prince,2
easily,2
grasslands,2
tents,2
cycles,2
presents,2
oyirads,2
contested,2
lower,2
accumulation,2
feudalism,2
kohl,2
gap,2
unearthed,2
whom,2
chronicles,2
exclusive,2
neolithic,2
originally,2
ii,2
give,2
attempts,2
motivations,2
cavalry,2
aral,2
active,2
sustainable,2
extralocal,2
liaoning,2
nothing,2
scientists,2
paramount,2
daily,2
farmers,2
timing,2
grounding,2
entered,2
connection,2
subsequent,2
achieved,2
feature,2
zu,2
greatly,2
chiefdoms,2
physical,2
byzantium,2
tsaidam,2
attempted,2
embroiled,2
sogdian,2
assyria,2
anthropologists,2
heterarchy,2
tombe,2
arzhan,2
dualities,2
intermediaries,2
clearly,2
dong,2
account,2
occupying,2
politics,2
recommendations,2
strand,2
illustrate,2
adopting,2
election,2
functions,2
petersburg,2
europe,2
qing,2
relocated,2
researches,2
realistic,2
reconstruction,2
himself,2
enclosing,2
ritual,2
biodiversity,2
warfare,2
split,2
crystallized,2
colonized,2
build,2
differential,2
cemeteries,2
relationships,2
reused,2
palaces,2
illustrates,2
due,2
reflection,2
raises,2
santa,2
expansionistic,2
ability,2
turn,2
hawaii,2
kirghiz,2
developments,2
erdenebold,2
humphrey,2
depend,2
amount,2
subjects,2
zlatkin,2
traveler,2
criterion,2
look,2
details,2
deeply,2
though,2
implementation,2
mechanism,2
vantage,2
ethnically,2
higher,2
justine,2
explanations,2
fort,2
reconstructed,2
expansions,2
houle,2
devastating,2
growth,2
main,2
boroo,2
soviet,2
organizing,2
les,2
mean,2
levine,2
environments,2
hövsgöl,2
lasted,2
domestication,2
ceramics,2
generating,2
stein,2
scales,2
white,2
space,2
tatarintseva,2
periodic,2
support,2
means,2
references,2
mission,2
lineal,2
cause,2
prehistory,2
objects,2
descent,2
languages,2
dated,2
troops,2
frequently,2
observations,2
periodically,2
orientation,2
map,2
peninsula,2
problems,2
terminology,2
flow,2
david,2
excavation,2
providing,2
participated,2
appear,2
irrigation,2
whereas,2
ranges,2
shamanistic,2
allow,2
appearance,2
hands,2
traditionally,2
access,2
relating,2
effort,2
objectives,2
xingcan,2
greenwood,2
demands,2
circa,2
zone,2
emerge,2
shelach,2
noin,2
muslim,2
gaoyoufang,2
traced,2
agreements,2
recently,2
gilded,2
intertwined,2
otherwise,2
contiguous,2
spiritual,2
required,2
exploration,2
sedentism,2
memory,2
briefly,2
warriors,2
taxes,2
none,2
unequal,2
network,2
distinguish,2
artifacts,2
ku,2
chinggisid,2
prominent,2
ecologie,2
characterization,2
su,2
norm,2
secret,2
actors,2
indigenous,2
confirms,2
positions,2
ten,2
miniaev,2
dynasties,2
gave,2
fit,2
fail,2
xu,2
northwest,2
policies,2
pan,2
member,2
canberra,2
systematic,2
stanford,2
departed,2
wheat,2
challenging,2
allies,2
earth,2
pacific,2
good,2
construct,2
khaghan,2
describing,2
hard,2
accrual,2
below,2
kochevomu,2
involve,2
coupled,2
councils,2
stupa,2
mongoliya,2
event,2
encompasses,2
consensus,2
expands,2
australian,2
decline,2
heicheng,2
dependent,2
fortress,2
ta,2
using,2
developmental,2
preliminary,2
finds,2
law,2
actions,2
massive,2
chronological,2
will,2
yanjiu,2
therefore,2
press,2
highlights,2
action,2
short,2
synthesis,2
service,2
türk,2
administer,2
limited,2
acknowledged,2
mnr,2
positioned,2
above,2
takhiltyn,2
managerial,2
modes,2
turks,2
assassinated,2
seemingly,2
inhabited,2
decisions,2
southeast,2
islamic,2
pivotal,2
asiatic,2
kochevykh,2
violence,2
reference,2
treaty,2
linduff,2
herodotus,2
rules,2
thought,2
ochir,2
technology,2
tangled,2
us,2
perceived,2
management,2
participants,2
orders,2
assistance,2
bloomington,2
dna,2
colonial,2
iranian,2
insights,2
denis,2
begins,2
daidu,2
buddizm,2
functioned,2
raids,2
fill,2
showing,2
routes,2
botai,2
organizations,2
multidirectional,2
funerary,2
gain,2
name,2
aspect,2
camp,2
archaeologically,2
again,2
doityn,2
put,2
added,2
analytical,2
sui,2
shows,2
longer,2
mongolei,2
match,2
sung,2
grave,2
together,2
wu,2
personal,2
confucian,2
considerable,2
pennsylvania,2
never,2
ages,2
centre,2
en,2
hsiu,2
material,2
anthropologie,2
volatile,2
native,2
style,2
reflected,2
going,2
buriatia,2
manichaeanism,2
thoroughly,2
simukov,2
crown,2
discussion,2
indiana,2
examples,2
discovery,2
limitations,2
lake,2
ögödei,2
previously,2
entirely,2
khoshoo,2
largely,2
virtually,2
products,2
continue,2
relegated,2
complicated,2
stratification,2
ties,2
low,2
open,2
significance,2
meanings,2
transformation,2
accessed,2
authors,2
raided,2
fitzhugh,2
indicate,2
nonfixed,2
plant,2
siberian,2
features,2
high,2
course,2
households,2
black,2
standard,2
segment,2
promotion,2
composite,2
thirteenth,2
joint,2
concluding,2
attention,2
encompassing,2
prusek,2
conquest,2
overlapping,2
confederated,2
unstable,2
pure,2
infighting,2
byrtu,2
movements,2
impressive,2
hill,2
inside,2
attitude,2
widespread,2
reason,2
army,2
giegen,2
returned,2
interplay,2
helingeer,2
galdan,2
countries,2
kitans,2
barbarian,2
class,2
arts,2
alisen,2
supporting,2
fields,2
forest,2
stable,2
sections,2
wars,2
thinking,2
ivliev,2
mentioned,2
founded,2
too,2
pace,2
exacted,2
temporal,2
md,2
text,2
funding,2
sustained,2
emperors,2
school,2
korean,2
paper,2
descriptions,2
kitan,2
share,2
inclined,2
global,2
innovations,2
best,2
down,2
brick,2
reminiscent,2
rarely,2
allied,2
compliance,2
constant,2
dunkhu,2
nominal,2
making,2
accounts,2
rebellion,2
character,2
salzman,2
maintain,2
armies,2
distribution,2
consisting,2
densities,2
chutu,2
gender,2
encounters,2
suggests,2
art,2
size,2
researchers,2
mod,2
surrendered,2
erdenebaatar,2
alternatives,2
barrows,2
indebted,2
phenomenon,2
goals,2
hypothesized,2
varied,2
ibn,2
writings,2
sociétés,2
until,2
invasion,2
entity,2
lands,2
herds,2
institutional,2
sought,2
aware,2
yu,2
ended,2
contributed,2
instead,2
integrated,2
rival,2
socially,2
relics,2
colleagues,2
investigation,2
definitive,2
enclosed,2
sovremennaia,2
assumed,2
necropolis,2
johnson,2
valuable,2
create,2
encyclopedia,2
mix,2
earle,2
abandoned,2
uk,2
jagchid,2
building,2
meeting,2
mongoliia,2
termed,2
close,2
occur,2
chingissid,1
courts,1
ars,1
final,1
juan,1
tura,1
miller,1
paleoenvironment,1
baluchistan,1
barbara,1
transportation,1
done,1
hundreds,1
paralleled,1
aristocracies,1
pejorative,1
buildings,1
metal,1
hallmarks,1
oriented,1
box,1
edge,1
functionaries,1
resonance,1
reconstructions,1
meaning,1
commentary,1
altamira,1
uncritically,1
names,1
corporate,1
jingji,1
differentials,1
skeletal,1
aztec,1
slaughter,1
refection,1
cradle,1
epidemics,1
engendered,1
market,1
administered,1
extreme,1
shrines,1
extend,1
environmental,1
college,1
tovchoon,1
happen,1
multilingual,1
celebrate,1
federation,1
contradicts,1
timbers,1
skythen,1
persia,1
per,1
legitimization,1
germany,1
poseleniia,1
linhexian,1
forcing,1
conversion,1
hot,1
khunnov,1
residences,1
replaced,1
mounted,1
leningrad,1
offerings,1
ample,1
namkhaijantsan,1
essays,1
designed,1
ethnogenesis,1
word,1
marcia,1
live,1
confines,1
constitutes,1
sets,1
motivation,1
stroy,1
bias,1
pumain,1
talgar,1
checking,1
athenian,1
discounts,1
conscious,1
validation,1
flows,1
exterior,1
boulder,1
duke,1
nord,1
gardner,1
oppressive,1
andronovo,1
policy,1
flores,1
orkhon,1
inventory,1
organic,1
pose,1
title,1
occurred,1
inequality,1
goldstone,1
aversion,1
assisted,1
fragile,1
exceptions,1
bulgan,1
mullie,1
vassals,1
contest,1
yuandai,1
annals,1
offering,1
vainshtein,1
kompleks,1
khanstva,1
enkhbat,1
contact,1
vegetation,1
kislenko,1
skii,1
reemergence,1
test,1
experience,1
highlight,1
factional,1
predominantly,1
consistent,1
highlighted,1
december,1
estimated,1
jurchin,1
permit,1
marco,1
failing,1
lexington,1
titles,1
every,1
learned,1
archaeologiia,1
preceding,1
yuanyin,1
disagreement,1
nonexistent,1
shrink,1
solidify,1
ancestries,1
researched,1
ueiin,1
fund,1
steady,1
entangled,1
investments,1
dominate,1
bai,1
assist,1
develops,1
script,1
sociologische,1
nauka,1
freely,1
convert,1
kessler,1
seems,1
editions,1
zabern,1
definition,1
kerait,1
confirmed,1
dramatically,1
rammed,1
possibilities,1
shaped,1
veka,1
catalyzed,1
route,1
khirgisuurs,1
textiles,1
leading,1
agrarian,1
reasserted,1
sedimentation,1
lessen,1
assertion,1
borders,1
novel,1
enduring,1
display,1
confusion,1
wrote,1
monitor,1
pivot,1
wave,1
analyses,1
fully,1
producing,1
chroniclers,1
imperio,1
government,1
brier,1
moat,1
guilhem,1
hunting,1
andré,1
ussr,1
styles,1
das,1
barnard,1
marches,1
melding,1
introduces,1
ancestry,1
vasjutin,1
basins,1
alternated,1
idealized,1
emphasized,1
respond,1
precisely,1
sacred,1
raised,1
princely,1
duality,1
gifts,1
investigations,1
embody,1
reading,1
solved,1
transbaikalia,1
pertains,1
signs,1
fouilles,1
behind,1
loyalty,1
khubilai,1
intersection,1
triggered,1
guo,1
tsaraam,1
charleux,1
jurchens,1
paying,1
employs,1
side,1
revolt,1
invasions,1
fortune,1
computing,1
datong,1
occasional,1
depending,1
hsin,1
ascribed,1
parzinger,1
correlated,1
botanical,1
balik,1
westview,1
plain,1
philological,1
seienge,1
atbasar,1
dongfang,1
gaps,1
weakened,1
foundational,1
king,1
jinqi,1
formulation,1
play,1
conspicuous,1
inca,1
amelia,1
u,1
killed,1
deal,1
chapter,1
quantities,1
placement,1
obligations,1
felt,1
marked,1
outlying,1
cooperation,1
subaltern,1
characterize,1
fortresses,1
accommodation,1
foreigners,1
solely,1
stelae,1
eleven,1
harnesses,1
holiness,1
arenas,1
unsuccessfully,1
consumed,1
epidemic,1
sino,1
maodun,1
except,1
reflecting,1
supervision,1
egin,1
establishment,1
unify,1
household,1
balâsãghun,1
völker,1
apply,1
resembling,1
representing,1
correlation,1
suo,1
epimakhov,1
marginalized,1
forged,1
plenty,1
loyang,1
sweet,1
izdatelstvo,1
conclusively,1
overlaps,1
misrepresentation,1
behavior,1
pastorale,1
localized,1
shou,1
framework,1
jushanskogo,1
usage,1
labor,1
winged,1
tamïn,1
thus,1
koryakova,1
phase,1
accessible,1
jin,1
collapse,1
chiefs,1
affiliation,1
jiahu,1
baikal,1
anciennes,1
pictures,1
facts,1
agreement,1
representations,1
khany,1
accounted,1
realignment,1
hyer,1
wusun,1
village,1
rotating,1
constantly,1
nutgiin,1
visited,1
pursuit,1
assumes,1
narodnoi,1
author,1
obshchestvennyi,1
interest,1
civilizing,1
characteristic,1
reproduced,1
moment,1
brother,1
mixed,1
sequentially,1
hotoni,1
occurs,1
untersuchungen,1
tucson,1
co,1
emerges,1
constellation,1
purevjav,1
pay,1
isdatelstvo,1
execute,1
vault,1
alterman,1
nested,1
z,1
hat,1
kind,1
evaluate,1
viewing,1
unity,1
paleoclimatology,1
deeds,1
uyghurs,1
underlying,1
reification,1
altmongolisches,1
jungarían,1
zhoughua,1
refer,1
concerning,1
ransom,1
khalkha,1
easternmost,1
convincing,1
cancel,1
khorum,1
materiality,1
kitajtsy,1
restrict,1
houses,1
mongolischen,1
inclusion,1
uglugchiin,1
ally,1
biogeography,1
genetics,1
find,1
undertaking,1
yeh,1
hybrid,1
scythe,1
terrace,1
factions,1
shortor,1
spite,1
advantages,1
yi,1
longdistance,1
wenti,1
ignore,1
laurie,1
zhizhong,1
founder,1
understood,1
tolerance,1
coopt,1
barfielďs,1
rates,1
pletneva,1
srednie,1
scholarly,1
realization,1
reemerging,1
rouran,1
neighborhoods,1
crossroads,1
newer,1
aristocracy,1
militarily,1
themes,1
employ,1
sweeping,1
suppressing,1
defection,1
simultaneously,1
acculturation,1
agropastoralism,1
invaded,1
philadelphia,1
rebuked,1
taagepera,1
legitimation,1
whose,1
organizationally,1
essential,1
urals,1
respubliki,1
duurlig,1
arkheologiia,1
mak,1
operations,1
examine,1
holingol,1
unified,1
congress,1
minimal,1
aimed,1
managing,1
centered,1
adds,1
chinggis,1
tsagaan,1
influential,1
na,1
gosudarstvennoe,1
arkheologicheskii,1
preparing,1
sow,1
capture,1
notion,1
subdivision,1
dislodged,1
swath,1
suffer,1
dealt,1
outward,1
comply,1
risk,1
legal,1
sudzha,1
sarah,1
shang,1
coverage,1
elikhina,1
barrow,1
illustrations,1
echoed,1
distant,1
lay,1
saari,1
limitation,1
permeable,1
productive,1
boyle,1
practicing,1
migratory,1
consequences,1
roth,1
zaibert,1
absorbed,1
precious,1
moves,1
gathering,1
perilous,1
proclaimed,1
broomcorn,1
centuriesl,1
qualify,1
modified,1
adequately,1
lives,1
solutions,1
category,1
warring,1
convening,1
sakharovskaia,1
monumental,1
league,1
caspian,1
affect,1
genocide,1
stand,1
kaoguxue,1
vreeland,1
quarterly,1
greeks,1
monolithic,1
lane,1
flexibility,1
argues,1
slowly,1
consolidate,1
branch,1
proved,1
dislodge,1
deer,1
accrued,1
reified,1
numbers,1
receiving,1
placed,1
traces,1
articulated,1
hiisen,1
sheer,1
characterizations,1
document,1
threat,1
prevent,1
accumulating,1
margin,1
situations,1
retrospective,1
initiative,1
operate,1
experienced,1
dayan,1
heading,1
max,1
jijian,1
genezis,1
obshchestvakh,1
continual,1
connecting,1
dahl,1
suburbs,1
random,1
your,1
loot,1
radloff,1
plan,1
blessing,1
instance,1
archeological,1
aristocrats,1
solve,1
bruno,1
polo,1
baibalyk,1
covetous,1
dominant,1
unilineal,1
believed,1
revisionism,1
drevnemongov,1
courtly,1
provisional,1
antecedents,1
multidisciplinar,1
drawing,1
cut,1
tuoba,1
myths,1
imbedded,1
nsf,1
hephthalite,1
tseveendorj,1
opening,1
expressed,1
ou,1
carmen,1
acceptable,1
lead,1
rivals,1
identifying,1
linhe,1
questioned,1
complexes,1
canada,1
analog,1
discount,1
holds,1
attributes,1
capitulated,1
found,1
basin,1
eneolit,1
difficulty,1
search,1
une,1
kocevoi,1
explanatory,1
snowstorms,1
ambitions,1
attack,1
combinations,1
amsterdam,1
seven,1
arzan,1
periodization,1
changed,1
stereotype,1
facilitate,1
census,1
dispute,1
möngke,1
bihuamu,1
luxury,1
interesting,1
statelets,1
philosophical,1
struggles,1
experts,1
collectively,1
hovsgol,1
bioarchaeology,1
installation,1
embedded,1
academic,1
inputs,1
camels,1
fourth,1
ranking,1
zuozhi,1
accomplishments,1
agriculturalist,1
kharkhorum,1
occupation,1
traits,1
informed,1
shall,1
nobles,1
wiesbaden,1
blow,1
tehniques,1
hinterland,1
stock,1
tamln,1
keywords,1
mediated,1
fundamentally,1
eleventhcentury,1
province,1
gangzijing,1
decidedly,1
join,1
revive,1
meet,1
suffered,1
artibus,1
younger,1
zhuanbian,1
rising,1
shape,1
contesting,1
metals,1
margulan,1
nachalo,1
shamanism,1
pollen,1
amassed,1
perform,1
confirmation,1
shen,1
centrale,1
explain,1
instrumental,1
facilities,1
conduct,1
dwellers,1
ilkhanate,1
claimants,1
acknowledgments,1
ulsyn,1
gods,1
yoffee,1
gained,1
january,1
near,1
ciqi,1
eliminate,1
arkheologocheskii,1
improve,1
kinsmen,1
resident,1
kiselev,1
ziinghar,1
degrees,1
paleoenvironmental,1
relief,1
rare,1
revealed,1
atlas,1
destinations,1
formerly,1
scope,1
residents,1
horsemen,1
steep,1
narratives,1
statehood,1
domesticated,1
zheng,1
contextualized,1
hou,1
nine,1
faxian,1
lords,1
scythians,1
brought,1
nc,1
breeding,1
demarest,1
macrofossil,1
proportions,1
apparent,1
partitioned,1
lacquered,1
homeland,1
equivalent,1
asiatiques,1
minority,1
criticized,1
year,1
realm,1
zhalainuoer,1
kyzlasov,1
jai,1
riders,1
partly,1
constitute,1
drew,1
relevance,1
ordu,1
reoccupied,1
xinjiang,1
skotovodcheskikh,1
historische,1
winter,1
tunguses,1
mongolgerman,1
rituals,1
documented,1
translated,1
horseback,1
orient,1
nor,1
intersections,1
participate,1
southerly,1
achieving,1
subfield,1
gers,1
manage,1
minzu,1
won,1
knot,1
zhimin,1
horizon,1
conform,1
my,1
relay,1
markedly,1
homelands,1
hidden,1
shortcomings,1
retaliated,1
errors,1
absorb,1
boston,1
agriculturally,1
situational,1
khanuy,1
causal,1
wholesale,1
creating,1
interregional,1
tolerant,1
eine,1
normally,1
useful,1
deriving,1
princiere,1
dundgobi,1
distances,1
livelihoods,1
fostered,1
shaping,1
pazyryk,1
things,1
seized,1
dictionary,1
trading,1
politically,1
complicate,1
kochevye,1
synthesized,1
yuezhi,1
formatting,1
gallon,1
quite,1
heart,1
spatiotemporal,1
fast,1
talents,1
teams,1
sidelines,1
habitation,1
autonomy,1
pastorals,1
amounted,1
sufficient,1
raiding,1
fictive,1
yaozhi,1
gua,1
grow,1
significantly,1
kurgany,1
county,1
invoke,1
prominently,1
compromise,1
thereby,1
russoallemandes,1
ulambayar,1
noinulinskie,1
sculptures,1
differing,1
seeds,1
tended,1
methodological,1
contention,1
characterizes,1
managed,1
arkheologiin,1
visible,1
descendants,1
asiae,1
scott,1
seed,1
naselaniya,1
overlords,1
productivity,1
infantry,1
introduced,1
paid,1
notice,1
stroi,1
woolf,1
structured,1
diminished,1
appropriate,1
balin,1
shiji,1
scarecrow,1
displaced,1
eurasiens,1
throne,1
bilgä,1
sporadic,1
suggest,1
ashina,1
typologized,1
accommodate,1
capturing,1
teleology,1
battles,1
sbornik,1
selectively,1
nations,1
prescribed,1
pao,1
fota,1
llc,1
uncommon,1
huhohaote,1
pertaining,1
chiù,1
territorii,1
approximate,1
units,1
genesis,1
contributes,1
nation,1
yü,1
sinor,1
kherlem,1
reduced,1
minor,1
matter,1
runic,1
territorial,1
elimination,1
centrifugal,1
nem,1
famines,1
noble,1
letters,1
lesser,1
impacts,1
indicative,1
soel,1
kovalev,1
concentrated,1
collection,1
charlton,1
fürstenkurgan,1
bis,1
description,1
motivated,1
inclusive,1
forward,1
suuriny,1
randi,1
acutely,1
upward,1
elusive,1
allen,1
july,1
sect,1
geochronometria,1
dwellings,1
intervention,1
make,1
folded,1
kiln,1
rigid,1
standing,1
incredibly,1
haldon,1
linguistically,1
topography,1
ferghana,1
collapsed,1
westerly,1
tends,1
direction,1
parker,1
fernándezgiménez,1
obitavshikh,1
conventional,1
fighting,1
once,1
continuation,1
flux,1
competition,1
sort,1
relied,1
usages,1
wenhua,1
permission,1
oasis,1
simplified,1
mongolii,1
consistently,1
advanced,1
residence,1
soon,1
morgan,1
fifth,1
inspiration,1
axiomatic,1
baibalik,1
jige,1
ne,1
saint,1
sarmatian,1
supplied,1
recruited,1
khenti,1
semisubterranean,1
obsčestvennyi,1
tax,1
agropastoralists,1
shashny,1
planned,1
crossbow,1
informal,1
infrastructure,1
light,1
rightly,1
disassemble,1
keer,1
aux,1
shifting,1
sharply,1
zhongyao,1
unfinished,1
ed,1
si,1
ramseyer,1
ling,1
reduces,1
wisconsin,1
alterthümer,1
illustrated,1
visitors,1
containing,1
ji,1
speaking,1
predominate,1
frameworks,1
wenuw,1
payments,1
flee,1
hallmark,1
charismatic,1
knapp,1
spatially,1
mongolie,1
ceramic,1
burana,1
fan,1
endured,1
members,1
unmistakably,1
overreliance,1
french,1
layton,1
heritage,1
book,1
monads,1
stronger,1
yizuo,1
journey,1
svedenij,1
toward,1
sourcebook,1
conceived,1
sia,1
naseleniya,1
towns,1
rock,1
breakthrough,1
paleobotanical,1
water,1
sky,1
complementary,1
headquarters,1
speaks,1
registration,1
communal,1
decentered,1
valid,1
limit,1
endless,1
blur,1
xii,1
recurrent,1
revenue,1
herder,1
hüttel,1
utilizing,1
channeling,1
huhehaoteshi,1
beliefs,1
sociospatial,1
abstract,1
mathematical,1
mann,1
claudio,1
sobranie,1
cheng,1
rebuilding,1
weissleder,1
srednej,1
supplies,1
loop,1
ante,1
debates,1
seize,1
inherently,1
descended,1
administrations,1
resolved,1
venture,1
nuclear,1
reflect,1
yiyou,1
ecsdey,1
uprisings,1
distinct,1
erchuu,1
ruler,1
shangdu,1
crosscut,1
archaeologies,1
vague,1
clusters,1
ras,1
innovative,1
castles,1
unit,1
dongjiao,1
zhong,1
gerelbadrakh,1
developing,1
purposes,1
archaeobotanical,1
gai,1
accepted,1
conceiving,1
armed,1
vulnerable,1
konovalov,1
oyirad,1
potentially,1
xiufen,1
meant,1
necessary,1
panyushkina,1
paired,1
hsii,1
japan,1
hu,1
banner,1
preparation,1
recognizes,1
tuûkh,1
conquer,1
distance,1
kherem,1
menggu,1
drevnikh,1
gives,1
zuu,1
instigated,1
argument,1
encountered,1
dzhungarskogo,1
regionally,1
rulership,1
fled,1
bronzeworking,1
gangzinjing,1
degree,1
answers,1
interpreting,1
feodalizm,1
summers,1
published,1
kochevki,1
honorably,1
hulunbeier,1
recognizing,1
remote,1
classes,1
greatest,1
exhibit,1
jiying,1
investment,1
zhongxing,1
father,1
counterattacks,1
effectiveness,1
restrictions,1
treated,1
thanks,1
ethnicity,1
grabfunden,1
prohibition,1
reprint,1
desert,1
fallen,1
vassal,1
bayan,1
systematics,1
transformed,1
curzon,1
enhanced,1
hsiung,1
coffin,1
sixth,1
smallpox,1
recovery,1
deserts,1
strongly,1
kochevniki,1
disassembled,1
contacts,1
khoto,1
warrior,1
gerda,1
worship,1
complexities,1
louis,1
encouraged,1
yale,1
empirical,1
societal,1
arům,1
besh,1
assumption,1
shanlin,1
dashi,1
dress,1
causes,1
slab,1
sequence,1
numbered,1
roman,1
pack,1
hoc,1
real,1
services,1
examination,1
full,1
macro,1
office,1
uruk,1
underwent,1
nationale,1
vladimirtsov,1
platform,1
finally,1
xingtai,1
explorations,1
help,1
oriental,1
jiyao,1
directed,1
emphasizing,1
adding,1
stress,1
mackinder,1
manchuria,1
express,1
language,1
lien,1
erdene,1
sustain,1
victory,1
peter,1
statues,1
workers,1
serious,1
jiaocuodai,1
khanatef,1
grinin,1
allowed,1
terasov,1
reviewers,1
supplying,1
crushing,1
khangai,1
inventing,1
toleration,1
gates,1
dendrochronologia,1
him,1
dorvoljin,1
aimagt,1
dueling,1
linking,1
obtained,1
stages,1
revolves,1
proximity,1
probable,1
ural,1
officials,1
shaazan,1
khotgor,1
latter,1
reuse,1
imagination,1
exchange,1
repeated,1
bilgee,1
pages,1
maison,1
modifies,1
proximal,1
favored,1
khunnu,1
graves,1
annually,1
advisors,1
comparing,1
coercive,1
article,1
outcomes,1
dawson,1
selenge,1
turfan,1
eyes,1
parallel,1
dollars,1
generic,1
viewpoint,1
winters,1
craft,1
lei,1
prawdin,1
bureaucracies,1
boran,1
xvi,1
exactly,1
turchin,1
sovrennaya,1
biomes,1
influences,1
starch,1
plate,1
tanguts,1
availability,1
james,1
enemies,1
ivolginskii,1
primitive,1
dadu,1
usa,1
greece,1
warlords,1
morris,1
splitting,1
workshop,1
xviiie,1
authorship,1
grain,1
staff,1
saw,1
overthrow,1
institution,1
bounties,1
destruction,1
summarized,1
transbaikal,1
engagement,1
responsibility,1
acquire,1
adaptive,1
rangelands,1
controversial,1
embodied,1
cold,1
kyrgyzstan,1
imported,1
akademiia,1
unrelated,1
chagan,1
pagodas,1
logistics,1
brown,1
khirigsuuriin,1
derivative,1
uncritical,1
caucasus,1
increasing,1
pohl,1
agropastoralist,1
archaic,1
factors,1
carried,1
simpler,1
yelii,1
khirigsuur,1
extracted,1
christian,1
groupings,1
honey,1
imply,1
puppet,1
rapport,1
me,1
frühen,1
mitigate,1
vladivostok,1
note,1
coterminous,1
spelling,1
liang,1
redefine,1
hostile,1
figure,1
five,1
imbalance,1
kalmouk,1
gruppy,1
missionaries,1
maps,1
grass,1
hearted,1
tarim,1
elder,1
daniel,1
contraction,1
insufficient,1
ard,1
le,1
nexus,1
dimensions,1
worldwide,1
success,1
translation,1
lefebre,1
understand,1
tower,1
sequences,1
dundad,1
remaining,1
originated,1
recognize,1
emissary,1
plains,1
skie,1
successor,1
escape,1
khaani,1
extra,1
expectations,1
pristine,1
wildlife,1
michael,1
lama,1
achieve,1
surprising,1
chamber,1
expansionism,1
centres,1
exists,1
enclosure,1
irons,1
pressures,1
unusual,1
mounds,1
figured,1
beasts,1
conservation,1
facilitated,1
wendrich,1
biology,1
increased,1
legacies,1
sovetskaia,1
addressed,1
plus,1
orientalis,1
differentiated,1
suggestions,1
legitimated,1
exercised,1
shadow,1
heavy,1
percentages,1
takes,1
dmitrii,1
historian,1
prohibited,1
broke,1
repaired,1
van,1
demographics,1
kökeqota,1
wueijimulun,1
changing,1
intensification,1
received,1
encampment,1
spanish,1
henkel,1
mezhdurechya,1
khingan,1
milking,1
geographic,1
constituted,1
ramp,1
damaging,1
continues,1
nutritional,1
bioarchaeological,1
implied,1
maikop,1
adriatic,1
bukhyn,1
nonhierarchically,1
signed,1
separately,1
vacant,1
droughts,1
yubin,1
coalesce,1
glimpse,1
temple,1
doi,1
rocky,1
kalmyk,1
sums,1
tuvy,1
munich,1
mirrors,1
rigorous,1
integrative,1
why,1
shamans,1
hospitality,1
know,1
outcome,1
taskin,1
lun,1
mutually,1
colonization,1
principle,1
dalai,1
persian,1
thwart,1
grands,1
ivolginskoe,1
cemetery,1
persians,1
qi,1
islamization,1
manchu,1
sheep,1
garrisons,1
misrepresentations,1
nongmu,1
extraction,1
qorum,1
setting,1
cleaves,1
unknown,1
prominence,1
nhb,1
expertly,1
argue,1
half,1
zeitliche,1
universal,1
minimized,1
terraced,1
iii,1
ideological,1
milk,1
feodalizma,1
town,1
drompp,1
brothers,1
begash,1
intersecting,1
contradictory,1
theology,1
edicts,1
disperse,1
enemy,1
yue,1
rely,1
goods,1
recherche,1
associations,1
pit,1
engrained,1
consciousness,1
works,1
steinhardt,1
interactive,1
better,1
liters,1
incorporate,1
ogedei,1
franciscan,1
sixian,1
defend,1
hall,1
commodity,1
defy,1
preexisting,1
notable,1
chaghadai,1
reign,1
ningxia,1
rose,1
stability,1
selected,1
istorii,1
sociology,1
nearby,1
disciplinary,1
males,1
indicates,1
bahr,1
krader,1
lengths,1
mathew,1
transactions,1
distancing,1
tereljiin,1
politysponsored,1
zerjal,1
bibliothek,1
comparison,1
annexed,1
feudal,1
unfavorable,1
bitterly,1
thousands,1
bureaucratic,1
pursued,1
require,1
divide,1
cloth,1
oppositions,1
migrations,1
villes,1
sibérie,1
listed,1
articulation,1
xuebao,1
untersuchung,1
phenomena,1
upper,1
incredible,1
dalee,1
popular,1
khaanii,1
church,1
burden,1
tiin,1
khovsgol,1
gatherings,1
necessity,1
son,1
code,1
khanui,1
peace,1
reported,1
conclude,1
transitioning,1
sovremennaya,1
jahrhunderts,1
symons,1
dunghu,1
content,1
prevalent,1
micro,1
easy,1
variability,1
african,1
predecessors,1
die,1
fajue,1
durable,1
step,1
gorodishche,1
taiga,1
controls,1
poised,1
akademii,1
harnessing,1
trappings,1
multistoried,1
resistance,1
presupposes,1
merchant,1
ucko,1
appointed,1
ranks,1
eneolithic,1
teachings,1
mention,1
allows,1
préliminaire,1
aims,1
writing,1
heylighen,1
think,1
confucians,1
azii,1
driesch,1
contrasts,1
prepared,1
webb,1
named,1
multiregional,1
wild,1
layers,1
understandings,1
dissention,1
dalnego,1
fourteenth,1
survival,1
specializing,1
instructive,1
differentiation,1
frontiers,1
generate,1
average,1
follow,1
revert,1
finding,1
contract,1
ushered,1
opens,1
materials,1
leverage,1
bibliography,1
claudia,1
crisis,1
dangerous,1
documentation,1
joined,1
progressions,1
actively,1
should,1
wangong,1
specialists,1
regime,1
manufacture,1
opinions,1
wulaihai,1
product,1
khedun,1
disintegrated,1
disruption,1
southeastern,1
france,1
petropavlovsk,1
oversaw,1
successions,1
embodies,1
madison,1
semblance,1
association,1
shift,1
speak,1
foraging,1
meat,1
rich,1
ranged,1
staying,1
agropastoral,1
mosaic,1
anonymous,1
restored,1
conceptualizing,1
searching,1
modeling,1
invited,1
requires,1
khuraangui,1
enkhtur,1
raid,1
obshchestva,1
suggested,1
interdisciplinary,1
marxist,1
weber,1
skythian,1
maggie,1
vary,1
peopling,1
activities,1
debate,1
partial,1
cohesive,1
frescoed,1
predictable,1
vagaries,1
varodov,1
herders,1
immediately,1
koreans,1
seek,1
technological,1
ends,1
plunder,1
ab,1
observed,1
dissolve,1
problémy,1
altan,1
asked,1
sent,1
amory,1
sheed,1
kaganata,1
confrontations,1
reemerge,1
otto,1
cited,1
arizona,1
pastorales,1
bce,1
deeper,1
gold,1
richly,1
