WORDCOUNTS,WEIGHT
and,1838
the,1821
of,1557
in,1132
a,550
to,497
age,359
iron,358
as,320
that,278
j,235
or,230
archaeology,218
for,214
pp,203
with,187
on,180
from,170
by,162
were,150
m,143
have,143
p,140
some,132
roman,126
is,124
was,123
social,123
europe,119
an,117
journal,115
has,114
this,113
been,108
are,106
celtic,106
new,105
university,104
archaeological,104
european,96
at,94
s,94
many,92
r,90
c,90
their,87
be,84
b,80
archaeol,78
res,77
springer,76
et,75
more,75
de,74
studies,73
other,73
oxford,73
but,73
culture,70
through,69
they,66
it,65
such,65
ritual,65
not,64
into,63
also,63
cambridge,63
early,63
material,61
g,60
al,59
study,59
late,58
cultural,57
which,57
within,56
these,56
political,55
l,55
may,54
between,54
people,53
t,52
world,52
society,50
identity,48
later,46
i,46
local,46
while,46
religious,45
elite,45
groups,44
only,43
la,43
both,43
american,42
than,42
london,42
its,42
d,42
over,41
who,41
evidence,41
one,40
w,40
can,40
bronze,40
different,40
gender,39
settlement,39
britain,39
what,39
prehistoric,38
societies,38
ethnicity,38
trade,38
archaeologists,37
central,37
work,37
recent,37
h,36
there,36
southern,36
antiquity,36
interaction,36
e,35
earlier,35
bc,35
during,35
ad,34
review,34
n,34
first,33
all,33
century,33
ancient,33
sites,32
where,32
celts,31
had,31
research,31
f,31
regional,31
now,30
indigenous,30
others,30
how,29
change,29
power,29
often,29
past,29
history,28
mediterranean,28
areas,28
perhaps,28
series,28
those,27
british,27
no,27
practice,27
use,27
ethnic,27
theory,27
context,26
traditions,26
international,26
data,26
several,26
anthropology,26
approaches,25
landscape,25
most,25
well,25
interactions,25
seen,25
analysis,25
much,25
offerings,24
even,24
prehistory,24
bar,24
time,24
v,24
authors,24
structure,24
greek,24
der,24
traditional,24
practices,23
york,23
across,23
found,23
used,23
northern,23
status,23
about,23
complex,22
ruiz,22
sacred,22
historical,22
millennium,22
parker,22
them,22
impact,22
k,22
aspects,22
when,22
various,22
classical,22
ideas,22
period,22
western,21
human,21
body,21
en,21
organization,21
important,21
burial,21
concept,21
long,21
understanding,21
similar,21
ö,21
anthropological,21
hallstatt,21
du,20
religion,20
rather,20
interpreted,20
scholars,20
elites,20
among,20
production,19
development,19
burials,19
romans,19
structures,19
systems,19
sometimes,19
objects,19
did,19
approach,19
modern,18
communities,18
economic,18
still,18
once,18
yet,18
centre,18
mortuary,18
described,18
interpretations,18
life,18
role,18
west,18
focus,18
medieval,17
group,17
studied,17
perspective,17
landscapes,17
called,17
regions,17
idea,17
domestic,17
models,17
tene,17
north,17
roles,17
if,16
meaning,16
large,16
case,16
rome,16
own,16
around,16
woolf,16
less,16
see,16
scandinavia,16
would,16
sociopolitical,16
current,16
places,16
iberian,16
differences,15
atlantic,15
shared,15
greeks,15
could,15
recently,15
contexts,15
critique,15
textual,15
he,15
germanic,15
model,15
ordinary,15
any,15
peoples,15
cultures,15
urban,15
tradition,14
state,14
eastern,14
les,14
out,14
related,14
notes,14
led,14
especially,14
perspectives,14
hill,14
animal,14
art,14
childhood,14
years,14
arnold,14
way,13
hillforts,13
being,13
attempts,13
might,13
ô,13
concepts,13
relations,13
old,13
honour,13
site,13
beyond,13
internal,13
based,13
amsterdam,13
few,13
comparative,13
toward,13
oppida,13
warrior,13
wells,13
centuries,13
whether,13
institute,13
debate,13
represent,12
essays,12
ways,12
processes,12
nature,12
last,12
papers,12
heterarchy,12
primary,12
warfare,12
wealth,12
place,12
issues,12
reconstructing,12
van,12
under,12
slavic,12
children,12
collis,12
europeans,12
after,12
oxbow,12
we,12
types,12
associated,12
changing,12
control,12
form,12
era,12
prestige,12
despite,12
colonial,12
france,12
along,11
women,11
sources,11
daily,11
politics,11
initially,11
rites,11
space,11
changes,11
house,11
same,11
war,11
sacrifice,11
away,11
small,11
materials,11
interpretation,11
grave,11
number,11
theories,11
theoretical,11
so,11
each,11
contextual,11
then,11
beginning,11
include,11
area,11
specific,11
built,11
centralized,10
indicate,10
against,10
hierarchy,10
interest,10
topic,10
slavery,10
too,10
public,10
further,10
artifacts,10
rituals,10
le,10
ceremonial,10
female,10
community,10
continuity,10
temperate,10
reflect,10
outside,10
iberia,10
hillfort,10
general,10
households,10
problems,10
become,10
male,10
parcero,10
considered,10
symbolic,10
oubiña,10
migration,10
leaders,10
clearly,10
far,10
goods,10
identities,10
living,10
type,10
imperial,10
des,10
our,10
conditions,10
made,10
national,10
substantial,10
already,9
settlements,9
military,9
system,9
activity,9
conflict,9
relationships,9
individual,9
parts,9
monumental,9
origins,9
conquest,9
gaul,9
part,9
broad,9
least,9
highly,9
activities,9
pearson,9
und,9
death,9
votive,9
debates,9
contemporary,9
forms,9
never,9
patterns,9
everyday,9
empire,9
another,9
published,9
rulers,9
largely,9
questions,9
times,9
like,9
features,9
versus,9
transformation,9
wiksell,9
popular,9
subject,9
using,9
although,9
constructed,9
enclosures,9
remains,9
shift,9
deposits,9
little,9
building,9
o,8
critical,8
adoption,8
before,8
neolithic,8
continue,8
display,8
structuration,8
barry,8
rodriguez,8
since,8
beliefs,8
entire,8
characterized,8
find,8
rowlands,8
distribution,8
his,8
museum,8
process,8
leicester,8
graves,8
archeological,8
larsson,8
kinship,8
discusses,8
noted,8
researchers,8
thus,8
archaeologies,8
structured,8
second,8
shifting,8
frameworks,8
treatment,8
do,8
norwegian,8
classes,8
discussion,8
historic,8
barbarian,8
standard,8
topics,8
italy,8
eventually,8
almqvist,8
sweden,8
alternative,8
combined,8
terms,8
periphery,8
almost,8
suggests,8
vast,8
offered,8
themselves,8
major,8
common,7
religions,7
created,7
introduction,7
germany,7
extant,7
english,7
paradigms,7
controlled,7
concerned,7
england,7
hoards,7
east,7
fact,7
village,7
due,7
relatively,7
y,7
castro,7
likely,7
german,7
bog,7
norse,7
animals,7
thought,7
elsewhere,7
argued,7
result,7
centers,7
scotland,7
term,7
understood,7
method,7
invisible,7
describe,7
surrounding,7
villages,7
periods,7
south,7
limited,7
violence,7
soon,7
den,7
us,7
appear,7
deities,7
leading,7
developed,7
incorporation,7
end,7
substantially,7
present,7
accepted,7
style,7
shifts,7
chiefly,7
archéologique,7
proposed,7
individuals,7
clear,7
language,7
exchange,7
class,7
relation,7
dead,7
science,7
primarily,7
why,7
construction,7
incorporated,7
must,7
known,7
continental,7
economy,7
proceedings,7
agricultural,7
extent,7
explored,7
texts,7
bodies,7
multiple,7
pits,7
paradigm,7
chicago,7
conceptualized,7
organized,7
scandinavian,6
entities,6
metal,6
skeletal,6
sphere,6
artifact,6
taken,6
represented,6
dd,6
issue,6
possible,6
nordic,6
functions,6
reflecting,6
events,6
typically,6
romanization,6
population,6
back,6
publications,6
influence,6
recognized,6
supernatural,6
links,6
carefully,6
à,6
certain,6
direct,6
zapatero,6
ideologies,6
â,6
iconography,6
dynamics,6
equally,6
neighboring,6
something,6
applied,6
metals,6
gods,6
del,6
literature,6
older,6
personal,6
following,6
either,6
provincial,6
agency,6
ancestors,6
annual,6
newly,6
saw,6
architecture,6
kluwer,6
northwest,6
light,6
ethnographic,6
two,6
support,6
introduced,6
archaeologically,6
addition,6
smith,6
lund,6
haselgrove,6
coinage,6
feasting,6
man,6
paris,6
contact,6
unit,6
purposes,6
institutions,6
region,6
significant,6
three,6
powerful,6
spread,6
farms,6
special,6
parallel,6
probably,6
examines,6
frontier,6
relationship,6
syncretism,6
continued,6
involving,6
order,6
began,6
volumes,6
share,6
mainly,6
fernández,6
sciences,6
viewed,6
global,6
rural,6
better,6
inscriptions,6
categories,6
middle,6
kin,6
resistance,6
question,6
formation,6
cunliffe,6
instead,6
states,6
northwestern,6
images,6
reflected,6
ca,6
perception,6
does,5
shrines,5
utility,5
linguistic,5
scottish,5
becoming,5
megaw,5
imperialism,5
revision,5
keltoi,5
turner,5
containing,5
great,5
analyses,5
rich,5
take,5
somewhat,5
rethinking,5
very,5
agendas,5
economies,5
make,5
throughout,5
collapse,5
nash,5
essay,5
danube,5
active,5
given,5
kind,5
cases,5
distinct,5
elements,5
developments,5
cultic,5
kinds,5
houses,5
compared,5
look,5
without,5
main,5
influenced,5
completely,5
archaeologia,5
offering,5
discoveries,5
von,5
familiar,5
peasant,5
linked,5
view,5
descriptive,5
came,5
lived,5
viking,5
focused,5
symbols,5
shamanism,5
approached,5
near,5
having,5
line,5
schortman,5
imports,5
example,5
whole,5
generalizing,5
good,5
excavated,5
previously,5
discuss,5
mound,5
boundaries,5
up,5
uppâkra,5
manching,5
results,5
vix,5
indeed,5
domination,5
single,5
sex,5
oswald,5
independent,5
funerary,5
french,5
heritage,5
academy,5
appeared,5
inspired,5
pennsylvania,5
external,5
anthropologist,5
karl,5
books,5
food,5
evolution,5
points,5
held,5
creating,5
provides,5
seeking,5
relative,5
theorizing,5
increasing,5
foreign,5
wilson,5
bones,5
examine,5
face,5
interpretive,5
earliest,5
complexity,5
fitzpatrick,5
existence,5
simply,5
extensive,5
geographic,5
ever,5
hypothesized,5
physical,5
temporal,5
paper,5
embodiment,5
merely,5
according,5
baringo,5
making,5
baltic,5
huge,5
dialogues,5
became,5
transition,5
writing,5
until,5
crumley,5
salt,5
integrated,5
socially,5
sacrificial,5
attempted,5
association,5
gudme,5
assumed,5
should,5
household,5
decentralized,4
polish,4
stylistic,4
rhine,4
itself,4
stone,4
formed,4
spirit,4
moving,4
odense,4
framework,4
lower,4
swedish,4
creation,4
culturally,4
questioned,4
gundestrup,4
emerged,4
survey,4
nationalism,4
reading,4
colonies,4
similarities,4
sophisticated,4
u,4
germani,4
cited,4
spain,4
undergone,4
kristiansen,4
empires,4
jutland,4
traits,4
acta,4
prehistoria,4
excavations,4
victims,4
underlying,4
uniformly,4
fig,4
storage,4
drawn,4
embodied,4
jones,4
reimão,4
newer,4
opposed,4
brunaux,4
performance,4
notion,4
britannia,4
cult,4
adopted,4
examined,4
enabled,4
scales,4
supposed,4
accounts,4
image,4
experienced,4
peninsula,4
uses,4
whom,4
included,4
basin,4
traditionally,4
changed,4
thurston,4
overcome,4
urbanization,4
academic,4
akademie,4
buried,4
studying,4
record,4
proposing,4
memory,4
because,4
warriors,4
gallic,4
spheres,4
phenomena,4
significantly,4
symbolism,4
quickly,4
patterning,4
experience,4
call,4
actually,4
rise,4
connections,4
encounters,4
hungary,4
interregional,4
multifaceted,4
field,4
suggest,4
interacting,4
things,4
spanish,4
men,4
oppidum,4
concerns,4
differing,4
impossible,4
appropriate,4
preliminary,4
processual,4
expansion,4
reinterpreted,4
textually,4
manifest,4
movement,4
similarly,4
mists,4
selective,4
celtes,4
unwin,4
identification,4
volume,4
hilltop,4
mont,4
discussions,4
poole,4
towns,4
motifs,4
towards,4
longer,4
britons,4
hierarchies,4
together,4
larger,4
doubt,4
discussed,4
intercultural,4
drinking,4
considers,4
secular,4
native,4
widespread,4
germans,4
milisauskas,4
encounter,4
formal,4
transformed,4
enclosed,4
top,4
imbued,4
expression,4
numerous,4
meanings,4
ireland,4
gunder,4
ny,4
high,4
structuring,4
maison,4
craft,4
chiefdoms,4
james,4
distant,4
horse,4
southwest,4
nazi,4
farm,4
dealing,4
today,4
note,4
ideology,4
trabajos,4
lack,4
directions,4
detailed,4
force,4
millennia,4
barbarians,4
mounds,4
school,4
growing,4
druids,4
continues,4
established,4
edited,4
weaponry,4
natural,4
cemetery,4
latvia,4
ideological,4
written,4
works,4
examination,4
believed,4
unique,4
voor,4
references,4
reexamined,4
leaving,4
deposition,4
contain,4
presented,4
scott,4
sea,4
show,4
press,4
die,4
assumptions,4
phenomenon,4
representation,4
come,4
understandings,4
quest,4
descriptions,4
protohistoric,4
parallels,4
course,4
slavs,4
interpret,4
unified,4
defined,4
archaic,4
taking,4
actions,4
suggested,4
ironage,4
views,4
taylor,4
close,4
européen,3
difficult,3
contacts,3
gwilt,3
institutionalized,3
revisionist,3
revue,3
facade,3
presence,3
replaced,3
authority,3
constitutes,3
strictly,3
molinos,3
necessarily,3
unlike,3
inequality,3
stretches,3
pots,3
annals,3
urnfield,3
briggs,3
marco,3
keay,3
labor,3
certainly,3
historians,3
humans,3
sestieri,3
seems,3
editions,3
fosterage,3
definition,3
engaged,3
dismembered,3
shaped,3
principles,3
broadly,3
cannot,3
wessex,3
reproduction,3
celtomania,3
dependence,3
primitive,3
worldwide,3
vila,3
assertions,3
continuum,3
addresses,3
worlds,3
move,3
phoenician,3
preroman,3
combination,3
bell,3
exchanges,3
resources,3
relate,3
genetic,3
representing,3
diversity,3
zeitschrift,3
differential,3
österreichische,3
explained,3
component,3
facts,3
copenhagen,3
private,3
contributors,3
kohl,3
gendered,3
encyclopedia,3
realization,3
siècle,3
overly,3
advances,3
turn,3
embedded,3
robb,3
defensive,3
response,3
büchsenschütz,3
danebury,3
third,3
alliances,3
seemingly,3
locales,3
corpus,3
ralston,3
hodder,3
function,3
mechanism,3
languages,3
referred,3
whose,3
ostensibly,3
generations,3
denmark,3
presentation,3
unity,3
contributions,3
produced,3
maintenance,3
scattered,3
reinterpretation,3
webster,3
understand,3
provinces,3
nor,3
hingley,3
theorists,3
consider,3
locally,3
colonialism,3
specialization,3
sofaer,3
peasants,3
berry,3
presumably,3
placed,3
kaestle,3
weak,3
orientation,3
challenged,3
surface,3
indications,3
notions,3
neither,3
terminology,3
depositions,3
og,3
liberally,3
strategy,3
differently,3
myths,3
trajectories,3
conflicts,3
temporally,3
avant,3
expressed,3
closely,3
problem,3
antiquaries,3
access,3
appearance,3
begun,3
mapping,3
deal,3
sedentary,3
celticists,3
im,3
benefit,3
lead,3
materiality,3
mist,3
grew,3
transactions,3
broader,3
produce,3
explain,3
directly,3
network,3
revealed,3
scope,3
industrial,3
knüsel,3
los,3
imagined,3
actors,3
irish,3
egalitarian,3
residences,3
pratiques,3
records,3
dietler,3
horizon,3
druidic,3
assembly,3
suggesting,3
vida,3
legacy,3
commerce,3
describing,3
level,3
working,3
theoretically,3
indicators,3
politically,3
contrast,3
relevant,3
feasts,3
burmeister,3
eighth,3
strongholds,3
germania,3
core,3
visible,3
bietti,3
rhone,3
provided,3
finds,3
locals,3
valuable,3
will,3
afterlife,3
marquardt,3
battle,3
originally,3
poland,3
situation,3
arrangement,3
implications,3
variety,3
territorial,3
populations,3
poor,3
reappraisal,3
necessary,3
inhabited,3
acculturation,3
structural,3
comprise,3
southeast,3
practiced,3
americans,3
fit,3
alongside,3
peers,3
demographic,3
blanton,3
assimilation,3
home,3
transformations,3
acknowledging,3
oestigaard,3
picture,3
disciplinary,3
impacts,3
critiques,3
assert,3
purely,3
pointed,3
projects,3
endless,3
cumberpatch,3
diverse,3
hedeager,3
shamanistic,3
reasons,3
honor,3
invigorated,3
ages,3
performances,3
gaule,3
manner,3
developing,3
strategies,3
meant,3
propitiation,3
outgrowth,3
ecology,3
analyzed,3
simple,3
compendia,3
examples,3
sacrifices,3
including,3
distinctly,3
sixth,3
strongly,3
ageing,3
attributed,3
trend,3
sees,3
dating,3
veen,3
netherlands,3
subsequent,3
randsborg,3
soldiers,3
architectural,3
tribal,3
lie,3
vegetation,3
peer,3
black,3
took,3
trying,3
assessing,3
frankenstein,3
amber,3
supernaturais,3
lunds,3
materially,3
species,3
anatomy,3
carried,3
philological,3
jerem,3
fairly,3
outsiders,3
hierarchic,3
trait,3
category,3
cognitive,3
romanisation,3
expectations,3
impacted,3
short,3
addressed,3
fertility,3
abandonment,3
bogs,3
colony,3
biography,3
complexes,3
provide,3
organizational,3
set,3
shamans,3
hospitality,3
estonian,3
dominated,3
expanding,3
incorporating,3
unknown,3
threatened,3
gosden,3
constructions,3
particularly,3
thinking,3
varied,3
caesar,3
sievers,3
manley,3
differed,3
just,3
encompassing,3
celtiques,3
weapons,3
scholarly,3
everything,3
och,3
metaphor,3
diaz,3
indicates,3
edinburgh,3
array,3
emphasis,3
revista,3
vessels,3
identify,3
conference,3
emergent,3
surveys,3
content,3
african,3
territory,3
commodities,3
incorporate,3
arguments,3
promoted,3
roots,3
ignored,3
finding,3
stratification,3
finally,3
actively,3
chronology,3
need,3
specialists,3
green,3
integration,3
conquered,3
archaeologica,3
derks,3
point,3
sharing,3
exclusively,3
cores,3
seek,3
famous,3
southeastern,3
indicating,3
increase,3
gold,3
miller,2
moreno,2
merovingian,2
child,2
oriented,2
convergence,2
edge,2
integrative,2
arhus,2
fortified,2
historiographie,2
names,2
corporate,2
know,2
integrating,2
till,2
decades,2
market,2
chthonic,2
unusual,2
fragmented,2
notably,2
wien,2
center,2
globalization,2
engendering,2
intellectual,2
myth,2
biskupin,2
misuse,2
sheffield,2
adoptive,2
asserted,2
true,2
sociological,2
fra,2
historiska,2
greater,2
fouilles,2
ranges,2
equated,2
adna,2
royal,2
carroll,2
holding,2
cornell,2
interpretative,2
celticist,2
source,2
detected,2
chief,2
problemer,2
test,2
horizontal,2
sequence,2
anything,2
receptors,2
inhibited,2
lundensia,2
specifically,2
pitts,2
contingent,2
ii,2
queiroga,2
accompany,2
heirlooms,2
broeke,2
secondary,2
agrarian,2
fer,2
includes,2
deposed,2
infer,2
origin,2
normative,2
lillehammer,2
follows,2
aesthetic,2
able,2
displays,2
mercenaries,2
closer,2
located,2
expressions,2
characterizing,2
palatial,2
lindow,2
styles,2
evolving,2
reinterpret,2
integrate,2
describes,2
jealously,2
watkinson,2
cemeteries,2
zu,2
emphasized,2
reserved,2
gifts,2
untitled,2
discipline,2
signs,2
sacral,2
possibility,2
göteborgs,2
contents,2
akin,2
ill,2
empty,2
über,2
depending,2
brief,2
civilizations,2
portugal,2
reassessed,2
tie,2
key,2
king,2
av,2
hall,2
disseminated,2
reduce,2
vol,2
italian,2
roymans,2
glyfer,2
archaeobotany,2
mystique,2
solely,2
alter,2
richard,2
sánchez,2
say,2
except,2
nato,2
x,2
siegmund,2
ayán,2
phoenicians,2
bailey,2
cobbled,2
enclosing,2
analyzing,2
attempt,2
masks,2
surplus,2
ritualization,2
walnut,2
natives,2
chapters,2
peripheral,2
commensality,2
pit,2
hypothesizes,2
totalitarian,2
eras,2
phenomenological,2
quality,2
alps,2
balkan,2
regularly,2
magic,2
sociale,2
kurgan,2
findings,2
characteristic,2
ridderspore,2
ability,2
application,2
passionate,2
discover,2
presentisi,2
theorized,2
rooted,2
lavendhomme,2
z,2
forced,2
altogether,2
items,2
ct,2
turned,2
profound,2
subjects,2
slave,2
homelands,2
young,2
diffusionism,2
wholly,2
unchanged,2
jarl,2
continuous,2
racialist,2
sword,2
compare,2
overarching,2
decapitated,2
factions,2
unresolved,2
reassessment,2
bennett,2
undeniable,2
spoils,2
unintentionally,2
apparently,2
precapitalist,2
om,2
adult,2
deceased,2
though,2
fulford,2
paralleling,2
posited,2
hellenistic,2
civilization,2
inferences,2
sociopolitics,2
philadelphia,2
société,2
processional,2
improved,2
etudes,2
reviews,2
bourges,2
soviet,2
fusion,2
debated,2
aggressive,2
megalithic,2
retheorized,2
account,2
subsistence,2
remote,2
determining,2
anyone,2
lasted,2
importance,2
mozota,2
entre,2
archaeometry,2
lay,2
rules,2
front,2
absorbed,2
piccini,2
fantasy,2
fortifications,2
suppression,2
wagon,2
measured,2
heterarchic,2
adopt,2
praise,2
possibly,2
river,2
physically,2
mira,2
appearing,2
emergence,2
indigenously,2
consciousness,2
marking,2
traces,2
murray,2
instrument,2
hierro,2
upper,2
presumed,2
acceptance,2
actes,2
followed,2
compounds,2
organisation,2
modeled,2
position,2
shifted,2
baits,2
gebhard,2
dominant,2
helped,2
norway,2
constitution,2
dependency,2
kenya,2
osteological,2
reflections,2
behaviour,2
raw,2
thorpe,2
identifying,2
demonstrate,2
location,2
martinez,2
encoding,2
gauls,2
here,2
explanatory,2
typical,2
galaty,2
create,2
isle,2
mesoamerican,2
depictions,2
noting,2
geographers,2
captured,2
correlates,2
collectively,2
czech,2
fourth,2
correction,2
donner,2
briefly,2
equal,2
garcia,2
circular,2
dismissive,2
metalworking,2
rejected,2
singing,2
ceramics,2
youths,2
moore,2
française,2
exotic,2
suffered,2
shape,2
universidad,2
taught,2
wide,2
negotiated,2
superior,2
package,2
villanovan,2
information,2
beaker,2
symbolically,2
unequal,2
basis,2
rare,2
sanctuaries,2
dog,2
persistence,2
brück,2
edad,2
explains,2
competing,2
communication,2
tombs,2
confirms,2
danish,2
childe,2
dozens,2
morris,2
ofgudme,2
constitute,2
relevance,2
increasingly,2
skythai,2
williams,2
music,2
water,2
link,2
marked,2
overviews,2
proving,2
folklore,2
queer,2
southerly,2
tendency,2
fieldwork,2
participants,2
sicily,2
visions,2
urn,2
polity,2
whither,2
trends,2
trading,2
stockholm,2
balkans,2
navarro,2
reinterpretations,2
hallmark,2
whitehead,2
sense,2
harke,2
below,2
questionable,2
unexpected,2
reliable,2
bone,2
television,2
discourse,2
routes,2
parkes,2
repeated,2
involved,2
calling,2
revisited,2
accomplished,2
scythians,2
manchester,2
crabtree,2
coast,2
dedicated,2
always,2
arkeologiska,2
aside,2
teutoburg,2
eyes,2
simón,2
ot,2
distinguishing,2
value,2
tacitus,2
passive,2
beverages,2
housed,2
nations,2
celtiberian,2
portion,2
uncommon,2
pontecagnano,2
interwoven,2
film,2
decoration,2
furnished,2
republic,2
classicists,2
apparent,2
walled,2
equality,2
scientific,2
worldview,2
labeled,2
tried,2
return,2
constraints,2
object,2
gift,2
step,2
attested,2
enemies,2
extensively,2
contra,2
simultaneously,2
strategic,2
surveyed,2
wicker,2
gent,2
illerup,2
vie,2
biological,2
frank,2
overview,2
forts,2
competition,2
riders,2
criticism,2
warlike,2
formerly,2
elaboration,2
antiquarian,2
opportunities,2
rubric,2
tremendous,2
represents,2
read,2
detectable,2
seeing,2
technology,2
supplementary,2
freestanding,2
midlife,2
boundary,2
perceived,2
constant,2
subset,2
wallis,2
rubbish,2
cahiers,2
every,2
dna,2
reply,2
narratives,2
joyce,2
vorbericht,2
naive,2
lingering,2
praxis,2
maintained,2
functioned,2
encompassed,2
sherratt,2
au,2
ase,2
oral,2
museums,2
law,2
thirsty,2
mark,2
ibena,2
usually,2
rock,2
strontium,2
efforts,2
generational,2
incorporates,2
communal,2
unifying,2
ceramic,2
marker,2
consideration,2
reconsiderations,2
assess,2
creative,2
creeping,2
match,2
wine,2
attempting,2
doors,2
als,2
zenon,2
urbanized,2
celtica,2
hamilakis,2
agree,2
fragments,2
introducing,2
sector,2
innovative,2
unitary,2
archaeobotanical,2
skewing,2
coexisted,2
council,2
decade,2
norms,2
belief,2
distance,2
rodumna,2
horses,2
polities,2
degree,2
tilley,2
violent,2
bradley,2
interpreting,2
polona,2
saitta,2
technologies,2
processualist,2
investigated,2
dissimilar,2
coherent,2
influences,2
berghahn,2
finnish,2
craig,2
discovery,2
reversed,2
upon,2
range,2
farming,2
maritime,2
values,2
helps,2
slaves,2
critiqued,2
challenging,2
nexuses,2
lake,2
conceptualizations,2
enormous,2
manifestations,2
empirical,2
entirely,2
asian,2
waste,2
ironworking,2
sold,2
assumption,2
factor,2
vocabulary,2
brochs,2
takes,2
occupied,2
eligible,2
steppe,2
previous,2
deemed,2
california,2
students,2
cultura,2
ties,2
guadalquivir,2
presentist,2
significance,2
thracian,2
princess,2
viereckschanzen,2
syncretic,2
remarkably,2
stress,2
luxury,2
speakers,2
tattooing,2
unwalled,2
preceded,2
shennan,2
symposium,2
methodological,2
divisions,2
strange,2
artefact,2
played,2
distinction,2
ethnocentrism,2
continually,2
linking,2
reuse,2
courtyard,2
facing,2
coercive,2
article,2
aegean,2
narrow,2
ornaments,2
funéraires,2
exactly,2
caused,2
raised,2
ethnographically,2
capitalism,2
slightly,2
greece,2
reassess,2
parameters,2
grain,2
ground,2
dispatch,2
harding,2
classified,2
remarkable,2
anatolia,2
theorize,2
anglophone,2
behind,2
convincingly,2
widely,2
ehrenreich,2
smaller,2
entity,2
poblamiento,2
she,2
figure,2
ecological,2
domains,2
continuing,2
gilmour,2
bound,2
santiago,2
contraction,2
inside,2
arqueologia,2
bulletin,2
universitets,2
means,2
health,2
collections,2
balcanica,2
el,2
yale,2
ordering,2
imposition,2
effectively,2
visual,2
lives,2
markers,2
contribution,2
originated,2
recognize,2
callmer,2
reaches,2
dans,2
blood,2
existed,2
fall,2
stratified,2
stretched,2
arts,2
investigate,2
forest,2
nordisk,2
quantitative,2
rite,2
ausgrabungen,2
shadow,2
mcdonald,2
spate,2
elected,2
alien,2
conceptualization,2
carr,2
constituted,2
reinforced,2
resulted,2
abgs,2
odin,2
consensus,2
supported,2
rituels,2
dun,2
vote,2
milieu,2
berkeley,2
recorded,2
cauldron,2
proof,2
rios,2
reexamination,2
deconstructed,2
hamilton,2
ergi,2
suggestions,2
novel,2
contained,2
innovations,2
toilet,2
industry,2
flowing,2
ubiquitous,2
down,2
agglomeration,2
lithuanian,2
argue,2
glean,2
money,2
report,2
foundation,2
harvest,2
milk,2
contradictory,2
correlation,2
privileged,2
build,2
examining,2
tracts,2
unfree,2
las,2
placing,2
mass,2
ramos,2
treatments,2
midlands,2
heads,2
mixing,2
spatial,2
implicit,2
selected,2
particular,2
rejects,2
nearby,2
males,2
sharpies,2
contrasting,2
millett,2
adaptation,2
nautical,2
woodward,2
useful,2
utilitarian,2
thompson,2
divide,2
original,2
alcohol,2
batavian,2
infant,2
autocratic,2
nj,2
outline,2
disparate,2
reported,2
disciplines,2
lies,2
agents,2
copper,2
milcent,2
coins,2
homosexuality,2
yielded,2
contextuality,2
coming,2
comprised,2
ein,2
antique,2
named,2
multiethnic,2
youth,2
background,2
julius,2
nonelite,2
mutual,2
zum,2
sought,2
grant,2
whitley,2
shed,2
erroneous,2
attractors,2
land,2
excarnation,2
define,2
consumption,2
cauldrons,2
functionalist,2
sastre,2
asked,2
effects,2
stroud,2
presenting,2
increased,2
oversimplifying,2
intergroup,2
witoczek,2
forces,2
modeling,2
removed,2
intentional,2
det,2
tribes,2
mccarthy,2
pathways,2
scholarship,2
negotiate,2
studii,2
valley,2
equipment,2
abandoned,2
sudden,2
processualists,2
immediately,2
explanations,2
temples,2
archaeooress,2
archäologische,2
anchis,1
belie,1
countryside,1
frequent,1
literal,1
mimic,1
founding,1
ending,1
void,1
wavering,1
amulets,1
portuguese,1
housing,1
incorrect,1
bowls,1
amplify,1
currently,1
apply,1
produces,1
dominating,1
céramique,1
triple,1
chronological,1
ruling,1
consommation,1
limits,1
autocratically,1
obstacle,1
imagining,1
skeptical,1
anatolian,1
masterfully,1
heroic,1
fertile,1
crafts,1
indicated,1
juvenile,1
productions,1
naquane,1
tres,1
generous,1
monsters,1
imported,1
scholar,1
befund,1
vdhbok,1
série,1
grappled,1
slaughter,1
vectis,1
encouraged,1
llc,1
tras,1
interact,1
performativity,1
engendered,1
affected,1
extreme,1
identidad,1
environmental,1
expediency,1
accretionally,1
college,1
tenet,1
revolutionary,1
tolkning,1
gehouden,1
resisting,1
red,1
kristof,1
beaten,1
avoid,1
folkevandringstid,1
caches,1
timisoara,1
emperor,1
evokes,1
hatch,1
berlin,1
quandary,1
crossing,1
perceiving,1
per,1
trash,1
mittelund,1
skygger,1
aceramic,1
boca,1
elementary,1
startlingly,1
partially,1
touched,1
nonkin,1
knock,1
unsatisfactory,1
traded,1
tributary,1
alemannen,1
seat,1
cambrian,1
theodossiev,1
xrf,1
universitetets,1
mobility,1
birmingham,1
elderhood,1
mankind,1
fragment,1
advised,1
word,1
forgeries,1
hors,1
schools,1
comunidades,1
lite,1
med,1
motivation,1
rchaeology,1
âge,1
surround,1
irritated,1
equalizing,1
investigating,1
di,1
done,1
bias,1
johns,1
narbonensis,1
additionally,1
easily,1
postprocessual,1
removes,1
encountering,1
evzen,1
enlivened,1
intermittent,1
favor,1
jiménez,1
nationalistic,1
ó,1
nonarchaeological,1
inference,1
okihiro,1
isolationist,1
exchanging,1
nord,1
situate,1
collection,1
overlook,1
trace,1
deny,1
policy,1
protection,1
featuring,1
prentice,1
obligations,1
cycles,1
dolukhanov,1
gamble,1
organic,1
presents,1
kr,1
occurred,1
relisant,1
collision,1
arrhnenlneirai,1
freeman,1
equations,1
preindustrial,1
tells,1
analecta,1
biographical,1
multivocality,1
middlemen,1
fragile,1
unite,1
service,1
nineteenth,1
konserwacja,1
nonburial,1
thematic,1
eye,1
origination,1
roesdahl,1
easternist,1
princeton,1
societal,1
frühe,1
permitted,1
appraisal,1
romanian,1
vettones,1
équités,1
distributions,1
intentions,1
cutting,1
congress,1
europeanist,1
gestures,1
round,1
said,1
incomplete,1
transference,1
overwhelmingly,1
hygiene,1
defeated,1
stalest,1
passion,1
gap,1
transitions,1
explaining,1
stressed,1
www,1
conception,1
bringing,1
undermine,1
usa,1
lightly,1
hence,1
invention,1
reconstructions,1
constituting,1
embraced,1
expands,1
minimal,1
topographic,1
blended,1
confabulation,1
archaeolingua,1
universitv,1
extraordinary,1
merging,1
simswilliams,1
voices,1
pervasive,1
statuary,1
exclusive,1
treat,1
laiiuscapc,1
reconsider,1
pomeranian,1
shallow,1
give,1
accommodated,1
broadest,1
debating,1
cosmological,1
enables,1
address,1
interments,1
season,1
elusive,1
injury,1
progressive,1
institutionalization,1
preoccupied,1
identified,1
asserts,1
worked,1
autarijati,1
inchoate,1
babic,1
vilnius,1
advanced,1
ethnoarchaeological,1
drivers,1
pred,1
xxxvii,1
anu,1
asia,1
revival,1
celta,1
altering,1
materielles,1
possibilities,1
publishing,1
braudels,1
height,1
attractive,1
route,1
scientists,1
wooden,1
thrace,1
avec,1
administer,1
broken,1
franke,1
interdite,1
continuities,1
monumentally,1
mannerisms,1
desire,1
theme,1
prestigegoods,1
méditerranéen,1
settle,1
wrote,1
whatever,1
farmers,1
richards,1
hochdorf,1
accumulated,1
skeptics,1
pressed,1
carrying,1
illyrian,1
sorcerers,1
inherent,1
aping,1
lumped,1
housewife,1
reveal,1
biologica,1
scandinavians,1
tilting,1
court,1
antiquarianism,1
tx,1
renfrew,1
expense,1
trondheim,1
espaces,1
packages,1
representative,1
fibulae,1
delattre,1
inland,1
mediterraneanization,1
gawain,1
explicated,1
fresh,1
embrace,1
invoked,1
struggle,1
affiliation,1
tiden,1
studier,1
petty,1
solli,1
linden,1
acquisitive,1
scenario,1
mai,1
cheshire,1
blackwell,1
shepherd,1
reworking,1
routines,1
opposite,1
hospitium,1
complicated,1
studio,1
louwe,1
siân,1
welsh,1
mytologi,1
segregated,1
oscillating,1
mythos,1
dissolved,1
bard,1
fascism,1
visibility,1
stopped,1
arbiters,1
backlash,1
explosive,1
alesia,1
nomadic,1
producing,1
stilborg,1
toiletry,1
tyrrhenian,1
depends,1
sporadic,1
miniature,1
holsteinian,1
sociedad,1
solberg,1
side,1
tim,1
fortune,1
britannic,1
rewriting,1
dacia,1
generosity,1
governmental,1
advocates,1
milwaukee,1
epstein,1
befunde,1
postulation,1
westview,1
verlag,1
ofevzen,1
owe,1
pages,1
factors,1
ethnos,1
ashguzai,1
paved,1
thrown,1
guidelines,1
hackneyed,1
kongelige,1
planted,1
iv,1
proxies,1
eurasia,1
tenth,1
expectation,1
draw,1
dualities,1
trance,1
vijftiende,1
apprenticeship,1
reanalysis,1
compliance,1
asturias,1
paj,1
zur,1
mythology,1
videnskabernes,1
busy,1
curating,1
low,1
cerrig,1
opened,1
soldier,1
fitting,1
determined,1
scania,1
outlying,1
stance,1
affiliative,1
madsen,1
potrebica,1
condition,1
goody,1
borderland,1
symbiosis,1
soils,1
treherne,1
schwartzman,1
studi,1
specialist,1
feinman,1
accordio,1
flati,1
julian,1
bibliography,1
bartel,1
occupy,1
centrului,1
obvious,1
ortner,1
fine,1
internet,1
tablewares,1
emile,1
occurring,1
romanticism,1
tyranny,1
variations,1
outmigrated,1
consequent,1
carved,1
birth,1
establishment,1
uncertain,1
laws,1
interdependent,1
dynamic,1
equipping,1
szegediensis,1
redefining,1
dispute,1
midas,1
marriage,1
himself,1
climatic,1
comingled,1
interlocked,1
valdes,1
zone,1
osteria,1
conkey,1
engage,1
targeted,1
differentiating,1
ross,1
former,1
analyse,1
neural,1
expecting,1
fascinating,1
gowland,1
behavior,1
sanchez,1
complicating,1
stakeholder,1
celtiberians,1
cassius,1
exposed,1
embedding,1
exist,1
avenues,1
repeatedly,1
oldenburg,1
dislocation,1
regarding,1
aranda,1
goal,1
million,1
agglomerated,1
terra,1
exogamy,1
ström,1
análisis,1
chiefs,1
actual,1
persecution,1
féministe,1
geographer,1
historically,1
ideational,1
cohen,1
dying,1
spectrum,1
difficulties,1
immediate,1
centrum,1
attest,1
extinguished,1
symbolsystems,1
run,1
middens,1
taxonomic,1
durée,1
bronzeworking,1
illustrates,1
objective,1
regio,1
precipitous,1
approches,1
revisions,1
pursuit,1
nearly,1
assumes,1
prague,1
tiocfaidh,1
fuel,1
divine,1
lectures,1
domain,1
reflection,1
anthropologically,1
campesinas,1
mixed,1
subtle,1
santa,1
consumer,1
reliably,1
highlighting,1
walter,1
price,1
difficulty,1
outright,1
ceramological,1
statues,1
pig,1
danielsson,1
neurophysiologist,1
thoughtful,1
assessment,1
employing,1
preparation,1
universitdfii,1
treasure,1
barrier,1
tripartite,1
basil,1
vaguest,1
nonstate,1
nested,1
snake,1
floodgate,1
spans,1
interprets,1
nazis,1
norte,1
occasioned,1
assendelver,1
bulls,1
self,1
forensic,1
heterarchical,1
rejecting,1
pragmatic,1
segmented,1
transcends,1
mystic,1
praises,1
refer,1
concerning,1
pertinent,1
ediciones,1
birds,1
disproportionately,1
etruscan,1
encompass,1
giffen,1
flog,1
confirmed,1
panorama,1
channels,1
holds,1
generated,1
flawed,1
putative,1
lineage,1
ibérico,1
nonurban,1
left,1
abg,1
ellis,1
truly,1
genderspezifische,1
semantic,1
scanian,1
preconquest,1
closest,1
explore,1
exceptions,1
aim,1
austria,1
prospections,1
sixties,1
windmills,1
instruments,1
disentangling,1
practically,1
borg,1
eurooe,1
longdistance,1
universitetsforlag,1
wet,1
sun,1
perplexing,1
graced,1
simplistic,1
tableware,1
fallacies,1
eurasian,1
leadership,1
commensal,1
cooperative,1
hannestad,1
crawford,1
lightfoot,1
romero,1
definable,1
remnants,1
nuanced,1
handful,1
doubtful,1
respective,1
maleness,1
master,1
songs,1
tartessians,1
conceptually,1
chariots,1
healers,1
matriliny,1
poorly,1
competitions,1
festschrift,1
plant,1
rosaring,1
walls,1
selectively,1
crossroads,1
phases,1
aristocracy,1
holism,1
employ,1
cordobán,1
affiliations,1
seventh,1
fluid,1
aryan,1
bureaucracies,1
online,1
interesting,1
hero,1
fort,1
gallia,1
invaded,1
manipulated,1
simplified,1
legitimation,1
governed,1
linguists,1
geografisk,1
voters,1
monopolies,1
feast,1
allegiances,1
biologische,1
ethnoarchäologischer,1
seeon,1
frustration,1
act,1
cremated,1
statements,1
sets,1
bausteine,1
bring,1
postulate,1
continent,1
traffic,1
substitutions,1
aimed,1
absent,1
superficial,1
linguistics,1
quellen,1
stressful,1
analogs,1
separately,1
arqueológico,1
kniisel,1
picardy,1
danmarks,1
posits,1
overinterpreted,1
administrative,1
na,1
blown,1
münchen,1
official,1
resident,1
supposes,1
af,1
levels,1
uninhabited,1
reference,1
fotiadis,1
patronage,1
centralization,1
coastal,1
cremation,1
holistic,1
lasting,1
inroad,1
recentes,1
conceptions,1
infilled,1
mechanics,1
template,1
opportunity,1
curvilinear,1
disputes,1
repertoires,1
mémoires,1
dean,1
amalgams,1
aristocratique,1
supplement,1
appears,1
eight,1
universiteit,1
initiate,1
repositories,1
economische,1
personhood,1
consensual,1
complement,1
balanced,1
marshes,1
overused,1
vandkilde,1
cosmovision,1
fersen,1
societv,1
revelation,1
preservation,1
barrow,1
commemorating,1
believing,1
white,1
mute,1
alt,1
feel,1
bibliographical,1
boyle,1
requiring,1
paleolithic,1
bach,1
precious,1
figures,1
characterizes,1
onwards,1
gathering,1
guides,1
veleia,1
nruiquuy,1
lesley,1
monuments,1
tooth,1
àrhus,1
escape,1
perceptions,1
cemented,1
conscious,1
romantic,1
mccartney,1
interdependence,1
speculative,1
sánchezpalencia,1
postmodern,1
archaeoloqv,1
unaware,1
dichotomy,1
hold,1
improvement,1
plough,1
sophistication,1
révolution,1
mean,1
retained,1
ule,1
literary,1
slowly,1
astrological,1
acculturated,1
annaler,1
latin,1
toppled,1
proved,1
warren,1
driven,1
edition,1
cruithne,1
mechanisms,1
früheisenzeitlichen,1
phonemes,1
numbers,1
dominate,1
reconstituted,1
hierarchically,1
arqueología,1
likened,1
recycling,1
secs,1
landing,1
frequently,1
inspiration,1
marketplace,1
einschmieren,1
four,1
austrian,1
representatives,1
attitudes,1
graudonis,1
demarcating,1
anticelticity,1
emotions,1
democratic,1
lg,1
anachronists,1
heading,1
variously,1
store,1
digesting,1
gloucester,1
resistant,1
leidensia,1
tributes,1
bounds,1
statement,1
andreu,1
fagan,1
accompanied,1
polar,1
activités,1
wydawnictwo,1
wy,1
isolation,1
random,1
grau,1
oppi,1
plates,1
tribalization,1
puts,1
mix,1
mutilation,1
primordial,1
aristocrats,1
tringham,1
scaife,1
hiérarchie,1
torques,1
syntheses,1
subregional,1
serflike,1
encode,1
geschiente,1
bloody,1
vànbok,1
isotopes,1
providing,1
handily,1
drawing,1
methodology,1
dc,1
unabashed,1
union,1
tapir,1
lusatian,1
tightly,1
monetization,1
diachronic,1
ins,1
acy,1
textbooks,1
individually,1
ostentatious,1
devolved,1
lock,1
complimentary,1
lucy,1
cradle,1
casual,1
comprises,1
regulerede,1
path,1
ethnography,1
migrant,1
allow,1
attributing,1
transmission,1
constructing,1
enscheits,1
kegan,1
six,1
histories,1
romangermanic,1
variants,1
search,1
farmsteads,1
flesh,1
enigmatic,1
ambitions,1
meddelanden,1
combinations,1
impressionistic,1
craftspeople,1
relating,1
reluctance,1
aristocratic,1
behavioral,1
spécial,1
mediterraneans,1
alloy,1
mckay,1
giddens,1
odins,1
radical,1
requirements,1
imagination,1
ethnically,1
biomolecular,1
dowson,1
adolescence,1
divan,1
wilkes,1
holdovers,1
territorio,1
propulsion,1
ogy,1
initial,1
reactionary,1
pryssgârden,1
österreichischen,1
midchúarta,1
pereira,1
affluence,1
evaluate,1
guardian,1
entoptic,1
richly,1
accurately,1
étude,1
landscare,1
mjuuiwcm,1
squabble,1
occupation,1
onto,1
tunanlegg,1
wales,1
rectangular,1
acropolis,1
momigliano,1
displayed,1
hinterland,1
bureaucratic,1
michigan,1
badania,1
depicted,1
resurrect,1
keywords,1
effect,1
sharply,1
narcotic,1
advertise,1
fornvâhnen,1
separated,1
annales,1
homestead,1
montmartin,1
haussier,1
dupljaja,1
venue,1
kossinna,1
intensity,1
pins,1
baffling,1
dispersal,1
fulfill,1
promise,1
invading,1
scale,1
thin,1
iceland,1
moravia,1
boisanne,1
fashionable,1
nothing,1
masculine,1
noroeste,1
pitted,1
tension,1
heathenism,1
rest,1
judicial,1
dovetails,1
required,1
conferences,1
facilities,1
networks,1
enough,1
embed,1
wright,1
seamus,1
hypotese,1
creates,1
seventies,1
cognition,1
paleopathology,1
scene,1
isotope,1
firstbrook,1
worthless,1
varyingly,1
peaking,1
coin,1
affair,1
skew,1
sequential,1
skillfully,1
britannischen,1
infused,1
tack,1
ethnographischarchäologische,1
lloyd,1
congrès,1
omkring,1
lost,1
aging,1
kaul,1
none,1
hybrid,1
participation,1
positions,1
tider,1
addenda,1
tartessian,1
crushed,1
future,1
charred,1
audouze,1
conduit,1
destinations,1
reinterpreting,1
intense,1
nederlands,1
archaeologist,1
archéologie,1
undertaken,1
tool,1
partir,1
deconstructing,1
pythonesque,1
contextualized,1
disputed,1
surrounded,1
locus,1
hints,1
schechner,1
víõforla,1
overturn,1
votives,1
overlordship,1
funen,1
psychological,1
protohistoire,1
lengua,1
drew,1
guimarães,1
civil,1
nella,1
celte,1
proportions,1
knowledge,1
eurodean,1
siècles,1
clearer,1
studia,1
folding,1
tenure,1
festlandkeltischen,1
thoughts,1
doable,1
earthwork,1
epics,1
gadir,1
populated,1
continuation,1
realm,1
gave,1
island,1
couched,1
obscured,1
maintaining,1
postulated,1
expansive,1
partly,1
specialized,1
collective,1
princely,1
berta,1
préhistorique,1
densely,1
clientage,1
neighbors,1
perishable,1
stylegar,1
rum,1
torno,1
romaine,1
organizing,1
staaf,1
uncharted,1
hallein,1
centralised,1
ethnohistoric,1
consistent,1
universidade,1
nationalist,1
amtierst,1
gear,1
romance,1
mcculloch,1
stagnation,1
complemented,1
bounded,1
formations,1
employed,1
blocs,1
il,1
gonzález,1
sutton,1
differentially,1
heated,1
disruptions,1
stanford,1
alan,1
ème,1
observaciones,1
withstand,1
memoirs,1
convegno,1
burillo,1
presentations,1
hidden,1
reconcile,1
manifestation,1
responding,1
messages,1
misplaced,1
woman,1
ditches,1
descriptor,1
historicity,1
prices,1
messenger,1
ancestral,1
quarterly,1
interpretatio,1
complexification,1
causal,1
vaitkunskienè,1
responses,1
authorities,1
habitations,1
mesopotamia,1
flouest,1
instituut,1
singleor,1
correct,1
popularity,1
legions,1
supraregional,1
hard,1
bouts,1
manners,1
regardless,1
wi,1
diminish,1
deity,1
delivered,1
buildings,1
recast,1
excuse,1
holes,1
depositing,1
investigación,1
alto,1
warrant,1
bevan,1
penetrating,1
synthesized,1
consolidation,1
assemble,1
stresses,1
sharp,1
placenames,1
drewna,1
event,1
vid,1
sole,1
ârhus,1
intervals,1
historicist,1
airy,1
contingency,1
epiphenomenal,1
het,1
baggage,1
autonomy,1
leaves,1
aue,1
kalicz,1
workshops,1
altered,1
smithsonian,1
selfconscious,1
members,1
ship,1
revealing,1
components,1
hague,1
transfer,1
cool,1
cosmogonie,1
brought,1
breaking,1
civic,1
dramatic,1
inhabitants,1
paisaje,1
massachusetts,1
convey,1
blunt,1
transgendered,1
climate,1
distinguished,1
attached,1
latest,1
characterization,1
sculptures,1
bearer,1
telling,1
potent,1
regular,1
simms,1
religieuses,1
fashions,1
symposia,1
error,1
bases,1
overemphasized,1
teased,1
progress,1
breached,1
acquisitiveness,1
universities,1
lambot,1
majority,1
os,1
cattle,1
pays,1
carman,1
inaccessible,1
commemorative,1
infanticide,1
decolonization,1
pa,1
galatia,1
archäologischer,1
correspondence,1
vedru,1
insight,1
kimes,1
cycle,1
ullen,1
undergoing,1
glasgow,1
reappraised,1
magyar,1
dairying,1
normalized,1
goes,1
centralizing,1
outposts,1
heyday,1
grecita,1
inhabiting,1
deer,1
méniel,1
haunting,1
humanistic,1
phase,1
questioning,1
gordon,1
storli,1
geographical,1
longue,1
behalf,1
analogies,1
ethnien,1
transmissions,1
ferme,1
literarischen,1
subsequently,1
garnered,1
replacing,1
target,1
institut,1
activation,1
recharacterized,1
analytic,1
archeologia,1
defended,1
overuse,1
centralize,1
applications,1
ana,1
transform,1
sons,1
angelis,1
najde,1
proxy,1
critics,1
repertoire,1
minor,1
onset,1
matter,1
runic,1
dull,1
summarize,1
mysterious,1
functioning,1
dieux,1
contended,1
guarded,1
trader,1
thread,1
letters,1
catchment,1
ofavalon,1
decentralizing,1
substantiation,1
burgundian,1
relatedness,1
wellused,1
sacrificateurs,1
schmidt,1
rule,1
misty,1
adoui,1
folktales,1
imagery,1
roundhouse,1
synthesis,1
spiral,1
knight,1
brian,1
overall,1
tools,1
resisted,1
techniques,1
consists,1
play,1
bis,1
pessac,1
horsedrawn,1
tortosa,1
acknowledged,1
classic,1
musty,1
edges,1
clientela,1
towers,1
almavist,1
arbok,1
framing,1
matrilineal,1
renewed,1
outlive,1
morts,1
concern,1
jewelry,1
intrusion,1
juin,1
rowley,1
convince,1
bloc,1
above,1
praeen,1
tor,1
says,1
batavians,1
surviving,1
ignorant,1
radically,1
ice,1
experiences,1
argument,1
confront,1
studien,1
interrelations,1
premises,1
egges,1
extremely,1
sayers,1
capital,1
procession,1
fictive,1
unfamiliar,1
sheets,1
evinced,1
communist,1
direction,1
selection,1
articulate,1
segmentary,1
riches,1
zoffmann,1
para,1
label,1
purposefully,1
substrata,1
fueled,1
success,1
spoken,1
fully,1
contributing,1
eckhardt,1
communications,1
cheap,1
assuring,1
simultaneous,1
keeley,1
diirnberg,1
diepeveenjansen,1
campagnes,1
tina,1
monte,1
ethnographers,1
vs,1
recognise,1
makes,1
marginal,1
retreat,1
happened,1
siedlungsräumen,1
town,1
albert,1
therkorn,1
counterparts,1
ape,1
collect,1
mobile,1
subcategories,1
restricted,1
exposure,1
historia,1
protect,1
revitalization,1
reconsideration,1
dyson,1
mullin,1
profane,1
acting,1
sulla,1
fringes,1
commoner,1
generalized,1
une,1
conveying,1
orders,1
gendering,1
lenntorp,1
inherited,1
bloomington,1
keeping,1
pioneered,1
heirs,1
choices,1
attract,1
performed,1
passions,1
blurred,1
nw,1
tentative,1
demonstrates,1
hay,1
memorium,1
si,1
incarnation,1
robust,1
shilling,1
ladomersky,1
determine,1
beards,1
suppliers,1
largest,1
costs,1
insights,1
traders,1
illustrated,1
lengthy,1
touching,1
reports,1
hacataeus,1
potential,1
clientship,1
assimilated,1
situates,1
innate,1
dedications,1
paleopathological,1
strata,1
locational,1
expansionist,1
transatlantic,1
payments,1
rte,1
sketch,1
exact,1
knapp,1
love,1
chose,1
enclaves,1
kaiserzeit,1
contextualizing,1
celtoscepticism,1
organizations,1
name,1
geographically,1
tuck,1
underscored,1
allusion,1
paul,1
reinvention,1
invaders,1
book,1
hellenization,1
conceal,1
oslo,1
communism,1
challenge,1
comparison,1
celticization,1
clive,1
maier,1
limit,1
again,1
fin,1
stating,1
approaching,1
preferences,1
wakerly,1
unintentional,1
foil,1
swept,1
artistic,1
hearths,1
occasionally,1
outlooks,1
whitehouse,1
nach,1
residence,1
fitzjohn,1
lime,1
conduct,1
merriman,1
observe,1
urbanisme,1
adherence,1
burgundy,1
proponents,1
investigates,1
concubinage,1
reputed,1
archaeoloqx,1
cernavoda,1
doorway,1
stories,1
mosefunde,1
absence,1
stimulus,1
ulster,1
perceptible,1
occurrence,1
materialist,1
mito,1
impetus,1
seasonality,1
foods,1
disastrous,1
advantage,1
utilizing,1
vigorous,1
strabo,1
predominant,1
documents,1
abstract,1
exclusion,1
infinitum,1
gets,1
glories,1
conventional,1
suppressed,1
really,1
practical,1
rennes,1
aquitania,1
hávamál,1
nucleated,1
plagued,1
somewhere,1
john,1
demonstrating,1
fallen,1
forging,1
filming,1
bourdieu,1
hasel,1
gaules,1
golden,1
mold,1
keramiska,1
speakman,1
prent,1
hinges,1
pairing,1
disregarding,1
controlling,1
tangherlini,1
characterising,1
import,1
fear,1
depopulation,1
longtime,1
covers,1
rhythms,1
klasies,1
cup,1
failed,1
elymian,1
wallerstein,1
craftworking,1
dominion,1
burning,1
amfiteatre,1
polders,1
geography,1
tales,1
available,1
increases,1
posit,1
influential,1
sanden,1
carryovers,1
hallstat,1
road,1
tasic,1
faustian,1
obscures,1
toponyms,1
nonhierarchic,1
equitable,1
excavation,1
vander,1
inhabit,1
armed,1
confini,1
hinterlands,1
stoodley,1
rhineland,1
contrastive,1
underscores,1
boats,1
vertical,1
stâlbom,1
garrisons,1
lines,1
normally,1
piety,1
unnecessary,1
shamanistisk,1
til,1
leveling,1
anthropologie,1
deep,1
peripherality,1
poles,1
heaps,1
breaks,1
patently,1
project,1
district,1
dommasnes,1
hale,1
ignoring,1
minds,1
mabinogion,1
routledge,1
impoverished,1
nonenclosed,1
paramount,1
circe,1
coined,1
linkages,1
spal,1
mediums,1
wood,1
free,1
sindbaek,1
encountered,1
ror,1
moot,1
differentiation,1
systematic,1
numismatics,1
protourban,1
insidious,1
morgenrot,1
outlines,1
complementary,1
convenient,1
maya,1
shown,1
remained,1
nexus,1
discourses,1
zehrovice,1
highway,1
redman,1
beakers,1
understatement,1
entrepreneurs,1
ine,1
greatest,1
clothing,1
architecturally,1
socioenvironmental,1
mounded,1
substantive,1
considering,1
mays,1
observable,1
ministère,1
atomic,1
assemblages,1
wailes,1
patron,1
sorceress,1
inscription,1
generalizations,1
crannog,1
trajectory,1
baltistica,1
giles,1
vach,1
parameter,1
arrows,1
ageism,1
inexorably,1
commanded,1
distinctive,1
reside,1
grauballe,1
nonhilltop,1
worship,1
strengthening,1
wielded,1
host,1
reified,1
lecture,1
hunting,1
lesser,1
cadavres,1
combining,1
illusion,1
ceasing,1
unfortunately,1
hypotheses,1
archaeoloçv,1
overtones,1
residues,1
encyclopedias,1
gustaf,1
refers,1
separation,1
privileges,1
globalizing,1
manipulation,1
engaging,1
band,1
palaeodemographic,1
oldbury,1
bitter,1
arabic,1
real,1
reviled,1
protohistorique,1
sachsenforschung,1
partners,1
stay,1
unregulated,1
fantastic,1
europeanists,1
full,1
purposeful,1
literate,1
varieties,1
sozialer,1
brittany,1
improvements,1
ceremonials,1
synthetic,1
iconographies,1
involves,1
fabricated,1
hyperfine,1
toponym,1
phenomenology,1
vii,1
charge,1
imperfect,1
massive,1
aee,1
worshippers,1
open,1
discovered,1
fried,1
earth,1
akademisk,1
truths,1
remaining,1
reality,1
ansatz,1
directed,1
melding,1
adding,1
communicated,1
kulturen,1
extradisciplinary,1
achieved,1
publication,1
express,1
lakes,1
spearheads,1
grupo,1
mead,1
faces,1
ancestry,1
spawned,1
studie,1
co,1
advocating,1
counter,1
farmstead,1
defense,1
gateway,1
incompleteness,1
philipp,1
lifestyles,1
hägerstrand,1
genetics,1
sacrificed,1
revised,1
castros,1
foundered,1
postprocessualists,1
materialized,1
deeply,1
söderberg,1
lillios,1
rindel,1
institutionalizing,1
premium,1
rhetoric,1
ongoing,1
dry,1
shrift,1
magna,1
seidr,1
revolves,1
filled,1
mammals,1
keene,1
proximity,1
moved,1
keen,1
interacted,1
entered,1
applicable,1
thomas,1
folkloric,1
puzzling,1
quarters,1
elevator,1
odontological,1
behest,1
dialogue,1
wight,1
argues,1
disarticulation,1
ár,1
bit,1
fanatics,1
agriculturalists,1
unconnected,1
favored,1
preponderance,1
schneider,1
conclusions,1
queen,1
stones,1
roleplayers,1
institutionally,1
suited,1
mining,1
arqueológica,1
methods,1
reassessments,1
guldgubbar,1
indicator,1
revisionists,1
viable,1
etruscans,1
immersion,1
heaney,1
paysage,1
eradicating,1
stand,1
hispania,1
crc,1
nationally,1
adjacent,1
tinged,1
asi,1
etruria,1
contributed,1
confusing,1
otherworld,1
wellpublished,1
femininity,1
beleske,1
department,1
looks,1
spawning,1
hassman,1
galleries,1
shamanic,1
splitting,1
workshop,1
impressed,1
accept,1
dunham,1
institution,1
senior,1
gordion,1
amateur,1
destruction,1
école,1
warriorcentered,1
atlas,1
halland,1
tunanlggenes,1
ago,1
facilitates,1
productive,1
regimes,1
mobiliers,1
sailing,1
isolating,1
thackeray,1
unversity,1
division,1
thè,1
supplemental,1
saka,1
infants,1
surprising,1
msecke,1
caucasus,1
solar,1
dogs,1
apalle,1
leighton,1
derevenksi,1
ivi,1
crete,1
asking,1
accepting,1
cereal,1
fifty,1
intangible,1
satellites,1
iranians,1
socialist,1
fata,1
interfaced,1
gibson,1
llyn,1
groupings,1
sustainability,1
castreño,1
indoeuropean,1
modification,1
aid,1
circle,1
backward,1
dual,1
stems,1
serious,1
alcoholic,1
henges,1
africa,1
humanities,1
window,1
richest,1
opening,1
matrilocal,1
tijdschrifi,1
cariile,1
chambered,1
pokot,1
powers,1
enquiry,1
mixture,1
fornvännen,1
addressing,1
apprentices,1
wrigglesworth,1
centrality,1
willingly,1
earthen,1
neopagans,1
impressive,1
sing,1
practitioners,1
obtained,1
groves,1
transvestite,1
foster,1
utterly,1
tech,1
bcad,1
vague,1
archäologischen,1
landscane,1
exclusionary,1
florescence,1
ádal,1
eriksen,1
watson,1
gillings,1
oldkundighead,1
prevent,1
slow,1
independence,1
dimensions,1
bohemia,1
région,1
ritualized,1
palaeolinguistics,1
bilde,1
un,1
mirroring,1
dodge,1
deposit,1
sprachliche,1
marxism,1
triplism,1
olivier,1
celtdom,1
hostility,1
gestalt,1
oddly,1
interplay,1
rife,1
rapidly,1
vallee,1
substances,1
observation,1
thunngia,1
celtique,1
displaying,1
archeologie,1
poetics,1
sunrise,1
ahnenerbe,1
literacy,1
quiet,1
furthered,1
strides,1
ephemeres,1
herrschaft,1
involuntary,1
proposals,1
united,1
hope,1
amalgamation,1
enamel,1
lion,1
début,1
oldest,1
druid,1
vasic,1
lineages,1
equaled,1
answer,1
education,1
lipid,1
centres,1
coordination,1
fyndplats,1
think,1
serbian,1
exists,1
ralph,1
emerging,1
bestow,1
strategically,1
rim,1
cosmology,1
gonzalez,1
etappen,1
minimalist,1
comaroff,1
gathered,1
princes,1
sound,1
premier,1
entrepreneurial,1
multiauthor,1
allinger,1
geschlechtsspezifische,1
tribe,1
wheeled,1
evaluation,1
nielsen,1
door,1
matters,1
recognizably,1
detail,1
matrifocal,1
explicit,1
crafting,1
dance,1
iconographie,1
fédération,1
anthropomorphic,1
utter,1
environment,1
publicly,1
seriously,1
doorways,1
castrexa,1
deposited,1
sketches,1
spiritualities,1
berger,1
preamble,1
spoke,1
geografie,1
preventing,1
reliant,1
ayala,1
plated,1
sexing,1
chicaeo,1
älteren,1
osgood,1
experiencing,1
necessity,1
colonists,1
eliade,1
unlikely,1
focusing,1
pueblos,1
denote,1
ve,1
needs,1
dividing,1
contradiction,1
instructed,1
detect,1
aubet,1
reflects,1
htm,1
bending,1
studium,1
sedgwick,1
scrutiny,1
korrespondenzblatt,1
rival,1
altertum,1
disguise,1
quasihistorical,1
borrow,1
carbondale,1
midcontinent,1
narrowly,1
md,1
glimpse,1
doi,1
creighton,1
text,1
ruibal,1
symbol,1
sarmitzegutusa,1
earle,1
offers,1
évolution,1
prerromanas,1
wider,1
convertibility,1
bearded,1
recursive,1
agony,1
monitored,1
lenses,1
decorative,1
eleusinian,1
serb,1
corporeality,1
partitioning,1
flow,1
nouvelle,1
opts,1
guerre,1
oppressed,1
ave,1
substantively,1
rue,1
spreading,1
modes,1
illuminate,1
chaining,1
goldhahn,1
matasovic,1
ancestor,1
culturehistorically,1
lying,1
prolific,1
mineral,1
shrine,1
nonrelatedness,1
ui,1
seem,1
antiquarians,1
believe,1
minorities,1
collapsing,1
prominence,1
sanctuaire,1
fabech,1
barcelona,1
coevolving,1
clarify,1
wealthy,1
southernmost,1
bogucki,1
universal,1
visiting,1
rarely,1
università,1
adopts,1
biehl,1
provoke,1
spills,1
brunet,1
siglos,1
er,1
páasztor,1
stretching,1
ndndor,1
deres,1
deconstruction,1
speculation,1
wiccan,1
nouvelles,1
defeat,1
aspekte,1
adah,1
audience,1
imitators,1
principautés,1
lerkar,1
formas,1
doms,1
politicized,1
münster,1
pictures,1
reintroducing,1
kurchin,1
chaotic,1
prospects,1
utilized,1
varmorique,1
passage,1
métallurgiques,1
inspires,1
kipp,1
elders,1
interactive,1
culmination,1
monde,1
mayanist,1
rejection,1
anfängen,1
springe,1
für,1
romanticized,1
purported,1
sexual,1
lonaon,1
köhler,1
frdn,1
altars,1
bbc,1
südlichen,1
superhuman,1
correlate,1
jean,1
defending,1
identifiable,1
ruins,1
horns,1
intrude,1
vile,1
investigation,1
resulting,1
reanalyzed,1
cremations,1
rose,1
hermondsworthe,1
ones,1
da,1
garnering,1
symbolized,1
supports,1
sorting,1
reign,1
sachsen,1
français,1
disagreements,1
latins,1
add,1
mucking,1
opportunistic,1
reiterated,1
kelten,1
fashioned,1
vigorously,1
nachbarn,1
marta,1
thicker,1
penetration,1
reminder,1
tending,1
propaganda,1
massalia,1
her,1
saddle,1
birkhan,1
illuminates,1
thames,1
lebensraum,1
vehicle,1
penwith,1
pursued,1
abruptly,1
require,1
amy,1
hypothesize,1
islamic,1
oppositions,1
barely,1
representations,1
fruitfully,1
reviewed,1
enslavement,1
menez,1
emblematic,1
observations,1
agreed,1
carpathian,1
oxygen,1
retheorizing,1
belgic,1
pluto,1
replacement,1
wannabes,1
romanists,1
lumping,1
garbage,1
collet,1
differenzierung,1
proper,1
characterize,1
prior,1
hindsight,1
bought,1
apparatus,1
warlord,1
trees,1
foils,1
observational,1
largescale,1
etnicidad,1
univerisity,1
interrelated,1
earlv,1
junior,1
games,1
vasks,1
uniform,1
meditations,1
materializing,1
vistas,1
translated,1
revolutions,1
servant,1
marketing,1
huelva,1
courses,1
alternatives,1
mingle,1
askew,1
stande,1
sopeña,1
celt,1
focal,1
schribner,1
compartmentalized,1
sante,1
controls,1
commissioned,1
vettona,1
corulership,1
impulses,1
bridges,1
atti,1
trappings,1
theirs,1
punctuated,1
ihren,1
incantations,1
ossianic,1
reconstruct,1
synchronically,1
horizontally,1
divided,1
relates,1
spindle,1
acculturate,1
painting,1
qualitative,1
challenges,1
mention,1
fergus,1
snow,1
estates,1
dismemberment,1
associating,1
übersetzung,1
budapest,1
postcolonial,1
reaching,1
frontiera,1
netween,1
ethnizität,1
contrasts,1
subsumed,1
campus,1
false,1
indiana,1
shards,1
trophies,1
comparée,1
labeling,1
devoted,1
magnusson,1
diverges,1
selfdesignated,1
guichard,1
survival,1
symmetrical,1
commercial,1
universe,1
gilchrist,1
locations,1
cosmopolitan,1
stichting,1
difference,1
latvian,1
frontiers,1
doubting,1
tollund,1
harder,1
disposal,1
sheltered,1
dedicating,1
neutron,1
emplaced,1
genders,1
illinois,1
ushered,1
odontologie,1
bebygglesudviklingen,1
temperature,1
arranged,1
steppes,1
watt,1
trauma,1
danske,1
mode,1
newsletter,1
motives,1
burnt,1
crisis,1
dangerous,1
irate,1
warsaw,1
fremont,1
prolonged,1
millénaire,1
potins,1
oldsaksamling,1
preserve,1
proceeding,1
enabling,1
sur,1
manufacture,1
product,1
gen,1
barnes,1
skeive,1
depressions,1
contestations,1
willingness,1
you,1
doing,1
proposes,1
clues,1
colleagues,1
seeks,1
gerritsen,1
rausing,1
extracting,1
philosophy,1
membership,1
sexuality,1
day,1
peripheries,1
transcend,1
enculturation,1
fostering,1
continua,1
enclosure,1
deemphasized,1
commemoration,1
lithuania,1
ranged,1
magical,1
conquests,1
agropastoral,1
showed,1
summary,1
mazurana,1
verifying,1
extrapolated,1
siege,1
vi,1
charles,1
territories,1
searching,1
portents,1
apart,1
thing,1
textures,1
best,1
inferred,1
penetrated,1
conflated,1
sigils,1
interdisciplinary,1
nonhillfort,1
russia,1
nucleation,1
sectors,1
cook,1
peodle,1
stemming,1
consisted,1
antiken,1
opprinnelse,1
aisne,1
th,1
partial,1
offload,1
lilac,1
virgins,1
bargain,1
enclose,1
nonhierarchical,1
predictable,1
documentary,1
fyn,1
ingrained,1
divergent,1
periodized,1
conventions,1
vjcmiany,1
strong,1
technological,1
nation,1
turres,1
laborers,1
cross,1
proceso,1
olona,1
meeting,1
wield,1
chieftain,1
späthallstattzeit,1
urns,1
termed,1
römischen,1
race,1
customs,1
preconceptions,1
family,1
mouth,1
bolster,1
judiciary,1
praehistorica,1
heterogeneous,1
hypothesis,1
