WORDCOUNTS,WEIGHT
the,1221
and,1058
of,1027
in,515
a,392
to,300
as,172
landscape,156
j,144
is,141
on,137
that,132
archaeology,114
with,102
from,99
american,97
between,94
at,93
are,91
south,90
for,89
archaeological,85
an,82
or,74
this,72
d,72
new,67
have,64
has,63
by,63
andean,62
m,61
university,58
settlement,57
c,57
be,56
these,53
de,51
not,51
springer,48
archaeol,47
et,47
res,47
al,46
but,45
been,45
s,44
how,40
also,40
they,38
journal,38
research,38
antiquity,38
different,38
state,37
cultural,37
w,37
archaeologists,36
inca,36
environment,36
l,35
their,35
peru,35
pp,35
were,34
america,34
agriculture,34
more,34
can,34
h,33
r,33
tiwanaku,33
analysis,33
agricultural,33
landscapes,32
was,32
studies,30
e,30
which,30
built,30
other,29
ritual,29
patterns,29
it,28
raised,28
latin,28
andes,28
social,28
through,28
early,28
both,27
political,26
human,26
b,26
recent,26
amazonian,25
study,25
p,25
coast,25
about,25
many,25
anthropology,25
spatial,25
history,24
across,24
societies,24
domestication,24
well,24
power,24
fields,24
north,24
data,23
use,23
relationship,23
science,23
titicaca,23
development,22
perspective,22
architecture,22
historical,22
within,21
el,21
people,21
society,21
southern,21
lines,21
world,21
central,20
basin,20
its,20
amazon,20
lake,20
associated,20
maize,19
survey,19
than,19
site,19
sites,19
used,19
field,19
economic,19
several,19
interpretation,19
culture,19
department,19
although,19
valley,19
environmental,18
large,18
into,18
long,18
indigenous,18
f,18
communities,18
years,18
local,18
plants,18
evidence,18
area,18
i,17
even,17
bolivia,17
york,17
highlands,17
organization,17
when,17
ecology,17
perspectives,17
anthropological,17
past,17
them,17
map,17
art,17
sources,16
such,16
amazonia,16
change,16
religious,16
two,16
time,16
phd,16
complex,15
ancient,15
because,15
t,15
only,15
rock,15
where,15
en,15
earthworks,15
specific,15
much,15
meaning,14
one,14
those,14
along,14
relationships,14
may,14
k,14
part,14
place,14
same,14
understanding,14
ecological,14
over,14
g,14
make,13
throughout,13
subsistence,13
ecuador,13
â,13
histories,13
late,13
handbook,13
scale,13
record,13
y,13
approach,13
peruvian,13
theoretical,13
plant,13
forest,13
peoples,13
places,13
link,12
review,12
no,12
starch,12
documented,12
period,12
current,12
information,12
americas,12
gis,11
modern,11
labor,11
coastal,11
environments,11
origins,11
irrigation,11
prehistoric,11
public,11
related,11
regional,11
around,11
tropical,11
makes,11
geoglyphs,11
water,11
model,11
locations,11
examples,11
construction,11
set,11
role,11
cuzco,10
surveys,10
some,10
population,10
space,10
n,10
found,10
wari,10
work,10
climate,10
variety,10
comparative,10
formative,10
infrastructure,10
ethnographic,10
academy,10
range,10
including,10
national,10
features,10
mountain,10
systems,10
la,10
then,10
forests,10
connection,10
our,10
interaction,10
ca,10
does,9
now,9
if,9
center,9
lowlands,9
nature,9
farmers,9
cerro,9
combination,9
warfare,9
traditions,9
americans,9
rather,9
links,9
connected,9
del,9
river,9
important,9
based,9
events,9
knowledge,9
island,9
intermediate,9
ethnohistoric,9
buildings,9
stage,9
volume,9
dillehay,9
small,9
will,9
all,9
provide,9
areas,9
pattern,9
austin,9
individual,9
los,9
life,9
mounds,9
sciences,9
brazilian,9
particularly,9
number,9
animal,9
proceedings,9
form,9
particular,9
question,9
include,9
land,9
focus,9
building,9
difficult,8
groups,8
village,8
ways,8
western,8
contexts,8
first,8
results,8
definition,8
ad,8
system,8
distinct,8
left,8
scales,8
changes,8
monumental,8
grains,8
view,8
mapped,8
example,8
northern,8
during,8
climatic,8
rituals,8
interpreted,8
mojos,8
texas,8
ring,8
nazca,8
empire,8
significant,8
ideas,8
questions,8
three,8
comprehensive,8
interpretations,8
sacred,8
sociopolitical,8
independent,8
complexity,8
geographic,8
satellite,8
brazil,8
economy,8
imperial,8
assumptions,8
define,8
celestial,8
inka,7
taken,7
available,7
studied,7
ô,7
colombia,7
soils,7
economies,7
language,7
ability,7
century,7
architectural,7
fig,7
excavation,7
faunal,7
out,7
changed,7
occupation,7
institute,7
steward,7
pearsall,7
cambridge,7
annual,7
using,7
east,7
management,7
lowland,7
community,7
shows,7
scholars,7
outside,7
ground,7
see,7
practice,7
perhaps,7
high,7
least,7
connections,7
who,7
arte,7
boletín,7
changing,7
very,7
combined,7
baúl,7
spaces,7
argument,7
smaller,7
altiplano,7
colleagues,7
defined,7
remains,7
create,7
strong,7
resources,7
kinds,6
walker,6
walnut,6
implications,6
monte,6
together,6
stanish,6
analyses,6
case,6
draws,6
possible,6
prehispanic,6
millennium,6
kolata,6
without,6
process,6
remote,6
importance,6
prehistory,6
intensive,6
show,6
powerful,6
my,6
location,6
could,6
mapping,6
academic,6
tools,6
line,6
bc,6
surrounding,6
project,6
regions,6
archaeologies,6
villages,6
always,6
chavín,6
san,6
imagery,6
located,6
movement,6
ceque,6
broad,6
rise,6
definitions,6
crop,6
larger,6
contemporary,6
anthropologist,6
forms,6
took,6
do,6
strategies,6
invested,6
maritime,6
evolution,6
meanings,6
points,6
interpret,6
evolutionary,6
analyze,6
species,6
movements,6
often,6
demonstrate,6
text,6
natural,6
did,6
erickson,6
bolivian,6
linked,6
domesticated,6
what,6
botany,6
colonial,6
phenomenon,6
huacas,6
o,5
common,5
created,5
methodologies,5
settlements,5
stone,5
likely,5
continent,5
peaks,5
easily,5
contact,5
cotsen,5
anthropogenic,5
humans,5
tradition,5
origin,5
take,5
real,5
there,5
context,5
eastern,5
anthropologists,5
marked,5
since,5
tucson,5
old,5
oxford,5
coben,5
araucanian,5
his,5
angeles,5
parts,5
animals,5
factors,5
moquegua,5
document,5
archaeoastronomy,5
dc,5
relate,5
applied,5
wide,5
artifacts,5
literature,5
concept,5
demonstrates,5
williams,5
earth,5
pottery,5
alto,5
nasca,5
emerging,5
soil,5
consensus,5
reconstruction,5
museum,5
precolumbian,5
us,5
fire,5
tremendous,5
end,5
debates,5
another,5
analyzed,5
investment,5
made,5
ö,5
identity,5
food,5
ethnic,5
open,5
like,5
geography,5
widely,5
modification,5
arqueologia,5
institutions,5
causeways,5
frontier,5
detail,5
chankillo,5
share,5
series,5
mentioned,5
must,5
known,5
control,5
politics,5
marajó,5
ma,5
theory,5
foundations,5
suggests,5
middle,5
entire,5
techniques,5
chile,5
models,5
argues,5
region,5
manioc,5
among,5
southeastern,5
arawak,5
way,4
combine,4
connect,4
precolombino,4
source,4
diversity,4
lower,4
being,4
creation,4
astronomical,4
great,4
chileño,4
religion,4
vegetation,4
date,4
sophisticated,4
activity,4
international,4
move,4
still,4
savanna,4
terra,4
accessible,4
nash,4
rural,4
rooted,4
term,4
back,4
body,4
columbia,4
compared,4
communication,4
sun,4
civilization,4
archaic,4
aveni,4
sensing,4
entre,4
direct,4
support,4
understand,4
affect,4
emergence,4
cost,4
strategy,4
methodology,4
reflections,4
had,4
method,4
ceramics,4
moore,4
cannot,4
near,4
ditches,4
museo,4
actors,4
discussions,4
records,4
details,4
horizon,4
published,4
boundaries,4
deboer,4
led,4
he,4
practices,4
identified,4
expansion,4
grande,4
experiences,4
put,4
chili,4
thought,4
technology,4
sky,4
experimental,4
bandy,4
toward,4
projects,4
communal,4
bauer,4
covered,4
less,4
native,4
organize,4
mortuary,4
stakeholders,4
factor,4
individuals,4
theories,4
similar,4
essay,4
spread,4
stages,4
conversation,4
provides,4
artificial,4
especially,4
methods,4
sight,4
southwest,4
institution,4
division,4
maps,4
widespread,4
strongly,4
rethinking,4
worlds,4
earliest,4
considered,4
any,4
takes,4
intensification,4
continues,4
constructed,4
terrestrial,4
temple,4
each,4
foundation,4
atacama,4
distinctive,4
richardson,4
living,4
better,4
whether,4
terms,4
selected,4
making,4
da,4
nearby,4
adaptation,4
dark,4
revista,4
trees,4
pa,4
maintained,4
llanos,4
analogy,4
preceramic,4
dense,4
integration,4
sandweiss,4
little,4
carved,3
limits,3
appear,3
janusek,3
systemic,3
linguistic,3
mouth,3
group,3
myth,3
policy,3
explanatory,3
ethnoarchaeological,3
migration,3
annals,3
experience,3
reconstructions,3
production,3
palynological,3
seems,3
suggesting,3
includes,3
highland,3
differences,3
vranich,3
government,3
reveal,3
roosevelt,3
last,3
visibility,3
documenting,3
issue,3
fossils,3
manihot,3
key,3
incorporate,3
discuss,3
geophysical,3
reanalysis,3
troncoso,3
far,3
isbell,3
regarding,3
piperno,3
interest,3
reflection,3
towers,3
cases,3
ct,3
chilean,3
depend,3
response,3
hybrid,3
integrates,3
walls,3
focused,3
staller,3
opposed,3
philadelphia,3
cahuachi,3
reflects,3
performance,3
main,3
remain,3
astronomy,3
basic,3
notion,3
una,3
approaches,3
excellent,3
earlier,3
developments,3
viewed,3
productive,3
dispersal,3
objects,3
pampa,3
established,3
clearly,3
impact,3
too,3
resource,3
connecting,3
predates,3
requires,3
archeological,3
permanent,3
decades,3
drawing,3
printing,3
centers,3
estudios,3
sedentary,3
diet,3
defensive,3
further,3
understood,3
burial,3
recently,3
promise,3
however,3
pollen,3
capsicum,3
directions,3
sedentism,3
expressions,3
aspects,3
shape,3
directly,3
floodplain,3
coica,3
clearer,3
coca,3
reflect,3
cone,3
manipulation,3
construct,3
working,3
meggers,3
smithsonian,3
kuel,3
decline,3
brown,3
cosmology,3
preliminary,3
activities,3
pilgrims,3
highlights,3
second,3
giscience,3
processual,3
populations,3
pilgrimage,3
limited,3
settings,3
surveyed,3
single,3
represents,3
under,3
participants,3
already,3
useful,3
analytical,3
cultivated,3
amazonians,3
ceramic,3
consideration,3
foods,3
documents,3
daily,3
incorporation,3
farming,3
feasting,3
guiana,3
never,3
wild,3
present,3
unit,3
moche,3
understandings,3
venezuela,3
necessary,3
deep,3
chungara,3
teeth,3
reconstructing,3
multidisciplinary,3
interpreting,3
acaray,3
rio,3
previously,3
entirely,3
combining,3
arizona,3
sequence,3
sees,3
neotropical,3
described,3
peach,3
low,3
clear,3
allowed,3
caribbean,3
would,3
so,3
peppers,3
after,3
thomas,3
comparing,3
we,3
ago,3
straight,3
topography,3
inhabitants,3
spp,3
means,3
un,3
seen,3
rapidly,3
centuries,3
material,3
growing,3
niño,3
arawakan,3
symbolic,3
monuments,3
md,3
here,3
defining,3
descriptions,3
global,3
style,3
universal,3
aerial,3
cultivation,3
build,3
advances,3
beginning,3
defend,3
unique,3
distribution,3
thousands,3
phenomena,3
size,3
four,3
press,3
became,3
transition,3
isolated,3
goals,3
toponyms,3
crumley,3
conditions,3
grown,3
ade,3
product,3
effects,3
root,3
chicago,3
debate,3
gainesville,3
views,3
northwestern,3
abandoned,3
ayllu,3
should,3
final,2
pärsinnen,2
entities,2
genetic,2
convergence,2
horizontal,2
enter,2
commemorated,2
tres,2
mosaic,2
reconsidered,2
determine,2
arkush,2
introduction,2
manuscript,2
per,2
needed,2
isoseño,2
peabody,2
library,2
postprocessual,2
conscious,2
hair,2
position,2
attract,2
before,2
moving,2
proxemics,2
properties,2
leads,2
pucp,2
highlighted,2
complements,2
permit,2
problems,2
certainly,2
exclusive,2
neolithic,2
coexist,2
repertoire,2
culturally,2
planting,2
might,2
kilometers,2
investments,2
araucania,2
dramatically,2
best,2
shaped,2
crops,2
accompanied,2
vega,2
fully,2
torres,2
producing,2
achievement,2
denevan,2
hunting,2
reinterpret,2
achieved,2
failures,2
constructions,2
schaan,2
precisely,2
represent,2
chiefdoms,2
narratives,2
robert,2
llerén,2
bioarchaeology,2
digital,2
amsterdam,2
british,2
kasapata,2
huaorani,2
forthcoming,2
classifying,2
botanical,2
sought,2
u,2
draw,2
victims,2
vol,2
determined,2
fl,2
illustrate,2
jacinto,2
internet,2
west,2
whatever,2
variations,2
point,2
say,2
guayas,2
processes,2
cited,2
experiencing,2
dynamic,2
behavior,2
controlled,2
conflict,2
squash,2
royal,2
identities,2
collapse,2
domesticating,2
historically,2
dynamics,2
incas,2
illustrates,2
chavin,2
software,2
medio,2
terraces,2
sierra,2
ethnohistorical,2
ease,2
sp,2
preta,2
adopted,2
ethnobotanical,2
santa,2
constellation,2
interprets,2
chiripa,2
nematodes,2
drainage,2
elements,2
maintaining,2
clark,2
channeled,2
keep,2
serving,2
channels,2
generated,2
third,2
find,2
drawn,2
geographically,2
interlocking,2
ecologies,2
nuanced,2
chan,2
infinite,2
languages,2
van,2
higher,2
dialectics,2
transformations,2
ghezzi,2
rupestre,2
paths,2
backslopes,2
explicit,2
centralization,2
holistic,2
represented,2
caral,2
analyzes,2
households,2
observatory,2
personhood,2
consequences,2
shell,2
reinterpretation,2
modified,2
category,2
nor,2
facilitated,2
huarochiri,2
cartesian,2
dated,2
elsewhere,2
americanists,2
traces,2
arqueología,2
reviewed,2
upper,2
delta,2
albuquerque,2
suites,2
isolation,2
altitude,2
pleistocene,2
metal,2
trained,2
stands,2
greater,2
uses,2
result,2
closely,2
extent,2
allow,2
avenue,2
holds,2
access,2
combinations,2
effort,2
shared,2
facilitate,2
symbolically,2
base,2
fishery,2
memory,2
province,2
produced,2
explain,2
required,2
compare,2
exploration,2
caboclo,2
james,2
isotope,2
criteria,2
ñanchoc,2
colonies,2
viru,2
having,2
pedro,2
future,2
arrowroot,2
hydraulic,2
industrial,2
framed,2
translocal,2
significantly,2
brought,2
london,2
confined,2
comment,2
confirms,2
pyramids,2
bennett,2
loss,2
realm,2
describe,2
analogies,2
pyramid,2
issues,2
inkas,2
ruggles,2
focuses,2
away,2
ethnicity,2
holy,2
trends,2
following,2
esculenta,2
level,2
below,2
suggest,2
family,2
breaking,2
presence,2
ancestors,2
managed,2
mythological,2
bulletin,2
up,2
scott,2
fortress,2
productivity,2
proper,2
value,2
provided,2
passive,2
moved,2
periods,2
appeal,2
huaura,2
morphology,2
solar,2
habitats,2
morro,2
absence,2
tenure,2
statecraft,2
synthesis,2
brief,2
islands,2
nearly,2
reproducing,2
stratigraphy,2
expanded,2
woods,2
comments,2
builders,2
roads,2
verde,2
ubiquity,2
hayashida,2
pacific,2
addition,2
database,2
neither,2
fringes,2
light,2
choices,2
costs,2
sling,2
increasingly,2
stones,2
disciplinary,2
longer,2
act,2
french,2
palm,2
mark,2
others,2
hernández,2
andeanists,2
quebrada,2
wetlands,2
ecuadorian,2
efforts,2
calathea,2
incorporates,2
occupations,2
agree,2
forces,2
zaña,2
variation,2
man,2
instituto,2
conclusions,2
everyday,2
influential,2
phytoliths,2
maranta,2
confrontation,2
quaternary,2
rich,2
parapeti,2
distance,2
reflected,2
explicitly,2
tuber,2
original,2
demonstrated,2
meaningful,2
extended,2
dimensions,2
own,2
assemblages,2
footsteps,2
detailed,2
forested,2
top,2
oscillation,2
empirical,2
expression,2
seriation,2
residues,2
rivers,2
recovery,2
trekking,2
stearman,2
dating,2
huántar,2
negotiating,2
guarani,2
explorations,2
transformation,2
methodological,2
divisions,2
characterized,2
flood,2
function,2
played,2
dry,2
filled,2
connects,2
disasters,2
exchange,2
inscribed,2
become,2
relation,2
narrow,2
geographers,2
effect,2
seattle,2
obsidian,2
structure,2
patterson,2
parameters,2
potato,2
occupied,2
von,2
separate,2
european,2
worldview,2
yields,2
today,2
patrimony,2
vision,2
ideology,2
claimed,2
program,2
purposes,2
raymond,2
disagreements,2
yale,2
began,2
diaspora,2
covering,2
expectations,2
pristine,2
ridges,2
combines,2
interpretive,2
conservation,2
thick,2
school,2
proof,2
civilizations,2
reinforced,2
precise,2
proposes,2
alternative,2
geoarchaeology,2
uruguay,2
quickly,2
guaraní,2
continental,2
stagecraft,2
pedestrian,2
cultures,2
capital,2
down,2
terraced,2
cities,2
thompson,2
tunnels,2
subterranean,2
biogeography,2
according,2
cusco,2
explanations,2
carefully,2
dearborn,2
shady,2
covers,2
seasonal,2
cuisines,2
her,2
while,2
periphery,2
studying,2
require,2
voice,2
almost,2
emphasis,2
paleoecology,2
urban,2
papers,2
researchers,2
presented,2
john,2
espacio,2
careful,2
beach,2
amazónica,2
variability,2
turns,2
durable,2
gulf,2
investigated,2
nonhuman,2
domesticates,2
iriarte,2
indians,2
au,2
father,2
recovered,2
burger,2
pine,2
ushnu,2
difference,2
reveals,2
quest,2
illinois,2
argentina,2
florida,2
slope,2
washington,2
documentation,2
course,2
approximately,2
need,2
specialists,2
physical,2
akapana,2
heartland,2
attributes,2
attempted,2
magdalena,2
madison,2
association,2
computer,2
privileging,2
potential,2
paracas,2
clarify,2
pumapunku,2
charged,2
johnson,2
geographical,2
serrano,2
documentary,2
balée,2
images,2
statement,2
camelids,2
household,2
gourd,2
hypothesis,2
camutins,1
unpredictable,1
overlaid,1
problem,1
overdrawn,1
countryside,1
go,1
moreno,1
sentidos,1
margins,1
silverman,1
kallankas,1
decentralized,1
transportation,1
apply,1
arce,1
appropriation,1
provisioning,1
paralleled,1
isotopie,1
chico,1
drylands,1
oriented,1
edge,1
scraped,1
conflicting,1
discoverie,1
heroic,1
inaccurate,1
later,1
altamira,1
asentamiento,1
corporate,1
glascock,1
tropics,1
integrating,1
suggested,1
investigaciones,1
toolkit,1
encouraged,1
historiques,1
intricate,1
migrated,1
unblown,1
administered,1
iowa,1
identidad,1
tuscaloosa,1
reconstructed,1
struggled,1
hassled,1
yaguachi,1
overstated,1
baures,1
apache,1
durante,1
mountains,1
hallucinogens,1
pushed,1
evidência,1
crossing,1
speakers,1
rick,1
likewise,1
told,1
agroforestry,1
engineered,1
replaced,1
deepest,1
achievements,1
determinant,1
systematically,1
downplayed,1
agency,1
mobility,1
identify,1
tend,1
designed,1
symbolize,1
ethnogenesis,1
masonry,1
artistic,1
algunas,1
informative,1
asserted,1
usefully,1
underground,1
postdate,1
tallahassee,1
evidencias,1
completely,1
sudden,1
uniting,1
mountaintop,1
ly,1
flows,1
ore,1
duke,1
santafé,1
spirit,1
decade,1
außereuropäischer,1
trace,1
ceremonial,1
geometric,1
cycles,1
ian,1
presents,1
fuegian,1
laid,1
basalt,1
replicate,1
overturning,1
guyana,1
indias,1
rizvi,1
fragile,1
pots,1
viewpoints,1
classifies,1
territorial,1
genealogia,1
relato,1
netherly,1
subscription,1
undercutting,1
translate,1
test,1
file,1
funerarias,1
piles,1
discordant,1
upland,1
either,1
beneficial,1
permanence,1
australia,1
lexington,1
atacameños,1
tribute,1
drugs,1
topographic,1
progressed,1
interests,1
concerned,1
catchment,1
aftermath,1
attempts,1
tumbas,1
motivations,1
vols,1
rapid,1
undocumented,1
utilization,1
ssp,1
encyclopedic,1
downplay,1
incomplete,1
fragmentary,1
stretch,1
discerned,1
experiments,1
asia,1
transformational,1
articles,1
heated,1
memorial,1
possibilities,1
archäologie,1
principles,1
contextual,1
menlo,1
continue,1
packed,1
agrarian,1
accommodate,1
advantage,1
entorno,1
reasons,1
baessler,1
swenson,1
thank,1
confirming,1
peopling,1
paca,1
supernatural,1
chroniclers,1
live,1
kingship,1
closer,1
brian,1
onto,1
court,1
argue,1
geomorphologie,1
carnegie,1
farmer,1
nonverbal,1
feature,1
underutilized,1
patterned,1
widened,1
lowlanders,1
watercraft,1
inundation,1
inferring,1
nm,1
paddles,1
replicated,1
regression,1
proprietary,1
platforms,1
investigations,1
ushnus,1
indoors,1
reinterpreted,1
reading,1
cloud,1
behind,1
campana,1
possibility,1
worldwide,1
cuenca,1
agroecology,1
explosive,1
nomadic,1
depends,1
inquiry,1
nowhere,1
side,1
con,1
proceed,1
occasional,1
middlerange,1
resilience,1
restitution,1
linear,1
vía,1
gaps,1
tie,1
sunken,1
foundational,1
pulled,1
task,1
framing,1
misunderstood,1
advice,1
tx,1
primary,1
misreading,1
conditioned,1
humahuaca,1
users,1
addresses,1
representations,1
presses,1
mesh,1
design,1
georgina,1
chapter,1
complexidade,1
gardens,1
howard,1
lifetime,1
compelling,1
outlying,1
cooperation,1
condition,1
belies,1
fortresses,1
establishing,1
bocchietti,1
erased,1
reaction,1
duck,1
functions,1
consciousness,1
bibliography,1
randle,1
consumers,1
occupy,1
dinner,1
larrañaga,1
vistas,1
edit,1
taking,1
except,1
recalcitrant,1
establishment,1
coordinating,1
indicating,1
unify,1
chart,1
redefining,1
above,1
fragmented,1
representing,1
keeps,1
investing,1
remotesensing,1
marginalized,1
beneath,1
safely,1
sketched,1
sweet,1
impound,1
audience,1
tied,1
inventory,1
consolidates,1
stakeholder,1
galleries,1
signal,1
grabados,1
framework,1
funded,1
iruyañez,1
accesses,1
avenues,1
muscovy,1
piedmont,1
smalley,1
preoccupied,1
boliviana,1
zeitschrift,1
confounds,1
chapters,1
prey,1
oroncota,1
mamoré,1
análisis,1
ice,1
legitimization,1
measurably,1
majes,1
alignments,1
southwestern,1
sitios,1
reverse,1
downum,1
modify,1
mine,1
nomads,1
cambio,1
retelling,1
orinoco,1
initial,1
interior,1
against,1
viva,1
magic,1
genotype,1
heckenberger,1
charming,1
every,1
povos,1
glacier,1
firme,1
moment,1
mixed,1
brewery,1
malpass,1
highlighting,1
walter,1
price,1
application,1
exploración,1
rapoport,1
urioste,1
universitaires,1
structuralist,1
trail,1
avalanche,1
expected,1
nonstate,1
lanzón,1
z,1
historicities,1
screening,1
norte,1
weaknesses,1
transitional,1
estimates,1
creamer,1
concentrations,1
wendy,1
wim,1
california,1
destroyed,1
pushing,1
problematize,1
savannas,1
hispanic,1
blank,1
burgeoning,1
refer,1
lancho,1
convincing,1
amount,1
modifying,1
completing,1
six,1
extraordinary,1
served,1
graphically,1
occult,1
dates,1
arranged,1
taming,1
reoccupation,1
cardinal,1
estimate,1
publications,1
alliances,1
powerfully,1
curate,1
constant,1
weight,1
landmark,1
archaeologist,1
terrace,1
hodder,1
crystallizes,1
nieves,1
hall,1
critique,1
coexistence,1
parasites,1
refugia,1
prehistories,1
terminated,1
wet,1
pennsylvania,1
william,1
ecológico,1
discovering,1
leadership,1
piedra,1
general,1
generation,1
ortloff,1
interandean,1
valleys,1
handful,1
badie,1
master,1
formats,1
arqueológicas,1
react,1
crossroads,1
rituales,1
alabama,1
catalyze,1
mechanisms,1
operation,1
efficiency,1
online,1
via,1
competition,1
weapon,1
photogrammetry,1
aborigines,1
manipulated,1
recognized,1
contextualisation,1
governed,1
recherce,1
block,1
mexico,1
air,1
réévaluation,1
géoglyphes,1
identification,1
dwells,1
exact,1
testimony,1
traverse,1
statements,1
observers,1
growth,1
rchaeology,1
negatively,1
centered,1
developed,1
adds,1
situ,1
fruits,1
persuasively,1
administrative,1
afterwards,1
antagonistic,1
appreciation,1
yucatán,1
levels,1
culminating,1
swept,1
algarrobo,1
pilgrimages,1
presentation,1
lasting,1
comparable,1
neatly,1
siquiera,1
elsevier,1
goes,1
opportunity,1
archiv,1
singing,1
paz,1
risk,1
briefest,1
flexible,1
certain,1
generally,1
derived,1
tidal,1
hearing,1
contributions,1
dialogue,1
signatures,1
witness,1
tree,1
distant,1
burials,1
limitation,1
overlooked,1
reinforce,1
primer,1
miscellaneous,1
front,1
extremes,1
ames,1
lea,1
gathering,1
bleak,1
plaza,1
reason,1
references,1
arid,1
nevado,1
escape,1
paris,1
perceptions,1
posthumously,1
distorts,1
temprano,1
tensions,1
panaca,1
preclude,1
locally,1
encourages,1
huamanga,1
image,1
organized,1
tuscon,1
slowly,1
lima,1
amazónico,1
fish,1
proved,1
rostain,1
just,1
chullpas,1
numbers,1
placed,1
huari,1
exploratory,1
periodo,1
haunt,1
argued,1
iberoamericana,1
surncial,1
accumulating,1
saraguro,1
textbook,1
age,1
ideals,1
most,1
processions,1
placations,1
jars,1
operate,1
linguistics,1
atácamenos,1
esculentia,1
azapa,1
follow,1
araucanians,1
beyond,1
cotton,1
domesticate,1
peninsula,1
testament,1
ponce,1
zimmerer,1
transcripts,1
meant,1
terminology,1
exploitation,1
reconsideration,1
fixed,1
lengthen,1
desert,1
vale,1
sightlines,1
multidecadal,1
quito,1
helped,1
painstakingly,1
holistically,1
symbolized,1
provisional,1
providing,1
fox,1
differently,1
zea,1
trajectories,1
llc,1
startup,1
conflicts,1
nebraska,1
osteological,1
friends,1
española,1
authority,1
opening,1
expressed,1
cauca,1
settlementsubsistence,1
cynthia,1
path,1
walk,1
concentration,1
leach,1
uncovering,1
adoption,1
conflates,1
blake,1
resonate,1
houses,1
ascription,1
called,1
color,1
expanses,1
determines,1
hallucinogenic,1
painstaking,1
relating,1
seven,1
dunes,1
lived,1
barrancoid,1
underneath,1
animating,1
format,1
ocean,1
fishing,1
residencial,1
pino,1
bind,1
toponymy,1
noting,1
palo,1
workable,1
accompany,1
constantly,1
philosophical,1
excavations,1
mined,1
guariba,1
evaluate,1
wonder,1
archaeofaunal,1
density,1
accurately,1
meter,1
stalk,1
viní,1
fourth,1
correction,1
transconquest,1
neighboring,1
libraries,1
traced,1
chinese,1
bp,1
effective,1
hinterland,1
mcanany,1
oftaytacha,1
reviews,1
culinary,1
illapa,1
arqueológico,1
keywords,1
mediated,1
levees,1
appears,1
osmore,1
intensity,1
priorities,1
biases,1
younger,1
lathrap,1
monograph,1
otherwise,1
popular,1
aggrandizer,1
amenable,1
stalks,1
contesting,1
reaffirming,1
dialectic,1
anecdote,1
explored,1
unravel,1
tropicales,1
dwelling,1
arauquinoid,1
conceptos,1
dumbarton,1
opposition,1
negotiated,1
triumph,1
yoffee,1
creates,1
foregrounds,1
constricción,1
microvertebrate,1
huge,1
mummies,1
silver,1
improve,1
watershed,1
syria,1
none,1
sphere,1
network,1
codependent,1
basis,1
paleoenvironmental,1
missed,1
interfluves,1
khmer,1
inferred,1
zoomorphic,1
cratz,1
correlation,1
etnologia,1
strengths,1
received,1
steep,1
tool,1
clarkson,1
obervatorio,1
alconini,1
ideal,1
nine,1
pakasa,1
cord,1
reader,1
goldstein,1
unless,1
nc,1
heavily,1
purpose,1
discusses,1
civilisation,1
compass,1
yanesha,1
seminal,1
apparent,1
meléndez,1
reduction,1
lays,1
multiplied,1
thoughts,1
positions,1
ten,1
geology,1
rapulo,1
repeating,1
continuation,1
gave,1
older,1
northwest,1
jai,1
contains,1
beginnings,1
relevance,1
oasis,1
fruitful,1
falling,1
moments,1
runs,1
spaniards,1
binding,1
bar,1
overhead,1
holdover,1
outdoors,1
theaters,1
personal,1
contentious,1
estuary,1
employed,1
slings,1
participate,1
showing,1
stanford,1
withstand,1
alliance,1
memoirs,1
famine,1
polity,1
grassroots,1
lithics,1
minds,1
redistribution,1
siteless,1
errors,1
superficiales,1
demystifies,1
foci,1
suffused,1
bibliographies,1
munibe,1
precipitation,1
good,1
creating,1
overlap,1
chimú,1
equator,1
reconciling,1
worked,1
officials,1
perú,1
interregional,1
ratios,1
sense,1
indicator,1
successful,1
describing,1
hard,1
spatially,1
paraphenalia,1
peterson,1
reinforces,1
revolution,1
chose,1
reliable,1
indicators,1
energetic,1
next,1
locus,1
applicability,1
contrast,1
theater,1
cope,1
interacting,1
emphasizes,1
things,1
hole,1
claim,1
night,1
event,1
fermentable,1
graft,1
revisited,1
habitation,1
influence,1
recognition,1
sufficient,1
preucel,1
few,1
accomplished,1
wider,1
concerns,1
replace,1
distribuciones,1
eighth,1
folk,1
competitive,1
strongholds,1
plunged,1
dramatic,1
thereby,1
paisaje,1
niches,1
choosing,1
agronomic,1
differing,1
reduccionismo,1
potent,1
impossible,1
zarzycki,1
core,1
visible,1
reconfiguración,1
chaparrí,1
groundpenetrating,1
chimu,1
loci,1
faraway,1
resistance,1
describes,1
zigzag,1
rowman,1
lípez,1
roots,1
agricola,1
cycle,1
notes,1
training,1
newly,1
baure,1
finds,1
valuable,1
gordon,1
katari,1
reducing,1
digging,1
guianas,1
overturns,1
invest,1
breakthroughs,1
champion,1
tiempo,1
smashed,1
nations,1
transforming,1
meaningfully,1
soundscapes,1
perspectivas,1
therefore,1
horizons,1
churchill,1
film,1
timeless,1
investigating,1
projectiles,1
reduced,1
reexamine,1
various,1
visually,1
implicitly,1
logistical,1
burning,1
monoliths,1
letters,1
contingent,1
cosmological,1
kenneth,1
tiksi,1
filtration,1
geoglifos,1
revival,1
resisted,1
catastrophism,1
play,1
llosas,1
tried,1
spencer,1
geometrically,1
cuisine,1
benefiting,1
object,1
positioned,1
heggarty,1
petitioning,1
thresholds,1
illustrating,1
intervention,1
huaca,1
americana,1
interactions,1
domination,1
geophysics,1
harwood,1
macrobotanical,1
terrain,1
backdrop,1
contra,1
seemingly,1
cultivate,1
direction,1
selection,1
youth,1
southeast,1
conventional,1
guide,1
springs,1
causality,1
criticism,1
edited,1
advent,1
yet,1
reference,1
contribute,1
ethnographers,1
examined,1
seaweed,1
jaimes,1
fermentation,1
minette,1
alongside,1
kluwer,1
acknowledgments,1
esoteric,1
usa,1
hegemonic,1
coevolution,1
sociocultural,1
saladoid,1
restricted,1
chronology,1
largerscale,1
zurich,1
selective,1
classroom,1
sherbondy,1
contreras,1
counterfeit,1
compiled,1
winklerprins,1
included,1
subset,1
extinction,1
neotropics,1
raise,1
nakedeye,1
complete,1
shifting,1
raleigh,1
sharply,1
indian,1
infused,1
reply,1
jamaica,1
largest,1
junctions,1
insights,1
domesticación,1
provocative,1
bombard,1
trapezoidal,1
interzonal,1
noted,1
speaking,1
dene,1
magallania,1
layout,1
expediency,1
cairina,1
unifying,1
holoceno,1
knapp,1
administrators,1
dante,1
adjacent,1
transformative,1
mound,1
disappearing,1
organizations,1
oral,1
evaluating,1
provincia,1
critiques,1
name,1
crystallized,1
recall,1
tour,1
paul,1
ethnohistory,1
challenge,1
comparison,1
stronger,1
stated,1
inflexible,1
fell,1
patamuna,1
bring,1
admirable,1
pointed,1
unintentional,1
hearths,1
gathers,1
nevada,1
paleobotanical,1
demographic,1
dissertations,1
ethnoarcheology,1
fact,1
textiles,1
paiute,1
revitalized,1
idea,1
marker,1
limit,1
underwrote,1
breakfast,1
treatment,1
ethnoclimatology,1
overwhelming,1
fundamental,1
trece,1
temples,1
blocks,1
verifiable,1
lives,1
relates,1
schomburgk,1
walked,1
creative,1
incallacta,1
universidad,1
appeared,1
enact,1
khonko,1
striking,1
essence,1
choice,1
layer,1
habitat,1
mckey,1
reacted,1
museu,1
grows,1
palliative,1
aconcagua,1
sprouted,1
católica,1
considerable,1
patchwork,1
imperfect,1
pimentel,1
beliefs,1
simple,1
chiefdom,1
mountainous,1
evacuating,1
channel,1
reinterpreting,1
jaime,1
símbolos,1
hand,1
sighting,1
prümers,1
abstract,1
v,1
samaca,1
performances,1
remarkable,1
threads,1
flooded,1
understudied,1
entity,1
establish,1
hastorf,1
demonstrations,1
michael,1
answer,1
defense,1
calendrics,1
containers,1
gender,1
anthropologie,1
pinto,1
focusing,1
stumble,1
chronologically,1
belief,1
boserupian,1
conquer,1
cosmos,1
complejidad,1
como,1
bonzani,1
literatures,1
gives,1
day,1
identifiable,1
google,1
bibliographic,1
remained,1
klokler,1
sir,1
examine,1
trait,1
genus,1
recognizing,1
private,1
technologies,1
ignored,1
socioenvironmental,1
mounded,1
churches,1
zuidema,1
background,1
easier,1
craig,1
completed,1
bone,1
upon,1
renders,1
wads,1
helps,1
locate,1
refining,1
sides,1
writings,1
formal,1
trader,1
extractivists,1
parameter,1
distinctly,1
rehabilitation,1
depended,1
etnología,1
sufficiently,1
dispersals,1
manifestations,1
doctrinas,1
canals,1
reside,1
recover,1
apus,1
worship,1
desirous,1
skeletal,1
europeans,1
computers,1
pichincha,1
controlling,1
sold,1
despoblado,1
andinos,1
assumption,1
affects,1
relaciones,1
franca,1
collaborative,1
products,1
harvard,1
willey,1
humano,1
resulting,1
millennia,1
solis,1
marcos,1
services,1
multicomponent,1
steppe,1
stay,1
ceremonies,1
previous,1
complicated,1
sound,1
synthetic,1
netherlands,1
involves,1
prehispanicas,1
platform,1
downriver,1
ties,1
trade,1
significance,1
urbana,1
historic,1
colombiano,1
moral,1
reality,1
surgimiento,1
directed,1
adding,1
authors,1
materiality,1
kulturen,1
publication,1
express,1
potting,1
urbanism,1
agreement,1
sustain,1
chocolate,1
peter,1
correcting,1
co,1
counter,1
radar,1
times,1
plains,1
shorterand,1
reviewers,1
interlocutors,1
inventing,1
puno,1
palpa,1
attribution,1
sirionó,1
injects,1
distinction,1
traveled,1
profitably,1
mammals,1
proximity,1
yacuma,1
interacted,1
improved,1
inscribe,1
chicha,1
came,1
arundinacea,1
zachary,1
imagination,1
punctuated,1
strict,1
glaring,1
procurement,1
margin,1
educational,1
mind,1
cataloged,1
étnico,1
written,1
stahl,1
purely,1
pluralism,1
apu,1
improving,1
elaborate,1
antropologia,1
parallel,1
conduits,1
dollars,1
fortification,1
gatekeepers,1
overtaken,1
editors,1
camba,1
assessing,1
overcome,1
qollur,1
topics,1
britain,1
incompatible,1
pachacamac,1
attendant,1
indio,1
availability,1
brondizio,1
hägen,1
concepts,1
primitive,1
decisively,1
probably,1
consumption,1
directs,1
residue,1
differ,1
sapantiana,1
adaptations,1
pacatnamu,1
whirling,1
terracing,1
considérations,1
streams,1
rovner,1
aproximación,1
relative,1
bella,1
atlas,1
sugar,1
controversial,1
modifications,1
specialty,1
unrelated,1
logistics,1
applies,1
incarnate,1
harnessing,1
araucaria,1
lie,1
wernke,1
anatomy,1
overlapping,1
limiting,1
wawakiki,1
revolved,1
borderlands,1
farm,1
trails,1
cobs,1
carried,1
discipline,1
mediate,1
microand,1
depth,1
diametrically,1
maguare,1
yr,1
twelve,1
negotiations,1
dedications,1
sustainability,1
mulata,1
dual,1
reformulations,1
humanities,1
wisdom,1
she,1
yaeger,1
lehmann,1
involving,1
memoria,1
popularity,1
figure,1
crucial,1
usually,1
variously,1
politis,1
impressive,1
groves,1
refines,1
pieces,1
flowed,1
khipus,1
indispensable,1
xingu,1
waterfall,1
bare,1
enso,1
binary,1
becomes,1
taylor,1
andenes,1
subsidy,1
lost,1
zeidler,1
concluding,1
relations,1
translation,1
effectively,1
credited,1
lawrence,1
visual,1
recalled,1
markers,1
contribution,1
remaining,1
originated,1
recognize,1
indicate,1
spanning,1
standpoint,1
volumes,1
why,1
sunrise,1
strides,1
fall,1
proyecto,1
incisive,1
dead,1
clovis,1
productivas,1
supporting,1
mother,1
coordination,1
lingua,1
exists,1
nukak,1
aboriginal,1
lví,1
imperialism,1
orient,1
coexisted,1
problematic,1
phytolith,1
pastoral,1
diogenes,1
photographs,1
diversidad,1
biology,1
fieldworkers,1
claims,1
questioning,1
sections,1
dillon,1
quilter,1
duncan,1
seriously,1
magnitude,1
anales,1
rarely,1
étnica,1
suite,1
amazónia,1
dordrecht,1
colony,1
conclusion,1
ethnological,1
calendrical,1
incorporated,1
taskscapes,1
irrigating,1
founded,1
ethnoarchaeology,1
complexes,1
manual,1
agents,1
speculating,1
characteristics,1
summit,1
les,1
rival,1
arqueoastronomía,1
discrete,1
rupestres,1
charles,1
aspire,1
doi,1
westview,1
exemplifies,1
guyanas,1
organizational,1
sustained,1
overexploitation,1
siriono,1
hospitality,1
know,1
berkeley,1
dominated,1
plourde,1
intellectual,1
chewing,1
rainfall,1
finance,1
correspond,1
hamilton,1
scientist,1
ancestor,1
dismantled,1
uuayana,1
methodist,1
expanding,1
distinctions,1
danger,1
américa,1
setting,1
accustomed,1
agroecological,1
incorporating,1
unknown,1
ubiquitous,1
straightforward,1
michigan,1
expense,1
half,1
quelccaya,1
speech,1
exploiting,1
tamara,1
obviously,1
sustaining,1
plazas,1
benefit,1
geoglífos,1
associations,1
free,1
las,1
essentially,1
conklin,1
utilized,1
disputes,1
proposed,1
suddenly,1
type,1
archival,1
interactive,1
sinu,1
segmented,1
redefined,1
für,1
yacobaccio,1
nucleation,1
born,1
suffering,1
realize,1
correlate,1
poder,1
communicate,1
investigation,1
lands,1
physiology,1
rose,1
stemming,1
ones,1
accounts,1
duplication,1
tailored,1
sociology,1
inomata,1
antropológica,1
mohr,1
maintain,1
juxtaposed,1
calculations,1
laguna,1
signature,1
tightly,1
paruro,1
ethnography,1
tending,1
correlates,1
divide,1
fisheries,1
produce,1
yield,1
orientations,1
rodolfo,1
formativas,1
agreed,1
psychology,1
hundreds,1
untapped,1
earthwork,1
travel,1
incaico,1
unnoticed,1
translated,1
vessels,1
church,1
burden,1
stern,1
vista,1
zarrillo,1
ritually,1
intense,1
intention,1
occasionally,1
foils,1
preserved,1
paradise,1
transport,1
intermedia,1
bray,1
behling,1
attached,1
conclude,1
apere,1
slopes,1
hyperarid,1
introduced,1
extending,1
earths,1
despite,1
briones,1
prospect,1
alternatives,1
confirm,1
marquardt,1
african,1
plans,1
lies,1
administration,1
step,1
situated,1
territory,1
measure,1
matches,1
invasive,1
spinden,1
nonagricultural,1
alegre,1
lesson,1
arguments,1
shrine,1
superior,1
equipped,1
unitary,1
interpolity,1
mention,1
dispensed,1
quantifiable,1
rulers,1
mesoamericanists,1
faculty,1
think,1
postcolonial,1
precision,1
contrasts,1
frances,1
come,1
faron,1
andino,1
prehispánicas,1
multiregional,1
determinism,1
necessarily,1
hornborg,1
sociétés,1
anarchist,1
shown,1
recording,1
colla,1
touch,1
mays,1
crucible,1
generate,1
referenced,1
surface,1
ax,1
resist,1
repositories,1
copies,1
deepening,1
camps,1
opens,1
shoshones,1
frame,1
agrícolas,1
geoarchaeological,1
corrective,1
offer,1
pulling,1
actively,1
instead,1
richard,1
forestsavanna,1
arqueológica,1
integrated,1
bosque,1
besieging,1
ladefoged,1
bernard,1
sur,1
guiding,1
unified,1
welldesigned,1
states,1
glass,1
scalar,1
values,1
irrigates,1
france,1
piece,1
derive,1
bejarano,1
métraux,1
await,1
tributaries,1
presenting,1
oldest,1
chimor,1
enclosure,1
shift,1
pontificia,1
untouched,1
classification,1
paleobotany,1
roughly,1
canons,1
summary,1
marcello,1
flooding,1
portrait,1
organización,1
thousand,1
supported,1
vessel,1
modeling,1
mediumand,1
intentional,1
refinements,1
rest,1
prosopis,1
km,1
themselves,1
pathways,1
massive,1
negotiate,1
conceptual,1
sits,1
potatoes,1
jason,1
disrupting,1
uncertainty,1
exclusively,1
phillips,1
nino,1
develop,1
divergent,1
corn,1
controls,1
plenum,1
manifests,1
ayacucho,1
ends,1
zones,1
altered,1
pirámide,1
beings,1
dos,1
broader,1
conversations,1
uncertain,1
close,1
gran,1
estrategias,1
major,1
perception,1
discern,1
harmful,1
bundles,1
