WORDCOUNTS,WEIGHT
the,1352
of,1064
and,887
in,704
a,302
to,265
archaeology,178
aegean,164
at,148
bronze,146
on,141
j,123
age,110
as,110
for,105
pp,105
de,98
university,97
mediterranean,97
journal,93
from,89
studies,82
by,80
archaeological,79
that,76
has,73
greece,73
et,65
an,63
with,61
ancient,58
greek,57
m,56
classical,56
c,55
b,54
p,53
regional,53
early,53
g,51
t,51
new,51
is,51
evidence,50
w,49
late,49
survey,48
minoan,48
have,48
r,47
mycenaean,47
s,45
trade,43
this,43
american,42
n,42
e,39
prehistoric,39
i,38
l,38
bc,38
data,37
been,37
neolithic,36
such,36
van,36
research,36
h,34
linear,34
crete,34
are,34
international,33
cambridge,33
recent,33
prehistory,32
was,32
study,31
or,31
exchange,31
state,31
d,31
proceedings,30
british,29
it,28
à,28
their,28
which,28
historical,28
aegaeum,27
work,27
society,27
institute,27
université,26
chronology,26
social,25
archaeologists,24
palatial,24
origins,24
island,24
its,24
were,24
we,24
not,24
school,24
earliest,23
bennet,23
world,23
franchthi,22
field,22
also,22
la,22
middle,22
be,22
some,21
galaty,21
paul,21
k,21
between,21
f,20
context,20
more,20
those,19
development,19
scripts,19
mainland,19
settlement,19
periods,19
cycladic,19
into,18
review,18
française,18
knossos,18
london,18
annual,18
conference,18
later,17
eastern,17
site,17
than,17
les,17
most,17
le,17
but,17
these,17
program,17
hellénique,17
other,16
excavations,16
aströms,16
texas,16
oxford,16
region,16
theoretical,16
held,16
pottery,16
analysis,16
palace,16
des,16
through,16
models,16
all,15
austin,15
he,15
athens,15
textual,15
both,15
they,14
within,14
york,14
supplement,14
actes,14
results,14
southern,14
indiana,14
symposium,14
bulletin,14
colonization,14
phd,14
greeceaegean,14
now,13
one,13
du,13
first,13
landscape,13
beyond,13
problems,13
thera,13
presented,13
time,13
project,13
use,13
texts,13
approaches,12
history,12
production,12
sites,12
palaces,12
islands,12
years,12
earlier,12
relationship,12
antiquity,12
anthropological,12
objects,12
roman,12
cyclades,12
administration,12
question,12
ca,12
correspondance,11
excavation,11
different,11
swedish,11
bloomington,11
interest,11
his,11
based,11
out,11
well,11
used,11
published,11
number,11
destruction,11
december,11
current,11
past,11
role,11
egyptian,11
traditional,11
complex,10
cyprus,10
sources,10
case,10
andel,10
palaeolithic,10
svenska,10
recherches,10
administrative,10
institutet,10
recently,10
part,10
shaping,10
many,10
john,10
patterns,10
systems,10
carried,10
interaction,10
focus,10
major,10
argolid,9
there,9
date,9
political,9
papers,9
vol,9
human,9
items,9
rather,9
emergence,9
just,9
surface,9
rewley,9
cultural,9
metals,9
economic,9
provenience,9
department,9
only,9
eruption,9
centre,9
runnels,9
period,9
especially,9
obsidian,9
école,9
liège,9
series,9
over,9
par,9
copper,9
hesperia,9
writing,9
sur,9
tablets,9
much,9
o,8
stone,8
before,8
available,8
system,8
agriculture,8
century,8
y,8
no,8
interpretation,8
methodology,8
lead,8
absolute,8
methodological,8
scientific,8
projects,8
documents,8
present,8
model,8
understanding,8
discussion,8
similar,8
can,8
northern,8
methods,8
material,8
pylos,8
control,8
keos,8
possibility,8
city,8
formation,8
land,8
documentary,8
politeia,8
second,7
modern,7
script,7
nature,7
colloque,7
renfrew,7
mycéniens,7
cretan,7
central,7
millennium,7
cf,7
z,7
developments,7
archaeometry,7
parts,7
changes,7
internationale,7
method,7
important,7
societies,7
histories,7
found,7
octobre,7
organisé,7
record,7
near,7
grecque,7
indigenous,7
romaine,7
fieldwork,7
stanford,7
approach,7
wider,7
comparative,7
under,7
culture,7
ceramic,7
areas,7
see,7
égéens,7
primarily,7
tin,7
scientifiques,7
textes,7
agricultural,7
nj,7
fondation,7
campaign,7
surveys,7
should,7
gale,6
center,6
sheffield,6
being,6
either,6
davis,6
metal,6
ixe,6
west,6
combination,6
ritual,6
mycenae,6
clay,6
fig,6
response,6
even,6
industries,6
phases,6
process,6
contributions,6
cave,6
marks,6
numbers,6
diachronic,6
distribution,6
egypt,6
applied,6
example,6
related,6
during,6
ulu,6
change,6
working,6
minos,6
when,6
using,6
south,6
prepalatial,6
april,6
several,6
prehistorians,6
two,6
increasingly,6
rise,6
knapp,6
book,6
scholars,6
göteborg,6
end,6
ages,6
v,6
shipwreck,6
minneapolis,6
perhaps,6
sealing,6
made,6
including,6
questions,6
black,6
become,6
detailed,6
complexity,6
text,6
particularly,6
goods,6
rural,6
according,6
economy,6
bristol,6
particular,6
techniques,6
although,6
integration,6
effects,6
remains,6
debate,6
does,5
égéen,5
generated,5
sealings,5
large,5
anthropology,5
western,5
princeton,5
seems,5
broadly,5
cherry,5
sophisticated,5
palaima,5
avril,5
primary,5
possible,5
égéenne,5
framework,5
iron,5
uluburun,5
attested,5
perspective,5
third,5
publications,5
determinations,5
extent,5
influence,5
civilization,5
explanations,5
developed,5
levels,5
landscapes,5
organization,5
monde,5
jars,5
back,5
view,5
had,5
ceramics,5
aspects,5
directly,5
los,5
characterization,5
journals,5
pocket,5
whole,5
overview,5
préhistorique,5
structures,5
artifact,5
helladic,5
coast,5
colloquium,5
perlés,5
geographical,5
therefore,5
rome,5
technology,5
already,5
power,5
toward,5
minnesota,5
do,5
monographs,5
homer,5
demonstrated,5
significant,5
sequence,5
laboratory,5
states,5
dating,5
function,5
often,5
contact,5
southwest,5
attention,5
rencontre,5
who,5
table,5
extensive,5
known,5
intensive,5
then,5
iii,5
far,5
advances,5
beginning,5
what,5
terms,5
theory,5
nautical,5
information,5
press,5
transition,5
our,5
until,5
paradigm,5
materials,5
need,5
area,5
views,5
among,5
close,5
final,4
way,4
represent,4
affected,4
lower,4
gothenburg,4
ii,4
examination,4
great,4
origin,4
rich,4
scheme,4
take,4
subsequent,4
last,4
written,4
discipline,4
plain,4
sought,4
holocene,4
resources,4
above,4
throughout,4
against,4
application,4
dates,4
about,4
general,4
seventh,4
how,4
environments,4
importance,4
special,4
stirrup,4
metallurgy,4
impact,4
result,4
centers,4
because,4
reviews,4
burial,4
produced,4
outside,4
universidad,4
pleistocene,4
levant,4
graeca,4
basis,4
decipherment,4
ingots,4
issues,4
incunabula,4
event,4
small,4
soil,4
ship,4
acts,4
decline,4
notes,4
preliminary,4
processual,4
led,4
likely,4
various,4
jonsered,4
comments,4
hellenistic,4
place,4
light,4
comparison,4
suggesting,4
considerable,4
ruler,4
paris,4
practice,4
interpreting,4
another,4
discovery,4
sixth,4
mortuary,4
combining,4
station,4
evolution,4
radiocarbon,4
historic,4
stockholm,4
august,4
so,4
relation,4
wreck,4
structure,4
january,4
morris,4
ground,4
versus,4
quarterly,4
anatolia,4
she,4
heidelberg,4
dans,4
hope,4
issue,4
here,4
der,4
defining,4
each,4
contained,4
yener,4
report,4
nestor,4
seals,4
spatial,4
them,4
cypriot,4
form,4
almost,4
art,4
given,4
devoted,4
numerous,4
national,4
chemical,4
accept,4
offer,4
include,4
territories,4
potential,4
archaeologica,4
common,3
if,3
medieval,3
groups,3
monumenta,3
northeast,3
combine,3
introduction,3
myth,3
informative,3
ian,3
practices,3
contexts,3
stressed,3
certainly,3
might,3
diffusionist,3
definition,3
divinity,3
analyses,3
return,3
ad,3
evaluation,3
exogenous,3
recorded,3
america,3
prior,3
functions,3
point,3
conceptual,3
processes,3
dynamic,3
kadmos,3
range,3
collection,3
phase,3
collapse,3
since,3
relatively,3
ayia,3
shaft,3
fitch,3
cases,3
document,3
storage,3
look,3
apparently,3
may,3
without,3
thalassa,3
péloponnèse,3
risk,3
certain,3
direct,3
paleolithic,3
section,3
suggested,3
mer,3
appear,3
linguistique,3
could,3
begun,3
taurus,3
academic,3
further,3
fourth,3
tools,3
annales,3
scale,3
wealth,3
wide,3
isotope,3
none,3
del,3
nemea,3
civilisation,3
knowledge,3
aetokremnos,3
kommos,3
somewhere,3
il,3
status,3
connections,3
polity,3
ucla,3
regions,3
mesopotamia,3
around,3
industry,3
presence,3
cincinnati,3
up,3
progress,3
provenance,3
value,3
khania,3
akrotiri,3
massive,3
chronological,3
will,3
calibration,3
absence,3
subject,3
reconstruction,3
degree,3
bsa,3
corpus,3
archaeometric,3
reference,3
east,3
fifth,3
us,3
same,3
cahiers,3
reports,3
picture,3
nazionale,3
corse,3
others,3
death,3
advantage,3
grave,3
centenary,3
strategies,3
louvain,3
style,3
ecology,3
polities,3
atheniensia,3
examine,3
incorporation,3
examples,3
celebrations,3
explanation,3
chiefly,3
upon,3
muhly,3
seriation,3
emphasize,3
ideas,3
gazetteer,3
modem,3
océanographiques,3
interpret,3
like,3
would,3
spread,3
high,3
inscribed,3
oxbow,3
conclusions,3
article,3
bibliothèque,3
summarized,3
relative,3
increasing,3
perspectives,3
note,3
sometimes,3
ecological,3
foreign,3
surprising,3
types,3
regularly,3
any,3
summary,3
incorporated,3
continues,3
offered,3
athena,3
offers,3
geoarchaeology,3
quaternary,3
set,3
exploration,3
dated,3
foundation,3
metallurgical,3
elites,3
turned,3
troisième,3
whether,3
volcanic,3
problem,3
inscriptions,3
while,3
divide,3
dark,3
lm,3
phenomena,3
emphasis,3
phenomenon,3
initiated,3
scribes,3
nikopolis,3
shift,3
themselves,3
reached,3
cline,3
valley,3
messenia,3
zones,3
building,3
paleoethnobotany,2
difficult,2
contacts,2
polarizing,2
mostly,2
appropriation,2
anatolian,2
concern,2
néolithique,2
environmental,2
expedition,2
alone,2
deuxième,2
considerably,2
becoming,2
settlements,2
systematically,2
tend,2
formed,2
true,2
di,2
largely,2
decade,2
trace,2
organic,2
presents,2
em,2
pots,2
uses,2
bp,2
monograph,2
variety,2
chief,2
lakonia,2
grain,2
highlighted,2
hellenic,2
implications,2
historians,2
humans,2
emerged,2
shipwrecks,2
containing,2
fresco,2
thank,2
producing,2
studied,2
able,2
composition,2
religion,2
chipped,2
raised,2
papyrus,2
somewhat,2
visibility,2
takes,2
occasional,2
existence,2
correlated,2
philological,2
u,2
hall,2
design,2
dynamics,2
methodologies,2
politics,2
significance,2
reply,2
soils,2
vécole,2
epigraphy,2
bibliography,2
cited,2
mountains,2
economies,2
redating,2
diversity,2
includes,2
accessible,2
examining,2
kosso,2
mm,2
samothrace,2
professor,2
palazzo,2
realized,2
dei,2
eikqn,2
relations,2
aceramic,2
conducted,2
tucson,2
jr,2
lincei,2
extensively,2
forced,2
exercise,2
elements,2
concerning,2
convincing,2
compared,2
anschnitt,2
fineware,2
drawn,2
internationalen,2
critique,2
olympia,2
walls,2
communities,2
mesolithic,2
interesting,2
philadelphia,2
whose,2
resists,2
centered,2
angeles,2
remain,2
strictly,2
posits,2
en,2
sw,2
coastal,2
burnished,2
subsistence,2
pétrographie,2
tel,2
connected,2
ongoing,2
melian,2
productive,2
von,2
melos,2
space,2
mcgovern,2
means,2
reason,2
references,2
understand,2
distinct,2
bernal,2
facilitated,2
encourages,2
elsewhere,2
placed,2
moyen,2
commonly,2
populated,2
lithic,2
readings,2
modeled,2
undertaken,2
oxhide,2
exploitation,2
helped,2
providing,2
perceive,2
reflections,2
iconography,2
descriptive,2
santorini,2
whom,2
snodgrass,2
appearance,2
erosion,2
sedentary,2
carolina,2
interpretations,2
greater,2
manning,2
occupation,2
understood,2
focused,2
halstead,2
pollen,2
produce,2
conferences,2
thebes,2
scribe,2
silver,2
receive,2
leuven,2
publish,2
future,2
concept,2
fascicles,2
brought,2
shelmerdine,2
tombs,2
palaeoethnobotany,2
comment,2
year,2
dal,2
diffusion,2
refined,2
northwest,2
archeology,2
records,2
relevance,2
statistics,2
call,2
sherratt,2
archäometallurgie,2
systematic,2
few,2
extinctions,2
own,2
wheat,2
trends,2
theran,2
depositional,2
responses,2
construct,2
ago,2
suggest,2
panel,2
rutgers,2
quite,2
banquets,2
specifically,2
archaeologies,2
consensus,2
hydra,2
eighth,2
significantly,2
rendiconti,2
peak,2
essentially,2
beiträge,2
fully,2
necessity,2
explains,2
roots,2
achieves,2
passive,2
contributory,2
rest,2
sophistication,2
frescoes,2
nichoria,2
voi,2
ana,2
attempts,2
employ,2
populations,2
short,2
indeed,2
overall,2
barley,2
fruit,2
standardization,2
juin,2
stratigraphy,2
make,2
interactions,2
ware,2
single,2
auspices,2
museum,2
thought,2
frameworks,2
ia,2
transformations,2
pioneered,2
inferences,2
nine,2
broad,2
wright,2
al,2
wisconsin,2
edizioni,2
alten,2
noted,2
whitelaw,2
functioned,2
opúsculo,2
récent,2
provide,2
members,2
challenge,2
technique,2
fact,2
longer,2
undeciphered,2
fundamental,2
destructions,2
departments,2
appeared,2
wine,2
larger,2
diverse,2
perfumed,2
figurines,2
away,2
pattern,2
external,2
honor,2
forms,2
never,2
took,2
fits,2
operating,2
innovative,2
empire,2
accepted,2
crop,2
michael,2
less,2
polis,2
exotic,2
dimini,2
focusing,2
invitation,2
shifts,2
ine,2
exploring,2
extended,2
turkey,2
organisée,2
maritime,2
mesara,2
salamanca,2
previously,2
aa,2
elite,2
hieroglyphic,2
expand,2
varying,2
elucidated,2
contemporary,2
factor,2
allowed,2
causes,2
thessaly,2
zum,2
chosen,2
wace,2
california,2
synthetic,2
involves,2
clear,2
philology,2
three,2
transformation,2
reality,2
directed,2
emphasizing,2
stress,2
publication,2
ottoman,2
philipp,2
plant,2
collected,2
stresses,2
paths,2
accurate,2
spa,2
least,2
lerna,2
narrow,2
assessing,2
topics,2
ib,2
availability,2
probably,2
franchthl,2
louisiana,2
sailing,2
widely,2
genesis,2
off,2
science,2
lithiques,2
five,2
potteiy,2
widespread,2
lost,2
seen,2
watrous,2
contribution,2
position,2
sequences,2
literacy,2
existed,2
antiquities,2
face,2
broodbank,2
matters,2
addressed,2
detail,2
environment,2
variable,2
heavy,2
phaistos,2
following,2
relate,2
changing,2
must,2
demonstrate,2
ronde,2
constructed,2
budd,2
berkeley,2
cm,2
pedestrian,2
paper,2
sheep,2
interested,2
sampling,2
challenged,2
breaking,2
killen,2
taillées,2
handmade,2
clearly,2
aerial,2
recherche,2
type,2
william,2
unlikely,2
investigation,2
combined,2
stability,2
list,2
making,2
accounts,2
recycling,2
jack,2
foundations,2
thames,2
prestige,2
âstroms,2
delle,2
suggests,2
urban,2
researchers,2
boston,2
level,2
bcnnet,2
transport,2
sea,2
elucidate,2
controls,2
contribute,2
reconstruct,2
mention,2
au,2
precision,2
stratification,2
newsletter,2
completed,2
crisis,2
geoarchaeological,2
mykenaïka,2
fauna,2
physical,2
provided,2
enalia,2
pylian,2
colleagues,2
mainz,2
anonymous,2
specific,2
archival,2
acconia,2
biegen,2
gulf,2
north,2
broader,2
meeting,2
increase,2
proposed,1
frequent,1
cultigens,1
gis,1
ä,1
andin,1
bernard,1
inka,1
ending,1
archives,1
order,1
explosion,1
stimuli,1
currently,1
produces,1
compares,1
done,1
brumfiel,1
situate,1
doubts,1
archaeomagnetic,1
prefer,1
uège,1
arcaismo,1
anthony,1
stylistic,1
inductively,1
cheny,1
questionthat,1
imported,1
correlations,1
created,1
euboean,1
kokkinopilos,1
truth,1
extend,1
discredited,1
college,1
déchiffrement,1
determine,1
trojan,1
paralia,1
associated,1
palaeogeographical,1
string,1
notably,1
pushed,1
systemic,1
per,1
kopais,1
état,1
comparability,1
connect,1
upsurge,1
likewise,1
mesoamerica,1
summarizing,1
mounted,1
pygmées,1
conserved,1
reassessment,1
ma,1
confines,1
helmets,1
managing,1
illiterate,1
alluviation,1
item,1
walker,1
sudden,1
jonathan,1
postprocessual,1
athenian,1
endemic,1
ore,1
animaux,1
policy,1
devices,1
comparisons,1
qj,1
raw,1
cargo,1
offshore,1
destabihzation,1
unlike,1
laid,1
occurred,1
hominid,1
total,1
eastward,1
ae,1
complacency,1
something,1
système,1
arguing,1
acquainted,1
inconographic,1
descriptions,1
dose,1
institutes,1
turning,1
women,1
bunal,1
laura,1
disturbances,1
highlight,1
predominantly,1
clarifying,1
accumulation,1
incomplete,1
explaining,1
twilight,1
unearthed,1
pansion,1
hyksos,1
long,1
reconstructions,1
paleoclimaíes,1
revisited,1
torical,1
oftenmesopotamia,1
tribute,1
preceding,1
connection,1
regeneration,1
majority,1
jointly,1
cany,1
dossiers,1
freelance,1
ttie,1
overproduction,1
trend,1
contrasted,1
planting,1
address,1
interruption,1
season,1
attempt,1
palynological,1
progression,1
surveying,1
worked,1
analogies,1
supplied,1
dramatically,1
replaces,1
principles,1
publishing,1
archaeologically,1
route,1
tradition,1
wooden,1
textiles,1
leading,1
explores,1
secondary,1
agrarian,1
continuities,1
together,1
specifics,1
méditerranéen,1
squat,1
disproportionate,1
naissance,1
gradual,1
ploughzone,1
synchronism,1
stosgale,1
location,1
hisancient,1
borne,1
premières,1
theoiy,1
transferred,1
sometime,1
link,1
gift,1
hundred,1
slice,1
hunting,1
promontory,1
kingdom,1
wley,1
minimize,1
feature,1
integrate,1
mykenaúca,1
vegetation,1
strasser,1
emphasized,1
greatly,1
influences,1
marine,1
concepts,1
tv,1
robert,1
deriving,1
normal,1
ambiguous,1
signs,1
construe,1
planned,1
epic,1
stopped,1
el,1
avans,1
urfirnis,1
ily,1
depending,1
injected,1
cullen,1
gaps,1
eventual,1
anthropologists,1
key,1
king,1
englianos,1
task,1
advice,1
iv,1
hippopotamus,1
thalassocracies,1
incorporate,1
alcock,1
approximations,1
addresses,1
taillée,1
representations,1
updates,1
egyptians,1
opened,1
earfy,1
activity,1
stillfrom,1
securely,1
colonizationand,1
labs,1
bun,1
studi,1
reaction,1
literary,1
kabri,1
raris,1
pastthe,1
approvisionnement,1
fine,1
internet,1
esoteric,1
occurring,1
normative,1
lavrion,1
regards,1
irinù,1
very,1
classics,1
ignores,1
owners,1
endnote,1
conception,1
quantity,1
gassical,1
qassical,1
along,1
bailey,1
representing,1
correlation,1
himself,1
networkshas,1
branigan,1
poliochni,1
laboratories,1
illustrating,1
localized,1
signal,1
write,1
ljubljana,1
agemortuary,1
labor,1
linked,1
implements,1
della,1
thus,1
vertebrates,1
palais,1
ice,1
linguistic,1
plausibly,1
southwestern,1
instituts,1
madrid,1
accuracy,1
explained,1
leur,1
copenhagen,1
inevitable,1
corner,1
due,1
analyzing,1
wreckage,1
koressos,1
hierarchy,1
unpublished,1
terraces,1
danube,1
lectures,1
recording,1
bridging,1
characteristic,1
acta,1
raises,1
petrography,1
jeremy,1
thalassocracy,1
jahrbuch,1
ins,1
tithemy,1
surveysto,1
preparation,1
pétat,1
sample,1
basil,1
resin,1
vanished,1
spans,1
espoused,1
kind,1
bands,1
turn,1
hold,1
oracles,1
cyprusreceived,1
lemnos,1
old,1
better,1
clark,1
lax,1
bay,1
leant,1
profound,1
pierre,1
spanned,1
argolis,1
xvn,1
columbia,1
modernity,1
six,1
background,1
apr,1
bone,1
left,1
sword,1
apparatus,1
compare,1
networks,1
coincidentally,1
undertaking,1
contemporaneously,1
geological,1
archaeologist,1
birkhäuser,1
seal,1
paleographical,1
designed,1
communication,1
excavator,1
canaanite,1
details,1
olive,1
strengthening,1
sun,1
conceive,1
acted,1
word,1
poorly,1
ica,1
react,1
higher,1
aim,1
vm,1
assessed,1
opposed,1
via,1
megaron,1
colin,1
reflects,1
veiy,1
présentation,1
identification,1
privilege,1
ox,1
subjected,1
camp,1
bring,1
nuovi,1
growth,1
emmett,1
intraregional,1
modeles,1
lie,1
espouses,1
official,1
notices,1
culminating,1
preparing,1
hansen,1
capture,1
tb,1
bloomineton,1
gaiaty,1
una,1
demonstrates,1
cult,1
adopted,1
whereby,1
suffer,1
afforded,1
textshas,1
determining,1
tàlalay,1
appears,1
sarah,1
demoule,1
derived,1
population,1
dialogue,1
herodotus,1
sanctuary,1
cnossos,1
démoule,1
mobilize,1
lay,1
unknown,1
burials,1
archaeometaüurgynt,1
discoveries,1
feel,1
practicing,1
aeeean,1
consequences,1
periodic,1
hania,1
arvoüd,1
shell,1
cultureincluding,1
defies,1
dolls,1
tempus,1
bad,1
plus,1
adopt,1
relationshipsprimarancient,1
consider,1
mayt,1
needless,1
established,1
familiar,1
benefits,1
unfamiliarity,1
dce,1
paleontologtcal,1
città,1
receptacle,1
latin,1
proved,1
warren,1
represented,1
days,1
traces,1
invariably,1
gradually,1
northeastern,1
hastening,1
unproblematic,1
quarters,1
calendar,1
observations,1
upper,1
periodically,1
situations,1
interisland,1
ulysses,1
four,1
leicester,1
operate,1
underwater,1
delta,1
resource,1
powerful,1
submerged,1
shed,1
followed,1
catling,1
avert,1
generally,1
théorème,1
patterning,1
plenum,1
pseira,1
permanent,1
explain,1
gajaty,1
david,1
export,1
drawing,1
trajectories,1
phylakopi,1
invading,1
inspirational,1
matching,1
experimentation,1
talking,1
expressed,1
bunin,1
ou,1
advance,1
anthropogenic,1
cynthia,1
tòrrence,1
voutsakis,1
migrant,1
katholieke,1
asserts,1
développement,1
scientifically,1
public,1
kingship,1
devastation,1
search,1
malia,1
expanses,1
farmsteads,1
explanatory,1
typical,1
vantiquité,1
attack,1
amsterdam,1
desirable,1
behavioral,1
contextualize,1
changed,1
matières,1
jn,1
penna,1
ventris,1
rooms,1
radical,1
vigorous,1
initial,1
weights,1
influx,1
cores,1
brokers,1
term,1
detailing,1
acquiring,1
historicity,1
handbook,1
bureaucracies,1
cups,1
artefact,1
archeologica,1
neighboring,1
cheriy,1
avaris,1
hippopotames,1
acropolis,1
cadmo,1
stock,1
confined,1
effect,1
knossian,1
viewed,1
absorption,1
reoccupation,1
reinforce,1
cannot,1
dispersal,1
thin,1
productively,1
weakening,1
confirmation,1
athletes,1
acknowledgments,1
tracking,1
expressions,1
influenced,1
warriors,1
kitchen,1
failure,1
abuse,1
tebe,1
gained,1
swords,1
network,1
creteis,1
degrees,1
paleoenvironmental,1
line,1
correctly,1
artifacts,1
scope,1
scatters,1
strengths,1
received,1
archéologie,1
imports,1
tool,1
preand,1
wolfs,1
ideal,1
stiff,1
heart,1
unless,1
fired,1
colloquia,1
breeding,1
pernicka,1
ot,1
sharon,1
malthi,1
clearer,1
symbolism,1
paratextual,1
studia,1
thoughts,1
positions,1
description,1
fluctuations,1
dokos,1
iia,1
òcnool,1
literature,1
database,1
discussions,1
intermediate,1
tyios,1
mycenaeans,1
partly,1
objectsis,1
mollusc,1
contains,1
people,1
round,1
beads,1
speaking,1
augment,1
kilian,1
lifeways,1
vessels,1
delphi,1
overviews,1
newspaper,1
craftsmen,1
intersections,1
sutton,1
resourceswidely,1
reconstructing,1
longboat,1
interpreted,1
premiers,1
convegno,1
radically,1
indexed,1
dalmatia,1
worldsuch,1
lefkowitz,1
exchanged,1
citing,1
earth,1
potmarks,1
atlas,1
provision,1
postpalatial,1
crew,1
interregional,1
esteem,1
sense,1
viable,1
hiii,1
upheavals,1
sweep,1
uninterrupted,1
wi,1
embodied,1
buildings,1
tested,1
indicators,1
trading,1
politically,1
catholic,1
lesbos,1
cope,1
emphasizes,1
owned,1
capta,1
resurvey,1
quantification,1
deutsches,1
encompassing,1
decay,1
astounding,1
concerns,1
smithsonian,1
revealing,1
components,1
bridge,1
expands,1
disaster,1
thereby,1
reported,1
distinguished,1
ancestral,1
codes,1
latest,1
statelevel,1
villages,1
differing,1
iria,1
tended,1
core,1
agepreviously,1
afroasiatic,1
visible,1
richness,1
inability,1
beazley,1
problèmes,1
pays,1
monographiae,1
hayden,1
filling,1
describes,1
correspondence,1
bogdan,1
gubbio,1
abstracted,1
feasible,1
grateful,1
developmental,1
finds,1
klithi,1
multifunctional,1
scuola,1
luxuries,1
pope,1
calls,1
epirus,1
integrating,1
testi,1
pertaining,1
became,1
ofarchaeobgy,1
approximate,1
units,1
investigating,1
coastline,1
excludes,1
ceremonial,1
chronometry,1
shedding,1
impacts,1
identified,1
action,1
correlating,1
stockhohn,1
mechanisms,1
larissa,1
synthesis,1
service,1
located,1
expansion,1
linden,1
reinterpreted,1
corporation,1
curtis,1
argues,1
listings,1
tracing,1
nearly,1
unsystematic,1
vili,1
still,1
atsipadhes,1
presently,1
conceived,1
interrelations,1
òtate,1
seemingly,1
synchronisms,1
surveyed,1
mme,1
religious,1
zeal,1
positive,1
structural,1
southeast,1
plow,1
fighting,1
aghios,1
hominids,1
afykenaïka,1
mycènes,1
once,1
simultaneous,1
rational,1
indus,1
yet,1
bintliff,1
push,1
examined,1
ourselves,1
wake,1
neopalatial,1
makes,1
theargolid,1
read,1
marginal,1
happened,1
builds,1
tablet,1
serve,1
hegemonic,1
array,1
sociocultural,1
paleontological,1
historia,1
ej,1
lineare,1
workmanship,1
merchant,1
processing,1
achieve,1
included,1
archäologisches,1
aux,1
cadogan,1
ed,1
handaxe,1
nonindigenous,1
maddle,1
involving,1
largest,1
loosely,1
climatic,1
cargoes,1
begins,1
lingering,1
situates,1
operations,1
surveyors,1
bernats,1
evolve,1
disciplinary,1
shackleton,1
volume,1
definitions,1
lack,1
actually,1
organizations,1
resolution,1
collaborators,1
name,1
vitelli,1
idea,1
aspect,1
decoration,1
broadened,1
mark,1
again,1
admirable,1
europe,1
tnessaly,1
siteia,1
similarly,1
procured,1
put,1
decorative,1
lime,1
sui,1
scarabs,1
pological,1
valid,1
lengthens,1
turkeyrather,1
stimulus,1
identifying,1
occurrence,1
striking,1
proposal,1
krzysztof,1
attica,1
attempting,1
painted,1
eruptions,1
practical,1
personal,1
aep,1
feasting,1
griegos,1
substantially,1
variation,1
identical,1
flocks,1
man,1
civilisations,1
bradford,1
ftp,1
msc,1
consiglio,1
readers,1
biblioteca,1
downey,1
kit,1
drinking,1
geography,1
increases,1
vói,1
where,1
tne,1
continuing,1
purposes,1
coarse,1
receives,1
relevant,1
outs,1
containers,1
transizione,1
kavousi,1
showing,1
citadels,1
unclear,1
bass,1
books,1
mésolithique,1
interprets,1
coined,1
explicitly,1
projectexplicitly,1
day,1
italiane,1
bibliographic,1
palestine,1
petrological,1
archaeometallurgical,1
local,1
breakdown,1
greatest,1
balance,1
ignored,1
vast,1
campaigns,1
session,1
athe,1
birth,1
preneolithic,1
farming,1
archaeologya,1
active,1
istituto,1
bulgarian,1
miceneo,1
telescope,1
assessment,1
lake,1
arose,1
atene,1
apology,1
dispersals,1
stephanos,1
conceptualizes,1
opportunity,1
encouraged,1
prospection,1
host,1
entirely,1
waste,1
traded,1
enalta,1
refers,1
robinson,1
islandsas,1
hise,1
deutschen,1
styles,1
beimet,1
redistributive,1
siphnos,1
raising,1
literate,1
traders,1
observed,1
discontinuities,1
described,1
berkshire,1
reevaluated,1
confine,1
rutkowski,1
pictorial,1
papen,1
homeric,1
annuario,1
prédation,1
subtle,1
förlae,1
hampered,1
language,1
mycénienne,1
profession,1
agreement,1
accounted,1
decorated,1
essay,1
çypriot,1
discusses,1
ormore,1
tokens,1
individual,1
times,1
architectural,1
blend,1
echos,1
revised,1
flood,1
resurveying,1
attribution,1
features,1
mexico,1
distinction,1
stages,1
pompeii,1
shortly,1
peer,1
preservation,1
came,1
provides,1
martin,1
protopalatial,1
generating,1
vrokastro,1
wrecks,1
perfume,1
brush,1
graves,1
annually,1
random,1
sentiment,1
regionalism,1
nicely,1
evolutionary,1
chapel,1
sporades,1
correct,1
hastily,1
exported,1
suffers,1
exactly,1
mainly,1
interconnections,1
deciphered,1
seeking,1
indigènes,1
travelers,1
arisen,1
attracted,1
workshop,1
conducting,1
figures,1
impressed,1
saw,1
wiggle,1
librariesare,1
evaluated,1
premieres,1
inferior,1
animals,1
générale,1
wanax,1
clarification,1
mykenatka,1
dabney,1
etymologized,1
evaluatedhave,1
farm,1
european,1
things,1
depth,1
bottema,1
seasons,1
fifty,1
stage,1
suggestion,1
assigned,1
fueled,1
characteristics,1
belonged,1
reviewer,1
independent,1
redefine,1
george,1
inhabitants,1
nodules,1
labeled,1
hommes,1
vision,1
impressive,1
ideology,1
testing,1
practitioners,1
pieces,1
hill,1
employment,1
begin,1
archäologischen,1
category,1
marzo,1
randomly,1
wiener,1
fewer,1
frogs,1
slow,1
becomes,1
referred,1
concluding,1
transformed,1
linéaire,1
team,1
force,1
began,1
returned,1
particularthe,1
effectively,1
jar,1
determination,1
proposition,1
interplay,1
gli,1
wilson,1
originated,1
recognize,1
questioned,1
routes,1
indicate,1
lafßneuralso,1
length,1
frames,1
agios,1
owed,1
formatting,1
why,1
reconsider,1
mykenaîka,1
responsible,1
hi,1
fall,1
interconnected,1
turbed,1
opuscula,1
chamber,1
composed,1
fields,1
canonical,1
centuries,1
instances,1
itself,1
enclosure,1
morpurgo,1
problematic,1
interpretive,1
ano,1
susan,1
collecteurs,1
pvlos,1
micenei,1
quantitative,1
classification,1
dissertation,1
sections,1
acquired,1
revolutionized,1
abandonment,1
seriously,1
deposited,1
updating,1
constant,1
tusk,1
suite,1
yucatán,1
counterintuitive,1
comes,1
conclusion,1
incised,1
torrence,1
founded,1
simply,1
possibly,1
ever,1
hypothesized,1
dichotomy,1
surveythe,1
symbolic,1
theme,1
simplicity,1
temporal,1
ignore,1
elaborate,1
rotterdam,1
oassical,1
md,1
iscrizione,1
alternative,1
cover,1
amphorae,1
imposing,1
dimension,1
natural,1
intellectual,1
postglacial,1
proof,1
monthly,1
country,1
svcnska,1
specialized,1
centuiy,1
novel,1
seem,1
board,1
ivory,1
fabrication,1
did,1
wuliam,1
contextual,1
down,1
anatolians,1
intrusive,1
visiting,1
oreece,1
concurrently,1
satisfyingly,1
exploiting,1
losses,1
collectors,1
entering,1
hassan,1
reliability,1
contradictory,1
speculation,1
rely,1
benefit,1
colonizationor,1
levelprior,1
creteknossosbroodbank,1
cities,1
purview,1
domesticated,1
find,1
confining,1
works,1
klaus,1
terebinth,1
mainlands,1
destroyed,1
positivisti,1
discuss,1
ruins,1
basics,1
fuller,1
preexisting,1
carefully,1
lands,1
unique,1
implicit,1
multidisciplinary,1
ones,1
neolithicincluding,1
met,1
want,1
cause,1
missioni,1
add,1
maintain,1
indicates,1
artifactual,1
contrasting,1
map,1
downloading,1
mesoamericacovered,1
fanners,1
barriers,1
ethnography,1
illustrated,1
densities,1
her,1
mykenàïka,1
mentioned,1
indications,1
cloth,1
explored,1
imperial,1
diptych,1
pebble,1
epeiras,1
sorioeconomic,1
flaked,1
categories,1
phiius,1
outline,1
paintings,1
owner,1
poems,1
preserved,1
expected,1
generalthat,1
mycenology,1
refinement,1
conclude,1
affecting,1
introduced,1
despite,1
marble,1
lovaniensia,1
show,1
adolf,1
oriente,1
diachronie,1
tried,1
disciplines,1
faience,1
argive,1
territory,1
instítutet,1
tying,1
measure,1
oil,1
moms,1
atti,1
alla,1
programs,1
resistance,1
mvcenaean,1
summarizes,1
chypre,1
tenable,1
qualitative,1
arcneoiogique,1
allows,1
discoveriesstill,1
soldiers,1
representation,1
characterize,1
coming,1
varied,1
pouvoir,1
iraq,1
remarks,1
oü,1
prepared,1
come,1
examinations,1
eric,1
olimpia,1
determinism,1
obliged,1
survival,1
considering,1
spacing,1
synopsis,1
argument,1
troica,1
aström,1
difference,1
biennial,1
reveals,1
justifiably,1
rediscovery,1
advent,1
hordes,1
structured,1
illinois,1
twentieth,1
nixon,1
fordham,1
course,1
contributed,1
aströras,1
typically,1
integrated,1
dendrochronology,1
enabling,1
consumption,1
hunter,1
davies,1
smaller,1
chronologies,1
petros,1
impacte,1
disruption,1
regular,1
centrality,1
piece,1
laffineur,1
clues,1
defined,1
disney,1
discounted,1
arethusa,1
thermi,1
secolo,1
increased,1
archaic,1
roughly,1
urece,1
moved,1
mobilized,1
tiryns,1
thousand,1
politela,1
interdisciplinary,1
reticent,1
deployment,1
client,1
nucleation,1
chicago,1
andindirectlymesopotamia,1
sharing,1
pool,1
element,1
noncommercial,1
northwestern,1
duration,1
immediately,1
graecia,1
strong,1
comparable,1
priestly,1
famous,1
assists,1
premature,1
nears,1
tradeand,1
christina,1
indicating,1
helladics,1
termed,1
boeotian,1
workings,1
costly,1
deeper,1
