WORDCOUNTS,WEIGHT
the,1078
of,973
and,869
in,697
a,296
to,256
pp,172
archaeology,163
university,144
architecture,141
that,132
as,128
on,128
r,120
household,110
archaeological,110
is,106
m,98
for,97
research,90
new,87
social,85
domestic,83
s,81
architectural,79
are,78
spatial,78
an,68
from,67
recent,62
this,61
space,61
analysis,58
j,55
such,54
more,53
d,53
c,53
be,53
studies,52
p,51
have,51
at,49
work,49
with,49
by,48
e,46
organization,44
these,44
cambridge,44
house,42
or,42
remains,42
their,41
it,39
world,39
symbolic,38
t,37
use,37
has,37
near,36
models,36
study,35
also,35
households,35
within,34
prehistoric,34
g,33
w,32
environment,31
i,30
built,30
structure,29
settlement,29
can,29
l,28
his,27
approach,27
but,27
through,27
association,27
one,26
american,26
not,26
eastern,25
review,25
many,25
gender,24
neolithic,23
steadman,23
some,23
n,23
aspects,23
economic,23
community,23
which,23
old,22
b,22
material,22
journal,21
field,21
society,21
been,21
information,21
area,21
he,20
meaning,20
activity,20
human,20
record,20
early,20
interpretation,20
culture,20
may,19
most,19
only,19
k,19
between,19
settlements,18
complex,18
h,18
behavior,18
houses,18
its,18
perspectives,18
mexico,18
theory,18
village,17
no,17
data,17
other,17
socioeconomic,17
into,16
ethnoarchaeological,16
de,16
mesoamerican,16
sites,16
annual,16
number,16
proceedings,16
systems,16
researchers,16
press,16
they,15
those,15
based,15
issues,15
using,15
model,15
du,14
relationships,14
oxford,14
though,14
well,14
change,14
chacmool,14
several,14
others,14
discussed,14
understanding,14
including,14
particularly,14
chicago,14
among,14
approaches,13
production,13
elements,13
beyond,13
f,13
traditional,13
much,13
europe,12
thus,12
societies,12
working,12
appropriate,12
activities,12
will,12
all,12
patterning,12
scholars,12
areas,12
patterns,12
types,12
what,12
investigation,12
form,12
focus,12
western,11
contexts,11
women,11
task,11
concerning,11
hodder,11
derived,11
method,11
wealth,11
et,11
level,11
la,11
years,11
various,10
analyses,10
there,10
case,10
east,10
interest,10
relations,10
ancient,10
application,10
york,10
factors,10
edinburgh,10
plenum,10
residential,10
comparative,10
toward,10
function,10
relationship,10
antiquity,10
current,10
works,10
her,10
implications,9
last,9
tell,9
design,9
prehispanic,9
even,9
domestication,9
prehistory,9
age,9
excavation,9
methodology,9
access,9
planning,9
literature,9
units,9
housing,9
structures,9
perhaps,9
who,9
anthropological,9
complexity,9
over,9
while,9
building,9
wilk,9
boca,8
first,8
archaeologists,8
address,8
room,8
central,8
since,8
rapoport,8
basil,8
site,8
was,8
perspective,8
important,8
begun,8
crc,8
because,8
above,8
power,8
present,8
maya,8
semiotics,8
features,8
mounds,8
type,8
both,8
offer,8
evidence,8
semiotic,8
southeastern,8
primary,7
addresses,7
columbia,7
than,7
basic,7
unit,7
section,7
greater,7
behavioral,7
cultural,7
used,7
part,7
few,7
when,7
tasks,7
dwellings,7
sociocultural,7
ethnographic,7
increasingly,7
analytical,7
segmentation,7
examination,7
theoretical,7
become,7
european,7
anthropology,7
historical,7
past,7
economy,7
techniques,7
au,7
although,7
need,7
defined,7
syntax,6
if,6
becoming,6
able,6
nonverbal,6
political,6
westview,6
vital,6
framework,6
iron,6
late,6
third,6
communication,6
performance,6
how,6
en,6
levels,6
similar,6
importance,6
produced,6
changes,6
underlying,6
tringham,6
view,6
could,6
academic,6
further,6
applied,6
sedentism,6
london,6
place,6
personal,6
construct,6
order,6
attempt,6
settings,6
structural,6
about,6
same,6
two,6
inhabitants,6
time,6
anthropologist,6
see,6
another,6
original,6
discussion,6
examples,6
upon,6
processes,6
were,6
meanings,6
so,6
general,6
centre,6
often,6
fields,6
asie,6
following,6
ethnoarchaeology,6
here,6
partitioning,6
different,6
recherche,6
hillier,6
them,6
textual,6
differentiation,6
national,6
vernacular,6
mode,6
valuable,6
interaction,6
now,5
engendering,5
history,5
tells,5
domus,5
attempts,5
book,5
rich,5
take,5
majority,5
reconsidering,5
avenues,5
employing,5
topic,5
hutte,5
rather,5
main,5
always,5
decades,5
diachronic,5
uses,5
levantine,5
ann,5
public,5
shape,5
bc,5
future,5
employed,5
family,5
value,5
second,5
materials,5
still,5
single,5
serve,5
already,5
insights,5
noted,5
do,5
landscape,5
focusing,5
interpreting,5
exploring,5
indiana,5
previously,5
food,5
numerous,5
survey,5
would,5
topics,5
intrasite,5
division,5
provide,5
seen,5
life,5
associated,5
alternative,5
best,5
growing,5
particular,5
artifactual,5
éditions,5
opovo,5
representations,5
yield,5
size,5
middle,5
african,5
sociétés,5
offered,5
given,5
should,5
difficult,4
o,4
done,4
generated,4
groups,4
cues,4
mesoamerica,4
modern,4
societal,4
being,4
nature,4
tradition,4
overall,4
concepts,4
papers,4
system,4
occasional,4
draws,4
vol,4
possible,4
international,4
combination,4
goal,4
due,4
millennium,4
turn,4
items,4
response,4
byrd,4
explore,4
without,4
museum,4
process,4
addressing,4
understand,4
monumental,4
objects,4
balkan,4
banning,4
found,4
out,4
sedentary,4
initial,4
dwelling,4
symbolism,4
related,4
people,4
status,4
greek,4
up,4
provided,4
cosmological,4
matney,4
classic,4
southern,4
opportunities,4
floor,4
useful,4
available,4
flat,4
incorporates,4
contemporary,4
doubt,4
swahili,4
innovative,4
strategies,4
investigative,4
assemblages,4
region,4
described,4
historic,4
interpret,4
individual,4
latter,4
article,4
methods,4
ebs,4
embodied,4
increasing,4
africa,4
she,4
construction,4
respect,4
interpretive,4
considered,4
then,4
any,4
changing,4
physical,4
microscale,4
defining,4
privacy,4
folk,4
interested,4
contextual,4
constructions,4
rural,4
urban,4
city,4
categories,4
resource,4
functions,4
stratification,4
applicable,4
land,4
integration,4
increased,4
specific,4
ca,4
arizona,4
go,3
produces,3
humans,3
common,3
way,3
represent,3
environmental,3
methodologies,3
introduction,3
berlin,3
linguistic,3
center,3
significant,3
mobility,3
inequality,3
proxemics,3
canyon,3
long,3
certainly,3
container,3
might,3
kent,3
link,3
state,3
investigations,3
context,3
issue,3
chávalas,3
linear,3
placement,3
point,3
conceptual,3
development,3
regarded,3
rank,3
amount,3
publications,3
drawn,3
tend,3
pueblo,3
discovering,3
crow,3
mechanisms,3
interesting,3
recognized,3
english,3
subsistence,3
environments,3
goes,3
after,3
represented,3
impact,3
additional,3
mainstay,3
drawing,3
dc,3
honduras,3
called,3
deal,3
occupation,3
focused,3
institute,3
tools,3
appears,3
recently,3
excellent,3
approached,3
premise,3
line,3
amos,3
concept,3
aztec,3
focuses,3
own,3
trends,3
towards,3
responses,3
mesopotamia,3
successful,3
pottery,3
buildings,3
stage,3
specifically,3
around,3
small,3
invaluable,3
boundaries,3
villages,3
notes,3
preliminary,3
geographical,3
therefore,3
led,3
san,3
variety,3
myriad,3
subject,3
limited,3
make,3
comments,3
direction,3
communities,3
simultaneous,3
under,3
home,3
complete,3
performed,3
bar,3
frameworks,3
volume,3
members,3
bourdieu,3
fashion,3
outside,3
v,3
scientist,3
where,3
developing,3
less,3
grasshopper,3
private,3
processualist,3
postclassic,3
mesopotamian,3
increase,3
concern,3
congress,3
questions,3
lifestyle,3
previous,3
california,3
navajo,3
clear,3
like,3
creating,3
stages,3
earlier,3
internal,3
blanton,3
mainly,3
northern,3
sociopolitical,3
iran,3
practical,3
class,3
responsible,3
susan,3
sections,3
abandonment,3
simply,3
ever,3
known,3
bronze,3
offers,3
half,3
ideological,3
orkney,3
far,3
reflected,3
examining,3
explicitly,3
better,3
terms,3
metaphor,3
attitudes,3
encloses,3
distribution,3
ethnography,3
spaces,3
little,3
outline,3
john,3
furniture,3
role,3
transition,3
step,3
representation,3
formation,3
reveals,3
instead,3
define,3
attributes,3
attempted,3
summary,3
potential,3
texts,3
valley,3
north,3
foundationthe,3
roles,3
groundbreaking,3
cited,3
oriented,2
medieval,2
macroscale,2
expedition,2
economies,2
manuscript,2
group,2
large,2
essays,2
designed,2
confines,2
former,2
comparisons,2
paper,2
before,2
proxemic,2
member,2
either,2
provision,2
rathje,2
roman,2
fund,2
taken,2
actual,2
asia,2
definition,2
gary,2
layout,2
shaped,2
principles,2
explores,2
agrarian,2
desire,2
great,2
simple,2
thank,2
right,2
fresh,2
precisely,2
sacred,2
principal,2
embody,2
reading,2
somewhat,2
dd,2
anthropologists,2
key,2
u,2
hall,2
copenhagen,2
politics,2
mutual,2
richard,2
taking,2
very,2
timothy,2
ritual,2
moral,2
conkey,2
corresponding,2
expertise,2
pit,2
structuration,2
language,2
southwestern,2
scottish,2
analyzing,2
pursuit,2
author,2
gendered,2
excavations,2
tucson,2
century,2
places,2
burgeoning,2
marriage,2
body,2
compared,2
truly,2
find,2
undertaking,2
semantic,2
y,2
consequently,2
constructs,2
messages,2
metamorphosis,2
civilization,2
simultaneously,2
sue,2
philadelphia,2
town,2
remain,2
holistic,2
opportunity,2
associate,2
certain,2
parts,2
possess,2
arbor,2
read,2
multivariate,2
guides,2
making,2
reason,2
affect,2
consider,2
emergence,2
just,2
frequently,2
four,2
gero,2
had,2
origins,2
albuquerque,2
followed,2
organisation,2
calgary,2
providing,2
appear,2
expressed,2
lead,2
identifying,2
concentration,2
location,2
allow,2
portable,2
kalahari,2
grammars,2
changed,2
rooms,2
carolina,2
viking,2
syrian,2
base,2
embedded,2
studying,2
burial,2
population,2
eye,2
perform,2
explain,2
levant,2
having,2
basis,2
clarke,2
tool,2
ideal,2
decisions,2
significantly,2
psychological,2
discusses,2
example,2
department,2
during,2
refined,2
concentrate,2
stimulate,2
jordanian,2
rise,2
preparation,2
artifact,2
interpreted,2
hidden,2
regions,2
oriental,2
stockholm,2
excavated,2
anatolia,2
shaping,2
suggest,2
involve,2
indicators,2
emerging,2
involved,2
encompasses,2
smithsonian,2
brought,2
acts,2
mi,2
presence,2
yielded,2
jordan,2
und,2
pearson,2
south,2
critical,2
investigating,2
demand,2
çatal,2
britain,2
female,2
formative,2
modes,2
religious,2
retrieved,2
criticism,2
edited,2
yet,2
fascinating,2
rules,2
continuity,2
fifth,2
management,2
unwin,2
falls,2
bloomington,2
illustrated,2
begins,2
regional,2
thngham,2
challenge,2
comparison,2
death,2
mnemonic,2
addition,2
selevac,2
idea,2
appeared,2
enable,2
ideology,2
diverse,2
substantially,2
variation,2
pattern,2
external,2
honor,2
forms,2
paris,2
relevant,2
outlines,2
made,2
range,2
bulgarian,2
monte,2
expand,2
bourdier,2
residues,2
factor,2
ideas,2
individuals,2
sees,2
low,2
engender,2
sensitivity,2
publication,2
javanese,2
co,2
keep,2
ozette,2
mouton,2
synchronie,2
configurations,2
preservation,2
black,2
standard,2
provides,2
least,2
graphical,2
men,2
behind,2
evolutionary,2
references,2
southwest,2
we,2
performing,2
separate,2
compendium,2
ranging,2
carried,2
me,2
fairly,2
continued,2
science,2
sometimes,2
usually,2
five,2
begin,2
foregoing,2
primarily,2
investigators,2
ordering,2
millennia,2
lawrence,2
rapidly,2
plains,2
strides,2
examine,2
researcher,2
exists,2
batammaliba,2
mirror,2
gathered,2
investigate,2
earliest,2
matters,2
addressed,2
necessary,2
paléorient,2
thinking,2
series,2
incorporated,2
must,2
recognizable,2
les,2
md,2
organizational,2
physically,2
berkeley,2
unavailable,2
control,2
chapman,2
expanding,2
cautiously,2
generalized,2
cities,2
placing,2
proposed,2
living,2
advances,2
evident,2
segmented,2
phd,2
according,2
glassie,2
whether,2
selected,2
ghazal,2
northeastern,2
thames,2
presented,2
inaccuracies,2
variability,2
maori,2
disciplines,2
lies,2
contribute,2
summarizes,2
aspect,2
varied,2
iraq,2
come,2
ted,2
shown,2
referenced,2
conditions,2
peru,2
structuring,2
kus,2
include,2
sur,2
developmental,2
smaller,2
derive,2
seeks,2
ruth,2
needs,2
create,2
views,2
entire,2
strong,2
zapotee,2
major,2
kurdish,1
final,1
modelling,1
portuguese,1
explosion,1
brigstock,1
mostly,1
rate,1
liminal,1
limits,1
ethics,1
anatolian,1
elite,1
concerned,1
later,1
indicated,1
avebury,1
commentary,1
correlations,1
prompts,1
functional,1
hacilar,1
europeans,1
morphologie,1
engendered,1
market,1
shrines,1
extend,1
ending,1
revolutionary,1
determine,1
presses,1
cerros,1
northeast,1
measures,1
originating,1
jarmo,1
constitution,1
vage,1
necessitates,1
interrelationships,1
conducted,1
speculated,1
envisioned,1
effective,1
properly,1
multifaceted,1
stone,1
mute,1
live,1
authority,1
sets,1
ways,1
situation,1
delineating,1
contend,1
easily,1
postprocessual,1
paradigms,1
flows,1
tlajinga,1
decade,1
fixed,1
overwhelm,1
ian,1
harsh,1
title,1
ontology,1
occurred,1
cornell,1
areal,1
multivocality,1
hasanlu,1
exceptions,1
interpretative,1
phenomenally,1
something,1
connotations,1
englewood,1
flaws,1
source,1
meaningless,1
diversity,1
annals,1
incorporating,1
contact,1
leads,1
experience,1
highlight,1
jutland,1
came,1
mindanao,1
disaggregated,1
transitions,1
explaining,1
stressed,1
socioeconomically,1
hence,1
every,1
extraordinary,1
interests,1
originally,1
culturally,1
concentrated,1
disturbance,1
elusive,1
encouraged,1
assist,1
caithness,1
demonstrable,1
nancy,1
degree,1
externally,1
analogies,1
advanced,1
tent,1
seems,1
switzerland,1
editions,1
words,1
georgia,1
possibilities,1
validating,1
reach,1
oval,1
attractive,1
leading,1
assess,1
advantage,1
highland,1
feminism,1
tackling,1
richards,1
histories,1
potentially,1
organizes,1
verbal,1
thanks,1
brian,1
onto,1
concludes,1
report,1
postsedentaiy,1
hunting,1
religion,1
entering,1
reproduction,1
deemed,1
subsequent,1
endeavored,1
help,1
setting,1
feature,1
integrate,1
converts,1
primaiy,1
devised,1
date,1
greatly,1
primitive,1
reworking,1
discipline,1
pertains,1
signs,1
feminisms,1
rethinking,1
dogon,1
nomadic,1
ad,1
epistemological,1
british,1
erosional,1
employs,1
side,1
continuities,1
takes,1
cue,1
hajji,1
missouri,1
markers,1
gaps,1
battery,1
advice,1
incorporate,1
draw,1
rests,1
dualities,1
maisons,1
discuss,1
economics,1
honolulu,1
retain,1
account,1
replacement,1
washington,1
viewspapers,1
capable,1
marked,1
omissions,1
ered,1
fl,1
illustrate,1
characterize,1
beverly,1
akkadian,1
gritille,1
feinman,1
solely,1
bibliography,1
insight,1
occupy,1
investigator,1
obvious,1
desired,1
madagascar,1
say,1
eliminating,1
postpositional,1
syntactical,1
dynamic,1
chart,1
apply,1
along,1
undoubtedly,1
correlation,1
deducing,1
remodeling,1
minimum,1
facets,1
karen,1
labor,1
relies,1
regarding,1
applauded,1
frequencies,1
auckland,1
prom,1
oaxaca,1
throughout,1
denying,1
regularly,1
sumer,1
tèrqa,1
disorder,1
karatas,1
historically,1
component,1
ute,1
dynamics,1
realignment,1
pursue,1
semifixed,1
countless,1
longevity,1
faced,1
illustrates,1
worldwide,1
realized,1
hierarchy,1
sociale,1
peter,1
pier,1
ethnohistorical,1
archaeobgy,1
characteristic,1
hawaii,1
needed,1
consumer,1
aceramic,1
facet,1
exist,1
jr,1
materially,1
bounty,1
affluence,1
codified,1
rooted,1
residences,1
subtraction,1
toe,1
mundi,1
guided,1
wiley,1
piana,1
wendy,1
sanders,1
enliven,1
ct,1
clocks,1
honourable,1
calming,1
document,1
architectonic,1
pierre,1
serving,1
tenochca,1
holds,1
elicit,1
allowing,1
outweigh,1
suitable,1
simultaneity,1
minus,1
egypt,1
left,1
converging,1
price,1
databases,1
farmers,1
nondomestic,1
storage,1
heeded,1
tim,1
memoir,1
unresolved,1
stimulating,1
nonmaterial,1
details,1
generation,1
incarnation,1
influence,1
infinite,1
walls,1
mechanism,1
perfect,1
mohawk,1
higher,1
aim,1
mesolithic,1
fort,1
megaron,1
simplified,1
adequate,1
whose,1
société,1
reflects,1
veiy,1
orientale,1
supernatural,1
transformations,1
links,1
bring,1
growth,1
across,1
centered,1
dry,1
denmark,1
perceiving,1
breadth,1
reference,1
preparing,1
coastal,1
flanks,1
responded,1
incidence,1
active,1
tionships,1
villas,1
arrangements,1
determining,1
neighborhood,1
traction,1
persistent,1
flexible,1
initiate,1
à,1
egenter,1
ongoing,1
boone,1
contributions,1
dialogue,1
lacking,1
enabled,1
inn,1
resettlement,1
distant,1
evolution,1
summarized,1
limitation,1
productive,1
awareness,1
scattered,1
resting,1
consistency,1
builds,1
support,1
hiüy,1
means,1
rising,1
maryland,1
perceptions,1
zanskar,1
multilocality,1
precolumbian,1
postmodern,1
separates,1
flexibility,1
signed,1
occupational,1
quatrième,1
imposing,1
specialization,1
intensive,1
organized,1
ashmore,1
clearly,1
gargett,1
proved,1
elsewhere,1
recycling,1
romanobritish,1
accessibility,1
listed,1
benefited,1
commonly,1
experienced,1
nouse,1
commented,1
hungarica,1
readings,1
dimensions,1
shed,1
generally,1
testament,1
cost,1
intentional,1
genotypes,1
problems,1
exploitation,1
cycles,1
permanent,1
back,1
maison,1
projected,1
provisional,1
strategy,1
necessarily,1
heartfelt,1
paragraph,1
graduates,1
reflections,1
friends,1
ranges,1
character,1
opening,1
result,1
humblest,1
buzzword,1
problem,1
treating,1
dot,1
whom,1
underrepresented,1
opposition,1
avenue,1
habits,1
transmission,1
nouses,1
eba,1
scientifically,1
develops,1
conflict,1
industrializing,1
erosion,1
hands,1
search,1
traditionally,1
midden,1
carol,1
effort,1
centers,1
holmes,1
generates,1
scaling,1
scotland,1
shared,1
austin,1
criticisms,1
events,1
requirements,1
nurturing,1
luxury,1
emerge,1
òocial,1
approximation,1
im,1
overburdened,1
markets,1
term,1
urbanization,1
muslim,1
guatemala,1
handbook,1
prompt,1
oklahoma,1
elemental,1
nineteenth,1
block,1
michigan,1
reviews,1
seioal,1
rei,1
forecent,1
province,1
thematic,1
divide,1
symbols,1
walde,1
intensity,1
alf,1
scale,1
otherwise,1
tenacity,1
placed,1
procedures,1
feudal,1
dumbarton,1
triumph,1
symbolically,1
briefly,1
underlie,1
syria,1
directly,1
distinguish,1
seminal,1
inferred,1
douglas,1
received,1
archaeologist,1
narratives,1
tempel,1
reid,1
los,1
andes,1
psychiatric,1
heart,1
imagined,1
occupants,1
varna,1
purpose,1
sharon,1
explains,1
tombs,1
reduction,1
clearer,1
bite,1
slavonian,1
genuine,1
fit,1
consistently,1
database,1
northwest,1
editorial,1
broad,1
collective,1
destination,1
records,1
relevance,1
bits,1
perishable,1
obtrusive,1
device,1
forces,1
unbuilt,1
plurality,1
institution,1
believes,1
folklore,1
entails,1
fieldwork,1
stanford,1
smallest,1
empowering,1
universally,1
polity,1
ucla,1
attributed,1
manifestation,1
catchments,1
earth,1
structura,1
tecpan,1
concentrates,1
hydraulic,1
strove,1
archaeobgica,1
ratios,1
viable,1
describing,1
below,1
wi,1
intersite,1
revolution,1
resolving,1
semitic,1
next,1
box,1
politically,1
le,1
contrast,1
mediterranean,1
stimulated,1
emphasizes,1
reaches,1
phrase,1
quite,1
orientalist,1
leland,1
specificity,1
characteristics,1
sufficient,1
exemplifies,1
wider,1
concerns,1
components,1
allotted,1
prompted,1
climate,1
anthropos,1
texas,1
realised,1
kekchi,1
differing,1
impossible,1
zonal,1
fully,1
penultimate,1
patience,1
st,1
extracted,1
anihrodolozv,1
proper,1
citations,1
distinguishing,1
cycle,1
beauty,1
newly,1
prepublication,1
innovating,1
am,1
actions,1
gordon,1
logic,1
concomitant,1
dorchester,1
glaringly,1
local,1
periods,1
commensurate,1
delve,1
horizons,1
partially,1
deplete,1
fortunate,1
hegemony,1
basarwa,1
comment,1
territorial,1
summarize,1
knoxviile,1
contingent,1
madhhur,1
habitus,1
action,1
separation,1
indeed,1
experiencing,1
located,1
expansion,1
observations,1
successes,1
corporation,1
kabyle,1
brief,1
yugoslavia,1
framing,1
betsileo,1
reorganization,1
object,1
etc,1
prove,1
presently,1
expanded,1
indicates,1
domination,1
wildness,1
standing,1
builders,1
initially,1
backdrop,1
roads,1
feminist,1
southeast,1
extrapolations,1
corpus,1
undergo,1
once,1
emerged,1
unimagined,1
elaboration,1
vs,1
rubric,1
suited,1
represents,1
makes,1
recommendation,1
requiring,1
veiled,1
thought,1
residence,1
acknowledgments,1
detectable,1
array,1
mobile,1
nunneries,1
latitude,1
taboo,1
boundary,1
included,1
adherence,1
orders,1
infrastructure,1
light,1
watson,1
iranian,1
indian,1
veritable,1
provocative,1
contains,1
reports,1
alten,1
inheritance,1
strata,1
picture,1
jo,1
considers,1
fill,1
doorway,1
suit,1
longhouse,1
stated,1
mark,1
santa,1
approaching,1
nevada,1
added,1
projects,1
firuz,1
investigates,1
efforts,1
fact,1
longer,1
consideration,1
forming,1
fundamental,1
aldershot,1
stimulus,1
temples,1
blocks,1
occurrence,1
utilizing,1
beliefs,1
abstract,1
exclusion,1
assyriology,1
children,1
epilogue,1
todl,1
larger,1
habitat,1
testing,1
richer,1
incorporation,1
nucleated,1
archaeolopcal,1
pulau,1
end,1
figurines,1
pennsylvania,1
man,1
feedback,1
observes,1
utilize,1
reasons,1
meaining,1
never,1
monographs,1
floors,1
geography,1
signifying,1
handed,1
covered,1
manner,1
seulement,1
keys,1
road,1
secular,1
derivation,1
continuing,1
empire,1
establish,1
income,1
non,1
norwegian,1
ultimately,1
renovations,1
homer,1
kaiser,1
containers,1
doorways,1
patty,1
woman,1
fewer,1
native,1
belief,1
project,1
exceeds,1
hamilton,1
steins,1
gives,1
going,1
grotte,1
remarkably,1
identifiable,1
mcguire,1
multidisciplinary,1
eminently,1
palestine,1
territoriality,1
thousands,1
spector,1
credit,1
recognizing,1
analyzed,1
referred,1
behaviors,1
investment,1
encounter,1
atlantic,1
lost,1
caring,1
background,1
observable,1
easier,1
explanation,1
helps,1
hinder,1
hindu,1
systematics,1
enormous,1
terqa,1
unpredictable,1
manifestations,1
herself,1
crafts,1
santley,1
findings,1
controlling,1
asian,1
enduring,1
defences,1
hypotheses,1
teotihuacán,1
assumption,1
refers,1
aesthetics,1
causes,1
manipulation,1
varia,1
variables,1
engaged,1
talcing,1
chosen,1
literate,1
uruk,1
dating,1
shelter,1
involves,1
monetarily,1
tarm,1
reevaluated,1
versions,1
anasazi,1
open,1
explorations,1
landscapes,1
akademisk,1
three,1
authors,1
stress,1
uncontrollable,1
express,1
inadequate,1
urbanism,1
entrances,1
points,1
safety,1
essay,1
supportive,1
cihuatecpan,1
mogollón,1
divisions,1
reviewers,1
kc,1
geographically,1
period,1
summer,1
him,1
analysing,1
high,1
serves,1
static,1
linking,1
mountain,1
devise,1
architectureperspectives,1
kramer,1
running,1
retrieving,1
improved,1
permitting,1
exchange,1
artificial,1
mexica,1
undefended,1
probe,1
imaginative,1
chapel,1
constructing,1
relation,1
palo,1
geographers,1
effect,1
preeminently,1
availability,1
henry,1
jericho,1
cuses,1
comfortably,1
spatiality,1
ethnohistory,1
rhetorical,1
slightly,1
italy,1
conquest,1
versus,1
commence,1
duality,1
destruction,1
connections,1
quarterly,1
ago,1
cursus,1
modifications,1
propose,1
attention,1
encompassing,1
hague,1
widely,1
applies,1
species,1
decision,1
anatomy,1
restructured,1
tennessee,1
tula,1
farm,1
dealing,1
unstable,1
tests,1
relying,1
cassie,1
postulate,1
penguin,1
islamic,1
aid,1
grammar,1
domestique,1
publishing,1
note,1
intrastructure,1
stoiy,1
assert,1
ecological,1
girish,1
rarámurí,1
plays,1
naturally,1
impressive,1
outlined,1
bound,1
claimed,1
hill,1
monterey,1
centuries,1
inside,1
maceachern,1
lines,1
andean,1
ordinary,1
becomes,1
get,1
suburbanization,1
universals,1
success,1
sensitive,1
directions,1
strongly,1
yale,1
obstacle,1
began,1
embodying,1
render,1
effectively,1
visual,1
macroto,1
subheading,1
threaten,1
importantly,1
quiligua,1
test,1
interplay,1
transformation,1
recognize,1
deals,1
inspired,1
dans,1
precontact,1
existed,1
fall,1
united,1
dead,1
composed,1
supporting,1
enforced,1
excavates,1
hüyük,1
aboriginal,1
itself,1
face,1
angeles,1
combines,1
nonmonumental,1
influencing,1
saami,1
immensely,1
meant,1
stable,1
middens,1
quantitative,1
berber,1
differentiated,1
extrapolate,1
fifteen,1
monument,1
practice,1
comes,1
conclusion,1
accomplishes,1
ppnb,1
version,1
nonegalitarian,1
conjunction,1
pueblos,1
barrio,1
athens,1
extensive,1
hypothesized,1
rigidly,1
determinants,1
rival,1
temporal,1
palace,1
proposes,1
narrowly,1
besides,1
temple,1
willows,1
text,1
symbolsthe,1
rigaud,1
reassertaion,1
accomplished,1
geoarchaeology,1
set,1
integrative,1
why,1
milieu,1
outcome,1
dimension,1
heiligtümer,1
pioneering,1
apsidal,1
extant,1
each,1
persian,1
fault,1
illuminate,1
semiotica,1
cm,1
interpersonal,1
specialized,1
suggestions,1
seem,1
down,1
ehrenberg,1
regard,1
rearing,1
capacity,1
inquiry,1
eventually,1
foundation,1
stretching,1
gregg,1
obviously,1
speculation,1
brazil,1
sustaining,1
rely,1
researches,1
turkey,1
jennifer,1
domesticated,1
las,1
upton,1
animal,1
beginning,1
knows,1
william,1
malaysia,1
scholarly,1
applaud,1
notable,1
combined,1
unique,1
implicit,1
typologies,1
webster,1
accounts,1
foremost,1
want,1
pertinent,1
maintain,1
agricultural,1
hoped,1
map,1
manuscripts,1
mere,1
khana,1
vigorously,1
ripe,1
analogues,1
insightful,1
foundations,1
extract,1
expressly,1
pursued,1
require,1
secure,1
oppositions,1
explored,1
orientations,1
property,1
precedent,1
almost,1
apartment,1
too,1
suggests,1
duo,1
emphasis,1
microarchaeological,1
delved,1
holocene,1
herzfeld,1
freedom,1
art,1
des,1
hrnson,1
gratitude,1
nj,1
intention,1
circumstances,1
preserved,1
careful,1
nousenoids,1
nineveh,1
bornéo,1
thereby,1
attached,1
springboard,1
marketing,1
content,1
predecessors,1
turns,1
administration,1
assumptions,1
controls,1
measure,1
conventional,1
possessions,1
indebted,1
describes,1
indians,1
mention,1
allows,1
exploit,1
goals,1
perceptual,1
our,1
crosscultural,1
devoted,1
unerringly,1
until,1
oxtord,1
defends,1
locations,1
baghestan,1
justifiably,1
generate,1
sufficed,1
paradigm,1
morphological,1
aware,1
origines,1
lausanne,1
americas,1
botswana,1
grown,1
salt,1
integrated,1
contours,1
cognitive,1
consumption,1
socially,1
considérations,1
constructed,1
cautionary,1
sudanese,1
effects,1
piece,1
clues,1
off,1
enclosures,1
presenting,1
embodies,1
extremely,1
francisco,1
classification,1
reformation,1
anonymous,1
untamed,1
treats,1
territories,1
endeavors,1
monography,1
personifies,1
mongol,1
trigger,1
suggested,1
regularity,1
umm,1
ekistics,1
themselves,1
broadening,1
elites,1
scholarship,1
fcamourgn,1
vary,1
reached,1
sharing,1
norman,1
dark,1
substantial,1
import,1
develop,1
divergent,1
complementarity,1
conventions,1
glance,1
kaggaba,1
glastonbuiy,1
doing,1
termed,1
cahier,1
elucidation,1
hypothesis,1
