WORDCOUNTS,WEIGHT
the,1266
of,817
and,696
in,513
a,341
to,222
from,139
southeast,136
that,135
at,132
with,127
for,118
is,101
has,98
bronze,95
on,91
was,85
have,85
as,84
were,81
this,80
asia,72
been,72
are,72
there,71
sites,69
an,60
which,58
by,57
but,54
also,53
archaeological,53
archaeology,52
asian,52
evidence,52
pp,51
early,51
stone,50
thailand,50
prehistoric,49
it,48
ban,47
some,45
no,44
rice,44
c,44
f,43
these,43
university,43
site,41
pottery,39
age,38
central,37
r,37
or,37
mainland,36
bc,36
into,35
phanom,35
hong,34
w,34
found,34
we,34
culture,34
m,32
neolithic,32
khok,32
such,31
coastal,30
prehistory,29
research,29
nguyen,29
phung,29
one,28
j,28
i,28
late,28
casting,28
between,28
p,27
higham,27
bronzes,27
new,27
iron,27
be,27
millennium,26
two,26
dong,25
not,25
copper,25
valley,25
excavation,24
river,24
first,24
social,24
non,24
remains,24
excavations,23
association,23
area,23
exotic,22
its,22
during,22
settlement,22
about,22
di,21
dates,21
more,21
s,20
their,20
most,20
same,20
paper,20
report,20
later,19
northeast,19
khao,19
chinese,19
grave,19
where,19
period,19
agriculture,18
g,18
nong,18
metal,18
well,18
only,18
many,18
material,18
kong,18
co,18
exchange,18
series,18
d,18
red,17
china,17
within,17
languages,17
artifacts,17
few,17
range,17
mortuary,17
radiocarbon,17
b,17
although,17
hoc,16
ha,16
part,16
south,16
communities,16
ancient,16
included,16
burials,16
cultivation,16
while,16
other,15
fine,15
yangzi,15
human,15
van,15
yunnan,15
saw,15
t,15
phase,15
southern,15
second,14
used,14
working,14
society,14
read,14
local,14
three,14
graves,14
bulletin,14
arts,14
associated,14
agricultural,14
middle,14
years,14
contexts,13
lower,13
wooden,13
possible,13
development,13
may,13
further,13
find,13
regional,13
conference,13
located,13
water,13
mekong,13
chiang,13
analysis,13
cemetery,13
international,13
transition,13
they,12
settlements,12
western,12
smelting,12
long,12
might,12
context,12
kaogu,12
than,12
n,12
et,12
small,12
pa,12
technology,12
would,12
latter,12
probably,12
socketed,12
seen,12
form,12
son,12
presence,12
now,11
groups,11
east,11
xuebao,11
unpublished,11
journal,11
high,11
studies,11
shell,11
india,11
suggested,11
occupation,11
cultural,11
mun,11
place,11
industry,11
region,11
including,11
use,11
sequence,11
dating,11
k,11
can,11
occupied,11
changes,11
don,11
both,11
sea,11
much,11
go,10
e,10
before,10
being,10
lingnan,10
establishment,10
ritual,10
thai,10
shang,10
dated,10
vietnam,10
molds,10
antiquaries,10
centers,10
pleistocene,10
bangkok,10
he,10
bac,10
yet,10
considerable,10
number,10
similar,10
perspectives,10
tin,10
austroasiatic,10
extensive,10
over,10
goods,10
distribution,10
world,10
dau,10
north,10
recent,10
former,9
noen,9
contact,9
season,9
guangxi,9
available,9
tradition,9
inland,9
date,9
marine,9
those,9
british,9
vol,9
along,9
li,9
nor,9
cambridge,9
bone,9
third,9
rather,9
subsistence,9
after,9
burial,9
basis,9
island,9
least,9
suggest,9
involved,9
preliminary,9
finds,9
identified,9
expansion,9
indicates,9
museum,9
noted,9
provide,9
took,9
valleys,9
made,9
ornaments,9
wan,9
then,9
any,9
known,9
incised,9
geometric,8
virtually,8
cast,8
all,8
last,8
eastern,8
holocene,8
marked,8
cemeteries,8
jade,8
his,8
chao,8
metals,8
excavated,8
several,8
adzes,8
rise,8
ceramic,8
time,8
encountered,8
trade,8
abundant,8
include,8
inhumation,8
widespread,8
indicate,8
particularly,8
phraya,8
antiquity,8
national,8
parallels,8
among,8
major,8
represent,7
village,7
arrowheads,7
han,7
du,7
common,7
production,7
location,7
rich,7
raised,7
ascribed,7
wai,7
resources,7
clay,7
developed,7
khorat,7
could,7
cores,7
province,7
wide,7
revealed,7
data,7
ringed,7
chronological,7
study,7
bo,7
bracelets,7
axes,7
examples,7
lake,7
rivers,7
conditions,7
decorated,7
earlier,7
northern,7
la,7
increasing,7
states,7
sandstone,7
earliest,7
contained,7
growing,7
cultures,7
domestic,7
phd,7
muang,7
yielded,7
suggests,7
vessels,7
given,7
if,6
environmental,6
distributed,6
linguistic,6
large,6
complex,6
austrie,6
interred,6
investigations,6
system,6
above,6
introduction,6
implements,6
fig,6
l,6
tung,6
tan,6
upper,6
recovered,6
plateau,6
coffins,6
near,6
lopburi,6
knowledge,6
broad,6
employed,6
status,6
when,6
up,6
results,6
likely,6
polished,6
biological,6
under,6
chronology,6
indian,6
fragments,6
ages,6
do,6
present,6
moats,6
deep,6
encounter,6
austronesian,6
recovery,6
points,6
dry,6
metallurgy,6
oxford,6
bivalve,6
incorporated,6
record,6
terms,6
particular,6
foundations,6
nok,6
art,6
level,6
through,6
lies,6
shown,6
manufacture,6
km,6
does,5
o,5
group,5
center,5
offerings,5
ma,5
ore,5
history,5
halberd,5
implications,5
political,5
viet,5
similarities,5
activity,5
thanh,5
huanghe,5
exposed,5
review,5
due,5
xuan,5
de,5
sample,5
distinct,5
houses,5
without,5
homo,5
across,5
na,5
represented,5
cave,5
white,5
zhujiang,5
wong,5
clearly,5
four,5
delta,5
important,5
alloy,5
ago,5
base,5
lung,5
london,5
beginnings,5
reflect,5
drums,5
knives,5
australian,5
weapons,5
coast,5
ta,5
provided,5
voi,5
tropical,5
still,5
reports,5
science,5
decoration,5
toward,5
cultivated,5
main,5
riverine,5
layer,5
pattern,5
forms,5
patterns,5
v,5
ground,5
empire,5
remained,5
congress,5
described,5
general,5
fubin,5
dian,5
often,5
centuries,5
unusual,5
must,5
down,5
intrusive,5
current,5
stretching,5
beginning,5
adaptation,5
urban,5
trinh,5
until,5
wang,5
shixia,5
peninsular,5
close,5
guangdong,5
sa,4
prachan,4
les,4
speakers,4
chi,4
identify,4
mit,4
modern,4
lamma,4
women,4
round,4
consistent,4
unearthed,4
uncovered,4
vegetation,4
state,4
principal,4
projectile,4
west,4
bowls,4
zhou,4
sediment,4
basal,4
century,4
items,4
body,4
yan,4
impressions,4
industries,4
phases,4
how,4
infilled,4
eight,4
importance,4
firing,4
settled,4
developments,4
possibly,4
established,4
northeastern,4
exploitation,4
jan,4
had,4
duy,4
concentration,4
out,4
scenes,4
phimai,4
initial,4
phylum,4
stock,4
tools,4
appears,4
française,4
wealth,4
placed,4
because,4
khmer,4
preferred,4
sept,4
brought,4
related,4
climatic,4
estuary,4
trang,4
change,4
lang,4
highly,4
villages,4
jades,4
will,4
fa,4
sham,4
jewelry,4
pacific,4
continuity,4
den,4
exposure,4
clarified,4
ams,4
rings,4
again,4
pointed,4
lack,4
canberra,4
never,4
covered,4
otago,4
ultimately,4
assemblage,4
significant,4
examination,4
raising,4
pham,4
dl,4
clear,4
language,4
spearheads,4
like,4
so,4
plant,4
ge,4
mines,4
provides,4
gallery,4
hone,4
systems,4
proceedings,4
widely,4
lo,4
involving,4
five,4
dentate,4
who,4
construction,4
dead,4
forest,4
wenwu,4
each,4
noi,4
incorporating,4
slit,4
very,4
reflected,4
stamped,4
following,4
animal,4
zhongyuan,4
institute,4
contain,4
sichuan,4
named,4
hua,4
spirit,4
soft,4
best,4
deposits,4
reached,4
element,4
final,3
difficult,3
margins,3
way,3
originating,3
american,3
flows,3
ti,3
anthropology,3
occurred,3
variety,3
properties,3
archaeologists,3
stressed,3
taken,3
kilometers,3
rapid,3
warm,3
great,3
samrong,3
hoabinhian,3
silpakon,3
nil,3
doc,3
designs,3
ad,3
case,3
issue,3
occasional,3
sophisticated,3
autonomous,3
key,3
retain,3
account,3
tha,3
nouvelles,3
bell,3
far,3
melting,3
fragment,3
conflict,3
includes,3
surely,3
relationships,3
vigorous,3
nam,3
quoc,3
characteristic,3
relatively,3
application,3
perspective,3
convincing,3
fourth,3
determinations,3
whorls,3
y,3
even,3
hoes,3
communication,3
european,3
confluence,3
compatible,3
burnished,3
kham,3
monsoon,3
parts,3
impressed,3
recherches,3
warring,3
old,3
shore,3
follow,3
painted,3
charcoal,3
processing,3
advance,3
came,3
societies,3
sedentary,3
sword,3
ranking,3
hierarchic,3
recently,3
ceramics,3
cannot,3
pollen,3
aspects,3
binh,3
ingots,3
occupants,3
indigenous,3
moated,3
literature,3
people,3
survey,3
beads,3
hemudu,3
feisu,3
presented,3
hard,3
cold,3
next,3
reaches,3
orient,3
reported,3
climate,3
situation,3
short,3
appreciate,3
islands,3
nearly,3
community,3
containing,3
examined,3
represents,3
metallurgical,3
us,3
belonging,3
industrial,3
hunan,3
increasingly,3
others,3
rock,3
added,3
shows,3
areas,3
larger,3
habitat,3
huynh,3
contemporary,3
doubt,3
man,3
adjacent,3
cambodia,3
developing,3
angkor,3
necessary,3
origin,3
extended,3
assemblages,3
chiefly,3
maritime,3
quan,3
judge,3
hanjiang,3
food,3
ironworking,3
orientated,3
ofkhok,3
reservoirs,3
trend,3
variables,3
xijiang,3
low,3
lacustrine,3
plains,3
crucibles,3
features,3
preservation,3
black,3
juncture,3
daxi,3
axe,3
bui,3
department,3
division,3
yung,3
inhabitants,3
spindle,3
reasonable,3
lines,3
recognize,3
responsible,3
phytolith,3
council,3
considered,3
stray,3
environment,3
complexity,3
here,3
quaternary,3
set,3
cover,3
intensive,3
cm,3
seem,3
half,3
colonisation,3
erectus,3
past,3
just,3
bands,3
evident,3
sanxingdui,3
malaysia,3
them,3
covers,3
huang,3
information,3
almost,3
personal,3
role,3
adapted,3
equipped,3
da,3
our,3
come,3
wild,3
ypm,3
reveals,3
numerous,3
course,3
meeting,3
you,3
mae,3
vi,3
shek,3
vessel,3
zhu,3
interaction,3
strong,3
should,3
alternative,3
hypothesis,3
contacts,2
currently,2
paralleled,2
millennial,2
oriented,2
cognates,2
conflicting,2
rongrien,2
wuming,2
expedition,2
intriguing,2
kwo,2
infiltrating,2
hull,2
approaches,2
nao,2
undertaken,2
hominid,2
pots,2
chief,2
controlled,2
fluctuations,2
colonized,2
framework,2
piles,2
either,2
provision,2
problems,2
sources,2
shanghai,2
permanently,2
advanced,2
burnishing,2
sinn,2
departure,2
au,2
furnace,2
definition,2
possibilities,2
spirals,2
route,2
avec,2
broadly,2
indeed,2
timing,2
wave,2
able,2
link,2
onto,2
nianyuzhuan,2
styles,2
feature,2
fishhooks,2
nm,2
dd,2
alloying,2
guo,2
side,2
con,2
brahmaputra,2
bones,2
incorporate,2
design,2
ax,2
xv,2
burning,2
establishing,2
anatomically,2
flank,2
stratigraphy,2
constrained,2
forged,2
warfare,2
hygiene,2
million,2
doms,2
blades,2
spectrum,2
since,2
interest,2
weaving,2
santa,2
comprised,2
advances,2
rank,2
ct,2
interim,2
places,2
songze,2
smelted,2
amount,2
back,2
ongbah,2
wares,2
young,2
compared,2
stratigraphie,2
dragon,2
wet,2
qin,2
palaeoenvironmental,2
commanding,2
sanskrit,2
xom,2
baiyangcun,2
civilization,2
khoa,2
bowdler,2
via,2
philadelphia,2
recognized,2
buranrak,2
ba,2
impetus,2
influenced,2
curvilinear,2
à,2
certain,2
kilns,2
lacking,2
adept,2
scattered,2
provinces,2
hematite,2
varying,2
locally,2
objects,2
organization,2
ledge,2
energy,2
tham,2
proved,2
numbers,2
population,2
argued,2
show,2
kwu,2
fashioned,2
linguistics,2
exploited,2
origins,2
surface,2
kealhofer,2
beyond,2
followed,2
anvils,2
chronometrie,2
kuen,2
explain,2
dominant,2
mon,2
providing,2
management,2
evidenced,2
greater,2
six,2
spectrographic,2
demands,2
chaff,2
relate,2
endeavor,2
accompany,2
term,2
kenh,2
traced,2
buried,2
war,2
skilled,2
produced,2
intensity,2
applied,2
fish,2
nwe,2
flaked,2
possibility,2
provincial,2
none,2
having,2
swords,2
expansionary,2
network,2
chang,2
received,2
erlitou,2
tool,2
rine,2
purpose,2
example,2
homeland,2
asiatiques,2
describe,2
millet,2
structures,2
rituals,2
proliferation,2
huy,2
il,2
showing,2
horizon,2
rendered,2
trends,2
clearance,2
approach,2
published,2
straight,2
contrast,2
sharp,2
emerging,2
yueng,2
mi,2
awls,2
massachusetts,2
ancestors,2
sha,2
annual,2
nui,2
pik,2
activities,2
meshed,2
tai,2
pope,2
periods,2
critical,2
ceremonial,2
foragers,2
absence,2
materials,2
various,2
catchment,2
sinh,2
blust,2
labeled,2
comparative,2
spades,2
pigott,2
xl,2
humans,2
single,2
spoken,2
flux,2
pivotal,2
interpretation,2
fringe,2
ledges,2
interment,2
moat,2
obtain,2
lowland,2
cowrie,2
zhanyue,2
publishing,2
bangles,2
rectangular,2
largest,2
chams,2
bar,2
predominate,2
stones,2
lee,2
routes,2
kao,2
name,2
french,2
skill,2
pengtoushan,2
technique,2
fell,2
fin,2
similarly,2
valid,2
advantage,2
documented,2
forging,2
end,2
identical,2
mold,2
decorating,2
likelihood,2
formation,2
model,2
en,2
mammalian,2
headwaters,2
yun,2
perhaps,2
nha,2
wenming,2
phet,2
polities,2
degree,2
demonstrated,2
grouping,2
ine,2
understanding,2
own,2
discovery,2
explanation,2
cult,2
hindu,2
hoang,2
lantao,2
canals,2
warrior,2
elite,2
phu,2
encouraged,2
largely,2
products,2
militarism,2
evolution,2
involves,2
ties,2
vinh,2
truong,2
discovered,2
historic,2
estuarine,2
hai,2
sustain,2
allowed,2
characterized,2
function,2
played,2
agriculturalists,2
mining,2
shallow,2
effect,2
availability,2
structure,2
kok,2
adaptations,2
attracted,2
workshop,2
figures,2
école,2
species,2
clusters,2
infants,2
xa,2
depth,2
mangrove,2
chu,2
richest,2
independent,2
continued,2
phytoliths,2
indrawooth,2
lum,2
impressive,2
testing,2
obtained,2
pieces,2
xuat,2
palaeoenvironment,2
male,2
lost,2
force,2
jar,2
contribution,2
sequences,2
originated,2
life,2
kone,2
detail,2
school,2
zpm,2
singular,2
hinduism,2
comes,2
mentioned,2
conjunction,2
tang,2
hoa,2
precise,2
offered,2
claims,2
marshy,2
text,2
taiwan,2
bayard,2
weaponry,2
natural,2
gallerv,2
illuminate,2
novel,2
expanding,2
temper,2
intrusion,2
exploiting,2
domesticated,2
distinctive,2
closest,2
special,2
drum,2
according,2
kettledrums,2
explanations,2
what,2
spatial,2
rose,2
list,2
ones,2
nearby,2
seasonal,2
beaches,2
rapports,2
size,2
des,2
popular,2
little,2
outline,2
surveys,2
despite,2
alternatives,2
press,2
became,2
african,2
harvesting,2
gxbwg,2
maintained,2
varied,2
vietnamese,2
finn,2
differentiation,2
midthird,2
swampy,2
temperature,2
newsletter,2
dense,2
colleagues,2
defined,2
myanmar,2
summary,2
moved,2
thousand,2
lacquered,2
sen,2
point,2
hills,2
furnaces,2
temperatures,2
oceans,2
kim,2
seek,2
gui,2
indicating,2
phuc,2
hanoi,2
scandinavian,1
countryside,1
carved,1
genetic,1
divisible,1
possessed,1
hub,1
encountering,1
owes,1
deny,1
thinh,1
polish,1
glover,1
samrit,1
meiauurgy,1
fortified,1
implying,1
gzar,1
commentary,1
dung,1
guerilla,1
preference,1
tropics,1
imported,1
aristocrat,1
top,1
maxilla,1
affected,1
hydraulique,1
extend,1
episodes,1
resulted,1
deterthe,1
uplands,1
measures,1
caches,1
considerably,1
flexed,1
succession,1
benedict,1
appear,1
thong,1
deciduous,1
coastlines,1
predilection,1
debris,1
expect,1
likewise,1
tlie,1
needed,1
inception,1
pendants,1
partially,1
summarizing,1
judicious,1
mankind,1
daye,1
rogers,1
sçhofield,1
flowering,1
oangkok,1
recourse,1
sets,1
sumptuary,1
h,1
kanchanaburi,1
peaks,1
duong,1
expenditure,1
jonathan,1
khuyen,1
antedates,1
satisfied,1
considerations,1
decade,1
researcn,1
trace,1
qingpu,1
presents,1
turtle,1
scientist,1
iv,1
expressed,1
bp,1
lowlands,1
bong,1
po,1
lenses,1
source,1
tripod,1
decapitating,1
dose,1
distributions,1
different,1
wley,1
cooler,1
myriad,1
experience,1
said,1
fabric,1
marches,1
else,1
bç,1
civilizations,1
tantalizing,1
qujialing,1
certainly,1
container,1
preceding,1
arrowhead,1
posed,1
maloney,1
krabuang,1
ii,1
repertoire,1
attempts,1
rested,1
culturally,1
gwe,1
rush,1
attempt,1
palynological,1
terrain,1
gourds,1
unfolding,1
stretch,1
winding,1
seems,1
varies,1
layout,1
dion,1
reach,1
principles,1
oval,1
height,1
affinities,1
textiles,1
belong,1
broken,1
together,1
accompanied,1
shoulder,1
highland,1
display,1
confusion,1
accumulated,1
follows,1
dacd,1
thung,1
hundred,1
reveal,1
procedure,1
deployed,1
tenon,1
hunting,1
zhao,1
glazed,1
resulting,1
promontory,1
slots,1
alignment,1
wealthy,1
help,1
introduces,1
achieved,1
economy,1
inundation,1
uot,1
greatly,1
angkorienne,1
precisely,1
chiefdoms,1
tap,1
slavish,1
regular,1
cereal,1
revise,1
phjd,1
nowhere,1
wetter,1
empty,1
java,1
existence,1
majiabang,1
plain,1
dadao,1
khwae,1
king,1
ikzijinshan,1
slotted,1
categoiy,1
primary,1
rak,1
mass,1
dazzled,1
firm,1
foothold,1
originates,1
representations,1
shroud,1
stepped,1
quantities,1
occupying,1
compelling,1
earfy,1
illustrate,1
chinesev,1
bibliography,1
insight,1
zhuangsu,1
professionals,1
obvious,1
wolters,1
apart,1
combination,1
variations,1
dadunzu,1
x,1
jiangxi,1
cited,1
liberal,1
correlation,1
benshan,1
portent,1
directed,1
sand,1
toi,1
collection,1
harmony,1
behavior,1
diversity,1
signal,1
expertise,1
sangiran,1
dislocation,1
interments,1
taihu,1
ty,1
retaining,1
historical,1
crossing,1
royal,1
plaques,1
chiefs,1
differential,1
harcourt,1
southwestern,1
cemeteiy,1
proceeded,1
copenhagen,1
attest,1
yang,1
contemporaneous,1
understand,1
conversion,1
bronzeand,1
against,1
wind,1
molded,1
divine,1
patchy,1
becoming,1
archaeobgy,1
dia,1
concentrations,1
relations,1
zhuang,1
veneer,1
difficulty,1
zhuhai,1
pig,1
palaeomagnetism,1
assessment,1
modem,1
finery,1
extensively,1
landsat,1
judged,1
fujian,1
turn,1
hold,1
kluay,1
mixed,1
resting,1
individual,1
adopted,1
lin,1
symposium,1
clustering,1
burgeoning,1
stabilized,1
averaging,1
refer,1
ceramica,1
hopefully,1
response,1
determination,1
sakon,1
allowing,1
lineage,1
suitable,1
attests,1
left,1
twice,1
witnessed,1
waterlogged,1
thin,1
networks,1
òomnern,1
unequivocally,1
weight,1
storage,1
leurs,1
occidental,1
corrected,1
details,1
spread,1
swamps,1
traditions,1
regulations,1
maw,1
tran,1
adult,1
lashed,1
generation,1
falaeoenvironments,1
word,1
nomenclature,1
rnanom,1
archaeometallurgy,1
architecture,1
aristocracy,1
higher,1
employ,1
failed,1
seventh,1
steps,1
anticipates,1
bellwood,1
interesting,1
fort,1
wavy,1
hoi,1
pendant,1
progressively,1
tkn,1
imitate,1
embellished,1
specialist,1
michigan,1
act,1
synthesizing,1
links,1
principally,1
december,1
encompassed,1
centered,1
nicobar,1
scrapers,1
vietic,1
watch,1
remain,1
sort,1
roi,1
trunks,1
junction,1
pingle,1
appreciation,1
levels,1
culminating,1
centralization,1
process,1
rome,1
mean,1
pinpoint,1
highara,1
una,1
excavators,1
dp,1
surexploitation,1
legal,1
flexible,1
strands,1
hau,1
grew,1
derived,1
direct,1
haeng,1
huge,1
phlone,1
contributions,1
aquatic,1
witness,1
matched,1
elaborate,1
symbols,1
tree,1
discoveries,1
productive,1
animals,1
von,1
factors,1
extremes,1
absorbed,1
moves,1
nongye,1
perdue,1
fulfill,1
monuments,1
reason,1
modified,1
eighteen,1
arid,1
earrings,1
sleeves,1
tooth,1
tower,1
carpentry,1
halves,1
interspersed,1
facilitated,1
redeposited,1
sickle,1
jomon,1
adopt,1
drill,1
biased,1
females,1
consider,1
escaped,1
spreading,1
specialization,1
grains,1
sociocultural,1
presumably,1
hraf,1
section,1
loess,1
proposed,1
quadrangular,1
weather,1
elevated,1
indo,1
impact,1
dominate,1
shelters,1
house,1
pebble,1
observations,1
met,1
accumulating,1
orientation,1
commonly,1
jars,1
salween,1
resource,1
uncomfortably,1
textile,1
lithic,1
indications,1
xinjie,1
peninsula,1
enamored,1
comprising,1
plates,1
zhejiang,1
spokes,1
pearl,1
buffalo,1
culturesites,1
khoach,1
plenum,1
permanent,1
aristocrats,1
vecole,1
comfortingly,1
mo,1
helped,1
corresponding,1
hilt,1
symbolized,1
warmer,1
boron,1
cut,1
sho,1
stands,1
organic,1
cultivating,1
matching,1
union,1
levant,1
whereas,1
affaires,1
opening,1
paddle,1
ou,1
result,1
hafted,1
based,1
provenanced,1
basalt,1
arrival,1
allow,1
bearing,1
deltas,1
home,1
histories,1
extraordinary,1
faunal,1
search,1
midden,1
sequel,1
parry,1
relating,1
desirable,1
yazhang,1
deferring,1
shuttles,1
shared,1
hawaii,1
pass,1
chisels,1
rightly,1
diet,1
configuration,1
illuminated,1
interpretations,1
glacial,1
collectively,1
big,1
horse,1
academic,1
density,1
accurately,1
applying,1
meter,1
kaoni,1
equally,1
encyclopaedia,1
though,1
polishing,1
focused,1
yinshanling,1
displayed,1
hinterland,1
photography,1
metalworking,1
hutterer,1
northwards,1
meet,1
hammers,1
gilded,1
younger,1
nonmortuary,1
monograph,1
canopied,1
daet,1
centrale,1
approached,1
aridity,1
manh,1
enough,1
method,1
january,1
faleoenvironment,1
sparse,1
technical,1
undercurrent,1
outstanding,1
shape,1
watershed,1
hierarchies,1
heng,1
directly,1
participation,1
crushed,1
marsh,1
minh,1
fu,1
formerly,1
dog,1
shouldered,1
sickles,1
rainy,1
imports,1
preand,1
locus,1
nearest,1
floodplain,1
prominent,1
seal,1
fired,1
heavily,1
tributary,1
bracelet,1
norm,1
disturbances,1
classification,1
confined,1
test,1
lai,1
protohistoriques,1
whole,1
continuation,1
austroasiastic,1
thailandia,1
q,1
consistently,1
ses,1
northwest,1
commanderies,1
issues,1
collective,1
contains,1
streams,1
concentrate,1
bunds,1
cluster,1
rows,1
thereafter,1
device,1
chekiang,1
surrounding,1
anything,1
sustains,1
southerly,1
predominance,1
carapace,1
sun,1
won,1
lurched,1
interpreted,1
skills,1
universally,1
towards,1
archéologie,1
spore,1
regions,1
foci,1
kagoshima,1
shizhaishan,1
ren,1
aa,1
interregional,1
australia,1
successful,1
field,1
below,1
corresponds,1
controversial,1
cham,1
stage,1
xo,1
involve,1
tested,1
holes,1
yae,1
trading,1
liem,1
le,1
cope,1
stresses,1
quite,1
bernet,1
claim,1
futoubu,1
bank,1
tnpod,1
festive,1
muds,1
quy,1
characteristics,1
consensus,1
wider,1
falters,1
swamplands,1
alleviate,1
duexieme,1
anthroquest,1
allard,1
usual,1
jackson,1
impossible,1
jiwei,1
fully,1
descendants,1
weiss,1
progress,1
overlords,1
moist,1
dependent,1
fortress,1
timely,1
ot,1
using,1
ornamented,1
rujie,1
roots,1
steppes,1
newly,1
arcnaeoiogtcai,1
adroitly,1
iingnan,1
deer,1
borneo,1
valuable,1
massive,1
geographical,1
prehistorian,1
corpse,1
survived,1
flourished,1
microwear,1
shijiaocun,1
chiù,1
led,1
ana,1
furnished,1
habitats,1
minor,1
appreciating,1
mankong,1
carried,1
stranded,1
kenn,1
economic,1
leong,1
ans,1
royaume,1
gradual,1
synthesis,1
concentrated,1
limited,1
binchuan,1
intended,1
corporation,1
classic,1
brief,1
millennia,1
planks,1
constraints,1
gift,1
positioned,1
converted,1
slag,1
formative,1
tsau,1
fossil,1
embayment,1
underlay,1
jendaram,1
expanded,1
adze,1
standing,1
linguistically,1
movement,1
undefined,1
neat,1
strategic,1
ware,1
innovation,1
direction,1
lutai,1
vicinity,1
illuminating,1
corpus,1
prosai,1
once,1
ubiquity,1
thrusting,1
forager,1
elaboration,1
reference,1
unevenly,1
hoabmhian,1
york,1
coincidental,1
thought,1
alongside,1
repair,1
mobile,1
fifth,1
restricted,1
formally,1
òoutneast,1
timescale,1
temperate,1
mundaic,1
specimens,1
puzzle,1
swamp,1
falls,1
enigmatic,1
supplied,1
jug,1
arcs,1
ky,1
lm,1
inferences,1
outlined,1
prasat,1
literally,1
fieldwork,1
si,1
zhongshan,1
intense,1
jaw,1
inailand,1
lengthy,1
patterning,1
zengpiyan,1
reliance,1
mention,1
speaking,1
exploit,1
avoided,1
skeletons,1
double,1
britannica,1
evaluating,1
ho,1
ministère,1
auat,1
buildup,1
inundated,1
superfamily,1
mark,1
jadeite,1
environmentally,1
academy,1
europe,1
copy,1
motifs,1
growth,1
tiny,1
seizure,1
spear,1
missing,1
nang,1
lacked,1
wangping,1
crops,1
incorporates,1
chestnuts,1
fact,1
joints,1
consideration,1
rainwater,1
remarks,1
deterioration,1
pointer,1
head,1
scholars,1
garendon,1
recurrent,1
relates,1
importation,1
woria,1
wine,1
disturbed,1
teeth,1
tsuen,1
isolate,1
surfaces,1
tonle,1
personality,1
aug,1
debated,1
variation,1
arsenic,1
golden,1
succeeding,1
prills,1
civilisations,1
zealand,1
chicken,1
eatia,1
segmentary,1
behind,1
fits,1
heart,1
paris,1
percolates,1
road,1
sadly,1
etrangères,1
weis,1
armaments,1
archaeobotanical,1
accepted,1
receives,1
armed,1
macropaedia,1
chinh,1
relevant,1
less,1
see,1
coincident,1
beijiang,1
volatile,1
hu,1
uneasily,1
couple,1
woman,1
weaken,1
recognizes,1
unh,1
investigative,1
controversy,1
shovels,1
threats,1
gives,1
wood,1
northerly,1
touch,1
asiatique,1
outlines,1
boat,1
wrapped,1
archaeometallurgical,1
querns,1
nakhon,1
another,1
backbone,1
microscopic,1
meaningful,1
ingress,1
investment,1
divided,1
dissimilar,1
crossbows,1
dien,1
recentes,1
apogee,1
comprise,1
inbuilt,1
values,1
coffin,1
minations,1
perspecives,1
manufactured,1
strongly,1
fishbone,1
henan,1
sap,1
shandong,1
skeletal,1
findings,1
earring,1
tx,1
combining,1
muhly,1
hypotheses,1
sheung,1
persisted,1
operated,1
residues,1
harvard,1
net,1
radiates,1
rare,1
resolved,1
chiawanwongsa,1
wenjie,1
sidgewick,1
supplement,1
khe,1
ln,1
sees,1
ob,1
unsuited,1
xhl,1
theoretical,1
shelter,1
underwent,1
wheel,1
open,1
significance,1
princess,1
jigsaw,1
superbly,1
murowchick,1
smrpc,1
publication,1
express,1
lien,1
mortuaiy,1
peter,1
hthic,1
aberrant,1
workers,1
tsui,1
counter,1
arc,1
gate,1
jbany,1
floodplains,1
divisions,1
innermost,1
belongs,1
mount,1
reconstructed,1
ngo,1
dongting,1
collected,1
linking,1
stages,1
harpoon,1
lie,1
easter,1
arteries,1
filled,1
mammals,1
probable,1
running,1
peinan,1
losing,1
anthropologist,1
reticulate,1
municipal,1
men,1
inscribed,1
favored,1
especially,1
probe,1
comparing,1
written,1
article,1
houshan,1
parallel,1
methods,1
aegean,1
giant,1
craft,1
jtuioa,1
stand,1
lei,1
boran,1
australasia,1
examine,1
anderson,1
proceeding,1
armor,1
corners,1
enemies,1
fulfilled,1
oak,1
xuet,1
silapakon,1
slightly,1
minn,1
southwest,1
accord,1
institution,1
natapintu,1
tendency,1
adaptive,1
tenuous,1
anatolia,1
relics,1
paleoanthropology,1
attended,1
motif,1
bang,1
sbek,1
rarity,1
smaller,1
socket,1
honolulu,1
inauana,1
lacquer,1
tangxiahuan,1
relationship,1
malaysian,1
indoeuropean,1
modification,1
me,1
undoubted,1
shoocondej,1
tentative,1
liang,1
mixture,1
recall,1
movements,1
sometimes,1
stream,1
usually,1
hill,1
support,1
laos,1
begin,1
exacerbated,1
kjiok,1
order,1
insufficient,1
dongtmg,1
gordian,1
slow,1
urnfield,1
directions,1
cranium,1
deposit,1
munda,1
yale,1
rim,1
began,1
pakong,1
hilir,1
recalled,1
grinding,1
unpredictability,1
remaining,1
rapidly,1
backwater,1
try,1
length,1
figurine,1
traveled,1
spanning,1
lamyae,1
why,1
introductory,1
hum,1
fe,1
gorman,1
fall,1
chamber,1
populace,1
antiquities,1
subdivided,1
dais,1
types,1
fields,1
kingdoms,1
mortice,1
months,1
itself,1
spaafa,1
widest,1
thick,1
regularly,1
middens,1
echoes,1
rite,1
freshwater,1
anthropological,1
anvil,1
sinicisation,1
stratigraphic,1
shadow,1
reliant,1
dao,1
wushui,1
underpinned,1
dvaravati,1
conclusion,1
lancang,1
paléolithique,1
changing,1
université,1
mercantile,1
thaïlande,1
adjoining,1
wear,1
economically,1
unbroken,1
substrate,1
summit,1
scrutiny,1
recognizable,1
cultivators,1
fluctuating,1
favors,1
regime,1
perforated,1
glimpse,1
dun,1
cité,1
organizational,1
pteriaopnyte,1
shui,1
wanning,1
milieu,1
know,1
excess,1
dimension,1
flow,1
geocarto,1
hilts,1
spearhead,1
control,1
rainfall,1
proponents,1
rrovmces,1
northward,1
malagasy,1
accustomed,1
variable,1
capital,1
did,1
mekfig,1
straightforward,1
aloft,1
guanghan,1
palanquins,1
expense,1
reaping,1
vicious,1
università,1
followers,1
foundation,1
abbreviations,1
skirmish,1
ngoi,1
predictability,1
enemy,1
yue,1
rely,1
modifithe,1
aerial,1
cq,1
comb,1
examining,1
tracts,1
eponymous,1
schofield,1
utilized,1
thompson,1
découvertes,1
rural,1
passage,1
embroidered,1
nord,1
type,1
better,1
turned,1
hian,1
tubular,1
jiejun,1
boundaries,1
antimony,1
unlikely,1
pooled,1
heads,1
guangren,1
squares,1
combined,1
sau,1
adults,1
nee,1
references,1
plants,1
supports,1
character,1
superpositions,1
males,1
garment,1
add,1
feb,1
nascent,1
contrasting,1
kwae,1
tightly,1
leaving,1
hinh,1
inscriptions,1
chau,1
exposures,1
her,1
daggers,1
saddle,1
ong,1
weights,1
pursued,1
project,1
secure,1
hypothesize,1
barely,1
imperial,1
sixth,1
hundreds,1
infant,1
spafa,1
yanshi,1
finished,1
casters,1
knot,1
rises,1
bodies,1
jingjin,1
imparted,1
careful,1
recognition,1
dams,1
pits,1
refinement,1
decisive,1
contemporaneity,1
introduced,1
marble,1
pre,1
carvings,1
confirm,1
november,1
cations,1
giving,1
turns,1
techniques,1
plans,1
song,1
histoiy,1
sanxingdm,1
territory,1
vertically,1
exceeded,1
matches,1
entry,1
daic,1
archéologiques,1
lesson,1
clothing,1
ranks,1
colonial,1
nanning,1
phenomenon,1
allows,1
ensuing,1
gain,1
detailed,1
aspect,1
oceanic,1
wire,1
terminal,1
contrasts,1
vmh,1
layers,1
spring,1
breaks,1
sediments,1
maxihar,1
crucible,1
philippines,1
neighbouring,1
lands,1
finding,1
penodization,1
morphological,1
obliterated,1
imperative,1
mode,1
burnt,1
origines,1
ecosystem,1
sacrifices,1
documentation,1
contributed,1
joined,1
approximately,1
fauna,1
grown,1
pleasing,1
salt,1
uan,1
integrated,1
land,1
naturalist,1
need,1
absorbs,1
pagodas,1
clearest,1
sacrificial,1
bear,1
yong,1
autumn,1
glass,1
cao,1
already,1
effects,1
settling,1
apes,1
discounted,1
programme,1
tributaries,1
promptly,1
préhistoriques,1
bigger,1
increased,1
foraging,1
archaic,1
enclosed,1
mosaic,1
anonymous,1
flooding,1
evulsion,1
supported,1
guanga,1
passages,1
penetrated,1
ninth,1
kadai,1
plethora,1
fossilized,1
elites,1
sherds,1
chicago,1
create,1
chung,1
nan,1
views,1
ching,1
substantial,1
northwestern,1
develop,1
nephrite,1
gulf,1
images,1
lu,1
digest,1
cross,1
building,1
broader,1
tract,1
southeastern,1
reflections,1
ca,1
molluscan,1
xuexi,1
fortuitous,1
quantity,1
retrospect,1
gold,1
