WORDCOUNTS,WEIGHT
the,1101
and,972
of,844
in,554
de,368
a,285
to,279
mexico,221
that,201
formative,175
at,174
pp,159
p,129
j,128
m,125
la,124
on,117
e,112
for,108
with,104
from,103
central,102
nacional,94
as,93
en,92
el,91
al,82
d,79
y,77
have,76
basin,74
r,71
del,71
s,69
et,69
this,68
were,68
instituto,65
antropología,65
was,63
an,62
no,61
is,59
early,59
by,56
city,56
g,55
or,54
during,53
has,53
university,52
middle,52
springer,52
archaeol,51
period,51
res,51
c,51
late,50
social,50
not,50
are,50
las,49
but,48
more,47
it,46
new,43
mesoamerica,42
highlands,42
l,42
they,41
its,41
cuicuilco,40
с,40
been,39
uruñuela,38
one,37
archaeological,37
between,37
be,37
puebla,36
other,36
archaeology,36
these,36
we,36
terminal,36
ancient,35
sites,35
american,34
both,32
first,31
olmec,31
tlaxcala,31
which,31
domestic,31
ritual,30
mesoamerican,30
research,30
although,30
obsidian,29
valley,29
formativo,28
their,28
like,28
evidence,28
tetimpa,27
production,26
teotihuacan,26
morelos,26
part,25
southern,25
plunket,25
fig,24
k,24
architecture,24
also,24
chalcatzingo,24
un,24
some,23
los,23
two,23
into,22
preclásico,22
vol,22
unpublished,22
journal,22
stone,22
tlatilco,22
excavations,21
than,21
most,21
universidad,21
colección,21
científica,21
mexicana,20
serra,20
arqueologia,20
our,20
recent,20
important,19
west,19
вс,19
arqueología,19
regional,19
t,19
san,19
major,19
may,18
b,18
house,18
public,18
texas,18
grove,17
political,17
â,17
found,17
cultural,17
ceramics,17
data,17
pottery,17
time,17
una,17
escuela,17
construction,17
tlapacoya,17
might,16
there,16
cuenca,16
méxico,16
site,16
settlement,16
culture,16
exchange,16
can,16
analysis,16
centro,16
studies,15
licenciatura,15
platforms,15
cambridge,15
how,15
work,15
buildings,15
в,15
only,15
areas,15
perhaps,15
platform,15
antiquity,15
associated,15
art,15
garcía,14
highland,14
cholula,14
state,14
ad,14
thus,14
development,14
century,14
circular,14
w,14
used,14
department,14
xochitécatl,14
small,14
sitio,14
preclassic,14
estado,14
antropologia,14
homenaje,14
use,14
garcia,14
them,14
volcanic,14
while,14
carved,13
investigaciones,13
identify,13
materials,13
within,13
dumbarton,13
lópez,13
hirth,13
many,13
ceramic,13
evolution,13
patterns,13
craft,13
v,13
village,12
east,12
particularly,12
his,12
population,12
latin,12
tombs,12
society,12
classic,12
about,12
salvamento,12
where,12
elite,12
three,12
architectural,12
so,12
over,12
each,12
interaction,12
autónoma,12
cook,12
gulf,12
much,12
f,11
cultura,11
ô,11
eastern,11
household,11
along,11
since,11
monumental,11
emergence,11
centers,11
residential,11
coast,11
identified,11
still,11
yet,11
us,11
others,11
significant,11
anthropological,11
did,11
volcano,11
what,11
altiplano,11
center,10
large,10
anthropology,10
western,10
tradition,10
darras,10
side,10
houses,10
h,10
appear,10
arqueológico,10
burial,10
populations,10
perspectives,10
including,10
ö,10
national,10
trade,10
probably,10
faugère,10
earliest,10
laguna,10
suggests,10
through,10
transition,10
carballo,10
area,10
popocatépetl,10
remains,10
pérez,9
i,9
chupicuaro,9
york,9
initial,9
published,9
he,9
practices,9
historia,9
eruption,9
end,9
would,9
systems,9
changes,9
shrine,9
report,9
agricultural,9
durante,9
focus,9
zazacatla,8
américas,8
if,8
later,8
settlements,8
complex,8
contexts,8
human,8
all,8
nature,8
those,8
prehispanic,8
such,8
main,8
similar,8
monuments,8
consider,8
beyond,8
history,8
had,8
societies,8
erosion,8
medio,8
aldea,8
pyramid,8
blade,8
structures,8
occidente,8
few,8
villages,8
world,8
south,8
ceremonial,8
economic,8
para,8
addition,8
joyce,8
farming,8
figurines,8
do,8
local,8
region,8
submitted,8
high,8
structure,8
provide,8
science,8
order,8
began,8
complexity,8
set,8
natural,8
different,8
sierra,8
economy,8
lesure,8
vessels,8
piña,8
shift,8
occur,8
groups,7
imported,7
residences,7
before,7
archaeologists,7
neolithic,7
implications,7
primary,7
variations,7
análisis,7
blades,7
sanders,7
explore,7
arqueológicas,7
entre,7
study,7
consejo,7
just,7
out,7
estudios,7
occupation,7
barba,7
placed,7
place,7
documented,7
around,7
chan,7
led,7
communities,7
chronology,7
orange,7
subdirección,7
power,7
residence,7
demographic,7
scholars,7
variation,7
present,7
existing,7
style,7
another,7
understanding,7
lake,7
clear,7
accessed,7
pluckhahn,7
totimehuacan,7
sociopolitical,7
transformations,7
she,7
ecological,7
periodo,7
sociedad,7
publications,7
any,7
control,7
cultures,7
expanding,7
half,7
making,7
reported,7
years,7
numerous,7
little,7
southeastern,7
resources,7
built,7
common,6
valle,6
suggested,6
mexican,6
inequality,6
source,6
either,6
proyecto,6
analyses,6
growing,6
effigy,6
key,6
escarpment,6
activity,6
sobre,6
phase,6
terraces,6
thin,6
storage,6
geological,6
even,6
pattern,6
without,6
rather,6
growth,6
pétrographie,6
cuauhtinchan,6
n,6
four,6
surface,6
greater,6
salvage,6
base,6
handbook,6
institute,6
expressions,6
guerrero,6
niederberger,6
advancement,6
reflect,6
regions,6
excavated,6
suggest,6
long,6
arquitectura,6
presence,6
mesa,6
located,6
toward,6
above,6
under,6
seems,6
management,6
cerámica,6
funerary,6
nevada,6
projects,6
own,6
made,6
mortuary,6
rescue,6
points,6
least,6
northern,6
understand,6
ash,6
variable,6
senior,6
michoacán,6
preclásica,6
guanajuato,6
abandonment,6
international,6
foundation,6
number,6
phd,6
investigation,6
distribution,6
urban,6
became,6
formation,6
smaller,6
abandoned,6
among,6
should,6
does,5
o,5
represent,5
environmental,5
resulted,5
colegio,5
group,5
second,5
approaches,5
modern,5
controlled,5
edificio,5
chapulines,5
dirección,5
individuals,5
differences,5
link,5
room,5
last,5
sacred,5
surveys,5
america,5
agriculture,5
x,5
piedmont,5
old,5
networks,5
stela,5
developed,5
represented,5
supplement,5
loma,5
produced,5
additional,5
painted,5
focused,5
required,5
well,5
future,5
example,5
knowledge,5
cuadernos,5
status,5
change,5
field,5
emerging,5
family,5
several,5
soil,5
highly,5
annual,5
rescate,5
activities,5
periods,5
chronological,5
will,5
tlalancaleca,5
mexicanos,5
museum,5
god,5
included,5
complete,5
increasingly,5
stones,5
academy,5
water,5
shows,5
lack,5
consideration,5
larger,5
acámbaro,5
see,5
material,5
argues,5
holocene,5
toluca,5
radiocarbon,5
ties,5
individual,5
lorenzo,5
latter,5
elaborate,5
become,5
relation,5
increasing,5
chimney,5
often,5
mounds,5
practice,5
series,5
colotzingo,5
basins,5
current,5
past,5
proceedings,5
size,5
models,5
create,5
sciences,5
balsas,4
difficult,4
implies,4
miguel,4
becoming,4
offerings,4
maize,4
cotsen,4
experience,4
lower,4
proposito,4
sources,4
location,4
astronomical,4
pueblatlaxcala,4
could,4
great,4
farmers,4
origin,4
к,4
chiefdoms,4
papers,4
similarities,4
less,4
system,4
figs,4
fl,4
identifies,4
september,4
review,4
due,4
clay,4
sample,4
norte,4
unidades,4
elements,4
destroyed,4
david,4
divide,4
blomster,4
wares,4
lineage,4
dates,4
witnessed,4
traditions,4
influence,4
paste,4
gillespie,4
reflects,4
played,4
población,4
landscape,4
after,4
offering,4
temprano,4
river,4
record,4
orientation,4
recovered,4
generally,4
faced,4
view,4
dc,4
based,4
access,4
austin,4
events,4
lava,4
though,4
buried,4
maestro,4
monograph,4
xitle,4
apparent,4
artifacts,4
employed,4
craftsmen,4
working,4
tschohl,4
mineral,4
disaster,4
when,4
rodríguez,4
und,4
bocas,4
value,4
materiales,4
exception,4
community,4
teopantecuanitlán,4
expanded,4
indicates,4
religious,4
cylindrical,4
same,4
rectangular,4
floor,4
already,4
bar,4
rise,4
mound,4
subregions,4
gobierno,4
provenience,4
towards,4
fact,4
secondary,4
ideology,4
pennsylvania,4
procurement,4
enough,4
fire,4
redonda,4
establish,4
avances,4
degree,4
previously,4
macroregional,4
virtually,4
sequence,4
dating,4
low,4
general,4
caso,4
mountain,4
short,4
behind,4
attention,4
temamatla,4
independent,4
usually,4
foreign,4
bulletin,4
indicate,4
table,4
itself,4
considered,4
environment,4
monument,4
crystal,4
must,4
specific,4
endangered,4
dedicatory,4
gran,4
volcanology,4
argue,4
goods,4
cultivation,4
better,4
beginning,4
terms,4
polities,4
cuexcomate,4
theory,4
prismatic,4
serie,4
explored,4
researchers,4
role,4
malinche,4
land,4
canons,4
tolstoy,4
pirámide,4
dos,4
now,3
helped,3
stylistic,3
shrines,3
debris,3
patio,3
disappeared,3
lazcano,3
crafting,3
hasta,3
volcanoes,3
considerations,3
necessarily,3
tomb,3
test,3
being,3
reconstructions,3
siebe,3
monumentos,3
chupícuaro,3
display,3
able,3
concludes,3
styles,3
help,3
cerro,3
cyphers,3
raised,3
luis,3
context,3
kingdoms,3
con,3
dr,3
geophysical,3
prior,3
marked,3
burning,3
flank,3
measuring,3
point,3
far,3
establishment,3
zone,3
nickel,3
lara,3
oaxaca,3
historical,3
throughout,3
alignments,3
severe,3
neighbors,3
interest,3
relatively,3
relations,3
entire,3
channeled,3
refer,3
ceramica,3
truly,3
pasado,3
terrace,3
spite,3
staircase,3
salt,3
walls,3
phases,3
wiesbaden,3
romano,3
competition,3
whose,3
zacatenco,3
angeles,3
levels,3
paillés,3
risk,3
importance,3
certain,3
parts,3
gallery,3
burials,3
von,3
space,3
front,3
prehistory,3
possibly,3
organization,3
established,3
specialization,3
bennyhoff,3
section,3
impact,3
northeastern,3
ideologia,3
indications,3
о,3
stoltman,3
export,3
hot,3
franz,3
iconography,3
irrigation,3
result,3
prehistoric,3
came,3
route,3
moon,3
color,3
emerge,3
academic,3
cuexcomates,3
traits,3
desde,3
applied,3
quatrefoil,3
wealth,3
explain,3
instrumental,3
near,3
because,3
aspects,3
flannery,3
revealed,3
geothermal,3
suggestion,3
catalogo,3
related,3
gender,3
geology,3
ticomán,3
desarrollo,3
whole,3
politica,3
special,3
concentrate,3
perishable,3
gonzález,3
rulership,3
earth,3
interregional,3
caused,3
merino,3
stage,3
reliable,3
investigación,3
quite,3
culturales,3
mesoame,3
dramatic,3
core,3
visible,3
results,3
notes,3
provided,3
seiferlevalencia,3
perspectivas,3
press,3
horizons,3
likely,3
minor,3
various,3
taken,3
imagery,3
limited,3
dwellings,3
make,3
corpus,3
once,3
imply,3
pacific,3
permanent,3
opportunities,3
technology,3
pigments,3
lowland,3
planned,3
façades,3
insights,3
useful,3
mark,3
pointed,3
motifs,3
outside,3
hollow,3
occupations,3
presente,3
nuclear,3
antiguo,3
unclear,3
coloquio,3
pacheco,3
native,3
valleys,3
original,3
demonstrated,3
altar,3
assemblages,3
angulo,3
enhanced,3
años,3
mesoamericana,3
findings,3
assume,3
open,3
decorated,3
faces,3
amounts,3
times,3
responses,3
households,3
especially,3
article,3
workshop,3
figures,3
connections,3
tardío,3
overlapping,3
layouts,3
continued,3
sometimes,3
pieces,3
means,3
collections,3
progressively,3
overlap,3
life,3
lineages,3
centuries,3
inaa,3
borejsza,3
distributional,3
detail,3
then,3
following,3
mentioned,3
león,3
peoples,3
mundo,3
complexes,3
extensive,3
geographic,3
slope,3
temporal,3
sherds,3
vessel,3
heine,3
xochitecatl,3
colonization,3
paper,3
specialized,3
generalized,3
distinctive,3
greenstone,3
iv,3
whether,3
selected,3
form,3
degradation,3
nearby,3
sus,3
map,3
axis,3
information,3
almost,3
porter,3
upper,3
miniature,3
presented,3
preserved,3
furniture,3
pits,3
conclude,3
slopes,3
df,3
estudio,3
variability,3
coapexco,3
techniques,3
situated,3
families,3
northeast,3
arturo,3
initiated,3
frame,3
here,3
need,3
colleagues,3
association,3
mounting,3
territories,3
valuable,3
km,3
themselves,3
debate,3
archeological,3
strong,3
north,3
zones,3
meeting,3
pina,3
increase,3
final,2
gis,2
given,2
estudos,2
transportation,2
mostly,2
oriented,2
limits,2
indicated,2
tres,2
corporate,2
fase,2
created,2
separated,2
extend,2
measures,2
mountains,2
introduction,2
utility,2
agua,2
partially,2
cerámicos,2
traded,2
conserved,2
tend,2
designed,2
catastrophe,2
formed,2
units,2
sets,2
actividad,2
marcus,2
park,2
monolithic,2
spirit,2
tied,2
trace,2
pantheon,2
excavation,2
presents,2
precursors,2
according,2
themes,2
transverse,2
andesitic,2
consistent,2
transitions,2
specifically,2
creation,2
ways,2
serpent,2
address,2
season,2
attempt,2
advantage,2
together,2
cummings,2
simple,2
maguey,2
mcbride,2
uncovered,2
tx,2
survey,2
reproduction,2
copious,2
integrate,2
wall,2
testimonios,2
date,2
mexicon,2
signs,2
case,2
occasional,2
generosity,2
markers,2
sunken,2
autonomous,2
albeit,2
capacity,2
incorporate,2
discuss,2
determined,2
secuencia,2
characterize,2
october,2
castanzo,2
except,2
reflecting,2
processes,2
indicating,2
quantity,2
dynamic,2
economies,2
patrimony,2
informes,2
steiner,2
behavior,2
vaillant,2
surplus,2
framework,2
exposed,2
ranked,2
arqueológica,2
dinâmicas,2
gualupita,2
includes,2
per,2
hazards,2
consecrate,2
southwestern,2
doctor,2
quality,2
objective,2
grupo,2
habitacionales,2
hierarchy,2
jade,2
riego,2
millennium,2
ability,2
basal,2
capped,2
santa,2
shaft,2
occurs,2
interprets,2
rank,2
cases,2
drainage,2
distinct,2
items,2
envisioned,2
pablo,2
amount,2
body,2
ha,2
columbia,2
served,2
characterized,2
stratigraphie,2
americanos,2
castro,2
piedra,2
understood,2
competitive,2
formats,2
implementation,2
grasp,2
industries,2
higher,2
civilization,2
dinámicas,2
société,2
identification,2
segunda,2
housing,2
basic,2
subsistence,2
heizer,2
florance,2
accumulate,2
derived,2
kilns,2
white,2
discoveries,2
consequences,2
support,2
ocupación,2
plus,2
objects,2
statistical,2
granular,2
antropológicos,2
itinerant,2
centering,2
ms,2
segmental,2
linked,2
elsewhere,2
informe,2
restricted,2
solid,2
age,2
show,2
origins,2
albuquerque,2
stark,2
requires,2
lerma,2
utah,2
atlixco,2
shifted,2
bartolo,2
providing,2
whereas,2
resultados,2
expressed,2
advance,2
thousands,2
corridors,2
bearing,2
commoner,2
search,2
iconographically,2
ricanas,2
seven,2
contextualize,2
staircases,2
configuration,2
apogeo,2
lítica,2
beatriz,2
notas,2
further,2
neighboring,2
pointing,2
elemental,2
hinterland,2
embellished,2
reviews,2
appears,2
domestication,2
cannot,2
scale,2
dwelling,2
facilities,2
wide,2
superior,2
photo,2
coapan,2
huge,2
memory,2
technical,2
nichols,2
directly,2
participation,2
bound,2
basis,2
distinguish,2
prácticas,2
received,2
sculpture,2
imports,2
partir,2
framed,2
protected,2
extending,2
prominent,2
su,2
competing,2
torremote,2
literature,2
consistently,2
older,2
discussions,2
amomoloc,2
pyramiden,2
demonstrates,2
climatic,2
records,2
people,2
actually,2
oaks,2
tecnología,2
internacional,2
rituals,2
funerarias,2
oyameles,2
away,2
fieldwork,2
project,2
horizon,2
hillside,2
trends,2
approach,2
relentless,2
formas,2
creating,2
construct,2
ricana,2
köln,2
level,2
below,2
indicators,2
trading,2
presencia,2
gamio,2
mediterranean,2
discourse,2
event,2
involved,2
reflexiones,2
shapes,2
gorenflo,2
paisaje,2
niches,2
decline,2
methodological,2
problems,2
stratigraphy,2
method,2
provenance,2
undergoing,2
antologia,2
preliminary,2
finds,2
organización,2
rest,2
massive,2
avoid,2
stucco,2
orientaciones,2
müller,2
myth,2
popocatepetl,2
vanderbilt,2
arqueológicos,2
indeed,2
discurso,2
expansion,2
subject,2
female,2
interactions,2
ware,2
contextos,2
structural,2
southeast,2
alemana,2
interpretation,2
marginal,2
happened,2
thought,2
manzanilla,2
signaling,2
tn,2
shifting,2
accelerated,2
patterning,2
dramatically,2
layout,2
meets,2
izapan,2
fill,2
catalog,2
routes,2
tlaxcalan,2
museums,2
decoration,2
again,2
juan,2
flat,2
lime,2
datos,2
fundamental,2
saa,2
essence,2
grave,2
really,2
personal,2
gray,2
proposal,2
memorias,2
considerable,2
discussed,2
fragments,2
ages,2
took,2
conserving,2
ground,2
domésticas,2
posit,2
model,2
almacenamiento,2
polychrome,2
compounds,2
developing,2
heavily,2
answer,2
strategies,2
gámez,2
exotic,2
assemblage,2
paso,2
encountered,2
maya,2
venta,2
technologies,2
exploring,2
extended,2
elevations,2
discussion,2
rulers,2
multiscalar,2
examples,2
considering,2
treated,2
range,2
rituales,2
trajectory,2
enormous,2
feeding,2
samples,2
identity,2
concern,2
triadic,2
expression,2
excavaciones,2
ideas,2
fundación,2
questions,2
precolumbian,2
sees,2
doctora,2
shortly,2
overturned,2
described,2
versions,2
explorations,2
landscapes,2
stelae,2
meanings,2
lacustrine,2
directed,2
urbanism,2
feature,2
materializations,2
sidereal,2
técnico,2
held,2
allowed,2
vida,2
features,2
segment,2
subfloor,2
artificial,2
favored,2
internal,2
suárez,2
interpretations,2
topics,2
categorize,2
adjacent,2
nuevos,2
destruction,2
ago,2
investigations,2
corridor,2
covered,2
ranging,2
note,2
tomo,2
segments,2
figure,2
crucial,2
linda,2
interpretación,2
impressive,2
cinnabar,2
testing,2
neovolcanic,2
trabajos,2
who,2
covering,2
espacial,2
linking,2
tetel,2
why,2
tableros,2
chamber,2
mother,2
types,2
ensayos,2
examine,2
articles,2
conservation,2
thick,2
evidencia,2
share,2
descripción,2
intensification,2
artefactos,2
demonstrate,2
área,2
passage,2
physical,2
des,2
temple,2
funding,2
sourcing,2
viewed,2
coincides,2
mesoamérica,2
masonry,2
región,2
novel,2
sugiyama,2
exploration,2
mirador,2
best,2
unknown,2
down,2
primeras,2
exhibits,2
very,2
sought,2
burying,2
rural,2
hamlets,2
type,2
merely,2
segmented,2
alfarera,2
none,2
edifìcio,2
cause,2
particular,2
covers,2
propósito,2
extent,2
preliminares,2
her,2
observations,2
revista,2
cluster,2
conference,2
socioeconomic,2
culturas,2
incorporating,2
multiple,2
ancestral,2
sharer,2
november,2
die,2
intended,2
perspective,2
territory,2
manufacturing,2
antigua,2
divided,2
qualitative,2
phenomenon,2
using,2
evidenced,2
finales,2
representation,2
contrasts,2
campa,2
question,2
tlaloc,2
until,2
sistemas,2
ignored,2
lands,2
etnohistdrico,2
chemical,2
stratification,2
burnt,2
actividades,2
parallels,2
sociedades,2
include,2
integrated,2
químicos,2
states,2
integration,2
spranz,2
seeks,2
tlacolol,2
asymmetrical,2
archaic,2
estratigrafía,2
reconstrucción,2
needs,2
supported,2
distinctions,2
elites,2
consisted,2
pedro,2
deposits,2
texcoco,2
sharing,2
pool,2
substantial,2
develop,2
images,2
comparable,2
building,2
primera,2
climax,2
meraz,1
nicholas,1
inflationary,1
cultigens,1
productividad,1
excepción,1
modelling,1
lopez,1
settlers,1
juego,1
syntheses,1
appropriation,1
done,1
countryside,1
situate,1
chalcatizingo,1
flow,1
hallmarks,1
prefer,1
calibrated,1
sterile,1
way,1
fertile,1
meaning,1
asentamiento,1
santley,1
exhibición,1
geopolitics,1
arqueometría,1
commitment,1
degraded,1
market,1
affected,1
reconsidered,1
cuarenta,1
college,1
onsite,1
intriguing,1
foraging,1
red,1
magnetic,1
osteoarticulares,1
ofthat,1
empirical,1
combine,1
eliminated,1
ultimate,1
flexed,1
constitution,1
estructuras,1
manuscript,1
autònoma,1
crossing,1
ambiente,1
legitimization,1
start,1
accelerant,1
stripped,1
needed,1
conducted,1
boca,1
speculated,1
viejo,1
retrospectiva,1
kinds,1
agency,1
ample,1
huehueteotl,1
comparada,1
ethnogenesis,1
columns,1
disrupt,1
ma,1
authority,1
albán,1
varrubias,1
comunidades,1
true,1
arqueo,1
xilomantla,1
globular,1
bifacial,1
monogenetic,1
tallada,1
misconstruction,1
boulder,1
install,1
spurring,1
clandestine,1
biocultural,1
protection,1
relative,1
comparisons,1
cycles,1
inventory,1
trabajo,1
discardedwithin,1
unlike,1
cited,1
encourage,1
occurred,1
total,1
tulancingo,1
conflagrations,1
exceptions,1
accomplishments,1
и,1
archetypal,1
lowlands,1
thematic,1
jahrbuch,1
nuevas,1
descriptions,1
sequential,1
du,1
oaxacan,1
limestone,1
invalidated,1
women,1
negative,1
colonized,1
diffusion,1
horizontal,1
round,1
gears,1
passion,1
upland,1
explaining,1
marco,1
inc,1
lateral,1
surmounted,1
exist,1
coleccion,1
certainly,1
connection,1
prospecting,1
antiguas,1
treading,1
originally,1
cinco,1
chaos,1
class,1
exhibited,1
military,1
culturally,1
planting,1
expanse,1
lapidary,1
lakes,1
arrival,1
terrain,1
gourds,1
lomas,1
worked,1
emerged,1
advanced,1
marín,1
supplied,1
eruptive,1
definition,1
nebot,1
aspect,1
resemblance,1
fresco,1
oval,1
available,1
humana,1
explores,1
guillén,1
economizing,1
daub,1
belong,1
suggesting,1
nuevo,1
confusion,1
ahuehuete,1
thank,1
minería,1
timing,1
accumulated,1
abascal,1
rich,1
torres,1
producing,1
inferencias,1
rule,1
studied,1
farther,1
reveal,1
cultivos,1
religion,1
intercambio,1
palavacini,1
intermarrying,1
take,1
у,1
subsequent,1
das,1
mujeres,1
fresh,1
gabriela,1
astronómicas,1
cronológica,1
vegetation,1
nm,1
soame,1
lechuga,1
zu,1
alert,1
emphasized,1
remainder,1
principal,1
opposite,1
badillo,1
historv,1
buenaventura,1
epic,1
études,1
return,1
benson,1
lugar,1
fulfilling,1
contents,1
explosive,1
centerlines,1
surpasses,1
akin,1
erosional,1
documenting,1
issue,1
chichinautzin,1
takes,1
blanco,1
milwaukee,1
catastrophes,1
accords,1
westview,1
linear,1
recorded,1
fernando,1
reassessed,1
gaps,1
tie,1
bird,1
motion,1
celts,1
bases,1
interdependence,1
fakes,1
ventures,1
lecciones,1
immediate,1
apple,1
maisons,1
reanalysis,1
pye,1
design,1
account,1
ornamentation,1
placement,1
replacement,1
possible,1
lám,1
prospección,1
pumice,1
sheathed,1
illustrate,1
vestigios,1
hoff,1
standardization,1
fragmentos,1
alter,1
bibliography,1
agrícolas,1
move,1
richard,1
escenarios,1
figurillas,1
crowned,1
sánchez,1
obliges,1
gráfica,1
taking,1
combination,1
esculturas,1
conceptual,1
disparities,1
temporada,1
memoriam,1
uncertain,1
genetic,1
apply,1
interior,1
representing,1
wirtshcaft,1
trio,1
totally,1
incense,1
mat,1
futuro,1
withhold,1
polychromed,1
pelota,1
domésticos,1
prehispdnico,1
masks,1
granaries,1
unslipped,1
reassessments,1
altitudes,1
localized,1
pillar,1
fund,1
factional,1
unprotected,1
moll,1
tribute,1
multilevel,1
currency,1
regarding,1
interments,1
neutron,1
frequencies,1
associations,1
err,1
chapters,1
químico,1
identities,1
affiliation,1
issues,1
crítica,1
surely,1
relationships,1
misfortune,1
unconformities,1
erection,1
reclaim,1
explained,1
religión,1
paleolandforms,1
agreement,1
dynamics,1
depressions,1
against,1
intensifying,1
nealtican,1
medina,1
hochbeckens,1
dei,1
philosophical,1
hace,1
mastered,1
bridging,1
ut,1
logic,1
guevara,1
mixed,1
cortés,1
nativitas,1
después,1
afford,1
highlighting,1
difficulty,1
grouped,1
tucson,1
expansionistic,1
encyclopedia,1
periodi,1
nurtured,1
waterworks,1
assessment,1
preparation,1
extensively,1
expected,1
sages,1
industrial,1
z,1
kind,1
slabs,1
progressive,1
estimates,1
entierro,1
xochiltenango,1
importancia,1
bernal,1
acta,1
stored,1
karte,1
irregularities,1
archaeoastronomy,1
responsibilities,1
cosas,1
back,1
agrícola,1
causing,1
pedestal,1
response,1
serving,1
restrict,1
volcánico,1
comparativo,1
young,1
macroregion,1
fate,1
background,1
aspera,1
third,1
fash,1
matices,1
competitor,1
alliances,1
diagnostics,1
nueva,1
discontinuidad,1
kelly,1
multifaceted,1
sin,1
unresolved,1
quaternaire,1
communication,1
bottles,1
look,1
preserving,1
poured,1
colecciones,1
details,1
longdistance,1
propuesta,1
ecológico,1
expresión,1
adult,1
commanding,1
veredas,1
acted,1
pulido,1
sisters,1
tetelpan,1
biblioteca,1
instruments,1
mezquital,1
mechanism,1
crossroads,1
employ,1
drained,1
failed,1
foot,1
profited,1
online,1
lateinamerickas,1
interesting,1
depiction,1
manipulated,1
urged,1
velazquez,1
deviations,1
neff,1
réévaluation,1
regiones,1
coatitlan,1
privilege,1
precourt,1
devastating,1
redeposi,1
summaries,1
performance,1
rio,1
federal,1
centroamericanos,1
across,1
tzompantepec,1
paternity,1
weigand,1
influenced,1
remain,1
remnants,1
teteles,1
keywords,1
astronomy,1
posits,1
censer,1
lohse,1
realistically,1
palavicini,1
notion,1
process,1
neglected,1
subdivision,1
mean,1
broaden,1
geofísicos,1
adopted,1
afforded,1
dealt,1
geologie,1
waned,1
connected,1
alessio,1
archaeometry,1
pisos,1
arquitectónicos,1
direct,1
catalogs,1
contributions,1
institutionalized,1
temporalmente,1
illustrations,1
mobilize,1
obsidiana,1
funneled,1
productive,1
urbe,1
moves,1
feathered,1
plaza,1
holds,1
editing,1
experimenting,1
rising,1
tissue,1
lives,1
amassing,1
tlapacoyan,1
iztaccihuatl,1
deliberations,1
facilitated,1
erläuterung,1
câmara,1
locally,1
stirrup,1
younger,1
black,1
clefts,1
presumably,1
connective,1
producers,1
transactions,1
donde,1
dominate,1
pictográficas,1
preoccupation,1
constructivos,1
document,1
frequently,1
witnessing,1
ville,1
plinian,1
xi,1
situations,1
largescale,1
commonly,1
archeomagnetic,1
jars,1
experienced,1
horizontally,1
xalapazco,1
commented,1
exploited,1
prima,1
shorter,1
lithic,1
powerful,1
islote,1
abundantly,1
connecting,1
crecimiento,1
spur,1
followed,1
etnográfico,1
plates,1
preferably,1
explosion,1
ballcourts,1
exploitation,1
wattle,1
instance,1
contadas,1
mounding,1
rendered,1
platas,1
destructive,1
maison,1
panels,1
swidden,1
indurated,1
antecedents,1
strategy,1
decades,1
idaho,1
upsurge,1
constructive,1
artistic,1
agustinos,1
ciudades,1
diachronic,1
raw,1
benny,1
manifestaciones,1
uses,1
leaving,1
textbooks,1
closely,1
posible,1
amaranth,1
identifying,1
merging,1
basalt,1
questioned,1
zeit,1
escalation,1
channels,1
impinges,1
appearance,1
volumes,1
six,1
conflict,1
acknowledgments,1
begun,1
faunal,1
called,1
traditionally,1
gods,1
combinations,1
renderings,1
changed,1
conducta,1
láminas,1
iconographie,1
shared,1
sedentary,1
destined,1
infrequent,1
pass,1
primacy,1
radical,1
requirements,1
centrally,1
symbolically,1
noting,1
endeavor,1
historias,1
viking,1
cantona,1
cupules,1
prehispánica,1
spinning,1
cores,1
mined,1
term,1
paleopedological,1
offcenter,1
accurately,1
discs,1
moctezuma,1
ann,1
criteria,1
equal,1
benign,1
acropolis,1
crc,1
engraved,1
hacia,1
photography,1
tlaloque,1
lethal,1
redes,1
tools,1
recently,1
spout,1
symbols,1
venue,1
reinforce,1
cinder,1
excellent,1
industria,1
productively,1
fashionable,1
tension,1
outlined,1
spiritual,1
unravel,1
balanced,1
lesiones,1
find,1
comunicaciones,1
decapitation,1
blake,1
navaja,1
creates,1
sedentism,1
si,1
departamento,1
improve,1
legendaria,1
feminine,1
outstanding,1
contracted,1
hierarchies,1
gained,1
products,1
eduardo,1
designation,1
accounting,1
barranca,1
rivera,1
egalitarian,1
bc,1
cuauhtitlan,1
hydraulic,1
scope,1
albaitero,1
residents,1
pocatello,1
swelled,1
materia,1
platze,1
apuntes,1
heart,1
concept,1
significantly,1
murals,1
hundreds,1
stacked,1
calls,1
mexiko,1
zwei,1
faithfully,1
perfil,1
homeland,1
pyramids,1
thoughts,1
establecida,1
description,1
incremental,1
intentionally,1
childe,1
trichrome,1
generalizing,1
sta,1
patricia,1
references,1
unidad,1
collective,1
plastered,1
beginnings,1
grain,1
accumulation,1
moments,1
beads,1
polity,1
thereafter,1
infantile,1
teotihuacandominated,1
comunidad,1
salazar,1
canto,1
mauricio,1
astra,1
gradation,1
surrounding,1
liíicay,1
nucleus,1
ultimately,1
manage,1
tumbas,1
generating,1
interpreted,1
aplicado,1
avilés,1
alliance,1
challenging,1
holy,1
genealogical,1
otherworldly,1
boulders,1
redistribution,1
interested,1
manifestation,1
uniqueness,1
talud,1
agriculturally,1
oriental,1
causal,1
edifices,1
arise,1
successful,1
describing,1
recursos,1
vidrio,1
questionable,1
intersite,1
shaping,1
reinforces,1
josé,1
bone,1
politically,1
través,1
complicate,1
poster,1
interacting,1
poblacion,1
emphasizes,1
arguments,1
feasts,1
mil,1
invención,1
encompasses,1
transport,1
workshops,1
migration,1
wider,1
concerns,1
smithsonian,1
guernsey,1
ziziumbovillarreal,1
ninth,1
soils,1
procedencia,1
zona,1
geomorphic,1
hijo,1
bids,1
ancestors,1
latest,1
urgently,1
oklahoma,1
concluded,1
sculptures,1
tended,1
encuentros,1
dedicated,1
mythological,1
up,1
london,1
seiner,1
recientes,1
gesellshcaft,1
filling,1
paid,1
rican,1
tuff,1
interchange,1
distinguishing,1
environmentally,1
llc,1
rhombi,1
underlying,1
olmecrelated,1
tribus,1
perils,1
places,1
manuel,1
reducing,1
digging,1
medios,1
unfinished,1
concomitant,1
mogote,1
tiempo,1
conceptuales,1
subsequently,1
bassin,1
adaptativo,1
activation,1
midpoint,1
contributes,1
morphology,1
uncommon,1
consideraciones,1
bedrock,1
kitchens,1
ribera,1
tipos,1
fases,1
approximate,1
habitats,1
genesis,1
evidencias,1
arrangement,1
demand,1
reexamine,1
onset,1
saw,1
clara,1
hillsides,1
bautista,1
backwards,1
contingent,1
marketplace,1
correlating,1
doctoral,1
ciencias,1
hide,1
synthesis,1
cuanalán,1
positions,1
palaeoecology,1
sunset,1
reinterpreted,1
tried,1
motivated,1
chapultepec,1
kilometers,1
appreciate,1
brief,1
unstable,1
atlihuayán,1
ignacio,1
matrilineal,1
rodriguez,1
descubrimiento,1
poor,1
headrick,1
gift,1
prism,1
quipped,1
intervention,1
comments,1
manifest,1
unprecedented,1
initially,1
backdrop,1
atop,1
lacustre,1
paleopay,1
rationale,1
crónica,1
road,1
prehispänicas,1
spectacular,1
marcador,1
scarcity,1
santana,1
artes,1
mayab,1
preclásicas,1
paradis,1
esteban,1
relied,1
unintended,1
victor,1
violence,1
uninhabited,1
fruition,1
habitacional,1
revisiting,1
creams,1
represents,1
makes,1
floresta,1
presciently,1
exactly,1
actualidades,1
artery,1
sex,1
traves,1
continuity,1
pre,1
exposure,1
specifics,1
termination,1
neither,1
mesoamericanas,1
northwest,1
workmanship,1
eminently,1
infrastructure,1
light,1
sourced,1
guatemala,1
sharply,1
every,1
inferences,1
broad,1
hay,1
largest,1
interbedded,1
gary,1
piramide,1
prehispanica,1
palaeo,1
boost,1
noted,1
visualize,1
processed,1
desperdicio,1
geologists,1
functioned,1
sealed,1
ocusacayo,1
façade,1
double,1
volume,1
angel,1
adaptación,1
archeologie,1
organizations,1
smokescreens,1
lagged,1
olmeca,1
kiln,1
implicaciones,1
beckon,1
flanked,1
participated,1
complejas,1
lluvia,1
challenge,1
runs,1
popularity,1
anchored,1
passed,1
renewed,1
stirrupspout,1
reporting,1
procured,1
put,1
tepalcayo,1
rock,1
reveals,1
lacked,1
aranda,1
communal,1
reorganización,1
idea,1
distribución,1
treatment,1
preserve,1
cuantitativa,1
toll,1
head,1
xii,1
perceptible,1
occurrence,1
totals,1
copied,1
complementing,1
materialization,1
compound,1
appeared,1
documents,1
generations,1
abstract,1
disturbed,1
demonstrations,1
aporte,1
layer,1
children,1
daily,1
monumentality,1
diverse,1
district,1
creative,1
contemporary,1
astride,1
identical,1
rivas,1
diameter,1
arqueogeofísica,1
succeeding,1
imperfect,1
pairing,1
dead,1
evans,1
tardio,1
honor,1
channel,1
anthropologist,1
summations,1
forms,1
readers,1
tier,1
símbolos,1
precinct,1
intervillage,1
learn,1
clark,1
earthern,1
remarkable,1
centre,1
cruz,1
crowns,1
clusters,1
olmecoides,1
bichrome,1
innovative,1
keys,1
izapa,1
competitors,1
superimposed,1
occupied,1
accepted,1
compositional,1
crop,1
lás,1
artesanía,1
celebrated,1
unanticipated,1
talus,1
uaxactun,1
html,1
por,1
focusing,1
deep,1
volatile,1
paredón,1
seminar,1
einer,1
belief,1
assorted,1
frequency,1
governance,1
rship,1
impoverished,1
como,1
cogently,1
neo,1
elementos,1
gareth,1
shifts,1
reflected,1
steered,1
mexicano,1
pleistocene,1
cacicazgo,1
antropológica,1
violent,1
direcciones,1
produce,1
government,1
analyzed,1
private,1
multistage,1
exhibit,1
presencias,1
carneiro,1
fallowed,1
investment,1
mounded,1
father,1
producción,1
gordon,1
moyotzingo,1
provider,1
deduces,1
discovery,1
appeasing,1
chiefly,1
aspectos,1
virgin,1
upon,1
ic,1
cult,1
doméstica,1
scarcer,1
memoirs,1
formal,1
postclassic,1
territorially,1
amatzinac,1
terraza,1
looking,1
cerámicas,1
template,1
canals,1
birds,1
monte,1
lowe,1
attributed,1
top,1
prospection,1
host,1
eclipsed,1
umbrales,1
entirely,1
geológicas,1
earspools,1
food,1
prehispánicos,1
largely,1
esqueletos,1
operated,1
pari,1
cornice,1
sidelines,1
estela,1
relaciones,1
engaging,1
harvard,1
castillo,1
proposed,1
ethnic,1
assign,1
deutschen,1
roman,1
lifestyle,1
resolved,1
engaged,1
continue,1
examination,1
abandono,1
check,1
previous,1
write,1
eight,1
junior,1
theories,1
embellishment,1
theoretical,1
submits,1
involves,1
underwent,1
douglas,1
clearing,1
theses,1
à,1
significance,1
subtle,1
loosely,1
provoked,1
intraand,1
reality,1
authors,1
stress,1
comprehensive,1
peripheral,1
publication,1
galindo,1
estructura,1
perpendicular,1
phil,1
dominated,1
cerrito,1
spawned,1
august,1
drains,1
coreblade,1
unrecognized,1
started,1
lifestyles,1
panfil,1
tradición,1
ejemplo,1
function,1
plant,1
diversity,1
antecedentes,1
strain,1
distinction,1
dry,1
stages,1
ended,1
pyramidal,1
proximity,1
earlier,1
ted,1
interacted,1
theocratic,1
guai,1
standard,1
provides,1
adequately,1
courtyard,1
azcapotzalco,1
quick,1
promotion,1
intercommunity,1
situación,1
graves,1
diferente,1
praklassicscher,1
intend,1
ratios,1
interpretaciones,1
parallel,1
painting,1
constructing,1
overtaken,1
exported,1
trouble,1
assessing,1
greatly,1
contact,1
acquire,1
fuente,1
mainly,1
anderson,1
esoame,1
dense,1
subdivided,1
starch,1
shied,1
р,1
hierarchical,1
availability,1
materialized,1
expand,1
seeking,1
artisans,1
distant,1
estados,1
costume,1
slightly,1
plains,1
socially,1
entierros,1
furrows,1
geography,1
versus,1
institution,1
aproximación,1
wario,1
sprawl,1
arbor,1
propose,1
minimally,1
increases,1
immigration,1
excavadas,1
accessory,1
sarcófago,1
publicaciones,1
basamento,1
bivariatesplitting,1
bosh,1
tula,1
pedregal,1
barbachano,1
european,1
carried,1
oxford,1
depth,1
consists,1
indication,1
raiding,1
grayware,1
discussing,1
escaping,1
assigned,1
relationship,1
astronomies,1
spiral,1
modification,1
archeosciences,1
circle,1
me,1
zohapilco,1
belonged,1
inicios,1
ciudad,1
lot,1
constructivo,1
elevate,1
labeled,1
five,1
imbalance,1
censers,1
sol,1
rough,1
flowed,1
scratched,1
lauer,1
begin,1
resistant,1
parent,1
discard,1
widespread,1
male,1
corporativos,1
slow,1
dimensions,1
inviting,1
ritualized,1
cinctured,1
explotación,1
señores,1
consonant,1
strongly,1
concentrating,1
yale,1
rim,1
force,1
invested,1
effectively,1
parsons,1
reorganized,1
consignment,1
sequences,1
relevant,1
transformation,1
bins,1
rapidly,1
paraphernalia,1
deals,1
brigham,1
figurine,1
dynamism,1
organizaciones,1
displaying,1
neolocal,1
sunrise,1
reconsider,1
inspired,1
implementing,1
gonlin,1
spectacularly,1
tlatoani,1
cámara,1
transform,1
frontier,1
comercio,1
reds,1
supporting,1
personas,1
fields,1
archaicformative,1
cuaderno,1
exists,1
sandstone,1
intermittent,1
album,1
excluyentes,1
mirror,1
arts,1
suprahousehold,1
phytolith,1
calendáricoastronómico,1
mud,1
blurred,1
imitated,1
lago,1
middens,1
hancock,1
enfermedades,1
addressed,1
tiempos,1
recipe,1
school,1
acquired,1
undertook,1
anthropomorphic,1
ignited,1
cover,1
curious,1
deposited,1
heavy,1
proceed,1
blocked,1
entendimiento,1
judgments,1
singular,1
suite,1
reviewing,1
anales,1
boletín,1
sereno,1
diversos,1
comes,1
version,1
changing,1
designates,1
pueblos,1
barrio,1
miccaotli,1
selectivity,1
receive,1
asentamientos,1
semiarid,1
rites,1
constituted,1
ever,1
economically,1
reinforced,1
log,1
characteristics,1
symbolic,1
known,1
reignited,1
frieze,1
rival,1
storable,1
axe,1
doi,1
typology,1
paleoetnobotánicos,1
vasijas,1
organizational,1
sustained,1
amozoc,1
column,1
amate,1
der,1
futuras,1
downfall,1
quickly,1
know,1
ni,1
wellknown,1
evaluación,1
rainfall,1
tendencies,1
country,1
cemetery,1
muestras,1
shares,1
peasants,1
relieve,1
assumed,1
contained,1
innovations,1
seem,1
autopista,1
upita,1
arte,1
bit,1
constructions,1
dated,1
regard,1
episodic,1
inquiry,1
vase,1
cronología,1
molienda,1
humid,1
altered,1
obviously,1
denotes,1
rely,1
xochiltenago,1
embodiment,1
aerial,1
resistwares,1
cities,1
iron,1
matos,1
pit,1
civicceremonial,1
placing,1
lasqueda,1
replication,1
reliant,1
caída,1
works,1
masters,1
hydrology,1
imágenes,1
ideally,1
evident,1
turned,1
subterranean,1
believed,1
für,1
sala,1
text,1
humaninduced,1
william,1
xxiv,1
altars,1
hombres,1
suffering,1
surpluses,1
virtual,1
rests,1
ocupacional,1
heads,1
preexisting,1
notable,1
cuernavaca,1
nominal,1
fuego,1
unique,1
maestría,1
motagua,1
typologies,1
involvement,1
plants,1
trinity,1
procedentes,1
confines,1
enfoque,1
maintain,1
storm,1
signature,1
ceased,1
databases,1
recycling,1
blackware,1
comparación,1
antecedente,1
adaptation,1
surveying,1
tepalcate,1
waters,1
densities,1
thames,1
periphery,1
charting,1
prestige,1
milenios,1
precursor,1
require,1
secure,1
bloodstained,1
preliminar,1
setting,1
balance,1
apartment,1
clasico,1
conjunction,1
plataforma,1
museo,1
práctica,1
tepeaca,1
categories,1
dk,1
occupying,1
thematically,1
finished,1
spaces,1
augmentation,1
rises,1
amencanistes,1
occasionally,1
circumstances,1
entrance,1
recognition,1
introduced,1
facings,1
despite,1
carvings,1
prevalent,1
ashes,1
mixteca,1
yearly,1
crater,1
easy,1
ac,1
focal,1
durable,1
prelcasico,1
lies,1
step,1
went,1
huellas,1
oil,1
regularities,1
vast,1
acerca,1
contribute,1
campo,1
reconstruct,1
suroccidental,1
indebted,1
equipped,1
pirâmide,1
challenges,1
exceptionally,1
reports,1
comprehend,1
gain,1
ix,1
player,1
bosch,1
sistema,1
think,1
store,1
vito,1
varied,1
publicados,1
monochromes,1
naturales,1
prehispánicas,1
shores,1
perspectiva,1
algunos,1
promoted,1
distintas,1
dioses,1
refugees,1
shown,1
elongated,1
capulac,1
locations,1
differentiation,1
lámina,1
epiclásico,1
difference,1
elliptical,1
generate,1
resist,1
advent,1
illinois,1
paradigm,1
geologischen,1
swampy,1
internally,1
weaver,1
aware,1
mode,1
newsletter,1
geoarchaeological,1
course,1
conjuntos,1
prolonged,1
approximately,1
instead,1
americas,1
environnement,1
ico,1
define,1
consumption,1
morphologically,1
otumba,1
tepatlaxco,1
green,1
sur,1
developmental,1
vital,1
clearest,1
heartland,1
fondo,1
thoughtful,1
involving,1
arrivals,1
attributes,1
effects,1
defined,1
forming,1
всad,1
horizonte,1
presenting,1
extremely,1
ocultas,1
blinded,1
francisco,1
increased,1
roughly,1
summary,1
enclosed,1
anonymous,1
running,1
moved,1
offered,1
intergroup,1
intermittently,1
irrigated,1
potential,1
aztecs,1
tablero,1
scoria,1
coahuila,1
ser,1
colorful,1
clarify,1
revalorando,1
conflated,1
interdisciplinary,1
montaña,1
broadening,1
prospects,1
methodologies,1
supply,1
commodity,1
inconclusive,1
escalating,1
geographical,1
era,1
experiential,1
partial,1
tendered,1
views,1
deposition,1
maximum,1
evidently,1
import,1
death,1
northwestern,1
farmland,1
corn,1
permutations,1
ajusco,1
prehispdnica,1
spectroscopy,1
seek,1
andesite,1
priestly,1
premature,1
broader,1
exploraciones,1
devastated,1
signals,1
showed,1
templos,1
pigmentation,1
close,1
quaternary,1
confrontations,1
arizona,1
discern,1
sea,1
etnología,1
heterogeneous,1
