WORDCOUNTS,WEIGHT
the,1603
and,1296
of,1155
de,1036
in,856
a,460
to,363
la,347
el,312
pp,278
en,247
y,228
mexico,219
j,214
del,213
e,197
c,187
that,177
for,165
m,165
p,149
al,142
from,139
et,137
at,135
with,126
as,119
is,117
nacional,116
this,112
western,111
los,108
have,108
occidente,106
are,104
b,98
instituto,98
s,97
mesoamerica,95
on,88
r,85
by,84
university,82
but,82
central,79
l,78
ancient,77
has,76
been,76
michoacan,75
west,73
late,70
archaeol,69
res,69
springer,69
las,67
d,67
or,66
were,66
archaeology,66
period,64
colegio,63
was,63
universidad,63
lake,63
early,63
lopez,62
jalisco,61
research,59
these,59
social,58
new,56
formative,55
more,53
mesoamerican,52
evidence,52
there,50
postclassic,50
not,49
df,49
be,47
an,46
american,45
into,45
f,45
region,45
area,45
i,44
state,43
some,43
their,43
ceramic,43
southern,42
studies,41
may,41
sites,41
coast,41
classic,41
garcia,41
tombs,40
basin,39
along,38
tarascan,38
weigand,38
architecture,38
political,38
between,38
h,37
archaeological,37
t,36
other,36
g,36
antropologia,36
highlands,35
una,35
centro,34
v,34
un,34
recent,34
production,33
most,33
obsidian,33
autonoma,33
it,32
cuenca,32
cultural,32
epiclassic,32
investigaciones,31
middle,31
valley,31
site,30
across,30
estudios,30
teotihuacan,30
which,30
guanajuato,30
human,29
sobre,29
art,29
norte,28
pollard,28
found,28
san,28
historia,28
department,28
areas,28
northern,28
arqueologia,28
mexican,27
tradition,27
journal,27
bc,27
gomez,26
ceramics,26
population,26
northwest,26
although,26
remains,26
shaft,25
patzcuaro,25
tequila,25
those,25
through,25
such,24
dates,24
than,24
mountjoy,24
during,24
populations,24
many,24
rio,24
sierra,24
colima,24
later,23
complex,23
vol,23
entre,23
had,23
also,23
antiguo,23
salt,23
queretaro,23
coastal,22
w,22
centers,22
pottery,22
zacatecas,22
different,21
greater,21
its,21
regional,21
change,21
cardenas,21
culture,21
time,21
over,21
phd,21
major,21
study,20
alta,20
well,20
used,20
ceremonial,20
valleys,20
radiocarbon,20
antiquity,20
one,19
no,19
faugere,19
ceramica,19
perspectivas,19
trade,19
maize,18
ad,18
loma,18
excavations,18
teuchitlan,18
periods,18
crespo,18
where,18
use,18
oliveros,18
associated,18
archaic,18
much,18
metcalfe,18
o,17
they,17
posclasico,17
within,17
eastern,17
utah,17
important,17
international,17
burial,17
cabrero,17
far,17
form,17
first,16
farther,16
madre,16
very,16
phase,16
place,16
local,16
malpaso,16
centre,16
less,16
coloquio,16
mortuary,16
forms,16
morales,16
arizona,16
durante,15
center,15
highland,15
mexicana,15
medio,15
fig,15
nayarit,15
part,15
society,15
south,15
pacific,15
only,15
toward,15
elite,15
k,15
southwest,15
we,15
cultura,15
basins,15
antropologfa,15
agricultural,15
institute,15
years,15
charles,15
large,14
date,14
organization,14
communities,14
lerma,14
based,14
su,14
work,14
relaciones,14
quemada,14
estado,14
material,14
viramontes,14
suggest,14
both,14
beekman,14
north,14
du,13
agriculture,13
prehispanic,13
cemeteries,13
occidental,13
shell,13
dated,13
latin,13
public,13
out,13
while,13
tumbas,13
artifacts,13
people,13
attention,13
several,13
practices,13
mestas,13
empire,13
zamora,13
exchange,13
paredes,13
gonzalez,13
east,13
estudio,13
elites,13
interaction,13
among,13
groups,12
corporate,12
nuevas,12
mexicaines,12
source,12
contact,12
emerged,12
all,12
iv,12
prior,12
societies,12
olay,12
tradicion,12
settlement,12
identified,12
expansion,12
climatic,12
prehispanica,12
suggesting,12
outside,12
homenaje,12
number,12
made,12
sociedad,12
earliest,12
paper,12
presence,12
them,12
saint,12
presented,12
materials,12
enclosed,12
clasico,12
balsas,11
aztatlan,11
history,11
cerro,11
researchers,11
villegas,11
distinct,11
ucareo,11
even,11
christensen,11
burials,11
elsewhere,11
n,11
particularly,11
occupation,11
recently,11
chalchihuites,11
sociedades,11
around,11
small,11
bajio,11
when,11
world,11
sitio,11
still,11
oxford,11
two,11
prehispanico,11
gobierno,11
identity,11
sequence,11
tula,11
para,11
continued,11
ramirez,11
unknown,11
medina,11
ramos,11
pasado,11
jimenez,11
purepecha,11
northwestern,11
quaternary,11
does,10
now,10
likely,10
modern,10
urunuela,10
shared,10
development,10
actas,10
architectural,10
what,10
how,10
obsidiana,10
linked,10
martinez,10
further,10
circular,10
contexts,10
produccion,10
internacional,10
excavated,10
tempe,10
subregions,10
mesa,10
guadalajara,10
diverse,10
ladron,10
california,10
ties,10
similar,10
like,10
so,10
earlier,10
zacapu,10
often,10
preclasico,10
tiro,10
could,10
analysis,10
frontier,10
known,10
revista,10
copper,10
colonial,10
our,10
davies,10
increased,10
should,10
beltran,9
long,9
exotic,9
system,9
great,9
points,9
guevara,9
nelson,9
pulido,9
braniff,9
landscape,9
temprano,9
prehistory,9
topics,9
received,9
desarrollo,9
kelley,9
status,9
castaneda,9
epiclasico,9
merino,9
climate,9
galvan,9
core,9
economic,9
yet,9
urichu,9
perhaps,9
food,9
submitted,9
evolution,9
dating,9
sayula,9
banderas,9
construction,9
canada,9
series,9
spanish,9
guachimonton,9
control,9
report,9
foundation,9
alfarera,9
vista,9
cuitzeo,9
nahuatl,9
valle,8
ma,8
authority,8
cahue,8
sources,8
implications,8
hombre,8
includes,8
reacomodos,8
bone,8
acosta,8
without,8
angeles,8
museum,8
process,8
after,8
consider,8
show,8
resource,8
surface,8
beyond,8
followed,8
term,8
pollen,8
pleistocene,8
wide,8
data,8
records,8
structures,8
filini,8
nuevos,8
texas,8
annual,8
brambila,8
chronological,8
demograficos,8
interpretation,8
culturales,8
power,8
others,8
larger,8
farming,8
widespread,8
polities,8
examples,8
including,8
coyotlatelco,8
bienes,8
general,8
systems,8
widely,8
changes,8
see,8
anales,8
claims,8
complexity,8
tomb,8
current,8
rural,8
sus,8
distribution,8
up,8
role,8
bajfo,8
models,8
sur,8
states,8
potential,8
fase,7
environmental,7
patio,7
led,7
offerings,7
approaches,7
carot,7
comparisons,7
oviedo,7
llano,7
kalfon,7
might,7
appearance,7
con,7
america,7
ritual,7
arqueologica,7
centralized,7
relationships,7
since,7
given,7
networks,7
tomatlan,7
tesis,7
rather,7
rupestre,7
importance,7
israde,7
epoca,7
arqueologicas,7
same,7
produced,7
barrientos,7
ethnohistoric,7
level,7
quite,7
began,7
migration,7
arquitectura,7
frontera,7
various,7
limited,7
reorganization,7
healan,7
about,7
esparza,7
increasingly,7
bar,7
decoration,7
patterns,7
took,7
cruz,7
model,7
continuing,7
until,7
siglo,7
primarily,7
connections,7
guachimontones,7
understanding,7
range,7
largely,7
maria,7
continue,7
related,7
spread,7
relation,7
probably,7
slightly,7
huichol,7
geographic,7
each,7
goods,7
economy,7
hernandez,7
suggests,7
des,7
isolated,7
provided,7
defined,7
association,7
meeting,7
links,7
done,6
tierra,6
settlements,6
arqueologico,6
significant,6
trace,6
betts,6
yanez,6
zona,6
berkeley,6
least,6
intercambio,6
similarities,6
holocene,6
culturas,6
jewelry,6
x,6
sanchez,6
soto,6
sinaloa,6
interest,6
chupicuaro,6
maldonado,6
beginning,6
phases,6
languages,6
interesting,6
york,6
centralization,6
circles,6
parts,6
symbols,6
origins,6
appear,6
centra,6
mining,6
pereira,6
intensive,6
because,6
chiapas,6
pedro,6
bolanos,6
blade,6
seminario,6
extending,6
established,6
issues,6
figures,6
surrounding,6
moguel,6
tarasco,6
field,6
few,6
will,6
second,6
movement,6
technology,6
williams,6
heritage,6
chichimecas,6
datos,6
hollow,6
fernandez,6
exploitation,6
present,6
formation,6
another,6
ethnic,6
actual,6
regions,6
theoretical,6
pattern,6
sequences,6
analisis,6
would,6
plant,6
caso,6
mines,6
can,6
durango,6
tradiciones,6
tomo,6
provide,6
science,6
ideology,6
vargas,6
juan,6
escuela,6
activity,6
mounds,6
arte,6
any,6
anthropology,6
cemetery,6
paleoindian,6
did,6
best,6
growing,6
suchil,6
proceedings,6
whether,6
involvement,6
papers,6
patios,6
transition,6
ball,6
perspectiva,6
capacha,6
illinois,6
include,6
land,6
magdalena,6
specific,6
close,6
exploraciones,6
primera,6
common,5
speakers,5
memoria,5
ceramicos,5
occurred,5
lower,5
archaeologists,5
nelken,5
ways,5
zetina,5
together,5
formativo,5
analyses,5
darras,5
greatly,5
context,5
designs,5
case,5
point,5
genetic,5
collection,5
cach,5
throughout,5
interior,5
arroyo,5
century,5
developments,5
creating,5
perspective,5
espacios,5
kelly,5
communication,5
language,5
document,5
hallazgos,5
espacio,5
chapala,5
individuals,5
centered,5
subsistence,5
olmec,5
direct,5
support,5
arid,5
alcantara,5
transformaciones,5
decades,5
dc,5
prehistoric,5
future,5
begun,5
sedentary,5
openo,5
before,5
territorio,5
appears,5
dumbarton,5
directly,5
cuicuilco,5
older,5
my,5
trends,5
following,5
sense,5
politically,5
results,5
patrones,5
finds,5
evidencias,5
variety,5
subregion,5
make,5
relationship,5
wright,5
certainly,5
already,5
rise,5
mound,5
santa,5
academy,5
occurrence,5
grave,5
gorenstein,5
remain,5
neurath,5
chupfcuaro,5
por,5
rupestres,5
argues,5
secretaria,5
formal,5
previously,5
valdez,5
skeletal,5
numerous,5
products,5
trend,5
canon,5
individual,5
times,5
vida,5
conchas,5
dry,5
ecology,5
article,5
craft,5
agave,5
structure,5
consumption,5
dominance,5
separate,5
carried,5
modification,5
today,5
coasts,5
fields,5
foster,5
le,5
contribution,5
transformation,5
contexto,5
methods,5
anthropological,5
environment,5
pertains,5
considered,5
continues,5
symbolic,5
temple,5
sciences,5
here,5
buildings,5
guerrero,5
down,5
clearly,5
taube,5
historical,5
domesticated,5
distinctive,5
past,5
museo,5
possible,5
multiple,5
little,5
slopes,5
city,5
extensive,5
discussion,5
using,5
national,5
summary,5
gulf,5
dos,5
darling,5
broader,5
occur,5
final,4
frequent,4
solorzano,4
difficult,4
moreno,4
metal,4
created,4
represent,4
resulted,4
linguistic,4
sitios,4
becoming,4
identify,4
algunas,4
bias,4
style,4
flores,4
liot,4
being,4
funerarias,4
way,4
tiempo,4
timing,4
studied,4
reunion,4
caliente,4
raised,4
westview,4
isotopic,4
gastelum,4
grillo,4
warfare,4
hierarchy,4
conflict,4
iron,4
que,4
southwestern,4
due,4
millennium,4
topic,4
served,4
border,4
traditions,4
civilization,4
online,4
growth,4
levels,4
contributions,4
cosmovision,4
special,4
distant,4
ocupacion,4
les,4
river,4
proposed,4
impact,4
argued,4
frequently,4
experienced,4
migrants,4
albuquerque,4
view,4
conquest,4
allow,4
noreste,4
histories,4
diet,4
initial,4
fisher,4
residential,4
boundaries,4
wealth,4
noroeste,4
find,4
departamento,4
aspects,4
none,4
basis,4
sculpture,4
municipio,4
uso,4
documented,4
lifeways,4
own,4
picture,4
trading,4
family,4
pyrite,4
dramatic,4
peak,4
decline,4
ancestors,4
spence,4
huitzilapa,4
benz,4
imagery,4
synthesis,4
prehispanicas,4
tropical,4
community,4
grande,4
expanded,4
indicates,4
last,4
religious,4
towns,4
under,4
chronology,4
us,4
included,4
abbott,4
partly,4
indian,4
altos,4
stones,4
marismas,4
sometimes,4
vega,4
projects,4
pixe,4
temples,4
zepeda,4
end,4
figurines,4
variation,4
honor,4
wild,4
do,4
mundo,4
native,4
project,4
assemblage,4
extended,4
cambridge,4
upon,4
asentamiento,4
clearance,4
rivers,4
grew,4
urrea,4
held,4
indicate,4
domestication,4
high,4
problems,4
interpretations,4
hunters,4
versus,4
gorda,4
imported,4
von,4
puerto,4
anda,4
smelting,4
she,4
ecological,4
usually,4
vision,4
cuencas,4
who,4
surveys,4
detailed,4
tellez,4
guadalupe,4
life,4
pursued,4
tumba,4
dissertation,4
abandonment,4
actually,4
xxiv,4
complexes,4
ensayo,4
natural,4
etnohistoria,4
rainfall,4
cultures,4
share,4
volcano,4
imagenes,4
preclassic,4
ideological,4
just,4
better,4
ballgame,4
barajas,4
unique,4
theory,4
preliminares,4
montejano,4
must,4
ill,4
elevations,4
lenguas,4
question,4
conditions,4
anzures,4
grinding,4
need,4
manufacture,4
proyecto,4
shift,4
help,4
carr,4
routes,4
pertain,4
tarascos,4
debate,4
sharing,4
develop,4
traditional,4
southeastern,4
built,4
mexique,4
increase,4
contacts,3
oriented,3
humanos,3
if,3
decreasing,3
expand,3
mesoamericano,3
bottle,3
poblaciones,3
turquoise,3
migeon,3
reciente,3
formed,3
tierras,3
toluca,3
organic,3
ethnoarchaeological,3
juarez,3
came,3
gap,3
lineages,3
season,3
seems,3
thus,3
subject,3
comparatively,3
interred,3
accompanied,3
rosales,3
representaciones,3
differences,3
farmers,3
rich,3
base,3
link,3
hunting,3
survey,3
collapse,3
petrograbado,3
sacred,3
marine,3
chichimec,3
cuerpo,3
observaciones,3
luis,3
proposals,3
wetter,3
primary,3
draw,3
northeast,3
porter,3
chanal,3
argue,3
characterize,3
bibliography,3
prehispanicos,3
figurillas,3
terner,3
processes,3
temporada,3
resources,3
aveleyra,3
economies,3
introduction,3
herrera,3
diversity,3
restos,3
oaxaca,3
review,3
arqueologm,3
nunez,3
funerario,3
decorated,3
mixed,3
dinamicas,3
casas,3
refer,3
response,3
moving,3
compared,3
left,3
intervening,3
chacalilla,3
canyons,3
piedra,3
spoken,3
though,3
continuity,3
xochicalco,3
costa,3
morett,3
lesser,3
via,3
reconstructed,3
elaborate,3
developed,3
basic,3
represented,3
tools,3
certain,3
sacrificed,3
concha,3
arbor,3
cueva,3
altar,3
settled,3
corona,3
monumental,3
locally,3
tarasca,3
metallurgy,3
emergence,3
numbers,3
northeastern,3
michoacano,3
follow,3
strategy,3
excavation,3
tarascans,3
zea,3
iconography,3
irrigation,3
presents,3
royal,3
identifying,3
location,3
relating,3
effort,3
habitation,3
deal,3
austin,3
huesos,3
playa,3
hacia,3
reviews,3
morelia,3
metals,3
hidalgo,3
claassen,3
elliott,3
perez,3
gatherers,3
competing,3
apparent,3
pyramids,3
gender,3
description,3
perales,3
editorial,3
beginnings,3
aztec,3
zacoalco,3
rituals,3
vessels,3
away,3
interpreted,3
approach,3
either,3
precipitation,3
prehispaniques,3
paleolimnology,3
working,3
specifically,3
reflexiones,3
characteristics,3
grow,3
trombold,3
strazicich,3
paisaje,3
sculptures,3
tended,3
jarqufn,3
tabachines,3
notes,3
massive,3
activities,3
cos,3
portion,3
symbolism,3
became,3
varien,3
costumbres,3
positions,3
palaeoecology,3
depression,3
southeast,3
once,3
alteraciones,3
atoyac,3
papel,3
discussions,3
metallurgical,3
manzanilla,3
thesis,3
schondube,3
rectangular,3
ethnographic,3
nacionales,3
insights,3
noted,3
published,3
hilltop,3
salvamento,3
rock,3
water,3
consideration,3
mascota,3
demonstrating,3
contemporary,3
claimed,3
jade,3
interaccion,3
pennsylvania,3
external,3
simple,3
nicolas,3
redonda,3
problematicas,3
existing,3
nueva,3
como,3
wood,3
degree,3
original,3
lugares,3
active,3
caracoles,3
aproximacion,3
esquivias,3
resulting,3
sees,3
versions,3
grove,3
clear,3
low,3
significance,3
inland,3
tingambato,3
discussed,3
lakes,3
cambio,3
co,3
characterized,3
collected,3
distinction,3
linking,3
periodos,3
possess,3
procurement,3
parallel,3
become,3
narrow,3
ann,3
xvi,3
estados,3
streams,3
tenuous,3
sociopolitical,3
investigations,3
socioculturales,3
tepalcatepec,3
solar,3
space,3
pintura,3
amount,3
lo,3
dead,3
increasing,3
me,3
craneos,3
note,3
pantano,3
chan,3
foreign,3
impressive,3
logan,3
isotope,3
hers,3
rapidly,3
shells,3
dans,3
chamber,3
composed,3
exists,3
ensayos,3
arts,3
stable,3
addressed,3
publications,3
anthropomorphic,3
heavy,3
intensification,3
pueblos,3
peoples,3
oi,3
detail,3
physical,3
carbondale,3
teotihuacano,3
gran,3
colorado,3
tlatilco,3
alvarez,3
specialized,3
extraction,3
sizes,3
pickering,3
explotacion,3
ceramicas,3
iii,3
patrimonio,3
ixtapa,3
presumably,3
tesoro,3
nieva,3
shows,3
hence,3
shifts,3
cultivation,3
generalized,3
closest,3
works,3
living,3
assessment,3
animal,3
arqueologta,3
notable,3
investigation,3
spatial,3
volcanic,3
making,3
particular,3
nearby,3
laguna,3
axis,3
extent,3
torreblanca,3
imperial,3
information,3
generally,3
personal,3
entire,3
reported,3
techniques,3
territory,3
families,3
bosch,3
terminal,3
cacao,3
instead,3
define,3
constructed,3
unified,3
avila,3
inequalities,3
comparison,3
postclasico,3
vessel,3
themselves,3
deposits,3
focus,3
strong,3
fauvet,3
customs,3
cordova,2
courts,2
paleoenvironment,2
possessed,2
juego,2
scales,2
hallazgo,2
estimated,2
names,2
glascock,2
market,2
affected,2
extreme,2
mexicain,2
adela,2
tirado,2
determine,2
red,2
dynamism,2
semidesierto,2
redated,2
notably,2
former,2
contemporaneous,2
told,2
residences,2
he,2
ana,2
stone,2
mapa,2
ruiz,2
taladoire,2
peralta,2
rios,2
situation,2
meighan,2
enterramiento,2
tlajinga,2
considerations,2
archaeoastronomical,2
decade,2
tied,2
cycles,2
unlike,2
inequality,2
evaluating,2
ofrendas,2
monograph,2
indicating,2
aportaciones,2
vanderbilt,2
hints,2
themes,2
test,2
forcano,2
concentration,2
modest,2
winning,2
preceding,2
creation,2
fortified,2
possesses,2
rapid,2
astronomical,2
instrumentos,2
meaning,2
fewer,2
nature,2
indicative,2
editions,2
reevaluation,2
tion,2
recinto,2
principles,2
archaeologically,2
discusiones,2
crops,2
leading,2
display,2
macneish,2
indeed,2
coming,2
able,2
ritmos,2
demographic,2
religion,2
styles,2
graham,2
xx,2
traditionally,2
entierros,2
platforms,2
tlamimilolpa,2
lugar,2
kingdoms,2
issue,2
narrower,2
calon,2
existence,2
projectile,2
escobar,2
plain,2
recorded,2
historica,2
lived,2
erongarfcuaro,2
siglos,2
bones,2
discuss,2
origen,2
fundacion,2
secuencia,2
powers,2
obvious,2
consumed,2
leon,2
variations,2
say,2
except,2
conceptual,2
establishment,2
reconstruction,2
acercamiento,2
zone,2
beneath,2
denver,2
directed,2
arnauld,2
cuevas,2
columned,2
pits,2
colonized,2
canyon,2
coincident,2
labor,2
extinct,2
distributed,2
squash,2
unpublished,2
pit,2
uncommon,2
tropic,2
conformation,2
representations,2
zirahuen,2
helen,2
xxiii,2
riego,2
terraces,2
mesoamericanos,2
mexica,2
dozen,2
nahuapa,2
relations,2
reyes,2
needed,2
natalie,2
exist,2
tucson,2
relatively,2
agua,2
replaced,2
interprets,2
kind,2
clay,2
ct,2
david,2
profound,2
back,2
hopefully,2
columbia,2
vallarta,2
handbook,2
lineage,2
jarquin,2
third,2
thin,2
tempranos,2
sun,2
manufactura,2
humano,2
leadership,2
castro,2
understood,2
influence,2
apreciaciones,2
alberca,2
focused,2
mechanisms,2
algunos,2
ruter,2
competition,2
segundo,2
briefly,2
whose,2
cuatro,2
regiones,2
identification,2
his,2
boehm,2
relative,2
huicholes,2
impetus,2
district,2
aggressive,2
abundance,2
lie,2
funeraires,2
serra,2
environments,2
taller,2
opportunities,2
paz,2
captives,2
ticoman,2
landscapes,2
se,2
higuerita,2
kilns,2
lacking,2
etnoarqueologico,2
summarized,2
brought,2
modified,2
recherches,2
heredia,2
decorative,2
dichotomy,2
neo,2
descent,2
consolidate,2
producers,2
receiving,2
observations,2
solid,2
lelgemann,2
four,2
cerrito,2
recovered,2
lithic,2
powerful,2
orange,2
position,2
shifted,2
resurgence,2
dominant,2
costera,2
providing,2
management,2
trajectories,2
disappeared,2
cancer,2
limits,2
uses,2
salvage,2
arrival,2
adoption,2
petroglifos,2
faunal,2
expanses,2
skulls,2
access,2
faba,2
her,2
olman,2
record,2
suarez,2
cores,2
beatriz,2
realidad,2
sparse,2
coras,2
schaefer,2
neighboring,2
oklahoma,2
hirshman,2
transactions,2
diatom,2
receive,2
barba,2
desde,2
separated,2
promise,2
applied,2
separates,2
scale,2
otherwise,2
rubber,2
placed,2
however,2
revision,2
method,2
memory,2
watershed,2
almost,2
tzacualli,2
catalogo,2
juchipila,2
literature,2
largest,2
intense,2
correlation,2
capital,2
palacio,2
characterization,2
lengua,2
paleoenvironmental,2
example,2
witmore,2
look,2
politica,2
fit,2
pratiques,2
malpais,2
pyramid,2
pachuca,2
cluster,2
comunidad,2
call,2
transported,2
consistent,2
reflect,2
macias,2
showing,2
preparation,2
rulership,2
ameca,2
lithics,2
kincaid,2
supported,2
clausura,2
near,2
depicting,2
preceded,2
computer,2
interregional,2
viable,2
recursos,2
arqueologicos,2
order,2
poblacion,2
cabrera,2
emphasizes,2
recognition,2
workshops,2
highly,2
prominent,2
tello,2
gabany,2
county,2
facility,2
ixtlan,2
ancestral,2
chichimecs,2
always,2
otomanguean,2
scott,2
progress,2
rescate,2
mezquital,2
espinoza,2
roots,2
appropriate,2
postmortem,2
value,2
newly,2
moved,2
valuable,2
cronologfa,2
mastache,2
bassin,2
reduction,2
critical,2
zuleta,2
sfmbolo,2
intento,2
toltecas,2
demand,2
bautista,2
commu,2
visually,2
microcosmic,2
impacts,2
materiales,2
wrote,2
located,2
kilometers,2
brief,2
indication,2
nearly,2
espejel,2
americana,2
comments,2
backdrop,2
excavacion,2
single,2
biological,2
colecciones,2
mexicanos,2
contributing,2
paradis,2
zaragoza,2
metalurgia,2
interment,2
marginal,2
cliff,2
neither,2
tn,2
processing,2
iguala,2
crider,2
fruitful,2
antwerp,2
guatemala,2
robust,2
enclaves,2
michoacana,2
simulation,2
funerary,2
precocious,2
yacimientos,2
participated,2
anchored,2
molina,2
again,2
death,2
pointed,2
deserves,2
added,2
smith,2
correa,2
excellent,2
efforts,2
cultivated,2
humana,2
concepts,2
treatment,2
scholars,2
pressure,2
beliefs,2
appeared,2
lozano,2
potrero,2
prospects,2
everything,2
doubt,2
forest,2
pinturas,2
serious,2
fragments,2
depopulation,2
relacion,2
recolectores,2
fits,2
roskamp,2
mendez,2
santiago,2
covered,2
phytoliths,2
establish,2
unclear,2
pacheco,2
origin,2
tematica,2
cosmos,2
acerca,2
maya,2
sal,2
venerated,2
balance,2
implicaciones,2
vast,2
pina,2
occupations,2
modelo,2
considering,2
garduno,2
trajectory,2
mesoamericana,2
navajas,2
template,2
samples,2
varying,2
garza,2
heath,2
looting,2
emphasize,2
ideas,2
ceremonies,2
doctora,2
artefactos,2
breton,2
three,2
historic,2
lacustrine,2
laboratories,2
jose,2
authors,2
annals,2
congreso,2
amacueca,2
geographically,2
tratamiento,2
features,2
practiced,2
probable,2
primer,2
latter,2
repeated,2
woodworking,2
cano,2
ratios,2
lack,2
integrated,2
malvido,2
remainder,2
ten,2
astronomicas,2
story,2
wells,2
jiquilpan,2
kristin,2
conquista,2
tecpan,2
division,2
dindmicas,2
marmolejo,2
grandes,2
contributes,2
drier,2
route,2
declaration,2
speculations,2
poblamiento,2
transformations,2
atemajac,2
anthropologist,2
trabajos,2
bulletin,2
referred,2
seen,2
collections,2
yale,2
itself,2
markers,2
relevant,2
nomadic,2
archeologie,2
politico,2
fall,2
comercio,2
michelet,2
extremely,2
british,2
centuries,2
phytolith,2
lago,2
matters,2
school,2
bean,2
anthropologie,2
enfoques,2
conclusion,2
ethnological,2
mentioned,2
calendrical,2
barrio,2
significado,2
ethnoarchaeology,2
asentamientos,2
theme,2
comes,2
concluded,2
objects,2
bronze,2
xelhuantzi,2
discrete,2
remarkable,2
nucleo,2
text,2
clarifying,2
sustained,2
volumen,2
colonization,2
ancestor,2
seem,2
intrusive,2
constructions,2
recurso,2
then,2
nouvelles,2
privileged,2
considerable,2
agricultura,2
formas,2
cities,2
possibility,2
places,2
subterranean,2
romero,2
according,2
explanations,2
poder,2
carefully,2
combined,2
motagua,2
ritos,2
terms,2
list,2
typologies,2
ones,2
temperatures,2
character,2
chain,2
robles,2
seasonal,2
map,2
marinas,2
sounds,2
microcosm,2
planta,2
periphery,2
prismatic,2
deer,2
origenes,2
migrations,2
orientations,2
too,2
views,2
apparently,2
urban,2
size,2
avanzados,2
rocas,2
conclude,2
sea,2
farmland,2
simulations,2
press,2
step,2
intensifica,2
pintada,2
allows,2
writing,2
tions,2
toltec,2
cuadernos,2
devoted,2
dioses,2
locations,2
lists,2
mays,2
difference,2
lands,2
resist,2
intensified,2
similarity,2
sandford,2
chemical,2
morphological,2
finally,2
parallels,2
course,2
fauna,2
preceramic,2
accompanying,2
specialists,2
clearest,2
smaller,2
fondo,2
exportation,2
membership,2
chavez,2
needs,2
distinctions,2
classificatory,2
pathways,2
justify,2
chicago,2
fechamientos,2
era,2
norman,2
florescence,2
bounds,2
documentary,2
immediately,2
seek,2
deeper,2
thought,2
funerarios,2
striking,2
strategies,2
historicos,2
god,2
clement,2
padilla,1
problem,1
superiores,1
problematica,1
massif,1
literal,1
situated,1
go,1
bugambilias,1
calibrati,1
smoke,1
cold,1
colores,1
transportation,1
helped,1
mostly,1
demograficas,1
appropriation,1
simbolica,1
paralleled,1
busca,1
estampas,1
canals,1
furst,1
liminal,1
negreta,1
barro,1
calibrated,1
noguera,1
stuart,1
lista,1
cacicazgos,1
boletih,1
propuestas,1
manufacturas,1
comala,1
worship,1
ropologfa,1
stairways,1
integrating,1
suggested,1
grappled,1
northernmost,1
encouraged,1
battle,1
truth,1
vertiente,1
culminated,1
catalog,1
credibility,1
intriguing,1
foraging,1
magnetic,1
diez,1
mendoza,1
feathered,1
alone,1
combine,1
maravillas,1
mundane,1
benedict,1
tcuchitlan,1
facades,1
utility,1
discusion,1
string,1
manuscript,1
pushed,1
doblamiento,1
deciduous,1
controlling,1
ambiente,1
bidirectional,1
trascendencia,1
lupe,1
group,1
interrelationships,1
lava,1
madison,1
catchall,1
agency,1
ample,1
confidence,1
aproximaciones,1
properly,1
grandest,1
precolombino,1
tend,1
essays,1
surviving,1
ceremonialism,1
forgiveness,1
anchor,1
raices,1
uniquely,1
compama,1
true,1
postdate,1
summaries,1
actividad,1
unfortunately,1
strictly,1
tallada,1
arrangement,1
easily,1
milieu,1
upheaval,1
seriation,1
osteologico,1
park,1
estriados,1
silica,1
ring,1
treponematosis,1
boulder,1
nord,1
diffuse,1
tridimensional,1
trenching,1
acceptance,1
policy,1
comentarios,1
pantheon,1
cargo,1
necessarily,1
ciudades,1
dakin,1
exciting,1
hominid,1
variants,1
evident,1
faded,1
scientist,1
planeta,1
briquetages,1
excavaciones,1
steeply,1
puntas,1
pots,1
regime,1
vs,1
exceptions,1
haskell,1
something,1
assume,1
induced,1
thematic,1
treponematoses,1
arguing,1
secuencias,1
tall,1
archaeo,1
binford,1
uruapan,1
sfntesis,1
shalt,1
autonomfa,1
incorporating,1
properties,1
confluencia,1
disputed,1
distributions,1
arms,1
cutting,1
file,1
stress,1
round,1
townsend,1
anything,1
tweezers,1
moisture,1
upland,1
decidedly,1
cubiertas,1
impulsores,1
isthmus,1
chapfn,1
encyclopedia,1
censales,1
davis,1
ethnologist,1
reconstructions,1
definitely,1
fortifications,1
tribute,1
ceramically,1
paleoclimatological,1
repeatedly,1
paths,1
implements,1
progressed,1
ashgate,1
chontal,1
voices,1
melissa,1
interests,1
dossiers,1
chichimeques,1
antiguas,1
originally,1
ii,1
repertoire,1
rayos,1
phil,1
taken,1
restoration,1
export,1
symmetrical,1
serpent,1
culturally,1
contrasted,1
palabra,1
planting,1
address,1
attempt,1
utilization,1
expectation,1
lomas,1
artificially,1
fragmentary,1
advanced,1
peiia,1
priate,1
supplied,1
altering,1
definition,1
strip,1
dramatically,1
dampening,1
sediments,1
reach,1
oval,1
musikarchaologie,1
nothing,1
stratigraphically,1
huichola,1
textiles,1
agrarian,1
hybrid,1
broken,1
warm,1
conceptualized,1
hunted,1
invigorated,1
ben,1
notables,1
thank,1
rutas,1
pivot,1
torres,1
verdes,1
sector,1
simbolicas,1
chroniclers,1
imperio,1
government,1
xiii,1
moon,1
tukipa,1
entered,1
characterizing,1
room,1
kuilichi,1
cristobal,1
reproduction,1
ecuador,1
hands,1
maritime,1
deforestation,1
achieved,1
damage,1
bayo,1
watercraft,1
pursues,1
tangible,1
skull,1
mind,1
statement,1
murray,1
raramuri,1
emphasized,1
cysts,1
salineros,1
hypotheses,1
robert,1
barcenas,1
etnografico,1
supplemented,1
embody,1
decreased,1
theories,1
tecolote,1
corroborate,1
bioarchaeology,1
liffman,1
signs,1
segmentary,1
colonies,1
mineralogico,1
firewood,1
threshold,1
company,1
mapping,1
tremendous,1
historico,1
dinamico,1
contents,1
trumpets,1
ant,1
movimientos,1
pretolteca,1
datable,1
miniature,1
documenting,1
occasional,1
nonmetric,1
alto,1
blanco,1
described,1
referenda,1
reminiscencias,1
plains,1
assumed,1
curutaran,1
modernist,1
famously,1
franciscan,1
verlag,1
cultivators,1
fernando,1
sunken,1
arcaico,1
autonomous,1
key,1
albeit,1
berthelot,1
centros,1
acanaladas,1
perrin,1
continuum,1
optimum,1
tx,1
shafts,1
u,1
incorporate,1
cramaussel,1
addresses,1
reanalysis,1
changed,1
design,1
stepped,1
figs,1
zur,1
gardens,1
mundial,1
consulta,1
logical,1
politics,1
piedras,1
modo,1
machinery,1
matadas,1
grabado,1
reaching,1
ance,1
torre,1
establishing,1
adopting,1
feinman,1
functions,1
october,1
impacted,1
intensively,1
tidepool,1
comparacion,1
perforators,1
panteones,1
bodies,1
apart,1
discovered,1
conflictive,1
impersonators,1
cosmological,1
pairs,1
balkani,1
braziles,1
household,1
shellfish,1
crypts,1
kan,1
geomorphological,1
synchronicity,1
esplendor,1
objective,1
deities,1
representing,1
boletm,1
judgment,1
rodents,1
excesiva,1
approches,1
acdmbaro,1
undergone,1
engage,1
punto,1
gustavo,1
novohispano,1
gateways,1
maisonneuve,1
presage,1
empires,1
signal,1
write,1
estructuras,1
fund,1
framework,1
ional,1
tecnico,1
lessivage,1
nurse,1
resembling,1
palaeolimnological,1
aculturacion,1
associations,1
decouverte,1
documentos,1
lujan,1
examining,1
industriales,1
instalaciones,1
responded,1
villa,1
glacial,1
merchants,1
historically,1
madrid,1
nication,1
supresion,1
explained,1
eventual,1
component,1
invisibility,1
dvorak,1
weitlaner,1
quality,1
inhumacion,1
inevitable,1
pursue,1
intentional,1
agent,1
conversion,1
campos,1
against,1
tehuacan,1
analyzing,1
cronologia,1
subpoblacion,1
sediment,1
september,1
leaned,1
culto,1
monopolizing,1
sociale,1
integral,1
bajib,1
seismic,1
atop,1
lusher,1
regarded,1
contributors,1
attested,1
occurs,1
lacustre,1
carlos,1
settings,1
participating,1
application,1
funeraria,1
fronteriza,1
speculated,1
mexicans,1
preagricultural,1
universitaires,1
continuidades,1
sore,1
consists,1
overly,1
industrial,1
zamudio,1
spans,1
forced,1
conundrum,1
exercise,1
guided,1
priority,1
weaknesses,1
feathers,1
unity,1
sustain,1
esqueda,1
lienzo,1
cases,1
importancia,1
sanders,1
wixarika,1
hohokam,1
items,1
adopted,1
destroyed,1
forensic,1
macrorregion,1
etnologia,1
ndhuatl,1
castellon,1
recoleccion,1
autoridad,1
canal,1
archaeoastronomy,1
frustrating,1
pablo,1
pecked,1
tafonomico,1
reyna,1
encompass,1
espejos,1
highest,1
kilonwtors,1
perfodo,1
panorama,1
comparativo,1
gal,1
internac,1
honour,1
elaborated,1
continuous,1
shott,1
module,1
vancouver,1
truly,1
estimate,1
alliances,1
price,1
fowler,1
compare,1
helpful,1
curate,1
arqueologfa,1
lisa,1
coinciding,1
purported,1
identifications,1
avances,1
absorbed,1
drawn,1
palafox,1
weaver,1
flayed,1
grouped,1
interlocking,1
spite,1
critique,1
yan,1
villanueva,1
necrophaghous,1
dwindling,1
interregionales,1
belongs,1
representation,1
sagrado,1
manos,1
potosi,1
tala,1
pronounced,1
hardly,1
invites,1
columns,1
biand,1
handful,1
word,1
competitive,1
ton,1
justeson,1
polishing,1
paralleling,1
cast,1
zonas,1
gillespie,1
decisiones,1
nobles,1
mechanism,1
tepecuazco,1
staller,1
newer,1
consolidation,1
buried,1
van,1
higher,1
biface,1
ciertas,1
drained,1
affiliations,1
olmedo,1
assessed,1
foote,1
soil,1
align,1
azteco,1
seasonality,1
philadelphia,1
recognized,1
evaluates,1
mixtlan,1
lac,1
basics,1
llegada,1
portrayed,1
aveni,1
segun,1
caflada,1
frustration,1
potent,1
michigan,1
religiones,1
mexicaneros,1
centerpiece,1
patron,1
agencia,1
micas,1
investigacion,1
simbolismo,1
catarina,1
main,1
answered,1
absent,1
generations,1
scrambled,1
leidorf,1
rounded,1
basaltic,1
learning,1
sexualidad,1
kindl,1
camacho,1
posits,1
mirando,1
sizable,1
explicit,1
account,1
notion,1
subdivision,1
comparable,1
levine,1
excavators,1
arqueologih,1
goes,1
fed,1
opportunity,1
risk,1
proportion,1
associate,1
supplement,1
legal,1
eight,1
chambers,1
viewed,1
inferencias,1
balanced,1
sierras,1
ongoing,1
chichen,1
makes,1
leng,1
nos,1
cave,1
schoenwetter,1
danger,1
hosier,1
floodplain,1
monumentalidad,1
inhumaciones,1
animals,1
concep,1
arquitectonicos,1
morelos,1
paleolithic,1
factors,1
expressing,1
lots,1
reinterpretation,1
util,1
ironic,1
internecine,1
exceptional,1
monopolized,1
understand,1
treated,1
nities,1
favor,1
acquisition,1
conscious,1
lumholtz,1
facilitated,1
old,1
conferencia,1
soon,1
implementos,1
counterparts,1
stirrup,1
laquemada,1
consejo,1
occupational,1
plazas,1
eventually,1
suroeste,1
lister,1
guatemalan,1
underpinnings,1
actus,1
imposed,1
energy,1
chungara,1
underlying,1
aguirre,1
vivid,1
amid,1
canales,1
edition,1
informe,1
safe,1
meso,1
termini,1
accomplishment,1
traces,1
mala,1
gradually,1
rays,1
house,1
otras,1
exploratory,1
characterizations,1
agriculturalists,1
dolphins,1
baja,1
quantifies,1
prevent,1
xi,1
undated,1
stored,1
flats,1
favored,1
asociacion,1
filed,1
exploited,1
sodi,1
promoted,1
armies,1
tourism,1
especially,1
litvak,1
cotton,1
toro,1
unidos,1
quiroz,1
definite,1
nahuas,1
telford,1
ponce,1
keep,1
zingg,1
buffalo,1
islanders,1
otomfes,1
profundas,1
reconsideration,1
tateikita,1
victorian,1
plenum,1
erongarici,1
answers,1
pole,1
destructive,1
running,1
relevance,1
intemacional,1
care,1
syntheses,1
corresponding,1
convencionales,1
projected,1
etude,1
warmer,1
drawing,1
approche,1
cosmology,1
body,1
magia,1
hope,1
archeology,1
civilizacion,1
limnologic,1
osteological,1
bureaucracy,1
experimentation,1
whereas,1
raw,1
expressed,1
cuadro,1
individually,1
anadara,1
anthropogenic,1
sprajc,1
laid,1
societe,1
thousands,1
migrant,1
abandoning,1
oysters,1
declined,1
resumen,1
harder,1
pijoan,1
critic,1
opposing,1
called,1
color,1
typical,1
reverse,1
treatments,1
amsterdam,1
missouri,1
arechavaleta,1
toponimia,1
zinapapo,1
apiece,1
predate,1
economics,1
stretches,1
demands,1
terminological,1
embajada,1
infrequent,1
events,1
relate,1
outpost,1
ortega,1
spotty,1
luxury,1
emerge,1
valor,1
cupules,1
reactionary,1
hits,1
burst,1
philosophical,1
struggles,1
arable,1
arechiga,1
mined,1
respects,1
visperas,1
punishment,1
lizarraga,1
evaluate,1
occurring,1
gudino,1
teotihuacanoide,1
notas,1
academic,1
density,1
companion,1
moctezuma,1
equally,1
reasons,1
traits,1
bp,1
subsisted,1
imbalances,1
posited,1
blanton,1
engraved,1
job,1
maritima,1
cremated,1
voorhies,1
warriors,1
supporting,1
coyle,1
keywords,1
etnoarqueologfa,1
redes,1
personaje,1
spout,1
intensity,1
cannot,1
dispersal,1
meet,1
otomi,1
precldsico,1
younger,1
maximum,1
fish,1
valinas,1
bordaz,1
modify,1
medida,1
absolute,1
misterio,1
aridity,1
horcasitas,1
tipos,1
oseos,1
hierarchies,1
archivo,1
blake,1
graciously,1
superior,1
gods,1
retorno,1
conocimientos,1
sedentism,1
depictions,1
potencias,1
marie,1
experiment,1
technical,1
scripta,1
herencias,1
distinguishes,1
provincial,1
gathering,1
minimal,1
seeking,1
urbano,1
designation,1
digital,1
abandonaron,1
ballgames,1
degrees,1
arquitectonico,1
edge,1
network,1
geological,1
hacedores,1
deciphering,1
ethnohistory,1
cinnabar,1
headless,1
rainy,1
reordenamiento,1
partir,1
contextualized,1
comprises,1
women,1
tafonomica,1
exquisite,1
lords,1
imagined,1
sinaioa,1
concept,1
arenal,1
unless,1
guerrier,1
significantly,1
reflejo,1
protohistoire,1
josi,1
treasures,1
london,1
hereditary,1
purpose,1
preuss,1
substantiating,1
uacusechas,1
mirada,1
casa,1
periquillo,1
evidencia,1
clearer,1
agavero,1
quickly,1
tepic,1
petroglyphs,1
indigenous,1
unto,1
sequenced,1
conduit,1
punta,1
explain,1
cobre,1
organizacion,1
effigies,1
bowl,1
geology,1
restructuring,1
artefacto,1
konrad,1
wittfogel,1
parameters,1
intentionally,1
dozens,1
sta,1
q,1
fail,1
waterless,1
twin,1
castillo,1
macroeconomic,1
ayer,1
workshop,1
broad,1
geografica,1
faugfcre,1
constitute,1
drew,1
imitations,1
salees,1
occidenle,1
runs,1
speaking,1
thereafter,1
downturn,1
divinos,1
turquoises,1
outposts,1
mesoamericans,1
salazar,1
caza,1
floors,1
systematic,1
michoacdn,1
sels,1
swamps,1
grupo,1
stanford,1
crosscuts,1
processed,1
horizon,1
ethnicity,1
urn,1
memoirs,1
isabel,1
effectively,1
polity,1
marking,1
william,1
turmoil,1
andinos,1
hoya,1
refuse,1
errors,1
thread,1
foci,1
abandonos,1
bloodletting,1
subtle,1
oriental,1
aided,1
expended,1
lenguaje,1
good,1
evaluated,1
responses,1
sketch,1
caution,1
construct,1
ungrounded,1
painting,1
fuente,1
multifaceted,1
societes,1
ago,1
corresponds,1
diminish,1
waterfowl,1
carry,1
etnohistorica,1
distances,1
etimologico,1
especial,1
logic,1
revolution,1
parviglumis,1
ethnobiology,1
modifications,1
next,1
civilisation,1
antropomorfas,1
prohibits,1
villagers,1
multitude,1
inscripcion,1
synthesized,1
squarely,1
reaches,1
fuentes,1
resultados,1
heart,1
atmosphere,1
involved,1
belt,1
paleoecological,1
encompasses,1
openly,1
ruvalcaba,1
calling,1
dried,1
cossio,1
leaves,1
decay,1
mineral,1
ignore,1
june,1
exemplifies,1
wider,1
smithsonian,1
influencias,1
components,1
munoz,1
crystallization,1
temporary,1
cool,1
newcomers,1
notorious,1
barrera,1
distinguished,1
portions,1
usual,1
desplazamiento,1
villages,1
antagonismos,1
differing,1
impossible,1
tens,1
critiques,1
nucleares,1
xxvii,1
tardfo,1
crisscrossing,1
managed,1
stratigraphy,1
visible,1
uto,1
viking,1
falicas,1
opposite,1
recientes,1
informatica,1
cambios,1
describes,1
correspondence,1
prospeccion,1
matlatzincas,1
agricola,1
cycle,1
provenance,1
drowning,1
feasible,1
lansing,1
chopper,1
developmental,1
adornado,1
preliminary,1
vitaes,1
swings,1
heyday,1
jalpan,1
escultura,1
territoriales,1
promising,1
battles,1
seemed,1
content,1
urichjy,1
ask,1
span,1
benches,1
llc,1
steps,1
consideraciones,1
therefore,1
statelike,1
exotically,1
maguey,1
partially,1
orientaciones,1
aliphat,1
diferentes,1
factores,1
ical,1
exterior,1
vasija,1
trabajo,1
give,1
saw,1
colors,1
territorial,1
principales,1
expanse,1
amphora,1
variability,1
bringing,1
emergencia,1
gabriel,1
primitive,1
statecraft,1
efectuadas,1
pilgrimage,1
worldview,1
stale,1
waning,1
paleoecology,1
ans,1
gradual,1
hide,1
overall,1
comparative,1
nuestros,1
insiders,1
yucatan,1
charlton,1
multileveled,1
arquitectonicas,1
curicaueri,1
defensible,1
crisalidas,1
fruit,1
wetland,1
palynologists,1
rodriguez,1
descubrimiento,1
comparan,1
etc,1
metodos,1
driest,1
fabiola,1
building,1
unopened,1
barren,1
centrales,1
peces,1
cobean,1
tumulos,1
migra,1
studien,1
linguistically,1
disrup,1
terrain,1
longitudinal,1
collapsed,1
doble,1
actuales,1
grooved,1
simultaneously,1
fueron,1
abrupt,1
strategic,1
hearths,1
tends,1
direction,1
hibrida,1
selection,1
structural,1
magrina,1
guzman,1
spectacular,1
silva,1
guide,1
continuation,1
collect,1
mercantile,1
military,1
accompaniments,1
angel,1
elaboration,1
donnees,1
desertification,1
violence,1
reference,1
describe,1
excessively,1
revealed,1
etat,1
move,1
atomize,1
tizapan,1
database,1
theodor,1
acknowledgments,1
undoubted,1
transvolcanic,1
precolumbian,1
obtain,1
ensuing,1
historiadores,1
achim,1
evolved,1
mobile,1
restricted,1
ohnersorgen,1
referencing,1
ka,1
populated,1
fournier,1
palaces,1
spear,1
temperate,1
intraelites,1
muerte,1
asociado,1
clarified,1
tualized,1
stabachines,1
lowland,1
calculo,1
mes,1
une,1
clothing,1
perspectives,1
light,1
rain,1
investigates,1
shifting,1
dropped,1
rising,1
carmona,1
formalized,1
dna,1
conflictual,1
accelerated,1
paint,1
satisfactory,1
gary,1
traders,1
subregional,1
enlace,1
reliance,1
begins,1
boost,1
revelada,1
custodios,1
aramoni,1
provincia,1
enterprises,1
sistema,1
independent,1
aztequismo,1
insectos,1
usmajac,1
longer,1
useful,1
volume,1
programmatic,1
nicholas,1
oxygen,1
mictlantecuhtli,1
members,1
oral,1
wichman,1
maquetas,1
name,1
successfully,1
aggregated,1
complejas,1
lanceolate,1
afterlife,1
amapa,1
inquisition,1
stated,1
journey,1
mentions,1
jimonton,1
noroccidente,1
fin,1
fragmentation,1
spend,1
avail,1
foil,1
put,1
deepwater,1
motifs,1
permanente,1
wetlands,1
addition,1
reappearance,1
bajo,1
timescale,1
ecuadorian,1
anecdotal,1
speaks,1
slim,1
prismaticos,1
llanura,1
unifying,1
migratorios,1
diminishing,1
turner,1
finos,1
foodstuffs,1
stimulus,1
centroamericanos,1
caciques,1
suitable,1
botanical,1
importation,1
piezas,1
channeling,1
predictably,1
mito,1
casos,1
sinopsis,1
documents,1
rugged,1
abstract,1
frost,1
cihuatlan,1
forces,1
eagle,1
paleopaysages,1
colsenet,1
linchpin,1
caballero,1
zinaparo,1
somewhere,1
unhelpfully,1
focuses,1
memorias,1
debates,1
kinship,1
occidentes,1
diameter,1
carreteras,1
lapidaria,1
nuclear,1
man,1
metallography,1
matanchen,1
polarized,1
bealriz,1
archeological,1
sebastian,1
cardos,1
chiefdom,1
disproportionate,1
etnohistoricas,1
transitions,1
ornamentos,1
colonizacion,1
jaime,1
aparecen,1
nieto,1
preet,1
fisica,1
compre,1
procesos,1
everyday,1
rostros,1
geography,1
lizama,1
crosscut,1
available,1
deity,1
nieuwe,1
manner,1
joya,1
innovative,1
square,1
road,1
tiestos,1
contra,1
receives,1
interrelate,1
vulnerable,1
destreza,1
nortenas,1
ultimately,1
answer,1
paleoethnobotanical,1
almendros,1
chalchihuitenas,1
council,1
rh,1
valverde,1
eg,1
explanation,1
toluquilla,1
volatile,1
above,1
mayo,1
invitation,1
chronologically,1
teeth,1
cccidente,1
metropolitan,1
distance,1
calculos,1
sacrificio,1
elementos,1
coined,1
complicated,1
encountered,1
really,1
sugiere,1
guanajuatense,1
identifiable,1
revaloracion,1
landscaping,1
tumuli,1
sihtesis,1
landesque,1
territoriality,1
manifestaciones,1
objectos,1
temporadas,1
breakdown,1
xli,1
postulacion,1
aggregation,1
zation,1
nahua,1
subtropical,1
technologies,1
greatest,1
exhibit,1
especializada,1
totorame,1
mythic,1
mounded,1
atlantic,1
indiana,1
background,1
venus,1
easier,1
thanks,1
assemblages,1
discovery,1
tulane,1
closer,1
sagrados,1
originated,1
chronologies,1
mata,1
rituales,1
challenging,1
secretarfa,1
systematics,1
affinity,1
diferencias,1
archaeolog,1
passes,1
francia,1
deserts,1
feeding,1
antigua,1
sufficiently,1
nucleos,1
clustered,1
manifestations,1
gifford,1
artist,1
safer,1
sap,1
warrior,1
crafts,1
birds,1
concern,1
concheros,1
lavirgen,1
enduring,1
traded,1
combining,1
cranial,1
reconstructs,1
alien,1
hasta,1
force,1
salagua,1
macroregional,1
refers,1
ethnologica,1
factor,1
sund,1
manipulation,1
ideologia,1
chart,1
questions,1
recovery,1
tehuantepec,1
americanistes,1
merit,1
laboratory,1
housing,1
succeeding,1
economfa,1
rojo,1
full,1
previous,1
luz,1
potosf,1
dismissed,1
temas,1
necessitated,1
monopolize,1
souterraines,1
douglas,1
oficial,1
edgeofbajfo,1
open,1
explorations,1
meanings,1
autoridades,1
mesoamerique,1
surgimiento,1
charged,1
publication,1
express,1
recognize,1
estructura,1
entrances,1
feature,1
shrived,1
faculty,1
maintenance,1
lapidary,1
faces,1
mold,1
albores,1
try,1
eve,1
symposium,1
christopher,1
seculares,1
allowed,1
wonders,1
reviewers,1
caribbean,1
collaboration,1
marked,1
mercurio,1
willow,1
summer,1
sought,1
antecedentes,1
stages,1
mountain,1
pyramidal,1
mammals,1
ted,1
interacted,1
authentication,1
improved,1
preservation,1
lorenzo,1
standard,1
jardcuaro,1
martin,1
tollan,1
helpfully,1
disarticulated,1
quick,1
artificial,1
vingt,1
plazuelas,1
novella,1
florance,1
valued,1
conclusions,1
grdfica,1
comparing,1
somehow,1
internal,1
conspicuously,1
cazadores,1
groupe,1
esculturas,1
easy,1
conduits,1
jaca,1
armeria,1
farthest,1
arana,1
differently,1
palo,1
geographers,1
undoubtedly,1
propos,1
shallow,1
displayed,1
effect,1
difraccion,1
amantecas,1
obscure,1
securely,1
rupture,1
hierarchical,1
deeply,1
corners,1
confusing,1
hardy,1
portales,1
voyages,1
infield,1
eduardo,1
tv,1
territorios,1
lay,1
adaptations,1
individuo,1
attracted,1
derivado,1
calendar,1
authorship,1
invented,1
contribuciones,1
mexicon,1
villalpando,1
destruction,1
otomies,1
famine,1
green,1
dryas,1
premieres,1
testimonio,1
recurring,1
guaranteed,1
lowest,1
chert,1
controversial,1
inhumation,1
gleaned,1
acanalada,1
duplicated,1
overlapping,1
posibles,1
references,1
dogs,1
european,1
tolteca,1
tempo,1
depth,1
jauregui,1
mangrove,1
somewhat,1
dawn,1
prehistorico,1
northwestward,1
untapped,1
assigned,1
fueled,1
gmbh,1
circle,1
calichal,1
dual,1
kowalski,1
veneration,1
unidades,1
tentative,1
education,1
richest,1
lot,1
evolve,1
navidad,1
symmetry,1
movements,1
cora,1
septentrionale,1
conquered,1
megafauna,1
erase,1
linda,1
ambivalent,1
burguete,1
antes,1
outsiders,1
obscures,1
nonlocal,1
testing,1
maps,1
bound,1
ojeda,1
rough,1
hill,1
presencia,1
habitan,1
begin,1
franfaises,1
inside,1
slow,1
lines,1
dislocated,1
recognizes,1
barragan,1
becomes,1
contrast,1
dimensions,1
sensitive,1
health,1
translation,1
percussion,1
rethinking,1
momias,1
curation,1
nuevo,1
estrategico,1
visual,1
parsons,1
tobacco,1
clays,1
heartland,1
cementerio,1
periodo,1
whereby,1
covering,1
length,1
figurine,1
crosscutting,1
class,1
flechadores,1
doubling,1
autosacrifice,1
pires,1
inferior,1
petrograbados,1
table,1
clovis,1
scholarship,1
productivas,1
pena,1
tecture,1
ordinary,1
types,1
igneous,1
cuaderno,1
kingship,1
mitochondrial,1
imperialism,1
expediente,1
guerreros,1
articles,1
interpretive,1
widest,1
susan,1
perspeclivas,1
disruptions,1
seat,1
hueso,1
musicarchaeological,1
ranas,1
comparativa,1
fought,1
chaine,1
ixtepete,1
jadetite,1
legacies,1
forests,1
tiempos,1
quarternary,1
asociadas,1
solares,1
fertility,1
chacon,1
tenorio,1
mitos,1
recreado,1
cover,1
stratigraphic,1
periodificacion,1
paleoecologia,1
rarely,1
donors,1
flies,1
ingambato,1
coat,1
xolalpan,1
taridcuri,1
salines,1
sainsbury,1
problemas,1
dispersed,1
prehistoricos,1
millhauser,1
civilizations,1
altiplano,1
analogues,1
revised,1
departmento,1
conjunction,1
banco,1
mixta,1
ultimate,1
alineaciones,1
jicareros,1
deep,1
founded,1
metallurgists,1
postconquest,1
demonstrate,1
adjoining,1
struck,1
eco,1
constituted,1
accounts,1
harbottle,1
turn,1
vi,1
pace,1
guerra,1
cotsen,1
precise,1
capitulos,1
totality,1
externas,1
dr,1
temporal,1
palace,1
charter,1
arquitectonica,1
qanats,1
practicas,1
reconnaissance,1
endfield,1
carl,1
doi,1
interpretativo,1
tecnologico,1
vasijas,1
basketry,1
expedient,1
indigenas,1
appreciation,1
alternative,1
tell,1
choromuco,1
unification,1
minerals,1
set,1
seven,1
coincides,1
mirrors,1
aztecs,1
aplicadas,1
know,1
outcome,1
defining,1
dedicado,1
ran,1
topamos,1
dominated,1
marina,1
intellectual,1
sociales,1
reexamination,1
faciales,1
correspond,1
zinapecuaro,1
reversal,1
par,1
expanding,1
ocupaciones,1
global,1
velasco,1
superficie,1
believe,1
industry,1
flowing,1
specially,1
prominence,1
deposited,1
barcelona,1
colorful,1
inappro,1
clarify,1
anthropol,1
investigating,1
hammer,1
paleoclimatic,1
expeditions,1
americano,1
pigment,1
post,1
serreau,1
exploiting,1
humid,1
er,1
altered,1
collectors,1
cuaternario,1
massachusetts,1
written,1
geofisica,1
yacimiento,1
americanistas,1
abrigo,1
varal,1
margain,1
provoked,1
matos,1
differed,1
sedentarios,1
essentially,1
burying,1
discontinuous,1
miranda,1
gaxiola,1
tercer,1
bands,1
merely,1
concrete,1
chamanismo,1
hint,1
desiccation,1
magnetismo,1
romanticized,1
researching,1
manzanillo,1
humedas,1
geos,1
searchable,1
altars,1
sectors,1
unlikely,1
felipe,1
grandis,1
ocupacional,1
indios,1
tuapurie,1
negotiate,1
transfers,1
jai,1
implicit,1
rose,1
stability,1
multidisciplinary,1
plants,1
supports,1
tailored,1
procedentes,1
symbolically,1
urbanismo,1
maintain,1
wedding,1
climatological,1
interpretaciones,1
ceased,1
dedicated,1
leaving,1
crftica,1
forma,1
vein,1
fully,1
utilitarian,1
insecurely,1
thames,1
destin,1
estratigrafia,1
dissecting,1
collector,1
vehicle,1
hensive,1
densest,1
carbajal,1
require,1
secure,1
kaufman,1
hypothesize,1
offending,1
bulldozing,1
produce,1
preliminar,1
archaeofauna,1
confronted,1
patience,1
araiza,1
stacks,1
amana,1
dentition,1
emphasis,1
archi,1
gamboa,1
replacement,1
instantiated,1
malacologia,1
universe,1
epiclasicas,1
occupying,1
tephra,1
popular,1
spaces,1
desiccated,1
considerably,1
conference,1
caracteristicas,1
plumajes,1
najera,1
varieties,1
ritually,1
entirety,1
john,1
occasionally,1
org,1
careful,1
proliferation,1
otorm,1
classes,1
transport,1
wearing,1
ruled,1
protected,1
disparate,1
categories,1
pasajes,1
uniform,1
understudied,1
despite,1
mitologm,1
oriente,1
traves,1
november,1
exploring,1
caida,1
incorporated,1
gazzola,1
commonly,1
disciplines,1
lies,1
reappraisal,1
geophysics,1
unit,1
navarrete,1
contribute,1
campo,1
necessitate,1
chacmool,1
summarizes,1
solitary,1
piria,1
urrutia,1
phenomenon,1
challenges,1
mention,1
salinas,1
evidenced,1
definitions,1
au,1
delving,1
concluding,1
waves,1
ortelli,1
ization,1
legitimization,1
courtyards,1
unrecognizable,1
frances,1
estatales,1
variantes,1
come,1
jalisciense,1
named,1
naturales,1
white,1
shorter,1
consilience,1
statut,1
aislados,1
extension,1
timesca,1
fabregas,1
radiocarbono,1
spring,1
richer,1
carved,1
multiethnic,1
sistemas,1
distinguish,1
differentiation,1
administered,1
disseminating,1
complejo,1
interested,1
industrias,1
unidentified,1
disappear,1
manta,1
unmarked,1
autochthonous,1
repositories,1
copies,1
finding,1
nonlinear,1
washington,1
fibers,1
cremations,1
vernacular,1
mode,1
paintings,1
alcances,1
rfos,1
documentation,1
armerfa,1
offer,1
insight,1
approximately,1
interpret,1
americas,1
instrumento,1
regionales,1
caiadores,1
usa,1
socially,1
reminiscent,1
silverstein,1
bear,1
successive,1
pames,1
disruption,1
ferreira,1
dinamica,1
regular,1
substantiated,1
earthen,1
centralizing,1
upper,1
folsom,1
playing,1
reslos,1
forming,1
stairway,1
horizonte,1
casting,1
rivero,1
speak,1
nomadas,1
ranged,1
critiqued,1
anonymous,1
mobilized,1
clashed,1
flat,1
carbon,1
besides,1
tesoros,1
pioneering,1
requires,1
tolstoy,1
rest,1
drying,1
fluctuated,1
regularity,1
armillas,1
insufficient,1
combination,1
expresion,1
visor,1
lakeshores,1
fossilized,1
tenemaxtli,1
supply,1
succeeded,1
vary,1
rescuing,1
reached,1
reorientation,1
unstable,1
salinera,1
partial,1
terres,1
fiestas,1
uncertainty,1
cohesive,1
otopame,1
substantial,1
import,1
puts,1
element,1
gourd,1
corn,1
abandoned,1
images,1
meriting,1
technological,1
offers,1
andesite,1
taylor,1
detection,1
desplazamientos,1
tecnologtas,1
purhepecha,1
cross,1
totally,1
mcvicker,1
ceremonias,1
tepehuana,1
aztecan,1
signals,1
inicios,1
cuando,1
contactos,1
cienega,1
estrategias,1
cited,1
gold,1
hypothesis,1
