WORDCOUNTS,WEIGHT
the,1247
of,1104
and,831
in,616
a,333
to,296
that,177
as,163
for,144
at,135
is,129
on,122
pp,116
uruk,101
from,93
this,92
m,88
or,88
was,83
with,82
p,78
by,78
were,76
it,74
be,71
an,70
are,70
their,68
mesopotamia,67
one,64
these,61
social,61
its,59
more,58
administrative,56
development,55
g,55
society,53
have,53
early,52
northern,50
not,50
also,48
new,48
they,46
complex,45
state,45
university,42
j,41
southern,41
h,40
organization,40
has,40
would,39
archaeology,39
many,38
other,37
mesopotamian,36
than,36
may,36
american,35
s,35
complexity,35
sealings,34
i,34
political,34
late,34
change,34
economic,34
ancient,33
near,32
evolution,32
which,32
we,32
those,31
some,31
research,31
tepe,31
rothman,30
r,30
but,30
exchange,30
fourth,29
period,29
school,29
de,28
control,28
archaeological,27
millennium,27
pottery,27
gawra,27
cultural,26
t,26
studying,26
between,26
even,25
been,25
states,25
only,24
goods,24
central,23
sites,23
same,23
religion,22
labor,22
study,22
most,22
societies,22
bc,22
like,22
analysis,22
different,22
world,22
evidence,22
such,21
settlement,21
perspectives,21
wright,21
north,21
e,20
center,20
system,20
seal,20
population,20
had,20
he,20
tell,20
his,19
model,19
who,19
paléorient,19
seals,19
groups,18
studies,18
there,18
algaze,18
no,18
all,18
use,18
systems,18
anthropology,18
what,18
theory,18
city,18
much,18
approaches,17
du,17
first,17
production,17
clay,17
prehistory,17
scale,17
because,17
chicago,17
although,17
hassek,17
c,16
santa,16
journal,16
site,16
l,16
changes,16
view,16
et,16
south,16
interactions,16
religious,16
power,16
can,16
cities,16
functions,16
area,16
if,15
key,15
prehistoric,15
work,15
used,15
local,15
time,15
another,15
among,15
into,14
before,14
societal,14
within,14
adams,14
stein,14
found,14
data,14
various,14
expansion,14
culture,14
areas,14
types,14
set,14
leaders,14
particular,14
images,14
way,13
history,13
mechanisms,13
n,13
could,13
part,13
approach,13
questions,13
hierarchical,13
temple,13
over,13
specialized,13
very,13
distribution,13
through,13
press,13
our,13
d,13
era,13
iraq,13
contact,12
rather,12
how,12
b,12
materials,12
about,12
under,12
temples,12
sealing,12
trade,12
millennia,12
und,12
does,11
excavations,11
networks,11
k,11
greater,11
based,11
centers,11
place,11
arslantepe,11
level,11
small,11
core,11
periods,11
fifth,11
two,11
ideology,11
see,11
material,11
style,11
understanding,11
evolutionary,11
iran,11
anthropological,11
ubaid,11
annual,11
w,11
size,11
both,11
later,10
large,10
v,10
styles,10
british,10
eastern,10
bowls,10
without,10
well,10
during,10
people,10
oriental,10
others,10
scholars,10
degree,10
turkey,10
represented,10
empirical,10
points,10
so,10
structure,10
natural,10
them,10
administration,10
need,10
remains,10
johnson,10
common,9
represent,9
origin,9
chiefdoms,9
behavior,9
tigris,9
oxford,9
levels,9
process,9
upper,9
important,9
raw,9
network,9
least,9
us,9
regional,9
patterns,9
do,9
elite,9
three,9
function,9
then,9
paper,9
did,9
beginning,9
whether,9
urban,9
presented,9
question,9
susa,9
archaic,9
texts,9
archaeologists,8
certainly,8
room,8
habuba,8
east,8
possible,8
ritual,8
southwestern,8
dynamics,8
distinct,8
third,8
look,8
recovered,8
public,8
further,8
wealth,8
buildings,8
will,8
frangipane,8
hacinebi,8
euphrates,8
pattern,8
less,8
brak,8
clear,8
probably,8
la,8
institutions,8
any,8
palace,8
each,8
current,8
must,8
role,8
techniques,8
höyük,8
elites,8
interaction,8
recent,8
building,8
der,7
o,7
f,7
stone,7
excavation,7
processes,7
eanna,7
nature,7
analyses,7
case,7
lci,7
point,7
along,7
human,7
centralized,7
kind,7
centralization,7
excavators,7
earlier,7
von,7
les,7
clearly,7
beyond,7
strategy,7
irrigation,7
mobilization,7
issues,7
artifact,7
boundaries,7
differing,7
when,7
processual,7
action,7
forms,7
where,7
exotic,7
perhaps,7
explanation,7
region,7
rivers,7
described,7
after,7
craft,7
factors,7
emulation,7
figure,7
itself,7
often,7
equation,7
nissen,7
report,7
particularly,7
agricultural,7
information,7
researchers,7
writing,7
cambridge,7
needs,7
group,6
susiana,6
authority,6
ways,6
modern,6
sources,6
long,6
great,6
differences,6
survey,6
surely,6
relations,6
u,6
design,6
activity,6
international,6
tablets,6
hierarchy,6
york,6
jebel,6
means,6
origins,6
out,6
monitoring,6
term,6
institute,6
record,6
explain,6
method,6
tracking,6
aspects,6
syria,6
basis,6
indigenous,6
rise,6
ethnicity,6
polity,6
good,6
few,6
up,6
am,6
investigating,6
comparative,6
emulated,6
indicates,6
whole,6
flannery,6
museum,6
addition,6
lack,6
lc,6
contemporary,6
discussed,6
strategies,6
necessary,6
number,6
made,6
including,6
significant,6
largely,6
chemical,6
individual,6
general,6
promotion,6
anatolia,6
indicate,6
environment,6
series,6
pollock,6
terms,6
sheikh,6
middle,6
little,6
au,6
artefacts,6
traditional,6
focus,6
southeastern,6
archives,5
done,5
meaning,5
functional,5
administered,5
environmental,5
germany,5
conscious,5
western,5
khabur,5
being,5
give,5
take,5
written,5
dendritic,5
papers,5
designs,5
plains,5
zur,5
variations,5
x,5
controlled,5
review,5
interest,5
elements,5
items,5
old,5
storage,5
traditions,5
leadership,5
philadelphia,5
growth,5
en,5
landscape,5
environments,5
argued,5
result,5
access,5
syrian,5
initial,5
find,5
gods,5
structures,5
own,5
le,5
family,5
presence,5
using,5
preliminary,5
dam,5
geographical,5
second,5
van,5
architecture,5
populations,5
service,5
community,5
make,5
domination,5
ware,5
yet,5
elaboration,5
interpretation,5
kluwer,5
al,5
already,5
mound,5
shows,5
idea,5
larger,5
pennsylvania,5
sumerian,5
outside,5
containers,5
native,5
chalcolithic,5
formal,5
organizations,5
refers,5
factor,5
causes,5
individuals,5
theoretical,5
open,5
multivocal,5
times,5
methods,5
relation,5
effect,5
smaller,5
inside,5
primarily,5
remaining,5
rim,5
forest,5
organizational,5
here,5
seem,5
evident,5
according,5
making,5
des,5
age,5
choke,5
sealed,5
include,5
socially,5
sur,5
defined,5
broader,5
roles,5
problem,4
difficult,4
berlin,4
settlements,4
sets,4
military,4
might,4
definition,4
potentially,4
context,4
issue,4
verlag,4
espace,4
heterarchy,4
primary,4
vol,4
marked,4
politics,4
alter,4
move,4
mental,4
resources,4
piedmont,4
thus,4
relationships,4
anatolica,4
past,4
places,4
served,4
y,4
town,4
bring,4
district,4
mean,4
distant,4
arbor,4
applied,4
cause,4
image,4
organized,4
just,4
too,4
suggested,4
trajectories,4
dc,4
called,4
cylinder,4
im,4
buried,4
required,4
shape,4
almost,4
distinguish,4
imports,4
example,4
related,4
actors,4
records,4
interpreted,4
status,4
excavated,4
sense,4
exclusionary,4
order,4
emerging,4
orient,4
around,4
components,4
fully,4
results,4
therefore,4
led,4
critics,4
variety,4
limited,4
attempt,4
above,4
competition,4
thought,4
technology,4
chronology,4
editions,4
members,4
goals,4
comparison,4
toward,4
regulation,4
anthropologist,4
never,4
paris,4
centre,4
break,4
discussion,4
looking,4
ideas,4
variables,4
full,4
sees,4
emphasizing,4
stress,4
urbanism,4
high,4
stresses,4
especially,4
internal,4
ann,4
versus,4
institution,4
abu,4
sometimes,4
foreign,4
life,4
existed,4
earliest,4
associated,4
polities,4
changing,4
demonstrate,4
symbolic,4
bronze,4
kabira,4
flow,4
sizes,4
half,4
universal,4
ideological,4
reflected,4
rural,4
proposed,4
economy,4
categories,4
die,4
controls,4
rationale,4
colonial,4
formation,4
shown,4
models,4
argues,4
land,4
define,4
godin,4
effects,4
specific,4
themselves,4
exclusively,4
uk,4
meeting,4
built,4
major,4
final,3
now,3
mésopotamie,3
jazira,3
indicated,3
corporate,3
created,3
determine,3
introduction,3
village,3
needed,3
discover,3
kinds,3
former,3
pots,3
contexts,3
salvage,3
said,3
explaining,3
every,3
taken,3
england,3
colloques,3
secondary,3
inherent,3
concepts,3
somewhat,3
dd,3
agriculture,3
coordinating,3
household,3
economies,3
phase,3
throughout,3
immediate,3
quality,3
contemporaneous,3
since,3
neighbors,3
aus,3
conducted,3
encyclopedia,3
structuralist,3
tishreen,3
developments,3
underlying,3
single,3
truly,3
anida,3
cites,3
festschrift,3
warehouse,3
higher,3
civilization,3
recognized,3
developed,3
burial,3
importance,3
direct,3
animals,3
space,3
understand,3
interdependence,3
specialization,3
seeing,3
akkadica,3
section,3
placed,3
resource,3
powerful,3
requires,3
problems,3
metal,3
decades,3
appear,3
basin,3
economics,3
shared,3
î,3
rooms,3
altes,3
administratively,3
urbanization,3
academic,3
kinship,3
ranking,3
focused,3
produced,3
wide,3
yoffee,3
possibility,3
products,3
expansionary,3
spheres,3
brought,3
london,3
explains,3
calls,3
artifacts,3
older,3
demonstrates,3
call,3
schwartz,3
orthogenetic,3
trends,3
heuristic,3
eine,3
nasr,3
working,3
trading,3
emphasizes,3
quite,3
villages,3
necessity,3
origini,3
structured,3
appropriate,3
provided,3
activities,3
critical,3
implications,3
forward,3
exception,3
movement,3
relationship,3
ferioli,3
serve,3
neither,3
processing,3
included,3
broad,3
bar,3
volume,3
walled,3
critiques,3
added,3
millénaires,3
head,3
xii,3
really,3
monographs,3
present,3
keys,3
purposes,3
remained,3
mesopotamien,3
interpreting,3
extended,3
socioenvironmental,3
mortuary,3
controlling,3
asian,3
food,3
sprig,3
sequence,3
ethnic,3
syrie,3
netherlands,3
involves,3
similar,3
historic,3
directed,3
peripheral,3
architectural,3
latter,3
why,3
comparing,3
become,3
interpretations,3
analyze,3
southwest,3
coordinated,3
increasing,3
provide,3
bevelled,3
begin,3
seen,3
began,3
class,3
pristine,3
fe,3
hope,3
stable,3
claims,3
mentioned,3
simply,3
geographic,3
constructed,3
membership,3
know,3
intellectual,3
stamp,3
extraction,3
capital,3
argue,3
presumably,3
hassan,3
houses,3
historical,3
type,3
table,3
investigation,3
combined,3
spatial,3
stability,3
map,3
her,3
emphasis,3
spaces,3
yardstick,3
despite,3
step,3
southerners,3
manufacturing,3
hacmebi,3
mention,3
varied,3
come,3
recording,3
authorized,3
ignored,3
millénaire,3
unified,3
scalar,3
potential,3
hills,3
reached,3
partial,3
create,3
entire,3
zones,3
should,3
doing,3
ca,3
hans,3
arizona,3
contacts,2
superiority,2
currently,2
mostly,2
samples,2
horizontal,2
concerned,2
universite,2
asked,2
extend,2
alone,2
utility,2
contradicts,2
mesoamerica,2
residences,2
ive,2
identify,2
designed,2
prime,2
live,2
motivation,2
di,2
conical,2
nord,2
tied,2
protection,2
necessarily,2
classify,2
presents,2
occurred,2
source,2
chief,2
storerooms,2
baines,2
diffusion,2
either,2
ranked,2
anatolian,2
familiarity,2
preceding,2
creation,2
connection,2
originally,2
attempts,2
concentrated,2
address,2
nürnberger,2
agenda,2
worked,2
fewer,2
asia,2
historiography,2
best,2
available,2
continue,2
tradition,2
leading,2
broadly,2
together,2
monitor,2
accessible,2
portrayal,2
rich,2
rule,2
closer,2
emplacements,2
espaces,2
help,2
nm,2
iraa,2
zu,2
emphasized,2
investigations,2
reading,2
signs,2
surveys,2
similarities,2
nomadic,2
side,2
sophisticated,2
king,2
av,2
capacity,2
sought,2
receptivity,2
changed,2
alluvium,2
felt,2
implies,2
concentrating,2
illustrate,2
obvious,2
west,2
taking,2
ignores,2
dynamic,2
apply,2
undoubtedly,2
against,2
zone,2
measurement,2
collection,2
redating,2
succeed,2
tribute,2
conflict,2
archäologie,2
beveled,2
royal,2
language,2
illustrates,2
predetermined,2
untersuchungen,2
ability,2
storehouse,2
blätter,2
te,2
occurs,2
tucson,2
workers,2
insofar,2
century,2
tripartite,2
interprets,2
rank,2
ct,2
keep,2
perspective,2
depend,2
amount,2
body,2
ha,2
regions,2
speed,2
affectation,2
generated,2
egypt,2
left,2
storeroom,2
estimate,2
compare,2
pittman,2
bachman,2
traced,2
nuanced,2
influence,2
locked,2
scholarly,2
consacrée,2
steps,2
opposed,2
via,2
regulated,2
essential,2
mexico,2
supernatural,2
act,2
statements,2
residence,2
encompassed,2
angeles,2
remain,2
sort,2
organizing,2
basic,2
influential,2
dump,2
incidence,2
active,2
à,2
talk,2
certain,2
derived,2
parts,2
special,2
symbols,2
í,2
periodic,2
reason,2
acquisition,2
nor,2
locally,2
possibly,2
retained,2
emergence,2
sharafabad,2
elsewhere,2
sialk,2
numbers,2
contemporaries,2
northeastern,2
moyen,2
mémoire,2
xi,2
show,2
communities,2
commonly,2
relativen,2
surface,2
facing,2
always,2
exploitation,2
archeological,2
dominant,2
heterogeneity,2
iconography,2
bureaucracy,2
closely,2
my,2
chronologie,2
whom,2
concentration,2
asserts,2
mish,2
corvee,2
das,2
search,2
auditing,2
subscribe,2
scenes,2
austin,2
mesoamerican,2
subartu,2
philosophical,2
markets,2
ramesside,2
equally,2
though,2
interruption,2
tools,2
domestication,2
residential,2
cannot,2
rations,2
necessities,2
colonies,2
orientations,2
specifically,2
hierarchies,2
umk,2
sphere,2
future,2
degrees,2
olmo,2
literature,2
nederlands,2
del,2
claim,2
concept,2
characterization,2
herd,2
knowledge,2
mitteilungen,2
bowl,2
figures,2
actually,2
rituals,2
il,2
graph,2
mari,2
redistribution,2
redistributed,2
moorey,2
traders,2
foci,2
tool,2
halaf,2
creating,2
interregional,2
los,2
hard,2
wi,2
revolution,2
suggest,2
stage,2
administrators,2
comptroller,2
instituut,2
heart,2
several,2
wider,2
smithsonian,2
nineveh,2
folk,2
goddess,2
texas,2
portions,2
modalities,2
barely,2
visible,2
bulletin,2
proper,2
describes,2
finds,2
actions,2
massive,2
behalf,2
journée,2
cite,2
typified,2
san,2
commonalities,2
ceremonial,2
opening,2
montero,2
imagery,2
wrote,2
tried,2
acknowledged,2
reorganization,2
appearance,2
etc,2
still,2
habité,2
expanded,2
denmark,2
distribute,2
falkenstein,2
southeast,2
towns,2
represents,2
makes,2
happened,2
database,2
hilly,2
aux,2
kowalewski,2
iranian,2
accelerated,2
largest,2
alten,2
rome,2
useful,2
ceramic,2
routes,2
starting,2
aspect,2
centralizing,2
death,2
projects,2
water,2
analytical,2
fact,2
longer,2
main,2
hollow,2
conduct,2
advantage,2
viii,2
grave,2
qseir,2
end,2
doubt,2
variation,2
agree,2
simple,2
chiefdom,2
took,2
fits,2
consciously,2
cnrs,2
yale,2
establish,2
relevant,2
ultimately,2
reconstructing,2
begun,2
distance,2
redfield,2
thousands,2
analyzed,2
private,2
carneiro,2
rulers,2
examples,2
determinates,2
treated,2
assemblages,2
chiefly,2
upon,2
identity,2
concern,2
top,2
varying,2
station,2
emphasize,2
assume,2
vc,2
real,2
radiocarbon,2
check,2
office,2
comprehensive,2
se,2
potting,2
held,2
fostered,2
allowed,2
flood,2
features,2
played,2
filled,2
configurations,2
theocratic,2
provides,2
short,2
discarded,2
random,2
article,2
parallel,2
centrally,2
blanton,2
plate,2
looks,2
impressed,2
glyptic,2
quarter,2
propose,2
decision,2
overlapping,2
tokens,2
respect,2
informs,2
dual,2
today,2
independent,2
phillip,2
movements,2
pithoi,2
entities,2
select,2
independence,2
leiden,2
rapidly,2
dietrich,2
archeologie,2
catalyzed,2
dans,2
perceptions,2
stratified,2
fields,2
meant,2
burned,2
ofthat,2
variable,2
following,2
conclusion,2
intensification,2
audits,2
founded,2
economically,2
proposes,2
jemdet,2
alternative,2
satellite,2
stadt,2
principle,2
country,2
finance,2
cultures,2
fiandra,2
assumed,2
interested,2
believe,2
accommodate,2
prestate,2
regard,2
domestic,2
università,2
counting,2
foundation,2
concomitant,2
dumped,2
sanctification,2
recherche,2
birecik,2
phd,2
senior,2
proceedings,2
form,2
list,2
ones,2
comes,2
maintain,2
covers,2
urukéenne,2
shortages,2
knapping,2
adaptation,2
extent,2
choga,2
periphery,2
prestige,2
precursor,2
generally,2
suggests,2
substantial,2
travel,2
internationaux,2
greg,2
transport,2
dams,2
babylonian,2
pits,2
met,2
uniform,2
elucidate,2
heterogenetic,2
became,2
verification,2
easy,2
variability,2
durable,2
plans,2
transition,2
mosul,2
territory,2
commodities,2
copper,2
isolated,2
representation,2
kiln,2
prähistorische,2
students,2
istanbul,2
argument,2
difference,2
crumley,2
paradigm,2
conditions,2
disbursement,2
zum,2
extensive,2
americas,2
consumption,2
canadian,2
sacrificial,2
chronologies,2
heartland,2
integration,2
derive,2
mainz,2
association,2
shift,2
classification,2
enclosed,2
ernie,2
removed,2
umm,2
prospects,2
views,2
nippur,2
given,2
develop,2
seek,2
technological,2
ends,2
close,2
horizont,1
countryside,1
frequent,1
massif,1
democracy,1
surroundings,1
commensurate,1
go,1
degirmentepe,1
formulated,1
transportation,1
possessed,1
rate,1
vor,1
accomplish,1
settled,1
edge,1
capillary,1
protests,1
promises,1
stylistic,1
commentary,1
milieu,1
revue,1
stood,1
europeans,1
locale,1
fouilles,1
affected,1
reconsidered,1
expedition,1
revolutionary,1
foraging,1
adoption,1
mundane,1
nouvelle,1
crossing,1
per,1
trash,1
subsystems,1
ege,1
overland,1
counters,1
becoming,1
pastoralists,1
touched,1
formality,1
tournette,1
agency,1
arbeitsorganisation,1
elaborated,1
properly,1
enhance,1
symbolize,1
assyriologie,1
frühdynastische,1
entries,1
reflections,1
ma,1
referring,1
formed,1
openness,1
usefully,1
uniquely,1
constitutes,1
specialist,1
true,1
alluviation,1
archaischen,1
easily,1
specified,1
park,1
odyssey,1
assumption,1
acceptance,1
devices,1
position,1
equated,1
allies,1
title,1
laid,1
lightly,1
pasture,1
variants,1
total,1
cornell,1
oates,1
hasanlu,1
moving,1
paléohent,1
viewpoints,1
reviewof,1
zwischen,1
sacks,1
classifies,1
arguing,1
englewood,1
eye,1
nonetheless,1
hillsides,1
properties,1
disputed,1
intentions,1
sowie,1
ud,1
predominantly,1
granary,1
fabric,1
coding,1
vandenhoeck,1
karababa,1
gravity,1
gebiete,1
provision,1
permit,1
includes,1
wrong,1
hence,1
titles,1
li,1
oikumene,1
wool,1
container,1
localities,1
dynamique,1
helms,1
kahire,1
derives,1
entailed,1
ii,1
culturally,1
investments,1
location,1
season,1
prerequisite,1
grabungs,1
develops,1
navigating,1
retreat,1
stempel,1
methodischer,1
anu,1
seems,1
hometowns,1
words,1
unlike,1
deconstructionism,1
possibilities,1
principles,1
fatmall,1
tabqa,1
menlo,1
route,1
textiles,1
agrarian,1
assess,1
belong,1
broken,1
accompanied,1
borders,1
display,1
warminster,1
confusion,1
naissance,1
bead,1
abou,1
producing,1
profil,1
studied,1
able,1
scrubby,1
substantive,1
reveal,1
cooperating,1
procedure,1
vorläufige,1
wiltshire,1
packages,1
reproduction,1
niche,1
subsequent,1
warka,1
chiefs,1
chipped,1
developmental,1
feature,1
integrate,1
last,1
date,1
impractical,1
sacred,1
primitive,1
tarih,1
debut,1
platforms,1
revitalized,1
hahuha,1
ours,1
discipline,1
favoring,1
everyone,1
climate,1
attack,1
sanctify,1
intersection,1
rethinking,1
contents,1
frühdynastisch,1
hitnonrirnp,1
flooding,1
nowhere,1
documenting,1
nearer,1
latenza,1
takes,1
occasional,1
weaving,1
existence,1
adrian,1
jerblus,1
resilience,1
collaborate,1
plain,1
chemically,1
task,1
uplands,1
northsouth,1
inca,1
planted,1
conditioned,1
saying,1
hammerhead,1
discuss,1
lifeworld,1
march,1
foreignness,1
retain,1
reminder,1
froms,1
account,1
quantities,1
placement,1
holocene,1
opened,1
prior,1
capable,1
determined,1
upward,1
cooperation,1
nomenclatures,1
citta,1
reaching,1
echoes,1
assure,1
feinman,1
mutual,1
commonality,1
bibliography,1
mobilizing,1
zooarchaeology,1
mastery,1
chicaco,1
beihefte,1
far,1
shanks,1
establishment,1
pairs,1
realistic,1
agendas,1
mountains,1
enter,1
overlooks,1
increase,1
totally,1
himself,1
occur,1
description,1
communication,1
undergone,1
debits,1
warfare,1
modem,1
reassessments,1
crystallized,1
localized,1
ho,1
framework,1
wherever,1
während,1
segregation,1
goal,1
oikwnene,1
seniority,1
liverani,1
subsume,1
timber,1
collapse,1
buccellati,1
differential,1
cemeteries,1
oneself,1
branching,1
merchants,1
ubaidzeit,1
component,1
ute,1
difficulties,1
pockets,1
einheit,1
kurumu,1
inventar,1
efforts,1
constantly,1
rafidan,1
analyzing,1
carsten,1
prague,1
divine,1
patchy,1
arable,1
characteristic,1
relatively,1
regarded,1
domain,1
adopted,1
paléoríent,1
gendered,1
raises,1
mating,1
tsukuba,1
walter,1
historischarchaeologisch,1
superand,1
dubbed,1
topic,1
assured,1
ilinois,1
asymmetrical,1
fluchpunkt,1
fried,1
spans,1
conundrum,1
evaluate,1
down,1
objectivist,1
cases,1
remembering,1
adjustment,1
acta,1
cultic,1
balls,1
refer,1
density,1
back,1
subjects,1
marriage,1
encompass,1
fig,1
response,1
restrict,1
six,1
difficulty,1
druckerei,1
outweigh,1
dates,1
beginn,1
kurban,1
vie,1
module,1
publications,1
unattainable,1
nondomestic,1
drawn,1
archaeologist,1
ny,1
consequently,1
remote,1
hodder,1
dry,1
vice,1
critique,1
ladles,1
özbal,1
details,1
apparently,1
évolutive,1
messages,1
ausgrabungen,1
texample,1
enrich,1
acted,1
impressions,1
build,1
instruments,1
implementation,1
walls,1
let,1
banquet,1
industries,1
jean,1
yorkers,1
catalyze,1
inanna,1
fastener,1
talks,1
assessed,1
operation,1
idols,1
batman,1
eines,1
lexical,1
ill,1
doms,1
americans,1
confines,1
whose,1
subordination,1
german,1
shelgiyya,1
orientale,1
michigan,1
reimer,1
reviews,1
distinction,1
saarbrücken,1
intraregional,1
sensing,1
generations,1
paths,1
perennial,1
keepers,1
lazuli,1
cartographie,1
myself,1
subsistence,1
meld,1
politicians,1
elsevier,1
analyzes,1
ostanatolien,1
deprived,1
titled,1
households,1
locks,1
associate,1
rañdan,1
anhand,1
landscapes,1
viewed,1
leave,1
attach,1
kilns,1
ix,1
institutionalized,1
references,1
jahrtausends,1
envision,1
scales,1
mobilize,1
managerial,1
read,1
burials,1
funneled,1
higginbotham,1
roth,1
scattered,1
mediate,1
precious,1
departement,1
characterizes,1
zummar,1
consistency,1
support,1
englund,1
accounts,1
downward,1
amassing,1
provinces,1
highest,1
monumental,1
antiqua,1
soon,1
adopt,1
sxstems,1
legitimizing,1
consider,1
jacobs,1
foothills,1
unidirectional,1
familiar,1
literary,1
grains,1
peasants,1
evolved,1
dated,1
interim,1
latin,1
connective,1
baghdad,1
ideologies,1
completion,1
receiving,1
hierarchically,1
periodizations,1
god,1
encodes,1
reviewed,1
outgrowths,1
threat,1
fvïi,1
euphratall,1
four,1
converting,1
jars,1
acknowledges,1
lexicalische,1
linguistics,1
interrelated,1
ugly,1
follow,1
drought,1
reseach,1
compellingly,1
repositories,1
efficient,1
linkage,1
defines,1
organisation,1
enhancement,1
freiburg,1
plates,1
manzanilla,1
ceremony,1
asks,1
plenum,1
subsidiary,1
bruno,1
shifted,1
spouted,1
hardware,1
providers,1
etude,1
export,1
providing,1
suffocating,1
advocated,1
globalization,1
evidenced,1
constructive,1
cultivating,1
imperialism,1
levant,1
whereas,1
diachronic,1
snake,1
avant,1
expressed,1
uses,1
carving,1
watchful,1
came,1
lead,1
musée,1
listen,1
karolinum,1
corridors,1
pii,1
harder,1
carrying,1
graphing,1
kingship,1
explanatory,1
plural,1
forming,1
treatments,1
citv,1
relating,1
lived,1
generates,1
events,1
dispute,1
package,1
distributor,1
taurus,1
euphrat,1
luxury,1
brill,1
tiers,1
base,1
cores,1
polemics,1
ethnographer,1
accent,1
temdle,1
extracting,1
embedded,1
zooarchaeological,1
inputs,1
topics,1
neighboring,1
occupation,1
supporters,1
norsuntepe,1
lord,1
understood,1
chogha,1
photography,1
districts,1
début,1
appears,1
ceramics,1
persons,1
fulfill,1
distorts,1
otherwise,1
energy,1
safe,1
bitumen,1
emulating,1
procedures,1
dwellers,1
dependents,1
sacrifice,1
offices,1
materialized,1
si,1
tease,1
scribe,1
silver,1
jahr,1
distinguishes,1
failure,1
abuse,1
directly,1
none,1
having,1
percent,1
feeding,1
berichte,1
distinctiveness,1
relatives,1
margueron,1
landmark,1
closed,1
hatay,1
northerners,1
dog,1
planning,1
intense,1
scope,1
è,1
received,1
obscure,1
organize,1
phenomena,1
tempel,1
start,1
andes,1
locus,1
decisions,1
commoditization,1
diminution,1
imagined,1
compared,1
période,1
significantly,1
tens,1
purpose,1
tributary,1
competing,1
apparent,1
tombs,1
clearer,1
italy,1
interlocking,1
gebr,1
revealed,1
thoughts,1
elizabeth,1
comprehend,1
theorists,1
bols,1
wittfogel,1
transportable,1
loss,1
afar,1
year,1
nu,1
overview,1
gave,1
tale,1
peasnall,1
fail,1
editorial,1
pratiques,1
collective,1
destination,1
tremendously,1
officers,1
intraand,1
predicts,1
randan,1
babylonien,1
winter,1
geoarcheology,1
device,1
mathematical,1
repackaging,1
forces,1
resurrecting,1
personal,1
wasmuth,1
vessels,1
millenium,1
surrounding,1
formations,1
employed,1
believes,1
adab,1
systematic,1
residents,1
multisite,1
wideneredu,1
fieldwork,1
project,1
mccorriston,1
stanford,1
premiers,1
requirements,1
bernbeck,1
discreet,1
contradictions,1
towards,1
sabloft,1
clumps,1
naturwissenschaftliche,1
widener,1
üniversitesi,1
causal,1
published,1
overlap,1
officials,1
painting,1
correct,1
heidelberger,1
caused,1
describing,1
field,1
below,1
spatially,1
reemerged,1
responsibility,1
irrevocable,1
questionable,1
distances,1
aubaid,1
protohistorical,1
indicators,1
next,1
dissatisfaction,1
villagers,1
contrast,1
andern,1
synthesized,1
sharp,1
hole,1
prologue,1
involved,1
undlithische,1
teams,1
reconnaisance,1
endpoint,1
soil,1
recognition,1
synthesize,1
workshops,1
accomplished,1
kleinfunde,1
allotted,1
transfer,1
maleness,1
industry,1
oberen,1
drima,1
lllfls,1
decline,1
styled,1
subgroup,1
implausible,1
seeds,1
foremost,1
philip,1
dem,1
treasures,1
weiss,1
progress,1
problèmes,1
dependent,1
fortress,1
pays,1
loci,1
corollaries,1
estates,1
interchange,1
wale,1
caucase,1
notes,1
florilegi,1
steppes,1
regulating,1
newly,1
pot,1
passive,1
aggregate,1
settle,1
sophistication,1
championed,1
fiber,1
mechanism,1
avoid,1
pope,1
porteurs,1
appeal,1
settlers,1
seats,1
transforming,1
chronological,1
activation,1
consort,1
tenet,1
belgium,1
statuses,1
underlies,1
units,1
imaging,1
kazane,1
observations,1
absence,1
noble,1
sîl,1
semiprecious,1
scientific,1
lesser,1
mark,1
provenience,1
subject,1
bunches,1
corollary,1
irrigationwatered,1
bis,1
reinterpreted,1
schemes,1
corporation,1
return,1
classic,1
female,1
oversight,1
founding,1
brings,1
prevailing,1
poor,1
formative,1
sahlins,1
reaffirm,1
orbit,1
anatolien,1
sending,1
targeted,1
outer,1
modes,1
frankfort,1
tusculanum,1
spot,1
seemingly,1
neat,1
cultivate,1
direction,1
evidentiary,1
dumuzi,1
texte,1
chap,1
percentage,1
undergo,1
spoken,1
cnicago,1
chr,1
foot,1
simultaneous,1
emerged,1
indus,1
carchemish,1
warlike,1
donkey,1
q,1
matthiae,1
jezirah,1
ethnographers,1
arrangements,1
wake,1
rubric,1
rules,1
ile,1
advanced,1
mission,1
subservient,1
criticize,1
plough,1
segregating,1
sociocultural,1
resiliency,1
mobile,1
restricted,1
formally,1
exposure,1
official,1
palaces,1
biers,1
lineages,1
hands,1
puzzle,1
subjectivities,1
participants,1
policies,1
adherence,1
informal,1
light,1
complete,1
shifting,1
performed,1
reconsidérée,1
ethnographic,1
baltimore,1
ed,1
outlined,1
um,1
costs,1
odds,1
illustrated,1
bembeck,1
department,1
reports,1
speaking,1
communicative,1
functioned,1
vallet,1
enterprises,1
unifying,1
sector,1
karakaya,1
picture,1
transcaucasia,1
continued,1
fill,1
eridu,1
aruda,1
funerary,1
imaginations,1
fourthmillennium,1
science,1
majority,1
tour,1
outflows,1
french,1
law,1
ridden,1
technique,1
metaphysical,1
stated,1
relatedness,1
purely,1
again,1
fragmentation,1
polemic,1
pointed,1
christ,1
artistic,1
ask,1
ein,1
adequate,1
instabilities,1
droopy,1
blanks,1
demographic,1
urbanisme,1
oddities,1
investigates,1
ili,1
speaks,1
incorporates,1
marker,1
consideration,1
emplacement,1
mesopotamiananatolian,1
fundamental,1
riverine,1
verifiable,1
lives,1
pressure,1
kulturellen,1
deconstructionist,1
departments,1
morandi,1
questioned,1
plan,1
instituto,1
beliefs,1
appeared,1
documents,1
match,1
egyptianization,1
abstract,1
mashnaqa,1
contradict,1
preferring,1
quelques,1
outlines,1
administrations,1
identical,1
unik,1
considerable,1
man,1
utilize,1
tampered,1
external,1
honor,1
landflucht,1
channel,1
payment,1
ages,1
conclusions,1
hand,1
learn,1
ground,1
clusters,1
ur,1
manner,1
secrets,1
considers,1
ancients,1
weighted,1
essentially,1
unit,1
secular,1
turk,1
developing,1
equate,1
receives,1
ideogram,1
accumulated,1
answer,1
council,1
forth,1
informally,1
colony,1
shiukh,1
capacities,1
über,1
culminating,1
belief,1
governance,1
compelled,1
stylistically,1
routledge,1
archäogolische,1
entrepreneurial,1
interrelationships,1
butteri,1
heed,1
protourban,1
fled,1
identifiable,1
ecology,1
complementary,1
thoroughly,1
civilized,1
sripntiarum,1
years,1
original,1
iq,1
demonstrated,1
meetings,1
gesellschaft,1
gly,1
classes,1
pastiche,1
greatest,1
exhibit,1
reveals,1
meaningful,1
vast,1
diehl,1
coherent,1
generate,1
success,1
effectiveness,1
lupton,1
rendered,1
reaped,1
bear,1
values,1
exporting,1
onto,1
trajectory,1
systematics,1
verifying,1
antiaua,1
presiding,1
eighty,1
enhanced,1
distinctly,1
enormous,1
süd,1
salabikh,1
unpredictable,1
clustered,1
copies,1
canals,1
versa,1
worship,1
host,1
entirely,1
hypotheses,1
affects,1
vocabulary,1
resulting,1
net,1
deutschen,1
rare,1
recovery,1
eden,1
engaged,1
internally,1
lightness,1
raising,1
macro,1
previous,1
literate,1
bifurcation,1
recruitment,1
evolving,1
junior,1
washington,1
versions,1
ties,1
low,1
voyager,1
significance,1
meanings,1
numerical,1
loosely,1
transformation,1
moral,1
reality,1
reward,1
publication,1
agreement,1
peter,1
maintenance,1
logic,1
interpret,1
témenos,1
staple,1
symposium,1
anatniin,1
oberflaschfunde,1
started,1
chipping,1
receipt,1
millénnaire,1
diz,1
gates,1
him,1
babyloniens,1
responses,1
risen,1
mines,1
collected,1
indisputable,1
ernst,1
static,1
antiquity,1
stages,1
hiring,1
lie,1
universitario,1
probable,1
stimulation,1
standard,1
adequately,1
permitting,1
inscribed,1
woodworking,1
ilisu,1
faith,1
remember,1
piscatorial,1
valued,1
graves,1
angrezender,1
outcomes,1
trying,1
qualities,1
leaves,1
eyes,1
lapis,1
impersonal,1
assessing,1
funéraires,1
unoccupied,1
rupture,1
obsidian,1
construction,1
january,1
sanctifying,1
claiming,1
seeking,1
ramifying,1
ausgehen,1
dominance,1
locales,1
adaptations,1
looked,1
workshop,1
grain,1
ausgrabungskampagnen,1
saw,1
tendency,1
destruction,1
relative,1
préhistoire,1
joint,1
élaborées,1
atlas,1
exposures,1
imported,1
achieve,1
sippar,1
minimally,1
manufactured,1
encompassing,1
clans,1
concluded,1
widely,1
imperialist,1
performing,1
administrator,1
limiting,1
dealing,1
carried,1
vallée,1
primate,1
asking,1
seasons,1
recueil,1
dawn,1
discussing,1
topography,1
extracted,1
untenable,1
aid,1
me,1
frühen,1
behaviors,1
flower,1
transformations,1
tentative,1
reviewer,1
enumerated,1
coterminous,1
she,1
lot,1
understudied,1
bureaucrats,1
bulk,1
früheste,1
crucial,1
qarqur,1
usually,1
five,1
maps,1
deconstructive,1
pieces,1
hill,1
omniscient,1
countrx,1
lines,1
foregoing,1
ordinary,1
male,1
slow,1
becomes,1
dimensions,1
directions,1
un,1
pop,1
obedient,1
detailed,1
tahsin,1
team,1
fleshing,1
determination,1
nj,1
grinding,1
importantly,1
contribution,1
unclear,1
legitimacy,1
whereby,1
covering,1
counterpoised,1
traveled,1
modalités,1
owed,1
rot,1
masca,1
encapsulated,1
anthrooolopist,1
fall,1
united,1
populace,1
antiquities,1
dead,1
kings,1
disagrees,1
supporting,1
roma,1
coordination,1
provisionally,1
months,1
exists,1
oppenheim,1
combines,1
interpretive,1
pastoral,1
unacceptable,1
regionwide,1
imperialists,1
door,1
matters,1
detail,1
grenzland,1
fertility,1
dissertation,1
sections,1
postulates,1
niebuhr,1
baseline,1
ration,1
publicly,1
princeton,1
thinking,1
aleaze,1
historian,1
practice,1
aris,1
dispersed,1
considered,1
broke,1
civilizations,1
overriding,1
elaborate,1
incorporated,1
mitchell,1
tapestry,1
circumstances,1
perioden,1
ringing,1
measurements,1
conflate,1
predictions,1
altered,1
struck,1
constituted,1
continues,1
characteristics,1
theme,1
known,1
cotsen,1
rhein,1
esin,1
favors,1
quantitatively,1
temporal,1
proofs,1
explicate,1
keramisches,1
djebel,1
unexpected,1
plea,1
glimpse,1
funding,1
basketry,1
sciences,1
geoarchaeology,1
verify,1
munich,1
receipts,1
gemdet,1
ko,1
integrative,1
quickly,1
ran,1
heiligtümer,1
hautemésopotamie,1
ordered,1
benefits,1
stem,1
rainfall,1
ègal,1
readily,1
seine,1
henry,1
proponents,1
lying,1
laborforce,1
hamad,1
sampling,1
funnel,1
sent,1
fanning,1
appendix,1
explicated,1
wall,1
cui,1
loyalty,1
epistemological,1
deliberately,1
einiger,1
reliability,1
modality,1
scriptorium,1
wilkinson,1
privileged,1
specify,1
benefit,1
illg,1
uqair,1
andeanist,1
steppe,1
identities,1
handor,1
pictures,1
synergy,1
territorial,1
iv,1
living,1
comptrollers,1
advances,1
archival,1
merely,1
person,1
catalogue,1
qualitatively,1
preurban,1
believed,1
animal,1
purported,1
id,1
butchering,1
speiser,1
surpluses,1
day,1
realities,1
ethnically,1
heads,1
answered,1
notable,1
carefully,1
unique,1
cooking,1
typologies,1
archeologischhistorisch,1
involvement,1
want,1
supports,1
zagros,1
seasonal,1
artifactual,1
signature,1
mere,1
writes,1
warn,1
transactions,1
dedicated,1
distancing,1
leaving,1
éditions,1
insightful,1
getting,1
divinely,1
bureaucratic,1
require,1
projection,1
dark,1
cloth,1
representations,1
despotic,1
yield,1
textual,1
imperial,1
bati,1
minimal,1
don,1
faunal,1
richness,1
mccaleb,1
hundreds,1
agglomerations,1
boiled,1
signify,1
genre,1
temps,1
garbage,1
diffusing,1
translated,1
evidently,1
breadbaking,1
conveniently,1
conference,1
practical,1
marking,1
outline,1
moré,1
gebäudes,1
documentary,1
code,1
baskets,1
disparate,1
brepols,1
iiie,1
content,1
datum,1
regulate,1
convinced,1
nordsyrien,1
ks,1
explication,1
adjoining,1
tag,1
went,1
happens,1
adapted,1
measure,1
investigated,1
fasteners,1
snuthpastern,1
theirs,1
reconstruct,1
merchant,1
distinguishable,1
kosak,1
phenomenon,1
allows,1
maintained,1
gain,1
think,1
calibrated,1
turkish,1
rewarding,1
ethnizität,1
subsumed,1
crosscultural,1
syrien,1
françaises,1
produce,1
promoted,1
antiquite,1
postprocessual,1
differentiated,1
until,1
butterlin,1
differentiation,1
unable,1
lists,1
background,1
hoof,1
frontiers,1
bulla,1
cas,1
chakolithic,1
neutron,1
quest,1
contract,1
illinois,1
unequal,1
institutional,1
opens,1
frage,1
frame,1
write,1
stratification,1
charge,1
hurt,1
publishing,1
approachable,1
contributed,1
offer,1
operational,1
tépé,1
alluvial,1
salt,1
integrated,1
disagree,1
dense,1
enabling,1
specialists,1
terminological,1
disruption,1
involving,1
attributes,1
piece,1
colleagues,1
seeks,1
attempted,1
unauthorized,1
marianum,1
baghdader,1
increased,1
tepecik,1
fawqani,1
parentage,1
anonymous,1
metallurgica,1
mobilized,1
vi,1
supported,1
insider,1
ergani,1
modeling,1
apart,1
distinctions,1
portrait,1
chisel,1
plethora,1
uba,1
painted,1
marxist,1
justify,1
vary,1
microanalysis,1
kingly,1
sits,1
debate,1
pool,1
deposition,1
maximum,1
beziehungen,1
puts,1
element,1
intended,1
valley,1
equipment,1
persuaded,1
divergent,1
abandoned,1
aigaze,1
méthodologie,1
urukzeitlichen,1
laborers,1
yanm,1
systemsustaining,1
indicating,1
linen,1
defensibility,1
mistaken,1
draft,1
customs,1
cited,1
student,1
symbolism,1
mittelsaal,1
gold,1
heterogeneous,1
