WORDCOUNTS,WEIGHT
the,1289
of,1228
and,970
in,650
to,403
a,294
that,233
is,176
on,176
as,160
for,153
from,134
j,129
with,116
complex,109
at,106
this,104
by,97
are,94
pp,93
or,93
m,92
complexity,90
shell,89
social,88
r,87
an,85
p,82
have,79
university,77
evolution,75
not,74
archaeological,72
archaeology,71
archaic,71
american,68
mounds,65
among,65
coast,64
it,63
mound,63
were,62
societies,58
be,55
new,54
has,53
g,53
these,53
e,51
history,51
been,51
cultural,50
was,49
but,49
more,49
northwest,48
evidence,48
california,47
they,44
point,42
k,42
prehistoric,41
late,40
c,40
research,38
b,38
ethnographic,38
evolutionary,38
other,37
inequality,36
island,35
change,35
about,35
antiquity,35
one,34
those,34
l,34
data,34
southern,34
over,34
resources,33
et,33
economic,33
than,32
t,32
between,32
north,32
production,31
some,31
south,31
emergent,31
d,31
s,30
human,30
such,30
period,30
anthropological,30
emergence,30
middle,30
also,29
into,28
egalitarian,28
sassaman,27
journal,27
we,27
hayden,27
populations,27
cambridge,27
recent,27
no,26
organization,26
pacific,26
food,26
historical,26
h,25
his,25
subsistence,25
sites,25
foragers,25
all,24
anthropology,24
arnold,24
before,23
case,23
poverty,23
site,23
well,23
structures,23
san,23
use,23
variation,23
southeastern,23
coastal,22
their,22
chumash,22
i,21
work,21
under,21
any,21
if,20
environmental,20
chiefdoms,20
relations,20
perspective,20
florida,20
may,20
theory,20
through,20
early,20
large,19
thus,19
its,19
two,19
rings,19
many,19
model,19
mortuary,19
although,19
archaeologists,18
resource,18
academic,18
society,18
perspectives,18
channel,18
when,18
complexes,18
w,18
bp,17
study,17
literature,17
status,17
only,17
can,17
control,17
studies,16
labor,16
sociocultural,16
ranking,16
during,16
indeed,16
regional,16
features,16
northern,16
francisco,16
ca,16
groups,15
lower,15
state,15
primitive,15
vol,15
central,15
bay,15
fig,15
storage,15
process,15
prehistory,15
river,15
population,15
suggest,15
southeast,15
al,15
dating,15
organizational,15
hunting,14
ad,14
economies,14
alabama,14
record,14
department,14
formations,14
settlement,14
press,14
power,14
others,14
ecology,14
empirical,14
construction,14
america,14
researchers,14
conditions,14
northeast,13
price,13
columbia,13
whose,13
greater,13
kalahari,13
structural,13
matson,13
culture,13
time,13
so,13
high,13
exchange,13
debate,13
much,13
differentiation,13
years,13
simple,12
there,12
political,12
surplus,12
interior,12
york,12
how,12
origins,12
behavioral,12
circular,12
because,12
small,12
world,12
strategies,12
locations,12
raab,12
hunters,12
sociopolitical,12
particular,12
ecological,12
each,12
suggests,12
intensified,12
area,12
foraging,11
long,11
marine,11
cases,11
most,11
several,11
generally,11
he,11
same,11
ethnohistoric,11
anthropologist,11
forms,11
v,11
region,11
including,11
would,11
present,11
louisiana,11
hierarchical,11
analysis,11
intensification,11
simply,11
current,11
past,11
what,11
accounts,11
does,10
village,10
ceremonial,10
first,10
nature,10
definition,10
along,10
review,10
traits,10
without,10
notion,10
institutionalized,10
burials,10
intensive,10
concept,10
approach,10
likely,10
museum,10
community,10
ring,10
watson,10
do,10
existing,10
material,10
maritime,10
which,10
three,10
structure,10
following,10
alternative,10
economy,10
them,10
form,10
agricultural,10
mode,10
little,10
f,9
contexts,9
worldwide,9
british,9
eastern,9
heterarchy,9
clear,9
russo,9
hierarchy,9
development,9
apparently,9
across,9
communism,9
after,9
ames,9
n,9
age,9
coupland,9
sedentism,9
hereditary,9
documented,9
least,9
few,9
contact,9
islands,9
communities,9
riverine,9
plan,9
feasting,9
range,9
significant,9
national,9
households,9
patterns,9
institution,9
provide,9
life,9
practice,9
smithsonian,9
different,9
best,9
both,9
level,9
include,9
corporate,8
modern,8
properties,8
either,8
suggesting,8
differences,8
atlantic,8
mississippi,8
papers,8
system,8
key,8
politics,8
ritual,8
ranked,8
de,8
transegalitarian,8
back,8
even,8
approaches,8
dc,8
could,8
out,8
carolina,8
brake,8
burial,8
cannot,8
related,8
used,8
records,8
up,8
comparative,8
where,8
number,8
pattern,8
fitzhugh,8
like,8
function,8
systems,8
antecedent,8
paper,8
cultures,8
international,8
making,8
size,8
subject,8
definitions,8
temperatures,8
uk,8
now,7
variety,7
tuscaloosa,7
behavior,7
given,7
critique,7
traditions,7
hardly,7
derived,7
ongoing,7
changes,7
show,7
appear,7
based,7
histories,7
midden,7
term,7
ann,7
institute,7
recently,7
otherwise,7
part,7
knowledge,7
intermediate,7
components,7
st,7
provided,7
will,7
units,7
architecture,7
plans,7
forager,7
ancient,7
lee,7
lack,7
larger,7
understanding,7
examples,7
made,7
band,7
earlier,7
especially,7
relative,7
species,7
transformations,7
united,7
jomon,7
environment,7
then,7
ethnological,7
must,7
defining,7
berkeley,7
argue,7
regard,7
goods,7
ethos,7
phd,7
cal,7
spatial,7
stallings,7
adaptation,7
circumstances,7
despite,7
maschner,7
remains,7
arctic,7
potential,7
valley,7
common,6
later,6
agency,6
mobility,6
paradigms,6
western,6
gamble,6
walnut,6
individuals,6
found,6
take,6
date,6
side,6
holocene,6
conceptual,6
far,6
shellfish,6
includes,6
likewise,6
relatively,6
developments,6
find,6
kelly,6
competitive,6
midwest,6
kodiak,6
similar,6
elsewhere,6
just,6
exploitation,6
permanent,6
whereas,6
had,6
senri,6
scale,6
issues,6
climatic,6
people,6
preceded,6
method,6
led,6
increasingly,6
toward,6
fact,6
treatment,6
grave,6
arguably,6
took,6
monographs,6
landscape,6
less,6
perhaps,6
assume,6
processes,6
theoretical,6
significance,6
latter,6
widely,6
science,6
primarily,6
institutions,6
who,6
associated,6
habitation,6
symbolic,6
theme,6
constructed,6
did,6
domestic,6
report,6
advances,6
according,6
chicago,6
whether,6
gender,6
argument,6
green,6
states,6
effects,6
nonegalitarian,6
intergroup,6
sharing,6
focus,6
broader,6
introduction,5
asserted,5
johns,5
plenum,5
diversity,5
salmon,5
tradition,5
somewhat,5
signs,5
dd,5
context,5
agriculture,5
possible,5
apart,5
exchanges,5
exist,5
interments,5
millennium,5
santa,5
basal,5
rather,5
levels,5
direct,5
parts,5
aquatic,5
arcuate,5
gathering,5
consider,5
dated,5
clearly,5
presumed,5
consequence,5
warmer,5
result,5
plateau,5
configuration,5
understood,5
caves,5
aspects,5
claassen,5
multifamily,5
apparent,5
place,5
inherited,5
project,5
field,5
affluent,5
highly,5
climate,5
elaboration,5
mobile,5
included,5
largest,5
sociohistorical,5
assert,5
varies,5
efforts,5
consideration,5
areas,5
end,5
outside,5
wild,5
japan,5
explicitly,5
another,5
deposits,5
arose,5
illinois,5
refers,5
washington,5
caney,5
stress,5
individual,5
times,5
contributed,5
elaborate,5
arise,5
southwest,5
european,5
enough,5
dual,5
dimensions,5
began,5
transformation,5
existed,5
middens,5
considered,5
known,5
darwinian,5
tendencies,5
very,5
list,5
distribution,5
foundations,5
local,5
observations,5
recognition,5
variability,5
generalizable,5
elliptical,5
parallels,5
inherent,5
increased,5
supported,5
pathways,5
interaction,5
gulf,5
household,5
major,5
hypothesis,5
difficult,4
resulted,4
notably,4
expect,4
group,4
center,4
prime,4
stone,4
true,4
treatise,4
comparisons,4
necessarily,4
bend,4
lightfoot,4
sequential,4
practices,4
women,4
accumulation,4
australia,4
jackson,4
great,4
last,4
ascribed,4
marked,4
activity,4
insight,4
facto,4
egalitarianism,4
phase,4
scales,4
throughout,4
differential,4
cemeteries,4
relationships,4
bent,4
pursuit,4
heterogeneity,4
privilege,4
body,4
response,4
arranged,4
effective,4
dolphin,4
details,4
coasts,4
kentucky,4
historically,4
growth,4
centered,4
developed,4
environments,4
certain,4
lacking,4
productive,4
consequences,4
support,4
plaza,4
sorts,4
argued,4
four,4
additional,4
beyond,4
problems,4
important,4
view,4
harbor,4
access,4
none,4
further,4
informed,4
tension,4
gatherers,4
london,4
woodland,4
midsouth,4
savannah,4
beads,4
my,4
trends,4
pottery,4
working,4
cooperative,4
involve,4
order,4
feasts,4
involved,4
around,4
attention,4
altogether,4
roots,4
structured,4
periods,4
processual,4
implications,4
overall,4
above,4
expanded,4
innovation,4
makes,4
interment,4
communal,4
patterning,4
volume,4
shows,4
idea,4
huntergatherers,4
agree,4
diameter,4
chiefdom,4
men,4
procurement,4
manner,4
purposes,4
see,4
paired,4
saunders,4
virtually,4
behaviors,4
explanation,4
directions,4
elite,4
encouraged,4
luby,4
largely,4
continue,4
trade,4
architectural,4
caribbean,4
general,4
distinction,4
abundant,4
provides,4
never,4
invulnerable,4
tennessee,4
note,4
often,4
huntergatherer,4
why,4
stratified,4
types,4
contained,4
actually,4
series,4
mentioned,4
temporal,4
terrestrial,4
outcome,4
natural,4
intellectual,4
global,4
constructions,4
privileged,4
generalized,4
insley,4
merely,4
better,4
places,4
explanations,4
terms,4
larson,4
her,4
geometric,4
hundreds,4
multiple,4
beach,4
come,4
formation,4
until,4
difference,4
land,4
canadian,4
need,4
involving,4
attributes,4
inequalities,4
specific,4
interdisciplinary,4
vary,4
gainesville,4
strong,4
willing,4
predicated,4
archives,3
horizontal,3
way,3
constituent,3
needed,3
vast,3
formed,3
authority,3
fitness,3
former,3
actual,3
societal,3
consistent,3
invoking,3
taken,3
allow,3
emerged,3
seems,3
shaped,3
principles,3
book,3
leading,3
advantage,3
generalize,3
narrative,3
follows,3
watercraft,3
influences,3
concepts,3
embody,3
tick,3
growing,3
existence,3
recorded,3
capacity,3
draw,3
reproducing,3
taking,3
repeatedly,3
goal,3
centralized,3
chiefs,3
since,3
regarded,3
insofar,3
century,3
nelson,3
precludes,3
arc,3
elements,3
clark,3
malibu,3
serving,3
houses,3
oxford,3
locales,3
explore,3
salt,3
linked,3
higher,3
simultaneous,3
expected,3
arising,3
sort,3
requisite,3
osaka,3
risk,3
grew,3
means,3
tensions,3
dichotomy,3
organized,3
bit,3
latin,3
pastoral,3
too,3
orientation,3
drought,3
defines,3
utah,3
explain,3
undermines,3
trajectories,3
plank,3
nonrandom,3
ambiguity,3
centers,3
sedentary,3
fishing,3
base,3
ceremonialism,3
something,3
fish,3
montagnais,3
expressions,3
criteria,3
hierarchies,3
directly,3
inferred,3
basis,3
claim,3
example,3
thoughts,3
partly,3
relevance,3
survey,3
forces,3
away,3
surrounding,3
amazonia,3
refuse,3
detailed,3
caused,3
shaping,3
coupled,3
brought,3
always,3
annual,3
progress,3
dependent,3
notes,3
appropriate,3
avoid,3
irrespective,3
arrangement,3
matter,3
absence,3
van,3
synthesis,3
located,3
return,3
acknowledged,3
harris,3
interdependence,3
diet,3
exception,3
constraints,3
pelagic,3
make,3
premises,3
biological,3
relationship,3
once,3
criticism,3
interpretation,3
violence,3
happened,3
rife,3
us,3
today,3
complete,3
dialectical,3
indian,3
truncated,3
strata,3
latent,3
published,3
considers,3
challenge,3
conceived,3
addition,3
demographic,3
materialist,3
instability,3
compound,3
monumentality,3
diverse,3
debates,3
man,3
clusters,3
intersite,3
necessary,3
origin,3
deep,3
argues,3
thousands,3
original,3
private,3
extended,3
discussion,3
rendered,3
situating,3
ethnology,3
findings,3
hypotheses,3
mims,3
submitted,3
engaged,3
full,3
classify,3
historic,3
authors,3
logic,3
spread,3
mexico,3
stresses,3
offer,3
graves,3
internal,3
creek,3
become,3
subterranean,3
adaptations,3
y,3
opposite,3
brown,3
dead,3
fueled,3
should,3
abundance,3
continued,3
segments,3
identity,3
testing,3
practitioners,3
program,3
seen,3
millennia,3
recognize,3
labrets,3
achieve,3
centuries,3
differentiated,3
variable,3
monument,3
conclusion,3
ever,3
exposition,3
shapes,3
occupational,3
overexploitation,3
set,3
dimension,3
assumed,3
innovations,3
leaders,3
epistemological,3
particularly,3
brazil,3
assessment,3
latest,3
varying,3
information,3
conclude,3
sea,3
role,3
african,3
lies,3
rationale,3
measure,3
resistance,3
curet,3
arguments,3
ensuing,3
varied,3
question,3
ultimately,3
advent,3
grant,3
documentation,3
instead,3
grown,3
define,3
integration,3
earthen,3
defined,3
seeks,3
locate,3
association,3
offered,3
modeling,3
themselves,3
lake,3
divergent,3
abandoned,3
permutations,3
seek,3
technological,3
building,3
uncertain,3
close,3
transportation,2
circumscribe,2
done,2
limits,2
seasonally,2
meaning,2
strives,2
created,2
hadza,2
liberating,2
alone,2
miguel,2
shellmound,2
enclosing,2
stands,2
settlements,2
rick,2
essays,2
extant,2
second,2
live,2
constitutes,2
continent,2
investigating,2
completely,2
park,2
predating,2
considerations,2
factored,2
justified,2
fixed,2
excavation,2
occurred,2
fruitful,2
moving,2
source,2
clarifying,2
ideas,2
upland,2
decidedly,2
explaining,2
lese,2
embraced,2
certainly,2
calusa,2
medieval,2
meters,2
culturally,2
kilometers,2
moundville,2
interred,2
featuring,2
farmers,2
timing,2
potentially,2
exotic,2
producing,2
arises,2
studied,2
able,2
generalizations,2
uncovered,2
resulting,2
fresh,2
analogical,2
nukak,2
behind,2
similarities,2
uniformitarian,2
akin,2
occasional,2
tuna,2
forthcoming,2
albeit,2
continuum,2
primary,2
u,2
economics,2
prior,2
implies,2
determined,2
shared,2
drive,2
erased,2
shellfishing,2
combination,2
variations,2
say,2
except,2
reflecting,2
x,2
fur,2
cited,2
sand,2
pit,2
affiliation,2
harcourt,2
unconformities,2
fissioning,2
europe,2
neighbors,2
interest,2
riverton,2
juxtaposition,2
locarno,2
cf,2
encyclopedia,2
turn,2
canoes,2
rank,2
distinct,2
collections,2
evident,2
disproportionately,2
contrary,2
highest,2
holds,2
served,2
allowing,2
dates,2
compared,2
truly,2
publications,2
stratigraphie,2
sano,2
drawn,2
terrace,2
generation,2
acknowledge,2
mechanism,2
critics,2
employ,2
opposed,2
poor,2
mesolithic,2
knoxville,2
essential,2
genuinely,2
revisionists,2
generations,2
stressful,2
aggressive,2
unit,2
primitiveness,2
supplement,2
connected,2
inquiry,2
importance,2
proffered,2
contributions,2
enabled,2
multivariate,2
thought,2
blurton,2
mean,2
amassing,2
efe,2
items,2
possibly,2
erecting,2
descent,2
presumably,2
house,2
weak,2
upper,2
surface,2
follow,2
bender,2
islanders,2
decoupling,2
dominant,2
providing,2
trained,2
drawing,2
opening,2
uses,2
problem,2
came,2
six,2
basin,2
explanatory,2
baton,2
effort,2
tomol,2
near,2
noting,2
struggles,2
big,2
engagements,2
focused,2
reviews,2
viewed,2
produced,2
cardinal,2
wealth,2
hypothetical,2
pleistocene,2
required,2
facilities,2
wide,2
public,2
technical,2
gained,2
having,2
flannery,2
distinguish,2
los,2
future,2
significantly,2
dominance,2
competing,2
calls,2
revealed,2
routinely,2
artifacts,2
loss,2
generalizing,2
genuine,2
broad,2
dietler,2
coresident,2
rise,2
employed,2
realms,2
arrangements,2
interpreted,2
own,2
ethnicity,2
whither,2
contradictions,2
traders,2
asymmetries,2
causal,2
good,2
sense,2
describing,2
presented,2
below,2
useful,2
tested,2
sources,2
stimulated,2
hence,2
guidance,2
reviewed,2
autonomy,2
separately,2
depression,2
investigations,2
mi,2
australian,2
slaving,2
boundaries,2
core,2
majority,2
productivity,2
antiauity,2
results,2
whereby,2
tallest,2
massive,2
championed,2
hontoon,2
barbara,2
cite,2
dalton,2
defended,2
noteworthy,2
opposites,2
reduced,2
equality,2
onset,2
pitfalls,2
short,2
tall,2
successes,2
forward,2
nearly,2
tropical,2
formative,2
still,2
kitselas,2
interactions,2
domination,2
perennial,2
seemingly,2
abrupt,2
direction,2
catalina,2
single,2
restructures,2
edited,2
yet,2
monte,2
fit,2
marginal,2
serve,2
sex,2
wearing,2
seeing,2
restricted,2
dolphins,2
antiauitv,2
planned,2
rectangular,2
ideology,2
labret,2
every,2
costs,2
reports,2
unusually,2
reliance,2
georgia,2
inedible,2
compounds,2
evolve,2
discussions,2
paul,2
law,2
ingold,2
semicircular,2
avail,2
rejects,2
put,2
projects,2
water,2
missing,2
speaks,2
lengthy,2
longer,2
foods,2
appeared,2
ought,2
reasoning,2
enable,2
surfaces,2
emphatic,2
reductionist,2
inherently,2
reflect,2
discussed,2
typological,2
ben,2
reasonable,2
arisen,2
ground,2
signifying,2
influential,2
innovative,2
essentially,2
mammalian,2
orthodoxy,2
answer,2
ontological,2
lines,2
leveling,2
fewer,2
reconstructing,2
presuppose,2
gives,2
recommend,2
polities,2
institutionalization,2
pause,2
matrix,2
empirically,2
technologies,2
greatest,2
situated,2
mounded,2
considering,2
disagree,2
sixth,2
increase,2
unpredictable,2
warming,2
louis,2
touchstone,2
assumption,2
emphasize,2
causes,2
net,2
ethnic,2
trend,2
rare,2
nothing,2
check,2
described,2
open,2
estuarine,2
emphasizing,2
publication,2
points,2
failures,2
mississippian,2
bradford,2
ny,2
swordfish,2
japanese,2
responses,2
tribal,2
division,2
geoscience,2
maximize,2
kennett,2
diagrammatic,2
causeway,2
written,2
somehow,2
parallel,2
typically,2
constructing,2
generic,2
editors,2
craft,2
deliberate,2
sacred,2
seeking,2
porcasi,2
versus,2
occupied,2
adaptive,2
arbor,2
decision,2
johnson,2
alaska,2
increasing,2
genesis,2
dealing,2
diminished,2
edisto,2
third,2
entail,2
respect,2
stems,2
aggrandizers,2
fujita,2
canoe,2
scalar,2
independent,2
impressive,2
select,2
vertical,2
bare,2
forming,2
transformed,2
strongly,2
itself,2
effectively,2
circumstance,2
philosophy,2
markers,2
contribution,2
rapidly,2
moroiso,2
shells,2
discourse,2
frames,2
volumes,2
methods,2
figured,2
frontier,2
oldest,2
supporting,2
exists,2
aboriginal,2
widest,2
monumental,2
earliest,2
definitive,2
claims,2
burned,2
freshwater,2
proof,2
abandonment,2
comes,2
respective,2
demonstrate,2
nonagricultural,2
constituted,2
hypothesized,2
observation,2
discrete,2
willingness,2
irvin,2
text,2
sciences,2
here,2
spanning,2
der,2
hospitality,2
partitioning,2
principle,2
specialization,2
attribute,2
seriously,2
east,2
believe,2
down,2
universal,2
post,2
foundation,2
ideological,2
prentiss,2
school,2
perfectly,2
plazas,2
benefit,2
purview,2
going,2
norway,2
closest,2
works,2
living,2
turned,2
beginning,2
knoll,2
investigation,2
jai,2
poses,2
supports,2
independently,2
baja,2
seasonal,2
consisting,2
predate,2
differs,2
prestige,2
lesure,2
resident,2
emphasis,2
urban,2
fundamentally,2
signify,2
dismantling,2
conference,2
socioeconomic,2
occasionally,2
ruled,2
ancestral,2
redundant,2
kin,2
city,2
orlando,2
marquardt,2
became,2
wrought,2
focal,2
intended,2
agents,2
regularities,2
securely,2
indians,2
layers,2
nuclear,2
spring,2
similarity,2
confirmed,2
lately,2
internally,2
materials,2
ascendance,2
paleotemperature,2
preceramic,2
contours,2
smaller,2
await,2
extremely,2
needs,2
midcontinent,2
territories,2
km,2
tribes,2
elites,2
inasmuch,2
views,2
maximum,2
substantial,2
element,2
archeological,2
trigger,2
herders,2
unequivocal,2
successive,2
manila,2
overshadow,2
nicholas,1
sufficiently,1
appeals,1
final,1
transgressions,1
exhibiting,1
go,1
ruminating,1
smoke,1
unabashedly,1
showcases,1
crumley,1
revisionist,1
struggle,1
situate,1
box,1
edge,1
generalization,1
encode,1
herself,1
cacicazgos,1
opinion,1
altamira,1
particulars,1
midpoint,1
centering,1
tyranny,1
pale,1
judging,1
decades,1
engendered,1
market,1
deserve,1
woodburn,1
wa,1
expedition,1
college,1
converge,1
legitimate,1
determine,1
superorganism,1
offset,1
magnetic,1
resided,1
adoption,1
originating,1
collegium,1
pletka,1
pushed,1
distributed,1
crossing,1
withstood,1
germany,1
forcing,1
stripped,1
enlightening,1
inconsequential,1
enduring,1
nonkin,1
determinant,1
rosa,1
systematically,1
kinds,1
todd,1
diverge,1
deviates,1
maize,1
braje,1
artistic,1
word,1
peabody,1
tetaod,1
mcdonald,1
eclectic,1
epiphenemona,1
sets,1
ostensibly,1
tallahassee,1
peaks,1
item,1
cadd,1
driftwood,1
dialectically,1
conical,1
koyama,1
vitally,1
resurgence,1
equated,1
mainland,1
presents,1
laid,1
evaluating,1
botswana,1
robinson,1
expressed,1
harvests,1
conforming,1
our,1
stochastic,1
entertaining,1
arguing,1
adena,1
revision,1
arizona,1
detected,1
chief,1
palpable,1
olocene,1
qualification,1
neritic,1
turning,1
themes,1
hudson,1
chooses,1
test,1
highlight,1
file,1
rorida,1
being,1
said,1
aesthetic,1
member,1
anything,1
copy,1
gap,1
widens,1
beneficial,1
permanence,1
inc,1
impingements,1
failing,1
barriers,1
prolific,1
chasm,1
heel,1
creation,1
disagreement,1
derives,1
neolithic,1
coexist,1
ii,1
wane,1
attempts,1
concentrated,1
enables,1
might,1
rapid,1
astronomical,1
dunnell,1
humans,1
utilization,1
lifestyle,1
anywhere,1
reduction,1
downplay,1
silos,1
ourselves,1
chaco,1
knowing,1
departure,1
sustainable,1
asia,1
extralocal,1
mercury,1
words,1
strip,1
containing,1
practicality,1
submidden,1
storedsalmon,1
oval,1
brokers,1
available,1
capitalist,1
explores,1
secondary,1
hybrid,1
daily,1
accompanied,1
sociality,1
multimound,1
accumulated,1
analyses,1
rich,1
spaced,1
borne,1
trekking,1
condone,1
lumped,1
substantive,1
farther,1
willow,1
reveal,1
composition,1
subdued,1
characterizing,1
religion,1
real,1
reproduction,1
deemed,1
lasting,1
alignment,1
subsequent,1
expansion,1
help,1
inland,1
achieved,1
feature,1
integrate,1
supe,1
sahara,1
course,1
nm,1
replicated,1
trouble,1
stand,1
koster,1
reminiscent,1
normal,1
theories,1
depleted,1
declines,1
within,1
cayapas,1
stopped,1
metanarrative,1
rethinking,1
asserting,1
defense,1
woodlands,1
evaluation,1
retort,1
strictly,1
takes,1
huaoroni,1
predetermine,1
collectives,1
tó,1
underwrite,1
classifying,1
linear,1
neoevolutionist,1
catching,1
anthropologists,1
autonomous,1
formulation,1
oceania,1
mawaki,1
crosscurrents,1
referents,1
tx,1
sought,1
bases,1
conditioned,1
me,1
analytically,1
eurasia,1
ventures,1
right,1
worthy,1
bandwagon,1
jumping,1
deal,1
modem,1
placement,1
legitimates,1
covary,1
capable,1
cooperation,1
condition,1
entrepreneurs,1
cap,1
characterize,1
sumter,1
stressinducement,1
inevitable,1
adopting,1
hoko,1
solely,1
duck,1
diplomat,1
deformation,1
infer,1
bibliography,1
eleven,1
crises,1
occupy,1
structurally,1
geographical,1
eating,1
vital,1
obvious,1
arenas,1
inhabited,1
west,1
congo,1
interspersed,1
establishment,1
diffused,1
overlooking,1
dynamic,1
shady,1
horticultural,1
reconstruction,1
bailey,1
promises,1
shopworn,1
trinkley,1
beneath,1
kwakuitl,1
contexualize,1
eroded,1
measurement,1
prevented,1
warfare,1
liberated,1
tied,1
localized,1
controlled,1
ho,1
signal,1
encroachments,1
recurrent,1
canyon,1
optimism,1
pithouse,1
divide,1
regarding,1
build,1
frequencies,1
descendents,1
multidimensional,1
constitutive,1
royal,1
molded,1
ice,1
collapse,1
erection,1
component,1
surmises,1
dickson,1
dynamics,1
quality,1
lme,1
depressions,1
countless,1
contemporaneous,1
diets,1
due,1
demanded,1
applicable,1
september,1
assumes,1
featured,1
overhaul,1
agent,1
cooperate,1
ethnohistorical,1
reproduced,1
contributors,1
flurry,1
mixed,1
rites,1
excavations,1
issued,1
thames,1
fullblown,1
application,1
turlington,1
jr,1
dozen,1
overt,1
emerges,1
constellation,1
bounty,1
geometry,1
codified,1
assured,1
overly,1
unwilling,1
asymmetrical,1
z,1
spans,1
affairs,1
conundrum,1
weaknesses,1
connote,1
unity,1
unspecified,1
destroyed,1
reluctance,1
channeled,1
underlying,1
document,1
selection,1
enga,1
refer,1
bayou,1
alutiiq,1
enjoying,1
subjects,1
mover,1
simplest,1
crosscultural,1
inclusion,1
overdetermination,1
emphases,1
analogs,1
amalgam,1
left,1
unchanged,1
twice,1
engineering,1
witnessed,1
groupand,1
criterion,1
detecting,1
alliances,1
mechanical,1
circumvents,1
unequivocally,1
competition,1
mirrored,1
multifaceted,1
unresolved,1
deceased,1
look,1
spite,1
ecologies,1
constructs,1
reasoned,1
architects,1
boasting,1
longdistance,1
libyan,1
stratum,1
landmark,1
conceive,1
simplistic,1
messages,1
sambaquis,1
leadership,1
delivered,1
wanning,1
tolerance,1
unobservable,1
floridian,1
nuanced,1
valleys,1
incarnation,1
rates,1
conceptually,1
unfortunate,1
paralleling,1
neareasl,1
poorly,1
incidental,1
unassailable,1
coevolution,1
óf,1
banana,1
ridge,1
mechanisms,1
rights,1
civilization,1
interesting,1
simultaneously,1
sociopolitics,1
topic,1
wishes,1
deviations,1
lt,1
constellations,1
supernatural,1
anthronoloqist,1
predicted,1
memoir,1
dilemma,1
english,1
harrington,1
wanting,1
uhle,1
unabated,1
dry,1
remain,1
elasticity,1
mammoth,1
breadth,1
hoarding,1
basic,1
movers,1
ai,1
od,1
neutralized,1
capture,1
highlighted,1
precluded,1
conceptions,1
represented,1
deliberately,1
suffer,1
goes,1
opportunity,1
taller,1
waned,1
determining,1
lasted,1
appears,1
selectionist,1
thing,1
baselines,1
abstractions,1
personhood,1
implicates,1
expandable,1
lillooet,1
cardinality,1
assuming,1
pages,1
athabascan,1
possess,1
envision,1
symbols,1
cave,1
gratefully,1
danger,1
cooking,1
inherit,1
white,1
read,1
summarized,1
discoveries,1
laying,1
animals,1
logical,1
paleolithic,1
factors,1
paleobiogeography,1
update,1
uncanny,1
reason,1
modified,1
involvement,1
category,1
escape,1
esoteric,1
perceptions,1
acquisition,1
nor,1
finer,1
jomonesque,1
bad,1
tropes,1
affect,1
genocide,1
space,1
biased,1
cause,1
rain,1
locally,1
sociobiology,1
br,1
alleviate,1
layout,1
energy,1
eschew,1
aggrandizer,1
driven,1
presupposing,1
elevated,1
patch,1
numbers,1
impact,1
receiving,1
equilibrium,1
sheer,1
philosophical,1
atisntic,1
allude,1
shore,1
dialogue,1
threat,1
pullman,1
solid,1
suspend,1
commonly,1
acknowledges,1
max,1
lithic,1
calcium,1
powerful,1
robbing,1
kuril,1
polar,1
tourism,1
shed,1
linkage,1
followed,1
notions,1
iconology,1
ganges,1
epiphenomenon,1
hof,1
intentional,1
enmeshed,1
mix,1
incorporate,1
cycles,1
generalizability,1
reconsidering,1
shifted,1
destructive,1
maison,1
unilineal,1
helped,1
consensus,1
likens,1
symbolized,1
antecedents,1
uncritically,1
suggested,1
mammal,1
native,1
nested,1
ha,1
organic,1
taino,1
constructive,1
reflections,1
pathway,1
tn,1
advance,1
forays,1
lead,1
encourage,1
ethnography,1
hexagonal,1
asserts,1
appearance,1
vayda,1
acknowledgments,1
accommodated,1
demise,1
temptation,1
mapping,1
naturalizes,1
schweitzer,1
underscored,1
changed,1
denbow,1
demands,1
terminological,1
relational,1
ocean,1
events,1
radical,1
multiscalar,1
disingenuous,1
mesoamerican,1
accentuated,1
elaborated,1
endeavor,1
brace,1
captured,1
possibility,1
initial,1
synthesize,1
attained,1
mined,1
disruptive,1
pastoralist,1
density,1
impression,1
kinship,1
fourth,1
equally,1
neighboring,1
occupation,1
standardized,1
traced,1
pointing,1
war,1
cremated,1
mate,1
treat,1
revising,1
tools,1
pitfall,1
solway,1
essentialist,1
colleton,1
residential,1
devoid,1
wasteful,1
reinforce,1
litany,1
wherein,1
analogous,1
biases,1
locationai,1
younger,1
duplicates,1
nonmortuary,1
impermanent,1
however,1
extrapolation,1
daisy,1
produce,1
amassed,1
perform,1
instrumental,1
networks,1
bow,1
necessities,1
premise,1
blake,1
died,1
balance,1
isotope,1
influenced,1
affair,1
distinguishes,1
undermined,1
pioneers,1
failure,1
shape,1
weight,1
keeping,1
oak,1
participation,1
sphere,1
network,1
spheres,1
mobilization,1
accounting,1
marsh,1
paleoenvironmental,1
line,1
relief,1
seminal,1
correctly,1
mapped,1
overlying,1
viability,1
residents,1
horticulture,1
skeletons,1
insignificance,1
organize,1
blue,1
fraser,1
carries,1
carry,1
nine,1
clean,1
imagined,1
extending,1
rhurtona,1
psychological,1
heavily,1
degrees,1
hebrides,1
anadromous,1
ecologists,1
symbolism,1
mhntpoinl,1
indigenous,1
lays,1
lessens,1
positions,1
description,1
intentionally,1
dozens,1
coresidents,1
year,1
precipitated,1
continuation,1
bottomland,1
describe,1
consistently,1
older,1
fail,1
editorial,1
exceed,1
purisimeño,1
beginnings,1
contextualizing,1
cluster,1
anthrodoloex,1
lingering,1
winter,1
device,1
covariation,1
call,1
mathematical,1
warns,1
gruber,1
somewhere,1
justification,1
contentious,1
floors,1
differentially,1
feasters,1
achieving,1
showing,1
thule,1
visions,1
selfreproducing,1
ucla,1
else,1
heuristic,1
manipulation,1
longterm,1
eccentric,1
bodies,1
bonita,1
earth,1
shellmounds,1
creating,1
universitetes,1
excavated,1
accused,1
bond,1
punctuated,1
closing,1
ensued,1
thirteenth,1
sweep,1
synergistic,1
cold,1
adherents,1
savage,1
offprints,1
anomaly,1
unexpected,1
individualism,1
tempe,1
archaenlnpx,1
lacked,1
rosenayalon,1
politically,1
amphibious,1
imposition,1
synthesized,1
emphasizes,1
squarely,1
rutgers,1
nonspecific,1
quite,1
emerging,1
signifies,1
inextricably,1
family,1
encompasses,1
openly,1
spanish,1
leaves,1
characteristics,1
transport,1
sufficient,1
driving,1
exemplifies,1
knol,1
broughton,1
prominent,1
endowed,1
hotbed,1
routine,1
cool,1
keegan,1
breaking,1
iron,1
dramatic,1
operationalize,1
fire,1
decline,1
staged,1
ancestors,1
alluvial,1
usual,1
villages,1
tended,1
methodological,1
crude,1
impoverishment,1
typology,1
paleoindian,1
olenostrovski,1
paid,1
plausible,1
siberian,1
value,1
alienated,1
preliminary,1
finds,1
am,1
directional,1
actions,1
reducing,1
tsimshian,1
activities,1
longue,1
rigidity,1
chronological,1
oslo,1
threatened,1
integrating,1
herein,1
critical,1
pampean,1
mbicon,1
statuses,1
catalysts,1
differentiate,1
give,1
saw,1
thanks,1
summarize,1
logistical,1
carried,1
scientific,1
lesser,1
cosmological,1
action,1
indicative,1
launch,1
surprisingly,1
techniques,1
limited,1
archetype,1
braudelian,1
mutualism,1
ahistorical,1
theorizing,1
brief,1
rerphahn,1
planks,1
posed,1
prove,1
boise,1
inuit,1
thresholds,1
whaling,1
illustrating,1
intervention,1
symmetry,1
geniuinely,1
accumulations,1
comments,1
athapaskan,1
builders,1
wind,1
cultivate,1
ask,1
aligned,1
ouachita,1
spectacular,1
resilient,1
scarcity,1
patches,1
contributing,1
collect,1
kent,1
floods,1
incipient,1
q,1
engenders,1
push,1
examined,1
opportunities,1
revisiting,1
rubric,1
tremendous,1
represents,1
rules,1
xinguanos,1
anonymous,1
residence,1
mission,1
counterparts,1
morgan,1
technology,1
fifth,1
chronology,1
challenged,1
remnant,1
orange,1
neither,1
signaling,1
coeval,1
idaho,1
marshall,1
sociological,1
assimilation,1
home,1
initiation,1
analytical,1
connotation,1
light,1
assistance,1
carbonate,1
formalized,1
ed,1
underscoring,1
topical,1
robust,1
overspecify,1
already,1
insights,1
gary,1
provocative,1
psyche,1
functions,1
proclivities,1
noted,1
processed,1
dene,1
operations,1
inexplicably,1
inheritance,1
labour,1
picture,1
inference,1
succeed,1
quantifiable,1
ceramic,1
fabulous,1
simulation,1
enquiry,1
members,1
starting,1
funerary,1
goals,1
name,1
successfully,1
ml,1
sketchy,1
precocious,1
french,1
aspect,1
pinnipeds,1
heritage,1
mediation,1
fell,1
stream,1
height,1
polemic,1
pointed,1
menlo,1
experienced,1
erect,1
prominently,1
ban,1
devolved,1
dissertations,1
equating,1
towards,1
causality,1
traceable,1
twenty,1
subscribes,1
marker,1
unparalleled,1
limit,1
underwrote,1
preserve,1
shade,1
blur,1
scholars,1
guana,1
professed,1
regions,1
cumulative,1
tolerate,1
occupations,1
determines,1
newfoundland,1
hottest,1
hiraguchi,1
documents,1
choice,1
insular,1
layer,1
winterhaider,1
really,1
angeles,1
habitat,1
isolate,1
nucleated,1
john,1
utilizing,1
substantially,1
descended,1
distributions,1
considerable,1
fashion,1
elegant,1
rhetoric,1
disproportionate,1
reproductive,1
philippine,1
conclusions,1
ripley,1
evoke,1
retooled,1
organizing,1
crosscut,1
proletariat,1
archaeologies,1
begin,1
increases,1
proportionality,1
operating,1
metaphors,1
developing,1
equate,1
bead,1
relevant,1
vulnerable,1
underscores,1
cale,1
coincided,1
forth,1
incursions,1
capacities,1
weaken,1
belief,1
croes,1
interdependencies,1
frequency,1
children,1
compelled,1
controversy,1
impoverished,1
cillicothe,1
distance,1
paleoclimatic,1
juxtapose,1
counterpart,1
paso,1
carinated,1
entrepreneurial,1
remarkably,1
interrelationships,1
thoroughly,1
agenda,1
interpreting,1
vtick,1
grounds,1
simon,1
demonstrated,1
week,1
exploring,1
meaningful,1
xiii,1
missionary,1
art,1
leeuw,1
incidence,1
africa,1
reed,1
survive,1
emeryville,1
skepticism,1
treated,1
prevention,1
assemblages,1
envisioning,1
width,1
accompanying,1
values,1
helps,1
sides,1
hofi,1
formal,1
kelp,1
fionda,1
conceivable,1
closed,1
repositories,1
clustered,1
medium,1
ateneo,1
top,1
kujit,1
controlling,1
waste,1
hosted,1
cranial,1
linking,1
whetherrings,1
persisted,1
rivers,1
privileges,1
manifestation,1
vocabulary,1
shortcomings,1
sequence,1
aside,1
products,1
harvard,1
catalyst,1
assign,1
variables,1
supposition,1
laboratory,1
trust,1
chosen,1
ifaluk,1
relegated,1
eight,1
improvements,1
dismissed,1
variant,1
necessitated,1
netherlands,1
interplay,1
prospects,1
platform,1
exceedingly,1
low,1
perimeter,1
landscapes,1
meanings,1
type,1
loosely,1
arkansas,1
humanity,1
reality,1
biome,1
politicoreligious,1
comprehensive,1
iv,1
lakes,1
damage,1
dominated,1
maintenance,1
rebecca,1
interpret,1
subadults,1
counter,1
held,1
crisis,1
divisions,1
allowed,1
historicization,1
healtli,1
reviewers,1
overlain,1
optimum,1
plant,1
risen,1
serves,1
foremost,1
stages,1
reassessment,1
filled,1
vegetation,1
configurations,1
keen,1
theocratic,1
improved,1
preservation,1
standard,1
adequately,1
stelly,1
construct,1
jesuit,1
quick,1
oxbow,1
communists,1
discarded,1
comparing,1
ideational,1
qualities,1
senti,1
sight,1
references,1
iteration,1
overcome,1
topics,1
unoccupied,1
supraregional,1
blanton,1
hydrologie,1
biomes,1
pristine,1
enjoyed,1
operationalized,1
kwakiutl,1
claiming,1
hard,1
acidic,1
sharper,1
capitalism,1
slightly,1
begs,1
equivalent,1
attracted,1
cape,1
figures,1
recapitulate,1
forefront,1
reiterate,1
moundlike,1
tendency,1
athabaskan,1
postholes,1
fuzzy,1
insignificant,1
remarkable,1
basically,1
ago,1
tenuous,1
hope,1
darker,1
sole,1
la,1
unrelated,1
bibliographic,1
crusoe,1
pastoralism,1
gleaned,1
reluctant,1
derivative,1
uncritical,1
boasian,1
drier,1
nuit,1
consists,1
accepting,1
indication,1
arriving,1
speculate,1
depressed,1
catahoula,1
archipelago,1
empathy,1
circle,1
mitigate,1
unranked,1
chances,1
grammar,1
window,1
she,1
dm,1
formational,1
bulk,1
sometimes,1
kenneth,1
anthropologicum,1
usually,1
linda,1
france,1
imbalance,1
defenders,1
naturally,1
expand,1
unwarranted,1
arrow,1
imperatives,1
vague,1
resistant,1
exacerbated,1
andean,1
thermal,1
widespread,1
nexus,1
upgrade,1
trait,1
monuments,1
calculus,1
health,1
concluding,1
venues,1
consonant,1
deposit,1
bears,1
enculturation,1
determination,1
nj,1
macroand,1
husbanding,1
comment,1
maximizing,1
plains,1
length,1
counterpoised,1
andaman,1
georeferencing,1
helpful,1
inspired,1
efficiency,1
jesuits,1
toba,1
deductive,1
ottawa,1
fall,1
michael,1
prolegomenon,1
lineages,1
table,1
jf,1
enforced,1
cashdan,1
epistemologie,1
attached,1
paleocoastal,1
get,1
rim,1
blinded,1
face,1
canada,1
india,1
mirror,1
marshland,1
commenting,1
bigger,1
interpretive,1
crowded,1
tantamount,1
resemble,1
investigate,1
joseph,1
hxaro,1
forest,1
delimiting,1
stable,1
erode,1
matters,1
forests,1
entertain,1
enigma,1
circumscribed,1
rebut,1
acquired,1
springfield,1
reciprocal,1
roughly,1
deposited,1
aggrading,1
rarely,1
thinking,1
reliant,1
ahead,1
lessons,1
civilizations,1
ontologies,1
version,1
changing,1
homogeneity,1
shades,1
peoples,1
peru,1
contradiction,1
poised,1
concordance,1
conceptualize,1
invoked,1
determinants,1
partnerships,1
extension,1
pace,1
implied,1
scrutiny,1
cotsen,1
adriatic,1
reciprocity,1
fluctuating,1
carbondale,1
besides,1
exposes,1
symbol,1
haphazardly,1
pt,1
triggers,1
offers,1
encoded,1
brazilian,1
microscale,1
coincides,1
methodologically,1
integrative,1
quickly,1
erected,1
know,1
chided,1
choose,1
postglacial,1
colonization,1
books,1
readily,1
cm,1
cemetery,1
proponents,1
tolerating,1
specialized,1
share,1
novel,1
ratio,1
setting,1
hopewell,1
seem,1
antiquarians,1
nets,1
nortn,1
jeanne,1
designed,1
sloan,1
vines,1
half,1
explicated,1
cui,1
assemblage,1
episodic,1
returns,1
proportional,1
eventually,1
leacock,1
collectors,1
boasted,1
amazonian,1
sc,1
deem,1
exhibits,1
propensity,1
sustaining,1
infiltrate,1
constant,1
reflected,1
domesticated,1
bullen,1
placing,1
anomalous,1
rural,1
proposed,1
scores,1
importation,1
redefined,1
subordinate,1
believed,1
dismissing,1
id,1
camps,1
game,1
surpluses,1
succeeded,1
rests,1
fuller,1
proceedings,1
canonized,1
implicit,1
mcguire,1
rose,1
prefers,1
adults,1
stability,1
selected,1
typologies,1
namely,1
plants,1
unlimited,1
nearby,1
evince,1
add,1
reiterated,1
statement,1
interval,1
ceased,1
temporally,1
extent,1
surveying,1
appropriated,1
insightful,1
waters,1
densities,1
while,1
gathererhunter,1
correlates,1
collector,1
relativity,1
account,1
nearshore,1
bioarchaeology,1
yield,1
calendrical,1
property,1
springer,1
don,1
agreed,1
oxygen,1
downgrade,1
anthopologies,1
tasmania,1
occupying,1
spaces,1
vessels,1
benefited,1
abundantly,1
recognizing,1
relate,1
careful,1
northwestern,1
outweighs,1
met,1
exercising,1
affecting,1
glosses,1
uniform,1
contemporaneity,1
standoff,1
leicester,1
content,1
prevalent,1
eleanor,1
verified,1
unaffected,1
shellbearing,1
turns,1
returning,1
sante,1
assumptions,1
rigid,1
went,1
vertically,1
confronted,1
investigated,1
harvesting,1
programs,1
geographic,1
presupposes,1
indebted,1
equipped,1
salvaged,1
phenomenon,1
challenges,1
using,1
encouraging,1
exploit,1
isolated,1
gain,1
deflects,1
soils,1
coming,1
detect,1
think,1
contrasts,1
historicizing,1
relates,1
prepared,1
reinforced,1
connotes,1
tantalizing,1
moderate,1
voluminous,1
models,1
elongated,1
wearers,1
survival,1
lists,1
crucible,1
ventureño,1
reveals,1
leveled,1
generate,1
orienting,1
odds,1
predispositions,1
gran,1
initiated,1
persuasions,1
genetically,1
decrease,1
argentina,1
twentieth,1
paradigm,1
grappling,1
institutional,1
frame,1
temperature,1
stratification,1
neis,1
accept,1
imperative,1
newsletter,1
plankton,1
geoarchaeological,1
structuring,1
indications,1
monikers,1
prolonged,1
fauna,1
lively,1
panhuman,1
transegalitarianism,1
situational,1
specialists,1
regime,1
sur,1
developmental,1
unified,1
meeting,1
wiessner,1
disruption,1
thoughtful,1
variously,1
clues,1
attempted,1
divides,1
peripheries,1
rebuts,1
shift,1
rout,1
folly,1
customized,1
hawkes,1
roles,1
summary,1
vertebrate,1
slavers,1
searching,1
orchestrated,1
ofkeatley,1
evolutionism,1
requires,1
substitute,1
qualifying,1
rest,1
attending,1
mason,1
semisedentary,1
intermittently,1
russia,1
conñict,1
correlate,1
morse,1
reached,1
stemming,1
irrelevant,1
agrees,1
meat,1
uncertainty,1
submound,1
texts,1
asymmetry,1
exclusively,1
ownership,1
entire,1
develop,1
complementarity,1
immediately,1
facile,1
heckenberger,1
observed,1
expandability,1
operational,1
hildebrandt,1
subsumes,1
built,1
showed,1
delayed,1
fortuitous,1
polysémie,1
perception,1
costly,1
deeper,1
interpretivist,1
richly,1
continuously,1
thorough,1
