WORDCOUNTS,WEIGHT
the,814
of,757
and,661
in,334
a,251
to,248
archaeology,142
archaeological,116
conflict,107
battlefield,101
war,100
at,97
that,97
j,92
for,90
is,88
d,87
as,86
military,79
are,76
or,74
an,73
on,73
be,65
by,62
historical,56
battle,55
m,54
have,54
university,51
r,51
from,51
pp,49
new,47
sites,46
can,45
with,44
c,44
warfare,43
p,42
american,41
l,41
studies,39
it,35
was,35
not,35
national,35
has,34
civil,34
they,33
s,33
site,33
battlefields,33
journal,31
archaeol,30
this,30
res,30
springer,30
been,29
g,28
evidence,28
one,27
human,27
w,27
which,27
were,26
archaeologists,25
other,25
study,25
archeological,25
cultural,25
investigations,24
et,24
al,24
but,24
historic,24
combat,23
field,22
world,21
forensic,21
prehistoric,21
research,21
more,21
time,21
their,21
park,20
no,20
b,20
scott,20
analysis,20
fields,20
past,20
operations,19
record,19
e,18
its,18
little,18
metal,17
history,17
there,17
work,17
great,17
through,17
t,16
most,16
used,16
these,16
also,16
patterns,16
bighorn,16
physical,16
investigation,16
remains,16
those,15
such,15
york,15
forces,15
us,15
where,15
army,15
information,15
behavior,14
individual,14
about,14
department,14
we,14
report,14
i,13
state,13
some,13
may,13
k,13
artifacts,13
anthropological,13
associated,13
series,13
roman,13
modern,12
terrain,12
last,12
application,12
fort,12
developed,12
out,12
data,12
methods,12
material,12
into,11
since,11
even,11
how,11
creek,11
means,11
international,11
example,11
employed,11
artifact,11
perspectives,11
plains,11
texas,11
theory,11
area,11
specific,11
if,10
resources,10
de,10
development,10
part,10
actions,10
press,10
culture,10
indian,10
only,10
fire,10
areas,10
understanding,10
use,10
general,10
current,10
terms,10
role,10
campaign,10
north,10
group,9
h,9
first,9
available,9
vol,9
interest,9
support,9
lincoln,9
south,9
range,9
features,9
who,9
wars,9
both,9
potential,9
early,9
recent,9
korean,8
revolutionary,8
test,8
all,8
concepts,8
mass,8
combatant,8
look,8
artillery,8
battles,8
space,8
could,8
events,8
concept,8
than,8
social,8
around,8
using,8
society,8
security,8
power,8
many,8
landscape,8
empire,8
another,8
tenets,8
firearms,8
force,8
antiquity,8
geographic,8
anthropology,8
enemy,8
what,8
much,8
should,8
among,8
now,7
sources,7
principles,7
context,7
papers,7
bases,7
geophysical,7
review,7
century,7
perspective,7
dc,7
nebraska,7
oklahoma,7
applied,7
well,7
related,7
during,7
place,7
issues,7
approach,7
excavation,7
progress,7
activities,7
oxford,7
museum,7
violence,7
under,7
ne,7
prehistorians,7
bar,7
praeger,7
contemporary,7
model,7
violent,7
theoretical,7
soldiers,7
nm,7
often,7
tactics,7
tennessee,7
archeology,7
any,7
detector,7
different,7
making,7
middle,7
level,7
although,7
prospect,7
groups,6
f,6
determine,6
red,6
introduction,6
neolithic,6
address,6
studied,6
british,6
against,6
fig,6
publications,6
identification,6
special,6
fortifications,6
n,6
detectors,6
fox,6
technical,6
training,6
positions,6
least,6
results,6
economic,6
east,6
two,6
oral,6
individuals,6
clear,6
united,6
case,6
temporal,6
unique,6
spatial,6
form,6
particular,6
given,6
lake,6
norman,6
deposition,6
connor,6
arizona,6
done,5
large,5
long,5
opposing,5
within,5
creveld,5
fl,5
leblanc,5
unpublished,5
ability,5
held,5
left,5
find,5
crow,5
without,5
basic,5
landscapes,5
prehistory,5
river,5
recovered,5
lithic,5
important,5
strategy,5
decades,5
method,5
found,5
objectives,5
late,5
literature,5
douglas,5
tool,5
indigenous,5
southwest,5
survey,5
will,5
san,5
still,5
make,5
strategic,5
fighting,5
yet,5
home,5
heritage,5
classical,5
present,5
archaeologies,5
manner,5
fight,5
years,5
ö,5
period,5
destruction,5
professional,5
provide,5
seen,5
markers,5
frontier,5
fought,5
manual,5
defining,5
over,5
cultures,5
best,5
type,5
them,5
commander,5
recording,5
camps,5
include,5
siege,5
uk,5
operational,5
meaning,4
manuscript,4
village,4
center,4
mexican,4
easily,4
western,4
being,4
nature,4
archaeologically,4
tradition,4
staff,4
ad,4
apache,4
point,4
conceptual,4
regarding,4
santa,4
excavations,4
assessment,4
cases,4
archaeologist,4
custer,4
weapon,4
his,4
english,4
camp,4
watch,4
unit,4
midwest,4
pollard,4
firing,4
mission,4
clearly,4
surface,4
based,4
issue,4
recently,4
excellent,4
placed,4
public,4
stations,4
near,4
aspects,4
ot,4
knowledge,4
keeley,4
people,4
documented,4
systematic,4
kocoa,4
interpreted,4
involved,4
several,4
spanish,4
characteristics,4
up,4
provided,4
units,4
matter,4
various,4
identified,4
located,4
techniques,4
community,4
movement,4
forts,4
cruithne,4
included,4
grave,4
diverse,4
men,4
behind,4
learn,4
accepted,4
demonstrated,4
investigated,4
skeletal,4
tx,4
hypotheses,4
recovery,4
described,4
similar,4
three,4
interpret,4
so,4
after,4
especially,4
interpretations,4
attention,4
la,4
carried,4
today,4
independent,4
lines,4
understand,4
types,4
documents,4
bastions,4
forest,4
necessary,4
set,4
cover,4
regard,4
inquiry,4
aerial,4
build,4
masters,4
places,4
concrete,4
decisive,4
became,4
our,4
models,4
locations,4
tactical,4
states,4
association,4
develop,4
gis,3
o,3
exhibit,3
fortified,3
personnel,3
college,3
legitimate,3
adoption,3
kinds,3
likely,3
station,3
protection,3
had,3
monograph,3
archäologie,3
ii,3
might,3
attempt,3
shipwrecks,3
differences,3
able,3
aircraft,3
stand,3
discipline,3
projectile,3
key,3
coalescent,3
combatants,3
possible,3
fitzgerald,3
collection,3
inventory,3
exposed,3
canyon,3
goal,3
thus,3
iron,3
includes,3
southwestern,3
due,3
sciences,3
ancient,3
occurs,3
jr,3
employing,3
zammit,3
montana,3
underlying,3
bay,3
balls,3
conducting,3
influence,3
operation,3
topic,3
rather,3
growth,3
certain,3
haecker,3
republic,3
direct,3
modified,3
organization,3
established,3
impact,3
underwater,3
origins,3
beyond,3
permanent,3
trained,3
conflicts,3
result,3
advance,3
allow,3
harbor,3
effort,3
austin,3
academic,3
treat,3
facilities,3
varus,3
gps,3
basis,3
future,3
anfal,3
london,3
line,3
patterning,3
viewshed,3
describe,3
broad,3
bc,3
reflect,3
achieving,3
massacre,3
change,3
suggest,3
small,3
portions,3
division,3
value,3
barbed,3
he,3
action,3
service,3
expansion,3
plans,3
sheridan,3
expanded,3
southeast,3
guide,3
technology,3
inspiration,3
participants,3
same,3
naval,3
lee,3
volume,3
lewis,3
challenge,3
rock,3
shows,3
fundamental,3
fallen,3
end,3
pattern,3
cartridge,3
serious,3
vt,3
planners,3
do,3
shipwreck,3
relevant,3
less,3
see,3
practice,3
perhaps,3
native,3
number,3
technologies,3
deposits,3
including,3
ideas,3
questions,3
uss,3
deployed,3
points,3
wyoming,3
defense,3
allowed,3
would,3
function,3
interpretable,3
spent,3
systems,3
become,3
palo,3
v,3
northern,3
science,3
nh,3
execution,3
volumes,3
class,3
responsible,3
construction,3
achieve,3
examine,3
then,3
monument,3
extensive,3
known,3
fortification,3
pea,3
natural,3
colonization,3
historians,3
seem,3
contextual,3
leaders,3
appendix,3
phd,3
combined,3
distribution,3
while,3
studying,3
projection,3
when,3
urban,3
des,3
conference,3
city,3
intended,3
frontiers,3
finding,3
documentation,3
offer,3
france,3
defined,3
observation,3
modeling,3
transitory,3
documentary,3
traditional,3
focus,3
ca,3
ammunition,2
exhibiting,2
entities,2
common,2
medieval,2
later,2
episodes,2
timbers,2
debris,2
tend,2
stone,2
sets,2
investigating,2
approaches,2
naseby,2
realities,2
tied,2
policy,2
position,2
diversity,2
rising,2
every,2
champlain,2
evolution,2
taken,2
assist,2
rubio,2
advanced,2
definition,2
parties,2
muskets,2
excavating,2
assess,2
advantage,2
simple,2
narrative,2
reveal,2
resulting,2
real,2
feature,2
pillow,2
marine,2
political,2
el,2
similarities,2
system,2
missouri,2
recorded,2
anthropologists,2
albeit,2
primary,2
felt,2
condition,2
sabloff,2
powers,2
move,2
interdisciplinary,2
x,2
dynamic,2
constrained,2
ritual,2
beneath,2
manmade,2
sand,2
steffen,2
avenues,2
phase,2
historically,2
accuracy,2
bayonet,2
component,2
mine,2
analyzing,2
noel,2
relatively,2
gun,2
concentrations,2
tucson,2
big,2
unity,2
concerning,2
fm,2
columbia,2
holds,2
houses,2
compared,2
died,2
overarching,2
brigade,2
lookout,2
commanders,2
traumatic,2
ridge,2
mexico,2
photography,2
testimony,2
harrington,2
destroy,2
crash,2
doctrine,2
process,2
remote,2
opportunity,2
determining,2
flexible,2
percussion,2
caps,2
az,2
shell,2
reinterpretation,2
belgium,2
ensure,2
familiar,2
mauck,2
too,2
situations,2
umbrella,2
age,2
operate,2
defeat,2
prairie,2
rice,2
belgian,2
crimean,2
endemic,2
providing,2
view,2
methodology,2
explanatory,2
identifying,2
path,2
entering,2
attack,2
mapping,2
behavioral,2
deal,2
foard,2
carolina,2
defensive,2
czech,2
though,2
buried,2
lethal,2
burial,2
tools,2
however,2
hypothetical,2
tracking,2
possibility,2
memory,2
because,2
paradigmatic,2
bullets,2
maneuvers,2
nine,2
revealed,2
routinely,2
whole,2
refined,2
personal,2
sampled,2
arkansas,2
good,2
successful,2
regardless,2
involve,2
tested,2
grass,2
wandsnider,2
mediterranean,2
settlement,2
event,2
nashville,2
driving,2
june,2
smithsonian,2
temporary,2
weapons,2
methodological,2
fully,2
generally,2
roots,2
relic,2
postmortem,2
finds,2
haas,2
variety,2
limited,2
april,2
comments,2
structural,2
edited,2
interpretation,2
wharton,2
retreat,2
thought,2
soon,2
continuity,2
evolved,2
boundary,2
management,2
light,2
assistance,2
complete,2
physicians,2
experimental,2
reports,2
regional,2
picture,2
published,2
useful,2
roadblocks,2
houston,2
toward,2
others,2
locating,2
europe,2
analytical,2
fact,2
conduct,2
scholars,2
geier,2
attempting,2
fragments,2
anthropologist,2
ages,2
conclusions,2
guilaine,2
santiago,2
valcour,2
royal,2
ahead,2
focusing,2
subfield,2
assemblage,2
free,2
encountered,2
dakota,2
cannot,2
kansas,2
behaviors,2
discussion,2
made,2
flodden,2
maritime,2
region,2
recover,2
expression,2
refers,2
theories,2
dating,2
publication,2
express,2
cartographic,2
sustain,2
times,2
like,2
spread,2
stresses,2
accurate,2
preservation,2
black,2
wrecks,2
article,2
recoverable,2
acquire,2
capabilities,2
story,2
occupied,2
institution,2
quarterly,2
musket,2
european,2
oh,2
aid,2
clinton,2
movements,2
criminal,2
okeechobee,2
box,2
testing,2
hill,2
employment,2
begin,2
parent,2
becomes,2
lost,2
detailed,2
began,2
campillo,2
earliest,2
biology,2
considered,2
detail,2
cannon,2
historian,2
changing,2
encampment,2
must,2
ever,2
potter,2
precise,2
reconnaissance,2
here,2
intellectual,2
wagon,2
organized,2
mcfeaters,2
half,2
particularly,2
audience,2
advances,2
beginning,2
iraqi,2
proceedings,2
whether,2
accounts,2
maintain,2
artifactual,2
armies,2
prepare,2
engagements,2
art,2
spaces,2
expected,2
variability,2
subject,2
lies,2
resistance,2
arguments,2
allows,2
hilltop,2
coming,2
varied,2
cosmopolitan,2
cambridge,2
conditions,2
submerged,2
contributed,2
grown,2
salt,2
need,2
ga,2
discernable,2
relics,2
effects,2
clues,2
talamanca,2
shift,2
supported,2
cheyenne,2
removed,2
intentional,2
themselves,2
methodologies,2
digging,2
era,2
gainesville,2
utah,2
strong,2
seek,2
detection,2
building,2
broader,2
final,1
difficult,1
defeats,1
nicholas,1
does,1
huntington,1
anschuetz,1
shovel,1
currently,1
rate,1
accomplish,1
dies,1
limits,1
way,1
hamoukar,1
concerned,1
altamira,1
names,1
napa,1
differentials,1
broadest,1
created,1
peaceful,1
stavanger,1
engendered,1
pohnpei,1
extend,1
ßr,1
resulted,1
worthy,1
arkush,1
northeast,1
implies,1
decipher,1
succession,1
mar,1
utility,1
myths,1
sphere,1
eassays,1
germany,1
trash,1
becoming,1
discover,1
elementary,1
complex,1
demallie,1
thrust,1
denied,1
systematically,1
myth,1
mackinac,1
identify,1
essays,1
designed,1
spears,1
ma,1
rogers,1
stichelbaut,1
schools,1
true,1
ways,1
treatise,1
bias,1
paradigms,1
compilation,1
wolf,1
viewsheds,1
grove,1
retrac,1
trace,1
devices,1
greate,1
irishman,1
necessarily,1
presents,1
laid,1
occurred,1
juhl,1
total,1
freeman,1
tells,1
osanbruck,1
before,1
assisted,1
detailing,1
quendhnburg,1
contested,1
arguing,1
eye,1
viability,1
source,1
òouth,1
annals,1
navies,1
character,1
materials,1
properties,1
women,1
housatonic,1
leads,1
exterminate,1
experience,1
metallic,1
accumulation,1
aside,1
deter,1
rost,1
explaining,1
permit,1
buffalo,1
lexington,1
embraced,1
fleville,1
topographic,1
matured,1
chronicles,1
perryville,1
inconceivable,1
logistic,1
quoting,1
concentrated,1
worked,1
england,1
experiments,1
palmito,1
words,1
containing,1
friendly,1
acronym,1
layout,1
marcos,1
reach,1
route,1
scientists,1
leading,1
agrarian,1
rennes,1
conceptualized,1
short,1
thank,1
wade,1
potentially,1
analyses,1
exotic,1
admittedly,1
aljubarotta,1
borne,1
government,1
link,1
farther,1
hunting,1
take,1
concealment,1
subsequent,1
efficiently,1
endeavored,1
help,1
setting,1
failures,1
peñol,1
patterned,1
lees,1
mind,1
precisely,1
robert,1
federated,1
hilltorts,1
somewhat,1
dd,1
hostile,1
beating,1
stopped,1
worldwide,1
tea,1
debitage,1
akin,1
sound,1
employs,1
evaluation,1
side,1
takes,1
preventing,1
depending,1
blades,1
spherical,1
alfred,1
eastern,1
pen,1
battery,1
birkby,1
thrown,1
sought,1
america,1
incorporate,1
agriculture,1
draw,1
discuss,1
rests,1
reanalysis,1
cheriton,1
account,1
opened,1
occupying,1
determined,1
marked,1
compelling,1
enforcement,1
activity,1
ball,1
illustrate,1
slight,1
jacinto,1
bibliography,1
richard,1
investigator,1
washita,1
obvious,1
west,1
whatever,1
disadvantage,1
desired,1
variations,1
except,1
establishment,1
goods,1
whites,1
advocating,1
household,1
hembrillo,1
apply,1
mesoamerican,1
engage,1
dirkmaat,1
tale,1
aggression,1
controlled,1
expertise,1
walnut,1
central,1
defenses,1
bearss,1
andrew,1
fayetteville,1
relationships,1
saville,1
facts,1
immediate,1
dynamics,1
baffles,1
inevitable,1
tw,1
xplore,1
objective,1
kwajalein,1
realized,1
machine,1
pacifying,1
regarded,1
trench,1
linerabandkeramik,1
allure,1
adopted,1
leaf,1
conducted,1
realization,1
poker,1
stanton,1
sample,1
inversion,1
snake,1
turn,1
voids,1
elements,1
maintaining,1
establishments,1
ct,1
destroyed,1
burgeoning,1
vom,1
alkali,1
öeecnam,1
amount,1
back,1
butte,1
architectural,1
bloody,1
highest,1
completing,1
determination,1
fate,1
suitable,1
applying,1
effective,1
für,1
ness,1
detecting,1
compare,1
undertaking,1
storage,1
explore,1
drawn,1
pueblo,1
consequently,1
savas,1
remiss,1
constructs,1
details,1
landesmesum,1
appreciated,1
conceive,1
leadership,1
smoothbore,1
impressions,1
parlance,1
landkreis,1
critiquing,1
react,1
grasp,1
crossroads,1
lansing,1
jean,1
employ,1
failed,1
rights,1
soil,1
poor,1
via,1
lodo,1
knoxville,1
alleged,1
seizes,1
fleet,1
town,1
german,1
reflects,1
subneolithic,1
conlin,1
statements,1
purely,1
aimed,1
sensing,1
cleaned,1
across,1
denmark,1
debated,1
edward,1
learning,1
magnetometers,1
adapt,1
particularistic,1
breadth,1
organizing,1
truk,1
espouses,1
appreciation,1
explicit,1
preparing,1
holistic,1
highway,1
knew,1
marvelouse,1
conceptions,1
olynthos,1
blanks,1
earlier,1
crm,1
battlelines,1
importance,1
derived,1
armada,1
parts,1
documentaries,1
londahl,1
contributions,1
institutionalized,1
prepared,1
danger,1
rules,1
ludwig,1
chivalric,1
overlooked,1
bomber,1
front,1
perpetrators,1
postprocessualist,1
addressing,1
webster,1
references,1
lives,1
injury,1
changes,1
annihilate,1
old,1
vastly,1
garrow,1
consider,1
conceptualization,1
topeka,1
les,1
occupational,1
exponential,1
ploughshares,1
ashmore,1
consolidate,1
branch,1
lowell,1
eschew,1
interim,1
exciting,1
latin,1
proved,1
proposed,1
days,1
otterbein,1
air,1
nonpark,1
teased,1
reexamined,1
orientation,1
supplementary,1
show,1
initiative,1
resource,1
powerful,1
millennium,1
graves,1
shed,1
office,1
wy,1
followed,1
notions,1
obstacles,1
undertaken,1
requires,1
â,1
rp,1
exploitation,1
plenum,1
artillerist,1
helped,1
panels,1
locale,1
binford,1
drawing,1
stands,1
dispersion,1
conquest,1
retrieve,1
whereas,1
greater,1
opening,1
standards,1
came,1
lead,1
walk,1
vimy,1
societies,1
appearance,1
train,1
basin,1
plot,1
das,1
search,1
expanses,1
typical,1
flanders,1
panhandle,1
cusp,1
relate,1
hopkins,1
zone,1
bikini,1
noting,1
captured,1
constantly,1
stewardship,1
base,1
im,1
representative,1
execute,1
evaluate,1
accurately,1
further,1
handbook,1
sword,1
substantiation,1
equally,1
understood,1
informed,1
third,1
crc,1
perimortem,1
michigan,1
attackers,1
appears,1
sticks,1
symbols,1
tailor,1
dispersal,1
meet,1
analogous,1
pawnee,1
russell,1
lets,1
casements,1
procedures,1
kriegsgefangenenlager,1
uvil,1
guidance,1
required,1
oosterbeek,1
outfought,1
premise,1
wide,1
saratoga,1
scene,1
expressions,1
influenced,1
warriors,1
highlanders,1
gained,1
directly,1
artefacts,1
trial,1
episode,1
meath,1
emphasis,1
zululand,1
seminal,1
makers,1
micronesia,1
musketry,1
planning,1
rocks,1
nameless,1
narratives,1
fraser,1
start,1
ideal,1
carry,1
heart,1
prominent,1
fired,1
brought,1
nc,1
occupants,1
uncover,1
purpose,1
golitko,1
competing,1
norm,1
proportions,1
geology,1
bennett,1
dozens,1
year,1
overview,1
realm,1
toronto,1
fit,1
discussions,1
editorial,1
subarea,1
inspire,1
contains,1
outgunned,1
relevance,1
ontario,1
prehistories,1
winter,1
corregidor,1
prisoner,1
rituals,1
popular,1
didáctica,1
publish,1
elegant,1
corollary,1
compact,1
musketball,1
fieldwork,1
project,1
foes,1
status,1
horizon,1
conform,1
washington,1
own,1
runnels,1
challenging,1
trends,1
attributed,1
lhe,1
bonita,1
regions,1
generically,1
depicting,1
depositional,1
wholesale,1
responses,1
excavated,1
optimal,1
normally,1
arise,1
describing,1
presented,1
below,1
manners,1
tatanka,1
unexpected,1
chose,1
raiding,1
reliable,1
speculations,1
coupled,1
del,1
alto,1
instrumentation,1
television,1
contrast,1
battlespace,1
precontact,1
hole,1
specifically,1
outbreak,1
castle,1
briefs,1
transport,1
sufficient,1
wider,1
components,1
rickey,1
prompted,1
transfer,1
county,1
stigma,1
presence,1
observe,1
denkmalpflege,1
protect,1
ancestral,1
deviant,1
chicago,1
antietam,1
yielded,1
philip,1
inte,1
treasures,1
richness,1
dependent,1
fortress,1
tampa,1
filling,1
citations,1
und,1
gould,1
rossignol,1
rangers,1
explains,1
notes,1
structured,1
crime,1
grateful,1
preliminary,1
frontal,1
ureat,1
inform,1
moved,1
borneo,1
sporadic,1
retreating,1
geographical,1
seemed,1
monmouth,1
periods,1
garnered,1
hunley,1
sanctions,1
llc,1
critical,1
tenet,1
vore,1
poland,1
second,1
curricula,1
io,1
implications,1
van,1
practices,1
expanse,1
summarize,1
troop,1
lazenby,1
scientific,1
bunker,1
meticulously,1
interference,1
populations,1
britain,1
koreme,1
imagery,1
comparative,1
inferential,1
play,1
successes,1
deadly,1
appreciate,1
inclusive,1
restate,1
albany,1
oldfather,1
lakota,1
narrowing,1
allen,1
july,1
grande,1
technically,1
surviving,1
ceramic,1
buck,1
shrouded,1
outer,1
distribute,1
southern,1
settings,1
decisions,1
zulu,1
armoury,1
retrieved,1
once,1
chronicle,1
philadelphia,1
ofbuffington,1
tutherly,1
examined,1
definable,1
represents,1
read,1
happened,1
acknowledgments,1
serve,1
chatham,1
seeing,1
metallurgical,1
fifth,1
formally,1
chronology,1
assisting,1
specifics,1
selective,1
favorable,1
thesis,1
shoots,1
css,1
modelitzacioî,1
stanwix,1
marshall,1
orders,1
watson,1
artillerists,1
ethnographic,1
locality,1
encampments,1
topical,1
subdivisions,1
judiciously,1
organize,1
insights,1
kettle,1
memorial,1
tudela,1
begins,1
volunteers,1
noted,1
causton,1
visualize,1
rome,1
isolated,1
bordering,1
fairly,1
knapp,1
tall,1
initial,1
party,1
birthplace,1
gain,1
successfully,1
attainable,1
law,1
book,1
maple,1
greasy,1
technique,1
strike,1
monitor,1
treatment,1
academy,1
pointed,1
unintentional,1
chance,1
towns,1
added,1
breastworks,1
missing,1
efforts,1
usefulness,1
communal,1
faster,1
lack,1
imbalance,1
valid,1
consideration,1
overwhelming,1
ieee,1
head,1
wyk,1
cumulative,1
unprepared,1
proposal,1
plan,1
lunettes,1
depict,1
abstract,1
essence,1
choice,1
maneuver,1
reasoning,1
really,1
larger,1
banks,1
atomic,1
john,1
demonstrating,1
métalliques,1
sweetwater,1
bound,1
resolved,1
distributions,1
cobun,1
man,1
beliefs,1
reasons,1
fear,1
germanic,1
honor,1
channel,1
granada,1
forms,1
schlachtfeld,1
adjacent,1
ground,1
contact,1
hobby,1
secrets,1
nunamuit,1
tne,1
purposes,1
existing,1
armed,1
recerca,1
jobs,1
operationalize,1
coincident,1
recount,1
meant,1
deep,1
simplicity,1
heckman,1
preparation,1
begun,1
halle,1
investigative,1
markings,1
ignoring,1
distance,1
threats,1
gives,1
manuals,1
grasshopper,1
exhumations,1
shot,1
ecology,1
saunders,1
bulletin,1
éditions,1
local,1
ephemeral,1
simon,1
crown,1
greatest,1
enhances,1
exploring,1
processualist,1
campaigns,1
passchendaele,1
success,1
examples,1
effectiveness,1
background,1
observable,1
orienting,1
teutonburg,1
prevention,1
staging,1
upon,1
locate,1
sides,1
formal,1
previously,1
campsite,1
manifestations,1
warrior,1
expand,1
prospection,1
entirely,1
significant,1
doug,1
food,1
along,1
looting,1
paradigm,1
assumption,1
residues,1
additions,1
juan,1
perception,1
vocabulary,1
complements,1
submitted,1
willey,1
catalyst,1
ethnic,1
processes,1
trend,1
lifestyle,1
salvador,1
engaged,1
auf,1
option,1
fenod,1
transect,1
simulado,1
sunken,1
tort,1
significance,1
substitutes,1
discovered,1
reality,1
directed,1
mt,1
transpired,1
victory,1
peter,1
maintenance,1
faces,1
august,1
horrific,1
radar,1
objets,1
ellis,1
huts,1
snead,1
him,1
enclosures,1
reconstructed,1
played,1
stages,1
mountain,1
uncapped,1
keen,1
sieges,1
abundant,1
provides,1
imagination,1
causeway,1
kieler,1
witness,1
discarded,1
armament,1
pearl,1
promote,1
leaves,1
editors,1
hastily,1
narrow,1
hoshower,1
rides,1
saa,1
charles,1
mainly,1
wreck,1
édilarge,1
seattle,1
enemies,1
eshowe,1
offensive,1
metadiscourse,1
ludlow,1
analyze,1
greece,1
hunter,1
blood,1
hume,1
fbi,1
versus,1
featuring,1
thunder,1
relative,1
engagement,1
corps,1
adaptive,1
awareness,1
brown,1
von,1
predictive,1
overrun,1
decision,1
stute,1
increasing,1
revolution,1
genesis,1
dealing,1
things,1
bioarchaeology,1
ghosts,1
lo,1
penguin,1
warcraft,1
shoot,1
dual,1
mitigate,1
lhalmette,1
africa,1
kalkriese,1
sometimes,1
johns,1
usually,1
linda,1
doyle,1
chiricahua,1
maps,1
americanist,1
rough,1
drexler,1
widespread,1
hsu,1
attacking,1
predict,1
slow,1
monuments,1
directions,1
jersey,1
team,1
parcel,1
effectively,1
brownsville,1
parsons,1
contribution,1
westnort,1
heidelberg,1
recognize,1
rapidly,1
lucas,1
deals,1
countries,1
frames,1
testifies,1
fe,1
existed,1
fall,1
researcher,1
kuckleman,1
bones,1
métaux,1
shooting,1
exists,1
get,1
itself,1
canada,1
arts,1
interpretive,1
gathered,1
mud,1
documenting,1
regularly,1
alone,1
addressed,1
genocide,1
classification,1
burned,1
environment,1
sivilich,1
detenses,1
thinking,1
growing,1
suite,1
comes,1
exemplified,1
complexity,1
version,1
received,1
peoples,1
simply,1
steel,1
matters,1
extension,1
kay,1
bronze,1
membership,1
explicate,1
mexicanamerican,1
md,1
glimpse,1
doi,1
text,1
equipment,1
athanassopoulos,1
dyck,1
sustained,1
command,1
redoubts,1
tony,1
affords,1
der,1
colorado,1
news,1
mirrors,1
why,1
know,1
archeologists,1
outcome,1
geography,1
uncomplicated,1
bulgaria,1
assistant,1
acr,1
nautical,1
partner,1
illuminate,1
readily,1
cemetery,1
paper,1
specialized,1
worth,1
extraction,1
interested,1
gone,1
did,1
outdoor,1
cassell,1
barcelona,1
skinner,1
clan,1
stressed,1
constructions,1
universal,1
minimized,1
mayhem,1
collectors,1
reliability,1
geoscience,1
lancaster,1
far,1
subcultural,1
sorineer,1
reflected,1
associations,1
pit,1
aplicades,1
norway,1
las,1
climate,1
just,1
ekowe,1
works,1
better,1
following,1
ditch,1
scholarly,1
delineated,1
ventana,1
anymore,1
conservation,1
carefully,1
implicit,1
rose,1
typologies,1
coast,1
cause,1
quote,1
pertinent,1
thirty,1
archaeooress,1
covers,1
interpreter,1
indicates,1
platte,1
signature,1
hatherleigh,1
sunk,1
extent,1
surveying,1
interpreting,1
ciències,1
conflicte,1
landesamt,1
institute,1
dark,1
gender,1
linn,1
gross,1
fighters,1
yield,1
minimal,1
don,1
pratt,1
intends,1
ranchería,1
hundreds,1
archeoloeical,1
contain,1
freedom,1
prairies,1
integrating,1
trainers,1
bodies,1
preserved,1
feat,1
recognition,1
reported,1
introduced,1
sea,1
despite,1
missiles,1
elucidate,1
atmospheric,1
collecting,1
confirm,1
participant,1
praeeer,1
easy,1
arch,1
focal,1
die,1
impose,1
controls,1
territory,1
compilations,1
extended,1
deviate,1
finnish,1
reconstruct,1
saipan,1
hesperia,1
òites,1
indians,1
sling,1
exploit,1
snow,1
goals,1
aspect,1
medicolegal,1
cowpens,1
precision,1
shenandoah,1
analogy,1
minerva,1
atoll,1
fetterman,1
intent,1
formation,1
devoted,1
moderate,1
drafts,1
unable,1
invasion,1
entity,1
difference,1
nochistl,1
undue,1
arrows,1
similarity,1
durdurn,1
quest,1
boy,1
stratification,1
charge,1
iconic,1
assemblages,1
trap,1
lore,1
newsletter,1
victorio,1
firearm,1
macedonians,1
armstrong,1
course,1
instead,1
lafitte,1
land,1
cooper,1
define,1
crimes,1
usa,1
ambush,1
manufacture,1
smaller,1
perpetrator,1
regular,1
you,1
piece,1
photograph,1
attempted,1
limitations,1
terribly,1
battleground,1
measured,1
speak,1
increased,1
folly,1
summary,1
anonymous,1
mobilized,1
taphonomy,1
offered,1
plea,1
owsley,1
plethora,1
tribes,1
marxist,1
gettysburg,1
morse,1
create,1
views,1
maximum,1
element,1
kim,1
surveys,1
gulf,1
bulwark,1
images,1
mitigation,1
adovasio,1
diverts,1
technological,1
concise,1
cross,1
asked,1
built,1
roles,1
close,1
manila,1
cited,1
major,1
occur,1
eagerly,1
thorough,1
