WORDCOUNTS,WEIGHT
the,1008
and,903
of,886
in,619
a,283
hopewell,275
ohio,248
j,206
pp,192
hopewellian,137
to,133
woodland,122
university,121
at,110
on,99
for,97
american,96
d,95
as,94
p,92
w,90
from,90
archaeology,86
middle,83
b,81
m,79
state,78
research,78
archaeological,78
r,73
that,72
this,70
illinois,64
community,62
is,61
f,58
new,58
societies,57
kent,57
c,56
historical,54
ancient,52
prehistoric,51
local,50
antiquity,50
with,50
are,50
by,49
e,48
eastern,48
site,48
culture,48
north,47
an,46
these,46
mound,46
fort,45
l,45
communities,45
valley,45
al,43
ritual,42
et,42
has,41
t,40
ross,38
or,38
journal,37
have,37
southwestern,36
archaeol,36
res,36
regional,35
springer,35
lithic,34
settlement,34
liberty,33
within,33
sites,33
sense,33
s,32
lifeways,32
settlements,31
such,30
more,30
earthwork,30
studies,29
some,29
river,29
social,29
strategies,29
artifacts,28
mobility,27
midcontinental,27
flake,27
study,27
been,27
making,27
through,27
technological,27
period,26
press,26
was,25
society,25
were,24
perspectives,24
mounds,24
h,23
gathering,23
early,23
other,22
no,22
n,22
use,22
analysis,22
be,22
earthworks,22
among,22
g,21
centers,21
recreating,21
variability,21
it,20
center,20
k,20
domestic,20
recent,20
data,19
many,19
not,19
i,18
most,18
its,18
economic,18
although,18
interaction,18
lower,17
their,17
view,17
but,17
model,17
scioto,17
central,16
may,16
cultural,16
museum,16
understanding,16
pacheco,16
evidence,16
tribal,15
movement,15
also,15
adena,15
anthropological,15
specific,15
history,14
there,14
papers,14
based,14
small,14
mortuary,14
exchange,14
paper,14
one,13
alabama,13
scale,13
seeman,13
construction,13
our,13
dancey,13
much,13
group,12
case,12
excavations,12
organization,12
oh,12
architecture,12
efforts,12
general,12
chillicothe,12
often,12
presence,12
remains,12
political,11
ad,11
ann,11
well,11
artifact,11
scholars,11
especially,11
any,11
dispersed,11
charles,11
presented,11
carr,11
ö,10
complex,10
context,10
america,10
bottom,10
term,10
late,10
burial,10
various,10
scientific,10
funerary,10
obsidian,10
northern,10
sociopolitical,10
then,10
both,10
o,9
if,9
suggested,9
archaeologists,9
all,9
those,9
relations,9
buikstra,9
archaeologist,9
people,9
il,9
enclosures,9
smithsonian,9
world,9
diverse,9
material,9
polities,9
systematics,9
can,9
we,9
united,9
must,9
greber,9
each,9
synthesis,9
investigation,9
states,9
integration,9
earthen,9
area,9
southeastern,9
newark,8
into,8
great,8
hunting,8
against,8
perspective,8
york,8
midwest,8
established,8
origins,8
shared,8
future,8
few,8
two,8
historic,8
lineages,8
natural,8
clearly,8
spatial,8
terms,8
role,8
between,8
implications,7
nature,7
vol,7
human,7
type,7
analogs,7
van,7
creek,7
prehistory,7
greater,7
sedentary,7
occupation,7
horticulture,7
field,7
ceremonial,7
reconstruction,7
smith,7
contemporary,7
which,7
dating,7
patterns,7
hocking,7
comparison,7
griffin,7
international,7
past,7
theory,7
made,7
ruby,7
meeting,7
meaning,6
sphere,6
they,6
village,6
production,6
analyses,6
bladelets,6
possible,6
fréter,6
across,6
scales,6
emergence,6
important,6
struever,6
exploration,6
sedentism,6
place,6
change,6
annual,6
populations,6
religious,6
columbus,6
chronology,6
reports,6
spatially,6
riverine,6
time,6
v,6
native,6
seip,6
identity,6
skeletal,6
questions,6
theoretical,6
significance,6
urbana,6
would,6
high,6
structure,6
relative,6
quarterly,6
ecological,6
who,6
indicate,6
woodlands,6
springfield,6
abandonment,6
peoples,6
complexes,6
set,6
anthropology,6
current,6
report,6
when,6
question,6
florida,6
strong,6
large,5
western,5
migration,5
societal,5
being,5
certainly,5
stubbs,5
religion,5
licking,5
placement,5
west,5
collapse,5
nn,5
relatively,5
cambridge,5
lineage,5
than,5
leadership,5
mechanisms,5
principally,5
astronomy,5
direct,5
special,5
space,5
risks,5
wymer,5
support,5
conceptualization,5
resource,5
affiliated,5
faunal,5
further,5
ceramics,5
aspects,5
concept,5
reduction,5
issues,5
collective,5
survey,5
yerkes,5
quite,5
several,5
multiple,5
core,5
chronological,5
led,5
absence,5
expanded,5
us,5
wisconsin,5
department,5
academy,5
ceramic,5
occupations,5
larger,5
end,5
considerable,5
monographs,5
less,5
indiana,5
individuals,5
peer,5
article,5
pottery,5
today,5
practice,5
harness,5
cultures,5
leaders,5
ideological,5
goods,5
what,5
plants,5
distribution,5
extent,5
city,5
copper,5
models,5
newsletter,5
involving,5
archaic,5
themselves,5
does,4
groups,4
mosaic,4
environmental,4
approaches,4
pipes,4
contexts,4
first,4
sources,4
creation,4
definition,4
continue,4
tradition,4
exotic,4
mississippi,4
greatly,4
issue,4
hall,4
genetic,4
along,4
thus,4
affiliation,4
dynamics,4
since,4
havana,4
works,4
smiling,4
distinct,4
fig,4
houses,4
dates,4
identification,4
growth,4
notion,4
edwin,4
earlier,4
contributions,4
distant,4
ruhl,4
modified,4
acquisition,4
consider,4
record,4
â,4
identifying,4
method,4
diet,4
michigan,4
energy,4
work,4
prüfer,4
wabash,4
indigenous,4
couched,4
broad,4
midwestern,4
documented,4
institution,4
status,4
hopeton,4
level,4
inference,4
habitation,4
generally,4
preliminary,4
deboer,4
drainage,4
comparative,4
limited,4
builders,4
southern,4
structural,4
yet,4
nonlocal,4
organizations,4
added,4
demographic,4
pattern,4
do,4
number,4
years,4
kansas,4
range,4
region,4
largely,4
variation,4
explorations,4
clear,4
publication,4
standard,4
arbor,4
clans,4
brown,4
tennessee,4
associated,4
following,4
mann,4
series,4
symbolic,4
sourcing,4
shamans,4
over,4
intellectual,4
clan,4
hamlets,4
phd,4
animal,4
economy,4
researchers,4
using,4
evidenced,4
varied,4
fortier,4
paradigm,4
cognitive,4
unified,4
defined,4
summary,4
observation,4
supported,4
modeling,4
mcgraw,4
chicago,4
corn,4
should,4
termed,4
paleoethnobotany,3
carved,3
corporate,3
represent,3
conducted,3
maize,3
abrams,3
geometric,3
equated,3
occurred,3
source,3
originally,3
georgia,3
available,3
leading,3
mills,3
last,3
access,3
occasional,3
apple,3
design,3
logical,3
chieftaincy,3
mayan,3
undoubtedly,3
ô,3
charnel,3
historically,3
component,3
consumed,3
heightened,3
jr,3
nor,3
serving,3
single,3
even,3
ma,3
statements,3
how,3
basic,3
levels,3
process,3
landscapes,3
population,3
generating,3
symbols,3
productive,3
plog,3
changes,3
sant,3
linked,3
just,3
articulated,3
beyond,3
exploitation,3
peabody,3
permanent,3
personalized,3
dc,3
raw,3
had,3
result,3
behavioral,3
academic,3
braun,3
handbook,3
ranking,3
swinehart,3
transactions,3
focused,3
tools,3
appears,3
viewed,3
public,3
technical,3
failure,3
network,3
spheres,3
literature,3
decisions,3
prompted,3
london,3
knowledge,3
related,3
during,3
expansive,3
alliance,3
my,3
trends,3
kentucky,3
excavated,3
working,3
characteristics,3
decline,3
value,3
will,3
microwear,3
units,3
materials,3
located,3
expansion,3
framing,3
indicates,3
paint,3
engineering,3
biological,3
technology,3
restricted,3
neither,3
ams,3
tremper,3
light,3
ethnographic,3
toward,3
death,3
conceived,3
consideration,3
turner,3
murphy,3
figurines,3
procurement,3
present,3
where,3
existing,3
see,3
perhaps,3
glyphs,3
valleys,3
remained,3
empirical,3
significant,3
food,3
harvard,3
evolution,3
examination,3
temperature,3
previous,3
three,3
mt,3
taxonomic,3
cleveland,3
architectural,3
characterized,3
like,3
spread,3
so,3
function,3
plant,3
ge,3
obtained,3
black,3
systems,3
evolutionary,3
expand,3
species,3
houart,3
circle,3
road,3
greenlee,3
ideology,3
monuments,3
directions,3
strides,3
implies,3
supporting,3
types,3
environment,3
ethnological,3
extensive,3
continues,3
physical,3
temporal,3
sciences,3
organizational,3
geoarchaeology,3
der,3
encourages,3
mutually,3
flint,3
setting,3
allied,3
inquiry,3
places,3
explanations,3
form,3
agricultural,3
seasonal,3
deuel,3
while,3
suggests,3
virginia,3
finished,3
little,3
recognition,3
marked,3
national,3
pinson,3
manufacture,3
smaller,3
variously,3
tobacco,3
association,3
increased,3
parmalee,3
midcontinent,3
potential,3
substantial,3
given,3
focus,3
building,3
broader,3
hypothesis,3
transportation,2
common,2
way,2
greenman,2
functional,2
dash,2
introduction,2
taber,2
tucson,2
identify,2
multifaceted,2
stone,2
formed,2
likely,2
mahaney,2
sets,2
postprocessual,2
modern,2
exotica,2
decade,2
sunderhaus,2
recreation,2
presents,2
holding,2
accomplishments,2
territorial,2
pioneers,2
hydration,2
test,2
morton,2
posed,2
logistic,2
household,2
secondary,2
wray,2
might,2
opted,2
generated,2
emerged,2
seems,2
principles,2
textiles,2
own,2
flotation,2
thank,2
wade,2
napoleon,2
substantive,2
closer,2
styles,2
subsequent,2
applegate,2
migrated,2
investigations,2
jarrod,2
reading,2
somewhat,2
climate,2
dd,2
nomadic,2
system,2
documenting,2
westview,2
albeit,2
primary,2
sought,2
agriculture,2
trophy,2
activity,2
establishing,2
pederson,2
insight,2
decoding,2
establishment,2
discontinuation,2
climax,2
dynamic,2
horticultural,2
negotiation,2
economies,2
brose,2
warfare,2
collection,2
framework,2
exist,2
accessible,2
throughout,2
exemplifying,2
review,2
alignments,2
blades,2
development,2
attest,2
quality,2
interest,2
forgotten,2
passage,2
materially,2
z,2
rank,2
moorehead,2
cases,2
clay,2
evident,2
concerning,2
served,2
alliances,2
drawn,2
tend,2
traditions,2
influence,2
rates,2
poorly,2
confluence,2
geometry,2
hamlet,2
interesting,2
philadelphia,2
americans,2
whose,2
essential,2
reflects,2
rather,2
main,2
sensing,2
hughes,2
subsistence,2
environments,2
risk,2
derived,2
winters,2
enriched,2
animals,2
means,2
understand,2
esoteric,2
possibly,2
branch,2
presumably,2
represented,2
house,2
argued,2
frequently,2
too,2
upper,2
recovered,2
defines,2
amount,2
appear,2
nonanalytic,2
supplemented,2
basin,2
search,2
relating,2
fie,2
initial,2
traits,2
residential,2
moore,2
cannot,2
placed,2
dna,2
absolute,2
explain,2
approached,2
wide,2
possibility,2
bc,2
deconstructing,2
prominent,2
part,2
positions,2
description,2
sodalities,2
used,2
realm,2
climatic,2
structures,2
transported,2
ethnohistoric,2
occupied,2
towards,2
regions,2
legacy,2
stage,2
tested,2
coupled,2
discourse,2
emphasizes,2
bank,2
involved,2
around,2
mi,2
essentially,2
boundaries,2
reeves,2
articulation,2
majority,2
results,2
mainfort,2
humanistic,2
concomitant,2
periods,2
activation,2
analytic,2
processual,2
typified,2
san,2
quarry,2
second,2
cosmological,2
identified,2
cessation,2
muskingum,2
logically,2
knight,2
comments,2
dunnell,2
selection,2
competition,2
interpretation,2
reference,2
tremendous,2
represents,2
thought,2
continuity,2
challenged,2
planned,2
byers,2
same,2
shifting,2
largest,2
noted,2
published,2
members,2
leader,2
science,2
mineralogical,2
others,2
crm,2
similarly,2
addition,2
paleobotanical,2
water,2
fact,2
longer,2
idea,2
hollow,2
fundamental,2
areas,2
minnesota,2
romain,2
lepper,2
supralocal,2
vernon,2
banks,2
personal,2
farming,2
doubt,2
outside,2
took,2
tier,2
contextualizing,2
clusters,2
kozarek,2
accepted,2
council,2
necessary,2
deep,2
vogel,2
hamilton,2
degree,2
another,2
original,2
demonstrated,2
remote,2
discussion,2
mounded,2
langlois,2
staging,2
upon,2
limitations,2
including,2
detailed,2
entirely,2
approach,2
sequence,2
rare,2
real,2
laboratory,2
radiocarbon,2
involves,2
described,2
trade,2
lakes,2
skulls,2
creating,2
cache,2
mexico,2
serves,2
linking,2
stages,2
course,2
after,2
computer,2
latter,2
instead,2
internal,2
craft,2
become,2
interpretations,2
burks,2
january,2
equivalent,2
genheimer,2
burials,2
wi,2
attention,2
chert,2
akron,2
dead,2
aid,2
bureau,2
continued,2
maps,2
entity,2
logan,2
exists,2
institutions,2
seen,2
began,2
markers,2
sequences,2
recognize,2
ceremonialism,2
volumes,2
merwe,2
life,2
why,2
miami,2
responsible,2
earliest,2
considered,2
addressed,2
tuscaloosa,2
preclude,2
wear,2
geographic,2
posey,2
solidly,2
bioarchaeological,2
shetrone,2
rocky,2
offers,2
minerals,2
global,2
half,2
eventually,2
far,2
reflected,2
hilltops,2
explicitly,2
placing,2
living,2
assessment,2
options,2
better,2
respect,2
growing,2
proceedings,2
circles,2
references,2
firmly,2
transaction,2
utilitarian,2
complexity,2
periphery,2
women,2
migrations,2
emphasis,2
art,2
size,2
grand,2
surveys,2
springboard,2
introduced,2
practices,2
techniques,2
transition,2
lies,2
necessitate,2
descendent,2
aspect,2
wild,2
inclusiveness,2
argument,2
known,2
generate,2
neutron,2
chemical,2
geoarchaeological,2
contributed,2
define,2
usa,2
discounted,2
measured,2
enclosure,2
intentional,2
assumed,2
km,2
pathways,2
still,2
massive,2
experiential,2
gainesville,2
element,2
capitolium,2
seek,2
comparable,2
ethnology,2
virtue,2
doing,2
built,2
roles,2
predicated,2
cited,2
major,2
arizona,2
tainter,1
final,1
difficult,1
hinders,1
entities,1
infrared,1
margins,1
now,1
housing,1
shovel,1
amplify,1
stimuli,1
done,1
paralleled,1
flow,1
hallmarks,1
presettlement,1
prefer,1
forty,1
samples,1
representing,1
indicated,1
warming,1
conjoined,1
keller,1
strives,1
integrating,1
broadest,1
separated,1
iowa,1
elliot,1
extend,1
expedition,1
episodes,1
mysteries,1
uplands,1
goodall,1
foraging,1
measures,1
enclosing,1
duration,1
manuscript,1
debris,1
jennison,1
church,1
needed,1
explosion,1
engendering,1
rick,1
ana,1
combining,1
offerings,1
agency,1
confidence,1
imperfection,1
essays,1
prime,1
entries,1
reflections,1
join,1
informative,1
evocative,1
true,1
ways,1
remnants,1
spool,1
bias,1
conjectures,1
expressway,1
rediscovered,1
compilation,1
park,1
àeaiments,1
spirit,1
arrheolopv,1
policy,1
position,1
cycles,1
pedestrian,1
potentials,1
excavation,1
necessarily,1
organic,1
predicting,1
replicate,1
areal,1
before,1
detailing,1
exceptions,1
classifies,1
eye,1
revision,1
chief,1
descriptions,1
annals,1
discounting,1
contextualizes,1
brashler,1
clair,1
hints,1
themes,1
mitigated,1
experience,1
fluctuations,1
diffusion,1
personae,1
said,1
consistent,1
overcoming,1
upland,1
explaining,1
beneficial,1
buffalo,1
walters,1
surficial,1
egos,1
davis,1
long,1
revisited,1
rljìì,1
kennedy,1
universitv,1
exclusive,1
falsely,1
attempts,1
taken,1
debating,1
culturally,1
motivations,1
contrasted,1
planting,1
rapid,1
prerequisite,1
secretary,1
astronomical,1
palynological,1
lazazzera,1
utilization,1
articulate,1
shortage,1
conservancy,1
diseases,1
experiments,1
altering,1
words,1
gary,1
confirmed,1
latent,1
regrettable,1
physiographic,1
kern,1
wooden,1
homestead,1
suggesting,1
display,1
macneish,1
centering,1
rich,1
normative,1
cordage,1
aesthetic,1
found,1
government,1
vanishing,1
link,1
thanks,1
composition,1
ceremonies,1
commitment,1
resulting,1
take,1
deemed,1
nonverbal,1
achieved,1
embrace,1
aun,1
patterned,1
vegetation,1
inferring,1
fractions,1
skull,1
floral,1
emphasized,1
chiefdoms,1
concepts,1
rockshelters,1
peg,1
snyders,1
rethinking,1
producing,1
debitage,1
posts,1
depends,1
episodically,1
british,1
springei,1
takes,1
milner,1
plains,1
geologic,1
missouri,1
linear,1
connoting,1
identities,1
recorded,1
owing,1
anthropologists,1
key,1
capacity,1
continuum,1
celts,1
u,1
masked,1
demography,1
draw,1
rests,1
geophysical,1
motivating,1
societas,1
changed,1
account,1
trowbridge,1
occupying,1
prior,1
methodologies,1
stance,1
omissions,1
ethical,1
paucity,1
sabloff,1
vaguely,1
feinman,1
bibliography,1
greene,1
vital,1
fowles,1
reconsidering,1
taking,1
combination,1
desired,1
variations,1
point,1
processes,1
cautious,1
resources,1
quantity,1
painfully,1
fluorescence,1
compares,1
horticulturalists,1
identifies,1
philo,1
perturbations,1
penetrate,1
inventory,1
behavior,1
diversity,1
signal,1
write,1
stress,1
ranked,1
labor,1
regarding,1
conflict,1
ends,1
goal,1
antiauirv,1
humanized,1
differential,1
cemeteries,1
harcourt,1
moved,1
relationships,1
curated,1
explained,1
estimating,1
spectrum,1
difficulties,1
fftntfir,1
neighbor,1
counterpoint,1
pursue,1
bosque,1
longevity,1
computerized,1
due,1
dominated,1
precipitous,1
furthering,1
grabert,1
fissioning,1
implicating,1
integral,1
medio,1
millennium,1
danube,1
riverton,1
ear,1
concentrations,1
decided,1
gendered,1
contra,1
petrography,1
discerning,1
participating,1
application,1
tied,1
cf,1
overt,1
media,1
topic,1
century,1
tripartite,1
expected,1
carskadden,1
exhausted,1
guided,1
turn,1
estimates,1
unity,1
elements,1
old,1
ct,1
speculative,1
underlying,1
fission,1
clustering,1
segmented,1
averaging,1
profound,1
ericksen,1
bullock,1
body,1
ha,1
response,1
columbia,1
rediscovering,1
annua,1
crowell,1
bone,1
effective,1
witnessed,1
truly,1
detecting,1
publications,1
bonds,1
nondomestic,1
sincerely,1
designating,1
explore,1
y,1
memoir,1
fulton,1
communication,1
look,1
bennett,1
waterways,1
negating,1
marital,1
longdistance,1
bill,1
sacredness,1
cosmic,1
professionally,1
babies,1
sincere,1
paralleling,1
remind,1
vantage,1
collagen,1
affiliations,1
rights,1
bernardini,1
assessed,1
steps,1
opposed,1
categoric,1
iva,1
aborigines,1
hofman,1
graphics,1
endorse,1
played,1
basil,1
tattoos,1
improved,1
magicians,1
ml,1
camp,1
drainages,1
portrayed,1
impetus,1
centered,1
generations,1
developed,1
adds,1
district,1
remain,1
mcgregor,1
smoking,1
mountain,1
breadth,1
geared,1
pilgrimages,1
subdivision,1
active,1
musculoskeletal,1
js,1
template,1
midohio,1
blanks,1
musculature,1
probability,1
persistent,1
supplement,1
rigor,1
importance,1
certain,1
shawnee,1
interacted,1
diameters,1
summarized,1
thomas,1
accounts,1
developments,1
monumental,1
interdependence,1
obstructing,1
dichotomy,1
flexibility,1
occupational,1
statistical,1
physically,1
intellectually,1
benefits,1
descent,1
intensive,1
organized,1
dated,1
eschew,1
semantics,1
warren,1
elsewhere,1
numbers,1
impact,1
solidified,1
discard,1
contemporaries,1
cahokia,1
ufeways,1
northeastern,1
allude,1
weak,1
age,1
orientation,1
retrospective,1
commonly,1
montgomery,1
experienced,1
graphic,1
additional,1
embedded,1
surface,1
connecting,1
soday,1
followed,1
notions,1
modeled,1
comparisons,1
spiritual,1
evaluation,1
cost,1
bergen,1
putting,1
chronometrie,1
ceremony,1
requires,1
painted,1
reconsideration,1
bruno,1
mainstay,1
stoltman,1
inaa,1
sod,1
helped,1
antecedents,1
adapting,1
decades,1
management,1
drawing,1
myths,1
highest,1
nebraska,1
osteological,1
constructive,1
reclassified,1
artistic,1
anthropologically,1
diachronic,1
expressed,1
anthropometry,1
uses,1
dispersive,1
steinhilper,1
crystallizing,1
location,1
kegan,1
histories,1
subdiscipline,1
moon,1
demise,1
begun,1
disaggregation,1
farmsteads,1
mineralogy,1
midden,1
richmond,1
reidhead,1
orsaniiation,1
effort,1
conspicuous,1
economics,1
typify,1
discrete,1
wiant,1
ocean,1
circa,1
allowing,1
multiscalar,1
emerge,1
sumac,1
emotionally,1
philosophical,1
respects,1
circulation,1
density,1
outset,1
oklahoma,1
equal,1
elemental,1
posited,1
caves,1
rightfully,1
hinterland,1
reviews,1
keywords,1
indirect,1
recently,1
produced,1
devoid,1
wasteful,1
intensity,1
wherein,1
estimate,1
excellent,1
nonmortuary,1
qî,1
russell,1
ford,1
ritualism,1
heterarchic,1
magrath,1
required,1
availability,1
overpopulation,1
st,1
simulations,1
near,1
information,1
operationalized,1
shape,1
directly,1
none,1
having,1
participation,1
expansionary,1
basis,1
charred,1
seminal,1
pima,1
cohesive,1
blade,1
gatherers,1
inferred,1
planning,1
douglas,1
scope,1
received,1
strict,1
instituted,1
hairstyles,1
nearest,1
nondiachronic,1
leads,1
characterization,1
humanizing,1
tributary,1
precepts,1
placements,1
reserve,1
call,1
transcended,1
sedili,1
patterning,1
restructuring,1
surprise,1
parameters,1
viewshed,1
continuation,1
utilized,1
consistently,1
horn,1
refined,1
subtly,1
mcgimsey,1
relevance,1
actually,1
stimulate,1
irving,1
device,1
rituals,1
ozier,1
intra,1
away,1
reflect,1
systematic,1
participate,1
predominance,1
fieldwork,1
reconstructing,1
ethnicity,1
memoirs,1
connections,1
polity,1
textural,1
attributed,1
heuristic,1
encounters,1
refuse,1
errors,1
either,1
uniqueness,1
earth,1
arkansas,1
aided,1
crew,1
least,1
interregional,1
habitations,1
inmigration,1
stela,1
contextualized,1
fork,1
tom,1
fostered,1
aggrandizement,1
suggest,1
involve,1
stafford,1
trading,1
next,1
grass,1
contrast,1
blitz,1
mississippl,1
dillehay,1
hence,1
emerging,1
floodplain,1
cowgill,1
waring,1
mineral,1
purdue,1
highly,1
choose,1
components,1
temporary,1
offering,1
isotopes,1
civic,1
gene,1
mcrae,1
attached,1
villages,1
norris,1
telling,1
seeds,1
impossible,1
yielded,1
dipaolo,1
division,1
interregionalism,1
fully,1
progress,1
purification,1
kamnsvilie,1
osteoarchaeology,1
jakes,1
hayden,1
integrative,1
distinguishing,1
roots,1
relic,1
subgroups,1
notes,1
enormously,1
structured,1
diminished,1
posing,1
developmental,1
paul,1
deer,1
valuable,1
gordon,1
activities,1
behalf,1
content,1
lend,1
input,1
subsequently,1
latore,1
garnered,1
hnuxp,1
south,1
haas,1
span,1
llc,1
critical,1
tasks,1
transform,1
conceptualizations,1
steady,1
onset,1
muskinghum,1
variety,1
expanse,1
implicitly,1
letters,1
pilgrimage,1
moundbuilders,1
indeed,1
simplistically,1
concentrated,1
provenience,1
multileveled,1
maslowski,1
elizabeth,1
return,1
wait,1
classic,1
edges,1
female,1
fractured,1
brings,1
tropical,1
step,1
intensively,1
elusive,1
specifying,1
cole,1
garden,1
bedstraw,1
unprecedented,1
childe,1
covert,1
negate,1
surveyed,1
cooler,1
spectacular,1
woodford,1
about,1
once,1
metric,1
overview,1
modification,1
edited,1
relied,1
unintended,1
antiquarian,1
permission,1
contribute,1
vs,1
makes,1
interment,1
consuming,1
rules,1
acknowledgments,1
serve,1
counterparts,1
array,1
seeing,1
mobile,1
formally,1
catlinite,1
asch,1
coeval,1
cnuntx,1
marshall,1
processing,1
manufacturing,1
lowland,1
home,1
enigmatic,1
complete,1
collectively,1
watson,1
refine,1
inferences,1
dan,1
nonhistoric,1
archeology,1
wright,1
indian,1
containing,1
reliance,1
frameworks,1
twin,1
possibilities,1
picture,1
hallmark,1
skeletons,1
comparably,1
volume,1
calumet,1
infrastructural,1
evaluating,1
name,1
museums,1
skill,1
klug,1
law,1
temporarily,1
technique,1
readjustment,1
journey,1
mark,1
again,1
riordan,1
pastes,1
thresholds,1
responsibilities,1
mckern,1
rock,1
financial,1
latently,1
crops,1
campsites,1
shows,1
creativity,1
designing,1
xii,1
blocks,1
recurrent,1
importation,1
plan,1
materialization,1
beliefs,1
appeared,1
smart,1
mangold,1
abstract,1
taxonomy,1
really,1
omitted,1
nonmetric,1
feasting,1
deleterious,1
bundle,1
minimize,1
functionally,1
serious,1
anne,1
external,1
interim,1
schurr,1
match,1
forms,1
men,1
schlarb,1
dichotomized,1
chronologic,1
evoke,1
promoted,1
epigenetic,1
crosscut,1
layers,1
purposes,1
reestablishment,1
establish,1
compositional,1
crop,1
paleoethnobotanical,1
mitochondrial,1
forth,1
gender,1
thermal,1
above,1
invitation,1
chronologically,1
belief,1
project,1
routledge,1
paleoclimatic,1
archaeoloev,1
wood,1
lunar,1
differentiation,1
presentation,1
maya,1
bulletin,1
empirically,1
aggregation,1
technologies,1
greatest,1
behaviors,1
investment,1
vast,1
compendia,1
coherent,1
success,1
amburgey,1
lands,1
discovery,1
chronologies,1
values,1
gracious,1
writings,1
formal,1
lake,1
collections,1
signaled,1
enormous,1
previously,1
manufactured,1
campsite,1
holt,1
sufficiently,1
clustered,1
sciulli,1
usurped,1
opportunity,1
findings,1
tx,1
expression,1
doug,1
earspools,1
touchstone,1
complement,1
determining,1
dye,1
rivers,1
emphasize,1
refers,1
spurlock,1
ideas,1
products,1
willey,1
lawrence,1
recovery,1
engaged,1
methodological,1
hunted,1
lynott,1
purposeful,1
traders,1
office,1
recruitment,1
necessitated,1
pennsylvania,1
shriver,1
examnle,1
arguably,1
citing,1
knowlton,1
templates,1
open,1
compositions,1
meanings,1
reflector,1
discovered,1
transport,1
situational,1
headway,1
adding,1
authors,1
polarized,1
hively,1
obtaining,1
tl,1
accounted,1
health,1
essay,1
co,1
nix,1
mississippian,1
christopher,1
times,1
callender,1
riverinewestern,1
variant,1
reviewers,1
countries,1
seltzer,1
archaeolosv,1
mount,1
features,1
collected,1
distinction,1
paths,1
practiced,1
probable,1
ecology,1
renewal,1
preservation,1
construct,1
anriftririin,1
faith,1
overstate,1
migrants,1
witness,1
comparing,1
reconsider,1
conspicuously,1
imaginative,1
parallel,1
conduits,1
hilltop,1
glenn,1
indiananoiis,1
overcome,1
topics,1
sacred,1
prefatory,1
hunters,1
patterson,1
capabilities,1
implication,1
norton,1
locales,1
pipe,1
attracted,1
shamanic,1
figures,1
versus,1
saw,1
haven,1
egoistic,1
nonmaize,1
adaptive,1
controversial,1
louisiana,1
achieve,1
la,1
opinions,1
vickery,1
attended,1
harnessing,1
metrics,1
clearest,1
bighorn,1
compendium,1
ranging,1
farm,1
trails,1
factors,1
deepens,1
fifty,1
individualism,1
suggestion,1
relationship,1
imply,1
abundance,1
glass,1
nonresidential,1
particular,1
processed,1
provide,1
pollack,1
figure,1
salient,1
foreign,1
mckenzie,1
politically,1
bound,1
sitp,1
hierarchic,1
embankment,1
vague,1
exacerbated,1
select,1
recognizes,1
widespread,1
male,1
primarily,1
trait,1
referred,1
dimensions,1
attempted,1
sattler,1
deposit,1
strongly,1
yale,1
bears,1
compiles,1
curation,1
effectively,1
semiotic,1
contribution,1
transformation,1
nonmound,1
covering,1
paradigmatic,1
figurine,1
spanning,1
nuance,1
expectations,1
precontact,1
existed,1
fall,1
hope,1
frontier,1
antiquities,1
table,1
scholarship,1
chachi,1
composed,1
education,1
moieties,1
extremely,1
bcad,1
centuries,1
heightens,1
aboriginal,1
itself,1
cosmology,1
arts,1
problematic,1
completeness,1
interpretive,1
sound,1
mud,1
investigate,1
thick,1
meant,1
biology,1
atlas,1
quantitative,1
ultrasonic,1
questioning,1
lineal,1
deposited,1
going,1
singular,1
mordecai,1
conclusion,1
archaeologies,1
facilitator,1
changing,1
conjunction,1
measurements,1
locally,1
athens,1
agents,1
ever,1
economically,1
extension,1
nonviolent,1
implied,1
vacant,1
metzger,1
sorts,1
doi,1
text,1
here,1
wider,1
blosser,1
carbon,1
defining,1
dimension,1
mass,1
favorably,1
weymouth,1
control,1
gaps,1
specialization,1
country,1
guarding,1
sheep,1
different,1
expanding,1
distinctions,1
connection,1
scuilli,1
antiquarians,1
did,1
best,1
contextual,1
surplus,1
dyed,1
intrusive,1
expense,1
bit,1
temper,1
wall,1
constructions,1
surprisingly,1
scenario,1
visiting,1
cooling,1
post,1
foundation,1
hopewelhan,1
toepfner,1
speculation,1
countering,1
powell,1
fecht,1
sorineer,1
audience,1
brilliance,1
pollock,1
generalized,1
doms,1
domesticated,1
differed,1
tracts,1
distinctive,1
contributory,1
armitage,1
thompson,1
terminologie,1
hooton,1
person,1
proxies,1
industries,1
consisted,1
clarity,1
drop,1
game,1
purchase,1
combined,1
harn,1
langen,1
whether,1
selected,1
ion,1
ones,1
degradation,1
cause,1
varying,1
sociology,1
conduct,1
nearby,1
elaborations,1
proven,1
artifactual,1
passed,1
ceased,1
tending,1
cayapas,1
predate,1
repetitive,1
her,1
foundations,1
thames,1
institute,1
pursued,1
dark,1
balance,1
maturing,1
observations,1
episode,1
permeated,1
comprising,1
contain,1
spaces,1
bob,1
conference,1
presume,1
socioeconomic,1
portraits,1
remember,1
intense,1
emergent,1
gatherings,1
occasionally,1
careful,1
disparate,1
refinement,1
kin,1
extending,1
despite,1
dee,1
prospect,1
whittlesey,1
micro,1
confirm,1
hieroglyphs,1
diachronie,1
dental,1
hy,1
ring,1
intended,1
ideologic,1
simply,1
assumptions,1
measure,1
putnam,1
domesticates,1
redirecting,1
duval,1
lab,1
reconstruct,1
arguments,1
summarizes,1
families,1
stevenson,1
challenges,1
indians,1
allows,1
maintained,1
communicative,1
definitions,1
writing,1
discontinued,1
fritz,1
referential,1
precision,1
analysts,1
connotes,1
analogy,1
examinations,1
campus,1
formation,1
devoted,1
shown,1
harrison,1
obliged,1
radiometrie,1
fi,1
argues,1
kernel,1
referenced,1
disposal,1
kerr,1
provenance,1
contract,1
biochemical,1
conditions,1
internally,1
leverage,1
washington,1
fibers,1
accept,1
trauma,1
loehle,1
ended,1
offer,1
move,1
flamboyance,1
fauna,1
grown,1
include,1
salt,1
integrated,1
land,1
linkage,1
ecofactual,1
need,1
hallucinogens,1
cautionary,1
bear,1
heartland,1
disruption,1
spectrometry,1
prosperity,1
pathology,1
siteand,1
seeks,1
forming,1
inequalities,1
centripetal,1
membership,1
highbanks,1
parkinson,1
presenting,1
madison,1
francisco,1
epiphenomenon,1
willoughby,1
ranged,1
roughly,1
enclosed,1
maintaining,1
anonymous,1
offered,1
territories,1
vertebrate,1
orchestrated,1
pioneering,1
rest,1
archaeologica,1
classificatory,1
plethora,1
ensuring,1
bottoms,1
prospects,1
benton,1
justify,1
deposits,1
montetwhite,1
temperatures,1
pool,1
deposition,1
exclusively,1
grppnp,1
northwestern,1
mortuaryrelated,1
traditional,1
gulf,1
connolly,1
spectroscopy,1
zones,1
famous,1
premature,1
ca,1
paleobotany,1
close,1
inventories,1
otto,1
deeper,1
mapuche,1
ernie,1
odell,1
thorough,1
