WORDCOUNTS,WEIGHT
the,964
of,840
and,675
to,445
in,389
a,367
that,231
is,218
or,142
be,138
by,133
for,130
with,123
as,108
are,99
it,95
food,91
an,86
on,84
this,82
sharing,80
cooperation,75
social,72
from,72
models,72
their,70
exchange,70
not,70
among,69
p,64
but,64
these,64
evolutionary,64
they,63
group,62
will,62
selection,62
if,59
foraging,59
tolerated,58
has,57
reciprocity,57
can,55
more,52
gifts,48
may,48
have,48
value,47
resource,46
risk,45
theft,45
individual,45
other,43
its,43
j,42
also,42
evolution,42
individuals,42
ecology,40
which,39
than,39
behavioral,37
we,36
human,35
scrounging,34
winterhaider,34
at,33
one,33
some,31
marginal,31
large,30
game,30
taken,29
might,29
r,29
only,29
anthropology,29
pp,28
analysis,28
through,28
groups,27
production,27
likely,26
behavior,26
i,26
because,26
would,26
g,25
benefits,25
foragers,25
reciprocal,25
c,25
there,24
no,24
m,24
packet,23
model,23
who,23
b,22
theory,22
scroungers,22
been,22
what,22
kin,22
e,21
resources,21
l,21
most,21
when,21
kaplan,21
then,21
any,21
must,21
producer,21
fitness,21
small,20
portions,20
about,20
high,20
hill,20
does,19
those,19
such,19
mechanism,19
mechanisms,19
t,19
economic,19
two,19
current,19
between,19
within,18
producers,18
diet,18
share,18
minimization,18
equilibrium,18
journal,17
how,17
blurton,17
n,17
do,17
so,17
tactics,17
ecological,17
all,16
hawkes,16
forager,16
distribution,16
collective,16
circumstance,16
them,16
form,16
size,16
both,16
conditions,16
d,16
packets,16
should,16
hunting,15
population,15
k,15
members,15
new,15
each,15
benefit,15
gain,15
evidence,15
american,14
advantage,14
ethology,14
even,14
costs,14
university,14
based,14
et,14
good,14
altruism,14
family,14
giver,14
degree,14
behaviors,14
relative,14
frequency,14
harvest,14
terms,14
her,14
consumption,14
much,14
hypothesis,14
common,13
contested,13
case,13
sexual,13
thus,13
his,13
direct,13
sociobiology,13
greater,13
pure,13
cultural,13
well,13
three,13
transfers,13
he,12
h,12
item,12
s,12
simple,12
due,12
data,12
units,12
return,12
hypotheses,12
low,12
variance,12
hunters,12
widely,12
w,12
give,11
review,11
study,11
show,11
own,11
restricted,11
ethnographic,11
inheritance,11
tft,11
dual,11
why,11
animal,11
balance,11
circumstances,11
now,10
behaviour,10
aché,10
possible,10
ess,10
cooperative,10
mean,10
important,10
transfer,10
avoid,10
sahlins,10
without,10
reproductive,10
less,10
another,10
range,10
empirical,10
attention,10
success,10
material,10
natural,10
recent,10
into,9
possibilities,9
detection,9
against,9
rates,9
dilemma,9
balanced,9
factors,9
was,9
interdemic,9
societies,9
equal,9
work,9
used,9
optimal,9
toward,9
larger,9
diverse,9
man,9
forms,9
perhaps,9
number,9
like,9
she,9
provide,9
stable,9
problem,9
although,9
potential,9
mix,9
given,9
consistent,8
priority,8
means,8
beyond,8
could,8
economics,8
feeding,8
successful,8
below,8
several,8
using,8
portion,8
action,8
opportunists,8
yet,8
opportunities,8
us,8
smith,8
shows,8
where,8
showing,8
local,8
pooling,8
explanation,8
use,8
net,8
tactic,8
were,8
unrelated,8
science,8
nutritional,8
better,8
while,8
produce,8
our,8
need,8
nepotism,7
studies,7
hominid,7
taker,7
first,7
either,7
long,7
nature,7
available,7
producing,7
take,7
context,7
exchanges,7
economies,7
de,7
relatively,7
mauss,7
jones,7
capture,7
active,7
acquisition,7
shared,7
explain,7
public,7
possibility,7
sufficient,7
make,7
under,7
opportunist,7
same,7
men,7
enough,7
strategies,7
approach,7
evolve,7
after,7
standard,7
offspring,7
note,7
efficiency,7
biology,7
environment,7
different,7
returns,7
goods,7
evident,7
level,7
families,7
average,7
effects,7
strong,7
o,6
hadza,6
environmental,6
alone,6
modern,6
processes,6
daily,6
analyses,6
threshold,6
consumed,6
surplus,6
realized,6
kind,6
items,6
higher,6
rather,6
remain,6
subsistence,6
support,6
affect,6
biased,6
defectors,6
providing,6
appear,6
transmission,6
out,6
kinship,6
indirect,6
relatives,6
part,6
reduces,6
lower,6
becomes,6
suggest,6
quite,6
research,6
always,6
up,6
species,6
results,6
promising,6
incentive,6
society,6
demand,6
positive,6
hominids,6
makes,6
selfish,6
others,6
time,6
present,6
intragroup,6
free,6
including,6
advantages,6
reward,6
effect,6
fails,6
things,6
aid,6
imbalance,6
archaeology,6
male,6
life,6
often,6
see,6
itself,6
anthropological,6
associated,6
detect,6
temporal,6
meat,6
sciences,6
here,6
alternative,6
very,6
advances,6
explanations,6
literature,6
males,6
thereby,6
giving,6
mutualism,6
cambridge,6
needs,6
specific,6
nonmarket,6
along,5
obligations,5
identify,5
necessarily,5
history,5
before,5
stochastic,5
variety,5
properties,5
round,5
modest,5
adopt,5
fully,5
help,5
achieved,5
state,5
cooperatore,5
somewhat,5
generosity,5
key,5
capable,5
quantity,5
diversity,5
conflict,5
neighbors,5
ability,5
elements,5
fig,5
left,5
influence,5
york,5
levels,5
valuation,5
just,5
reviewed,5
situations,5
age,5
origins,5
cost,5
result,5
effort,5
produced,5
kubo,5
cannot,5
receive,5
future,5
gains,5
ravens,5
related,5
describe,5
status,5
few,5
descendants,5
hunt,5
provided,5
various,5
inclusive,5
gift,5
choices,5
relatedness,5
many,5
foods,5
variation,5
patterns,5
increases,5
handicap,5
hamilton,5
effectiveness,5
discovery,5
values,5
increase,5
medium,5
causes,5
full,5
previous,5
trade,5
points,5
function,5
curve,5
provides,5
arise,5
acquire,5
joint,5
intergroup,5
observation,5
dimension,5
whether,5
particular,5
character,5
add,5
agricultural,5
axis,5
information,5
intake,5
pavlov,5
little,5
role,5
subject,5
generate,5
made,5
hunter,5
off,5
obligation,5
uncertainty,5
maximum,5
close,5
difficult,4
rate,4
donor,4
measures,4
distributed,4
needed,4
stone,4
currency,4
materials,4
negative,4
being,4
interests,4
reduction,4
differences,4
arises,4
forage,4
biologists,4
concepts,4
dd,4
bats,4
activity,4
move,4
naturalist,4
interact,4
central,4
prey,4
relationships,4
component,4
caraco,4
pursuit,4
mixed,4
mating,4
complex,4
patch,4
effective,4
find,4
takers,4
patches,4
nondescendant,4
camp,4
purely,4
unit,4
probability,4
earlier,4
importance,4
distant,4
days,4
observations,4
threat,4
four,4
allow,4
found,4
temptation,4
generates,4
initial,4
further,4
otherwise,4
wide,4
gained,4
unequal,4
egalitarian,4
distinguish,4
significantly,4
axelrod,4
loss,4
issues,4
people,4
actually,4
williams,4
reflect,4
computer,4
diminish,4
order,4
highly,4
acts,4
recipients,4
aldine,4
cite,4
nepotistic,4
f,4
critical,4
situation,4
limited,4
constraints,4
defection,4
decisions,4
oxford,4
competition,4
interpretation,4
al,4
put,4
diminishing,4
idea,4
minimize,4
establish,4
argues,4
original,4
examples,4
organisms,4
opportunity,4
band,4
rare,4
observed,4
theoretical,4
clear,4
archaeological,4
plant,4
households,4
never,4
special,4
problems,4
structure,4
tendency,4
adaptive,4
animals,4
increasing,4
tests,4
sometimes,4
opportunism,4
usually,4
widespread,4
force,4
test,4
wilson,4
over,4
sure,4
sizes,4
setting,4
argue,4
losses,4
generalized,4
table,4
according,4
avoidance,4
accounts,4
cause,4
extent,4
transaction,4
yield,4
presume,4
variability,4
harvesting,4
giraldeau,4
allows,4
shown,4
until,4
quest,4
typically,4
optimization,4
shift,4
partial,4
early,4
seek,4
north,4
delayed,4
starter,4
sufficiently,3
locates,3
produces,3
provisioning,3
behavioural,3
horizontal,3
avoiding,3
enter,3
overcompensation,3
everyone,3
determine,3
nonkin,3
designed,3
flows,3
variants,3
women,3
hopi,3
sources,3
hence,3
seems,3
attractive,3
assess,3
disproportionate,3
theoiy,3
concludes,3
subsequent,3
represent,3
tell,3
anthropologists,3
task,3
right,3
vol,3
determined,3
lies,3
solely,3
community,3
combination,3
handicaps,3
genetic,3
framework,3
maynard,3
penalty,3
indefinite,3
severe,3
immediate,3
reject,3
since,3
scarce,3
predators,3
adopted,3
expected,3
rank,3
averaging,3
refer,3
amount,3
accurately,3
disproportionately,3
highest,3
compared,3
twice,3
academy,3
invites,3
recognized,3
absent,3
developed,3
adds,3
proceedings,3
notion,3
process,3
similar,3
variant,3
ache,3
contributions,3
tree,3
productive,3
risks,3
lowers,3
gathering,3
qc,3
consider,3
frequently,3
follow,3
consequence,3
requires,3
instance,3
strategy,3
view,3
dc,3
conflicts,3
qualities,3
radial,3
search,3
called,3
combinations,3
narrow,3
captured,3
gtft,3
term,3
embedded,3
equally,3
though,3
boyd,3
absolute,3
required,3
creates,3
shape,3
directly,3
degrees,3
received,3
sanction,3
during,3
anbara,3
riders,3
contains,3
nor,3
attributed,3
causal,3
least,3
sense,3
field,3
honey,3
initiating,3
routine,3
division,3
annual,3
games,3
actions,3
stephens,3
partially,3
san,3
implications,3
absence,3
contingent,3
identified,3
overall,3
whatever,3
still,3
movement,3
single,3
thought,3
participants,3
home,3
lone,3
complete,3
dropped,3
unbalanced,3
minnegal,3
simulation,3
goals,3
chance,3
analytical,3
fact,3
proposal,3
choice,3
pattern,3
starvation,3
scrounger,3
anthropologist,3
stuff,3
scientist,3
manner,3
continuing,3
existing,3
relevant,3
necessary,3
practice,3
shifts,3
day,3
imagine,3
analyzed,3
encounter,3
survive,3
lost,3
locate,3
formal,3
reside,3
entirely,3
significant,3
factor,3
variables,3
defect,3
open,3
authors,3
comprehensive,3
recipient,3
organism,3
tribal,3
favored,3
especially,3
fatal,3
systems,3
specialize,3
ethnographically,3
opposite,3
performing,3
valuable,3
vertical,3
relations,3
strongly,3
types,3
get,3
event,3
face,3
regularly,3
quantitative,3
acquired,3
variable,3
known,3
byproduct,3
mixes,3
text,3
set,3
outcome,3
readily,3
parental,3
shares,3
novel,3
best,3
half,3
cc,3
scenario,3
particularly,3
constant,3
living,3
options,3
subgroup,3
defend,3
divided,3
making,3
dwyer,3
adaptation,3
utilitarian,3
too,3
suggests,3
despite,3
arguments,3
world,3
come,3
argument,3
national,3
include,3
regular,3
association,3
increased,3
preferentially,3
themselves,3
point,3
chicago,3
era,3
pool,3
interaction,3
develop,3
focus,3
cited,3
occur,3
together,2
spice,2
summed,2
prefer,2
holder,2
later,2
indicated,2
generous,2
faced,2
designated,2
functional,2
affected,2
consume,2
predator,2
ultimate,2
per,2
center,2
comprised,2
mobility,2
live,2
true,2
sets,2
hoarding,2
approaches,2
bias,2
shortfall,2
inconsistent,2
nondonor,2
crocuta,2
favor,2
acceptance,2
predictor,2
explanatory,2
predicting,2
unlike,2
encourage,2
underproduction,2
suffered,2
limits,2
something,2
assume,2
princeton,2
sequential,2
expend,2
explaining,2
provision,2
undermine,2
every,2
victim,2
interested,2
ii,2
address,2
humans,2
expectation,2
promoting,2
definition,2
incorporating,2
reach,2
principles,2
adaptationist,2
origin,2
able,2
transferred,2
link,2
cooperating,2
characterizing,2
resulting,2
depress,2
date,2
forgiving,2
precisely,2
normal,2
reading,2
favoring,2
behind,2
tragedy,2
depends,2
system,2
side,2
classic,2
depending,2
wilkinson,2
existence,2
continuum,2
primary,2
mamaindê,2
account,2
quantities,2
evolutionarily,2
reply,2
hungry,2
measuring,2
apart,2
taking,2
rhesus,2
household,2
richerson,2
monitoring,2
constrained,2
correlation,2
acquires,2
engage,2
socially,2
signal,2
punishing,2
differential,2
dependence,2
nash,2
difficulties,2
dynamics,2
run,2
calculated,2
interest,2
satiation,2
prediction,2
garners,2
defense,2
feasible,2
clustering,2
depend,2
encompass,2
response,2
relinquishes,2
tend,2
critique,2
details,2
discovering,2
unwelcome,2
occasion,2
general,2
adult,2
transactions,2
incidental,2
harcourt,2
fort,2
vegetable,2
contest,2
whose,2
veiy,2
criticism,2
predicted,2
relinquish,2
motivation,2
traffic,2
refitting,2
arising,2
across,2
sort,2
breadth,2
basic,2
influential,2
vampire,2
neatly,2
parents,2
turn,2
envisioned,2
generating,2
adults,2
envision,2
diminishes,2
eaten,2
practicing,2
augmented,2
consequences,2
utilities,2
moves,2
characterizes,2
reason,2
solutions,2
trivers,2
developments,2
females,2
possibly,2
organization,2
statistical,2
established,2
repeated,2
macaques,2
linked,2
dominate,2
welfare,2
perspective,2
ceded,2
upper,2
opportunistic,2
generally,2
answers,2
dominant,2
vehicles,2
methodology,2
scavenger,2
friends,2
countervailing,2
whereas,2
hours,2
had,2
uses,2
advance,2
whom,2
acting,2
martinez,2
rule,2
access,2
hames,2
seven,2
deal,2
requirements,2
carolina,2
base,2
punishment,2
big,2
acquiring,2
eliminates,2
ranking,2
understood,2
imbalances,2
chimpanzee,2
appears,2
meet,2
energy,2
hypothetical,2
saving,2
premise,2
sacrifice,2
chief,2
package,2
eliminate,2
overlapping,2
basis,2
gatherers,2
scavenging,2
dilemmas,2
claim,2
concept,2
unless,2
prominent,2
london,2
ot,2
example,2
calls,2
ecologists,2
department,2
whole,2
overview,2
intermediate,2
place,2
constitute,2
keep,2
unrestricted,2
terminology,2
microeconomic,2
away,2
il,2
enhances,2
encounters,2
geneticai,2
contests,2
change,2
commons,2
normally,2
distances,2
assay,2
stage,2
tested,2
specifically,2
encompasses,2
choose,2
starting,2
surfeit,2
presence,2
methodological,2
visible,2
dependent,2
productivity,2
distinguishing,2
finds,2
cheating,2
inform,2
aggregate,2
reducing,2
schematic,2
activities,2
apparent,2
reciprocate,2
uncommon,2
second,2
ranging,2
reduced,2
resist,2
practices,2
populations,2
indeed,2
play,2
nearly,2
poor,2
etc,2
reduce,2
attempt,2
above,2
expanded,2
surviving,2
indicates,2
interactions,2
comments,2
distribute,2
structural,2
biological,2
hegmon,2
once,2
depicted,2
violence,2
examined,2
represents,2
sex,2
evolved,2
formally,2
neither,2
favorable,2
supplanted,2
culture,2
experimental,2
already,2
reports,2
begins,2
regional,2
pole,2
considers,2
recall,2
elevate,2
longer,2
consideration,2
limit,2
fundamental,2
pressure,2
determines,2
trips,2
match,2
asymptote,2
grows,2
end,2
contemporary,2
distributions,2
observes,2
question,2
sociality,2
likelihood,2
v,2
bonus,2
mitigates,2
accepted,2
primatology,2
lion,2
entails,2
distance,2
gives,2
multicausal,2
scant,2
ephemeral,2
empirically,2
ine,2
understanding,2
investment,2
dissimilar,2
modifiers,2
comprise,2
sober,2
relinquishing,2
enhanced,2
unpredictable,2
expand,2
virtually,2
began,2
deme,2
sequence,2
engaged,2
suggested,2
repetition,2
directed,2
adding,2
recognize,2
sustain,2
maintenance,2
receiver,2
period,2
optimum,2
features,2
collected,2
maximize,2
proximity,2
latter,2
procurement,2
conclusions,2
outcomes,2
promote,2
parallel,2
chapel,2
become,2
construction,2
seeking,2
cease,2
probably,2
usa,2
slightly,2
contracts,2
primal,2
adaptations,2
selfishness,2
quarterly,2
evaluated,2
political,2
brown,2
vickery,2
attended,2
presumed,2
separate,2
dietary,2
discriminating,2
individualism,2
relationship,2
applications,2
payoffs,2
africa,2
chimpanzees,2
independent,2
testing,2
reallocation,2
primarily,2
predict,2
supraindividual,2
proposition,2
overlap,2
reversals,2
extra,2
achieve,2
respect,2
composed,2
premarket,2
assigns,2
repressed,2
pressures,2
stipulation,2
considered,2
matters,2
differentiated,2
finches,2
dispersed,2
lessons,2
series,2
conclusion,2
peoples,2
extending,2
simply,2
solitary,2
claims,2
compensation,2
quickly,2
know,2
partner,2
extant,2
principle,2
faulty,2
ratio,2
east,2
cautiously,2
flowing,2
peasant,2
classed,2
capacity,2
proportional,2
eventually,2
last,2
past,2
type,2
correlate,2
unlikely,2
economy,2
preexisting,2
notable,2
carefully,2
unique,2
spatial,2
charged,2
calculations,2
cooperatively,2
paleoeconomics,2
leaving,2
provisioners,2
correlates,2
prestige,2
pursued,2
secure,2
rationality,2
precedent,2
almost,2
ideal,2
contain,2
distributing,2
nj,2
varieties,2
permissiveness,2
careful,2
multiple,2
met,2
strangers,2
socioecological,2
alternatives,2
confirm,2
procure,2
sufficiency,2
measure,2
conventional,2
deviate,2
qualitative,2
phenomenon,2
metabolic,2
isolated,2
asynchronous,2
lactating,2
moderate,2
survival,2
years,2
difference,2
appropriate,2
catch,2
wish,2
brain,2
offer,2
realism,2
states,2
obvious,2
evolutionaiy,2
salience,2
measured,2
remains,2
offered,2
supported,2
modeling,2
occurring,2
distinctions,2
reached,2
debate,2
create,2
immediately,2
cedes,2
connor,2
doing,2
roles,2
pilaga,1
tournaments,1
dip,1
mongoose,1
emulate,1
frequent,1
reactive,1
selfinterest,1
repay,1
sigmund,1
zaire,1
defending,1
divisible,1
formulated,1
appropriation,1
done,1
child,1
grumbling,1
lacunae,1
tvade,1
diligent,1
span,1
edge,1
fraction,1
falsifying,1
implying,1
generated,1
responds,1
lests,1
shortterm,1
asymmetric,1
opponent,1
guaranteeing,1
mingle,1
compensate,1
melody,1
market,1
extreme,1
profitability,1
legitimate,1
reckoning,1
combine,1
eliminated,1
considerably,1
totally,1
introduction,1
stands,1
mato,1
controlling,1
slacker,1
punctulata,1
lonchura,1
arnhem,1
inconsequential,1
dugatkin,1
forcesindividual,1
enduring,1
summarizing,1
unsatisfactory,1
saved,1
systematically,1
fate,1
properly,1
enhance,1
diverge,1
essays,1
prime,1
anchor,1
linkages,1
obligationto,1
freeriding,1
alternation,1
constitutes,1
liabilities,1
unabated,1
rewards,1
irrespective,1
nonrelatives,1
kl,1
easily,1
mit,1
solicitation,1
expects,1
incidentally,1
spirit,1
theatre,1
policy,1
position,1
signifies,1
redistribute,1
emphasize,1
shirting,1
individually,1
total,1
observing,1
stretches,1
botswana,1
ethnoarchaeological,1
expressed,1
harvests,1
steeply,1
arrived,1
obligate,1
stochastically,1
attractiveness,1
descriptions,1
nice,1
actuality,1
convergence,1
contexts,1
ethnographies,1
experience,1
fluctuations,1
predominantly,1
compression,1
largess,1
paradox,1
schaffer,1
cast,1
archaeologists,1
way,1
decidedly,1
transitions,1
australia,1
dwarf,1
defects,1
ambivalence,1
adversity,1
multicausality,1
posed,1
rinehart,1
allocations,1
exclusive,1
coexist,1
microecological,1
scientific,1
deterministic,1
supplicants,1
chaos,1
symmetrical,1
rapid,1
thrive,1
elusive,1
stochasticity,1
othersappeared,1
emerged,1
shortage,1
ourselves,1
ilie,1
freely,1
discerned,1
departure,1
amoral,1
words,1
parties,1
bonanzas,1
zeitschrift,1
replaces,1
affinities,1
ikung,1
scientists,1
skills,1
stringent,1
acquirer,1
leading,1
explores,1
economizing,1
succeeds,1
assertion,1
smoothly,1
counterstrategies,1
great,1
confusion,1
grasshoppers,1
monitor,1
altruistic,1
defections,1
indifferent,1
assembled,1
theftsubtle,1
receiving,1
expense,1
anyway,1
real,1
debt,1
reproduction,1
prevail,1
canwhat,1
inadvertently,1
alden,1
damage,1
fresh,1
confers,1
patterned,1
shirks,1
tangible,1
depresses,1
causé,1
loose,1
mind,1
greatly,1
respond,1
primitive,1
deaccelerating,1
reserved,1
classified,1
complicated,1
songbirds,1
profitable,1
mindset,1
gfit,1
intersection,1
elaborating,1
proposals,1
impulses,1
nowhere,1
partners,1
issue,1
takes,1
exogenous,1
sophisticated,1
disabling,1
eastern,1
gaps,1
assertions,1
modify,1
captures,1
draws,1
keywords,1
sought,1
bases,1
female,1
foothold,1
incorporate,1
draw,1
hyenas,1
solving,1
vulnerability,1
retain,1
chapter,1
inverse,1
occupying,1
politics,1
compelling,1
reproducing,1
extinguished,1
belies,1
facilitating,1
player,1
slight,1
earn,1
feinman,1
mutual,1
alter,1
bibliography,1
herea,1
consumers,1
births,1
flourishes,1
eating,1
stabilizes,1
supply,1
extends,1
overtmay,1
x,1
disparities,1
conception,1
apply,1
dissipated,1
heretical,1
himself,1
demanded,1
woodburn,1
permissive,1
moral,1
unhappy,1
identifies,1
nondescendent,1
measurement,1
borgerhoff,1
removes,1
redounds,1
pursuing,1
localized,1
labor,1
mistake,1
goal,1
restraint,1
accommodate,1
phase,1
includes,1
hypotheticodeductive,1
royal,1
pincevent,1
collapse,1
actual,1
hazards,1
surely,1
cheat,1
explained,1
facts,1
development,1
equalize,1
quality,1
neediest,1
digestion,1
reprobation,1
impala,1
premises,1
swamped,1
asynchronously,1
subverts,1
cooperate,1
tit,1
logic,1
juxtaposition,1
contributors,1
moment,1
vigilance,1
valueas,1
raises,1
heterogeneity,1
occurs,1
strife,1
price,1
heightened,1
conjures,1
emerges,1
constellation,1
bounty,1
ds,1
pay,1
enlarges,1
overly,1
digestive,1
inspires,1
retaliatory,1
migrate,1
exercise,1
evaluate,1
initiate,1
estimates,1
uncompensated,1
cases,1
precludes,1
offenders,1
unpredictability,1
theorists,1
ct,1
self,1
relinquished,1
illuminates,1
mistakes,1
displays,1
transcends,1
inclinations,1
generalizingin,1
contrary,1
restrict,1
holds,1
extraordinary,1
served,1
kills,1
maunier,1
quit,1
outcompeted,1
continuous,1
ß,1
fourth,1
detecting,1
intersocietal,1
alliances,1
powerfully,1
incompletely,1
optimizes,1
weight,1
explore,1
mates,1
consequently,1
unresolved,1
unconditional,1
look,1
stinginess,1
ecosystems,1
noncooperator,1
tentatively,1
solution,1
apparently,1
seeded,1
conceive,1
departed,1
guide,1
protects,1
acknowledge,1
adjust,1
cites,1
neutral,1
payoff,1
discoverer,1
mbuti,1
tangent,1
newer,1
selectionhave,1
van,1
lesser,1
site,1
assessed,1
operation,1
opposed,1
deviation,1
interesting,1
weapon,1
enhancing,1
evaluates,1
adequate,1
lowertail,1
cooperationfavored,1
likeness,1
transformations,1
exact,1
act,1
nonperformer,1
functionalist,1
observers,1
lessening,1
ways,1
compatible,1
ra,1
mountain,1
organizing,1
crash,1
resident,1
explicit,1
gratuitous,1
od,1
taste,1
doctrine,1
broaden,1
players,1
culturally,1
forgo,1
environments,1
suffer,1
goes,1
accurate,1
inconsistently,1
dp,1
occurif,1
associate,1
lasted,1
reinterpretations,1
eight,1
inhere,1
nonreproductive,1
comprehensively,1
ponder,1
lamented,1
certain,1
leave,1
adjustments,1
parts,1
ongoing,1
forestalls,1
danger,1
manipulative,1
feel,1
discriminate,1
supplements,1
carcass,1
expressing,1
guides,1
replete,1
references,1
determination,1
maximizes,1
suppression,1
efe,1
selfserving,1
old,1
plus,1
operates,1
praise,1
prehistory,1
locally,1
dobecause,1
flexibility,1
specialization,1
bursts,1
emergence,1
contiguous,1
presumably,1
francis,1
specify,1
invite,1
appraised,1
represented,1
threatening,1
air,1
impact,1
harvested,1
bruce,1
weak,1
unfavorable,1
agonistic,1
inspiration,1
profile,1
cunning,1
companions,1
trace,1
acknowledges,1
graces,1
store,1
elephants,1
additional,1
biotic,1
vn,1
readings,1
peru,1
derby,1
selective,1
linkage,1
isolation,1
followed,1
enhancement,1
evolves,1
convincing,1
parsimonious,1
unequally,1
expulsion,1
reconsideration,1
plenum,1
willing,1
rendered,1
entrant,1
odd,1
helped,1
antecedents,1
ostracism,1
personalized,1
adapting,1
decades,1
ancient,1
misunderstandings,1
italics,1
dispersion,1
categorical,1
paragraph,1
constructive,1
proposed,1
streak,1
duxbury,1
outperforms,1
exacerbate,1
watchful,1
endogenous,1
prehistoric,1
came,1
lead,1
identifying,1
columbia,1
aftermath,1
ethnography,1
cd,1
location,1
analog,1
incurs,1
appearance,1
six,1
replicate,1
carrying,1
conservative,1
carcasses,1
superfluous,1
hands,1
critically,1
relating,1
ambiguity,1
objectives,1
tucker,1
demands,1
omnivorous,1
infrequent,1
events,1
primacy,1
relate,1
eat,1
nonpacket,1
reactionary,1
philosophical,1
negation,1
attained,1
coalitions,1
polemics,1
allopatric,1
wonder,1
density,1
predicates,1
spotted,1
durham,1
third,1
promotes,1
posited,1
technical,1
mainly,1
regulation,1
reviews,1
studying,1
aspects,1
sharpened,1
divide,1
residential,1
scrounge,1
promise,1
analogous,1
biases,1
applied,1
erratic,1
bram,1
record,1
possessor,1
procedures,1
organizationradial,1
networks,1
dependents,1
simulations,1
naturalism,1
gods,1
property,1
alt,1
wants,1
handsome,1
improve,1
comestibles,1
failure,1
having,1
harpending,1
none,1
shrewdly,1
expansionary,1
detractors,1
competent,1
accounting,1
line,1
flourish,1
unallocated,1
stimulated,1
currencies,1
intense,1
climb,1
implication,1
looks,1
commonplaces,1
uneven,1
strict,1
carries,1
instituted,1
preferred,1
predicating,1
coping,1
psychological,1
fosters,1
foltíics,1
characterization,1
rat,1
begs,1
purpose,1
kristen,1
proportions,1
knowledge,1
curriculum,1
tenure,1
thoughts,1
newest,1
minority,1
ecologist,1
boomerang,1
northern,1
piecing,1
realm,1
nonsharing,1
q,1
fit,1
consistently,1
couched,1
fail,1
northwest,1
subtleties,1
expansive,1
demonstrates,1
subtly,1
records,1
concentrate,1
enforce,1
predicts,1
runs,1
perishable,1
winter,1
prisoner,1
call,1
forces,1
demonstration,1
adaptiveness,1
contentious,1
surrounding,1
lazy,1
rise,1
anything,1
inveterate,1
participate,1
achieving,1
capacities,1
manage,1
arrangements,1
reciprocities,1
interpreted,1
my,1
concurrent,1
soltis,1
count,1
redistribution,1
manipulation,1
shortcomings,1
errors,1
ifaluk,1
citing,1
extrafamilial,1
subtle,1
entitle,1
preceded,1
originsfaunal,1
tone,1
creating,1
designates,1
ratios,1
hard,1
recast,1
lee,1
reliable,1
coupled,1
carol,1
next,1
complicate,1
theater,1
interacting,1
wrong,1
synthesized,1
asynchrony,1
dangerous,1
sharp,1
insurance,1
around,1
affluent,1
specified,1
specificity,1
separately,1
anticipation,1
pregnant,1
smithsonian,1
revealing,1
scattering,1
reciprocation,1
compatibility,1
temporary,1
brought,1
invoke,1
ts,1
observe,1
australian,1
gene,1
choosing,1
blunt,1
schedules,1
ancestors,1
usual,1
junctures,1
differing,1
truck,1
potent,1
credible,1
core,1
dedicated,1
discreetly,1
unbridled,1
beacon,1
tethered,1
describes,1
poorly,1
theorem,1
notes,1
achieves,1
neoclassical,1
diminished,1
regulating,1
folk,1
preliminary,1
displaced,1
increments,1
compels,1
pervasive,1
derives,1
hora,1
behalf,1
invest,1
seemed,1
content,1
awards,1
subsequently,1
periods,1
entailed,1
garnered,1
securing,1
south,1
insufficient,1
flourished,1
analytic,1
press,1
ride,1
rankings,1
intrascrounger,1
suspects,1
deplete,1
fortunate,1
spoilage,1
myth,1
resolution,1
basarwa,1
matter,1
attempts,1
attributable,1
exhaust,1
resolutefy,1
requirement,1
gather,1
synchronized,1
charnov,1
logically,1
separation,1
divergence,1
short,1
entangled,1
synthesis,1
hypothesisone,1
routinely,1
expansion,1
tempted,1
description,1
corporation,1
brief,1
drops,1
interforager,1
exception,1
assurance,1
brings,1
equivalents,1
allogrooming,1
starve,1
says,1
manifest,1
initially,1
motive,1
lb,1
settings,1
seemingly,1
strategic,1
groupings,1
surveyed,1
hold,1
reception,1
tends,1
spectacular,1
illuminating,1
percentage,1
omits,1
scarcity,1
confronting,1
replicators,1
calculate,1
contributing,1
collect,1
ineffective,1
archaeologist,1
land,1
avoids,1
elaboration,1
liability,1
reference,1
beachhead,1
permission,1
nonmarginal,1
ery,1
optimality,1
security,1
switching,1
scrounges,1
advanced,1
emigrants,1
residence,1
acknowledgments,1
serve,1
optimally,1
soon,1
rain,1
array,1
sate,1
continuity,1
mobile,1
exposure,1
challenged,1
specifics,1
disastrous,1
index,1
quanti,1
salutary,1
today,1
puzzle,1
sheryl,1
adjusted,1
stocking,1
primaeval,1
shifting,1
obligated,1
incompetent,1
dna,1
processobviates,1
broad,1
robust,1
largest,1
coveiy,1
insights,1
odds,1
hunger,1
scraps,1
unusually,1
dispute,1
retribution,1
proclivities,1
noted,1
exceptionally,1
inedible,1
retaliations,1
ambiguities,1
meets,1
affections,1
double,1
regardless,1
generality,1
lavish,1
tries,1
routes,1
nicholas,1
optimize,1
falling,1
successfully,1
california,1
bushman,1
impediment,1
heritage,1
book,1
ingold,1
challenge,1
power,1
stronger,1
stated,1
saturate,1
neglect,1
punish,1
tactically,1
conceived,1
trafficking,1
tierpsychologie,1
lowering,1
addition,1
experienced,1
generously,1
efforts,1
disadvantageous,1
conformity,1
chicanery,1
naive,1
lack,1
dietare,1
breakfast,1
treatment,1
foodstuffs,1
ituri,1
chord,1
areas,1
recurrent,1
tolerate,1
striking,1
creative,1
appeared,1
documents,1
lc,1
tally,1
neglects,1
cheaters,1
sated,1
lacks,1
children,1
really,1
suboptimal,1
personal,1
demonstrating,1
fallen,1
debates,1
debated,1
seize,1
rene,1
doubt,1
identical,1
quadrant,1
imperfect,1
zero,1
anthropologica,1
reasons,1
puzzling,1
retaliating,1
lions,1
remarkable,1
incentives,1
operating,1
selectionism,1
secular,1
developing,1
equitable,1
intermedie,1
income,1
vulnerable,1
axes,1
parcelling,1
ultimately,1
potentially,1
appreciation,1
anubis,1
paired,1
disparity,1
appropriating,1
rounds,1
belief,1
recognizes,1
exceeds,1
intangible,1
guarantees,1
threats,1
hovering,1
opens,1
compete,1
encountered,1
pleistocene,1
anticipate,1
remained,1
remove,1
eric,1
stabilize,1
nonetheless,1
displace,1
private,1
luck,1
greatest,1
reveals,1
nutrition,1
synchrony,1
extended,1
discussion,1
supplies,1
intimate,1
knew,1
birth,1
observable,1
onerous,1
preferential,1
upon,1
accompanying,1
bear,1
restrained,1
pertain,1
groupwide,1
previously,1
retains,1
procedure,1
formalist,1
ingratitude,1
exploits,1
concern,1
oscillation,1
varying,1
empiricallywould,1
expression,1
summaiy,1
refers,1
affects,1
morality,1
cooperates,1
ideas,1
products,1
harvard,1
shorn,1
catalyst,1
questions,1
trend,1
predictors,1
services,1
persistent,1
aids,1
stay,1
heinrich,1
sees,1
option,1
improvements,1
flocks,1
contribution,1
described,1
uniqueness,1
vigilant,1
rejected,1
qe,1
homeric,1
significance,1
explorations,1
magnanimity,1
prédation,1
hybridreturns,1
provoked,1
intraand,1
reality,1
emphasizing,1
fullness,1
rareand,1
sensitivity,1
express,1
utter,1
clue,1
america,1
supportive,1
held,1
times,1
derived,1
characterized,1
sociable,1
receipt,1
spread,1
rewarded,1
interspecific,1
causally,1
obtained,1
stages,1
lie,1
mammals,1
interacted,1
indiscriminately,1
structuralism,1
preservation,1
adequately,1
glynn,1
temporaiy,1
graphical,1
class,1
genderbased,1
facing,1
internal,1
prescribes,1
elaborate,1
eyes,1
nicely,1
methods,1
spreads,1
assures,1
insists,1
glut,1
relation,1
emphasized,1
interpretations,1
assessing,1
respectively,1
influences,1
accrue,1
excluded,1
availability,1
james,1
sizable,1
confusing,1
cuyo,1
comfortably,1
sanctioning,1
intervalsnot,1
analyze,1
differ,1
secures,1
arisen,1
equivalent,1
dividing,1
ascribe,1
versus,1
iterated,1
occupied,1
institution,1
egoistic,1
attend,1
bliege,1
cede,1
la,1
clans,1
exchanged,1
reluctant,1
decision,1
infants,1
ws,1
genesis,1
dealing,1
asking,1
yields,1
suggestion,1
twelve,1
alters,1
penguin,1
entail,1
assigned,1
critics,1
hurdle,1
arc,1
abundance,1
mitigate,1
chances,1
marginally,1
quantitye,1
publishing,1
residual,1
wisdom,1
perspectives,1
mixture,1
bulk,1
figure,1
gottenand,1
adequacy,1
highvalue,1
depersonalization,1
foster,1
unwarranted,1
prudent,1
suffice,1
vague,1
qualifies,1
attitude,1
discard,1
binary,1
concluding,1
venues,1
seen,1
consonant,1
progressively,1
yale,1
divergences,1
returned,1
rational,1
husbanding,1
suggestions,1
instituting,1
reservations,1
rapidly,1
maximizing,1
category,1
plasticity,1
discourse,1
covering,1
provider,1
catalyzed,1
reaches,1
givers,1
impersonal,1
examine,1
hierarchical,1
kill,1
fe,1
surprising,1
dead,1
simulated,1
coordination,1
probabilistic,1
fields,1
creatures,1
papio,1
instances,1
strategically,1
diogenes,1
articles,1
inducing,1
conspecific,1
widest,1
hxaro,1
forest,1
citation,1
distributional,1
signifying,1
detail,1
ensure,1
undertook,1
bates,1
stimulates,1
valuing,1
curious,1
latest,1
rarely,1
historian,1
following,1
broke,1
touches,1
fingerprinting,1
overriding,1
comes,1
analogues,1
complexity,1
mentioned,1
version,1
changing,1
paleoanthropology,1
primates,1
ve,1
simmel,1
ethnoarchaeology,1
respective,1
predictions,1
giraffe,1
demonstrate,1
geographic,1
ever,1
proximate,1
reinforced,1
speculating,1
marcel,1
skillful,1
favors,1
regime,1
membership,1
compensates,1
narrowly,1
plea,1
sustained,1
command,1
comparative,1
cover,1
packer,1
darwinian,1
partitioning,1
favorably,1
mutually,1
vc,1
tat,1
rainfall,1
tendencies,1
descent,1
correspond,1
proponents,1
interpersonal,1
reversal,1
specialized,1
worth,1
organized,1
confident,1
seem,1
believe,1
international,1
gone,1
did,1
down,1
straightforward,1
restrictive,1
pretence,1
breaking,1
cooperators,1
leaves,1
finder,1
depart,1
rearing,1
minimized,1
dramatic,1
exploiting,1
expresses,1
disperse,1
brazil,1
perfectly,1
rely,1
encouraging,1
buffered,1
pygmies,1
elsewhere,1
deceit,1
meager,1
mass,1
disputes,1
benefitting,1
quoted,1
foodhunters,1
valueultimately,1
analytically,1
rejection,1
subordinate,1
id,1
agriculture,1
drop,1
captive,1
surpluses,1
realize,1
reciprocating,1
pooled,1
capita,1
impulse,1
combined,1
encountermean,1
mccloskey,1
reconcile,1
stability,1
want,1
coerced,1
elaborations,1
maintain,1
proven,1
seasonal,1
shortages,1
shortfalls,1
starkly,1
succumb,1
densities,1
linger,1
undo,1
allocate,1
xvjil,1
expressly,1
counteracted,1
missed,1
bargain,1
prevent,1
categories,1
travel,1
incur,1
boston,1
providential,1
demarcated,1
occasionally,1
provokable,1
kim,1
extracts,1
affecting,1
forfeiting,1
participant,1
became,1
easy,1
african,1
focal,1
transition,1
rendering,1
likens,1
congenial,1
happens,1
matches,1
substance,1
target,1
nonhuman,1
iheoretical,1
cooperationa,1
duration,1
constituted,1
indebted,1
selectioneach,1
tenable,1
mention,1
exploit,1
characterize,1
satisfying,1
think,1
varied,1
reciprocitychief,1
mature,1
proceeds,1
susceptible,1
diagram,1
northeast,1
bargaining,1
wild,1
formation,1
adopting,1
spacing,1
score,1
invasion,1
discourages,1
ignored,1
disappear,1
plausible,1
simultaneous,1
initiated,1
assayed,1
sensibilities,1
donald,1
ancillary,1
decrease,1
tconomics,1
authored,1
accept,1
mode,1
motives,1
exploitation,1
exceed,1
applicable,1
approximately,1
advantageous,1
grown,1
cuigifts,1
correlated,1
define,1
enabling,1
speaking,1
broader,1
developmental,1
product,1
clearest,1
smaller,1
wiessner,1
integration,1
willingness,1
othersare,1
colleagues,1
derive,1
seeks,1
philosophy,1
terribly,1
maximization,1
area,1
usas,1
disgifts,1
embodies,1
passive,1
overabundance,1
intermale,1
keyed,1
maintaining,1
treats,1
undercompensation,1
drift,1
besides,1
removed,1
deciding,1
rest,1
indicating,1
bonding,1
regularity,1
intolerably,1
inducements,1
thing,1
commodity,1
vary,1
restricts,1
transitory,1
adheres,1
conceptual,1
valueto,1
views,1
substantial,1
exclusively,1
puts,1
element,1
divergent,1
corn,1
alíeles,1
benchmark,1
complementarity,1
boldface,1
taylor,1
unsynchronized,1
zones,1
vulgar,1
deflected,1
virtue,1
deficiency,1
meeting,1
oí,1
signals,1
fur,1
mistaken,1
fortuitous,1
predicated,1
huntmg,1
turai,1
heterogeneous,1
