WORDCOUNTS,WEIGHT
the,1190
of,834
and,698
in,561
a,254
to,234
settlement,148
survey,137
de,136
is,135
that,134
on,120
regional,119
from,100
surveys,99
for,98
valley,98
this,89
mexico,85
archaeology,83
pp,82
oaxaca,80
m,75
data,75
as,74
university,72
was,72
r,72
are,72
new,67
e,64
j,64
mesoamerican,64
patterns,63
with,60
an,58
p,56
at,53
period,53
sites,52
et,52
one,51
archaeological,50
monte,48
g,48
el,47
or,47
but,46
be,45
studies,44
s,44
were,44
vol,43
regions,43
research,43
en,43
region,43
area,43
it,42
has,42
gulf,41
mesoamerica,39
la,39
american,38
l,38
early,38
ancient,37
c,36
state,35
central,35
classic,35
these,35
d,35
b,34
results,34
more,33
also,33
mixteca,33
recent,33
basin,32
prehispanic,31
no,31
formative,31
variation,31
macroregional,31
world,31
have,31
among,31
t,30
other,30
than,30
over,30
pattern,29
y,29
not,29
nacional,29
olmec,28
its,28
local,28
i,27
site,27
their,27
southern,27
w,26
cultural,26
postclassic,26
west,25
del,25
by,25
k,24
teotihuacan,24
part,24
change,24
mixtee,24
department,24
phd,24
within,23
important,23
during,23
project,23
coast,23
about,23
culture,23
urban,23
alban,22
population,22
published,22
instituto,22
balkansky,22
evolution,22
journal,21
antropología,21
most,21
current,21
mexican,20
system,20
surveyed,20
all,20
lowlands,19
work,19
san,19
years,19
zapotee,18
highland,18
since,18
alta,18
scale,18
study,18
analysis,18
interaction,18
now,17
late,17
economic,17
questions,17
middle,17
prehistoric,16
social,16
many,16
areas,16
larger,16
systematic,16
time,16
city,16
models,16
there,15
perspective,15
into,15
near,15
several,15
core,15
will,15
so,15
political,15
been,15
began,15
review,14
though,14
same,14
only,14
maya,14
empirical,14
which,14
lorenzo,14
any,14
must,14
sets,13
history,13
archaeologists,13
york,13
museum,13
surface,13
societies,13
centers,13
f,13
field,13
model,13
another,13
understanding,13
urbanism,13
past,13
h,12
first,12
sanders,12
even,12
beyond,12
initial,12
academic,12
aztec,12
pennsylvania,12
earlier,12
we,12
las,12
what,12
multiple,12
major,12
far,11
development,11
how,11
trajectories,11
had,11
blanton,11
approach,11
texas,11
periods,11
vanderbilt,11
tn,11
projects,11
theoretical,11
would,11
antiquity,11
especially,11
anthropological,11
theory,11
too,11
size,11
proyecto,11
mountains,10
large,10
complex,10
ana,10
those,10
given,10
essential,10
universidad,10
concordant,10
when,10
historia,10
adjacent,10
covered,10
including,10
article,10
systems,10
ann,10
continued,10
methods,10
complexity,10
making,10
between,10
ejutla,10
common,9
center,9
park,9
anthropology,9
before,9
subsequent,9
papers,9
primary,9
some,9
possible,9
excavations,9
urbanization,9
continuous,9
publications,9
civilization,9
highlands,9
tuxtla,9
n,9
occupation,9
guerrero,9
suggest,9
interacting,9
small,9
boundaries,9
using,9
single,9
two,9
scholars,9
debates,9
rio,9
memoirs,9
teuchitlan,9
veracruz,9
who,9
nochixtlán,9
each,9
era,9
valle,8
they,8
being,8
tradition,8
ad,8
along,8
such,8
parts,8
scales,8
understand,8
intensive,8
origins,8
stark,8
handbook,8
focused,8
arqueológico,8
because,8
los,8
surveyors,8
emerging,8
smithsonian,8
arbor,8
press,8
comparative,8
cumulative,8
valleys,8
exchange,8
northern,8
set,8
explanations,8
information,8
centro,8
writing,8
our,8
formation,8
paradigm,8
although,8
colleagues,8
remains,8
observation,8
building,8
symbiotic,8
o,7
likewise,7
significant,7
ways,7
approaches,7
descriptions,7
test,7
nature,7
puebla,7
analyses,7
cerro,7
last,7
eastern,7
unpublished,7
across,7
spores,7
contributions,7
civilizations,7
organization,7
latin,7
arqueología,7
view,7
could,7
found,7
having,7
bc,7
absence,7
expansion,7
still,7
yet,7
reports,7
toward,7
analytical,7
occupations,7
contemporary,7
use,7
arizona,7
trade,7
times,7
ecology,7
often,7
become,7
garcia,7
hi,7
changes,7
capital,7
report,7
whether,7
surveying,7
through,7
despite,7
varied,7
should,7
comparable,7
sola,6
modern,6
implications,6
route,6
differences,6
dd,6
case,6
occasional,6
processes,6
zone,6
collapse,6
miahuatlán,6
macroregion,6
tarascan,6
his,6
landscape,6
after,6
consider,6
impact,6
result,6
further,6
cannot,6
otherwise,6
well,6
issues,6
surrounding,6
least,6
working,6
merino,6
macroregions,6
society,6
architecture,6
once,6
examined,6
coverage,6
kowalewski,6
volume,6
ceramic,6
v,6
present,6
ground,6
where,6
unit,6
original,6
explanation,6
asentamiento,6
continue,6
evolutionary,6
attention,6
me,6
perspectives,6
prehistory,6
geographic,6
known,6
michoacán,6
different,6
historical,6
spatial,6
urbanismo,6
annual,6
simply,6
autónoma,6
question,6
land,6
archaic,6
summary,6
focus,6
much,6
limits,5
if,5
memoria,5
comparisons,5
long,5
spencer,5
feinman,5
thus,5
tucson,5
cases,5
north,5
general,5
whose,5
basic,5
coastal,5
decades,5
greater,5
based,5
none,5
hierarchies,5
place,5
trends,5
interregional,5
next,5
around,5
nearly,5
then,5
demographic,5
lowland,5
rise,5
smith,5
efforts,5
fact,5
fundamental,5
never,5
do,5
full,5
discovered,5
peripheral,5
dense,5
institution,5
fifty,5
states,5
ecological,5
maps,5
seen,5
contribution,5
yautepec,5
covering,5
dissertation,5
environment,5
dispersed,5
mixtequilla,5
baja,5
problem,5
densities,5
imperial,5
teposcolula,5
emergent,5
role,5
assumptions,5
colonial,5
final,4
difficult,4
margins,4
way,4
garcía,4
alone,4
designed,4
excavation,4
conquest,4
territorial,4
lower,4
cacicazgos,4
mexicon,4
cuenca,4
méxico,4
recorded,4
sought,4
yucuita,4
framework,4
relationships,4
relations,4
santa,4
via,4
remain,4
square,4
ceramics,4
gathering,4
monumental,4
river,4
contiguous,4
section,4
orientation,4
dc,4
standards,4
salvage,4
begun,4
understood,4
peñoles,4
jalisco,4
explain,4
wide,4
method,4
guirun,4
future,4
concept,4
competing,4
example,4
apparent,4
gonzález,4
own,4
researchers,4
investigación,4
differing,4
production,4
gordon,4
nonetheless,4
synthesis,4
located,4
estado,4
interactions,4
pacific,4
reference,4
boundary,4
patrón,4
complete,4
gutiérrez,4
challenge,4
others,4
blocks,4
pressure,4
distributions,4
discussed,4
anthropologist,4
forms,4
outside,4
empire,4
less,4
see,4
coloquio,4
native,4
shifts,4
ine,4
limitations,4
santley,4
toluca,4
emphasize,4
sugiura,4
sequence,4
actual,4
national,4
students,4
architectural,4
high,4
mesas,4
school,4
usually,4
program,4
clásico,4
parsons,4
indicate,4
pristine,4
earliest,4
conclusion,4
changing,4
continues,4
reconnaissance,4
few,4
plunket,4
best,4
cities,4
sierra,4
better,4
places,4
notable,4
terms,4
form,4
periphery,4
art,4
both,4
level,4
reported,4
goals,4
recording,4
illinois,4
completed,4
need,4
sur,4
peripheries,4
measured,4
shift,4
specific,4
potential,4
entire,4
divergent,4
southeastern,4
does,3
notas,3
later,3
functional,3
investigaciones,3
extreme,3
environmental,3
episodes,3
passing,3
needed,3
essays,3
ma,3
albán,3
true,3
favor,3
considerations,3
western,3
occurred,3
ae,3
isthmus,3
sources,3
every,3
controlled,3
kilometers,3
generated,3
advantage,3
includes,3
follows,3
studied,3
able,3
critically,3
contrasting,3
sociopolitical,3
visibility,3
context,3
east,3
key,3
u,3
agriculture,3
changed,3
account,3
coatzacoalcos,3
point,3
goal,3
phase,3
dynamics,3
relatively,3
z,3
advances,3
bernal,3
old,3
ct,3
back,3
body,3
compared,3
third,3
estimate,3
mesoamericanas,3
toltec,3
oj,3
rather,3
growth,3
main,3
angeles,3
process,3
developments,3
importance,3
productive,3
settled,3
posclásico,3
emergence,3
four,3
show,3
additional,3
flow,3
strategy,3
location,3
typical,3
cores,3
evaluate,3
embedded,3
density,3
oklahoma,3
equal,3
viewed,3
meet,3
record,3
basis,3
rivera,3
literature,3
overviews,3
resurveyed,3
ideal,3
related,3
ladrón,3
whole,3
used,3
describe,3
structures,3
occidente,3
showing,3
lhe,3
causal,3
good,3
mesopotamia,3
hard,3
emphasizes,3
wider,3
presence,3
paid,3
altogether,3
preclassic,3
highlights,3
contact,3
bringing,3
charlton,3
cloud,3
transition,3
brief,3
targeted,3
verde,3
para,3
alemana,3
evolved,3
polities,3
northwest,3
al,3
crespo,3
insights,3
routes,3
comparison,3
renewed,3
bordering,3
longer,3
ought,3
end,3
seldom,3
external,3
honor,3
tlaxcala,3
degree,3
tututepec,3
demonstrated,3
government,3
cacicazgo,3
arose,3
concern,3
entirely,3
virtually,3
fundación,3
trend,3
california,3
huamelulpan,3
dating,3
cultura,3
reality,3
emphasizing,3
conclusions,3
include,3
trying,3
relative,3
corridor,3
codices,3
frontier,3
crucial,3
un,3
yale,3
imperialism,3
force,3
why,3
swvey,3
table,3
composed,3
periodo,3
itself,3
canada,3
cuicatlán,3
baseline,3
thinking,3
growing,3
series,3
asentamientos,3
ever,3
theme,3
cover,3
know,3
natural,3
tuxtlas,3
intellectual,3
control,3
sampling,3
assessment,3
william,3
according,3
them,3
cause,3
pertinent,3
proven,3
agricultural,3
while,3
thousands,3
emphasis,3
brockington,3
epiclassic,3
became,3
beekman,3
went,3
hilltop,3
terminal,3
generate,3
initiated,3
finally,3
evidence,3
integration,3
boletín,3
cook,3
texcoco,3
norman,3
views,3
bounds,3
broader,3
carved,2
currently,2
mostly,2
terrain,2
estimated,2
meaning,2
conjoined,2
integrating,2
affected,2
resulted,2
introduction,2
manuscript,2
pushed,2
colegio,2
becoming,2
nested,2
myth,2
identify,2
stone,2
outpaced,2
tied,2
necessarily,2
immediate,2
ambitious,2
stretches,2
something,2
pérez,2
oaxacan,2
properties,2
contexts,2
experience,2
incomplete,2
expanding,2
etla,2
taken,2
innovations,2
might,2
physiographic,2
available,2
capitalist,2
great,2
imported,2
cholula,2
intercambio,2
achieved,2
rutas,2
alike,2
discrete,2
designs,2
kingdoms,2
sociedad,2
plain,2
albeit,2
albany,2
design,2
low,2
prior,2
compelling,2
sabloff,2
bibliography,2
occurring,2
cited,2
three,2
sobre,2
anticipated,2
mesoamencan,2
facto,2
symonds,2
collection,2
evaluating,2
estudio,2
accessible,2
throughout,2
presa,2
quality,2
visited,2
analyzing,2
realized,2
terraces,2
interest,2
ethnohistorical,2
finsten,2
raises,2
shaft,2
preliminary,2
underlying,2
convincing,2
fig,2
holds,2
lineage,2
dates,2
find,2
drawn,2
communication,2
precapitalist,2
influence,2
distribution,2
may,2
higher,2
simultaneous,2
sector,2
reflects,2
without,2
managing,2
generations,2
illustration,2
explicit,2
mean,2
derived,2
direct,2
marcus,2
generating,2
special,2
limitation,2
morelos,2
factors,2
means,2
modified,2
empires,2
theorists,2
wanted,2
tamazulapan,2
br,2
specialization,2
linked,2
elsewhere,2
northeastern,2
cotaxtla,2
reviewed,2
operate,2
albuquerque,2
follow,2
peninsula,2
undertaken,2
freiburg,2
weigand,2
atlixco,2
faced,2
providing,2
raw,2
uses,2
came,2
mapping,2
events,2
killion,2
term,2
guadalajara,2
underreported,2
circular,2
mediated,2
residential,2
promise,2
thin,2
hidalgo,2
networks,2
source,2
technical,2
aspects,2
directly,2
minimal,2
reinterpreting,2
bounded,2
brought,2
su,2
knowledge,2
corel,2
tombs,2
indigenous,2
sociedades,2
desarrollo,2
overview,2
refined,2
castillo,2
tehuacán,2
colossal,2
away,2
reflect,2
ixtapalapa,2
challenging,2
polity,2
either,2
sense,2
revolution,2
josé,2
mediterranean,2
spanish,2
attached,2
latest,2
villages,2
london,2
rescate,2
ta,2
describes,2
patrones,2
moved,2
avoid,2
south,2
otis,2
critical,2
therefore,2
costa,2
he,2
observations,2
mesa,2
arqueológicos,2
overall,2
limited,2
forward,2
interdependence,2
ignacio,2
object,2
community,2
multigenerational,2
make,2
expanded,2
modes,2
medellín,2
flannery,2
synchronous,2
wake,2
represents,2
makes,2
alongside,2
soon,2
continuity,2
under,2
chronology,2
ne,2
orange,2
us,2
parte,2
included,2
largest,2
río,2
provide,2
subregions,2
mark,2
approaching,2
matacapan,2
dissertations,2
traceable,2
idea,2
consideration,2
saa,2
appeared,2
mountainous,2
extended,2
forces,2
lacks,2
reasoning,2
diverse,2
demonstrating,2
documents,2
monographs,2
centre,2
existing,2
relevant,2
strategies,2
material,2
focusing,2
tormative,2
perhaps,2
köln,2
venta,2
remained,2
fundamentally,2
multiscalar,2
examples,2
alliance,2
angulo,2
aspectos,2
range,2
ecologically,2
reductive,2
formal,2
lake,2
looking,2
contacts,2
controlling,2
enduring,2
percheron,2
caxonos,2
harvard,2
uruk,2
described,2
significance,2
historic,2
authors,2
publication,2
individual,2
citv,2
variant,2
lula,2
features,2
mountain,2
provides,2
gallery,2
discarded,2
internal,2
epiclasico,2
outcomes,2
parallel,2
narrow,2
interpretations,2
effect,2
can,2
structure,2
capitalism,2
equivalent,2
geography,2
pottery,2
modifications,2
investigations,2
arcnaeoiogy,2
clusters,2
separate,2
note,2
tentative,2
redonda,2
coterminous,2
tomo,2
science,2
testing,2
trabajos,2
widespread,2
reconocimiento,2
sequences,2
microgeographic,2
existed,2
guirún,2
surprising,2
mother,2
extremely,2
face,2
problematic,2
eventually,2
practice,2
antecedent,2
mentioned,2
incorporated,2
extending,2
athens,2
concordance,2
área,2
westview,2
offers,2
alternative,2
amozoc,2
outcome,2
defining,2
berkeley,2
continental,2
extant,2
worth,2
global,2
setting,2
down,2
basins,2
ortiz,2
foundation,2
infer,2
very,2
build,2
examining,2
rural,2
beginning,2
economy,2
typologies,2
multidisciplinary,2
yielded,2
particular,2
independently,2
byland,2
robles,2
map,2
laguna,2
extent,2
foundations,2
thames,2
museo,2
hundreds,2
socioeconomic,2
cárdenas,2
empirically,2
transport,2
little,2
complexes,2
techniques,2
confronted,2
históricas,2
bajío,2
equipped,2
challenges,2
takeover,2
strong,2
remarks,2
come,2
cuadernos,2
notes,2
cambridge,2
intensified,2
finding,2
protohistoric,2
numerous,2
tulane,2
structuring,2
developmental,2
goggin,2
tabular,2
asked,2
effects,2
defined,2
deer,2
assumed,2
themselves,2
pedro,2
patricia,2
reached,2
fostciassic,2
documentary,2
belize,2
uk,2
redmond,2
zones,2
famous,2
successive,2
primera,2
household,2
occur,2
perception,2
nicholas,1
sufficiently,1
entities,1
go,1
lis,1
lopez,1
ocaso,1
halfdozen,1
wishful,1
unsure,1
rate,1
done,1
triple,1
deny,1
frequent,1
balsas,1
horizontal,1
populous,1
tres,1
names,1
surroundings,1
pittsburgh,1
centering,1
macroscale,1
correlations,1
created,1
wonder,1
separated,1
represent,1
culminated,1
everyone,1
elaborating,1
arrive,1
intriguing,1
filli,1
staggering,1
mendoza,1
miguel,1
durante,1
extends,1
intersect,1
succession,1
poblaciones,1
constitution,1
notably,1
originate,1
berlin,1
ambiente,1
comparability,1
sitios,1
zeñil,1
group,1
settlements,1
mixteevalley,1
achievements,1
systematically,1
iowiana,1
effective,1
tend,1
prime,1
advised,1
nochixtlan,1
mapa,1
linkages,1
formed,1
informative,1
tierras,1
unfortunately,1
subregional,1
hypotheses,1
exploraciones,1
easily,1
mit,1
intermittent,1
flows,1
boulder,1
former,1
researcn,1
diachronic,1
equated,1
connectedness,1
uj,1
neodiffusionism,1
accomplishments,1
arguing,1
nuevas,1
revision,1
mexicaines,1
chief,1
diversity,1
tuxtepec,1
laura,1
ratron,1
diffusion,1
guevara,1
accumulation,1
consistent,1
transitions,1
explaining,1
conjunctive,1
licenciatura,1
wallerstein,1
inc,1
constituting,1
expands,1
zona,1
multilevel,1
autlán,1
universitv,1
disagreement,1
distinguishing,1
demarcated,1
reoriented,1
capsules,1
ethnic,1
ii,1
repertoire,1
debating,1
concentrated,1
season,1
demonstrable,1
lomas,1
asserts,1
worked,1
omega,1
çj,1
discerned,1
òociai,1
anu,1
seems,1
pueblatlaxcala,1
lowlandhighland,1
gary,1
estimation,1
sketchy,1
archaeologically,1
heredia,1
leading,1
secondary,1
accommodate,1
belong,1
coexisting,1
suggesting,1
gorenstein,1
typological,1
formativo,1
macneish,1
accumulated,1
pressed,1
origin,1
geopolitical,1
inherent,1
guessed,1
closer,1
cosmopolitan,1
onto,1
concludes,1
composition,1
raising,1
hunting,1
expense,1
ia,1
debt,1
listing,1
golfo,1
feature,1
integrate,1
embalse,1
vegetation,1
nm,1
unspecified,1
emphasized,1
greatly,1
influences,1
marine,1
raised,1
situ,1
principal,1
classified,1
opposite,1
theories,1
discipline,1
reading,1
ambiguous,1
favoring,1
committed,1
berdan,1
threshold,1
worldwide,1
triggered,1
etnografìa,1
issue,1
pa,1
side,1
takes,1
exogenous,1
existence,1
reconstruction,1
yoko,1
gallerv,1
iván,1
gaps,1
formulation,1
ethnos,1
capacity,1
guidelines,1
america,1
draw,1
ventures,1
right,1
march,1
gardens,1
responses,1
outlying,1
condition,1
estudios,1
realize,1
characterize,1
establishing,1
congreso,1
evolución,1
richard,1
vital,1
obvious,1
transcend,1
whatever,1
taking,1
say,1
except,1
conceptual,1
ouieun,1
urtiz,1
indicating,1
angel,1
esoamerican,1
dynamic,1
apply,1
interviews,1
hierve,1
everardo,1
arnauld,1
inventory,1
separating,1
corresponding,1
estructuras,1
hudson,1
wherever,1
gravity,1
uun,1
learned,1
repeatedly,1
hierarchy,1
arqueológica,1
regarding,1
mistake,1
technologically,1
andrew,1
multidimensional,1
matos,1
análisis,1
ronald,1
differential,1
affiliation,1
tropic,1
language,1
southwestern,1
explained,1
component,1
agreement,1
counterpoint,1
run,1
illustrates,1
due,1
interior,1
decorated,1
accepts,1
philosophical,1
author,1
xochiltenango,1
millennium,1
seismic,1
patchy,1
norizons,1
mixed,1
codex,1
después,1
price,1
juárez,1
sciucmciu,1
application,1
audacity,1
exploración,1
revamped,1
actas,1
constellation,1
realization,1
type,1
pay,1
century,1
dudley,1
expected,1
arena,1
impacto,1
ai,1
nigmana,1
turn,1
humans,1
tuxcacuescozapotitlán,1
precludes,1
distinct,1
rejecting,1
citystates,1
evident,1
document,1
concerning,1
sized,1
confounded,1
defensive,1
encompass,1
ha,1
houses,1
uimec,1
twice,1
truly,1
databases,1
compare,1
políticas,1
kelly,1
geological,1
chichén,1
occidental,1
bennett,1
constructs,1
critique,1
boom,1
ethnolinguistic,1
swamps,1
traditions,1
generation,1
tzintzuntzan,1
tercera,1
acknowledge,1
nomenclature,1
unaltered,1
master,1
poorly,1
contributing,1
let,1
vantage,1
typified,1
phases,1
nonnern,1
ridge,1
failed,1
divergence,1
steps,1
excavate,1
interesting,1
simultaneously,1
recognized,1
town,1
german,1
played,1
réévaluation,1
heads,1
operations,1
precourt,1
statements,1
patron,1
bring,1
aimed,1
intraregional,1
absent,1
segunda,1
essence,1
behaviorally,1
rrenispanic,1
spill,1
nse,1
retrodicted,1
crash,1
tuxlas,1
vampire,1
levees,1
capture,1
flanks,1
responded,1
stranger,1
demonstrates,1
swath,1
active,1
environments,1
goes,1
embarking,1
dp,1
vaso,1
demarcating,1
persistent,1
supplement,1
thing,1
similar,1
certain,1
entre,1
ongoing,1
lacking,1
black,1
lay,1
gratitude,1
discoveries,1
overlooked,1
popol,1
your,1
supposed,1
shell,1
suffice,1
defies,1
discernible,1
readjustments,1
synthesizes,1
proving,1
vastly,1
operates,1
palos,1
tenochtitlan,1
monolithic,1
jl,1
possibly,1
dichotomy,1
statistical,1
lister,1
familiar,1
benefits,1
multitiered,1
antropológicos,1
organized,1
evidencia,1
edition,1
informe,1
articulated,1
contemporaries,1
corpses,1
bury,1
argued,1
frequently,1
listed,1
solid,1
sureste,1
resource,1
connecting,1
hilltowns,1
peru,1
exceed,1
efficient,1
isolation,1
followed,1
cotton,1
modeled,1
nistõnco,1
cost,1
rice,1
requires,1
según,1
painted,1
puts,1
peabody,1
mexicana,1
helped,1
antecedents,1
appear,1
dispersion,1
methodology,1
reflections,1
desarollo,1
matching,1
opponents,1
whereas,1
ranges,1
uti,1
cancer,1
yielding,1
lowianu,1
lead,1
whom,1
identifying,1
chunks,1
basalt,1
affiliated,1
walk,1
allow,1
bearing,1
commoner,1
formulations,1
histories,1
public,1
resonate,1
chiapa,1
search,1
called,1
explanatory,1
access,1
selfevident,1
lunagómez,1
conspicuous,1
objectives,1
méxirn,1
economics,1
deal,1
arcnaeoiogicai,1
relational,1
primacy,1
agendas,1
ixtapan,1
reanalyzes,1
palo,1
viking,1
emerge,1
fie,1
cantona,1
conjectural,1
prehispánica,1
synthesize,1
pitfalls,1
ace,1
collectively,1
confronts,1
fourth,1
knit,1
fancies,1
neighboring,1
traced,1
informed,1
buried,1
institute,1
nortnwestern,1
reappeared,1
hinterland,1
block,1
studying,1
ior,1
indirect,1
appears,1
persons,1
dispersal,1
geografía,1
applied,1
monograph,1
fish,1
however,1
municipality,1
noroeste,1
edición,1
taught,1
dumbarton,1
comunicaciones,1
sedentism,1
zeitlin,1
impression,1
criteria,1
loltec,1
outstanding,1
underlie,1
abuse,1
lost,1
almost,1
enrichment,1
typecast,1
geograpny,1
line,1
schortman,1
closed,1
revealed,1
mirrored,1
kits,1
tenochtitlán,1
terrace,1
técnica,1
tool,1
seminario,1
stake,1
characterization,1
tens,1
vara,1
reconcimiento,1
ot,1
explains,1
training,1
disconnection,1
commonalities,1
multiplied,1
positions,1
description,1
surprise,1
parameters,1
dozens,1
medio,1
hirth,1
realm,1
database,1
fail,1
unreported,1
broad,1
collective,1
relevance,1
concentrate,1
actually,1
increasingly,1
ü,1
pan,1
internacional,1
kings,1
oicueò,1
ethnohistoric,1
occupied,1
justification,1
swface,1
bajas,1
anything,1
amatzmac,1
grupo,1
connections,1
breakdown,1
horizon,1
withstand,1
varner,1
washington,1
antiauitv,1
isabel,1
attributed,1
organización,1
hieredia,1
demonstrably,1
agriculturally,1
bibliographies,1
wona,1
mexicanoalemán,1
cabrera,1
valles,1
viable,1
tops,1
supraregional,1
describing,1
nuevos,1
ago,1
below,1
constituent,1
oecunuuiy,1
multiyear,1
tested,1
trading,1
box,1
politically,1
foray,1
iconográfica,1
peruvian,1
unquestioned,1
stiver,1
synthesized,1
diagnostic,1
acted,1
involved,1
underscore,1
autonomy,1
îuuicycc,1
characteristics,1
sufficient,1
ignore,1
underscoring,1
purdue,1
replace,1
cacao,1
components,1
grow,1
nncitm,1
industry,1
breaking,1
comunicación,1
refinement,1
decline,1
portions,1
urgently,1
telling,1
tended,1
impossible,1
xxvii,1
fully,1
barely,1
bulletin,1
up,1
offspring,1
progress,1
fortress,1
proper,1
startling,1
mitla,1
grateful,1
provided,1
montane,1
finds,1
dam,1
hasta,1
americanist,1
reducing,1
seemed,1
notion,1
barbara,1
chronological,1
span,1
handle,1
originally,1
horizons,1
underlies,1
second,1
approximate,1
lecturas,1
fund,1
popocatepetl,1
trabajo,1
ventured,1
matter,1
cottage,1
lacustre,1
various,1
scientific,1
populations,1
identified,1
doctoral,1
wrote,1
lag,1
play,1
onward,1
seasons,1
tabasco,1
innocence,1
exception,1
tropical,1
reduce,1
zoning,1
locating,1
above,1
reappraisal,1
tor,1
centrales,1
alfa,1
indicates,1
domination,1
overestimated,1
atop,1
signs,1
settings,1
strategic,1
airplane,1
inhabited,1
selection,1
positive,1
structural,1
guzman,1
southeast,1
surrounds,1
guide,1
olivera,1
ubiquity,1
collect,1
rs,1
potsherds,1
criticism,1
edited,1
peaks,1
interpretation,1
incipient,1
od,1
definable,1
marginal,1
builds,1
ocupación,1
acknowledgments,1
precolumbian,1
hueyapan,1
ohnersorgen,1
loiuca,1
selective,1
lesson,1
salient,1
home,1
editorial,1
une,1
enigmatic,1
modestly,1
raise,1
transects,1
keeping,1
abandon,1
lord,1
ethnographic,1
repercussions,1
literally,1
organize,1
steve,1
ethnology,1
preñispanica,1
hearth,1
abaj,1
suif,1
frameworks,1
cerámica,1
colección,1
reconnoitered,1
stones,1
sistema,1
evolve,1
picture,1
densely,1
considers,1
fill,1
definitions,1
lack,1
ase,1
organizations,1
starting,1
critiques,1
deterred,1
paul,1
jeffrey,1
complejas,1
power,1
gobierno,1
stronger,1
again,1
stating,1
knowing,1
ask,1
printing,1
hyperurbanization,1
hare,1
experienced,1
successively,1
overage,1
joyce,1
santos,1
locational,1
encompassed,1
terminating,1
limit,1
toltecas,1
contrasts,1
conduct,1
riverine,1
moribund,1
striking,1
dividends,1
keceni,1
rerkeiev,1
inevitably,1
remarked,1
together,1
really,1
monumentality,1
iviurcius,1
accounted,1
nucleated,1
uuii,1
urbanized,1
cuuurai,1
arthur,1
resolved,1
highlandlowland,1
ledger,1
worn,1
simple,1
cardos,1
channel,1
match,1
mesoamenca,1
payón,1
readers,1
took,1
fits,1
intelectuales,1
remarkable,1
operating,1
tepalcatepec,1
shown,1
seulement,1
innovative,1
tne,1
tay,1
serra,1
establish,1
michael,1
eulalia,1
meant,1
necessary,1
paired,1
laden,1
fieldwork,1
eds,1
controversy,1
avances,1
coined,1
paso,1
stunning,1
number,1
locations,1
outlines,1
anticipate,1
entity,1
iq,1
recognizing,1
greengo,1
miss,1
investigated,1
vast,1
discussion,1
diehl,1
knew,1
considering,1
easier,1
made,1
discovery,1
chiefly,1
maritime,1
adjoin,1
refining,1
rusiuussil,1
conformación,1
cañada,1
passes,1
enormous,1
owe,1
dumond,1
supercenters,1
cnronoiogy,1
elite,1
tejero,1
minds,1
findings,1
hormative,1
societal,1
asian,1
food,1
looting,1
prehispánicos,1
largely,1
vía,1
refers,1
factor,1
assume,1
resonances,1
ideas,1
comprehends,1
variables,1
recovery,1
styles,1
tehuantepec,1
nothing,1
radiocarbon,1
heinrich,1
sees,1
previous,1
transect,1
guilá,1
involves,1
prospects,1
efectuados,1
prenispamco,1
ties,1
symbiosis,1
templates,1
subsistencia,1
synchronicity,1
directed,1
comprehensive,1
inadequate,1
lakes,1
points,1
dominated,1
revolve,1
amounts,1
analisis,1
someone,1
collaboration,1
like,1
precocity,1
balanced,1
summer,1
creating,1
caso,1
am,1
collected,1
stages,1
course,1
administrative,1
humbling,1
shortly,1
southcentral,1
interacted,1
connects,1
standard,1
primer,1
construct,1
latter,1
suroeste,1
oxbow,1
faith,1
renoa,1
random,1
comparing,1
written,1
date,1
easy,1
arise,1
bordered,1
path,1
ornaments,1
trouble,1
overcome,1
wise,1
topics,1
examine,1
obsidian,1
james,1
enthusiasts,1
boot,1
probably,1
ethnohistory,1
implication,1
analyze,1
slightly,1
henderson,1
adaptations,1
looked,1
saw,1
tendency,1
destruction,1
atlas,1
agenda,1
conquista,1
huaxtec,1
recurring,1
ruentes,1
mesoamérical,1
encompassing,1
guiding,1
visit,1
tardío,1
tennessee,1
increasing,1
pohl,1
ranging,1
european,1
carried,1
departs,1
defensible,1
testable,1
arcnaeology,1
urbe,1
soamerica,1
respect,1
zope,1
today,1
reviewer,1
bureau,1
independent,1
george,1
inhabitants,1
clinton,1
bulk,1
linda,1
routicai,1
antes,1
practical,1
bound,1
hill,1
support,1
begin,1
select,1
celebration,1
arqueologia,1
florescence,1
foregoing,1
order,1
trie,1
institutions,1
success,1
directions,1
rethinking,1
hinterlands,1
zacatecas,1
recognize,1
rapidly,1
linking,1
volumes,1
easternmost,1
escuela,1
inspired,1
strides,1
arts,1
construction,1
ofthenochixtlán,1
fall,1
perceptions,1
interconnected,1
littered,1
comercio,1
dead,1
cuaderno,1
exists,1
instances,1
aboriginal,1
unusual,1
híspame,1
mounting,1
bad,1
investigate,1
regionwide,1
extensions,1
areal,1
òyntnesis,1
zumpango,1
considered,1
stephen,1
claims,1
jpublications,1
undertook,1
variable,1
sketches,1
constant,1
anales,1
homenaje,1
van,1
urbanización,1
cowgill,1
ceja,1
descend,1
pciùpccuvc,1
milwaukee,1
demonstrate,1
agents,1
extensive,1
constituted,1
ensayo,1
economically,1
extension,1
symbolic,1
scrutiny,1
rattray,1
physical,1
temporal,1
quantitative,1
carbondale,1
conceptualizing,1
generic,1
text,1
sustained,1
satellite,1
tlatilco,1
uuerrero,1
highly,1
ni,1
lekson,1
dimension,1
época,1
reunión,1
solves,1
etnohistoria,1
colonization,1
región,1
monthly,1
descent,1
aei,1
attribute,1
paleoindian,1
approximates,1
volcano,1
argue,1
half,1
regard,1
predam,1
inquiry,1
donors,1
patrimonio,1
stretching,1
job,1
clearly,1
goods,1
longstanding,1
aerial,1
distinctive,1
collaborators,1
ramos,1
hamlets,1
caída,1
apanai,1
bands,1
merely,1
bean,1
demography,1
preurban,1
following,1
id,1
tajin,1
virtual,1
bajo,1
jimenez,1
poder,1
fuller,1
perched,1
fuego,1
unique,1
wennergren,1
selected,1
list,1
references,1
rebellion,1
discusión,1
nearby,1
themecentral,1
ceased,1
tightly,1
adaptation,1
buffer,1
her,1
prestige,1
pursued,1
balance,1
springer,1
apartment,1
suggests,1
contain,1
revista,1
universe,1
finished,1
weird,1
conference,1
radically,1
monitored,1
transplanted,1
tschohl,1
occasionally,1
culturas,1
exploitative,1
attentive,1
northwestern,1
virú,1
springboard,1
miniboom,1
introduced,1
elucidate,1
científica,1
content,1
confirm,1
antiauity,1
diachronie,1
allows,1
variability,1
convinced,1
wrought,1
giving,1
focal,1
plans,1
aportación,1
quemada,1
disciplines,1
lies,1
administration,1
sitting,1
territory,1
conventional,1
contribute,1
reconstruct,1
arcnueciurai,1
arguments,1
alternating,1
colima,1
antigua,1
citations,1
tenable,1
scarcely,1
snow,1
conceptualize,1
aspect,1
mesoamericanists,1
bosch,1
coming,1
sparked,1
coherent,1
prehispánicas,1
algunos,1
chietdoms,1
ultimately,1
argument,1
differentiation,1
negro,1
fullcoverage,1
soles,1
frontiers,1
kruger,1
vuh,1
twentieth,1
frame,1
iconografía,1
stratification,1
imperative,1
tactical,1
sat,1
documentation,1
mindful,1
larascan,1
grown,1
fatal,1
typically,1
integrated,1
proceeding,1
define,1
constructed,1
product,1
kjovemanle,1
smaller,1
heartland,1
altiplano,1
affirmation,1
off,1
supersite,1
horizonte,1
madison,1
francisco,1
speak,1
definitive,1
indices,1
flooding,1
wondered,1
pluriétnica,1
vim,1
tolstoy,1
materialism,1
spilled,1
clarify,1
armillas,1
contemplate,1
elites,1
headed,1
hills,1
chicago,1
stemming,1
naquitz,1
metnoaoiogy,1
otopame,1
substantial,1
exclusively,1
tronicóles,1
hometown,1
traditional,1
permutations,1
re,1
huajuapan,1
profiles,1
dos,1
proceso,1
operational,1
chontalpa,1
meeting,1
oí,1
resources,1
ca,1
showed,1
mistaken,1
close,1
predicated,1
ue,1
gold,1
continuously,1
