WORDCOUNTS,WEIGHT
and,1279
the,1123
of,1104
in,606
a,398
to,215
de,178
ancient,174
j,166
new,163
maya,158
m,151
on,150
e,128
university,116
archaeological,109
for,92
r,91
archaeology,90
pp,90
that,88
at,87
american,87
from,83
research,82
s,81
journal,81
l,81
d,81
as,80
et,79
mexico,78
is,78
with,76
world,76
an,75
c,75
have,72
mesoamerica,71
political,71
studies,69
vol,67
latin,66
g,63
this,62
are,58
p,56
antiquity,54
classic,53
by,53
t,51
la,51
k,50
w,50
social,50
recent,49
or,47
other,47
b,46
city,46
states,46
has,44
urban,44
more,43
york,42
empires,42
h,41
analysis,41
aztec,40
smith,40
el,39
ritual,39
tiwanaku,39
del,39
their,38
state,38
f,37
cities,37
en,36
mesoamerican,36
cultural,36
settlement,35
these,34
been,34
human,33
we,33
not,33
be,33
major,33
study,32
early,32
two,31
power,31
some,29
wari,29
schreiber,29
model,29
anthropological,29
nacional,29
one,28
also,28
most,27
cambridge,27
its,27
instituto,27
anthropology,26
i,26
history,26
y,26
data,26
review,25
was,25
antropología,25
change,25
v,25
valley,25
inka,24
central,24
texas,24
architecture,24
scholars,24
andean,24
between,24
archaeologists,23
evolution,23
peru,23
austin,23
los,23
evidence,23
sacred,22
but,22
empire,22
polities,22
postclassic,22
current,22
complex,21
n,21
economic,21
past,21
meaning,20
approaches,20
than,20
important,20
comparative,20
regional,20
agency,19
andes,19
patterns,19
moche,19
topic,19
imperial,19
press,19
al,18
several,18
among,18
center,17
nature,17
case,17
organization,17
buildings,17
society,17
oxford,17
many,17
perspectives,17
ideology,17
domestic,17
historical,17
models,17
much,17
built,17
santa,16
site,16
landscape,16
estudios,16
approach,16
empirical,16
urbanism,16
architectural,16
science,16
although,16
universidad,15
sites,15
teotihuacan,15
south,15
culture,15
were,15
can,15
control,15
art,15
environmental,14
they,14
there,14
papers,14
inca,14
oaxaca,14
dynamics,14
no,14
dc,14
symbolism,14
coast,14
time,14
mortuary,14
theoretical,14
cultura,14
over,14
belize,14
national,14
include,14
survey,13
late,13
out,13
work,13
about,13
colección,13
discussion,13
lake,13
imperialism,13
school,13
cultures,13
las,13
theory,13
through,13
titicaca,13
america,12
van,12
few,12
published,12
considerable,12
region,12
use,12
processes,12
which,12
methods,12
capital,12
attention,12
far,12
thames,12
both,12
formation,12
focus,12
collapse,11
ad,11
development,11
museum,11
arqueología,11
prehistoric,11
societies,11
international,11
lópez,11
field,11
annual,11
he,11
templo,11
monte,11
only,11
temples,11
anthropologist,11
where,11
local,11
understanding,11
language,11
period,11
systems,11
continues,11
works,11
role,11
our,11
area,11
archaic,11
now,10
southern,10
landscapes,10
prehistory,10
lima,10
basin,10
ot,10
dumbarton,10
sacrifice,10
concept,10
mediterranean,10
migration,10
ana,10
see,10
analyses,10
including,10
meanings,10
three,10
evolutionary,10
material,10
sciences,10
advances,10
institute,10
san,9
royal,9
advanced,9
includes,9
religion,9
within,9
politics,9
prehispanic,9
warfare,9
collection,9
without,9
into,9
public,9
planning,9
literature,9
methodological,9
ceremonial,9
yet,9
areas,9
náhuatl,9
pattern,9
present,9
examples,9
article,9
provide,9
environment,9
middle,9
mayor,9
arizona,9
iowa,8
linguistic,8
sources,8
implications,8
written,8
concepts,8
perspective,8
find,8
von,8
iconography,8
oklahoma,8
because,8
regions,8
formative,8
smithsonian,8
cosmology,8
variety,8
practices,8
cosmological,8
edited,8
lowland,8
volume,8
academy,8
distributions,8
do,8
perhaps,8
un,8
collections,8
matos,8
spatial,8
migrations,8
ca,8
it,7
common,7
shrines,7
large,7
settlements,7
offerings,7
boulder,7
production,7
system,7
british,7
u,7
very,7
behavior,7
alban,7
such,7
excavations,7
schele,7
rather,7
explicit,7
olmec,7
space,7
pampa,7
drought,7
access,7
caves,7
hinterland,7
wide,7
provincial,7
received,7
gonzález,7
polity,7
when,7
results,7
will,7
interpretation,7
place,7
bar,7
death,7
beliefs,7
católica,7
monographs,7
strategies,7
number,7
another,7
publication,7
co,7
symposium,7
function,7
interpretations,7
institution,7
life,7
kings,7
natural,7
what,7
des,7
north,7
numerous,7
ciudad,7
pontificia,7
ortiz,7
norman,7
if,6
groups,6
essays,6
cuzco,6
contexts,6
first,6
all,6
torres,6
context,6
méxico,6
possible,6
conceptual,6
apply,6
chapters,6
interest,6
speculative,6
messages,6
languages,6
civilization,6
supernatural,6
his,6
levels,6
record,6
linguistics,6
origins,6
method,6
utah,6
focused,6
zapotee,6
flannery,6
used,6
structures,6
peruvian,6
around,6
using,6
under,6
ceque,6
mixtee,6
useful,6
water,6
figurines,6
forms,6
bauer,6
scientific,6
significance,6
clear,6
like,6
would,6
features,6
especially,6
salt,6
topics,6
northern,6
codices,6
relationship,6
me,6
visual,6
construction,6
associated,6
series,6
different,6
particularly,6
economy,6
agricultural,6
complexity,6
size,6
typically,6
remains,6
o,5
way,5
colegio,5
group,5
les,5
osteological,5
absence,5
address,5
hagen,5
layout,5
book,5
continue,5
nm,5
investigations,5
great,5
along,5
diversity,5
component,5
z,5
oj,5
communities,5
war,5
proceedings,5
process,5
una,5
parts,5
cave,5
upper,5
albuquerque,5
view,5
had,5
found,5
kingship,5
centers,5
events,5
initial,5
scale,5
information,5
well,5
du,5
line,5
artifacts,5
part,5
during,5
castillo,5
issues,5
people,5
fieldwork,5
contrast,5
emerging,5
highly,5
climate,5
boundaries,5
periods,5
territorial,5
various,5
pilgrimage,5
copan,5
ballcourts,5
ne,5
ethnographic,5
insights,5
paris,5
less,5
native,5
style,5
nahua,5
range,5
described,5
individual,5
impressive,5
quiñones,5
seen,5
fe,5
articles,5
rigorous,5
addressed,5
peoples,5
geographic,5
known,5
leaders,5
argue,5
speculation,5
beginning,5
william,5
form,5
urbanismo,5
serie,5
little,5
centro,5
autónoma,5
years,5
proyecto,5
scholarship,5
hieroglyphic,4
investigaciones,4
tuscaloosa,4
speakers,4
stone,4
marcus,4
modern,4
segmentary,4
vanderbilt,4
lower,4
centralized,4
suggesting,4
highland,4
simple,4
confusion,4
origin,4
rich,4
narrative,4
integrate,4
last,4
reading,4
sociedad,4
functions,4
point,4
genetic,4
relationships,4
distinctive,4
ethnohistorical,4
application,4
rank,4
back,4
publications,4
communication,4
sun,4
alabama,4
may,4
huaca,4
interesting,4
influential,4
coastal,4
gallery,4
monuments,4
objects,4
image,4
emergence,4
beyond,4
myths,4
columbia,4
seven,4
further,4
ann,4
occupation,4
recently,4
population,4
moore,4
applied,4
rubber,4
freidel,4
gods,4
network,4
future,4
realm,4
discussions,4
broad,4
rituals,4
occidente,4
lhe,4
merino,4
bone,4
nasca,4
long,4
small,4
finds,4
action,4
synthesis,4
limited,4
community,4
make,4
core,4
precolumbian,4
same,4
houston,4
shows,4
ceramic,4
appeared,4
outside,4
tne,4
project,4
books,4
after,4
ecology,4
rulers,4
california,4
similar,4
so,4
provides,4
exchange,4
blanton,4
sobre,4
structure,4
sociopolitical,4
innovative,4
ecological,4
transformation,4
changes,4
often,4
droughts,4
temple,4
text,4
sizes,4
rural,4
combined,4
ma,4
laguna,4
extent,4
while,4
nj,4
ine,4
subject,4
plans,4
definitions,4
manipulation,4
effects,4
association,4
specific,4
evolutionism,4
debate,4
texts,4
substantial,4
images,4
strong,4
should,4
building,4
gis,3
explosion,3
mummies,3
garcía,3
corporate,3
expect,3
masterful,3
ballcourt,3
decade,3
monograph,3
source,3
humanos,3
textual,3
path,3
impacts,3
astronomical,3
degree,3
emerged,3
puebla,3
definition,3
tradition,3
cholula,3
link,3
mexicana,3
take,3
stand,3
raised,3
those,3
issue,3
sophisticated,3
east,3
key,3
iv,3
feinman,3
interdisciplinary,3
cited,3
economies,3
tribute,3
cid,3
since,3
relations,3
tucson,3
overly,3
given,3
mundi,3
cases,3
old,3
served,3
critique,3
traditions,3
linguists,3
influence,3
capitals,3
xochicalco,3
société,3
how,3
remain,3
astronomy,3
basic,3
active,3
productive,3
provinces,3
moquegua,3
organized,3
ashmore,3
section,3
too,3
four,3
ceremony,3
problems,3
ideología,3
dominant,3
honduras,3
uses,3
near,3
almost,3
urbanization,3
academic,3
applying,3
garcia,3
reviews,3
arqueológico,3
burial,3
symbols,3
sport,3
nichols,3
paleoenvironmental,3
heavily,3
related,3
danish,3
overview,3
palaces,3
actas,3
pyramid,3
documented,3
focuses,3
reconstructing,3
rulership,3
horizon,3
own,3
memoirs,3
esoamerica,3
good,3
excavated,3
legacy,3
least,3
successful,3
pottery,3
suggest,3
arquitectura,3
antiauity,3
describes,3
poorly,3
actions,3
activities,3
critical,3
identified,3
grande,3
still,3
interactions,3
standing,3
religious,3
thought,3
bulletin,3
continuity,3
god,3
included,3
guatemala,3
identification,3
liendo,3
lack,3
aspect,3
segunda,3
debates,3
contemporary,3
variation,3
discussed,3
stanish,3
ground,3
coloquio,3
practice,3
homenaje,3
hansen,3
interpreting,3
made,3
explanation,3
formal,3
tlatelolco,3
elite,3
yale,3
findings,3
covey,3
toluca,3
rivers,3
ethnic,3
individuals,3
theories,3
rrom,3
open,3
explorations,3
discovered,3
authors,3
codex,3
citv,3
spread,3
administrative,3
américanistes,3
standard,3
martin,3
craft,3
become,3
obsidian,3
department,3
bolivia,3
arbor,3
carried,3
worldview,3
primate,3
applications,3
memoria,3
movements,3
conquered,3
linda,3
vertical,3
lines,3
widespread,3
leiden,3
detailed,3
rethinking,3
environmentalists,3
volumes,3
wan,3
types,3
fields,3
angeles,3
grounded,3
earliest,3
códice,3
any,3
mentioned,3
changing,3
complexes,3
extensive,3
symbolic,3
cotsen,3
territories,3
alternative,3
der,3
berkeley,3
paper,3
preclassic,3
report,3
ideological,3
just,3
elites,3
better,3
poder,3
whether,3
volcanic,3
webster,3
huari,3
distribution,3
suggests,3
emphasis,3
contain,3
bodies,3
presented,3
multiple,3
writing,3
mesoamericanists,3
paradigm,3
documentation,3
physical,3
fondo,3
integration,3
palace,3
increased,3
boletín,3
modeling,3
cook,3
martínez,3
pachacamac,3
interaction,3
ayacucho,3
dos,3
oí,3
household,3
increase,3
carved,2
order,2
flow,2
phrased,2
limits,2
box,2
edge,2
guilliem,2
valle,2
later,2
serpent,2
religions,2
rev,2
created,2
functional,2
episodes,2
diez,2
mendoza,2
village,2
kinds,2
middleand,2
myth,2
tend,2
food,2
ethnogenesis,2
ruiz,2
acosta,2
authority,2
ways,2
pelota,2
mexican,2
peaks,2
trace,2
conquest,2
ae,2
suffered,2
ofrendas,2
po,2
englewood,2
princeton,2
descriptions,2
themes,2
mesa,2
fractal,2
chacmool,2
román,2
mastache,2
ii,2
taken,2
military,2
concentrated,2
allow,2
historiography,2
recinto,2
crops,2
differences,2
bead,2
producing,2
assembled,2
studied,2
able,2
reveal,2
help,2
cerro,2
cannibalism,2
behind,2
similarities,2
involves,2
occasional,2
existence,2
westview,2
verlag,2
anthropologists,2
primary,2
agriculture,2
discuss,2
bandwagon,2
amerikanistische,2
design,2
holocene,2
sabloff,2
october,2
move,2
sánchez,2
apart,2
variations,2
sociocultural,2
dynamic,2
above,2
representing,2
promises,2
mesoamencan,2
orthogonal,2
introduction,2
audience,2
barrera,2
factional,2
framework,2
walnut,2
throughout,2
análisis,2
estrada,2
alignments,2
madrid,2
assyria,2
wind,2
contributors,2
flurry,2
reyes,2
conducted,2
encyclopedia,2
living,2
rapoport,2
geometry,2
espacio,2
exercise,2
sanders,2
elements,2
archaeoastronomy,2
balls,2
fig,2
dates,2
left,2
kolata,2
even,2
factions,2
reassessment,2
look,2
reasoned,2
tarascan,2
sagrado,2
humano,2
simplistic,2
word,2
competitive,2
unfortunate,2
gillespie,2
costa,2
consolidation,2
steps,2
caso,2
cahuachi,2
olmos,2
velazquez,2
deviations,2
imago,2
transformations,2
grid,2
across,2
woria,2
developed,2
denmark,2
centralization,2
capture,2
notion,2
vs,2
entre,2
direct,2
koontz,2
ongoing,2
contributions,2
scales,2
distant,2
white,2
extremes,2
precious,2
shell,2
shining,2
excellent,2
consider,2
possibly,2
established,2
intensive,2
français,2
americanists,2
mayapan,2
numbers,2
impact,2
argued,2
verano,2
age,2
show,2
resource,2
readings,2
polar,2
position,2
cost,2
ponce,2
ofrenda,2
kaulicke,2
vergleichenden,2
excavation,2
appear,2
mayas,2
española,2
tn,2
ou,2
result,2
casma,2
closely,2
problem,2
based,2
reconstruyendo,2
uceda,2
could,2
rule,2
demise,2
houses,2
une,2
inappropriate,2
mapping,2
relating,2
generates,2
iconographie,2
deciphering,2
prehispánica,2
base,2
term,2
evaluate,2
yucatán,2
viewed,2
intensity,2
sovereignty,2
placed,2
however,2
shamanism,2
explain,2
directions,2
exploration,2
colonies,2
throne,2
depictions,2
bonner,2
expressions,2
criteria,2
briefly,2
receive,2
warriors,2
shape,2
antiguos,2
spheres,2
decipherment,2
bc,2
overviews,2
prácticas,2
borgia,2
práctica,2
discusses,2
example,2
uaxaca,2
morales,2
pyramids,2
sociedades,2
criticized,2
desarrollo,2
dynasties,2
editorial,2
partly,2
climatic,2
contains,2
relevance,2
oaks,2
dieu,2
reinterpreting,2
forces,2
rise,2
status,2
chemistry,2
sugiura,2
relaciones,2
cosmic,2
sacbeob,2
perú,2
sense,2
giant,2
level,2
below,2
wi,2
mclntosh,2
straight,2
involve,2
speculations,2
relevant,2
interacting,2
heart,2
event,2
spanish,2
wider,2
components,2
jiménez,2
civic,2
fully,2
up,2
london,2
und,2
aztlan,2
appropriate,2
lore,2
newly,2
separate,2
sitio,2
gordon,2
geographical,2
avoid,2
chronological,2
institut,2
led,2
noteworthy,2
likely,2
situation,2
smyth,2
andina,2
statecraft,2
expansion,2
charlton,2
techniques,2
return,2
benson,2
spencer,2
exception,2
reorganization,2
pictorial,2
illustrating,2
comments,2
movement,2
hold,2
spectacular,2
violate,2
contributing,2
competition,2
criticism,2
sort,2
violence,2
examined,2
revisiting,2
read,2
notable,2
technology,2
chronology,2
historia,2
us,2
manzanilla,2
muerte,2
infrastructure,2
gutiérrez,2
schultz,2
veritable,2
largest,2
illustrated,2
reports,2
río,2
fruitful,2
starting,2
fire,2
ramírez,2
challenge,2
filloy,2
others,2
pointed,2
contextos,2
lognormal,2
antiguo,2
projects,2
analytical,2
usefulness,2
joyce,2
fact,2
consideration,2
tula,2
occupations,2
materialization,2
documents,2
mathematical,2
classical,2
monumentality,2
farming,2
estimation,2
identical,2
chachapoyas,2
imperfect,2
communicates,2
greater,2
agree,2
external,2
covered,2
redonda,2
continuing,2
isbell,2
validity,2
shared,2
hinterlands,2
nueva,2
ignoring,2
cosmos,2
sacrificio,2
elementos,2
ritos,2
original,2
representations,2
empirically,2
analyzed,2
extended,2
indiana,2
alliance,2
sacrifices,2
limitations,2
cañada,2
strongly,2
identity,2
wonder,2
combining,2
refers,2
aesthetics,2
sequence,2
trend,2
ceremonies,2
platform,2
trade,2
points,2
held,2
times,2
nonurban,2
ny,2
reconstructed,2
cache,2
kituai,2
lag,2
ruler,2
disasters,2
oxbow,2
commentators,2
geographers,2
deliberate,2
epiclassic,2
probably,2
ethnohistory,2
blood,2
ethnohistoiy,2
ago,2
controversial,2
deity,2
immigration,2
arcnaeoiogy,2
applies,2
nonspecialist,2
grandes,2
increasing,2
philipp,2
fifty,2
allgemeinen,2
she,2
five,2
support,2
fewer,2
institutions,2
slow,2
imposition,2
contribution,2
culturalists,2
class,2
fall,2
causeways,2
polychrome,2
perspectivas,2
centuries,2
exists,2
anales,2
mcdonald,2
growing,2
lessons,2
niño,2
pueblos,2
must,2
puma,2
speculating,2
pace,2
constructed,2
sky,2
sweden,2
quaternary,2
mantaro,2
época,2
synthesizes,2
colonization,2
each,2
tomb,2
did,2
best,2
down,2
rostworowski,2
prominence,2
iglesias,2
half,2
cult,2
clearly,2
identities,2
possibility,2
respect,2
places,2
ballgame,2
following,2
animal,2
according,2
scholarly,2
explanations,2
jennings,2
terms,2
particular,2
citystate,2
nearby,2
thirty,2
maintain,2
map,2
enterramientos,2
axis,2
insightful,2
zur,2
her,2
studying,2
generally,2
paleoecology,2
solid,2
code,2
conclude,2
científica,2
variability,2
modelos,2
disciplines,2
administration,2
assumptions,2
available,2
ratios,2
reconstruct,2
arguments,2
colonial,2
terminal,2
question,2
shown,2
until,2
underworld,2
lands,2
finding,2
illinois,2
twentieth,2
institutional,2
medieval,2
need,2
manufacture,2
smaller,2
designed,2
prospect,2
mainz,2
classification,2
roughly,2
potential,2
clarify,2
thrones,2
mystery,2
mansilla,2
pedro,2
chicago,2
deposits,2
fiestas,2
gainesville,2
views,2
surveys,2
archeological,2
gulf,2
uk,2
retrospect,2
hallazgo,2
hypothesis,2
ofarcnaeological,1
fir,1
courts,1
tainter,1
final,1
dispersals,1
superiores,1
difficult,1
entities,1
repay,1
does,1
institutionalized,1
ending,1
moro,1
unilineal,1
ambiente,1
borbónico,1
mostly,1
done,1
brumfiel,1
triple,1
machu,1
pearson,1
humans,1
oriented,1
díaz,1
differed,1
míxquic,1
heroic,1
concerned,1
ilniversifv,1
brujo,1
vui,1
monsters,1
pittsburgh,1
anaean,1
explicativo,1
isotopes,1
correlations,1
migrated,1
mesoamericano,1
peaceful,1
indios,1
expedition,1
palafoxiana,1
tierra,1
northeast,1
archives,1
measures,1
feathered,1
itfjjpampa,1
adoption,1
sola,1
ultimate,1
originating,1
considerably,1
tate,1
blends,1
koìateetal,1
utility,1
notably,1
janusek,1
garza,1
lopez,1
esconde,1
becoming,1
needed,1
barricade,1
touched,1
cerámicos,1
royauté,1
objetos,1
drastically,1
imagen,1
fed,1
identify,1
vaticanus,1
assessments,1
anchor,1
projection,1
join,1
catastrophe,1
formed,1
classicist,1
second,1
comunidades,1
sets,1
niched,1
evidencias,1
criticizes,1
aztèques,1
universiteit,1
drawings,1
postprocessual,1
mit,1
paradigms,1
largely,1
park,1
proclaims,1
hotly,1
archaeoastronomical,1
ti,1
acceptance,1
reduced,1
comparisons,1
cycles,1
necessarily,1
emphasize,1
doctor,1
organic,1
ciudades,1
unlike,1
dakin,1
laid,1
evolved,1
noreste,1
evaluating,1
facilities,1
planes,1
milenia,1
before,1
imágenes,1
realidad,1
moving,1
lowlands,1
contested,1
arguing,1
valleys,1
apostólica,1
mexicaines,1
faulty,1
controlled,1
annals,1
rarmers,1
conjecture,1
turning,1
pilas,1
svstems,1
experience,1
highlight,1
caxonos,1
clarifying,1
round,1
notre,1
reprinted,1
funerarias,1
coding,1
anthropología,1
deter,1
mexique,1
australia,1
puuc,1
inc,1
wrong,1
lexington,1
isla,1
reconstructions,1
ui,1
learned,1
siebe,1
supposedly,1
multilevel,1
markt,1
américa,1
fortified,1
roman,1
topiltzin,1
dynamique,1
proudfoot,1
hellenic,1
researched,1
cniefdoms,1
give,1
attempts,1
chaos,1
culturally,1
feeling,1
expand,1
might,1
investments,1
guaranga,1
corridors,1
nahuaization,1
lowered,1
absurd,1
analogies,1
freely,1
readdress,1
attire,1
correlating,1
anu,1
seems,1
gary,1
containing,1
dramatically,1
oftenochtitlan,1
principles,1
cenote,1
archaeologically,1
ruture,1
attractive,1
europe,1
route,1
agrarian,1
broken,1
daily,1
monumentally,1
desire,1
remark,1
beziez,1
pollard,1
thank,1
compounds,1
quinto,1
jbngiand,1
peopling,1
imaginary,1
verbal,1
indicating,1
dswo,1
moqueries,1
onto,1
ol,1
montiel,1
hunting,1
renfrew,1
connection,1
ia,1
evolving,1
subsequent,1
nonverbal,1
achieved,1
called,1
jansen,1
roots,1
rudimentary,1
inree,1
date,1
kathanna,1
languor,1
trouble,1
blackwell,1
cyphers,1
chiefdoms,1
mexicon,1
contrasting,1
platforms,1
adventures,1
que,1
weswiew,1
huamelulpan,1
somewhat,1
signs,1
revise,1
dd,1
historv,1
threshold,1
millones,1
lead,1
militar,1
ethnogenetic,1
epistemological,1
político,1
feru,1
reserva,1
invasions,1
takes,1
forum,1
generosity,1
narrower,1
welcomes,1
vegachayoq,1
plain,1
cultivators,1
dignatorio,1
researchers,1
recorded,1
arrival,1
proiect,1
nn,1
task,1
histoire,1
siglos,1
bases,1
demography,1
right,1
march,1
addresses,1
solving,1
jumping,1
retain,1
stepped,1
updates,1
chapter,1
funéraire,1
account,1
symbiosis,1
intentionality,1
installment,1
sixteenth,1
activity,1
strand,1
zuni,1
tetimna,1
tariacuris,1
beverly,1
traced,1
adopting,1
multiethnicity,1
powers,1
bibliography,1
moseley,1
flank,1
figurillas,1
obvious,1
terence,1
arenas,1
tawantinsuyu,1
rudolf,1
west,1
stratigraphy,1
taking,1
x,1
ideologically,1
exchanges,1
cautious,1
resources,1
conception,1
mountains,1
moral,1
señorío,1
zone,1
identifies,1
directed,1
symonds,1
albin,1
montúfar,1
jlinaa,1
secondlargest,1
assessment,1
witchcraft,1
cuauhcalli,1
arqueológica,1
estudio,1
regarding,1
yuestjor,1
recursive,1
diversas,1
thus,1
iconografìa,1
examining,1
peripheral,1
ice,1
legitimization,1
economía,1
surely,1
southwestern,1
territorio,1
historically,1
progresso,1
doris,1
blades,1
grijalva,1
religión,1
severe,1
immediate,1
invisibility,1
incas,1
countless,1
illustrates,1
millennium,1
against,1
analyzing,1
bènizàa,1
funerario,1
habitacionales,1
chavin,1
lomea,1
spinning,1
author,1
terraces,1
quadripartite,1
trujillo,1
forgotten,1
ability,1
hawaii,1
decided,1
sene,1
naj,1
durant,1
plotting,1
participating,1
jr,1
materially,1
victims,1
media,1
sample,1
naco,1
pátzcuaro,1
cochabanbai,1
affairs,1
kind,1
inple,1
norte,1
larga,1
big,1
unidades,1
chez,1
background,1
gaceta,1
pessimistic,1
precludes,1
defense,1
fcvaiuaung,1
developments,1
items,1
ct,1
acta,1
deeds,1
agosto,1
legally,1
notas,1
david,1
hispanic,1
refer,1
lancho,1
star,1
subjects,1
reyna,1
disproportionately,1
architect,1
editing,1
growth,1
response,1
tenochca,1
posición,1
channels,1
six,1
extraordinary,1
flawed,1
sacrée,1
espacios,1
emphases,1
administrativo,1
compared,1
arranged,1
third,1
drives,1
fowler,1
uosmoiogicai,1
warned,1
storage,1
síntesis,1
mul,1
austria,1
flood,1
hgunnes,1
spite,1
apogée,1
isotope,1
patrons,1
ethnolinguistic,1
ë,1
ignore,1
luna,1
teuchiüan,1
leadership,1
climates,1
traits,1
nuanced,1
postprocessualists,1
acknowledge,1
evenly,1
aftermath,1
biblioteca,1
critiquing,1
trom,1
facsimiles,1
battles,1
chronicle,1
higher,1
mechanisms,1
talks,1
opposed,1
referred,1
hstrada,1
fort,1
high,1
segundo,1
expansions,1
slowed,1
americans,1
legitimation,1
andother,1
whose,1
inprehispanic,1
graphics,1
german,1
century,1
polarization,1
precincts,1
extensively,1
itsa,1
act,1
ñ,1
bring,1
homo,1
rio,1
troubled,1
sensing,1
communicate,1
obtained,1
untold,1
smoking,1
particularistic,1
serra,1
donnan,1
theater,1
malpass,1
altar,1
remote,1
mean,1
comparable,1
province,1
conceptions,1
phosphate,1
environments,1
excavators,1
analyzes,1
opportunity,1
dealt,1
mocne,1
waned,1
dp,1
titled,1
paz,1
risk,1
mémoires,1
demarcating,1
earlier,1
appears,1
rigor,1
ex,1
pagaban,1
mesopotamian,1
à,1
importance,1
archaeometry,1
derived,1
greenwood,1
easily,1
assuming,1
generating,1
special,1
possess,1
produced,1
stein,1
í,1
hosier,1
concha,1
burials,1
aztèque,1
clarification,1
radiating,1
update,1
front,1
urbe,1
moves,1
tuxtla,1
guides,1
constitute,1
unchanging,1
making,1
modified,1
references,1
understand,1
maría,1
favor,1
raaflaub,1
entierros,1
funeral,1
zvoiutwn,1
bad,1
theorists,1
affect,1
adopt,1
vox,1
marks,1
biased,1
tenochtitlan,1
quarterly,1
gins,1
tanning,1
river,1
suroeste,1
retained,1
belli,1
imposed,1
inscribed,1
presumably,1
linked,1
exciting,1
palaeoclimate,1
quetzalcoatl,1
proposed,1
represented,1
fortifications,1
ideologies,1
receiving,1
articulated,1
sheer,1
rojos,1
encodes,1
casas,1
reviewed,1
profile,1
sacralización,1
repudiating,1
frozen,1
advancing,1
covers,1
orientation,1
andeanists,1
unwrapping,1
max,1
shorter,1
confuse,1
surface,1
protolanguages,1
determinism,1
etapas,1
efficient,1
followed,1
césar,1
cívica,1
discarded,1
obstacles,1
altun,1
abril,1
random,1
always,1
western,1
reconsideration,1
primordial,1
answers,1
attendants,1
odd,1
ínkas,1
spodek,1
helped,1
symbolized,1
strategy,1
providing,1
gose,1
agentbased,1
decades,1
binford,1
drawing,1
oxfored,1
advocated,1
mixico,1
commanded,1
investigadores,1
irrigation,1
challenges,1
whereas,1
descriptive,1
stonework,1
opening,1
expressed,1
aula,1
advance,1
storerooms,1
whom,1
musée,1
identifying,1
underrepresented,1
dixon,1
senri,1
commoner,1
restrict,1
appearance,1
armies,1
histories,1
opposing,1
faunal,1
chipped,1
trigger,1
bricks,1
critically,1
impressionistic,1
amsterdam,1
holding,1
otomangueans,1
effort,1
gallareta,1
deal,1
baudez,1
jn,1
akademische,1
rooms,1
tipología,1
pass,1
criticisms,1
carleton,1
relate,1
requirements,1
mythical,1
tunich,1
diet,1
endeavor,1
ayamara,1
configuration,1
commoners,1
multiples,1
vigorous,1
modification,1
approximation,1
synthesize,1
integración,1
xipe,1
îucmuy,1
sagrario,1
glacial,1
pereira,1
zeitlin,1
genes,1
planeación,1
amazon,1
mogens,1
handbook,1
kinship,1
artefact,1
agriculturalist,1
kesearcn,1
siùo,1
santuarios,1
chinese,1
understood,1
informed,1
wales,1
technical,1
barba,1
hacia,1
halls,1
mcanany,1
prehispánico,1
circular,1
pursued,1
aspects,1
fisher,1
dynasty,1
treat,1
gill,1
tools,1
peeler,1
etnoarqueología,1
residential,1
butters,1
osmore,1
cannot,1
dispersal,1
promise,1
groundwork,1
stratified,1
appearing,1
wealth,1
amenable,1
albuaueraue,1
òettlement,1
hypothetical,1
tension,1
produce,1
confirmation,1
loras,1
verlage,1
required,1
fox,1
dwellers,1
conceptos,1
networks,1
provincias,1
marxists,1
expiation,1
représentations,1
hicks,1
governing,1
scribe,1
societal,1
improve,1
outstanding,1
taxes,1
specifically,1
viru,1
products,1
milky,1
having,1
côte,1
unequal,1
cycling,1
basis,1
distinguish,1
believable,1
mapped,1
rivera,1
island,1
inferred,1
amos,1
fragmented,1
glossary,1
mayer,1
sculpture,1
organize,1
técnica,1
tool,1
bragayrac,1
blue,1
nine,1
locus,1
seminario,1
lords,1
decipherments,1
reader,1
striking,1
prominent,1
accounting,1
murals,1
indiens,1
explains,1
colubrina,1
peraza,1
calls,1
tombs,1
secret,1
nation,1
anew,1
dumhartnn,1
positions,1
description,1
bowl,1
geology,1
prehistoiy,1
egalitarian,1
medio,1
tale,1
describe,1
shamanic,1
intermediate,1
refined,1
propuestos,1
beginnings,1
records,1
incaico,1
keep,1
concentrate,1
actually,1
clientage,1
cluster,1
calakmul,1
otates,1
internacional,1
hi,1
jaguar,1
call,1
gómez,1
recounting,1
somewhere,1
constructivas,1
realms,1
calchaqui,1
huasteque,1
heated,1
deeply,1
artifact,1
interpreted,1
mockeries,1
conformación,1
housenoia,1
vista,1
markedly,1
attributed,1
correction,1
else,1
towards,1
veertig,1
errors,1
insurrection,1
tamaulipas,1
jerry,1
earth,1
oriental,1
aided,1
responses,1
información,1
steward,1
painting,1
describing,1
cataloguing,1
constituent,1
lowest,1
shaping,1
theoretically,1
dictionary,1
excuse,1
nonresidential,1
josé,1
wittkower,1
sigvald,1
cráneos,1
josserand,1
través,1
le,1
mortuários,1
canseco,1
discourse,1
emphasizes,1
dillehay,1
sharp,1
quite,1
interhemispheric,1
imagined,1
bergin,1
family,1
online,1
nawa,1
heeded,1
estilo,1
consensus,1
driving,1
cacao,1
choose,1
bridge,1
grow,1
oral,1
disaster,1
metamorphoses,1
dramatic,1
decline,1
distinguished,1
ancestral,1
latest,1
cl,1
villages,1
waveland,1
determinists,1
otomanguean,1
beacon,1
weiss,1
rescate,1
majority,1
progressed,1
pretarascque,1
maxwell,1
lacuna,1
sweatbaths,1
invite,1
introduced,1
paid,1
correspondence,1
décapitation,1
angkonan,1
factionalism,1
plausible,1
structured,1
them,1
directionality,1
grateful,1
etnologiska,1
divinatory,1
inform,1
moved,1
deboer,1
preciassic,1
kitual,1
promising,1
stewards,1
knowledge,1
barbara,1
replacing,1
mochica,1
debunk,1
integrating,1
leche,1
consideraciones,1
chinchilla,1
node,1
pertaining,1
processual,1
statuses,1
quarry,1
bras,1
cristóbal,1
elaborately,1
zany,1
business,1
indigenous,1
critics,1
popocatepetl,1
minor,1
comment,1
toltec,1
tetimpa,1
summarize,1
mysterious,1
visually,1
bringing,1
dispositions,1
domination,1
monoliths,1
arqueológicos,1
microcosmic,1
populations,1
stockhohn,1
materiales,1
divergence,1
criticize,1
communauté,1
gender,1
located,1
overall,1
administrada,1
contribución,1
yucatan,1
socalled,1
chestnut,1
drom,1
cloud,1
appreciate,1
brief,1
forward,1
islands,1
ignacio,1
rodriguez,1
precipitaciones,1
tropical,1
prenait,1
impersonators,1
establishes,1
precolonial,1
estado,1
préhispanique,1
caye,1
tor,1
urartian,1
americana,1
tzitzimime,1
flag,1
wheels,1
étude,1
targeted,1
collapsed,1
perennial,1
amerindian,1
usumacinta,1
settings,1
iannone,1
direction,1
selection,1
positive,1
ofnachan,1
structural,1
gijseghem,1
promoting,1
para,1
corpus,1
nonsite,1
hayashida,1
continuation,1
depicted,1
lux,1
housing,1
phylogenetic,1
fit,1
coverage,1
represents,1
makes,1
convex,1
happened,1
constructors,1
kluwer,1
acknowledgments,1
soon,1
counterparts,1
anexos,1
array,1
caveat,1
ohnersorgen,1
official,1
termination,1
neither,1
chalcatzingo,1
demographic,1
northwest,1
alternating,1
processing,1
falls,1
planned,1
orders,1
publishing,1
light,1
vivanco,1
keeping,1
middleton,1
tepexi,1
cerén,1
demonstrates,1
experiment,1
reprint,1
already,1
crespo,1
antnropologist,1
constellations,1
delaware,1
demarest,1
guerrero,1
anadananthera,1
noted,1
allows,1
williams,1
thermodynamic,1
maintained,1
shipibo,1
sector,1
sistema,1
dualprocessual,1
declining,1
knapp,1
enclaves,1
management,1
simulation,1
mictlantecuhtli,1
mixteca,1
olmeca,1
flanked,1
skyband,1
terracing,1
hollow,1
toward,1
escorial,1
fragmentation,1
carré,1
uotanuasa,1
sourcebook,1
hernández,1
escultoras,1
vega,1
towns,1
cooption,1
usually,1
flushing,1
lumoaii,1
fornicai,1
tiny,1
complementary,1
deatacamax,1
provincia,1
idea,1
fundamental,1
arising,1
materialist,1
clarendon,1
crosscultural,1
plan,1
mito,1
compound,1
match,1
nathan,1
petexbatun,1
cochabamba,1
ierracing,1
essence,1
antnropoiogy,1
göteborg,1
ethnohistoric,1
choice,1
eruptions,1
outdated,1
together,1
really,1
esquina,1
break,1
testing,1
diverse,1
incorporation,1
plagued,1
canto,1
borders,1
pillsbury,1
end,1
códices,1
overwhelmingly,1
feasting,1
doubt,1
avian,1
administrations,1
golden,1
pennsylvania,1
man,1
audiences,1
honor,1
ouuineusiern,1
payment,1
mesoamenca,1
men,1
conclusions,1
antropologia,1
símbolos,1
considered,1
precinct,1
consciously,1
idiomas,1
performances,1
reru,1
remarkable,1
archaeologies,1
centre,1
mayanists,1
manner,1
secrets,1
ancients,1
demarrais,1
richards,1
accepted,1
armed,1
non,1
hastorf,1
hectares,1
michael,1
paleodemographic,1
hassig,1
chalchihuitl,1
anthropologie,1
decapitation,1
focusing,1
mundo,1
japan,1
assortment,1
intensify,1
daunting,1
teeth,1
belief,1
mesoaménca,1
begun,1
encontradas,1
seigneur,1
glyphs,1
redmond,1
distance,1
literatures,1
artists,1
tthno,1
explicitly,1
binary,1
day,1
cusco,1
potrero,1
bibliographic,1
remained,1
responded,1
calculation,1
demonstrated,1
government,1
redman,1
crystals,1
technologies,1
greatest,1
meaningful,1
monumentai,1
investment,1
kathleen,1
elevations,1
leeuw,1
jaren,1
asn,1
lost,1
considering,1
birth,1
exhibiting,1
discovery,1
brady,1
organisms,1
chronologies,1
ecologically,1
cince,1
israel,1
sides,1
trajectory,1
cojti,1
antnropoiogist,1
años,1
distinctly,1
anormal,1
negociación,1
tiesler,1
similarity,1
pirámide,1
silverman,1
manifestations,1
profesor,1
epigraphic,1
asentamiento,1
santley,1
minds,1
varying,1
controlling,1
significant,1
expression,1
fyramias,1
unstated,1
definiendo,1
kaminaljuyú,1
unfortunately,1
prehispánicos,1
estatal,1
redistribution,1
assumption,1
ideational,1
andines,1
macroregional,1
virtually,1
excavaciones,1
causes,1
puna,1
teoùhuacan,1
congress,1
chute,1
ideas,1
berrelleza,1
harvard,1
relandscaped,1
reservoirs,1
chontal,1
nrst,1
assign,1
karst,1
variables,1
styles,1
engaged,1
nothing,1
merit,1
examination,1
editores,1
historicity,1
radiocarbon,1
relegated,1
neotropical,1
improvements,1
interpretación,1
dating,1
foci,1
students,1
continuities,1
sacrificing,1
jumped,1
finally,1
ties,1
whalen,1
azoyú,1
tributos,1
crises,1
wilson,1
provoked,1
historic,1
bicomcal,1
reality,1
andrews,1
cannibalisme,1
modem,1
especial,1
communicated,1
se,1
urrea,1
dominated,1
bonn,1
essay,1
urge,1
logic,1
logarithmic,1
prevents,1
deals,1
vocally,1
mississippian,1
exaction,1
started,1
panfil,1
assyrian,1
matirialien,1
general,1
skulls,1
him,1
mount,1
collected,1
paquets,1
dry,1
lie,1
devil,1
accurate,1
sondondo,1
fragility,1
aeraemeni,1
preservation,1
lorenzo,1
zamora,1
rrenisiory,1
primer,1
españa,1
construct,1
latter,1
reuse,1
cosmovision,1
repeated,1
minnis,1
embedded,1
libro,1
mexica,1
shackles,1
facing,1
probe,1
internal,1
arquitectónicos,1
trying,1
mathews,1
leaves,1
eyes,1
constructing,1
geográficas,1
differently,1
regionales,1
lacking,1
divinity,1
nonformal,1
narrow,1
ranksize,1
fil,1
wise,1
contact,1
lexas,1
cosmogram,1
braswell,1
teothuacan,1
hierarchical,1
diamond,1
materialized,1
deciphered,1
claiming,1
analyze,1
incienso,1
scarborough,1
greece,1
story,1
dominance,1
zmpire,1
attracted,1
otumba,1
morris,1
gallardo,1
gasparini,1
geography,1
versus,1
tñe,1
saw,1
chaa,1
highlands,1
connections,1
joint,1
atlas,1
evaluated,1
adaptive,1
sur,1
regimes,1
pyburn,1
greek,1
convincingly,1
yucatec,1
wartare,1
widely,1
brown,1
druckund,1
spanai,1
culmination,1
sacrificial,1
uumoanon,1
strontium,1
depth,1
consists,1
yields,1
veracruz,1
qué,1
suggestion,1
teoühuacan,1
marilyn,1
discussing,1
cités,1
posted,1
archipelago,1
dinámica,1
emulation,1
climatology,1
kowalski,1
veneration,1
today,1
coupled,1
tentative,1
richest,1
ttuae,1
charters,1
independent,1
continued,1
tomo,1
george,1
sometimes,1
chan,1
crucial,1
domains,1
next,1
emphasized,1
imbalance,1
antes,1
censers,1
simon,1
idioms,1
politically,1
americanist,1
claimed,1
fortificados,1
ntual,1
santuario,1
hill,1
vague,1
resistant,1
discard,1
plastic,1
primarily,1
intermediare,1
popoloca,1
dimensions,1
who,1
riddled,1
off,1
team,1
curation,1
ideologia,1
clásico,1
yautepec,1
señor,1
unclear,1
legitimacy,1
periodo,1
category,1
jvionograpns,1
figurine,1
royale,1
después,1
honolulu,1
introductory,1
quark,1
clásica,1
frontier,1
aggrandizers,1
collateral,1
muted,1
punctuated,1
ramirez,1
sociolinguistic,1
flaying,1
arts,1
domínguez,1
solís,1
problematic,1
interpretive,1
susan,1
sound,1
monumental,1
resemble,1
lago,1
documenting,1
seat,1
estratégica,1
tollan,1
interacts,1
stable,1
manifesting,1
door,1
tiempos,1
hearts,1
orientalis,1
bench,1
forest,1
shaw,1
abandonment,1
shadow,1
miroir,1
rarely,1
then,1
vea,1
historian,1
reorganized,1
tinenne,1
civilizations,1
bricker,1
comes,1
exemplified,1
accordance,1
calendrical,1
norms,1
comparison,1
rucijic,1
mexicas,1
teotihuacana,1
manual,1
asentamientos,1
nova,1
oi,1
extension,1
theme,1
serafín,1
precise,1
rhein,1
rosenswig,1
banner,1
bronze,1
temporal,1
separately,1
tagua,1
willingness,1
rivero,1
md,1
olmeda,1
anaya,1
organizational,1
here,1
encoded,1
trascendental,1
òociety,1
ars,1
couples,1
cover,1
methodologically,1
shamans,1
know,1
imposing,1
nuremberg,1
dimension,1
horizontefondo,1
sociales,1
proof,1
región,1
dornan,1
reexamination,1
specialization,1
fault,1
illuminate,1
cnws,1
plunket,1
cemetery,1
dsfah,1
ancestor,1
worth,1
share,1
attribute,1
quetzal,1
global,1
setting,1
cautiously,1
sampling,1
seem,1
albarracinjordan,1
lagoon,1
referees,1
contextual,1
equivocal,1
irrigate,1
print,1
lity,1
volcano,1
cachee,1
downplays,1
propaganda,1
constructions,1
erickson,1
glyphique,1
surprisingly,1
inquiry,1
conquista,1
knots,1
foundation,1
iii,1
town,1
alternatively,1
paso,1
obviously,1
thinking,1
impossible,1
themselves,1
rely,1
goods,1
cognitive,1
plazas,1
benefit,1
handle,1
juegos,1
build,1
associations,1
vaticano,1
wood,1
rauems,1
dn,1
quintana,1
greenstone,1
placing,1
goddess,1
thompson,1
nord,1
edition,1
emerges,1
type,1
protracted,1
tunnels,1
person,1
mayanist,1
ì,1
charged,1
coauthoring,1
üoieun,1
integrates,1
hombres,1
ethnically,1
donnern,1
annales,1
answered,1
kunen,1
carefully,1
investigation,1
designers,1
tarrascan,1
kurtz,1
prívate,1
proxemics,1
accounts,1
caria,1
supports,1
inomata,1
sal,1
metaphor,1
proven,1
robles,1
matieialien,1
òoutnern,1
ethnological,1
mixe,1
ripe,1
loitecs,1
adaptation,1
heavier,1
inscriptions,1
consisting,1
figs,1
sowing,1
pacific,1
create,1
zultepec,1
bureaucratic,1
require,1
secure,1
ongin,1
fruitfully,1
explored,1
yield,1
lynch,1
proposing,1
huge,1
ori,1
springer,1
apartment,1
observations,1
missed,1
oxygen,1
rrenistory,1
dedication,1
museo,1
hundreds,1
imperialist,1
radiated,1
slive,1
revista,1
banco,1
universe,1
mémoire,1
rarucea,1
popular,1
citystates,1
socioeconomic,1
llamado,1
recursively,1
alterations,1
hendrik,1
preserved,1
careful,1
richardson,1
nierogiypnic,1
earlv,1
pits,1
garraty,1
urcid,1
emperor,1
despite,1
programa,1
antiauitv,1
content,1
chimu,1
rijksuniversiteit,1
alternatives,1
oriente,1
giving,1
turns,1
beekman,1
rendering,1
step,1
went,1
territory,1
regularities,1
vast,1
resistance,1
summarizes,1
antigua,1
pina,1
citations,1
socializing,1
bradley,1
mention,1
deities,1
memory,1
twin,1
isolated,1
au,1
delving,1
correspondences,1
òiuay,1
esbozo,1
galicia,1
sparked,1
frances,1
sacres,1
susceptible,1
producción,1
wild,1
patzcuaro,1
understandings,1
chile,1
catastrophism,1
commercial,1
otis,1
unable,1
vestibule,1
difference,1
detrás,1
generate,1
cas,1
azapa,1
phaidon,1
argentina,1
geological,1
iconografía,1
washington,1
lales,1
òocieiies,1
accept,1
poleis,1
newsletter,1
publicized,1
crisis,1
chiefly,1
shrunk,1
witschey,1
utumba,1
offer,1
instead,1
americas,1
integrated,1
define,1
tackles,1
specialists,1
epiciassic,1
unified,1
scoured,1
product,1
barnes,1
heartland,1
altiplano,1
puquios,1
colleagues,1
defined,1
inhumación,1
attempted,1
recourse,1
stairway,1
colonnaded,1
diaspora,1
grapple,1
landforms,1
nonmarket,1
indian,1
presenting,1
graphed,1
lurín,1
speak,1
suciai,1
rituales,1
summary,1
biológica,1
anonymous,1
am,1
postclasico,1
thousand,1
ernie,1
pluriétnica,1
thresholds,1
settled,1
aztecs,1
victorioso,1
valuable,1
klein,1
plethora,1
km,1
questioning,1
marxist,1
massive,1
rejection,1
bell,1
era,1
lomos,1
super,1
salinera,1
glyph,1
uncertainty,1
maximum,1
otopame,1
exclusively,1
superior,1
entire,1
documentary,1
develop,1
divergent,1
académie,1
redresses,1
haug,1
urbanístico,1
ends,1
taylor,1
lingüistica,1
anton,1
dedicatory,1
terracotta,1
sustained,1
famous,1
ethnology,1
cross,1
tf,1
proceso,1
histórico,1
broader,1
funerarios,1
primera,1
templos,1
catedral,1
mistaken,1
portrait,1
coordinación,1
gold,1
richly,1
métamorphoses,1
