WORDCOUNTS,WEIGHT
the,1652
of,1214
and,998
in,699
a,493
to,350
for,250
from,237
at,221
that,201
rcbp,199
american,158
j,156
have,154
d,146
as,137
is,137
on,134
new,126
dates,121
early,120
by,119
this,113
been,113
clovis,111
north,111
paleoindian,109
be,106
et,104
pp,104
are,102
ca,101
were,98
r,97
an,95
with,93
c,91
it,89
or,86
has,83
m,83
not,82
bp,80
human,80
about,78
america,76
was,72
l,69
p,68
sites,66
would,66
world,66
points,65
peopling,64
radiocarbon,63
years,62
site,61
more,61
date,60
but,59
university,57
no,57
evidence,57
than,56
pleistocene,56
late,56
south,56
antiquity,55
found,53
k,53
e,52
first,52
some,51
t,50
may,50
these,49
they,48
s,48
also,48
g,46
if,45
b,45
between,45
eastern,44
lithic,43
research,42
their,40
migration,39
archaeological,39
there,38
southern,38
monte,38
archaeology,38
northern,37
upper,36
age,36
point,35
paleolithic,35
f,35
man,35
recent,35
h,34
paper,34
other,34
central,34
fluted,34
earlier,34
mammoth,33
study,33
had,33
fiedel,33
tools,33
society,33
such,32
paleoindians,32
journal,32
origins,32
presented,32
after,31
people,31
science,31
even,30
could,30
annual,30
only,30
remains,30
center,29
stone,29
into,29
prehistory,29
artifacts,29
native,29
i,28
w,28
occupation,28
assemblages,28
earliest,28
one,27
old,27
initial,27
which,27
dating,27
probably,27
alaska,27
americas,27
meeting,27
might,26
population,26
level,26
ancestral,26
ice,25
asian,25
km,25
before,24
nenana,24
coastal,24
several,24
material,24
made,24
western,23
asia,23
most,23
cultural,23
few,23
verde,23
both,23
jr,22
dated,22
coast,22
populations,22
yet,22
ancient,22
bones,22
quaternary,22
anthropology,22
reported,22
northeast,21
humans,21
within,21
de,21
two,21
east,21
seems,20
its,20
california,20
so,20
very,20
through,20
complex,19
genetic,19
near,19
perhaps,19
corridor,19
small,19
any,19
associated,19
arctic,18
el,18
n,18
presence,18
texas,18
do,18
present,18
assemblage,18
obtained,18
can,18
who,18
later,17
modern,17
china,17
far,17
mtdna,17
bone,17
similar,17
during,17
around,17
extinction,17
we,17
when,17
middle,17
although,17
much,17
now,16
implications,16
all,16
hunting,16
view,16
haplotype,16
end,16
region,16
megafauna,16
seem,16
did,16
should,16
occurred,15
archaeologists,15
rapid,15
tradition,15
mastodon,15
y,15
cave,15
pacific,15
plains,15
colonization,15
yielded,15
archaic,15
southeastern,15
lower,14
origin,14
river,14
glacial,14
seattle,14
culture,14
time,14
mexico,14
stratified,14
known,14
over,14
theory,14
suggests,14
holocene,14
still,14
mongoloid,13
possible,13
americans,13
homo,13
bifaces,13
charcoal,13
folsom,13
del,13
older,13
least,13
chronology,13
skeletons,13
genetics,13
hunters,13
siberia,13
must,13
four,13
association,13
chicago,13
represent,12
likely,12
broken,12
dyuktai,12
santa,12
northeastern,12
appear,12
based,12
big,12
because,12
settlement,12
technology,12
model,12
evolution,12
species,12
what,12
beringia,12
sea,12
lake,12
microblades,11
cactus,11
fishtail,11
great,11
perspective,11
mammoths,11
prehistoric,11
basin,11
method,11
suggest,11
ancestors,11
southeast,11
already,11
v,11
where,11
deposits,11
skeletal,11
period,11
la,11
meadowcroft,11
brazil,11
transition,11
land,11
mongoloids,11
among,11
groups,10
environmental,10
large,10
search,10
british,10
thus,10
southwestern,10
blades,10
component,10
ushki,10
haplotypes,10
york,10
out,10
appears,10
recently,10
younger,10
below,10
results,10
he,10
palaeoecology,10
expansion,10
same,10
dna,10
regional,10
derived,10
like,10
high,10
ago,10
european,10
united,10
physical,10
while,10
boca,9
long,9
nature,9
route,9
along,9
stratum,9
russian,9
environments,9
plenum,9
important,9
produced,9
record,9
blade,9
future,9
stemmed,9
up,9
finds,9
will,9
specimens,9
stratigraphie,9
quebrada,9
areas,9
layer,9
wood,9
range,9
samples,9
use,9
indicate,9
crc,9
inhabitants,9
blood,9
claims,9
cultures,9
current,9
sheets,9
cambridge,9
little,9
dental,9
resulted,8
ostensibly,8
history,8
sources,8
individuals,8
warm,8
typical,8
context,8
case,8
clearly,8
interior,8
industries,8
rather,8
absent,8
peru,8
archeological,8
suggested,8
paleoarctic,8
appearance,8
international,8
academic,8
interpreted,8
smithsonian,8
industry,8
siberian,8
movement,8
many,8
discovery,8
ancestry,8
adaptations,8
nashville,8
rapidly,8
each,8
report,8
too,8
contain,8
ohio,8
numerous,8
fauna,8
states,8
area,8
pedra,8
occur,8
toolkit,7
contemporaneous,7
studies,7
acceptance,7
analyses,7
relatively,7
columbia,7
distribution,7
across,7
argued,7
show,7
faunal,7
extinct,7
possibility,7
cores,7
chinese,7
cannot,7
explain,7
data,7
london,7
climatic,7
social,7
cold,7
climate,7
moved,7
investigating,7
absence,7
materials,7
single,7
al,7
variation,7
anthropologist,7
ages,7
less,7
see,7
significant,7
lakes,7
times,7
last,7
problems,7
dryas,7
blackwater,7
analysis,7
continental,7
emergence,7
whether,7
isolated,7
washington,7
include,7
does,6
common,6
warming,6
tierra,6
replaced,6
organic,6
differences,6
cerro,6
investigations,6
alabama,6
vol,6
beverly,6
apart,6
dalton,6
sapiens,6
since,6
sample,6
distinct,6
island,6
traits,6
how,6
sort,6
basic,6
process,6
subsistence,6
alaskan,6
skeleton,6
pebble,6
beyond,6
kennewick,6
viewed,6
well,6
tool,6
northwest,6
contains,6
actually,6
thule,6
horizon,6
either,6
change,6
credible,6
tennessee,6
calibration,6
female,6
once,6
oxford,6
soon,6
noted,6
nevada,6
occupations,6
mitochondrial,6
pygmy,6
above,6
distance,6
artifact,6
lapa,6
demonstrated,6
jobo,6
sinodont,6
upon,6
maritime,6
cranial,6
mousterian,6
prédation,6
three,6
features,6
denali,6
department,6
institution,6
chert,6
hill,6
seen,6
lineages,6
forest,6
swan,6
rocksheiter,6
ivory,6
erectus,6
type,6
microlithic,6
unique,6
them,6
adaptation,6
techniques,6
territory,6
da,6
shown,6
until,6
obvious,6
ranged,6
cone,6
overkill,6
hypothesis,6
san,5
continent,5
bifacial,5
retouched,5
neolithic,5
ii,5
europe,5
simple,5
wave,5
farther,5
bering,5
vegetation,5
marine,5
those,5
account,5
west,5
rosa,5
fossil,5
solutrean,5
diversity,5
microblade,5
million,5
relationships,5
past,5
agate,5
regarded,5
six,5
compared,5
biological,5
furada,5
van,5
collagen,5
divergence,5
remain,5
examined,5
variant,5
bolshoi,5
special,5
lay,5
support,5
just,5
represented,5
surface,5
flakes,5
complete,5
came,5
arrival,5
ocean,5
mainly,5
burial,5
steele,5
hypothetical,5
source,5
almost,5
overlying,5
crude,5
part,5
work,5
lithics,5
excavated,5
dillehay,5
quite,5
yukon,5
australian,5
preliminary,5
subsequently,5
second,5
goshen,5
valsequillo,5
toolkits,5
thought,5
wisconsin,5
stones,5
fell,5
others,5
available,5
rock,5
occurrence,5
appeared,5
diverse,5
pattern,5
fragments,5
japan,5
residues,5
national,5
spread,5
direct,5
plant,5
mammals,5
martin,5
evolutionary,5
anderson,5
perspectives,5
sometimes,5
five,5
canada,5
problematic,5
anthropological,5
contained,5
peoples,5
geographic,5
brazilian,5
natural,5
associations,5
distinctive,5
living,5
bands,5
table,5
game,5
problem,5
virginia,5
northwestern,5
models,5
argentina,5
accept,5
off,5
close,5
recognized,5
comparable,5
major,5
difficult,4
survived,4
rate,4
macroblades,4
stylistic,4
miguel,4
mountains,4
crossing,4
linguistic,4
bryan,4
former,4
contexts,4
consistent,4
way,4
subarctic,4
posed,4
wooden,4
belong,4
beynon,4
assays,4
state,4
evaluation,4
side,4
suspect,4
projectile,4
replacement,4
anatomically,4
x,4
cited,4
economies,4
sand,4
exposed,4
review,4
expect,4
theorized,4
palaeolithic,4
convincing,4
back,4
left,4
estimate,4
died,4
valleys,4
dust,4
wales,4
cobbles,4
biface,4
interesting,4
bull,4
prince,4
en,4
levels,4
assuming,4
creek,4
tree,4
animals,4
cueva,4
cherts,4
possibly,4
entry,4
presumably,4
traces,4
carolina,4
ecuador,4
peninsula,4
dc,4
result,4
basalt,4
concentration,4
caucasoid,4
chipped,4
percentages,4
excavations,4
daisy,4
flaked,4
accelerator,4
basis,4
los,4
apparent,4
southwest,4
description,4
trumpet,4
personal,4
giant,4
pottery,4
lowest,4
order,4
event,4
hemisphere,4
soil,4
bridge,4
core,4
generally,4
using,4
florida,4
ana,4
reduced,4
various,4
short,4
indicates,4
initially,4
hominids,4
santana,4
springs,4
represents,4
us,4
indian,4
published,4
lanceolate,4
academy,4
lack,4
valid,4
turner,4
scholars,4
really,4
distributions,4
procurement,4
woman,4
teeth,4
number,4
another,4
local,4
disease,4
atlantic,4
dispersals,4
beringian,4
persisted,4
band,4
willey,4
described,4
discovered,4
crania,4
characterized,4
skulls,4
black,4
latter,4
exchange,4
gravel,4
slightly,4
occupied,4
separate,4
relationship,4
note,4
africa,4
sealed,4
laurentide,4
movements,4
usually,4
sinodonty,4
millennia,4
centuries,4
then,4
changing,4
temporal,4
terrestrial,4
sciences,4
der,4
colorado,4
flint,4
ancestor,4
specialized,4
global,4
setting,4
best,4
generalized,4
proposed,4
jennings,4
proceedings,4
plants,4
temperatures,4
researchers,4
preserved,4
quartzite,4
atmospheric,4
became,4
variability,4
pine,4
spring,4
similarity,4
vance,4
salt,4
canadian,4
specialists,4
effects,4
oldest,4
reached,4
entire,4
observed,4
fladmark,3
fraction,3
created,3
intriguing,3
per,3
somewhere,3
envisioned,3
considerations,3
vermilion,3
moving,3
foragers,3
alleged,3
being,3
certainly,3
production,3
macroband,3
taken,3
kilometers,3
containing,3
incisors,3
includes,3
throughout,3
hundred,3
lagoa,3
subsequent,3
primitive,3
situ,3
routes,3
sheet,3
similarities,3
occasional,3
ascribed,3
existence,3
anthropologists,3
bird,3
mutation,3
development,3
prior,3
elgakhchan,3
crossed,3
processes,3
choppers,3
prevented,3
density,3
haynes,3
postcranial,3
prey,3
athapaskan,3
baikal,3
severe,3
calculated,3
due,3
against,3
corals,3
application,3
eurasian,3
given,3
repatriation,3
estimates,3
santo,3
immigrants,3
concerning,3
fig,3
young,3
lineage,3
effective,3
find,3
geological,3
look,3
corrected,3
traditions,3
piedra,3
general,3
arqueológicas,3
costa,3
crow,3
fort,3
knife,3
philadelphia,3
flake,3
without,3
camp,3
landscape,3
killing,3
certain,3
amur,3
front,3
changes,3
colonizing,3
bluefish,3
meltzer,3
torroni,3
elsewhere,3
shore,3
aubrey,3
underwater,3
resource,3
assume,3
drought,3
founding,3
assessments,3
location,3
societies,3
conservative,3
begun,3
called,3
seven,3
habitation,3
austin,3
butzer,3
intensive,3
unfluted,3
further,3
intervening,3
promise,3
sundadont,3
olympic,3
jim,3
none,3
buhl,3
makers,3
literature,3
ot,3
knowledge,3
indigenous,3
iia,3
used,3
overview,3
horn,3
records,3
formerly,3
regions,3
caused,3
hard,3
field,3
stage,3
next,3
sharp,3
investigaciones,3
observe,3
descendants,3
plausible,3
sitio,3
triangular,3
gordon,3
seemed,3
periods,3
chronological,3
morphology,3
critical,3
approximate,3
critics,3
onset,3
matter,3
scientific,3
brief,3
nearly,3
apatite,3
boreal,3
concentrations,3
oakley,3
interpretation,3
museum,3
reference,3
push,3
idaho,3
light,3
picture,3
paul,3
toward,3
amerind,3
minnesota,3
eddy,3
amerinds,3
rica,3
strait,3
descended,3
lehner,3
macrobands,3
radius,3
compelled,3
encountered,3
original,3
cranium,3
logs,3
previously,3
spearpoints,3
ustinovka,3
kostenki,3
unfortunately,3
sampled,3
ust,3
conditions,3
questions,3
actual,3
recovery,3
examination,3
theoretical,3
shelter,3
specimen,3
refugium,3
language,3
dominated,3
archeology,3
related,3
methods,3
revised,3
never,3
paleo,3
queen,3
somehow,3
systems,3
prous,3
okhotsk,3
butchered,3
improbable,3
residue,3
etc,3
marshalling,3
isabel,3
ranging,3
carried,3
depth,3
geochronology,3
ostensible,3
mammalian,3
naturally,3
oregon,3
male,3
broad,3
rim,3
began,3
altai,3
grinding,3
wilson,3
why,3
often,3
kill,3
diagnostic,3
composed,3
get,3
burned,3
environment,3
abandonment,3
kamchatka,3
dispersed,3
calendrical,3
preclude,3
deep,3
recognizable,3
consensus,3
offers,3
here,3
alternative,3
set,3
correal,3
tomb,3
deglacial,3
lying,3
particularly,3
historical,3
utilized,3
u,3
turned,3
animal,3
beginning,3
unlikely,3
form,3
making,3
particular,3
nearby,3
males,3
seasonal,3
artifactual,3
waters,3
taima,3
precursor,3
migrations,3
yield,3
huge,3
calendar,3
paleoecology,3
size,3
despite,3
allows,3
terminal,3
prepared,3
analogy,3
question,3
chile,3
sediments,3
difference,3
illinois,3
camps,3
toca,3
extremely,3
meat,3
carbon,3
charlotte,3
assumed,3
clarify,3
themselves,3
valley,3
technological,3
caucasoids,3
manis,3
arizona,3
aldan,3
final,2
dominant,2
barbara,2
o,2
sussex,2
concerned,2
indicated,2
functional,2
blitzkrieg,2
affected,2
red,2
alone,2
goebel,2
deciduous,2
coastlines,2
group,2
needed,2
mounted,2
preferred,2
tacahuay,2
experientia,2
acosta,2
specialist,2
walker,2
sudden,2
conical,2
position,2
patagonia,2
gainey,2
character,2
necessarily,2
split,2
unlike,2
eastward,2
bark,2
credibly,2
test,2
fluctuations,2
diffusion,2
said,2
estimated,2
permit,2
australia,2
beautifully,2
preceding,2
creation,2
pampas,2
worked,2
beautiful,2
emerged,2
dorset,2
archaeologically,2
parameters,2
timing,2
reveal,2
styles,2
inland,2
murray,2
replicated,2
thermoluminescence,2
dincauze,2
rockshelters,2
complicated,2
contents,2
josenhans,2
faught,2
system,2
bogotá,2
fossils,2
advocates,2
geologic,2
steeleand,2
pluvial,2
calico,2
sought,2
mass,2
demography,2
draw,2
colombia,2
opened,2
mongolia,2
archipelago,2
vaguely,2
prove,2
minatogawa,2
indicating,2
uncertain,2
bottom,2
correlation,2
minimum,2
melting,2
frequencies,2
natives,2
comments,2
collapse,2
explained,2
stomach,2
bison,2
dynamics,2
run,2
varvarina,2
medio,2
basal,2
leaf,2
assessment,2
barrier,2
emigration,2
century,2
expected,2
admitted,2
sustain,2
developments,2
items,2
jaguay,2
stabilized,2
amount,2
butte,2
encompass,2
response,2
reflux,2
kamminga,2
trekked,2
truly,2
thin,2
identifications,2
archaeologist,2
memoir,2
excavator,2
apparently,2
founder,2
adult,2
handful,2
coal,2
competitive,2
poorly,2
mongolian,2
higher,2
landscapes,2
amazon,2
berelekh,2
reconstructed,2
identification,2
acid,2
his,2
preexisting,2
superficial,2
highlands,2
district,2
proboscideans,2
knotted,2
pacitanian,2
sulphur,2
supplement,2
connected,2
importance,2
easily,2
contributions,2
lacking,2
discoveries,2
update,2
unifacial,2
supposed,2
shell,2
modified,2
highest,2
marks,2
foothills,2
retained,2
br,2
descent,2
bostrom,2
colder,2
arqueología,2
exploratory,2
frequently,2
observations,2
frozen,2
proven,2
presumed,2
spiess,2
remnant,2
albuquerque,2
spirit,2
groundwater,2
efficient,2
isolation,2
followed,2
toolmakers,2
antler,2
prototype,2
gwaii,2
decades,2
hot,2
greater,2
ranges,2
raw,2
arrived,2
advance,2
streletskayan,2
acceptable,2
lead,2
identifying,2
pitts,2
thousands,2
allow,2
bearing,2
carrying,2
demise,2
variants,2
richmond,2
recognize,2
changed,2
events,2
zone,2
diet,2
base,2
zooarchaeological,2
handbook,2
david,2
omolon,2
though,2
meltwater,2
michigan,2
uptar,2
dispersal,2
suffered,2
whale,2
handaxes,2
required,2
networks,2
wide,2
simulations,2
adolescent,2
impression,2
shoveling,2
directly,2
unglaciated,2
line,2
gatherers,2
bc,2
inferred,2
diring,2
andes,2
chesrow,2
protein,2
prominent,2
characterization,2
comment,2
homeland,2
geology,2
whole,2
beetle,2
fit,2
cluster,2
perishable,2
rise,2
my,2
relative,2
towards,2
flaking,2
citing,2
earth,2
creating,2
caution,2
computer,2
paintings,2
correct,2
peruvian,2
typically,2
arbitrary,2
emerging,2
spanish,2
sufficient,2
multiple,2
highly,2
components,2
widely,2
always,2
progress,2
st,2
dorn,2
roots,2
newly,2
displaced,2
turrialba,2
settle,2
activities,2
fiber,2
span,2
shoreline,2
quarry,2
laurel,2
mesa,2
economic,2
shields,2
located,2
horses,2
acknowledged,2
classic,2
domingo,2
tropical,2
megafaunal,2
april,2
muaco,2
amerindian,2
seemingly,2
put,2
innovation,2
postulate,2
patches,2
vs,2
continuity,2
under,2
restricted,2
paleontological,2
structure,2
boundary,2
forays,2
included,2
ams,2
quarries,2
jai,2
continents,2
sharply,2
skin,2
ethnographic,2
encampments,2
belonging,2
patterning,2
accidental,2
hueyatlaco,2
hearth,2
increasingly,2
she,2
japanese,2
comparably,2
simulation,2
starting,2
ameliorating,2
french,2
inundated,2
coming,2
passed,2
crucial,2
pointed,2
addition,2
water,2
analogous,2
campsites,2
santos,2
fact,2
shows,2
longer,2
leading,2
admit,2
pressure,2
carbonized,2
jantz,2
predominant,2
foods,2
mummy,2
john,2
contemporary,2
channel,2
behind,2
reasonable,2
adjacent,2
go,2
tne,2
zhoukoudian,2
continuing,2
traversed,2
exotic,2
controversy,2
stanford,2
stoneking,2
remarkably,2
fukui,2
ecology,2
thoroughly,2
mean,2
strengthened,2
extended,2
discussion,2
chilean,2
crudely,2
explanation,2
trajectory,2
wrangel,2
including,2
ethnology,2
khukhtuy,2
europeans,2
mummified,2
entirely,2
skeptical,2
largely,2
factor,2
congress,2
sequence,2
aside,2
bed,2
continue,2
hunted,2
dismissed,2
low,2
open,2
significance,2
clear,2
historic,2
peripheral,2
comparisons,2
logic,2
ardila,2
august,2
provide,2
good,2
ny,2
cache,2
stages,2
mountain,2
probable,2
standard,2
amino,2
migrants,2
floral,2
become,2
narrow,2
recoverable,2
correction,2
chinchorro,2
riacho,2
raised,2
fishtails,2
equivalent,2
looked,2
uncertainties,2
brown,2
hunt,2
yields,2
reliable,2
imply,2
prevalence,2
gruhn,2
ecological,2
anatomical,2
types,2
bifacially,2
suggestive,2
averse,2
contamination,2
andean,2
bulletin,2
detailed,2
yale,2
effectively,2
thinning,2
life,2
shoveled,2
lowered,2
fall,2
itself,2
face,2
resemble,2
lago,2
forests,2
variable,2
rarely,2
paleobiological,2
believed,2
suite,2
conclusion,2
consider,2
demonstrate,2
struck,2
hypothesized,2
precise,2
cordilleran,2
discrete,2
organization,2
southward,2
des,2
md,2
peat,2
rocky,2
excess,2
rocosos,2
proof,2
cm,2
correspond,2
prototypes,2
reversal,2
different,2
suggestions,2
ubiquitous,2
alexander,2
down,2
allendale,2
luminescence,2
hopping,2
visiting,2
expeditions,2
iii,2
dramatic,2
plateaus,2
denver,2
obviously,2
las,2
essentially,2
passage,2
better,2
evident,2
purported,2
lena,2
virtual,2
searching,2
catastrophic,2
fuego,2
rose,2
labrador,2
list,2
degree,2
opportunistic,2
howells,2
molecular,2
thames,2
prismatic,2
abruptly,2
require,2
secure,2
tip,2
episode,2
dentition,2
museo,2
hundreds,2
banco,2
asians,2
popular,2
practical,2
loy,2
contemporaneity,2
prevalent,2
role,2
convinced,2
african,2
assumptions,2
went,2
alegre,2
manufacturing,2
bridges,2
indians,2
haplogroup,2
recovered,2
our,2
hong,2
charlie,2
lamb,2
layers,2
survival,2
argument,2
quest,2
herds,2
frame,2
course,2
uncalibrated,2
boquete,2
smaller,2
clues,2
defined,2
daughter,2
traveling,2
unspecialized,2
observation,2
specific,2
supported,2
drift,2
potential,2
caribou,2
junius,2
massive,2
views,2
maximum,2
microliths,2
skeptics,2
interaction,2
immediately,2
strong,2
territorially,2
taylor,2
exchanges,2
profiles,2
broader,2
looking,2
fishbone,1
spikes,1
carved,1
miller,1
nonmicrolithic,1
modelling,1
midwisconsin,1
femora,1
receded,1
requires,1
medicinal,1
done,1
encountering,1
child,1
page,1
cover,1
limits,1
nonlithic,1
obstacle,1
convergence,1
calibrated,1
stuart,1
paleobiology,1
threat,1
medieval,1
implying,1
meaning,1
birds,1
commentary,1
tres,1
names,1
habitable,1
strata,1
pittsburgh,1
tropics,1
tighter,1
faced,1
louis,1
designated,1
rainforest,1
ready,1
unpleasant,1
separated,1
judging,1
haplogroups,1
clams,1
explorer,1
widening,1
christy,1
expedition,1
findings,1
uplands,1
determine,1
offset,1
sudamérica,1
phytoliths,1
alternate,1
spurred,1
notably,1
wohlfarth,1
socioterritorial,1
conversion,1
mesoamerica,1
speculated,1
deepest,1
chard,1
drastically,1
kinds,1
rethink,1
putative,1
confidence,1
identify,1
tend,1
reassessment,1
food,1
ovate,1
cephalic,1
ma,1
lumley,1
spruce,1
rogers,1
grown,1
uniquely,1
english,1
remnants,1
staging,1
unmodified,1
situation,1
marsupial,1
completely,1
unanswered,1
reason,1
bamboo,1
inconsistent,1
contend,1
conclusively,1
paradigms,1
honshu,1
discriminate,1
candidate,1
meighan,1
dogrib,1
ardent,1
fundación,1
supervised,1
hyland,1
credulity,1
refutes,1
hair,1
trace,1
intermontane,1
protection,1
vitally,1
progenitors,1
cycles,1
presents,1
predicting,1
exciting,1
habits,1
reliably,1
amply,1
total,1
accentuated,1
excavaciones,1
standards,1
impeded,1
lowlands,1
knappers,1
validity,1
eye,1
eager,1
chief,1
gasya,1
pioneers,1
alternatives,1
cross,1
du,1
dunng,1
contact,1
turning,1
hints,1
credence,1
efficacy,1
northward,1
negative,1
experience,1
emigrated,1
round,1
engusn,1
attribute,1
sit,1
ideas,1
gap,1
dredged,1
explaining,1
hebior,1
cherokee,1
pubic,1
jesse,1
dwarf,1
coalesced,1
davis,1
invention,1
tantalizing,1
yanomamo,1
repeatedly,1
slaughtered,1
preyounger,1
severely,1
adopt,1
debating,1
equilibrium,1
concentrated,1
season,1
elin,1
corridors,1
utilization,1
holdovers,1
rare,1
latitudes,1
advanced,1
permeation,1
youngest,1
departure,1
switzerland,1
puebla,1
parties,1
dramatically,1
resemblance,1
reach,1
displacement,1
affinities,1
scientists,1
goddard,1
twenty,1
assess,1
advantage,1
sheppard,1
ottawa,1
accompanied,1
estimation,1
display,1
right,1
indeed,1
accumulated,1
rich,1
confront,1
revisions,1
able,1
moral,1
tulare,1
reed,1
batza,1
parkalike,1
concomitant,1
mississippi,1
strueverand,1
workable,1
ripple,1
resulting,1
yearbook,1
deemed,1
coalescence,1
help,1
roosevelt,1
angara,1
tangible,1
consist,1
scenario,1
mind,1
implication,1
greatly,1
stopping,1
migrated,1
concepts,1
bladelets,1
access,1
detection,1
somewhat,1
ambiguous,1
advances,1
otamid,1
extreme,1
mesocranic,1
passable,1
latitudinal,1
explosive,1
gustafson,1
debitage,1
sociedad,1
empty,1
invasions,1
takes,1
killer,1
milner,1
intrapopulation,1
java,1
sophisticated,1
accuracy,1
reconstruction,1
dialect,1
edges,1
effort,1
shaken,1
brasilia,1
linear,1
markers,1
college,1
assertions,1
key,1
task,1
siberians,1
coalescent,1
peculiarities,1
constraint,1
bias,1
primary,1
iv,1
hippopotamus,1
planetary,1
emigrant,1
drastic,1
inga,1
jumping,1
design,1
toldos,1
willig,1
placement,1
felt,1
capable,1
marked,1
compelling,1
constraints,1
sowers,1
fl,1
activity,1
securely,1
arta,1
counterpoint,1
overlies,1
explorers,1
lends,1
strains,1
reaction,1
orono,1
deformation,1
flamboyant,1
niño,1
bibliography,1
pebbles,1
preceramic,1
perforators,1
bichos,1
hokkaido,1
dioxide,1
obliterated,1
bit,1
interdisciplinary,1
perceived,1
uses,1
establishment,1
burins,1
laws,1
cumberland,1
anomalous,1
dynamic,1
sparseness,1
bonnichsen,1
aveleyra,1
constrained,1
representing,1
juvenile,1
investing,1
paleoenvironment,1
mat,1
tehuacan,1
nondiagnostic,1
midatlantic,1
cremation,1
anomalously,1
letter,1
ross,1
congruence,1
manmade,1
tied,1
unrecognized,1
separating,1
pelican,1
pursuing,1
redating,1
riverbank,1
colonized,1
mid,1
optimism,1
exist,1
avenues,1
segregation,1
moas,1
goal,1
retaining,1
retouching,1
terra,1
telford,1
beveled,1
indefinite,1
typological,1
reservoir,1
dependence,1
état,1
surely,1
equatorial,1
moraes,1
surmises,1
immediate,1
oy,1
nobles,1
inevitable,1
backwash,1
aggregating,1
flying,1
analyzing,1
medina,1
realized,1
swamped,1
unpublished,1
neighbors,1
terraces,1
agent,1
predators,1
admixture,1
intact,1
interest,1
dips,1
arable,1
authoritative,1
move,1
dozen,1
occupancy,1
browns,1
thinned,1
heterogeneity,1
attested,1
eighty,1
verkhne,1
adams,1
elston,1
mankind,1
conducted,1
suitably,1
tucson,1
coexistence,1
pig,1
employing,1
australoid,1
montana,1
vegetative,1
z,1
eskimoaleut,1
squads,1
clo,1
priority,1
transitional,1
cases,1
mixed,1
quiqche,1
precludes,1
clay,1
elements,1
suddenness,1
tibet,1
manifestly,1
underlying,1
embedded,1
legacy,1
clustering,1
raises,1
averaging,1
profound,1
causing,1
contrary,1
herbaceous,1
body,1
ha,1
dnas,1
mating,1
subsistencesettlement,1
difficulty,1
rediscovering,1
served,1
spectacular,1
argentine,1
geographically,1
chipping,1
continuous,1
clock,1
misleading,1
canine,1
rendezvous,1
salto,1
sanguine,1
drawn,1
kaolin,1
designed,1
unbounded,1
funk,1
dry,1
practically,1
refugia,1
details,1
tentatively,1
redated,1
deeply,1
palaeoenvironmental,1
kentucky,1
wounded,1
delivered,1
concentric,1
generation,1
cockrell,1
sueva,1
antropología,1
rchaeological,1
rates,1
watergaps,1
error,1
implementation,1
formed,1
macrophyla,1
ovoid,1
dounaary,1
mechanism,1
kept,1
typified,1
oj,1
failed,1
collecting,1
imagine,1
assessed,1
seielstad,1
mesolithic,1
via,1
inferences,1
knoxville,1
expansions,1
berries,1
whose,1
deviations,1
buryat,1
mild,1
locality,1
réévaluation,1
predicted,1
epicanthic,1
genera,1
act,1
traverse,1
dilemma,1
exogamous,1
subjected,1
bring,1
destroy,1
tabulated,1
modeling,1
ways,1
main,1
vanished,1
guardina,1
judgments,1
generations,1
innovated,1
reversals,1
db,1
edward,1
shibboleth,1
adapt,1
incipient,1
haanas,1
serra,1
rockvarnish,1
stumbling,1
rapids,1
fair,1
longest,1
andésite,1
midwest,1
bs,1
nottoway,1
remote,1
crownsville,1
kodiak,1
proximity,1
reworked,1
vanuatu,1
anyone,1
lasted,1
faster,1
legal,1
flexible,1
à,1
georg,1
ponder,1
localidad,1
republic,1
leave,1
consensual,1
aurignacian,1
terms,1
parts,1
plausibility,1
ongoing,1
channell,1
chalcedonies,1
pools,1
enigmatic,1
enacted,1
distant,1
white,1
burials,1
serendipitously,1
radiating,1
absorbed,1
troublesome,1
inserted,1
bleak,1
boreas,1
slope,1
palaeoenvironment,1
disappointingly,1
krieger,1
references,1
tissue,1
breternitz,1
ozark,1
downward,1
patchiness,1
escape,1
traveled,1
distantly,1
speculative,1
wet,1
delegation,1
fast,1
pampa,1
established,1
discouraged,1
familiar,1
image,1
languages,1
multitiered,1
grains,1
india,1
affiliations,1
mano,1
lima,1
bordes,1
tecacaxco,1
amid,1
fedje,1
section,1
days,1
butcher,1
nemocon,1
dena,1
impact,1
reexamination,1
phenotypic,1
allakhovsk,1
contemporaries,1
unambiguous,1
fare,1
accumulating,1
advancing,1
cousins,1
orientation,1
déglaciation,1
accurate,1
suspiciously,1
polymorphisms,1
favored,1
breached,1
fósiles,1
submerged,1
warmed,1
expedient,1
atea,1
undertaken,1
chips,1
cost,1
putting,1
fronts,1
painted,1
sequim,1
footprints,1
aquoll,1
dolichocranic,1
reconsideration,1
coldest,1
verdejoboid,1
shifted,1
destructive,1
index,1
buoyed,1
wyoming,1
corresponding,1
painstakingly,1
midsection,1
contaminants,1
warmer,1
providing,1
mer,1
advocated,1
mainland,1
disappeared,1
magadan,1
radial,1
union,1
challenges,1
opening,1
expressed,1
troubling,1
cosmogenic,1
closely,1
carmen,1
paleohunters,1
unfold,1
walk,1
transmission,1
preor,1
replicate,1
rule,1
devastation,1
sd,1
pulse,1
relating,1
resharpened,1
missouri,1
lived,1
deal,1
outcrops,1
her,1
guliya,1
dispute,1
pioneer,1
racemization,1
noting,1
aarigos,1
francisco,1
persist,1
barbados,1
sombrero,1
feasibility,1
philosophical,1
correlates,1
experts,1
representative,1
guanaco,1
circulation,1
wilmsen,1
accurately,1
arranged,1
meter,1
shasta,1
lapita,1
topics,1
schaefer,1
neighboring,1
mcavoy,1
understood,1
stippled,1
focused,1
buried,1
caves,1
linguists,1
something,1
cfeiring,1
reviews,1
untyped,1
lethal,1
uster,1
ablation,1
neither,1
inches,1
meet,1
erratic,1
scale,1
kets,1
fish,1
wealth,1
however,1
pollen,1
bergen,1
confirmation,1
absolute,1
approached,1
virus,1
dwellers,1
uninhabitable,1
stonework,1
enough,1
surmised,1
burrowing,1
periodization,1
bonatto,1
scene,1
glaciated,1
isotope,1
eurasia,1
eliminate,1
sparse,1
criteria,1
mummies,1
aspects,1
shape,1
weidenfeld,1
percent,1
paleohydrological,1
network,1
learn,1
interface,1
charred,1
paleoenvironmental,1
swiss,1
closed,1
minute,1
obsidian,1
douglas,1
preconditions,1
bolster,1
obscure,1
investigated,1
reddened,1
cord,1
llano,1
paleolithichowever,1
brought,1
stake,1
interand,1
heavily,1
delaware,1
occupants,1
explains,1
wasting,1
instruments,1
baylor,1
vermelha,1
reduction,1
remarkable,1
merriwether,1
inorganic,1
anew,1
aged,1
positions,1
ascertain,1
pocket,1
scouting,1
woodland,1
metavolcanic,1
revista,1
got,1
dozens,1
frequent,1
photographed,1
holliday,1
place,1
refined,1
editorial,1
inherited,1
expansive,1
easiest,1
issues,1
demonstrates,1
beginnings,1
provenienced,1
concentrate,1
falling,1
gore,1
knees,1
twined,1
beads,1
ontario,1
winter,1
scavenging,1
documented,1
holdover,1
attica,1
ethnohistoric,1
link,1
lifeways,1
focuses,1
away,1
reflect,1
cry,1
elegant,1
formations,1
entered,1
il,1
nor,1
microcore,1
extinctions,1
revegetation,1
alan,1
speculatively,1
withstand,1
universally,1
dinng,1
nenanalike,1
challenging,1
typify,1
concave,1
markedly,1
attributed,1
pointsa,1
extremo,1
drowning,1
announcement,1
relaciones,1
longterm,1
errors,1
thread,1
tamaulipas,1
scheduled,1
nonrepresentative,1
shoestring,1
quarterly,1
tanged,1
skipped,1
multilinear,1
ratios,1
successful,1
jon,1
tacitly,1
waterfowl,1
sahul,1
distances,1
tom,1
gramly,1
blamed,1
unexpected,1
fuegopatagonia,1
seized,1
keven,1
disregarded,1
moriah,1
coupled,1
josé,1
nine,1
catholic,1
warrant,1
contrast,1
relevant,1
mississippl,1
barriers,1
cucuruchu,1
chronicling,1
reconstructions,1
intervals,1
habitability,1
encompassing,1
mitchell,1
leaves,1
mineral,1
june,1
iransiauon,1
members,1
debatable,1
mal,1
disaster,1
county,1
meio,1
intruding,1
supposedly,1
iron,1
massachusetts,1
gene,1
refinement,1
distinguished,1
attached,1
contenders,1
petroglyphs,1
telling,1
seeds,1
methodological,1
wenatchee,1
optical,1
athapaskans,1
arlington,1
reportedly,1
rockies,1
venezuelan,1
extracted,1
behavior,1
energy,1
progressed,1
ta,1
genome,1
kiva,1
calculating,1
preferable,1
cycle,1
notes,1
reflected,1
appropriate,1
value,1
searches,1
provided,1
purified,1
ureat,1
hybrids,1
latest,1
reseña,1
eyefolds,1
gibbs,1
szabo,1
distemper,1
input,1
lopes,1
nations,1
mandryk,1
inspection,1
hauled,1
replacing,1
kyushu,1
voi,1
converge,1
scored,1
morphometric,1
usable,1
processual,1
horizons,1
adhering,1
noteworthy,1
eclectic,1
interglacial,1
dogs,1
hafts,1
piano,1
excludes,1
minor,1
ventured,1
neanderthals,1
breakage,1
folds,1
ridge,1
spouses,1
lending,1
attributable,1
visually,1
fortuitously,1
synchronized,1
gracile,1
action,1
hominidae,1
descending,1
janela,1
separation,1
overlapped,1
gradual,1
lag,1
revival,1
labeled,1
comparative,1
hourglass,1
terrestrialatmosphere,1
koster,1
tuva,1
successes,1
corporation,1
neel,1
notoriously,1
forward,1
harris,1
sac,1
fractured,1
disturbance,1
prevailing,1
taxonomically,1
supplementing,1
oneota,1
pile,1
reaffirm,1
paleoenvironments,1
glaciers,1
reappraisal,1
tor,1
capacity,1
whaling,1
rash,1
make,1
garden,1
expanded,1
surviving,1
radically,1
topper,1
incredibly,1
mainstays,1
persimmon,1
outer,1
registered,1
modes,1
grooved,1
dongola,1
suppose,1
verkhoyansk,1
direction,1
rodent,1
kills,1
mammal,1
pelvis,1
gomphotheres,1
gastropods,1
taillés,1
simultaneous,1
gave,1
magellan,1
asiatic,1
relied,1
nonlocal,1
wake,1
megaherbivores,1
seaweed,1
unquestioning,1
makes,1
oldowan,1
marginal,1
retreat,1
coincidental,1
alongside,1
residence,1
acknowledgments,1
exactly,1
microbands,1
fluting,1
sex,1
mobile,1
fifth,1
challenged,1
latitude,1
biomolecules,1
temperate,1
reanaly,1
coeval,1
demographic,1
antiauitv,1
processing,1
home,1
planned,1
interstadials,1
divide,1
publishing,1
masse,1
carbonate,1
guatemala,1
except,1
shifting,1
rectangular,1
dropped,1
experimental,1
ed,1
outlined,1
tortoise,1
wright,1
darkened,1
derevianko,1
beards,1
reply,1
illustrated,1
lindenmeier,1
flints,1
visitors,1
confirmed,1
faint,1
touching,1
reliance,1
kostenld,1
boator,1
frameworks,1
palaeoanthropology,1
baby,1
geologists,1
skewed,1
lot,1
voyages,1
double,1
inference,1
fill,1
delivery,1
ensuing,1
street,1
nova,1
party,1
mound,1
sis,1
disposition,1
mixture,1
lewis,1
museums,1
wrapped,1
tuck,1
unreliable,1
impediment,1
comfortable,1
unparalleled,1
technique,1
frederick,1
stated,1
strike,1
mark,1
tibie,1
fragmentation,1
renewed,1
trapping,1
similarly,1
hearths,1
growth,1
added,1
paleobotanical,1
timescale,1
smith,1
missing,1
analytical,1
stratification,1
charting,1
lacked,1
generational,1
locational,1
naive,1
barra,1
idea,1
marker,1
consideration,1
head,1
cumulative,1
niwot,1
saa,1
iberian,1
plan,1
morrow,1
conference,1
depict,1
seasonality,1
crush,1
choice,1
lacks,1
pretty,1
reasoning,1
educated,1
compatible,1
habitat,1
isolate,1
englandmaritimes,1
gray,1
fallen,1
prospects,1
debates,1
slendia,1
doubt,1
identical,1
gravers,1
pennsylvania,1
snail,1
hiatus,1
observes,1
mongolians,1
unifacially,1
chukchi,1
serious,1
shelf,1
zealand,1
stored,1
variations,1
outermost,1
forms,1
men,1
reproductive,1
diets,1
bannock,1
kit,1
drinking,1
wild,1
monographs,1
ground,1
sandia,1
cruz,1
formation,1
handed,1
derivative,1
conch,1
road,1
unit,1
tundra,1
excavation,1
existing,1
coarse,1
bead,1
shared,1
establish,1
surprises,1
contracted,1
ultimately,1
obsessive,1
boats,1
tell,1
strategies,1
hides,1
ainu,1
imperialists,1
mammuthus,1
jsanta,1
scraper,1
laminated,1
chungara,1
carnivore,1
vast,1
silenced,1
frequency,1
abrupt,1
difficulties,1
stylistically,1
avances,1
style,1
bearers,1
gives,1
counterpart,1
dunbar,1
acquire,1
dietz,1
regionally,1
linked,1
cleric,1
identifiable,1
anticipate,1
convergences,1
civilized,1
mortars,1
entity,1
grounds,1
paleoamerican,1
acknowledgment,1
crown,1
crescents,1
craniofacial,1
paleoanthropine,1
inqua,1
eskimoforster,1
intimate,1
coherent,1
indiana,1
multiscalar,1
substantive,1
stumbled,1
cree,1
thanks,1
biblioteca,1
organisms,1
proboscidean,1
ecologically,1
renders,1
uplift,1
concluding,1
chewed,1
dongala,1
uralic,1
fionda,1
utters,1
swamping,1
predominates,1
kyoto,1
characterizing,1
campsite,1
strongly,1
colonize,1
judge,1
mosaic,1
top,1
oscillation,1
selemdga,1
empirical,1
elucidated,1
outliers,1
traded,1
hosted,1
secondarily,1
flegenheimer,1
prevailed,1
station,1
magdalenian,1
rivers,1
additions,1
virtually,1
refers,1
inherently,1
immunological,1
manifestation,1
twigs,1
survey,1
harvard,1
ethnic,1
assign,1
trend,1
real,1
engaged,1
nothing,1
multicomponent,1
laboratory,1
whitewater,1
trip,1
full,1
heinrich,1
overlap,1
previous,1
tena,1
unstemmed,1
team,1
reconnoitering,1
eight,1
mill,1
theories,1
led,1
lopsided,1
nuclear,1
anangula,1
serviceable,1
trade,1
mendocino,1
nadene,1
strands,1
urbana,1
imazio,1
provoked,1
remaining,1
reality,1
planed,1
authors,1
stress,1
discussed,1
cheekbones,1
publication,1
express,1
shawnee,1
pin,1
symposium,1
controversies,1
geoarchaeological,1
physics,1
allowed,1
lakotid,1
paleontologists,1
summer,1
camel,1
nonutilitarian,1
mount,1
collected,1
distinction,1
foremost,1
brain,1
trek,1
practiced,1
maxillary,1
carson,1
renewal,1
enquiries,1
misunderstanding,1
preservation,1
warmmineral,1
provides,1
udora,1
submergence,1
adequately,1
mercer,1
ikhine,1
minimal,1
melanesians,1
inuit,1
intuitive,1
strangely,1
patterns,1
levallois,1
carlson,1
graves,1
annually,1
linearbandkeramik,1
article,1
baggage,1
parallel,1
neumann,1
farthest,1
hand,1
palo,1
trouble,1
interpretations,1
offtakes,1
assessing,1
respectively,1
shallow,1
dentochronological,1
incompatible,1
sobre,1
spectrometric,1
excluded,1
enjoyed,1
scotia,1
paleolimnology,1
shoshoni,1
clocking,1
looks,1
erlandson,1
horse,1
twofold,1
editora,1
oscillations,1
workshop,1
assesses,1
doubling,1
figures,1
geography,1
maximal,1
invented,1
sloth,1
amateur,1
organics,1
découverte,1
professional,1
chain,1
controversial,1
outright,1
normal,1
mil,1
markham,1
vector,1
prescient,1
awaiting,1
competed,1
concluded,1
arcnaeoiogy,1
hueyaüaco,1
covered,1
dismiss,1
infants,1
paijanense,1
surprising,1
limiting,1
increasing,1
suspects,1
aer,1
tempo,1
consists,1
trustees,1
storck,1
extractive,1
arriving,1
yr,1
periodic,1
topography,1
triangles,1
backflow,1
assigned,1
albans,1
vegas,1
circle,1
yuri,1
undoubted,1
tested,1
seasonally,1
procedures,1
neanderthal,1
marginally,1
alex,1
dikov,1
residual,1
beech,1
integration,1
processed,1
pans,1
fairly,1
continued,1
figure,1
emphasized,1
values,1
testing,1
australians,1
claimed,1
program,1
suspected,1
tech,1
pieces,1
microcores,1
dashed,1
disowned,1
parent,1
florescence,1
bibliographic,1
insufficient,1
tusks,1
widespread,1
watson,1
racial,1
burr,1
complicate,1
predict,1
slow,1
unquestioned,1
referred,1
starch,1
inviting,1
directions,1
insist,1
indiscriminate,1
deposit,1
bears,1
accommodating,1
drifting,1
quadeef,1
tombl,1
sauk,1
sequences,1
transformation,1
originated,1
reservations,1
sofia,1
covering,1
wyandotte,1
endscrapers,1
paradigmatic,1
littoral,1
wisconsinan,1
settled,1
introductory,1
satisfaction,1
responsible,1
dans,1
shed,1
existed,1
michael,1
acquisition,1
greenland,1
paucity,1
peripheries,1
pleistoceneholocene,1
probabilistic,1
paleocoastal,1
inhospitable,1
insight,1
arts,1
kipnis,1
interpretive,1
sound,1
unacceptable,1
biology,1
considered,1
exult,1
faunes,1
rightful,1
macroblade,1
uncritical,1
ychromosome,1
founders,1
enigma,1
freshwater,1
ails,1
revolutionized,1
baseline,1
argillite,1
deposited,1
unwitting,1
blocked,1
panama,1
choukoutien,1
reliant,1
outlier,1
practice,1
implausibly,1
hauswirth,1
inventory,1
antecedent,1
gravels,1
intervened,1
koryaks,1
exemplified,1
incised,1
underscore,1
desiccated,1
proficient,1
bipointed,1
huns,1
predictions,1
simply,1
ever,1
characteristics,1
pace,1
polymorphic,1
implied,1
dubious,1
scrutiny,1
fluctuating,1
uiaciai,1
bathwater,1
occurrences,1
pt,1
ila,1
geoarchaeology,1
mutate,1
moose,1
verify,1
news,1
coincides,1
quickly,1
archeologists,1
drowned,1
bladedominated,1
postglacial,1
control,1
pleistocène,1
sure,1
paradigm,1
cemetery,1
marmes,1
expanding,1
substitute,1
capability,1
aleutians,1
cautiously,1
sampling,1
believe,1
unknown,1
specially,1
sloan,1
yenisei,1
appalachians,1
instantaneous,1
basins,1
postmigration,1
disappointment,1
paleoclimatic,1
universal,1
surprisingly,1
assignments,1
dennis,1
ideological,1
cavity,1
wildfires,1
stretching,1
entering,1
clovisarchaic,1
sc,1
expresses,1
willliam,1
polynesian,1
exhaustive,1
rely,1
twelfth,1
cautious,1
considerable,1
comptes,1
indisputably,1
constant,1
naco,1
narrowed,1
pit,1
abrigos,1
orinoco,1
transspecific,1
meager,1
courinho,1
rendus,1
alluvial,1
merely,1
person,1
hint,1
catalogue,1
associés,1
kuzmin,1
phd,1
usual,1
growing,1
hills,1
spike,1
drop,1
harbingers,1
venezuela,1
succeeded,1
explanations,1
economy,1
longestablished,1
investigation,1
arrow,1
cremations,1
spatial,1
skeptically,1
selected,1
migratory,1
ones,1
orleans,1
cause,1
independently,1
excursions,1
jaws,1
anchovies,1
afontova,1
westward,1
validate,1
contrasting,1
slate,1
signature,1
interval,1
ceased,1
leaving,1
extent,1
consisting,1
fully,1
linger,1
scavenged,1
childers,1
carnivores,1
fìnipleistocénica,1
indications,1
bureaucratic,1
dark,1
hypothesize,1
moyen,1
women,1
barely,1
lynch,1
skillfully,1
profile,1
emphasis,1
espíritu,1
continentwide,1
bacteria,1
art,1
welcome,1
niède,1
solid,1
facial,1
dimly,1
tent,1
paleoclimates,1
noses,1
craftsmanship,1
doyens,1
offshore,1
occasionally,1
circumstances,1
beijing,1
paradise,1
recognition,1
chromosomes,1
peace,1
conclude,1
respect,1
canaries,1
surrounding,1
particles,1
rod,1
interstadial,1
indicative,1
williamson,1
turns,1
tried,1
morphometrics,1
lies,1
radiation,1
pancontinental,1
everywhere,1
confronted,1
exceeded,1
conventional,1
cormorants,1
encounter,1
obtain,1
foreshafts,1
pintada,1
copper,1
roofed,1
breakthrough,1
disrupted,1
khummi,1
inexplicably,1
resolved,1
au,1
aspect,1
voyage,1
waves,1
think,1
sparked,1
drumfish,1
veins,1
connotes,1
promoted,1
oi,1
polynesia,1
calcined,1
iroquoian,1
skepticism,1
contorted,1
distinguish,1
differentiation,1
biotic,1
quashed,1
justifiably,1
algae,1
ig,1
petersen,1
zones,1
hakluyt,1
alter,1
web,1
diminished,1
temperature,1
mongols,1
larch,1
brésil,1
catch,1
mode,1
publicized,1
ventanas,1
shrunk,1
whitley,1
serrated,1
offer,1
horno,1
approximately,1
untestable,1
ios,1
dense,1
cognitive,1
consumption,1
ergaster,1
green,1
convergent,1
underhill,1
sur,1
manufacture,1
opinions,1
product,1
artefacts,1
montane,1
proponent,1
esperança,1
france,1
you,1
settling,1
geographie,1
derive,1
guidon,1
toolmaking,1
walking,1
quartz,1
foraging,1
classification,1
brook,1
roughly,1
desert,1
summary,1
comparison,1
offered,1
wondered,1
territories,1
arroyo,1
measurable,1
plea,1
pioneering,1
root,1
certainty,1
mason,1
mystery,1
discontinuous,1
consisted,1
butchering,1
gorget,1
vary,1
cook,1
madden,1
calibrating,1
cryptocrystalline,1
uncertainty,1
patrilineal,1
pulses,1
substantial,1
element,1
predisposed,1
equipment,1
beaton,1
otthe,1
abandoned,1
gulf,1
controls,1
duration,1
mobility,1
rigidity,1
facile,1
unequivocal,1
rude,1
indistinguishable,1
dos,1
swans,1
resembled,1
oí,1
resources,1
isostatic,1
termed,1
tartars,1
race,1
quiche,1
costly,1
recharge,1
evaluating,1
yuriakh,1
