WORDCOUNTS,WEIGHT
and,1167
the,894
of,808
in,790
a,483
to,322
gis,321
archaeological,206
for,202
that,189
pp,179
or,155
is,133
are,133
with,122
information,122
data,112
on,111
be,104
an,101
from,101
as,98
methods,96
by,92
no,87
archaeology,86
k,86
new,85
applications,84
computer,80
j,73
m,72
d,72
through,68
analysis,66
s,65
at,64
these,64
this,62
have,62
systems,59
spatial,59
w,57
quantitative,57
site,54
l,54
b,54
it,53
can,52
taylor,52
e,51
g,51
sites,51
university,49
geographic,49
they,48
more,46
h,45
regional,45
their,44
not,43
c,41
vol,40
settlement,40
geographical,40
environmental,39
i,39
prehistoric,39
et,39
international,39
p,37
between,37
recent,37
other,36
z,36
european,36
one,35
research,35
may,34
use,34
national,34
features,33
landscape,32
its,32
using,32
has,31
where,31
space,31
map,31
but,30
kvamme,30
cultural,29
r,29
will,29
study,29
modeling,28
t,27
management,27
interpreting,27
directions,27
models,27
approaches,26
might,26
database,26
technology,26
region,26
which,26
theoretical,26
all,25
age,25
because,25
van,25
were,25
been,25
most,24
location,24
only,24
do,24
such,23
remote,23
example,23
viewshed,23
computing,23
we,23
studies,22
some,22
databases,22
locational,22
area,22
possible,21
predictive,21
model,21
modern,20
approach,20
southern,20
bar,20
patterns,20
methodological,20
into,19
within,19
application,19
surface,19
many,19
maps,19
when,19
center,18
large,18
great,18
york,18
statistical,18
colloquia,18
results,18
congress,18
any,18
locations,18
protohistoric,18
first,17
xiii,17
system,17
old,17
interfacing,17
even,17
sensing,17
resource,17
employed,17
soil,17
harris,17
social,17
also,17
visualization,17
then,17
past,17
them,17
form,17
although,17
praehistorica,17
if,16
settlements,16
relationships,16
was,16
allow,16
tools,16
regions,16
f,16
about,16
same,16
al,16
distributions,16
made,16
individual,16
occasional,16
each,16
theory,16
while,16
illinois,16
potential,16
complex,15
analecta,15
raster,15
dd,15
case,15
than,15
across,15
how,15
n,15
cost,15
important,15
museum,15
like,15
environment,15
over,15
focus,15
modelling,14
analyses,14
there,14
artifact,14
world,14
simulation,14
areas,14
newsletter,14
maschner,14
early,14
simple,13
survey,13
development,13
distribution,13
sample,13
grid,13
means,13
image,13
gaffney,13
view,13
lock,13
access,13
future,13
various,13
processing,13
variables,13
points,13
so,13
proceedings,13
aarhus,13
human,12
based,12
level,12
long,12
visible,12
time,12
high,12
thiessen,12
natural,12
places,12
what,12
our,12
now,11
way,11
contexts,11
archaeologists,11
nature,11
available,11
geophysical,11
iron,11
software,11
well,11
planning,11
sydney,11
around,11
number,11
capabilities,11
different,11
land,11
easily,10
viewsheds,10
catchment,10
display,10
owing,10
soils,10
point,10
perspective,10
graphics,10
scale,10
basis,10
tool,10
project,10
catchments,10
field,10
several,10
us,10
insights,10
pattern,10
elevation,10
similar,10
cartographic,10
mount,10
obtained,10
multiple,10
role,10
allows,10
terrain,9
sets,9
iv,9
central,9
american,9
oxford,9
intervisibility,9
fort,9
derived,9
understand,9
impact,9
frequently,9
beyond,9
ancient,9
population,9
represents,9
toward,9
state,9
see,9
netherlands,9
intrasite,9
structure,9
digital,9
types,9
commission,9
cognitive,9
despite,9
easy,9
cover,8
common,8
test,8
handling,8
illustrate,8
exist,8
comprehensive,8
review,8
domain,8
allowing,8
importance,8
certain,8
mapping,8
late,8
circular,8
cambridge,8
island,8
structures,8
useful,8
polygons,8
scientific,8
examined,8
under,8
already,8
two,8
spatially,8
analytical,8
surfaces,8
forms,8
ground,8
largely,8
historic,8
problems,8
often,8
science,8
who,8
anthropological,8
simply,8
satellite,8
roman,8
historical,8
better,8
both,8
little,8
years,8
views,8
resources,8
difficult,7
predicting,7
properties,7
those,7
visibility,7
interest,7
continuous,7
leusen,7
influence,7
cad,7
dalla,7
record,7
lithic,7
priori,7
could,7
color,7
placed,7
locus,7
good,7
few,7
appropriate,7
iroquoian,7
department,7
power,7
layer,7
diverse,7
ultimately,7
wheatley,7
conditions,7
actual,7
examine,7
mappings,7
examines,7
decision,7
provide,7
aerial,7
measurements,7
demonstrate,7
slope,7
particularly,7
very,7
making,7
layers,7
shown,7
numerous,7
traditional,7
much,7
north,7
occur,7
go,6
introduction,6
before,6
being,6
real,6
feature,6
cell,6
behavior,6
difficulties,6
against,6
de,6
elements,6
mexico,6
operations,6
process,6
represented,6
after,6
landscapes,6
special,6
river,6
show,6
method,6
academic,6
further,6
displayed,6
uispp,6
line,6
artifacts,6
work,6
part,6
london,6
place,6
köhler,6
trends,6
highly,6
generally,6
imagery,6
barrows,6
located,6
cartography,6
make,6
movement,6
reports,6
lack,6
fundamental,6
considerable,6
present,6
understanding,6
background,6
prospection,6
significant,6
ideas,6
examination,6
previous,6
function,6
earlier,6
random,6
arizona,6
become,6
northern,6
attention,6
vector,6
domains,6
testing,6
support,6
respect,6
sections,6
must,6
characteristics,6
known,6
bronze,6
sciences,6
paper,6
report,6
linked,6
advances,6
particular,6
agricultural,6
yield,6
valley,6
classes,6
lies,6
offer,6
need,6
defined,6
territories,6
entire,6
should,6
represent,5
designed,5
stone,5
likely,5
sensed,5
excavation,5
virtually,5
algebra,5
sources,5
best,5
differences,5
rich,5
government,5
link,5
regression,5
principal,5
quantifying,5
farley,5
employ,5
rather,5
statements,5
levels,5
changes,5
flexibility,5
too,5
upper,5
greater,5
out,5
base,5
focused,5
applied,5
wide,5
scatters,5
knowledge,5
literature,5
overview,5
change,5
next,5
boundaries,5
loci,5
cycle,5
preliminary,5
society,5
therefore,5
he,5
economic,5
zubrow,5
interpretation,5
soon,5
newlayer,5
illustrated,5
increasingly,5
cumulative,5
developed,5
coordinates,5
john,5
end,5
v,5
relevant,5
distance,5
another,5
territoriality,5
vast,5
values,5
host,5
empirical,5
entirely,5
assumption,5
anasazi,5
clear,5
three,5
general,5
standard,5
graphic,5
suggest,5
tests,5
independent,5
program,5
remotely,5
monuments,5
get,5
extensive,5
control,5
tendencies,5
readily,5
global,5
associations,5
merely,5
america,5
selected,5
annual,5
produce,5
almost,5
art,5
size,5
middle,5
step,5
programs,5
recording,5
typically,5
among,5
major,5
representing,4
concerned,4
later,4
determine,4
methodologies,4
hillforts,4
conducted,4
kinds,4
investigating,4
sited,4
collection,4
protection,4
western,4
exciting,4
either,4
every,4
creation,4
originally,4
address,4
generated,4
together,4
achieved,4
political,4
surveys,4
context,4
eastern,4
magnetic,4
internet,4
southwestern,4
quality,4
analyzing,4
viewing,4
century,4
difficulty,4
compared,4
danebury,4
excavations,4
effective,4
engineering,4
explore,4
permits,4
essential,4
yet,4
discoveries,4
factors,4
multivariate,4
established,4
section,4
allocation,4
powerful,4
perceive,4
yielding,4
found,4
typical,4
relational,4
near,4
limp,4
required,4
public,4
gps,4
influenced,4
ruggles,4
los,4
dominance,4
user,4
revealed,4
describe,4
northwest,4
issues,4
mathematical,4
below,4
distances,4
things,4
contrast,4
small,4
castle,4
arcnews,4
coordinate,4
productivity,4
value,4
dtm,4
neolithic,4
south,4
variety,4
standing,4
portrayed,4
makes,4
performed,4
aeronautics,4
visualize,4
volume,4
resolution,4
managers,4
others,4
europe,4
tremendous,4
towards,4
water,4
shows,4
utilizing,4
choice,4
really,4
pinon,4
necessary,4
perhaps,4
thousands,4
exploring,4
examples,4
including,4
stennis,4
hillfort,4
food,4
questions,4
trend,4
low,4
reality,4
amounts,4
flood,4
latter,4
sophisticated,4
percent,4
probably,4
versus,4
ago,4
investigations,4
me,4
today,4
foregoing,4
gillings,4
why,4
tisza,4
introductory,4
simulated,4
exists,4
face,4
detail,4
following,4
sorting,4
symbolic,4
temporal,4
offers,4
defining,4
dimension,4
stem,4
anthropology,4
capability,4
exploration,4
argue,4
antiquity,4
utilized,4
boolean,4
combined,4
whether,4
proven,4
local,4
presented,4
circumstances,4
city,4
press,4
determinism,4
referenced,4
facilitates,4
manually,4
integration,4
effects,4
madry,4
stemming,4
images,4
counts,4
perception,4
dynamic,3
does,3
kayenta,3
done,3
commentary,3
groups,3
madsen,3
systematically,3
neighborhoods,3
true,3
decade,3
history,3
landform,3
diversity,3
arguing,3
barriers,3
topographic,3
england,3
definition,3
possibilities,3
principles,3
suggesting,3
right,3
potentially,3
vectors,3
vegetation,3
greatly,3
behind,3
papers,3
evaluation,3
plain,3
recorded,3
key,3
design,3
placement,3
determined,3
functions,3
move,3
west,3
realistic,3
apply,3
along,3
ritual,3
measurement,3
warfare,3
controlled,3
learned,3
computerized,3
illustrates,3
relatively,3
bridging,3
topic,3
tested,3
back,3
compare,3
weight,3
storage,3
stanöiö,3
journal,3
look,3
resolutions,3
virtual,3
ridge,3
higher,3
operation,3
predicted,3
english,3
growth,3
lie,3
basic,3
square,3
mean,3
goes,3
weighting,3
brand,3
moves,3
altitude,3
distinct,3
weights,3
consider,3
benefits,3
francis,3
displays,3
house,3
exploratory,3
stonehenge,3
commonly,3
efficient,3
followed,3
strategy,3
drawing,3
archeology,3
ranges,3
diachronic,3
uses,3
result,3
lead,3
search,3
traditionally,3
initial,3
term,3
simulate,3
mcclung,3
explain,3
abuse,3
specifically,3
gained,3
network,3
mapped,3
used,3
overviews,3
received,3
teotihuacan,3
concept,3
heavily,3
training,3
related,3
functionality,3
queries,3
parameters,3
groenewoudt,3
records,3
aztec,3
statistics,3
focuses,3
away,3
surrounding,3
dalmatia,3
arkansas,3
causal,3
excavated,3
fuzzy,3
buildings,3
mediterranean,3
mississippl,3
quite,3
significantly,3
fully,3
computation,3
periods,3
voi,3
second,3
situation,3
rdbms,3
romano,3
nearly,3
indicates,3
bona,3
roads,3
dimensional,3
vicinity,3
simultaneous,3
q,3
seeing,3
perspectives,3
culture,3
robust,3
stones,3
critiques,3
geometries,3
technique,3
stream,3
preferences,3
usually,3
rock,3
projects,3
demographic,3
consideration,3
conduct,3
reasoning,3
larger,3
gray,3
contemporary,3
utilize,3
conclusions,3
enough,3
essentially,3
less,3
peopling,3
revolutionizing,3
pooling,3
lands,3
discovery,3
formal,3
detailed,3
samples,3
lake,3
exhibited,3
multispectral,3
computational,3
discovered,3
assignment,3
held,3
allowed,3
period,3
spread,3
accurate,3
provides,3
southeastern,3
especially,3
comparing,3
photogrammetric,3
compute,3
thirteenth,3
relative,3
widely,3
assigned,3
bureau,3
lines,3
leiden,3
sensitive,3
visual,3
unusual,3
existed,3
fall,3
investigate,3
variable,3
heavy,3
summary,3
series,3
peoples,3
continues,3
carbondale,3
terrestrial,3
text,3
here,3
alternative,3
colorado,3
outcome,3
continental,3
country,3
sampling,3
did,3
post,3
associated,3
prospects,3
u,3
interactive,3
beginning,3
according,3
investigation,3
ones,3
yielded,3
mere,3
densities,3
chartrand,3
require,3
phenomena,3
contain,3
categories,3
spaces,3
researchers,3
digitized,3
slopes,3
became,3
variability,3
techniques,3
assumptions,3
obtain,3
gisiger,3
come,3
question,3
basin,3
formation,3
commercial,3
include,3
linkage,3
algorithms,3
pdsi,3
classification,3
third,3
themselves,3
pathways,3
methodology,3
element,3
given,3
meeting,3
close,3
final,2
miller,2
entities,2
transportation,2
possessed,2
hardware,2
currently,2
mostly,2
o,2
edge,2
indicated,2
italy,2
integrating,2
heights,2
red,2
measures,2
alone,2
combine,2
mountains,2
utility,2
per,2
village,2
prediction,2
ofuispp,2
colonization,2
maize,2
tonto,2
uniquely,2
ways,2
tessellation,2
park,2
inference,2
esri,2
position,2
fixed,2
moving,2
something,2
migration,2
source,2
leads,2
highlight,2
automated,2
lower,2
anything,2
cast,2
implemented,2
query,2
explaining,2
humans,2
certainly,2
interpolation,2
production,2
derives,2
handle,2
processes,2
give,2
attempts,2
taken,2
aldenderfer,2
rush,2
possesses,2
rare,2
gary,2
scientists,2
assess,2
rakos,2
accumulated,2
able,2
reveal,2
take,2
patterned,2
loose,2
written,2
manipulating,2
emphasized,2
influences,2
concepts,2
classified,2
opposite,2
physical,2
somewhat,2
multivanate,2
intersection,2
el,2
isotropie,2
debitage,2
globe,2
moisture,2
edges,2
primary,2
hall,2
unusualness,2
opened,2
prior,2
shared,2
bibliography,2
far,2
reconstruction,2
constrained,2
computationally,2
inventory,2
tale,2
forecast,2
stress,2
multidimensional,2
throughout,2
royal,2
baena,2
estrada,2
language,2
madrid,2
immediate,2
medical,2
since,2
realized,2
ability,2
draped,2
kvammc,2
forced,2
estimates,2
undiscovered,2
drainage,2
defense,2
developments,2
urbanization,2
passaic,2
arroux,2
underlying,2
bay,2
profound,2
ha,2
sensors,2
find,2
shading,2
demonstration,2
generation,2
formats,2
zarzosa,2
mechanism,2
poor,2
mesolithic,2
simultaneously,2
without,2
exact,2
his,2
managing,2
adds,2
denmark,2
hansen,2
coastal,2
capture,2
presentation,2
bias,2
outward,2
risk,2
plots,2
suited,2
pages,2
possess,2
tree,2
scales,2
distant,2
plog,2
addressing,2
reason,2
solutions,2
remarks,2
facilitated,2
prehistory,2
improvement,2
considerations,2
clearly,2
warren,2
aly,2
northeastern,2
additional,2
olà,2
oi,2
predates,2
undertaken,2
enhancement,2
requires,2
norway,2
advocated,2
amazing,2
union,2
had,2
identifying,2
hungarian,2
called,2
effort,2
deal,2
archaeodata,2
cigarralejo,2
facilitate,2
requirements,2
approximation,2
correlates,2
big,2
density,2
archéodata,2
equal,2
receive,2
hinterland,2
fisher,2
treat,2
recently,2
cannot,2
handled,2
steele,2
procedures,2
explored,2
perform,2
networks,2
premise,2
simulations,2
topology,2
shape,2
watershed,2
animated,2
paleoenvironmental,2
archaeologist,2
county,2
tens,2
discusses,2
confined,2
patterning,2
irish,2
ca,2
broad,2
people,2
des,2
actually,2
details,2
scope,2
showing,2
interpreted,2
fieldiana,2
manipulation,2
annotated,2
hungary,2
helladic,2
ratios,2
sense,2
caused,2
working,2
revolution,2
holes,2
indicators,2
warrant,2
randomization,2
involved,2
code,2
grow,2
observe,2
climate,2
impossible,2
crude,2
beacon,2
up,2
progress,2
jordan,2
ot,2
describes,2
gould,2
roots,2
notes,2
structured,2
searches,2
provided,2
phase,2
activities,2
input,2
institut,2
processual,2
tasks,2
coded,2
critics,2
reduced,2
implications,2
practices,2
impacts,2
service,2
reduce,2
initially,2
interesting,2
put,2
decisions,2
parker,2
single,2
rules,2
archis,2
boundary,2
favorable,2
index,2
perceived,2
westport,2
planned,2
planet,2
costs,2
begins,2
valkenburg,2
williams,2
tavlor,2
longer,2
routes,2
polygonal,2
heritage,2
ontario,2
academy,2
pointed,2
ask,2
burgundy,2
efforts,2
registration,2
fact,2
happening,2
scholars,2
csáki,2
environs,2
agree,2
chadwick,2
demonstrating,2
everything,2
variation,2
seldom,2
observes,2
zealand,2
sebastian,2
planners,2
never,2
road,2
tne,2
developing,2
strategies,2
forth,2
finland,2
practice,2
agencies,2
focusing,2
reconstructing,2
featureless,2
realize,2
midwest,2
analecu,2
croatia,2
argues,2
demonstrated,2
kansas,2
analyzed,2
fejes,2
behaviors,2
discussion,2
institute,2
pastcomputer,2
disease,2
palm,2
considering,2
treated,2
roorda,2
contours,2
deposits,2
enormous,2
scatter,2
simulating,2
numeric,2
opportunity,2
computers,2
contour,2
emphasize,2
refers,2
factor,2
resulting,2
evolution,2
aids,2
chosen,2
improvements,2
advantages,2
students,2
described,2
eda,2
perimeter,2
open,2
significance,2
subtle,2
recognize,2
ireland,2
co,2
plains,2
navan,2
federal,2
plant,2
played,2
distinction,2
structuring,2
mountain,2
thomas,2
permitting,2
procurement,2
correlated,2
contact,2
topics,2
cognition,2
cuyo,2
analyze,2
greece,2
spain,2
southwest,2
positioning,2
routines,2
green,2
district,2
sociopolitical,2
greek,2
hunt,2
limiting,2
increasing,2
unexpected,2
ranging,2
hasenstab,2
yields,2
relationship,2
aid,2
dual,2
enhancements,2
reviewer,2
nonuniform,2
assert,2
ecological,2
info,2
claimed,2
hill,2
randomly,2
vertical,2
fewer,2
binary,2
referred,2
seen,2
biro,2
circumstance,2
transformation,2
indicate,2
countries,2
linking,2
displaying,2
statewide,2
wiemer,2
deductive,2
united,2
surprising,2
antiquities,2
hydrological,2
probabilistic,2
combines,2
interpolated,2
employs,2
photographs,2
earliest,2
conservation,2
issue,2
rarely,2
suite,2
considered,2
abandonment,2
comes,2
concordance,2
manual,2
celtic,2
theme,2
constructed,2
gumerman,2
discrete,2
desktop,2
encoded,2
extant,2
hailed,2
cm,2
cemetery,2
attribute,2
seem,2
incorporating,2
half,2
current,2
scanned,2
goods,2
examining,2
type,2
day,2
unique,2
references,2
administration,2
geo,2
remove,2
problem,2
always,2
vehicle,2
textual,2
suggests,2
ideal,2
freedom,2
travel,2
imprecisely,2
church,2
pits,2
thereby,2
conclude,2
unrealistic,2
ring,2
radiation,2
measure,2
arguments,2
phenomenon,2
exploit,2
snow,2
representation,2
iberian,2
until,2
environmentally,2
ascertain,2
camps,2
precise,2
insight,2
integrated,2
ladefoged,2
withinsite,2
evidence,2
cautionary,2
attributes,2
france,2
derive,2
attempted,2
programme,2
remains,2
archaic,2
indices,2
comparison,2
specific,2
brightness,2
uis,2
km,2
conceptual,2
debate,2
partial,2
tactic,2
uk,2
zones,2
building,2
universe,2
row,2
tapia,2
scandinavian,1
spikes,1
frequent,1
intimately,1
locates,1
mimic,1
battlefield,1
order,1
compares,1
larcombe,1
accomplish,1
oriented,1
diligent,1
horticulturists,1
polish,1
estimated,1
inaccurate,1
drag,1
corporate,1
correlations,1
created,1
wansleeban,1
ready,1
concern,1
separated,1
dangers,1
tesselation,1
credibility,1
cells,1
reconstructed,1
introductions,1
resulted,1
laud,1
college,1
coast,1
revolutionary,1
aberg,1
epidemic,1
uuicn,1
northumbria,1
totally,1
orton,1
manuscript,1
distributed,1
debris,1
linguistic,1
former,1
group,1
metadata,1
interrelationships,1
globalization,1
decimation,1
doses,1
offerings,1
confidence,1
slices,1
vs,1
enhance,1
identify,1
multifaceted,1
synergism,1
word,1
formed,1
itself,1
authority,1
constitutes,1
summaries,1
adoption,1
centuriation,1
resnick,1
pressing,1
drawings,1
contend,1
specified,1
competence,1
favor,1
higgs,1
òystems,1
ms,1
spirit,1
navigational,1
brandt,1
acceptance,1
offshore,1
mikkelsen,1
justified,1
filters,1
necessarily,1
afforded,1
habits,1
total,1
equations,1
aversion,1
forecasting,1
legion,1
nipigon,1
oeo,1
assume,1
ofmultispectral,1
buffer,1
acquainted,1
eye,1
territorial,1
chief,1
du,1
calibrated,1
lmks,1
unlock,1
negative,1
experience,1
diffusion,1
academics,1
summarize,1
accumulation,1
fabric,1
inhibited,1
permit,1
cv,1
australia,1
arcnaeological,1
inc,1
clip,1
praine,1
signifies,1
revisited,1
swedish,1
universitv,1
chronicles,1
logistic,1
multitemporal,1
setting,1
medieval,1
deterministic,1
meters,1
concentrated,1
anomalies,1
diego,1
rapid,1
exhibition,1
barrow,1
elusive,1
astronomical,1
anywhere,1
agenda,1
worked,1
shortage,1
advanced,1
diseases,1
seems,1
experiments,1
containing,1
friendly,1
delfi,1
isotropically,1
tour,1
height,1
carmichael,1
fayettevilie,1
copy,1
reexamined,1
crops,1
automobile,1
secondary,1
belong,1
laboratory,1
stanõiõ,1
ebert,1
siculus,1
tours,1
estimation,1
undertake,1
thank,1
kuna,1
wave,1
origin,1
pretense,1
assembled,1
confront,1
revisions,1
arable,1
inherent,1
bosqued,1
wessex,1
thanks,1
closer,1
hundred,1
generalizations,1
launched,1
hunting,1
renfrew,1
locality,1
promontory,1
packages,1
picardie,1
efficiently,1
help,1
inland,1
ecotone,1
punched,1
arroyobishop,1
fon,1
last,1
nm,1
mind,1
surely,1
meridionale,1
alike,1
discipline,1
diodorus,1
sheet,1
confused,1
stopped,1
filozofske,1
ad,1
speech,1
british,1
coronary,1
documenting,1
pa,1
gissing,1
takes,1
sitelevel,1
existence,1
guillot,1
arctos,1
jo,1
nn,1
task,1
unaware,1
immerse,1
factored,1
bones,1
mass,1
amplified,1
analytically,1
incorporate,1
agriculture,1
march,1
addresses,1
solving,1
theodolites,1
representational,1
colombia,1
account,1
restoring,1
holocene,1
format,1
discrepancies,1
marked,1
politics,1
outlying,1
pets,1
activity,1
denver,1
prehispanic,1
reaching,1
brae,1
reaction,1
appreciates,1
occupy,1
potok,1
guinea,1
postmodernists,1
maschncr,1
landsat,1
community,1
occurring,1
taking,1
mental,1
wansleeben,1
variations,1
rosa,1
scorn,1
x,1
biblical,1
penod,1
establishment,1
indicating,1
household,1
desirable,1
monitoring,1
xlle,1
undoubtedly,1
enter,1
promises,1
avebury,1
conductivity,1
financed,1
nonagrarian,1
identifies,1
prototype,1
gas,1
fades,1
plowed,1
tied,1
explanatory,1
altitudes,1
facets,1
surplus,1
framework,1
canyon,1
ljubljana,1
complained,1
prerequisite,1
frequencies,1
perceiving,1
eurooean,1
icons,1
exercises,1
fit,1
nuestupny,1
germany,1
tolba,1
accuracy,1
explained,1
dotted,1
modify,1
spectrum,1
representations,1
dynamics,1
inner,1
pockets,1
reject,1
accounted,1
countless,1
visualized,1
due,1
objective,1
premises,1
categorized,1
andresen,1
holdaway,1
backdrop,1
machine,1
stewardship,1
corner,1
danube,1
regarded,1
aiatsis,1
relations,1
santa,1
uíspp,1
occurs,1
clicking,1
bone,1
aspatial,1
adelsbergerová,1
cf,1
cazze,1
living,1
realization,1
utilizes,1
trail,1
expected,1
montana,1
radar,1
kind,1
ai,1
yorkshore,1
midcontinental,1
assendelver,1
creamer,1
cases,1
tedious,1
voids,1
bamforth,1
illuminates,1
times,1
document,1
selection,1
amount,1
subjects,1
contrary,1
modifying,1
gradients,1
body,1
speed,1
hopefully,1
response,1
holds,1
plotting,1
afford,1
bubbles,1
defensive,1
publications,1
rie,1
churchyard,1
undertaking,1
geological,1
tend,1
grouped,1
consequently,1
placements,1
hodder,1
waterways,1
critique,1
ellipses,1
multimillion,1
descriptive,1
castro,1
resultant,1
jones,1
savage,1
hardly,1
stereoscopic,1
weakness,1
haze,1
ma,1
rates,1
flude,1
unfortunate,1
cites,1
neutral,1
stagnate,1
let,1
brodsworth,1
perfect,1
oj,1
bulletin,1
mechanisms,1
steps,1
distinctions,1
sue,1
americans,1
town,1
reflects,1
abaco,1
infield,1
réévaluation,1
transformations,1
photogramtnetric,1
underway,1
traverse,1
links,1
principally,1
impetus,1
centered,1
essence,1
compatible,1
watch,1
remain,1
mexican,1
smoking,1
sort,1
rasters,1
fantasies,1
corinth,1
neatly,1
completely,1
environments,1
photogrammet,1
requisite,1
realizes,1
suffer,1
proximity,1
pervasiveness,1
gisbased,1
granted,1
probability,1
associate,1
persistent,1
flexible,1
rigor,1
polarized,1
archaeometry,1
republic,1
sacrificed,1
induce,1
huge,1
rijksdienst,1
interrelationship,1
siting,1
bod,1
leaves,1
stein,1
manipulative,1
lay,1
contouring,1
limitation,1
productive,1
origins,1
augmented,1
overlooked,1
satellites,1
periodic,1
firmer,1
hf,1
proton,1
modified,1
accounts,1
arid,1
iteratively,1
statistic,1
provinces,1
oldlayer,1
bad,1
experimentally,1
plus,1
praise,1
biased,1
postmodern,1
sensor,1
possibly,1
carve,1
intercept,1
organization,1
coregistered,1
imposing,1
rated,1
severity,1
intensive,1
organized,1
ontano,1
seasoned,1
deductively,1
interim,1
begs,1
proposed,1
elevated,1
variance,1
air,1
numbers,1
traces,1
casco,1
characterizations,1
reviewed,1
cliff,1
pullman,1
accumulating,1
xi,1
subsetting,1
communities,1
aegean,1
multimedia,1
superior,1
delta,1
heading,1
readings,1
drought,1
indications,1
actes,1
defines,1
zack,1
modeled,1
filtered,1
putting,1
archeological,1
emonde,1
plenum,1
shifted,1
reconciliation,1
delays,1
università,1
instantaneously,1
erroneous,1
helped,1
photos,1
coincide,1
preference,1
throwing,1
providing,1
trained,1
insuring,1
numerical,1
categorical,1
translating,1
krist,1
conquest,1
parthenon,1
matching,1
palmer,1
standards,1
closely,1
broaches,1
my,1
jadis,1
confirmatory,1
merging,1
cd,1
bearing,1
transmission,1
analog,1
santander,1
societies,1
six,1
snace,1
acknowledgments,1
entered,1
maenetometrv,1
plot,1
erosion,1
farmsteads,1
determines,1
wilderness,1
centers,1
users,1
scotland,1
demands,1
ocean,1
pass,1
isle,1
relate,1
endeavor,1
taylot,1
captured,1
shapes,1
negation,1
glacial,1
czech,1
infontiation,1
confronts,1
unions,1
accurately,1
applying,1
intervening,1
dynamically,1
accessing,1
occupation,1
pointing,1
understood,1
prescott,1
block,1
photography,1
rectification,1
stressing,1
improve,1
burial,1
computine,1
produced,1
devoid,1
computes,1
lung,1
purchased,1
estimate,1
excellent,1
englewood,1
fish,1
rubber,1
however,1
hypothetical,1
expedient,1
confirmation,1
facilities,1
photo,1
beaker,1
james,1
balance,1
possibility,1
wants,1
criteria,1
silver,1
technical,1
expensive,1
overlapping,1
globally,1
bampton,1
orthographic,1
protohistorical,1
spheres,1
currem,1
distinguish,1
marsh,1
relief,1
congres,1
tnjo,1
romans,1
drawn,1
inferred,1
euronean,1
bounded,1
implement,1
strengths,1
industrial,1
persoective,1
emphasis,1
carry,1
del,1
waterway,1
heart,1
coping,1
prompted,1
fosters,1
fundamentally,1
neolithization,1
norm,1
proportions,1
calls,1
overlay,1
commonalities,1
thoughts,1
routinely,1
description,1
ten,1
geology,1
dal,1
bible,1
coverages,1
fail,1
during,1
mesohthic,1
hm,1
contains,1
dense,1
cluster,1
limerick,1
lanham,1
call,1
tessellations,1
forces,1
personal,1
weekly,1
gear,1
reflect,1
cry,1
warped,1
appreciated,1
believes,1
intersections,1
systematic,1
manage,1
savings,1
ann,1
stead,1
horizon,1
currents,1
wheat,1
challenging,1
holy,1
concurrent,1
nj,1
markedly,1
lithics,1
presentations,1
leu,1
lakes,1
refuse,1
pharos,1
bodies,1
foci,1
numerically,1
agriculturally,1
aided,1
precipitation,1
tone,1
exacting,1
creating,1
solution,1
least,1
cornergis,1
correct,1
detracts,1
describing,1
hard,1
steepness,1
theoretically,1
initiates,1
le,1
emphasizes,1
znanstveni,1
exclude,1
kvamroe,1
trivial,1
adding,1
guidance,1
altay,1
spaulding,1
populating,1
het,1
spanish,1
iithic,1
sufficient,1
mineral,1
ignore,1
touts,1
accomplished,1
altered,1
ship,1
components,1
routine,1
industry,1
romney,1
presence,1
devices,1
centrai,1
shadows,1
convey,1
platform,1
codes,1
herb,1
portions,1
usual,1
villages,1
corridor,1
pétrie,1
core,1
maine,1
gridded,1
vein,1
stratigraphy,1
barely,1
richness,1
implementation,1
christein,1
paleoindian,1
purpose,1
proper,1
irrformation,1
vinorsky,1
vikkula,1
newly,1
finds,1
cairn,1
inform,1
moved,1
reclassify,1
laser,1
humanistic,1
reducing,1
altimeter,1
preysler,1
seemed,1
partitioned,1
siteless,1
haas,1
analytic,1
midpoint,1
portion,1
archeologia,1
approximated,1
pertaining,1
microwear,1
improves,1
lroquois,1
led,1
underlies,1
san,1
ii,1
genesis,1
proxy,1
lapparent,1
inhabitants,1
matter,1
radii,1
absence,1
mesa,1
architecture,1
misrepresent,1
publishers,1
bringing,1
scries,1
stanõié,1
populations,1
encrypted,1
incorrect,1
indeed,1
forll,1
quantified,1
expansion,1
playground,1
play,1
bonsal,1
corporation,1
wait,1
theorizing,1
brief,1
towers,1
geometrically,1
rendering,1
stacking,1
brings,1
constraints,1
intensively,1
attempt,1
converted,1
whatever,1
allen,1
formative,1
fossil,1
illustrating,1
expanded,1
interactions,1
flag,1
incredibly,1
unprecedented,1
outer,1
registered,1
traps,1
unfamiliar,1
hold,1
loss,1
zeal,1
llobera,1
perseus,1
label,1
inflate,1
oppenshaw,1
guide,1
rectangle,1
retrieved,1
continuation,1
revamping,1
anticipates,1
criticism,1
frankish,1
reclassification,1
fatty,1
katsaridis,1
reference,1
monte,1
bumps,1
nondestructive,1
mimics,1
addition,1
unattractive,1
requiring,1
builds,1
serve,1
array,1
east,1
evolved,1
exposure,1
aìid,1
populated,1
imitate,1
retrodict,1
included,1
homogeneous,1
copper,1
complete,1
carrig,1
pioneered,1
middleton,1
choices,1
rising,1
ethnographic,1
ed,1
inferences,1
vrml,1
floor,1
demonstrates,1
lament,1
experiment,1
vanirne,1
algebraic,1
reliance,1
ji,1
boost,1
georgia,1
multidimensionally,1
unifying,1
voyages,1
picture,1
densely,1
considers,1
harper,1
act,1
street,1
continent,1
stemmed,1
unlimited,1
perceptual,1
correspondences,1
challenge,1
confound,1
journey,1
compaction,1
again,1
treatment,1
crm,1
reporting,1
shepton,1
similarly,1
cortex,1
goodrick,1
ht,1
investigates,1
interdisciplinary,1
arawe,1
valid,1
religious,1
rosy,1
preserve,1
riverine,1
occurrence,1
discussant,1
italv,1
foods,1
minnesota,1
plan,1
scottish,1
appeared,1
documents,1
wine,1
abstract,1
overlaying,1
plays,1
demonstrations,1
ethnohistoric,1
inevitably,1
grave,1
oneself,1
upgrading,1
incorporation,1
atomic,1
fishnet,1
outlines,1
substantially,1
complaints,1
appropriately,1
geographie,1
anthropologist,1
acequia,1
polygon,1
hand,1
preet,1
promoted,1
likelihood,1
remarkable,1
archaeologies,1
increases,1
nf,1
clusters,1
manner,1
sz,1
weighted,1
keys,1
purposes,1
inroads,1
receives,1
maplnfo,1
axes,1
portrayal,1
norwegian,1
spot,1
thirtyfive,1
slice,1
colony,1
japan,1
isostatically,1
rebound,1
kentucky,1
variances,1
native,1
books,1
controversy,1
cosmos,1
hvar,1
acquire,1
stunning,1
going,1
free,1
encountered,1
ror,1
lunar,1
pleistocene,1
valleys,1
thoroughly,1
polities,1
statesupported,1
original,1
grouping,1
matrix,1
recognizing,1
interrelated,1
microscopic,1
technologies,1
greatest,1
associates,1
investment,1
investigated,1
decreases,1
precluded,1
finnish,1
doody,1
upon,1
range,1
concluding,1
slovaque,1
exporting,1
desert,1
onto,1
scaled,1
mull,1
mycenaean,1
transformed,1
sensuous,1
parameter,1
distinctly,1
vegetated,1
realities,1
dollar,1
scala,1
judge,1
wf,1
microtopography,1
looking,1
encouraged,1
findings,1
imbued,1
kome,1
lesser,1
visualizing,1
combining,1
determining,1
rivers,1
began,1
blocking,1
rescue,1
inherently,1
archéologique,1
revelations,1
shortcomings,1
sequence,1
products,1
submitted,1
yorkshire,1
emania,1
fuzziness,1
hoc,1
kingdom,1
services,1
continue,1
prelude,1
fold,1
theories,1
nevertheless,1
carmel,1
involves,1
subsurface,1
trade,1
pensacola,1
wilson,1
styles,1
directed,1
emphasizing,1
scandinavia,1
op,1
sensitivity,1
publication,1
obtaining,1
perpendicular,1
calcolatori,1
essay,1
hazardous,1
logic,1
converts,1
symposium,1
chanee,1
biskowski,1
chipping,1
would,1
optimum,1
statistically,1
collected,1
intergalactic,1
foremost,1
administrative,1
revolves,1
spatialising,1
mycenean,1
enquiries,1
connects,1
improved,1
iniwrcitv,1
black,1
primer,1
segment,1
oudheidkundig,1
exchange,1
repeated,1
quick,1
gets,1
graves,1
facing,1
somehow,1
internal,1
outcomes,1
promote,1
qualities,1
parallel,1
evolutionary,1
conduits,1
computed,1
feet,1
coregister,1
dtis,1
kit,1
narrow,1
sight,1
exactly,1
effect,1
contributed,1
hunters,1
contextualism,1
wroxeter,1
usa,1
looks,1
differ,1
pathway,1
aw,1
shermer,1
workshop,1
geography,1
evaluated,1
professional,1
caution,1
outright,1
hope,1
decay,1
prescient,1
applies,1
species,1
contoured,1
bang,1
alaska,1
systetns,1
dendritic,1
dealing,1
depth,1
consists,1
defensible,1
speculate,1
poisson,1
testable,1
condah,1
topography,1
penguin,1
gardermoen,1
mitigate,1
dominates,1
irregular,1
tentative,1
overburden,1
matrices,1
kenneth,1
gathering,1
earth,1
arcnaeobey,1
vision,1
kotsakis,1
constants,1
naturally,1
practitioners,1
selections,1
spectrometry,1
smirnov,1
pieces,1
reasonable,1
begin,1
dashed,1
tfcylor,1
primarily,1
institutions,1
predict,1
becomes,1
army,1
collections,1
translation,1
tecnnoiogy,1
strongly,1
faces,1
technoloev,1
tebenkof,1
cadastre,1
determination,1
grinding,1
importantly,1
denotes,1
contribution,1
susceptibility,1
generalizes,1
septembre,1
rapidly,1
maximizing,1
length,1
worlds,1
chiribiquete,1
boon,1
boaz,1
responsible,1
oxfordshire,1
strides,1
construction,1
slovenia,1
achieve,1
automata,1
composed,1
education,1
fields,1
superimposing,1
rim,1
contemplating,1
canada,1
ridges,1
articles,1
erupts,1
gathered,1
rigorous,1
regionwide,1
immensely,1
forest,1
mouse,1
distributional,1
kodik,1
addressed,1
quantitatively,1
school,1
kriging,1
logging,1
warrants,1
contemplated,1
suggestions,1
latest,1
monument,1
thinking,1
historian,1
uiò,1
reviewing,1
complexity,1
homogeneity,1
mappable,1
extending,1
predictions,1
determinants,1
prospecting,1
elicited,1
rival,1
digitally,1
entry,1
droughts,1
territorialité,1
md,1
library,1
funding,1
aspirin,1
symbol,1
rocky,1
geoarchaeology,1
column,1
set,1
auger,1
der,1
coincides,1
estate,1
drafting,1
encourages,1
cartesian,1
kirkinen,1
intellectual,1
astrophysical,1
sure,1
tara,1
gale,1
rectified,1
renovation,1
mollify,1
europeans,1
specialized,1
worth,1
jochim,1
paleoproductivity,1
prolific,1
sizes,1
interested,1
rolling,1
believe,1
gone,1
reynoso,1
coverage,1
galactic,1
down,1
etal,1
assumes,1
instantaneous,1
victoria,1
wall,1
constructions,1
allied,1
inquiry,1
eventually,1
foundation,1
cattle,1
collins,1
loads,1
ozawa,1
potts,1
blasco,1
benefit,1
reflected,1
sum,1
tracts,1
distinctive,1
closest,1
emerges,1
sql,1
options,1
drum,1
concrete,1
turned,1
automation,1
encroaching,1
growing,1
noise,1
sectors,1
dispersed,1
economy,1
carefully,1
curvature,1
circles,1
implicit,1
sanz,1
euphoric,1
voor,1
want,1
cause,1
nearby,1
forestry,1
tactors,1
add,1
corps,1
seasonal,1
calculations,1
firmly,1
warn,1
zoom,1
mathematics,1
extent,1
consisting,1
repetitive,1
scheduling,1
pecora,1
complain,1
pursued,1
geometric,1
deepak,1
engine,1
smoothing,1
property,1
parcels,1
discriminant,1
residuals,1
inability,1
permeated,1
urban,1
continentwide,1
aguas,1
characterize,1
burden,1
radically,1
hal,1
dynamical,1
alterations,1
digitizing,1
northwestern,1
nonconformance,1
portraying,1
transport,1
four,1
redundant,1
uniform,1
contemporaneity,1
witn,1
drowning,1
marble,1
reese,1
atmospheric,1
content,1
courses,1
yearly,1
inarcheological,1
agents,1
dolenjska,1
feeds,1
lhe,1
territory,1
substance,1
resorts,1
elevations,1
target,1
demanding,1
reconstruct,1
mitigation,1
associating,1
eroding,1
aspect,1
warranted,1
computerization,1
varied,1
ureturituri,1
pair,1
analysts,1
locate,1
leidensia,1
kellington,1
breaks,1
sediments,1
chained,1
unmappable,1
tumuli,1
gib,1
difference,1
reveals,1
electronic,1
generate,1
traffic,1
detection,1
advent,1
similarity,1
donald,1
ancillary,1
quest,1
easier,1
web,1
temperature,1
washington,1
finally,1
covaries,1
publishing,1
crisis,1
wish,1
documentation,1
chad,1
course,1
revolutionize,1
americas,1
magnitudes,1
realism,1
define,1
mandates,1
unmistakable,1
fooled,1
files,1
discernable,1
reflexive,1
functionalist,1
involving,1
altschul,1
piece,1
colleagues,1
retrieval,1
seeks,1
off,1
limitations,1
sca,1
extremely,1
walking,1
association,1
shift,1
increased,1
unstoppable,1
keyed,1
scarcer,1
anonymous,1
band,1
needs,1
carr,1
offered,1
palimpsests,1
indoor,1
henge,1
besides,1
aisintniiions,1
caribou,1
assumed,1
combination,1
ctlayerl,1
unifies,1
bell,1
johnson,1
vary,1
chicago,1
fennema,1
michigan,1
th,1
create,1
uncertainty,1
maximum,1
substantial,1
exclusively,1
digging,1
unseen,1
endangered,1
develop,1
stair,1
seek,1
versatility,1
whenever,1
indistinguishable,1
assists,1
papua,1
ga,1
oí,1
asked,1
doing,1
built,1
isostatic,1
linearity,1
defensibility,1
vividly,1
vandalism,1
cited,1
carlo,1
