WORDCOUNTS,WEIGHT
the,623
of,470
and,427
in,331
a,168
to,155
v,78
that,76
by,73
archaeology,69
are,65
is,62
have,60
for,59
i,54
archaeological,53
on,52
western,46
at,44
were,44
been,43
with,43
soviet,41
pp,40
as,40
from,40
n,38
has,38
or,36
m,35
it,33
an,33
about,33
was,31
russia,31
s,30
p,30
ukraine,28
new,27
archaeologists,26
these,26
not,26
sites,25
but,25
they,24
russian,24
institute,24
university,23
this,23
which,23
also,22
d,22
be,21
anthony,20
no,20
culture,20
many,20
e,19
neolithic,19
l,19
most,19
steppes,19
their,18
all,17
there,17
eastern,17
central,17
age,17
important,17
other,17
cambridge,17
between,17
ukrainian,16
copper,16
g,15
europe,15
so,15
k,15
steppe,15
y,14
b,14
kiev,14
bc,14
transition,14
now,13
studies,13
american,13
social,13
ceramic,13
more,13
historical,13
theory,13
both,13
moskva,13
some,12
boundary,12
research,12
world,12
yamna,12
over,12
very,12
past,12
through,12
years,12
early,12
large,11
excavation,11
ussr,11
journal,11
arkheologii,11
na,11
societies,11
settlement,11
institut,11
he,10
production,10
origins,10
its,10
structures,10
et,10
economic,10
only,10
material,10
who,10
analysis,10
contained,10
anthropology,10
o,9
settlements,9
history,9
institutes,9
being,9
development,9
mesolithic,9
had,9
my,9
remained,9
region,9
sciences,9
cultures,9
current,9
arkheologiya,9
much,9
recent,9
first,8
state,8
moscow,8
such,8
even,8
than,8
without,8
yamnoi,8
upper,8
four,8
data,8
several,8
few,8
st,8
ancient,8
same,8
academy,8
do,8
questions,8
european,8
science,8
each,8
economy,8
north,8
former,7
east,7
excavations,7
concentric,7
houses,7
his,7
across,7
burials,7
late,7
cultural,7
recently,7
artifact,7
change,7
society,7
sovietskaya,7
partially,7
interpretation,7
experimental,7
two,7
published,7
see,7
food,7
like,7
occupied,7
ecological,7
types,7
der,7
almost,7
upon,7
entire,7
should,7
common,6
english,6
into,6
long,6
might,6
nature,6
farmers,6
survey,6
political,6
within,6
horseback,6
stepnoi,6
eurasia,6
review,6
facts,6
eurasian,6
instituía,6
volga,6
york,6
developed,6
paleolithic,6
support,6
wagons,6
prehistory,6
prehistoric,6
shmagli,6
out,6
zony,6
because,6
riding,6
horizon,6
t,6
field,6
provided,6
periods,6
will,6
during,6
j,6
regional,6
projects,6
scholars,6
where,6
ethnic,6
publication,6
problems,6
interpretations,6
bronze,6
cemetery,6
u,6
remains,6
funding,6
soobshcheniya,6
represent,5
view,5
conducted,5
one,5
approaches,5
before,5
metody,5
evolution,5
book,5
british,5
petersburg,5
economies,5
piedmont,5
iron,5
urals,5
cases,5
chernykh,5
remain,5
process,5
study,5
w,5
lithic,5
eneolit,5
issue,5
buried,5
ceramics,5
novye,5
well,5
r,5
place,5
middle,5
documented,5
regions,5
excavated,5
quite,5
therefore,5
situation,5
community,5
still,5
southern,5
kratkie,5
under,5
shnirelman,5
largest,5
pastoralism,5
numerous,5
described,5
open,5
general,5
would,5
period,5
ural,5
graves,5
often,5
probably,5
horse,5
present,5
dnieper,5
provide,5
antiquity,5
earliest,5
any,5
perhaps,5
agriculture,5
carpathian,5
little,5
videiko,5
crisis,5
although,5
km,5
difficult,4
if,4
meaning,4
imported,4
introduction,4
notably,4
church,4
hartwick,4
occurred,4
eastward,4
definition,4
pedagogicheskii,4
west,4
point,4
phase,4
cemeteries,4
since,4
objective,4
whose,4
population,4
plaza,4
river,4
dated,4
clearly,4
just,4
house,4
surface,4
methodology,4
epokhi,4
found,4
international,4
zone,4
though,4
based,4
tools,4
domestication,4
cannot,4
near,4
concept,4
part,4
indigenous,4
northern,4
gosudarstvennyi,4
least,4
south,4
critical,4
materials,4
reconstruction,4
structural,4
yet,4
museum,4
thought,4
technology,4
unusually,4
rings,4
aspect,4
challenge,4
appeared,4
grave,4
outside,4
less,4
deep,4
zvelebil,4
another,4
made,4
processes,4
ob,4
reality,4
arkheologicheskie,4
adequately,4
can,4
structure,4
we,4
relationship,4
independent,4
means,4
seen,4
methods,4
articles,4
voprosy,4
then,4
kuvtury,4
know,4
innovations,4
c,4
type,4
sredni,4
circles,4
form,4
transport,4
role,4
telegin,4
models,4
conditions,4
defined,4
area,4
among,4
neolita,3
fortified,3
groups,3
functional,3
college,3
foraging,3
group,3
complex,3
leningrad,3
ethnogenesis,3
stone,3
investigating,3
migration,3
stog,3
diffusion,3
lower,3
permit,3
sources,3
worked,3
available,3
great,3
carts,3
plain,3
iuzhnogo,3
proton,3
far,3
cited,3
exist,3
human,3
unpublished,3
sintashta,3
ha,3
six,3
find,3
oxford,3
interesting,3
simultaneously,3
essential,3
arkheologiia,3
kuibyshev,3
rather,3
basic,3
levels,3
represented,3
dp,3
connected,3
direct,3
pages,3
discoveries,3
productive,3
wagon,3
immigrant,3
biased,3
organization,3
metallurgy,3
bit,3
pedagogical,3
cost,3
suggested,3
management,3
method,3
triploye,3
academic,3
reviews,3
journals,3
public,3
artifacts,3
work,3
planning,3
london,3
knowledge,3
describe,3
issues,3
beginnings,3
actually,3
project,3
own,3
good,3
around,3
arkheologicheskogo,3
boundaries,3
widely,3
yielded,3
annual,3
majority,3
tripovskoi,3
f,3
foragers,3
scientific,3
identified,3
site,3
ethnos,3
interactions,3
southeast,3
single,3
metallurgical,3
temperate,3
ed,3
naukova,3
exploit,3
name,3
museums,3
toward,3
longer,3
plan,3
time,3
john,3
monographs,3
covered,3
vasiliev,3
flint,3
number,3
discovery,3
sides,3
drevnosti,3
significant,3
use,3
laws,3
radiocarbon,3
clear,3
three,3
ecology,3
after,3
sovietskaiia,3
exchange,3
article,3
hunters,3
equivalent,3
akademiia,3
caucasus,3
carried,3
voprosu,3
publishing,3
foreign,3
gosudarstvenyi,3
united,3
itself,3
physical,3
natural,3
paper,3
worth,3
gening,3
half,3
references,3
contain,3
must,3
sea,3
nekotorye,3
die,3
our,3
dereivka,3
until,3
approximately,3
land,3
evidence,3
smaller,3
supported,3
written,3
chicago,3
era,3
substantial,3
given,3
technological,3
ukrainskoi,3
final,2
does,2
stepei,2
oriented,2
estimated,2
declared,2
later,2
commentary,2
extend,2
determine,2
adoption,2
needed,2
identify,2
dialectics,2
nikolai,2
ways,2
modern,2
sovremennoi,2
collection,2
dolukhanov,2
po,2
detected,2
contact,2
different,2
transitions,2
familiarity,2
certainly,2
rapid,2
gellner,2
seems,2
asia,2
scientists,2
together,2
srednem,2
soffer,2
analyses,2
studied,2
government,2
reed,2
real,2
stand,2
those,2
system,2
case,2
taphonomic,2
side,2
kuvtura,2
reissued,2
key,2
task,2
primary,2
discuss,2
neolit,2
vostochnoi,2
stereotype,2
vol,2
possible,2
zbenovich,2
bibliography,2
move,2
combination,2
chelyabinskii,2
funded,2
labor,2
purges,2
difficulties,2
nomads,2
professor,2
visited,2
poseienii,2
kurgan,2
interest,2
mixed,2
issued,2
struktura,2
extensively,2
transitional,2
unity,2
elements,2
old,2
protsessov,2
urala,2
body,2
serving,2
storage,2
archaeologist,2
traditions,2
conducting,2
semenov,2
cooperative,2
kruts,2
influence,2
chariots,2
poorly,2
languages,2
permits,2
civilization,2
archaic,2
recognized,2
adequate,2
marsha,2
centered,2
how,2
drevnikh,2
subsistence,2
cambridee,2
prikaspii,2
earlier,2
similar,2
importance,2
chariot,2
white,2
summarized,2
issledovaniya,2
supersites,2
utyëvka,2
marks,2
dergachev,2
established,2
organized,2
too,2
shifted,2
greater,2
advance,2
ethnography,2
professionals,2
could,2
entered,2
faunal,2
explanatory,2
access,2
changed,2
deal,2
big,2
eneolita,2
durham,2
applied,2
placed,2
pollen,2
spiritual,2
guidance,2
problema,2
wants,2
briefly,2
aspects,2
basis,2
tishkov,2
brought,2
year,2
literature,2
discussions,2
stockbreeding,2
contains,2
rows,2
apparently,2
legislation,2
floors,2
believes,2
ultimately,2
stallion,2
ethnicity,2
towards,2
presented,2
buildings,2
suggest,2
involved,2
radially,2
reported,2
climate,2
up,2
seed,2
dorcas,2
und,2
activities,2
estestvennonauchnye,2
nations,2
processual,2
populations,2
arkheologü,2
revival,2
overall,2
classic,2
comments,2
wheels,2
aligned,2
once,2
otkritiya,2
communications,2
victor,2
kishinev,2
chronology,2
us,2
earned,2
pioneered,2
ethnographic,2
already,2
problemy,2
useful,2
organizations,2
again,2
financial,2
cultivated,2
larger,2
discussed,2
serious,2
patterns,2
nauk,2
promoted,2
adjacent,2
shared,2
relevant,2
drevneishie,2
free,2
proizvodyashego,2
valleys,2
analyzed,2
private,2
technologies,2
greatest,2
simple,2
farming,2
istorii,2
disassembled,2
mortuary,2
elite,2
identity,2
bitted,2
empirical,2
entirely,2
rivers,2
virtually,2
laboratory,2
heinrich,2
theories,2
nevertheless,2
david,2
spread,2
function,2
pavel,2
played,2
black,2
systems,2
arkheologicheskikh,2
craft,2
become,2
newcastle,2
cease,2
grain,2
staff,2
invented,2
tendency,2
istoricheskoi,2
brown,2
separate,2
increasing,2
vinnitskii,2
today,2
pamyatniki,2
alternate,2
primarily,2
bulletin,2
referred,2
collections,2
translation,2
returned,2
premolars,2
centuries,2
unusual,2
forest,2
stable,2
anthropological,2
environment,2
associated,2
series,2
medi,2
wear,2
known,2
june,2
specialized,2
lying,2
pedagodicheskii,2
connection,2
accustomed,2
did,2
domestic,2
particularly,2
matiushin,2
benefit,2
cities,2
distinctive,2
works,2
beginning,2
explanations,2
what,2
poses,2
them,2
agricultural,2
axis,2
while,2
arkheoloma,2
vehicle,2
studying,2
information,2
suggests,2
size,2
cluster,2
level,2
occasionally,2
skotovody,2
became,2
techniques,2
postsoviet,2
programs,2
eneolithic,2
maintained,2
vinogradov,2
kuibyshevskii,2
joined,2
interpretatsii,2
unified,2
states,2
ravich,2
colleagues,2
measured,2
increased,2
moved,2
severnogo,2
klein,2
themselves,2
marxist,2
text,2
maidanetstce,2
element,2
valley,2
traditional,2
strong,2
zones,2
meeting,2
successive,2
ca,2
built,2
close,2
gold,2
sufficiently,1
problem,1
directors,1
currently,1
rekonstruksii,1
done,1
nyu,1
skotovodov,1
thpolye,1
calibrated,1
horizontal,1
way,1
indicated,1
rev,1
stylistic,1
byelorussian,1
kulevchi,1
northernmost,1
superceded,1
separated,1
universite,1
dangers,1
absoliutnom,1
balkanistika,1
bazhenov,1
izuchenii,1
fiction,1
struggled,1
revolutionary,1
arrive,1
wissenschaften,1
internationales,1
keramika,1
ultimate,1
kazakh,1
distributed,1
systemic,1
per,1
expect,1
speakers,1
reflection,1
residences,1
replaced,1
poland,1
dobrovodi,1
territorii,1
breakup,1
elaborated,1
tend,1
essays,1
linkages,1
formed,1
informative,1
sigmon,1
ukrainv,1
authority,1
true,1
rewards,1
h,1
kostenjd,1
staro,1
additionally,1
nl,1
largely,1
establishmentare,1
descriptive,1
trace,1
tents,1
protection,1
position,1
knizhnoe,1
komplesksy,1
habits,1
chapman,1
behavior,1
variants,1
izucheniya,1
scientist,1
pots,1
izdclii,1
arrived,1
bp,1
assume,1
proyavleniya,1
khan,1
arkheoloâia,1
source,1
highthe,1
descriptions,1
pioneers,1
rannezemledevcheskie,1
properties,1
genghis,1
salvage,1
laura,1
negative,1
test,1
experience,1
drevnaya,1
tsilgakh,1
tripopskoe,1
anything,1
biconical,1
else,1
either,1
philosophers,1
modest,1
barriers,1
reconstructions,1
stratigraficheskaya,1
rozvitku,1
petar,1
victim,1
cany,1
originally,1
separatist,1
fund,1
phil,1
chaos,1
raphy,1
culturally,1
probemi,1
crippled,1
tumulus,1
osedloe,1
surveying,1
frunze,1
anywhere,1
nauka,1
advanced,1
olga,1
discerned,1
official,1
departure,1
experiments,1
editions,1
apologize,1
containing,1
fedorovskoi,1
relativistic,1
possibilities,1
principles,1
oval,1
archaeologically,1
veka,1
excavating,1
tradition,1
wooden,1
chernysh,1
leading,1
secondary,1
broadly,1
broken,1
suggesting,1
accompanied,1
analiza,1
desire,1
flotation,1
reasons,1
usewear,1
bichrome,1
accumulated,1
origin,1
rich,1
normative,1
citizens,1
able,1
rolle,1
transporting,1
footsteps,1
carnegie,1
take,1
debt,1
graham,1
farmer,1
alignment,1
znaniya,1
help,1
endings,1
galina,1
melody,1
improved,1
razvitie,1
consist,1
floral,1
dniester,1
influences,1
henry,1
primitive,1
principal,1
yamnye,1
china,1
discipline,1
reading,1
signs,1
sredy,1
hostile,1
bobrinskii,1
smirnov,1
stopped,1
papers,1
determinative,1
ethnogenetic,1
nomadic,1
concealed,1
inclusive,1
generosity,1
habitual,1
exogenous,1
existence,1
magarchaeology,1
develops,1
linear,1
anthropologists,1
arkheologicheskoi,1
severnoi,1
advice,1
thrown,1
shanthe,1
demography,1
tenth,1
sele,1
plemena,1
northeast,1
quantities,1
placement,1
holocene,1
kindzhalov,1
opened,1
occupying,1
arkeologu,1
prior,1
determined,1
marked,1
politics,1
cooperation,1
reply,1
soils,1
ance,1
etc,1
deshifruvannya,1
academiciansthe,1
difficultmost,1
obvious,1
fine,1
occurring,1
urovnyakh,1
extends,1
reflecting,1
x,1
exchanges,1
cautious,1
indicating,1
uncertain,1
kurture,1
bowls,1
representing,1
beneath,1
blossom,1
sand,1
catacomb,1
tracewear,1
kupturnykh,1
separating,1
reliably,1
kuibysheveskii,1
controlled,1
exposed,1
mid,1
arkheobgii,1
goal,1
technologically,1
archäologie,1
centralized,1
postcranial,1
includes,1
khozyaistva,1
regularly,1
dependence,1
sponsored,1
oleg,1
montreal,1
proceeded,1
plavki,1
modify,1
roger,1
dynamics,1
magnetometer,1
quality,1
subsystems,1
against,1
sotsiatnoi,1
de,1
proofs,1
dannykh,1
millennium,1
rekonstruktsii,1
danube,1
forgotten,1
relatively,1
ability,1
decribing,1
moment,1
adopted,1
acta,1
raises,1
enjoying,1
afford,1
price,1
zapadnoi,1
chelyabinsk,1
application,1
dobroliubskii,1
quantitative,1
structuralist,1
barrier,1
thank,1
kratláe,1
z,1
forced,1
funds,1
guided,1
estimates,1
vostoku,1
objectivist,1
concentrations,1
clay,1
developments,1
channeled,1
masson,1
statyanki,1
depend,1
freed,1
concerning,1
back,1
differently,1
attainments,1
columbia,1
leningradskogo,1
lineage,1
dates,1
applying,1
continuous,1
effective,1
chap,1
misleading,1
iripolye,1
determinations,1
died,1
tisyacholittya,1
explore,1
workingwhen,1
student,1
bulkin,1
communication,1
hodder,1
ingredient,1
interlocking,1
spite,1
constructs,1
border,1
bronzy,1
korobkova,1
prosveshcheniya,1
simplistic,1
guard,1
hardly,1
generation,1
paleoecological,1
arkhelogicheskikh,1
impressions,1
rates,1
disks,1
let,1
promised,1
industries,1
may,1
higher,1
lesser,1
surprisingly,1
operation,1
tsirkumpontiskoi,1
philadelphia,1
town,1
reflects,1
veiy,1
povozki,1
heroism,1
operations,1
michigan,1
ñ,1
growth,1
intersettlement,1
bueaucratic,1
rannezemledevcheskit,1
influenced,1
kriticheskii,1
archaeolosiva,1
proiskhozhdenii,1
taphonomy,1
gradualist,1
af,1
keepers,1
periodizatsiya,1
bitting,1
mean,1
completely,1
levine,1
orenburgskii,1
cheekpiece,1
opportunity,1
vs,1
sovietskaia,1
stroenei,1
probability,1
persistent,1
legal,1
leave,1
pressured,1
derived,1
parts,1
ongoing,1
viinnitskii,1
witness,1
possess,1
dimitri,1
produced,1
sandra,1
etnografica,1
deputy,1
feel,1
animals,1
schleswig,1
postprocessualist,1
figures,1
exceptional,1
reason,1
accounts,1
understand,1
settled,1
romantic,1
theorists,1
preemstvennosti,1
exhibitions,1
possibly,1
les,1
headamong,1
peasant,1
tranformatsii,1
slowly,1
branch,1
section,1
elsewhere,1
disadvantaged,1
days,1
spirit,1
idealist,1
constrain,1
shelters,1
methodist,1
solidified,1
perspective,1
westerners,1
frequently,1
reviewed,1
solid,1
presumed,1
iskhod,1
delta,1
resource,1
additional,1
powerful,1
follow,1
readings,1
refer,1
rental,1
indications,1
kazakhstan,1
followed,1
generally,1
cucutenitriploye,1
definite,1
retire,1
istochnikov,1
vesti,1
reorientation,1
exploitation,1
reconsideration,1
plenum,1
primordial,1
firmly,1
bruno,1
odd,1
wearing,1
dominant,1
archaeomagnetic,1
coincide,1
fig,1
caches,1
appear,1
perceive,1
corporate,1
funktsii,1
radial,1
thinks,1
nb,1
opening,1
ordinarily,1
expressed,1
moving,1
rekonstruktsiya,1
remembered,1
came,1
pastoral,1
acceptable,1
bearing,1
declined,1
appearance,1
khvafynskü,1
rizhov,1
obozrenie,1
begun,1
search,1
called,1
traditionally,1
relating,1
behavioral,1
centers,1
adaptability,1
recitation,1
internationalist,1
pass,1
events,1
relate,1
requirements,1
mnogosloinykh,1
krupnom,1
bug,1
initial,1
philosophical,1
base,1
paleodemograficheskogo,1
term,1
pastoralist,1
arranged,1
further,1
akademie,1
etnograficheskikh,1
hvman,1
neighboring,1
occupation,1
poverty,1
brilliant,1
circular,1
photography,1
pursued,1
burial,1
neither,1
symbols,1
praktiki,1
excellent,1
denkmäler,1
procedures,1
approached,1
arkeologichnikh,1
wide,1
heavily,1
periodization,1
package,1
igor,1
watershed,1
arkheolocii,1
provincial,1
none,1
issledovanie,1
interface,1
future,1
grubengrabkultur,1
clumsy,1
used,1
internationalism,1
osteology,1
strengths,1
received,1
imports,1
strict,1
deconstructing,1
nine,1
heart,1
unless,1
significantly,1
camel,1
characterization,1
occupants,1
ot,1
competing,1
reduction,1
symbolism,1
closed,1
revealed,1
reports,1
criticized,1
kufture,1
texture,1
whole,1
poznaniya,1
overview,1
verkhnego,1
older,1
samara,1
refined,1
iz,1
broad,1
climatic,1
people,1
concentrate,1
poselennya,1
totalitarizma,1
director,1
prizvodstva,1
popular,1
forces,1
lifeways,1
positsiya,1
reflect,1
tification,1
ekologicheskie,1
showing,1
arrangements,1
status,1
bronzovogo,1
stanovlenie,1
combine,1
trends,1
correction,1
weeks,1
chemistry,1
sampled,1
approach,1
errors,1
usatovskikh,1
bronzovyi,1
hungary,1
culturehistory,1
exemplary,1
independently,1
khoziaistvat,1
legacy,1
pozdnego,1
normally,1
caused,1
nauchnyi,1
harke,1
hard,1
working,1
below,1
inference,1
ego,1
revolution,1
simpler,1
socialist,1
tested,1
nonresidential,1
khazanov,1
indicators,1
practising,1
next,1
politically,1
lesosieul,1
neopositivist,1
imposition,1
emerging,1
small,1
teams,1
earfy,1
endowed,1
sufficient,1
driving,1
tony,1
feelings,1
bridge,1
legitimize,1
fired,1
temporary,1
kurtur,1
reaping,1
severnyi,1
distinguished,1
portions,1
villages,1
sistemnyi,1
stratikifikatsii,1
impossible,1
dedicated,1
keramicheskogo,1
fully,1
managed,1
stratigraphy,1
when,1
orthodox,1
proiskhozhdennie,1
vksiliev,1
universities,1
obshchestvo,1
dependent,1
productivity,1
results,1
organs,1
roots,1
obzor,1
paleoantropologicheskikh,1
value,1
preliminary,1
am,1
waiting,1
rest,1
obshchestva,1
antropologicheskoi,1
alakupskii,1
kazakhstanskikh,1
bedding,1
subsequently,1
survived,1
provisioned,1
transforming,1
chronological,1
flourished,1
threatened,1
portion,1
kolesami,1
defended,1
kindness,1
microwear,1
ryndina,1
san,1
osnovnykh,1
nation,1
exterior,1
unknowable,1
minor,1
adiìi,1
saw,1
territorial,1
protecting,1
various,1
architecture,1
logistical,1
universi,1
action,1
pedacoeicheskii,1
bykov,1
separation,1
doctoral,1
short,1
resisted,1
subject,1
horses,1
corporation,1
novotitorovksaya,1
domostroiterstva,1
acknowledged,1
brief,1
forward,1
thickets,1
female,1
pasturage,1
mongait,1
nauki,1
fazi,1
istoricheshuch,1
april,1
projecting,1
sverdlovsk,1
ponyatiya,1
make,1
presently,1
abstraction,1
currency,1
bridle,1
dumka,1
macrobotanical,1
unprecedented,1
outer,1
movement,1
logical,1
arkheoloicheskoi,1
communist,1
innovation,1
mercyhurst,1
pastures,1
guide,1
urund,1
prut,1
communities,1
forager,1
etnicheskii,1
usages,1
reference,1
colleges,1
metalurgia,1
examined,1
opportunities,1
represents,1
ukrainy,1
misunderstand,1
acknowledgments,1
serve,1
krivoe,1
ring,1
borrowed,1
slavic,1
restricted,1
challenged,1
selective,1
antler,1
thesis,1
arkheologiceskie,1
perceived,1
unwin,1
ams,1
archäologisches,1
analytical,1
molodin,1
transformations,1
light,1
teaching,1
olsen,1
sharply,1
planet,1
derevianko,1
costs,1
exodus,1
illustrated,1
visitors,1
confirmed,1
department,1
foolishness,1
efremov,1
kuban,1
bar,1
steppen,1
baby,1
payments,1
traceology,1
poselenk,1
fruitful,1
botai,1
aspekty,1
theorist,1
collaborators,1
tour,1
comfortable,1
larder,1
repairs,1
afterlife,1
disappointing,1
request,1
fell,1
crimea,1
others,1
fragmentation,1
death,1
pointed,1
conceived,1
historische,1
towns,1
decorative,1
added,1
conduct,1
adherence,1
husbandry,1
communal,1
vek,1
kennan,1
fact,1
spottily,1
lack,1
poblizu,1
stories,1
turner,1
endorse,1
tien,1
areas,1
carbonized,1
materialist,1
occupations,1
abstract,1
voronezhskogo,1
als,1
really,1
classical,1
oprcdelenii,1
banks,1
incorporation,1
trubetzkoy,1
ariculture,1
protoindoevropeitsy,1
omitted,1
end,1
kovanykh,1
withering,1
debates,1
contemporary,1
variation,1
metodicheskie,1
ikh,1
diameter,1
feedback,1
pedacodicheskii,1
superstructure,1
fragments,1
typological,1
mctallograßcheskogo,1
saiga,1
anthropologist,1
forms,1
never,1
readers,1
took,1
paris,1
meant,1
ground,1
smu,1
employed,1
privatization,1
centre,1
operating,1
model,1
manner,1
influential,1
reversion,1
epokhy,1
unit,1
devoted,1
equate,1
grupl,1
existing,1
accepted,1
kolmogoroff,1
kontseptuarnikh,1
jobs,1
postroeniya,1
axes,1
zonated,1
norwegian,1
michael,1
strategies,1
slovak,1
coincided,1
containers,1
ekonomika,1
canunder,1
agencies,1
fieldwork,1
producing,1
über,1
academician,1
books,1
archaelogists,1
jacobs,1
streets,1
mogifnik,1
encountered,1
touch,1
bags,1
poseleniya,1
pamyamua,1
gulyaev,1
tilley,1
violent,1
sisteme,1
institutions,1
entity,1
interpreting,1
cheloveka,1
local,1
original,1
mats,1
zadachakh,1
entirety,1
zation,1
understanding,1
collecting,1
exploring,1
antelope,1
investigated,1
encounter,1
discussion,1
vremeni,1
supplies,1
dave,1
survive,1
background,1
treated,1
bone,1
disagree,1
randall,1
goncharstvo,1
writings,1
ranü,1
soobscheniya,1
including,1
ethnology,1
dissolve,1
owe,1
deserts,1
increase,1
unpredictable,1
sovetskoi,1
etnogeneticheskie,1
cherkashchini,1
concern,1
pogrebeniya,1
grassland,1
relativism,1
traded,1
bugdniester,1
kostenki,1
unfortunately,1
tripopskogo,1
seriation,1
persisted,1
assumption,1
vozraste,1
collaborative,1
ukraini,1
pamyatnikam,1
extraordinarily,1
satisfactorily,1
kompieksne,1
actual,1
recovery,1
maintains,1
vladimir,1
continue,1
moldavil,1
krizise,1
peabodv,1
sees,1
california,1
students,1
planirovka,1
insurmountable,1
ties,1
low,1
significance,1
crises,1
historic,1
eveiy,1
authors,1
stress,1
welcomed,1
scandinavia,1
urbanism,1
points,1
dominated,1
faculty,1
maintenance,1
eodv,1
civilisations,1
pin,1
maidanetskoe,1
individual,1
symposium,1
methodological,1
organism,1
started,1
nonurban,1
characterized,1
reviewers,1
collaboration,1
salary,1
tekhnologiia,1
uman,1
opyt,1
poselen,1
gates,1
mouton,1
high,1
synthese,1
distinction,1
static,1
lie,1
kislovodsk,1
aerofotoznimkiv,1
preservation,1
caspian,1
latter,1
agriculturalists,1
kupferziet,1
labels,1
comparing,1
internal,1
commentators,1
fortification,1
slovakia,1
tsetlin,1
ornaments,1
pro,1
acquire,1
nei,1
hessen,1
belan,1
diffusionist,1
hierarchical,1
james,1
svete,1
raised,1
slightly,1
tafyanki,1
adaptations,1
lyashko,1
lnarkheologiya,1
empiricist,1
relative,1
harding,1
quarterly,1
balkans,1
ago,1
natalya,1
curving,1
sociopolitical,1
attention,1
hague,1
corridor,1
stereotypes,1
predmete,1
attended,1
clusters,1
overlapping,1
sulimirski,1
mezoliächni,1
drier,1
ranging,1
prirodoi,1
spornoe,1
trustees,1
predstavlenii,1
dawn,1
iuga,1
reflexive,1
applications,1
modification,1
ann,1
me,1
frühen,1
she,1
continued,1
mixture,1
arkheoloàya,1
bulk,1
usually,1
obshchnosti,1
testing,1
maps,1
potteiy,1
drevneishee,1
arkheologil,1
rough,1
zakharuk,1
issledovaniia,1
begin,1
inside,1
foreword,1
hutchinson,1
iuzhnom,1
fenomeni,1
evrazii,1
independence,1
strongly,1
subconscious,1
effectively,1
semiotic,1
bashilov,1
salaries,1
threaten,1
importantly,1
transformation,1
intensive,1
arkeologiya,1
sofia,1
colonialists,1
plains,1
covering,1
pozdnetrìpovsìde,1
figurine,1
life,1
why,1
flurry,1
construction,1
irratsionatnogo,1
existed,1
rrekonstruktsil,1
researcher,1
surprising,1
frontier,1
vrublevetskaya,1
dead,1
respect,1
composed,1
arkaim,1
extremely,1
arkeoloeiva,1
opinions,1
months,1
walking,1
get,1
interpretive,1
paying,1
poseleniakh,1
boris,1
wheeled,1
considered,1
legacies,1
detail,1
materialy,1
differentiated,1
kuttiuy,1
netometer,1
baseline,1
share,1
rarely,1
mcdonald,1
struktur,1
isioricheskikh,1
historian,1
singular,1
practice,1
senior,1
kak,1
conclusion,1
ethnological,1
kharakteristiki,1
russians,1
accordance,1
mentioned,1
version,1
materialov,1
changing,1
wallpierced,1
comparison,1
peoples,1
lesostepnoi,1
circumstances,1
ethnoarchaeology,1
arsenical,1
balwskii,1
demonstrate,1
simply,1
ever,1
tyne,1
economically,1
chernetsov,1
continues,1
forgetting,1
implied,1
forests,1
monuments,1
maikop,1
objects,1
gosudarstvennvi,1
kuftury,1
entry,1
bathwater,1
record,1
ethnoses,1
etnoarkheologicheskikh,1
sherds,1
etap,1
kalmyk,1
anaheim,1
formierungsprozess,1
empiricists,1
satellite,1
set,1
drcvnei,1
school,1
quickly,1
berkeley,1
otnositelnaya,1
luka,1
khronologii,1
rue,1
principle,1
control,1
scythian,1
ß,1
country,1
bessporaoe,1
andronovo,1
bukharin,1
correspond,1
sheep,1
northward,1
abandonment,1
novel,1
interested,1
materialism,1
mallory,1
ishim,1
unknown,1
clan,1
consequences,1
emergence,1
propaganda,1
wall,1
estestvennvkh,1
emphasis,1
foundation,1
ideological,1
paleontology,1
severnom,1
mongolia,1
volgadnieper,1
rely,1
infer,1
goods,1
cognitive,1
gas,1
aerial,1
usloviyakh,1
ministerstvo,1
domesticated,1
differed,1
brings,1
gimbutas,1
paleoekonomicheskikh,1
closest,1
living,1
barents,1
advances,1
destroyed,1
pamyatnüä,1
für,1
animal,1
pamyatnuá,1
according,1
scholarly,1
unlikely,1
answered,1
halfsalary,1
combined,1
reactions,1
whether,1
selected,1
list,1
ones,1
plants,1
supports,1
particular,1
pamiatnikov,1
character,1
voprose,1
maintain,1
zagros,1
sarunas,1
map,1
manuscripts,1
protective,1
ceased,1
temporally,1
fanners,1
leaving,1
distribution,1
extent,1
metodika,1
unwise,1
always,1
linger,1
thames,1
prestige,1
pravoberezhnoi,1
barely,1
explored,1
milisauskas,1
quarters,1
zdanovich,1
kurgans,1
property,1
eneoliãcheskii,1
ideal,1
haifa,1
neoliticheskie,1
urban,1
art,1
fourteen,1
provintsii,1
podkhod,1
translated,1
opredelenia,1
conference,1
researchers,1
lesostepyakh,1
etnograßcheskoe,1
kurgana,1
gatherings,1
arkheoloeii,1
unilinear,1
preserved,1
interrelated,1
multiple,1
idleness,1
thereby,1
refinement,1
surveys,1
piemen,1
antichnaya,1
contemporaneity,1
introduced,1
stroi,1
monasteries,1
content,1
press,1
khronologna,1
ken,1
bourgeois,1
plans,1
lies,1
assumptions,1
ignorant,1
iawsin,1
universität,1
contribute,1
transcontinental,1
reconstruct,1
summarizes,1
using,1
definitions,1
selfawareness,1
poselcniya,1
mineralogical,1
accorded,1
think,1
varied,1
prepared,1
mentor,1
frühgeschichte,1
produce,1
question,1
pamyatnüd,1
determinism,1
formation,1
sotsiavnyi,1
idealism,1
zarubezhnoi,1
multiethnic,1
differentiation,1
unable,1
saratovskoco,1
initiated,1
similarity,1
donald,1
finding,1
illinois,1
herds,1
internally,1
ores,1
national,1
stratification,1
tomskogo,1
parallels,1
course,1
kholmskoe,1
grown,1
include,1
integrated,1
dense,1
define,1
specialists,1
krupnykh,1
sur,1
manufacture,1
obscurity,1
writer,1
ecologically,1
anatomical,1
problème,1
attempted,1
philosophy,1
geologist,1
presenting,1
madison,1
francisco,1
association,1
danflenko,1
sungir,1
desert,1
maintaining,1
anonymous,1
specific,1
hallgren,1
kraûde,1
drey,1
removed,1
requires,1
vivehennya,1
archaeologica,1
teorii,1
recherche,1
stepnykh,1
pontic,1
composing,1
views,1
deposition,1
predictable,1
equipment,1
naselenie,1
interaction,1
viktorova,1
develop,1
abandoned,1
focus,1
herders,1
adovasio,1
seemed,1
avoid,1
reportedly,1
kuptury,1
coordinating,1
vozniknovenie,1
enormous,1
building,1
asked,1
samarskii,1
cosponsored,1
chokhskoe,1
costly,1
modelirovanic,1
philosopher,1
bundles,1
grants,1
