WORDCOUNTS,WEIGHT
of,818
and,579
the,504
in,383
a,284
to,212
journal,182
anthropology,119
from,104
american,103
physical,101
that,99
for,99
m,95
on,87
human,72
j,70
age,68
et,67
c,67
skeletal,65
s,63
archaeological,63
be,62
r,60
is,56
by,52
d,52
may,49
population,48
have,48
at,46
research,44
as,44
l,41
new,41
sex,38
p,37
are,37
recent,36
international,35
dna,34
health,34
we,34
bone,33
this,33
ancient,33
w,32
osteoarchaeology,32
science,32
childhood,32
studies,31
has,31
prehistoric,31
enamel,31
study,30
isotope,29
with,29
g,28
these,28
an,28
remains,27
h,26
such,26
frailty,26
progress,26
populations,26
been,26
methods,25
analysis,25
e,24
heterogeneity,24
b,24
t,24
or,24
more,24
which,24
between,24
paradox,23
bioarchaeological,23
approaches,22
forensic,22
using,22
bioarchaeology,22
dental,22
growth,21
pp,21
university,21
not,21
stable,21
lesions,20
issues,20
past,20
tooth,19
through,19
f,18
modern,18
implications,18
estimation,18
most,18
diet,18
data,18
al,18
lesion,18
osteological,17
their,17
k,17
skeletons,17
abundance,17
mortality,17
stature,17
it,16
work,16
isotopes,16
biological,16
wright,16
cambridge,16
evidence,16
among,16
us,15
can,15
series,15
medieval,14
they,14
first,14
analyses,14
used,14
stress,14
examine,14
although,14
into,13
than,13
adult,13
hypoplasias,13
n,13
evaluate,13
status,13
approach,13
about,13
death,13
many,13
patterns,13
wood,13
evolution,13
dietary,13
current,13
pathological,13
both,13
techniques,13
comparison,13
focus,13
might,12
individuals,12
bones,12
changes,12
method,12
indicator,12
will,12
biocultural,12
interpretation,12
life,12
yoder,12
sciences,12
weaning,12
key,11
some,11
genetic,11
identification,11
history,11
its,11
ratios,11
indicators,11
also,11
demographic,11
samples,11
especially,11
oxygen,11
i,10
since,10
york,10
determination,10
but,10
time,10
children,10
variation,10
teeth,10
use,10
assessment,10
better,10
early,10
isotopie,9
other,9
differences,9
help,9
there,9
mandibular,9
subadult,9
two,9
strontium,9
process,9
morbidity,9
provide,9
indicate,9
nitrogen,9
tuberculosis,9
contribute,9
pathogen,8
long,8
context,8
issue,8
review,8
late,8
skeleton,8
important,8
future,8
change,8
morphology,8
do,8
nutrition,8
individual,8
archaeology,8
biology,8
advances,8
porotic,8
adaptation,8
infant,8
world,8
our,8
morphological,8
modeling,8
does,7
now,7
identify,7
migration,7
different,7
defects,7
yearbook,7
those,7
paleodemography,7
central,7
thus,7
estimating,7
application,7
estimate,7
estimates,7
found,7
technical,7
breastfeeding,7
paleopathology,7
because,7
sites,7
hidden,7
leprosy,7
diverse,7
considerable,7
where,7
disease,7
were,7
features,7
antiquity,7
preservation,7
problems,7
anemia,7
who,7
diagnosis,7
must,7
continues,7
specific,7
sexual,7
distribution,7
role,7
effects,7
area,7
one,6
nature,6
studied,6
able,6
raised,6
within,6
infection,6
development,6
sample,6
perspective,6
no,6
rib,6
statistical,6
was,6
evaluation,6
societies,6
possibility,6
well,6
annual,6
selective,6
paleopathological,6
social,6
resolution,6
toward,6
consideration,6
ages,6
maya,6
significant,6
dimorphism,6
level,6
multiple,6
varied,6
flexure,6
illinois,6
potential,6
ramus,6
valley,6
should,6
hyperostosis,6
way,5
dentine,5
likely,5
evaluating,5
experience,5
address,5
peopling,5
composition,5
last,5
fractionation,5
frequencies,5
due,5
acta,5
body,5
collagen,5
poor,5
rather,5
how,5
risk,5
ongoing,5
factors,5
affect,5
prehistory,5
result,5
identifying,5
recently,5
applied,5
useful,5
several,5
few,5
texas,5
classic,5
yet,5
reference,5
light,5
culture,5
biodistance,5
sternal,5
scholars,5
distributions,5
model,5
cranial,5
hypotheses,5
factor,5
conditions,5
defect,5
genetics,5
would,5
so,5
accurate,5
institution,5
contributes,5
relationship,5
perspectives,5
paleodemographic,5
markers,5
paradoxical,5
known,5
histological,5
each,5
believe,5
did,5
examining,5
proceedings,5
dentition,5
little,5
formation,5
survival,5
given,5
north,5
common,4
if,4
later,4
groups,4
represent,4
large,4
trace,4
practices,4
neolithic,4
attempts,4
diseases,4
reveal,4
case,4
possible,4
processes,4
juvenile,4
behavior,4
iron,4
katzenberg,4
populational,4
de,4
cases,4
elements,4
striae,4
hypoplasia,4
egypt,4
van,4
site,4
mexico,4
means,4
solid,4
beyond,4
shed,4
lead,4
fourth,4
traits,4
cultural,4
reviews,4
residential,4
information,4
directly,4
basis,4
literature,4
scope,4
cosmochimica,4
during,4
nubian,4
broad,4
geochimica,4
trends,4
permit,4
small,4
mineral,4
smithsonian,4
value,4
promising,4
comparative,4
brief,4
reconstruction,4
southern,4
selection,4
regional,4
inference,4
pattern,4
less,4
native,4
after,4
multidisciplinary,4
interpreting,4
understanding,4
dimorphic,4
theoretical,4
low,4
significance,4
methodological,4
period,4
article,4
ribs,4
interpretations,4
structure,4
today,4
continued,4
dimensions,4
success,4
sensitive,4
considered,4
nutritional,4
diets,4
trauma,4
carbon,4
over,4
cemetery,4
paper,4
königsberg,4
roman,4
historical,4
living,4
terms,4
form,4
cause,4
femoral,4
variability,4
transition,4
years,4
profiles,4
observation,4
bell,4
vary,4
duration,4
scoring,3
o,3
suggested,3
immune,3
environmental,3
college,3
measures,3
complex,3
syphilis,3
formed,3
bias,3
inequality,3
lower,3
sources,3
taken,3
molecular,3
state,3
supplementation,3
linear,3
america,3
incorporate,3
right,3
measurement,3
diversity,3
differential,3
relationships,3
accuracy,3
mtdna,3
muscle,3
scurvy,3
ability,3
geochemistry,3
raises,3
paleodiet,3
response,3
diarrhea,3
explore,3
deceased,3
apparently,3
what,3
recognized,3
across,3
explicit,3
levels,3
environments,3
musculoskeletal,3
derived,3
direct,3
clearly,3
impact,3
show,3
origins,3
boldsen,3
comparisons,3
had,3
based,3
strength,3
seven,3
out,3
paleodietary,3
greater,3
density,3
focused,3
effect,3
tools,3
ablation,3
record,3
procedures,3
beaker,3
feeding,3
tool,3
palaeopathology,3
characterization,3
sexually,3
reconstructing,3
strengthened,3
good,3
caused,3
suggest,3
resolving,3
diagnostic,3
spanish,3
characteristics,3
concerns,3
presence,3
differing,3
up,3
correspondence,3
appropriate,3
aggregate,3
integrating,3
critical,3
microwear,3
he,3
variety,3
identified,3
short,3
make,3
movement,3
single,3
metric,3
tissues,3
soon,3
water,3
complete,3
outlined,3
department,3
only,3
europe,3
homo,3
cumulative,3
end,3
diameter,3
seldom,3
bony,3
hand,3
likelihood,3
v,3
manner,3
existing,3
frequency,3
ecology,3
degree,3
crown,3
classes,3
examples,3
bioarchaeologists,3
values,3
pathology,3
israel,3
previously,3
mortuary,3
food,3
emphasize,3
causes,3
insults,3
three,3
obtained,3
stages,3
provides,3
migrants,3
differ,3
foreign,3
testing,3
inferences,3
complicate,3
relevant,3
addressed,3
fertility,3
anthropological,3
changing,3
peoples,3
measurements,3
report,3
associated,3
evident,3
investigation,3
whether,3
particular,3
pathogens,3
when,3
danish,3
size,3
neck,3
city,3
laser,3
content,3
exploring,3
measure,3
models,3
need,3
integration,3
spectrometry,3
debate,3
maximum,3
element,3
traditional,3
broader,3
adulthood,2
portuguese,2
estimated,2
ageing,2
tuscaloosa,2
episodes,2
introduction,2
village,2
informative,2
osteon,2
sickle,2
decade,2
hair,2
western,2
occurred,2
total,2
tells,2
before,2
princeton,2
contexts,2
test,2
give,2
advanced,2
domicile,2
dramatically,2
georgia,2
height,2
parameters,2
leukemia,2
timing,2
origin,2
normative,2
procedure,2
devised,2
skull,2
date,2
emphasized,2
regression,2
investigations,2
decreased,2
discipline,2
seminar,2
system,2
milner,2
sophisticated,2
multistate,2
primary,2
mass,2
agriculture,2
draw,2
prior,2
condition,2
soils,2
contradictory,2
bibliography,2
longevity,2
interdisciplinary,2
adoption,2
remodeling,2
femur,2
collection,2
avenues,2
cortical,2
component,2
severe,2
difficulties,2
dynamics,2
medical,2
compromised,2
underlying,2
simpson,2
depend,2
difficulty,2
young,2
compared,2
find,2
y,2
drawn,2
even,2
alabama,2
permits,2
articulates,2
without,2
statements,2
coastal,2
active,2
determining,2
gainesville,2
burials,2
von,2
susceptibility,2
facilitated,2
require,2
alaskan,2
traces,2
argued,2
reviewed,2
calcium,2
utah,2
permanent,2
syntheses,2
strategy,2
appear,2
diachronic,2
standards,2
whom,2
allow,2
could,2
histories,2
cell,2
discrete,2
probit,2
illness,2
genes,2
academic,2
further,2
elemental,2
war,2
michigan,2
topical,2
wide,2
orbitalia,2
criteria,2
shape,2
inferred,2
received,2
emphasis,2
nonspecific,2
london,2
proportions,2
related,2
incremental,2
loss,2
misinterpreted,2
place,2
reflect,2
interpreted,2
cruzi,2
chemistry,2
hungary,2
arkansas,2
composite,2
field,2
shaping,2
tested,2
components,2
routine,2
gene,2
climate,2
anterior,2
always,2
specializations,2
subgroups,2
florida,2
inform,2
moved,2
deficiency,2
survived,2
trypanosoma,2
south,2
span,2
therefore,2
led,2
mariana,2
second,2
cribra,2
various,2
indeed,2
gender,2
overall,2
expansion,2
exception,2
still,2
humans,2
kaminaljuyu,2
confronting,2
foot,2
biogeochemical,2
examined,2
craniometrie,2
kluwer,2
exposure,2
carbonate,2
same,2
costs,2
allows,2
people,2
subpopulations,2
fairly,2
picture,2
addition,2
estimators,2
fundamental,2
areas,2
foods,2
pulp,2
mummy,2
nonmetric,2
anthropologist,2
never,2
conclusions,2
physiological,2
present,2
phytoliths,2
trabecular,2
mitochondrial,2
notch,2
blind,2
focusing,2
number,2
score,2
identifiable,2
another,2
published,2
demonstrated,2
predictive,2
meaningful,2
discussion,2
retzius,2
considering,2
made,2
lake,2
sciatic,2
heath,2
sequence,2
questions,2
variables,2
continue,2
california,2
described,2
publication,2
bayesian,2
played,2
lie,2
probable,2
earlier,2
generating,2
acadamy,2
systems,2
macroscopic,2
salt,2
often,2
assessing,2
ann,2
weanling,2
probably,2
southwest,2
northern,2
versus,2
attention,2
widely,2
space,2
carried,2
oxford,2
third,2
applications,2
publishing,2
note,2
window,2
independent,2
five,2
pathognomic,2
reasonable,2
clues,2
primarily,2
cranium,2
seen,2
detailed,2
contribution,2
sequences,2
length,2
why,2
responsible,2
greenland,2
itself,2
microstructural,2
problematic,2
grounded,2
clinical,2
magnitude,2
then,2
any,2
complexity,2
someday,2
consider,2
wear,2
bronze,2
carbondale,2
here,2
scenario,2
milk,2
cavity,2
very,2
benefit,2
phd,2
reactions,2
them,2
ones,2
theory,2
her,2
healthy,2
explored,2
diagenesis,2
larsen,2
recognition,2
ill,2
ohio,2
press,2
african,2
colonial,2
goals,2
uk,2
shown,2
reveals,2
detection,2
national,2
chemical,2
numic,2
instead,2
americas,2
regular,2
contamination,2
survivorship,2
views,2
asymmetry,2
much,2
infancy,2
building,2
major,2
hypothesis,2
difficult,1
hinders,1
go,1
archives,1
frail,1
indonesian,1
chromosome,1
rothschild,1
flow,1
limits,1
elite,1
indicated,1
develops,1
microstructures,1
differentials,1
toolkit,1
haplogroups,1
defining,1
reconsidered,1
extend,1
osteometric,1
terp,1
alone,1
extends,1
unusual,1
utility,1
calcaneus,1
unbiased,1
deciduous,1
carcinoma,1
expect,1
nagpra,1
likewise,1
group,1
reflection,1
needed,1
mesoamerica,1
prediction,1
mobility,1
masset,1
tend,1
sth,1
insertion,1
maize,1
ma,1
metatarsals,1
wm,1
sets,1
summaries,1
ways,1
mexican,1
chromosomes,1
ankara,1
investigating,1
meindl,1
unraveling,1
weaned,1
hip,1
considerations,1
acceptance,1
position,1
cancer,1
royal,1
harsh,1
predicting,1
unlike,1
distillation,1
encourage,1
cusp,1
preindustrial,1
mesolithic,1
australians,1
sagittal,1
tomb,1
calibration,1
source,1
chief,1
corresponding,1
annals,1
themes,1
highlight,1
colon,1
wharram,1
clarifying,1
consistent,1
highlighted,1
either,1
transitions,1
stressed,1
revisited,1
expands,1
certainly,1
distinguishing,1
interests,1
logistic,1
handle,1
distuption,1
ii,1
military,1
usher,1
culturally,1
motivations,1
disturbance,1
meaning,1
utilization,1
fragmentary,1
all,1
england,1
maturation,1
biomarker,1
confirmed,1
incorporating,1
reach,1
affinities,1
available,1
tradition,1
incisors,1
suggesting,1
together,1
great,1
farmers,1
follows,1
inherent,1
nui,1
paleoepidemiological,1
prognosis,1
concludes,1
quantified,1
expense,1
carnegie,1
resulting,1
evolving,1
inferring,1
mind,1
miles,1
influences,1
marine,1
metastic,1
bocherens,1
sexal,1
reading,1
solved,1
threshold,1
daniel,1
calculus,1
circumvent,1
similarities,1
depends,1
british,1
documenting,1
clavicle,1
oxus,1
takes,1
habitual,1
polymorphic,1
geochemical,1
mutation,1
demography,1
march,1
solving,1
tivity,1
chromosomal,1
account,1
vol,1
welcome,1
politics,1
activity,1
lytic,1
preceramic,1
consumers,1
ortner,1
fine,1
pestis,1
west,1
variations,1
point,1
infer,1
x,1
familial,1
robling,1
cited,1
bioarchaeolgy,1
anomalous,1
diaphyseal,1
horticultural,1
fossil,1
along,1
milder,1
representing,1
correlation,1
minimum,1
multisample,1
macronutrients,1
warfare,1
conclusively,1
inventory,1
londoners,1
rhomboid,1
usage,1
ranked,1
regarding,1
interments,1
ends,1
phase,1
oaxaca,1
metacarpals,1
collapse,1
affiliation,1
hazards,1
angles,1
rheumatoid,1
historically,1
ethical,1
reject,1
ironwithholding,1
resembling,1
against,1
amerindians,1
tables,1
september,1
philosophical,1
author,1
interest,1
domain,1
characteristic,1
relatively,1
osteoarthritis,1
adopted,1
santa,1
stojanowski,1
rites,1
microsample,1
walter,1
microdefect,1
acetabular,1
encyclopedia,1
century,1
expected,1
farewell,1
insult,1
snake,1
exercise,1
midcontinental,1
transitional,1
turn,1
pubic,1
plausibility,1
probabilities,1
developments,1
posterior,1
places,1
document,1
chilean,1
refer,1
back,1
encompass,1
concert,1
africans,1
biomolecular,1
fourier,1
circumference,1
effective,1
canine,1
animal,1
databases,1
compare,1
skewness,1
like,1
geological,1
communication,1
look,1
vice,1
deeply,1
crashes,1
metamorphosis,1
general,1
nuanced,1
rates,1
bubonic,1
weathering,1
phases,1
higher,1
hampers,1
holes,1
assessed,1
huaca,1
via,1
philadelphia,1
evaluates,1
americans,1
norse,1
réévaluation,1
privilege,1
edited,1
hissar,1
his,1
purely,1
continent,1
troubled,1
hypoplastic,1
arising,1
remain,1
molars,1
secrets,1
mycobacterium,1
breast,1
eskimos,1
calculation,1
craniofacial,1
mammals,1
oasis,1
politicaleconomic,1
phosphate,1
taller,1
insufficiency,1
supplement,1
similar,1
adjustments,1
parts,1
rapa,1
contributions,1
compromises,1
hardships,1
signatures,1
envision,1
distant,1
white,1
arbor,1
dismiss,1
consequences,1
epidemiological,1
pico,1
multivariate,1
addressing,1
reinterpretation,1
reason,1
recherches,1
tissue,1
distinct,1
acquisition,1
representativeness,1
carve,1
entry,1
occupational,1
benefits,1
foragers,1
emergence,1
coefficients,1
constrain,1
gradually,1
articulated,1
northeastern,1
kaestle,1
weak,1
frontalis,1
vitamin,1
frequently,1
observations,1
profile,1
benefited,1
four,1
commonly,1
valued,1
recovered,1
additional,1
surface,1
follow,1
polar,1
isolation,1
shuffle,1
generally,1
yersinia,1
cost,1
patterning,1
fronts,1
islanders,1
plenum,1
destructive,1
logit,1
drawing,1
oxalate,1
view,1
trajectories,1
categorical,1
dc,1
lori,1
descriptive,1
fuegian,1
advance,1
problem,1
bilateral,1
semiparametric,1
conspectus,1
bearing,1
appearance,1
basin,1
search,1
orbits,1
diferences,1
amsterdam,1
amelogenin,1
kurtosis,1
generates,1
curiosity,1
compassion,1
radiologial,1
mesoamerican,1
endeavor,1
representative,1
alepotrypa,1
term,1
kennewick,1
symptoms,1
accurately,1
applying,1
schwarcz,1
correction,1
neighboring,1
occupation,1
informed,1
transactions,1
buried,1
culinary,1
viewed,1
hams,1
intensity,1
criterion,1
cannot,1
promise,1
biases,1
scale,1
otherwise,1
introspection,1
gotland,1
however,1
extrapolation,1
hypothetical,1
unravel,1
malthusian,1
dundurn,1
tracking,1
wayne,1
mummies,1
receive,1
aspects,1
improve,1
gained,1
aging,1
enrichment,1
pseudoscience,1
identifications,1
supplanted,1
invisible,1
accounting,1
degrees,1
paleoenvironmental,1
rocks,1
strengths,1
reid,1
strict,1
teotihuacan,1
protein,1
unless,1
opal,1
significantly,1
part,1
denemark,1
stimulating,1
interna,1
comment,1
fractionated,1
revealed,1
positions,1
microenvironmental,1
periodicity,1
geology,1
virulence,1
repeating,1
describe,1
radiographs,1
older,1
fail,1
coca,1
constitute,1
contains,1
molleson,1
actually,1
biologicalanthropological,1
dieu,1
documented,1
lifeways,1
personal,1
focuses,1
legislation,1
il,1
stationary,1
assessor,1
showing,1
facial,1
own,1
challenging,1
healing,1
amazonia,1
errors,1
diagenetic,1
diagnosing,1
malanche,1
staple,1
responses,1
excavated,1
least,1
interregional,1
arise,1
hard,1
bouts,1
attributed,1
incisor,1
reliable,1
prevalence,1
applicability,1
order,1
peruvian,1
le,1
stimulated,1
emphasizes,1
ain,1
emerging,1
perished,1
nova,1
around,1
biotechnic,1
wider,1
highly,1
revealing,1
biologically,1
oral,1
breaking,1
disparate,1
peak,1
vive,1
fetal,1
bavarian,1
dudar,1
impossible,1
coast,1
hindrance,1
fossilization,1
fitzgerald,1
tracks,1
purification,1
renewed,1
extracted,1
cattle,1
dependent,1
infanticide,1
results,1
intracrown,1
notes,1
fossa,1
developmental,1
preliminary,1
finds,1
directional,1
gordon,1
auricular,1
geographical,1
activities,1
mapping,1
avoid,1
palaeoepidemiological,1
periods,1
pecos,1
analytic,1
tasks,1
poland,1
disjunct,1
units,1
situation,1
polyarthropathy,1
io,1
reduced,1
onset,1
dickel,1
absence,1
contact,1
architecture,1
scientific,1
pœdiatrica,1
symmetrical,1
correlating,1
indicative,1
located,1
horses,1
corporation,1
steps,1
islands,1
intersample,1
female,1
constraints,1
apatite,1
strains,1
estimations,1
indicates,1
experiences,1
manifest,1
balaban,1
basque,1
copan,1
amerindian,1
aldine,1
hold,1
direction,1
spectacular,1
nubia,1
perseus,1
contributing,1
pacific,1
misidenüfication,1
cohorts,1
violence,1
nondestructive,1
wake,1
makes,1
complication,1
thought,1
precolumbian,1
den,1
hens,1
under,1
fifth,1
faltering,1
challenged,1
index,1
tackle,1
raise,1
nutritionally,1
trophic,1
byers,1
experimental,1
lactation,1
organize,1
uneota,1
rayleigh,1
boost,1
rome,1
volume,1
drusini,1
angel,1
ßthalassaemia,1
alteration,1
simulation,1
osteopenia,1
critiques,1
morphognostic,1
anemic,1
challenge,1
confound,1
scan,1
coronal,1
think,1
relatedness,1
bring,1
approaching,1
varies,1
rock,1
projects,1
analytical,1
tirup,1
fact,1
ossuary,1
maternal,1
valid,1
limit,1
head,1
hershkovitz,1
match,1
exclusion,1
mycoses,1
enable,1
grave,1
break,1
isolate,1
reacted,1
hear,1
contemporary,1
substantially,1
pennsylvania,1
man,1
agree,1
schurr,1
terry,1
forms,1
enough,1
fits,1
bulky,1
centre,1
ballinger,1
innovative,1
porotìc,1
continuing,1
developing,1
unclear,1
see,1
potentially,1
strategies,1
immature,1
dentistry,1
aleuts,1
necessary,1
inductively,1
perhaps,1
markings,1
ignoring,1
assemblage,1
chalcolithic,1
free,1
supraorbital,1
regressing,1
dehydration,1
croatia,1
herbivores,1
ândyoder,1
difference,1
infectious,1
microscopic,1
greatest,1
atlantic,1
intent,1
mays,1
leh,1
accompanying,1
true,1
seafood,1
desert,1
discrimination,1
wijnaldum,1
systematics,1
including,1
paleodemographer,1
strongest,1
manifestations,1
identity,1
presentations,1
concern,1
indiana,1
findings,1
bocquetappel,1
mummified,1
entirely,1
knell,1
expression,1
angle,1
largely,1
assumption,1
mississippians,1
palaeodemographic,1
survey,1
electrophoresis,1
examination,1
diagnosed,1
full,1
samuel,1
aie,1
theories,1
involves,1
radiological,1
bacterial,1
paleoepidemiology,1
nursing,1
percy,1
erosive,1
ufe,1
soldiers,1
yields,1
crania,1
subadults,1
held,1
taphonomic,1
cassady,1
osteology,1
characterized,1
helpful,1
revised,1
geographically,1
skulls,1
tribal,1
high,1
collected,1
serves,1
microevolution,1
drilling,1
imbibed,1
kept,1
standard,1
abundant,1
segment,1
construct,1
men,1
myeloma,1
oxbow,1
margin,1
graves,1
readers,1
comparing,1
labour,1
improving,1
parallel,1
lines,1
become,1
osteoarchaeological,1
narrow,1
iteration,1
define,1
osteobiography,1
perikymata,1
greece,1
spain,1
looked,1
rickets,1
relative,1
joint,1
ago,1
hope,1
la,1
immigration,1
iceman,1
gleaned,1
examines,1
discriminating,1
authenticating,1
hindered,1
european,1
populationad,1
fog,1
arriving,1
suggestion,1
tests,1
lineages,1
aid,1
wellbeing,1
delimiting,1
coupled,1
sometimes,1
crucial,1
ecological,1
plays,1
tepe,1
geophysical,1
program,1
suspected,1
begin,1
alternate,1
huntergatherer,1
andean,1
phylogenetic,1
nexus,1
referred,1
affinity,1
imperialism,1
carbohydrates,1
hopeful,1
lives,1
linking,1
efficiency,1
periosteal,1
malnourished,1
united,1
dead,1
respect,1
education,1
types,1
osseous,1
deconstructing,1
aboriginal,1
caries,1
canada,1
combines,1
sound,1
interacts,1
detail,1
quantitative,1
rite,1
environment,1
reciprocal,1
variable,1
constant,1
striations,1
growing,1
sexing,1
pontecagnano,1
intensification,1
homogeneity,1
conjunction,1
simply,1
palaeopathological,1
geographic,1
tipu,1
concordance,1
solidly,1
soil,1
eskimo,1
histochemistry,1
temporal,1
septicemia,1
regress,1
society,1
temple,1
arthritis,1
squatting,1
starr,1
set,1
partitioning,1
chewing,1
galera,1
books,1
cultures,1
controversy,1
atacama,1
ratio,1
global,1
extraction,1
interested,1
sampling,1
odontometric,1
circumvented,1
best,1
ft,1
straightforward,1
etal,1
tandem,1
argue,1
counting,1
exploiting,1
altered,1
plague,1
loads,1
rely,1
powell,1
goods,1
cognitive,1
explicitly,1
u,1
rural,1
scores,1
person,1
dismissing,1
unlikely,1
rubidium,1
victims,1
biomechanical,1
unique,1
adults,1
ghazal,1
list,1
references,1
plants,1
larson,1
involvement,1
mandible,1
males,1
thirty,1
passed,1
extremeities,1
welldocumented,1
temporally,1
design,1
extent,1
while,1
correlates,1
studying,1
mycobacterial,1
imperial,1
influenced,1
intake,1
too,1
suggests,1
goodman,1
tracers,1
strain,1
remodeled,1
practical,1
socioeconomic,1
marking,1
researchers,1
deformity,1
preserved,1
thereby,1
refinement,1
conclude,1
affecting,1
kin,1
molar,1
cementai,1
confirm,1
insensi,1
improves,1
die,1
lies,1
step,1
assumptions,1
khoisan,1
congenital,1
programs,1
obtain,1
dakhleh,1
resistance,1
reconstruct,1
healed,1
arguments,1
challenges,1
metabolic,1
aims,1
au,1
harrison,1
sparked,1
survive,1
question,1
chile,1
until,1
histology,1
multiethnic,1
loth,1
birth,1
ordinal,1
manageable,1
frontiers,1
intertooth,1
disposal,1
average,1
arrows,1
biochemical,1
bout,1
numerous,1
internally,1
peru,1
proteins,1
structuring,1
contributed,1
microstructure,1
grown,1
include,1
typically,1
zto,1
isolating,1
crimes,1
consumption,1
smaller,1
costal,1
disruption,1
ukraine,1
grapple,1
probabilistic,1
repeat,1
shift,1
increased,1
archaic,1
needs,1
narrowly,1
osteologkal,1
blacks,1
drift,1
periodic,1
morphologic,1
refinements,1
microdefects,1
clarify,1
km,1
resolves,1
prospects,1
russia,1
elites,1
greenwich,1
estimator,1
deposits,1
digging,1
era,1
calibrating,1
embraces,1
northwestern,1
interaction,1
blastomycosis,1
develop,1
paleohistopathology,1
immediately,1
strong,1
mature,1
seek,1
teoühuacán,1
sedimentary,1
observed,1
famous,1
cross,1
premature,1
meeting,1
nckets,1
geoarchaeology,1
delayed,1
close,1
arizona,1
brazilian,1
