WORDCOUNTS,WEIGHT
and,1079
of,889
the,855
in,599
to,276
a,269
food,253
as,164
pp,163
is,150
archaeology,141
social,140
for,125
j,122
are,114
archaeological,112
that,109
on,108
or,106
m,94
at,89
p,83
from,79
university,71
with,71
feasting,70
new,58
s,57
american,53
studies,52
such,52
an,51
k,51
their,50
early,50
c,49
diversity,48
l,46
literature,45
remains,45
not,44
also,43
this,42
b,42
springer,41
these,40
d,40
archaeol,39
journal,39
may,39
res,39
it,38
they,38
consumption,38
feasts,37
economic,37
foodways,37
be,37
et,36
t,36
but,36
by,36
e,35
status,35
ancient,35
identity,35
archaeologists,34
al,33
study,32
storage,31
historical,31
foods,30
age,29
power,29
cooking,29
neolithic,28
well,28
production,27
department,27
have,27
between,27
different,26
gender,26
culture,26
bronze,26
phd,26
those,25
politics,25
research,25
practices,25
southern,25
often,25
political,24
than,23
cultural,23
diet,23
antiquity,23
past,23
particular,23
w,23
evidence,23
into,22
other,22
plant,22
anthropological,22
extent,22
more,21
which,21
all,20
labor,20
n,20
used,20
ethnicity,20
were,20
perspectives,20
both,20
among,20
ritual,19
differential,19
important,19
r,19
patterns,19
world,19
isotopie,18
g,18
late,18
van,18
preparation,18
society,18
ethnographic,18
do,18
animal,18
while,18
one,17
i,17
no,17
prehistoric,17
societies,17
data,17
through,17
anthropology,17
daily,17
complex,16
approaches,16
has,16
some,16
faunal,16
culinary,16
its,16
variety,16
only,16
meals,16
use,16
states,16
history,15
implications,15
thus,15
h,15
discussed,15
can,15
material,15
meat,15
press,15
medieval,14
mesoamerica,14
analyses,14
human,14
central,14
how,14
most,14
reflect,14
smithsonian,14
cuisine,14
religious,14
scholars,14
strategies,14
maya,14
ethnic,14
greece,14
institution,14
domestic,14
specific,14
zooarchaeology,13
household,13
eating,13
even,13
consuming,13
discussions,13
dietler,13
feast,13
community,13
many,13
especially,13
dietary,13
been,13
analysis,13
current,13
them,13
groups,12
women,12
differences,12
origins,12
record,12
during,12
activities,12
site,12
differentiation,12
elite,12
aegean,12
stable,12
complexity,12
roman,12
role,12
values,12
focus,12
f,11
relatively,11
rather,11
could,11
hayden,11
two,11
see,11
southwest,11
discard,11
any,11
particularly,11
investigation,11
theory,11
institute,11
illinois,11
much,11
center,10
religion,10
there,10
within,10
perspective,10
explore,10
subsistence,10
commonly,10
economics,10
isotope,10
prominent,10
structures,10
single,10
about,10
under,10
passions,10
plantation,10
so,10
methods,10
oxford,10
inside,10
mcdonald,10
prehistory,10
phenomena,10
socioeconomic,10
ethnoarchaeological,9
first,9
investigations,9
bones,9
review,9
interest,9
century,9
mexico,9
importance,9
parts,9
interpretations,9
markets,9
kluwer,9
members,9
drink,9
communal,9
areas,9
time,9
v,9
native,9
significant,9
stages,9
empires,9
what,9
form,9
plants,9
include,9
roles,9
der,8
if,8
village,8
identify,8
likely,8
contact,8
contexts,8
culturally,8
nature,8
context,8
occasional,8
discuss,8
york,8
special,8
animals,8
was,8
nottingham,8
academic,8
issues,8
settlement,8
when,8
limited,8
processing,8
postgraduate,8
hamilakis,8
model,8
mycenaean,8
ö,8
individual,8
methodological,8
latter,8
directions,8
must,8
nutritional,8
paper,8
distinctions,8
associated,8
commensal,8
whether,8
agricultural,8
conference,8
multiple,8
prospect,8
interdisciplinary,8
north,8
should,8
common,7
group,7
du,7
either,7
behind,7
point,7
development,7
consumed,7
gendered,7
topic,7
body,7
links,7
across,7
consider,7
organization,7
clearly,7
behaviour,7
aspects,7
sites,7
change,7
up,7
periods,7
volume,7
toward,7
practice,7
diets,7
twiss,7
number,7
theoretical,7
attention,7
ideology,7
series,7
international,7
then,7
economy,7
generally,7
urban,7
middle,7
scott,7
despite,7
sets,6
necessarily,6
california,6
reconstructions,6
england,6
rich,6
vegetation,6
ô,6
ad,6
great,6
activity,6
due,6
pig,6
spielmann,6
via,6
neighborhood,6
alaskan,6
based,6
issue,6
luxury,6
halstead,6
population,6
wright,6
broad,6
bar,6
mediterranean,6
small,6
cattle,6
value,6
south,6
investigating,6
vs,6
increasingly,6
variation,6
forms,6
hastorf,6
models,6
range,6
state,6
article,6
craft,6
topics,6
structure,6
increasing,6
science,6
who,6
life,6
simply,6
dining,6
cultures,6
coverage,6
ones,6
distribution,6
researchers,6
african,6
cambridge,6
socially,6
defined,6
southeastern,6
does,5
subías,5
stone,5
true,5
modern,5
lower,5
simple,5
quotidian,5
british,5
prehispanic,5
economies,5
iron,5
relationships,5
since,5
relations,5
engendering,5
slave,5
y,5
fort,5
identification,5
similar,5
certain,5
contributions,5
affect,5
additional,5
peru,5
â,5
method,5
plausibly,5
greater,5
diachronic,5
identifying,5
access,5
events,5
zooarchaeological,5
scale,5
produce,5
wide,5
public,5
criteria,5
because,5
pigs,5
apparent,5
people,5
approach,5
regions,5
foci,5
order,5
butchery,5
few,5
australian,5
mylona,5
using,5
san,5
classic,5
etc,5
yet,5
rubric,5
same,5
smith,5
joyce,5
anthropologist,5
outside,5
discussing,5
multiethnic,5
explicitly,5
interpreting,5
crown,5
private,5
behaviors,5
discussion,5
including,5
feeding,5
questions,5
significance,5
three,5
interpret,5
would,5
sykes,5
households,5
thomas,5
la,5
widely,5
note,5
investigate,5
physical,5
palace,5
colonialism,5
set,5
school,5
each,5
prominence,5
goods,5
rural,5
exploring,5
colonial,5
wild,5
space,5
numerous,5
stratification,5
integration,5
elites,5
chicago,5
interaction,5
uk,5
sunseri,5
final,4
difficult,4
later,4
religions,4
foraging,4
introduction,4
debris,4
tend,4
maize,4
ostensibly,4
bias,4
considerations,4
trace,4
absence,4
island,4
definition,4
archaeologically,4
available,4
agrarian,4
found,4
link,4
hunting,4
china,4
less,4
key,4
prior,4
archaeobotany,4
isaakidou,4
resources,4
konsolaki,4
ross,4
behavior,4
facets,4
surplus,4
exist,4
de,4
against,4
bone,4
sheffield,4
recognized,4
reflects,4
ceramics,4
factors,4
specialization,4
presumably,4
producers,4
ideologies,4
impact,4
upper,4
beyond,4
expressed,4
problem,4
near,4
initial,4
memory,4
chinese,4
wealth,4
sacrifice,4
future,4
ethnohistory,4
received,4
part,4
good,4
responses,4
successful,4
field,4
le,4
family,4
several,4
enslaved,4
mound,4
highly,4
presence,4
ancestors,4
always,4
various,4
pottery,4
crete,4
female,4
still,4
interactions,4
parker,4
noted,4
rise,4
fact,4
diverse,4
farming,4
fragments,4
colony,4
represented,4
communities,4
deposits,4
detailed,4
largely,4
negotiating,4
trade,4
historic,4
dominated,4
period,4
northern,4
africa,4
archaeobotanical,4
means,4
strongly,4
veen,4
responsible,4
get,4
interpretive,4
rarely,4
gumerman,4
here,4
over,4
mutually,4
regard,4
ideological,4
linked,4
far,4
art,4
challenges,4
analysts,4
question,4
locations,4
difference,4
aware,4
big,4
recent,4
chronological,3
engendered,3
considerably,3
junker,3
per,3
partially,3
offerings,3
agency,3
ample,3
ma,3
situation,3
easily,3
former,3
western,3
virtually,3
pots,3
themes,3
specifically,3
jackson,3
creation,3
asia,3
dramatically,3
crops,3
display,3
reveal,3
last,3
influences,3
majority,3
crader,3
stew,3
taphonomic,3
eastern,3
gaps,3
possible,3
symbolic,3
archaeohotany,3
very,3
negotiation,3
tied,3
pursuing,3
strasser,3
surely,3
eras,3
component,3
sample,3
mycenean,3
hierarchy,3
consumables,3
santa,3
overt,3
difficulty,3
left,3
stereotypical,3
pueblo,3
traditions,3
hardly,3
opposed,3
whose,3
his,3
developed,3
remain,3
risk,3
gainesville,3
shang,3
derived,3
signatures,3
changes,3
winchester,3
pestle,3
fish,3
hesse,3
resource,3
metal,3
whereas,3
uses,3
result,3
avenue,3
inherent,3
shared,3
rooms,3
chaff,3
light,3
eat,3
almost,3
fuel,3
term,3
embedded,3
focused,3
tools,3
produced,3
cannot,3
wherein,3
biases,3
explain,3
required,3
facilities,3
hierarchies,3
directly,3
charred,3
work,3
andes,3
significantly,3
discusses,3
example,3
indigenous,3
rituals,3
away,3
own,3
staple,3
least,3
optimal,3
sense,3
kosher,3
recognition,3
essentially,3
coast,3
axes,3
pearson,3
will,3
delve,3
therefore,3
belize,3
populations,3
britain,3
comparative,3
prove,3
make,3
scarcity,3
competition,3
represents,3
fifth,3
oven,3
politicoeconomic,3
assimilation,3
mckee,3
strata,3
lack,3
challenge,3
mark,3
others,3
haute,3
underserved,3
bogaard,3
tremendous,3
fundamental,3
perceptible,3
classical,3
reilly,3
considerable,3
pennsylvania,3
arguably,3
readers,3
landscape,3
belief,3
years,3
classes,3
understanding,3
nutrition,3
background,3
assemblages,3
israel,3
mortuary,3
herbich,3
entirely,3
individuals,3
complicated,3
explorations,3
meanings,3
authors,3
express,3
points,3
feature,3
mississippian,3
characterized,3
function,3
miracle,3
distinction,3
exchange,3
systems,3
constructing,3
become,3
relation,3
acquire,3
probably,3
anatolia,3
cereals,3
separate,3
dabney,3
limiting,3
stage,3
where,3
emulation,3
ecological,3
five,3
kotsakis,3
fully,3
select,3
primarily,3
markers,3
construction,3
respect,3
paleoethnobotanical,3
suprahousehold,3
peoples,3
conditions,3
spanish,3
ethnoarchaeology,3
extensive,3
economically,3
perhaps,3
swan,3
why,3
berkeley,3
pylos,3
control,3
interested,3
argue,3
works,3
living,3
spatial,3
stability,3
imperial,3
alcohol,3
size,3
import,3
vessels,3
boston,3
monticello,3
city,3
variability,3
extended,3
contribute,3
wapnish,3
varied,3
subsumed,3
potter,3
argues,3
burnt,3
offer,3
although,3
typically,3
ecofactual,3
wiessner,3
shell,3
share,3
potential,3
mee,3
pathways,3
vary,3
era,3
sharing,3
deposition,3
exclusively,3
northwestern,3
little,3
traditional,3
broader,3
major,3
go,2
inka,2
now,2
interhousehold,2
currently,2
done,2
provisioning,2
oriented,2
edge,2
caprines,2
meaning,2
created,2
market,2
consume,2
adoption,2
appear,2
notably,2
tienen,2
qisar,2
likewise,2
large,2
dc,2
residences,2
eaten,2
summarizing,2
tiers,2
rewards,2
gust,2
mexican,2
postprocessual,2
habits,2
antebellum,2
eye,2
test,2
being,2
certainly,2
kennedy,2
taken,2
concentrated,2
humans,2
alienation,2
capital,2
assess,2
serjeantson,2
together,2
sociality,2
farmers,2
harrell,2
potentially,2
studied,2
able,2
composition,2
palatial,2
room,2
embrace,2
written,2
chiefdoms,2
racial,2
el,2
case,2
woodlands,2
forum,2
existence,2
foundation,2
botanical,2
behavioral,2
albeit,2
bird,2
earlier,2
u,2
agriculture,2
right,2
addresses,2
atalay,2
establishing,2
solely,2
alter,2
dinner,2
fine,2
apart,2
combination,2
above,2
along,2
intrasocietal,2
nationalism,2
avenues,2
centralized,2
includes,2
throughout,2
regularly,2
schutkowski,2
historically,2
dynamics,2
tables,2
ireland,2
neighbors,2
ability,2
concentrations,2
consumer,2
coexistence,2
taste,2
mesopotamian,2
defense,2
developments,2
items,2
old,2
times,2
amount,2
young,2
levantine,2
egypt,2
mesolithic,2
schulz,2
look,2
deeply,2
precontact,2
jones,2
influence,2
competitive,2
carrasco,2
surprisingly,2
simultaneously,2
profoundly,2
english,2
main,2
angeles,2
proceedings,2
breadth,2
coastal,2
conceptions,2
active,2
deliberately,2
proportion,2
se,2
accumulate,2
direct,2
interrelationship,2
institutionalized,2
symbols,2
lacking,2
arbor,2
topmost,2
evolution,2
productive,2
provides,2
margomenou,2
bonds,2
reason,2
understand,2
acquisition,2
klarich,2
byproducts,2
tensions,2
fast,2
river,2
established,2
boulder,2
emergence,2
latin,2
section,2
just,2
variance,2
numbers,2
dominate,2
house,2
frequently,2
faith,2
situations,2
gero,2
powerful,2
graves,2
spirit,2
goats,2
position,2
pork,2
requires,2
exploitation,2
archeological,2
australasian,2
testify,2
preference,2
decades,2
view,2
organic,2
sicán,2
raw,2
closely,2
lead,2
premise,2
allow,2
inequality,2
lowland,2
discount,2
harder,2
mesakin,2
habitually,2
treatments,2
embracing,2
out,2
coupland,2
fourth,2
ann,2
çatalhõyíik,2
dynasty,2
indirect,2
lightfoot,2
boundaries,2
otherwise,2
fox,2
levant,2
kirch,2
shape,2
none,2
basis,2
invisible,2
clarke,2
bc,2
los,2
concept,2
stores,2
overview,2
fit,2
place,2
obscured,2
constitute,2
inedibles,2
herding,2
regional,2
differentially,2
participate,2
enhances,2
relative,2
redistribution,2
published,2
hard,2
working,2
manners,2
theoretically,2
suggest,2
indicators,2
applicability,2
involved,2
textual,2
quantification,2
maneuvering,2
distinguished,2
langen,2
annual,2
visible,2
results,2
und,2
notes,2
appropriate,2
beverages,2
aggregate,2
avoid,2
input,2
symbolism,2
processual,2
he,2
matter,2
attributable,2
formative,2
expanded,2
experiences,2
freiwald,2
settings,2
strategic,2
tends,2
bread,2
southeast,2
foot,2
archaeologist,2
interpretation,2
museum,2
opportunities,2
neopalatial,2
suited,2
east,2
continuity,2
restricted,2
challenged,2
us,2
subset,2
transformations,2
watson,2
memories,2
garbage,2
friedel,2
industrial,2
insights,2
hearth,2
useful,2
definitions,2
lewis,2
french,2
europe,2
slavery,2
observance,2
analytical,2
husbandry,2
zeder,2
ceramic,2
mintz,2
iberian,2
crop,2
larger,2
demonstrating,2
end,2
ages,2
took,2
present,2
remarkable,2
perodie,2
stony,2
empire,2
timing,2
establish,2
relevant,2
heavily,2
containers,2
reconstructing,2
assemblage,2
ecology,2
degree,2
another,2
local,2
simon,2
sensory,2
considering,2
made,2
chiefly,2
sacrifices,2
renders,2
complexities,2
asian,2
expression,2
tel,2
emphasize,2
inherently,2
processes,2
recovery,2
theories,2
low,2
niziolek,2
clear,2
weismantel,2
held,2
like,2
waiter,2
high,2
hacienda,2
equids,2
black,2
philippine,2
facing,2
feet,2
drinking,2
assessing,2
greatly,2
bryn,2
hierarchical,2
wills,2
concluding,2
ethnographically,2
differ,2
ate,2
italy,2
adaptive,2
ambrose,2
normal,2
greek,2
cruz,2
species,2
european,2
consists,2
negotiations,2
relationship,2
islamic,2
today,2
bulk,2
sometimes,2
usually,2
opératoire,2
plays,2
begin,2
male,2
dimensions,2
seen,2
politicosymbolic,2
began,2
lives,2
inadequate,2
minoan,2
examine,2
united,2
surprising,2
frontier,2
stross,2
types,2
phillips,2
problematic,2
considered,2
quantitative,2
acquired,2
meant,2
tribe,2
orkney,2
constant,2
colonists,2
psychoactive,2
changing,2
geographic,2
extension,2
theme,2
grazing,2
equation,2
modeling,2
know,2
privacy,2
intellectual,2
colonization,2
environment,2
cemetery,2
specialized,2
worth,2
exploration,2
chaîne,2
did,2
best,2
contextual,2
circumscription,2
obviously,2
rely,2
edible,2
pollock,2
associations,2
identities,2
distinctive,2
merely,2
table,2
person,2
turned,2
surpluses,2
purchase,2
combined,2
mccormick,2
terms,2
making,2
artifactual,2
signature,2
cuisines,2
prestige,2
studying,2
explored,2
information,2
cognitively,2
emphasis,2
des,2
tuma,2
emergent,2
given,2
beer,2
kitchens,2
fl,2
arguments,2
phenomenon,2
allows,2
representation,2
aspect,2
think,2
remarks,2
prepared,2
basin,2
crabtree,2
reitz,2
mode,2
motives,2
applicable,2
consumers,2
dense,2
forbes,2
specialists,2
product,2
simons,2
involving,2
france,2
inequalities,2
maximization,2
optimization,2
extremely,2
intriguing,2
vessel,2
carbon,2
valuable,2
third,2
themselves,2
russia,2
marxist,2
uncertainty,2
texts,2
views,2
nonhierarchical,2
element,2
duration,2
building,2
paleoethnobotany,1
mingled,1
repay,1
margins,1
moro,1
politicoeconomics,1
estudos,1
tomkins,1
respected,1
mostly,1
appropriation,1
o,1
brumfiel,1
accidents,1
ville,1
riobamba,1
evaluations,1
way,1
anatolian,1
gujarat,1
altamira,1
plover,1
tropics,1
imported,1
slaughter,1
separated,1
represent,1
ethnicities,1
personnel,1
extreme,1
extend,1
environmental,1
arrive,1
worthy,1
dynastic,1
methodologies,1
mackerel,1
measures,1
chabal,1
derive,1
intersect,1
utility,1
originate,1
distributed,1
reflective,1
germany,1
comparability,1
casitas,1
intrahousehold,1
becoming,1
inception,1
conducted,1
creta,1
hay,1
kinds,1
elaborated,1
enhance,1
disappeared,1
cultivating,1
formed,1
informative,1
live,1
carpenter,1
schools,1
authority,1
uniquely,1
specialist,1
sumptuary,1
fray,1
earthly,1
mit,1
nationalistic,1
better,1
isolationist,1
grove,1
weaker,1
animaux,1
motive,1
overlook,1
urhanism,1
comparisons,1
vitally,1
ameliorated,1
recreation,1
had,1
allies,1
presents,1
burn,1
unlike,1
evaluating,1
variants,1
individually,1
total,1
postprocessualism,1
accentuated,1
before,1
perego,1
monasticism,1
nineteenth,1
plantations,1
thematic,1
arguing,1
source,1
mote,1
experience,1
ethnoreligious,1
minimizes,1
round,1
oceania,1
expanding,1
islamization,1
passion,1
gap,1
upland,1
explaining,1
provision,1
lightly,1
sources,1
familiarity,1
rathje,1
ethnologist,1
walnut,1
tribute,1
conspecifics,1
interests,1
concerned,1
entailed,1
originally,1
supplicants,1
proud,1
overproduction,1
afrovirginian,1
diego,1
might,1
address,1
utilization,1
emulators,1
actual,1
articulate,1
action,1
dennell,1
commensalism,1
schriftlichen,1
eats,1
editions,1
mitteleuropas,1
peruvians,1
detritus,1
gary,1
utah,1
moundville,1
kern,1
rhode,1
salmon,1
ameliorating,1
principles,1
limb,1
interrogating,1
capitalist,1
continue,1
tradition,1
explores,1
secondary,1
broadly,1
broken,1
prey,1
subsume,1
desire,1
undertake,1
seeds,1
convert,1
ben,1
thank,1
richards,1
exotic,1
supernatural,1
katheryn,1
wessex,1
thanks,1
taboos,1
onto,1
manoa,1
court,1
festivities,1
resulting,1
take,1
real,1
invalidate,1
concealment,1
inland,1
setting,1
bedevils,1
pauketat,1
roasting,1
affiliation,1
inferring,1
habitus,1
mind,1
alert,1
emphasized,1
norway,1
mogollon,1
taxonomie,1
unwanted,1
decreased,1
nina,1
deserve,1
return,1
tell,1
papers,1
moyenage,1
nomadic,1
piper,1
akin,1
side,1
paleoecologia,1
theorizing,1
generosity,1
habitual,1
milner,1
intrapopulation,1
dearth,1
excusable,1
plain,1
verlag,1
linear,1
ê,1
tie,1
autonomous,1
foundational,1
shean,1
unaware,1
inca,1
anthropozoologica,1
primary,1
masked,1
america,1
difficulties,1
pierce,1
changed,1
retain,1
design,1
dichotomous,1
figs,1
account,1
indirectly,1
recentness,1
welcome,1
determined,1
marked,1
cooperation,1
goody,1
illustrate,1
zuni,1
reply,1
characterize,1
mm,1
feinman,1
fishing,1
bibliography,1
mobilizing,1
newfoundland,1
obvious,1
ovens,1
purchases,1
reflection,1
variations,1
say,1
reflecting,1
infer,1
tablets,1
palaeoethnobotanical,1
establishment,1
alimentation,1
quantity,1
huray,1
dynamic,1
deities,1
undoubtedly,1
obfuscation,1
rees,1
interact,1
gastronomy,1
minimum,1
mesoamerican,1
identifies,1
cretan,1
wm,1
estuarine,1
mealing,1
granaries,1
travers,1
consolidates,1
banqueted,1
ritualization,1
dietsy,1
ranked,1
optimism,1
pithouse,1
relies,1
extinct,1
regarding,1
goal,1
bin,1
pounding,1
domesticated,1
widened,1
totalitarian,1
cemeteries,1
southwestern,1
hageman,1
haut,1
spectrum,1
campbell,1
nonmonetary,1
pursue,1
deserving,1
malinowski,1
sacramento,1
audiencia,1
essay,1
neighbours,1
bridging,1
modes,1
basal,1
storehouse,1
sequentially,1
monotheistic,1
rites,1
price,1
signifiers,1
eurasian,1
expeditions,1
weeden,1
materially,1
employing,1
pay,1
salado,1
rooted,1
extensively,1
financing,1
progressive,1
unity,1
insoll,1
nelson,1
elements,1
immigrants,1
stored,1
bay,1
virginian,1
artisans,1
enga,1
refer,1
profound,1
disproportionately,1
lovers,1
torata,1
response,1
serving,1
disinterest,1
holds,1
myth,1
allowing,1
emphases,1
danebury,1
excavations,1
nonkosher,1
vancouver,1
publications,1
alliances,1
compare,1
find,1
equipment,1
mittelalters,1
hosting,1
suitability,1
multifaceted,1
geographically,1
performative,1
disentangling,1
kutna,1
marital,1
festivals,1
rationing,1
êï,1
adult,1
casella,1
nuanced,1
valleys,1
rates,1
theoretic,1
tilling,1
walls,1
weirs,1
poverty,1
purchasing,1
industries,1
preconsumption,1
alabama,1
unlikely,1
lesser,1
collagen,1
preagricultural,1
seventh,1
rights,1
dish,1
assessed,1
gaining,1
huaca,1
archaic,1
swine,1
enhancing,1
philadelphia,1
tsouzinga,1
norse,1
russian,1
without,1
allegiances,1
miaopu,1
statements,1
middling,1
prince,1
residence,1
ways,1
jennings,1
haustierhaltung,1
solidarity,1
postcontact,1
uncorking,1
basic,1
weighted,1
unit,1
provocation,1
levels,1
corinth,1
preparing,1
untangling,1
cremation,1
presentation,1
process,1
precluded,1
contemplation,1
completely,1
ce,1
schoolhouse,1
opportunity,1
associate,1
chichi,1
scottish,1
rigor,1
rossel,1
amazonian,1
institutionalization,1
belizean,1
plots,1
ongoing,1
kilns,1
enacted,1
echoed,1
mobilize,1
offering,1
rules,1
collecting,1
feel,1
leftovers,1
sanglier,1
consequences,1
paleolithic,1
intensity,1
front,1
periodic,1
postprocessualist,1
risks,1
addressing,1
contestation,1
mcgovern,1
pits,1
soul,1
references,1
category,1
discernible,1
nor,1
conscious,1
viejas,1
bad,1
immigrant,1
wages,1
civilizations,1
locally,1
dichotomy,1
reinforcement,1
nitrogen,1
physically,1
familiar,1
workmen,1
tuscon,1
fishes,1
wong,1
ethnobiology,1
technology,1
overproduce,1
placed,1
methodist,1
traces,1
invariably,1
gradually,1
preoccupation,1
dallas,1
differentiators,1
quantify,1
inextricable,1
characterizations,1
michael,1
quarters,1
too,1
underexplored,1
suspend,1
converting,1
show,1
jars,1
ecuador,1
digesting,1
albuquerque,1
nyerges,1
indications,1
followed,1
modeled,1
problems,1
unequally,1
recur,1
committee,1
shifted,1
index,1
restriction,1
pleistocene,1
endemic,1
helped,1
mawr,1
intricacies,1
providing,1
management,1
drawing,1
cut,1
stands,1
myths,1
perceive,1
aceramic,1
constructive,1
reflections,1
conquest,1
meaty,1
character,1
advance,1
dumps,1
suburbs,1
participants,1
columbia,1
underrepresented,1
blissful,1
plateau,1
arrival,1
declined,1
bildlichen,1
histories,1
rule,1
hungarian,1
entered,1
carcasses,1
smell,1
oil,1
taboo,1
nutrients,1
circa,1
rencontres,1
austin,1
pass,1
oh,1
specialize,1
internationalies,1
noting,1
perpetuating,1
jaws,1
mimicked,1
commoners,1
medicines,1
struggles,1
ethnohistorical,1
celebrated,1
we,1
phenomenology,1
acquiring,1
urbanization,1
confronts,1
amazon,1
kingsmill,1
schwarcz,1
wadley,1
david,1
ranking,1
occupation,1
birthday,1
though,1
fishermen,1
nobles,1
technical,1
caves,1
war,1
appadurai,1
michigan,1
reviews,1
endow,1
keywords,1
opining,1
afforded,1
default,1
viewed,1
coresidence,1
subarctic,1
osmore,1
reinforce,1
hendon,1
meet,1
analogous,1
applied,1
normans,1
appearing,1
energy,1
metals,1
masculine,1
dialectic,1
saving,1
jessica,1
dietarily,1
knossos,1
colonies,1
jewish,1
gods,1
poor,1
symbolically,1
coreligionists,1
marie,1
lentacker,1
receive,1
aspiration,1
comestibles,1
feminine,1
claassen,1
gained,1
having,1
côte,1
flannery,1
degrees,1
artifacts,1
peritia,1
gains,1
underrepresentation,1
horticulture,1
obscure,1
organize,1
schlachtsitten,1
fraser,1
hang,1
comprises,1
locus,1
distinguish,1
persistence,1
subtler,1
brought,1
nemea,1
interand,1
story,1
characterization,1
advancement,1
uncover,1
london,1
bois,1
proportions,1
knowledge,1
transcended,1
related,1
patterning,1
homeland,1
irish,1
revealed,1
processualism,1
wildfowl,1
nuba,1
popper,1
egalitarian,1
whole,1
year,1
jamieson,1
discourage,1
northwest,1
editorial,1
travel,1
myriad,1
partly,1
collective,1
contains,1
beginnings,1
keep,1
relevance,1
aztec,1
subthemes,1
long,1
contextualizing,1
taxa,1
survey,1
runs,1
winter,1
documented,1
lifeways,1
focuses,1
il,1
systematic,1
entails,1
artifact,1
horizon,1
universally,1
my,1
challenging,1
pemba,1
attributed,1
pappa,1
manipulation,1
refuse,1
wantonlymanhazard,1
extrafamilial,1
hungary,1
asymmetries,1
kentucky,1
naked,1
solution,1
eine,1
ratios,1
normally,1
cooremans,1
presented,1
below,1
adherents,1
embodied,1
spice,1
shaping,1
defrance,1
simpler,1
reliable,1
involve,1
alcoholic,1
level,1
politically,1
contrast,1
wandsnider,1
cope,1
exclude,1
diagnostic,1
insurance,1
sake,1
around,1
heat,1
summon,1
goldstein,1
habitation,1
characteristics,1
workshops,1
gradations,1
pickled,1
knives,1
cacao,1
components,1
este,1
biologically,1
banqueting,1
mulberry,1
cool,1
comfort,1
dramatic,1
thereby,1
decline,1
texas,1
xunantunich,1
villages,1
potent,1
impossible,1
division,1
dedicated,1
tracks,1
jordan,1
cosmology,1
necessity,1
nepeña,1
inaccessible,1
said,1
morehart,1
citations,1
paid,1
ceren,1
florida,1
provided,1
newly,1
ortman,1
finds,1
pot,1
pervasive,1
moved,1
actions,1
palaeodiet,1
deboer,1
gordon,1
reducing,1
promising,1
lattara,1
lend,1
cumanian,1
nations,1
settlers,1
integrating,1
llc,1
critical,1
became,1
tasks,1
statuses,1
roasted,1
second,1
dogs,1
coeval,1
delineating,1
critics,1
ramifications,1
opposites,1
ceremonial,1
subtheme,1
provide,1
shimada,1
entitled,1
noble,1
irrelevance,1
constantly,1
indicative,1
logically,1
evaluate,1
appearances,1
alma,1
positions,1
located,1
overall,1
barley,1
maher,1
play,1
description,1
motivated,1
guts,1
unconscious,1
legumes,1
acknowledged,1
sangro,1
islands,1
nearly,1
exception,1
textually,1
deviation,1
gift,1
projecting,1
reconstruction,1
threshing,1
garden,1
domination,1
everywhere,1
standing,1
macrobotanical,1
puebloans,1
covert,1
logical,1
contra,1
renew,1
renard,1
intracommunity,1
oftencooked,1
segregate,1
scomber,1
illuminating,1
biological,1
label,1
hegmon,1
jarvenpa,1
sauvages,1
sincere,1
ubiquity,1
simultaneous,1
indus,1
frankish,1
repurposing,1
abundances,1
domesticates,1
wake,1
read,1
happened,1
acknowledgments,1
esoteric,1
precolumbian,1
staller,1
ring,1
den,1
paleobotanical,1
columbus,1
mobile,1
palaces,1
easing,1
neither,1
differentiate,1
reconciliation,1
cooks,1
subsuming,1
elizabeth,1
mammal,1
sociological,1
included,1
prehistorians,1
home,1
emigdio,1
overtly,1
christakis,1
nutritionally,1
trobriand,1
abuse,1
dropped,1
every,1
formalized,1
experimental,1
mediaeval,1
floor,1
nonaristocratic,1
topical,1
ornamental,1
climatic,1
reliance,1
eisenberg,1
assimilated,1
dene,1
inedible,1
entwined,1
decomposition,1
dothan,1
antica,1
fill,1
sherratt,1
fabulous,1
nova,1
transformative,1
actually,1
needy,1
starting,1
funerary,1
ho,1
critiques,1
successfully,1
unreliable,1
law,1
book,1
conceal,1
omission,1
dichotomies,1
decoration,1
locust,1
catchall,1
fragmentation,1
preferences,1
koulouras,1
varies,1
stripes,1
towns,1
domains,1
contaminating,1
segregating,1
foodstuffs,1
ecuadorian,1
behavioralecological,1
germanjewish,1
linseele,1
swans,1
valid,1
consideration,1
limit,1
treatment,1
preserve,1
overwhelming,1
head,1
villa,1
phalanx,1
mnemonic,1
walshaw,1
complementing,1
weeds,1
environs,1
beliefs,1
appeared,1
wine,1
abstract,1
exclusion,1
quellen,1
attempting,1
regulation,1
really,1
pacific,1
pastoralism,1
doubt,1
distributions,1
prosaic,1
subjection,1
yearbook,1
serious,1
reasons,1
sebastian,1
malpaso,1
devil,1
ruler,1
puzzling,1
never,1
tier,1
hand,1
sialupe,1
evoke,1
consciously,1
gibier,1
monographs,1
everyday,1
geography,1
archaeologies,1
increases,1
formation,1
cambodia,1
puerto,1
mayanists,1
stalking,1
arzu,1
compounds,1
continuing,1
developing,1
equate,1
validity,1
existing,1
receives,1
eliciting,1
vulnerable,1
contracted,1
norwegian,1
ultimately,1
answer,1
achieving,1
necessary,1
politic,1
norms,1
minneapolis,1
intensify,1
invitation,1
amundsen,1
impoverished,1
literatures,1
chalcolithic,1
shifts,1
winterhaider,1
regionally,1
saunders,1
insured,1
palestine,1
bulletin,1
backbone,1
recognizing,1
aggregation,1
leidorf,1
technologies,1
predictive,1
casual,1
investigated,1
dissimilar,1
supplies,1
rulers,1
olmec,1
atlantic,1
survive,1
intent,1
observable,1
easier,1
comprise,1
explanation,1
politicians,1
bear,1
slaves,1
dissuading,1
hindu,1
postclassic,1
arose,1
homesteads,1
previously,1
manifestations,1
henan,1
samples,1
quest,1
birds,1
skeletal,1
findings,1
paleofeces,1
controlling,1
unstated,1
residues,1
olmecists,1
additions,1
assume,1
ideas,1
products,1
rare,1
kingdom,1
maintains,1
salvador,1
examination,1
franklin,1
chosen,1
full,1
macro,1
chemical,1
interethnic,1
vulnerability,1
dating,1
soup,1
photosynthetic,1
involves,1
weaving,1
specimen,1
clearing,1
ties,1
quadrupled,1
radovesice,1
landscapes,1
urbana,1
biblical,1
oriental,1
reality,1
reward,1
egos,1
gesture,1
chocolate,1
perihistorians,1
domestication,1
maintenance,1
domestications,1
pleasingly,1
honduran,1
symposium,1
feasible,1
divisions,1
variant,1
reviewers,1
collaboration,1
zealand,1
creolization,1
ny,1
general,1
skulls,1
creating,1
am,1
played,1
collected,1
synthese,1
dry,1
maximize,1
pantries,1
contributed,1
kept,1
keene,1
spirits,1
after,1
expressing,1
gardening,1
courtyard,1
men,1
spent,1
testart,1
artificial,1
accouterments,1
finite,1
indubitably,1
consistently,1
sanctuary,1
witness,1
comparing,1
stahl,1
construct,1
dawson,1
promote,1
salt,1
coral,1
viewpoint,1
narrow,1
correlated,1
mulberries,1
crc,1
deliberate,1
sacred,1
excluded,1
hildebrand,1
intake,1
usa,1
blurs,1
esag,1
parameters,1
grain,1
ground,1
versus,1
shed,1
reiterate,1
tendency,1
highlands,1
connections,1
quarterly,1
temporality,1
sugar,1
ago,1
quarter,1
privatization,1
moquegua,1
soil,1
boundarybuilding,1
brown,1
performing,1
pohl,1
fails,1
genesis,1
implicitly,1
enough,1
çatalhôyiik,1
seasons,1
tests,1
christian,1
groupings,1
aus,1
flesh,1
communality,1
precious,1
dominates,1
faynan,1
window,1
ostensible,1
indigenization,1
secular,1
inhabitants,1
mixture,1
segments,1
foreign,1
you,1
pithoi,1
staples,1
testing,1
fields,1
nasca,1
americanist,1
arabia,1
palenque,1
pieces,1
mennell,1
prudent,1
monterey,1
mithraeum,1
arqueologia,1
andean,1
fewer,1
sway,1
complicate,1
institutions,1
ritualized,1
palestinian,1
deposit,1
tandir,1
render,1
dirt,1
visual,1
nj,1
interplay,1
wilson,1
transformation,1
palimpsest,1
bins,1
cherry,1
countries,1
observation,1
spanning,1
unforgiving,1
diagnosis,1
rot,1
provider,1
class,1
festal,1
variably,1
introductory,1
luxurious,1
dans,1
expectations,1
quite,1
mounds,1
renaissance,1
tapped,1
fall,1
researcher,1
greenland,1
prolegomenon,1
dead,1
stratified,1
charlottesville,1
bcad,1
centuries,1
itself,1
atypicality,1
face,1
articles,1
sweetness,1
olives,1
involuntary,1
nowhere,1
pressures,1
areal,1
earliest,1
cam,1
freeing,1
middens,1
reallocations,1
caucha,1
addressed,1
meal,1
supply,1
differentiated,1
formalization,1
suggestions,1
extrapolate,1
variable,1
eschewed,1
deposited,1
donors,1
neuzeit,1
reliant,1
following,1
inculcate,1
dispersed,1
underpinned,1
melanesia,1
naples,1
elaborate,1
conclusion,1
het,1
greeks,1
accordance,1
mentioned,1
intensification,1
incorporated,1
macrobotanically,1
measurements,1
passover,1
metallurgists,1
memorialize,1
accounts,1
mutton,1
reinforced,1
porc,1
known,1
malines,1
rosenswig,1
debatably,1
temporal,1
reemphasizing,1
membership,1
rchaeology,1
elevates,1
schoeninger,1
temple,1
doi,1
ceramicists,1
earle,1
offers,1
multiply,1
alternative,1
colorado,1
integrative,1
hospitality,1
puebloan,1
quickly,1
feelings,1
mantaro,1
easy,1
immured,1
natural,1
dairy,1
proof,1
principle,1
tendencies,1
country,1
finance,1
middlingsized,1
tomb,1
sheep,1
expenditures,1
jochim,1
novel,1
attribute,1
confident,1
ubiquitous,1
clarify,1
half,1
cyclical,1
temper,1
tunisia,1
condiments,1
minimized,1
speech,1
counting,1
underrecognized,1
iii,1
orser,1
milk,1
sudan,1
hermitage,1
yentsch,1
sapelo,1
ethiopia,1
taube,1
benefit,1
reflected,1
cities,1
differed,1
wood,1
çatalhôyûk,1
type,1
absolutely,1
akha,1
advances,1
madera,1
destroyed,1
feminist,1
beth,1
tastes,1
subterranean,1
growing,1
beginning,1
butcher,1
lens,1
draw,1
game,1
according,1
scholarly,1
ethnically,1
occur,1
nestor,1
pooled,1
automatically,1
heads,1
notable,1
perceiving,1
conservatism,1
implicit,1
amarna,1
involvement,1
sociology,1
thirty,1
cahokia,1
maintain,1
covers,1
mere,1
warn,1
novelty,1
heavier,1
intracultural,1
characterizes,1
foundations,1
correlates,1
butchers,1
dissecting,1
neanderthal,1
divide,1
amy,1
gardens,1
proposing,1
treatises,1
observations,1
neomarxist,1
permeated,1
shuman,1
contain,1
port,1
boiled,1
categories,1
mcneil,1
temps,1
spaces,1
marking,1
neck,1
ritually,1
transplanted,1
intention,1
owner,1
occasionally,1
preserved,1
reify,1
bray,1
recipients,1
affecting,1
ohio,1
kin,1
introduced,1
elucidate,1
monasteries,1
micro,1
centro,1
buy,1
tried,1
transition,1
lies,1
cash,1
reappraisal,1
rigid,1
went,1
myceneans,1
commodities,1
adoptions,1
curet,1
divided,1
hesperia,1
pa,1
maintained,1
writing,1
enabled,1
gain,1
mesoamericanists,1
accorded,1
rovira,1
terminal,1
rewarding,1
crafts,1
anaerobic,1
consilience,1
intercultural,1
propagating,1
hammers,1
nuclear,1
shown,1
until,1
survival,1
commercial,1
authorial,1
slighting,1
disposal,1
nonelite,1
initiated,1
herds,1
steam,1
leverage,1
write,1
samuel,1
grant,1
aristocratic,1
peloponnese,1
imperative,1
wish,1
parallels,1
revolves,1
move,1
approximately,1
americas,1
operational,1
grown,1
structurally,1
land,1
detienne,1
define,1
enabling,1
need,1
sur,1
guiding,1
glass,1
indonesia,1
already,1
unneeded,1
effects,1
oxbow,1
siteand,1
off,1
paraphernalia,1
presenting,1
madison,1
association,1
increased,1
willoughby,1
brook,1
roughly,1
tene,1
maintaining,1
anonymous,1
etopoi,1
unspecialized,1
offered,1
intergroup,1
fishers,1
vertebrate,1
searching,1
rupert,1
preroman,1
assumed,1
arrange,1
certainty,1
aggregations,1
mystery,1
broadening,1
denser,1
justify,1
chinatown,1
correlate,1
negotiate,1
lake,1
pineapple,1
riverlake,1
dine,1
durrington,1
valley,1
characters,1
finnmark,1
aguateca,1
gulf,1
re,1
polynesian,1
counts,1
strong,1
prison,1
ends,1
unmentioned,1
ideologically,1
networks,1
calories,1
tired,1
indistinguishable,1
tomczak,1
race,1
close,1
customs,1
laws,1
otto,1
cited,1
tubers,1
perception,1
foodrelated,1
bce,1
costly,1
discern,1
looking,1
gold,1
polysémie,1
