WORDCOUNTS,WEIGHT
and,914
the,869
of,800
in,487
a,316
to,263
mississippian,219
pp,208
as,138
j,137
at,134
archaeology,130
that,128
r,110
for,103
from,103
american,99
university,96
p,93
new,93
is,93
are,92
on,92
with,91
d,90
southeastern,83
m,72
social,71
an,70
or,69
by,68
archaeological,63
c,55
mound,53
north,53
alabama,52
have,52
t,50
be,50
b,49
were,47
cahokia,46
was,42
production,41
s,41
springer,40
h,39
some,39
archaeol,39
al,39
res,39
e,38
g,38
et,38
not,38
illinois,37
these,36
center,35
mississippi,34
k,34
political,34
other,33
this,33
ancient,33
moundville,32
such,32
l,32
more,32
site,31
history,30
has,30
leadership,30
cultural,30
research,30
been,30
sites,29
evidence,29
groups,28
prehistoric,28
art,28
it,27
tuscaloosa,27
journal,27
town,27
small,27
studies,26
societies,26
southern,26
no,26
f,25
power,25
eastern,24
v,24
analysis,24
mounds,24
complex,23
polity,23
antiquity,23
early,23
valley,23
their,22
centers,22
may,21
creek,21
most,21
culture,21
regional,21
but,20
material,20
united,20
ritual,19
than,19
ceremonial,19
pottery,19
perspectives,19
different,19
corporate,18
paper,18
hally,18
occasional,18
king,18
status,18
community,18
over,18
central,17
w,17
syntheses,17
late,17
elite,17
craft,17
although,17
lower,16
there,16
pauketat,16
local,16
interpretations,16
tennessee,16
through,16
cook,16
group,15
centralized,15
how,15
shell,15
n,15
house,15
upper,15
histories,15
found,15
place,15
artifact,15
settlement,15
world,15
many,15
which,15
historical,15
lorenz,15
between,15
jr,14
houses,14
adult,14
southeast,14
polities,14
institution,14
associated,14
anthropology,14
states,14
into,13
all,13
smithsonian,13
scale,13
because,13
its,13
change,13
developmental,13
volume,13
chiefdom,13
open,13
exchange,13
organizational,13
control,13
press,13
building,13
one,12
practices,12
across,12
handbook,12
residential,12
artifacts,12
materials,12
knight,12
identity,12
perhaps,12
mortuary,12
platform,12
specific,12
common,11
if,11
large,11
georgia,11
i,11
goods,11
resources,11
diversity,11
midwest,11
had,11
regions,11
arkansas,11
texas,11
about,11
indian,11
efforts,11
where,11
construction,11
who,11
economy,11
theory,11
recent,11
greater,10
archaeologists,10
those,10
ad,10
case,10
items,10
perspective,10
maize,10
without,10
river,10
mesoamerican,10
public,10
blitz,10
economic,10
ceramic,10
anthropologist,10
forms,10
model,10
brown,10
anthropological,10
current,10
domestic,10
models,10
physical,10
they,9
sources,9
continue,9
chiefdoms,9
bottom,9
review,9
fort,9
after,9
prehistory,9
based,9
indigenous,9
data,9
people,9
identified,9
communities,9
two,9
science,9
also,9
time,9
native,9
lake,9
theoretical,9
structure,9
etowah,9
wilson,9
welch,9
spatial,9
emphasis,9
among,9
village,8
settlements,8
explanatory,8
themes,8
sacred,8
warfare,8
even,8
organization,8
important,8
burial,8
well,8
woodland,8
interpreted,8
steponaitis,8
around,8
up,8
interpretation,8
variation,8
patterns,8
style,8
use,8
dating,8
period,8
spread,8
earlier,8
separate,8
often,8
practice,8
known,8
best,8
identities,8
cult,8
institute,8
multiple,8
variability,8
goals,8
remains,8
elites,8
gulf,8
decentralized,7
fortified,7
stone,7
ways,7
western,7
long,7
rapid,7
thus,7
differences,7
sociopolitical,7
america,7
isotopic,7
sunwatch,7
human,7
relationships,7
archaeologist,7
landscape,7
burials,7
changes,7
objects,7
established,7
iconography,7
distribution,7
access,7
population,7
wealth,7
example,7
older,7
when,7
florida,7
largest,7
larger,7
food,7
origin,7
individual,7
households,7
study,7
evolutionary,7
southwest,7
attention,7
provide,7
iconographic,7
shift,7
then,7
changing,7
did,7
far,7
form,7
size,7
controls,7
product,7
interaction,7
traditional,7
introduction,6
said,6
interests,6
evolution,6
tradition,6
exotic,6
within,6
context,6
papers,6
vol,6
household,6
along,6
interest,6
rank,6
old,6
factions,6
similar,6
symbols,6
applied,6
linked,6
kelly,6
structures,6
away,6
nodena,6
order,6
several,6
annual,6
imagery,6
frameworks,6
others,6
understanding,6
assemblages,6
chiefly,6
residues,6
historic,6
features,6
mexico,6
methods,6
become,6
can,6
widely,6
sometimes,6
foreign,6
seen,6
hierarchical,6
reciprocal,6
ideological,6
distinctive,6
unique,6
while,6
ohio,6
phenomenon,6
consumption,6
focus,6
much,6
should,6
roles,6
arizona,6
way,5
created,5
agency,5
identify,5
caddo,5
contexts,5
state,5
ill,5
primary,5
out,5
possible,5
development,5
due,5
hierarchy,5
excavations,5
application,5
midcontinental,5
york,5
sensing,5
spatially,5
process,5
remote,5
scarry,5
direct,5
space,5
understand,5
origins,5
expressed,5
result,5
war,5
produced,5
hierarchies,5
used,5
bc,5
claim,5
literature,5
middle,5
rise,5
concerns,5
highly,5
coast,5
osage,5
society,5
will,5
van,5
architecture,5
techniques,5
single,5
hoe,5
nonlocal,5
wisconsin,5
insights,5
challenge,5
rock,5
projects,5
beliefs,5
diverse,5
distributions,5
considerable,5
men,5
archaeologies,5
excavation,5
establish,5
strategies,5
analyses,5
degree,5
examples,5
region,5
secc,5
three,5
high,5
connections,5
assert,5
ideology,5
hill,5
investigators,5
sequences,5
claims,5
abandonment,5
any,5
temporal,5
sourcing,5
rural,5
making,5
males,5
prestige,5
both,5
copper,5
analogy,5
chemical,5
mode,5
increased,5
create,5
images,5
strong,5
now,4
concerned,4
later,4
meaning,4
northeast,4
distributed,4
residences,4
authority,4
approaches,4
favor,4
treponematosis,4
great,4
source,4
first,4
exclusive,4
might,4
nature,4
paramount,4
display,4
wave,4
wesler,4
achieved,4
light,4
agriculture,4
geophysical,4
prehispanic,4
identifies,4
ranked,4
labor,4
given,4
kinds,4
traditions,4
crafting,4
influence,4
rather,4
links,4
levels,4
archaeometry,4
signatures,4
special,4
scales,4
distant,4
means,4
precolumbian,4
emergence,4
elsewhere,4
weinstein,4
powerful,4
beyond,4
appear,4
whereas,4
could,4
shiloh,4
initial,4
academic,4
buried,4
hinterland,4
divide,4
required,4
expressions,4
memory,4
network,4
revealed,4
spiro,4
part,4
processualism,4
richland,4
rituals,4
own,4
suggest,4
results,4
value,4
chronological,4
he,4
various,4
transition,4
still,4
above,4
movement,4
once,4
cobb,4
chronology,4
byers,4
experimental,4
preeminent,4
only,4
boudreaux,4
oral,4
towns,4
idea,4
together,4
bluff,4
took,4
present,4
frequency,4
maya,4
years,4
another,4
made,4
range,4
trend,4
health,4
would,4
administrative,4
provides,4
especially,4
northern,4
investigations,4
increasing,4
factors,4
independent,4
pollack,4
usually,4
detailed,4
examine,4
frontier,4
interpretive,4
stable,4
following,4
complexity,4
soil,4
alternative,4
natural,4
continental,4
each,4
argue,4
associations,4
past,4
advances,4
places,4
combined,4
nearby,4
problem,4
livingood,4
conference,4
must,4
disparate,4
role,4
using,4
pole,4
formation,4
cambridge,4
integration,4
observation,4
distinctions,4
little,4
zones,4
major,4
final,3
difficult,3
does,3
mostly,3
emerson,3
represent,3
market,3
debris,3
pian,3
nonkin,3
myth,3
essays,3
mexican,3
former,3
occurred,3
mississip,3
before,3
contested,3
women,3
being,3
expanding,3
usa,3
modest,3
jackson,3
creation,3
crops,3
generalizations,3
providence,3
real,3
subsequent,3
marine,3
less,3
woodlands,3
costumed,3
milner,3
payne,3
prior,3
marked,3
politics,3
move,3
taking,3
interior,3
neutron,3
chiefs,3
component,3
ability,3
topic,3
interprets,3
distinct,3
fig,3
body,3
emphases,3
compared,3
third,3
reoccupation,3
apparently,3
kentucky,3
nuanced,3
americans,3
sort,3
peacock,3
basic,3
influential,3
active,3
arrangements,3
viewed,3
ongoing,3
white,3
plaza,3
reason,3
accounts,3
garber,3
females,3
consider,3
specialization,3
record,3
reviewed,3
show,3
recovered,3
method,3
founding,3
character,3
moving,3
identifying,3
location,3
appearance,3
here,3
scenes,3
shared,3
carolina,3
versus,3
isotope,3
alt,3
occupation,3
oklahoma,3
understood,3
aspects,3
ascriptive,3
basis,3
overviews,3
received,3
goldstein,3
concept,3
brought,3
thoughts,3
gender,3
whole,3
hybridity,3
northwest,3
issues,3
broad,3
archeologist,3
formations,3
trends,3
subtle,3
published,3
creating,3
least,3
saitta,3
few,3
presence,3
decline,3
methodological,3
core,3
mainfort,3
geographical,3
activation,3
critical,3
led,3
likely,3
units,3
implications,3
limited,3
historicism,3
edges,3
female,3
domination,3
unprecedented,3
innovation,3
biological,3
yet,3
peregrine,3
thought,3
east,3
restricted,3
smith,3
included,3
same,3
depopulated,3
considers,3
leader,3
motifs,3
engaged,3
communal,3
shows,3
fundamental,3
minnesota,3
instability,3
plan,3
end,3
reilly,3
pattern,3
external,3
typological,3
honor,3
depopulation,3
innovative,3
continuing,3
hold,3
bead,3
original,3
exploring,3
success,3
walton,3
concern,3
ideas,3
questions,3
rare,3
radiocarbon,3
previous,3
meanings,3
points,3
times,3
architectural,3
like,3
so,3
crafted,3
valued,3
systems,3
contact,3
obsidian,3
oak,3
seeking,3
locales,3
we,3
flintclay,3
la,3
palisades,3
raise,3
segments,3
arrow,3
primarily,3
regalia,3
dimensions,3
transformation,3
ceremonialism,3
life,3
class,3
chattahoochee,3
detail,3
variable,3
symbol,3
earle,3
set,3
international,3
entrenched,3
report,3
foundation,3
selectionist,3
powell,3
assessment,3
generalizing,3
diversified,3
what,3
whether,3
adults,3
references,3
particular,3
utilitarian,3
correlates,3
peoples,3
finished,3
integrating,3
researchers,3
emergent,3
ancestral,3
despite,3
african,3
come,3
question,3
trophies,3
until,3
protohistoric,3
conditions,3
association,3
removed,3
cahokian,3
entire,3
abandoned,3
processualists,3
celestial,3
dominant,2
obligations,2
edge,2
horizontal,2
birdman,2
decades,2
extend,2
environmental,2
red,2
view,2
beneath,2
needed,2
mesoamerica,2
dc,2
formed,2
phase,2
situation,2
chunky,2
comparisons,2
evaluating,2
variants,2
total,2
unite,2
thematic,2
migration,2
absence,2
test,2
accumulation,2
consistent,2
fabric,2
either,2
explaining,2
archae,2
attempts,2
taken,2
impacts,2
marcoux,2
conflict,2
dunnell,2
shaped,2
leading,2
secondary,2
assess,2
accompanied,2
short,2
simple,2
farmers,2
supernatural,2
reveal,2
complements,2
products,2
take,2
collapse,2
underutilized,2
surveys,2
mapping,2
plain,2
key,2
pulled,2
bones,2
disseminated,2
feinman,2
bibliography,2
richard,2
oktibbeha,2
west,2
apart,2
variations,2
point,2
very,2
establishment,2
exchanges,2
economies,2
directed,2
tied,2
behavior,2
surplus,2
factional,2
winged,2
frequencies,2
throughout,2
differential,2
fayetteville,2
southwestern,2
blades,2
immediate,2
dynamics,2
contemporaneous,2
since,2
contributors,2
concentrations,2
relations,2
raises,2
petrographic,2
conducted,2
living,2
rooted,2
turn,2
unity,2
elements,2
fission,2
severed,2
nodal,2
young,2
served,2
lineage,2
whorls,2
hoes,2
kidder,2
general,2
focused,2
mechanism,2
languages,2
higher,2
rights,2
civilization,2
recognized,2
identification,2
expected,2
growth,2
centered,2
generations,2
remain,2
raffman,2
coastal,2
environments,2
gainesville,2
certain,2
parts,2
ceramics,2
cave,2
discoveries,2
awareness,2
scattered,2
ensure,2
immigrant,2
retained,2
organized,2
presumably,2
just,2
edition,2
unimportant,2
impact,2
too,2
embossed,2
petaloid,2
linkage,2
followed,2
surge,2
diverge,2
utah,2
helped,2
strategy,2
suggested,2
drawing,2
myths,2
nebraska,2
descriptive,2
ranges,2
concentration,2
faunal,2
changed,2
austin,2
events,2
radical,2
near,2
diet,2
embedded,2
ranking,2
though,2
spielmann,2
disturbance,2
circular,2
reviews,2
reinforce,2
meet,2
promise,2
buffer,2
equifinality,2
otherwise,2
placed,2
absolute,2
wide,2
yoffee,2
overlapping,2
shape,2
directly,2
future,2
line,2
formerly,2
preconditions,2
knowledge,2
apparent,2
related,2
during,2
reoccupied,2
beads,2
midwestern,2
ethnohistoric,2
personal,2
proliferation,2
systematic,2
fieldwork,2
reconstructing,2
muller,2
my,2
relative,2
kincaid,2
redistribution,2
approach,2
excavated,2
interregional,2
composite,2
field,2
braden,2
revolution,2
parsing,2
contrast,2
ological,2
emerging,2
family,2
sufficient,2
accomplished,2
revealing,2
components,2
resolution,2
breaking,2
climate,2
distinguished,2
boundaries,2
villages,2
potent,2
scott,2
majority,2
paid,2
cycle,2
lincoln,2
finds,2
sporadic,2
activities,2
capturing,2
periods,2
south,2
portion,2
therefore,2
symbolism,2
microwear,2
transform,2
investigating,2
arrangement,2
critics,2
detected,2
contingent,2
cosmological,2
indicative,2
affiliations,2
synthesis,2
located,2
provenience,2
comparative,2
classic,2
museum,2
gaining,2
expanded,2
humans,2
overview,2
depicted,2
incipient,2
us,2
boundary,2
schild,2
participants,2
performed,2
sharply,2
ethnographic,2
mississippianization,2
asserting,2
increasingly,2
maintained,2
picture,2
members,2
organizations,2
heritage,2
toward,2
renewed,2
conceived,2
addition,2
complementary,2
analytical,2
folklore,2
fact,2
longer,2
lack,2
emplacement,2
osteological,2
areas,2
materialist,2
compound,2
appeared,2
forces,2
break,2
man,2
yerkes,2
conclusions,2
adjacent,2
do,2
abstract,2
clusters,2
hinterlands,2
knoxville,2
charter,2
teeth,2
distance,2
argument,2
mill,2
interpreting,2
subsistence,2
processualist,2
values,2
including,2
previously,2
manufactured,2
looking,2
aztalan,2
samples,2
warrior,2
crafts,2
expand,2
significant,2
exciting,2
processes,2
dismissed,2
underwent,2
ties,2
authors,2
comprehensive,2
recognize,2
interpret,2
radar,2
nonutilitarian,2
stages,2
preservation,2
dekalb,2
standard,2
why,2
oxbow,2
comparing,2
problems,2
parallel,2
narrow,2
ornaments,2
anderson,2
availability,2
materialized,2
residue,2
wells,2
figures,2
occupied,2
pairs,2
adaptive,2
louisiana,2
motif,2
buildings,2
genesis,2
primate,2
applications,2
ann,2
continued,2
luminescence,2
maps,2
spindle,2
fewer,2
millstone,2
male,2
disagreements,2
lost,2
began,2
inadequate,2
indicate,2
sharp,2
dead,2
interview,2
particularistic,2
centuries,2
aboriginal,2
face,2
parkin,2
articles,2
considered,2
distributional,2
antecedent,2
preface,2
series,2
mentioned,2
grand,2
mitchell,2
specificity,2
extensive,2
continues,2
pace,2
symbolic,2
bioarchaeological,2
constructed,2
quantitative,2
proposes,2
temple,2
axe,2
drew,2
quaternary,2
carbon,2
butler,2
annis,2
lekson,2
connection,2
down,2
subsurface,2
examining,2
replication,2
emerges,2
bowie,2
scholarship,2
according,2
unlikely,2
explanations,2
heads,2
list,2
adaptation,2
extent,2
always,2
require,2
produce,2
information,2
suggests,2
spaces,2
level,2
careful,2
northwestern,2
kin,2
city,2
alternatives,2
dental,2
eclecticism,2
subject,2
plans,2
plaquemine,2
families,2
qualitative,2
indians,2
isolated,2
aspect,2
neglect,2
varied,2
palisade,2
ultimately,2
locations,2
differentiation,2
argues,2
generate,2
initiated,2
charts,2
paradigm,2
frame,2
stratification,2
grant,2
offer,2
include,2
salt,2
integrated,2
provided,2
smaller,2
regular,2
earthen,2
measured,2
madison,2
archaic,2
am,2
territories,2
vessel,2
modeling,2
reconsidering,2
evolutionism,2
ascendancy,2
deposits,2
norman,2
substantial,2
beings,2
broader,2
built,2
signals,2
cited,2
faction,2
nicholas,1
ira,1
summed,1
exhibiting,1
frequent,1
compile,1
entities,1
transportation,1
o,1
brumfiel,1
validation,1
situate,1
deny,1
terrain,1
oriented,1
sins,1
convergence,1
integrative,1
moundbuilders,1
implemented,1
stylistic,1
productions,1
altamira,1
tion,1
rusk,1
stood,1
differentials,1
separated,1
unfounded,1
administered,1
partitioning,1
episodes,1
insufficiently,1
mysteries,1
uplands,1
implies,1
granados,1
dissolution,1
measures,1
resided,1
feathered,1
eclipsed,1
latent,1
flexed,1
spurred,1
stands,1
notably,1
reoccupations,1
appalachia,1
mouth,1
swallow,1
forcing,1
conversion,1
elaborately,1
inception,1
boca,1
systematically,1
star,1
fed,1
multifaceted,1
prime,1
terminated,1
cove,1
asserted,1
eclectic,1
constitutes,1
true,1
collectivist,1
centrifugal,1
jonathan,1
unraveling,1
fly,1
flows,1
masks,1
biocultural,1
tempered,1
acceptance,1
round,1
equated,1
subsets,1
carroll,1
pipes,1
uses,1
something,1
track,1
chief,1
inclusive,1
societal,1
permitted,1
jewels,1
efficacy,1
highlight,1
peaked,1
townsend,1
reprinted,1
charnel,1
resettled,1
aside,1
upland,1
decidedly,1
interpersonal,1
provision,1
siouan,1
cahokians,1
davis,1
embraced,1
voices,1
allocations,1
expressive,1
neolithic,1
scientific,1
underrepresented,1
fund,1
wane,1
ninth,1
abound,1
concentrated,1
investments,1
generated,1
utilization,1
oswaldo,1
promoting,1
artificially,1
font,1
emerged,1
analogies,1
advanced,1
seems,1
bloomington,1
definition,1
gary,1
dramatically,1
locals,1
possibilities,1
reach,1
displacement,1
available,1
interred,1
passenger,1
disordered,1
broken,1
suggesting,1
daily,1
generalize,1
preser,1
highland,1
invigorated,1
thank,1
indeed,1
premississippian,1
imported,1
rich,1
defy,1
narrative,1
arises,1
achievement,1
follows,1
borne,1
studied,1
kingship,1
farther,1
hundred,1
procedure,1
court,1
lindauer,1
labeled,1
reproduction,1
reexaminations,1
coalescence,1
melding,1
apical,1
integrate,1
temper,1
embrace,1
schroeder,1
roots,1
last,1
resorting,1
loose,1
date,1
replicated,1
greatly,1
concepts,1
raised,1
proprietary,1
platforms,1
opposite,1
embody,1
coordinated,1
discrete,1
ambiguous,1
favoring,1
committed,1
unifications,1
hostility,1
dumas,1
tell,1
rethinking,1
arbiters,1
contents,1
similarities,1
weighing,1
producing,1
debitage,1
akin,1
nowhere,1
theorizing,1
takes,1
forum,1
introductions,1
ascribed,1
dissemination,1
suspect,1
assumed,1
evolutionists,1
dr,1
searched,1
tenets,1
autonomous,1
bird,1
modify,1
task,1
heterarchy,1
keywords,1
motion,1
coalescent,1
celts,1
u,1
incorporate,1
hall,1
energetic,1
alcock,1
addresses,1
erin,1
trade,1
mythology,1
driftless,1
quantities,1
replacement,1
howard,1
stall,1
sixteenth,1
magnetic,1
condition,1
tracing,1
burning,1
reaching,1
epigraphy,1
contractual,1
functions,1
fraud,1
boszhardt,1
zooarchaeology,1
fine,1
astragalus,1
spanish,1
whatever,1
essentialize,1
conceptual,1
reflecting,1
x,1
uncertain,1
realistic,1
dynamic,1
bowls,1
compares,1
constrained,1
decreasing,1
promises,1
rees,1
horticulturalists,1
zone,1
attract,1
riverbank,1
signal,1
framework,1
exposed,1
ritualization,1
mid,1
expertise,1
tribute,1
confederations,1
obvious,1
overshoot,1
assignment,1
makeovers,1
accommodate,1
retaining,1
oaxaca,1
includes,1
accessible,1
pit,1
mississippianism,1
affiliation,1
historically,1
influx,1
go,1
quality,1
accommodation,1
pilot,1
illustrates,1
converged,1
targeted,1
assumes,1
circulation,1
pervasive,1
forgotten,1
ethnohistorical,1
reflection,1
expeditions,1
regarded,1
nonproducers,1
treponemal,1
dismisses,1
gendered,1
occurs,1
tucson,1
cf,1
cayson,1
realization,1
media,1
emigration,1
overly,1
replaced,1
farewell,1
asymmetrical,1
z,1
delta,1
funds,1
estimates,1
misconception,1
adam,1
clay,1
maintaining,1
tends,1
immigrants,1
reluctance,1
underlying,1
evident,1
david,1
parker,1
concerning,1
contrary,1
mover,1
channels,1
six,1
dates,1
mussels,1
arranged,1
left,1
continuous,1
detecting,1
compare,1
find,1
bonds,1
weight,1
competition,1
packing,1
schortman,1
geological,1
drawn,1
terrace,1
splitter,1
memoir,1
critique,1
gaze,1
prehistories,1
hasty,1
badges,1
disruptions,1
discovering,1
ethnoastronomy,1
protomarket,1
transactions,1
adjust,1
rates,1
continuity,1
dyke,1
ment,1
intruded,1
undisputed,1
chronicle,1
disavowing,1
phases,1
networking,1
failed,1
caves,1
opposed,1
sweeping,1
steal,1
via,1
fischer,1
interesting,1
hero,1
reconstructed,1
governed,1
whose,1
monopolies,1
floor,1
extensively,1
reconfigured,1
act,1
programmatic,1
his,1
coordi,1
bring,1
continent,1
performance,1
emanates,1
swans,1
absent,1
developed,1
adds,1
smoking,1
molluscs,1
premodern,1
posits,1
square,1
ically,1
ideolog,1
borgesian,1
neighborhood,1
annales,1
developments,1
importance,1
grew,1
variant,1
matched,1
elaborate,1
ozarks,1
resettlement,1
productive,1
antithesis,1
evolu,1
periodic,1
absorbed,1
sociotechnic,1
paddling,1
support,1
solutions,1
category,1
injury,1
relating,1
nor,1
affect,1
owl,1
playing,1
cherts,1
possibly,1
dichotomy,1
heterarchical,1
kehoe,1
intensive,1
discus,1
driven,1
loess,1
ideologies,1
traces,1
bruce,1
decade,1
preoccupation,1
northeastern,1
argued,1
age,1
orientation,1
four,1
commonly,1
experienced,1
filed,1
durkheimian,1
textile,1
readings,1
map,1
defeat,1
chips,1
isolation,1
cotton,1
modeled,1
evaluation,1
plates,1
imprecise,1
necropolis,1
expulsion,1
asks,1
marred,1
plenum,1
kopytoff,1
answers,1
opportunities,1
shifted,1
stoltman,1
reevaluating,1
hillabee,1
gradients,1
physicality,1
cut,1
advocated,1
caches,1
llc,1
dependency,1
methodology,1
fluid,1
nsf,1
adop,1
accom,1
supernaturals,1
came,1
dumps,1
pursuits,1
affiliated,1
abandoning,1
unfolding,1
cahokiana,1
analog,1
acknowledgments,1
entered,1
demise,1
entering,1
farmsteads,1
midden,1
attack,1
treatments,1
puebloan,1
strongly,1
missouri,1
panied,1
generates,1
deal,1
solstice,1
demands,1
replica,1
infrequent,1
agendas,1
choctaw,1
deciphering,1
approximation,1
commands,1
stewardship,1
thames,1
pitfalls,1
reportage,1
trophic,1
representative,1
big,1
conser,1
zooarchaeological,1
applying,1
kinship,1
cups,1
saa,1
informed,1
shifting,1
durham,1
stalemate,1
crc,1
engraved,1
inconstant,1
displayed,1
appears,1
tionary,1
lumper,1
analogous,1
lenses,1
energy,1
ridge,1
outside,1
emulating,1
abuse,1
perform,1
abandonments,1
instrumental,1
zenith,1
facilities,1
dumbarton,1
exploration,1
james,1
bluffs,1
symbolically,1
scene,1
possibility,1
influenced,1
experiment,1
receive,1
tack,1
gained,1
having,1
dilemmas,1
accounting,1
degrees,1
closed,1
mapped,1
gains,1
work,1
matrilineage,1
inferred,1
properties,1
osteology,1
exodus,1
cults,1
pueblo,1
reader,1
optimizing,1
distinctively,1
significantly,1
stake,1
characterization,1
occupants,1
purpose,1
rearrangements,1
beavers,1
partitioned,1
clearer,1
transcended,1
commonalities,1
chucalissa,1
penetrating,1
unbridled,1
ten,1
incremental,1
repeating,1
loss,1
hirth,1
continuation,1
realm,1
gave,1
outpouring,1
island,1
fail,1
horn,1
overtly,1
collective,1
relevance,1
jo,1
noted,1
falling,1
savannah,1
perishable,1
staid,1
materialization,1
popular,1
lifeways,1
reflect,1
surrounding,1
breakaway,1
participate,1
sun,1
monopoly,1
overrepresented,1
markedly,1
towards,1
shortcomings,1
gresham,1
depicting,1
pluckhahn,1
remake,1
staple,1
tone,1
stylized,1
legacy,1
hampson,1
punctuated,1
pluralism,1
ensued,1
presented,1
working,1
below,1
useful,1
wi,1
carry,1
distances,1
restructured,1
raiding,1
holes,1
coupled,1
indicators,1
lacked,1
next,1
councils,1
politically,1
imposition,1
synthesized,1
consolidation,1
reaches,1
exclude,1
quite,1
event,1
specifically,1
explored,1
nashville,1
intervals,1
gations,1
habitation,1
oikumene,1
characteristics,1
winter,1
shapes,1
astounding,1
wider,1
propelled,1
reconfigure,1
choose,1
scattering,1
legitimize,1
folk,1
cool,1
isotopes,1
convey,1
differing,1
redefinition,1
corridor,1
demarris,1
division,1
fully,1
mythological,1
lifestyle,1
paleoindian,1
osteoarchaeology,1
filling,1
benchmarks,1
factionalism,1
environmentally,1
altogether,1
structured,1
grateful,1
preliminary,1
swings,1
passive,1
moved,1
directional,1
triangular,1
actions,1
massive,1
enjoy,1
dietary,1
championed,1
fiber,1
subsequently,1
sanctions,1
dalton,1
uncommon,1
statuses,1
quarry,1
demand,1
hegemony,1
groundstone,1
positions,1
matter,1
variety,1
curves,1
attributable,1
noble,1
nonelites,1
forges,1
primitive,1
middleman,1
populations,1
gradual,1
hinge,1
alliance,1
iroquoians,1
manipulate,1
acknowledged,1
exception,1
constraints,1
positioned,1
prove,1
converted,1
dwellings,1
make,1
mainstream,1
paperback,1
interactions,1
comments,1
manifest,1
zooarchae,1
macrobotanical,1
underwritten,1
wind,1
atop,1
modes,1
paint,1
renew,1
ware,1
reception,1
iannone,1
direction,1
com,1
inspirations,1
wishing,1
segmentary,1
hollywood,1
scarcity,1
guide,1
metric,1
potsherds,1
pacific,1
advent,1
violence,1
examined,1
fit,1
reclaiming,1
coverage,1
makes,1
marginal,1
kluwer,1
esoteric,1
detectable,1
counterparts,1
borrowed,1
reshaping,1
technology,1
under,1
bone,1
latitude,1
differentiate,1
sufficiently,1
thesis,1
revitalization,1
processing,1
planned,1
subset,1
apron,1
adjusted,1
orders,1
transformations,1
bind,1
illuminated,1
sourced,1
newcomer,1
kowalewski,1
archeology,1
topical,1
accelerated,1
robust,1
inalienable,1
iroquoian,1
forge,1
unusually,1
reliance,1
badge,1
layout,1
functioned,1
oblong,1
payments,1
directions,1
persuasive,1
angel,1
infrastructural,1
management,1
inhabitants,1
fire,1
lewis,1
critiques,1
precocious,1
hoor,1
french,1
book,1
omission,1
ashley,1
comparison,1
bat,1
childhood,1
santa,1
again,1
prototypical,1
negotiation,1
crm,1
retical,1
similarly,1
mindedness,1
september,1
perfected,1
added,1
strontium,1
demographic,1
wpa,1
joyce,1
locational,1
traceable,1
turner,1
treatment,1
department,1
striking,1
checks,1
instituto,1
depict,1
intended,1
dividends,1
occupations,1
webb,1
lacks,1
children,1
plagued,1
envisioning,1
john,1
gray,1
focuses,1
memorias,1
prospects,1
debates,1
figurines,1
categorizing,1
feasting,1
contemporary,1
substantially,1
appropriately,1
discussed,1
observes,1
fragments,1
enough,1
reasonable,1
precinct,1
sweat,1
everyday,1
ground,1
remarkable,1
cruz,1
unstated,1
nf,1
metaphors,1
ungendering,1
investment,1
accepted,1
producers,1
compositional,1
structural,1
heavily,1
see,1
answer,1
yarn,1
council,1
sogom,1
duties,1
patty,1
answerable,1
leveling,1
basin,1
scraper,1
digging,1
deep,1
invitation,1
project,1
cosmos,1
wickliffe,1
disenchanted,1
weakly,1
stanford,1
shifts,1
explicitly,1
regionally,1
girard,1
remained,1
dormant,1
simon,1
fundamentally,1
analyzed,1
classes,1
dialog,1
referred,1
greatest,1
exhibit,1
observed,1
situated,1
mythic,1
vast,1
secured,1
doubting,1
hazel,1
indiana,1
rendered,1
thanks,1
explanation,1
bear,1
represented,1
desert,1
galloway,1
venues,1
formal,1
scaled,1
postclassic,1
systematics,1
recessed,1
collections,1
arose,1
enormous,1
realities,1
characterizing,1
chickasaw,1
litter,1
reside,1
quest,1
skeletal,1
attributed,1
omit,1
prospection,1
empirical,1
lecture,1
fargher,1
entirely,1
looting,1
prevailed,1
dye,1
factor,1
mississippians,1
revelations,1
sequence,1
catalyst,1
variables,1
contrarian,1
resource,1
marshaled,1
individuals,1
examination,1
redistributive,1
national,1
ceremonies,1
write,1
improvements,1
synthetic,1
fluoride,1
described,1
versions,1
exemplars,1
dichotomous,1
clear,1
reassessing,1
sherd,1
leads,1
legitimacy,1
laboratories,1
peripheral,1
express,1
neoevolutionary,1
feature,1
bartow,1
maintenance,1
foodways,1
august,1
counter,1
rationalized,1
derived,1
reviewers,1
precocity,1
prodigious,1
plant,1
responses,1
tribal,1
cache,1
depiction,1
collected,1
multifarious,1
traveled,1
obtained,1
pyramidal,1
kus,1
area,1
probable,1
running,1
renewal,1
peer,1
reuse,1
neutral,1
diagrammatic,1
enumerate,1
favored,1
crosse,1
discarded,1
arrayed,1
internal,1
mcannany,1
article,1
chapel,1
ribs,1
constructing,1
editors,1
lacking,1
centrally,1
successful,1
tinsley,1
topics,1
overblown,1
blanton,1
depictions,1
interconnections,1
intrasite,1
attendant,1
excluded,1
cybertools,1
probably,1
ethnohistory,1
implication,1
costume,1
differ,1
equivalent,1
pipe,1
workshop,1
forefront,1
theo,1
mirroring,1
visualizing,1
evaluated,1
reachable,1
embodied,1
ambrose,1
exposures,1
questionable,1
chert,1
concluded,1
species,1
performing,1
covered,1
bang,1
summary,1
limiting,1
farm,1
oxford,1
stage,1
broadens,1
alters,1
extraregional,1
negotiations,1
groupings,1
melsheimer,1
imply,1
glienke,1
evershed,1
cockrill,1
dual,1
dominates,1
today,1
road,1
scared,1
note,1
richest,1
bureau,1
subdivided,1
george,1
bold,1
ecological,1
obscures,1
investi,1
consent,1
practitioners,1
spectrometry,1
claimed,1
unanswerable,1
select,1
infection,1
disenfranchised,1
alternate,1
vertical,1
derive,1
bulletin,1
nexus,1
exceptional,1
sensitive,1
concluding,1
insist,1
transformed,1
seventeenth,1
force,1
returned,1
embodying,1
designs,1
lawrence,1
lives,1
interplay,1
originated,1
paradoxical,1
paraphernalia,1
covering,1
dynamism,1
susceptibility,1
displaying,1
settled,1
strive,1
lingers,1
responsible,1
precontact,1
unsurprising,1
fall,1
grade,1
timeline,1
surprising,1
chical,1
ology,1
drafted,1
mother,1
types,1
itself,1
canada,1
meets,1
computed,1
conservation,1
coincident,1
seat,1
exchanged,1
earliest,1
mouse,1
biology,1
middens,1
matters,1
jacobi,1
gahagan,1
freshwater,1
circumscribed,1
school,1
anthropomorphic,1
baseline,1
meant,1
duncan,1
ash,1
magnitude,1
deposited,1
exercised,1
rarely,1
dispersed,1
locative,1
discarding,1
categorizations,1
mann,1
shelby,1
necessity,1
timmy,1
homogeneity,1
incorporated,1
reformulation,1
circumstances,1
complexes,1
athens,1
marrinan,1
demonstrate,1
geographic,1
ever,1
detect,1
determinants,1
theme,1
implied,1
nated,1
precise,1
classifying,1
redoubling,1
rival,1
nonexplanation,1
droughts,1
punctuates,1
diets,1
md,1
doi,1
text,1
meat,1
sciences,1
tony,1
dog,1
bath,1
der,1
ry,1
know,1
defining,1
flow,1
favorably,1
unavailable,1
dominated,1
promotion,1
intellectual,1
hogue,1
introducing,1
vation,1
turning,1
cemetery,1
correspond,1
perceptive,1
prototypes,1
ancestor,1
tuberculosis,1
hemphill,1
attribute,1
fairs,1
refinements,1
commission,1
eventful,1
hopewell,1
seem,1
capital,1
plate,1
contextual,1
litchford,1
intruding,1
premound,1
desecrating,1
constructions,1
civic,1
determination,1
scenario,1
intersected,1
epistemological,1
particularly,1
reliability,1
intersecting,1
magnified,1
themselves,1
cautious,1
plazas,1
longstanding,1
audience,1
sorted,1
build,1
cities,1
greenstone,1
placing,1
closest,1
anomalous,1
thompson,1
proposed,1
ethos,1
works,1
vative,1
oliver,1
davidson,1
merely,1
person,1
turned,1
subordinate,1
growing,1
hatchel,1
william,1
surpluses,1
scholarly,1
johnson,1
preexisting,1
proceedings,1
fluidity,1
onrush,1
telling,1
them,1
investigation,1
terms,1
stability,1
commemorating,1
ones,1
larson,1
underpinnings,1
coerced,1
maintain,1
agricultural,1
diaz,1
statement,1
inputs,1
submound,1
temporally,1
tightly,1
leaving,1
consisting,1
insightful,1
foundations,1
incised,1
extract,1
secure,1
gross,1
grades,1
ethno,1
orientations,1
property,1
resident,1
observations,1
episode,1
juniors,1
scenarios,1
phenomena,1
placement,1
holocene,1
urban,1
contain,1
categories,1
chronometric,1
cluster,1
vessels,1
conveniently,1
autocratic,1
socioeconomic,1
portraits,1
outline,1
apparatus,1
boldly,1
unilinear,1
balances,1
greg,1
farmstead,1
recognition,1
antlered,1
pits,1
prerogative,1
met,1
redundant,1
technologies,1
lacquement,1
laser,1
content,1
die,1
impose,1
assumptions,1
infatuation,1
confronted,1
sion,1
contribute,1
possessions,1
necessitate,1
resistance,1
mehrer,1
challenges,1
definitions,1
writing,1
coming,1
terminal,1
hierar,1
reducible,1
our,1
amenities,1
dissipative,1
multiregional,1
coles,1
multiscalar,1
enthusiasm,1
understandings,1
tiered,1
inquiries,1
breaks,1
drafts,1
difference,1
reaction,1
frontiers,1
summit,1
sever,1
nonelite,1
detection,1
genres,1
similarity,1
reitz,1
twentieth,1
web,1
institutional,1
nonlinear,1
recovering,1
charge,1
aware,1
wish,1
natchez,1
skidaway,1
parallels,1
documentation,1
contributed,1
instead,1
americas,1
land,1
consolidated,1
dense,1
investigator,1
enabling,1
socially,1
canadian,1
need,1
peninsular,1
green,1
revisionist,1
glass,1
constituencies,1
rodgers,1
attributes,1
variously,1
reenactment,1
piece,1
colleagues,1
retrieval,1
defined,1
relegate,1
off,1
pigeons,1
limitations,1
tobacco,1
shells,1
langford,1
typology,1
impacted,1
representational,1
reformation,1
practiced,1
morning,1
anonymous,1
respective,1
offered,1
jefferson,1
requires,1
valuable,1
arrange,1
serpents,1
pea,1
combination,1
exhaustive,1
broadening,1
charged,1
trubitt,1
correlate,1
vary,1
chicago,1
reached,1
individualistic,1
obligation,1
era,1
enterprise,1
debate,1
geoarchae,1
muskogean,1
calibrating,1
uncertainty,1
embraces,1
views,1
bounds,1
exclusively,1
element,1
phillips,1
archeological,1
divergent,1
corn,1
mature,1
seek,1
beak,1
diffused,1
aggrandizing,1
ca,1
paleobotany,1
urns,1
rogan,1
predicated,1
occur,1
apalachicola,1
continuously,1
thorough,1
