WORDCOUNTS,WEIGHT
the,1397
of,1016
and,977
in,570
a,405
et,234
al,233
p,228
to,196
c,171
from,169
is,163
at,161
siberia,156
i,149
with,141
for,129
rcbp,128
paleolithic,127
was,126
j,124
m,123
on,118
lgm,116
v,116
pp,115
are,105
s,105
were,97
that,93
by,92
sites,91
northern,90
upper,86
site,85
late,81
n,78
cultural,73
layer,73
river,71
o,70
human,69
dates,69
archaeol,61
res,61
mammoth,60
springer,59
bone,58
g,57
during,55
quaternary,54
last,53
eastern,53
y,53
l,53
europe,53
eurasia,52
this,52
russian,51
as,45
age,44
pleistocene,44
radiocarbon,44
e,43
be,43
central,42
an,41
glacial,41
not,41
date,40
found,40
western,39
t,39
there,38
some,38
science,38
arctic,37
charcoal,37
material,37
siberian,37
it,36
occupation,35
data,35
archaeological,35
have,33
bones,32
no,32
climate,32
also,32
time,32
east,32
kuzmin,32
d,32
far,31
university,31
r,31
research,31
ice,31
evidence,31
h,30
than,30
these,28
which,28
remains,28
about,27
artifacts,27
or,26
new,26
glaciation,25
palaeolithic,25
f,25
environment,25
maximum,25
plain,24
west,24
journal,24
k,24
stone,23
presence,23
above,23
yenisei,23
anthropology,23
southern,22
may,22
parts,22
dated,22
two,22
akademii,22
depth,22
zenin,22
reviews,21
part,21
below,21
novosibirsk,21
chronology,21
been,21
complex,20
vegetation,20
derevianko,20
most,20
surface,20
basin,20
pollen,20
several,20
more,20
other,20
mainly,20
microblade,19
cores,19
excavated,19
into,18
fig,18
main,18
tools,18
middle,18
cold,18
rossiiskoi,18
but,18
ö,18
conditions,18
one,17
dolukhanov,17
humans,17
van,17
obtained,17
w,17
see,17
b,17
tomsk,17
tseitlin,17
goebel,16
sibirskogo,16
izdatelstvo,16
orlova,16
otdeleniya,16
based,16
faunal,16
international,16
people,16
value,16
where,16
assemblage,16
number,16
velichko,16
although,16
early,16
possible,15
reindeer,15
z,15
arkheologii,15
raw,15
located,15
keates,15
only,15
tundra,15
archaeology,15
global,15
area,15
recent,15
environmental,14
large,14
studenoe,14
angara,14
review,14
taymyr,14
northeastern,14
weichselian,14
its,14
older,14
collected,14
species,14
very,14
information,14
years,14
geoarchaeological,14
association,14
shestakovo,13
conducted,13
modern,13
bp,13
mogochino,13
terrace,13
because,13
climatic,13
published,13
high,13
permafrost,13
trees,13
lake,13
ô,12
severnoi,12
î,12
study,12
prehistory,12
numerous,12
records,12
change,12
level,12
ethnology,12
dating,12
earlier,12
present,12
table,12
associated,12
current,12
world,12
novoselovo,12
woolly,11
studies,11
sheet,11
loam,11
such,11
american,11
ogonki,11
sample,11
even,11
landscapes,11
â,11
near,11
periglacial,11
horizon,11
settlement,11
results,11
single,11
oxford,11
ages,11
perhaps,11
values,11
region,11
when,11
known,11
pétrin,11
ui,11
beringia,11
mamakan,11
russia,11
should,11
if,10
history,10
before,10
asia,10
available,10
has,10
vol,10
excavations,10
paleolit,10
quite,10
span,10
including,10
instituía,10
european,10
existed,10
forest,10
cm,10
sea,10
layers,10
models,10
include,10
between,10
valley,10
does,9
existence,9
mid,9
due,9
compared,9
after,9
svezhentsev,9
traces,9
important,9
shikaevka,9
used,9
structures,9
second,9
palaeoecology,9
many,9
water,9
end,9
covered,9
wood,9
original,9
situated,9
made,9
top,9
so,9
antiquity,9
series,9
cal,9
according,9
adaptation,9
paleolita,9
sungir,9
etnografii,9
km,9
north,9
major,9
mansi,8
position,8
first,8
all,8
holocene,8
along,8
thus,8
eurasian,8
oo,8
loams,8
lisitsyn,8
sandy,8
boreas,8
hoffecker,8
prehistoric,8
fedoseeva,8
population,8
scale,8
directly,8
problemy,8
formations,8
regions,8
least,8
small,8
alluvial,8
up,8
microblades,8
identified,8
limited,8
academy,8
technology,8
bar,8
megafaunal,8
subfossil,8
geography,8
less,8
planetary,8
perspectives,8
did,8
sheets,8
summary,8
mostly,7
south,7
common,7
northeast,7
might,7
seems,7
nature,7
primary,7
includes,7
dynamics,7
na,7
environments,7
tarachikha,7
ocean,7
younger,7
tarasov,7
stratigraphie,7
geology,7
artifact,7
few,7
st,7
society,7
critical,7
materials,7
ams,7
light,7
locality,7
model,7
frequency,7
matrix,7
range,7
discovered,7
lakes,7
period,7
plant,7
dry,7
especially,7
can,7
transbaikal,7
today,7
selemdzha,7
forests,7
sciences,7
abramova,7
mongolia,7
type,7
extent,7
sediments,7
moscow,7
chicago,7
now,6
institut,6
mountains,6
they,6
true,6
analecta,6
po,6
eye,6
calibrated,6
lower,6
sources,6
reconstructions,6
localities,6
asl,6
ii,6
hunting,6
situ,6
within,6
america,6
paleogeography,6
reconstruction,6
throughout,6
component,6
sp,6
zelikson,6
krasny,6
basic,6
direct,6
show,6
leidensia,6
could,6
baikal,6
further,6
record,6
isotope,6
well,6
related,6
personal,6
vasilievsky,6
il,6
radiouglerodnaya,6
medvedev,6
fully,6
yrs,6
using,6
khronologiya,6
horizons,6
stratigraphy,6
needles,6
mammal,6
same,6
svendsen,6
golden,6
channel,6
valleys,6
another,6
assemblages,6
use,6
three,6
pozdny,6
hunters,6
occupied,6
who,6
altai,6
complexes,6
each,6
correspond,6
different,6
steppe,6
tailored,6
pavlov,6
given,6
through,6
azii,6
formation,6
ineshin,6
leiden,6
sakhalin,6
much,6
praehistorica,6
paleoenvironment,5
glaciers,5
later,5
represent,5
extreme,5
contradicts,5
total,5
belong,5
case,5
evaluation,5
activity,5
fragment,5
reservoir,5
andel,5
bronk,5
communication,5
kultury,5
without,5
represented,5
their,5
cave,5
changes,5
possibly,5
colder,5
lugovskoe,5
recovered,5
sartan,5
problems,5
suggested,5
my,5
drainage,5
called,5
evraziiskogo,5
recently,5
produced,5
vo,5
instituta,5
reflect,5
approach,5
earth,5
reliable,5
cool,5
industry,5
latest,5
populations,5
vasilevski,5
still,5
dwellings,5
us,5
patom,5
volume,5
pleniglacial,5
shows,5
occupations,5
fragments,5
patterns,5
nauk,5
adjacent,5
mammalian,5
accepted,5
de,5
degree,5
ob,5
larch,5
clear,5
co,5
general,5
mountain,5
we,5
yakutia,5
byzovaya,5
returned,5
es,5
geographic,5
der,5
colonization,5
u,5
destroyed,5
vostochnoi,5
problem,5
institute,5
secure,5
shlenka,5
both,5
presented,5
conventional,5
manufacture,5
mestonakhozhdenie,5
aldan,5
paleoliticheskikh,4
gamble,4
source,4
long,4
retouched,4
mochanov,4
yar,4
solifluction,4
suggesting,4
soffer,4
timing,4
bladelets,4
papers,4
account,4
vypusk,4
securely,4
petersburg,4
bottom,4
colluvial,4
bison,4
since,4
silicified,4
underlying,4
publications,4
geological,4
distribution,4
reconstructed,4
edited,4
across,4
proceedings,4
sovremennye,4
grew,4
certain,4
derived,4
tree,4
ravniny,4
support,4
tusk,4
branch,4
section,4
solid,4
four,4
article,4
providing,4
typical,4
seven,4
issue,4
appears,4
dwelling,4
kashchenko,4
overlying,4
scavenging,4
brought,4
london,4
tributary,4
island,4
precipitation,4
corresponds,4
tom,4
mediterranean,4
coast,4
core,4
annual,4
generally,4
provenance,4
steppes,4
preliminary,4
survived,4
nagorya,4
indicates,4
mammoths,4
tesa,4
complete,4
vek,4
members,4
kamenny,4
megafauna,4
scholars,4
kurenkova,4
necessary,4
project,4
discussion,4
deposits,4
samples,4
significant,4
largely,4
arkhipov,4
rivers,4
assume,4
shukurov,4
characterized,4
spread,4
sands,4
stages,4
mammals,4
ikhine,4
fauna,4
special,4
horse,4
ago,4
zabaikalya,4
provide,4
pieces,4
pitulko,4
analysis,4
pamyatnikov,4
stable,4
incorporated,4
southward,4
terrestrial,4
ivory,4
basins,4
particularly,4
pebbles,4
combined,4
temperatures,4
while,4
scavenged,4
kulachye,4
size,4
territory,4
wild,4
national,4
davies,4
smaller,4
evropy,4
needle,4
kara,4
technological,4
observed,4
volkov,3
generated,3
red,3
per,3
english,3
necessarily,3
yeniseya,3
test,3
kashin,3
either,3
dwarf,3
production,3
originally,3
location,3
height,3
zyryanka,3
warm,3
able,3
context,3
bader,3
alluvium,3
occupy,3
irkutskogo,3
likely,3
biome,3
corresponding,3
exposed,3
gosudarstvennogo,3
blades,3
peculiarities,3
development,3
run,3
rhinoceros,3
terberger,3
vremya,3
cases,3
nelson,3
elements,3
items,3
old,3
ri,3
third,3
details,3
shelf,3
higher,3
absent,3
soviet,3
highlands,3
bifaces,3
drevnikh,3
peninsula,3
radiouglerodnogo,3
nos,3
discoveries,3
cohmap,3
determination,3
astakhov,3
loess,3
articulated,3
too,3
additional,3
origins,3
beyond,3
coldest,3
flakes,3
dominant,3
birch,3
khayrgas,3
decades,3
view,3
greater,3
had,3
allow,3
declined,3
chikhen,3
out,3
rybin,3
fuel,3
neighboring,3
earliest,3
burial,3
paleoenvironmental,3
stoyanka,3
blade,3
sibiri,3
macrofossil,3
reports,3
ten,3
whole,3
place,3
rodents,3
away,3
extinctions,3
citing,3
drier,3
clothes,3
cope,3
intervals,3
multiple,3
components,3
finds,3
periods,3
he,3
anikovich,3
implications,3
make,3
etnografia,3
vicinity,3
overview,3
asiatic,3
yet,3
york,3
paleontological,3
paleogeografiya,3
antler,3
specimens,3
ancient,3
unwin,3
hearth,3
regional,3
street,3
simulation,3
etnografìi,3
name,3
toward,3
fact,3
drozdov,3
agui,3
sedimentation,3
frost,3
istorii,3
outside,3
considered,3
do,3
monographs,3
chetvertichnogo,3
landscape,3
japan,3
elevation,3
understanding,3
ulma,3
chronologies,3
kolyma,3
bocquetappel,3
materialnoi,3
asian,3
skeptical,3
kostenki,3
processes,3
field,3
previous,3
similar,3
arkheologicheskie,3
summer,3
ural,3
oxbow,3
evolutionary,3
methods,3
shallow,3
slightly,3
shale,3
widely,3
consists,3
yr,3
radiouglerodnye,3
five,3
pamyatniki,3
maps,3
perioda,3
evrazii,3
verkhnego,3
indicate,3
volumes,3
subdivided,3
occupies,3
thick,3
taphonomic,3
school,3
cirque,3
issledovaniy,3
conclusion,3
detail,3
physical,3
doi,3
geoarchaeology,3
over,3
continental,3
krasnoyarsk,3
vitim,3
paleoliticheskie,3
reliability,3
biogeography,3
beginning,3
lena,3
pooled,3
them,3
amur,3
particular,3
nearby,3
interval,3
calendar,3
almost,3
code,3
reported,3
lies,3
lab,3
chukotka,3
come,3
survival,3
reveals,3
izvestiya,3
oledeneniya,3
illinois,3
dinamika,3
instead,3
jasper,3
uncalibrated,3
gobi,3
dannym,3
am,3
modeling,3
arkheologiya,3
immediately,3
among,3
tube,3
unequivocal,3
close,3
difficult,2
ntl,2
edge,2
shelves,2
komissii,2
laboratorii,2
federation,2
distributed,2
kinds,2
nekotorykh,2
summaries,2
strictly,2
investigating,2
completely,2
former,2
decade,2
excavation,2
diversity,2
leads,2
framework,2
scientific,2
taken,2
disturbance,2
palynological,2
nauka,2
retreat,2
taimyr,2
limb,2
updated,2
peopling,2
rich,2
studied,2
farther,2
hundred,2
reveal,2
uncovered,2
take,2
real,2
help,2
bering,2
state,2
okhotsk,2
marine,2
those,2
investigations,2
debitage,2
datable,2
cenozoic,2
draw,2
grooves,2
mlekopitayushchikh,2
bibliography,2
driest,2
preceramic,2
taking,2
point,2
indicating,2
geomorphological,2
drevnie,2
sssr,2
frequencies,2
paviland,2
sakha,2
evolutsiya,2
poslednego,2
zemlya,2
mm,2
selemdzhi,2
sediment,2
characteristic,2
mixed,2
tsentr,2
barrier,2
urals,2
fishhook,2
averaging,2
six,2
reki,2
left,2
libraries,2
continuous,2
find,2
climates,2
confluence,2
let,2
industries,2
recolonization,2
poor,2
mesolithic,2
german,2
reflects,2
air,2
growth,2
how,2
demars,2
larichev,2
en,2
taphonomy,2
coastal,2
subsistence,2
mean,2
datirovaniya,2
zhizni,2
archaeometry,2
spores,2
bolshoi,2
wedgeshaped,2
animals,2
future,2
sulerzhitsky,2
icewedge,2
redeposited,2
hi,2
presumably,2
clearly,2
elsewhere,2
just,2
modelling,2
numbers,2
communities,2
lithic,2
polar,2
submerged,2
exceed,2
undertaken,2
perspektivy,2
boundary,2
ferns,2
hereafter,2
utah,2
stoyanki,2
opinion,2
whereas,2
advance,2
disbelief,2
datirovki,2
koptyug,2
appearance,2
entering,2
search,2
ddiine,2
kaminnaya,2
hubberten,2
zone,2
primigenius,2
sapropel,2
philosophical,2
paleomonsoon,2
evaluate,2
academic,2
novye,2
kageyama,2
chinese,2
microquartzite,2
fiedel,2
rossiiskaya,2
intensity,2
fish,2
absolute,2
magadan,2
wide,2
simulations,2
criteria,2
nine,2
significantly,2
instruments,2
revealed,2
description,2
paleoenvironments,2
priangarya,2
contains,2
relevance,2
believes,2
baikalopatomskogo,2
own,2
nj,2
palaeoenvironmental,2
pozdnego,2
giant,2
caused,2
suggest,2
stage,2
storm,2
order,2
rutgers,2
bank,2
around,2
hemisphere,2
concept,2
migration,2
dramatic,2
distinguished,2
yuzhnogo,2
os,2
ta,2
irkutsk,2
komponentov,2
correspondence,2
cycle,2
provided,2
lyzhin,2
chronological,2
llc,2
reduced,2
calibration,2
dannye,2
neolit,2
nauchny,2
interactions,2
cracks,2
za,2
put,2
bratsk,2
pacific,2
q,2
makes,2
under,2
perceived,2
compiled,2
processing,2
included,2
extinction,2
ci,2
culture,2
subdivisions,2
already,2
insights,2
gg,2
department,2
shahgedanova,2
thornlike,2
picture,2
geomorphology,2
turgai,2
death,2
basseiny,2
nonarboreal,2
geokhronologiya,2
rock,2
buvit,2
lack,2
consideration,2
limit,2
turner,2
areas,2
minnesota,2
appeared,2
surfaces,2
bluff,2
doubt,2
variation,2
depopulation,2
basseinov,2
pine,2
shrubs,2
preforms,2
establish,2
relevant,2
rhineland,2
michael,2
zaraisk,2
aseev,2
primorye,2
remained,2
yaroslav,2
technologies,2
vast,2
lipnina,2
atlantic,2
cambridge,2
beringian,2
blum,2
findings,2
food,2
sequence,2
rare,2
hunted,2
monsoon,2
belaya,2
described,2
nuclear,2
open,2
konstantinov,2
lacustrine,2
se,2
aldana,2
points,2
dominated,2
paleoliticheskaya,2
times,2
plains,2
allowed,2
him,2
features,2
mangerud,2
abundant,2
provides,2
mongolii,2
exchange,2
artificial,2
pettitt,2
eustatic,2
levallois,2
cs,2
novykh,2
systems,2
become,2
relation,2
biomes,2
excluded,2
obsidian,2
climap,2
topic,2
structure,2
kiryak,2
grichuk,2
dominance,2
adaptations,2
dietary,2
erratum,2
accepting,2
penguin,2
rodent,2
circle,2
violation,2
sealed,2
fairly,2
pozdnepaleoliticheskoe,2
tekhnologyi,2
detailed,2
millennia,2
overlap,2
tobol,2
often,2
responsible,2
united,2
extremely,2
get,2
gathered,2
kokorevo,2
anthropological,2
seriously,2
argillite,2
heavy,2
then,2
fifteen,2
any,2
thinking,2
kamchatka,2
aeolian,2
kultura,2
measurements,2
extensive,2
here,2
yamskikh,2
column,2
istoriya,2
natural,2
poslednie,2
khronologii,2
yana,2
books,2
cultures,2
descriptions,2
sheep,2
lying,2
polygonal,2
audience,2
iron,2
pit,2
barents,2
advances,2
animal,2
chelovekom,2
microlithic,2
carefully,2
form,2
mosses,2
covers,2
morskikh,2
observations,2
adornments,2
vnutrennikh,2
contain,2
izucheniyu,2
geologiya,2
preserved,2
edwards,2
despite,2
republic,2
fossil,2
geophysics,2
elevations,2
yenisee,2
srednei,2
our,2
question,2
difference,2
average,2
stratigrafiya,2
copies,2
decrease,2
temperature,2
tekhnicheskogo,2
accept,2
approximately,2
salt,2
rhs,2
states,2
zolnikov,2
ï,2
colleagues,2
oldest,2
hokkaido,2
shift,2
comparison,2
supported,2
textures,2
combination,2
consisted,2
create,2
zaitseva,2
archeological,2
interaction,2
roe,2
plenum,2
ca,2
built,2
scandinavian,1
fir,1
nicholas,1
kurtak,1
ä,1
doliny,1
krenke,1
go,1
ermakovo,1
ja,1
sledami,1
currently,1
done,1
child,1
flow,1
evolucio,1
limits,1
horizontal,1
sterile,1
way,1
stuart,1
problematike,1
indicated,1
rev,1
substances,1
sher,1
styke,1
pmip,1
strategy,1
geograficheskaya,1
groups,1
retreated,1
skeletal,1
borers,1
grosswald,1
lednikovykh,1
separated,1
affected,1
okruzhayushchaya,1
rastitelnosti,1
episodes,1
heights,1
uplands,1
fords,1
anthropogene,1
igeteiskiy,1
introduction,1
manuscript,1
deciduous,1
mouth,1
contemporaneous,1
skreblo,1
settlements,1
integrity,1
atlases,1
san,1
chi,1
leningrad,1
chulym,1
properly,1
paleontologia,1
essays,1
prevented,1
terminated,1
formed,1
kiya,1
live,1
wostok,1
constitutes,1
nps,1
rounded,1
mezolita,1
articles,1
paradigms,1
candidate,1
park,1
wolf,1
grasslands,1
trace,1
prentice,1
fixed,1
organic,1
harsh,1
rf,1
occurred,1
oshchepkova,1
reliably,1
bazarova,1
dchine,1
ethnoarchaeological,1
sopredelnykh,1
domes,1
ussr,1
oos,1
arguing,1
detected,1
changeable,1
schirrmeister,1
bahn,1
contexts,1
northward,1
experience,1
fluctuations,1
accumulation,1
being,1
highlighted,1
cast,1
sanggosa,1
olekmy,1
roebroeks,1
twilight,1
permit,1
extraction,1
supposedly,1
microhabitats,1
preceding,1
disagreement,1
metody,1
setting,1
medvezhya,1
attempts,1
military,1
cd,1
kilometers,1
fowl,1
tolbaga,1
utilization,1
artificially,1
chalcedony,1
çj,1
definition,1
okladnikov,1
gary,1
analog,1
yokoyama,1
comparatively,1
latitudes,1
tradition,1
leading,1
split,1
incisors,1
zi,1
broken,1
highland,1
ys,1
convert,1
differences,1
listvenka,1
accumulated,1
origin,1
assembled,1
disappearance,1
geomorfologiya,1
link,1
vertebra,1
composition,1
scheme,1
products,1
pozdnezyryanskogo,1
evolving,1
melody,1
traditionally,1
vostochoi,1
razvitie,1
chronologyof,1
sokoloff,1
precisely,1
sergei,1
raised,1
wet,1
decreased,1
challenged,1
okhrana,1
antropogena,1
focus,1
marresale,1
dd,1
behind,1
belongs,1
tochnost,1
worldwide,1
coniferous,1
andreev,1
geometric,1
woodlands,1
side,1
wetter,1
radiouglerognykh,1
accuracy,1
neolitu,1
krasnyyar,1
discussinig,1
ín,1
karpologicheskim,1
key,1
luminescence,1
advice,1
weathered,1
mass,1
morían,1
killed,1
notches,1
figs,1
mistakes,1
tela,1
ç,1
prior,1
determined,1
constraints,1
cooperation,1
landsystem,1
paucity,1
cap,1
reply,1
characterize,1
lozhkin,1
severnaya,1
feinman,1
powers,1
irtysh,1
emu,1
crossed,1
dataset,1
fine,1
community,1
alluvialnykh,1
sporadically,1
x,1
consequent,1
zhivotnogo,1
kolfschoten,1
fur,1
quantity,1
cited,1
apply,1
correlation,1
himself,1
minimum,1
deinsea,1
sand,1
collection,1
palaeoecological,1
inventory,1
peshchere,1
funded,1
exist,1
piedmont,1
regarding,1
goal,1
prey,1
royal,1
comments,1
timber,1
collapse,1
cemeteries,1
gut,1
southwestern,1
vandenberghe,1
explained,1
agreement,1
inner,1
quality,1
archipelago,1
objective,1
lateweichselian,1
epokhu,1
bassein,1
tables,1
assumes,1
unpublished,1
guthrie,1
terraces,1
maina,1
millennium,1
paleoliticheskoye,1
danube,1
interest,1
patchy,1
relatively,1
ability,1
verkhnepaleoliticheskoe,1
oleneka,1
ostrich,1
quantifying,1
occurs,1
zapadnoi,1
elston,1
jr,1
expeditions,1
assessment,1
olenek,1
chikoi,1
laptev,1
sinclair,1
dalny,1
admitted,1
willis,1
funds,1
estimates,1
concentrations,1
clay,1
marlstone,1
nor,1
clark,1
clustering,1
amount,1
afontovo,1
response,1
ik,1
companion,1
arheologicheskikh,1
groningen,1
morpholithogenesis,1
analogs,1
suslov,1
unchanged,1
datirovanie,1
zapiski,1
criterion,1
truly,1
lïîii,1
determinations,1
died,1
selemdzhinskaya,1
biological,1
si,1
dammed,1
yi,1
stratum,1
ë,1
traditions,1
leadership,1
pronounced,1
arheologiya,1
generation,1
skelet,1
patches,1
dikov,1
crow,1
rs,1
hampers,1
collagen,1
berelekh,1
simultaneously,1
what,1
slowed,1
flake,1
valdai,1
adequate,1
pendant,1
perimortem,1
boreal,1
liparite,1
megafauny,1
reimer,1
pozdnem,1
soff,1
tt,1
distinction,1
continent,1
lepenski,1
predictably,1
graf,1
developed,1
district,1
remain,1
breadth,1
afterwards,1
discharge,1
biggest,1
levels,1
evalga,1
flory,1
hughes,1
subdivision,1
shrub,1
stuttgart,1
deliberately,1
doklady,1
amirkhanov,1
reworked,1
connected,1
whether,1
importance,1
pleistotsena,1
huge,1
ass,1
krivonogov,1
assuming,1
aquatic,1
zhilishcha,1
huijzer,1
evolution,1
burials,1
upstream,1
panychev,1
factors,1
update,1
caps,1
consistency,1
constitute,1
oxides,1
means,1
modified,1
eighteen,1
arid,1
rossiisky,1
agrees,1
applied,1
affect,1
rib,1
cause,1
skeleton,1
daiyonki,1
kutzbach,1
objects,1
wedges,1
chukotskoeo,1
statistical,1
familiar,1
osobennosti,1
grains,1
slowly,1
emergence,1
multiplatform,1
korea,1
shin,1
greve,1
ì,1
impact,1
vyacheslav,1
teriofauna,1
unfavorable,1
perekhoda,1
frequently,1
pebble,1
track,1
abridged,1
commonly,1
heading,1
ludei,1
resource,1
populated,1
follow,1
statement,1
bpt,1
facing,1
obstacles,1
definite,1
antropologii,1
poduostrova,1
og,1
warmer,1
dug,1
drawing,1
subaerial,1
union,1
denticulate,1
expressed,1
result,1
closely,1
came,1
acceptable,1
orau,1
eurasiatico,1
llillsiaiüaliüláü,1
concentration,1
questioned,1
porter,1
eggshell,1
downstream,1
nazad,1
ostatkov,1
acknowledgments,1
carcasses,1
ulmy,1
faunisticheskie,1
ak,1
tentatively,1
otdelenie,1
preindustrial,1
underneath,1
lesa,1
krasnyi,1
events,1
arboreal,1
mistakenly,1
upotrebleniya,1
suitable,1
chukotki,1
diet,1
leshchinskiy,1
lick,1
possibility,1
initial,1
im,1
regionalnaya,1
embedded,1
density,1
skoplenie,1
orhon,1
fourth,1
equally,1
understood,1
omolon,1
transactions,1
effective,1
territoriy,1
coped,1
nemkova,1
keywords,1
fisher,1
viewed,1
subarctic,1
neither,1
cannot,1
pozanepaleoliticheskaya,1
distorts,1
thin,1
migrations,1
equip,1
weakening,1
required,1
multidisciplinar,1
fox,1
kaminnoi,1
lî,1
scintillation,1
flaked,1
misrepresented,1
periodization,1
bluffs,1
radiouglerodnoi,1
glaciated,1
eliminate,1
technical,1
none,1
etogo,1
hoofed,1
sostava,1
relief,1
network,1
antropogene,1
pleistotsene,1
overviews,1
bounded,1
rocks,1
brantingham,1
chulvmyenisei,1
foresttype,1
dimensions,1
yakor,1
clean,1
reader,1
shushpanova,1
maininskogo,1
bladelet,1
wedgelike,1
example,1
soi,1
waguespack,1
proportions,1
knowledge,1
apparent,1
vertebrae,1
comment,1
ustye,1
îfi,1
loss,1
year,1
literature,1
pseudomorphoses,1
arkheologicheskoe,1
describe,1
ispolzovanie,1
priirtyshya,1
intermediate,1
riversi,1
replaces,1
issues,1
partly,1
work,1
seasonally,1
beads,1
winter,1
versus,1
paleosol,1
focuses,1
zaselenie,1
employed,1
amerikoi,1
preparation,1
relyefa,1
status,1
boulders,1
following,1
compositae,1
foci,1
depositional,1
yak,1
good,1
evaluated,1
social,1
radiouglerodnoe,1
pò,1
working,1
tight,1
golotsene,1
questionable,1
incisor,1
peshchera,1
ono,1
dictionary,1
kinetics,1
prevalence,1
next,1
peruvian,1
sharp,1
hole,1
hornblendite,1
online,1
pishchy,1
teams,1
dried,1
conifer,1
soil,1
mineral,1
separately,1
migrating,1
bridge,1
aktualnye,1
lyobov,1
treeline,1
ts,1
peak,1
decline,1
attached,1
paleontologicheskikh,1
portions,1
lagurus,1
impossible,1
richness,1
progress,1
vasily,1
majority,1
ïj,1
putorana,1
lgmrelated,1
describes,1
longitudal,1
notice,1
roots,1
sinitsyn,1
depths,1
hammerstone,1
grateful,1
ddcis,1
macdonald,1
deer,1
triangular,1
valuable,1
retreating,1
twothirds,1
azia,1
hanguk,1
sovietskaya,1
cite,1
portion,1
includingtransbaikal,1
therefore,1
gustav,1
shoreline,1
ana,1
maschenko,1
noteworthy,1
situation,1
coastline,1
corrections,1
minor,1
elementy,1
gravettian,1
shunkov,1
accepts,1
absence,1
cnrinnar,1
various,1
yamal,1
bimodal,1
letters,1
darvill,1
impacts,1
horoka,1
indicative,1
pozdnepaleoliticheskikh,1
hide,1
synthesis,1
lag,1
acquaint,1
schemes,1
return,1
brief,1
forward,1
carnivora,1
kenkyu,1
nearly,1
elgakhchan,1
prevailing,1
deviation,1
mavtinskoe,1
positioned,1
intensively,1
sibili,1
garden,1
surviving,1
phvsics,1
americas,1
movement,1
spot,1
surveyed,1
innovation,1
neanderthals,1
southeast,1
forecast,1
corpus,1
ããã,1
vereshchagin,1
izuchennosti,1
interpretation,1
od,1
pamiatniki,1
realnaya,1
examined,1
fit,1
intense,1
advanced,1
geochronology,1
kluwer,1
serve,1
soon,1
restricted,1
exposure,1
dateiist,1
selective,1
confidence,1
temperate,1
index,1
verpoorte,1
semisubterranean,1
landshaftov,1
ils,1
peltier,1
paleosrede,1
assistance,1
terifauna,1
skin,1
ed,1
seriya,1
icedammed,1
wisconsin,1
lene,1
kostei,1
skeletons,1
double,1
useful,1
fill,1
alteration,1
actually,1
organizations,1
resolution,1
humérus,1
nazionale,1
iceage,1
sreda,1
challenge,1
technique,1
stated,1
subcontinent,1
rastitelnost,1
again,1
deserves,1
hearths,1
ös,1
flat,1
towards,1
projects,1
sky,1
release,1
dementiev,1
stoianok,1
longer,1
paleogeograftya,1
daty,1
react,1
predaltaiskoi,1
calib,1
pastoralism,1
centered,1
citellus,1
predominant,1
lililí,1
agree,1
mountainous,1
abstract,1
extended,1
sphagnum,1
disturbed,1
koryak,1
contradict,1
classical,1
associates,1
decreases,1
minneapolis,1
microspalls,1
figurines,1
aldansky,1
olekma,1
book,1
verkhnem,1
fashion,1
pattern,1
russkoi,1
hiatus,1
chukchi,1
removal,1
stored,1
consiglio,1
estestvennykh,1
never,1
conclusions,1
took,1
khronostratigrafiya,1
locales,1
progenitor,1
contextualizing,1
increases,1
ooon,1
landshafinykh,1
mestonakhozhdeniy,1
vostoka,1
purposes,1
kienast,1
coarse,1
uuuij,1
markin,1
forth,1
mamonta,1
deep,1
osteologists,1
teeth,1
february,1
matushchenko,1
flint,1
controversy,1
free,1
microtools,1
thoroughly,1
metoda,1
habitat,1
summers,1
predmosti,1
fauny,1
ephemeral,1
sushchestvovaniya,1
pooling,1
campaigns,1
averaged,1
skepticism,1
pall,1
background,1
treated,1
thanks,1
geografii,1
proboscidean,1
bulle,1
mestonakhozhdeniya,1
refining,1
shirataki,1
tomskaya,1
formal,1
affinity,1
critically,1
enhanced,1
drevnosti,1
poselenii,1
sixth,1
deserts,1
sufficiently,1
paleolite,1
birds,1
mosaic,1
astroarkheologiya,1
attributed,1
concern,1
pogrebeniya,1
selemdga,1
landshaftnykh,1
illusion,1
prevailed,1
virtually,1
paleosols,1
reconstructing,1
vozraste,1
band,1
survey,1
submitted,1
denisova,1
exhibited,1
verkhnetroitskaya,1
angary,1
razvitiya,1
gerasimov,1
examination,1
full,1
golubaya,1
ambio,1
california,1
baryshnikov,1
platform,1
distortion,1
man,1
low,1
urbana,1
modem,1
elk,1
oc,1
comprehensive,1
publication,1
language,1
lady,1
impregnated,1
individual,1
physics,1
interpretatsiya,1
started,1
reviewers,1
collaboration,1
helpful,1
aurignacian,1
jíhl,1
overlain,1
curve,1
markova,1
chelovek,1
drilling,1
counted,1
palaeobotanical,1
epoch,1
connects,1
improved,1
standard,1
vod,1
inversions,1
reuse,1
khangaya,1
repeated,1
discarded,1
enough,1
ouaternarv,1
evgeny,1
parallel,1
taimen,1
ribs,1
arkheologicheskikh,1
juncture,1
hungarian,1
winters,1
ornaments,1
land,1
í,1
correction,1
anderson,1
effect,1
amber,1
january,1
svete,1
rossiiskayaarkheologiya,1
regression,1
consecutive,1
lithological,1
klimata,1
volchya,1
attracted,1
oscillations,1
ground,1
maximal,1
relative,1
hakbo,1
organics,1
atlas,1
dryas,1
caution,1
paleogeographic,1
baikalskoi,1
attention,1
chert,1
concluded,1
brown,1
otlozheny,1
vu,1
hunt,1
aktivnosti,1
separate,1
malta,1
issledovaniya,1
increasing,1
ranging,1
carried,1
otf,1
indication,1
filosofii,1
discussing,1
topography,1
zaraiskaya,1
relationship,1
preliminarily,1
aid,1
imperatorskoi,1
flooded,1
vv,1
grammar,1
coupled,1
îiliïïsi,1
tentative,1
novaya,1
checked,1
marrow,1
she,1
continued,1
drevesiny,1
crucial,1
ecological,1
linda,1
lgmassociated,1
lar,1
reasonable,1
microcores,1
cn,1
vertical,1
biryukov,1
insufficient,1
tusks,1
primarily,1
bulletin,1
gnaw,1
investigators,1
poseleniy,1
nikolaev,1
nonaccelerator,1
aitken,1
rayona,1
collections,1
surveys,1
fs,1
matrixes,1
began,1
localization,1
clays,1
originated,1
remnants,1
length,1
life,1
why,1
liu,1
construction,1
kill,1
fall,1
solonets,1
greenland,1
clovis,1
estimated,1
centuries,1
devoted,1
formirovaniya,1
mamakanskogo,1
susan,1
prirodnaya,1
ash,1
berger,1
carpological,1
burned,1
dissertation,1
abandonment,1
iberia,1
rarely,1
flies,1
blocked,1
marks,1
beast,1
growing,1
reviewing,1
dordrecht,1
comes,1
mio,1
mentioned,1
version,1
changing,1
poselenie,1
kompleksa,1
consider,1
laminated,1
must,1
mezhdurechya,1
flora,1
log,1
continues,1
spruce,1
palaeogeography,1
recognizable,1
scraping,1
ignore,1
snrinoer,1
symbol,1
alps,1
extraarctic,1
maksimum,1
mooom,1
taiwan,1
emphasise,1
discharged,1
rerouting,1
know,1
tafonomii,1
plateau,1
control,1
rocksheiter,1
ß,1
nasledie,1
cemetery,1
paper,1
specialized,1
filologii,1
downslope,1
paleoindian,1
confident,1
interested,1
board,1
variable,1
desolate,1
best,1
ft,1
down,1
historical,1
zeya,1
printed,1
paleoclimatic,1
mys,1
domestic,1
cooling,1
report,1
ding,1
counting,1
foundation,1
iii,1
izotopnym,1
dat,1
unburned,1
yelenev,1
associations,1
past,1
essentially,1
utilized,1
proposed,1
prognoza,1
drop,1
discuss,1
microindustries,1
mongolian,1
tytylvaam,1
explanations,1
ecology,1
notable,1
affirm,1
altaya,1
investigation,1
stoke,1
lutoga,1
redeposition,1
farand,1
terms,1
list,1
tow,1
references,1
supports,1
mandible,1
house,1
calculations,1
map,1
shpolyanskaya,1
sovremennym,1
warn,1
debate,1
leaving,1
waters,1
predate,1
complexity,1
palynologist,1
correlates,1
presumable,1
prismatic,1
mama,1
produce,1
herbivores,1
lowermost,1
sukacheva,1
delle,1
sovremennoe,1
lia,1
episode,1
scenarios,1
oxygen,1
suggests,1
emphasis,1
hundreds,1
prevent,1
port,1
geoarkheologicheskikh,1
cluster,1
spaces,1
voprosy,1
aurochs,1
researchers,1
paleoclimates,1
outline,1
prilednikovykh,1
aspen,1
pits,1
vir,1
landslides,1
city,1
quartzite,1
prevalent,1
confirm,1
became,1
subrayona,1
arkheologicheskykh,1
variability,1
giving,1
transition,1
hucho,1
tundras,1
geoarkheologicheskogo,1
adapted,1
geoarkheologichesky,1
jv,1
obtain,1
refitted,1
frenzel,1
mongoli,1
equipped,1
phenomenon,1
mention,1
sb,1
pozdnepleistotsenovogo,1
aspect,1
coming,1
chastei,1
gornogo,1
webb,1
ibex,1
named,1
anabara,1
stoyankakh,1
sostoyanie,1
praslov,1
ungulates,1
dalnego,1
practices,1
placer,1
synopsis,1
humanenvironment,1
ig,1
finding,1
paradigm,1
herds,1
macrofossils,1
mamontovogo,1
stoyanke,1
acidity,1
offer,1
pechora,1
kavkaza,1
suffers,1
dense,1
refueium,1
glass,1
france,1
engraving,1
fulbright,1
presenting,1
measured,1
francisco,1
increased,1
classification,1
roughly,1
minima,1
anonymous,1
flooding,1
respective,1
territories,1
laukhin,1
severnogo,1
rhyolite,1
uá,1
assumed,1
klein,1
ostatki,1
mìliti,1
liquid,1
savvinova,1
obstanovok,1
unstable,1
pleased,1
zapadnogo,1
uncertainty,1
views,1
northwestern,1
problema,1
little,1
mnogosloinykh,1
dental,1
traditional,1
wellplanned,1
soobshcheniya,1
duration,1
itogi,1
strong,1
comparable,1
ss,1
digest,1
concise,1
overkill,1
nizhnego,1
broader,1
doing,1
resources,1
manufactured,1
reinstalled,1
arizona,1
popov,1
gold,1
grants,1
