WORDCOUNTS,WEIGHT
the,1084
of,715
and,694
in,372
de,341
a,216
to,211
that,156
e,119
pp,114
mexico,112
on,104
la,99
puebla,97
at,91
y,81
en,77
nacional,77
p,74
antropología,72
del,72
m,67
from,66
this,65
for,64
g,64
have,61
cholula,58
by,56
as,54
with,54
research,53
has,53
j,50
instituto,50
is,50
el,49
was,49
an,47
mesoamerican,45
were,45
city,45
between,45
central,44
et,44
postclassic,44
las,43
been,41
are,41
university,40
r,39
universidad,38
c,37
during,36
these,36
f,33
tehuacan,33
los,33
valley,33
recent,33
prehistory,32
archaeological,32
it,31
plunket,31
b,30
or,30
d,30
tetimpa,29
classic,29
new,29
period,29
h,28
mexicana,28
mesa,28
but,28
not,28
s,26
early,26
first,25
political,25
late,25
formative,25
ad,24
ancient,24
century,23
ceramics,23
be,23
american,22
tehuacán,22
state,21
vol,21
unpublished,21
teotihuacan,21
arqueología,21
two,21
more,21
also,21
although,21
mesoamerica,20
l,20
important,20
area,20
major,20
uruñuela,19
work,19
into,18
popoloca,18
other,17
their,17
middle,17
archaeology,17
southern,17
we,17
autónoma,17
sociedad,16
along,16
ritual,16
may,16
most,16
san,16
like,16
un,16
proyecto,16
art,16
both,16
they,15
eruption,15
report,15
basin,15
population,15
pyramid,15
popocatepetl,15
about,15
no,15
volcanic,15
agricultural,15
notas,14
complex,14
codex,14
excavations,14
used,14
internacional,14
department,14
only,14
ceramic,14
style,14
region,14
garcía,13
investigaciones,13
western,13
great,13
some,13
consejo,13
k,13
house,13
bc,13
su,13
its,13
located,13
historia,13
al,13
areas,13
study,13
obsidian,13
village,12
one,12
maize,12
anthropology,12
there,12
human,12
dates,12
than,12
cantona,12
arqueológico,12
t,12
around,12
mesoamericanas,12
mixtee,12
cerámica,12
v,12
submitted,12
salt,12
construction,12
simposium,12
domestic,12
houses,12
cook,12
studies,11
nature,11
eastern,11
culver,11
discoveries,11
n,11
origins,11
prehispánica,11
cultural,11
occidente,11
culture,11
tepexi,11
lake,11
sequence,11
which,11
platform,11
técnico,11
structure,11
balance,11
remains,11
utah,11
building,11
licenciatura,10
valle,10
méxico,10
sites,10
texas,10
second,10
economic,10
many,10
social,10
mural,10
systems,10
can,10
sobre,10
antiquity,10
analysis,10
volcano,10
xxiv,10
institute,10
evidence,10
archaic,10
interaction,10
i,9
prehispanic,9
development,9
lineage,9
impact,9
found,9
data,9
polychrome,9
project,9
settlement,9
materials,9
regional,9
provide,9
patterns,9
subsistence,9
ethnic,9
probably,9
frontier,9
abandonment,9
natural,9
very,9
past,9
sisson,9
while,9
our,9
years,9
themes,8
date,8
kingdoms,8
fig,8
international,8
appears,8
murals,8
investigación,8
small,8
villages,8
south,8
architecture,8
estado,8
under,8
ams,8
tlaxcala,8
top,8
significant,8
fields,8
sierra,8
urban,8
científica,8
provided,8
southeastern,8
much,8
should,8
large,7
flows,7
processes,7
highland,7
room,7
world,7
household,7
oaxaca,7
monumental,7
latin,7
atlixco,7
centers,7
estudios,7
initial,7
thin,7
archivo,7
aztec,7
published,7
borgia,7
sitio,7
limited,7
religious,7
colección,7
homenaje,7
made,7
radiocarbon,7
three,7
so,7
exchange,7
unirmela,7
cuthá,7
current,7
through,7
transition,7
terminal,7
include,7
mccafferty,7
later,6
groups,6
environmental,6
modern,6
bp,6
archaeologists,6
macneish,6
subsequent,6
system,6
agriculture,6
since,6
temporada,6
such,6
distinct,6
wares,6
rather,6
growth,6
across,6
certain,6
plaza,6
organization,6
antropológicos,6
informe,6
w,6
salvage,6
austin,6
residential,6
part,6
place,6
apparently,6
excavated,6
long,6
several,6
society,6
chronological,6
situation,6
exception,6
others,6
eruptions,6
where,6
valleys,6
local,6
understanding,6
elite,6
use,6
una,6
spread,6
earlier,6
para,6
juan,6
clásico,6
escuela,6
boletín,6
particularly,6
rural,6
vessels,6
little,6
mixteca,6
iconografía,6
impacted,6
specific,6
km,6
deposits,6
within,6
fortified,5
resulted,5
señorío,5
linguistic,5
center,5
sets,5
ms,5
excavation,5
contexts,5
being,5
siebe,5
production,5
rapid,5
formativo,5
sacred,5
those,5
u,5
activity,5
west,5
economies,5
phase,5
review,5
corner,5
geological,5
journal,5
spite,5
site,5
preclásico,5
his,5
highlands,5
developed,5
mexican,5
landscape,5
altar,5
similar,5
references,5
determination,5
northeastern,5
plinian,5
could,5
handbook,5
produced,5
excellent,5
networks,5
information,5
flannery,5
artifacts,5
documented,5
epiclassic,5
presented,5
event,5
few,5
highly,5
results,5
led,5
stratigraphy,5
orange,5
same,5
architectural,5
compound,5
time,5
took,5
do,5
present,5
coloquio,5
material,5
perhaps,5
polities,5
nahua,5
dating,5
symposium,5
divides,5
northern,5
pintura,5
program,5
who,5
anthropological,5
paper,5
cal,5
almost,5
revista,5
undertaken,5
formation,5
frontiers,5
zapotitlán,5
gulf,5
focus,5
difficult,4
edge,4
if,4
settlements,4
he,4
better,4
excavaciones,4
all,4
analyses,4
styles,4
last,4
side,4
east,4
holocene,4
richard,4
arqueológica,4
piedmont,4
neutron,4
análisis,4
language,4
norte,4
unidades,4
drainage,4
relations,4
perspective,4
response,4
alliances,4
caves,4
oxford,4
york,4
whose,4
played,4
how,4
active,4
after,4
importance,4
burials,4
emergence,4
dated,4
suggested,4
charcoal,4
based,4
out,4
iconographie,4
occupation,4
buried,4
prehispánico,4
recently,4
monograph,4
reflect,4
regions,4
family,4
soil,4
lind,4
disaster,4
und,4
massive,4
activation,4
ignacio,4
still,4
make,4
opportunities,4
included,4
tlaxcalan,4
members,4
gobierno,4
nevada,4
motifs,4
projects,4
pennsylvania,4
drinking,4
redonda,4
farmers,4
less,4
see,4
strategies,4
maya,4
assemblages,4
range,4
including,4
mortuary,4
entirely,4
prehispánicos,4
directed,4
publication,4
would,4
provides,4
problems,4
garcia,4
occupied,4
order,4
primarily,4
tlachihualtepetl,4
considered,4
environment,4
earliest,4
senior,4
geographic,4
symbolic,4
área,4
cotsen,4
mesoamérica,4
over,4
región,4
different,4
seem,4
believe,4
best,4
huejotzingo,4
linked,4
goods,4
cities,4
beginning,4
according,4
arqueológicas,4
form,4
emergent,4
role,4
subject,4
campus,4
until,4
models,4
americas,4
sigma,4
altiplano,4
pedro,4
create,4
among,4
north,4
dos,4
devastated,4
primera,4
now,3
rate,3
o,3
common,3
stylistic,3
represent,3
northeast,3
view,3
speakers,3
patio,3
group,3
viejo,3
designed,3
organic,3
likely,3
ballcourt,3
trace,3
pyroclastic,3
fundación,3
transitions,3
lateral,3
zona,3
interests,3
pilitas,3
might,3
attempt,3
seems,3
tradition,3
link,3
intercambio,3
cerro,3
chiefdoms,3
classified,3
platforms,3
rutas,3
surveys,3
cuenca,3
case,3
otomangue,3
key,3
prior,3
illustrate,3
fritz,3
occupy,3
figurillas,3
far,3
reconstruction,3
includes,3
southwestern,3
due,3
encyclopedia,3
items,3
canal,3
academic,3
back,3
agrícola,3
marriage,3
served,3
cabeceras,3
communication,3
distribution,3
operation,3
floor,3
centered,3
dry,3
remain,3
mountain,3
basic,3
process,3
paillés,3
supplement,3
domestication,3
symbols,3
clearly,3
section,3
just,3
show,3
lithic,3
surface,3
beyond,3
painted,3
airport,3
appear,3
had,3
typical,3
format,3
events,3
excavación,3
further,3
focused,3
scale,3
public,3
cambridge,3
technical,3
well,3
directly,3
basis,3
arid,3
concept,3
casa,3
centro,3
broad,3
tunnel,3
pumitic,3
related,3
least,3
caused,3
pottery,3
buildings,3
suggest,3
involved,3
eighth,3
depression,3
coast,3
core,3
always,3
bocas,3
activities,3
neolithic,3
various,3
gabriel,3
identified,3
valsequillo,3
return,3
ware,3
catalina,3
alemana,3
yet,3
makes,3
chronology,3
us,3
beams,3
swamp,3
demonstrates,3
sondeo,3
garland,3
angel,3
street,3
structures,3
power,3
orígenes,3
towns,3
salvamento,3
residence,3
water,3
memorias,3
pattern,3
outside,3
adjacent,3
covered,3
shown,3
empire,3
assemblage,3
alliance,3
enormous,3
detailed,3
identity,3
evolution,3
marcos,3
laboratory,3
leads,3
prospectivas,3
authors,3
estructura,3
decorated,3
plains,3
high,3
mines,3
obtained,3
polychromes,3
topics,3
xxvi,3
furrows,3
propose,3
educación,3
perspectives,3
sealed,3
tomo,3
science,3
ecological,3
usually,3
hill,3
domésticas,3
zacatecas,3
often,3
dead,3
composed,3
mud,3
ash,3
anthropomorphic,3
then,3
associated,3
series,3
yohualichan,3
changing,3
demonstrate,3
constructed,3
temple,3
época,3
comisión,3
control,3
each,3
shrine,3
contextual,3
down,3
wall,3
presence,3
iii,3
siglos,3
number,3
living,3
them,3
selected,3
problem,3
divide,3
huge,3
suggests,3
size,3
researchers,3
paintings,3
balances,3
estudio,3
colonial,3
phenomenon,3
lands,3
numerous,3
flank,3
sacrificial,3
states,3
ciudad,3
did,3
era,3
corn,3
traditional,3
strong,3
final,2
does,2
patrilineages,2
done,2
limits,2
balsas,2
noguera,2
indicated,2
coxcatlán,2
tres,2
imported,2
separated,2
bolstering,2
affected,2
extreme,2
shrines,2
tierra,2
monjas,2
miguel,2
kinds,2
identify,2
essays,2
stone,2
bureaucracy,2
true,2
residencia,2
hidráulico,2
decade,2
history,2
before,2
cultura,2
diversity,2
test,2
sterile,2
doméstico,2
specifically,2
military,2
furrowed,2
broken,2
suggesting,2
daily,2
compounds,2
exotic,2
sometime,2
uncovered,2
reproduction,2
help,2
feature,2
techniques,2
cholollan,2
papers,2
similarities,2
existence,2
jane,2
westview,2
primary,2
representations,2
denver,2
preceramic,2
coas,2
establishment,2
considerably,2
undoubtedly,2
manuscript,2
quauhquechulan,2
royal,2
collapse,2
relationships,2
influx,2
palaces,2
oy,2
surrounded,2
incense,2
worldwide,2
bebedores,2
culto,2
catálogo,2
divine,2
interest,2
dozen,2
kind,2
estimates,2
elements,2
destroyed,2
stored,2
lances,2
posición,2
flawed,2
bone,2
witnessed,2
publications,2
find,2
explore,2
even,2
consequently,2
look,2
tecnología,2
border,2
staircase,2
general,2
understood,2
poorly,2
walls,2
murales,2
employ,2
cameron,2
opposed,2
expansions,2
essential,2
german,2
réévaluation,2
links,2
población,2
catarina,2
main,2
absent,2
levels,2
households,2
se,2
derived,2
direct,2
parts,2
sandy,2
elaborate,2
primer,2
inah,2
clay,2
serve,2
established,2
industria,2
elsewhere,2
donde,2
constructivos,2
frequently,2
delgado,2
restos,2
four,2
recovered,2
additional,2
generally,2
requires,2
destructive,2
imminent,2
materiales,2
providing,2
iconography,2
result,2
location,2
societies,2
six,2
faunal,2
midden,2
gods,2
underneath,2
deal,2
relate,2
zone,2
departamento,2
interpretations,2
base,2
secretaría,2
acropolis,2
because,2
maestro,2
placed,2
comunicaciones,2
periodo,2
subdivisions,2
near,2
possibility,2
briefly,2
none,2
having,2
network,2
protected,2
heart,2
heavily,2
proportions,2
symbolism,2
sta,2
northwest,2
unidad,2
participated,2
rituals,2
ethnohistoric,2
focuses,2
surrounding,2
floors,2
employed,2
status,2
horizon,2
mesoamericana,2
relaciones,2
change,2
responses,2
lópez,2
tested,2
través,2
presencia,2
rushed,2
feasts,2
fuentes,2
diagnostic,2
otomanguean,2
emerging,2
workshops,2
industry,2
civic,2
decline,2
distinguished,2
boundaries,2
dedicated,2
mythological,2
annual,2
correspondence,2
preliminary,2
moved,2
benz,2
geographical,2
periods,2
will,2
perspectivas,2
midpoint,2
partially,2
ceremonial,2
variety,2
xochiyaoyotl,2
arqueológicos,2
populations,2
pilgrimage,2
shields,2
romano,2
short,2
gradual,2
comparative,2
expansion,2
prevailing,2
above,2
indicates,2
tzitzimime,2
southeast,2
single,2
segundo,2
depicted,2
communities,2
interpretation,2
reference,2
habitacional,2
addition,2
represents,2
continuity,2
evolved,2
challenged,2
drunkenness,2
smith,2
commoner,2
accelerated,2
largest,2
already,2
insights,2
reports,2
hearth,2
geologists,2
functioned,2
stones,2
independent,2
fill,2
tremendous,2
towards,2
adobe,2
polícroma,2
demographic,2
lack,2
olmeca,2
relates,2
plan,2
segunda,2
together,2
ideology,2
caballero,2
end,2
contemporary,2
junior,2
succeeding,2
forms,2
búsqueda,2
existing,2
virgen,2
commercial,2
manifested,2
streets,2
reflected,2
arman,2
popolocas,2
interpreted,2
demonstrated,2
government,2
situated,2
extended,2
discussion,2
atlantic,2
tulane,2
tipo,2
upon,2
años,2
canals,2
traded,2
food,2
teotihuacán,2
conditions,2
variation,2
survey,2
kingdom,2
engaged,2
triadic,2
synthetic,2
described,2
nuclear,2
theses,2
significance,2
erosive,2
stress,2
histórica,2
maintenance,2
serpiente,2
individual,2
times,2
homes,2
panfil,2
antecedentes,2
lie,2
filled,2
preservation,2
abundant,2
disasters,2
latter,2
municipal,2
courtyard,2
repeated,2
migrants,2
especially,2
internal,2
promote,2
fortification,2
craft,2
milpa,2
assessing,2
respectively,2
xvi,2
james,2
entierros,2
connections,2
ago,2
mil,2
attention,2
codices,2
pohl,2
cobs,2
consists,2
veracruz,2
lineages,2
etnohistórico,2
she,2
río,2
inhabitants,2
impressive,2
inside,2
alternate,2
explosivity,2
referred,2
chimneys,2
seen,2
strongly,2
intensive,2
life,2
substyles,2
settled,2
centuries,2
typology,2
talavera,2
investigate,2
diversidad,2
addressed,2
any,2
mcdonald,2
following,2
pueblos,2
circumstances,2
reflexiones,2
adjoining,2
known,2
zapotecas,2
temporal,2
palace,2
symbol,2
vasijas,2
offers,2
set,2
portal,2
colotzingo,2
specialized,2
arquitectura,2
assumed,2
exploration,2
castellón,2
simposio,2
argue,2
episodic,2
preclassic,2
ideological,2
shows,2
obviously,2
plazas,2
coxcatlan,2
hostilities,2
phd,2
what,2
unique,2
making,2
nearby,2
sus,2
temporally,2
extent,2
prismatic,2
migrations,2
burners,2
ritually,2
level,2
tschohl,2
preserved,2
convento,2
pits,2
reported,2
slopes,2
lies,2
step,2
campo,2
challenges,2
deities,2
sistema,2
totonac,2
naturales,2
prehispánicas,2
cuadernos,2
refugees,2
ultimately,2
multiethnic,2
sistemas,2
arturo,2
advent,2
frame,2
slope,2
contributed,2
marquina,2
detached,2
need,2
sur,2
effects,2
defined,2
extremely,2
canons,2
needs,2
organización,2
potential,2
tablero,2
sits,2
nuevos,2
zones,2
ballcourts,2
broader,2
meeting,2
lahars,2
built,2
occur,2
arizona,2
nicholas,1
woven,1
countryside,1
superiores,1
carved,1
contacts,1
parcial,1
obverse,1
ambiente,1
estatus,1
bichromes,1
paralleled,1
triple,1
profesor,1
personally,1
frequent,1
transición,1
estimated,1
way,1
generated,1
reporte,1
names,1
generous,1
copas,1
created,1
fortaleza,1
tecnológico,1
postclásicos,1
college,1
modificaciones,1
determine,1
intriguing,1
feathered,1
alone,1
textos,1
nonpalatial,1
mountains,1
poblaciones,1
introduction,1
cuevas,1
string,1
originate,1
sphere,1
expect,1
trash,1
colegio,1
likewise,1
needed,1
apizaco,1
developmentally,1
residences,1
retrospectiva,1
formality,1
tipos,1
agency,1
myth,1
prime,1
artwork,1
algunas,1
formed,1
publicados,1
summaries,1
actividad,1
remnants,1
easily,1
park,1
considerations,1
diffuse,1
grove,1
collection,1
implosion,1
comparisons,1
proveniences,1
necessarily,1
virtually,1
yard,1
ciudades,1
unlike,1
occurred,1
vestiges,1
maybe,1
fragile,1
indígena,1
remedy,1
exceptions,1
accomplishments,1
cama,1
lowlands,1
apartamento,1
vidas,1
messmacher,1
contested,1
arguing,1
nuevas,1
castigation,1
carnero,1
baessler,1
women,1
northward,1
formativas,1
experience,1
andesitic,1
lower,1
said,1
consistent,1
fabric,1
karen,1
biconical,1
peregrinos,1
either,1
inc,1
sources,1
surmounted,1
edificio,1
overlie,1
every,1
embraced,1
concur,1
creation,1
posed,1
orchards,1
pulque,1
setting,1
xouauhquechulanv,1
contamination,1
cinco,1
dirección,1
chaos,1
taken,1
tumbas,1
culturally,1
concentrated,1
questioned,1
grouped,1
terrain,1
promoting,1
worked,1
kent,1
crowns,1
fronteras,1
eruptive,1
fallout,1
gary,1
immense,1
displacement,1
malacates,1
protección,1
archaeologically,1
hernández,1
individuals,1
wooden,1
humana,1
interwoven,1
cofre,1
assess,1
belong,1
borders,1
undertake,1
display,1
olla,1
thank,1
maguey,1
stood,1
wave,1
pinto,1
narrative,1
spaced,1
descubrimientos,1
farther,1
hundred,1
reveal,1
composition,1
restudied,1
sabiduría,1
hunting,1
religion,1
products,1
take,1
aeropuerto,1
manejo,1
emblem,1
achieved,1
fresh,1
consolidación,1
vindobonensis,1
testimonios,1
traditionally,1
hazards,1
reevaluate,1
remainder,1
política,1
principal,1
access,1
opposite,1
signs,1
declines,1
behind,1
buenaventura,1
daniel,1
designs,1
reconsidered,1
issue,1
effigy,1
con,1
occasional,1
crystal,1
cruce,1
dr,1
abutting,1
verlag,1
trade,1
householders,1
bird,1
advice,1
weddings,1
sought,1
bases,1
mazatecs,1
america,1
incorporate,1
draw,1
hall,1
lecciones,1
ethnohistorische,1
diario,1
design,1
stepped,1
mythology,1
nonoalca,1
gardens,1
anticipation,1
quantities,1
placement,1
ixcaquixtla,1
possible,1
implies,1
marked,1
xv,1
securely,1
relocate,1
exports,1
establishing,1
erased,1
alter,1
bibliography,1
agrícolas,1
leonor,1
vital,1
crossed,1
sánchez,1
catástrofe,1
community,1
apart,1
fossilized,1
combine,1
reflecting,1
uses,1
tetlatahuaca,1
inhumed,1
indicating,1
hispánicas,1
genetic,1
acercamiento,1
lxvn,1
formula,1
beneath,1
forged,1
implications,1
warfare,1
tied,1
adobewalled,1
sign,1
ocampo,1
behavior,1
redating,1
valuables,1
univesidad,1
controlled,1
áreas,1
framework,1
cream,1
learned,1
interments,1
thus,1
singularity,1
xxiii,1
relocation,1
laplaza,1
historically,1
riego,1
dotted,1
component,1
difficulties,1
dynamics,1
blast,1
tehucan,1
church,1
scarce,1
interior,1
campos,1
forschungsgemeinschaft,1
habitacionales,1
doctor,1
terraces,1
millennium,1
postlcassic,1
neighbors,1
trench,1
concentrations,1
decided,1
adopted,1
acta,1
hamlets,1
br,1
occurs,1
competitor,1
lacustre,1
application,1
subsuelo,1
chinantla,1
beatriz,1
media,1
sample,1
barrier,1
entire,1
asymmetrical,1
z,1
spans,1
forced,1
humanos,1
sanders,1
defense,1
developments,1
reacomodos,1
immigrants,1
channeled,1
chata,1
reyes,1
circulation,1
document,1
selection,1
antropológicas,1
refer,1
monografía,1
amount,1
ceramica,1
bloody,1
ear,1
divisions,1
iro,1
serving,1
restrict,1
extraordinary,1
macroregion,1
caminos,1
reserach,1
compared,1
defensive,1
third,1
consulted,1
reoccupation,1
determinations,1
pasado,1
helpful,1
weight,1
pueblaveracruz,1
mailudlapmx,1
men,1
chichén,1
dammed,1
sin,1
deceased,1
critique,1
multibranched,1
yi,1
sun,1
occasion,1
piedra,1
adult,1
hallazgos,1
retrieved,1
estilo,1
adjust,1
unfortunate,1
tempering,1
cacaxtla,1
selectively,1
crossroads,1
industries,1
tehuacány,1
posited,1
languages,1
seventh,1
civilization,1
steps,1
oversees,1
bellwood,1
explanations,1
simultaneously,1
sector,1
lexical,1
enhancing,1
philadelphia,1
recognized,1
adequate,1
regiones,1
without,1
operations,1
terminates,1
remedios,1
destroy,1
db,1
edward,1
aggressive,1
adapt,1
incipient,1
movers,1
square,1
junction,1
conflation,1
bifaces,1
frente,1
flanks,1
untimely,1
highway,1
mean,1
conjunto,1
olmec,1
depicts,1
environments,1
excavators,1
opportunity,1
dealt,1
archiv,1
outward,1
spirits,1
reworked,1
rescue,1
persistent,1
eight,1
legendary,1
leave,1
textil,1
drenaje,1
possess,1
cave,1
cholulteca,1
danger,1
histonco,1
offering,1
productive,1
von,1
cueva,1
consequences,1
scattered,1
space,1
urbe,1
vasos,1
modified,1
tláloc,1
tzitzimitl,1
clave,1
vínculo,1
changes,1
litica,1
nor,1
polícromo,1
marks,1
metropolis,1
locally,1
possibly,1
flexibility,1
posclásico,1
cultivators,1
reinforcement,1
interdisciplinarios,1
imposing,1
pocked,1
acculturated,1
aguirre,1
photographs,1
driven,1
reconstructions,1
elevated,1
coerced,1
reexamination,1
record,1
traces,1
aly,1
articulated,1
hierarchically,1
plaster,1
allude,1
reales,1
reviewed,1
calendar,1
observations,1
upper,1
solid,1
xi,1
situations,1
potters,1
orientation,1
converting,1
cholulaone,1
tezcatlipoca,1
eubanks,1
resource,1
textile,1
powerful,1
albuquerque,1
severed,1
tourism,1
aquiahuac,1
predates,1
césar,1
position,1
etnográfico,1
consequence,1
plates,1
merited,1
seriated,1
ideología,1
exploitation,1
mix,1
varias,1
polícromas,1
coincide,1
personified,1
footnote,1
cut,1
tecama,1
labná,1
ha,1
conflicts,1
paragraph,1
conquest,1
española,1
whereas,1
ranges,1
manifestaciones,1
arrived,1
diseño,1
antecedente,1
prehistoric,1
acceptable,1
lead,1
whom,1
anaranjado,1
merging,1
empties,1
cationes,1
affiliated,1
allow,1
bearing,1
zeit,1
declined,1
appearance,1
acknowledgments,1
here,1
begun,1
bricks,1
gabriela,1
volcánico,1
cell,1
inappropriate,1
mapping,1
tenencia,1
effort,1
seven,1
anaranjada,1
sedentary,1
rooms,1
coley,1
criticisms,1
agendas,1
luxury,1
configuration,1
apogeo,1
percentages,1
cerámico,1
shield,1
xipe,1
cores,1
pre,1
embedded,1
fourth,1
ann,1
neighboring,1
lava,1
standardized,1
traits,1
though,1
barba,1
hacia,1
linguists,1
cremated,1
ethnically,1
province,1
arqueólogos,1
pitting,1
viewed,1
postclásica,1
dispersal,1
awls,1
binghamton,1
applied,1
younger,1
grounds,1
xiv,1
produce,1
tikal,1
diffusionist,1
acceleration,1
crossroad,1
opposition,1
wide,1
superior,1
postclásico,1
stratigraphie,1
sacrifice,1
mushroomed,1
warriors,1
aspects,1
kitchen,1
ayuntamiento,1
failure,1
accelerator,1
eduardo,1
spheres,1
distinguish,1
line,1
seminal,1
cuicuilco,1
minute,1
síntesis,1
geothermal,1
zoomorphic,1
publish,1
scope,1
prácticas,1
fragmented,1
industrial,1
imports,1
niederberger,1
partir,1
palacio,1
nine,1
prominent,1
significantly,1
brought,1
modular,1
purpose,1
evidencia,1
tombs,1
zwei,1
cob,1
nation,1
southwest,1
comment,1
homeland,1
geology,1
caching,1
desarrollo,1
medio,1
literature,1
peaked,1
special,1
consistently,1
discussions,1
xu,1
unreported,1
issues,1
rojas,1
people,1
des,1
relevance,1
reconsidering,1
binding,1
device,1
reinterpreting,1
lifeways,1
away,1
rise,1
appreciated,1
compact,1
systematic,1
ciencia,1
bid,1
perdidos,1
artifact,1
spectrometer,1
doubtful,1
cornerstone,1
own,1
diverted,1
memoirs,1
holy,1
polity,1
esoamerica,1
approach,1
angeles,1
earth,1
depicting,1
good,1
tepetate,1
commerce,1
sense,1
wraps,1
correct,1
squatters,1
working,1
field,1
below,1
merino,1
questionable,1
aggrandizement,1
stage,1
dictionary,1
nonresidential,1
indicators,1
flemming,1
trading,1
next,1
alto,1
espacio,1
unquestioned,1
catalog,1
stimulated,1
claim,1
night,1
overshadowed,1
intervals,1
habitation,1
influence,1
sufficient,1
june,1
components,1
bridge,1
efectos,1
consolidant,1
peak,1
attached,1
ancestors,1
goblet,1
impossible,1
paste,1
symposia,1
ek,1
visible,1
when,1
perote,1
london,1
method,1
rescate,1
majority,1
alarming,1
productivity,1
loci,1
using,1
factionalism,1
roots,1
chúñales,1
structured,1
recycle,1
patrones,1
reclamo,1
developmental,1
sheehy,1
rancho,1
tribus,1
valuable,1
sporadic,1
questioning,1
manuel,1
tiempo,1
papeles,1
corpse,1
nonceramic,1
subsequently,1
inspection,1
cite,1
flourished,1
integrating,1
uncommon,1
therefore,1
propuesta,1
originally,1
became,1
stucco,1
tasks,1
mixtéeos,1
cholultçca,1
imprint,1
underground,1
unquestionable,1
división,1
nahuatized,1
lit,1
saw,1
xvni,1
attempts,1
vanderbilt,1
cottage,1
functioning,1
lesser,1
offrontiers,1
cessation,1
confederacies,1
doctoral,1
wrote,1
synthesis,1
launch,1
demográficos,1
intrusions,1
catastrophism,1
asked,1
tried,1
flowery,1
millón,1
merits,1
brings,1
intensively,1
converted,1
july,1
sedation,1
isrocr,1
americana,1
comments,1
torrential,1
unprecedented,1
turbulent,1
anthropomorphized,1
collapsed,1
settings,1
roads,1
surveyed,1
templo,1
aztamecatl,1
structural,1
supplier,1
lisa,1
scarcity,1
tercera,1
mayab,1
quauhtinchan,1
springs,1
turmoil,1
relied,1
elaboration,1
museum,1
fringe,1
arrangements,1
suited,1
programs,1
ocupación,1
esoteric,1
ring,1
tepeacac,1
fifth,1
god,1
boundary,1
thesis,1
muerte,1
castillo,1
participants,1
mínimas,1
home,1
antigua,1
homogeneous,1
light,1
tecalli,1
guatemala,1
abandon,1
rectangular,1
reply,1
lingüística,1
fearsome,1
constitute,1
processed,1
jaguar,1
bordering,1
considers,1
useful,1
volume,1
recycled,1
culturales,1
untimela,1
preclásicos,1
descendants,1
civlizations,1
impediment,1
flanked,1
fenómenos,1
waves,1
comparison,1
nicholson,1
laca,1
fell,1
garrison,1
death,1
available,1
put,1
rock,1
efforts,1
communal,1
fact,1
provincia,1
chemically,1
mixtecapuebla,1
valid,1
consideration,1
treatment,1
fundamental,1
xii,1
blocks,1
temples,1
carbonized,1
discord,1
náhuatl,1
agree,1
documents,1
confederacy,1
rugged,1
exclusion,1
instalación,1
vela,1
forces,1
eagle,1
layer,1
children,1
grave,1
really,1
quaternaire,1
altixcö,1
isolate,1
diverse,1
xitle,1
figurines,1
contends,1
entorno,1
meanders,1
identical,1
fortificados,1
representaciones,1
cerca,1
utilize,1
superstructure,1
fragments,1
reasons,1
elegant,1
milenios,1
anthropologist,1
mesoamenca,1
never,1
hies,1
antiguo,1
ground,1
increases,1
nahuatlspeaking,1
model,1
road,1
huertos,1
sergio,1
continuing,1
developing,1
superimposed,1
validity,1
shared,1
unclear,1
gradualist,1
celebrated,1
michael,1
coxcattàna,1
polícromos,1
gal,1
necessary,1
bedacryl,1
origin,1
por,1
acatlán,1
deep,1
paredón,1
showing,1
rupestres,1
real,1
nueva,1
olmecas,1
belief,1
reconstructing,1
hamilton,1
controversy,1
impoverished,1
avances,1
elementos,1
siglo,1
argument,1
mexicano,1
outlines,1
pública,1
reminds,1
sal,1
violent,1
doubled,1
tunneling,1
another,1
original,1
chasm,1
analyzed,1
mcmaster,1
associates,1
rio,1
coherent,1
sealing,1
examples,1
epiclásico,1
treated,1
moyotzingo,1
discovery,1
explanation,1
originated,1
sides,1
patricia,1
diferencias,1
enhanced,1
pirámide,1
forested,1
samples,1
warrior,1
findings,1
thriving,1
volcanoes,1
emphasize,1
began,1
factor,1
aesthetics,1
congress,1
ideas,1
questions,1
deutschen,1
nothing,1
examination,1
housing,1
abandono,1
rojo,1
full,1
doctora,1
segmentation,1
reinforcing,1
plätze,1
banners,1
embellishment,1
theoretical,1
installed,1
low,1
open,1
explorations,1
compositions,1
prédation,1
meanings,1
clear,1
relationship,1
comprehensive,1
inadequate,1
lakes,1
points,1
peter,1
señoríos,1
rains,1
held,1
methodological,1
vateequiho,1
tradición,1
pendientes,1
diagonally,1
function,1
plant,1
suroeste,1
caso,1
features,1
armory,1
serves,1
totimehuacan,1
configurations,1
accurate,1
probable,1
ecology,1
epoch,1
peer,1
black,1
zapotees,1
lapilli,1
exporter,1
dispersed,1
subfloor,1
quick,1
artificial,1
decide,1
fauna,1
mexica,1
codical,1
random,1
empleados,1
lilly,1
article,1
arquitectónicos,1
improving,1
arbeiten,1
jaca,1
suárez,1
spreads,1
become,1
relation,1
straddling,1
iztapan,1
mainly,1
patrimony,1
excluded,1
gráfico,1
diamond,1
etnohistonco,1
priests,1
hardy,1
estados,1
workshop,1
mímela,1
reverses,1
vorspanischer,1
modifications,1
vertebrate,1
altipiano,1
excavadas,1
concluded,1
division,1
justice,1
examines,1
reluctant,1
decision,1
clusters,1
separate,1
tardío,1
tula,1
revolved,1
smaller,1
rope,1
worldview,1
pictorial,1
twelve,1
kaplan,1
topography,1
imperialistic,1
layouts,1
ln,1
modules,1
today,1
metaphors,1
looted,1
irregular,1
fairly,1
façade,1
mixture,1
petrografia,1
movements,1
kenneth,1
continue,1
linda,1
five,1
foreign,1
censers,1
practical,1
sol,1
pueblasuch,1
support,1
trabajos,1
firing,1
discard,1
eastwest,1
bulletin,1
appeasing,1
collections,1
deposit,1
force,1
ethnoarchaeolosical,1
understand,1
importantly,1
suggestions,1
sequences,1
relevant,1
transformation,1
paraphernalia,1
ecofacts,1
indicate,1
covering,1
volcanically,1
contexto,1
confuses,1
reconsider,1
mirror,1
responsible,1
paternal,1
existed,1
fall,1
united,1
chamber,1
table,1
british,1
mártir,1
ensayos,1
rim,1
uso,1
bundled,1
worlds,1
sound,1
grounded,1
unacceptable,1
conservation,1
estratégica,1
regularly,1
códice,1
hearts,1
school,1
acquired,1
reciprocal,1
variable,1
heavy,1
präklassischer,1
suite,1
köln,1
enfoques,1
sloping,1
ethnological,1
arrest,1
mentioned,1
version,1
colonization,1
intensification,1
incorporated,1
throw,1
patios,1
mexicas,1
extending,1
respective,1
asentamientos,1
extensive,1
diversos,1
invoked,1
partnerships,1
milpas,1
continues,1
decanatura,1
theme,1
discrepancy,1
precise,1
rattray,1
botanical,1
proposes,1
abbreviated,1
jaguars,1
huasteca,1
territories,1
text,1
marketplaces,1
paleoetnobotánicos,1
pt,1
rituales,1
drew,1
gran,1
column,1
der,1
centrai,1
cover,1
forty,1
milieu,1
know,1
escultura,1
defining,1
recorded,1
mass,1
caciques,1
etnohistoria,1
intellectual,1
stem,1
cerámicas,1
rear,1
turn,1
ancestor,1
share,1
contained,1
monumentos,1
altering,1
unknown,1
alfarería,1
appendix,1
sewage,1
movable,1
threats,1
speech,1
patrimonio,1
avance,1
thorns,1
polynesian,1
agricultura,1
cultivation,1
salvagegenerated,1
generalized,1
historical,1
examining,1
canales,1
distinctive,1
atlatl,1
closest,1
meager,1
crater,1
hydrology,1
imágenes,1
lending,1
survivors,1
places,1
consisted,1
problemas,1
morfológico,1
animal,1
franciscan,1
altars,1
unlikely,1
bajo,1
ruins,1
heads,1
economy,1
notable,1
fina,1
investigation,1
ritos,1
spatial,1
whether,1
tlalchiach,1
larger,1
ones,1
accounts,1
yielded,1
plants,1
orleans,1
particular,1
monastery,1
thirty,1
civilized,1
emblems,1
baja,1
maintain,1
opportunistic,1
validate,1
etnohistóricas,1
erupted,1
manuscripts,1
enterramientos,1
leaving,1
immersed,1
her,1
óseos,1
getting,1
foundations,1
prestige,1
extract,1
vehicle,1
stages,1
serie,1
explored,1
lesure,1
quarters,1
phaseolus,1
protocols,1
springer,1
apartment,1
phenomena,1
reddened,1
museo,1
tepeaca,1
categories,1
químico,1
thematically,1
cluster,1
translated,1
eagles,1
ultimos,1
doméstica,1
socioeconomic,1
vista,1
rises,1
gatherings,1
must,1
etnicidad,1
age,1
complexes,1
conceptuales,1
procure,1
kitchens,1
topsoil,1
variability,1
plans,1
cacicazgo,1
confronted,1
commodities,1
obtain,1
arguments,1
summarizes,1
linguistics,1
botany,1
pina,1
ranks,1
families,1
immediately,1
mention,1
evidenced,1
representation,1
bosch,1
varied,1
courtyards,1
prepared,1
unexplored,1
technological,1
durante,1
algunos,1
hubs,1
layers,1
elongated,1
spring,1
environmentally,1
clasico,1
recording,1
spacing,1
locations,1
stereotypie,1
ignored,1
generate,1
furrow,1
initiated,1
hero,1
riesgo,1
fourteenth,1
web,1
secretos,1
sitios,1
swampy,1
morphological,1
latecomers,1
aware,1
newsletter,1
burnt,1
parallels,1
ended,1
conjuntos,1
prolonged,1
instead,1
define,1
rival,1
otumba,1
químicos,1
heartland,1
ceremonias,1
fondo,1
integration,1
conquered,1
morelos,1
clues,1
colleagues,1
attempted,1
aztecan,1
diaspora,1
horizonte,1
basureros,1
posgrado,1
francisco,1
indices,1
summary,1
maintaining,1
ofvolcanology,1
travertine,1
offered,1
supported,1
coalesce,1
drift,1
aztecs,1
removed,1
schiffer,1
removing,1
ser,1
clarify,1
meaning,1
themselves,1
sellado,1
prospects,1
elites,1
charged,1
totonacs,1
nucleation,1
sectors,1
precerámico,1
reached,1
cholultecas,1
evidently,1
northwestern,1
given,1
verified,1
abandoned,1
turbulence,1
mature,1
totonaca,1
permanent,1
taylor,1
unequivocal,1
cross,1
editorial,1
réévaluations,1
funerarios,1
ca,1
roles,1
templos,1
archäologische,1
cited,1
bundles,1
