WORDCOUNTS,WEIGHT
the,62
of,60
for,24
and,23
in,20
a,18
or,18
by,15
journal,15
is,15
to,14
usa,14
research,12
archaeological,11
university,11
this,10
on,8
copyright,8
article,7
subscription,6
be,6
consent,6
new,6
as,6
with,6
any,6
may,5
us,5
that,5
ny,5
work,5
use,5
not,5
ccc,4
volume,4
an,4
other,4
per,4
copying,4
clearance,4
advertising,4
po,3
from,3
page,3
published,3
box,3
service,3
original,3
e,3
each,3
ah,3
written,3
copy,3
part,3
permission,3
field,3
eur,3
personal,3
current,3
air,2
at,2
code,2
nonprofit,2
netherlands,2
spring,2
given,2
clearinghouse,2
critical,2
such,2
transmitted,2
reprint,2
publisher,2
collective,2
fees,2
form,2
indexed,2
ann,2
illinois,2
have,2
made,2
does,2
first,2
without,2
geo,2
inc,2
springer,2
computer,2
text,2
registered,2
price,2
no,2
explicitly,2
human,2
excerpts,2
exclusive,2
sections,2
pay,2
extend,2
m,2
mexico,2
specifically,2
directly,2
copies,2
archaeology,2
being,2
reporting,2
some,2
flat,2
journals,2
all,2
literature,2
condition,2
transactional,2
indicates,2
libraries,2
paper,2
summary,2
permitted,2
executed,2
reprinted,2
center,2
specific,2
isi,2
exception,2
internal,2
payment,2
mailing,2
kinds,2
areas,2
users,2
print,2
entered,2
line,2
instituto,2
appearance,2
photocopying,2
topics,2
access,2
humanities,2
bottom,2
services,2
geographical,2
kluwer,2
publications,2
intended,2
annual,2
material,2
massachusetts,2
arts,2
promotional,2
purpose,2
nor,2
citation,2
england,2
supplied,2
rosewood,2
james,2
retrieval,2
inquiries,2
participates,2
abstracted,2
addressed,2
quarterly,2
should,2
general,2
reprinting,2
freight,2
meacham,2
fee,2
anthropological,2
law,2
purchaser,2
creating,2
academic,2
alerting,2
stored,2
additional,2
copier,2
de,2
michigan,1
studying,1
only,1
f,1
certifying,1
years,1
development,1
fax,1
português,1
recently,1
joyce,1
laura,1
michael,1
three,1
extensive,1
bruce,1
geographic,1
philip,1
particular,1
clive,1
publication,1
note,1
researchvolume,1
irregular,1
assinippi,1
rothman,1
variety,1
add,1
bibliography,1
t,1
joão,1
visit,1
contents,1
reproduced,1
portugal,1
been,1
linda,1
five,1
mesopotamia,1
wide,1
salt,1
southern,1
unam,1
d,1
prudence,1
number,1
investigaciones,1
richard,1
complex,1
lee,1
march,1
improve,1
sandra,1
topic,1
thoughtful,1
jane,1
send,1
chapurukha,1
information,1
address,1
pagination,1
body,1
area,1
fifth,1
directions,1
future,1
california,1
cases,1
presenting,1
kent,1
art,1
late,1
advertisements,1
associate,1
repeated,1
comments,1
contribution,1
pricing,1
mitchell,1
gary,1
b,1
rapidly,1
forali,1
company,1
their,1
covering,1
smithsonian,1
coverage,1
jeanne,1
customers,1
available,1
volumes,1
r,1
serving,1
best,1
leading,1
editors,1
together,1
printed,1
patrick,1
latin,1
ma,1
bc,1
periodic,1
lake,1
specialist,1
summaries,1
h,1
agents,1
orders,1
international,1
changes,1
omitted,1
susan,1
audience,1
countries,1
broad,1
north,1
recent,1
about,1
basis,1
value,1
western,1
was,1
periodicals,1
more,1
central,1
lawrence,1
state,1
millennia,1
included,1
individuals,1
our,1
hollimon,1
which,1
do,1
v,1
full,1
douglas,1
previous,1
edition,1
wwwkluweronlinecom,1
fourth,1
growing,1
scholarly,1
forum,1
