WORDCOUNTS,WEIGHT
the,685
of,555
and,315
in,253
a,175
to,141
as,117
that,89
de,87
is,72
on,68
for,62
this,62
amazonia,54
archaeological,53
from,53
amazonian,43
pp,41
archaeology,40
an,40
la,40
university,38
by,38
be,38
research,36
are,35
c,35
with,33
american,31
amazon,31
these,31
human,30
it,29
has,29
l,29
or,27
also,27
p,26
historical,25
cultural,24
e,23
new,23
y,22
south,22
anthropology,21
w,21
region,21
was,20
but,20
been,20
have,20
evidence,20
n,19
m,19
whitehead,19
not,19
recent,19
no,18
b,18
r,18
data,18
more,17
at,16
complex,16
en,16
et,16
ceramic,16
do,16
use,16
j,15
arqueología,15
well,15
indigenous,15
el,15
environmental,14
roosevelt,14
their,14
work,14
del,14
prehistory,13
prehistoric,13
its,13
tropical,13
anthropological,13
both,13
maize,12
along,12
such,12
g,12
occupation,12
native,12
ecological,12
revista,12
d,12
they,11
s,11
i,11
soils,11
journal,11
site,11
result,11
sociocultural,11
which,11
environment,11
between,11
arizona,11
bp,10
nuevas,10
there,10
colombia,10
development,10
past,10
since,10
prehistoria,10
emergence,10
lower,10
williams,10
discussion,10
los,10
forest,10
agricultural,10
indians,10
world,10
sudamérica,9
review,9
coastal,9
study,9
river,9
had,9
discusses,9
techniques,9
were,9
complexity,9
over,9
very,9
cambridge,9
groups,8
nature,8
last,8
issue,8
america,8
future,8
literature,8
regions,8
americana,8
interpretation,8
thought,8
forms,8
rio,8
so,8
provide,8
orinoco,8
da,8
adaptation,8
while,8
debate,8
early,8
much,8
should,8
investigaciones,7
h,7
studies,7
history,7
production,7
other,7
bogotá,7
above,7
terra,7
tucson,7
than,7
general,7
arqueológicas,7
may,7
population,7
latin,7
ecuador,7
origins,7
pleistocene,7
management,7
distribution,7
handbook,7
record,7
because,7
society,7
about,7
lowland,7
ethnographic,7
al,7
discussed,7
present,7
where,7
significant,7
caribbean,7
colombian,7
peoples,7
particularly,7
cultivation,7
although,7
o,6
one,6
into,6
guyana,6
being,6
t,6
those,6
some,6
framework,6
given,6
york,6
most,6
important,6
prêta,6
directly,6
horticulture,6
least,6
ancient,6
culture,6
two,6
social,6
museu,6
landscape,6
brasil,6
mortuary,6
would,6
can,6
petroglyphs,6
para,6
guayana,6
any,6
mentioned,6
banco,6
here,6
brazil,6
investigation,6
formation,6
if,5
does,5
center,5
contexts,5
definition,5
case,5
existence,5
processes,5
genetic,5
warfare,5
usage,5
kind,5
schmitz,5
van,5
entre,5
reviewed,5
too,5
lithic,5
societies,5
basin,5
lathrap,5
issues,5
settlement,5
around,5
wider,5
presence,5
emilio,5
expansion,5
still,5
paraense,5
only,5
occupations,5
instituto,5
v,5
fieldwork,5
reflected,5
ecology,5
ethnology,5
significance,5
craft,5
we,5
perspectives,5
science,5
andean,5
antiquity,5
then,5
cultures,5
through,5
colonial,5
llanos,5
models,5
states,5
remains,5
among,5
iowa,4
linguistic,4
mouth,4
kinds,4
western,4
ethnoarchaeological,4
migration,4
repertoire,4
implications,4
taken,4
seems,4
atlantic,4
chiefdoms,4
political,4
context,4
geophysical,4
horticultural,4
diversity,4
hierarchy,4
interest,4
traditions,4
antropología,4
developed,4
how,4
araracuara,4
subsistence,4
guianas,4
northeastern,4
view,4
goeldi,4
zone,4
late,4
further,4
war,4
dias,4
used,4
andes,4
related,4
overview,4
island,4
steward,4
suggest,4
soil,4
geographical,4
will,4
f,4
various,4
relationship,4
oxford,4
reports,4
lack,4
many,4
time,4
see,4
venezuela,4
material,4
antropológica,4
years,4
understanding,4
discovery,4
limitations,4
previously,4
moundbuilders,4
largely,4
fundación,4
similar,4
language,4
plant,4
tribal,4
earlier,4
latter,4
often,4
pottery,4
european,4
who,4
analysis,4
itself,4
considered,4
practice,4
must,4
offers,4
brazilian,4
current,4
las,4
advances,4
proceedings,4
theory,4
practices,4
role,4
donald,4
conditions,4
materials,4
americas,4
arqueológica,4
boletín,4
manioc,4
little,4
wolves,3
difficult,3
urna,3
common,3
valle,3
pittsburgh,3
group,3
large,3
stone,3
evidencias,3
locale,3
em,3
source,3
upland,3
sources,3
might,3
all,3
tradition,3
survey,3
within,3
cuenca,3
system,3
british,3
anthropologists,3
agriculture,3
prior,3
methodologies,3
preceramic,3
except,3
far,3
resources,3
inventory,3
santa,3
compared,3
even,3
higher,3
via,3
napo,3
links,3
main,3
across,3
importance,3
anthropic,3
produced,3
tree,3
mora,3
intensive,3
section,3
just,3
upper,3
amazónica,3
readings,3
seriation,3
dc,3
grupos,3
anthropogenic,3
could,3
noting,3
prehispánica,3
ceramics,3
scale,3
su,3
example,3
whole,3
intermediate,3
during,3
sao,3
either,3
earth,3
published,3
dillehay,3
smithsonian,3
highly,3
coast,3
using,3
he,3
likely,3
academia,3
economic,3
synthesis,3
overall,3
limited,3
fruit,3
southern,3
marginal,3
under,3
historia,3
us,3
favorable,3
same,3
already,3
volume,3
areas,3
distributions,3
guiana,3
chiefdom,3
outside,3
made,3
deposits,3
deposit,3
assumption,3
questions,3
examination,3
theoretical,3
historic,3
colombiano,3
authors,3
publication,3
provides,3
k,3
become,3
sobre,3
adaptations,3
kitlv,3
depth,3
claimed,3
un,3
strongly,3
pedological,3
aboriginal,3
phytolith,3
school,3
series,3
changing,3
extensive,3
der,3
expanding,3
report,3
marajó,3
better,3
evident,3
what,3
impact,3
them,3
whether,3
plants,3
particular,3
number,3
inimical,3
subject,3
resource,3
advent,3
illinois,3
offer,3
area,3
carbon,3
valley,3
northwestern,3
north,3
dos,3
metal,2
concerned,2
meaning,2
strategy,2
correlations,2
durante,2
canopy,2
myth,2
ethnogenesis,2
sets,2
approaches,2
position,2
occurred,2
before,2
assume,2
marajo,2
contact,2
diffusion,2
supposedly,2
creation,2
spencer,2
attempt,2
central,2
emerged,2
secondary,2
great,2
denevan,2
real,2
repertoires,2
influences,2
gifts,2
investigations,2
dd,2
sociedad,2
horticultura,2
botanical,2
account,2
vol,2
petroglyph,2
deformation,2
yukpa,2
west,2
point,2
solo,2
marojoara,2
hombre,2
thus,2
throughout,2
dynamics,2
sustain,2
topic,2
turn,2
distinct,2
perspective,2
concerning,2
cali,2
agrícola,2
madeira,2
dates,2
excavations,2
varieties,2
adaptaçâo,2
influence,2
wüst,2
continuity,2
divergence,2
poor,2
remain,2
basic,2
na,2
process,2
certain,2
direct,2
cave,2
lay,2
uncertainties,2
shell,2
reason,2
possibly,2
established,2
rostain,2
exploitation,2
urrego,2
osteological,2
character,2
endogenous,2
ethnography,2
povoamento,2
midden,2
relating,2
out,2
deal,2
intentionality,2
vallecaucano,2
events,2
ethnohistorical,2
academic,2
ann,2
though,2
interpretative,2
burial,2
tools,2
recently,2
moore,2
cannot,2
monograph,2
fish,2
wide,2
isotope,2
technical,2
sites,2
basis,2
line,2
competent,2
heart,2
calls,2
northern,2
broad,2
climatic,2
gatherers,2
actually,2
reflect,2
surrounding,2
plurality,2
employed,2
systematic,2
showing,2
status,2
manipulation,2
agriculturally,2
change,2
ratios,2
field,2
pearsall,2
alto,2
peruvian,2
le,2
emerging,2
involved,2
floodplain,2
small,2
consensus,2
few,2
folk,2
up,2
progress,2
venezuelan,2
approach,2
os,2
proper,2
sea,2
preliminary,2
organización,2
therefore,2
investigating,2
variety,2
populations,2
relatedness,2
indeed,2
female,2
stratigraphy,2
make,2
indicates,2
roads,2
southeast,2
archaeologist,2
modification,2
yet,2
fruition,2
makes,2
metallurgical,2
inspiration,2
chronology,2
bororo,2
cariban,2
wisconsin,2
noted,2
rise,2
cerámica,2
culturales,2
inhabitants,2
academy,2
europe,2
motifs,2
fact,2
criteria,2
consideration,2
fundamental,2
riverine,2
junior,2
patterns,2
purposes,2
relevant,2
arawakan,2
stylistically,2
degree,2
technologies,2
meaningful,2
vast,2
examples,2
chiefly,2
including,2
quito,2
años,2
mato,2
food,2
cranial,2
sequence,2
ethnic,2
continue,2
considerable,2
three,2
counter,2
architectural,2
period,2
collected,2
households,2
black,2
trying,2
hunters,2
shamanic,2
attention,2
dietary,2
contributes,2
metallurgy,2
bureau,2
stream,2
xingu,2
bulletin,2
off,2
transformation,2
originated,2
indicate,2
littoral,2
class,2
hierarchical,2
causeways,2
earliest,2
forests,2
nacional,2
langebaek,2
ethnological,2
steel,2
área,2
known,2
text,2
agricultores,2
modeling,2
delimitation,2
caribe,2
different,2
connection,2
seem,2
zucchi,2
inquiry,2
homme,2
linked,2
phd,2
beginning,2
stability,2
polities,2
takua,2
brasileira,2
her,2
u,2
suggests,2
práctica,2
characterize,2
researchers,2
paradise,2
ancestral,2
press,2
giving,2
reconstruct,2
botany,2
challenges,2
our,2
question,2
redmond,2
argues,2
swampy,2
carib,2
defined,2
tributaries,2
association,2
increased,2
minas,2
offered,2
observation,2
searching,2
potential,2
pioneering,2
pedra,2
contrasting,2
conventions,2
delineate,2
meeting,2
essequibo,1
paleoethnobotany,1
final,1
proposed,1
resolve,1
miller,1
cradle,1
now,1
basing,1
ambiente,1
consonant,1
currently,1
deny,1
aguazuque,1
way,1
later,1
indicated,1
stylistic,1
names,1
tropics,1
fase,1
suggested,1
created,1
mesoamérica,1
separated,1
judging,1
personnel,1
extreme,1
reconsidered,1
cuarenta,1
resulted,1
vermelho,1
uplands,1
foraging,1
paleoecología,1
extends,1
amplifying,1
precolombina,1
introduction,1
mar,1
utility,1
forth,1
connect,1
speakers,1
methodology,1
pendants,1
replaced,1
systematically,1
juego,1
properly,1
tend,1
essays,1
reemerging,1
informative,1
epuremei,1
etnológicas,1
authority,1
true,1
continent,1
ways,1
pelota,1
conjectures,1
tarble,1
nl,1
intermittent,1
han,1
notwithstanding,1
padróes,1
hotly,1
diffuse,1
decade,1
necessarily,1
organic,1
predicting,1
antropologica,1
ambitious,1
barbosa,1
ae,1
indígena,1
nineteenth,1
attractiveness,1
foragers,1
òouth,1
annals,1
permitted,1
amazone,1
disputed,1
women,1
amazonas,1
negative,1
fluctuations,1
pumpuensta,1
travers,1
said,1
first,1
paulo,1
cast,1
transitions,1
surmounted,1
chacmool,1
long,1
gerais,1
concur,1
preceding,1
disagreement,1
interests,1
deformations,1
deterministic,1
give,1
attempts,1
debating,1
motor,1
generated,1
utilization,1
action,1
analogies,1
advanced,1
neil,1
majesty,1
historiography,1
kern,1
summation,1
knowing,1
archaeologie,1
assess,1
broadly,1
caqueta,1
desire,1
display,1
formativo,1
présent,1
right,1
differences,1
peopling,1
producing,1
colombiana,1
government,1
substantive,1
farther,1
scheme,1
reveal,1
onto,1
characterizing,1
castaño,1
intercambio,1
guyanaise,1
previous,1
dietaiy,1
achieved,1
compreensäo,1
consist,1
state,1
hammen,1
política,1
outranks,1
robert,1
analogical,1
somewhat,1
committed,1
rethinking,1
papers,1
barreto,1
epistemological,1
cote,1
sambaqui,1
theorizing,1
proceed,1
governmental,1
ascribed,1
sophisticated,1
protagonists,1
plain,1
eastern,1
explicar,1
gaps,1
etnica,1
key,1
formulation,1
continuum,1
thrown,1
constraint,1
humid,1
bases,1
mass,1
demography,1
discuss,1
reminder,1
holocene,1
opened,1
possible,1
marked,1
karipuna,1
strand,1
reaching,1
commonality,1
fluctuation,1
bibliography,1
consumers,1
occupy,1
obvious,1
ecologica,1
sánchez,1
apart,1
longevity,1
variations,1
consequent,1
establishment,1
diffused,1
uncertain,1
cited,1
anticipated,1
biblioteca,1
correlation,1
informes,1
collection,1
glottochronological,1
sign,1
sâo,1
surplus,1
autre,1
cráneos,1
rupununi,1
preoccupied,1
million,1
phase,1
brasileiro,1
collapse,1
buscando,1
relationships,1
passing,1
durbin,1
madrid,1
reverse,1
explained,1
eventual,1
difficulties,1
piperno,1
caricuries,1
illustrates,1
due,1
against,1
pursuit,1
unpublished,1
medio,1
scatamacchia,1
echeverría,1
gaining,1
patchy,1
perota,1
hidráulica,1
expeditions,1
alfareros,1
moment,1
gendered,1
bone,1
conducted,1
guanin,1
mojos,1
theorized,1
century,1
commissäo,1
publishes,1
ai,1
exercise,1
cases,1
importancia,1
drainage,1
nor,1
items,1
old,1
innovation,1
savannas,1
jesusito,1
canal,1
ediciones,1
convincing,1
profound,1
back,1
fig,1
body,1
flawed,1
inception,1
third,1
siegel,1
saladoide,1
find,1
águilas,1
pearsalps,1
storage,1
drawn,1
furada,1
obscure,1
evidencia,1
bottles,1
ecologies,1
ecosystems,1
tecnología,1
maice,1
swamps,1
simplistic,1
savage,1
hardly,1
dedicate,1
incidental,1
estabilidad,1
focused,1
morfología,1
antillas,1
palikur,1
collagen,1
paute,1
opposed,1
exhaustively,1
caso,1
pleistoceno,1
americans,1
adequate,1
whose,1
société,1
reflects,1
veiy,1
pectoral,1
identification,1
transformations,1
his,1
ml,1
ñ,1
growth,1
traffic,1
rupestre,1
highlands,1
obtained,1
abundance,1
secrets,1
unit,1
appreciation,1
classifîçâo,1
guaviare,1
mean,1
metalurgia,1
una,1
active,1
deliberately,1
analyzes,1
opportunity,1
unente,1
dèdalo,1
musculature,1
opportunities,1
proportion,1
after,1
connected,1
landscapes,1
osteology,1
parts,1
ongoing,1
contributions,1
signatures,1
special,1
lacking,1
illustrations,1
distant,1
limitation,1
productive,1
consequences,1
koriabo,1
supposed,1
assentamento,1
curare,1
underline,1
berrizbetia,1
references,1
endogenously,1
baie,1
utterly,1
settled,1
dónde,1
developments,1
consider,1
conceptualization,1
apno,1
organization,1
physically,1
benefits,1
image,1
antropológicos,1
organized,1
lima,1
branch,1
presumably,1
clearly,1
proved,1
underlines,1
edition,1
transformaciones,1
indios,1
quoted,1
house,1
sheer,1
allude,1
argued,1
baixo,1
tempered,1
jars,1
embedded,1
follow,1
statement,1
leopoldo,1
indications,1
fontes,1
millennium,1
obstacles,1
física,1
uniformly,1
andinas,1
decoupling,1
plenum,1
permanent,1
pierre,1
gérais,1
syntheses,1
escapes,1
uncritically,1
faced,1
stands,1
dispersion,1
conquest,1
greater,1
uses,1
remembered,1
based,1
posible,1
plateau,1
tapajoso,1
bearing,1
scientifically,1
downstream,1
develops,1
conflict,1
acknowledgments,1
found,1
das,1
called,1
access,1
pacha,1
young,1
ambiguity,1
effort,1
omagua,1
international,1
ribeiro,1
primacy,1
relate,1
pleistocènico,1
drawbacks,1
depletion,1
emerge,1
haven,1
initial,1
term,1
circulation,1
density,1
examen,1
oklahoma,1
understood,1
poverty,1
reviews,1
domestication,1
fluvial,1
française,1
intensity,1
dispersal,1
promise,1
applied,1
inicial,1
waiwiaru,1
excellent,1
shamanism,1
noroeste,1
procedures,1
universidad,1
lowlands,1
explain,1
dwellers,1
networks,1
died,1
kttlv,1
impression,1
provisos,1
warriors,1
aspects,1
globally,1
shape,1
hierarchies,1
orale,1
having,1
minimal,1
designation,1
shaman,1
versteeg,1
revealed,1
utopias,1
gains,1
adoum,1
conjecture,1
bahn,1
overviews,1
received,1
muisca,1
ite,1
lópez,1
protein,1
artistas,1
brought,1
characterization,1
occupants,1
lengua,1
part,1
london,1
cordillera,1
apparent,1
rilksdienst,1
sociedades,1
subregion,1
intentionally,1
vivienda,1
describe,1
database,1
religiosa,1
place,1
serranópolis,1
workshop,1
partly,1
relevance,1
concentrate,1
solos,1
surpass,1
structures,1
runs,1
details,1
rituals,1
whiíehead,1
gómez,1
lifeways,1
personal,1
away,1
configure,1
regional,1
institution,1
gonzález,1
xviii,1
project,1
artifact,1
horizon,1
own,1
challenging,1
relative,1
polity,1
trends,1
clearance,1
pastaza,1
encounters,1
integración,1
picture,1
expended,1
staple,1
good,1
cavelier,1
sense,1
referencia,1
correct,1
working,1
below,1
useful,1
theoretically,1
involve,1
prevalence,1
trading,1
next,1
wellconceived,1
pedigree,1
stimulated,1
emphasizes,1
reaches,1
excavation,1
lnoes,1
quite,1
claim,1
pirincay,1
bank,1
family,1
boomerf,1
concerns,1
bottle,1
este,1
engwall,1
isotopes,1
dramatic,1
decline,1
distinguished,1
anthropos,1
guapindaia,1
impossible,1
gravacóes,1
vein,1
annual,1
orthodox,1
seed,1
recife,1
majority,1
rodríguez,1
notes,1
appropriate,1
value,1
patrones,1
provided,1
lincoln,1
finds,1
flour,1
valuable,1
promising,1
interpretaço,1
championed,1
seemed,1
lopes,1
commensurate,1
perspectivas,1
critical,1
porras,1
led,1
ana,1
pannana,1
excludes,1
ceremonial,1
absence,1
pushes,1
identified,1
imagery,1
comienzos,1
service,1
launch,1
comparative,1
vols,1
play,1
corporation,1
return,1
appreciate,1
classic,1
brief,1
guides,1
brings,1
constraints,1
alianza,1
positioned,1
reconstruction,1
precolonial,1
intervention,1
interactions,1
interrelations,1
modes,1
amerindian,1
neat,1
strategic,1
formaçâo,1
tends,1
direction,1
answering,1
single,1
biological,1
corpus,1
colecciones,1
once,1
geraldo,1
usages,1
herminettes,1
auspices,1
museum,1
reference,1
permission,1
ethnographers,1
vs,1
extraneous,1
intense,1
represents,1
read,1
paradox,1
mission,1
rain,1
east,1
caribs,1
seeing,1
columbus,1
saladoid,1
challenged,1
moundbuilding,1
counterfeit,1
cayenne,1
marshall,1
fringes,1
homogeneous,1
extinction,1
neotropics,1
publishing,1
light,1
shifting,1
disjuncture,1
nacionales,1
um,1
hay,1
indian,1
regiáo,1
preeminent,1
nawpa,1
department,1
reliance,1
dispute,1
municial,1
frameworks,1
colección,1
holoceno,1
suriname,1
ridged,1
amazonians,1
inference,1
fill,1
funerary,1
eschews,1
french,1
unreliable,1
yacimientos,1
marker,1
ramírez,1
pomeroon,1
frehispanxco,1
challenge,1
decoration,1
technique,1
stronger,1
palm,1
mark,1
toward,1
again,1
death,1
ido,1
chance,1
put,1
printing,1
surinam,1
munizaga,1
addition,1
projects,1
incisa,1
ecuadorian,1
demographic,1
analytical,1
anos,1
mecanismos,1
plantadores,1
causality,1
shows,1
longer,1
franjas,1
idea,1
remarks,1
head,1
clarendon,1
instability,1
pressure,1
predominant,1
wine,1
exclusion,1
overemphasis,1
crop,1
relación,1
choice,1
òudamenca,1
inevitably,1
dubelaar,1
beg,1
farming,1
fallen,1
memorias,1
arqueobotânica,1
distrust,1
tráfico,1
substantially,1
católica,1
golden,1
nuclear,1
pinturas,1
examines,1
honor,1
depopulation,1
caracas,1
recolectores,1
corollary,1
conclusions,1
fits,1
reconstructing,1
bodemonderzoek,1
profligate,1
chain,1
model,1
manner,1
remontée,1
road,1
tne,1
continuing,1
entity,1
empire,1
accepted,1
establish,1
orthodoxy,1
axes,1
less,1
strategies,1
mitos,1
necessary,1
perhaps,1
militated,1
markings,1
siglo,1
argument,1
ajó,1
reminds,1
marcas,1
itaparica,1
vegetational,1
exhibit,1
carneiro,1
extended,1
producción,1
modelo,1
comprise,1
yanomamö,1
aspectos,1
upon,1
range,1
bear,1
ecologically,1
guyane,1
memoirs,1
eight,1
continuiate,1
detailed,1
forested,1
elite,1
asentamiento,1
identity,1
europeans,1
findings,1
antigo,1
varying,1
combining,1
prehispánicos,1
rivers,1
emphasize,1
exciting,1
numerous,1
companhia,1
relaciones,1
bacia,1
evolution,1
actual,1
discontinuity,1
eden,1
nothing,1
deployed,1
middle,1
neotropical,1
rigor,1
complicated,1
theories,1
described,1
cultura,1
downriver,1
rejected,1
trade,1
open,1
discovered,1
urbana,1
imazio,1
provoked,1
chaparral,1
encontrado,1
corozal,1
mt,1
arqueólogos,1
points,1
transformación,1
congreso,1
essay,1
maintenance,1
tradiçao,1
tokens,1
times,1
ongens,1
characterized,1
like,1
tradición,1
federal,1
spread,1
resultant,1
played,1
serves,1
stresses,1
stages,1
practiced,1
américanistes,1
accurate,1
ethnocide,1
preservation,1
adequately,1
oudheidkundig,1
exchange,1
mazaruni,1
favorability,1
discarded,1
potentialities,1
stahl,1
article,1
outcomes,1
systems,1
evolutionary,1
grosso,1
exaggeration,1
relation,1
hastily,1
ceramistas,1
geographers,1
interpretations,1
topics,1
effect,1
unites,1
lowie,1
indio,1
concluding,1
probably,1
ethnohistory,1
preand,1
búsqueda,1
dominance,1
seda,1
pràtica,1
parameters,1
cavernas,1
precerámicos,1
occupied,1
reverses,1
boomert,1
connections,1
baleé,1
adaptive,1
arbor,1
colaboración,1
unrelated,1
dordrecht,1
wartare,1
brown,1
species,1
justice,1
motif,1
tardío,1
beads,1
haches,1
carried,1
ganges,1
entail,1
assigned,1
applications,1
dinámica,1
me,1
today,1
poblamiento,1
note,1
tentative,1
coterminous,1
movements,1
bulk,1
phosphorous,1
coparticipación,1
concenz,1
marojara,1
disaggregating,1
refines,1
expansión,1
stocks,1
select,1
lines,1
foregoing,1
order,1
insufficient,1
widespread,1
male,1
amazons,1
investigators,1
occupaçâo,1
señores,1
seen,1
bouche,1
progressively,1
vargas,1
yale,1
began,1
nuevo,1
effectively,1
millennia,1
markers,1
sequences,1
ingenerías,1
whereby,1
try,1
merwe,1
introductory,1
methods,1
pristine,1
diagnostic,1
fe,1
fall,1
polychrome,1
extraneously,1
fields,1
face,1
mounds,1
conservation,1
exchanged,1
tribe,1
door,1
fertility,1
sections,1
planalto,1
archaic,1
arte,1
goiás,1
takes,1
associated,1
growing,1
lessons,1
civilizations,1
elaborate,1
conclusion,1
roux,1
intensification,1
incorporated,1
araueolóáca,1
complexes,1
athens,1
posey,1
ensayo,1
hypothesized,1
theme,1
implied,1
physical,1
temporal,1
plea,1
glimpse,1
milho,1
sciences,1
sustained,1
alternative,1
colonialism,1
satellite,1
clement,1
corozah,1
imprecision,1
centrai,1
assentamentos,1
integrative,1
shamans,1
waiwai,1
parallelled,1
moran,1
época,1
continental,1
etnohistoria,1
incan,1
stem,1
control,1
fallacious,1
languages,1
arcaico,1
global,1
paleoindian,1
iras,1
simposio,1
did,1
best,1
down,1
printed,1
argue,1
oro,1
basins,1
regard,1
eventually,1
iii,1
siglos,1
anais,1
bolivian,1
obviously,1
orfebre,1
sustaining,1
plazas,1
fills,1
medina,1
subsidios,1
domesticated,1
elsewhere,1
reappraises,1
sierra,1
alluded,1
passage,1
living,1
assessment,1
oliver,1
marajoara,1
franciscan,1
dismissal,1
according,1
scholarly,1
automatically,1
jö,1
altiplanicie,1
notable,1
persuasively,1
garcas,1
spatial,1
terms,1
ones,1
making,1
accounts,1
días,1
males,1
fomented,1
semiwilderness,1
covers,1
seasonal,1
passed,1
magdelana,1
writes,1
welldocumented,1
problem,1
extent,1
utilitarian,1
thames,1
periphery,1
require,1
projection,1
information,1
almost,1
anna,1
pesquisa,1
phenomena,1
emphasis,1
nordeste,1
museo,1
municipio,1
art,1
size,1
des,1
casiquiare,1
outline,1
presented,1
son,1
multiple,1
bray,1
reported,1
conclude,1
uniform,1
introduced,1
cauxi,1
city,1
despite,1
uhomme,1
científica,1
confirm,1
oriente,1
prophetic,1
intended,1
lies,1
assumptions,1
went,1
tunana,1
com,1
históricas,1
encircled,1
indígenas,1
diverged,1
aspect,1
postcolonial,1
archaeobotany,1
come,1
wild,1
chietdoms,1
breaks,1
cerrados,1
commercial,1
locations,1
invasion,1
difference,1
antilles,1
disposal,1
observed,1
intensified,1
hakluyt,1
microfaunal,1
protohistoric,1
opens,1
stratification,1
assemblages,1
bioscience,1
documentation,1
evolución,1
actively,1
fauna,1
include,1
land,1
consolidated,1
dense,1
branco,1
regime,1
sur,1
developmental,1
product,1
chronologies,1
integration,1
exclusions,1
derive,1
leiden,1
discounted,1
rins,1
horizonte,1
climactic,1
speak,1
classification,1
underlined,1
estratigrafía,1
sacerdotes,1
flooding,1
parmana,1
desenvolvimiento,1
assumed,1
rest,1
ser,1
klein,1
classificatory,1
themselves,1
myers,1
deployment,1
prospects,1
berichten,1
supply,1
chicago,1
avowed,1
funding,1
amigos,1
era,1
create,1
norman,1
janeiro,1
substantial,1
tndes,1
endangered,1
traditional,1
huellas,1
token,1
focus,1
duration,1
foodwebs,1
strong,1
seek,1
zones,1
copiously,1
concise,1
compounding,1
southeastern,1
subsumes,1
indicating,1
built,1
mistaken,1
close,1
major,1
hypothesis,1
