WORDCOUNTS,WEIGHT
the,1538
of,1022
and,815
in,725
a,433
to,328
egypt,220
predynastic,212
that,187
at,186
from,164
egyptian,142
p,131
nagada,129
early,126
de,124
have,121
j,119
by,116
pp,114
on,104
as,93
archaeology,89
upper,88
m,87
r,85
for,79
i,79
was,77
were,77
is,77
with,75
university,73
d,72
an,71
e,70
nile,68
b,67
hierakonpolis,66
some,65
ancient,65
are,65
journal,63
been,63
not,63
cemetery,60
c,59
w,56
it,55
or,53
des,53
s,52
der,51
period,50
h,49
new,49
delta,47
sites,47
more,47
recent,47
research,46
archaeological,46
this,45
la,45
cemeteries,44
late,44
abydos,44
be,44
g,43
region,42
graves,42
regional,41
into,40
state,40
but,40
these,40
settlement,39
f,39
ii,38
et,38
which,37
k,36
has,36
trade,36
evidence,36
du,35
dynastic,35
during,35
than,35
between,35
dynasty,34
other,33
first,32
t,32
kairo,32
london,32
social,32
lower,31
savage,31
excavations,30
their,30
radiocarbon,30
archäologischen,30
narmer,30
deutschen,29
development,29
his,29
abteilung,29
mitteilungen,29
there,28
eastern,28
may,28
von,28
trends,28
bronze,28
later,27
study,27
american,27
near,27
pottery,27
prehistory,26
maadi,26
bulletin,26
oxford,25
dates,25
zur,25
studies,24
polities,24
prehistoric,23
cultural,23
und,23
south,23
settlements,22
differences,22
van,22
rather,22
l,22
its,22
middle,22
political,22
suggests,22
might,21
such,21
site,21
had,21
polity,21
society,21
also,21
while,21
one,20
den,20
no,20
armant,20
found,20
appears,20
part,20
tombs,20
chronology,20
ceramic,20
probably,20
northern,20
report,20
o,19
different,19
based,19
wealth,19
cambridge,19
used,19
several,19
chronological,19
culture,19
many,19
analysis,19
through,19
center,18
history,18
origin,18
museum,18
bc,18
economic,18
about,18
two,18
larger,18
three,18
would,18
british,18
anthropological,18
exploration,18
céramique,17
phase,17
ceramics,17
he,17
time,17
see,17
mortuary,17
north,17
before,16
production,16
evolution,16
burials,16
age,16
small,16
only,16
grave,16
v,16
dating,16
anthropology,16
seems,15
those,15
egyptology,15
tel,15
buto,15
lithic,15
appear,15
cairo,15
periods,15
unification,15
royal,15
local,15
kings,15
iii,15
wilkinson,15
world,15
states,15
traditional,15
groups,14
naqada,14
vol,14
international,14
earlier,14
old,14
work,14
preliminary,14
department,14
variation,14
palette,14
far,14
african,14
die,14
they,13
stone,13
el,13
millennium,13
recherches,13
n,13
burial,13
we,13
around,13
am,13
institut,13
southern,13
thought,13
ams,13
minshat,13
power,13
end,13
abu,13
archaic,13
valley,13
final,12
complex,12
relations,12
égyptienne,12
items,12
descent,12
origins,12
view,12
thinite,12
menés,12
rise,12
various,12
badarian,12
desert,12
kemp,12
les,12
over,12
cluster,12
omar,12
tell,12
cahier,12
group,11
problems,11
all,11
sahara,11
east,11
bibliography,11
process,11
could,11
further,11
groupe,11
egypte,11
where,11
until,11
number,11
rulers,11
explanation,11
can,11
africa,11
independent,11
science,11
existed,11
what,11
caton,11
although,11
mainz,11
internationall,10
seriation,10
neolithic,10
egyptologists,10
king,10
controlled,10
review,10
civilization,10
york,10
absorbed,10
clearly,10
important,10
status,10
competition,10
badari,10
significant,10
liason,10
methods,10
series,10
tomb,10
historical,10
form,10
area,10
association,10
umm,10
if,9
large,9
western,9
diskussion,9
being,9
canaan,9
survey,9
rhein,9
developments,9
emergence,9
aspects,9
well,9
because,9
place,9
few,9
beiträge,9
results,9
already,9
published,9
material,9
mizellen,9
papyrologie,9
made,9
göttinger,9
elite,9
use,9
current,9
beginning,9
äegyptogischen,9
lille,9
formation,9
remains,9
little,9
sheffield,8
di,8
bard,8
kingdom,8
chiefdoms,8
u,8
since,8
back,8
town,8
similar,8
prédynastique,8
regions,8
microfilms,8
pétrie,8
describes,8
gradual,8
interpretation,8
cahiers,8
monographs,8
clusters,8
en,8
kaiser,8
spread,8
ann,8
arbor,8
continued,8
who,8
any,8
each,8
holocene,8
researchers,8
role,8
unified,8
develop,8
does,7
expedition,7
occurred,7
archaeologists,7
season,7
nature,7
hoffman,7
date,7
nekhen,7
possible,7
point,7
along,7
human,7
y,7
influence,7
poznan,7
developed,7
archaeometry,7
northeastern,7
most,7
suggested,7
called,7
im,7
though,7
institute,7
recently,7
whole,7
dynasties,7
art,7
excavated,7
mesopotamia,7
field,7
event,7
dynastie,7
up,7
located,7
expansion,7
studien,7
yet,7
northwest,7
reports,7
do,7
perhaps,7
palestine,7
israel,7
including,7
encouraged,7
low,7
change,7
division,7
indicate,7
antiquity,7
helwan,7
control,7
seem,7
hassan,7
growing,7
spatial,7
them,7
terms,7
trigger,7
my,7
lists,7
years,7
include,7
oí,7
now,6
edge,6
bericht,6
names,6
northeast,6
red,6
second,6
excavation,6
veröffentlichungen,6
long,6
suggesting,6
great,6
hunting,6
fresh,6
investigations,6
dd,6
system,6
recorded,6
thus,6
relatively,6
interim,6
phases,6
münchen,6
paris,6
river,6
elsewhere,6
four,6
basin,6
begun,6
akademie,6
buried,6
egyptienne,6
data,6
size,6
approach,6
oriental,6
suggest,6
mediterranean,6
family,6
characteristics,6
industry,6
presence,6
decline,6
generally,6
provided,6
materials,6
service,6
frühzeitlichen,6
discussions,6
light,6
same,6
routes,6
renewed,6
pattern,6
chiefdom,6
patterns,6
developing,6
flint,6
chronologies,6
assumption,6
sequence,6
styles,6
national,6
biblical,6
times,6
like,6
after,6
aviv,6
especially,6
conquest,6
seen,6
changes,6
quaternary,6
assumed,6
did,6
goods,6
advances,6
agricultural,6
when,6
discussion,6
differentiation,6
zum,6
wadi,6
smaller,6
km,6
should,6
major,6
arizona,6
mostly,5
mostagedda,5
akten,5
imported,5
created,5
wissenschaften,5
modern,5
pérez,5
zeitschrift,5
available,5
last,5
sociopolitical,5
complicated,5
within,5
kongresses,5
kingdoms,5
anthropologists,5
agriculture,5
egyptians,5
königsfriedhof,5
resources,5
conflict,5
hierarchy,5
manetho,5
mesopotamian,5
ware,5
industries,5
recognized,5
société,5
orientale,5
annales,5
importance,5
certain,5
white,5
discoveries,5
support,5
established,5
gerzean,5
chipped,5
centers,5
out,5
academic,5
fourth,5
française,5
method,5
having,5
revealed,5
related,5
internationalen,5
people,5
least,5
consensus,5
villages,5
saqqara,5
comparative,5
still,5
indicates,5
pharaonic,5
assimilation,5
included,5
complete,5
locality,5
others,5
analytical,5
forms,5
less,5
seminar,5
project,5
classes,5
understanding,5
assemblages,5
helmut,5
besor,5
discovered,5
historic,5
publication,5
so,5
played,5
class,5
structure,5
sur,5
began,5
los,5
angeles,5
arts,5
earliest,5
contained,5
then,5
complexity,5
temple,5
know,5
cultures,5
northward,5
vierten,5
ivory,5
foundation,5
type,5
sinai,5
français,5
both,5
ruled,5
ma,5
transition,5
manufacturing,5
au,5
faculty,5
sigma,5
quibell,5
increased,5
much,5
among,5
archäologische,5
environmental,4
resulted,4
introduction,4
conducted,4
essays,4
authority,4
approaches,4
favor,4
tempered,4
position,4
nyame,4
chief,4
taken,4
emerged,4
tradition,4
sometime,4
composition,4
help,4
reading,4
somewhat,4
papers,4
case,4
west,4
very,4
surplus,4
includes,4
population,4
terraces,4
mixed,4
clay,4
houses,4
archaeologist,4
terrace,4
traits,4
plant,4
oj,4
identification,4
main,4
across,4
centered,4
appreciation,4
egyptologie,4
à,4
hendrickx,4
objects,4
dated,4
show,4
helped,4
iconography,4
irrigation,4
result,4
distribution,4
dateiist,4
declined,4
access,4
abusir,4
grabung,4
oklahoma,4
anderson,4
placed,4
explain,4
levant,4
provincial,4
line,4
artifacts,4
archéologie,4
imports,4
civilisation,4
calls,4
indigenous,4
geology,4
structures,4
believes,4
interpreted,4
chemistry,4
towards,4
sense,4
kultur,4
trading,4
le,4
contrast,4
stimulated,4
nomes,4
essentially,4
annual,4
led,4
overall,4
bis,4
schemes,4
nachuntersuchungen,4
nubia,4
biological,4
relationship,4
under,4
al,4
alten,4
noted,4
bar,4
ägyptolgen,4
macehead,4
funerary,4
brunton,4
egyptological,4
experienced,4
efforts,4
shire,4
farming,4
present,4
model,4
coarse,4
shown,4
circumscription,4
remained,4
another,4
aylesbury,4
ruling,4
food,4
largely,4
auf,4
california,4
theoretical,4
described,4
clear,4
points,4
general,4
scorpion,4
preand,4
relative,4
pharaohs,4
median,4
me,4
she,4
negev,4
protodynastic,4
heidelberg,4
originated,4
dans,4
hi,4
michael,4
antiquities,4
stratified,4
types,4
considered,4
environment,4
associated,4
civilizations,4
known,4
temporal,4
natural,4
believe,4
past,4
hemamiah,4
just,4
works,4
evident,4
für,4
proceedings,4
theory,4
her,4
incised,4
nubian,4
vessels,4
level,4
wedding,4
dakhleh,4
souls,4
remarks,4
named,4
ibrahim,4
z,4
showed,4
drift,4
potential,4
chicago,4
views,4
contacts,3
way,3
episodes,3
per,3
village,3
overland,3
replaced,3
merged,3
formed,3
niched,3
sickle,3
considerations,3
organic,3
inequality,3
humanities,3
practices,3
contexts,3
sprache,3
coalesced,3
géographie,3
amer,3
retouched,3
handle,3
implications,3
concentrated,3
nome,3
asia,3
principles,3
paramount,3
analyses,3
able,3
religion,3
nil,3
search,3
zu,3
principal,3
physical,3
decreased,3
existence,3
account,3
variations,3
reverence,3
ranked,3
archäologie,3
throughout,3
differential,3
relationships,3
against,3
aus,3
interest,3
untersuchungen,3
century,3
patch,3
perspective,3
document,3
marriage,3
six,3
publications,3
kutba,3
even,3
without,3
sort,3
basic,3
mean,3
oasis,3
ägyptische,3
contributions,3
special,3
means,3
tablet,3
record,3
gradually,3
house,3
frequently,3
too,3
powerful,3
beyond,3
flakes,3
disappeared,3
princeton,3
union,3
concentration,3
location,3
societies,3
kegan,3
kingship,3
behalf,3
une,3
treatments,3
effort,3
scaling,3
leuven,3
war,3
circular,3
districts,3
ot,3
applied,3
metals,3
altertumskunde,3
ägyptischen,3
mustafa,3
tool,3
stufe,3
description,3
q,3
pyramid,3
partly,3
documented,3
reflect,3
fieldwork,3
own,3
following,3
graduate,3
lhe,3
akuma,3
interregional,3
working,3
teil,3
order,3
goethe,3
st,3
cattle,3
using,3
correspondence,3
notes,3
finds,3
press,3
units,3
architecture,3
identified,3
short,3
ägypten,3
paint,3
lexikon,3
single,3
label,3
corpus,3
applications,3
depicted,3
evolved,3
technology,3
ancienne,3
picture,3
name,3
decoration,3
toward,3
motifs,3
addition,3
fact,3
pastoralism,3
documents,3
depict,3
altägyptischen,3
road,3
exotic,3
hu,3
über,3
chalcolithic,3
subsistence,3
carneiro,3
divided,3
helps,3
hypotheses,3
contribution,3
washington,3
bonn,3
co,3
individual,3
flood,3
features,3
exchange,3
caire,3
slightly,3
geography,3
préhistoire,3
attention,3
increasing,3
seasons,3
frühen,3
program,3
palestinian,3
un,3
regionalism,3
holmes,3
school,3
believed,3
version,3
extensive,3
wares,3
regime,3
palästina,3
sciences,3
here,3
alternative,3
geoarchaeology,3
set,3
berkeley,3
principle,3
paper,3
specialized,3
share,3
expanding,3
followers,3
doms,3
economy,3
list,3
utilitarian,3
listed,3
northwestern,3
universität,3
organization,3
dominant,3
our,3
rizkana,3
sediments,3
frame,3
grant,3
origines,3
off,3
shift,3
classification,3
wien,3
apart,3
elites,3
agrees,3
supplementary,3
eb,3
myth,3
rivista,3
hypothesis,3
siedlung,2
possessed,2
done,2
revisionist,2
child,2
cataract,2
polish,2
common,2
will,2
implying,2
rev,2
meaning,2
represent,2
career,2
globale,2
extend,2
college,2
implies,2
spurred,2
berlin,2
trash,2
bei,2
confidence,2
funde,2
identify,2
friedhof,2
schools,2
true,2
sumptuary,2
fairservis,2
communication,2
mittleren,2
necessarily,2
unlike,2
refers,2
stretches,2
ae,2
source,2
women,2
orientalis,2
test,2
sesto,2
explaining,2
tribute,2
venice,2
creation,2
rare,2
indicative,2
interprétation,2
interred,2
route,2
leading,2
secondary,2
reasons,2
thank,2
spaced,2
premières,2
closer,2
reveal,2
concludes,2
carnegie,2
take,2
subsequent,2
coalescence,2
basins,2
consist,2
priest,2
precisely,2
geschchte,2
farafra,2
legend,2
posts,2
massoulard,2
remodeling,2
side,2
occasional,2
alfred,2
plain,2
persian,2
sought,2
difficulties,2
discuss,2
rests,2
representations,2
reanalysis,2
chapter,2
knife,2
prior,2
outlying,2
living,2
fine,2
taking,2
combination,2
x,2
uses,2
household,2
facto,2
thinitenzeit,2
palermo,2
warfare,2
collection,2
keramik,2
behavior,2
framework,2
exist,2
central,2
della,2
chiefs,2
operationalizing,2
proceeded,2
blades,2
explained,2
nn,2
dynamics,2
internazionale,2
nordsee,2
adopted,2
attested,2
occurs,2
term,2
kind,2
transitional,2
nor,2
oman,2
urbanization,2
cultic,2
archeologiczne,2
places,2
vom,2
concerning,2
fig,2
columbia,2
served,2
levantine,2
third,2
siegel,2
friedman,2
storage,2
geological,2
deceased,2
spite,2
canaanite,2
stratum,2
appreciated,2
semainan,2
via,2
fort,2
philadelphia,2
whose,2
german,2
underway,2
etudes,2
growth,2
matmar,2
highlands,2
obtained,2
how,2
remain,2
landscape,2
coastal,2
environments,2
vs,2
winona,2
eight,2
legendary,2
domestication,2
direct,2
consequences,2
factors,2
gathering,2
mission,2
qutsul,2
consider,2
possibly,2
organized,2
intertwined,2
impact,2
dominate,2
methodist,2
calendar,2
recovered,2
egittologia,2
additional,2
semainean,2
shed,2
followed,2
random,2
consequence,2
neither,2
painted,2
terminology,2
plenum,2
shifted,2
genève,2
founding,2
merimde,2
decades,2
conflicts,2
artistic,2
anthropologically,2
greater,2
station,2
moving,2
ou,2
vorund,2
whom,2
pharaoh,2
basalt,2
allow,2
rule,2
hands,2
amsterdam,2
cylinder,2
shared,2
fishing,2
hebrew,2
italian,2
carolina,2
possibility,2
initial,2
interpretations,2
urbanisation,2
ranking,2
understood,2
equal,2
neolithischen,2
tools,2
cannot,2
priorities,2
scharff,2
monograph,2
amenable,2
absolute,2
brooklyn,2
sedentism,2
stations,2
criteria,2
shape,2
congrès,2
colonies,2
none,2
future,2
relief,2
prace,2
scope,2
période,2
historiographies,2
proportions,2
apparent,2
incremental,2
vallée,2
describe,2
fairly,2
intermediate,2
obscured,2
blade,2
préhistorique,2
densely,2
winter,2
hydraulic,2
employed,2
il,2
preparation,2
monopoly,2
connections,2
attributed,2
uniqueness,2
earth,2
kab,2
supplying,2
eine,2
qau,2
smites,2
presented,2
below,2
buildings,2
stage,2
gebel,2
dictionary,2
indicators,2
bone,2
sources,2
royale,2
concernant,2
bank,2
het,2
encompassing,2
diospolis,2
dem,2
dedicated,2
mythological,2
visible,2
ofwadi,2
tributary,2
bread,2
peculiar,2
axes,2
francais,2
seemed,2
subsequently,2
voi,2
ana,2
likely,2
approximate,2
ceremonial,2
transverse,2
bringing,2
polished,2
populations,2
amratian,2
palaeoecology,2
techniques,2
limited,2
acknowledged,2
reduce,2
allen,2
sedation,2
abrupt,2
hold,2
structural,2
vicinity,2
communities,2
kent,2
reference,2
contribute,2
examined,2
makes,2
read,2
older,2
reexcavation,2
soon,2
omari,2
prehistorians,2
home,2
note,2
ro,2
sharply,2
ägyptologische,2
issues,2
einige,2
belonging,2
vorbericht,2
toronto,2
nécropole,2
stones,2
declining,2
volume,2
lack,2
members,2
organizations,2
technique,2
stated,2
passed,2
mark,2
towns,2
decorative,2
tiny,2
cultivated,2
travaux,2
environs,2
appeared,2
symbolisme,2
everything,2
nonmetric,2
levante,2
external,2
simple,2
honor,2
ruler,2
nag,2
centre,2
reisner,2
musées,2
norwegian,2
strategies,2
showing,2
assemblage,2
shifts,2
bailas,2
pleistocene,2
ecology,2
boat,2
original,2
crown,2
analyzed,2
referred,2
exhibit,2
examples,2
alliance,2
discovery,2
upon,2
hearst,2
average,2
drills,2
samples,2
expand,2
controlling,2
cranial,2
exciting,2
band,2
products,2
resulting,2
processes,2
individuals,2
considerable,2
uruk,2
netherlands,2
rejected,2
significance,2
maadian,2
discussed,2
urbanism,2
decorated,2
comparisons,2
amounts,2
failures,2
architectural,2
divisions,2
allowed,2
revised,2
veräffentlichungen,2
high,2
stresses,2
stages,2
administrative,2
practiced,2
abundant,2
oxbow,2
labels,2
outside,2
systems,2
often,2
become,2
correlated,2
funéraires,2
axe,2
marine,2
dominance,2
equivalent,2
oscillations,2
occupied,2
tendency,2
separate,2
dead,2
assigned,2
dual,2
provide,2
sometimes,2
elam,2
foreign,2
centuries,2
fewer,2
ashmolean,2
archäologishe,2
indischen,2
detailed,2
yale,2
suggestions,2
pens,2
drs,2
surprising,2
table,2
scholarship,2
rim,2
préhistoriques,2
mud,2
victoria,2
paléorient,2
deutsches,2
mentioned,2
tempting,2
must,2
founded,2
aes,2
observation,2
rival,2
borrow,2
archeologia,2
colonization,2
connection,2
setting,2
forebears,2
grabungen,2
compte,2
post,2
elements,2
ideological,2
sudan,2
particularly,2
exhibits,2
written,2
bones,2
distinctive,2
merely,2
better,2
phd,2
consisted,2
animal,2
surpluses,2
explanations,2
coptos,2
notable,2
investigation,2
reign,2
combined,2
unique,2
ones,2
ny,2
dallas,2
attitudes,2
mahasna,2
map,2
problem,2
andah,2
asyut,2
extent,2
appropriated,2
fayum,2
faunal,2
congresso,2
emphasis,2
urban,2
contain,2
spaces,2
dialogues,2
careful,2
pits,2
oun,2
given,2
sea,2
lythgoe,2
became,2
tried,2
atti,2
herders,2
interpolity,2
préliminaire,2
writing,2
terminal,2
question,2
devoted,2
models,2
locations,2
rendu,2
endowment,2
twentieth,2
paradigm,2
sud,2
finally,2
relevance,2
need,2
davies,2
manufacture,2
developmental,2
upriver,2
heartland,2
plants,2
colleagues,2
defined,2
forming,2
susa,2
needs,2
intergroup,2
specific,2
valuable,2
themselves,2
rekonstruktion,2
ascendancy,2
nucleation,2
create,2
norman,2
philosophie,2
entire,2
dental,2
ethnographie,2
immediately,2
observed,2
indicating,2
reflections,2
roles,2
race,2
tne,2
asphalt,2
woven,1
tura,1
difficult,1
handicapped,1
entities,1
winds,1
ola,1
duckworth,1
régionale,1
limits,1
underpinning,1
sais,1
horizontal,1
destroying,1
fortified,1
concerned,1
indicated,1
warmer,1
uncritically,1
vienna,1
correlations,1
separated,1
universite,1
bgypt,1
affected,1
extreme,1
positivist,1
ferdinand,1
legitimate,1
trans,1
hospitable,1
cut,1
adoption,1
dlinois,1
nouvelle,1
vage,1
manuscript,1
junker,1
germany,1
expect,1
bibliotheca,1
becoming,1
needed,1
discover,1
aegyptiaca,1
truncation,1
summarizing,1
prädynastischer,1
conquering,1
envisioned,1
san,1
kinds,1
ample,1
prédynastie,1
multifaceted,1
reassessment,1
anchor,1
staates,1
asserted,1
königsnekropole,1
habitats,1
philippe,1
ways,1
rounded,1
eeuwige,1
forschungen,1
arkel,1
expenditure,1
salinity,1
weiner,1
contend,1
easily,1
mit,1
paradigms,1
drabung,1
regering,1
lavished,1
conscious,1
regierungszeiten,1
acceptance,1
trace,1
gibli,1
prentice,1
isabella,1
tome,1
emphasize,1
presents,1
stan,1
chapman,1
pharaons,1
postprocessualism,1
biographical,1
pots,1
exceptions,1
manethos,1
unite,1
bend,1
philosoph,1
beispiel,1
track,1
englewood,1
stem,1
variety,1
abadiyeh,1
turah,1
fires,1
mummie,1
diffusion,1
accumulation,1
neeev,1
consistent,1
highlighted,1
concepts,1
ideas,1
coast,1
transitions,1
automate,1
stressed,1
nonelites,1
bed,1
lateral,1
invention,1
revisited,1
pink,1
antiquités,1
bgyptian,1
identifying,1
universitv,1
valle,1
localities,1
disagreement,1
oberägypten,1
regulating,1
djoser,1
exclusive,1
repertoire,1
attempts,1
military,1
abound,1
adu,1
elusive,1
humans,1
worked,1
funerals,1
marl,1
è,1
egitto,1
diseases,1
fredynastic,1
gary,1
containing,1
dramatically,1
ethnoarchaeology,1
layout,1
possibilities,1
statuaire,1
affinities,1
menlo,1
marburg,1
continue,1
wooden,1
credits,1
governed,1
accompanied,1
terra,1
desire,1
prähistorischer,1
disproportionate,1
confusion,1
naissance,1
indeed,1
farmers,1
accumulated,1
rich,1
producing,1
assembled,1
dimensione,1
revisions,1
transferred,1
thanks,1
hundred,1
entered,1
ol,1
room,1
uncovered,1
renfrew,1
dom,1
scriba,1
cones,1
nationalism,1
listing,1
reinterpret,1
achieved,1
married,1
damage,1
blow,1
harmondsworth,1
vegetation,1
midholocene,1
resorting,1
loose,1
emphasized,1
ô,1
influences,1
keith,1
àgyptolgen,1
raised,1
prépharaonique,1
robert,1
reworking,1
papyrus,1
néolithique,1
committed,1
subsidence,1
taur,1
saad,1
threshold,1
peuplement,1
context,1
contents,1
similarities,1
raisons,1
microbotanical,1
ad,1
inquiry,1
ernest,1
fouille,1
appreciate,1
empty,1
periódica,1
forum,1
alto,1
frühdynastischen,1
sophisticated,1
badly,1
dr,1
abbreviated,1
behavioral,1
geochemical,1
nq,1
key,1
agraires,1
av,1
component,1
ägyptisher,1
advice,1
histoire,1
primary,1
iv,1
incorporate,1
right,1
cgypuan,1
presses,1
paleogeography,1
seidlmayr,1
updates,1
alluvium,1
funéraire,1
replacement,1
ç,1
silt,1
politics,1
compelling,1
activity,1
bobwhites,1
exports,1
erased,1
foreigners,1
feinman,1
solely,1
functions,1
hiatus,1
zooarchaeology,1
anzeiger,1
measuring,1
stratigraphy,1
occurring,1
ibis,1
except,1
geochimca,1
events,1
tjehenu,1
eevptei,1
bandelettes,1
sammlung,1
uncertain,1
réalité,1
overlooking,1
gräberjeldes,1
klassifikation,1
unrefined,1
peacefully,1
representing,1
correlation,1
palaeogeographical,1
ritual,1
bruxelles,1
qadmoniot,1
par,1
marginalized,1
forged,1
zonation,1
tributes,1
computationally,1
kaiserlichen,1
attract,1
redating,1
protodynastique,1
signal,1
learned,1
segregation,1
implements,1
vases,1
member,1
million,1
joan,1
iron,1
multidimensional,1
deux,1
sielen,1
nachuntersuchungenin,1
girgalnagaeddêr,1
apex,1
ptolemaic,1
hypothesizes,1
collapse,1
sumer,1
cariy,1
surely,1
icp,1
sociale,1
meroitica,1
instituts,1
goddess,1
curated,1
nora,1
accompany,1
geochemistry,1
quality,1
scarce,1
computerized,1
dominated,1
intensifying,1
congreso,1
sediment,1
conquérants,1
software,1
unpublished,1
iiii,1
dei,1
integral,1
proto,1
corner,1
rameses,1
anzieger,1
céréales,1
ethnohistorical,1
hainan,1
ut,1
moment,1
acta,1
ostrich,1
te,1
etudies,1
durant,1
envelopement,1
highlighting,1
walter,1
abul,1
difficulty,1
ergebnisse,1
goettinger,1
conférence,1
tucson,1
taramsa,1
encyclopedia,1
metalwork,1
riunione,1
typing,1
assessment,1
alison,1
pay,1
siècle,1
universitaires,1
wadis,1
sample,1
tripartite,1
expected,1
accelerating,1
keramikausstattung,1
xe,1
fried,1
forced,1
interprets,1
hemmamiah,1
construction,1
abstractions,1
rank,1
cases,1
plaine,1
distinct,1
funnelled,1
flourishing,1
ueutscnen,1
chronometrics,1
reeds,1
catalogue,1
subjects,1
encompass,1
ha,1
awad,1
quantifying,1
machines,1
nouveaux,1
funerair,1
inclusion,1
münchner,1
dreyer,1
attests,1
mond,1
compared,1
arranged,1
alliances,1
find,1
warned,1
einigen,1
accelerator,1
chemtech,1
student,1
memoir,1
sprouting,1
whiter,1
digla,1
focussed,1
libyan,1
traditions,1
simplistic,1
conducting,1
denkschriften,1
shelf,1
cobra,1
ausgrabungen,1
pronounced,1
hardly,1
generation,1
arrowheads,1
shall,1
subphases,1
bypassed,1
master,1
hyperdiffusionism,1
error,1
catalogs,1
capitals,1
walls,1
ovoid,1
battles,1
edited,1
otherwise,1
impossible,1
wiesbaden,1
higher,1
lesser,1
awkward,1
flore,1
steps,1
poor,1
sixteen,1
meanderings,1
automatic,1
inferences,1
cache,1
adequate,1
added,1
ahuma,1
contnouuon,1
plotted,1
aussagewert,1
wendorf,1
delivering,1
tt,1
links,1
bring,1
nacrmr,1
rchaeology,1
traffic,1
intraregional,1
sensing,1
generations,1
adds,1
remnants,1
orpheus,1
abundance,1
underclass,1
weighted,1
sw,1
obviated,1
levels,1
theban,1
notion,1
tvends,1
remote,1
hiw,1
pb,1
precluded,1
depicts,1
cult,1
excavators,1
baumgartel,1
fed,1
pétrographie,1
mémoires,1
probability,1
naraier,1
supplement,1
county,1
sépulture,1
òinai,1
kulturgruppe,1
archaeologia,1
marcus,1
demanded,1
restes,1
symbols,1
frühbronzezeit,1
í,1
preempted,1
animals,1
something,1
nagadakultur,1
scattered,1
bestowal,1
supposed,1
minsnat,1
trône,1
extérieure,1
reinterpretation,1
firing,1
reason,1
references,1
arid,1
sedentarism,1
settled,1
provinces,1
win,1
funeral,1
pact,1
females,1
locally,1
étude,1
entry,1
problemen,1
intensive,1
ägyptisches,1
calibration,1
morgan,1
consolidate,1
prähistorischen,1
presumably,1
preistonca,1
specify,1
proved,1
quoted,1
urbaines,1
elevated,1
horas,1
bruce,1
likened,1
restricted,1
packaged,1
reviewed,1
elamite,1
pullman,1
preconceived,1
solid,1
undated,1
jars,1
put,1
robbing,1
surface,1
follow,1
connecting,1
edinburgh,1
redate,1
actes,1
csrl,1
discarded,1
cimetière,1
undertaken,1
plates,1
hof,1
reorientation,1
exploitation,1
archeological,1
aloe,1
königskonzept,1
weekends,1
atheoretical,1
wearing,1
reevaluating,1
lahav,1
coincide,1
trained,1
leipzig,1
myths,1
trajectories,1
dependency,1
categorical,1
highest,1
dc,1
nebraska,1
invading,1
ei,1
anu,1
ranges,1
raw,1
aula,1
evolutionary,1
bl,1
ooo,1
chronologie,1
pflanze,1
memory,1
affiliated,1
cd,1
wears,1
rchaeometry,1
uncovering,1
warminster,1
fortunes,1
carrying,1
erosion,1
zwischen,1
resembles,1
lived,1
manas,1
economics,1
deal,1
scenes,1
iconographie,1
î,1
expression,1
rebirth,1
mythical,1
khemet,1
scene,1
archaïque,1
configuration,1
assistance,1
hg,1
illuminated,1
philosophical,1
base,1
butzer,1
controled,1
marburger,1
naqadah,1
nilo,1
kulturhistorische,1
assi,1
traversed,1
propos,1
thinis,1
topics,1
equally,1
occupation,1
standardized,1
traced,1
vile,1
oder,1
focused,1
imbalances,1
couteau,1
ägyptischer,1
basor,1
levees,1
nekropole,1
desribed,1
viewed,1
produced,1
hulls,1
revive,1
feminine,1
grounds,1
energy,1
suffian,1
rreaynasuc,1
pollen,1
spur,1
perform,1
required,1
conferences,1
facilities,1
numerous,1
granite,1
guksch,1
wide,1
pastoralisme,1
tracking,1
sacrifice,1
periodization,1
microdrills,1
patriarchal,1
influenced,1
farao,1
demigods,1
overlapping,1
distinguishes,1
payable,1
keeping,1
exert,1
xix,1
pigs,1
taxes,1
contracted,1
directly,1
oak,1
artefacts,1
iravaux,1
scheidedu,1
fallstudie,1
inferred,1
palaeoclimatical,1
intense,1
nucleus,1
sickles,1
horticulture,1
karnak,1
industrial,1
statehood,1
strict,1
comprises,1
preferred,1
salama,1
del,1
palaeopathology,1
imagined,1
floodplain,1
tapered,1
significantly,1
brought,1
protohistoire,1
cgypioiogy,1
bladelet,1
rythmes,1
discusses,1
competing,1
example,1
norm,1
vorgeschichtlichen,1
petroglyphs,1
irish,1
festgabe,1
cosmochimica,1
palettes,1
continuation,1
fit,1
millet,1
inherited,1
hammamat,1
pratiques,1
bemerkungen,1
literally,1
queens,1
collective,1
josephus,1
technological,1
beginnings,1
organically,1
köhler,1
actually,1
falling,1
beads,1
ü,1
statistics,1
pan,1
friend,1
nach,1
canaanites,1
naya,1
planning,1
saw,1
away,1
systematic,1
skelettfunden,1
wissenschaftliche,1
wheat,1
diverted,1
memoirs,1
colossi,1
lithics,1
hidden,1
thencontents,1
errors,1
either,1
urden,1
congnitive,1
good,1
creating,1
hut,1
computer,1
kaiserl,1
painting,1
viable,1
caused,1
ago,1
wi,1
fuzzy,1
coup,1
shaping,1
reinforces,1
resolving,1
box,1
grass,1
villagers,1
memphite,1
incipient,1
imposition,1
coquillages,1
emphasizes,1
reaches,1
diagnostic,1
emerging,1
croyances,1
involved,1
specifically,1
nightmares,1
encompasses,1
seti,1
crescent,1
palaeoclimatic,1
sufficient,1
concerns,1
munich,1
knives,1
replace,1
rangec,1
masking,1
representaitons,1
baked,1
fonction,1
pegs,1
psychological,1
eclipse,1
rates,1
invaluable,1
manchester,1
australian,1
niches,1
distinguished,1
ancestors,1
boundaries,1
diorite,1
memphis,1
bahr,1
xxvii,1
royaux,1
fully,1
prädynastische,1
descendants,1
problèmes,1
nijl,1
os,1
bn,1
loci,1
wife,1
elephantine,1
paid,1
funerarie,1
roots,1
appropriate,1
calcite,1
chalky,1
ascent,1
dam,1
pot,1
monarchy,1
rest,1
dossiers,1
digging,1
knowledge,1
corpse,1
facies,1
survived,1
archäologisches,1
edn,1
jüngeren,1
marked,1
morphology,1
critical,1
microwear,1
underlies,1
ikbeinah,1
situation,1
georg,1
nation,1
fund,1
quaternaire,1
groundstone,1
reexamine,1
observations,1
matter,1
nonetheless,1
territorial,1
chronometry,1
rivalries,1
scientific,1
atypical,1
giving,1
sous,1
wrote,1
debono,1
barley,1
predinastiche,1
ancien,1
abhandlungen,1
successes,1
corporation,1
motivated,1
oublié,1
tide,1
brief,1
spend,1
nearly,1
female,1
serech,1
matrilineal,1
berms,1
cananéennes,1
griswold,1
prevailing,1
appearance,1
antrodoloeia,1
etc,1
paléoclimatiques,1
attempt,1
community,1
above,1
tag,1
dwellings,1
winged,1
went,1
alexandria,1
outer,1
collapsed,1
procession,1
miners,1
hitherto,1
gather,1
hearths,1
religious,1
tasian,1
ipso,1
illuminating,1
qq,1
guide,1
once,1
chronicle,1
collect,1
potsherds,1
glossy,1
meiouan,1
unintended,1
seeher,1
elaboration,1
floods,1
subperiods,1
permission,1
foreseen,1
analogies,1
suited,1
represents,1
cleveland,1
alongside,1
acknowledgments,1
sex,1
ring,1
god,1
populated,1
remnant,1
ne,1
jar,1
boundary,1
thesis,1
specimens,1
perceived,1
unwin,1
semisubterranean,1
initiation,1
falls,1
planned,1
première,1
prädynastichen,1
ci,1
perspectives,1
quarries,1
thinitische,1
postulated,1
shifting,1
giza,1
lome,1
ptah,1
product,1
insights,1
joyce,1
enjoyable,1
flints,1
régionalisme,1
lined,1
speaking,1
assimilated,1
nierakonpons,1
supernatural,1
ív,1
functioned,1
herausbildung,1
evolve,1
squabbling,1
inclusions,1
matrices,1
representation,1
wnung,1
seasonally,1
uncontested,1
fitzroy,1
plundered,1
allan,1
aspect,1
hartuv,1
flanked,1
mutatis,1
participated,1
qaab,1
afterlife,1
comparison,1
socioecological,1
again,1
stating,1
academy,1
desertification,1
pointed,1
europe,1
similarly,1
sia,1
backed,1
rock,1
redress,1
projects,1
qurnaarmant,1
water,1
missing,1
skills,1
scavengers,1
qara,1
shows,1
longer,1
iiiii,1
undeciphered,1
idea,1
start,1
consideration,1
conduct,1
head,1
scholars,1
blocks,1
areas,1
occupations,1
foods,1
för,1
plan,1
plundering,1
agree,1
mentor,1
umpire,1
revue,1
grog,1
egyptiens,1
kendall,1
supralocal,1
enclosure,1
children,1
nubiennes,1
millénaires,1
ideology,1
classical,1
banks,1
nucleated,1
plagued,1
somewhere,1
quelques,1
ahaz,1
emphatically,1
donadoni,1
eram,1
predinastici,1
reckoned,1
condensed,1
infers,1
hierakonpolan,1
man,1
fishtail,1
observes,1
divin,1
serious,1
removal,1
fragments,1
beryllium,1
anthropologist,1
never,1
conclusions,1
enough,1
erani,1
adjacent,1
organizing,1
reconstructing,1
ground,1
sulfur,1
frühzeitliche,1
scientist,1
secrets,1
rapid,1
anciens,1
phytoliths,1
nabta,1
archaeobotanical,1
existing,1
establish,1
près,1
menghin,1
proports,1
mostageddan,1
tautological,1
köln,1
colony,1
khartoum,1
real,1
metropolitan,1
manage,1
exceeds,1
controversy,1
asiatic,1
style,1
bearers,1
merimda,1
counterpart,1
entrepreneurial,1
explicitly,1
encountered,1
remarkably,1
radiometrie,1
day,1
ägyptologie,1
plane,1
varia,1
argues,1
demonstrated,1
sonderschrift,1
réflexions,1
microscopic,1
greatest,1
envisions,1
vast,1
campaigns,1
weight,1
indiana,1
collated,1
considering,1
birth,1
preferential,1
accompanying,1
values,1
speculates,1
gracious,1
active,1
extrapolated,1
cimetières,1
harageh,1
exogamy,1
deposits,1
transformed,1
conceivable,1
territorially,1
preunification,1
looking,1
pittsburgh,1
safer,1
epigraphic,1
hieroglyphic,1
skeletal,1
seven,1
eclipsed,1
facades,1
entirely,1
asian,1
flinders,1
weeks,1
shephelah,1
reusing,1
métallurgistes,1
provenience,1
virtually,1
inneren,1
factor,1
typological,1
causes,1
dai,1
egizio,1
archéologique,1
aside,1
harvard,1
submitted,1
grimal,1
questions,1
exhibited,1
oftield,1
roman,1
actual,1
dargestellt,1
nothing,1
mds,1
examination,1
paläodemographische,1
raising,1
sees,1
previous,1
imagery,1
tombeau,1
connected,1
synthetic,1
reevaluated,1
downriver,1
helpless,1
explorations,1
princess,1
stelae,1
loosely,1
legitimacy,1
laboratories,1
emphasizing,1
depicting,1
consult,1
grew,1
schriften,1
tl,1
lakes,1
sustain,1
essay,1
maintenance,1
forrtschritten,1
jy,1
leave,1
christopher,1
gesamtägyptischen,1
safaha,1
badán,1
started,1
characterized,1
fcgypte,1
ligabue,1
summer,1
parts,1
enclosures,1
wealthiest,1
housed,1
exemples,1
issue,1
altägyptens,1
course,1
figuratif,1
filled,1
probable,1
serekh,1
applicable,1
standard,1
provides,1
legitimating,1
friedhofes,1
subfloor,1
spent,1
bemalten,1
demarcate,1
readers,1
débuts,1
maison,1
took,1
successor,1
improving,1
prädynastischen,1
elaborate,1
parallel,1
ferrara,1
correspond,1
rectify,1
relation,1
centrally,1
hierakonpohs,1
stand,1
lei,1
contact,1
sovereign,1
beni,1
lexas,1
britain,1
deliberate,1
accordingly,1
interconnections,1
fanned,1
victim,1
lowie,1
hierarchical,1
enjoyed,1
hunters,1
märz,1
primitive,1
rapproachment,1
sharper,1
looks,1
story,1
insufficient,1
locales,1
attracted,1
ascribe,1
splitting,1
shale,1
arak,1
grain,1
versus,1
aswan,1
herding,1
institution,1
postholes,1
landwirtschaft,1
quarterly,1
professional,1
caution,1
tenuous,1
greek,1
thence,1
specialties,1
fundplätzen,1
concluded,1
widely,1
discshaped,1
complicates,1
anatomy,1
uncritical,1
necks,1
archäolisches,1
ranging,1
töpfereiproduktion,1
space,1
carried,1
waxing,1
chapters,1
referenced,1
dawn,1
arriving,1
speculate,1
pictorial,1
undifferentiated,1
wenke,1
islamic,1
imply,1
monograpnsin,1
rapport,1
protokingdom,1
absorbing,1
übergang,1
publishing,1
composed,1
irregular,1
tentative,1
equals,1
bulk,1
figure,1
ecological,1
usually,1
five,1
pennsylvaniayale,1
outsiders,1
lends,1
naturally,1
bifacially,1
outlined,1
lingua,1
pieces,1
smeared,1
peats,1
pe,1
inside,1
anticipating,1
frühzeit,1
arqueologia,1
palacefacade,1
recognizes,1
primarily,1
mankind,1
independence,1
semanineh,1
excluding,1
tin,1
muddle,1
concluding,1
collections,1
deposit,1
playa,1
force,1
eariy,1
rational,1
credited,1
grinding,1
monopolize,1
occupiers,1
sequences,1
relevant,1
bins,1
maceheads,1
length,1
frames,1
littoral,1
endogamy,1
parva,1
why,1
responsible,1
pristine,1
fostered,1
united,1
baghdader,1
lineages,1
subdivided,1
mother,1
griffith,1
fields,1
canonical,1
vestigial,1
exists,1
walking,1
vorgeschichtsforschung,1
reemphasize,1
beasts,1
princes,1
unkelbach,1
sheldon,1
mélanges,1
végétaux,1
neighbouring,1
thick,1
garstang,1
stephen,1
quantitative,1
campaign,1
nacional,1
circumscribed,1
sections,1
archäoloue,1
land,1
abandonment,1
wars,1
vharageh,1
deposited,1
heavy,1
rarely,1
protracted,1
aris,1
reviewing,1
vnn,1
exemplified,1
pratiche,1
intensification,1
peoples,1
bonded,1
graveyard,1
suppl,1
geographic,1
rites,1
constituted,1
ever,1
concordance,1
satisfying,1
damaging,1
oi,1
turn,1
continues,1
implied,1
klaus,1
optimistically,1
altäevdtens,1
grazing,1
dahleh,1
ignore,1
palace,1
recalibration,1
charles,1
fortification,1
rotterdam,1
besides,1
rituels,1
sherds,1
symbol,1
sourcing,1
command,1
klasse,1
minerals,1
survivals,1
smithsonian,1
ouibell,1
milieu,1
highly,1
persisting,1
pharaon,1
ran,1
ueuiscnen,1
extant,1
rainfall,1
reexamination,1
dekorierten,1
sure,1
specialization,1
country,1
gräberfelder,1
interrupted,1
cleavage,1
gertrude,1
steven,1
naville,1
legitimated,1
sampling,1
authorities,1
capital,1
best,1
accommodate,1
straightforward,1
sent,1
casi,1
gazelle,1
appendix,1
temper,1
wall,1
ginter,1
halif,1
paleoclimatic,1
facility,1
ayrton,1
scenario,1
domestic,1
elkab,1
ofeevntianarchaeoloev,1
eventually,1
founder,1
umar,1
wealthier,1
enemy,1
recherche,1
kharga,1
publiée,1
inédite,1
constant,1
finkenstaedt,1
cq,1
domesticated,1
differed,1
climate,1
burying,1
thompson,1
disputes,1
emerges,1
hydrology,1
bien,1
botaniczne,1
oberbauten,1
stature,1
id,1
paléomilieux,1
drop,1
born,1
probleme,1
game,1
heliopolis,1
protohistonc,1
besiedlungsspuren,1
literature,1
transfers,1
tying,1
seals,1
circles,1
reevaluate,1
implicit,1
whether,1
cenotaphs,1
voor,1
making,1
rising,1
internment,1
germane,1
together,1
cause,1
varying,1
temperatures,1
character,1
nearby,1
males,1
emblems,1
fálschungen,1
metaphor,1
nascent,1
proven,1
slate,1
zeit,1
òoutnern,1
ethnological,1
ceased,1
debate,1
mathematics,1
ersten,1
inscriptions,1
nautical,1
supplemented,1
illustrated,1
molecular,1
thames,1
periphery,1
perch,1
thousands,1
pursued,1
moyen,1
cloth,1
orientgesellschaft,1
produce,1
belgrade,1
delle,1
information,1
champ,1
geografische,1
expansionary,1
richness,1
turin,1
museo,1
vereins,1
silts,1
adorned,1
targets,1
subtraditions,1
signify,1
temps,1
unreasonable,1
gesellschaftsentwicklung,1
huzayyin,1
nanai,1
underlings,1
unseen,1
halfia,1
miszellen,1
boston,1
paleoclimates,1
outline,1
apparatus,1
wiadomosci,1
son,1
reichseinigung,1
multiple,1
reported,1
conclude,1
uniform,1
decisive,1
introduced,1
city,1
lovaniensia,1
courses,1
confirm,1
beer,1
verified,1
catón,1
hieroglyphs,1
publishers,1
waning,1
subject,1
maadians,1
faience,1
assumptions,1
investment,1
hemamieh,1
entstehung,1
semidivine,1
compilations,1
consrès,1
conventional,1
commodities,1
domesticates,1
archéologiques,1
catfish,1
copper,1
maghara,1
exploit,1
isolated,1
gain,1
chieftains,1
kiln,1
paläogeographie,1
think,1
ein,1
varied,1
writings,1
precision,1
syrian,1
prepared,1
crystalline,1
come,1
espouse,1
frühgeschichte,1
paläoklima,1
tabular,1
cautioned,1
sociétés,1
moulds,1
ultimately,1
königsgräber,1
recording,1
drafts,1
kader,1
harper,1
frontiers,1
cribh,1
cas,1
lands,1
disappear,1
nonelite,1
richest,1
intensified,1
copies,1
wildbanane,1
decrease,1
web,1
marchseptember,1
internally,1
chemical,1
morphological,1
stratification,1
vernacular,1
mode,1
newsletter,1
aspetti,1
stufen,1
public,1
register,1
ended,1
contributed,1
equids,1
breasted,1
tot,1
instead,1
fauna,1
disagree,1
afrique,1
cotière,1
cadre,1
anthropologische,1
bernard,1
constructed,1
vhorus,1
levy,1
politique,1
integration,1
königsnamen,1
templeworkshop,1
conquered,1
earthen,1
nazlet,1
djoserdomein,1
problème,1
surprisingly,1
reexcavated,1
oldest,1
barly,1
typology,1
refined,1
foraging,1
lj,1
ranged,1
roughly,1
indices,1
aggregated,1
summary,1
inform,1
offered,1
supported,1
territories,1
carbon,1
lignt,1
fühdynastischen,1
orientalia,1
pertain,1
ceiling,1
distinctions,1
arrange,1
arrived,1
necropolis,1
client,1
era,1
qena,1
irrelevant,1
momification,1
partial,1
geographica,1
texts,1
vorläufiger,1
aegyptia,1
element,1
grab,1
persuaded,1
bred,1
abandoned,1
gulf,1
focus,1
prähistorische,1
grace,1
keine,1
tabori,1
mendes,1
aufzeichnungen,1
profiles,1
statement,1
building,1
ca,1
built,1
termed,1
hans,1
portrait,1
draft,1
cited,1
occur,1
ofhorus,1
death,1
liaison,1
thorough,1
refuting,1
