WORDCOUNTS,WEIGHT
the,18
and,16
of,15
in,12
to,7
a,7
by,6
environmental,4
design,4
on,3
text,3
an,3
meetings,3
us,3
human,3
outside,3
innovative,2
ecology,2
series,2
corporation,2
significance,2
this,2
own,2
approach,2
author,2
social,2
theory,2
more,2
price,2
plenum,2
precedents,2
adoption,2
history,2
urban,2
b,2
their,2
american,2
book,2
kruglanski,2
study,2
anthropological,2
pp,2
six,2
search,2
with,2
new,2
re,2
historical,2
organization,2
meeting,2
or,2
built,2
orders,2
at,1
appeal,1
vironment,1
epistemics,1
theoretical,1
ini,1
higher,1
will,1
northeastern,1
nicholas,1
are,1
north,1
critical,1
prices,1
open,1
michael,1
role,1
psy,1
extensive,1
case,1
rapoports,1
helen,1
pubushng,1
underpinnings,1
takes,1
spring,1
juxtaposes,1
milwaukee,1
health,1
she,1
publishing,1
george,1
sociologist,1
his,1
volume,1
that,1
books,1
plains,1
wide,1
cognitive,1
streets,1
her,1
ny,1
tal,1
foster,1
telephone,1
america,1
rapoport,1
various,1
en,1
exam,1
great,1
archaeology,1
environmen,1
updates,1
precedent,1
holocene,1
environments,1
understanding,1
street,1
retical,1
forms,1
pedestrian,1
illuminates,1
amos,1
spaces,1
douglas,1
schwartzman,1
perspective,1
incorporates,1
functions,1
jochim,1
characteristics,1
bibliography,1
concerning,1
for,1
settings,1
gatherings,1
highly,1
dard,1
organizations,1
contributions,1
scientists,1
life,1
identifying,1
logical,1
societies,1
mental,1
interdisciplinary,1
areas,1
research,1
lay,1
discusses,1
enhanced,1
line,1
tiate,1
knowledge,1
motivational,1
p,1
single,1
communities,1
compares,1
edited,1
psychology,1
create,1
views,1
drawings,1
canada,1
studies,1
use,1
develop,1
traditional,1
bamforth,1
epistemo,1
rigorous,1
chology,1
organizational,1
bases,1
numerous,1
accompany,1
university,1
introduces,1
arie,1
w,1
anthropologist,1
better,1
stan,1
theo,1
examination,1
concepts,1
perspectives,1
examines,1
integrates,1
ines,1
society,1
cultural,1
