WORDCOUNTS,WEIGHT
the,1222
and,911
of,829
in,638
a,329
to,266
is,187
neolithic,178
at,172
from,146
are,134
were,132
with,123
on,121
for,118
as,115
have,109
was,105
or,105
by,97
phase,88
but,83
that,80
not,80
greece,76
this,75
been,75
be,75
which,70
more,69
also,69
greek,64
they,63
settlement,59
pp,59
sites,58
may,57
early,57
an,56
et,56
there,51
it,49
j,48
de,46
stone,45
than,45
between,45
franchthi,43
no,42
their,42
southern,42
very,41
most,40
during,40
small,40
m,37
some,36
found,36
c,36
new,35
production,34
all,34
large,33
late,33
two,33
social,33
university,32
k,32
painted,32
d,32
into,31
prehistoric,31
only,31
has,31
local,31
such,30
its,29
thessaly,29
pottery,29
used,28
perles,28
these,28
use,28
archaeology,28
different,28
figurines,27
can,27
excavations,26
cave,26
would,26
s,25
other,25
data,25
bronze,25
demoule,25
central,24
wares,24
age,24
r,24
same,24
many,24
ceramic,24
ceramics,23
n,23
near,23
sesklo,23
where,23
exchange,23
aegean,23
stylistic,22
might,22
even,22
rather,22
en,22
clay,22
show,22
several,22
patterns,22
domestic,22
athens,22
copper,22
evidence,22
eastern,21
had,21
rare,21
trade,21
indicate,21
often,21
phases,20
probably,20
la,20
known,20
des,20
sitagroi,20
village,19
du,19
p,19
one,19
journal,19
although,19
we,19
kai,19
groups,18
archaeological,18
main,18
few,18
economic,18
still,18
less,18
obsidian,18
british,18
die,18
remains,18
seems,17
e,17
site,17
related,17
earliest,17
distribution,17
common,16
h,16
les,16
europe,16
within,16
macedonia,16
mesolithic,16
important,16
could,16
caves,16
mn,16
villages,16
regional,16
areas,16
northern,16
seem,16
much,16
later,15
pots,15
bp,15
nea,15
blades,15
van,15
w,15
do,15
dimini,15
made,15
i,15
burials,15
phd,15
wild,15
now,14
settlements,14
first,14
differences,14
fine,14
human,14
since,14
g,14
fig,14
house,14
tools,14
part,14
islands,14
ware,14
der,14
vessels,14
both,14
metal,13
each,13
ritual,13
development,13
l,13
raw,13
restricted,13
agia,13
material,13
ln,13
must,13
over,13
while,13
techniques,13
dates,12
storage,12
objects,12
cultural,12
rituals,12
regions,12
suggest,12
decoration,12
usually,12
present,12
number,12
period,12
earlier,12
school,12
little,12
land,12
recent,12
tou,11
those,11
goods,11
resources,11
houses,11
burnished,11
animals,11
occupation,11
flaked,11
well,11
t,11
mediterranean,11
cambridge,11
annual,11
funerary,11
shows,11
classical,11
indiana,11
open,11
tis,11
black,11
seen,11
considered,11
sherds,11
natural,11
dikili,11
utilitarian,11
increase,11
western,10
simple,10
rich,10
occur,10
andel,10
characteristic,10
american,10
rainfall,10
studies,10
firing,10
suggested,10
halstead,10
status,10
finds,10
various,10
east,10
fasc,10
striking,10
pattern,10
high,10
species,10
agios,10
specialized,10
cyclades,10
agricultural,10
suggests,10
interaction,10
styles,9
vegetation,9
zur,9
kitsos,9
throughout,9
quality,9
similar,9
fn,9
ausgrabungen,9
based,9
rudolf,9
circulation,9
density,9
scale,9
los,9
reflect,9
long,9
when,9
up,9
under,9
others,9
larger,9
end,9
procurement,9
v,9
flint,9
farming,9
three,9
problems,9
cereals,9
any,9
associated,9
economy,9
almost,9
level,9
differentiation,9
smaller,9
specific,9
among,9
gold,9
if,8
led,8
true,8
secondary,8
surveys,8
bones,8
possible,8
walls,8
mean,8
prehistory,8
clearly,8
pollen,8
appear,8
typical,8
recently,8
required,8
least,8
le,8
beitrage,8
research,8
chronological,8
absence,8
yet,8
already,8
again,8
paris,8
neolithique,8
including,8
continued,8
servia,8
equipment,8
here,8
sheep,8
cooking,8
prestige,8
middle,8
became,8
role,8
cycladic,8
varied,8
contrasts,8
jasper,8
manufacture,8
changes,8
building,8
difficult,7
does,7
mostly,7
f,7
red,7
ii,7
together,7
context,7
poron,7
marked,7
far,7
thus,7
tach,7
aus,7
bone,7
progressive,7
direct,7
parts,7
organization,7
four,7
surface,7
permanent,7
population,7
produced,7
magoula,7
change,7
shapes,7
alluvial,7
periods,7
barley,7
limited,7
community,7
urund,7
communities,7
us,7
light,7
boeotia,7
water,7
time,7
exotic,7
range,7
region,7
low,7
deutschen,7
function,7
plant,7
differ,7
balkans,7
increasing,7
zas,7
sometimes,7
symbolic,7
animal,7
pevkakia,7
through,7
hesperia,7
world,7
our,7
shown,7
archaeologica,7
should,7
final,6
arrowheads,6
favor,6
plateia,6
lowlands,6
annals,6
either,6
farther,6
maniatis,6
archaologie,6
vol,6
networks,6
remain,6
coastal,6
study,6
von,6
recherches,6
settled,6
vations,6
exploitation,6
faunal,6
institute,6
burial,6
domestication,6
exca,6
silver,6
aspects,6
basis,6
artifacts,6
densely,6
lithics,6
presented,6
field,6
belt,6
soil,6
highly,6
variety,6
materials,6
architecture,6
scarcity,6
den,6
francaise,6
coarse,6
deep,6
who,6
food,6
decorated,6
bonn,6
like,6
giali,6
features,6
especially,6
neolithiki,6
relative,6
widely,6
european,6
arhaiologikon,6
regular,6
plastic,6
thessalien,6
sequences,6
analysis,6
naxos,6
fruhgeschichtlichen,6
thessalian,6
neo,6
colonization,6
paper,6
oxford,6
international,6
thrace,6
half,6
iii,6
type,6
beginning,6
kephala,6
according,6
plants,6
size,6
potters,6
nicomedia,6
transition,6
divided,6
years,6
area,6
rate,5
o,5
apo,5
represent,5
monumenta,5
introduction,5
balkan,5
center,5
complex,5
hellenique,5
history,5
before,5
being,5
sources,5
taken,5
leading,5
origin,5
designs,5
con,5
plains,5
plain,5
primary,5
bowls,5
kerameiki,5
vases,5
neolithikum,5
elements,5
items,5
third,5
y,5
dry,5
olive,5
proceedings,5
after,5
importance,5
special,5
shell,5
circulated,5
millstones,5
quoted,5
jars,5
thes,5
greater,5
closely,5
problem,5
location,5
called,5
access,5
centers,5
further,5
though,5
explain,5
knossos,5
structures,5
floors,5
trends,5
attributed,5
involved,5
climate,5
rest,5
society,5
south,5
second,5
expansion,5
above,5
about,5
technology,5
ancient,5
al,5
rakhmani,5
noted,5
stones,5
wooden,5
graphite,5
predominant,5
outside,5
crop,5
corinth,5
bulletin,5
demonstrated,5
das,5
individuals,5
wace,5
points,5
characterized,5
spread,5
general,5
abundant,5
latter,5
why,5
versus,5
rarity,5
ecole,5
tin,5
itself,5
variable,5
stin,5
cultures,5
unknown,5
industries,5
what,5
whether,5
cult,5
emphasis,5
marble,5
variability,5
come,5
numerous,5
peloponnese,5
shift,5
meat,5
built,5
hypothesis,5
argolid,4
created,4
melian,4
sphere,4
correspondance,4
position,4
permitted,4
pastoral,4
implications,4
magula,4
worked,4
nature,4
bloomington,4
analyses,4
colloque,4
renfrew,4
survey,4
date,4
raised,4
posts,4
case,4
weaving,4
uneven,4
ornamentation,4
quantities,4
except,4
x,4
quantity,4
diversity,4
review,4
argissa,4
inner,4
mm,4
millennium,4
relations,4
distinct,4
old,4
impressions,4
without,4
how,4
represented,4
certain,4
impressed,4
possibly,4
sto,4
established,4
metallurgy,4
dated,4
argued,4
frequently,4
too,4
favored,4
woodland,4
exploited,4
origins,4
followed,4
generally,4
annees,4
lead,4
chipped,4
bilans,4
relate,4
initial,4
equally,4
pins,4
shape,4
bc,4
london,4
knowledge,4
polychrome,4
larissa,4
whole,4
winter,4
documented,4
surrounding,4
predominance,4
own,4
runnels,4
good,4
contrast,4
sharp,4
around,4
pits,4
decline,4
core,4
urfinis,4
pot,4
demand,4
polished,4
overall,4
nearly,4
etc,4
monochrome,4
indicates,4
initially,4
adapted,4
spectacular,4
chronology,4
sharply,4
floor,4
lack,4
vitelli,4
science,4
tameio,4
available,4
varies,4
hearths,4
motifs,4
pastoralism,4
typochronology,4
distributions,4
external,4
forms,4
ground,4
see,4
perhaps,4
chalcolithic,4
assemblages,4
traded,4
factor,4
basins,4
trend,4
auf,4
examination,4
radiocarbon,4
platform,4
clear,4
discovered,4
allowed,4
so,4
responses,4
int,4
erevna,4
spondylus,4
systems,4
craft,4
ornaments,4
department,4
factors,4
abundance,4
prehistorique,4
obtained,4
claimed,4
vertical,4
exceptional,4
grinding,4
sofia,4
dead,4
forest,4
practice,4
following,4
incised,4
bulgaria,4
tj,4
environment,4
did,4
best,4
sti,4
cultivation,4
gimbutas,4
rural,4
hamlets,4
heads,4
them,4
particular,4
seasonal,4
cloth,4
bodies,4
boston,4
introduced,4
practices,4
domesticates,4
decrease,4
ores,4
include,4
need,4
oldest,4
increased,4
ser,4
traditional,4
southeastern,4
roles,4
major,4
done,3
horizontal,3
anatolian,3
indicated,3
imported,3
environmental,3
accords,3
evans,3
distributed,3
rolled,3
group,3
replaced,3
diversification,3
approaches,3
navigation,3
sickle,3
ti,3
geometric,3
excavation,3
occurred,3
monograph,3
controlled,3
contexts,3
lower,3
gia,3
invention,3
baked,3
milojcic,3
concentrated,3
tradition,3
belong,3
suggesting,3
spaced,3
help,3
patterned,3
last,3
greatly,3
precisely,3
marine,3
el,3
papers,3
tharounia,3
key,3
celts,3
firm,3
anthropologika,3
holocene,3
pre,3
thessalie,3
activity,3
soils,3
april,3
preceramic,3
obvious,3
combination,3
surrounded,3
household,3
mat,3
ekdosi,3
pit,3
dynamics,3
due,3
mixed,3
chronocultural,3
dis,3
ha,3
continuous,3
alliances,3
whorls,3
paradeisos,3
apparently,3
adult,3
rates,3
higher,3
basic,3
tectonic,3
process,3
subsistence,3
risk,3
proportion,3
b,3
kilns,3
tsountas,3
echoed,3
means,3
soufli,3
nor,3
dichotomy,3
presumably,3
elsewhere,3
bay,3
lithic,3
pleistocene,3
dominant,3
cut,3
farmsteads,3
treatments,3
alepotrypa,3
neighboring,3
failure,3
bunar,3
absolute,3
wide,3
heavily,3
technical,3
spheres,3
revealed,3
work,3
intense,3
makedonia,3
steep,3
ditches,3
brought,3
varna,3
arapi,3
year,3
seated,3
away,3
interpreted,3
markedly,3
approach,3
published,3
excavated,3
sharper,3
stage,3
bank,3
munich,3
presence,3
distinguished,3
attached,3
saliagos,3
yielded,3
dem,3
cattle,3
preliminary,3
therefore,3
situation,3
identified,3
action,3
indeed,3
legumes,3
make,3
marginal,3
mortality,3
complete,3
culture,3
ideology,3
largest,3
unusually,3
hearth,3
strata,3
theocharis,3
support,3
skill,3
toward,3
flat,3
lacked,3
husbandry,3
bracelets,3
fact,3
treatment,3
carbonized,3
thessalikon,3
occupations,3
frost,3
children,3
break,3
legs,3
honor,3
channel,3
systematic,3
until,3
decorations,3
stylistically,3
style,3
carinated,3
another,3
thousands,3
mats,3
classes,3
examples,3
background,3
observable,3
grotta,3
active,3
concentration,3
manufactured,3
detailed,3
top,3
significant,3
largely,3
conditions,3
products,3
described,3
provides,3
maison,3
internal,3
become,3
hierarchical,3
slightly,3
grain,3
occupied,3
covered,3
separate,3
enough,3
vinca,3
indication,3
topography,3
pres,3
lithiques,3
five,3
kerameikis,3
pieces,3
spindle,3
inside,3
fewer,3
primarily,3
progressively,3
strongly,3
tameiou,3
construction,3
unbaked,3
ing,3
types,3
rim,3
angeles,3
unusual,3
zarkou,3
heavy,3
then,3
series,3
praktika,3
suppl,3
simply,3
extensive,3
outils,3
characteristics,3
supported,3
prob,3
thessalika,3
know,3
cemetery,3
neolithiques,3
vines,3
report,3
ideological,3
keos,3
differed,3
living,3
better,3
agriculture,3
unlikely,3
seals,3
spatial,3
terms,3
references,3
temperatures,3
densest,3
hundreds,3
finished,3
socioeconomic,3
preserved,3
multiple,3
given,3
com,3
defensive,3
isolated,3
grotte,3
national,3
fauna,3
crops,3
sur,3
petros,3
effects,3
defined,3
typology,3
retouch,3
consisted,3
hills,3
reached,3
pulses,3
northwestern,3
north,3
exchanges,3
observed,3
successive,3
ca,3
problemes,3
climax,3
spe,3
unpredictable,2
woven,2
frequent,2
grece,2
doubts,2
way,2
decreasing,2
meaning,2
bericht,2
faced,2
borers,2
universite,2
fouilles,2
extreme,2
kalythies,2
northeast,2
paralia,2
poorer,2
caches,2
aufder,2
grasses,2
per,2
conducted,2
conflicts,2
peas,2
ways,2
item,2
taillees,2
peloponnesian,2
modern,2
anthropology,2
cm,2
tome,2
offshore,2
laid,2
total,2
sondage,2
abun,2
territorial,2
predominantly,2
diffusion,2
else,2
lateral,2
davis,2
specifically,2
wool,2
certainly,2
retouched,2
kilometers,2
hum,2
strip,2
loom,2
shaped,2
ceramiques,2
skills,2
packed,2
broken,2
great,2
farmers,2
bead,2
hundred,2
reveal,2
room,2
collared,2
inland,2
achieved,2
feature,2
ancien,2
thessaloniki,2
current,2
nomadic,2
wetter,2
pl,2
classic,2
occasional,2
resulted,2
specimen,2
cullen,2
iv,2
cleared,2
changed,2
account,2
gulmenitsa,2
functions,2
meleti,2
driest,2
vital,2
west,2
fur,2
beneath,2
mandalo,2
split,2
surplus,2
framework,2
repeatedly,2
implements,2
revenia,2
retouching,2
historical,2
includes,2
koine,2
relationships,2
specialisation,2
depressions,2
contemporaneous,2
tables,2
scarce,2
ayia,2
raises,2
thessaliens,2
saliagoa,2
pig,2
dence,2
asymmetrical,2
estimates,2
hagios,2
gl,2
resting,2
drainage,2
individual,2
underlying,2
times,2
architectural,2
body,2
chalkolithikum,2
phelps,2
outnumbered,2
truly,2
corycian,2
skins,2
william,2
influence,2
mentioned,2
jean,2
mechanisms,2
acropolis,2
kafseis,2
treuil,2
megaron,2
springs,2
philadelphia,2
identification,2
exact,2
his,2
diamant,2
didaktoriki,2
purely,2
egeen,2
across,2
developed,2
compatible,2
mainland,2
levels,2
eis,2
environments,2
transitional,2
eady,2
entre,2
extension,2
ongoing,2
contributions,2
winters,2
lacking,2
offering,2
white,2
melos,2
paleolithic,2
scattered,2
space,2
front,2
periodic,2
understand,2
acquisition,2
monumental,2
females,2
specialization,2
emergence,2
just,2
numbers,2
traces,2
northeastern,2
chronika,2
upper,2
signs,2
valued,2
hungarica,2
beyond,2
shed,2
definite,2
terminology,2
pierre,2
lerna,2
helped,2
vine,2
standards,2
sowie,2
came,2
allow,2
appearance,2
basin,2
erosion,2
six,2
relating,2
conspicuous,2
economics,2
fish,2
arboreal,2
mudbricks,2
cores,2
academic,2
saa,2
traced,2
skilled,2
obviated,2
indirect,2
appears,2
cannot,2
sesklou,2
placed,2
find,2
influenced,2
impression,2
because,2
char,2
pigs,2
none,2
having,2
charred,2
pers,2
bounded,2
rainy,2
crude,2
purpose,2
example,2
apparent,2
gave,2
older,2
plastered,2
actually,2
neolithikis,2
beads,2
attica,2
personal,2
il,2
matt,2
missions,2
ayios,2
stanford,2
horizon,2
traditions,2
staple,2
indi,2
xxvi,2
hard,2
below,2
corresponds,2
distances,2
buildings,2
drier,2
leguminosae,2
honey,2
order,2
lavrion,2
quite,2
hole,2
claim,2
family,2
intervals,2
autonomy,2
mineral,2
tsangli,2
salian,2
industry,2
investigations,2
supposedly,2
ton,2
peak,2
kentriki,2
seeds,2
fully,2
visible,2
results,2
using,2
correspondence,2
fertile,2
newly,2
fitch,2
massive,2
orientate,2
activities,2
facies,2
preformed,2
epirus,2
critical,2
horizons,2
partially,2
imprint,2
noteworthy,2
indigenous,2
clas,2
saw,2
scientific,2
imagery,2
bis,2
stratigraphies,2
yields,2
female,2
exception,2
poor,2
object,2
intensively,2
polychome,2
lb,2
deshayes,2
seemingly,2
phasing,2
assigned,2
single,2
etairias,2
once,2
decorative,2
mittlere,2
sta,2
donnees,2
nonlocal,2
rhodes,2
soon,2
sex,2
periodos,2
antler,2
oven,2
shifting,2
iiber,2
um,2
reports,2
frameworks,2
independent,2
ch,2
considers,2
cream,2
volume,2
otzaki,2
starting,2
albania,2
technique,2
stronger,2
ridley,2
added,2
cultivated,2
textiles,2
cies,2
consideration,2
hollow,2
temples,2
rebuilding,2
grave,2
anal,2
shallow,2
substantially,2
man,2
fragments,2
typological,2
rough,2
rejuvenation,2
hand,2
adjacent,2
remarkable,2
shrubs,2
innovative,2
landscape,2
developing,2
centenary,2
relevant,2
axes,2
strategies,2
pivots,2
teeth,2
frequency,2
impoverished,2
distance,2
free,2
regionally,2
lithique,2
evi,2
querns,2
original,2
arhaiologikis,2
lasting,2
vast,2
easier,2
discovery,2
wheat,2
erevnes,2
bulgarian,2
tierknochenfunde,2
deposits,2
contacts,2
samples,2
entirely,2
rivers,2
emphasize,2
sequence,2
koiladha,2
sidari,2
hillslopes,2
evolution,2
nissiros,2
real,2
nothing,2
laboratory,2
hunted,2
eight,2
jacobsen,2
significance,2
helladic,2
epochi,2
rapidly,2
clusters,2
rains,2
defense,2
ergo,2
larisa,2
started,2
crucibles,2
summer,2
played,2
ionian,2
lie,2
perma,2
probable,2
oikismou,2
parallel,2
methods,2
mainly,2
intrasite,2
mesolithique,2
rodochori,2
mil,2
concluded,2
carington,2
lennium,2
crete,2
archaiologiko,2
provide,2
recall,2
crucial,2
ecological,2
domains,2
moundrea,2
crusted,2
secure,2
institutions,2
isotope,2
off,2
butts,2
varia,2
danilo,2
covering,2
antiquity,2
dans,2
hansen,2
bubanj,2
surprising,2
fields,2
fruit,2
bad,2
resemble,2
cam,2
carpological,2
addressed,2
coiled,2
claims,2
wooded,2
today,2
contained,2
rarely,2
presages,2
dispersed,2
conclusion,2
form,2
changing,2
intensification,2
seafaring,2
comparison,2
rendered,2
demonstrate,2
cultic,2
regime,2
droughts,2
perforated,2
set,2
marina,2
control,2
bridge,2
alluviation,2
proistoriki,2
correspond,2
exploration,2
innovations,2
stratigraphic,2
down,2
appendix,2
foundation,2
milk,2
linked,2
anzeiger,2
reflected,2
iron,2
domesticated,2
thompson,2
works,2
hint,2
ditch,2
talalay,2
boundaries,2
drop,2
game,2
avoidance,2
dodecanese,2
combined,2
bristol,2
cremations,2
adults,2
neolithiko,2
making,2
supports,2
nearby,2
remained,2
saronic,2
always,2
weights,2
antlers,2
minimal,2
sixth,2
circuit,2
infant,2
archaeometry,2
technologia,2
trees,2
macedoine,2
slopes,2
sea,2
despite,2
confirm,2
develop,2
demanding,2
phenomenon,2
gloss,2
representation,2
au,2
tash,2
ceramique,2
coming,2
courtyards,2
achilleion,2
intercultural,2
kitrini,2
sediments,2
ence,2
lands,2
herding,2
bronzezeit,2
temperature,2
chemical,2
fibers,2
acteristic,2
burnt,2
parallels,2
contributed,2
offshoot,2
instead,2
dense,2
integration,2
france,2
manches,2
extremely,2
roughly,2
corfu,2
potential,2
km,2
themselves,2
denser,2
vary,2
cook,2
lake,2
th,2
thames,2
exclusively,2
element,2
valley,2
supplementary,2
focus,2
strong,2
andesite,2
molluscan,2
close,2
quaternary,2
greenstone,1
countryside,1
resolve,1
technologiques,1
mortuary,1
nikomedia,1
entities,1
ments,1
chalcoltthic,1
ending,1
forested,1
currently,1
epohin,1
prakeramische,1
pegged,1
page,1
specializa,1
lithinou,1
prefer,1
grate,1
ottalri,1
scraped,1
adriatic,1
dagger,1
medieval,1
uncal,1
karanovov,1
tion,1
italy,1
vienna,1
correlations,1
separated,1
defining,1
christos,1
reconsidered,1
shrines,1
ient,1
friihgeschichtlichen,1
lni,1
determine,1
intriguing,1
implies,1
durante,1
adoption,1
mountains,1
totally,1
substratum,1
archaol,1
obtains,1
lustrees,1
needed,1
hot,1
neouthic,1
larly,1
comprised,1
funde,1
summarizing,1
cyprus,1
shoulders,1
kinds,1
topoi,1
kupferzeit,1
superb,1
greig,1
tures,1
pediadas,1
units,1
sostis,1
english,1
rounded,1
bifacial,1
poissons,1
analyse,1
yses,1
han,1
thessalikis,1
ore,1
ms,1
considerations,1
conical,1
weaker,1
hazard,1
conclusive,1
cycles,1
synedrio,1
onstrated,1
necessarily,1
transhumant,1
girtoni,1
originality,1
unlike,1
ricklefs,1
elateia,1
inequality,1
chapman,1
pasture,1
holding,1
tells,1
prepottery,1
fragile,1
valencia,1
simposion,1
uses,1
finely,1
dic,1
blade,1
connotations,1
monococcum,1
prov,1
contact,1
classement,1
turning,1
women,1
leads,1
spit,1
par,1
fires,1
ulmu,1
test,1
saarlandes,1
accumulation,1
said,1
molluscs,1
fabric,1
cast,1
envi,1
inhibited,1
mia,1
permit,1
permanence,1
prosymna,1
chronologie,1
requirement,1
every,1
submarine,1
segregation,1
arma,1
preceding,1
connection,1
stricto,1
ay,1
phalli,1
taillee,1
finger,1
exclusive,1
asl,1
tierknochen,1
attempts,1
symmetrical,1
chimiques,1
culturally,1
asso,1
mudbrick,1
elusive,1
palynological,1
uable,1
egeennes,1
potier,1
permanently,1
beautiful,1
emerged,1
fragmentary,1
burnishing,1
prestigious,1
mediterranee,1
furnace,1
definition,1
containing,1
beobachter,1
reach,1
ubiquitous,1
neederlandica,1
height,1
attractive,1
route,1
paramount,1
broadly,1
accompanied,1
friihen,1
rebuilt,1
display,1
horsebeans,1
gradual,1
shimabuku,1
accumulated,1
assembled,1
proimi,1
follows,1
diminiou,1
studied,1
inherent,1
ephemeral,1
ences,1
mandibles,1
warps,1
generalizations,1
anthropomorphi,1
religion,1
ripple,1
functional,1
wardle,1
dodeca,1
hands,1
nil,1
frequen,1
karanovo,1
reforestation,1
berlin,1
sentation,1
expanses,1
maliqui,1
consist,1
state,1
laografiki,1
emphasized,1
kazanlak,1
neolithikin,1
contrasting,1
political,1
opposite,1
soot,1
synthetic,1
myths,1
athenische,1
visibility,1
nichtwie,1
cherry,1
triggered,1
system,1
craftsmanship,1
pigment,1
slip,1
trapezes,1
podgorie,1
net,1
depending,1
exogenous,1
existence,1
thesialy,1
geologic,1
olymp,1
syntomi,1
openings,1
av,1
mill,1
bur,1
outlet,1
bases,1
sexual,1
discuss,1
rests,1
acad,1
lim,1
approximations,1
diethnes,1
design,1
stos,1
figs,1
socialized,1
opened,1
discrepancies,1
concentrating,1
securely,1
paucity,1
shared,1
overlies,1
diminikultur,1
necron,1
regenerated,1
approvisionnement,1
ovens,1
waste,1
stratigraphy,1
occurring,1
extends,1
rela,1
corre,1
establishment,1
burins,1
fluorescence,1
bottom,1
fouvrage,1
reconstruction,1
along,1
monly,1
correlation,1
sophisticated,1
flexed,1
kathigiti,1
against,1
minimum,1
melting,1
aufmagulen,1
edaphic,1
impre,1
presses,1
nonspecialized,1
volkischer,1
technically,1
keramik,1
behavior,1
etaireia,1
localized,1
colonized,1
ekthesi,1
coils,1
monographies,1
conflict,1
frequencies,1
zoological,1
technologically,1
ulbrich,1
pen,1
accessible,1
nonendogamous,1
shapeless,1
keramische,1
timber,1
affiliation,1
grubenund,1
cemeteries,1
zangger,1
colluvial,1
provlimata,1
southwestern,1
philakopi,1
urfirnis,1
explained,1
immediate,1
apprenticeship,1
prakeramischen,1
lining,1
winds,1
unstandardized,1
backgrounds,1
resembling,1
evaluate,1
unpublished,1
zum,1
hdladic,1
fuel,1
interest,1
domain,1
diakoinotikis,1
relatively,1
dia,1
acta,1
ern,1
occurs,1
hooks,1
glume,1
endscrapers,1
ference,1
dozen,1
metalwork,1
cognition,1
fabrics,1
assessment,1
spate,1
universitaires,1
sample,1
kephissos,1
arheion,1
z,1
kind,1
ai,1
slabs,1
hold,1
cases,1
kannovovi,1
developments,1
ct,1
inicio,1
curiously,1
drip,1
gebriider,1
irregularities,1
vom,1
grape,1
refer,1
concerning,1
smelted,1
convincing,1
amount,1
back,1
gradients,1
balkanic,1
simplest,1
nanterre,1
boundary,1
cant,1
young,1
recalls,1
groningen,1
prahistorische,1
beginn,1
compared,1
proelevsiaki,1
peloponnisiakon,1
adpf,1
jacob,1
thin,1
converging,1
modele,1
sci,1
sincerely,1
marica,1
tend,1
memoir,1
stimulating,1
communication,1
armatures,1
pos,1
details,1
arhaiofllos,1
palaioethnologika,1
tiemeste,1
swamps,1
goulandris,1
weave,1
graded,1
nean,1
jones,1
matieres,1
etairia,1
preferred,1
competitive,1
evenly,1
error,1
skulls,1
patches,1
poorly,1
unused,1
disks,1
stoneless,1
kept,1
perfect,1
spools,1
lesser,1
drained,1
failed,1
permits,1
landscapes,1
opposed,1
foot,1
transhumance,1
go,1
recognized,1
adequate,1
pendant,1
arethoussa,1
whose,1
cially,1
reflects,1
artisanale,1
ably,1
mega,1
imerologio,1
kaly,1
stock,1
etudes,1
unretouched,1
reeds,1
drainages,1
ceme,1
aimed,1
absent,1
vanished,1
cooccurring,1
generations,1
vated,1
altitudinal,1
mountain,1
megalithic,1
strictly,1
unit,1
indoeuropeenne,1
ambito,1
dib,1
universitat,1
reference,1
subphase,1
cremation,1
presentation,1
neolithikon,1
cockleshell,1
remote,1
province,1
precluded,1
recentes,1
serbia,1
template,1
blanks,1
lasted,1
siphnos,1
ex,1
akropotamos,1
idiosyncratic,1
del,1
balanced,1
plots,1
anthropic,1
disarticulated,1
possess,1
dimitri,1
stability,1
draft,1
slips,1
eaten,1
discoveries,1
navigateurs,1
productive,1
anatoliki,1
radiating,1
nikolaos,1
precious,1
supposed,1
panepistimio,1
oxides,1
wash,1
reason,1
assignable,1
vorgeschichte,1
provinces,1
discernible,1
finer,1
tho,1
portreta,1
vormykenischen,1
plus,1
orig,1
drill,1
technologiki,1
cerris,1
cherts,1
preclude,1
consider,1
locally,1
ergastirio,1
statistical,1
proche,1
sim,1
diagrams,1
retained,1
spreading,1
grains,1
saly,1
organized,1
pertinent,1
karanovol,1
hare,1
section,1
immor,1
days,1
reconstructions,1
transformaciones,1
thirty,1
impact,1
dominate,1
aly,1
laxe,1
jaspers,1
pebble,1
maintain,1
covers,1
sporades,1
austrian,1
grandfathers,1
domaine,1
euboiki,1
heading,1
recovered,1
resource,1
additional,1
dept,1
nees,1
logiques,1
edinburgh,1
isolation,1
vincab,1
obstacles,1
ptolemais,1
macedonian,1
consequence,1
putting,1
requires,1
instance,1
plenum,1
flakes,1
masterly,1
shifted,1
fruhen,1
athenes,1
syntheses,1
corresponding,1
entiation,1
david,1
contrary,1
antecedents,1
export,1
rainbow,1
strengthen,1
archaeio,1
occa,1
view,1
trajectories,1
zsrko,1
ear,1
workmanship,1
emmanche,1
nomics,1
tranchants,1
charcoal,1
competences,1
angela,1
whereas,1
ranges,1
diachronic,1
opening,1
sive,1
karanovoiv,1
ale,1
bilateral,1
anaskafiki,1
whom,1
underrepresented,1
mesis,1
migrant,1
cumbersome,1
antre,1
societies,1
einkorn,1
holds,1
deciduous,1
method,1
choroorganosis,1
argiles,1
difficulty,1
color,1
strength,1
determines,1
discrete,1
painstaking,1
paws,1
effort,1
seven,1
out,1
served,1
typify,1
terminological,1
cialized,1
sedentary,1
slags,1
criticisms,1
requirements,1
chisels,1
pioneer,1
diet,1
palo,1
quercus,1
eat,1
unpainted,1
vigorous,1
attained,1
base,1
cypriot,1
inter,1
respects,1
markets,1
term,1
classification,1
kommission,1
timitikos,1
iilllil,1
ranking,1
outsize,1
coarsely,1
tardiglaciar,1
equal,1
polishing,1
wales,1
focused,1
neolithischen,1
circular,1
alabaster,1
megali,1
duced,1
cahiers,1
schneider,1
neither,1
reinforce,1
dispersal,1
chorou,1
notes,1
applied,1
rising,1
otherwise,1
contiguous,1
wealth,1
barbs,1
metals,1
hypothetical,1
explored,1
confirmation,1
facilities,1
mace,1
nonculinary,1
acknowledgments,1
alimnia,1
gods,1
structure,1
eaitern,1
val,1
possibility,1
coin,1
rocal,1
strikingly,1
starcevo,1
underlie,1
directly,1
ena,1
neolithikes,1
siedlungen,1
unequal,1
egkatastaseis,1
typologically,1
crue,1
degrees,1
relief,1
incip,1
sesklound,1
endokoinotikis,1
nordgriechenland,1
scope,1
rocks,1
residents,1
hauptmann,1
tour,1
fluctuate,1
tool,1
tinctiveness,1
katanomi,1
nine,1
locus,1
hints,1
februar,1
grained,1
sept,1
unless,1
prominent,1
fired,1
nemea,1
story,1
hereditary,1
bois,1
explains,1
bread,1
cichoriae,1
juveniles,1
proportions,1
tombs,1
reduction,1
confined,1
xesti,1
scraps,1
confirms,1
mitteilungen,1
disserta,1
lai,1
tip,1
habitational,1
goatfolds,1
nization,1
securing,1
intentionally,1
menou,1
lentils,1
weinberg,1
kindly,1
island,1
consistently,1
davies,1
expansive,1
geographique,1
broad,1
partly,1
collective,1
climatic,1
firmed,1
truncated,1
streams,1
mediterra,1
survival,1
increasingly,1
rows,1
risks,1
neue,1
historische,1
theo,1
logischer,1
rongeurs,1
device,1
anastassiades,1
doors,1
thessalia,1
accord,1
maliql,1
squeezed,1
entered,1
cat,1
compact,1
func,1
tinctively,1
scatters,1
showing,1
withstand,1
hauptergebnisse,1
hidden,1
clearance,1
dalmatia,1
leros,1
rachmani,1
eccentric,1
ida,1
flaking,1
avoided,1
earth,1
oriental,1
ancestral,1
aided,1
unremarkable,1
eustasy,1
enclosures,1
stylized,1
crust,1
submergence,1
interregional,1
partmentalized,1
indicator,1
successful,1
supraregional,1
negligible,1
cold,1
dicoccum,1
animaux,1
indicators,1
kap,1
prdkeramische,1
polyplatamon,1
grass,1
villagers,1
stoiheia,1
culturales,1
emerging,1
orient,1
habitation,1
eco,1
leaves,1
sufficient,1
ezetob,1
flicts,1
wider,1
mediocre,1
choose,1
mini,1
allotted,1
temporary,1
tation,1
pedestalled,1
blunt,1
usual,1
diaforopoiisi,1
spoons,1
tended,1
impossible,1
slaughtered,1
inte,1
impoverishment,1
fashions,1
gradient,1
nekron,1
manganese,1
logikon,1
ek,1
richness,1
progress,1
sudosteuropa,1
doctachlua,1
goat,1
urfima,1
productivity,1
emery,1
proper,1
colloquium,1
peculiar,1
computations,1
altogether,1
plausible,1
msliqhb,1
value,1
provided,1
paul,1
kepbala,1
sum,1
moved,1
triangular,1
geographical,1
eaiiy,1
promising,1
unfinished,1
seemed,1
hiatuses,1
content,1
verzierte,1
institut,1
slingshots,1
palaeoethnobotany,1
integrating,1
faceted,1
kale,1
und,1
archaeozoological,1
apallotri,1
lyon,1
transform,1
underground,1
dogs,1
zuragaischen,1
inhabitants,1
matter,1
thanks,1
transverse,1
commu,1
inality,1
pendants,1
navigable,1
steadily,1
wijnen,1
squared,1
populations,1
fii,1
separation,1
grand,1
ans,1
makedonias,1
synthesis,1
epifaneiaki,1
located,1
collection,1
provenience,1
consists,1
tery,1
schemes,1
intended,1
corporation,1
address,1
bloedow,1
edges,1
dawn,1
planks,1
stacking,1
museum,1
standardization,1
diastaseis,1
nication,1
cultivar,1
threshing,1
corsica,1
symmetry,1
interactions,1
magules,1
archao,1
tomos,1
argument,1
curement,1
chalkou,1
unprecedented,1
movement,1
modes,1
interesting,1
paint,1
roads,1
surveyed,1
pegs,1
ksranovoin,1
southeast,1
needles,1
reexamen,1
nence,1
qq,1
pastures,1
guide,1
eral,1
diinini,1
archaeometric,1
diltachnc,1
chr,1
nouvelle,1
oikismon,1
competition,1
rel,1
ezeroa,1
sciences,1
interpretation,1
desertification,1
fascinating,1
karditsas,1
convex,1
cor,1
york,1
paradox,1
thought,1
exactly,1
ring,1
continuity,1
mobile,1
manure,1
ible,1
hilly,1
temperate,1
index,1
provisional,1
imitate,1
underestimate,1
beams,1
marginally,1
processing,1
osteinon,1
included,1
lowland,1
ams,1
homogeneous,1
adjunct,1
graptis,1
memoires,1
tsani,1
cervide,1
rectangular,1
hillman,1
performed,1
fruhzeit,1
economicas,1
universitaire,1
experiment,1
dikflitachi,1
macrofloral,1
jaw,1
odds,1
essai,1
flints,1
bracelet,1
mittel,1
patterning,1
beginnings,1
reliance,1
vorbericht,1
inhabitation,1
lined,1
exceptionally,1
people,1
ized,1
baby,1
emerg,1
holoceno,1
sistent,1
picture,1
useful,1
recycled,1
seasonally,1
revi,1
frtihzeit,1
name,1
unlimited,1
prepa,1
archaologischer,1
participated,1
dichotomies,1
sensu,1
septentrionale,1
stories,1
tribution,1
impres,1
links,1
washed,1
renewed,1
academy,1
semicircular,1
legged,1
villaverde,1
paleobotanical,1
complementary,1
sified,1
culation,1
communal,1
longer,1
zeist,1
precision,1
mediterraneens,1
multiply,1
cavations,1
head,1
cializing,1
occurrence,1
pressure,1
auro,1
weeds,1
trips,1
appeared,1
documents,1
match,1
goddesses,1
universites,1
disturbed,1
imple,1
predominated,1
really,1
terme,1
culti,1
diverse,1
maps,1
sitaire,1
pyriform,1
distal,1
magulen,1
lithotechnias,1
frtih,1
archaiologiki,1
mittelmeer,1
diameter,1
considerable,1
flocks,1
fashion,1
functionally,1
travail,1
nomou,1
roof,1
removal,1
miniatures,1
germanic,1
never,1
ages,1
took,1
ralism,1
derivative,1
model,1
vetch,1
dio,1
cone,1
essentially,1
intersite,1
continuing,1
purposes,1
establish,1
requiring,1
ultimately,1
answer,1
inhospitable,1
uscript,1
models,1
notch,1
forth,1
disorganized,1
cir,1
focusing,1
terns,1
chickpeas,1
simplicity,1
intensify,1
woman,1
native,1
reconstructing,1
signifi,1
als,1
assemblage,1
spilaia,1
shifts,1
centralization,1
northerly,1
encountered,1
remarkably,1
fusiform,1
ecology,1
boat,1
sal,1
violent,1
vanalyse,1
sions,1
lematical,1
tige,1
inva,1
recognizing,1
coherent,1
iililli,1
aptly,1
extended,1
moissons,1
discussion,1
archaeo,1
parching,1
spective,1
success,1
considering,1
corroborated,1
alliance,1
comprise,1
explanation,1
protoelladiki,1
upon,1
onto,1
logs,1
diktachdib,1
thickness,1
diktacnna,1
previously,1
predominates,1
hierarchised,1
sufficiently,1
prokeramikis,1
judge,1
manifestations,1
goes,1
pine,1
coryncian,1
orna,1
griechenland,1
wonder,1
uncovered,1
ineolithiki,1
ordering,1
kamnik,1
muhly,1
forschungsbericht,1
sturdy,1
prevailed,1
cidence,1
refers,1
rescue,1
kalojsnovbc,1
harvard,1
tips,1
questions,1
bitter,1
roman,1
discontinuity,1
anaskafai,1
sible,1
full,1
sees,1
previous,1
lurgy,1
vulnerability,1
theories,1
dating,1
underwent,1
fallowing,1
rejected,1
wheats,1
sev,1
exports,1
strands,1
substitutes,1
appraisal,1
subtle,1
aegka,1
intraand,1
fl,1
modem,1
emphasizing,1
authors,1
stress,1
hinged,1
archae,1
mode,1
se,1
publication,1
incisions,1
lakes,1
dominated,1
faces,1
civilisations,1
tokens,1
pin,1
held,1
watered,1
symposium,1
keep,1
unequality,1
fruhkeramikum,1
ioannina,1
philipp,1
degradation,1
revised,1
oxidizing,1
huts,1
oak,1
hammer,1
nonutilitarian,1
attribution,1
am,1
curve,1
division,1
collected,1
distinction,1
ovicaprid,1
filled,1
ataca,1
practiced,1
improved,1
heurtley,1
rhodaniennes,1
dant,1
ciated,1
repeated,1
dekembriou,1
ited,1
domed,1
bisherf,1
roofs,1
graphic,1
lively,1
graves,1
annually,1
maliqlla,1
promote,1
qualities,1
elaborate,1
eidoloplastiki,1
feet,1
zu,1
grafted,1
relation,1
exported,1
plans,1
propos,1
pro,1
gence,1
deliberate,1
effect,1
minimally,1
diversely,1
volos,1
shorelines,1
january,1
primitive,1
working,1
eidolia,1
ogie,1
looked,1
diff,1
chrono,1
edin,1
chronostratigraphical,1
wells,1
saggars,1
interim,1
dimitrios,1
tendency,1
premieres,1
ron,1
wick,1
anatolia,1
inferior,1
normal,1
chert,1
tria,1
botanica,1
archaioteran,1
brown,1
improperly,1
thraki,1
infants,1
dietary,1
consequences,1
unexpected,1
ranging,1
corycien,1
regrowth,1
mation,1
bottema,1
euboia,1
jonsered,1
tests,1
relying,1
theseon,1
destandardization,1
involve,1
imply,1
ester,1
typologie,1
delimiting,1
publishing,1
richest,1
she,1
tecture,1
fairly,1
gaines,1
segments,1
danubian,1
hommes,1
aegina,1
neolithikou,1
pithoi,1
impressive,1
practical,1
igneous,1
oxide,1
program,1
dripping,1
neglecting,1
athinais,1
cereal,1
sec,1
widespread,1
resumed,1
kiladha,1
independence,1
becomes,1
regu,1
lost,1
un,1
anthropogenic,1
rethinking,1
bears,1
began,1
sleeves,1
unclear,1
transformation,1
jt,1
pens,1
paradoxical,1
epohis,1
figurine,1
zachos,1
testifies,1
life,1
class,1
chairs,1
reaches,1
garrigue,1
agaiaki,1
exclude,1
diagnostic,1
reischsamtes,1
unroofed,1
fall,1
iatis,1
grade,1
achieve,1
attka,1
juniper,1
table,1
equaled,1
dolls,1
stratified,1
jiingeren,1
bypass,1
supporting,1
measured,1
months,1
exists,1
atmosphere,1
recalling,1
cakran,1
befestigungsanlagen,1
widest,1
mud,1
conservation,1
meant,1
ie,1
ergaleion,1
atlas,1
door,1
burned,1
inactivity,1
sections,1
produc,1
anthropomorphic,1
anthropological,1
regularly,1
ration,1
reddish,1
curious,1
deposited,1
takes,1
anatolikis,1
sionally,1
archailogika,1
teries,1
comes,1
exemplified,1
accordance,1
complexity,1
univer,1
zm,1
finest,1
akropoleis,1
torrence,1
ronment,1
extending,1
semiarid,1
geographic,1
maquis,1
choro,1
invoked,1
reinforced,1
sparser,1
bioarchaeological,1
precise,1
hourmouziadis,1
thousand,1
ovicaprids,1
grazing,1
reinforcement,1
archaia,1
partheni,1
spots,1
katoikisi,1
funding,1
haphazardly,1
simi,1
proistorikon,1
extracts,1
couples,1
diltacheb,1
integrative,1
dytikin,1
quickly,1
easy,1
faune,1
amerique,1
karanovoii,1
mutually,1
apsidal,1
bubanjhumll,1
commonplace,1
country,1
bobanjhumla,1
gale,1
lithou,1
steinzeitdorfer,1
ancestor,1
expanding,1
ratio,1
extraction,1
sizes,1
setting,1
nent,1
outillage,1
ft,1
rhytons,1
slowly,1
dur,1
argue,1
temper,1
wall,1
paints,1
reminiscent,1
paiadamdi,1
spoudon,1
etesian,1
vase,1
counting,1
eventually,1
salcutsa,1
centrations,1
particularly,1
intro,1
collins,1
obviously,1
speculation,1
knapper,1
infer,1
karaoovovii,1
recherche,1
nary,1
apotyposi,1
ir,1
notched,1
benefit,1
precarious,1
constant,1
aristoteleio,1
hilltops,1
underlines,1
distinctive,1
past,1
closest,1
pour,1
alluded,1
arhaiologia,1
nord,1
cra,1
latest,1
growing,1
cal,1
text,1
thanked,1
buttresses,1
surpluses,1
emy,1
mnimi,1
mers,1
reexamination,1
exploi,1
carefully,1
circles,1
unique,1
soundings,1
tectonics,1
lavezzi,1
methodological,1
simperasmata,1
ones,1
coast,1
want,1
quote,1
character,1
spite,1
males,1
franchdii,1
statement,1
map,1
geo,1
neai,1
firmly,1
karstic,1
unnecessary,1
tightly,1
adaptation,1
interannual,1
extent,1
intracultural,1
foundations,1
triticum,1
divide,1
dark,1
moyen,1
barely,1
migrations,1
produce,1
smoothing,1
information,1
zagreb,1
prodromos,1
oxygen,1
archi,1
italian,1
categories,1
topographical,1
garbage,1
characterize,1
gratitude,1
thessalias,1
nj,1
agaische,1
orphani,1
asvan,1
huttenrevier,1
plantes,1
neolithisation,1
careful,1
ative,1
anaskafikez,1
ill,1
prerequisite,1
recip,1
cations,1
weft,1
giving,1
tried,1
lies,1
argive,1
measure,1
matches,1
culling,1
eidikevmeno,1
zerelia,1
obtain,1
reconstruct,1
arguments,1
manufacturing,1
percussion,1
families,1
steinzeit,1
allows,1
evidenced,1
kiln,1
neglect,1
ization,1
tions,1
turkish,1
driesch,1
analogy,1
synedriou,1
leafy,1
pithos,1
diagram,1
ends,1
matting,1
formation,1
undecorated,1
lnii,1
hollowed,1
tell,1
potter,1
breaks,1
turkey,1
egnatia,1
difference,1
dif,1
frontiers,1
generate,1
zones,1
autochthonous,1
zeugnisse,1
similarity,1
agreement,1
herds,1
amitos,1
brique,1
morphological,1
catherine,1
vernacular,1
prodromou,1
pierced,1
ecosystem,1
profiles,1
emer,1
offer,1
uncalibrated,1
pasto,1
typically,1
integrated,1
ebenen,1
resembled,1
socially,1
specialists,1
green,1
nese,1
oikimata,1
cation,1
involving,1
earthen,1
rhyton,1
leiden,1
discounted,1
voluntary,1
measuring,1
await,1
archaioteras,1
sical,1
mainz,1
quartz,1
tierund,1
orga,1
bothroi,1
saarbriicker,1
rackham,1
agropastoral,1
showed,1
maintaining,1
deer,1
offered,1
highest,1
indoor,1
thessaliko,1
preferentially,1
centralized,1
vessel,1
stools,1
apart,1
tillage,1
pioneering,1
removed,1
distinctions,1
ninth,1
clarify,1
munities,1
ekistics,1
pathways,1
broadening,1
kulturraumes,1
straw,1
euboitcon,1
nucleation,1
correlate,1
era,1
mum,1
yugoslav,1
thicker,1
impor,1
sponds,1
ferent,1
views,1
substantial,1
import,1
consequent,1
characters,1
sheer,1
pat,1
abandoned,1
gulf,1
beograd,1
avoid,1
technological,1
comparable,1
diethnous,1
indistinguishable,1
tierreste,1
meeting,1
indicating,1
conference,1
linen,1
customs,1
regionaux,1
costly,1
discern,1
death,1
