WORDCOUNTS,WEIGHT
the,1389
of,982
and,817
in,418
to,351
a,310
is,212
plateau,211
as,189
are,183
that,167
tibetan,159
on,147
from,129
have,126
these,121
by,120
this,119
with,109
for,96
at,94
it,83
tibet,81
be,81
been,78
sites,77
which,70
some,69
into,60
has,60
or,60
central,59
western,58
not,56
an,55
chinese,55
neolithic,54
were,54
cultural,53
but,51
they,49
was,48
more,48
archaeological,48
found,45
most,44
site,43
p,42
china,41
zhang,41
their,41
its,41
major,41
there,40
et,39
archaeology,39
century,36
prehistory,35
well,35
although,34
one,33
such,33
we,33
research,33
northern,33
stone,32
bp,32
seventh,32
high,32
no,32
known,32
also,31
aldenderfer,31
ad,31
number,31
other,30
region,30
fig,29
across,29
early,29
than,28
data,28
he,28
shi,28
chang,27
between,27
qinghai,26
had,26
small,26
tang,26
what,26
large,25
eastern,25
de,25
river,25
during,25
very,25
both,25
those,24
pp,24
time,24
xizang,23
only,23
many,23
upon,22
sichuan,22
modern,21
kaogu,21
late,21
bc,21
masl,21
much,21
yarlung,20
university,20
will,20
model,20
ca,20
archaeologists,19
asia,19
date,19
qugong,19
human,19
tools,19
east,19
asian,19
after,19
valley,19
west,18
paleolithic,18
people,18
two,18
made,18
authors,18
would,18
period,18
may,17
van,17
near,17
southern,17
bureau,17
them,17
while,17
north,17
microliths,16
all,16
within,16
autonomous,16
since,16
m,16
occupation,16
stones,16
culture,16
elevation,16
significant,16
include,16
can,16
who,16
often,16
over,16
cultures,16
historical,16
years,16
xi,15
j,15
far,15
along,15
his,15
how,15
upper,15
part,15
standing,15
al,15
present,15
any,15
history,14
source,14
lhasa,14
political,14
dates,14
y,14
age,14
tsangpo,14
karou,14
areas,14
new,14
including,14
mortuary,14
low,14
remains,14
before,13
said,13
g,13
zang,13
arid,13
structures,13
when,13
social,13
until,13
valleys,13
burials,13
w,13
bronze,13
climate,13
models,13
relics,13
complex,12
flake,12
qaidam,12
glacial,12
population,12
work,12
tombs,12
south,12
do,12
clear,12
report,12
through,12
machu,11
tion,11
extreme,11
tend,11
important,11
further,11
place,11
xian,11
first,11
few,11
presence,11
using,11
likely,11
populations,11
about,11
indian,11
three,11
features,11
mountain,11
ing,11
qi,11
antiquity,11
level,11
groups,10
sources,10
genetic,10
ern,10
ceramics,10
yi,10
subsistence,10
similar,10
northeastern,10
ranges,10
could,10
basin,10
based,10
used,10
brantingham,10
highly,10
limited,10
department,10
others,10
academy,10
deep,10
local,10
dating,10
described,10
especially,10
systems,10
science,10
anthropol,10
animal,10
little,10
area,10
driem,10
zhi,10
margins,9
if,9
tibetans,9
later,9
system,9
con,9
primary,9
holocene,9
buddhism,9
thus,9
ice,9
excavations,9
earlier,9
dated,9
origins,9
pleistocene,9
basis,9
su,9
related,9
indigenous,9
least,9
around,9
majority,9
fa,9
examined,9
temperate,9
ancient,9
rectangular,9
empire,9
characterized,9
probably,9
analysis,9
complexity,9
yu,9
quaternary,9
gu,9
different,9
microlithic,9
world,9
conditions,9
defined,9
c,9
should,9
created,8
village,8
group,8
excavation,8
state,8
development,8
possible,8
e,8
sci,8
process,8
zhung,8
recovered,8
use,8
appears,8
because,8
tool,8
describe,8
suggest,8
quite,8
deer,8
thought,8
desert,8
radiocarbon,8
language,8
yuan,8
alpine,8
structure,8
wen,8
chu,8
primarily,8
seen,8
best,8
buddhist,8
polities,8
institute,8
suggests,8
tions,8
d,8
among,8
difficult,7
does,7
now,7
gao,7
h,7
tradition,7
onto,7
survey,7
interior,7
relatively,7
bone,7
demic,7
l,7
parts,7
clearly,7
appearance,7
cores,7
academic,7
burial,7
lgm,7
gansu,7
artifacts,7
regional,7
wenwu,7
up,7
materials,7
located,7
expansion,7
make,7
technology,7
publishing,7
projects,7
contemporary,7
where,7
assemblage,7
range,7
ethnic,7
like,7
summer,7
life,7
forest,7
temple,7
lun,7
paper,7
global,7
argue,7
past,7
terms,7
making,7
almost,7
northwestern,7
reported,7
question,7
move,7
evidence,7
second,7
lake,7
assume,7
northeast,6
conducted,6
diffusion,6
lower,6
being,6
either,6
long,6
nature,6
kao,6
great,6
sometime,6
vegetation,6
reconstruction,6
li,6
iron,6
given,6
compared,6
monsoon,6
preservation,6
discoveries,6
entry,6
majiayao,6
just,6
four,6
generally,6
greater,6
extent,6
term,6
genes,6
recently,6
scale,6
even,6
r,6
excavated,6
beijing,6
cold,6
brief,6
movement,6
once,6
under,6
locality,6
substantially,6
forms,6
patterns,6
physiological,6
ground,6
covered,6
systematic,6
hu,6
another,6
assemblages,6
han,6
questions,6
prints,6
discovered,6
himalayan,6
jue,6
general,6
plant,6
int,6
southwest,6
speculate,6
ecological,6
usually,6
five,6
dai,6
earliest,6
then,6
material,6
series,6
form,6
extensive,6
tomb,6
following,6
seasonal,6
migrations,6
middle,6
step,6
our,6
national,6
smaller,6
foraging,6
languages,6
create,6
currently,5
mostly,5
zhuluole,5
expand,5
dindun,5
linguistic,5
center,5
systematically,5
moving,5
reconstructions,5
definition,5
containing,5
secondary,5
simple,5
timing,5
peopling,5
origin,5
case,5
relationships,5
preliminary,5
times,5
archaeol,5
walls,5
higher,5
di,5
argued,5
lithic,5
appear,5
included,5
called,5
centers,5
become,5
f,5
residential,5
package,5
none,5
future,5
knowledge,5
northwest,5
climatic,5
contains,5
polity,5
regions,5
periods,5
economic,5
brings,5
still,5
religious,5
zhabu,5
yet,5
fringes,5
k,5
hearth,5
toward,5
motifs,5
flat,5
fact,5
ceramic,5
scholars,5
considerable,5
dalai,5
mu,5
strategies,5
cul,5
extended,5
bao,5
evolution,5
trade,5
lakes,5
probable,5
adaptive,5
species,5
today,5
program,5
deposit,5
markers,5
associated,5
tbcr,5
control,5
unknown,5
current,5
destroyed,5
places,5
agricultural,5
problem,5
became,5
temperatures,5
develop,5
re,5
technological,5
microblades,4
common,4
names,4
environmental,4
red,4
mountains,4
ois,4
speakers,4
formed,4
tures,4
peaks,4
conical,4
migration,4
variety,4
du,4
qiang,4
consistent,4
topographic,4
location,4
s,4
bu,4
hunting,4
real,4
discussion,4
somewhat,4
attempted,4
context,4
cated,4
cooperation,4
jian,4
obvious,4
monastic,4
implements,4
includes,4
review,4
alignments,4
blades,4
component,4
due,4
interest,4
z,4
nor,4
highest,4
archaeologist,4
layihai,4
traditions,4
peo,4
gongga,4
without,4
interpretation,4
altitudinal,4
basic,4
reference,4
environments,4
risk,4
ex,4
b,4
certain,4
direct,4
study,4
moves,4
possibly,4
india,4
numbers,4
koko,4
frequently,4
surface,4
beyond,4
travertine,4
prehistoric,4
typical,4
yunnan,4
international,4
guan,4
initial,4
placed,4
zha,4
records,4
winter,4
surrounding,4
precipitation,4
change,4
reliable,4
next,4
reaches,4
specifically,4
xiang,4
influence,4
himalayas,4
da,4
productivity,4
newly,4
cun,4
xiao,4
republic,4
ical,4
house,4
inhabited,4
southeast,4
founded,4
dna,4
ji,4
noted,4
liu,4
subcontinent,4
again,4
addition,4
water,4
tong,4
efforts,4
occupations,4
larger,4
end,4
discussed,4
less,4
original,4
elevations,4
findings,4
empirical,4
rivers,4
numerous,4
california,4
historic,4
directed,4
biome,4
shang,4
am,4
parallel,4
land,4
examine,4
biomes,4
adaptations,4
lo,4
note,4
begin,4
institutions,4
monuments,4
un,4
began,4
mirror,4
construction,4
table,4
composed,4
types,4
itself,4
floor,4
detail,4
anthropological,4
environment,4
peoples,4
ples,4
simply,4
ignore,4
record,4
jiu,4
postglacial,4
each,4
cemetery,4
did,4
basins,4
written,4
beginning,4
xiaoenda,4
varying,4
min,4
adaptation,4
art,4
role,4
variability,4
vast,4
formation,4
devoted,4
twentieth,4
xin,4
instead,4
ranged,4
roughly,4
moved,4
offered,4
specific,4
consisted,4
nan,4
entire,4
surveys,4
traditional,4
focus,4
broader,4
ments,3
chromosome,3
edge,3
way,3
rev,3
phylogeny,3
concern,3
introduction,3
per,3
expect,3
becoming,3
needed,3
residences,3
done,3
decade,3
geometric,3
occurred,3
bellezza,3
bend,3
contexts,3
khebab,3
handle,3
attempt,3
tibetologist,3
humans,3
seems,3
kyunglung,3
split,3
able,3
government,3
jing,3
last,3
zu,3
sacred,3
drichu,3
similarities,3
guo,3
recorded,3
tibetology,3
mass,3
discuss,3
acad,3
dong,3
logical,3
cap,3
except,3
x,3
processes,3
establishment,3
chamdo,3
songsten,3
diversity,3
paleoenvironments,3
domesticated,3
ogy,3
corner,3
qian,3
roerich,3
turn,3
drainage,3
back,3
find,3
sin,3
look,3
apparently,3
wet,3
ment,3
industries,3
interesting,3
bull,3
rather,3
megalithic,3
en,3
institution,3
levels,3
mean,3
archaeolog,3
suffer,3
storms,3
se,3
distant,3
unifacial,3
karakorams,3
changes,3
provinces,3
paris,3
counterparts,3
objects,3
established,3
yellow,3
emergence,3
ga,3
too,3
resource,3
boundary,3
cut,3
charcoal,3
result,3
advance,3
salvage,3
pastoral,3
public,3
tibeto,3
search,3
effort,3
habitation,3
events,3
though,3
focused,3
produced,3
cannot,3
dispersal,3
wide,3
aspects,3
bangga,3
directly,3
predictability,3
scope,3
conse,3
calls,3
dynasties,3
saw,3
project,3
ren,3
responses,3
authorities,3
hard,3
frigid,3
stimulated,3
settlement,3
zachu,3
soil,3
multiple,3
mi,3
portions,3
core,3
siberian,3
liuwan,3
geographical,3
chronological,3
yanjiu,3
portion,3
led,3
approximate,3
fu,3
barren,3
expanded,3
taklamakan,3
single,3
worked,3
museum,3
rain,3
selective,3
langchen,3
home,3
same,3
planet,3
silk,3
already,3
confirmed,3
useful,3
available,3
hearths,3
decorative,3
rock,3
homo,3
lett,3
plan,3
man,3
took,3
posit,3
road,3
practice,3
above,3
zhada,3
style,3
wood,3
argues,3
clude,3
understanding,3
technologies,3
investment,3
chusang,3
divided,3
examples,3
deposits,3
coffin,3
encouraged,3
aside,3
continue,3
full,3
i,3
comprehensive,3
points,3
dominated,3
spread,3
played,3
ge,3
ecology,3
margin,3
contact,3
pro,3
accord,3
ago,3
machang,3
factors,3
bon,3
tholing,3
perspectives,3
cre,3
inhabitants,3
ministry,3
reasonable,3
tive,3
rapidly,3
indicate,3
responsible,3
fall,3
tial,3
insight,3
mud,3
res,3
contained,3
sinding,3
considered,3
comes,3
changing,3
shigatse,3
here,3
set,3
verify,3
ship,3
geting,3
rainfall,3
significantly,3
believe,3
ti,3
eventually,3
plateaus,3
ar,3
steppe,3
advances,3
cal,3
according,3
cooperative,3
shaanxi,3
unique,3
plants,3
era,3
monastery,3
huang,3
gebusailu,3
information,3
conference,3
dian,3
marked,3
city,3
despite,3
subject,3
com,3
varied,3
named,3
yizhi,3
association,3
increased,3
needs,3
supported,3
potential,3
ated,3
km,3
pulses,3
observed,3
famous,3
southeastern,3
glaciations,3
carved,2
surround,2
inaccurate,2
stylistic,2
scholar,2
microcores,2
separated,2
iowa,2
nationalities,2
implies,2
optically,2
diffusions,2
paleaoclimatol,2
originate,2
collision,2
deciduous,2
bei,2
speculated,2
shuidonggou,2
kinds,2
mobility,2
shan,2
units,2
true,2
bifacial,2
outline,2
studies,2
former,2
comparisons,2
ameliorated,2
necessarily,2
descend,2
sys,2
archaeo,2
princeton,2
descriptions,2
controlled,2
calibrated,2
northward,2
unearthed,2
torical,2
certainly,2
popula,2
production,2
scientific,2
taken,2
hum,2
systemati,2
incomplete,2
fragmentary,2
au,2
affinities,2
phase,2
route,2
wooden,2
heimahe,2
desire,2
differences,2
pressed,2
studied,2
jin,2
renfrew,2
senge,2
nevertheless,2
alignment,2
help,2
chipped,2
achieved,2
damage,2
integrate,2
dev,2
remainder,2
staff,2
ber,2
treatments,2
combinations,2
papers,2
employs,2
evaluation,2
takes,2
weaving,2
moisture,2
xinshiqi,2
gaps,2
key,2
king,2
luminescence,2
agriculture,2
ventures,2
account,2
vol,2
prior,2
pre,2
expan,2
qilian,2
literary,2
taking,2
combination,2
say,2
resources,2
uncertain,2
fossil,2
enter,2
zonation,2
concept,2
penetrate,2
pits,2
huanghe,2
baogao,2
affiliation,2
cemeteries,2
southwestern,2
inner,2
run,2
against,2
mtdna,2
microblade,2
author,2
scarce,2
exam,2
sp,2
mixed,2
num,2
american,2
pig,2
lan,2
sample,2
extensively,2
dis,2
distinct,2
zong,2
santa,2
difficulty,2
flawed,2
served,2
putative,2
huo,2
third,2
shiqian,2
storage,2
dragon,2
terrace,2
journal,2
lens,2
kashmir,2
acted,2
acknowledge,2
bipolar,2
ovoid,2
mechanism,2
distribution,2
ers,2
mesolithic,2
york,2
orientale,2
trapezoidal,2
reviews,2
tar,2
gampo,2
remain,2
vated,2
landscape,2
zhong,2
centralization,2
fed,2
probability,2
county,2
rutog,2
tan,2
summarized,2
strate,2
tence,2
von,2
altitude,2
giuseppe,2
occu,2
affect,2
sim,2
slowly,2
section,2
elsewhere,2
mechanisms,2
dyn,2
weather,2
n,2
traces,2
colder,2
migrants,2
calcium,2
cylindrical,2
territorial,2
painted,2
mix,2
bodish,2
ganden,2
warmer,2
strategy,2
mon,2
irrigation,2
sive,2
closely,2
asserts,2
societies,2
gou,2
erosion,2
access,2
shu,2
out,2
sedentary,2
rooms,2
radiometric,2
hui,2
torroni,2
wealth,2
pollen,2
required,2
aridity,2
val,2
oxcal,2
briefly,2
participation,2
degrees,2
paleoenvironmental,2
line,2
banshan,2
start,2
prominent,2
fired,2
brought,2
heavily,2
adroit,2
london,2
tributary,2
apparent,2
reduction,2
homeland,2
q,2
broad,2
blade,2
lifeways,2
scrap,2
reflect,2
floors,2
entered,2
genet,2
artifact,2
interpreted,2
ethnicity,2
ali,2
good,2
discourse,2
sense,2
presented,2
working,2
field,2
controversial,2
buildings,2
tested,2
warmest,2
xue,2
shapes,2
niches,2
ancestral,2
universities,2
describes,2
plausible,2
provided,2
triangular,2
rest,2
massive,2
shiguanmu,2
subsequently,2
onset,2
foragers,2
various,2
architecture,2
restoration,2
polished,2
techniques,2
civilization,2
return,2
ten,2
administration,2
tropical,2
etc,2
glaciers,2
comments,2
terrain,2
wind,2
territory,2
adapted,2
vicinity,2
spoken,2
arjin,2
indus,2
extents,2
makes,2
residence,2
usa,2
chronology,2
official,2
us,2
neither,2
planned,2
nat,2
topo,2
delhi,2
performed,2
burmese,2
reports,2
begins,2
lack,2
simulation,2
oral,2
fire,2
crolithic,2
heritage,2
technique,2
consideration,2
estimated,2
sui,2
humidity,2
husbandry,2
bracelets,2
shows,2
issues,2
preserve,2
fundamental,2
pressure,2
broadly,2
wenti,2
cha,2
agree,2
appeared,2
documents,2
hutouliang,2
nian,2
identity,2
wu,2
maps,2
variation,2
typological,2
outside,2
hand,2
adjacent,2
chain,2
square,2
developing,2
unclear,2
bing,2
perhaps,2
native,2
remarked,2
belief,2
begun,2
glaciation,2
integrity,2
zanda,2
neothlic,2
greatest,2
ignored,2
evation,2
minimizing,2
accompanying,2
owe,2
palaeoecol,2
increase,2
mosaic,2
diaocha,2
trend,2
recovery,2
examination,2
excava,2
significance,2
earth,2
oc,2
variant,2
so,2
function,2
creating,2
cally,2
collected,2
administrative,2
improved,2
guages,2
black,2
abundant,2
ture,2
graphic,2
problems,2
nationality,2
hyperaridity,2
kunlun,2
narrow,2
lei,2
diffusionist,2
comfortably,2
streams,2
connections,2
joint,2
animals,2
clans,2
annu,2
increasing,2
scattered,2
consists,2
extremes,2
assigned,2
proc,2
tentative,2
duogeze,2
angular,2
movements,2
sometimes,2
labeled,2
you,2
continuing,2
impressive,2
ideology,2
support,2
pe,2
andean,2
independence,2
lasa,2
directions,2
strongly,2
el,2
univ,2
understand,2
contribution,2
fang,2
countries,2
broadleaf,2
existed,2
lama,2
surprising,2
chamber,2
antiquities,2
stratified,2
roma,2
mounds,2
resemble,2
conservation,2
seat,2
issue,2
matters,2
addressed,2
bench,2
border,2
rolling,2
correlative,2
shadow,2
thinking,2
suite,2
intensification,2
comparison,2
mapham,2
constituted,2
qu,2
forests,2
gobi,2
reconnaissance,2
originated,2
cover,2
cyst,2
berkeley,2
natural,2
colonization,2
expanding,2
sizes,2
sampling,2
stratigraphic,2
etal,2
potala,2
half,2
constructions,2
haarh,2
domestic,2
post,2
speculation,2
qing,2
curr,2
cultivation,2
associations,2
examining,2
stela,2
investigation,2
combined,2
spatial,2
supports,2
covers,2
juxtaposed,2
foundations,2
changguogou,2
require,2
serie,2
explored,2
meltwaters,2
ori,2
observations,2
replacement,2
urban,2
contain,2
size,2
des,2
haps,2
vessels,2
personal,2
nj,2
boston,2
uniform,2
bureaucracy,2
ac,2
hy,2
plans,2
transition,2
lies,2
pi,2
sion,2
challenges,2
deities,2
headwaters,2
writing,2
prepared,2
come,2
soft,2
metal,2
locations,2
differentiation,2
average,2
zones,2
grinding,2
offer,2
salt,2
correlated,2
define,2
underhill,2
sur,2
cation,2
accompanies,2
effects,2
xishiqi,2
zheng,2
speak,2
summary,2
tribes,2
hills,2
correlate,2
chicago,2
reached,2
debate,2
recognized,2
maximum,2
predictable,2
strong,2
recent,2
hypothesis,2
fir,1
precipitously,1
proposed,1
contacts,1
survived,1
guoga,1
page,1
flow,1
trast,1
eleva,1
larssen,1
hammering,1
specu,1
rect,1
car,1
develops,1
worship,1
donor,1
arctic,1
correlations,1
jet,1
norbulingka,1
northernmost,1
migrated,1
decades,1
administered,1
relaxation,1
shrines,1
extend,1
expedition,1
determine,1
madsen,1
semi,1
fea,1
alone,1
budget,1
extends,1
emperor,1
stands,1
utility,1
manuscript,1
distributed,1
ronments,1
eth,1
forcing,1
elaborately,1
patio,1
likewise,1
aceramic,1
replaced,1
partially,1
ternary,1
wedgeor,1
asymmetrically,1
illegal,1
harsher,1
myth,1
sophis,1
enhance,1
identify,1
essays,1
designed,1
coincides,1
ma,1
live,1
authority,1
mcdonald,1
tors,1
prince,1
faxian,1
strictly,1
completely,1
coalition,1
easily,1
neng,1
favor,1
changuogou,1
flows,1
erbates,1
mitochrondrial,1
cific,1
loca,1
les,1
trace,1
kashmiri,1
circumnavigation,1
harsh,1
historiographical,1
unlike,1
total,1
introduced,1
stretches,1
cornell,1
uncut,1
finely,1
lowlands,1
riod,1
connotations,1
abun,1
revision,1
periodiza,1
institutes,1
recog,1
journeys,1
test,1
evaluations,1
round,1
came,1
yangtze,1
envi,1
sance,1
custrine,1
arguing,1
permit,1
pansion,1
inc,1
brigands,1
defects,1
bly,1
preceding,1
tise,1
extraordinary,1
creation,1
posed,1
radiometrically,1
ii,1
exile,1
fund,1
infections,1
attempts,1
culturally,1
motivations,1
might,1
address,1
rapid,1
calcareous,1
articulate,1
permanently,1
chenopods,1
rational,1
chalcedony,1
siachuan,1
lingustic,1
guangxi,1
maintains,1
gin,1
historiography,1
resemblance,1
possibilities,1
gorge,1
height,1
stratigraphically,1
assess,1
advantage,1
assertion,1
suggesting,1
warm,1
highland,1
microlith,1
confusion,1
ben,1
dicated,1
indeed,1
namri,1
enrolled,1
jiushiqishidai,1
obscures,1
fruits,1
published,1
revival,1
thanks,1
reveal,1
concludes,1
composition,1
ruled,1
xindian,1
uncovered,1
religion,1
sikkhim,1
ismeo,1
advocated,1
take,1
ticated,1
kc,1
lowlanders,1
agricul,1
petty,1
musk,1
consist,1
stand,1
ying,1
concepts,1
handand,1
reworking,1
decreased,1
grad,1
ity,1
ash,1
relations,1
sheet,1
dissolved,1
tiebing,1
deteriorated,1
coniferous,1
insti,1
prosper,1
legend,1
debitage,1
depends,1
british,1
wa,1
wetter,1
depending,1
governmental,1
lamp,1
archaeolo,1
smithsonian,1
microsatellite,1
xu,1
lotypes,1
intrusive,1
dotted,1
assertions,1
play,1
capacity,1
advice,1
spruce,1
dune,1
inscriptions,1
america,1
eurasia,1
march,1
perately,1
representations,1
reanalysis,1
matisoff,1
bangda,1
radiocar,1
placement,1
opened,1
determined,1
politics,1
upward,1
associ,1
adapta,1
mudi,1
belies,1
reaching,1
vaguely,1
disperses,1
cbureau,1
functions,1
alter,1
bronzes,1
ings,1
preceramic,1
qinba,1
mental,1
doubtful,1
point,1
adoption,1
intermediary,1
uses,1
rela,1
ide,1
xia,1
burins,1
diffused,1
indi,1
steppelands,1
apply,1
academically,1
considerably,1
undoubtedly,1
ponent,1
rangeland,1
norbu,1
prevented,1
warfare,1
hazard,1
sheltered,1
hanced,1
altitudes,1
presage,1
francke,1
shou,1
exposed,1
canyon,1
mid,1
usage,1
fragmented,1
learned,1
companied,1
million,1
centralized,1
crossing,1
throughout,1
married,1
sadhus,1
mesticates,1
histori,1
colluvial,1
veracity,1
pied,1
explained,1
weakened,1
severe,1
dynamics,1
sapiens,1
yang,1
mm,1
visited,1
tables,1
nual,1
jade,1
molded,1
track,1
extremeness,1
divine,1
patchy,1
domain,1
reflection,1
richardson,1
unspecified,1
acta,1
amounts,1
paint,1
shaft,1
intel,1
participating,1
elston,1
application,1
rigorously,1
co,1
encyclopedia,1
expeditions,1
align,1
barrier,1
opportu,1
seminarium,1
forced,1
kind,1
slabs,1
hemionus,1
contin,1
bands,1
unity,1
pushed,1
items,1
old,1
ct,1
kuhle,1
underlying,1
uni,1
patch,1
displays,1
hexi,1
concerning,1
hemmed,1
convincing,1
profound,1
accurately,1
approval,1
pothesis,1
body,1
dynasty,1
moyes,1
channels,1
sions,1
handbook,1
wholly,1
spotty,1
hemp,1
twice,1
ranking,1
whorls,1
incompletely,1
kyichu,1
accelerator,1
decora,1
mul,1
si,1
student,1
communication,1
subinstitution,1
ecologies,1
advantages,1
reasoned,1
critique,1
yan,1
plau,1
details,1
dhs,1
deeply,1
decline,1
rigors,1
simplistic,1
himalaya,1
gest,1
pointing,1
migrates,1
pronounced,1
nuanced,1
handful,1
nomenclature,1
impressions,1
essen,1
error,1
proviso,1
brackish,1
confusions,1
zhongba,1
ethnically,1
exten,1
lesser,1
qingbo,1
oxford,1
oversees,1
connexion,1
excavate,1
ruins,1
via,1
competition,1
acculturation,1
larsen,1
wishes,1
leys,1
xiage,1
gained,1
ka,1
trending,1
reflects,1
shrouded,1
ably,1
ilarity,1
miocene,1
exact,1
act,1
anxiety,1
purely,1
growth,1
portrayed,1
variable,1
guoguo,1
generations,1
developed,1
scrapers,1
dry,1
stitutions,1
ply,1
premodern,1
prehistorical,1
posits,1
explicit,1
af,1
kailash,1
var,1
month,1
flanks,1
burnished,1
rome,1
kham,1
active,1
resonated,1
excavators,1
lhoka,1
oracle,1
opportunity,1
rats,1
persistent,1
legal,1
connected,1
tical,1
importance,1
sophisti,1
derived,1
ongoing,1
ass,1
oases,1
disarticulated,1
winters,1
symbols,1
cave,1
scales,1
scribed,1
illustrations,1
wor,1
impressed,1
limitation,1
productive,1
tripetal,1
reinforce,1
space,1
tance,1
risks,1
lots,1
constitute,1
broomcorn,1
palaeoenvironment,1
means,1
subsis,1
references,1
nities,1
eval,1
seismic,1
marks,1
lished,1
consider,1
conceptualization,1
foothills,1
reinforcement,1
contempora,1
improvement,1
familiar,1
yon,1
spreading,1
intensive,1
cess,1
branch,1
hare,1
presumably,1
palaeoclimate,1
driven,1
edition,1
moderately,1
bay,1
impact,1
mesolitihc,1
mary,1
perspective,1
croblade,1
exploratory,1
chutu,1
curred,1
fore,1
agriculturalists,1
reviewed,1
pebble,1
circuit,1
yarling,1
frozen,1
benefited,1
situations,1
presumed,1
influ,1
meant,1
flats,1
linguistics,1
ostracods,1
additional,1
textile,1
follow,1
groundwater,1
peru,1
tourism,1
xingshi,1
boring,1
followed,1
uncarved,1
position,1
stark,1
represent,1
tinely,1
parsimonious,1
archeological,1
permanent,1
flakes,1
exchanges,1
lue,1
epic,1
dominant,1
mo,1
chengdu,1
tu,1
efited,1
tifacts,1
italiano,1
faced,1
tory,1
strengthen,1
classify,1
view,1
ethnolinguistic,1
hot,1
dc,1
ruggedness,1
unrecognized,1
union,1
ei,1
attempting,1
whereas,1
denticulate,1
shangshung,1
standards,1
dot,1
ditions,1
cynthia,1
whom,1
pursuits,1
columbia,1
thousands,1
introduce,1
walk,1
concentration,1
locals,1
tural,1
entering,1
faunal,1
expanses,1
une,1
jiao,1
lion,1
temptation,1
struc,1
fell,1
seven,1
lived,1
filter,1
vironmental,1
ocean,1
mythical,1
transfor,1
zone,1
ironically,1
emerge,1
illness,1
isotope,1
correlates,1
base,1
markets,1
czech,1
geojournax,1
evaluate,1
conser,1
embedded,1
fects,1
traversed,1
nyechu,1
particularly,1
cups,1
pure,1
topics,1
artefact,1
grew,1
coffins,1
traits,1
fusion,1
olsen,1
currie,1
buried,1
caves,1
cuts,1
dropped,1
tange,1
circular,1
postulates,1
ulates,1
versity,1
lethal,1
treat,1
viewed,1
final,1
intensity,1
wherein,1
suffered,1
applied,1
exca,1
otherwise,1
tal,1
singly,1
semblages,1
spiritual,1
absolute,1
facilities,1
consen,1
method,1
cambridge,1
tracking,1
plesitocene,1
equus,1
sacrifice,1
substan,1
creates,1
benign,1
tensified,1
scene,1
possibility,1
avs,1
tially,1
huge,1
aries,1
ther,1
mations,1
expensive,1
outstanding,1
shape,1
pigs,1
kyirong,1
hierarchies,1
provincial,1
nition,1
having,1
differ,1
coursed,1
explore,1
tucci,1
identification,1
tongjing,1
rocks,1
received,1
steep,1
mem,1
rail,1
andes,1
stor,1
ku,1
iously,1
stitute,1
unless,1
administrated,1
advancement,1
cleaning,1
throne,1
annexation,1
training,1
periglacial,1
remarkable,1
kumbum,1
patterning,1
stores,1
description,1
periodicity,1
caching,1
changdu,1
medio,1
literature,1
precipitated,1
gies,1
gave,1
terracing,1
discussions,1
lishing,1
foxtail,1
millet,1
bodic,1
postulated,1
unex,1
calcitic,1
lifeway,1
seasonally,1
shenja,1
beads,1
rows,1
director,1
anecdotes,1
tings,1
call,1
doors,1
focuses,1
publish,1
bhutan,1
formations,1
il,1
gai,1
rdo,1
showing,1
manage,1
sun,1
stanford,1
gently,1
ter,1
includ,1
alliance,1
chill,1
relative,1
trends,1
lithics,1
nationwide,1
count,1
interested,1
approach,1
errors,1
renovated,1
thrived,1
flaking,1
marshlands,1
depositional,1
yak,1
wei,1
gyirong,1
officials,1
saline,1
painting,1
composite,1
pottery,1
warehousing,1
loved,1
distances,1
revolution,1
involve,1
speculations,1
coupled,1
indicators,1
resolu,1
politically,1
villagers,1
contrast,1
cen,1
degassed,1
pected,1
sharp,1
emerging,1
sake,1
bank,1
wanqi,1
siwa,1
family,1
inst,1
teams,1
het,1
several,1
prob,1
conifer,1
methodologi,1
leaves,1
sufficient,1
foster,1
fraught,1
jokhang,1
accomplished,1
fascicule,1
descendant,1
components,1
vation,1
grow,1
resolution,1
executed,1
depression,1
industry,1
strongholds,1
johkang,1
thereby,1
woolly,1
dui,1
essentially,1
ancestors,1
alluvial,1
urgently,1
weapons,1
villages,1
traver,1
optical,1
gradient,1
fully,1
intercepts,1
barely,1
families,1
tracks,1
progress,1
mono,1
os,1
dependent,1
mountainsides,1
haplotype,1
slim,1
discusses,1
results,1
proper,1
genome,1
correspondence,1
roots,1
cycle,1
notes,1
restora,1
tolung,1
diminished,1
chin,1
grateful,1
montane,1
auto,1
exac,1
administra,1
biologically,1
institu,1
activities,1
rang,1
mapping,1
invest,1
admittance,1
content,1
society,1
petroleum,1
courses,1
settlers,1
duties,1
thf,1
retreated,1
exis,1
therefore,1
evergreen,1
improves,1
horizons,1
damaged,1
san,1
situation,1
power,1
repertoire,1
ironies,1
unknowable,1
implications,1
hong,1
ze,1
absence,1
tively,1
tiple,1
contingent,1
pilgrimage,1
indicative,1
chuang,1
naemorhedus,1
divergence,1
short,1
gradual,1
synthesis,1
concentrated,1
service,1
comparative,1
graved,1
geol,1
ually,1
abhandlungen,1
auncalibrated,1
paleolith,1
onward,1
forward,1
jiangxigou,1
rendering,1
exception,1
changthang,1
thrive,1
prevailing,1
reduce,1
stratigraphy,1
sire,1
cylin,1
ours,1
necessary,1
ngulchu,1
presently,1
denmark,1
indicates,1
interactions,1
assoc,1
sending,1
linguistically,1
chaeological,1
initiate,1
christian,1
hetaozhuang,1
braided,1
phys,1
structural,1
profoundly,1
spectacular,1
pastoralists,1
label,1
reconnais,1
rectangle,1
eral,1
patches,1
alys,1
ke,1
collect,1
hellenistic,1
foot,1
pacific,1
asiatic,1
foreseeable,1
tibetol,1
fringe,1
fair,1
domesticates,1
opportunities,1
wake,1
mainly,1
security,1
represents,1
read,1
paradox,1
happened,1
acknowledgments,1
serve,1
tableland,1
soon,1
financial,1
neous,1
culturation,1
fabulously,1
inspiration,1
deng,1
ne,1
latitude,1
signaling,1
pigments,1
pres,1
tain,1
lowland,1
ci,1
enced,1
editions,1
carbonate,1
shifting,1
warehoused,1
petrol,1
paleoliths,1
ed,1
nw,1
literally,1
unfortu,1
ascendance,1
largest,1
confederation,1
illustrated,1
armed,1
yangshao,1
speaking,1
architectural,1
rise,1
pol,1
isolated,1
exit,1
riods,1
independent,1
mongolie,1
perspec,1
routes,1
mound,1
microhm,1
leader,1
geometries,1
philol,1
mya,1
amdo,1
jeffrey,1
omission,1
decoration,1
stronger,1
stated,1
buddhists,1
mark,1
jiang,1
approaching,1
pointed,1
reporting,1
varies,1
september,1
experienced,1
tematic,1
derstanding,1
archaeologi,1
towards,1
heimhe,1
longer,1
idea,1
minority,1
ley,1
limit,1
fluence,1
conduct,1
temples,1
approximately,1
genuine,1
huan,1
unprepared,1
departments,1
instability,1
residen,1
unidentified,1
rugged,1
bovids,1
zai,1
possi,1
ish,1
choice,1
teachers,1
calib,1
layer,1
children,1
grave,1
peri,1
culti,1
incorporation,1
nebulous,1
polyhedral,1
john,1
prospects,1
overwhelmingly,1
palaeogeogr,1
identical,1
away,1
hebei,1
minimize,1
pattern,1
jump,1
observes,1
trips,1
serious,1
duan,1
external,1
atic,1
transit,1
lizhou,1
fits,1
schaller,1
arrow,1
v,1
nyalam,1
manner,1
respiratory,1
secular,1
laudatory,1
establish,1
pations,1
ultimately,1
see,1
understaffed,1
mitochondrial,1
coincided,1
dance,1
ished,1
royal,1
lectual,1
zan,1
por,1
xining,1
frequency,1
luling,1
chalcolithic,1
gives,1
lucrative,1
argument,1
encountered,1
cupied,1
asiatique,1
day,1
geophys,1
multidisciplinary,1
degree,1
remained,1
datesa,1
staples,1
fundamentally,1
brack,1
nanjing,1
ine,1
exhibit,1
rulers,1
father,1
displayed,1
lost,1
tunnel,1
assis,1
beug,1
unslipped,1
discovery,1
explanation,1
chiefly,1
bear,1
istituto,1
flaw,1
quan,1
ladakh,1
killing,1
passes,1
unsanitary,1
distinctly,1
enormous,1
deserts,1
neigh,1
chaeology,1
ethnoarchae,1
samples,1
birds,1
complexities,1
dralang,1
yale,1
inadvertent,1
grassland,1
nomad,1
entirely,1
expression,1
confidence,1
ya,1
sold,1
looting,1
tinues,1
asana,1
largely,1
persisted,1
assumption,1
poxia,1
virtually,1
factor,1
rescue,1
collaborative,1
hypoxic,1
sponsorship,1
chuanxibei,1
assign,1
styles,1
cent,1
nicity,1
debt,1
stay,1
hunted,1
frame,1
overlap,1
ada,1
oligocene,1
optimistic,1
goral,1
students,1
sponsor,1
constraints,1
cultura,1
open,1
stelae,1
meanings,1
reality,1
stress,1
mt,1
decorated,1
rains,1
interpret,1
prevents,1
statues,1
tracod,1
held,1
hadongtang,1
arc,1
construc,1
feasible,1
percussion,1
homes,1
genetics,1
ef,1
japanese,1
budding,1
remark,1
tasks,1
couraged,1
combs,1
serves,1
distinction,1
sideration,1
reversals,1
structuring,1
naidong,1
filled,1
fragility,1
renewal,1
epoch,1
spa,1
provides,1
construct,1
latter,1
megaliths,1
kebab,1
reconstruc,1
procurement,1
labels,1
sentiment,1
somehow,1
introductory,1
methods,1
generic,1
realm,1
relation,1
successful,1
geographers,1
overcome,1
wise,1
shallow,1
reli,1
influences,1
xingwuo,1
kilometers,1
hierarchical,1
corners,1
sumpa,1
improbable,1
molec,1
vide,1
sharper,1
directs,1
sug,1
horse,1
divides,1
ate,1
arisen,1
equivalent,1
looked,1
shamanic,1
geography,1
treme,1
occupied,1
commence,1
ular,1
destruction,1
attend,1
evaluated,1
caution,1
tenuous,1
propose,1
la,1
bronk,1
concluded,1
widely,1
division,1
motif,1
derivative,1
histor,1
transi,1
ered,1
ranging,1
dealing,1
ology,1
things,1
reading,1
defensible,1
supersaturated,1
assum,1
petroglyphes,1
topography,1
negotiations,1
melvyn,1
relationship,1
byang,1
estremo,1
circle,1
me,1
mitigate,1
dominates,1
looted,1
drical,1
dissected,1
palasiatica,1
liang,1
tensive,1
continued,1
deposi,1
heixi,1
bulk,1
unsafe,1
crucial,1
foreign,1
antiquties,1
oigor,1
tonomous,1
provisionally,1
obtained,1
groves,1
tech,1
spindle,1
hill,1
contraction,1
inside,1
tably,1
fewer,1
insufficient,1
impres,1
resumed,1
becomes,1
referred,1
ting,1
forming,1
collections,1
chronically,1
team,1
curation,1
shixi,1
returned,1
geographische,1
visual,1
diaspora,1
palimpsest,1
nological,1
inadequate,1
delicacy,1
traveled,1
archeologie,1
class,1
settled,1
helpful,1
plex,1
bacot,1
wildlife,1
researcher,1
serows,1
tinue,1
convective,1
subdivided,1
ological,1
vex,1
fen,1
pressures,1
fenqi,1
publica,1
quartz,1
amnye,1
tems,1
sound,1
investigate,1
ities,1
chen,1
themselves,1
thick,1
spun,1
semicylindrical,1
ie,1
stable,1
claims,1
capricornus,1
diao,1
est,1
zuo,1
anthropomorphic,1
share,1
transliteration,1
excep,1
actually,1
believed,1
prohibited,1
reorganized,1
hierarchy,1
inventory,1
furthest,1
analogues,1
incised,1
paleohypsometry,1
finest,1
salts,1
must,1
ladders,1
complexes,1
semiarid,1
demonstrate,1
tivation,1
ever,1
damaging,1
cate,1
continues,1
characteristics,1
pace,1
ychromosome,1
cultivators,1
grazing,1
tics,1
constructed,1
temporal,1
quedetang,1
palace,1
ha,1
perforated,1
narrowly,1
accelerated,1
paleoanthropol,1
axe,1
haphazardly,1
lowing,1
logis,1
alternative,1
affords,1
ifestation,1
qun,1
mirrors,1
quickly,1
erected,1
archeologists,1
southward,1
enters,1
intellectual,1
vertebrata,1
sure,1
indica,1
interrupted,1
renovation,1
zuqun,1
sheep,1
reversal,1
spec,1
suggestions,1
ues,1
seriously,1
connection,1
unambiguously,1
branches,1
flexed,1
seem,1
sasongtang,1
vari,1
capital,1
orientation,1
restrictive,1
gazelle,1
dur,1
calibrate,1
cui,1
regard,1
unsettling,1
iii,1
rou,1
enzheng,1
humid,1
er,1
dat,1
poo,1
job,1
basket,1
mongolia,1
pebbles,1
minatogawa,1
rely,1
infer,1
researches,1
benefit,1
serinda,1
pit,1
explicitly,1
distinctive,1
antiq,1
gi,1
admixture,1
techno,1
cahbrated,1
alluded,1
vey,1
works,1
type,1
hydrology,1
risky,1
pri,1
leiden,1
desiccation,1
gesar,1
subterranean,1
tenth,1
blowing,1
machangyan,1
microenvironments,1
helping,1
born,1
draw,1
outlines,1
mongolian,1
explanations,1
beall,1
economy,1
lessons,1
answered,1
proceedings,1
twofold,1
carefully,1
reign,1
ningxia,1
circles,1
physiology,1
whether,1
rose,1
adults,1
bers,1
list,1
typologies,1
ent,1
ones,1
rising,1
coast,1
clearest,1
banga,1
monsoonal,1
civilized,1
unsmoothed,1
sus,1
manuscripts,1
impli,1
sively,1
theory,1
heller,1
funda,1
blackware,1
leaving,1
systematize,1
dream,1
estab,1
pub,1
waters,1
densities,1
utilitarian,1
tute,1
thames,1
westerners,1
mythological,1
ductivity,1
secure,1
amy,1
gotinger,1
balance,1
springer,1
u,1
investiga,1
duo,1
paleoaltimetry,1
amelioration,1
hundreds,1
limnological,1
populates,1
chronometric,1
qua,1
deflation,1
spaces,1
ferred,1
researchers,1
luo,1
paleoclimates,1
remember,1
necessity,1
circumstances,1
careful,1
wedge,1
aufschneider,1
litical,1
transport,1
mod,1
linguis,1
prehis,1
crystals,1
hyperarid,1
tri,1
sumed,1
quartzite,1
quantities,1
micro,1
easy,1
turns,1
fajue,1
activity,1
disciplines,1
radiation,1
returning,1
assumptions,1
controls,1
ignorant,1
gang,1
spending,1
contribute,1
organization,1
programs,1
roe,1
reconstruct,1
images,1
clothing,1
colonial,1
implica,1
dadiwan,1
mention,1
exploit,1
snow,1
hap,1
representation,1
goals,1
detailed,1
aspect,1
voyage,1
faculty,1
fortresses,1
bangong,1
cavation,1
proceeds,1
legends,1
hua,1
shores,1
wild,1
runs,1
shilun,1
shown,1
ungulates,1
elongated,1
spring,1
unable,1
lists,1
tumuli,1
authorized,1
ence,1
caloric,1
lands,1
initiated,1
intensified,1
advent,1
genetically,1
kingdom,1
decrease,1
tempera,1
temperature,1
chemical,1
samuel,1
gists,1
vironments,1
premature,1
mindful,1
course,1
applicable,1
uncalibrated,1
gravel,1
building,1
qijia,1
rival,1
socially,1
mutations,1
need,1
environ,1
mas,1
gen,1
heartland,1
altiplano,1
attributes,1
variously,1
bonate,1
discounted,1
enclosures,1
tributaries,1
moun,1
uation,1
oldest,1
scape,1
shift,1
shangyou,1
pillars,1
classification,1
ships,1
archaic,1
sides,1
traveling,1
restored,1
drift,1
tsagaan,1
searching,1
vessel,1
spacious,1
requires,1
distinctions,1
meaning,1
fol,1
interdisciplinary,1
exhaustive,1
mystery,1
signment,1
vary,1
communi,1
venting,1
enterprise,1
holley,1
substantial,1
abroad,1
characters,1
adopted,1
uity,1
cov,1
abandoned,1
duration,1
immediately,1
territorially,1
lu,1
ideologically,1
diverges,1
dif,1
ethnology,1
fers,1
cross,1
machen,1
ming,1
reduc,1
conclu,1
daughter,1
built,1
signals,1
roles,1
tuolinsi,1
coworkers,1
spe,1
retrospect,1
looking,1
thorough,1
