WORDCOUNTS,WEIGHT
the,188
and,171
of,159
in,134
a,96
to,79
as,36
for,36
his,35
andrew,32
that,30
was,25
he,23
from,21
archaeological,21
with,20
social,19
on,19
world,19
sherratt,15
is,14
this,14
an,13
j,13
archaeology,13
at,12
it,12
new,12
such,12
european,11
not,11
but,11
bronze,11
s,11
both,10
early,10
may,9
who,9
prehistory,9
some,9
be,9
their,8
often,8
or,8
by,8
papers,8
springer,8
which,8
one,7
university,7
these,7
age,7
also,7
over,7
time,7
while,7
press,7
its,7
has,7
change,7
prehist,7
systems,7
when,7
among,7
how,6
origins,6
neolithic,6
europe,6
i,6
work,6
central,6
like,6
contribution,6
mediterranean,6
research,6
journal,6
oxford,5
role,5
been,5
ways,5
studies,5
issue,5
most,5
different,5
challenge,5
had,5
p,5
other,5
theory,5
well,5
interest,5
range,5
thus,5
were,5
have,5
approach,5
essay,5
would,5
so,5
between,5
c,5
later,4
short,4
above,4
presents,4
n,4
impact,4
all,4
archaeologists,4
thinking,4
here,4
many,4
anthropology,4
analytical,4
prehistoric,4
larger,4
her,4
products,4
shennan,4
models,4
takes,4
sought,4
agriculture,4
institute,4
almost,4
understanding,4
bc,4
interaction,4
himself,4
childe,4
use,4
questions,4
regarding,4
trade,4
interested,4
cambridge,4
published,4
david,4
always,4
up,4
even,4
technological,4
evidence,4
mesolithic,3
perspectives,3
practices,3
rather,3
economic,3
wrote,3
comparative,3
british,3
life,3
study,3
black,3
evolution,3
about,3
respect,3
modern,3
us,3
history,3
too,3
grand,3
intellectual,3
each,3
cultures,3
global,3
could,3
regions,3
interconnectedness,3
thank,3
inquiry,3
suggesting,3
out,3
historical,3
past,3
geography,3
bauer,3
what,3
context,3
domestication,3
particular,3
material,3
wide,3
those,3
aspects,3
local,3
r,3
data,3
clarke,3
own,3
concept,3
region,3
processes,3
sea,3
spr,3
subject,3
ritual,3
aside,3
writing,3
relationships,3
only,3
g,3
d,3
perspective,3
specific,3
modeling,3
k,3
evolutionary,3
served,3
v,3
much,3
taylor,3
society,3
him,3
chronological,2
dealing,2
der,2
whose,2
played,2
no,2
act,2
concerned,2
anthony,2
developed,2
concern,2
horses,2
idea,2
environmental,2
primarily,2
seen,2
b,2
asian,2
pp,2
analysis,2
essays,2
animals,2
space,2
sets,2
reason,2
connecting,2
examined,2
understand,2
interrelationship,2
technology,2
consider,2
acceptance,2
metallurgy,2
included,2
emergence,2
mcdonald,2
source,2
narratives,2
theme,2
ideas,2
t,2
more,2
interests,2
exploration,2
suggested,2
others,2
humans,2
put,2
into,2
nature,2
paper,2
book,2
innovations,2
best,2
leading,2
our,2
together,2
found,2
faunal,2
milk,2
confront,2
particularly,2
deal,2
transition,2
steppe,2
there,2
big,2
outside,2
considered,2
present,2
waterways,2
cultural,2
advances,2
proceedings,2
terms,2
see,2
system,2
dispersal,2
references,2
analyses,2
core,2
routledge,2
yoffee,2
explicitly,2
periphery,2
memory,2
years,2
possible,2
problems,2
international,2
session,2
conference,2
explanation,2
presented,2
chronologies,2
transport,2
part,2
introduced,2
example,2
resources,2
knowledge,2
simply,2
during,2
place,2
discussion,2
issues,2
people,2
maintained,2
point,2
avenues,2
scales,2
first,2
away,2
we,2
enthusiasm,2
language,2
students,2
prospects,2
subsequent,2
dynamics,2
significance,2
voytek,2
tables,2
bogucki,2
millennium,2
peter,2
spread,2
collected,2
kind,2
old,2
exchange,2
oxbow,2
several,2
potential,2
promote,2
geographies,2
carpathian,2
honour,2
topics,2
sacred,2
debate,2
monographs,2
annual,2
explore,2
through,2
marciniak,2
horse,2
develop,2
look,2
focus,2
recent,2
them,2
longer,2
should,2
building,2
broader,2
anatolia,2
dates,2
influence,2
la,2
gordon,2
brown,2
longue,2
societies,2
tragically,1
using,1
barbara,1
phases,1
final,1
periods,1
will,1
mechanisms,1
f,1
llc,1
late,1
changes,1
shorterterm,1
remembered,1
led,1
stoddart,1
topic,1
relationship,1
colin,1
arek,1
gills,1
me,1
dual,1
m,1
today,1
lovejoy,1
overly,1
behavioural,1
invokes,1
difficult,1
common,1
frustration,1
fairly,1
fractal,1
interpret,1
science,1
ba,1
ecological,1
undeniably,1
thought,1
contrast,1
impressive,1
ideology,1
result,1
program,1
waldren,1
career,1
schemes,1
landscape,1
skeuomorphism,1
return,1
reconsidered,1
raczky,1
colleagues,1
theorizing,1
introductions,1
forward,1
harris,1
order,1
college,1
charts,1
subphase,1
concerns,1
presentation,1
intriguing,1
bulletin,1
independence,1
e,1
lasting,1
april,1
approaches,1
community,1
bennet,1
detailed,1
still,1
pointed,1
itself,1
appear,1
utility,1
began,1
non,1
after,1
systemic,1
comments,1
wheels,1
connect,1
duckworth,1
similar,1
wilson,1
mittelund,1
center,1
derived,1
american,1
recently,1
figurine,1
additionally,1
why,1
makes,1
special,1
answering,1
southeast,1
mobility,1
identify,1
nod,1
guide,1
venue,1
productive,1
boyle,1
sheffield,1
overdue,1
paleolithic,1
likely,1
dialectics,1
avon,1
addressing,1
shy,1
scarre,1
support,1
hypotheses,1
toms,1
reference,1
methuen,1
circumpontic,1
revisiting,1
inconsistent,1
etappen,1
consuming,1
moniker,1
interpretive,1
largely,1
revisits,1
generator,1
serve,1
susan,1
investigate,1
influencing,1
better,1
gratae,1
plough,1
borrowed,1
earliest,1
under,1
inspiration,1
hair,1
allow,1
addressed,1
isaac,1
objects,1
echoes,1
supply,1
justified,1
western,1
temperate,1
cycles,1
committee,1
potentials,1
excavation,1
ian,1
opening,1
profane,1
neglected,1
extrapolate,1
occurred,1
seeks,1
fitting,1
tells,1
fruitful,1
culture,1
believed,1
views,1
nineteenth,1
refine,1
contingency,1
tectonics,1
ethnographic,1
monograph,1
series,1
calibration,1
attuned,1
complexity,1
al,1
changing,1
w,1
upper,1
contact,1
illustrated,1
physically,1
two,1
department,1
reports,1
spotting,1
begins,1
geographic,1
she,1
resource,1
termed,1
powerful,1
abundantly,1
gap,1
stephen,1
changed,1
explaining,1
considers,1
anatolian,1
wallerstein,1
knapp,1
usa,1
volume,1
discrete,1
organization,1
proposes,1
testament,1
reconstructions,1
discipline,1
endured,1
laid,1
wool,1
few,1
tribute,1
drugs,1
doi,1
construct,1
symbol,1
meat,1
engage,1
human,1
alternative,1
foray,1
set,1
researched,1
oslo,1
helped,1
syntheses,1
power,1
metal,1
because,1
cyprian,1
resonance,1
again,1
decades,1
rapid,1
elusive,1
view,1
unavailable,1
synthesizes,1
similarly,1
encyclopedic,1
worked,1
reflections,1
astroms,1
avenue,1
working,1
gale,1
efforts,1
are,1
hodder,1
devotees,1
my,1
memorial,1
engaged,1
aimed,1
complimentarity,1
including,1
concepts,1
relished,1
immense,1
encourage,1
principles,1
forlag,1
least,1
secondary,1
coinage,1
capitalist,1
ivory,1
scholars,1
did,1
alexander,1
route,1
hybrid,1
continued,1
seasonality,1
histories,1
opposing,1
basin,1
argue,1
bit,1
stressed,1
nevertheless,1
perennially,1
current,1
indeed,1
intersected,1
throughout,1
full,1
imaginary,1
effort,1
isolate,1
any,1
envisioning,1
farming,1
shifts,1
facilitate,1
pass,1
examination,1
relate,1
end,1
debates,1
renfrew,1
feasting,1
interrelatedness,1
cultivation,1
clearly,1
real,1
pattern,1
man,1
help,1
anomalous,1
serious,1
sebastian,1
shortland,1
never,1
places,1
academic,1
jerem,1
conclusions,1
millennia,1
further,1
hand,1
drinking,1
instrumental,1
cups,1
adjacent,1
plate,1
beginning,1
learn,1
prime,1
tenth,1
neighboring,1
same,1
distraction,1
riding,1
informed,1
though,1
nor,1
braudelian,1
alike,1
shying,1
cereal,1
constrain,1
revise,1
thracians,1
economy,1
synthetic,1
within,1
sogner,1
binbir,1
casting,1
unique,1
coffee,1
fruhe,1
faintheartedness,1
constraining,1
michael,1
making,1
documenting,1
era,1
quote,1
record,1
add,1
agricultural,1
hoped,1
resulted,1
edinburgh,1
perhaps,1
plain,1
ideological,1
epipaleolithic,1
eastern,1
felt,1
networks,1
adaptation,1
east,1
acknowledgments,1
fascination,1
introductory,1
fully,1
propensity,1
reflected,1
participants,1
dazzled,1
prestige,1
information,1
morgenrot,1
ecology,1
studying,1
relativity,1
seeking,1
studied,1
animal,1
heart,1
confronted,1
hesitate,1
advisor,1
original,1
vol,1
participation,1
sweeping,1
holocene,1
richness,1
alcohol,1
scheme,1
detractors,1
emphasis,1
hoyuk,1
compelling,1
sixteenth,1
artifacts,1
archatlas,1
ethnohistory,1
vessels,1
scope,1
skepticism,1
socioeconomic,1
kennard,1
made,1
remember,1
richard,1
los,1
upon,1
john,1
narrative,1
nearest,1
consumed,1
braudel,1
apart,1
disproving,1
brought,1
beakers,1
criticisms,1
bell,1
conceptual,1
london,1
timothy,1
establishment,1
despite,1
adopting,1
marketing,1
unify,1
case,1
trends,1
related,1
reconstruction,1
smallerscales,1
annates,1
exploring,1
discussed,1
criticized,1
periodicity,1
great,1
host,1
economies,1
spite,1
graduate,1
significant,1
whole,1
measure,1
substance,1
affection,1
baden,1
ironworking,1
diffusion,1
exploitation,1
acknowledgement,1
residues,1
editorial,1
mycenaeans,1
broad,1
controlled,1
queens,1
inspire,1
climatic,1
faint,1
congress,1
resulting,1
thin,1
reassurance,1
survey,1
appreciation,1
participated,1
reveled,1
menschheitsgeschichte,1
pack,1
daring,1
forbear,1
homage,1
remarks,1
rituals,1
unfathomable,1
et,1
stay,1
ucl,1
analogy,1
prelude,1
observed,1
field,1
smalland,1
focuses,1
sees,1
revaluation,1
imagery,1
vulchetrun,1
dependence,1
promoted,1
than,1
theories,1
sensibility,1
until,1
antiquity,1
differentiation,1
rejected,1
development,1
explorations,1
raged,1
quotation,1
clear,1
plausible,1
since,1
engender,1
advent,1
initial,1
ucla,1
passion,1
ny,1
narcotics,1
seriously,1
grounded,1
shortcomings,1
september,1
either,1
frame,1
chemical,1
de,1
foci,1
near,1
charge,1
mathers,1
catch,1
agent,1
dynamic,1
picture,1
good,1
consumption,1
course,1
contributed,1
relations,1
interregional,1
known,1
although,1
vries,1
sense,1
integrated,1
started,1
land,1
highlighting,1
ago,1
shared,1
application,1
interlocutors,1
period,1
need,1
general,1
frames,1
overt,1
clearest,1
meeting,1
revolution,1
largeand,1
evershed,1
century,1
integration,1
serves,1
trading,1
given,1
you,1
healy,1
forced,1
defined,1
reviving,1
leiden,1
shortly,1
traction,1
await,1
contagious,1
emphasizes,1
last,1
fred,1
cases,1
came,1
provides,1
adequately,1
developments,1
shift,1
speak,1
forms,1
megaliths,1
generating,1
pushing,1
argues,1
small,1
brno,1
calling,1
patterns,1
valued,1
lively,1
soil,1
thousand,1
especially,1
driving,1
comparing,1
june,1
back,1
contrary,1
components,1
methods,1
materiality,1
hungarian,1
young,1
fourth,1
dramatic,1
themselves,1
decline,1
emphasized,1
third,1
enduring,1
negotiate,1
misleading,1
characteristics,1
can,1
archaeolingua,1
compare,1
structure,1
norman,1
articulation,1
tim,1
interweaving,1
sudosteuropa,1
sciences,1
wanted,1
kissena,1
reassessment,1
instruments,1
dorcas,1
dividing,1
commemorative,1
cruel,1
intrigued,1
unfairly,1
rigidity,1
colleague,1
seek,1
ends,1
appreciated,1
engaging,1
hiebert,1
connections,1
watts,1
died,1
universitetsforlaget,1
paul,1
generation,1
cheered,1
share,1
attention,1
entanglement,1
phase,1
draft,1
once,1
applies,1
reflect,1
luxuries,1
satellite,1
hypothesis,1
