WORDCOUNTS,WEIGHT
the,264
and,179
of,162
in,115
to,92
a,65
that,54
for,49
neolithic,46
wealth,40
be,37
is,34
europe,31
they,28
as,28
which,28
it,27
central,27
their,26
have,26
this,25
was,21
were,21
can,21
from,20
with,19
but,18
would,18
risk,17
are,17
by,17
not,16
had,16
animal,16
an,15
been,14
or,14
i,14
bc,14
on,14
at,13
societies,13
could,13
household,13
such,13
late,13
households,12
into,12
also,12
j,12
during,12
world,12
millennia,11
these,11
more,11
springer,11
durable,11
traction,11
than,11
became,10
third,10
economic,9
risks,9
key,9
part,9
use,9
copper,9
prehist,9
transportation,8
millennium,8
what,8
social,8
several,8
early,8
european,7
opportunities,7
about,7
age,7
two,7
ambition,7
p,7
goods,7
fourth,7
income,7
while,7
people,7
we,7
much,7
landscape,6
one,6
innovation,6
often,6
management,6
infrastructure,6
creation,6
over,6
other,6
capital,6
within,6
another,6
investment,6
used,6
role,6
first,6
three,6
b,6
create,6
uncertainty,6
may,5
does,5
trails,5
c,5
critical,5
factors,5
fifth,5
metallurgy,5
eventually,5
only,5
bronze,5
long,5
certainly,5
comfortable,5
products,5
there,5
them,5
agricultural,5
has,5
made,5
along,5
conditions,5
between,5
when,5
among,5
evidence,5
major,5
environment,4
take,4
now,4
second,4
danubian,4
animals,4
technology,4
scandinavia,4
established,4
emergence,4
oxen,4
before,4
same,4
inalienable,4
without,4
permitted,4
most,4
rather,4
meat,4
skill,4
metal,4
might,4
many,4
paper,4
different,4
prehistoric,4
secondary,4
assess,4
found,4
farmers,4
farming,4
those,4
where,4
eastern,4
development,4
some,4
concept,4
through,4
economies,4
genuine,4
needed,4
streams,4
thus,4
individuals,4
led,4
archaeological,4
unknowns,4
ability,4
hamlets,4
like,4
project,4
so,4
settlement,4
materials,4
taking,4
element,4
even,4
technological,4
crucible,4
pottery,4
society,4
dealing,3
poland,3
higher,3
go,3
widespread,3
difficult,3
areas,3
after,3
proposition,3
area,3
large,3
complex,3
easily,3
makes,3
happened,3
wagons,3
prehistory,3
no,3
uneaten,3
must,3
simply,3
being,3
regional,3
here,3
later,3
important,3
quickly,3
emerged,3
crops,3
assets,3
lack,3
believe,3
time,3
particularly,3
able,3
any,3
watercraft,3
better,3
further,3
agriculture,3
clusters,3
poverty,3
perhaps,3
required,3
flint,3
produce,3
network,3
w,3
probably,3
level,3
region,3
point,3
individual,3
desirable,3
its,3
initiative,3
rivers,3
dull,3
killer,3
since,3
converged,3
known,3
application,3
period,3
archaeology,3
alienable,3
systems,3
become,3
find,3
cattle,3
existed,3
termed,3
will,2
things,2
mechanisms,2
hamlet,2
assigned,2
r,2
off,2
whose,2
ceremonial,2
m,2
today,2
played,2
inhabitants,2
common,2
logistical,2
his,2
if,2
main,2
groups,2
across,2
hitherto,2
how,2
created,2
averse,2
nearly,2
process,2
who,2
lost,2
active,2
still,2
dealt,2
make,2
persistent,2
crossing,2
transformation,2
certain,2
movement,2
traps,2
american,2
decisions,2
construction,2
computer,2
lay,2
funneled,2
once,2
likely,2
spiral,2
transmit,2
yet,2
centuries,2
globular,2
examine,2
downward,2
modern,2
operated,2
under,2
considered,2
water,2
us,2
fast,2
resourcefulness,2
school,2
seems,2
title,2
production,2
just,2
culture,2
existence,2
possibly,2
accumulation,2
archaeologists,2
beyond,2
sources,2
uncertainties,2
science,2
matured,2
sustained,2
overland,2
power,2
taken,2
triad,2
ancient,2
working,2
chapman,2
sustainable,2
cultures,2
moving,2
my,2
based,2
confident,2
international,2
transmission,2
unknown,2
agrarian,2
destitution,2
appearance,2
great,2
called,2
abstract,2
current,2
accumulated,2
then,2
foundation,2
larger,2
new,2
very,2
considerable,2
type,2
term,2
advances,2
last,2
app,2
hoard,2
principal,2
suite,2
somewhat,2
burial,2
tools,2
whether,2
reduced,2
form,2
see,2
system,2
mountain,2
proven,2
number,2
aspects,2
barrett,2
information,2
original,2
generally,2
possible,2
future,2
herd,2
discussion,2
middle,2
both,2
valley,2
communities,2
forms,2
owners,2
knowledge,2
develop,2
due,2
identity,2
commodities,2
possessions,2
largely,2
discussions,2
assumption,2
began,2
surplus,2
using,2
exist,2
human,2
et,2
throughout,2
come,2
personal,2
proliferation,2
speak,2
previous,2
reflect,2
until,2
breaks,2
locations,2
dynamics,2
attributed,2
finally,2
points,2
essay,2
pulling,2
although,2
southern,2
characterized,2
building,2
tribal,2
next,2
bogucki,2
stages,2
contrast,2
transforming,2
earlier,2
ward,2
emerging,2
elements,2
around,2
small,2
soils,2
la,2
especially,2
amount,2
back,2
research,2
themselves,2
amphora,2
challenge,2
reached,2
truly,2
dedicated,2
all,2
including,2
journal,2
corresponds,2
grain,2
north,2
livestock,2
stone,2
value,2
axes,2
provided,2
southeastern,2
premiers,2
recast,1
increasing,1
brgzu,1
model,1
distribution,1
unexpected,1
final,1
interacted,1
van,1
uppsala,1
flourished,1
rights,1
llc,1
corded,1
dawn,1
opposed,1
accumulate,1
testable,1
mesolithic,1
cope,1
transform,1
habitats,1
ruijs,1
ploughs,1
pendant,1
me,1
significant,1
pearson,1
publishing,1
matter,1
nonetheless,1
convergence,1
practices,1
gaga,1
fairly,1
quite,1
provide,1
cist,1
fertile,1
lipid,1
sometimes,1
generated,1
action,1
stays,1
variously,1
advanced,1
elaboration,1
short,1
jadeite,1
predecessors,1
knowhow,1
remain,1
elasticity,1
facade,1
program,1
expansion,1
bulb,1
subject,1
barley,1
limited,1
rehafted,1
defining,1
everyone,1
institution,1
rejonie,1
antagonistic,1
rower,1
environmental,1
precisely,1
indication,1
edges,1
fewer,1
fascinating,1
thickets,1
male,1
coastal,1
happen,1
fords,1
enters,1
foraging,1
brings,1
luck,1
get,1
deviation,1
portages,1
gain,1
empirical,1
transformed,1
poorer,1
konrad,1
introduction,1
abstraction,1
reworked,1
surviving,1
effectively,1
grinding,1
orthogonally,1
wheels,1
interplay,1
properties,1
traghetti,1
similar,1
grew,1
group,1
rites,1
artist,1
direct,1
roads,1
engineered,1
rondels,1
why,1
settled,1
study,1
produced,1
spectacular,1
adept,1
combines,1
mediator,1
dairy,1
elaborate,1
identify,1
smallholder,1
pastures,1
interconnected,1
hope,1
frank,1
control,1
formed,1
communications,1
petrequin,1
epoki,1
sort,1
true,1
brzescia,1
motivation,1
ways,1
congeners,1
s,1
making,1
means,1
approaches,1
references,1
sudden,1
understand,1
thoroughfares,1
sure,1
acquisition,1
requiring,1
bank,1
kluwer,1
western,1
pastoralists,1
poczgtki,1
fought,1
experimentation,1
east,1
earliest,1
evolved,1
wheeled,1
tracks,1
preclude,1
maiden,1
matters,1
addressed,1
forests,1
objects,1
organization,1
antler,1
favorable,1
familiar,1
anthropological,1
pose,1
dugouts,1
occurred,1
artifact,1
lowland,1
dated,1
heavy,1
ambitious,1
aversion,1
stretches,1
clearly,1
takes,1
developed,1
producers,1
down,1
safe,1
keeping,1
following,1
teaching,1
shifting,1
dispersed,1
refine,1
impact,1
broke,1
traces,1
conclusion,1
presumably,1
cal,1
princeton,1
al,1
robust,1
cancian,1
definition,1
incandescent,1
university,1
peoples,1
already,1
metals,1
alien,1
test,1
mitigated,1
g,1
stuck,1
diffusion,1
carpathians,1
gritty,1
said,1
notre,1
resource,1
sherratt,1
consistent,1
origins,1
powerful,1
inheritance,1
follow,1
moderated,1
readings,1
upland,1
either,1
stones,1
acceptable,1
published,1
les,1
physical,1
discarded,1
persuasive,1
routes,1
cost,1
putting,1
labor,1
telegraphic,1
doi,1
tripod,1
symbol,1
temperate,1
posed,1
begin,1
en,1
maturity,1
haves,1
derives,1
oslonek,1
explain,1
did,1
linear,1
dominant,1
distant,1
ii,1
know,1
toward,1
trained,1
again,1
rapid,1
fig,1
view,1
actively,1
watersheds,1
usefulness,1
hear,1
inequality,1
amphibolite,1
permanently,1
osteological,1
each,1
externally,1
experienced,1
varied,1
jan,1
raw,1
opening,1
response,1
efforts,1
result,1
advance,1
worth,1
remembered,1
came,1
entrepreneurs,1
brzesc,1
heavier,1
affiliated,1
exploration,1
innovations,1
category,1
funnel,1
scholars,1
wiley,1
ubiquitous,1
broken,1
fortunes,1
transient,1
conservative,1
copied,1
economics,1
bottlenecks,1
extended,1
minimized,1
boleraz,1
crop,1
prone,1
derived,1
educated,1
grave,1
really,1
fruits,1
break,1
deal,1
quiescent,1
incubators,1
diverse,1
atlantic,1
material,1
brian,1
defeat,1
launched,1
zone,1
flamboyant,1
animale,1
triadic,1
meanwhile,1
luxury,1
nodal,1
cnrs,1
emerge,1
metier,1
going,1
wealthy,1
synergy,1
discussed,1
burst,1
shock,1
spreadsheet,1
worn,1
experts,1
passage,1
external,1
respectfully,1
ferries,1
question,1
anthropologist,1
loose,1
circulation,1
papers,1
outside,1
took,1
fits,1
path,1
believed,1
drove,1
do,1
monographs,1
concepts,1
trapped,1
vehicle,1
webs,1
play,1
transactions,1
cultural,1
neolit,1
discipline,1
reading,1
purchase,1
f,1
economy,1
developing,1
confined,1
keywords,1
investigation,1
transmitted,1
worldwide,1
context,1
appears,1
residential,1
recently,1
ad,1
recyclable,1
cannot,1
akin,1
degree,1
nodes,1
applied,1
side,1
well,1
scale,1
intertwined,1
seem,1
practice,1
harvested,1
however,1
rich,1
statement,1
smithsonian,1
teeth,1
belief,1
vast,1
yoked,1
courtesy,1
problem,1
adaptation,1
albeit,1
formulation,1
photo,1
circulate,1
waters,1
shifts,1
saddle,1
sought,1
planted,1
foundations,1
iv,1
out,1
edge,1
visicalc,1
saying,1
regionally,1
memory,1
biographies,1
because,1
boat,1
studying,1
require,1
apple,1
exposure,1
speculatively,1
changed,1
baltic,1
specifically,1
years,1
almost,1
property,1
thousands,1
account,1
too,1
escaping,1
carpathian,1
becomes,1
prior,1
empirically,1
apt,1
lasting,1
radiated,1
allowing,1
contain,1
away,1
condition,1
art,1
accomplishment,1
finished,1
translated,1
establishing,1
wessex,1
examples,1
contexts,1
suggests,1
millenaires,1
industrial,1
residue,1
start,1
disagree,1
run,1
maritime,1
insights,1
directions,1
hoopes,1
bytyri,1
doorstep,1
west,1
prominent,1
brought,1
beakers,1
refinement,1
story,1
say,1
purpose,1
introduced,1
passes,1
establishment,1
previously,1
hide,1
resources,1
dover,1
looking,1
alongside,1
bottom,1
procure,1
interior,1
possession,1
variability,1
african,1
against,1
techniques,1
training,1
technical,1
lies,1
step,1
assumptions,1
jazdzewski,1
artifacts,1
iconic,1
everything,1
loss,1
adapted,1
food,1
complement,1
exploitation,1
residues,1
place,1
inherited,1
salvaged,1
returned,1
apel,1
collective,1
breakthrough,1
sourcebook,1
aside,1
pleasure,1
writing,1
linked,1
goals,1
athletic,1
piedmont,1
runs,1
think,1
prerequisite,1
perishable,1
goal,1
maturation,1
stochastic,1
andrew,1
freshman,1
includes,1
propositions,1
differential,1
propagate,1
employed,1
complicated,1
rocks,1
relationships,1
permission,1
ere,1
curated,1
recording,1
differentiation,1
lakes,1
trade,1
status,1
feinman,1
open,1
slower,1
own,1
wheat,1
clear,1
challenging,1
discovered,1
loosely,1
initial,1
directed,1
web,1
persuasiveness,1
attitudinal,1
t,1
internally,1
hoc,1
de,1
history,1
costumes,1
d,1
asymmetries,1
dynamic,1
peter,1
lady,1
relatively,1
elevations,1
legacy,1
interregional,1
times,1
floodplains,1
commerce,1
sense,1
land,1
caused,1
linkage,1
define,1
collaboration,1
barnett,1
usa,1
burials,1
below,1
spread,1
constituent,1
parts,1
assessment,1
smaller,1
suggest,1
dellink,1
stage,1
high,1
trackless,1
modeled,1
extensively,1
indicators,1
regular,1
distinction,1
arena,1
abrading,1
affairs,1
defined,1
arteries,1
kept,1
proximity,1
turn,1
mediterranean,1
abstractions,1
stimulated,1
tangible,1
melted,1
parkinson,1
standard,1
barriers,1
drainage,1
nor,1
shift,1
submit,1
paths,1
roughly,1
underlying,1
agropastoral,1
cham,1
am,1
graves,1
enough,1
wider,1
potential,1
spanned,1
highly,1
consumable,1
parallel,1
envision,1
assumed,1
breaking,1
uses,1
extraordinary,1
venice,1
price,1
paired,1
craft,1
single,1
businesses,1
pathways,1
bottoms,1
climate,1
distinguished,1
assessing,1
bone,1
half,1
ann,1
blackwell,1
acquire,1
engineering,1
interconnections,1
telling,1
preceding,1
axe,1
structure,1
recycled,1
explore,1
seed,1
exclusively,1
drawn,1
department,1
analyze,1
mix,1
northwestern,1
persuaded,1
sheer,1
arose,1
communication,1
productivity,1
kujawski,1
looked,1
northern,1
hayden,1
focus,1
secrets,1
ground,1
saw,1
comparable,1
kujawskiego,1
roots,1
upstream,1
zones,1
diminish,1
avant,1
longer,1
editions,1
dairying,1
doing,1
propose,1
attention,1
moved,1
locked,1
draft,1
geographical,1
lengyel,1
proportions,1
grygiel,1
decision,1
conducts,1
barter,1
unimaginable,1
local,1
hypothesis,1
