WORDCOUNTS,WEIGHT
the,1110
and,995
of,815
in,706
hohokam,341
a,228
pp,218
p,177
j,163
period,147
for,143
that,126
d,125
no,113
arizona,112
at,107
to,107
archaeological,106
basin,102
m,95
on,95
s,93
american,90
is,86
as,85
from,85
university,80
were,80
desert,79
this,76
tucson,75
southwest,75
classic,73
r,69
e,68
an,65
some,59
was,59
by,59
north,59
archaeology,58
tonto,55
g,54
river,54
et,54
with,54
phoenix,54
new,53
early,53
sites,50
h,49
their,49
anthropological,49
are,49
research,48
platform,46
prehistoric,45
c,45
t,44
these,44
or,43
l,42
phase,41
w,41
k,40
state,39
regional,38
also,38
systems,38
settlements,37
sonoran,37
community,37
social,36
have,36
although,36
santa,35
production,35
mexico,35
america,34
along,34
pueblo,34
b,34
organization,34
irrigation,34
bayman,33
site,33
society,33
than,31
not,31
salado,30
grande,30
other,29
ceramics,29
ceramic,29
valley,28
center,27
ad,27
kiva,27
areas,27
like,27
craft,27
been,27
evidence,27
vol,26
ball,26
southwestern,26
salt,26
between,26
among,26
lower,25
gila,25
museum,25
development,24
communities,24
mound,24
cruz,24
shell,23
such,22
most,22
populations,22
exchange,22
mounds,22
has,22
roosevelt,21
may,21
used,21
during,21
verde,21
more,21
canals,21
perspectives,21
archaeologists,20
local,20
interpretations,20
system,19
canal,19
settlement,19
economic,19
be,19
marine,18
cultural,18
century,18
subsistence,18
late,18
many,18
obsidian,18
northern,18
village,17
southern,17
fish,17
core,17
f,17
mountain,17
structure,17
agricultural,17
large,16
investigations,16
x,16
publications,16
journal,16
mcdowell,16
well,16
casa,16
its,16
small,16
formative,16
time,16
snaketown,16
proceedings,16
association,16
villages,15
economies,15
sedentary,15
place,15
patterns,15
after,15
recent,15
within,14
papers,14
west,14
excavations,14
perspective,14
san,14
water,14
models,14
chronology,14
it,13
now,13
stone,13
studies,13
de,13
south,13
culture,13
mountains,13
ideology,13
area,13
antiquity,13
soil,13
groups,12
red,12
they,12
di,12
into,12
agriculture,12
earlier,12
burials,12
prehistory,12
n,12
population,12
change,12
field,12
once,12
use,12
which,12
often,12
periphery,12
both,12
re,12
cienega,12
tion,11
papagueria,11
different,11
i,11
wilcox,11
central,11
centers,11
record,11
work,11
los,11
elson,11
status,11
advancement,11
division,11
polvoron,11
technology,11
sequence,11
school,11
current,11
report,11
through,11
role,11
rocky,11
view,10
one,10
court,10
relatively,10
traditions,10
developed,10
documented,10
annual,10
included,10
only,10
exploring,10
roadrunner,10
sociopolitical,10
glenwood,10
analysis,10
peoples,10
middle,10
consumption,10
much,10
courts,9
contexts,9
certainly,9
archae,9
political,9
prior,9
since,9
study,9
origins,9
called,9
occupation,9
technical,9
several,9
perennial,9
department,9
rock,9
took,9
v,9
valleys,9
elite,9
historic,9
worldview,9
complexity,9
must,9
did,9
goods,9
notable,9
increased,9
resources,9
mortuary,8
introduction,8
complex,8
ritual,8
review,8
van,8
specialization,8
further,8
burial,8
residential,8
haury,8
pedro,8
bc,8
part,8
rituals,8
smithsonian,8
european,8
synthesis,8
yet,8
nonlocal,8
al,8
two,8
power,8
contemporary,8
less,8
interpreting,8
high,8
locales,8
pottery,8
colorado,8
swca,8
historical,8
phd,8
land,8
remains,8
specific,8
gladwin,8
maize,7
second,7
migration,7
women,7
great,7
hunting,7
unpublished,7
ern,7
even,7
doelle,7
creek,7
lives,7
changes,7
circulation,7
public,7
artifacts,7
away,7
reflect,7
horizon,7
world,7
periods,7
ceremonial,7
ware,7
management,7
larger,7
ground,7
strategies,7
native,7
ethnic,7
theoretical,7
points,7
contact,7
probably,7
la,7
marana,7
construction,7
centuries,7
series,7
known,7
alternative,7
specialized,7
what,7
form,7
researchers,7
com,7
offer,7
include,7
ca,7
common,6
greater,6
western,6
later,6
emerged,6
tradition,6
vanishing,6
there,6
con,6
occasional,6
eastern,6
possible,6
pre,6
prehispanic,6
issues,6
chaco,6
throughout,6
fig,6
houses,6
storage,6
rather,6
az,6
elsewhere,6
resource,6
ornament,6
important,6
based,6
identifying,6
puebloan,6
pioneer,6
monograph,6
sedentism,6
still,6
intervention,6
sri,6
but,6
structures,6
farming,6
pattern,6
perhaps,6
mcguire,6
degree,6
crafts,6
landscapes,6
agave,6
streams,6
ecological,6
widespread,6
ing,6
exists,6
precise,6
temporal,6
over,6
basins,6
ideological,6
cultivation,6
whether,6
distribution,6
almost,6
variability,6
transition,6
copper,6
indians,6
varied,6
until,6
major,6
history,5
unlike,5
occurred,5
inequality,5
before,5
nineteenth,5
source,5
themes,5
upland,5
either,5
sources,5
evolution,5
concentrated,5
differences,5
compounds,5
analyses,5
subsequent,5
those,5
context,5
projectile,5
westview,5
primary,5
sixteenth,5
data,5
behavior,5
framework,5
dynamics,5
illustrates,5
given,5
estimates,5
immigrants,5
concerning,5
dates,5
spite,5
leadership,5
growth,5
northland,5
direct,5
special,5
plat,5
emergence,5
house,5
frequently,5
ancient,5
whereas,5
had,5
plateau,5
though,5
focused,5
concept,5
competing,5
people,5
surrounding,5
redware,5
buildings,5
tempe,5
ological,5
variety,5
practices,5
identified,5
located,5
overall,5
expanded,5
religious,5
continuity,5
riverine,5
variation,5
outside,5
present,5
developing,5
material,5
project,5
years,5
another,5
crown,5
refining,5
findings,5
food,5
reservoirs,5
recovery,5
dating,5
trade,5
so,5
function,5
plant,5
least,5
courtyard,5
especially,5
states,5
dual,5
sometimes,5
institutions,5
precontact,5
united,5
environment,5
grewe,5
geographic,5
nonriverine,5
organizational,5
anthropology,5
cultures,5
domestic,5
las,5
boundaries,5
game,5
explanations,5
terms,5
medallion,5
while,5
chronometric,5
art,5
manufacture,5
elites,5
interaction,5
birds,4
preclassic,4
foraging,4
utility,4
ical,4
boulder,4
materials,4
explaining,4
chacmool,4
origin,4
mogollon,4
expedition,4
east,4
consumed,4
point,4
sand,4
health,4
bostwick,4
elements,4
casas,4
heidke,4
mobility,4
witnessed,4
unresolved,4
general,4
poorly,4
using,4
york,4
across,4
lomita,4
cremation,4
ex,4
signatures,4
white,4
support,4
accounts,4
developments,4
circulated,4
orientation,4
albuquerque,4
undertaken,4
stark,4
societies,4
could,4
traits,4
near,4
directly,4
already,4
tohono,4
piman,4
apparently,4
multisite,4
artifact,4
trends,4
approach,4
suggest,4
around,4
highly,4
peak,4
decline,4
ancestral,4
when,4
up,4
preliminary,4
chronological,4
onset,4
limited,4
reconstruction,4
harry,4
indicates,4
relied,4
floods,4
interpretation,4
shelltown,4
reliance,4
increasingly,4
walled,4
demographic,4
communal,4
importation,4
appeared,4
figurines,4
do,4
model,4
where,4
vast,4
made,4
region,4
including,4
empirical,4
rivers,4
processes,4
ceremonies,4
individual,4
architectural,4
characterized,4
shortly,4
abundant,4
methods,4
ornaments,4
sug,4
occupied,4
widely,4
bighorn,4
genesis,4
directions,4
indicate,4
life,4
spanish,4
paper,4
ar,4
twelfth,4
cal,4
economy,4
correlates,4
institute,4
suggests,4
trees,4
became,4
analogy,4
functions,4
archaic,4
offered,4
potential,4
km,4
southeastern,4
evidently,4
hypothesis,4
samples,3
gatlin,3
corporate,3
implies,3
adoption,3
mesoamerica,3
agua,3
excavation,3
sys,3
diffusion,3
mesa,3
being,3
architecture,3
pimans,3
taken,3
debating,3
might,3
kilometers,3
all,3
seems,3
harbor,3
principles,3
interred,3
together,3
potentially,3
feature,3
devised,3
caliente,3
emphasized,3
greatly,3
behind,3
rethinking,3
case,3
ascribed,3
plain,3
demography,3
logical,3
illustrate,3
preceramic,3
household,3
warfare,3
wallace,3
terraces,3
adopted,3
comprised,3
drainage,3
alliances,3
overarching,3
influence,3
his,3
reff,3
centered,3
signaled,3
lay,3
arid,3
proposed,3
numbers,3
northeastern,3
followed,3
ceremony,3
exploitation,3
method,3
utah,3
shifted,3
decades,3
iconography,3
demise,3
faunal,3
fishing,3
mesoamerican,3
diet,3
inter,3
term,3
war,3
produced,3
intensity,3
scale,3
foreshadowed,3
facilities,3
wide,3
basis,3
pima,3
gibbon,3
significantly,3
example,3
apparent,3
polychrome,3
indigenous,3
palettes,3
refined,3
cibola,3
broad,3
papago,3
stylized,3
interregional,3
thirteenth,3
emphasizes,3
gests,3
involved,3
mitchell,3
few,3
presence,3
descendants,3
freeway,3
provided,3
will,3
led,3
likely,3
implications,3
various,3
flagstaff,3
about,3
springs,3
incipient,3
sky,3
rabbits,3
ethnographic,3
chihuahuan,3
functioned,3
oral,3
heritage,3
others,3
treatment,3
occupations,3
debates,3
debated,3
man,3
anthropologist,3
conclusions,3
unclear,3
containers,3
shifts,3
reflected,3
santan,3
original,3
simple,3
discussion,3
background,3
range,3
cult,3
clustered,3
doyel,3
worship,3
identity,3
significant,3
archaeomagnetic,3
marcos,3
radiocarbon,3
arguably,3
neoevolutionary,3
amounts,3
co,3
held,3
administrative,3
latter,3
men,3
internal,3
hind,3
institution,3
grandes,3
increasing,3
imply,3
bureau,3
figure,3
testing,3
pe,3
began,3
grinding,3
originated,3
rim,3
earliest,3
abandonment,3
contained,3
stratigraphic,3
eventually,3
any,3
associated,3
believed,3
underlying,3
simply,3
constructed,3
meat,3
offers,3
crockett,3
best,3
foundation,3
avra,3
plazas,3
past,3
animal,3
ologists,3
selected,3
adaptation,3
emphasis,3
level,3
multiple,3
confirm,3
agents,3
territory,3
colonial,3
phenomenon,3
tions,3
pinnacle,3
our,3
argues,3
cambridge,3
plausible,3
mative,3
should,3
need,3
limitations,3
summary,3
supported,3
inhumations,3
vary,3
lake,3
views,3
evi,3
immediately,3
strong,3
technological,3
built,3
final,2
difficult,2
does,2
syntax,2
limits,2
cactus,2
generated,2
imported,2
functional,2
represent,2
environmental,2
elementary,2
tator,2
agency,2
ma,2
dart,2
fray,2
o,2
noncore,2
former,2
reduced,2
geometric,2
morteros,2
bend,2
riod,2
first,2
hopi,2
revisited,2
protohis,2
deaver,2
fifteenth,2
patricio,2
location,2
utilization,2
goal,2
nature,2
confirmed,2
available,2
individuals,2
crops,2
vahki,2
ter,2
found,2
sometime,2
ktva,2
achieved,2
last,2
date,2
influences,2
side,2
brief,2
key,2
albeit,2
formulation,2
masked,2
reanalysis,2
shared,2
establishing,2
apart,2
infer,2
indicating,2
bowls,2
horticulturists,2
diversity,2
pithouse,2
implements,2
human,2
iron,2
includes,2
reservoir,2
cemeteries,2
mabry,2
neighbor,2
explorers,2
surrounded,2
clay,2
conducted,2
assessment,2
pimeria,2
dence,2
advances,2
items,2
stored,2
amount,2
spanned,2
served,2
kinship,2
beginning,2
acknowledge,2
picacho,2
higher,2
surprisingly,2
civilization,2
ruins,2
fort,2
reflects,2
without,2
remain,2
postcontact,2
en,2
tary,2
ce,2
anthro,2
schoolhouse,2
plicated,2
opportunities,2
transitional,2
certain,2
parts,2
assuming,2
cooking,2
productive,2
consequences,2
factors,2
means,2
monumental,2
gional,2
presumably,2
clearly,2
ideologies,2
impact,2
argued,2
upper,2
four,2
commonly,2
flats,2
surface,2
beyond,2
generally,2
queen,2
problems,2
arguable,2
syntheses,2
strategy,2
preference,2
suggested,2
dc,2
expressed,2
gregory,2
unanimous,2
tem,2
supplemented,2
search,2
access,2
international,2
neighboring,2
acquire,2
buried,2
versity,2
viewed,2
recently,2
inches,2
designations,2
tracking,2
possibility,2
char,2
hierarchies,2
participation,2
future,2
degrees,2
egalitarian,2
del,2
heavily,2
characterization,2
henderson,2
confirms,2
thoughts,2
gender,2
hemenway,2
maricopa,2
tumamoc,2
northwest,2
toric,2
contains,2
records,2
participated,2
rodents,2
focuses,2
entered,2
buff,2
own,2
ethnicity,2
regions,2
published,2
working,2
soci,2
underscore,2
eco,2
consensus,2
nials,2
loci,2
results,2
veloped,2
value,2
settle,2
turquoise,2
processual,2
he,2
deities,2
expansion,2
tropical,2
comments,2
jackrabbits,2
unprecedented,2
atop,2
legitimized,2
southeast,2
biological,2
rincon,2
overview,2
civano,2
bioethnography,2
emil,2
thought,2
array,2
under,2
us,2
antler,2
eties,2
enigmatic,2
shock,2
same,2
largest,2
noted,2
kino,2
volume,2
name,2
challenge,2
toward,2
ahlstrom,2
amerind,2
cable,2
towns,2
wetlands,2
addition,2
cultivated,2
fact,2
longer,2
plan,2
compound,2
conventional,2
grave,2
ership,2
serious,2
external,2
streamflow,2
remarkable,2
shrubs,2
road,2
seventeenth,2
underscores,2
see,2
distance,2
explicitly,2
archaeo,2
disease,2
assemblages,2
chronologies,2
values,2
nonelite,2
deserts,2
increase,2
manifestations,2
artiodactyl,2
entirely,2
envi,2
traded,2
emphasize,2
questions,2
exhibited,2
rare,2
continue,2
examination,2
frame,2
ties,2
open,2
meanings,2
agreement,2
dominated,2
decorated,2
maintenance,2
symposium,2
floodplains,2
would,2
spread,2
skulls,2
features,2
am,2
uni,2
dry,2
households,2
pozos,2
black,2
favored,2
graphic,2
elaborate,2
crema,2
typically,2
dollars,2
pro,2
we,2
adaptive,2
cen,2
chert,2
immigration,2
chaeologists,2
bells,2
space,2
continued,2
provide,2
science,2
pithouses,2
begin,2
contraction,2
referred,2
monuments,2
dimensions,2
who,2
publi,2
collections,2
detailed,2
contribution,2
sequences,2
fall,2
surprising,2
respect,2
stratified,2
freshwater,2
acquired,2
argillite,2
implied,2
fertility,2
gran,2
set,2
integrative,2
defining,2
muertos,2
control,2
each,2
legitimize,2
facing,2
sheep,2
ancestor,2
exploration,2
seem,2
organiza,2
argue,2
visiting,2
terraced,2
then,2
inference,2
pit,2
distinctive,2
living,2
according,2
unique,2
involvement,2
plants,2
particular,2
seasonal,2
niza,2
theory,2
jack,2
waters,2
prestige,2
yield,2
influenced,2
phenomena,2
size,2
northwestern,2
pits,2
prehis,2
city,2
despite,2
cations,2
predecessors,2
techniques,2
ecology,2
lies,2
commodities,2
divided,2
terminal,2
courtyards,2
undecorated,2
intensified,2
protohistoric,2
institutional,2
national,2
newsletter,2
parallels,2
integrated,2
gen,2
smaller,2
tabular,2
earthen,2
plainware,2
shift,2
flooding,2
territories,2
distinctions,2
hills,2
era,2
substantial,2
spe,2
huckell,2
abandoned,2
duction,2
sourcing,2
focus,2
duration,2
networks,2
broader,2
roles,2
frequent,1
cultigens,1
ments,1
go,1
margins,1
pervaded,1
monu,1
formulated,1
currently,1
mostly,1
jacal,1
appropriation,1
surround,1
calender,1
nonsynchronic,1
hallmarks,1
kwa,1
gree,1
edge,1
symbolized,1
conflicting,1
orna,1
if,1
adopt,1
indicated,1
tusayan,1
stylistic,1
preted,1
names,1
riety,1
cultiva,1
faced,1
slaughter,1
tory,1
clams,1
affected,1
reconsidered,1
wa,1
reorga,1
rainmaking,1
flect,1
repre,1
cerros,1
magnetic,1
measures,1
alone,1
ultimate,1
considerably,1
flexed,1
enclosing,1
notably,1
hallucinogens,1
sphere,1
distributed,1
per,1
likewise,1
enduring,1
screening,1
versial,1
denied,1
expression,1
ample,1
elaborated,1
identify,1
linkages,1
miriam,1
true,1
managing,1
schoonover,1
bias,1
contend,1
eusebio,1
upheaval,1
intermittent,1
modern,1
ballcourt,1
park,1
january,1
considerations,1
cific,1
acceptance,1
trace,1
intermontane,1
comparisons,1
opas,1
em,1
schuk,1
tunity,1
valencia,1
domes,1
exceptions,1
induced,1
contested,1
hillsides,1
anthropo,1
descriptions,1
controlled,1
miscella,1
mote,1
test,1
highlight,1
predominantly,1
accumulation,1
said,1
piles,1
canyon,1
unearthed,1
jesse,1
modest,1
long,1
reconstructions,1
acephalous,1
egalitarianism,1
segregation,1
interests,1
exclusive,1
originally,1
meters,1
culturally,1
kakai,1
elusive,1
astronomical,1
corridors,1
meaning,1
archaeomagnetism,1
sensus,1
reptiles,1
downplay,1
pretations,1
funerals,1
analogies,1
neil,1
diseases,1
departure,1
escolante,1
cial,1
textiles,1
meddler,1
ssb,1
broadly,1
sedimentation,1
petroglyph,1
reasons,1
fied,1
altruistic,1
timing,1
accumulated,1
ramic,1
rich,1
normative,1
scholar,1
follows,1
studied,1
disappearance,1
recruit,1
closer,1
reveal,1
onto,1
concludes,1
launched,1
religion,1
polychromes,1
reproduction,1
signa,1
roasting,1
vegetation,1
inferring,1
multivillage,1
concepts,1
consulting,1
reminiscent,1
peso,1
diversify,1
reading,1
somewhat,1
ity,1
segmentary,1
embankments,1
intersected,1
buri,1
livelihood,1
insti,1
explosive,1
datable,1
post,1
fossils,1
crystal,1
moisture,1
botanical,1
linear,1
courtesy,1
mensions,1
nearly,1
bones,1
pub,1
mass,1
hall,1
trays,1
blanca,1
immediate,1
mesh,1
design,1
figs,1
account,1
gardens,1
quantities,1
distributing,1
politics,1
compelling,1
activity,1
intro,1
quality,1
zuni,1
solely,1
subadult,1
flank,1
measuring,1
stratigraphy,1
symbolic,1
mental,1
except,1
conceptual,1
carved,1
ide,1
tlement,1
ideologically,1
coordinating,1
twomillennia,1
overlooking,1
tropi,1
dynamic,1
saguaro,1
interior,1
delegations,1
awaits,1
explorer,1
par,1
collection,1
government,1
unrecognized,1
harold,1
labor,1
avenues,1
repeatedly,1
regarding,1
generalized,1
frequencies,1
million,1
thus,1
confounds,1
evident,1
thekiva,1
apex,1
collapse,1
affiliation,1
dependence,1
tury,1
influx,1
estimating,1
costumes,1
representations,1
bison,1
dendrochronological,1
scent,1
intractable,1
countless,1
contemporaneous,1
alternately,1
due,1
earthquakes,1
inappropri,1
cialization,1
pursuit,1
hierarchy,1
ciolek,1
philosophical,1
medio,1
interest,1
bridging,1
expeditions,1
sp,1
hawaii,1
ingesting,1
price,1
grouped,1
jr,1
constellation,1
topic,1
sidian,1
kind,1
lw,1
chihuahua,1
priority,1
nonkin,1
nor,1
relations,1
embedded,1
david,1
frequented,1
refer,1
convincing,1
butte,1
body,1
searchers,1
wares,1
cant,1
fate,1
lineage,1
spotty,1
compared,1
mussels,1
clarity,1
coronado,1
detecting,1
find,1
nialists,1
nondomestic,1
hosting,1
terminated,1
border,1
observatory,1
gest,1
jones,1
understood,1
sition,1
tained,1
transactions,1
nuanced,1
fer,1
ton,1
ethnobiological,1
ment,1
confluence,1
cused,1
walls,1
labelle,1
usurp,1
phases,1
bimodal,1
agrewe,1
divergence,1
rights,1
assessed,1
lages,1
via,1
interesting,1
sample,1
knoxville,1
simplified,1
whose,1
stitution,1
essential,1
identification,1
mak,1
exact,1
underway,1
unified,1
expanding,1
encompassed,1
highlands,1
adds,1
angeles,1
district,1
illustration,1
sort,1
astronomy,1
strictly,1
salvage,1
landscape,1
artiodactyls,1
sizable,1
ideolog,1
af,1
var,1
levels,1
scream,1
process,1
highway,1
represented,1
opportunity,1
dean,1
lasted,1
supplement,1
flexible,1
similar,1
millions,1
accumulate,1
greenwald,1
cru,1
balanced,1
ongoing,1
peer,1
contributions,1
jesuit,1
pages,1
references,1
possess,1
enriched,1
upstream,1
discoveries,1
animals,1
ves,1
plog,1
miscellaneous,1
periodic,1
altar,1
oxides,1
plaza,1
wash,1
lehi,1
acquisition,1
tinued,1
old,1
marks,1
tensions,1
consider,1
locally,1
possibly,1
aqua,1
sycamore,1
objects,1
neous,1
statistical,1
established,1
organized,1
yellow,1
ethnobiology,1
dated,1
branch,1
gerven,1
gradually,1
nonperennial,1
archaeol,1
observations,1
fare,1
iconog,1
accumulating,1
age,1
recovered,1
additional,1
lithic,1
map,1
linkage,1
cotton,1
evaluation,1
cost,1
rice,1
requires,1
terminology,1
fre,1
plenum,1
permanent,1
destructive,1
explain,1
fewkes,1
dominant,1
terials,1
encode,1
ulation,1
strengthen,1
caches,1
myths,1
nomics,1
reflections,1
ogists,1
ei,1
contention,1
diachronic,1
raw,1
uses,1
closely,1
problem,1
endogenous,1
ditions,1
lead,1
pursuits,1
basalt,1
arrival,1
avenue,1
tra,1
declined,1
histories,1
interconnectedness,1
transient,1
acknowledgments,1
accommodated,1
capas,1
difficulty,1
cienegas,1
color,1
ology,1
houghton,1
typical,1
midden,1
acteristics,1
cholla,1
yoffee,1
paleonutrition,1
hallucinogenic,1
effort,1
dunes,1
underneath,1
calgary,1
terminological,1
val,1
austin,1
events,1
symptom,1
imagination,1
seriations,1
endeavor,1
francisco,1
charles,1
captured,1
vigorous,1
fo,1
coyote,1
featured,1
base,1
popu,1
respects,1
archaeofaunal,1
fans,1
floodwater,1
handbook,1
exceptional,1
periph,1
cups,1
equally,1
tran,1
receive,1
idence,1
cuts,1
block,1
reservation,1
advertise,1
cushings,1
cannot,1
internecine,1
wherein,1
maddeningly,1
tohoho,1
ious,1
vivid,1
schist,1
shamanism,1
pollen,1
hypothetical,1
unre,1
pleistocene,1
required,1
enjoyed,1
acceleration,1
maile,1
gods,1
contro,1
substan,1
ods,1
james,1
paleopathology,1
routine,1
expressions,1
information,1
empie,1
criteria,1
briefly,1
ther,1
eyewitness,1
aspects,1
distinguishes,1
underlie,1
watershed,1
kfva,1
network,1
coursed,1
distinguish,1
seminal,1
revealed,1
thropomorphic,1
sity,1
updated,1
zoomorphic,1
scatters,1
tool,1
preferred,1
protein,1
occupants,1
hereditary,1
proportions,1
knowledge,1
quently,1
confined,1
patterning,1
curing,1
routinely,1
microenvironmental,1
intentionally,1
loss,1
year,1
continuation,1
sta,1
clarifying,1
describe,1
culated,1
jai,1
beginnings,1
lifeway,1
survey,1
beads,1
datura,1
fosas,1
chuk,1
call,1
interac,1
swift,1
formations,1
judd,1
func,1
manu,1
reconstructing,1
eighmy,1
lange,1
interpreted,1
morethan,1
strengthened,1
visions,1
connections,1
markedly,1
minds,1
heuristic,1
refuse,1
errors,1
paletas,1
related,1
suzanne,1
earth,1
precipitation,1
xavier,1
computer,1
construct,1
habi,1
normally,1
arise,1
cayetano,1
ago,1
spatially,1
urande,1
bottomlands,1
peterson,1
magician,1
mckellips,1
trading,1
councils,1
lized,1
order,1
subperiods,1
enrich,1
yuman,1
stimulated,1
reaches,1
quite,1
emerging,1
event,1
bank,1
contingency,1
dried,1
habitation,1
agement,1
endowed,1
sufficient,1
preucel,1
altered,1
components,1
trincheras,1
vation,1
eighth,1
fired,1
tation,1
rye,1
oro,1
notorious,1
sharpen,1
municipal,1
migrated,1
alluvial,1
mesomerican,1
concluded,1
diversified,1
ofcasas,1
oppor,1
yielded,1
predat,1
always,1
salinization,1
visible,1
conol,1
necessity,1
maxwell,1
games,1
correspondence,1
distinguishing,1
peculiar,1
cycle,1
notes,1
appropriate,1
searches,1
grateful,1
campment,1
beverages,1
inform,1
deer,1
ninth,1
institu,1
unbiased,1
massive,1
intermarriage,1
promising,1
tennessee,1
uniformly,1
commensurate,1
natural,1
settlers,1
span,1
marked,1
symbolism,1
units,1
cochise,1
lindauer,1
io,1
sociopo,1
interna,1
equality,1
summa,1
matter,1
colors,1
detected,1
ridge,1
klucas,1
commu,1
heredi,1
crownover,1
catchment,1
employed,1
mechanisms,1
short,1
indeed,1
alma,1
hinge,1
facture,1
exclusivity,1
barley,1
keuren,1
modes,1
corporation,1
return,1
hackbarth,1
forward,1
merits,1
framing,1
mediating,1
reorganization,1
modo,1
flagstaft,1
tor,1
interactions,1
bewildering,1
sponsored,1
initially,1
chaeological,1
movement,1
rites,1
cultivate,1
va,1
tends,1
whole,1
phys,1
structural,1
answering,1
spectacular,1
stricted,1
dimin,1
sponsorship,1
scarcity,1
sinagua,1
eral,1
ofsonora,1
inception,1
cietal,1
criticism,1
elaboration,1
peregrine,1
examined,1
wake,1
rubric,1
marshes,1
makes,1
consuming,1
paradox,1
older,1
corroborated,1
esoteric,1
detectable,1
rain,1
sex,1
mobile,1
fifth,1
restricted,1
scottsdale,1
dwelled,1
times,1
termination,1
favorable,1
specimens,1
archaeob,1
goldwater,1
tain,1
processing,1
decessors,1
assimilation,1
produciton,1
toha,1
publishing,1
light,1
complete,1
saw,1
washes,1
efforts,1
formalized,1
inferences,1
accelerated,1
indian,1
robust,1
organize,1
insights,1
odds,1
provocative,1
marrais,1
visitors,1
lvap,1
truncated,1
maintained,1
stones,1
ev,1
picture,1
hallmark,1
considers,1
regardless,1
persuasive,1
lack,1
simulation,1
havasupai,1
members,1
funerary,1
ensures,1
comparison,1
stronger,1
stated,1
journey,1
again,1
tlements,1
death,1
crm,1
preferences,1
procured,1
put,1
humations,1
motifs,1
unrivaled,1
winter,1
adobe,1
archaeologi,1
enced,1
anecdotal,1
lacked,1
averages,1
locational,1
bordering,1
pological,1
consideration,1
otanical,1
secondary,1
overwhelming,1
fundamental,1
conduct,1
scholars,1
blocks,1
foods,1
utilizing,1
materialization,1
terpreting,1
agree,1
wine,1
striking,1
relict,1
pervious,1
shaul,1
suggesting,1
eagle,1
children,1
governed,1
peri,1
commemorate,1
habitat,1
culti,1
diverse,1
nucleated,1
fallen,1
undec,1
sturdy,1
distributions,1
hiatus,1
roof,1
typological,1
chiefdom,1
larged,1
forms,1
never,1
abstract,1
everyday,1
nity,1
crosscut,1
imperatives,1
tainty,1
crowns,1
ofeusebio,1
square,1
sires,1
farmers,1
purposes,1
equate,1
archaeobotanical,1
gronde,1
empire,1
butterfly,1
noncomplex,1
non,1
compositional,1
tures,1
proaching,1
necessary,1
exotic,1
disparity,1
belief,1
exceeds,1
frequency,1
als,1
controversy,1
style,1
artists,1
argument,1
encountered,1
ticularly,1
cupied,1
outgrowth,1
thoroughly,1
vectors,1
bulletin,1
simon,1
demonstrated,1
meetings,1
sociopoliti,1
cently,1
recognizing,1
aggregation,1
interrelated,1
private,1
ine,1
technologies,1
greatest,1
exhibit,1
ignored,1
associates,1
uncer,1
extended,1
spectives,1
skepticism,1
examples,1
dered,1
alliance,1
craig,1
discovery,1
completed,1
brady,1
headdresses,1
refuges,1
formal,1
postclassic,1
systematics,1
deposits,1
archaeolog,1
crypts,1
manufactured,1
tank,1
sufficiently,1
strongest,1
contacts,1
varying,1
waned,1
clouded,1
largely,1
assumption,1
fourteenth,1
macroregional,1
itinerary,1
juan,1
factor,1
causes,1
complements,1
workloads,1
varia,1
ameliorate,1
munity,1
check,1
markers,1
precursor,1
ob,1
observed,1
california,1
excava,1
roberts,1
low,1
ternal,1
explorations,1
tication,1
clear,1
discovered,1
upcoming,1
dragoon,1
relationship,1
three,1
compressed,1
tional,1
stress,1
oc,1
peripheral,1
language,1
essay,1
ceremonialism,1
ganization,1
iden,1
sized,1
watered,1
feasible,1
divisions,1
revised,1
manje,1
summer,1
nonutilitarian,1
caso,1
farms,1
muchas,1
crafted,1
probable,1
lag,1
renewal,1
provides,1
wood,1
ap,1
unambiguous,1
procurement,1
fauna,1
agri,1
graves,1
annually,1
labels,1
insecurity,1
papa,1
trying,1
parallel,1
mundane,1
juncture,1
viewpoint,1
mineralogy,1
become,1
exactly,1
blanton,1
pects,1
can,1
availability,1
remainder,1
materialized,1
cuidad,1
hard,1
artisans,1
congres,1
ethnographically,1
anthropolog,1
differ,1
dissatis,1
ate,1
cottonwood,1
merly,1
chrono,1
wells,1
geography,1
versus,1
govern,1
relative,1
bonito,1
walsh,1
ination,1
sacaton,1
attention,1
bunson,1
petroglyphs,1
brown,1
penultimate,1
sented,1
examines,1
infants,1
seden,1
conflict,1
sufficiency,1
table,1
modification,1
abundance,1
perry,1
today,1
note,1
richest,1
reviewer,1
processed,1
lot,1
movements,1
segments,1
censers,1
investi,1
claimed,1
suspected,1
hill,1
inside,1
signifi,1
tify,1
pop,1
tive,1
el,1
shackley,1
lations,1
millennia,1
anxiety,1
recognize,1
questioned,1
supine,1
colonialists,1
discourse,1
figurine,1
rectly,1
cottontails,1
feasts,1
responsible,1
fe,1
slate,1
frontier,1
dead,1
composed,1
hydrological,1
griffith,1
aqueduct,1
fields,1
months,1
elder,1
woodbury,1
tial,1
canada,1
unusual,1
problematic,1
interpretive,1
tems,1
impacted,1
phe,1
idential,1
meant,1
considered,1
res,1
detail,1
claims,1
produc,1
ished,1
infusion,1
mension,1
heavy,1
rarely,1
practice,1
orated,1
dispersed,1
ters,1
exemplified,1
sauceda,1
univer,1
changing,1
intensification,1
incorporated,1
pueblos,1
lagomorphs,1
biography,1
ronment,1
demonstrate,1
summarize,1
solidly,1
pace,1
nutritional,1
vacant,1
droughts,1
mac,1
reconnaissance,1
funding,1
inherent,1
drew,1
minerals,1
bright,1
liances,1
shamans,1
dissem,1
berkeley,1
continental,1
extant,1
bridge,1
rainfall,1
ronmental,1
descent,1
cm,1
cemetery,1
reversal,1
forge,1
novel,1
acterized,1
december,1
assumed,1
sampling,1
believe,1
gone,1
fabrication,1
unknown,1
thropological,1
leaders,1
inhuma,1
equivocal,1
tandem,1
dur,1
temper,1
regard,1
escalante,1
corrugated,1
centrations,1
particularly,1
collins,1
rely,1
benefit,1
number,1
build,1
examining,1
going,1
yavapai,1
enlarged,1
admixture,1
type,1
quire,1
motives,1
merely,1
better,1
places,1
turned,1
growing,1
ditch,1
integrates,1
surpluses,1
scholarly,1
sectors,1
unlikely,1
patayan,1
carefully,1
investigation,1
syn,1
lands,1
cremations,1
spatial,1
cattail,1
making,1
degradation,1
temperatures,1
underpinnings,1
min,1
ravesloot,1
nization,1
signature,1
protective,1
ethnological,1
axis,1
ruin,1
shortages,1
mcdot,1
angela,1
heavier,1
tutions,1
amples,1
forma,1
utilitarian,1
reconstructible,1
weedy,1
homburg,1
hypothesize,1
cloth,1
migrations,1
produce,1
ethno,1
balance,1
discriminant,1
vil,1
hundreds,1
unrelenting,1
contain,1
archaeometry,1
categories,1
des,1
vessels,1
rizing,1
hassayampa,1
practical,1
socioeconomic,1
outline,1
emergent,1
occasionally,1
preserved,1
zation,1
illusive,1
litical,1
recognition,1
dams,1
mod,1
met,1
sheer,1
conclude,1
erally,1
slopes,1
lications,1
press,1
alta,1
adapta,1
radiation,1
reappraisal,1
situated,1
exceeded,1
pervades,1
matches,1
missionary,1
target,1
souls,1
arguments,1
manufacturing,1
abbott,1
challenges,1
disrupted,1
exceptionally,1
ized,1
archaeohistorical,1
phasize,1
gated,1
snuff,1
paleohydraulic,1
scendants,1
reinforced,1
mentor,1
come,1
rosa,1
formation,1
calcined,1
metal,1
storable,1
mayo,1
sediments,1
spacing,1
locations,1
differentiation,1
invasion,1
spect,1
difference,1
reveals,1
average,1
finding,1
quest,1
genders,1
twentieth,1
chemical,1
rockshelter,1
peru,1
mode,1
explanation,1
multiphase,1
teraction,1
colo,1
ootam,1
blage,1
instead,1
americas,1
texas,1
dense,1
define,1
constriction,1
sur,1
opinions,1
heartland,1
glass,1
ranch,1
integration,1
mobilization,1
organi,1
kawk,1
defined,1
inequalities,1
membership,1
paraphernalia,1
moun,1
knowl,1
quartz,1
roughly,1
reevaluating,1
sides,1
practiced,1
anonymous,1
moved,1
demo,1
barry,1
nomena,1
vessel,1
modeling,1
tradi,1
classificatory,1
ofventana,1
painted,1
bell,1
correlate,1
communi,1
reached,1
debate,1
calibrating,1
maximum,1
import,1
pology,1
element,1
plexity,1
documentary,1
little,1
parably,1
corn,1
peabody,1
counts,1
ethnoar,1
jor,1
zones,1
ballcourts,1
elabora,1
building,1
tus,1
draft,1
continuously,1
thesizing,1
gourd,1
deeper,1
looking,1
richly,1
assem,1
toak,1
heterogeneous,1
els,1
