WORDCOUNTS,WEIGHT
the,1087
of,926
and,888
in,458
to,354
a,328
maya,310
were,217
that,213
as,212
war,179
or,171
is,149
classic,148
for,142
at,138
are,137
by,136
with,118
their,116
have,113
was,111
on,104
such,100
this,95
from,92
some,86
not,84
political,77
more,74
be,74
we,71
they,70
other,66
most,66
but,66
pp,61
many,61
which,61
it,58
warfare,56
one,54
there,53
an,53
university,52
these,52
centers,51
about,50
been,50
no,49
p,49
i,47
even,46
only,46
new,46
inscriptions,45
period,44
royal,43
had,43
also,42
d,42
could,41
who,41
early,41
kings,40
century,39
wars,39
very,39
might,38
its,38
late,37
so,37
all,35
much,35
large,34
review,34
where,34
ancient,33
evidence,33
ad,32
tikal,31
webster,31
elite,30
j,30
polities,30
warriors,28
during,28
probably,28
between,28
well,27
when,27
over,27
what,27
them,27
among,27
military,26
because,26
did,26
long,25
central,25
how,25
art,25
major,25
than,24
events,24
few,24
his,24
northern,24
often,24
if,23
great,23
r,23
people,23
archaeological,23
can,23
associated,23
lowlands,22
ritual,22
w,22
time,22
own,22
although,22
conflict,21
after,21
eighth,21
would,21
s,20
rulers,20
especially,20
sometimes,20
e,19
has,19
along,19
out,19
preclassic,19
two,19
any,19
know,18
history,18
those,18
tribute,18
de,18
fortifications,18
important,18
lowland,18
contact,18
mayanists,18
made,18
enemy,18
themselves,18
center,17
population,17
m,17
status,17
small,17
society,17
copan,17
see,17
like,17
fought,17
particularly,17
texts,17
mesoamerica,16
seems,16
civilization,16
us,16
men,16
do,16
local,16
times,16
enemies,16
elites,16
recorded,15
whose,15
numbers,15
conflicts,15
polity,15
earlier,15
monuments,15
must,15
later,14
king,14
kind,14
effective,14
mexico,14
into,14
documented,14
t,14
high,14
through,14
think,14
dos,14
common,13
southern,13
l,13
just,13
dynastic,13
commoners,13
sites,13
et,13
around,13
up,13
region,13
postclassic,13
archaeology,13
our,13
stuart,12
territorial,12
american,12
kinds,12
occurred,12
before,12
certainly,12
yucatan,12
piedras,12
landscape,12
captives,12
parts,12
recently,12
used,12
personal,12
least,12
several,12
research,12
world,12
may,12
doubt,12
another,12
usually,12
then,12
apparently,12
complex,11
first,11
collapse,11
capture,11
clearly,11
dominant,11
found,11
dumbarton,11
sacrifice,11
related,11
calakmul,11
forces,11
he,11
social,11
power,11
ruler,11
glyphs,11
destruction,11
carried,11
form,11
particular,11
both,11
years,11
cambridge,11
difficult,10
now,10
conquest,10
pilas,10
human,10
leaders,10
state,10
within,10
rivalry,10
possible,10
sixteenth,10
thus,10
g,10
nor,10
factions,10
journal,10
battles,10
seventh,10
organization,10
mesoamerican,10
nobles,10
settlement,10
highly,10
generally,10
houston,10
others,10
end,10
caracol,10
institution,10
palenque,10
seen,10
centuries,10
whether,10
terms,10
while,10
almost,10
land,10
given,10
tion,9
western,9
being,9
highland,9
itza,9
lesser,9
york,9
similar,9
elsewhere,9
n,9
always,9
dc,9
closely,9
my,9
called,9
place,9
quite,9
involved,9
noble,9
under,9
same,9
violent,9
unfortunately,9
households,9
known,9
here,9
set,9
contingents,9
spaniards,9
references,9
became,9
families,9
maintained,9
extremely,9
km,9
different,8
implications,8
taken,8
motivations,8
emblem,8
less,8
labor,8
dominated,8
against,8
turn,8
rank,8
places,8
b,8
cultural,8
dynasty,8
heavily,8
example,8
apparent,8
regions,8
good,8
successful,8
weapons,8
various,8
still,8
above,8
single,8
shows,8
fundamental,8
larger,8
considerable,8
patterns,8
including,8
use,8
clear,8
three,8
defensive,8
features,8
antiquity,8
systems,8
sociopolitical,8
provide,8
seem,8
hostilities,8
urban,8
despite,8
images,8
tions,8
course,8
contributed,8
include,8
typically,8
building,8
sacrificial,8
specific,8
glyph,8
peaceful,7
halach,7
necessarily,7
archaeologists,7
comparatively,7
available,7
dates,7
schele,7
town,7
presentation,7
mean,7
study,7
frequently,7
commonly,7
appear,7
struggles,7
record,7
hereditary,7
whole,7
aztec,7
rise,7
sense,7
field,7
event,7
spanish,7
belize,7
architecture,7
economic,7
precolumbian,7
commoner,7
projects,7
armed,7
range,7
harvard,7
individuals,7
general,7
internal,7
impressive,7
began,7
stephen,7
control,7
historical,7
subordinate,7
phd,7
information,7
little,7
terminal,7
effects,7
c,7
resources,7
medieval,6
allies,6
defeated,6
either,6
interests,6
tradition,6
carnegie,6
el,6
system,6
case,6
issue,6
victims,6
david,6
recognized,6
rather,6
main,6
understand,6
monumental,6
possibly,6
objects,6
show,6
powerful,6
attack,6
oklahoma,6
residential,6
literature,6
teotihuacan,6
part,6
dynasties,6
issues,6
middle,6
raids,6
order,6
distinguished,6
ninth,6
periods,6
will,6
battle,6
short,6
motivated,6
communities,6
warlike,6
included,6
regional,6
fairly,6
ceramic,6
demographic,6
lack,6
forms,6
took,6
lake,6
low,6
publication,6
last,6
abundant,6
provides,6
present,6
ago,6
me,6
construction,6
burned,6
believed,6
perhaps,6
paper,6
capital,6
stela,6
shown,6
notes,6
numerous,6
instead,6
involving,6
re,6
built,6
bernal,5
ments,5
does,5
way,5
groups,5
sudden,5
title,5
themes,5
lower,5
anything,5
whom,5
production,5
season,5
cortes,5
agrarian,5
refer,5
side,5
mass,5
obvious,5
ajaw,5
surrounded,5
ability,5
topic,5
cases,5
old,5
better,5
served,5
details,5
costs,5
basic,5
process,5
eight,5
derived,5
chichen,5
consequences,5
established,5
mayapan,5
strategy,5
based,5
societies,5
demands,5
thames,5
yaxuna,5
scale,5
however,5
freidel,5
briefly,5
directly,5
bc,5
intense,5
received,5
purpose,5
actually,5
rulership,5
zones,5
level,5
below,5
distances,5
politically,5
acts,5
core,5
ceremonial,5
absence,5
identified,5
concentrated,5
make,5
yet,5
violence,5
neither,5
national,5
culture,5
guatemala,5
without,5
already,5
demarest,5
attacks,5
lacked,5
serious,5
purposes,5
hassig,5
number,5
behaviors,5
campaigns,5
examples,5
slaves,5
hieroglyphic,5
evolution,5
described,5
significance,5
epigraphers,5
concluded,5
force,5
fall,5
earliest,5
mainly,5
simply,5
extensive,5
theme,5
quickly,5
natural,5
each,5
believe,5
best,5
down,5
current,5
regard,5
followers,5
ideological,5
obviously,5
texas,5
according,5
day,5
ones,5
coast,5
maintain,5
lies,5
territory,5
elevations,5
colonial,5
until,5
valley,5
strong,5
recent,5
should,5
episodes,4
per,4
formed,4
asserted,4
h,4
undertaken,4
tells,4
densities,4
factional,4
sources,4
barriers,4
culturally,4
face,4
rare,4
reasons,4
farmers,4
fully,4
able,4
venus,4
take,4
kingdom,4
say,4
naranjo,4
linear,4
point,4
far,4
cited,4
kan,4
development,4
mm,4
integral,4
relations,4
concerning,4
ally,4
traditions,4
shall,4
essential,4
statements,4
explicit,4
conceptions,4
kept,4
certain,4
direct,4
earthworks,4
distant,4
means,4
upper,4
crops,4
benefited,4
chronology,4
yaxchilan,4
recovered,4
defeat,4
painted,4
honduras,4
shared,4
lineage,4
interpretations,4
term,4
gods,4
failure,4
data,4
work,4
basis,4
lords,4
murals,4
colha,4
records,4
belligerent,4
commissioned,4
call,4
showing,4
contending,4
nj,4
family,4
dramatic,4
london,4
provided,4
threatened,4
led,4
likely,4
logistical,4
located,4
peten,4
depicted,4
competition,4
sort,4
batabship,4
planned,4
functions,4
negras,4
members,4
cah,4
water,4
longer,4
temples,4
advantage,4
uinic,4
pennsylvania,4
pattern,4
seldom,4
discussed,4
external,4
thousands,4
unit,4
material,4
deep,4
children,4
shifts,4
encountered,4
degree,4
understanding,4
extended,4
previously,4
warrior,4
food,4
conditions,4
engaged,4
ceremonies,4
situational,4
stress,4
points,4
held,4
dry,4
shortly,4
never,4
strongly,4
mexica,4
professional,4
widely,4
european,4
things,4
primarily,4
success,4
detailed,4
cam,4
claims,4
abandonment,4
heavy,4
monument,4
dispersed,4
erected,4
polynesian,4
living,4
protracted,4
following,4
carefully,4
nearby,4
agricultural,4
diaz,4
seasonal,4
extent,4
desecration,4
travel,4
presented,4
city,4
went,4
writing,4
background,4
initiated,4
socially,4
states,4
roughly,4
aguateca,4
abandoned,4
confrontations,4
occur,4
battlefield,3
possessed,3
mostly,3
personally,3
indicated,3
names,3
f,3
created,3
affected,3
expedition,3
notably,3
defenses,3
settlements,3
provisions,3
stone,3
referring,3
roys,3
ways,3
actions,3
reasonably,3
emphasize,3
ambitious,3
source,3
john,3
consistent,3
else,3
upland,3
titles,3
chaos,3
rapid,3
nature,3
wooden,3
leading,3
broadly,3
accompanied,3
subsequent,3
vegetation,3
batab,3
emphasized,3
sacred,3
principal,3
rands,3
con,3
occasional,3
prone,3
vol,3
determined,3
activity,3
ball,3
burning,3
austin,3
community,3
apart,3
since,3
except,3
provoked,3
constrained,3
tional,3
goal,3
evident,3
throughout,3
chiefs,3
relationships,3
disorder,3
historically,3
invaders,3
forced,3
ethnohistorically,3
perspective,3
back,3
highest,3
kinship,3
alliances,3
find,3
drawn,3
william,3
understood,3
influence,3
capitals,3
site,3
operations,3
elaborate,3
portrayed,3
developed,3
killing,3
envision,3
symbols,3
lacking,3
list,3
support,3
accounts,3
provinces,3
imposing,3
organized,3
dated,3
proved,3
shore,3
listed,3
origins,3
albuquerque,3
cotton,3
opinion,3
decades,3
artistic,3
thinks,3
result,3
prehistoric,3
came,3
walk,3
rule,3
changed,3
scenes,3
depictions,3
captured,3
coalitions,3
engagements,3
though,3
lethal,3
indirect,3
appears,3
produced,3
raaflaub,3
explain,3
wide,3
public,3
near,3
lost,3
throne,3
none,3
participation,3
network,3
sculpture,3
carry,3
brought,3
revealed,3
surprise,3
year,3
partly,3
featured,3
rituals,3
surrounding,3
ultimately,3
putatively,3
deeply,3
stanford,3
interpreted,3
count,3
sieges,3
stones,3
decline,3
essentially,3
feats,3
south,3
variety,3
populations,3
wrote,3
limited,3
dressed,3
brief,3
concern,3
interesting,3
roads,3
strategic,3
religious,3
overview,3
interpretation,3
lloyd,3
restricted,3
termination,3
participants,3
largest,3
insights,3
reports,3
noted,3
increasingly,3
comprehensible,3
party,3
walled,3
idea,3
toward,3
pointed,3
tiny,3
fact,3
scholars,3
documents,3
ethnohistoric,3
unilaterally,3
together,3
variation,3
agree,3
v,3
vulnerable,3
answer,3
tell,3
uaxactun,3
distance,3
ordinary,3
centralization,3
going,3
linked,3
original,3
vast,3
landa,3
entirely,3
assumption,3
rivers,3
virtually,3
ideas,3
books,3
actual,3
friction,3
imagery,3
finally,3
ties,3
directed,3
reward,3
maintenance,3
individual,3
him,3
lie,3
martin,3
valued,3
somehow,3
supported,3
influences,3
becan,3
enjoyed,3
structure,3
january,3
priests,3
burials,3
saw,3
controversial,3
la,3
behind,3
ostensible,3
continued,3
assert,3
reasonable,3
begin,3
lines,3
widespread,3
independence,3
dimensions,3
ritualized,3
massive,3
class,3
owned,3
responsible,3
existed,3
polychrome,3
itself,3
forests,3
anthropological,3
constant,3
practice,3
broke,3
prehistory,3
comes,3
series,3
complexity,3
postconquest,3
geographic,3
soil,3
rainfall,3
anthropology,3
nahm,3
constructions,3
allied,3
presumably,3
written,3
supposedly,3
las,3
thompson,3
beginning,3
economy,3
armies,3
prestige,3
suhler,3
hundreds,3
uinics,3
occasionally,3
ruled,3
attached,3
outlying,3
docu,3
subject,3
batabships,3
glyphic,3
goals,3
come,3
fortified,3
inefficient,3
models,3
argument,3
hernan,3
artificial,3
off,3
peripheries,3
remains,3
campaign,3
archaic,3
anonymous,3
mobilized,3
raid,3
charged,3
create,3
norman,3
tactic,3
traditional,3
duration,3
mature,3
comparable,3
resist,3
famous,3
ca,3
final,2
frequent,2
miller,2
margins,2
rate,2
multiple,2
meaning,2
corporate,2
stood,2
extreme,2
reconstructed,2
introduction,2
gassic,2
speakers,2
overland,2
designed,2
maize,2
spears,2
ma,2
cherished,2
authority,2
rewards,2
mexican,2
studies,2
modern,2
park,2
protection,2
unlike,2
ag,2
nineteenth,2
impeded,2
princeton,2
descriptions,2
contexts,2
women,2
efficacy,2
establish,2
arms,2
porters,2
destroying,2
asante,2
originally,2
attempts,2
worked,2
emerged,2
damaged,2
friendly,2
attractive,2
assess,2
broken,2
origin,2
geopolitical,2
sometime,2
closer,2
hundred,2
reveal,2
launched,2
court,2
wore,2
tx,2
products,2
achieved,2
hok,2
loose,2
mind,2
date,2
stand,2
precisely,2
narratives,2
mexicon,2
displayed,2
gifts,2
investigations,2
reading,2
somewhat,2
ambiguous,2
signs,2
context,2
papers,2
invasions,2
depending,2
existence,2
sophisticated,2
correlated,2
attacked,2
bases,2
combatants,2
demography,2
agriculture,2
right,2
account,2
metaphorical,2
prior,2
logical,2
politics,2
soils,2
explorers,2
move,2
arenas,2
taking,2
variations,2
rela,2
processes,2
desirable,2
monu,2
undoubtedly,2
empha,2
signal,2
zhou,2
ranked,2
victim,2
associations,2
phase,2
centralized,2
selves,2
distinctive,2
ute,2
severe,2
representations,2
sample,2
illustrates,2
due,2
indepen,2
divine,2
interest,2
dozen,2
santa,2
participating,2
close,2
overt,2
expected,2
dence,2
canoes,2
sanders,2
ct,2
turned,2
cosas,2
convincing,2
amount,2
subjects,2
body,2
difficulty,2
compared,2
punta,2
swords,2
child,2
unresolved,2
cosmic,2
leadership,2
pronounced,2
fierce,2
unfortunate,2
ment,2
let,2
van,2
higher,2
navigable,2
poor,2
conven,2
fort,2
profoundly,2
precincts,2
exact,2
patron,2
nonstate,2
meritocratic,2
absent,2
remain,2
victor,2
astronomy,2
paths,2
square,2
sizable,2
fascinating,2
altar,2
peninsula,2
risk,2
holcans,2
proportion,2
inordinately,2
ex,2
sacrificed,2
assuming,2
adept,2
mobilize,2
standard,2
tence,2
incense,2
supposed,2
suppression,2
acquisition,2
maintaining,2
appar,2
supports,2
civilizations,2
consider,2
locally,2
dichotomy,2
benefits,2
descent,2
intensive,2
quote,2
peasant,2
latin,2
represented,2
days,2
dominate,2
aly,2
house,2
northeastern,2
anab,2
reviewed,2
presumed,2
retrospective,2
shorter,2
follow,2
indications,2
boundary,2
utah,2
destructive,2
coincide,2
faced,2
view,2
bonampak,2
varied,2
tn,2
sive,2
standards,2
accom,2
suffered,2
acceptable,2
arrival,2
feet,2
kingship,2
erosion,2
plural,2
access,2
lived,2
conspicuous,2
objectives,2
deal,2
estudios,2
relate,2
quilted,2
noting,2
vigorous,2
initial,2
left,2
fourth,2
neighboring,2
antagonists,2
detected,2
focused,2
something,2
reviews,2
internecine,2
nacoms,2
wealth,2
outside,2
facilities,2
scene,2
expressions,2
eliminate,2
expensive,2
undermined,2
taxes,2
mobilization,2
distinguish,2
line,2
mapped,2
gains,2
decipherment,2
scope,2
bolster,2
concept,2
prominent,2
tombs,2
comment,2
positions,2
realm,2
discussions,2
literally,2
beginnings,2
keep,2
reoccupied,2
participated,2
swift,2
away,2
reflect,2
slings,2
artifact,2
kimbell,2
attributed,2
redistribution,2
creating,2
officials,2
drums,2
buildings,2
suggest,2
seized,2
raiding,2
involve,2
contrast,2
squarely,2
reaches,2
sharp,2
routes,2
mented,2
intervals,2
wider,2
cacao,2
bridge,2
invaluable,2
latest,2
tended,2
eastern,2
yielded,2
occasions,2
managed,2
annual,2
ek,2
appreciable,2
immediate,2
roots,2
cycle,2
competing,2
reflected,2
commanders,2
honorific,2
protagonist,2
newly,2
moved,2
establishments,2
stephens,2
chimino,2
defended,2
units,2
indigenous,2
vanderbilt,2
elimination,2
drainage,2
primitive,2
rights,2
overall,2
labeled,2
comparative,2
expansion,2
appreciate,2
exception,2
constraints,2
tropical,2
restall,2
insignia,2
antagonist,2
landed,2
comments,2
initially,2
movement,2
settings,2
batabs,2
inhabited,2
imposed,2
antagonisms,2
relationship,2
once,2
reference,2
continuity,2
mobile,2
palaces,2
robert,2
victories,2
ethnographic,2
outlined,2
al,2
indian,2
containing,2
department,2
jaguar,2
tulum,2
oral,2
name,2
california,2
book,2
archaeologically,2
grube,2
lucky,2
towns,2
tively,2
artists,2
packed,2
consideration,2
preserve,2
pressure,2
striking,2
compound,2
petexbatun,2
ble,2
lacks,2
reasoning,2
anthro,2
classical,2
aegis,2
envisioning,2
farming,2
arthur,2
fashion,2
simple,2
mustered,2
anthropologist,2
conclusions,2
enough,2
rugged,2
hand,2
yucatecan,2
geography,2
intersite,2
empire,2
emanated,2
mex,2
strategies,2
necessary,2
rich,2
unclear,2
free,2
risks,2
fled,2
averaged,2
supplies,2
invested,2
tulane,2
disagree,2
signaled,2
enormous,2
raiders,2
sixth,2
mortuary,2
manifestations,2
epigraphic,2
identity,2
skeletal,2
significant,2
largely,2
real,2
maintains,2
full,2
observed,2
dating,2
stratification,2
exceedingly,2
meanings,2
discovered,2
historic,2
language,2
faces,2
conferred,2
homes,2
change,2
length,2
function,2
skulls,2
probable,2
why,2
ture,2
problems,2
conspicuously,2
k,2
salt,2
tactics,2
exactly,2
deliberate,2
attendant,2
armor,2
conveyed,2
basically,2
outright,2
visit,2
increasing,2
idols,2
stage,2
dead,2
table,2
today,2
wisdom,2
perspectives,2
independent,2
segments,2
figure,2
foreign,2
traces,2
vision,2
bound,2
claimed,2
stocks,2
vertical,2
male,2
regalia,2
institutions,2
referred,2
tive,2
yale,2
seventeenth,2
effectively,2
importantly,2
sequences,2
indicate,2
assemble,2
life,2
seibal,2
kill,2
blood,2
surprising,2
lineages,2
ing,2
fields,2
months,2
strategically,2
unusual,2
investigate,2
militia,2
forest,2
victorious,2
dissertation,2
school,2
environment,2
seriously,2
variable,2
historian,2
conclusion,2
mentioned,2
version,2
japan,2
extending,2
symbolic,2
ricultural,2
subsidized,2
physical,2
vacant,2
text,2
command,2
nonindustrial,2
debated,2
cover,2
defining,2
berkeley,2
dimension,2
your,2
retained,2
masonry,2
tendencies,2
ethnohis,2
akul,2
quirigua,2
east,2
supremacy,2
half,2
wall,2
scenario,2
visiting,2
underwrite,2
cultivation,2
visits,2
section,2
differed,2
aimed,2
merely,2
hint,2
consisted,2
boundaries,2
ruins,2
heads,2
lands,2
spatial,2
cause,2
character,2
juxtaposed,2
treachery,2
ceased,2
shortfalls,2
sowing,2
correlates,2
cores,2
require,2
yield,2
emphasis,2
contain,2
size,2
abundantly,2
apparatus,2
transport,2
reported,2
kin,2
introduced,2
prevalent,2
hieroglyphs,2
ac,2
com,2
opportunistically,2
discussion,2
interpolity,2
using,2
deities,2
sabloff,2
detect,2
prepared,2
named,2
susceptible,2
sanctioned,2
palisade,2
trophies,2
carved,2
materials,2
ently,2
prolonged,2
approximately,2
upon,2
need,2
heartland,2
piece,2
defined,2
forming,2
limitations,2
paraphernalia,2
aztecs,2
commu,2
second,2
escarpments,2
enterprise,2
debate,2
maximum,2
interaction,2
resembled,2
successive,2
doing,2
subordinates,2
roles,2
household,2
sufficiently,1
countryside,1
contacts,1
intimately,1
defeats,1
founding,1
inka,1
proba,1
volved,1
interpre,1
handsome,1
currently,1
patrilineages,1
done,1
struggle,1
peacefully,1
prefer,1
ethics,1
bleor,1
estimated,1
courtly,1
sued,1
car,1
religions,1
habitable,1
geopolitics,1
opponent,1
suggested,1
designated,1
turning,1
facade,1
degraded,1
coba,1
represent,1
everyone,1
environmental,1
lacunae,1
resulted,1
intriguing,1
cerros,1
resisting,1
red,1
marvel,1
quent,1
measures,1
exemplars,1
combine,1
caches,1
mountains,1
totally,1
spurred,1
stroll,1
booty,1
utility,1
distributed,1
phonetic,1
legitimization,1
expect,1
contemporaneous,1
plausibly,1
group,1
becoming,1
larly,1
speculated,1
fluid,1
residences,1
replaced,1
partially,1
deepest,1
integrity,1
envisioned,1
offerings,1
mobility,1
properly,1
identify,1
tend,1
responsi,1
cultivating,1
mute,1
informative,1
zero,1
carpenter,1
glorification,1
komchen,1
constitutes,1
true,1
english,1
motivation,1
injuries,1
parapherna,1
strictly,1
peaks,1
exploration,1
approaches,1
coalition,1
uniting,1
timed,1
liking,1
marcus,1
commonplace,1
upheaval,1
intermittent,1
favor,1
mayob,1
sym,1
wolf,1
merida,1
duke,1
conical,1
cific,1
omnipresent,1
former,1
acceptance,1
oppressive,1
reduced,1
cycles,1
resurgence,1
circumference,1
presents,1
meddling,1
replicate,1
em,1
quarrels,1
yax,1
exceed,1
assisted,1
fragile,1
exceptions,1
accomplishments,1
plantations,1
contested,1
track,1
englewood,1
cultura,1
revision,1
confronta,1
archaeo,1
strikes,1
bark,1
navies,1
facets,1
updated,1
limestone,1
assaults,1
intentions,1
cutting,1
spec,1
fluctuations,1
personae,1
mesa,1
said,1
nized,1
incomplete,1
bajos,1
plumes,1
bloodletting,1
destabilizing,1
phonetically,1
embarrassed,1
reconstructions,1
spiritually,1
bly,1
arma,1
popula,1
subduing,1
fifteenth,1
reverses,1
unimaginable,1
paled,1
likewise,1
offensive,1
nicated,1
fund,1
planting,1
kilometers,1
pictured,1
underspecified,1
encouraged,1
trend,1
terrain,1
multicenter,1
expectation,1
permanently,1
equally,1
action,1
retreat,1
spinden,1
indicative,1
malleable,1
words,1
definition,1
divinity,1
hedged,1
freid,1
reach,1
initiat,1
publishing,1
height,1
interred,1
continue,1
merit,1
refugee,1
exceptionally,1
assertion,1
suggesting,1
daily,1
borders,1
desire,1
babylon,1
display,1
deposed,1
thank,1
differences,1
tropics,1
timing,1
accumulated,1
potentially,1
pretense,1
redistrib,1
opposing,1
assembled,1
densi,1
admittedly,1
aesthetic,1
inherent,1
preoccupied,1
complicity,1
mexicanized,1
antagonism,1
farther,1
refuges,1
concludes,1
escalate,1
uncovered,1
argue,1
graham,1
nevertheless,1
victors,1
propensity,1
ti,1
chontal,1
tangible,1
consist,1
confederations,1
sacking,1
raised,1
tarian,1
complicated,1
china,1
discipline,1
engendered,1
climate,1
checked,1
hostility,1
hostile,1
corporation,1
continuation,1
return,1
majority,1
tide,1
depends,1
epistemological,1
kingdoms,1
problematical,1
nowhere,1
sociedad,1
acknowledged,1
fortune,1
upris,1
leged,1
cuca,1
protagonists,1
forward,1
identifies,1
gaps,1
inconsistencies,1
tie,1
assertions,1
key,1
conquests,1
etaly,1
divinities,1
matthew,1
primary,1
bones,1
panied,1
proxies,1
planetary,1
cated,1
killed,1
conventionally,1
vulnerability,1
collecion,1
jealousies,1
licking,1
trade,1
figs,1
indirectly,1
anticipation,1
suppress,1
capable,1
compelling,1
upward,1
ered,1
associ,1
arquelogia,1
securely,1
sibilities,1
exhibits,1
prehispanic,1
paucity,1
moderation,1
drive,1
yaxund,1
lintel,1
pursue,1
foreigners,1
mutual,1
october,1
julian,1
bibliography,1
ings,1
taxation,1
hiatus,1
magazine,1
asides,1
vital,1
fine,1
west,1
feasts,1
ations,1
ideologically,1
privi,1
waging,1
relocated,1
quantity,1
suspicion,1
apply,1
captive,1
monly,1
himself,1
identifi,1
economies,1
moral,1
fiercely,1
zone,1
tantalizing,1
unrecorded,1
zonation,1
undergone,1
celebrate,1
mesoameri,1
tied,1
garrisoned,1
picting,1
behavior,1
altitudes,1
aggression,1
controlled,1
singled,1
density,1
funded,1
cooperation,1
gravity,1
carsten,1
exist,1
embrasures,1
implements,1
dispatched,1
accommodate,1
despoil,1
accessible,1
timber,1
linguistic,1
uxmal,1
complaisance,1
preparations,1
eat,1
harcourt,1
southwestern,1
reclaim,1
proceeded,1
blades,1
mixtecs,1
strat,1
component,1
lakes,1
losers,1
dynamics,1
utopian,1
reject,1
reputation,1
run,1
consumed,1
daylight,1
forewarned,1
extend,1
realized,1
dramatically,1
hierarchy,1
paw,1
charming,1
accelerating,1
every,1
neighbors,1
traits,1
soldier,1
reflection,1
beans,1
stands,1
subdue,1
viewing,1
internalize,1
decided,1
riage,1
amounts,1
attested,1
excavations,1
shatter,1
vanguard,1
jr,1
fortifica,1
pictorial,1
materially,1
feuding,1
insofar,1
iliad,1
hererogeneity,1
entire,1
admitted,1
referents,1
presum,1
dis,1
quered,1
moment,1
inscrip,1
adamant,1
altogether,1
decisions,1
par,1
items,1
suddenness,1
deeds,1
channeled,1
interim,1
systematically,1
document,1
ceramics,1
depend,1
severed,1
fond,1
dzonot,1
architectural,1
differently,1
withdraw,1
simplest,1
blend,1
serving,1
associa,1
columbia,1
fondly,1
dean,1
wholly,1
allowing,1
assertive,1
bone,1
twice,1
fash,1
perverse,1
anonymity,1
estimate,1
differentiated,1
profit,1
died,1
etiquette,1
irresistible,1
explore,1
easily,1
flayed,1
mutila,1
postulate,1
beat,1
communication,1
look,1
tikaps,1
unreadable,1
concepts,1
corrected,1
celibate,1
embarrassing,1
ecosystems,1
patrons,1
lookout,1
border,1
hasty,1
strengthening,1
forestall,1
wounded,1
inviting,1
tained,1
handful,1
acknowledge,1
impulsive,1
regionalization,1
scholarly,1
communica,1
cacaxtla,1
sculp,1
walls,1
speech,1
industries,1
jean,1
phases,1
dampened,1
ethnically,1
pay,1
ers,1
messy,1
pasion,1
opposed,1
rooted,1
conquerors,1
incompati,1
subordination,1
squadrons,1
reflects,1
hostages,1
ably,1
ling,1
supernatural,1
helmets,1
act,1
legible,1
sets,1
purely,1
distortion,1
growth,1
captor,1
ified,1
impetus,1
across,1
centered,1
counterbalanced,1
stresses,1
hoplite,1
mainland,1
perched,1
investigation,1
animosities,1
skirted,1
noncombatant,1
dominanted,1
levels,1
breast,1
patronage,1
revenues,1
coastal,1
myself,1
levying,1
lematical,1
neglected,1
una,1
completely,1
uniformi,1
deliberately,1
opportunity,1
arrangements,1
tabascan,1
formally,1
titled,1
anyone,1
associate,1
personalized,1
supplement,1
discomfiture,1
batobs,1
feathers,1
connec,1
shang,1
leave,1
retinue,1
plots,1
huge,1
intertribal,1
disarticulated,1
possess,1
fenses,1
scales,1
rules,1
impressed,1
summarized,1
safely,1
augmented,1
scattered,1
factors,1
front,1
bestowal,1
lowers,1
advantageously,1
compilation,1
guides,1
pressions,1
thought,1
wash,1
reason,1
subroyal,1
category,1
towers,1
sovereignty,1
escape,1
perceptions,1
finer,1
annihilate,1
varies,1
honored,1
assure,1
praise,1
ation,1
marks,1
detectable,1
tenochtitlan,1
charges,1
blame,1
flexibility,1
imagined,1
river,1
inomata,1
petexbatiin,1
considerations,1
savannas,1
sajal,1
sum,1
driven,1
harvested,1
lances,1
germane,1
articulated,1
glorious,1
favorite,1
weak,1
argued,1
desecrated,1
balam,1
advancing,1
situations,1
presided,1
companions,1
chacchob,1
heading,1
resource,1
longed,1
surface,1
drought,1
unimpeded,1
beyond,1
map,1
imperial,1
linkage,1
isolation,1
followed,1
expanding,1
disembarked,1
comparisons,1
jurisdiction,1
cost,1
ponce,1
putting,1
hilly,1
uncertainties,1
peabody,1
nists,1
permanent,1
answers,1
rendered,1
yes,1
phased,1
restriction,1
odd,1
helped,1
vehicles,1
swidden,1
lucero,1
motiva,1
providing,1
trained,1
personified,1
satisfaction,1
deputations,1
fig,1
upsurge,1
ear,1
iconography,1
wayob,1
irrigation,1
opponents,1
whereas,1
arrived,1
inten,1
remembered,1
bilateral,1
rivals,1
identifying,1
aftermath,1
location,1
asserts,1
bearing,1
representa,1
blamed,1
complexes,1
unidentified,1
appearance,1
fortunes,1
histories,1
carrying,1
exaggeration,1
basin,1
houses,1
hands,1
search,1
hudson,1
traditionally,1
farmsteads,1
iconographically,1
struc,1
overturning,1
effort,1
behavioral,1
collectively,1
wrongly,1
candalaria,1
facilitate,1
primacy,1
owe,1
mythical,1
depletion,1
prudently,1
endeavor,1
str,1
strident,1
shield,1
approximation,1
messages,1
philosophical,1
imper,1
nutrient,1
inter,1
respects,1
pre,1
landfall,1
retro,1
extracting,1
dent,1
bution,1
accurately,1
upwardly,1
further,1
sparse,1
attach,1
ranking,1
pro,1
cadet,1
occupation,1
supporters,1
traced,1
garcia,1
profited,1
entertaining,1
fielded,1
hinterland,1
eyewitness,1
incompatible,1
skilled,1
attackers,1
stressing,1
treat,1
storehouses,1
reinforce,1
promise,1
chalchuapa,1
duplicates,1
conglomerations,1
otherwise,1
indeed,1
richest,1
fashionable,1
metals,1
ceremon,1
anecdote,1
rest,1
confirmation,1
refuge,1
guarantee,1
homeostatic,1
fox,1
networks,1
bow,1
captains,1
opposition,1
copal,1
decapitation,1
erate,1
creates,1
stations,1
flotilla,1
philosophic,1
influenced,1
impression,1
rampant,1
technical,1
aspects,1
highlanders,1
chiapas,1
specifically,1
storage,1
flannery,1
relatives,1
accounting,1
desultory,1
y,1
closed,1
wage,1
egalitarian,1
formerly,1
sity,1
logosyllabic,1
planning,1
rainy,1
start,1
preferred,1
baleful,1
decipherments,1
consequently,1
calpulli,1
unless,1
significantly,1
blages,1
phenotypically,1
training,1
civil,1
denial,1
dou,1
knowledge,1
calls,1
vertebrae,1
nation,1
homeland,1
patrilineality,1
habitually,1
stores,1
caught,1
tip,1
apotheosized,1
periodicity,1
loss,1
gered,1
opined,1
gave,1
q,1
describe,1
terracing,1
older,1
northwest,1
overtly,1
inherited,1
expansive,1
descended,1
handy,1
drew,1
relevance,1
sacked,1
fami,1
enveloped,1
runs,1
subse,1
perishable,1
nawaj,1
sculptural,1
tected,1
proliferation,1
disregarding,1
formations,1
employed,1
believes,1
realms,1
participate,1
uninformative,1
preparation,1
itzdm,1
advisors,1
genet,1
includ,1
hyptertrophied,1
strengthened,1
universally,1
graph,1
connections,1
client,1
officiated,1
hidden,1
approach,1
necine,1
abided,1
live,1
annotated,1
massacre,1
impasse,1
uniqueness,1
monetary,1
ancestral,1
aided,1
precipitation,1
hoky,1
staple,1
supplying,1
wholesale,1
stylized,1
occasion,1
hallmark,1
solution,1
optimal,1
interregional,1
painting,1
correct,1
adult,1
infestations,1
pottery,1
hard,1
working,1
respon,1
constituent,1
deity,1
nonroyal,1
ascended,1
drier,1
aggrandizement,1
reliable,1
grew,1
coupled,1
next,1
sonal,1
discourse,1
rutgers,1
beasts,1
acted,1
includes,1
sake,1
overthrew,1
fast,1
encompasses,1
perquisites,1
defaced,1
prob,1
chan,1
characteristics,1
sufficient,1
mineral,1
separately,1
driving,1
accomplished,1
smithsonian,1
choose,1
prompted,1
tation,1
prominently,1
civic,1
peace,1
subsided,1
peak,1
ramshackle,1
suddenly,1
narrative,1
noncombatants,1
jades,1
dedicated,1
subsis,1
incurred,1
prerogatives,1
commission,1
richness,1
beacon,1
codices,1
progress,1
exhorted,1
comportment,1
slopes,1
dependent,1
faraway,1
resistance,1
proper,1
paid,1
coe,1
poorly,1
factionalism,1
choreographed,1
structured,1
feasible,1
celebrating,1
preliminary,1
displaced,1
comprehensively,1
readable,1
invidious,1
institu,1
interminable,1
infrastruc,1
grasp,1
kingly,1
activities,1
bolstered,1
fiber,1
content,1
wield,1
lend,1
cite,1
chronological,1
impunity,1
exis,1
counteract,1
press,1
constituents,1
san,1
ii,1
referent,1
sons,1
fragments,1
arrangement,1
ironies,1
saga,1
ventured,1
controver,1
spelled,1
summarize,1
mysterious,1
multiplied,1
implicitly,1
contended,1
fortunately,1
letters,1
compara,1
cessation,1
worldview,1
subverted,1
intermar,1
cientifica,1
ashore,1
gradual,1
synthesis,1
cintla,1
service,1
sylvanus,1
resisted,1
wreaked,1
cavalry,1
durable,1
bolic,1
plans,1
wait,1
address,1
compartmentalized,1
defensible,1
impose,1
offices,1
wetland,1
rendering,1
semideciduous,1
brings,1
degrading,1
object,1
gift,1
etc,1
positioned,1
prove,1
cleared,1
projecting,1
whatever,1
nakbe,1
astronomical,1
presently,1
got,1
indicates,1
interactions,1
rigid,1
garbed,1
morley,1
standing,1
aveni,1
buck,1
topography,1
underwritten,1
broiled,1
usumacinta,1
manifes,1
intracommunity,1
templo,1
nucle,1
lieutenants,1
pervades,1
tends,1
powerfully,1
fighting,1
purposefully,1
panel,1
downplay,1
guide,1
ubiquity,1
thrusting,1
auspices,1
cratic,1
permission,1
refusing,1
vs,1
marshes,1
interrelationship,1
makes,1
read,1
cor,1
devotion,1
paradox,1
happened,1
sizing,1
alongside,1
mono,1
acknowledgments,1
serve,1
moat,1
counterparts,1
array,1
ning,1
fifth,1
assailed,1
upwards,1
ingly,1
combat,1
populated,1
evidences,1
protect,1
recruited,1
perceived,1
u,1
compiled,1
workmanship,1
prisoners,1
placated,1
tax,1
enigmatic,1
copper,1
symptom,1
light,1
postulated,1
complete,1
theft,1
bundles,1
orations,1
propounded,1
desecratory,1
performed,1
skin,1
baltimore,1
toric,1
planet,1
thorny,1
implica,1
reply,1
veritable,1
collective,1
cultivated,1
compel,1
contains,1
unusually,1
peatedly,1
safe,1
disrupted,1
celebrates,1
proclivities,1
layout,1
functioned,1
enterprises,1
squabbling,1
concentrate,1
useful,1
affairs,1
chose,1
perspec,1
simulation,1
inhabitants,1
orderliness,1
fire,1
gain,1
patan,1
pend,1
uniquely,1
omission,1
bulk,1
frederick,1
stated,1
camp,1
hieroglyphics,1
impres,1
mentions,1
mighty,1
mark,1
spend,1
death,1
shelf,1
similarly,1
responsibilities,1
deterioration,1
motifs,1
flat,1
experienced,1
herbert,1
conventionalized,1
lengthy,1
expose,1
blatantly,1
admit,1
pological,1
stories,1
conduct,1
head,1
tures,1
maternal,1
areas,1
gies,1
materialist,1
recurrent,1
feather,1
instituto,1
beliefs,1
appeared,1
intended,1
volleys,1
impractical,1
essence,1
metropolis,1
flimsy,1
disturbed,1
casualties,1
ried,1
really,1
commemorate,1
diverse,1
uncle,1
nucleated,1
plagued,1
conceptualized,1
ralph,1
restalps,1
contemporary,1
substantially,1
antecedents,1
golden,1
distributions,1
condensed,1
feedback,1
ences,1
ahistorical,1
disciplined,1
aggressive,1
question,1
puzzling,1
confusion,1
frederic,1
stuff,1
throwing,1
drinking,1
trig,1
comprised,1
locales,1
nity,1
risked,1
kauil,1
chain,1
incentives,1
haul,1
model,1
manner,1
influential,1
toponyms,1
occupied,1
existing,1
receives,1
muster,1
relevant,1
derson,1
michael,1
discord,1
confrontation,1
lyzed,1
recount,1
individu,1
dig,1
excep,1
paired,1
terns,1
durably,1
neously,1
liter,1
native,1
belief,1
shower,1
frequency,1
fragmenta,1
style,1
hen,1
rage,1
acquire,1
shoot,1
verbs,1
poli,1
convenient,1
northwestern,1
pretexts,1
imagine,1
massacred,1
disappearance,1
breakdown,1
interrelated,1
private,1
pitched,1
greatest,1
withstand,1
sonation,1
casual,1
secured,1
dissimilar,1
father,1
disease,1
spective,1
survive,1
thucydides,1
mandibles,1
reaped,1
stronger,1
staging,1
reversed,1
sacrifices,1
accompanying,1
implicated,1
winners,1
incidents,1
morely,1
stairway,1
inscription,1
sides,1
opera,1
writings,1
formal,1
padded,1
martial,1
presiding,1
eighty,1
clients,1
territorially,1
distinctly,1
dissolve,1
increase,1
unpredictable,1
neigh,1
ruling,1
reside,1
samples,1
comported,1
europeans,1
top,1
thriving,1
arranged,1
festival,1
expression,1
additions,1
refers,1
disavow,1
privileges,1
iii,1
bundle,1
ruz,1
situationally,1
dances,1
domination,1
submitted,1
willey,1
questions,1
parleys,1
credited,1
karst,1
salvador,1
incited,1
fer,1
stay,1
condi,1
scrubby,1
enlighten,1
redistributed,1
edgerton,1
ob,1
hardened,1
advantages,1
theories,1
banners,1
contribution,1
continuities,1
grant,1
reservoirs,1
subsurface,1
braves,1
kilometer,1
negotiating,1
dichotomous,1
open,1
stelae,1
crises,1
grassy,1
mayan,1
andrews,1
emphasizing,1
depicting,1
welcomed,1
uncontrollable,1
backtrack,1
express,1
costumes,1
feature,1
soldiers,1
akalan,1
decorated,1
victory,1
codex,1
interpret,1
burners,1
construc,1
retrospec,1
afford,1
catherwood,1
allowed,1
started,1
characterized,1
crushing,1
flood,1
fighters,1
spread,1
obstructed,1
richard,1
hotter,1
plant,1
am,1
played,1
serves,1
elements,1
redistri,1
filled,1
unsettled,1
accurate,1
illicit,1
excavated,1
theocratic,1
black,1
modated,1
segment,1
latter,1
spent,1
inscribed,1
speculate,1
favored,1
graves,1
annually,1
random,1
harass,1
article,1
position,1
managerial,1
mathews,1
primogeniture,1
antropologia,1
edged,1
fortification,1
normal,1
insect,1
become,1
relation,1
hastily,1
sequence,1
trouble,1
milpa,1
topics,1
caused,1
alliance,1
effect,1
dense,1
radiate,1
obsidian,1
hierarchical,1
learn,1
expand,1
thirteenth,1
grudging,1
fateful,1
natu,1
implication,1
rhetorical,1
statue,1
individ,1
greece,1
story,1
dominance,1
abruptly,1
cording,1
attracted,1
bestowed,1
taschek,1
wells,1
conducting,1
theo,1
overthrow,1
accord,1
tendency,1
peepholes,1
highlands,1
relative,1
baky,1
payment,1
remarkable,1
develop,1
darts,1
exchequers,1
achieve,1
cordoba,1
minimally,1
attention,1
greek,1
animals,1
yucatec,1
species,1
sented,1
rainless,1
covered,1
separate,1
operating,1
chaeologists,1
nonma,1
palisades,1
observational,1
pohl,1
smaller,1
trails,1
space,1
profitable,1
ethnohistorian,1
considerably,1
oxford,1
scheming,1
univer,1
preconquest,1
fifty,1
detach,1
eky,1
twelve,1
third,1
relying,1
ies,1
pectorals,1
extracted,1
penguin,1
steep,1
constructed,1
hurl,1
pasadita,1
raise,1
gorgeously,1
shooting,1
residual,1
reviewer,1
regular,1
quo,1
linda,1
imbalance,1
caracops,1
defenders,1
types,1
naturally,1
ideology,1
testing,1
obtained,1
expense,1
suggestive,1
delimitation,1
hotaling,1
wyllys,1
andean,1
attitude,1
signifi,1
slow,1
extension,1
tin,1
un,1
insist,1
militarists,1
floor,1
varia,1
lives,1
renown,1
espanola,1
sails,1
hinterlands,1
iconographic,1
recognize,1
rapidly,1
area,1
try,1
halved,1
stimulated,1
chiefdoms,1
bows,1
utterly,1
disruptive,1
birthright,1
humid,1
impersonal,1
analysis,1
posts,1
hope,1
xiu,1
wives,1
composed,1
supporting,1
measured,1
constants,1
british,1
exists,1
elder,1
competi,1
enlist,1
ridges,1
coexisted,1
crowded,1
interspersed,1
resemble,1
parapets,1
immensely,1
exchanged,1
wheeled,1
considered,1
coessences,1
expectable,1
matters,1
addressed,1
acquired,1
revolutionized,1
baseline,1
magnitude,1
sexes,1
illu,1
elected,1
singular,1
ual,1
antecedent,1
culled,1
chitam,1
volving,1
minneapolis,1
conifer,1
hinter,1
measurements,1
athens,1
bad,1
constituted,1
ever,1
economically,1
invoked,1
legiti,1
viel,1
too,1
offered,1
exacted,1
consensus,1
palace,1
proposes,1
droughts,1
meddled,1
carbondale,1
augmenting,1
imprecision,1
correctness,1
weaponry,1
artisan,1
mutually,1
structures,1
grover,1
intellectual,1
intangible,1
sure,1
bravery,1
endurance,1
posses,1
conquer,1
cultures,1
tomb,1
anthropo,1
specialized,1
cantly,1
expenditures,1
worth,1
methodist,1
december,1
inclined,1
extraction,1
compulsively,1
setting,1
accustomed,1
innovations,1
stratigraphic,1
ivory,1
mirador,1
ubiquitous,1
specially,1
pacum,1
breaking,1
theocracies,1
aky,1
unloading,1
numbering,1
report,1
vase,1
exceptional,1
counting,1
eventually,1
harvest,1
boasted,1
torically,1
ar,1
blackened,1
journals,1
bellicose,1
hence,1
chases,1
abjectly,1
infer,1
goods,1
lagoons,1
plazas,1
tracted,1
sought,1
cities,1
examining,1
wood,1
guinea,1
atlatl,1
styled,1
past,1
closest,1
particu,1
disputes,1
rural,1
proposed,1
ethos,1
scores,1
masters,1
options,1
terial,1
destroyed,1
glory,1
unimportant,1
coveted,1
ditch,1
incorporate,1
cautions,1
defend,1
altars,1
game,1
superstates,1
defending,1
commis,1
genera,1
notable,1
proceedings,1
discover,1
nominal,1
unique,1
als,1
rose,1
fairness,1
adults,1
stability,1
sanz,1
rebellion,1
orleans,1
underpinnings,1
multipolity,1
throwim,1
wtierever,1
symbolically,1
add,1
defiling,1
docility,1
interval,1
shortages,1
unnecessary,1
cloud,1
leaving,1
problem,1
supplemented,1
insightful,1
prepare,1
undefended,1
wingard,1
attribute,1
institute,1
studying,1
project,1
organi,1
grades,1
ethno,1
textual,1
noticed,1
orthography,1
minimal,1
descendants,1
profile,1
garishly,1
suggests,1
capitalized,1
threat,1
prevailing,1
ah,1
cluster,1
popular,1
vessels,1
conveniently,1
burden,1
anatomia,1
socioeconomic,1
dimly,1
boston,1
dissenters,1
remember,1
ritually,1
intention,1
overlords,1
emergent,1
circumstances,1
evi,1
zation,1
maneuvering,1
attachments,1
prerogative,1
recipients,1
erally,1
redundant,1
sea,1
missiles,1
strangers,1
retinues,1
participant,1
noncalendrical,1
role,1
november,1
yearly,1
paddled,1
easy,1
inaugurated,1
lundell,1
consent,1
withdrawal,1
tried,1
honuduras,1
transition,1
campeche,1
administration,1
step,1
situated,1
everywhere,1
calculated,1
conventional,1
heir,1
screen,1
arguments,1
indebted,1
ranks,1
startling,1
motivate,1
isolated,1
harrison,1
store,1
syndrome,1
resident,1
cahs,1
rewarding,1
remarks,1
eric,1
ritu,1
shores,1
ends,1
promoted,1
ian,1
enthusiasm,1
whereupon,1
devoted,1
understandings,1
dissention,1
nuclear,1
priestly,1
compli,1
recording,1
sailed,1
bottleneck,1
reveals,1
disposal,1
unilateral,1
detection,1
disarray,1
arrows,1
wielded,1
illinois,1
scribes,1
exerted,1
washington,1
puleston,1
sial,1
assemblages,1
trauma,1
mode,1
newsletter,1
sioned,1
tactical,1
glorify,1
wish,1
premature,1
powerless,1
representing,1
actively,1
uniformitarian,1
fered,1
ico,1
define,1
orthodox,1
defines,1
manufacture,1
midfourth,1
opinions,1
courtiers,1
gen,1
disruption,1
prefigure,1
variously,1
accompanies,1
colleagues,1
derive,1
seeks,1
chronolo,1
assumed,1
disloca,1
oversaw,1
francisco,1
stark,1
effec,1
ships,1
ranged,1
morning,1
comparison,1
tations,1
siege,1
thousand,1
observation,1
charles,1
vessel,1
admitting,1
occurring,1
spacious,1
ated,1
pertain,1
paleoindian,1
clarify,1
recounted,1
fol,1
cared,1
ensued,1
supply,1
hills,1
expedi,1
inconclusive,1
deposits,1
reached,1
improved,1
informants,1
dark,1
cohesive,1
views,1
substantial,1
spe,1
import,1
stream,1
element,1
pologist,1
severely,1
sajals,1
pat,1
benchmark,1
token,1
plenum,1
conventions,1
counts,1
establishment,1
north,1
biased,1
murder,1
cross,1
simulta,1
assume,1
aggrandizing,1
compounding,1
mock,1
interrup,1
quiche,1
draft,1
predicated,1
admired,1
hamblin,1
costly,1
discern,1
gold,1
richly,1
assem,1
reigns,1
werner,1
