WORDCOUNTS,WEIGHT
the,1197
and,825
of,611
in,480
a,307
to,182
is,160
at,148
from,131
wadi,125
are,122
as,115
jericho,110
yarmukian,107
raba,100
neolithic,98
on,94
for,92
with,86
pottery,85
tel,80
sites,80
that,79
was,79
were,72
by,71
nahal,70
southern,68
this,65
or,63
ix,61
it,60
which,59
levant,55
jordan,55
we,55
et,54
israel,54
but,53
i,52
charcoal,52
have,52
be,52
millennium,45
excavations,45
such,44
assemblages,44
valley,43
there,42
ain,42
pp,41
an,40
dates,37
seventh,35
site,35
m,35
eighth,35
gopher,35
munhata,34
also,34
new,34
j,33
e,32
bp,32
other,32
ii,31
de,31
p,31
gophna,31
been,31
very,31
zehora,31
data,30
culture,30
not,30
abu,30
area,30
may,29
coastal,29
archaeological,29
its,28
tell,28
some,27
no,27
these,27
layer,27
fig,26
late,26
both,26
plain,25
has,25
distribution,25
personal,24
radiocarbon,24
entity,24
g,23
research,23
excavated,22
than,21
more,21
level,21
based,20
el,20
byblos,20
material,20
major,20
large,19
journal,19
shaar,19
ghazal,19
entities,18
sickle,18
their,18
found,18
oriental,18
few,18
still,18
two,18
northern,18
ppnb,18
known,18
exploration,18
ein,18
early,18
american,17
one,17
all,17
archaeology,17
south,17
only,17
chalcolithic,17
use,17
our,17
north,17
later,16
stone,16
schools,16
jarba,16
cultural,16
recently,16
settlement,16
oxford,16
period,16
millennia,16
ppnc,16
layers,16
include,16
jezreel,15
even,15
teluliot,15
r,15
volume,15
givat,15
assemblage,15
different,15
variants,14
includes,14
since,14
haeven,14
similar,14
jebel,14
mitekufat,14
university,14
w,14
used,14
t,14
time,14
tsaf,14
stratigraphic,14
half,14
remains,14
between,14
annals,13
within,13
ceramics,13
near,13
small,13
qatifian,13
galilee,13
assigned,13
qanah,13
bulletin,13
analysis,13
economy,13
sea,13
hagolan,13
galili,12
system,12
possible,12
z,12
elements,12
jerusalem,12
earlier,12
parts,12
most,12
units,12
reports,12
social,12
areas,12
flint,12
kaplan,12
negev,12
earliest,12
geographical,12
occur,12
they,11
village,11
first,11
haparsa,11
thus,11
y,11
unit,11
upper,11
well,11
present,11
made,11
horvat,11
after,11
k,11
nizzanim,11
batashi,11
pn,11
bowls,10
excavation,10
lower,10
qatif,10
east,10
central,10
blades,10
bifacial,10
variant,10
burials,10
changes,10
submerged,10
painted,10
zureiq,10
burial,10
habashan,10
ali,10
presence,10
ceramic,10
figurines,10
range,10
including,10
clear,10
usually,10
antiquities,10
types,10
series,10
seem,10
usa,10
defined,10
should,10
h,9
definition,9
british,9
clay,9
soreq,9
hebrew,9
cave,9
suggested,9
had,9
scale,9
because,9
coast,9
he,9
department,9
larger,9
aviv,9
neolithique,9
perhaps,9
palestine,9
sequence,9
problems,9
date,9
mainly,9
dead,9
must,9
betzet,9
indicate,9
believe,9
find,9
eretz,9
pits,9
reported,9
summary,9
now,8
o,8
if,8
yam,8
arrowheads,8
handles,8
ghassulian,8
into,8
du,8
seems,8
above,8
framework,8
his,8
thawwab,8
b,8
jars,8
lithic,8
international,8
tools,8
during,8
structures,8
holy,8
below,8
carmel,8
finds,8
related,8
populations,8
about,8
available,8
many,8
huleh,8
lithics,8
rollefson,8
can,8
megiddo,8
sometimes,8
cultures,8
c,8
evidence,8
ninth,8
sherds,8
difficult,7
does,7
gap,7
report,7
problematical,7
kabri,7
information,7
exposed,7
frequencies,7
development,7
l,7
population,7
prehistory,7
surface,7
flakes,7
appear,7
cores,7
buried,7
khirbet,7
reflect,7
change,7
dan,7
society,7
second,7
reconstruction,7
street,7
where,7
region,7
low,7
would,7
ppn,7
iii,7
distinctive,7
lod,7
middle,7
jordanian,7
little,7
paleorient,7
although,7
ramad,6
complex,6
plateau,6
season,6
nature,6
secondary,6
eastern,6
west,6
items,6
levantine,6
bone,6
without,6
developed,6
levels,6
possibly,6
les,6
additional,6
important,6
prehistoric,6
called,6
term,6
flaked,6
aspects,6
almost,6
place,6
climatic,6
field,6
mediterranean,6
around,6
several,6
up,6
variety,6
architecture,6
limited,6
chronology,6
included,6
regional,6
do,6
another,6
local,6
burnished,6
besor,6
band,6
jar,6
rare,6
points,6
structure,6
who,6
over,6
each,6
phd,6
animal,6
what,6
sinai,6
incised,6
tabular,6
much,6
common,5
represent,5
western,5
long,5
retouched,5
might,5
normative,5
liverpool,5
lachish,5
human,5
kenyon,5
walls,5
main,5
scrapers,5
tlaili,5
na,5
animals,5
magal,5
n,5
exploitation,5
result,5
appearance,5
basin,5
faunal,5
typical,5
out,5
radiometric,5
circular,5
part,5
london,5
floors,5
interpreted,5
stage,5
notes,5
teo,5
preliminary,5
will,5
sensu,5
various,5
kfar,5
economic,5
hard,5
newe,5
single,5
technology,5
under,5
falls,5
images,5
decoration,5
shows,5
treatment,5
mountainous,5
end,5
less,5
see,5
wood,5
rahub,5
desert,5
high,5
forms,5
shallow,5
hedges,5
continued,5
seen,5
garstang,5
rarely,5
bronze,5
anthropology,5
atlit,5
associated,5
spatial,5
whether,5
terms,5
pna,5
beqqa,5
while,5
institute,5
suggests,5
through,5
techniques,5
massada,5
fauna,5
land,5
d,5
off,5
yiftahel,5
supported,5
hills,5
recent,5
zones,5
fouilles,4
environmental,4
red,4
group,4
aceramic,4
english,4
history,4
either,4
archae,4
production,4
implications,4
yar,4
attempt,4
s,4
rich,4
farther,4
products,4
state,4
context,4
similarities,4
case,4
con,4
bases,4
iv,4
beth,4
point,4
far,4
along,4
stratigraphically,4
contemporaneous,4
simmons,4
characteristic,4
regarded,4
encyclopedia,4
pig,4
chronostratigraphy,4
poor,4
absent,4
basic,4
subsistence,4
lasted,4
record,4
too,4
show,4
generally,4
dwelling,4
problem,4
societies,4
could,4
bethshan,4
same,4
appears,4
moore,4
applied,4
placed,4
wide,4
syria,4
revealed,4
artifacts,4
work,4
bc,4
perrot,4
regions,4
published,4
presented,4
buildings,4
when,4
cattle,4
results,4
periods,4
identified,4
imagery,4
ancien,4
stratigraphy,4
us,4
ancient,4
rims,4
mukian,4
rectangular,4
floor,4
asweir,4
decorative,4
viii,4
discussed,4
patterns,4
took,4
paris,4
amuq,4
significant,4
shephelah,4
seriation,4
dating,4
discovered,4
biblical,4
architectural,4
like,4
so,4
especially,4
probably,4
slightly,4
adaptations,4
clusters,4
provide,4
figure,4
ard,4
overlap,4
often,4
quantitatively,4
quantitative,4
any,4
cover,4
natural,4
herzliya,4
paper,4
sheep,4
unknown,4
unique,4
them,4
adults,4
vessels,4
lies,4
isolated,4
definitions,4
named,4
years,4
numerous,4
dense,4
occurrences,4
specific,4
vessel,4
chicago,4
among,4
mostly,3
horizontal,3
repetitiveness,3
groups,3
revue,3
ghassul,3
issaron,3
flexed,3
sphere,3
distributed,3
settlements,3
studies,3
laid,3
contexts,3
diffusion,3
permit,3
originally,3
assign,3
knobs,3
hunting,3
those,3
beisamoun,3
cereal,3
hadashot,3
described,3
shean,3
primary,3
agriculture,3
account,3
characterize,3
bios,3
apart,3
review,3
relationships,3
mellaart,3
unpublished,3
occurs,3
spot,3
sample,3
given,3
bands,3
distinct,3
concerning,3
houses,3
compared,3
networks,3
general,3
phases,3
ridge,3
york,3
reflects,3
en,3
slipped,3
supplement,3
study,3
form,3
means,3
river,3
established,3
flax,3
dated,3
plaster,3
differs,3
agricultural,3
followed,3
greater,3
bricks,3
conspicuous,3
rehov,3
further,3
criteria,3
cannot,3
meet,3
exca,3
explain,3
basis,3
knowledge,3
apparent,3
mevorakh,3
people,3
blade,3
survey,3
systematic,3
good,3
mesopotamia,3
caused,3
suggest,3
tested,3
qedem,3
pedestalled,3
annual,3
goat,3
world,3
samaria,3
span,3
f,3
saw,3
mechanisms,3
habil,3
make,3
yeivin,3
ware,3
com,3
selection,3
represents,3
thought,3
light,3
complete,3
prehistoire,3
strata,3
independent,3
toward,3
motifs,3
flat,3
longer,3
lack,3
appeared,3
diverse,3
monographs,3
hagoshrim,3
centre,3
ras,3
accepted,3
deep,3
showing,3
frequency,3
number,3
northerly,3
dhra,3
garfinkel,3
status,3
discussion,3
thanks,3
chronostratigraphic,3
systematics,3
operated,3
recovery,3
open,3
three,3
menashe,3
skulls,3
plant,3
features,3
collected,3
einot,3
inary,3
occupied,3
premieres,3
mil,3
la,3
dealing,3
suggestion,3
primarily,3
detailed,3
began,3
inadequate,3
table,3
itself,3
examine,3
olives,3
shlomi,3
anthropomorphic,3
then,3
simply,3
geographic,3
notches,3
spots,3
qiri,3
uvda,3
sizes,3
basins,3
domestic,3
goren,3
eventually,3
hamadiya,3
past,3
type,3
hint,3
according,3
combined,3
yielded,3
handmade,3
contain,3
pre,3
arguments,3
phenomenon,3
until,3
parallels,3
typology,3
association,3
sides,3
potential,3
terminology,3
surveys,3
interaction,3
livestock,3
ca,3
sixth,3
assem,3
overlaid,2
final,2
burnish,2
child,2
limits,2
estimated,2
way,2
indicated,2
faced,2
affected,2
adoption,2
needed,2
methodology,2
identify,2
authority,2
rounded,2
former,2
hair,2
comparisons,2
organic,2
before,2
absence,2
continuous,2
diversity,2
northward,2
round,2
being,2
covered,2
reconstructions,2
handle,2
attempts,2
melanges,2
mudbrick,2
olami,2
fragmentary,2
resemblance,2
reach,2
shaped,2
tradition,2
suggesting,2
short,2
confusion,2
differences,2
analyses,2
origin,2
studied,2
displays,2
composition,2
inland,2
feature,2
improving,2
stand,2
debitage,2
biqaat,2
rim,2
accords,2
qadesh,2
paved,2
bones,2
biblique,2
figs,2
chapter,2
vol,2
holocene,2
occupying,2
marked,2
sieved,2
burins,2
prototype,2
collection,2
inventory,2
implements,2
phase,2
deux,2
collapse,2
qishon,2
representations,2
intact,2
ovicaprines,2
mixed,2
relations,2
ostrich,2
petrographic,2
jr,2
chronocultural,2
diocarbon,2
developments,2
adopted,2
refer,2
body,2
lebanese,2
publications,2
aiii,2
communication,2
spite,2
details,2
adult,2
influence,2
bipolar,2
necropolis,2
industries,2
hampers,2
opposed,2
sling,2
biqat,2
chamfered,2
hasa,2
rather,2
pit,2
across,2
ra,2
museum,2
process,2
ex,2
fazael,2
archaeometry,2
intensity,2
space,2
chro,2
lennium,2
support,2
firing,2
recherches,2
provinces,2
achziv,2
finer,2
bibiique,2
section,2
proposed,2
numbers,2
hammadiya,2
moyen,2
emmer,2
age,2
article,2
ulation,2
standards,2
acceptable,2
judean,2
behavioral,2
her,2
events,2
left,2
cups,2
encyclopaedia,2
occupation,2
traits,2
symbols,2
fish,2
outside,2
rectilinear,2
possibility,2
shape,2
pigs,2
directly,2
nition,2
none,2
strips,2
clarke,2
inferred,2
hints,2
repetition,2
striking,2
megadim,2
kafafi,2
reserve,2
paleoenvironments,2
parameters,2
loss,2
faunas,2
continuation,2
describe,2
fit,2
intermediate,2
southerly,2
fieldwork,2
smallest,2
wheat,2
earth,2
prelim,2
questionable,2
ological,2
involved,2
shamra,2
sufficient,2
wider,2
knives,2
highly,2
industry,2
peak,2
boundaries,2
villages,2
seeds,2
core,2
provenance,2
appropriate,2
cairn,2
moved,2
infants,2
chronological,2
minor,2
synthesis,2
burian,2
legumes,2
etc,2
bariey,2
longitudinal,2
movement,2
paint,2
scarcity,2
springs,2
yet,2
recognized,2
reference,2
ghrubba,2
reexcavation,2
continuity,2
mobile,2
lab,2
hilly,2
fringes,2
homogeneous,2
millenaire,2
coarsely,2
lined,2
noted,2
chose,2
fan,2
name,2
others,2
renewed,2
addition,2
cultivated,2
scholars,2
fara,2
occupations,2
revadim,2
grave,2
distributions,2
pattern,2
man,2
simple,2
adjacent,2
phytoliths,2
reestablishment,2
unclear,2
strategies,2
decorations,2
yarmuk,2
carinated,2
makhrukh,2
remained,2
tiberias,2
background,2
cambridge,2
lake,2
excavators,2
contacts,2
shephela,2
assume,2
processes,2
laboratory,2
chosen,2
full,2
stress,2
hiatus,2
weir,2
dominated,2
kataret,2
times,2
spread,2
function,2
mount,2
mountain,2
practiced,2
last,2
black,2
standard,2
latter,2
systems,2
methods,2
narrow,2
intrasite,2
anatolia,2
brown,2
cereals,2
separate,2
necks,2
somewhat,2
relationship,2
note,2
irregular,2
fully,2
tech,2
spindle,2
shiqmim,2
inside,2
attitude,2
order,2
plastic,2
pop,2
magnes,2
directeur,2
figurine,2
ridges,2
spanning,2
life,2
settled,2
fall,2
ing,2
centuries,2
labweh,2
arrowhead,2
mud,2
considered,2
fertility,2
suggestions,2
ordered,2
complexity,2
pebbles,2
symbolic,2
constructed,2
temporal,2
claims,2
creamy,2
text,2
here,2
know,2
control,2
bamea,2
current,2
foundation,2
milk,2
hinted,2
everted,2
fossile,2
cultivation,2
platters,2
domesticated,2
meager,2
rural,2
better,2
evident,2
methodological,2
plants,2
add,2
defi,2
seasonal,2
ceased,2
adaptation,2
extent,2
sheikh,2
foundations,2
emphasis,2
urban,2
infant,2
size,2
des,2
socioeconomic,2
city,2
despite,2
became,2
variability,2
adapted,2
exploited,2
varied,2
remarks,2
prepared,2
come,2
tuleilat,2
similarity,2
farah,2
pierced,2
burnt,2
iden,2
define,2
bear,2
integration,2
scanty,2
shift,2
comparison,2
offered,2
occurring,2
braidwood,2
denser,2
except,2
hazor,2
element,2
feinan,2
technological,2
premature,2
broader,2
built,2
customs,2
household,2
thickened,1
enth,1
ments,1
go,1
halafian,1
crowfoot,1
obstacle,1
sada,1
arkheologiyot,1
car,1
concerned,1
stylistic,1
commentary,1
names,1
correlations,1
separated,1
extend,1
resulted,1
lefson,1
chevron,1
worthy,1
yanai,1
curved,1
considerably,1
introduction,1
per,1
mouth,1
zarqa,1
vaux,1
center,1
led,1
shoulders,1
datelist,1
tend,1
nouveau,1
diversification,1
tures,1
peas,1
postdate,1
summaries,1
ways,1
solidarity,1
subregional,1
mous,1
item,1
centration,1
di,1
completely,1
rt,1
denticulated,1
largely,1
ram,1
candidate,1
unnamed,1
animaux,1
devices,1
geometric,1
getzov,1
offshore,1
fondements,1
cited,1
subtypes,1
tells,1
prepottery,1
estelle,1
something,1
kibbutz,1
migration,1
materials,1
women,1
gilat,1
leads,1
test,1
fluctuations,1
anti,1
aw,1
transversal,1
fabric,1
dahariya,1
wool,1
neolithiques,1
topographic,1
inten,1
relies,1
fund,1
chaos,1
taken,1
eggshells,1
hadera,1
deutschen,1
anomalies,1
kilometers,1
disturbance,1
sub,1
ourselves,1
advanced,1
words,1
elsewhere,1
loom,1
saves,1
affinities,1
europe,1
pnb,1
titative,1
fulfills,1
excavating,1
twenty,1
split,1
belong,1
eggshell,1
together,1
accompanied,1
own,1
shoulder,1
highland,1
display,1
reasons,1
gradual,1
bead,1
potentially,1
follows,1
sometime,1
gisement,1
scheme,1
stekelis,1
cohesion,1
renfrew,1
dom,1
drah,1
take,1
farmer,1
efficiently,1
hands,1
help,1
saidiyeh,1
achieved,1
improved,1
skull,1
erations,1
tery,1
emphasized,1
marine,1
principal,1
gifts,1
platforms,1
incising,1
investigations,1
letting,1
reading,1
signs,1
additives,1
daniel,1
hasq,1
producing,1
slip,1
issue,1
side,1
nahariya,1
pl,1
occasional,1
existence,1
dr,1
sieving,1
resembles,1
recorded,1
key,1
bur,1
task,1
repercussions,1
u,1
nology,1
hacilar,1
trays,1
uneven,1
knife,1
chest,1
ered,1
activity,1
paucity,1
reaching,1
establishing,1
reaction,1
functions,1
alter,1
vital,1
fine,1
likely,1
paran,1
extends,1
sporadically,1
establishment,1
cautious,1
resources,1
climax,1
desirable,1
transjordanian,1
representing,1
ritual,1
qadmoniot,1
domestiques,1
beneath,1
fragment,1
rollef,1
holland,1
behavior,1
easterly,1
controlled,1
density,1
segregation,1
murabaat,1
folded,1
interments,1
goal,1
throughout,1
typological,1
apex,1
hazorea,1
depressions,1
against,1
interest,1
relatively,1
ability,1
ear,1
lavan,1
attested,1
application,1
conducted,1
outillages,1
insisted,1
teristic,1
barrier,1
emigration,1
expected,1
galil,1
dis,1
palaeolithic,1
explo,1
concentrations,1
places,1
perspective,1
document,1
fuara,1
multiroom,1
causing,1
editing,1
columbia,1
six,1
inclusion,1
percep,1
served,1
allowing,1
kinship,1
third,1
twice,1
schematic,1
truly,1
whorls,1
stratigraphie,1
nondomestic,1
storage,1
archaeologist,1
unresolved,1
corrected,1
olive,1
border,1
operative,1
deeply,1
scalloped,1
handful,1
rates,1
babies,1
desertic,1
selectively,1
smoothed,1
higher,1
iants,1
aim,1
civilization,1
mesolithic,1
ybp,1
acerami,1
interesting,1
murabbat,1
reconstructed,1
alleged,1
avoids,1
zipori,1
adequate,1
orrelle,1
upright,1
trapezoidal,1
etched,1
dictionnaire,1
almonds,1
grid,1
stricter,1
leading,1
obtained,1
prefiring,1
how,1
vators,1
nimrod,1
appreciation,1
kind,1
var,1
preparing,1
bore,1
lematical,1
subdivision,1
knew,1
represented,1
deliberately,1
eneolithique,1
winona,1
proportion,1
faster,1
flexible,1
certain,1
assuming,1
tionship,1
produced,1
lacking,1
scales,1
lay,1
discoveries,1
paleolithic,1
miscellaneous,1
inance,1
fulfill,1
reason,1
understand,1
category,1
perceptions,1
nor,1
old,1
consultation,1
appar,1
biased,1
organization,1
fast,1
churns,1
statistical,1
sim,1
fossiles,1
image,1
specialization,1
intensive,1
vations,1
gular,1
morgan,1
emergence,1
ledge,1
clearly,1
hotter,1
byzantine,1
bordeaux,1
dominate,1
weak,1
pebble,1
amman,1
orientation,1
minat,1
recovered,1
gume,1
tsipori,1
beyond,1
indications,1
neba,1
defines,1
prototabular,1
megarons,1
pology,1
plenum,1
internal,1
syntheses,1
chronostratig,1
strategy,1
preference,1
sunk,1
management,1
cut,1
view,1
hope,1
ha,1
kenya,1
assessments,1
avant,1
sive,1
expressed,1
uses,1
yarmoukian,1
chretienne,1
anthropogenic,1
pastoral,1
herald,1
whom,1
identifying,1
allow,1
bearing,1
kegan,1
acknowledgments,1
luster,1
treatments,1
struc,1
effort,1
lived,1
feidan,1
fishing,1
relate,1
dispute,1
franqais,1
syrian,1
ogy,1
base,1
quities,1
academic,1
bution,1
neighboring,1
though,1
indirect,1
domestication,1
stratified,1
wealth,1
outlined,1
gars,1
neol,1
lyons,1
absolute,1
required,1
undatable,1
facilities,1
truncations,1
trend,1
floral,1
bow,1
hama,1
method,1
irbid,1
sparse,1
hreiz,1
char,1
trough,1
theological,1
lebanon,1
typologically,1
line,1
zeitschrifi,1
zoomorphic,1
intense,1
scope,1
already,1
strict,1
comprises,1
preferred,1
del,1
nonspecific,1
future,1
denticulates,1
brought,1
fosters,1
differ,1
quently,1
reduction,1
clearer,1
grn,1
bowl,1
midand,1
seminomadic,1
discussions,1
refined,1
drier,1
broad,1
plastered,1
beginnings,1
cluster,1
ontario,1
pan,1
rituals,1
ning,1
accord,1
believes,1
buff,1
reconstructing,1
sociopolitical,1
includ,1
archaeologists,1
cruder,1
overrepresented,1
trends,1
capo,1
approach,1
foci,1
directeurs,1
creating,1
hut,1
technotypological,1
ratios,1
corresponds,1
distances,1
reinforces,1
revolution,1
straight,1
gebel,1
coupled,1
son,1
terminologies,1
grass,1
le,1
contrast,1
cope,1
sonal,1
reaches,1
reestablished,1
quite,1
hole,1
quantification,1
characteristics,1
nonnucleated,1
shapes,1
finkelstein,1
predate,1
components,1
vation,1
stones,1
gene,1
decline,1
undecprated,1
mel,1
latest,1
mixing,1
impossible,1
hor,1
preceding,1
always,1
visible,1
vuniversite,1
proper,1
herzlia,1
inverted,1
correspondence,1
peculiar,1
samir,1
value,1
axes,1
newly,1
developmental,1
pot,1
francais,1
triangular,1
settle,1
valuable,1
sporadic,1
digging,1
facies,1
content,1
epony,1
nations,1
analytic,1
bedrock,1
arrangement,1
platter,1
repertoire,1
demand,1
demographically,1
ceremonial,1
onset,1
territorial,1
rome,1
summarize,1
commu,1
bringing,1
dueila,1
indeed,1
corporation,1
merits,1
outlet,1
laurier,1
chronol,1
object,1
taxonomically,1
narrowing,1
sedation,1
tor,1
dwellings,1
indicates,1
undefined,1
surveyed,1
backed,1
innovation,1
direction,1
yuval,1
fidan,1
subculture,1
postdates,1
potsherds,1
glossy,1
auspices,1
campagnes,1
kishion,1
push,1
definable,1
suited,1
makes,1
convex,1
nologically,1
rain,1
ring,1
sociocultural,1
cutoff,1
fifth,1
cylindrical,1
neither,1
specimens,1
clarified,1
achieve,1
rasa,1
ams,1
gosh,1
adjusted,1
memoires,1
shifting,1
cahiers,1
wright,1
subdivisions,1
flake,1
emigrate,1
belonging,1
protohistoriques,1
silos,1
ambiguities,1
picture,1
declining,1
representation,1
starting,1
unreliable,1
mfeasurement,1
law,1
technique,1
frederick,1
ponte,1
tribution,1
again,1
subse,1
hearths,1
suitable,1
growth,1
adobe,1
handfuls,1
demographic,1
lacked,1
communal,1
fact,1
avec,1
limit,1
rectilin,1
fluence,1
bethshean,1
clarendon,1
travaux,1
pastoralism,1
pressure,1
agree,1
liminary,1
flimsy,1
children,1
anthro,1
tepe,1
isolate,1
richer,1
banks,1
plagued,1
farming,1
loop,1
estimation,1
archeomaterials,1
dally,1
considerable,1
kohler,1
enlarge,1
fragments,1
mersin,1
besorian,1
charac,1
fits,1
preet,1
v,1
derivative,1
innovative,1
developing,1
purposes,1
coarse,1
contracted,1
matt,1
lines,1
practice,1
nigel,1
preparation,1
discard,1
nical,1
ignoring,1
routledge,1
cul,1
coined,1
rectan,1
mill,1
distortions,1
valleys,1
degree,1
vegetational,1
original,1
simon,1
analyzed,1
classes,1
splayed,1
understanding,1
technologies,1
greatest,1
investigated,1
avantj,1
discovery,1
preferential,1
necked,1
chronologies,1
limitations,1
cranium,1
quan,1
scatter,1
owe,1
holemouth,1
retains,1
increase,1
arlene,1
identification,1
identity,1
uncovered,1
controlling,1
food,1
determining,1
assumption,1
refers,1
itnstitut,1
congress,1
ideas,1
resulting,1
harvard,1
hersh,1
questions,1
bitter,1
syrie,1
multicomponent,1
national,1
raising,1
sees,1
forerunners,1
states,1
taxon,1
avi,1
natufian,1
flaking,1
naga,1
arkheologiot,1
weaving,1
vii,1
sunken,1
platform,1
sev,1
significance,1
explorations,1
incisions,1
express,1
recognize,1
faces,1
interpret,1
prevents,1
sedations,1
individual,1
symposium,1
divisions,1
allowed,1
geographically,1
huts,1
overlain,1
him,1
recon,1
uni,1
dry,1
stages,1
tities,1
accurate,1
renewal,1
spa,1
graphical,1
exchange,1
neutral,1
ture,1
closing,1
agri,1
paleo,1
graves,1
maison,1
parallel,1
relation,1
plate,1
looks,1
story,1
dominance,1
herringbone,1
chrono,1
splitting,1
haven,1
postholes,1
relative,1
quarterly,1
gisements,1
caution,1
recurring,1
political,1
propose,1
delimited,1
widely,1
species,1
altogether,1
troisieme,1
limiting,1
increasing,1
rift,1
israeli,1
carried,1
seasons,1
aid,1
circle,1
today,1
publishing,1
vin,1
edizioni,1
she,1
meets,1
angular,1
science,1
crucial,1
ecological,1
tufnell,1
hectare,1
lar,1
pithoi,1
ideology,1
maps,1
pieces,1
hill,1
begin,1
vertical,1
insufficient,1
independence,1
referred,1
concluding,1
un,1
collections,1
degradation,1
sequences,1
paraphernalia,1
supine,1
libanais,1
covering,1
length,1
littoral,1
antiquity,1
why,1
es,1
reconsider,1
exagger,1
responsible,1
unusual,1
construction,1
expla,1
inferior,1
reminiscent,1
ology,1
fields,1
metrical,1
face,1
consid,1
problematic,1
occupies,1
resemble,1
extensions,1
thick,1
attachment,1
meant,1
flo,1
gawra,1
addressed,1
detail,1
sections,1
nonquantitative,1
school,1
ration,1
nished,1
heavy,1
revetted,1
trodden,1
civilizations,1
prausnitz,1
demographics,1
exemplified,1
lattice,1
mentioned,1
homogeneity,1
incorporated,1
hakkibutz,1
founded,1
economically,1
beside,1
continues,1
soil,1
palestinienne,1
botanical,1
separately,1
southward,1
tified,1
borrow,1
grottes,1
prob,1
equipment,1
alternative,1
quaternary,1
defining,1
eli,1
pistachio,1
incom,1
gaps,1
country,1
share,1
connection,1
innovations,1
did,1
contextual,1
gazelle,1
argue,1
tity,1
southernmost,1
universal,1
scenario,1
humid,1
solved,1
reliability,1
linked,1
hago,1
speculation,1
infer,1
goods,1
headdress,1
iron,1
going,1
enlarged,1
just,1
living,1
options,1
structed,1
advances,1
merely,1
catalogue,1
qataret,1
qualitatively,1
fetal,1
clarity,1
beginning,1
albright,1
dhariya,1
game,1
unlikely,1
fuller,1
notable,1
carefully,1
soundings,1
gath,1
making,1
references,1
particular,1
quote,1
nearby,1
maintain,1
covers,1
attitudes,1
plete,1
statement,1
map,1
geo,1
cult,1
muheisen,1
temporally,1
surveying,1
repetitive,1
thames,1
array,1
require,1
dark,1
yield,1
influenced,1
bipo,1
observations,1
apparently,1
phenomena,1
blages,1
hundreds,1
ramat,1
vereins,1
prevent,1
art,1
topographical,1
progress,1
campagne,1
uncontrolled,1
interrelated,1
recognition,1
bifa,1
ruled,1
uniform,1
ashes,1
subcultures,1
churn,1
irregularly,1
transition,1
dor,1
therefore,1
pi,1
measure,1
extended,1
corresponding,1
domesticates,1
resultats,1
reconstruct,1
summarizes,1
tenable,1
using,1
maintained,1
evidenced,1
aims,1
au,1
ceramique,1
palestina,1
coming,1
neglect,1
overlies,1
timna,1
gar,1
vasie,1
pelet,1
wild,1
vlfme,1
sediments,1
argument,1
generate,1
hashofet,1
comparee,1
decrease,1
protohistoric,1
frame,1
ently,1
accept,1
acteristic,1
crisis,1
chiefly,1
wish,1
ended,1
highest,1
offer,1
giladi,1
blage,1
uncalibrated,1
hunter,1
arkhiologiyot,1
mas,1
smaller,1
cation,1
regular,1
prehistoriques,1
attempted,1
reexcavated,1
lugs,1
maintaining,1
territories,1
contextually,1
stools,1
removed,1
assumed,1
compounded,1
suss,1
km,1
themselves,1
shrank,1
grew,1
recherche,1
justify,1
communi,1
jeru,1
baringo,1
reached,1
consisted,1
judea,1
thicker,1
create,1
deemphasis,1
rela,1
abandoned,1
erly,1
focus,1
duration,1
immediately,1
comparable,1
infancy,1
virtue,1
previously,1
doing,1
indicating,1
close,1
overexploitation,1
gold,1
