WORDCOUNTS,WEIGHT
the,1572
of,1073
and,925
in,710
to,256
a,253
that,184
on,132
archaeological,111
nigeria,108
have,108
african,108
for,103
from,98
archaeology,89
as,89
at,86
p,80
with,78
west,75
between,75
ad,73
were,69
cultural,66
j,65
iron,65
was,63
pp,63
social,62
an,61
by,61
been,60
is,60
has,59
these,59
chad,59
this,55
journal,54
world,54
africa,53
not,51
early,51
are,49
university,48
history,46
also,45
b,43
century,42
research,42
their,41
basin,39
historical,39
during,38
settlement,38
studies,37
first,37
millennium,37
springer,37
into,36
bc,36
prehist,36
ca,36
r,35
region,35
development,34
most,34
but,31
it,30
e,30
study,30
southern,30
or,30
m,29
material,29
area,29
stone,28
new,28
centuries,28
evidence,28
glass,28
production,27
political,27
sites,27
its,27
about,27
regional,27
be,27
i,26
igbo,26
than,26
nigerian,26
sociopolitical,26
central,25
such,24
oyo,24
they,23
other,23
atlantic,23
state,23
late,23
culture,23
especially,23
s,22
dates,22
k,22
smelting,22
technology,22
only,22
local,22
complexity,22
some,21
excavations,21
developed,21
understanding,21
pottery,21
how,20
et,20
lake,20
bp,19
different,19
age,19
second,19
two,19
d,19
we,19
imperial,19
colonial,19
g,18
parts,18
old,18
more,18
benin,18
urban,18
copper,18
c,18
among,18
o,17
savanna,17
review,17
see,17
period,17
origins,17
recent,17
one,16
there,16
investigations,16
trade,16
several,16
transformations,16
niger,16
km,16
settlements,15
system,15
networks,15
may,15
rainforest,15
climatic,15
beads,15
t,15
will,15
palm,15
areas,15
conditions,15
which,15
city,15
f,14
last,14
site,14
similar,14
had,14
out,14
artifacts,14
ninth,14
society,14
populations,14
empire,14
elite,14
radiocarbon,14
northern,14
life,14
agricultural,14
w,14
valley,14
later,13
archaeologists,13
traditions,13
objects,13
used,13
indigenous,13
belt,13
ife,13
ancient,13
patterns,13
plant,13
imported,13
associated,13
cultivation,13
environmental,12
ethnoarchaeological,12
fifteenth,12
benue,12
london,12
rise,12
all,12
oral,12
polities,12
food,12
processes,12
ecological,12
yoruba,12
ethnoarchaeology,12
over,12
through,12
years,12
contexts,11
implications,11
within,11
hausaland,11
walls,11
understand,11
changes,11
metallurgy,11
four,11
aspects,11
preliminary,11
lsa,11
expansion,11
use,11
would,11
began,11
phd,11
economy,11
although,11
furnaces,11
focus,11
major,11
groups,10
northeast,10
conducted,10
sources,10
nature,10
n,10
sixteenth,10
bomu,10
dry,10
after,10
prehistory,10
important,10
because,10
place,10
people,10
regions,10
change,10
thirteenth,10
cambridge,10
critical,10
impacts,10
yet,10
ceramic,10
rock,10
many,10
forms,10
yorubaland,10
where,10
made,10
so,10
systems,10
ukwu,10
middle,10
both,10
formation,10
remains,10
chadic,10
metal,9
complex,9
likely,9
domestic,9
labor,9
since,9
center,9
across,9
process,9
possibly,9
societies,9
found,9
focused,9
produced,9
commerce,9
trading,9
around,9
activities,9
south,9
led,9
us,9
shows,9
oil,9
field,9
attention,9
millennia,9
innovations,9
wall,9
report,9
domesticated,9
better,9
investigation,9
ibadan,9
increased,9
yam,8
large,8
before,8
nineteenth,8
materials,8
seems,8
those,8
relations,8
essays,8
rather,8
organization,8
centers,8
occupation,8
population,8
pollen,8
well,8
data,8
part,8
eighth,8
practices,8
economic,8
precolonial,8
questions,8
modem,8
urbanism,8
high,8
methods,8
perspectives,8
often,8
construction,8
sukur,8
capital,8
current,8
igboland,8
foundations,8
kanem,8
information,8
suggests,8
much,8
pathways,8
north,8
tiv,7
british,7
agriculture,7
dynamics,7
slave,7
landscape,7
ceramics,7
river,7
emergence,7
could,7
based,7
tools,7
hierarchies,7
polity,7
towards,7
working,7
order,7
sculptures,7
finds,7
role,7
various,7
identified,7
continuity,7
metallurgical,7
light,7
same,7
no,7
power,7
towns,7
do,7
v,7
everyday,7
number,7
range,7
eighteenth,7
essay,7
mandara,7
david,7
earlier,7
european,7
carried,7
who,7
plains,7
analysis,7
peoples,7
gajiganna,7
past,7
beginning,7
what,7
plants,7
when,7
commercial,7
twentieth,7
mostly,6
interests,6
analyses,6
sahara,6
holocene,6
far,6
diversity,6
human,6
relationships,6
southwestern,6
sahelian,6
interest,6
american,6
oxford,6
cameroon,6
bantu,6
consequences,6
established,6
saharan,6
mapping,6
international,6
groundwork,6
wealth,6
however,6
work,6
industrial,6
beginnings,6
survey,6
involved,6
boundaries,6
concentrated,6
tropical,6
still,6
indicates,6
interactions,6
pastoralists,6
sociocultural,6
included,6
experimental,6
sahel,6
documented,6
daily,6
diverse,6
contemporary,6
external,6
until,6
zilum,6
including,6
increase,6
eleventh,6
dating,6
clear,6
discovered,6
indicate,6
played,6
southwest,6
five,6
sequences,6
igbomina,6
symbolic,6
country,6
very,6
living,6
emphasis,6
art,6
despite,6
leicester,6
became,6
initiated,6
nile,6
manufacture,6
nok,6
interaction,6
now,5
stylistic,5
affected,5
kinds,5
maize,5
h,5
military,5
nri,5
vegetation,5
blackwell,5
case,5
plain,5
marked,5
resources,5
ritual,5
inner,5
due,5
developments,5
storage,5
ybp,5
without,5
l,5
levels,5
coastal,5
subsistence,5
derived,5
space,5
references,5
latter,5
upper,5
show,5
followed,5
raw,5
result,5
andah,5
agenda,5
burial,5
domestication,5
metals,5
possibility,5
systematic,5
project,5
suggest,5
ological,5
presence,5
immense,5
rop,5
kanuri,5
slag,5
communities,5
town,5
hegemonic,5
ethnographic,5
heritage,5
others,5
lack,5
time,5
classical,5
farming,5
end,5
honor,5
adjacent,5
present,5
hinterlands,5
strategies,5
badagry,5
another,5
sudanic,5
three,5
structure,5
quarter,5
increasing,5
relationship,5
institutions,5
lives,5
grinding,5
antiquity,5
forest,5
earliest,5
any,5
demonstrate,5
bronze,5
know,5
paper,5
my,5
seem,5
half,5
whether,5
ethnography,5
level,5
commodities,5
transcontinental,5
come,5
question,5
wild,5
intensified,5
need,5
thousand,5
specific,5
potential,5
zones,5
southeastern,5
if,4
culminated,4
opi,4
adoption,4
introduction,4
deltaic,4
ore,4
western,4
character,4
colonized,4
archae,4
plateau,4
trenton,4
chikwendu,4
shaped,4
contextual,4
farmers,4
exotic,4
reveal,4
date,4
lagos,4
primary,4
vol,4
calvocoressi,4
throughout,4
babatunde,4
component,4
against,4
de,4
type,4
clay,4
bight,4
served,4
defensive,4
ethnolinguistic,4
capitals,4
kotoko,4
locally,4
dated,4
delta,4
beyond,4
shed,4
connah,4
dynastic,4
trajectories,4
kingship,4
anthropology,4
placed,4
bama,4
fulani,4
future,4
intense,4
bm,4
related,4
fluctuations,4
q,4
millet,4
mbv,4
broad,4
shelter,4
kwara,4
status,4
own,4
approach,4
reaches,4
wider,4
components,4
villages,4
generally,4
up,4
situation,4
commenced,4
outer,4
southeast,4
single,4
stones,4
independent,4
useful,4
routes,4
decorative,4
motifs,4
occurrence,4
took,4
answer,4
zaria,4
mosaic,4
indiana,4
sequence,4
styles,4
office,4
characterized,4
pearl,4
evolutionary,4
relation,4
potsherd,4
can,4
probably,4
institution,4
wisdom,4
detailed,4
transformation,4
emerging,4
mounds,4
extensive,4
known,4
usman,4
nsukka,4
control,4
rainfall,4
did,4
cities,4
guinea,4
rural,4
while,4
size,4
techniques,4
bronzes,4
challenges,4
archaeobotany,4
our,4
advent,4
fourteenth,4
documentation,4
define,4
association,4
foraging,4
combination,4
abandoned,4
terracotta,4
darling,4
killick,3
calibrated,3
estimated,3
sphere,3
debris,3
linguistic,3
belts,3
tend,3
prime,3
ma,3
informative,3
federal,3
approaches,3
eze,3
nyame,3
migration,3
calibration,3
source,3
given,3
being,3
either,3
long,3
fortified,3
might,3
kilometers,3
hundred,3
hunting,3
katsina,3
help,3
okafor,3
rockshelters,3
surveys,3
context,3
papers,3
side,3
con,3
paved,3
functions,3
taking,3
along,3
zungeru,3
royal,3
cemeteries,3
points,3
brass,3
forced,3
adopted,3
interim,3
perspective,3
fig,3
third,3
witnessed,3
descriptive,3
poor,3
via,3
his,3
aimed,3
main,3
remain,3
basic,3
connected,3
contributions,3
earthworks,3
grains,3
linked,3
cowries,3
elsewhere,3
record,3
benefited,3
consequence,3
helped,3
osun,3
required,3
identifying,3
rule,3
alloy,3
zone,3
circumference,3
academic,3
fourth,3
neighboring,3
understood,3
kanembu,3
buried,3
appears,3
scale,3
almost,3
received,3
childs,3
competing,3
knowledge,3
revealed,3
partly,3
formations,3
imports,3
akuma,3
africanist,3
mclntosh,3
sixty,3
diagnostic,3
characteristics,3
few,3
industry,3
core,3
oftoyin,3
majority,3
using,3
chronological,3
comparative,3
exception,3
make,3
expanded,3
potsherds,3
elaboration,3
reference,3
york,3
under,3
fringes,3
shifting,3
insights,3
increasingly,3
provide,3
walled,3
houlouf,3
usefulness,3
idea,3
possible,3
grave,3
ages,3
bead,3
axes,3
focusing,3
perhaps,3
predynastic,3
valleys,3
technologies,3
encounter,3
intimate,3
heralded,3
discovery,3
unpredictable,3
ironworking,3
prevailed,3
assumption,3
residues,3
factor,3
fruits,3
carnelian,3
zimbabwe,3
interpret,3
improved,3
sorghum,3
parallel,3
interpretations,3
oscillations,3
ground,3
regimes,3
la,3
entanglement,3
today,3
grammar,3
tentative,3
continued,3
sometimes,3
foreign,3
directions,3
seen,3
transformed,3
seventeenth,3
suggestions,3
relevant,3
rapidly,3
types,3
results,3
following,3
intensification,3
esan,3
here,3
sustained,3
set,3
southward,3
intensive,3
then,3
foundation,3
sudan,3
assessment,3
afikpo,3
believed,3
according,3
embankments,3
proceedings,3
spatial,3
them,3
form,3
making,3
less,3
particular,3
problem,3
prestige,3
annual,3
migrations,3
socioeconomic,3
little,3
arabic,3
multiple,3
differentiation,3
numerous,3
national,3
kursakata,3
offer,3
include,3
land,3
cognitive,3
states,3
already,3
comparison,3
themselves,3
elites,3
substantial,3
classless,3
cross,3
should,3
built,3
close,3
difficult,2
contacts,2
cradle,2
books,2
concerned,2
medieval,2
sunray,2
created,2
represent,2
red,2
mountains,2
entanglements,2
per,2
mobility,2
formed,2
authority,2
currency,2
strictly,2
unanswered,2
modern,2
brunk,2
hours,2
robertshaw,2
necessarily,2
laid,2
total,2
harvests,2
fragile,2
wuro,2
du,2
oryza,2
highlight,2
came,2
way,2
supposedly,2
imprints,2
setting,2
vols,2
palynological,2
emerged,2
asia,2
layout,2
archaeologically,2
tradition,2
twenty,2
secondary,2
assess,2
holl,2
increas,2
studied,2
ephemeral,2
court,2
pavement,2
subsequent,2
sacred,2
raised,2
physical,2
california,2
kano,2
designs,2
forthcoming,2
eastern,2
gaps,2
key,2
continuum,2
zur,2
account,2
characterize,2
contemporaneous,2
variations,2
x,2
establishment,2
representing,2
warfare,2
behavior,2
empires,2
factional,2
phase,2
studien,2
divine,2
concentric,2
pay,2
thank,2
estimates,2
individual,2
manufactured,2
items,2
clustering,2
document,2
concerning,2
syracuse,2
dean,2
helpful,2
arab,2
archaeologist,2
even,2
details,2
hausa,2
poorly,2
industries,2
van,2
civilization,2
simultaneously,2
oguagha,2
pit,2
rescue,2
lasted,2
importance,2
archaeometry,2
certain,2
special,2
strate,2
rootedness,2
means,2
arid,2
applied,2
dichotomy,2
toy,2
cad,2
organized,2
just,2
air,2
house,2
northeastern,2
orientation,2
resource,2
powerful,2
drought,2
efficient,2
rice,2
permanent,2
shifted,2
dominant,2
excavation,2
disappeared,2
cultivating,2
conquest,2
alumina,2
prehistoric,2
pastoral,2
lead,2
begun,2
hands,2
ambitions,2
attempt,2
behavioral,2
users,2
ocean,2
sedentary,2
slags,2
initial,2
ethnohistorical,2
pavements,2
term,2
density,2
awolowo,2
hinterland,2
circular,2
residential,2
recently,2
iwo,2
monograph,2
smithing,2
explain,2
aridity,2
wide,2
taruga,2
public,2
gained,2
memory,2
experiment,2
aging,2
network,2
spheres,2
mobilization,2
mapped,2
tool,2
los,2
significantly,2
example,2
homeland,2
obafemi,2
must,2
whole,2
ingly,2
gies,2
inferences,2
records,2
structures,2
rituals,2
artifact,2
interpreted,2
townships,2
heinemann,2
manipulation,2
precipitation,2
excavated,2
least,2
interregional,2
presented,2
intercontinental,2
drier,2
mediterranean,2
stimulated,2
consolidation,2
family,2
small,2
aissa,2
peak,2
niches,2
slaving,2
fully,2
former,2
nupe,2
cattle,2
agbaje,2
ungwai,2
resuscitating,2
florida,2
naturalistic,2
delineating,2
sociopo,2
reduced,2
cottage,2
architecture,2
monarchs,2
polished,2
seventh,2
synthesis,2
artworks,2
horses,2
limited,2
address,2
edges,2
hollows,2
kariya,2
ramparts,2
phoenician,2
borno,2
initially,2
wind,2
justification,2
odu,2
roads,2
structural,2
interpretation,2
examined,2
represents,2
mobile,2
fifth,2
favorable,2
thesis,2
ideology,2
department,2
noted,2
frameworks,2
picture,2
management,2
challenge,2
fell,2
mark,2
height,2
toward,2
ciopolitical,2
lime,2
fundamental,2
head,2
scholars,2
pressure,2
pastoralism,2
clarendon,2
crop,2
really,2
mbau,2
diameter,2
man,2
discussed,2
fragments,2
msc,2
conclusions,2
monographs,2
model,2
developing,2
archaeobotanical,2
practice,2
reshaped,2
wood,2
vegetational,2
demonstrated,2
kulturkunde,2
reveals,2
formal,2
arose,2
sixth,2
chaeology,2
ethnoarchae,2
significant,2
combining,2
causes,2
basis,2
congress,2
kingdom,2
products,2
ethnic,2
recovery,2
observed,2
theoretical,2
continuities,2
perimeter,2
open,2
landscapes,2
maintenance,2
defense,2
covering,2
like,2
innermost,2
general,2
curve,2
serves,2
static,2
obtained,2
practiced,2
ecology,2
preservation,2
standard,2
abundant,2
construct,2
dutsen,2
generating,2
exchange,2
educational,2
coercive,2
article,2
elaborate,2
craft,2
become,2
respectively,2
mainly,2
hierarchical,2
hunters,2
seeking,2
consumption,2
adaptations,2
occupied,2
controversial,2
behaviour,2
widely,2
species,2
clusters,2
populace,2
unstable,2
islamic,2
abundance,2
belonged,2
dugje,2
crucial,2
usually,2
ministry,2
program,2
begin,2
florescence,2
plastic,2
sway,2
dimensions,2
pop,2
imperialism,2
paraphernalia,2
whereby,2
shift,2
evolution,2
arts,2
frontier,2
dead,2
itself,2
face,2
idoma,2
angeles,2
unusual,2
grounded,2
meant,2
considered,2
addressed,2
wooded,2
proof,2
shaw,2
environment,2
kingships,2
shadow,2
historian,2
series,2
mentioned,2
colonization,2
changing,2
offered,2
palace,2
droughts,2
alternative,2
colonialism,2
satellite,2
defining,2
natural,2
anthropological,2
each,2
evolved,2
expanding,2
global,2
sizes,2
ijebu,2
argue,2
ideological,2
humid,2
twelfth,2
goods,2
raphael,2
factors,2
climate,2
utilized,2
proposed,2
bands,2
archival,2
drop,2
microlithic,2
ala,2
terms,2
twisted,2
ones,2
independently,2
nearby,2
maintain,2
firki,2
theory,2
angela,2
adaptation,2
predate,2
her,2
thames,2
periphery,2
institute,2
studying,2
enslavement,2
gratitude,2
varieties,2
litical,2
reported,2
press,2
interdisciplinary,2
durable,2
extended,2
domesticates,2
reconstruct,2
ogundiran,2
devoted,2
shown,2
locations,2
biennial,2
frontiers,2
generate,2
referenced,2
institutional,2
ores,2
chemical,2
mode,2
crisis,2
contributed,2
instead,2
afrique,2
yelwa,2
specialists,2
product,2
smaller,2
defined,2
derive,2
seeks,2
off,2
tobacco,2
oldest,2
typology,2
klee,2
intergroup,2
rest,2
consisted,2
ulations,2
reached,2
geographical,2
era,2
samun,2
maximum,2
mauritania,2
sheer,2
ethnoar,2
technological,2
building,2
meeting,2
indicating,2
roles,2
occur,2
praehistorica,2
citizenship,1
nicholas,1
frequent,1
cultigens,1
cll,1
intricate,1
medicinal,1
anticipated,1
struggle,1
doubts,1
deny,1
lation,1
oriented,1
investigated,1
convergence,1
testify,1
ampara,1
common,1
fraction,1
popula,1
indicated,1
productions,1
altamira,1
tion,1
corporate,1
expand,1
suggested,1
till,1
superceded,1
morphology,1
market,1
deserve,1
latitudinal,1
college,1
struggled,1
repre,1
determine,1
alone,1
keloid,1
ultimate,1
saverance,1
enclosing,1
lecture,1
distributed,1
ronments,1
glimpses,1
passing,1
forcing,1
empha,1
village,1
speakers,1
articulating,1
becoming,1
reflection,1
speculated,1
dc,1
residences,1
replaced,1
thrust,1
ugwuagu,1
perpetuate,1
drastically,1
maiduguri,1
designed,1
barthii,1
sheffield,1
competitions,1
live,1
units,1
specialist,1
sumptuary,1
solidarity,1
remnants,1
done,1
bias,1
arrangement,1
microliths,1
monolithic,1
guineensis,1
considerations,1
diffuse,1
finance,1
igboho,1
trace,1
ogwugwu,1
policy,1
protection,1
comparisons,1
geometric,1
wares,1
recreation,1
tween,1
occurred,1
scientist,1
itaog,1
sys,1
assume,1
southwards,1
arguing,1
ondo,1
humanities,1
street,1
permitted,1
turning,1
salvage,1
fires,1
test,1
experience,1
diffusion,1
lower,1
accumulation,1
consistent,1
romance,1
december,1
synonymous,1
envi,1
gap,1
vibrancy,1
dyers,1
inc,1
invention,1
acephalous,1
walnut,1
embrace,1
edo,1
localities,1
posed,1
retouched,1
endocarps,1
gao,1
repertoire,1
give,1
shuwa,1
taken,1
estate,1
cavalry,1
season,1
elusive,1
sub,1
humans,1
utilization,1
expectation,1
rare,1
worked,1
precondition,1
latifolia,1
retreat,1
experiments,1
gin,1
hatched,1
furnace,1
strip,1
memorial,1
able,1
available,1
excavating,1
wooden,1
advantage,1
together,1
accompanied,1
augustin,1
borders,1
bu,1
flotation,1
rosette,1
differences,1
indeed,1
narrative,1
supernatural,1
government,1
vanishing,1
recruit,1
sometime,1
substantive,1
closer,1
concludes,1
tivland,1
resulting,1
reproduction,1
folorunso,1
inland,1
feature,1
ecotone,1
faculty,1
fresh,1
logocentric,1
refection,1
rudimentary,1
miles,1
emphasized,1
concepts,1
reworking,1
access,1
routines,1
china,1
wage,1
item,1
signs,1
ijesaland,1
aiyedun,1
motivated,1
visibility,1
nomadic,1
posts,1
datable,1
nowhere,1
sophisticated,1
dr,1
fruit,1
westview,1
dying,1
formulation,1
nige,1
translations,1
bones,1
u,1
me,1
america,1
demography,1
draw,1
march,1
representations,1
sgraffito,1
design,1
mastering,1
uneven,1
washington,1
militaristic,1
prior,1
bassey,1
implies,1
determined,1
delivering,1
editions,1
publishers,1
fl,1
condition,1
entrepreneurs,1
facilitating,1
reaching,1
object,1
accommodation,1
establishing,1
gberefu,1
terminus,1
intensively,1
move,1
richard,1
occupy,1
ethnographique,1
mastery,1
fication,1
brated,1
point,1
tastes,1
conceptual,1
kuper,1
consequent,1
tlement,1
familial,1
cautious,1
quantity,1
household,1
realistic,1
dynamic,1
rainforests,1
deities,1
horticulturalists,1
identifies,1
prototype,1
melting,1
sand,1
granaries,1
expecting,1
inventory,1
szuchman,1
pursuing,1
phenomenal,1
singled,1
encroachments,1
framework,1
wherever,1
ranked,1
implements,1
extinct,1
otherwise,1
clients,1
conflict,1
thus,1
icons,1
chapters,1
identities,1
reservoir,1
relocation,1
germany,1
language,1
agu,1
equatorial,1
historically,1
draught,1
proceeded,1
duree,1
distinctive,1
estimating,1
spectrum,1
accompany,1
immediate,1
attest,1
quality,1
seventy,1
professor,1
dahomey,1
dominated,1
unpublished,1
integral,1
neighbours,1
neighbors,1
characteristic,1
regarded,1
contributors,1
accidentally,1
concentrations,1
raises,1
br,1
shaft,1
application,1
constellation,1
privilege,1
calabar,1
strategic,1
kind,1
migrate,1
surveyed,1
priority,1
involvement,1
gun,1
terial,1
nities,1
elements,1
speculative,1
immigrants,1
heterarchical,1
illuminates,1
glory,1
times,1
obo,1
niques,1
cali,1
profound,1
back,1
contrary,1
response,1
materi,1
six,1
further,1
houses,1
rediscovering,1
wholly,1
allowing,1
spotty,1
compared,1
fines,1
arranged,1
reoccupation,1
truly,1
estimate,1
thin,1
collaboration,1
mechanical,1
barracks,1
anciennete,1
identify,1
drawn,1
alist,1
unresolved,1
reassessment,1
instruments,1
ingredient,1
interlocking,1
preserving,1
ecologies,1
vice,1
bornu,1
wet,1
precapitalist,1
obliterating,1
decline,1
leadership,1
delivered,1
hardly,1
enrich,1
reliefs,1
impressions,1
salvaging,1
error,1
hammer,1
stoneless,1
alabama,1
higher,1
aim,1
rafin,1
divergence,1
simultaneous,1
ism,1
shortand,1
advances,1
pendant,1
isohyets,1
added,1
ka,1
essential,1
reflects,1
locality,1
dyestuff,1
identification,1
etched,1
operations,1
jettison,1
ba,1
ways,1
centered,1
highlands,1
district,1
smoking,1
possession,1
lie,1
museum,1
square,1
na,1
conflation,1
explicit,1
fascinating,1
dynasty,1
patronage,1
centralization,1
capture,1
chronometric,1
demonstration,1
represented,1
ce,1
survives,1
opportunity,1
sudden,1
edwin,1
proportion,1
supplement,1
direct,1
spores,1
ongoing,1
institutionalized,1
symbols,1
lacking,1
tree,1
lay,1
burials,1
discoveries,1
animals,1
priorities,1
support,1
modified,1
sedentarism,1
favor,1
acquisition,1
maintaining,1
ehandiagu,1
facilitated,1
ensure,1
metropolis,1
barbarous,1
maiden,1
tailored,1
physically,1
foragers,1
sonja,1
slowly,1
serviced,1
maley,1
palaeoclimate,1
section,1
mechanisms,1
differentiated,1
spirit,1
impact,1
promotion,1
germane,1
preoccupation,1
venetian,1
weak,1
bivar,1
argued,1
quarters,1
calendar,1
threat,1
umbrella,1
jars,1
exploited,1
textile,1
demarcation,1
dept,1
follow,1
agorin,1
edinburgh,1
goats,1
isolation,1
peninsula,1
position,1
queen,1
transcripts,1
requires,1
differentiate,1
tides,1
exploitation,1
engines,1
answers,1
birni,1
delays,1
wearing,1
bimi,1
etude,1
strategy,1
preference,1
decades,1
metropolises,1
view,1
fluid,1
conflicts,1
iconography,1
funerary,1
charcoal,1
whereas,1
greater,1
presents,1
ladagry,1
discoursesresistance,1
woye,1
closely,1
distribution,1
whom,1
cultureis,1
columbia,1
priori,1
path,1
extent,1
questioned,1
africans,1
histories,1
search,1
color,1
coalescing,1
critically,1
totaling,1
aguku,1
pulse,1
relating,1
ambiguity,1
crowd,1
demands,1
wandala,1
facilitate,1
primacy,1
carolina,1
pioneer,1
strates,1
coordinating,1
endeavor,1
configuration,1
emerge,1
assisted,1
commoners,1
illuminated,1
vigorous,1
shoes,1
attained,1
cores,1
mined,1
inter,1
popu,1
pre,1
nium,1
urbanization,1
circulation,1
meter,1
bloomery,1
ranking,1
campuses,1
informed,1
impluvium,1
durham,1
healthy,1
lowlands,1
skilled,1
keywords,1
mate,1
obviated,1
sharpened,1
intensity,1
cannot,1
dispersal,1
dices,1
intersocietal,1
southwesterly,1
amenable,1
refuge,1
igbominaland,1
find,1
granite,1
drewal,1
graciously,1
flaked,1
sacrifice,1
sedentism,1
near,1
glottochronology,1
oxcal,1
acknowledgements,1
sparse,1
receive,1
pointers,1
watershed,1
trough,1
directly,1
unequal,1
bauchi,1
charred,1
accounting,1
y,1
ethnolinguistics,1
hegemon,1
makers,1
gatherers,1
ethnohistory,1
kits,1
bullets,1
ditches,1
contextualized,1
nine,1
centrating,1
commoditization,1
cord,1
claim,1
protected,1
coping,1
unless,1
brought,1
exquisite,1
proportions,1
partitioned,1
reduction,1
symbolism,1
cob,1
description,1
targets,1
itaakpax,1
egalitarian,1
literature,1
overview,1
gave,1
fit,1
database,1
discussions,1
northwest,1
agropastoralists,1
suppliers,1
officers,1
fruitful,1
cluster,1
perishable,1
kings,1
demon,1
call,1
transported,1
outposts,1
planning,1
border,1
proliferation,1
publish,1
cobalt,1
gear,1
surrounding,1
nor,1
ultimately,1
sutton,1
achieving,1
fieldwork,1
monopoly,1
visions,1
ethnicity,1
dtrtsen,1
trends,1
attributed,1
cults,1
ethnographicallyand,1
historicity,1
mundane,1
preceded,1
gateway,1
published,1
enclosures,1
legacy,1
sense,1
successful,1
describing,1
below,1
hopewellian,1
tenuous,1
uribe,1
shaping,1
stage,1
speculations,1
rump,1
esie,1
longman,1
cope,1
precedents,1
musket,1
sharp,1
ward,1
arbitrary,1
atmosphere,1
bank,1
graveyards,1
underscore,1
habitation,1
concept,1
nutritional,1
mineral,1
june,1
highly,1
ls,1
vation,1
starting,1
patience,1
crystallization,1
cool,1
dramatic,1
inhabitants,1
kernels,1
essentially,1
latest,1
compliant,1
workforce,1
seeds,1
corporations,1
yielded,1
visible,1
articulation,1
progress,1
specializations,1
filling,1
projections,1
paid,1
guilloche,1
roots,1
relic,1
devising,1
appropriate,1
value,1
newly,1
provided,1
displaced,1
ology,1
inform,1
moved,1
humanistic,1
sporadic,1
enjoy,1
multifunctional,1
digging,1
longue,1
kogi,1
mande,1
faber,1
pollens,1
nations,1
settlers,1
flourished,1
ameri,1
retreated,1
portion,1
therefore,1
originally,1
processual,1
horizons,1
he,1
imprint,1
strokes,1
ramifications,1
minor,1
ingenuity,1
onset,1
variety,1
archaeo,1
protecting,1
commu,1
shedding,1
organizations,1
ria,1
scientific,1
indicative,1
schmidt,1
separation,1
glasgow,1
gradual,1
located,1
overall,1
subject,1
thermoluminescence,1
schemes,1
return,1
ahistorical,1
brief,1
indication,1
etc,1
bui,1
prove,1
community,1
sedation,1
presently,1
comments,1
holders,1
achievements,1
module,1
florin,1
collapsed,1
paint,1
settings,1
turunku,1
subsection,1
hold,1
religious,1
tends,1
adapted,1
inspirations,1
yorubas,1
spectacular,1
experimentations,1
fighting,1
percentage,1
eral,1
soper,1
flux,1
archaeometric,1
mambtlla,1
delimiri,1
competition,1
pivotal,1
stalled,1
victor,1
desertification,1
opportunities,1
security,1
rubric,1
read,1
alongside,1
kluwer,1
serve,1
array,1
east,1
chronology,1
cylindrical,1
socio,1
neither,1
perceived,1
css,1
unwin,1
puzzle,1
dictates,1
technical,1
swamp,1
une,1
infrastructure,1
islam,1
assistance,1
complete,1
sourced,1
bangles,1
sharply,1
igala,1
ed,1
nw,1
demonstrates,1
accelerated,1
al,1
indian,1
ornamental,1
largest,1
belonging,1
narratives,1
wisconsin,1
artists,1
meconnue,1
boiling,1
reports,1
reliance,1
boost,1
speaking,1
architectural,1
impenetrable,1
exploit,1
possibilities,1
expansionist,1
functioned,1
awe,1
sistent,1
longer,1
volume,1
mound,1
disposition,1
fire,1
bomo,1
museums,1
phillip,1
french,1
skill,1
nigeriavols,1
book,1
biafra,1
omission,1
ironconfirm,1
prompting,1
broadened,1
subcontinent,1
undetermined,1
slavery,1
addition,1
experienced,1
demographic,1
complementary,1
efforts,1
arbitration,1
bracelets,1
cultivated,1
communal,1
fact,1
outskirts,1
leading,1
troubled,1
consideration,1
limit,1
pointer,1
materialist,1
occupations,1
hyphenated,1
botanical,1
kagoro,1
importation,1
creative,1
weeds,1
appeared,1
abstract,1
exclusion,1
nigerians,1
break,1
larger,1
identity,1
culti,1
kongba,1
incorporation,1
nucleated,1
plagued,1
focuses,1
debates,1
formulating,1
distributions,1
segmentation,1
outpost,1
predominant,1
pattern,1
compound,1
chiefdom,1
covers,1
anthropologist,1
outside,1
embankment,1
kit,1
fledged,1
paris,1
geography,1
covered,1
growing,1
en,1
metaphors,1
unit,1
compounds,1
odo,1
layers,1
continuing,1
historiographic,1
existing,1
execution,1
sulted,1
posnanky,1
establish,1
marrying,1
stylus,1
hectares,1
ornately,1
heavily,1
herskovits,1
council,1
carrier,1
necessary,1
origin,1
deep,1
heaps,1
showing,1
heterogenous,1
chronologically,1
weaken,1
belief,1
frequency,1
style,1
weakly,1
assemblage,1
threats,1
entrepreneurial,1
northerly,1
tuyeres,1
casting,1
convergences,1
remained,1
archaeometallurgical,1
original,1
equator,1
gronenborn,1
displace,1
classes,1
quotidian,1
microscopic,1
collecting,1
exploring,1
investment,1
divided,1
averaged,1
rulers,1
considering,1
lands,1
completed,1
accompanying,1
bear,1
values,1
diverted,1
contours,1
flaw,1
desert,1
writings,1
enhanced,1
sensibilities,1
realities,1
depended,1
ndoko,1
mortuary,1
manifestations,1
versa,1
individuality,1
willett,1
europeans,1
findings,1
varying,1
empirical,1
grassland,1
thriving,1
controlling,1
asian,1
pecially,1
hypotheses,1
potting,1
satisfactorily,1
lifestyle,1
variabilities,1
engaged,1
saifuwa,1
services,1
individuals,1
persistent,1
fer,1
poterie,1
full,1
raising,1
markers,1
theories,1
necessitated,1
ennoblement,1
iconographies,1
students,1
described,1
versions,1
ita,1
low,1
sev,1
significance,1
exports,1
restrictive,1
meanings,1
biblical,1
equates,1
reality,1
grew,1
comprehensive,1
publication,1
tury,1
accounted,1
flattening,1
decorated,1
peter,1
iloyi,1
held,1
resultant,1
allowed,1
reviewers,1
crucibles,1
spread,1
sandals,1
summer,1
optimum,1
features,1
collected,1
fagg,1
linking,1
mountain,1
coast,1
proximity,1
probable,1
ipole,1
tributing,1
procuring,1
provides,1
dioscorea,1
imagination,1
artificial,1
ture,1
millen,1
ashes,1
graves,1
demarcate,1
brutalities,1
enough,1
stahl,1
internal,1
mai,1
consumable,1
mining,1
salt,1
constructing,1
corpus,1
responsible,1
hand,1
successors,1
enabled,1
assessing,1
recoverable,1
ann,1
deliberate,1
influences,1
seattle,1
james,1
sowurimi,1
oreri,1
implication,1
horse,1
pathway,1
herringbone,1
attracted,1
grain,1
save,1
diameters,1
deriving,1
responsibility,1
ifetedo,1
cen,1
unrelated,1
thurstan,1
concluded,1
gleaned,1
encircle,1
adamawa,1
genesis,1
things,1
mangrove,1
suggestion,1
testable,1
glaberrima,1
christian,1
committed,1
asiri,1
spiral,1
behaviors,1
resolving,1
note,1
interdependent,1
fairly,1
akinjogbin,1
quo,1
science,1
stream,1
effects,1
naturally,1
palaeobotany,1
bifacially,1
groves,1
tech,1
spindle,1
arrow,1
unchanging,1
images,1
discard,1
widespread,1
primarily,1
wushishi,1
independence,1
referred,1
tin,1
un,1
gazargamo,1
playa,1
team,1
bicycle,1
contribution,1
properties,1
ushongo,1
logone,1
iconographic,1
inadequate,1
try,1
discourse,1
countries,1
length,1
thinning,1
settled,1
es,1
insecurity,1
warfareand,1
rudolph,1
existed,1
tapped,1
perichadian,1
interconnected,1
problematic,1
peripheries,1
table,1
stratified,1
composed,1
subdivided,1
waday,1
kingdoms,1
autochtonous,1
examine,1
widest,1
bigger,1
interpretive,1
tems,1
sound,1
susan,1
surrendering,1
rigorous,1
beans,1
seat,1
stable,1
door,1
magnavita,1
metallurgie,1
enigma,1
dissertation,1
produc,1
acquired,1
springfield,1
ranged,1
neglected,1
seriously,1
stratigraphic,1
dependable,1
heavy,1
eventually,1
zaghawa,1
dispersed,1
grounds,1
version,1
preclude,1
salts,1
circumstances,1
aivoji,1
conceptualization,1
gunflints,1
agents,1
constituted,1
conceptualize,1
fuel,1
sam,1
pace,1
theme,1
implied,1
otoogwe,1
akinwumi,1
shunned,1
grazing,1
skillful,1
tics,1
kolawole,1
regime,1
reconnaissance,1
ijara,1
doi,1
text,1
funding,1
dispossession,1
minerals,1
der,1
doned,1
cover,1
imposing,1
unrewarding,1
positivist,1
continental,1
touristic,1
impregnable,1
intellectual,1
dare,1
halt,1
cemetery,1
sheep,1
specialized,1
northward,1
moneta,1
prolific,1
commission,1
connection,1
shrine,1
ivory,1
best,1
unknown,1
ubiquitous,1
molten,1
agglomeration,1
intensi,1
prominence,1
variegated,1
nrobu,1
bush,1
anthropol,1
scenario,1
aban,1
elkido,1
sowunmi,1
nyameakuma,1
alloyed,1
researches,1
imitators,1
narrowed,1
hilltops,1
stamped,1
placing,1
replication,1
uppermost,1
hamlets,1
edge,1
merely,1
places,1
person,1
catalogue,1
encroaching,1
ditch,1
animal,1
cautions,1
tenth,1
weapons,1
harbingers,1
surpluses,1
pipes,1
experi,1
ruins,1
aremu,1
completion,1
answered,1
rose,1
ghanaian,1
list,1
accounts,1
ogbe,1
ash,1
imposed,1
thirty,1
opportunistic,1
seasonal,1
artifactual,1
map,1
signature,1
encloses,1
mere,1
protective,1
heavier,1
stepped,1
consisting,1
understandably,1
insightful,1
utilitarian,1
scheduling,1
charting,1
fund,1
fruitfully,1
produce,1
yield,1
balance,1
mejiro,1
descendants,1
incorporated,1
hundreds,1
frontiersmen,1
port,1
categories,1
rial,1
thematically,1
considerably,1
researchers,1
boston,1
biography,1
craftsmanship,1
apparatus,1
undated,1
trees,1
ogedengbe,1
breunig,1
pits,1
thereby,1
ancestral,1
cl,1
simply,1
affecting,1
goat,1
ohio,1
wunmonije,1
ngala,1
content,1
courses,1
alternatives,1
confirm,1
beer,1
procure,1
republic,1
variability,1
ac,1
wrought,1
arcchaeology,1
transition,1
lies,1
sitting,1
deployed,1
assumptions,1
sheets,1
rochester,1
harvesting,1
palynology,1
lab,1
merchant,1
manufacturing,1
secured,1
inventions,1
ranks,1
phenomenon,1
mention,1
allows,1
ized,1
evidenced,1
gain,1
coming,1
alls,1
terminal,1
tions,1
ofkwara,1
contrasts,1
uk,1
iberian,1
ogy,1
named,1
campus,1
shores,1
survive,1
tell,1
models,1
recording,1
ignored,1
disposal,1
richest,1
autochthonous,1
sungbo,1
illinois,1
ushered,1
morphological,1
rockshelter,1
stratification,1
iconic,1
origines,1
location,1
structuring,1
insight,1
offshoot,1
actively,1
approximately,1
fauna,1
jasper,1
typically,1
integrated,1
usa,1
constructed,1
honour,1
ebiraland,1
functionalist,1
involving,1
asked,1
earthen,1
atsantic,1
clues,1
colleagues,1
tributaries,1
agadez,1
extremely,1
madison,1
impacted,1
summary,1
enclosed,1
anonymous,1
siege,1
supported,1
conceptualizing,1
coalesce,1
recognize,1
pioneering,1
mental,1
distinctions,1
senting,1
tribes,1
hills,1
carthage,1
enterprise,1
debate,1
dark,1
texts,1
mccaleb,1
element,1
develop,1
treating,1
re,1
koln,1
accentuate,1
immediately,1
reaucracy,1
strong,1
exchanges,1
macrocosm,1
profiles,1
mainstay,1
quaternary,1
onyoma,1
aribidesi,1
characteris,1
deeper,1
looking,1
factoring,1
seawater,1
grants,1
aiyegunle,1
bullet,1
