WORDCOUNTS,WEIGHT
the,897
of,578
and,560
in,462
a,268
wild,201
to,193
from,177
pigs,174
domestic,164
are,158
is,149
that,143
were,135
this,115
for,110
boar,108
at,103
et,103
al,101
be,101
on,98
neolithic,85
j,85
as,85
not,80
but,77
p,74
have,69
by,66
fig,63
lower,59
i,56
pig,55
with,55
domestication,53
world,51
was,50
size,50
they,47
animals,47
archaeological,46
springer,45
hunting,44
m,44
population,44
prehist,44
than,43
two,43
or,42
these,40
it,39
sites,39
more,39
can,39
so,38
table,38
pp,37
other,36
an,36
v,35
their,34
university,34
no,33
populations,33
been,33
modern,32
о,32
measurements,32
has,32
all,31
most,31
gotland,31
also,31
new,31
s,30
mesolithic,30
l,30
which,30
between,30
may,29
sus,28
early,28
large,27
r,27
some,26
only,26
three,26
would,26
animal,26
when,26
one,25
there,25
high,25
males,25
much,25
if,24
those,24
we,24
scrofa,23
press,23
first,22
thus,22
age,22
years,22
journal,21
prehistoric,21
because,21
will,21
specimens,21
methods,21
d,21
human,20
upper,20
dobney,20
where,20
european,20
both,20
durrington,20
into,19
might,19
europe,19
east,19
females,19
n,19
islands,19
many,19
shows,19
teeth,19
archaeology,19
palustris,19
near,18
dna,18
present,18
species,18
metrical,18
eastern,17
young,17
southern,17
den,17
do,17
increase,17
often,17
length,17
while,17
evidence,17
close,17
ô,16
juvenile,16
during,16
single,16
pattern,16
kizilcahamam,16
seeberg,16
must,16
h,15
bones,15
x,15
walls,15
site,15
could,15
piglets,15
year,15
probably,15
analysis,15
smaller,15
e,14
payne,14
such,14
ml,14
k,14
ancient,14
had,14
juveniles,14
therefore,14
he,14
various,14
jarman,14
larger,14
stress,14
ppn,14
der,14
gazelle,14
wa,13
g,13
tooth,13
clearly,13
further,13
cannot,13
work,13
boessneck,13
oxford,13
under,13
management,13
status,13
range,13
series,13
molino,13
middle,13
wp,13
very,12
mean,12
study,12
von,12
riitimeyer,12
part,12
small,12
identified,12
ferus,12
far,12
proceedings,12
studies,11
mainland,11
taken,11
papers,11
mm,11
bull,11
b,11
â,11
strategy,11
result,11
diet,11
late,11
though,11
its,11
island,11
casarotto,11
same,11
variation,11
assemblages,11
food,11
gomolava,11
figure,11
considered,11
them,11
c,11
major,11
does,10
approaches,10
zambujal,10
astragalus,10
since,10
sample,10
levels,10
suggested,10
found,10
çayônii,10
example,10
t,10
deer,10
separation,10
southeast,10
death,10
see,10
japan,10
frequency,10
okinawa,10
samples,10
asian,10
ringkloster,10
enamel,10
control,10
different,10
lengths,10
through,10
introduced,10
later,9
being,9
asia,9
к,9
even,9
higher,9
plotted,9
plants,9
exploitation,9
history,9
intermediate,9
change,9
pottery,9
economic,9
indicates,9
л,9
leh,9
low,9
clear,9
feral,9
did,9
economy,9
remains,9
isotopes,8
behaviour,8
reveal,8
possible,8
dyrholm,8
rather,8
means,8
prehistory,8
intensive,8
just,8
argued,8
goats,8
greater,8
omitting,8
applied,8
nevalí,8
stockholm,8
around,8
results,8
f,8
situation,8
female,8
above,8
examined,8
patterns,8
width,8
after,8
problems,8
concluded,8
male,8
kill,8
stable,8
each,8
paper,8
whether,8
agricultural,8
contain,8
little,8
became,8
driesch,8
increased,8
interaction,8
north,8
should,8
albarella,8
now,7
common,7
groups,7
settlements,7
cucchi,7
ii,7
individuals,7
suggesting,7
marine,7
killed,7
measurement,7
mtdna,7
hallan,7
american,7
expected,7
hypoplasia,7
compared,7
adult,7
sardinia,7
breadth,7
w,7
show,7
closely,7
international,7
levant,7
method,7
aspects,7
line,7
used,7
start,7
italy,7
cluster,7
least,7
research,7
second,7
useful,7
husbandry,7
less,7
time,7
region,7
full,7
scandinavia,7
oxbow,7
figures,7
widely,7
fall,7
british,7
jomon,7
any,7
peschany,7
books,7
domesticated,7
form,7
jaws,7
categories,7
variability,7
our,7
shown,7
cambridge,7
include,7
although,7
difficult,6
environmental,6
introduction,6
complex,6
likely,6
isotopie,6
davis,6
humans,6
china,6
linear,6
eurasia,6
bottom,6
frequencies,6
helmer,6
century,6
elements,6
steps,6
interesting,6
across,6
how,6
domesticus,6
earlier,6
similar,6
japanese,6
section,6
listed,6
came,6
fusion,6
durham,6
appears,6
produced,6
possibility,6
well,6
breeding,6
data,6
climatic,6
settlement,6
offspring,6
academy,6
в,6
troldebjerg,6
forms,6
conclusions,6
çemi,6
skeletal,6
fed,6
holocene,6
icaz,6
с,6
ireland,6
graves,6
mortality,6
five,6
corsica,6
indicate,6
months,6
associated,6
conclusion,6
known,6
terrestrial,6
outcome,6
current,6
guinea,6
terms,6
her,6
produce,6
easy,6
decrease,6
need,6
effects,6
national,6
ussuricus,5
group,5
cyprus,5
total,5
before,5
и,5
swedish,5
mandibles,5
last,5
within,5
portugal,5
figs,5
information,5
waste,5
genetic,5
central,5
term,5
scapula,5
his,5
growth,5
denmark,5
sow,5
process,5
proportion,5
established,5
origins,5
view,5
appear,5
ranges,5
based,5
sd,5
isotope,5
initial,5
however,5
nearest,5
çori,5
below,5
suggest,5
generally,5
microwear,5
winge,5
variety,5
included,5
department,5
reports,5
published,5
others,5
fact,5
distal,5
end,5
discussed,5
physiological,5
strategies,5
mitochondrial,5
material,5
original,5
discussion,5
çayônû,5
values,5
gesellschaft,5
period,5
korsnäs,5
fauna,5
ago,5
izu,5
widths,5
gli,5
wildlife,5
mentioned,5
over,5
particularly,5
particular,5
distribution,5
suggests,5
presented,5
argument,5
reveals,5
awazu,5
starčevo,5
recent,5
resolve,4
produces,4
way,4
slaughter,4
jarmo,4
live,4
ratio,4
either,4
long,4
season,4
reasons,4
somewhat,4
turkey,4
context,4
case,4
italian,4
resources,4
occur,4
de,4
relatively,4
old,4
crosses,4
apparently,4
tagliacozzo,4
killing,4
possibly,4
always,4
sedentary,4
culture,4
earliest,4
shape,4
flannery,4
distinguish,4
future,4
related,4
contains,4
winter,4
showing,4
interpreted,4
good,4
few,4
distinguished,4
fully,4
visible,4
geographical,4
indeed,4
still,4
interpretation,4
museum,4
egolzwil,4
noted,4
skeletons,4
farming,4
doubt,4
clusters,4
perhaps,4
ecology,4
demonstrated,4
gushibaru,4
birth,4
grotta,4
sequence,4
hunted,4
theoretical,4
like,4
mammals,4
standard,4
provides,4
outcomes,4
structure,4
occupied,4
separate,4
carried,4
suggestion,4
continued,4
science,4
sometimes,4
ж,4
lines,4
problematic,4
anthropological,4
practice,4
legge,4
moose,4
natural,4
sheep,4
clason,4
baltic,4
litters,4
multiple,4
understanding,4
die,4
humerus,4
until,4
argues,4
twentieth,4
attributes,4
okinawan,4
measured,4
rosenberg,4
comparison,4
assumed,4
dental,4
roe,4
herders,4
among,4
southeastern,4
indicating,4
showed,4
matsui,4
rate,3
done,3
ö,3
imported,3
consume,3
epipalaeolithic,3
needed,3
ways,3
fra,3
kangjia,3
higgs,3
geometric,3
western,3
occurred,3
migration,3
contexts,3
certainly,3
inexperienced,3
distinguishing,3
consuming,3
give,3
nature,3
belong,3
farmers,3
analyses,3
studied,3
able,3
closer,3
dong,3
determined,3
west,3
variations,3
uncertain,3
along,3
exposed,3
review,3
dynamics,3
development,3
calculated,3
due,3
acta,3
posterior,3
highest,3
left,3
continuous,3
third,3
für,3
died,3
identifications,3
swiss,3
climates,3
divergence,3
deviation,3
russian,3
remain,3
hagoshrim,3
en,3
subsistence,3
remote,3
kept,3
variant,3
burials,3
supports,3
driven,3
vasterbjers,3
yes,3
og,3
out,3
zooarchaeological,3
institute,3
dispersal,3
grounds,3
record,3
hypothetical,3
wide,3
having,3
dog,3
carry,3
proportions,3
irish,3
fiais,3
away,3
xipo,3
attributed,3
towards,3
aalborg,3
social,3
ratios,3
mediterranean,3
several,3
managed,3
descendants,3
up,3
majority,3
und,3
arene,3
society,3
south,3
led,3
territorial,3
scientific,3
britain,3
comparative,3
released,3
make,3
surviving,3
initially,3
movement,3
strategic,3
ware,3
selection,3
kills,3
mammal,3
alongside,3
soon,3
chronology,3
temperate,3
complete,3
confirms,3
insights,3
morphometries,3
ervynck,3
successfully,3
stated,3
again,3
approaching,3
zeder,3
longer,3
insular,3
substantially,3
considerable,3
flocks,3
technique,3
accepted,3
vulnerable,3
answer,3
recording,3
another,3
local,3
mothers,3
including,3
minagawa,3
factor,3
natufian,3
specimen,3
definitely,3
dominated,3
interpret,3
individual,3
spread,3
summer,3
distinction,3
class,3
hunters,3
adaptations,3
herding,3
division,3
crete,3
kongemose,3
iran,3
provide,3
usually,3
kangmung,3
who,3
seen,3
began,3
masca,3
itself,3
millimetre,3
middens,3
forest,3
environment,3
comes,3
hircus,3
intensification,3
consider,3
simply,3
bronze,3
text,3
know,3
anthropology,3
correspond,3
sizes,3
best,3
argue,3
half,3
report,3
iron,3
assessment,3
oliver,3
tibia,3
places,3
sado,3
following,3
none,3
what,3
lehs,3
adults,3
selected,3
ones,3
dwyer,3
cause,3
pitted,3
too,3
danish,3
bd,3
sea,3
role,3
perspective,3
conventional,3
domesticates,3
arguments,3
divided,3
weaning,3
uk,3
layers,3
schweiz,3
breed,3
involving,3
forming,3
area,3
potential,3
coefficient,3
vary,3
element,3
scandinavian,2
order,2
mostly,2
o,2
behavioural,2
fertile,2
medieval,2
yearlings,2
storâ,2
separated,2
glenoid,2
foraging,2
considerably,2
comparatives,2
pools,2
per,2
village,2
confidence,2
star,2
use,2
identify,2
true,2
english,2
drawings,2
honshu,2
flores,2
royal,2
translocation,2
osteological,2
presents,2
maybe,2
tepesi,2
bloksbjerg,2
pfahlbauten,2
practices,2
predominantly,2
oceania,2
consistent,2
muge,2
archaeologists,2
australia,2
sources,2
revisited,2
candide,2
implications,2
concentrated,2
england,2
switzerland,2
reach,2
archaeologically,2
rowleyconwy,2
advantage,2
västerbjers,2
accompanied,2
mullerup,2
great,2
differences,2
origin,2
follows,2
grigson,2
subsequent,2
achieved,2
date,2
raised,2
dwarfing,2
normal,2
side,2
lösch,2
described,2
manconi,2
я,2
u,2
sexual,2
right,2
march,2
zur,2
videnskabernes,2
vol,2
marked,2
herded,2
copenhagen,2
zooarchaeology,2
hokkaido,2
except,2
apply,2
mountains,2
ritual,2
safely,2
regarding,2
slc,2
throughout,2
relationships,2
phylogeography,2
spectrum,2
hongo,2
bison,2
diets,2
tables,2
millennium,2
bone,2
eurasian,2
вс,2
linderholm,2
progressive,2
cases,2
nelson,2
causing,2
biogeography,2
seal,2
reassessment,2
pennsylvania,2
general,2
cultural,2
parks,2
perfect,2
morphometric,2
phases,2
unlikely,2
interbreeding,2
main,2
sensing,2
af,2
radius,2
determining,2
certain,2
plots,2
assuming,2
white,2
xxx,2
gathering,2
references,2
improvement,2
nitrogen,2
emergence,2
fish,2
presumably,2
coefficients,2
placed,2
presumed,2
communities,2
commonly,2
shorter,2
beyond,2
map,2
ferns,2
algerian,2
reconsideration,2
important,2
warmer,2
beaver,2
grausne,2
union,2
game,2
lead,2
concentration,2
histories,2
called,2
fishing,2
events,2
chinese,2
younger,2
iceland,2
amenable,2
dayan,2
revealed,2
scatters,2
gazella,2
brought,2
london,2
reduction,2
aged,2
routinely,2
q,2
etoro,2
millet,2
people,2
transported,2
mathematical,2
verhandlungen,2
employed,2
markedly,2
errors,2
regions,2
analysed,2
oriental,2
haber,2
successful,2
corresponds,2
involve,2
wallaby,2
le,2
contrast,2
fallow,2
quite,2
primeval,2
involved,2
revealing,2
grow,2
presence,2
peak,2
gene,2
climate,2
ancestors,2
methodological,2
cattle,2
goat,2
productivity,2
value,2
provided,2
rest,2
subsequently,2
institut,2
а,2
щ,2
higham,2
reduced,2
hide,2
service,2
expansion,2
yields,2
htc,2
studien,2
percentage,2
guide,2
pacific,2
relied,2
reference,2
represents,2
makes,2
restricted,2
us,2
falls,2
ethnographic,2
indian,2
nilsson,2
funerary,2
piglet,2
similarly,2
towns,2
addition,2
added,2
demographic,2
selevac,2
limit,2
areas,2
pressure,2
seasonality,2
foods,2
choice,2
contemporary,2
identical,2
worn,2
fragments,2
enough,2
took,2
increases,2
model,2
developing,2
forelimb,2
knowth,2
ryukyu,2
über,2
rut,2
zvelebil,2
gives,2
number,2
encountered,2
remarkably,2
remained,2
crown,2
biometrical,2
survive,2
success,2
treated,2
made,2
comprise,2
vostretsov,2
bear,2
israel,2
deliberately,2
ethnology,2
scatter,2
т,2
top,2
grizzly,2
questions,2
steenstrup,2
nothing,2
continue,2
previous,2
option,2
niche,2
california,2
mellars,2
modem,2
times,2
genetics,2
bdp,2
comparing,2
northern,2
become,2
relation,2
insularity,2
sexed,2
ann,2
examine,2
anatolia,2
la,2
dietary,2
intermediacy,2
dogs,2
ajvide,2
leucomystax,2
relationship,2
applications,2
africa,2
fairly,2
movements,2
crucial,2
types,2
undiagnosed,2
parent,2
defined,2
bt,2
determination,2
contribution,2
unclear,2
remaining,2
why,2
supporting,2
elder,2
capreolus,2
conservation,2
tab,2
graphs,2
variable,2
mainly,2
зс,2
ppnb,2
demonstrate,2
extensive,2
geographic,2
detect,2
precise,2
here,2
mis,2
worth,2
unknown,2
straightforward,2
regard,2
holmegaard,2
possnert,2
wilkinson,2
capra,2
geschichte,2
kongelige,2
closest,2
living,2
better,2
agriculture,2
drop,2
discuss,2
seals,2
larson,2
naturforschenden,2
add,2
zagros,2
erupted,2
domesticate,2
molecular,2
precursor,2
substantial,2
researchers,2
circumstances,2
conclude,2
molar,2
subject,2
transition,2
burenhult,2
isolated,2
лд,2
vietnamese,2
formation,2
genetically,2
faroe,2
morphological,2
ved,2
tactical,2
fawns,2
developmental,2
clearest,2
maritime,2
france,2
approach,2
castrated,2
carr,2
carbon,2
д,2
det,2
lundby,2
themselves,2
zooarchaeologists,2
philippines,2
vigne,2
final,1
frequent,1
salmonid,1
mimic,1
go,1
duckworth,1
tomkins,1
currently,1
akira,1
encountering,1
adulthood,1
limits,1
edge,1
domestikationsforschung,1
humankind,1
estimated,1
estate,1
glp,1
conservancy,1
phylogeny,1
behaviourally,1
phalanger,1
jonsson,1
functional,1
represent,1
pale,1
cradle,1
introductions,1
resulted,1
memorie,1
naming,1
п,1
yam,1
extends,1
ppna,1
diagnose,1
continental,1
linguistic,1
germany,1
becoming,1
уа,1
measurable,1
hangvar,1
partially,1
tiermedizin,1
agency,1
myth,1
essays,1
designed,1
advised,1
escaping,1
rothschild,1
sheffield,1
join,1
informative,1
usefully,1
di,1
wallace,1
weiner,1
paradigms,1
weaned,1
acorns,1
ó,1
diffuse,1
reasonably,1
unvarying,1
undertaken,1
fixed,1
necessarily,1
cusp,1
norden,1
something,1
chapter,1
po,1
geist,1
frühe,1
ruvinsky,1
parish,1
isefjordens,1
highlighted,1
anything,1
österholm,1
permit,1
beneficial,1
lightly,1
wrong,1
invention,1
every,1
simberloff,1
roman,1
insbesondere,1
лж,1
originally,1
derjenigen,1
export,1
disturbance,1
assist,1
ш,1
emerged,1
dennell,1
advanced,1
freely,1
khirokitia,1
words,1
confirmed,1
incorporating,1
possibilities,1
limb,1
route,1
crops,1
leading,1
undir,1
display,1
wean,1
thank,1
potentially,1
producing,1
fondled,1
proves,1
atlantic,1
transporting,1
scandinavians,1
papuans,1
scratching,1
survey,1
stenalderen,1
у,1
reitzel,1
help,1
inland,1
xx,1
shennan,1
mortensen,1
loose,1
state,1
murray,1
henry,1
taxonomie,1
vertebrate,1
untitled,1
worldwide,1
el,1
reconsidered,1
ringkoster,1
ad,1
depends,1
prep,1
extend,1
woodlands,1
issue,1
lindqvist,1
pl,1
zoologischen,1
episodes,1
existence,1
reconstruction,1
ê,1
key,1
lived,1
task,1
westernmost,1
longbone,1
iv,1
cleared,1
retain,1
account,1
untersuchung,1
red,1
helpful,1
nordic,1
torf,1
pets,1
mandibular,1
concentrating,1
withdrawal,1
securely,1
illustrate,1
viertaljahresschrift,1
slight,1
fornander,1
prove,1
isaakidou,1
brun,1
naturalist,1
dyr,1
abstract,1
measuring,1
projecting,1
longevity,1
interdisciplinary,1
bell,1
owners,1
stags,1
chart,1
compares,1
врр,1
undoubtedly,1
totally,1
protocol,1
forsta,1
economies,1
affluent,1
fragment,1
cretan,1
internationally,1
illustrating,1
neahr,1
collection,1
sign,1
intervention,1
overlaps,1
djurbensmaterialet,1
caprine,1
corresponding,1
vuren,1
mammifères,1
funded,1
walnut,1
repeatedly,1
linnaeus,1
postcranial,1
prey,1
bosattningsmonstret,1
hazards,1
ù,1
southwestern,1
historically,1
argissa,1
targeting,1
accuracy,1
rooting,1
explained,1
difficulties,1
accounted,1
eating,1
bailey,1
against,1
visited,1
analyzing,1
janzon,1
sidste,1
christian,1
assumes,1
swimming,1
unpublished,1
aus,1
cori,1
scarce,1
sommer,1
undefined,1
characteristic,1
regarded,1
moment,1
hawaii,1
ethology,1
shaft,1
mating,1
plotting,1
spot,1
grouped,1
cf,1
materially,1
annat,1
align,1
barrier,1
montana,1
comprised,1
eurasien,1
z,1
fiche,1
kind,1
bercy,1
palaeolithic,1
priority,1
turn,1
pelvis,1
merely,1
arc,1
maintaining,1
items,1
striae,1
clark,1
underlying,1
david,1
quebec,1
vom,1
amount,1
italiano,1
body,1
attested,1
beretning,1
columbia,1
six,1
houses,1
lineage,1
levantine,1
dates,1
honour,1
excavations,1
alpine,1
canine,1
publications,1
jahrbüchern,1
eriksson,1
millard,1
biological,1
hybrid,1
terrace,1
application,1
reared,1
look,1
preserving,1
spite,1
schwein,1
details,1
belongs,1
om,1
denkschriften,1
castro,1
transactions,1
rates,1
error,1
paralleling,1
poorly,1
bpp,1
van,1
oj,1
behave,1
gallia,1
archéozoologique,1
whose,1
without,1
gesammten,1
palaeoeconomy,1
identification,1
maring,1
observers,1
militates,1
ekman,1
nordiska,1
molars,1
leceia,1
persuasively,1
landscape,1
münchen,1
longest,1
incidence,1
cultigen,1
parents,1
suffer,1
goes,1
vs,1
eight,1
naturog,1
formalised,1
à,1
importance,1
leave,1
parts,1
generating,1
oldkyndighed,1
special,1
preservation,1
cave,1
í,1
black,1
ludwig,1
arbor,1
ambientali,1
sanglier,1
stenalderboplads,1
extremes,1
shell,1
reason,1
valla,1
lives,1
category,1
archaeopress,1
escape,1
developments,1
wallacea,1
plus,1
skeleton,1
needless,1
crescent,1
les,1
breeds,1
knogler,1
aeldre,1
preserved,1
korea,1
hotter,1
elevated,1
numbers,1
impact,1
invariably,1
house,1
reviewed,1
four,1
udbyttet,1
retrospective,1
hesse,1
exploited,1
recovered,1
comparisons,1
vietnam,1
jylland,1
unsuitable,1
isolation,1
pira,1
defines,1
notions,1
position,1
points,1
terminology,1
instance,1
utah,1
nahal,1
peabody,1
permanent,1
solve,1
ottende,1
bourlière,1
dominant,1
rores,1
differently,1
offshore,1
organic,1
disappeared,1
yielding,1
expressed,1
erxleben,1
arrived,1
problem,1
identifying,1
malay,1
questioned,1
bearing,1
aegean,1
societies,1
harder,1
acknowledgments,1
derivatives,1
faunal,1
understoodthat,1
solved,1
sumatra,1
coloured,1
juvenility,1
missouri,1
seven,1
danmark,1
referee,1
conventionally,1
deal,1
omnivorous,1
abbey,1
zone,1
noting,1
emerge,1
eat,1
captured,1
iberischen,1
philosophical,1
glacial,1
genes,1
academic,1
pure,1
equally,1
memory,1
umberto,1
beni,1
stock,1
michigan,1
stressing,1
keywords,1
foreland,1
province,1
burial,1
pitting,1
recently,1
française,1
contested,1
intensity,1
analogous,1
separates,1
hare,1
outside,1
representatives,1
abrasive,1
dwelling,1
absolute,1
pleistocene,1
approached,1
beaker,1
sedentism,1
influenced,1
criteria,1
expensive,1
stenâlderslokalen,1
distinguishes,1
multipurpose,1
almost,1
products,1
directly,1
metrically,1
keeping,1
basis,1
kelly,1
riitimeyeťs,1
papuan,1
skandinavisk,1
formerly,1
overlying,1
carries,1
nine,1
mastoris,1
horwitz,1
rat,1
documenting,1
purpose,1
discusses,1
anadromous,1
apparent,1
unstable,1
mitteilungen,1
description,1
tip,1
woodland,1
incremental,1
parameters,1
forskiellen,1
pechenkina,1
whole,1
köpingsvik,1
erratically,1
aj,1
consistently,1
database,1
discussions,1
place,1
northwest,1
kenntnis,1
inherited,1
inferences,1
demonstrates,1
partly,1
reduces,1
beginnings,1
records,1
concentrate,1
shackleton,1
seasonally,1
falling,1
bits,1
runs,1
rows,1
neue,1
thereafter,1
scavenging,1
saw,1
versatile,1
rise,1
imamura,1
suidae,1
predominance,1
reconstructing,1
manage,1
smallest,1
cervus,1
recalculate,1
breakdown,1
skrifter,1
graph,1
wheat,1
litter,1
encounters,1
hitherto,1
diagnosing,1
ю,1
preceded,1
creating,1
excavated,1
optimal,1
normally,1
indicator,1
caused,1
oversigt,1
level,1
tight,1
lowest,1
talked,1
stage,1
teil,1
trading,1
next,1
cope,1
unfused,1
porridge,1
torfscheins,1
zoologist,1
reaches,1
exclude,1
things,1
hence,1
claim,1
event,1
orientalis,1
family,1
sole,1
intervals,1
iberia,1
deutsches,1
influence,1
june,1
forages,1
wider,1
concerns,1
biomedical,1
components,1
bridge,1
pits,1
cool,1
inhabitants,1
australian,1
decline,1
ancestral,1
beiträge,1
differing,1
telling,1
coast,1
anterior,1
königsson,1
alfredo,1
cosmology,1
sept,1
limbrey,1
pa,1
faeces,1
unduly,1
appropriate,1
newly,1
preliminary,1
innovating,1
spikins,1
swine,1
favoured,1
knoglemateriale,1
promising,1
urinvaanernes,1
culminate,1
input,1
survived,1
domesticity,1
llc,1
critical,1
happen,1
tasks,1
archaeozoological,1
mariana,1
minor,1
conforming,1
batsford,1
degerbol,1
bringing,1
indicative,1
overall,1
barley,1
play,1
return,1
classic,1
yugoslavia,1
poor,1
etc,1
intensively,1
ducos,1
canadensis,1
dwellings,1
technically,1
cuscus,1
zoological,1
comments,1
м,1
modes,1
settings,1
zoology,1
pá,1
abrupt,1
tène,1
ffjgssl,1
sexually,1
culturali,1
about,1
once,1
calculate,1
hypoplasias,1
gave,1
yet,1
java,1
schwedens,1
read,1
sex,1
continuity,1
columbus,1
mobile,1
selective,1
hilly,1
index,1
smith,1
chypre,1
maximise,1
home,1
archäologisches,1
anstillede,1
perspectives,1
light,1
collectively,1
humanities,1
planet,1
ооо,1
largest,1
already,1
illustrated,1
algeria,1
containing,1
regional,1
ллл,1
aeldste,1
krstic,1
independent,1
persuasive,1
tasmanian,1
lack,1
routes,1
hippos,1
actually,1
enquiry,1
starting,1
peccaries,1
corse,1
layton,1
civilization,1
mellanneolitiska,1
broadened,1
subcontinent,1
shortening,1
frán,1
available,1
suitable,1
culturforhold,1
cultivated,1
ceramic,1
marker,1
consideration,1
contrasts,1
meadow,1
wauwyl,1
cusps,1
benecke,1
pastoralism,1
appeared,1
heft,1
pologne,1
euphrates,1
grave,1
really,1
decreases,1
surfaces,1
demonstrating,1
walther,1
man,1
serious,1
simple,1
terry,1
rejoin,1
дл,1
reproductive,1
ages,1
megalithic,1
monographs,1
trochlea,1
hambledon,1
centre,1
crowns,1
operating,1
stalking,1
rütimeyer,1
allgemeinen,1
mammalian,1
purposes,1
receives,1
establish,1
relevant,1
crop,1
tell,1
japetus,1
necessary,1
til,1
native,1
riukiuanus,1
sulawesi,1
ertebolle,1
casting,1
mccormick,1
degree,1
palestine,1
interpreting,1
simon,1
grouping,1
collier,1
pademelon,1
greatest,1
exhibit,1
skâne,1
exploring,1
extended,1
padina,1
father,1
examples,1
explanation,1
implicated,1
refining,1
onto,1
lake,1
feeding,1
berliner,1
gotlands,1
sarawak,1
caprines,1
wellcome,1
warming,1
artiodactyl,1
elucidated,1
vikings,1
entirely,1
outliers,1
paleontologia,1
unfortunately,1
exterminated,1
operated,1
assumption,1
fourteenth,1
exciting,1
krabbesholm,1
assume,1
alternative,1
resulting,1
disproved,1
evolution,1
painters,1
rare,1
examination,1
stay,1
diagnosed,1
trust,1
exerted,1
overlap,1
taxon,1
improvements,1
dating,1
involves,1
fused,1
peterborough,1
theses,1
defect,1
maxillae,1
significance,1
nogle,1
prédation,1
wilson,1
historic,1
skateholm,1
elk,1
authors,1
eksta,1
publication,1
tail,1
peter,1
workers,1
counter,1
held,1
symposium,1
divisions,1
allowed,1
evening,1
geographically,1
played,1
inferred,1
stresses,1
watanobe,1
mountain,1
profitably,1
filled,1
shortly,1
improved,1
applicable,1
kvistofta,1
philippine,1
repeated,1
noguni,1
gleerup,1
decide,1
organisations,1
castrate,1
especially,1
improving,1
leaves,1
biometry,1
constructing,1
dyreknogler,1
exported,1
respectively,1
étude,1
exactly,1
riedel,1
deliberate,1
effect,1
kultur,1
keith,1
intake,1
paris,1
slightly,1
greece,1
differ,1
dominance,1
ate,1
spain,1
southwest,1
habu,1
dividing,1
y,1
relative,1
investigations,1
attention,1
niah,1
convincingly,1
hunt,1
colder,1
neolithique,1
increasing,1
drier,1
farm,1
vinca,1
indication,1
groupings,1
states,1
imply,1
shoot,1
raise,1
note,1
tentative,1
yankovsky,1
ecole,1
boars,1
exacerbated,1
inside,1
swadling,1
fewer,1
insufficient,1
instances,1
bulletin,1
referred,1
cuba,1
lost,1
abnormal,1
landets,1
collections,1
progressively,1
detailed,1
yale,1
returned,1
markers,1
los,1
rapidly,1
paradoxical,1
fusing,1
theriologica,1
responsible,1
bundso,1
arts,1
lowered,1
researcher,1
achieve,1
heavily,1
lineages,1
centres,1
lar,1
get,1
face,1
erupts,1
kangaroo,1
prn,1
pressures,1
gürciitepe,1
blurred,1
attachment,1
rises,1
biology,1
nordisk,1
neve,1
detail,1
mathematically,1
school,1
selskabs,1
contained,1
torfrind,1
bernensia,1
then,1
almqvist,1
outstandingly,1
growing,1
dispersed,1
frân,1
foraged,1
complexity,1
changing,1
ethnoarchaeology,1
athens,1
torfschwein,1
iucn,1
bush,1
implied,1
grazing,1
physical,1
ministero,1
doi,1
loving,1
peat,1
sciences,1
sweden,1
taiwan,1
quaternary,1
column,1
set,1
stenalder,1
цц,1
aegagrus,1
pioneering,1
postglacial,1
rainfall,1
selskab,1
rear,1
readily,1
cm,1
cultures,1
dansk,1
tabelle,1
novel,1
çayôníi,1
board,1
believe,1
affaldsdynger,1
funnel,1
down,1
intrusive,1
southernmost,1
halbinsel,1
smokey,1
harvest,1
erupting,1
tecchiati,1
alternatively,1
forhandlinger,1
ethnologie,1
atlit,1
expresses,1
twelfth,1
cautious,1
written,1
benefit,1
warman,1
differed,1
antiquarischen,1
past,1
placing,1
anomalous,1
rural,1
çayônti,1
options,1
advances,1
maggi,1
zürich,1
ageröd,1
respect,1
america,1
elms,1
beginning,1
schweizerischen,1
sala,1
regulations,1
commensal,1
born,1
suffering,1
defending,1
explanations,1
inconclusive,1
carefully,1
unique,1
cab,1
rising,1
osteometrie,1
kangmungdong,1
seasonal,1
inputs,1
extent,1
densities,1
fiad,1
differs,1
undersögelser,1
divide,1
dark,1
supplément,1
yield,1
huge,1
episode,1
agreed,1
herd,1
tasmania,1
targets,1
peoples,1
fourteen,1
des,1
conference,1
hindsight,1
angaaende,1
remember,1
transplanted,1
owner,1
ecodisaster,1
northwestern,1
ruled,1
bray,1
affecting,1
saña,1
despite,1
micro,1
svaerdborg,1
giving,1
skandinaviske,1
lies,1
returning,1
step,1
everywhere,1
redding,1
metapodials,1
measure,1
universität,1
wear,1
harvesting,1
milletfed,1
copper,1
eneolithic,1
using,1
twin,1
definitions,1
proximal,1
voyage,1
coming,1
think,1
varied,1
pair,1
sludegaard,1
ucl,1
come,1
named,1
jezierski,1
andrzejewski,1
northeast,1
question,1
models,1
spring,1
considering,1
commercial,1
ungulates,1
kyster,1
generate,1
average,1
tierknochenfunde,1
biochemical,1
numerous,1
herds,1
temperature,1
chemical,1
universitatis,1
лад,1
aware,1
danske,1
juli,1
parallels,1
joined,1
grown,1
land,1
define,1
hunter,1
canadian,1
abu,1
autumn,1
nehring,1
fornlemningar,1
stenaldern,1
plentiful,1
bolzano,1
всad,1
naturforskerers,1
oldest,1
association,1
impacted,1
sexing,1
anonymous,1
interbreed,1
offered,1
specific,1
imellem,1
bern,1
survivorship,1
cached,1
root,1
certainty,1
oversimplification,1
chicago,1
cook,1
wola,1
reached,1
debate,1
views,1
evidently,1
import,1
valley,1
ownership,1
entire,1
given,1
develop,1
traditional,1
gulf,1
duration,1
recognised,1
mature,1
comparable,1
bialowieza,1
whenever,1
livestock,1
zones,1
unequivocal,1
famous,1
tringham,1
tierreste,1
pn,1
categorise,1
ca,1
termed,1
malmström,1
epiphyseal,1
looking,1
grahame,1
