WORDCOUNTS,WEIGHT
and,886
the,833
of,747
in,529
a,266
to,260
from,237
that,198
are,152
phytolith,151
phytoliths,142
is,142
for,125
maize,107
be,106
tropical,104
with,103
pollen,97
as,88
on,83
not,75
by,74
were,70
piperno,70
starch,70
other,69
have,69
d,68
it,64
analysis,64
plants,63
r,59
m,57
archaeological,57
j,54
et,53
which,53
species,52
this,50
plant,50
wild,50
they,49
forest,49
their,46
was,46
pp,45
can,45
through,44
bp,41
also,41
because,41
these,41
microfossil,41
many,40
early,40
some,39
than,39
been,39
paleoethnobotany,38
new,38
at,37
research,37
or,37
grains,36
but,36
c,36
american,35
studies,35
p,35
most,33
more,33
an,33
evidence,32
modern,30
has,30
domesticated,30
cucurbita,30
such,29
study,29
central,28
lowland,28
grasses,27
holocene,27
fig,27
different,27
size,27
human,26
may,26
identification,26
large,25
data,25
de,24
no,24
sites,24
including,24
i,23
those,23
grass,23
should,23
production,22
diagnostic,22
often,22
between,22
contexts,21
s,21
out,21
paleoecological,21
b,21
its,21
where,21
number,21
sediments,21
leaves,20
important,20
about,20
under,20
teosinte,20
like,20
science,20
panama,20
all,19
america,19
agriculture,19
found,19
late,19
record,19
archaeology,19
university,19
e,18
one,18
there,18
neotropical,18
l,18
taxa,18
few,18
when,18
dating,18
them,18
humid,17
during,17
south,17
two,17
present,17
use,17
high,17
applications,17
very,17
vegetation,16
produce,16
well,16
time,16
made,16
antiquity,16
current,16
cultivation,16
much,16
remains,16
manioc,16
if,15
being,15
could,15
sediment,15
g,15
results,15
using,15
will,15
date,15
we,15
world,15
amazon,15
tropics,14
environmental,14
possible,14
soils,14
races,14
subsistence,14
age,14
prehistoric,14
likely,14
economic,14
crop,14
forms,14
provide,14
dates,13
used,13
change,13
seeds,13
ams,13
do,13
spp,13
who,13
agricultural,13
families,13
although,13
silica,12
common,12
significant,12
into,12
studied,12
recovered,12
structures,12
regions,12
morphology,12
single,12
reference,12
ancient,12
same,12
assemblages,12
lake,12
food,12
largely,12
what,12
carbon,12
state,11
even,11
after,11
origins,11
domestication,11
directly,11
pearsall,11
populations,11
palynology,11
neotropics,11
only,11
three,11
so,11
probably,11
northern,11
types,11
potential,11
tion,10
identify,10
occurred,10
fruitcase,10
t,10
collection,10
review,10
development,10
compared,10
journal,10
k,10
problems,10
called,10
pleistocene,10
opal,10
highly,10
presence,10
identified,10
museum,10
technique,10
previously,10
grain,10
rovner,10
means,10
indicate,10
associated,10
contribute,10
years,10
close,10
major,10
does,9
later,9
history,9
might,9
crops,9
mean,9
cauca,9
criteria,9
records,9
approach,9
various,9
make,9
tripsacum,9
another,9
taxonomic,9
would,9
earlier,9
carried,9
bush,9
quaternary,9
any,9
genera,9
form,9
contain,9
variability,9
flora,9
little,9
strong,9
stone,8
first,8
long,8
botanical,8
indicating,8
unpublished,8
author,8
changes,8
w,8
solid,8
commonly,8
had,8
academic,8
tools,8
produced,8
del,8
personal,8
researchers,8
indicators,8
family,8
small,8
brought,8
f,8
fruit,8
reproductive,8
degree,8
clear,8
botany,8
amounts,8
southwest,8
collections,8
why,8
less,8
earliest,8
then,8
particularly,8
whether,8
information,8
art,8
bodies,8
ca,8
kinds,7
formed,7
microfossils,7
colombia,7
along,7
leaf,7
vegetative,7
how,7
dated,7
closely,7
based,7
cannot,7
basis,7
literature,7
isotope,7
part,7
people,7
good,7
shapes,7
organs,7
still,7
southern,7
discussed,7
patterns,7
replicates,7
vegetational,7
infraspecific,7
low,7
individual,7
mexico,7
v,7
sometimes,7
forests,7
measurements,7
known,7
genus,7
obviously,7
past,7
following,7
trees,7
smaller,7
among,7
now,6
needed,6
complex,6
before,6
lowlands,6
every,6
evolution,6
ciencias,6
humans,6
seems,6
context,6
far,6
climatic,6
bone,6
fruitcases,6
find,6
site,6
basic,6
represented,6
derived,6
direct,6
consider,6
latin,6
upper,6
root,6
method,6
useful,6
reliable,6
several,6
bottle,6
zea,6
climate,6
seed,6
variety,6
located,6
cucurbitaceae,6
us,6
light,6
others,6
occurrence,6
considerable,6
serious,6
never,6
radiocarbon,6
fruits,6
points,6
variant,6
become,6
colombian,6
investigators,6
ing,6
natural,6
did,6
distinctive,6
both,6
centro,6
fossil,6
ecology,6
our,6
macrofossils,6
chemical,6
area,6
tubers,6
cross,6
produces,5
o,5
balsas,5
confidence,5
easily,5
burn,5
lower,5
nature,5
available,5
differences,5
compounds,5
pepo,5
case,5
key,5
since,5
identifications,5
higher,5
growth,5
notion,5
amazonian,5
leave,5
tree,5
just,5
numbers,5
rice,5
cell,5
underneath,5
zone,5
cores,5
glacial,5
cultural,5
near,5
having,5
reserve,5
sampled,5
manipulation,5
slash,5
concerns,5
san,5
bamboos,5
interference,5
reconstruction,5
domesticates,5
rain,5
temperate,5
noted,5
calathea,5
fact,5
areas,5
larger,5
question,5
paleoethnobotanical,5
assemblage,5
identifiable,5
analyzed,5
survive,5
region,5
samples,5
top,5
conditions,5
evolutionary,5
began,5
grinding,5
must,5
precise,5
sizes,5
silicify,5
type,5
cal,5
unlikely,5
selected,5
secure,5
almost,5
middle,5
techniques,5
representation,5
shown,5
monografias,5
land,5
need,5
specific,5
palynologists,5
recent,5
center,4
h,4
western,4
replicate,4
caia,4
properties,4
test,4
certainly,4
originally,4
ii,4
taken,4
diego,4
disturbance,4
dramatically,4
sangster,4
perspectives,4
resulting,4
scalloped,4
microscopy,4
implications,4
mesoamerica,4
concerning,4
herbaceous,4
body,4
young,4
van,4
developed,4
true,4
summarized,4
support,4
emergence,4
elsewhere,4
peru,4
organic,4
whereas,4
basin,4
variants,4
typical,4
doolittle,4
relating,4
further,4
understood,4
circular,4
subfamily,4
applied,4
alf,4
silicon,4
improve,4
shape,4
significantly,4
consistently,4
place,4
issues,4
actually,4
arrowroot,4
trends,4
chemistry,4
social,4
aluminum,4
settlement,4
sufficient,4
multiple,4
smithsonian,4
panamanian,4
core,4
phaseolus,4
rest,4
increasing,4
insects,4
limited,4
indicates,4
interactions,4
paleoethnobotanists,4
southeast,4
pacific,4
makes,4
older,4
chronology,4
national,4
culture,4
addition,4
cultivated,4
diverse,4
variation,4
enough,4
maranta,4
heavily,4
starches,4
deep,4
local,4
demonstrated,4
investigated,4
mays,4
range,4
values,4
asian,4
clearance,4
decorated,4
times,4
period,4
preservation,4
strongly,4
methods,4
relative,4
angiosperms,4
pohl,4
lines,4
fewer,4
allouia,4
tuber,4
becomes,4
un,4
effectively,4
la,4
length,4
united,4
leren,4
problematic,4
stable,4
possibly,4
economically,4
here,4
set,4
unknown,4
regard,4
report,4
marantaceae,4
maclurolyra,4
explanations,4
making,4
thousands,4
conventional,4
yielded,4
terminal,4
tions,4
difference,4
numerous,4
temperature,4
morphological,4
include,4
effects,4
summary,4
comparison,4
systematics,4
valley,4
evi,4
mature,4
paleobotany,4
race,4
runge,4
gourd,4
moreno,3
order,3
currently,3
way,3
determine,3
paleoecology,3
introduction,3
distributed,3
informative,3
mexican,3
former,3
taxo,3
consistent,3
ssp,3
odorifera,3
definition,3
accompanied,3
analyses,3
blind,3
able,3
real,3
subsequent,3
last,3
primitive,3
china,3
alabama,3
visibility,3
eastern,3
activity,3
lignin,3
measuring,3
point,3
quantity,3
cited,3
genetic,3
presently,3
squash,3
relationships,3
guinea,3
consumed,3
sample,3
expected,3
kind,3
old,3
amount,3
gradients,3
third,3
determinations,3
mb,3
rather,3
en,3
levels,3
environments,3
vs,3
probability,3
certain,3
belizean,3
population,3
contributions,3
cobs,3
mora,3
strategies,3
statistical,3
aly,3
additional,3
follow,3
kealhofer,3
differentiable,3
plenum,3
appear,3
charcoal,3
uses,3
came,3
identifying,3
societies,3
missouri,3
diet,3
initial,3
evaluate,3
appears,3
outside,3
procedures,3
aspects,3
work,3
london,3
knowledge,3
apparent,3
cob,3
related,3
q,3
systematic,3
status,3
my,3
markedly,3
amazonia,3
precipitation,3
least,3
indicator,3
hard,3
next,3
emerging,3
around,3
characteristics,3
revealing,3
coast,3
annual,3
correspondence,3
provided,3
particles,3
society,3
matter,3
attempts,3
play,3
expanded,3
comments,3
retrieved,3
detectable,3
extinction,3
already,3
siceraria,3
department,3
regional,3
published,3
tiny,3
water,3
ecuadorian,3
smith,3
rinds,3
occupations,3
agree,3
ble,3
pattern,3
ages,3
developing,3
sicana,3
necessary,3
material,3
teeth,3
australian,3
maya,3
width,3
discrimination,3
empirical,3
residues,3
sequence,3
recovery,3
shortly,3
theoretical,3
prospects,3
described,3
significance,3
mayan,3
recognize,3
lakes,3
characterized,3
features,3
latter,3
arundinacea,3
especially,3
micrometers,3
confidently,3
destruction,3
nomic,3
dietary,3
contributes,3
states,3
relationship,3
africa,3
five,3
begin,3
inside,3
primarily,3
deposit,3
sequences,3
quite,3
exists,3
considered,3
deposited,3
heavy,3
athens,3
simply,3
extensive,3
soil,3
mkrofossil,3
der,3
quickly,3
over,3
extant,3
each,3
paper,3
seriously,3
sampling,3
believe,3
anthropol,3
themselves,3
better,3
table,3
turned,3
cause,3
particular,3
ait,3
problem,3
silicification,3
level,3
lagenaria,3
preserved,3
introduced,3
undertaken,3
role,3
isolated,3
newsletter,3
contributed,3
preceramic,3
typically,3
classification,3
needs,3
supported,3
pear,3
transitory,3
deposition,3
re,3
occur,3
increase,3
cultigens,2
given,2
curatella,2
limits,2
correlation,2
indicated,2
substances,2
pittsburgh,2
separated,2
resulted,2
legitimate,2
foraging,2
originate,2
defenses,2
phytolitharien,2
incorporated,2
putative,2
effective,2
underground,2
tors,2
sets,2
completely,2
decade,2
hair,2
pollinated,2
granule,2
oryza,2
predominantly,2
anthropogenic,2
stressed,2
possesses,2
gourds,2
asia,2
shaped,2
archaeologically,2
flowers,2
together,2
great,2
ficifolia,2
scallops,2
molecular,2
ecuador,2
help,2
fields,2
feature,2
successional,2
replicated,2
marine,2
argyrosperma,2
discrete,2
within,2
affected,2
el,2
gymnosperms,2
system,2
taphonomic,2
side,2
fossils,2
con,2
edges,2
recov,2
primary,2
bases,2
mass,2
discuss,2
design,2
northeast,2
vol,2
quantities,2
isotopic,2
marked,2
pre,2
ered,2
fritz,2
move,2
obvious,2
occurring,2
rela,2
enter,2
harmony,2
reconstruc,2
includes,2
throughout,2
ecuadorensis,2
ice,2
southwestern,2
ogy,2
interior,2
hierarchy,2
characteristic,2
relatively,2
jr,2
century,2
dence,2
z,2
defense,2
developments,2
preliminary,2
document,2
refer,2
differently,2
generated,2
served,2
biogeography,2
maizelike,2
unequivocally,2
y,2
details,2
general,2
unaltered,2
rates,2
poorly,2
costa,2
poor,2
york,2
boreal,2
guatemalan,2
without,2
bring,2
centered,2
unstudied,2
vegetables,2
process,2
tionships,2
determining,2
risk,2
persistent,2
ex,2
similar,2
plots,2
signatures,2
possess,2
scales,2
tance,2
darien,2
shell,2
reason,2
tissue,2
arid,2
understand,2
tooth,2
prehistory,2
varying,2
image,2
talk,2
sedge,2
magnolia,2
reconstructions,2
n,2
observations,2
four,2
delta,2
exploited,2
surface,2
efficient,2
requires,2
cassabanana,2
permanent,2
endemic,2
consensus,2
isotopes,2
methodology,2
greater,2
mesoam,2
allow,2
latitudes,2
rule,2
separable,2
mulholland,2
changed,2
siliceous,2
issue,2
sedentary,2
sivak,2
criticisms,2
events,2
radical,2
toxic,2
handbook,2
pure,2
occupation,2
focused,2
clearing,2
recently,2
differentiation,2
excellent,2
energy,2
wealth,2
aridity,2
possibility,2
alt,2
relatives,2
distinguish,2
paleoenvironmental,2
closed,2
viability,2
scope,2
talauma,2
claim,2
illustrated,2
clearer,2
confined,2
indigenous,2
routinely,2
describe,2
island,2
discussions,2
broad,2
beginnings,2
relevance,2
documented,2
garden,2
accord,2
formations,2
differentially,2
strengths,2
morphologic,2
citing,2
staple,2
computer,2
ratios,2
esculenta,2
viable,2
successful,2
field,2
below,2
drier,2
suggest,2
stage,2
tested,2
contrast,2
involved,2
specificity,2
influence,2
routine,2
grow,2
refinement,2
ancestors,2
rind,2
up,2
distinguishing,2
roots,2
cycle,2
structured,2
montane,2
am,2
impor,2
promising,2
pope,2
periods,2
chronological,2
critical,2
evergreen,2
he,2
habitats,2
myth,2
absence,2
materials,2
zhao,2
micrometer,2
subject,2
legumes,2
islands,2
macrobotanical,2
happens,2
thailand,2
needles,2
once,2
yet,2
interpretation,2
examined,2
extraneous,2
restricted,2
diagrams,2
granules,2
ethnographic,2
costs,2
palms,2
hearth,2
processed,2
anthropology,2
strata,2
stones,2
regardless,2
yautia,2
ceramic,2
undisturbed,2
members,2
starting,2
mendoncia,2
decoration,2
frederick,2
similarly,2
efforts,2
treatment,2
fundamental,2
scholars,2
carbonized,2
seasonality,2
taxonomy,2
possi,2
disturbed,2
yams,2
farming,2
rica,2
debates,2
polarized,2
simple,2
conclusions,2
likelihood,2
erica,2
undecorated,2
trunks,2
keys,2
archaeobotanical,2
ultimately,2
answer,2
above,2
chloroplast,2
perhaps,2
belief,2
distance,2
pg,2
recognizing,2
understanding,2
meaningful,2
elevations,2
examples,2
completed,2
chronologies,2
eyepiece,2
grassland,2
eaten,2
refers,2
inherently,2
survey,2
submitted,2
variables,2
continue,2
laboratory,2
taxon,2
open,2
reality,2
tional,2
tissues,2
goman,2
function,2
obtained,2
serrated,2
practiced,2
accurate,2
provides,2
lose,2
systems,2
relation,2
interpretations,2
assessing,2
pro,2
structure,2
residue,2
differ,2
toliths,2
caution,2
ago,2
controversial,2
redundancy,2
minimally,2
attention,2
separate,2
ranging,2
abundance,2
today,2
she,2
regular,2
crucial,2
ecological,2
usually,2
claimed,2
deborah,2
canna,2
widths,2
phytol,2
localization,2
determination,2
ecuadorean,2
ridges,2
edulis,2
beans,2
regularly,2
rarity,2
sections,2
differentiated,2
produc,2
achira,2
proof,2
contained,2
dispersed,2
complexity,2
peoples,2
demonstrate,2
epidermal,2
too,2
detail,2
woody,2
sativa,2
wider,2
know,2
benefits,2
control,2
commonplace,2
readily,2
environment,2
cultures,2
descriptions,2
put,2
ancestor,2
global,2
interested,2
incorporating,2
tandem,2
confuser,2
foundation,2
iii,2
ported,2
build,2
poaceae,2
utilized,2
proposed,2
living,2
colinvaux,2
defend,2
combined,2
unique,2
ones,2
degradation,2
independently,2
visible,2
agreed,2
discriminant,2
hundreds,2
varieties,2
clayey,2
logical,2
reported,2
sea,2
convinced,2
fundacion,2
traditional,2
tecta,2
com,2
botanists,2
aspect,2
dateable,2
belize,2
precision,2
arachis,2
north,2
detection,2
finding,2
sororia,2
grant,2
aware,2
iden,2
offer,2
phy,2
americas,2
association,2
increased,2
identifica,2
removed,2
drying,2
chicago,2
deposits,2
naquitz,2
temperatures,2
substantial,2
develop,2
sedimentary,2
building,2
roles,2
assem,2
final,1
mimic,1
paleoenvironment,1
allocation,1
mineralized,1
indentation,1
peponopsis,1
techni,1
whys,1
hallmarks,1
underpinning,1
evaluations,1
representing,1
popula,1
ploited,1
soluble,1
carbonization,1
meaning,1
dorian,1
phylogeny,1
apo,1
paleoethnobo,1
generous,1
expand,1
arctic,1
immune,1
providing,1
functional,1
northernmost,1
investing,1
retrievable,1
trema,1
cells,1
consume,1
tuscaloosa,1
ancho,1
conducted,1
resistence,1
proba,1
pw,1
repre,1
offset,1
swiftly,1
semi,1
mountains,1
enclosing,1
spurred,1
deciduous,1
tionist,1
mouth,1
village,1
oxidation,1
counters,1
becoming,1
aceramic,1
dc,1
partially,1
screening,1
conflicts,1
integrity,1
atlases,1
tend,1
locked,1
tures,1
chloridoideae,1
systemati,1
summaries,1
managing,1
bioturbation,1
hypotheses,1
lombian,1
universiteit,1
drawings,1
selaginellaceae,1
discriminate,1
cerrado,1
ms,1
considerations,1
conical,1
lanceolatum,1
trace,1
position,1
indica,1
rivers,1
dimen,1
locale,1
mainland,1
presents,1
unlike,1
ihot,1
pinus,1
amply,1
em,1
total,1
etalt,1
sys,1
bled,1
pots,1
exceptions,1
acquainted,1
eye,1
source,1
annals,1
sem,1
limestone,1
turning,1
disturbances,1
fires,1
negative,1
experience,1
fluctuations,1
accumulation,1
pathogen,1
anything,1
yangtze,1
evident,1
archaeologists,1
subsp,1
else,1
transitions,1
indications,1
beneficial,1
acidic,1
pods,1
conspecifics,1
bly,1
len,1
exclusive,1
mworia,1
chaos,1
paleoge,1
amoni,1
concentrated,1
address,1
isidro,1
attempt,1
ears,1
sub,1
rare,1
demonstrable,1
morpho,1
artificially,1
domesti,1
aforementioned,1
confirmed,1
best,1
reach,1
andrew,1
soderstrom,1
sup,1
stratigraphically,1
leading,1
secondary,1
ameliorate,1
uneasy,1
suggesting,1
reversible,1
liquids,1
terra,1
cummings,1
desire,1
inflict,1
flotation,1
preyed,1
reasons,1
predated,1
turnover,1
applica,1
accumulated,1
potentially,1
rich,1
subdiscipline,1
government,1
hardened,1
thanks,1
reveal,1
onto,1
houyuan,1
procedure,1
scheme,1
carnegie,1
take,1
golfo,1
paleoecologi,1
ticated,1
vegeta,1
agricul,1
stand,1
hammen,1
zilian,1
derstory,1
access,1
unsuited,1
vertebrate,1
replicas,1
decreased,1
texana,1
ash,1
segregated,1
confused,1
similarities,1
microbotanical,1
amylose,1
depends,1
growing,1
wetter,1
globe,1
proceed,1
forum,1
depending,1
transpira,1
correlated,1
geologic,1
moisture,1
linear,1
recorded,1
intrusive,1
prone,1
weathered,1
spectrum,1
facts,1
lena,1
rests,1
geophysical,1
worthy,1
southcentral,1
exception,1
retain,1
figs,1
chapter,1
gardens,1
typi,1
monocotyledonous,1
capable,1
compelling,1
deppeana,1
securely,1
exhibits,1
illustrate,1
counterpoint,1
archaeobotany,1
disperses,1
mamey,1
establishing,1
confusers,1
advantageous,1
investigator,1
fine,1
dioxide,1
taking,1
mental,1
combination,1
desired,1
except,1
fur,1
herbivore,1
bottom,1
bowls,1
panded,1
speciose,1
solo,1
undoubtedly,1
skeptic,1
awaits,1
ritual,1
nondiagnostic,1
mesoamerican,1
sweet,1
liberated,1
uted,1
reward,1
perturbations,1
milligram,1
complete,1
diversity,1
signal,1
fechas,1
exist,1
repeatedly,1
relies,1
endeavor,1
savanna,1
goal,1
zeitschrift,1
preceramico,1
oaxaca,1
fit,1
typological,1
ith,1
affiliation,1
electron,1
herbivory,1
surely,1
equatorial,1
anoxic,1
accuracy,1
manihot,1
severe,1
esti,1
dynamics,1
quality,1
intractable,1
pineapples,1
bosque,1
orinoco,1
due,1
tehuacan,1
cracks,1
trated,1
told,1
admixture,1
interest,1
angio,1
firme,1
hypogaea,1
raises,1
rains,1
santa,1
quantifying,1
palaeogeogra,1
application,1
handy,1
quantitative,1
reluc,1
squashes,1
leached,1
assessment,1
lessening,1
fortify,1
big,1
head,1
nonmutually,1
candidates,1
distinct,1
speculative,1
silicified,1
microfos,1
stored,1
places,1
feasible,1
hemispherical,1
arguably,1
crosses,1
tempranas,1
uniformly,1
profound,1
causing,1
ear,1
response,1
columbia,1
six,1
difficulty,1
radio,1
started,1
spotty,1
tanical,1
alkaline,1
left,1
scott,1
continuous,1
witnessed,1
genetics,1
cardinal,1
truly,1
estimate,1
thin,1
mechanical,1
compare,1
accelerator,1
storage,1
mates,1
geological,1
grouped,1
demonstrations,1
stimulating,1
communication,1
look,1
occidental,1
constructs,1
vice,1
ecosystems,1
demonstration,1
swamps,1
trichomanes,1
melon,1
nean,1
climates,1
savage,1
confusable,1
handful,1
nonarchaeological,1
ment,1
readable,1
walls,1
mechanism,1
selectively,1
typified,1
phases,1
employ,1
mechanisms,1
civilization,1
conven,1
interesting,1
competition,1
finalized,1
manipulated,1
recognized,1
selec,1
essential,1
german,1
bog,1
played,1
microfossh,1
sil,1
predicted,1
endosperm,1
his,1
undistorted,1
links,1
principally,1
destroy,1
ways,1
factual,1
across,1
highlands,1
adds,1
dry,1
remain,1
possession,1
thou,1
unit,1
fair,1
coastal,1
capture,1
pause,1
approaches,1
poses,1
goes,1
nihcance,1
dealt,1
survivability,1
ingested,1
proportion,1
supplement,1
eight,1
colom,1
importance,1
postdepositional,1
scarry,1
induce,1
spinosa,1
anthropic,1
dicotyle,1
shannon,1
cave,1
jm,1
illustrations,1
read,1
productive,1
animals,1
attached,1
matured,1
multivariate,1
troublesome,1
arundinella,1
oxides,1
sypium,1
downward,1
nor,1
temprano,1
ensure,1
dioscorea,1
flattish,1
organization,1
occupational,1
doctrinaire,1
neo,1
silicosos,1
producers,1
organized,1
clearly,1
palmae,1
typifies,1
floras,1
impact,1
dominate,1
rien,1
house,1
nots,1
archaeol,1
accessibility,1
taxonomicaily,1
profile,1
grasslands,1
mixtures,1
situations,1
show,1
russ,1
favored,1
fashioned,1
superior,1
commented,1
resource,1
comparisons,1
macroor,1
groundwater,1
beyond,1
shed,1
termi,1
isolation,1
paleoethnoboiany,1
generally,1
substantiated,1
comprising,1
putting,1
macrostructures,1
podostemum,1
nongrass,1
glumes,1
exploitation,1
nists,1
palaeoclimatology,1
erroneous,1
utiliza,1
fern,1
costera,1
projected,1
strategy,1
indistinct,1
encompass,1
advocated,1
view,1
satisfy,1
perceive,1
nebraska,1
crite,1
antipathogenic,1
plantas,1
sheaths,1
honduras,1
worries,1
expressed,1
result,1
acceptable,1
whom,1
underrepresented,1
chibchan,1
location,1
heli,1
habits,1
nobotanical,1
harder,1
search,1
struc,1
molecules,1
effort,1
centers,1
lived,1
monoecious,1
furious,1
antiherbivorous,1
coley,1
facilitate,1
monitoring,1
pod,1
emerge,1
eat,1
captured,1
cupules,1
feasibility,1
impervious,1
karst,1
irregularly,1
watson,1
density,1
domes,1
silicifying,1
difficult,1
paleobotanist,1
traced,1
informed,1
though,1
institute,1
caves,1
performed,1
michigan,1
reviews,1
grit,1
province,1
cam,1
ceramics,1
dispersal,1
fla,1
younger,1
amenable,1
berlin,1
however,1
nuevas,1
representatives,1
capsicum,1
approached,1
circumstances,1
dumbarton,1
burrowing,1
highest,1
hymenache,1
vegetal,1
calderon,1
hunters,1
ther,1
expensive,1
toughness,1
failure,1
cooke,1
pearsalps,1
none,1
artefacts,1
disagreements,1
quell,1
qualification,1
injection,1
tant,1
artifacts,1
formerly,1
organelles,1
inferred,1
rocks,1
industrial,1
tool,1
hemispheres,1
cavelier,1
tallahas,1
start,1
carry,1
preferred,1
protected,1
chusquea,1
anthropological,1
occluded,1
tens,1
cordillera,1
substantiating,1
calls,1
homeland,1
revealed,1
description,1
localized,1
paleoenvironments,1
parameters,1
pipemo,1
whole,1
year,1
negating,1
database,1
intermediate,1
refined,1
obscured,1
cuurent,1
myriad,1
suppliers,1
constitute,1
contains,1
gatherers,1
whims,1
speaking,1
paly,1
poll,1
caza,1
contentious,1
revaluation,1
reflect,1
tification,1
employed,1
clinging,1
expect,1
tendency,1
reconstructing,1
deeply,1
dakota,1
includ,1
graph,1
feast,1
shortcomings,1
errors,1
either,1
depositional,1
preceded,1
multiplicity,1
tone,1
sagittifolium,1
normally,1
caused,1
barro,1
sweep,1
shaping,1
cious,1
involve,1
mani,1
depositing,1
uncontrolled,1
congruent,1
peruvian,1
emphasizes,1
stereological,1
sharp,1
labouriau,1
mented,1
biol,1
floodplain,1
hemisphere,1
intervals,1
recognition,1
grams,1
feeling,1
ocupaciones,1
cool,1
rhizomes,1
notorious,1
sagitti,1
distinguished,1
vive,1
mixing,1
potent,1
dedicated,1
fully,1
inability,1
venezuelan,1
majority,1
utiles,1
rapp,1
paid,1
agroforest,1
florida,1
teo,1
value,1
paul,1
rodgers,1
beverages,1
imperiled,1
macrofossil,1
massive,1
activities,1
mercader,1
subsequently,1
paleoeco,1
bozarth,1
morphometric,1
pertaining,1
rev,1
monocotyledons,1
adhering,1
situation,1
defoliation,1
nation,1
ceremonial,1
onset,1
publishers,1
noble,1
beatles,1
letters,1
outcrossing,1
scientific,1
signaling,1
separation,1
indeed,1
synthesis,1
papua,1
tall,1
overall,1
palaeoecology,1
comparative,1
corporation,1
return,1
brief,1
nearly,1
female,1
microns,1
brings,1
etc,1
positioned,1
driest,1
community,1
formative,1
cultivar,1
mainstream,1
nobogame,1
formulate,1
harwood,1
fitness,1
cyperaceae,1
watersheds,1
chaeological,1
movement,1
modes,1
contra,1
tassels,1
kosraean,1
decisions,1
cooler,1
niques,1
positive,1
stricted,1
para,1
corpus,1
seldom,1
wilding,1
communities,1
criticism,1
lowering,1
edited,1
ugent,1
mimics,1
intense,1
ama,1
multiproxy,1
coincidental,1
thought,1
mono,1
acknowledgments,1
persea,1
soon,1
nologists,1
evolved,1
seeing,1
bambusoideae,1
procurement,1
latitude,1
selective,1
termination,1
neither,1
differentiate,1
intertropical,1
compiled,1
complementary,1
processing,1
swamp,1
planicie,1
magennis,1
initiation,1
falls,1
detoxification,1
informal,1
gelatinize,1
assistance,1
gramineas,1
guatemala,1
shifting,1
refine,1
vegetatio,1
experimental,1
tic,1
demonstrates,1
accelerated,1
micrantha,1
mfcrofossil,1
insights,1
odds,1
containing,1
soursop,1
semido,1
increasingly,1
liths,1
holoceno,1
fairly,1
skeletons,1
volume,1
definitions,1
sedges,1
name,1
nanofossil,1
inflorescences,1
solomon,1
pip,1
deterred,1
untested,1
bits,1
palm,1
mark,1
toward,1
purely,1
agronomy,1
academy,1
jiang,1
pointed,1
knowing,1
echinatus,1
deserves,1
varies,1
hearths,1
printing,1
flat,1
redress,1
experienced,1
missing,1
archaeologi,1
analytical,1
enced,1
prehistorically,1
faster,1
lack,1
troubled,1
idea,1
consideration,1
overwhelming,1
irene,1
underestimated,1
pressure,1
foods,1
valencia,1
sedimentation,1
instituto,1
appeared,1
mountainous,1
jama,1
exclusion,1
benincasa,1
nian,1
dicator,1
lacks,1
tangible,1
really,1
practical,1
scallop,1
isolate,1
surfaces,1
partic,1
grows,1
micronesian,1
end,1
feasting,1
substantially,1
doubt,1
identical,1
minimize,1
man,1
uncharred,1
snyder,1
arundina,1
fragments,1
outermost,1
took,1
consciously,1
learn,1
determi,1
cation,1
covered,1
shrubs,1
innovative,1
essentially,1
bra,1
farmers,1
brasil,1
purposes,1
bono,1
existing,1
adhaerens,1
fm,1
stantial,1
see,1
until,1
immature,1
venezuela,1
morphologi,1
intepretations,1
focusing,1
plugs,1
ambito,1
cerrados,1
native,1
preparation,1
acids,1
dences,1
misidentifica,1
polariz,1
exceeds,1
weakly,1
mechanically,1
follows,1
anaflgucocha,1
wood,1
rehydrating,1
tify,1
cupulate,1
day,1
valleys,1
polities,1
plane,1
paleothnobotanical,1
argues,1
herbivores,1
lamella,1
calima,1
classes,1
referred,1
exhibit,1
associates,1
sepa,1
divided,1
invested,1
lusitania,1
xanthossoma,1
easier,1
stronger,1
organisms,1
accompanying,1
fissures,1
refining,1
meals,1
extrapolated,1
postclassic,1
paleoeth,1
transgressive,1
fungi,1
thickness,1
tive,1
ethnology,1
sixth,1
deserts,1
detailed,1
sufficiently,1
dispersals,1
judge,1
terhalder,1
medium,1
identity,1
skeletal,1
elucidated,1
controlling,1
combining,1
hundred,1
melas,1
gallons,1
progenitors,1
virtually,1
juan,1
factor,1
mutant,1
collec,1
maiz,1
questions,1
bitter,1
processes,1
investigating,1
crevices,1
occupied,1
kingdom,1
marshaled,1
nothing,1
condi,1
biogenetic,1
chosen,1
raising,1
option,1
connected,1
congo,1
advantages,1
students,1
photosynthetic,1
nuclear,1
cultivadas,1
scanning,1
tartar,1
colombiano,1
laminae,1
directed,1
stress,1
diagnos,1
se,1
sensitivity,1
disentangled,1
paleoethnobota,1
therin,1
dominated,1
urge,1
logic,1
co,1
archaeobo,1
encrusted,1
whistler,1
bita,1
controversies,1
ecua,1
allowed,1
caribbean,1
revised,1
oxidizing,1
richard,1
biogenic,1
floated,1
interspecific,1
housed,1
cally,1
saddle,1
collected,1
sands,1
attaches,1
enrique,1
hacienda,1
probable,1
anyone,1
mor,1
improved,1
standard,1
abundant,1
segment,1
legacy,1
adequately,1
ongoing,1
avocado,1
artificial,1
strictly,1
ture,1
shoehorned,1
agriculturalists,1
agri,1
preiss,1
demarcate,1
discarded,1
faintly,1
cogent,1
article,1
promote,1
indi,1
moist,1
adduce,1
mainly,1
sig,1
spondias,1
sobre,1
seattle,1
phological,1
monographs,1
mellon,1
panicoideae,1
percent,1
toughen,1
solanaceae,1
potato,1
oscillations,1
semidomesticated,1
saw,1
institution,1
enzymes,1
atlas,1
evaluated,1
phyto,1
investigations,1
decay,1
unrelated,1
sequestration,1
concluded,1
widely,1
assuming,1
cereals,1
organ,1
anatomy,1
bang,1
zon,1
digna,1
discriminating,1
alike,1
dealing,1
european,1
things,1
oxford,1
heliconia,1
wl,1
mangrove,1
cereal,1
arriving,1
quence,1
dolores,1
vegas,1
publishing,1
gramineae,1
luxurians,1
ularly,1
bureau,1
bake,1
independent,1
steinitz,1
dm,1
movements,1
bulk,1
stream,1
nonstudy,1
investi,1
epidermis,1
box,1
testing,1
practitioners,1
paleoethnobotaay,1
tech,1
decomposer,1
resistant,1
tundra,1
vertical,1
insufficient,1
widespread,1
gos,1
success,1
sensitive,1
directions,1
insist,1
consonant,1
aa,1
worse,1
pakong,1
visual,1
softer,1
importantly,1
clays,1
contribution,1
reservations,1
whereby,1
halved,1
life,1
corpos,1
efficiency,1
pristine,1
construction,1
fe,1
existed,1
researcher,1
inferior,1
surprising,1
respect,1
decreasing,1
composed,1
pena,1
radiocar,1
extremely,1
canavalia,1
spores,1
tial,1
itself,1
hoist,1
unusual,1
tems,1
gators,1
interstitial,1
pressures,1
chen,1
moschata,1
tribe,1
pepper,1
middens,1
addressed,1
claims,1
profiled,1
undertook,1
photographs,1
ration,1
graphs,1
heat,1
bicolor,1
stratigraphic,1
magnitude,1
keal,1
cardale,1
cakes,1
perebea,1
cultivars,1
believed,1
cionosicys,1
dicotyledons,1
melanesia,1
series,1
refute,1
botanist,1
torrence,1
conflate,1
manual,1
diaotonghuan,1
geographic,1
detect,1
cate,1
beverage,1
urticaceae,1
constructed,1
altis,1
pollination,1
batatas,1
trapped,1
whose,1
darwin,1
aggressiveness,1
contaminant,1
lowing,1
river,1
creations,1
nitrogen,1
geoarchaeology,1
brazilian,1
colorado,1
poten,1
ceae,1
transtropical,1
favorably,1
continental,1
lundelliana,1
beta,1
components,1
rainfall,1
cm,1
correspond,1
melt,1
specialized,1
concen,1
depression,1
confident,1
east,1
cautiously,1
seem,1
guila,1
filr,1
flowing,1
simposio,1
ipomoea,1
investiga,1
ph,1
wall,1
dure,1
scenario,1
cooling,1
hindering,1
exploiting,1
altered,1
representivity,1
ar,1
disperse,1
brazil,1
perfectly,1
polynesian,1
sustaining,1
rely,1
asserting,1
intepreting,1
benefit,1
brilliance,1
agricultura,1
anomalous,1
uppermost,1
horticulture,1
proxies,1
subterranean,1
beginning,1
figueiredo,1
commensal,1
convinces,1
virtual,1
vary,1
automatically,1
answered,1
proceedings,1
gnecco,1
month,1
theobroma,1
physiology,1
terms,1
stability,1
list,1
references,1
want,1
add,1
seasonal,1
geo,1
explore,1
firmly,1
theory,1
unrest,1
unnecessary,1
tightly,1
penetration,1
adaptation,1
consisting,1
understandably,1
always,1
stri,1
getting,1
extract,1
require,1
explored,1
yield,1
noticed,1
copious,1
phytolitha,1
magda,1
don,1
oxygen,1
emphasis,1
manabi,1
maximum,1
blages,1
wonders,1
cenchrus,1
port,1
papers,1
accumulating,1
popular,1
leyden,1
prior,1
preservational,1
loy,1
john,1
inadequate,1
opments,1
northwestern,1
transport,1
ruled,1
ill,1
sheer,1
despite,1
orlando,1
atmospheric,1
content,1
prevalent,1
micro,1
confirm,1
press,1
became,1
devel,1
verification,1
african,1
focal,1
die,1
intended,1
transition,1
perspective,1
rigid,1
duction,1
piperao,1
resistance,1
reconstruct,1
alternating,1
manufacturing,1
indebted,1
xanthochyma,1
discrimina,1
disrupted,1
pol,1
vocal,1
au,1
oceanic,1
coming,1
think,1
store,1
spectroscopy,1
prepared,1
analysts,1
named,1
discriminated,1
macrantha,1
formation,1
polynesia,1
lodged,1
chile,1
tell,1
models,1
survival,1
commercial,1
locations,1
unable,1
background,1
poyang,1
cambridge,1
average,1
advent,1
donald,1
mongrafias,1
mitigating,1
mesticated,1
americana,1
internally,1
unknowns,1
indistinguishable,1
trap,1
explanation,1
sedimenta,1
ecosystem,1
sat,1
spectra,1
course,1
applicable,1
actively,1
consumers,1
fauna,1
eustis,1
dense,1
naturalist,1
consumption,1
environ,1
physical,1
rancorous,1
heartland,1
hilum,1
plains,1
involving,1
paleoecologic,1
attributes,1
anatomical,1
piece,1
prospect,1
contamination,1
colleagues,1
retrieval,1
defined,1
derive,1
attempted,1
calculated,1
caption,1
anthony,1
angled,1
measured,1
archaic,1
hofer,1
showed,1
enclosed,1
moved,1
caveats,1
subjecting,1
apart,1
penetrated,1
valuable,1
fol,1
km,1
astoundingly,1
pathways,1
hodson,1
needle,1
subterra,1
podocarpus,1
texts,1
contrib,1
enclose,1
sperms,1
treating,1
gulf,1
focus,1
images,1
cucurbit,1
comparable,1
digest,1
polen,1
cosmopolitan,1
observed,1
vulgar,1
dos,1
broader,1
meeting,1
asked,1
resources,1
fermented,1
termed,1
predicated,1
jiangxi,1
elucidation,1
deeper,1
