WORDCOUNTS,WEIGHT
the,1013
of,675
and,606
in,434
a,203
to,189
virgin,165
anasazi,156
at,140
p,112
is,109
sites,100
pp,94
are,92
on,91
that,90
as,85
for,83
from,82
were,80
with,79
by,70
have,62
m,59
was,57
site,54
region,52
basin,51
utah,48
moapa,48
st,48
it,46
george,45
been,44
pit,44
ad,43
their,43
or,41
area,40
southern,39
but,39
d,39
j,38
late,38
r,38
pii,37
an,37
found,36
university,35
early,35
other,33
rooms,33
canyon,33
habitation,33
about,33
lowland,33
archaeological,33
small,32
american,31
more,31
nevada,31
storage,31
river,30
cultural,30
times,30
plateaus,30
they,29
kanab,29
land,29
may,28
its,28
et,28
only,28
structures,27
two,27
bureau,27
valley,27
part,26
these,26
arizona,26
western,25
prehistory,25
not,25
series,25
c,25
along,24
pueblo,24
w,24
structure,24
northern,24
h,23
there,23
no,23
archaeology,23
lyneis,23
kayenta,22
museum,22
which,22
both,22
remains,22
papers,21
l,21
had,21
used,21
also,21
be,21
salt,21
basketmaker,21
lake,21
one,20
some,20
fig,20
population,20
most,20
this,20
areas,20
has,20
east,20
city,20
into,19
great,19
than,19
cave,19
burials,19
resource,19
prehistoric,19
s,19
ceramic,19
exchange,19
evidence,19
red,18
ii,18
plateau,18
b,18
creek,18
south,18
mesa,18
analysis,18
colorado,18
between,18
north,18
house,17
social,17
table,17
little,17
investigations,16
sp,16
excavations,16
k,16
ware,16
southwest,16
groups,15
cists,15
subsistence,15
three,15
all,14
near,14
well,14
kiva,14
identified,14
management,14
time,14
including,14
pottery,14
anthropological,14
paper,14
resources,14
maize,13
excavation,13
i,13
such,13
quantities,13
west,13
phi,13
cedar,13
where,13
use,13
appendix,13
them,13
suggests,13
include,13
e,12
quail,12
g,12
ut,12
main,12
bmii,12
occupation,12
paiute,12
associated,12
report,12
much,12
large,11
ridge,11
he,11
grand,11
cliff,11
gray,11
end,11
man,11
desert,11
las,11
southwestern,10
locations,10
houses,10
dates,10
show,10
faunal,10
ceramics,10
work,10
regional,10
presented,10
up,10
economic,10
coresidential,10
less,10
points,10
muddy,10
national,10
edge,9
common,9
du,9
state,9
those,9
within,9
climatic,9
angeles,9
pinenut,9
los,9
several,9
research,9
society,9
new,9
bone,9
probably,9
vegas,9
reported,9
wild,9
models,9
built,9
group,8
ux,8
park,8
first,8
production,8
cottonwood,8
includes,8
throughout,8
across,8
burial,8
similar,8
changes,8
n,8
surface,8
based,8
out,8
smithsonian,8
turquoise,8
structural,8
fremont,8
rock,8
present,8
number,8
aggregation,8
food,8
so,8
who,8
peoples,8
whether,8
information,8
dalley,8
prepared,8
pine,8
spring,8
numic,8
if,7
aikens,7
expansion,7
roasting,7
eastern,7
santa,7
ma,7
individuals,7
how,7
parts,7
four,7
recovered,7
occupied,7
cotton,7
survey,7
excavated,7
field,7
around,7
seeds,7
when,7
san,7
role,7
single,7
communities,7
bonanza,7
thought,7
department,7
reports,7
v,7
another,7
situated,7
samples,7
shelter,7
summer,7
plant,7
courtyard,7
cliffs,7
five,7
walling,7
juan,7
cultures,7
seem,7
plants,7
larson,7
integration,7
km,7
re,7
aceramic,6
absence,6
flagstaff,6
tradition,6
march,6
vol,6
trumbull,6
human,6
clay,6
masterkey,6
artiodactyla,6
growth,6
shell,6
distinct,6
handbook,6
placed,6
dwelling,6
sedentism,6
dog,6
technical,6
during,6
winter,6
schroeder,6
few,6
annual,6
provided,6
architecture,6
drainage,6
still,6
dwellings,6
make,6
vicinity,6
ed,6
largest,6
riverine,6
patterns,6
valleys,6
raven,6
submitted,6
roadrunner,6
california,6
dating,6
mt,6
change,6
kane,6
period,6
earlier,6
black,6
agave,6
streams,6
professional,6
shivwits,6
usually,6
primarily,6
dead,6
forest,6
abandonment,6
conifer,6
record,6
iii,6
living,6
game,6
kivas,6
agricultural,6
through,6
com,6
although,6
among,6
margins,5
o,5
center,5
kinds,5
lower,5
archaeologists,5
stabilization,5
long,5
nature,5
gin,5
strip,5
accompanied,5
farther,5
room,5
hunting,5
date,5
domestic,5
brigham,5
dune,5
prior,5
community,5
squash,5
tables,5
de,5
adam,5
elements,5
back,5
young,5
served,5
harrington,5
dated,5
branch,5
upper,5
important,5
came,5
mesquite,5
produced,5
however,5
pollen,5
zion,5
data,5
westfall,5
least,5
contrast,5
settlement,5
desertscrub,5
variety,5
tuckup,5
service,5
chronology,5
us,5
assimilation,5
floor,5
published,5
westward,5
pont,5
foods,5
pattern,5
forms,5
turkey,5
made,5
formal,5
office,5
would,5
ornaments,5
we,5
sometimes,5
often,5
known,5
constructed,5
sherds,5
natural,5
over,5
rainfall,5
each,5
argue,5
very,5
form,5
almost,5
size,5
pits,5
variability,5
pi,5
years,5
numerous,5
archeological,5
major,5
way,4
later,4
represent,4
environmental,4
village,4
speakers,4
yucca,4
history,4
consistent,4
asso,4
seems,4
flotation,4
alignment,4
vegetation,4
rockshelters,4
system,4
plain,4
westernmost,4
possible,4
sheltered,4
mixed,4
developments,4
mohave,4
mexico,4
bring,4
mojave,4
unit,4
carson,4
mile,4
distant,4
space,4
just,4
too,4
ancient,4
salvage,4
tural,4
six,4
puebloan,4
zone,4
none,4
coursed,4
overview,4
people,4
soil,4
yielded,4
results,4
notes,4
finds,4
deer,4
periods,4
dogs,4
populations,4
interpretation,4
included,4
rabbit,4
al,4
hearths,4
water,4
shows,4
adjacent,4
northwestern,4
elevations,4
range,4
skeletal,4
rare,4
curve,4
played,4
mountain,4
outside,4
systems,4
methods,4
animals,4
bighorn,4
provide,4
testing,4
burned,4
exchanged,4
then,4
nonstructural,4
changing,4
indicate,4
here,4
different,4
corrugated,4
atlatl,4
nearby,4
vir,4
families,4
come,4
parowan,4
linkage,4
defined,4
strong,4
final,3
difficult,3
ments,3
does,3
lation,3
cactus,3
mountains,3
linkages,3
dart,3
habitats,3
true,3
occurred,3
before,3
bp,3
contexts,3
problems,3
sources,3
certainly,3
concentrated,3
season,3
possibilities,3
route,3
together,3
juniper,3
sociopolitical,3
context,3
sound,3
con,3
right,3
marked,3
far,3
quantity,3
reconstruction,3
historic,3
ritual,3
sand,3
central,3
interior,3
arable,3
characteristic,3
tucson,3
usda,3
given,3
slabs,3
dis,3
preliminary,3
wares,3
arranged,3
slab,3
stratum,3
spread,3
york,3
mines,3
highway,3
flexible,3
ex,3
billat,3
support,3
organization,3
statistical,3
drought,3
followed,3
position,3
neither,3
conaway,3
dc,3
ranges,3
result,3
access,3
lived,3
diet,3
popu,3
term,3
products,3
paiutes,3
brought,3
apparent,3
woodland,3
falling,3
unfired,3
floors,3
interpreted,3
either,3
earth,3
precipitation,3
mcfadden,3
working,3
suggest,3
presence,3
peak,3
fully,3
nv,3
dam,3
portion,3
clara,3
comparative,3
limited,3
grande,3
comments,3
movement,3
settings,3
springs,3
makes,3
boundary,3
perspectives,3
same,3
tortoise,3
dames,3
fire,3
estimated,3
addition,3
many,3
textiles,3
lack,3
scholars,3
fragments,3
streamflow,3
screwbean,3
strategies,3
deep,3
perhaps,3
frequency,3
bmiii,3
argument,3
bulletin,3
antelope,3
assemblages,3
rivers,3
began,3
low,3
explorations,3
individual,3
features,3
high,3
provides,3
valued,3
study,3
pro,3
can,3
saw,3
relative,3
shutler,3
dietary,3
relationship,3
continued,3
types,3
settled,3
ing,3
unusual,3
beans,3
rarely,3
pueblos,3
must,3
extensive,3
reconnaissance,3
set,3
masonry,3
control,3
basins,3
current,3
ar,3
plazas,3
cultivation,3
usdi,3
associations,3
what,3
combined,3
map,3
ruin,3
distribution,3
while,3
son,3
nickens,3
simply,3
tions,3
zones,3
rockshelter,3
washington,3
green,3
off,3
archaic,3
huffman,3
assumed,3
johnson,3
maximum,3
abandoned,3
meeting,3
ca,3
close,3
occur,3
frequent,2
now,2
tion,2
suggested,2
resulted,2
uplands,2
gion,2
janetski,2
introduction,2
evans,2
per,2
settlements,2
complex,2
fate,2
mobility,2
stone,2
join,2
completely,2
subsis,2
boulder,2
trace,2
undertaken,2
eastward,2
ketmaker,2
hohokam,2
test,2
predominantly,2
hopi,2
upland,2
localities,2
archae,2
attempt,2
sub,2
did,2
layout,2
oval,2
available,2
advantage,2
producing,2
inherent,2
take,2
slippage,2
principal,2
declines,2
side,2
occasional,2
westview,2
linear,2
recorded,2
bird,2
robes,2
demography,2
agriculture,2
gardens,2
activity,2
soils,2
preceramic,2
richard,2
olivine,2
occurring,2
variations,2
point,2
except,2
x,2
uncertain,2
granaries,2
diversity,2
historical,2
willow,2
relationships,2
dynamics,2
relatively,2
ern,2
co,2
sample,2
dence,2
manuscript,2
clark,2
spanned,2
highest,2
hypoplasia,2
suitable,2
left,2
rafferty,2
publications,2
networks,2
ologists,2
canyons,2
look,2
apparently,2
kidder,2
staircase,2
adult,2
walls,2
glen,2
buried,2
crow,2
cluding,2
berries,2
his,2
housing,2
posits,2
subdivision,2
represented,2
environments,2
mortar,2
after,2
lasted,2
importance,2
se,2
plots,2
perkins,2
contributions,2
ciated,2
tence,2
tsegi,2
gathering,2
merman,2
means,2
occu,2
t,2
females,2
architec,2
presumably,2
clearly,2
traces,2
northeastern,2
age,2
jars,2
lithic,2
biotic,2
cordell,2
plenum,2
strategy,2
faced,2
view,2
stands,2
greater,2
processing,2
moving,2
location,2
declined,2
could,2
cottontail,2
domesticated,2
base,2
im,2
mined,2
big,2
academic,2
sacrum,2
earliest,2
residential,2
required,2
facilities,2
wide,2
val,2
hunters,2
receive,2
network,2
interface,2
mule,2
artifacts,2
residents,2
macrofossil,2
knowledge,2
intermediate,2
northwest,2
beads,2
nor,2
connections,2
interregional,2
sense,2
below,2
fork,2
honey,2
indicators,2
sharp,2
guernsey,2
grow,2
county,2
mi,2
posthole,2
ancestral,2
division,2
seed,2
rest,2
phase,2
activities,2
will,2
f,2
second,2
van,2
materials,2
various,2
scientific,2
impacts,2
runoff,2
short,2
techniques,2
whatever,2
garden,2
surviving,2
indicates,2
jackrabbits,2
tempered,2
perennial,2
direction,2
ponderosa,2
southeast,2
verde,2
scarcity,2
haliotis,2
yet,2
q,2
examined,2
amaranthus,2
suited,2
sex,2
orange,2
oven,2
semisubterranean,2
vacated,2
culture,2
arcs,2
archeology,2
hay,2
indian,2
heye,2
steve,2
hearth,2
architectural,2
rise,2
picture,2
mound,2
challenge,2
toward,2
principally,2
added,2
cultivated,2
fundamental,2
feather,2
larger,2
banks,2
diverse,2
mecca,2
contemporary,2
maker,2
depopulation,2
never,2
took,2
clusters,2
purposes,2
until,2
origin,2
controversy,2
cul,2
remained,2
local,2
riparian,2
baskets,2
collecting,2
institute,2
rio,2
ethnology,2
traded,2
sequence,2
ideas,2
continue,2
examination,2
described,2
ties,2
trade,2
open,2
intraand,2
grew,2
nut,2
language,2
pla,2
characterized,2
sandals,2
antiquity,2
filled,2
diversion,2
presidential,2
latter,2
internal,2
james,2
tight,2
accretional,2
united,2
allison,2
widely,2
brown,2
summary,2
roasted,2
indented,2
tests,2
she,2
science,2
nodules,2
pieces,2
arrow,2
vertical,2
lines,2
lost,2
un,2
originated,2
enamel,2
instances,2
case,2
mud,2
resemble,2
conservation,2
pronghorn,2
regularly,2
rises,2
considered,2
bench,2
variable,2
growing,2
dispersed,2
comes,2
version,2
encampment,2
incorporated,2
characteristics,2
nutritional,2
entry,2
southward,2
sourcing,2
chacoan,2
anthropology,2
cm,2
expanding,2
commission,2
interested,2
ubiquitous,2
half,2
iron,2
distinctive,2
type,2
beginning,2
unlikely,2
spatial,2
ones,2
particular,2
males,2
artio,2
design,2
consisting,2
observations,2
pu,2
chronometric,2
fami,2
spaces,2
varieties,2
pation,2
attached,2
despite,2
courses,2
subject,2
lies,2
investigated,2
commodities,2
maintained,2
exploited,2
think,2
varied,2
courtyards,2
precision,2
question,2
lands,2
average,2
initiated,2
macrofossils,2
course,2
alcove,2
heartland,2
association,2
meat,2
ranged,2
enclosed,2
needs,2
creosotebush,2
reached,2
evi,2
surveys,2
michaelsen,2
recent,2
should,2
building,2
deficiency,2
showed,2
dactyla,1
problem,1
go,1
gila,1
ending,1
archives,1
rate,1
jacal,1
done,1
provisioning,1
flow,1
eleva,1
rudy,1
cist,1
indicated,1
pittsburgh,1
designated,1
created,1
commitment,1
ventilator,1
judging,1
extend,1
expedition,1
coast,1
intriguing,1
northeast,1
madsen,1
branches,1
curved,1
mar,1
appear,1
notably,1
sphere,1
ronments,1
debris,1
linguistic,1
pill,1
pendants,1
offerings,1
identify,1
insertion,1
formed,1
tures,1
ditional,1
rado,1
remnants,1
tributions,1
peaks,1
centration,1
nuts,1
mals,1
easily,1
studies,1
screwbeans,1
sunflower,1
flows,1
ms,1
hotly,1
former,1
loca,1
contention,1
tied,1
hair,1
indica,1
drafted,1
recreation,1
descend,1
unlike,1
laid,1
pinus,1
turtle,1
total,1
harvests,1
finely,1
lowlands,1
connotations,1
source,1
mimbres,1
heidi,1
ies,1
calibrated,1
leads,1
har,1
peaked,1
stress,1
being,1
shells,1
attribute,1
else,1
lightly,1
hence,1
pai,1
reconstructions,1
constituting,1
pc,1
blended,1
preceding,1
cupation,1
jointly,1
paniments,1
setting,1
exaggerated,1
gather,1
taken,1
might,1
puebloans,1
emerged,1
fragmentary,1
stretch,1
overnight,1
macrofloral,1
farmed,1
loom,1
company,1
physiographic,1
sketchy,1
archaeologically,1
affinities,1
copy,1
sup,1
stratigraphically,1
wooden,1
packed,1
assertion,1
cords,1
conditions,1
simple,1
ben,1
differences,1
supple,1
bead,1
accumulated,1
analyses,1
exotic,1
rich,1
achievement,1
studied,1
able,1
government,1
vertebra,1
closer,1
hundred,1
reveal,1
onto,1
polychromes,1
styles,1
subsequent,1
fitt,1
introduces,1
integrate,1
ru,1
agricul,1
folding,1
consist,1
greatly,1
keith,1
primitive,1
mogollon,1
robert,1
classified,1
signs,1
pepo,1
buri,1
daniel,1
el,1
designs,1
pads,1
moffitt,1
documenting,1
issue,1
globe,1
gaming,1
dr,1
projectile,1
nonhabitation,1
harvest,1
wetherill,1
key,1
task,1
sagebrushes,1
sought,1
cleared,1
rests,1
cu,1
addresses,1
dweller,1
figs,1
chapter,1
wilcox,1
eas,1
cooperation,1
esses,1
reaching,1
borders,1
occupy,1
alone,1
fine,1
likely,1
regards,1
margaret,1
familial,1
indicating,1
nusbaum,1
unclassed,1
bowls,1
horticultural,1
decreasing,1
horticulturalists,1
extramural,1
collection,1
tipps,1
shut,1
fluc,1
recurrent,1
yond,1
learned,1
regarding,1
chaco,1
retaining,1
pendable,1
review,1
differential,1
affiliation,1
surely,1
antechambers,1
reused,1
reverse,1
ute,1
difficulties,1
representations,1
onstrates,1
dendrochronological,1
attest,1
quality,1
simmons,1
against,1
helen,1
author,1
terraces,1
apartness,1
scarce,1
intact,1
interest,1
tabilization,1
regarded,1
janet,1
ag,1
adopted,1
capped,1
occurs,1
afford,1
jr,1
ins,1
lan,1
vault,1
spans,1
interprets,1
kind,1
sunflowers,1
defense,1
ciation,1
posterior,1
keep,1
perspective,1
frustrating,1
stabilized,1
alkali,1
marriage,1
ane,1
response,1
serving,1
determinations,1
helpful,1
vege,1
identifications,1
y,1
archaeologist,1
even,1
slightest,1
journal,1
vice,1
skins,1
details,1
deeply,1
emphasize,1
traditions,1
ironi,1
jones,1
vicinities,1
weakness,1
though,1
stroying,1
dication,1
ton,1
tempering,1
claude,1
parks,1
superstruc,1
higher,1
bimodal,1
dendrochronologically,1
permits,1
coil,1
operation,1
poor,1
explanations,1
via,1
kidney,1
interesting,1
wavy,1
dendro,1
whose,1
reflects,1
upright,1
identification,1
camp,1
links,1
drainages,1
parunuweap,1
aimed,1
ways,1
district,1
stop,1
debated,1
edward,1
possession,1
vators,1
basic,1
irwin,1
levels,1
mean,1
poses,1
excavators,1
arrangements,1
associate,1
ponder,1
badlands,1
connec,1
derived,1
sacrificed,1
wrap,1
derground,1
adults,1
scrub,1
elaborate,1
lacking,1
tree,1
scribed,1
lay,1
discoveries,1
plog,1
miscellaneous,1
outnumber,1
absorbed,1
risks,1
az,1
peabody,1
lots,1
corru,1
wash,1
reason,1
serve,1
rumors,1
applied,1
coiled,1
underdeveloped,1
flexibility,1
cultivators,1
usvebasjtjt,1
familiar,1
specialization,1
languages,1
vulgaris,1
vations,1
lumbar,1
modity,1
elsewhere,1
unimportant,1
days,1
weather,1
shelters,1
weaker,1
weak,1
frequently,1
frag,1
advancing,1
orientation,1
commonly,1
basalts,1
linguistics,1
delta,1
cornerand,1
argu,1
mna,1
statement,1
suites,1
buckwheat,1
lumps,1
predates,1
generally,1
evaluation,1
rice,1
painted,1
instance,1
colton,1
cludes,1
permanent,1
writes,1
dominant,1
mo,1
syntheses,1
antecedents,1
gregation,1
alan,1
irrigation,1
raw,1
sive,1
accom,1
closely,1
whom,1
encourage,1
concentration,1
arrival,1
tra,1
societies,1
horn,1
acknowledgments,1
begun,1
ners,1
discrete,1
inappropriate,1
cholla,1
struc,1
flex,1
seven,1
digenous,1
changed,1
demands,1
shared,1
wupatki,1
pumpkin,1
gardiner,1
philosophical,1
inter,1
floodwater,1
further,1
knit,1
understood,1
gopherus,1
globemallow,1
let,1
precursor,1
caves,1
aspects,1
duced,1
afforded,1
tools,1
portant,1
moore,1
intensity,1
buffer,1
exca,1
scale,1
sessions,1
confirmation,1
find,1
orbitalia,1
public,1
possibility,1
vegetal,1
sparse,1
criteria,1
because,1
char,1
jim,1
designating,1
charred,1
closed,1
mapped,1
intense,1
designation,1
scatters,1
jave,1
received,1
start,1
framed,1
distinguish,1
mented,1
floodplain,1
interphalangeal,1
ranger,1
characterization,1
paleoenvironmental,1
tributary,1
introduc,1
cob,1
related,1
lays,1
comment,1
geology,1
texture,1
egalitarian,1
year,1
nu,1
elu,1
diffusion,1
radiographs,1
issues,1
demonstrates,1
constitute,1
beginnings,1
figures,1
densely,1
seasonally,1
middle,1
transported,1
ethnohistoric,1
accretionary,1
douglas,1
away,1
reflect,1
gions,1
surrounding,1
judd,1
anticipating,1
systematic,1
sutton,1
multisite,1
showing,1
preparation,1
sun,1
envi,1
cervus,1
president,1
own,1
my,1
relocated,1
markedly,1
regions,1
citing,1
leoporid,1
ciations,1
concentrates,1
good,1
steward,1
brush,1
fied,1
viable,1
hard,1
inc,1
wsw,1
distances,1
tom,1
unexpected,1
simpler,1
tested,1
trading,1
next,1
lagenaria,1
box,1
grass,1
applicability,1
yuman,1
stimulated,1
unsupported,1
diagnostic,1
family,1
reporter,1
autonomy,1
tivation,1
sufficient,1
migration,1
endowed,1
lind,1
ill,1
zea,1
tation,1
agazzizi,1
kernels,1
essentially,1
boundaries,1
tepar,1
differing,1
rind,1
hor,1
dem,1
phaseolus,1
richness,1
progress,1
method,1
moist,1
dependent,1
ta,1
world,1
len,1
plausible,1
structured,1
grateful,1
montane,1
settle,1
pinyon,1
retreating,1
fiber,1
capturing,1
seemed,1
subsequently,1
barbara,1
replacing,1
chronological,1
benches,1
ameri,1
osa,1
led,1
merous,1
varien,1
exterior,1
ceremonial,1
cribra,1
toiyabe,1
prac,1
curves,1
expanse,1
bringing,1
logistical,1
requirement,1
atypical,1
separation,1
sonoran,1
indeed,1
ers,1
surprisingly,1
play,1
corporation,1
appreciate,1
brief,1
forward,1
edges,1
drops,1
exception,1
brings,1
etc,1
adjoined,1
lages,1
learn,1
expanded,1
ticed,1
macrobotanical,1
collapsed,1
dama,1
seemingly,1
put,1
westerly,1
mcfad,1
adapted,1
mammal,1
evenly,1
patches,1
competition,1
curbita,1
vided,1
fringe,1
bles,1
externally,1
nonlocal,1
definable,1
move,1
guages,1
albert,1
soon,1
ring,1
den,1
repair,1
under,1
mobile,1
fifth,1
quantify,1
specifics,1
ible,1
ele,1
favorable,1
palmer,1
matson,1
analytical,1
rabbits,1
complete,1
rectangular,1
barrel,1
dropped,1
washes,1
efforts,1
subdivisions,1
lepus,1
begins,1
lined,1
noted,1
increasingly,1
speaking,1
pol,1
functioned,1
sistent,1
raids,1
skeletons,1
mitted,1
fill,1
units,1
chose,1
volume,1
rings,1
inhabitants,1
members,1
starting,1
aggregates,1
buildup,1
tilt,1
ambler,1
comparison,1
power,1
stronger,1
fell,1
mentions,1
mark,1
others,1
reinvestigated,1
sac,1
pointed,1
similarly,1
printing,1
missing,1
newberry,1
lacked,1
associa,1
campsites,1
arguing,1
longer,1
idea,1
ley,1
treatment,1
blocks,1
occurrence,1
cumulative,1
pressure,1
occupations,1
saa,1
weeds,1
match,1
lindsay,1
predominated,1
myhrer,1
insular,1
als,1
break,1
isolate,1
farming,1
bluff,1
fallen,1
omitted,1
siceraria,1
remain,1
variation,1
diameter,1
considerable,1
discussed,1
roof,1
leporid,1
chiefdom,1
gypsum,1
anthropologist,1
behind,1
plate,1
likelihood,1
increases,1
leeds,1
model,1
archaeobotanical,1
beavertail,1
sluggish,1
containers,1
necessary,1
material,1
maturity,1
crimping,1
quickened,1
project,1
assorted,1
beta,1
children,1
ordinary,1
assemblage,1
bas,1
featureless,1
shifts,1
wood,1
encountered,1
knoll,1
day,1
identifiable,1
elevation,1
stance,1
wrapped,1
original,1
uinkaret,1
zation,1
understanding,1
exploring,1
extended,1
theirs,1
divided,1
yellowstone,1
cambridge,1
easier,1
thanks,1
envisioning,1
conceptions,1
pave,1
active,1
deposits,1
quan,1
enhanced,1
distinctly,1
previously,1
quadripeds,1
deserts,1
sufficiently,1
mortuary,1
manifestations,1
goes,1
identity,1
grassland,1
heath,1
entirely,1
eaten,1
dendrochro,1
intermittent,1
cidence,1
nonsedentariness,1
assume,1
causes,1
resulting,1
harvard,1
questions,1
ethnic,1
trend,1
stantial,1
recovery,1
real,1
perishables,1
munity,1
chronologi,1
radiocarbon,1
bivariate,1
check,1
full,1
raising,1
option,1
underwent,1
subtle,1
sherd,1
loosely,1
directed,1
elk,1
oc,1
comprehensive,1
vegetations,1
hampered,1
health,1
mead,1
yields,1
worn,1
drains,1
ri,1
reviewers,1
like,1
flood,1
belongs,1
general,1
mount,1
housed,1
am,1
roomblock,1
collected,1
dry,1
colo,1
tities,1
mammals,1
shortly,1
integra,1
households,1
last,1
preservation,1
reuse,1
habitations,1
procurement,1
uncalibrated,1
spondylus,1
floral,1
mining,1
jackrabbit,1
juncture,1
spreads,1
mesas,1
craft,1
become,1
relation,1
mainly,1
dendrochronology,1
citadel,1
do,1
obsidian,1
transmission,1
monographs,1
story,1
adaptations,1
searchlight,1
splitting,1
workshop,1
corners,1
institution,1
carapace,1
positioning,1
stirland,1
questionable,1
sole,1
concluded,1
corrugation,1
tivities,1
covered,1
separate,1
bolls,1
operating,1
ranging,1
sonry,1
cobs,1
mediate,1
cussions,1
depth,1
consists,1
somewhat,1
grayware,1
extraregional,1
topography,1
quence,1
nonritual,1
silvilagus,1
substanti,1
proc,1
flower,1
today,1
delimiting,1
publishing,1
tentative,1
subdivided,1
segments,1
stream,1
spindle,1
hill,1
pe,1
bursage,1
fewer,1
puppies,1
widespread,1
institutions,1
deborah,1
dimensions,1
colonizers,1
seen,1
collections,1
tive,1
outline,1
coniferous,1
encroach,1
rim,1
plentiful,1
jar,1
grinding,1
nological,1
synthesized,1
deals,1
plains,1
figurine,1
traveled,1
volumes,1
class,1
cottontails,1
casually,1
construction,1
quite,1
fe,1
tapped,1
fall,1
curving,1
bones,1
panions,1
disk,1
composed,1
supporting,1
lar,1
fields,1
months,1
itself,1
posure,1
face,1
ridges,1
heather,1
gathered,1
investigate,1
corridor,1
moschata,1
chuckwalla,1
door,1
addressed,1
detail,1
sections,1
school,1
undertook,1
groundcherry,1
ash,1
any,1
thinking,1
facets,1
involv,1
complexity,1
intensification,1
designates,1
adjoining,1
wear,1
nonagricultural,1
constituted,1
ever,1
continues,1
theme,1
forests,1
precise,1
slaband,1
mia,1
temporal,1
occurrences,1
whorl,1
prob,1
rocky,1
sciences,1
simi,1
hawk,1
minerals,1
utili,1
coincides,1
know,1
components,1
stem,1
hoover,1
readily,1
shares,1
descriptions,1
specialized,1
sizes,1
sampling,1
stratigraphic,1
identi,1
tear,1
outdoor,1
equivocal,1
sent,1
intrusive,1
constructions,1
intrusion,1
aban,1
post,1
foundation,1
ported,1
exploiting,1
particularly,1
basket,1
linked,1
parian,1
ff,1
infer,1
goods,1
articular,1
factors,1
generalized,1
past,1
cos,1
thompson,1
bands,1
places,1
hint,1
porotic,1
phd,1
subterranean,1
animal,1
cal,1
drop,1
ligaments,1
tuations,1
ented,1
ruins,1
mormon,1
elusive,1
proceedings,1
unique,1
terms,1
cattail,1
list,1
chro,1
making,1
references,1
maryland,1
che,1
nonarable,1
seasonal,1
domesticate,1
angela,1
medallion,1
repetitive,1
sut,1
healthy,1
balances,1
divide,1
bioarchaeology,1
yield,1
ori,1
episode,1
placement,1
vil,1
subtraditions,1
travel,1
des,1
vessels,1
nj,1
bodies,1
transplanted,1
amaranthaceae,1
level,1
occasionally,1
entire,1
recognition,1
dams,1
unveiling,1
conclude,1
donment,1
introduced,1
sea,1
pre,1
became,1
docu,1
constricted,1
convinced,1
ac,1
turns,1
transition,1
commissioned,1
tur,1
domesticates,1
geographic,1
encircled,1
discussion,1
roofed,1
phoenix,1
madrean,1
gated,1
store,1
betsy,1
sonace,1
connotes,1
echinocereus,1
ennial,1
origins,1
layers,1
soft,1
shown,1
tell,1
invisible,1
ani,1
differentiation,1
albuquerque,1
difference,1
reveals,1
joel,1
chemehuevi,1
olivella,1
fibers,1
cucurbita,1
acteristic,1
contributed,1
sults,1
actively,1
ticulture,1
fauna,1
grown,1
glycymeris,1
define,1
resembled,1
states,1
firewood,1
disruption,1
southeastern,1
effects,1
ovens,1
tobacco,1
oversaw,1
typology,1
speak,1
increased,1
roughly,1
aggregated,1
practiced,1
keyed,1
moved,1
flora,1
ries,1
specific,1
supported,1
vessel,1
aztecs,1
ated,1
third,1
munities,1
combination,1
contrasting,1
sharing,1
pool,1
partial,1
virgins,1
views,1
substantial,1
exclusively,1
plexity,1
mix,1
recency,1
develop,1
gulf,1
nopodiaceae,1
bovine,1
counts,1
dactyls,1
observed,1
col,1
scanty,1
fur,1
draft,1
gourd,1
depended,1
row,1
anchors,1
assem,1
