WORDCOUNTS,WEIGHT
the,1278
of,868
and,646
in,619
a,377
to,315
from,141
pastoralism,134
early,131
as,129
on,128
is,128
for,109
zagros,107
with,106
chalcolithic,103
middle,83
that,79
central,77
nomadic,76
by,73
at,68
or,67
late,66
this,66
period,66
have,64
sites,62
be,62
an,59
are,57
mountains,55
pp,54
may,51
their,51
plain,50
one,47
agricultural,45
near,44
iran,44
neolithic,42
herding,40
some,39
was,39
but,39
more,39
herd,39
university,37
m,37
been,37
archaeological,36
can,35
there,34
de,34
settlement,34
evidence,34
j,33
f,33
number,33
east,33
area,33
between,33
other,32
islamabad,32
village,31
not,31
western,30
west,30
l,30
during,30
social,30
site,28
were,27
mobile,27
parchineh,27
c,27
e,26
i,26
pastoral,26
we,26
research,26
pastoralists,26
abdi,26
nomads,26
along,25
small,25
two,25
new,25
it,24
such,24
fig,24
most,24
perhaps,24
all,23
has,23
excavations,23
p,23
which,23
r,22
these,22
g,21
la,21
s,20
sedentary,20
chogha,20
used,20
ware,20
pattern,20
few,20
herders,20
they,19
pastoralist,19
domestication,19
activities,19
pastures,19
animal,19
w,19
both,19
major,19
tuwah,18
h,18
zone,18
et,18
t,18
several,18
also,18
only,18
villages,18
settlements,17
transhumant,17
into,17
animals,17
n,17
no,17
k,17
pottery,17
archaeology,17
seasonal,17
based,16
production,16
seems,16
agriculture,16
phase,16
b,16
prehistory,16
people,16
mesopotamia,16
forms,16
increase,16
uruk,16
especially,16
different,16
while,16
d,16
remains,16
stone,15
history,15
khoshkeh,15
deh,15
journal,15
subsistence,15
its,15
ceramic,15
distance,15
including,15
high,15
usually,15
origins,15
form,15
suggesting,14
eastern,14
than,14
international,14
well,14
survey,14
society,14
economic,14
campsites,14
areas,14
use,14
occupied,14
size,14
hakalan,13
could,13
within,13
strategy,13
had,13
ravand,13
about,13
time,13
less,13
material,13
region,13
economy,13
suggests,13
should,13
groups,12
luran,12
organization,12
surface,12
permanent,12
out,12
occupation,12
cultural,12
when,12
located,12
still,12
movement,12
southern,12
see,12
would,12
series,12
sheep,12
shift,12
pasture,11
highland,11
cemeteries,11
even,11
higher,11
important,11
gavaneh,11
south,11
lowland,11
iranian,11
toward,11
wezmeh,11
campsite,11
so,11
increasing,11
through,11
valley,11
american,10
studies,10
first,10
human,10
development,10
ancient,10
ha,10
greater,10
population,10
periods,10
temporary,10
water,10
our,10
end,10
range,10
three,10
exchange,10
northern,10
seasons,10
plains,10
any,10
grazing,10
what,10
institute,10
vanden,10
wild,10
smaller,10
nomadism,10
km,10
among,10
resources,10
way,9
if,9
expect,9
group,9
household,9
case,9
large,9
michigan,9
age,9
show,9
prehistoric,9
change,9
expansion,9
members,9
hectares,9
another,9
examples,9
summer,9
after,9
life,9
specialized,9
them,9
des,9
formation,9
mode,9
although,9
godin,9
germany,8
bor,8
migration,8
far,8
southwestern,8
find,8
earlier,8
mesopotamian,8
cave,8
factors,8
river,8
mahidasht,8
seminomadic,8
ann,8
because,8
basis,8
part,8
related,8
regions,8
oriental,8
around,8
various,8
department,8
bar,8
kuh,8
patterns,8
where,8
made,8
products,8
times,8
ing,8
associated,8
bronze,8
shepherds,8
over,8
paper,8
seem,8
distribution,8
travel,8
paleorient,8
herds,8
interaction,8
environmental,7
center,7
susiana,7
lowlands,7
asl,7
asia,7
tradition,7
state,7
date,7
since,7
developments,7
phases,7
van,7
without,7
ceramics,7
distant,7
emergence,7
goats,7
exploitation,7
my,7
access,7
tombs,7
winter,7
bob,7
smithsonian,7
alluvial,7
annual,7
und,7
make,7
museum,7
many,7
us,7
perspectives,7
regional,7
routes,7
larger,7
diverse,7
model,7
strategies,7
frequency,7
cambridge,7
characterized,7
mountain,7
institution,7
islamic,7
stream,7
report,7
world,7
uk,7
spring,7
land,7
much,7
mobility,6
modern,6
farmers,6
system,6
thus,6
millennium,6
steps,6
highlands,6
similar,6
study,6
established,6
lithic,6
beyond,6
result,6
found,6
probably,6
place,6
hired,6
goat,6
dependent,6
therefore,6
limited,6
communities,6
den,6
under,6
culture,6
farming,6
road,6
continue,6
indicate,6
like,6
general,6
structure,6
indication,6
dalma,6
primarily,6
fields,6
kangavar,6
places,6
terms,6
fodder,6
pas,6
ecology,6
extended,6
increased,6
chicago,6
close,6
now,5
common,5
later,5
stylistic,5
represent,5
complex,5
diversification,5
anthropology,5
ethnoarchaeological,5
long,5
great,5
those,5
con,5
holocene,5
marked,5
taking,5
caprine,5
relatively,5
luristan,5
floor,5
camp,5
process,5
chalco,5
changes,5
foothills,5
four,5
painted,5
initial,5
further,5
tools,5
levant,5
having,5
artifacts,5
year,5
away,5
own,5
attributed,5
excavated,5
villagers,5
involved,5
decline,5
provide,5
short,5
above,5
springs,5
shows,5
longer,5
flocks,5
adjacent,5
do,5
v,5
local,5
caprines,5
expand,5
previous,5
california,5
described,5
discovered,5
features,5
latter,5
southwest,5
arbor,5
science,5
sometimes,5
ecological,5
tepe,5
who,5
pens,5
traveled,5
analysis,5
anthropological,5
founded,5
each,5
presence,5
goods,5
phd,5
growing,5
whether,5
coming,5
come,5
tell,5
lands,5
national,5
need,5
sur,5
supported,5
recent,5
zones,5
overgrazing,4
fertile,4
tion,4
berkeley,4
introduction,4
likely,4
o,4
reichert,4
bp,4
either,4
editions,4
au,4
advantage,4
throughout,4
analyses,4
sometime,4
take,4
political,4
wage,4
dr,4
vorderen,4
owners,4
indicating,4
due,4
labor,4
dependence,4
influx,4
component,4
characteristic,4
mixed,4
relations,4
jr,4
ern,4
operation,4
town,4
whose,4
rather,4
developed,4
basic,4
en,4
ex,4
parts,4
ludwig,4
productive,4
societies,4
appearance,4
faunal,4
chipped,4
im,4
pollen,4
sedentism,4
bc,4
brought,4
london,4
seh,4
northwest,4
archaeologists,4
fieldwork,4
sharp,4
hole,4
up,4
second,4
nonetheless,4
absence,4
dwellings,4
yet,4
neither,4
management,4
dropped,4
ethnographic,4
addition,4
husbandry,4
zeist,4
arkavazi,4
contemporary,4
considerable,4
assemblage,4
remained,4
mortuary,4
canals,4
nomad,4
significant,4
food,4
involves,4
individual,4
symposium,4
mexico,4
provides,4
craft,4
monographs,4
carried,4
dum,4
continued,4
means,4
fall,4
typology,4
practice,4
extensive,4
known,4
regime,4
sherds,4
set,4
der,4
school,4
natural,4
down,4
argue,4
half,4
proceedings,4
plants,4
nearby,4
siahbid,4
information,4
emphasis,4
vessels,4
socioeconomic,4
little,4
occasionally,4
surveys,4
became,4
diagram,4
camps,4
conditions,4
course,4
states,4
integration,4
era,4
given,4
maran,3
does,3
limits,3
fouilles,3
qazivand,3
northeast,3
berlin,3
favor,3
unnamed,3
position,3
unlike,3
before,3
pots,3
source,3
du,3
lower,3
fabric,3
tappeh,3
gap,3
sources,3
hamrin,3
archae,3
concerned,3
processes,3
taken,3
trend,3
season,3
nature,3
crops,3
timing,3
origin,3
vegetation,3
somewhat,3
wetter,3
depending,3
recorded,3
task,3
transhumance,3
economics,3
capable,3
establishment,3
economies,3
tubinger,3
review,3
dynamics,3
aus,3
br,3
living,3
distinct,3
wares,3
young,3
suitable,3
compared,3
third,3
storage,3
essays,3
kept,3
oxford,3
interesting,3
memoir,3
growth,3
main,3
how,3
burnished,3
approaches,3
risk,3
direct,3
signatures,3
von,3
paleolithic,3
arid,3
les,3
hulailan,3
peasant,3
dated,3
presumably,3
exploratory,3
exploited,3
dominant,3
warmer,3
providing,3
irrigation,3
closely,3
location,3
arable,3
inter,3
neighboring,3
caves,3
cannot,3
younger,3
record,3
required,3
data,3
mitteilungen,3
intermediate,3
streams,3
surrounding,3
status,3
beitrage,3
atlas,3
staple,3
least,3
optimal,3
presented,3
ago,3
stage,3
le,3
proximate,3
wider,3
peak,3
gabi,3
always,3
results,3
using,3
newly,3
rest,3
schematic,3
will,3
led,3
implications,3
gradual,3
civilization,3
reduce,3
community,3
indicates,3
vicinity,3
interpretation,3
chronology,3
included,3
home,3
same,3
zeribar,3
majority,3
heritage,3
communal,3
fact,3
man,3
mountainous,3
anthropologist,3
enough,3
paris,3
centre,3
covered,3
valleys,3
degree,3
investment,3
ethnic,3
full,3
low,3
significance,3
clear,3
peripheral,3
necropole,3
tribal,3
households,3
adaptive,3
toralism,3
tempo,3
bottema,3
flock,3
today,3
support,3
widespread,3
millennia,3
settled,3
often,3
types,3
clutton,3
itself,3
face,3
tribe,3
stratigraphic,3
gatherer,3
grounds,3
comes,3
ism,3
must,3
slope,3
specific,3
quaternary,3
current,3
milk,3
very,3
recherche,3
past,3
turned,3
id,3
migratory,3
signature,3
foundations,3
argued,3
abruptly,3
generally,3
level,3
techniques,3
maintained,3
isolated,3
layers,3
include,3
hunter,3
defined,3
moun,3
roughly,3
summary,3
vi,3
lake,3
exclusively,3
entire,3
traditional,3
focus,3
iraq,3
north,3
livestock,3
successive,3
built,3
hypothesis,3
precipitously,2
nomades,2
doubts,2
mmc,2
identity,2
broadest,2
alone,2
per,2
colegio,2
trench,2
replaced,2
identify,2
ma,2
formed,2
farther,2
bakhtiari,2
completely,2
sudden,2
environment,2
excavation,2
necessarily,2
archaeo,2
leads,2
test,2
predominantly,2
being,2
consistent,2
every,2
container,2
kilometers,2
rapid,2
plateau,2
emerged,2
advanced,2
confirmed,2
dramatically,2
best,2
individuals,2
leading,2
rich,2
bayat,2
souran,2
hunting,2
genus,2
resulting,2
search,2
last,2
consist,2
chiefdoms,2
henry,2
robert,2
gifts,2
investigations,2
climate,2
el,2
seminar,2
vidal,2
side,2
occasional,2
capacity,2
continuum,2
primary,2
figs,2
zur,2
vol,2
quantities,2
felt,2
possible,2
pre,2
fine,2
except,2
beihefte,2
fur,2
cient,2
yeki,2
pursuit,2
tied,2
tent,2
accessible,2
differential,2
alignments,2
orients,2
severe,2
against,2
carsten,2
vey,2
occurs,2
assessment,2
turan,2
century,2
transitional,2
elements,2
items,2
old,2
transformation,2
amount,2
back,2
santa,2
serving,2
columbia,2
served,2
detecting,2
publications,2
spread,2
traditions,2
transactions,2
build,2
ment,2
rights,2
archaic,2
pivotal,2
lapui,2
york,2
reimer,2
links,2
managing,2
remain,2
incipient,2
unit,2
levels,2
longest,2
levine,2
represented,2
ce,2
agah,2
supplement,2
connected,2
burials,2
scattered,2
periodic,2
altitude,2
nor,2
delegation,2
diagrams,2
intensive,2
sum,2
days,2
numbers,2
impact,2
traces,2
gradually,2
epipaleolithic,2
songor,2
commonly,2
unsuitable,2
isolation,2
boundary,2
dwelling,2
decades,2
view,2
stands,2
yielding,2
came,2
ethnography,2
walk,2
allow,2
shiyan,2
route,2
tem,2
qalaylan,2
typical,2
archdologische,2
seven,2
academic,2
fourth,2
focused,2
buried,2
receive,2
burial,2
persia,2
possibility,2
memory,2
almost,2
blade,2
nine,2
whole,2
shelter,2
systematic,2
madic,2
approach,2
agriculturally,2
subtle,2
stockholm,2
computer,2
interregional,2
useful,2
carry,2
distances,2
suggest,2
involve,2
next,2
order,2
mediterranean,2
geomorphology,2
emerging,2
autonomy,2
sufficient,2
mi,2
reaping,2
chalcol,2
ancestors,2
diversified,2
tended,2
yielded,2
productivity,2
re,2
rowman,2
regulating,2
provided,2
terrains,2
preliminary,2
pot,2
mashkour,2
avoid,2
portion,2
archeologia,2
minor,2
contact,2
logistical,2
madhhur,2
return,2
sar,2
za,2
surveyed,2
continuity,2
jar,2
hilly,2
unwin,2
tain,2
complete,2
cahiers,2
reliance,2
toronto,2
lunch,2
prehistoire,2
zeder,2
independent,2
inference,2
lack,2
simulation,2
funerary,2
recente,2
gentle,2
striking,2
niebuhr,2
documents,2
rugged,2
crop,2
als,2
francaise,2
substantially,2
variation,2
discussed,2
pieces,2
external,2
took,2
ground,2
until,2
tures,2
royal,2
deep,2
einer,2
project,2
flint,2
locations,2
bulletin,2
grouping,2
vast,2
assemblages,2
discovery,2
reversed,2
months,2
upon,2
un,2
deposits,2
ethnology,2
previously,2
asian,2
residues,2
prelude,2
gubba,2
dating,2
netherlands,2
vii,2
trade,2
reality,2
qasim,2
maintenance,2
rary,2
plant,2
collected,2
dry,2
emc,2
kheit,2
agriculturalists,2
graves,2
problems,2
systems,2
narrow,2
archaeozoology,2
pro,2
oak,2
sug,2
geography,2
quarterly,2
sociopolitical,2
widely,2
species,2
colder,2
drier,2
space,2
undifferentiated,2
relationship,2
iranica,2
fairly,2
five,2
pe,2
begin,2
detailed,2
began,2
kalleh,2
existed,2
reihe,2
frontier,2
antiquities,2
ology,2
coordination,2
centuries,2
metrical,2
strategically,2
photographs,2
stable,2
dissertation,2
suggestions,2
earliest,2
following,2
dispersed,2
civilizations,2
peoples,2
graveyard,2
continues,2
djebel,2
organizational,2
viewed,2
dairy,2
cultures,2
abandonment,2
global,2
key,2
believe,2
flowing,2
sent,2
leaves,2
domestic,2
foundation,2
harvest,2
exploiting,2
written,2
aerial,2
associations,2
historical,2
domesticated,2
beginning,2
drop,2
rose,2
stability,2
selected,2
making,2
particular,2
covers,2
map,2
extent,2
fully,2
scheduling,2
archeologique,2
observations,2
urban,2
owner,2
transport,2
role,2
die,2
duction,2
elevations,2
customary,2
evidenced,2
strong,2
gar,2
question,2
ultimately,2
argument,2
years,2
difference,2
trusted,2
finding,2
zum,2
publishing,2
effects,2
piece,2
geographie,2
tributaries,2
peripheries,2
walking,2
association,2
desert,2
needs,2
am,2
graze,2
themselves,2
point,2
texts,2
ral,2
sciences,2
supplementary,2
tlement,2
laborers,2
southeastern,2
barter,2
problem,1
frequent,1
difficult,1
prox,1
dung,1
winds,1
baluchistan,1
vidali,1
tains,1
mostly,1
rate,1
khamseh,1
principes,1
provisioning,1
flow,1
microblades,1
oriented,1
jaffar,1
polish,1
horizontal,1
menschlicher,1
car,1
enter,1
medieval,1
indicated,1
develops,1
almwirtschaft,1
preted,1
habitable,1
cultiva,1
slaughter,1
separated,1
norway,1
administered,1
extreme,1
reconsidered,1
potheses,1
expedition,1
episodes,1
tribesman,1
tegrated,1
repre,1
economis,1
semi,1
adoption,1
eliminated,1
succession,1
informa,1
appear,1
compensated,1
notably,1
bakun,1
crossing,1
systemic,1
trash,1
bei,1
camping,1
needed,1
tact,1
franz,1
spine,1
ample,1
fed,1
constructive,1
picked,1
live,1
schools,1
library,1
true,1
ways,1
alluviation,1
item,1
di,1
easily,1
sickle,1
monetization,1
former,1
collection,1
demand,1
trace,1
tents,1
protection,1
prentice,1
potentials,1
gamble,1
dg,1
derstanding,1
presents,1
pose,1
laid,1
occurred,1
avant,1
detrimental,1
variants,1
total,1
stretches,1
tory,1
sys,1
ineolithic,1
moving,1
nineteenth,1
bend,1
riod,1
connotations,1
englewood,1
replenish,1
updated,1
root,1
turning,1
women,1
footing,1
journeys,1
cutting,1
peaked,1
notre,1
ofnw,1
combination,1
browsing,1
modest,1
revisited,1
whom,1
ologically,1
madism,1
topographic,1
slaughtered,1
preceding,1
lowed,1
pastureland,1
rinehart,1
coexist,1
ii,1
give,1
adopt,1
drastic,1
military,1
relying,1
might,1
attempt,1
sub,1
palynological,1
burnishing,1
capital,1
prac,1
zeitschrift,1
ethnoarchaeology,1
physiographic,1
reach,1
oval,1
archaeologically,1
bred,1
portable,1
explores,1
secondary,1
assess,1
belong,1
together,1
resi,1
reasons,1
differences,1
accumulated,1
holailan,1
producing,1
follows,1
revisions,1
paleohistoria,1
aunal,1
transhumanciay,1
ephemeral,1
government,1
thanks,1
closer,1
hundred,1
sanguisorba,1
characterizing,1
styles,1
niche,1
alignment,1
das,1
achieved,1
damage,1
sahara,1
lagers,1
effi,1
devised,1
nm,1
mind,1
infers,1
sumer,1
stand,1
migrated,1
remainder,1
vexploration,1
debut,1
rockshelters,1
behind,1
swat,1
prod,1
threshold,1
context,1
kongresses,1
papers,1
similarities,1
ad,1
british,1
complementary,1
documenting,1
partners,1
evaluation,1
instituts,1
weaving,1
verlag,1
grotzbach,1
prelimi,1
anthropologists,1
autonomous,1
sargarab,1
razuk,1
sawing,1
propensity,1
tal,1
eurasia,1
imate,1
cated,1
right,1
gros,1
reanalysis,1
franzbsischen,1
grijalbo,1
design,1
copenhagen,1
account,1
grated,1
uct,1
opened,1
occupying,1
unexploited,1
ered,1
activity,1
westfalische,1
securely,1
entrepreneurs,1
soils,1
slight,1
nonpastoralists,1
ret,1
adopting,1
etc,1
solely,1
move,1
hochgebirge,1
environmen,1
adolescents,1
neolitique,1
apart,1
vepoque,1
monochrome,1
variations,1
supply,1
khuzestan,1
herdsmen,1
corre,1
quantity,1
cited,1
lana,1
dynamic,1
considerably,1
representing,1
decreasing,1
ritual,1
minimum,1
nonagrarian,1
engage,1
ml,1
steiner,1
baxtyari,1
keramik,1
realizing,1
pursuing,1
hudson,1
framework,1
stress,1
mid,1
tribute,1
conflict,1
pen,1
centralized,1
iron,1
supple,1
selves,1
ice,1
relationships,1
merchants,1
stratigraphique,1
strat,1
difficulties,1
immediate,1
inner,1
quality,1
objective,1
seriously,1
realized,1
hierarchy,1
jeff,1
integral,1
author,1
neighbors,1
interest,1
base,1
dents,1
ability,1
furnishing,1
attested,1
highlighting,1
participating,1
grouped,1
coexistence,1
holeilan,1
interchangeably,1
preparation,1
basal,1
emigration,1
expected,1
saimareh,1
nr,1
forced,1
ai,1
condon,1
dis,1
turn,1
estimates,1
inhabited,1
clay,1
arc,1
uch,1
self,1
stored,1
evident,1
hummock,1
feasible,1
perspective,1
canal,1
erably,1
selection,1
pri,1
depend,1
concerning,1
boar,1
highest,1
agility,1
response,1
rediscovering,1
myth,1
allowing,1
kinship,1
module,1
determinations,1
y,1
entforschung,1
chalcolithique,1
seal,1
leather,1
sin,1
ariculture,1
vice,1
tentatively,1
nawazi,1
apparently,1
ada,1
tableware,1
fallacies,1
adult,1
generation,1
paleoecological,1
handful,1
cists,1
snows,1
wintering,1
respective,1
turkic,1
error,1
poorly,1
cused,1
let,1
uui,1
crow,1
peo,1
opposed,1
lamberg,1
cluding,1
sample,1
enclosed,1
essential,1
played,1
ethnog,1
trapezoidal,1
stock,1
transformations,1
act,1
bring,1
seminomads,1
sideration,1
impetus,1
across,1
denmark,1
stop,1
bintliff,1
sort,1
palaeocli,1
sizable,1
myself,1
remote,1
mean,1
ungulate,1
tary,1
excavators,1
activ,1
wissen,1
chez,1
gesture,1
certain,1
kunst,1
leave,1
suited,1
kilfmminitflpblll,1
seasonality,1
jeux,1
evolution,1
upstream,1
interdepen,1
strate,1
requiring,1
absorbed,1
attached,1
fade,1
firing,1
analy,1
bonds,1
modified,1
references,1
nesar,1
escape,1
developpement,1
ubaid,1
tinued,1
antiqua,1
pared,1
ation,1
brahui,1
cherts,1
consider,1
possibly,1
statistical,1
benefits,1
india,1
lmc,1
asadabad,1
tacademie,1
linked,1
mansouri,1
asiatischen,1
producers,1
just,1
dartmouth,1
rajesh,1
shelters,1
mary,1
house,1
document,1
accessibility,1
redis,1
moyen,1
quarters,1
listed,1
threat,1
prevent,1
situations,1
burgeoning,1
concides,1
operate,1
porary,1
recovered,1
resource,1
textile,1
piedmonts,1
connecting,1
drought,1
bani,1
fiir,1
followed,1
organisation,1
dahl,1
tierzuchtung,1
evidences,1
rice,1
blumler,1
necropolis,1
allen,1
method,1
gence,1
plenum,1
unassuming,1
landlord,1
vergleichenden,1
parchinah,1
owning,1
terials,1
faced,1
pedestaled,1
dynastic,1
inak,1
palaeoenvironments,1
trajectories,1
dc,1
conflicts,1
disappeared,1
osteological,1
dyson,1
experimentation,1
denticulate,1
raw,1
foodstuff,1
uses,1
immutable,1
wing,1
lead,1
buttermilk,1
declined,1
holds,1
carrying,1
acknowledgments,1
mercenaries,1
begun,1
traditionally,1
combinations,1
effort,1
behavioral,1
centers,1
changed,1
demands,1
radical,1
mcc,1
diet,1
configuration,1
ceram,1
accompany,1
fo,1
controle,1
representative,1
evaluate,1
clude,1
density,1
traversed,1
ranking,1
yoriik,1
agriculturalist,1
prompt,1
shall,1
interpretative,1
pitch,1
war,1
hinterland,1
something,1
circular,1
alabaster,1
versity,1
rwb,1
appears,1
default,1
portant,1
residential,1
persons,1
meet,1
suffered,1
mohammad,1
silsby,1
excellent,1
scale,1
monograph,1
otherwise,1
energy,1
wealth,1
safe,1
hostilities,1
outside,1
eichstatter,1
xvii,1
diate,1
outlined,1
explored,1
nationalmusteets,1
saving,1
wide,1
nant,1
tracking,1
surmised,1
periodization,1
clustering,1
vegetal,1
sparse,1
technical,1
aspects,1
garments,1
shape,1
xix,1
specifically,1
none,1
allocation,1
distinctiveness,1
relatives,1
artefacts,1
accounting,1
revealed,1
egalitarian,1
natu,1
rocks,1
already,1
reinhard,1
los,1
ideal,1
generative,1
distinguish,1
claim,1
consequently,1
heavily,1
su,1
erganzungsband,1
clined,1
example,1
bm,1
proportions,1
ramics,1
apparent,1
play,1
clearer,1
interna,1
domi,1
kown,1
elizabeth,1
ten,1
bowl,1
geology,1
ple,1
revolving,1
literature,1
shrink,1
continuation,1
gies,1
describe,1
fit,1
signify,1
refined,1
adap,1
broad,1
collective,1
contains,1
records,1
work,1
keep,1
concentrate,1
sustana,1
dtran,1
wintered,1
cluster,1
structures,1
beads,1
ontario,1
perishable,1
speaking,1
device,1
documented,1
farukhabad,1
somewhere,1
artemisia,1
basseri,1
halfway,1
jnor,1
rise,1
hampshire,1
entails,1
buff,1
reconstructing,1
mccorriston,1
doubtful,1
includ,1
wheat,1
bernbeck,1
ucla,1
lithics,1
towards,1
heuristic,1
manifestation,1
egy,1
errors,1
repro,1
precipitation,1
expended,1
evening,1
halaf,1
published,1
sparsely,1
coordina,1
punctuated,1
logica,1
painting,1
indicator,1
viable,1
caused,1
kultur,1
hard,1
working,1
field,1
wi,1
responsibility,1
cold,1
shaping,1
revolution,1
reliable,1
tested,1
indicators,1
trading,1
grass,1
multitude,1
relevant,1
careful,1
fallow,1
quite,1
anisosciadium,1
tibetan,1
orient,1
segetal,1
shamra,1
kent,1
family,1
heat,1
eco,1
rakke,1
characteristics,1
consensus,1
eleven,1
june,1
accomplished,1
highly,1
aegagrus,1
sisters,1
migrating,1
mileh,1
folk,1
cool,1
tucked,1
niches,1
microstylistic,1
distinguished,1
ancestral,1
portions,1
subgroup,1
inte,1
core,1
dedicated,1
managed,1
salinization,1
seed,1
weiss,1
erroneously,1
purpose,1
describes,1
communica,1
appropriate,1
grateful,1
questions,1
mer,1
mesopotamians,1
deer,1
knowledge,1
concomitant,1
seemed,1
parthenon,1
gle,1
rarity,1
ini,1
appeal,1
sistence,1
chronological,1
belfer,1
orate,1
timates,1
pertaining,1
tasks,1
poland,1
furnished,1
bezoar,1
business,1
xviii,1
driven,1
differentiate,1
resides,1
protecting,1
architecture,1
gather,1
interference,1
identified,1
action,1
concentrated,1
selbstverlag,1
comparative,1
disserta,1
tery,1
archetype,1
berghe,1
corporation,1
brief,1
yields,1
nearly,1
oriens,1
ofjammu,1
qala,1
april,1
intensively,1
formative,1
wh,1
sana,1
necessary,1
uthic,1
expanded,1
folded,1
interactions,1
assist,1
woods,1
comments,1
migra,1
studien,1
interrelations,1
chaeological,1
outer,1
modes,1
lentils,1
dle,1
hydrographic,1
abrupt,1
strategic,1
thereby,1
intracommunity,1
parker,1
schbpfer,1
southeast,1
single,1
percentage,1
applications,1
frank,1
once,1
rubbing,1
forts,1
competition,1
rational,1
indus,1
relied,1
donnees,1
hochschulre,1
archiv,1
lloyd,1
safar,1
makes,1
experienced,1
cor,1
marginal,1
thought,1
alongside,1
detectable,1
sex,1
technology,1
elab,1
inspiration,1
rom,1
populated,1
selective,1
favorable,1
lurestan,1
processing,1
falls,1
property,1
supplied,1
note,1
keeping,1
geobotanical,1
sharply,1
skin,1
dialectical,1
um,1
wright,1
viously,1
si,1
largest,1
yomut,1
organize,1
wisconsin,1
unmitigated,1
gebirgsbauren,1
increasingly,1
sheen,1
opment,1
exploit,1
sector,1
ch,1
baluch,1
showing,1
enclaves,1
gestive,1
lamb,1
resolution,1
camel,1
wrapped,1
henrickson,1
law,1
power,1
ticed,1
tiraq,1
again,1
sedentarization,1
avail,1
chance,1
procured,1
stripes,1
added,1
residence,1
financial,1
demographic,1
missing,1
archaeologi,1
lacked,1
joyce,1
qara,1
traceable,1
diminishing,1
factual,1
treatment,1
theorie,1
deterioration,1
rowton,1
occurrence,1
pressure,1
foods,1
rics,1
mestic,1
predominant,1
trips,1
appeared,1
occupations,1
layer,1
ried,1
grave,1
habitat,1
richer,1
personal,1
fars,1
partic,1
figurines,1
distributions,1
seldom,1
honor,1
ineffi,1
men,1
ages,1
fledged,1
likelihood,1
spain,1
farukh,1
chain,1
increases,1
tragacanthic,1
ras,1
superimposed,1
oregon,1
func,1
increas,1
accepted,1
establish,1
income,1
overgraz,1
unclear,1
perma,1
talus,1
gharb,1
surmah,1
leveling,1
forenede,1
carnivore,1
ception,1
native,1
texploration,1
garab,1
dusseldorf,1
cul,1
style,1
shifts,1
wood,1
mill,1
day,1
poli,1
convenient,1
elevation,1
scant,1
semipermanent,1
interpreting,1
vegetational,1
original,1
credit,1
manageable,1
private,1
understanding,1
meaningful,1
spending,1
investigated,1
art,1
discussion,1
dissimilar,1
coherent,1
turkey,1
birth,1
transporting,1
bear,1
asj,1
aggregated,1
trajectory,1
environments,1
parents,1
passes,1
reside,1
versa,1
medium,1
exploits,1
concern,1
yale,1
findings,1
varying,1
empirical,1
physischen,1
entirely,1
hypotheses,1
operated,1
rivers,1
assume,1
kamyar,1
ideas,1
comprehensively,1
graz,1
proportion,1
anism,1
variables,1
stay,1
aesthetic,1
kutlturgeographie,1
stopping,1
stayed,1
theories,1
optimistic,1
synthetic,1
dimorphic,1
theoretical,1
students,1
arguably,1
ties,1
open,1
explorations,1
fectly,1
sherd,1
loosely,1
furlranische,1
historic,1
alpen,1
importance,1
tional,1
grew,1
gration,1
express,1
tury,1
ethnoar,1
eaters,1
accounted,1
logic,1
amounts,1
evidently,1
tokens,1
held,1
started,1
reviewers,1
genetics,1
prospections,1
belongs,1
function,1
protruding,1
antiquity,1
stages,1
administrative,1
devise,1
mammals,1
practiced,1
connects,1
preservation,1
black,1
martin,1
lees,1
graphical,1
lurs,1
founda,1
payment,1
sojourn,1
ture,1
intercommunity,1
agri,1
valued,1
maison,1
khair,1
parallel,1
methods,1
occupa,1
erdkundliches,1
jeopardize,1
become,1
relation,1
ornaments,1
assessing,1
respectively,1
xvi,1
unoccupied,1
effect,1
fab,1
influences,1
define,1
cowan,1
enjoyed,1
dynamik,1
cern,1
ethnographically,1
consecutive,1
sept,1
contracts,1
mesopotamie,1
present,1
interme,1
grain,1
tendency,1
connections,1
nomic,1
anatolia,1
cen,1
logistics,1
division,1
overlooked,1
khazineh,1
supplemental,1
cereals,1
decision,1
perils,1
seden,1
qouchemi,1
ranging,1
farm,1
european,1
depth,1
consists,1
neely,1
soziale,1
westlichen,1
topography,1
lo,1
assigned,1
devote,1
rapport,1
chances,1
wandered,1
irregular,1
richest,1
overburden,1
exceeding,1
suckling,1
inhabitants,1
movements,1
bulk,1
foreign,1
guests,1
staples,1
testing,1
maps,1
suggestive,1
sol,1
corrals,1
hill,1
stocks,1
wandel,1
ascribing,1
vertical,1
florescence,1
insufficient,1
bags,1
institutions,1
nexus,1
becomes,1
dimensions,1
lost,1
indicat,1
seen,1
tive,1
deposit,1
encroach,1
force,1
returned,1
geographische,1
ast,1
markers,1
contribution,1
universitat,1
underexploited,1
remaining,1
furnish,1
dietrich,1
covering,1
bows,1
maces,1
lipids,1
itselt,1
why,1
directorate,1
es,1
greener,1
rheum,1
responsible,1
entrusted,1
united,1
surprising,1
respect,1
eugene,1
composed,1
madison,1
tial,1
irons,1
consid,1
publica,1
mounds,1
interpretive,1
ities,1
chen,1
ash,1
flo,1
considered,1
wanderviehwirtschaft,1
haggi,1
addressed,1
multiple,1
orientalia,1
differentiated,1
produc,1
pres,1
exchanged,1
heavy,1
rarely,1
flies,1
shirin,1
marks,1
margaret,1
hircus,1
mentioned,1
changing,1
volving,1
extending,1
agement,1
athens,1
semiarid,1
simply,1
geographic,1
scarcely,1
detect,1
damaging,1
determinants,1
too,1
cotsen,1
tics,1
temporal,1
testimonies,1
trenches,1
occurrences,1
generic,1
vw,1
rocky,1
alps,1
equipment,1
neuen,1
cov,1
sweden,1
sustained,1
hospitality,1
know,1
excess,1
ran,1
khorasan,1
pistachio,1
cemeter,1
ethnografisk,1
control,1
rainfall,1
image,1
persian,1
stamp,1
halt,1
socialize,1
pedestrian,1
cemetery,1
equidistant,1
tomb,1
meadows,1
lying,1
december,1
ratio,1
extraction,1
contained,1
nent,1
sampling,1
vari,1
did,1
gamdat,1
leaders,1
regard,1
returns,1
ics,1
sudan,1
particularly,1
sarab,1
brothers,1
handmade,1
basket,1
ar,1
nouvelles,1
nary,1
benefit,1
cultivation,1
steppe,1
differed,1
distinctive,1
placing,1
closest,1
anomalous,1
utilized,1
rural,1
proposed,1
hamlets,1
necessitating,1
emerges,1
type,1
rendus,1
intelligence,1
absolutely,1
advances,1
better,1
pushing,1
cal,1
tenth,1
butchering,1
rep,1
william,1
according,1
notable,1
transmitted,1
firuzabad,1
adults,1
namely,1
involvement,1
independently,1
tinuum,1
imposed,1
che,1
forestry,1
males,1
cloths,1
salzman,1
erupted,1
geo,1
mesopotamieprehistorique,1
ies,1
theory,1
angela,1
adaptation,1
amples,1
mech,1
repetitive,1
studying,1
installations,1
migrations,1
indiscriminant,1
ithic,1
peters,1
shah,1
balance,1
ori,1
azarbaijan,1
mov,1
isotopic,1
vil,1
contain,1
categories,1
ses,1
haps,1
spaces,1
noticeably,1
mir,1
wandering,1
nj,1
outline,1
john,1
necessity,1
ridor,1
logical,1
mod,1
biglari,1
zuchtungsbiologie,1
ohio,1
slopes,1
kin,1
introduced,1
city,1
despite,1
practices,1
foodstuffs,1
uhomme,1
econ,1
alternatives,1
press,1
dudd,1
devel,1
easy,1
african,1
hy,1
transition,1
returning,1
step,1
territory,1
com,1
cultivated,1
eichastaetter,1
domesticates,1
palynology,1
indebted,1
divided,1
families,1
phenomenon,1
challenges,1
allows,1
aims,1
ensuing,1
gain,1
aspect,1
reaching,1
varied,1
tions,1
pouvoir,1
relates,1
luxurious,1
analogy,1
khoury,1
archaologische,1
caring,1
sociologus,1
drafts,1
ungulates,1
intemationalen,1
ence,1
shahsevan,1
average,1
arrows,1
decrease,1
mesticated,1
chemical,1
imperative,1
proteins,1
emer,1
parallels,1
geographis,1
sumably,1
prolonged,1
instead,1
dense,1
isolating,1
enabling,1
usa,1
physical,1
dyadic,1
moveable,1
regular,1
flocking,1
clues,1
forming,1
nonmarket,1
susa,1
extremely,1
enclosure,1
classification,1
ranged,1
traveling,1
wirtschaftliche,1
anonymous,1
comparison,1
antiquus,1
intermittently,1
searching,1
potential,1
modeling,1
invited,1
assumed,1
bahtiyari,1
certainty,1
fol,1
tribes,1
comptes,1
espana,1
discontinuous,1
terminology,1
consisted,1
hills,1
text,1
vary,1
cline,1
resent,1
sponds,1
partial,1
uncertainty,1
maximum,1
ireland,1
logis,1
velopments,1
immediately,1
mature,1
networks,1
tente,1
enclave,1
paleobotany,1
delayed,1
super,1
occur,1
