WORDCOUNTS,WEIGHT
the,2010
of,1223
and,738
in,720
a,503
to,482
as,215
that,190
at,168
from,159
is,153
by,147
for,131
bronze,122
archaeological,118
on,104
caucasus,104
early,103
an,101
was,99
with,99
archaeology,96
age,90
south,84
world,77
sites,72
it,71
p,70
southern,70
new,70
have,70
j,66
late,63
this,63
caucasia,63
i,62
within,58
were,57
during,57
but,56
v,56
into,55
region,55
social,53
not,53
urartian,52
springer,52
prehist,51
its,51
research,51
has,51
russian,49
most,49
g,48
been,47
armenian,46
these,45
more,44
middle,42
e,41
bc,41
k,41
regional,41
are,41
both,41
between,41
be,41
ancient,40
armenia,39
such,39
culture,39
excavations,38
his,38
or,38
yerevan,37
r,36
m,35
investigations,35
history,34
major,34
t,33
millennium,33
than,33
university,33
only,33
n,32
horizon,32
also,32
local,32
which,32
historical,32
neolithic,31
political,31
near,31
material,31
what,31
s,30
site,30
et,30
one,29
first,29
there,29
rather,29
l,29
soviet,29
b,29
century,28
ceramic,28
he,27
era,27
materials,26
eastern,26
iron,26
well,26
chalcolithic,26
large,25
their,25
work,25
traditions,25
communities,25
over,24
cultural,23
highland,22
even,22
empire,22
including,22
had,21
provided,21
national,21
while,21
wares,20
northern,20
yet,20
we,20
little,20
caucasian,19
prehistory,19
quite,19
second,19
recent,19
studies,18
western,18
phase,18
urartu,18
two,18
considerable,18
upon,18
through,18
marr,18
defined,18
long,17
tradition,17
tbilisi,17
nauk,17
provide,17
d,17
evidence,17
remains,17
russia,17
appear,16
production,16
repertoire,16
other,16
plain,16
east,16
marked,16
interest,16
across,16
ceramics,16
river,16
largely,16
period,16
aragats,16
transformations,16
geographic,16
intellectual,16
institute,16
c,16
complex,15
nineteenth,15
primary,15
ararat,15
since,15
third,15
emergence,15
initial,15
end,15
can,15
primarily,15
small,15
terms,15
formation,15
they,14
conducted,14
trialeti,14
ssr,14
basic,14
found,14
sense,14
smith,14
prometheus,14
where,14
anatolia,14
attention,14
when,14
did,14
far,14
north,14
o,13
h,13
all,13
great,13
account,13
developed,13
how,13
important,13
brought,13
broad,13
suggest,13
st,13
akademiya,13
contemporary,13
present,13
sagona,13
relation,13
pottery,13
series,13
imperial,13
much,13
stone,12
emerged,12
state,12
those,12
thus,12
painted,12
artifacts,12
transcaucasian,12
expansion,12
iran,12
forms,12
do,12
ani,12
understanding,12
assemblages,12
black,12
institutions,12
complexes,12
although,12
anatolian,11
georgia,11
some,11
horom,11
elements,11
no,11
burnished,11
earlier,11
study,11
view,11
prehistoric,11
periodization,11
data,11
project,11
approach,11
several,11
under,11
chronology,11
ages,11
significant,11
so,11
problems,11
often,11
european,11
antiquities,11
note,11
transformation,11
known,11
unique,11
kurgans,11
interaction,11
traditional,11
later,10
settlements,10
ussr,10
archaeologists,10
sources,10
europe,10
thanks,10
international,10
point,10
very,10
aratashen,10
de,10
fig,10
may,10
highlands,10
nor,10
established,10
clearly,10
out,10
sevan,10
field,10
limited,10
academy,10
geography,10
less,10
collaborative,10
construction,10
centuries,10
piotrovskii,10
set,10
iii,10
particularly,10
investigation,10
became,10
years,10
focus,10
medieval,9
nationalities,9
modern,9
fortresses,9
along,9
cemeteries,9
landscape,9
appears,9
burials,9
my,9
arrival,9
shared,9
part,9
london,9
issues,9
forces,9
bronzy,9
critical,9
ii,9
about,9
interpretation,9
reference,9
us,9
increasingly,9
many,9
time,9
model,9
styles,9
theoretical,9
three,9
after,9
southwest,9
who,9
following,9
sciences,9
each,9
current,9
chicago,9
araks,9
theory,9
kura,9
cambridge,9
petersburg,9
groups,8
central,8
narrative,8
context,8
development,8
dates,8
phases,8
van,8
represented,8
pp,8
monuments,8
argued,8
metal,8
result,8
appearance,8
term,8
neighboring,8
burial,8
place,8
documented,8
order,8
architecture,8
economic,8
single,8
included,8
garni,8
practice,8
assemblage,8
mortuary,8
dating,8
would,8
effectively,8
life,8
founded,8
style,8
burney,8
report,8
economy,8
come,8
kavkaza,8
area,8
debate,8
difficult,7
does,7
way,7
if,7
village,7
agenda,7
asia,7
survey,7
west,7
includes,7
throughout,7
honour,7
mobility,7
york,7
similar,7
impact,7
w,7
based,7
american,7
focused,7
produced,7
priorities,7
record,7
tombs,7
armenii,7
boundaries,7
fortress,7
resistance,7
und,7
vestnik,7
still,7
morgan,7
kuftin,7
same,7
scholars,7
discussed,7
perhaps,7
haykakan,7
remained,7
chronologies,7
lake,7
like,7
provides,7
tepe,7
kultura,7
extensive,7
charles,7
ruins,7
almost,7
suggests,7
slopes,7
sea,7
despite,7
writing,7
surveys,7
strong,7
built,7
predicated,7
fortified,6
generated,6
rubinson,6
concern,6
notably,6
enduring,6
tend,6
ways,6
approaches,6
decade,6
military,6
might,6
suggesting,6
radiocarbon,6
kalantar,6
date,6
moscow,6
human,6
collapse,6
against,6
aus,6
relations,6
given,6
transitional,6
artashat,6
centered,6
recently,6
accounts,6
understand,6
origins,6
beyond,6
araxes,6
irrigation,6
union,6
came,6
basin,6
eneolit,6
effort,6
occupation,6
scale,6
absolute,6
syria,6
role,6
describe,6
away,6
raskopki,6
own,6
driving,6
generally,6
preliminary,6
nations,6
led,6
metsamor,6
populations,6
museum,6
read,6
thought,6
department,6
classical,6
tsaghkahovit,6
levels,6
number,6
elevation,6
eighteenth,6
formal,6
arose,6
strongly,6
elite,6
ethnic,6
aesthetic,6
students,6
clear,6
arkheologicheskie,6
points,6
mountain,6
evolutionary,6
remarkable,6
greek,6
badalyan,6
continued,6
science,6
kiguradze,6
program,6
detailed,6
worlds,6
shift,6
anthropological,6
any,6
ordered,6
text,6
defining,6
key,6
foundation,6
beginning,6
them,6
form,6
problem,6
upper,6
baiburtyan,6
republic,6
programs,6
results,6
advent,6
twentieth,6
offered,6
broader,6
close,6
stylistic,5
f,5
red,5
associated,5
berlin,5
center,5
aceramic,5
authority,5
peeters,5
paper,5
before,5
source,5
discrete,5
opened,5
possible,5
move,5
regarding,5
historically,5
distinctive,5
kurgan,5
distinct,5
bone,5
continuous,5
journal,5
general,5
walls,5
whose,5
remain,5
na,5
lasting,5
parts,5
support,5
changes,5
samtavro,5
agricultural,5
followed,5
boundary,5
trained,5
archaeologische,5
closely,5
epokhi,5
societies,5
histories,5
traditionally,5
fourth,5
understood,5
population,5
because,5
fit,5
people,5
artifact,5
change,5
mesopotamia,5
socialist,5
settlement,5
gegharot,5
few,5
republics,5
highly,5
certainly,5
villages,5
up,5
chronological,5
territorial,5
practices,5
scientific,5
exception,5
kushnareva,5
ware,5
decorative,5
auspices,5
violence,5
examined,5
akademii,5
sovetskaya,5
french,5
mark,5
toward,5
projects,5
analytical,5
shifts,5
remarkably,5
polities,5
made,5
range,5
use,5
sequence,5
armianskoi,5
described,5
significance,5
shengavit,5
nakhichevan,5
architectural,5
obsidian,5
structure,5
story,5
travelers,5
parameters,5
increasing,5
space,5
she,5
bound,5
lack,5
began,5
contribution,5
sequences,5
la,5
kings,5
interpretive,5
school,5
then,5
suite,5
peoples,5
simply,5
territories,5
punctate,5
commission,5
nationalist,5
map,5
art,5
level,5
northwestern,5
transition,5
discussion,5
au,5
our,5
question,5
numerous,5
institutional,5
define,5
roughly,5
elites,5
sos,5
oriented,4
epigraphic,4
names,4
represent,4
northeast,4
mountains,4
introduction,4
horizons,4
extant,4
position,4
unlike,4
inequality,4
migration,4
revision,4
du,4
sssr,4
taken,4
shaped,4
archaeologically,4
oshakan,4
overall,4
case,4
armyanskoe,4
right,4
epokhu,4
moral,4
assyria,4
dominated,4
armianskoe,4
neighbors,4
moment,4
mixed,4
eurasian,4
relatively,4
urartaische,4
tends,4
argishti,4
body,4
recherches,4
served,4
deeply,4
generation,4
oxford,4
derived,4
winters,4
reason,4
provinces,4
marks,4
dated,4
branch,4
pastoral,4
lithic,4
founding,4
providing,4
prehistories,4
im,4
ruben,4
province,4
networks,4
eurasia,4
used,4
received,4
los,4
purpose,4
description,4
q,4
bayern,4
iz,4
sociopolitical,4
connections,4
regions,4
shirak,4
oriental,4
published,4
excavated,4
legacy,4
least,4
working,4
contrast,4
verin,4
visible,4
steppes,4
arakelyan,4
geographical,4
periods,4
nation,4
myth,4
matter,4
mitteilungen,4
reconstruction,4
dvin,4
make,4
argument,4
represents,4
towards,4
array,4
mobile,4
today,4
narratives,4
syunik,4
discussions,4
book,4
technique,4
death,4
similarly,4
georgian,4
larger,4
debates,4
patterns,4
systematic,4
ultimately,4
another,4
summers,4
collecting,4
vast,4
rendered,4
limitations,4
hosted,4
raskopok,4
armavir,4
synthetic,4
repertoires,4
ties,4
open,4
held,4
high,4
distinction,4
preservation,4
exchange,4
article,4
relative,4
hill,4
lines,4
mediterranean,4
class,4
frontier,4
earliest,4
claims,4
con,4
must,4
constituted,4
cotsen,4
indicate,4
cuneiform,4
temporal,4
palace,4
drew,4
sustained,4
quickly,4
scythian,4
cemetery,4
tomb,4
capital,4
expense,4
half,4
inquiry,4
driven,4
just,4
places,4
kalantarian,4
particular,4
zheleza,4
influenced,4
pers,4
vessels,4
apparatus,4
emergent,4
city,4
techniques,4
arguments,4
tell,4
integrated,4
heartland,4
peripheries,4
moved,4
create,4
erebuni,4
armyanskoi,4
re,4
among,4
ca,4
final,3
dominant,3
currently,3
humans,3
will,3
mosaic,3
suggested,3
per,3
leningrad,3
di,3
anthropology,3
fixed,3
character,3
tanais,3
piratical,3
arguing,3
contexts,3
congress,3
cyclopean,3
isthmus,3
every,3
embraced,3
preceding,3
archae,3
interests,3
concentrated,3
pluralist,3
leading,3
broadly,3
borders,3
follows,3
substantive,3
subsequent,3
embrace,3
vegetation,3
last,3
designs,3
ad,3
king,3
ssh,3
studi,3
conceptual,3
increase,3
economies,3
forged,3
collection,3
goal,3
gegham,3
royal,3
past,3
rothman,3
rome,3
raises,3
heterogeneity,3
tied,3
shirakavan,3
mild,3
turn,3
masson,3
back,3
subjects,3
witnessed,3
publications,3
ny,3
continental,3
dinkha,3
kale,3
traits,3
handful,3
continuity,3
poorly,3
german,3
without,3
drainages,3
iak,3
process,3
curvilinear,3
treaty,3
esaian,3
direct,3
augmented,3
paleolithic,3
factors,3
uzerlik,3
azerbaijan,3
locally,3
objects,3
elsewhere,3
northeastern,3
four,3
suites,3
truly,3
essays,3
antecedents,3
excavation,3
constitution,3
lori,3
levant,3
greater,3
opening,3
bearing,3
armies,3
here,3
access,3
ambitions,3
centers,3
conspicuous,3
orders,3
radical,3
pots,3
further,3
standardized,3
though,3
solely,3
war,3
promethean,3
wealth,3
metals,3
exploration,3
lchashen,3
wide,3
method,3
schema,3
memory,3
aspects,3
palumbi,3
shape,3
directly,3
argishtihinili,3
concept,3
stake,3
related,3
officers,3
bronzovogo,3
strove,3
presented,3
currents,3
stimulated,3
emerging,3
textual,3
around,3
wider,3
industry,3
goblet,3
coast,3
fully,3
progress,3
proper,3
describes,3
ecumene,3
distinguishing,3
appropriate,3
am,3
society,3
press,3
reduced,3
seventh,3
indeed,3
located,3
comparative,3
mudbrick,3
community,3
movement,3
corpus,3
nauka,3
push,3
kultury,3
caravan,3
technology,3
neither,3
nature,3
homogeneous,3
light,3
shifting,3
outlined,3
robust,3
largest,3
fire,3
extending,3
power,3
platze,3
motifs,3
wooden,3
stories,3
daghestan,3
areas,3
utilizing,3
rannego,3
abstract,3
artik,3
diverse,3
istorii,3
outlines,3
variation,3
succeeding,3
never,3
adjacent,3
see,3
real,3
necessary,3
persian,3
decorations,3
velikent,3
naver,3
brak,3
distance,3
degree,3
bastam,3
technologies,3
divided,3
campaigns,3
turkey,3
inscription,3
martial,3
formalist,3
host,3
entirely,3
aside,3
questions,3
evolution,3
kavkaz,3
previous,3
gorodtsov,3
trade,3
explorations,3
landscapes,3
earth,3
philology,3
historic,3
ottoman,3
him,3
features,3
dry,3
why,3
veka,3
urmia,3
internal,3
parallel,3
uncovered,3
ground,3
saw,3
colchian,3
examines,3
pamyatnikov,3
dawn,3
assigned,3
polevykh,3
movements,3
siberia,3
harich,3
secure,3
seen,3
collections,3
replaced,3
itself,3
length,3
settled,3
analysis,3
diagnostic,3
united,3
ology,3
types,3
british,3
stable,3
stratigraphic,3
singular,3
hanging,3
civilizations,3
complexity,3
incised,3
incorporated,3
pace,3
der,3
natural,3
masonry,3
control,3
cultures,3
global,3
resultat,3
altered,3
goods,3
yerevanskogo,3
steppe,3
pise,3
type,3
advances,3
better,3
phd,3
scholarly,3
notable,3
armyanskoj,3
means,3
tightly,3
periphery,3
explored,3
texts,3
tempting,3
urban,3
tsakahovit,3
isolated,3
darkveti,3
examinations,3
models,3
difference,3
parallels,3
course,3
blueprint,3
unified,3
vessel,3
potential,3
majority,3
km,3
scholarship,3
exclusively,3
building,3
looking,3
countryside,2
compile,2
antler,2
humanism,2
characterized,2
situate,2
limits,2
humankind,2
hamoukar,2
fertile,2
concerned,2
created,2
commitment,2
career,2
engendered,2
environmental,2
alone,2
ultimate,2
linguistic,2
germany,2
forcing,2
integrity,2
shoulders,2
fate,2
ma,2
likely,2
uniquely,2
nikolai,2
country,2
flows,2
yeritsov,2
catacomb,2
earnest,2
aeschylus,2
armenians,2
policy,2
eastward,2
regime,2
arrived,2
po,2
princeton,2
diversity,2
amongst,2
salvage,2
shadow,2
nyuter,2
klinoobraznye,2
lower,2
being,2
dot,2
highlighted,2
expanding,2
cast,2
karen,2
kohl,2
stalinist,2
creation,2
entailed,2
contention,2
rapid,2
exhibition,2
terrain,2
advanced,2
burnishing,2
commentary,2
seems,2
experiments,2
tion,2
containing,2
comparatively,2
cimmerian,2
centralized,2
desire,2
analyses,2
rule,2
disappearance,2
bronzi,2
anskoe,2
link,2
avtoreferat,2
composition,2
court,2
debed,2
argue,2
nationalism,2
dokladakh,2
elm,2
remainder,2
metallurgii,2
principal,2
shiraka,2
similarities,2
kingdoms,2
documenting,2
kuvtura,2
dissemination,2
dr,2
hajji,2
philological,2
dotted,2
america,2
tenth,2
flatlands,2
march,2
gora,2
vol,2
aramus,2
compelling,2
karashamb,2
establishing,2
consciousness,2
datasets,2
drevnogo,2
meskheti,2
eneolithic,2
sent,2
uncertain,2
fluorescence,2
dokladov,2
izdatelstvo,2
framework,2
instituta,2
canyon,2
dispatched,2
eras,2
relationships,2
southwestern,2
inevitable,2
soldiers,2
initially,2
steeped,2
erable,2
agent,2
reproduced,2
teritorii,2
application,2
cf,2
privilege,2
merpert,2
z,2
nities,2
adam,2
va,2
flourishing,2
uni,2
burgeoning,2
urartskie,2
citadels,2
houses,2
inclusion,2
young,2
left,2
determinations,2
find,2
heavy,2
storage,2
explore,2
encyclopedia,2
influence,2
ripples,2
cites,2
convention,2
arkheologii,2
cobbles,2
higher,2
mechanisms,2
civilization,2
opposed,2
transhumance,2
mesolithic,2
profoundly,2
ka,2
prominence,2
links,2
growth,2
absent,2
superficial,2
proceedings,2
issledovaniyakh,2
organizing,2
influential,2
en,2
sizable,2
periodizatsiya,2
haftavan,2
senses,2
drevnej,2
adopted,2
humanity,2
contributions,2
envision,2
urartians,2
animals,2
tumult,2
aristocracy,2
empires,2
cemented,2
items,2
monumental,2
counterparts,2
literary,2
targeted,2
slowly,2
proved,2
director,2
numbers,2
dominate,2
displays,2
preoccupation,2
periodizations,2
archaeol,2
advancing,2
presumed,2
recovered,2
charismatic,2
powerful,2
follow,2
shed,2
exploitation,2
primordial,2
fortifikatsionnyye,2
decades,2
reflections,2
iconography,2
moving,2
advance,2
ga,2
drainage,2
location,2
encyclopedic,2
arkheologicheskikh,2
domains,2
demise,2
typical,2
peter,2
underneath,2
outcrops,2
demands,2
rooms,2
talin,2
ogy,2
muslim,2
embedded,2
eneolita,2
transcaucasia,2
skilled,2
versity,2
iiber,2
cannot,2
monograph,2
however,2
facilities,2
golden,2
expressions,2
silver,2
watershed,2
none,2
spheres,2
basis,2
future,2
shamil,2
already,2
looks,2
tool,2
striking,2
significantly,2
horse,2
advancement,2
blages,2
training,2
iparc,2
got,2
whole,2
year,2
overview,2
drevnyaya,2
policies,2
structures,2
reskopok,2
scholastic,2
tendency,2
buff,2
fieldwork,2
visions,2
interpreted,2
trends,2
markedly,2
undena,2
either,2
proletariat,2
contests,2
hard,2
below,2
chechen,2
next,2
hratarakchutyun,2
orient,2
crescent,2
mound,2
eighth,2
ninth,2
folk,2
hoyiik,2
widely,2
philip,2
brown,2
necessity,2
cattle,2
loci,2
caucase,2
phasis,2
value,2
aleksandropol,2
obshchestva,2
gordon,2
concomitant,2
flourished,2
portion,2
ical,2
investigating,2
gebr,2
plateau,2
commu,2
polished,2
action,2
indicative,2
urartaischer,2
resisted,2
bolshevik,2
martirosyan,2
return,2
brief,2
framing,2
voprosu,2
reorganization,2
outer,2
atop,2
logical,2
penguin,2
innovation,2
direction,2
hellenistic,2
pivotal,2
bronza,2
antiquarian,2
renaming,2
alongside,2
mission,2
fifth,2
ne,2
uvarov,2
salient,2
compiled,2
sociological,2
complete,2
formalized,2
friedrich,2
al,2
until,2
illustrated,2
kunstkamera,2
predominate,2
disciplinary,2
outskirts,2
spatially,2
enclaves,2
precariousness,2
scientifique,2
locating,2
pointed,2
available,2
experienced,2
conduct,2
sovereignty,2
memorialization,2
fact,2
longer,2
materialist,2
occupations,2
neuchatel,2
euphrates,2
layer,2
grave,2
tumultuous,2
forge,2
substantially,2
strabo,2
surrounding,2
ruler,2
genealogy,2
behind,2
conspicuously,2
paris,2
covered,2
road,2
developing,2
toponyms,2
occupied,2
unclear,2
karl,2
potentially,2
forth,2
deep,2
above,2
preparation,2
ing,2
argues,2
original,2
circassian,2
mythic,2
oil,2
slavophilia,2
coherent,2
apogee,2
farther,2
discovery,2
levine,2
systematics,2
kreposti,2
drevnosti,2
sixth,2
inexorably,2
sufficiently,2
identity,2
yale,2
findings,2
asian,2
expression,2
additions,2
harvard,2
continue,2
elar,2
raising,2
uruk,2
theories,2
archaeographic,2
epokha,2
armi,2
sev,2
discovered,2
authors,2
kavtaradze,2
endured,2
publication,2
language,2
mt,2
decorated,2
tended,2
times,2
divisions,2
allowed,2
started,2
spread,2
boulders,2
toramanyan,2
aparan,2
played,2
collected,2
conversation,2
ptolemy,2
segment,2
inscribed,2
herodotus,2
gevork,2
salt,2
recorded,2
become,2
dans,2
kavkazskii,2
interconnections,2
mean,2
rupture,2
distant,2
gitowtyownneri,2
gg,2
conquest,2
universita,2
need,2
haven,2
destruction,2
atlas,2
governor,2
quarter,2
cold,2
ranging,2
dealing,2
consists,2
assyrian,2
relationship,2
islamic,2
moses,2
trench,2
independent,2
armavira,2
ecological,2
patriotic,2
foreign,2
begin,2
kleiss,2
becomes,2
lost,2
army,2
directions,2
inequalities,2
render,2
millennia,2
markers,2
iconographic,2
rapidly,2
plains,2
dynamism,2
linking,2
volumes,2
strive,2
inspired,2
methods,2
fall,2
pipeline,2
chamber,2
spitsyn,2
gulag,2
roma,2
get,2
imperialism,2
face,2
consid,2
boris,2
efforts,2
dissertation,2
undertook,2
anthropomorphic,2
redemption,2
changing,2
poselenie,2
semiramis,2
forwarded,2
slope,2
thousand,2
les,2
physical,2
izdatel,2
koban,2
affirmative,2
investigated,2
know,2
ran,2
pioneering,2
mutually,2
rainfall,2
governance,2
historicism,2
languages,2
henry,2
descriptions,2
different,2
drevnaya,2
setting,2
seem,2
authorities,2
ubiquitous,2
down,2
constructions,2
rearing,2
domestic,2
vibrant,2
collectors,2
ar,2
written,2
precarious,2
liberal,2
arkitektura,2
krupnov,2
cities,2
pit,2
climate,2
utilized,2
metallurgical,2
distinguished,2
pushing,2
pri,2
believed,2
cosmopolitanism,2
according,2
succeeded,2
thoroughly,2
whether,2
list,2
making,2
mann,2
nearby,2
proven,2
firmly,2
leaving,2
ethnography,2
systematize,2
sheikh,2
deciduous,2
ochag,2
annual,2
u,2
observations,2
emphasis,2
engineer,2
conference,2
whence,2
tsnori,2
reported,2
variability,2
went,2
territory,2
forests,2
chartarapetutyan,2
ranks,2
quartered,2
voyage,2
coming,2
varied,2
sparked,2
gruzii,2
civilizational,2
technological,2
promoted,2
layers,2
moderate,2
keti,2
locations,2
reveals,2
notes,2
initiated,2
web,2
jacques,2
write,2
aristocratic,2
sredney,2
indications,2
slavs,2
approximately,2
instead,2
include,2
typically,2
land,2
centrality,2
earthen,2
giulio,2
stanford,2
salience,2
extremely,2
increased,2
campaign,2
nomadism,2
devoted,2
ries,2
specific,2
supported,2
imaginations,2
evolutionism,2
rest,2
materialism,2
fol,2
deployment,2
marxist,2
hills,2
sherds,2
alishan,2
spectral,2
valley,2
entire,2
develop,2
decoration,2
permanent,2
zones,2
should,2
assem,2
termed,2
fur,2
arizona,2
bce,2
heterogeneous,2
admirably,1
berliner,1
doliny,1
consolidating,1
syncopated,1
geodezii,1
superiority,1
ending,1
margins,1
judge,1
now,1
battlefield,1
nikidim,1
fined,1
explosion,1
possessed,1
sardaryan,1
burnish,1
madeleine,1
faculties,1
tsartsvo,1
ville,1
deny,1
lation,1
itigam,1
calibrated,1
projected,1
zelenin,1
imagining,1
izyumskom,1
drafts,1
novie,1
berzhe,1
aridization,1
particulars,1
complexities,1
klinoobraznykh,1
corruption,1
eternal,1
vostochnoy,1
scholar,1
forschung,1
arches,1
garedzhi,1
grappled,1
historiques,1
separated,1
kiil,1
locale,1
culminated,1
market,1
administered,1
pogrebeniya,1
extend,1
khorshi,1
episodes,1
donations,1
istochniki,1
revolutionary,1
dmitry,1
intriguing,1
keramika,1
dissolution,1
predator,1
histor,1
extends,1
succinct,1
philadelphia,1
originate,1
pushed,1
defenses,1
persia,1
passing,1
factionalized,1
articulating,1
group,1
told,1
needed,1
hot,1
raionakh,1
troduced,1
languished,1
studiously,1
regulatory,1
lazare,1
steenhouwer,1
illegal,1
oflchashen,1
dneiper,1
agency,1
effective,1
elaborated,1
disappeared,1
dzheytun,1
trialetskoy,1
anchor,1
son,1
arrowheads,1
ev,1
catastrophe,1
formed,1
renamed,1
handles,1
schools,1
dart,1
true,1
sets,1
summaries,1
rounded,1
paleoantropologiya,1
ankara,1
brotherhoods,1
situation,1
creasing,1
pressing,1
protagoras,1
drawings,1
contend,1
lacking,1
easily,1
urartskikh,1
antioch,1
yerevani,1
osnovni,1
ibh,1
favor,1
kurgannoy,1
ore,1
sweeter,1
spirit,1
grasslands,1
greece,1
kasakh,1
simpoziuma,1
perestroika,1
yayla,1
geometric,1
ameliorated,1
ian,1
classify,1
transhumant,1
significato,1
em,1
total,1
izucheniya,1
cornell,1
triangulation,1
fragile,1
noah,1
detailing,1
domes,1
unite,1
somewhere,1
lowlands,1
savior,1
piatakov,1
edu,1
relativism,1
terized,1
araksa,1
prac,1
pecos,1
institutes,1
mughan,1
dipping,1
sweeping,1
altesten,1
bianskaya,1
par,1
highlight,1
predominantly,1
diffusion,1
gesting,1
uprising,1
vicino,1
transitions,1
wrong,1
memorials,1
extraction,1
expands,1
venice,1
topographic,1
cist,1
subduing,1
disagreement,1
belinda,1
unifies,1
smelting,1
exclusive,1
ministerstva,1
xnkikyan,1
irakli,1
contingent,1
asl,1
originally,1
likewise,1
separatist,1
learned,1
processes,1
restoration,1
historians,1
feeling,1
tsars,1
spencer,1
season,1
conflict,1
encouraged,1
sub,1
stadiyakh,1
script,1
sasson,1
identified,1
worked,1
undeniably,1
beautiful,1
tolerated,1
hittite,1
ourselves,1
analogies,1
fewer,1
rims,1
hatched,1
altering,1
parties,1
dramatically,1
zeitschrift,1
regrettable,1
delineation,1
immense,1
kerak,1
zhurnal,1
could,1
scientists,1
excavating,1
packed,1
secondary,1
samakhebshi,1
bronzovoy,1
together,1
accompanied,1
lowed,1
microlith,1
sein,1
battery,1
tinctly,1
predated,1
farmers,1
plagued,1
imported,1
cloak,1
peopling,1
wave,1
pressed,1
exotic,1
indifferent,1
producing,1
tandem,1
assembled,1
carts,1
arises,1
sectors,1
necklace,1
geopolitical,1
inherent,1
quotidian,1
sometime,1
conservative,1
closer,1
scheme,1
mississippi,1
rannyaya,1
jargatsuma,1
darkvetskiy,1
antiquarianism,1
religion,1
bunnens,1
kondakov,1
friend,1
take,1
exile,1
debt,1
histo,1
coalescence,1
traumas,1
developmental,1
ogist,1
propaganda,1
aristocrats,1
color,1
particularism,1
strength,1
rafael,1
grecophilia,1
tartary,1
mind,1
glory,1
aragatsa,1
literaturi,1
emphasized,1
greatly,1
fait,1
influences,1
concepts,1
raised,1
richmond,1
regularized,1
federated,1
california,1
nal,1
decreased,1
discipline,1
reading,1
committed,1
governors,1
revise,1
bundling,1
wolfram,1
inguri,1
romanticism,1
arkeologicheskiye,1
racial,1
coniferous,1
insti,1
tragedy,1
georgievsk,1
explosive,1
triggered,1
posts,1
system,1
trasformazioni,1
armyanskaya,1
postanovke,1
issue,1
unbind,1
side,1
indelible,1
expedition,1
nar,1
synchronic,1
governmental,1
corresponded,1
existence,1
suspect,1
sophisticated,1
resulted,1
ark,1
modernist,1
volcan,1
riverine,1
principality,1
concurrently,1
avchalis,1
periodiza,1
assertions,1
pulled,1
formulation,1
bird,1
teleological,1
berikldeebi,1
tyranny,1
immerse,1
uplands,1
histoire,1
epochal,1
arrive,1
bones,1
bases,1
pub,1
mass,1
iv,1
incorporate,1
dashti,1
draw,1
generates,1
originates,1
tucker,1
representations,1
changed,1
imestigations,1
razvedki,1
regulating,1
design,1
controverted,1
struggling,1
cauldron,1
routinization,1
ornamentation,1
intel,1
occupying,1
prior,1
methodologies,1
accorded,1
mogulnika,1
den,1
securely,1
intelligentsia,1
yanik,1
paucity,1
autochthnous,1
drive,1
realignment,1
mm,1
samtavros,1
conspired,1
artikskii,1
stelae,1
diakonoff,1
rezultaty,1
tentative,1
cliche,1
topographers,1
vital,1
voskeaska,1
crossed,1
rid,1
noubar,1
stepan,1
mastery,1
suny,1
stratigraphy,1
aram,1
babken,1
toponimika,1
desired,1
except,1
x,1
biblical,1
ideologically,1
asserting,1
quantity,1
cited,1
suspicion,1
dynamic,1
vocation,1
tsentravnoi,1
dilijan,1
pervoe,1
interior,1
fragmented,1
enter,1
himself,1
ethnopolitical,1
drevnie,1
transcaucasie,1
melting,1
lights,1
hephaestus,1
bloom,1
technically,1
keramik,1
localized,1
arkheologicheskago,1
bolsheviks,1
interestingly,1
hudson,1
imperatorskago,1
moll,1
kikodze,1
implements,1
etched,1
agstef,1
glavnoe,1
conscription,1
preoccupied,1
della,1
akhundov,1
unfathomable,1
typological,1
domesticated,1
comments,1
timber,1
halted,1
issledovannii,1
epochs,1
frustratingly,1
philhellenism,1
ruolo,1
dagger,1
famously,1
neighbours,1
legitimacy,1
bition,1
atniki,1
dynamics,1
goda,1
attest,1
vostochnoslavyanskaya,1
lombard,1
farrar,1
kurumu,1
purges,1
faced,1
arrested,1
due,1
satevrebi,1
realized,1
september,1
jugs,1
implicating,1
piatidesiatilietie,1
savages,1
bridging,1
untersuchungen,1
cau,1
expeditions,1
stands,1
kulturu,1
contributors,1
edifice,1
weaving,1
brother,1
alienation,1
ern,1
attested,1
millennio,1
archeopress,1
heightened,1
participating,1
alist,1
tucson,1
jr,1
drevneyshey,1
nurtured,1
realization,1
dubbed,1
media,1
olympus,1
rooted,1
nauch,1
steadfastly,1
extensively,1
admitted,1
cauvin,1
comprised,1
mtskheta,1
forced,1
exhausted,1
exercise,1
funds,1
dis,1
guided,1
forestalls,1
altogether,1
defense,1
manufactured,1
subordinated,1
pretensions,1
old,1
destroyed,1
objets,1
lipped,1
climatically,1
sovietization,1
canal,1
document,1
refer,1
density,1
sized,1
convincing,1
profound,1
spanned,1
defensive,1
ear,1
speed,1
response,1
apsheron,1
attainments,1
completing,1
peghumnere,1
liverani,1
otchetke,1
radio,1
fatherland,1
outweigh,1
suitable,1
tsiklopichesckii,1
egypt,1
twice,1
engineering,1
pressures,1
compare,1
died,1
constant,1
devastation,1
olympians,1
y,1
men,1
geological,1
drawn,1
archaeologist,1
chechnia,1
chalcolithique,1
percentage,1
hoes,1
stimulating,1
instruments,1
look,1
root,1
plot,1
petrine,1
akademiayi,1
details,1
chernykh,1
border,1
cognac,1
pennsylvania,1
kidder,1
traduit,1
simplistic,1
shuttered,1
leadership,1
occasion,1
pronounced,1
marx,1
triumphs,1
achaemenid,1
tipologicheskii,1
munchaev,1
acknowledge,1
ethnologic,1
competitive,1
jerusalem,1
ment,1
necropole,1
commanders,1
mshakuyte,1
grasp,1
mechanism,1
overlap,1
khronologiya,1
publie,1
informative,1
gidrometeoizdat,1
distribution,1
kalantaryan,1
unlikely,1
drained,1
abiding,1
industrialism,1
volga,1
excavate,1
conquerors,1
simultaneously,1
go,1
ernist,1
trappings,1
adventurism,1
added,1
essential,1
reflects,1
kaukasus,1
figes,1
constellations,1
identification,1
dechakroutiun,1
circular,1
ox,1
programmatic,1
gripped,1
devastating,1
principally,1
forded,1
encompassed,1
kratkie,1
abkhazia,1
archeaologische,1
fusion,1
hnagitutyan,1
protections,1
heterogeous,1
bergman,1
ratives,1
tsikhagora,1
swept,1
longest,1
herself,1
capture,1
concerted,1
subsistence,1
precluded,1
resultati,1
didactic,1
avetisyan,1
environments,1
archaeolog,1
graberund,1
alikemek,1
template,1
opportunity,1
dealt,1
fever,1
mortar,1
neighborhood,1
treligorebi,1
polychrome,1
scotfe,1
slipped,1
unarmed,1
zhizni,1
keep,1
captives,1
ex,1
legendary,1
importance,1
grew,1
se,1
connec,1
supersede,1
travels,1
mus,1
anlagen,1
ongoing,1
russkago,1
delay,1
udabno,1
bedeni,1
kholmakh,1
salvation,1
special,1
grazhdanstvennosf,1
barrow,1
stranitsy,1
kartli,1
riding,1
salutary,1
lay,1
ludwig,1
discoveries,1
subjugated,1
migratory,1
dismiss,1
consequences,1
front,1
boas,1
coincidental,1
moves,1
dispersal,1
impermeability,1
festungen,1
pernicious,1
tower,1
perceptions,1
kompleksy,1
tempus,1
tinued,1
drevnij,1
tsar,1
genocide,1
praise,1
maeotian,1
azerbaidzhan,1
tensions,1
analiz,1
straddle,1
foothills,1
signed,1
ventions,1
tripolye,1
hellenized,1
proche,1
moonscape,1
tezisy,1
pales,1
appellations,1
image,1
architec,1
metsniereba,1
peasant,1
thropological,1
arkhe,1
anchoring,1
antik,1
diffusing,1
proposed,1
fortifications,1
days,1
reconstructions,1
elevated,1
drevneyshikh,1
placed,1
ingulets,1
reconstituted,1
mary,1
ses,1
weak,1
kul,1
ceded,1
moyen,1
calendar,1
too,1
kolkhidy,1
presumptions,1
khatchadourian,1
azerbaijani,1
checkerboard,1
orientation,1
educational,1
conqueror,1
jars,1
sreney,1
linguistics,1
mayreni,1
resource,1
kavkazskaya,1
additional,1
ugly,1
drevniy,1
breached,1
urartaisher,1
scribner,1
reductive,1
defeat,1
defines,1
rannykh,1
tatar,1
peninsula,1
undertaken,1
labels,1
comprising,1
consequence,1
journalistic,1
feudal,1
putting,1
hovannisian,1
azerbaidzhane,1
khanzadian,1
terminology,1
reinvigorate,1
hrvestigations,1
wattle,1
pology,1
strained,1
victorian,1
plenum,1
pierre,1
plight,1
shifted,1
labour,1
sovete,1
helped,1
nationality,1
herbst,1
testify,1
makhvilebi,1
drawing,1
advocated,1
varies,1
piotro,1
dc,1
franz,1
alan,1
graduates,1
bureaucracy,1
disturbingly,1
radial,1
countervailing,1
fierce,1
demonstrative,1
tween,1
raw,1
yielding,1
geographies,1
gregory,1
sanat,1
ostentatious,1
gowda,1
whom,1
identifying,1
alpine,1
regimes,1
tra,1
adoption,1
russification,1
pamiatnikakh,1
portable,1
formulations,1
patmutyan,1
public,1
difficulty,1
zakavkaziya,1
faunal,1
search,1
called,1
bricks,1
explanatory,1
zhores,1
pacha,1
attack,1
mapping,1
amsterdam,1
exposures,1
sociologically,1
wilderness,1
foreground,1
cylinder,1
lived,1
conventionally,1
economics,1
deal,1
scenes,1
intellectuals,1
betwixt,1
informal,1
strukturu,1
rudolf,1
agendas,1
dispute,1
noting,1
taurus,1
emerge,1
syrian,1
persist,1
radiometric,1
muzeya,1
fo,1
arkeoloji,1
paluri,1
struggles,1
equivalents,1
base,1
compromised,1
stimuli,1
respects,1
markets,1
lent,1
punishment,1
pastoralist,1
academic,1
contest,1
nairiskom,1
materiality,1
handbook,1
cups,1
ethnog,1
ann,1
accomplishments,1
naqshbandi,1
expeditsiya,1
unworked,1
areshian,1
nobles,1
leuven,1
bureaucratic,1
stock,1
corresponds,1
flagship,1
metalworking,1
forestalling,1
keywords,1
mansur,1
dynasty,1
winckelmann,1
treat,1
tools,1
earthquake,1
viewed,1
catalogs,1
vostok,1
intensity,1
promise,1
wherein,1
analogous,1
depe,1
cliched,1
singularly,1
exhaustion,1
sieur,1
outside,1
udzveles,1
povodu,1
talina,1
mud,1
produce,1
amassed,1
reichert,1
refuge,1
saving,1
explain,1
volker,1
required,1
srednego,1
doctor,1
heavily,1
gubernii,1
gods,1
yoffee,1
highest,1
possibility,1
nauky,1
impression,1
briefly,1
technical,1
warriors,1
aspiration,1
gained,1
tempt,1
having,1
participation,1
sphere,1
carte,1
nadpisi,1
grdberfeld,1
learn,1
charred,1
accounting,1
hrazdan,1
seminal,1
murderous,1
zemledeliya,1
gains,1
counterweight,1
overlying,1
ening,1
zoomorphic,1
intense,1
scope,1
nederlands,1
skeletons,1
depth,1
imports,1
cus,1
sug,1
contextualized,1
disputed,1
surrounded,1
del,1
locus,1
francophilia,1
claim,1
imagined,1
reader,1
descendant,1
archway,1
session,1
characterization,1
mdccxiv,1
uncover,1
gitutyunneri,1
nadpisej,1
example,1
civil,1
nella,1
deceased,1
proportions,1
partitioned,1
prey,1
reduction,1
clearer,1
indigenous,1
patterning,1
revealed,1
positions,1
posvyashchennoy,1
wittfogel,1
couch,1
childe,1
surrounds,1
precipitated,1
gave,1
consistently,1
signify,1
positing,1
epokh,1
travel,1
expansive,1
constitute,1
problemy,1
records,1
blade,1
grain,1
concentrate,1
actually,1
tumulus,1
cluster,1
vostochnoe,1
boom,1
rallying,1
overgrazing,1
route,1
belknap,1
jahre,1
bar,1
outposts,1
rhythms,1
verhandlungen,1
emma,1
personal,1
justification,1
member,1
millenium,1
overviews,1
elegant,1
rise,1
newspaper,1
vista,1
employed,1
il,1
historiographic,1
aruch,1
manage,1
sun,1
artika,1
madic,1
mir,1
shcheglov,1
sions,1
conform,1
universally,1
defeated,1
genealogical,1
attributed,1
graduate,1
weeks,1
count,1
vanadzor,1
errors,1
khirbet,1
misplaced,1
nakhichevanskoy,1
foci,1
terest,1
planaufhahmen,1
drevnei,1
precipitation,1
adjaria,1
uncivilized,1
halaf,1
creating,1
monolithic,1
transplanted,1
ordre,1
ruinous,1
correct,1
azerbay,1
cataloguing,1
useful,1
diminish,1
ego,1
kaftarlu,1
aroused,1
buildings,1
shaping,1
revolution,1
precious,1
microfilms,1
dva,1
relating,1
framed,1
ansichten,1
politically,1
warrant,1
homogenous,1
le,1
zangezur,1
medievale,1
roadblocks,1
emphasizes,1
squarely,1
reaches,1
orographic,1
functionalism,1
routes,1
augustan,1
involved,1
patiently,1
gosu,1
encompasses,1
rearguard,1
broxup,1
dourartskogo,1
autonomy,1
pozdnebronzovoy,1
voutil,1
consensus,1
accomplished,1
seveeral,1
infinite,1
bridge,1
obshchesvennikh,1
unalloyed,1
irrigate,1
kirgi,1
karmirberdskaya,1
dramatic,1
breathes,1
arkheologicheskogo,1
tarih,1
essentially,1
modernes,1
ancestral,1
portions,1
yuzhnogo,1
rosso,1
redefinition,1
potent,1
methodological,1
treasures,1
peters,1
egypte,1
stalwart,1
acceding,1
former,1
sabchota,1
articulation,1
vasily,1
implementation,1
unforgettable,1
meditations,1
basse,1
productivity,1
reverberated,1
gravitated,1
credentials,1
ornamented,1
wedding,1
reflected,1
diminished,1
hermann,1
tauric,1
searches,1
rivers,1
displaced,1
finds,1
akademicheskaya,1
etnicheskaya,1
markovin,1
mutter,1
valuable,1
lectuals,1
activities,1
srednyaya,1
bolstered,1
championed,1
seemed,1
wax,1
aziya,1
gruzia,1
sovietskaya,1
comm,1
survived,1
inspection,1
sistence,1
degli,1
nekotorye,1
marvelous,1
cartographically,1
threatened,1
embarked,1
urartskii,1
llc,1
defended,1
bedrock,1
lenin,1
collect,1
gustav,1
collaborations,1
territorii,1
referent,1
noteworthy,1
genesis,1
sotsialnoy,1
proxy,1
evgeni,1
excludes,1
demographically,1
minor,1
tread,1
incredible,1
waif,1
disciplining,1
badgeratsoyts,1
rivalries,1
rested,1
tively,1
dispositions,1
recuperation,1
cimmerians,1
gabriel,1
buttress,1
anuchin,1
correlating,1
confederacies,1
grand,1
short,1
wrote,1
dialogs,1
shchenia,1
drama,1
zaal,1
sous,1
shackled,1
openings,1
satkhe,1
play,1
deren,1
interiors,1
horrors,1
unstable,1
neolit,1
unsystematic,1
brings,1
prevailing,1
egyptian,1
object,1
etc,1
oppressed,1
prove,1
elusive,1
monochrome,1
crm,1
haute,1
sedation,1
architektura,1
ussm,1
slower,1
presently,1
expanded,1
predomi,1
folded,1
interactions,1
landed,1
accumulations,1
commissioned,1
vsesoyuznogo,1
marilyn,1
curtain,1
standing,1
overtly,1
pamyatnikakh,1
geneous,1
mycenean,1
tys,1
interesting,1
leila,1
za,1
unfamiliar,1
bogucki,1
surveyed,1
naves,1
ography,1
niques,1
positive,1
sion,1
texte,1
needles,1
arkheologicheskaya,1
mammal,1
pemzashen,1
sponsorship,1
continuation,1
flux,1
chr,1
denunciation,1
ologiya,1
jahrtausends,1
asiatic,1
ticulation,1
outlining,1
kingston,1
ery,1
opportunities,1
marshes,1
makes,1
thames,1
patronized,1
acknowledgments,1
serve,1
customs,1
hegemonic,1
professionalized,1
evil,1
dangerously,1
sulle,1
borrowed,1
russkaya,1
burg,1
frameworks,1
formally,1
horned,1
turk,1
yuverlirnoye,1
circumferential,1
temperate,1
commitments,1
perceived,1
subsuming,1
aleksandr,1
victories,1
commoner,1
home,1
teishabaini,1
falls,1
intelligible,1
araratskoy,1
publishing,1
memoires,1
abandon,1
teaching,1
purity,1
somewhat,1
ashkharbeck,1
ethnographic,1
baltimore,1
ed,1
assyrians,1
leak,1
periodizatziya,1
iranian,1
orientale,1
ornamental,1
poseleniye,1
ornamen,1
reliance,1
begins,1
naseleniya,1
accomplishment,1
visualize,1
lingering,1
assimilated,1
traverses,1
stalin,1
twin,1
revenge,1
snow,1
superstructural,1
urartskogo,1
avoided,1
fairly,1
picture,1
sketch,1
volume,1
industrie,1
etudes,1
catalog,1
diverged,1
transformative,1
shida,1
disappearing,1
tournefort,1
members,1
resolution,1
vesting,1
materialamperioda,1
lewis,1
rannezemledelcheskoye,1
critiques,1
museums,1
successfully,1
drevney,1
precocious,1
westward,1
paul,1
heritage,1
attacks,1
challenge,1
sometimes,1
journey,1
anchored,1
figure,1
nationalists,1
imirzek,1
verge,1
again,1
others,1
etmoyen,1
anthropologiques,1
hearths,1
lazar,1
towns,1
keramiki,1
misfortunes,1
russkiya,1
rock,1
homo,1
kharatyan,1
rennezemledelcheskikoy,1
reappearance,1
pamy,1
dissertations,1
herbert,1
lacked,1
generational,1
yayinleri,1
averages,1
lengthy,1
nationhood,1
shows,1
curiosities,1
avec,1
queen,1
revitalized,1
idea,1
consideration,1
marvels,1
praeger,1
reducible,1
storing,1
blur,1
scholastics,1
stimulus,1
schatzfunde,1
xii,1
herder,1
precise,1
remit,1
issledovaniy,1
badaljan,1
alazanskoy,1
mountainous,1
nagar,1
lindsay,1
essence,1
toprakkale,1
regulation,1
disturbed,1
predominated,1
arkheologicheskiye,1
teachers,1
pergamon,1
suppressed,1
anthro,1
practical,1
srednej,1
karapet,1
penned,1
accounted,1
kontse,1
envisioning,1
farming,1
gray,1
pastoralism,1
forsaking,1
torosyan,1
resonant,1
personality,1
shoulder,1
artaxiad,1
everything,1
shomu,1
sovetakan,1
formulating,1
teisheba,1
drevnego,1
resolved,1
diameter,1
foster,1
patchwork,1
imperfect,1
man,1
hinges,1
reflect,1
sociologies,1
utilize,1
serious,1
gothic,1
external,1
simple,1
documents,1
suc,1
thompson,1
disproportionate,1
ranyezemledelcheskaya,1
fits,1
hand,1
conjecture,1
wild,1
drove,1
convivial,1
narod,1
tales,1
kulturleri,1
chain,1
posit,1
neolithique,1
shown,1
gorges,1
innovative,1
square,1
castles,1
unit,1
incubator,1
continuing,1
existing,1
kloristika,1
timing,1
apprehending,1
voznikhovenii,1
non,1
orthodoxy,1
arrays,1
geographer,1
iskusstva,1
rasprostranenie,1
roman,1
unveiled,1
spoke,1
origin,1
headwaters,1
controversy,1
araratyan,1
rich,1
incursions,1
louvain,1
chronologically,1
belief,1
metropolitan,1
lowland,1
ou,1
alaverdi,1
flint,1
ignoring,1
podovshvy,1
ararata,1
coined,1
explicitly,1
metalloproizvodstva,1
linked,1
day,1
ecology,1
tory,1
equal,1
chemical,1
palestine,1
sisteme,1
bulletin,1
equally,1
organize,1
archeologiques,1
demonstrated,1
von,1
phic,1
das,1
virtually,1
gesellschaft,1
zadachakh,1
straus,1
emanating,1
classes,1
orbelli,1
nanra,1
amrots,1
kulturniy,1
situated,1
massive,1
compendia,1
vremeni,1
qvirila,1
rulers,1
spective,1
indiana,1
invested,1
treated,1
subjectivity,1
surfaces,1
accompanying,1
trial,1
values,1
situating,1
akstaf,1
neatly,1
istituto,1
israel,1
aggregated,1
doorstep,1
deftly,1
excavators,1
distinctly,1
ethnology,1
owe,1
predominates,1
kartografii,1
iconically,1
ceptually,1
chaeology,1
manifestations,1
ucla,1
illumination,1
canals,1
recover,1
amuq,1
medium,1
louis,1
nile,1
europeans,1
komissii,1
materialnoi,1
varying,1
empirical,1
reified,1
ministrov,1
food,1
hin,1
masterful,1
unfortunately,1
vostochnaia,1
progenitors,1
emphasize,1
dress,1
factor,1
basins,1
reconstructon,1
aesthetics,1
inherently,1
reconstructing,1
novyy,1
tezesiy,1
bemerkungen,1
domination,1
extraordinarily,1
oyts,1
trend,1
logics,1
etnografiya,1
rare,1
arabic,1
discontinuity,1
vladimir,1
nothing,1
crimea,1
examination,1
drevneishaya,1
check,1
prevail,1
full,1
sees,1
veenhof,1
traders,1
istoriia,1
thrived,1
reinforcing,1
eleventh,1
observed,1
necessitated,1
imiris,1
finally,1
versions,1
exceedingly,1
cultura,1
negotiating,1
yestestvennye,1
knew,1
compositions,1
mogilnika,1
crises,1
tis,1
compressed,1
originated,1
modem,1
emphasizing,1
comprehensive,1
idiosyncratic,1
tainous,1
anniversary,1
oromskogo,1
maintenance,1
kuvturi,1
interpret,1
co,1
workers,1
august,1
logicheskie,1
sufi,1
epigraphers,1
cartographers,1
individual,1
gate,1
pride,1
ri,1
drevneishei,1
reviewers,1
perverse,1
stretched,1
geographically,1
armeniya,1
stratigra,1
pavel,1
strange,1
uezde,1
remark,1
attribution,1
kostenki,1
depiction,1
potemkin,1
ge,1
mines,1
serves,1
barbarian,1
noy,1
mta,1
poselenija,1
contributed,1
kuftura,1
upravlenie,1
practiced,1
proximity,1
phy,1
epoch,1
dell,1
keeper,1
boast,1
standard,1
tiflis,1
martin,1
claudius,1
suaded,1
latter,1
dispersed,1
accords,1
imagination,1
repeated,1
spent,1
ture,1
tombes,1
hatching,1
margin,1
ridge,1
communist,1
graves,1
nra,1
speculative,1
random,1
took,1
comunita,1
successor,1
systems,1
trying,1
qualities,1
sceglov,1
geographique,1
viewpoint,1
loeb,1
ornaments,1
interpretations,1
spektalny,1
squier,1
stand,1
contact,1
pro,1
exactly,1
prede,1
sentiments,1
detente,1
vocabulary,1
ghevond,1
percent,1
seeking,1
ethnographically,1
foot,1
sioni,1
anthony,1
dl,1
slightly,1
divides,1
locales,1
tsivilizatsiya,1
attracted,1
gosudarstvennoi,1
bestowed,1
manners,1
figures,1
uninterrupted,1
statuettes,1
amateur,1
kaukasien,1
professional,1
district,1
leroux,1
tenuous,1
creativity,1
delimited,1
assr,1
wettest,1
ingredients,1
specialty,1
footprint,1
secret,1
corridor,1
division,1
species,1
superstition,1
svyatoj,1
fostered,1
terri,1
overlapping,1
references,1
issledovaniya,1
culmination,1
tilki,1
palette,1
carried,1
titular,1
considerably,1
departs,1
ivi,1
seasons,1
yields,1
erevanskogo,1
extractive,1
aspirations,1
suggestion,1
zacharyants,1
triangles,1
christian,1
groupings,1
signs,1
iranica,1
aid,1
me,1
shengavitskogo,1
stratified,1
delimiting,1
shel,1
pervoprestofnyj,1
musei,1
stringently,1
ashtarakskom,1
wisdom,1
darstvennogo,1
waves,1
maureen,1
parnigegh,1
remotest,1
segments,1
assert,1
broadened,1
stream,1
recreate,1
five,1
metallurgicheskikh,1
izuchenie,1
investi,1
vision,1
pamyatniki,1
impressive,1
pearance,1
maps,1
tutions,1
tech,1
civilta,1
select,1
ascribing,1
inside,1
archetypical,1
vertical,1
florescence,1
insufficient,1
widespread,1
moei,1
provintsiy,1
slow,1
disagreements,1
referred,1
exceptional,1
dimensions,1
cowles,1
ea,1
implicate,1
translation,1
team,1
seventeenth,1
kroll,1
force,1
philosophy,1
emulations,1
sameness,1
nj,1
plashchev,1
hamstrung,1
oddly,1
compositional,1
zare,1
hinterlands,1
intensive,1
anxious,1
countries,1
burgen,1
frames,1
consolidation,1
displaying,1
archeologie,1
variably,1
arts,1
iskussfto,1
hope,1
mementos,1
surprising,1
lion,1
neufunde,1
education,1
supporting,1
aqueduct,1
fields,1
faintly,1
tial,1
grounded,1
paleofauna,1
unusual,1
mounds,1
problematic,1
turkmenchai,1
occupies,1
reassigned,1
coincident,1
dannie,1
drevneyshego,1
definitive,1
door,1
micenei,1
austria,1
shulaveris,1
warrants,1
historique,1
environment,1
seine,1
formalization,1
abandonment,1
sobshchestva,1
contained,1
cational,1
eschewed,1
ivtys,1
metallurgy,1
rarely,1
khore,1
monument,1
thinking,1
khatunarkh,1
tysyacheletiyax,1
historian,1
senior,1
selskogo,1
elaborate,1
rosier,1
arrest,1
sooruyzheniya,1
version,1
homogeneity,1
preclude,1
mitchell,1
cataloging,1
ve,1
conflate,1
amiranis,1
arsenical,1
oshakane,1
ever,1
da,1
conceptualize,1
detect,1
substrate,1
distills,1
giumri,1
heaped,1
detail,1
nated,1
recognizable,1
decreed,1
disguise,1
armianovedeniia,1
corrections,1
arkheo,1
temple,1
doi,1
funding,1
athena,1
rocky,1
mnogosloynyy,1
alternative,1
epimetheus,1
transmittal,1
colonialism,1
soob,1
starr,1
kratkiye,1
smithsonian,1
nagoria,1
echoes,1
erected,1
godedzor,1
berkeley,1
paolo,1
dimension,1
purloined,1
yervandid,1
familiar,1
hayastanum,1
khronologii,1
disap,1
manifesto,1
qilingiroglu,1
fault,1
readily,1
bukharin,1
tolstoi,1
grow,1
sheep,1
anthropo,1
stalinism,1
specialized,1
worth,1
december,1
architektur,1
shresh,1
wars,1
cogently,1
naturalize,1
marginalization,1
forthright,1
best,1
microcosms,1
tropes,1
hero,1
slavery,1
vanskoe,1
brick,1
anthropol,1
southernmost,1
wall,1
classed,1
presence,1
regard,1
strewn,1
allied,1
post,1
filimonov,1
happened,1
losses,1
samare,1
grey,1
prefigures,1
mongolia,1
speculation,1
mcdonald,1
gidrografiya,1
twelfth,1
cultivation,1
waged,1
respublike,1
examining,1
pomp,1
bottoms,1
alikmek,1
passage,1
ara,1
works,1
living,1
edge,1
extrapo,1
mesopotamian,1
segmented,1
driest,1
charged,1
dolini,1
animal,1
mozan,1
kerch,1
defend,1
spoons,1
angeghakot,1
warnings,1
suffering,1
khoziaistva,1
delineated,1
reaffirmation,1
catastrophic,1
squares,1
carefully,1
lands,1
seals,1
combined,1
grigolia,1
implicit,1
soundings,1
stability,1
qriqinal,1
typologies,1
expres,1
orientalizing,1
yielded,1
ubaid,1
binjaos,1
cause,1
dambaranadashter,1
sociology,1
arkheologiya,1
razvitii,1
aramusa,1
metaphor,1
fictitious,1
austrian,1
zagros,1
hoped,1
indicates,1
genezis,1
artifactual,1
contrasting,1
cult,1
hamalsaranumi,1
pashennogo,1
ceased,1
kurgany,1
adaptation,1
kholma,1
reinforc,1
hegemony,1
insightful,1
her,1
daggers,1
foundations,1
attaining,1
perialism,1
mentioned,1
engagements,1
damp,1
colonists,1
mitteilun,1
vorhistorische,1
studying,1
divide,1
stages,1
culled,1
krasnoiarsk,1
migrations,1
delle,1
emblematic,1
cinctly,1
die,1
phenomena,1
charkovsky,1
transgression,1
hoyuk,1
federative,1
imperialist,1
contain,1
freedom,1
topographical,1
temps,1
des,1
ington,1
posi,1
ivan,1
resurrecting,1
triumphal,1
eve,1
wandering,1
marking,1
rioni,1
izucheniyu,1
gargantuan,1
outline,1
craftsmanship,1
recognizing,1
possehl,1
preserved,1
potters,1
private,1
mod,1
attachments,1
archipelago,1
piemen,1
introduced,1
orlando,1
adolf,1
tekhut,1
confirm,1
participant,1
martkopi,1
sounding,1
easy,1
convinced,1
kury,1
giving,1
predecessors,1
turns,1
whatever,1
thin,1
lies,1
returning,1
perspective,1
regulated,1
controls,1
rigid,1
duction,1
civilizing,1
measure,1
extended,1
zoomor,1
meitellungen,1
jour,1
dagestan,1
anania,1
contribute,1
srednei,1
evgenii,1
manufacturing,1
copper,1
treasury,1
appointed,1
colonial,1
families,1
phenomenon,1
coins,1
mention,1
nekropol,1
ized,1
colloquium,1
itogi,1
gain,1
characterize,1
zimansky,1
qazbegi,1
iconoclastic,1
terminal,1
tions,1
turkish,1
courtyards,1
contrasts,1
williams,1
liest,1
flowing,1
outpost,1
false,1
drevhejshaya,1
rain,1
archaologische,1
canvas,1
spring,1
roots,1
survival,1
recording,1
rubbed,1
differentiation,1
lists,1
piliposian,1
orienting,1
narodnogo,1
average,1
resist,1
autochthonous,1
intensified,1
similarity,1
quest,1
kingdom,1
prognostic,1
markably,1
protohistoric,1
herds,1
opens,1
frame,1
party,1
zemo,1
mode,1
konets,1
completed,1
veselovsky,1
crisis,1
dangerous,1
schortman,1
sacrifices,1
lausanne,1
malaya,1
imperium,1
lande,1
presumes,1
cnr,1
delineate,1
usa,1
nashei,1
depart,1
kommissariat,1
constriction,1
guiding,1
product,1
gen,1
smaller,1
enigmatic,1
subrectangular,1
altintepe,1
states,1
dogma,1
thomson,1
aristotelian,1
integration,1
colchis,1
affirmation,1
conquered,1
countrymen,1
serendipitous,1
khanates,1
prosperity,1
colleagues,1
attempted,1
beachhead,1
evropy,1
armyanskogo,1
haphazard,1
moun,1
oversaw,1
khachatrian,1
ignorance,1
walking,1
association,1
impacted,1
stark,1
effec,1
aslanyan,1
conquests,1
reorganized,1
surge,1
enclosed,1
anonymous,1
comparison,1
needs,1
mobilized,1
vi,1
rapidity,1
charac,1
mounting,1
privileging,1
armyan,1
vostochnogozakavkazya,1
carbon,1
plea,1
occurring,1
thing,1
korpus,1
imprecise,1
penetrated,1
distinctions,1
meaning,1
markable,1
tribes,1
themselves,1
pathways,1
reticent,1
unmoving,1
say,1
carthage,1
antitaurus,1
circumferen,1
aarhus,1
paskopok,1
casting,1
equestrian,1
skoi,1
ithaca,1
captivated,1
authenticity,1
substantial,1
rein,1
heroics,1
bulwark,1
soobshcheniya,1
immediately,1
dogu,1
conventions,1
mature,1
arkitekture,1
prison,1
metod,1
charms,1
premature,1
staff,1
siderable,1
meeting,1
successive,1
raiders,1
darstellungen,1
conversations,1
resources,1
representational,1
showed,1
confrontations,1
drenej,1
inventories,1
delmar,1
deeper,1
gold,1
grahame,1
evaluations,1
kiiltepe,1
