WORDCOUNTS,WEIGHT
the,562
of,416
and,367
to,194
in,193
a,110
that,103
as,83
huedan,62
political,60
with,59
from,51
their,47
at,44
is,44
on,44
for,40
were,38
by,37
ritual,36
this,34
or,33
these,33
it,32
are,31
j,31
world,28
such,27
archaeological,27
an,26
was,25
p,24
who,24
public,23
african,23
king,22
people,22
social,22
local,22
between,22
community,21
hueda,21
his,20
european,20
shrines,19
into,19
kingdom,19
historical,19
through,19
they,18
press,18
atlantic,17
university,17
cosmological,17
material,17
elite,17
leaders,17
springer,17
within,16
dahomey,16
power,16
feasting,16
prehist,16
often,16
kings,16
west,15
century,15
feasts,15
where,15
which,15
huedans,15
one,14
authority,14
work,14
he,14
eighteenth,14
ceremonies,14
trade,14
paper,14
be,14
imported,13
those,13
recorded,13
wealth,13
parade,13
africa,13
seventeenth,13
dangbe,13
savi,13
royal,12
other,12
than,12
large,11
i,11
items,11
l,11
parades,11
part,11
its,11
not,11
grand,11
temple,11
annual,10
also,10
dokpwe,10
pp,10
associated,10
have,10
c,10
there,9
m,9
journal,9
house,9
recovered,9
appears,9
actors,9
feast,9
around,9
religious,9
new,9
can,9
palace,9
while,9
all,8
along,8
relationships,8
displays,8
r,8
most,8
during,8
rituals,8
when,8
spectacle,8
procession,8
spectacular,8
s,8
food,8
processes,8
described,8
benin,8
followers,8
both,8
astley,8
elites,8
early,8
countryside,7
modern,7
sources,7
gifts,7
some,7
g,7
ability,7
slave,7
drawn,7
record,7
k,7
events,7
ceremonial,7
participants,7
ethnographic,7
but,7
law,7
daily,7
region,7
similar,7
after,7
systems,7
aid,7
archaeology,7
over,7
living,7
coast,7
offerings,6
history,6
before,6
contexts,6
has,6
politics,6
labor,6
served,6
organized,6
processions,6
ceremony,6
used,6
stool,6
family,6
research,6
argues,6
more,6
herskovits,6
made,6
parading,6
spaces,6
obliged,6
evidence,6
potential,6
km,6
complex,5
worked,5
seems,5
accompanied,5
great,5
compounds,5
moral,5
human,5
relations,5
american,5
apparently,5
without,5
landscape,5
form,5
n,5
came,5
could,5
symbols,5
required,5
well,5
own,5
traders,5
least,5
sense,5
order,5
involved,5
acts,5
actions,5
action,5
economic,5
make,5
settings,5
yet,5
noted,5
regional,5
many,5
documents,5
time,5
bosman,5
discourses,5
sacrifices,5
three,5
times,5
negotiations,5
life,5
physical,5
prominence,5
past,5
passage,5
them,5
accounts,5
approximately,5
trader,5
e,4
being,4
first,4
gap,4
archaeologically,4
tradition,4
assembled,4
account,4
international,4
household,4
de,4
author,4
fig,4
general,4
may,4
rather,4
repayment,4
process,4
produced,4
means,4
kelly,4
locally,4
w,4
suggested,4
argyle,4
lead,4
societies,4
faunal,4
cambridge,4
near,4
sites,4
london,4
example,4
related,4
description,4
et,4
away,4
project,4
t,4
bodies,4
change,4
describing,4
level,4
several,4
provided,4
located,4
alongside,4
members,4
oral,4
polities,4
high,4
institution,4
relationship,4
been,4
considered,4
claims,4
offered,4
control,4
domestic,4
william,4
terms,4
making,4
presented,4
numerous,4
given,4
close,4
go,3
done,3
common,3
if,3
resulted,3
expect,3
village,3
center,3
moving,3
attempts,3
together,3
portrayal,3
palatial,3
debt,3
ad,3
very,3
himself,3
thus,3
historically,3
excavations,3
exercise,3
elements,3
keep,3
ceramics,3
extraordinary,3
bight,3
town,3
no,3
aimed,3
barbot,3
smoking,3
coastal,3
gifting,3
earlier,3
captives,3
elaborate,3
numbers,3
beyond,3
had,3
closely,3
out,3
coben,3
focused,3
sacrifice,3
directly,3
orchestrate,3
discussions,3
translated,3
surrounding,3
employed,3
towards,3
good,3
field,3
below,3
deity,3
suggest,3
debts,3
trading,3
highly,3
ancestors,3
telling,3
up,3
cycle,3
auditory,3
service,3
dressed,3
standing,3
riches,3
once,3
edited,3
builds,3
continuity,3
included,3
only,3
drink,3
areas,3
end,3
contemporary,3
discussed,3
channel,3
performances,3
non,3
number,3
balance,3
discussion,3
europeans,3
host,3
dating,3
points,3
characterized,3
so,3
men,3
we,3
attend,3
attention,3
carried,3
perspectives,3
bound,3
ritualized,3
centuries,3
itself,3
dissertation,3
reciprocal,3
dahomean,3
framing,3
reciprocity,3
rival,3
different,3
capital,3
did,3
offering,3
earthenware,3
secure,3
almost,3
suggests,3
vessels,3
researchers,3
ancestral,3
role,3
yearly,3
song,3
territory,3
deities,3
our,3
grant,3
specialists,3
smaller,3
remains,3
association,3
needs,3
am,3
norman,3
exclusively,3
much,3
recent,3
exhibiting,2
voyage,2
pejorative,2
obligations,2
way,2
important,2
later,2
college,2
introduction,2
agency,2
multifaceted,2
likely,2
ways,2
coalition,2
earthly,2
collection,2
les,2
theatre,2
protection,2
presents,2
pipes,2
du,2
disbelief,2
interests,2
ii,2
implications,2
military,2
secondary,2
display,2
confusion,2
exotic,2
producing,2
thanks,2
last,2
written,2
principal,2
classic,2
system,2
tutelary,2
draws,2
draw,2
representations,2
custom,2
marked,2
activity,2
aspects,2
mutual,2
fine,2
exchanges,2
loudly,2
historic,2
atkins,2
conflict,2
goal,2
throughout,2
collapse,2
announce,2
equatorial,2
component,2
interior,2
visited,2
moment,2
concentrations,2
participating,2
finery,2
maintaining,2
bay,2
back,2
subjects,2
contrary,2
serving,2
arranged,2
left,2
traveler,2
rhythm,2
storage,2
even,2
performative,2
coasts,2
jean,2
higher,2
rights,2
links,2
b,2
direct,2
special,2
enacted,2
scales,2
white,2
space,2
support,2
firing,2
reason,2
colonialism,2
just,2
too,2
four,2
circulating,2
vehicles,2
humility,2
drawing,2
view,2
conquest,2
greater,2
pantheon,2
foodstuff,2
concentration,2
histories,2
found,2
demands,2
relate,2
ouidah,2
markets,2
ann,2
understood,2
war,2
population,2
toko,2
produce,2
agaja,2
vegetal,2
receive,2
future,2
theatres,2
revealed,2
bolster,2
prominent,2
characterization,2
dokpwegan,2
reciprocate,2
positions,2
python,2
outpouring,2
place,2
broad,2
records,2
quarreled,2
binding,2
call,2
fieldwork,2
interpreted,2
polity,2
markedly,2
politically,2
quite,2
emerging,2
specifically,2
every,2
burdensome,2
smithsonian,2
bottle,2
transfer,2
slaving,2
managed,2
factionalism,2
massive,2
behalf,2
society,2
portion,2
hosts,2
republic,2
investigating,2
various,2
grandees,2
return,2
interactions,2
comments,2
rites,2
hold,2
under,2
signaling,2
processing,2
home,2
assistance,2
culture,2
same,2
al,2
organize,2
two,2
published,2
provide,2
fire,2
french,2
jeffrey,2
others,2
death,2
thereafter,2
ceramic,2
sing,2
clarendon,2
wine,2
surfaces,2
stop,2
man,2
patterns,2
plate,2
posit,2
less,2
see,2
dance,2
necessary,2
focusing,2
rich,2
perhaps,2
frequency,2
free,2
maya,2
private,2
indiana,2
assemblages,2
range,2
slaves,2
meals,2
including,2
clustered,2
findings,2
largely,2
dress,2
morality,2
exhibited,2
individuals,2
entourages,2
clear,2
royalty,2
crania,2
held,2
like,2
played,2
accurate,2
thomas,2
exchange,2
enough,2
internal,2
become,2
structure,2
nails,2
figures,2
destruction,2
attended,2
visit,2
increasing,2
sacrificial,2
veneration,2
processed,2
voyages,2
quotidian,2
kenneth,2
foreign,2
impressive,2
inside,2
dimensions,2
detailed,2
indicate,2
analysis,2
populace,2
wives,2
creatures,2
arts,2
joseph,2
anthropological,2
contained,2
rarely,2
then,2
openly,2
any,2
senior,2
series,2
simply,2
meat,2
alternative,2
crowds,2
spectacles,2
each,2
setting,2
ivory,2
best,2
constructions,2
ideological,2
particularly,2
far,2
goods,2
audience,2
placing,2
commensal,2
what,2
heads,2
spatial,2
cause,2
particular,2
maintain,2
cloth,2
virginia,2
urban,2
contain,2
art,2
little,2
became,2
com,2
measure,2
divided,2
colonial,2
families,2
potentiality,2
prepared,2
years,2
similarity,2
twentieth,2
feting,2
washington,2
although,2
d,2
glass,2
campaign,2
archaic,2
vessel,2
carnivalesque,2
themselves,2
pathways,2
create,2
documentary,2
interaction,2
immediately,2
among,2
attendance,2
cited,2
major,2
deeper,2
gold,2
miller,1
horror,1
ments,1
decentralized,1
possessed,1
final,1
resolve,1
fathers,1
underpinning,1
jewels,1
avoiding,1
memorials,1
sequently,1
serpent,1
privately,1
groups,1
corporate,1
integrating,1
emerson,1
appease,1
royals,1
deserve,1
danced,1
announced,1
notably,1
sphere,1
per,1
eth,1
trations,1
group,1
conducted,1
touched,1
cyprus,1
prostrated,1
reminders,1
old,1
nigeria,1
prime,1
hannibal,1
maize,1
anchor,1
formed,1
confines,1
english,1
karp,1
prince,1
rewards,1
h,1
remnants,1
communally,1
situation,1
studies,1
operated,1
earnest,1
comparisons,1
necessarily,1
classify,1
narra,1
pose,1
unlike,1
holding,1
embassy,1
cursory,1
oxen,1
fragile,1
nineteenth,1
fulfillment,1
contested,1
societal,1
gezo,1
women,1
switches,1
myriad,1
highlight,1
accumulation,1
said,1
member,1
invoking,1
sit,1
archaeologists,1
either,1
long,1
creation,1
posed,1
togo,1
give,1
taken,1
historians,1
royaume,1
season,1
attempt,1
sub,1
utilization,1
expectation,1
articulate,1
promoting,1
fragmentary,1
neil,1
nature,1
tour,1
available,1
withholding,1
crops,1
interwoven,1
explores,1
suggesting,1
simple,1
whydah,1
thank,1
salvos,1
narrative,1
borne,1
inherent,1
transferred,1
kingship,1
wwwslavevoyagesorg,1
allada,1
bienvenue,1
decom,1
deployed,1
cohesion,1
religion,1
dom,1
survey,1
take,1
subsequent,1
foment,1
feature,1
integrate,1
strain,1
nights,1
miles,1
stand,1
respond,1
remainder,1
reserved,1
federated,1
discipline,1
alabama,1
item,1
signs,1
guards,1
corporation,1
papers,1
fulfilling,1
contents,1
respite,1
paying,1
employs,1
con,1
theorizing,1
takes,1
occasional,1
supplication,1
uva,1
forthcoming,1
fiery,1
linear,1
gious,1
key,1
chronicled,1
etcetera,1
money,1
motion,1
sought,1
expenses,1
hall,1
right,1
deal,1
etcin,1
peting,1
quantities,1
red,1
opened,1
possible,1
compensatory,1
chronicler,1
omissions,1
sixteenth,1
tracing,1
illustrate,1
characterize,1
maneuverings,1
hollowware,1
reached,1
solely,1
dwarfism,1
october,1
insight,1
mobilizing,1
arenas,1
doth,1
dutch,1
mastery,1
o,1
occurring,1
taking,1
desired,1
point,1
x,1
diffused,1
resources,1
utmost,1
laws,1
dynamic,1
scandal,1
protocol,1
emonies,1
forged,1
letter,1
cere,1
tied,1
expecting,1
attract,1
controlled,1
nographic,1
funded,1
tribute,1
regarding,1
central,1
penalty,1
phase,1
iron,1
parsed,1
apex,1
chiefs,1
married,1
stasis,1
language,1
influx,1
palaces,1
immediate,1
dynamics,1
feasta,1
explorers,1
scottish,1
surrounded,1
illustrates,1
demanded,1
pursuit,1
tables,1
integral,1
bodily,1
neighbors,1
relatively,1
logic,1
furnishing,1
portray,1
occurs,1
southern,1
interpret,1
contenant,1
harmonic,1
ray,1
pay,1
iterations,1
affairs,1
kind,1
dis,1
feathers,1
waits,1
practitoners,1
forefa,1
clay,1
theorists,1
ation,1
coarser,1
fission,1
evident,1
differenti,1
fond,1
arens,1
bread,1
body,1
highest,1
compulsory,1
africans,1
club,1
scott,1
dined,1
estimate,1
publications,1
noises,1
networks,1
hosting,1
toil,1
mirrored,1
percentage,1
bottles,1
look,1
dear,1
exempted,1
patrons,1
skins,1
details,1
tones,1
traditions,1
lens,1
loath,1
messages,1
jones,1
influence,1
dust,1
competitive,1
master,1
summer,1
tilling,1
confluence,1
cowry,1
walls,1
lesser,1
theorized,1
mechanisms,1
cameron,1
implored,1
wishes,1
recognized,1
essential,1
commune,1
mellville,1
bring,1
extol,1
traffic,1
federal,1
main,1
highlands,1
developed,1
heels,1
illustration,1
sort,1
astely,1
preparing,1
pilgrimages,1
presentation,1
ducas,1
remote,1
swath,1
represented,1
signaled,1
attracting,1
casse,1
blessing,1
outward,1
inspects,1
legal,1
landscapes,1
certain,1
balanced,1
rods,1
strew,1
resettlement,1
tiations,1
evolution,1
wynne,1
animals,1
rootedness,1
emanate,1
provides,1
addressing,1
fulfill,1
references,1
goodly,1
dean,1
operates,1
prehistory,1
tensions,1
exhibitions,1
objects,1
organization,1
improvement,1
wearing,1
mira,1
emergence,1
sick,1
presumably,1
latin,1
section,1
driven,1
days,1
reconstructions,1
congregate,1
ideologies,1
completion,1
mary,1
sheer,1
add,1
argued,1
calendar,1
frag,1
accumulating,1
age,1
leicester,1
alta,1
jars,1
powerful,1
encouragement,1
peru,1
followed,1
paraded,1
position,1
requires,1
problems,1
method,1
destructive,1
factious,1
helped,1
flow,1
symbolized,1
courtly,1
alexis,1
opinion,1
rainbow,1
inhabited,1
persed,1
appear,1
fluid,1
conflicts,1
boisterous,1
urartian,1
opening,1
uses,1
advance,1
my,1
based,1
whom,1
ethnography,1
elisee,1
murky,1
acknowledgments,1
resonate,1
houses,1
circuses,1
joy,1
withdrawal,1
seven,1
centers,1
lived,1
conspicuous,1
underneath,1
sparred,1
transference,1
shared,1
ocean,1
cornell,1
pass,1
zone,1
shield,1
diacritical,1
ethnohistorical,1
mined,1
coalitions,1
intrigue,1
late,1
circulation,1
academic,1
materiality,1
further,1
equally,1
traced,1
informed,1
though,1
cultural,1
rabelais,1
imbalances,1
profited,1
cuts,1
silence,1
michigan,1
districts,1
accordingly,1
keywords,1
viewed,1
nating,1
intensity,1
meet,1
applied,1
intertwined,1
troops,1
placed,1
commitments,1
blier,1
judicial,1
explain,1
instrumental,1
hath,1
avatars,1
exploration,1
embed,1
wide,1
negotiated,1
gods,1
scene,1
expressions,1
because,1
amongst,1
retroactive,1
char,1
exert,1
taxes,1
keeping,1
participation,1
network,1
spheres,1
reprint,1
degrees,1
line,1
relief,1
artifacts,1
literature,1
probably,1
zoomorphic,1
abroad,1
paraphrase,1
narratives,1
start,1
steady,1
striking,1
brought,1
favourable,1
valet,1
competing,1
knowledge,1
apparent,1
calls,1
confined,1
tune,1
caught,1
ten,1
percolated,1
year,1
namesake,1
describe,1
island,1
ghana,1
issues,1
collective,1
subtly,1
dietler,1
cotonou,1
formerly,1
increasingly,1
rocked,1
knees,1
participated,1
pan,1
timelessness,1
sedan,1
forces,1
cry,1
rise,1
participate,1
oblige,1
missions,1
smallest,1
status,1
strengthened,1
monroe,1
presentations,1
graduate,1
redistribution,1
refuse,1
rivet,1
errors,1
f,1
earth,1
diversion,1
officials,1
punctuated,1
esteem,1
normally,1
responsibility,1
fix,1
reinforces,1
revolution,1
mclntosh,1
hired,1
next,1
cer,1
catholic,1
le,1
assemble,1
night,1
event,1
coordinator,1
sole,1
intervals,1
characteristics,1
thence,1
few,1
routine,1
agbangla,1
levied,1
presuming,1
notation,1
convey,1
blunt,1
essentially,1
staged,1
petition,1
usual,1
foremost,1
core,1
always,1
coordinate,1
cosmology,1
helene,1
hayden,1
resistance,1
proper,1
describes,1
paid,1
notice,1
beverages,1
moved,1
evoked,1
dictated,1
ses,1
leveraged,1
reigns,1
pearson,1
institut,1
eaves,1
embarked,1
llc,1
calm,1
xvlf,1
caryl,1
heretofore,1
shouts,1
second,1
sons,1
fly,1
exterior,1
demand,1
request,1
duty,1
architecture,1
logistical,1
requirement,1
employ,1
meticulously,1
identified,1
doctoral,1
ire,1
short,1
wrote,1
comparative,1
play,1
scandalous,1
outlet,1
female,1
fractured,1
sar,1
july,1
above,1
precolonial,1
guyer,1
illustrating,1
domination,1
strife,1
movement,1
registered,1
modes,1
distribute,1
hitherto,1
positive,1
structural,1
purposefully,1
comforting,1
spoken,1
communities,1
loaded,1
toutes,1
fair,1
permission,1
push,1
stephanie,1
serve,1
england,1
windows,1
formally,1
latitude,1
boundary,1
ancient,1
unwin,1
lavishly,1
rode,1
symptomatic,1
falls,1
orders,1
liberties,1
memoires,1
dramaturgical,1
efforts,1
sieur,1
silk,1
verbalized,1
largest,1
resounding,1
illustrated,1
visitors,1
department,1
emotional,1
moments,1
ema,1
strata,1
debtors,1
awe,1
tropes,1
longer,1
regardless,1
act,1
volume,1
lavish,1
entrepot,1
leader,1
name,1
comportment,1
repairs,1
structures,1
faculty,1
stronger,1
palm,1
mark,1
toward,1
again,1
pointed,1
responsibilities,1
put,1
flat,1
added,1
countermeasure,1
water,1
complementary,1
oddities,1
rebus,1
usefulness,1
huffon,1
cordons,1
artists,1
communal,1
fact,1
outside,1
leading,1
rewarding,1
turner,1
preserve,1
conduct,1
head,1
relates,1
remuneration,1
indies,1
evangelisation,1
travaux,1
compound,1
appeared,1
abstract,1
disuse,1
choice,1
sung,1
parting,1
break,1
larger,1
warning,1
john,1
partic,1
reaffirmed,1
grows,1
omitted,1
state,1
doubt,1
reckoned,1
obare,1
considerable,1
arguably,1
worn,1
mustered,1
depict,1
honor,1
clapping,1
forms,1
never,1
conclusions,1
behind,1
stuff,1
throwing,1
hand,1
evoke,1
v,1
feted,1
present,1
ground,1
clusters,1
manner,1
flooded,1
demarrais,1
bakhtin,1
coarse,1
armed,1
muster,1
celebrated,1
cesses,1
coincided,1
decorse,1
gender,1
laden,1
decorations,1
invitation,1
compelled,1
cosmos,1
routledge,1
distance,1
threats,1
gives,1
streets,1
harnessed,1
sow,1
chair,1
day,1
thoroughly,1
vodun,1
desires,1
tilley,1
briskly,1
fida,1
another,1
venerated,1
pooling,1
crown,1
emanating,1
interrelated,1
exploring,1
investigated,1
vast,1
rulers,1
examples,1
birth,1
decimation,1
extravagancies,1
courtiers,1
active,1
writings,1
deposits,1
ridiculous,1
arose,1
sensuous,1
ethnology,1
organizations,1
mortuary,1
worship,1
nego,1
traded,1
hosted,1
use,1
fractious,1
seize,1
overtones,1
additions,1
jerome,1
aside,1
huzzaings,1
labourers,1
actual,1
labouret,1
gilt,1
insults,1
sonic,1
prelude,1
full,1
fleisher,1
office,1
theories,1
theoretical,1
shelter,1
netherlands,1
versions,1
explorations,1
fervour,1
subtle,1
accessed,1
receptacles,1
reward,1
adding,1
stress,1
carnival,1
copious,1
utter,1
dominated,1
decorated,1
recipient,1
faces,1
roof,1
individual,1
fon,1
allowed,1
reviewers,1
period,1
prodigious,1
rewarded,1
gates,1
ardrahrians,1
plant,1
premium,1
serves,1
irregularity,1
humbling,1
shortly,1
spirits,1
expressing,1
thornton,1
toiled,1
spent,1
diarists,1
upstart,1
comparing,1
coercive,1
study,1
greatly,1
pro,1
shallow,1
reli,1
radiate,1
do,1
slaver,1
materialized,1
acidic,1
consumption,1
contracts,1
locales,1
securing,1
attracted,1
bestowed,1
cape,1
occupied,1
relative,1
theatrical,1
creativity,1
dissonance,1
musket,1
regimes,1
encompassing,1
la,1
competed,1
concluded,1
examines,1
allay,1
suggestion,1
commensual,1
meate,1
assigned,1
esteemed,1
souayibou,1
seclusion,1
richest,1
sealed,1
george,1
akinjogbin,1
science,1
sometimes,1
chance,1
rhythmed,1
practitioners,1
begin,1
lines,1
widespread,1
male,1
sway,1
institutions,1
referred,1
seen,1
collections,1
translation,1
jar,1
markers,1
instituting,1
legitimacy,1
anxiety,1
recognize,1
area,1
owed,1
displaying,1
herman,1
poetics,1
corpus,1
statewide,1
encapsulated,1
soumoni,1
blood,1
surprising,1
chamber,1
venerate,1
coordination,1
fields,1
atmosphere,1
face,1
worlds,1
hejd,1
gathered,1
case,1
forest,1
detail,1
school,1
anthropomorphic,1
environment,1
hodder,1
suggestions,1
small,1
practice,1
growing,1
harness,1
suite,1
broke,1
comes,1
hammocks,1
complexity,1
incised,1
consider,1
must,1
monsieur,1
respective,1
gunflints,1
instructed,1
steel,1
soil,1
theme,1
theatrics,1
bronze,1
perforated,1
trappings,1
besides,1
piot,1
doi,1
text,1
phillips,1
offers,1
drew,1
command,1
set,1
quarrelling,1
know,1
bucks,1
components,1
refused,1
principle,1
commonplace,1
country,1
illuminate,1
equipage,1
anthropology,1
descriptions,1
ancestor,1
specialized,1
concen,1
assumed,1
roman,1
accustomed,1
augustin,1
argue,1
current,1
coffers,1
vase,1
foundation,1
entering,1
vacillating,1
offend,1
sustaining,1
exercisable,1
longstanding,1
cultivation,1
associations,1
examining,1
happiness,1
guinea,1
disputes,1
didier,1
elders,1
drum,1
better,1
places,1
person,1
phd,1
dapper,1
following,1
ditch,1
animal,1
stature,1
elevated,1
hyman,1
cup,1
according,1
surpluses,1
economy,1
lighten,1
impact,1
notable,1
investigation,1
resonant,1
whether,1
stability,1
rebellion,1
adande,1
inomata,1
nearby,1
against,1
concourse,1
metaphor,1
agricultural,1
seasonal,1
passed,1
remove,1
theory,1
obsequiousness,1
distribution,1
extent,1
consisting,1
transaction,1
pwiti,1
scheduling,1
ipating,1
extract,1
require,1
tives,1
explored,1
property,1
don,1
ideal,1
threat,1
hundreds,1
playful,1
inability,1
permeated,1
adorned,1
categories,1
middle,1
popular,1
st,1
marking,1
monitored,1
ritually,1
occasionally,1
soper,1
son,1
multiple,1
pits,1
met,1
ohio,1
beach,1
courses,1
giving,1
infamous,1
durable,1
rendering,1
perspective,1
executable,1
absentia,1
himbut,1
recounts,1
belinga,1
indebted,1
appointed,1
using,1
mention,1
au,1
coming,1
grandeur,1
sanctified,1
courtyards,1
pray,1
prison,1
sanctioned,1
models,1
cycling,1
symbolism,1
lands,1
pageantry,1
zones,1
initiated,1
repositories,1
hakluyt,1
finding,1
contract,1
illinois,1
frame,1
iswolsky,1
parallels,1
documentation,1
offer,1
joined,1
grown,1
usa,1
need,1
constructed,1
etiquette,1
integration,1
regular,1
zimbabwe,1
defined,1
attempted,1
off,1
shells,1
oversaw,1
mellow,1
presenting,1
quartz,1
shift,1
seventeenthand,1
summary,1
traveling,1
anonymous,1
deafen,1
mobilized,1
thousand,1
adria,1
supported,1
orchestrated,1
removed,1
cached,1
distinctions,1
teenth,1
attending,1
representatives,1
recounted,1
scholarship,1
johnson,1
chicago,1
escalating,1
afield,1
obligation,1
era,1
fervor,1
debate,1
national,1
fears,1
views,1
bounds,1
element,1
sciences,1
traditional,1
fellowship,1
counts,1
belize,1
whenever,1
north,1
familial,1
observed,1
unequivocal,1
should,1
building,1
broader,1
sent,1
built,1
roles,1
vividly,1
costly,1
