WORDCOUNTS,WEIGHT
the,843
of,453
and,440
in,347
a,259
to,131
horses,128
horse,109
were,90
with,90
on,89
that,88
as,82
for,81
by,80
at,72
bc,72
from,72
was,61
is,60
or,59
p,51
have,51
j,45
domesticated,43
but,43
bit,42
world,42
botai,41
their,40
not,40
wear,40
are,40
sites,39
steppes,39
an,37
this,35
steppe,34
than,33
age,33
about,33
domestication,32
more,32
springer,31
prehist,30
m,29
s,29
had,29
pp,29
early,29
mm,28
d,28
it,27
riding,27
two,27
been,26
bevel,26
type,26
eneolithic,26
i,25
these,25
graves,25
we,25
lower,24
might,24
facet,24
cattle,24
teeth,24
be,24
they,23
bones,23
et,23
al,23
new,23
archaeological,23
wild,23
anthony,22
could,22
its,22
bits,22
after,22
sheep,22
found,21
near,21
bronze,20
between,20
eastern,19
late,19
which,19
probably,19
earliest,19
animal,19
animals,18
europe,18
k,18
press,18
one,17
western,17
into,17
eurasian,17
university,17
also,17
v,17
made,17
c,17
horseback,16
only,16
can,16
northern,16
fig,15
prehistoric,15
first,15
institute,15
other,15
so,15
enamel,15
measurements,15
settlements,14
sherratt,14
indicator,14
east,14
tersek,14
both,14
stone,13
before,13
warfare,13
site,13
across,13
w,13
r,13
grave,13
would,13
copper,13
mounted,12
h,12
modern,12
all,12
danube,12
bone,12
study,12
n,12
because,12
around,12
he,12
culture,12
olsen,12
similar,12
like,12
rope,12
cultures,12
occlusal,12
evidence,12
among,12
greaves,11
neolithic,11
facets,11
central,11
old,11
l,11
von,11
kazakhstan,11
used,11
indicators,11
settlement,11
malocclusion,11
polished,11
above,11
variation,11
perhaps,11
pleistocene,11
bitted,11
three,11
who,11
mcdonald,11
very,11
years,11
if,10
use,10
those,10
even,10
mean,10
dated,10
four,10
most,10
exploitation,10
many,10
appeared,10
larger,10
where,10
equus,10
brown,10
organic,9
human,9
secondary,9
measurement,9
sample,9
levine,9
metal,9
during,9
caused,9
riders,9
den,9
effect,9
began,9
natural,9
oxford,9
them,9
while,9
our,9
valley,9
should,9
created,8
kazakh,8
american,8
long,8
within,8
some,8
g,8
dates,8
journal,8
no,8
just,8
important,8
ancient,8
diet,8
dreisch,8
worn,8
khvalynsk,8
do,8
less,8
earlier,8
known,8
meat,8
cemetery,8
different,8
roman,8
down,8
almost,8
through,8
herds,8
region,8
much,8
recent,8
later,7
ritual,7
o,7
cavalry,7
least,7
there,7
millennium,7
back,7
adult,7
his,7
surface,7
bow,7
people,7
middle,7
change,7
social,7
leather,7
same,7
including,7
standard,7
ural,7
types,7
bows,7
rider,7
series,7
over,7
each,7
contained,7
beginning,7
making,7
size,7
dereivka,7
equids,7
increased,7
products,6
west,6
archery,6
tribal,6
chariot,6
boyle,6
changes,6
possibly,6
show,6
cultural,6
mace,6
breeding,6
herding,6
interpreted,6
raiding,6
overbite,6
society,6
will,6
expansion,6
zoological,6
included,6
hay,6
jaw,6
reports,6
radiocarbon,6
described,6
kozhai,6
european,6
ridden,6
figure,6
five,6
seen,6
associated,6
bevels,6
did,6
iron,6
economy,6
adaptation,6
soft,6
measured,6
beveled,5
large,5
greater,5
migration,5
karanovo,5
ad,5
has,5
e,5
international,5
indicating,5
corner,5
sintashta,5
compared,5
arkheologii,5
volga,5
whose,5
how,5
bitting,5
parts,5
studies,5
tooth,5
funeral,5
house,5
too,5
upper,5
additional,5
suggested,5
przewalskis,5
initial,5
placed,5
scars,5
dnieper,5
archaeology,5
presence,5
when,5
second,5
foragers,5
metric,5
foot,5
forager,5
under,5
others,5
benecke,5
bell,5
accepted,5
another,5
deposits,5
increase,5
specimen,5
trade,5
tatarintseva,5
dirt,5
often,5
mortality,5
mesial,5
dentine,5
seem,5
iii,5
heads,5
mandible,5
battle,5
showed,5
images,5
north,5
set,4
indicated,4
imported,4
red,4
butchered,4
pathologies,4
excavation,4
history,4
princeton,4
humans,4
principal,4
eurasia,4
premolar,4
reservoir,4
mouth,4
against,4
left,4
higher,4
without,4
importance,4
b,4
derived,4
asses,4
shell,4
river,4
origins,4
came,4
color,4
fourth,4
war,4
enough,4
none,4
feeding,4
zoomorphic,4
beads,4
winter,4
revolution,4
suggest,4
small,4
chariots,4
visible,4
up,4
populations,4
economic,4
still,4
single,4
chronology,4
syezzheye,4
head,4
contemporary,4
until,4
native,4
remained,4
crown,4
food,4
exhibited,4
hunted,4
uruk,4
clear,4
indicate,4
kept,4
leg,4
species,4
rump,4
usually,4
gums,4
altai,4
ridges,4
seat,4
deposited,4
varfolomievka,4
suvorovo,4
pedestrian,4
best,4
stature,4
what,4
bendrey,4
proceedings,4
suggests,4
art,4
little,4
possible,4
transport,4
spr,4
became,4
role,4
shown,4
national,4
although,4
effects,4
profiles,4
gold,4
carved,3
difficult,3
ineffective,3
frequent,3
groups,3
pull,3
ivanovskaya,3
mountains,3
introduction,3
distributed,3
group,3
replaced,3
kinds,3
scythian,3
source,3
pie,3
either,3
certainly,3
military,3
funerals,3
reach,3
shaped,3
leading,3
daily,3
accompanied,3
studied,3
hunting,3
date,3
raised,3
political,3
normal,3
british,3
right,3
retain,3
afanasievo,3
far,3
diffused,3
cited,3
economies,3
andrew,3
such,3
realized,3
unpublished,3
regarded,3
stained,3
tripolye,3
third,3
mesolithic,3
identification,3
direct,3
symbols,3
selected,3
objects,3
specialization,3
withers,3
frequently,3
powerful,3
beyond,3
balkan,3
carcasses,3
typical,3
seven,3
changed,3
effective,3
ceramics,3
explain,3
experiment,3
line,3
brought,3
aged,3
ten,3
whole,3
away,3
status,3
premolars,3
potapovka,3
excavated,3
hard,3
leisey,3
quite,3
driving,3
smithsonian,3
climate,3
goat,3
appropriate,3
damaged,3
absence,3
identified,3
forward,3
indicates,3
ice,3
examined,3
us,3
yamnaya,3
problemy,3
bar,3
snow,3
published,3
height,3
death,3
ceramic,3
pastoralism,3
manifested,3
istorii,3
end,3
saiga,3
never,3
ages,3
model,3
see,3
flint,3
range,3
pathology,3
elite,3
conditions,3
occlusion,3
tips,3
pack,3
spread,3
general,3
robusticity,3
high,3
sacred,3
figures,3
caucasus,3
sacrificial,3
stage,3
relationship,3
lambei,3
she,3
george,3
mba,3
hooves,3
vertical,3
collections,3
deposit,3
strongly,3
force,3
plains,3
maces,3
surprising,3
table,3
regularly,3
any,3
coat,3
must,3
zoo,3
geographic,3
kesteren,3
symbol,3
here,3
control,3
tongue,3
ishim,3
intrusive,3
milk,3
recurve,3
game,3
problem,3
zur,3
local,3
yield,3
conference,3
level,3
multiple,3
attached,3
introduced,3
come,3
question,3
difference,3
cambridge,3
average,3
charts,3
genetically,3
camps,3
sacrifices,3
smaller,3
ukraine,3
defined,3
oldest,3
remains,3
specific,3
supported,3
outram,3
create,3
maximum,3
does,2
petrovka,2
silica,2
doubts,2
prefer,2
calibrated,2
common,2
way,2
represent,2
top,2
affected,2
heights,2
measurable,2
chi,2
offerings,2
mobility,2
likely,2
grasslands,2
unlike,2
occurred,2
cusp,2
sergeivka,2
edge,2
contexts,2
kislenko,2
said,2
sit,2
archaeologists,2
taken,2
promoting,2
nauka,2
stood,2
origin,2
styles,2
feature,2
skull,2
stand,2
tamed,2
confused,2
atbasar,2
u,2
discuss,2
custom,2
chapter,2
holocene,2
prior,2
ideal,2
plaque,2
smooth,2
genetic,2
representing,2
collection,2
belly,2
controlled,2
abrasion,2
abraded,2
interactions,2
phase,2
includes,2
throughout,2
strasser,2
agent,2
kurgan,2
grouped,2
logvin,2
squads,2
kind,2
cases,2
orig,2
crouwel,2
six,2
young,2
egypt,2
criterion,2
y,2
apparently,2
influence,2
civilization,2
chairkina,2
recognized,2
holotype,2
absent,2
lba,2
represented,2
sacrificed,2
population,2
paleolithic,2
front,2
reason,2
laposhalom,2
organization,2
retained,2
organized,2
scarred,2
clearly,2
elevated,2
numbers,2
neck,2
profile,2
shorter,2
mo,2
matching,2
result,2
introduce,2
location,2
eba,2
societies,2
lived,2
out,2
zone,2
eat,2
brill,2
im,2
cups,2
neighboring,2
standardized,2
gneolithic,2
buried,2
stock,2
cannot,2
wealth,2
metals,2
ketegyhaza,2
warriors,2
grit,2
well,2
trough,2
beaker,2
mapped,2
dog,2
mitteleuropa,2
preferred,2
nine,2
concept,2
unless,2
proportions,2
related,2
pulls,2
penetrating,2
drews,2
diastema,2
childe,2
keeley,2
samara,2
grain,2
rituals,2
przewalski,2
narcotics,2
t,2
regions,2
good,2
cold,2
grass,2
feasts,2
yukon,2
few,2
temporary,2
anterior,2
annual,2
und,2
florida,2
newly,2
ochre,2
gumelnija,2
critical,2
symbolism,2
poland,2
reduced,2
short,2
hide,2
located,2
make,2
surviving,2
initially,2
uncertain,2
movement,2
universitet,2
southern,2
yet,2
victor,2
museum,2
swept,2
permission,2
makes,2
happened,2
specimens,2
perceived,2
profane,2
rode,2
asia,2
indian,2
noted,2
rather,2
name,2
ride,2
power,2
stream,2
academy,2
water,2
smith,2
cusps,2
herder,2
layer,2
prow,2
break,2
identity,2
surfaces,2
patterns,2
outside,2
drinking,2
monographs,2
covered,2
ur,2
validity,2
deep,2
time,2
miner,2
routledge,2
number,2
thousands,2
microscopic,2
understanding,2
exhibit,2
effectiveness,2
discovery,2
previously,2
warrior,2
significant,2
combining,2
unfortunately,2
assumption,2
residues,2
rivers,2
olbia,2
questions,2
evolution,2
open,2
discovered,2
laurentius,2
individual,2
skulls,2
collected,2
obtained,2
reins,2
black,2
caspian,2
discarded,2
methods,2
ornaments,2
tactics,2
hunters,2
socketed,2
occupied,2
balkans,2
vertebrate,2
greek,2
alaska,2
perspectives,2
continued,2
provide,2
science,2
sometimes,2
claimed,2
threshold,2
fewer,2
widespread,2
primarily,2
bulletin,2
lost,2
millennia,2
serpentine,2
efficiency,2
diagnostic,2
fall,2
frontier,2
siberia,2
centuries,2
itself,2
unusual,2
grasping,2
forests,2
acquired,2
wheeled,2
prehistory,2
metapodials,2
symbolic,2
ltd,2
der,2
quickly,2
cm,2
specialized,2
sizes,2
feed,2
bartosiewicz,2
particularly,2
reliability,2
linked,2
pit,2
pathological,2
oliver,2
following,2
equine,2
whether,2
rose,2
cause,2
drevneishikh,2
proven,2
mni,2
weights,2
prestige,2
fodder,2
manure,2
kurgans,2
alcohol,2
emphasis,2
hundreds,2
urban,2
contain,2
st,2
veterinary,2
easy,2
sitting,2
measure,2
tell,2
arrows,2
numerous,2
morphological,2
neverbitted,2
yu,2
contributed,2
instead,2
include,2
typically,2
canadian,2
need,2
off,2
shift,2
vi,2
severnogo,2
potential,2
themselves,2
butchering,2
era,2
sits,2
given,2
abandoned,2
herders,2
immediately,2
mature,2
observed,2
southeastern,2
resources,2
roles,2
maran,1
dung,1
turgaya,1
now,1
battlefield,1
ja,1
possessed,1
currently,1
rate,1
kousoulakou,1
neutral,1
polish,1
horizontal,1
heroic,1
car,1
implying,1
meaning,1
names,1
f,1
akademiai,1
designated,1
loshadei,1
ayanis,1
morphology,1
bitworn,1
oprosy,1
resulted,1
srednevekovoe,1
uplands,1
trans,1
presses,1
foraging,1
implies,1
rhine,1
assateague,1
alone,1
adoption,1
grasses,1
gripping,1
pushed,1
linguistic,1
germany,1
expect,1
ozero,1
belts,1
complex,1
miners,1
ample,1
chewing,1
properly,1
identify,1
designed,1
prime,1
uncomfortable,1
spears,1
arrowheads,1
informative,1
live,1
dialectics,1
horsehair,1
true,1
sets,1
motivation,1
abuga,1
hartwick,1
globular,1
bifacial,1
graze,1
inconsistent,1
additionally,1
easily,1
paradigms,1
gumelnita,1
ore,1
former,1
catacomb,1
floridain,1
position,1
committee,1
necessarily,1
ordena,1
pasture,1
mittelalter,1
oates,1
pots,1
feels,1
somewhere,1
nineteenth,1
something,1
po,1
causes,1
variety,1
sem,1
stog,1
permitted,1
turning,1
leads,1
cutting,1
diffusion,1
being,1
cast,1
suny,1
kohl,1
browsing,1
repin,1
invention,1
vorbronzezeitlicher,1
wool,1
preceding,1
arrowhead,1
localities,1
donau,1
production,1
unexpected,1
exclusive,1
originally,1
ii,1
steady,1
colors,1
yar,1
vols,1
elusive,1
gaimonova,1
unopposed,1
archer,1
rig,1
advanced,1
seems,1
rusahinili,1
supplied,1
mitteleuropas,1
zaurale,1
containing,1
georgia,1
ausgehenden,1
book,1
archaeologically,1
available,1
continue,1
tradition,1
mustangs,1
assertion,1
seroglazivka,1
convert,1
bavaria,1
confirming,1
tactic,1
wave,1
rich,1
karasuk,1
forage,1
ephemeral,1
krasni,1
atlantic,1
mandibles,1
milked,1
onto,1
uerpmann,1
wore,1
religion,1
renfrew,1
assays,1
faunal,1
introduces,1
gorelik,1
last,1
separated,1
state,1
miles,1
dniester,1
mammalian,1
respond,1
kalieva,1
robert,1
gifts,1
classified,1
china,1
somewhat,1
signs,1
makhandzhar,1
return,1
extreme,1
context,1
skotovodstva,1
weighing,1
episodically,1
case,1
slip,1
side,1
fossils,1
exogenous,1
projectile,1
plain,1
verlag,1
payne,1
introductory,1
versions,1
motion,1
solaroutput,1
inflammation,1
cleared,1
anfangen,1
zarubinnyetskaya,1
madrider,1
uneven,1
opened,1
felt,1
chest,1
delivers,1
condition,1
exhibits,1
labs,1
drive,1
ispytatelei,1
establishing,1
solely,1
duck,1
irtysh,1
richard,1
driver,1
eating,1
crossed,1
measuring,1
indoeuropeans,1
looped,1
sar,1
point,1
x,1
disparities,1
conception,1
quantity,1
overlooking,1
geomorphological,1
apply,1
chertomlyk,1
epimakhov,1
javelins,1
inexpensive,1
minimum,1
beneath,1
letter,1
dignity,1
izdatelstvo,1
audience,1
sign,1
adding,1
tucking,1
prirody,1
surplus,1
kanne,1
currency,1
carman,1
conflict,1
gosudarstvennogo,1
thus,1
koryakova,1
prey,1
collapse,1
chiefs,1
cemeteries,1
surely,1
blades,1
distinctive,1
estimating,1
dynamics,1
development,1
pockets,1
run,1
consumed,1
restraining,1
hanks,1
tables,1
adipose,1
paw,1
neighbors,1
lectures,1
domain,1
ut,1
unspecified,1
acta,1
clumsy,1
portray,1
santa,1
attested,1
natalie,1
hooks,1
adams,1
conducted,1
materially,1
iliad,1
trail,1
urals,1
expected,1
nr,1
abrading,1
forced,1
rank,1
bulls,1
defense,1
elements,1
nor,1
items,1
foddering,1
patch,1
keep,1
displays,1
document,1
urala,1
profound,1
causing,1
mover,1
body,1
gestating,1
littauer,1
ancf,1
biomolecular,1
suitable,1
arranged,1
chariotry,1
taming,1
twice,1
drives,1
truly,1
thin,1
compare,1
find,1
oruzhie,1
crushing,1
geological,1
mongolia,1
moskovskogo,1
look,1
noncultural,1
boom,1
longdistance,1
trudy,1
unteren,1
houpt,1
leadership,1
wounded,1
jones,1
delivered,1
achaemenid,1
adjust,1
bothered,1
rubbing,1
error,1
panned,1
poorly,1
confluence,1
grasp,1
critics,1
permits,1
corded,1
deviation,1
potsherds,1
interesting,1
hero,1
fort,1
toszegnagyrev,1
colin,1
loo,1
manipulated,1
bull,1
deviations,1
bog,1
century,1
elevating,1
retracting,1
sockets,1
camp,1
links,1
bridles,1
principally,1
growth,1
haustierhaltung,1
generations,1
developed,1
behaviorally,1
undamaged,1
district,1
remain,1
lie,1
basic,1
influential,1
landscape,1
na,1
bratchenko,1
toms,1
levels,1
keepers,1
notion,1
process,1
munro,1
comparable,1
serbia,1
environments,1
adopted,1
signaled,1
mezin,1
determining,1
karagash,1
connected,1
strands,1
istoricheskogo,1
shang,1
leave,1
fueling,1
galgenburg,1
europa,1
ass,1
doubted,1
winters,1
interferes,1
enabled,1
white,1
uncertainties,1
ludwig,1
eaten,1
discoveries,1
consequences,1
factors,1
unifacial,1
zaibert,1
lowers,1
khodosovka,1
guides,1
support,1
voine,1
modified,1
tissue,1
arid,1
understand,1
category,1
escape,1
conformed,1
developments,1
microscope,1
pared,1
plus,1
operates,1
dawn,1
tusk,1
alaskan,1
civilizations,1
dergachev,1
familiar,1
breeds,1
exchange,1
metallurgy,1
evolved,1
presumably,1
impact,1
traces,1
articulated,1
reviewed,1
calendar,1
reasonably,1
frozen,1
cousins,1
gyulavarsand,1
commonly,1
delta,1
vorgeschichtliches,1
lithic,1
cunliffe,1
armies,1
defeat,1
unsuitable,1
shorthand,1
neither,1
beef,1
documenta,1
permanent,1
samarskii,1
odd,1
photos,1
vehicles,1
cut,1
appear,1
artistic,1
abusive,1
wishing,1
raw,1
entwicklung,1
moving,1
whom,1
walk,1
kazkah,1
route,1
kegan,1
appearance,1
rule,1
basin,1
danubiana,1
eneolit,1
hands,1
search,1
called,1
traditionally,1
behavioral,1
psalia,1
shared,1
sedentary,1
cornell,1
events,1
dispute,1
depictions,1
jaws,1
mogila,1
percentages,1
muzeya,1
kazakhstane,1
burst,1
excavations,1
glacial,1
veterinarians,1
galgenberg,1
big,1
eliminates,1
erupt,1
meter,1
further,1
akademie,1
eneolita,1
skotovody,1
chinese,1
traits,1
displayed,1
zwischen,1
ngreece,1
keywords,1
indirect,1
tools,1
viewed,1
kastanas,1
produced,1
boyd,1
ssr,1
hurl,1
scale,1
publications,1
monograph,1
amenable,1
cavalrymen,1
eye,1
tselinograd,1
xiv,1
bernberg,1
dwelling,1
required,1
levant,1
srednego,1
srubnoi,1
method,1
zdanovich,1
sacrifice,1
creates,1
adolescent,1
meaningless,1
lbia,1
criteria,1
technical,1
failure,1
igor,1
pigs,1
syria,1
directly,1
don,1
correctly,1
revealed,1
artifacts,1
nameless,1
pokrovsk,1
kennard,1
tool,1
los,1
hang,1
mares,1
di,1
distinguish,1
feudvar,1
distinctively,1
significantly,1
camel,1
attacked,1
tens,1
part,1
purpose,1
example,1
frage,1
apparent,1
muscarella,1
confined,1
studia,1
multiplied,1
bite,1
crowding,1
criticized,1
geology,1
surrounds,1
varfolomyevka,1
prut,1
malyan,1
consistently,1
easiest,1
broad,1
partly,1
climatic,1
diffuse,1
reportedly,1
javelin,1
thereafter,1
standardweight,1
transported,1
documented,1
saw,1
reflect,1
rise,1
floors,1
pitgrave,1
sutton,1
westausbreitung,1
occured,1
alan,1
subspecies,1
bronzovogo,1
cruder,1
weeks,1
clearance,1
hungary,1
aided,1
drevnei,1
responses,1
transcaucasian,1
agapov,1
mesopotamia,1
penning,1
correct,1
field,1
crosssection,1
cham,1
protsessy,1
incisor,1
verkhnaya,1
tested,1
next,1
pontica,1
przevalskii,1
mediterranean,1
zoologists,1
emerging,1
involved,1
online,1
severnem,1
intervals,1
okhoty,1
soil,1
stemmed,1
fired,1
acts,1
research,1
shaded,1
colloquia,1
weapons,1
impossible,1
yielded,1
dem,1
dedicated,1
always,1
trailing,1
kazakhskoi,1
scott,1
kura,1
majority,1
productivity,1
dorcas,1
peculiar,1
subgroups,1
dy,1
provenance,1
mouths,1
value,1
chin,1
provided,1
finds,1
hybrids,1
deer,1
obshchestva,1
institu,1
gordon,1
promising,1
casts,1
survived,1
cite,1
replacing,1
institut,1
retreated,1
portion,1
llc,1
azzaroli,1
defended,1
therefore,1
bibikova,1
sprawozdania,1
led,1
sudskandinavien,1
demand,1
malov,1
interdental,1
steadily,1
phanomen,1
oberrhein,1
separation,1
cattleand,1
preduravya,1
limited,1
bis,1
description,1
deadly,1
motivated,1
classic,1
edges,1
mirnoe,1
autopsied,1
toszegend,1
poor,1
pedagogicheskii,1
community,1
allen,1
july,1
starve,1
paraconid,1
expanded,1
adze,1
bridle,1
studien,1
hold,1
archeologiczne,1
selection,1
southeast,1
pastoralists,1
fighting,1
mammal,1
coherence,1
competition,1
land,1
asiatic,1
relied,1
donkey,1
interpretation,1
q,1
scene,1
ery,1
push,1
linduff,1
suited,1
represents,1
read,1
spurs,1
requiring,1
toolkits,1
thought,1
serve,1
krivoe,1
borrowed,1
technology,1
slavic,1
fifth,1
ej,1
kontse,1
selective,1
antler,1
differentiate,1
management,1
luke,1
home,1
sovetskaya,1
publishing,1
light,1
dna,1
literally,1
deliver,1
chew,1
already,1
wisconsin,1
bracelet,1
handling,1
regional,1
herbivores,1
strata,1
gosudarstvennyi,1
present,1
double,1
inference,1
akhinzhalov,1
rings,1
feketekapu,1
transylvania,1
paul,1
structures,1
piora,1
turgai,1
stronger,1
archers,1
shortening,1
toward,1
nevada,1
experienced,1
subfossil,1
husbandry,1
artists,1
fact,1
shows,1
longer,1
cernavoda,1
twenty,1
overwhelming,1
tysyacheletii,1
scholars,1
areas,1
occurrence,1
pressure,1
vrublavetskaya,1
nathaniel,1
plan,1
issledovaniya,1
abstract,1
taxonomy,1
reachable,1
together,1
really,1
mohr,1
drevnee,1
debates,1
overwhelmingly,1
measureable,1
descended,1
drevnego,1
identical,1
venetic,1
pattern,1
man,1
discussed,1
external,1
honor,1
conclusions,1
fits,1
nauk,1
domashnikh,1
adjacent,1
fourthmillennium,1
ground,1
increases,1
phytoliths,1
vostoka,1
soobshchenie,1
armed,1
emanated,1
strategies,1
coincided,1
forth,1
vasiliev,1
meant,1
material,1
swing,1
csepelharos,1
ordinary,1
style,1
shifts,1
going,1
valleys,1
convenient,1
elevation,1
degree,1
hobbles,1
tame,1
original,1
able,1
grouping,1
trait,1
exploring,1
antelope,1
extended,1
examples,1
own,1
easier,1
explanation,1
bandkeramik,1
disagree,1
kaftari,1
limitations,1
trader,1
chalcolithikum,1
domestikation,1
enormous,1
sixth,1
eneoliticheskii,1
kiado,1
clustered,1
etnogeneticheskie,1
medium,1
room,1
ageing,1
encouraged,1
controlling,1
asian,1
waste,1
fed,1
angle,1
persisted,1
operated,1
factor,1
doubt,1
anaesthetized,1
studzitskaya,1
band,1
sequence,1
aside,1
grigoriev,1
lipchin,1
avar,1
rare,1
real,1
individuals,1
chosen,1
full,1
raising,1
uralskii,1
eight,1
california,1
dating,1
washington,1
disposable,1
kokchetav,1
rejected,1
low,1
significance,1
planed,1
ayatskii,1
authors,1
trensenbelege,1
hoofs,1
points,1
damage,1
co,1
tactical,1
symposium,1
christopher,1
david,1
usnm,1
started,1
csepelholland,1
genetics,1
revised,1
ny,1
period,1
sabine,1
him,1
creating,1
recurved,1
lakeside,1
mines,1
mountain,1
filled,1
accurate,1
traction,1
bcy,1
latter,1
repeated,1
ascending,1
poliakoff,1
migrants,1
bronocice,1
behind,1
internal,1
article,1
promote,1
normally,1
constructing,1
hungarian,1
grafted,1
lift,1
become,1
relation,1
narrow,1
mare,1
decorating,1
interpretations,1
topics,1
exactly,1
axe,1
kherson,1
corners,1
lenina,1
enthusiasts,1
istoki,1
westund,1
usa,1
zhivotnovodstvo,1
slightly,1
diamandi,1
differ,1
captivity,1
equivalent,1
cheekpieces,1
slipping,1
staff,1
hunyadiholom,1
burials,1
amateur,1
harding,1
glyptic,1
aleksandrovka,1
investigations,1
attention,1
immigration,1
harnessing,1
dietary,1
increasing,1
space,1
carried,1
depth,1
consists,1
indication,1
speculate,1
depressed,1
christian,1
padova,1
assigned,1
median,1
iranica,1
magpie,1
stems,1
peers,1
perry,1
note,1
movements,1
universiteta,1
adequacy,1
naturally,1
groves,1
resistant,1
scienze,1
deaths,1
crusted,1
skelka,1
evrazii,1
empire,1
hsu,1
becomes,1
sensitive,1
army,1
slozhnom,1
yale,1
curation,1
effectively,1
mounts,1
softer,1
oddly,1
sequences,1
remaining,1
inadequate,1
expert,1
length,1
gosudarstvenyi,1
gallery,1
settled,1
inspired,1
examine,1
hierarchical,1
existed,1
rifei,1
magnification,1
pferdes,1
get,1
ismea,1
formirovaniya,1
association,1
equid,1
documenting,1
forest,1
stable,1
biology,1
middens,1
considered,1
mouthpiece,1
dutton,1
materialy,1
proof,1
environment,1
qualicum,1
seriously,1
then,1
marks,1
outlier,1
growing,1
sexing,1
impulse,1
conclusion,1
complexity,1
changing,1
zutterman,1
finest,1
ao,1
extending,1
milking,1
steel,1
constituted,1
hypothesized,1
mutton,1
unbroken,1
beside,1
continues,1
maikop,1
aspects,1
thousand,1
grazing,1
kuzmina,1
trapped,1
perforated,1
spots,1
doi,1
sherds,1
equipment,1
matveeva,1
salvini,1
cover,1
tangazdasag,1
eneoliticheskikh,1
shortcoming,1
prikaspiya,1
defining,1
berkeley,1
exploded,1
dairy,1
introducing,1
rear,1
andronovo,1
paper,1
confident,1
interested,1
unknown,1
leaders,1
gazelle,1
historical,1
denoted,1
half,1
mane,1
amounted,1
current,1
intrusion,1
akkadian,1
foundation,1
ideological,1
paleontology,1
samare,1
obviously,1
rely,1
benefit,1
reflected,1
examining,1
unrealized,1
placing,1
boborykino,1
enlarged,1
living,1
advances,1
better,1
pushing,1
places,1
sredni,1
hemp,1
lens,1
according,1
mongolian,1
luhansk,1
pooled,1
microlithic,1
answered,1
combined,1
unique,1
kulevchi,1
cooking,1
references,1
coast,1
imposed,1
colder,1
map,1
signature,1
vostochnoi,1
firmly,1
theory,1
vinogradovka,1
utyevka,1
leaving,1
secure,1
margulana,1
fighters,1
migrations,1
kumkishu,1
information,1
episode,1
carpathian,1
skomal,1
categories,1
buhen,1
travel,1
des,1
cluster,1
pogrebeniyakh,1
personal,1
stepnogo,1
soldier,1
aurochs,1
izucheniyu,1
noses,1
naked,1
otdel,1
overgrow,1
preserved,1
scotti,1
nomads,1
reported,1
boiler,1
molar,1
sea,1
asiana,1
particles,1
datum,1
november,1
die,1
subject,1
territory,1
adapted,1
screen,1
domesticates,1
phenomenon,1
indians,1
phoenix,1
maintained,1
isolated,1
ensuing,1
aspect,1
think,1
ein,1
varied,1
saratovskogo,1
pair,1
webb,1
formation,1
archaologische,1
spring,1
sediments,1
bloodline,1
kells,1
locations,1
onagers,1
reveals,1
zones,1
intensified,1
alakul,1
phalanges,1
khvalynskii,1
zum,1
stratification,1
iconic,1
catch,1
accept,1
cernavodd,1
kutzurub,1
badenboleraz,1
dangerous,1
bokonyi,1
fauna,1
correlated,1
consumption,1
nashei,1
product,1
depressions,1
photograph,1
playing,1
area,1
instinct,1
ecsedy,1
veda,1
bigger,1
archaic,1
reorganized,1
anonymous,1
respective,1
siege,1
offered,1
wondered,1
besides,1
tip,1
removing,1
raid,1
attending,1
beakers,1
elites,1
consisted,1
supply,1
akad,1
ramus,1
vary,1
cook,1
reached,1
pontic,1
moskva,1
views,1
deposition,1
endangered,1
entire,1
supplementary,1
develop,1
impress,1
roe,1
itogi,1
ends,1
networks,1
livestock,1
rivista,1
pulling,1
orlovskaya,1
built,1
fur,1
close,1
draft,1
charioteers,1
occur,1
