WORDCOUNTS,WEIGHT
the,1320
of,874
in,578
and,483
a,271
to,258
is,193
that,187
it,144
as,144
which,141
was,127
this,122
for,120
with,120
central,107
from,105
were,97
at,95
have,90
are,88
settlement,84
on,84
europe,78
by,73
been,70
not,68
ca,64
has,62
there,61
be,61
bc,58
an,57
but,56
social,56
they,53
der,51
corded,50
more,49
evidence,49
local,47
such,45
change,45
eba,45
ware,42
pattern,41
these,40
period,40
bronze,40
some,39
than,39
their,39
j,38
we,38
also,36
area,36
its,35
use,34
copper,34
settlements,33
may,33
one,32
male,32
or,31
later,30
patterns,30
while,30
early,30
pp,29
time,29
although,28
into,27
age,27
now,25
metal,25
areas,25
new,25
over,25
p,24
late,24
population,24
sites,24
where,24
lake,24
between,24
s,23
millennium,23
burials,23
most,23
occupation,23
seen,23
associated,23
und,22
neolithic,21
shennan,21
phase,21
fourth,21
small,21
many,21
bell,21
fur,20
no,20
had,20
used,20
different,20
third,19
rather,19
akademie,19
burial,19
work,19
during,19
southern,19
culture,19
when,19
beginning,19
prestige,19
groups,18
before,18
other,18
changes,18
m,18
part,18
already,18
earlier,18
germany,17
large,17
those,17
site,17
found,17
out,17
can,17
european,17
major,17
ritual,16
cemeteries,16
since,16
danube,16
even,16
generally,16
only,16
made,16
valley,16
much,16
all,15
zur,15
development,15
fig,15
appearance,15
decline,15
same,15
horse,15
very,15
western,14
similar,14
et,14
expansion,14
discussed,14
would,14
increasing,14
cemetery,14
did,14
through,14
recent,14
if,13
women,13
seems,13
con,13
metallurgy,13
result,13
f,13
archaeological,13
extremely,13
goods,13
what,13
them,13
males,13
role,13
secondary,12
i,12
beakers,12
items,12
cultural,12
main,12
university,12
geschichte,12
exploitation,12
economic,12
material,12
any,12
fortified,11
long,11
rich,11
represented,11
just,11
important,11
well,11
gender,11
above,11
two,11
grave,11
low,11
clear,11
so,11
alpine,11
probably,11
widespread,11
both,11
die,11
years,11
increased,11
suggested,10
first,10
production,10
could,10
ustav,10
within,10
houses,10
subsistence,10
petrequins,10
aspects,10
beaker,10
basis,10
clearance,10
south,10
various,10
female,10
competition,10
do,10
including,10
ln,10
dating,10
exchange,10
northern,10
pottery,10
indication,10
construction,10
mounds,10
earliest,10
clearly,10
given,10
occur,10
does,9
source,9
date,9
bohemia,9
eastern,9
possible,9
processes,9
far,9
growth,9
parts,9
special,9
numbers,9
indications,9
distribution,9
gesellschaft,9
further,9
regions,9
poland,9
materials,9
urund,9
trb,9
fact,9
men,9
perhaps,9
flint,9
products,9
general,9
graves,9
archeologicky,9
mba,9
paper,9
suggests,9
until,9
defined,9
wissenschaften,8
group,8
clairvaux,8
deutschen,8
exotic,8
last,8
context,8
albeit,8
west,8
alte,8
after,8
study,8
von,8
river,8
elsewhere,8
impact,8
daggers,8
argued,8
w,8
recently,8
because,8
apparent,8
place,8
least,8
archaeology,8
contrast,8
units,8
about,8
chronology,8
ideology,8
again,8
end,8
v,8
number,8
argument,8
archaologie,8
like,8
become,8
widely,8
life,8
forest,8
extensive,8
whether,8
terms,8
particular,8
middle,8
c,8
represent,7
complex,7
lower,7
taken,7
domestic,7
key,7
e,7
activity,7
point,7
representations,7
relations,7
process,7
reason,7
slovenskej,7
show,7
view,7
greater,7
based,7
im,7
tools,7
appears,7
required,7
al,7
information,7
status,7
revolution,7
suggest,7
around,7
chronological,7
led,7
he,7
situation,7
still,7
once,7
under,7
restricted,7
ceramic,7
shows,7
considerable,7
shown,7
another,7
increase,7
points,7
decorated,7
high,7
antiquity,7
especially,7
schweizerische,7
dispersed,7
comes,7
changing,7
must,7
assumed,7
seem,7
type,7
form,7
size,7
bronzezeit,7
distinctions,7
themselves,7
final,6
concerned,6
introduction,6
sources,6
certainly,6
preceding,6
implications,6
nature,6
containing,6
farther,6
case,6
representing,6
human,6
relatively,6
swiss,6
journal,6
whereas,6
prehistoric,6
scale,6
emphasis,6
oaks,6
rituals,6
riding,6
cham,6
fallow,6
involved,6
weapons,6
villages,6
activities,6
indicates,6
antler,6
noted,6
regional,6
sherratt,6
others,6
larger,6
doubt,6
axes,6
less,6
assemblages,6
region,6
largely,6
significance,6
traction,6
oxford,6
often,6
types,6
itself,6
austria,6
then,6
here,6
stability,6
agricultural,6
carpathian,6
des,6
pits,6
phenomenon,6
cambridge,6
d,6
north,6
resources,6
way,5
implies,5
arrowheads,5
occurred,5
track,5
being,5
t,5
switzerland,5
friihen,5
bavaria,5
differences,5
hoards,5
british,5
existence,5
quantities,5
marked,5
horgen,5
hierarchy,5
de,5
g,5
interest,5
century,5
periods,5
bone,5
phases,5
whose,5
developed,5
how,5
levels,5
derived,5
prehistory,5
organization,5
alps,5
dated,5
jura,5
upper,5
followed,5
societies,5
centers,5
density,5
nitra,5
pollen,5
absolute,5
hierarchies,5
r,5
collective,5
people,5
kultur,5
below,5
germania,5
impossible,5
finds,5
deer,5
community,5
lb,5
single,5
light,5
increasingly,5
power,5
available,5
lack,5
took,5
existing,5
demokratischen,5
degree,5
varying,5
fruhgeschichte,5
examination,5
described,5
mitteleuropaischen,5
lakes,5
spread,5
latter,5
availability,5
sug,5
southwest,5
archeologicke,5
success,5
sequences,5
length,5
arsenical,5
known,5
best,5
down,5
half,5
believed,5
animal,5
extent,5
produce,5
alcohol,5
little,5
level,5
became,5
transition,5
aspect,5
come,5
decrease,5
explanation,5
course,5
land,5
consumption,5
deposits,5
abandoned,5
among,5
estimated,4
undoubtedly,4
village,4
true,4
history,4
contexts,4
wool,4
schmotz,4
emerged,4
possibilities,4
increas,4
hunting,4
slovakia,4
east,4
primary,4
u,4
x,4
indicating,4
along,4
timber,4
review,4
characteristic,4
developments,4
concerning,4
dates,4
adult,4
german,4
without,4
obtained,4
landscape,4
importance,4
b,4
certain,4
animals,4
ingly,4
exploited,4
basin,4
republik,4
international,4
zone,4
domestication,4
wealth,4
wide,4
artifacts,4
symbolism,4
plow,4
beitrage,4
world,4
steppes,4
society,4
will,4
likely,4
ceremonial,4
variety,4
short,4
southeast,4
baden,4
represents,4
technology,4
reports,4
links,4
toward,4
longer,4
appeared,4
distributions,4
typological,4
forms,4
ground,4
relevant,4
see,4
assemblage,4
discussion,4
arose,4
entirely,4
significant,4
stelae,4
characterized,4
k,4
attention,4
respect,4
continued,4
usually,4
exceptional,4
who,4
detailed,4
existed,4
set,4
control,4
innovations,4
believe,4
deposited,4
particularly,4
according,4
n,4
explanations,4
ones,4
categories,4
practices,4
techniques,4
sion,4
tions,4
question,4
ultimately,4
ores,4
involving,4
remains,4
specific,4
second,4
strong,4
successive,4
built,4
edge,3
indicated,3
substances,3
tion,3
red,3
needed,3
kinds,3
completely,3
sudden,3
flows,3
inequality,3
properties,3
every,3
befestigte,3
archae,3
might,3
tradition,3
great,3
reasons,3
survey,3
real,3
subsequent,3
feature,3
precisely,3
chiefdoms,3
deriving,3
ceskoslovenske,3
alloying,3
growing,3
side,3
bones,3
agriculture,3
account,3
prior,3
move,3
kruk,3
warfare,3
sign,3
mid,3
thus,3
kind,3
cases,3
convincing,3
amount,3
ha,3
ment,3
lesser,3
poor,3
his,3
l,3
arising,3
lasting,3
scattered,3
factors,3
category,3
maros,3
gemeinlebarn,3
locally,3
linked,3
gradually,3
house,3
dispersion,3
uses,3
access,3
changed,3
symbolically,3
inter,3
standardized,3
though,3
simple,3
cannot,3
public,3
siedlungen,3
du,3
start,3
example,3
issues,3
mn,3
personal,3
own,3
presented,3
working,3
family,3
several,3
visible,3
majority,3
rhone,3
provided,3
settle,3
mondsee,3
chalain,3
classic,3
make,3
forschner,3
direction,3
zurich,3
tually,3
included,3
belonging,3
traisen,3
picture,3
reoccupied,3
comparison,3
decorative,3
gested,3
occupied,3
behind,3
adjacent,3
paris,3
present,3
unit,3
valleys,3
casting,3
remained,3
greatest,3
values,3
food,3
hohensiedlungen,3
rare,3
sees,3
previous,3
three,3
rozhledy,3
individual,3
provides,3
interregional,3
outside,3
salt,3
evolutionary,3
mainly,3
effect,3
amber,3
oak,3
relative,3
mil,3
exchanged,3
provide,3
lines,3
bulletin,3
becomes,3
millennia,3
indicate,3
analysis,3
ing,3
meant,3
latest,3
series,3
simply,3
symbolic,3
cultures,3
devalued,3
worth,3
emergence,3
generalized,3
hamlets,3
places,3
nearby,3
phenomena,3
socioeconomic,3
transport,3
despite,3
went,3
results,3
using,3
evidenced,3
clearances,3
our,3
wild,3
origins,3
conditions,3
unetice,3
manufacture,3
smaller,3
shift,3
roughly,3
potential,3
variations,3
deposition,3
technological,3
comparable,3
should,3
southeastern,3
pfyn,2
difficult,2
go,2
siedlung,2
paralleled,2
lation,2
bericht,2
imported,2
affected,2
considerably,2
american,2
replaced,2
partially,2
formed,2
convertible,2
specialist,2
sets,2
globular,2
margot,2
ore,2
anthropology,2
mittleren,2
necessarily,2
unlike,2
zwischen,2
lovosice,2
moravia,2
corresponding,2
par,2
negative,2
diffusion,2
cast,2
pastoral,2
vikletice,2
car,2
repertoire,2
give,2
asso,2
prestigious,2
definition,2
principles,2
broadly,2
producing,2
arises,2
billamboz,2
das,2
state,2
political,2
midgley,2
kratischen,2
officiants,2
posts,2
episodes,2
linear,2
task,2
nology,2
ornamentation,2
italian,2
felt,2
say,2
reconstruction,2
localized,2
labor,2
blades,2
difficulties,2
costumes,2
due,2
aus,2
terraces,2
domain,2
regarded,2
occurs,2
excavations,2
pig,2
smelting,2
extensively,2
robb,2
young,2
left,2
external,2
storage,2
drawn,2
terrace,2
hodder,2
apparently,2
deeply,2
acted,2
rates,2
finishes,2
federsee,2
opposed,2
weapon,2
recognized,2
neolithikum,2
distinction,2
across,2
notion,2
remote,2
nekropole,2
bron,2
risk,2
lasted,2
connected,2
altheim,2
ciated,2
cave,2
enabled,2
lennium,2
support,2
references,2
sleeves,2
affect,2
females,2
harder,2
presumably,2
traces,2
frequently,2
reviewed,2
too,2
situations,2
influ,2
resource,2
populated,2
powerful,2
neustupny,2
coincide,2
faced,2
decades,2
molds,2
appear,2
plausibly,2
franz,2
correlate,2
hafted,2
concentration,2
location,2
agenda,2
route,2
begun,2
faunal,2
farmsteads,2
effort,2
her,2
cannabis,2
cart,2
cakovice,2
popu,2
respects,2
kommission,2
circulation,2
situated,2
ranking,2
neighboring,2
effective,2
buried,2
institute,2
produced,2
appearing,2
otherwise,2
however,2
metals,2
directly,2
patriarchal,2
impression,2
briefly,2
outstanding,2
sulfide,2
having,2
line,2
y,2
tool,2
nine,2
imagined,2
floodplain,2
significantly,2
competing,2
tombs,2
egalitarian,2
whole,2
year,2
realm,2
fit,2
mitterberg,2
climatic,2
actually,2
neugebauer,2
away,2
gear,2
surrounding,2
rise,2
connections,2
markedly,2
hungary,2
pressigny,2
excavated,2
inuit,2
sense,2
distances,2
le,2
metallographic,2
few,2
bridge,2
daten,2
core,2
up,2
resistance,2
notes,2
impor,2
vorgeschichtliche,2
institut,2
franzhausen,2
matter,2
carried,2
indeed,2
subject,2
horses,2
exception,2
gaining,2
adze,2
wheels,2
petrequin,2
communities,2
yet,2
examined,2
thought,2
continuity,2
us,2
friihbronzezeitliche,2
profane,2
complete,2
outlined,2
archaologische,2
declining,2
cheek,2
hilltop,2
french,2
decoration,2
technique,2
pathian,2
shortening,2
archaeologically,2
renewed,2
pointed,2
addition,2
idea,2
occurrence,2
pressure,2
plan,2
break,2
becker,2
remain,2
arsenic,2
succeeding,2
bronocice,2
drinking,2
increases,2
ur,2
manner,2
continuing,2
accepted,2
ubergang,2
origin,2
distance,2
understanding,2
mean,2
investment,2
helmsdorf,2
background,2
nucleated,2
range,2
trajectory,2
enormous,2
previously,2
elite,2
skeptical,2
defences,2
rivers,2
virtually,2
factor,2
assume,2
radiocarbon,2
stayed,2
clearing,2
ties,2
reality,2
obtaining,2
amounts,2
times,2
philipp,2
flood,2
function,2
played,2
lie,2
shortly,2
black,2
strongly,2
include,2
relation,2
ornaments,2
correlated,2
tree,2
shallow,2
dendrochronology,2
sacred,2
excluded,2
italy,2
figures,2
saw,2
tendency,2
leubingen,2
la,2
petroglyphs,2
division,2
separate,2
culmination,2
things,2
rampart,2
suggestion,2
independent,2
movements,2
oxide,2
fully,2
pieces,2
cereal,2
transformed,2
began,2
bows,2
why,2
saale,2
dans,2
gemeinlebam,2
table,2
supporting,2
zum,2
susan,2
cam,2
thinly,2
wheeled,2
considered,2
detail,2
differentiated,2
anthropological,2
environment,2
rises,2
following,2
conclusion,2
mentioned,2
psychoactive,2
intensification,2
incorporated,2
grand,2
wear,2
ever,2
marshy,2
meat,2
plain,2
equipment,2
minimization,2
defining,2
each,2
expanding,2
hausen,2
episodic,2
followers,2
foundation,2
ideological,2
figure,2
historical,2
going,2
ethos,2
possibility,2
unlikely,2
horns,2
attain,2
spatial,2
lengths,2
problem,2
consisting,2
original,2
basel,2
almost,2
ideal,2
contain,2
vessels,2
st,2
chasseur,2
wearing,2
attached,2
variability,2
conventional,2
arguments,2
eneolithic,2
representation,2
dereivka,2
palisade,2
undecorated,2
devoted,2
models,2
distinguish,2
locations,2
differentiation,2
difference,2
herds,2
stratification,2
insight,2
dense,2
specialists,2
attributes,2
france,2
enclosures,2
showed,2
demo,2
offered,2
supported,2
vessel,2
penetrated,2
km,2
temperatures,2
remedello,2
interaction,2
develop,2
focus,2
duration,2
zones,2
building,2
woven,1
frequent,1
kulturbeziehungen,1
ments,1
syntax,1
currently,1
mostly,1
o,1
done,1
oriented,1
cerekiew,1
mikrostruktur,1
horizontal,1
common,1
glaciers,1
forschungen,1
dagger,1
fruhbronzezeitliche,1
corporate,1
problematical,1
kochel,1
montrond,1
separated,1
tory,1
extend,1
environmental,1
introductions,1
nec,1
resulted,1
insufficiently,1
ending,1
bushes,1
rhine,1
measures,1
nowa,1
adoption,1
schaft,1
plows,1
substratum,1
per,1
expect,1
becoming,1
center,1
rada,1
discover,1
adigmatic,1
putative,1
properly,1
unobtainable,1
tend,1
designed,1
stone,1
woolly,1
authority,1
tors,1
ways,1
denmark,1
strictly,1
centration,1
mit,1
favor,1
considerations,1
conical,1
decade,1
trace,1
protection,1
reduced,1
committee,1
resurgence,1
frage,1
emphasize,1
laid,1
pasture,1
subjection,1
total,1
stretches,1
oxen,1
onset,1
arrived,1
postulates,1
causes,1
calibration,1
ufacturing,1
appropriately,1
princeton,1
closely,1
institutes,1
stog,1
overgrazing,1
turning,1
efficacy,1
test,1
cutting,1
gesting,1
round,1
rozpravy,1
singen,1
highlighted,1
piles,1
overcoming,1
gap,1
upland,1
transitions,1
patrilineally,1
fundstelle,1
peiting,1
hence,1
vorbronzezeitlicher,1
roman,1
regeneration,1
dynamique,1
faktor,1
interests,1
fk,1
retouched,1
meters,1
dition,1
chassey,1
neutron,1
actual,1
anywhere,1
worked,1
england,1
mitteleuropas,1
altering,1
words,1
decouverte,1
height,1
oberschlesien,1
manische,1
leading,1
belong,1
broken,1
together,1
ostorf,1
thank,1
overflows,1
carrying,1
carts,1
achievement,1
aesthetic,1
able,1
disappearance,1
sometime,1
ences,1
link,1
wessex,1
closer,1
hundred,1
entered,1
expense,1
greatly,1
take,1
reproduction,1
married,1
ancestry,1
patterned,1
traditionally,1
inferring,1
miles,1
emphasized,1
stand,1
influences,1
raised,1
normal,1
pamdtky,1
decreased,1
activi,1
item,1
signs,1
oberried,1
horseback,1
insti,1
contents,1
fruhe,1
schongau,1
system,1
jahreschrift,1
documenting,1
takes,1
occasional,1
typologically,1
crystal,1
depending,1
sophisticated,1
einordnung,1
dr,1
arsenates,1
bamberg,1
dying,1
attribute,1
uplands,1
exploiting,1
iv,1
cleared,1
demography,1
depredations,1
discuss,1
right,1
unterbinnwang,1
vol,1
placement,1
donauworth,1
bohemian,1
ax,1
sixteenth,1
associ,1
securely,1
characterize,1
vaguely,1
ance,1
wealthier,1
dep,1
sumption,1
functions,1
hiatus,1
exaggerate,1
fine,1
whatever,1
apart,1
taking,1
smooth,1
regards,1
consequent,1
rela,1
ide,1
enlargement,1
ideologically,1
diffused,1
periodisierung,1
overlooking,1
bowls,1
decreasing,1
spain,1
hiearchies,1
moral,1
empha,1
romisch,1
kristiansen,1
cere,1
plowed,1
inhu,1
bogen,1
attract,1
officants,1
controlled,1
exist,1
gruppe,1
steppe,1
centralized,1
postcranial,1
includes,1
berichte,1
deux,1
collapse,1
differential,1
relocation,1
situa,1
southampton,1
southwestern,1
harz,1
wirtschaft,1
dynamics,1
southermost,1
anean,1
neukirchen,1
materialhefte,1
initial,1
against,1
lungen,1
warder,1
prague,1
erable,1
disper,1
unterhausen,1
reflection,1
mixed,1
lasts,1
rites,1
nordwestlichen,1
walter,1
uniformity,1
dozen,1
assessment,1
tripartite,1
dence,1
bestehen,1
z,1
spans,1
affairs,1
exhausted,1
dis,1
priority,1
sleeve,1
thing,1
rank,1
inserted,1
elements,1
unspecified,1
conjuncture,1
blame,1
creating,1
feasible,1
perspective,1
oxidized,1
document,1
vom,1
back,1
marriage,1
encompass,1
prd,1
response,1
palustre,1
unob,1
cates,1
suitable,1
compared,1
brackets,1
pamatky,1
waterlogged,1
pure,1
estimate,1
compare,1
networks,1
ologists,1
helpful,1
tral,1
interlocking,1
occidental,1
details,1
unpub,1
fruhbron,1
operative,1
traditions,1
urgent,1
hardly,1
maleness,1
diffuses,1
chariots,1
poorly,1
festschrift,1
crossroads,1
exten,1
van,1
opium,1
pow,1
mechanisms,1
fastener,1
civilization,1
hamlet,1
via,1
interesting,1
reconstructed,1
betrays,1
simplified,1
dendro,1
subordination,1
essential,1
phallus,1
universitatsforschungen,1
teries,1
identification,1
transformations,1
rivnac,1
czechoslovakia,1
ox,1
subjected,1
minimal,1
decker,1
camp,1
ceme,1
superficial,1
centered,1
adds,1
scrapers,1
h,1
debated,1
dendrochronologie,1
langquaid,1
rack,1
sort,1
en,1
lba,1
supposes,1
universitat,1
swept,1
dietz,1
presentation,1
myself,1
burnished,1
stuttgart,1
roedelsee,1
typus,1
killing,1
goes,1
spi,1
proportion,1
associate,1
expan,1
chambers,1
europa,1
peer,1
holz,1
studies,1
matched,1
unterfinningen,1
hierarchization,1
individ,1
lay,1
future,1
datierung,1
mation,1
tance,1
chronologischen,1
easy,1
divided,1
gathering,1
firing,1
aneolithikum,1
monuments,1
neolithische,1
peripherally,1
wagon,1
insistence,1
schutzbefestigungen,1
occu,1
applied,1
tinued,1
pfahlbausied,1
sudgriechenland,1
old,1
marks,1
consider,1
possibly,1
erland,1
objects,1
established,1
physically,1
bit,1
seeing,1
specify,1
driven,1
weltenburg,1
air,1
dominate,1
aly,1
sachsen,1
northeastern,1
altbronzezeitliche,1
vitality,1
straints,1
undated,1
austrian,1
commonly,1
starling,1
carpathians,1
superior,1
shorter,1
oi,1
ques,1
argu,1
robbing,1
debuts,1
inputs,1
actes,1
definite,1
problems,1
monial,1
pology,1
neckar,1
plenum,1
gebiet,1
bevolkerung,1
coppers,1
odd,1
gailnau,1
silt,1
symbolized,1
providing,1
recalibration,1
cut,1
balkan,1
bronzezeitlichen,1
charcoal,1
friends,1
matching,1
regenerate,1
sulzburg,1
raw,1
sv,1
sive,1
discus,1
came,1
antiquaries,1
ditions,1
chronologie,1
lead,1
inten,1
aftermath,1
competitive,1
tra,1
declined,1
kaufering,1
kegan,1
transient,1
method,1
demise,1
called,1
color,1
strength,1
typical,1
luscherz,1
taining,1
relating,1
seven,1
conventionally,1
scenes,1
alloy,1
allowing,1
centrally,1
calibrated,1
percentages,1
predecessor,1
halle,1
mond,1
equivalents,1
mined,1
coalitions,1
galgenberg,1
uberblick,1
cups,1
equally,1
understood,1
landesamt,1
bifacially,1
witnessed,1
cak,1
metalworking,1
foreland,1
sharply,1
thiiringer,1
monopolization,1
dispersal,1
arguing,1
energy,1
safe,1
record,1
hoppingen,1
microregion,1
repercussions,1
sauskas,1
centrale,1
occ,1
find,1
rehman,1
enough,1
tut,1
gained,1
stations,1
near,1
pfahlbausiedlungen,1
technical,1
globally,1
gemein,1
oped,1
keeping,1
artefacts,1
enables,1
invisible,1
jahrringanalyse,1
degrees,1
closed,1
revealed,1
formerly,1
inexhaustible,1
inferred,1
comprises,1
cord,1
claim,1
concept,1
heavily,1
london,1
purpose,1
zentralinstitut,1
knowledge,1
related,1
indigenous,1
department,1
confirms,1
woodland,1
konrad,1
childe,1
continuation,1
consistently,1
discussions,1
inherited,1
expansive,1
demonstrates,1
partly,1
icon,1
beginnings,1
records,1
imitations,1
ploughman,1
archaeologists,1
bits,1
beads,1
mitteldeutsche,1
documented,1
reflect,1
breaks,1
anything,1
systematic,1
showing,1
thule,1
vorund,1
monopoly,1
reisensburg,1
artifact,1
speculatively,1
interpreted,1
includ,1
my,1
polity,1
langengeisling,1
trends,1
attributed,1
narcotics,1
sink,1
presumption,1
manifestation,1
either,1
probleme,1
aided,1
preceded,1
good,1
sparsely,1
vening,1
drums,1
indi,1
indicator,1
societes,1
cesko,1
field,1
cold,1
carry,1
buildings,1
happurg,1
prevalence,1
grass,1
clothes,1
mediterranean,1
bedeutender,1
exclude,1
quite,1
soci,1
hierachies,1
migration,1
munich,1
migrating,1
temporary,1
peak,1
essentially,1
distinguished,1
alluvial,1
usual,1
differing,1
tended,1
degradation,1
dem,1
inte,1
plexities,1
fashions,1
occasions,1
managed,1
annual,1
tracks,1
progress,1
cosmology,1
germanischen,1
slo,1
slackening,1
donment,1
manching,1
grejfen,1
alteren,1
eralized,1
plausible,1
ottaway,1
appropriate,1
value,1
velocity,1
branc,1
archaeozoologia,1
sophistication,1
schematic,1
switz,1
behalf,1
sbornik,1
distin,1
nations,1
survived,1
unidimensional,1
activation,1
san,1
wald,1
functioning,1
visually,1
polished,1
dendrochronologically,1
cosmological,1
populations,1
identified,1
britain,1
ironical,1
synthesis,1
strasbourg,1
overall,1
contrasted,1
bridewealth,1
braudelian,1
hortfund,1
schemes,1
corporation,1
return,1
geometrically,1
accumulation,1
reorganization,1
reproducing,1
object,1
prove,1
uber,1
besiedlung,1
avail,1
expanded,1
surviving,1
accumulations,1
migra,1
studien,1
initially,1
petit,1
movement,1
modes,1
haag,1
raum,1
put,1
disappears,1
bohmen,1
structural,1
krottensee,1
illuminating,1
fighting,1
postulate,1
coherence,1
simultaneous,1
indus,1
incursion,1
floods,1
interpretation,1
museum,1
reference,1
makes,1
marginal,1
acknowledgments,1
halberds,1
plough,1
repair,1
metallurgical,1
fifth,1
specifics,1
temperate,1
beams,1
copyrite,1
zapotocky,1
europas,1
commoner,1
perspectives,1
rightly,1
equipped,1
dropped,1
rising,1
iiber,1
dialectical,1
ances,1
excellence,1
turkheim,1
buhl,1
largest,1
confirmed,1
patterning,1
spaten,1
maintained,1
monopolized,1
fairly,1
inference,1
boheimkirchen,1
rings,1
alteration,1
members,1
holubice,1
tractable,1
westward,1
skill,1
jointing,1
participated,1
challenge,1
runs,1
tlements,1
chance,1
varies,1
ask,1
jahrringkalender,1
rock,1
spear,1
dittenheim,1
subfossil,1
elbe,1
lighter,1
cordons,1
joints,1
traceable,1
encompassed,1
cortaillod,1
sisting,1
stimulus,1
xii,1
striking,1
mafia,1
neuchatel,1
geometrical,1
lacks,1
children,1
enable,1
contradict,1
daily,1
anthro,1
isolate,1
sym,1
guishing,1
bernerkungen,1
contemporary,1
ceeding,1
diameter,1
flocks,1
man,1
excluding,1
suc,1
anthropologist,1
ages,1
nie,1
remarkable,1
neolithique,1
model,1
trunks,1
developing,1
competitors,1
purposes,1
validity,1
excavation,1
empire,1
establish,1
vulnerable,1
urnfields,1
strategies,1
containers,1
necessary,1
freising,1
anthropologie,1
deep,1
simplicity,1
sill,1
vucedol,1
rals,1
frequency,1
circu,1
routledge,1
ordinary,1
style,1
nordlich,1
chalcolithic,1
gives,1
nobody,1
wood,1
remarkably,1
regionally,1
constance,1
grounds,1
milisauskas,1
demonstrated,1
grouping,1
glockenbechersymposium,1
displace,1
analyzed,1
spolecnosti,1
lap,1
vast,1
averaged,1
supplies,1
invested,1
examples,1
ets,1
easier,1
thanks,1
discovery,1
reversed,1
width,1
limitations,1
formal,1
logs,1
enhanced,1
distinctly,1
scatter,1
progressively,1
archeologick,1
sufficiently,1
contacts,1
osition,1
warrior,1
identity,1
concern,1
bayerischen,1
controlling,1
expression,1
assumption,1
rescue,1
variation,1
vocabulary,1
hutting,1
sequence,1
ideas,1
evolution,1
trend,1
unetitzer,1
nothing,1
continue,1
hunted,1
condi,1
struction,1
converse,1
trasts,1
sieves,1
theoretical,1
involves,1
versions,1
wheel,1
open,1
staffelberg,1
osten,1
stag,1
switched,1
historic,1
pressehaus,1
funktion,1
emphasizing,1
gration,1
trensenbelege,1
publication,1
dominated,1
pin,1
held,1
lished,1
novotna,1
hypothesizing,1
geweihspitzen,1
plains,1
divisions,1
valorized,1
started,1
bradford,1
fastnesses,1
summer,1
hammer,1
plant,1
statistically,1
tribal,1
features,1
lakeside,1
curve,1
mines,1
uni,1
dry,1
stages,1
ended,1
probable,1
connects,1
improved,1
preservation,1
standard,1
reuse,1
tangential,1
valued,1
konstein,1
possess,1
methods,1
essary,1
successors,1
decorating,1
overcome,1
topics,1
biel,1
deliberate,1
accordingly,1
hierarchical,1
structure,1
hunters,1
congres,1
slightly,1
hunter,1
attracted,1
incontrovertible,1
save,1
impressed,1
postholes,1
niederosterreichisches,1
cen,1
investigations,1
combina,1
inhumation,1
convincingly,1
justice,1
gen,1
ranging,1
dealing,1
filchendorf,1
convinc,1
defensible,1
dawn,1
satellites,1
ostosterreich,1
siderable,1
involve,1
imply,1
karlstein,1
belonged,1
publishing,1
she,1
bulk,1
sometimes,1
stream,1
addressing,1
ecological,1
five,1
differs,1
ests,1
headdress,1
practical,1
tech,1
arrow,1
begin,1
archetypical,1
vertical,1
wittislingen,1
insufficient,1
sec,1
tusks,1
vlii,1
urnfield,1
restarts,1
tin,1
outline,1
seventeenth,1
lations,1
coercion,1
importantly,1
oddly,1
demoktratischen,1
thirteen,1
alpen,1
originated,1
rapidly,1
littoral,1
essing,1
postulated,1
asymmetry,1
vorgeschichte,1
expectations,1
cease,1
expla,1
inferior,1
christgarten,1
surprising,1
dead,1
ology,1
kallmunz,1
firmation,1
mortice,1
exists,1
get,1
wassertrudingen,1
examine,1
consid,1
worlds,1
sicht,1
gathered,1
nsionyetit,1
investigate,1
phe,1
imitated,1
stable,1
metallurgie,1
stephen,1
burned,1
produc,1
anthropomorphic,1
hiearchy,1
abandonment,1
practised,1
polten,1
singular,1
practice,1
tainable,1
ual,1
repaired,1
version,1
biography,1
detect,1
log,1
continues,1
symbols,1
korrespondenzblatt,1
precise,1
recognizable,1
thousand,1
les,1
mittlere,1
constructed,1
proposes,1
membership,1
perforated,1
historischen,1
occurrences,1
fortification,1
robbed,1
text,1
symbol,1
sourcing,1
budd,1
touest,1
microscale,1
absoluten,1
mediter,1
coincides,1
amphorae,1
weaponry,1
know,1
guteraustausch,1
favorably,1
pioneering,1
colonization,1
tendencies,1
trackway,1
languages,1
cm,1
seine,1
tomb,1
sheep,1
suggestions,1
contained,1
connection,1
challenged,1
referees,1
unknown,1
bolically,1
stmcture,1
leaders,1
turkova,1
jedrychowice,1
argue,1
wall,1
schofflisdorf,1
current,1
regard,1
aban,1
waibling,1
milk,1
centrations,1
intro,1
obviously,1
archaologisches,1
equilibrium,1
aerial,1
sought,1
pit,1
distinctive,1
antiq,1
vacuum,1
past,1
archeo,1
advances,1
merely,1
destroyed,1
venskej,1
sredni,1
subordinate,1
phd,1
hemp,1
schweizerischen,1
sexual,1
liquid,1
heads,1
notable,1
proceedings,1
combined,1
cooking,1
unsuspected,1
chro,1
accounts,1
cause,1
desirability,1
slovenske,1
maintain,1
seasonal,1
artifactual,1
map,1
transactions,1
ceased,1
angela,1
densities,1
characterizes,1
bayerisches,1
periphery,1
antlers,1
woiwodschaft,1
thousands,1
require,1
mittelland,1
malachite,1
moyen,1
cloth,1
baltic,1
tant,1
influenced,1
assump,1
listed,1
agreed,1
transgression,1
zezeitlichen,1
danish,1
beziehungen,1
art,1
conference,1
wandering,1
nj,1
remember,1
craftsmanship,1
intention,1
uncontrolled,1
preserved,1
friihgeschichte,1
four,1
prehis,1
reported,1
urnenfelderkulturen,1
affecting,1
uniform,1
kin,1
dependent,1
sea,1
prevalent,1
archaodendrologischer,1
confirm,1
devel,1
possession,1
intents,1
salzach,1
step,1
brushwood,1
com,1
obtain,1
presupposes,1
images,1
clothing,1
agrios,1
isar,1
bernburg,1
exploit,1
isolated,1
coming,1
budapest,1
construed,1
ization,1
subtlety,1
varied,1
precision,1
dominant,1
nagyrev,1
heide,1
moderate,1
soft,1
logicky,1
conducive,1
innsbruck,1
spolecenskych,1
presumptively,1
gbtting,1
plowing,1
patriarchy,1
average,1
intensified,1
cussed,1
ancillary,1
circulating,1
national,1
strikingly,1
ved,1
accept,1
mode,1
isles,1
contributed,1
gravel,1
typically,1
integrated,1
socially,1
need,1
trichterbecher,1
physical,1
product,1
clearest,1
build,1
integration,1
niederosterreich,1
settling,1
sification,1
derive,1
reviving,1
inequalities,1
tributaries,1
measured,1
scape,1
mainz,1
enclosure,1
francisco,1
practiced,1
formity,1
anonymous,1
needs,1
am,1
graberfeldes,1
auvernier,1
territories,1
occurring,1
ated,1
removed,1
gesell,1
ensuring,1
nucleation,1
succeeded,1
inconclusive,1
communi,1
fahlerz,1
reached,1
sits,1
ignated,1
texts,1
substantial,1
sciences,1
evi,1
mediators,1
uity,1
traditional,1
duction,1
tlement,1
establishment,1
pulling,1
doing,1
fiirurund,1
roles,1
linen,1
close,1
draft,1
inventories,1
mili,1
fingerprints,1
eties,1
assem,1
hypothesis,1
