WORDCOUNTS,WEIGHT
the,1858
of,1331
and,1230
in,786
a,471
to,375
cyprus,245
pp,239
p,238
from,202
that,177
on,177
or,166
at,160
as,137
archaeology,133
bronze,132
for,126
is,125
an,123
age,123
j,121
with,120
by,103
mediterranean,100
have,99
prehistoric,98
early,98
archaeological,89
cypriot,87
social,86
are,84
s,79
be,78
late,77
department,72
sites,70
this,70
e,68
copper,66
studies,64
report,64
university,61
d,61
bc,60
it,59
more,57
material,57
has,56
evidence,56
may,54
during,54
was,53
prehistory,52
m,52
production,50
cultural,50
new,50
not,50
held,49
island,48
et,48
settlement,47
these,47
site,46
chalcolithic,46
were,45
fig,44
between,44
its,43
culture,43
some,42
data,42
preba,42
other,41
journal,41
their,41
knapp,41
which,41
period,40
been,40
c,39
w,38
but,38
radiocarbon,37
b,36
research,36
also,36
eastern,35
de,35
r,34
excavations,33
about,33
such,32
economic,32
only,32
survey,32
i,31
society,31
v,31
trade,31
american,30
within,30
g,30
millennium,30
goteborg,30
pottery,30
most,30
all,29
international,29
khirokitia,29
h,28
t,28
developments,28
dates,28
n,28
time,28
over,28
world,27
l,27
well,27
use,27
recent,27
kcu,26
neolithic,26
population,26
cypriote,26
date,25
human,25
than,25
record,25
field,25
sotira,25
two,25
both,25
if,24
one,24
ecu,24
scu,24
would,24
north,24
there,23
history,22
first,22
development,22
even,22
stanley,22
no,22
le,22
several,22
f,22
although,22
proba,21
western,21
into,21
center,21
part,21
oxford,21
foreign,21
bulletin,21
antiquities,21
subsistence,20
had,20
regional,20
associated,20
system,19
coastal,19
oriental,19
peak,19
goods,19
cambridge,19
remains,19
schools,18
central,18
akrotiri,18
southern,18
ancient,18
study,18
middle,18
o,17
they,17
troodos,17
british,17
mosphilia,17
museum,17
ayios,17
economy,17
much,17
archaeologists,16
political,16
century,16
dispersion,16
manning,16
further,16
any,16
institute,16
valley,16
possible,15
stone,15
sultan,15
pleistocene,15
aegean,15
aspects,15
change,15
power,15
kissonerga,15
fieldwork,15
perhaps,15
least,15
we,15
indicate,15
often,15
what,15
suggests,15
major,15
tou,14
products,14
those,14
context,14
along,14
unpublished,14
emergence,14
levant,14
work,14
apparent,14
issues,14
structures,14
preliminary,14
calibration,14
end,14
see,14
made,14
increase,14
northern,14
who,14
table,14
must,14
through,14
became,14
years,14
environmental,13
swedish,13
hala,13
project,13
deer,13
limited,13
still,13
toward,13
present,13
where,13
three,13
problems,13
series,13
current,13
animal,13
terms,13
list,13
metal,13
mortuary,12
vegetation,12
out,12
phase,12
how,12
just,12
whereas,12
approach,12
pattern,12
patterns,12
local,12
can,12
la,12
earliest,12
colonization,12
agricultural,12
theory,12
urban,12
land,12
increased,12
lemba,12
represent,11
large,11
complex,11
likely,11
monograph,11
archae,11
philia,11
elites,11
con,11
distinctive,11
third,11
certain,11
k,11
changes,11
exploitation,11
faunal,11
occupation,11
aetokremnos,11
people,11
peltenburg,11
level,11
few,11
provided,11
second,11
many,11
model,11
range,11
so,11
after,11
leventis,11
temporal,11
very,11
distribution,11
prestige,11
interaction,11
traditional,11
should,11
village,10
du,10
long,10
secondary,10
holocene,10
since,10
served,10
established,10
edinburgh,10
important,10
centers,10
because,10
status,10
ucla,10
acts,10
chronological,10
demographic,10
external,10
paris,10
elite,10
marki,10
become,10
politicoeconomic,10
known,10
iron,10
coast,10
presented,10
entire,10
despite,10
transition,10
conditions,10
chronology,10
area,10
later,9
tion,9
fouilles,9
expedition,9
resulted,9
excavation,9
might,9
nature,9
reveal,9
vol,9
thus,9
vrysi,9
tekke,9
ment,9
yet,9
developed,9
factors,9
les,9
based,9
near,9
london,9
indigenous,9
involved,9
australian,9
periods,9
will,9
kalavasos,9
metallurgical,9
lund,9
figurines,9
contemporary,9
landscape,9
pygmy,9
contacts,9
nicosia,9
exchange,9
ecological,9
analysis,9
mediter,9
different,9
kaminoudhia,9
past,9
while,9
maroni,9
now,8
calibrated,8
groups,8
settlements,8
mainland,8
available,8
last,8
opuscula,8
case,8
plain,8
key,8
clearly,8
ritual,8
surplus,8
throughout,8
cf,8
kition,8
process,8
similar,8
terminology,8
result,8
intensive,8
same,8
absolute,8
used,8
related,8
year,8
pcu,8
excavated,8
interregional,8
working,8
around,8
decline,8
up,8
cattle,8
critical,8
ical,8
demand,8
ceremonial,8
islands,8
erimi,8
indicates,8
when,8
man,8
demonstrated,8
enkomi,8
dating,8
general,8
features,8
southwest,8
sequences,8
specialized,8
phd,8
whether,8
size,8
pre,8
role,8
isolated,8
our,8
km,8
authority,7
med,7
amongst,7
season,7
attempt,7
seems,7
hunting,7
establishment,7
resources,7
centralized,7
regarded,7
elements,7
picrolite,7
storage,7
van,7
york,7
rather,7
links,7
main,7
kalopsidha,7
means,7
consider,7
river,7
impact,7
atheniensia,7
calendar,7
produced,7
method,7
artifacts,7
ingots,7
gender,7
alambra,7
imports,7
suggest,7
transport,7
villages,7
sea,7
south,7
he,7
expansion,7
farming,7
do,7
less,7
understanding,7
discussion,7
evolution,7
high,7
provides,7
especially,7
systems,7
effect,7
probably,7
anatolia,7
relations,7
antiquity,7
school,7
complexity,7
bioarchaeological,7
iterranean,7
here,7
quaternary,7
natural,7
control,7
cemetery,7
cultures,7
number,7
combined,7
map,7
chypre,7
shown,7
protohistoric,7
fauna,7
sur,7
little,7
close,7
final,6
does,6
anatolian,6
affected,6
per,6
group,6
aceramic,6
occurred,6
variety,6
std,6
ii,6
differences,6
help,6
existence,6
figs,6
activity,6
x,6
frankel,6
controlled,6
pig,6
determinations,6
y,6
phases,6
communities,6
growth,6
earlier,6
statistical,6
metallurgy,6
elsewhere,6
metals,6
four,6
show,6
toumba,6
lead,6
could,6
found,6
access,6
extinct,6
burial,6
recently,6
vasilikos,6
lakkous,6
oxhide,6
place,6
surrounding,6
whilst,6
revolution,6
order,6
ological,6
small,6
presence,6
agridhi,6
led,6
situation,6
groundstone,6
populations,6
action,6
vounous,6
continuity,6
us,6
imported,6
increasingly,6
lack,6
shows,6
neolithique,6
relevant,6
strategies,6
sequence,6
characterized,6
like,6
contact,6
occupied,6
episkopi,6
support,6
forest,6
practice,6
simply,6
paper,6
industry,6
depart,6
byzantine,6
type,6
advances,6
proceedings,6
dhali,6
extent,6
emergent,6
until,6
intensified,6
materials,6
stratification,6
monographs,6
ca,6
proposed,5
ranean,5
created,5
drakos,5
episodes,5
sphere,5
food,5
sheffield,5
total,5
being,5
common,5
allow,5
asia,5
editions,5
state,5
east,5
primary,5
bones,5
logical,5
brun,5
information,5
quantity,5
memoire,5
exist,5
collapse,5
simmons,5
acta,5
bone,5
price,5
theoretical,5
perspective,5
according,5
without,5
vs,5
recherches,5
linked,5
upper,5
lithic,5
painted,5
helped,5
raw,5
public,5
sedentary,5
initial,5
placed,5
chal,5
paleoenvironmental,5
received,5
brought,5
example,5
sydney,5
either,5
crete,5
attention,5
results,5
finds,5
span,5
therefore,5
various,5
identified,5
overall,5
make,5
once,5
interpretation,5
ideology,5
bulk,5
ceramic,5
los,5
variation,5
forms,5
ages,5
took,5
original,5
sixth,5
discontinuities,5
clear,5
proximity,5
life,5
insularity,5
relative,5
andreas,5
kyrenia,5
greek,5
ras,5
jonsered,5
continued,5
widespread,5
establish,5
overlap,5
responsible,5
types,5
anthropological,5
environment,5
set,5
anthropology,5
biogeography,5
maintain,5
fully,5
lies,5
prospects,5
point,5
debate,5
develop,5
seek,5
ambelikou,5
difficult,4
massif,4
lapithos,4
introduction,4
argued,4
paphos,4
before,4
nineteenth,4
princeton,4
rome,4
contexts,4
dwarf,4
sources,4
implications,4
concentrated,4
location,4
worked,4
origin,4
able,4
subsequent,4
inland,4
marine,4
papers,4
islandwide,4
prior,4
west,4
kourion,4
engage,4
hierarchy,4
evident,4
review,4
southwestern,4
inevitable,4
relatively,4
rural,4
sample,4
cognitive,4
transitional,4
old,4
uni,4
refer,4
levantine,4
honour,4
beginning,4
geological,4
apliki,4
philadelphia,4
angeles,4
district,4
incipient,4
en,4
notion,4
probability,4
them,4
sanctuary,4
special,4
shell,4
distinct,4
affect,4
calsc,4
foothills,4
organization,4
house,4
frequently,4
exploited,4
stewart,4
origins,4
beyond,4
strategy,4
suggested,4
organic,4
closely,4
hippopotamus,4
biogeographical,4
academic,4
vasilia,4
versity,4
exca,4
wealth,4
explain,4
none,4
basis,4
scope,4
already,4
concept,4
tombs,4
overview,4
northwest,4
personal,4
rise,4
overseas,4
ultimately,4
towards,4
keswani,4
buildings,4
preceramique,4
highly,4
essentially,4
annual,4
maintained,4
archaeo,4
single,4
asiatic,4
makes,4
thought,4
fifth,4
restricted,4
polities,4
included,4
light,4
ethnographic,4
al,4
reliance,4
alassa,4
cypriotes,4
provide,4
fact,4
striking,4
harbour,4
shipwreck,4
developing,4
insular,4
monochrome,4
extended,4
background,4
assemblages,4
including,4
trends,4
significant,4
virtually,4
factor,4
congress,4
national,4
previous,4
low,4
significance,4
historic,4
david,4
divisions,4
plant,4
stages,4
magna,4
morphou,4
latter,4
mining,4
evolutionary,4
examine,4
hunters,4
cape,4
immigration,4
carried,4
vassos,4
calbc,4
primarily,4
seen,4
deposit,4
millennia,4
tenta,4
dans,4
quite,4
itself,4
micenei,4
produc,4
eventually,4
suite,4
colonists,4
extensive,4
symbolic,4
objects,4
cover,4
rainfall,4
each,4
sheep,4
abandonment,4
vations,4
innovations,4
did,4
unknown,4
then,4
domesticated,4
better,4
industrial,4
spatial,4
form,4
references,4
plants,4
intensification,4
almost,4
pocketbook,4
des,4
given,4
allows,4
tions,4
bamboula,4
models,4
differentiation,4
course,4
limitations,4
campaign,4
agropastoral,4
specific,4
assumed,4
sectors,4
era,4
exclusively,4
terracotta,4
broader,4
bernard,3
limits,3
fertile,3
stylistic,3
identity,3
offset,3
red,3
alone,3
ultimate,3
engendering,3
replaced,3
ma,3
formed,3
nuts,3
bias,3
astrom,3
greater,3
committee,3
source,3
sequential,3
limestone,3
women,3
predominantly,3
consistent,3
gap,3
certainly,3
frescoes,3
rapid,3
maritime,3
together,3
mesaoria,3
take,3
somewhat,3
wall,3
correspondance,3
cemeteries,3
sacred,3
concepts,3
reading,3
signs,3
surveys,3
kholetria,3
occasional,3
reconstruction,3
gaps,3
iv,3
incorporate,3
cated,3
paleogeography,3
account,3
pierides,3
soils,3
kingsnorth,3
impacted,3
ayious,3
processes,3
cited,3
bolger,3
above,3
economies,3
labor,3
actual,3
quality,3
ovicaprines,3
adopted,3
expected,3
manuscript,3
z,3
estimates,3
pendants,3
response,3
six,3
egypt,3
gomez,3
walls,3
acculturation,3
sardinia,3
whose,3
specialist,3
mountain,3
mean,3
approaches,3
active,3
supplement,3
importance,3
enabled,3
burials,3
paleolithic,3
nor,3
facilitated,3
plat,3
dated,3
presumably,3
numbers,3
porphyrios,3
recovered,3
isolation,3
dhimitrios,3
endemic,3
reflections,3
processing,3
direct,3
erosion,3
ology,3
zone,3
isotope,3
glacial,3
respects,3
fourth,3
memory,3
understood,3
though,3
mainly,3
mate,3
tools,3
cannot,3
erratic,3
however,3
periodization,3
sedentism,3
possibility,3
criteria,3
syria,3
sorensen,3
distinguish,3
kastros,3
spheres,3
occupants,3
purpose,3
egalitarian,3
discussions,3
broad,3
climatic,3
records,3
winter,3
showing,3
extinctions,3
own,3
regions,3
preceded,3
published,3
start,3
sense,3
indicators,3
fallow,3
orient,3
shamra,3
teams,3
eco,3
soil,3
components,3
dramatic,3
appropriate,3
newly,3
geographical,3
activities,3
flourished,3
approximate,3
practices,3
alonia,3
nearly,3
female,3
exception,3
constraints,3
building,3
vie,3
uppsala,3
portrayed,3
concentration,3
karageorghis,3
examined,3
counterparts,3
technology,3
under,3
paleontological,3
elephants,3
extinction,3
rightly,3
every,3
narratives,3
steve,3
noted,3
europe,3
addition,3
water,3
husbandry,3
communal,3
locational,3
longer,3
break,3
classical,3
exported,3
remain,3
mixed,3
never,3
conclusions,3
enough,3
promoted,3
continuing,3
hectares,3
ports,3
necessary,3
lowland,3
assemblage,3
follows,3
degree,3
remained,3
another,3
situated,3
chiefly,3
upon,3
bear,3
helps,3
represented,3
region,3
mycenaean,3
deposits,3
transformed,3
epiktitos,3
samples,3
expand,3
concern,3
empirical,3
entirely,3
decouvertes,3
larnaca,3
resulting,3
pack,3
discontinuity,3
full,3
phaneromeni,3
mylouthkia,3
goals,3
landscapes,3
seasons,3
comprehensive,3
publication,3
august,3
individual,3
collected,3
distinction,3
mammals,3
ongoing,3
internal,3
methods,3
relation,3
interpretations,3
plate,3
structure,3
thirteenth,3
destruction,3
european,3
space,3
abundance,3
dual,3
dominates,3
vouni,3
mammalian,3
five,3
practical,3
bound,3
program,3
exists,3
detailed,3
swiny,3
length,3
why,3
regionalism,3
existed,3
understand,3
stratified,3
ing,3
interpretive,3
considered,3
today,3
heavy,3
archaeologia,3
incised,3
quantitative,3
potential,3
bellapais,3
readily,3
tomb,3
seem,3
stratigraphic,3
best,3
appendix,3
colonisation,3
regard,3
foundation,3
particularly,3
altered,3
benefit,3
u,3
musee,3
places,3
carefully,3
unique,3
involvement,3
utilitarian,3
foundations,3
installations,3
too,3
chronometric,3
conference,3
socioeconomic,3
occasionally,3
preserved,3
documentary,3
far,3
marked,3
ec,3
variability,3
techniques,3
com,3
conventional,3
lab,3
writing,3
xerophytic,3
twentieth,3
rockshelter,3
accept,3
equids,3
approximately,3
include,3
typically,3
canadian,3
need,3
states,3
integration,3
effects,3
defined,3
needs,3
necropolis,3
dictated,3
deposition,3
focus,3
strong,3
technological,3
roles,3
traffici,3
nations,2
resolve,2
gis,2
currently,2
famagusta,2
baudou,2
deny,2
flow,2
oriented,2
underpinning,2
geologique,2
orebodies,2
horizontal,2
symbolized,2
stuart,2
contrast,2
differentials,2
functional,2
separated,2
financed,2
trans,2
unusual,2
tin,2
stands,2
debris,2
ecosystem,2
likewise,2
reflection,2
prediction,2
partially,2
archbishop,2
mobility,2
enhance,2
tend,2
sets,2
strictly,2
di,2
salinity,2
modern,2
hip,2
ore,2
former,2
cycles,2
simultaneously,2
necessarily,2
scientist,2
oxen,2
finely,2
interpretative,2
seventh,2
absence,2
john,2
cultivable,2
impoverished,2
floruit,2
test,2
lower,2
came,2
problem,2
includes,2
sinda,2
unexpected,2
restoration,2
indicated,2
asso,2
humans,2
sulphide,2
england,2
definition,2
containing,2
contextual,2
broadly,2
broken,2
accompanied,2
simple,2
analyses,2
rich,2
helle,2
fruits,2
government,2
link,2
thanks,2
scheme,2
concludes,2
uncovered,2
deemed,2
wealthy,2
feature,2
successional,2
precisely,2
chiefdoms,2
principal,2
ber,2
climate,2
similarities,2
triggered,2
palaepaphos,2
botanical,2
espace,2
capacity,2
discuss,2
geophysical,2
cooperation,2
sturt,2
move,2
apart,2
variations,2
bell,2
indi,2
uncertain,2
dynamic,2
palaeoecological,2
localized,2
distributed,2
della,2
million,2
mc,2
historical,2
terra,2
colonizations,2
differential,2
relocation,2
dependence,2
relationships,2
historically,2
author,2
explained,2
tables,2
fissioning,2
integral,2
characteristic,2
ern,2
conducted,2
socioideological,2
jr,2
asymmetrical,2
forced,2
rank,2
cases,2
decided,2
ciation,2
flourishing,2
ortos,2
immigrants,2
bay,2
clustering,2
body,2
noyes,2
consump,2
houses,2
criterion,2
resilient,2
helpful,2
pos,2
stratum,2
deeply,2
jones,2
influence,2
nique,2
industries,2
typified,2
abiding,2
teppes,2
terrestrial,2
town,2
cilician,2
macquarie,2
circular,2
his,2
sustainable,2
debated,2
sort,2
levels,2
centralization,2
archaeolog,2
contributions,2
symbols,2
offering,2
white,2
summarized,2
animals,2
reason,2
park,2
expe,2
soon,2
plus,2
biogeographic,2
sant,2
organized,2
proved,2
director,2
cyclades,2
differs,2
observations,2
periodically,2
surface,2
tourism,2
goats,2
efficient,2
followed,2
notions,2
peninsula,2
blumler,2
back,2
founding,2
export,2
trajectories,2
encircling,2
ranges,2
anthropogenic,2
pounds,2
societe,2
plateau,2
prehistorians,2
wares,2
typical,2
midden,2
effort,2
behavioral,2
seven,2
deal,2
terminological,2
austin,2
narrow,2
diet,2
luxury,2
percentages,2
variously,2
representative,2
term,2
handbook,2
ann,2
standardized,2
bp,2
barba,2
nel,2
appears,2
tile,2
dispersal,2
wherein,2
scale,2
grounds,2
outside,2
cruciform,2
kouklia,2
wide,2
eustatic,2
tially,2
briefly,2
possession,2
thera,2
hierarchies,2
murals,2
inferred,2
turning,2
interface,2
future,2
prominent,2
prompted,2
civilisation,2
revealed,2
lakovos,2
predicts,2
dialoghi,2
smelting,2
ethnohistoric,2
canberra,2
herding,2
ulu,2
predominance,2
missions,2
seaborne,2
connections,2
cop,2
elephant,2
polity,2
attributed,2
avifaunal,2
grain,2
staple,2
good,2
computer,2
harper,2
indicator,2
correct,2
wi,2
stage,2
coupled,2
villagers,2
nearest,2
bank,2
belt,2
cypress,2
ignore,2
wider,2
propelled,2
pits,2
significantly,2
keegan,2
gene,2
ancestral,2
texas,2
boundaries,2
foremost,2
philip,2
always,2
managed,2
generally,2
inability,2
species,2
progress,2
goat,2
bietti,2
using,2
axes,2
multiple,2
heritage,2
battle,2
evergreen,2
san,2
nation,2
architecture,2
scientific,2
aim,2
lev,2
gradual,2
sys,2
rights,2
comparative,2
mediterraneo,2
brief,2
etc,2
stratigraphy,2
fossil,2
completely,2
unprecedented,2
collapsed,2
perennial,2
shanks,2
plow,2
mention,2
guide,2
emerged,2
criticism,2
suited,2
serve,2
supplementary,2
socio,2
une,2
enigmatic,2
complete,2
memoires,2
teaching,2
geobotanical,2
integrate,2
demonstrates,2
visitors,2
prin,2
begins,2
stolen,2
makarios,2
bar,2
strata,2
recentes,2
picture,2
community,2
disappearing,2
resistance,2
name,2
museums,2
majority,2
french,2
nicholson,2
poole,2
again,2
others,2
megafaunal,2
projects,2
missing,2
comparison,2
conduct,2
scholars,2
stimulus,2
destructions,2
areas,2
rial,2
weeds,2
documents,2
crop,2
mvasp,2
grave,2
anthro,2
larger,2
shallow,2
substantially,2
seldom,2
fragments,2
lions,2
abstract,2
remarkable,2
thousands,2
sector,2
purposes,2
existing,2
jenny,2
parent,2
native,2
narrative,2
carved,2
distance,2
style,2
longboat,2
disregarded,2
wood,2
integrity,2
descrip,2
valleys,2
interpreting,2
archeologiques,2
mice,2
meaningful,2
turkey,2
refining,2
istituto,2
formal,2
assessment,2
sher,2
mari,2
complexities,2
skeletal,2
calic,2
cranial,2
seriation,2
operated,2
refers,2
submitted,2
questions,2
gazetteer,2
continue,2
check,2
maa,2
necessitated,2
natufian,2
described,2
crises,2
discussed,2
sensitivity,2
points,2
dominated,2
essay,2
conducting,2
expended,2
gateway,2
floodplains,2
architectural,2
revised,2
spread,2
function,2
summer,2
explanation,2
played,2
mines,2
dry,2
lie,2
paleo,2
ideational,2
constructing,2
bryn,2
deliberate,2
availability,2
everyday,2
figures,2
tendency,2
nomic,2
sole,2
widely,2
division,2
separate,2
increasing,2
property,2
dealing,2
discussing,2
lo,2
ity,2
imply,2
perspectives,2
polit,2
sealed,2
terranean,2
science,2
france,2
imbalance,2
cyp,2
chalco,2
impressive,2
spindle,2
lines,2
attitude,2
monuments,2
inadequate,2
cherry,2
countries,2
emphasizes,2
graphical,2
hierarchical,2
united,2
logistics,2
igneous,2
inherent,2
sclerophyllous,2
emerging,2
calc,2
maintains,2
ities,2
conservation,2
distributional,2
detail,2
claims,2
supply,2
fertility,2
remelting,2
anthropomorphic,2
share,2
magnitude,2
storia,2
pistachio,2
changing,2
peoples,2
medi,2
locally,2
athens,2
geographic,2
continues,2
theme,2
forests,2
constructed,2
occupational,2
rocky,2
organizational,2
defining,2
dimension,2
arts,2
gale,2
contained,2
setting,2
gone,2
sociopolitical,2
rokitia,2
prominence,2
half,2
domestic,2
iii,2
ideological,2
obviously,2
nouvelles,2
recherche,2
written,2
sought,2
utilized,2
pour,2
palaipaphos,2
works,2
feminist,2
subterranean,2
ologists,2
scholarly,2
selected,2
cause,2
comes,2
add,2
pelten,2
attitudes,2
seasonal,2
adaptation,2
nautical,2
thames,2
landbridge,2
illegally,2
pursued,2
produce,2
balance,2
emphasis,2
art,2
haps,2
vessels,2
church,2
characterize,2
troulli,2
weninger,2
boston,2
trees,2
introduced,2
ace,2
confirm,2
devel,2
dentalium,2
unity,2
unesco,2
au,2
yielded,2
aspect,2
oceanic,2
pology,2
epikitos,2
come,2
wild,2
formation,2
considering,2
tremithios,2
invasion,2
birth,2
difference,2
reveals,2
provenance,2
morphological,2
paphian,2
newsletter,2
wish,2
offer,2
define,2
consumption,2
socially,2
specialists,2
kala,2
product,2
subrectangular,2
derive,2
seeks,2
typology,2
association,2
shift,2
khi,2
maintaining,2
aphrodite,2
supported,2
carbon,2
themselves,2
massive,2
chicago,2
inasmuch,2
pool,2
create,2
maximum,2
plexity,2
severely,2
abandoned,2
gulf,2
immediately,2
adovasio,2
graecia,2
ends,2
taranto,2
built,2
household,2
bce,2
croft,2
nicholas,1
colonize,1
overlaid,1
appeals,1
frequent,1
miller,1
modelling,1
undertakings,1
quotidienne,1
paraklesia,1
tains,1
mostly,1
produces,1
rate,1
mandilares,1
figu,1
dominating,1
practicing,1
ruling,1
ayias,1
prefer,1
liftits,1
statist,1
cactus,1
way,1
dioscorides,1
decreasing,1
climat,1
meaning,1
paleotaverna,1
morphoubay,1
corporate,1
generous,1
revue,1
jonsson,1
adapting,1
failed,1
peaceful,1
exis,1
sported,1
deserve,1
extreme,1
berkeley,1
twooo,1
sozomenos,1
nec,1
determine,1
foraging,1
manage,1
dissolution,1
diane,1
toarchaeology,1
adoption,1
flotation,1
ocean,1
considerably,1
flexed,1
thriving,1
collom,1
deciduous,1
necessitates,1
geo,1
legitimization,1
saged,1
forcing,1
beneath,1
becoming,1
methodology,1
mounted,1
irretrievable,1
perpetuate,1
bioar,1
systematically,1
ana,1
conveys,1
todd,1
offerings,1
agency,1
hellenique,1
moufflon,1
reassessment,1
dhiarizos,1
extant,1
aca,1
anchor,1
zoogeo,1
lecting,1
services,1
omy,1
uniquely,1
sold,1
managing,1
remnants,1
peaks,1
uating,1
ecoenvironmental,1
postprocessual,1
biotopes,1
favor,1
desertion,1
conscious,1
bron,1
calmc,1
conical,1
collection,1
ondary,1
hair,1
acceptance,1
trace,1
evergreens,1
ameliorate,1
comparisons,1
rivers,1
unlike,1
laid,1
hominid,1
evaluating,1
ucts,1
hardpan,1
exceptions,1
oughly,1
lysi,1
skrifter,1
residence,1
abun,1
revision,1
uplifting,1
chief,1
deple,1
theorizing,1
precursors,1
basil,1
pactific,1
gilat,1
themes,1
par,1
negative,1
iakovos,1
highlight,1
anti,1
round,1
said,1
mined,1
highlighted,1
sit,1
sterile,1
inhibited,1
comprehensible,1
decidedly,1
recognized,1
exacting,1
fortune,1
australia,1
temprate,1
discrep,1
modest,1
subrectan,1
ecolog,1
reconstructions,1
constituting,1
revisited,1
fortifications,1
oppor,1
giant,1
fortified,1
press,1
pursuits,1
subsidence,1
concerned,1
exaggerated,1
embayments,1
sitional,1
tsaoudhi,1
originally,1
chaos,1
taken,1
debating,1
military,1
sampling,1
diego,1
mudbrick,1
utilization,1
geobios,1
rare,1
calkn,1
equally,1
kent,1
shipwrecks,1
conjoins,1
heri,1
prestigious,1
mediterranee,1
switzerland,1
reevaluation,1
strip,1
dramatically,1
zeitschrift,1
loom,1
shaped,1
attractive,1
copy,1
olive,1
crops,1
tem,1
down,1
warm,1
rewritten,1
implictly,1
microlith,1
coeconomic,1
great,1
disproportionate,1
constanz,1
right,1
whatever,1
timing,1
accumulated,1
peopling,1
mouttes,1
producing,1
upsaliensis,1
confront,1
troo,1
redistribution,1
accommodated,1
sometime,1
dealer,1
aspira,1
professor,1
shelves,1
providence,1
renfrew,1
erirni,1
styles,1
dolichocranial,1
conceptualising,1
lasting,1
sumes,1
ecotone,1
fresh,1
domesticor,1
pillow,1
morphic,1
ayia,1
fleeing,1
rudimentary,1
intuitive,1
andel,1
manipulating,1
ambelovounos,1
emphasized,1
greatly,1
osteology,1
kataliondas,1
situ,1
robert,1
platforms,1
opposite,1
bronzework,1
competitively,1
alike,1
peten,1
cereal,1
ambiguous,1
pertains,1
ivc,1
alluviation,1
market,1
cargoes,1
prod,1
return,1
lution,1
ashmolean,1
tiated,1
peuplement,1
reoccupation,1
reconsidered,1
ad,1
pennyslvania,1
portable,1
halt,1
fouille,1
nodes,1
nowhere,1
nearer,1
issue,1
side,1
continuities,1
falsifiability,1
ascribed,1
dearth,1
catastrophes,1
geologic,1
gaming,1
maritimae,1
promulgated,1
delimit,1
qadesh,1
non,1
cylinder,1
religion,1
uluburun,1
fiction,1
albeit,1
av,1
ruminants,1
adopts,1
continuum,1
carry,1
modifier,1
pub,1
shafts,1
prolegomena,1
masked,1
tenth,1
imate,1
rests,1
watkins,1
representations,1
mesh,1
retain,1
design,1
zur,1
investigations,1
quantities,1
isotopic,1
opened,1
welcome,1
chest,1
methodologies,1
determined,1
politics,1
capitalize,1
approx,1
facil,1
sibilities,1
exhibits,1
evolving,1
paucity,1
establishing,1
studi,1
loukkos,1
april,1
solely,1
subadult,1
differen,1
reduce,1
bronzes,1
ings,1
richard,1
obvious,1
fine,1
force,1
facilitate,1
taking,1
mental,1
multicellular,1
beakers,1
surrounded,1
except,1
glacio,1
rela,1
treating,1
ide,1
owners,1
michalili,1
cole,1
requirements,1
horticultural,1
mountains,1
enter,1
paleoenvironment,1
against,1
interact,1
nd,1
sardinian,1
empha,1
largely,1
letter,1
eroded,1
measurement,1
opposes,1
fragment,1
georghios,1
lights,1
extramural,1
sand,1
chronologies,1
tied,1
neglect,1
technically,1
inventory,1
behavior,1
hadjisav,1
caprine,1
obser,1
ciples,1
framework,1
embraces,1
exposed,1
ranked,1
bioclimatic,1
repeatedly,1
manucript,1
vases,1
regarding,1
possessing,1
diversity,1
icons,1
accessible,1
legal,1
peripheral,1
limniti,1
typological,1
search,1
reservoir,1
stasis,1
responded,1
practising,1
mundane,1
eras,1
passing,1
tracts,1
draught,1
cabc,1
proceeded,1
classique,1
onic,1
component,1
facts,1
difficulties,1
agreement,1
leur,1
inner,1
intractable,1
strands,1
thinner,1
legitimize,1
contemporaneous,1
longevity,1
catapulted,1
agglomerative,1
kyra,1
due,1
interior,1
kaninoudhia,1
pursuit,1
ican,1
revolve,1
expenditures,1
sediment,1
demoule,1
neighbors,1
dei,1
popotami,1
invaders,1
sumers,1
corner,1
forestall,1
reconstituting,1
admixture,1
divine,1
interest,1
recording,1
arable,1
ability,1
mentalite,1
ow,1
num,1
gendered,1
sweeping,1
santa,1
attested,1
crania,1
adams,1
application,1
tucson,1
encyclopedia,1
expeditions,1
dhimitios,1
materially,1
lincei,1
employing,1
preagricultural,1
tripartite,1
accelerating,1
tectonism,1
dence,1
neutralized,1
dis,1
palaeolithic,1
turn,1
ware,1
succes,1
altogether,1
items,1
stored,1
document,1
blank,1
ugaritica,1
pri,1
stabilized,1
grape,1
concerning,1
koukli,1
sized,1
cali,1
convincing,1
amount,1
defensive,1
herbaceous,1
labmimber,1
homes,1
quantifying,1
nouveaux,1
radio,1
provisional,1
allowing,1
tinuing,1
emphases,1
compared,1
ally,1
elaborated,1
continuous,1
witnessed,1
svenska,1
estimate,1
thin,1
compare,1
find,1
whorls,1
contemporaneously,1
unequivocally,1
weight,1
explore,1
drawn,1
consciousness,1
factions,1
consequently,1
designed,1
communication,1
look,1
excavator,1
micenea,1
prompt,1
constrictions,1
think,1
tentatively,1
apparently,1
belongs,1
strengthening,1
traditions,1
coasts,1
divi,1
occasion,1
imitative,1
underground,1
pronounced,1
hardly,1
surely,1
nuanced,1
dozen,1
harlow,1
overstates,1
gillespie,1
depths,1
morphogenesis,1
shrubby,1
mentioned,1
unlikely,1
nei,1
navigable,1
divergence,1
civilization,1
assessed,1
opposed,1
definitively,1
explanations,1
mea,1
topic,1
repertori,1
eternal,1
vegetable,1
manipulated,1
shipping,1
adequate,1
essential,1
beast,1
oate,1
foun,1
operations,1
miocene,1
etudes,1
indisputable,1
devastating,1
bring,1
sands,1
negatively,1
absent,1
predeter,1
centered,1
skourou,1
pyla,1
bays,1
infestation,1
calculates,1
thou,1
tertiary,1
ically,1
conflation,1
evaluation,1
ideolog,1
tectonic,1
presentation,1
flanks,1
burnished,1
vounari,1
comparable,1
shrub,1
endemices,1
unsettled,1
stuttgart,1
tary,1
environments,1
bristol,1
opportunity,1
institutet,1
mortar,1
tel,1
nsw,1
rescue,1
pointedly,1
wake,1
earthquake,1
eight,1
sponsor,1
archaeometry,1
republic,1
adjustments,1
dwarfed,1
consensual,1
impure,1
aurignacian,1
parts,1
tebrates,1
matched,1
envision,1
empowered,1
jm,1
arbor,1
promoting,1
discoveries,1
navigateurs,1
productive,1
eign,1
von,1
conifers,1
consequences,1
nikolaos,1
update,1
tance,1
aphernalia,1
vasos,1
gathering,1
bleak,1
ath,1
allometric,1
reinterpretation,1
agro,1
modified,1
disasters,1
determination,1
eval,1
parentheses,1
nationalistic,1
palaeozoology,1
wol,1
synchronisms,1
legitimizing,1
biased,1
congested,1
escaped,1
possibly,1
mmws,1
improvement,1
physically,1
familiar,1
benefits,1
image,1
grains,1
peasants,1
affiliations,1
gular,1
branch,1
cjlbc,1
internationale,1
leaves,1
typifies,1
monde,1
meso,1
ideologies,1
longev,1
aly,1
gradually,1
displays,1
decade,1
preoccupation,1
unambiguous,1
northeastern,1
calcrete,1
shore,1
vitality,1
pastoral,1
exemplify,1
utgivna,1
presumed,1
kar,1
overspecialized,1
mischievous,1
trias,1
experienced,1
porary,1
pithos,1
pollen,1
dept,1
sui,1
quakes,1
theomonianos,1
follow,1
klinck,1
defines,1
organisation,1
barnea,1
comprising,1
boundary,1
exe,1
involution,1
reorientation,1
evdhimou,1
reconsideration,1
instance,1
acces,1
plenum,1
cedars,1
permanent,1
paganini,1
nationality,1
photos,1
etude,1
cyprian,1
mawr,1
tarchaeologia,1
preference,1
hermetically,1
trained,1
tory,1
strengthen,1
cut,1
palaeoenvironments,1
view,1
appear,1
vandenabeele,1
hot,1
dc,1
adop,1
iit,1
tunities,1
proficient,1
gelidonya,1
descriptive,1
diachronic,1
expressed,1
skewed,1
onization,1
antiquaries,1
ditions,1
alashiya,1
coroplastic,1
chunks,1
ethnography,1
cumbersome,1
asserts,1
pano,1
complexes,1
societies,1
preor,1
eggshell,1
pasture,1
tural,1
train,1
aitchison,1
chipped,1
ptak,1
traditionally,1
oil,1
foreground,1
referee,1
conspicuous,1
aversion,1
filter,1
changed,1
typify,1
necklace,1
cult,1
trapezi,1
fishing,1
systemic,1
events,1
arboreal,1
cates,1
radical,1
stocking,1
dispute,1
hopkins,1
realize,1
ago,1
indigene,1
amer,1
prepottery,1
tiers,1
burst,1
fuel,1
base,1
celebrated,1
duct,1
inter,1
affluence,1
nium,1
landfall,1
mant,1
embedded,1
repatriate,1
akademie,1
guise,1
cups,1
hippo,1
outset,1
reasons,1
stered,1
eased,1
founder,1
unworked,1
burun,1
elemental,1
precipitate,1
focused,1
buried,1
war,1
hinterland,1
stock,1
wreck,1
uated,1
mesophytic,1
indirect,1
treat,1
intrasite,1
sharpened,1
nkomi,1
fabricate,1
mainphase,1
brookfield,1
devoid,1
suffered,1
feminine,1
younger,1
baltimore,1
energy,1
converging,1
safe,1
palealona,1
excluded,1
occidentale,1
kanakaria,1
catling,1
mophou,1
instrumental,1
required,1
facilities,1
limnitis,1
numerous,1
interpetations,1
exploration,1
rounding,1
tracking,1
toral,1
died,1
james,1
package,1
directly,1
cupriferous,1
sparse,1
impression,1
illustrated,1
ag,1
containers,1
hydra,1
shape,1
pigs,1
oped,1
uispp,1
karmi,1
sanguine,1
participation,1
sharpening,1
perpetuated,1
marsh,1
relief,1
schortman,1
kakas,1
doubt,1
permitted,1
bounded,1
rocks,1
fragmented,1
strengths,1
sculpture,1
sanction,1
circumstantial,1
ditches,1
anchored,1
tool,1
hey,1
strict,1
ideal,1
evo,1
dikaios,1
writers,1
aeto,1
nine,1
protein,1
watercourses,1
claim,1
julia,1
distinctively,1
amathonte,1
tage,1
heavily,1
reality,1
tens,1
athienou,1
salvage,1
competing,1
training,1
introduc,1
lishes,1
play,1
italy,1
inorganic,1
actors,1
ialized,1
excessive,1
processualism,1
tip,1
ten,1
configured,1
geology,1
restructuring,1
parameters,1
spreba,1
metallic,1
loss,1
whole,1
elephas,1
faunas,1
realm,1
gave,1
q,1
older,1
inauspicious,1
combi,1
critique,1
obscured,1
editorial,1
overtly,1
adap,1
collective,1
contains,1
beginnings,1
markedly,1
jo,1
accumulation,1
beads,1
domurad,1
hadrian,1
palynolog,1
device,1
circulation,1
call,1
partiality,1
uncharted,1
bishop,1
proliferation,1
away,1
reflect,1
harbours,1
furthermost,1
floors,1
formations,1
employed,1
lithique,1
folklore,1
occidente,1
diag,1
genet,1
computing,1
alan,1
sions,1
ter,1
my,1
overrepresented,1
memoirs,1
hillside,1
labmuaber,1
tiotemporal,1
narcotics,1
archy,1
clearance,1
heuristic,1
manipulation,1
shortcomings,1
messages,1
bration,1
nonrepresentative,1
agriculturally,1
helladic,1
seacoast,1
politi,1
exemplary,1
phaneromnrt,1
construct,1
optimal,1
closing,1
esteem,1
painting,1
composite,1
desic,1
caused,1
antica,1
nasr,1
hard,1
below,1
stabilization,1
responsibility,1
lowest,1
wildly,1
shaping,1
seized,1
bourke,1
involve,1
fluctuates,1
tested,1
resolving,1
trading,1
next,1
systemwide,1
lettre,1
mcii,1
aletri,1
reaches,1
plex,1
instru,1
barriers,1
arbitrary,1
spatiotemporal,1
trivial,1
ethnologist,1
mavroyi,1
habitation,1
proximate,1
foster,1
mouties,1
redressed,1
migration,1
concerns,1
anchorages,1
mediocre,1
choose,1
bridge,1
vation,1
messinian,1
eighth,1
transfer,1
temporary,1
impressions,1
orogenic,1
ts,1
rates,1
newcomers,1
notorious,1
interand,1
distinguished,1
latest,1
essen,1
mixing,1
nization,1
methodological,1
core,1
rheotoric,1
gradient,1
struck,1
cesnola,1
st,1
news,1
education,1
spurious,1
appreciable,1
hulled,1
inaccessible,1
proper,1
pa,1
correspondence,1
peculiar,1
paleoklichia,1
notes,1
negligence,1
structured,1
mouths,1
windblown,1
steppes,1
value,1
velocity,1
displaced,1
fulbright,1
vermuele,1
nonspecialist,1
interests,1
beverages,1
inform,1
clay,1
sporadic,1
undesirable,1
enjoy,1
reducing,1
impor,1
ungulate,1
concomitant,1
luxuries,1
phi,1
input,1
solomos,1
subsequently,1
hellenic,1
survived,1
replacing,1
portugali,1
palaeoethnobotany,1
portion,1
herein,1
palatial,1
salamis,1
gustav,1
statuses,1
habitats,1
delineating,1
coastline,1
ramifications,1
excludes,1
steady,1
sanidha,1
minor,1
sensu,1
inhabitants,1
curves,1
authorities,1
functioning,1
famines,1
autonomously,1
bringing,1
steadily,1
letters,1
ethnoand,1
interference,1
indicative,1
climax,1
lynn,1
ans,1
overlapped,1
mechanisms,1
short,1
synthesis,1
lamaca,1
hinge,1
located,1
concentrations,1
bis,1
schemes,1
corporation,1
afforestation,1
interiors,1
onward,1
phanourios,1
argues,1
classic,1
yields,1
diagnostic,1
lablm,1
reorganization,1
poor,1
step,1
gain,1
cornwall,1
formative,1
reaffirm,1
emulated,1
controls,1
corsica,1
mainstream,1
expanded,1
interactions,1
comments,1
sponsored,1
eer,1
torrential,1
standing,1
studien,1
torso,1
mainstays,1
targeted,1
chaeological,1
tempered,1
movement,1
grooved,1
barometer,1
seemingly,1
abrupt,1
strategic,1
siri,1
put,1
hold,1
religious,1
innovation,1
sec,1
positive,1
structural,1
dimensional,1
southeast,1
vicinity,1
permanently,1
powerfully,1
queried,1
undergo,1
retrieved,1
coherence,1
communications,1
pursuant,1
edgar,1
springs,1
flat,1
relied,1
donkey,1
mao,1
fair,1
tresor,1
unfavor,1
represents,1
marginal,1
souskiouvathyr,1
generic,1
acknowledgments,1
liondas,1
hier,1
plough,1
array,1
sociocultural,1
northwestern,1
burg,1
inspiration,1
rom,1
ia,1
remnant,1
ne,1
disastrous,1
head,1
neither,1
differentiate,1
anthropologique,1
thesis,1
perceived,1
diagrams,1
complementary,1
metrology,1
bo,1
profane,1
debacles,1
participants,1
falls,1
botany,1
akrow,1
domestique,1
informal,1
publishing,1
vacated,1
abandon,1
lava,1
promotes,1
purity,1
ed,1
unbalanced,1
repercussions,1
um,1
accelerated,1
incorporates,1
dwindled,1
largest,1
costs,1
insights,1
odds,1
plastered,1
qualified,1
reports,1
emotional,1
she,1
praxis,1
frameworks,1
pol,1
garwood,1
stones,1
directions,1
densely,1
skeletons,1
conjecturally,1
outskirts,1
regardless,1
fill,1
units,1
volume,1
angel,1
caved,1
sherratt,1
geomorphology,1
nova,1
transformative,1
seasonally,1
members,1
walled,1
funerary,1
nostic,1
managers,1
archaelogical,1
meatand,1
rienced,1
suit,1
intervention,1
challenge,1
cades,1
archaeol,1
successors,1
inflexible,1
convegni,1
tar,1
mark,1
megafauna,1
renewed,1
ended,1
typol,1
deserves,1
similarly,1
varies,1
eslick,1
hearths,1
ekman,1
towns,1
koma,1
stud,1
proportion,1
rock,1
intraspecific,1
added,1
tiny,1
paleobotanical,1
reappearance,1
adherence,1
overload,1
ibn,1
efforts,1
riverine,1
ange,1
technologies,1
klepini,1
aggradational,1
diminishing,1
marker,1
valid,1
consideration,1
limit,1
coincidence,1
treatment,1
temples,1
occurrence,1
assess,1
recurrent,1
pressure,1
occupations,1
instability,1
travaux,1
transported,1
kaphkalla,1
environs,1
generations,1
apse,1
lc,1
attempting,1
plays,1
doors,1
lacks,1
inevitably,1
layer,1
mizing,1
pacific,1
isolate,1
francaise,1
understandable,1
nucleated,1
cision,1
somewhere,1
distinguishable,1
pastoralism,1
palethnographique,1
liminary,1
sondaar,1
bol,1
aris,1
resolved,1
skouro,1
considerable,1
markets,1
hiatus,1
tech,1
roof,1
serious,1
schwartz,1
removal,1
bradford,1
interim,1
rough,1
gabbros,1
philhellenic,1
mediterraneans,1
ruler,1
skies,1
kissonergav,1
fits,1
adjacent,1
decisively,1
geography,1
accelerator,1
alton,1
topped,1
manner,1
il,1
secular,1
layers,1
kour,1
investment,1
entity,1
validity,1
empire,1
ensured,1
vellos,1
inhabit,1
seventeenth,1
tonic,1
refugees,1
tinuity,1
contracted,1
mammalien,1
potentially,1
council,1
imperialists,1
stech,1
dance,1
endemism,1
exotic,1
digging,1
deep,1
pockethook,1
woman,1
crouched,1
metropolitan,1
begun,1
sicily,1
intangible,1
drafts,1
controversy,1
cul,1
neo,1
tec,1
complicated,1
free,1
dots,1
terracottas,1
regionally,1
day,1
cedar,1
elevation,1
johns,1
anticipate,1
salamisbay,1
multidisciplinary,1
evi,1
palestine,1
forcefully,1
remove,1
querns,1
interpreted,1
imagine,1
riparian,1
archi,1
meetings,1
redman,1
breakdown,1
koninklijke,1
kto,1
exhibit,1
architecturally,1
interleaved,1
expertise,1
fur,1
churches,1
rulers,1
disease,1
session,1
phological,1
examples,1
managerial,1
comprise,1
universitatis,1
discovery,1
completed,1
neh,1
width,1
accompanying,1
eighteenth,1
hemisphere,1
ecologically,1
uplift,1
biodiversity,1
israel,1
odyssey,1
extrapolated,1
trajectory,1
snowfall,1
fictional,1
signaled,1
arose,1
passes,1
marineria,1
previously,1
realities,1
inexorably,1
commercialize,1
sufficiently,1
inver,1
clustered,1
manifestations,1
unconcerned,1
streams,1
crafts,1
trend,1
varying,1
curvilinear,1
controlling,1
ordering,1
waste,1
envi,1
combining,1
secondarily,1
muhly,1
feasting,1
looting,1
persisted,1
tends,1
assumption,1
iso,1
kalibration,1
announcement,1
surrogates,1
mousterian,1
assume,1
inherently,1
ideas,1
harvard,1
gjerstad,1
communica,1
assign,1
storms,1
domesti,1
recovery,1
iskenderun,1
nothing,1
laboratory,1
ores,1
bom,1
vounos,1
ravine,1
fantastic,1
ceremonies,1
purposeful,1
grinding,1
niche,1
eleventh,1
oligocene,1
uruk,1
carnelian,1
collaborators,1
shelter,1
alykos,1
zoogeography,1
rejected,1
topograph,1
templates,1
open,1
kauf,1
envrionmental,1
substitutes,1
biblical,1
loosely,1
equates,1
provoked,1
tis,1
lacustrine,1
adding,1
stockholm,1
jhe,1
express,1
recognize,1
lakes,1
ottoman,1
decorated,1
napa,1
aberrant,1
rains,1
interpret,1
co,1
failures,1
watered,1
pride,1
echos,1
variant,1
inhibiting,1
nederlanse,1
zealand,1
geographically,1
scraper,1
cpsp,1
optimum,1
poraneous,1
heat,1
risen,1
chalklands,1
serves,1
static,1
colo,1
administrative,1
channel,1
configurations,1
ecology,1
keen,1
tangible,1
preservation,1
spa,1
standard,1
abundant,1
segment,1
martin,1
officials,1
adequately,1
reuse,1
ignorance,1
accords,1
akroitiri,1
iensia,1
spent,1
artificial,1
consist,1
millen,1
novo,1
belief,1
mesopotamia,1
strongly,1
valued,1
witness,1
random,1
article,1
guilt,1
salt,1
moist,1
chapel,1
arise,1
juncture,1
viewpoint,1
anoyira,1
philadel,1
essary,1
successful,1
specialize,1
cliffside,1
socioculturally,1
undisputed,1
assessing,1
stand,1
respectively,1
upheavals,1
pro,1
nitra,1
dense,1
influences,1
ib,1
axe,1
paleoclimatique,1
cognition,1
sandblown,1
oak,1
seeking,1
dations,1
distant,1
sharper,1
preand,1
analyze,1
researches,1
greece,1
desposition,1
hunter,1
ate,1
rials,1
inde,1
ascribe,1
koufos,1
merrillees,1
separates,1
elders,1
servation,1
gill,1
quarterly,1
professional,1
caution,1
adaptive,1
occupy,1
quarter,1
controversial,1
facilitates,1
modifications,1
vertebrate,1
hope,1
sailing,1
tence,1
habours,1
competed,1
concluded,1
penultimate,1
offspring,1
exchanged,1
cereals,1
carpet,1
anatomy,1
clusters,1
fostered,1
grandes,1
upthrusted,1
dietary,1
seden,1
rarity,1
depauperate,1
kule,1
schiavo,1
drier,1
ranging,1
psematismenos,1
depth,1
consists,1
bottema,1
athen,1
defensible,1
indication,1
fifty,1
raiding,1
pamboules,1
aspirations,1
hippopotami,1
topography,1
lineages,1
outrageous,1
weights,1
relationship,1
fueled,1
vag,1
untenable,1
ultrabasic,1
stems,1
alcoholic,1
note,1
ary,1
else,1
catastrophically,1
guardedly,1
heywood,1
depleted,1
fairly,1
forego,1
shortest,1
movements,1
bureaucrats,1
fiscally,1
stream,1
crucial,1
usually,1
thumbnail,1
naturally,1
testing,1
fields,1
orderly,1
suggestive,1
boreas,1
smiths,1
opinion,1
pieces,1
prudent,1
alternate,1
vertical,1
urges,1
male,1
geobotany,1
iles,1
predict,1
becomes,1
harbors,1
referred,1
dimensions,1
colonizers,1
off,1
un,1
meat,1
tive,1
rim,1
instinctive,1
brachycranial,1
began,1
scsp,1
goodly,1
proposition,1
importantly,1
contribution,1
position,1
geomagnetic,1
transformation,1
originated,1
rapidly,1
shells,1
deals,1
spawned,1
catalyzed,1
mesozoic,1
nuragic,1
minoan,1
efficiency,1
expectations,1
fe,1
cooperatively,1
fall,1
achieve,1
neutrally,1
acquisition,1
amalgamation,1
phia,1
chamber,1
disk,1
dead,1
answer,1
mother,1
coordination,1
canonical,1
say,1
centuries,1
ebb,1
instances,1
enclosure,1
face,1
tantamount,1
trad,1
olives,1
erosional,1
problematic,1
susan,1
lurgy,1
grounded,1
pressures,1
crowded,1
investigate,1
zavallis,1
disruptions,1
rigorous,1
cam,1
archeolgia,1
res,1
infilling,1
metallurgie,1
populate,1
matters,1
orga,1
ensure,1
realignments,1
burned,1
circumscribed,1
dissertation,1
hardwood,1
landmass,1
archeologici,1
contemplated,1
poids,1
ash,1
fossils,1
nondomesticated,1
rarely,1
takes,1
postmodernism,1
gilead,1
actually,1
reliant,1
following,1
cantoer,1
datations,1
amarna,1
elaborate,1
conclusion,1
hhhhh,1
dome,1
prehistoic,1
homogeneity,1
preclude,1
desiccated,1
sproba,1
ronment,1
extending,1
ermoyenis,1
demonstrate,1
zoo,1
onset,1
maquis,1
hypothesized,1
detect,1
legiti,1
sam,1
reinforced,1
embry,1
palaeogeography,1
recognizable,1
sufficient,1
grazing,1
cuneiform,1
proposes,1
opments,1
membership,1
perforated,1
cracked,1
diets,1
rotterdam,1
besides,1
glimpse,1
otherwise,1
kallopsidhan,1
jemdet,1
offers,1
alternative,1
investigated,1
budd,1
wipe,1
bass,1
modeling,1
downfall,1
weaponry,1
feelings,1
excess,1
geomor,1
continental,1
xerophile,1
myrtou,1
retained,1
intellectual,1
centre,1
proof,1
stamp,1
feral,1
country,1
deconstructed,1
finance,1
cm,1
interrupted,1
avifauna,1
spec,1
novel,1
ratio,1
global,1
distinctions,1
mineral,1
kremnos,1
board,1
believe,1
lagoon,1
capital,1
ubiquitous,1
chron,1
inhuma,1
likelihood,1
rye,1
colithic,1
daily,1
lagarce,1
southernmost,1
ahe,1
scenario,1
pigment,1
post,1
cardinal,1
feed,1
counting,1
milk,1
alternatively,1
entis,1
prejudged,1
dition,1
overhang,1
speculation,1
disperse,1
impossible,1
atively,1
geomorphic,1
combed,1
precarious,1
aerial,1
pollock,1
narrowed,1
cities,1
examining,1
proclaiming,1
engrained,1
cheered,1
placing,1
closest,1
masterpiece,1
quoted,1
cialists,1
living,1
scores,1
structed,1
edge,1
respect,1
turned,1
annuals,1
wilds,1
id,1
agriculture,1
rep,1
agropas,1
ancies,1
shy,1
born,1
bureaucratically,1
nomenclature,1
limi,1
succeeded,1
delineated,1
avoidance,1
likou,1
automatic,1
horns,1
sinai,1
heads,1
reproduce,1
literature,1
seals,1
committe,1
undercut,1
tectonics,1
cadastral,1
namely,1
ones,1
making,1
cvprological,1
want,1
particular,1
slag,1
nearby,1
outright,1
lished,1
preside,1
charged,1
remoteness,1
artifactual,1
manuscripts,1
domesticate,1
impli,1
firmly,1
civili,1
whitewashed,1
shortages,1
recycling,1
temporally,1
supplemented,1
petra,1
estab,1
supplied,1
waters,1
densities,1
predate,1
saddle,1
cincinnati,1
periphery,1
unfavorable,1
priscilla,1
require,1
boys,1
optimistic,1
textual,1
minster,1
orientations,1
enriching,1
huge,1
ini,1
agreed,1
profit,1
geneticists,1
king,1
chypriotes,1
hundreds,1
replacement,1
subhumid,1
contingent,1
contain,1
kara,1
travel,1
finished,1
front,1
popular,1
derived,1
miniature,1
radically,1
outline,1
naked,1
compar,1
intention,1
recognizing,1
whence,1
cyprological,1
son,1
circumstances,1
careful,1
bamboulari,1
recognition,1
paleoeconomic,1
ill,1
prehis,1
refinement,1
preconcep,1
ensemble,1
uniform,1
marily,1
dependent,1
interchange,1
preferable,1
marshalled,1
econ,1
prevalent,1
socioecological,1
undertaken,1
pat,1
regulate,1
cations,1
modes,1
giving,1
maori,1
disjunctive,1
intended,1
universitets,1
egyptian,1
agents,1
mediterrannean,1
casual,1
everywhere,1
territory,1
fellowship,1
measure,1
atti,1
caloc,1
unit,1
contribute,1
programs,1
acknowledges,1
reconstruct,1
treats,1
images,1
divided,1
trigger,1
sizeable,1
families,1
gozlu,1
phenomenon,1
geared,1
motivate,1
disrupted,1
ized,1
colloquium,1
vocal,1
representation,1
ho,1
coming,1
thor,1
construed,1
unequi,1
turkish,1
referential,1
uk,1
webb,1
ogy,1
louise,1
trelloukas,1
belated,1
question,1
intercultural,1
deigo,1
students,1
facile,1
differentiated,1
adopting,1
survival,1
kalevasos,1
commercial,1
locations,1
encouragement,1
undue,1
initiated,1
functions,1
finding,1
amaro,1
paradigm,1
ushered,1
internally,1
frame,1
packed,1
phlamoudhi,1
grapevines,1
mode,1
burnt,1
tactical,1
crisis,1
parallels,1
transformations,1
contributed,1
phy,1
actively,1
instead,1
rossa,1
alluvial,1
integrated,1
spacers,1
consolidated,1
proceeding,1
delineate,1
atrocities,1
output,1
civilisations,1
physical,1
manufacture,1
abandonments,1
smaller,1
arti,1
southeastern,1
attributes,1
disciplinaria,1
etinu,1
forming,1
recourse,1
philosophy,1
broadleaf,1
ramie,1
presenting,1
summoned,1
extremely,1
repeat,1
burdens,1
cap,1
jwp,1
summary,1
sulfide,1
mosaic,1
anonymous,1
mobilized,1
vi,1
observation,1
contradicted,1
cantor,1
cycladic,1
reconsidering,1
refinements,1
settle,1
commu,1
collectif,1
archaeologica,1
palaeokastro,1
conflated,1
shef,1
shillourokampos,1
scholarship,1
charred,1
overclassified,1
incontestable,1
stemming,1
resent,1
chiftlik,1
fonds,1
regards,1
uncertainty,1
texts,1
composing,1
views,1
pulses,1
substantial,1
predictable,1
abroad,1
polished,1
suburb,1
divergent,1
duction,1
impress,1
duration,1
conventions,1
counts,1
mature,1
among,1
whenever,1
diverges,1
networks,1
overconstructed,1
sedimentary,1
overkill,1
dos,1
virtue,1
meeting,1
successive,1
col,1
signals,1
involuted,1
draft,1
vandalism,1
spe,1
arizona,1
discern,1
retrospect,1
gold,1
satellite,1
annales,1
thorough,1
