WORDCOUNTS,WEIGHT
the,916
and,639
of,538
in,310
a,211
to,180
de,161
with,150
is,124
this,99
as,99
from,93
northern,87
are,87
chile,81
on,79
for,77
by,75
at,64
tiwanaku,63
that,61
also,59
atacama,58
were,56
which,55
was,53
en,52
san,52
alto,51
have,51
chinchorro,50
ramirez,50
sites,49
bp,45
el,45
an,44
del,43
pedro,42
area,41
inca,40
y,40
there,39
desert,39
la,39
altiplano,38
be,38
m,37
period,37
western,36
i,36
valleys,36
tradition,35
such,35
arica,33
universidad,32
early,32
related,31
been,31
phase,30
important,30
groups,29
late,29
these,29
development,28
most,28
people,28
andean,28
j,27
prehistory,27
azapa,27
it,26
some,26
or,26
ii,25
chungara,24
between,24
based,23
cultural,23
has,23
coast,23
they,22
designs,22
norte,21
rivera,21
tropical,21
but,21
more,21
probably,21
could,20
may,20
during,20
human,19
l,19
into,19
found,19
p,19
south,19
economic,19
titicaca,19
coastal,18
ceramics,18
intermediate,18
et,18
archaeological,18
known,18
including,17
puna,17
middle,17
c,17
valley,17
red,16
hunting,16
influence,16
site,16
developed,16
precordillera,16
new,16
particularly,16
one,15
all,15
other,15
fig,15
los,15
pp,15
pukara,15
caleta,15
different,15
textiles,14
within,14
central,14
g,14
population,14
several,14
research,14
others,14
region,14
pottery,14
both,14
complex,13
system,13
its,13
southern,13
pacific,13
local,13
black,13
can,13
we,13
later,12
represent,12
v,12
their,12
well,12
part,12
vertical,12
associated,12
las,12
through,12
years,12
among,12
common,11
geometric,11
s,11
along,11
chiripa,11
dates,11
similar,11
oases,11
gathering,11
tarapaca,11
estudios,11
model,11
style,11
santiago,11
not,11
arqueologia,11
salt,11
north,11
evidence,10
those,10
ad,10
nunez,10
r,10
around,10
presence,10
about,10
use,10
three,10
political,10
usually,10
indicate,10
cabuza,10
museo,10
complementarity,10
d,10
extreme,9
settlements,9
h,9
yaya,9
u,9
boletin,9
houses,9
main,9
process,9
university,9
had,9
basin,9
traits,9
andes,9
le,9
core,9
periods,9
expansion,9
quebrada,9
represents,9
two,9
areas,9
patterns,9
where,9
times,9
features,9
especially,9
study,9
ecological,9
iii,9
very,9
type,9
according,9
agricultural,9
mama,9
argentina,9
include,9
defined,9
pisagua,8
e,8
trophy,8
thus,8
camarones,8
environments,8
dated,8
my,8
access,8
near,8
data,8
bc,8
involved,8
small,8
activities,8
historia,8
social,8
huelen,8
rio,8
made,8
sequence,8
atacamenos,8
ethnic,8
high,8
table,8
forest,8
natural,8
transition,8
first,7
seems,7
cerro,7
agriculture,7
includes,7
characteristic,7
american,7
clay,7
developments,7
no,7
highlands,7
museum,7
altiplanic,7
b,7
burials,7
arid,7
viejo,7
prehistoric,7
arqueologicas,7
out,7
used,7
work,7
archaeology,7
few,7
classic,7
influences,7
ware,7
toward,7
covered,7
empire,7
divided,7
characterized,7
genetics,7
earlier,7
land,7
allison,7
un,7
environment,7
seem,7
goods,7
upper,7
northwestern,7
investigaciones,6
resulted,6
excavaciones,6
t,6
production,6
might,6
basketry,6
possible,6
genetic,6
congreso,6
maytas,6
chilean,6
loreto,6
chiu,6
studies,6
white,6
intensive,6
typical,6
zone,6
colonies,6
suggest,6
schiappacasse,6
camelid,6
contact,6
various,6
strategic,6
religious,6
same,6
ceramic,6
head,6
do,6
strategies,6
catarpe,6
extended,6
seen,6
lake,6
low,6
would,6
stages,6
last,6
ornaments,6
sobre,6
saw,6
consists,6
playa,6
earliest,6
over,6
ideological,6
sanctuaries,6
them,6
niemeyer,6
culture,6
occur,6
gold,6
miguel,5
introduction,5
group,5
ms,5
before,5
lowlands,5
pukaras,5
antofagasta,5
actual,5
highland,5
farther,5
located,5
date,5
con,5
framework,5
since,5
journal,5
than,5
phases,5
centered,5
dry,5
dauelsberg,5
mean,5
possibly,5
organization,5
lima,5
elsewhere,5
w,5
suggested,5
iconography,5
closely,5
international,5
produced,5
because,5
future,5
villages,5
f,5
ceremonial,5
above,5
dwellings,5
movement,5
para,5
under,5
many,5
included,5
regional,5
motifs,5
water,5
time,5
end,5
distance,5
reflected,5
loa,5
radiocarbon,5
national,5
defensive,5
like,5
temprana,5
lines,5
polychrome,5
extremely,5
fields,5
considered,5
anales,5
aymara,5
nacional,5
each,5
anthropology,5
paper,5
past,5
living,5
heads,5
economy,5
distribution,5
ecozones,5
revista,5
bodies,5
became,5
techniques,5
copper,5
using,5
andino,5
vi,5
specific,5
reached,5
desierto,5
zones,5
built,5
final,4
tokyo,4
o,4
metal,4
environmental,4
center,4
large,4
stone,4
globular,4
being,4
long,4
asl,4
crops,4
feature,4
eastern,4
iv,4
trays,4
prehispanic,4
point,4
cemeteries,4
village,4
initial,4
iquique,4
ediciones,4
storage,4
bolivia,4
general,4
costa,4
transhumance,4
sector,4
highway,4
una,4
after,4
domestication,4
direct,4
k,4
understand,4
pampa,4
river,4
specialization,4
show,4
peru,4
painted,4
permanent,4
appear,4
circular,4
excellent,4
dwelling,4
su,4
structures,4
floors,4
horizon,4
arqueologicos,4
quite,4
settlement,4
when,4
triangular,4
society,4
noteworthy,4
populations,4
still,4
dialogo,4
santoro,4
marginal,4
amazon,4
anto,4
only,4
chileno,4
chullpas,4
predominant,4
craniometrical,4
pattern,4
bulletin,4
another,4
subsistence,4
understanding,4
increase,4
clustered,4
elite,4
congress,4
styles,4
full,4
cultura,4
clear,4
points,4
spread,4
provides,4
relation,4
hunters,4
relationship,4
continued,4
camino,4
ing,4
anthropological,4
tambo,4
extensive,4
der,4
specialized,4
number,4
phd,4
sus,4
seasonal,4
while,4
berenguer,4
migrations,4
emphasis,4
contain,4
culturas,4
reported,4
sea,4
aguada,4
gentilar,4
although,4
toconce,4
environ,4
sur,4
archipelago,4
classification,4
valles,4
supported,4
comparable,4
recent,4
ethnology,4
editorial,4
major,4
problem,3
miller,3
difficult,3
mostly,3
episodes,3
chilena,3
hyslop,3
replaced,3
maize,3
completely,3
former,3
equated,3
history,3
conquest,3
cama,3
sources,3
colors,3
plateau,3
naku,3
origin,3
studied,3
able,3
reveal,3
state,3
sociopolitical,3
myths,3
momias,3
sophisticated,3
logical,3
west,3
irrigated,3
resources,3
bowls,3
economies,3
sweet,3
tied,3
controlled,3
surplus,3
fechas,3
estudio,3
distinctive,3
ern,3
quiani,3
concentric,3
actas,3
crosses,3
body,3
tacna,3
find,3
occupation,3
traditions,3
walls,3
interesting,3
york,3
rather,3
his,3
esmeralda,3
how,3
importance,3
variant,3
parts,3
references,3
temprano,3
informe,3
n,3
four,3
jars,3
origins,3
called,3
centers,3
peine,3
mining,3
base,3
representative,3
inter,3
popu,3
burial,3
tools,3
holdridge,3
tiliviche,3
urus,3
sedentism,3
possibility,3
directly,3
network,3
basis,3
scope,3
department,3
q,3
place,3
partly,3
occupied,3
herding,3
ter,3
good,3
level,3
field,3
distances,3
straight,3
reaches,3
characteristics,3
shapes,3
highly,3
niches,3
fully,3
domination,3
synthesis,3
grande,3
biological,3
yet,3
oasis,3
technology,3
restricted,3
lowland,3
checkered,3
rectangular,3
turi,3
double,3
cream,3
flat,3
adobe,3
complementary,3
wooden,3
chilpe,3
woollen,3
our,3
larger,3
relacion,3
bittmann,3
purposes,3
less,3
see,3
material,3
antropologicas,3
tiwa,3
argentinian,3
represented,3
contacts,3
rare,3
ties,3
decorated,3
so,3
practiced,3
eyes,3
pro,3
ideology,3
mummification,3
who,3
markers,3
cementerio,3
iconographic,3
life,3
proyecto,3
types,3
periodo,3
face,3
caspana,3
stable,3
anthropomorphic,3
then,3
following,3
complexity,3
incorporated,3
friends,3
vina,3
quitor,3
cultures,3
best,3
domestic,3
rayed,3
post,3
bolivian,3
copiapo,3
fagasta,3
domesticated,3
respect,3
beginning,3
valle,3
adaptation,3
institute,3
andres,3
incaico,3
socioeconomic,3
presented,3
devel,3
ciadam,3
morro,3
departamento,3
varied,3
relates,3
come,3
devoted,3
colla,3
quinoa,3
yungas,3
course,3
remains,3
strong,3
technological,3
dos,3
building,3
arawak,3
ments,2
institutionalized,2
inka,2
now,2
surface,2
estimated,2
way,2
serpent,2
fase,2
tambos,2
taltal,2
semi,2
durante,2
flexed,2
distributed,2
per,2
linguistic,2
mouth,2
contemporaneous,2
becoming,2
qui,2
mobility,2
organic,2
true,2
arqueo,2
rounded,2
navigation,2
flores,2
preparacion,2
character,2
occurred,2
pneumonia,2
migration,2
diversity,2
practices,2
contexts,2
coyo,2
iribarren,2
lower,2
consistent,2
wool,2
zona,2
creation,2
if,2
hombre,2
contamination,2
emerged,2
leading,2
secondary,2
appendages,2
down,2
suggesting,2
simple,2
differences,2
zapahuira,2
torres,2
atlantic,2
ata,2
products,2
inland,2
vegetation,2
separated,2
principal,2
classified,2
hipotesis,2
similarities,2
case,2
slip,2
atlatls,2
existence,2
recorded,2
east,2
key,2
bird,2
america,2
bcalto,2
vol,2
complemen,2
belen,2
sixteenth,2
secuencia,2
tiles,2
establishing,2
crossed,2
combination,2
far,2
climax,2
kero,2
ritual,2
altitudes,2
frequencies,2
preceramico,2
documentos,2
centralized,2
plaques,2
affiliation,2
language,2
relationships,2
tex,2
terraces,2
relations,2
altas,2
bone,2
kind,2
transitional,2
elements,2
old,2
cuneo,2
averaging,2
ocupacion,2
tulan,2
continuous,2
died,2
disks,2
van,2
civilization,2
reflects,2
identification,2
camp,2
uhle,2
precordilleran,2
sort,2
cueva,2
altitude,2
plaza,2
paniri,2
halves,2
monumental,2
organized,2
proposed,2
quarters,2
age,2
influ,2
additional,2
textile,2
lithic,2
beyond,2
indications,2
cotton,2
modeled,2
always,2
andinas,2
exploitation,2
providing,2
irrigation,2
experimentation,2
moving,2
tra,2
societies,2
route,2
appearance,2
alpacas,2
caravans,2
hallucinogenic,2
fishing,2
term,2
academic,2
ceramica,2
further,2
indirect,2
applied,2
cover,2
record,2
hidalgo,2
explain,2
frog,2
periodization,2
mummies,2
silver,2
highlanders,2
canes,2
relief,2
closed,2
artifacts,2
zoomorphic,2
acha,2
comprises,2
yacimiento,2
cordillera,2
antropologia,2
likan,2
desarrollo,2
whole,2
year,2
policies,2
location,2
climatic,2
pukina,2
documented,2
rowe,2
montanas,2
extremo,2
approach,2
relaciones,2
regions,2
depicting,2
stylized,2
officials,2
interregional,2
indi,2
below,2
lasana,2
buildings,2
stage,2
rones,2
family,2
biologically,2
master,2
peak,2
spoons,2
yielded,2
annual,2
codpa,2
up,2
tchapuchayna,2
numero,2
world,2
correspondence,2
structured,2
chin,2
finds,2
will,2
ruinas,2
therefore,2
diez,2
horizons,2
he,2
feline,2
ical,2
situation,2
altiplanico,2
variety,2
architecture,2
polished,2
economica,2
identified,2
ciencias,2
rights,2
cabezuda,2
sociedades,2
play,2
saxamar,2
neel,2
adjusting,2
amerindian,2
roads,2
com,2
verde,2
springs,2
jujuy,2
interpretation,2
continuity,2
evolved,2
chronology,2
latitude,2
socio,2
ara,2
lupaqa,2
experimental,2
dna,2
outlined,2
prehistoria,2
prehispanica,2
contains,2
supernatural,2
sociedad,2
noted,2
opment,2
trails,2
stones,2
useful,2
mound,2
funerary,2
prehispanico,2
french,2
lanceolate,2
visita,2
rock,2
addition,2
provincia,2
llamas,2
instituto,2
beliefs,2
departments,2
angeles,2
mohr,2
incaica,2
considerable,2
never,2
papers,2
conclusions,2
outside,2
took,2
road,2
developing,2
coexisted,2
showing,2
assemblage,2
polities,2
mats,2
cen,2
tary,2
cumbres,2
predominates,2
ruling,2
socoroma,2
mosaic,2
controlling,2
significant,2
basins,2
band,2
processes,2
previous,2
eight,2
complicated,2
calama,2
jose,2
murra,2
peripheral,2
maintenance,2
analisis,2
huts,2
plant,2
ge,2
mines,2
administrative,2
preservation,2
thomas,2
latter,2
exchange,2
ecuatoriana,2
artificial,2
problems,2
become,2
mainly,2
ruben,2
hakenasa,2
nuevos,2
obsidian,2
structure,2
differ,2
faldas,2
figures,2
adaptive,2
focacci,2
concluded,2
division,2
motif,2
clusters,2
necks,2
solar,2
dealing,2
mediate,2
simpler,2
poblamiento,2
movements,2
punas,2
five,2
support,2
order,2
referred,2
force,2
began,2
hi,2
analysis,2
blood,2
fall,2
rim,2
serena,2
sections,2
salta,2
contained,2
stratigraphic,2
colony,2
comes,2
univer,2
zlatar,2
occupational,2
here,2
minerals,2
why,2
bustos,2
know,2
principle,2
interrupted,2
litoral,2
radiocarbonicas,2
tamarugal,2
written,2
associations,2
sierra,2
better,2
places,2
problemas,2
animal,2
rep,2
bajo,2
whether,2
form,2
chro,2
plants,2
paracas,2
particular,2
alti,2
maintain,2
laguna,2
ethnological,2
yield,2
transaltiplanicos,2
information,2
almost,2
suggests,2
aldea,2
art,2
little,2
slopes,2
centro,2
role,2
tried,2
administration,2
indians,2
ized,2
snuff,2
recovered,2
symbolic,2
chiribaya,2
spatulae,2
camps,2
conditions,2
ecosystem,2
grown,2
upon,2
define,2
ferrell,2
gen,2
oldest,2
orga,2
archaic,2
km,2
themselves,2
geographical,2
given,2
interaction,2
develop,2
much,2
cross,2
assume,2
should,2
ca,2
historicos,2
asociados,1
circum,1
mortuary,1
caserones,1
does,1
smoke,1
tains,1
hueien,1
produces,1
hecha,1
done,1
cima,1
lation,1
oriented,1
cultigens,1
edge,1
mensual,1
paleobiology,1
rect,1
fortified,1
ntmeot,1
concerned,1
cacicazgos,1
responds,1
myriam,1
interdigitating,1
imported,1
created,1
top,1
critical,1
noticiero,1
documentales,1
extend,1
expedition,1
monumenta,1
arrive,1
hats,1
gitimized,1
chibaljaya,1
extends,1
mountains,1
poblaciones,1
aufder,1
notably,1
berlin,1
crossing,1
eth,1
sitios,1
conducted,1
pendants,1
radiocarbonicos,1
isted,1
milla,1
chi,1
agroalfarera,1
columns,1
directa,1
likely,1
tierras,1
ditional,1
unveil,1
mallku,1
evidencias,1
cuzco,1
lluvias,1
easily,1
huachichocana,1
notched,1
compilation,1
modern,1
agrarias,1
hair,1
position,1
porto,1
emphasize,1
transhumant,1
harsh,1
ciudades,1
exciting,1
correspond,1
variants,1
salado,1
eastward,1
oates,1
alero,1
finely,1
unidas,1
eye,1
revision,1
bibliografico,1
cultivable,1
permitted,1
women,1
par,1
test,1
experience,1
round,1
pota,1
sit,1
tojo,1
pili,1
provision,1
barriers,1
ecolog,1
revisited,1
chun,1
pur,1
preceding,1
interests,1
retouched,1
handle,1
evolution,1
military,1
indicated,1
culturally,1
tambillo,1
asso,1
corridors,1
selva,1
metrop,1
did,1
definition,1
possibilities,1
reach,1
available,1
agrarian,1
advantage,1
warm,1
together,1
firm,1
remark,1
formativo,1
thank,1
bead,1
kuna,1
pular,1
analyses,1
woodcreek,1
transporta,1
tosi,1
ences,1
descubrimientos,1
closer,1
scheme,1
biologica,1
procedure,1
locality,1
explotacion,1
leatherwork,1
funebria,1
real,1
help,1
achieved,1
fresh,1
wall,1
memorias,1
improved,1
consist,1
huahuarani,1
alucinogenos,1
buenos,1
zilian,1
tiquina,1
platforms,1
activi,1
temas,1
somewhat,1
advances,1
climate,1
buri,1
cuenca,1
historico,1
trumpets,1
alfareria,1
amsterdam,1
movimientos,1
posts,1
british,1
fruhkulturen,1
depending,1
weaving,1
accords,1
pomorphic,1
projectile,1
volcan,1
peruana,1
palli,1
problematica,1
padrones,1
tieszen,1
arcaico,1
primary,1
sought,1
bases,1
exploit,1
nology,1
nificant,1
dupont,1
design,1
stepped,1
loukotka,1
foraging,1
replacement,1
capable,1
semiper,1
copiosa,1
vestigios,1
cap,1
peruanos,1
ance,1
deformation,1
rooms,1
intensively,1
preceramic,1
vital,1
fine,1
taking,1
mental,1
rial,1
reflecting,1
archipelagos,1
simbolica,1
carved,1
ide,1
ideologically,1
apaca,1
pnud,1
istics,1
reconstruction,1
representing,1
entierro,1
implicancias,1
manent,1
beneath,1
equa,1
informes,1
gustavo,1
sand,1
mid,1
bioclimatic,1
labor,1
tribute,1
anzuelos,1
vases,1
regarding,1
squash,1
trephin,1
throughout,1
nuestro,1
review,1
southwestern,1
severe,1
trafico,1
vinculaciones,1
representations,1
inner,1
dillera,1
mm,1
thinner,1
costero,1
pilot,1
objective,1
habitacionales,1
chavin,1
nic,1
proto,1
madera,1
interest,1
ethnohistorical,1
regarded,1
basal,1
sp,1
mixed,1
distri,1
orbital,1
antiguos,1
mamani,1
occurs,1
intermedio,1
grouped,1
coexistence,1
larly,1
schaedel,1
humboldt,1
entire,1
century,1
montana,1
snake,1
socaire,1
achievements,1
feathers,1
caravanas,1
cases,1
concentrations,1
diocarbon,1
distinct,1
self,1
immigrants,1
iation,1
direction,1
keep,1
maximo,1
pablo,1
tempranas,1
refer,1
density,1
ascotan,1
evolutivo,1
pukar,1
chucuito,1
concep,1
gradients,1
ear,1
guata,1
radiometria,1
columbia,1
six,1
cates,1
suitable,1
arranged,1
fechados,1
taming,1
witnessed,1
tili,1
mortalidad,1
tral,1
sci,1
explore,1
giaconi,1
prado,1
sambaquies,1
archaeologist,1
blue,1
tiago,1
evidencia,1
pos,1
details,1
apparently,1
sun,1
castro,1
salty,1
meera,1
economia,1
pronounced,1
ritorial,1
sition,1
start,1
interandean,1
acted,1
adjust,1
dedicate,1
ton,1
antropologicos,1
coincident,1
ment,1
undisputed,1
kept,1
languages,1
ers,1
corded,1
opposed,1
via,1
go,1
ascenciones,1
expansions,1
philadelphia,1
wavy,1
flake,1
simplified,1
ka,1
cuatro,1
tamarugos,1
without,1
bonavia,1
tt,1
torrealba,1
traffic,1
sidad,1
across,1
navarra,1
panels,1
bind,1
bays,1
gress,1
ra,1
landscape,1
levels,1
lazuli,1
kalasasaya,1
tinuous,1
unique,1
cult,1
archaeolog,1
survives,1
mortar,1
paz,1
risk,1
inkauta,1
slipped,1
flexible,1
connected,1
tical,1
arcaica,1
certain,1
refilled,1
entre,1
cronologica,1
ix,1
ciated,1
sanctuary,1
occidentales,1
cave,1
lacking,1
etnoarqueologico,1
upstream,1
feel,1
rays,1
verdadera,1
animals,1
rit,1
scachani,1
radiating,1
scattered,1
imogen,1
mation,1
extremes,1
genetica,1
chincorro,1
multivariate,1
exceptional,1
conanoxa,1
siandean,1
reynos,1
tern,1
changes,1
interpretacion,1
nor,1
coiled,1
precolumbian,1
underdeveloped,1
locally,1
precor,1
objects,1
nitrogen,1
established,1
rated,1
hedionda,1
itinerant,1
cess,1
gular,1
dition,1
latin,1
section,1
planic,1
americanists,1
numbers,1
indios,1
plaster,1
god,1
characterizations,1
accessibility,1
sistematizacion,1
prevent,1
cailloma,1
phism,1
alta,1
hesse,1
esting,1
calcium,1
knowl,1
follow,1
organi,1
anden,1
fre,1
plenum,1
entiation,1
symbolized,1
antecedents,1
coincide,1
mon,1
decades,1
formaciones,1
differently,1
view,1
dispersion,1
dependency,1
hot,1
radial,1
chrome,1
centra,1
whereas,1
estu,1
opening,1
result,1
incomplete,1
pastoral,1
ditions,1
whom,1
meteorito,1
uals,1
arrival,1
allow,1
portable,1
coexisting,1
quimal,1
das,1
color,1
logia,1
pacha,1
relating,1
effort,1
seven,1
lived,1
ering,1
changed,1
solor,1
imperium,1
events,1
relate,1
doberti,1
mythical,1
depictions,1
bottle,1
amer,1
sombrero,1
ogy,1
orbita,1
ican,1
ethnogenetical,1
excavations,1
pre,1
big,1
circulation,1
bution,1
handbook,1
weed,1
pure,1
corrobo,1
honoring,1
neighboring,1
affil,1
pacifico,1
tran,1
focused,1
aportes,1
maritima,1
permits,1
mate,1
desde,1
viewed,1
residential,1
sticks,1
sul,1
onstrate,1
osmore,1
cannot,1
atacamenas,1
wherein,1
obras,1
contactos,1
contiguous,1
wealth,1
nuevas,1
safari,1
tension,1
approached,1
circumpunenos,1
required,1
facilities,1
aridity,1
conceptos,1
opposition,1
acknowledgments,1
drain,1
problema,1
olis,1
surdel,1
tially,1
influenced,1
memory,1
aspects,1
char,1
outstanding,1
pigs,1
marcavalle,1
participation,1
arqueologiocos,1
distinguish,1
paleoenvironmental,1
distinc,1
gatherers,1
sity,1
belonging,1
planning,1
prehistoricas,1
caplina,1
pr,1
sculpture,1
rainy,1
reinhard,1
even,1
stor,1
coex,1
locus,1
mented,1
batres,1
toribio,1
concept,1
simplification,1
desarrollos,1
london,1
tributary,1
explains,1
fgentllar,1
lipez,1
flaring,1
naturalistic,1
apparent,1
pergamon,1
nawpa,1
dios,1
atacameno,1
confined,1
thatched,1
studia,1
revealed,1
adaptations,1
positions,1
ascertain,1
recientes,1
organizacion,1
infant,1
moragas,1
visitas,1
pisos,1
private,1
fit,1
materna,1
arqueoldgico,1
northwest,1
expansive,1
adap,1
toric,1
broad,1
plastered,1
records,1
streams,1
seasonally,1
pesca,1
beads,1
demon,1
torno,1
rituals,1
ethnohistoric,1
reinos,1
universidade,1
proliferation,1
tableta,1
rise,1
ecologicos,1
residents,1
participate,1
predominance,1
couple,1
reconstructing,1
wayampis,1
interpreted,1
status,1
rafts,1
chull,1
relative,1
strongest,1
redistribution,1
amazonia,1
either,1
em,1
citing,1
precipitation,1
change,1
huara,1
least,1
tmeot,1
sense,1
correct,1
upheavals,1
saurian,1
hard,1
working,1
corresponds,1
descripcion,1
constituent,1
cold,1
involve,1
next,1
interacting,1
sonal,1
emphasizes,1
fuentes,1
claim,1
ological,1
registro,1
llama,1
spanish,1
nutritional,1
eco,1
sufficient,1
workshops,1
multiple,1
smithsonian,1
components,1
efectos,1
folk,1
newcomers,1
manchester,1
hexagon,1
phospho,1
distinguished,1
coprolites,1
ancestors,1
latest,1
nization,1
complejo,1
gath,1
llagostera,1
dem,1
symposia,1
strontium,1
mythological,1
descendants,1
oca,1
wakan,1
dependent,1
productivity,1
results,1
politicas,1
und,1
maintained,1
precolom,1
munoz,1
button,1
tabletas,1
provided,1
dency,1
turrialba,1
auto,1
sitio,1
incision,1
moved,1
casa,1
settle,1
valuable,1
schematic,1
impor,1
knowledge,1
frio,1
settlers,1
complicada,1
tulates,1
defended,1
turquoise,1
led,1
usamaga,1
second,1
habitats,1
descriptivo,1
glucomutase,1
io,1
implications,1
trabajo,1
provide,1
matter,1
archaeo,1
alpaca,1
mesa,1
commu,1
functioning,1
estilo,1
ac,1
geoglifos,1
mitteilungen,1
overall,1
vador,1
agricul,1
corporation,1
sobraya,1
drops,1
ignacio,1
exception,1
driest,1
formative,1
make,1
expanded,1
pukinas,1
aldunate,1
linguistically,1
perennial,1
dle,1
paint,1
grooved,1
gathers,1
braided,1
structural,1
southeast,1
single,1
americanos,1
cachicoca,1
canahua,1
pocoma,1
depicted,1
creces,1
communities,1
simultaneous,1
sciences,1
vided,1
incipient,1
reference,1
atacamena,1
pichalo,1
intense,1
makes,1
cor,1
corroborated,1
detectable,1
ring,1
traves,1
fifth,1
us,1
favorable,1
mario,1
gua,1
imitate,1
management,1
unwin,1
home,1
coca,1
falls,1
planned,1
light,1
itation,1
woolen,1
sharply,1
geoglyphs,1
al,1
chulqui,1
already,1
rape,1
wisconsin,1
constitute,1
comentarios,1
begins,1
increasingly,1
speaking,1
gentina,1
functioned,1
altos,1
considers,1
ocasional,1
tall,1
enclaves,1
mechan,1
stemmed,1
organizations,1
starting,1
cavities,1
gated,1
logicos,1
arco,1
waves,1
decoration,1
technique,1
stronger,1
archaeologically,1
avail,1
ethnohistorically,1
cah,1
coni,1
munizaga,1
residence,1
demographic,1
descends,1
termoluminiscencia,1
cultivated,1
fact,1
shows,1
longer,1
lack,1
limit,1
treatment,1
scholars,1
tos,1
occupations,1
pastoralism,1
appeared,1
indianischen,1
essence,1
mummy,1
really,1
anthro,1
variabilidade,1
incorporation,1
surfaces,1
caza,1
klngfloms,1
everything,1
duluth,1
contemporary,1
variation,1
descended,1
collacagua,1
identical,1
golden,1
distributions,1
pennsylvania,1
nchorrb,1
binos,1
great,1
guiana,1
ninez,1
corrals,1
puripica,1
perspectiva,1
bility,1
naciones,1
adapt,1
mor,1
kultrun,1
forms,1
jaime,1
macushi,1
learn,1
arisen,1
ground,1
chain,1
manos,1
evisceration,1
bra,1
replanteamiento,1
sergio,1
superimposed,1
lupica,1
poses,1
seventeenth,1
relevant,1
perma,1
meridionales,1
heterozygosity,1
inhospitable,1
toad,1
chil,1
por,1
ao,1
perhaps,1
woman,1
punctate,1
packs,1
cucharas,1
frequency,1
shovels,1
ink,1
gives,1
rectan,1
streets,1
wood,1
lla,1
dots,1
garci,1
degree,1
sal,1
wrapped,1
preliminar,1
paleoamerican,1
demonstrated,1
crown,1
zation,1
apt,1
technologies,1
exhibit,1
meaningful,1
keros,1
metalurgica,1
link,1
indiana,1
background,1
thanks,1
chiefly,1
maritime,1
ecologically,1
fishers,1
formal,1
arose,1
enormous,1
manufactured,1
skirts,1
lincancabur,1
interamericana,1
peinados,1
iconografia,1
emergencia,1
canals,1
asentamiento,1
europeans,1
biotemperature,1
tarrago,1
hypotheses,1
despoblado,1
persisted,1
operated,1
felines,1
oppose,1
virtually,1
refers,1
sama,1
factor,1
numerous,1
prov,1
bundle,1
ideas,1
complements,1
foundries,1
catalyst,1
salvador,1
individuals,1
chronologi,1
redistributive,1
raising,1
grinding,1
tunupa,1
resents,1
fashion,1
shelter,1
involves,1
described,1
cot,1
vii,1
platform,1
legendary,1
open,1
significance,1
comple,1
bouysse,1
urbana,1
datos,1
psicotropico,1
emphasizing,1
comprehensive,1
obtaining,1
health,1
evolucion,1
faces,1
sipata,1
drains,1
gate,1
tubes,1
allowed,1
estolicas,1
summer,1
caso,1
mask,1
played,1
peppers,1
antecedentes,1
distinction,1
chunu,1
linking,1
meighan,1
ended,1
filled,1
proximity,1
probable,1
danyau,1
toconao,1
depic,1
foreshadow,1
pallar,1
resi,1
strict,1
precordil,1
econdmicas,1
special,1
fatal,1
internal,1
universitaria,1
systems,1
situacion,1
rouse,1
parallel,1
lapis,1
styl,1
craft,1
goteborg,1
narrow,1
overcome,1
sacrificer,1
sig,1
asi,1
pinuta,1
oak,1
publicacion,1
slightly,1
ate,1
peo,1
present,1
southwest,1
equivalent,1
terracing,1
pachacutec,1
summarized,1
connections,1
nomic,1
altiplanica,1
professional,1
remarkable,1
basically,1
revisita,1
productive,1
propose,1
instituti,1
widely,1
vinculacion,1
anatomy,1
huira,1
gustave,1
enough,1
hous,1
extractive,1
suggestion,1
topography,1
lineages,1
ministerio,1
signs,1
states,1
me,1
publishing,1
note,1
tentative,1
redonda,1
indicators,1
seu,1
inhabitants,1
shortest,1
sometimes,1
figure,1
crucial,1
anos,1
shell,1
deep,1
pieces,1
fear,1
centuries,1
complementariedad,1
inside,1
ordinary,1
peruvian,1
primarily,1
bags,1
multi,1
institutions,1
trait,1
means,1
lost,1
poly,1
quency,1
collections,1
sn,1
detailed,1
yale,1
itself,1
estella,1
lations,1
recalled,1
irri,1
torial,1
ch,1
originated,1
recognize,1
whereby,1
cronica,1
antiquity,1
class,1
often,1
responsible,1
fundamentos,1
diagnostic,1
hamact,1
interconnected,1
mortality,1
amalgamation,1
tipificacion,1
disk,1
precip,1
dead,1
stratified,1
wig,1
tardia,1
examine,1
mounds,1
association,1
beans,1
thick,1
cam,1
middens,1
addressed,1
forests,1
undulating,1
fertility,1
chacon,1
tchen,1
alrededores,1
reciprocal,1
colesuyu,1
arte,1
heavy,1
any,1
panama,1
practice,1
broke,1
polymor,1
etnicos,1
series,1
exemplified,1
cue,1
incised,1
ceja,1
conjunction,1
pueblos,1
artefactos,1
tapestry,1
mundo,1
opments,1
must,1
complexes,1
orlando,1
demonstrate,1
agents,1
economically,1
reinforced,1
lumbreras,1
bronze,1
notches,1
indigena,1
spots,1
besides,1
temple,1
westview,1
pt,1
equipment,1
alternative,1
column,1
set,1
coincides,1
feelings,1
outcome,1
defining,1
flow,1
colonization,1
control,1
country,1
statis,1
cemetery,1
ethnohis,1
momificacion,1
sheep,1
anthropo,1
dismantled,1
acterized,1
ocupaciones,1
paleoindian,1
jorge,1
setting,1
strated,1
believe,1
alttplanu,1
tear,1
leaders,1
lier,1
rostworowski,1
dyed,1
argue,1
anthropol,1
temper,1
harpoons,1
recin,1
regard,1
vase,1
ics,1
patrimonio,1
avance,1
exploiting,1
superposition,1
ar,1
clearly,1
brazil,1
researches,1
gene,1
cultivation,1
childbirth,1
guinea,1
essentially,1
particu,1
anthropos,1
bands,1
desiccation,1
consisted,1
hallucino,1
bioanthropo,1
what,1
copaquilla,1
tulor,1
investigation,1
laco,1
depicts,1
spatial,1
tilar,1
stability,1
selected,1
list,1
ones,1
making,1
topater,1
supports,1
costeras,1
nearby,1
calilegua,1
covers,1
incaicos,1
quito,1
tightly,1
penetration,1
chinchorrq,1
consisting,1
estab,1
preliminares,1
waters,1
her,1
foundations,1
correlates,1
oth,1
prestige,1
colonists,1
secure,1
installations,1
serie,1
mino,1
tant,1
zagreb,1
urban,1
adorned,1
qollu,1
wapishana,1
vessels,1
conference,1
mina,1
asnn,1
occasionally,1
costas,1
significado,1
quebradas,1
recognition,1
baskets,1
ill,1
protected,1
erally,1
introduced,1
ulluco,1
pat,1
contribucion,1
weft,1
xliv,1
die,1
metodos,1
investment,1
hereditarios,1
pi,1
aji,1
vertically,1
adapted,1
elementos,1
nently,1
tur,1
contribute,1
obtain,1
lab,1
mention,1
deities,1
hilltop,1
rulers,1
otros,1
coming,1
tions,1
contrasts,1
semiperiphery,1
shores,1
tardio,1
ends,1
algunos,1
wild,1
cuadernos,1
formation,1
undecorated,1
heide,1
ultimately,1
tell,1
paleonutritional,1
multiethnic,1
bush,1
lishment,1
hernan,1
difference,1
conn,1
coated,1
average,1
kingdom,1
decrease,1
materials,1
frame,1
temperature,1
fibers,1
charge,1
highest,1
regionales,1
correlated,1
alleles,1
kolis,1
specialists,1
manufacture,1
saugetierkundliche,1
mas,1
fondo,1
integration,1
involving,1
attributes,1
piece,1
clues,1
colleagues,1
forming,1
paraphernalia,1
moun,1
uation,1
measured,1
madison,1
typology,1
sequitor,1
paraqp,1
sides,1
summary,1
needs,1
intergroup,1
vessel,1
sedentismo,1
intensely,1
tesoros,1
tradi,1
junius,1
assumed,1
archaeologica,1
ribbed,1
ikallamarca,1
serpents,1
interdisciplinary,1
expresion,1
genic,1
butchering,1
sectors,1
chicago,1
resent,1
debate,1
potatoes,1
estratigrafia,1
dark,1
thames,1
vitor,1
manioc,1
rein,1
characters,1
purisa,1
delicate,1
team,1
brochado,1
duction,1
images,1
immediately,1
networks,1
broader,1
successive,1
vaquerias,1
roles,1
close,1
camelids,1
carangas,1
thorough,1
allele,1
hypothesis,1
