WORDCOUNTS,WEIGHT
the,941
of,800
in,547
and,506
to,353
a,264
de,195
for,147
is,135
as,126
chiefdoms,120
that,118
be,97
south,91
are,90
on,89
this,87
with,87
not,83
or,81
by,78
it,76
la,71
have,70
pp,65
social,65
from,65
del,64
at,63
but,63
northern,61
america,58
more,53
m,52
these,52
archaeological,49
been,49
alto,48
regional,48
some,47
has,46
y,46
than,46
such,44
chiefdom,44
development,43
an,43
c,42
central,42
was,42
r,42
agricultural,39
other,38
university,38
muisca,38
en,38
very,37
population,37
which,37
chiefs,36
much,36
production,35
no,35
we,35
j,33
hierarchy,33
can,33
chiefly,32
were,32
they,31
their,31
w,30
competition,30
one,29
regions,29
about,28
region,28
exchange,28
evidence,27
all,26
there,26
warfare,26
wealth,26
political,26
real,25
raised,25
los,25
may,24
its,24
do,24
arqueologia,24
drennan,24
coast,24
valdivia,24
e,23
between,23
maize,22
d,22
ad,21
bogota,21
well,21
archaeology,21
populations,21
so,21
american,20
costa,20
most,20
et,20
forces,20
two,20
if,19
el,19
trajectories,19
p,19
only,19
also,19
how,18
organization,18
record,18
field,18
f,18
large,17
resources,17
g,17
settlement,17
ethnohistoric,17
would,17
magdalena,17
area,17
way,16
complex,16
s,16
l,16
study,16
societies,16
investigaciones,16
occupation,16
change,16
rio,16
craft,16
banco,16
different,16
through,16
valle,15
had,15
sedentary,15
because,15
bc,15
around,15
economic,15
period,15
fields,15
any,15
over,15
control,15
early,15
h,14
millennium,14
even,14
rather,14
subsistence,14
tairona,14
several,14
arqueologicas,14
larger,14
discussed,14
where,14
less,14
both,14
although,14
first,13
i,13
within,13
great,13
surplus,13
k,13
make,13
time,13
new,13
langebaek,13
what,13
llanos,13
difficult,12
does,12
center,12
taken,12
available,12
fundacion,12
leadership,12
similar,12
international,12
neighboring,12
cultural,12
least,12
san,12
us,12
many,12
number,12
sequences,12
known,12
each,12
seem,12
goods,12
las,12
remains,12
substantial,12
long,11
seems,11
those,11
con,11
colombia,11
dynamics,11
benefits,11
ecuador,11
greater,11
out,11
small,11
bar,11
areas,11
rica,11
external,11
enough,11
antropologia,11
andean,11
seen,11
series,11
revista,11
cambridge,11
groups,10
into,10
before,10
chief,10
might,10
take,10
centralized,10
santa,10
storage,10
developed,10
based,10
t,10
society,10
will,10
formative,10
single,10
power,10
present,10
food,10
internal,10
systems,10
pro,10
why,10
whether,10
particular,10
prestige,10
among,10
o,9
lower,9
spencer,9
agriculture,9
barinas,9
factional,9
labor,9
general,9
growth,9
evolution,9
understand,9
emergence,9
important,9
few,9
research,9
rules,9
boletin,9
instituto,9
patterns,9
trajectory,9
elite,9
empirical,9
processes,9
colombiano,9
after,9
penon,9
often,9
construction,9
here,9
sierra,9
form,9
calima,9
departamento,9
pittsburgh,8
ways,8
either,8
sources,8
possible,8
guayas,8
kind,8
centralization,8
coastal,8
burials,8
mora,8
intensive,8
latin,8
scale,8
basis,8
used,8
intermediate,8
structures,8
documented,8
memoirs,8
ceremonial,8
materials,8
comparative,8
demographic,8
end,8
variation,8
years,8
including,8
individual,8
times,8
high,8
especially,8
structure,8
attention,8
ing,8
mounds,8
simply,8
cultivation,8
distribution,8
produce,8
museo,8
offerings,7
modest,7
nature,7
highland,7
differences,7
somewhat,7
system,7
vol,7
prehispanic,7
ritual,7
human,7
museum,7
levels,7
house,7
argued,7
character,7
could,7
luxury,7
im,7
dumbarton,7
public,7
mobilization,7
competing,7
quite,7
involved,7
spanish,7
highly,7
villages,7
activities,7
units,7
historia,7
same,7
nacionales,7
others,7
nevada,7
pattern,7
forms,7
adjacent,7
perhaps,7
another,7
made,7
use,7
sees,7
described,7
sometimes,7
who,7
strongly,7
panama,7
aspiring,7
intensification,7
specialized,7
them,7
terms,7
personal,7
press,7
role,7
our,7
come,7
little,7
re,7
recent,7
later,6
tion,6
settlements,6
stone,6
authority,6
studies,6
village,6
accumulation,6
eastern,6
account,6
sixteenth,6
along,6
thus,6
journal,6
apparently,6
notion,6
una,6
importance,6
prehistoric,6
came,6
basin,6
deal,6
late,6
universidad,6
work,6
tombs,6
during,6
people,6
ridged,6
oro,6
when,6
variety,6
limited,6
constraints,6
communal,6
considerable,6
conclusions,6
see,6
degree,6
like,6
played,6
provides,6
sobre,6
probably,6
continued,6
antiquity,6
cardale,6
conclusion,6
complexes,6
north,6
just,6
extent,6
studying,6
size,6
subject,6
varied,6
range,6
comparison,6
km,6
focus,6
major,6
environmental,5
appear,5
occurred,5
generalizations,5
help,5
state,5
sociopolitical,5
context,5
volcan,5
household,5
dynamic,5
conflict,5
against,5
items,5
factions,5
van,5
whose,5
without,5
ex,5
nor,5
clearly,5
conquest,5
problem,5
zone,5
focused,5
residential,5
produced,5
sites,5
none,5
approach,5
successful,5
suggest,5
duque,5
provided,5
likely,5
various,5
community,5
still,5
southern,5
communities,5
represents,5
makes,5
under,5
neither,5
ethnographic,5
pressure,5
v,5
necessary,5
varying,5
largely,5
sequence,5
full,5
low,5
machalilla,5
cen,5
support,5
order,5
means,5
un,5
anthropological,5
must,5
anthropology,5
current,5
then,5
far,5
houses,5
better,5
spatial,5
accounts,5
while,5
observations,5
entire,5
differentiation,5
documentation,5
instead,5
include,5
product,5
zones,5
editorial,5
since,4
introduction,4
second,4
b,4
evaluating,4
descriptions,4
archaeologists,4
rapid,4
attempt,4
producing,4
principal,4
prior,4
activity,4
economies,4
campos,4
relatively,4
guayaquil,4
nities,4
perspective,4
competitive,4
poorly,4
opposed,4
essential,4
across,4
approaches,4
granted,4
grew,4
entre,4
direct,4
distant,4
productive,4
escape,4
monumental,4
prehistory,4
lleras,4
superior,4
beyond,4
position,4
fen,4
strategy,4
suggested,4
providing,4
raw,4
found,4
demands,4
initial,4
further,4
though,4
wide,4
aspects,4
andes,4
part,4
related,4
crowding,4
art,4
reconstructing,4
artifact,4
own,4
manipulation,4
excavated,4
wrong,4
family,4
characteristics,4
annual,4
venezuelan,4
cardenas,4
corporation,4
classic,4
above,4
scarcity,4
complete,4
efforts,4
al,4
useful,4
really,4
material,4
polities,4
local,4
understanding,4
products,4
harvard,4
individuals,4
cultura,4
spread,4
features,4
stages,4
abundant,4
elaborate,4
differ,4
editora,4
gavan,4
widely,4
vertical,4
relevant,4
indicate,4
analysis,4
associated,4
considered,4
extensive,4
dimension,4
particularly,4
advances,4
phd,4
beginning,4
list,4
ones,4
cause,4
marta,4
information,4
suggests,4
baru,4
conference,4
circumstances,4
despite,4
centro,4
wild,4
understandings,4
models,4
numerous,4
stemper,4
land,4
fondo,4
specific,4
potential,4
manioc,4
peabody,4
gold,4
groot,3
represent,3
group,3
arqueologico,3
ecuatoriana,3
western,3
necessarily,3
history,3
inequality,3
sys,3
something,3
arenal,3
consistent,3
archae,3
setting,3
season,3
definition,3
cial,3
advantage,3
cadavid,3
exotic,3
rich,3
able,3
mag,3
isthmian,3
boada,3
papers,3
evaluation,3
takes,3
plain,3
politics,3
producers,3
except,3
estudio,3
phase,3
affiliation,3
concentrations,3
ern,3
century,3
norte,3
developments,3
underlying,3
document,3
back,3
tral,3
arqueologfa,3
aim,3
economia,3
drained,3
site,3
york,3
basic,3
landscape,3
opportunity,3
risk,3
earlier,3
derived,3
origins,3
scattered,3
changes,3
elsewhere,3
cultivo,3
projekt,3
peninsula,3
chanduy,3
calgary,3
differently,3
view,3
expressed,3
result,3
vereinigung,3
access,3
effort,3
centers,3
estudios,3
popu,3
term,3
evaluate,3
daule,3
cannot,3
pollen,3
directly,3
data,3
concept,3
su,3
cordillera,3
politecnica,3
knowledge,3
stores,3
egalitarian,3
describe,3
slab,3
won,3
burden,3
quito,3
oriental,3
distances,3
contrast,3
ological,3
westlichen,3
decline,3
impossible,3
up,3
world,3
cotton,3
weigh,3
sitio,3
promising,3
periods,3
critical,3
he,3
situation,3
demand,3
architecture,3
commu,3
short,3
expansion,3
thought,3
included,3
broadly,3
floor,3
largest,3
costs,3
provide,3
science,3
lacked,3
longer,3
consideration,3
ingenierias,3
honor,3
competitors,3
strategies,3
venezuela,3
gives,3
remained,3
imagine,3
discussion,3
supplies,3
enormous,3
elevados,3
basel,3
struction,3
nuclear,3
three,3
jose,3
sanoja,3
logic,3
function,3
ap,3
competed,3
species,3
ranging,3
carried,3
indication,3
perspectives,3
arqueologicos,3
centuries,3
pa,3
dimensions,3
zeidler,3
force,3
millennia,3
es,3
escuela,3
existed,3
instances,3
earliest,3
linares,3
produc,3
environment,3
following,3
continues,3
organizational,3
der,3
integrative,3
expanding,3
connection,3
report,3
fragmentos,3
archaologisches,3
works,3
economy,3
muse,3
making,3
emphasis,3
middle,3
level,3
pits,3
given,3
slopes,3
territory,3
com,3
using,3
evidenced,3
aspect,3
think,3
agustin,3
dalena,3
nonelite,3
perdida,3
sociedades,3
need,3
specialists,3
sur,3
smaller,3
ciudad,3
extremely,3
association,3
burdens,3
speak,3
increased,3
themselves,3
create,3
evidently,3
valley,3
develop,3
seek,3
should,3
go,2
now,2
brumfiel,2
lation,2
buritaca,2
common,2
concerned,2
indicated,2
imported,2
determine,2
red,2
alone,2
considerably,2
contemporaneous,2
mesoamerica,2
effective,2
pacing,2
uniquely,2
sumptuary,2
investigating,2
completely,2
easily,2
ceramicos,2
comparisons,2
ameliorated,2
unlike,2
nineteenth,2
po,2
contexts,2
generalization,2
said,2
permanence,2
inexorable,2
preceding,2
disagreement,2
pervasive,2
steady,2
sub,2
generated,2
utilization,2
actual,2
permanently,2
emerged,2
currency,2
principles,2
height,2
generalize,2
reasons,2
accumulated,2
colombiana,2
studied,2
survey,2
inland,2
last,2
emphasized,2
concepts,2
opposite,2
manipulate,2
case,2
sociedad,2
task,2
alternatively,2
demography,2
quantities,2
condition,2
establishing,2
move,2
transcend,2
vallecaucano,2
taking,2
point,2
quantity,2
informes,2
herrera,2
prehispdnico,2
framework,2
charnel,2
hombre,2
ranere,2
review,2
europe,2
domain,2
participating,2
jr,2
opportu,2
z,2
turn,2
estimates,2
depend,2
cali,2
amount,2
subjects,2
compared,2
surges,2
third,2
truly,2
compare,2
find,2
look,2
handful,2
gomez,2
ment,2
cused,2
via,2
recognized,2
adequate,2
his,2
impetus,2
dry,2
debated,2
persistent,2
parts,2
limitation,2
precious,2
risks,2
altitude,2
plaza,2
solutions,2
occu,2
gional,2
consider,2
possibly,2
river,2
specialization,2
section,2
proposed,2
n,2
placed,2
characterizations,2
age,2
monocausal,2
foothill,2
operate,2
resource,2
powerful,2
linkage,2
followed,2
notions,2
random,2
enhancement,2
cost,2
comparing,2
problems,2
plenum,2
willing,2
miscelanea,2
endemic,2
antecedents,2
personalized,2
decades,2
native,2
goldwork,2
civilizacion,2
advance,2
lead,2
concentration,2
arrival,2
appearance,2
traditionally,2
economics,2
austin,2
requirements,2
diet,2
desnutricion,2
fo,2
base,2
share,2
ann,2
understood,2
war,2
circular,2
burial,2
appears,2
portant,2
ceramics,2
intensity,2
meet,2
applied,2
serie,2
attendant,2
energy,2
productively,2
outside,2
metals,2
spheres,2
line,2
arqueoldgicas,2
poblacion,2
heavily,2
apparent,2
produccion,2
positions,2
desarrollo,2
issues,2
broad,2
barriles,2
salgado,2
lange,2
conceptual,2
status,2
polity,2
markedly,2
attributed,2
concentrates,2
sense,2
working,2
cold,2
lowest,2
stage,2
peruvian,2
consolidation,2
starting,2
brought,2
weapons,2
sculptures,2
always,2
richness,2
progress,2
behavior,2
productivity,2
results,2
paid,2
rican,2
pautas,2
appropriate,2
inform,2
aborigen,2
complejas,2
catchment,2
overall,2
play,2
description,2
jewelry,2
indicates,2
verticality,2
spectacular,2
warlike,2
soon,2
hier,2
favorable,2
ancient,2
commoner,2
culture,2
amazon,2
cooke,2
muiscas,2
already,2
unusually,2
noted,2
volume,2
lavish,2
culturales,2
mound,2
challenge,2
toward,2
ciopolitical,2
put,2
ecuadorian,2
complementary,2
radiations,2
shows,2
fundamental,2
riverine,2
documents,2
elman,2
inevitably,2
resolved,2
man,2
caracas,2
precinct,2
aplicacion,2
increases,2
clusters,2
operating,2
model,2
purposes,2
validity,2
excavation,2
origin,2
pears,2
cul,2
siglo,2
explicitly,2
encountered,2
ecology,2
meaningful,2
extended,2
elevations,2
assemblages,2
upon,2
precolombina,2
previously,2
increase,2
mortuary,2
asentamiento,2
skeletal,2
entirely,2
antropologica,2
chiriqui,2
correlated,2
previous,2
option,2
observed,2
advantages,2
dating,2
ties,2
trade,2
monografica,2
clear,2
directed,2
agreement,2
points,2
sustain,2
essay,2
amounts,2
tubers,2
characterized,2
fiesta,2
recon,2
tribal,2
serves,2
obtained,2
accurate,2
latter,2
agri,2
septentrional,2
spondylus,2
become,2
interpretations,2
xvi,2
effect,2
hierarchical,2
ethnographically,2
relative,2
adaptive,2
pearsall,2
convincingly,2
things,2
depth,2
suggestion,2
abundance,2
fairly,2
inhabitants,2
usually,2
fonseca,2
vision,2
rough,2
widespread,2
primarily,2
becomes,2
success,2
vargas,2
began,2
inadequate,2
try,2
emphasizes,2
comentario,2
ecuadorean,2
get,2
itself,2
tems,2
sound,2
investigate,2
stable,2
issue,2
nacional,2
abandonment,2
contained,2
heavy,2
thinking,2
cultivars,2
comes,2
complexity,2
founded,2
asentamientos,2
earle,2
offers,2
paper,2
tomb,2
interested,2
exploration,2
simposio,2
incorporating,2
wealthy,2
universal,2
regard,2
elementos,2
ideological,2
plazas,2
written,2
historical,2
texas,2
elena,2
literature,2
proceedings,2
selected,2
theory,2
foundations,2
finished,2
careful,2
transport,2
sea,2
pre,2
became,2
docu,2
easy,2
ac,2
giving,2
impose,2
regularities,2
bari,2
antigua,2
families,2
palisade,2
formation,2
quest,2
course,2
offer,2
grown,2
states,2
integration,2
attributes,2
attempted,2
needs,2
observation,2
tribes,2
denser,2
elites,2
supply,2
vary,2
element,2
uso,2
interaction,2
counts,2
strong,2
permanent,2
establishment,2
profiles,2
delineate,2
broader,2
exploraciones,2
southeastern,2
built,2
roles,2
primera,2
close,2
costly,2
asociados,1
final,1
contacts,1
entities,1
ments,1
moreno,1
ending,1
transportation,1
possessed,1
firmest,1
mostly,1
formacion,1
hallazgo,1
gree,1
discouraging,1
estimated,1
develops,1
cdlida,1
phylogeny,1
names,1
faced,1
differentials,1
created,1
ready,1
tras,1
rona,1
tory,1
engendered,1
extend,1
nec,1
hidraulico,1
worthy,1
intriguing,1
lated,1
nororiente,1
adoption,1
ultimate,1
brittle,1
succession,1
spurred,1
pushed,1
per,1
outweighed,1
stration,1
expect,1
enlightening,1
needed,1
boca,1
speculated,1
partially,1
achievements,1
taironas,1
conquering,1
systematically,1
kinds,1
fed,1
currently,1
enhance,1
tend,1
essays,1
prime,1
encontrando,1
word,1
schools,1
omy,1
itiation,1
specialist,1
true,1
motivation,1
sabana,1
rounded,1
protohistorische,1
modos,1
universiteit,1
reichel,1
estatal,1
teorico,1
merida,1
considerations,1
diffuse,1
enjoys,1
laboriously,1
classify,1
structing,1
presents,1
individually,1
ambitious,1
capsule,1
leaps,1
enumeration,1
bp,1
jostling,1
attractiveness,1
gories,1
secuencias,1
source,1
absence,1
diversity,1
buys,1
practices,1
properties,1
paleodemografia,1
leads,1
arguing,1
par,1
vivienda,1
being,1
confederation,1
member,1
anything,1
sterile,1
else,1
prominently,1
patologias,1
economico,1
moderate,1
failing,1
reconstructions,1
certainly,1
creation,1
flavor,1
antiguas,1
hood,1
oranges,1
ii,1
fund,1
give,1
adopt,1
exces,1
generali,1
meters,1
concentrated,1
enables,1
vols,1
planting,1
pictured,1
integracion,1
modelo,1
anywhere,1
religiosa,1
spe,1
historiography,1
words,1
tres,1
containing,1
dramatically,1
loom,1
best,1
eruption,1
oval,1
attractive,1
sup,1
continue,1
crops,1
packed,1
leading,1
llanuras,1
correspondingly,1
together,1
accompanied,1
rebuilt,1
convert,1
quinto,1
increas,1
potentially,1
imaginary,1
follows,1
geopolitical,1
interconnects,1
denevan,1
farther,1
hundred,1
reveal,1
characterizing,1
renfrew,1
reproduction,1
manejo,1
subsequent,1
feature,1
reifying,1
estatuaria,1
patterned,1
persistence,1
tablished,1
senorio,1
date,1
stand,1
hammen,1
precisely,1
remainder,1
robert,1
verted,1
physical,1
nal,1
activi,1
admin,1
reading,1
signs,1
domestic,1
sociopoliticial,1
superficially,1
buri,1
threshold,1
cuenca,1
socie,1
similarities,1
depends,1
akin,1
nowhere,1
vegetacion,1
synchronic,1
argument,1
corresponded,1
inr,1
existence,1
suspect,1
plains,1
forward,1
hurtado,1
cultivators,1
tie,1
etnica,1
key,1
encouraging,1
tal,1
mass,1
facts,1
discuss,1
right,1
approximations,1
solving,1
pueblito,1
changed,1
grijalbo,1
trophy,1
anos,1
uneven,1
futile,1
isotopic,1
intercambio,1
capable,1
determined,1
logical,1
origen,1
piedras,1
illustrate,1
paucity,1
soils,1
reaching,1
drive,1
betwixt,1
delicias,1
alters,1
prehispanicos,1
cadre,1
countered,1
crossed,1
whatever,1
combination,1
desired,1
variations,1
say,1
x,1
rela,1
etnohistorico,1
dividuals,1
ideologically,1
exchanges,1
advocating,1
monu,1
duce,1
panded,1
surged,1
investing,1
mentally,1
interact,1
poblaciones,1
mesoamerican,1
derstand,1
clusions,1
ecologia,1
sweet,1
removes,1
collection,1
arqueologica,1
reliably,1
altitudes,1
soto,1
controlled,1
wherever,1
anotaciones,1
expertise,1
learned,1
distribu,1
formas,1
squash,1
apex,1
differential,1
buscando,1
imprenta,1
beating,1
tablishing,1
trated,1
madrid,1
archaeolo,1
eventual,1
estimating,1
modify,1
esti,1
vigorous,1
immediate,1
drastic,1
barbarie,1
cambio,1
calculated,1
surrounded,1
pursuit,1
funerario,1
utilized,1
abre,1
terraces,1
scarce,1
track,1
neighbors,1
interest,1
regarded,1
ability,1
asociacion,1
acceso,1
relations,1
museos,1
cacicazgo,1
prehistoria,1
occurs,1
bone,1
competitor,1
application,1
conjures,1
dozen,1
faulted,1
actas,1
ease,1
dubbed,1
sample,1
dence,1
conte,1
uncleared,1
dis,1
big,1
rank,1
cases,1
ethnohistorically,1
sed,1
elements,1
expres,1
ation,1
destroyed,1
consejo,1
violently,1
ediciones,1
fuquene,1
ecua,1
fig,1
funda,1
tralized,1
panorama,1
difficulty,1
oxford,1
races,1
recalls,1
graphically,1
espacios,1
ally,1
unchanged,1
elabo,1
popularity,1
locales,1
helpful,1
invert,1
unequivocally,1
precolombino,1
explore,1
bulking,1
archaeologist,1
miticos,1
whelmingly,1
occidental,1
tentatively,1
looms,1
deeply,1
alturas,1
guard,1
trajec,1
formativa,1
nonex,1
antropologicos,1
phases,1
unlikely,1
higher,1
lesser,1
failed,1
rights,1
microsettlement,1
peo,1
operation,1
foot,1
interesting,1
pacific,1
oeste,1
hacia,1
reconstructed,1
reconstruction,1
trayectorias,1
cially,1
german,1
mexico,1
mild,1
chay,1
critica,1
sociated,1
subjected,1
tential,1
traffic,1
absent,1
arising,1
centered,1
highlands,1
hipotesis,1
possession,1
premodern,1
square,1
reign,1
radius,1
capture,1
remote,1
province,1
neatly,1
represented,1
experimentos,1
environments,1
sociopolitico,1
requisite,1
goes,1
mathewson,1
captives,1
loma,1
se,1
certain,1
connec,1
brand,1
leave,1
sacrificed,1
ongoing,1
assuming,1
disarticulated,1
matched,1
envision,1
symbols,1
scales,1
siglos,1
histdrico,1
arquitectonicos,1
importancia,1
dismiss,1
space,1
primer,1
satellites,1
gathering,1
shell,1
monuments,1
invested,1
references,1
unfashionability,1
empires,1
albert,1
perpetuation,1
tinued,1
plus,1
biased,1
flowed,1
supports,1
locally,1
foothills,1
objects,1
established,1
evidencias,1
familiar,1
organized,1
dated,1
consolidate,1
tention,1
presumably,1
vivid,1
wins,1
artificial,1
driven,1
moderately,1
former,1
impact,1
aly,1
weak,1
epoca,1
too,1
shrinking,1
conservacion,1
four,1
show,1
hammered,1
commonly,1
additional,1
averaging,1
dicate,1
continual,1
encouragement,1
abundantly,1
ostentation,1
temporaneous,1
bani,1
defeat,1
agncola,1
steeper,1
consequence,1
cacicales,1
putting,1
surge,1
requires,1
gimeno,1
wattle,1
instance,1
sessments,1
subsidiary,1
testify,1
diversidad,1
formaciones,1
persed,1
stands,1
hot,1
perceive,1
reflections,1
iconography,1
ranges,1
ordinarily,1
uses,1
closely,1
cauca,1
identifying,1
sensing,1
walk,1
tural,1
riles,1
carrying,1
begun,1
search,1
called,1
homogenizing,1
metodo,1
larities,1
midden,1
sights,1
ambitions,1
attack,1
combinations,1
seven,1
lived,1
conspicuous,1
users,1
events,1
caminos,1
relate,1
perpet,1
amer,1
minated,1
commoners,1
territorio,1
accompany,1
burst,1
philosophical,1
respects,1
nium,1
eliminate,1
overcome,1
horse,1
embedded,1
academic,1
ceramica,1
scantest,1
extract,1
stochastic,1
precursor,1
macroremains,1
mate,1
redes,1
viewed,1
recently,1
pounded,1
promise,1
amenable,1
xiv,1
dwelling,1
networks,1
exiting,1
substan,1
sedentism,1
package,1
property,1
possibility,1
estudia,1
tially,1
warriors,1
failure,1
shape,1
watershed,1
formulate,1
hierarchies,1
gained,1
tempt,1
having,1
compel,1
stood,1
participation,1
minimal,1
network,1
distinguish,1
future,1
accounting,1
artifacts,1
inferred,1
intense,1
sharpening,1
received,1
statehood,1
ditches,1
start,1
ideal,1
accu,1
locus,1
ullumbe,1
clean,1
mented,1
teoria,1
unless,1
elaborates,1
combating,1
example,1
clearer,1
symbolism,1
indigenous,1
whenever,1
lays,1
patterning,1
revealed,1
thoughts,1
ple,1
subregion,1
surprise,1
nography,1
currencies,1
nu,1
overview,1
categories,1
gave,1
consistently,1
older,1
arqueoldgico,1
place,1
engineer,1
coca,1
exclusively,1
postulated,1
prehispdnicos,1
easiest,1
partly,1
beginnings,1
relevance,1
densely,1
unmistakable,1
oaks,1
thereafter,1
augment,1
sculptural,1
translated,1
mated,1
revaluation,1
reflect,1
gions,1
accord,1
complemented,1
floors,1
formations,1
participate,1
ciencia,1
occidente,1
enhances,1
concave,1
differentia,1
hidden,1
clearance,1
amazonia,1
refuse,1
earth,1
detailed,1
staple,1
published,1
creating,1
interregional,1
instituut,1
ago,1
below,1
recursos,1
deriving,1
talked,1
symbolic,1
reliable,1
tested,1
porting,1
presencia,1
stimulated,1
stresses,1
sharp,1
piedemonte,1
lords,1
mil,1
specifically,1
encompasses,1
overshadowed,1
objec,1
sowing,1
eco,1
amounted,1
sufficient,1
consensus,1
imagines,1
driving,1
erature,1
burdensome,1
concerns,1
smithsonian,1
members,1
verdades,1
arquitectura,1
tremely,1
breaking,1
mi,1
presence,1
paisaje,1
peak,1
funerary,1
sulting,1
climate,1
distinguished,1
petition,1
portions,1
nization,1
ent,1
yielded,1
railroading,1
dedicated,1
crux,1
visible,1
hereditary,1
dependent,1
citations,1
games,1
correspondence,1
arbor,1
cycle,1
schizophrenic,1
patrones,1
finds,1
dam,1
am,1
settle,1
sporadic,1
impor,1
tai,1
championed,1
behalf,1
invest,1
luxuries,1
avoid,1
accumula,1
estratificacion,1
replacing,1
chronological,1
portion,1
diez,1
centralize,1
reorganizations,1
horizons,1
led,1
merous,1
devel,1
frederick,1
paleodieta,1
derstandings,1
lit,1
advocate,1
prac,1
andina,1
foments,1
rivalries,1
tively,1
polished,1
contingent,1
cosmological,1
interference,1
runoff,1
elaborateness,1
indeed,1
lag,1
labeled,1
archy,1
onward,1
transition,1
yields,1
investments,1
nearly,1
exception,1
rodriguez,1
tropical,1
etc,1
converted,1
technically,1
garden,1
expanded,1
domination,1
ahos,1
dramati,1
hidrdulica,1
standing,1
initially,1
egges,1
movement,1
settings,1
cultivate,1
indigenas,1
direction,1
quence,1
structural,1
laboyos,1
nev,1
label,1
pehon,1
antropoldgicos,1
once,1
eral,1
contributing,1
flannery,1
flux,1
depicted,1
dichot,1
pivotal,1
apples,1
relied,1
elaboration,1
tensive,1
urged,1
incipient,1
monte,1
opportunities,1
offensive,1
serve,1
coevolution,1
tolyths,1
continuity,1
restricted,1
perceived,1
chical,1
symptomatic,1
publishing,1
bind,1
drolet,1
rectangular,1
mulation,1
every,1
archeology,1
alcina,1
department,1
reliance,1
begins,1
controllable,1
proach,1
opment,1
frameworks,1
baby,1
functioned,1
altos,1
sistent,1
proceso,1
picture,1
concentrate,1
tall,1
muy,1
ceramic,1
belaboring,1
suplemento,1
resolution,1
timand,1
reach,1
critiques,1
venezolana,1
successfully,1
untested,1
mantles,1
multiplying,1
stronger,1
stated,1
broadened,1
ethnohistorical,1
ticed,1
assuredly,1
ambiental,1
capi,1
spend,1
chance,1
similarly,1
varies,1
doubleday,1
domains,1
depresion,1
inferencia,1
gruposafines,1
tematic,1
water,1
analytical,1
speaks,1
libres,1
fact,1
lack,1
idea,1
criterial,1
valid,1
stories,1
forming,1
foodstuffs,1
abilities,1
villa,1
occurrence,1
caciques,1
seasonality,1
gested,1
plan,1
appeared,1
attempting,1
choice,1
supralocal,1
als,1
enable,1
break,1
monumentality,1
culti,1
never,1
caracterizacion,1
forge,1
centinela,1
cords,1
memorias,1
channeling,1
huellas,1
substantially,1
doubt,1
descended,1
astride,1
zenu,1
pennsylvania,1
seldom,1
noticias,1
archical,1
entertained,1
serious,1
simple,1
stored,1
depict,1
quattrin,1
anthropologist,1
men,1
took,1
fits,1
throwing,1
monographs,1
localidad,1
agustinianas,1
manner,1
flooded,1
continuing,1
existing,1
ating,1
unclear,1
facilitate,1
hectares,1
confrontation,1
duran,1
mitos,1
individu,1
focusing,1
hu,1
assortment,1
intensify,1
swing,1
gionally,1
nueva,1
weaken,1
belief,1
assorted,1
investment,1
como,1
ordinary,1
circumscription,1
style,1
free,1
compete,1
ticularly,1
thoroughly,1
elevation,1
veered,1
plane,1
bulletin,1
sociopoliti,1
ject,1
credit,1
zation,1
technologies,1
greatest,1
glue,1
scientific,1
implicaciones,1
carneiro,1
situated,1
regu,1
spective,1
survive,1
lost,1
skepticism,1
considering,1
treated,1
apogee,1
discovery,1
aspectos,1
accompanying,1
cupation,1
espe,1
chronologies,1
macizo,1
onto,1
systematics,1
lake,1
pineros,1
enhanced,1
manufactured,1
fernandez,1
depended,1
uncalibrated,1
expropriate,1
judge,1
manifestations,1
scriptions,1
emphatically,1
warrior,1
medium,1
expand,1
minds,1
top,1
controlling,1
skeptical,1
traded,1
pecially,1
legitimation,1
redistribution,1
rivers,1
virtually,1
conditions,1
maria,1
entary,1
extraordinarily,1
numbered,1
exploita,1
rare,1
story,1
styles,1
canon,1
marcos,1
nothing,1
lasted,1
laboratory,1
munity,1
radiocarbon,1
frame,1
saladoblanco,1
vars,1
terraba,1
synthetic,1
theoretical,1
vii,1
agustiniano,1
exceedingly,1
sev,1
open,1
substitutes,1
urbana,1
manyfold,1
surgimiento,1
bumping,1
emphasizing,1
stress,1
oc,1
tury,1
congreso,1
maintenance,1
tended,1
tool,1
chibchas,1
statues,1
evalu,1
causal,1
architectural,1
caribbean,1
tim,1
isotopos,1
plant,1
sparsely,1
cally,1
zations,1
sketching,1
colo,1
paths,1
serrania,1
households,1
supplement,1
phy,1
losing,1
black,1
wood,1
cambios,1
repeated,1
tition,1
causeway,1
millen,1
faith,1
facing,1
labels,1
arena,1
behind,1
stahl,1
conspicuously,1
satisfy,1
temprana,1
evolutionary,1
arise,1
assures,1
reads,1
essary,1
sight,1
fullest,1
confidently,1
unoccupied,1
crc,1
reli,1
teach,1
primitive,1
sug,1
statue,1
slightly,1
rials,1
attracted,1
chrono,1
versus,1
occupied,1
institution,1
nomic,1
evaluated,1
pottery,1
outright,1
minimally,1
hedge,1
justice,1
reluctant,1
hunt,1
overlapping,1
rarity,1
increasing,1
ferences,1
fails,1
consists,1
simpler,1
prehistorico,1
undifferentiated,1
saturation,1
relying,1
siderable,1
relationship,1
modification,1
idiosyn,1
whomever,1
pres,1
poblamiento,1
tentative,1
richest,1
volcanism,1
lot,1
recall,1
proyecto,1
noroccidente,1
ecological,1
five,1
consolidat,1
colombian,1
maps,1
bound,1
hill,1
begin,1
category,1
concomitants,1
slow,1
reconocimiento,1
referred,1
reason,1
transformed,1
rethinking,1
lations,1
ideologia,1
velopment,1
circumstance,1
proposition,1
suggestions,1
transformation,1
originated,1
rapidly,1
discourse,1
volumes,1
archeologie,1
life,1
warring,1
plex,1
unsurprising,1
causeways,1
hope,1
dead,1
fruitless,1
implications,1
alimentos,1
face,1
served,1
ridges,1
arts,1
figured,1
departures,1
nevertheless,1
suprahousehold,1
crowded,1
sotomayor,1
accumu,1
conservation,1
documenting,1
forest,1
occupacion,1
victorious,1
detail,1
quantitative,1
hasten,1
tribe,1
eventually,1
proceed,1
conocimiento,1
dispersed,1
ual,1
civilizations,1
mentioned,1
rep,1
conjunction,1
tempting,1
peoples,1
geographic,1
ensayo,1
detect,1
cate,1
suroccidente,1
nutritional,1
precise,1
satisfactory,1
rival,1
constructed,1
willingness,1
prob,1
text,1
saenz,1
appealing,1
alternative,1
set,1
scien,1
excess,1
correal,1
natural,1
unavailable,1
etnohistoria,1
colonization,1
sure,1
country,1
readily,1
cultures,1
litoral,1
admini,1
caribe,1
worth,1
concen,1
global,1
andinoamerica,1
seriously,1
maritime,1
quimbaya,1
gone,1
vari,1
ideologicos,1
did,1
leaders,1
daub,1
print,1
tandem,1
epitomized,1
dur,1
starchy,1
constructions,1
wagner,1
vicious,1
exploiting,1
corporacion,1
unevenness,1
enemy,1
rely,1
egged,1
benefit,1
agricultura,1
therrien,1
sought,1
domesticated,1
going,1
orinoco,1
placing,1
prospects,1
enlarged,1
rural,1
pooling,1
living,1
type,1
structed,1
ayala,1
places,1
hint,1
valdi,1
discarding,1
cal,1
cautions,1
defend,1
boundaries,1
compe,1
diversified,1
according,1
construccion,1
delineated,1
purchase,1
explanations,1
heads,1
investigation,1
unique,1
implicit,1
volcanic,1
prefers,1
tiniest,1
voor,1
plants,1
imposed,1
add,1
urbanismo,1
maintain,1
ecofact,1
contrasting,1
inputs,1
lengths,1
sively,1
sounds,1
leaving,1
heavier,1
dieta,1
supplemented,1
consisting,1
fram,1
milagro,1
fully,1
utilitarian,1
saddle,1
periphery,1
cundiboyacense,1
damp,1
fodder,1
manifestaciones,1
abruptly,1
require,1
ductive,1
tives,1
tant,1
almost,1
ibarra,1
placement,1
maximum,1
hundreds,1
swampland,1
urban,1
contain,1
istrative,1
aldea,1
plata,1
remodeled,1
popular,1
socioeconomic,1
rises,1
emergent,1
culturas,1
pation,1
bath,1
litical,1
multiple,1
prerequisite,1
sculpture,1
autosuficiente,1
sumed,1
courses,1
alternatives,1
confirm,1
snapshots,1
epitome,1
variability,1
buy,1
predecessors,1
alta,1
durable,1
step,1
dor,1
intensifica,1
sheets,1
sion,1
investigated,1
harvesting,1
target,1
contribute,1
fabricated,1
reactivation,1
summarizes,1
copper,1
divided,1
trigger,1
colonial,1
ingenierlas,1
mention,1
definitions,1
headwaters,1
store,1
tions,1
ance,1
question,1
cautioned,1
undefensible,1
devoted,1
ultimately,1
until,1
locations,1
argues,1
antilles,1
cotidianos,1
realizadas,1
plausible,1
follow,1
intensified,1
advent,1
florida,1
swampy,1
internally,1
finally,1
gists,1
wish,1
emer,1
parallels,1
sumably,1
contributed,1
preceramic,1
bene,1
approximately,1
americas,1
fauna,1
regionales,1
disagree,1
ico,1
define,1
green,1
graft,1
developmental,1
clearest,1
bear,1
altiplano,1
involving,1
organi,1
earthen,1
effects,1
prospect,1
playing,1
defined,1
estables,1
helps,1
off,1
centripetal,1
gonzalo,1
susa,1
shift,1
summary,1
preen,1
sacerdotes,1
mobilized,1
vi,1
thousand,1
supported,1
recognize,1
compounded,1
meaning,1
pathways,1
microdebris,1
ascendancy,1
consisted,1
nucleation,1
sherds,1
medias,1
deposits,1
reached,1
resent,1
debate,1
sharing,1
pool,1
national,1
malocas,1
evi,1
palaeoethnobotanical,1
clasificacion,1
traditional,1
casts,1
complementarity,1
immediately,1
prehispdnica,1
sistence,1
drew,1
dif,1
unequivocal,1
portance,1
beholden,1
devastated,1
fostering,1
termed,1
brevity,1
laws,1
villalba,1
occur,1
looking,1
