WORDCOUNTS,WEIGHT
the,2220
of,1282
and,776
in,521
a,498
to,462
de,412
for,272
on,264
is,253
cal,243
from,238
that,225
al,224
et,212
bronze,179
bc,174
j,168
be,167
by,159
first,154
la,152
age,150
with,150
as,149
have,149
mallorca,143
or,142
are,134
it,132
human,128
c,128
been,124
islands,123
son,123
this,118
colonization,112
no,109
an,109
pottery,108
at,100
guerrero,100
balearic,94
early,94
could,90
evidence,87
some,86
cultural,79
copper,78
millennium,76
were,76
their,73
del,72
presence,72
el,71
was,71
population,71
calvo,70
cova,70
although,70
p,69
settlement,68
archaeological,68
world,68
these,67
mallorcan,66
m,65
has,64
mediterranean,64
not,64
between,63
en,62
i,61
radiocarbon,60
chalcolithic,59
incised,59
would,57
springer,57
mainland,54
island,54
prehist,54
bone,53
waldren,52
y,52
only,52
also,52
ages,52
initial,51
new,51
menorca,51
years,51
third,50
than,50
western,49
even,49
can,49
after,48
arrival,48
there,47
period,47
des,47
sites,46
before,44
but,44
unknown,44
they,43
other,43
les,43
during,43
time,43
alcover,42
r,42
two,42
probably,41
if,39
late,39
its,39
dr,38
dates,38
artefacts,38
second,38
available,38
interval,38
prehistory,37
v,37
earliest,37
such,36
chronology,36
which,36
navetes,35
megalithic,35
bbl,35
herbivore,34
culture,34
present,34
du,33
kia,32
ramis,32
record,32
prehistoric,32
settlers,32
documented,32
end,32
we,32
considered,32
should,32
date,31
possible,31
pp,31
different,31
marine,30
international,30
na,30
use,30
later,29
most,29
cannot,29
absence,29
very,29
ca,29
bp,27
based,27
known,27
g,26
l,26
established,26
had,26
lull,26
associated,26
until,26
one,25
s,25
within,25
van,25
proposed,25
related,25
periods,25
small,25
information,25
both,25
bones,24
characteristic,24
may,24
without,24
any,24
source,23
journal,23
burial,23
overseas,23
chronological,23
salva,23
uncertainty,23
eastern,22
phase,22
coval,22
growth,22
data,22
here,22
suggests,22
d,22
long,21
humans,21
bell,21
thus,21
prehistoria,21
items,21
w,21
diet,21
well,21
populations,21
all,21
where,21
table,21
stratigraphic,21
h,20
british,20
strydonck,20
beaker,20
terrestrial,20
introduced,20
remains,20
seems,19
site,19
because,19
le,19
part,19
balearics,19
region,19
es,19
las,19
gymnesic,19
size,19
does,18
introduction,18
large,18
support,18
biniai,18
los,18
attributed,18
start,18
species,18
about,18
technology,18
more,18
perhaps,18
authors,18
earlier,18
nou,18
olesa,18
while,18
sea,18
iberian,18
simo,18
point,18
rate,17
e,17
spread,17
founding,17
contact,17
material,17
values,17
high,17
utc,17
changes,17
precise,17
current,17
duration,17
represent,16
per,16
languedoc,16
collagen,16
peninsula,16
suggested,16
wide,16
people,16
least,16
presented,16
less,16
number,16
balears,16
so,16
event,16
ses,16
assumed,16
hypothesis,16
genetic,15
t,15
actual,15
origin,15
those,15
b,15
balma,15
intervals,15
short,15
palma,15
contacts,15
burials,15
analysis,15
land,15
currently,14
group,14
con,14
recorded,14
sample,14
estimates,14
baleares,14
obtained,14
dated,14
societies,14
out,14
recently,14
either,14
diagnostic,14
comm,14
southern,14
quern,14
same,14
insular,14
communities,14
trade,14
window,14
dans,14
fontbouisse,14
half,14
whether,14
france,14
edit,14
now,13
navigation,13
neolithic,13
colom,13
plantalamor,13
elephant,13
suggest,13
using,13
us,13
naveta,13
boats,13
previous,13
three,13
attribution,13
social,13
coast,13
through,13
isolated,13
our,13
technological,13
coll,12
true,12
existence,12
costa,12
phases,12
una,12
similar,12
clearly,12
appears,12
used,12
excavated,12
dolca,12
few,12
will,12
therefore,12
matge,12
limited,12
local,12
chronologies,12
including,12
cotxera,12
significance,12
northern,12
eivissa,12
relationship,12
university,12
paper,12
scenario,12
transport,12
recent,12
metal,11
into,11
rapid,11
timing,11
colloque,11
gallard,11
case,11
west,11
arenalet,11
main,11
derived,11
direct,11
roques,11
category,11
metallurgy,11
currents,11
reliable,11
highly,11
society,11
f,11
under,11
demographic,11
lack,11
do,11
iberia,11
assemblage,11
made,11
previously,11
increase,11
markers,11
several,11
islas,11
each,11
ivory,11
animal,11
press,11
km,11
final,10
estimated,10
occurred,10
being,10
might,10
potentially,10
key,10
terminus,10
along,10
apparently,10
lasted,10
entre,10
important,10
formentera,10
change,10
voruz,10
iberica,10
pacific,10
resolution,10
museu,10
fits,10
see,10
style,10
wood,10
dieta,10
tin,10
range,10
identity,10
correction,10
must,10
according,10
what,10
secure,10
when,10
pers,10
pityusic,10
territory,10
area,10
difficult,9
winds,9
o,9
last,9
establishment,9
resources,9
central,9
review,9
type,9
kind,9
better,9
taula,9
gomez,9
settled,9
surface,9
circulation,9
traits,9
bover,9
lemercier,9
basis,9
whole,9
successful,9
identified,9
initially,9
published,9
areas,9
ensenat,9
guilaine,9
beta,9
rubinos,9
another,9
evolution,9
dating,9
clear,9
standard,9
narrow,9
excluded,9
ecological,9
claimed,9
mouse,9
natural,9
post,9
terms,9
question,9
dels,9
fauna,9
increased,9
potential,9
abandoned,9
els,9
moro,8
span,8
excavation,8
lower,8
belong,8
sobre,8
colonized,8
morell,8
ante,8
fourth,8
generation,8
adequate,8
baduia,8
females,8
consider,8
river,8
numbers,8
actes,8
allow,8
found,8
faunal,8
research,8
moleta,8
passive,8
sail,8
still,8
single,8
valencian,8
remain,8
never,8
model,8
establish,8
examples,8
significant,8
times,8
architectural,8
features,8
claim,8
slightly,8
mil,8
provide,8
who,8
colonizers,8
broodbank,8
objects,8
closos,8
oxford,8
seem,8
down,8
them,8
level,8
gaia,8
conventional,8
invasive,8
polynesia,8
materials,8
national,8
association,8
beakers,8
maximum,8
balear,8
much,8
major,8
sa,7
common,7
considerably,7
putative,7
history,7
assume,7
monoxyle,7
archaeologically,7
vegetation,7
context,7
agriculture,7
events,7
que,7
development,7
cronologia,7
expected,7
canoes,7
myotragus,7
olive,7
general,7
rates,7
levels,7
cave,7
improvement,7
illes,7
periodizations,7
shorter,7
isolation,7
requires,7
fig,7
avant,7
arrived,7
strongly,7
enough,7
scenarios,7
bassin,7
climatic,7
situation,7
return,7
campaniforme,7
treballs,7
longer,7
reproductive,7
patterns,7
gymnesics,7
deposits,7
samples,7
birds,7
individuals,7
open,7
zealand,7
exchange,7
valldemossa,7
european,7
consists,7
success,7
montpler,7
fall,7
stable,7
outriggers,7
freshwater,7
proof,7
following,7
catalonian,7
quaternary,7
over,7
cultura,7
roman,7
unambiguously,7
comb,7
rhodanien,7
mediterrani,7
middle,7
ac,7
rovira,7
buttons,7
come,7
followed,7
geneve,7
entire,7
col,7
close,7
durante,6
he,6
total,6
contexts,6
notre,6
consistent,6
taken,6
containing,6
great,6
differences,6
datacions,6
real,6
vertebrate,6
pityusics,6
artefactual,6
minimum,6
mtdna,6
regarded,6
old,6
cambridge,6
allowing,6
corrected,6
rather,6
consell,6
propagule,6
developed,6
remote,6
probable,6
uncertainties,6
colonizing,6
lenni,6
elsewhere,6
additional,6
n,6
my,6
shared,6
artefact,6
produced,6
required,6
none,6
oxa,6
involved,6
neolithiques,6
rhone,6
yet,6
east,6
coeval,6
extinction,6
stones,6
water,6
humana,6
marker,6
unidentified,6
suggesting,6
larger,6
somewhere,6
tall,6
flint,6
variation,6
low,6
ere,6
plant,6
easter,6
k,6
orchard,6
mainly,6
improbable,6
spain,6
harding,6
increasing,6
imply,6
departement,6
amb,6
five,6
sails,6
supporting,6
control,6
cultures,6
abandonment,6
proceedings,6
menorcan,6
boudin,6
precision,6
septembre,6
define,6
unoccupied,6
extremely,6
roughly,6
little,6
societat,5
campaniformes,5
groups,5
imported,5
affected,5
analisis,5
likely,5
completely,5
trace,5
cargo,5
metallic,5
abundant,5
certainly,5
localities,5
maritime,5
absoluta,5
able,5
products,5
puigcerdd,5
far,5
framework,5
iron,5
against,5
europe,5
medio,5
concerning,5
suitable,5
left,5
chalcolithique,5
whose,5
absent,5
how,5
universitat,5
coastal,5
mean,5
discernible,5
presumed,5
four,5
result,5
houses,5
typical,5
relating,5
representative,5
founder,5
periodization,5
possibility,5
huge,5
significantly,5
edad,5
apparent,5
balearicus,5
good,5
edats,5
homenatge,5
talaiotic,5
annual,5
visible,5
partially,5
reduced,5
various,5
indeed,5
poor,5
make,5
indicates,5
veins,5
comments,5
wind,5
marques,5
reference,5
vs,5
prof,5
restricted,5
belonging,5
garona,5
others,5
vidourle,5
rock,5
addition,5
xii,5
recurrent,5
fernandez,5
pattern,5
unclear,5
bottleneck,5
discovery,5
damia,5
factor,5
like,5
primer,5
adequately,5
alcaidus,5
especially,5
anderson,5
effect,5
deixa,5
usually,5
reasonable,5
trabajos,5
overlap,5
relevant,5
indicate,5
construction,5
domenec,5
sociedad,5
then,5
seafaring,5
archaeology,5
medi,5
alternative,5
set,5
global,5
best,5
historical,5
domesticated,5
distinctive,5
uppermost,5
just,5
plants,5
megalitisme,5
given,5
datum,5
transition,5
nihoa,5
com,5
phenomenon,5
lands,5
archipelago,5
effects,5
defined,5
reached,5
strong,5
migration,5
north,5
introductions,5
cross,5
building,5
successive,5
calibrated,4
separated,4
implies,4
needed,4
american,4
stone,4
easily,4
dies,4
test,4
smelting,4
sources,4
invention,4
every,4
ii,4
implications,4
rubio,4
yll,4
ambert,4
hoffman,4
likeliest,4
obtingudes,4
secondary,4
monografies,4
wave,4
depends,4
issue,4
bird,4
capacity,4
bases,4
firm,4
activity,4
arta,4
establishing,4
taking,4
except,4
x,4
velar,4
implements,4
goal,4
dufraigne,4
includes,4
throughout,4
strasser,4
fundacio,4
points,4
due,4
unpublished,4
durant,4
barrier,4
refer,4
dades,4
occidental,4
atlantic,4
deviation,4
definitively,4
identification,4
links,4
monge,4
represented,4
certain,4
domestication,4
assuming,4
palaeontological,4
factors,4
li,4
sant,4
emergence,4
unambiguous,4
solid,4
show,4
origins,4
beyond,4
poblament,4
exploitation,4
endemic,4
appear,4
charcoal,4
remembered,4
escorca,4
access,4
occupation,4
mussol,4
hawaiian,4
fish,4
aportaciones,4
package,4
oxcal,4
directly,4
tool,4
year,4
place,4
records,4
structures,4
regions,4
around,4
da,4
up,4
st,4
pa,4
value,4
baulo,4
insulares,4
ancien,4
slag,4
above,4
carreras,4
direction,4
once,4
metalurgia,4
represents,4
querol,4
historia,4
boundary,4
ancient,4
included,4
lacked,4
unproven,4
largest,4
already,4
carritx,4
rise,4
considers,4
provencal,4
radiocarboniques,4
treball,4
shows,4
interaccidn,4
proposal,4
fragments,4
neolithique,4
accepted,4
exotic,4
distance,4
tuduri,4
discussion,4
food,4
assumption,4
emphasize,4
arqueologica,4
approach,4
ideologia,4
resulting,4
questions,4
historic,4
started,4
mammals,4
ecology,4
uncalibrated,4
problems,4
viable,4
diamond,4
dietary,4
waves,4
independent,4
continued,4
science,4
neolitic,4
monuments,4
covas,4
types,4
comes,4
colonists,4
municipality,4
cover,4
quickly,4
continental,4
marina,4
chapman,4
dolmen,4
did,4
manacor,4
ambientes,4
andromaco,4
ajuntament,4
constant,4
associations,4
sepulcre,4
climate,4
canary,4
impact,4
agricultural,4
map,4
produce,4
lowermost,4
observations,4
revista,4
pre,4
arguments,4
autochthonous,4
conditions,4
rhodano,4
include,4
comparison,4
debate,4
pool,4
built,4
sixth,4
ue,4
child,3
behavioural,3
way,3
names,3
analisi,3
extend,3
crossing,3
complex,3
cams,3
reasonably,3
valencia,3
revision,3
archaeologists,3
campillo,3
isotopiques,3
production,3
colonizacidn,3
definition,3
aquest,3
composition,3
reindeer,3
help,3
saguntum,3
feature,3
cherry,3
ad,3
proposals,3
datable,3
veny,3
ruminants,3
account,3
holocene,3
cap,3
para,3
richard,3
processes,3
diversity,3
royal,3
immediate,3
dynamics,3
since,3
interest,3
relatively,3
stika,3
actas,3
loqui,3
century,3
sanders,3
back,3
explore,3
seal,3
unresolved,3
ecosystems,3
coasts,3
mesolithic,3
fleet,3
deviations,3
his,3
milenio,3
mes,3
dolga,3
primers,3
influenced,3
diferents,3
poblamiento,3
probability,3
necker,3
animals,3
melos,3
maes,3
poblacio,3
peixoto,3
pollenca,3
salomo,3
affect,3
possibly,3
evolved,3
house,3
argued,3
lafi,3
lithic,3
follow,3
pleistocene,3
providing,3
whereas,3
ranges,3
closely,3
appearance,3
ascription,3
lived,3
requirements,3
eddies,3
zone,3
kirch,3
term,3
hypothetical,3
absolute,3
series,3
puig,3
near,3
future,3
inferred,3
kennard,3
partir,3
rat,3
danus,3
felanitx,3
knowledge,3
original,3
caught,3
intermediate,3
issues,3
accidental,3
personal,3
extinctions,3
deia,3
interpreted,3
oars,3
sense,3
involve,3
indicators,3
prehistorique,3
exclude,3
emerging,3
characteristics,3
knives,3
arquitectura,3
awls,3
essentially,3
pirineus,3
always,3
progress,3
results,3
deer,3
multiple,3
reducing,3
geographical,3
lend,3
survived,3
south,3
institut,3
coloni,3
overall,3
comparative,3
morts,3
necessary,3
garden,3
abrupt,3
va,3
innovation,3
quina,3
interpretation,3
museum,3
marginal,3
metallurgical,3
falls,3
complete,3
congruent,3
locality,3
pyrenean,3
french,3
unreliable,3
coming,3
academy,3
pointed,3
towards,3
many,3
incisa,3
cantarellas,3
fact,3
ceramic,3
factual,3
idea,3
agree,3
children,3
classical,3
colominas,3
antonio,3
took,3
soller,3
increases,3
derivation,3
orozco,3
eg,3
fewer,3
exceeds,3
frequency,3
autonoma,3
gives,3
herbivores,3
biological,3
trait,3
understanding,3
technologies,3
considering,3
channels,3
quan,3
manufactured,3
colonize,3
hypotheses,3
rivers,3
risch,3
colleccidla,3
styles,3
described,3
adding,3
congreso,3
leave,3
mestres,3
megahthic,3
improved,3
provides,3
minimal,3
catalunya,3
trying,3
mining,3
aegean,3
emphasized,3
deliberate,3
obsidian,3
availability,3
congres,3
bronce,3
gomes,3
santanyf,3
accepting,3
absolutes,3
seu,3
terranean,3
referred,3
un,3
seen,3
began,3
inadequate,3
stage,3
contexto,3
pristine,3
mortality,3
exists,3
cada,3
claims,3
arte,3
monument,3
indeterminate,3
narrower,3
extending,3
demonstrate,3
chalcohthic,3
know,3
sheep,3
worth,3
believe,3
constructions,3
ceramicas,3
eventually,3
reliability,3
edible,3
closest,3
advances,3
destroyed,3
studies,3
beginning,3
catastrophic,3
form,3
making,3
particular,3
soares,3
nearby,3
firmly,3
complexity,3
mentioned,3
contain,3
travel,3
front,3
vessels,3
ubar,3
logical,3
conclude,3
techniques,3
domesticates,3
allows,3
voyage,3
life,3
models,3
invasion,3
inbreeding,3
herault,3
pons,3
intro,3
mulet,3
typically,3
shift,3
flora,3
inicios,3
supported,3
territories,3
carbon,3
substantial,3
focus,3
observed,3
dos,3
primera,3
resolve,2
ments,2
pais,2
portuguese,2
basing,2
snails,2
paralleled,2
lation,2
indicated,2
contactes,2
excavacio,2
europeo,2
impossibility,2
extreme,2
college,2
repre,2
starts,2
cuevas,2
sonmorell,2
expect,2
settlements,2
led,2
arqueologico,2
replaced,2
integrity,2
confidence,2
mapa,2
localitats,2
informative,2
live,2
flows,2
coure,2
recursos,2
nord,2
conclusive,2
behaviour,2
corregit,2
overlaps,2
excavaciones,2
southwards,2
quaderns,2
nuevas,2
viability,2
detected,2
bahn,2
women,2
trolled,2
riva,2
mico,2
menocal,2
establiment,2
entailed,2
give,2
culturally,2
undocumented,2
lillios,2
emerged,2
diseases,2
mediterranee,2
asia,2
reach,2
analyses,2
opposing,2
arises,2
regional,2
reed,2
closer,2
reveal,2
contacte,2
subsequent,2
achieved,2
fresh,2
consist,2
gasco,2
primitive,2
regression,2
normal,2
meridionale,2
considerats,2
guards,2
bard,2
threshold,2
system,2
madrid,2
depending,2
ascribed,2
effort,2
linear,2
portugal,2
matthew,2
talayotica,2
america,2
geophysical,2
blanca,2
anos,2
isotopic,2
capable,2
securely,2
sidered,2
solely,2
bous,2
births,2
obvious,2
facilitate,2
sporadically,2
rela,2
tlement,2
exchanges,2
uncertain,2
quantity,2
dozen,2
mountains,2
mediterrania,2
corsica,2
jose,2
hudson,2
succeed,2
exist,2
repeatedly,2
vertebrates,2
colonizations,2
plaques,2
collapse,2
relationships,2
adaptacidn,2
accuracy,2
explained,2
estimating,2
component,2
difficulties,2
quality,2
regio,2
visited,2
holdaway,2
scarce,2
mediterraneen,2
ability,2
accidentally,2
lasts,2
grouped,2
llises,2
dis,2
rank,2
cases,2
precludes,2
elements,2
immigrants,2
mida,2
grape,2
amount,2
differently,2
archaeo,2
ha,2
ane,2
six,2
uncorrected,2
compared,2
publications,2
carrying,2
find,2
weight,2
dataciones,2
application,2
practically,2
figura,2
understood,2
megalitic,2
influence,2
poorly,2
crossroads,2
jean,2
higher,2
episodes,2
via,2
perles,2
recognized,2
across,2
joan,2
unit,2
balaguer,2
uninhabited,2
approaches,2
deliberately,2
proportion,2
loses,2
edat,2
tristan,2
parts,2
study,2
productive,2
cueva,2
consequences,2
chalco,2
carpentry,2
facilitated,2
speculative,2
flexibility,2
statistical,2
section,2
reumer,2
traces,2
northeastern,2
too,2
upper,2
metals,2
icen,2
trias,2
jars,2
recovered,2
schwarz,2
consequence,2
segundo,2
mordant,2
nnw,2
permanent,2
restriction,2
ulation,2
management,2
view,2
patrimoine,2
evolutionary,2
chronologie,2
societe,2
mall,2
holds,2
histories,2
basin,2
une,2
item,2
canarias,2
seven,2
vulnerability,2
ocean,2
census,2
relate,2
noting,2
conjectural,2
isotope,2
fuel,2
inter,2
popu,2
ceramica,2
documental,2
tools,2
applied,2
franchthi,2
universidad,2
explored,2
explain,2
networks,2
criteria,2
technical,2
improve,2
char,2
undemonstrated,2
pedro,2
network,2
distinguish,2
line,2
unexcavated,2
micronesia,2
work,2
imports,2
alien,2
perez,2
correccio,2
anys,2
su,2
breeding,2
reduction,2
nation,2
confirms,2
grow,2
reports,2
bolletide,2
ten,2
parameters,2
loss,2
literature,2
northwest,2
valladolid,2
collective,2
actually,2
falling,2
taxa,2
internacional,2
outposts,2
putatively,2
ultimos,2
project,2
cabral,2
status,2
own,2
knapp,2
nivel,2
huma,2
europaea,2
caused,2
ago,2
field,2
below,2
distances,2
guijarro,2
coupled,2
prehistorica,2
contrast,2
emphasizes,2
instituut,2
wrist,2
het,2
sufficient,2
pare,2
catalonia,2
isotopes,2
amor,2
latest,2
boundaries,2
lloseta,2
generally,2
cattle,2
proper,2
correspondence,2
civilisation,2
plausible,2
newly,2
settle,2
activities,2
moriori,2
critical,2
evergreen,2
pouas,2
units,2
baix,2
minor,2
onset,2
variety,2
polished,2
economic,2
patrimoni,2
located,2
expansion,2
barley,2
differs,2
argues,2
classic,2
female,2
fertility,2
biblioteca,2
stratigraphy,2
intervention,2
torretes,2
builders,2
hold,2
answering,2
southeast,2
mammal,2
percentage,2
unas,2
fit,2
cambio,2
etat,2
gaiffe,2
windows,2
fifth,2
ka,2
complementary,2
palmer,2
light,2
refine,2
dna,2
broad,2
indian,2
robust,2
muntanyes,2
diners,2
noted,2
holoceno,2
voyages,2
useful,2
routes,2
mallorquines,2
simulation,2
creixement,2
invaders,2
decoration,2
power,2
fin,2
put,2
decorative,2
analytical,2
disqualified,2
generational,2
crops,2
broum,2
consideration,2
der,2
occurrence,2
trobats,2
pressure,2
gested,2
conference,2
documents,2
pretalayotica,2
incorporation,2
midi,2
contemporary,2
golden,2
considerable,2
predominant,2
noticias,2
snail,2
discussed,2
external,2
channel,2
outside,2
kit,2
hies,2
adjacent,2
estudio,2
landscape,2
autors,2
strategies,2
ferrandell,2
cataluna,2
syncretic,2
bate,2
impoverished,2
insecure,2
follows,2
pobladors,2
enso,2
oseo,2
maya,2
remained,2
powered,2
analyzed,2
zation,2
subtropical,2
exhibit,2
situated,2
investigated,2
cala,2
treated,2
assemblages,2
unquestionably,2
ecologically,2
active,2
dormouse,2
balearicos,2
rectificaciones,2
deleterious,2
doubt,2
causes,2
extraordinarily,2
net,2
bernabeu,2
salvador,2
places,2
laboratory,2
full,2
improvements,2
specimen,2
hierro,2
rejected,2
publication,2
incisions,2
oleza,2
imedea,2
individual,2
plasticity,2
allowed,2
characterized,2
belongs,2
function,2
responses,2
risen,2
stages,2
martin,2
latter,2
cambios,2
repeated,2
become,2
overcome,2
hallazgo,2
nuevos,2
structure,2
ninot,2
oak,2
primeros,2
sug,2
invented,2
occupied,2
extincion,2
relative,2
devoid,2
caution,2
fou,2
anomaly,2
fontbouissien,2
propose,2
unrelated,2
mas,2
separate,2
discriminating,2
bighorn,2
carried,2
valor,2
marroig,2
ellison,2
arriving,2
suggestion,2
pobladores,2
aus,2
bureau,2
arrivals,2
figure,2
washed,2
sol,2
rough,2
lagen,2
inside,2
primarily,2
bulletin,2
excluding,2
procedente,2
pop,2
deposit,2
detailed,2
drifting,2
contribution,2
sequences,2
remaining,2
rapidly,2
culturel,2
length,2
adaptation,2
why,2
extra,2
capitelle,2
months,2
itself,2
gonzalez,2
mediterraneo,2
definitive,2
acquired,2
today,2
duncan,2
aproximacio,2
deya,2
genomic,2
founded,2
respective,2
extensive,2
hypothesized,2
reinforced,2
temporal,2
shapes,2
reconnaissance,2
text,2
meat,2
sciences,2
flotsam,2
drowned,2
defining,2
provence,2
prchist,2
blind,2
shares,2
argue,2
particularly,2
hence,2
doubling,2
terrani,2
past,2
pour,2
emerges,2
merely,2
concrete,2
usual,2
commensal,2
correlate,2
economy,2
spatial,2
voor,2
supports,2
diaz,2
mere,2
theory,2
tahitian,2
fi,2
problem,2
meridional,2
molecular,2
thames,2
require,2
migrations,2
abans,2
episode,2
hundreds,2
chronometric,2
involving,2
valors,2
northwestern,2
despite,2
atmospheric,2
role,2
docu,2
fossil,2
variability,2
african,2
maori,2
leccidla,2
obtain,2
au,2
harrison,2
forcing,2
arqueologva,2
lagran,2
textile,2
wild,2
layers,2
shown,2
survival,2
sediments,2
cas,2
tierknochenfunde,2
similarity,2
finally,2
cunha,2
parallels,2
contributed,2
fecundity,2
sur,2
levy,2
smaller,2
regular,2
southeastern,2
attributes,2
roles,2
am,2
specific,2
drift,2
themselves,2
consisted,2
enfoques,2
archipelagos,2
miquel,2
millares,2
corral,2
gulf,2
avoid,2
unequivocal,2
aeolian,2
meeting,2
conclu,2
termed,2
praehistorica,2
sufficiently,1
wolves,1
juan,1
frequent,1
combi,1
vernissa,1
wooden,1
lopez,1
interpre,1
algun,1
horticultural,1
possum,1
esporles,1
seus,1
accidents,1
millennial,1
evolucio,1
limits,1
seminaire,1
survivors,1
male,1
avoiding,1
estudi,1
correlation,1
freaticos,1
anthony,1
overgrowths,1
symposium,1
ranean,1
permetre,1
peninsule,1
bivore,1
habitable,1
fase,1
problematique,1
correlations,1
moai,1
representacio,1
functional,1
judging,1
engendered,1
environmental,1
origens,1
expedition,1
determine,1
intriguing,1
northeast,1
red,1
largeor,1
cruz,1
thermohaline,1
clariana,1
proposa,1
melian,1
extends,1
originating,1
totally,1
succession,1
mar,1
differentiating,1
discusion,1
fates,1
prehistdrica,1
territorial,1
distributed,1
connecticut,1
necessitates,1
passing,1
ventional,1
contemporaneous,1
becoming,1
cassey,1
kinds,1
effective,1
mobility,1
arnau,1
grandes,1
slight,1
topics,1
identify,1
diverge,1
disentangling,1
petits,1
hull,1
pel,1
formed,1
grown,1
nota,1
comunidades,1
english,1
motivation,1
continent,1
actividad,1
detallada,1
rounded,1
torrella,1
uments,1
delafi,1
bifacial,1
pitiiises,1
unanswered,1
inconsistent,1
mathieu,1
sirius,1
uted,1
bination,1
epidemiological,1
pliocene,1
park,1
lillos,1
aproximacions,1
larvas,1
considerations,1
weaker,1
decade,1
navigational,1
jallot,1
hekla,1
cronologic,1
transicio,1
page,1
position,1
govern,1
fixed,1
virtually,1
habits,1
hirta,1
observing,1
recolza,1
emiliano,1
triangulation,1
fragile,1
pinot,1
realidad,1
proces,1
village,1
york,1
pityussae,1
belmonte,1
yield,1
princeton,1
hmit,1
penya,1
typologically,1
updated,1
stowaways,1
nomenclature,1
leads,1
intentions,1
expenditures,1
aotearoa,1
alcudia,1
accumulation,1
oceania,1
irruption,1
mast,1
else,1
massac,1
poblacion,1
permit,1
destruida,1
cions,1
surmounted,1
eolica,1
davis,1
isla,1
cronologiques,1
ultramari,1
ambivalence,1
misidentified,1
rellevants,1
diatomite,1
bettis,1
preceding,1
archae,1
sweetapple,1
occidentals,1
achieving,1
derives,1
exclusive,1
hood,1
domesticants,1
botanicos,1
innovations,1
implying,1
figueral,1
rush,1
musical,1
rita,1
attempt,1
corridors,1
palynological,1
permanently,1
beautiful,1
hoffmann,1
vila,1
noticiario,1
advanced,1
absolue,1
nature,1
sustainable,1
editions,1
pollen,1
obtinguda,1
zeitschrift,1
incorporating,1
perforades,1
possibilities,1
oval,1
exemplar,1
knowing,1
arqueoastronomia,1
ceramiques,1
stratigraphically,1
tradition,1
skills,1
portable,1
metallurgistes,1
assess,1
broadly,1
blown,1
assertion,1
wainwright,1
warm,1
together,1
conceptualized,1
reasons,1
squat,1
gradual,1
farmers,1
degut,1
calcolitico,1
rich,1
comencament,1
precisa,1
inherent,1
disappearance,1
transferred,1
transporting,1
mediados,1
catalans,1
neolviic,1
francesc,1
sepulcro,1
reproduction,1
prevail,1
windor,1
relacionades,1
tossa,1
espectre,1
setting,1
zambujal,1
dobli,1
gornes,1
ancestry,1
embrace,1
fon,1
niizhet,1
seamanships,1
tesi,1
mind,1
syl,1
fullest,1
greatly,1
precisely,1
influences,1
olea,1
doc,1
displayed,1
deriving,1
debut,1
rutas,1
china,1
carnivores,1
hipotesis,1
discrete,1
ambiguous,1
signs,1
corba,1
autoctonos,1
daniel,1
macrorrestos,1
attempted,1
widening,1
papers,1
datings,1
contents,1
weighing,1
surpasses,1
released,1
complutum,1
side,1
caribou,1
takes,1
occasional,1
resemblances,1
definitions,1
reconstruction,1
ltd,1
curated,1
plain,1
fernando,1
relativa,1
espace,1
nearly,1
advice,1
continuum,1
turo,1
romans,1
modifier,1
primary,1
mass,1
standardizing,1
camargue,1
demography,1
caja,1
energetic,1
balmes,1
representations,1
changed,1
ixe,1
versant,1
carretera,1
quantities,1
fins,1
prior,1
determined,1
lewthwaite,1
ar,1
productora,1
secuencia,1
soils,1
keyfitz,1
lies,1
vital,1
vaquer,1
spanish,1
ermita,1
discovered,1
combination,1
say,1
adoption,1
desembullar,1
classics,1
pins,1
criticised,1
apply,1
constrained,1
representing,1
carbonic,1
interact,1
manent,1
ritual,1
canaria,1
possessed,1
pioneer,1
macchias,1
prevented,1
cretan,1
languedocian,1
conclusively,1
tied,1
inventory,1
separating,1
totalment,1
localized,1
eamon,1
tons,1
usage,1
winning,1
palaeontologists,1
vases,1
regarding,1
henley,1
build,1
intercanvis,1
auckland,1
pen,1
accessible,1
manzano,1
pels,1
ams,1
affiliation,1
release,1
purportedly,1
pyreneens,1
wheels,1
erection,1
forenbaher,1
proceeded,1
delimit,1
peculiarities,1
esti,1
roger,1
previa,1
run,1
perioditzacio,1
calculated,1
longevity,1
economia,1
categorized,1
assumes,1
millenni,1
trated,1
neighbours,1
desviacio,1
attained,1
clay,1
basal,1
sp,1
autochtho,1
moment,1
concentrations,1
invasibility,1
hooks,1
interpret,1
conducted,1
cf,1
garda,1
stepping,1
pig,1
ceramique,1
living,1
convention,1
encinas,1
awl,1
dence,1
vanished,1
spans,1
session,1
mesoscale,1
norte,1
pertained,1
transitional,1
thing,1
undiscovered,1
unity,1
archeologie,1
militate,1
california,1
maintaining,1
ation,1
cheetah,1
brushtail,1
meso,1
erably,1
caput,1
noves,1
averaging,1
tuniversite,1
recherches,1
timeframe,1
response,1
restrict,1
difficulty,1
flawed,1
young,1
pores,1
radio,1
disqualifies,1
merce,1
geostrophic,1
carlos,1
intervening,1
negret,1
suggereix,1
reoccupation,1
ferragut,1
rounding,1
acqui,1
vege,1
sepulcrales,1
arqueologfa,1
equally,1
suitability,1
corpus,1
michaux,1
fosca,1
outflow,1
navetas,1
skins,1
hominids,1
pennsylvania,1
bte,1
simplistic,1
demonstrably,1
eurasian,1
palaeoenvironmental,1
castro,1
climates,1
tobsidienne,1
adult,1
acted,1
joinery,1
acknowledge,1
mallorquf,1
jaciment,1
poznan,1
boisselier,1
monk,1
megalftico,1
ripoll,1
lluis,1
quaestionis,1
ment,1
musculus,1
bounty,1
linkages,1
cobre,1
bottlenecks,1
walls,1
manuel,1
discussio,1
inhabitant,1
claustre,1
distribution,1
espeleotemas,1
aim,1
mechanisms,1
recolectados,1
minorca,1
recolonization,1
illegalities,1
interesting,1
competition,1
go,1
abbreviation,1
soay,1
katina,1
peopling,1
added,1
graphics,1
essential,1
ably,1
hipogeo,1
mdeterminate,1
act,1
microsatellites,1
rocoso,1
bring,1
echange,1
postulates,1
superficial,1
generations,1
adds,1
db,1
tipiques,1
illustration,1
aggressive,1
pastores,1
investigation,1
serra,1
passeriform,1
var,1
ebro,1
preparing,1
bateman,1
hommage,1
comparable,1
neolithi,1
concemant,1
conceptions,1
environments,1
mechanics,1
opportunity,1
inconsistently,1
misceldnea,1
risk,1
nizers,1
planctonicas,1
norba,1
importance,1
se,1
cronologa,1
mus,1
consensual,1
autoctona,1
ceramics,1
anthropic,1
losing,1
mercer,1
tionship,1
cazadores,1
jardin,1
symbols,1
lacking,1
gratefully,1
helms,1
scales,1
black,1
hipogeos,1
potencialment,1
successives,1
individ,1
lay,1
persons,1
oceano,1
predation,1
navigateurs,1
von,1
paleolithic,1
scattered,1
sistently,1
extremes,1
lipo,1
precious,1
supposed,1
invasiveness,1
multivariate,1
consistency,1
conservatoire,1
lennium,1
editing,1
means,1
reason,1
references,1
monopolized,1
drac,1
nor,1
gener,1
immigrant,1
chronologiques,1
notwithstanding,1
plantejaments,1
salat,1
marks,1
sinia,1
cause,1
preclude,1
underdeveloped,1
organization,1
biogeographic,1
estimada,1
presents,1
gard,1
exponential,1
bilan,1
organized,1
flax,1
fishes,1
bursts,1
cyclades,1
branch,1
contiguous,1
aguirre,1
preh,1
proved,1
producers,1
informe,1
termini,1
stabilizing,1
noticeable,1
air,1
completion,1
trabalhos,1
vaso,1
periodo,1
daggers,1
surpassing,1
landing,1
frequently,1
reviewed,1
calendar,1
archipielagos,1
severe,1
paisatge,1
benefited,1
indis,1
orientation,1
sus,1
radically,1
intervisible,1
cyprian,1
experienced,1
valued,1
wire,1
resource,1
ques,1
drought,1
gutherz,1
olivier,1
office,1
lifespan,1
substantiated,1
definite,1
grau,1
incisas,1
putting,1
rattus,1
vicens,1
comparing,1
fronts,1
directionally,1
escribano,1
terminology,1
algerian,1
puts,1
biodiversity,1
shifted,1
calcolftico,1
mammalian,1
helped,1
eustatica,1
valenciano,1
projected,1
marriage,1
provisional,1
incor,1
ceased,1
inhabited,1
cdrritxy,1
karstic,1
cut,1
gamble,1
body,1
exits,1
highest,1
adduce,1
portugues,1
aliens,1
joao,1
levant,1
favouring,1
greater,1
raw,1
expressed,1
ou,1
molluscs,1
assets,1
lead,1
covetes,1
identifying,1
priori,1
pest,1
migrant,1
uals,1
darqueologia,1
transmission,1
genetes,1
tem,1
peculiarity,1
discount,1
method,1
resdeveniment,1
conservative,1
triangulacio,1
called,1
strength,1
prehistoricos,1
matrilocal,1
oil,1
versite,1
hungarian,1
unevaluated,1
wrongly,1
intentionality,1
her,1
fishing,1
insula,1
lurgia,1
primacy,1
zealanders,1
despres,1
depletion,1
poblacions,1
strates,1
ornaments,1
extinct,1
viking,1
persist,1
maderas,1
radiometric,1
lowlands,1
feasibility,1
iberischen,1
almost,1
philosophical,1
cores,1
excavations,1
glacial,1
acabada,1
landfall,1
evaluate,1
tipica,1
academic,1
density,1
lat,1
cerealfstica,1
david,1
spotted,1
wager,1
pure,1
pro,1
memory,1
though,1
polishing,1
let,1
buried,1
healthy,1
hacia,1
presentat,1
comencar,1
beni,1
stock,1
michigan,1
reviews,1
versity,1
keywords,1
fisher,1
fisherman,1
indirect,1
neolftiques,1
viewed,1
sul,1
northwards,1
dispersal,1
domesticus,1
inicial,1
estimate,1
disparitat,1
domesticacio,1
scale,1
colonizacidh,1
iceland,1
appearing,1
otherwise,1
criteris,1
placed,1
historiograflcas,1
however,1
chal,1
noroeste,1
sport,1
procedures,1
hidalgo,1
rupture,1
alacant,1
donant,1
approached,1
funcional,1
heavily,1
falsify,1
flaked,1
nonetheless,1
problema,1
vegetal,1
alt,1
acknowledgements,1
experiment,1
aspects,1
millor,1
shape,1
colonies,1
lost,1
fum,1
uispp,1
having,1
metallurgie,1
figurative,1
francia,1
trial,1
accounting,1
quercetum,1
makers,1
rodano,1
conjecture,1
residents,1
paraphrase,1
vives,1
abstracts,1
technically,1
mamfestaciones,1
canario,1
surrounded,1
cietat,1
bola,1
nearest,1
conjectured,1
yacimiento,1
anthropological,1
tens,1
contradictorily,1
london,1
discusses,1
associades,1
tbouisse,1
bm,1
comment,1
argaric,1
primavera,1
maiol,1
positions,1
aro,1
description,1
sixths,1
woodland,1
denis,1
transportable,1
meteorologic,1
follia,1
sta,1
nesian,1
arqueoldgico,1
unique,1
refined,1
boletin,1
expansive,1
demonstrates,1
neohiic,1
contains,1
botons,1
punts,1
round,1
smtesis,1
tephra,1
demon,1
cuaternario,1
transported,1
faunfstica,1
focuses,1
sao,1
away,1
reflect,1
disregarding,1
surrounding,1
ously,1
rafel,1
tuccimei,1
il,1
geografics,1
sudeste,1
entails,1
recirculates,1
premiere,1
showing,1
vesica,1
sions,1
rafts,1
istorica,1
wheat,1
connections,1
espacial,1
holy,1
ucla,1
betraying,1
weeks,1
neohthic,1
sampled,1
eren,1
manifestation,1
heritage,1
productes,1
anuari,1
cucchi,1
pyrenees,1
navibs,1
analysed,1
earth,1
oriental,1
formas,1
atlas,1
preceded,1
anchoa,1
statistically,1
whilst,1
geostrofico,1
authorities,1
anticosti,1
normally,1
correct,1
societes,1
hard,1
double,1
riggers,1
spatially,1
constituent,1
adherents,1
revolution,1
theoretically,1
colonitzadors,1
lapita,1
calcohtico,1
holes,1
next,1
sition,1
investigacio,1
order,1
fallow,1
unsupported,1
mented,1
esdeveniment,1
registro,1
bank,1
ww,1
family,1
metall,1
vertebrados,1
reconstructions,1
principals,1
reflexiones,1
nutritional,1
estilo,1
ignore,1
sentations,1
mdeterrninate,1
wider,1
choose,1
migrating,1
bottle,1
mal,1
web,1
unalloyed,1
industry,1
dintre,1
despues,1
convincing,1
observe,1
erected,1
australian,1
peak,1
jellife,1
rubricatum,1
cur,1
villages,1
implausible,1
impossible,1
revisio,1
descendants,1
inability,1
jordan,1
goat,1
posed,1
pays,1
paid,1
fundidores,1
genome,1
avancats,1
nesiotites,1
diposits,1
corse,1
grateful,1
provided,1
finds,1
visit,1
disappearances,1
ub,1
episodic,1
sporadic,1
palaeodiet,1
iberique,1
frares,1
cronologfa,1
ditched,1
facies,1
tiempo,1
input,1
subsequently,1
coexist,1
ilicis,1
quently,1
marked,1
ficcio,1
perspectivas,1
llc,1
solar,1
incrementa,1
illus,1
sentatives,1
fa,1
ranging,1
devel,1
excludes,1
chains,1
annum,1
matter,1
thanks,1
punic,1
attributable,1
publishers,1
logistical,1
requirement,1
trascor,1
mcglone,1
scientific,1
piezas,1
inadequacy,1
cessation,1
calendric,1
rule,1
ans,1
doctoral,1
vention,1
paraphrasing,1
intrusions,1
crete,1
rossello,1
schemes,1
corded,1
qual,1
wetland,1
tremadura,1
santanyi,1
dawn,1
exception,1
planks,1
constraints,1
object,1
step,1
prove,1
vus,1
elusive,1
uber,1
canadensis,1
estado,1
reappraisal,1
herbivorous,1
neolihc,1
expanded,1
surviving,1
landed,1
woods,1
resolt,1
darrera,1
standing,1
studien,1
topography,1
movement,1
hiding,1
excavacion,1
restracturing,1
desarrollo,1
virginian,1
selection,1
entail,1
talaiotica,1
profoundly,1
primerenques,1
millot,1
needles,1
culturali,1
scarcity,1
protohistorica,1
postdates,1
coherence,1
gastropods,1
synchronous,1
martinez,1
inception,1
fragmentary,1
cheetahs,1
dedicated,1
gress,1
chalcotithic,1
revisiting,1
marshes,1
revealed,1
trento,1
me,1
alongside,1
kluwer,1
strange,1
soon,1
cats,1
kilos,1
jaume,1
discussions,1
chatham,1
den,1
afrotropic,1
formally,1
exposure,1
poly,1
stockbreeding,1
termination,1
pemberton,1
specimens,1
castillo,1
periodizacion,1
linnean,1
registre,1
sociological,1
home,1
editorial,1
breakage,1
planned,1
calibrats,1
indebted,1
kenard,1
assistance,1
action,1
carbonate,1
choices,1
curva,1
sharply,1
ilnd,1
tectural,1
baltimore,1
benito,1
nine,1
wright,1
si,1
product,1
reduces,1
montero,1
transporte,1
illustrated,1
cotas,1
confirmed,1
department,1
qualified,1
unkeeled,1
unusually,1
homogenisation,1
prehistoire,1
tbird,1
microanalisis,1
prepared,1
tiburon,1
strata,1
provincia,1
minerales,1
produccidn,1
chemically,1
sistent,1
company,1
declining,1
reclutament,1
putably,1
jaciments,1
nous,1
tasmanian,1
alteration,1
nova,1
humid,1
emprats,1
objectes,1
fire,1
emprant,1
name,1
macphee,1
successfully,1
admit,1
westward,1
demo,1
oceanic,1
catolico,1
suit,1
recente,1
orientated,1
goodfriend,1
technique,1
stronger,1
sensu,1
iniciales,1
stream,1
mark,1
santa,1
undetermined,1
again,1
plunkett,1
crucial,1
renewed,1
underesti,1
locating,1
reporting,1
varies,1
printing,1
corregides,1
towns,1
determi,1
analyse,1
pretalaiotic,1
preten,1
cuestiones,1
founders,1
spear,1
succeeded,1
peratures,1
introduits,1
subfossil,1
cultivated,1
unparalleled,1
limit,1
coincidence,1
mediterraneens,1
praeger,1
abilities,1
perceptible,1
striking,1
monograph,1
importation,1
plan,1
mito,1
vail,1
courchamp,1
lenosos,1
abstract,1
datacio,1
regulation,1
trabajo,1
costeras,1
vela,1
predominated,1
geometrical,1
gomis,1
layer,1
threats,1
eventuals,1
zilhao,1
diverse,1
demonstrating,1
identitat,1
barce,1
pantaleon,1
biota,1
mated,1
sondaar,1
modified,1
descended,1
resolved,1
obtingut,1
man,1
fundador,1
campamforme,1
carbones,1
trips,1
appeared,1
mediterranees,1
otras,1
conclusions,1
antropologia,1
antiguo,1
monographs,1
paris,1
shelters,1
vidriera,1
plantal,1
colonizer,1
etablissement,1
covered,1
road,1
museo,1
flenley,1
continuing,1
developing,1
competitors,1
crash,1
systematic,1
existing,1
problematic,1
invasible,1
sutton,1
non,1
radiocarbdniques,1
arqueologic,1
ossos,1
calculades,1
ice,1
mostly,1
inhospitable,1
mostren,1
toad,1
rently,1
talamor,1
homenaje,1
enigmas,1
analysing,1
mundo,1
jordi,1
exulans,1
als,1
complejidad,1
weakly,1
rafting,1
borne,1
optical,1
day,1
identifiable,1
valleys,1
boat,1
zooarchaeological,1
degree,1
evi,1
rniniatures,1
basa,1
mineros,1
demonstrated,1
archi,1
government,1
matrix,1
week,1
rowed,1
greatest,1
reveals,1
implicaciones,1
undiagnostic,1
driscoll,1
metales,1
blanc,1
coriolis,1
averaged,1
institute,1
rio,1
metalurgica,1
disease,1
cyclonically,1
minimizing,1
abide,1
queologia,1
abongenes,1
referenced,1
itations,1
comprise,1
explanation,1
estat,1
width,1
accompanying,1
patrilocal,1
mata,1
israel,1
sides,1
tecnologfa,1
logs,1
jubatus,1
eobania,1
primitivos,1
rando,1
ruminant,1
foxes,1
goes,1
arbitrarily,1
lics,1
warrior,1
windand,1
findings,1
anual,1
picor,1
extinciones,1
pentapartite,1
prdcticas,1
traded,1
characteristically,1
herran,1
largely,1
iso,1
robinson,1
moulded,1
prov,1
kerguelen,1
muro,1
aside,1
seguit,1
arcaicas,1
rare,1
moros,1
marcen,1
nothing,1
persistent,1
gestion,1
barker,1
jacques,1
economfa,1
rojo,1
struction,1
deforestation,1
parasitic,1
states,1
recruitment,1
llevant,1
czebreszuk,1
naturalesa,1
minimize,1
ciclopia,1
manning,1
shelter,1
seva,1
involves,1
gobelets,1
vii,1
nuclear,1
imperfect,1
exports,1
steering,1
landscapes,1
accept,1
quotation,1
femur,1
enlargement,1
sandwiched,1
transformation,1
reality,1
lul,1
composants,1
communicated,1
hiatus,1
cul,1
comprehensive,1
iconographic,1
peripheral,1
recognize,1
definitely,1
evolucion,1
ireland,1
estreta,1
tetude,1
carthaginian,1
commonest,1
statues,1
held,1
commonly,1
construc,1
dfa,1
physics,1
crucibles,1
revised,1
insulars,1
unconfirmed,1
unambigu,1
indisputable,1
variance,1
course,1
mountain,1
filled,1
persistence,1
accurate,1
margalida,1
interacted,1
attributing,1
parcialment,1
intrinsic,1
corsican,1
utrilla,1
allochthonous,1
calcohhco,1
americas,1
novo,1
paleo,1
graphic,1
special,1
cornavaques,1
internal,1
inicio,1
improving,1
incapable,1
indi,1
casson,1
methods,1
coral,1
generic,1
topic,1
orfgenes,1
craft,1
relation,1
msturbed,1
sight,1
siete,1
interpretations,1
tree,1
assessing,1
acquire,1
garcia,1
calcolftic,1
unproductive,1
asi,1
matriu,1
fur,1
marti,1
tapho,1
pere,1
implication,1
analyze,1
tight,1
conquest,1
looked,1
mides,1
workshop,1
conducting,1
figures,1
need,1
institution,1
separates,1
nomic,1
discoveries,1
basically,1
quarter,1
amoros,1
navi,1
attention,1
sailing,1
molt,1
overestimations,1
immigration,1
footprint,1
concluded,1
widely,1
division,1
applies,1
limitats,1
attended,1
examines,1
sepulcres,1
hunt,1
unwittingly,1
malta,1
rift,1
cdrritx,1
dogs,1
conselleria,1
conflict,1
demografic,1
insolation,1
space,1
tempo,1
depth,1
route,1
somewhat,1
straight,1
desenvolupant,1
lo,1
penguin,1
esta,1
assigned,1
islamic,1
medis,1
arbre,1
abundance,1
laro,1
faunistico,1
characterisation,1
pres,1
delimiting,1
belonged,1
africa,1
symmetry,1
neighbour,1
sometimes,1
foreign,1
antes,1
outsiders,1
vision,1
testing,1
program,1
picador,1
tech,1
agulles,1
arqueologia,1
timespan,1
attrib,1
fairly,1
insufficient,1
widespread,1
rnining,1
shrew,1
predict,1
becomes,1
dimensions,1
directions,1
relations,1
ciencies,1
spriggs,1
tighter,1
ientos,1
antoni,1
jar,1
quaternari,1
fruhe,1
originated,1
nological,1
furnish,1
construcciones,1
similarities,1
countries,1
distort,1
littoral,1
spanning,1
testifies,1
diagnosis,1
initials,1
alemany,1
nato,1
reaches,1
often,1
responsible,1
sharp,1
expectations,1
clop,1
continually,1
norton,1
gavarra,1
existed,1
clusive,1
wildlife,1
researcher,1
united,1
desconeixement,1
lion,1
dead,1
centuries,1
aboriginal,1
consid,1
imple,1
olives,1
desviacions,1
canvis,1
investigate,1
rigorous,1
gymnesian,1
sintetica,1
ie,1
biology,1
undecorated,1
stech,1
peno,1
supply,1
inactivity,1
dissertation,1
differentiated,1
produc,1
historique,1
archipel,1
tengueren,1
seriously,1
confessionari,1
periodificacion,1
paleoecologia,1
utilising,1
gatherer,1
canvi,1
conocimiento,1
relates,1
wheeled,1
dispersed,1
reviewing,1
grounds,1
furthest,1
resum,1
conclusion,1
refute,1
quins,1
accordance,1
adveccion,1
bauza,1
changing,1
intensification,1
homogeneity,1
throw,1
intercambios,1
sakai,1
geographic,1
diversos,1
josep,1
detect,1
determinants,1
mutineers,1
implied,1
discrepancy,1
memteiraneo,1
hms,1
proposes,1
recalibration,1
zillen,1
occurrences,1
marino,1
estimes,1
metallurgiques,1
preserves,1
prob,1
doi,1
typology,1
tecnologico,1
vasijas,1
coals,1
vedat,1
plate,1
organizational,1
sustained,1
nitrogen,1
assumedly,1
mediter,1
equation,1
femoris,1
appliquer,1
canova,1
pingelap,1
datacion,1
flow,1
disponible,1
palaearctic,1
sociales,1
keightley,1
books,1
feral,1
resposta,1
altres,1
intensive,1
messinian,1
hamilton,1
fitzpatrick,1
tliird,1
december,1
coupling,1
sizes,1
considera,1
commensals,1
flowing,1
fontbuissien,1
arqueoldgica,1
contextual,1
culturales,1
barcelona,1
instantaneous,1
sexes,1
belongings,1
primero,1
regard,1
volume,1
numbering,1
gap,1
westernmost,1
keel,1
relacio,1
foundation,1
iii,1
ideological,1
pericot,1
milk,1
flujo,1
tribes,1
rafal,1
linked,1
conceivably,1
obviously,1
alloyed,1
perfectly,1
polynesian,1
infer,1
goods,1
recherche,1
varved,1
abrigo,1
hundred,1
fail,1
reflected,1
disponibles,1
mentre,1
metalicas,1
assessment,1
miranda,1
garrover,1
edge,1
respect,1
evident,1
catalogue,1
industries,1
phd,1
biogeography,1
comagen,1
tenth,1
climatico,1
defend,1
poblacional,1
unlikely,1
evolucionar,1
atolls,1
poder,1
midifrances,1
lim,1
reducir,1
carefully,1
mihennium,1
discharge,1
pretalaidtic,1
seals,1
garrotxa,1
poses,1
weighs,1
canarian,1
stability,1
selected,1
migratory,1
namely,1
immigrations,1
ones,1
involvement,1
unsuitability,1
want,1
independently,1
lorcans,1
pertinent,1
males,1
cloths,1
esmoladors,1
lottery,1
climatological,1
storm,1
encloses,1
restabliment,1
pique,1
pep,1
porates,1
tightly,1
weasel,1
crftica,1
nautical,1
forma,1
consisting,1
waters,1
densities,1
predate,1
prepare,1
propagul,1
estratigrafia,1
reperes,1
thousands,1
europeen,1
serie,1
catalana,1
neohuc,1
cronologica,1
precedent,1
u,1
views,1
apareix,1
incorporated,1
navigators,1
ville,1
infant,1
aguas,1
prevailing,1
ifutur,1
interpretative,1
finished,1
popular,1
noticeably,1
vista,1
artefactes,1
bodies,1
navigate,1
marc,1
hedrick,1
barbaria,1
transicid,1
fountbouissien,1
preserved,1
weiss,1
entrance,1
commerce,1
plos,1
pits,1
prehistdrico,1
bernat,1
affecting,1
lox,1
spurious,1
fieger,1
elucidate,1
prevalent,1
yacim,1
centro,1
improves,1
giving,1
die,1
alta,1
rendering,1
monographies,1
canyamel,1
assumptions,1
everywhere,1
duction,1
measure,1
centenars,1
coneixement,1
harvesting,1
target,1
commodities,1
limitrophes,1
lab,1
knutti,1
fuses,1
buguey,1
mention,1
maintained,1
finales,1
aims,1
representation,1
writing,1
accorded,1
exploited,1
mouflons,1
reaching,1
tions,1
pair,1
mediterrdnia,1
morphometry,1
causas,1
naturales,1
false,1
salanova,1
diffusion,1
bauca,1
formation,1
ariany,1
economie,1
treinta,1
sistemas,1
invisible,1
argument,1
unable,1
mederos,1
background,1
authorized,1
difference,1
ence,1
peloponnesus,1
average,1
advent,1
genetically,1
nile,1
ottaway,1
illinois,1
camps,1
dolmens,1
hus,1
botaniques,1
mutation,1
etniques,1
temperature,1
slope,1
acteristic,1
transito,1
terrestre,1
modern,1
dangerous,1
documentation,1
colo,1
dirigida,1
blage,1
rius,1
schedule,1
environnement,1
astrondmicas,1
colloqui,1
menta,1
usa,1
hunter,1
bernard,1
green,1
clearest,1
bear,1
mediterraneenne,1
canines,1
fondo,1
integration,1
crossed,1
hemispheric,1
eruption,1
settling,1
piece,1
cereals,1
colleagues,1
playing,1
forming,1
off,1
recentment,1
plentiful,1
enclosures,1
comprising,1
bishop,1
oldest,1
contexte,1
carstics,1
enclosure,1
avenc,1
arnav,1
ships,1
indices,1
desert,1
booth,1
inform,1
portrait,1
inconspicuously,1
fonda,1
gamisans,1
peloponessus,1
deciding,1
imprecise,1
navegantes,1
ser,1
teenth,1
representatives,1
llucalari,1
pedra,1
munities,1
softness,1
espana,1
justify,1
tals,1
duccion,1
neoliiic,1
chicago,1
primeres,1
stemming,1
impedes,1
sharing,1
terres,1
doubles,1
exclusively,1
fre,1
propagules,1
lisbon,1
interaction,1
nino,1
re,1
sweden,1
rhodanienne,1
taylor,1
sedimentary,1
deriven,1
inferiores,1
culturals,1
vigne,1
broader,1
reguts,1
problemes,1
conception,1
bassion,1
inventories,1
establi,1
shellfish,1
questio,1
mallorcans,1
looking,1
gold,1
assem,1
