WORDCOUNTS,WEIGHT
of,505
the,482
and,363
in,244
to,207
power,181
a,165
that,126
is,104
authority,101
as,94
this,75
social,64
african,64
on,64
through,52
by,51
be,51
for,50
or,49
which,49
p,48
are,47
we,46
from,43
j,36
not,36
archaeology,35
political,34
these,31
with,31
but,30
press,30
has,29
university,28
can,28
world,27
have,27
it,26
they,26
was,26
m,25
ritual,25
how,25
an,25
their,24
been,24
more,23
forms,22
ways,21
state,21
particular,21
societies,21
material,21
way,20
into,20
often,20
were,19
rather,19
prehistory,19
between,19
at,18
springer,18
all,17
process,17
prehist,17
authorisation,16
people,16
society,16
also,16
one,15
new,15
such,14
swahili,14
archaeological,14
c,14
might,13
s,13
within,13
means,13
instrumental,13
its,13
practices,13
about,13
only,13
over,13
our,13
e,12
understand,12
mclntosh,12
he,12
many,12
creative,12
africa,12
legitimacy,12
simply,12
created,11
than,11
based,11
knowledge,11
structures,11
practice,11
constituted,11
past,11
cambridge,11
archaeologists,10
processes,10
t,10
collective,10
different,10
what,10
other,9
there,9
those,9
thus,9
relationships,9
his,9
study,9
record,9
beyond,9
could,9
r,9
part,9
routledge,9
control,9
understandings,9
models,9
focus,9
complex,8
karp,8
some,8
belinga,8
journal,8
notions,8
aspects,8
work,8
smith,8
domination,8
pp,8
under,8
tilley,8
upon,8
order,8
who,8
construction,8
leaders,8
historical,8
theory,8
both,8
agency,7
history,7
papers,7
case,7
arens,7
performance,7
notion,7
most,7
requires,7
prehistoric,7
acts,7
up,7
activities,7
yet,7
towns,7
together,7
understanding,7
discussion,7
provide,7
begin,7
anthropology,7
them,7
emphasis,7
subject,7
miller,6
studies,6
contexts,6
creation,6
nature,6
merina,6
ability,6
operation,6
public,6
out,6
because,6
rituals,6
approach,6
resistance,6
useful,6
present,6
accepted,6
less,6
own,6
ideas,6
fleisher,6
b,6
where,6
demonstrate,6
key,6
very,6
evidence,6
remains,6
does,5
if,5
groups,5
approaches,5
attempt,5
issue,5
central,5
development,5
exercise,5
landscape,5
conceptions,5
derived,5
important,5
constitution,5
understood,5
claim,5
et,5
level,5
will,5
may,5
action,5
guyer,5
us,5
al,5
without,5
insights,5
discussed,5
secular,5
argues,5
examples,5
looking,5
legitimisation,5
individuals,5
theoretical,5
like,5
distinction,5
kus,5
impositional,5
seen,5
analysis,5
composed,5
complexity,5
terms,5
studying,5
structuring,5
move,5
although,5
need,5
seek,5
legitimate,4
schoenbrun,4
continent,4
h,4
source,4
able,4
ad,4
east,4
capacity,4
negotiation,4
goal,4
robb,4
subjects,4
levels,4
ongoing,4
special,4
space,4
objects,4
wealth,4
k,4
powerful,4
basis,4
sense,4
imposition,4
research,4
bringing,4
make,4
towards,4
time,4
do,4
see,4
made,4
california,4
theories,4
stahl,4
coercive,4
sacred,4
relationship,4
perspectives,4
contribution,4
then,4
thinking,4
series,4
argue,4
feed,4
type,4
divide,4
multiple,4
role,4
activity,4
offer,4
d,4
constructed,4
effects,4
dissent,4
specific,4
potential,4
actions,4
pathways,4
interaction,4
much,4
workings,4
common,3
introduction,3
large,3
american,3
acceptance,3
robertshaw,3
western,3
societal,3
accumulation,3
being,3
either,3
production,3
definition,3
daily,3
government,3
composition,3
i,3
help,3
blackwell,3
concepts,3
context,3
con,3
anthropologists,3
draw,3
right,3
politics,3
taking,3
resources,3
framework,3
human,3
relations,3
kind,3
served,3
even,3
general,3
aim,3
town,3
no,3
l,3
granted,3
kusimba,3
contributions,3
scales,3
emphasises,3
linked,3
show,3
origins,3
helped,3
cannot,3
well,3
related,3
realm,3
discussions,3
issues,3
constitute,3
ultimately,3
things,3
generally,3
various,3
economic,3
above,3
interactions,3
southern,3
imposed,3
communities,3
repressive,3
ancient,3
ethnographic,3
foucault,3
disciplinary,3
volume,3
conceived,3
put,3
idea,3
developed,3
incorporation,3
belief,3
explicitly,3
another,3
local,3
evolution,3
aesthetic,3
clear,3
features,3
provides,3
written,3
effect,3
structure,3
seeking,3
attention,3
ideology,3
institutions,3
force,3
types,3
meant,3
anthropological,3
must,3
regime,3
carbondale,3
offers,3
here,3
each,3
connection,3
authorised,3
universal,3
regard,3
build,3
rural,3
weber,3
person,3
economy,3
unique,3
form,3
making,3
argued,3
w,3
urban,3
spaces,3
disparate,3
formation,3
illinois,3
instead,3
enabling,3
integration,3
region,3
ends,3
drew,3
broader,3
corporate,2
stood,2
extends,2
utility,2
group,2
postprocessual,2
wolf,2
inequality,2
something,2
diversity,2
materials,2
explaining,2
sources,2
reconstructions,2
exclusive,2
implications,2
possibilities,2
shaped,2
great,2
richards,2
renfrew,2
reproduction,2
discipline,2
system,2
generosity,2
fortes,2
felt,2
possible,2
cre,2
relational,2
solely,2
desired,2
exist,2
includes,2
constitutive,2
throughout,2
structuration,2
equatorial,2
dynamics,2
g,2
authoritative,2
convention,2
reproduced,2
viewing,2
perspective,2
effective,2
networks,2
explore,2
look,2
festivals,2
overt,2
civilization,2
oxford,2
essential,2
operations,2
main,2
interpretation,2
basic,2
broaden,2
environments,2
probability,2
similar,2
certain,2
parts,2
enacted,2
gathering,2
operates,2
consider,2
organization,2
emergence,2
standings,2
just,2
n,2
too,2
commonly,2
experienced,2
defines,2
shifted,2
drawing,2
advocated,2
view,2
assets,2
paynter,2
allow,2
constantly,2
pre,2
traced,2
cultural,2
focused,2
viewed,2
persons,2
obedience,2
applied,2
possibility,2
mobilisation,2
example,2
actors,2
indigenous,2
gender,2
dietler,2
relevance,2
tackles,2
call,2
away,2
participate,2
project,2
stanford,2
verbs,2
alliance,2
heuristic,2
creating,2
successful,2
field,2
panel,2
heart,2
involved,2
every,2
smithsonian,2
components,2
always,2
roots,2
value,2
inform,2
led,2
sweely,2
populations,2
separation,2
overall,2
community,2
kertzer,2
reference,2
ethnographers,2
coverage,2
legitimation,2
culture,2
performed,2
essentialist,2
dialectical,2
two,2
department,2
enforce,2
praxis,2
members,2
critiques,2
toward,2
knowing,2
legitimised,2
fact,2
creativity,2
consideration,2
religious,2
governmentality,2
attempting,2
manifested,2
contemporary,2
ruler,2
everyday,2
discussing,2
developing,2
existing,2
conceiving,2
establish,2
necessary,2
focusing,2
books,2
free,2
mcguire,2
demonstrated,2
exploring,2
rulers,2
coherent,2
indiana,2
implicated,2
including,2
use,2
residues,2
described,2
comprehensive,2
lakes,2
held,2
individual,2
times,2
would,2
so,2
played,2
enactment,2
latter,2
especially,2
qualities,2
urartian,2
become,2
references,2
overcome,2
examine,2
dominance,2
institution,2
tendency,2
mediation,2
crucial,2
vision,2
plays,2
bound,2
transformation,2
life,2
fall,2
exists,2
manifesting,2
quantitative,2
mann,2
mercantile,2
extending,2
instantiated,2
alternative,2
natural,2
paper,2
contained,2
current,2
particularly,2
goods,2
examining,2
works,2
better,2
feminist,2
beginning,2
namely,2
varying,2
ethnography,2
while,2
explored,2
suggests,2
phenomena,2
categories,2
outline,2
apparatus,2
ative,2
given,2
despite,2
illustrate,2
found,2
recognised,2
twin,2
gain,2
aspect,2
question,2
institutionalised,2
dangerous,2
actively,2
states,2
attempted,2
typology,2
assumed,2
elites,2
create,2
little,2
develop,2
recent,2
beings,2
virtue,2
building,2
occur,2
continuously,2
pervaded,1
duckworth,1
appropriation,1
surround,1
brumfiel,1
deny,1
concerned,1
indicated,1
generated,1
altamira,1
privately,1
pull,1
commitment,1
concern,1
separated,1
represent,1
performativity,1
extreme,1
interventions,1
trans,1
implies,1
sphere,1
pools,1
per,1
linguistic,1
eth,1
articulating,1
reflection,1
settlements,1
mesoamerica,1
enduring,1
ample,1
identify,1
tend,1
horton,1
stone,1
formed,1
uniquely,1
constitutes,1
true,1
o,1
situation,1
easily,1
conscious,1
flows,1
greater,1
position,1
presents,1
unlike,1
impediments,1
before,1
impermanent,1
binds,1
arguing,1
attuned,1
immanent,1
subscription,1
themes,1
cessual,1
baines,1
experience,1
deserved,1
cast,1
vibrancy,1
interpersonal,1
fossilised,1
titles,1
soci,1
constituting,1
supposedly,1
regeneration,1
archae,1
pervasive,1
neolithic,1
introduce,1
originally,1
attempts,1
enables,1
expand,1
sub,1
meaning,1
agenda,1
worked,1
rational,1
engaged,1
buganda,1
europe,1
tradition,1
assess,1
suggesting,1
sualism,1
desire,1
display,1
feminism,1
thank,1
accumulated,1
potentially,1
analyses,1
emotion,1
organizes,1
producing,1
follows,1
rule,1
studied,1
inherent,1
wessex,1
kingship,1
scheme,1
cooperating,1
procedure,1
room,1
cohesion,1
expense,1
take,1
kingdom,1
debt,1
inland,1
feature,1
called,1
last,1
universalising,1
greatly,1
precisely,1
monopolistic,1
physical,1
ity,1
pawns,1
epistemological,1
growing,1
globe,1
proceed,1
existence,1
resembles,1
eastern,1
foundational,1
historians,1
albeit,1
formulation,1
inca,1
translations,1
primary,1
sought,1
discuss,1
march,1
postproces,1
retain,1
vol,1
buren,1
logical,1
compelling,1
bloom,1
tracing,1
artefactual,1
october,1
insight,1
vital,1
west,1
apart,1
combination,1
point,1
conceptual,1
reflecting,1
far,1
dwelt,1
establishment,1
conception,1
dynamic,1
donethe,1
apply,1
representing,1
obfuscation,1
tuted,1
mesoamerican,1
engage,1
attract,1
reconstruc,1
controlled,1
factional,1
walnut,1
otherwise,1
possessing,1
accessible,1
review,1
collapse,1
domesticating,1
differential,1
legitimization,1
disorder,1
representations,1
dobres,1
since,1
creatively,1
against,1
pursuit,1
hierarchy,1
integral,1
author,1
center,1
moment,1
price,1
facet,1
insisted,1
basil,1
arena,1
fried,1
dis,1
thing,1
unity,1
rank,1
naturalised,1
probabilities,1
maintaining,1
heterarchical,1
archaeol,1
selection,1
back,1
fig,1
concert,1
difficulty,1
myth,1
allowing,1
brace,1
applying,1
kinship,1
cohen,1
vancouver,1
participating,1
landmark,1
drawn,1
stimulating,1
critique,1
unspoken,1
propositions,1
forestall,1
leadership,1
nuanced,1
influence,1
competitive,1
poorly,1
incidental,1
mudimbe,1
superintend,1
van,1
consti,1
opposed,1
manipulated,1
powerand,1
whose,1
chiefs,1
costs,1
constellations,1
lective,1
supernatural,1
act,1
bring,1
across,1
essence,1
debated,1
possession,1
posits,1
explicit,1
centralization,1
coastal,1
mean,1
affective,1
active,1
requisite,1
vs,1
importance,1
institutionalization,1
travels,1
direct,1
population,1
dialogue,1
enabled,1
mobilize,1
distant,1
tiations,1
feel,1
mation,1
intrinsic,1
support,1
thought,1
involvement,1
voluntarily,1
changes,1
legitimizing,1
plural,1
tensions,1
pertinent,1
liberal,1
section,1
elsewhere,1
producers,1
ideologies,1
numbers,1
dominate,1
traces,1
house,1
additive,1
restricted,1
differs,1
frequently,1
threat,1
situations,1
influ,1
operate,1
resource,1
connecting,1
isolation,1
organisation,1
testament,1
ceremony,1
rice,1
problems,1
segmentary,1
reorientation,1
exploitation,1
method,1
plenum,1
internal,1
flow,1
normality,1
numerical,1
fluid,1
pafbr,1
ogists,1
descriptive,1
pantheon,1
had,1
result,1
problem,1
came,1
whom,1
participants,1
extent,1
arrival,1
adoption,1
resonate,1
criticises,1
demise,1
begun,1
circuses,1
critically,1
access,1
taining,1
relating,1
viduals,1
years,1
conspicuous,1
shared,1
events,1
relate,1
transfor,1
zone,1
emerge,1
emotionally,1
inter,1
stonetowns,1
informed,1
sociological,1
religiosity,1
keywords,1
afforded,1
recently,1
ceramics,1
symbols,1
grounds,1
decentred,1
placed,1
metals,1
procedures,1
produce,1
gluckman,1
explain,1
approached,1
vehicles,1
fox,1
blake,1
acknowledgments,1
creates,1
distinguishes,1
shape,1
gained,1
directly,1
having,1
feeding,1
participation,1
artefacts,1
network,1
degrees,1
y,1
data,1
used,1
bolster,1
strengths,1
received,1
already,1
parades,1
carry,1
future,1
concept,1
prominent,1
brought,1
london,1
explains,1
secret,1
pasts,1
loss,1
literature,1
pow,1
fit,1
during,1
palaces,1
culated,1
expansive,1
emphasising,1
reduces,1
lukes,1
actually,1
runs,1
binding,1
documented,1
centralised,1
forces,1
personal,1
focuses,1
formations,1
func,1
achieving,1
capacities,1
interpreted,1
status,1
visions,1
polity,1
traders,1
africanist,1
expended,1
change,1
multiplicity,1
published,1
solution,1
considers,1
indi,1
allegiance,1
regardless,1
synergistic,1
shaping,1
theoretically,1
involve,1
box,1
exclusionary,1
complicate,1
discourse,1
quite,1
invention,1
hermeneutics,1
long,1
inextricably,1
family,1
openly,1
archaeologies,1
leaves,1
driving,1
bridge,1
weberian,1
offering,1
distinguished,1
boundaries,1
tended,1
engages,1
interrogation,1
annual,1
coordinate,1
cosmology,1
meditations,1
hayden,1
describes,1
paid,1
using,1
notes,1
interests,1
moved,1
rest,1
geographical,1
seemed,1
cite,1
pearson,1
pares,1
collectivity,1
llc,1
critical,1
therefore,1
usable,1
processual,1
risking,1
likely,1
units,1
investigating,1
delineating,1
nation,1
ramifications,1
hegemony,1
mosques,1
resides,1
matter,1
variety,1
archaeo,1
architecture,1
functioning,1
dispositions,1
cosmological,1
habitus,1
logically,1
indeed,1
service,1
resisted,1
play,1
receptive,1
theorizing,1
forward,1
formative,1
illustrating,1
standing,1
initially,1
ask,1
decisions,1
tends,1
parker,1
bread,1
calculate,1
coherence,1
competition,1
emerged,1
recognized,1
museum,1
violence,1
arrangements,1
security,1
represents,1
stephanie,1
read,1
continuity,1
seeing,1
recognising,1
challenged,1
place,1
boundary,1
perceived,1
chical,1
acting,1
lowland,1
gendering,1
islam,1
complete,1
middleton,1
heirs,1
viously,1
appeals,1
illustrated,1
emotional,1
increasingly,1
rise,1
entwined,1
rationalised,1
payments,1
picture,1
corporeal,1
leader,1
jeffrey,1
others,1
locating,1
pointed,1
addition,1
demographic,1
analytical,1
incorporates,1
demon,1
lack,1
gledhill,1
troubled,1
valid,1
remarks,1
fundamental,1
head,1
scholars,1
areas,1
temples,1
tolerate,1
bourdieu,1
agree,1
abstract,1
enable,1
break,1
ductory,1
envisioning,1
partic,1
reaffirmed,1
inspired,1
end,1
debates,1
remain,1
feasting,1
pennsylvania,1
conferred,1
essentialised,1
genealogy,1
elides,1
apparatuses,1
v,1
performances,1
bauer,1
actor,1
model,1
particularity,1
competitors,1
compositional,1
nance,1
norwegian,1
sustains,1
strategies,1
coincident,1
cir,1
showing,1
perhaps,1
tionalist,1
reflected,1
polities,1
remained,1
imagine,1
original,1
compose,1
fundamentally,1
aggregation,1
private,1
instrumentality,1
exhibit,1
investment,1
extended,1
vast,1
clients,1
invested,1
considering,1
birth,1
explanation,1
ential,1
accompanying,1
range,1
bear,1
values,1
strating,1
writings,1
trajectory,1
primus,1
kilwa,1
doi,1
refrains,1
genealogical,1
clustered,1
manifestations,1
reside,1
elite,1
desirous,1
identity,1
europeans,1
nego,1
significant,1
illusion,1
operated,1
assumption,1
assume,1
aesthetics,1
risk,1
engaging,1
centralising,1
conceptualisation,1
net,1
questions,1
permeates,1
rare,1
canon,1
services,1
examination,1
deployed,1
previous,1
regions,1
versions,1
ties,1
trade,1
open,1
landscapes,1
meanings,1
three,1
leads,1
wylie,1
publication,1
hampered,1
urbanism,1
essay,1
logic,1
vested,1
characterised,1
collaboration,1
pos,1
polluting,1
function,1
acquiescence,1
vintage,1
analysing,1
tribal,1
mask,1
worldly,1
lie,1
foucauldian,1
grabs,1
renewal,1
wish,1
black,1
thomas,1
imagination,1
random,1
comparing,1
labour,1
systems,1
constructing,1
viewpoint,1
nisbet,1
relation,1
exactly,1
describing,1
excluded,1
claiming,1
consumption,1
implication,1
versus,1
saw,1
connections,1
engagement,1
mainte,1
sensuous,1
imported,1
widely,1
division,1
sented,1
harnessing,1
decision,1
increasing,1
entitled,1
suggestion,1
negotiations,1
raison,1
stems,1
courting,1
note,1
tentative,1
ularly,1
she,1
continued,1
imbalance,1
consent,1
primarily,1
becomes,1
dimensions,1
sensitive,1
directing,1
erful,1
directions,1
transformed,1
yale,1
coercion,1
began,1
whereby,1
deals,1
littoral,1
why,1
introductory,1
expectations,1
norton,1
hope,1
populace,1
education,1
instances,1
itself,1
recalling,1
worlds,1
yoruba,1
occupies,1
council,1
niger,1
considered,1
addressed,1
fertility,1
differentiated,1
environment,1
seriously,1
faubian,1
exercised,1
trumps,1
small,1
any,1
constant,1
following,1
changing,1
peoples,1
founded,1
detect,1
reinforced,1
theme,1
shunned,1
temporal,1
claims,1
mobilised,1
sation,1
symbol,1
earle,1
command,1
tinuance,1
mirrors,1
know,1
outcome,1
defining,1
spectacles,1
theorising,1
extant,1
principle,1
introducing,1
dornan,1
country,1
readily,1
cated,1
novel,1
expanding,1
setting,1
believe,1
straightforward,1
restrictive,1
resonates,1
constructions,1
returns,1
draws,1
followers,1
ideological,1
reproduces,1
intro,1
bottomore,1
embodiment,1
number,1
associations,1
identities,1
going,1
accepts,1
emerges,1
structed,1
merely,1
evident,1
believed,1
integrates,1
commensal,1
okpolo,1
according,1
exposing,1
whether,1
typologies,1
legitimi,1
accounts,1
rebellion,1
supports,1
comes,1
add,1
deconstructs,1
statement,1
map,1
impli,1
mere,1
axis,1
distribution,1
foundations,1
correlates,1
periphery,1
prestige,1
mandated,1
bureaucratic,1
require,1
early,1
rationality,1
when,1
agreed,1
pluto,1
recognisable,1
middle,1
translated,1
presented,1
emergent,1
recognition,1
glosses,1
collecting,1
rod,1
undisguised,1
rendering,1
agents,1
rigid,1
com,1
measure,1
conventional,1
encounter,1
contribute,1
divided,1
unitary,1
writing,1
tions,1
hierar,1
contrasts,1
come,1
proceeds,1
promoted,1
devoted,1
shown,1
until,1
locations,1
entity,1
ignored,1
advent,1
quest,1
wielded,1
conditions,1
institutional,1
summarised,1
mode,1
crisis,1
hueda,1
include,1
integrated,1
critics,1
usa,1
reified,1
consitutive,1
involving,1
you,1
seeks,1
centripetal,1
sexuality,1
embodies,1
speak,1
roughly,1
offered,1
observation,1
munities,1
deployment,1
ascendancy,1
marxist,1
commodity,1
postpro,1
chicago,1
negotiate,1
debate,1
sequent,1
partial,1
norman,1
symbolise,1
composing,1
views,1
instance,1
traditional,1
rigidity,1
uk,1
among,1
prison,1
resist,1
should,1
meeting,1
col,1
built,1
termed,1
perception,1
deeper,1
eties,1
