WORDCOUNTS,WEIGHT
the,579
of,444
and,318
in,148
a,111
to,90
from,74
paleolithic,70
on,55
i,54
p,49
were,49
sites,46
are,46
by,44
with,44
is,41
cores,37
layer,37
upper,35
v,34
also,32
that,31
this,31
cultural,30
pp,29
scrapers,28
culture,28
northern,28
at,27
for,27
artifacts,26
which,25
there,24
stone,23
was,23
be,23
asia,22
fig,22
tools,22
as,22
archaeological,21
have,20
some,19
site,19
river,19
bp,18
years,18
ushki,18
these,18
material,18
first,17
laricheva,17
burins,17
most,17
only,17
novosibirsk,16
them,16
it,15
retouched,15
has,15
late,15
points,15
not,15
mochanov,14
s,14
n,14
we,14
been,14
u,13
far,13
russian,13
their,13
age,13
flakes,13
research,13
second,13
made,13
cultures,13
yielded,13
blades,12
several,12
but,12
ustinovka,12
levallois,12
ii,11
aldan,11
flaked,11
paleolit,11
et,11
discovered,11
our,11
one,10
all,10
knives,10
two,10
bifacially,10
kumari,10
early,10
suvorovo,9
terrace,9
na,9
bifaces,9
northeastern,9
or,9
included,9
new,9
complexes,9
iii,9
azii,9
sakhalin,9
km,9
other,8
scraper,8
r,8
bank,8
sibiri,8
same,8
region,8
numerous,8
three,8
an,8
ikhine,8
siberia,8
east,8
area,8
group,7
bifacial,7
retouch,7
those,7
such,7
development,7
industries,7
study,7
cave,7
lithic,7
had,7
wide,7
because,7
data,7
used,7
during,7
flaking,7
siberian,7
technique,7
discovery,7
including,7
unifacial,7
layers,7
much,7
final,6
e,6
they,6
complex,6
noviy,6
lower,6
last,6
dates,6
than,6
biface,6
arkheologicheskiye,6
well,6
its,6
sokol,6
stage,6
small,6
presence,6
end,6
dating,6
selemdzha,6
hill,6
types,6
series,6
different,6
middle,6
north,6
into,5
analogies,5
within,5
right,5
moscow,5
preceramic,5
since,5
arkheologii,5
stages,5
severnoy,5
represented,5
similar,5
problemi,5
pebble,5
stoyanki,5
found,5
out,5
mainly,5
chopping,5
tool,5
leten,5
kurung,5
will,5
horizons,5
imchin,5
still,5
considers,5
assemblages,5
maritime,5
radiocarbon,5
k,5
assigned,5
analysis,5
abramova,5
typology,5
remains,5
among,5
recent,5
does,4
barka,4
common,4
mouth,4
multifaceted,4
archaeologists,4
worked,4
date,4
investigations,4
central,4
third,4
journal,4
may,4
interesting,4
across,4
amur,4
issledovaniya,4
prehistory,4
statistical,4
rekonstruktsiy,4
m,4
result,4
based,4
basin,4
typical,4
burial,4
pollen,4
near,4
ezhantsi,4
working,4
core,4
barkas,4
us,4
stemmed,4
scholars,4
fragments,4
forms,4
do,4
local,4
philology,4
paleo,4
can,4
perspectives,4
she,4
science,4
disk,4
earliest,4
known,4
contained,4
very,4
lies,4
world,4
paleolita,4
alexeev,4
between,4
observed,4
now,3
along,3
issledovaniye,3
edge,3
manuscript,3
village,3
large,3
endscrapers,3
approaches,3
golubev,3
history,3
before,3
po,3
transversal,3
production,3
seems,3
okladnikov,3
shaped,3
europe,3
existence,3
primary,3
alluvium,3
possible,3
choppers,3
collection,3
bone,3
pendants,3
metodi,3
reki,3
main,3
unifacially,3
basic,3
objects,3
dated,3
traces,3
show,3
pleistocene,3
important,3
charcoal,3
problem,3
could,3
faunal,3
discoidal,3
younger,3
outlined,3
future,3
related,3
art,3
place,3
blade,3
believes,3
spore,3
reke,3
field,3
archaeology,3
osinovka,3
kamennogo,3
when,3
kargin,3
results,3
finds,3
massive,3
chronological,3
horoko,3
various,3
edges,3
technology,3
many,3
soviet,3
olekma,3
mammoth,3
grouping,3
deposits,3
drevnosti,3
rivers,3
evolution,3
verkhnetroitskaya,3
theoretical,3
period,3
problems,3
although,3
probably,3
aziya,3
increasing,3
stratified,3
struck,3
here,3
advances,3
according,3
institute,3
prismatic,3
both,3
wedge,3
city,3
techniques,3
similarity,3
need,3
classification,3
themselves,3
consisted,3
surveys,3
vostochnoy,2
leningrad,2
arrowheads,2
join,2
true,2
h,2
crescentic,2
notched,2
former,2
unlike,2
materials,2
diffusion,2
lateral,2
localities,2
might,2
containing,2
tradition,2
secondary,2
peopling,2
analyses,2
studied,2
promontory,2
take,2
subsequent,2
concepts,2
similarities,2
eastern,2
america,2
vol,2
marked,2
ignores,2
correlation,2
statisticheskogo,2
fragment,2
sssr,2
historical,2
includes,2
accuracy,2
epokhu,2
sotsiologicheskikh,2
characteristic,2
peculiarity,2
left,2
even,2
look,2
traditions,2
gosudarstvu,2
higher,2
raskopki,2
mesolithic,2
no,2
paleoliticheskogo,2
rather,2
his,2
ubetsu,2
levels,2
drevnikh,2
blanks,2
certain,2
spores,2
periodic,2
consider,2
possibly,2
improvement,2
clearly,2
additional,2
origins,2
surface,2
prehistoric,2
veka,2
zone,2
initial,2
traits,2
engraved,2
produced,2
cruciform,2
dwelling,2
absolute,2
szeletian,2
periodization,2
shape,2
basis,2
work,2
overlying,2
part,2
inna,2
ocher,2
description,2
island,2
northwest,2
iz,2
climatic,2
round,2
beads,2
prisoedineniya,2
reflect,2
predominance,2
horizon,2
approach,2
regions,2
pozdnego,2
straight,2
instru,2
settlement,2
radially,2
industry,2
alluvial,2
using,2
geographical,2
microblades,2
led,2
absence,2
contact,2
scientific,2
pozdnepaleoliticheskikh,2
overall,2
above,2
indicates,2
southern,2
asiatic,2
thought,2
russkomu,2
ancient,2
sociological,2
complete,2
experimental,2
floor,2
amerikoy,2
picture,2
published,2
more,2
name,2
kamenniy,2
vek,2
striking,2
pattern,2
typological,2
vostoka,2
eyo,2
number,2
yakut,2
another,2
drevniye,2
classes,2
understanding,2
investigated,2
mestonakhozhdeniya,2
collections,2
previously,2
increase,2
angle,2
exciting,2
ideas,2
significance,2
characterized,2
like,2
so,2
collected,2
lie,2
earlier,2
amorphous,2
latter,2
rayona,2
opit,2
interpretations,2
towarubetsu,2
yakutia,2
note,2
pieces,2
evrazii,2
who,2
verkhnego,2
began,2
try,2
methods,2
composed,2
sandstone,2
thick,2
associated,2
transversally,2
conclusion,2
godu,2
must,2
gobi,2
paleoliticheskiye,2
grup,2
ivory,2
zeya,2
particularly,2
works,2
type,2
spatial,2
form,2
ones,2
novoribachiy,2
nearby,2
while,2
medial,2
almost,2
stoyanka,2
suggests,2
varieties,2
easy,2
stike,2
varied,2
kompleksov,2
verkhniy,2
sredney,2
include,2
convergent,2
pirovaniya,2
extremely,2
takoe,2
archaic,2
vi,2
arkheo,2
territories,2
classificatory,2
subprismatic,2
itogi,2
abraders,2
occur,2
noviye,1
malaya,1
genetic,1
currently,1
mostly,1
o,1
doubts,1
yoshizaki,1
groups,1
arctic,1
scholar,1
created,1
northernmost,1
affected,1
expedition,1
basseina,1
istochniki,1
spetsifika,1
worthy,1
red,1
anthropogene,1
introduction,1
systemic,1
kamennom,1
skreblo,1
stmctures,1
american,1
confidence,1
identify,1
formed,1
woolly,1
direct,1
dart,1
osvoeniya,1
studies,1
denticulated,1
yses,1
ritory,1
conical,1
western,1
excavation,1
mainland,1
occurred,1
izucheniya,1
ussr,1
monograph,1
territorial,1
aleutian,1
typologically,1
permitted,1
test,1
predominantly,1
accumulation,1
nized,1
consistent,1
deter,1
t,1
permit,1
foresee,1
long,1
every,1
industriy,1
metody,1
archae,1
len,1
interests,1
neolithic,1
originally,1
give,1
attempts,1
symmetrical,1
attempt,1
levalluazskiye,1
fragmentary,1
olga,1
youngest,1
crudeness,1
nature,1
gin,1
handling,1
possibilities,1
oval,1
affinities,1
tadushi,1
assess,1
belong,1
broken,1
warm,1
desire,1
great,1
simple,1
soffer,1
differences,1
kadrov,1
ustinovki,1
proshloye,1
able,1
concludes,1
locality,1
survey,1
help,1
angara,1
okhotsk,1
primitive,1
bladelets,1
derenvi,1
china,1
pogeneza,1
ash,1
kompleksnoye,1
papers,1
erosional,1
case,1
ily,1
occasional,1
donu,1
strat,1
glaciation,1
key,1
bones,1
bases,1
pub,1
discuss,1
razvedki,1
account,1
knife,1
quantities,1
isotopic,1
holocene,1
methodologies,1
determined,1
kuvtur,1
severnaya,1
lication,1
tumulur,1
nukleusi,1
measuring,1
altaye,1
fine,1
apart,1
regards,1
algorithm,1
pleted,1
geomorphological,1
informatiki,1
orthogonal,1
measurement,1
inventory,1
diversity,1
yakutii,1
thus,1
pit,1
review,1
widened,1
relationships,1
tikhookeanskogo,1
explained,1
vitaliy,1
contemporaneous,1
restavratsii,1
illustrates,1
mazin,1
microblade,1
rhinoceros,1
plato,1
g,1
neighbours,1
maina,1
indigirka,1
interest,1
dozen,1
somon,1
leaf,1
grouped,1
uriy,1
sample,1
z,1
forced,1
slabs,1
inserted,1
meto,1
distinct,1
depend,1
sistemnaya,1
profound,1
amount,1
body,1
verkhnepaleoliticheskoy,1
blunted,1
publications,1
find,1
syste,1
y,1
geological,1
tend,1
application,1
instruments,1
excavator,1
corrected,1
stratum,1
general,1
pronounced,1
weakness,1
influence,1
nizhne,1
davokoye,1
aim,1
permits,1
berelekh,1
depiction,1
flake,1
town,1
identification,1
guishable,1
l,1
ified,1
developed,1
how,1
issledovaniyakh,1
larichev,1
unit,1
periodizatsiya,1
coastal,1
excavators,1
primere,1
determining,1
after,1
geometricheski,1
istoricheskogo,1
importance,1
b,1
korrevatsii,1
variant,1
drevneyshiye,1
parts,1
rus,1
klassifikatsiya,1
ubetzu,1
discoveries,1
paleoclimate,1
scattered,1
mation,1
front,1
suffice,1
perforator,1
understand,1
changes,1
halves,1
redeposited,1
biased,1
sim,1
spreading,1
obyektov,1
mira,1
plat,1
branch,1
contiguous,1
elsewhere,1
proposed,1
days,1
chelovekom,1
numbers,1
sopki,1
bling,1
orientation,1
cheskoy,1
recovered,1
beyond,1
followed,1
sartan,1
heav,1
metodiches,1
harshest,1
fre,1
plenum,1
syntheses,1
use,1
suggested,1
methodology,1
radial,1
whereas,1
closely,1
recog,1
came,1
polychromatic,1
paleohunters,1
identifying,1
indistin,1
allow,1
scientifically,1
downstream,1
acknowledgments,1
szeleta,1
begun,1
deal,1
semicir,1
pass,1
grafoanaliti,1
zikov,1
chukotki,1
percentages,1
philosophical,1
base,1
inter,1
trudi,1
accurately,1
further,1
neighboring,1
occupation,1
standardized,1
traced,1
though,1
territoriy,1
mate,1
recently,1
analogous,1
applied,1
nique,1
scale,1
fish,1
schist,1
hypothetical,1
sakhalina,1
explain,1
fox,1
method,1
influenced,1
criteria,1
aspects,1
char,1
outstanding,1
directly,1
nekotoriye,1
veke,1
correctly,1
kits,1
scope,1
sculpture,1
relevancy,1
metodicheskiye,1
concept,1
significantly,1
brought,1
horse,1
crude,1
ot,1
knowledge,1
apparent,1
dannim,1
mentation,1
layered,1
opita,1
spite,1
kurun,1
gave,1
kategoriy,1
people,1
actually,1
cluster,1
structures,1
colossal,1
nogliki,1
occupied,1
away,1
surrounding,1
accord,1
synthesists,1
ter,1
kamchatskoy,1
trends,1
boulders,1
rannegolotsenoviye,1
yak,1
yuzhnoye,1
incompleteness,1
outline,1
statistically,1
excavated,1
least,1
optimal,1
arise,1
correct,1
describing,1
basseini,1
suggest,1
tested,1
holes,1
indicators,1
sharp,1
diagnostic,1
ological,1
specificity,1
soil,1
ocherki,1
few,1
accomplished,1
severa,1
observe,1
distinguished,1
yuzhnogo,1
differing,1
methodological,1
coast,1
up,1
sevornoy,1
os,1
irkutsk,1
tributary,1
distinguishing,1
sanniy,1
roots,1
newly,1
developmental,1
society,1
datirovke,1
f,1
critical,1
partially,1
korrektnogo,1
units,1
interglacial,1
hafts,1
saw,1
variety,1
kamn,1
summarize,1
polished,1
lesser,1
tigation,1
lev,1
short,1
synthesis,1
located,1
subject,1
mnogosloyniye,1
tuva,1
corporation,1
onward,1
brief,1
islands,1
geometrically,1
botrichium,1
unsystematic,1
reduce,1
stratigraphy,1
dwellings,1
make,1
interactions,1
numer,1
settings,1
grooved,1
selection,1
otkritiya,1
pleksi,1
interpretation,1
bles,1
mongolii,1
makes,1
marginal,1
fifth,1
god,1
protoprismatic,1
antler,1
favorable,1
coeval,1
expediency,1
publishing,1
light,1
sharply,1
tortoise,1
al,1
mnogosloynogo,1
he,1
largest,1
patterning,1
resem,1
opment,1
snow,1
sukhotino,1
obmera,1
tries,1
law,1
logicheskiye,1
fell,1
mentions,1
toward,1
academy,1
hearths,1
geokhronologiya,1
tiny,1
usefulness,1
fact,1
shows,1
lack,1
idea,1
consideration,1
matization,1
fundamental,1
areas,1
pozdnepleistotsenoviye,1
rial,1
unidentified,1
agree,1
chetvertichniy,1
predominated,1
lacks,1
time,1
anal,1
istorii,1
ikh,1
considerable,1
predominant,1
discussed,1
entiate,1
worn,1
faceting,1
ages,1
kit,1
monographs,1
present,1
available,1
covered,1
model,1
discussing,1
preforms,1
existing,1
relevant,1
somona,1
heavily,1
see,1
kolimi,1
japan,1
frequency,1
yenisei,1
assemblage,1
kukhtai,1
wood,1
poseleniya,1
outlines,1
statisticheskiye,1
degree,1
yakutiya,1
streaks,1
chasti,1
dicheskiye,1
divided,1
archaeo,1
kompleksi,1
easier,1
prikuban,1
shirataki,1
kamnemost,1
samples,1
orna,1
expand,1
selemdga,1
waste,1
paleoliticheskikh,1
hypotheses,1
mentariy,1
arkhipov,1
sequence,1
satisfactorily,1
variables,1
continue,1
zaseleniya,1
theories,1
antropogena,1
involves,1
ventral,1
assignment,1
inadequate,1
aldana,1
ilar,1
faces,1
kamennikh,1
embrace,1
paleoliticheskaya,1
times,1
would,1
spread,1
japanese,1
him,1
high,1
spectra,1
distinction,1
obtained,1
attaches,1
devise,1
filled,1
mammals,1
black,1
dihedral,1
interregional,1
class,1
kavkaza,1
doline,1
especially,1
comparing,1
systems,1
mining,1
parallel,1
arkheologicheskikh,1
become,1
ornaments,1
shallow,1
interconnections,1
plate,1
obsidian,1
problema,1
lithological,1
slightly,1
differ,1
dominance,1
southwest,1
izotopnim,1
slab,1
algorithms,1
ago,1
propose,1
korei,1
verkhnepaleoliticheskiye,1
concluded,1
division,1
otlozheniy,1
ranging,1
european,1
carried,1
istoriografiya,1
consists,1
spiny,1
voprosu,1
polevikh,1
kiye,1
vladivostok,1
today,1
mesto,1
mnogosloynoy,1
mixture,1
sometimes,1
chance,1
usually,1
atiy,1
tech,1
centuries,1
sloya,1
inside,1
lines,1
prostranstvennogo,1
fewer,1
widespread,1
multi,1
predict,1
directions,1
affinity,1
detailed,1
obstacle,1
localization,1
altai,1
sequences,1
recognize,1
indicate,1
sotsiologicheskiy,1
pon,1
examine,1
existed,1
fall,1
rannepaleoliticheskikh,1
humified,1
ing,1
igneous,1
assigns,1
itself,1
articles,1
unusual,1
resemble,1
matters,1
claims,1
mayninskaya,1
sections,1
suggestions,1
seriously,1
stratigraphic,1
eventually,1
bode,1
any,1
mezolita,1
quencies,1
complexity,1
analiz,1
founded,1
demonstrate,1
simply,1
flora,1
precise,1
temporal,1
echoes,1
set,1
verify,1
spektri,1
kind,1
over,1
continental,1
krasnoyarsk,1
colonization,1
tendencies,1
each,1
robot,1
paper,1
acterized,1
expanding,1
sazonov,1
sizes,1
algoritmi,1
barkasnoy,1
believe,1
stmcture,1
mlekopitayushchikh,1
half,1
basins,1
universal,1
mongolia,1
dolinsk,1
carinated,1
ussuriysk,1
speculation,1
pebbles,1
indisputably,1
ous,1
reflected,1
iron,1
domesticated,1
past,1
closest,1
cular,1
tseitlin,1
living,1
pri,1
phd,1
dolini,1
unnecessarily,1
scholarly,1
dikov,1
what,1
kom,1
notable,1
investigation,1
unique,1
terms,1
selected,1
references,1
particular,1
character,1
axis,1
interval,1
angela,1
distribution,1
systematize,1
consisting,1
dere,1
projection,1
produce,1
information,1
peb,1
don,1
prilenskogo,1
industriyakh,1
achinskaya,1
finished,1
translated,1
benefited,1
level,1
geologiya,1
entire,1
recognition,1
logical,1
refinement,1
through,1
rabots,1
joining,1
arkheologov,1
pre,1
prevalent,1
devel,1
filosofskikh,1
com,1
antro,1
drevneye,1
qualitative,1
poseleniye,1
chukotka,1
mention,1
ized,1
isolated,1
definitions,1
coming,1
esting,1
pair,1
dokeramicheskiye,1
wild,1
shown,1
elongated,1
cotraditions,1
argument,1
unable,1
argues,1
conditions,1
graphoanalytical,1
burnt,1
parallels,1
joined,1
approximately,1
fauna,1
yuzhnosakhalinsk,1
selemdge,1
hammerstone,1
isolating,1
d,1
notches,1
traditsii,1
green,1
manufacture,1
provided,1
regular,1
derive,1
ameriki,1
perforators,1
association,1
speak,1
increased,1
untouched,1
sistematizatsii,1
specific,1
supported,1
infor,1
ostatki,1
russia,1
correlate,1
opaque,1
arkheologiya,1
reflecting,1
create,1
views,1
valley,1
northwestern,1
technological,1
metod,1
cross,1
solve,1
streletsian,1
logii,1
showed,1
etapi,1
termed,1
close,1
perception,1
chastinsk,1
hypothesis,1
