WORDCOUNTS,WEIGHT
the,1140
of,960
and,733
in,597
a,348
to,300
at,250
as,221
preceramic,214
that,209
were,192
for,164
is,152
late,142
on,142
was,127
have,123
with,117
are,114
found,110
been,107
peru,106
or,104
p,103
from,85
pp,78
be,78
such,77
it,76
by,74
sites,70
early,67
this,66
but,65
de,64
la,64
el,63
other,63
which,60
an,59
not,59
may,57
use,57
o,54
et,54
large,52
they,49
than,47
different,47
while,47
one,46
there,45
coast,45
central,44
these,44
used,43
evidence,43
t,41
period,41
american,40
galgada,40
also,40
many,40
made,40
stone,39
has,39
social,39
their,38
j,37
some,37
more,37
architecture,35
fig,34
r,34
peruvian,34
new,34
coastal,33
appear,33
cotton,32
site,31
m,31
andean,31
huaca,30
well,30
c,30
subsistence,29
relatively,28
systems,28
most,27
work,27
del,27
bp,26
burials,26
los,26
time,26
paraiso,26
plants,26
its,25
small,25
culture,25
remains,25
monumental,24
south,24
ceremonial,24
archaeology,23
likely,23
them,23
kotosh,23
could,23
textiles,23
through,23
later,22
s,22
university,22
suggests,22
no,21
important,21
initial,21
during,21
only,21
both,21
between,21
system,20
chambers,20
two,20
if,19
available,19
sp,19
dates,19
had,19
prehistory,19
present,19
region,19
quilter,19
although,19
e,18
first,18
bird,18
data,18
en,18
similar,18
commonly,18
number,18
much,18
common,17
where,17
construction,17
into,16
i,16
rooms,16
development,16
rather,16
prieta,16
antiquity,16
role,16
d,16
might,15
aspero,15
given,15
served,15
l,15
studies,15
least,15
variety,15
rare,15
architectural,15
reported,15
north,15
groups,14
h,14
items,14
even,14
highlands,14
b,14
andes,14
change,14
religious,14
same,14
less,14
archaeological,14
those,14
red,13
maize,13
all,13
great,13
due,13
unit,13
form,13
lima,13
prehistoric,13
based,13
out,13
appears,13
probably,13
suggest,13
few,13
ancient,13
pozorski,13
radiocarbon,13
would,13
especially,13
huaricoto,13
any,13
natural,13
domesticated,13
middle,13
before,12
lomas,12
labor,12
developed,12
objects,12
suggested,12
public,12
burial,12
artifacts,12
status,12
research,12
f,12
ceramic,12
fact,12
areas,12
larger,12
patterns,12
exchange,12
carried,12
when,12
valley,12
does,11
quitter,11
nature,11
highland,11
con,11
possible,11
guitarrero,11
human,11
review,11
y,11
asia,11
shell,11
textile,11
origins,11
societies,11
domestication,11
bone,11
settlement,11
pattern,11
examples,11
so,11
earlier,11
northern,11
ing,11
did,11
very,11
what,11
materials,10
suggesting,10
state,10
designs,10
ritual,10
regarding,10
parts,10
w,10
cultural,10
part,10
beads,10
regions,10
chronological,10
various,10
included,10
material,10
general,10
plant,10
high,10
separate,10
perhaps,10
current,10
com,10
world,10
burger,10
building,10
carved,9
corporate,9
archaeologists,9
tradition,9
g,9
apparently,9
without,9
placed,9
casma,9
mollusks,9
centers,9
fishing,9
tools,9
wide,9
because,9
already,9
emphasis,9
place,9
people,9
personal,9
level,9
highly,9
society,9
practices,9
tropical,9
others,9
end,9
purposes,9
maritime,9
significant,9
food,9
processes,9
individuals,9
preservation,9
study,9
earliest,9
nacional,9
associated,9
paper,9
goods,9
size,9
pre,9
chile,9
built,9
represent,8
environmental,8
history,8
case,8
resources,8
economies,8
excavations,8
amount,8
journal,8
remain,8
cave,8
river,8
elsewhere,8
occupation,8
dumbarton,8
information,8
structures,8
fragments,8
above,8
under,8
noted,8
regional,8
do,8
strategies,8
shicra,8
valleys,8
another,8
rio,8
sunken,8
clear,8
played,8
filled,8
continued,8
sometimes,8
wild,8
arqueologia,8
who,8
indicate,8
chamber,8
mounds,8
peoples,8
bueno,8
las,8
kin,8
sea,8
terminal,8
include,8
done,7
adoption,7
group,7
complex,7
source,7
within,7
thus,7
since,7
civilization,7
york,7
levels,7
importance,7
lea,7
view,7
diet,7
near,7
pottery,7
field,7
alto,7
texas,7
fiber,7
will,7
still,7
about,7
man,7
greater,7
anthropologist,7
remained,7
discussion,7
upon,7
including,7
three,7
stages,7
can,7
structure,7
we,7
relative,7
animal,7
ones,7
revista,7
until,7
archaic,7
little,7
zones,7
roles,7
inka,6
now,6
way,6
introduction,6
offerings,6
occurred,6
either,6
long,6
gourds,6
origin,6
hunting,6
papers,6
u,6
agriculture,6
variations,6
resembling,6
tied,6
norte,6
essential,6
his,6
how,6
k,6
organization,6
upper,6
ecuador,6
focused,6
produced,6
fish,6
future,6
date,6
floors,6
blue,6
quite,6
practice,6
periods,6
units,6
economic,6
museum,6
technology,6
chronology,6
power,6
considerable,6
question,6
diets,6
style,6
net,6
gavilanes,6
spondylus,6
fewer,6
detailed,6
often,6
analysis,6
dead,6
floor,6
over,6
down,6
distinctive,6
economy,6
whether,6
making,6
museo,6
presented,6
variability,6
recovered,6
specific,6
recent,6
lanning,6
major,6
final,5
mortuary,5
center,5
achievements,5
kinds,5
true,5
modern,5
western,5
being,5
concepts,5
taken,5
differences,5
religion,5
styles,5
marine,5
techniques,5
america,5
fung,5
hair,5
occurring,5
seco,5
far,5
uncertain,5
diversity,5
decorated,5
mixed,5
clay,5
bag,5
jr,5
kept,5
communities,5
circular,5
tree,5
animals,5
factors,5
finer,5
possibly,5
organized,5
emergence,5
clearly,5
cut,5
irrigation,5
events,5
term,5
nanchoc,5
academic,5
further,5
though,5
buried,5
population,5
sticks,5
record,5
parafso,5
revealed,5
bowl,5
twined,5
horizon,5
below,5
buildings,5
around,5
presence,5
annual,5
filling,5
using,5
identified,5
overall,5
once,5
interpretation,5
thought,5
al,5
department,5
picture,5
addition,5
cultivated,5
shows,5
outside,5
lack,5
foods,5
forms,5
took,5
ground,5
model,5
wrapped,5
local,5
baskets,5
sequence,5
dating,5
open,5
times,5
spread,5
obsidian,5
fairly,5
usually,5
widespread,5
bags,5
shells,5
forest,5
detail,5
environment,5
hierarchy,5
elaborate,5
series,5
complexes,5
symbolic,5
known,5
temporal,5
meat,5
each,5
ideological,5
basket,5
cultivation,5
matos,5
past,5
hearths,5
prestige,5
evi,5
coprolites,5
despite,5
salinas,5
varied,5
our,5
white,5
cambridge,5
vary,5
gourd,5
cultigens,4
currently,4
oriented,4
inlaid,4
tion,4
iowa,4
needed,4
ment,4
authority,4
necessarily,4
total,4
temple,4
chief,4
offering,4
sizes,4
production,4
shaped,4
wooden,4
simple,4
bead,4
rich,4
help,4
sociopolitical,4
somewhat,4
primary,4
discuss,4
vol,4
international,4
along,4
feldman,4
ranked,4
phase,4
dynamics,4
chavin,4
worn,4
dence,4
distinct,4
perspective,4
locales,4
coasts,4
piedra,4
master,4
walls,4
ovoid,4
cobbles,4
phases,4
growth,4
main,4
environments,4
means,4
changes,4
old,4
almost,4
numbers,4
shore,4
resource,4
followed,4
centra,4
chipped,4
midden,4
quarried,4
estudios,4
universidad,4
rest,4
explain,4
possibility,4
basis,4
line,4
ancon,4
concept,4
knowledge,4
apparent,4
egalitarian,4
employed,4
rowe,4
excavated,4
interregional,4
working,4
stage,4
dillehay,4
mound,4
zana,4
up,4
activities,4
parada,4
higher,4
populations,4
yet,4
rectangular,4
partly,4
williams,4
fill,4
members,4
flat,4
rock,4
water,4
appeared,4
contemporary,4
necessary,4
degree,4
years,4
original,4
understanding,4
greatest,4
art,4
range,4
farming,4
top,4
real,4
junco,4
observed,4
platform,4
significance,4
practiced,4
relation,4
occupied,4
attention,4
provide,4
five,4
impressive,4
primarily,4
seen,4
ceremonialism,4
table,4
exchanged,4
bean,4
following,4
civilizations,4
complexity,4
measurements,4
plain,4
cm,4
cultures,4
specialized,4
regard,4
domestic,4
linked,4
sierra,4
beginning,4
adults,4
agricultural,4
theory,4
utilitarian,4
institute,4
require,4
infant,4
mats,4
conference,4
exception,4
became,4
junin,4
numerous,4
fibers,4
grinding,4
offer,4
smaller,4
area,4
summary,4
point,4
debate,4
focus,4
among,4
ca,4
occur,4
symmetry,3
cactus,3
valle,3
considerably,3
chihua,3
ayacucho,3
pendants,3
rites,3
ways,3
presents,3
sys,3
monograph,3
arms,3
lower,3
sources,3
implications,3
symmetrical,3
concentrated,3
attempt,3
humans,3
worked,3
seems,3
confirmed,3
together,3
indeed,3
fruits,3
able,3
farther,3
warps,3
buenos,3
principal,3
robert,3
investigations,3
context,3
existence,3
sophisticated,3
yarns,3
sewn,3
isotopic,3
marked,3
piedras,3
richard,3
mental,3
cited,3
shellfish,3
measurement,3
exist,3
throughout,3
pit,3
points,3
consumed,3
interest,3
adopted,3
prehistoria,3
turn,3
arqueoldgicos,3
body,3
holds,3
young,3
carlos,3
like,3
mammal,3
communication,3
scirpus,3
influence,3
disks,3
next,3
intraregional,3
absent,3
una,3
after,3
certain,3
viewed,3
easily,3
special,3
fancy,3
abundant,3
miscellaneous,3
front,3
support,3
arid,3
green,3
established,3
intensive,3
section,3
represented,3
n,3
house,3
frequently,3
four,3
beyond,3
generally,3
exploitation,3
management,3
dc,3
raw,3
peruana,3
expressed,3
result,3
conservative,3
faunal,3
combinations,3
ripon,3
necklace,3
amer,3
left,3
versity,3
pins,3
excellent,3
aspects,3
none,3
planning,3
grieder,3
lavallee,3
clearer,3
editorial,3
issues,3
beginnings,3
rituals,3
pendant,3
own,3
trends,3
refuse,3
good,3
adult,3
involved,3
family,3
several,3
accomplished,3
seeds,3
core,3
critical,3
led,3
san,3
arrangement,3
minor,3
short,3
synthesis,3
indicates,3
movement,3
southern,3
single,3
relationship,3
depicted,3
oasis,3
degradation,3
clothing,3
perspectives,3
colored,3
bar,3
maintained,3
strata,3
stones,3
useful,3
fire,3
technique,3
pointed,3
adobe,3
lime,3
pair,3
scholars,3
feather,3
rebuilding,3
pieces,3
never,3
enough,3
everyday,3
yarn,3
containers,3
exotic,3
salaverry,3
grave,3
wood,3
encountered,3
investigated,3
discovery,3
amic,3
canals,3
claws,3
conditions,3
band,3
ideas,3
questions,3
trend,3
theoretical,3
discussed,3
tubers,3
difficult,3
tubes,3
characterized,3
helpful,3
features,3
uni,3
standard,3
valued,3
problems,3
evolutionary,3
examine,3
sacred,3
potato,3
dietary,3
increasing,3
modification,3
today,3
science,3
bound,3
ojeda,3
begin,3
spp,3
dimensions,3
itself,3
length,3
figurine,3
life,3
why,3
existed,3
extremely,3
arts,3
resemble,3
beans,3
addressed,3
anthropological,3
variable,3
cakes,3
changing,3
simply,3
continues,3
shapes,3
prob,3
bernardino,3
principle,3
clifford,3
batan,3
unknown,3
ubiquitous,3
wall,3
pigment,3
then,3
build,3
closest,3
twining,3
thanked,3
terms,3
beaches,3
distribution,3
foundations,3
weights,3
floats,3
cloth,3
bodies,3
precer,3
occasionally,3
multiple,3
slopes,3
press,3
wefts,3
models,3
epochs,3
national,3
need,3
effects,3
association,3
orga,3
deer,3
junius,3
clarify,3
themselves,3
chicago,3
ends,3
meeting,3
indicating,3
camelids,3
woven,2
problem,2
tokyo,2
siedlung,2
mostly,2
rate,2
exhibit,2
indicated,2
drilled,2
investigaciones,2
college,2
trans,2
rushes,2
stothert,2
settlements,2
mesoamerica,2
elaborated,2
ma,2
pulgar,2
duccio,2
former,2
descriptive,2
hours,2
devices,2
geometric,2
excavation,2
excavaciones,2
accomplishments,2
cottonseed,2
cyperus,2
leads,2
contained,2
round,2
else,2
revisited,2
wool,2
diatomite,2
posed,2
crews,2
attempts,2
advanced,2
reevaluation,2
best,2
falling,2
principles,2
continue,2
agrarian,2
advantage,2
cords,2
potentially,2
analyses,2
cordage,2
oyster,2
studied,2
full,2
room,2
peruvianist,2
products,2
take,2
assays,2
search,2
color,2
overarching,2
last,2
order,2
reminiscent,2
signs,2
growing,2
miniature,2
side,2
wetter,2
occasional,2
projectile,2
basketry,2
key,2
bones,2
cated,2
right,2
aiso,2
custom,2
concentrating,2
prehispanic,2
ings,2
moseley,2
crossed,2
looped,2
taking,2
x,2
establishment,2
exchanges,2
dozen,2
fragment,2
sweet,2
warfare,2
split,2
altitudes,2
framework,2
karen,2
squash,2
centralized,2
includes,2
guinea,2
stomach,2
perpendicular,2
sacrality,2
civili,2
molded,2
terraces,2
scarce,2
ability,2
santa,2
belts,2
conducted,2
writ,2
espacio,2
kind,2
dis,2
feathers,2
unity,2
cardal,2
dean,2
templo,2
tufted,2
bay,2
refer,2
back,2
ear,2
varieties,2
third,2
shark,2
find,2
bolivia,2
sun,2
poorly,2
mentioned,2
costa,2
van,2
themes,2
opposed,2
interesting,2
sample,2
recognized,2
identification,2
bonavia,2
uhle,2
mountain,2
organizing,2
basic,2
var,2
midwest,2
process,2
location,2
associate,2
eight,2
leave,2
ceramics,2
contributions,2
read,2
arbor,2
omies,2
caps,2
gathering,2
reason,2
modified,2
understand,2
funeral,2
temprano,2
larco,2
marks,2
architec,2
yellow,2
latin,2
covers,2
andeanists,2
exploited,2
lithic,2
patterning,2
huacas,2
method,2
shifted,2
mon,2
gathered,2
royal,2
sive,2
my,2
carving,2
came,2
basalt,2
tem,2
appearance,2
six,2
histories,2
carrying,2
inappropriate,2
resembles,2
carolina,2
luxury,2
arranged,2
cups,2
ranking,2
ann,2
standardized,2
transposed,2
michigan,2
chicama,2
mate,2
recently,2
cannot,2
biases,2
applied,2
maximum,2
appearing,2
wealth,2
produce,2
dwellers,2
tant,2
memory,2
pineda,2
outstanding,2
shape,2
weight,2
gained,2
oped,2
marsh,2
rocks,2
tool,2
apuntes,2
sug,2
example,2
studia,2
older,2
intermediate,2
cane,2
grain,2
gatherers,2
ethnohistoric,2
cat,2
showing,2
artifact,2
interpreted,2
conform,2
creating,2
tom,2
cer,2
routes,2
dried,2
close,2
characteristics,2
rates,2
niches,2
attached,2
latest,2
brown,2
managed,2
matting,2
provided,2
cemetery,2
am,2
impor,2
lend,2
benches,2
symbolism,2
tasks,2
second,2
ical,2
exterior,2
colors,2
absence,2
polished,2
coca,2
located,2
toward,2
operation,2
shades,2
object,2
narrowing,2
formative,2
grande,2
ramiro,2
make,2
interactions,2
manifest,2
logical,2
paint,2
braided,2
formerly,2
emonial,2
east,2
continuity,2
historia,2
beams,2
interior,2
lowland,2
boletin,2
coverings,2
complete,2
hierarchized,2
except,2
formalized,2
ethnographic,2
tentative,2
thorny,2
industrial,2
thorn,2
reports,2
truncated,2
hallmark,2
community,2
volume,2
negras,2
sedges,2
ideal,2
impres,2
death,2
avail,2
head,2
pastoralism,2
aires,2
utilizing,2
plan,2
begonias,2
distrust,2
unidentified,2
mor,2
likelihood,2
paris,2
centre,2
covered,2
manner,2
continuing,2
developing,2
canna,2
non,2
axes,2
michael,2
see,2
answer,2
vertical,2
forth,2
plugs,2
teeth,2
proportionately,2
archi,2
argentino,2
mean,2
sealing,2
treated,2
limitations,2
average,2
previously,2
contacts,2
samples,2
elite,2
crafts,2
birds,2
encouraged,2
findings,2
entirely,2
rivers,2
recovery,2
examination,2
previous,2
trade,2
low,2
discovered,2
directed,2
mode,2
publication,2
definitely,2
amounts,2
serviceable,2
individual,2
peppers,2
lie,2
solstice,2
renewal,2
thomas,2
ture,2
huaynuna,2
graves,2
leaves,2
article,2
methods,2
sacrificios,2
pro,2
availability,2
hunters,2
patterson,2
nized,2
slightly,2
adaptations,2
finely,2
figures,2
quarterly,2
sugar,2
ago,2
cen,2
minimally,2
species,2
sented,2
rarity,2
space,2
depth,2
consists,2
fog,2
indication,2
para,2
me,2
note,2
humanities,2
gruhn,2
movements,2
figure,2
ecological,2
types,2
inside,2
addi,2
male,2
referred,2
exceptional,2
began,2
lives,2
markers,2
transformation,2
surprising,2
praehistdrica,2
fields,2
instances,2
sandy,2
considered,2
claims,2
burned,2
sections,2
hardwood,2
achira,2
suggestions,2
actually,2
cultivars,2
senior,2
version,2
intensification,2
must,2
spanish,2
rimac,2
crab,2
supported,2
besides,2
organizational,2
der,2
bright,2
sure,2
anthropology,2
tomb,2
tecture,2
par,2
setting,2
believe,2
half,2
constructions,2
report,2
foundation,2
iii,2
salazar,2
hundred,2
mollusk,2
coprolite,2
utilized,2
better,2
places,2
qualitatively,2
phd,2
believed,2
unique,2
spatial,2
yielded,2
nearby,2
feb,2
statement,2
lunn,2
her,2
periphery,2
pursued,2
dark,2
explored,2
influenced,2
placement,2
des,2
spaces,2
preserved,2
uniform,2
city,2
econ,2
devel,2
subject,2
controls,2
went,2
domesticates,2
cloaks,2
arguments,2
fine,2
snuff,2
resident,2
come,2
formation,2
shown,2
argument,2
contributed,2
land,2
define,2
environ,2
states,2
altiplano,2
regular,2
colleagues,2
shift,2
increased,2
spines,2
assumed,2
arrange,2
hills,2
rocky,2
potatoes,2
views,2
element,2
desierto,2
interlaced,2
selvage,1
proposed,1
exhibiting,1
things,1
obtencidn,1
princeps,1
compo,1
unabashedly,1
caementarius,1
prakeramische,1
produces,1
medicinal,1
child,1
flow,1
inal,1
lenged,1
edge,1
fineness,1
horizontal,1
tamiento,1
worship,1
stairways,1
chincha,1
faced,1
designated,1
functional,1
separated,1
judging,1
umental,1
interplayed,1
extreme,1
consume,1
entombed,1
reconstructed,1
counsel,1
heights,1
centros,1
determine,1
northeast,1
measures,1
persed,1
mendoza,1
branches,1
poorer,1
flexed,1
enclosing,1
grasses,1
string,1
ory,1
per,1
rowly,1
sitios,1
trash,1
beneath,1
village,1
lumpy,1
elaborately,1
rolled,1
psidium,1
fluid,1
replaced,1
partially,1
rick,1
integrity,1
confidence,1
chewing,1
prime,1
entries,1
solidarity,1
mexican,1
unmodified,1
peaks,1
item,1
bryan,1
seward,1
inference,1
readily,1
january,1
conclusive,1
ascends,1
trace,1
intermontane,1
graffiti,1
offshore,1
organic,1
harsh,1
encourage,1
allegemeinen,1
arquetectonica,1
scientist,1
exceptions,1
something,1
arguing,1
englewood,1
bandurria,1
nuevas,1
sepulchers,1
shimada,1
descriptions,1
annals,1
km,1
properties,1
contexts,1
disputed,1
women,1
orately,1
fires,1
cutting,1
experience,1
diffusion,1
said,1
pota,1
incomplete,1
tons,1
envi,1
kata,1
explaining,1
regenerative,1
unprocessed,1
riva,1
unchal,1
pods,1
certainly,1
container,1
regeneration,1
shamanistic,1
sprinkling,1
retouched,1
neolithic,1
chiswell,1
exaggerated,1
originally,1
ii,1
path,1
give,1
dition,1
ciencias,1
lapidary,1
astronomical,1
sub,1
actual,1
latifolia,1
geografia,1
intricately,1
tra,1
gary,1
coating,1
handling,1
company,1
metate,1
book,1
height,1
menlo,1
humana,1
leading,1
broken,1
warm,1
accompanied,1
cummings,1
chirimoya,1
macneish,1
farmers,1
ramic,1
producing,1
assembled,1
revisions,1
quotidian,1
scheme,1
onto,1
composition,1
biconvex,1
braced,1
ceremonies,1
beds,1
carnegie,1
alignment,1
efficiently,1
emerald,1
inland,1
achieved,1
integrate,1
friezes,1
rafael,1
precociousness,1
consist,1
circula,1
floral,1
afix,1
emphasized,1
precisely,1
mr,1
raised,1
entierros,1
reserved,1
platforms,1
amaranths,1
detection,1
decreased,1
pioneered,1
hipotesis,1
favoring,1
relations,1
surveys,1
rounded,1
tell,1
fulfilling,1
contents,1
fruhe,1
posts,1
cote,1
nodes,1
sociedad,1
evaluation,1
empty,1
crystal,1
narrower,1
botony,1
ascribed,1
described,1
accuracy,1
rocker,1
canete,1
westview,1
verlag,1
nets,1
eastern,1
courtesy,1
rossen,1
peruanas,1
chronicled,1
unaware,1
urton,1
behavioral,1
cryphiops,1
panied,1
facts,1
demography,1
praisal,1
trays,1
victims,1
twist,1
representations,1
inga,1
workability,1
retain,1
design,1
jack,1
chapter,1
plums,1
gardens,1
quantities,1
holocene,1
opened,1
prior,1
implies,1
activity,1
sidered,1
exhibits,1
semitropical,1
belies,1
cap,1
reaching,1
reached,1
renowned,1
maxima,1
fea,1
strombus,1
investigator,1
countered,1
vistas,1
jirca,1
prevails,1
west,1
whatever,1
combination,1
supply,1
say,1
cardich,1
uses,1
complimentary,1
choppers,1
quantity,1
crypts,1
chart,1
monu,1
bowls,1
apply,1
establishes,1
monly,1
increase,1
judgment,1
cere,1
surgimiento,1
milica,1
abrigo,1
sand,1
arqueologica,1
localized,1
shlcra,1
surplus,1
mid,1
learned,1
repeatedly,1
relies,1
otherwise,1
interments,1
weakfish,1
restos,1
preceramico,1
prom,1
iron,1
accessible,1
examining,1
regularly,1
ceremoni,1
bracketed,1
piki,1
que,1
moved,1
alignments,1
southwestern,1
expect,1
archaeolo,1
curated,1
standing,1
explained,1
severe,1
ocarbon,1
consideration,1
noncenter,1
accommodation,1
preceramica,1
run,1
tex,1
sustain,1
against,1
cronologia,1
pursuit,1
kard,1
assumes,1
tattooing,1
agent,1
track,1
beaded,1
blankets,1
traps,1
ease,1
avacado,1
centrated,1
relinquished,1
capped,1
club,1
hooks,1
leaf,1
walter,1
quaker,1
pig,1
ray,1
faulted,1
overt,1
hab,1
convention,1
type,1
topic,1
entire,1
hallucenogenic,1
montana,1
vanished,1
asymmetrical,1
spans,1
nents,1
hat,1
partment,1
exercise,1
priority,1
weaknesses,1
rank,1
cases,1
manufactured,1
developments,1
orig,1
deberia,1
immigrants,1
clark,1
underlying,1
vescelius,1
cita,1
balls,1
averaging,1
pecked,1
uniformly,1
ately,1
subjects,1
mover,1
response,1
serving,1
appropriated,1
tiqued,1
restrict,1
houses,1
inclusion,1
facultad,1
wholly,1
asen,1
bromeliads,1
suitable,1
soceidad,1
uncorrected,1
pacae,1
compared,1
ally,1
matrerialien,1
witnessed,1
ness,1
anonymity,1
monopolization,1
estimate,1
opposing,1
tral,1
rebuild,1
constant,1
sincerely,1
men,1
mul,1
student,1
interlocking,1
practically,1
critique,1
ladles,1
details,1
exempt,1
appreciated,1
weave,1
jected,1
guajava,1
tesis,1
handful,1
according,1
callejon,1
cites,1
implementation,1
zonas,1
squashes,1
subsisted,1
industries,1
glued,1
ceremoniales,1
stant,1
rights,1
investigacidn,1
dignitaries,1
definitively,1
simultaneously,1
vegetable,1
manipulated,1
mytilus,1
neces,1
whose,1
predominant,1
reflects,1
mexico,1
ably,1
agraria,1
regiones,1
collected,1
innu,1
relied,1
patron,1
traffic,1
centered,1
held,1
adds,1
tainers,1
linearly,1
scrapers,1
angeles,1
extents,1
edward,1
vated,1
abundance,1
altitudinal,1
reexamining,1
appreciation,1
sw,1
lazuli,1
bles,1
arqeuologicas,1
twill,1
outlying,1
myself,1
rising,1
tuberculos,1
hacernos,1
knotted,1
conjunto,1
funds,1
depicts,1
shortly,1
sarily,1
fed,1
vs,1
arm,1
becky,1
mortar,1
risk,1
unusually,1
mammalia,1
sarah,1
thing,1
nipples,1
amazonian,1
seaweed,1
worker,1
direct,1
alva,1
assuming,1
symbols,1
danger,1
individ,1
evolution,1
diminishes,1
discoveries,1
consequences,1
twisted,1
tomatillos,1
fn,1
forced,1
reinterpretation,1
plaza,1
hook,1
apparel,1
tooth,1
grafts,1
conformed,1
litica,1
interpretacion,1
tinued,1
facilitated,1
projeccidn,1
mullet,1
locally,1
geometricized,1
iation,1
pampa,1
encourages,1
retained,1
urchin,1
vulgaris,1
imposed,1
dated,1
intrahighland,1
sedge,1
liberal,1
conclusions,1
just,1
unimportant,1
days,1
elevated,1
alism,1
impact,1
centerline,1
traces,1
neck,1
cruzados,1
displays,1
hierarchically,1
rioseco,1
periodizations,1
milky,1
objectified,1
instrument,1
chao,1
argued,1
pebble,1
observations,1
jicama,1
met,1
bling,1
advancing,1
age,1
orientation,1
muelle,1
max,1
argu,1
poor,1
flaps,1
indications,1
efficient,1
organi,1
definite,1
tempraos,1
lauricocha,1
barkcloth,1
explosion,1
painted,1
terminology,1
monial,1
reconsideration,1
infrequently,1
plenum,1
subsidiary,1
flakes,1
pleistocene,1
vergleichenden,1
principios,1
dominant,1
helped,1
mussel,1
strategy,1
providing,1
tory,1
dren,1
fibrous,1
oblique,1
ornaments,1
pathologies,1
wrapping,1
chrome,1
frog,1
whereas,1
contention,1
ranges,1
corvina,1
arrived,1
standards,1
accom,1
advance,1
tax,1
attentions,1
bilateral,1
lucy,1
pyroengraved,1
merging,1
societe,1
underrepresented,1
extent,1
concentration,1
uals,1
allow,1
uncovering,1
extraordinary,1
bricks,1
peruano,1
aaa,1
access,1
pacha,1
changed,1
deal,1
recitation,1
issue,1
reply,1
sedentary,1
infrequent,1
austin,1
criticisms,1
ventanilla,1
lineage,1
zone,1
ornamen,1
emerge,1
nondedicatory,1
ogy,1
subsections,1
ican,1
philosophical,1
fuel,1
base,1
experts,1
inter,1
capitalize,1
inhale,1
hira,1
engel,1
accurately,1
handbook,1
periph,1
equally,1
neighboring,1
tran,1
traits,1
mummies,1
crea,1
technical,1
twice,1
rfo,1
war,1
pyroengraving,1
nonindustrialized,1
tarrero,1
stock,1
pernboletin,1
rabbit,1
bore,1
sharpened,1
residential,1
traveler,1
onstrate,1
intensity,1
meet,1
younger,1
lathrap,1
grounds,1
whale,1
scouring,1
outlined,1
chilis,1
capsicum,1
milkweed,1
orejones,1
plexes,1
acknowledgments,1
orientations,1
died,1
sacrifice,1
warned,1
heddle,1
directly,1
briefly,1
cern,1
garments,1
xix,1
pigs,1
assump,1
hierarchies,1
cise,1
residue,1
pedro,1
squares,1
kg,1
spheres,1
crushed,1
distinguish,1
accounting,1
relief,1
closed,1
arquitectonico,1
bc,1
inferred,1
strengths,1
headless,1
received,1
lusks,1
mem,1
alacomia,1
rectanguloid,1
compli,1
protein,1
seminario,1
clean,1
nearest,1
reader,1
extending,1
distinctively,1
significantly,1
illustrated,1
nc,1
modular,1
degrees,1
clave,1
morphological,1
purpose,1
fundamentally,1
juveniles,1
macrofossil,1
sistence,1
quently,1
play,1
basts,1
layered,1
related,1
nation,1
metodologia,1
comment,1
pyramids,1
positions,1
description,1
ten,1
anthropologicos,1
palettes,1
fairy,1
desarrollo,1
whole,1
year,1
catfishes,1
categories,1
gave,1
chrono,1
q,1
asaro,1
discussions,1
millions,1
skirt,1
postulated,1
bast,1
broad,1
geografica,1
climatic,1
contains,1
hearth,1
seated,1
seasonally,1
oaks,1
dispropor,1
rows,1
requiem,1
winter,1
internacional,1
zigzag,1
lifeways,1
mated,1
surrounding,1
herding,1
frederic,1
formations,1
deserved,1
il,1
wendt,1
clar,1
tears,1
arrangements,1
preservational,1
memoirs,1
marking,1
barbadense,1
ucla,1
count,1
crayfish,1
relaciones,1
imports,1
repro,1
aided,1
depositional,1
wariness,1
published,1
stylized,1
looping,1
habitations,1
closing,1
edifices,1
wraps,1
horsetail,1
describing,1
hard,1
camaron,1
recursos,1
fuzzy,1
distances,1
shaping,1
revolution,1
arqueologicos,1
grass,1
ski,1
wing,1
cord,1
sonal,1
careful,1
owned,1
trephined,1
hole,1
gests,1
arbitrary,1
emerging,1
katahira,1
specifically,1
radi,1
agement,1
huanuco,1
meshes,1
consensus,1
migration,1
smithsonian,1
iations,1
revealing,1
components,1
allotted,1
mal,1
arquitectura,1
chauchat,1
brought,1
zona,1
civilizaciones,1
refinement,1
roofing,1
symmetrically,1
mol,1
essentially,1
ancestors,1
weapons,1
villages,1
differing,1
tended,1
impossible,1
unfortunate,1
dem,1
reju,1
coloration,1
zonian,1
phaseolus,1
scott,1
progress,1
geometries,1
claude,1
yrs,1
majority,1
complimented,1
intent,1
results,1
proper,1
immediate,1
numero,1
und,1
otros,1
earths,1
vicuna,1
aridas,1
roots,1
notes,1
structured,1
appropriate,1
chin,1
heyday,1
sum,1
francais,1
waiting,1
stacked,1
actions,1
digging,1
rang,1
lems,1
too,1
stephens,1
jeffrey,1
antiguas,1
appeal,1
survived,1
tombs,1
institut,1
cob,1
he,1
decoration,1
camelid,1
investigating,1
lecturas,1
steady,1
regained,1
andina,1
chilca,1
quar,1
undifferentleted,1
bringing,1
semiprecious,1
tiple,1
opening,1
cosmological,1
mayor,1
correlating,1
gradual,1
sans,1
lag,1
comparative,1
expansion,1
archy,1
agricul,1
openings,1
peo,1
schemes,1
saponaria,1
corporation,1
lew,1
brief,1
fruit,1
merits,1
female,1
fertility,1
standardization,1
april,1
rapanea,1
converted,1
leon,1
diver,1
centrales,1
intervention,1
garden,1
americana,1
reporting,1
parrots,1
comments,1
grooming,1
guava,1
migra,1
sending,1
lemas,1
topography,1
rolando,1
dle,1
ocho,1
tassels,1
hold,1
phasing,1
direction,1
spectacular,1
needles,1
biological,1
americanos,1
crabs,1
scarcity,1
chili,1
mano,1
tuary,1
ubiquity,1
collect,1
inception,1
competition,1
pivotal,1
sort,1
tops,1
reference,1
monte,1
permission,1
ery,1
archiv,1
opportunities,1
ventilated,1
represents,1
makes,1
interment,1
bear,1
ama,1
cor,1
nataurales,1
requiring,1
anonymous,1
residence,1
serve,1
soon,1
rain,1
hier,1
ring,1
ning,1
mobile,1
elab,1
restricted,1
ne,1
selective,1
us,1
temperate,1
specimens,1
northwest,1
pres,1
quinua,1
tain,1
infre,1
turtles,1
participants,1
enigmatic,1
orders,1
light,1
supplied,1
foto,1
saw,1
sharply,1
plug,1
skin,1
experimental,1
veritable,1
prece,1
wisconsin,1
insights,1
highways,1
nawpa,1
resem,1
reliance,1
begins,1
loom,1
sacriflcios,1
snow,1
functioned,1
delineation,1
double,1
paid,1
infrastructural,1
spearthrowers,1
chronicling,1
inhabitants,1
walled,1
starting,1
eration,1
successfully,1
phillip,1
tour,1
precocious,1
french,1
aspect,1
comfortable,1
yacimientos,1
ceramique,1
mantles,1
bifera,1
bulk,1
huarango,1
popularity,1
provenience,1
again,1
approaching,1
baesler,1
procured,1
lucky,1
put,1
mistrust,1
freedom,1
decorative,1
tempranos,1
added,1
summits,1
ecuadorian,1
smith,1
ban,1
efforts,1
theocracy,1
lucuma,1
tions,1
doorway,1
simpler,1
luis,1
consumo,1
fundamental,1
blur,1
riverine,1
cour,1
temples,1
mito,1
gested,1
creative,1
gating,1
rial,1
compound,1
instituto,1
beliefs,1
exploit,1
fair,1
crop,1
children,1
inconsistency,1
anthro,1
ideology,1
habitat,1
monumentality,1
richer,1
mueso,1
diverse,1
tional,1
john,1
gray,1
memorias,1
figurines,1
debated,1
claimed,1
americanistes,1
distributions,1
flocks,1
imperfect,1
roof,1
serious,1
removal,1
reasons,1
strung,1
harvested,1
readers,1
jaime,1
lions,1
hand,1
consciously,1
adjacent,1
v,1
remarkable,1
nial,1
trophy,1
discussing,1
twine,1
daniele,1
cles,1
landscape,1
phytoliths,1
entity,1
coarse,1
shared,1
herring,1
slings,1
karl,1
totora,1
meditate,1
tures,1
cesses,1
preceramicos,1
chil,1
ceremo,1
stirred,1
ideolog,1
cir,1
focusing,1
deep,1
poles,1
biggest,1
chronologically,1
frequency,1
shovels,1
como,1
distance,1
circumscription,1
assemblage,1
complicated,1
ani,1
remarkably,1
moot,1
binary,1
handy,1
vian,1
plane,1
tuber,1
lags,1
frogs,1
demonstrated,1
meetings,1
matrix,1
analyzed,1
zation,1
behaviors,1
exploring,1
carneiro,1
doorways,1
uncer,1
vast,1
father,1
indiana,1
technol,1
specializing,1
background,1
observable,1
easier,1
width,1
accompanying,1
desert,1
trajectory,1
formal,1
logs,1
afield,1
robustness,1
deposits,1
excavators,1
estratos,1
deliber,1
ethnology,1
beached,1
depended,1
mapuche,1
trimmed,1
strongest,1
forested,1
ruling,1
cenizas,1
recover,1
asentamiento,1
cardenes,1
skeletal,1
imbued,1
dimitrijevic,1
itat,1
expression,1
pecially,1
chemistry,1
station,1
zoinal,1
factor,1
causes,1
puna,1
congress,1
slab,1
survey,1
harvard,1
maiz,1
merable,1
exhibited,1
pasteurs,1
domesti,1
acacia,1
toes,1
heinrich,1
sees,1
struction,1
pereceramic,1
strikingly,1
recruitment,1
relegated,1
california,1
temas,1
intimacy,1
embellishment,1
students,1
involves,1
weaving,1
ently,1
feuillei,1
perforations,1
displacing,1
tiles,1
afterward,1
topographical,1
reality,1
ecologia,1
modem,1
adding,1
wubker,1
iconographic,1
peripheral,1
incisions,1
express,1
tury,1
tail,1
weir,1
rapidly,1
health,1
congreso,1
ecotone,1
maintenance,1
reap,1
co,1
fasten,1
controversies,1
methodological,1
augusto,1
allowed,1
perforation,1
occa,1
countries,1
revised,1
flood,1
mesodesma,1
japanese,1
function,1
sandals,1
summer,1
skulls,1
nonutilitarian,1
broadly,1
combs,1
littoral,1
nobles,1
barbarian,1
dry,1
harpoon,1
tan,1
grobman,1
probable,1
running,1
epoch,1
folding,1
enriched,1
primer,1
huallaga,1
latter,1
ap,1
ecuatoriana,1
skull,1
procurement,1
libro,1
roofs,1
chasseurs,1
annually,1
random,1
arizona,1
improving,1
qualities,1
interpretaciones,1
overexploited,1
occupa,1
lapis,1
constructing,1
generic,1
craft,1
camotes,1
reverse,1
successful,1
palo,1
tillandsia,1
respectively,1
wise,1
inauguration,1
garcia,1
deliberate,1
amber,1
plate,1
hierarchical,1
remainder,1
james,1
assistants,1
costume,1
preand,1
pipe,1
furcraea,1
chorro,1
institution,1
destruction,1
constituent,1
insignificant,1
caution,1
luffa,1
develop,1
darts,1
productive,1
manos,1
clans,1
division,1
thrive,1
motif,1
duplicated,1
hunt,1
flanking,1
infants,1
paredes,1
suspects,1
ranging,1
trails,1
inlays,1
interlace,1
raiding,1
prehistorico,1
bon,1
hoyle,1
gener,1
lineages,1
prteceramico,1
blanco,1
vegas,1
aid,1
astrocosmological,1
highand,1
transformations,1
reviewer,1
bureau,1
supporting,1
bars,1
punas,1
tars,1
investi,1
bifacially,1
suggestive,1
fully,1
obscuring,1
corrals,1
rough,1
hill,1
randomly,1
quarrying,1
lines,1
hutchinson,1
insufficient,1
bulletin,1
slow,1
sensitive,1
concluding,1
un,1
collections,1
etablissements,1
trephination,1
ordering,1
cottonseeds,1
nuevo,1
millennia,1
parsons,1
proposition,1
plex,1
contribution,1
sequences,1
nological,1
immensity,1
inadequate,1
vulnerable,1
covering,1
distort,1
pozor,1
worlds,1
es,1
mirror,1
responsible,1
efficiency,1
dedicatory,1
actualization,1
pacted,1
diagnostic,1
unbaked,1
fostered,1
achieve,1
overeager,1
wheeler,1
lion,1
disk,1
stratified,1
composed,1
subdivided,1
coordination,1
faintly,1
centuries,1
canavalia,1
exists,1
rim,1
ramirez,1
consid,1
articles,1
publica,1
edulis,1
tems,1
mud,1
ities,1
thick,1
cam,1
biology,1
middens,1
sponge,1
affect,1
matters,1
feuilled,1
freshwater,1
school,1
interdependency,1
seine,1
rises,1
deposited,1
shadow,1
eventually,1
nar,1
pepper,1
magnetite,1
suite,1
ters,1
plas,1
depending,1
analogues,1
incised,1
ceja,1
comparison,1
pueblos,1
preclude,1
desiccated,1
finest,1
ples,1
demonstrate,1
extensive,1
farmed,1
ensayo,1
determinants,1
reinforced,1
advertises,1
carriers,1
lumbreras,1
summit,1
wrappings,1
nated,1
slope,1
seating,1
physical,1
shrimp,1
occurrences,1
terrestrial,1
piramides,1
lowing,1
cri,1
offers,1
here,1
alternative,1
potential,1
munich,1
integrative,1
headed,1
quickly,1
dualism,1
defining,1
arqueoloia,1
continental,1
appar,1
anthropomorphic,1
sociales,1
bottle,1
control,1
image,1
hammerstones,1
faulty,1
pallets,1
share,1
lying,1
chis,1
folk,1
abetted,1
jorge,1
garagay,1
roman,1
sampling,1
seem,1
rolling,1
vari,1
taining,1
tation,1
specially,1
sent,1
activ,1
skinner,1
clan,1
explotacion,1
supe,1
aura,1
domestica,1
facility,1
masses,1
recurso,1
adequate,1
post,1
rials,1
deliberately,1
marinos,1
job,1
intro,1
collins,1
pebbles,1
rely,1
researches,1
plazas,1
tsunami,1
convey,1
historical,1
antiq,1
placing,1
accepts,1
disputes,1
distrusts,1
works,1
living,1
assessment,1
masters,1
bands,1
exca,1
subterranean,1
clarity,1
tubular,1
ideologies,1
rep,1
cup,1
lashed,1
game,1
kindnesses,1
peanuts,1
unlikely,1
heads,1
reproduce,1
tionately,1
answered,1
notable,1
proceedings,1
carefully,1
investigation,1
tying,1
month,1
coffee,1
particular,1
rose,1
selected,1
cidn,1
list,1
chinense,1
chro,1
references,1
paracas,1
varying,1
finish,1
males,1
cloths,1
anchovies,1
elaborations,1
poral,1
maintain,1
opportunistic,1
sus,1
artifactual,1
map,1
plaster,1
lengths,1
erect,1
axis,1
papas,1
leaving,1
huantar,1
grooved,1
tending,1
culmi,1
waters,1
zur,1
planta,1
sleeping,1
oth,1
arqeuoldgicos,1
secure,1
account,1
fundamentos,1
migrations,1
aver,1
calendrical,1
lynch,1
voice,1
outgrowths,1
precedent,1
viru,1
minimal,1
don,1
alcohol,1
nuances,1
soapberry,1
replacement,1
whales,1
chronometric,1
cuy,1
travel,1
haps,1
metamorphic,1
complejos,1
popular,1
yardstick,1
coreen,1
socioeconomic,1
nj,1
paintings,1
trees,1
unilinear,1
sacrificial,1
attentive,1
tipologia,1
classes,1
haldas,1
recognition,1
pits,1
prehis,1
erally,1
ification,1
introduced,1
beach,1
confirm,1
centro,1
weft,1
efectuadas,1
giving,1
die,1
shelia,1
durable,1
plans,1
chenopods,1
assumptions,1
ferruginous,1
calculated,1
silva,1
tablelands,1
substance,1
elevations,1
spinden,1
foreshafts,1
alternating,1
manufacturing,1
necklaces,1
cucurbit,1
ranks,1
unitary,1
mck,1
phenomenon,1
allows,1
isolated,1
evidenced,1
representation,1
proximal,1
arching,1
calibrated,1
sparked,1
intervalley,1
precision,1
inlay,1
llanos,1
naturales,1
shores,1
planteamiento,1
antiguo,1
undecorated,1
recording,1
sistemas,1
bracing,1
argues,1
lurin,1
ence,1
peanut,1
seafood,1
intensified,1
advent,1
cussed,1
copies,1
finding,1
decrease,1
argentina,1
grows,1
precise,1
nell,1
mendieta,1
gists,1
publishing,1
identify,1
wears,1
meditar,1
move,1
actively,1
xxxix,1
instead,1
should,1
grown,1
typically,1
sional,1
integrated,1
dense,1
delineate,1
rekindling,1
sur,1
inent,1
extended,1
gen,1
chronologies,1
heartland,1
costal,1
arti,1
prehistoriques,1
sification,1
attempted,1
off,1
ostairs,1
measuring,1
horizonte,1
oldest,1
measured,1
walking,1
enclosure,1
uso,1
quartz,1
roughly,1
canons,1
showed,1
enclosed,1
nonegalitarian,1
flora,1
vi,1
offered,1
charles,1
waira,1
emptied,1
pioneering,1
valuable,1
certainty,1
neously,1
patter,1
fol,1
terson,1
fellows,1
rectilineality,1
succeeded,1
communi,1
rosa,1
store,1
resent,1
alberto,1
enterprise,1
impedes,1
sharing,1
uncertainty,1
deposition,1
manioc,1
venated,1
substantial,1
theoret,1
import,1
pologist,1
phillips,1
northwestern,1
interaction,1
supplementary,1
pat,1
uity,1
duction,1
impress,1
complementarity,1
herders,1
immediately,1
tesy,1
technological,1
gui,1
famous,1
cross,1
simulta,1
premature,1
tuberosus,1
broader,1
axial,1
dug,1
peruvienne,1
draft,1
inventories,1
historicos,1
looking,1
eties,1
bundles,1
hypothesis,1
