WORDCOUNTS,WEIGHT
the,1425
of,970
and,616
in,533
a,337
to,315
that,246
is,142
for,134
as,134
at,110
we,106
or,105
from,105
with,99
are,93
neolithic,91
be,91
on,87
it,83
interaction,79
cultural,76
were,75
have,74
by,69
their,68
j,65
was,63
an,56
but,56
which,56
within,53
there,52
more,52
world,52
archaeological,49
early,47
social,46
southwest,45
sites,44
p,43
culture,43
not,43
they,41
symbolic,41
de,39
et,39
i,39
been,39
communities,38
ppnb,37
sphere,36
m,35
may,35
asia,34
some,34
springer,34
first,33
new,33
prehist,33
has,32
levantine,32
polity,32
prehistoric,31
other,30
than,30
this,30
peer,29
human,28
these,28
exchange,28
can,28
one,27
press,27
its,27
people,27
societies,26
mediterranean,26
our,26
his,25
he,25
renfrew,24
north,24
stone,23
into,23
obsidian,23
university,23
most,23
levant,23
core,23
through,23
c,23
t,22
those,22
community,22
prehistory,22
r,22
groups,21
du,21
b,21
al,21
d,21
model,21
very,21
what,21
no,20
economic,20
southeast,20
different,20
evidence,20
aceramic,19
archaeologists,19
shared,19
network,19
part,19
change,19
material,19
between,19
among,19
networks,19
recent,19
e,18
narrative,18
projectile,18
near,18
also,18
idea,18
use,18
when,18
terms,18
g,18
across,17
had,17
found,17
time,17
la,17
common,16
eastern,16
corridor,16
many,16
farming,16
period,16
archaeology,16
area,16
should,16
later,15
central,15
such,15
even,15
site,15
l,15
how,15
us,15
local,15
spread,15
over,15
form,15
both,15
need,15
settlements,14
el,14
similar,14
years,14
work,14
same,14
only,14
anatolia,14
east,14
american,13
all,13
s,13
cauvin,13
narratives,13
find,13
rather,13
parts,13
out,13
primacy,13
term,13
spheres,13
own,13
larger,13
where,13
see,13
then,13
each,13
particular,13
jerf,13
if,12
history,12
agriculture,12
account,12
palaeolithic,12
zone,12
late,12
well,12
gobekli,12
few,12
research,12
f,12
pp,12
k,12
regional,12
original,12
region,12
who,12
paper,12
tell,12
cambridge,12
pillars,12
much,12
hypothesis,12
ppna,11
group,11
large,11
h,11
point,11
southern,11
emergence,11
settlement,11
small,11
periods,11
networking,11
two,11
polities,11
types,11
cultures,11
cultivation,11
des,11
village,10
western,10
last,10
relations,10
kind,10
could,10
chipped,10
sedentary,10
traits,10
symbolism,10
around,10
several,10
about,10
number,10
extended,10
made,10
any,10
living,10
practices,10
transition,10
au,10
wild,10
building,10
long,9
seems,9
least,9
less,9
british,9
far,9
complex,9
cohen,9
journal,9
beyond,9
view,9
ahmar,9
younger,9
used,9
structures,9
competitive,9
gordon,9
will,9
ancient,9
outside,9
do,9
another,9
points,9
so,9
northern,9
dryas,9
earliest,9
simply,9
map,9
theory,9
abu,9
defined,9
little,9
anatolian,8
concerned,8
greater,8
sources,8
europe,8
together,8
able,8
context,8
case,8
watkins,8
notion,8
process,8
subsistence,8
upper,8
show,8
domestication,8
childe,8
working,8
buildings,8
generally,8
up,8
second,8
materials,8
architecture,8
make,8
members,8
others,8
meadow,8
euphrates,8
tepe,8
three,8
would,8
especially,8
written,8
structure,8
v,8
cereals,8
perspectives,8
extensive,8
der,8
domestic,8
them,8
institute,8
level,8
kozlowski,8
phenomenon,8
remains,8
way,7
hunting,7
natufian,7
since,7
single,7
basic,7
accounts,7
key,7
house,7
origins,7
international,7
events,7
stordeur,7
further,7
burial,7
scale,7
artefacts,7
reduction,7
le,7
society,7
wrote,7
chap,7
towards,7
end,7
examples,7
values,7
evolution,7
revised,7
general,7
earlier,7
consists,7
seen,7
dans,7
dead,7
school,7
anthropological,7
associated,7
series,7
changing,7
innovations,7
goods,7
beginning,7
whether,7
hopewell,7
information,7
aurenche,7
increased,7
sharing,7
final,6
does,6
environmental,6
kinds,6
ideas,6
might,6
nature,6
editions,6
qermez,6
signs,6
system,6
espace,6
sought,6
excavations,6
application,6
refer,6
architectural,6
fig,6
without,6
discoveries,6
n,6
pluciennik,6
argued,6
too,6
whom,6
called,6
deal,6
because,6
woodland,6
whole,6
middle,6
call,6
good,6
published,6
quite,6
south,6
various,6
european,6
synthesis,6
hureyra,6
reports,6
power,6
clusters,6
unit,6
perhaps,6
discussion,6
turkey,6
asian,6
significant,6
described,6
clear,6
essay,6
individual,6
like,6
widely,6
neolithique,6
increasing,6
environment,6
version,6
set,6
particularly,6
houses,6
historical,6
subterranean,6
animal,6
kuijt,6
given,6
die,6
think,6
mode,6
constructed,6
needs,6
braidwood,6
substantial,6
nevali,6
carved,5
les,5
adoption,5
needed,5
cyprus,5
childean,5
diffusion,5
being,5
sculpted,5
tradition,5
asouti,5
political,5
cherry,5
growing,5
formulation,5
apply,5
throughout,5
price,5
nested,5
turn,5
hodder,5
traditions,5
higher,5
developed,5
after,5
special,5
burials,5
space,5
means,5
proche,5
clearly,5
elsewhere,5
impact,5
moyen,5
lithic,5
organisation,5
syntheses,5
constructing,5
shall,5
appears,5
recently,5
population,5
intensity,5
cannot,5
syria,5
data,5
documented,5
personal,5
lithics,5
either,5
excavated,5
involved,5
wider,5
indeed,5
competition,5
under,5
volume,5
representation,5
book,5
again,5
contemporary,5
necessary,5
practice,5
assemblages,5
minds,5
imagery,5
involves,5
amounts,5
construct,5
date,5
contact,5
figures,5
enough,5
emulation,5
continued,5
life,5
why,5
often,5
construction,5
thinking,5
here,5
alternative,5
defining,5
av,5
proceedings,5
making,5
maintain,5
zagros,5
hundreds,5
holocene,5
size,5
bodies,5
writing,5
define,5
cognitive,5
assumed,5
traditional,5
iraq,5
difficult,4
now,4
convergence,4
fertile,4
red,4
grasses,4
aswad,4
studies,4
modern,4
tepesi,4
hillman,4
processes,4
humans,4
permanently,4
active,4
individuals,4
rich,4
feature,4
skull,4
state,4
discuss,4
exchanges,4
ritual,4
sign,4
hudson,4
framework,4
review,4
relationships,4
difficulties,4
development,4
ability,4
intramural,4
distinct,4
concerning,4
effective,4
publications,4
look,4
skulls,4
van,4
whose,4
represented,4
importance,4
symbols,4
gathering,4
consider,4
organization,4
section,4
edition,4
w,4
powerful,4
edinburgh,4
problems,4
segmentary,4
important,4
yayinlan,4
wide,4
gebauer,4
during,4
status,4
enclosures,4
revolution,4
order,4
close,4
observe,4
jordan,4
using,4
und,4
preliminary,4
rest,4
faber,4
chronological,4
functioning,4
populations,4
schmidt,4
expansion,4
legumes,4
classic,4
whatever,4
once,4
millenaire,4
already,4
santa,4
treatment,4
areas,4
patterns,4
took,4
guilaine,4
operating,4
intimate,4
pulses,4
mortuary,4
food,4
assumption,4
sequence,4
synthetic,4
open,4
publication,4
language,4
maintenance,4
function,4
plant,4
features,4
standard,4
maison,4
systems,4
story,4
herding,4
engagement,4
ago,4
houart,4
suggest,4
usually,4
begin,4
widespread,4
began,4
shells,4
analysis,4
exchanged,4
share,4
comes,4
must,4
current,4
capacity,4
mcdonald,4
hundred,4
domesticated,4
following,4
implicit,4
while,4
thames,4
dere,4
became,4
territory,4
arguments,4
formation,4
models,4
jacques,4
write,4
newsletter,4
states,4
consisted,4
plaques,4
pairs,4
built,4
problem,3
go,3
duckworth,3
o,3
faculties,3
prefer,3
functional,3
everyone,3
likewise,3
identify,3
essays,3
live,3
placed,3
maryanski,3
nord,3
ian,3
driven,3
unlike,3
harvests,3
said,3
cast,3
certainly,3
culturally,3
down,3
naissance,3
report,3
take,3
help,3
vegetation,3
investigations,3
existence,3
volcan,3
representations,3
chapter,3
capable,3
possible,3
obvious,3
west,3
resources,3
piedmont,3
chemi,3
dynamics,3
hallan,3
characteristic,3
elements,3
adopted,3
critique,3
simplistic,3
though,3
kenyon,3
walls,3
focused,3
exogenous,3
civilization,3
operation,3
interesting,3
colin,3
flanks,3
derived,3
makes,3
study,3
white,3
animals,3
old,3
organized,3
stored,3
proposed,3
record,3
superior,3
permanent,3
pleistocene,3
shanidar,3
flow,3
urfa,3
banning,3
based,3
transmission,3
effort,3
symbolically,3
taurus,3
boccard,3
percentages,3
glacial,3
pre,3
kinship,3
equally,3
circular,3
energy,3
errance,3
having,3
participation,3
basis,3
bc,3
example,3
knowledge,3
place,3
northwest,3
peltenburg,3
away,3
regions,3
distances,3
things,3
involve,3
indicators,3
next,3
emerging,3
orient,3
voutil,3
latest,3
moved,3
situation,3
implications,3
taken,3
kfar,3
short,3
overall,3
yosef,3
yet,3
thought,3
soon,3
seeing,3
technology,3
hilly,3
participants,3
frameworks,3
useful,3
mark,3
death,3
shows,3
lack,3
pair,3
fundamental,3
beliefs,3
zawi,3
abstract,3
kluwer,3
surfaces,3
identical,3
considerable,3
present,3
centre,3
differences,3
en,3
exotic,3
style,3
remained,3
range,3
mesopotamian,3
top,3
operated,3
refers,3
net,3
syrie,3
national,3
low,3
landscapes,3
meanings,3
authors,3
sustain,3
logic,3
times,3
high,3
become,3
marine,3
jericho,3
workshop,3
tendency,3
premieres,3
sur,3
grandes,3
cereal,3
relying,3
imply,3
she,3
becomes,3
un,3
reliefs,3
united,3
epi,3
mud,3
kilometres,3
floor,3
detail,3
occasional,3
senior,3
intensification,3
peoples,3
known,3
physical,3
proposes,3
books,3
reversal,3
novel,3
ozdogan,3
best,3
argue,3
half,3
linked,3
levels,3
build,3
distinctive,3
past,3
essentially,3
type,3
places,3
according,3
heads,3
economy,3
circles,3
unique,3
ghazal,3
list,3
references,3
distribution,3
extent,3
foundations,3
produce,3
almost,3
observations,3
orthodox,3
phenomena,3
agglomerations,3
conclude,3
role,3
com,3
investigated,3
operate,3
argument,3
similarity,3
aware,3
land,3
regular,3
am,3
meaning,3
themselves,3
elites,3
chicago,3
gulf,3
successive,3
termed,3
household,3
ments,2
formulated,2
vor,2
anthony,2
suggested,2
cradle,2
trans,2
northeast,2
succession,2
introduction,2
epipalaeolithic,2
berlin,2
per,2
vaux,2
arrowheads,2
formed,2
likely,2
alive,2
confines,2
english,2
ankara,2
completely,2
johns,2
jammous,2
motive,2
allow,2
ceremonial,2
position,2
mureybetian,2
exciting,2
ethnoarchaeological,2
proces,2
updated,2
limestone,2
themes,2
experience,2
klaus,2
member,2
explaining,2
production,2
attempt,2
sub,2
articulate,2
worked,2
emerged,2
diffusionist,2
definition,2
containing,2
thus,2
declined,2
principles,2
attractive,2
lichter,2
mehmet,2
farmers,2
happy,2
origin,2
producing,2
concludes,2
survey,2
real,2
nevertheless,2
integrate,2
mind,2
greatly,2
depends,2
side,2
con,2
takes,2
nar,2
brief,2
suspect,2
plain,2
autonomous,2
draws,2
tel,2
maisons,2
design,2
replacement,2
sapiens,2
reaching,2
brun,2
transcend,2
apart,2
mental,2
variations,2
say,2
except,2
climax,2
above,2
mountains,2
representing,2
himself,2
engage,2
inventory,2
signal,2
modelled,2
pounding,2
retouching,2
explained,2
component,2
melodramatic,2
facts,2
immediate,2
mellaart,2
illustrates,2
danube,2
interest,2
relatively,2
plausibility,2
veille,2
nor,2
perspective,2
document,2
back,2
sanat,2
difficulty,2
served,2
left,2
formulate,2
constructs,2
prehistories,2
colloque,2
influence,2
poorly,2
kept,2
phases,2
pacific,2
recognized,2
revisit,2
town,2
essential,2
homo,2
remain,2
landscape,2
menschheit,2
risk,2
contributions,2
possess,2
feel,2
something,2
metres,2
understand,2
settled,2
sorts,2
established,2
vations,2
dated,2
dltesten,2
numbers,2
plaster,2
situations,2
acceptance,2
porary,2
surface,2
requires,2
internal,2
believed,2
ergonomic,2
strategy,2
gamble,2
struever,2
mainland,2
raw,2
avant,2
endogenous,2
came,2
chronologie,2
sociological,2
societe,2
badisches,2
explanatory,2
inappropriate,2
mapping,2
byrd,2
hopkins,2
fortin,2
cores,2
inter,2
academic,2
occupation,2
buried,2
expressly,2
mainly,2
block,2
moore,2
produced,2
dispersal,2
meet,2
applied,2
exca,2
wealth,2
however,2
peters,2
arkeoloji,2
influenced,2
aspects,2
hierarchies,2
distinguish,2
nicosie,2
ricoeur,2
start,2
preferred,2
prized,2
concept,2
brought,2
tens,2
purpose,2
discusses,2
devising,2
imaginaire,2
related,2
indigenous,2
test,2
criticized,2
overview,2
broad,2
constitute,2
blade,2
rituals,2
konya,2
eleni,2
floors,2
showing,2
holy,2
attributed,2
approach,2
oriental,2
solution,2
mesopotamia,2
caused,2
societes,2
field,2
below,2
tested,2
prehistorique,2
interacting,2
dangerous,2
family,2
driving,2
highly,2
choose,2
components,2
transfer,2
neolithiques,2
impossible,2
ofer,2
fully,2
struck,2
hayden,2
results,2
appropriate,2
newly,2
inhabiting,2
content,2
critical,2
belfer,2
reduced,2
matter,2
carried,2
scientific,2
action,2
female,2
dawn,2
brings,2
reconstruction,2
says,2
surviving,2
indicates,2
interactions,2
outer,2
suppose,2
innovation,2
biological,2
guide,2
vallee,2
interpretation,2
reference,2
ethnographers,2
residence,2
bulletin,2
evolved,2
mobile,2
restricted,2
differentiate,2
home,2
light,2
watson,2
rectangular,2
ideology,2
outlined,2
illustrated,2
increasingly,2
bar,2
clive,2
flat,2
lime,2
blanks,2
sualist,2
zeist,2
minority,2
consideration,2
turner,2
foodstuffs,2
department,2
advantage,2
habitat,2
incorporation,2
figurines,2
feasting,2
distributions,2
underpin,2
microlith,2
observes,2
reasons,2
interim,2
mai,2
forms,2
istanbuler,2
adjacent,2
everyday,2
landesmuseum,2
archaeobotanical,2
accepted,2
karl,2
analyses,2
fieldwork,2
tiny,2
benn,2
teeth,2
distance,2
assemblage,2
gives,2
neblithique,2
valleys,2
palestine,2
redman,2
understanding,2
kathleen,2
explanation,2
upon,2
qayonii,2
israel,2
nevah,2
retains,2
detailed,2
medium,2
concern,2
empirical,2
expression,2
congress,2
aside,2
numbered,2
ethnic,2
trend,2
recovery,2
engaged,2
continue,2
hunted,2
falsification,2
strikingly,2
hahoresh,2
dating,2
versions,2
significance,2
quotation,2
loosely,2
reality,2
modem,2
discussed,2
external,2
creating,2
uni,2
dry,2
provides,2
latter,2
quick,2
elaborate,2
zu,2
relation,2
probably,2
millenaires,2
entrainment,2
relative,2
monumente,2
remarkable,2
develop,2
recurring,2
attention,2
behaviour,2
concluded,2
trubner,2
species,2
ranging,2
oxford,2
arc,2
today,2
note,2
equals,2
provide,2
rise,2
centres,2
five,2
testing,2
maps,2
unwarranted,2
remarked,2
contributors,2
strongly,2
yale,2
curation,2
effectively,2
grinding,2
relevant,2
transformation,2
originated,2
abbes,2
plains,2
covering,2
observation,2
solecki,2
existed,2
hope,2
itself,2
face,2
investigate,2
populate,2
actes,2
reliant,2
suite,2
conclusion,2
complexity,2
mentioned,2
dissemination,2
ve,2
founded,2
surmodeles,2
objects,2
cranes,2
generic,2
text,2
chataigner,2
know,2
supposed,2
danielle,2
dismantled,2
specialized,2
global,2
dunbar,2
seem,2
fuelled,2
stretching,2
recherche,2
just,2
better,2
industrial,2
incised,2
carefully,2
investigation,2
cypriot,2
selected,2
plants,2
mere,2
colonists,2
cluster,2
conference,2
facial,2
emergent,2
circumstances,2
careful,2
kin,2
introduced,2
sea,2
city,2
easy,2
subject,2
copper,2
aspect,2
ein,2
remarks,2
come,2
devoted,2
shown,2
differentiation,2
notes,2
defence,2
parallels,2
structuring,2
although,2
dense,2
richness,2
canadian,2
specialists,2
smaller,2
colleagues,2
retrieval,2
association,2
shift,2
archaic,2
thousand,2
charles,2
territories,2
terrazzo,2
jahren,2
views,2
maximum,2
valley,2
characters,2
participant,2
focus,2
seek,2
technological,2
symboles,2
southeastern,2
showed,2
occur,2
contem,2
foraging,2
mughara,1
emulate,1
defective,1
entities,1
modelling,1
margins,1
relational,1
siedlung,1
gerald,1
currently,1
mostly,1
rate,1
paralleled,1
precepts,1
limits,1
underpinning,1
declared,1
avoiding,1
implying,1
generated,1
intricacies,1
names,1
supersedes,1
preference,1
animale,1
ready,1
truth,1
transversely,1
hershkovitz,1
affected,1
extreme,1
mysteries,1
intriguing,1
reflexions,1
anatolie,1
grossplastik,1
caches,1
considerably,1
culties,1
notably,1
christian,1
contradicts,1
crossing,1
debris,1
linguistic,1
expect,1
sympathetic,1
enlightening,1
teristic,1
aqaba,1
tend,1
nouveau,1
uncomfortable,1
word,1
overdue,1
referring,1
true,1
ways,1
dump,1
di,1
peeters,1
harran,1
easily,1
specified,1
competence,1
analyse,1
paradigms,1
notched,1
polyvalent,1
functionality,1
wolf,1
cilicia,1
overlook,1
mittleren,1
intermontane,1
round,1
excavation,1
classify,1
presents,1
stefan,1
construit,1
title,1
occurred,1
inequality,1
hominid,1
turtle,1
freeman,1
aversion,1
tells,1
numberger,1
before,1
dig,1
communicating,1
caracterisation,1
bp,1
agricultures,1
archetypal,1
dann,1
englewood,1
flaws,1
revision,1
pene,1
princeton,1
anthropo,1
controlled,1
basil,1
salvage,1
steinkreise,1
cutting,1
anti,1
accumulation,1
painful,1
fitted,1
consistent,1
envi,1
rdtselhafte,1
gossip,1
moderated,1
gap,1
transitions,1
unearthed,1
falsifying,1
lightly,1
humaines,1
reconstructions,1
simul,1
qatalhdyuk,1
mellink,1
preceding,1
implements,1
creation,1
archae,1
chronicles,1
unexpected,1
originally,1
shallow,1
give,1
attempts,1
exploration,1
sampling,1
pat,1
rapid,1
season,1
unexceptional,1
barracuda,1
ourselves,1
advanced,1
burnishing,1
diseases,1
finlayson,1
parties,1
replaces,1
reach,1
scientifique,1
crops,1
leading,1
broadly,1
assertion,1
desire,1
undertake,1
munity,1
typological,1
trust,1
drivers,1
roland,1
wave,1
prelude,1
arises,1
spaced,1
studied,1
mandibles,1
scheme,1
reveal,1
onto,1
launched,1
room,1
religion,1
misled,1
quantum,1
subsequent,1
das,1
inland,1
heiligtum,1
introduces,1
somewhat,1
failures,1
shennan,1
hypothesised,1
mortensen,1
critically,1
replicated,1
emphasized,1
blackwell,1
influences,1
chiefdoms,1
remainder,1
concepts,1
raised,1
bladelets,1
reserved,1
chanced,1
robert,1
routines,1
contrasting,1
briefing,1
reading,1
item,1
ambiguous,1
pinhasi,1
numbering,1
appalachian,1
racial,1
worldwide,1
papers,1
designs,1
seminar,1
ad,1
triggered,1
ernest,1
documenting,1
partners,1
issue,1
appreciate,1
baird,1
sophisticated,1
heaped,1
badly,1
dr,1
harris,1
verlag,1
vorderen,1
batiments,1
historians,1
knowledgeable,1
adopts,1
weathered,1
constraint,1
eurasia,1
muddled,1
naturel,1
emigrant,1
shetland,1
economics,1
unite,1
representational,1
ixe,1
figs,1
vol,1
demands,1
fitting,1
marked,1
politics,1
sultanian,1
tracing,1
trouvee,1
naissances,1
beverly,1
establishing,1
feinman,1
cached,1
consciousness,1
vorlaufiger,1
insight,1
richard,1
newfoundland,1
invited,1
interdisciplinary,1
conceptual,1
trevor,1
classics,1
eliminated,1
diffused,1
selecting,1
fur,1
overlooking,1
legume,1
dynamic,1
bottom,1
chart,1
along,1
negotiation,1
constrained,1
increase,1
acquires,1
spurred,1
unhappy,1
formula,1
beneath,1
prototype,1
letter,1
eroded,1
sketched,1
warfare,1
conclusively,1
illustrating,1
masks,1
evaluating,1
diversity,1
usage,1
ranked,1
exist,1
repeatedly,1
september,1
steppe,1
tespace,1
refu,1
retaining,1
iron,1
includes,1
accessible,1
royal,1
pit,1
chiefs,1
outweighed,1
totalitarian,1
fun,1
neocortex,1
surely,1
uncom,1
southwestern,1
dearth,1
helmer,1
curated,1
inevitable,1
professor,1
bent,1
alternately,1
wad,1
health,1
against,1
realized,1
swamped,1
assumes,1
magic,1
articulating,1
sociale,1
author,1
diversite,1
millennium,1
tigris,1
pier,1
regarded,1
viewing,1
undena,1
mixed,1
ethology,1
lasts,1
occurs,1
uniformity,1
communautaires,1
pig,1
concentric,1
emerges,1
rapoport,1
realization,1
assessment,1
sapienza,1
reproduced,1
pay,1
pirie,1
century,1
extensively,1
neat,1
arena,1
learning,1
nities,1
exercise,1
dis,1
priority,1
progressive,1
occasioned,1
constatee,1
remembering,1
economical,1
sed,1
underlying,1
david,1
interactivity,1
frustrating,1
blank,1
prefigured,1
vom,1
convincing,1
amount,1
ear,1
serving,1
boundary,1
flawed,1
young,1
lineage,1
honour,1
characterized,1
drives,1
overcomes,1
misleading,1
sie,1
converging,1
friedman,1
compare,1
cal,1
landmark,1
men,1
drawn,1
leurs,1
menschenbilder,1
communication,1
excavator,1
honesty,1
kam,1
deeply,1
occasion,1
qalkhan,1
join,1
nomenclature,1
master,1
exponentially,1
conceptually,1
finishes,1
insupportable,1
industries,1
posited,1
employ,1
articulates,1
misuse,1
bellwood,1
profoundly,1
added,1
remedied,1
understands,1
environn,1
played,1
fuller,1
identification,1
hypothesising,1
settiement,1
improved,1
testimony,1
sets,1
khiamian,1
links,1
bring,1
dence,1
factual,1
highlands,1
sum,1
commu,1
unfolds,1
smoking,1
adapt,1
possession,1
habiteen,1
influential,1
square,1
afterwards,1
explicit,1
ratives,1
bicakgi,1
preparing,1
coastal,1
burnished,1
mean,1
broaden,1
sherman,1
approaches,1
poses,1
environments,1
opportunity,1
abstraction,1
mortar,1
titled,1
granted,1
stimulation,1
ex,1
annalistic,1
thing,1
generalised,1
grew,1
idiosyncratic,1
certain,1
leave,1
meteoric,1
institutionalized,1
jebel,1
taillees,1
strate,1
evolu,1
ammerman,1
scattered,1
front,1
expressing,1
doubly,1
lots,1
pistacia,1
reason,1
modified,1
thropomorphs,1
category,1
developments,1
wasse,1
mission,1
plus,1
wanted,1
metropolis,1
dichotomy,1
cultivators,1
raged,1
familiar,1
retained,1
descent,1
comparator,1
behaviours,1
argues,1
den,1
paysans,1
internationale,1
warren,1
director,1
generalities,1
weather,1
elevated,1
roma,1
dominate,1
gradually,1
displays,1
hierarchically,1
ignorance,1
reviewed,1
accumulating,1
straints,1
four,1
hammered,1
commonly,1
democratic,1
experienced,1
exploited,1
continual,1
pains,1
readings,1
olivier,1
indications,1
goats,1
unsuitable,1
linkage,1
followed,1
notions,1
brepol,1
comparisons,1
whiggish,1
cost,1
putting,1
patterning,1
networked,1
gium,1
habite,1
plenum,1
pierre,1
flakes,1
arguable,1
mainstay,1
helped,1
mon,1
faced,1
vit,1
decades,1
necessarily,1
drawing,1
differently,1
perceive,1
paragraph,1
kenya,1
iconography,1
fortable,1
descriptive,1
ranges,1
opening,1
gorgets,1
ou,1
closely,1
advance,1
my,1
identifying,1
thousands,1
basalt,1
catalhoyiik,1
dixon,1
asserts,1
bearing,1
histories,1
extravagant,1
public,1
begun,1
superfluous,1
hands,1
bricks,1
typical,1
access,1
gods,1
coloured,1
inspectors,1
conspicuous,1
users,1
changed,1
colledge,1
format,1
ocean,1
criticisms,1
relate,1
narrow,1
neolithikums,1
emerge,1
syrian,1
approximation,1
initial,1
mclaughlin,1
big,1
embedded,1
wilmsen,1
density,1
braun,1
sparse,1
pioneered,1
ersten,1
supra,1
supporters,1
traced,1
equal,1
let,1
bands,1
versity,1
keywords,1
province,1
tools,1
residential,1
persons,1
sentence,1
northwards,1
thin,1
harvested,1
explored,1
explain,1
bienert,1
lgm,1
falsify,1
expensively,1
sedentism,1
package,1
scene,1
briefly,1
silver,1
technical,1
expensive,1
char,1
torn,1
underlie,1
resident,1
purushottam,1
none,1
poidevin,1
refracted,1
degrees,1
relief,1
minute,1
gatherers,1
inferred,1
hauptmann,1
contexts,1
received,1
organize,1
tempel,1
carry,1
writers,1
locus,1
freerider,1
imagined,1
significantly,1
differ,1
bladelet,1
herd,1
watts,1
norm,1
stacked,1
sistence,1
clearer,1
decoration,1
actors,1
preludes,1
description,1
ten,1
caching,1
popper,1
literature,1
designate,1
inno,1
intermediate,1
expansive,1
issues,1
collective,1
plastered,1
beginnings,1
lower,1
comprehensible,1
concentrate,1
alists,1
actually,1
runs,1
vating,1
statistics,1
details,1
thereafter,1
rative,1
demon,1
midwestern,1
warns,1
illustrative,1
reflect,1
complemented,1
riding,1
systematic,1
participate,1
preparation,1
resort,1
interpreted,1
horizon,1
trends,1
manipulation,1
researchers,1
impasse,1
substituting,1
mainte,1
multiplicity,1
heady,1
eine,1
outmoded,1
sense,1
describing,1
ement,1
bouring,1
hard,1
sweep,1
inference,1
embodied,1
insoluble,1
stage,1
socialist,1
steponaitis,1
unquestioned,1
propose,1
discourse,1
phrase,1
diffusionary,1
millehaire,1
heat,1
contingency,1
crescent,1
wadsworth,1
acters,1
characteristics,1
radially,1
erature,1
concerns,1
smithsonian,1
revealing,1
grabungen,1
engenders,1
amounted,1
decline,1
climate,1
distinguished,1
protohistoire,1
weapons,1
telling,1
coast,1
khawam,1
fashions,1
condemned,1
couple,1
articulation,1
progress,1
katalog,1
dependent,1
slim,1
sumed,1
describes,1
regeneration,1
peculiar,1
subgroups,1
altogether,1
euphrate,1
substituted,1
value,1
tallest,1
zum,1
akeramischen,1
phase,1
interminable,1
favoured,1
geographical,1
subsistenz,1
seemed,1
avoid,1
erence,1
shaer,1
friihe,1
nations,1
llc,1
converge,1
girl,1
therefore,1
sequencing,1
sleeper,1
oriente,1
fuchs,1
led,1
san,1
processu,1
units,1
georg,1
nation,1
repertoire,1
demand,1
palaeoenviron,1
urbanised,1
lit,1
prac,1
dietler,1
identified,1
indicative,1
employed,1
doctoral,1
vesicular,1
barley,1
maher,1
archetype,1
plans,1
return,1
acknowledged,1
eminent,1
edges,1
framing,1
diet,1
poor,1
april,1
convince,1
haute,1
oligarchic,1
mainstream,1
expanded,1
hinde,1
studien,1
unprecedented,1
movement,1
rites,1
blatter,1
simultaneously,1
cultivate,1
surveyed,1
niques,1
structural,1
demic,1
reptiles,1
undergo,1
spoken,1
ubiquity,1
coherence,1
relied,1
chalcedony,1
elaboration,1
geochimique,1
museum,1
biochemist,1
vs,1
security,1
definable,1
sociologists,1
represents,1
circle,1
rules,1
naviform,1
marginal,1
logistically,1
happened,1
elle,1
formally,1
bull,1
supplementary,1
vocabulary,1
socio,1
neither,1
index,1
anthropomorphized,1
diagrams,1
prehistorians,1
generalized,1
falls,1
transformations,1
supplied,1
assistance,1
obsidians,1
keeping,1
abandon,1
teaching,1
every,1
ethnographic,1
bauten,1
kommentierter,1
rainure,1
experiment,1
robust,1
mould,1
communality,1
largest,1
costs,1
gary,1
provocative,1
decor,1
contains,1
forge,1
emotional,1
reliance,1
palaeo,1
prehistoire,1
noted,1
speaking,1
molleson,1
strata,1
alhoyuk,1
ambiguities,1
picture,1
jo,1
double,1
lavish,1
redefine,1
ceramic,1
headwaters,1
fabulous,1
resolution,1
funerary,1
admit,1
zuerst,1
comfortable,1
paul,1
suit,1
neighbour,1
technique,1
stated,1
strike,1
passed,1
toward,1
woodsman,1
californian,1
pointed,1
available,1
similarly,1
put,1
graphis,1
motifs,1
mise,1
imfruhen,1
addition,1
successively,1
summing,1
release,1
speaks,1
communal,1
fact,1
locational,1
longer,1
twenty,1
leap,1
mesure,1
main,1
limit,1
forming,1
head,1
chord,1
blocks,1
lives,1
recurrent,1
relates,1
clarendon,1
striking,1
pastoralism,1
plan,1
ought,1
wine,1
essence,1
lacks,1
supralocal,1
symbolisme,1
layer,1
enable,1
daily,1
infectious,1
fallen,1
tribally,1
substantially,1
doubt,1
variation,1
formulating,1
man,1
great,1
entiate,1
serious,1
coherently,1
anthropologist,1
never,1
conclusions,1
fits,1
hand,1
learn,1
ground,1
chain,1
cnrs,1
manner,1
intersite,1
layers,1
developing,1
purposes,1
existing,1
unclear,1
crop,1
nance,1
requiring,1
tall,1
heavily,1
until,1
strategies,1
hides,1
meant,1
tier,1
patty,1
reshaped,1
moyenne,1
agencies,1
digging,1
deep,1
terns,1
twins,1
paperback,1
belief,1
project,1
insufficient,1
meta,1
ignoring,1
routledge,1
cul,1
lateglacial,1
chalcolithic,1
rectan,1
biblioteca,1
vf,1
chair,1
risks,1
recommend,1
day,1
thoroughly,1
sagona,1
degree,1
responded,1
grids,1
doubtful,1
archeologiques,1
imagine,1
sanlaville,1
investigators,1
greatest,1
behaviors,1
exploring,1
art,1
supplies,1
rulers,1
coherent,1
damentally,1
hassunan,1
crudely,1
birth,1
observable,1
agricoles,1
easier,1
discovery,1
chiefly,1
disposal,1
bear,1
concluding,1
trajectory,1
lake,1
delicate,1
scatter,1
bericht,1
depended,1
bullet,1
neigh,1
upgraded,1
complexities,1
findings,1
host,1
constantly,1
moitie,1
illusion,1
environmentalists,1
seriation,1
catamoyiik,1
rivers,1
biology,1
emphasize,1
factor,1
assume,1
causes,1
grizzly,1
entary,1
engaging,1
adcpa,1
questions,1
styles,1
maintains,1
canew,1
methodological,1
organisational,1
radiocarbon,1
alluded,1
philosopher,1
previous,1
advantages,1
theories,1
theoretical,1
shelter,1
prospects,1
theses,1
ties,1
trade,1
perimeter,1
stelae,1
discovered,1
subtle,1
historic,1
adding,1
institutionalization,1
fallacy,1
express,1
rapidly,1
khiam,1
lady,1
hutchinson,1
crania,1
co,1
held,1
characterised,1
indicate,1
variant,1
genetics,1
tim,1
optimum,1
him,1
recon,1
analysing,1
reconstructed,1
mexico,1
wrongly,1
foresman,1
brain,1
filled,1
persistence,1
proximity,1
households,1
adequately,1
alligator,1
imagination,1
neutral,1
spent,1
consist,1
oxbow,1
tangential,1
faith,1
agri,1
gebaude,1
witness,1
regulate,1
labels,1
promote,1
incapable,1
imaginative,1
parallel,1
nicely,1
methods,1
allusion,1
spreads,1
diffi,1
ornaments,1
sensible,1
interpretations,1
ann,1
acquire,1
examine,1
deliberate,1
expectations,1
sig,1
organizers,1
axe,1
hierarchical,1
enjoyed,1
james,1
gebel,1
seeking,1
preand,1
nonverbal,1
socially,1
primal,1
adaptations,1
attracted,1
morris,1
hopewellian,1
geography,1
ceptions,1
saw,1
institution,1
premiers,1
insignificant,1
quarterly,1
gurcu,1
universality,1
achieve,1
nebekian,1
convincingly,1
reluctant,1
depuis,1
product,1
rift,1
synthesised,1
drier,1
sage,1
conflict,1
dealing,1
entitled,1
implicitly,1
bottema,1
seasons,1
fifty,1
simpler,1
undifferentiated,1
nizations,1
iran,1
penguin,1
imperialistic,1
me,1
veer,1
lot,1
meets,1
involving,1
angular,1
science,1
assert,1
sometimes,1
figure,1
ecological,1
lithiques,1
hominin,1
naturally,1
practical,1
ppn,1
claimed,1
tech,1
arrow,1
rencontre,1
inside,1
entity,1
deaths,1
citizens,1
favour,1
discard,1
bare,1
male,1
primarily,1
institutions,1
slow,1
referred,1
palestinian,1
directions,1
tive,1
progressively,1
rethinking,1
ordering,1
damascene,1
jensen,1
lumiere,1
fleshing,1
millennia,1
recalled,1
sonal,1
massive,1
inadequate,1
similarities,1
bundled,1
worlds,1
potlatch,1
changes,1
successor,1
reihe,1
flesh,1
prolegomenon,1
flagstone,1
frontier,1
chical,1
ology,1
composed,1
moister,1
months,1
canada,1
leaky,1
mounds,1
arrowhead,1
verhoeven,1
premier,1
pressures,1
joseph,1
phe,1
council,1
thick,1
tribe,1
thinly,1
atlas,1
matters,1
stephen,1
bench,1
pounders,1
anthropomorphic,1
stereotyped,1
architektur,1
seriously,1
stratigraphic,1
logik,1
reichert,1
blocked,1
historian,1
singular,1
olszewski,1
underpinned,1
preface,1
civilizations,1
coudart,1
kozlowksi,1
funeraire,1
demonstrate,1
geographic,1
farmed,1
ever,1
detect,1
reinforced,1
nemrik,1
continues,1
extension,1
pace,1
neighbouring,1
shop,1
totality,1
pluckers,1
endows,1
thissen,1
ltd,1
membership,1
doi,1
lebeau,1
meat,1
originators,1
sciences,1
aswadian,1
quaternary,1
quickly,1
singh,1
chided,1
natural,1
stadt,1
tration,1
conserva,1
colonization,1
proof,1
control,1
ronmental,1
anthropology,1
correspond,1
sheep,1
euphrat,1
worth,1
capability,1
contained,1
setting,1
cautiously,1
variable,1
accommodate,1
gazelle,1
brick,1
kult,1
wall,1
surprised,1
presence,1
regard,1
burney,1
post,1
insufficiency,1
rely,1
chlorite,1
tubinger,1
constant,1
mtefaat,1
bones,1
examining,1
passage,1
works,1
structed,1
advances,1
wilson,1
ditch,1
ideologies,1
nificant,1
game,1
virtual,1
explanations,1
horns,1
reproduce,1
shelters,1
halet,1
spatial,1
regulates,1
namely,1
ref,1
nearby,1
colder,1
metaphor,1
agricultural,1
statement,1
coqueugniot,1
cult,1
writes,1
retain,1
tightly,1
leaving,1
heavier,1
transaction,1
exposures,1
densities,1
plug,1
her,1
getting,1
differs,1
vegetational,1
secure,1
stages,1
sentient,1
annual,1
property,1
emphasis,1
reprinted,1
urban,1
categories,1
equinox,1
characterises,1
finished,1
origines,1
uniting,1
boldly,1
son,1
evi,1
transport,1
logical,1
plos,1
extraordinary,1
cusses,1
beck,1
scorpions,1
redundant,1
ohio,1
umwelt,1
despite,1
collaborated,1
carvings,1
flout,1
november,1
unaffected,1
tically,1
gerard,1
wrought,1
durable,1
intended,1
ecology,1
rendering,1
assumptions,1
spending,1
rationale,1
regularities,1
harvesting,1
obtain,1
manufacturing,1
legge,1
equipped,1
recognised,1
mention,1
exceptionally,1
evidenced,1
definitions,1
gain,1
indefinable,1
varied,1
hierar,1
strong,1
uk,1
prepared,1
syrien,1
ucl,1
analogy,1
bio,1
mica,1
paleorient,1
diagram,1
question,1
disadvantages,1
forgetting,1
considering,1
istanbul,1
erwin,1
difference,1
interested,1
implied,1
versita,1
intensified,1
revert,1
quest,1
decrease,1
envisaged,1
twentieth,1
conditions,1
frame,1
finally,1
rowlands,1
redrawn,1
wish,1
documentation,1
move,1
approximately,1
instead,1
detached,1
include,1
typically,1
schematised,1
integrated,1
enabling,1
usa,1
hunter,1
environ,1
unified,1
vital,1
pn,1
selection,1
thoughtful,1
integration,1
variously,1
quotes,1
clues,1
seeks,1
attempted,1
inequalities,1
memeplexes,1
hours,1
enclosure,1
tierund,1
speak,1
orga,1
rosenberg,1
sides,1
charac,1
specific,1
tennis,1
searching,1
potential,1
news,1
occurring,1
taking,1
surfaced,1
tradi,1
substitute,1
valuable,1
compounded,1
third,1
munities,1
km,1
giircutepe,1
pathways,1
painted,1
rejection,1
supply,1
syn,1
islanders,1
reached,1
schematic,1
beihefte,1
sits,1
texts,1
deposition,1
including,1
element,1
severely,1
microliths,1
images,1
processualists,1
immediately,1
mature,1
comparable,1
concise,1
meeting,1
shifted,1
hans,1
locale,1
major,1
looking,1
eagerly,1
