WORDCOUNTS,WEIGHT
the,1342
of,845
and,741
in,413
to,279
a,270
is,152
with,142
on,133
are,131
from,123
have,120
by,110
madagascar,104
that,93
for,85
were,85
at,84
de,77
there,76
was,75
as,75
these,73
sites,70
or,69
but,68
ad,63
this,62
has,57
archaeological,55
et,54
early,52
about,51
been,51
small,49
we,46
be,46
evidence,45
it,43
ceramics,43
not,43
no,42
more,41
some,40
phase,40
century,40
central,39
an,39
which,39
east,39
settlements,38
history,38
villages,38
coast,38
pp,37
had,36
culture,35
human,34
all,33
site,33
two,31
also,31
large,30
bowls,30
near,30
research,30
only,30
centuries,30
both,30
other,29
along,29
many,29
la,29
imported,28
dewar,28
they,28
eastern,28
wright,28
north,28
malagasy,27
west,27
its,27
areas,27
known,27
p,26
far,26
late,26
during,26
settlement,26
ceramic,26
vessels,26
m,25
local,25
area,25
may,24
jars,24
island,24
years,24
similar,23
few,23
d,23
km,23
than,22
r,22
south,22
des,22
first,21
those,21
ha,21
their,21
taloha,21
state,20
such,20
highlands,20
most,20
around,20
mahilaka,20
indian,20
social,20
probably,20
each,20
remains,20
one,19
population,19
yet,19
period,19
survey,18
coasts,18
river,18
found,18
well,18
tombs,18
people,18
new,18
fourteenth,18
valley,18
later,17
northeast,17
date,17
northwest,17
verin,17
pattern,17
sherds,17
du,16
interior,16
bay,16
town,16
seventeenth,16
less,16
very,16
village,15
holocene,15
excavations,15
fig,15
nosy,15
used,15
eighteenth,15
dating,15
indicate,15
between,15
c,15
h,14
bp,14
within,14
iron,14
established,14
ocean,14
least,14
le,14
cattle,14
fiekena,14
larger,14
where,14
polities,14
southwest,14
species,14
chlorite,14
hamlets,14
little,14
if,13
over,13
center,13
political,13
spherical,13
diversity,13
southeast,13
communities,13
coastal,13
changes,13
ditches,13
located,13
time,13
material,13
number,13
natural,13
sakalava,13
smaller,13
much,13
western,12
into,12
s,12
data,12
boeny,12
university,12
centers,12
schist,12
musee,12
ambohimanga,12
region,12
earlier,12
can,12
any,12
formation,12
glass,12
long,11
j,11
e,11
g,11
after,11
important,11
could,11
occupation,11
pollen,11
revealed,11
ambinanibe,11
several,11
triangular,11
tranovato,11
graphite,11
trade,11
so,11
bones,11
while,11
through,11
sur,11
common,10
complex,10
modern,10
merina,10
past,10
apparently,10
fish,10
masonry,10
appear,10
charcoal,10
polity,10
thirteenth,10
mananara,10
southern,10
decoration,10
contemporary,10
paris,10
bone,10
range,10
three,10
would,10
kaloy,10
green,10
often,10
dans,10
forests,10
associated,10
nearby,10
size,10
our,10
twelfth,9
possible,9
relatively,9
imerina,9
items,9
dates,9
his,9
dated,9
rice,9
faunal,9
cultural,9
sea,9
will,9
towns,9
occupations,9
present,9
valleys,9
including,9
radiocarbon,9
language,9
high,9
marine,9
european,9
today,9
shell,9
began,9
les,9
basins,9
historical,9
port,9
african,9
environmental,8
mouth,8
archaeologists,8
t,8
rims,8
sixteenth,8
traditions,8
impressions,8
without,8
four,8
work,8
extinctions,8
excavated,8
when,8
surveyed,8
subfossil,8
mangabe,8
ports,8
archeologiques,8
increase,8
use,8
pottery,8
suggest,8
forest,8
incised,8
control,8
irodo,8
unknown,8
maliovola,8
earthenware,8
antananarivo,8
among,8
recent,8
stone,7
likely,7
fifteenth,7
processes,7
indicating,7
development,7
visited,7
wavy,7
developed,7
levels,7
intensive,7
just,7
n,7
traces,7
extinct,7
further,7
part,7
related,7
cluster,7
surrounding,7
change,7
efaho,7
limited,7
slag,7
still,7
single,7
same,7
regional,7
malgache,7
discussed,7
fragments,7
centre,7
excavation,7
until,7
made,7
assemblages,7
samples,7
largely,7
rare,7
clear,7
modem,7
exchange,7
northern,7
occupied,7
continued,7
archaeology,7
trading,7
collections,7
frontier,7
andranosoa,7
heavy,7
different,7
almost,7
techniques,7
fauna,7
oldest,7
deposits,7
occur,7
groups,6
per,6
ambitsika,6
seems,6
continue,6
antsoheribory,6
case,6
recorded,6
activity,6
except,6
sgraffiato,6
sand,6
pit,6
due,6
concentrations,6
houses,6
hamlet,6
museum,6
direct,6
accounts,6
presumably,6
elsewhere,6
impact,6
recovered,6
origins,6
glaze,6
permanent,6
density,6
though,6
caves,6
cannot,6
record,6
because,6
none,6
working,6
coatings,6
he,6
islands,6
intensively,6
rectangular,6
vohemar,6
others,6
coarse,6
eleventh,6
general,6
battistini,6
ann,6
shallow,6
archeologie,6
earliest,6
contained,6
rainfall,6
whether,6
covers,6
beaches,6
middle,6
isolated,6
betsimisaraka,6
include,6
although,6
land,6
thickened,5
now,5
horizontal,5
estimated,5
studies,5
trace,5
rezoky,5
production,5
suggesting,5
great,5
i,5
vol,5
quantities,5
fine,5
terraces,5
even,5
paleoecological,5
influence,5
walls,5
paramounts,5
en,5
bantu,5
special,5
animals,5
arid,5
nor,5
organization,5
show,5
subsidiary,5
gorge,5
panels,5
suggested,5
concentration,5
chinese,5
produced,5
surface,5
antongil,5
network,5
line,5
mapped,5
protected,5
brought,5
documented,5
saw,5
project,5
either,5
ago,5
below,5
ambohidray,5
preliminary,5
units,5
indicates,5
manambovo,5
us,5
neither,5
visitors,5
macphee,5
beads,5
lack,5
end,5
estuary,5
patterns,5
anciens,5
perhaps,5
food,5
questions,5
national,5
decorated,5
plant,5
ecology,5
outside,5
systems,5
parallel,5
africa,5
usually,5
woody,5
precise,5
quaternary,5
eighth,5
capital,5
evident,5
form,5
yielded,5
migrations,5
suggests,5
up,5
reported,5
introduced,5
role,5
numerous,5
team,5
specific,5
focus,5
major,5
o,4
indicated,4
extreme,4
introduction,4
replaced,4
estuaries,4
occurred,4
turtle,4
nineteenth,4
sources,4
certainly,4
imprints,4
military,4
available,4
highland,4
glazed,4
vegetation,4
last,4
robert,4
linear,4
humid,4
logical,4
since,4
overlooking,4
kingany,4
porcelain,4
collection,4
throughout,4
mahavavy,4
inner,4
base,4
calibrates,4
old,4
pastoralists,4
journal,4
poorly,4
phases,4
fort,4
l,4
centered,4
process,4
white,4
impressed,4
angavobe,4
baie,4
clearly,4
w,4
occu,4
millennium,4
exploitation,4
slave,4
wares,4
typical,4
pro,4
ankadivory,4
absolute,4
aspects,4
storage,4
place,4
climatic,4
inclusions,4
aranta,4
regions,4
giant,4
field,4
distinguished,4
latest,4
bulletin,4
beach,4
ninth,4
mosques,4
contact,4
populations,4
expansion,4
brief,4
filled,4
above,4
inhabited,4
donnees,4
older,4
rain,4
under,4
ancient,4
malay,4
une,4
addition,4
cultivated,4
scholars,4
diverse,4
forms,4
adjacent,4
do,4
anosy,4
low,4
open,4
came,4
structure,4
v,4
herding,4
cen,4
covered,4
antanambe,4
science,4
sometimes,4
stream,4
ecological,4
widespread,4
contribution,4
transformation,4
mosque,4
stratigraphic,4
complexity,4
cover,4
colonization,4
languages,4
sampling,4
domestic,4
burney,4
calibrate,4
combed,4
cultivation,4
distinctive,4
proposed,4
tenth,4
text,4
what,4
them,4
require,4
annual,4
villes,4
observations,4
urban,4
preserved,4
city,4
andavakoera,4
sediments,4
differentiation,4
talaky,4
offer,4
chronology,4
increased,4
irrigated,4
hills,4
abandoned,4
assem,4
frequent,3
given,3
does,3
portuguese,3
paste,3
fortified,3
universite,3
avarandrano,3
enclosing,3
speakers,3
needed,3
kinds,3
completely,3
former,3
ehoala,3
par,3
fires,3
test,3
explaining,3
preceding,3
implications,3
taken,3
might,3
stretch,3
editions,3
oval,3
tradition,3
broadly,3
differences,3
origin,3
rich,3
farther,3
reveal,3
sacred,3
report,3
designs,3
plain,3
bur,3
histoire,3
construction,3
x,3
combing,3
sy,3
learned,3
review,3
surrounded,3
hierarchy,3
anciennes,3
extensively,3
ware,3
clay,3
pierre,3
response,3
using,3
ridge,3
york,3
toamasina,3
growth,3
how,3
remain,3
environments,3
punctates,3
captives,3
elaborate,3
scattered,3
abundant,3
ambolisatra,3
modified,3
possibly,3
objects,3
emergence,3
house,3
argued,3
upper,3
problems,3
shifted,3
swidden,3
result,3
histories,3
called,3
traditionally,3
access,3
hippopotamus,3
international,3
impermanent,3
michigan,3
recently,3
scale,3
wealth,3
pleistocene,3
lugs,3
discovered,3
oped,3
crushed,3
kg,3
imports,3
occupants,3
london,3
apparent,3
reduction,3
year,3
describe,3
contains,3
records,3
lower,3
taxa,3
postholes,3
own,3
approach,3
definite,3
published,3
siecle,3
sandrakatsy,3
commerce,3
buildings,3
next,3
contrast,3
habitation,3
ancestors,3
paleoecology,3
pays,3
world,3
satellite,3
massive,3
periods,3
led,3
calibration,3
archaeo,3
various,3
bowl,3
omaly,3
expanded,3
study,3
direction,3
once,3
tremendous,3
marshes,3
extinction,3
largest,3
noted,3
comoros,3
oral,3
french,3
oceanic,3
rock,3
lemur,3
carbonized,3
travaux,3
man,3
enough,3
arrays,3
foot,3
deep,3
assemblage,3
carinated,3
locations,3
another,3
understanding,3
discovery,3
represented,3
lake,3
contacts,3
forested,3
expand,3
asian,3
rivers,3
amporoha,3
products,3
evolution,3
individuals,3
historic,3
dominated,3
collected,3
especially,3
k,3
craft,3
slightly,3
arbor,3
widely,3
islamic,3
smelting,3
transformations,3
cow,3
independent,3
hectare,3
grass,3
program,3
fully,3
inside,3
lines,3
primarily,3
detailed,3
rim,3
markers,3
covering,3
types,3
itself,3
conservation,3
thick,3
middens,3
environment,3
anio,3
must,3
geographic,3
marshy,3
organizational,3
here,3
set,3
know,3
did,3
asambalahy,3
then,3
foundation,3
animal,3
archeologique,3
blages,3
personal,3
multiple,3
devel,3
families,3
au,3
voyage,3
cas,3
kus,3
defined,3
vallee,3
association,3
roughly,3
reached,3
should,3
termed,3
femora,2
mostly,2
rate,2
done,2
metal,2
limits,2
vacademie,2
way,2
anka,2
flourished,2
names,2
revue,2
librairie,2
engendered,2
red,2
adoption,2
mountains,2
stands,2
indonesian,2
deciduous,2
debris,2
linguistic,2
andra,2
american,2
residences,2
elaborated,2
graphited,2
lohavohitra,2
paramountcies,2
nord,2
grasslands,2
offshore,2
exceptions,2
migration,2
amongst,2
grandidier,2
every,2
swedish,2
rical,2
ii,2
kilometers,2
being,2
location,2
anywhere,2
emerged,2
asia,2
words,2
wooden,2
paramount,2
shoulder,2
flotation,2
thank,2
visits,2
timing,2
studied,2
able,2
hunting,2
debt,2
fascinated,2
subsequent,2
azania,2
tenrecs,2
stand,2
chiefdoms,2
raised,2
staff,2
platforms,2
china,2
embankments,2
datings,2
matsumoto,2
system,2
cote,2
extensive,2
con,2
crystal,2
comoro,2
nearly,2
out,2
account,2
fishing,2
ings,2
obvious,2
information,2
measuring,2
apart,2
mental,2
variations,2
uncertain,2
drury,2
sgrqffiato,2
descend,2
presently,2
exist,2
distributed,2
savanna,2
includes,2
chiefs,2
southwestern,2
sherd,2
malgaches,2
mm,2
against,2
relations,2
lan,2
fabrics,2
estimates,2
rank,2
mixed,2
elements,2
savannas,2
times,2
hemispherical,2
document,2
uniformly,2
serving,2
six,2
homelands,2
left,2
determinations,2
networks,2
like,2
fortifies,2
bottles,2
spite,2
rafolo,2
mandialaza,2
loan,2
capitals,2
sanskrit,2
higher,2
seventh,2
civilization,2
whose,2
etudes,2
links,2
residence,2
nanarivo,2
subsistence,2
excavators,2
proportion,2
appears,2
parts,2
slips,2
tance,2
coconut,2
support,2
supports,2
prehistory,2
locally,2
occupational,2
familiar,2
organized,2
slowly,2
andrianampoinimerina,2
section,2
placed,2
crops,2
age,2
linguistics,2
additional,2
beef,2
answers,2
explain,2
endemic,2
triangle,2
weighed,2
pedestal,2
cut,2
oblique,2
highest,2
irrigation,2
granite,2
sive,2
closely,2
reprinted,2
whom,2
allow,2
tra,2
future,2
begun,2
erosion,2
midden,2
mamba,2
wooded,2
lived,2
demands,2
prepare,2
ethnohistorical,2
cores,2
adelaar,2
inter,2
term,2
evaluate,2
understood,2
conforms,2
simple,2
tools,2
viewed,2
applied,2
exca,2
younger,2
wide,2
cows,2
glottochronology,2
directly,2
sparse,2
marsh,2
closed,2
artifacts,2
bc,2
reconnaissances,2
knowledge,2
indigenous,2
dividing,2
loss,2
gave,2
structures,2
reflect,2
systematic,2
elephant,2
following,2
manifestation,2
sparsely,2
antsiranana,2
reaches,2
quite,2
concernant,2
lakes,2
highly,2
vation,2
grow,2
presence,2
decline,2
essentially,2
always,2
universities,2
dependent,2
productivity,2
results,2
zigzag,2
muskets,2
plausible,2
mouths,2
disks,2
moved,2
settle,2
impor,2
society,2
settlers,2
chronological,2
f,2
portion,2
anta,2
became,2
second,2
exterior,2
demand,2
minor,2
attributable,2
noble,2
identified,2
economic,2
service,2
overall,2
comparative,2
indien,2
thermoluminescence,2
spiny,2
rapid,2
andolonomby,2
whatever,2
centrales,2
outer,2
parker,2
vicinity,2
mammal,2
spoken,2
arrangements,2
vezo,2
serve,2
array,2
paleontological,2
palaces,2
cylindrical,2
nature,2
swamp,2
included,2
commoner,2
home,2
assistance,2
ed,2
al,2
thorn,2
traders,2
reports,2
funerary,2
name,2
unreliable,2
power,2
again,2
contin,2
efforts,2
shows,2
occurrence,2
calib,2
bovids,2
layer,2
variation,2
diameter,2
mihrab,2
took,2
precinct,2
monographs,2
learn,2
shelters,2
clusters,2
swahili,2
receives,2
relevant,2
pations,2
span,2
por,2
punctate,2
teeth,2
paddies,2
destroyed,2
thoroughly,2
degree,2
remained,2
argues,2
status,2
mean,2
extended,2
sambirano,2
lands,2
mecca,2
manifestations,2
montagne,2
birds,2
bumey,2
grassland,2
austronesian,2
significant,2
ideas,2
net,2
hunted,2
full,2
described,2
ambo,2
ties,2
sev,2
significance,2
b,2
flacourt,2
incisions,2
entrances,2
david,2
sphe,2
gates,2
played,2
obtained,2
kept,2
guages,2
latter,2
ture,2
indication,2
facing,2
internal,2
floral,2
coral,2
hilltop,2
become,2
hierarchical,2
differ,2
bsr,2
figures,2
islamized,2
carapace,2
upstream,2
attention,2
increasing,2
ranging,2
straight,2
untenable,2
ing,2
ministry,2
begin,2
sarodrano,2
vertical,2
who,2
seen,2
unclear,2
length,2
antiquity,2
why,2
settled,2
responsible,2
hope,2
supporting,2
fields,2
kingdoms,2
ridges,2
divory,2
burned,2
lamboharana,2
wars,2
heurtebize,2
growing,2
series,2
porcelains,2
dishes,2
changing,2
primates,2
peoples,2
founded,2
semiarid,2
gunflints,2
dauphin,2
bush,2
detail,2
dr,2
appliques,2
reconnaissance,2
ramilisonina,2
paper,2
cultures,2
specialized,2
india,2
attribute,2
seem,2
board,2
rolling,2
speech,2
ideological,2
stretching,2
nouvelles,2
goods,2
everted,2
hundred,2
rasamuel,2
domesticated,2
assessment,2
bands,2
beginning,2
scholarly,2
rasikajy,2
economy,2
radimilahy,2
unique,2
plants,2
agricultural,2
artifactual,2
map,2
nosoa,2
raombana,2
foundations,2
periphery,2
demes,2
contain,2
garbage,2
ratsimilao,2
presented,2
pation,2
pits,2
stuiver,2
uniform,2
slopes,2
contemporaneity,2
pre,2
variability,2
com,2
investigated,2
connaissance,2
domesticates,2
superior,2
tions,2
prepared,2
venn,2
shores,2
layers,2
tell,2
models,2
mada,2
ence,2
cambridge,2
coated,2
twentieth,2
sud,2
materials,2
appropriate,2
typically,2
need,2
environ,2
involving,2
effects,2
ranged,2
showed,2
enclosed,2
qan,2
barito,2
clarify,2
point,2
say,2
terres,2
develop,2
traditional,2
building,2
resources,2
built,2
close,2
spe,2
manandona,2
grants,2
courts,1
final,1
celains,1
ments,1
vonizongo,1
phenotypic,1
refashioned,1
guistic,1
consommation,1
quater,1
edge,1
testify,1
cultivators,1
ambohidahy,1
export,1
islamicized,1
preted,1
ferent,1
cupidity,1
tropics,1
created,1
northernmost,1
europeans,1
separated,1
culminated,1
paigns,1
ant,1
episodes,1
resulted,1
worthy,1
implies,1
magnetic,1
aboveground,1
marovoay,1
grasses,1
substratum,1
preliminaires,1
contradicts,1
expect,1
elaborately,1
paleonto,1
group,1
discover,1
summarizing,1
teto,1
spine,1
plishments,1
identify,1
refused,1
disentangling,1
terminated,1
spears,1
precede,1
ambanja,1
diversification,1
remind,1
handles,1
alive,1
ditional,1
pencil,1
true,1
mantaux,1
rounded,1
drinks,1
alluviation,1
peaks,1
item,1
mals,1
reason,1
ronmental,1
rediscovered,1
favor,1
rence,1
exotica,1
hip,1
ms,1
chronologically,1
ondary,1
devices,1
undertaken,1
geometric,1
simisaraka,1
presettlement,1
total,1
eastward,1
modifi,1
stretches,1
before,1
assisted,1
steeply,1
something,1
lovahitra,1
accom,1
localized,1
variety,1
encoun,1
roughed,1
detected,1
chief,1
descriptions,1
annals,1
deschamps,1
calibrated,1
contexts,1
turning,1
spit,1
predominantly,1
canids,1
file,1
travers,1
tortoises,1
funded,1
said,1
notre,1
incomplete,1
consistent,1
unprotected,1
sterile,1
ouest,1
eigh,1
moderated,1
gap,1
australia,1
dwarf,1
lightly,1
ethnologist,1
simul,1
revisited,1
topographic,1
lathe,1
connection,1
archae,1
rinehart,1
austral,1
embayments,1
likewise,1
adopt,1
meters,1
concentrated,1
betsileo,1
season,1
secretary,1
sub,1
permanently,1
xhith,1
fragmentary,1
neil,1
illeme,1
prestigious,1
departure,1
bidecadal,1
subfossiles,1
thus,1
subject,1
reach,1
egede,1
separation,1
height,1
affinities,1
ceramiques,1
sup,1
packed,1
incisors,1
broken,1
dialectologie,1
together,1
accompanied,1
firm,1
display,1
reasons,1
accumulated,1
colloque,1
revisions,1
aesthetic,1
seaports,1
sometime,1
link,1
ordure,1
semioval,1
basin,1
sultans,1
carinations,1
composition,1
court,1
kingdom,1
reproduction,1
ankatsoand,1
help,1
deforestation,1
achieved,1
damage,1
ancestry,1
reservoir,1
fanongoav,1
petty,1
fishhooks,1
fait,1
precisely,1
henry,1
situ,1
henceforth,1
debut,1
replicas,1
adventures,1
ruined,1
segregated,1
peuplement,1
contents,1
majority,1
weighing,1
reduced,1
british,1
fouille,1
post,1
side,1
wetter,1
introductions,1
existence,1
alfred,1
dialect,1
botanical,1
prospered,1
habitats,1
symbolizing,1
courtesy,1
wetland,1
persian,1
anthropologists,1
key,1
king,1
weathered,1
arabian,1
ponderous,1
mass,1
nology,1
agriculture,1
kilometer,1
discuss,1
imately,1
exception,1
recency,1
alluvium,1
gardens,1
peting,1
placement,1
opened,1
occupying,1
recommended,1
determined,1
compelling,1
approx,1
securely,1
cap,1
burning,1
fortresses,1
sale,1
zones,1
contemporaneous,1
erased,1
solely,1
ambohitrikanjaka,1
move,1
richard,1
vital,1
contes,1
dutch,1
community,1
farfetched,1
combination,1
bell,1
isle,1
rela,1
tlement,1
establishment,1
alimentation,1
quantity,1
climax,1
bottom,1
lagoons,1
felids,1
gastropod,1
galapagos,1
memoire,1
fragment,1
replacement,1
ross,1
deserted,1
sign,1
pursuing,1
valuables,1
notably,1
nesians,1
exposed,1
canyon,1
ranked,1
labor,1
implements,1
frequencies,1
ecaudatus,1
million,1
decouverte,1
centralized,1
proved,1
deux,1
consideration,1
collapse,1
outrages,1
tury,1
vespace,1
merchants,1
component,1
severe,1
esti,1
difficulties,1
immediate,1
definitely,1
winds,1
consumed,1
herbs,1
borderlands,1
analyzing,1
silty,1
unpublished,1
mahajanga,1
proliferated,1
corner,1
manda,1
ixth,1
interest,1
characteristic,1
regarded,1
exam,1
moment,1
acta,1
ethnobotanical,1
betsiboka,1
durant,1
assassins,1
conducted,1
cf,1
supplies,1
pig,1
concentric,1
workers,1
taolagnaro,1
employing,1
emigration,1
tripartite,1
expected,1
dence,1
prosperous,1
kind,1
screening,1
dis,1
archaeozoo,1
big,1
turn,1
union,1
developments,1
lin,1
clashes,1
immigrants,1
divergence,1
genes,1
drip,1
places,1
refer,1
profound,1
amount,1
ately,1
marriage,1
gradients,1
body,1
rakotovololona,1
ceramique,1
columbia,1
sions,1
versite,1
connecticut,1
served,1
efangitse,1
spotty,1
coring,1
varieties,1
continuous,1
bilingual,1
thin,1
rounding,1
sci,1
weight,1
mosaic,1
styles,1
y,1
mates,1
drawn,1
archaeologist,1
terrace,1
memoir,1
preserving,1
constructs,1
practically,1
sgraffiatos,1
tentatively,1
wet,1
standardized,1
deeply,1
rigors,1
aca,1
founder,1
generation,1
indistinguishable,1
handful,1
anthropometric,1
loans,1
error,1
ment,1
ankatso,1
xllth,1
distinct,1
ued,1
failed,1
permits,1
opposed,1
mimicking,1
preuves,1
via,1
sloped,1
fleet,1
simplified,1
nairobi,1
ably,1
mega,1
air,1
teaching,1
allegiances,1
trapezoidal,1
testimony,1
rather,1
purely,1
portrayed,1
fusion,1
principal,1
disjunction,1
entrepots,1
vohemarienne,1
appreciation,1
burnished,1
subdivision,1
active,1
archaeolog,1
examined,1
compacted,1
rats,1
probability,1
lasted,1
monsoon,1
eight,1
importance,1
grew,1
se,1
domestication,1
residential,1
derived,1
balanced,1
inland,1
ongoing,1
assuming,1
commendable,1
preservation,1
matched,1
cave,1
complication,1
muslim,1
distant,1
lay,1
summarized,1
productive,1
factors,1
supposed,1
primatology,1
fanongavana,1
means,1
determination,1
nities,1
finer,1
pedagogie,1
plus,1
marks,1
biased,1
breeds,1
urchin,1
descent,1
multitiered,1
grains,1
foragers,1
internationale,1
allocation,1
edition,1
indo,1
numbers,1
dominate,1
neck,1
perspective,1
hierarchically,1
northeastern,1
restricted,1
shore,1
cotes,1
frequently,1
too,1
frag,1
solid,1
totaled,1
presumed,1
prolonged,1
ministers,1
exploited,1
resource,1
biotic,1
encouragement,1
indications,1
predates,1
dahl,1
generally,1
indonesia,1
comparisons,1
princi,1
lemurs,1
intentional,1
tragedies,1
method,1
plenum,1
centrale,1
rendered,1
care,1
etude,1
mozambique,1
trained,1
organic,1
pedestaled,1
ankoala,1
view,1
mainland,1
kenya,1
mala,1
annees,1
greater,1
ranges,1
royal,1
yielding,1
expressed,1
arrived,1
standards,1
ou,1
salvage,1
systemes,1
remembered,1
based,1
lead,1
inten,1
pursuits,1
migrant,1
plateau,1
arrival,1
bearing,1
prehistorians,1
societies,1
supplemented,1
attributes,1
transient,1
guns,1
superhuman,1
demise,1
sixteenthto,1
speeches,1
discrete,1
struc,1
young,1
effort,1
missouri,1
seven,1
dunes,1
changed,1
incision,1
necklace,1
rambohimanarina,1
rooms,1
imerimandroso,1
events,1
ramananga,1
requirements,1
zone,1
pioneer,1
noting,1
pipes,1
commoners,1
faham,1
defensive,1
initial,1
bali,1
coalitions,1
collectively,1
midway,1
soamianina,1
mokala,1
academic,1
meter,1
hippo,1
equally,1
coffins,1
traced,1
briefly,1
equal,1
polishing,1
focused,1
war,1
deepest,1
dynasty,1
duced,1
annales,1
laka,1
hawaiian,1
constraining,1
internecine,1
hammers,1
sce,1
lenses,1
grounds,1
energy,1
underlie,1
fertilizing,1
smithing,1
xerophytic,1
floristic,1
required,1
aridity,1
find,1
paleontologie,1
acknowledgments,1
reex,1
photo,1
paleontologists,1
ava,1
proliferate,1
silver,1
technical,1
sima,1
xix,1
pigs,1
hierarchies,1
gained,1
having,1
participation,1
spheres,1
basis,1
housefootings,1
ancaye,1
conduit,1
formerly,1
nonresident,1
dog,1
flattened,1
scatters,1
sharpening,1
received,1
steep,1
rainy,1
blue,1
start,1
imagined,1
vil,1
prominent,1
tapered,1
significantly,1
slabs,1
ecologie,1
heavily,1
attacked,1
crude,1
tributary,1
competing,1
civil,1
reserve,1
disconnection,1
clearer,1
homeland,1
anja,1
flourish,1
description,1
woodland,1
ple,1
andriana,1
traditionelle,1
bottomland,1
database,1
policies,1
applique,1
issues,1
broad,1
partly,1
inate,1
ranana,1
seasonally,1
enveloped,1
runs,1
mangroves,1
tumultuous,1
enteenthand,1
forces,1
tected,1
away,1
schwartz,1
bounded,1
appreciated,1
shelter,1
overseas,1
collabora,1
mam,1
showing,1
envi,1
artifact,1
connections,1
interpreted,1
breakdown,1
universally,1
socioeconomic,1
hillside,1
strongest,1
attributed,1
correction,1
else,1
clearance,1
refuse,1
exchanged,1
earth,1
probleme,1
depositional,1
preceded,1
good,1
nario,1
indi,1
level,1
allegiance,1
reinforces,1
drier,1
belle,1
reliable,1
tested,1
manambolo,1
fenoarivo,1
itmerina,1
xieme,1
cope,1
consolidation,1
concordant,1
fishbone,1
ological,1
repeated,1
amidst,1
antslranana,1
family,1
hemisphere,1
radi,1
teams,1
tandroy,1
xlxe,1
leaves,1
soil,1
butchery,1
consensus,1
altered,1
knives,1
entrepot,1
mini,1
admini,1
ues,1
bance,1
breaking,1
mi,1
draining,1
dramatic,1
ampasindava,1
peak,1
gene,1
portions,1
mixing,1
seeds,1
methodological,1
gradient,1
stratigraphy,1
barely,1
progress,1
ornament,1
moist,1
ensemble,1
basse,1
fortress,1
venience,1
tri,1
correspondence,1
facilitation,1
periode,1
cycle,1
outrigger,1
steppes,1
newly,1
cutmarked,1
androy,1
dany,1
borneo,1
activities,1
ambolobo,1
spare,1
subsequently,1
survived,1
institut,1
marked,1
threatened,1
morphology,1
zava,1
therefore,1
evergreen,1
horizons,1
approximate,1
ical,1
impressing,1
coastline,1
majunga,1
ceremonial,1
reductions,1
walled,1
elimination,1
protecting,1
architecture,1
commu,1
bringing,1
logistical,1
tively,1
semiprecious,1
tiple,1
impres,1
campsites,1
cosmological,1
unification,1
mariano,1
short,1
preliminaire,1
agricul,1
ancien,1
corporation,1
return,1
defensible,1
enigme,1
classic,1
harris,1
merits,1
hubert,1
reorganization,1
constraints,1
tropical,1
archies,1
grande,1
embayment,1
assumptions,1
slower,1
intervention,1
garden,1
surviving,1
landed,1
manifest,1
unprecedented,1
initially,1
chaeological,1
movement,1
perennial,1
tigating,1
abrupt,1
adapted,1
assigned,1
spectacular,1
vetude,1
demic,1
informs,1
frank,1
eral,1
contributing,1
gastropods,1
forts,1
oxford,1
forager,1
springs,1
hacked,1
bridged,1
splintered,1
wetlands,1
permission,1
push,1
opportunities,1
represents,1
makes,1
bet,1
happened,1
heaviest,1
maningory,1
hier,1
erigee,1
borrowed,1
undoing,1
dialects,1
heartlands,1
challenged,1
punc,1
mananadona,1
encircled,1
falls,1
millenaire,1
paid,1
publishing,1
quarries,1
complete,1
aux,1
shifting,1
refine,1
somewhat,1
skin,1
dialectical,1
lushest,1
locality,1
tortoise,1
fianarantsoa,1
imitating,1
already,1
summer,1
essai,1
dimensioning,1
unusually,1
bovines,1
carinate,1
hearth,1
bar,1
exploit,1
dogamous,1
fugitive,1
causality,1
bordering,1
matrices,1
useful,1
chose,1
ampa,1
sam,1
hippos,1
provide,1
members,1
organizations,1
hautes,1
paul,1
oslo,1
chantal,1
technique,1
dembeni,1
limit,1
novato,1
mark,1
toward,1
fragmentation,1
death,1
pointed,1
avail,1
deserves,1
decorative,1
europeens,1
motifs,1
flat,1
added,1
projects,1
tiny,1
paleobotanical,1
skills,1
ilafy,1
spellings,1
locational,1
inves,1
radical,1
idea,1
cies,1
glazes,1
luis,1
fundamental,1
fluence,1
hauts,1
ney,1
head,1
pressure,1
instability,1
pastoralism,1
aires,1
weeds,1
environs,1
appeared,1
documents,1
ought,1
ninthand,1
lacks,1
assid,1
insular,1
grave,1
daily,1
anthro,1
equitably,1
break,1
monumentality,1
surfaces,1
forging,1
channeling,1
linguistiques,1
presente,1
identical,1
succeeding,1
dependencies,1
civilisations,1
ceedings,1
taneously,1
cooperated,1
popotamus,1
windward,1
outermost,1
splinter,1
ages,1
conclusions,1
uous,1
ground,1
smu,1
colonizer,1
remarkable,1
increases,1
pleis,1
believes,1
innovative,1
mammalian,1
archaeobotanical,1
existing,1
bead,1
accepted,1
hectares,1
ultimately,1
endemism,1
terns,1
decorations,1
monochrome,1
hemi,1
carved,1
lowland,1
cul,1
distance,1
commercial,1
gives,1
iakanga,1
remarkably,1
dots,1
shells,1
knoll,1
day,1
tocene,1
distur,1
fosse,1
habitat,1
amboatany,1
vegetational,1
ephemeral,1
classes,1
private,1
greatest,1
logists,1
investment,1
elevations,1
averaged,1
prestations,1
survive,1
examples,1
assis,1
thanks,1
completed,1
upon,1
chronologies,1
slaves,1
meals,1
rapidity,1
affinity,1
melanesian,1
ethnology,1
scatter,1
owe,1
rakotovo,1
manufactured,1
campsite,1
sufficiently,1
trends,1
recover,1
complexities,1
medium,1
skeletal,1
encouraged,1
strative,1
findings,1
taller,1
varying,1
heath,1
entirely,1
immedi,1
ranavalona,1
sold,1
hypotheses,1
neighborhood,1
berthe,1
additions,1
emphasize,1
assume,1
potting,1
morality,1
vocabulary,1
band,1
sequence,1
reservoirs,1
ethnic,1
moros,1
absolue,1
merit,1
fer,1
housing,1
kinganyy,1
previous,1
positional,1
rockshelters,1
complicated,1
theories,1
immi,1
xleme,1
students,1
nanjaka,1
quoitidian,1
seafarers,1
explorations,1
femur,1
type,1
remaining,1
authors,1
ere,1
tl,1
bi,1
points,1
maintenance,1
dents,1
rains,1
co,1
evidently,1
reservations,1
yjjfy,1
held,1
drains,1
eve,1
poterie,1
characterized,1
genetics,1
collaboration,1
georges,1
revised,1
pho,1
indis,1
maha,1
features,1
housed,1
documentation,1
serves,1
uni,1
sands,1
stages,1
contributed,1
unintentionally,1
tranquility,1
ruler,1
improved,1
black,1
managerial,1
provides,1
permitting,1
melanesians,1
men,1
resi,1
agriculturalists,1
paleo,1
graphic,1
langues,1
queen,1
mariners,1
domoni,1
zafiraminy,1
expen,1
feet,1
orales,1
relation,1
exported,1
decorating,1
tree,1
sadia,1
respectively,1
mainly,1
effect,1
folia,1
predom,1
capabilities,1
sharper,1
comptoirs,1
captivity,1
adaptations,1
attracted,1
tantly,1
criminately,1
geography,1
maximal,1
relative,1
nomic,1
sugar,1
adaptive,1
restudy,1
vertebrate,1
equably,1
footings,1
chasse,1
immigration,1
behind,1
convincingly,1
atics,1
janga,1
mss,1
vobe,1
necks,1
absence,1
model,1
primate,1
vuillaume,1
mangrove,1
unstable,1
sols,1
progeny,1
cation,1
relationship,1
rapport,1
undoubted,1
shattered,1
scapes,1
note,1
tentative,1
aldabra,1
raise,1
angular,1
inhabitants,1
bulk,1
washed,1
five,1
randrano,1
vision,1
origine,1
testing,1
sides,1
suspected,1
pieces,1
hill,1
mayotte,1
select,1
tenrec,1
insufficient,1
sec,1
hematological,1
institutions,1
slow,1
monuments,1
directing,1
progressively,1
aridification,1
yale,1
curation,1
returned,1
claimed,1
jar,1
visual,1
extremity,1
funiversite,1
similarities,1
bezavo,1
spanning,1
paleoethnobotanie,1
owed,1
rectangles,1
life,1
successor,1
efficiency,1
hi,1
analysis,1
diagnostic,1
fall,1
wildlife,1
transform,1
surprising,1
hidahy,1
respect,1
coloniale,1
stratified,1
composed,1
education,1
months,1
instances,1
sandstone,1
face,1
interpretive,1
premier,1
sandy,1
parapets,1
regularly,1
cam,1
stable,1
biology,1
evaluation,1
door,1
dynasts,1
metallurgie,1
alone,1
addressed,1
founders,1
bench,1
freshwater,1
orientalia,1
differentiated,1
landmass,1
undertook,1
pres,1
anthropological,1
lakaton,1
magnitude,1
deposited,1
tembouchure,1
fifteen,1
ambohiday,1
historian,1
lingual,1
ofmahi,1
slipped,1
nonflying,1
civilizations,1
comparison,1
ples,1
measurements,1
extending,1
maro,1
demonstrate,1
believed,1
doctorat,1
eco,1
cate,1
reefs,1
zanamalata,1
grazing,1
favors,1
regime,1
temporal,1
shapes,1
palace,1
disguise,1
terrestrial,1
rotterdam,1
prob,1
endangered,1
temoin,1
offers,1
ltmerina,1
chinoises,1
strati,1
godfrey,1
ecologic,1
microrefuse,1
flow,1
bema,1
alternation,1
extant,1
sure,1
readily,1
lug,1
cm,1
turies,1
tomb,1
sheep,1
dialecte,1
razanatovo,1
sizes,1
temporary,1
cautiously,1
ste,1
fabrication,1
best,1
down,1
fanongoavana,1
cyclone,1
teenth,1
manipulations,1
dur,1
mangoro,1
bezanozano,1
southernmost,1
surprisingly,1
polygonal,1
temoignages,1
ouvrages,1
pigment,1
paleoecologist,1
feed,1
ported,1
exploiting,1
particularly,1
xhieme,1
ar,1
indonesians,1
infer,1
recherche,1
nary,1
written,1
appreciative,1
aerial,1
cities,1
bases,1
tracts,1
dune,1
director,1
prospects,1
enlarged,1
innumerable,1
uppermost,1
pour,1
rural,1
outstandingly,1
petition,1
better,1
datation,1
resembled,1
phd,1
biogeography,1
ditch,1
lolona,1
aepyornis,1
thickly,1
unlikely,1
explanations,1
anga,1
notable,1
proceedings,1
volcanic,1
prefers,1
stability,1
cooking,1
ones,1
references,1
cause,1
particular,1
tristan,1
exem,1
andriandahifotsy,1
seasonal,1
statement,1
signature,1
protective,1
ruin,1
theory,1
ceased,1
karstic,1
problem,1
adaptation,1
extent,1
surveying,1
ovals,1
admiral,1
densities,1
her,1
weights,1
zontal,1
weedy,1
institute,1
cloth,1
herbivores,1
huge,1
ori,1
precedent,1
wonders,1
primatologica,1
antanimora,1
paleoclimatol,1
exclusively,1
ethnologiques,1
deflation,1
wetterstrom,1
popular,1
considerably,1
mul,1
insectivore,1
outline,1
incising,1
whence,1
emergent,1
occasionally,1
paradise,1
anthropobiologique,1
dams,1
ruled,1
mice,1
practices,1
confirm,1
pat,1
improves,1
divergent,1
verification,1
sounding,1
easy,1
famille,1
queiques,1
yield,1
lies,1
administration,1
song,1
reappraisal,1
situated,1
himanga,1
commodities,1
adrien,1
lab,1
arguments,1
alternating,1
indebted,1
conversely,1
colonial,1
palms,1
mention,1
maintained,1
resolved,1
representation,1
hori,1
disturbance,1
lille,1
dominant,1
nov,1
question,1
tantalizing,1
undecorated,1
shown,1
spacing,1
ani,1
negro,1
frontiers,1
moramanga,1
concentra,1
initiated,1
intensified,1
copies,1
protohistoric,1
camps,1
hapalemur,1
tempera,1
comprise,1
exerted,1
chemical,1
sought,1
outsloping,1
pierced,1
cunha,1
subchiefs,1
wish,1
parallels,1
spectra,1
course,1
joined,1
approximately,1
grown,1
dense,1
nonarchaeological,1
socially,1
poteries,1
physical,1
manufacture,1
provided,1
product,1
heartland,1
archipelago,1
roofing,1
modeled,1
integration,1
conquered,1
centrality,1
earthen,1
settling,1
piece,1
mitsinjo,1
photograph,1
off,1
await,1
tobacco,1
geologist,1
knowl,1
quartz,1
shift,1
folly,1
gland,1
doubtless,1
baffled,1
flora,1
thousand,1
supported,1
racks,1
tradi,1
assumed,1
postde,1
themselves,1
scholarship,1
nucleation,1
succeeded,1
opaque,1
toliary,1
dite,1
uncentralized,1
vis,1
manioc,1
enclose,1
substantial,1
import,1
element,1
acumen,1
evi,1
documentary,1
surveys,1
interaction,1
xth,1
bahy,1
immediately,1
echelles,1
dif,1
observed,1
famous,1
enormous,1
malays,1
flakes,1
calibrations,1
broader,1
southeastern,1
ca,1
roles,1
martine,1
problemes,1
soheribory,1
customs,1
arizona,1
elucidation,1
deeper,1
looking,1
gold,1
riviere,1
hypothesis,1
