WORDCOUNTS,WEIGHT
the,1802
of,1216
and,733
in,726
to,355
a,346
de,209
as,182
neolithic,177
is,176
that,167
from,143
for,131
with,131
mesolithic,120
this,114
et,108
are,107
have,107
la,104
by,103
j,90
some,90
or,88
which,88
been,87
pp,86
such,83
be,82
atlantic,78
were,76
not,76
groups,75
there,75
it,72
on,72
has,70
at,67
du,67
between,64
coast,61
was,59
an,57
sites,56
european,55
along,54
p,54
evidence,53
also,52
social,49
transition,48
europe,46
bc,46
le,45
very,42
origins,42
m,42
des,42
arias,41
these,41
would,41
their,40
more,39
other,38
but,38
early,38
those,37
en,37
than,36
they,35
archaeology,35
culture,35
archaeological,35
do,35
one,33
first,32
region,32
millennium,31
most,31
we,31
ceramics,30
les,30
new,30
no,29
societies,29
where,28
france,28
c,28
complex,27
journal,27
fifth,27
could,26
agriculture,26
long,26
lbk,26
dates,25
l,25
north,25
might,24
e,24
areas,24
local,24
probably,24
domestic,24
beginning,24
da,24
d,24
seems,23
i,23
indigenous,23
southern,23
them,23
western,22
s,22
central,22
communities,22
graves,22
change,22
economic,22
cantabrian,22
rather,21
two,21
university,20
late,20
r,20
many,20
only,20
grave,20
who,20
marine,19
resources,19
human,19
subsistence,19
lithic,19
regions,19
possible,19
o,18
had,18
t,18
differences,18
sixth,18
indications,18
remains,18
among,18
great,17
development,17
area,17
process,17
dated,17
important,17
well,17
del,17
part,17
funerary,17
particularly,17
suggests,17
cambridge,17
all,16
portugal,16
g,16
h,16
recently,16
population,16
data,16
los,16
presence,16
hunting,16
species,16
known,16
years,16
much,16
processes,15
last,15
el,15
y,15
even,15
developed,15
coastal,15
shell,15
cultural,15
mediterranean,15
settlement,15
few,15
research,15
und,15
trb,15
clear,15
dans,15
sea,15
au,15
should,15
site,14
changes,14
actes,14
result,14
international,14
danish,14
its,14
during,14
around,14
populations,14
paris,14
neolithique,14
see,14
radiocarbon,14
study,14
seem,14
cultivation,14
information,14
into,13
fig,13
third,13
megalithic,13
prehistory,13
proposed,13
appear,13
related,13
documented,13
least,13
several,13
society,13
about,13
farming,13
scandinavia,13
so,13
small,13
objects,13
der,13
different,13
neolithisation,13
die,13
although,13
scandinavian,12
over,12
large,12
denmark,12
way,12
tradition,12
farmers,12
origin,12
case,12
point,12
cardial,12
traits,12
may,12
van,12
interesting,12
k,12
burials,12
show,12
oxford,12
food,12
high,12
life,12
agricultural,12
misolithique,12
existence,11
general,11
similar,11
niolithique,11
cave,11
prehistoric,11
found,11
burial,11
structures,11
millenium,11
quite,11
when,11
same,11
french,11
less,11
including,11
use,11
megaliths,11
exchange,11
northern,11
middens,11
did,11
current,11
goods,11
through,11
national,11
common,10
revue,10
system,10
cemeteries,10
relations,10
gathering,10
world,10
ceramic,10
v,10
another,10
individual,10
occupied,10
santiago,10
half,10
any,10
presented,10
role,10
techniques,10
wild,10
because,10
portuguese,9
later,9
historiques,9
adoption,9
group,9
offerings,9
bp,9
contact,9
wooden,9
colloque,9
throughout,9
since,9
bone,9
influence,9
main,9
appears,9
b,9
organization,9
exploitation,9
based,9
im,9
aspects,9
servicio,9
second,9
barrows,9
ancien,9
editions,9
travaux,9
present,9
flint,9
after,9
can,9
hunters,9
usually,9
types,9
centuries,9
material,9
complexity,9
past,9
animal,9
economy,9
middle,9
varied,9
trichterbecherkultur,9
difficult,8
tion,8
red,8
variety,8
introduction,8
settlements,8
studied,8
within,8
ritual,8
meso,8
archiologique,8
spread,8
industries,8
age,8
suggested,8
arrival,8
atlantique,8
regional,8
sepultures,8
led,8
vouest,8
noted,8
model,8
brittany,8
danubian,8
ecological,8
perhaps,8
paper,8
innovations,8
domesticated,8
little,8
our,8
valley,8
before,7
contexts,7
production,7
rich,7
scholars,7
somewhat,7
british,7
above,7
perspective,7
peninsula,7
view,7
avant,7
appearance,7
basin,7
academic,7
mainly,7
universidad,7
wide,7
basis,7
neue,7
neolltico,7
symbolic,7
south,7
f,7
ceremonial,7
classic,7
still,7
make,7
continuity,7
available,7
fish,7
lack,7
fundamental,7
mesolithique,7
symposium,7
period,7
problems,7
systems,7
indicate,7
antiquity,7
earliest,7
anthropological,7
terrestrial,7
type,7
cal,7
according,7
whether,7
form,7
edinburgh,7
almost,7
until,7
include,7
deer,7
hypothesis,7
contacts,6
forschungen,6
contemporaneous,6
novembre,6
raw,6
necessarily,6
lower,6
being,6
muge,6
date,6
influences,6
context,6
papers,6
eastern,6
holocene,6
phase,6
distribution,6
generally,6
parts,6
support,6
monuments,6
paysans,6
n,6
too,6
hoedic,6
fourth,6
produced,6
canes,6
already,6
london,6
personal,6
teviec,6
prehistorique,6
san,6
materials,6
scarcity,6
technology,6
shows,6
diverse,6
man,6
centre,6
time,6
beg,6
understanding,6
numerous,6
causes,6
derniers,6
probable,6
latter,6
agriculturalists,6
especially,6
structure,6
spain,6
cereal,6
sometimes,6
transformation,6
analysis,6
environment,6
must,6
record,6
continental,6
far,6
historical,6
las,6
plants,6
prestige,6
both,6
entire,6
belgium,6
question,6
origines,6
hunter,6
earthen,6
oldest,6
relationship,6
specific,6
given,6
zones,6
close,6
if,5
environmental,5
true,5
situation,5
studies,5
position,5
geometric,5
history,5
factor,5
foragers,5
diffusion,5
intercambio,5
expansion,5
mind,5
principal,5
louwe,5
avril,5
bones,5
rodriguez,5
range,5
labor,5
copenhagen,5
sample,5
due,5
characteristic,5
relatively,5
coexistence,5
kind,5
adama,5
nor,5
vom,5
storage,5
domestication,5
w,5
beyond,5
necropolis,5
out,5
near,5
diet,5
occupation,5
lede,5
oysters,5
tombs,5
uniwersytetu,5
spite,5
rubane,5
people,5
while,5
universidade,5
archaeologists,5
excavated,5
elongated,5
cerny,5
various,5
architecture,5
competition,5
yet,5
colonists,5
prahistorii,5
us,5
husbandry,5
end,5
contemporary,5
considerable,5
exotic,5
practice,5
number,5
interpreted,5
extended,5
samples,5
significant,5
hypotheses,5
evolution,5
three,5
skateholm,5
authors,5
like,5
abundant,5
relation,5
tendency,5
pottery,5
foreign,5
bulletin,5
orixes,5
instytut,5
swifterbant,5
associated,5
series,5
natural,5
anthropology,5
east,5
er,5
possibility,5
estremadura,5
problem,5
baltic,5
brinch,5
shores,5
observed,5
conditions,5
contributed,5
km,5
themselves,5
lisbon,5
recent,5
major,5
frequent,4
either,4
alentejo,4
likely,4
em,4
notre,4
swedish,4
actual,4
nature,4
link,4
signs,4
issue,4
logical,4
includes,4
relationships,4
bdtisseurs,4
decorated,4
prehistoria,4
actas,4
century,4
cases,4
times,4
body,4
sado,4
find,4
impressions,4
ment,4
bog,4
without,4
across,4
how,4
ebro,4
tybrind,4
derived,4
direct,4
animals,4
publicaciones,4
supposed,4
emergence,4
clearly,4
placed,4
exploited,4
resource,4
followed,4
abril,4
strategy,4
limits,4
sedentary,4
asturian,4
understood,4
amber,4
sedentism,4
hude,4
leuven,4
vig,4
work,4
example,4
neolithization,4
whole,4
place,4
issues,4
relevance,4
bodies,4
good,4
ago,4
suggest,4
up,4
cattle,4
provided,4
rest,4
will,4
bis,4
reconstruction,4
acculturation,4
criticism,4
chronology,4
tagus,4
included,4
industrial,4
instituto,4
francaise,4
john,4
pattern,4
patterns,4
covered,4
linked,4
axes,4
coloquio,4
deep,4
fundamentally,4
status,4
made,4
deposits,4
mortuary,4
largely,4
netherlands,4
described,4
significance,4
inland,4
reality,4
certain,4
plant,4
features,4
mammals,4
often,4
congres,4
corresponds,4
impressed,4
dietary,4
para,4
abundance,4
note,4
savantes,4
countries,4
methods,4
stable,4
necessary,4
following,4
considered,4
comparison,4
sweden,4
atldntico,4
specialized,4
recherche,4
places,4
explanations,4
what,4
spatial,4
cause,4
mere,4
megalitisme,4
adornments,4
vessels,4
practices,4
territory,4
phenomenon,4
tions,4
iberian,4
explanation,4
veurope,4
fauna,4
land,4
sur,4
particularities,4
supported,4
focus,4
occur,4
final,3
go,3
does,3
indicated,3
stylistic,3
universite,3
affected,3
territorial,3
germany,3
american,3
fluid,3
systematically,3
stone,3
english,3
ways,3
microliths,3
favor,3
collection,3
organic,3
permitted,3
jutland,3
came,3
transitions,3
ii,3
give,3
ciencias,3
confirmed,3
loire,3
simple,3
survey,3
help,3
classified,3
similarities,3
con,3
occasional,3
depending,3
societis,3
vital,3
apart,3
beakers,3
hoguette,3
establishment,3
interior,3
level,3
typological,3
belgique,3
explained,3
quality,3
dominated,3
against,3
price,3
distinct,3
items,3
adopted,3
truly,3
traditions,3
poorly,3
costa,3
higher,3
vermeersch,3
german,3
his,3
links,3
growth,3
continent,3
centered,3
possession,3
levels,3
combined,3
mean,3
completely,3
importance,3
entre,3
contributions,3
factors,3
subsis,3
adopt,3
consider,3
intensive,3
sum,3
elsewhere,3
loess,3
argued,3
delta,3
recovered,3
submerged,3
permanent,3
comite,3
greater,3
character,3
my,3
whom,3
societe,3
cordial,3
santander,3
search,3
changed,3
vedbaek,3
paleodietary,3
fishing,3
luxury,3
ogy,3
initial,3
excavations,3
cientifico,3
roe,3
tools,3
europa,3
nous,3
cannot,3
asturiense,3
wealth,3
occidentale,3
explain,3
outstanding,3
sphere,3
literature,3
dog,3
debatable,3
vergne,3
gatherers,3
reflect,3
herding,3
attributed,3
societes,3
field,3
below,3
indicators,3
contrast,3
consolidation,3
involved,3
spanish,3
migration,3
cereals,3
questions,3
am,3
geographical,3
activities,3
ochre,3
periods,3
chronological,3
critical,3
geneses,3
lesser,3
located,3
overall,3
limited,3
exception,3
iberica,3
makes,3
sex,3
under,3
antler,3
temperate,3
moita,3
complete,3
ethnographic,3
al,3
prehistoire,3
routes,3
resistance,3
dragsholm,3
toward,3
pointed,3
wetlands,3
addition,3
demographic,3
fact,3
contrasts,3
predominated,3
named,3
distributions,3
dead,3
real,3
style,3
degree,3
remained,3
examples,3
discovery,3
increase,3
birds,3
began,3
ideas,3
intense,3
individuals,3
tertres,3
dating,3
finally,3
ties,3
trade,3
low,3
discussed,3
health,3
keep,3
characterized,3
necropole,3
danubiennes,3
played,3
indisputable,3
mountain,3
proximity,3
forms,3
millen,3
gurp,3
barrow,3
interpretations,3
premieres,3
attention,3
tence,3
separate,3
carried,3
valuable,3
cantabrica,3
continued,3
provide,3
five,3
limpets,3
fully,3
male,3
primarily,3
vemergence,3
un,3
rapidly,3
supine,3
littoral,3
britain,3
frontier,3
monumental,3
forest,3
biology,3
border,3
deposited,3
moyenne,3
elaborate,3
mentioned,3
version,3
need,3
complexes,3
geographic,3
here,3
alternative,3
established,3
nouvelle,3
control,3
cultures,3
sheep,3
funnel,3
best,3
ph,3
then,3
u,3
diversified,3
particular,3
nearby,3
violent,3
origenes,3
maintain,3
seasonal,3
densities,3
original,3
quantities,3
mediterra,3
paleosol,3
occasionally,3
altered,3
despite,3
easy,3
ellerbek,3
limitrophes,3
isolated,3
bosch,3
come,3
differentiation,3
average,3
zum,3
integrated,3
indige,3
smaller,3
effects,3
practiced,3
reached,3
northwestern,3
interaction,3
comitl,3
ca,3
empirical,3
massif,2
vidigal,2
order,2
polish,2
estimated,2
statuette,2
functional,2
encouraged,2
fouilles,2
arrive,2
internationales,2
implies,2
rhine,2
notably,2
monumentale,2
distributed,2
passing,2
hommage,2
center,2
needed,2
mesoamerica,2
incorporated,2
tend,2
postdepositional,2
conclusive,2
tween,2
occurred,2
variants,2
iv,2
exceptions,2
neolitico,2
nuevas,2
source,2
absence,2
diversity,2
pioneers,2
shells,2
consistent,2
ausgrabungen,2
permit,2
familiarity,2
invention,2
certainly,2
preceding,2
derives,2
rapid,2
grouin,2
ourselves,2
quartzite,2
praehistoricae,2
mediterranee,2
subject,2
paramount,2
monts,2
naissance,2
location,2
wave,2
able,2
farther,2
scheme,2
navian,2
migalithismes,2
feature,2
constructions,2
consist,2
greatly,2
raised,2
balloy,2
political,2
confused,2
collectives,2
danmark,2
key,2
av,2
vol,2
inverse,2
culturas,2
etc,2
solely,2
formerly,2
west,2
variations,2
except,2
exchanges,2
shellfish,2
relate,2
behavior,2
corresponding,2
colonized,2
learned,2
implements,2
evident,2
accessible,2
limbourg,2
madrid,2
medio,2
component,2
immediate,2
miditerranee,2
scarce,2
regarded,2
mixed,2
decided,2
ern,2
saxony,2
neolithikum,2
palaeolithic,2
transitional,2
better,2
depend,2
boar,2
contrary,2
response,2
norsminde,2
houses,2
young,2
served,2
suitable,2
mussels,2
applying,2
publications,2
compare,2
undeniable,2
details,2
apparently,2
nean,2
hardly,2
westlichen,2
rubani,2
permits,2
ringkloster,2
york,2
whose,2
identification,2
arising,2
fansa,2
na,2
fringe,2
universitat,2
capture,2
risk,2
rijksdienst,2
easily,2
consequences,2
neolithische,2
developments,2
facilitated,2
old,2
plus,2
space,2
tensions,2
possibly,2
river,2
neo,2
grains,2
inequality,2
slowly,2
lannec,2
elevated,2
impact,2
traces,2
contemporaries,2
manufacture,2
shore,2
alta,2
retzien,2
pollen,2
surface,2
consequence,2
documenta,2
liining,2
native,2
whereas,2
chronologie,2
tural,2
traditionally,2
typical,2
access,2
octobre,2
struc,2
effort,2
lived,2
deal,2
zone,2
neolithikums,2
base,2
term,2
nium,2
evaluate,2
circulation,2
density,2
though,2
focused,2
technical,2
caves,2
broader,2
transforma,2
intensity,2
applied,2
excellent,2
nothing,2
required,2
sacrifice,2
isotope,2
caldeirao,2
edge,2
paysannes,2
protein,2
concept,2
tage,2
characterization,2
santimamine,2
sociedades,2
description,2
childe,2
dozens,2
older,2
intermediate,2
dummer,2
pratiques,2
collective,2
liege,2
internacional,2
jennbert,2
surrounding,2
systematic,2
couple,2
project,2
raziskovanju,2
horizon,2
own,2
relative,2
radically,2
munibe,2
published,2
interregional,2
viable,2
caused,2
restated,2
fostered,2
revolution,2
stage,2
teil,2
next,2
guesa,2
excavation,2
orient,2
westliches,2
het,2
characteristics,2
sufficient,2
members,2
choose,2
temporary,2
industry,2
decline,2
climate,2
sociiti,2
seeds,2
always,2
basse,2
portu,2
preliminary,2
elapsed,2
nancien,2
settle,2
corpse,2
bassin,2
bretagne,2
challenge,2
he,2
poland,2
phases,2
power,2
transverse,2
gradual,2
agricul,2
legumes,2
indication,2
morts,2
universitl,2
poor,2
expanded,2
accumulations,2
argument,2
standing,2
abrupt,2
forager,2
interpretation,2
museum,2
violence,2
sebastiao,2
den,2
populated,2
jens,2
gilthead,2
realm,2
tumulaires,2
rise,2
holoceno,2
picture,2
coming,2
technique,2
fin,2
others,2
death,2
marriages,2
archaeologi,2
longer,2
nordeuropa,2
idea,2
limit,2
treatment,2
communautes,2
calib,2
pastoralism,2
plan,2
appeared,2
meuse,2
possi,2
jackes,2
layer,2
scandi,2
richer,2
doubt,2
variation,2
congris,2
serious,2
reasons,2
never,2
ages,2
took,2
bodemonderzoek,2
essentially,2
existing,2
non,2
ch,2
strategies,2
coexisted,2
iberia,2
decorations,2
fewer,2
udgravningar,2
zvelebil,2
children,2
distance,2
locations,2
ducks,2
demonstrated,2
melsele,2
assemblages,2
bandkeramik,2
values,2
mosaic,2
skeletal,2
mesolithikum,2
estuaries,2
tertre,2
iso,2
rare,2
discontinuity,2
option,2
neolltic,2
catchment,2
theoretical,2
vii,2
open,2
breton,2
styles,2
ireland,2
aquitaine,2
held,2
architectural,2
lasted,2
sparsely,2
synthese,2
stages,2
kept,2
andalusia,2
cou,2
oudheidkundig,2
ap,2
favored,2
graphic,2
sandy,2
niedersachsen,2
internal,2
article,2
become,2
ornaments,2
propos,2
effect,2
dendrochronology,2
define,2
sobre,2
rupture,2
construction,2
availability,2
tavares,2
joussaume,2
picos,2
basically,2
clearest,2
implicitly,2
transformations,2
perspectives,2
science,2
michelsberg,2
program,2
slow,2
arqueologia,2
lines,2
forming,2
deposit,2
understand,2
relevant,2
sudoeste,2
hierarchical,2
chamois,2
colonizing,2
surprising,2
table,2
gonzalez,2
hypo,2
ranging,2
conocimiento,2
blades,2
intensification,2
simply,2
extensive,2
ever,2
extension,2
bronze,2
marshy,2
plain,2
quickly,2
helwan,2
postglacial,2
image,2
each,2
ilo,2
indica,2
cemetery,2
correspond,2
cultura,2
share,2
contained,2
believe,2
unknown,2
stressed,2
colonisation,2
universal,2
report,2
ideological,2
reliability,2
wood,2
pour,2
passage,2
cientffico,2
elites,2
respect,2
indus,2
castellic,2
mesolitique,2
notable,2
voor,2
making,2
comes,2
sus,2
ait,2
ethnography,2
megalithismes,2
archeologique,2
phenomena,2
emphasis,2
vil,2
replacement,2
contain,2
art,2
researchers,2
moure,2
preserved,2
pits,2
arenaza,2
neolitika,2
variability,2
traditional,2
com,2
sion,2
cultivated,2
domesticates,2
faustino,2
patella,2
lle,2
maintained,2
representation,2
comissao,2
morais,2
ucl,2
ibex,2
eneolitika,2
leisner,2
storable,2
rms,2
frontiers,2
swampy,2
dusted,2
accept,2
crisis,2
parallels,2
documentation,2
stratigraphic,2
dense,2
semicircle,2
product,2
finds,2
attempted,2
extremely,2
association,2
shift,2
nonegalitarian,2
demo,2
observation,2
territories,2
algarve,2
ated,2
assumed,2
archaeologica,2
berichten,2
galicia,2
debate,2
maximum,2
substantial,2
develop,2
mobile,2
palaeohistoria,2
strong,2
comparable,2
previously,2
artifacts,2
built,2
termed,2
looking,2
figueira,2
praehistorica,2
woven,1
tipipaleolithique,1
shorter,1
ments,1
necropoles,1
siden,1
now,1
manifestations,1
explosion,1
possessed,1
helped,1
currently,1
mostly,1
rate,1
seeland,1
personally,1
gimpera,1
fathers,1
internatio,1
oriented,1
investigated,1
prefer,1
ackerbauern,1
calibrated,1
versa,1
humanos,1
undoubtedly,1
threat,1
valle,1
concerned,1
problematic,1
develops,1
montes,1
habitable,1
isotopes,1
till,1
picardie,1
providing,1
facade,1
wardness,1
deepen,1
perspec,1
deserve,1
extreme,1
resulted,1
illustrious,1
probabilities,1
presses,1
lated,1
antigo,1
northeast,1
bjerre,1
narrowness,1
durante,1
poorer,1
originating,1
navigation,1
migalithes,1
mountains,1
poblaciones,1
redistribution,1
hainaut,1
epipalaeolithic,1
composantes,1
geobotaniske,1
forth,1
unevenly,1
per,1
boca,1
amas,1
xe,1
partially,1
jaegere,1
adapting,1
kinds,1
spacial,1
superim,1
marais,1
symbolae,1
coioquio,1
sets,1
hannibal,1
portazlltan,1
creeks,1
sheffield,1
diversification,1
algunas,1
live,1
recreated,1
habitats,1
tors,1
motivation,1
arqueo,1
hasta,1
approaches,1
sudden,1
geoldgicos,1
porto,1
postprocessual,1
fra,1
mit,1
biotopes,1
modern,1
notwithstanding,1
mtegalithic,1
estrema,1
anfdnge,1
bauernkulturen,1
considerations,1
conical,1
nord,1
former,1
duhamel,1
child,1
policy,1
cm,1
unlike,1
gabinete,1
ans,1
gamut,1
laid,1
habits,1
invent,1
observing,1
megalith,1
expectancy,1
onset,1
fragile,1
valencia,1
pots,1
consecration,1
caracterisation,1
something,1
assume,1
dgu,1
glad,1
realms,1
princeton,1
limithrophes,1
descriptions,1
comunitats,1
closely,1
cultivable,1
convergence,1
limestone,1
espaflolas,1
themes,1
prosperous,1
reciprocally,1
ostentatious,1
arms,1
test,1
highlight,1
criado,1
rgssen,1
deserved,1
hygiene,1
ouest,1
sprache,1
combination,1
explaining,1
tejo,1
dorchenn,1
lese,1
modest,1
fast,1
every,1
keile,1
units,1
creation,1
connection,1
fertile,1
nonexistent,1
dynamique,1
voices,1
buraco,1
exclusive,1
hombre,1
attempts,1
taken,1
military,1
egies,1
sampling,1
contrasted,1
anomalies,1
diego,1
kilometers,1
teurope,1
questioned,1
islands,1
homo,1
palynological,1
actively,1
deriving,1
worked,1
kent,1
fragmentary,1
princesses,1
vari,1
advanced,1
diseases,1
absolue,1
neolithisierung,1
neumtinster,1
altering,1
words,1
definition,1
kulturlandskabets,1
strip,1
culti,1
regionale,1
possibilities,1
phenome,1
reach,1
avec,1
devel,1
advantage,1
topes,1
littorina,1
ble,1
together,1
tlviec,1
bonsall,1
estimation,1
display,1
dants,1
tpipauolithique,1
archdologie,1
mickiewicza,1
synthesis,1
torres,1
europeenne,1
prihistoriques,1
follows,1
kampff,1
pefta,1
disappearance,1
mandibles,1
closer,1
brian,1
reveal,1
intrusive,1
pincel,1
cohesion,1
explotacidn,1
religion,1
argue,1
wommersom,1
gravene,1
take,1
investigaciones,1
trecha,1
farmer,1
rtissener,1
newswarp,1
reinterpret,1
litorales,1
neolttico,1
substrat,1
loose,1
state,1
zu,1
afrika,1
serge,1
precisely,1
reminiscent,1
dissignac,1
opposite,1
nal,1
guimardes,1
imaginatively,1
colonies,1
ash,1
nonfarming,1
leads,1
hostile,1
tiated,1
cantabriques,1
nomadic,1
proposals,1
depends,1
sociedad,1
side,1
econdmicas,1
dura,1
tope,1
plains,1
lichardus,1
evolutionists,1
haut,1
campesinos,1
verlag,1
inadequate,1
volumen,1
geologica,1
strat,1
gaps,1
cerdmica,1
cabeco,1
autonomous,1
king,1
capacity,1
advice,1
celts,1
trichteibecher,1
bases,1
dune,1
clus,1
prolegomena,1
conditioned,1
gm,1
me,1
eurasia,1
killed,1
right,1
lim,1
carnaceens,1
societas,1
economics,1
asturias,1
leisurely,1
zur,1
fortea,1
madrider,1
radiocar,1
isotopic,1
razorbill,1
occupying,1
capable,1
politics,1
nordic,1
mandibular,1
associ,1
activity,1
ar,1
tolerates,1
sigersdal,1
impresas,1
economla,1
facilitating,1
burning,1
expan,1
overlies,1
ance,1
tradicidn,1
sydskandinavien,1
differen,1
kampffmeyer,1
vorlaufiger,1
pruning,1
occupy,1
cion,1
arbejdsmark,1
pointe,1
depressions,1
countered,1
pontet,1
environmen,1
wing,1
occupations,1
cardium,1
discovered,1
transicao,1
conceptual,1
kjokkenmoeddings,1
architectures,1
helinium,1
conception,1
cited,1
dynamic,1
bottom,1
epipallolithique,1
ship,1
neoluico,1
monumentalisme,1
flexed,1
himself,1
climatic,1
epicardial,1
economies,1
beneath,1
souffelweyersheim,1
mar,1
siedlungsplatz,1
birthrates,1
holland,1
chronologies,1
tied,1
sign,1
keramik,1
silty,1
ostentatiously,1
framework,1
vecriture,1
mid,1
exist,1
segregation,1
regarding,1
primigenius,1
tespace,1
tomar,1
million,1
thus,1
ty,1
morbihan,1
prey,1
multidimensional,1
pit,1
timber,1
review,1
damubian,1
halted,1
reservoir,1
dependence,1
moved,1
southwestern,1
prominent,1
archaeolo,1
estimating,1
facts,1
difficulties,1
descen,1
sebastido,1
inevitable,1
mally,1
sammler,1
consumed,1
slic,1
faced,1
subnlolithique,1
applicable,1
realized,1
perfo,1
unpublished,1
hov,1
author,1
aus,1
neighbors,1
danube,1
interest,1
orienta,1
ethnohistorical,1
clay,1
fttr,1
ability,1
campesinas,1
sp,1
moment,1
acta,1
enjoying,1
emergency,1
rites,1
valu,1
existencia,1
difficulty,1
hazendonk,1
grouped,1
jahrbuch,1
tucson,1
pig,1
zeitschrift,1
teristic,1
universitaires,1
fischer,1
topic,1
cerdmicas,1
parable,1
dence,1
asymmetrical,1
subarid,1
cations,1
norte,1
processo,1
canoes,1
pelvis,1
concentrations,1
tends,1
manifestly,1
fano,1
archaeol,1
pablo,1
concerning,1
sized,1
profound,1
back,1
ufcongris,1
simplest,1
hydrosphere,1
trous,1
beginn,1
ally,1
gener,1
unchanged,1
oldskriftselskab,1
ness,1
jacob,1
motif,1
alliances,1
determinations,1
locales,1
tral,1
heavy,1
scanian,1
unequivocally,1
ety,1
mammal,1
westliche,1
elsloo,1
geological,1
uniformity,1
dataciones,1
chalcolithique,1
sepulture,1
megalftica,1
island,1
unresolved,1
instruments,1
exportable,1
occidental,1
poitevin,1
vice,1
gaze,1
cf,1
plage,1
dados,1
conceive,1
coasts,1
trappers,1
climates,1
fumiraires,1
acted,1
acknowledge,1
rates,1
extending,1
confluence,1
festschrift,1
sources,1
associations,1
selectively,1
oberlegungen,1
prthistoire,1
lyon,1
buried,1
uppsala,1
aim,1
seventh,1
absolutas,1
gadouer,1
courtaud,1
almonda,1
getreide,1
gallia,1
aborigines,1
atldntica,1
preagricul,1
adequate,1
rrdneo,1
reflects,1
mexico,1
frtlhe,1
air,1
erdeven,1
reservations,1
minimal,1
bring,1
cartailhac,1
variable,1
pals,1
homogenize,1
midi,1
remain,1
donating,1
cherkultur,1
ados,1
monge,1
lie,1
organizing,1
basic,1
funeraires,1
stettler,1
af,1
desde,1
realistically,1
torigine,1
briard,1
pause,1
neolithi,1
incidence,1
drea,1
environments,1
accurate,1
examined,1
determining,1
eclectic,1
ahrigo,1
associate,1
platforms,1
formacid,1
incomparably,1
humanity,1
sectorial,1
ah,1
hazardous,1
huge,1
demeures,1
aquatic,1
special,1
barkcer,1
portuguesa,1
symbols,1
lacking,1
scania,1
distant,1
lay,1
bilities,1
pal,1
clarification,1
cueva,1
paleolithic,1
reinforce,1
barnacle,1
update,1
kuckhoven,1
schleswig,1
biet,1
reinterpretation,1
firing,1
analy,1
modified,1
recherches,1
sarnowo,1
kvarnby,1
armorique,1
provinces,1
efe,1
vue,1
poids,1
trichterbe,1
circulated,1
bad,1
recipients,1
varios,1
orleans,1
supports,1
gional,1
females,1
representativeness,1
locally,1
escaped,1
coquilliers,1
seas,1
rated,1
familiar,1
funiraires,1
beitrdge,1
specialization,1
cwk,1
mira,1
nibbling,1
tacademie,1
disequilibrium,1
represented,1
primeiro,1
fortifications,1
tratition,1
idealist,1
bordeaux,1
numbers,1
aly,1
trabalhos,1
jersey,1
house,1
wilmsen,1
epipaleolithic,1
northeastern,1
moyen,1
larga,1
ville,1
situations,1
presumed,1
prghistoire,1
four,1
epipauolithique,1
depositing,1
ask,1
porary,1
challenged,1
additional,1
jankowska,1
follow,1
seccidn,1
geometricos,1
accompanied,1
bender,1
deuxieme,1
efficient,1
vasca,1
linkage,1
marz,1
costalena,1
comparisons,1
princi,1
justified,1
forcas,1
painted,1
niedermerz,1
belgian,1
reconsideration,1
archeological,1
plenum,1
mesolitisk,1
vale,1
flakes,1
gebiet,1
shifted,1
atheoretical,1
specimens,1
dominant,1
mo,1
vp,1
david,1
provisional,1
opinion,1
tory,1
mer,1
balkan,1
nontrivial,1
dc,1
portugues,1
beaver,1
bandkeramischen,1
adop,1
artistic,1
muerte,1
guipuzcoa,1
ogists,1
joao,1
experimentation,1
headland,1
amen,1
processing,1
izquieta,1
parallel,1
moving,1
ou,1
theft,1
advance,1
systemes,1
etgeneses,1
dot,1
antiquaries,1
azilian,1
laziness,1
flandrian,1
cd,1
concentration,1
arkoeologiske,1
allow,1
hode,1
aspekter,1
harbor,1
quern,1
route,1
portable,1
wares,1
carrying,1
consisting,1
extraordinary,1
rationalist,1
povoamento,1
das,1
called,1
logia,1
midden,1
kalahari,1
mollusks,1
inter,1
baton,1
relating,1
funlraire,1
adaptability,1
paddle,1
her,1
fachada,1
facilitate,1
events,1
contexte,1
radical,1
pioneer,1
eu,1
opt,1
configuration,1
ellmentes,1
iberischen,1
attained,1
subboreal,1
pereira,1
blicquy,1
nortwestern,1
overcome,1
confronts,1
ceramica,1
further,1
coquillage,1
pro,1
equally,1
neighboring,1
coarsely,1
traced,1
oder,1
rent,1
engraved,1
epipaleolltico,1
michigan,1
nether,1
megali,1
indirect,1
province,1
solway,1
foral,1
viewed,1
sul,1
pins,1
dispersal,1
alf,1
scale,1
industria,1
energy,1
stalks,1
gassin,1
edicils,1
excluded,1
spiritual,1
concelho,1
saving,1
absolute,1
approached,1
levant,1
granite,1
bow,1
acknowledgments,1
vespagne,1
aportaciones,1
formacses,1
oped,1
herriko,1
influenced,1
impression,1
keeley,1
shape,1
totrb,1
pigs,1
deutscher,1
omkring,1
beaker,1
animated,1
directly,1
provincial,1
uispp,1
having,1
flannery,1
participation,1
unequal,1
network,1
explore,1
jsger,1
marsh,1
grdjwlu,1
egalitarian,1
icapra,1
britische,1
nederst,1
impos,1
scope,1
menho,1
mitteleuropa,1
congresso,1
ideal,1
suggestion,1
seminario,1
nearest,1
compared,1
cotier,1
unless,1
prompted,1
essai,1
protohistoire,1
herd,1
appreciable,1
line,1
domesticacidn,1
periglacial,1
swifter,1
proportions,1
perla,1
clearer,1
southwest,1
decorate,1
comment,1
mitteilungen,1
geology,1
konrad,1
neolfticas,1
year,1
ingly,1
formacidn,1
genuine,1
niederlanden,1
practically,1
sociodemographic,1
discussions,1
northwest,1
moitado,1
editorial,1
constitute,1
kobaederra,1
falling,1
said,1
speaking,1
homem,1
publicactdns,1
call,1
interac,1
diepholz,1
focuses,1
douglas,1
away,1
arrowshaft,1
lithique,1
robbers,1
alborg,1
predominance,1
flintmining,1
cervus,1
enceintes,1
volkerak,1
ethnicity,1
wheat,1
trends,1
seashore,1
else,1
count,1
vazquez,1
trading,1
sallerup,1
flaking,1
upwelling,1
germain,1
earth,1
oriental,1
probleme,1
stockholm,1
vares,1
causal,1
boujot,1
responses,1
unchambered,1
cantdbrico,1
indi,1
europaea,1
describing,1
kultur,1
dinant,1
trichterbechersymposium,1
manners,1
useful,1
diminish,1
scienti,1
reliable,1
involve,1
microfilms,1
sam,1
alto,1
frontals,1
villagers,1
warmest,1
polnischen,1
saragossa,1
royale,1
reaches,1
balma,1
gests,1
canta,1
bank,1
products,1
profs,1
festive,1
berg,1
autours,1
marisqueros,1
contingency,1
bogucki,1
nagele,1
artheme,1
erected,1
mediocre,1
components,1
vation,1
catalonia,1
brought,1
hugo,1
megalftico,1
primary,1
zona,1
dramatic,1
disparate,1
australian,1
usual,1
cur,1
villages,1
nization,1
methodological,1
copying,1
dedicated,1
barely,1
visible,1
richness,1
extraordi,1
progress,1
epipaleolftico,1
nationalmuseets,1
laterally,1
partagee,1
ensemble,1
osteoarchaeology,1
purpose,1
productivity,1
hayden,1
results,1
paid,1
correspondence,1
deepened,1
florida,1
appropriate,1
abri,1
salmon,1
passive,1
knowledge,1
seemed,1
friihe,1
snails,1
cluding,1
tea,1
marked,1
ingold,1
portion,1
battle,1
tive,1
tasks,1
boggy,1
noteworthy,1
genesis,1
reflexions,1
fruhneolithikum,1
coastline,1
strangulated,1
biocultural,1
implications,1
inhabitants,1
calibration,1
archaeo,1
bringing,1
stant,1
gerard,1
scientific,1
osterreich,1
identified,1
action,1
guernesey,1
tuna,1
distorted,1
gonzdlez,1
culturally,1
comienzos,1
overgangen,1
positions,1
ober,1
resisted,1
phasized,1
barley,1
horses,1
processualism,1
corporation,1
return,1
transicidn,1
alava,1
edges,1
rubanes,1
nearly,1
interdependence,1
posed,1
conmemorativo,1
tumulus,1
jewelry,1
april,1
grafschaft,1
gruta,1
stratigraphy,1
pile,1
aniversario,1
grande,1
diver,1
longchamps,1
slower,1
woods,1
foz,1
manifest,1
wetteraukreis,1
basque,1
margineda,1
modes,1
aldine,1
armoricains,1
rdssen,1
jesus,1
put,1
inhabited,1
religious,1
innovation,1
adapted,1
caldeirso,1
spectacular,1
southeast,1
stricted,1
single,1
vicinity,1
biological,1
corpus,1
bygholm,1
diputacion,1
once,1
metric,1
perce,1
forts,1
chr,1
livid,1
gave,1
dennell,1
reference,1
vila,1
contribute,1
excessively,1
fit,1
etat,1
suited,1
represents,1
interment,1
marginal,1
happened,1
programs,1
thought,1
papel,1
zentralmuseums,1
cially,1
restricted,1
historia,1
ne,1
miridionales,1
limburg,1
favorable,1
tries,1
koch,1
ancient,1
lineages,1
lolland,1
unwin,1
tain,1
bo,1
assimilation,1
prehistorians,1
posture,1
une,1
homogeneous,1
publishing,1
light,1
cazadores,1
antwerp,1
abandon,1
inundated,1
rectangular,1
ro,1
rising,1
experimental,1
tic,1
friedrich,1
fieldwork,1
jordgrav,1
cockles,1
vers,1
lund,1
inconclusive,1
illustrated,1
remotas,1
decor,1
trapezoidal,1
protohistoriques,1
begins,1
potential,1
hearth,1
williams,1
exploit,1
functioned,1
nlolithiques,1
independent,1
arrows,1
skeletons,1
imprenta,1
regardless,1
centreuropeen,1
community,1
definitions,1
sherratt,1
charente,1
humid,1
sis,1
akonge,1
surpassed,1
denkmalpflege,1
lucid,1
geschenk,1
aspect,1
comfortable,1
larder,1
oceanic,1
valid,1
recente,1
deabrilde,1
decoration,1
schir,1
frederick,1
stated,1
readjustment,1
again,1
vivants,1
productoras,1
reconceptualized,1
similarly,1
varies,1
hearths,1
vega,1
marchand,1
motifs,1
nach,1
jose,1
fouail,1
residence,1
financial,1
water,1
analytical,1
sified,1
occident,1
moorsiedlung,1
peared,1
cantdbrica,1
bestattungs,1
communal,1
zeist,1
pez,1
votive,1
parure,1
luis,1
storing,1
ituri,1
paleoanthropological,1
occurrence,1
materialist,1
seasonality,1
foods,1
mestic,1
predominant,1
fouaillages,1
agree,1
fruhneolithische,1
striking,1
chronol,1
cementing,1
suggesting,1
insular,1
als,1
enable,1
break,1
habitat,1
banks,1
museu,1
atomic,1
kreis,1
quelques,1
fernandez,1
ante,1
debates,1
everything,1
descended,1
mittelmeer,1
success,1
sebastian,1
honor,1
otras,1
mor,1
rhythms,1
jahrtausend,1
vfcpipaleolithique,1
fits,1
antropologia,1
westen,1
arrow,1
preet,1
antiguo,1
procesos,1
chain,1
competitive,1
increases,1
estre,1
ikaskuntza,1
mammalian,1
comnicacdes,1
investment,1
vang,1
normandy,1
societi,1
coercion,1
ubergang,1
frtihe,1
rosenhof,1
boats,1
hoards,1
niolithiques,1
analyses,1
containers,1
individu,1
paired,1
anthropologie,1
simplicity,1
subdivide,1
diets,1
woman,1
nueva,1
binford,1
vast,1
adas,1
vest,1
stylistically,1
ondaires,1
insecure,1
promotion,1
explicitly,1
monumentales,1
multicausal,1
megalltica,1
radiocarbone,1
convenient,1
vian,1
tilley,1
ciervos,1
bos,1
remove,1
classical,1
interpreting,1
caldeirdo,1
milisauskas,1
gronenborn,1
legisementmisolithiquede,1
analyzed,1
technologies,1
collecting,1
arrived,1
cen,1
situated,1
uncer,1
elevations,1
inevitably,1
necklaces,1
ambientales,1
gisement,1
session,1
technol,1
agricoles,1
thanks,1
flexible,1
preferential,1
stuck,1
upon,1
espe,1
apports,1
situating,1
limitations,1
seafood,1
scarcer,1
preadapted,1
produktiva,1
salamanca,1
marginality,1
ostseege,1
aprovechamiento,1
strays,1
enormous,1
bericht,1
noticia,1
mosel,1
connaissances,1
deepening,1
medium,1
friihneolithischen,1
aims,1
arkaeologi,1
biologi,1
naturkunde,1
entirely,1
ovicaprinos,1
ochenta,1
esqueletos,1
rivers,1
excavaciones,1
passy,1
band,1
resulting,1
catalyst,1
erkelenz,1
occidentals,1
section,1
eusko,1
wichtigsten,1
thermoluminiscence,1
sible,1
examination,1
sud,1
fruits,1
ceremonies,1
previous,1
delay,1
shortly,1
complicated,1
involves,1
discontinuities,1
attraction,1
saltbaeg,1
legs,1
coexists,1
explorations,1
akademisk,1
historic,1
biscay,1
stress,1
peripheral,1
ere,1
points,1
lander,1
reguengos,1
faces,1
sociais,1
topshells,1
villeneuve,1
august,1
conferred,1
terminol,1
allowed,1
megalithik,1
genetics,1
covering,1
revised,1
castros,1
fcpipaleolithique,1
function,1
summer,1
combs,1
curve,1
farms,1
mines,1
sitten,1
stresses,1
course,1
preservation,1
provides,1
thomas,1
raise,1
anftinge,1
why,1
ture,1
agri,1
siggeneben,1
chasseurs,1
facing,1
investiga,1
grofisteingrtiber,1
groupe,1
mining,1
pequart,1
guilaine,1
privileges,1
margaux,1
indicator,1
ref,1
narrow,1
ammerman,1
medite,1
fil,1
ann,1
shallow,1
crc,1
deliberate,1
sentiments,1
axe,1
remainder,1
oak,1
ethnographically,1
implication,1
sug,1
analyze,1
tight,1
slightly,1
greece,1
differ,1
madsen,1
cording,1
disas,1
adaptations,1
selective,1
grain,1
versus,1
diimmer,1
pean,1
vitoria,1
caution,1
meagre,1
quarter,1
controversial,1
kat,1
modifications,1
zuid,1
propose,1
tainty,1
combina,1
immigration,1
unrelated,1
mondego,1
behind,1
bibliographic,1
unversity,1
widely,1
division,1
fisico,1
concerted,1
trichterrandbecher,1
especial,1
references,1
seden,1
beads,1
increasing,1
try,1
concheros,1
dogs,1
guillemot,1
dealing,1
implantacid,1
campaniforme,1
accepting,1
simpler,1
meaningless,1
bon,1
iran,1
ascribable,1
rapport,1
undoubted,1
behaviors,1
poblamiento,1
belonged,1
sociite,1
maglemosian,1
archdologische,1
she,1
chronologique,1
fairly,1
parietal,1
movements,1
auk,1
padrao,1
lithiques,1
bushmen,1
rendues,1
defenders,1
produce,1
ideology,1
testing,1
arnaud,1
entities,1
claimed,1
prosperity,1
prehistdrica,1
eller,1
peuplements,1
trabajos,1
deaths,1
sec,1
complicate,1
revisionism,1
becomes,1
amoreira,1
investigators,1
dimensions,1
soaqua,1
mdsolithicien,1
frequently,1
directions,1
collections,1
translation,1
detailed,1
rethinking,1
meiras,1
timid,1
espanol,1
divergences,1
obligatory,1
millennia,1
overlap,1
sequences,1
bohlau,1
incompatible,1
tiefland,1
paradigmatic,1
emphasizes,1
calcario,1
class,1
settled,1
es,1
inspired,1
sharp,1
shed,1
palisade,1
existed,1
developpement,1
atlan,1
descobertos,1
niches,1
aussage,1
neolitizacao,1
stratified,1
pena,1
coordination,1
fields,1
receive,1
get,1
microburin,1
examine,1
kerpenhir,1
consid,1
worlds,1
combines,1
mounds,1
erudite,1
heather,1
capreolus,1
occupies,1
rigorous,1
influencing,1
cabeqo,1
funiraire,1
meant,1
cam,1
datations,1
nielsen,1
ueurope,1
addressed,1
detail,1
tiempos,1
length,1
hasdrubal,1
immigrant,1
freshwater,1
produc,1
attachment,1
anthropomorphic,1
seine,1
suggestions,1
rises,1
curious,1
percentages,1
bant,1
steepest,1
geoscience,1
almqvist,1
ned,1
til,1
charle,1
depen,1
melanesia,1
bogs,1
notae,1
dishes,1
accordance,1
lenneis,1
changing,1
pueblos,1
peoples,1
apprehension,1
ples,1
habitation,1
athens,1
competi,1
poitou,1
fran,1
nutritional,1
dubious,1
precise,1
pluckers,1
localness,1
dr,1
identical,1
friends,1
tackle,1
entry,1
proposes,1
vasco,1
perforated,1
gerhard,1
occurrences,1
pelts,1
peat,1
meat,1
sciences,1
vio,1
sustained,1
touest,1
set,1
ved,1
sines,1
novelties,1
coincides,1
cabranosa,1
know,1
floating,1
relaxation,1
dimension,1
ran,1
mass,1
valincia,1
deficiencies,1
colonization,1
evolved,1
ronmental,1
rossen,1
anthropo,1
dansk,1
inteneure,1
kpipateolithique,1
inclined,1
processus,1
setting,1
seafloor,1
batisseurs,1
forschungprobleme,1
dolmen,1
grabungen,1
caen,1
ubiquitous,1
contextual,1
leaders,1
kayser,1
klinger,1
osteoarchaeol,1
genus,1
halbinsel,1
regard,1
ambiguous,1
faites,1
primeras,1
post,1
knots,1
iii,1
regulari,1
exploiting,1
mesolitico,1
obtusata,1
grey,1
estudo,1
pebbles,1
perfectly,1
nouvelles,1
privileged,1
nary,1
regidn,1
aspekte,1
written,1
germania,1
durchtochte,1
abrigo,1
mollusk,1
reflected,1
indlandsbosaettelse,1
geschichte,1
tal,1
distinctive,1
dashing,1
rural,1
just,1
country,1
options,1
espaha,1
destroyed,1
ertebolle,1
quadrangular,1
phd,1
arqueologta,1
sala,1
camps,1
born,1
surpluses,1
discuss,1
interre,1
jean,1
commis,1
proceedings,1
inequali,1
seals,1
rorlig,1
microlaminares,1
europienne,1
implicit,1
cenotaphs,1
rose,1
terms,1
meticulous,1
list,1
migratory,1
ones,1
accounts,1
och,1
mandible,1
antas,1
avanzado,1
males,1
scandina,1
hordeum,1
passed,1
theory,1
shall,1
ceased,1
nachbarn,1
leaving,1
mittelneolithikum,1
bek,1
nes,1
culturel,1
utilitarian,1
atlantico,1
accumulate,1
foundations,1
thames,1
periphery,1
antlers,1
beginnings,1
healthy,1
rapports,1
require,1
secure,1
installations,1
account,1
uncertainty,1
explored,1
oo,1
feuchtbodenfunde,1
observations,1
rttssen,1
typographic,1
museo,1
hundreds,1
urban,1
infant,1
revista,1
temps,1
lence,1
complejos,1
agreeable,1
trivia,1
thorough,1
aurochs,1
marc,1
varieties,1
belgien,1
orientation,1
excellently,1
prehis,1
stuiver,1
molar,1
milestones,1
fenomeno,1
content,1
kongelige,1
micro,1
centro,1
became,1
docu,1
constricted,1
convinced,1
african,1
ac,1
macico,1
whatever,1
yield,1
sitting,1
intensifica,1
entstehung,1
happens,1
duction,1
silva,1
regularities,1
taborin,1
harvesting,1
chatelet,1
obtain,1
healed,1
arguments,1
manufacturing,1
mimoire,1
bauern,1
using,1
mention,1
colloquium,1
resolved,1
goals,1
ceramique,1
kjoekkenmoeddings,1
catches,1
think,1
arruda,1
departamento,1
teeth,1
reflexi,1
carpologie,1
pair,1
subsumed,1
spective,1
superseded,1
shards,1
cuadernos,1
lodged,1
layers,1
erable,1
shown,1
models,1
diputa,1
obliged,1
sediments,1
drafts,1
distinguish,1
grotte,1
unable,1
euro,1
difference,1
cas,1
slighting,1
encouragement,1
initiated,1
deutschland,1
similarity,1
finding,1
wis,1
fctude,1
ihrer,1
terminus,1
ailments,1
bicho,1
paleoenvi,1
chemical,1
sought,1
staatliches,1
aware,1
gists,1
urchins,1
colo,1
offer,1
epochas,1
interpret,1
immediately,1
archiolo,1
shared,1
ends,1
unoccupied,1
throat,1
postponement,1
specialists,1
environ,1
inherent,1
centraux,1
maritime,1
circula,1
charac,1
obvious,1
prehistoriques,1
colleagues,1
defined,1
off,1
inequalities,1
vallee,1
culturalists,1
schulting,1
carthagini,1
exceeded,1
walking,1
stockherders,1
speak,1
orga,1
ovicaprine,1
archaic,1
roughly,1
massifs,1
soils,1
needs,1
retouch,1
kums,1
offered,1
territorialization,1
inhumations,1
occurring,1
httde,1
penetrated,1
ninth,1
certainty,1
chambers,1
regularity,1
tribes,1
tevtecien,1
pathways,1
comptes,1
broadening,1
smooth,1
weber,1
terminology,1
bell,1
hills,1
etendue,1
vary,1
communi,1
lake,1
pontic,1
centers,1
sociedade,1
nordiske,1
ocupacidn,1
texts,1
views,1
exclusively,1
pefla,1
dental,1
gulf,1
re,1
dese,1
technological,1
tures,1
networks,1
geese,1
famous,1
symboles,1
totally,1
dos,1
calibrations,1
deficiency,1
novos,1
longeville,1
showed,1
hercynian,1
delayed,1
fur,1
race,1
customs,1
estrategias,1
bury,1
arizona,1
unleashes,1
contem,1
deeper,1
richly,1
moose,1
