WORDCOUNTS,WEIGHT
the,379
of,294
and,164
in,136
a,124
from,113
art,106
is,95
to,91
been,60
that,59
pleistocene,57
have,54
on,52
has,47
are,42
rock,39
it,38
as,37
at,36
which,35
asia,34
be,31
by,29
paleolithic,28
upper,26
but,25
not,25
they,24
an,24
with,24
one,22
r,22
this,22
site,21
engraved,21
two,21
known,20
evidence,20
g,19
fig,19
for,18
was,18
or,18
objects,18
no,17
research,17
other,17
such,16
acheulian,15
sites,15
these,15
only,15
also,15
years,15
i,14
some,14
central,14
about,14
siberia,14
animal,14
there,13
palaeolithic,13
found,13
european,13
perforated,13
stone,12
india,12
several,12
more,12
bednarik,12
natufian,12
europe,10
china,10
very,10
human,10
bone,10
p,10
its,10
world,10
finds,10
figurines,10
asian,10
both,10
reported,10
all,9
cave,9
age,9
most,9
including,9
mousterian,9
can,9
natural,9
early,9
western,8
bp,8
same,8
may,8
their,8
portable,8
female,8
pp,8
engravings,8
made,8
them,8
almost,8
e,7
seems,7
those,7
gora,7
old,7
record,7
had,7
sculpture,7
part,7
least,7
siberian,7
object,7
israel,7
were,7
three,7
bears,7
considered,7
ivory,7
middle,7
extremely,7
quartz,7
much,7
carved,6
large,6
into,6
lower,6
de,6
find,6
journal,6
apparently,6
than,6
mammoth,6
eggshell,6
levant,6
et,6
specimens,6
many,6
head,6
patterns,6
where,6
until,6
number,6
another,6
described,6
period,6
pebbles,6
distinctive,6
while,6
although,6
you,6
remains,6
between,6
pendants,5
limestone,5
taphonomic,5
fragment,5
interest,5
ostrich,5
six,5
dates,5
even,5
mesolithic,5
hematite,5
possibly,5
dated,5
four,5
m,5
well,5
used,5
few,5
likely,5
distorted,5
examined,5
outside,5
v,5
present,5
see,5
material,5
japan,5
perhaps,5
afontova,5
region,5
numerous,5
dating,5
decorated,5
especially,5
probably,5
attracted,5
provide,5
often,5
here,5
seem,5
paintings,5
d,5
should,5
occur,5
now,4
disc,4
geometric,4
first,4
angara,4
current,4
key,4
possible,4
fossil,4
development,4
mm,4
clearly,4
korea,4
pebble,4
recovered,4
generally,4
international,4
further,4
chinese,4
bhimbetka,4
near,4
because,4
shape,4
figurative,4
berekhat,4
attributed,4
researchers,4
quite,4
small,4
yielded,4
irkutsk,4
society,4
therefore,4
various,4
corpus,4
available,4
layer,4
do,4
relevant,4
markings,4
crystals,4
bear,4
deposits,4
significant,4
so,4
depiction,4
after,4
paleo,4
parallel,4
we,4
chert,4
petroglyphs,4
five,4
figurine,4
resemble,4
earliest,4
claims,4
series,4
comparison,4
over,4
anthropology,4
iii,4
particularly,4
far,4
incised,4
vol,4
despite,4
shown,4
provided,4
oldest,4
major,4
final,3
continent,3
item,3
australia,3
attempt,3
j,3
s,3
tradition,3
broken,3
vertebra,3
date,3
con,3
crystal,3
bones,3
plaque,3
krasnyi,3
includes,3
review,3
grooves,3
rhinoceros,3
sample,3
nor,3
excavations,3
without,3
how,3
similar,3
factors,3
jomon,3
university,3
river,3
elsewhere,3
n,3
lithic,3
suggested,3
based,3
cupules,3
occupation,3
circular,3
produced,3
data,3
beads,3
excavated,3
archaeology,3
highly,3
geographical,3
south,3
f,3
polished,3
limited,3
ice,3
southern,3
thought,3
counterparts,3
antler,3
perceived,3
complete,3
culture,3
indian,3
largest,3
nodules,3
published,3
artlike,3
mark,3
teeth,3
end,3
forms,3
time,3
remained,3
sides,3
use,3
would,3
aurignacian,3
general,3
nonutilitarian,3
mount,3
preservation,3
graphic,3
africa,3
tentative,3
figure,3
claimed,3
lines,3
who,3
countries,3
any,3
marks,3
notches,3
paper,3
different,3
global,3
longgu,3
form,3
come,3
models,3
ignored,3
kebara,3
fauna,3
russia,3
shiyu,3
ca,3
does,2
mostly,2
o,2
if,2
arctic,2
gesher,2
string,2
complex,2
verkholenskaya,2
second,2
bias,2
studies,2
notched,2
sickle,2
position,2
afghanistan,2
eye,2
bahn,2
predominantly,2
hayonim,2
certainly,2
shanghai,2
tolbaga,2
humans,2
artificially,2
nature,2
intricately,2
okladnikov,2
sculpted,2
comparatively,2
shaped,2
benot,2
spaced,2
able,2
consist,2
emphasized,2
fossils,2
eastern,2
bird,2
right,2
holocene,2
obvious,2
diversity,2
facets,2
anthropomorphous,2
li,2
thus,2
author,2
regarded,2
american,2
guided,2
items,2
back,2
plank,2
oxford,2
levantine,2
geological,2
traditions,2
shall,2
interesting,2
pendant,2
russian,2
rather,2
l,2
homo,2
across,2
taphonomy,2
myself,2
b,2
certain,2
japanese,2
parts,2
study,2
oren,2
means,2
tusk,2
prehistory,2
consider,2
presumably,2
frag,2
w,2
presumed,2
ehime,2
surface,2
palaeoart,2
indications,2
nahal,2
important,2
ancient,2
appear,2
result,2
prehistoric,2
bibliotheque,2
bearing,2
could,2
traditionally,2
centrally,2
depictions,2
philosophical,2
discs,2
caves,2
province,2
burial,2
intensity,2
biases,2
exca,2
younger,2
however,2
impression,2
aspects,2
none,2
having,2
basis,2
du,2
line,2
gains,2
zoomorphic,2
tool,2
tributary,2
ocher,2
naturalistic,2
apparent,2
authenticity,2
older,2
regional,2
artifact,2
t,2
stylized,2
reliable,2
le,2
around,2
woolly,2
sculptures,2
core,2
annual,2
when,2
jordan,2
carmel,2
deer,2
survived,2
will,2
situation,2
identified,2
synthesis,2
located,2
zhao,2
sohn,2
edges,2
jewelry,2
still,2
drilled,2
hominids,2
incipient,2
hammeh,2
fit,2
noted,2
mobilier,2
similarly,2
anthro,2
new,2
denisova,2
considerable,2
serious,2
nahr,2
monographs,2
paris,2
covered,2
model,2
accepted,2
aq,2
local,2
taphonomically,2
auditorium,2
discovery,2
locate,2
wrangel,2
entirely,2
radiocarbon,2
belaya,2
clear,2
archaeological,2
comprehensive,2
mt,2
faces,2
times,2
features,2
ann,2
examine,2
differ,2
southwest,2
northern,2
slab,2
urkan,2
ago,2
controversial,2
attention,2
applies,2
enough,2
modification,2
publishing,2
sometimes,2
yenisey,2
bulletin,2
detailed,2
tooth,2
inadequate,2
indicate,2
breasts,2
types,2
comes,2
tang,2
wear,2
symbolic,2
paleolithique,2
kamikuroiwa,2
country,2
cm,2
half,2
reminiscent,2
pigment,2
hospital,2
striations,2
erectus,2
type,2
what,2
proceedings,2
references,2
shanxi,2
transactions,2
institute,2
suggests,2
size,2
singi,2
severely,2
through,2
ram,2
paleorient,2
cambridge,2
conditions,2
iconic,2
wadi,2
include,2
cobble,2
clues,2
specific,2
assumed,2
c,2
shishkino,2
little,2
images,2
yuzhu,2
ments,1
intricate,1
mineralized,1
archives,1
interpre,1
possessed,1
currently,1
phallic,1
polish,1
common,1
way,1
rect,1
later,1
stylistic,1
tion,1
northernmost,1
represent,1
capa,1
deserve,1
red,1
introduction,1
notably,1
per,1
mouth,1
asiatica,1
group,1
center,1
qv,1
conducted,1
achievements,1
leningrad,1
sophis,1
subjectively,1
essays,1
sibe,1
h,1
mous,1
di,1
lectively,1
modern,1
predating,1
flows,1
unworn,1
royal,1
history,1
hominid,1
before,1
po,1
monograph,1
chandravati,1
typologically,1
practices,1
contexts,1
arms,1
abrasion,1
being,1
either,1
dwarf,1
chacmool,1
long,1
tantalizing,1
beadlike,1
archae,1
production,1
ii,1
attempts,1
yar,1
vols,1
might,1
substances,1
calcareous,1
anticlockwise,1
sakhri,1
confirmed,1
book,1
flowers,1
wooden,1
twenty,1
belong,1
broadly,1
suggesting,1
great,1
studied,1
venus,1
skirts,1
hunting,1
resulting,1
lohanda,1
feature,1
ticated,1
evron,1
kokeshi,1
greatly,1
precisely,1
robert,1
corroborate,1
somewhat,1
pertains,1
signs,1
checked,1
kurnool,1
worldwide,1
context,1
datable,1
case,1
side,1
sophisticated,1
linear,1
east,1
conditioned,1
tubular,1
lena,1
design,1
figs,1
vartanyan,1
moth,1
marked,1
authentic,1
paucity,1
studi,1
petroglyph,1
irtysh,1
ings,1
moscow,1
apart,1
except,1
vated,1
indicating,1
uncertain,1
apply,1
along,1
juvenile,1
kexue,1
safely,1
rence,1
collection,1
gression,1
federation,1
sssr,1
implements,1
phase,1
throughout,1
willow,1
coun,1
differential,1
bracketed,1
germany,1
southwestern,1
abdominal,1
explained,1
component,1
severe,1
facts,1
since,1
due,1
against,1
elongate,1
sediment,1
september,1
intact,1
scarce,1
indigirka,1
patchy,1
characteristic,1
concentrations,1
acta,1
facet,1
uniformity,1
eurasian,1
entire,1
dence,1
z,1
kind,1
dis,1
turn,1
clay,1
elements,1
underlying,1
prabhat,1
frustrating,1
blank,1
refer,1
concerning,1
convincing,1
served,1
left,1
cohen,1
third,1
billa,1
dvouglazka,1
identifications,1
austria,1
prompt,1
deeply,1
mammoths,1
pronounced,1
hardly,1
editoriale,1
evenly,1
jerusalem,1
ment,1
tacular,1
poor,1
berelekh,1
paleon,1
recognized,1
adequate,1
whose,1
essential,1
pigments,1
chiba,1
identification,1
vator,1
headlike,1
his,1
judee,1
profile,1
refitting,1
main,1
paleoart,1
superficial,1
remain,1
en,1
appreciation,1
levels,1
process,1
infilled,1
arrangements,1
sophisti,1
derived,1
icant,1
ix,1
lacking,1
burials,1
animals,1
overlooked,1
arcuate,1
consistency,1
shell,1
support,1
reason,1
modified,1
purakala,1
settled,1
females,1
les,1
discouraged,1
fossiles,1
harpoon,1
emergence,1
artificial,1
numbers,1
dominate,1
aly,1
weinstein,1
argued,1
frequently,1
reviewed,1
observations,1
frozen,1
show,1
steatite,1
origins,1
map,1
pecked,1
lumps,1
comprising,1
neither,1
fre,1
instance,1
plenum,1
novos,1
shanidar,1
calgary,1
drawing,1
myths,1
plausibly,1
artistic,1
radial,1
whereas,1
greater,1
moving,1
root,1
acceptable,1
whom,1
thousands,1
questioned,1
prefecture,1
appearance,1
carcasses,1
begun,1
faunal,1
color,1
critically,1
inappropriate,1
effort,1
resembles,1
pauc,1
facilitate,1
gouge,1
extinct,1
baikal,1
base,1
mugharet,1
galgenberg,1
late,1
academic,1
intervening,1
pro,1
artefact,1
tragment,1
traced,1
though,1
cultural,1
buried,1
war,1
haematite,1
appears,1
pitting,1
suffered,1
surgam,1
fish,1
wealth,1
placed,1
fox,1
paleontologie,1
scene,1
paleolit,1
sparse,1
memory,1
briefly,1
animated,1
uispp,1
lebanon,1
mam,1
artifacts,1
literature,1
island,1
debari,1
acidic,1
chommal,1
patne,1
comprises,1
del,1
claim,1
future,1
significantly,1
purpose,1
quently,1
indigenous,1
comment,1
gender,1
eurocentric,1
continuation,1
relevance,1
actually,1
occupied,1
tification,1
my,1
regions,1
pyrenees,1
authen,1
leny,1
peopled,1
painting,1
level,1
hard,1
tenuous,1
afghan,1
suggest,1
nine,1
box,1
ain,1
ological,1
bank,1
pisanitsi,1
kapova,1
soil,1
shapes,1
bridge,1
deco,1
tation,1
supposedly,1
essentially,1
anthropos,1
khilok,1
qafzeh,1
figura,1
penultimate,1
overemphasized,1
bollettino,1
notice,1
camuno,1
agam,1
calcite,1
gross,1
preliminary,1
separate,1
triangular,1
rest,1
massive,1
activities,1
seemed,1
bedding,1
comm,1
chronological,1
institut,1
belfer,1
scored,1
horizons,1
approximate,1
hafts,1
orientaliste,1
absence,1
materials,1
siberie,1
carried,1
scientific,1
clastic,1
hominidae,1
cleft,1
indicative,1
comparative,1
fu,1
corporation,1
brief,1
crinoid,1
slanted,1
nearly,1
april,1
prism,1
stratigraphy,1
above,1
make,1
surviving,1
indicates,1
commenced,1
incredibly,1
initially,1
grooved,1
tends,1
single,1
humaine,1
once,1
overview,1
depicted,1
inception,1
yet,1
chalcedony,1
interpretation,1
permission,1
represents,1
york,1
tablet,1
soon,1
restricted,1
maihar,1
latitude,1
salient,1
lava,1
purity,1
iconicity,1
containing,1
reports,1
begins,1
continents,1
french,1
decoration,1
again,1
interred,1
shri,1
decorative,1
flat,1
addition,1
experienced,1
fact,1
longer,1
ceramic,1
torted,1
hommes,1
pological,1
consideration,1
coincidence,1
clarendon,1
shishkinsie,1
maininskaya,1
arabia,1
mold,1
hebei,1
arguably,1
man,1
mobiliary,1
discussed,1
fragments,1
bility,1
lone,1
golan,1
never,1
conclusions,1
fits,1
nauk,1
hand,1
pleis,1
ticity,1
zuka,1
zhoukoudian,1
coarse,1
haft,1
compositional,1
less,1
strategies,1
english,1
anthropologie,1
disparity,1
deep,1
perceives,1
assemblage,1
discoid,1
refuted,1
istan,1
meandering,1
mie,1
matrix,1
recognizing,1
analyzed,1
microscopic,1
secured,1
forated,1
range,1
discrimination,1
conceivable,1
distinctly,1
enormous,1
previously,1
strongly,1
sufficiently,1
perforation,1
skeletal,1
findings,1
expression,1
largely,1
magdalenian,1
deguchi,1
factor,1
affects,1
congress,1
bed,1
evolution,1
trend,1
actual,1
oshurkovo,1
examination,1
ob,1
specimen,1
huisheng,1
perforations,1
rejected,1
distortion,1
compositions,1
enlargement,1
emphasizing,1
depicting,1
points,1
damage,1
sahara,1
lenskije,1
kane,1
belongs,1
function,1
mexico,1
cupule,1
shortly,1
running,1
hunsgi,1
ural,1
provides,1
latter,1
signif,1
why,1
pomorphs,1
levallois,1
problems,1
somehow,1
took,1
commentators,1
systems,1
trying,1
qualities,1
k,1
methods,1
jaca,1
crayon,1
terian,1
respectively,1
effect,1
mesolithique,1
cognitive,1
narik,1
authenticated,1
firmed,1
pean,1
basically,1
kebaran,1
rian,1
vain,1
vulvar,1
la,1
widely,1
pestles,1
dealing,1
space,1
marshack,1
ity,1
neanderthal,1
pres,1
note,1
pis,1
sealed,1
meets,1
continued,1
angular,1
science,1
usually,1
imbalance,1
maps,1
pieces,1
suffice,1
cnrs,1
resistant,1
allahabad,1
primarily,1
siderably,1
seen,1
tive,1
deposit,1
noniconic,1
began,1
effectively,1
visual,1
iconographic,1
contributor,1
antiquity,1
fallow,1
class,1
responsible,1
analysis,1
respect,1
ing,1
instances,1
face,1
mirror,1
occupies,1
chen,1
conservation,1
promi,1
attachment,1
regularly,1
distributional,1
addressed,1
detail,1
sections,1
proof,1
environment,1
ration,1
methodist,1
victoria,1
choukoutien,1
involv,1
firsthand,1
mentioned,1
extending,1
extensive,1
ever,1
characteristics,1
implied,1
bronze,1
consensus,1
text,1
symbol,1
sustained,1
lou,1
abramova,1
korean,1
know,1
resumenes,1
readily,1
flint,1
phous,1
spec,1
quartdr,1
did,1
pekarna,1
tongbao,1
universal,1
report,1
counting,1
reliability,1
fushun,1
past,1
uppermost,1
merely,1
evident,1
beginning,1
purported,1
unlikely,1
economy,1
notable,1
terms,1
list,1
independently,1
imposed,1
nearby,1
reiterated,1
petroglify,1
mere,1
theory,1
distribution,1
consisting,1
periphery,1
projection,1
verkhnei,1
peters,1
paleolftico,1
too,1
pers,1
hundreds,1
popular,1
vessels,1
facial,1
marking,1
bodies,1
presented,1
prehis,1
attached,1
uniform,1
anthropomor,1
introduced,1
leicester,1
confirm,1
centro,1
tried,1
measure,1
obtain,1
discussion,1
salvaged,1
prisms,1
terparts,1
striation,1
mineralogical,1
neglect,1
correspondence,1
pissanizy,1
question,1
ibrahim,1
tell,1
sediments,1
recording,1
locations,1
tocene,1
argues,1
euro,1
preistorici,1
charts,1
finding,1
quest,1
selovo,1
academii,1
strikingly,1
ently,1
accept,1
newsletter,1
iden,1
prefec,1
ended,1
contributed,1
offer,1
americas,1
judges,1
define,1
need,1
kala,1
smaller,1
flower,1
france,1
engraving,1
defined,1
attempted,1
off,1
association,1
archaic,1
roughly,1
desert,1
showed,1
summary,1
endeavors,1
certainty,1
km,1
rajasthan,1
scoria,1
lake,1
irrelevant,1
substantial,1
valley,1
evi,1
xth,1
iraq,1
among,1
technological,1
ends,1
north,1
recent,1
caulfield,1
reduc,1
col,1
roles,1
discern,1
