WORDCOUNTS,WEIGHT
the,747
and,590
in,490
of,487
a,217
to,195
de,172
la,140
neolithic,123
for,114
is,104
are,100
from,95
with,88
v,87
have,83
agriculture,76
del,71
be,70
on,67
as,67
el,66
that,65
en,61
peninsula,61
et,61
pp,60
this,59
j,57
been,57
early,57
crops,55
were,51
m,49
sites,48
iberian,47
we,46
cereals,45
very,45
was,44
y,43
p,43
by,42
also,41
they,40
or,38
which,38
it,37
farming,37
some,36
wheats,36
at,34
bp,34
not,34
cereal,32
l,32
mediterranean,32
hulled,32
plant,31
los,28
different,28
c,27
mesolithic,26
bc,26
has,26
crop,26
first,25
dates,25
may,25
spread,25
an,25
other,24
archaeobotanical,24
archaeological,24
europe,23
human,23
g,23
most,23
new,23
radiocarbon,23
northern,23
plants,23
western,22
such,22
use,22
had,21
during,21
but,21
iberia,21
ca,21
stika,20
through,20
these,20
wood,20
region,20
like,20
can,20
might,19
data,19
so,19
domestic,19
although,19
there,18
diversity,18
their,18
areas,18
evidence,18
agrarian,17
site,17
university,17
would,17
r,16
practices,16
processing,16
only,16
where,16
naked,16
being,15
t,15
well,15
small,15
wild,15
d,15
neolitico,14
s,14
could,14
central,14
prehistoria,14
cave,14
used,14
research,14
social,14
more,14
foods,14
probably,14
cova,14
remains,14
one,13
into,13
how,13
les,13
wheat,13
regions,13
least,13
le,13
world,13
present,13
farmers,13
food,13
des,13
extremely,13
recent,13
lopez,12
common,12
du,12
spain,12
even,12
no,12
animals,12
work,12
its,12
legumes,12
chronology,12
range,12
looking,12
cultivation,12
adoption,11
neolftico,11
i,11
e,11
einkorn,11
out,11
information,11
related,11
documented,11
murcielagos,11
b,11
al,11
samples,11
cueva,11
institute,11
transition,11
if,10
before,10
case,10
fig,10
emmer,10
chaff,10
people,10
than,10
coast,10
when,10
barley,10
still,10
southern,10
cultivated,10
neolithique,10
dating,10
saguntum,10
grain,10
oxford,10
archaeology,10
known,10
animal,10
draga,10
traditional,10
re,10
large,9
history,9
all,9
vegetation,9
coastal,9
process,9
lampara,9
important,9
basque,9
do,9
series,9
both,9
between,9
north,9
along,8
implies,8
durante,8
available,8
inland,8
labor,8
since,8
domestication,8
dated,8
prehistoric,8
wide,8
because,8
london,8
seeds,8
variety,8
patterns,8
extra,8
ing,8
gonzalez,8
must,8
colonization,8
valencia,8
las,8
meseta,8
conditions,8
france,8
straw,8
pais,7
contexts,7
diffusion,7
long,7
reasons,7
within,7
context,7
soils,7
archaeobotany,7
ritual,7
bone,7
journal,7
main,7
ebro,7
megaliths,7
origins,7
result,7
luxury,7
balma,7
identified,7
iberica,7
under,7
lack,7
years,7
congreso,7
mas,7
european,7
arqueologia,7
considered,7
harvest,7
particular,7
vasco,7
role,7
techniques,7
au,7
our,7
area,7
widening,6
poppy,6
materials,6
ii,6
font,6
editions,6
plansallosa,6
due,6
throughout,6
old,6
bay,6
bronk,6
poorly,6
absent,6
risk,6
factors,6
ros,6
changes,6
show,6
uses,6
revilla,6
santander,6
cascajos,6
diet,6
caves,6
cannot,6
near,6
failure,6
perez,6
pyrenees,6
order,6
involved,6
several,6
will,6
limited,6
communities,6
two,6
regional,6
starting,6
husbandry,6
weeds,6
iii,6
vetch,6
maritime,6
lathyrus,6
pulses,6
significant,6
high,6
garcia,6
dealing,6
ecological,6
usually,6
trabajos,6
bulletin,6
dans,6
paper,6
particularly,6
based,6
harvesting,6
need,6
peninsular,6
among,6
should,6
way,5
groups,5
per,5
likely,5
production,5
implications,5
humans,5
atlantic,5
west,5
antiguo,5
actas,5
elements,5
van,5
growth,5
similar,5
population,5
andalusia,5
gathering,5
flax,5
numbers,5
charcoal,5
societies,5
late,5
though,5
dts,5
macroremains,5
recently,5
energy,5
universidad,5
explain,5
sickles,5
servicio,5
whole,5
good,5
grass,5
soil,5
few,5
presence,5
practice,5
provided,5
finds,5
activities,5
various,5
britain,5
fringe,5
cendres,5
temperate,5
ethnographic,5
already,5
picture,5
museu,5
see,5
material,5
mountain,5
after,5
valued,5
premieres,5
species,5
program,5
un,5
types,5
pea,5
der,5
barleys,5
quickly,5
sampling,5
ar,5
linked,5
impact,5
them,5
agricultural,5
while,5
vol,5
little,5
given,5
oceanic,5
varied,5
sur,5
oldest,5
needs,5
focus,5
built,5
valle,4
later,4
imported,4
suggested,4
complex,4
di,4
completely,4
studies,4
acorns,4
source,4
seems,4
best,4
analyses,4
studied,4
con,4
botanical,4
portugal,4
eastern,4
far,4
consumed,4
millennium,4
relatively,4
norte,4
awns,4
storage,4
wet,4
poor,4
neolitization,4
levels,4
represented,4
ex,4
support,4
upper,4
age,4
lithic,4
chaves,4
providing,4
appear,4
arrival,4
found,4
traditionally,4
international,4
cultural,4
focused,4
tools,4
part,4
knowledge,4
indigenous,4
neolitic,4
older,4
zohary,4
traitement,4
staple,4
field,4
suggest,4
attention,4
grow,4
catalonia,4
situation,4
populations,4
vaquera,4
scarcity,4
continuity,4
light,4
same,4
bar,4
pyrenean,4
others,4
margineda,4
put,4
nerja,4
fact,4
shows,4
pastoralism,4
relict,4
time,4
francaise,4
hand,4
landscape,4
another,4
local,4
symbolic,4
biscay,4
points,4
started,4
period,4
quick,4
castilla,4
often,4
pro,4
hunter,4
farm,4
provide,4
science,4
sumerian,4
dicoccum,4
earliest,4
actes,4
any,4
control,4
did,4
works,4
table,4
according,4
terms,4
ones,4
require,4
middle,4
became,4
models,4
cambridge,4
land,4
potential,4
lentil,3
done,3
poblat,3
ranean,3
tion,3
environmental,3
internationales,3
introduction,3
true,3
easily,3
sickle,3
seem,3
excavation,3
hillman,3
supposedly,3
give,3
rapid,3
rich,3
able,3
n,3
take,3
real,3
last,3
zapata,3
greatly,3
behind,3
british,3
sieving,3
fernando,3
possible,3
eas,3
obviously,3
obvious,3
taking,3
resources,3
genetic,3
cardial,3
maira,3
madrid,3
interior,3
jorda,3
mixed,3
glume,3
stored,3
fava,3
single,3
paysannes,3
spite,3
soria,3
ment,3
opium,3
interesting,3
identification,3
operations,3
milenio,3
gazolaz,3
earlier,3
importance,3
entre,3
asia,3
plots,3
study,3
modelos,3
consequences,3
reason,3
consider,3
grains,3
vicia,3
hordeum,3
too,3
ibanez,3
situations,3
recovered,3
toro,3
mer,3
closely,3
lead,3
access,3
issue,3
estudios,3
radical,3
ethnoarchaeological,3
pioneer,3
weed,3
narcotic,3
sticks,3
produced,3
excellent,3
pollen,3
oxcal,3
feeding,3
basis,3
primeros,3
sesma,3
protein,3
gender,3
partly,3
climatic,3
kobaederra,3
structures,3
reflect,3
approach,3
oriental,3
start,3
sense,3
hard,3
prehistorique,3
highly,3
visible,3
progress,3
hayden,3
fiber,3
society,3
f,3
second,3
decisions,3
interpretation,3
reference,3
marginal,3
soon,3
management,3
poblamiento,3
ams,3
perspectives,3
culturales,3
funerary,3
datos,3
pointed,3
many,3
demographic,3
papaver,3
wooden,3
faster,3
fernandez,3
aizpea,3
serious,3
fragments,3
forms,3
model,3
aragdnjlitoral,3
existing,3
euphrates,3
until,3
who,3
made,3
products,3
bitter,3
processes,3
low,3
open,3
universitat,3
authors,3
times,3
yatimientos,3
features,3
oxbow,3
hopf,3
problems,3
narrow,3
congres,3
institution,3
pottery,3
abu,3
yields,3
africa,3
resistant,3
neolftic,3
relations,3
overlap,3
indicate,3
existed,3
fields,3
environment,3
practised,3
bioarchaeological,3
here,3
mediter,3
know,3
over,3
continental,3
correspond,3
sheep,3
miron,3
pico,3
east,3
setting,3
current,3
regard,3
returns,3
feed,3
domesticated,3
past,3
climate,3
growing,3
cal,3
proceedings,3
veleia,3
distribution,3
intercambios,3
stuiver,3
ac,3
territory,3
campo,3
think,3
survival,3
grown,3
consumption,3
pirineo,3
product,3
specific,3
territories,3
much,3
desirable,2
difficult,2
ments,2
does,2
bassin,2
currently,2
calibrated,2
names,2
monografies,2
rif,2
resulted,2
college,2
foraging,2
poorer,2
needed,2
identify,2
tend,2
hohle,2
peas,2
continent,2
h,2
favor,2
herriko,2
ahora,2
necessarily,2
unlike,2
em,2
something,2
contested,2
abun,2
calibration,2
absence,2
controlled,2
properties,2
women,2
falguera,2
asl,2
taken,2
concentrated,2
planting,2
ears,2
sub,2
nature,2
archaeologically,2
differences,2
origin,2
europeenne,2
hunting,2
survey,2
reproduction,2
feature,2
date,2
political,2
cordoba,2
cuenca,2
system,2
released,2
taphonomic,2
existence,2
key,2
bones,2
bases,2
discuss,2
lim,2
madrider,2
holocene,2
xv,2
move,2
fine,2
combination,2
point,2
quantity,2
means,2
epicardial,2
fechas,2
estudio,2
vegetales,2
relationships,2
oily,2
inner,2
development,2
unpublished,2
characteristic,2
adopted,2
ern,2
santa,2
sagun,2
dis,2
anejos,2
cases,2
ear,2
young,2
suitable,2
third,2
waterlogged,2
publications,2
alliances,2
focussed,2
sadurm,2
economia,2
neolitizacion,2
carpologiques,2
ers,2
monococcum,2
reimer,2
camp,2
cleaned,2
across,2
abric,2
fruits,2
unit,2
stuttgart,2
neolfticos,2
maior,2
annales,2
se,2
certain,2
direct,2
parts,2
fungal,2
eaten,2
neolithische,2
litica,2
prehistory,2
organization,2
nitrogen,2
familiar,2
ited,2
clearly,2
just,2
traces,2
w,2
drought,2
map,2
goats,2
glumes,2
strategy,2
salduie,2
adop,2
whereas,2
greater,2
ranges,2
diachronic,2
raw,2
societe,2
faba,2
centers,2
cicera,2
clear,2
territorio,2
ogy,2
initial,2
im,2
extracting,2
further,2
versity,2
burial,2
neoutico,2
portant,2
kunst,2
ceramics,2
industria,2
cessing,2
neoliticos,2
produce,2
required,2
possibility,2
aspects,2
future,2
gatherers,2
chaeobotany,2
ditches,2
navarro,2
neolithization,2
proportions,2
reduction,2
place,2
libre,2
issues,2
spikelets,2
records,2
personal,2
interpreted,2
status,2
sampled,2
munibe,2
varieties,2
enclosures,2
excavated,2
vetches,2
sta,2
nuevos,2
societes,2
below,2
drier,2
arqueologicos,2
lumentxa,2
settlement,2
specifically,2
spanish,2
zona,2
postdoctoral,2
paisaje,2
fire,2
kernels,2
cur,2
triticum,2
seed,2
thatching,2
proper,2
paid,2
peculiar,2
yacimientos,2
flour,2
sitio,2
settle,2
valuable,2
chronological,2
south,2
diez,2
ical,2
minor,2
archaeo,2
lacustre,2
economic,2
mitteilungen,2
ancien,2
classic,2
islands,2
leon,2
sobre,2
threshing,2
selection,2
bread,2
demic,2
valencian,2
dehusking,2
diseases,2
ne,2
us,2
mediterranee,2
planned,2
homogeneous,2
culture,2
tum,2
prehistoire,2
fill,2
perspec,2
sarsa,2
humid,2
acorn,2
barandiaran,2
hureyra,2
epipaleolftico,2
communal,2
causality,2
limit,2
scholars,2
communautes,2
assess,2
calib,2
arque,2
daily,2
break,2
diverse,2
peninsule,2
end,2
feasting,2
considerable,2
flocks,2
discussed,2
procesos,2
remarkable,2
mediterraneennes,2
ditched,2
toxic,2
strategies,2
mitochondrial,2
exotic,2
spikelet,2
perhaps,2
adas,2
begun,2
cul,2
assemblage,2
number,2
free,2
tagricultura,2
extended,2
considering,2
assemblages,2
limitations,2
ganaderos,2
crafts,2
europeans,2
apdo,2
factor,2
assume,2
roman,2
eusko,2
full,2
aire,2
three,2
transformation,2
junta,2
una,2
analisis,2
ploughing,2
xunta,2
change,2
uni,2
obtained,2
stages,2
standard,2
abundant,2
provides,2
dant,2
ap,2
allochthonous,2
catalunya,2
systems,2
alpine,2
relation,2
paysage,2
mainly,2
sacred,2
mesolithique,2
sug,2
greece,2
italy,2
maslins,2
widely,2
increasing,2
carried,2
zephyrus,2
today,2
continued,2
bulk,2
antes,2
tech,2
corrals,2
success,2
seen,2
progressively,2
remaining,2
why,2
methods,2
utrilla,2
frontier,2
sadurni,2
rencontres,2
fertility,2
acquired,2
ily,2
eventually,2
mediterranea,2
bean,2
following,2
comes,2
litoral,2
eco,2
geographic,2
unbroken,2
nutritional,2
ramsey,2
bronze,2
agricultores,2
equipment,2
alternative,2
cover,2
natural,2
unavailable,2
country,2
anthropology,2
arte,2
barcelona,2
expense,2
exploiting,2
vvvvv,2
agricultura,2
pallares,2
ramos,2
type,2
marg,2
phd,2
bajo,2
explanations,2
what,2
investigation,2
selected,2
making,2
seasonal,2
sowing,2
serie,2
tives,2
explored,2
balance,2
almost,2
congresso,2
emphasis,2
museo,2
sativus,2
aragon,2
neolithisation,2
riera,2
intended,2
went,2
adapted,2
oil,2
phenomenon,2
tions,2
come,2
devoted,2
sud,2
aware,2
offer,2
joined,2
niolithisation,2
integrated,2
defined,2
increased,2
archaic,2
sedentariness,2
offered,2
assumed,2
texts,2
valley,2
uso,2
technological,2
proceso,2
building,2
close,2
input,2
sa,1
rachis,1
final,1
spikes,1
frequent,1
combustible,1
go,1
now,1
urdaibai,1
guntum,1
rate,1
medicinal,1
sula,1
catalo,1
page,1
accomplish,1
pals,1
industrielle,1
durum,1
fj,1
fertile,1
caprines,1
cultiva,1
till,1
apprently,1
separated,1
represent,1
pale,1
vertiente,1
foggia,1
affected,1
pubblicazione,1
episodes,1
triticeae,1
determine,1
thropologie,1
presses,1
lated,1
avoid,1
considerably,1
enclosing,1
starts,1
lepiante,1
cuevas,1
epipalaeolithic,1
string,1
territorial,1
tetraploid,1
unevenly,1
germany,1
contemporaneous,1
conversion,1
semences,1
likewise,1
group,1
becoming,1
malaga,1
settlements,1
tact,1
miners,1
dustrial,1
systematically,1
overrides,1
hohenheim,1
fed,1
mobility,1
properly,1
designed,1
stone,1
reflections,1
referring,1
coppa,1
constitutes,1
choos,1
ways,1
strictly,1
pflanzenreste,1
investigating,1
plantas,1
sativum,1
paradigms,1
subsis,1
conscious,1
enterramiento,1
flows,1
ms,1
territori,1
protection,1
position,1
govern,1
geometric,1
fixed,1
tinuity,1
harsh,1
occurred,1
noreste,1
lemmas,1
fragile,1
cultures,1
caracterisation,1
village,1
xxllle,1
induced,1
monograph,1
queobotanica,1
suelos,1
offering,1
pioneers,1
llavors,1
arenal,1
leads,1
bioarchae,1
par,1
disturbances,1
exploracion,1
came,1
envi,1
archaeologists,1
gap,1
economico,1
inc,1
familiarity,1
ecolog,1
reconstructions,1
pc,1
drugs,1
sautuola,1
morphol,1
creation,1
car,1
posed,1
archae,1
avda,1
exclusive,1
experimented,1
candide,1
entailed,1
capsules,1
originally,1
fund,1
adopt,1
vouest,1
corridors,1
ssp,1
xxiiie,1
winnowing,1
england,1
peiia,1
insediamento,1
prestigious,1
crippling,1
geografia,1
palates,1
ambrona,1
confirmed,1
tem,1
leading,1
secondary,1
turias,1
advantage,1
together,1
accompanied,1
forcas,1
entorno,1
great,1
compounds,1
pagne,1
colloque,1
lugo,1
analisi,1
government,1
thanks,1
molecular,1
reunion,1
composition,1
locality,1
industriales,1
expansion,1
efficiently,1
xx,1
harmondsworth,1
tannins,1
substi,1
state,1
secondly,1
concepts,1
those,1
cantos,1
deriving,1
tare,1
mj,1
link,1
ambiguous,1
ity,1
calculus,1
univ,1
papers,1
similarities,1
epipaleolithique,1
td,1
depending,1
fused,1
badly,1
verlag,1
volumen,1
precoce,1
turales,1
gava,1
albeit,1
ering,1
continuum,1
talta,1
coltivate,1
pub,1
mass,1
conditioned,1
nology,1
eurasia,1
draw,1
march,1
jc,1
archaeobotani,1
carbohydrate,1
asturias,1
deal,1
chocarro,1
archaeom,1
figs,1
fortea,1
moth,1
prehistoricas,1
quantities,1
occupying,1
prior,1
antien,1
determined,1
logical,1
origen,1
niveles,1
pre,1
fundacion,1
familyor,1
espanoles,1
facilitating,1
ance,1
rippa,1
functions,1
leonor,1
dataset,1
euskal,1
delay,1
reflecting,1
rela,1
prolonged,1
vated,1
alimentation,1
helinium,1
fur,1
cited,1
dynamic,1
agendas,1
mountains,1
somniferum,1
xxilie,1
portela,1
tuted,1
tionally,1
informes,1
troves,1
collection,1
epipaleoliticos,1
evaluating,1
sarga,1
frangaise,1
framework,1
stress,1
manipulaciones,1
montanosas,1
conflict,1
trigo,1
restos,1
thus,1
pounding,1
uprooting,1
historical,1
royal,1
review,1
collapse,1
widened,1
minero,1
polliniques,1
som,1
delimit,1
explained,1
aus,1
spectrum,1
immediate,1
ethical,1
quality,1
ferred,1
bosque,1
run,1
backgrounds,1
supports,1
campos,1
against,1
applicable,1
bei,1
medio,1
loro,1
nomenclatural,1
scarce,1
forgotten,1
base,1
ray,1
regarded,1
decided,1
ancient,1
feines,1
price,1
application,1
preciated,1
cf,1
funded,1
assessment,1
universitaires,1
enlarges,1
topic,1
mild,1
taste,1
guided,1
palaeolithic,1
theoretical,1
diocarbon,1
distinct,1
nor,1
self,1
montpellier,1
perspective,1
cooler,1
depend,1
concerning,1
segura,1
pecuario,1
deed,1
holds,1
extraordinary,1
inclusion,1
races,1
served,1
caminos,1
wordwell,1
datelist,1
fines,1
ganadera,1
excavations,1
reciente,1
continuous,1
estimate,1
networks,1
tral,1
accelerator,1
ologia,1
identifications,1
thresh,1
foral,1
sary,1
ciano,1
belongs,1
appreciated,1
traditions,1
lens,1
coasts,1
leadership,1
nean,1
settentrionale,1
difussion,1
shall,1
influence,1
competitive,1
rates,1
zainak,1
ripoll,1
mentioned,1
industries,1
costa,1
prthistoire,1
higher,1
aim,1
tierras,1
assessed,1
gadouer,1
signif,1
eines,1
acculturation,1
ciones,1
leys,1
adequate,1
neces,1
whose,1
deviations,1
reflects,1
cuatro,1
regiones,1
without,1
tranche,1
links,1
rupestre,1
primers,1
navarra,1
ejemplos,1
ra,1
agrario,1
infe,1
sw,1
af,1
subsistence,1
remote,1
halstead,1
environments,1
dormidera,1
conoscenza,1
afforded,1
mortar,1
ciente,1
trophilous,1
mesolitica,1
grew,1
perdurable,1
icant,1
ongoing,1
huge,1
vexplotacid,1
tionship,1
special,1
restes,1
symbols,1
cooking,1
evolution,1
burials,1
limitation,1
producteurs,1
jacomet,1
dismiss,1
scattered,1
periodic,1
caciones,1
supposed,1
semillas,1
exceptional,1
modified,1
understand,1
perceptions,1
archaeobotanically,1
detoxified,1
niferum,1
monumental,1
affect,1
silvestres,1
biased,1
cause,1
eraul,1
dichotomy,1
fast,1
biogeographic,1
established,1
neurological,1
rated,1
pales,1
certezas,1
spreading,1
intensive,1
slowly,1
emergence,1
presumably,1
lannec,1
cereales,1
sum,1
cultivo,1
travis,1
transformaciones,1
air,1
stubble,1
k,1
house,1
ifeines,1
ards,1
differs,1
moyen,1
nowadays,1
mixtures,1
committee,1
presumed,1
four,1
tein,1
commonly,1
experienced,1
lg,1
dept,1
powerful,1
beyond,1
balsares,1
shed,1
estremera,1
isolation,1
followed,1
spiritual,1
agropastoriles,1
comprising,1
cost,1
ramil,1
rice,1
justified,1
meant,1
paleocarpologia,1
serpis,1
slightly,1
tolerances,1
resti,1
veal,1
valenciano,1
preference,1
faced,1
urquijo,1
approche,1
cork,1
cultivating,1
grupos,1
anejo,1
dic,1
gebhardt,1
onization,1
immutable,1
anthropogenic,1
pastoral,1
including,1
ditions,1
whom,1
concentration,1
location,1
contributo,1
tra,1
iberique,1
route,1
martinez,1
appearance,1
digested,1
contres,1
carrying,1
rule,1
entered,1
difficulty,1
faunal,1
search,1
une,1
octobre,1
pulse,1
effort,1
thors,1
changed,1
csic,1
prepare,1
requirements,1
trayectoria,1
atlantique,1
eu,1
philosophical,1
compostela,1
efforts,1
rale,1
recoleccion,1
cesteria,1
liz,1
big,1
acquiring,1
embedded,1
eliminates,1
kbd,1
delle,1
understood,1
eneolftico,1
preistoria,1
nevigata,1
rent,1
eugen,1
orientales,1
indirect,1
ceno,1
province,1
appears,1
facade,1
hulls,1
reinforce,1
wherein,1
suffered,1
applied,1
scale,1
otherwise,1
wealth,1
record,1
noroeste,1
archivo,1
acknowledgments,1
cueillette,1
acteristics,1
package,1
carpologique,1
cows,1
vo,1
technical,1
char,1
torn,1
pigs,1
keeping,1
having,1
charred,1
line,1
overlying,1
planning,1
herria,1
scope,1
horticulture,1
appeals,1
apuntes,1
locus,1
clean,1
getreidefunde,1
stitute,1
brought,1
occupants,1
su,1
cleaning,1
edad,1
discusses,1
example,1
apparent,1
sistence,1
aldeas,1
thatched,1
test,1
irish,1
thoughts,1
stores,1
woodland,1
proprietorial,1
neolfticas,1
excavator,1
desarrollo,1
literature,1
dal,1
overview,1
communautis,1
refined,1
boletin,1
collective,1
comarcal,1
mesoneolftico,1
actually,1
oaks,1
ua,1
oliverira,1
liege,1
risks,1
tentatively,1
torno,1
transported,1
caza,1
away,1
rise,1
aplicacion,1
cans,1
predominance,1
preparation,1
domesticos,1
includ,1
withstand,1
archaeobotan,1
relative,1
montanas,1
litter,1
drug,1
narcotics,1
vazquez,1
refuse,1
preda,1
either,1
continuidad,1
researchers,1
marginalidad,1
tough,1
partir,1
imize,1
referencia,1
marti,1
armoricain,1
constituent,1
reinforces,1
involve,1
holes,1
cer,1
contrast,1
cen,1
ward,1
ological,1
ariel,1
around,1
navigated,1
crescent,1
pike,1
tivation,1
separately,1
mains,1
driving,1
components,1
este,1
vation,1
industry,1
newcomers,1
shep,1
humanas,1
protect,1
sociiti,1
rubricatum,1
urgently,1
diversified,1
differing,1
garrotxa,1
tended,1
gath,1
occasions,1
always,1
managed,1
annual,1
up,1
sudosteuropa,1
duque,1
origini,1
dependent,1
ambiente,1
loci,1
results,1
correspondence,1
agricola,1
value,1
preliminary,1
arene,1
pot,1
moved,1
phase,1
ervilia,1
digging,1
andlisis,1
chaine,1
vails,1
lection,1
periods,1
exorphines,1
survived,1
edafologia,1
redil,1
friulano,1
tasks,1
soaking,1
tasted,1
imprint,1
arrangement,1
reduced,1
baix,1
levantina,1
astringent,1
plucking,1
bringing,1
interven,1
scientific,1
interference,1
descending,1
materiales,1
pologica,1
located,1
archeobotaniche,1
sous,1
palaeoecology,1
life,1
intrusions,1
fin,1
plans,1
trials,1
return,1
forward,1
exception,1
recolte,1
vulgare,1
cared,1
reduce,1
romagna,1
slower,1
intervention,1
expanded,1
couvert,1
ice,1
sars,1
mesorias,1
etnograficos,1
settings,1
va,1
tends,1
com,1
southeast,1
unas,1
diputacion,1
about,1
retrieved,1
rubbing,1
listed,1
gmbh,1
zaragoza,1
olithic,1
donnees,1
push,1
happened,1
thought,1
vegetali,1
array,1
vigital,1
riverine,1
lbmar,1
restricted,1
challenged,1
specimens,1
perceived,1
guerra,1
tain,1
hoces,1
versidad,1
historia,1
demographical,1
poison,1
complete,1
trb,1
clusion,1
lacked,1
procedentes,1
experimental,1
ed,1
dna,1
outlined,1
hay,1
boiling,1
memorial,1
problemas,1
caractirisation,1
weaning,1
predominate,1
silos,1
provincia,1
consumo,1
holoceno,1
considers,1
longer,1
useful,1
fix,1
uestudi,1
rinfluence,1
french,1
skill,1
rubani,1
tet,1
monocropping,1
power,1
mark,1
reals,1
toward,1
academy,1
avail,1
stud,1
zuheros,1
tremendous,1
added,1
adobe,1
proposi,1
water,1
depopulated,1
peared,1
pendence,1
aragonaises,1
barra,1
consideration,1
otanical,1
cavations,1
sisting,1
buxo,1
villa,1
tolerate,1
subsistencia,1
gested,1
aires,1
casos,1
unidentified,1
agree,1
mountainous,1
bovids,1
predominated,1
inevitably,1
habitat,1
zilhao,1
culti,1
largo,1
monoc,1
grows,1
badal,1
contemporary,1
variation,1
miditerranie,1
nuclear,1
man,1
primo,1
poblados,1
observes,1
external,1
documents,1
mor,1
setigerum,1
procurement,1
conclusions,1
outside,1
antropologia,1
everyday,1
pafs,1
ground,1
penin,1
santiago,1
tir,1
ikaskuntza,1
medioevo,1
coarse,1
plained,1
establish,1
non,1
soft,1
less,1
dolni,1
forth,1
containers,1
morocco,1
cataluna,1
indet,1
hu,1
pened,1
botanik,1
reconstructing,1
beta,1
flint,1
ignoring,1
chalcolithic,1
fane,1
spal,1
ethiopia,1
blasco,1
remarkably,1
gestions,1
valleys,1
bibliographic,1
querns,1
original,1
von,1
synonym,1
ject,1
aggregation,1
baskets,1
programa,1
collecting,1
exploring,1
investment,1
dimensions,1
metales,1
ambientales,1
lydia,1
berghahn,1
examples,1
birth,1
restrictions,1
treated,1
absolutas,1
complejo,1
discovery,1
aspectos,1
upon,1
accompanying,1
values,1
rem,1
rapidity,1
ce,1
deposits,1
memorias,1
delicate,1
previously,1
sixth,1
dispersals,1
manifestations,1
goes,1
genetically,1
culinaris,1
asentamiento,1
findings,1
lecture,1
complement,1
determining,1
largely,1
tertre,1
unculti,1
juan,1
prov,1
archaeobotanists,1
derniers,1
workloads,1
qimatica,1
cooked,1
nothing,1
continue,1
datations,1
fer,1
swasia,1
chronologi,1
condi,1
rojo,1
macro,1
markers,1
previous,1
luz,1
deforestation,1
dismissed,1
advantages,1
temas,1
sammardenchia,1
complutum,1
described,1
vii,1
groupes,1
attraction,1
pirineos,1
rejected,1
ternal,1
significance,1
landscapes,1
ramaders,1
ren,1
reward,1
tories,1
oc,1
peripheral,1
cambios,1
obtaining,1
tail,1
dominated,1
tetta,1
individual,1
deb,1
defensive,1
liberate,1
allowed,1
revised,1
ejemplo,1
valen,1
function,1
summer,1
pj,1
geographical,1
kept,1
probable,1
ecology,1
improved,1
preservation,1
zamora,1
marinval,1
antico,1
agri,1
facing,1
fatal,1
internal,1
inicio,1
agricultors,1
trying,1
archaeometry,1
aegean,1
ografia,1
become,1
contact,1
deliberate,1
retintos,1
structure,1
analysis,1
medinaceli,1
natu,1
usa,1
polinicos,1
bal,1
yacimiento,1
differ,1
profane,1
southwest,1
workshop,1
recursos,1
estudis,1
premiers,1
postholes,1
famine,1
joussaume,1
comunitd,1
caution,1
controversial,1
modifications,1
propose,1
brewing,1
immigration,1
tence,1
division,1
publicaciones,1
terri,1
dietary,1
gen,1
reflexiones,1
tore,1
revolution,1
things,1
morbihannais,1
seasons,1
cantabrico,1
arqueobotanicos,1
extracted,1
para,1
imply,1
modification,1
aid,1
paleobotamca,1
dual,1
dellttalia,1
transformations,1
delhi,1
cortizas,1
tuments,1
processed,1
lot,1
sometimes,1
figure,1
neolftica,1
anos,1
willingly,1
lum,1
iberico,1
vision,1
unbro,1
naturally,1
staples,1
ideology,1
palynologique,1
rior,1
quera,1
begin,1
activate,1
inside,1
contributi,1
attitude,1
fewer,1
segovia,1
lateglacial,1
slow,1
ecol,1
starch,1
cultivses,1
publi,1
gibaja,1
detailed,1
espanol,1
aiios,1
ligure,1
pisum,1
began,1
floor,1
lives,1
espanola,1
troduction,1
contribution,1
sequences,1
donostia,1
rapidly,1
length,1
littoral,1
antiquity,1
lipids,1
graphical,1
es,1
construction,1
jovades,1
turbed,1
surprising,1
respect,1
pena,1
supporting,1
commemoration,1
geogaceta,1
aude,1
unusual,1
problematic,1
mediterraneo,1
resemble,1
conservation,1
fac,1
funiraire,1
exchanged,1
diversidad,1
stable,1
biology,1
interpetation,1
carpological,1
addressed,1
forests,1
proof,1
variable,1
heavy,1
gatherer,1
monocrops,1
storia,1
associated,1
excep,1
caracteres,1
indeterminate,1
outlier,1
pleistoceno,1
vegetals,1
refute,1
girona,1
complexity,1
version,1
changing,1
husos,1
olitico,1
conjunction,1
ism,1
habitation,1
rodanes,1
manual,1
suppl,1
simply,1
guillem,1
postcardial,1
gorbeia,1
implied,1
lam,1
physical,1
ignore,1
vacant,1
circaea,1
besides,1
esparto,1
meat,1
triggers,1
offers,1
statistical,1
ideol,1
delibes,1
mis,1
ni,1
vestonice,1
extant,1
gard,1
each,1
exeter,1
worth,1
december,1
ratio,1
inclined,1
proposito,1
global,1
extraction,1
exploration,1
lbk,1
nutritious,1
believe,1
incorporating,1
monotonous,1
dur,1
half,1
temper,1
basins,1
constructions,1
pardo,1
scenario,1
minimized,1
primeras,1
macaroni,1
milk,1
er,1
linum,1
atxoste,1
picks,1
siglo,1
privileged,1
houses,1
reflected,1
decline,1
differed,1
dicocc,1
placing,1
pour,1
passage,1
forks,1
living,1
options,1
better,1
places,1
beginning,1
datationes,1
regulations,1
terpretation,1
unlikely,1
jimenez,1
economy,1
situados,1
whether,1
form,1
references,1
uninhabited,1
mp,1
quote,1
nearby,1
tintorer,1
min,1
chain,1
maintain,1
diaz,1
artifactual,1
seccidn,1
edinburgh,1
holo,1
transactions,1
fanners,1
penetration,1
adaptation,1
fully,1
fachada,1
geoarqueologia,1
periphery,1
hernandez,1
prestige,1
adaptaciones,1
fodder,1
weedy,1
migrations,1
neolitics,1
mesolftico,1
operatoire,1
influenced,1
springer,1
indigenismo,1
alcohol,1
suggests,1
size,1
mediterra,1
spaces,1
conference,1
mir,1
radically,1
persistently,1
outline,1
presented,1
plantes,1
lambs,1
careful,1
londres,1
ruled,1
pits,1
submeseta,1
dough,1
caryopses,1
introduced,1
despite,1
lications,1
atmospheric,1
beer,1
centro,1
belgium,1
ken,1
giving,1
lies,1
etry,1
assumptions,1
neolitica,1
substance,1
commodities,1
domesticates,1
iriarte,1
obtain,1
lab,1
archaeob,1
superior,1
copper,1
binomials,1
using,1
allows,1
hap,1
brewed,1
lirnite,1
migrationismo,1
ulmer,1
whittle,1
northeast,1
levantinos,1
question,1
algunos,1
determinism,1
cuadernos,1
formation,1
adopting,1
tell,1
monumentales,1
invasion,1
argues,1
reveals,1
caloric,1
generate,1
disposal,1
proteins,1
finding,1
pintados,1
herds,1
frame,1
strikingly,1
grant,1
latecomers,1
accept,1
dangerous,1
postdepositionales,1
brain,1
approximately,1
bilbao,1
include,1
socially,1
environ,1
clearest,1
smaller,1
regular,1
southeastern,1
attributes,1
effects,1
submerges,1
spectrometry,1
retrieval,1
off,1
quaternari,1
quotidien,1
depto,1
bigger,1
speak,1
ships,1
agropastoral,1
roles,1
comparison,1
ied,1
demo,1
indagini,1
drift,1
removed,1
passages,1
certainty,1
tality,1
clarify,1
km,1
interdisciplinary,1
mason,1
themselves,1
territorios,1
text,1
vary,1
individualistic,1
temperatures,1
dehusked,1
readdressed,1
create,1
ibsrique,1
deposition,1
firstly,1
exclusively,1
propagules,1
sciences,1
entire,1
surveys,1
interaction,1
divergent,1
dental,1
duration,1
pensando,1
immediately,1
mature,1
bedding,1
stockage,1
calories,1
dos,1
col,1
socialities,1
showed,1
primera,1
tors,1
major,1
costly,1
heterogeneous,1
thorough,1
allele,1
