WORDCOUNTS,WEIGHT
the,7
of,5
volume,3
to,2
reprinted,2
journal,2
world,2
reprint,2
this,2
prehistory,2
a,2
have,2
original,2
some,2
synthetic,1
jonathan,1
on,1
in,1
may,1
omitted,1
from,1
service,1
ny,1
add,1
number,1
company,1
period,1
available,1
publisher,1
golden,1
by,1
best,1
m,1
as,1
rowan,1
yorke,1
page,1
southern,1
printed,1
was,1
pagination,1
advertisements,1
chalcolithic,1
been,1
note,1
irregular,1
copy,1
not,1
volumes,1
cases,1
and,1
which,1
do,1
with,1
full,1
value,1
review,1
reproduced,1
edition,1
periodicals,1
permission,1
paper,1
scholarly,1
