WORDCOUNTS,WEIGHT
the,1111
of,743
in,512
and,474
a,272
to,258
is,249
settlement,166
be,147
as,133
on,131
are,129
at,112
it,106
there,100
neolithic,97
this,97
with,95
for,93
by,89
from,86
that,84
not,79
or,78
been,77
but,73
sites,71
has,71
may,69
have,61
was,57
more,57
such,56
other,53
patterns,51
j,50
one,49
also,49
europe,48
an,44
were,44
which,42
evidence,42
der,41
although,41
lbk,40
site,40
these,40
settlements,39
pattern,39
area,39
some,38
p,37
pp,36
m,33
temperate,33
areas,33
into,32
plain,32
survey,32
phase,30
study,30
only,29
about,28
its,27
can,27
pottery,27
rather,26
whittle,26
regional,25
both,25
land,25
western,24
scale,24
i,24
much,24
all,23
great,23
small,23
use,23
individual,23
very,23
c,23
development,22
et,22
enclosures,22
large,21
within,21
hungarian,21
east,20
parts,20
well,20
valley,20
fig,19
even,19
southern,19
agricultural,19
little,19
die,19
between,19
early,19
case,18
millennium,18
earlier,18
two,18
s,18
northern,18
platte,18
later,17
studies,17
eastern,17
than,17
their,17
important,17
first,17
culture,17
detail,17
possible,16
since,16
houses,16
third,16
landscape,16
surface,16
late,16
further,16
aldenhovener,16
example,16
larger,16
similar,16
social,16
central,15
oxford,15
r,15
around,15
yet,15
many,15
material,15
valleys,15
period,15
problems,15
university,15
distribution,15
excavation,14
archaeol,14
excavations,14
house,14
change,14
few,14
bar,14
present,14
archaeological,14
so,14
seen,14
if,13
nature,13
no,13
most,13
up,13
discussed,13
another,13
smaller,13
now,12
suggested,12
part,12
whole,12
field,12
langweiler,12
considerable,12
ditched,12
would,12
fen,12
what,12
cambridge,12
remains,12
themselves,12
major,12
edge,11
linear,11
west,11
along,11
loess,11
age,11
could,11
out,11
still,11
same,11
again,11
where,11
must,11
extensive,11
over,11
flint,11
different,11
while,11
level,11
varied,11
far,10
above,10
jutland,10
changes,10
zone,10
occupation,10
aspects,10
burial,10
basis,10
research,10
cattle,10
expansion,10
perhaps,10
local,10
including,10
sequence,10
dispersed,10
intensive,10
plans,10
conditions,10
recent,10
does,9
long,9
point,9
g,9
kind,9
ausgrabungen,9
main,9
across,9
n,9
w,9
problem,9
basin,9
pollen,9
near,9
koros,9
f,9
poland,9
variation,9
number,9
range,9
recovery,9
analysis,9
here,9
cultivation,9
copper,9
enclosure,9
km,9
should,9
germany,8
seems,8
british,8
ritual,8
used,8
dates,8
phases,8
mesolithic,8
without,8
how,8
process,8
numbers,8
im,8
fourth,8
artifacts,8
hungary,8
kultur,8
archaeology,8
results,8
units,8
under,8
published,8
ceramic,8
time,8
contemporary,8
examples,8
made,8
significant,8
low,8
ireland,8
co,8
general,8
probably,8
occupied,8
rheinischen,8
european,8
provide,8
monuments,8
detailed,8
itself,8
any,8
pits,8
budapest,8
d,8
north,8
denmark,7
might,7
context,7
verlag,7
primary,7
zur,7
obvious,7
siedlungen,7
ment,7
h,7
remain,7
b,7
means,7
river,7
view,7
initial,7
akademie,7
though,7
based,7
london,7
soil,7
wider,7
coast,7
und,7
finds,7
society,7
south,7
span,7
situation,7
barrows,7
available,7
covered,7
less,7
mayo,7
processes,7
continue,7
radiocarbon,7
decorated,7
k,7
we,7
gmbh,7
continued,7
chance,7
forest,7
known,7
colonization,7
worth,7
seem,7
danish,7
focus,7
difficult,6
polish,6
chalk,6
they,6
bei,6
stone,6
mit,6
lower,6
concentrated,6
archdologie,6
subsequent,6
those,6
tell,6
agriculture,6
akademiai,6
cemeteries,6
de,6
concentrations,6
given,6
elsloo,6
apparently,6
coastal,6
subsistence,6
von,6
developments,6
consider,6
organization,6
upper,6
appear,6
greater,6
closely,6
prehistoric,6
produced,6
because,6
apparent,6
baden,6
structures,6
clearance,6
t,6
excavated,6
least,6
below,6
suggest,6
several,6
masking,6
essentially,6
chronological,6
blanket,6
appearance,6
interpretation,6
den,6
picture,6
paris,6
see,6
investigated,6
bylany,6
clear,6
lie,6
bandkeramische,6
become,6
millennia,6
covering,6
down,6
report,6
particularly,6
clearly,6
them,6
des,6
through,6
besiedlung,6
survival,6
roughly,6
second,6
siedlung,5
institut,5
distributed,5
modern,5
being,5
either,5
implications,5
slowakischen,5
existence,5
activity,5
kuper,5
due,5
danube,5
cases,5
back,5
served,5
devavanya,5
walls,5
l,5
basic,5
levels,5
survives,5
rescue,5
space,5
recovered,5
beyond,5
permanent,5
had,5
found,5
begun,5
density,5
photography,5
recently,5
population,5
emphasis,5
partly,5
documented,5
surrounding,5
anglia,5
systematic,5
project,5
status,5
regions,5
hard,5
contrast,5
when,5
progress,5
settle,5
likely,5
single,5
chronology,5
projects,5
water,5
lack,5
end,5
do,5
v,5
olszanica,5
vast,5
deposits,5
band,5
open,5
discovered,5
three,5
megaliths,5
often,5
relevant,5
fields,5
considered,5
aerial,5
merzbach,5
each,5
sampling,5
archaologisches,5
better,5
leiden,5
economy,5
investigation,5
whether,5
covers,5
thames,5
periphery,5
sea,5
isles,5
aldenhoven,5
observation,5
potential,5
roessen,4
alone,4
village,4
ways,4
kr,4
sherratt,4
hamlets,4
secondary,4
england,4
comparatively,4
pps,4
court,4
date,4
investigations,4
system,4
side,4
gaps,4
key,4
right,4
dutch,4
x,4
resources,4
mid,4
thus,4
review,4
bodrogkeresztur,4
against,4
intact,4
terraces,4
bone,4
cf,4
mixed,4
continuous,4
communities,4
whose,4
bog,4
developed,4
sort,4
certain,4
special,4
four,4
show,4
leidensia,4
societies,4
erosion,4
noting,4
academic,4
appears,4
residential,4
possibility,4
beaker,4
cambridgeshire,4
ditches,4
floodplain,4
tiszapolgar,4
irish,4
away,4
fieldwork,4
aa,4
praehist,4
involved,4
siedlungsplatz,4
presence,4
provided,4
lengyel,4
diiren,4
will,4
limited,4
onward,4
movement,4
longhouses,4
competition,4
restricted,4
favorable,4
lowland,4
useful,4
plan,4
environs,4
kreis,4
external,4
zealand,4
understanding,4
discussion,4
homesteads,4
numerous,4
rare,4
full,4
vistula,4
dating,4
theoretical,4
points,4
bonn,4
high,4
antiquity,4
after,4
preservation,4
especially,4
mil,4
widely,4
division,4
clusters,4
factors,4
carried,4
signs,4
order,4
tisza,4
earliest,4
continues,4
set,4
best,4
rheinland,4
current,4
then,4
associated,4
distinctive,4
animal,4
beginning,4
combined,4
ones,4
nearby,4
extent,4
linearkeramik,4
bonner,4
suggests,4
preserved,4
shetland,4
lies,4
koln,4
allows,4
question,4
until,4
instructive,4
differentiation,4
years,4
specific,4
aisne,4
debate,4
observed,4
ribbon,3
final,3
caulfield,3
way,3
concerned,3
affected,3
environmental,3
rhine,3
considerably,3
introduction,3
gem,3
formed,3
trackway,3
easily,3
considerations,3
former,3
presents,3
nineteenth,3
subsite,3
hienheim,3
rapid,3
location,3
discerned,3
possibilities,3
broken,3
potentially,3
synthesis,3
able,3
hunting,3
monograph,3
products,3
take,3
styles,3
last,3
slovakia,3
marine,3
raised,3
contents,3
peterborough,3
masked,3
cleared,3
discuss,3
lignite,3
alluvium,3
account,3
marked,3
soils,3
kruk,3
conflict,3
andrew,3
aus,3
halle,3
realized,3
hierarchy,3
raises,3
untersuchungen,3
uniformity,3
amount,3
herpaly,3
waterlogged,3
terrace,3
weathering,3
recognized,3
growth,3
importance,3
derived,3
supposed,3
lennium,3
clay,3
exca,3
sorts,3
continuity,3
organized,3
argued,3
too,3
graves,3
followed,3
linearbandkeramik,3
dominant,3
providing,3
wiltshire,3
big,3
neighboring,3
neolithischen,3
treat,3
otherwise,3
directly,3
interfluves,3
scatters,3
tributary,3
plow,3
broad,3
middle,3
ontario,3
winter,3
floors,3
horizon,3
approach,3
eine,3
fallow,3
dramatic,3
boundaries,3
differing,3
visible,3
world,3
rossener,3
structured,3
preliminary,3
critical,3
therefore,3
he,3
absence,3
various,3
economic,3
edges,3
make,3
soon,3
mobile,3
light,3
already,3
begins,3
increasingly,3
toward,3
outside,3
riverine,3
new,3
surfaces,3
succeeding,3
anglian,3
bronocice,3
formation,3
model,3
unit,3
continuing,3
unclear,3
day,3
interpreted,3
survive,3
anal,3
own,3
assemblages,3
formal,3
region,3
scatter,3
empirical,3
expression,3
questions,3
clue,3
like,3
function,3
collected,3
provides,3
latter,3
exchange,3
include,3
systems,3
mining,3
alpine,3
relation,3
shallow,3
etton,3
figures,3
tendency,3
destruction,3
attention,3
microregions,3
relationship,3
note,3
usually,3
five,3
impressive,3
fenland,3
cereal,3
contribution,3
sequences,3
methods,3
reihe,3
face,3
differentiated,3
series,3
theme,3
bronze,3
peat,3
alternative,3
jahrbucher,3
control,3
readily,3
cemetery,3
specialized,3
setting,3
post,3
obviously,3
antiq,3
evident,3
scord,3
szakalhat,3
according,3
unlikely,3
notable,3
particular,3
noticeable,3
artifactual,3
edinburgh,3
shippea,3
information,3
carpathian,3
circumstances,3
careful,3
uniform,3
despite,3
sittard,3
z,3
soudsky,3
camps,3
gravel,3
need,3
wroclaw,3
increased,3
aachen,3
comparison,3
hills,3
activities,3
substantial,3
northwestern,3
among,3
southeastern,3
hypothesis,3
mortuary,2
rate,2
limits,2
common,2
estimated,2
groups,2
imported,2
separated,2
represent,2
northeast,2
territorial,2
berlin,2
expect,2
group,2
shoreline,2
confidence,2
paddocks,2
completely,2
biikk,2
ranges,2
necessarily,2
organic,2
history,2
tells,2
before,2
something,2
assume,2
moravia,2
par,2
cutting,2
tends,2
upland,2
permanence,2
certainly,2
connection,2
merzbachtal,2
season,2
akademia,2
veb,2
definition,2
dramatically,2
layout,2
homestead,2
accompanied,2
highland,2
differences,2
indeed,2
spaced,2
studied,2
atlantic,2
procedure,2
fundamenta,2
picardie,2
das,2
help,2
inland,2
alden,2
mind,2
interfluvial,2
growing,2
louwe,2
interfluve,2
univ,2
cherry,2
depends,2
evaluation,2
proc,2
fens,2
recorded,2
u,2
stretching,2
design,2
illustrate,2
archeoi,2
intensively,2
move,2
henge,2
variations,2
except,2
ansiedlung,2
sweet,2
collection,2
hovener,2
keramik,2
labor,2
human,2
throughout,2
royal,2
bandkeramik,2
pit,2
timber,2
southwestern,2
immediate,2
copenhagen,2
illustrates,2
author,2
scarce,2
interest,2
relatively,2
term,2
century,2
expected,2
szatmar,2
dis,2
turn,2
nor,2
items,2
response,2
slov,2
compare,2
find,2
y,2
communication,2
details,2
wet,2
envisage,2
poorly,2
hamlet,2
interesting,2
abbreviation,2
york,2
bull,2
german,2
his,2
generations,2
fair,2
regeszeti,2
tybrind,2
goes,2
causewayed,2
landscapes,2
suited,2
siting,2
distant,2
animals,2
seamas,2
neolithische,2
affect,2
marks,2
locally,2
established,2
emergence,2
linked,2
elsewhere,2
just,2
traces,2
celli,2
northeastern,2
suffolk,2
stonehenge,2
situations,2
opportunistic,2
carpathians,2
exploited,2
shorter,2
ufersiedlungen,2
tringham,2
syntheses,2
preference,2
creeks,2
kegan,2
called,2
requirements,2
inter,2
cultural,2
equal,2
lowlands,2
cannot,2
dispersal,2
placed,2
impression,2
vig,2
deutscher,2
none,2
mapped,2
work,2
bc,2
steep,2
surrounded,2
concept,2
mildenhall,2
comment,2
revealed,2
woodland,2
loss,2
soc,2
island,2
place,2
refined,2
contains,2
personal,2
estuary,2
hambledon,2
my,2
good,2
solution,2
presented,2
stage,2
reliable,2
nidzica,2
teil,2
next,2
le,2
mediterranean,2
diagnostic,2
belt,2
intervals,2
inst,2
kalicz,2
concerns,2
temporary,2
usual,2
villages,2
tended,2
brown,2
fully,2
kuitur,2
appropriate,2
cairn,2
cite,2
variety,2
taken,2
populations,2
britain,2
gradual,2
legumes,2
classic,2
exception,2
poor,2
prove,2
lough,2
garden,2
surviving,2
initially,2
grooved,2
backed,2
spectacular,2
southeast,2
conventional,2
vicinity,2
guide,2
vallee,2
patches,2
contributing,2
coherence,2
fieldwalking,2
twann,2
museum,2
examined,2
coverage,2
rules,2
happened,2
serve,2
belderg,2
fifth,2
diagrams,2
generalized,2
trb,2
shifting,2
overlapping,2
largest,2
department,2
reports,2
noted,2
people,2
rise,2
avoided,2
longer,2
westward,2
mark,2
bring,2
others,2
put,2
missing,2
fact,2
shows,2
cairns,2
consideration,2
occurrence,2
striking,2
match,2
fruhneolithische,2
nucleated,2
diagram,2
forms,2
polska,2
corollary,2
enough,2
hand,2
ground,2
purposes,2
axes,2
analyses,2
deep,2
chronologically,2
belief,2
frequency,2
assemblage,2
gives,2
locations,2
ticularly,2
regionally,2
original,2
aggregation,2
precluded,2
background,2
discovery,2
generalizations,2
enormous,2
sixth,2
strongly,2
contacts,2
prospection,2
varying,2
skara,2
flevoland,2
factor,2
real,2
auf,2
check,2
complicated,2
stress,2
hampered,2
dominated,2
peter,2
spread,2
serves,2
dry,2
internal,2
parallel,2
spreads,2
narrow,2
interpretations,2
scales,2
bryn,2
foreland,2
obsidian,2
cranborne,2
displacements,2
postholes,2
joint,2
evaluated,2
parish,2
topography,2
chances,2
irregular,2
fairly,2
sometimes,2
claimed,2
program,2
suspected,2
hill,2
begin,2
slow,2
becomes,2
referred,2
recognize,2
rapidly,2
la,2
settled,2
dans,2
landnam,2
respect,2
ing,2
get,2
stable,2
nordisk,2
dorset,2
rarely,2
monument,2
grand,2
grabungen,2
simply,2
reinforced,2
grazing,2
somerset,2
welland,2
cover,2
know,2
country,2
cm,2
difficulty,2
interrupted,2
paper,2
sheep,2
brzesc,2
argue,2
anthropol,2
half,2
milk,2
historical,2
domesticated,2
past,2
table,2
explanations,2
preexisting,2
carefully,2
spatial,2
stability,2
form,2
references,2
acad,2
add,2
baltic,2
episode,2
alfold,2
size,2
cluster,2
spaces,2
hurst,2
determined,2
recognition,2
transition,2
com,2
measure,2
bradley,2
isolated,2
ein,2
come,2
models,2
spring,2
spacing,2
difference,2
plowing,2
disposal,2
ware,2
zones,2
archeol,2
zum,2
socially,2
organisation,2
involving,2
earthen,2
tributaries,2
extremely,2
needs,2
partial,2
deposition,2
element,2
surveys,2
abandoned,2
immediately,2
strong,2
downland,2
broader,2
built,2
occur,2
richly,2
praehistorica,2
urfriihge,1
frequent,1
impossibility,1
go,1
bassin,1
allegedly,1
lond,1
o,1
vor,1
sussex,1
loessic,1
altesten,1
oost,1
horizontal,1
forschungen,1
destroying,1
fertile,1
medieval,1
rev,1
generated,1
ranean,1
tion,1
names,1
corporate,1
keller,1
designated,1
created,1
devanvanya,1
extreme,1
coll,1
legitimate,1
uplands,1
wissenschaften,1
offset,1
e,1
magnetic,1
adoption,1
totally,1
succession,1
bayerischen,1
ertesito,1
string,1
debris,1
trations,1
elaborately,1
likewise,1
told,1
drawback,1
letter,1
truncation,1
traded,1
kinds,1
defences,1
tend,1
kujawskim,1
designed,1
kristiansen,1
tures,1
usefully,1
picking,1
derivative,1
strictly,1
salinity,1
fra,1
environment,1
slady,1
boulder,1
morainic,1
jungeren,1
tied,1
reasonably,1
earnest,1
intermontane,1
hutchin,1
dorf,1
undertaken,1
committee,1
encourage,1
individually,1
stretches,1
accentuated,1
pots,1
unite,1
connotations,1
skrifter,1
track,1
wstegowej,1
leipzig,1
source,1
detected,1
strikes,1
farruggia,1
academia,1
limestone,1
generalization,1
discontinuously,1
jdrds,1
test,1
odense,1
accumulation,1
incomplete,1
archaeologists,1
gap,1
stressed,1
sources,1
barriers,1
every,1
aufgaben,1
megalithgraber,1
preceding,1
urgeschichte,1
unesl,1
interests,1
inconceivable,1
originally,1
ii,1
give,1
attempts,1
vztahov,1
contrasted,1
kilometers,1
grossen,1
actual,1
worked,1
absurd,1
emerged,1
stretch,1
freely,1
switzerland,1
supplied,1
mitteleuropas,1
strip,1
damaged,1
vl,1
zwiazane,1
reach,1
systematically,1
onwards,1
archaeologically,1
tradition,1
crops,1
explores,1
agrarian,1
belong,1
suggesting,1
generalize,1
simple,1
overfocused,1
monitor,1
farmers,1
rhineland,1
accumulated,1
exotic,1
exceptionally,1
franc,1
producing,1
follows,1
thanks,1
closer,1
reveal,1
onto,1
vergangenen,1
tellsiedlung,1
julicher,1
ribbons,1
bandkeramiker,1
lawlike,1
achieved,1
wahrend,1
studier,1
vegetation,1
emphasized,1
stand,1
erforschung,1
pean,1
colluvium,1
gridlike,1
ceskoslovenske,1
reading,1
reauty,1
optimistic,1
checked,1
knocka,1
relationships,1
patterning,1
bohemia,1
el,1
papers,1
gur,1
cracow,1
akin,1
datable,1
empty,1
con,1
badische,1
depending,1
badly,1
islands,1
roy,1
graberfeld,1
stakeholes,1
toftum,1
task,1
draws,1
sought,1
ivjl,1
nology,1
incorporate,1
reminder,1
dynamics,1
indirectly,1
vol,1
quantities,1
probing,1
dismantling,1
madsen,1
baggrund,1
condition,1
burning,1
establishing,1
reaction,1
boureux,1
mittelneolithischen,1
flank,1
keramische,1
apart,1
taking,1
say,1
cwrns,1
badenskej,1
establishment,1
vated,1
helinium,1
fur,1
quantity,1
cited,1
desirable,1
bottom,1
monu,1
apply,1
reverting,1
undoubtedly,1
correlation,1
mesoamerican,1
plenty,1
eroded,1
doby,1
prevented,1
conclusively,1
plowed,1
unrecognized,1
separating,1
reliably,1
localized,1
interestingly,1
funded,1
exposed,1
braunkohlengebiet,1
optimism,1
gruppe,1
centralized,1
prehist,1
iron,1
includes,1
prague,1
denying,1
surely,1
entwicklung,1
southampton,1
rv,1
neighbor,1
definitely,1
thinner,1
run,1
contemporaneous,1
materialhefte,1
interior,1
analyzing,1
polsce,1
siedlungsarchaologischen,1
cwrr,1
neighbors,1
arable,1
danger,1
ijssel,1
characteristic,1
juxtaposition,1
czechoslovak,1
moment,1
jahres,1
acta,1
passage,1
kuml,1
lasts,1
attested,1
occurs,1
afford,1
walter,1
facet,1
pig,1
dozen,1
tysiacleciu,1
complex,1
neolithikum,1
extensively,1
thank,1
admitted,1
cations,1
evaluate,1
waits,1
cerns,1
rur,1
precludes,1
drainage,1
elements,1
old,1
innovation,1
places,1
perspective,1
canal,1
burren,1
greifensee,1
rheinlands,1
vom,1
refer,1
zemedelcu,1
sonderheft,1
ha,1
sedentaires,1
justifiable,1
schussenried,1
wholly,1
started,1
suitable,1
compared,1
ditch,1
criterion,1
estimate,1
thin,1
incompletely,1
sci,1
coinciding,1
hultury,1
hodder,1
journal,1
kutna,1
practically,1
overemphasize,1
krakow,1
decline,1
mahrischer,1
ignore,1
osadnicze,1
hardly,1
circled,1
sudlichen,1
competitive,1
unfortunate,1
depths,1
ments,1
anfange,1
kultury,1
exten,1
higher,1
lesser,1
assessed,1
kyjovice,1
transhumance,1
disposed,1
essential,1
dissertationes,1
identification,1
predicted,1
settiement,1
acid,1
folkestone,1
purely,1
fundberichte,1
ploughed,1
absent,1
centered,1
neuchatel,1
reminding,1
compatible,1
grossgartacher,1
megalithic,1
influential,1
square,1
lindenthal,1
appreciation,1
explicit,1
biggest,1
centimeters,1
flanks,1
oberrheinebene,1
broaden,1
incidence,1
stuttgart,1
approaches,1
akademii,1
explicitly,1
opportunity,1
curvilinear,1
platz,1
proportion,1
ddu,1
tiszapolgdr,1
direct,1
cardiff,1
tidal,1
partially,1
revelation,1
nos,1
aiding,1
stein,1
scania,1
bishopstone,1
evolution,1
burials,1
summarized,1
arbor,1
origins,1
consequences,1
scattered,1
vestjyllands,1
vorge,1
reinterpretation,1
analy,1
reason,1
accounts,1
palaeoecohgical,1
injury,1
wagon,1
presently,1
colonizing,1
friebritz,1
pared,1
ation,1
bogs,1
possibly,1
foothills,1
objects,1
imposing,1
familiar,1
descent,1
cwk,1
geschichte,1
dated,1
paysans,1
presumably,1
vidual,1
impact,1
record,1
aly,1
miiddersheim,1
frequently,1
periodically,1
presumed,1
austrian,1
envisages,1
lakr,1
underwater,1
delta,1
resource,1
challenged,1
exotics,1
indications,1
isolation,1
linienbandkeramik,1
domesticate,1
toronto,1
litorina,1
orkneys,1
eec,1
niedermerz,1
belgian,1
exploitation,1
puts,1
plenum,1
answers,1
cawns,1
destructive,1
og,1
respected,1
sread,1
provisional,1
strategy,1
decades,1
native,1
cut,1
polskiej,1
howwithin,1
anlaeg,1
bandkeramischen,1
gebiet,1
thinks,1
whereas,1
originality,1
corvina,1
raw,1
worries,1
plank,1
uses,1
result,1
advance,1
remembered,1
anthropogenic,1
pastoral,1
chronologie,1
laziness,1
laid,1
identifying,1
introduce,1
concentration,1
plateau,1
harder,1
six,1
siedlungskammern,1
opatowiec,1
plot,1
faunal,1
critically,1
midden,1
access,1
mapping,1
struc,1
opportun,1
centers,1
dunes,1
scotland,1
shared,1
belle,1
fishing,1
cmentarzysko,1
yngre,1
rudolf,1
relate,1
centrally,1
pioneer,1
neolithikums,1
emerge,1
percentages,1
hernad,1
nordvestsjaellands,1
pitfalls,1
cores,1
representative,1
irregularly,1
pre,1
frontage,1
bekes,1
fans,1
midlands,1
sparse,1
staples,1
ann,1
outset,1
reasons,1
buried,1
versity,1
stressing,1
effect,1
province,1
tools,1
intensity,1
suffered,1
biases,1
applied,1
excellent,1
erratic,1
appearing,1
wealth,1
amenable,1
microregion,1
procedures,1
siedlungsareals,1
absolute,1
abandonments,1
necromantic,1
envisaged,1
danmark,1
rectilinear,1
wide,1
acknowledgments,1
brgk,1
gods,1
structure,1
gained,1
eustatic,1
scene,1
unraveled,1
confluences,1
briefly,1
findspots,1
nakladatelstvi,1
having,1
flannery,1
continuingly,1
justly,1
data,1
literature,1
acidic,1
inferred,1
hung,1
kits,1
received,1
mitteleuropa,1
start,1
hints,1
rheinische,1
nearest,1
jej,1
prompted,1
palaeo,1
occupants,1
crude,1
woodworking,1
pryor,1
norm,1
proportions,1
knowledge,1
eckert,1
overlay,1
clearer,1
confined,1
inorganic,1
studia,1
multiplied,1
ten,1
geology,1
anti,1
westhay,1
year,1
misinterpreted,1
boden,1
q,1
during,1
alasdair,1
expansive,1
collective,1
inspire,1
truncated,1
concentrate,1
round,1
falling,1
mentioning,1
mitteldeutsche,1
neugebauer,1
thereafter,1
jahre,1
ashbee,1
huta,1
bikes,1
mitlelneolithischen,1
smallest,1
doubtful,1
premiers,1
nemejkova,1
miss,1
cruder,1
graph,1
wheat,1
hillside,1
trends,1
markedly,1
hidden,1
sampled,1
absorb,1
imports,1
related,1
pick,1
creating,1
kujawaski,1
vening,1
mesopotamia,1
juhovchodnej,1
indi,1
galabnik,1
bischheim,1
caused,1
sharper,1
distances,1
buildings,1
revolution,1
tested,1
prevalence,1
indicators,1
trebled,1
cambrensis,1
things,1
emerging,1
orient,1
bank,1
hayland,1
cellular,1
sufficient,1
fraught,1
relinings,1
highly,1
felevage,1
suscepti,1
tation,1
berettyo,1
posthole,1
germania,1
startling,1
vacuum,1
alluvial,1
impossible,1
core,1
managed,1
annual,1
self,1
decisive,1
dependent,1
befaestede,1
cereals,1
lithikums,1
braunkohlenrevier,1
confluence,1
bokonyi,1
grubenhauser,1
moved,1
rest,1
sporadic,1
hora,1
schematic,1
subsequently,1
periods,1
micro,1
tombs,1
dyrkningsspor,1
bemalter,1
led,1
transform,1
istic,1
reduced,1
minor,1
sensu,1
inhabitants,1
matter,1
practices,1
behavioural,1
attributable,1
chase,1
gather,1
identified,1
runoff,1
indicative,1
doctoral,1
short,1
located,1
overall,1
comparative,1
barley,1
bis,1
schemes,1
corporation,1
interiors,1
unstable,1
rubanes,1
ogisches,1
planks,1
periodizacie,1
acutely,1
constraints,1
reduce,1
runny,1
stratigraphy,1
vulnerable,1
reconstruction,1
dwellings,1
fenlands,1
slower,1
indicates,1
ungarischen,1
comments,1
mede,1
studien,1
outer,1
fornham,1
surveyed,1
inhabited,1
phasing,1
prefigured,1
ldkr,1
answering,1
nod,1
flux,1
rs,1
accumulate,1
springs,1
flat,1
observer,1
wake,1
dential,1
represents,1
accident,1
alongside,1
mono,1
undoubted,1
szeghalmi,1
plough,1
borrowed,1
duren,1
historia,1
zurich,1
limburg,1
erkenntisse,1
hilly,1
neither,1
buttler,1
subsuming,1
ancient,1
jens,1
statistically,1
included,1
fringes,1
publishing,1
repetitions,1
rubbish,1
fundber,1
nw,1
colored,1
gratifying,1
hungar,1
literally,1
al,1
desultory,1
illustrated,1
flints,1
containing,1
reliance,1
vorbericht,1
walkway,1
stockpiled,1
westbulgarien,1
sector,1
independent,1
considers,1
volume,1
showing,1
imply,1
street,1
simulation,1
sis,1
members,1
resolution,1
sided,1
name,1
unreliable,1
vegetationsverhaltnisse,1
decoration,1
stated,1
figure,1
death,1
ecological,1
sia,1
wasylikowa,1
droveways,1
slovakischen,1
lowering,1
added,1
successively,1
lime,1
gentle,1
deutsche,1
bognar,1
boyne,1
wooden,1
husbandry,1
lund,1
communal,1
locational,1
idea,1
menschliche,1
rainwater,1
preserve,1
meadow,1
recurrent,1
carbonized,1
nejstarsich,1
pastoralism,1
admissible,1
shire,1
lacks,1
inevitably,1
grave,1
contradict,1
sarup,1
really,1
break,1
richer,1
banks,1
faults,1
phosphates,1
outlines,1
implantations,1
doubt,1
tesetice,1
fashion,1
man,1
fengate,1
fragments,1
bility,1
segmentary,1
never,1
inexact,1
fundbe,1
drinking,1
drove,1
adjacent,1
likelihood,1
aamosen,1
lamersdorf,1
centre,1
increases,1
neolithique,1
manner,1
landesmuseum,1
en,1
reversion,1
competitors,1
validity,1
func,1
existing,1
coarse,1
brae,1
szreniawa,1
tiszapougar,1
typicality,1
infilling,1
necessary,1
wyzyn,1
seminar,1
binford,1
reconstructing,1
radius,1
polder,1
distance,1
weakly,1
chalcolithic,1
admittedly,1
wood,1
identifiable,1
convenient,1
elevation,1
barrett,1
degree,1
forcefully,1
interpreting,1
julich,1
fundamentally,1
recognizing,1
brouster,1
beeinflussung,1
beg,1
predatory,1
greatest,1
megalithgrabergebieten,1
arch,1
topografiaja,1
bakels,1
considering,1
explanation,1
chiefly,1
necked,1
northampton,1
upon,1
typological,1
transdanubia,1
bear,1
uplift,1
locate,1
aggregated,1
rapidity,1
discrimination,1
enhanced,1
sufficiently,1
surmount,1
borough,1
taisne,1
gleerups,1
mosaic,1
regionalized,1
concern,1
top,1
contour,1
entirely,1
illusion,1
unfortunately,1
hypotheses,1
seriation,1
residues,1
osadrintwa,1
rivers,1
emphasize,1
refers,1
affects,1
thistoire,1
kingdom,1
peceler,1
trend,1
variables,1
osada,1
examination,1
chronologi,1
sees,1
previous,1
nuclei,1
nonloess,1
foci,1
titzer,1
described,1
nuclear,1
theses,1
knowlton,1
significance,1
exports,1
afterward,1
worry,1
earth,1
erosive,1
historic,1
directed,1
tional,1
comprehensive,1
scandinavia,1
peripheral,1
publication,1
kitzingen,1
interpret,1
resultant,1
times,1
floodplains,1
divisions,1
bukker,1
variant,1
extrac,1
characterized,1
revised,1
prodigious,1
chiefdom,1
summer,1
plant,1
tribal,1
features,1
mask,1
farms,1
uni,1
static,1
stages,1
borde,1
mammals,1
proximity,1
probable,1
running,1
black,1
oster,1
came,1
hochkupferzeitliche,1
repeated,1
jungsteinzeitliche,1
resi,1
stichband,1
graphic,1
easternmost,1
comparing,1
neolitem,1
commentators,1
aegean,1
entiated,1
examine,1
hessen,1
hierarchical,1
struma,1
oak,1
niedersach,1
looks,1
differ,1
southwest,1
astonishing,1
worms,1
selective,1
geography,1
uncertainties,1
siedlungs,1
basically,1
quarter,1
controversial,1
cursus,1
regimes,1
thence,1
habelt,1
barrow,1
flanking,1
separate,1
rarity,1
increasing,1
genesis,1
farm,1
depth,1
consists,1
fruh,1
seasons,1
indication,1
wiadomosci,1
undifferentiated,1
entail,1
assigned,1
gloomy,1
descended,1
nonfunctionalist,1
wirtschaft,1
stems,1
risks,1
raise,1
dissected,1
else,1
conno,1
subdivided,1
bars,1
mixture,1
science,1
movements,1
stream,1
michelsberg,1
diubnia,1
vertical,1
lines,1
insufficient,1
forschungsgemeinschaft,1
institutions,1
dimensions,1
lost,1
concluding,1
force,1
began,1
invested,1
importantly,1
remaining,1
obergang,1
linking,1
life,1
kelheim,1
expectations,1
construction,1
neolitiske,1
hectares,1
fall,1
united,1
supporting,1
centres,1
ceramiki,1
typology,1
mathiassen,1
ridges,1
unusual,1
regularly,1
nida,1
swifterbant,1
austria,1
multiple,1
circumscribed,1
rendsinas,1
deposited,1
heavy,1
lakeshore,1
preamble,1
premedi,1
trackways,1
practice,1
following,1
prehistory,1
complexity,1
mentioned,1
intensification,1
tempting,1
founded,1
mladsi,1
characteristics,1
pictish,1
symbols,1
recognizable,1
les,1
regime,1
shapes,1
borrow,1
avk,1
sherds,1
misinterpre,1
sweden,1
neo,1
mediter,1
cliffs,1
quickly,1
excess,1
dimension,1
ran,1
bulgaria,1
bern,1
mimi,1
rainfall,1
catching,1
specialization,1
biirgewald,1
concen,1
inclined,1
prolific,1
extraction,1
roman,1
cautiously,1
ziirichsee,1
believe,1
landschaftgeschichte,1
vari,1
inden,1
funnel,1
did,1
stitut,1
stichbandkeramiker,1
clan,1
brzesciu,1
southernmost,1
colonisation,1
frimmersdorf,1
domestic,1
jungsteinzeit,1
fieldwalked,1
solved,1
hinted,1
rely,1
steppe,1
going,1
replication,1
climate,1
faster,1
gospodarka,1
proposed,1
formid,1
iv,1
feats,1
scordof,1
merely,1
ideally,1
phd,1
believed,1
clarity,1
cal,1
outlook,1
hist,1
chronologickych,1
realize,1
avoidance,1
fuller,1
terms,1
chro,1
foremost,1
imposed,1
siedlungssysteme,1
hoped,1
seasonal,1
statement,1
impli,1
sively,1
theory,1
karstic,1
thicker,1
unwise,1
consisting,1
waters,1
nitra,1
dere,1
studying,1
fruitfully,1
produce,1
milisauskas,1
limitations,1
generally,1
missed,1
reclamation,1
ideal,1
transgression,1
megye,1
blages,1
hundreds,1
contain,1
translated,1
modderman,1
exegesis,1
remember,1
schwellnus,1
demarcated,1
nacrt,1
son,1
sudschwedischen,1
altered,1
weisweiler,1
refinement,1
affecting,1
slopes,1
earths,1
preferable,1
content,1
courses,1
bisherigen,1
became,1
topsoil,1
easy,1
abingdon,1
giving,1
nigh,1
went,1
happens,1
acute,1
extended,1
polden,1
resistance,1
divided,1
ehrenstein,1
weinberg,1
clearances,1
aspect,1
oceanic,1
coming,1
keynote,1
our,1
demarcation,1
undecorated,1
archaologische,1
layers,1
tated,1
synopsis,1
argument,1
euro,1
doon,1
ignored,1
disappear,1
average,1
advent,1
cussed,1
bronzezeit,1
lato,1
twentieth,1
liming,1
herds,1
frage,1
anglesey,1
value,1
depressing,1
offer,1
insight,1
trichterbecherkultur,1
approximately,1
integrated,1
dendrochronology,1
connaught,1
constructed,1
clearest,1
archaol,1
chambered,1
france,1
colleagues,1
forming,1
off,1
plentiful,1
paraphernalia,1
haphazard,1
backwaters,1
successions,1
marshland,1
bigger,1
shift,1
afesoamerican,1
foraging,1
stray,1
sides,1
enclosed,1
am,1
offered,1
supported,1
fishers,1
stenalder,1
pioneering,1
removed,1
helv,1
valuable,1
ische,1
muldberg,1
bottoms,1
discontinuous,1
consisted,1
supply,1
nucleation,1
text,1
evidently,1
ackerbau,1
develop,1
traditional,1
iff,1
duration,1
wawrzenczyami,1
technological,1
comparable,1
cba,1
flakes,1
building,1
lynchets,1
indicating,1
isostatic,1
molluscan,1
mistaken,1
close,1
lac,1
eire,1
climax,1
symbiotic,1
increase,1
assem,1
continuously,1
