WORDCOUNTS,WEIGHT
the,638
of,421
in,313
and,288
to,144
a,102
is,99
that,87
from,85
iron,79
for,78
africa,64
was,60
at,58
this,58
first,54
by,53
african,51
have,49
were,49
been,49
as,49
there,48
it,47
are,47
metallurgy,46
these,45
southern,44
with,44
but,40
on,40
smelting,38
cal,38
copper,38
great,37
has,37
not,37
evidence,35
ad,34
no,34
gold,33
lakes,32
be,32
early,30
bc,29
or,28
south,27
j,26
egypt,25
d,24
furnaces,24
eastern,23
et,23
which,23
an,23
earliest,23
region,22
archaeological,22
we,22
tin,22
press,22
nubia,21
world,21
between,21
university,20
metals,20
about,20
al,20
nile,20
p,19
millennium,18
century,18
technology,18
many,18
radiocarbon,18
bronze,18
c,18
yet,17
present,17
springer,17
than,16
metal,16
sites,16
only,16
also,16
prehist,16
before,15
regions,15
archaeology,15
so,15
production,14
dates,14
most,14
used,14
working,14
still,14
time,14
use,13
t,13
all,13
furnace,13
within,13
some,13
years,13
middle,13
m,12
its,12
east,12
s,11
prehistoric,11
meroe,11
journal,11
during,11
slag,11
zimbabwe,11
little,11
much,11
even,11
they,10
history,10
into,10
contexts,10
lower,10
other,10
review,10
van,10
had,10
lead,10
found,10
social,10
second,10
more,10
do,10
deposits,10
trade,10
rwanda,10
did,10
agricultural,10
both,10
archaeologists,9
central,9
historical,9
their,9
dated,9
appear,9
when,9
ancient,9
culture,9
new,9
very,9
until,9
agriculture,8
b,8
late,8
r,8
schmidt,8
range,8
i,8
period,8
can,8
who,8
centuries,8
any,8
must,8
know,8
north,8
killick,7
red,7
h,7
studies,7
west,7
data,7
rooiberg,7
same,7
two,7
noted,7
kerma,7
dating,7
state,7
northern,7
known,7
through,7
egyptian,7
area,7
imported,6
one,6
western,6
sources,6
long,6
mapungubwe,6
date,6
context,6
e,6
thus,6
tanzania,6
given,6
smelted,6
objects,6
w,6
fig,6
societies,6
slags,6
near,6
muslim,6
cannot,6
well,6
silver,6
personal,6
meroitic,6
good,6
least,6
burundi,6
small,6
will,6
therefore,6
expansion,6
metallurgical,6
where,6
argument,6
desert,6
cape,6
began,6
highly,6
over,6
what,6
while,6
age,6
analogy,6
cambridge,6
later,5
stone,5
continent,5
naqada,5
botswana,5
invention,5
seems,5
kingdom,5
those,5
eritrea,5
reaching,5
human,5
old,5
may,5
after,5
upper,5
origins,5
isotope,5
further,5
though,5
childs,5
few,5
alluvial,5
impossible,5
make,5
pastoralists,5
published,5
areas,5
contemporary,5
ethiopia,5
archaeometallurgical,5
made,5
traded,5
three,5
would,5
jwp,5
limpopo,5
here,5
secure,5
almost,5
states,5
craddock,5
elites,5
valley,5
difficult,4
if,4
village,4
large,4
ore,4
excavation,4
last,4
recorded,4
prior,4
far,4
diffused,4
de,4
items,4
site,4
archaeometallurgy,4
l,4
practiced,4
river,4
established,4
n,4
charcoal,4
kalahari,4
appears,4
knowledge,4
pottery,4
quite,4
research,4
under,4
independent,4
au,4
beliefs,4
somewhere,4
never,4
see,4
number,4
upon,4
clear,4
mines,4
earlier,4
thirteenth,4
widely,4
european,4
islamic,4
millennia,4
often,4
forest,4
stable,4
record,4
cm,4
half,4
whether,4
interval,4
malachite,4
suggests,4
buhen,4
rnillennium,4
wadi,4
debate,4
recent,4
should,4
miller,3
common,3
groups,3
likely,3
southwards,3
materials,3
metallic,3
diffusion,3
buhaya,3
certainly,3
questions,3
might,3
address,3
sub,3
origin,3
redness,3
bases,3
account,3
possible,3
adoption,3
along,3
such,3
since,3
back,3
third,3
miombo,3
grunderbeek,3
oxford,3
rather,3
parts,3
special,3
study,3
space,3
reason,3
languages,3
yellow,3
linked,3
saharan,3
show,3
graves,3
rehren,3
my,3
came,3
focused,3
tools,3
fish,3
levant,3
technical,3
because,3
inferences,3
away,3
employed,3
around,3
several,3
unalloyed,3
coast,3
barely,3
finds,3
rest,3
f,3
populations,3
indeed,3
barley,3
precolonial,3
bronzes,3
thought,3
mobile,3
us,3
k,3
ethnographic,3
inhabitants,3
herbert,3
lack,3
limit,3
appeared,3
forging,3
end,3
resolved,3
hiatus,3
external,3
less,3
royal,3
flint,3
technologies,3
link,3
wheat,3
fer,3
traders,3
like,3
spread,3
lie,3
systems,3
attracted,3
invented,3
ago,3
attention,3
la,3
cereals,3
extractive,3
assigned,3
stream,3
seen,3
construction,3
analysis,3
shaw,3
rarely,3
then,3
associated,3
ironworkers,3
axumite,3
control,3
each,3
proponents,3
different,3
down,3
brick,3
current,3
sudan,3
obviously,3
them,3
form,3
independently,3
nubian,3
pits,3
reported,3
cassiterite,3
formation,3
advent,3
ores,3
course,3
although,3
land,3
green,3
derive,3
huffman,3
km,3
among,3
major,3
struggle,2
cataract,2
arabia,2
per,2
american,2
complex,2
myth,2
identify,2
formed,2
specialist,2
decade,2
necessarily,2
occurred,2
bp,2
du,2
cutting,2
being,2
else,2
every,2
posed,2
finger,2
ii,2
nature,2
napatan,2
tsodilo,2
crops,2
differences,2
farmers,2
potentially,2
producing,2
feature,2
written,2
blackwell,2
archetype,2
political,2
el,2
procreation,2
mine,2
egyptians,2
capable,2
bloom,2
soils,2
object,2
powers,2
obvious,2
point,2
fur,2
against,2
tons,2
implements,2
definitely,2
past,2
interest,2
adopted,2
shaft,2
topic,2
nor,2
times,2
geological,2
drawn,2
bushveld,2
banana,2
colour,2
without,2
main,2
how,2
lazuli,2
bantu,2
similar,2
derived,2
von,2
support,2
means,2
settled,2
possibly,2
just,2
maggs,2
wilmsen,2
too,2
four,2
wire,2
recovered,2
challenged,2
beyond,2
circulating,2
preference,2
kenya,2
extent,2
could,2
begun,2
punt,2
ocean,2
handbook,2
fourth,2
province,2
domestication,2
recently,2
produced,2
scale,2
wealth,2
however,2
pollen,2
symbolically,2
possibility,2
basis,2
artifacts,2
inferred,2
rocks,2
tool,2
women,2
claim,2
brought,2
part,2
reduction,2
gender,2
whole,2
size,2
beads,2
change,2
excavated,2
field,2
below,2
contrast,2
mediterranean,2
emerging,2
soil,2
mineral,2
ignore,2
industry,2
essentially,2
shinnie,2
telling,2
up,2
progress,2
cattle,2
fortress,2
value,2
society,2
turquoise,2
led,2
he,2
nicholson,2
glittering,2
absence,2
various,2
polished,2
comparative,2
classic,2
nearly,2
expanded,2
backed,2
vicinity,2
bosutswe,2
makes,2
exactly,2
fifth,2
lowland,2
dara,2
complete,2
indian,2
badarian,2
lined,2
sahel,2
technique,2
put,2
towns,2
rock,2
powder,2
fact,2
shows,2
doubt,2
diameter,2
fragments,2
enough,2
covered,2
practice,2
khartoum,2
deep,2
native,2
controversy,2
routledge,2
distance,2
casting,2
original,2
situated,2
vast,2
discussion,2
indiana,2
examples,2
discovery,2
enormous,2
contacts,2
elite,2
ironworking,2
unfortunately,2
sequence,2
products,2
roman,2
rare,2
continue,2
eleventh,2
low,2
david,2
high,2
probable,2
latter,2
exchange,2
why,2
agriculturalists,2
stahl,2
mining,2
lapis,2
exported,2
interpretations,2
probably,2
greece,2
rriillennium,2
carried,2
she,2
sometimes,2
five,2
maadi,2
oxide,2
widespread,2
slow,2
un,2
transformation,2
fall,2
acquired,2
victoria,2
heavy,2
naces,2
mentioned,2
simply,2
ever,2
temple,2
cosmetic,2
bright,2
chirikure,2
paper,2
believe,2
argue,2
southernmost,2
clearly,2
cultivation,2
childbirth,2
domesticated,2
distinctive,2
passage,2
type,2
animal,2
beginning,2
villages,2
microlithic,2
thirty,2
her,2
huge,2
conference,2
edwards,2
sea,2
city,2
became,2
publishers,2
wild,2
shown,2
locations,2
ignored,2
twentieth,2
grown,2
attributes,2
oldest,2
ninth,2
supply,2
hills,2
lake,2
reached,2
era,2
conceptual,2
substantial,2
abandoned,2
trigger,2
feinan,2
strong,2
mature,2
famous,2
arizona,2
frequent,1
labo,1
go,1
mineralized,1
margins,1
now,1
portuguese,1
indonesian,1
currently,1
mostly,1
appropriation,1
situate,1
lustre,1
institut,1
edge,1
estimated,1
way,1
pur,1
fertile,1
substances,1
export,1
created,1
dangers,1
jane,1
determine,1
schoenbrun,1
luxor,1
implies,1
extends,1
introduction,1
debris,1
settlements,1
needed,1
replaced,1
essays,1
reassessment,1
lowveld,1
ma,1
confines,1
condliffe,1
completely,1
done,1
smelt,1
candidate,1
favor,1
flows,1
conical,1
diffuse,1
acceptance,1
bronziers,1
undertaken,1
presents,1
unlike,1
invent,1
total,1
moving,1
nyame,1
nineteenth,1
induced,1
pungubwe,1
contest,1
source,1
golden,1
hints,1
fires,1
test,1
antimony,1
romance,1
anything,1
kivu,1
lateral,1
husbandman,1
pegmatites,1
archae,1
fifteenth,1
derives,1
originally,1
attempts,1
location,1
refusal,1
worked,1
sulphide,1
emerged,1
shipwrecks,1
analogies,1
advanced,1
asia,1
bulrush,1
words,1
heated,1
containing,1
height,1
europe,1
brightly,1
route,1
leading,1
agrarian,1
broken,1
holl,1
together,1
prop,1
atmospheres,1
harder,1
timing,1
wither,1
luba,1
sorcerers,1
trip,1
atlantic,1
hundred,1
hunting,1
survey,1
take,1
reproduction,1
nevertheless,1
efficiently,1
inland,1
tinction,1
mind,1
say,1
emphasized,1
greatly,1
daimones,1
alike,1
cereal,1
behind,1
alloying,1
namibia,1
system,1
kingdoms,1
case,1
woodlands,1
side,1
dearth,1
malawi,1
reefs,1
stuffed,1
botanical,1
plain,1
alpern,1
linear,1
stretched,1
key,1
task,1
primary,1
bones,1
shafts,1
firm,1
america,1
eurasia,1
discuss,1
march,1
design,1
reminder,1
ornamentation,1
quantities,1
isotopic,1
pre,1
activity,1
securely,1
burning,1
adopting,1
october,1
intensively,1
illegitimate,1
taking,1
mishmar,1
except,1
disparities,1
carved,1
desirable,1
apply,1
keeps,1
historic,1
interact,1
ritual,1
beneath,1
swart,1
melting,1
okpopo,1
engage,1
ofsky,1
sign,1
rainfed,1
mid,1
expertise,1
regarding,1
phase,1
throughout,1
pit,1
halted,1
cemeteries,1
surely,1
relationships,1
historically,1
component,1
spectrum,1
development,1
hiernaux,1
lining,1
coda,1
due,1
incense,1
chaeometallurgy,1
pegmatite,1
trated,1
corner,1
adornment,1
moment,1
ostrich,1
occurs,1
bone,1
application,1
eurasian,1
metalwork,1
structuralist,1
february,1
expected,1
z,1
slabs,1
dis,1
wiley,1
pollard,1
cases,1
parallelism,1
clay,1
distinct,1
immigrants,1
curiously,1
underlying,1
frustrating,1
rmllennia,1
convincing,1
subjects,1
differently,1
slave,1
six,1
bloomery,1
denbow,1
radio,1
wholly,1
occult,1
cameroon,1
excavations,1
twice,1
truly,1
thin,1
compare,1
find,1
archaeologist,1
blue,1
shiny,1
hoes,1
pardonable,1
unresolved,1
pletely,1
gaze,1
skins,1
apparently,1
stratum,1
brachystegia,1
swamps,1
txiird,1
jones,1
hardly,1
lebowa,1
transactions,1
boxes,1
impressions,1
ton,1
overstates,1
error,1
ironand,1
claude,1
depths,1
let,1
industries,1
employ,1
collagen,1
drained,1
seventh,1
surprisingly,1
opposed,1
via,1
interesting,1
escaped,1
recognized,1
town,1
whose,1
interlacustrine,1
acid,1
genera,1
act,1
mauretania,1
reeds,1
withered,1
impetus,1
across,1
highlands,1
developed,1
district,1
spill,1
love,1
bays,1
influential,1
landscape,1
levels,1
centralization,1
coastal,1
myself,1
process,1
subsistence,1
ce,1
deliberately,1
noten,1
connected,1
patible,1
archaeometry,1
viewed,1
generally,1
direct,1
ongoing,1
kilns,1
centralkaiahari,1
symbols,1
black,1
distant,1
white,1
uncertainties,1
collecting,1
upstream,1
animals,1
paleolithic,1
atelier,1
supposed,1
az,1
valuation,1
lennium,1
oxides,1
references,1
brothwell,1
ensure,1
adopt,1
organisers,1
prehistory,1
raged,1
familiar,1
descent,1
grains,1
peasant,1
director,1
numbers,1
impact,1
shelters,1
traces,1
bruce,1
northeastern,1
shore,1
argued,1
reviewed,1
calendar,1
potters,1
magmatic,1
delta,1
graphic,1
efficient,1
humphris,1
cotton,1
peninsula,1
position,1
consequence,1
stark,1
evidences,1
problems,1
archeological,1
nahal,1
dominant,1
igneous,1
swidden,1
antecedents,1
mozambique,1
dug,1
isotopes,1
dynastic,1
view,1
myths,1
dependency,1
hot,1
fluid,1
diachronic,1
uses,1
result,1
based,1
identifying,1
questioned,1
allow,1
transmission,1
downstream,1
appearance,1
cupellation,1
entered,1
faunal,1
coloured,1
out,1
international,1
relate,1
diet,1
emerge,1
commoners,1
initial,1
imllennium,1
fuel,1
arable,1
longitude,1
cores,1
mined,1
popu,1
craton,1
embedded,1
density,1
artefact,1
supporters,1
traced,1
understood,1
cultural,1
goodwin,1
buried,1
africanists,1
metalworking,1
keywords,1
haematite,1
duced,1
persons,1
associe,1
pins,1
applied,1
placed,1
outside,1
absolute,1
granite,1
drain,1
amazonite,1
eliminate,1
marie,1
none,1
colonies,1
resident,1
directly,1
keeping,1
supplanted,1
crushed,1
charred,1
line,1
makers,1
literature,1
work,1
intense,1
received,1
avery,1
imports,1
reid,1
preferred,1
nine,1
teaspoon,1
unless,1
fired,1
tombs,1
related,1
nation,1
dakar,1
penetrating,1
feared,1
bowl,1
sexually,1
intermediate,1
place,1
millet,1
northwest,1
climatic,1
contains,1
beginnings,1
records,1
truncated,1
circumcision,1
actually,1
pan,1
winter,1
antike,1
rituals,1
transported,1
millenium,1
systematic,1
fieldwork,1
project,1
traditions,1
sav,1
clearance,1
approach,1
spouses,1
staple,1
exemplary,1
ratios,1
correct,1
successful,1
hard,1
drier,1
suggest,1
involve,1
tested,1
trading,1
next,1
grass,1
arabic,1
gestation,1
fallow,1
sharp,1
nearest,1
sake,1
involved,1
belt,1
habitation,1
fraught,1
wider,1
smithsonian,1
knives,1
replace,1
ehret,1
vation,1
eighth,1
prompted,1
hatshepsut,1
awls,1
draining,1
holfs,1
ancestors,1
usual,1
colours,1
tended,1
core,1
visible,1
jordan,1
tmrteenth,1
using,1
notice,1
notes,1
structured,1
florida,1
appropriate,1
provided,1
pot,1
sandy,1
moved,1
massive,1
reducing,1
subsequently,1
periods,1
cite,1
span,1
llc,1
critical,1
indigenous,1
calibration,1
practices,1
entitled,1
misrepresent,1
noble,1
pushes,1
identified,1
action,1
wrote,1
synthesis,1
located,1
ancien,1
thermoluminescence,1
kilometers,1
brief,1
coracana,1
exception,1
stacking,1
constraints,1
jewelry,1
headrick,1
gift,1
etc,1
reduce,1
prove,1
phoenician,1
surviving,1
commenced,1
studien,1
lejju,1
wind,1
movement,1
hold,1
innovation,1
year,1
urewe,1
lisa,1
corpus,1
informs,1
once,1
nubische,1
flux,1
communities,1
interpretation,1
forges,1
investiture,1
pp,1
wearing,1
evolved,1
seeing,1
restricted,1
chronology,1
populated,1
precambrian,1
neither,1
differentiate,1
thesis,1
swamp,1
ratories,1
included,1
fringes,1
gation,1
supplied,1
carbonate,1
bangles,1
rectangular,1
cairo,1
castings,1
valued,1
largest,1
wisconsin,1
alien,1
leaded,1
department,1
hearth,1
savannah,1
people,1
regional,1
strata,1
krause,1
stones,1
cratons,1
considers,1
happening,1
useful,1
chose,1
eugenia,1
resolution,1
kerman,1
immmmmm,1
paul,1
temporarily,1
accorded,1
power,1
stronger,1
subcontinent,1
mark,1
archaeologically,1
available,1
similarly,1
towards,1
projects,1
angola,1
delcourt,1
husbandry,1
cultivated,1
longer,1
glazes,1
coincidence,1
preserve,1
scholars,1
temples,1
cumulative,1
striking,1
pastoralism,1
documents,1
abstract,1
crop,1
choice,1
really,1
larger,1
classical,1
culti,1
john,1
ministry,1
ethno,1
ficulty,1
knorring,1
prills,1
agree,1
terry,1
forms,1
reproductive,1
patterns,1
took,1
precinct,1
evoke,1
smelters,1
adjacent,1
ground,1
model,1
swahili,1
haaland,1
zambia,1
phytoliths,1
empire,1
accepted,1
seventeenth,1
unclear,1
axes,1
norwegian,1
council,1
focusing,1
appropriating,1
heaps,1
showing,1
perhaps,1
woman,1
frequency,1
predynastic,1
explicitly,1
obsession,1
tuyeres,1
polities,1
provenance,1
another,1
thousands,1
imagine,1
redman,1
nrillennium,1
displace,1
ingenious,1
extended,1
rulers,1
molofsky,1
session,1
explanation,1
eighteenth,1
maritime,1
values,1
locate,1
including,1
sixth,1
forested,1
disavowed,1
identity,1
top,1
findings,1
varying,1
ethnography,1
entirely,1
confidence,1
persisted,1
fourneau,1
francis,1
moulded,1
assume,1
entary,1
sudanic,1
comprehensively,1
recovery,1
identical,1
laboratory,1
lunda,1
heinrich,1
heineman,1
falconer,1
california,1
wtiat,1
students,1
described,1
thulamela,1
landscapes,1
remaining,1
modem,1
discussed,1
wylie,1
comprehensive,1
peripheral,1
publication,1
midwives,1
points,1
dominated,1
peter,1
urge,1
amounts,1
interpret,1
evidently,1
sed,1
liberate,1
crucibles,1
claremont,1
function,1
esmael,1
plant,1
features,1
serves,1
distinction,1
panels,1
trek,1
structuralists,1
filled,1
kept,1
kramer,1
annas,1
abundant,1
adequately,1
contributions,1
men,1
unambiguous,1
margin,1
migrants,1
carlson,1
marchant,1
queen,1
internal,1
article,1
elaborate,1
parallel,1
thuiameia,1
become,1
ornaments,1
pro,1
shallow,1
drove,1
effect,1
lustres,1
organizers,1
excluded,1
james,1
claiming,1
looks,1
residue,1
curry,1
story,1
gayar,1
southwest,1
equivalent,1
streams,1
burials,1
occupied,1
institution,1
summarized,1
quarter,1
sandra,1
regimes,1
mil,1
sailing,1
greek,1
concluded,1
brown,1
clusters,1
uncritical,1
separate,1
depth,1
indication,1
respect,1
geoscience,1
me,1
today,1
perspectives,1
unversity,1
voyages,1
continued,1
bulk,1
crucial,1
usually,1
investi,1
practical,1
practitioners,1
udy,1
claimed,1
pieces,1
rough,1
hill,1
begin,1
arduous,1
fewer,1
yemen,1
spp,1
smelter,1
directions,1
detailed,1
nullennium,1
lations,1
confine,1
relevant,1
deals,1
antiquity,1
volumes,1
archeologie,1
life,1
gallery,1
responsible,1
lipson,1
entrusted,1
tapped,1
hope,1
surprising,1
kings,1
illus,1
urged,1
fields,1
reconquest,1
articles,1
mounds,1
gathered,1
grounded,1
conservation,1
niger,1
meant,1
fonte,1
anthropological,1
border,1
contained,1
necessary,1
curious,1
thinking,1
material,1
comes,1
series,1
complexity,1
peoples,1
rukiga,1
ethnoarchaeology,1
extending,1
metallurgists,1
steel,1
unbroken,1
pace,1
symbolic,1
offered,1
satisfactory,1
trenches,1
doi,1
text,1
funding,1
sciences,1
offers,1
der,1
swan,1
cover,1
continental,1
incom,1
colonization,1
rainfall,1
sure,1
interrupted,1
prototypes,1
novel,1
ratio,1
ingot,1
unambiguously,1
capital,1
ivory,1
fabrication,1
unknown,1
contextual,1
augustin,1
calibrate,1
fuelled,1
nubians,1
presence,1
domestic,1
report,1
pigment,1
ar,1
speculation,1
rely,1
twelfth,1
constant,1
fertilized,1
driven,1
thompson,1
masters,1
absolutely,1
places,1
hint,1
tenth,1
webs,1
barth,1
jean,1
sinai,1
notable,1
proceedings,1
transmitted,1
spatial,1
rose,1
namely,1
accounts,1
particular,1
temperatures,1
metaphor,1
covers,1
conclusion,1
map,1
distribution,1
travellers,1
supplemented,1
predate,1
correlates,1
scavenged,1
local,1
require,1
dark,1
cloth,1
annual,1
virginia,1
prevent,1
kahlheber,1
contain,1
art,1
des,1
vessels,1
infertile,1
researchers,1
level,1
presumed,1
preserved,1
entire,1
recognition,1
multiple,1
confirm,1
role,1
subject,1
transition,1
lies,1
faience,1
com,1
conventional,1
target,1
zabem,1
domesticates,1
lesson,1
manufacturing,1
pregnancy,1
mention,1
isolated,1
headwaters,1
coming,1
exploited,1
blooms,1
calibrated,1
archaeobotany,1
our,1
fished,1
come,1
spective,1
proceeds,1
argues,1
sailed,1
wooden,1
solely,1
unmarked,1
donald,1
rmllenriium,1
uganda,1
terminus,1
chemical,1
accept,1
aware,1
approximately,1
environnement,1
sigma,1
usa,1
battling,1
need,1
gross,1
barnes,1
glass,1
arrivals,1
attempted,1
philosophy,1
farming,1
remains,1
association,1
sides,1
eliade,1
comparison,1
caveats,1
thousand,1
eleusine,1
potential,1
carbon,1
dwarfs,1
assumed,1
teenth,1
mystery,1
correlate,1
vary,1
chicago,1
uncertainty,1
exclusively,1
northwestern,1
sheer,1
interaction,1
traditional,1
focus,1
nnllennium,1
immediately,1
technological,1
comparable,1
dif,1
ca,1
built,1
roles,1
close,1
occur,1
tsodsto,1
