WORDCOUNTS,WEIGHT
the,2010
of,1576
and,1166
in,925
a,725
de,557
to,391
et,330
la,291
at,226
is,219
with,209
du,206
as,199
for,188
that,176
this,173
are,171
pp,169
les,162
was,159
have,156
century,153
by,153
mediterranean,152
des,148
been,146
age,144
m,142
en,142
bc,141
from,135
france,122
these,121
were,121
iron,120
or,118
an,112
le,106
also,106
on,102
it,100
marseille,87
languedoc,80
indigenous,78
but,77
has,74
early,74
more,73
colonial,73
graves,70
gaule,68
sites,67
late,66
during,66
region,65
documents,64
not,64
other,63
sur,63
p,61
about,61
roman,60
found,57
s,57
be,57
paris,57
greek,57
evidence,57
lower,56
meridionale,56
few,56
only,56
revue,55
archeologique,55
first,54
j,53
there,53
over,53
than,52
western,51
some,51
rhone,51
which,51
large,50
sixth,50
bronze,50
settlements,49
such,49
its,49
massalia,49
dans,49
centuries,49
h,48
had,48
small,48
massalietes,48
although,46
second,45
funerary,45
most,44
grecque,44
both,44
fer,43
dietler,43
av,42
ceramics,42
au,42
etruscan,41
recent,41
they,40
all,39
period,39
very,39
g,37
two,37
many,36
goods,36
association,36
along,35
site,35
c,34
stone,34
local,34
provence,34
tumuli,34
one,33
their,33
tumulus,33
production,32
third,32
no,32
amphoras,32
basin,32
several,32
darcheologie,32
trade,32
cemeteries,31
cultural,31
regional,31
may,30
settlement,30
eastern,29
southern,29
grave,29
number,29
lattes,29
into,28
recherches,28
objects,28
important,28
least,28
wine,28
different,28
coast,28
recherche,28
i,27
within,27
y,27
lattara,27
well,27
city,27
forms,27
through,27
narbonnaise,26
ritual,26
adam,26
after,26
burials,26
native,26
fifth,26
structures,26
construction,26
area,26
being,25
b,25
university,25
massaliote,25
among,25
avant,24
grecs,24
imports,24
pour,24
form,24
between,24
major,24
complex,23
research,23
various,23
social,23
amphores,23
cnrs,23
range,23
premier,23
series,23
type,23
those,22
process,22
societies,22
near,22
generally,22
editions,22
examples,22
known,22
iberian,22
d,22
much,22
last,21
phase,21
excavations,21
ancient,21
pattern,21
began,21
herault,21
before,20
even,20
cremation,20
data,20
gallia,20
structure,20
domestic,20
size,20
common,19
nature,19
used,19
place,19
around,19
ceramic,19
end,19
clear,19
until,19
agde,19
final,18
date,18
far,18
necropole,18
units,18
colony,18
dating,18
three,18
would,18
particularly,18
ceramique,18
metal,17
ceramiques,17
case,17
throughout,17
relations,17
fourth,17
part,17
still,17
new,17
less,17
un,17
often,17
earliest,17
beginning,17
became,17
imported,16
cases,16
rather,16
l,16
certain,16
ligures,16
identified,16
occident,16
areas,16
see,16
practice,16
significant,16
protohistorique,16
archaeological,16
types,16
peoples,16
practices,16
later,15
associated,15
either,15
political,15
ex,15
siecle,15
presence,15
f,15
rome,15
larger,15
usually,15
transformation,15
material,15
mailhac,15
vessels,15
antique,15
mediterranee,14
east,14
development,14
houses,14
walls,14
seventh,14
burial,14
public,14
colonies,14
emporion,14
ne,14
included,14
une,14
culture,14
protohistoriques,14
perhaps,14
roussillon,14
any,14
while,14
pas,14
techniques,14
miridionale,14
antiques,14
habitats,13
py,13
con,13
spain,13
relatively,13
individual,13
fig,13
scattered,13
appear,13
occupation,13
appears,13
contrast,13
rampart,13
under,13
centre,13
upon,13
transformations,13
analysis,13
when,13
chora,13
bilan,13
founded,13
port,13
include,13
remains,13
e,12
territoire,12
baou,12
bucchero,12
landscape,12
study,12
changes,12
placed,12
change,12
excavated,12
quite,12
cemetery,12
architecture,12
aux,12
noted,12
vaunage,12
contemporary,12
patterns,12
drinking,12
encounter,12
including,12
use,12
latter,12
probably,12
pottery,12
ecole,12
celtic,12
linked,12
show,12
archeoiogique,12
world,12
consumption,12
smaller,12
ships,12
valley,12
script,11
europe,11
somewhat,11
system,11
inscriptions,11
quantities,11
west,11
adoption,11
historical,11
interior,11
body,11
r,11
developed,11
clearly,11
four,11
called,11
produced,11
scale,11
traders,11
he,11
limited,11
rectangular,11
alien,11
prehistoire,11
darchiologie,11
martigues,11
rare,11
regions,11
earlier,11
can,11
archaeology,11
control,11
las,11
siecles,11
role,11
agents,11
coins,11
extremely,11
groups,10
km,10
repertoire,10
rapid,10
feature,10
histoire,10
items,10
ha,10
phases,10
dictionnaire,10
coastal,10
tombes,10
ville,10
zone,10
further,10
because,10
good,10
yielded,10
finds,10
demand,10
ramparts,10
provencal,10
fin,10
treatment,10
present,10
where,10
bulletin,10
understanding,10
general,10
quarter,10
inhumation,10
sometimes,10
detailed,10
hallstatt,10
did,10
foundation,10
what,10
terms,10
arcelin,10
phenomenon,10
years,10
ier,10
given,10
interaction,10
studies,9
contexts,9
diffusion,9
ii,9
military,9
subsequent,9
dicocer,9
fouilles,9
bats,9
primary,9
vol,9
marked,9
quantity,9
central,9
against,9
clay,9
dates,9
without,9
proposed,9
traces,9
house,9
followed,9
conquest,9
hinterland,9
having,9
enserune,9
trading,9
long,9
highly,9
always,9
up,9
variety,9
gradual,9
transition,9
modes,9
variation,9
largely,9
slightly,9
increasing,9
class,9
extending,9
simply,9
set,9
nouvelles,9
pit,9
pech,9
almost,9
spaces,9
cayla,9
despite,9
accompanying,9
potential,9
multiple,8
tion,8
village,8
rue,8
necessarily,8
quartier,8
exclusive,8
shipwrecks,8
urbanisme,8
towers,8
alphabet,8
butte,8
wares,8
served,8
journal,8
established,8
result,8
digenous,8
ve,8
cahiers,8
franchise,8
dramatic,8
chronological,8
south,8
situation,8
service,8
located,8
indicates,8
vie,8
single,8
same,8
al,8
increasingly,8
technique,8
fact,8
time,8
considerable,8
couple,8
another,8
louis,8
similar,8
earth,8
systems,8
become,8
entanglement,8
continued,8
indicate,8
ruscino,8
considered,8
down,8
half,8
current,8
economy,8
extent,8
information,8
urban,8
little,8
uniform,8
territory,8
isolated,8
cambridge,8
grise,8
re,8
difficult,7
now,7
o,7
group,7
ramifications,7
cargo,7
excavation,7
nero,7
consistent,7
latomus,7
taken,7
agrarian,7
differences,7
origin,7
rich,7
side,7
activity,7
since,7
merchants,7
problemes,7
mixed,7
back,7
high,7
midi,7
monumental,7
organization,7
fortifications,7
suggested,7
decades,7
greater,7
weapons,7
boccard,7
gaul,7
population,7
london,7
confined,7
etrusque,7
interpreted,7
olive,7
commerce,7
suggest,7
del,7
mound,7
workshops,7
punic,7
comparative,7
expansion,7
direction,7
yet,7
temperate,7
scientifique,7
toward,7
others,7
deuxieme,7
outside,7
narbonne,7
scholars,7
do,7
essai,7
streets,7
represented,7
grecques,7
increase,7
services,7
caveirac,7
narrow,7
italy,7
widely,7
fairly,7
seen,7
variable,7
nimes,7
milieu,7
them,7
documentation,7
land,7
roughly,7
comparison,7
inhumations,7
north,7
built,7
heterogeneous,7
universite,6
introduction,6
kinds,6
modern,6
occurred,6
maho,6
claire,6
contact,6
attempts,6
attic,6
tradition,6
farther,6
precisely,6
placement,6
possible,6
obvious,6
languedocian,6
review,6
quality,6
domain,6
interne,6
elements,6
storage,6
coasts,6
basic,6
identity,6
active,6
proximity,6
direct,6
roth,6
gard,6
dated,6
frequently,6
too,6
internal,6
character,6
out,6
neighboring,6
wealth,6
wide,6
aspects,6
concept,6
significantly,6
occidental,6
broad,6
etrusques,6
own,6
oriental,6
published,6
musee,6
langue,6
cadastres,6
signalisation,6
am,6
perpignan,6
economic,6
ans,6
international,6
etc,6
phoenician,6
initially,6
com,6
elaboration,6
street,6
name,6
towns,6
flat,6
plan,6
strabo,6
diameter,6
adults,6
described,6
sepultures,6
defensive,6
so,6
features,6
especially,6
hilltop,6
northern,6
space,6
primarily,6
mounds,6
interpretive,6
following,6
mentioned,6
colonists,6
sherds,6
here,6
natural,6
distinctive,6
meager,6
according,6
explored,6
imperial,6
apparently,6
hundreds,6
marduel,6
writing,6
kiln,6
tions,6
origines,6
specific,6
consisted,6
exclusively,6
focus,6
confrontations,6
sa,5
necropoles,5
edge,5
way,5
resulted,5
per,5
graffiti,5
unlike,5
pots,5
textual,5
certainly,5
might,5
moulin,5
secondary,5
bessan,5
colloque,5
able,5
status,5
couffoulens,5
sondages,5
prior,5
above,5
human,5
cities,5
unpublished,5
leur,5
millennium,5
mediterraneen,5
architectural,5
agency,5
continuous,5
stratigraphie,5
tableware,5
protohistoire,5
main,5
how,5
importance,5
means,5
locally,5
river,5
origins,5
surface,5
beyond,5
painted,5
whereas,5
affaires,5
seven,5
indigene,5
initial,5
im,5
archiologique,5
rectilinear,5
processus,5
aries,5
groupe,5
revealed,5
travaux,5
knowledge,5
apparent,5
extensive,5
documented,5
employed,5
showing,5
nickels,5
t,5
working,5
llinas,5
involved,5
phocaean,5
tended,5
majority,5
settle,5
institut,5
will,5
materials,5
subject,5
description,5
exception,5
jewelry,5
pertuis,5
monochrome,5
reconstruction,5
competition,5
chronology,5
lowland,5
complete,5
already,5
cargoes,5
stones,5
power,5
panosa,5
addition,5
communal,5
ossuary,5
diverse,5
simple,5
v,5
covered,5
establish,5
ports,5
fewer,5
etudes,5
archeologiques,5
situated,5
contacts,5
glanum,5
pourrieres,5
aside,5
evolution,5
probleme,5
times,5
skulls,5
played,5
course,5
probable,5
standard,5
abundant,5
took,5
pro,5
absence,5
consists,5
relationship,5
terranean,5
provide,5
dimensions,5
contribution,5
littoral,5
archeologie,5
pegue,5
massaliete,5
rarely,5
quickly,5
each,5
best,5
ktema,5
fouiiles,5
past,5
rural,5
evident,5
lagrand,5
heads,5
cooking,5
foundations,5
italian,5
medi,5
sea,5
adapted,5
vast,5
models,5
taffanel,5
offer,5
classification,5
tene,5
assumed,5
texts,5
maximum,5
broader,5
cahier,5
ments,4
dedet,4
frequent,4
etude,4
garrigues,4
ranean,4
beziers,4
considerably,4
replaced,4
son,4
resultats,4
ways,4
easily,4
former,4
virtually,4
source,4
themes,4
archaeologists,4
premiers,4
approche,4
possibilities,4
mont,4
leading,4
espaces,4
evolving,4
wall,4
state,4
cinq,4
el,4
ad,4
cote,4
habitat,4
existence,4
eventual,4
capacity,4
gailhan,4
chamber,4
except,4
uncertain,4
dynamic,4
bowls,4
ltle,4
problems,4
di,4
framework,4
labor,4
civilisations,4
deux,4
consumed,4
decorated,4
corner,4
kind,4
dis,4
perspective,4
severed,4
witnessed,4
garou,4
debut,4
funeraires,4
hie,4
ce,4
proportion,4
enabled,4
understand,4
developments,4
applied,4
greeks,4
languages,4
impact,4
shore,4
actes,4
archiologie,4
mix,4
permanent,4
dominant,4
roquepertuse,4
numerical,4
distribution,4
prehistoric,4
based,4
societe,4
could,4
inclusion,4
struc,4
changed,4
deal,4
term,4
cups,4
trend,4
dispositifs,4
resident,4
directly,4
massaliotes,4
romans,4
bassin,4
heavily,4
related,4
issues,4
rows,4
enceintes,4
numerically,4
imposition,4
wider,4
eighth,4
representation,4
niches,4
villages,4
sculptures,4
pompignan,4
onto,4
society,4
periods,4
defended,4
decouverte,4
vols,4
indigenes,4
expanded,4
domination,4
vin,4
array,4
restricted,4
light,4
couverture,4
monediere,4
again,4
available,4
hearths,4
entremont,4
motifs,4
idea,4
coinage,4
romain,4
peyrou,4
daily,4
francaise,4
personal,4
feasting,4
fashion,4
enough,4
operating,4
accepted,4
strategies,4
domestiques,4
lintels,4
coherent,4
made,4
quan,4
depended,4
food,4
olbia,4
survey,4
sud,4
mauguio,4
underwent,4
mode,4
points,4
gaulois,4
variant,4
spread,4
function,4
mines,4
distinction,4
running,4
ap,4
article,4
parallel,4
subcolonies,4
wreck,4
armor,4
grain,4
occupied,4
tendency,4
relative,4
cen,4
european,4
pezenas,4
mixture,4
steles,4
monuments,4
massaliites,4
aude,4
puniques,4
ing,4
face,4
carsac,4
rite,4
then,4
ateliers,4
changing,4
must,4
symbolic,4
mediter,4
ligurian,4
peyros,4
contained,4
stratigraphic,4
basins,4
bourse,4
vase,4
iii,4
ideological,4
differed,4
tombe,4
whether,4
millas,4
popular,4
mai,4
ashes,4
beer,4
intended,4
come,4
question,4
average,4
iden,4
mas,4
mediterraneenne,4
shift,4
vessel,4
nages,4
partial,4
close,4
inventories,4
rites,4
founding,3
clustered,3
phoras,3
if,3
melanges,3
cazevieille,3
names,3
extreme,3
extend,3
episodes,3
northeast,3
extends,3
federation,3
partie,3
shoreline,3
likely,3
rounded,3
completely,3
page,3
history,3
total,3
great,3
cutting,3
fabric,3
statuary,3
dossiers,3
attempt,3
paysages,3
barcelona,3
containing,3
wooden,3
reasons,3
histories,3
products,3
styles,3
help,3
inland,3
monnayage,3
persistence,3
gasco,3
raised,3
galere,3
pate,3
peuplement,3
context,3
posts,3
fouille,3
issue,3
campanian,3
couvertures,3
correlated,3
iv,3
maisons,3
replacement,3
opened,3
domingo,3
politics,3
shared,3
slight,3
functions,3
rooms,3
measuring,3
establishment,3
indicating,3
climatic,3
natives,3
concentrated,3
pot,3
southwestern,3
erection,3
component,3
approches,3
lequin,3
interest,3
durant,3
grouped,3
statues,3
cros,3
nor,3
adopted,3
better,3
clustering,3
ler,3
concerning,3
topographie,3
ally,3
amphora,3
arranged,3
publications,3
networks,3
pomey,3
fineware,3
deceased,3
details,3
propositions,3
iberians,3
influence,3
ambrussum,3
ment,3
poorly,3
engraved,3
interesting,3
town,3
ancienne,3
commune,3
statements,3
bergerie,3
megalithic,3
se,3
bertucchi,3
factors,3
lots,3
support,3
montpellier,3
n,3
gradually,3
w,3
fados,3
peninsula,3
boundary,3
pierre,3
export,3
view,3
osteological,3
ranges,3
standards,3
lead,3
identifying,3
location,3
declined,3
centers,3
contexte,3
circulation,3
moyen,3
though,3
institute,3
war,3
province,3
portant,3
viewed,3
cannot,3
corbieres,3
musses,3
occidentale,3
beaucaire,3
archivo,3
possibility,3
silver,3
char,3
network,3
spheres,3
basis,3
work,3
los,3
civilisation,3
calls,3
leca,3
whole,3
older,3
constitute,3
people,3
actually,3
mercenary,3
grec,3
princes,3
floors,3
marburg,3
reconstructing,3
rigionale,3
tchernia,3
trends,3
premieres,3
bordighera,3
societes,3
revolution,3
theater,3
solier,3
feasts,3
ship,3
indige,3
essentially,3
temps,3
valiee,3
scat,3
method,3
dependent,3
using,3
importing,3
archeoloqique,3
provided,3
structuring,3
geographical,3
ramics,3
subsequently,3
ranging,3
implications,3
saw,3
doctoral,3
synthesis,3
brief,3
nearly,3
stele,3
measurements,3
roads,3
religious,3
southeast,3
once,3
continuation,3
communities,3
monnaies,3
tually,3
homogeneous,3
domestique,3
epaves,3
ileme,3
largest,3
ramasse,3
unusually,3
frameworks,3
rings,3
alteration,3
inhabitants,3
voyage,3
mark,3
pointed,3
water,3
marker,3
blocks,3
predominant,3
classical,3
wasters,3
quelques,3
ecoles,3
discussed,3
never,3
questions,3
purposes,3
non,3
style,3
mourre,3
exhibit,3
exploring,3
discussion,3
recobre,3
maritime,3
sufficiently,3
emphasize,3
previous,3
synthetic,3
theoretical,3
discovered,3
authors,3
michel,3
co,3
characterized,3
administrative,3
courtyard,3
ture,3
charac,3
coercive,3
responsible,3
etruscans,3
exactly,3
primitive,3
congres,3
romaines,3
workshop,3
destruction,3
porquerolles,3
sociopolitical,3
languedocien,3
voccident,3
clusters,3
carried,3
culturels,3
romaine,3
note,3
africa,3
tentative,3
foreign,3
pieces,3
begin,3
nj,3
sequences,3
rapidly,3
life,3
archaique,3
leveau,3
problematic,3
imitated,3
quantitative,3
historique,3
cavated,3
grand,3
tered,3
precise,3
recognizable,3
tified,3
carmes,3
phoceens,3
roussillonnaises,3
decorative,3
sadoulet,3
specialized,3
exploration,3
innovations,3
lagoons,3
generalized,3
datation,3
text,3
dispersed,3
numbers,3
cremations,3
together,3
particular,3
nearby,3
adaptation,3
consisting,3
account,3
yield,3
alcohol,3
contain,3
categories,3
middle,3
radically,3
entire,3
pits,3
ac,3
peynier,3
calvisson,3
nous,3
plana,3
varied,3
lists,3
textes,3
dense,3
pave,3
states,3
defined,3
off,3
typology,3
ranged,3
siege,3
offered,3
classificatory,3
portuaire,3
point,3
hills,3
interred,3
contrasting,3
classes,3
petrographique,3
import,3
develop,3
traditional,3
should,3
resources,3
exhibiting,2
carved,2
intimately,2
superiority,2
phoenicians,2
mostly,2
publique,2
countryside,2
flow,2
classique,2
oriented,2
cesar,2
representing,2
fortified,2
stylistic,2
separated,2
salses,2
red,2
megalithiques,2
firenze,2
branches,2
mar,2
mouth,2
speakers,2
articulating,2
reflection,2
larly,2
ive,2
identify,2
tend,2
designed,2
arrowheads,2
sheffield,2
ma,2
landward,2
favor,2
sociitis,2
assumption,2
cabasse,2
undertaken,2
geometric,2
trafics,2
presents,2
cieties,2
cadasters,2
cornell,2
pharo,2
monograph,2
princeton,2
vegetation,2
limestone,2
etruschi,2
illiberis,2
predominantly,2
includes,2
invention,2
tantalizing,2
patrice,2
creation,2
tifiable,2
originally,2
entangled,2
dressel,2
serignane,2
dramatically,2
layout,2
agglomeration,2
larcheologie,2
wave,2
analyses,2
producing,2
spaced,2
sous,2
struction,2
developmental,2
ntmes,2
consist,2
tery,2
orb,2
situ,2
ambiguous,2
prihistoire,2
recorded,2
espace,2
key,2
money,2
portico,2
planted,2
calla,2
hall,2
musees,2
jc,2
representations,2
presses,2
zur,2
compelling,2
pre,2
open,2
illustrate,2
traced,2
arqueologia,2
detail,2
arenas,2
combination,2
supply,2
tablets,2
rela,2
cient,2
undoubtedly,2
decreasing,2
huveaune,2
par,2
empha,2
undergone,2
tons,2
vases,2
diversity,2
comptes,2
dotted,2
espeyran,2
miditerranee,2
inevitable,2
particu,2
anciennes,2
neighbors,2
subdue,2
petrographic,2
american,2
universitaires,2
rendus,2
sample,2
asymmetrical,2
turn,2
estimates,2
aligned,2
protis,2
illb,2
acta,2
document,2
ceramica,2
cannes,2
serving,2
left,2
alliances,2
contemporaneously,2
communication,2
pos,2
tentatively,2
precapitalist,2
nean,2
scripts,2
generation,2
handful,2
cists,2
focused,2
crossroads,2
cas,2
grotte,2
economique,2
landscapes,2
opposed,2
poor,2
simultaneously,2
fort,2
york,2
cially,2
ably,2
hots,2
his,2
growth,2
performance,2
grid,2
ceme,2
generations,2
remain,2
donnees,2
mountain,2
campagnes,2
square,2
levels,2
subsistence,2
mean,2
recentes,2
chonologie,2
arrangements,2
rescue,2
annales,2
transitional,2
entre,2
leave,2
noir,2
kilns,2
sanctuary,2
sandy,2
nos,2
cave,2
selected,2
practicing,2
augmented,2
consequences,2
miscellaneous,2
defleshing,2
arid,2
plus,2
marks,2
prehistory,2
contiguous,2
presumably,2
marking,2
imitation,2
record,2
upper,2
presumed,2
stratigraphique,2
jars,2
delta,2
powerful,2
cadastration,2
multiroom,2
preference,2
mer,2
opening,2
ostentatious,2
came,2
chronologie,2
evolutionist,2
cerdagne,2
arrival,2
iberique,2
escalation,2
six,2
extraordinary,2
color,2
farmsteads,2
explanatory,2
marseillais,2
effort,2
conspicuous,2
objets,2
events,2
configuration,2
base,2
inter,2
sparse,2
propos,2
economiques,2
equally,2
sondage,2
tran,2
vile,2
disturbance,2
belles,2
circular,2
cremated,2
lowlands,2
recently,2
notes,2
exca,2
fish,2
equip,2
vch,2
correlation,2
martius,2
coin,2
huge,2
briefly,2
warriors,2
exert,2
dix,2
none,2
distinguish,2
future,2
closed,2
importations,2
bounded,2
celtique,2
tour,2
tool,2
preferred,2
nine,2
protected,2
brought,2
tage,2
lengua,2
vivriere,2
miditerranienne,2
plombs,2
graffites,2
minority,2
intentionally,2
genuine,2
arqueoldgico,2
mineurs,2
pratiques,2
records,2
figures,2
densely,2
device,2
rituals,2
sculptural,2
proliferation,2
away,2
ecueil,2
surrounding,2
formations,2
anything,2
sicily,2
schwaller,2
ter,2
currents,2
my,2
attributed,2
treziny,2
charles,2
pyrenees,2
monetary,2
westeuropaischen,2
niveaux,2
sense,2
ago,2
corresponds,2
spatially,2
straight,2
durban,2
order,2
midst,2
atmosphere,2
belt,2
family,2
attention,2
incineration,2
sufficient,2
oppidum,2
stemmed,2
chantier,2
revealing,2
pare,2
fired,2
decline,2
latest,2
boundaries,2
vdla,2
visible,2
progress,2
basse,2
value,2
scientifiques,2
separate,2
aggregate,2
massive,2
corpse,2
cite,2
portion,2
vitude,2
led,2
quarry,2
chains,2
reduced,2
hegemony,2
levantina,2
jacobsthal,2
amphore,2
summarize,2
tively,2
sitional,2
lag,2
woodland,2
influences,2
necessary,2
intervention,2
make,2
standing,2
favory,2
amis,2
lb,2
realites,2
antibes,2
ware,2
tends,2
exceeded,2
spectacular,2
grece,2
metric,2
nouvelle,2
sciences,2
interpretation,2
vided,2
housing,2
represents,2
makes,2
polychromie,2
serve,2
soon,2
insofar,2
adoptions,2
bone,2
selective,2
spear,2
neither,2
differs,2
luo,2
wheel,2
typologique,2
ampurias,2
lamps,2
apres,2
ro,2
tave,2
fieldwork,2
montjean,2
elevations,2
mobilier,2
inclusions,2
longer,2
double,2
useful,2
routes,2
vallie,2
french,2
reutilized,2
hellenization,2
decoration,2
tlements,2
trois,2
kolloquium,2
projects,2
swords,2
francaises,2
bracelets,2
avec,2
limit,2
striking,2
importation,2
post,2
broken,2
appeared,2
disturbed,2
children,2
gray,2
implantations,2
puech,2
ionian,2
geographie,2
man,2
terrasses,2
fragments,2
noirs,2
materielle,2
mor,2
ages,2
cup,2
burning,2
shelters,2
ground,2
conquete,2
formation,2
gorges,2
anforas,2
onde,2
chatto,2
mediterraneennes,2
societi,2
tures,2
iberia,2
var,2
bonet,2
bas,2
remarkably,2
regionally,2
degree,2
violent,2
cosmologies,2
plane,2
barruol,2
oppida,2
original,2
demonstrated,2
tween,2
micaceous,2
franqaise,2
frejus,2
extended,2
prehistoria,2
campaigns,2
discovery,2
implicated,2
mata,2
desert,2
eight,2
reused,2
previously,2
rile,2
montagne,2
passato,2
rhdne,2
traded,2
persisted,2
dress,2
iberiques,2
decouvertes,2
catalyst,2
effectively,2
credited,2
bassins,2
dialects,2
vernis,2
perimeter,2
prehistoriques,2
op,2
tury,2
hyeres,2
logic,2
carthaginian,2
ganization,2
montlaures,2
allowed,2
like,2
ny,2
collected,2
antiquity,2
dry,2
paths,2
tities,2
practiced,2
interacted,2
intensively,2
preservation,2
provenance,2
exchange,2
wrecks,2
strongly,2
caesar,2
elaborate,2
indi,2
alpine,2
craft,2
exported,2
interpretations,2
respectively,2
garcia,2
etruria,2
cultuelles,2
engagement,2
cesseras,2
brewing,2
parola,2
detudes,2
sillon,2
shallow,2
cephaliform,2
oxford,2
indication,2
suggestion,2
gantes,2
aid,2
italic,2
regular,2
five,2
miet,2
impressive,2
voisines,2
sides,2
program,2
hill,2
inside,2
vertical,2
insufficient,2
sec,2
widespread,2
male,2
becomes,2
excluding,2
tive,2
cist,2
legends,2
millennia,2
cinerary,2
es,2
file,2
vaude,2
ceze,2
existed,2
table,2
stratified,2
composed,2
exists,2
itself,2
unusual,2
added,2
mud,2
door,2
catalan,2
quantitatively,2
produc,2
acquired,2
anthropological,2
methodes,2
environment,2
monument,2
dazur,2
conclusion,2
exemplified,2
possibly,2
ensayo,2
conceptualize,2
adroher,2
characteristics,2
pace,2
constructed,2
separately,2
entry,2
terrestrial,2
prob,2
rocky,2
equipment,2
offers,2
prerromanas,2
colonisation,2
erected,2
continental,2
tration,2
colonization,2
turies,2
encoun,2
vegetational,2
seem,2
naturalize,2
vari,2
straightforward,2
vines,2
brick,2
languedociens,2
temper,2
proportional,2
exceptional,2
ported,2
stretching,2
ar,2
rely,2
written,2
everted,2
celts,2
reflected,2
just,2
living,2
turned,2
usages,2
believed,2
animal,2
defend,2
literature,2
phoceenne,2
cadaster,2
supports,2
lished,2
maintain,2
agricultural,2
map,2
formes,2
tauroeis,2
benoit,2
problem,2
avid,2
interpreting,2
estab,2
waters,2
fully,2
regionale,2
weights,2
thousands,2
pursued,2
require,2
installations,2
property,2
amplification,2
articulation,2
suggests,2
incorporated,2
espagne,2
mediterra,2
bath,2
preserved,2
inserting,2
tipologia,2
entrance,2
transport,2
altered,2
reported,2
milan,2
reine,2
everywhere,2
sion,2
programs,2
dock,2
rivages,2
correspondence,2
fondation,2
rewarding,2
demarcation,2
francois,2
studi,2
spring,2
preromain,2
locations,2
difference,2
frontiers,2
illinois,2
numerous,2
frame,2
dangerous,2
colo,2
espe,2
physical,2
manufacture,2
guiding,2
gen,2
earthen,2
sixthand,2
definitive,2
pillars,2
roles,2
provengal,2
verdon,2
vi,2
territories,2
seve,2
news,2
themselves,2
apercu,2
carthage,2
debate,2
substantial,2
conjuncture,2
immediately,2
subgeometric,2
detection,2
representational,2
manufactured,2
customs,2
discern,2
hypothesis,2
galia,1
moulins,1
ars,1
emulate,1
enth,1
enviable,1
dicinal,1
bernard,1
implemented,1
does,1
abside,1
pais,1
ending,1
navires,1
antiquites,1
volved,1
typifying,1
currently,1
negrei,1
rate,1
rencontre,1
triple,1
lation,1
guistic,1
autres,1
limits,1
prefer,1
trast,1
monly,1
horizontal,1
heroic,1
fertile,1
medieval,1
generated,1
potier,1
productions,1
saluvii,1
etrus,1
mon,1
macroscale,1
funer,1
skeletal,1
designated,1
lonial,1
deplacement,1
xlve,1
represent,1
pale,1
cluse,1
engendered,1
dantibes,1
uncommon,1
casa,1
bessac,1
salyenne,1
agraires,1
toppidum,1
arrive,1
shipbuilding,1
isoles,1
intriguing,1
reflexions,1
reckoning,1
seizure,1
wheelmade,1
originating,1
gion,1
adduction,1
flexed,1
succession,1
memoire,1
bordeaux,1
notably,1
sis,1
genese,1
sphere,1
distributed,1
deciduous,1
debris,1
linguistic,1
guy,1
expect,1
universiti,1
elaborately,1
parative,1
liaison,1
apsidal,1
partially,1
mounted,1
archaeonautica,1
conquering,1
logique,1
drastically,1
bor,1
offerings,1
liters,1
fate,1
trouvailles,1
mobility,1
fragment,1
cours,1
noteworthy,1
informative,1
lintel,1
med,1
campanie,1
strictly,1
item,1
dump,1
clumsy,1
absides,1
circeo,1
bias,1
commerciaux,1
narbonensis,1
drawings,1
annees,1
vence,1
centra,1
alone,1
mentality,1
conscious,1
toulouse,1
nord,1
wharf,1
decade,1
anthropology,1
eventu,1
orchestrating,1
protection,1
tetang,1
interrelationship,1
organic,1
theorie,1
equality,1
vestiges,1
em,1
holding,1
schol,1
shares,1
dialoques,1
disengaged,1
sys,1
valencia,1
regime,1
uses,1
unite,1
something,1
reorienta,1
clasificacidn,1
thematic,1
salles,1
po,1
buffer,1
englewood,1
suaries,1
nice,1
territorial,1
nouvel,1
bric,1
cultuels,1
incorporating,1
systemes,1
hot,1
northward,1
test,1
experience,1
diasporic,1
anti,1
jority,1
visiting,1
notre,1
acterized,1
member,1
peintes,1
pretive,1
biconical,1
estimated,1
mid,1
quarians,1
crdnica,1
pansion,1
bed,1
modest,1
lignes,1
pink,1
turbulence,1
agathe,1
popula,1
archae,1
cany,1
matically,1
pervasive,1
neolithic,1
coexist,1
decor,1
contingent,1
escritura,1
processes,1
wane,1
iterica,1
historians,1
pat,1
motor,1
chassey,1
interference,1
season,1
materiel,1
progression,1
meaning,1
forcibly,1
defence,1
worked,1
dra,1
incomplete,1
funerals,1
princesses,1
advanced,1
germany,1
absolue,1
prestigious,1
switzerland,1
hatched,1
tra,1
nimoise,1
definition,1
thus,1
eration,1
combatting,1
imprimerie,1
delineation,1
cial,1
rhode,1
reach,1
oval,1
archaeologically,1
outsider,1
titative,1
route,1
sup,1
derstanding,1
stringent,1
pragmatic,1
explores,1
accommodate,1
broadly,1
tipolis,1
succeeds,1
suggesting,1
rvalues,1
caesarian,1
accompanied,1
borders,1
desire,1
poverty,1
phocaea,1
display,1
coordinated,1
thank,1
secteur,1
tweezers,1
potentially,1
ramic,1
humation,1
sacrifice,1
senses,1
admittedly,1
redistribution,1
spivey,1
dominantly,1
inherent,1
disappearance,1
sometime,1
ences,1
scheme,1
reveal,1
cooperating,1
exuberant,1
composition,1
elisyques,1
volques,1
room,1
beds,1
religion,1
pavement,1
sees,1
greatly,1
debt,1
plicitly,1
alignment,1
mandate,1
differential,1
integrate,1
roasting,1
ru,1
imperfectly,1
tablished,1
restes,1
mind,1
say,1
replicated,1
stand,1
sacred,1
concepts,1
librairie,1
doc,1
principal,1
mars,1
gifts,1
classified,1
normal,1
panied,1
decreased,1
application,1
dendritic,1
signs,1
vhueme,1
ary,1
polit,1
hostility,1
hostile,1
vleme,1
dressed,1
cooling,1
confused,1
echanges,1
drama,1
designs,1
seminar,1
venvironnement,1
weighing,1
tonnage,1
saliotes,1
triggered,1
tltalie,1
nodes,1
perle,1
empty,1
involves,1
gists,1
occasional,1
ecriture,1
pepoque,1
sophisticated,1
spherical,1
zeitschrift,1
avril,1
westview,1
plain,1
lire,1
bicephalic,1
autonomous,1
albeit,1
poccident,1
vdlage,1
chants,1
repre,1
sought,1
pub,1
camargue,1
incorporate,1
agriculture,1
cated,1
lim,1
blaise,1
dat,1
economics,1
ixe,1
stepped,1
cauldron,1
terraces,1
grooves,1
busy,1
inverse,1
ornamentation,1
ternal,1
felt,1
capable,1
reutilization,1
therault,1
sibilities,1
estudios,1
valiees,1
geared,1
pretend,1
expan,1
vaguely,1
contemporaneous,1
antipolis,1
adopting,1
epigraphy,1
foreigners,1
sumption,1
powers,1
feasible,1
repartition,1
taxation,1
insight,1
consumers,1
occupy,1
structurally,1
lin,1
professor,1
inhabited,1
silting,1
sporadically,1
x,1
consequent,1
dur,1
vated,1
asserting,1
alimentation,1
archaeolgy,1
household,1
influencia,1
ecrits,1
overlooking,1
germania,1
chart,1
teconomie,1
monu,1
emissions,1
schematically,1
franken,1
typically,1
plementary,1
moderation,1
lambert,1
forme,1
preromaine,1
docian,1
collection,1
inhu,1
arqueologica,1
keramik,1
evaluating,1
travers,1
cursory,1
cultivation,1
tessons,1
localized,1
controlled,1
pillar,1
huiles,1
dois,1
rous,1
exicuties,1
repeatedly,1
implements,1
extinct,1
conflict,1
fleshed,1
goal,1
million,1
coating,1
terra,1
fedieres,1
palais,1
commensality,1
plaques,1
comprehending,1
timber,1
gras,1
stration,1
preliminaires,1
language,1
relationships,1
mt,1
polliniques,1
bitronconiquc,1
historically,1
influx,1
quatrieme,1
archaeolo,1
pied,1
reverse,1
explained,1
go,1
immediate,1
marseilles,1
dynamics,1
voies,1
xii,1
risultats,1
eating,1
surrounded,1
hors,1
illustrates,1
due,1
predetermined,1
visited,1
targeted,1
bandes,1
soctete,1
laboratoire,1
pla,1
dei,1
aus,1
confer,1
rooftop,1
agent,1
arheologique,1
center,1
characteristic,1
faces,1
distri,1
passage,1
sweeping,1
te,1
shaft,1
consumer,1
influenced,1
catholique,1
hooks,1
difficulty,1
coexistence,1
writ,1
concentric,1
ministration,1
realization,1
teristic,1
fabrics,1
assessment,1
employing,1
seeming,1
theaters,1
extensively,1
figlina,1
dence,1
arena,1
learning,1
mediterrdneo,1
portique,1
vage,1
slabs,1
ossuaries,1
priority,1
faculte,1
progressive,1
sustain,1
candidates,1
edy,1
bustling,1
precludes,1
distinct,1
ct,1
innovation,1
amended,1
uni,1
bay,1
keep,1
ern,1
burgeoning,1
pri,1
furnishing,1
sized,1
fond,1
wharfs,1
amount,1
etrusco,1
simplest,1
response,1
syracuse,1
nouveaux,1
consump,1
flawed,1
versite,1
attests,1
monumentalize,1
madeleine,1
espahol,1
twice,1
detecting,1
spin,1
axiomatically,1
weight,1
quell,1
clusions,1
mirrored,1
drawn,1
exceptions,1
archaeologist,1
terrace,1
wat,1
nick,1
ticularly,1
catalogne,1
unresolved,1
emporlon,1
passelac,1
preserving,1
reformulate,1
critique,1
ladles,1
mand,1
vilime,1
demonstration,1
looms,1
operative,1
deeply,1
traditions,1
lens,1
messages,1
imperialisme,1
letruria,1
remnants,1
derniers,1
join,1
defleshed,1
rived,1
instruments,1
ironand,1
quartiers,1
cused,1
lan,1
bou,1
selectively,1
industries,1
punicas,1
unlikely,1
van,1
employ,1
media,1
failed,1
rights,1
archaiques,1
tan,1
urns,1
sue,1
adulation,1
mixte,1
wavy,1
recognized,1
adequate,1
marcet,1
gained,1
albici,1
capitale,1
mild,1
madrague,1
identification,1
tamped,1
sociated,1
improved,1
innu,1
commentaire,1
individuals,1
camp,1
links,1
nourrissons,1
ishing,1
monographies,1
modeles,1
admini,1
mestic,1
notable,1
marchandes,1
painleve,1
philologie,1
proceedings,1
grateful,1
ironic,1
bays,1
nol,1
abundance,1
teria,1
na,1
borrowing,1
biggest,1
universitat,1
radius,1
responded,1
alleyways,1
pantiquite,1
neatly,1
programmed,1
excellent,1
spirituelle,1
excavators,1
signaled,1
etape,1
survives,1
voppidum,1
preparatory,1
persistent,1
tarcheologia,1
taxinomique,1
strands,1
traitement,1
anthracologiques,1
etnischi,1
methods,1
castels,1
parts,1
companying,1
institutionalized,1
scrub,1
envision,1
lacking,1
reconnus,1
danger,1
barbares,1
rhodanian,1
white,1
lay,1
founda,1
misconception,1
list,1
awareness,1
rit,1
clarification,1
logical,1
musie,1
atelier,1
esportazione,1
vasos,1
covegno,1
pearance,1
rife,1
firing,1
holds,1
hook,1
reason,1
ibe,1
references,1
baie,1
category,1
wagon,1
discernible,1
occu,1
lacydon,1
green,1
vastly,1
adopt,1
beachheads,1
rib,1
cadarache,1
ref,1
skeleton,1
representativeness,1
escaped,1
moved,1
erences,1
signed,1
giugno,1
physically,1
gallo,1
familiar,1
architec,1
sol,1
organized,1
vations,1
amenagements,1
sociocultural,1
otherwise,1
progressing,1
latin,1
troops,1
comparee,1
itrusques,1
section,1
elsewhere,1
driven,1
xile,1
vidual,1
elevated,1
secondo,1
tinguish,1
receiving,1
religieux,1
articulated,1
ingrid,1
exploratory,1
egregious,1
argued,1
quarters,1
committee,1
benefited,1
situations,1
ginal,1
orientation,1
razors,1
stratigraphiques,1
trol,1
acceptance,1
commonly,1
topographique,1
underwater,1
statt,1
additional,1
shorter,1
ques,1
continual,1
follow,1
predomi,1
noire,1
exceed,1
thirsty,1
position,1
vineyards,1
perate,1
surge,1
macrostructures,1
monde,1
hoard,1
explosion,1
diverge,1
witness,1
infrequently,1
plenum,1
cylindrical,1
rendered,1
shifted,1
miscelanea,1
encom,1
helped,1
corresponding,1
valenciano,1
dentremont,1
opinion,1
strategy,1
grospierres,1
providing,1
andre,1
periode,1
miditerraneenne,1
autochtones,1
ear,1
dc,1
conflicts,1
ciramique,1
adop,1
iconography,1
marseilleveyre,1
spe,1
holdings,1
emendation,1
raw,1
ibericas,1
sive,1
moving,1
accom,1
pininsule,1
discus,1
closely,1
advance,1
carving,1
hermet,1
ditions,1
introduce,1
ethnography,1
epoques,1
allow,1
bearing,1
avenue,1
harbor,1
dependance,1
appearance,1
tem,1
rule,1
physicochemical,1
mercenaries,1
faunal,1
appropri,1
typical,1
cli,1
cant,1
ambitions,1
mobilite,1
alcoy,1
pitchers,1
ambiguity,1
millenaire,1
stretches,1
demands,1
indiffer,1
her,1
fishing,1
tyrrhiniens,1
radical,1
micropolitics,1
teristics,1
endeavor,1
coveries,1
unpainted,1
reconcile,1
fo,1
chef,1
diacritical,1
featured,1
struggles,1
guilbert,1
iberos,1
markets,1
lent,1
evaluate,1
installation,1
giglio,1
academic,1
proces,1
bution,1
waterfront,1
intervening,1
parquet,1
restructured,1
weser,1
understood,1
circonscription,1
effective,1
buried,1
cama,1
pitch,1
vetang,1
emporia,1
orientales,1
culinary,1
relais,1
mate,1
effect,1
cavevieille,1
abruptly,1
stockage,1
prerromanos,1
andlisis,1
absorption,1
devoid,1
venue,1
transforma,1
moullot,1
differents,1
culturelles,1
meet,1
promise,1
differentiation,1
attractiveness,1
jardin,1
inadequately,1
archdologisches,1
appearing,1
grounds,1
lets,1
heraultais,1
potiers,1
hypothetical,1
yellowish,1
outlined,1
produce,1
velaux,1
axe,1
required,1
facilities,1
microregional,1
levant,1
graeca,1
aleppo,1
subdivisions,1
stations,1
suspended,1
enemies,1
technical,1
distinguishes,1
urbanisation,1
syslat,1
shape,1
specifically,1
cise,1
nazionale,1
ilia,1
hybrid,1
minimal,1
differ,1
ibirique,1
soctetes,1
explore,1
monique,1
charred,1
etang,1
relief,1
bords,1
tant,1
celtische,1
iberes,1
strips,1
houles,1
vers,1
nies,1
polybius,1
scatters,1
occidentales,1
joliette,1
received,1
sculpture,1
appeals,1
congresso,1
fibulas,1
nificantly,1
quatre,1
uneven,1
qualifications,1
dissatisfaction,1
protein,1
xhpa,1
ingots,1
cotier,1
prominent,1
greece,1
sordes,1
ate,1
example,1
civil,1
denial,1
vorgeschichtlichen,1
proportions,1
sistence,1
patterning,1
penetrating,1
experiencing,1
emporitan,1
vaders,1
highlight,1
boissinot,1
bowl,1
cavaliers,1
restructuring,1
nization,1
erage,1
produzione,1
generalizing,1
overview,1
designate,1
prac,1
island,1
consistently,1
hellinique,1
discussions,1
viticulture,1
cathedrale,1
collective,1
contains,1
us,1
imitations,1
seated,1
haps,1
participated,1
rhonebai,1
rian,1
perishable,1
thereafter,1
winter,1
doors,1
unfired,1
ning,1
border,1
autun,1
gear,1
reflect,1
complemented,1
porigine,1
il,1
compact,1
systematic,1
olbla,1
differentially,1
sudeste,1
quences,1
monopoly,1
artifact,1
metrologie,1
hallstattien,1
universally,1
urn,1
itrusque,1
definitions,1
cadastre,1
chemistry,1
towards,1
encounters,1
premiere,1
tournse,1
montmorot,1
produits,1
subtle,1
depicting,1
contests,1
preceded,1
gisements,1
ringed,1
appreci,1
jullian,1
andirons,1
saline,1
provencale,1
normally,1
dreds,1
legions,1
caused,1
hard,1
tight,1
giorgio,1
limites,1
ihb,1
distances,1
buildings,1
pagnel,1
fondations,1
involve,1
resolving,1
nant,1
hired,1
republic,1
next,1
uncontrolled,1
politically,1
marli,1
lage,1
propose,1
stimulated,1
consolidation,1
issued,1
diodoros,1
ological,1
arbitrary,1
bank,1
ibero,1
showed,1
calling,1
spanish,1
estilo,1
philadelphia,1
recognition,1
exemplifies,1
anterieurement,1
lating,1
endowed,1
entrepot,1
tunite,1
allotted,1
feldspathic,1
executed,1
transfer,1
catalonia,1
industry,1
strongholds,1
oibia,1
bonifay,1
sociiti,1
ancestral,1
junctures,1
pistoles,1
copying,1
albore,1
dem,1
brown,1
amphorenimport,1
velasquez,1
charite,1
vein,1
warehouses,1
annual,1
richness,1
purification,1
rythmes,1
implementation,1
approach,1
os,1
quarante,1
clearinghouse,1
nected,1
pays,1
sponse,1
loci,1
tapport,1
results,1
proper,1
paid,1
facings,1
antoinette,1
univiversity,1
arpenteurs,1
roots,1
altogether,1
structured,1
appropriate,1
conceptions,1
trousset,1
sim,1
preliminary,1
busts,1
flour,1
actions,1
cating,1
orientate,1
reducing,1
activities,1
impor,1
promising,1
teleology,1
concomitant,1
iub,1
facies,1
azaila,1
ferme,1
appeal,1
survived,1
tombs,1
reportings,1
activation,1
apports,1
comb,1
affixed,1
prelevements,1
bedrock,1
borreani,1
underlies,1
petits,1
lyon,1
furnished,1
transform,1
rogue,1
arrangement,1
farm,1
carcassonne,1
exterior,1
frontier,1
give,1
conforming,1
matter,1
colors,1
detected,1
avignon,1
expanse,1
inscrits,1
fell,1
dispositions,1
vhuile,1
sl,1
pushes,1
iberica,1
middleman,1
populations,1
eluded,1
indicative,1
caere,1
moureze,1
separation,1
phokaische,1
henri,1
sans,1
reloaded,1
overall,1
labeled,1
metalliferous,1
bisected,1
phonetics,1
semaphore,1
corporation,1
notoriously,1
annies,1
classic,1
edges,1
wetland,1
etapes,1
female,1
veterans,1
reorganization,1
ple,1
prove,1
whatever,1
precolonial,1
humains,1
allies,1
pacification,1
wines,1
bibliothdque,1
choix,1
unprecedented,1
profound,1
movement,1
dle,1
graeco,1
abrupt,1
holocenes,1
niques,1
sommaire,1
structural,1
pentes,1
inculcation,1
marchand,1
humaine,1
cata,1
mention,1
tuary,1
patches,1
contributing,1
transalpine,1
usu,1
loaded,1
pivotal,1
incursion,1
relied,1
clusive,1
saone,1
marseillaises,1
push,1
examined,1
fit,1
security,1
etat,1
tamaris,1
pendant,1
rigion,1
heroized,1
destins,1
thought,1
residence,1
herently,1
ancicn,1
hegemonic,1
detectable,1
rain,1
sex,1
continuity,1
modity,1
seeing,1
indigenously,1
tourelles,1
ia,1
iconomique,1
deviations,1
populated,1
orange,1
plex,1
tagus,1
ele,1
nominal,1
perceived,1
unwin,1
acting,1
serralongue,1
falls,1
extinction,1
informations,1
checkered,1
positively,1
shock,1
refine,1
friendship,1
ethnographic,1
ed,1
floor,1
rusclno,1
communes,1
accelerated,1
unfortu,1
gracious,1
determine,1
imitating,1
hallstattienne,1
belonging,1
occurring,1
insights,1
confirmed,1
department,1
reports,1
resented,1
phellenisation,1
hearth,1
speaking,1
pol,1
arranging,1
skewed,1
sealed,1
quotidienne,1
picture,1
philhellenism,1
investigating,1
cream,1
chose,1
volume,1
tall,1
monnayages,1
seasonally,1
phenome,1
walled,1
hautes,1
aspect,1
prepa,1
book,1
ovoid,1
coming,1
runs,1
refurbishment,1
stories,1
reoccu,1
impres,1
mentions,1
collias,1
stating,1
death,1
academy,1
varies,1
danthropologie,1
vaisselle,1
domains,1
interieure,1
rock,1
experienced,1
tiny,1
complementary,1
ioniens,1
efforts,1
skills,1
registration,1
poseidonios,1
maneu,1
locational,1
shows,1
lack,1
votive,1
nicropoles,1
precision,1
consideration,1
hollow,1
villard,1
contrasts,1
deforestation,1
inven,1
liquiere,1
dication,1
villa,1
cargos,1
across,1
totals,1
prepared,1
centenaire,1
ugolini,1
environs,1
occupations,1
inlet,1
attempting,1
mondo,1
aiti,1
breached,1
narbo,1
rive,1
lapidaire,1
richer,1
gested,1
incorporation,1
nebulous,1
creative,1
inlets,1
reductionist,1
overwhelmingly,1
substantially,1
nailed,1
claimed,1
morhange,1
ceyamique,1
superstructure,1
undiagnostic,1
external,1
valence,1
mountainous,1
ponsich,1
consiglio,1
ressources,1
conspicuously,1
paleobotanical,1
hand,1
beige,1
adjacent,1
dites,1
pine,1
shipwreck,1
richarte,1
ou,1
vanquished,1
model,1
growing,1
road,1
revolts,1
derivation,1
collabora,1
continuing,1
developing,1
existing,1
empire,1
arcaico,1
petrusquisation,1
perma,1
littoraux,1
cuirass,1
accumulated,1
hectares,1
campania,1
foot,1
polis,1
real,1
slovak,1
hoards,1
foyers,1
unanticipated,1
forth,1
ethnoarchaeologicai,1
outer,1
excep,1
leveling,1
sionally,1
cataluna,1
enigmas,1
focusing,1
nikaia,1
terns,1
assortment,1
syncretic,1
viconomie,1
project,1
begun,1
signifi,1
frequency,1
als,1
amphoric,1
stylistically,1
distance,1
threats,1
gives,1
shifts,1
acquire,1
wood,1
ramon,1
volcae,1
refuted,1
giens,1
day,1
valleys,1
convenient,1
dedi,1
evi,1
remained,1
argues,1
summers,1
parreno,1
ejecting,1
stabilize,1
comptoirs,1
interrelated,1
technologies,1
ence,1
meaningful,1
antiquiti,1
intimate,1
understandable,1
berghahn,1
lost,1
crudely,1
considering,1
observable,1
alliance,1
thanks,1
ethnicity,1
explanation,1
preferential,1
shipboard,1
eighteenth,1
aqueducts,1
slaves,1
generalizations,1
dominique,1
gressive,1
pierredon,1
situla,1
deposits,1
enhanced,1
cf,1
distinctly,1
itiniraire,1
pepieux,1
archaeologies,1
manifestations,1
scriptions,1
preva,1
herbich,1
fasc,1
ruling,1
samples,1
elite,1
epigraphic,1
sojourns,1
expand,1
concern,1
top,1
uncovered,1
tecole,1
rec,1
controlling,1
terior,1
entirely,1
moitie,1
rancoule,1
franchises,1
hypotheses,1
pedestals,1
architecturaux,1
rethinking,1
station,1
residues,1
rivers,1
sauvetage,1
factor,1
romana,1
conditions,1
lanes,1
faesses,1
shades,1
sequence,1
harvard,1
extraordinarily,1
encyclopidie,1
net,1
merable,1
miditerranie,1
story,1
spits,1
engaged,1
places,1
continue,1
sible,1
examination,1
radiocarbon,1
full,1
overlap,1
literate,1
office,1
ob,1
teresting,1
complicated,1
coinages,1
complutum,1
continuities,1
attraction,1
versions,1
ruraux,1
sugges,1
rejected,1
ethnoscapes,1
low,1
rina,1
significance,1
exports,1
lersiecles,1
corrupted,1
provoked,1
exclusion,1
gauloise,1
receptacles,1
fades,1
tional,1
tories,1
localisation,1
oc,1
comprehensive,1
urbanism,1
dominated,1
internazionale,1
faculty,1
amounts,1
interpret,1
siicles,1
primitives,1
penvironnement,1
anachronistic,1
goudi,1
archiologjie,1
construc,1
divisions,1
tubes,1
cadas,1
occa,1
buzignargues,1
gros,1
oxidizing,1
richard,1
recon,1
responses,1
artigianale,1
fibula,1
reconstructed,1
protruding,1
campanienne,1
farms,1
dendrochronology,1
serves,1
static,1
stages,1
counted,1
devise,1
filled,1
configurations,1
accurate,1
gardies,1
cadastrales,1
losing,1
spa,1
black,1
provides,1
preromaines,1
adequately,1
tardiness,1
ited,1
artificial,1
hypostyle,1
recenres,1
decide,1
maison,1
favored,1
langues,1
puniversite,1
gailledrat,1
improving,1
promote,1
crema,1
vecole,1
publics,1
constructing,1
topic,1
assures,1
bordered,1
integrated,1
stein,1
ornaments,1
erated,1
assessing,1
plans,1
struct,1
displayed,1
untermann,1
frankenstein,1
sig,1
sobre,1
excluded,1
audoises,1
hierarchical,1
lurid,1
parchitecture,1
confusing,1
fur,1
colombes,1
sablas,1
minting,1
municipals,1
padro,1
sug,1
polythetic,1
horse,1
dominance,1
cording,1
ioniennes,1
rigional,1
portiques,1
purbanisme,1
attracted,1
chrono,1
terracing,1
casional,1
simulacra,1
recapitulate,1
massalla,1
acquis,1
invented,1
we,1
amateur,1
celtes,1
geograficas,1
celin,1
nothing,1
chouquer,1
overdetermined,1
ricq,1
controversial,1
castanyer,1
minimally,1
clermontais,1
importer,1
immigration,1
anglophone,1
division,1
duplicated,1
depuis,1
redierches,1
product,1
suspendue,1
studio,1
drydock,1
landholdings,1
september,1
ended,1
genesis,1
sortment,1
manner,1
neutronique,1
achieving,1
depth,1
monitaire,1
angpigraphes,1
sols,1
discussing,1
topography,1
valuable,1
groupings,1
autumn,1
applications,1
untenable,1
heraultaise,1
me,1
peers,1
heterogeneity,1
feux,1
veneration,1
pres,1
delimiting,1
belonged,1
irregular,1
edizioni,1
coterminous,1
gala,1
prehistorique,1
perspectives,1
segregated,1
science,1
figure,1
monetaires,1
crucial,1
invasion,1
sardonically,1
buri,1
peinte,1
vau,1
couronne,1
origine,1
bound,1
tech,1
scratched,1
chronologic,1
mouries,1
ttude,1
arecomiques,1
lines,1
circu,1
phoeni,1
retrouvee,1
institutions,1
slow,1
harbors,1
referred,1
sensitive,1
directions,1
antico,1
etablissements,1
anonyme,1
seventhor,1
yale,1
ating,1
lumiere,1
velopment,1
markers,1
sextantio,1
clays,1
relevant,1
grenoble,1
furnish,1
intensive,1
vallee,1
berato,1
try,1
fang,1
covering,1
frames,1
dynamism,1
portunities,1
displaying,1
literacy,1
hoists,1
travelled,1
fall,1
developpement,1
michael,1
schriften,1
ority,1
steads,1
polychrome,1
littered,1
congreso,1
antiquities,1
lip,1
coloniale,1
measured,1
barbarians,1
instances,1
adobe,1
tial,1
examine,1
berre,1
publica,1
fonctionelle,1
tems,1
quelle,1
bad,1
bastions,1
cols,1
mobiliers,1
rivage,1
pen,1
regularly,1
cam,1
helleniques,1
heuristic,1
increased,1
metallurgie,1
distributional,1
wagons,1
forests,1
bench,1
dissertation,1
sections,1
ration,1
abandonment,1
alistic,1
curious,1
deposited,1
lattois,1
hibit,1
glanon,1
gaulle,1
tetude,1
ie,1
aerial,1
marges,1
rh,1
rues,1
viticultural,1
teams,1
ual,1
decouvert,1
homenaje,1
naples,1
trafic,1
chefs,1
roux,1
complexity,1
gardois,1
homogeneity,1
rep,1
conjunction,1
pueblos,1
preclude,1
linguadoca,1
biography,1
fribourg,1
camille,1
francos,1
maravieille,1
demonstrate,1
poised,1
constituted,1
hypothesized,1
painting,1
languedocienne,1
rious,1
word,1
multifunction,1
korrespondenzblatt,1
crab,1
thousand,1
dr,1
temporal,1
marshy,1
villevieille,1
mercantiles,1
carbondale,1
reconnaissance,1
pear,1
funding,1
fils,1
iconomie,1
dnforas,1
cov,1
cri,1
organizational,1
vering,1
alternative,1
colonialism,1
archeobgie,1
der,1
cover,1
tice,1
dicembre,1
actuels,1
ni,1
defining,1
berkeley,1
locate,1
ran,1
tenu,1
biguous,1
graved,1
plateau,1
sociales,1
extant,1
perben,1
rear,1
vetat,1
metallurgy,1
paper,1
grow,1
cultures,1
tomb,1
reversal,1
concen,1
lying,1
expanding,1
fonction,1
global,1
sizes,1
temporary,1
interested,1
nent,1
lagoon,1
capital,1
unknown,1
ubiquitous,1
jeanne,1
publiques,1
leaders,1
basilicate,1
taf,1
slowly,1
argue,1
constructions,1
cui,1
lies,1
civic,1
surprisingly,1
morts,1
intersected,1
greci,1
eventually,1
concurrently,1
jarre,1
dietjer,1
exploiting,1
er,1
designa,1
hinted,1
delltncontro,1
journals,1
obviously,1
speculation,1
pebbles,1
coupes,1
longstanding,1
ous,1
tacks,1
rebord,1
bones,1
trolling,1
hilltops,1
venant,1
manuel,1
rowing,1
closest,1
climate,1
expel,1
enlarged,1
u,1
special,1
hamlets,1
preromains,1
works,1
prades,1
arcclin,1
bands,1
merely,1
destroyed,1
hint,1
phd,1
monetazione,1
ham,1
helping,1
attesting,1
commensal,1
limi,1
virtual,1
sectors,1
defending,1
identifiable,1
jean,1
bosquets,1
chicago,1
elusive,1
antiquitis,1
carefully,1
investigation,1
reanalyzed,1
kiswahili,1
lepontic,1
fitude,1
spatial,1
implicit,1
enrique,1
ichanges,1
lavezzi,1
laying,1
stemming,1
ones,1
making,1
involvement,1
eralized,1
independently,1
champ,1
politique,1
passed,1
signature,1
mere,1
centuriations,1
beaches,1
vempire,1
dynamique,1
angela,1
panian,1
systematize,1
mediterranie,1
predate,1
daggers,1
sleeping,1
periphery,1
incised,1
nonmicaceous,1
version,1
rapports,1
paleometallurgie,1
glorification,1
projection,1
dark,1
ductive,1
villes,1
iafeaf,1
catalanes,1
orientations,1
patience,1
plats,1
ivieme,1
observations,1
episode,1
vineyard,1
terre,1
emphasis,1
ciramiques,1
dietier,1
monumentalization,1
agglomerations,1
livre,1
sidcles,1
ses,1
characterize,1
gratitude,1
bodies,1
dialogues,1
tent,1
neck,1
ritually,1
apparatus,1
presented,1
gatherings,1
pation,1
careful,1
litical,1
furniture,1
vir,1
toulon,1
integrally,1
leo,1
contemporaneity,1
corinthian,1
marble,1
confirm,1
montagnac,1
vulci,1
ec,1
variability,1
african,1
giving,1
splits,1
durable,1
impose,1
signes,1
capped,1
administration,1
tunion,1
went,1
duction,1
vertically,1
oil,1
assortments,1
tresor,1
possessions,1
pitcher,1
duval,1
resistance,1
limnal,1
naturelle,1
copper,1
divided,1
hesperia,1
unity,1
niveau,1
implica,1
tectosages,1
maintained,1
und,1
goals,1
neglect,1
ciopolitical,1
animals,1
gar,1
pair,1
liest,1
our,1
valtee,1
cavation,1
economie,1
maritimes,1
mica,1
demonstrably,1
shores,1
producer,1
plying,1
antiquite,1
trophies,1
layers,1
incognita,1
shown,1
elongated,1
guichard,1
ebusitaines,1
echelles,1
commercial,1
lishment,1
oenochoes,1
ignored,1
rimperialisme,1
plowing,1
deformed,1
disposal,1
zones,1
advent,1
reliable,1
quest,1
pintados,1
descriptions,1
paradigm,1
swampy,1
internally,1
ores,1
chemical,1
corporated,1
commercio,1
veys,1
relevance,1
acteristic,1
publishing,1
hun,1
vantiquite,1
teraction,1
indications,1
actively,1
curing,1
detached,1
grown,1
salt,1
pseudophokaische,1
regionales,1
afrique,1
cian,1
define,1
enabling,1
sinuation,1
socially,1
moyenne,1
need,1
phabitat,1
environ,1
kantharoi,1
gaules,1
rhodaniens,1
selection,1
involving,1
protocorinthian,1
effects,1
klio,1
crochu,1
playing,1
roussillonnais,1
saliote,1
attempted,1
inequalities,1
ovens,1
diaspora,1
ancien,1
measure,1
scape,1
speak,1
rem,1
sexing,1
peuples,1
summary,1
enclosed,1
respective,1
tations,1
caveats,1
recogniz,1
pointe,1
supported,1
replacing,1
contextually,1
lenche,1
apart,1
etalons,1
ebre,1
requires,1
tradi,1
rest,1
conflated,1
noncontiguous,1
chazelles,1
markable,1
artemis,1
tribes,1
interdisciplinary,1
priromaines,1
rejection,1
succeeded,1
lodivois,1
cook,1
schematic,1
ceramologie,1
articu,1
bolline,1
enterprise,1
thommeret,1
sharing,1
phoenico,1
terres,1
ferent,1
toponym,1
plexity,1
vieux,1
severely,1
vihe,1
abandoned,1
vauvenargues,1
serpentiform,1
absidal,1
signification,1
mint,1
technological,1
ends,1
dif,1
livestock,1
predominandy,1
famous,1
etnias,1
stoechades,1
morel,1
assume,1
proceso,1
building,1
meeting,1
successive,1
nonfunerary,1
southeastern,1
acknowledgments,1
clasica,1
tus,1
linen,1
rubble,1
axial,1
rouss,1
classifications,1
draft,1
continuously,1
delle,1
occur,1
deeper,1
jects,1
hierarchy,1
richly,1
ploy,1
els,1
