WORDCOUNTS,WEIGHT
the,1451
of,999
and,596
in,512
a,389
to,319
is,185
from,162
that,158
was,154
this,136
at,135
with,127
it,126
as,120
for,118
which,118
were,118
have,99
by,97
are,94
on,90
southeast,89
has,85
an,83
been,77
there,75
bronze,74
site,68
these,65
ban,60
or,58
iron,58
asia,57
prehistoric,56
one,55
found,54
bc,54
but,54
during,53
area,52
sites,50
khok,48
phanom,46
period,46
stone,44
di,44
first,44
two,44
we,44
dong,43
such,43
its,43
exchange,43
not,43
early,43
also,42
their,39
some,38
prehistory,38
about,38
non,38
millennium,37
c,37
communities,36
burials,36
son,36
into,35
within,35
be,35
rice,34
evidence,34
chinese,33
pottery,32
remains,32
later,31
thailand,31
more,31
between,31
river,29
f,28
over,28
would,27
copper,27
b,26
most,26
when,26
higham,26
can,26
they,25
settlement,25
exotic,25
phase,24
than,24
university,24
mortuary,24
asian,24
valley,24
third,23
no,23
artifacts,23
local,23
probably,23
second,22
other,22
had,22
only,22
major,22
his,21
p,21
well,21
small,21
several,21
research,21
made,21
chiang,21
general,21
pp,21
very,21
through,21
being,20
china,20
coastal,20
cultural,20
people,20
least,20
expansion,20
then,20
much,20
all,19
human,19
status,19
indian,19
goods,19
while,19
middle,19
large,18
could,18
context,18
shell,18
m,18
suggested,18
involved,18
located,18
three,18
known,18
metal,17
if,17
excavation,17
ha,17
further,17
beads,17
so,17
high,17
associated,17
development,16
dates,16
chao,16
centers,16
occupation,16
burial,16
moated,16
social,16
water,16
new,16
nguyen,16
number,16
archaeological,16
series,16
phraya,16
both,16
important,15
northeast,15
red,15
smelting,15
those,15
central,15
excavations,15
late,15
adze,15
vessels,15
d,15
groups,14
may,14
na,14
clay,14
place,14
working,14
bac,14
areas,14
food,14
i,14
graves,14
agricultural,14
settlements,13
contexts,13
production,13
century,13
dated,13
initial,13
pollen,13
basis,13
occupants,13
occupied,13
yielded,13
grave,13
casting,13
use,13
after,13
seen,13
up,13
our,13
recent,13
phung,13
among,13
long,12
survey,12
ad,12
possible,12
point,12
presence,12
contact,12
identified,12
analysis,12
extensive,12
control,12
sea,12
although,12
chi,11
cast,11
j,11
community,11
southern,11
even,11
molds,11
mun,11
population,11
near,11
drums,11
jewelry,11
technology,11
bo,11
same,11
toward,11
valleys,11
rivers,11
described,11
marine,11
any,11
cemetery,11
particularly,11
han,10
ore,10
occurred,10
season,10
court,10
domestic,10
system,10
along,10
centralized,10
sample,10
northeastern,10
w,10
delta,10
access,10
wealth,10
excavated,10
ta,10
south,10
ancient,10
increasingly,10
took,10
material,10
radiocarbon,10
often,10
centuries,10
each,10
don,10
level,10
involving,10
nok,10
mainland,9
before,9
women,9
welch,9
display,9
last,9
british,9
khao,9
tha,9
far,9
de,9
fig,9
find,9
upper,9
four,9
distribution,9
culture,9
r,9
data,9
used,9
knowledge,9
few,9
he,9
likely,9
under,9
mound,9
many,9
larger,9
fragments,9
where,9
including,9
trend,9
clear,9
historic,9
saw,9
viet,9
widespread,9
itself,9
contained,9
did,9
them,9
terms,9
prestige,9
glass,9
given,9
center,8
studies,8
history,8
paper,8
moore,8
provision,8
sources,8
location,8
s,8
tradition,8
great,8
investigations,8
issue,8
ritual,8
valuables,8
rank,8
similar,8
importance,8
societies,8
phimai,8
recently,8
part,8
et,8
chronological,8
vicinity,8
yet,8
included,8
reports,8
end,8
considerable,8
necessary,8
range,8
deposits,8
sequence,8
clusters,8
bang,8
increasing,8
who,8
pakong,8
millennia,8
intensification,8
set,8
association,8
what,8
interaction,8
now,7
sphere,7
modern,7
undertaken,7
available,7
political,7
activity,7
bowls,7
chai,7
behavior,7
bone,7
interesting,7
excavators,7
khorat,7
t,7
metallurgy,7
fish,7
argued,7
fashioned,7
greater,7
earliest,7
because,7
floodplain,7
cluster,7
reflect,7
highly,7
adzes,7
still,7
above,7
read,7
chronology,7
already,7
others,7
bracelets,7
present,7
covered,7
layers,7
less,7
perhaps,7
low,7
estuarine,7
co,7
obtained,7
attention,7
she,7
five,7
bulletin,7
plains,7
east,7
cultivation,7
according,7
particular,7
her,7
come,7
cambridge,7
common,6
situation,6
pots,6
either,6
nature,6
hoabinhian,6
origin,6
rich,6
raised,6
bones,6
soils,6
framework,6
ranked,6
includes,6
since,6
items,6
drawn,6
dry,6
hian,6
recognized,6
growth,6
centralization,6
represented,6
eight,6
matched,6
objects,6
established,6
wong,6
clearly,6
recovered,6
position,6
charcoal,6
result,6
ranking,6
placed,6
issues,6
results,6
provided,6
will,6
slag,6
fifth,6
noted,6
time,6
mekong,6
moats,6
shown,6
degree,6
upon,6
dating,6
half,6
inhumation,6
oxford,6
note,6
continued,6
phet,6
bivalve,6
bayard,6
noi,6
tracts,6
beginning,6
problem,6
information,6
size,6
role,6
question,6
salt,6
land,6
increased,6
km,6
reached,6
gulf,6
resources,6
margins,5
wooden,5
imported,5
resulted,5
e,5
thai,5
group,5
identify,5
prachan,5
du,5
lower,5
taken,5
terrain,5
seems,5
interred,5
skills,5
faunal,5
inland,5
date,5
ascribed,5
eastern,5
marked,5
burning,5
quantity,5
exposed,5
implements,5
blades,5
g,5
interest,5
adopted,5
marriage,5
body,5
adult,5
phases,5
pacific,5
essential,5
reflects,5
mak,5
rather,5
ba,5
appreciation,5
earlier,5
means,5
changes,5
elevated,5
painted,5
exploitation,5
permanent,5
cores,5
province,5
ingots,5
revealed,5
away,5
estuary,5
surrounding,5
rise,5
suggest,5
world,5
activities,5
society,5
critical,5
ceremonial,5
plateau,5
grew,5
stones,5
science,5
vietnamese,5
personal,5
pattern,5
region,5
khe,5
points,5
decorated,5
individual,5
socketed,5
northern,5
la,5
depth,5
tin,5
began,5
grinding,5
siam,5
environment,5
following,5
archaeology,5
cover,5
country,5
different,5
india,5
followers,5
encountered,5
form,5
coast,5
covers,5
inscriptions,5
despite,5
transition,5
pa,5
families,5
ores,5
include,5
manufacture,5
north,5
crucible,5
difficult,4
does,4
edge,4
way,4
uplands,4
orbit,4
materials,4
properties,4
upland,4
australia,4
might,4
containing,4
accompanied,4
able,4
chosen,4
reveal,4
plowshares,4
existence,4
king,4
bronzes,4
measuring,4
apart,4
establishment,4
shellfish,4
interior,4
relatively,4
application,4
concentrations,4
nor,4
terrace,4
journal,4
bennett,4
influence,4
van,4
higher,4
generations,4
kijngam,4
subsistence,4
direct,4
hematite,4
consider,4
locally,4
n,4
beyond,4
came,4
identifying,4
sedentary,4
complete,4
buried,4
energy,4
wai,4
halberds,4
comprises,4
preferred,4
brought,4
london,4
gave,4
proliferation,4
ngoc,4
showing,4
change,4
grass,4
order,4
reaches,4
around,4
wider,4
knives,4
impor,4
span,4
polished,4
ramparts,4
surviving,4
indicates,4
movement,4
interpretation,4
examined,4
specimens,4
lowland,4
perspectives,4
regional,4
decoration,4
figure,4
ceramic,4
head,4
riverine,4
boat,4
mps,4
understanding,4
extended,4
coffin,4
increase,4
phu,4
concern,4
top,4
ideas,4
products,4
rare,4
variables,4
maintenance,4
floodplains,4
indicate,4
crucibles,4
latter,4
favored,4
today,4
inhabitants,4
impressive,4
construction,4
sandstone,4
forest,4
intensive,4
specialized,4
best,4
down,4
linked,4
antiquity,4
proposed,4
drum,4
evident,4
phd,4
agriculture,4
whether,4
plants,4
map,4
chau,4
institute,4
suggests,4
contain,4
conference,4
age,4
multiple,4
pits,4
became,4
territory,4
until,4
plowing,4
intensified,4
numerous,4
states,4
flooding,4
substantial,4
ca,4
gold,4
o,3
estimated,3
indicated,3
encouraged,3
represent,3
considerably,3
per,3
village,3
american,3
complex,3
arrowheads,3
specialist,3
sets,3
favor,3
former,3
laid,3
foragers,3
alleged,3
source,3
controlled,3
accumulation,3
consistent,3
every,3
ii,3
rapid,3
worked,3
beautiful,3
kao,3
accumulated,3
styles,3
achieved,3
state,3
greatly,3
chiefdoms,3
principal,3
case,3
acknowledged,3
occasional,3
plain,3
autonomous,3
capacity,3
out,3
account,3
felt,3
xv,3
affinal,3
reaching,3
insight,3
fine,3
x,3
yangzi,3
forged,3
attract,3
surplus,3
cemeteries,3
immediate,3
against,3
terraces,3
basal,3
ongbah,3
six,3
lineage,3
witnessed,3
spread,3
sun,3
coasts,3
hardly,3
commanding,3
competitive,3
identification,3
developed,3
compatible,3
basic,3
k,3
black,3
organization,3
just,3
potters,3
comprising,3
expressed,3
based,3
affiliated,3
bearing,3
route,3
scenes,3
alloy,3
diet,3
vigorous,3
compared,3
estimate,3
networks,3
gansu,3
shape,3
blade,3
acidic,3
tributary,3
related,3
chang,3
employed,3
own,3
my,3
traders,3
earth,3
good,3
lang,3
hard,3
holes,3
disk,3
family,3
concerns,3
industry,3
peak,3
villages,3
bangkok,3
progress,3
preliminary,3
periods,3
confined,3
various,3
overall,3
limited,3
study,3
religious,3
adapted,3
brackish,3
suited,3
us,3
rectangular,3
prasat,3
belonging,3
confirmed,3
department,3
double,3
members,3
walled,3
buildup,3
technique,3
added,3
cultivated,3
documented,3
agree,3
documents,3
children,3
francaise,3
forging,3
contemporary,3
doubt,3
arsenic,3
mold,3
forms,3
conclusions,3
cambodia,3
empire,3
otago,3
angkor,3
deep,3
another,3
strings,3
remote,3
certain,3
success,3
maritime,3
manufactured,3
factor,3
conditions,3
questions,3
loa,3
hoc,3
individuals,3
ties,3
spearheads,3
sustain,3
essay,3
held,3
allowed,3
problems,3
systems,3
qualities,3
craft,3
v,3
slightly,3
natapintu,3
rockshelters,3
concluded,3
exchanged,3
infants,3
smaller,3
mangrove,3
dead,3
emulation,3
stream,3
program,3
rapidly,3
life,3
settled,3
gorman,3
fields,3
mounds,3
ash,3
considered,3
freshwater,3
tamyae,3
comes,3
conjunction,3
incorporated,3
steel,3
possibly,3
soil,3
theme,3
record,3
leaders,3
report,3
pebbles,3
distinctive,3
living,3
adults,3
rising,3
adaptation,3
extent,3
produce,3
almost,3
finished,3
thereby,3
reported,3
lies,3
com,3
bimetallic,3
earthworks,3
phenomenon,3
using,3
years,3
conn,3
finding,3
course,3
move,3
need,3
centrality,3
built,3
doubtless,3
assumed,3
themselves,3
mp,3
evidently,3
broader,3
sixth,3
sa,2
final,2
frequent,2
mostly,2
child,2
prefer,2
geologique,2
dagger,2
concerned,2
tion,2
differentials,2
extreme,2
environmental,2
episodes,2
prehistoriques,2
intriguing,2
ultimate,2
tecole,2
brittle,2
introduction,2
compensated,2
distributed,2
uxorilocal,2
becoming,2
mounted,2
thu,2
offerings,2
middleand,2
spears,2
h,2
kanchanaburi,2
approaches,2
easily,2
western,2
fixed,2
necessarily,2
pose,2
turtle,2
candles,2
mourer,2
turning,2
test,2
cutting,2
said,2
aside,2
rivals,2
preceding,2
interested,2
entailed,2
implications,2
view,2
musical,2
pisnupong,2
belong,2
advantage,2
suggesting,2
together,2
reasons,2
analyses,2
follows,2
basin,2
uncovered,2
hunting,2
higbam,2
feature,2
sacred,2
concepts,2
regular,2
honolulu,2
designs,2
con,2
key,2
component,2
propensity,2
iv,2
determined,2
ax,2
literary,2
advantageous,2
west,2
surrounded,2
bottom,2
collection,2
corresponding,2
avenues,2
interments,2
frequencies,2
thus,2
historical,2
throughout,2
review,2
reservoir,2
actual,2
surely,2
spectrum,2
attest,2
eating,2
due,2
nam,2
xuan,2
unpublished,2
fissioning,2
divine,2
characteristic,2
eo,2
relations,2
participating,2
pig,2
workers,2
valua,2
extensively,2
industrial,2
strategic,2
turn,2
ware,2
distinct,2
back,2
bloomery,2
houses,2
twice,2
mudflats,2
thin,2
like,2
kaogu,2
student,2
hoes,2
leadership,2
ma,2
confluence,2
seventh,2
masterpieces,2
subjected,2
bring,2
across,2
centered,2
sort,2
square,2
levels,2
signaled,2
shang,2
philadelphia,2
derived,2
spores,2
parts,2
huge,2
ceramics,2
references,2
cave,2
factors,2
extremes,2
precious,2
firing,2
accounts,2
earrings,2
determination,2
provinces,2
unpredictability,2
moved,2
plumed,2
grains,2
yai,2
troops,2
section,2
invariably,2
shore,2
too,2
origins,2
powerful,2
vietnam,2
encouragement,2
submerged,2
boring,2
followed,2
peninsula,2
anvils,2
surge,2
requires,2
drummers,2
pleistocene,2
dominant,2
songkhram,2
appear,2
thi,2
whereas,2
raw,2
closely,2
nodal,2
duy,2
questioned,2
future,2
wares,2
histories,2
midden,2
sequel,2
strongly,2
seven,2
pass,2
events,2
chisels,2
base,2
ages,2
academic,2
coffins,2
tran,2
interpretative,2
war,2
hinterland,2
sharpened,2
tools,2
cannot,2
wherein,2
appearing,2
grounds,2
outside,2
metals,2
granite,2
flaked,2
relevence,2
possibility,2
aspects,2
outstanding,2
none,2
having,2
kg,2
expansionary,2
network,2
binh,2
lopburi,2
anadromous,2
apparent,2
calls,2
reduction,2
positions,2
whole,2
year,2
plow,2
special,2
northwest,2
broad,2
collective,2
climatic,2
work,2
participated,2
dunedin,2
rituals,2
music,2
differentially,2
genealogies,2
swamps,2
artifact,2
trends,2
spore,2
thread,2
foci,2
tanged,2
corresponds,2
lowest,2
drier,2
stage,2
fern,2
box,2
enclaves,2
catholic,2
interacting,2
sharp,2
bank,2
autonomy,2
characteristics,2
sufficient,2
revealing,2
transfer,2
sharpen,2
climate,2
latest,2
weapons,2
core,2
overlords,2
cattle,2
dependent,2
proper,2
describes,2
paid,2
feasible,2
digging,2
archaeometallurgy,2
survived,2
therefore,2
coastline,2
onset,2
variety,2
interference,2
service,2
seasons,2
classic,2
nearly,2
khmer,2
pigott,2
stratigraphy,2
single,2
biological,2
flux,2
alterna,2
fascinating,2
opulent,2
mobile,2
metallurgical,2
exposure,2
perceived,2
swamp,2
ams,2
dominated,2
silk,2
illustrated,2
significant,2
anthropology,2
independent,2
lavish,2
routes,2
resolution,2
reach,2
skill,2
structures,2
coming,2
power,2
fell,2
again,2
rock,2
tance,2
consideration,2
temples,2
pressure,2
importation,2
habitat,2
richer,2
banks,2
incorporation,2
huynh,2
feasting,2
oc,2
phan,2
do,2
formation,2
flooded,2
continuing,2
developing,2
purposes,2
equate,2
chinh,2
relevant,2
see,2
boats,2
distance,2
style,2
weakly,2
assemblage,2
recognizing,2
investment,2
encounter,2
divided,2
survive,2
examples,2
alliance,2
advent,2
judge,2
samples,2
shandong,2
enduring,2
virtually,2
net,2
nothing,2
regions,2
shelter,2
involves,2
platform,2
aristocratic,2
trade,2
open,2
stress,2
potting,2
serious,2
characterized,2
features,2
foremost,2
tan,2
mammals,2
tangible,2
preservation,2
patterns,2
valued,2
elaborate,2
moist,2
become,2
relation,2
pro,2
axe,2
structure,2
field,2
silapakon,2
streams,2
y,2
relative,2
ranging,2
enough,2
suggestion,2
extracted,2
groupings,2
relationship,2
abundance,2
looted,2
ateliers,2
subdivided,2
usually,2
huai,2
reasonable,2
male,2
monuments,2
detailed,2
yale,2
clays,2
originated,2
recognize,2
shells,2
dans,2
kill,2
fall,2
surprising,2
wives,2
ing,2
orient,2
kae,2
supply,2
sections,2
undertook,2
stratigraphic,2
exercised,2
practice,2
conclusion,2
must,2
simply,2
hoa,2
palace,2
supported,2
glimpse,2
text,2
inherent,2
here,2
sustained,2
know,2
flow,2
natural,2
readily,2
cm,2
novel,2
fulcrum,2
innovations,2
stressed,2
eventually,2
harvest,2
reflected,2
past,2
essentially,2
passage,2
turned,2
growing,2
animal,2
cal,2
heads,2
muang,2
making,2
add,2
pteridophyte,2
incised,2
rises,2
bodies,2
dua,2
attached,2
practices,2
confirm,2
easy,2
abandoned,2
intended,2
measure,2
matches,2
vast,2
demanding,2
arguments,2
dau,2
maintained,2
ho,2
accorded,2
tions,2
surface,2
rockshelter,2
prebronze,2
dense,2
tract,2
effects,2
measured,2
sulfide,2
vessel,2
removed,2
buffalo,2
interlinked,2
chicago,2
predictable,2
ownership,2
entire,2
documentary,2
develop,2
duration,2
observed,2
command,2
successive,2
guangdong,2
occur,2
scandinavian,1
courts,1
stateless,1
resolve,1
contacts,1
massif,1
bernard,1
genetic,1
ments,1
founding,1
paleoenvironment,1
amulets,1
bangle,1
possessed,1
antler,1
burnish,1
dominating,1
provisioning,1
validation,1
knolls,1
oriented,1
sinter,1
hammering,1
photographic,1
pull,1
devolves,1
portion,1
winds,1
hydraulique,1
extend,1
trans,1
determine,1
mansuy,1
wirelike,1
evergreen,1
measures,1
semi,1
iimonite,1
alone,1
adoption,1
poorer,1
succession,1
macaque,1
xuebao,1
canopy,1
cropping,1
alluded,1
likewise,1
inception,1
mesoamerica,1
replaced,1
disclose,1
cire,1
kinds,1
putative,1
judicious,1
manufac,1
deltaic,1
designed,1
terminated,1
pierre,1
join,1
linkages,1
ajia,1
authority,1
confines,1
currency,1
ways,1
ploughing,1
cloudy,1
sudden,1
hafts,1
specified,1
hangzhou,1
sickle,1
predating,1
continuity,1
reasonably,1
tempered,1
trace,1
kjhorat,1
policy,1
cavernes,1
geometric,1
emphasize,1
unlike,1
inequality,1
holding,1
husbands,1
revered,1
finely,1
bp,1
lowlands,1
ou,1
po,1
buffer,1
lenses,1
vassals,1
revision,1
absence,1
cultivable,1
bark,1
porous,1
fluctuations,1
tends,1
huanghe,1
glover,1
archaeologists,1
permit,1
permanence,1
pai,1
li,1
semiprecious,1
tips,1
beautifully,1
bhir,1
relies,1
creation,1
posed,1
archae,1
exclusive,1
maloney,1
handle,1
learned,1
repertoire,1
military,1
abound,1
concentrated,1
address,1
attempt,1
sub,1
palynological,1
script,1
permanently,1
flecked,1
fragmentary,1
advanced,1
intact,1
winding,1
departure,1
furnace,1
varies,1
layout,1
immense,1
shaped,1
oval,1
height,1
affinities,1
leading,1
paramount,1
assess,1
midseventh,1
borders,1
desire,1
undertake,1
jayavarman,1
heijinglong,1
fortunes,1
farmers,1
timing,1
transient,1
carts,1
bassac,1
accommodated,1
molding,1
sometime,1
farther,1
hundred,1
subdued,1
characterizing,1
wore,1
take,1
nguyenm,1
tieu,1
ancestry,1
fresh,1
bich,1
expanses,1
petty,1
vegetation,1
inundation,1
loose,1
ndgara,1
emphasized,1
angkorienne,1
precisely,1
remainder,1
gifts,1
platforms,1
alike,1
favoring,1
indochina,1
surveys,1
techniques,1
guards,1
oscillating,1
horseback,1
doembang,1
papers,1
similarities,1
disposition,1
posts,1
datable,1
documenting,1
partners,1
side,1
otagd,1
depending,1
suspect,1
forthcoming,1
lam,1
projectile,1
prospered,1
iii,1
westview,1
cultivators,1
recorded,1
owing,1
tie,1
khwae,1
stretched,1
task,1
bonfire,1
weathered,1
carry,1
incorporate,1
tubular,1
hall,1
emigrant,1
addresses,1
retain,1
installed,1
chapter,1
commencement,1
vol,1
uneven,1
ornamentation,1
investiga,1
holocene,1
prior,1
capable,1
chest,1
stance,1
concentrating,1
condition,1
goody,1
cap,1
admission,1
solely,1
differen,1
hun,1
concen,1
contempo,1
except,1
formative,1
reflecting,1
carved,1
indicating,1
cited,1
compares,1
objective,1
representing,1
himself,1
minimum,1
intensifying,1
letter,1
melting,1
recreated,1
sand,1
plows,1
sheltered,1
pelican,1
localized,1
signal,1
zhou,1
tons,1
mid,1
labor,1
million,1
ty,1
crossing,1
plaques,1
chiefs,1
differential,1
relationships,1
southwestern,1
modify,1
grooves,1
inevitable,1
mm,1
contemporaneous,1
bent,1
flying,1
agate,1
analyzing,1
assumes,1
agent,1
danube,1
visitation,1
forgotten,1
domain,1
blankets,1
ability,1
sp,1
subdue,1
mixed,1
distri,1
geogra,1
attested,1
maintaining,1
prows,1
addressing,1
loei,1
commencing,1
employing,1
preparation,1
term,1
heart,1
reconnoiter,1
attracting,1
priority,1
feathers,1
drainage,1
elements,1
self,1
utensils,1
stored,1
places,1
bay,1
lances,1
displays,1
canal,1
document,1
calcaire,1
bution,1
sized,1
profound,1
communication,1
response,1
ffigham,1
channels,1
inclusion,1
young,1
radio,1
allowing,1
suitable,1
continuous,1
misleading,1
determinations,1
storage,1
explore,1
magnifies,1
vincent,1
wat,1
silicious,1
instruments,1
look,1
waterways,1
poured,1
propositions,1
murunda,1
recherches,1
pointing,1
tained,1
rates,1
polishing,1
unfortunate,1
virtuous,1
tempering,1
palaeography,1
ment,1
mechanism,1
sanskrit,1
raneity,1
architecture,1
vantage,1
lesser,1
permits,1
khoa,1
poor,1
go,1
knife,1
reconstructed,1
enclosed,1
scope,1
york,1
nong,1
heaven,1
collected,1
ml,1
l,1
principally,1
traffic,1
main,1
adds,1
how,1
influenced,1
indianis,1
communications,1
lie,1
influential,1
landscape,1
junction,1
bamboo,1
evaluation,1
powdered,1
notion,1
process,1
rome,1
subdivision,1
comparable,1
grandsons,1
incidence,1
goes,1
gifting,1
probability,1
surexploitation,1
proportion,1
lasted,1
monsoon,1
flexible,1
expan,1
developments,1
soundings,1
reticulated,1
domestication,1
marshes,1
meteoric,1
silks,1
assuming,1
aquatic,1
sandy,1
tree,1
selected,1
paddlers,1
distant,1
white,1
reassess,1
diameters,1
pal,1
summarized,1
productive,1
animals,1
overlooked,1
clarification,1
radiating,1
front,1
characterizes,1
sai,1
actions,1
antoninus,1
hook,1
reason,1
modified,1
arid,1
nities,1
discounts,1
circulated,1
old,1
soon,1
lighted,1
ation,1
dichotomy,1
flexibility,1
retained,1
image,1
specialization,1
organized,1
peasants,1
intertwined,1
otherwise,1
gable,1
producers,1
moderately,1
quadrangular,1
indo,1
impact,1
harvested,1
traces,1
germane,1
perspective,1
god,1
weak,1
reexamined,1
inspiration,1
advancing,1
situations,1
presumed,1
orientation,1
burgeoning,1
ministers,1
commonly,1
jars,1
superior,1
wire,1
resource,1
stimulus,1
follow,1
readings,1
drought,1
xijiaoshan,1
armies,1
exceed,1
goats,1
silt,1
princi,1
circulating,1
indravarman,1
zhejiang,1
loot,1
unequally,1
instance,1
khoach,1
plenum,1
aristocrats,1
umbrellas,1
mo,1
protohistory,1
courtly,1
antecedents,1
providing,1
boron,1
advocated,1
caches,1
ear,1
organic,1
commanded,1
matching,1
processing,1
uses,1
accom,1
encourage,1
unanimous,1
concentration,1
arrival,1
allow,1
initiated,1
prehistorians,1
downstream,1
appearance,1
xuehao,1
carrying,1
conservative,1
entered,1
difficulty,1
hands,1
color,1
strength,1
matrilocal,1
radiocar,1
attack,1
adhered,1
ambitious,1
panied,1
economics,1
international,1
conflagration,1
destined,1
chaff,1
prima,1
noting,1
palaeoenvironments,1
lumpur,1
configuration,1
emerge,1
attained,1
bovid,1
representative,1
inter,1
lead,1
embedded,1
imparts,1
floodwater,1
meter,1
weed,1
intervening,1
sword,1
equally,1
tambon,1
sunda,1
detected,1
aromatic,1
unmoated,1
cuts,1
unpopulated,1
circular,1
skilled,1
endow,1
stressing,1
indirect,1
appears,1
intolerable,1
viewed,1
sticks,1
produced,1
lung,1
applied,1
scale,1
stratified,1
canopied,1
xiv,1
ascriptive,1
tikal,1
explain,1
required,1
battam,1
dependents,1
wide,1
kho,1
method,1
gods,1
sedentism,1
stations,1
sinicized,1
confluences,1
memory,1
technical,1
warriors,1
pigs,1
directly,1
swords,1
feeding,1
participation,1
sedimentological,1
sharpening,1
crushed,1
artefacts,1
crane,1
seminal,1
closed,1
makers,1
hemudu,1
inferred,1
permitted,1
shouldered,1
implement,1
trial,1
steep,1
rainy,1
statehood,1
tool,1
los,1
tonan,1
teotihuacan,1
nine,1
lords,1
charoenwongsa,1
laang,1
episode,1
distinctively,1
fired,1
favourable,1
kok,1
purpose,1
line,1
example,1
ocher,1
stimulating,1
minh,1
symbolism,1
wiang,1
tenure,1
supreme,1
description,1
reminded,1
loss,1
q,1
describe,1
consistently,1
kni,1
volunteers,1
intermediate,1
millet,1
expansive,1
commanderies,1
beginnings,1
figures,1
concentrate,1
round,1
formerly,1
actually,1
bunds,1
kings,1
traverses,1
advertising,1
forces,1
accord,1
anticipating,1
participate,1
southerly,1
entails,1
predominance,1
buff,1
interpreted,1
tigated,1
horizon,1
hillside,1
attributed,1
approach,1
manifestation,1
rele,1
numerically,1
tsanavarman,1
precipitation,1
expended,1
preceded,1
tough,1
ringed,1
sparsely,1
recurred,1
officials,1
closing,1
sense,1
correct,1
successful,1
caused,1
tight,1
below,1
constituent,1
deity,1
adherents,1
fostered,1
involve,1
tested,1
canoe,1
disclosed,1
next,1
rarer,1
thamasat,1
cope,1
stork,1
stimulated,1
quite,1
nearest,1
ological,1
allusions,1
encompasses,1
tuned,1
dried,1
endured,1
mineral,1
shapes,1
workshops,1
endowed,1
grow,1
significantly,1
tation,1
master,1
observe,1
confer,1
funerary,1
choosing,1
decline,1
vacuum,1
ancestors,1
alluvial,1
cylinders,1
blessings,1
fronted,1
situlae,1
estimates,1
annual,1
taxed,1
visible,1
descendants,1
concubines,1
mono,1
majority,1
emperor,1
ornamented,1
overlordship,1
plausible,1
unduly,1
appropriate,1
finds,1
apao,1
introduc,1
pot,1
contributory,1
ninth,1
casparis,1
vant,1
content,1
prosper,1
neolithic,1
carvings,1
subsequently,1
settlers,1
cite,1
revolved,1
dalton,1
statelike,1
microwear,1
horizons,1
quarry,1
furnished,1
sons,1
dogs,1
irrespective,1
business,1
delineating,1
demand,1
minor,1
matter,1
territorial,1
commu,1
appreciating,1
bringing,1
journey,1
dispositions,1
carried,1
scientific,1
catchment,1
populations,1
culturally,1
indeed,1
predecessors,1
synthesis,1
silpakon,1
comparative,1
pleted,1
agricul,1
play,1
cloud,1
corporation,1
return,1
onward,1
appreciate,1
brief,1
forward,1
edges,1
kenkyu,1
female,1
pookajorn,1
object,1
bon,1
technically,1
interactions,1
accumulations,1
standing,1
underwritten,1
outer,1
logical,1
rites,1
plainer,1
hitherto,1
surveyed,1
put,1
hold,1
innovation,1
direction,1
buffers,1
sion,1
fighting,1
crabs,1
hoe,1
once,1
contributing,1
competition,1
fringe,1
wake,1
bacsonian,1
represents,1
makes,1
interment,1
devotion,1
marginal,1
photographs,1
alongside,1
residence,1
strange,1
exactly,1
moat,1
emissaries,1
wearing,1
restricted,1
elephants,1
jar,1
neither,1
signaling,1
prestigious,1
ascetic,1
rims,1
malay,1
fringes,1
home,1
homogeneous,1
extinction,1
positively,1
light,1
supplied,1
illuminated,1
collectively,1
memoires,1
lacked,1
kang,1
inferences,1
colored,1
iranian,1
castings,1
overlapping,1
ornamental,1
largest,1
preeminent,1
protohistoriques,1
couch,1
palaeo,1
quotations,1
embellished,1
echo,1
predominate,1
fugitive,1
medallions,1
liang,1
kuala,1
pick,1
hallmark,1
investigating,1
volume,1
rings,1
lack,1
fan,1
enquiry,1
leader,1
visitor,1
name,1
impediment,1
inundated,1
oscillated,1
stated,1
sumptuous,1
death,1
academy,1
approaching,1
pointed,1
trapping,1
similarly,1
flowers,1
ask,1
decorative,1
motifs,1
addition,1
alloys,1
complementary,1
chastising,1
crops,1
incorporates,1
shap,1
shows,1
longer,1
inves,1
idea,1
underwrote,1
treatment,1
remarks,1
coinage,1
fundamental,1
occurrence,1
recurrent,1
phalanx,1
broadly,1
plan,1
weeds,1
environs,1
versailles,1
larcheologie,1
wheatley,1
predominated,1
choice,1
naturally,1
lateritic,1
isolate,1
wu,1
pyrotechnic,1
figurines,1
prejudiced,1
golden,1
foster,1
man,1
seldom,1
prills,1
conferred,1
removal,1
zealand,1
elegant,1
chiefdom,1
ruler,1
match,1
anthropologist,1
never,1
colani,1
behind,1
wild,1
monographs,1
learn,1
paris,1
ground,1
centre,1
increases,1
model,1
innovative,1
derivation,1
ensured,1
accepted,1
armed,1
axes,1
roman,1
charoen,1
fluctu,1
hgfedcba,1
paired,1
disparity,1
fieldwork,1
woman,1
chronologically,1
viving,1
australian,1
exceeds,1
frequency,1
rivaling,1
controversy,1
manifested,1
shifts,1
entrepreneurial,1
wood,1
echelon,1
regionally,1
day,1
anticipate,1
polities,1
remained,1
wrapped,1
plane,1
argues,1
imagine,1
demonstrated,1
government,1
breakdown,1
private,1
retaining,1
microscopic,1
exhibit,1
nutrition,1
foraminifera,1
averaged,1
archaeo,1
crudely,1
assemblages,1
discovery,1
completed,1
closer,1
writings,1
exogamy,1
critically,1
enhanced,1
tive,1
hoang,1
depended,1
illumination,1
wiriya,1
canals,1
load,1
functionaries,1
medium,1
louis,1
cabins,1
ladle,1
host,1
controlling,1
admiring,1
entirely,1
skeptical,1
expression,1
linking,1
operated,1
residues,1
honours,1
refers,1
crewed,1
incorpo,1
bsc,1
shorn,1
reservoirs,1
numbered,1
resulting,1
subscribing,1
ethnic,1
exhibited,1
engaged,1
merit,1
examination,1
hunted,1
frame,1
distributions,1
markers,1
ob,1
connected,1
advantages,1
pellets,1
vu,1
flaking,1
theoretical,1
excava,1
affiliative,1
exports,1
shielded,1
truong,1
appraisal,1
equates,1
lacustrine,1
emphasizing,1
publication,1
express,1
cantly,1
recipient,1
faces,1
ankles,1
amounts,1
interpret,1
spirit,1
concentrates,1
symposium,1
times,1
incompletely,1
innermost,1
exemplary,1
belongs,1
plant,1
him,1
played,1
mines,1
pj,1
khae,1
stages,1
harpoon,1
mountain,1
proximity,1
probable,1
traction,1
outermost,1
phy,1
interacted,1
reiterate,1
threefold,1
abundant,1
provides,1
represen,1
indianized,1
margin,1
groslier,1
vickery,1
scrap,1
labour,1
article,1
nos,1
satisfy,1
eyes,1
banyan,1
methods,1
ribs,1
juncture,1
vindochina,1
beeswax,1
exported,1
ornaments,1
commands,1
assessing,1
plans,1
boran,1
acquire,1
displayed,1
availability,1
primitive,1
taxila,1
magnetism,1
looks,1
preand,1
differ,1
dominance,1
lay,1
southwest,1
necessitated,1
karieng,1
oscillations,1
geography,1
versus,1
commence,1
carapace,1
beam,1
basically,1
brahml,1
propose,1
inferior,1
thiland,1
competed,1
widely,1
incarnate,1
species,1
affording,1
attended,1
buildings,1
separate,1
rarity,1
penetrates,1
bells,1
discipline,1
shallow,1
rampart,1
aspirations,1
periodic,1
siva,1
assigned,1
fueled,1
wards,1
publishing,1
succinctly,1
richest,1
raise,1
fairly,1
recall,1
opportunism,1
crucial,1
minorities,1
mckenzie,1
plays,1
expand,1
pieces,1
employment,1
wolters,1
inside,1
parent,1
lines,1
trochus,1
xuat,1
fewer,1
signifi,1
tusks,1
marcus,1
predatory,1
dimensions,1
finnish,1
aboriginal,1
dai,1
directions,1
cranium,1
occupancy,1
translation,1
deposit,1
establish,1
luu,1
effectively,1
understand,1
proposition,1
threaten,1
whereby,1
covering,1
length,1
traveled,1
diagnosis,1
payment,1
feasts,1
extra,1
pius,1
existed,1
hope,1
lineages,1
respect,1
endure,1
answer,1
supporting,1
types,1
anointed,1
months,1
instances,1
tial,1
mirror,1
arts,1
arrowhead,1
princes,1
suchitta,1
thick,1
regularly,1
middens,1
communal,1
res,1
monadnock,1
indianised,1
claims,1
rite,1
enigma,1
circumscribed,1
dissertation,1
school,1
produc,1
keightley,1
graphs,1
share,1
deposited,1
rarely,1
cakes,1
takes,1
proficiency,1
indeterminate,1
practi,1
hinduism,1
reviewing,1
repaired,1
civilizations,1
confronted,1
khu,1
mentioned,1
midcourses,1
changing,1
rivaled,1
pointless,1
founded,1
sarus,1
provide,1
wear,1
geographic,1
ever,1
reinforced,1
neighbouring,1
suffers,1
les,1
ll,1
marshy,1
facie,1
symbol,1
nha,1
phak,1
alternative,1
pinpointing,1
news,1
mirrors,1
weaponry,1
hospitality,1
revolution,1
nangbuat,1
drowned,1
edging,1
trunk,1
banners,1
malleret,1
hilts,1
tration,1
partner,1
principle,1
rainfall,1
drizzle,1
sure,1
illuminate,1
corroded,1
porate,1
cultures,1
expedited,1
worth,1
ratio,1
auxiliary,1
extraction,1
unalloyed,1
setting,1
seem,1
variable,1
tonkin,1
changwat,1
majiayao,1
identi,1
molten,1
sent,1
prominence,1
coring,1
argue,1
wealthy,1
ornament,1
reclining,1
mantle,1
current,1
regard,1
numbering,1
visiting,1
post,1
feed,1
foundation,1
presumably,1
contradictory,1
nouvelles,1
massachusetts,1
written,1
audience,1
enceinte,1
aerial,1
brdhmans,1
node,1
build,1
cities,1
fourfold,1
pit,1
innumerable,1
assessment,1
outstandingly,1
interactive,1
person,1
qualitatively,1
amphoe,1
domesticity,1
boundaries,1
captive,1
surpluses,1
kettledrums,1
darknesss,1
economy,1
answered,1
notable,1
proceedings,1
carefully,1
troupe,1
smelts,1
seals,1
poses,1
weighs,1
spatial,1
rose,1
prefers,1
stability,1
beaten,1
list,1
ones,1
independently,1
quartet,1
zhenghou,1
nearby,1
males,1
noticeable,1
chiefdorhs,1
maintain,1
siao,1
artifactual,1
pains,1
exploit,1
mere,1
perdue,1
incor,1
leaving,1
encased,1
climb,1
attaining,1
project,1
require,1
projection,1
malachite,1
huay,1
flanges,1
tant,1
minimal,1
prowess,1
quantities,1
emphasis,1
prevent,1
jilin,1
discussion,1
topographical,1
translated,1
little,1
waist,1
ritually,1
demarcated,1
emergent,1
trees,1
analyzed,1
gourou,1
ruled,1
ohio,1
introduced,1
joining,1
particles,1
rarest,1
giving,1
buy,1
subject,1
sitting,1
step,1
situated,1
calculated,1
sheets,1
harvesting,1
commodities,1
possessions,1
obtain,1
reconstruct,1
encircled,1
secured,1
equipped,1
unity,1
indians,1
allows,1
au,1
writing,1
chieftains,1
aspect,1
surapol,1
trung,1
precision,1
pair,1
named,1
proceeds,1
promoted,1
extension,1
devoted,1
copperand,1
hollowed,1
ultimately,1
instructive,1
locations,1
reveals,1
doubting,1
disposal,1
lates,1
zones,1
ponsible,1
arrows,1
alter,1
lustrous,1
internally,1
national,1
strikingly,1
flowered,1
vernacular,1
accept,1
newsletter,1
profitable,1
parallels,1
shed,1
offer,1
applicable,1
jasper,1
grown,1
yaojiang,1
define,1
consumption,1
specialists,1
underhill,1
sur,1
pagodas,1
clearest,1
hardening,1
disintegrated,1
ostracodes,1
harbored,1
colleagues,1
defined,1
overlord,1
colo,1
off,1
programme,1
tributaries,1
backwater,1
quartz,1
pearls,1
serensen,1
foraging,1
archaic,1
fortunate,1
needs,1
tations,1
deer,1
offered,1
intermittently,1
charles,1
potential,1
carbon,1
pioneering,1
substitute,1
valuable,1
fluctuated,1
munities,1
enjoyed,1
mason,1
zhu,1
bell,1
sherds,1
geographical,1
furnaces,1
liferation,1
uncertainty,1
texts,1
maximum,1
import,1
nephrite,1
duction,1
counts,1
strong,1
technological,1
ends,1
andesite,1
ouspa,1
cross,1
should,1
previously,1
meeting,1
fermented,1
urns,1
perception,1
pearson,1
discern,1
pausing,1
hypothesis,1
