WORDCOUNTS,WEIGHT
the,2197
of,1354
and,1086
in,1036
a,478
mesolithic,373
to,345
is,293
at,254
are,246
from,231
for,198
by,182
de,181
with,158
this,154
bp,152
europe,144
that,136
early,136
neolithic,135
on,131
as,128
western,119
j,94
sites,93
p,92
have,85
pp,81
has,80
an,78
m,74
been,74
evidence,71
more,69
these,68
were,68
be,68
late,67
et,65
was,63
southern,62
paleolithic,59
northern,59
la,59
period,58
or,56
site,55
assemblages,55
not,54
there,53
species,53
found,52
area,51
between,51
postglacial,49
some,48
wild,47
years,47
end,46
archaeological,46
later,45
both,45
mediterranean,44
g,43
may,43
such,42
lithic,42
during,42
france,42
also,41
remains,41
university,40
levels,39
only,39
along,38
price,38
areas,38
materials,38
north,38
recent,38
atlantic,37
dates,37
settlement,37
sea,37
human,36
occupation,36
but,36
appear,35
du,35
le,35
number,35
red,34
other,34
than,34
used,34
earliest,34
les,34
i,33
pleistocene,33
points,33
domesticated,33
millennium,32
small,32
few,32
c,32
ireland,32
s,31
fig,31
most,31
present,31
radiocarbon,31
very,31
r,30
en,30
characterized,30
date,29
british,29
holocene,29
coastal,29
prehistoric,29
coast,29
sequence,29
forest,29
h,28
excavations,28
changes,28
dated,28
term,28
artifacts,28
d,28
it,27
no,27
generally,27
faunal,27
archaeology,27
many,26
local,26
large,25
new,25
deposits,25
which,25
middens,25
known,25
shell,24
italy,24
level,24
valley,24
into,23
throughout,23
after,23
upper,23
around,23
time,23
use,23
much,23
groups,22
trapezes,22
one,22
l,22
diet,22
several,22
flint,22
plant,22
european,22
triangles,22
des,22
ca,22
major,22
e,21
stone,21
ceramics,21
journal,21
t,21
presence,21
britain,21
can,21
beginning,21
until,21
w,20
paris,20
conditions,20
research,20
terms,20
mesolithique,19
cave,19
part,19
south,19
centre,19
blades,19
transition,19
common,18
england,18
vegetation,18
marine,18
those,18
subsistence,18
animals,18
important,18
basin,18
climatic,18
lateglacial,18
spain,18
sheep,18
suggests,18
layers,18
include,18
although,18
recherche,18
modern,17
appears,17
fish,17
pollen,17
well,17
irish,17
society,17
two,17
less,17
dating,17
earlier,17
associated,17
information,17
land,17
first,16
nature,16
tardenoisian,16
prior,16
bone,16
general,16
importance,16
provided,16
prehistoire,16
food,16
national,16
netherlands,16
indicate,16
series,16
preboreal,16
plants,16
contain,16
km,16
inland,15
eastern,15
point,15
cardial,15
appearance,15
its,15
variety,15
absence,15
perhaps,15
assemblage,15
adaptations,15
pottery,15
simply,15
international,15
animal,15
proceedings,15
middle,15
microliths,14
azilian,14
west,14
rather,14
certain,14
their,14
artifact,14
least,14
deer,14
belgium,14
ice,14
backed,14
all,14
technology,14
foods,14
where,14
northwestern,14
made,14
range,14
dominated,14
spread,14
dans,14
microlithic,14
through,14
roe,14
now,13
continuity,13
geometric,13
retouched,13
investigations,13
caves,13
tools,13
documented,13
islands,13
culture,13
including,13
would,13
approximately,13
provide,13
k,13
types,13
distinctive,13
distribution,13
little,13
reported,13
pine,13
fauna,13
final,12
tion,12
introduction,12
star,12
editions,12
definition,12
van,12
across,12
megalithic,12
similar,12
b,12
age,12
n,12
base,12
island,12
regional,12
suggest,12
majority,12
located,12
boreal,12
permission,12
same,12
toward,12
represented,12
largely,12
change,12
impressed,12
primarily,12
comes,12
here,12
iii,12
climate,12
seasonal,12
edinburgh,12
au,12
defined,12
shift,12
temperatures,12
obliquely,11
within,11
papers,11
projectile,11
shellfish,11
regarding,11
meso,11
document,11
traditions,11
denmark,11
landscape,11
study,11
surface,11
glacial,11
asturian,11
cultural,11
near,11
blade,11
economic,11
single,11
do,11
questions,11
clear,11
mount,11
dryas,11
today,11
seen,11
shells,11
often,11
particularly,11
bones,11
past,11
form,11
settlements,10
organic,10
closely,10
either,10
evolution,10
survey,10
possible,10
development,10
ware,10
seventh,10
absent,10
river,10
elsewhere,10
submerged,10
suggested,10
academic,10
basis,10
tombs,10
broad,10
horizon,10
dramatic,10
distinguished,10
likely,10
chronology,10
northwest,10
fact,10
variation,10
forms,10
patterns,10
significant,10
magdalenian,10
neolithique,10
oxford,10
el,10
environment,10
following,10
must,10
over,10
east,10
preserved,10
carr,10
should,10
does,9
germany,9
american,9
studies,9
lower,9
utilization,9
implements,9
southwestern,9
relatively,9
mixed,9
y,9
eighth,9
location,9
fishing,9
zone,9
baume,9
indigenous,9
work,9
industry,9
activities,9
chronological,9
about,9
birch,9
hearths,9
layer,9
man,9
v,9
axes,9
examples,9
described,9
co,9
abundant,9
exchange,9
montclus,9
sandel,9
pieces,9
analysis,9
paper,9
domestic,9
agriculture,9
game,9
nomenclature,9
adaptation,9
while,9
emphasis,9
lies,9
focus,9
discussion,9
cambridge,9
numerous,9
association,9
roughly,9
specific,9
sciences,9
among,9
der,8
o,8
indicated,8
represent,8
di,8
history,8
ii,8
differences,8
hunting,8
rockshelters,8
vol,8
apparently,8
pronounced,8
his,8
gramari,8
greater,8
societies,8
mollusks,8
isotope,8
pre,8
preistoria,8
domestication,8
recently,8
younger,8
aspects,8
del,8
related,8
contains,8
regions,8
seeds,8
ninth,8
f,8
horizons,8
transverse,8
recognized,8
antler,8
french,8
technique,8
pointed,8
civilisations,8
grotta,8
three,8
scandinavia,8
provides,8
hunters,8
epipaleoiithic,8
science,8
antiquity,8
extensive,8
terrestrial,8
cultures,8
economy,8
world,8
aude,8
resources,8
close,8
occur,8
they,7
group,7
complex,7
replaced,7
scalene,7
continent,7
microburins,7
escalon,7
production,7
containing,7
context,7
portugal,7
reindeer,7
beneath,7
della,7
phase,7
hazelnut,7
clark,7
blunted,7
continuous,7
even,7
basic,7
lacking,7
prehistory,7
emergence,7
numbers,7
impact,7
flakes,7
midden,7
rozoy,7
circular,7
record,7
wide,7
future,7
bc,7
social,7
field,7
below,7
core,7
will,7
portion,7
classic,7
included,7
department,7
predominant,7
pattern,7
material,7
farming,7
increase,7
high,7
sandy,7
stratigraphic,7
any,7
specialized,7
epipaleolithic,7
extent,7
argued,7
almost,7
italian,7
size,7
temps,7
collecting,7
grotte,7
zones,7
substantial,7
southeastern,7
designated,6
oronsay,6
critical,6
arrowheads,6
before,6
source,6
edge,6
congress,6
muge,6
originally,6
aspect,6
farmers,6
con,6
uzzo,6
perspective,6
determinations,6
flake,6
scrapers,6
process,6
discoveries,6
hare,6
clearly,6
commonly,6
recovered,6
origins,6
exploitation,6
permanent,6
raw,6
result,6
typical,6
out,6
mesolithikum,6
further,6
data,6
shouldered,6
bassin,6
describe,6
presented,6
adige,6
spanish,6
periods,6
led,6
situation,6
various,6
ancien,6
corsica,6
initially,6
lowland,6
montbani,6
corse,6
water,6
cultivated,6
longer,6
cornille,6
larger,6
contemporary,6
deep,6
prehistorique,6
bulletin,6
alpina,6
exhibit,6
bandkeramik,6
rare,6
swifterbant,6
mammals,6
shortly,6
oak,6
southwest,6
occupied,6
sur,6
increasing,6
rapidly,6
stratified,6
freshwater,6
continental,6
post,6
type,6
excavation,6
rising,6
sauveterrian,6
techniques,6
iberian,6
preservation,6
carbon,6
interaction,6
difficult,5
environmental,5
resulted,5
adoption,5
montclusian,5
valorgues,5
shoreline,5
approaches,5
greece,5
terized,5
contexts,5
different,5
tradition,5
wooden,5
great,5
last,5
greatly,5
belgique,5
system,5
primary,5
fortea,5
marked,5
ahrensburgian,5
fur,5
exposed,5
royal,5
characteristic,5
distinct,5
elements,5
isosceles,5
ment,5
acculturation,5
gallia,5
camp,5
museum,5
completely,5
aquatic,5
seas,5
shelters,5
shore,5
franchthi,5
boar,5
warmer,5
arrival,5
population,5
scatters,5
concept,5
london,5
example,5
lentils,5
structures,5
clearance,5
pyrenees,5
reliable,5
next,5
visible,5
up,5
using,5
montane,5
he,5
onset,5
indicative,5
exception,5
indicates,5
argument,5
southeast,5
mammal,5
urund,5
under,5
rabbit,5
al,5
fin,5
others,5
available,5
societie,5
rock,5
carbonized,5
grave,5
channel,5
charac,5
guilaine,5
model,5
tundra,5
argues,5
understanding,5
sixth,5
manifestations,5
birds,5
emphasize,5
hiatus,5
like,5
features,5
stages,5
latter,5
narrow,5
structure,5
arrow,5
begin,5
inside,5
quaternaria,5
forests,5
bronze,5
mediter,5
tomb,5
innovations,5
did,5
best,5
half,5
mesolitico,5
kinnes,5
sado,5
what,5
delle,5
entire,5
pits,5
remouchamps,5
soils,5
come,5
question,5
camps,5
traditional,5
comparable,5
ments,4
beuronian,4
foraging,4
deciduous,4
thevenin,4
trapeze,4
union,4
former,4
hazelnuts,4
languedoc,4
chronologie,4
taken,4
rapid,4
switzerland,4
individuals,4
subsequent,4
elm,4
newell,4
situ,4
dissignac,4
somewhat,4
louwe,4
plain,4
repre,4
bases,4
characterize,4
helinium,4
central,4
review,4
since,4
regarded,4
adopted,4
occurs,4
cantabria,4
pig,4
palaeolithic,4
items,4
old,4
ovicaprids,4
maglemose,4
coasts,4
vaquer,4
traits,4
industries,4
bann,4
developed,4
burials,4
voor,4
organization,4
internationale,4
gradually,4
show,4
followed,4
peninsula,4
toulouse,4
terminal,4
charcoal,4
had,4
problem,4
sand,4
equally,4
buried,4
applied,4
dwelling,4
distinctively,4
revealed,4
older,4
place,4
preet,4
project,4
sicily,4
my,4
morton,4
excavated,4
teviec,4
useful,4
stage,4
contrast,4
long,4
het,4
castelnovian,4
fonton,4
francais,4
polished,4
identified,4
short,4
gradual,4
limited,4
portland,4
wommersom,4
july,4
temperate,4
moita,4
reports,4
begins,4
noted,4
rise,4
gazel,4
ceramic,4
discussions,4
westward,4
lanceolate,4
mark,4
lack,4
occupations,4
crescents,4
diameter,4
discussed,4
style,4
another,4
elevations,4
upon,4
maritime,4
region,4
systematics,4
previously,4
tips,4
full,4
low,4
open,4
entre,4
so,4
collected,4
oudheidkundig,4
special,4
chasseurs,4
elaborate,4
occupa,4
become,4
horse,4
we,4
cereal,4
topography,4
kutzbach,4
five,4
scienze,4
monuments,4
tive,4
detailed,4
contribution,4
countries,4
responsible,4
quite,4
table,4
composed,4
stable,4
considered,4
equipment,4
quaternary,4
anthropological,4
ubiquitous,4
argue,4
current,4
regard,4
lakeshore,4
cultivation,4
steppe,4
cal,4
them,4
transgression,4
neolithisation,4
given,4
quartzite,4
die,4
activity,4
sheets,4
vast,4
domesticates,4
ibex,4
average,4
mas,4
gisement,4
comparison,4
rest,4
gob,4
mellars,4
palaeohistoria,4
broader,4
problemes,4
archives,3
statuette,3
pittsburgh,3
extend,3
arrive,3
rhine,3
ardennian,3
center,3
cove,3
units,3
boora,3
necessarily,3
total,3
connotations,3
sequential,3
notre,3
upland,3
specifically,3
scientific,3
meters,3
season,3
postglaciaire,3
leading,3
suggesting,3
warm,3
highland,3
confusion,3
coming,3
rich,3
sometime,3
trieste,3
romagnano,3
documenting,3
recorded,3
behavioral,3
dune,3
greenland,3
vhomme,3
perigord,3
reaching,3
combination,3
indicating,3
cited,3
reconstruction,3
collection,3
diversity,3
ere,3
inner,3
interior,3
interest,3
archaeologicae,3
orbital,3
employing,3
z,3
concentrations,3
clay,3
developments,3
david,3
response,3
milling,3
third,3
faune,3
spite,3
deeply,3
recherches,3
phases,3
higher,3
peas,3
essential,3
obtained,3
remain,3
hie,3
gendel,3
contour,3
ass,3
rijksdienst,3
cueva,3
scattered,3
factors,3
means,3
nor,3
parts,3
monumental,3
marks,3
objects,3
barbaza,3
four,3
predomi,3
beyond,3
defines,3
painted,3
amount,3
sequences,3
view,3
avant,3
moving,3
kegan,3
wares,3
scotland,3
scenes,3
sedentism,3
depictions,3
cores,3
circulation,3
newferry,3
effect,3
outside,3
levant,3
because,3
distinguish,3
distinc,3
dog,3
role,3
los,3
apparent,3
pennines,3
overview,3
brinch,3
designate,3
kindly,3
winter,3
away,3
lithique,3
predominance,3
volkerak,3
trends,3
approach,3
armatures,3
stockholm,3
overlap,3
sense,3
lowest,3
sources,3
involved,3
highly,3
catalonia,3
decline,3
characterizes,3
cattle,3
goat,3
tartaruga,3
triangular,3
content,3
habitats,3
coastline,3
reduced,3
geologiske,3
oberlarg,3
populations,3
paul,3
synthesis,3
overall,3
expansion,3
appreciate,3
lough,3
movement,3
direction,3
cooler,3
once,3
communities,3
miscellany,3
represents,3
serve,3
restricted,3
diagrams,3
processing,3
epigravettian,3
millenaire,3
asia,3
complete,3
outlined,3
com,3
published,3
volume,3
decoration,3
gathered,3
fundamental,3
addition,3
projects,3
main,3
consideration,3
riverine,3
documents,3
diverse,3
john,3
grows,3
succeeding,3
fragments,3
anthropologist,3
ivy,3
bodemonderzoek,3
remarkable,3
gai,3
iberia,3
woodman,3
vegetational,3
blanc,3
explanation,3
lowe,3
warming,3
top,3
station,3
successful,3
nothing,3
previous,3
occidentale,3
theoretical,3
shelter,3
ties,3
birsmatten,3
historic,3
summer,3
procurement,3
debuts,3
especially,3
problems,3
typically,3
evolutionary,3
relation,3
contact,3
garcia,3
january,3
chert,3
brown,3
sented,3
solar,3
ertebelle,3
space,3
depth,3
note,3
maglemosian,3
maps,3
arnaud,3
un,3
gli,3
recognize,3
gonzalez,3
littoral,3
helix,3
existed,3
fall,3
pyrennes,3
months,3
unusual,3
glaciaires,3
burned,3
rarely,3
civilizations,3
complexity,3
incorporated,3
denote,3
stadial,3
peat,3
rocky,3
veroffentlichungen,3
natural,3
colonization,3
provence,3
each,3
suggestions,3
variable,3
gone,3
unknown,3
sent,3
report,3
nouvelles,3
answered,3
list,3
birsmattian,3
house,3
waters,3
institute,3
account,3
episode,3
oxygen,3
art,3
aurochs,3
logical,3
atmospheric,3
press,3
became,3
interstadial,3
docu,3
phenomenon,3
ized,3
sauvcterrian,3
azules,3
named,3
shown,3
binomial,3
isles,3
manufacture,3
chateauneuf,3
bear,3
involving,3
attributes,3
arene,3
vi,3
supported,3
territories,3
lily,3
berichten,3
chicago,3
maximum,3
gulf,3
facies,3
grahame,3
limburgian,3
assem,3
triangle,2
transportation,2
cahen,2
limits,2
calibrated,2
adapta,2
way,2
adriatic,2
if,2
geldrop,2
stylistic,2
meaning,2
names,2
expand,2
extreme,2
uplands,2
intriguing,2
distributed,2
turation,2
village,2
partially,2
ample,2
columbella,2
word,2
lumley,2
mesoiithic,2
denticulated,2
notched,2
favor,2
park,2
sickle,2
nord,2
undertaken,2
character,2
behavior,2
valencia,2
lowlands,2
territorial,2
cutting,2
predominantly,2
diffusion,2
taxa,2
synonymous,2
archaeologists,2
wommersorn,2
overlie,2
lignes,2
reconstructions,2
expands,2
preceding,2
societe,2
candide,2
fund,2
concentrated,2
plateau,2
actual,2
eskmeals,2
approche,2
advanced,2
seems,2
mediterranee,2
replaces,2
crude,2
reach,2
together,2
rennes,2
industrie,2
origin,2
complejo,2
composition,2
characterizing,2
take,2
emphasized,2
concepts,2
bladelets,2
saithe,2
gaps,2
debitage,2
growing,2
case,2
tie,2
u,2
iv,2
me,2
tenth,2
apple,2
zur,2
northeast,2
knife,2
vero,2
cap,2
burning,2
reduce,2
apart,2
marseille,2
reflecting,2
diffused,2
dynamic,2
preistoriche,2
geomorphological,2
undoubtedly,2
undergone,2
estuarine,2
framework,2
retouching,2
prey,2
benelux,2
per,2
coterminus,2
ogy,2
difficulties,2
immediate,2
diets,2
due,2
glaciaire,2
arable,2
networks,2
reflection,2
methamis,2
fischer,2
transitional,2
turn,2
microlaminar,2
treeless,2
bay,2
archaeo,2
vetch,2
phd,2
ally,2
witnessed,2
carso,2
find,2
helpful,2
geological,2
hodder,2
look,2
occidental,2
refugia,2
tran,2
climates,2
academy,2
hardly,2
epipaleolithiques,2
montadian,2
influence,2
impressions,2
typified,2
soil,2
deviation,2
transhumance,2
sardinia,2
deviations,2
operations,2
english,2
growth,2
how,2
castel,2
limbourgian,2
fascinating,2
neatly,2
tybrind,2
active,2
excavators,2
killing,2
burial,2
proportion,2
michel,2
lewthwaite,2
direct,2
tidal,2
ongoing,2
scrub,2
read,2
productive,2
tationes,2
antrim,2
firing,2
tissue,2
paragraphs,2
acorns,2
gener,2
dredging,2
intensive,2
slowly,2
proposed,2
air,2
dominate,2
colder,2
northeastern,2
kerry,2
frequently,2
pebble,2
orientation,2
underwater,2
delta,2
resource,2
additional,2
actes,2
lumps,2
evolves,2
intentional,2
belgian,2
curran,2
vale,2
dominant,2
adapted,2
ian,2
oblique,2
stands,2
kip,2
mainland,2
beaver,2
dewez,2
antiquaries,2
flandrian,2
santander,2
prehistorians,2
hoedic,2
ambiguity,2
resembles,2
chick,2
estudios,2
shared,2
sedentary,2
events,2
arboreal,2
rabbits,2
extinct,2
inter,2
nium,2
pro,2
basse,2
far,2
traced,2
understood,2
wales,2
varieties,2
vermeersch,2
nether,2
mitteil,2
levees,2
neolitico,2
residential,2
neither,2
fla,2
excellent,2
asturiense,2
broglio,2
paleontologie,2
bow,2
flaked,2
shorelines,2
james,2
possibility,2
vegetal,2
directly,2
impression,2
vig,2
none,2
artefacts,2
perez,2
line,2
hebrides,2
clarke,2
tool,2
floodplain,2
significantly,2
geddes,2
centro,2
whole,2
year,2
consistently,2
terlago,2
people,2
seasonally,2
soit,2
liege,2
thereafter,2
saw,2
reflect,2
herding,2
employed,2
systematic,2
wheat,2
connections,2
concave,2
towards,2
precipitation,2
ratios,2
giant,2
societes,2
distances,2
involve,2
indicators,2
balma,2
characteristics,2
altered,2
prominent,2
ill,2
latest,2
weapons,2
tip,2
st,2
cingle,2
dependent,2
degeneration,2
imagine,2
loci,2
cocina,2
results,2
correspondence,2
vermeil,2
appropriate,2
rhone,2
zum,2
nella,2
settle,2
massive,2
snails,2
flourished,2
tardenois,2
approximate,2
minor,2
gravettian,2
rome,2
barley,2
fruit,2
riparo,2
above,2
make,2
conventional,2
humaine,2
vallee,2
vegetable,2
yet,2
convex,2
happened,2
thought,2
array,2
borrowed,2
ning,2
mobile,2
latitude,2
tagus,2
ancient,2
missing,2
falls,2
cod,2
circonscription,2
subarctic,2
already,2
wisconsin,2
truncated,2
tnangulaires,2
avoided,2
picture,2
histoire,2
inhabitants,2
barbed,2
power,2
devon,2
fepipaleolithique,2
peschio,2
shelf,2
waals,2
stratigraphically,2
complementary,2
contrasts,2
deterioration,2
underestimated,2
fouaillages,2
disturbed,2
imple,2
ungen,2
dissertationes,2
habitat,2
banks,2
gray,2
quelques,2
debates,2
substantially,2
identical,2
disser,2
reasonable,2
beige,2
likelihood,2
covered,2
innovative,2
museo,2
unit,2
purposes,2
mediterraneennes,2
unclear,2
see,2
arqueologia,2
rivage,2
teeth,2
books,2
routledge,2
locations,2
northerly,2
outlines,2
ecology,2
prehistoria,2
divided,2
rio,2
who,2
lands,2
comprise,2
discovery,2
pathology,2
kreis,2
formal,2
forested,2
copies,2
samples,2
rhin,2
skeletal,2
concern,2
persisted,2
refers,2
herds,2
karst,2
resolved,2
continue,2
theses,2
significance,2
tional,2
emphasizing,2
peter,2
leave,2
individual,2
symposium,2
times,2
percussion,2
divisions,2
issue,2
contributed,2
standard,2
madrider,2
millen,2
graphic,2
gravel,2
article,2
systems,2
generic,2
spreads,2
correlated,2
stand,2
council,2
obsidian,2
construction,2
acidic,2
slightly,2
pergamon,2
liguria,2
chrono,2
oscillations,2
relative,2
controversial,2
depuis,2
separate,2
consequences,2
ranging,2
cadre,2
seasons,2
ambiguous,2
assigned,2
fife,2
abundance,2
behaviors,2
fairly,2
stream,2
ecological,2
category,2
vertical,2
becomes,2
hazel,2
millennia,2
maceheads,2
life,2
es,2
chamois,2
centuries,2
technocomplex,2
resemble,2
thick,2
definitive,2
bitruncated,2
meer,2
then,2
lynx,2
sens,2
datations,2
notae,2
colonists,2
changing,2
meterological,2
measurements,2
wear,2
geographic,2
implied,2
paleolithique,2
rhein,2
milankovitch,2
huntley,2
replace,2
evolved,2
country,2
anthropology,2
cm,2
accul,2
extraction,2
pickering,2
sauveterre,2
foundation,2
alia,2
exhibits,2
figure,2
pebbles,2
mollusk,2
iron,2
las,2
passage,2
living,2
advances,2
clarity,2
investigation,2
seamer,2
nearby,2
passed,2
beaches,2
ballynagilly,2
xeric,2
foundations,2
rhombic,2
require,2
baltic,2
ecologique,2
blages,2
categories,2
peoples,2
danubien,2
outline,2
paintings,2
introduced,2
micro,2
thatcham,2
variability,2
intended,2
radiation,2
burenhult,2
cherry,2
atti,2
isolated,2
fine,2
tions,2
remarks,2
our,2
tubingen,2
disappear,2
furrow,2
intensified,2
ancillary,2
decrease,2
temperature,2
rockshelter,2
origines,2
similari,2
offer,2
smaller,2
prehistoriques,2
scavi,2
off,2
tardcnoisian,2
extremely,2
typology,2
increased,2
summary,2
novian,2
retouch,2
offered,2
pointe,2
fabeurador,2
still,2
terminology,2
supply,2
lake,2
reached,2
geographical,2
debate,2
sharing,2
meat,2
abandoned,2
strong,2
technological,2
observed,2
conference,2
scandinavian,1
fir,1
argolid,1
dip,1
juan,1
frequent,1
sota,1
arrives,1
westropp,1
pais,1
corbeddu,1
ending,1
margins,1
smoke,1
monu,1
settlers,1
spatundnacheiszeitliche,1
instituto,1
stoddart,1
currently,1
rate,1
done,1
reference,1
magoito,1
dissipated,1
riche,1
page,1
hallmarks,1
oriented,1
institut,1
oost,1
liencres,1
jena,1
forschungen,1
representing,1
valle,1
inaccurate,1
pointes,1
otoliths,1
ranean,1
senas,1
equivocation,1
mille,1
sydenham,1
instituo,1
arctic,1
cultiva,1
isotopes,1
rochdane,1
created,1
providing,1
functional,1
ready,1
blage,1
northernmost,1
degraded,1
separated,1
universite,1
judging,1
decades,1
reconsidered,1
romagnanian,1
introductions,1
determine,1
evergreen,1
seances,1
beltran,1
fest,1
caches,1
trim,1
conchero,1
nouvelle,1
lampreys,1
ciency,1
epipalaeolithic,1
notably,1
ends,1
coastlines,1
disregard,1
systemic,1
balmy,1
moncao,1
spergula,1
forcing,1
identifies,1
wo,1
bei,1
aceramic,1
catherine,1
abeurador,1
residences,1
comprised,1
deepest,1
evaluative,1
ive,1
integrity,1
cambridgeshire,1
mattocks,1
mobility,1
laminar,1
essays,1
mad,1
petits,1
wach,1
formed,1
coppa,1
informative,1
atlantique,1
flowering,1
med,1
true,1
sets,1
withered,1
hasta,1
delrio,1
utilises,1
placed,1
drawings,1
preshistory,1
mongrel,1
attrac,1
seriation,1
predating,1
sym,1
einer,1
navigational,1
conclusive,1
trace,1
flores,1
graffiti,1
guerreschi,1
schmuckschnecken,1
fixed,1
tinuity,1
calcareous,1
offshore,1
nelfitalia,1
harsh,1
incredible,1
castleroe,1
occurred,1
habits,1
chapman,1
palaeoethnobotany,1
cazioti,1
stretches,1
analecta,1
birs,1
prepottery,1
steeply,1
uses,1
evoulzione,1
something,1
arguing,1
migration,1
societa,1
revision,1
antikvariske,1
princeton,1
corresponding,1
typologically,1
decouvertes,1
limestone,1
prosperous,1
fires,1
fluctuations,1
file,1
rivista,1
consistent,1
waj,1
coresident,1
cast,1
ideas,1
gap,1
transitions,1
permit,1
korrespondens,1
chenopodium,1
trouble,1
caroline,1
submarine,1
diatomite,1
megalithgraber,1
arma,1
distribu,1
cetaceans,1
roman,1
azilfan,1
stricto,1
lu,1
controlled,1
ttie,1
chaos,1
symmetrical,1
culturally,1
grinding,1
concentration,1
kilometers,1
pomte,1
attempt,1
mittlere,1
palynological,1
progression,1
rochdedane,1
humans,1
anywhere,1
promoting,1
padana,1
variables,1
vila,1
absolue,1
experiments,1
supplied,1
mitteleuropas,1
words,1
subject,1
premonument,1
oval,1
affinities,1
interred,1
larnian,1
maachia,1
ulster,1
advantage,1
broken,1
succeeds,1
predateurs,1
scali,1
tardiglaciare,1
shoulder,1
latium,1
preyed,1
typological,1
sparseness,1
thank,1
indeed,1
imported,1
happy,1
circum,1
planar,1
prelude,1
achievement,1
inherent,1
able,1
willow,1
scheme,1
prognosis,1
professor,1
court,1
marins,1
room,1
uncovered,1
renfrew,1
locality,1
expense,1
connection,1
borers,1
promontory,1
real,1
prevail,1
hemicycle,1
das,1
help,1
juniper,1
vocally,1
basins,1
fortu,1
okyr,1
studier,1
copy,1
creswellian,1
influences,1
raised,1
pean,1
debut,1
poussiou,1
ity,1
schemes,1
epipaleo,1
declines,1
sheet,1
grabung,1
visibility,1
luis,1
coniferous,1
datings,1
contents,1
similarities,1
impressionistic,1
oscillate,1
galician,1
posts,1
quaternario,1
tinue,1
trasformazioni,1
cote,1
side,1
tallies,1
net,1
narrower,1
fuciono,1
dissemination,1
sophisticated,1
accuracy,1
plains,1
rocker,1
moisture,1
mesolithk,1
botanical,1
abbreviated,1
rolls,1
ideological,1
strati,1
roy,1
glaciation,1
cushendun,1
openings,1
key,1
tarns,1
formulation,1
bird,1
task,1
captures,1
westernmost,1
continuum,1
bining,1
spruce,1
nology,1
arvensis,1
cated,1
fabri,1
silex,1
originates,1
resumption,1
synchronisme,1
asturias,1
deal,1
uneven,1
quantities,1
isotopic,1
capable,1
determined,1
arenaza,1
portrush,1
recommendations,1
languedocien,1
pregrave,1
paucity,1
drive,1
para,1
contemporaneous,1
studi,1
terminus,1
intensively,1
archaologisches,1
move,1
consumers,1
flourishes,1
piperno,1
pomtes,1
deyd,1
consumed,1
dutch,1
paleoeconomica,1
taking,1
mental,1
say,1
extends,1
mallorca,1
x,1
consequent,1
establishment,1
phenomene,1
realistic,1
synchronicity,1
istics,1
anticipated,1
correlation,1
courrier,1
eustatic,1
economies,1
lars,1
triangulaires,1
eroded,1
strengthens,1
paleolitico,1
holland,1
questionable,1
audience,1
apologies,1
intervention,1
prolagus,1
altitudes,1
courtin,1
frangaise,1
mitre,1
li,1
repeatedly,1
fondaments,1
prehistoricae,1
conflict,1
fleshed,1
praehistoricae,1
thus,1
morbihan,1
deux,1
peripheral,1
affiliation,1
relocation,1
curacchiaghiu,1
dependence,1
birks,1
classifi,1
language,1
typologists,1
relationships,1
obtaining,1
lanting,1
madrid,1
delimit,1
explained,1
dotted,1
tyrone,1
severe,1
leur,1
quality,1
inevitable,1
mm,1
depressions,1
prevails,1
illustrates,1
simmons,1
against,1
visited,1
capercaillie,1
unpublished,1
author,1
processus,1
admixture,1
intact,1
ovicaprines,1
retarded,1
ability,1
swedish,1
wormwood,1
distri,1
ern,1
kuml,1
shaft,1
attested,1
gilman,1
club,1
tucson,1
burin,1
encyclopedia,1
balearic,1
actas,1
convention,1
martinet,1
modem,1
ocidental,1
century,1
mild,1
overly,1
recul,1
parable,1
asymmetrical,1
forced,1
certaines,1
exercise,1
dis,1
faculte,1
estimates,1
hold,1
cases,1
quinze,1
caverna,1
termes,1
tabulation,1
mantled,1
blank,1
turned,1
averaging,1
refer,1
concerning,1
convincing,1
adjectives,1
kinds,1
causing,1
version,1
contrary,1
highest,1
contradic,1
noyes,1
monk,1
designating,1
six,1
extraordinary,1
durant,1
ik,1
races,1
maritza,1
cates,1
groningen,1
relazione,1
oakhanger,1
compared,1
alpine,1
mazaculos,1
genetics,1
module,1
profit,1
stature,1
weight,1
mosaic,1
drawn,1
archaeologist,1
tim,1
seal,1
unresolved,1
protostoria,1
valcluse,1
belongs,1
colloque,1
huts,1
troupeau,1
adult,1
sition,1
function,1
handful,1
acknowledge,1
according,1
rates,1
kung,1
formats,1
baked,1
poorly,1
ica,1
focused,1
formaciones,1
cockle,1
cobbles,1
deltuzzo,1
fontbregoua,1
exten,1
subjective,1
failed,1
civilization,1
episodes,1
acrid,1
weapon,1
avoids,1
simplified,1
york,1
town,1
whose,1
indus,1
remedied,1
molara,1
reflects,1
danmarks,1
played,1
uniquely,1
lt,1
orientale,1
without,1
nordorientale,1
deeper,1
commune,1
exact,1
testimony,1
programmatic,1
ml,1
statements,1
unretouched,1
purely,1
nuovi,1
summaries,1
stricter,1
encompassed,1
llobregat,1
centered,1
highlands,1
illustration,1
donnees,1
amphib,1
salamanca,1
evaluation,1
sw,1
waldgeschichte,1
desde,1
kattegat,1
hansen,1
presentation,1
combined,1
remote,1
shrub,1
outcrop,1
unique,1
environments,1
accurate,1
phrases,1
longues,1
supplement,1
eight,1
corrob,1
alessio,1
county,1
variant,1
tardenoisien,1
balanced,1
dieth,1
rods,1
problemati,1
contributions,1
periwinkles,1
pages,1
shannon,1
barrow,1
creek,1
gratefully,1
kristins,1
illustrations,1
mit,1
scarborough,1
summarized,1
presso,1
melos,1
ammerman,1
mediate,1
front,1
pins,1
moves,1
fade,1
gathering,1
delfepigravettiano,1
suffice,1
fantasy,1
modified,1
references,1
understand,1
tooth,1
associaton,1
denmarks,1
colonizing,1
marche,1
gla,1
clearings,1
hematite,1
mesolitici,1
portugiesischer,1
barbarous,1
ripe,1
locally,1
capeau,1
dichotomy,1
foothills,1
established,1
discouraged,1
pales,1
foragers,1
paysans,1
francis,1
semantics,1
section,1
loess,1
marking,1
scientifiquej,1
roucador,1
erroux,1
traces,1
bruce,1
bernabo,1
decade,1
hourglass,1
clustering,1
ubiquitously,1
cotes,1
landing,1
pastoral,1
observations,1
emmer,1
shrinking,1
committee,1
situations,1
sus,1
relativen,1
exploited,1
occu,1
graves,1
follow,1
connecting,1
campbell,1
inconsistencies,1
polar,1
warmed,1
obstacles,1
position,1
comprising,1
justified,1
transgress,1
recur,1
plenum,1
ming,1
vuniversiti,1
erroneous,1
care,1
helped,1
tu,1
schild,1
marriage,1
dug,1
fetude,1
tory,1
gies,1
cut,1
provincias,1
ausgrabungen,1
guernsey,1
peintures,1
mesolithischer,1
unnecessary,1
disappeared,1
artistic,1
holdings,1
cardium,1
breeched,1
sedi,1
ou,1
ale,1
hafted,1
came,1
based,1
belling,1
ditions,1
falkensteinhohle,1
sincerely,1
inten,1
pitts,1
terres,1
associa,1
could,1
microtriangles,1
discount,1
transient,1
rule,1
difficulty,1
tropical,1
erosion,1
savagery,1
individually,1
kalahari,1
beveling,1
inappropriate,1
young,1
strongly,1
seven,1
lived,1
conspicuous,1
quarterly,1
users,1
format,1
mouton,1
triestino,1
infrequent,1
larsson,1
stations,1
recherehes,1
prima,1
noting,1
tardiet,1
emerge,1
initial,1
interpretations,1
philosophical,1
subboreal,1
trophic,1
representative,1
lent,1
eliminate,1
big,1
vub,1
forgotten,1
prestige,1
exceptional,1
propos,1
attach,1
fourth,1
neighboring,1
criteria,1
rupestres,1
though,1
poverty,1
engraved,1
nel,1
pres,1
michigan,1
province,1
incidence,1
interruption,1
produced,1
sul,1
leduc,1
intensity,1
tile,1
cannot,1
meet,1
disapproved,1
tives,1
scale,1
vedbaek,1
surrounded,1
however,1
dialectic,1
pollenanalytique,1
tension,1
fonbregoua,1
rivisita,1
absolute,1
required,1
fox,1
designations,1
espagnol,1
ces,1
simulations,1
nant,1
graciously,1
burrowing,1
aleppo,1
paleopathology,1
package,1
glaciated,1
tially,1
sparse,1
muddy,1
aries,1
vetchling,1
hude,1
kitchen,1
char,1
outstanding,1
pigs,1
gained,1
symmetri,1
having,1
ogivole,1
raneo,1
trial,1
swiss,1
montagne,1
makers,1
gatherers,1
sity,1
regionae,1
finale,1
douglas,1
skeletons,1
industrial,1
multifamily,1
relatives,1
carries,1
comprises,1
preferred,1
interface,1
cotier,1
denticulates,1
brought,1
ciaires,1
amelioration,1
uncover,1
lends,1
introduc,1
cnoc,1
periglacial,1
proportions,1
luce,1
hamburgian,1
necessary,1
laborian,1
calabria,1
parameters,1
childe,1
literature,1
tale,1
edin,1
straus,1
intermediate,1
editorial,1
exclusively,1
postulated,1
toscana,1
doomed,1
flight,1
accidental,1
densely,1
being,1
pretardenoisian,1
neue,1
overgrazing,1
recensement,1
dedicados,1
rotary,1
call,1
transported,1
outposts,1
diepholz,1
focuses,1
trouves,1
estuary,1
romano,1
arrowshaft,1
believes,1
rundschau,1
anglia,1
differentially,1
vang,1
rebound,1
manu,1
interpreted,1
cumate,1
conform,1
skills,1
montchis,1
memoirs,1
anmer,1
markedly,1
lithics,1
presentations,1
seashore,1
graduate,1
encapsulates,1
manifestation,1
naturwissenschaftliche,1
prefarming,1
belfast,1
earth,1
oriental,1
ranaro,1
munibe,1
depositional,1
tanged,1
staple,1
contamination,1
remember,1
gisements,1
norm,1
computer,1
habitations,1
commerce,1
indi,1
horsetail,1
basically,1
caused,1
describing,1
working,1
corresponds,1
diminish,1
preisto,1
fostered,1
shaping,1
revolution,1
insolation,1
geometricos,1
mani,1
villagers,1
order,1
jose,1
seminario,1
encroached,1
aguilo,1
royale,1
phrase,1
diagnostic,1
brugge,1
canta,1
atmosphere,1
patiently,1
roussillon,1
family,1
berg,1
affluent,1
portraying,1
iithic,1
dolomites,1
consensus,1
workshops,1
montdus,1
concerns,1
knives,1
components,1
benz,1
pare,1
grow,1
resolution,1
depression,1
temporary,1
pyrite,1
utilisation,1
notation,1
denotes,1
essentially,1
ancestral,1
ancestors,1
musee,1
mezolit,1
diversified,1
yuzhnogo,1
differing,1
mixing,1
methodological,1
tens,1
division,1
portugese,1
senso,1
progress,1
lipari,1
tendenze,1
filling,1
proper,1
und,1
notice,1
joel,1
mouths,1
reflected,1
diminished,1
stationery,1
value,1
searches,1
displaced,1
visit,1
abri,1
hybrids,1
se,1
umited,1
dossiers,1
apercu,1
schematic,1
microlithiques,1
kempen,1
ses,1
squirrel,1
distin,1
nations,1
survived,1
replacing,1
climap,1
moor,1
procure,1
brian,1
microwear,1
encuentro,1
questioned,1
tasks,1
san,1
confound,1
fa,1
lyon,1
interglacial,1
dogs,1
delineating,1
emphasised,1
excavationes,1
quize,1
studia,1
forever,1
implications,1
dall,1
attempts,1
marizulo,1
curves,1
disputation,1
summarize,1
attributable,1
publishers,1
fireplace,1
bergers,1
tively,1
bally,1
chase,1
sitional,1
primitive,1
impacts,1
interference,1
ans,1
doctoral,1
mechanisms,1
abound,1
hide,1
service,1
ahrensburgienne,1
effi,1
play,1
successes,1
dous,1
corporation,1
address,1
cepoy,1
brief,1
indication,1
yugoslavia,1
pardel,1
depatures,1
tumulus,1
poor,1
tranchant,1
prove,1
grafschaft,1
stratigraphy,1
allen,1
triplex,1
diver,1
afiinity,1
accumulations,1
gandenses,1
basque,1
wind,1
body,1
inhabited,1
tends,1
selection,1
structural,1
cumbria,1
reclaimed,1
formation,1
culturali,1
percentage,1
continuation,1
dourgne,1
synchronous,1
agli,1
competition,1
bioarchaeology,1
gave,1
chemistry,1
housing,1
fringe,1
uninhabited,1
examined,1
fit,1
vanete,1
sebastiao,1
intense,1
suited,1
subbonet,1
trento,1
retreat,1
residence,1
acknowledgments,1
fifth,1
lab,1
cliff,1
historia,1
remnant,1
tardi,1
limburg,1
us,1
parsimonious,1
anthropologique,1
tries,1
perceived,1
reconsideration,1
constant,1
nounced,1
home,1
homogeneous,1
dummer,1
biscay,1
snaring,1
light,1
antwerp,1
trb,1
memoires,1
undersogelse,1
ethnographic,1
baltimore,1
ed,1
nw,1
tortoise,1
hopes,1
preeminent,1
constitute,1
boiling,1
spoel,1
resem,1
evolutive,1
reliance,1
quotations,1
hearth,1
sheen,1
pennine,1
liths,1
lubell,1
gentled,1
frameworks,1
devolution,1
functioned,1
boundary,1
ambiguities,1
evolve,1
disciplinary,1
bordighera,1
double,1
prominantly,1
fill,1
woodand,1
etudes,1
perspec,1
sveriges,1
sont,1
members,1
starting,1
scopete,1
abruzzi,1
lewis,1
pd,1
museums,1
tour,1
pyrenean,1
gated,1
pedunculated,1
champenoise,1
postglaciar,1
inundated,1
plana,1
archaeol,1
stronger,1
sensu,1
factory,1
palm,1
erik,1
again,1
meres,1
sella,1
death,1
varies,1
vega,1
roucadourian,1
thistoire,1
added,1
archaeologi,1
analytical,1
moorsiedlung,1
monodonta,1
husbandry,1
analogous,1
feurope,1
deuxieme,1
causality,1
shows,1
zeist,1
monks,1
marker,1
treatment,1
foodstuffs,1
scholars,1
abilities,1
clarendon,1
espana,1
patula,1
appeared,1
ought,1
hedgehog,1
seasonality,1
witnesses,1
revue,1
paleolitici,1
limpets,1
insular,1
slicing,1
antonio,1
doubt,1
descended,1
groupe,1
fruhgeschichte,1
blances,1
outpost,1
fashion,1
aziliense,1
serious,1
expound,1
interim,1
mountainous,1
honor,1
saiga,1
mediteraneen,1
crustaceans,1
levanzo,1
never,1
rejuvenation,1
took,1
revisita,1
raneen,1
ground,1
tales,1
excavaciones,1
increases,1
homologous,1
operating,1
gorges,1
il,1
burgh,1
devoted,1
altena,1
continuing,1
bowmen,1
existing,1
accepted,1
normandy,1
armed,1
karl,1
griffbni,1
nance,1
answer,1
barriere,1
strategies,1
analyses,1
lls,1
hunted,1
ahead,1
homenaje,1
cataluna,1
precocity,1
digging,1
volatile,1
hospitality,1
showing,1
likeli,1
chronologically,1
mediteranee,1
bass,1
preparation,1
begun,1
ncar,1
bagolini,1
schelklingen,1
nordlich,1
geologischen,1
coined,1
shifts,1
remarkably,1
ertebolle,1
radiocarbone,1
convenient,1
mourre,1
anticipate,1
allain,1
break,1
degree,1
coversand,1
remained,1
paleoltico,1
abandons,1
semipermanent,1
classical,1
answers,1
spp,1
archeologiques,1
original,1
simon,1
causses,1
sablonniere,1
subdivision,1
bulletine,1
greatest,1
arch,1
moors,1
simple,1
oil,1
averaged,1
tjonger,1
ponteau,1
acta,1
epipaleolitico,1
modelo,1
badly,1
observable,1
treated,1
societd,1
deith,1
inizi,1
ecologically,1
values,1
oral,1
contours,1
israel,1
sides,1
utility,1
ce,1
rustica,1
levanino,1
memorias,1
arose,1
monographien,1
parameter,1
distinctly,1
scatter,1
perforation,1
lacunae,1
egadi,1
complexities,1
beds,1
rouffignac,1
entirely,1
combining,1
tinues,1
prevailed,1
residues,1
additions,1
carbohydrates,1
factor,1
romana,1
arizona,1
ylumford,1
itnstitut,1
directeur,1
franca,1
vocabulary,1
refuse,1
aside,1
resulting,1
derniers,1
yorkshire,1
bitter,1
processes,1
domesti,1
recovery,1
scienufiquej,1
canon,1
neolithische,1
preforming,1
jacques,1
chronologi,1
reduction,1
jagt,1
macro,1
sees,1
blatt,1
deforestation,1
cerastoderma,1
brittany,1
eleventh,1
complicated,1
supine,1
involves,1
discontinuities,1
recenti,1
inversely,1
clearing,1
subsurface,1
trade,1
lattitudes,1
appraisal,1
discovered,1
stag,1
ranee,1
raneennes,1
styles,1
elk,1
authors,1
stress,1
comprehensive,1
sensitivity,1
publication,1
ah,1
mt,1
lakes,1
chevre,1
portugeisischen,1
held,1
terminol,1
inadequacy,1
couche,1
magdelenian,1
covering,1
ceedings,1
revised,1
geographically,1
scraper,1
courte,1
trentino,1
hammer,1
risen,1
am,1
mexico,1
serves,1
distinction,1
dry,1
filled,1
proximity,1
probable,1
chilly,1
epoch,1
dell,1
improved,1
applicable,1
movius,1
adequately,1
browse,1
megaliths,1
repeated,1
forestation,1
megalithique,1
origine,1
enumerate,1
paleo,1
laming,1
niedersachsen,1
linearbandkeramik,1
floral,1
altuna,1
parallel,1
methods,1
regteren,1
jaca,1
plum,1
quaternaires,1
palou,1
coriander,1
ambienti,1
insularity,1
correction,1
shallow,1
deliberate,1
philous,1
trati,1
amber,1
megaceros,1
pequart,1
fetudes,1
remainder,1
taisce,1
concluding,1
seeking,1
congres,1
activites,1
directs,1
preand,1
statue,1
polythetic,1
morphologically,1
equivalent,1
comte,1
shale,1
grain,1
geography,1
amateur,1
premiers,1
postholes,1
atlas,1
premieres,1
mesobthic,1
stick,1
quarter,1
nantly,1
incoming,1
regimes,1
chasse,1
combina,1
attention,1
sailing,1
convincingly,1
widely,1
applies,1
voccident,1
praehistorka,1
blackwater,1
dietary,1
strasbourg,1
transgressed,1
farm,1
carried,1
things,1
consists,1
dawn,1
arriving,1
porated,1
llnstitut,1
westlichen,1
vatte,1
relationship,1
primi,1
zee,1
modification,1
ann,1
circle,1
dellttalia,1
belonged,1
publishing,1
succinctly,1
africa,1
particular,1
school,1
arti,1
perspectives,1
italic,1
continued,1
regular,1
courants,1
suddeutschland,1
movements,1
bulk,1
sometimes,1
ecole,1
italico,1
variously,1
outsiders,1
iberico,1
investi,1
serendipitous,1
moister,1
aboriginals,1
courtes,1
suggestive,1
program,1
tech,1
hill,1
euro,1
fenland,1
vague,1
coquillier,1
muschelhaufen,1
edule,1
lines,1
mammiferesiet,1
loz,1
peake,1
insufficient,1
widespread,1
male,1
multi,1
institutions,1
frogs,1
emilia,1
referred,1
lost,1
directions,1
deposit,1
her,1
straits,1
establish,1
domesticacion,1
fucino,1
began,1
floor,1
lawrence,1
determination,1
proposition,1
markers,1
clays,1
aspectti,1
praehistor,1
fested,1
relevant,1
pore,1
italo,1
length,1
spanning,1
articles,1
settled,1
introductory,1
boaz,1
efficiency,1
logicae,1
lowered,1
cease,1
cornisa,1
ceze,1
grade,1
keeley,1
surprising,1
frontier,1
dead,1
ing,1
mustela,1
simulated,1
lingua,1
notes,1
when,1
climat,1
itself,1
face,1
caries,1
album,1
insight,1
jutland,1
publica,1
duty,1
interpolated,1
mud,1
potntes,1
graines,1
areal,1
biology,1
rumex,1
addressed,1
jacobi,1
claims,1
nacional,1
sections,1
differentiated,1
produc,1
assistant,1
scien,1
border,1
neglected,1
offprints,1
eschewed,1
arte,1
practice,1
orated,1
dispersed,1
achives,1
mentioned,1
intensification,1
homogeneity,1
focusing,1
designates,1
weasel,1
grand,1
tang,1
staggered,1
minneapolis,1
capaci,1
extending,1
poitou,1
mulluscan,1
flora,1
determinants,1
reinforced,1
biagi,1
beside,1
demo,1
molusken,1
detail,1
precise,1
thermo,1
crab,1
grazing,1
dr,1
zuider,1
proposes,1
southward,1
vasco,1
perforated,1
griffin,1
text,1
treefalls,1
plate,1
spatially,1
sustained,1
alternative,1
linear,1
tinental,1
nemoralis,1
poten,1
serb,1
interpretation,1
forward,1
quickly,1
proofread,1
actuels,1
defining,1
dimension,1
reinhardt,1
tremen,1
unavailable,1
ordered,1
control,1
cemetery,1
correspond,1
otras,1
melt,1
northward,1
deglacial,1
acterized,1
ratio,1
malone,1
global,1
distinctions,1
seafloor,1
exploration,1
contextual,1
organiza,1
historical,1
obselete,1
bit,1
wall,1
surprised,1
allied,1
counting,1
exploiting,1
einiger,1
superposition,1
job,1
impossible,1
cantabrian,1
cautious,1
specify,1
edible,1
annees,1
gas,1
fossile,1
visits,1
cq,1
gozel,1
romagnanon,1
eponymous,1
stamped,1
uppermost,1
modernes,1
hautes,1
plantago,1
hebdomadaires,1
places,1
allered,1
priete,1
catalogue,1
datation,1
subordinate,1
justify,1
cise,1
purported,1
elevated,1
lens,1
stimulus,1
unlikely,1
kainolithic,1
enddatum,1
heads,1
reproduce,1
seals,1
baum,1
microlaminares,1
progresses,1
whether,1
prefers,1
labrador,1
migratory,1
ones,1
ardenne,1
making,1
degradation,1
congruity,1
supports,1
independently,1
groue,1
guish,1
pertinent,1
chain,1
proven,1
agricultural,1
impoverishment,1
slate,1
representant,1
sively,1
blancherts,1
theory,1
incor,1
rapportant,1
coig,1
temporally,1
knapping,1
tambiguite,1
densities,1
predate,1
prepare,1
weights,1
archeologique,1
landbridge,1
fodder,1
vient,1
studying,1
naires,1
abruptly,1
taude,1
fisheries,1
produce,1
setting,1
minimal,1
dentition,1
lanthropologie,1
hundreds,1
plaquettes,1
danish,1
europa,1
revista,1
whales,1
foilles,1
basally,1
complejos,1
popular,1
derived,1
walvius,1
socioeconomic,1
magnificent,1
navigate,1
demarcated,1
basisgrotte,1
trees,1
pation,1
son,1
circumstances,1
careful,1
tipologia,1
berkshire,1
paleoeconomic,1
ruled,1
schelde,1
cl,1
classiques,1
brabant,1
city,1
beach,1
asturianos,1
toome,1
republic,1
tethered,1
bounteously,1
dental,1
reuniao,1
dingle,1
alta,1
projec,1
step,1
explication,1
galets,1
assumptions,1
everywhere,1
subatlantique,1
vertically,1
disappears,1
extended,1
photograph,1
noye,1
lisboa,1
refitted,1
arguments,1
manufacturing,1
superior,1
connotation,1
hesperia,1
tenable,1
families,1
protohistory,1
steinzeit,1
pleasant,1
quaderno,1
monsoon,1
evidenced,1
aims,1
definitions,1
eroding,1
oceanic,1
neglect,1
liguri,1
varied,1
rewarding,1
mesolitiche,1
tardenoisiennes,1
continues,1
extension,1
nj,1
heide,1
leidensia,1
nuclear,1
models,1
elongated,1
spring,1
sediments,1
conjuction,1
commercial,1
neumiinster,1
hides,1
reillanne,1
ungulates,1
difference,1
interested,1
tourthe,1
frontiers,1
disposal,1
advent,1
similarity,1
dazzling,1
quest,1
butt,1
sud,1
niveaus,1
frame,1
chemical,1
tyrrhenian,1
patella,1
recognizable,1
cabre,1
burnt,1
warsaw,1
documentation,1
acidity,1
course,1
serrated,1
fouailleges,1
joined,1
corsican,1
instead,1
richard,1
americas,1
grown,1
sigma,1
consolidated,1
dense,1
promiscuous,1
tarchiologie,1
consumption,1
hunter,1
cobble,1
need,1
im,1
moscow,1
preliminare,1
preliminary,1
cation,1
geogr,1
scalar,1
valorguian,1
kerjouanno,1
effects,1
butions,1
colleagues,1
pradestel,1
chronolo,1
locate,1
assumed,1
reexcavated,1
graphed,1
oldest,1
madison,1
classification,1
peuples,1
archaic,1
dati,1
flooding,1
taschini,1
rapidity,1
culturaas,1
semidesert,1
potential,1
envionment,1
reconsidering,1
pioneering,1
rhyolite,1
tradi,1
removing,1
interlinked,1
klein,1
senting,1
plethora,1
regularity,1
interdisciplinary,1
drills,1
gordon,1
butchering,1
akad,1
succeeded,1
formes,1
regards,1
waterlain,1
oceans,1
create,1
parisien,1
armature,1
feuilles,1
views,1
emperaire,1
evidently,1
interculturels,1
predictable,1
severely,1
fen,1
surveys,1
develop,1
riera,1
images,1
herders,1
romanizacion,1
whenever,1
gui,1
peppery,1
indistinguishable,1
carrowmore,1
profiles,1
rockmarshall,1
statement,1
boletin,1
attendance,1
isostatic,1
molluscan,1
retains,1
termed,1
delayed,1
delfeta,1
tacademie,1
perception,1
discern,1
nutshells,1
occiden,1
parison,1
