WORDCOUNTS,WEIGHT
the,1114
and,996
of,845
in,629
maya,428
a,332
to,283
for,189
that,179
classic,156
ancient,155
at,153
as,128
j,120
pp,116
d,112
from,108
on,102
is,101
university,97
political,95
l,87
et,85
belize,83
s,82
p,79
are,79
also,78
archaeology,74
evidence,69
american,68
this,63
with,63
archaeological,62
an,62
r,59
m,58
settlement,56
research,56
not,56
population,55
late,55
new,55
w,54
have,54
were,53
de,52
or,51
was,49
it,48
mexico,48
mesoamerica,45
e,45
t,45
organization,45
early,45
lowlands,44
field,43
lowland,43
areas,43
they,41
by,39
g,38
more,37
other,36
their,36
antiquity,36
may,35
based,35
social,35
archaeologists,34
ritual,34
prehistoric,34
area,34
studies,33
agriculture,33
how,33
agricultural,33
n,32
latin,31
used,31
ceramic,31
h,30
production,30
there,30
ad,30
some,30
resource,30
lucero,30
during,30
regional,29
preclassic,29
when,29
through,29
local,28
especially,28
northern,28
analysis,28
be,28
journal,27
centers,27
residential,27
society,27
use,27
c,27
el,26
warfare,26
labor,26
collapse,26
such,26
community,26
lake,26
ca,26
salt,25
recent,25
these,24
subsistence,24
can,24
polities,24
large,23
power,23
la,23
been,23
i,22
than,22
utah,22
its,22
san,22
see,22
paper,22
major,22
into,21
b,21
k,21
postclassic,21
period,21
obsidian,21
terminal,21
complex,20
has,20
central,20
data,20
economic,20
about,20
patterns,20
which,20
presented,20
river,19
most,19
found,19
because,19
structures,19
managed,19
guatemala,19
fields,19
between,19
state,18
suggest,18
chase,18
water,18
petexbatun,18
what,18
might,17
household,17
development,17
well,17
smithsonian,17
using,17
southern,17
but,17
only,17
systems,17
indicate,17
elites,17
interaction,17
f,16
burials,16
had,16
sites,16
al,16
two,16
including,16
current,16
while,16
middle,16
assess,15
world,15
civilization,15
cave,15
too,15
people,15
dunning,15
yucatan,15
high,15
exchange,15
anthropology,15
texas,15
role,15
land,15
among,15
implications,14
season,14
raised,14
landscape,14
factors,14
history,14
caves,14
hinterland,14
los,14
soil,14
activities,14
located,14
where,14
another,14
function,14
study,14
control,14
goods,14
distribution,14
suggests,14
variability,14
differentiation,14
valley,14
one,13
puuc,13
differences,13
farmers,13
since,13
cf,13
ceramics,13
bc,13
copan,13
understanding,13
argue,13
report,13
institute,13
annual,13
much,13
possible,12
view,12
honduras,12
result,12
record,12
tikal,12
change,12
several,12
results,12
wetland,12
management,12
caracol,12
states,12
structure,12
we,12
increasing,12
different,12
did,12
type,12
size,12
varied,12
models,12
group,11
center,11
techniques,11
prehistory,11
could,11
time,11
v,11
elite,11
model,11
economy,11
webster,11
seasonal,11
conditions,11
need,11
resources,11
marcus,10
within,10
system,10
key,10
bones,10
soils,10
human,10
throughout,10
z,10
estimates,10
itza,10
similar,10
chichen,10
diet,10
colha,10
issues,10
culbert,10
presence,10
likely,10
practices,10
architecture,10
communities,10
region,10
pohl,10
natural,10
leaders,10
specific,10
if,9
resulted,9
diversity,9
sacred,9
account,9
centralized,9
site,9
rather,9
en,9
emergence,9
dumbarton,9
issue,9
cultural,9
burial,9
scale,9
ford,9
department,9
art,9
least,9
few,9
climate,9
notes,9
chronological,9
bajos,9
tropical,9
indicates,9
fact,9
perhaps,9
rio,9
propose,9
each,9
particularly,9
rural,9
tion,8
per,8
stone,8
all,8
mar,8
century,8
no,8
dry,8
monumental,8
density,8
occupation,8
explain,8
near,8
place,8
work,8
eighth,8
xunantunich,8
periods,8
critical,8
still,8
wetlands,8
many,8
diverse,8
farming,8
less,8
number,8
survey,8
trade,8
would,8
types,8
any,8
dispersed,8
origins,8
proposes,8
both,8
mention,8
focus,8
does,7
environmental,7
village,7
before,7
monograph,7
papers,7
piedras,7
royal,7
houses,7
york,7
proposed,7
segmentary,7
mesoamerican,7
indirect,7
artifacts,7
loss,7
progress,7
he,7
ethnographic,7
rise,7
present,7
continuing,7
project,7
meetings,7
peten,7
three,7
architectural,7
milpa,7
assessing,7
institution,7
chert,7
consists,7
perspectives,7
construction,7
mounds,7
considered,7
anthropological,7
international,7
cultivation,7
just,7
better,7
beginning,7
upper,7
politics,7
cambridge,7
modern,7
folan,7
increased,7
little,7
dos,7
fertile,6
mobility,6
maize,6
excavation,6
evaluating,6
source,6
address,6
rare,6
azul,6
highland,6
take,6
case,6
verlag,6
chultunes,6
review,6
due,6
acta,6
ai,6
clark,6
served,6
estimate,6
even,6
von,6
support,6
means,6
intensive,6
recovered,6
greater,6
uses,6
public,6
lived,6
austin,6
term,6
buried,6
symbols,6
del,6
island,6
climatic,6
calakmul,6
status,6
sic,6
up,6
smyth,6
ceremonial,6
precolumbian,6
chronology,6
projects,6
pattern,6
do,6
strategies,6
trend,6
features,6
martin,6
smaller,6
note,6
ecological,6
existed,6
growing,6
complexity,6
over,6
cal,6
her,6
fedick,6
socioeconomic,6
multiple,6
became,6
our,6
come,6
years,6
preceramic,6
consumption,6
remains,6
summary,6
km,6
abandoned,6
should,6
building,6
built,6
way,5
groups,5
dc,5
hydration,5
being,5
first,5
nature,5
available,5
secondary,5
reveal,5
those,5
investigations,5
pilar,5
discuss,5
isotopic,5
sabloff,5
point,5
regarding,5
relatively,5
jr,5
dates,5
general,5
pasion,5
played,5
his,5
highlands,5
certain,5
direct,5
creek,5
understand,5
house,5
underwater,5
important,5
iconography,5
location,5
access,5
demands,5
estudios,5
wealth,5
fox,5
future,5
revealed,5
tombs,5
gender,5
actually,5
class,5
emerging,5
long,5
around,5
core,5
will,5
minor,5
hester,5
single,5
technology,5
us,5
same,5
without,5
larger,5
forms,5
ecology,5
discussion,5
brady,5
arose,5
skeletal,5
resulting,5
ceremonies,5
cultura,5
transformation,5
health,5
after,5
ture,5
methods,5
seattle,5
versus,5
pyburn,5
ideology,5
who,5
often,5
association,5
forest,5
ash,5
blackman,5
nacional,5
know,5
seem,5
historical,5
past,5
phd,5
volcanic,5
utilitarian,5
city,5
press,5
transition,5
colonial,5
integration,5
views,5
final,4
instituto,4
currently,4
common,4
conducted,4
postcollapse,4
prime,4
ms,4
presents,4
occurred,4
migration,4
upland,4
either,4
isla,4
preclas,4
best,4
able,4
mexicon,4
sociopolitical,4
elucidating,4
context,4
evaluation,4
milpas,4
america,4
whatever,4
apply,4
along,4
dynamics,4
jade,4
santa,4
excavations,4
adams,4
tucson,4
regions,4
effective,4
process,4
earlier,4
elsewhere,4
albuquerque,4
requires,4
strategy,4
appear,4
tural,4
chipped,4
out,4
relate,4
initial,4
base,4
academic,4
further,4
oklahoma,4
earliest,4
recently,4
alf,4
pollen,4
required,4
find,4
failure,4
blue,4
claim,4
london,4
apparent,4
cane,4
demonstrates,4
surrounding,4
stanford,4
destruction,4
polity,4
mesoamericana,4
approach,4
excavated,4
pottery,4
indicators,4
quite,4
concerns,4
provided,4
promising,4
variety,4
populations,4
agricul,4
hammond,4
make,4
interactions,4
under,4
cuello,4
useful,4
ambergris,4
death,4
addition,4
attempting,4
posit,4
intersite,4
hinterlands,4
material,4
degree,4
interpreting,4
made,4
looting,4
numerous,4
reservoirs,4
examination,4
deforestation,4
significance,4
andrews,4
peripheral,4
publication,4
lakes,4
rulers,4
so,4
provides,4
internal,4
typically,4
craft,4
scarborough,4
today,4
provide,4
testing,4
albion,4
florescence,4
began,4
why,4
school,4
environment,4
abandonment,4
sayil,4
comes,4
changing,4
must,4
extensive,4
temple,4
meat,4
geoarchaeology,4
domestic,4
tracts,4
las,4
advances,4
bajo,4
them,4
terms,4
selected,4
extent,4
inscriptions,4
consisting,4
prestige,4
require,4
information,4
urban,4
signify,4
northwestern,4
interdisciplinary,4
perspective,4
question,4
wild,4
until,4
difference,4
ojo,4
include,4
green,4
rejolladas,4
plentiful,4
archaic,4
flora,4
drying,4
third,4
norman,4
ballcourts,4
meeting,4
arizona,4
given,3
o,3
representing,3
affected,3
alone,3
mountains,3
introduction,3
patio,3
ma,3
completely,3
western,3
necessarily,3
territorial,3
limestone,3
pilas,3
problems,3
sources,3
fully,3
decentralization,3
help,3
ru,3
second,3
wetter,3
con,3
existence,3
primary,3
economics,3
gardens,3
prehispanic,3
obvious,3
west,3
taking,3
behavior,3
phase,3
includes,3
unpublished,3
relationships,3
points,3
terraces,3
assessment,3
topic,3
garber,3
canal,3
amount,3
highest,3
serving,3
apr,3
fash,3
storage,3
explore,3
though,3
ment,3
lesser,3
landscapes,3
competition,3
growth,3
across,3
centered,3
debated,3
coastal,3
altar,3
phosphate,3
importance,3
tree,3
evolution,3
reason,3
affect,3
architec,3
organized,3
numbers,3
impact,3
northeastern,3
four,3
show,3
peninsula,3
represent,3
dominant,3
mayas,3
root,3
allow,3
faunal,3
sowing,3
shared,3
events,3
kinship,3
fourth,3
topics,3
universidad,3
feudal,3
paleopathology,3
aspects,3
having,3
conduit,3
blade,3
translate,3
discusses,3
reserve,3
related,3
year,3
rituals,3
pulltrouser,3
good,3
indicator,3
level,3
buildings,3
tempe,3
tested,3
box,3
involved,3
family,3
oct,3
dramatic,3
ek,3
loci,3
ceren,3
massive,3
matter,3
various,3
scientific,3
diego,3
curtis,3
formative,3
movement,3
perennial,3
inhabited,3
yet,3
museum,3
trent,3
light,3
demarest,3
skeletons,3
volume,3
simulation,3
gain,3
houston,3
others,3
grube,3
archaeologi,3
analytical,3
shows,3
lack,3
consideration,3
chac,3
villa,3
eddy,3
grave,3
together,3
anthro,3
angeles,3
variation,3
external,3
ground,3
archaeobotanical,3
necessary,3
assemblages,3
discovery,3
previously,3
epigraphic,3
concern,3
largely,3
rivers,3
processes,3
dating,3
clear,3
stress,3
maintenance,3
individual,3
spread,3
plant,3
interacted,3
latter,3
resi,3
outside,3
space,3
modification,3
science,3
ministry,3
pieces,3
fewer,3
seen,3
centripetal,3
reverted,3
seibal,3
fall,3
table,3
guatemalan,3
associated,3
series,3
mentioned,3
ethnoarchaeology,3
news,3
grow,3
specialized,3
capital,3
incorporating,3
build,3
according,3
unique,3
form,3
orleans,3
inomata,3
noticeable,3
laguna,3
densities,3
vol,3
spaces,3
centro,3
measure,3
aspect,3
tions,3
formation,3
biennial,3
chemical,3
tulane,3
contributed,3
integrated,3
define,3
maritime,3
programme,3
meaning,3
manioc,3
archeological,3
north,3
problem,2
now,2
entrada,2
mostly,2
kepecs,2
later,2
correlations,2
investigaciones,2
coba,2
separated,2
shrines,2
college,2
foraging,2
caches,2
pools,2
settlements,2
needed,2
engineered,2
residences,2
kinds,2
tierras,2
true,2
solidarity,2
mexican,2
walker,2
stingray,2
expenditure,2
trace,2
diachronic,2
cycles,2
ericana,2
easily,2
foias,2
diving,2
tells,2
princeton,2
milperos,2
women,2
test,2
gap,2
exist,2
signifies,2
every,2
exclusive,2
ii,2
planting,2
kings,2
attempt,2
assist,2
utilization,2
worked,2
names,2
cenote,2
excavating,2
crops,2
suggesting,2
daily,2
great,2
analyses,2
government,2
farther,2
closer,2
concludes,2
emblem,2
inland,2
achieved,2
feature,2
improved,2
replicated,2
majority,2
debitage,2
british,2
takes,2
occasional,2
forum,2
depending,2
archaeolo,2
moisture,2
recorded,2
spectrum,2
mass,2
geophysical,2
victims,2
addresses,2
negras,2
design,2
investiga,2
nonplatform,2
congreso,2
move,2
consumers,2
vital,2
x,2
temporada,2
dynamic,2
hummocks,2
economies,2
zone,2
beneath,2
attract,2
surplus,2
ranked,2
goal,2
blades,2
grijalva,2
chayal,2
medical,2
pring,2
ability,2
consumer,2
occurs,2
rites,2
application,2
yaxuna,2
exam,2
extensively,2
turn,2
drainage,2
interim,2
places,2
defensive,2
response,2
compared,2
jacob,2
publications,2
mechanical,2
william,2
leadership,2
construc,2
influence,2
walls,2
van,2
higher,2
philadelphia,2
cially,2
reflects,2
infield,2
identification,2
hodell,2
bring,2
modeling,2
main,2
sensing,2
developed,2
posits,2
levels,2
centralization,2
pilgrimages,2
superstates,2
remote,2
mean,2
risk,2
captives,2
ex,2
renewal,2
leave,2
reconstructions,2
elaborate,2
primer,2
shell,2
involvement,2
settled,2
faust,2
locally,2
sociology,2
peasant,2
yellow,2
clearly,2
informe,2
aly,2
articulated,2
slate,2
threat,2
paleodiet,2
riverside,2
lithic,2
surface,2
drought,2
beyond,2
tourism,2
cotton,2
comparisons,2
cost,2
exploitation,2
asks,2
permanent,2
heterogeneity,2
marriage,2
decades,2
ian,2
investigadores,2
whereas,2
guderjan,2
commodity,2
valleys,2
came,2
mesoam,2
arqueologicas,2
societies,2
appearance,2
wares,2
histories,2
kingship,2
erosion,2
midden,2
struc,2
strongly,2
seven,2
tunich,2
strates,2
commoners,2
ogy,2
inter,2
evaluate,2
understood,2
skull,2
tools,2
viewed,2
intensity,2
perish,2
facilities,2
method,2
alt,2
chiapas,2
directly,2
spheres,2
basis,2
invisible,2
line,2
y,2
mapped,2
updated,2
sculpture,2
lamanai,2
mckillop,2
kosakowsky,2
conse,2
protected,2
slightly,2
concept,2
part,2
crane,2
calls,2
original,2
contain,2
gies,2
describe,2
northwest,2
pachuca,2
demon,2
popular,2
lifeways,2
focuses,2
reflect,2
bajas,2
floors,2
swamps,2
artifact,2
prensa,2
own,2
refuse,2
earth,2
closing,2
indi,2
caused,2
below,2
wi,2
trading,2
next,2
fallow,2
event,2
small,2
peace,2
ancestral,2
alluvial,2
villages,2
seeds,2
haviland,2
coast,2
portals,2
always,2
generally,2
preliminary,2
settle,2
span,2
highlights,2
units,2
ical,2
situation,2
prac,2
vanderbilt,2
nonelites,2
identified,2
seasons,2
brief,2
reorganization,2
restructuring,2
iannone,2
religious,2
innovation,2
represents,2
happened,2
continuity,2
termination,2
swamp,2
sustainable,2
complete,2
transects,2
culture,2
wright,2
largest,2
insights,2
patterning,2
noted,2
increasingly,2
frameworks,2
functioned,2
awe,2
stemmed,2
members,2
boucher,2
moist,2
chulchaca,2
rock,2
experienced,2
paleobotanical,2
demographic,2
foreign,2
paine,2
longer,2
turner,2
head,2
temples,2
relates,2
seasonality,2
plan,2
really,2
antonio,2
memorias,2
remain,2
feasting,2
doubt,2
discussed,2
cahal,2
depopulation,2
anthropologist,2
men,2
monographs,2
signifying,2
purposes,2
empire,2
parent,2
arbor,2
belief,2
shafer,2
cul,2
autonoma,2
capture,2
redfield,2
argues,2
cay,2
postclas,2
classes,2
technologies,2
espe,2
bear,2
formal,2
deposits,2
increase,2
ancillary,2
mosaic,2
significant,2
food,2
cranial,2
emphasize,2
factor,2
causes,2
reconstructing,2
submitted,2
karst,2
actual,2
salvador,2
marcos,2
individuals,2
option,2
theoretical,2
peterborough,2
platform,2
ties,2
explorations,2
stelae,2
directed,2
gists,2
language,2
urbanism,2
accounted,2
brass,2
arroyo,2
radar,2
times,2
started,2
pacbitun,2
stages,2
administrative,2
addi,2
practiced,2
households,2
last,2
construct,2
artificial,2
procurement,2
coercive,2
promote,2
constructing,2
relation,2
intercenter,2
pro,2
acquire,2
gunn,2
analyze,2
story,2
southwest,2
terracing,2
occupied,2
xunantun,2
evaluated,2
adaptive,2
species,2
activi,2
defensible,2
discussing,2
ann,2
cobweb,2
bureau,2
she,2
independent,2
continued,2
regular,2
movements,2
five,2
naturally,2
program,2
begin,2
arqueologia,2
quarrying,2
lines,2
widespread,2
deposit,2
life,2
changes,2
ing,2
exists,2
typology,2
face,2
chich,2
ports,2
claims,2
burned,2
stable,2
conjunction,2
tourtellot,2
demonstrate,2
believed,2
naj,2
nonagricultural,2
solitary,2
cate,2
continues,2
symbolic,2
known,2
implied,2
rival,2
reconnaissance,2
alternative,2
tomb,2
ancestor,2
east,2
simposio,2
mirador,2
galactic,2
organiza,2
etal,2
reflected,2
pit,2
quintana,2
tices,2
weapons,2
explanations,2
chicago,2
proceedings,2
conservation,2
investigation,2
combined,2
whether,2
accounts,2
supports,2
ich,2
males,2
map,2
adaptation,2
foundations,2
prismatic,2
phos,2
domiciles,2
suhler,2
ideal,2
bey,2
paleoecology,2
inability,2
vessels,2
nj,2
clayey,2
code,2
conclude,2
affecting,2
elucidate,2
content,2
focal,2
subject,2
re,2
phenomenon,2
challenges,2
evidenced,2
tempers,2
northeast,2
generate,2
finding,2
materials,2
value,2
instead,2
fauna,2
although,2
specialists,2
sacrificial,2
ciudad,2
involving,2
colleagues,2
saturday,2
classification,2
needs,2
potential,2
reached,2
unstable,2
pool,2
oceans,2
element,2
entire,2
develop,2
zones,2
doing,2
votcanology,1
paleoethnobotany,1
nucleate,1
silt,1
ending,1
margins,1
pervaded,1
shovel,1
interhousehold,1
patrilineages,1
appropriation,1
revisionist,1
canals,1
accomplish,1
hallmarks,1
edge,1
versa,1
difficult,1
implemented,1
inlaid,1
rect,1
valle,1
indicated,1
stylistic,1
insect,1
responds,1
privately,1
corporate,1
hieroglyphic,1
urquizu,1
suggested,1
created,1
paleosalinity,1
degradation,1
migrated,1
defining,1
market,1
laporte,1
tuscaloosa,1
expedition,1
determine,1
implies,1
diane,1
epidemic,1
extends,1
ultimate,1
informa,1
synthesizes,1
sphere,1
commute,1
glimpses,1
expect,1
politico,1
empha,1
decentralized,1
potter,1
articulating,1
becoming,1
discover,1
led,1
replaced,1
offerings,1
agency,1
myth,1
identify,1
essays,1
reassessment,1
reflections,1
tures,1
underground,1
summaries,1
managing,1
peaks,1
investigating,1
checking,1
subsis,1
pusilha,1
illuminate,1
cara,1
duke,1
former,1
grove,1
arlen,1
decade,1
abrams,1
acceptance,1
nacio,1
protection,1
position,1
columbia,1
kil,1
organic,1
osteological,1
predicting,1
havoc,1
moving,1
accomplishments,1
localized,1
revision,1
amongst,1
contexts,1
cyclically,1
themes,1
fires,1
cutting,1
highlight,1
predominantly,1
lower,1
anthropogenic,1
commu,1
decen,1
complements,1
transitions,1
explaining,1
provision,1
sodes,1
li,1
zona,1
antropologta,1
identifying,1
creation,1
fortified,1
posed,1
archae,1
rinehart,1
cinco,1
successively,1
taken,1
military,1
rita,1
saul,1
generated,1
gourds,1
articulate,1
permanently,1
pretations,1
emerged,1
conyers,1
burnishing,1
tourist,1
candeleria,1
nefarious,1
geografia,1
humedales,1
apologize,1
friendly,1
yaxhl,1
cial,1
eruption,1
height,1
contextual,1
tradition,1
text,1
leading,1
explores,1
agrarian,1
lessen,1
flotation,1
display,1
reasons,1
thank,1
gradual,1
exotic,1
condi,1
decap,1
link,1
hundred,1
hondu,1
composition,1
zinacantecos,1
uncovered,1
religion,1
products,1
intermarrying,1
graham,1
iconogra,1
search,1
integrate,1
failures,1
swasey,1
scenario,1
mind,1
floral,1
say,1
remainder,1
principal,1
platforms,1
california,1
nal,1
china,1
reading,1
ity,1
educate,1
polit,1
unemphasized,1
naranjo,1
forums,1
contents,1
southwestern,1
moted,1
calcareous,1
side,1
appreciate,1
inclusive,1
edges,1
linear,1
eastern,1
tie,1
autonomous,1
henequen,1
etaly,1
heterarchy,1
weddings,1
patrick,1
amelia,1
demography,1
incorporate,1
agronomists,1
riv,1
uneven,1
determined,1
marked,1
lifetime,1
omissions,1
activity,1
agrar,1
solely,1
functions,1
ings,1
piperno,1
unirrigated,1
environmen,1
arenas,1
internet,1
occurring,1
mental,1
combination,1
recede,1
conceptual,1
reflecting,1
bianchine,1
dwelt,1
establishment,1
indicating,1
fur,1
laws,1
crypts,1
bowls,1
undoubtedly,1
decreasing,1
protocol,1
awaits,1
prehistori,1
sweatbaths,1
plenty,1
biodiversity,1
chultun,1
plowed,1
mesoameri,1
tied,1
ocampo,1
controlled,1
factional,1
funded,1
exposed,1
subsist,1
implements,1
divide,1
glyphs,1
specifically,1
conflict,1
ends,1
domination,1
homage,1
selves,1
chiefs,1
reservoir,1
nim,1
uxmal,1
alignments,1
quiche,1
reused,1
standing,1
estimating,1
modify,1
esti,1
luc,1
immediate,1
quality,1
eating,1
winds,1
contempo,1
barton,1
illustrates,1
against,1
tehuacan,1
decorated,1
realized,1
teotihua,1
wind,1
trated,1
author,1
lectures,1
recurs,1
characteristic,1
montmollin,1
mixed,1
adopted,1
ern,1
amounts,1
ethnobotanical,1
interpret,1
settings,1
participating,1
harrison,1
arqueologico,1
reencuentrocon,1
arena,1
held,1
dis,1
mockmuhl,1
transitional,1
unity,1
rank,1
candidates,1
cases,1
sanders,1
erine,1
decisions,1
nor,1
items,1
ct,1
ation,1
destroyed,1
heterarchical,1
demons,1
keep,1
masson,1
archaeol,1
frustrating,1
differenti,1
depend,1
concerning,1
cosas,1
back,1
fig,1
body,1
smallholders,1
nonjade,1
moyes,1
milling,1
holds,1
cant,1
radio,1
suitable,1
ally,1
olson,1
left,1
witnessed,1
compare,1
networks,1
ologists,1
contemporaneously,1
stature,1
lisa,1
schele,1
mates,1
geological,1
feats,1
percentage,1
look,1
preserving,1
vice,1
critique,1
industries,1
apparently,1
unpub,1
copax,1
disruptions,1
piedra,1
jones,1
anthrological,1
impressions,1
rates,1
scholars,1
poorly,1
ica,1
capitals,1
rocky,1
grasp,1
distri,1
crossroads,1
perfect,1
alabama,1
phases,1
posited,1
biface,1
mechanisms,1
rights,1
hiix,1
quered,1
outfield,1
excavate,1
interesting,1
sample,1
antropologfa,1
flake,1
adequate,1
cuatro,1
costs,1
oscillation,1
statements,1
patron,1
propitiate,1
mes,1
adds,1
infestation,1
massey,1
possession,1
calabash,1
absence,1
incipient,1
freter,1
unusable,1
culminating,1
patronage,1
olmec,1
una,1
approaches,1
tary,1
represented,1
contour,1
fever,1
spirits,1
collec,1
proportion,1
arqueolbgica,1
loma,1
archaeometry,1
entre,1
plots,1
disintegration,1
generating,1
parroquia,1
references,1
columbian,1
special,1
lacking,1
danger,1
hosier,1
distant,1
white,1
summarized,1
productive,1
strate,1
tence,1
indirectly,1
evolu,1
consequences,1
popol,1
undoubt,1
firing,1
making,1
wash,1
modified,1
subroyal,1
voluntarily,1
susceptibility,1
escape,1
elements,1
maintaining,1
coner,1
charismatic,1
females,1
lace,1
possibly,1
dichotomy,1
objects,1
signed,1
plumed,1
nitrogen,1
deidad,1
specialization,1
slowly,1
expectancy,1
balam,1
section,1
americanists,1
lighting,1
elevated,1
reexamination,1
mcnatt,1
traces,1
loca,1
mary,1
weak,1
cobedo,1
frequently,1
prevent,1
presumed,1
age,1
influ,1
ostracods,1
additional,1
exotics,1
ques,1
follow,1
olivier,1
indications,1
stresses,1
roller,1
followed,1
notions,1
believes,1
pixcaya,1
ceremony,1
rice,1
painted,1
peabody,1
answers,1
flakes,1
shifted,1
ruin,1
endemic,1
jan,1
swidden,1
ecotour,1
mon,1
faced,1
dynastic,1
persed,1
dispersion,1
trajectories,1
methodology,1
perceive,1
viejo,1
cultivating,1
conquest,1
union,1
opening,1
sive,1
bl,1
whom,1
paleoclimatological,1
inten,1
pest,1
abandoning,1
discount,1
carrying,1
difficulty,1
farmsteads,1
mapping,1
oirejolladas,1
relating,1
resembles,1
cuyumapa,1
changed,1
deal,1
prepare,1
criticisms,1
teristics,1
pich,1
lently,1
configuration,1
deciphering,1
fo,1
killion,1
interpretations,1
stewardship,1
attained,1
im,1
composi,1
brokers,1
popu,1
markets,1
ethnographer,1
acquiring,1
applying,1
david,1
ander,1
transactions,1
durham,1
subsisted,1
focused,1
longand,1
rfo,1
war,1
reviews,1
studying,1
caldera,1
dynasty,1
appears,1
pitting,1
tolan,1
boundaries,1
cannot,1
dispersal,1
excellent,1
socioeconom,1
iceland,1
appearing,1
chal,1
intrasource,1
actun,1
occurrence,1
granite,1
opposition,1
wide,1
decapitation,1
drain,1
freidel,1
sacrifice,1
tralization,1
sedentism,1
isotope,1
influenced,1
memory,1
briefly,1
improve,1
dower,1
watershed,1
bulldozed,1
hierarchies,1
keeping,1
designating,1
wreaked,1
entregado,1
unexcavated,1
decipherment,1
geothermal,1
eccentrics,1
horticulture,1
ari,1
rainy,1
responding,1
tool,1
emphasis,1
cozumel,1
distinguish,1
ethnoarchaeologically,1
leads,1
nc,1
differ,1
occupants,1
hereditary,1
whitting,1
hydraulically,1
example,1
italy,1
morales,1
indigenous,1
henderson,1
punta,1
penetrating,1
recommends,1
tip,1
periodicity,1
itzan,1
caching,1
surprise,1
literature,1
misinterpreted,1
equidistant,1
consistently,1
demys,1
millions,1
cerning,1
collective,1
inspire,1
destination,1
records,1
densely,1
mentioning,1
coyol,1
williams,1
internacional,1
oria,1
comunidad,1
bar,1
documented,1
ethnohistoric,1
personal,1
danforth,1
revaluation,1
away,1
scope,1
pincemin,1
compact,1
mineralogical,1
preparation,1
interpreted,1
horizon,1
my,1
challenging,1
dominguez,1
monocausal,1
grassroots,1
reconsidering,1
nose,1
continuidad,1
cancm,1
character,1
depositional,1
picture,1
multiplicity,1
responses,1
hamp,1
legacy,1
detracts,1
working,1
teotihuacan,1
allegiance,1
responsibility,1
deity,1
pearsall,1
simpler,1
politically,1
healy,1
villagers,1
rarer,1
preclasico,1
contrast,1
sonal,1
chultuns,1
consolidation,1
owned,1
lords,1
neotrop,1
summon,1
defaced,1
utilitar,1
habitation,1
chan,1
mineral,1
wider,1
gosser,1
cacao,1
revealing,1
bridge,1
idaeh,1
crystallization,1
temporary,1
posthole,1
sulting,1
decline,1
vacuum,1
distinguished,1
ancestors,1
phates,1
telling,1
inte,1
jades,1
incurred,1
stratigraphy,1
barely,1
scott,1
seed,1
cosmology,1
fortress,1
hayden,1
describes,1
corletta,1
factionalism,1
explains,1
cycle,1
florida,1
regal,1
nohmul,1
grateful,1
dam,1
pot,1
am,1
rest,1
questioning,1
fiber,1
casts,1
concomitant,1
avoid,1
frontera,1
pope,1
acbi,1
input,1
survived,1
combinations,1
ameri,1
chimino,1
herein,1
pertaining,1
microwear,1
kitchens,1
processual,1
polychrome,1
morro,1
arrangement,1
mesoamer,1
inhabitants,1
summarize,1
steadily,1
multistructure,1
palm,1
energetics,1
regrowth,1
indeed,1
synthesis,1
campesina,1
labeled,1
comparative,1
expansion,1
openings,1
limited,1
corporation,1
onward,1
revolt,1
forward,1
fruit,1
drops,1
chronol,1
founding,1
standardization,1
etc,1
intensively,1
nication,1
above,1
garden,1
expanded,1
palynological,1
translates,1
malevolent,1
bladen,1
watersheds,1
collapsed,1
pre,1
anthropologi,1
lecount,1
forcibly,1
southeast,1
vicinity,1
illuminating,1
fighting,1
biological,1
label,1
inflate,1
robin,1
once,1
contributing,1
flux,1
mayab,1
depicted,1
pacific,1
criticism,1
edited,1
interpretation,1
auspices,1
violence,1
reference,1
nonlocal,1
read,1
intraregional,1
kluwer,1
acknowledgments,1
rain,1
ning,1
columbus,1
fifth,1
cliff,1
historia,1
remnant,1
neither,1
differentiate,1
speleothem,1
wrest,1
tn,1
included,1
representa,1
home,1
publishing,1
promotes,1
mysterious,1
vilma,1
centrifu,1
ed,1
toric,1
tic,1
floor,1
cyclic,1
already,1
traders,1
illustrated,1
prehispanica,1
reports,1
rosario,1
opment,1
consis,1
flee,1
double,1
representation,1
petexbatiin,1
mound,1
tunichil,1
reach,1
itzd,1
museums,1
kiln,1
prepa,1
wakna,1
suit,1
skyband,1
participated,1
inundated,1
locust,1
stated,1
footslope,1
think,1
mighty,1
shortening,1
toward,1
again,1
locating,1
europe,1
bonor,1
subplaza,1
investigacion,1
spear,1
missing,1
enced,1
usefulness,1
joyce,1
communal,1
whittington,1
diminishing,1
pological,1
valid,1
termi,1
remarks,1
conduct,1
tify,1
perceptible,1
carbonized,1
foods,1
importation,1
plundering,1
predominant,1
compound,1
environs,1
appeared,1
nate,1
mathematical,1
forces,1
children,1
arisen,1
instability,1
incorporation,1
nucleated,1
surfaces,1
demonstrating,1
paleolimnological,1
minneapolis,1
end,1
debates,1
contemporary,1
contentious,1
edly,1
identical,1
diameter,1
pennsylvania,1
schwartz,1
simple,1
msc,1
ingful,1
honor,1
ruler,1
enact,1
charac,1
took,1
promoted,1
yucatecan,1
performances,1
penin,1
covered,1
mayanists,1
illumi,1
flooded,1
metaphors,1
unit,1
hold,1
accepted,1
noneconomic,1
coercion,1
non,1
mex,1
fend,1
ficially,1
origin,1
homenaje,1
xibalba,1
focusing,1
deep,1
rich,1
nueva,1
native,1
teeth,1
dences,1
lean,1
controversy,1
cosmos,1
routledge,1
distance,1
style,1
weakly,1
mechanically,1
paso,1
hansen,1
sociopoliiicos,1
going,1
compete,1
multicausal,1
recommend,1
day,1
poli,1
preliminar,1
segmen,1
week,1
private,1
collecting,1
exploring,1
investment,1
getty,1
survive,1
gordon,1
considering,1
zubin,1
background,1
unesco,1
atlantic,1
alliance,1
comprise,1
flexible,1
upon,1
values,1
carmean,1
writing,1
sides,1
thickness,1
homesteads,1
ethnology,1
aiy,1
depended,1
trends,1
contacts,1
clustered,1
lenges,1
recover,1
samples,1
worship,1
santley,1
top,1
findings,1
varying,1
controlling,1
ethnography,1
cropping,1
spiders,1
hidden,1
hypotheses,1
persisted,1
albu,1
congress,1
harvard,1
questions,1
militarism,1
exhibited,1
roman,1
discontinuity,1
lasted,1
soconusco,1
stay,1
radiocarbon,1
prelude,1
check,1
full,1
previous,1
benque,1
complicated,1
theories,1
ethnoarchaeologi,1
unsurpassed,1
vii,1
finally,1
low,1
militaristic,1
open,1
tently,1
discovered,1
mayan,1
historic,1
reality,1
tional,1
jose,1
stann,1
williamstown,1
bonn,1
faces,1
codex,1
suprema,1
lished,1
rary,1
symposium,1
allowed,1
reviewers,1
caribbean,1
sm,1
like,1
ny,1
huts,1
rus,1
serves,1
uni,1
gerry,1
lie,1
accurate,1
probable,1
leventhal,1
preservation,1
guava,1
cambios,1
never,1
quick,1
consist,1
intercommunity,1
labels,1
parallel,1
occupa,1
realm,1
cruces,1
blanton,1
reli,1
ables,1
cosmogram,1
braswell,1
becan,1
availability,1
natu,1
probably,1
postmonumental,1
workshop,1
wells,1
figures,1
grating,1
chaa,1
rovner,1
tamarindito,1
relative,1
environ,1
agenda,1
caution,1
ago,1
cliffs,1
sprawl,1
willey,1
outright,1
centre,1
nashville,1
animals,1
behind,1
residing,1
obfus,1
paleoclimate,1
tayasal,1
enamel,1
palisades,1
culmination,1
reinventing,1
farm,1
inlays,1
overgeneralized,1
yields,1
dawn,1
topography,1
drennan,1
beset,1
relationship,1
steep,1
me,1
constructed,1
dual,1
kowalski,1
road,1
looted,1
else,1
yaxha,1
sometimes,1
proyecto,1
usually,1
phosphorous,1
buyers,1
vision,1
plays,1
staples,1
maps,1
sol,1
revisando,1
reasonable,1
signifi,1
tozzer,1
male,1
primarily,1
plaza,1
slow,1
multitude,1
referred,1
chikinchel,1
riddled,1
concluding,1
un,1
tive,1
detailed,1
team,1
itself,1
force,1
lives,1
cupola,1
suggestions,1
sequences,1
unearthing,1
originated,1
socie,1
paraphernalia,1
termining,1
displaying,1
es,1
corpus,1
diagnostic,1
nonmonumental,1
surprising,1
chamber,1
populace,1
lineages,1
interpretive,1
composed,1
epi,1
centuries,1
variabil,1
rim,1
hist,1
ridges,1
problematic,1
inaa,1
tems,1
bergin,1
grasping,1
regularly,1
cam,1
pepper,1
res,1
enigma,1
multidisciplinary,1
fertility,1
sections,1
ration,1
publicly,1
diseases,1
extrapolate,1
magnitude,1
then,1
precedence,1
biology,1
synchronic,1
lessons,1
ethnological,1
calendrical,1
peoples,1
consider,1
mundo,1
spanish,1
extending,1
releases,1
economically,1
cayo,1
painting,1
extension,1
slope,1
fluctuating,1
physical,1
excel,1
vacant,1
levi,1
diets,1
sherds,1
dun,1
sourcing,1
organizational,1
quaternary,1
differentiated,1
integrative,1
outcome,1
ship,1
berkeley,1
continental,1
mutually,1
ordered,1
stamp,1
country,1
krejci,1
interrupted,1
proponents,1
formalization,1
trolled,1
concen,1
misrepresentations,1
setting,1
unknown,1
alexander,1
sent,1
websites,1
assumes,1
ph,1
anthropol,1
half,1
wall,1
universal,1
intrusion,1
returns,1
followers,1
post,1
dennis,1
ported,1
siglos,1
guidelines,1
sula,1
obviously,1
polynesian,1
themselves,1
far,1
edible,1
agricultura,1
tal,1
cities,1
differed,1
prospects,1
utilized,1
sierra,1
scuba,1
orgaaization,1
works,1
living,1
options,1
untestable,1
evident,1
pri,1
consisted,1
stela,1
following,1
animal,1
cautions,1
itated,1
sexual,1
activism,1
plainwares,1
sectors,1
unlikely,1
automatically,1
exposing,1
notable,1
larralde,1
spatial,1
apple,1
rose,1
hender,1
ones,1
yielded,1
perpendicular,1
want,1
dios,1
nearby,1
pech,1
maintain,1
passed,1
signature,1
silviculture,1
enterprise,1
theory,1
retain,1
karstic,1
temporally,1
leaving,1
chau,1
waters,1
projection,1
dark,1
lm,1
explored,1
yield,1
imperial,1
property,1
dedication,1
rally,1
hundreds,1
ascertain,1
port,1
bryant,1
oversimplified,1
phate,1
translated,1
leyden,1
bodies,1
alterations,1
circumstances,1
transport,1
dams,1
ruled,1
prehis,1
attached,1
copdn,1
uniform,1
kin,1
sea,1
despite,1
standoff,1
prevalent,1
devel,1
verification,1
ecotourism,1
cenotes,1
plans,1
campeche,1
agrosys,1
chultunob,1
went,1
territory,1
com,1
outfields,1
programs,1
geographic,1
categories,1
resistance,1
antigua,1
pa,1
families,1
palms,1
maintained,1
isolated,1
definitions,1
crew,1
hiero,1
goals,1
coming,1
childhood,1
accretive,1
grandeur,1
courtyards,1
bowels,1
nov,1
ethnobotan,1
inadvertent,1
devoted,1
chile,1
shown,1
underworld,1
survival,1
sediments,1
commercial,1
locations,1
invasion,1
ignored,1
ig,1
disposal,1
seafood,1
disarray,1
intensified,1
agreement,1
decrease,1
protohistoric,1
camps,1
web,1
nonlinear,1
baking,1
national,1
temperature,1
puleston,1
betty,1
newsletter,1
dangerous,1
paleotemperature,1
phy,1
joined,1
approximately,1
americas,1
dense,1
socially,1
regime,1
tobey,1
corozal,1
disruption,1
postclasica,1
arti,1
conquered,1
effects,1
clues,1
playing,1
defined,1
attempted,1
off,1
await,1
fluctuate,1
francisco,1
technolo,1
christi,1
supernaturally,1
anonymous,1
comparison,1
ful,1
deer,1
vessel,1
carbon,1
sinkholes,1
curl,1
coefficient,1
cached,1
assumed,1
microdefects,1
chambers,1
ics,1
lentz,1
institu,1
mystery,1
cattails,1
ensued,1
charged,1
hills,1
nucleation,1
johnson,1
vary,1
equivo,1
amigos,1
era,1
debate,1
texts,1
occur,1
reconsideration,1
pologist,1
big,1
aguateca,1
traditional,1
duction,1
images,1
plenum,1
counts,1
technological,1
comparable,1
beings,1
cross,1
broader,1
southeastern,1
mock,1
primera,1
dug,1
close,1
draft,1
evidently,1
hamblin,1
stunned,1
hypothesis,1
