WORDCOUNTS,WEIGHT
the,1370
of,969
and,716
in,636
to,338
a,271
for,213
from,196
that,189
bronze,154
southeast,153
with,145
is,126
p,118
early,115
metal,113
as,113
at,111
metallurgy,100
are,95
was,88
asian,87
on,85
evidence,84
technological,83
by,80
have,79
technology,78
ban,78
thailand,77
asia,76
or,75
j,74
were,70
central,65
prehistoric,65
this,63
not,63
production,62
bc,62
age,59
c,58
world,57
casting,55
transmission,54
been,54
but,53
copper,52
millennium,51
such,50
other,49
has,47
metals,46
artifacts,46
one,45
no,45
more,45
university,44
use,44
system,43
some,43
chiang,43
metallurgical,42
springer,42
be,42
second,41
cultural,41
pigott,41
crucibles,41
prehist,41
press,41
also,40
it,38
found,38
its,38
sites,37
first,37
new,37
non,37
m,36
an,36
crucible,36
r,35
their,35
pp,35
socketed,35
earliest,35
which,34
khao,33
plain,33
ciarla,33
small,33
higham,33
huanghe,32
chinese,31
w,31
source,30
wong,30
during,30
southern,30
we,30
eastern,29
molds,29
these,29
they,28
prachan,28
ore,28
there,28
than,28
late,28
period,27
valley,27
v,26
qijia,26
into,25
ancient,25
f,25
bivalve,25
northeast,24
e,24
most,24
used,24
two,24
archaeological,24
archaeology,24
cast,23
tradition,23
eurasia,23
eurasian,23
may,23
societies,23
only,23
sinocentric,23
cultures,23
contexts,22
china,22
point,22
along,22
artifact,22
social,22
probably,22
beginning,22
d,22
common,21
site,21
river,21
third,21
refractory,21
spear,21
could,20
shang,20
et,20
al,20
smelting,20
east,20
both,20
s,19
conference,19
nok,19
based,18
south,18
processing,18
culture,18
where,18
including,18
phu,18
dating,18
mining,18
can,18
northern,18
area,18
h,17
how,17
b,17
white,17
had,17
appearance,17
local,17
although,17
later,16
groups,16
complex,16
study,16
k,16
gansu,16
well,16
knowledge,16
material,16
when,16
far,16
western,15
lower,15
sources,15
metalworkers,15
implements,15
even,15
journal,15
prehistory,15
t,15
linduff,15
many,15
areas,15
lost,15
wax,14
papers,14
possible,14
international,14
tha,14
west,14
chernykh,14
recovered,14
burial,14
data,14
flat,14
time,14
made,14
who,14
suggests,14
recent,14
between,14
studies,13
all,13
g,13
relatively,13
urals,13
similar,13
tools,13
working,13
several,13
research,13
society,13
museum,13
regional,13
volume,13
exchange,13
steppe,13
proceedings,13
close,13
repertoire,12
rapid,12
heated,12
those,12
vol,12
direct,12
n,12
appear,12
around,12
choices,12
mold,12
pennsylvania,12
less,12
mei,12
spread,12
tin,12
over,12
different,12
current,12
goods,12
iron,12
through,12
models,12
internally,12
north,12
if,11
archaeologists,11
mai,11
since,11
fig,11
dates,11
l,11
across,11
edwin,11
distribution,11
out,11
initial,11
further,11
american,11
erlitou,11
least,11
villages,11
mellen,11
bangles,11
fragments,11
axes,11
would,11
systems,11
suggest,11
any,11
states,11
thai,10
large,10
history,10
kohl,10
context,10
lon,10
apparently,10
sockets,10
process,10
upper,10
few,10
transfer,10
core,10
bar,10
ceramic,10
main,10
do,10
model,10
types,10
particularly,10
utilitarian,10
using,10
ores,10
remains,10
association,10
among,10
lingnan,9
long,9
i,9
nil,9
very,9
development,9
characteristic,9
kham,9
proposed,9
important,9
raw,9
route,9
scale,9
near,9
suspended,9
presence,9
steppes,9
provided,9
slag,9
complete,9
prc,9
see,9
another,9
mortuary,9
processes,9
trade,9
so,9
date,9
european,9
altai,9
then,9
series,9
known,9
did,9
foundation,9
distinctive,9
while,9
techniques,9
need,9
does,8
approaches,8
mainland,8
occurred,8
ii,8
products,8
review,8
barnard,8
alloying,8
yunnan,8
prior,8
unpublished,8
mair,8
steps,8
without,8
developed,8
appears,8
certain,8
possibly,8
produced,8
london,8
related,8
place,8
pa,8
finds,8
will,8
likely,8
contact,8
about,8
chronology,8
department,8
beginnings,8
anthropology,8
bces,8
distance,8
discussion,8
cambridge,8
range,8
deposits,8
clear,8
points,8
held,8
graves,8
especially,8
ornaments,8
natapintu,8
socket,8
anthropological,8
maddin,8
peoples,8
paper,8
molten,8
views,8
sichuan,8
siberian,8
being,7
sherratt,7
great,7
analyses,7
rich,7
state,7
within,7
october,7
bulbeck,7
epimakhov,7
suitable,7
parts,7
haeng,7
burials,7
objects,7
basin,7
joy,7
fourth,7
metalworking,7
networks,7
wide,7
work,7
implement,7
brought,7
smc,7
periods,7
chronological,7
edith,7
various,7
expansion,7
bronzes,7
vicinity,7
yet,7
appeared,7
mekong,7
forms,7
remarkable,7
perhaps,7
style,7
argument,7
technologies,7
institute,7
region,7
elite,7
like,7
amorphous,7
pro,7
perspectives,7
analysis,7
forest,7
considered,7
argue,7
past,7
type,7
form,7
finished,7
years,7
publishing,7
product,7
schiffer,7
resources,7
adoption,6
mit,6
before,6
materials,6
consistent,6
implications,6
monograph,6
british,6
case,6
sophisticated,6
primary,6
thus,6
koryakova,6
clay,6
elements,6
communication,6
sun,6
levels,6
after,6
four,6
vietnam,6
suggested,6
portable,6
weapons,6
zone,6
though,6
technical,6
childe,6
personal,6
he,6
identified,6
mobile,6
ams,6
same,6
noted,6
toward,6
chaimongkol,6
available,6
larger,6
simple,6
purposes,6
sequence,6
help,6
variant,6
provides,6
present,6
imply,6
siberia,6
practitioners,6
arrow,6
why,6
often,6
eventually,6
segmented,6
what,6
investigation,6
transmitted,6
particular,6
almost,6
formation,6
numerous,6
extremely,6
yangtze,6
adopted,6
much,6
major,6
needed,5
kinds,5
stone,5
formed,5
di,5
furnace,5
blind,5
access,5
political,5
nomadic,5
wai,5
account,5
sedentary,5
done,5
ritual,5
historical,5
mine,5
immediate,5
village,5
hanks,5
nor,5
perspective,5
look,5
traditions,5
via,5
statements,5
basic,5
flexible,5
organization,5
dated,5
argued,5
origins,5
spouted,5
preference,5
experimentation,5
solheim,5
shape,5
part,5
employed,5
showing,5
regions,5
successful,5
presented,5
settlement,5
highly,5
met,5
preliminary,5
led,5
limited,5
object,5
single,5
issues,5
published,5
technique,5
addition,5
idea,5
grave,5
end,5
took,5
understanding,5
rare,5
low,5
three,5
publications,5
general,5
high,5
antiquity,5
probable,5
earlier,5
outside,5
craft,5
yellow,5
characteristics,5
indicate,5
centuries,5
itself,5
addressed,5
must,5
geographic,5
lagging,5
middle,5
vessels,5
locations,5
similarity,5
furnaces,5
national,5
interaction,5
final,4
now,4
contemporaneous,4
fixed,4
necessarily,4
variety,4
experience,4
diffusion,4
came,4
either,4
creation,4
donor,4
shaped,4
producing,4
styles,4
occasional,4
gaps,4
key,4
marked,4
conceptual,4
pairs,4
warfare,4
throughout,4
interior,4
relations,4
excavations,4
old,4
smelted,4
wat,4
details,4
philadelphia,4
distant,4
logical,4
facilitated,4
organized,4
observations,4
show,4
undertaken,4
rice,4
requires,4
exploitation,4
trained,4
dynastic,4
view,4
greater,4
weisgerber,4
search,4
behavioral,4
cores,4
occupation,4
traits,4
indirect,4
younger,4
castings,4
because,4
aspects,4
role,4
bowl,4
northwest,4
xinjiang,4
project,4
own,4
connections,4
tanged,4
good,4
order,4
quite,4
sufficient,4
mineral,4
migration,4
components,4
unalloyed,4
generally,4
moved,4
neolithic,4
noteworthy,4
indigenous,4
economic,4
short,4
brief,4
community,4
still,4
interactions,4
innovation,4
pacific,4
requiring,4
exposure,4
selective,4
experimental,4
routes,4
fact,4
lack,4
alloys,4
stimulus,4
occurrence,4
choice,4
forging,4
variation,4
man,4
ages,4
enough,4
thosarat,4
deep,4
nguyen,4
thousands,4
vast,4
assemblages,4
discovery,4
explanation,4
resulting,4
full,4
recipient,4
times,4
collaboration,4
jwp,4
interacted,4
geography,4
relative,4
note,4
continued,4
pieces,4
binary,4
bulletin,4
okunevo,4
sequences,4
murowchick,4
associated,4
demonstrate,4
equipment,4
here,4
bayard,4
andronovo,4
erligang,4
seem,4
fabrication,4
techno,4
phd,4
them,4
supports,4
signature,4
theory,4
periphery,4
hundreds,4
afanasievo,4
arguments,4
manufacturing,4
phenomenon,4
parallels,4
include,4
phung,4
attributes,4
piece,4
specific,4
create,4
duction,4
contacts,3
transportation,3
anthony,3
morphology,3
worthy,3
introduction,3
per,3
group,3
settlements,3
systematically,3
essays,3
smelt,3
excavation,3
noen,3
absence,3
explaining,3
localities,3
prospecting,3
might,3
address,3
incomplete,3
emerged,3
nature,3
uncovering,3
resemblance,3
affinities,3
suggesting,3
daily,3
hundred,3
glover,3
greatly,3
somewhat,3
signs,3
similarities,3
shafts,3
nology,3
design,3
quantities,3
move,3
fine,3
mid,3
labor,3
human,3
phase,3
intact,3
hawaii,3
conducted,3
z,3
turn,3
items,3
left,3
thin,3
recognized,3
mexico,3
rather,3
his,3
links,3
remain,3
na,3
kijngam,3
deliberately,3
cru,3
space,3
understand,3
acquisition,3
presumably,3
clearly,3
section,3
receiving,3
chao,3
allurgy,3
superior,3
exploited,3
additional,3
followed,3
explain,3
dominant,3
decades,3
drawing,3
locals,3
typical,3
alloy,3
shared,3
neighboring,3
elemental,3
reviews,3
grounds,3
fish,3
procedures,3
produce,3
required,3
package,3
future,3
charoenwongsa,3
example,3
oxidic,3
loss,3
status,3
manipulation,3
change,3
excavated,3
distances,3
next,3
metallographic,3
involved,3
shapes,3
corridor,3
archae,3
notes,3
adhering,3
archaeo,3
located,3
forward,3
above,3
make,3
indicates,3
pastoralists,3
dongson,3
communities,3
interpretation,3
thought,3
under,3
us,3
neither,3
smith,3
home,3
light,3
watson,3
annealing,3
reply,3
industrial,3
insights,3
pointed,3
transcultural,3
shows,3
proposal,3
prills,3
cambodia,3
stech,3
books,3
number,3
muhly,3
rivers,3
significance,3
modem,3
publication,3
reverberatory,3
individual,3
dry,3
evolutionary,3
become,3
illustrations,3
occupied,3
ago,3
propose,3
involving,3
provide,3
science,3
fully,3
tech,3
begin,3
extension,3
chimneys,3
clays,3
settled,3
hierarchical,3
hole,3
examine,3
arts,3
comes,3
mentioned,3
extending,3
physical,3
alternative,3
pryce,3
each,3
cm,3
proponents,3
specialized,3
innovations,3
scenario,3
report,3
phraya,3
just,3
better,3
whether,3
terms,3
selected,3
references,3
maintain,3
installations,3
batches,3
occasionally,3
multiple,3
despite,3
practices,3
courses,3
became,3
step,3
adapted,3
challenges,3
our,3
singapore,3
smaller,3
khok,3
univalve,3
roles,3
summary,3
needs,3
longshan,3
km,3
themselves,3
reached,3
debate,3
showed,3
decentralized,2
currently,2
mostly,2
o,2
killick,2
oriented,2
edge,2
hammering,2
way,2
indicated,2
implying,2
created,2
red,2
mountains,2
tylecote,2
ma,2
ways,2
investigating,2
modern,2
han,2
decade,2
unlike,2
revision,2
properties,2
congress,2
framework,2
tons,2
expertise,2
invention,2
certainly,2
attempts,2
season,2
assist,2
terrain,2
actual,2
allow,2
definition,2
possibilities,2
europe,2
skills,2
secondary,2
reasons,2
ben,2
differences,2
timing,2
thanks,2
closer,2
acknowledge,2
hunting,2
rostoker,2
robert,2
investigations,2
rethinking,2
ad,2
evaluation,2
existence,2
albeit,2
heterarchy,2
translations,2
sought,2
implies,2
activity,2
reaching,2
occurring,2
desired,2
indicating,2
quantity,2
melting,2
controlled,2
zhou,2
exist,2
learned,2
regarding,2
technologically,2
centralized,2
accessible,2
typological,2
relationships,2
component,2
dynamics,2
quality,2
shaft,2
application,2
cf,2
topic,2
bougon,2
dence,2
kind,2
guided,2
cases,2
dross,2
jialing,2
convincing,2
amount,2
body,2
young,2
pouring,2
alliances,2
find,2
bailong,2
understood,2
chan,2
archaeometallurgy,2
van,2
higher,2
mechanisms,2
civilization,2
poor,2
bellwood,2
weapon,2
expansions,2
russian,2
bypassing,2
obtained,2
gradualist,2
bronson,2
cibles,2
derived,2
special,2
von,2
shell,2
priorities,2
drainage,2
reason,2
solutions,2
changes,2
provinces,2
developments,2
halves,2
flexibility,2
foothills,2
intensive,2
elsewhere,2
indo,2
impact,2
traces,2
northeastern,2
reviewed,2
commented,2
portrays,2
providing,2
assessments,2
whereas,2
bo,2
lead,2
location,2
manoa,2
faunal,2
dispute,2
base,2
mined,2
extracting,2
academic,2
artefact,2
mun,2
recently,2
boyd,2
intensity,2
cannot,2
dispersal,2
biases,2
wealth,2
record,2
method,2
information,2
watershed,2
having,2
network,2
documented,2
crushed,2
competent,2
formerly,2
tool,2
nearest,2
concept,2
reduction,2
literature,2
describe,2
older,2
discussions,2
refined,2
demonstrates,2
erhai,2
pra,2
away,2
markedly,2
towards,2
approach,2
creating,2
lang,2
spatially,2
wost,2
fostered,2
holes,2
interacting,2
mil,2
siwa,2
teams,2
wider,2
hafting,2
refractories,2
directly,2
up,2
results,2
activities,2
avoid,2
lend,2
transmissions,2
input,2
critical,2
hosts,2
therefore,2
ceedings,2
bac,2
nnllennium,2
overall,2
pottery,2
kilometers,2
taosi,2
adze,2
initially,2
movement,2
once,2
victor,2
externally,2
permission,2
examined,2
restricted,2
assimilation,2
prehistorians,2
increasingly,2
she,2
assimilated,2
seima,2
frameworks,2
fairly,2
picture,2
rings,2
simulation,2
power,2
stated,2
decorative,2
homo,2
missing,2
efforts,2
joyce,2
sulfidic,2
amerind,2
fundamental,2
conduct,2
scholars,2
rugged,2
children,2
together,2
compatible,2
debated,2
considerable,2
question,2
locales,2
ground,2
derivative,2
road,2
eg,2
seminar,2
hamilton,2
routledge,2
acquire,2
wood,2
valleys,2
argues,2
imagine,2
demonstrated,2
examples,2
considering,2
refining,2
rapidity,2
enormous,2
looking,2
skeletal,2
batch,2
bellows,2
enduring,2
hypotheses,2
refers,2
assume,2
aside,2
previous,2
theoretical,2
described,2
routledgecurzon,2
open,2
quotation,2
discovered,2
himalayan,2
chaimongol,2
yuanlongpo,2
phanom,2
function,2
practiced,2
households,2
abundant,2
latter,2
elaborate,2
january,2
seeking,2
vide,2
consumption,2
adaptations,2
workshop,2
versus,2
chain,2
euraseaa,2
attention,2
la,2
widely,2
oxford,2
relationship,2
siba,2
independent,2
sometimes,2
usually,2
five,2
lennium,2
practical,2
suggestive,2
laos,2
rambault,2
primarily,2
seen,2
deposit,2
strongly,2
rim,2
began,2
millennia,2
volumes,2
traveling,2
table,2
supporting,2
receive,2
articles,2
emerging,2
undertook,2
practised,2
thinking,2
practice,2
following,2
dispersed,2
complexity,2
arsenical,2
extensive,2
ever,2
too,2
implied,2
temporal,2
proposes,2
charles,2
text,2
sustained,2
prototypes,2
ingot,2
interested,2
unknown,2
down,2
lemonnier,2
half,2
temper,2
basins,2
regard,2
domesticated,2
erectus,2
ethos,2
living,2
evident,2
scholarship,2
suite,2
scholarly,2
explanations,2
economy,2
notable,2
making,2
map,2
earthenware,2
problem,2
require,2
ardeth,2
explored,2
huge,2
encounters,2
minimal,2
scenarios,2
chronometric,2
size,2
level,2
careful,2
entire,2
prehis,2
recipients,2
little,2
content,2
activated,2
assumptions,2
territory,2
contribute,2
obtain,2
linguistics,2
families,2
mention,2
maintained,2
varied,2
ultimately,2
until,2
differentiation,2
lands,2
average,2
zones,2
offer,2
land,2
bear,2
defined,2
oldest,2
craddock,2
myanmar,2
thousand,2
potential,2
combination,2
russia,2
elites,2
lake,2
pool,2
evi,2
traditional,2
glance,2
seek,2
ethnology,2
cross,2
broader,2
southeastern,2
occur,2
arizona,2
gold,2
taneous,1
stateless,1
kilo,1
difficult,1
entities,1
winds,1
zhongguo,1
stimuli,1
produces,1
rate,1
child,1
methodologically,1
convergence,1
implemented,1
inlaid,1
drafts,1
extrapolating,1
tion,1
names,1
raneous,1
vemon,1
imported,1
scholar,1
adapting,1
judging,1
insulated,1
undermines,1
affected,1
extreme,1
extend,1
environmental,1
college,1
mesoudi,1
trans,1
determine,1
intriguing,1
semi,1
alone,1
kroeber,1
originating,1
flexed,1
teich,1
plows,1
ciency,1
notably,1
distributed,1
crossing,1
systemic,1
linguistic,1
expect,1
formulated,1
elaborately,1
center,1
waste,1
explosion,1
significant,1
partially,1
summarizing,1
ternary,1
mobility,1
tend,1
designed,1
arrowheads,1
hull,1
referring,1
ungnan,1
authority,1
continent,1
rounded,1
glean,1
item,1
bias,1
drawings,1
huyen,1
easily,1
paradigms,1
environment,1
seeping,1
former,1
ondary,1
tempered,1
trace,1
mtt,1
position,1
filters,1
exciting,1
pasture,1
turtle,1
total,1
assisted,1
impermanent,1
pots,1
ussr,1
bend,1
postulates,1
southwards,1
arguing,1
chendu,1
descriptions,1
princeton,1
precursors,1
typologically,1
incorporating,1
leads,1
prosperous,1
par,1
chooses,1
test,1
predominantly,1
antimony,1
painful,1
fabric,1
anything,1
estimated,1
deter,1
familiarity,1
modest,1
simul,1
baked,1
compelled,1
preceding,1
distribu,1
connection,1
majority,1
exclusive,1
setting,1
entailed,1
hood,1
taken,1
military,1
meters,1
expand,1
asso,1
plateau,1
prerequisite,1
worked,1
fragmentary,1
seems,1
hauling,1
oblong,1
kao,1
attractive,1
transferability,1
assess,1
advantage,1
desire,1
undertake,1
display,1
thank,1
gradual,1
arises,1
follows,1
spheresthrough,1
link,1
reveal,1
concludes,1
demise,1
uncovered,1
take,1
alignment,1
jumped,1
creator,1
feature,1
cerro,1
bettinger,1
improved,1
fishhooks,1
separated,1
trouble,1
sacred,1
chiefdoms,1
remainder,1
containment,1
situ,1
principal,1
unsocketed,1
heating,1
depleted,1
sheet,1
surveys,1
pastoral,1
filtering,1
contents,1
proposals,1
coloured,1
falkenhausen,1
cut,1
employs,1
tim,1
con,1
proceeded,1
advocates,1
placesstill,1
identities,1
autonomous,1
apt,1
constraint,1
bases,1
mass,1
eminently,1
discuss,1
solving,1
figs,1
plug,1
mythology,1
dong,1
indirectly,1
cible,1
holocene,1
capable,1
compelling,1
pre,1
publishers,1
securely,1
tracing,1
paucity,1
facilitating,1
reaction,1
surtandy,1
appreciates,1
consumers,1
flourishes,1
run,1
vital,1
leries,1
whatever,1
taking,1
invalidates,1
reflecting,1
intermediary,1
rela,1
establishment,1
advocating,1
household,1
richerson,1
compo,1
bowls,1
apply,1
hiamenko,1
considerably,1
undoubtedly,1
economies,1
accustomed,1
fragment,1
directed,1
conclusively,1
acknowledgement,1
tional,1
says,1
inventory,1
dalton,1
matte,1
repeatedly,1
build,1
goal,1
eerkens,1
plaques,1
metallur,1
cemeteries,1
immobile,1
archaeolo,1
reverse,1
inner,1
yang,1
lining,1
depressions,1
contempo,1
illustrates,1
flashes,1
nection,1
recasting,1
silabhumi,1
de,1
author,1
interest,1
patchy,1
domain,1
basal,1
doan,1
mixed,1
interrelationships,1
occurs,1
hooks,1
uniformity,1
assessment,1
media,1
rooted,1
century,1
learning,1
nents,1
seaboard,1
judged,1
dis,1
priority,1
viewing,1
hold,1
economical,1
lytical,1
nities,1
speculative,1
heterarchical,1
slab,1
david,1
envisioned,1
sintashta,1
refer,1
concerning,1
villiers,1
italiano,1
simplest,1
response,1
ffigham,1
practitioner,1
chim,1
six,1
flawed,1
agents,1
gal,1
caucasian,1
output,1
allowing,1
tinent,1
illustrator,1
elaborated,1
effective,1
unlagged,1
anschnitt,1
truly,1
estimate,1
undertaking,1
explore,1
y,1
kaogu,1
vincent,1
bennett,1
waterways,1
yan,1
focussed,1
wet,1
strengthening,1
william,1
messages,1
pointing,1
bamrung,1
retrieved,1
impressions,1
error,1
poorly,1
depths,1
traumatic,1
focused,1
harbinger,1
chonqing,1
go,1
reconstructed,1
nong,1
whose,1
coherency,1
essential,1
lotus,1
journeyed,1
diminutive,1
transformations,1
husk,1
injuries,1
aimed,1
encompassed,1
gorsdorf,1
denmark,1
stop,1
influenced,1
illustration,1
aggressive,1
possession,1
vators,1
paths,1
incipient,1
influential,1
conflation,1
appreciation,1
borrowing,1
reference,1
needham,1
presentation,1
subsistence,1
aesthetically,1
completely,1
swath,1
profusion,1
dealt,1
transferable,1
foundries,1
persistent,1
connected,1
sarah,1
importance,1
leave,1
resmelting,1
ciated,1
tionship,1
matched,1
envision,1
lacking,1
gratefully,1
riding,1
hosier,1
reassess,1
discoveries,1
miscellaneous,1
precious,1
bayesian,1
northwards,1
consistency,1
sai,1
chippindale,1
means,1
accounts,1
distinct,1
defies,1
circulated,1
experimentally,1
biased,1
consider,1
locally,1
established,1
familiar,1
benefits,1
specialization,1
itinerant,1
elisabeth,1
emergence,1
comers,1
jura,1
korea,1
driven,1
elevated,1
air,1
attain,1
gradually,1
desirability,1
frequently,1
disproves,1
circuit,1
presumed,1
orientation,1
resource,1
qinghai,1
surface,1
beyond,1
peru,1
suites,1
notions,1
comprising,1
mere,1
filtered,1
slurry,1
manao,1
archeological,1
cycles,1
permanent,1
homepage,1
sawan,1
shifted,1
endemic,1
helped,1
holistically,1
rehren,1
footnote,1
advocated,1
oblique,1
satisfy,1
perceive,1
constructive,1
reflections,1
charcoal,1
ranges,1
neys,1
opening,1
moving,1
result,1
closely,1
advance,1
rispoli,1
resmelted,1
monkol,1
encyclopedic,1
associa,1
scientifically,1
nace,1
begun,1
called,1
ology,1
homogeneous,1
treatments,1
tianshanbeilu,1
subunits,1
seven,1
users,1
economics,1
outcrops,1
phimai,1
destined,1
events,1
primacy,1
samrddhabhump,1
noting,1
endeavor,1
rachanie,1
approximation,1
nasievo,1
afa,1
fuel,1
inter,1
term,1
nium,1
evaluate,1
embedded,1
misfit,1
tralized,1
handbook,1
ranking,1
topics,1
memory,1
solely,1
posited,1
blow,1
circular,1
michigan,1
versity,1
hall,1
keywords,1
oughly,1
province,1
mauls,1
ceramics,1
spout,1
pins,1
analogous,1
applied,1
exca,1
groundwork,1
intersocietal,1
languages,1
appearing,1
richest,1
however,1
emulating,1
absolute,1
bow,1
minusinsk,1
superi,1
filter,1
sanxingdui,1
possibility,1
oxcal,1
expressions,1
eliminate,1
acknowledgements,1
criteria,1
expensive,1
warriors,1
none,1
expansionary,1
trial,1
basis,1
minh,1
closed,1
prioritizing,1
egalitarian,1
capabilities,1
northerners,1
figurative,1
douglas,1
scope,1
rocks,1
received,1
already,1
imports,1
start,1
writers,1
preferred,1
nine,1
framed,1
ingots,1
prized,1
slightly,1
lopburi,1
tributary,1
training,1
calls,1
nation,1
interna,1
lays,1
domi,1
revealed,1
elizabeth,1
criticized,1
directness,1
got,1
metallic,1
cracking,1
year,1
dynasties,1
zealand,1
overview,1
choi,1
consistently,1
millet,1
travel,1
postulated,1
riders,1
toric,1
contains,1
reportedly,1
thorsarat,1
people,1
inclusions,1
historic,1
seasonally,1
strenuous,1
structures,1
stimulate,1
eyre,1
call,1
reflect,1
surrounding,1
herding,1
intersections,1
systematic,1
decen,1
horizon,1
enthusiastic,1
typify,1
heinemann,1
chemistry,1
errors,1
zaoqi,1
researchers,1
earth,1
detailed,1
preceded,1
siterite,1
solution,1
computer,1
mesopotamia,1
drums,1
field,1
below,1
cold,1
lowest,1
gyeongju,1
things,1
stage,1
tested,1
ensue,1
politically,1
contrast,1
sonal,1
stimulated,1
emphasizes,1
phrase,1
annealed,1
diffusionary,1
ological,1
atmosphere,1
heat,1
soil,1
transport,1
ixer,1
smithsonian,1
himalayas,1
vation,1
folk,1
industry,1
prestate,1
ericson,1
essentially,1
alluvial,1
interlocked,1
boundaries,1
yielded,1
always,1
annual,1
piston,1
lianging,1
uously,1
inaccessible,1
hayden,1
discusses,1
paid,1
plausible,1
value,1
weigh,1
newly,1
grateful,1
cascade,1
rest,1
massive,1
reducing,1
geographical,1
unfinished,1
mechanism,1
subsequently,1
prescribed,1
inspection,1
meaningfully,1
portion,1
llc,1
turquoise,1
ana,1
units,1
ical,1
situation,1
demand,1
minor,1
unshaped,1
resides,1
colors,1
calibration,1
bells,1
commu,1
cruci,1
bringing,1
carried,1
meticulously,1
logically,1
doctoral,1
indeed,1
dampen,1
service,1
effi,1
horses,1
archetype,1
play,1
successes,1
acknowledged,1
classic,1
nearly,1
exception,1
jewelry,1
hum,1
april,1
reduce,1
july,1
illustrating,1
technically,1
bill,1
surviving,1
veins,1
comments,1
standing,1
afield,1
sending,1
wind,1
collapsed,1
modes,1
roads,1
pong,1
put,1
inhabited,1
direction,1
spectacular,1
roberto,1
percentage,1
petrequin,1
simultaneous,1
sort,1
sciences,1
bles,1
read,1
instantly,1
kni,1
kluwer,1
mission,1
ring,1
inno,1
fluxing,1
differentiate,1
management,1
included,1
gtze,1
raise,1
unambig,1
foragers,1
shifting,1
speculations,1
kang,1
wright,1
unstratified,1
orientale,1
silk,1
largest,1
visitors,1
reports,1
begins,1
lined,1
controllable,1
predominate,1
wannian,1
disciplinary,1
faster,1
double,1
inference,1
fill,1
meshes,1
members,1
starting,1
extracted,1
westward,1
subregions,1
book,1
challenge,1
request,1
metallography,1
mark,1
klong,1
again,1
others,1
crucial,1
piled,1
similarly,1
specialisation,1
ask,1
nevada,1
rock,1
experienced,1
ricate,1
analytical,1
herbert,1
metalsmith,1
bracelets,1
incorporates,1
lengthy,1
longer,1
consideration,1
pennsyl,1
hollow,1
email,1
predominant,1
documents,1
abstract,1
loofs,1
archaeopress,1
lacks,1
layer,1
arisen,1
anthro,1
classical,1
vernon,1
splayed,1
diverse,1
nucleated,1
urbanized,1
prospects,1
debates,1
contemporary,1
identical,1
constructionist,1
diameter,1
bell,1
external,1
honor,1
devil,1
never,1
patterns,1
conclusions,1
reasonable,1
adjacent,1
everyday,1
centre,1
manner,1
derivation,1
accomplishing,1
developing,1
armaments,1
coercion,1
unclear,1
turbino,1
shown,1
strategies,1
forth,1
appraisal,1
containers,1
necessary,1
colony,1
plugs,1
couple,1
likeli,1
rounds,1
ascertaining,1
native,1
belief,1
adas,1
applying,1
ordinary,1
bearers,1
fundamentals,1
assemblage,1
chalcolithic,1
qinhai,1
gives,1
ticularly,1
outlines,1
tuyeres,1
thoroughly,1
chemical,1
agenda,1
civilized,1
nakhon,1
border,1
matrix,1
classes,1
richer,1
investment,1
extended,1
gordon,1
easier,1
bone,1
sacrifices,1
wailes,1
chronologies,1
directions,1
altimira,1
istituto,1
critiqued,1
trajectory,1
excavators,1
previously,1
hordes,1
depended,1
niuheliang,1
forested,1
doonan,1
complexities,1
medium,1
rmllerinium,1
nomad,1
entirely,1
bears,1
chureekamol,1
determining,1
force,1
emphasize,1
factor,1
reconstructing,1
vocabulary,1
technolog,1
harvard,1
questions,1
varia,1
recovery,1
engaged,1
nothing,1
continue,1
edinburgh,1
examination,1
frame,1
sees,1
lurgy,1
uruk,1
xijiang,1
involves,1
excava,1
publish,1
groove,1
accept,1
intraand,1
accessed,1
originated,1
authors,1
peripheral,1
language,1
obtaining,1
nuity,1
spearheads,1
unconnected,1
dominated,1
decorated,1
aberrant,1
amounts,1
workers,1
christopher,1
plains,1
allowed,1
characterized,1
reviewers,1
genetics,1
crushing,1
geographically,1
emails,1
features,1
curve,1
played,1
mines,1
serves,1
uni,1
stages,1
mountain,1
int,1
filled,1
configurations,1
attributing,1
joined,1
adequately,1
reuse,1
instruction,1
woodworking,1
millen,1
craftworkers,1
agri,1
spillage,1
internal,1
wissowa,1
methods,1
viewpoint,1
relation,1
fullest,1
interpretations,1
shallow,1
reaffirms,1
fab,1
expectations,1
torians,1
diffusionist,1
availability,1
concepts,1
conundrums,1
claiming,1
lothar,1
idiom,1
oversimplified,1
story,1
looked,1
impressed,1
institution,1
zhimin,1
positioning,1
tenuous,1
modifications,1
hope,1
minimally,1
adzes,1
guiding,1
posit,1
division,1
levy,1
transferring,1
rarity,1
increasing,1
ranging,1
implicitly,1
incongruous,1
consists,1
seasons,1
indication,1
suggestion,1
extraregional,1
cation,1
fueled,1
ann,1
emulation,1
abundance,1
resolving,1
today,1
grubbing,1
residual,1
processed,1
stream,1
addressing,1
thor,1
lum,1
impressive,1
program,1
tarim,1
hill,1
support,1
lines,1
florescence,1
sec,1
widespread,1
avenues,1
success,1
publi,1
concluding,1
nullennium,1
nickname,1
spriggs,1
chimney,1
suspending,1
returned,1
circumstance,1
anklets,1
inadequate,1
spade,1
supine,1
dynamism,1
traveled,1
life,1
nato,1
variably,1
strive,1
efficiency,1
unusual,1
existed,1
fall,1
achieve,1
ority,1
wheeler,1
permanency,1
stratified,1
composed,1
bypass,1
centres,1
instances,1
sandstone,1
aboriginal,1
proving,1
moniker,1
interpretive,1
cesses,1
resemble,1
investigate,1
joseph,1
woodlands,1
exchanged,1
wheeled,1
vastly,1
matters,1
detail,1
quantitatively,1
dissertation,1
differentiated,1
angkor,1
stimulates,1
regularly,1
reciprocal,1
neglected,1
contained,1
let,1
impurities,1
heavy,1
going,1
preventing,1
conclusion,1
vania,1
version,1
changing,1
intensification,1
homogeneity,1
incorporated,1
regulated,1
economically,1
inadvertent,1
endowed,1
theme,1
exposition,1
nated,1
offered,1
ignore,1
discrete,1
entry,1
costin,1
borrow,1
besides,1
lightweight,1
axe,1
doi,1
alworkers,1
earle,1
useful,1
phak,1
fftwucheng,1
minerals,1
set,1
der,1
weaponry,1
korean,1
know,1
acquired,1
technologists,1
defining,1
southward,1
lun,1
natural,1
continental,1
edsingol,1
hilts,1
sinitic,1
spearhead,1
extant,1
control,1
geological,1
reexamination,1
scythian,1
hammerstones,1
correspond,1
colonizing,1
expanding,1
global,1
removing,1
exploration,1
best,1
ubiquitous,1
collapsing,1
sent,1
samrong,1
awls,1
exhibition,1
chalcopyrite,1
entering,1
intro,1
linked,1
alloyed,1
hence,1
sukhothai,1
rely,1
written,1
benefit,1
reflected,1
factors,1
bones,1
explicitly,1
anomalous,1
innumerable,1
rriilleririium,1
pour,1
oliver,1
merely,1
turned,1
believed,1
alwork,1
helping,1
malaysia,1
according,1
meili,1
mongolian,1
fuller,1
exposing,1
answered,1
phenomenonstands,1
transfers,1
klang,1
muang,1
adults,1
kaolinite,1
namely,1
independently,1
pertinent,1
nearby,1
agricultural,1
seasonal,1
passed,1
axis,1
sounds,1
vigorously,1
adaptation,1
extent,1
fabricating,1
exposures,1
gical,1
chapter,1
prepare,1
crete,1
prestige,1
extract,1
studying,1
hypothesize,1
serie,1
yield,1
don,1
emphasis,1
blages,1
prevent,1
urban,1
contain,1
categories,1
art,1
bunk,1
progress,1
translated,1
anyang,1
marking,1
abundantly,1
head,1
bodies,1
emergent,1
interring,1
inserting,1
recognition,1
pits,1
reported,1
shi,1
complexes,1
republic,1
november,1
easy,1
variability,1
rampant,1
celt,1
ganjiang,1
administration,1
explication,1
simply,1
maschner,1
conventional,1
hybridization,1
commodities,1
filling,1
opportunistically,1
reconstruct,1
conti,1
evidenced,1
thorp,1
gain,1
terminal,1
sparked,1
tions,1
surapol,1
cassiterite,1
pair,1
prepared,1
analysts,1
ucl,1
come,1
examinations,1
indexhtml,1
ends,1
understandings,1
rnillennium,1
spacing,1
revolves,1
frontiers,1
cas,1
vitrification,1
initiated,1
travelling,1
exerted,1
temperature,1
strikingly,1
pierced,1
gists,1
refraction,1
prill,1
course,1
contributed,1
applicable,1
actively,1
microstructure,1
grown,1
define,1
enabling,1
usa,1
socially,1
peninsular,1
regime,1
willing,1
developmental,1
clearest,1
arti,1
forming,1
speak,1
ranged,1
installa,1
sulfide,1
maintaining,1
anonymous,1
observation,1
supported,1
territories,1
vessel,1
reusable,1
jealous,1
assumed,1
spilled,1
sen,1
clarify,1
regularity,1
consisted,1
supply,1
commodity,1
vary,1
chicago,1
rostovka,1
temperatures,1
vong,1
sharing,1
substantial,1
exclusively,1
kim,1
given,1
focus,1
herders,1
strong,1
kuhn,1
comparable,1
rush,1
observed,1
ofv,1
should,1
ferrous,1
meeting,1
doing,1
khai,1
ca,1
fur,1
inventories,1
elucidation,1
discern,1
retrospect,1
richly,1
assem,1
hypothesis,1
