WORDCOUNTS,WEIGHT
the,2863
of,1841
and,1611
in,1127
a,750
to,649
from,470
as,439
at,426
chalcolithic,372
are,327
that,308
with,308
for,295
is,285
sites,283
et,224
p,219
al,215
on,201
j,190
were,174
such,168
or,162
this,160
by,144
site,143
israel,142
other,139
early,134
e,133
some,130
southern,129
these,127
have,127
levy,127
evidence,122
neolithic,120
was,118
but,118
may,115
m,114
fig,114
t,112
be,111
an,109
also,108
jordan,106
wadi,106
world,105
late,104
abu,100
found,97
more,96
nahal,94
copper,94
production,93
springer,93
prehist,92
during,91
c,90
mortuary,87
excavations,86
university,86
tel,85
cave,85
pottery,83
gilat,81
not,80
there,79
d,79
northern,78
pp,76
been,76
material,75
shiqmim,73
although,71
r,70
ceramic,70
similar,69
levant,69
most,68
remains,68
basalt,67
negev,67
new,66
ghassul,64
archaeology,64
ritual,64
burial,63
period,63
stone,62
no,62
based,62
beersheva,61
where,61
one,60
s,60
g,60
which,60
bronze,60
dates,59
near,59
assemblages,59
press,59
large,58
than,58
i,58
y,57
antiquities,57
known,57
between,57
their,55
vessels,55
few,55
archaeological,55
those,54
de,54
has,53
millennium,52
limited,51
culture,51
region,51
well,50
den,50
many,49
small,48
rabah,48
used,47
studies,46
social,46
radiocarbon,46
suggests,46
valley,46
journal,45
b,45
age,45
bc,45
exploration,45
van,44
forms,44
include,44
recent,44
oriental,43
tell,42
olive,40
artifacts,40
indicate,40
ivory,40
american,39
earlier,39
burials,39
suggest,39
flint,39
brink,39
areas,38
golan,38
number,38
practices,37
associated,37
area,37
complex,36
into,36
bowls,36
along,36
coastal,36
settlement,36
contexts,35
secondary,35
possible,35
metal,35
prehistoric,35
research,35
annual,35
regional,35
only,35
series,35
later,34
n,34
tools,34
palestine,34
features,34
they,33
authority,33
grar,33
department,33
regions,33
ancient,33
it,32
mishmar,32
central,32
alon,32
goren,32
matar,32
schools,31
probably,31
society,31
over,31
both,31
through,31
h,30
east,30
two,30
gophna,30
goods,30
vessel,30
all,29
fourth,29
caves,29
international,29
rare,29
primarily,29
gilead,29
form,29
gopher,29
l,28
recovered,28
bir,28
use,28
typically,28
human,27
greater,27
cultural,27
figurines,27
made,27
qanah,27
specialized,27
represent,26
report,26
plain,26
we,26
reports,26
bar,26
time,26
assemblage,26
any,26
while,26
major,26
bp,25
first,25
eastern,25
possibly,25
including,25
common,24
within,24
data,24
manufactured,24
distribution,24
western,23
items,23
even,23
highlands,23
k,23
additional,23
further,23
survey,23
presence,23
preliminary,23
absence,23
perhaps,23
local,23
open,23
horvat,23
would,23
date,23
bulletin,23
materials,22
nature,22
lovell,22
ossuaries,22
egypt,22
structures,22
generally,22
yet,22
fifth,22
fragments,22
discovered,22
three,22
craft,22
earliest,22
different,22
institute,22
little,22
ghassulian,21
distinct,21
hoard,21
related,21
chronological,21
included,21
larger,21
patterns,21
archaeopress,21
joffe,21
our,21
manufacture,21
much,21
settlements,20
levels,20
jars,20
occupation,20
ceramics,20
change,20
f,20
land,20
mediterranean,20
very,20
animal,20
sinai,20
pi,20
north,20
o,19
excavation,19
rich,19
primary,19
sanctuary,19
suggested,19
part,19
perrot,19
reflect,19
several,19
finds,19
see,19
understanding,19
low,19
galilee,19
la,19
increasing,19
table,19
particularly,19
prehistory,19
should,19
history,18
phases,18
without,18
rowan,18
subsistence,18
changes,18
objects,18
could,18
faunal,18
least,18
pedestalled,18
study,18
kissufim,18
examples,18
bourke,18
analysis,18
unknown,18
metals,18
tabular,18
fenestrated,17
frequencies,17
pig,17
apparently,17
organization,17
aspects,17
tool,17
long,17
ground,17
general,17
tsuk,17
subterranean,17
smaller,17
surveys,17
judean,16
season,16
relatively,16
support,16
w,16
shoham,16
storage,16
holy,16
periods,16
variety,16
located,16
about,16
aviv,16
grave,16
another,16
high,16
domestic,16
pits,16
leicester,16
tulaylat,16
ore,15
sources,15
exotic,15
includes,15
en,15
mitekufat,15
clearly,15
upper,15
radiometric,15
anthropology,15
its,15
sea,15
phase,15
activities,15
populations,15
scholars,15
v,15
frequency,15
significant,15
dating,15
widely,15
teleilat,15
often,15
when,15
whether,15
despite,15
increased,15
gold,15
if,14
village,14
either,14
bones,14
figs,14
implications,14
indicates,14
rather,14
absent,14
arid,14
painted,14
though,14
produced,14
documented,14
around,14
architecture,14
identified,14
bowl,14
chronology,14
iaa,14
same,14
noted,14
ossuary,14
wheel,14
can,14
relative,14
faynan,14
best,14
cultivation,14
holocene,14
middle,14
difficult,13
lower,13
investigations,13
less,13
system,13
point,13
collapse,13
blades,13
origins,13
exploitation,13
had,13
term,13
appears,13
status,13
published,13
others,13
present,13
practice,13
predynastic,13
desert,13
symbolic,13
diversity,13
equinox,13
jericho,13
beads,13
relationship,13
dead,13
control,13
wall,13
unique,13
des,13
multiple,13
transition,13
oil,13
association,13
hamid,13
final,12
limestone,12
concentrated,12
available,12
side,12
architectural,12
levantine,12
rosen,12
recognized,12
scrapers,12
population,12
beyond,12
appear,12
salvage,12
people,12
interpreted,12
using,12
will,12
gaza,12
gedi,12
single,12
continuity,12
stones,12
addition,12
lack,12
outside,12
exhibit,12
increase,12
structure,12
note,12
provide,12
types,12
seem,12
economy,12
agricultural,12
among,12
technological,12
shalev,12
does,11
now,11
seems,11
individuals,11
products,11
just,11
ebi,11
petrographic,11
z,11
served,11
poorly,11
higher,11
across,11
fabian,11
dated,11
frequently,11
commonly,11
lithic,11
important,11
societies,11
typical,11
out,11
recently,11
cornets,11
cambridge,11
because,11
field,11
climate,11
majority,11
notes,11
south,11
jar,11
farming,11
end,11
golden,11
unclear,11
discovery,11
biblical,11
like,11
function,11
latter,11
figurine,11
considered,11
specialization,11
argue,11
evident,11
beginning,11
what,11
size,11
techniques,11
wild,11
building,11
bce,11
red,10
context,10
key,10
beth,10
review,10
ladiray,10
development,10
walls,10
communities,10
elaborate,10
academic,10
possibility,10
blade,10
example,10
villages,10
up,10
reliance,10
diverse,10
remain,10
besor,10
elite,10
largely,10
virtually,10
dimensions,10
construction,10
environment,10
supported,10
perforated,10
rainfall,10
metallurgy,10
phd,10
particular,10
egyptian,10
built,10
chalk,9
created,9
originating,9
burton,9
fragment,9
sickle,9
might,9
similarities,9
con,9
epstein,9
exposed,9
cemeteries,9
since,9
elements,9
seal,9
dessel,9
animals,9
wares,9
chipped,9
pigs,9
du,9
casting,9
kafafi,9
knowledge,9
apparent,9
coupled,9
contrast,9
commenge,9
comets,9
thought,9
under,9
perspectives,9
climatic,9
au,9
motifs,9
arsenic,9
accepted,9
distance,9
conditions,9
clear,9
decorated,9
after,9
beter,9
become,9
scheftelowitz,9
ranging,9
who,9
unusual,9
olives,9
dissertation,9
anthropomorphic,9
ppnb,9
hula,9
extensive,9
cemetery,9
finished,9
level,9
extending,9
role,9
manufacturing,9
argues,9
similarity,9
interaction,9
environmental,8
geometric,8
ben,8
overall,8
last,8
recorded,8
far,8
representing,8
grigson,8
pillar,8
thus,8
throughout,8
component,8
attested,8
treasure,8
ha,8
traditions,8
jerusalem,8
reflects,8
derived,8
oren,8
discoveries,8
shell,8
too,8
steatite,8
surface,8
view,8
source,8
mayer,8
tombs,8
place,8
broad,8
project,8
artifact,8
good,8
excavated,8
workshops,8
various,8
economic,8
poor,8
metallurgical,8
rectangular,8
identification,8
increasingly,8
sahab,8
smith,8
fact,8
head,8
qatifian,8
simple,8
years,8
trade,8
so,8
noy,8
problems,8
continued,8
shells,8
maceheads,8
neve,8
then,8
continues,8
set,8
sheep,8
stratigraphic,8
notable,8
circles,8
them,8
cult,8
tall,8
until,8
numerous,8
specialists,8
roughly,8
debate,8
dental,8
resources,8
problem,7
entities,7
conducted,7
second,7
finely,7
evolution,7
suggesting,7
differences,7
analyses,7
room,7
case,7
occasional,7
sophisticated,7
reflecting,7
centralized,7
typological,7
pit,7
mm,7
smelting,7
interim,7
buried,7
civilization,7
how,7
landscape,7
understand,7
varying,7
locally,7
established,7
numbers,7
four,7
delta,7
resource,7
submerged,7
indications,7
appearance,7
access,7
millenaire,7
posited,7
azor,7
highlight,7
shugar,7
kfar,7
below,7
reliable,7
visible,7
cattle,7
carmel,7
he,7
likely,7
nearly,7
still,7
above,7
religious,7
technology,7
castings,7
strata,7
rings,7
decorative,7
pattern,7
do,7
rollefson,7
mallon,7
previously,7
continue,7
grinding,7
individual,7
characterized,7
exchange,7
interpretations,7
sometimes,7
hill,7
referred,7
millennia,7
pis,7
anthropological,7
complexity,7
habitation,7
each,7
cultures,7
pella,7
type,7
according,7
ghazal,7
information,7
quantities,7
blages,7
courtyards,7
come,7
differentiation,7
parallels,7
extremely,7
specific,7
km,7
hills,7
element,7
death,7
assem,7
intricate,6
estimated,6
indicated,6
stands,6
distributed,6
adapted,6
avant,6
preceding,6
originally,6
ii,6
mudbrick,6
shaped,6
composition,6
hunting,6
subsequent,6
stand,6
political,6
somewhat,6
british,6
shean,6
miniature,6
x,6
indicating,6
macehead,6
interments,6
against,6
ability,6
amount,6
stratum,6
main,6
teluliot,6
debated,6
basic,6
eight,6
certain,6
distant,6
consider,6
churns,6
intensive,6
kislev,6
iconography,6
result,6
concentration,6
basin,6
rooms,6
isotope,6
initial,6
placed,6
shape,6
none,6
future,6
zoomorphic,6
kuijt,6
presented,6
buildings,6
bone,6
highly,6
reported,6
yielded,6
led,6
female,6
intensively,6
structural,6
picture,6
representation,6
pastoralism,6
state,6
doubt,6
besorian,6
establish,6
belief,6
degree,6
range,6
complicated,6
comprehensive,6
iconographic,6
publication,6
dominated,6
plant,6
standard,6
especially,6
internal,6
narrow,6
tsaf,6
rise,6
usually,6
begin,6
clays,6
sequences,6
contained,6
sherds,6
stamp,6
connection,6
bedrock,6
cal,6
selected,6
supports,6
churn,6
ramot,6
nile,6
define,6
defined,6
shift,6
potential,6
distinctions,6
chicago,6
create,6
zones,6
groups,5
imported,5
extend,5
uplands,5
vaux,5
group,5
expression,5
sheffield,5
necessarily,5
before,5
archae,5
controlled,5
repertoire,5
nawamis,5
sub,5
actual,5
height,5
studied,5
demographic,5
monograph,5
vegetation,5
agriculture,5
prove,5
fine,5
household,5
extramural,5
exist,5
linked,5
beersheba,5
immediate,5
unpublished,5
clay,5
relations,5
rites,5
encyclopedia,5
dis,5
cases,5
perspective,5
back,5
difficulty,5
young,5
gal,5
sadeh,5
proceedings,5
safadi,5
approaches,5
peeters,5
importance,5
scraper,5
pathologies,5
black,5
reason,5
foothills,5
presumably,5
proposed,5
record,5
northeastern,5
munhata,5
hof,5
providing,5
occurred,5
beit,5
base,5
prestige,5
braun,5
neighboring,5
shemen,5
leonard,5
viewed,5
scale,5
chal,5
wide,5
obsidian,5
assawir,5
issues,5
falling,5
cluster,5
box,5
le,5
quite,5
consensus,5
industry,5
decline,5
attached,5
results,5
lod,5
ware,5
fidan,5
tulayl,5
light,5
complete,5
largest,5
already,5
functioned,5
chums,5
technique,5
power,5
flat,5
cultivated,5
decor,5
fundamental,5
discussed,5
natufian,5
centre,5
underscores,5
origin,5
spe,5
discussion,5
upon,5
skeletal,5
entirely,5
sequence,5
questions,5
examination,5
torpedo,5
points,5
feature,5
stages,5
relation,5
pro,5
occupied,5
rarity,5
five,5
pithoi,5
regionalism,5
existed,5
sections,5
variable,5
roux,5
incised,5
complexes,5
school,5
natural,5
museum,5
paper,5
turmus,5
deposited,5
laa,5
milk,5
utilized,5
antimony,5
coast,5
logical,5
seasonal,5
map,5
karstic,5
jordanian,5
trees,5
preserved,5
given,5
variability,5
ram,5
ein,5
terminal,5
protohistoric,5
ores,5
integration,5
attributes,5
oxbow,5
third,5
comparison,5
umm,5
elites,5
classes,5
substantial,5
focus,5
monographs,5
bene,5
sixth,5
situated,4
timnian,4
kluwer,4
der,4
abandonment,4
statuette,4
correlation,4
meaning,4
revue,4
functional,4
fouilles,4
intriguing,4
foraging,4
caches,4
notably,4
originate,4
pendants,4
ways,4
flows,4
ebia,4
disagreement,4
derives,4
attempts,4
elusive,4
aforementioned,4
affinities,4
tradition,4
canaan,4
highland,4
closer,4
religion,4
inland,4
henry,4
synthetic,4
tadmor,4
pl,4
hippopotamus,4
haifa,4
activity,4
dynastic,4
community,4
variations,4
yarmukian,4
carved,4
mat,4
economies,4
par,4
goblets,4
ranked,4
oranim,4
differential,4
past,4
highlighting,4
drainage,4
old,4
concerning,4
six,4
yannai,4
chalcolithique,4
deeply,4
kenyon,4
seventh,4
links,4
developed,4
burnished,4
proximity,4
ex,4
domestication,4
chalco,4
producers,4
impact,4
house,4
argued,4
show,4
terminology,4
flakes,4
pleistocene,4
whereas,4
chretienne,4
pastoral,4
lead,4
plateau,4
conflict,4
sedentary,4
cores,4
pre,4
memory,4
exca,4
pollen,4
required,4
rectilinear,4
impression,4
residue,4
line,4
revealed,4
khirbet,4
colithic,4
locus,4
palettes,4
lined,4
work,4
zohary,4
hennessy,4
systematic,4
statuettes,4
bab,4
attributed,4
segal,4
moorey,4
working,4
order,4
involved,4
underscore,4
characteristics,4
hor,4
value,4
macdonald,4
und,4
underground,4
minor,4
summarize,4
short,4
expansion,4
intended,4
indication,4
fruit,4
exception,4
object,4
standardization,4
attempt,4
slag,4
contenson,4
oriente,4
pointed,4
make,4
esse,4
interrelations,4
vicinity,4
corpus,4
ussishkin,4
interpretation,4
serve,4
dan,4
insights,4
begins,4
fan,4
funerary,4
decoration,4
renewed,4
rock,4
water,4
humidity,4
efforts,4
husbandry,4
zeist,4
maadi,4
plan,4
attempting,4
shallow,4
contemporary,4
considerable,4
pennsylvania,4
took,4
model,4
purposes,4
strategies,4
laden,4
schick,4
halif,4
valleys,4
investigated,4
piece,4
archaeo,4
treated,4
explanation,4
lake,4
holemouth,4
samples,4
shephelah,4
processes,4
connected,4
observed,4
gezer,4
stelae,4
faces,4
times,4
cache,4
played,4
mines,4
antiquity,4
preservation,4
provides,4
never,4
skull,4
esh,4
systems,4
methods,4
chiefdoms,4
situ,4
usa,4
slightly,4
versus,4
herding,4
anatolia,4
propose,4
brown,4
species,4
covered,4
depth,4
tulayha,4
today,4
impressive,4
pieces,4
spindle,4
detailed,4
life,4
enamel,4
hierarchical,4
heavy,4
demonstrate,4
precise,4
recognizable,4
les,4
country,4
cm,4
tomb,4
assumed,4
ubiquitous,4
half,4
ziqlab,4
current,4
domesticated,4
wood,4
distinctive,4
living,4
tunnels,4
hint,4
center,4
terms,4
zehora,4
plants,4
require,4
almost,4
paintings,4
beer,4
became,4
aspect,4
layers,4
locations,4
lands,4
twentieth,4
batashi,4
requires,4
deposits,4
quaternary,4
occur,4
resolve,3
halafian,3
heights,3
per,3
reflection,3
aceramic,3
ample,3
essays,3
reassessment,3
shan,3
handles,3
true,3
easily,3
modern,3
naqada,3
vere,3
acceptance,3
unlike,3
analecta,3
exceptions,3
zeita,3
synthesis,3
sharvit,3
fluctuations,3
congress,3
being,3
cast,3
transitions,3
certainly,3
handle,3
kraters,3
allow,3
recovery,3
furnace,3
definition,3
leading,3
indeed,3
location,3
qatif,3
potentially,3
fruits,3
disappearance,3
deutschen,3
reveal,3
renfrew,3
styles,3
ash,3
hadashot,3
el,3
designs,3
nomadic,3
issue,3
baumgarten,3
reconstruction,3
college,3
autonomous,3
bird,3
continuum,3
nose,3
iv,3
great,3
determined,3
hammond,3
establishing,3
functions,3
west,3
interior,3
introduction,3
localized,3
corresponding,3
piedmont,3
goddess,3
severe,3
mellaart,3
regarded,3
basal,3
mixed,3
media,3
sample,3
century,3
secreted,3
estimates,3
innovation,3
netofa,3
soreq,3
morphology,3
estimate,3
thin,3
networks,3
terrace,3
applique,3
leadership,3
hewn,3
han,3
cobbles,3
via,3
enclosed,3
his,3
intraregional,3
hebrew,3
violence,3
process,3
represented,3
namdar,3
curvilinear,3
parts,3
special,3
white,3
pal,3
factors,3
courty,3
altar,3
means,3
tusk,3
vations,3
greenberg,3
roshwalb,3
traces,3
plaster,3
sekher,3
amman,3
porat,3
superior,3
hesse,3
followed,3
stark,3
intentional,3
ketef,3
permanent,3
spouted,3
miroschedji,3
organic,3
begun,3
attrition,3
cialized,3
shuna,3
zone,3
luxury,3
configuration,3
emerge,3
spinning,3
discs,3
equally,3
standardized,3
focused,3
block,3
circular,3
amiran,3
moore,3
cannot,3
determinations,3
expedient,3
mace,3
method,3
wolff,3
syria,3
directly,3
network,3
basis,3
distinguish,3
closed,3
literature,3
significantly,3
bladelet,3
partly,3
plastered,3
beginnings,3
irbid,3
surrounding,3
complemented,3
ann,3
connections,3
organized,3
indicator,3
palestinienne,3
ological,3
specifically,3
transport,3
wider,3
components,3
brought,3
alluvial,3
boundaries,3
philip,3
goat,3
hematite,3
motif,3
provided,3
lovaniensia,3
valuable,3
palestinian,3
subsequently,3
portugali,3
critical,3
quarry,3
pilgrimage,3
exploring,3
habil,3
barley,3
dentalium,3
initially,3
paint,3
containing,3
hadidi,3
pastoralists,3
contributing,3
relied,3
donkey,3
represents,3
us,3
falls,3
shifting,3
eisenberg,3
prehistoire,3
honour,3
dothan,3
useful,3
lee,3
humid,3
inhabitants,3
fell,3
tlements,3
hearths,3
givat,3
identifying,3
blocks,3
together,3
anthro,3
fashion,3
likelihood,3
iii,3
increases,3
clusters,3
ur,3
archaeobotanical,3
bead,3
non,3
containers,3
deep,3
chronologically,3
style,3
male,3
explicitly,3
archaeometallurgical,3
disease,3
link,3
necked,3
formal,3
seen,3
pulses,3
clustered,3
warrior,3
findings,3
broadroom,3
operated,3
factor,3
pack,3
places,3
significance,3
transformation,3
accessed,3
modem,3
stress,3
roof,3
kataret,3
plains,3
divisions,3
variant,3
crucibles,3
spread,3
direct,3
skulls,3
mount,3
dry,3
hopf,3
courtyard,3
byblos,3
dans,3
contact,3
locales,3
adzes,3
fostered,3
megiddo,3
rift,3
carried,3
richest,3
moister,3
practitioners,3
lodian,3
fewer,3
plastic,3
widespread,3
health,3
off,3
deposit,3
relevant,3
why,3
diagnostic,3
fall,3
stratified,3
rim,3
thick,3
burned,3
fertility,3
pres,3
practised,3
growing,3
reviewing,3
changing,3
measurements,3
geographic,3
chalcohthic,3
nutritional,3
temporal,3
pontifical,3
temple,3
meat,3
equipment,3
earle,3
orientalia,3
know,3
vegetational,3
leaders,3
foundation,3
historical,3
texas,3
drop,3
horns,3
investigation,3
seals,3
spatial,3
soundings,3
making,3
contrasting,3
adaptation,3
garfinkel,3
exposures,3
her,3
utilitarian,3
contain,3
art,3
researchers,3
recognizing,3
must,3
introduced,3
plans,3
traditional,3
dor,3
writing,3
paleorient,3
ultimately,3
models,3
observations,3
frame,3
chemical,3
mode,3
consumption,3
constructed,3
nomadism,3
summary,3
modeling,3
kempinski,3
dark,3
views,3
exclusively,3
jerash,3
divergent,3
abandoned,3
immediately,3
strong,3
termed,3
close,3
arizona,3
thorough,3
frequent,2
books,2
currently,2
rate,2
tubs,2
specializa,2
limits,2
calibrated,2
way,2
conflicting,2
facade,2
reevaluate,2
widening,2
shrines,2
considerably,2
frankel,2
galili,2
summarizing,2
achievements,2
ive,2
cire,2
identify,2
tend,2
ain,2
arrowheads,2
word,2
constitutes,2
tlaili,2
globular,2
bifacial,2
completely,2
jonathan,2
rear,2
driftwood,2
exterior,2
douglass,2
conical,2
former,2
contention,2
hair,2
position,2
inequality,2
corroborates,2
adon,2
annals,2
predominantly,2
har,2
round,2
highlighted,2
anything,2
synonymous,2
upland,2
explaining,2
wool,2
extraction,2
creation,2
cist,2
retouched,2
concerned,2
give,2
taken,2
praxis,2
rapid,2
palynological,2
fragmentary,2
lppnb,2
experiments,2
reevaluation,2
confirmed,2
dramatically,2
zeitschrift,2
sculpted,2
oblong,2
sealant,2
arabah,2
maya,2
broadly,2
broken,2
desire,2
reasons,2
farmers,2
tristant,2
narrative,2
ephemeral,2
displays,2
sargon,2
reed,2
stekelis,2
zaitschek,2
promontory,2
cnrs,2
damage,2
basins,2
consist,2
written,2
floral,2
influences,2
raised,2
staff,2
ambiguous,2
signs,2
weighing,2
ad,2
producing,2
debitage,2
cut,2
wetter,2
palmahim,2
ivoire,2
weaving,2
baird,2
dearth,2
existence,2
civilizations,2
sieving,2
verlag,2
cotiere,2
paved,2
thrown,2
reanalysis,2
design,2
egyptians,2
northeast,2
marked,2
qatafa,2
paucity,2
characterize,2
etc,2
solely,2
insight,2
obvious,2
premature,2
combination,2
uses,2
ghassoulien,2
establishment,2
quantity,2
overlooking,2
cists,2
mountains,2
decreasing,2
facial,2
receptacles,2
prevented,2
behavior,2
mid,2
debris,2
ice,2
lon,2
contacts,2
relationships,2
cortical,2
urbanism,2
influx,2
campbell,2
drastic,2
dynamics,2
due,2
elongate,2
hierarchy,2
beliefs,2
perfo,2
synthesize,2
occurs,2
friedman,2
grouped,2
jr,2
overt,2
preparation,2
cohen,2
transitional,2
rank,2
developments,2
better,2
cultic,2
david,2
quibell,2
smelted,2
convincing,2
body,2
hypoplasia,2
allowing,2
attests,2
compared,2
left,2
schematic,2
pure,2
price,2
whorls,2
arab,2
percentage,2
details,2
recherches,2
climates,2
genz,2
footed,2
influence,2
biran,2
archaeometallurgy,2
industries,2
typified,2
electrum,2
lesser,2
affiliations,2
transhumance,2
topic,2
rasm,2
tombes,2
upright,2
incidence,2
excavators,2
blanks,2
determining,2
probability,2
eocene,2
leave,2
symbols,2
jafr,2
summarized,2
productive,2
von,2
chum,2
defleshing,2
torso,2
figures,2
wash,2
nor,2
finer,2
buto,2
facilitated,2
azerbaijan,2
dendroarchaeological,2
plough,2
river,2
statistical,2
sphere,2
elsewhere,2
dominate,2
weak,2
emmer,2
koeppel,2
follow,2
goats,2
modeled,2
toulouse,2
strategy,2
undermines,2
management,2
publishing,2
charcoal,2
irrigation,2
ranges,2
raw,2
processing,2
yielding,2
skewed,2
yarmoukian,2
closely,2
recog,2
einkorn,2
public,2
demise,2
called,2
inclusion,2
discrete,2
mapping,2
ambiguity,2
emerging,2
outcrops,2
temples,2
arboreal,2
mezad,2
relate,2
chisels,2
correlates,2
representative,2
inter,2
pastoralist,2
density,2
cups,2
topics,2
understood,2
ossuaires,2
metalworking,2
applied,2
california,2
whitcher,2
fish,2
wealth,2
bitumen,2
nevallat,2
shamanism,2
chips,2
facilities,2
bow,2
flaked,2
yoffee,2
paleopathology,2
stations,2
crushed,2
formerly,2
sickles,2
received,2
berak,2
sug,2
europaea,2
ingots,2
concept,2
prominent,2
horwitz,2
london,2
drew,2
sharon,2
badarian,2
indigenous,2
sydney,2
positions,2
ascertain,2
paleoenvironments,2
describe,2
database,2
discussions,2
horn,2
obscured,2
gebauer,2
naplouse,2
rescue,2
constitute,2
fruitful,2
rituals,2
campagne,2
somewhere,2
scope,2
subdivide,2
employed,2
ceremony,2
southerly,2
hauptmann,2
predominance,2
buff,2
trends,2
lithics,2
menachem,2
towards,2
manipulation,2
eccentric,2
agriculturally,2
snesleh,2
gisements,2
creating,2
interregional,2
painting,2
caused,2
ago,2
manasseh,2
distances,2
shaping,2
drier,2
chiefs,2
gebel,2
khazanov,2
homogenous,2
badari,2
ppn,2
repeated,2
attention,2
sufficient,2
mineral,2
concerns,2
neuville,2
floating,2
lug,2
dramatic,2
niches,2
portions,2
latest,2
goblet,2
impossible,2
samarian,2
core,2
st,2
helene,2
hulled,2
hayden,2
kra,2
porath,2
samir,2
provenance,2
samaria,2
geographical,2
dietary,2
unfinished,2
yekutieli,2
prevalence,2
ferences,2
highlights,2
situation,2
ramifications,2
groundstone,2
aardsma,2
indicative,2
gradual,2
service,2
quantified,2
toward,2
legumes,2
brief,2
dawn,2
concern,2
stratigraphy,2
suggestion,2
dwellings,2
veins,2
standing,2
skews,2
atop,2
nubia,2
meser,2
blackham,2
indus,2
adeimah,2
contribute,2
makes,2
bet,2
marginal,2
vsf,2
soon,2
array,2
exposure,2
cylindrical,2
boundary,2
index,2
perceived,2
hands,2
ams,2
enigmatic,2
performed,2
ideology,2
underscoring,2
encampments,2
flake,2
williams,2
silos,2
resemblance,2
considers,2
estine,2
resolution,2
underscored,2
unreliable,2
skill,2
provenience,2
neef,2
september,2
projects,2
tance,2
shows,2
longer,2
idea,2
treatment,2
occurrence,2
meadow,2
striking,2
huleh,2
nov,2
appeared,2
abstract,2
harbush,2
disturbed,2
layer,2
resolved,2
away,2
snail,2
superstructure,2
ages,2
adjacent,2
posit,2
operating,2
ras,2
square,2
road,2
essentially,2
shalem,2
coarse,2
heavily,2
council,2
teeth,2
children,2
cul,2
coined,2
ticularly,2
dots,2
regionally,2
bullae,2
identifiable,2
original,2
slingstones,2
heltzer,2
meetings,2
arkheologiyot,2
greatest,2
restricted,2
considering,2
background,2
massada,2
originated,2
chronologies,2
renders,2
active,2
jabotinsky,2
strongest,2
birds,2
encouraged,2
reburial,2
facades,2
food,2
refers,2
dolmens,2
causes,2
eldar,2
band,2
ideas,2
resulting,2
trend,2
hoc,2
laboratory,2
poterie,2
national,2
described,2
perforations,2
versions,2
ties,2
historic,2
authors,2
incisions,2
lady,2
precipitation,2
interpret,2
tokens,2
held,2
chesson,2
countries,2
administrative,2
kept,2
stern,2
adequately,2
procurement,2
graves,2
leaves,2
mining,2
parallel,2
sigma,2
eba,2
precinct,2
greatly,2
beachrock,2
attendant,2
marine,2
james,2
nized,2
researches,2
differ,2
equivalent,2
liphschitz,2
workshop,2
dryas,2
cereals,2
paleoclimate,2
palette,2
space,2
bottema,2
cereal,2
kaplan,2
golani,2
states,2
iraq,2
abundance,2
irregular,2
sealed,2
fairly,2
consid,2
terranean,2
bulk,2
foreign,2
suggestive,2
contraction,2
inside,2
insufficient,2
ard,2
becomes,2
exceptional,2
eitam,2
collections,2
began,2
overlap,2
hahoresh,2
distinction,2
inadequate,2
covering,2
eyes,2
linking,2
displaying,2
es,2
inspired,2
responsible,2
efficiency,2
formation,2
breasts,2
tub,2
supporting,2
sandstone,2
problematic,2
phytolith,2
floor,2
communal,2
door,2
recognizably,2
detail,2
goldberg,2
bench,2
differentiated,2
rarely,2
marks,2
cem,2
intensification,2
incorporated,2
francos,2
adhesive,2
monuments,2
grazing,2
freshwater,2
disastrous,2
here,2
alternative,2
speleothems,2
shamans,2
najjar,2
dwelling,2
dimension,2
paldstina,2
sizes,2
innovations,2
did,2
kerak,2
gazelle,2
emergence,2
paleoclimatic,2
ideological,2
exploiting,2
altered,2
handmade,2
basket,2
exhibits,2
speculation,2
houses,2
gas,2
benefit,2
eponymous,2
correlated,2
shipton,2
bands,2
edge,2
biological,2
following,2
hardness,2
virtual,2
delineated,2
avner,2
references,2
attitudes,2
perdue,2
theory,2
leidorf,2
consisting,2
foundations,2
weights,2
lehmann,2
prismatic,2
secure,2
u,2
pers,2
isotopic,2
hundreds,2
categories,2
conference,2
socioeconomic,2
paleoclimates,2
outline,2
occasionally,2
careful,2
recognition,2
inspiration,2
refinement,2
wire,2
subcultures,2
rabinovich,2
ecology,2
investment,2
disappears,2
measure,2
matches,2
lump,2
reconstruct,2
arguments,2
thesis,2
barkai,2
sheva,2
varied,2
tions,2
precision,2
contrasts,2
diagram,2
question,2
ibrahim,2
turkey,2
commercial,2
crucible,2
disposal,2
rothenberg,2
intensified,2
advent,2
farah,2
iden,2
profiles,2
offer,2
approximately,2
instead,2
grown,2
need,2
green,2
values,2
spectrometry,2
northover,2
derive,2
attempted,2
typology,2
orga,2
needs,2
tified,2
drying,2
chambers,2
analogous,2
necropolis,2
furnaces,2
sits,2
digging,2
entire,2
supplementary,2
duction,2
herders,2
feinan,2
dif,2
unequivocal,2
orelle,2
cited,2
discern,2
richly,2
hypothesis,2
sa,1
scoring,1
woven,1
tainter,1
dynamic,1
dayyeh,1
scepter,1
ghwair,1
tulyalat,1
archives,1
antiquites,1
qidron,1
transjordanian,1
horticultural,1
formations,1
done,1
exercise,1
moshe,1
huderah,1
adulthood,1
page,1
hallmarks,1
mirrors,1
ofhanita,1
polish,1
horizontal,1
horror,1
avoiding,1
implying,1
stylistic,1
productions,1
pomorphic,1
preted,1
altamira,1
dug,1
corporate,1
underwater,1
isotopes,1
ments,1
indistinct,1
nasrallah,1
degraded,1
truth,1
pale,1
decades,1
methodik,1
byzantine,1
reconsidered,1
protestant,1
expedition,1
accords,1
lefson,1
ivories,1
ending,1
chevron,1
repre,1
determine,1
lentil,1
branches,1
tavor,1
combine,1
nilotic,1
memoire,1
amphoriskos,1
eretz,1
string,1
pendent,1
contradicts,1
pools,1
disc,1
mouth,1
trations,1
forcing,1
elaborately,1
becoming,1
needed,1
hot,1
worship,1
confidence,1
san,1
star,1
tournette,1
hosted,1
fed,1
trobe,1
conserved,1
misuse,1
manufac,1
enhance,1
megalithique,1
sought,1
precede,1
incorporating,1
diversification,1
referring,1
ihre,1
peas,1
asserted,1
carnivorous,1
units,1
evocative,1
rounded,1
item,1
bias,1
contend,1
mit,1
hatzerim,1
notched,1
microliths,1
favor,1
josien,1
predating,1
prehminary,1
trace,1
radiographic,1
peripherie,1
kerner,1
ceremonial,1
getzov,1
reciprocal,1
classify,1
transhumant,1
harsh,1
laid,1
stan,1
pasture,1
refurbished,1
variants,1
total,1
eastward,1
benei,1
interpersonal,1
ethnoarchaeological,1
expressed,1
madaba,1
promote,1
palmachim,1
plenum,1
glazier,1
contested,1
beispiel,1
track,1
migration,1
abou,1
cooke,1
nof,1
unventilated,1
flared,1
detected,1
nouvel,1
offering,1
typologically,1
etery,1
epiphyses,1
signal,1
agitated,1
bahn,1
fluidity,1
hints,1
northward,1
journeys,1
archeopress,1
saf,1
test,1
peaked,1
file,1
gesting,1
said,1
skimmed,1
notre,1
anthropogenic,1
consistent,1
fabric,1
dipartimento,1
sance,1
aside,1
complements,1
bertelsmann,1
permanence,1
australia,1
undermine,1
capability,1
krzyzaniak,1
expertise,1
shamra,1
tantalizing,1
constituting,1
walnut,1
avenues,1
extractions,1
distribu,1
distinguishing,1
nonexistent,1
acknowledgments,1
exaggerated,1
raphy,1
culturally,1
ears,1
progression,1
humans,1
worked,1
bernard,1
mittmann,1
prestigious,1
unexpectedly,1
eden,1
harra,1
antiq,1
transmission,1
detritus,1
loom,1
layout,1
merhav,1
delineation,1
able,1
kiado,1
reach,1
oval,1
explora,1
interred,1
quick,1
sup,1
crops,1
belong,1
assertion,1
warm,1
accompanied,1
featuring,1
township,1
convert,1
display,1
chambardia,1
confusion,1
dispersion,1
tooth,1
piccirillo,1
confirming,1
normative,1
appendix,1
typologique,1
dunand,1
kolska,1
inherent,1
substantive,1
mandibles,1
farther,1
brick,1
tribute,1
uncovered,1
tulyalut,1
borers,1
harrassowitz,1
holl,1
risk,1
nevertheless,1
help,1
sumes,1
integrate,1
designated,1
roosevelt,1
sahara,1
confers,1
serabit,1
ariel,1
stopper,1
relocation,1
chically,1
morphic,1
separated,1
clarke,1
erations,1
loci,1
say,1
zu,1
ghazzeh,1
emphasized,1
precisely,1
dii,1
lisan,1
tv,1
bladelets,1
robert,1
displayed,1
reminiscent,1
uequipe,1
platforms,1
kochav,1
gibson,1
declines,1
quintero,1
behind,1
swat,1
planetary,1
dissolved,1
colluvial,1
extreme,1
papers,1
imprecise,1
akin,1
craftsperson,1
pa,1
shunah,1
ltd,1
dome,1
coining,1
chalkolithikum,1
botanical,1
projectile,1
edges,1
ossu,1
linear,1
gaps,1
intrusive,1
assertions,1
souterrains,1
overstatement,1
cifically,1
zoogeographical,1
celts,1
bases,1
mass,1
facts,1
incorporate,1
nessed,1
draw,1
hall,1
originates,1
carbohydrate,1
nection,1
bivalves,1
stepped,1
zur,1
typify,1
thousands,1
uneven,1
radiocar,1
lends,1
perimeter,1
fitting,1
implies,1
omissions,1
ered,1
associ,1
natufians,1
condition,1
burning,1
wealthier,1
pinnock,1
evan,1
differen,1
terminus,1
plaque,1
fluctuation,1
rockman,1
ramon,1
eleven,1
kabri,1
wilkinson,1
vital,1
uninvolved,1
measuring,1
concen,1
emergency,1
occurring,1
fication,1
pathans,1
except,1
ations,1
privileged,1
corre,1
vated,1
fur,1
desirable,1
die,1
embodiment,1
monu,1
istics,1
awls,1
intraand,1
akademiai,1
armelagos,1
awaits,1
kinor,1
minimum,1
longstanding,1
identifies,1
melting,1
cere,1
fossile,1
tional,1
collection,1
attract,1
maisonneuve,1
pollock,1
complicating,1
di,1
workrooms,1
surplus,1
mentarity,1
labor,1
relies,1
regarding,1
weakens,1
goal,1
technologically,1
spaces,1
nort,1
pounding,1
retaining,1
thuesen,1
deserving,1
proved,1
unevenly,1
quercus,1
punctured,1
stratigraphically,1
hampered,1
affiliation,1
dependence,1
mundane,1
southwestern,1
draught,1
mine,1
methuen,1
attest,1
quality,1
comitant,1
depressions,1
pilot,1
baruch,1
constantly,1
sustain,1
simmons,1
cialization,1
amounts,1
tables,1
neighbors,1
aus,1
terraces,1
lb,1
cramped,1
corner,1
uppermost,1
divine,1
interest,1
cautions,1
ovicaprines,1
recording,1
arable,1
characteristic,1
stierskulptur,1
cauvin,1
moment,1
accidentally,1
portray,1
heterogeneity,1
asherat,1
zeraqon,1
revolution,1
ergebnisse,1
ahituv,1
statues,1
dozen,1
franciscan,1
assessment,1
interchangeably,1
wadis,1
butzer,1
tripartite,1
extensively,1
synchronisms,1
awl,1
dence,1
spans,1
sudlichen,1
worn,1
ai,1
slabs,1
priority,1
turn,1
undiscovered,1
inhabited,1
jezreel,1
intramural,1
nelson,1
concentrations,1
defense,1
watrin,1
erably,1
objets,1
direction,1
uni,1
document,1
selection,1
grape,1
refer,1
causing,1
accurately,1
pedestal,1
determinist,1
magnesium,1
floodwater,1
response,1
quantifying,1
serving,1
moyes,1
sions,1
flawed,1
rehovot,1
emphases,1
amphora,1
vie,1
slab,1
twice,1
reana,1
destroys,1
mortenson,1
died,1
wilcox,1
albright,1
trove,1
accelerator,1
previ,1
explore,1
mirrored,1
drawn,1
natzur,1
unresolved,1
faune,1
look,1
section,1
save,1
concepts,1
critique,1
malone,1
tentatively,1
dwindling,1
toriques,1
bedouin,1
chalices,1
perplexing,1
seated,1
william,1
divi,1
occasion,1
adult,1
eilat,1
cooperative,1
pronounced,1
concentric,1
wanning,1
chromatog,1
undetectable,1
wadirabah,1
steinle,1
tenison,1
stanley,1
rates,1
ibexes,1
striped,1
unfortunate,1
surpluses,1
ment,1
necropole,1
disks,1
ovoid,1
triumphs,1
uppsala,1
rights,1
coil,1
steps,1
hamlet,1
sinuous,1
lurbanisation,1
wz,1
seeming,1
advances,1
pendant,1
town,1
arad,1
added,1
deviations,1
essential,1
german,1
hasa,1
barrowclough,1
kh,1
dictionnaire,1
transformations,1
nabl,1
improved,1
underway,1
synthesizing,1
ghab,1
mutatis,1
reviews,1
camp,1
weippert,1
drainages,1
principally,1
bonogofsky,1
epistemologies,1
residence,1
generations,1
stresses,1
bintliff,1
molluscs,1
adapt,1
keywords,1
potentials,1
megalithic,1
demonstrates,1
perennial,1
orte,1
explicit,1
keepers,1
lazuli,1
preparing,1
capture,1
concerted,1
notion,1
highway,1
subdivision,1
edh,1
pb,1
broadrooms,1
conceptions,1
oberfldchenuntersuchungen,1
yehud,1
suffer,1
viewing,1
archiv,1
kemer,1
proportion,1
supplement,1
beershevan,1
mesopotamian,1
volcanic,1
aban,1
anatolian,1
fat,1
exemple,1
ongoing,1
ix,1
disarticulated,1
jebel,1
hillock,1
restes,1
lacking,1
tree,1
kantor,1
disappear,1
nections,1
adam,1
visage,1
requiring,1
scattered,1
update,1
palaestina,1
outnumber,1
departement,1
fade,1
multivariate,1
modified,1
accounts,1
bottom,1
trans,1
category,1
discounts,1
pleisto,1
ubaid,1
trasting,1
monumental,1
asawir,1
biased,1
gravels,1
tsori,1
oflod,1
dichotomy,1
carmi,1
rated,1
francfort,1
familiar,1
harder,1
severity,1
literally,1
slowly,1
unsuitable,1
branch,1
energy,1
abuses,1
meggido,1
sho,1
meyers,1
zertal,1
hartebeest,1
mutandis,1
constrain,1
gradually,1
sheer,1
weinstein,1
nebo,1
frequented,1
petro,1
depart,1
bulldozing,1
reviewed,1
frag,1
shrinking,1
solid,1
benefited,1
advancing,1
undated,1
presumed,1
converting,1
spina,1
hammered,1
slat,1
valued,1
occu,1
terra,1
mathematical,1
continual,1
demarcate,1
efficient,1
hover,1
linkage,1
peninsula,1
organi,1
pork,1
seriation,1
always,1
involution,1
monial,1
fre,1
instance,1
answers,1
exchanges,1
shaman,1
silt,1
issar,1
disproportionately,1
etude,1
shechem,1
preference,1
mni,1
fetude,1
sandal,1
molds,1
insuring,1
ausgrabungen,1
subject,1
lesions,1
scavenger,1
disappeared,1
crossroad,1
ane,1
matching,1
tightly,1
morag,1
uti,1
opening,1
microendscraper,1
exacerbate,1
moving,1
weisgerber,1
forays,1
incomplete,1
amplification,1
dumps,1
taphonomic,1
inten,1
practise,1
chunks,1
priori,1
underrepresented,1
nahshoni,1
asserts,1
bearing,1
leach,1
discoloration,1
encased,1
quartich,1
formulations,1
saxe,1
tural,1
conservative,1
farmsteads,1
temptation,1
combinations,1
taining,1
pulse,1
craftspeople,1
relating,1
sentative,1
resembles,1
seven,1
centers,1
economics,1
terminological,1
adolescent,1
sedentism,1
events,1
chaff,1
margin,1
mudbricks,1
transfor,1
symbolically,1
extinct,1
pouring,1
coveries,1
percentages,1
qaw,1
defensive,1
alisierung,1
remarques,1
burst,1
reportage,1
glacial,1
midway,1
pots,1
evaluate,1
installation,1
tracking,1
embedded,1
setdement,1
tinkerers,1
handbook,1
beziehung,1
eshel,1
hammering,1
traced,1
codification,1
junk,1
mations,1
mattingly,1
beitrdgen,1
trappings,1
mainly,1
megalithiques,1
afridar,1
alabaster,1
uncultivated,1
treat,1
reinforce,1
fulfill,1
suffered,1
hemar,1
younger,1
appraising,1
saudi,1
rations,1
wada,1
landscapes,1
saving,1
absolute,1
explain,1
bienert,1
fox,1
alliath,1
bulldozed,1
taught,1
granite,1
enough,1
quaritch,1
hierarchies,1
simulations,1
swertung,1
photo,1
periodization,1
mollusca,1
highest,1
hendrickx,1
cows,1
vegetal,1
expressions,1
tially,1
connais,1
marie,1
hunters,1
criteria,1
silver,1
receive,1
undermined,1
outstanding,1
reich,1
chopping,1
elliott,1
ofakhziv,1
nition,1
feeding,1
kg,1
knapped,1
upheaval,1
lebanon,1
accounting,1
degrees,1
relief,1
landmark,1
handstone,1
natu,1
cohesive,1
dog,1
douglas,1
bounded,1
travaux,1
horticulture,1
industrial,1
tour,1
imports,1
ralists,1
start,1
carries,1
cie,1
isohyet,1
zonam,1
nearest,1
reader,1
floodplain,1
rural,1
clamer,1
shiq,1
steve,1
ecologie,1
camel,1
advancement,1
crude,1
selbstverlag,1
purpose,1
proportions,1
calls,1
reduction,1
reconfiguration,1
vertebrae,1
aged,1
circle,1
herringbone,1
woodland,1
geology,1
bols,1
masson,1
archeology,1
texture,1
surprise,1
childe,1
lentils,1
dozens,1
whole,1
year,1
bible,1
gurion,1
gave,1
accord,1
fit,1
morris,1
northwest,1
editorial,1
canaanite,1
pratiques,1
patrich,1
records,1
blance,1
streams,1
archaeologists,1
butter,1
pan,1
townsend,1
bottomed,1
winter,1
norton,1
eyre,1
hamayon,1
transported,1
doors,1
ning,1
proliferation,1
wet,1
millenium,1
ously,1
flattened,1
floors,1
kamlah,1
shelter,1
il,1
byway,1
stationary,1
grada,1
manu,1
wil,1
lyzed,1
akko,1
conform,1
foccupation,1
elephant,1
unslipped,1
graph,1
wheat,1
overrepresented,1
challenging,1
marking,1
kenobi,1
count,1
heritage,1
errors,1
subtle,1
depositional,1
yarmouk,1
causal,1
halaf,1
quleh,1
looping,1
jourdain,1
authorities,1
punctuated,1
mesopotamia,1
eine,1
martineau,1
habi,1
correct,1
successful,1
societes,1
hard,1
decimate,1
corresponds,1
uninterrupted,1
wilkie,1
responsibility,1
cold,1
savage,1
stage,1
badiya,1
indicators,1
practising,1
civilisation,1
archdologischer,1
cope,1
catalog,1
qedem,1
melted,1
feasts,1
phrase,1
annealed,1
metallographic,1
massive,1
laurier,1
bank,1
transformative,1
encompasses,1
segraves,1
statuary,1
dried,1
gations,1
calliprinos,1
hod,1
immi,1
redressed,1
erature,1
accomplished,1
strongly,1
eighth,1
misnomer,1
aharon,1
competitive,1
tation,1
breaking,1
impressions,1
iron,1
master,1
disparate,1
shaded,1
blunt,1
naa,1
essen,1
directions,1
waveland,1
nization,1
railroading,1
occasions,1
dedicated,1
turanian,1
fully,1
rol,1
richness,1
elbaum,1
progress,1
os,1
visibility,1
anniversary,1
contemporaneity,1
inaccessible,1
arbeit,1
weathered,1
cognitive,1
arbor,1
diminished,1
abstracted,1
appropriate,1
yorke,1
weigh,1
shueib,1
elabores,1
paul,1
recomposing,1
cairn,1
francais,1
moved,1
ovi,1
triangular,1
preventing,1
aviram,1
impor,1
syro,1
concomitant,1
gh,1
jug,1
orientale,1
pistachios,1
pollens,1
micro,1
span,1
compilation,1
benches,1
portion,1
llc,1
uncommon,1
therefore,1
sequencing,1
microwear,1
turquoise,1
vial,1
ana,1
apc,1
adhering,1
meandering,1
stanford,1
demand,1
reduced,1
reductions,1
cribra,1
lit,1
matter,1
thanks,1
holot,1
transverse,1
tribution,1
guarded,1
nagel,1
transcaucasus,1
wilfrid,1
hadera,1
lev,1
esur,1
simplistically,1
facture,1
ancien,1
play,1
return,1
kilometers,1
disciplines,1
archeologiche,1
fmmkin,1
drops,1
hgilat,1
posed,1
met,1
betts,1
jewelry,1
april,1
newe,1
caching,1
humains,1
porated,1
mainstream,1
expanded,1
symmetry,1
adze,1
commenced,1
hnd,1
siltstone,1
argument,1
balaban,1
boy,1
egalitarian,1
modes,1
strips,1
cliff,1
mcconaughy,1
abrupt,1
paleontonlogie,1
phasing,1
arniran,1
confronted,1
confounded,1
dimensional,1
yosef,1
spectacular,1
metates,1
tuary,1
vallee,1
dominion,1
retrieved,1
once,1
chronicle,1
gmbh,1
zoidal,1
depicted,1
anticipates,1
letouzey,1
loaded,1
pivotal,1
elapsed,1
modification,1
unprovenienced,1
seeher,1
elaboration,1
vided,1
incipient,1
fatty,1
q,1
karak,1
observer,1
sapin,1
push,1
examined,1
opportunities,1
hanni,1
convex,1
older,1
builds,1
alongside,1
snan,1
exactly,1
rain,1
apply,1
conceptuali,1
domiform,1
quantify,1
tolia,1
edinburgh,1
hilly,1
parr,1
zet,1
clarified,1
compiled,1
workmanship,1
collis,1
bo,1
technical,1
constant,1
megadim,1
brice,1
combines,1
informal,1
asia,1
assistance,1
chalkolithische,1
memoires,1
guatemala,1
keeping,1
sharply,1
lacked,1
skin,1
tectural,1
jabal,1
glauconitic,1
dna,1
wright,1
bracelets,1
sedom,1
acknowledging,1
beards,1
collective,1
trape,1
maktesh,1
flints,1
tubb,1
potazkin,1
resem,1
caliber,1
predominate,1
lization,1
mobilier,1
expansionist,1
earliar,1
independent,1
hallmark,1
cream,1
irano,1
kehoe,1
alteration,1
mound,1
disappearing,1
reoccupied,1
name,1
science,1
doorway,1
begegnung,1
managers,1
balkema,1
kiln,1
westward,1
flanked,1
ognized,1
exiguous,1
bits,1
afterlife,1
challenge,1
stronger,1
broadened,1
paleobiogeographical,1
asphalt,1
combined,1
santa,1
again,1
fragmentation,1
eshed,1
academy,1
lamprichs,1
knowing,1
pinctada,1
varies,1
hippo,1
appointed,1
sider,1
experienced,1
lime,1
coalesces,1
missing,1
komplexitdt,1
paleoanthropological,1
signified,1
unstratified,1
incorporates,1
eann,1
votive,1
leap,1
fara,1
unparalleled,1
limit,1
forming,1
rainwater,1
pair,1
riverine,1
aspatharia,1
recurrent,1
clarendon,1
mnemonic,1
hyphenated,1
importation,1
gested,1
pulp,1
mountainous,1
match,1
witnesses,1
crop,1
strainer,1
viii,1
supralocal,1
outdated,1
trapezoidal,1
inconsistency,1
contradict,1
break,1
classical,1
lifeways,1
richer,1
culti,1
urn,1
district,1
demonstrating,1
autres,1
conceptualized,1
candidate,1
focuses,1
ghassulians,1
tionally,1
loop,1
minneapolis,1
substantially,1
variation,1
man,1
conoids,1
pairing,1
actu,1
removal,1
external,1
chiefdom,1
depict,1
honor,1
mor,1
rejuvenation,1
cup,1
fits,1
drinking,1
ashy,1
prime,1
physiological,1
beraq,1
plexes,1
geschichtlichen,1
gorges,1
innovative,1
naturalistic,1
taphonomy,1
derivation,1
phytoliths,1
intensity,1
discuss,1
hold,1
reminders,1
existing,1
fluorosis,1
axes,1
answer,1
shortly,1
approximating,1
lines,1
necessary,1
peyronel,1
dunes,1
anthropologie,1
disparity,1
intermittent,1
focusing,1
chickpeas,1
slouching,1
benn,1
tuleilat,1
acids,1
pelusiac,1
ebii,1
wagner,1
silo,1
routledge,1
syncretistic,1
shifts,1
free,1
northerly,1
lumping,1
sud,1
gamin,1
thoroughly,1
elevation,1
dhra,1
zabern,1
sal,1
diameter,1
constrains,1
peridotite,1
grounds,1
sanlaville,1
border,1
archi,1
das,1
fundamentally,1
mujib,1
rowed,1
analyzed,1
zation,1
private,1
nutrition,1
nordjordanien,1
envisions,1
kathleen,1
elevations,1
dissimilar,1
hamrat,1
colloques,1
effectiveness,1
observable,1
cree,1
comprise,1
preferential,1
width,1
matthews,1
pathology,1
stemming,1
agro,1
neguev,1
temenos,1
trajectory,1
affinity,1
pistacia,1
parameter,1
dissolve,1
campsite,1
kateret,1
ruling,1
caprines,1
strengthening,1
expand,1
top,1
host,1
societal,1
rec,1
controlling,1
cranial,1
mim,1
religiously,1
mortar,1
persisted,1
predominating,1
meaningful,1
scepters,1
ilan,1
slipped,1
inflicted,1
net,1
levante,1
pasteurs,1
crevices,1
maturation,1
premiere,1
nothing,1
hairpin,1
frustrate,1
mold,1
full,1
previous,1
struction,1
symbolism,1
flexible,1
morphological,1
sceptres,1
hardened,1
necessitated,1
fluoride,1
continuities,1
underwent,1
zoogeography,1
reevaluated,1
palestiniens,1
wheats,1
shrine,1
comple,1
compositions,1
simplify,1
appraisal,1
loosely,1
reality,1
galilean,1
directed,1
communicated,1
hiatus,1
microborer,1
mt,1
obtaining,1
lakes,1
ottoman,1
faculty,1
maintenance,1
menashe,1
prevents,1
workers,1
pin,1
drains,1
gate,1
allowed,1
address,1
supplying,1
provenant,1
gates,1
jordanie,1
heat,1
sparsely,1
seconde,1
fidence,1
taphonomique,1
division,1
collected,1
tubingen,1
variance,1
crafted,1
lie,1
filled,1
mammals,1
configurations,1
accurate,1
probable,1
households,1
connects,1
bavay,1
ural,1
canaanean,1
thomas,1
zoumeili,1
flaring,1
reuse,1
bienkowski,1
rubens,1
class,1
techno,1
domed,1
unambiguous,1
closing,1
agri,1
educational,1
graphic,1
probe,1
ballas,1
comparing,1
fatal,1
conspicuously,1
article,1
pasto,1
serpentine,1
trying,1
environnement,1
suited,1
moist,1
lapis,1
methodically,1
hamamieh,1
straddling,1
chalkolithischen,1
unoccupied,1
examine,1
parkland,1
effect,1
paley,1
recov,1
rupture,1
axe,1
hi,1
diamond,1
spiritual,1
olea,1
woes,1
improbable,1
comfortably,1
implication,1
nani,1
translate,1
glueck,1
southwest,1
inde,1
attracted,1
chrono,1
tsafian,1
cape,1
grain,1
cornet,1
ceptions,1
tendency,1
came,1
davies,1
quarter,1
tenuous,1
modifications,1
sociopolitical,1
sur,1
normal,1
sole,1
chert,1
complicates,1
emily,1
separate,1
smithline,1
infants,1
overlapping,1
surprising,1
culmination,1
greenwood,1
upset,1
dealing,1
rope,1
coinciding,1
oxford,1
consists,1
seasons,1
raiding,1
front,1
bon,1
relying,1
memorial,1
extracted,1
lineages,1
groupings,1
islamic,1
imply,1
spiral,1
untenable,1
slender,1
esdraelon,1
alleys,1
arc,1
disruption,1
faience,1
lovers,1
raise,1
obtained,1
bartle,1
antropologiche,1
wisdom,1
processed,1
ghors,1
involving,1
alloys,1
recall,1
stream,1
ecological,1
earth,1
next,1
imbalance,1
haj,1
investi,1
bifacially,1
miscellaneous,1
oxide,1
bound,1
arabia,1
suspected,1
channel,1
meredith,1
select,1
scienze,1
vertical,1
entity,1
dec,1
disagreements,1
urbanisation,1
onion,1
dalman,1
un,1
valla,1
quency,1
rethinking,1
dissimilarity,1
yale,1
bears,1
widths,1
factoring,1
worse,1
directeur,1
effectively,1
visual,1
remaining,1
nological,1
bins,1
culturel,1
maximizing,1
length,1
evolved,1
maces,1
confuses,1
lipids,1
owed,1
tion,1
settled,1
extends,1
extra,1
traveling,1
contra,1
interconnected,1
proposals,1
timeline,1
kissufini,1
gat,1
polychrome,1
athlone,1
ranking,1
composed,1
prag,1
mother,1
starting,1
phillips,1
centuries,1
exists,1
instances,1
tunnel,1
caries,1
ethnobi,1
ridges,1
arrowhead,1
gdttinger,1
impacted,1
xvh,1
investigate,1
equid,1
ugarit,1
garstang,1
stable,1
thinly,1
cuboidal,1
gesellschaftlicher,1
quantitatively,1
claims,1
obs,1
acquired,1
reddish,1
share,1
livingstone,1
exercised,1
centenary,1
thinking,1
ottoson,1
reliant,1
singular,1
qeren,1
dispersed,1
antecedent,1
rosenfeld,1
comes,1
conclusion,1
textile,1
jaimie,1
bilan,1
encampment,1
peoples,1
circumstances,1
defining,1
founded,1
arsenical,1
poles,1
contradiction,1
zoo,1
wear,1
ever,1
tchemov,1
egyptologists,1
pace,1
catastrophe,1
milieu,1
dubious,1
moisture,1
whelming,1
cuneiform,1
physical,1
sacred,1
separately,1
antine,1
costin,1
kristiansen,1
qiri,1
reconnaissance,1
occurrences,1
indebtedness,1
hypothetically,1
occupational,1
doi,1
greenblatt,1
arthritis,1
basketry,1
geoarchaeology,1
neo,1
satellite,1
agur,1
equation,1
colorado,1
poorest,1
repository,1
amphorae,1
drafting,1
landuse,1
geography,1
hafting,1
unavailable,1
lected,1
ajar,1
specifi,1
dairy,1
hellenistic,1
proof,1
principle,1
tured,1
reexamination,1
readily,1
surfaced,1
chapman,1
shares,1
garlic,1
kansa,1
ancestor,1
neglected,1
stretched,1
expanding,1
ratio,1
zaghloul,1
global,1
confident,1
seriously,1
ingot,1
setting,1
believe,1
talc,1
identi,1
straightforward,1
michigan,1
ciana,1
occupations,1
epitomized,1
ph,1
aharoni,1
wealthy,1
surprisingly,1
rearing,1
visiting,1
gap,1
hindering,1
counting,1
harvest,1
sitte,1
treasures,1
elles,1
contradictory,1
picks,1
ca,1
rely,1
infer,1
recherche,1
gonen,1
plazas,1
potent,1
orative,1
fluorides,1
fills,1
separating,1
reflected,1
convey,1
steppe,1
associations,1
differed,1
scatters,1
find,1
intimates,1
nabeel,1
driven,1
accepts,1
admixture,1
territorial,1
hamlets,1
shunra,1
memoirs,1
works,1
pathological,1
structed,1
lending,1
turned,1
stamps,1
stood,1
clarity,1
outlook,1
tchernov,1
tubular,1
entwicklung,1
weapons,1
wit,1
excep,1
explanations,1
heads,1
merkel,1
trance,1
hidden,1
divided,1
receiving,1
perched,1
jc,1
als,1
stability,1
tor,1
namely,1
chro,1
character,1
nearby,1
remained,1
pearl,1
emeq,1
heiligtums,1
ppnc,1
pathogens,1
covers,1
defi,1
geo,1
dunal,1
clues,1
incor,1
ceased,1
extent,1
surveying,1
supplemented,1
yearly,1
corroboration,1
protohistory,1
predate,1
shore,1
undo,1
periphery,1
mentioned,1
oils,1
fodder,1
beersh,1
nakhai,1
women,1
barely,1
produce,1
yield,1
balance,1
precedent,1
minimal,1
demonstrated,1
phenomena,1
deconstructing,1
lumps,1
infant,1
chronometric,1
popular,1
movements,1
prior,1
nj,1
craftsmanship,1
internationaux,1
pation,1
necessity,1
evi,1
entrance,1
ruled,1
prehis,1
thereby,1
conclude,1
kin,1
molar,1
city,1
hkovitz,1
uncon,1
pas,1
reese,1
atmospheric,1
content,1
courses,1
spezi,1
confirm,1
impressing,1
november,1
african,1
celt,1
focal,1
turns,1
potamus,1
ring,1
rendering,1
step,1
seeps,1
crania,1
interment,1
re,1
securely,1
harvesting,1
plement,1
completed,1
domesticates,1
senan,1
adrien,1
tve,1
homed,1
distinguishable,1
roofed,1
naturally,1
phenomenon,1
challenges,1
hebrews,1
maintained,1
evidenced,1
ensuing,1
goals,1
chieftains,1
com,1
ceramique,1
warranted,1
coming,1
exploited,1
adeimeh,1
ibn,1
hierar,1
petrie,1
interconnection,1
crafts,1
vats,1
kelley,1
unequal,1
mica,1
pelet,1
ian,1
undecorated,1
understandings,1
hollowed,1
hammers,1
refugees,1
ltnstitut,1
spring,1
carefully,1
survival,1
sediments,1
cowgill,1
damascus,1
garrard,1
mendel,1
tumuli,1
difference,1
reveals,1
sedimentary,1
fenestrations,1
redefining,1
initiated,1
straight,1
intradisciplinary,1
quest,1
decrease,1
rahutz,1
camps,1
grappling,1
herds,1
sociopoutical,1
stratification,1
jawa,1
uities,1
holemouths,1
thrive,1
lifelike,1
hershkovitz,1
burnt,1
crisis,1
geoarchaeological,1
karad,1
contributed,1
fauna,1
euphrates,1
reg,1
disagree,1
suffers,1
dense,1
colonisation,1
delineate,1
morphologically,1
unmistakable,1
cautionary,1
artefacts,1
bear,1
chronostratigraphic,1
glass,1
obstacles,1
regular,1
southeastern,1
gisement,1
effects,1
settling,1
prehistoriques,1
sification,1
inflammatory,1
plentiful,1
deterioration,1
mac,1
optimization,1
quartz,1
speak,1
yiftahel,1
paraphernalia,1
roles,1
formity,1
spheroids,1
anonymous,1
travertine,1
am,1
vi,1
inclination,1
reconsidering,1
avis,1
pioneering,1
removed,1
ceiling,1
trigger,1
passages,1
gifting,1
clarify,1
chisel,1
conflated,1
beakers,1
denser,1
straw,1
halutza,1
methodologies,1
consisted,1
kefar,1
correlate,1
vary,1
syn,1
kultstatten,1
reached,1
judea,1
era,1
yogurt,1
kobusiewicz,1
unstable,1
regards,1
sequent,1
handwerklicher,1
reversing,1
deposition,1
pology,1
sciences,1
duration,1
eb,1
organizational,1
corpse,1
tures,1
diverges,1
livestock,1
bifida,1
assume,1
broader,1
col,1
doing,1
fostering,1
rubble,1
delayed,1
nickel,1
mistaken,1
osteitis,1
grants,1
