WORDCOUNTS,WEIGHT
the,732
of,549
and,395
in,300
to,197
a,170
lithic,119
with,98
that,84
de,73
for,68
is,65
al,63
et,62
on,61
this,59
as,58
have,52
been,51
these,50
by,49
are,47
occupation,46
do,45
region,45
an,43
j,41
e,39
amazon,38
at,37
from,36
industries,35
we,34
sites,33
which,33
remains,33
beta,32
associated,32
amazonian,30
da,30
different,30
there,29
has,29
material,29
or,28
technology,26
be,26
technological,26
it,25
research,25
archaeological,25
artifacts,24
more,24
springer,24
world,24
raw,23
between,23
miller,22
no,22
m,22
ancient,22
contexts,22
related,22
carajas,22
bifacial,21
projectile,21
such,21
points,21
unifacial,21
prehist,21
studies,20
study,20
artifact,20
archaeology,20
arqueologia,20
central,19
was,19
work,19
amazonia,19
assemblages,19
not,19
brazilian,19
roosevelt,18
brazil,18
very,18
dos,18
na,17
sao,17
identified,17
two,17
assemblage,17
made,17
those,16
ceramic,16
can,16
c,16
american,15
production,15
main,15
based,15
could,15
also,15
areas,15
new,15
para,15
few,14
tropical,14
about,14
same,14
other,14
would,14
magalhaes,14
o,13
groups,13
site,13
l,13
w,13
aspects,13
characterization,13
both,13
kipnis,13
all,12
holocene,12
some,12
point,12
perspective,12
cultural,12
south,12
but,12
museu,12
number,12
revista,12
press,12
first,11
america,11
important,11
found,11
das,11
meggers,11
neves,11
formal,11
use,11
analysis,11
area,11
early,11
environmental,10
human,10
typological,10
costa,10
serra,10
b,10
university,10
pereira,10
approach,10
still,10
issues,10
social,10
where,10
processes,10
were,10
mainly,10
order,10
complexes,10
essentially,10
variability,10
if,9
they,9
one,9
history,9
diversity,9
dates,9
even,9
identification,9
process,9
parts,9
organization,9
dated,9
basin,9
initial,9
its,9
paraense,9
regional,9
occupations,9
bueno,9
what,9
bp,8
case,8
possible,8
characterize,8
factors,8
most,8
information,8
data,8
used,8
during,8
industry,8
periods,8
so,8
relation,8
provide,8
forest,8
each,8
ceramist,8
through,8
years,8
recent,8
debris,7
thus,7
development,7
than,7
general,7
liticas,7
presence,7
chaine,7
gruta,7
only,7
lack,7
rio,7
sequence,7
open,7
their,7
change,7
who,7
detailed,7
known,7
historical,7
industrias,7
focus,7
final,6
currently,6
stone,6
sources,6
available,6
vegetation,6
issue,6
existence,6
since,6
due,6
whose,6
without,6
landscape,6
levels,6
just,6
p,6
record,6
because,6
flaking,6
long,6
characteristics,6
f,6
relationship,6
monte,6
management,6
culture,6
hilbert,6
discussed,6
silveira,6
como,6
local,6
article,6
types,6
any,6
regard,6
ref,6
operatoire,6
middle,6
pintada,6
contributed,6
d,6
evidence,6
involving,6
association,6
pedra,6
much,6
evans,5
arqueologico,5
identify,5
lower,5
being,5
i,5
date,5
within,5
context,5
discuss,5
collection,5
journal,5
influence,5
distribution,5
how,5
importance,5
river,5
flakes,5
pleistocene,5
rondonia,5
configuration,5
late,5
produced,5
reduction,5
universidade,5
regions,5
will,5
under,5
informal,5
recurrent,5
present,5
model,5
brasil,5
axes,5
caldarelli,5
another,5
discussion,5
questions,5
theoretical,5
clear,5
characterized,5
period,5
plant,5
goeldi,5
machado,5
forests,5
theme,5
gnecco,5
them,5
terms,5
references,5
theory,5
emphasis,5
define,5
paleoindian,5
north,5
hypothesis,5
does,4
later,4
large,4
complex,4
might,4
definition,4
composition,4
last,4
debitage,4
agriculture,4
sobre,4
phase,4
pesquisas,4
g,4
circulation,4
back,4
fig,4
border,4
van,4
influenced,4
mora,4
litica,4
air,4
upper,4
surface,4
beyond,4
rainforest,4
view,4
prehistoric,4
boletim,4
possibility,4
glacial,4
polishing,4
expedient,4
explain,4
well,4
doutorado,4
gatherers,4
least,4
settlement,4
around,4
small,4
methodological,4
chronological,4
materials,4
emilio,4
located,4
intense,4
rain,4
lab,4
us,4
perspectives,4
um,4
toward,4
fact,4
idea,4
diverse,4
end,4
variation,4
tese,4
ecology,4
lists,4
estudos,4
involves,4
earlier,4
simoes,4
systems,4
dona,4
emflio,4
institution,4
pottery,4
space,4
collections,4
relevant,4
indicate,4
construction,4
table,4
then,4
quaternary,4
der,4
cover,4
scenario,4
linked,4
places,4
spatial,4
brasileira,4
presented,4
amazonica,4
among,4
question,4
although,4
hunter,4
specific,4
exclusively,4
oliveira,4
given,4
should,4
resources,4
major,4
dissertacao,3
done,3
way,3
meaning,3
san,3
h,3
porto,3
tecnologia,3
into,3
presents,3
em,3
contact,3
paulo,3
either,3
seems,3
terra,3
producing,3
arises,3
studied,3
political,3
visibility,3
el,3
guapindaia,3
far,3
framework,3
regarding,3
throughout,3
medio,3
santa,3
trombetas,3
distinct,3
handbook,3
rather,3
entre,3
anthropic,3
nos,3
black,3
intensity,3
gathering,3
support,3
category,3
emergence,3
clearly,3
shelters,3
characterizations,3
baixo,3
orientation,3
regiao,3
appear,3
methodology,3
grupos,3
arqueologicas,3
method,3
access,3
pointing,3
focused,3
appears,3
applied,3
relatorio,3
literature,3
description,3
discussions,3
broad,3
systematic,3
my,3
published,3
field,3
rutgers,3
involved,3
climate,3
when,3
archae,3
activities,3
mercader,3
therefore,3
mestrado,3
absence,3
various,3
levantamento,3
exception,3
southern,3
southeast,3
interpretation,3
reference,3
index,3
already,3
shows,3
holoceno,3
technique,3
projects,3
relates,3
time,3
prospects,3
remain,3
man,3
existing,3
see,3
routledge,3
widespread,3
aceituno,3
explanation,3
mato,3
significant,3
described,3
low,3
similar,3
dominated,3
patterns,3
k,3
analyze,3
tecnologica,3
northern,3
occupied,3
attention,3
sequences,3
antiquity,3
considered,3
anthropological,3
mentioned,3
uma,3
besides,3
natural,3
anthropology,3
descriptions,3
orinoco,3
type,3
animal,3
beginning,3
n,3
unique,3
selected,3
offering,3
petrecquin,3
extent,3
almost,3
despite,3
com,3
alegre,3
mention,3
wild,3
advent,3
offer,3
include,3
southeastern,3
schiffer,3
previously,3
pronapaba,2
impossibility,2
now,2
appropriation,2
rainforests,2
functional,2
represent,2
affected,2
interventions,2
foraging,2
isnardis,2
mobility,2
headland,2
nota,2
continent,2
approaches,2
seriation,2
edithe,2
before,2
source,2
highlight,2
consistent,2
envi,2
retouched,2
implications,2
attempts,2
asso,2
attempt,2
histdria,2
shortage,2
nature,2
s,2
onwards,2
tradition,2
leading,2
procedure,2
hunting,2
take,2
trabalho,2
concepts,2
classified,2
dating,2
livelihood,2
historico,2
proposals,2
system,2
colombia,2
measuring,2
loaiza,2
say,2
quantity,2
economies,2
steffen,2
savanna,2
includes,2
review,2
que,2
spectrum,2
difficulties,2
against,2
cronologia,2
scarce,2
interest,2
characteristic,2
relatively,2
ability,2
raises,2
expected,2
dis,2
cases,2
nelson,2
etnologia,2
underlying,2
juliana,2
solimdes,2
publications,2
schmitz,2
apresentado,2
refugia,2
bipolar,2
patches,2
guarita,2
caso,2
interesting,2
vegetable,2
performance,2
tocantins,2
debated,2
influential,2
en,2
environments,2
after,2
landscapes,2
certain,2
domestication,2
percussion,2
easily,2
pedras,2
marks,2
sorts,2
breu,2
traces,2
colder,2
resource,2
indications,2
artigo,2
petersen,2
anthropogenic,2
identifying,2
allow,2
societies,2
relating,2
relate,2
diet,2
academic,2
topics,2
viewed,2
ceramics,2
reinforce,2
balle,2
lathrap,2
wide,2
criteria,2
technical,2
pimenta,2
shape,2
basis,2
future,2
arqueoldgicas,2
clovis,2
partir,2
r,2
themes,2
part,2
closed,2
criticized,2
place,2
climatic,2
showing,2
own,2
earth,2
climates,2
ago,2
livelihoods,2
drier,2
arqueologicos,2
quite,2
registro,2
several,2
mineral,2
concerns,2
smithsonian,2
este,2
widely,2
core,2
characterizes,2
up,2
describes,2
preliminary,2
finds,2
geographical,2
happen,2
may,2
publishers,2
action,2
overall,2
sequencias,2
maraba,2
above,2
andlise,2
surviving,2
aldine,2
inhabited,2
single,2
scarcity,2
jectile,2
thought,2
kluwer,2
continuity,2
restricted,2
chronology,2
hammen,2
choices,2
ethnographic,2
hearth,2
kern,2
associating,2
stemmed,2
museums,2
bib,2
muiraquitas,2
accorded,2
rock,2
many,2
projeto,2
pressure,2
predominant,2
sullivan,2
reasons,2
never,2
v,2
cruz,2
formation,2
isbell,2
validity,2
accepted,2
strategies,2
focusing,2
frequency,2
understanding,2
programa,2
variabilidade,2
range,2
andorinhas,2
looking,2
silverman,2
samples,2
prevailed,2
emphasize,2
factor,2
companhia,2
bacia,2
radiocarbon,2
macro,2
shelter,2
espacos,2
sociais,2
coletores,2
significados,2
features,2
collected,2
serves,2
uni,2
argvmentvm,2
skibo,2
especially,2
comparing,2
evolutionary,2
become,2
pro,2
hunters,2
artisans,2
interfluvial,2
gomes,2
la,2
cotidiano,2
european,2
indication,2
raise,2
science,2
organizacao,2
usually,2
politis,2
program,2
discard,2
institutions,2
transformation,2
ology,2
pena,2
ceramico,2
nukak,2
stable,2
quantitative,2
sentido,2
deposited,2
pleistoceno,2
series,2
complexity,2
changing,2
ronment,2
over,2
colonization,2
rios,2
cultures,2
setting,2
vari,2
contextual,2
current,2
jamari,2
lima,2
cacadores,2
particularly,2
estudo,2
domesticated,2
proposed,2
works,2
edusp,2
diversified,2
adaptative,2
impact,2
making,2
plants,2
character,2
nearby,2
caverna,2
artifactual,2
studying,2
velho,2
prior,2
projetil,2
os,2
earths,2
pre,2
techniques,2
traditional,2
campo,2
obtain,2
paucity,2
aspect,2
ization,2
our,2
negro,2
opens,2
national,2
morphological,2
belo,2
americas,2
branco,2
quartz,2
aos,2
pontas,2
themselves,2
ocupacao,2
strong,2
idicas,2
close,2
estrategias,2
arizona,2
increase,2
difficult,1
go,1
formulated,1
transportation,1
mostly,1
seus,1
discourage,1
oriented,1
calibrated,1
indicated,1
stylistic,1
tion,1
pittsburgh,1
fase,1
investigaciones,1
acre,1
elaborating,1
findings,1
determine,1
yam,1
combine,1
aquelas,1
originating,1
deles,1
introduction,1
notably,1
sphere,1
per,1
eth,1
connect,1
center,1
needed,1
pendants,1
kinds,1
agency,1
enhance,1
designed,1
pierre,1
diversification,1
tures,1
live,1
ways,1
unmodified,1
situation,1
bias,1
modern,1
monolithic,1
ceramicos,1
maranhao,1
physis,1
position,1
western,1
estu,1
locale,1
necessarily,1
paper,1
detailing,1
exceptions,1
something,1
lowlands,1
arguing,1
annals,1
confluencia,1
sertacao,1
credence,1
leads,1
amazonas,1
glaciais,1
abrasion,1
sequencia,1
yams,1
gruyter,1
said,1
came,1
archaeologists,1
undermine,1
lateral,1
specifically,1
reconstructions,1
eletronorte,1
quisas,1
areais,1
expansao,1
give,1
taken,1
culturally,1
address,1
grouped,1
eles,1
irrelevance,1
pinatada,1
emerged,1
ourselves,1
avenue,1
editions,1
best,1
yuquf,1
possibilities,1
archaeologically,1
skills,1
jablonsky,1
together,1
pes,1
relegating,1
great,1
simple,1
thank,1
peopling,1
geoglifos,1
ephemeral,1
government,1
denevan,1
xiii,1
closer,1
entered,1
remodeling,1
apresentada,1
pron,1
resulting,1
feature,1
integrate,1
specificities,1
sumario,1
rudimentary,1
state,1
reinforcing,1
emphasized,1
greatly,1
schaan,1
precisely,1
limited,1
raised,1
situ,1
principal,1
rockshelters,1
coordinated,1
biogeo,1
item,1
wagner,1
junho,1
cooling,1
aberto,1
designs,1
trinta,1
ad,1
british,1
erosional,1
con,1
exogenous,1
sophisticated,1
botanical,1
westview,1
absy,1
cerdmica,1
ambiental,1
dias,1
primary,1
nology,1
incorporate,1
draw,1
domestico,1
design,1
chapter,1
account,1
stella,1
capable,1
quantitativo,1
existem,1
tracing,1
vestigios,1
caracterizacao,1
establishing,1
october,1
preceramic,1
sua,1
countered,1
west,1
perceived,1
laboratorio,1
extends,1
devore,1
rela,1
establishment,1
indicating,1
dynamic,1
apply,1
respeito,1
along,1
undoubtedly,1
correlation,1
visited,1
biodiversity,1
fluc,1
ranchada,1
mid,1
pronapa,1
avenues,1
build,1
goal,1
pelo,1
neogene,1
humanized,1
relationships,1
curated,1
dynamics,1
mm,1
presenca,1
bosque,1
prevails,1
perfor,1
bailey,1
letras,1
millennium,1
construindo,1
firme,1
preta,1
occupancy,1
sequentially,1
application,1
conducted,1
futuras,1
remanso,1
fitzhugh,1
ocidental,1
topic,1
barrier,1
century,1
hather,1
kind,1
priority,1
miggliacio,1
turn,1
algumas,1
importancia,1
items,1
old,1
fair,1
maura,1
concerning,1
amount,1
causing,1
belem,1
ferentiated,1
columbia,1
six,1
secult,1
difficulty,1
irian,1
served,1
moving,1
interfered,1
continuous,1
third,1
shott,1
colonizacao,1
compare,1
find,1
ologia,1
y,1
nas,1
locacional,1
look,1
waterways,1
ecosystems,1
traditions,1
sambaquis,1
paleocli,1
handful,1
rates,1
implementation,1
poorly,1
nieuve,1
ceu,1
phases,1
classificando,1
propostas,1
steps,1
communities,1
ocupacdo,1
via,1
alleged,1
flake,1
adequate,1
york,1
town,1
cially,1
inovation,1
quaternarios,1
transformations,1
bring,1
managing,1
across,1
developed,1
scrapers,1
sort,1
incipient,1
basic,1
investigation,1
bles,1
completely,1
proximity,1
blanks,1
paz,1
risk,1
proportion,1
lasted,1
realgar,1
thing,1
se,1
leave,1
personhood,1
ache,1
ciated,1
cave,1
dominam,1
form,1
limitation,1
consequences,1
estabelecimento,1
metodologica,1
guides,1
shell,1
vera,1
understand,1
tern,1
changes,1
occu,1
had,1
circulated,1
rato,1
adopt,1
prehistory,1
documentados,1
posey,1
discouraged,1
industria,1
intensive,1
organized,1
peasant,1
apa,1
prentiss,1
latin,1
intrinsically,1
elsewhere,1
rostain,1
numbers,1
indios,1
gradually,1
trabalhos,1
periodizations,1
frequently,1
observations,1
four,1
commonly,1
historia,1
origins,1
artefatos,1
isolation,1
organi,1
always,1
requires,1
terminology,1
exploitation,1
mix,1
utah,1
vale,1
novos,1
datados,1
reconciliation,1
syntheses,1
strategy,1
providing,1
decades,1
drawing,1
novas,1
tecnologias,1
intra,1
whereas,1
greater,1
ranges,1
explanatory,1
rua,1
arrived,1
result,1
espeleoarqueologico,1
advance,1
cauca,1
game,1
unb,1
travellers,1
location,1
bearing,1
geared,1
tra,1
carrying,1
erosion,1
search,1
traditionally,1
typical,1
midden,1
struc,1
teoricas,1
effort,1
behavioral,1
ering,1
out,1
intentionality,1
ainda,1
estudios,1
international,1
fishing,1
apresenta,1
fatores,1
zone,1
xaray,1
souza,1
origem,1
itapipoca,1
implicacdes,1
term,1
big,1
embedded,1
further,1
paleoindfgenas,1
equally,1
neighboring,1
xvi,1
traits,1
though,1
sido,1
versity,1
keywords,1
tools,1
recently,1
sul,1
dispersal,1
inicial,1
excellent,1
andrefsky,1
otherwise,1
amenable,1
pollen,1
outlined,1
scanter,1
refuge,1
discussao,1
aridity,1
dwellers,1
opposition,1
acknowledgments,1
sedentism,1
near,1
governing,1
proposing,1
rozen,1
improve,1
informagao,1
char,1
failure,1
directly,1
pedro,1
eduardo,1
artefacts,1
transmissao,1
interface,1
ceramista,1
encontro,1
overlying,1
inferred,1
received,1
disciplina,1
preferred,1
del,1
protein,1
overturn,1
claim,1
teoria,1
unless,1
significantly,1
ecologie,1
quanto,1
example,1
casa,1
paisagens,1
knowledge,1
apparent,1
cob,1
indigenous,1
confirms,1
tenure,1
adaptations,1
ten,1
confiuencia,1
parameters,1
overview,1
gaviao,1
describe,1
universe,1
consistently,1
older,1
escassez,1
postulated,1
inferences,1
contains,1
densely,1
marajd,1
contextualizing,1
combustion,1
homem,1
internacional,1
past,1
transported,1
saw,1
surrounding,1
rise,1
sudeste,1
predominance,1
preparation,1
appetites,1
caracteristicas,1
betraying,1
errors,1
t,1
naturalists,1
situational,1
zonian,1
precipitation,1
good,1
homens,1
steward,1
normally,1
level,1
corresponds,1
seculo,1
suggest,1
cronologica,1
involve,1
prevalence,1
alto,1
consolidation,1
exclude,1
bernet,1
routes,1
ological,1
orient,1
floodplain,1
eco,1
accomplished,1
wider,1
highly,1
eighth,1
sftios,1
tanto,1
portions,1
villages,1
sculptures,1
konduri,1
annual,1
articulation,1
inability,1
progress,1
necessity,1
processos,1
using,1
comportamento,1
french,1
florida,1
folk,1
provided,1
sitio,1
triangular,1
favoured,1
promising,1
concomitant,1
society,1
cite,1
llc,1
highlights,1
ana,1
diferentes,1
second,1
units,1
investigating,1
inhabit,1
hegemony,1
descola,1
foragers,1
summarize,1
polished,1
scientific,1
isidro,1
economic,1
ciencias,1
papua,1
comparative,1
expansion,1
goldmines,1
subject,1
forward,1
islands,1
brings,1
arquedlogos,1
gift,1
stratigraphy,1
make,1
comments,1
esse,1
amerindian,1
inferindo,1
surveyed,1
put,1
tends,1
selection,1
positive,1
envolve,1
geraldo,1
idols,1
indus,1
criticism,1
yet,1
elaboration,1
museum,1
hache,1
coverage,1
pp,1
ama,1
ocupacoes,1
serve,1
hegemonic,1
tecnologicas,1
evidences,1
favorable,1
counterfeit,1
utilizado,1
reflects,1
alberti,1
processing,1
lowland,1
carajds,1
wattis,1
atualmente,1
performed,1
ed,1
repercussions,1
espaco,1
taperinha,1
experiment,1
robust,1
hooghiemstra,1
horticultural,1
noted,1
stones,1
suriname,1
sketch,1
disciplinary,1
lee,1
representation,1
alteration,1
interpretar,1
suplemento,1
starting,1
fire,1
think,1
provable,1
purely,1
again,1
crm,1
chance,1
ask,1
printing,1
contextos,1
towards,1
presidente,1
complementary,1
analytical,1
speciation,1
aqueles,1
bordering,1
twenty,1
arque,1
proposal,1
cep,1
subsistencia,1
attempting,1
lacks,1
ideology,1
habitat,1
banks,1
distributions,1
stearman,1
compound,1
potencial,1
fragments,1
complexo,1
salobo,1
procurement,1
paleoindias,1
determinism,1
abstract,1
geography,1
cidade,1
unit,1
dominaram,1
obscures,1
establish,1
non,1
unclear,1
cionados,1
vilacy,1
less,1
until,1
procura,1
necessary,1
por,1
margem,1
ao,1
fieldwork,1
generic,1
penodos,1
native,1
belief,1
assentamentos,1
seriadas,1
flint,1
ignoring,1
cul,1
implantacao,1
going,1
locations,1
deficit,1
decontextualized,1
identifiable,1
degree,1
able,1
displace,1
analyzed,1
zation,1
technologies,1
collecting,1
ignored,1
investigated,1
treated,1
tipo,1
espe,1
locate,1
climas,1
neotrpical,1
deposits,1
transformed,1
analisam,1
owe,1
characterizing,1
odell,1
concern,1
oscillation,1
food,1
jaya,1
hypotheses,1
roja,1
largely,1
discute,1
rivers,1
linguagem,1
conditions,1
perception,1
aside,1
atacamenos,1
razoes,1
nohistorical,1
like,1
marcos,1
merit,1
laboratory,1
examination,1
stay,1
temperature,1
struction,1
office,1
manegements,1
neotropical,1
dismissed,1
theories,1
synthetic,1
paituna,1
initiatives,1
underwent,1
attraction,1
cultura,1
rejected,1
three,1
historic,1
colombiano,1
directed,1
massangana,1
zahar,1
publication,1
mt,1
definitely,1
maintenance,1
logic,1
archeopress,1
painel,1
held,1
emdio,1
symposium,1
times,1
divisions,1
uhe,1
helpful,1
spread,1
entendimentos,1
function,1
tribal,1
high,1
stages,1
ciation,1
paraguai,1
mammals,1
persistence,1
accurate,1
curua,1
fragility,1
connects,1
preservation,1
standard,1
campinaranas,1
trablaho,1
permitting,1
graphical,1
exchange,1
novo,1
strongly,1
discarded,1
problems,1
standardly,1
associadas,1
prous,1
grosso,1
ceramistas,1
sight,1
blackwell,1
vestigio,1
availability,1
ponents,1
directs,1
dominance,1
ate,1
editora,1
habu,1
looked,1
oscillations,1
tendency,1
relative,1
interfluvio,1
tenuous,1
cen,1
pecking,1
division,1
poqdo,1
mirim,1
contextuali,1
limiting,1
transi,1
increasing,1
dealing,1
carried,1
depth,1
kaplan,1
hidreletricos,1
manacapuru,1
modification,1
pela,1
breve,1
coupled,1
sipaliwini,1
proposta,1
independent,1
continued,1
sometimes,1
crucial,1
ecological,1
five,1
anos,1
continuing,1
plays,1
bifacially,1
claimed,1
tech,1
arrow,1
cnrs,1
select,1
xingu,1
thermal,1
gx,1
primarily,1
sauer,1
implementacao,1
independence,1
becomes,1
tuation,1
seen,1
pequia,1
ordering,1
iphan,1
millennia,1
markers,1
confine,1
lucas,1
try,1
camutins,1
life,1
intend,1
doce,1
methods,1
responsible,1
pristine,1
diagnostic,1
existed,1
interconnected,1
researcher,1
regido,1
composed,1
supporting,1
cashdan,1
busca,1
uso,1
assim,1
problematic,1
morrow,1
investigate,1
resemble,1
influencing,1
thick,1
earliest,1
contribuicao,1
addressed,1
quantitatively,1
classification,1
produc,1
environment,1
suggestions,1
colinvaux,1
tema,1
elected,1
contribuiram,1
believed,1
dispersed,1
comes,1
ocupados,1
reformulation,1
founded,1
contradiction,1
simply,1
extensive,1
geographic,1
hypothesized,1
fronteiras,1
favors,1
physical,1
mixes,1
perhaps,1
nucleo,1
doi,1
phillips,1
here,1
alternative,1
set,1
histprical,1
outcome,1
defining,1
delimitation,1
intellectual,1
ronmental,1
clifford,1
deconstructed,1
tapajos,1
questoes,1
attribute,1
ratio,1
assumed,1
jorge,1
connection,1
hhea,1
arqueoldgica,1
incorporating,1
unknown,1
expense,1
gosden,1
temper,1
erickson,1
visiting,1
foundation,1
bolivian,1
reliability,1
impossible,1
nunes,1
infer,1
constant,1
relacionadas,1
generalized,1
formas,1
cities,1
distinctive,1
col,1
closest,1
utilized,1
cialists,1
living,1
advances,1
destroyed,1
phd,1
stela,1
following,1
figueiredo,1
identidades,1
according,1
scholarly,1
poder,1
economy,1
notable,1
interpretando,1
whether,1
namely,1
want,1
particular,1
thirty,1
contrasting,1
map,1
shortages,1
problem,1
tending,1
fully,1
while,1
correlates,1
periphery,1
prestige,1
usp,1
guia,1
require,1
dark,1
migrations,1
produce,1
yield,1
huge,1
too,1
agreed,1
pesquisa,1
perguntas,1
suggests,1
congresso,1
evolutivos,1
lends,1
categories,1
chronometric,1
size,1
interpretative,1
ultimos,1
researchers,1
little,1
empreendimentos,1
entire,1
paradise,1
altered,1
reported,1
attached,1
coordination,1
acterize,1
df,1
practices,1
prevalent,1
courses,1
indicar,1
easy,1
giving,1
trias,1
domesticacioh,1
transition,1
assumptions,1
estatuetas,1
silva,1
contribute,1
arguments,1
manufacturing,1
botany,1
pa,1
qualitative,1
indians,1
allows,1
isolated,1
aims,1
definitions,1
headwaters,1
comprehend,1
sistema,1
neglect,1
terminal,1
ramenofsky,1
ultimately,1
tell,1
recording,1
sistemas,1
argument,1
editor,1
difference,1
reveals,1
cambridge,1
disposal,1
encouragement,1
redefining,1
similarity,1
finding,1
numerous,1
paleoenvi,1
enquanto,1
grant,1
suas,1
quantidade,1
betty,1
cunha,1
escolhas,1
course,1
blage,1
instead,1
operational,1
typically,1
integrated,1
land,1
dense,1
rainfor,1
usa,1
sur,1
pfafenberger,1
product,1
obscurity,1
attributes,1
hemispheric,1
prospect,1
playing,1
defined,1
seeks,1
attempted,1
programme,1
presenting,1
extremely,1
typology,1
stray,1
indices,1
summary,1
anonymous,1
comparison,1
ocasiao,1
duas,1
offered,1
observation,1
territories,1
potential,1
intensely,1
teenth,1
transicao,1
nessa,1
hills,1
correlate,1
chicago,1
reached,1
sociedade,1
debate,1
sharing,1
recognized,1
uncertainty,1
deposition,1
valley,1
northwestern,1
secos,1
interaction,1
develop,1
treating,1
dadas,1
questao,1
seek,1
dif,1
broader,1
setembro,1
pacatuba,1
spe,1
deeper,1
assem,1
