WORDCOUNTS,WEIGHT
the,1122
and,766
of,750
in,447
a,328
olmec,306
la,235
pp,228
to,221
de,214
that,194
at,172
san,152
p,146
on,130
stone,116
by,108
lorenzo,101
mexico,99
r,98
from,95
venta,88
for,85
as,85
d,85
research,82
is,82
archaeological,81
m,79
formative,77
have,76
j,75
university,71
with,71
los,68
e,66
monuments,65
are,64
were,64
en,63
also,63
c,62
was,61
archaeology,60
period,60
el,57
del,57
those,56
y,56
new,56
been,56
their,55
early,55
et,54
american,53
sites,50
site,49
excavations,48
coast,48
coe,48
an,47
not,47
be,47
gulf,47
w,45
art,45
data,44
arqueologia,43
has,42
complex,41
bp,40
may,37
middle,37
tres,34
grove,34
b,34
or,34
had,32
two,32
it,31
monumental,31
monument,31
major,31
within,30
but,30
laguna,30
such,29
found,29
its,29
ancient,29
f,28
cyphers,28
time,28
other,27
no,27
drucker,27
there,26
some,26
areas,26
zapotes,26
mesoamerica,25
stirling,25
las,25
national,25
they,24
basalt,24
architecture,24
scholars,24
phase,23
fig,23
only,23
olmeca,23
although,23
olmecas,22
culture,22
mound,22
contributions,21
dumbarton,21
during,21
colossal,21
regional,21
many,21
veracruz,21
over,21
area,21
cerros,20
one,20
diehl,20
california,20
heizer,20
cerro,19
g,19
most,19
recovered,19
ceramics,19
southern,19
see,19
berkeley,19
t,18
gonzalez,18
remains,18
s,17
mexicana,17
medellin,17
work,17
smithsonian,17
he,17
more,17
sequence,17
three,17
carried,17
geographic,17
tuxtla,17
both,17
dc,16
out,16
field,16
settlement,16
including,16
which,16
k,16
facility,16
map,16
carvings,16
evidence,16
first,15
investigations,15
late,15
boletin,15
society,15
region,15
recent,15
large,14
i,14
dates,14
tenochtitlan,14
chiapas,14
few,14
maya,14
upon,14
radiocarbon,14
nacional,14
greenstone,14
heads,14
cambridge,14
l,13
surface,13
public,13
when,13
world,13
absence,13
various,13
social,13
ceramic,13
ethnology,13
perspectives,13
bureau,13
bulletin,13
reconnaissance,13
ca,13
source,12
sources,12
advanced,12
analyses,12
papers,12
vol,12
along,12
medio,12
phases,12
civilization,12
his,12
mesoamerican,12
term,12
artifacts,12
this,12
tabasco,12
museum,12
editorial,12
end,12
general,12
school,12
known,12
suggests,12
ortiz,12
ambiente,11
h,11
seminar,11
recorded,11
central,11
review,11
york,11
centers,11
used,11
project,11
presence,11
texas,11
study,11
subsistencia,11
personal,11
v,11
rio,11
primarily,11
stratigraphic,11
any,11
while,11
years,11
carved,10
o,10
if,10
excavation,10
history,10
llano,10
long,10
uncovered,10
date,10
sociedad,10
possible,10
magazine,10
cultural,10
than,10
across,10
inah,10
four,10
hinterland,10
pyramid,10
excavated,10
small,10
several,10
identified,10
classic,10
direction,10
antropologia,10
dating,10
discovered,10
objects,10
extensive,10
season,9
monu,9
main,9
basic,9
latter,9
river,9
origins,9
decades,9
view,9
based,9
pro,9
universidad,9
published,9
will,9
preclassic,9
therefore,9
second,9
perhaps,9
style,9
evolution,9
we,9
un,9
began,9
gallery,9
did,9
between,9
km,9
nature,8
geologic,8
thus,8
special,8
came,8
further,8
obsidian,8
near,8
well,8
manati,8
stela,8
jicaro,8
pits,8
east,8
guatemala,8
robert,8
patterns,8
elite,8
science,8
antiquity,8
analysis,8
then,8
domestic,8
report,8
museo,8
valley,8
interaction,8
created,7
investigaciones,7
mountains,7
mexican,7
studies,7
all,7
together,7
great,7
survey,7
magnetometer,7
activity,7
importance,7
certain,7
appear,7
martinez,7
knowledge,7
fieldwork,7
chronological,7
span,7
brief,7
chronology,7
light,7
same,7
al,7
riverine,7
instituto,7
discovery,7
use,7
earlier,7
today,7
anthropological,7
mirrors,7
natural,7
foundation,7
ar,7
scholarly,7
what,7
them,7
reported,7
land,7
surveys,7
much,7
does,6
later,6
miguel,6
western,6
into,6
cultura,6
seems,6
context,6
oaxaca,6
cf,6
third,6
journal,6
discoveries,6
organization,6
latin,6
observations,6
important,6
societies,6
academic,6
cannot,6
structure,6
guerrero,6
flannery,6
sculpture,6
brought,6
place,6
structures,6
artifact,6
good,6
legacy,6
least,6
majority,6
results,6
notes,6
materials,6
nearly,6
estado,6
about,6
historia,6
state,6
outside,6
do,6
where,6
another,6
made,6
significant,6
can,6
workshop,6
attention,6
continued,6
five,6
iconographic,6
types,6
mounds,6
complexity,6
set,6
past,6
type,6
conference,6
bari,6
using,6
until,6
numerous,6
include,6
proyecto,6
re,6
among,6
hypothesis,6
final,5
group,5
gallegos,5
marcus,5
modern,5
ore,5
contexts,5
test,5
being,5
subsequent,5
greatly,5
figs,5
prior,5
since,5
jade,5
conducted,5
young,5
archaeologist,5
apparently,5
chan,5
segunda,5
subsistence,5
clearly,5
additional,5
iconography,5
distribution,5
arqueologicas,5
changed,5
handbook,5
equally,5
monograph,5
possibility,5
briefly,5
almost,5
revealed,5
archaeologists,5
level,5
preclasico,5
part,5
visible,5
provided,5
sitio,5
activities,5
led,5
quarry,5
mesa,5
tropical,5
still,5
atop,5
corpus,5
pacific,5
yet,5
included,5
carmona,5
these,5
matacapan,5
fact,5
head,5
blocks,5
pattern,5
took,5
material,5
investigators,5
situated,5
pina,5
postclassic,5
samples,5
rust,5
actual,5
low,5
probable,5
mesas,5
pottery,5
chalcatzingo,5
who,5
nuevo,5
brigham,5
indicate,5
farge,5
associated,5
record,5
each,5
anthropology,5
zenil,5
exploration,5
seem,5
avances,5
appendix,5
half,5
very,5
iron,5
beginning,5
form,5
through,5
writing,5
locations,5
initiated,5
cintepec,5
north,5
exploraciones,5
occur,5
arizona,5
ments,4
palangana,4
stylistic,4
commentary,4
santley,4
represent,4
kroeber,4
maize,4
situation,4
decade,4
laid,4
archae,4
concentrated,4
palabra,4
attempt,4
wooden,4
reunion,4
ol,4
sacred,4
mexicon,4
political,4
similarities,4
side,4
con,4
west,4
temporada,4
human,4
hombre,4
development,4
quality,4
visited,4
domain,4
ut,4
dozen,4
tucson,4
arqueologico,4
periods,4
six,4
publications,4
even,4
remain,4
covarrubias,4
una,4
lacking,4
factors,4
teopantecuanitlan,4
prehistory,4
consejo,4
n,4
plates,4
antecedents,4
suggested,4
systems,4
mayas,4
raw,4
bearing,4
ago,4
occupation,4
buried,4
recently,4
mec,4
rubber,4
apparent,4
related,4
actually,4
reflect,4
my,4
regions,4
earth,4
interregional,4
next,4
ological,4
consensus,4
essentially,4
played,4
stratigraphy,4
production,4
moved,4
south,4
ceremonial,4
plateau,4
service,4
located,4
rodriguez,4
indicates,4
precolumbian,4
evolved,4
lowland,4
nine,4
reports,4
oaks,4
again,4
motifs,4
discussed,4
never,4
covered,4
showing,4
belief,4
number,4
preliminar,4
mosaic,4
described,4
subsurface,4
trade,4
similar,4
times,4
architectural,4
caso,4
provides,4
martin,4
exchange,4
cabezas,4
disclosed,4
interpretations,4
probably,4
widely,4
suggest,4
relationship,4
returned,4
construction,4
anales,4
arte,4
believed,4
blom,4
temporal,4
control,4
utilized,4
jimenez,4
generally,4
finished,4
our,4
washington,4
instead,4
salt,4
defined,4
xalapa,4
reached,4
debate,4
geomorphological,3
common,3
groups,3
uplands,3
determine,3
berlin,3
per,3
likewise,3
center,3
settlements,3
partially,3
likely,3
ways,3
total,3
moving,3
household,3
originally,3
ii,3
taken,3
pifia,3
reasons,3
studied,3
court,3
assays,3
communica,3
vegetation,3
written,3
primitive,3
system,3
macayal,3
eastern,3
placement,3
origen,3
coatzacoalcos,3
bibliography,3
richard,3
ritual,3
fragment,3
presently,3
expanded,3
regarding,3
includes,3
spectrum,3
immediate,3
hierarchy,3
trench,3
jr,3
relatively,3
clay,3
perspective,3
served,3
vigia,3
networks,3
communication,3
spite,3
antropologicos,3
gillespie,3
costa,3
interesting,3
recognized,3
levels,3
coastal,3
ex,3
ongoing,3
informe,3
impact,3
recycling,3
age,3
mutilation,3
zenith,3
carving,3
extent,3
basin,3
begun,3
colosales,3
estudios,3
austin,3
understood,3
weiant,3
levees,3
appears,3
viewed,3
produced,3
having,3
perez,3
received,3
resources,3
tombs,3
desarrollo,3
issues,3
limas,3
rise,3
floors,3
believes,3
rulership,3
interpreted,3
horizon,3
concave,3
count,3
fuente,3
tested,3
bajio,3
decline,3
gomez,3
philip,3
recientes,3
zapotec,3
preliminary,3
escultura,3
unfinished,3
tabletop,3
portion,3
became,3
units,3
limited,3
sobre,3
make,3
comments,3
chaeological,3
religious,3
com,3
potsherds,3
examined,3
soon,3
direccion,3
already,3
department,3
noted,3
strata,3
routes,3
gobierno,3
jadeite,3
locating,3
archaeologi,3
ban,3
lacks,3
olmecs,3
potrero,3
question,3
present,3
model,3
accepted,3
ecology,3
local,3
understanding,3
tulane,3
skeletal,3
juan,3
markers,3
theories,3
andrews,3
language,3
rulers,3
high,3
article,3
craft,3
become,3
marine,3
quarterly,3
ann,3
colosal,3
provide,3
usually,3
maps,3
program,3
collections,3
serpentine,3
platform,3
fall,3
oldest,3
interpretive,3
susan,3
investigate,3
cabeza,3
heavy,3
following,3
considered,3
civilizations,3
series,3
mentioned,3
too,3
text,3
monumentos,3
believe,3
best,3
clarify,3
current,3
merely,3
volcanic,3
particular,3
nearby,3
problem,3
her,3
institute,3
explored,3
information,3
reappraising,3
ascertain,3
revista,3
categories,3
presented,3
entire,3
transport,3
ill,3
little,3
antigua,3
original,3
come,3
finding,3
mative,3
southeastern,3
busts,3
deposits,3
observed,3
should,3
woven,2
given,2
juego,2
difficult,2
stuart,2
meaning,2
she,2
separated,2
expedition,2
caches,2
introduction,2
sitios,2
speakers,2
colegio,2
saved,2
identify,2
tend,2
estadistica,2
sets,2
strictly,2
di,2
completely,2
ojochi,2
former,2
ponciano,2
position,2
talking,2
unlike,2
scientist,2
schol,2
detected,2
princeton,2
gap,2
campbell,2
severely,2
implications,2
military,2
sampling,2
waldo,2
worked,2
geografia,2
ranching,2
layout,2
excavating,2
tradition,2
leading,2
suggesting,2
differences,2
able,2
graham,2
lv,2
ambiguous,2
relieves,2
issue,2
correlated,2
merry,2
matthew,2
celts,2
iv,2
agriculture,2
discuss,2
implies,2
ball,2
reply,2
exports,2
hammond,2
contemporaneous,2
positioned,2
far,2
jungle,2
quantity,2
cited,2
beneath,2
symonds,2
sanchez,2
exposed,2
key,2
calculated,2
gutierrez,2
due,2
chicharras,2
neighbors,2
reflection,2
aligned,2
distinct,2
old,2
clark,2
interim,2
david,2
balls,2
refer,2
concerning,2
spanned,2
houses,2
radio,2
espacios,2
compared,2
americanos,2
discovering,2
piedra,2
tesis,2
traits,2
ment,2
walls,2
languages,2
ridge,2
excavate,2
philadelphia,2
without,2
supernatural,2
rather,2
cavations,2
developed,2
angeles,2
serra,2
represented,2
burial,2
bruggerman,2
supplement,2
eight,2
landscapes,2
derived,2
pages,2
elaborate,2
offering,2
arbor,2
morelos,2
miscellaneous,2
shell,2
altar,2
support,2
vera,2
plaza,2
developments,2
consider,2
possibly,2
intensive,2
emergence,2
dated,2
elsewhere,2
just,2
dyn,2
zacatenco,2
traces,2
house,2
show,2
commented,2
lithic,2
readings,2
beyond,2
consequence,2
always,2
exploitation,2
utah,2
subsidiary,2
overland,2
helped,2
mon,2
artistic,2
greater,2
uses,2
prehistoric,2
location,2
access,2
initial,2
correlates,2
inter,2
ranking,2
pajapan,2
oklahoma,2
viewpoints,2
barba,2
war,2
applied,2
precldsico,2
placed,2
absolute,2
tuxda,2
technical,2
because,2
aspects,2
bc,2
scope,2
reconnaissances,2
nearest,2
significantly,2
stir,2
wedel,2
confined,2
comment,2
contain,2
year,2
northwest,2
rojas,2
beads,2
sculptural,2
away,2
stanford,2
own,2
memoirs,2
ucla,2
refuse,2
either,2
bibliographies,2
viable,2
revolution,2
things,2
indicators,2
sharp,2
quite,2
around,2
airfield,2
terpretations,2
characteristics,2
workshops,2
cacao,2
executed,2
distinguished,2
villages,2
annual,2
progress,2
productivity,2
otros,2
massive,2
seemed,2
justeson,2
procure,2
arrangement,2
matter,2
attempts,2
variety,2
drainage,2
escuela,2
tonala,2
economic,2
indeed,2
synthesis,2
benson,2
etc,2
pemex,2
leon,2
heye,2
interactions,2
initially,2
spectacular,2
cor,2
technology,2
under,2
drain,2
participants,2
publishing,2
rectangular,2
efforts,2
colored,2
indian,2
williams,2
jaguar,2
frameworks,2
functioned,2
wicke,2
shaped,2
name,2
book,2
participated,2
archaeologically,2
toward,2
others,2
rock,2
lengthy,2
votive,2
marker,2
absent,2
match,2
crop,2
diverse,2
identical,2
man,2
linguistic,2
honor,2
hand,2
monographs,2
chain,2
shown,2
creature,2
axes,2
michael,2
coloquio,2
necessary,2
nueva,2
reconstructing,2
glyphs,2
distance,2
widespread,2
day,2
remained,2
disagreements,2
antropologicas,2
status,2
analyzed,2
greatest,2
lauck,2
treated,2
range,2
lake,2
sixth,2
detailed,2
asentamiento,2
top,2
entirely,2
virtually,2
aesthetics,2
harvard,2
resulting,2
questions,2
examination,2
previous,2
patterm,2
explorations,2
mayan,2
oc,2
points,2
characterized,2
change,2
spread,2
him,2
obtained,2
mountain,2
running,2
primer,2
problems,2
viewpoint,2
palo,2
plate,2
hi,2
statue,2
estero,2
destruction,2
sociopolitical,2
cen,2
opposite,2
postulate,2
imply,2
breve,2
sometimes,2
impressive,2
ideology,2
testing,2
pieces,2
discards,2
trabajos,2
autonoma,2
lodestone,2
seen,2
paraphernalia,2
stuckenrath,2
life,2
diagnostic,2
table,2
composed,2
mother,2
centuries,2
sandstone,2
unusual,2
mud,2
areal,2
earliest,2
detail,2
changing,2
ceja,2
asentamientos,2
continues,2
soil,2
originators,2
cri,2
cover,2
etnohistoria,2
descriptions,2
different,2
worth,2
capital,2
unknown,2
volcano,2
traditionalists,2
prindiville,2
rely,2
associations,2
proposed,2
hamlets,2
pri,2
ballgame,2
cal,2
helping,2
altars,2
alfonso,2
notable,2
geomorfologia,2
investigation,2
whether,2
selected,2
orleans,2
thames,2
periphery,2
cerarnica,2
size,2
researchers,2
bentonite,2
paintings,2
sharer,2
marily,2
city,2
practices,2
courses,2
press,2
ac,2
chitecture,2
techniques,2
whatever,2
simply,2
territory,2
discussion,2
indians,2
sistema,2
remarks,2
illmenite,2
cuadernos,2
ultimately,2
spacing,2
mojarra,2
recovering,2
ended,2
approximately,2
need,2
specialists,2
smaller,2
ciudad,2
earthen,2
coffer,2
horizonte,2
monolitos,2
typology,2
canons,2
comparison,2
fonda,2
specific,2
potential,2
carbon,2
removed,2
tolstoy,2
tribes,2
mystery,2
views,2
corral,2
northwestern,2
verified,2
immediately,2
strong,2
technological,2
profiles,2
col,2
spoken,2
courts,1
ars,1
exhibiting,1
housekeeping,1
ending,1
petrologic,1
now,1
order,1
interpre,1
transportation,1
done,1
ofrendas,1
jewels,1
sterile,1
poorly,1
statuette,1
indicated,1
religions,1
reporte,1
nontradition,1
privately,1
akten,1
stood,1
vienna,1
scholar,1
faced,1
librairie,1
affected,1
deduced,1
extend,1
ubicacion,1
margins,1
lated,1
red,1
magnetic,1
adoption,1
chicarras,1
gion,1
poblaciones,1
grasses,1
aproximacion,1
realizados,1
legitimization,1
germany,1
wine,1
bloques,1
village,1
tigers,1
reccion,1
boca,1
agua,1
residences,1
replaced,1
ineditos,1
villahermosa,1
achievements,1
olmequismo,1
currently,1
subjectively,1
essays,1
prevented,1
columns,1
ma,1
raices,1
nota,1
confines,1
gmt,1
comunidades,1
constitutes,1
postdate,1
summaries,1
memoria,1
tallada,1
unraveling,1
ilmenita,1
favor,1
expects,1
flows,1
ms,1
trenching,1
conclusive,1
reesculpido,1
trace,1
protection,1
fixed,1
tifacts,1
necessarily,1
tween,1
equidistantly,1
pasture,1
turtle,1
holding,1
before,1
assisted,1
accomplishments,1
unite,1
impeded,1
lowlands,1
blade,1
po,1
nuevas,1
revision,1
nonetheless,1
uplifting,1
mexicaines,1
tigations,1
du,1
updated,1
limestone,1
turning,1
salvage,1
mangos,1
cutting,1
diffusion,1
pleaded,1
lower,1
sidewall,1
said,1
pretive,1
tons,1
melvin,1
olive,1
limasa,1
way,1
abundant,1
petroleos,1
zona,1
topographic,1
concur,1
creation,1
disagreement,1
distinguishing,1
nonexistent,1
tiempo,1
give,1
colors,1
meters,1
might,1
kilometers,1
questioned,1
abraded,1
assist,1
script,1
rare,1
demonstrable,1
pretations,1
kent,1
youngest,1
majesty,1
salvador,1
puebla,1
xxxiv,1
words,1
definition,1
apologize,1
dramatically,1
metate,1
immense,1
reach,1
americanensium,1
hellmuth,1
available,1
interred,1
route,1
secondary,1
agrarian,1
broken,1
accompanied,1
borders,1
highland,1
display,1
thank,1
gradual,1
petrology,1
exotic,1
rich,1
assembled,1
inferencias,1
follows,1
spaced,1
revisions,1
imperio,1
inherent,1
xiii,1
reed,1
farther,1
reveal,1
onto,1
overall,1
characterizing,1
room,1
delaying,1
existio,1
sees,1
carnegie,1
real,1
invalidate,1
farmer,1
deemed,1
golfo,1
help,1
basal,1
achieved,1
fresh,1
last,1
inferring,1
replicated,1
chiefdoms,1
rrganization,1
situ,1
principal,1
classified,1
platforms,1
magnetometro,1
alike,1
somewhat,1
replies,1
ash,1
alluviation,1
elucidating,1
widening,1
escenas,1
worldwide,1
cuenca,1
sq,1
ad,1
debitage,1
datable,1
wasted,1
suspect,1
reconstruction,1
westview,1
clarence,1
geologica,1
assertions,1
albeit,1
bird,1
capacity,1
primary,1
bones,1
u,1
standardizing,1
nology,1
cleared,1
nificant,1
right,1
blanca,1
solving,1
multiton,1
reanalysis,1
uinois,1
characterizes,1
stepped,1
chapter,1
gardens,1
porter,1
quantities,1
replacement,1
felt,1
determined,1
marked,1
cuatemario,1
securely,1
paucity,1
zones,1
sumption,1
sallade,1
move,1
obvious,1
fine,1
premature,1
community,1
occurring,1
mental,1
serie,1
point,1
except,1
pile,1
x,1
overlooking,1
chart,1
apply,1
above,1
mundane,1
contusion,1
minimum,1
zone,1
pelota,1
collection,1
arqueologica,1
behavior,1
attract,1
seriations,1
complicating,1
controlled,1
funded,1
mid,1
fechas,1
labor,1
learned,1
vides,1
appreciably,1
derlie,1
accessible,1
throughout,1
royal,1
unpublished,1
reflective,1
que,1
trieve,1
relationships,1
saville,1
southwestern,1
historically,1
uz,1
cupules,1
difficulties,1
representations,1
descifrando,1
costero,1
scarce,1
illustrates,1
interior,1
schavelzon,1
cronologia,1
creators,1
tables,1
ael,1
pla,1
invaders,1
jester,1
corner,1
millennium,1
intact,1
interest,1
becoming,1
regarded,1
ag,1
flurry,1
concentrations,1
lationship,1
distri,1
ern,1
capped,1
amounts,1
santa,1
predicament,1
occurs,1
subsection,1
arroyo,1
characteristic,1
actas,1
guillen,1
topic,1
trail,1
espacio,1
z,1
unreported,1
slabs,1
teotepec,1
diocarbon,1
sanders,1
manufactured,1
elements,1
nor,1
better,1
recarving,1
unillustrated,1
evident,1
archaeol,1
hampering,1
turned,1
sequentially,1
back,1
petrographic,1
pothesis,1
body,1
ha,1
simplest,1
columbia,1
listened,1
terpretive,1
uncorrected,1
left,1
estimate,1
xxxiii,1
aguayo,1
like,1
tral,1
semantic,1
participating,1
nondomestic,1
explore,1
geological,1
mul,1
innovators,1
pueblo,1
memoir,1
look,1
prime,1
bennett,1
sary,1
details,1
tuxtias,1
existe,1
conducting,1
jones,1
generation,1
tained,1
loan,1
hallazgos,1
restricting,1
ton,1
sirnilarities,1
error,1
virtual,1
disks,1
resulted,1
murales,1
stra,1
unlikely,1
mokaya,1
poor,1
underlay,1
explanations,1
via,1
simultaneously,1
photogrammetry,1
ditional,1
manipulated,1
adequate,1
wrestled,1
neces,1
cally,1
century,1
cuatro,1
journeyed,1
counte,1
ling,1
sociated,1
masterpieces,1
etudes,1
patron,1
bring,1
portrayed,1
gobematura,1
rupestre,1
impetus,1
morrison,1
how,1
remnants,1
edward,1
magnetometers,1
ra,1
furthermore,1
lie,1
organizing,1
teria,1
levee,1
presentation,1
notion,1
process,1
remote,1
merced,1
veracruzano,1
unique,1
excavators,1
vinculos,1
soldados,1
dealt,1
arrangements,1
fase,1
determining,1
reworked,1
heard,1
associate,1
after,1
arcaica,1
se,1
inland,1
international,1
disarticulated,1
exposicion,1
papaloapan,1
envision,1
symbols,1
sonso,1
standard,1
obsidiana,1
burials,1
summarized,1
dotting,1
cueva,1
epotrero,1
ros,1
guides,1
lots,1
constitute,1
pearance,1
modified,1
understand,1
category,1
zurita,1
ballcourt,1
changes,1
garber,1
perceptions,1
litica,1
unearths,1
plus,1
sym,1
lane,1
dichotomy,1
les,1
laboration,1
olmequizacion,1
tuxtlas,1
revolutionaries,1
neutral,1
appearing,1
peasant,1
slowly,1
plat,1
fish,1
misterios,1
proved,1
ceramica,1
section,1
days,1
lvd,1
aly,1
gradually,1
sheer,1
epoca,1
curred,1
argued,1
bemal,1
frequently,1
calendar,1
delgado,1
upper,1
accumulating,1
ibanez,1
proven,1
agricultural,1
commonly,1
basalts,1
asociacion,1
ascer,1
exploited,1
comparisons,1
ques,1
albuquerque,1
connecting,1
azuzul,1
geo,1
termi,1
us,1
organi,1
stocker,1
painted,1
celt,1
reconsideration,1
clasificacion,1
plenum,1
msap,1
famed,1
syntheses,1
adapted,1
cut,1
advocated,1
perceive,1
constructive,1
charcoal,1
puzzle,1
character,1
expressed,1
limits,1
result,1
closely,1
recog,1
posible,1
occurred,1
allow,1
attributing,1
declined,1
could,1
carrying,1
tilation,1
conservative,1
demise,1
erosion,1
faunal,1
search,1
called,1
color,1
explanatory,1
gods,1
mapping,1
gemelas,1
ambitious,1
effort,1
seven,1
signify,1
shared,1
primacy,1
etapa,1
noting,1
endeavor,1
tigraphic,1
commoners,1
captured,1
ogy,1
suarez,1
philosophical,1
base,1
pavements,1
mined,1
ceived,1
pre,1
evaluate,1
bution,1
accurately,1
botanists,1
divided,1
undeniable,1
chinese,1
informed,1
though,1
focused,1
displayed,1
tamped,1
photography,1
mate,1
simple,1
duced,1
volcanos,1
persons,1
ecologitas,1
sig,1
antropologico,1
excellent,1
scale,1
industria,1
otherwise,1
contiguous,1
lowe,1
produce,1
shepard,1
enough,1
bow,1
decapitation,1
photo,1
substan,1
gained,1
soustelle,1
tially,1
influenced,1
notaciones,1
products,1
directly,1
eduardo,1
anna,1
traditionalist,1
basis,1
ballgames,1
distinguish,1
charred,1
relief,1
decipherment,1
zoomorphic,1
velson,1
rainy,1
aquifers,1
blue,1
carry,1
suggestion,1
future,1
concept,1
prominent,1
characterization,1
optical,1
su,1
uncover,1
london,1
breeding,1
nontraditional,1
competing,1
example,1
casa,1
overlay,1
clearer,1
indigenous,1
round,1
excessive,1
howel,1
neutrality,1
bols,1
surprise,1
egalitarian,1
literature,1
surrounds,1
overview,1
photographed,1
geomantic,1
vivienda,1
fit,1
discussions,1
refined,1
postulated,1
expansive,1
broad,1
beginnings,1
records,1
people,1
relevance,1
alists,1
falling,1
abaj,1
thereafter,1
internacional,1
transported,1
ethnohistoric,1
lifeways,1
saw,1
becomes,1
surrounding,1
haven,1
il,1
mantic,1
oxtotitlan,1
rafts,1
cornerstone,1
polity,1
attributed,1
weeks,1
sampled,1
manifestation,1
tioned,1
annotated,1
compass,1
excavaciones,1
momentous,1
responses,1
crew,1
codirected,1
chiquito,1
successful,1
multifaceted,1
saurian,1
working,1
cooperative,1
especial,1
assay,1
stage,1
involve,1
speculations,1
cer,1
presencia,1
villagers,1
encroached,1
catalog,1
stimulated,1
resultados,1
heart,1
encompasses,1
sole,1
intervals,1
habitation,1
eco,1
sufficient,1
astounding,1
altered,1
concerns,1
highly,1
revealing,1
resolution,1
depression,1
milagro,1
mats,1
colosalcs,1
usual,1
boundaries,1
sculptures,1
geologically,1
jades,1
fully,1
up,1
tivities,1
dependent,1
mtimate,1
prospeccion,1
antiguedad,1
reflected,1
patrones,1
newly,1
tley,1
finds,1
fluted,1
rancho,1
directional,1
rueda,1
lvm,1
digging,1
geomorphology,1
bassin,1
inspection,1
haas,1
meaningfully,1
morphology,1
critical,1
estrategica,1
licenciado,1
horizons,1
highlights,1
feline,1
personage,1
evidencias,1
exterior,1
exotics,1
wane,1
expanse,1
commu,1
arqueologicos,1
bringing,1
tively,1
catchment,1
symmetrical,1
estilo,1
isidro,1
incorrect,1
doctoral,1
short,1
ascertained,1
anomalies,1
archetype,1
intended,1
corporation,1
return,1
forward,1
exception,1
posed,1
opinion,1
extreme,1
jewelry,1
mystique,1
gift,1
reduce,1
academico,1
convince,1
garden,1
lopez,1
symmetry,1
outer,1
respondence,1
dle,1
hester,1
seemingly,1
surveyed,1
hold,1
phasing,1
niques,1
structural,1
southeast,1
roberto,1
para,1
scarcity,1
mexicanos,1
once,1
eral,1
mesoamericaines,1
collect,1
bearings,1
interpretation,1
violence,1
reference,1
coverage,1
acknowledgments,1
rain,1
ring,1
hueyapan,1
god,1
challenged,1
plex,1
crocodilians,1
neither,1
coeval,1
clarified,1
compiled,1
mz,1
ixuing,1
swamp,1
planned,1
supplied,1
complete,1
topo,1
prehispdnicos,1
lord,1
shifting,1
refine,1
ed,1
floor,1
topical,1
largest,1
illustrated,1
veracruzana,1
oftres,1
disagreed,1
increasingly,1
situates,1
meets,1
yugo,1
sketch,1
considers,1
fix,1
possibilities,1
sam,1
recycled,1
lack,1
walled,1
eruption,1
threeto,1
chicanel,1
mineralogical,1
untested,1
flanked,1
houston,1
heritage,1
omission,1
coming,1
power,1
runs,1
fell,1
undetermined,1
death,1
academy,1
bove,1
rejects,1
put,1
fundamental,1
antiquitatum,1
addition,1
jose,1
projects,1
water,1
smith,1
missing,1
lacked,1
theocracy,1
deficient,1
joyce,1
shows,1
longer,1
inves,1
precision,1
consideration,1
games,1
temples,1
villa,1
complementing,1
sedimentation,1
pacifico,1
agree,1
depict,1
remplas,1
attempting,1
nize,1
daily,1
john,1
fallen,1
rica,1
contemporary,1
substantially,1
inherently,1
pennsylvania,1
oall,1
utilize,1
worn,1
fragments,1
external,1
arly,1
producuvidad,1
ruler,1
puzzling,1
forms,1
readers,1
tier,1
precinct,1
mischaracterizations,1
adjacent,1
aplicacion,1
fame,1
paris,1
ground,1
prelirninar,1
santiago,1
centre,1
cruz,1
manner,1
cles,1
redonda,1
secular,1
phytoliths,1
izapa,1
continuing,1
occupied,1
wyshak,1
gra,1
non,1
mex,1
hinterlands,1
surprises,1
nance,1
answer,1
ceremo,1
scientic,1
ished,1
origin,1
spring,1
por,1
deep,1
books,1
hamilton,1
cosmos,1
lid,1
como,1
bas,1
nacaste,1
streets,1
paleopaysages,1
chalcatz,1
wrapped,1
remove,1
dieta,1
demonstrated,1
matrix,1
ject,1
recognizing,1
zation,1
aarqueologicas,1
antiguedades,1
exhibit,1
sitioning,1
hallmark,1
extended,1
extension,1
influences,1
background,1
lands,1
apogee,1
complejo,1
reversed,1
surfaces,1
tipo,1
stuck,1
uplift,1
concluding,1
writings,1
formal,1
drills,1
amerikanisten,1
previously,1
depended,1
troughs,1
chaeology,1
template,1
hieroglyphic,1
elucidated,1
controlling,1
columnar,1
ponds,1
clouded,1
mortar,1
largely,1
rivers,1
refers,1
factor,1
relaciones,1
ideas,1
cerr,1
extraordinarily,1
maiz,1
net,1
investigating,1
roman,1
resolved,1
resource,1
rammed,1
continue,1
soconusco,1
heinrich,1
purposeful,1
pozo,1
niche,1
optimistic,1
nevertheless,1
arguably,1
anuario,1
sev,1
open,1
stelae,1
meanings,1
clear,1
sherd,1
modem,1
adding,1
frustrated,1
hers,1
comprehensive,1
sensitivity,1
publication,1
estructura,1
dominated,1
clue,1
congreso,1
internazionale,1
rebecca,1
faces,1
foodways,1
analisis,1
co,1
pin,1
individual,1
symposium,1
christopher,1
divisions,1
allowed,1
someone,1
reviewers,1
helpful,1
revised,1
would,1
ny,1
diagonally,1
function,1
plant,1
attribution,1
features,1
mask,1
antecedentes,1
indisputable,1
course,1
trek,1
filled,1
hacienda,1
proximity,1
households,1
theocratic,1
fancy,1
fred,1
elusive,1
adequately,1
terpret,1
covar,1
ap,1
men,1
inscribed,1
why,1
favored,1
graphic,1
carlson,1
discarded,1
random,1
internal,1
conspicuously,1
matched,1
mathews,1
often,1
unconvinced,1
correct,1
relation,1
hastily,1
simpler,1
topics,1
exactly,1
caused,1
crc,1
examine,1
steps,1
calzadas,1
beverido,1
obscure,1
ceives,1
problema,1
james,1
artistico,1
raised,1
distant,1
vide,1
slightly,1
salina,1
equivalent,1
versus,1
slab,1
institution,1
nomic,1
positioning,1
testimonio,1
tenuous,1
anomaly,1
productive,1
encompassing,1
attended,1
bpj,1
clusters,1
visit,1
separate,1
cobata,1
garbe,1
consequences,1
neu,1
nontraditionalist,1
dealing,1
entitled,1
space,1
joya,1
precldsicas,1
seasons,1
unstable,1
fifty,1
fractions,1
rac,1
assigned,1
abundance,1
coterminous,1
processed,1
vestigated,1
fairly,1
mu,1
foreign,1
effects,1
suggestive,1
purposes,1
palenque,1
tech,1
flowed,1
ollano,1
begin,1
validity,1
lines,1
clewlow,1
debates,1
resumed,1
derive,1
reconocimiento,1
trait,1
referred,1
means,1
nonolmec,1
success,1
siderably,1
aa,1
force,1
velopment,1
millennia,1
dirt,1
visual,1
theless,1
sonal,1
sequences,1
remaining,1
originated,1
recognize,1
rapidly,1
deals,1
covering,1
cronica,1
indicaciones,1
archeologie,1
settled,1
solano,1
introductory,1
methods,1
geologist,1
pipeline,1
causeways,1
hope,1
chamber,1
frontier,1
stratified,1
tecture,1
attached,1
months,1
exists,1
enclosure,1
face,1
mirror,1
gathered,1
accumu,1
tenorio,1
berger,1
matters,1
addressed,1
felinos,1
enigma,1
inactivity,1
sections,1
guatemalan,1
contemplated,1
suggestions,1
museogrdfica,1
thinking,1
mainly,1
prohibited,1
antecedent,1
comes,1
conclusion,1
zuzulta,1
ethnological,1
conjunction,1
altares,1
ples,1
carmen,1
founded,1
complexes,1
reportaje,1
canton,1
constituted,1
caught,1
hypothesized,1
detect,1
dmcker,1
reinforced,1
inadvertent,1
ricultural,1
petrochemical,1
constructed,1
discrete,1
proposes,1
corrections,1
trenches,1
generic,1
temple,1
funding,1
sciences,1
earle,1
organizational,1
gran,1
tlatilco,1
erected,1
know,1
outcome,1
crocodile,1
defining,1
botas,1
intellectual,1
escultoricas,1
rectified,1
paper,1
bibliogrdfico,1
cultures,1
publicly,1
tomb,1
actuality,1
arquitectura,1
homocentrism,1
refinements,1
extraction,1
contained,1
connection,1
lagoon,1
contextual,1
equivocal,1
ph,1
mecan,1
constructions,1
domestica,1
regard,1
chia,1
eventually,1
ideological,1
particularly,1
sc,1
linked,1
speculation,1
infer,1
goods,1
lagoons,1
plazas,1
americanistas,1
audience,1
aerial,1
relacionadas,1
generalized,1
pit,1
housemounds,1
closest,1
bisecting,1
structed,1
oliver,1
destroyed,1
places,1
america,1
portions,1
qualitatively,1
etiopico,1
latest,1
recarved,1
animal,1
rabon,1
game,1
alabama,1
ruins,1
grafico,1
proceedings,1
carefully,1
reanalyzed,1
combined,1
spatial,1
terms,1
nonsystematic,1
multidisciplinary,1
making,1
references,1
yielded,1
cause,1
independently,1
mandible,1
covers,1
squier,1
sus,1
hoped,1
validate,1
passed,1
ait,1
cently,1
leaving,1
ethnography,1
supplemented,1
domesticos,1
utilitarian,1
foundations,1
magnetometria,1
require,1
ductive,1
yield,1
balance,1
apartment,1
witnessing,1
archi,1
infant,1
incorrectly,1
fourteen,1
des,1
pyramidscience,1
popular,1
element,1
practical,1
nj,1
magnificent,1
dialogues,1
culturas,1
unilinear,1
must,1
preserved,1
careful,1
feat,1
rocas,1
multiple,1
thereby,1
fenomeno,1
pas,1
elucidate,1
estudio,1
confirm,1
centro,1
oriente,1
role,1
antagonism,1
hieroglyphs,1
variability,1
existing,1
coapexco,1
hy,1
step,1
duction,1
measure,1
oil,1
obtain,1
reconstruct,1
contreras,1
viding,1
families,1
phenomenon,1
glyphic,1
pol,1
evidenced,1
aspect,1
construed,1
varied,1
hallinan,1
prepared,1
beside,1
titulo,1
comparable,1
algunos,1
antiguo,1
formation,1
plumajillo,1
devoted,1
obliged,1
roots,1
spirited,1
differentiation,1
reveals,1
terion,1
disposal,1
tilinear,1
kruger,1
advent,1
replace,1
illinois,1
crecimiento,1
sought,1
iconoclasts,1
imperative,1
completed,1
publicized,1
wish,1
arnold,1
contributed,1
actively,1
sagrados,1
gelatinous,1
regionales,1
mamom,1
define,1
nonarchaeological,1
green,1
heartland,1
states,1
arti,1
aqueducts,1
colleagues,1
reexcavating,1
attempted,1
off,1
await,1
knuckle,1
francisco,1
association,1
shift,1
auxilio,1
speak,1
increased,1
classification,1
ranged,1
archaic,1
roles,1
summary,1
traveling,1
anonymous,1
flooding,1
tations,1
asuntos,1
vieja,1
pertain,1
frans,1
classificatory,1
destiempo,1
consisted,1
vary,1
pool,1
create,1
exclusively,1
calendars,1
corn,1
william,1
traditional,1
duration,1
ends,1
building,1
broader,1
chontalpa,1
indicating,1
built,1
representational,1
showed,1
predicated,1
super,1
illuminated,1
looking,1
hallazgo,1
