WORDCOUNTS,WEIGHT
the,1332
of,976
and,950
in,557
a,292
coastal,258
to,248
valdivia,207
ecuador,206
from,173
formative,154
de,134
at,131
la,130
phase,128
pp,124
p,123
as,122
j,121
is,115
that,112
with,108
el,106
et,104
machalilla,104
ceramic,100
early,100
are,95
on,94
was,91
for,88
late,84
this,73
del,70
by,69
were,67
american,65
sw,64
archaeological,62
have,61
e,59
m,59
chorrera,58
these,57
period,55
has,55
s,54
such,54
an,53
d,53
oro,52
also,51
most,50
culture,50
been,50
fig,47
regional,46
between,45
diagnostics,44
sites,44
meggers,44
gulf,44
it,43
stylistic,43
south,43
upon,43
be,43
university,42
research,42
bp,41
subregions,41
evidence,41
staller,40
related,40
various,40
sequence,40
guayaquil,39
ecuadorian,39
pottery,39
y,37
coast,37
complex,36
province,35
manabi,34
annual,33
andean,33
into,32
vol,32
along,32
more,32
n,31
cultural,31
during,31
archaeology,31
or,31
c,31
changes,30
occupation,30
developmental,30
h,29
g,28
dates,28
b,28
san,28
forms,28
antiquity,28
site,27
r,27
presented,27
later,26
other,26
new,26
rio,26
lathrap,25
no,25
tradition,24
en,24
w,24
appear,24
based,24
cordillera,24
but,24
development,23
southern,23
maize,22
may,22
well,22
regions,22
portion,22
analysis,22
guayas,21
excavations,21
subsistence,21
viii,21
which,21
maritime,21
technological,21
western,20
part,20
settlement,20
initially,20
i,20
complexes,20
over,20
north,20
recent,20
all,19
santa,19
basis,19
chronological,19
patterns,19
marcos,19
northern,19
table,19
attributes,19
date,18
some,18
bowls,18
central,18
estrada,18
their,18
suggest,18
earliest,18
associated,18
paper,18
cultures,18
jama,18
distinct,17
esmeraldas,17
origins,17
chronology,17
occupations,17
derived,17
cultivation,17
layers,17
area,17
evans,16
real,16
there,16
phases,16
peru,16
prehistoric,16
department,16
identified,16
only,16
time,16
v,16
material,16
plant,16
not,16
museo,16
vessel,16
resources,16
differences,15
investigations,15
america,15
than,15
river,15
tropical,15
elena,15
environmental,14
they,14
sherds,14
inland,14
peninsula,14
andes,14
subregion,14
society,14
f,14
historia,14
areas,14
phd,14
final,13
archaeologists,13
l,13
prehistory,13
boletin,13
end,13
emerenciana,13
spread,13
indicate,13
las,13
terms,13
vessels,13
tabuchila,13
transition,13
although,13
manabf,13
those,12
con,12
ceramics,12
latin,12
result,12
found,12
out,12
appears,12
directly,12
field,12
smithsonian,12
populations,12
innovation,12
ancient,12
where,12
lorenzo,12
zeidler,12
nacional,12
what,12
plants,12
reported,12
variability,12
interaction,12
red,11
eastern,11
figs,11
regarding,11
jr,11
perceived,11
k,11
jars,11
societies,11
bc,11
apparent,11
diagnostic,11
generally,11
periods,11
ceremonial,11
single,11
about,11
ecuatoriana,11
range,11
clear,11
after,11
adaptive,11
primarily,11
un,11
current,11
economy,11
world,11
valley,11
meeting,11
greater,10
lowlands,10
engoroy,10
throughout,10
since,10
costa,10
loma,10
shell,10
sociocultural,10
distribution,10
initial,10
los,10
precipitation,10
change,10
social,10
museum,10
libertad,10
re,10
variety,10
economic,10
al,10
many,10
ranging,10
mangrove,10
hill,10
when,10
forest,10
anthropomorphic,10
measurements,10
geographic,10
quito,10
vi,10
ca,10
one,9
diffusion,9
ii,9
highland,9
international,9
ritual,9
human,9
paulsen,9
journal,9
focused,9
rather,9
highlands,9
had,9
estudios,9
near,9
island,9
represents,9
technology,9
motifs,9
figurines,9
style,9
made,9
region,9
open,9
times,9
species,9
art,9
jijon,9
include,9
much,9
among,9
now,8
affinities,8
institution,8
earlier,8
direct,8
established,8
important,8
mate,8
reduction,8
bowl,8
interpreted,8
horizon,8
alto,8
around,8
milagro,8
academia,8
two,8
distributions,8
another,8
vii,8
publication,8
so,8
crafted,8
primer,8
exchange,8
bulletin,8
different,8
particularly,8
agricultural,8
both,8
our,8
manta,8
average,8
hills,8
indicated,7
introduction,7
history,7
finely,7
buena,7
east,7
agriculture,7
review,7
relationships,7
southwestern,7
bottles,7
narrio,7
dry,7
similar,7
factors,7
informe,7
piquigua,7
further,7
line,7
memoirs,7
sitio,7
absence,7
rims,7
scholars,7
pattern,7
arqueologia,7
cul,7
ecology,7
local,7
understanding,7
chronologies,7
cultura,7
urbana,7
composite,7
obsidian,7
carried,7
ecological,7
any,7
complexity,7
banco,7
stratigraphic,7
while,7
middle,7
despite,7
role,7
constricted,7
association,7
shift,7
assumed,7
damp,7
nino,7
ways,6
before,6
contexts,6
first,6
topographic,6
taken,6
simposio,6
link,6
subsequent,6
cerro,6
marine,6
similarities,6
slip,6
effigy,6
recorded,6
possible,6
due,6
tolita,6
developed,6
bolivar,6
ex,6
organization,6
correlaciones,6
presumed,6
alta,6
suggested,6
basin,6
cabuya,6
provincial,6
pedro,6
data,6
zoomorphic,6
punta,6
climatic,6
cosmology,6
sea,6
he,6
emilio,6
synthesis,6
sobre,6
indicates,6
pacific,6
victor,6
challenged,6
mound,6
water,6
provincia,6
antropologicas,6
evolution,6
radiocarbon,6
characterized,6
high,6
littoral,6
science,6
vertical,6
widespread,6
seen,6
sequences,6
stable,6
series,6
extensive,6
known,6
plate,6
natural,6
anthropology,6
post,6
number,6
form,6
adaptation,6
extent,6
tions,6
years,6
defined,6
increased,6
focus,6
major,6
o,5
calibrated,5
elaborately,5
center,5
large,5
mesoamerica,5
dc,5
sumptuary,5
studies,5
pots,5
being,5
consistent,5
concentrated,5
kilometers,5
great,5
ramic,5
jell,5
expansion,5
surveys,5
cuenca,5
mm,5
unpublished,5
arqueologico,5
estimates,5
evident,5
machala,5
even,5
traditions,5
general,5
salt,5
walls,5
humboldt,5
york,5
tectonic,5
una,5
represented,5
ce,5
certain,5
contributions,5
study,5
arid,5
surface,5
irrigation,5
lowland,5
appearance,5
base,5
handbook,5
spout,5
record,5
intense,5
fired,5
proliferation,5
relaciones,5
excavated,5
peruvian,5
long,5
characteristics,5
highly,5
components,5
dramatic,5
results,5
isidro,5
jelf,5
adapted,5
verde,5
yet,5
boundary,5
same,5
layer,5
present,5
see,5
assemblages,5
cult,5
environments,5
detailed,5
food,5
conditions,5
decorated,5
revised,5
especially,5
streams,5
note,5
collections,5
ing,5
phytolith,5
then,5
terrestrial,5
der,5
bottle,5
domestic,5
far,5
beginning,5
volcanic,5
cooking,5
cotocollao,5
suggests,5
conference,5
vista,5
techniques,5
zones,5
mative,5
approximately,5
specialists,5
supported,5
formal,5
chicago,5
arenillas,5
lanning,5
fase,4
separated,4
affected,4
distributed,4
settlements,4
cycles,4
refers,4
nature,4
formativo,4
analyses,4
hunting,4
survey,4
influences,4
within,4
context,4
british,4
side,4
moisture,4
characterize,4
strombus,4
preceramic,4
point,4
goods,4
dependence,4
component,4
clay,4
ediciones,4
columbia,4
geological,4
sociedad,4
higher,4
levels,4
contour,4
slipped,4
amazonian,4
se,4
aquatic,4
animals,4
raymond,4
transpacific,4
placed,4
archeological,4
closely,4
ocean,4
ogy,4
meter,4
institute,4
population,4
explain,4
dumbarton,4
sedentism,4
having,4
used,4
rainy,4
subphases,4
london,4
relative,4
t,4
cold,4
involved,4
migration,4
preliminary,4
rest,4
therefore,4
feline,4
located,4
overall,4
limited,4
religious,4
elaboration,4
examined,4
thought,4
continuity,4
ams,4
bischof,4
stream,4
decorative,4
riverine,4
diverse,4
variation,4
pennsylvania,4
anthropologist,4
outside,4
perhaps,4
chronologically,4
carinated,4
degree,4
preliminar,4
vast,4
cambridge,4
deposits,4
including,4
previously,4
significant,4
use,4
continue,4
low,4
three,4
features,4
flow,4
biblioteca,4
spondylus,4
interpretations,4
greatly,4
contact,4
puerto,4
ferences,4
vegas,4
bureau,4
usually,4
begin,4
lines,4
isotope,4
who,4
tive,4
rectly,4
often,4
supporting,4
documenting,4
differentiated,4
chone,4
fillet,4
distinctions,4
innovations,4
presence,4
report,4
iii,4
deflection,4
historical,4
uppermost,4
seasonal,4
migrations,4
plata,4
extending,4
commodities,4
cuadernos,4
uncalibrated,4
texas,4
environ,4
earthen,4
effects,4
given,4
strong,4
dif,4
tion,3
rera,3
sudamerica,3
per,3
village,3
interrelationships,3
stone,3
formed,3
tures,3
remnants,3
di,3
largely,3
endemic,3
excavation,3
total,3
quevedo,3
lower,3
processes,3
location,3
jubones,3
whistling,3
vegetation,3
raised,3
situ,3
classified,3
california,3
capacity,3
primary,3
associ,3
solely,3
fine,3
west,3
variations,3
cited,3
increase,3
arqueologica,3
diversity,3
explained,3
tables,3
relatively,3
ability,3
mixed,3
zevallos,3
sample,3
extensively,3
dence,3
arena,3
pedestal,3
estimate,3
terrace,3
applique,3
border,3
ment,3
oeste,3
his,3
absent,3
how,3
remain,3
var,3
eight,3
variant,3
straits,3
stirrup,3
emergence,3
profile,3
upper,3
age,3
four,3
schwarz,3
beyond,3
exploitation,3
cut,3
artistic,3
arqueologicas,3
could,3
carrying,3
faunal,3
fishing,3
mesoamerican,3
density,3
produced,3
dispersal,3
antropologico,3
universidad,3
because,3
shape,3
artifacts,3
palacio,3
su,3
casa,3
its,3
dividing,3
desarrollo,3
year,3
documented,3
apparently,3
reflect,3
estuary,3
surrounding,3
formations,3
status,3
trends,3
externally,3
pirincay,3
small,3
civilizaciones,3
decline,3
essentially,3
portions,3
mixing,3
affecting,3
up,3
moist,3
using,3
huancabamba,3
will,3
critical,3
pertaining,3
led,3
approximate,3
contended,3
toward,3
corporation,3
seasons,3
stratigraphy,3
still,3
sedation,3
vicinity,3
communities,3
geomorphologic,3
rubric,3
precolumbian,3
under,3
restricted,3
included,3
amazon,3
ethnographic,3
tic,3
already,3
illustrated,3
patterning,3
increasingly,3
ev,3
published,3
precocious,3
stated,3
others,3
similarly,3
stimulus,3
incorporates,3
fact,3
shows,3
discussed,3
centered,3
anthro,3
neckless,3
considerable,3
hiatus,3
zoned,3
antropologia,3
above,3
native,3
stylistically,3
distance,3
outgrowth,3
pechiche,3
collier,3
divided,3
uplift,3
sides,3
samples,3
hypotheses,3
seriation,3
antropologica,3
factor,3
congress,3
styles,3
dating,3
trade,3
clouds,3
puna,3
ious,3
artificial,3
ture,3
occupa,3
become,3
neck,3
availability,3
differ,3
political,3
attention,3
concluded,3
widely,3
necks,3
space,3
fog,3
continued,3
proyecto,3
altitude,3
enso,3
vargas,3
fields,3
spouts,3
problematic,3
middens,3
forests,3
methodist,3
comes,3
changing,3
intensification,3
comparison,3
here,3
berkeley,3
monthly,3
correspond,3
contextual,3
regard,3
ar,3
infer,3
everted,3
domesticated,3
past,3
according,3
proceedings,3
ent,3
supports,3
forma,3
consisting,3
densities,3
chor,3
through,3
city,3
pre,3
centro,3
devel,3
mcdougle,3
discussion,3
terminal,3
resource,3
locations,3
numerous,3
provided,3
integration,3
forming,3
specific,3
carbon,3
ated,3
temperatures,3
reflecting,3
should,3
primera,3
historicos,3
ollas,3
principios,2
tokyo,2
ments,2
does,2
instituto,2
estimated,2
if,2
generated,2
designated,2
investigaciones,2
extend,2
mology,2
durante,2
conchero,2
mar,2
coastlines,2
piura,2
spine,2
kinds,2
properly,2
library,2
strictly,2
sudden,2
modern,2
station,2
position,2
geometric,2
tween,2
occurred,2
valleys,2
practices,2
significantly,2
either,2
constituting,2
production,2
antiguas,2
bushnell,2
culturally,2
season,2
elusive,2
sub,2
vari,2
england,2
azuay,2
crj,2
physiographic,2
textiles,2
secondary,2
assertion,2
suggesting,2
warm,2
zuta,2
tropics,2
farmers,2
origin,2
punctation,2
disappearance,2
assays,2
sep,2
feature,2
consist,2
state,2
emphasized,2
precisely,2
climate,2
behind,2
case,2
empty,2
existence,2
classifying,2
cerdmica,2
tachina,2
key,2
inca,2
iv,2
incorporate,2
colombia,2
holocene,2
logical,2
paucity,2
jacinto,2
october,2
except,2
complimentary,2
establishment,2
shellfish,2
geomorphological,2
representing,2
galapagos,2
framework,2
goal,2
lections,2
tehuacan,2
opmental,2
congreso,2
chavin,2
author,2
sierra,2
heterogeneity,2
br,2
preparation,2
seeming,2
barrier,2
montana,2
reindel,2
norte,2
dis,2
rank,2
albarradas,2
maintaining,2
perspective,2
epoca,2
pablo,2
selection,2
profound,2
terpreted,2
response,2
serving,2
channels,2
wares,2
difficulty,2
veliz,2
apr,2
compared,2
bone,2
salomon,2
thin,2
networks,2
consequently,2
guarumal,2
diag,2
linkages,2
van,2
affiliations,2
divergence,2
civilization,2
coil,2
referred,2
mexico,2
air,2
locality,2
contin,2
segunda,2
basic,2
midwest,2
notion,2
process,2
incidence,2
entre,2
cave,2
distant,2
tance,2
precious,2
gathering,2
constitute,2
ciocultural,2
perceptions,2
temprano,2
jomon,2
locally,2
flexibility,2
foothills,2
occupational,2
weather,2
shore,2
cotton,2
diffusionary,2
plates,2
signification,2
jan,2
coincide,2
anllulla,2
expressed,2
bearing,2
six,2
called,2
color,2
access,2
centers,2
sedentary,2
symbolically,2
amer,2
ican,2
hispanic,2
guatemala,2
ceramica,2
understood,2
engraved,2
versity,2
nostics,2
recently,2
intensity,2
publications,2
amenable,2
origen,2
however,2
premise,2
surmised,2
val,2
possibility,2
influenced,2
babahoya,2
probably,2
received,2
steep,2
locus,2
concept,2
brought,2
editora,2
gender,2
literature,2
adap,2
issues,2
actually,2
oaks,2
runs,2
internacional,2
gions,2
systematic,2
predominance,2
project,2
artifact,2
concave,2
attributed,2
approach,2
refuse,2
exchanged,2
geomorphol,2
least,2
fied,2
below,2
lowest,2
currents,2
level,2
arbitrary,2
event,2
hemisphere,2
several,2
oct,2
few,2
june,2
distinguished,2
psychotropic,2
fully,2
benz,2
introduced,2
inverted,2
cycle,2
finds,2
subsequently,2
marked,2
symbolism,2
und,2
implications,2
hydration,2
arqueologicos,2
drainage,2
polished,2
scientific,2
separation,2
constituents,2
interdependence,2
july,2
make,2
movement,2
amerindian,2
avian,2
stricted,2
once,2
interpretation,2
incipient,2
reference,2
structure,2
latitude,2
jar,2
coeval,2
parte,2
adjusted,2
light,2
espol,2
broad,2
thorny,2
reports,2
begins,2
skeletons,2
cuaque,2
volume,2
decoration,2
provenience,2
flat,2
wernstedt,2
terminating,2
treatment,2
minnesota,2
striking,2
attempting,2
disturbed,2
ble,2
idence,2
habitat,2
banks,2
shoulder,2
aug,2
identical,2
do,2
paris,2
geography,2
model,2
accepted,2
shown,2
less,2
necessary,2
exotic,2
siglo,2
dec,2
ethnobotanical,2
multidisciplinary,2
mortars,2
entity,2
interpreting,2
equator,2
encanto,2
manufactured,2
chaeology,2
seashore,2
assumption,2
residues,2
rivers,2
perception,2
trend,2
laboratory,2
overlap,2
previous,2
traders,2
interandino,2
excava,2
significance,2
analisis,2
co,2
methodological,2
like,2
played,2
uni,2
upano,2
linking,2
proximity,2
provides,2
ap,2
stahl,2
systems,2
elaborate,2
deliberate,2
effect,2
can,2
phological,2
publicacion,2
ethnohistory,2
sug,2
we,2
cliffs,2
pearsall,2
depth,2
jeli,2
lo,2
signs,2
relationship,2
provide,2
five,2
colonche,2
ideology,2
tech,2
spp,2
misceldnea,2
deposit,2
strongly,2
yale,2
contribution,2
merwe,2
life,2
why,2
provinces,2
gests,2
exists,2
influencing,2
considered,2
environment,2
variable,2
conocimiento,2
sloping,2
must,2
continues,2
symbolic,2
implied,2
detail,2
objects,2
shapes,2
appliques,2
nucleo,2
prob,2
jambeli,2
geoarchaeology,2
strati,2
masl,2
ically,2
geomor,2
pioneering,2
chavm,2
rainfall,2
cm,2
complejidad,2
coiling,2
capital,2
identi,2
did,2
half,2
assemblage,2
exhibits,2
shifts,2
americanistas,2
associations,2
cities,2
cos,2
just,2
living,2
bands,2
better,2
places,2
believed,2
animal,2
investigation,2
unique,2
stability,2
feb,2
map,2
firmly,2
lippi,2
terrelationships,2
utilitarian,2
thames,2
serie,2
ceja,2
information,2
almost,2
revista,2
des,2
tephra,2
varieties,2
culturas,2
entire,2
little,2
beach,2
press,2
fundacion,2
elevations,2
figurinas,2
associating,2
soils,2
nov,2
come,2
andino,2
tardio,2
question,2
until,2
lands,2
canar,2
washington,2
profiles,2
yungas,2
integrated,2
subsidence,2
consumption,2
sur,2
involving,2
peripheries,2
archaic,2
canons,2
potential,2
km,2
consisted,2
inconclusive,2
nubbin,2
develop,2
corn,2
duration,2
alberta,2
col,2
ponga,2
termed,2
occur,2
hypothesis,2
woven,1
problem,1
ars,1
thickened,1
ini,1
kuste,1
princeps,1
moreno,1
chira,1
order,1
tains,1
currently,1
produces,1
catolica,1
medicinal,1
metal,1
hallmarks,1
specializa,1
gree,1
prefer,1
narrowest,1
rainey,1
common,1
way,1
sincerest,1
concerned,1
depen,1
dra,1
explicitmente,1
progradational,1
integrating,1
isotopes,1
created,1
represent,1
top,1
exis,1
tuscaloosa,1
resulted,1
quelogicas,1
arrive,1
northeast,1
quent,1
fea,1
pacifica,1
extends,1
considerably,1
totally,1
holm,1
beveled,1
debris,1
legitimization,1
mouth,1
sitios,1
likewise,1
speculated,1
replaced,1
deepest,1
shoulders,1
ample,1
tj,1
precolombino,1
tend,1
disappeared,1
designed,1
americaniste,1
mapa,1
ma,1
algunas,1
handles,1
underground,1
true,1
memoria,1
completely,1
habita,1
mayiodes,1
han,1
milltar,1
ramifications,1
trace,1
ian,1
hygrophytic,1
cornell,1
schol,1
excavaciones,1
ethnohistorians,1
unite,1
riod,1
englewood,1
calibration,1
source,1
archaeo,1
john,1
dissipate,1
du,1
irfo,1
women,1
formativas,1
accumulation,1
exploracion,1
lying,1
synonymous,1
sterile,1
deter,1
sibility,1
sources,1
versants,1
chacmool,1
specifically,1
revisited,1
leaflets,1
apas,1
localities,1
exoticos,1
morros,1
cobs,1
originally,1
give,1
meters,1
pat,1
rapid,1
utilization,1
gourds,1
canadas,1
active,1
maintains,1
editions,1
reevaluation,1
aforementioned,1
definition,1
eration,1
subject,1
effecting,1
shaped,1
lev,1
height,1
available,1
reexamined,1
agrarian,1
together,1
featuring,1
pittsburgh,1
reasons,1
ucayali,1
timing,1
ethnobotanic,1
wave,1
rich,1
ecuatorial,1
oyster,1
geopolitical,1
phytic,1
able,1
sometime,1
ences,1
quintessential,1
molecular,1
concludes,1
religion,1
intercambio,1
sutliff,1
manejo,1
nevertheless,1
collapse,1
coalescence,1
abya,1
ecotone,1
temper,1
fresh,1
reevaluate,1
paddles,1
implication,1
stand,1
principal,1
sociopolitical,1
somewhat,1
ity,1
troduced,1
observaciones,1
calculus,1
papers,1
designs,1
tradicionales,1
nomadic,1
system,1
growing,1
issue,1
invasions,1
involves,1
occasional,1
maroon,1
sel,1
botanical,1
totita,1
westview,1
nets,1
erted,1
reassessed,1
pluvial,1
bird,1
bahia,1
bases,1
u,1
nology,1
cated,1
discuss,1
sepulturas,1
carbohydrate,1
suramericas,1
bivalves,1
design,1
zur,1
uneven,1
radiocar,1
prior,1
anteriormente,1
cooperation,1
sixteenth,1
activity,1
secuencia,1
securely,1
semitropical,1
prehispanic,1
facilitating,1
standardization,1
ecuato,1
mendoza,1
moseley,1
investigator,1
bland,1
obvious,1
arenas,1
measuring,1
community,1
mental,1
interdisciplinary,1
regards,1
cosmological,1
carved,1
very,1
indicating,1
fur,1
revaluacion,1
dynamic,1
bottom,1
gion,1
reconstruction,1
combing,1
geoar,1
zone,1
measurement,1
undergone,1
cere,1
condenses,1
forme,1
prehispdnico,1
keramik,1
complicating,1
ferdon,1
expanded,1
subdividing,1
manuscript,1
diagnos,1
clouding,1
savanna,1
ends,1
technologically,1
lationships,1
includes,1
accessible,1
peripheral,1
differential,1
que,1
dramati,1
diagneosticas,1
equatorial,1
historically,1
archaeolo,1
dotted,1
spectrum,1
immediate,1
dynamics,1
suyo,1
contemporaneous,1
diets,1
herbs,1
objective,1
campos,1
cronologia,1
categorized,1
louisianna,1
countercurrent,1
consumables,1
trated,1
tecnicas,1
millennium,1
interest,1
reflection,1
characteristic,1
basal,1
sp,1
num,1
prehistoria,1
occurs,1
exist,1
application,1
samborondon,1
tucson,1
ference,1
writ,1
actas,1
assessment,1
treasure,1
balsa,1
weaknesses,1
transitional,1
unity,1
santo,1
gaceta,1
concentrations,1
corporcion,1
elements,1
items,1
antropogia,1
phasing,1
urbanization,1
nombre,1
direction,1
underlying,1
academic,1
averaging,1
depend,1
refer,1
back,1
body,1
homes,1
milling,1
stylis,1
fate,1
graphically,1
uncorrected,1
minus,1
continuous,1
third,1
ologists,1
enhance,1
storage,1
decora,1
drawn,1
pueblo,1
gives,1
corrected,1
ecosystems,1
femenino,1
tentatively,1
ada,1
coasts,1
climates,1
generation,1
formativa,1
influence,1
adjust,1
rates,1
alabama,1
ued,1
drained,1
paute,1
contradicted,1
reconstructed,1
slowed,1
town,1
stitution,1
pochteca,1
essential,1
cally,1
artesanal,1
ably,1
riation,1
sociated,1
etudes,1
ba,1
editoria,1
drainages,1
investigacion,1
traffic,1
oys,1
across,1
buenavista,1
edward,1
disjunction,1
bot,1
breadth,1
subregional,1
landscape,1
discharge,1
appreciation,1
hie,1
remote,1
aesthetically,1
mammals,1
tary,1
archaeolog,1
determining,1
them,1
developments,1
importance,1
sophisti,1
parts,1
huge,1
cabamba,1
viteri,1
dialogue,1
lacking,1
tree,1
selected,1
course,1
illustrations,1
lay,1
interdepen,1
productive,1
overlooked,1
ves,1
consequences,1
absorbed,1
terada,1
support,1
plaza,1
analy,1
reason,1
bosses,1
understand,1
tern,1
ocupacion,1
occu,1
halves,1
facilitated,1
old,1
gional,1
parducci,1
consider,1
les,1
sim,1
embajada,1
beitrdge,1
vations,1
dated,1
lima,1
elsewhere,1
rosa,1
proposed,1
days,1
traces,1
tectonics,1
mary,1
house,1
lematic,1
fore,1
reviewed,1
observations,1
maintain,1
ber,1
metals,1
show,1
flats,1
superior,1
graphic,1
atures,1
pinnacle,1
textile,1
comparisons,1
biotic,1
actes,1
caraquez,1
undertaken,1
sio,1
ceremony,1
intentional,1
chanduy,1
huacas,1
monial,1
pology,1
plenum,1
flakes,1
aborigenes,1
shifted,1
miscelanea,1
vergleichenden,1
biasing,1
dominant,1
overland,1
syntheses,1
photos,1
projected,1
cementerio,1
dug,1
preference,1
encompass,1
view,1
perceive,1
thinness,1
investigadores,1
conquest,1
descriptive,1
ranges,1
peruana,1
cieties,1
uses,1
cuadro,1
formidable,1
reprinted,1
ditions,1
societe,1
introduce,1
cd,1
questioned,1
arrival,1
agenda,1
tem,1
tural,1
search,1
midden,1
taining,1
vincente,1
missouri,1
conspicuous,1
recognize,1
changed,1
outcrops,1
radio,1
shared,1
events,1
caminos,1
seriations,1
diet,1
longitude,1
im,1
mined,1
expressions,1
term,1
fil,1
crepancies,1
pacifico,1
pointing,1
cacique,1
daule,1
let,1
rent,1
tecomate,1
narcotic,1
indirect,1
andlisis,1
domestication,1
galeatus,1
meet,1
fisicos,1
explor,1
exca,1
scale,1
grounds,1
fish,1
sudamericano,1
ford,1
diate,1
talleres,1
hypothetical,1
torsos,1
developmentally,1
brooklyn,1
tumbes,1
wide,1
acknowledgments,1
alt,1
tially,1
impression,1
ther,1
technical,1
aspects,1
distinguishes,1
banded,1
credited,1
viru,1
spheres,1
distinguish,1
future,1
perez,1
correctly,1
xlii,1
guangala,1
work,1
imme,1
nucleus,1
dyad,1
aquifers,1
carry,1
nine,1
lords,1
floodplain,1
opal,1
explains,1
example,1
knowledge,1
sistence,1
overlay,1
confined,1
indigenous,1
brushed,1
revealed,1
precipita,1
description,1
occidental,1
ten,1
geology,1
semejanzas,1
bioclimdtico,1
continuation,1
categories,1
sta,1
q,1
database,1
inno,1
intermediate,1
postulated,1
demonstrates,1
partly,1
contains,1
imitations,1
grain,1
densely,1
structures,1
overlying,1
subse,1
datura,1
rative,1
rituals,1
midwestern,1
becomes,1
rise,1
showing,1
deeply,1
envi,1
conceptual,1
correlationes,1
ter,1
sangay,1
my,1
xero,1
amazonia,1
heuristic,1
trees,1
foci,1
citing,1
arqui,1
causal,1
good,1
interregional,1
steward,1
termino,1
ecologico,1
linear,1
sense,1
referencia,1
successful,1
nuevos,1
working,1
corresponds,1
assay,1
reliable,1
desig,1
transpacifico,1
nial,1
reaches,1
ative,1
routes,1
atmosphere,1
deutsches,1
spanish,1
eco,1
consensus,1
formativos,1
leather,1
deco,1
depression,1
engwall,1
tation,1
fire,1
alluvial,1
cur,1
boundaries,1
differing,1
complejo,1
corridor,1
mythological,1
feed,1
latitudes,1
dependent,1
territorialidad,1
concurred,1
pa,1
distinguishing,1
peculiar,1
environmentally,1
agricola,1
florida,1
recycle,1
value,1
patrones,1
ascent,1
cercanos,1
increments,1
pot,1
incision,1
deboer,1
digging,1
activities,1
impor,1
cronologfa,1
ramics,1
concomitant,1
nations,1
geomorphology,1
provintia,1
sist,1
ruinas,1
edicions,1
tectdnmicos,1
habitats,1
ical,1
genesis,1
coastline,1
io,1
lit,1
andina,1
architecture,1
implicitly,1
compara,1
logically,1
cientifica,1
imagery,1
entangled,1
comparative,1
surprisingly,1
agricul,1
tery,1
ilarities,1
cloud,1
brief,1
interde,1
edges,1
islands,1
indigenes,1
exception,1
chronol,1
domingo,1
prevailing,1
object,1
specif,1
april,1
driest,1
izumi,1
intervention,1
heye,1
comments,1
manifest,1
shoreline,1
histdricos,1
undefined,1
strips,1
distinction,1
settings,1
parker,1
ricas,1
label,1
scarcity,1
unas,1
metric,1
counterfeit,1
rel,1
unprovenienced,1
piecrust,1
lids,1
conquisdadores,1
push,1
makes,1
cor,1
neous,1
array,1
evolved,1
piquiqua,1
cliff,1
ia,1
summarizes,1
groundwater,1
departure,1
release,1
extinction,1
publishing,1
geografia,1
assistance,1
complete,1
imbabura,1
outlined,1
microfossils,1
indian,1
paint,1
prece,1
insights,1
provocative,1
prehispanica,1
nawpa,1
unusually,1
reliance,1
processed,1
opment,1
maintained,1
botanists,1
double,1
inference,1
adaption,1
chose,1
muy,1
rived,1
au,1
disappearing,1
sis,1
libri,1
influencias,1
funerary,1
westward,1
sists,1
guanape,1
technique,1
mentions,1
mark,1
archaeologically,1
undetermined,1
again,1
fragmentation,1
death,1
eruption,1
pointed,1
avail,1
conceived,1
towns,1
growth,1
towards,1
smudging,1
summits,1
archaeologi,1
analytical,1
humidity,1
paulson,1
pendence,1
peruanas,1
pological,1
marker,1
consideration,1
hollow,1
fundamental,1
premontane,1
huan,1
wesley,1
calib,1
fisheries,1
plan,1
investigationes,1
rial,1
unidentified,1
beliefs,1
appeared,1
atic,1
undulating,1
hoopes,1
chileno,1
insular,1
reasoning,1
richer,1
urines,1
personal,1
farming,1
relacion,1
loop,1
doubt,1
diameter,1
stones,1
succeeding,1
man,1
fragments,1
olla,1
sebastian,1
burger,1
chiefdom,1
jambelf,1
conclusions,1
took,1
uous,1
hand,1
precinct,1
promoted,1
adjacent,1
iodine,1
smu,1
chain,1
cruz,1
covered,1
lsidoro,1
allgemeinen,1
simpo,1
reform,1
phytoliths,1
annular,1
superimposed,1
folklore,1
establish,1
llegada,1
pations,1
imple,1
strategies,1
coincided,1
ceremo,1
vuelta,1
normally,1
mundo,1
japan,1
reconstructing,1
adas,1
frequency,1
pears,1
hastort,1
longest,1
elementos,1
riana,1
bas,1
reflected,1
going,1
floristica,1
league,1
chincay,1
ridges,1
meetings,1
xli,1
private,1
technologies,1
collecting,1
simple,1
investigated,1
sepa,1
technol,1
treated,1
ofcanlangone,1
thanks,1
digitales,1
surfaces,1
aspectos,1
transgressive,1
thickness,1
reconaissance,1
castellated,1
elevados,1
merge,1
manifestations,1
canals,1
arbitrarily,1
elite,1
mosaic,1
wettest,1
espanol,1
oscillation,1
pichincha,1
curvilinear,1
columnar,1
ponds,1
expression,1
angle,1
andines,1
turally,1
cronolologfa,1
aesthetics,1
cults,1
resulting,1
komplexe,1
willey,1
conflicted,1
cochasqw,1
arcaicas,1
rare,1
recovery,1
discontinuity,1
hallucinatory,1
multicomponent,1
ecavaciones,1
mold,1
dismissed,1
complicated,1
jamay,1
pellets,1
theoretical,1
stratification,1
continuities,1
described,1
dualidad,1
ties,1
landscapes,1
crises,1
reassessing,1
ecologia,1
estuarine,1
increment,1
grew,1
gration,1
oc,1
cerca,1
express,1
mt,1
encuentro,1
comitant,1
sustain,1
august,1
held,1
vested,1
symposium,1
ecua,1
divisions,1
would,1
ny,1
pos,1
function,1
machaliua,1
untreated,1
recon,1
sanidine,1
caso,1
curve,1
ge,1
obtained,1
mountain,1
hacienda,1
integra,1
producciones,1
standard,1
intrinsic,1
latter,1
cambios,1
never,1
procurement,1
migrants,1
geografico,1
incurving,1
septentrional,1
tutishcainyo,1
consumable,1
eyes,1
parallel,1
typically,1
evolutionary,1
methods,1
exaggeration,1
guillaume,1
craft,1
xvi,1
shallow,1
garcia,1
huancavilca,1
scribed,1
ethnographically,1
plexes,1
bal,1
analyze,1
slightly,1
begs,1
reassess,1
southwest,1
chrono,1
shamanic,1
haven,1
penon,1
connections,1
nomic,1
brava,1
atlas,1
rian,1
regimes,1
diferencial,1
increases,1
tence,1
brown,1
von,1
beg,1
gist,1
mas,1
cavations,1
seden,1
rarity,1
increasing,1
shrubs,1
consists,1
indication,1
bon,1
tests,1
topography,1
assigned,1
applications,1
imply,1
me,1
mimic,1
seasonally,1
asociado,1
marginally,1
looted,1
transformations,1
declines,1
she,1
indicators,1
subdivided,1
independent,1
tomo,1
sometimes,1
thor,1
plays,1
naturally,1
testing,1
program,1
pe,1
conch,1
select,1
butions,1
fewer,1
insufficient,1
signifi,1
decorativas,1
cupations,1
botanic,1
send,1
shimada,1
millennia,1
renown,1
markers,1
espanola,1
originated,1
intensive,1
ceremonialism,1
figurine,1
contexto,1
es,1
escuela,1
responsible,1
extra,1
hierarchical,1
norton,1
fe,1
existed,1
wildlife,1
united,1
holmgren,1
surprising,1
polychrome,1
frontier,1
antiquities,1
lar,1
rim,1
gonzalez,1
consid,1
mounds,1
floor,1
currie,1
conservation,1
phe,1
fac,1
meant,1
diversidad,1
dido,1
plies,1
anthropological,1
ration,1
reciprocal,1
arte,1
thinking,1
bean,1
following,1
capparis,1
dispersed,1
ekuadors,1
ethnological,1
mentioned,1
homogeneity,1
peoples,1
surround,1
centenela,1
ronment,1
asentamientos,1
canton,1
aerial,1
tivation,1
theory,1
substrate,1
hablamos,1
extension,1
nated,1
scraping,1
friends,1
constructed,1
temporal,1
panding,1
ancon,1
text,1
symbol,1
meat,1
vasijas,1
gradi,1
alternative,1
overexploitation,1
itrdl,1
set,1
modeling,1
school,1
europeo,1
defining,1
sociales,1
spreading,1
each,1
fault,1
cemetery,1
descriptions,1
concen,1
december,1
setting,1
unknown,1
etal,1
bifurcated,1
intrusive,1
cyclical,1
supe,1
wall,1
scenario,1
assignments,1
conquista,1
corrugated,1
eventually,1
metaphorical,1
archaologisches,1
asserting,1
researches,1
written,1
coxcatlan,1
obsid,1
build,1
wood,1
espana,1
distinctive,1
techno,1
type,1
lunar,1
hydrology,1
edge,1
pri,1
kernels,1
alignment,1
cal,1
born,1
incised,1
explanations,1
heads,1
reanalyzed,1
tle,1
spatial,1
coffee,1
preservative,1
cambered,1
unsuspected,1
making,1
references,1
degradation,1
particular,1
tetrapod,1
pertinent,1
nearby,1
inte,1
lished,1
dallas,1
voile,1
interculturales,1
conclusion,1
contrasting,1
geo,1
spath,1
exemplified,1
temporally,1
amples,1
estab,1
always,1
thompson,1
litoral,1
create,1
discontinu,1
voice,1
bahfa,1
lagged,1
cuarto,1
quantities,1
adornments,1
ideal,1
contain,1
aguas,1
aldea,1
size,1
facial,1
transplanted,1
incising,1
necessity,1
son,1
recognition,1
altered,1
ecuado,1
disparate,1
nomenon,1
erally,1
ceive,1
slopes,1
sumed,1
fenomeno,1
dental,1
colorados,1
cre,1
plans,1
radiation,1
queologica,1
step,1
vegetated,1
com,1
humanitas,1
lenguas,1
images,1
botany,1
phenomenon,1
pleasant,1
exploit,1
isolated,1
coe,1
tall,1
oceanic,1
recovered,1
pefion,1
subsumed,1
frances,1
variantes,1
palmar,1
wild,1
formation,1
establishing,1
ultimately,1
precon,1
sediments,1
invasion,1
kernel,1
realizadas,1
ig,1
illinois,1
cacti,1
comprise,1
national,1
morphological,1
finally,1
cross,1
trap,1
sudwest,1
geoarchaeological,1
ativity,1
similari,1
ended,1
move,1
instead,1
sigma,1
land,1
dense,1
define,1
need,1
manufacture,1
opinions,1
reified,1
gen,1
smaller,1
states,1
fondo,1
zarumilla,1
moun,1
dulating,1
horizonte,1
extremely,1
madison,1
pontificia,1
classification,1
roughly,1
contri,1
summary,1
anonymous,1
divia,1
ensconced,1
fitness,1
grdficos,1
thousand,1
pear,1
junius,1
fequateur,1
tribes,1
habitations,1
gionales,1
bottoms,1
discontinuous,1
succeeded,1
lake,1
agrees,1
sharing,1
dine,1
maximum,1
substantial,1
element,1
evi,1
matic,1
traditional,1
duction,1
jor,1
ideologically,1
epochs,1
unequivocal,1
exageration,1
ochos,1
premature,1
dos,1
building,1
depositos,1
unrepresentative,1
politecnica,1
valdivian,1
stored,1
conception,1
quaternary,1
preconceptions,1
household,1
retention,1
characteris,1
valdez,1
gold,1
anealisis,1
els,1
