WORDCOUNTS,WEIGHT
the,1098
of,871
and,602
in,455
a,269
to,245
neolithic,185
that,164
as,158
for,123
is,99
this,94
from,92
early,88
social,83
on,82
have,77
by,75
an,69
at,67
cultural,66
such,65
their,61
with,60
was,57
j,54
i,54
it,53
world,49
be,48
or,47
which,43
sites,42
regional,41
more,41
been,41
culture,40
material,40
its,39
ppnb,39
obsidian,38
springer,38
local,37
prehist,37
western,36
p,36
anatolia,36
are,36
levant,34
were,34
has,33
interaction,33
central,32
communities,32
not,32
research,31
asia,30
might,29
they,28
near,28
different,27
within,27
between,27
one,26
evidence,26
practices,25
also,25
new,25
m,24
can,24
group,23
societies,23
during,23
these,23
theoretical,23
exchange,23
likely,22
approaches,22
g,22
b,22
southern,22
archaeological,22
c,21
economic,21
eastern,21
lithic,21
case,20
ritual,20
groups,19
than,19
origins,19
nahal,19
community,19
areas,19
e,18
there,18
may,18
site,18
into,18
based,18
found,18
archaeology,18
identity,17
s,17
et,17
see,17
k,17
d,17
production,16
fig,16
levantine,16
l,16
across,16
process,16
approach,16
t,16
settlement,16
f,16
series,16
very,16
area,16
o,15
cyprus,15
east,15
some,15
population,15
region,15
would,15
earlier,15
kuijt,15
tell,15
models,15
building,15
anatolian,14
contexts,14
other,14
thus,14
cauvin,14
most,14
prehistoric,14
could,14
southeast,14
but,14
assemblages,14
historical,14
among,14
networks,14
h,13
all,13
developments,13
organization,13
had,13
bc,13
pp,13
life,13
cal,13
recent,13
diffusion,12
sources,12
political,12
context,12
human,12
relations,12
no,12
press,12
n,12
further,12
northern,12
patterns,12
probably,12
symbolic,12
what,12
middle,12
differentiation,12
much,12
complex,11
studies,11
skull,11
view,11
institute,11
used,11
chronological,11
architecture,11
same,11
time,11
farming,11
number,11
often,11
both,11
specific,11
southeastern,11
stone,10
being,10
rather,10
subsistence,10
similar,10
university,10
established,10
domestication,10
r,10
change,10
towards,10
jilat,10
period,10
internal,10
southwest,10
perspectives,10
particular,10
seen,10
analysis,10
known,10
animal,10
level,10
seems,9
available,9
far,9
diversity,9
framework,9
development,9
de,9
distinct,9
his,9
zagros,9
important,9
raw,9
well,9
work,9
several,9
boundaries,9
euphrates,9
diverse,9
less,9
project,9
cambridge,9
processes,9
interpretations,9
where,9
here,9
distribution,9
through,9
kozlowski,9
abu,9
formed,8
du,8
concepts,8
international,8
household,8
economies,8
elements,8
hodder,8
journal,8
acculturation,8
developed,8
after,8
upper,8
beyond,8
sedentary,8
circulation,8
tools,8
reduction,8
status,8
presented,8
suggest,8
eca,8
geographical,8
periods,8
will,8
comparative,8
still,8
interactions,8
about,8
bar,8
europe,8
main,8
archaeopress,8
strategies,8
meaningful,8
mortuary,8
use,8
largely,8
individual,8
especially,8
ppn,8
any,8
associated,8
colonization,8
cultures,8
did,8
emergence,8
identities,8
role,8
question,8
defined,8
point,8
observed,8
kluwer,7
sphere,7
large,7
absence,7
first,7
nature,7
farmers,7
similarities,7
british,7
possible,7
excavations,7
items,7
perspective,7
dates,7
even,7
how,7
space,7
polycentric,7
my,7
inter,7
late,7
yayinlan,7
concept,7
example,7
issues,7
collective,7
konya,7
horizon,7
order,7
ain,7
presence,7
belfer,7
occurrence,7
external,7
procurement,7
adjacent,7
present,7
original,7
understanding,7
maintenance,7
spread,7
last,7
types,7
earliest,7
alternative,7
particularly,7
past,7
explanations,7
emphasis,7
multiple,7
argument,7
potential,7
resources,7
fertile,6
over,6
epipalaeolithic,6
ege,6
oriente,6
later,6
attempt,6
reproduction,6
dynamics,6
whose,6
levels,6
ex,6
parts,6
qatalhoyuk,6
study,6
exploitation,6
article,6
suggested,6
her,6
burial,6
cannot,6
part,6
neolithization,6
plastered,6
people,6
structures,6
traditions,6
excavated,6
habitation,6
second,6
foragers,6
territorial,6
identified,6
female,6
demic,6
naviform,6
under,6
us,6
light,6
only,6
published,6
analytical,6
pattern,6
v,6
degree,6
including,6
like,6
plant,6
contact,6
jericho,6
attention,6
table,6
millennia,6
sequences,6
centres,6
school,6
complexity,6
thissen,6
highly,6
defining,6
each,6
current,6
report,6
mcdonald,6
economy,6
proceedings,6
references,6
agricultural,6
size,6
little,6
kin,6
gerard,6
transition,6
appropriate,6
wadi,6
although,6
socially,6
indicated,5
represent,5
ppna,5
village,5
aswad,5
identify,5
explanatory,5
history,5
oxbow,5
interpretative,5
societal,5
long,5
culturally,5
location,5
principal,5
plain,5
agriculture,5
politics,5
millennium,5
ancient,5
adult,5
without,5
discoveries,5
support,5
elsewhere,5
plaster,5
too,5
resource,5
painted,5
discrete,5
shared,5
zone,5
scale,5
required,5
sedentism,5
spheres,5
basis,5
data,5
tool,5
anthropological,5
place,5
rituals,5
peltenburg,5
revolution,5
mediterranean,5
core,5
plausible,5
preliminary,5
populations,5
synthesis,5
located,5
single,5
continuity,5
transformations,5
ethnographic,5
insights,5
reports,5
noted,5
many,5
lack,5
end,5
behind,5
took,5
do,5
natufian,5
differences,5
model,5
archaeobotanical,5
perhaps,5
distance,5
another,5
discussion,5
turkey,5
made,5
dispersals,5
expression,5
ethnic,5
negotiating,5
trade,5
structure,5
she,5
ecological,5
evolution,5
system,5
orient,5
considered,5
chataigner,5
seem,5
contextual,5
argue,5
domestic,5
eventually,5
became,5
aurenche,5
paradigm,5
offer,5
include,5
consumption,5
remains,5
themselves,5
supplementary,5
herders,5
should,5
hypothesis,5
contacts,4
currently,4
common,4
if,4
symposium,4
environmental,4
ramad,4
aceramic,4
informative,4
schools,4
ways,4
ankara,4
realities,4
mainland,4
before,4
materials,4
problems,4
hence,4
active,4
definition,4
narrative,4
chipped,4
those,4
el,4
existence,4
albeit,4
establishment,4
negotiation,4
review,4
hallan,4
american,4
back,4
houses,4
kinship,4
influence,4
industries,4
phases,4
certain,4
viewed,4
burials,4
logical,4
changes,4
wasse,4
prehistory,4
locally,4
clearly,4
impact,4
isolation,4
followed,4
notions,4
dominant,4
result,4
identifying,4
out,4
while,4
suitable,4
appears,4
dispersal,4
public,4
aspects,4
operatoires,4
scope,4
literature,4
formations,4
least,4
gebel,4
eighth,4
hoyiik,4
up,4
provided,4
society,4
south,4
therefore,4
he,4
gradual,4
expansion,4
limited,4
seasons,4
indicates,4
interpretation,4
mobile,4
perceived,4
subdivisions,4
al,4
narratives,4
fact,4
scholars,4
mppnb,4
feasting,4
discussed,4
until,4
practice,4
kfar,4
exploring,4
situated,4
archaeo,4
examples,4
upon,4
deposits,4
detailed,4
resulting,4
actual,4
clear,4
points,4
function,4
latter,4
outside,4
evolutionary,4
constructing,4
relation,4
mainly,4
attendant,4
adaptive,4
pottery,4
la,4
independent,4
provide,4
movements,4
primarily,4
means,4
figurine,4
itself,4
areal,4
then,4
following,4
changing,4
objects,4
esin,4
temporal,4
sustained,4
set,4
cappadocia,4
eppnb,4
cultivation,4
according,4
them,4
terms,4
form,4
chaines,4
argued,4
despite,4
variability,4
arguments,4
aims,4
ein,4
turkish,4
our,4
birth,4
instead,4
specialists,4
territories,4
removed,4
views,4
substantial,4
ownership,4
develop,4
major,4
perception,4
ments,3
redefining,3
way,3
hershkovitz,3
red,3
adoption,3
per,3
replaced,3
environment,3
position,3
something,3
kaletepe,3
source,3
arms,3
island,3
taken,3
innovations,3
ujrat,3
diffusionist,3
archaeologically,3
broadly,3
scheme,3
renfrew,3
con,3
etc,3
functions,3
regards,3
exchanges,3
indicating,3
dynamic,3
representing,3
collection,3
historically,3
against,3
characteristic,3
lavan,3
fission,3
body,3
sanat,3
compared,3
hemar,3
alliances,3
find,3
critique,3
ment,3
aim,3
mesolithic,3
explicit,3
coastal,3
represented,3
oren,3
reason,3
circulated,3
tensions,3
cultivators,3
proche,3
intensive,3
organized,3
proposed,3
contemporaries,3
epipaleolithic,3
readings,3
indications,3
segmentary,3
trajectories,3
avenue,3
transmission,3
basin,3
herding,3
furthermore,3
traced,3
record,3
landscapes,3
syntheses,3
periodization,3
arkeoloji,3
keeping,3
participation,3
blade,3
already,3
regionalist,3
apparent,3
related,3
commonalities,3
restructuring,3
describe,3
survey,3
beads,3
away,3
showing,3
interpreted,3
concurrent,3
redistribution,3
describing,3
constituent,3
bone,3
consolidation,3
sole,3
crescent,3
few,3
migration,3
concerns,3
villages,3
fully,3
jordan,3
symbolism,3
various,3
alia,3
contingent,3
hasan,3
gift,3
sub,3
modes,3
once,3
den,3
prehistorians,3
homogeneous,3
rectangular,3
every,3
two,3
picture,3
useful,3
resolution,3
power,3
put,3
demographic,3
manifested,3
together,3
variation,3
ras,3
investment,3
chalcolithic,3
grave,3
regionally,3
remained,3
interpreting,3
limitations,3
formal,3
previously,3
significant,3
archive,3
full,3
described,3
low,3
architectural,3
characterized,3
so,3
attribution,3
probable,3
systems,3
craft,3
saw,3
we,3
corridor,3
von,3
neolithique,3
increasing,3
abstractly,3
favour,3
widespread,3
institutions,3
who,3
excluding,3
consonant,3
effectively,3
contribution,3
volumes,3
inspired,3
breasts,3
colonists,3
ve,3
demonstrate,3
biagi,3
symbols,3
correspond,3
par,3
novel,3
ozdogan,3
best,3
regard,3
linked,3
separating,3
examining,3
merely,3
concrete,3
ideologies,3
volcanic,3
cooking,3
typologies,3
varying,3
pertinent,3
temporally,3
migrations,3
suggests,3
phenomena,3
des,3
sea,3
challenges,3
aspect,3
tions,3
wild,3
formation,3
damascus,3
course,3
define,3
agropastoral,3
km,3
given,3
north,3
final,2
desirable,2
entities,2
rate,2
buildings,2
limits,2
convergence,2
stylistic,2
generated,2
broadest,2
extreme,2
catalhoyuk,2
trans,2
cut,2
foraging,2
qadis,2
likewise,2
settlements,2
conducted,2
fluid,2
authority,2
motivation,2
modern,2
greater,2
equated,2
necessarily,2
occurred,2
onset,2
knappers,2
eye,2
corresponding,2
predominantly,2
round,2
invoking,2
either,2
undermine,2
reconstructions,2
certainly,2
preceding,2
creation,2
archae,2
originally,2
ii,2
rapid,2
rare,2
allow,2
advanced,2
editions,2
mushabi,2
sculpted,2
latent,2
displacement,2
leading,2
daily,2
typological,2
sefunim,2
asouti,2
potentially,2
analyses,2
closer,2
onto,2
cohesion,2
hunting,2
expense,2
products,2
achieved,2
situ,2
reserved,2
opposite,2
beisamoun,2
threshold,2
akin,2
side,2
habitual,2
continuum,2
u,2
right,2
figs,2
account,2
quantities,2
geared,2
reaching,2
alter,2
datasets,2
west,2
mental,2
quantity,2
above,2
facets,2
modelled,2
otherwise,2
generalized,2
frequencies,2
accommodate,2
colonizations,2
collapse,2
affiliation,2
relationships,2
spectrum,2
since,2
due,2
magic,2
santa,2
attested,2
dis,2
turn,2
unity,2
cases,2
clay,2
underlying,2
response,2
served,2
misleading,2
price,2
operative,2
departed,2
kenyon,2
mechanisms,2
civilization,2
operation,2
bellwood,2
via,2
high,2
expansions,2
identification,2
basic,2
en,2
landscape,2
poses,2
environments,2
requisite,2
tel,2
jibba,2
persistent,2
humanity,2
se,2
adjustments,2
direct,2
contributions,2
matched,2
cave,2
selected,2
ingredients,2
feel,2
ammerman,2
factors,2
exceptional,2
accounts,2
acquisition,2
presents,2
itinerant,2
edition,2
placed,2
gradually,2
frequently,2
w,2
maintain,2
presumed,2
age,2
lppnb,2
show,2
fashioned,2
superior,2
recovered,2
comparisons,2
comprising,2
always,2
reconsideration,2
portrays,2
oven,2
believed,2
ian,2
drawing,2
qatalhoyiik,2
constructive,2
reflections,2
iconography,2
angela,2
ahmar,2
moving,2
came,2
catalhoyiik,2
agenda,2
appearance,2
traditionally,2
midden,2
access,2
beit,2
transference,2
events,2
invested,2
cores,2
representative,2
pre,2
pointing,2
focused,2
circular,2
mediated,2
residential,2
intensity,2
hypothetical,2
ghwair,2
explain,2
suberde,2
gods,2
syria,2
errance,2
almost,2
directly,2
artefacts,2
network,2
atalhoyiik,2
gebauer,2
received,2
khirbet,2
meskell,2
contextualized,2
heart,2
prominent,2
protohistoire,2
displacements,2
london,2
knowledge,2
sistence,2
indigenous,2
gender,2
description,2
childe,2
whole,2
overview,2
gave,2
faynan,2
hv,2
positing,2
postulated,2
demonstrates,2
centred,2
versatile,2
reflect,2
floors,2
realms,2
reconstructing,2
own,2
lithics,2
regions,2
causal,2
responses,2
working,2
field,2
fostered,2
theoretically,2
contrast,2
shamra,2
around,2
family,2
small,2
eco,2
smithsonian,2
replace,2
seeds,2
dedicated,2
generally,2
loci,2
results,2
structured,2
finds,2
inhabiting,2
settlers,2
transforming,2
critical,2
lyon,2
habitats,2
van,2
seventh,2
schemes,2
classic,2
exception,2
domination,2
unprecedented,2
settings,2
yaymlan,2
hearths,2
inhabited,2
religious,2
direction,2
promoting,2
competition,2
reference,2
examined,2
represents,2
thought,2
restricted,2
chronology,2
socio,2
assimilation,2
complete,2
performed,2
records,2
rise,2
shows,2
ceramic,2
inhabitants,2
members,2
funerary,2
mark,2
others,2
graphis,2
unifying,2
marker,2
consideration,2
head,2
plan,2
abstract,2
insular,2
figurines,2
reasons,2
guilaine,2
ground,2
centre,2
operating,2
road,2
developing,2
systematic,2
accepted,2
meant,2
necessary,2
focusing,2
socialization,2
routledge,2
shifts,2
explicitly,2
palestine,2
demonstrated,2
technologies,2
background,2
explanation,2
chronostratigraphic,2
excavators,2
enormous,2
concern,2
tenets,2
empirical,2
food,2
operated,2
presumption,2
causes,2
ideas,2
civilizations,2
canew,2
individuals,2
ceremonies,2
synthetic,2
open,2
strands,2
reality,2
horvat,2
emphasizing,2
publication,2
language,2
interpret,2
artefact,2
geographically,2
features,2
stages,2
households,2
domed,2
valued,2
outcomes,2
indi,2
pro,2
hunters,2
parameters,2
figures,2
institution,2
nomic,2
mil,2
cereals,2
limiting,2
lennia,2
accepting,2
dawn,2
esteemed,2
emulation,2
involving,2
crucial,2
domains,2
ideology,2
practitioners,2
inside,2
becomes,2
recognize,2
achieve,2
respect,2
exists,2
arts,2
problematic,2
ie,2
classification,2
immigrant,2
proof,2
stratigraphic,2
exploitable,2
conclusion,2
intensification,2
constituted,2
reinforced,2
recognizable,2
generic,2
offers,2
outcome,2
dimension,2
intellectual,2
principle,2
control,2
worth,2
oxford,2
distinctions,2
exploration,2
prominence,2
civic,2
pigment,2
salem,2
goods,2
benefit,2
musular,2
living,2
assessment,2
advances,2
excavation,2
investigation,2
halet,2
spatial,2
balikh,2
ghazal,2
plants,2
independently,2
nascent,2
opportunistic,2
theory,2
tightly,2
fatalhoyuk,2
densities,2
territoriality,2
vehicle,2
moyen,2
contain,2
spaces,2
bodies,2
leopard,2
emergent,2
integrally,2
simply,2
com,2
copper,2
phenomenon,2
maintained,2
au,2
jerf,2
roughley,2
envisaged,2
conditions,2
mode,2
value,2
parallels,2
contributed,2
consolidated,2
manufacture,2
smaller,2
integration,2
attributes,2
delage,2
yiftahel,2
mobilized,2
offered,2
observation,2
cafer,2
rest,2
classificatory,2
debate,2
deposition,2
pulses,2
element,2
valley,2
entire,2
duction,2
iraq,2
seek,2
technological,2
comparable,2
pn,2
ubiq,1
triangle,1
does,1
dictating,1
now,1
duckworth,1
appropriation,1
done,1
refinement,1
child,1
phrased,1
oriented,1
calibrated,1
etude,1
chem,1
pur,1
les,1
adopt,1
commentary,1
clutched,1
corporate,1
asymmetric,1
uitous,1
faced,1
created,1
adocia,1
waldren,1
dangers,1
exis,1
affected,1
madl,1
fingers,1
resulted,1
mysteries,1
offset,1
variety,1
nilotic,1
boncuklu,1
introduction,1
appear,1
utility,1
notably,1
distributed,1
berlin,1
debris,1
trash,1
reflection,1
needed,1
tact,1
residences,1
partially,1
shoulders,1
kowm,1
agency,1
tend,1
reassessment,1
merged,1
mazad,1
referring,1
confines,1
ana,1
constitutes,1
communally,1
item,1
kli,1
dabba,1
empower,1
mentality,1
flows,1
odyssey,1
nord,1
hours,1
deny,1
justified,1
mureybetian,1
virtually,1
conquest,1
tween,1
unlike,1
rf,1
variants,1
total,1
holding,1
paper,1
expressed,1
assisted,1
domes,1
stochastic,1
lowlands,1
chaffey,1
descriptions,1
revision,1
khabur,1
pioneers,1
changeable,1
character,1
leads,1
hillman,1
spasojevic,1
rupting,1
lower,1
fabric,1
reybet,1
archaeologists,1
aside,1
arguing,1
prominently,1
transitions,1
explaining,1
permit,1
bringing,1
embraced,1
localities,1
capp,1
stricto,1
achieving,1
inconceivable,1
exclusive,1
entailed,1
implications,1
ninth,1
concentrated,1
mudbrick,1
season,1
opted,1
emerged,1
fragmentary,1
departure,1
decouverte,1
york,1
comparatively,1
shaped,1
securing,1
excavating,1
rekhes,1
leaders,1
qermez,1
assess,1
broken,1
mureybet,1
assertion,1
agglomeration,1
conceptualized,1
desire,1
undertake,1
enduring,1
great,1
display,1
nizzana,1
naissance,1
thank,1
mehed,1
imported,1
ghoraife,1
oper,1
rich,1
normative,1
conceptualization,1
liverpool,1
achievement,1
follows,1
studied,1
preoccupied,1
nerv,1
sometime,1
substantive,1
thanks,1
reveal,1
characterizing,1
suleiman,1
functional,1
take,1
real,1
evolving,1
subsequent,1
signa,1
feature,1
integrate,1
shennan,1
ticated,1
particularism,1
vegetation,1
tangible,1
zahrat,1
state,1
emphasized,1
precisely,1
remainder,1
henry,1
tv,1
duality,1
debut,1
tarian,1
alike,1
reading,1
somewhat,1
deh,1
pastoral,1
attempted,1
widening,1
debitage,1
sweeping,1
growing,1
nearer,1
evaluation,1
inclusive,1
ascribed,1
exogenous,1
modernist,1
projectile,1
volcan,1
iii,1
linear,1
symbolizing,1
key,1
av,1
task,1
paved,1
bones,1
iv,1
nology,1
planetary,1
draw,1
rests,1
watkins,1
march,1
internationales,1
buitenhuis,1
zur,1
futile,1
holocene,1
occupying,1
probing,1
marked,1
sultanian,1
omissions,1
concentrating,1
tracing,1
characterize,1
sumption,1
duck,1
pronouncements,1
ings,1
prove,1
move,1
archdologischer,1
transcend,1
wing,1
stratigraphy,1
apart,1
combination,1
desired,1
bell,1
nevali,1
tlement,1
iya,1
consolidating,1
chart,1
agendas,1
apply,1
anticipated,1
along,1
constrained,1
fragmented,1
correlation,1
mediterranee,1
flexed,1
ail,1
facto,1
undergone,1
gollii,1
holland,1
reassessments,1
caprine,1
localized,1
genealogies,1
salibiya,1
hudson,1
exist,1
avenues,1
ends,1
goal,1
chemi,1
exercises,1
chapters,1
talisman,1
prey,1
throughout,1
unpublished,1
systemic,1
centric,1
stratigraphically,1
differential,1
lon,1
andel,1
classifi,1
purportedly,1
livelihood,1
targeting,1
curated,1
eventual,1
component,1
brought,1
longevity,1
dominated,1
contentions,1
epipa,1
hierarchy,1
usefully,1
integral,1
burqu,1
becoming,1
dag,1
anthropologically,1
relatively,1
faces,1
trench,1
centrated,1
viewing,1
mixed,1
distri,1
plastering,1
rites,1
shanidar,1
disengage,1
signifiers,1
cf,1
amenability,1
concentric,1
emerges,1
modate,1
type,1
theorized,1
basal,1
emigration,1
cilician,1
expected,1
comprised,1
kind,1
ai,1
priority,1
weaknesses,1
involvement,1
pelvis,1
resting,1
sed,1
unspecified,1
amended,1
immigrants,1
clark,1
heterarchical,1
places,1
feasible,1
wengrow,1
selection,1
depend,1
refer,1
concerning,1
chypriote,1
appropriately,1
marriage,1
editing,1
hammeh,1
materi,1
channels,1
calibration,1
savard,1
young,1
honour,1
lifestyles,1
cohen,1
dechiffrement,1
cardinal,1
weight,1
storage,1
y,1
decapitated,1
drawn,1
obscure,1
factions,1
performative,1
communication,1
volcanology,1
intrigued,1
azraq,1
fanning,1
leadership,1
codification,1
traits,1
hardly,1
damishilyya,1
weakness,1
acted,1
nuanced,1
reliefs,1
regionalization,1
conceptually,1
unlikely,1
networking,1
higher,1
themes,1
hamlet,1
opposed,1
gaining,1
downright,1
agropastoralism,1
visitations,1
adequate,1
pendant,1
legitimation,1
remedied,1
genuinely,1
criticism,1
testimony,1
sockets,1
links,1
bring,1
performance,1
ostensibly,1
encompassed,1
cappadocian,1
generations,1
sort,1
toutil,1
appreciation,1
observer,1
myself,1
sanlaville,1
talline,1
pinpoint,1
deliberately,1
profusion,1
opportunity,1
dealt,1
outward,1
waned,1
moieties,1
mesopotamian,1
importance,1
derived,1
generating,1
special,1
khirokitian,1
intramural,1
enabled,1
scales,1
illustrations,1
white,1
lay,1
productive,1
tence,1
future,1
antithesis,1
multilineal,1
evolu,1
reinforce,1
front,1
moves,1
gathering,1
actions,1
contestation,1
wash,1
arid,1
understand,1
layering,1
perceptions,1
finer,1
monumental,1
facilitated,1
old,1
gional,1
skeleton,1
wrists,1
dichotomy,1
foothills,1
improvement,1
river,1
benefits,1
descent,1
behaviours,1
peasant,1
hayaz,1
presumably,1
intrinsically,1
proved,1
section,1
vidual,1
elevated,1
cyclades,1
traces,1
invariably,1
neck,1
articulated,1
house,1
differs,1
reviewed,1
benefited,1
indis,1
situations,1
four,1
graphic,1
munhata,1
additional,1
dept,1
follow,1
edinburgh,1
goats,1
efficient,1
circulating,1
consequence,1
intentional,1
plenum,1
permanent,1
pleistocene,1
maison,1
unilineal,1
helped,1
equivalence,1
kosh,1
vehicles,1
david,1
contrary,1
sher,1
preference,1
ideational,1
eastem,1
stands,1
bearing,1
plausibly,1
perceive,1
banning,1
tumskunde,1
whereas,1
contention,1
ranges,1
detachable,1
geographies,1
accom,1
closely,1
lead,1
extent,1
migrant,1
questioned,1
abandoning,1
unfolding,1
adit,1
kegan,1
tural,1
histories,1
transient,1
conservative,1
demise,1
amply,1
search,1
skulls,1
inappropriate,1
pulse,1
relating,1
strongly,1
lived,1
harif,1
economics,1
deal,1
outcrops,1
issue,1
destined,1
primacy,1
radical,1
shuna,1
depletion,1
quarries,1
noting,1
taurus,1
configuration,1
syrian,1
insularity,1
base,1
term,1
bution,1
tralized,1
left,1
dynamically,1
equally,1
arc,1
understood,1
informed,1
though,1
bp,1
madi,1
choices,1
buried,1
engraved,1
archetypal,1
apparente,1
skilled,1
workings,1
keywords,1
effect,1
agglutinative,1
recently,1
tionary,1
produced,1
cohabitation,1
onstrate,1
transforma,1
applied,1
unconvincing,1
preceramique,1
sanc,1
ayonii,1
dialectic,1
dwelling,1
urfa,1
mace,1
obviate,1
princeton,1
james,1
package,1
possibility,1
eurasia,1
sustenance,1
expressions,1
acknowledgements,1
hartley,1
because,1
failure,1
exert,1
enrichment,1
designed,1
distinguish,1
perpetuated,1
degrees,1
theatres,1
closed,1
egalitarian,1
gatherers,1
sity,1
geothermal,1
zoomorphic,1
douglas,1
bounded,1
parability,1
qem,1
nificantly,1
strict,1
comprises,1
framed,1
prized,1
significantly,1
leolithic,1
favourable,1
hereditary,1
borne,1
purpose,1
compass,1
imaginaire,1
qambel,1
stimulating,1
reserve,1
leopards,1
esp,1
confined,1
dimbleby,1
test,1
homeland,1
revealed,1
criticized,1
woodland,1
caching,1
stein,1
precipitated,1
genuine,1
peaked,1
couched,1
editorial,1
hans,1
overtly,1
partly,1
climatic,1
warranted,1
dietler,1
expansionist,1
concentrate,1
gruyter,1
actually,1
falling,1
device,1
antithetical,1
tele,1
documented,1
forces,1
personal,1
focuses,1
reiterate,1
eleni,1
employed,1
craftsmen,1
lithique,1
entails,1
predominance,1
conform,1
runnels,1
diverted,1
challenging,1
ali,1
trends,1
sampled,1
manipulation,1
refuse,1
tioned,1
foci,1
gobekli,1
earth,1
asymmetries,1
depicting,1
preceded,1
overlap,1
premieres,1
whilst,1
legacy,1
mesopotamia,1
painting,1
sense,1
indicator,1
viable,1
successful,1
fulfilled,1
spatially,1
responsibility,1
lowest,1
embodied,1
reliable,1
resolving,1
ethnicity,1
mani,1
son,1
le,1
exclude,1
quite,1
hole,1
arbitrary,1
emerging,1
event,1
involved,1
belt,1
taxonomies,1
contingency,1
underscore,1
seminal,1
characteristics,1
sufficient,1
consensus,1
workshops,1
driving,1
erature,1
accomplished,1
pregnancy,1
revealing,1
components,1
starting,1
dualisms,1
stones,1
breaking,1
neolithiques,1
interand,1
protect,1
distinguished,1
ancestral,1
codes,1
alluvial,1
symbolique,1
commensal,1
mixing,1
ofer,1
dem,1
rakan,1
customary,1
visible,1
progress,1
poleg,1
majority,1
posed,1
hayden,1
sumed,1
und,1
altogether,1
enormously,1
undergoing,1
brownlow,1
directionality,1
labelled,1
cheating,1
thickening,1
moved,1
akrotiri,1
irba,1
netiv,1
prehistorian,1
syro,1
chaine,1
facies,1
salistic,1
commensurate,1
neu,1
herein,1
llc,1
pertaining,1
differentiations,1
horizons,1
tasks,1
led,1
archaeozoological,1
quarry,1
noteworthy,1
approximate,1
impartial,1
chains,1
reduced,1
equality,1
stated,1
lit,1
curves,1
summarize,1
actualistic,1
succumbing,1
requirement,1
socket,1
polished,1
african,1
atypical,1
impacts,1
action,1
trialetian,1
indicative,1
doctoral,1
preliminaire,1
overall,1
ancien,1
altes,1
intended,1
return,1
appreciate,1
forward,1
harris,1
musical,1
islands,1
erbaba,1
accumulation,1
diet,1
founding,1
brings,1
constraints,1
festations,1
juni,1
april,1
positioned,1
remodelled,1
projecting,1
formative,1
reconstruction,1
reappraisal,1
diver,1
make,1
mainstream,1
bill,1
comments,1
manifest,1
standing,1
targeted,1
sodalities,1
movement,1
aldine,1
paint,1
strategic,1
ipso,1
adapted,1
niques,1
positive,1
structural,1
yosef,1
notional,1
label,1
continuation,1
communications,1
depicted,1
forager,1
perles,1
modification,1
yet,1
elaboration,1
denkrichtungen,1
sedentarizing,1
oasis,1
push,1
opportunities,1
fit,1
revisiting,1
rubric,1
cor,1
happened,1
alongside,1
mono,1
serve,1
technology,1
paradoxes,1
inspiration,1
tolia,1
allels,1
factual,1
thesis,1
ceils,1
management,1
unwin,1
processing,1
constant,1
falls,1
indebted,1
rightly,1
obsidians,1
propounded,1
bangles,1
rising,1
cahiers,1
ed,1
outlined,1
vorderasiatischen,1
broad,1
wright,1
fieldwork,1
excellence,1
knapped,1
satisfactory,1
belonging,1
constitute,1
flints,1
decor,1
contains,1
department,1
qualified,1
begins,1
prehistoire,1
increasingly,1
frameworks,1
layout,1
worldviews,1
sector,1
fairly,1
considers,1
volume,1
representation,1
routes,1
successfully,1
belie,1
paul,1
heritage,1
book,1
temporarily,1
challenge,1
runs,1
sensu,1
stories,1
death,1
similarly,1
procured,1
oarme,1
usually,1
addition,1
projects,1
humphrey,1
reappearance,1
complementary,1
efforts,1
equating,1
husbandry,1
communal,1
longer,1
idea,1
limit,1
treatment,1
fundamental,1
foodstuffs,1
fara,1
recurrent,1
relates,1
aqrav,1
importation,1
creative,1
pastoralism,1
fascinating,1
boz,1
appeared,1
depict,1
nathan,1
choice,1
lacks,1
enable,1
tepe,1
vertebrae,1
afar,1
dhuweila,1
envisioning,1
proposal,1
telul,1
ethno,1
overwhelmingly,1
substantially,1
doubt,1
identical,1
golden,1
segmentation,1
considerable,1
pennsylvania,1
fashion,1
civilisations,1
removal,1
interim,1
enactment,1
forms,1
never,1
reproductive,1
corollary,1
evoke,1
fledged,1
remarkable,1
cnrs,1
covered,1
discussing,1
unit,1
devoted,1
existing,1
coarse,1
establish,1
relevant,1
celebrated,1
shown,1
ceremo,1
origin,1
dislocations,1
nemnrikian,1
deep,1
woman,1
belief,1
alities,1
conquer,1
cul,1
style,1
amounting,1
assemblage,1
wanes,1
ticularly,1
ecology,1
cosmologies,1
provenance,1
archeologiques,1
nacharinr,1
holistic,1
discourses,1
venerated,1
aggregation,1
balance,1
reveals,1
kathleen,1
investigated,1
vast,1
sepa,1
elyon,1
supplies,1
spective,1
success,1
restrictions,1
dharat,1
range,1
maritime,1
values,1
helps,1
refining,1
cranium,1
conceivable,1
arose,1
polity,1
distinctly,1
depended,1
gilgal,1
expand,1
top,1
spinal,1
asian,1
combining,1
complement,1
swiny,1
assumption,1
emphasize,1
anachronism,1
factor,1
numerous,1
entary,1
engaging,1
vocabulary,1
sequence,1
catalyst,1
questions,1
trend,1
moorey,1
radiocarbon,1
prelude,1
markers,1
struction,1
fold,1
deemed,1
eleventh,1
theories,1
dating,1
discontinuities,1
excava,1
arguably,1
significance,1
help,1
kopal,1
loosely,1
three,1
oriental,1
remaining,1
directed,1
authors,1
comprehensive,1
urbanism,1
sustain,1
essay,1
quests,1
ankles,1
counter,1
lished,1
boytepe,1
keep,1
cappers,1
reviewers,1
genetics,1
general,1
optimum,1
continuous,1
recon,1
tribal,1
escaped,1
protruding,1
serves,1
obtained,1
lie,1
filled,1
configurations,1
proximity,1
stantially,1
prolonged,1
mediterraneen,1
presaged,1
kashkashok,1
ap,1
mujah,1
quick,1
artificial,1
closing,1
agri,1
esh,1
comparing,1
fatal,1
coercive,1
rollefson,1
arizona,1
trying,1
qualities,1
parallel,1
methods,1
ribs,1
eloquent,1
become,1
technologique,1
ashy,1
deliberate,1
interconnections,1
categorize,1
sig,1
availability,1
diamond,1
materialized,1
fur,1
enabling,1
seeking,1
millenaires,1
greece,1
begs,1
arisen,1
particularity,1
inde,1
ascribe,1
workshop,1
frictions,1
connections,1
atlas,1
overdetermined,1
recurring,1
propose,1
questionable,1
encompassing,1
behaviour,1
animals,1
hague,1
inhumation,1
concluded,1
applies,1
species,1
theorizing,1
navel,1
product,1
separate,1
restructurings,1
metallurgy,1
european,1
implicitly,1
carried,1
tempo,1
regionand,1
bottema,1
indication,1
aspirations,1
valuable,1
entail,1
claw,1
layouts,1
circle,1
me,1
note,1
exceeding,1
segments,1
sometimes,1
figure,1
five,1
france,1
maps,1
suggestive,1
claimed,1
tech,1
reasonable,1
neglecting,1
begin,1
vague,1
validity,1
parent,1
attitude,1
discard,1
male,1
secure,1
substitution,1
multi,1
independence,1
boaretto,1
dimensions,1
directions,1
poly,1
transformed,1
aa,1
encroach,1
curation,1
began,1
jensen,1
embodying,1
render,1
localization,1
proposition,1
grinding,1
neonate,1
hahoresh,1
interplay,1
wilson,1
transformation,1
abbes,1
vallee,1
indicate,1
mesoamerica,1
emphasizes,1
dynamism,1
owed,1
displaying,1
settled,1
dans,1
expectations,1
construction,1
spectacularly,1
ensenyat,1
implies,1
surprising,1
ology,1
composed,1
subdivided,1
griffith,1
wide,1
when,1
problematical,1
face,1
rubsha,1
figured,1
arrowhead,1
verhoeven,1
sound,1
outcast,1
stable,1
heuristic,1
borrowed,1
neve,1
addressed,1
detail,1
entertain,1
enigma,1
sections,1
acquired,1
regularly,1
reciprocal,1
contained,1
eschewed,1
practised,1
exercised,1
shahina,1
thinking,1
mtefaat,1
cultivars,1
melanesia,1
moyenne,1
overriding,1
lowski,1
mentioned,1
norms,1
grand,1
consider,1
must,1
respective,1
resurfacing,1
agents,1
extensive,1
reconstitute,1
conceptualize,1
satisfying,1
forehead,1
pace,1
neighbouring,1
betzet,1
precise,1
membership,1
occurrences,1
doi,1
phillips,1
aswadian,1
neo,1
der,1
utili,1
novelties,1
integrative,1
inhumations,1
rezeption,1
darwinian,1
natural,1
jarmo,1
intellectually,1
mutually,1
retained,1
extant,1
baogh,1
tendencies,1
specialization,1
illuminate,1
readily,1
recurrence,1
cm,1
flint,1
porate,1
prototypes,1
ancestor,1
specialized,1
lying,1
expanding,1
louise,1
sampling,1
pragmatic,1
down,1
equivocal,1
acts,1
bearers,1
half,1
wall,1
foundation,1
harvest,1
sudan,1
exploiting,1
stretching,1
speculation,1
exhaustive,1
sustaining,1
reflected,1
build,1
associations,1
karahan,1
vacuum,1
essentially,1
canhasan,1
disputes,1
pour,1
quoted,1
ancestors,1
nuer,1
better,1
pushing,1
evident,1
stood,1
qualitatively,1
predominating,1
beginning,1
hyman,1
pinpointing,1
delineated,1
scapulae,1
iraqi,1
qorian,1
ala,1
implausible,1
unique,1
implicit,1
whether,1
meticulous,1
cypriot,1
chro,1
ones,1
making,1
deniirci,1
noticeable,1
baja,1
attitudes,1
preoccupation,1
seasonal,1
tiation,1
contrasting,1
map,1
mere,1
firmly,1
knapping,1
ethnography,1
estab,1
occasions,1
utilitarian,1
pendently,1
foundations,1
thames,1
univer,1
hadu,1
pursued,1
projection,1
mechanistic,1
produce,1
awarded,1
property,1
operatoire,1
apprehend,1
observations,1
persals,1
hoyuk,1
ramat,1
dietier,1
permeated,1
categories,1
universe,1
art,1
peoples,1
garbage,1
translated,1
certainties,1
outline,1
ritually,1
displace,1
balances,1
neolithisation,1
inaccuracies,1
code,1
recognition,1
edwards,1
lifetime,1
reported,1
preconcep,1
introduced,1
marble,1
elucidate,1
content,1
undertaken,1
beer,1
sounding,1
convinced,1
buy,1
dining,1
techniques,1
plans,1
lies,1
assumptions,1
aptly,1
went,1
re,1
measure,1
matches,1
helwan,1
target,1
contribute,1
mention,1
evidenced,1
definitions,1
comprehend,1
think,1
disentangle,1
varied,1
strong,1
pinnacle,1
prepared,1
irre,1
ucl,1
comprehended,1
espouse,1
sanctioned,1
layers,1
mythologies,1
soft,1
ultimately,1
carefully,1
survival,1
recording,1
entity,1
difference,1
mentalities,1
ignored,1
implied,1
lands,1
disposal,1
guvercinkayasi,1
unduly,1
quest,1
differen,1
plaque,1
jacques,1
frame,1
sought,1
accept,1
burnt,1
crisis,1
applicable,1
fauna,1
land,1
gopher,1
environ,1
dissociated,1
unified,1
levy,1
cation,1
functionalist,1
renders,1
mobilization,1
variously,1
effects,1
piece,1
colleagues,1
seeks,1
batman,1
testament,1
embodies,1
association,1
shift,1
rosenberg,1
archaic,1
magical,1
massifs,1
sabra,1
anonymous,1
needs,1
supported,1
dowel,1
ated,1
requires,1
substitute,1
assumed,1
centralities,1
munities,1
ensuring,1
tribes,1
prospects,1
ascendancy,1
proaches,1
methodologies,1
terminology,1
nucleation,1
commodity,1
jeru,1
reached,1
partial,1
composing,1
bolstered,1
traditional,1
classics,1
uk,1
livestock,1
paying,1
symboles,1
virtue,1
delineate,1
broader,1
conversations,1
ffl,1
built,1
pillars,1
roles,1
termed,1
classifications,1
close,1
occur,1
barter,1
faction,1
continuously,1
