WORDCOUNTS,WEIGHT
the,1597
and,1299
of,1280
in,760
a,354
to,327
from,232
mp,222
for,213
modern,206
human,186
levant,173
levantine,162
humans,156
is,146
paleolithic,145
pp,145
middle,140
as,139
with,136
early,134
have,125
p,124
are,119
et,116
at,114
assemblages,108
mousterian,106
this,105
that,103
on,103
by,101
level,101
j,95
these,95
cave,91
neandertals,89
sites,82
been,82
evidence,81
were,81
new,80
tabun,78
e,77
between,77
phase,76
kebara,76
archaeological,75
site,74
m,72
d,68
neandertal,65
b,63
qafzeh,62
c,61
h,59
dates,59
but,59
o,55
remains,55
de,54
their,54
most,54
not,54
lithic,52
university,51
an,50
levallois,50
among,50
journal,49
excavations,47
southern,47
r,46
more,46
points,46
it,45
stone,45
into,45
israel,45
s,44
evolution,44
kyr,44
be,44
than,43
unit,43
amud,43
shea,43
upper,42
pleistocene,42
western,41
such,41
levels,41
recent,41
other,40
mean,40
late,40
during,40
contexts,39
fossils,39
use,39
research,38
about,38
up,37
period,37
no,36
l,36
was,36
g,35
tor,35
or,35
tools,34
f,34
al,34
later,33
there,33
those,33
el,33
skhul,33
has,33
mediterranean,33
which,33
evolutionary,33
n,32
near,32
two,32
species,32
relatively,31
large,31
populations,31
dating,31
umm,31
they,30
hayonim,30
high,30
africa,30
ksar,29
one,29
suggest,29
jordan,29
transition,29
europe,28
palaeolithic,28
may,28
prehistoric,28
behavioral,28
settlement,28
douara,28
would,28
record,27
population,27
well,27
social,27
dederiyeh,26
lower,26
faunal,26
anthropology,26
both,26
ii,25
all,25
i,25
behavior,25
t,25
du,25
also,25
many,25
tlel,25
some,24
probably,24
table,24
w,24
yabrud,24
projectile,23
ras,23
solecki,23
analysis,23
associated,23
industries,22
biqat,22
esr,22
similar,22
changes,22
flakes,22
homo,22
strategies,22
archaeology,22
sea,22
variability,22
much,22
eastern,21
fossil,21
prehistory,21
its,21
climate,21
same,21
european,21
copeland,21
valley,21
american,20
nature,20
british,20
age,20
artifacts,20
range,20
carmel,20
mount,20
paleorient,20
technological,20
ois,19
hominid,19
valladas,19
east,19
relationships,19
origins,19
lebanon,19
change,19
assemblage,19
living,19
them,19
models,19
networks,18
akil,18
marks,18
had,18
syria,18
small,18
only,18
science,18
known,18
suggests,18
african,18
north,18
le,17
faraj,17
quneitra,17
eurasia,17
caves,17
burial,17
dispersal,17
tool,17
part,17
ethnographic,17
time,17
region,17
can,17
adaptations,17
size,17
include,17
long,16
van,16
coastal,16
recovered,16
cultural,16
several,16
units,16
international,16
competition,16
chronology,16
any,16
etal,16
hypothesis,16
group,15
affinities,15
possible,15
central,15
york,15
data,15
northern,15
hovers,15
located,15
values,15
significant,15
numerous,15
seen,15
current,15
series,15
area,15
if,14
groups,14
context,14
initial,14
after,14
parts,14
jerf,14
excavated,14
society,14
hominids,14
variation,14
man,14
patterns,14
do,14
difla,14
bulletin,14
times,14
median,14
symbolic,14
different,14
conditions,14
implications,13
hunting,13
vol,13
subsistence,13
raw,13
out,13
schwarcz,13
because,13
place,13
present,13
flint,13
rosh,13
boker,13
earliest,13
geographic,13
les,13
quaternary,13
ein,13
preliminary,13
assem,13
major,13
tokyo,12
studies,12
first,12
asia,12
differences,12
point,12
sapiens,12
interior,12
proceedings,12
shovakh,12
appear,12
personal,12
alliance,12
world,12
museum,12
regional,12
years,12
mortuary,12
low,12
plant,12
la,12
meignen,12
each,12
animal,12
exosomatic,12
through,12
role,12
ca,12
red,11
habitats,11
date,11
prey,11
nahal,11
greater,11
could,11
occupation,11
technology,11
spear,11
published,11
mor,11
nahr,11
model,11
less,11
material,11
tl,11
mammals,11
y,11
adaptive,11
neanderthal,11
iii,11
sabiha,11
distribution,11
nile,11
wadi,11
although,11
complex,10
production,10
seems,10
case,10
bones,10
iv,10
zuttiyeh,10
blades,10
unpublished,10
phases,10
support,10
methodist,10
basin,10
zooarchaeological,10
woodland,10
around,10
lev,10
assimilation,10
insights,10
where,10
radiocarbon,10
shelter,10
southwest,10
antiquity,10
when,10
sciences,10
did,10
ar,10
steppe,10
coast,10
while,10
blages,10
contain,10
researchers,10
using,10
rockshelter,10
increased,10
source,9
sources,9
sefunim,9
niche,9
henry,9
bezez,9
far,9
throughout,9
fig,9
weapon,9
dated,9
proposed,9
important,9
found,9
glacial,9
symbols,9
ajla,9
paleoenvironments,9
used,9
reflect,9
local,9
above,9
permission,9
people,9
neanderthals,9
larger,9
golan,9
deposits,9
like,9
so,9
fauna,9
k,9
we,9
iup,9
des,9
effects,9
fallow,9
focus,9
sequence,8
retouched,8
feature,8
last,8
woodlands,8
key,8
along,8
quality,8
bone,8
effective,8
ix,8
study,8
actual,8
objects,8
moyen,8
marine,8
strategy,8
view,8
cores,8
further,8
appears,8
wide,8
rink,8
tunnel,8
ain,8
industry,8
deer,8
ochre,8
short,8
flake,8
reports,8
end,8
considerable,8
ecology,8
exhibit,8
made,8
including,8
food,8
dominated,8
extensive,8
report,8
prismatic,8
reported,8
paleolithique,8
tachtit,8
occur,8
difficult,7
common,7
being,7
individuals,7
resulting,7
similarities,7
clear,7
x,7
ritual,7
review,7
dry,7
reflects,7
interpretation,7
risk,7
skeleton,7
emergence,7
tirat,7
colder,7
appearance,7
radiometric,7
ksarakil,7
description,7
least,7
ratios,7
cold,7
core,7
south,7
microwear,7
akazawa,7
various,7
emp,7
academy,7
vandermeersch,7
hearths,7
yet,7
continuity,7
misliya,7
adjacent,7
thousands,7
origin,7
hu,7
jelinek,7
desert,7
rare,7
mercier,7
vegetation,7
earlier,7
keith,7
note,7
who,7
dans,7
stratified,7
types,7
incised,7
physical,7
occurrences,7
der,7
over,7
specialized,7
mccown,7
form,7
techniques,7
our,7
formation,7
sediments,7
morphological,7
shift,7
supported,7
lake,7
re,7
now,6
northeast,6
per,6
germany,6
laminar,6
sets,6
rift,6
occurred,6
before,6
test,6
either,6
analyses,6
take,6
resources,6
diversity,6
framework,6
postcranial,6
ability,6
eurasian,6
witnessed,6
geological,6
even,6
adult,6
ronen,6
unretouched,6
growth,6
hebrew,6
paliorient,6
factors,6
elsewhere,6
plenum,6
shared,6
percentages,6
recently,6
keoue,6
otherwise,6
heavily,6
tens,6
older,6
involved,6
highly,6
weapons,6
generally,6
chronological,6
stratigraphy,6
still,6
biological,6
light,6
prehistoire,6
increasingly,6
bar,6
anthro,6
pattern,6
typological,6
aqev,6
v,6
geography,6
preparation,6
examples,6
discovery,6
vii,6
discovered,6
aurignacian,6
features,6
played,6
methods,6
differ,6
widely,6
increasing,6
perspectives,6
provide,6
primarily,6
tive,6
arid,6
shells,6
indicate,6
stiner,6
dead,6
ing,6
indeterminate,6
reinforced,6
organization,6
weaponry,6
partitioning,6
paper,6
seem,6
particularly,6
disperse,6
ibrahim,6
tchernov,6
what,6
terms,6
ones,6
emphasis,6
volkman,6
given,6
au,6
palmyra,6
correlated,6
smaller,6
national,6
close,6
does,5
functional,5
environmental,5
succession,5
expect,5
likely,5
schools,5
history,5
presents,5
descriptions,5
mcdermott,5
griggo,5
beds,5
principal,5
somewhat,5
west,5
fragment,5
adornment,5
clark,5
compared,5
mammal,5
higher,5
rather,5
refitting,5
reason,5
porat,5
academic,5
garrod,5
xvii,5
trinkaus,5
revealed,5
skeletons,5
industrial,5
whole,5
climatic,5
contains,5
clearance,5
approach,5
oriental,5
involve,5
transport,5
few,5
cl,5
progress,5
notes,5
interglacial,5
absence,5
materials,5
identified,5
incentives,5
sur,5
female,5
single,5
communities,5
thought,5
northwest,5
extinction,5
editions,5
humid,5
renewed,5
lack,5
rasfa,5
grave,5
anthropologist,5
paris,5
palestine,5
institute,5
abilities,5
asian,5
questions,5
recovery,5
complicated,5
described,5
three,5
mt,5
copyright,5
burials,5
conveyed,5
movements,5
ecological,5
reasonable,5
stringer,5
affinity,5
stable,5
following,5
must,5
throught,5
then,5
clearly,5
very,5
number,5
references,5
adaptation,5
densities,5
argued,5
information,5
com,5
isolated,5
varied,5
until,5
cambridge,5
foraging,5
indices,5
summary,5
km,5
little,5
dental,5
uk,5
emireh,5
increase,5
dispersals,4
taramsa,4
coevolutionary,4
episodes,4
resulted,4
ranges,4
considerably,4
tend,4
spears,4
peabody,4
excavation,4
certainly,4
press,4
accompanied,4
rich,4
able,4
reveal,4
subsequent,4
ancestry,4
thermoluminescence,4
issue,4
mutation,4
paleogeography,4
marked,4
delay,4
reflecting,4
genetic,4
mountains,4
juvenile,4
enclosing,4
minimum,4
exposed,4
frequencies,4
thus,4
against,4
ern,4
dis,4
perspective,4
young,4
estimate,4
apparently,4
spread,4
competitive,4
poor,4
variance,4
across,4
sort,4
hughes,4
remote,4
spatial,4
ex,4
costs,4
logical,4
risks,4
possibly,4
antine,4
biogeographic,4
surface,4
edinburgh,4
exploitation,4
tween,4
state,4
clarendon,4
wad,4
though,4
buried,4
residential,4
scale,4
pollen,4
semblages,4
symbolically,4
network,4
inferred,4
proportions,4
related,4
tip,4
structures,4
consistent,4
systematic,4
capacities,4
holy,4
warm,4
field,4
facetting,4
characteristics,4
annual,4
anatomically,4
periods,4
grotte,4
will,4
led,4
second,4
reductions,4
onset,4
rapid,4
forager,4
land,4
under,4
temperate,4
index,4
included,4
dna,4
tortoise,4
recherches,4
challenge,4
xii,4
recurrent,4
pressure,4
foods,4
habitat,4
vicarism,4
timing,4
carnivore,4
binford,4
teeth,4
reflected,4
website,4
artifact,4
degree,4
archeologiques,4
understanding,4
success,4
cranial,4
yabrudian,4
his,4
regions,4
directed,4
individual,4
allowed,4
procurement,4
problems,4
pro,4
von,4
shukbah,4
ranging,4
relationship,4
lines,4
curation,4
began,4
sequences,4
often,4
circumscribed,4
share,4
deposited,4
dispersed,4
acheulean,4
mousterien,4
reciprocity,4
geoarchaeology,4
linear,4
anthropological,4
glaciation,4
novel,4
oxford,4
ethiopia,4
goods,4
just,4
growing,4
unique,4
selected,4
mandible,4
her,4
almost,4
bd,4
recognition,4
mod,4
became,4
hy,4
challenges,4
ibex,4
turkey,4
course,4
typically,4
abu,4
association,4
potential,4
within,4
miller,3
ments,3
currently,3
extend,3
heights,3
distributed,3
coalitionary,3
trench,3
needed,3
replaced,3
kinds,3
mobility,3
ical,3
mous,3
nishiaki,3
comparisons,3
dart,3
stefan,3
lowlands,3
contact,3
behavioural,3
attribute,3
mmp,3
includes,3
every,3
exclusive,3
wady,3
might,3
definition,3
cial,3
advantage,3
together,3
simple,3
erq,3
sd,3
precisely,3
investigations,3
multiple,3
gilead,3
clarence,3
pub,3
design,3
development,3
associ,3
occupations,3
processes,3
prolonged,3
overlooking,3
fos,3
signal,3
palymyra,3
deux,3
language,3
immediate,3
due,3
suppose,3
z,3
kind,3
estimates,3
elements,3
response,3
modernity,3
egypt,3
ally,3
left,3
determinations,3
wild,3
adlun,3
nean,3
tcsa,3
sample,3
terrestrial,3
etudes,3
sils,3
killing,3
neanderthalensis,3
certain,3
ciated,3
enabled,3
plicht,3
image,3
linked,3
intrinsically,3
impact,3
xi,3
additional,3
beyond,3
territorial,3
breccia,3
boar,3
warmer,3
preference,3
problem,3
concentration,3
extinct,3
base,3
inter,3
popu,3
ary,3
evaluate,3
collector,3
focused,3
reviews,3
applied,3
younger,3
exploration,3
crossroad,3
method,3
princeton,3
expressions,3
failure,3
basis,3
blade,3
rail,3
london,3
juveniles,3
geology,3
fit,3
broad,3
survey,3
transported,3
my,3
strongest,3
attributed,3
earth,3
successful,3
describing,3
below,3
sufficient,3
migration,3
smithsonian,3
majority,3
contemporaneity,3
steppes,3
ecogeographic,3
triangular,3
chaine,3
biocultural,3
primitive,3
neonate,3
expansion,3
argues,3
tillier,3
indicates,3
initially,3
modes,3
strategic,3
percentage,3
thrusting,3
jectile,3
makes,3
demographic,3
transformations,3
complete,3
experimental,3
memorial,3
noted,3
streamlined,3
sociated,3
jabrud,3
volume,3
camel,3
technique,3
others,3
rock,3
added,3
humidity,3
main,3
paleoanthropological,3
areas,3
genese,3
ecotones,3
question,3
ages,3
en,3
phytoliths,3
lisan,3
see,3
necessary,3
showing,3
compete,3
another,3
displace,3
rabinovich,3
archaeo,3
upon,3
formal,3
trends,3
samples,3
identity,3
hypotheses,3
largely,3
maintains,3
mcbrearty,3
ties,3
significance,3
incisions,3
divisions,3
nonutilitarian,3
mountain,3
preservation,3
provides,3
prihistoire,3
narrow,3
interpretations,3
clasped,3
hunters,3
galilee,3
sug,3
occupied,3
institution,3
relative,3
naame,3
primate,3
accepting,3
geochronology,3
independent,3
claimed,3
rough,3
hill,3
negev,3
effectively,3
overlap,3
why,3
toba,3
fall,3
face,3
corridor,3
campaign,3
stratigraphic,3
con,3
mugharet,3
deep,3
butchery,3
cultures,3
innovations,3
vari,3
unknown,3
dertals,3
paleoclimatic,3
technotypological,3
historical,3
past,3
essentially,3
works,3
advances,3
better,3
beginning,3
dominate,3
migratory,3
temperatures,3
referable,3
omo,3
ecozones,3
repetitive,3
hummal,3
precursor,3
kaufman,3
produce,3
operatoire,3
adornments,3
infant,3
aurochs,3
circumstances,3
molar,3
beach,3
activity,3
radiation,3
dorsal,3
contrasts,3
layers,3
presence,3
unable,3
intensified,3
indications,3
texas,3
convergent,3
oldest,3
archaic,3
roughly,3
lations,3
needs,3
lmp,3
clarify,3
themselves,3
fleisch,3
assume,3
northward,3
possessed,2
done,2
child,2
way,2
yabroud,2
fertile,2
pointes,2
expand,2
war,2
faced,2
pale,2
affected,2
ant,2
introduction,2
bergman,2
kowm,2
ma,2
live,2
tors,2
affective,2
xxvia,2
steve,2
subsis,2
cycles,2
necessarily,2
reliably,2
eastward,2
dc,2
mesolithic,2
antlers,2
prac,2
limestone,2
combustion,2
discordant,2
fraction,2
transitions,2
davis,2
labor,2
tips,2
setting,2
originally,2
attempts,2
syrie,2
kilometers,2
asso,2
stylistic,2
fragmentary,2
youngest,2
containing,2
decouverte,2
attractive,2
sup,2
secondary,2
suggesting,2
featuring,2
thank,2
aerodynamically,2
producing,2
aunal,2
ences,2
vertebra,2
molecular,2
stekelis,2
yearbook,2
patterned,2
ofer,2
situ,2
rockshelters,2
vertebrate,2
advantages,2
tabaqat,2
nal,2
ash,2
subsidence,2
surveys,2
superficially,2
extreme,2
tell,2
debitage,2
lam,2
plain,2
payne,2
capacity,2
continuum,2
primary,2
arabian,2
mass,2
agriculture,2
retain,2
account,2
holocene,2
capable,2
chest,2
ered,2
open,2
zones,2
heidelbergensis,2
structurally,2
taking,2
except,2
uncertain,2
herbivore,2
dynamic,2
grigson,2
brose,2
furnishings,2
lationships,2
comments,2
curated,2
component,2
severe,2
rak,2
facts,2
difficulties,2
dynamics,2
mm,2
predators,2
regarded,2
sp,2
ostrich,2
furnishing,2
objection,2
participating,2
media,2
subtraction,2
spans,2
thing,2
cases,2
distinct,2
developments,2
density,2
amount,2
subjects,2
lebanese,2
allowing,2
mates,2
application,2
corrected,2
deeply,2
climates,2
chronostratigraphy,2
concentric,2
arrowheads,2
infinite,2
rates,2
bimodal,2
interbreeding,2
ably,2
without,2
predicted,2
acid,2
comportements,2
quaternaria,2
encompassed,2
developed,2
scrapers,2
obtained,2
debated,2
ra,2
posits,2
indet,2
tel,2
proportion,2
leave,2
variant,2
stability,2
scribed,2
uncertainties,2
predation,2
tence,2
unifacial,2
multivariate,2
consistency,2
shell,2
injury,2
vastly,2
statistical,2
established,2
neurological,2
intensive,2
repeated,2
evolved,2
driven,2
reconstructions,2
differs,2
listed,2
threat,2
presumed,2
four,2
eretz,2
delta,2
monographic,2
follow,2
hypothetical,2
shed,2
followed,2
requires,2
beyrouth,2
pology,2
lu,2
etude,2
suggested,2
ulation,2
footnote,2
cut,2
whereas,2
expressed,2
mousteriens,2
closely,2
formidable,2
anthropogenic,2
based,2
basalt,2
neander,2
plateau,2
bearing,2
complexes,2
lowland,2
search,2
attack,2
seven,2
relation,2
mam,2
ocean,2
events,2
arboreal,2
racemization,2
eu,2
diet,2
persist,2
ogy,2
term,2
embedded,2
kinship,2
ann,2
reasons,2
block,2
sympatry,2
placed,2
dan,2
aridity,2
periodization,2
glycimerus,2
possibility,2
technical,2
overlapping,2
having,2
intense,2
received,2
steep,2
locus,2
denticulates,2
illustrated,2
knowledge,2
apparent,2
overview,2
describe,2
intermediate,2
adap,2
records,2
truncated,2
paleosols,2
gatherers,2
statistics,2
versus,2
scavenging,2
documented,2
rodents,2
away,2
surrounding,2
il,2
spearthrower,2
project,2
extinctions,2
interpreted,2
archaeologists,2
lithics,2
count,2
causal,2
punctuated,2
xxvi,2
working,2
order,2
contrast,2
ological,2
event,2
richter,2
eco,2
neuville,2
components,2
mal,2
peak,2
niches,2
donnges,2
platform,2
ancestors,2
methodological,2
yielded,2
descendants,2
productivity,2
results,2
biostratigraphy,2
value,2
frontal,2
allocricetus,2
valuable,2
gazella,2
neolithic,2
morphology,2
bedrock,2
geulah,2
lieberman,2
reduced,2
proche,2
variety,2
raphy,2
economic,2
doctoral,2
gradual,2
durable,2
edges,2
denominator,2
positioned,2
make,2
wendort,2
seemingly,2
southeast,2
examined,2
isotopic,2
exactly,2
whose,2
restricted,2
challenged,2
selective,2
us,2
processing,2
culture,2
performed,2
bitumen,2
brids,2
largest,2
belonging,2
flints,2
patterning,2
ev,2
picture,2
synthesis,2
double,2
inference,2
successfully,2
proximal,2
limb,2
mark,2
available,2
tremendous,2
water,2
analytical,2
hanihara,2
fact,2
avec,2
pological,2
preserve,2
absent,2
head,2
revolution,2
striking,2
pastoralism,2
seasonality,2
exclusion,2
disturbed,2
viii,2
daily,2
paleogeog,2
associates,2
john,2
distal,2
remain,2
doubt,2
fragments,2
honor,2
forms,2
enough,2
hand,2
monographs,2
stony,2
establish,2
unclear,2
que,2
ao,2
diets,2
shifts,2
wood,2
griin,2
eltlel,2
extended,2
ungulate,2
discussion,2
chronostratigraphic,2
cranium,2
conceivable,2
adopting,2
persisted,2
residues,2
reconstructing,2
products,2
harvard,2
net,2
variables,2
aids,2
previous,2
theoretical,2
involves,2
historic,2
modem,2
idiosyncratic,2
express,2
lakes,2
faces,2
burnt,2
qesem,2
elevations,2
derived,2
microfaunal,2
geographically,2
function,2
broadly,2
attribution,2
stages,2
brain,2
accurate,2
peer,2
abundant,2
amino,2
latter,2
ap,2
paleo,2
graphic,2
arizona,2
systems,2
parallel,2
become,2
ahmarian,2
terian,2
clude,2
respectively,2
structure,2
oak,2
implication,2
attracted,2
micromorphological,2
destruction,2
discoveries,2
ago,2
develop,2
attention,2
immigration,2
practicing,2
paleoanthropology,2
israeli,2
carried,2
arensburg,2
extractive,2
front,2
fueled,2
behaviors,2
intrasite,2
bulk,2
sometimes,2
usually,2
five,2
idence,2
garrard,2
thermal,2
cereal,2
un,2
pop,2
chimney,2
nj,2
spanning,2
es,2
mans,2
inferior,2
influencing,2
biology,2
claims,2
spectrum,2
rarely,2
inventory,2
lished,2
measurements,2
japan,2
wear,2
squelette,2
work,2
alfred,2
precise,2
notches,2
southward,2
preserves,2
prob,2
ifs,2
organizational,2
resonance,2
know,2
natural,2
mutually,2
removed,2
correspond,2
iiib,2
global,2
sizes,2
connection,2
tattersall,2
distance,2
equivocal,2
half,2
speech,2
infer,2
gene,2
ous,2
multiseasonal,2
distinctive,2
passage,2
type,2
phd,2
game,2
day,2
notable,2
whether,2
volcanic,2
adults,2
supports,2
particular,2
ny,2
character,2
theory,2
consisting,2
xxxii,2
require,2
migrations,2
encounters,2
observations,2
episode,2
replacement,2
art,2
preserved,2
hyperarid,2
atmospheric,2
pre,2
ionization,2
pat,2
ac,2
die,2
roe,2
come,2
spring,2
survival,2
difference,2
kibish,2
farah,2
temperature,2
approximately,2
detached,2
hunter,2
renders,2
colleagues,2
defined,2
typology,2
ucagizli,2
comparison,2
vi,2
specific,2
pear,2
ated,2
acheulo,2
assumed,2
rest,2
klein,2
aggregations,2
comptes,2
broadening,2
tals,2
chicago,2
symbol,2
debate,2
dibble,2
uranium,2
maximum,2
substantial,2
predictable,2
pologist,2
interaction,2
dif,2
observed,2
should,2
southeastern,2
affini,2
lindly,2
final,1
substrates,1
mousterienne,1
arrives,1
entities,1
supremely,1
proba,1
care,1
ofneandertal,1
equation,1
volved,1
diatomaceous,1
interpre,1
jury,1
mostly,1
calities,1
encountering,1
paralleled,1
lation,1
flow,1
millennial,1
convergence,1
generalization,1
universal,1
horizontal,1
estimated,1
surficial,1
rutgers,1
correlation,1
melanges,1
ziaeietal,1
extrapolating,1
preted,1
ranean,1
palsolithique,1
musee,1
revue,1
vordern,1
tropics,1
broadest,1
created,1
outcome,1
compensate,1
europeans,1
separated,1
maxilla,1
personnel,1
potheses,1
talpa,1
trans,1
determine,1
margins,1
bermudez,1
lated,1
grafiques,1
saline,1
fea,1
alone,1
extends,1
gion,1
stands,1
grasses,1
continental,1
obliquely,1
coastlines,1
linguistic,1
center,1
belts,1
endscrapers,1
fluid,1
touched,1
systematically,1
putative,1
undergone,1
conserved,1
identify,1
essays,1
reassessment,1
mouste,1
sought,1
cours,1
reflections,1
ocre,1
hafting,1
formed,1
confines,1
true,1
ways,1
revo,1
conver,1
pauorient,1
unraveling,1
reichert,1
favor,1
higgs,1
flows,1
considerations,1
diffuse,1
shore,1
conclusive,1
doubts,1
laboratory,1
dog,1
gerbillus,1
tifacts,1
split,1
organic,1
travertine,1
habits,1
collision,1
steeply,1
exceptions,1
bp,1
fiercer,1
nineteenth,1
eye,1
foragers,1
roler,1
geula,1
corresponding,1
hafted,1
vacademie,1
orofacial,1
pillar,1
hints,1
carving,1
toccupation,1
footing,1
par,1
fluctuations,1
har,1
diffusion,1
abrasion,1
throwing,1
accumulation,1
cast,1
gularity,1
deter,1
fluvial,1
foothold,1
destabilizing,1
australia,1
windfall,1
shukhbah,1
topographic,1
plisson,1
preceding,1
localities,1
archae,1
jointly,1
entailed,1
phytozone,1
controlled,1
taken,1
symmetrical,1
disturbance,1
uals,1
season,1
vicari,1
palynological,1
micromammals,1
presented,1
construction,1
xxviiib,1
artificially,1
ribcage,1
enfants,1
discontinuity,1
gin,1
encapsulating,1
dramatically,1
eruption,1
oval,1
skills,1
leading,1
mastomys,1
correspondingly,1
cueilleurs,1
preyed,1
indeed,1
increas,1
wildlife,1
potentially,1
exotic,1
follows,1
revisions,1
studied,1
zooarchaeo,1
link,1
closer,1
intrusive,1
retractions,1
degradation,1
promontory,1
alignment,1
das,1
cone,1
achieved,1
southernmost,1
xxvib,1
persistence,1
inferring,1
horses,1
skull,1
mind,1
evron,1
written,1
mammalian,1
remainder,1
bate,1
carnivores,1
depleted,1
eritrea,1
marshack,1
ity,1
extracted,1
natufian,1
buri,1
contents,1
eura,1
system,1
erosional,1
side,1
est,1
fljelinek,1
takes,1
habitual,1
suspect,1
rampino,1
polymorphic,1
moisture,1
phyletic,1
foliacees,1
veaux,1
prelimi,1
hypersaline,1
sudan,1
repercussions,1
arate,1
repre,1
hippopotamus,1
proxies,1
demography,1
geochemistry,1
cu,1
dat,1
exception,1
reanalysis,1
figs,1
outcrops,1
quantities,1
placement,1
prior,1
implies,1
determined,1
mandibular,1
umatilla,1
reliability,1
aspects,1
ramallah,1
burning,1
soils,1
weight,1
deglaciation,1
terbreeding,1
pursue,1
lication,1
solely,1
functions,1
alter,1
terminus,1
plaque,1
wetter,1
consumers,1
perfectly,1
obvious,1
transcend,1
astragalus,1
den,1
combination,1
variations,1
since,1
ations,1
exchanges,1
cited,1
chart,1
lithostratigraphic,1
diaphyseal,1
phylogenetique,1
objective,1
undoubtedly,1
plied,1
javelins,1
identifies,1
requir,1
fades,1
removes,1
neural,1
sand,1
blocky,1
sakura,1
pursuing,1
redating,1
notably,1
nou,1
cooperation,1
mid,1
xxviia,1
abrigo,1
goal,1
associations,1
million,1
terra,1
royal,1
vertebrates,1
apex,1
afterword,1
differential,1
naams,1
electron,1
dependence,1
mesocricetus,1
phylogenetic,1
unconformities,1
influx,1
strat,1
guinea,1
estimating,1
neighbor,1
attest,1
reject,1
ferred,1
eating,1
calculated,1
throes,1
adapting,1
visited,1
sediment,1
perfo,1
silent,1
levan,1
philosophical,1
aus,1
movement,1
admixture,1
interest,1
adjusting,1
wormwood,1
concentrations,1
acta,1
br,1
shaft,1
occurs,1
grouped,1
creased,1
burin,1
prediction,1
pig,1
dozen,1
aoki,1
mastic,1
ease,1
geometry,1
alison,1
fischer,1
basal,1
stained,1
entire,1
extensively,1
brains,1
dence,1
tabulated,1
forced,1
kebaraxii,1
transitional,1
uniquely,1
cerns,1
jezreel,1
pelvis,1
haeven,1
precludes,1
continu,1
items,1
old,1
ct,1
self,1
immigrants,1
climatically,1
fission,1
keep,1
eventu,1
paramagnetic,1
pri,1
raises,1
averaging,1
imprimerie,1
back,1
ante,1
lasts,1
herbaceous,1
deed,1
highest,1
zoologica,1
columbia,1
boundary,1
havior,1
difficulty,1
races,1
served,1
fate,1
unchanged,1
ness,1
genetics,1
reoccupation,1
spin,1
stratigraphie,1
curate,1
hybrid,1
revised,1
kelly,1
drawn,1
gil,1
sepulture,1
whelmingly,1
sin,1
quaternaire,1
look,1
preserving,1
excavator,1
outflow,1
refugia,1
pennsylvania,1
jr,1
document,1
cypress,1
traced,1
discovering,1
gest,1
sition,1
tained,1
adjust,1
striped,1
interassemblage,1
jerusalem,1
unfortunate,1
objet,1
romania,1
paralleling,1
baked,1
patches,1
poorly,1
montane,1
phenecie,1
arrasfa,1
incentive,1
selectively,1
morphometric,1
divergence,1
baboon,1
landscapes,1
cluding,1
nazareth,1
paleon,1
wadis,1
interesting,1
simultaneously,1
sue,1
enclosed,1
adequate,1
selec,1
ka,1
pigments,1
chamfered,1
genuinely,1
abaco,1
lective,1
identification,1
operations,1
wendorf,1
improved,1
ghab,1
partition,1
bypassing,1
ence,1
socioecology,1
square,1
genuine,1
pushed,1
flanks,1
responded,1
comparable,1
knew,1
approaches,1
poses,1
active,1
environments,1
excavators,1
hydrogeological,1
proximity,1
vs,1
arm,1
blanks,1
capac,1
probability,1
lasted,1
aligns,1
annales,1
eight,1
turn,1
interposed,1
republic,1
importance,1
postdepositional,1
entre,1
direct,1
ass,1
oases,1
contributions,1
winters,1
envision,1
lacking,1
stratigraphical,1
distant,1
individ,1
ludwig,1
strate,1
augmented,1
whither,1
mitekufat,1
radiating,1
musie,1
tance,1
outnumber,1
outlasting,1
lowers,1
az,1
sai,1
guides,1
firing,1
analy,1
modified,1
accounts,1
category,1
cooper,1
supervolcano,1
nor,1
occu,1
byproducts,1
tardif,1
tableands,1
lagar,1
cause,1
excellent,1
sep,1
interglaciare,1
boeda,1
uacademie,1
river,1
physically,1
rated,1
benefits,1
workmen,1
vations,1
neocortex,1
aurigna,1
vicia,1
section,1
loess,1
mechanisms,1
flintknapper,1
hartebeest,1
numbers,1
reexamination,1
traces,1
masson,1
contemporaries,1
mals,1
epipaleolithic,1
exploratory,1
weak,1
archaeol,1
fore,1
exposure,1
resumption,1
meant,1
eralization,1
nez,1
suncus,1
kolska,1
experienced,1
superior,1
populated,1
shorter,1
alcelaphus,1
superieur,1
genesis,1
coalitions,1
concerning,1
submerged,1
isolation,1
peninsula,1
modeled,1
undertaken,1
evaluation,1
consequence,1
plates,1
always,1
harshest,1
archeological,1
fixed,1
kerns,1
triangle,1
terials,1
equivalence,1
providing,1
decades,1
paleobiogeography,1
approxi,1
gamble,1
jor,1
fates,1
categorical,1
perceive,1
conflicts,1
alan,1
noshra,1
trop,1
gutierrez,1
ogists,1
wreschner,1
moloney,1
angela,1
opening,1
pose,1
avant,1
moving,1
ou,1
result,1
advance,1
bl,1
chronologie,1
isosceles,1
taphonom,1
societe,1
priori,1
aftermath,1
chris,1
abandoning,1
allow,1
tierreste,1
analog,1
societies,1
juncture,1
rendues,1
tural,1
detaching,1
replicate,1
breed,1
carcasses,1
erosion,1
called,1
color,1
strength,1
une,1
typical,1
fau,1
relating,1
uanthropologie,1
resharpened,1
dunes,1
prim,1
siliceous,1
omnivorous,1
sedentary,1
chisels,1
zone,1
subsurface,1
hyperaride,1
featured,1
fuel,1
rnahr,1
im,1
representative,1
lent,1
overcome,1
eitan,1
spotted,1
hippo,1
artefact,1
neighboring,1
memory,1
tran,1
equal,1
healthy,1
adopt,1
engraved,1
weichselian,1
trappings,1
michigan,1
honed,1
lethal,1
bore,1
dernier,1
novations,1
neither,1
persons,1
nous,1
cannot,1
polliniques,1
dices,1
ualism,1
monograph,1
gargett,1
kutenai,1
however,1
equip,1
hominoids,1
geochronometric,1
expedient,1
cheating,1
dwelling,1
absolute,1
required,1
ivb,1
reapraisel,1
drain,1
equus,1
val,1
bastion,1
supeneur,1
sparse,1
callendar,1
coalition,1
improve,1
xix,1
formulate,1
gained,1
storage,1
qatafa,1
thomme,1
trial,1
akilxxvi,1
consists,1
charred,1
line,1
menscheit,1
distinc,1
tostevin,1
gisements,1
makers,1
literature,1
mi,1
operatoires,1
tabor,1
planning,1
scope,1
bounded,1
scatters,1
sanpoil,1
abundances,1
residue,1
strict,1
preferred,1
conse,1
invisible,1
nearest,1
future,1
coping,1
significantly,1
ecologie,1
breeding,1
purpose,1
discusses,1
autonomous,1
nation,1
esreu,1
department,1
null,1
marean,1
fred,1
preludes,1
ten,1
ple,1
incremental,1
targets,1
outdo,1
paleoeconomy,1
loss,1
nu,1
precipitated,1
gies,1
olithic,1
tale,1
fail,1
inferences,1
calculating,1
imitations,1
relevance,1
concentrate,1
craggy,1
actually,1
williams,1
winter,1
hula,1
paly,1
focuses,1
nodules,1
employed,1
intersections,1
quences,1
arrangements,1
cervus,1
ter,1
niveaux,1
universally,1
hundreds,1
assembly,1
connections,1
marking,1
extirpation,1
gap,1
sampled,1
armatures,1
preda,1
lagama,1
munday,1
thrived,1
flaking,1
demonstrably,1
ancestral,1
depositional,1
speleological,1
larly,1
exemplary,1
sparsely,1
broadcast,1
discussing,1
solution,1
traspecific,1
closing,1
csee,1
viable,1
radioactivity,1
caused,1
speth,1
responsibility,1
pronounced,1
distances,1
logis,1
recast,1
drier,1
stage,1
bourke,1
appended,1
prehistorique,1
framed,1
instrumentation,1
myomimus,1
complicate,1
relevant,1
sepultures,1
zoologische,1
stimulated,1
sharp,1
quite,1
barriers,1
gests,1
fast,1
encompasses,1
intervals,1
calling,1
chert,1
mineral,1
consensus,1
mains,1
driving,1
tixier,1
altered,1
concerns,1
prominent,1
grtin,1
mini,1
affec,1
hayonlm,1
autapomorphies,1
temporary,1
cool,1
soleckis,1
representation,1
modalities,1
ped,1
sulting,1
attached,1
alluvial,1
vive,1
differing,1
camels,1
tended,1
ent,1
credible,1
fully,1
tracks,1
madella,1
st,1
ment,1
diameters,1
sented,1
goat,1
dependent,1
akii,1
tethered,1
describes,1
und,1
ksarakilxxviiia,1
rossignol,1
bine,1
cycle,1
provenance,1
newly,1
provided,1
whs,1
se,1
aragonite,1
reducing,1
rang,1
reci,1
mechanism,1
bassin,1
palaeoenvironment,1
arvicanthos,1
span,1
critical,1
uncommon,1
optically,1
gustav,1
horizons,1
tasks,1
san,1
merous,1
adhering,1
noteworthy,1
situation,1
inhabit,1
minor,1
differents,1
breakage,1
summa,1
holds,1
mondesjanatolian,1
judean,1
transverse,1
sham,1
attributable,1
preadaptation,1
postcrania,1
fective,1
scientific,1
hominidae,1
feeders,1
hide,1
appearances,1
preliminaire,1
overall,1
crete,1
ancien,1
limited,1
play,1
competitively,1
minority,1
corporation,1
curtis,1
forearm,1
brief,1
awash,1
nearly,1
alternations,1
chronol,1
prevailing,1
etc,1
prove,1
elusive,1
abnormalities,1
ponent,1
archaeolog,1
generalist,1
cracoviensis,1
ticed,1
subdi,1
railway,1
standing,1
chaeological,1
tempered,1
outer,1
briet,1
registered,1
dle,1
paint,1
byprod,1
biomass,1
abrupt,1
surveyed,1
modali,1
avian,1
cooler,1
structural,1
gent,1
rodent,1
vie,1
oakley,1
nubia,1
scarcity,1
guide,1
expansions,1
metric,1
calculate,1
collect,1
perce,1
springs,1
danie,1
indus,1
depictive,1
preagricul,1
vided,1
vila,1
biobehavioral,1
prof,1
wake,1
suited,1
pilbeam,1
toolkits,1
acknowledgments,1
mission,1
zentralmuseums,1
coevolution,1
unidirectional,1
array,1
anagenetic,1
mobile,1
iqafzeh,1
cliff,1
ne,1
latitude,1
antler,1
specimens,1
perceived,1
ancient,1
khowm,1
reconsideration,1
humerus,1
quern,1
invertebrate,1
ams,1
planned,1
ksarakilxxviiib,1
supplied,1
masse,1
essential,1
congruent,1
saw,1
geobotanical,1
cahiers,1
tic,1
locality,1
accelerated,1
indian,1
fortably,1
iberia,1
organize,1
jaw,1
constitute,1
paleoanthropologists,1
distur,1
unusually,1
beginnings,1
begins,1
turing,1
herbivores,1
japanese,1
landscape,1
probabilistically,1
functioned,1
riods,1
evolve,1
faster,1
community,1
sam,1
perspec,1
routes,1
sont,1
pateolithique,1
sis,1
moeh,1
resolution,1
lewis,1
allois,1
continents,1
discussions,1
microfauna,1
paul,1
unrecovered,1
offaunal,1
power,1
stronger,1
links,1
toward,1
punish,1
thresholds,1
preferences,1
affect,1
sia,1
backed,1
qafza,1
fundamental,1
motifs,1
timescale,1
smith,1
grad,1
salutary,1
lacked,1
wooden,1
radiations,1
speciation,1
multicom,1
longer,1
rolland,1
ley,1
knives,1
treatment,1
cour,1
verifiable,1
fara,1
occurrence,1
gested,1
creative,1
loading,1
chamfreins,1
huleh,1
agree,1
mountainous,1
teuphrates,1
cheaters,1
inas,1
forces,1
ble,1
ruminant,1
layer,1
als,1
verhandlungen,1
enable,1
practical,1
francaise,1
decreases,1
rhino,1
surfaces,1
bluff,1
utilizing,1
ethno,1
descended,1
aqil,1
facetted,1
diameter,1
distributions,1
patchwork,1
hinges,1
discussed,1
display,1
removal,1
gypsum,1
polygon,1
reproductive,1
steppic,1
projectiles,1
conscious,1
determinism,1
conserving,1
smu,1
remarkable,1
accelerator,1
deploy,1
increases,1
pleis,1
suzuki,1
flooded,1
bordian,1
u,1
developing,1
competitors,1
purposes,1
dorothy,1
equate,1
validity,1
inroads,1
artiodactyls,1
accepted,1
vander,1
paleocli,1
marginal,1
oversimplifies,1
answer,1
mitochondrial,1
cesses,1
coincided,1
schoningen,1
individu,1
dislocations,1
scar,1
tation,1
terns,1
produced,1
invitation,1
nitrogen,1
woman,1
frequency,1
starosele,1
pest,1
nobody,1
locations,1
encountered,1
lamudk,1
moot,1
cupied,1
spike,1
outlines,1
identifiable,1
abundance,1
juxtapositioning,1
remained,1
bos,1
interpreting,1
summers,1
grounds,1
original,1
ephemeral,1
simon,1
pleniglacial,1
status,1
stabilize,1
thowing,1
subtropical,1
craniofacial,1
diverse,1
campaigns,1
backhuys,1
dave,1
minimizing,1
survive,1
skepticism,1
considering,1
background,1
propor,1
reversed,1
preferential,1
gif,1
implicated,1
chronologies,1
cooperating,1
transformed,1
composition,1
arose,1
previously,1
depended,1
looking,1
holt,1
sufficiently,1
judge,1
knopt,1
compet,1
recover,1
birds,1
concern,1
top,1
don,1
compendium,1
tx,1
illusion,1
unfortunately,1
force,1
assumption,1
palaeoenvironments,1
virtually,1
refers,1
factor,1
feu,1
causes,1
extraordinarily,1
kyears,1
exhibited,1
trend,1
karst,1
identical,1
eden,1
marshaled,1
wolpoff,1
continue,1
fer,1
stay,1
hunted,1
andertals,1
prelude,1
subsistance,1
full,1
deployed,1
sees,1
option,1
ob,1
shortly,1
nevertheless,1
krings,1
culturation,1
discontinuities,1
nuclear,1
mellars,1
celtis,1
tical,1
yitzhar,1
procity,1
fonctionnelles,1
xv,1
strands,1
accept,1
ajlac,1
reality,1
oc,1
mode,1
ticing,1
publication,1
recognize,1
centage,1
damage,1
clue,1
menashe,1
interpret,1
prevents,1
co,1
taphonomic,1
crisis,1
controversies,1
attach,1
good,1
powerful,1
characterized,1
reviewers,1
ef,1
ellobius,1
parti,1
interspecific,1
exemples,1
ge,1
collected,1
distinction,1
static,1
stresses,1
tri,1
filled,1
configurations,1
running,1
uuniversite,1
standard,1
incur,1
raise,1
reuse,1
raba,1
liance,1
life,1
exchange,1
never,1
ited,1
jebel,1
oxbow,1
strongly,1
chasseurs,1
especially,1
discarded,1
comparing,1
fatal,1
tenvironnement,1
took,1
habi,1
trying,1
qualities,1
levantin,1
rfsee,1
feet,1
requiring,1
create,1
foyers,1
ornaments,1
technologique,1
tree,1
struct,1
shallow,1
mainly,1
effect,1
mately,1
lists,1
elliptical,1
unites,1
spectrometric,1
excluded,1
lowered,1
territory,1
cognition,1
fairly,1
activites,1
planetes,1
plexes,1
intercontinental,1
slightly,1
displacements,1
ate,1
arisen,1
equivalent,1
authorship,1
figures,1
treme,1
tendency,1
pauolithique,1
nomic,1
positioning,1
controversial,1
anatolia,1
rian,1
cen,1
mortality,1
regimes,1
signifying,1
minimally,1
encompassing,1
behaviour,1
competed,1
penultimate,1
tivities,1
examines,1
esrlu,1
marin,1
separate,1
dietary,1
cautionary,1
consequences,1
limiting,1
dispersing,1
abstracts,1
space,1
tempo,1
depth,1
miki,1
yields,1
fifty,1
dawn,1
buffering,1
tests,1
depressed,1
lo,1
tabular,1
imply,1
absorbed,1
aid,1
holes,1
ology,1
bourguignon,1
creating,1
shel,1
publishing,1
cow,1
ofmt,1
processed,1
shuswap,1
sealed,1
intersite,1
involving,1
angular,1
bold,1
figure,1
crucial,1
lithiques,1
identities,1
hommes,1
erella,1
volumetric,1
averag,1
testing,1
appren,1
tech,1
zooarchae,1
allometric,1
pe,1
grim,1
thermoluminscence,1
clues,1
fewer,1
sec,1
widespread,1
male,1
intermediare,1
institutions,1
spp,1
trait,1
isotope,1
dimensions,1
excluding,1
palestinian,1
deposit,1
detailed,1
yale,1
obstacle,1
returned,1
millennia,1
interplay,1
uct,1
remaining,1
originated,1
reservations,1
try,1
conterminous,1
substances,1
observation,1
flashpoint,1
consid,1
ified,1
sahba,1
metaphors,1
inspired,1
perhaps,1
palynostratigraphy,1
efficiency,1
hi,1
norton,1
united,1
archaeozoology,1
lion,1
frontier,1
peripheries,1
antiquities,1
leoeconomic,1
composed,1
subdivided,1
fields,1
centuries,1
uluzzian,1
sandstone,1
itself,1
orient,1
pressures,1
perse,1
unusual,1
stockpiling,1
arrowhead,1
capreolus,1
phytolith,1
sound,1
bergin,1
reassigned,1
resemble,1
equid,1
phe,1
thick,1
sif,1
photographs,1
considered,1
spectroscopic,1
fac,1
burned,1
enigma,1
flect,1
brook,1
bracketing,1
proof,1
environment,1
cyclonic,1
hooijer,1
magnitude,1
foliate,1
eventually,1
erectus,1
practice,1
duarte,1
suite,1
discarding,1
servello,1
anthropologie,1
sorting,1
comes,1
conclusion,1
doubtless,1
changing,1
intensification,1
hdhlenfunde,1
fauniques,1
primates,1
consider,1
farrand,1
misolithique,1
populate,1
ever,1
detect,1
outils,1
too,1
extension,1
thorium,1
implied,1
errors,1
whelming,1
dr,1
treats,1
ll,1
intermittently,1
discrete,1
membership,1
perforated,1
reconnaissance,1
classically,1
offrandes,1
text,1
athena,1
meat,1
mittelpaldolithikum,1
plate,1
offers,1
here,1
encoded,1
karankawa,1
alternative,1
appre,1
set,1
mediter,1
modeling,1
school,1
zin,1
mis,1
nishimura,1
venvironnement,1
defining,1
dimension,1
overestimate,1
fossiles,1
principle,1
control,1
introducing,1
scares,1
country,1
halt,1
cm,1
markings,1
clacton,1
tenino,1
abandonment,1
december,1
haua,1
pnas,1
murimus,1
unambiguously,1
nent,1
rosheinmor,1
variable,1
ferently,1
desolate,1
best,1
ubiquitous,1
gazelle,1
dur,1
argue,1
tity,1
friihe,1
temper,1
basins,1
aura,1
caprid,1
regard,1
returns,1
abdomen,1
ation,1
itive,1
pigment,1
munities,1
joseph,1
ported,1
exploiting,1
subtriangular,1
solved,1
obviously,1
ternative,1
nouvelles,1
researches,1
nary,1
edible,1
ingly,1
cultivation,1
sorted,1
cervical,1
examining,1
pit,1
find,1
free,1
placing,1
replication,1
particu,1
thompson,1
pour,1
paleoceanography,1
rendus,1
intelligence,1
terebinth,1
foliates,1
geoff,1
risky,1
examination,1
turned,1
exca,1
firearms,1
azraq,1
knows,1
tethys,1
dedicate,1
unlikely,1
explanations,1
mutu,1
economy,1
veg,1
affirm,1
elevation,1
combined,1
redeposition,1
furnishes,1
list,1
multidisciplinary,1
zehora,1
making,1
plants,1
independently,1
nearby,1
violent,1
min,1
maintain,1
agricultural,1
sus,1
map,1
apodemus,1
signature,1
cricetines,1
sounds,1
chaines,1
alice,1
agrees,1
knapping,1
homoplasy,1
limbs,1
quadruples,1
getting,1
perarid,1
foundations,1
correlates,1
methodol,1
perilimnic,1
secure,1
serie,1
yield,1
tant,1
pebble,1
ori,1
velho,1
richness,1
scenarios,1
terre,1
centimetres,1
era,1
port,1
popular,1
jordanian,1
rizing,1
rein,1
spearpoint,1
paleoclimates,1
leopard,1
herto,1
emergent,1
inadequate,1
occasionally,1
evi,1
entrance,1
bifa,1
linguis,1
protected,1
nomenon,1
slopes,1
modoc,1
revolutions,1
abri,1
joining,1
kya,1
micro,1
tine,1
november,1
buran,1
interdisciplinary,1
unrealistic,1
biblique,1
focal,1
hohlen,1
quilt,1
egyptian,1
step,1
assumptions,1
controls,1
dama,1
measure,1
arabes,1
encounter,1
hybridization,1
nonhuman,1
contribute,1
entry,1
reconstruct,1
lilliane,1
summarizes,1
james,1
divided,1
equipped,1
pa,1
colonial,1
phenomenon,1
evidenced,1
definitions,1
crew,1
ho,1
eroding,1
aspect,1
oceanic,1
exploited,1
ethological,1
tats,1
tions,1
ambiguously,1
prepared,1
etation,1
named,1
multiregional,1
shores,1
hydrocephaly,1
neandertaliennes,1
ends,1
statut,1
rosa,1
pine,1
soft,1
ultimately,1
elongated,1
semblage,1
argument,1
differentiation,1
tocene,1
entity,1
guild,1
reveals,1
paleolakes,1
resist,1
initiated,1
advent,1
similarity,1
structured,1
camps,1
sud,1
palaeogeography,1
comprise,1
penecontemporaneous,1
chemical,1
recovering,1
position,1
mortu,1
trauma,1
trap,1
kaietal,1
iden,1
dangerous,1
profiles,1
lordan,1
documentation,1
offer,1
equids,1
paleoethnologie,1
cian,1
usagizli,1
cognitive,1
rival,1
need,1
aviv,1
product,1
gen,1
states,1
inflection,1
obstacles,1
regular,1
already,1
anatomical,1
piece,1
morphologies,1
saint,1
toolmaking,1
ond,1
extremely,1
delage,1
effec,1
classification,1
xxviib,1
ranged,1
traveling,1
jezreelicus,1
mosaic,1
anonymous,1
tations,1
flora,1
enfean,1
thousand,1
palimpsests,1
territories,1
preadapted,1
carbon,1
fahl,1
certainty,1
arrived,1
pathways,1
julig,1
justify,1
neurocranial,1
vary,1
inasmuch,1
reached,1
articu,1
contrasting,1
impor,1
sharing,1
recognized,1
evolutionarily,1
himsa,1
pulses,1
evidently,1
nisp,1
northwestern,1
syriennes,1
erroneously,1
traditional,1
discov,1
immediately,1
corre,1
conventions,1
counts,1
strong,1
bedding,1
takai,1
cross,1
biosciences,1
broader,1
indicating,1
built,1
roachi,1
race,1
deserts,1
interdeterminate,1
death,1
lao,1
kaya,1
