WORDCOUNTS,WEIGHT
the,431
and,351
of,274
to,196
in,195
that,105
a,104
things,89
on,83
is,73
i,72
have,62
social,54
as,52
it,49
but,43
for,42
people,40
not,40
we,39
so,38
theory,36
or,35
are,35
they,32
humans,32
with,31
at,29
this,29
by,29
entanglement,29
there,28
from,28
wheel,27
material,26
human,25
these,25
was,24
has,24
archaeological,24
be,24
j,23
their,23
university,23
other,22
an,22
which,22
been,22
world,22
dependence,21
because,21
press,21
his,20
had,20
were,19
would,19
change,18
what,18
into,17
secondary,17
products,16
some,16
entanglements,15
archaeologists,15
andrew,15
how,15
did,15
can,14
springer,14
between,14
such,13
depend,13
our,13
new,13
prehist,13
over,13
transport,12
dependency,11
work,11
society,11
he,11
more,11
also,11
many,11
time,11
use,11
if,10
ways,10
apart,10
relationships,10
walls,10
b,10
house,10
wheels,10
different,10
one,9
sets,9
even,9
no,9
about,9
do,9
systems,9
revolution,9
archaeology,9
when,9
increased,9
take,8
within,8
p,8
used,8
fit,8
who,8
through,8
need,8
c,8
much,8
way,7
approaches,7
s,7
system,7
millennium,7
response,7
than,7
rather,7
theorists,7
objects,7
network,7
its,7
sense,7
dependent,7
see,7
made,7
problems,7
become,7
changes,7
fall,7
get,7
seriously,7
each,7
very,7
type,7
particular,7
themselves,7
early,7
car,6
neolithic,6
all,6
together,6
temporalities,6
relations,6
notion,6
mean,6
emergence,6
linked,6
back,6
my,6
materiality,6
own,6
long,6
up,6
using,6
selection,6
culture,6
towards,6
actor,6
exchange,6
decay,6
life,6
often,6
wheeled,6
want,6
both,6
come,6
cambridge,6
focus,6
recent,6
cars,5
being,5
entangled,5
europe,5
m,5
thing,5
look,5
without,5
most,5
out,5
embedded,5
necessities,5
aspects,5
part,5
various,5
return,5
object,5
make,5
sociological,5
fix,5
idea,5
latour,5
entrapment,5
less,5
understanding,5
approach,5
processes,5
here,5
down,5
them,5
terms,5
getting,5
middle,5
produce,5
socially,5
go,4
entangle,4
fixed,4
history,4
first,4
real,4
respond,4
entrapments,4
east,4
taking,4
say,4
x,4
enter,4
engage,4
palaeolithic,4
perspective,4
speed,4
houses,4
main,4
animals,4
n,4
too,4
beyond,4
metal,4
view,4
greater,4
cultural,4
cannot,4
networks,4
briefly,4
example,4
whole,4
issues,4
falling,4
et,4
sherratt,4
away,4
entails,4
least,4
characteristics,4
will,4
action,4
interactions,4
makes,4
us,4
dialectical,4
al,4
increasingly,4
volume,4
fittingness,4
fact,4
dependencies,4
perhaps,4
routledge,4
discussion,4
increase,4
david,4
him,4
after,4
trying,4
perspectives,4
science,4
practical,4
mud,4
then,4
changing,4
set,4
paper,4
seem,4
webs,4
became,4
specific,4
little,4
should,4
built,4
difficult,3
does,3
agency,3
studies,3
something,3
taken,3
might,3
link,3
context,3
takes,3
task,3
fitting,3
possible,3
far,3
labor,3
axle,3
run,3
since,3
hodder,3
harmonium,3
phases,3
developed,3
goes,3
talk,3
study,3
lives,3
differs,3
decades,3
societies,3
silicon,3
late,3
further,3
fourth,3
focused,3
domestication,3
scale,3
vehicles,3
near,3
specifically,3
start,3
caught,3
small,3
highly,3
mixing,3
always,3
managed,3
cattle,3
directional,3
materials,3
contingent,3
economic,3
indeed,3
expansion,3
gift,3
yet,3
technology,3
selective,3
same,3
experimental,3
two,3
reliance,3
only,3
again,3
others,3
ask,3
lack,3
d,3
scholars,3
contemporary,3
external,3
reproductive,3
v,3
exploring,3
range,3
assumption,3
ideas,3
harvard,3
california,3
maintenance,3
workers,3
high,3
evolutionary,3
relationship,3
ecological,3
male,3
millennia,3
why,3
earliest,3
comes,3
natural,3
brick,3
particularly,3
selected,3
form,3
while,3
travel,3
given,3
tried,3
writing,3
layers,3
argument,3
land,3
evidence,3
constructed,3
defined,3
area,3
materialism,3
chicago,3
thicker,3
develop,3
building,3
now,2
done,2
behavioural,2
responds,2
rhannt,2
created,2
concern,2
environmental,2
e,2
large,2
needed,2
hnrco,2
mobility,2
live,2
fitness,2
modern,2
occurred,2
pasture,2
arguing,2
princeton,2
properties,2
contexts,2
witmore,2
wrong,2
every,2
evolution,2
musical,2
attempt,2
emerged,2
wooden,2
great,2
producing,2
carts,2
able,2
review,2
nevertheless,2
those,2
discipline,2
depends,2
existence,2
entailments,2
key,2
move,2
stabilizes,2
rid,2
conceptual,2
emissions,2
himself,2
write,2
hudson,2
thus,2
immediate,2
due,2
g,2
complex,2
clay,2
old,2
bay,2
pierre,2
fig,2
third,2
find,2
traits,2
spoked,2
may,2
site,2
bring,2
impetus,2
borrowing,2
centralization,2
process,2
knew,2
environments,2
traction,2
lasted,2
certain,2
parts,2
produced,2
moves,2
solutions,2
consider,2
exponential,2
presumably,2
just,2
impact,2
gradually,2
plaster,2
age,2
explain,2
required,2
important,2
hassard,2
result,2
came,2
could,2
harder,2
found,2
called,2
behavioral,2
zone,2
term,2
effect,2
population,2
constraining,2
dialectic,2
wide,2
public,2
cart,2
well,2
clarke,2
bc,2
industrial,2
loss,2
during,2
broad,2
call,2
forces,2
stanford,2
skills,2
good,2
interregional,2
describing,2
stage,2
quite,2
involved,2
few,2
wider,2
concerns,2
am,2
reducing,2
activities,2
seemed,2
led,2
second,2
transform,2
situation,2
matter,2
incorrect,2
constraints,2
initially,2
traps,2
direction,2
positive,2
structural,2
thought,2
plough,2
under,2
assemblies,2
shored,2
olsen,2
noted,2
regional,2
tries,2
specialisation,2
webmoor,2
crops,2
outside,2
endless,2
daily,2
larger,2
everything,2
pennsylvania,2
forms,2
never,2
enough,2
took,2
fits,2
hand,2
everyday,2
threads,2
model,2
road,2
norwegian,2
shown,2
frequency,2
shifts,2
day,2
ecology,2
another,2
turkey,2
easier,2
writings,2
including,2
entirely,2
enduring,2
styles,2
continue,2
theories,2
involves,2
described,2
attraction,2
clear,2
materialities,2
obtaining,2
try,2
someone,2
like,2
spread,2
general,2
function,2
kept,2
thomas,2
interconnections,2
structure,2
looked,2
saw,2
engagement,2
sue,2
dealing,2
where,2
independent,2
slow,2
seen,2
understand,2
inadequate,2
construction,2
types,2
biology,2
meskell,2
conclusion,2
must,2
symbolic,2
bronze,2
trapped,2
sciences,2
know,2
anthropology,2
cultures,2
argue,2
lemonnier,2
milk,2
past,2
climate,2
uppermost,2
consciousness,2
better,2
animal,2
beginning,2
whether,2
references,2
plants,2
maintain,2
agricultural,2
thames,2
divide,2
oppositions,2
explored,2
knappett,2
revolutions,2
role,2
endlessly,2
sitting,2
arguments,2
allows,2
aspect,2
models,2
years,2
difference,2
web,2
although,2
integration,2
effects,2
doing,2
close,2
draft,2
frequent,1
produces,1
rate,1
flow,1
millennial,1
limits,1
slows,1
later,1
meaning,1
commentary,1
generous,1
ethnologie,1
histoires,1
dasein,1
dangers,1
mysteries,1
determine,1
resisting,1
measures,1
submission,1
adoption,1
poorer,1
fragmented,1
introduction,1
starts,1
string,1
voracious,1
pushed,1
necessitates,1
systemic,1
passing,1
forcing,1
village,1
employees,1
center,1
factories,1
envisioned,1
tend,1
stone,1
anchor,1
word,1
openness,1
true,1
h,1
postprocessual,1
lettre,1
spirit,1
decade,1
masks,1
overlook,1
committee,1
ian,1
unlike,1
invent,1
planes,1
cornell,1
oxen,1
before,1
somewhere,1
assume,1
palpable,1
themes,1
ethnographies,1
cutting,1
round,1
fabric,1
schaffer,1
inhibited,1
sources,1
expertise,1
fast,1
wool,1
certainly,1
ensnaring,1
production,1
derives,1
entailed,1
researched,1
ii,1
attempts,1
symmetrical,1
historians,1
feeling,1
hire,1
ourselves,1
seems,1
nature,1
sustainable,1
words,1
parties,1
memorial,1
reproached,1
vermin,1
attractive,1
scientists,1
individuals,1
rebuilt,1
desire,1
simple,1
differences,1
train,1
irrepressibly,1
studied,1
farther,1
overall,1
renfrew,1
reproduction,1
shennan,1
biologists,1
last,1
mind,1
written,1
date,1
emphasized,1
conserve,1
deriving,1
opposite,1
china,1
reading,1
gibson,1
embroiled,1
rethinking,1
case,1
globe,1
generosity,1
teasing,1
depending,1
sophisticated,1
mechanized,1
anthropologists,1
pulled,1
teleological,1
advice,1
bubbling,1
propensity,1
sought,1
eurasia,1
agriculture,1
draw,1
discuss,1
right,1
prior,1
activity,1
condition,1
schedule,1
hammond,1
solely,1
fishing,1
point,1
ideologically,1
resources,1
conception,1
objective,1
tied,1
harmony,1
usage,1
exist,1
central,1
retaining,1
adaptationist,1
constitutive,1
fascinated,1
collapse,1
reservoir,1
fun,1
historically,1
draught,1
difficulties,1
development,1
rotating,1
interior,1
against,1
visited,1
carsten,1
recit,1
scarce,1
forgotten,1
characteristic,1
relatively,1
afford,1
price,1
participating,1
emerges,1
pay,1
century,1
marxism,1
spans,1
espoused,1
bus,1
punning,1
nor,1
channeled,1
keep,1
refer,1
airport,1
subjects,1
editing,1
channels,1
egypt,1
honour,1
unchanged,1
avuncular,1
continuous,1
died,1
weight,1
explore,1
drawn,1
archaeologist,1
student,1
communication,1
journal,1
preserving,1
intrigued,1
conceive,1
rates,1
error,1
gillespie,1
grasp,1
speeds,1
messy,1
offices,1
opposed,1
poor,1
transhumance,1
interesting,1
fixes,1
slowed,1
adequate,1
bog,1
heroism,1
exact,1
reeds,1
symetrique,1
l,1
growth,1
performance,1
across,1
stop,1
remain,1
routeways,1
levels,1
fascinating,1
alhoyuk,1
myself,1
conceptions,1
turn,1
adjustments,1
direct,1
huge,1
archaeologia,1
special,1
tree,1
danger,1
burials,1
limitation,1
feel,1
risks,1
support,1
means,1
reason,1
smiled,1
assignable,1
settled,1
maintaining,1
affect,1
wanted,1
prehistory,1
improvement,1
river,1
colonialism,1
specialization,1
repair,1
elsewhere,1
ideologies,1
stabilizing,1
objectivity,1
excitement,1
ihde,1
solid,1
four,1
show,1
seamless,1
commonly,1
breakdowns,1
resource,1
origins,1
continual,1
follow,1
notions,1
discarded,1
disintegrating,1
exploitation,1
bruno,1
care,1
mon,1
necessarily,1
reintroduce,1
cut,1
amazing,1
fluid,1
oppositional,1
retrieve,1
talking,1
moving,1
closely,1
prehistoric,1
based,1
relished,1
lead,1
asserts,1
restrict,1
carrying,1
erosion,1
ambition,1
bricks,1
houghton,1
frisian,1
access,1
inappropriate,1
yoffee,1
centers,1
users,1
demands,1
cartloads,1
rooms,1
pass,1
depletion,1
initial,1
occupation,1
pointing,1
understood,1
choices,1
institute,1
michigan,1
keywords,1
burial,1
tools,1
recently,1
symbols,1
companies,1
otherwise,1
energy,1
spiritual,1
dwelling,1
pleistocene,1
opposition,1
foregrounded,1
decadal,1
creates,1
scene,1
wants,1
influenced,1
biographies,1
topology,1
jim,1
positives,1
sideliner,1
sphere,1
r,1
data,1
mapped,1
makers,1
minute,1
responding,1
clean,1
claim,1
imagined,1
future,1
coping,1
psychological,1
peterhouse,1
purpose,1
watts,1
flaring,1
reciprocate,1
related,1
gender,1
got,1
unfixed,1
realm,1
gave,1
tale,1
describe,1
discussions,1
place,1
flight,1
accidental,1
affordances,1
moments,1
structures,1
winter,1
motors,1
unfired,1
breathtaking,1
unforeseen,1
focuses,1
surrounding,1
herding,1
cancelled,1
floors,1
riding,1
seminars,1
smallest,1
strengthened,1
miss,1
assembly,1
breeders,1
graduate,1
encapsulates,1
encounters,1
refuse,1
preda,1
prices,1
responses,1
solution,1
computer,1
memes,1
successful,1
hard,1
working,1
field,1
love,1
distances,1
buildings,1
talked,1
involve,1
hired,1
order,1
contrast,1
cope,1
imposition,1
philosophy,1
trebled,1
assemble,1
melted,1
reaches,1
settlement,1
heart,1
hermeneutics,1
around,1
heat,1
airy,1
revealing,1
components,1
bridge,1
routine,1
grow,1
brought,1
reconceptualize,1
protect,1
boundaries,1
villages,1
tended,1
vein,1
bursting,1
generally,1
progress,1
wife,1
paid,1
grateful,1
provided,1
hybrids,1
championed,1
teleology,1
avoid,1
replacing,1
integrating,1
llc,1
critical,1
naming,1
processual,1
quarry,1
units,1
variety,1
territorial,1
functioning,1
identified,1
wrote,1
hide,1
quantified,1
limited,1
play,1
schemes,1
steps,1
edges,1
investments,1
constructivism,1
etcetera,1
exception,1
returning,1
etc,1
zoning,1
pile,1
july,1
still,1
above,1
ice,1
anthropologic,1
onager,1
outer,1
innovation,1
shanks,1
expansions,1
pacific,1
trains,1
unintended,1
reference,1
externally,1
arrangements,1
optimality,1
happened,1
builds,1
suspicious,1
seeing,1
neither,1
ancient,1
homogeneous,1
positively,1
abandon,1
promotes,1
essentialist,1
outlined,1
partly,1
infused,1
inalienable,1
costs,1
organize,1
department,1
reports,1
disagreed,1
inheritance,1
published,1
disciplinary,1
longer,1
useful,1
generality,1
mound,1
starting,1
fire,1
centred,1
tour,1
law,1
bits,1
power,1
links,1
mifflin,1
rejects,1
ape,1
joyce,1
limit,1
areas,1
copied,1
bourdieu,1
appeared,1
abstract,1
petites,1
really,1
break,1
identity,1
hear,1
circling,1
surfaces,1
reductionist,1
end,1
pattern,1
man,1
discussed,1
worn,1
expound,1
leviathan,1
adjacent,1
present,1
remarkable,1
impinge,1
discussing,1
keys,1
accepted,1
axes,1
answer,1
strategies,1
practice,1
appropriating,1
strathern,1
banner,1
lean,1
interlacings,1
gives,1
manoeuvre,1
regionally,1
thoroughly,1
degree,1
tilley,1
plane,1
doubled,1
argues,1
local,1
original,1
stabilize,1
technologies,1
ingenious,1
investment,1
invested,1
effectiveness,1
onerous,1
discovery,1
width,1
upon,1
limitations,1
critiqued,1
enhanced,1
retains,1
depended,1
complexities,1
warming,1
sameness,1
largely,1
causes,1
band,1
resulting,1
net,1
questions,1
engaged,1
chosen,1
full,1
sees,1
option,1
deforestation,1
theoretical,1
students,1
trade,1
entrapped,1
significance,1
steering,1
meanings,1
discovered,1
directed,1
clouds,1
sensitivity,1
language,1
dominated,1
brass,1
co,1
held,1
started,1
asocial,1
hughjones,1
period,1
plant,1
distinction,1
static,1
lie,1
anyone,1
losing,1
provides,1
men,1
spent,1
valued,1
facing,1
article,1
outcomes,1
k,1
editors,1
ann,1
blackwell,1
obsidian,1
learn,1
seeking,1
contracts,1
versus,1
invented,1
tendency,1
relative,1
joint,1
adaptive,1
anatolia,1
attention,1
dualisms,1
brown,1
overlapping,1
limiting,1
increasing,1
european,1
carried,1
depth,1
unstable,1
yr,1
entail,1
ami,1
me,1
dual,1
today,1
note,1
humanities,1
continued,1
sometimes,1
figure,1
usually,1
chastising,1
impressive,1
maps,1
tech,1
neglecting,1
jz,1
manly,1
plastic,1
widespread,1
predict,1
independence,1
bonds,1
dimensions,1
ting,1
success,1
directions,1
itself,1
force,1
semiotic,1
visual,1
contribution,1
transformation,1
rapidly,1
deals,1
covering,1
intend,1
encapsulated,1
existed,1
interconnected,1
hope,1
table,1
months,1
rim,1
worlds,1
interpretive,1
conservation,1
stable,1
discarding,1
durability,1
claims,1
berg,1
heavy,1
any,1
thinking,1
ceaseless,1
following,1
suite,1
dispersed,1
underpinned,1
grand,1
extending,1
milking,1
shapin,1
simply,1
struck,1
constituted,1
ever,1
continues,1
implied,1
physical,1
membership,1
sooting,1
doi,1
unstintingly,1
weaves,1
cousin,1
weaponry,1
dualism,1
darwinian,1
enters,1
alleviate,1
stem,1
control,1
books,1
monthly,1
commonplace,1
tie,1
worth,1
expanding,1
global,1
embodiments,1
interested,1
flew,1
exploration,1
believe,1
sm,1
ivory,1
contextual,1
tandem,1
colonisation,1
current,1
domestic,1
feed,1
ideological,1
clearly,1
loads,1
mcdonald,1
rely,1
embodiment,1
visits,1
build,1
iron,1
going,1
living,1
concrete,1
turned,1
wit,1
enjoyment,1
economy,1
reproduce,1
answered,1
evenings,1
ones,1
sociology,1
add,1
seasonal,1
centralisation,1
protective,1
ceased,1
debate,1
extent,1
tending,1
argued,1
prestige,1
extricating,1
brilliant,1
relativity,1
yield,1
information,1
agreed,1
psychology,1
emphasis,1
hundreds,1
hindsight,1
radically,1
remember,1
intention,1
level,1
careful,1
multiple,1
pits,1
met,1
sea,1
despite,1
beloved,1
techniques,1
demonstrate,1
lies,1
went,1
territory,1
possessions,1
indebted,1
lactose,1
colonial,1
gain,1
coming,1
think,1
hoop,1
varied,1
slumped,1
question,1
ultimately,1
outline,1
spring,1
touch,1
generate,1
anatomically,1
intensified,1
contract,1
envisaged,1
guest,1
chemical,1
washington,1
accept,1
imperative,1
trap,1
wish,1
parallels,1
course,1
actively,1
instead,1
grown,1
include,1
define,1
cognitive,1
usa,1
sur,1
unified,1
regular,1
southeastern,1
already,1
centrality,1
piece,1
off,1
lineagebased,1
humanthing,1
trucks,1
extremely,1
remains,1
shift,1
bedeviled,1
showed,1
needs,1
carbon,1
schiffer,1
distinctions,1
attending,1
pathways,1
improved,1
texts,1
deposition,1
stream,1
valley,1
northwestern,1
technological,1
answers,1
broader,1
asked,1
ca,1
roles,1
delayed,1
occur,1
perception,1
looking,1
