WORDCOUNTS,WEIGHT
the,926
of,739
in,510
and,448
a,278
maya,196
to,185
belize,174
at,151
from,115
on,114
that,106
as,93
pp,91
d,83
university,78
archaeology,76
j,70
by,70
has,61
an,60
archaeological,60
british,59
was,57
have,55
is,53
p,52
with,51
for,50
h,47
m,47
r,47
excavations,46
honduras,46
work,45
northern,44
early,43
t,42
it,41
its,41
site,40
n,39
f,38
e,38
years,37
data,35
research,35
ancient,35
new,35
other,34
field,34
classic,34
been,34
not,34
preclassic,33
royal,32
southern,31
but,31
period,31
american,30
ontario,30
museum,30
evidence,30
be,30
central,29
than,29
w,29
project,29
this,29
journal,28
more,28
late,27
prehistory,26
sites,26
also,26
which,26
postclassic,26
first,25
his,25
san,25
or,25
trade,25
s,24
settlement,24
et,23
very,23
one,22
coastal,22
country,22
studies,21
into,21
l,21
district,21
their,21
altun,21
had,21
many,21
excavation,20
investigations,20
g,20
were,20
are,20
both,20
papers,19
out,19
part,19
there,18
some,18
prehistoric,18
pendergast,18
report,18
past,18
ha,17
interim,17
lithic,17
all,17
between,17
now,16
history,16
lowlands,16
no,16
well,16
lowland,16
mexico,16
antiquity,16
cayo,16
recent,16
stone,15
second,15
time,15
carried,15
through,15
occasional,14
occupation,14
several,14
community,14
projects,14
c,14
what,14
until,14
although,14
later,13
even,13
london,13
ceramic,13
number,13
b,13
large,12
carnegie,12
i,12
regarding,12
caves,12
lamanai,12
about,12
two,12
end,12
v,12
material,12
cambridge,12
use,12
we,12
focus,12
before,11
vol,11
such,11
development,11
de,11
followed,11
contact,11
trent,11
department,11
volume,11
times,11
belizean,11
institute,11
our,11
among,11
valley,11
expedition,10
decade,10
long,10
lubaantun,10
spanish,10
world,10
he,10
saw,10
yet,10
under,10
same,10
cuello,10
toronto,10
after,10
any,10
beginning,10
art,10
area,10
great,9
santa,9
century,9
institution,9
preliminary,9
culture,9
these,9
only,9
considerable,9
significant,9
would,9
set,9
almost,9
texas,9
remains,9
archaic,9
came,8
might,8
z,8
earlier,8
ceramics,8
view,8
greater,8
rise,8
when,8
still,8
picture,8
routes,8
ambergris,8
methodist,8
known,8
selected,8
marked,8
despite,8
much,8
they,7
western,7
available,7
major,7
swasey,7
raised,7
mexicon,7
within,7
america,7
interest,7
jr,7
rather,7
cave,7
river,7
elsewhere,7
just,7
most,7
beyond,7
could,7
begun,7
though,7
focused,7
during,7
own,7
pulltrouser,7
results,7
pottery,7
indian,7
mich,7
patterns,7
range,7
clear,7
so,7
ann,7
can,7
obsidian,7
began,7
analysis,7
anthropological,7
impact,7
proceedings,7
agricultural,7
middle,7
role,7
colonial,7
endeavors,7
if,6
cerros,6
center,6
complex,6
anthropology,6
cultura,6
source,6
rita,6
season,6
survey,6
corozal,6
ad,6
mass,6
far,6
phase,6
may,6
communities,6
creek,6
upper,6
peabody,6
base,6
further,6
near,6
aspects,6
year,6
partly,6
small,6
presence,6
society,6
variety,6
brief,6
once,6
efforts,6
see,6
understanding,6
including,6
ethnology,6
stann,6
seen,6
then,6
over,6
caracol,6
exploration,6
thompson,6
form,6
information,6
course,6
provided,6
dc,5
approaches,5
largely,5
albu,5
being,5
archaeologists,5
marco,5
taken,5
nature,5
those,5
principal,5
context,5
agriculture,5
possible,5
regards,5
quantity,5
human,5
throughout,5
since,5
amount,5
ment,5
civilization,5
similar,5
direct,5
k,5
surface,5
antiquaries,5
centers,5
events,5
academic,5
cultural,5
record,5
because,5
basis,5
brought,5
colha,5
place,5
cane,5
issues,5
beginnings,5
quite,5
smithsonian,5
yielded,5
periods,5
matter,5
economic,5
indeed,5
limited,5
neither,5
regional,5
addition,5
fact,5
succeeding,5
centre,5
continuing,5
fieldwork,5
perhaps,5
remained,5
made,5
radiocarbon,5
health,5
general,5
attention,5
widely,5
oxford,5
seasons,5
science,5
earliest,5
series,5
extensive,5
specific,5
phd,5
investigation,5
involvement,5
periphery,5
terminal,5
models,5
baking,5
washington,5
land,5
substantial,5
final,4
explosion,4
way,4
sphere,4
settlements,4
essays,4
likely,4
true,4
ms,4
offering,4
archae,4
originally,4
seems,4
simple,4
graham,4
chipped,4
last,4
case,4
owing,4
quantities,4
logical,4
activity,4
combination,4
point,4
resources,4
cited,4
jose,4
description,4
heye,4
church,4
assessment,4
body,4
dates,4
reoccupation,4
communication,4
whose,4
ongoing,4
study,4
monuments,4
references,4
latin,4
resource,4
whereas,4
strength,4
deal,4
endeavor,4
ceramica,4
anderson,4
population,4
grounds,4
artifacts,4
received,4
tool,4
flint,4
social,4
excavated,4
least,4
sense,4
healy,4
characteristics,4
xunantunich,4
core,4
annual,4
city,4
notes,4
finds,4
stephens,4
architecture,4
identified,4
short,4
yucatan,4
hammond,4
caye,4
us,4
generally,4
treatment,4
areas,4
appeared,4
never,4
enough,4
present,4
where,4
cay,4
unquestionably,4
maritime,4
skeletal,4
sequence,4
harvard,4
evolution,4
examination,4
discovered,4
moho,4
individual,4
architectural,4
like,4
uni,4
enjoyed,4
postwar,4
fields,4
mounds,4
following,4
tipu,4
organization,4
reconnaissance,4
coast,4
wild,4
include,4
broader,4
perception,4
done,3
resulted,3
mesoamerica,3
modern,3
revision,3
said,3
embraced,3
give,3
utilization,3
emerged,3
definition,3
differences,3
political,3
somewhat,3
existence,3
eastern,3
protoclassic,3
preceramic,3
apart,3
along,3
diversity,3
review,3
surely,3
quality,3
initial,3
jade,3
modem,3
extensively,3
cases,3
nor,3
back,3
publications,3
archaeologist,3
influence,3
distribution,3
york,3
growth,3
developed,3
remain,3
en,3
process,3
archaeometry,3
terms,3
parts,3
contributions,3
discoveries,3
periodic,3
monumental,3
objects,3
proved,3
solid,3
problems,3
shifted,3
important,3
based,3
histories,3
found,3
economics,3
estudios,3
versity,3
tools,3
appears,3
scale,3
actun,3
possibility,3
memory,3
briefly,3
mckillop,3
teotihuacan,3
related,3
revealed,3
gave,3
good,3
next,3
mound,3
concerns,3
highly,3
portions,3
up,3
pot,3
south,3
span,3
will,3
portion,3
ceremonial,3
easy,3
chase,3
absence,3
single,3
technology,3
chronology,3
included,3
guatemala,3
toward,3
again,3
reporting,3
added,3
analytical,3
inves,3
idea,3
larger,3
antonio,3
pattern,3
cahal,3
external,3
honor,3
forms,3
polities,3
another,3
extended,3
discussion,3
discovery,3
completed,3
previously,3
concern,3
benque,3
unfortunately,3
theoretical,3
students,3
finally,3
mayan,3
three,3
spread,3
become,3
increasing,3
bureau,3
continued,3
inhabitants,3
chance,3
team,3
contribution,3
length,3
construction,3
adventure,3
ology,3
centuries,3
gonzalez,3
circumstances,3
temporal,3
drew,3
natural,3
intellectual,3
tomb,3
abandonment,3
building,3
dennis,3
distinctive,3
works,3
spatial,3
them,3
list,3
imposed,3
passed,3
problem,3
managed,3
boston,3
commissioner,3
given,3
transition,3
aspect,3
come,3
eric,3
numerous,3
consumption,3
defined,3
francisco,3
summary,3
ham,3
north,3
genetic,2
go,2
meth,2
o,2
lation,2
created,2
truth,2
group,2
achievements,2
envisioned,2
ma,2
motivation,2
looting,2
offshore,2
laid,2
sittee,2
annals,2
tigations,2
my,2
journeys,2
test,2
peten,2
britanica,2
either,2
sources,2
every,2
preceding,2
production,2
interests,2
implications,2
concentrated,2
saul,2
terrain,2
reevaluation,2
comparatively,2
together,2
macneish,2
nohoch,2
liverpool,2
follows,2
farther,2
real,2
precisely,2
marine,2
contents,2
system,2
recorded,2
continuum,2
motion,2
placement,2
prehispanic,2
international,2
carved,2
above,2
zone,2
warfare,2
facets,2
includes,2
relationships,2
peter,2
terraces,2
characteristic,2
dis,2
elements,2
perspective,2
difficulty,2
young,2
odist,2
third,2
van,2
soil,2
sample,2
philadelphia,2
played,2
without,2
bring,2
aimed,2
angeles,2
how,2
lie,2
breadth,2
overarch,2
presentation,2
represented,2
profusion,2
supplement,2
derived,2
pages,2
columbian,2
support,2
changes,2
entry,2
established,2
pomona,2
intensive,2
organized,2
bit,2
director,2
days,2
mary,2
house,2
additional,2
shorter,2
albuquerque,2
mosquito,2
peninsula,2
exploitation,2
instance,2
destructive,2
dominant,2
antecedents,2
decades,2
appear,2
ear,2
guderjan,2
luckily,2
result,2
walk,2
search,2
called,2
hattie,2
effort,2
austin,2
diet,2
emerge,2
constantly,2
understood,2
produced,2
wide,2
shape,2
specifically,2
none,2
having,2
pedro,2
bc,2
scope,2
implement,2
significantly,2
nohmul,2
apparent,2
whole,2
broad,2
people,2
documented,2
forces,2
personal,2
douglas,2
artifact,2
ucla,2
lithics,2
approach,2
regions,2
los,2
indi,2
ago,2
sweep,2
trading,2
sharp,2
involved,2
teams,2
leaves,2
footprint,2
st,2
notice,2
developmental,2
rest,2
sporadic,2
justeson,2
critical,2
led,2
archaeo,2
fortunately,2
synthesis,2
bullard,2
expansion,2
plans,2
return,2
secretary,2
reconstruction,2
make,2
hester,2
direction,2
elaboration,2
interpretation,2
serve,2
restricted,2
siemens,2
orange,2
swamp,2
planned,2
light,2
shifting,2
demonstrates,2
veritable,2
largest,2
insights,2
illustrated,2
reports,2
lengthy,2
functional,2
consideration,2
scholars,2
man,2
do,2
likelihood,2
model,2
hokeb,2
seventeenth,2
mex,2
heavily,2
colony,2
dispel,2
hamilton,2
day,2
thomp,2
degree,2
rio,2
expression,2
virtually,2
congress,2
questions,2
full,2
california,2
low,2
explorations,2
afterward,2
directed,2
peripheral,2
points,2
spawned,2
caribbean,2
features,2
high,2
tex,2
latter,2
exchange,2
toledo,2
successors,2
stand,2
exactly,2
effect,2
structure,2
attracted,2
staff,2
occupied,2
chert,2
la,2
decision,2
separate,2
fairly,2
george,2
vision,2
bulletin,2
who,2
flare,2
nj,2
originated,2
life,2
surprising,2
jf,2
emerging,2
detail,2
bracketing,2
environment,2
stratigraphic,2
afoot,2
simply,2
scarcely,2
continues,2
physical,2
each,2
connection,2
setting,2
believe,2
gone,2
did,2
best,2
argue,2
emergence,2
reflected,2
las,2
consciousness,2
passage,2
oliver,2
advances,2
turned,2
william,2
quiet,2
outgrowth,2
ruins,2
jai,2
unique,2
stability,2
particular,2
theory,2
understandably,2
minimal,2
size,2
travel,2
augmentation,2
vista,2
abundantly,2
level,2
introduced,2
courses,2
variability,2
subject,2
intended,2
step,2
interpolity,2
mention,2
coming,2
recovered,2
varied,2
question,2
survival,2
disposal,2
frame,2
accept,2
captain,2
association,2
placencia,2
vessel,2
news,2
painted,2
succeeded,2
chicago,2
era,2
norman,2
interaction,2
duration,2
immediately,2
strong,2
technological,2
should,2
bespeaks,2
frequent,1
difficult,1
brighter,1
undertakings,1
syntax,1
midwar,1
barbara,1
currently,1
revisionist,1
refutes,1
edge,1
astounded,1
ologically,1
pur,1
documen,1
palatable,1
meaning,1
commentary,1
melhado,1
tion,1
hieroglyphic,1
stood,1
commitment,1
intricate,1
represent,1
career,1
extreme,1
blossoming,1
college,1
trans,1
worthy,1
staggering,1
alone,1
extends,1
considerably,1
succession,1
introduction,1
stands,1
starts,1
cuevas,1
per,1
comparability,1
passing,1
expect,1
contemporaneous,1
likewise,1
transportation,1
residences,1
mounted,1
drastically,1
resus,1
multifaceted,1
closure,1
formed,1
alive,1
underground,1
sets,1
mexican,1
peaks,1
sudden,1
explainable,1
upheaval,1
pusilha,1
cement,1
station,1
reasonably,1
trace,1
undertaken,1
occurred,1
em,1
holding,1
tells,1
ethnoarchaeological,1
traveller,1
miszellen,1
village,1
nineteenth,1
nonetheless,1
detected,1
princeton,1
descriptions,1
controlled,1
materials,1
credence,1
themes,1
arqueologico,1
anything,1
gap,1
foresee,1
wrong,1
hence,1
sued,1
blended,1
jackson,1
subscribed,1
nonexistent,1
lowed,1
voices,1
flavor,1
antiguas,1
ii,1
vols,1
attempt,1
reconnais,1
interrelated,1
externally,1
active,1
uchentzub,1
mercury,1
words,1
confirmed,1
summation,1
exemplar,1
archaeologically,1
contextual,1
leading,1
assess,1
accompanied,1
borders,1
desire,1
whatever,1
timing,1
potentially,1
analyses,1
etal,1
rich,1
narrative,1
able,1
link,1
mag,1
onto,1
take,1
listing,1
subsequent,1
faunal,1
inland,1
damage,1
colson,1
misapprehensions,1
vegetation,1
rudimentary,1
state,1
date,1
fullest,1
greatly,1
doc,1
contrasting,1
alike,1
reading,1
sation,1
elucidating,1
insti,1
similarities,1
less,1
slip,1
nearer,1
issue,1
effigy,1
unmistak,1
con,1
buena,1
sophisticated,1
establishes,1
projectile,1
shaken,1
key,1
albeit,1
task,1
guidelines,1
mackinnon,1
sought,1
amplified,1
discuss,1
amerikanistische,1
design,1
distortion,1
chapter,1
account,1
indirectly,1
amplification,1
omissions,1
sixteenth,1
bloom,1
ball,1
condition,1
soils,1
reaching,1
object,1
contradictory,1
esplorazione,1
establishing,1
bibliography,1
richard,1
medical,1
west,1
stratigraphy,1
taking,1
except,1
supervision,1
x,1
categori,1
dynamic,1
cient,1
katunob,1
correlation,1
mentally,1
ritual,1
economies,1
beneath,1
unrecorded,1
sketched,1
lambert,1
chultun,1
lights,1
sand,1
collection,1
inventory,1
behavior,1
attract,1
exist,1
implements,1
otherwise,1
goal,1
thus,1
essayed,1
coun,1
collapse,1
differential,1
lapsed,1
deciphering,1
reverse,1
midsixteenth,1
campbell,1
immediate,1
inglese,1
neighbor,1
bracket,1
longevity,1
barton,1
interior,1
against,1
hierarchy,1
machine,1
erable,1
ethnohistorical,1
relatively,1
ability,1
patination,1
confining,1
ern,1
raises,1
price,1
facet,1
tucson,1
materially,1
seemingly,1
topic,1
barrier,1
snake,1
spans,1
forced,1
involvements,1
momentarily,1
turn,1
inhabited,1
explo,1
rank,1
drainage,1
distinct,1
etnologia,1
underlying,1
david,1
canal,1
indfgena,1
blank,1
burgeoning,1
pri,1
ocupacion,1
spanned,1
fig,1
concert,1
holds,1
races,1
served,1
wholly,1
holmul,1
left,1
cohen,1
continuous,1
witnessed,1
truly,1
withal,1
y,1
mul,1
terrace,1
unresolved,1
nonmaterial,1
spite,1
gaze,1
tentatively,1
apparently,1
sun,1
descriptive,1
shall,1
valleys,1
bel,1
antropologicos,1
strumenti,1
unassailable,1
linton,1
reef,1
costa,1
exten,1
satterthwaite,1
aim,1
drained,1
failed,1
assessed,1
steps,1
underlay,1
simultaneously,1
recognized,1
town,1
menace,1
identification,1
links,1
countrywide,1
centered,1
highlands,1
heels,1
unit,1
sizable,1
kind,1
var,1
fair,1
conundrum,1
notion,1
mean,1
una,1
yakalche,1
archaeolog,1
opportunity,1
ricketson,1
proportion,1
ex,1
importance,1
grew,1
certain,1
singolari,1
leave,1
represents,1
special,1
distant,1
white,1
lay,1
burials,1
productive,1
space,1
howe,1
shell,1
wash,1
reason,1
garber,1
expunged,1
perceptions,1
expe,1
developments,1
ensure,1
lineal,1
forget,1
vations,1
dated,1
clearly,1
section,1
vidual,1
completion,1
aly,1
characterizations,1
shore,1
observations,1
gargantuan,1
age,1
orientation,1
four,1
jars,1
experienced,1
store,1
origins,1
indications,1
predates,1
position,1
putting,1
requires,1
necropolis,1
gence,1
victorian,1
famed,1
providing,1
fluid,1
mathews,1
unrecognized,1
conquest,1
opening,1
yielding,1
sive,1
expressed,1
leaps,1
standards,1
closely,1
advance,1
salvage,1
formidable,1
dot,1
lead,1
whom,1
identifying,1
path,1
concentration,1
professionals,1
transmission,1
appearance,1
hands,1
color,1
midden,1
treatments,1
preponderant,1
energetic,1
mesoamerican,1
noting,1
amer,1
unsubstantiated,1
castells,1
vigorous,1
ican,1
mond,1
commenced,1
inter,1
popu,1
pre,1
term,1
tzimin,1
ganned,1
irrefutably,1
pro,1
outset,1
undeniable,1
oklahoma,1
equal,1
clearing,1
war,1
silence,1
bore,1
treat,1
residential,1
intensity,1
boundaries,1
cannot,1
priorities,1
promise,1
excellent,1
dulce,1
wealth,1
eye,1
ford,1
produce,1
yield,1
required,1
ces,1
archivo,1
freidel,1
subdivisions,1
scene,1
commitments,1
ikilik,1
gained,1
directly,1
participation,1
eduardo,1
cessors,1
sharpening,1
future,1
unexcavated,1
columned,1
assistants,1
updated,1
planning,1
hydraulic,1
spheres,1
monopod,1
prominent,1
appreciable,1
compass,1
reserve,1
knowledge,1
evidencia,1
vantropologia,1
interna,1
look,1
elizabeth,1
surprise,1
intentionally,1
insert,1
literature,1
generalizing,1
chromes,1
overview,1
realm,1
citation,1
island,1
northwest,1
intrigu,1
icon,1
constitute,1
denominated,1
jo,1
pachuca,1
participated,1
pan,1
augment,1
breaks,1
overviews,1
characteriza,1
southerly,1
bid,1
wil,1
sociopolitical,1
civic,1
status,1
cornerstone,1
graph,1
suffi,1
presentations,1
eccentric,1
bodies,1
foci,1
earth,1
oriental,1
preceded,1
occa,1
giant,1
mately,1
presented,1
hard,1
working,1
insoluble,1
suggest,1
involve,1
tested,1
coupled,1
nimili,1
stimulated,1
assemble,1
rutgers,1
ological,1
atmosphere,1
event,1
textual,1
around,1
sketchily,1
eco,1
thence,1
redressed,1
few,1
altered,1
components,1
bridge,1
temporary,1
tation,1
comfort,1
invaluable,1
peak,1
alluvial,1
latest,1
diversified,1
redefinition,1
nization,1
impossible,1
vein,1
sketches,1
trywide,1
ek,1
visible,1
richness,1
offspring,1
progress,1
productivity,1
proper,1
citations,1
example,1
fluted,1
turrialba,1
moved,1
settle,1
sophistication,1
massive,1
meshed,1
frio,1
lend,1
nations,1
subsequently,1
commensurate,1
settlers,1
oriente,1
stucco,1
horizons,1
tasks,1
units,1
ical,1
situation,1
ramifications,1
forever,1
reexamine,1
mesa,1
functioning,1
bringing,1
steadily,1
scientific,1
richened,1
action,1
tigation,1
inventiveness,1
limbo,1
midcentury,1
wrote,1
comparative,1
techniques,1
corporation,1
ened,1
forward,1
islands,1
wetland,1
hubert,1
exception,1
reduce,1
elusive,1
allen,1
formative,1
expanded,1
domination,1
ice,1
offieldwork,1
settings,1
spate,1
isanjose,1
convoluted,1
put,1
hold,1
loss,1
selection,1
answering,1
fighting,1
biological,1
postulate,1
umented,1
tercera,1
continuation,1
mayab,1
inception,1
antiquarian,1
auspices,1
xabalxab,1
reference,1
ery,1
examined,1
quiroz,1
lloyd,1
tremendous,1
coverage,1
interrelationship,1
accident,1
emil,1
thought,1
residence,1
detectable,1
counterparts,1
message,1
pocked,1
seeing,1
favorable,1
melford,1
specimens,1
wrest,1
sixteenthand,1
acting,1
fringes,1
initiation,1
perspectives,1
postulated,1
complete,1
accelerated,1
already,1
preeminent,1
flints,1
reliance,1
independent,1
published,1
harper,1
affairs,1
showing,1
endured,1
resolution,1
name,1
extracted,1
unmistakably,1
pological,1
paul,1
voyage,1
recente,1
decoration,1
technique,1
business,1
others,1
locating,1
similarly,1
hearths,1
towns,1
freshet,1
motifs,1
wetlands,1
joyce,1
revivify,1
locational,1
shows,1
outside,1
mercilessly,1
turner,1
misinterpretation,1
striking,1
intercommunication,1
agree,1
documents,1
taxonomy,1
lacks,1
insular,1
manifested,1
anthro,1
penned,1
nucleated,1
john,1
omitted,1
caddy,1
substantially,1
doubt,1
polbilche,1
appropriately,1
harriot,1
discussed,1
pled,1
removal,1
ceedings,1
lone,1
cou,1
anthropologist,1
took,1
fits,1
hand,1
adjacent,1
decisively,1
increases,1
innovative,1
redonda,1
accepted,1
underscores,1
foot,1
tell,1
strategies,1
forth,1
ports,1
origin,1
maturity,1
xibalba,1
wartime,1
notices,1
nueva,1
native,1
quickened,1
hurricane,1
glyphs,1
tun,1
distance,1
senses,1
fundamentals,1
assemblage,1
shifts,1
remarkably,1
identifiable,1
ecology,1
remove,1
argues,1
sir,1
local,1
original,1
border,1
zation,1
exploring,1
situated,1
vast,1
churches,1
coherent,1
quiescent,1
robertson,1
sioner,1
birth,1
comprise,1
tulane,1
augury,1
upon,1
incidents,1
limitations,1
inscription,1
sides,1
poly,1
formal,1
region,1
contemplate,1
determinedly,1
greeley,1
elite,1
epigraphic,1
lowe,1
omit,1
ordering,1
hosted,1
intermittent,1
assumption,1
iso,1
additions,1
refers,1
ushered,1
divergences,1
olution,1
arizona,1
willey,1
satisfactorily,1
exhibited,1
trend,1
recovery,1
styles,1
continue,1
national,1
trip,1
chosen,1
immeasurably,1
chemical,1
synthetic,1
involves,1
peterborough,1
versions,1
ties,1
golfo,1
significance,1
historic,1
tional,1
adding,1
hiatus,1
comprehensive,1
clouds,1
publication,1
feature,1
ireland,1
amounts,1
leitmotiv,1
stimu,1
held,1
characterized,1
flood,1
transshipment,1
him,1
recon,1
mask,1
collected,1
ended,1
paths,1
tan,1
filled,1
shortly,1
anyone,1
leventhal,1
amorphous,1
standard,1
provides,1
thomas,1
gann,1
reuse,1
spent,1
woodworking,1
skull,1
margin,1
agri,1
especially,1
written,1
internal,1
manatee,1
systems,1
incapable,1
elaborate,1
parallel,1
awakening,1
ornaments,1
sensible,1
commands,1
britain,1
prede,1
tributed,1
barrels,1
departmental,1
osteobiography,1
probably,1
ethnohistory,1
implication,1
scarborough,1
guess,1
workshop,1
manners,1
figures,1
commence,1
ular,1
nomic,1
joint,1
evaluated,1
professional,1
gorda,1
lang,1
quarter,1
embodied,1
topsey,1
unmanageable,1
adzes,1
convincingly,1
yucatec,1
species,1
dietary,1
pohl,1
saltmaking,1
factors,1
things,1
depth,1
ivi,1
indication,1
trod,1
siderable,1
lubaan,1
relationship,1
change,1
surpassed,1
me,1
breve,1
today,1
road,1
absolutes,1
publishing,1
note,1
she,1
remotest,1
imbalance,1
impressive,1
practitioners,1
program,1
palenque,1
tech,1
hill,1
reasonable,1
attitude,1
foregoing,1
plastic,1
reconocimiento,1
becomes,1
jlfpiacencia,1
execution,1
pop,1
detailed,1
establish,1
returned,1
effectively,1
transformation,1
iconographic,1
shells,1
canada,1
distort,1
class,1
settled,1
often,1
infuse,1
terrazas,1
existed,1
balize,1
united,1
polychrome,1
respect,1
equaled,1
ing,1
mother,1
types,1
itzimin,1
exists,1
itself,1
consid,1
investigate,1
joseph,1
vigor,1
considered,1
res,1
rightful,1
matters,1
niques,1
addressed,1
plus,1
assistant,1
warrants,1
ration,1
reciprocal,1
magnitude,1
curious,1
heavy,1
thinking,1
elected,1
dispersed,1
broke,1
antecedent,1
conclusion,1
incised,1
comparison,1
grand,1
founded,1
unbroken,1
too,1
vi,1
pace,1
sufficient,1
spots,1
text,1
dovetail,1
alternative,1
seven,1
know,1
defining,1
cadres,1
indica,1
paper,1
anthropo,1
different,1
worth,1
distinctions,1
seem,1
chron,1
prising,1
prominence,1
print,1
southernmost,1
facility,1
current,1
domestic,1
proportional,1
foundation,1
particularly,1
recov,1
plague,1
obviously,1
countering,1
mystery,1
indisputably,1
cities,1
litici,1
pit,1
antiq,1
utilized,1
living,1
type,1
inundate,1
places,1
person,1
exca,1
mayanist,1
redefined,1
born,1
scholarly,1
commis,1
heads,1
economy,1
unfulfilled,1
ulti,1
belcast,1
multidisciplinary,1
ones,1
woefully,1
want,1
orleans,1
supports,1
lane,1
nearby,1
add,1
swampn,1
siuena,1
forcefully,1
map,1
protective,1
languished,1
adaptation,1
extent,1
inscriptions,1
stepped,1
her,1
thames,1
fedick,1
kax,1
extract,1
explored,1
commencement,1
orientations,1
trovertible,1
don,1
revista,1
popular,1
vessels,1
socioeconomic,1
researchers,1
little,1
outline,1
son,1
incon,1
rescued,1
recognition,1
mod,1
rience,1
conclude,1
marily,1
interchange,1
content,1
confirm,1
press,1
became,1
devel,1
uity,1
duty,1
constricted,1
cations,1
wrought,1
predecessors,1
went,1
measure,1
contribute,1
programs,1
resistance,1
reconstruct,1
appointed,1
ever,1
phenomenon,1
indians,1
heritor,1
ensuing,1
mesoamericanists,1
grandeur,1
slight,1
tions,1
contrasts,1
subsumed,1
unexplored,1
examinations,1
energies,1
canvas,1
recording,1
commercial,1
instructive,1
locations,1
touch,1
lists,1
gasp,1
icana,1
lands,1
conn,1
initiated,1
quest,1
wis,1
twentieth,1
web,1
swampy,1
officer,1
strikingly,1
grant,1
puleston,1
redrawn,1
value,1
emer,1
documentation,1
contributed,1
move,1
joined,1
undiminished,1
sional,1
resembled,1
canadian,1
depart,1
specialists,1
green,1
constructed,1
sur,1
opinions,1
product,1
states,1
integration,1
palace,1
earthen,1
seeks,1
discounted,1
colonnaded,1
ramie,1
shift,1
speak,1
untouched,1
orga,1
ranged,1
roughly,1
scoperti,1
miccaotli,1
dissent,1
observation,1
intermittently,1
supported,1
potential,1
pioneering,1
assumed,1
ninth,1
ser,1
interruptions,1
auguries,1
fol,1
exhaustive,1
pathways,1
broadening,1
prospects,1
gordon,1
talizingly,1
vary,1
communi,1
sharing,1
array,1
uncertainty,1
composing,1
views,1
element,1
severely,1
sheer,1
develop,1
divergent,1
abandoned,1
gulf,1
plenum,1
monochromes,1
comparable,1
nears,1
virtue,1
tricky,1
successive,1
southeastern,1
daughter,1
ca,1
showed,1
sculptured,1
close,1
fortuitous,1
customs,1
household,1
embraces,1
elucidation,1
richly,1
hypothesis,1
