WORDCOUNTS,WEIGHT
the,913
and,587
of,570
in,326
a,220
to,192
were,143
acheulean,137
sites,118
on,110
was,101
arabian,100
as,86
with,79
from,75
that,71
is,67
lower,64
paleolithic,61
peninsula,61
for,59
site,58
et,57
m,53
at,51
assemblages,48
by,47
survey,46
are,46
have,45
early,41
found,40
an,40
artifacts,38
oldowan,37
be,37
been,34
human,33
saudi,33
tool,31
archaeological,31
tools,30
it,29
this,29
arabia,29
evidence,28
r,27
these,27
stone,26
bifaces,26
artifact,26
africa,26
not,26
presence,25
wadi,25
other,24
large,23
along,23
most,22
handaxes,22
during,22
petraglia,22
identified,22
pleistocene,21
sea,21
h,20
east,20
whalen,20
research,20
into,19
no,19
middle,19
or,19
made,19
localities,18
some,18
high,18
hominin,18
shuwayhitiyah,18
area,18
j,17
palaeolithic,17
university,17
has,17
although,17
red,16
s,16
may,16
surface,16
pp,16
material,16
region,16
including,16
considered,16
g,16
d,16
low,15
coastal,15
based,15
province,15
two,15
their,15
between,15
one,14
likely,14
de,14
fig,14
industries,14
flake,14
desert,14
which,14
homo,13
across,13
w,13
age,13
n,13
field,13
where,13
hominins,13
investigators,13
types,13
contained,13
while,13
atlal,13
occurred,12
first,12
evolution,12
nature,12
i,12
identification,12
raw,12
p,12
small,12
only,12
andesite,12
western,11
also,11
vol,11
choppers,11
recovered,11
cores,11
near,11
preliminary,11
more,11
toward,11
many,11
areas,11
deposits,11
dispersals,11
k,11
archaeology,11
quaternary,11
quartzite,11
potential,11
c,11
surveys,11
major,11
use,10
within,10
eastern,10
terraces,10
dawadmi,10
prehistory,10
about,10
outside,10
processes,10
zarins,10
yemen,10
known,10
global,10
valley,10
technological,10
close,10
indicated,9
total,9
key,9
activity,9
west,9
little,9
developed,9
flakes,9
dispersal,9
record,9
few,9
majority,9
populations,9
overall,9
southern,9
al,9
systematic,9
number,9
three,9
diversity,9
often,9
associated,9
volcanic,9
given,9
manufacture,9
showed,9
environmental,8
they,8
conducted,8
rhyolite,8
comprehensive,8
southwestern,8
journal,8
landscape,8
environments,8
basalt,8
out,8
industry,8
located,8
thought,8
new,8
penin,8
showing,8
situated,8
hammer,8
features,8
northern,8
rise,8
dike,8
earliest,8
over,8
report,8
erectus,8
spatial,8
does,7
mountains,7
behaviour,7
taken,7
investigations,7
side,7
plain,7
review,7
such,7
relatively,7
certain,7
india,7
flow,7
had,7
shield,7
late,7
its,7
fatimah,7
bab,7
regions,7
activities,7
lava,7
mountainous,7
assemblage,7
range,7
significant,7
recovery,7
outcrop,7
evolutionary,7
detailed,7
geographic,7
anthropology,7
current,7
multiple,7
through,7
north,7
represent,6
resulted,6
studies,6
modern,6
flows,6
contexts,6
sources,6
asia,6
available,6
beds,6
there,6
e,6
fl,6
x,6
overlooking,6
oman,6
excavations,6
arab,6
biface,6
levels,6
study,6
route,6
density,6
fans,6
part,6
hard,6
alluvial,6
south,6
percentage,6
technology,6
water,6
distributions,6
forms,6
present,6
investigated,6
resulting,6
dating,6
described,6
similar,6
period,6
relative,6
science,6
cm,6
sula,6
level,6
manufacturing,6
years,6
remains,6
specific,6
substantial,6
gulf,6
re,6
zones,6
margins,5
common,5
functional,5
complex,5
t,5
all,5
potentially,5
locality,5
classified,5
context,5
possible,5
measuring,5
thin,5
l,5
scrapers,5
contributions,5
river,5
additional,5
whereas,5
olduvai,5
wide,5
outcrops,5
percentages,5
base,5
further,5
cultural,5
flaked,5
well,5
crude,5
highly,5
core,5
world,5
mandab,5
patterns,5
will,5
critical,5
second,5
edges,5
but,5
noted,5
routes,5
understanding,5
clear,5
abundant,5
gravel,5
coral,5
indicate,5
miami,5
analysis,5
united,5
stratified,5
composed,5
ing,5
share,5
any,5
must,5
temporal,5
occurrences,5
did,5
sinai,5
information,5
both,5
reported,5
african,5
extended,5
myr,5
formation,5
shown,5
typically,5
km,5
among,5
occur,5
mostly,4
later,4
groups,4
gesher,4
distributed,4
necessarily,4
hominid,4
limestone,4
leading,4
able,4
date,4
marine,4
con,4
gneiss,4
weathered,4
account,4
variations,4
indicating,4
adaptive,4
sand,4
central,4
phase,4
cortical,4
application,4
wadis,4
old,4
removals,4
six,4
geological,4
terrace,4
than,4
higher,4
represented,4
landscapes,4
understand,4
bedrock,4
changes,4
dated,4
upper,4
seven,4
relate,4
zone,4
occupation,4
semblages,4
levant,4
acheulian,4
largest,4
work,4
inferred,4
reduction,4
depositional,4
change,4
several,4
shapes,4
coast,4
ical,4
variety,4
materials,4
various,4
limited,4
awash,4
included,4
initiation,4
iranian,4
regional,4
dmanisi,4
benot,4
rock,4
addition,4
fact,4
bordering,4
lack,4
paleoanthropological,4
surfaces,4
simple,4
necessary,4
deep,4
granitic,4
israel,4
subsurface,4
open,4
levallois,4
plate,4
chert,4
dispersing,4
assigned,4
coconut,4
tech,4
collections,4
thick,4
simply,4
ar,4
very,4
past,4
making,4
chronometric,4
polyhedrons,4
cambridge,4
extensive,4
consisted,4
sedimentary,4
resources,4
ferruginous,4
if,3
introduction,3
ma,3
bifacial,3
comparisons,3
excavation,3
history,3
eastward,3
before,3
different,3
long,3
symmetrical,3
attempt,3
typological,3
subsequent,3
inland,3
state,3
raised,3
those,3
debitage,3
case,3
fossils,3
occasional,3
particularly,3
placement,3
epigraphy,3
supply,3
above,3
jutland,3
goal,3
million,3
concentrations,3
ern,3
bone,3
dis,3
levantine,3
general,3
weathering,3
without,3
main,3
ex,3
b,3
parts,3
produced,3
scattered,3
pliocene,3
elsewhere,3
elevated,3
argued,3
four,3
position,3
hadhramaut,3
appear,3
sive,3
plateau,3
effort,3
behavioral,3
international,3
glacial,3
absolute,3
granite,3
basis,3
du,3
future,3
revealed,3
tributary,3
knowledge,3
apparent,3
scars,3
afar,3
place,3
refined,3
contains,3
reflect,3
trends,3
flaking,3
good,3
settlement,3
provided,3
periods,3
chronological,3
quarry,3
ovate,3
absence,3
descending,3
synthesis,3
exception,3
prevailing,3
fossil,3
trihedral,3
once,3
vs,3
boundary,3
favorable,3
ancient,3
subdivisions,3
indian,3
industrial,3
department,3
fan,3
handaxe,3
lanceolate,3
subcontinent,3
others,3
shelf,3
flat,3
lahr,3
saffaqah,3
time,3
anthro,3
larger,3
strait,3
descended,3
do,3
validity,3
ethiopia,3
another,3
local,3
behaviors,3
harvard,3
questions,3
lakes,3
plant,3
collected,3
sands,3
proximity,3
earlier,3
systems,3
methods,3
narrow,3
can,3
adaptations,3
la,3
widely,3
depth,3
sometimes,3
stream,3
five,3
program,3
pieces,3
respect,3
variable,3
rarely,3
series,3
lambeck,3
natural,3
colonization,3
sizes,3
half,3
classed,3
picks,3
ca,3
table,3
beginning,3
cleaver,3
form,3
cordiform,3
references,3
zagros,3
map,3
distribution,3
consisting,3
exposures,3
densities,3
secure,3
migrations,3
produce,3
slopes,3
role,3
com,3
vast,3
using,3
coralline,3
varied,3
our,3
paleorient,3
soft,3
initiated,3
advent,3
need,3
measured,3
comparison,3
lake,3
uk,3
comparable,3
problem,2
saad,2
o,2
substances,2
tion,2
vienna,2
created,2
gneissic,2
pale,2
implies,2
differentiating,2
coastlines,2
per,2
reflection,2
needed,2
interglacial,2
approaches,2
han,2
former,2
sys,2
source,2
archaeo,2
consistent,2
archaeologists,2
decidedly,2
reconstructions,2
certainly,2
archae,2
najran,2
ii,2
location,2
humans,2
calcareous,2
emerged,2
england,2
indicative,2
containing,2
height,2
could,2
secondary,2
together,2
great,2
thank,2
differences,2
analyses,2
rich,2
achievement,2
farther,2
kingdom,2
feature,2
mr,2
principal,2
vertebrate,2
eritrea,2
signs,2
papers,2
empty,2
plains,2
dr,2
recorded,2
owing,2
primary,2
stepped,2
prior,2
logical,2
fine,2
occurring,2
interdisciplinary,2
sinuous,2
representing,2
correlation,2
eroded,2
collection,2
behavior,2
controlled,2
exposed,2
throughout,2
facts,2
interior,2
assumes,2
arid,2
author,2
american,2
dence,2
estimates,2
mixed,2
drainage,2
nor,2
emirates,2
dates,2
rounding,2
drawn,2
apparently,2
riyadh,2
cobbles,2
phases,2
remain,2
basic,2
square,2
lag,2
importance,2
republic,2
percussion,2
derived,2
special,2
lacking,2
unifacial,2
provinces,2
consider,2
foothills,2
sim,2
lected,2
exchange,2
numbers,2
pebble,2
resource,2
indications,2
followed,2
plates,2
problems,2
protohistory,2
important,2
strategy,2
gby,2
ranges,2
result,2
closely,2
prehistoric,2
bearing,2
typical,2
relating,2
extinct,2
initial,2
inter,2
academic,2
institute,2
appears,2
fluvial,2
younger,2
scale,2
aridity,2
designations,2
structure,2
possibility,2
shape,2
directly,2
having,2
overlying,2
rocks,2
preferred,2
related,2
ten,2
ple,2
used,2
olithic,2
describe,2
older,2
intermediate,2
inferences,2
broad,2
climatic,2
formations,2
surveyors,2
launching,2
excavated,2
presented,2
working,2
below,2
gadeb,2
grained,2
clasts,2
around,2
intervals,2
soil,2
wider,2
knives,2
components,2
depression,2
temporary,2
climate,2
portions,2
corridor,2
annual,2
when,2
up,2
species,2
nonbiface,2
finds,2
society,2
f,2
therefore,2
approximate,2
expansion,2
subject,2
prove,2
expanded,2
indicates,2
terrain,2
wind,2
depicted,2
springs,2
relied,2
interpretation,2
represents,2
chronology,2
quarries,2
complete,2
note,2
culture,2
performed,2
efforts,2
floor,2
paleoanthropologists,2
ev,2
regardless,2
movements,2
preferences,2
avail,2
reporting,2
backed,2
aden,2
occupations,2
tally,2
end,2
considerable,2
pennsylvania,2
pattern,2
man,2
transit,2
never,2
adjacent,2
geography,2
centre,2
tertiary,2
schick,2
flint,2
distance,2
encountered,2
meandering,2
emanating,2
analyzed,2
technologies,2
elevations,2
discussion,2
averaged,2
escarpments,2
locate,2
nologies,2
manufactured,2
deserts,2
findings,2
asian,2
complement,2
hypotheses,2
rivers,2
technolog,2
sequence,2
marshaled,2
trip,2
lacustrine,2
assignment,2
peter,2
times,2
characterized,2
would,2
typotechnological,2
played,2
stages,2
last,2
kyr,2
provides,2
adequately,2
margin,2
graphic,2
shallow,2
attracted,2
splitting,2
caution,2
ago,2
quarter,2
tenuous,2
concerted,2
visit,2
ranging,2
carried,2
ity,2
imply,2
ology,2
irregular,2
fairly,2
provide,2
maps,2
primarily,2
bulletin,2
dimensions,2
butts,2
countries,2
length,2
responsible,2
existed,2
geoff,2
antiquities,2
subdivided,2
sandstone,2
problematic,2
landmass,2
arte,2
following,2
sloping,2
incised,2
extending,2
struck,2
hypothesized,2
reconnaissance,2
terrestrial,2
here,2
anthropological,2
each,2
par,2
lying,2
seriously,2
stratigraphic,2
genus,2
massachusetts,2
differed,2
type,2
better,2
notable,2
them,2
character,2
nearby,2
geo,2
extruded,2
adaptation,2
extent,2
cones,2
generally,2
cluster,2
finished,2
tent,2
evi,2
beach,2
despite,2
duty,2
variability,2
techniques,2
hyderabad,2
ized,2
isolated,2
sediments,2
recording,2
average,2
nile,2
numerous,2
chemical,2
mode,2
parallels,2
correlated,2
product,2
smaller,2
states,2
defined,2
forming,2
landforms,2
ranged,2
spheroids,2
am,2
bi,2
point,2
chicago,2
dibble,2
fleisch,2
northwestern,2
recent,2
col,2
biguous,1
aabet,1
frequent,1
difficult,1
pertise,1
silt,1
paleoenvironment,1
possessed,1
currently,1
rate,1
hitiyah,1
limits,1
gree,1
quater,1
way,1
surficial,1
australo,1
meaning,1
stood,1
plunging,1
vorqeschichtliche,1
cussion,1
expedition,1
trans,1
determine,1
intriguing,1
northeast,1
measures,1
ison,1
gion,1
informa,1
crossing,1
disc,1
mouth,1
group,1
fora,1
camping,1
parative,1
speculated,1
replaced,1
touched,1
emirate,1
systematically,1
manufac,1
identify,1
designed,1
adhering,1
formed,1
confines,1
underground,1
specialist,1
english,1
continent,1
rounded,1
walker,1
bias,1
salinity,1
postdepositional,1
favor,1
acceptance,1
fixed,1
lakeshores,1
subspheroids,1
organic,1
presents,1
travertine,1
vestiges,1
amply,1
landform,1
scientist,1
arguing,1
migration,1
revision,1
descriptions,1
underplayed,1
typologically,1
signal,1
properties,1
laura,1
disturbances,1
negative,1
test,1
highlight,1
examina,1
deserved,1
intrabasin,1
sance,1
gap,1
lightly,1
hence,1
pink,1
topographic,1
posed,1
production,1
comprehensively,1
neolithic,1
introduce,1
originally,1
meters,1
evaporated,1
address,1
disturbance,1
sub,1
corridors,1
allow,1
reconnais,1
pretations,1
persals,1
dramatically,1
reach,1
summation,1
gorge,1
affinities,1
stringent,1
ble,1
metamorphosed,1
producing,1
sometime,1
link,1
wessex,1
closer,1
hundred,1
spon,1
reveal,1
onto,1
composition,1
biconvex,1
scarps,1
soring,1
yearbook,1
help,1
ashton,1
hydrological,1
improved,1
resorting,1
underside,1
smithsonian,1
situ,1
carpments,1
corroborate,1
ber,1
activi,1
dendritic,1
ash,1
subsidence,1
dissolved,1
visibility,1
el,1
designs,1
nariokotome,1
similarities,1
system,1
chronometrically,1
governmental,1
corresponded,1
existence,1
suspect,1
reefs,1
geologic,1
linear,1
karoo,1
task,1
dune,1
america,1
eurasia,1
korisettar,1
originates,1
plug,1
holocene,1
sidered,1
paucity,1
facilitating,1
koobi,1
establishing,1
heidelbergensis,1
palaeoanthropological,1
terminus,1
obvious,1
dawddmi,1
pithecines,1
fication,1
europe,1
fur,1
cited,1
geomorphological,1
bailey,1
beneath,1
daxes,1
conclusively,1
submountain,1
facets,1
gravity,1
exist,1
folded,1
prerequisite,1
technologically,1
thus,1
andrew,1
lationships,1
includes,1
colonizations,1
comments,1
surficially,1
affiliation,1
percolation,1
germany,1
bitrary,1
faulting,1
unrolls,1
proportionate,1
copenhagen,1
development,1
upthrust,1
quality,1
ferred,1
tanzania,1
due,1
sediment,1
vertebrates,1
lanceo,1
sheetwash,1
corner,1
characteristic,1
viewing,1
num,1
shales,1
thinned,1
rical,1
occurs,1
highlighting,1
rigorously,1
ray,1
faulted,1
materially,1
scarp,1
employing,1
sample,1
stained,1
tripartite,1
z,1
affairs,1
kind,1
summarizing,1
turn,1
rank,1
distinct,1
elements,1
ct,1
speculative,1
bay,1
perspective,1
eventu,1
capped,1
averaging,1
convincing,1
back,1
body,1
highest,1
concert,1
young,1
races,1
allowing,1
ally,1
third,1
twice,1
covery,1
estimate,1
undertaking,1
sci,1
ety,1
explore,1
y,1
sin,1
cachel,1
details,1
wet,1
plage,1
restricting,1
intruded,1
depths,1
reef,1
outcropping,1
ridge,1
aim,1
operation,1
opposed,1
oxford,1
conven,1
referred,1
interesting,1
mea,1
philadelphia,1
york,1
essential,1
reflects,1
parr,1
sociated,1
rather,1
centerpiece,1
camp,1
links,1
bring,1
orontes,1
performance,1
grid,1
aimed,1
tite,1
absent,1
jawad,1
highlands,1
unam,1
compatible,1
denmark,1
how,1
stop,1
basaltic,1
paths,1
breadth,1
thou,1
tectonic,1
crest,1
process,1
subsistence,1
remote,1
mean,1
tary,1
paleoanthropolog,1
signaled,1
opportunity,1
determining,1
annales,1
connected,1
se,1
scraper,1
balanced,1
cave,1
deputy,1
distant,1
von,1
succes,1
factors,1
mation,1
derek,1
addressing,1
modified,1
grided,1
conformed,1
poids,1
finer,1
facilitated,1
clacto,1
trieved,1
locally,1
possibly,1
clactonian,1
objects,1
statistical,1
seas,1
intensive,1
emergence,1
coefficients,1
palaeoclimate,1
section,1
director,1
proposed,1
air,1
placed,1
oxbow,1
qatar,1
comprehen,1
northeastern,1
document,1
ceded,1
suffolk,1
observations,1
profile,1
incorrectly,1
solid,1
situations,1
orientation,1
show,1
accurate,1
leverhulme,1
favored,1
bridges,1
preponderance,1
origins,1
beyond,1
submerged,1
spur,1
indonesia,1
consequence,1
fre,1
archeological,1
cycles,1
plenum,1
dominant,1
helped,1
syntheses,1
preference,1
providing,1
tory,1
cut,1
methodology,1
unlike,1
advance,1
hadramaut,1
mphil,1
oldwan,1
ditions,1
geoffrey,1
identifying,1
chunks,1
concentration,1
discoids,1
discoloration,1
declined,1
attributes,1
asir,1
basin,1
erosion,1
search,1
totaling,1
littoral,1
access,1
mapping,1
danakil,1
polyhedron,1
dunes,1
noting,1
diet,1
arabe,1
coveries,1
radiometric,1
approximation,1
representative,1
popu,1
butzer,1
tially,1
arranged,1
meter,1
substantiation,1
same,1
lenthall,1
polishing,1
buried,1
caves,1
reviews,1
improve,1
duced,1
burial,1
tionary,1
devoid,1
shebele,1
meet,1
applied,1
paliorient,1
corraline,1
unconvincing,1
energy,1
wealth,1
coasting,1
schist,1
nice,1
confirmation,1
carbonates,1
cleavers,1
acknowledgments,1
eliminate,1
influenced,1
criteria,1
ther,1
aspects,1
hillslope,1
failure,1
parable,1
feeding,1
oxhomo,1
distinguish,1
aerially,1
relief,1
literature,1
planning,1
publish,1
scope,1
bounded,1
rine,1
locus,1
nearest,1
brought,1
london,1
paleoenvironmental,1
multilayered,1
basement,1
lavas,1
proportions,1
data,1
routinely,1
tip,1
parameters,1
tripar,1
island,1
discussions,1
horn,1
records,1
structures,1
inexhaustible,1
thereafter,1
interac,1
lifeways,1
proliferation,1
hydraulic,1
surrounding,1
nodules,1
cat,1
fieldwork,1
gently,1
interpreted,1
ter,1
horizon,1
my,1
ali,1
lithics,1
sampled,1
shortcomings,1
errors,1
earth,1
picture,1
bir,1
fined,1
appreci,1
separa,1
submergence,1
least,1
interregional,1
indi,1
describing,1
inference,1
lowest,1
idenced,1
naama,1
suggest,1
undeterred,1
stage,1
straight,1
flemming,1
tayacian,1
order,1
contrast,1
crossed,1
cope,1
mediterranean,1
plex,1
emerging,1
event,1
berg,1
calling,1
dried,1
harrat,1
circumlinearly,1
scree,1
propelled,1
revealing,1
baichbal,1
ubeidiya,1
adhere,1
geomorphic,1
spheroid,1
distinguished,1
mixing,1
tended,1
ofer,1
asfaw,1
dedicated,1
visible,1
webi,1
ysis,1
jordan,1
universities,1
ensemble,1
milestones,1
contemporaneity,1
inaccessible,1
results,1
correspondence,1
cycle,1
veloped,1
appropriate,1
grateful,1
paul,1
moved,1
triangular,1
cating,1
gle,1
distin,1
inspection,1
cite,1
portion,1
heretofore,1
led,1
partially,1
units,1
arrangement,1
reduced,1
van,1
transverse,1
logistical,1
polished,1
scientific,1
atypical,1
clastic,1
short,1
indeed,1
hide,1
labeled,1
comparative,1
ilarities,1
corporation,1
released,1
nearly,1
met,1
academy,1
rized,1
make,1
mainstream,1
mitn,1
lowstands,1
ice,1
widiasmoro,1
sedimen,1
chaeological,1
movement,1
settings,1
sheets,1
put,1
hold,1
direction,1
structural,1
conventional,1
single,1
vicinity,1
biological,1
appraised,1
hominids,1
plio,1
metric,1
catego,1
foot,1
simultaneous,1
lowering,1
geomorphologic,1
yet,1
floods,1
museum,1
reference,1
prof,1
fit,1
marginal,1
retreat,1
toolkits,1
array,1
straus,1
under,1
exposure,1
us,1
precambrian,1
supplied,1
tain,1
forays,1
fringes,1
nat,1
miocene,1
light,1
assistance,1
every,1
archeology,1
shuway,1
statisti,1
exacerbating,1
wisconsin,1
illustrated,1
confirmed,1
reports,1
begins,1
typed,1
frameworks,1
arranging,1
shows,1
consis,1
social,1
inhabitants,1
members,1
gain,1
museums,1
laterally,1
westward,1
flanked,1
dateable,1
symmet,1
entific,1
proxim,1
mark,1
purely,1
fin,1
renewed,1
projects,1
tematic,1
tridherals,1
humidity,1
tions,1
pological,1
coincidence,1
shelt,1
oflithic,1
conduct,1
riverine,1
milestone,1
trips,1
inlet,1
overlaying,1
predominated,1
suggesting,1
scar,1
layer,1
idence,1
habitat,1
isolate,1
diverse,1
anal,1
farming,1
demonstrating,1
debates,1
contemporary,1
variation,1
cranium,1
technique,1
minister,1
travertines,1
question,1
procurement,1
ages,1
conclusions,1
took,1
jado,1
v,1
pleis,1
yale,1
covered,1
ras,1
en,1
suring,1
accepted,1
abdullah,1
michael,1
see,1
inhospitable,1
coincident,1
forth,1
lines,1
maturity,1
anthropologie,1
invitation,1
perhaps,1
assorted,1
controversy,1
cul,1
insecure,1
peneplain,1
wood,1
northerly,1
beyrouth,1
day,1
valleys,1
laboratories,1
interpreting,1
archeologiques,1
ephemeral,1
demonstrated,1
meetings,1
zation,1
mcmaster,1
foraminifera,1
skepticism,1
considering,1
explanation,1
width,1
accompanying,1
maritime,1
launched,1
chaeology,1
numeric,1
allel,1
samples,1
tjeerd,1
top,1
subdivision,1
fed,1
food,1
cranial,1
unfortunately,1
refers,1
conditions,1
saiwan,1
collaborative,1
bed,1
hillslopes,1
syrie,1
inventorying,1
radiocarbon,1
ismeo,1
previous,1
office,1
ternate,1
nuclei,1
continuities,1
excava,1
roberts,1
kilometer,1
ties,1
perimeter,1
significance,1
cliff,1
whybrow,1
tional,1
publication,1
hampered,1
ah,1
points,1
dominated,1
faces,1
crustal,1
geograph,1
divisions,1
reviewers,1
like,1
spread,1
evaporites,1
rewarded,1
eartham,1
function,1
cally,1
qawnasat,1
mountain,1
kept,1
probable,1
hunsgi,1
black,1
ural,1
continents,1
ture,1
sandstones,1
easternmost,1
especially,1
random,1
comparing,1
behind,1
nahr,1
parallel,1
moist,1
bordered,1
become,1
relation,1
land,1
pro,1
examine,1
shorelines,1
cognition,1
classifications,1
percent,1
probably,1
differ,1
ate,1
locales,1
southwest,1
equivalent,1
terracing,1
shale,1
cape,1
grain,1
staff,1
occupied,1
we,1
tendency,1
joint,1
debut,1
atlas,1
professional,1
convergent,1
abu,1
attention,1
concluded,1
division,1
spheri,1
evolu,1
separate,1
china,1
dietary,1
malta,1
rarity,1
observational,1
rift,1
primate,1
seasons,1
reliable,1
relying,1
topography,1
lo,1
iran,1
relationship,1
preliminarily,1
abundance,1
belonged,1
publishing,1
inselberg,1
dissected,1
tentative,1
volcanism,1
bold,1
ecological,1
usually,1
investi,1
impressive,1
chop,1
testing,1
rough,1
pe,1
begin,1
inside,1
quarrying,1
arduous,1
discard,1
lora,1
multi,1
multitude,1
who,1
attempted,1
reason,1
directions,1
poly,1
deposit,1
team,1
force,1
landmarks,1
lations,1
visual,1
nian,1
nological,1
memorable,1
antiquity,1
es,1
lowered,1
bif,1
fields,1
exists,1
instances,1
attributions,1
face,1
egories,1
gators,1
occupies,1
pression,1
definitive,1
publications,1
claims,1
differentiated,1
proof,1
waterside,1
environment,1
heavy,1
then,1
paddayya,1
senior,1
reviewing,1
quencies,1
comes,1
pacheulsene,1
accordance,1
aeolian,1
desiccated,1
skeleton,1
mahra,1
demonstrate,1
extension,1
escarp,1
slope,1
fluctuating,1
scraping,1
physical,1
fulbright,1
besides,1
prob,1
june,1
funding,1
meat,1
useful,1
ists,1
cli,1
integrative,1
know,1
geomor,1
ated,1
paleoanthro,1
glaciation,1
country,1
endurance,1
hammerstones,1
correspond,1
paper,1
cultures,1
specialized,1
expanding,1
downslope,1
trihedrals,1
cautiously,1
vari,1
identi,1
best,1
down,1
deposited,1
downing,1
guished,1
basins,1
assignments,1
intersected,1
iii,1
humid,1
dat,1
dikes,1
infer,1
nary,1
ous,1
encouraging,1
steppe,1
associations,1
greenstone,1
utilized,1
crater,1
places,1
deflationary,1
phd,1
biogeography,1
clarity,1
animal,1
hills,1
thanked,1
outlines,1
what,1
investigation,1
combined,1
unique,1
bristol,1
mobil,1
terms,1
gradually,1
migratory,1
degradation,1
plants,1
varying,1
paleolandscape,1
artifactual,1
contrasting,1
theory,1
temporally,1
marta,1
angela,1
tjbeidiya,1
complexity,1
landbridge,1
norman,1
grades,1
original,1
springer,1
minimal,1
ideal,1
danish,1
port,1
categories,1
metamorphic,1
facial,1
outline,1
compar,1
demarcated,1
boldly,1
alterations,1
occasionally,1
son,1
quartzites,1
transport,1
mod,1
aggradation,1
prehis,1
thereby,1
conclude,1
subcordiform,1
tri,1
city,1
pre,1
courses,1
confirm,1
press,1
became,1
invitations,1
rhyolites,1
transition,1
tematically,1
straighten,1
controls,1
went,1
fellowship,1
tablelands,1
arabes,1
fissure,1
obtain,1
reconstruct,1
duinefontein,1
arguments,1
underwater,1
divided,1
evidenced,1
aims,1
headwaters,1
septemtrionale,1
eroding,1
aspect,1
pology,1
adumatu,1
ibn,1
unifaces,1
covariance,1
acheuteen,1
refinely,1
prepared,1
come,1
sidering,1
shores,1
jor,1
tinct,1
elongated,1
spring,1
drafts,1
locations,1
tocene,1
plausible,1
similarity,1
national,1
documentation,1
approximately,1
fauna,1
include,1
magnitudes,1
dense,1
ergaster,1
reminiscent,1
peninsular,1
specialists,1
green,1
sur,1
gross,1
disintegrated,1
arti,1
regular,1
southeastern,1
cinder,1
organi,1
anatomical,1
tributaries,1
madison,1
typology,1
quartz,1
association,1
increased,1
sides,1
anonymous,1
needs,1
flora,1
planktonic,1
thousand,1
supported,1
territories,1
apart,1
coefficient,1
infor,1
klein,1
classificatory,1
limande,1
denser,1
fossilized,1
butchering,1
correlate,1
syn,1
reached,1
uncertainty,1
maximum,1
reconsideration,1
grab,1
matic,1
syriennes,1
much,1
peabody,1
immediately,1
taylor,1
sabkhas,1
ini,1
broader,1
conclu,1
uncertain,1
reappearing,1
reemerge,1
northward,1
hypothesis,1
