WORDCOUNTS,WEIGHT
the,1207
of,602
and,558
in,532
a,313
to,200
with,175
at,105
from,94
millennium,88
et,81
this,76
gash,75
r,72
was,67
late,67
early,65
group,64
aksumite,63
al,62
bc,61
ancient,61
an,59
j,55
on,55
archaeological,54
as,53
were,51
that,50
m,50
eritrea,50
evidence,50
p,47
fattovich,47
by,47
northern,47
aksum,46
ad,44
state,43
africa,43
development,41
red,40
pp,40
ethiopia,40
is,40
press,40
de,38
been,37
sites,36
highlands,35
ceramics,35
world,35
tigray,35
phase,34
archaeology,34
kingdom,34
c,34
lowlands,33
middle,33
sea,33
phillipson,32
springer,32
di,31
prehist,31
e,30
have,30
south,29
central,28
culture,28
complex,27
are,27
for,27
eastern,27
university,27
region,27
african,27
s,26
social,26
polity,25
k,25
states,25
between,25
g,24
cultural,24
these,24
has,24
stone,23
arabian,23
matara,23
elite,23
ona,23
l,22
suggest,22
settlement,22
dw,22
main,21
horn,21
small,21
or,21
two,21
w,21
i,20
bowls,20
may,20
delta,20
societies,20
egypt,19
new,19
local,19
millennia,19
sadr,19
be,19
into,18
along,18
monumental,18
most,18
mahal,18
ceramic,18
characterized,18
tradition,17
some,17
human,17
b,17
their,17
finneran,17
near,17
mokram,17
which,17
centuries,17
sudan,17
d,17
environmental,16
those,16
more,16
also,16
associated,16
bard,16
ethiopian,15
history,15
studi,15
century,15
similar,15
jars,15
people,15
occupied,15
stelae,15
administrative,15
teglinos,15
du,14
jebel,14
tombs,14
chiefdom,14
teka,14
decorated,14
inscriptions,14
large,13
one,13
sequence,13
z,13
coastal,13
record,13
located,13
included,13
cambridge,13
pottery,13
complexity,13
historical,13
nile,13
phases,12
site,12
dated,12
same,12
few,12
society,12
southern,12
assemblages,12
different,12
area,12
t,11
suggesting,11
origin,11
no,11
process,11
population,11
its,11
whole,11
regions,11
around,11
research,11
f,11
schmidt,11
classic,11
about,11
but,11
only,11
arabia,11
over,11
very,11
yeha,11
urban,11
rassegna,11
groups,10
settlements,10
recorded,10
holocene,10
fig,10
museum,10
n,10
age,10
basis,10
used,10
during,10
we,10
indicators,10
preliminary,10
likely,10
adulis,10
occurrence,10
pattern,10
contacts,10
plains,10
la,10
not,10
suggests,10
remains,10
valley,10
giyorgis,9
h,9
studies,9
asmara,9
other,9
political,9
point,9
excavations,9
progressive,9
ware,9
orientale,9
changes,9
prehistory,9
scale,9
because,9
field,9
when,9
still,9
nubia,9
bar,9
where,9
butana,9
dating,9
three,9
points,9
period,9
can,9
foreign,9
atbara,9
manzo,9
economy,9
anfray,9
it,8
they,8
devices,8
western,8
nyame,8
first,8
might,8
emerged,8
el,8
akkele,8
such,8
found,8
buildings,8
outlined,8
number,8
istituto,8
arose,8
michels,8
cemetery,8
beginning,8
des,8
through,8
egyptian,8
bronze,8
interaction,8
guzay,7
maybe,7
sources,7
location,7
context,7
agame,7
possible,7
uncertain,7
hierarchy,7
clay,7
elements,7
journal,7
apparently,7
traditions,7
town,7
burials,7
river,7
origins,7
plateau,7
del,7
indigenous,7
size,7
le,7
eritrean,7
expansion,7
curtis,7
bieta,7
ed,7
rise,7
larger,7
style,7
polities,7
times,7
black,7
mainly,7
kassala,7
les,7
capital,7
incised,7
art,7
nubian,7
vessels,7
formation,7
include,7
shift,7
north,7
replaced,6
geometric,6
nil,6
since,6
far,6
collapse,6
distinctive,6
ledge,6
perspective,6
international,6
tools,6
residential,6
network,6
outline,6
least,6
coast,6
economic,6
territory,6
continuity,6
hamasien,6
many,6
time,6
grave,6
fragments,6
evolution,6
trade,6
progressively,6
indicate,6
rim,6
investigation,6
institute,6
addis,6
agordat,6
although,6
built,6
major,6
hagiz,6
barka,5
scraped,5
later,5
introduction,5
evans,5
marcus,5
societa,5
textual,5
all,5
mai,5
chiefdoms,5
within,5
british,5
east,5
dynamics,5
pre,5
mixed,5
shaft,5
millennio,5
than,5
represented,5
after,5
monuments,5
distinct,5
upper,5
important,5
prehistoric,5
declined,5
basin,5
faunal,5
annales,5
well,5
related,5
regional,5
decline,5
villages,5
up,5
will,5
architecture,5
identified,5
contenson,5
keech,5
single,5
communities,5
funerary,5
rock,5
sembel,5
nucleated,5
patterns,5
material,5
routledge,5
yemen,5
another,5
desert,5
increase,5
epigraphic,5
urbanism,5
dominated,5
change,5
universitario,5
earlier,5
hierarchical,5
kings,5
usually,5
five,5
analysis,5
cr,5
civilizations,5
incorporated,5
each,5
rural,5
according,5
rodolfo,5
conference,5
both,5
coins,5
remarks,5
until,5
commercial,5
glass,5
consisted,5
imported,4
top,4
shurab,4
girba,4
center,4
second,4
territorial,4
roman,4
ii,4
rich,4
sometime,4
similarities,4
system,4
existence,4
west,4
hypogeal,4
goods,4
review,4
due,4
adopted,4
ha,4
tentatively,4
general,4
poznan,4
van,4
act,4
scattered,4
support,4
marks,4
orange,4
dominant,4
suggested,4
ricci,4
nel,4
yoffee,4
artifacts,4
part,4
surrounding,4
several,4
erected,4
survived,4
saba,4
interpretation,4
under,4
strata,4
power,4
motifs,4
present,4
perhaps,4
investigated,4
high,4
exchange,4
respectively,4
pro,4
christian,4
provide,4
sometimes,4
vertical,4
gawasis,4
who,4
often,4
earliest,4
con,4
sabean,4
maigret,4
stamp,4
anthropology,4
cultures,4
stratigraphic,4
basins,4
report,4
ecology,4
proceedings,4
supports,4
prestige,4
slopes,4
city,4
role,4
isolated,4
decrease,4
camps,4
consolidated,4
smaller,4
archaic,4
comparison,4
building,4
occur,4
edge,3
epidemics,3
fouilles,3
zague,3
conducted,3
greater,3
title,3
production,3
neolithic,3
della,3
great,3
sahara,3
blackwell,3
reminiscent,3
platforms,3
decreased,3
meridionale,3
nomadic,3
porter,3
feinman,3
exchanges,3
representing,3
iron,3
component,3
santa,3
american,3
encyclopedia,3
rank,3
adam,3
back,3
architectural,3
inclusion,3
arab,3
y,3
industries,3
oxford,3
basic,3
study,3
possibly,3
byzantine,3
northeastern,3
circuit,3
four,3
surface,3
consequence,3
view,3
trajectories,3
disappeared,3
my,3
pastoral,3
tra,3
arabs,3
danakil,3
ocean,3
cups,3
occupation,3
shall,3
based,3
burial,3
schneider,3
symbols,3
wealth,3
lunde,3
data,3
malawiya,3
palaces,3
survey,3
il,3
mclntosh,3
mediterranean,3
long,3
influence,3
migration,3
depression,3
temporary,3
peak,3
brown,3
core,3
cattle,3
results,3
moved,3
periods,3
ceremonial,3
monoliths,3
stele,3
standardization,3
community,3
presently,3
collapsed,3
cylindrical,3
manzanilla,3
light,3
indian,3
published,3
again,3
pointed,3
towns,3
decorative,3
conformity,3
longer,3
coinage,3
temples,3
appeared,3
personal,3
end,3
ricerche,3
remarkable,3
excavation,3
contracted,3
khartoum,3
kobusiewicz,3
papyrologie,3
situated,3
divided,3
churches,3
use,3
food,3
rivers,3
causes,3
individuals,3
radiocarbon,3
individual,3
like,3
spread,3
so,3
collected,3
indisputable,3
evolutionary,3
probably,3
herding,3
increasing,3
lo,3
ascribable,3
ecological,3
rossini,3
un,3
ch,3
transformation,3
kashm,3
construction,3
centres,3
types,3
any,3
series,3
demonstrate,3
extensive,3
temple,3
quaternary,3
archeblogie,3
partner,3
tomb,3
ethiopienne,3
leaders,3
half,3
pritchard,3
wenig,3
indisputably,3
cultivation,3
type,3
information,3
travel,3
despite,3
became,3
years,3
tigrean,3
finally,3
approximately,3
specific,3
supported,3
km,3
pathways,3
gold,3
final,2
carved,2
mortuary,2
does,2
aksumites,2
horizontal,2
if,2
medieval,2
culminated,2
northeast,2
persia,2
village,2
agency,2
control,2
formed,2
true,2
rounded,2
globular,2
modern,2
conical,2
position,2
connah,2
corresponding,2
precursors,2
materials,2
test,2
krzyzaniak,2
culturally,2
season,2
containing,2
dramatically,2
height,2
together,2
display,2
simple,2
peopling,2
products,2
styles,2
iscrizioni,2
there,2
petty,2
last,2
trenton,2
ambiguous,2
ascribed,2
king,2
iv,2
tekezze,2
indirectly,2
prior,2
aspects,2
soils,2
sviluppo,2
resources,2
walnut,2
vases,2
deux,2
surely,2
corrugations,2
grooves,2
inner,2
quality,2
church,2
surrounded,2
neighbours,2
scarce,2
slabs,2
processo,2
muslim,2
crosses,2
amount,2
body,2
allowing,2
lineage,2
staircase,2
settentrionale,2
hewn,2
civilization,2
online,2
identification,2
rupestre,2
across,2
landscape,2
levels,2
dynasty,2
subsistence,2
addi,2
environments,2
hendrickx,2
creek,2
okpoko,2
lennium,2
arid,2
objects,2
organization,2
established,2
emergence,2
arabie,2
too,2
hawlti,2
painted,2
shifted,2
had,2
storerooms,2
identifying,2
access,2
could,2
etiopia,2
brill,2
porphyry,2
further,2
archeologica,2
michigan,2
knobbed,2
metals,2
antique,2
aboi,2
pleistocene,2
amm,2
char,2
christianity,2
future,2
paleoenvironmental,2
closed,2
zoomorphic,2
even,2
pinched,2
su,2
apparent,2
parameters,2
seminomadic,2
demonstrates,2
beads,2
rative,2
trends,2
approach,2
premiere,2
boston,2
axoumite,2
interregional,2
indicator,2
caused,2
ago,2
drier,2
beyene,2
stimulated,2
consolidation,2
sharp,2
acted,2
emerging,2
soil,2
eighth,2
deco,2
industry,2
bonnet,2
distinguished,2
alluvial,2
distinguishing,2
durrani,2
axes,2
gulo,2
wilton,2
bassopiani,2
units,2
practices,2
polished,2
populations,2
short,2
reconstruction,2
precolonial,2
expanded,2
interactions,2
strategic,2
inhabited,2
robin,2
uppsala,2
relied,2
pollera,2
incipient,2
sociocultural,2
nature,2
islam,2
note,2
rectangular,2
cahiers,2
spostamento,2
raids,2
members,2
name,2
decoration,2
flat,2
water,2
raunig,2
votive,2
onore,2
head,2
pastoralism,2
contemporary,2
pennsylvania,2
scienze,2
do,2
v,2
topped,2
covered,2
en,2
coarse,2
see,2
royal,2
vogel,2
beta,2
tringali,2
predynastic,2
valleys,2
negussie,2
scant,2
archeologiques,2
border,2
exhibit,2
kerma,2
largely,2
factor,2
theories,2
landscapes,2
publication,2
recon,2
mines,2
antiquity,2
antiques,2
enda,2
khatmiya,2
beyond,2
facing,2
systems,2
figures,2
sur,2
mil,2
model,2
seasons,2
islamic,2
independent,2
atbai,2
impressive,2
ordinary,2
dai,2
detailed,2
dans,2
makeda,2
drewes,2
wendrich,2
sernicola,2
school,2
environment,2
archeologici,2
storia,2
following,2
naples,2
nomadism,2
semiarid,2
known,2
palace,2
reconnaissance,2
earle,2
aksumita,2
der,2
know,2
colonization,2
kaskase,2
rainfall,2
kilte,2
paper,2
acterized,2
ivory,2
alexander,2
iii,2
ideological,2
grey,2
pictures,2
recherche,2
living,2
bands,2
animal,2
altars,2
jimenez,2
microlithic,2
carefully,2
seals,2
combined,2
whether,2
form,2
particular,2
seasonal,2
penetration,2
while,2
peters,2
almost,2
port,2
paintings,2
john,2
brower,2
edwards,2
nomads,2
introduced,2
harrassowitz,2
administration,2
ethiopie,2
da,2
currey,2
lands,2
conditions,2
wolde,2
axum,2
wadi,2
specialists,2
manufacture,2
kush,2
off,2
exhaustive,2
johnson,2
reached,2
debate,2
dark,2
questo,2
rupestri,2
phillips,2
gulf,2
focus,2
trigger,2
rivista,2
afrikas,2
close,2
arizona,2
bce,2
hypothesis,2
tainter,1
ifao,1
massif,1
regione,1
ments,1
intricate,1
ababa,1
lanfranco,1
mostly,1
ancora,1
epiphenomena,1
o,1
flow,1
element,1
common,1
valle,1
fertile,1
meaning,1
cotto,1
altamira,1
names,1
akten,1
fase,1
war,1
morphology,1
reconsidered,1
episodes,1
ferdinand,1
jetons,1
semi,1
servir,1
mar,1
federation,1
myths,1
per,1
becoming,1
deepest,1
nubiana,1
elaborated,1
selam,1
identify,1
tend,1
reassessment,1
prime,1
ragionato,1
merged,1
sheffield,1
sets,1
sulle,1
peaks,1
completely,1
microliths,1
considerations,1
brandt,1
grasslands,1
implicato,1
robertshaw,1
raw,1
explanatory,1
hsi,1
laid,1
occurred,1
henzat,1
turtle,1
freeman,1
avanzini,1
viewpoints,1
southwards,1
altopiano,1
cutting,1
fluctuations,1
diffusion,1
lower,1
round,1
fabric,1
archaeologists,1
conti,1
lateral,1
reservoirs,1
pink,1
negash,1
derives,1
implications,1
gautier,1
military,1
bilancio,1
riflessioni,1
humans,1
rendusde,1
seems,1
rims,1
company,1
affinities,1
available,1
sup,1
fortes,1
daub,1
belong,1
myrrh,1
ofreligious,1
confusion,1
farmers,1
richards,1
narrative,1
documentazione,1
able,1
procedure,1
wealthy,1
feature,1
vegetation,1
consist,1
murray,1
oda,1
emphasized,1
greatly,1
precisely,1
concepts,1
debut,1
investigations,1
zula,1
studio,1
relations,1
ritrovamenti,1
buri,1
afforestation,1
echanges,1
digital,1
seminar,1
reduced,1
depends,1
case,1
sudarabici,1
invasions,1
uno,1
occasional,1
parzinger,1
ark,1
dr,1
ltd,1
resilience,1
plain,1
verlag,1
linear,1
derho,1
deforesta,1
eventual,1
anthropologists,1
formulation,1
introductory,1
obsidienne,1
histoire,1
beni,1
firm,1
agriculture,1
adwa,1
imately,1
intermediaries,1
appunti,1
buren,1
saroba,1
variability,1
approx,1
borderland,1
regioni,1
spink,1
epigraphy,1
solely,1
october,1
khashm,1
fine,1
vlnstitut,1
reconsidering,1
thrones,1
except,1
reflecting,1
consequent,1
etiopica,1
inhumed,1
tlement,1
overlooking,1
dynamic,1
bottom,1
decreasing,1
etiopiche,1
edda,1
bibliotheca,1
fragment,1
cere,1
warfare,1
forme,1
mite,1
maisonneuve,1
tessons,1
empires,1
controlled,1
exposed,1
succeed,1
september,1
savanna,1
million,1
thus,1
centralized,1
includes,1
partire,1
uindustrie,1
ptolemaic,1
chiefs,1
sabir,1
mekelle,1
classifi,1
longhorn,1
vorchristlischen,1
sation,1
meroitica,1
resins,1
rhinoceros,1
dei,1
rothman,1
interest,1
luogo,1
giardini,1
acta,1
barnett,1
uniformity,1
culminato,1
assessment,1
weakened,1
sinclair,1
topic,1
butzer,1
extensively,1
kind,1
nities,1
maintaining,1
items,1
old,1
hemispherical,1
document,1
calegari,1
vom,1
italiano,1
nubica,1
complessa,1
panafricain,1
nouveaux,1
niscent,1
houses,1
generated,1
liverani,1
served,1
suitable,1
dates,1
cohen,1
slab,1
dethistoire,1
blue,1
seal,1
island,1
look,1
practically,1
hominids,1
tana,1
sabea,1
regno,1
boxes,1
rosso,1
confluence,1
capitals,1
schematiche,1
walls,1
jean,1
distribution,1
pietra,1
definitively,1
mouton,1
ullendorff,1
grat,1
colin,1
flake,1
tigrino,1
bull,1
abbate,1
etudes,1
uni,1
homo,1
evoking,1
absent,1
developed,1
akele,1
napoli,1
debated,1
skalnik,1
peacock,1
square,1
peninsula,1
cibles,1
rescue,1
flexible,1
transitional,1
tsion,1
cru,1
direct,1
zanichelli,1
scrub,1
stein,1
offering,1
white,1
discoveries,1
space,1
firmer,1
precious,1
chippindale,1
zecca,1
recherches,1
gemu,1
giuseppe,1
developpement,1
funeral,1
cause,1
foothills,1
plough,1
conflu,1
emersi,1
organized,1
cess,1
yellow,1
finne,1
clearly,1
cowries,1
section,1
buia,1
impact,1
articulated,1
alagi,1
grimal,1
epoca,1
preaksumita,1
abyssine,1
reviewed,1
reasonably,1
solid,1
show,1
milan,1
pud,1
exploited,1
lithic,1
remi,1
powerful,1
edinburgh,1
actes,1
mandhar,1
generally,1
chelod,1
terminology,1
monial,1
plenum,1
explain,1
provisional,1
antecedents,1
strategy,1
mer,1
management,1
cut,1
appear,1
satisfy,1
hot,1
conflicts,1
charcoal,1
conquest,1
descriptive,1
ranges,1
tinuity,1
avant,1
maggiore,1
anthropogenic,1
whom,1
merging,1
aftermath,1
arrival,1
contributo,1
mokhtar,1
appearance,1
giglio,1
difficulty,1
erosion,1
chipped,1
riassunto,1
typical,1
beyin,1
mapping,1
sono,1
maryam,1
effort,1
hippopotamus,1
changed,1
sedentary,1
rooms,1
rudolf,1
domenico,1
gressively,1
indigene,1
luxury,1
viking,1
amer,1
italiana,1
syrian,1
oggetti,1
deiroceano,1
initial,1
base,1
longitude,1
im,1
inter,1
term,1
apercus,1
academic,1
ceramica,1
handbook,1
akademie,1
sword,1
sulv,1
sulla,1
standardized,1
pointing,1
aromatic,1
nobles,1
focused,1
buried,1
laga,1
mcanany,1
place,1
anderson,1
sphinxes,1
keywords,1
umbruch,1
province,1
sul,1
iconographical,1
soprattutto,1
cannot,1
tornay,1
mehari,1
exhaustion,1
grounds,1
contiguous,1
safe,1
ethiopianists,1
levant,1
sacrifice,1
versitario,1
shape,1
nichols,1
directly,1
flannery,1
kg,1
groupe,1
distinguish,1
corno,1
blade,1
gatherers,1
inferred,1
received,1
bernbeck,1
statehood,1
start,1
rc,1
meroe,1
occupants,1
stato,1
london,1
socieities,1
civilisation,1
nella,1
reduction,1
symbolism,1
studia,1
internationalen,1
sudarabiques,1
supreme,1
theriomorphic,1
description,1
though,1
woodland,1
dynasties,1
python,1
overview,1
gave,1
tale,1
describe,1
fit,1
consistently,1
fail,1
issues,1
geografica,1
queens,1
climatic,1
records,1
actually,1
structures,1
winter,1
demon,1
sherratt,1
campagne,1
consistent,1
away,1
reflect,1
schwartz,1
systematic,1
fieldwork,1
project,1
stanford,1
interpreted,1
status,1
queste,1
elephant,1
statistique,1
own,1
ethnicity,1
meroitic,1
cowgil,1
alcune,1
towards,1
temenay,1
preceded,1
gateway,1
good,1
berbere,1
computer,1
punctuated,1
correct,1
antica,1
working,1
monumenti,1
simpler,1
qohaito,1
tested,1
grass,1
hejja,1
poligrafico,1
lungo,1
encompasses,1
graveyards,1
affluent,1
contingency,1
choose,1
finman,1
components,1
presence,1
metiers,1
fire,1
climate,1
sobea,1
tens,1
stratigraphy,1
annual,1
visible,1
descendants,1
progress,1
st,1
moist,1
hayden,1
paid,1
und,1
annali,1
anatomy,1
appropriate,1
provided,1
settle,1
questioning,1
massive,1
avoid,1
facies,1
ruines,1
barbara,1
chronological,1
llc,1
node,1
rift,1
led,1
san,1
complesse,1
approximate,1
investigating,1
lubbel,1
milano,1
footwashing,1
absence,1
neer,1
commu,1
famines,1
tively,1
alia,1
preliminaire,1
dostal,1
comparative,1
archy,1
limited,1
royales,1
archeologiche,1
etc,1
shigeta,1
jaefger,1
civili,1
intervention,1
indicates,1
outer,1
movement,1
religious,1
relationship,1
dal,1
applications,1
pastures,1
vallee,1
once,1
pharaonic,1
gmbh,1
yet,1
reference,1
outlining,1
felix,1
examined,1
complication,1
marginal,1
kluwer,1
mission,1
hier,1
indirettamente,1
mobile,1
god,1
challenged,1
ne,1
latitude,1
us,1
repertorio,1
temperate,1
specimens,1
necropoli,1
homogeneous,1
perspectives,1
complete,1
orations,1
coarsely,1
apres,1
sharply,1
passionately,1
tarcheologie,1
wright,1
narratives,1
essai,1
edizioni,1
confirmed,1
stellation,1
paleochannels,1
prehistoire,1
increasingly,1
williams,1
rome,1
maintained,1
picture,1
fabbro,1
fisiche,1
souville,1
vogt,1
kulturen,1
nazionale,1
book,1
temporarily,1
technique,1
locust,1
scambi,1
anqqer,1
hearths,1
printing,1
experienced,1
miquel,1
lanham,1
aden,1
civico,1
factual,1
areas,1
occupations,1
amba,1
umer,1
paleochannel,1
zentralasiatischer,1
documents,1
abstract,1
archaeopress,1
naturale,1
gums,1
richer,1
farming,1
how,1
quelques,1
marrassini,1
donadoni,1
figurines,1
substantially,1
constructionist,1
superstructure,1
external,1
ceedings,1
materielle,1
emba,1
segmentary,1
forms,1
papers,1
conclusions,1
preliminare,1
monographs,1
ground,1
archaeologies,1
operating,1
academie,1
museo,1
anciens,1
empire,1
relevant,1
paleoethnobotanical,1
notch,1
hides,1
exotic,1
focusing,1
deep,1
decorations,1
periodes,1
roha,1
books,1
distance,1
widespread,1
carinated,1
indiano,1
elevation,1
italiane,1
break,1
calculation,1
original,1
larose,1
understanding,1
technologies,1
arch,1
carneiro,1
antelope,1
tihama,1
vivian,1
coherent,1
disease,1
birth,1
comprise,1
discovery,1
zoli,1
range,1
cult,1
lake,1
including,1
oromo,1
eichmann,1
sixth,1
depended,1
shokado,1
hara,1
isituto,1
medium,1
identity,1
dipartimento,1
earring,1
mutamenti,1
paleontologia,1
hypotheses,1
popolazioni,1
sassanian,1
moulded,1
band,1
shea,1
verso,1
shorthorn,1
vhistoire,1
protohistorique,1
poterie,1
struction,1
deforestation,1
complicated,1
supine,1
described,1
nerability,1
cultura,1
triulzi,1
low,1
open,1
significance,1
crises,1
clear,1
vepoque,1
nagast,1
yemeni,1
legitimacy,1
stress,1
incisions,1
express,1
internazionale,1
andelkovic,1
rains,1
interpret,1
tokens,1
crisis,1
rouge,1
divisions,1
started,1
hinne,1
summer,1
complessita,1
mariyam,1
tribal,1
features,1
played,1
distinction,1
dry,1
stages,1
lie,1
systeme,1
filled,1
beja,1
interacted,1
hommages,1
gondar,1
abundant,1
provides,1
segment,1
inscribed,1
artificial,1
oxbow,1
origine,1
levallois,1
graves,1
stahl,1
maxim,1
internal,1
date,1
mining,1
exported,1
successors,1
ornaments,1
interpretations,1
rusconi,1
dahlak,1
nei,1
etiopici,1
warthog,1
insitute,1
diamond,1
mariam,1
james,1
hunters,1
congres,1
bresciani,1
millenaires,1
italy,1
herringbone,1
universita,1
geography,1
destruction,1
famine,1
joussaume,1
kobishchanov,1
adaptive,1
delimited,1
attention,1
esegesi,1
greek,1
modello,1
concluded,1
division,1
cereals,1
cervicek,1
ferences,1
ranging,1
factors,1
things,1
consists,1
recueil,1
fifty,1
paesi,1
yr,1
dramis,1
wenke,1
triangles,1
cation,1
imply,1
nyssen,1
ann,1
rapport,1
naturali,1
transformations,1
leclant,1
tentative,1
jahrtausend,1
lot,1
continued,1
science,1
sitario,1
figure,1
shoa,1
crucial,1
hommes,1
cappelli,1
dahlac,1
ideology,1
rough,1
hill,1
cnrs,1
wandel,1
buffa,1
dec,1
bags,1
dimensions,1
distinte,1
collections,1
yale,1
itself,1
landmarks,1
markers,1
tenta,1
suggestions,1
sequences,1
originated,1
recognize,1
shells,1
piazza,1
try,1
avaradrano,1
graphiques,1
linking,1
displaying,1
archeologie,1
life,1
settled,1
rore,1
exclude,1
existed,1
fall,1
lion,1
lineages,1
machado,1
localizzazione,1
reds,1
supporting,1
tembien,1
tigre,1
arts,1
quelle,1
anza,1
mediterraneo,1
forest,1
tribe,1
berakhi,1
baahti,1
profumi,1
anthropological,1
reddish,1
share,1
variable,1
eologie,1
practised,1
berger,1
then,1
editori,1
senior,1
archaeologia,1
acheulean,1
sloping,1
mentioned,1
colonists,1
changing,1
grand,1
must,1
mario,1
monasteries,1
haoulti,1
ever,1
reinforced,1
extension,1
kemp,1
grazing,1
aqiq,1
descritto,1
scraping,1
constructed,1
temporal,1
droughts,1
vethiopie,1
doi,1
text,1
westview,1
rete,1
taka,1
regenaration,1
emphasise,1
set,1
strap,1
stati,1
natural,1
collegate,1
principle,1
claessen,1
country,1
chapman,1
adoulis,1
india,1
global,1
seem,1
unknown,1
down,1
iuo,1
arte,1
michal,1
current,1
sellers,1
traiettorie,1
foundation,1
stretching,1
reale,1
hassan,1
capra,1
bretschneider,1
rely,1
everted,1
accademia,1
reflected,1
comb,1
examining,1
past,1
enlarged,1
gobedra,1
pour,1
hamlets,1
nuer,1
musee,1
better,1
evident,1
etiopico,1
phd,1
subterranean,1
maikdem,1
drop,1
heads,1
them,1
terms,1
nyangatom,1
ones,1
references,1
degradation,1
iconografica,1
sohne,1
agricultural,1
conclusion,1
map,1
mere,1
firmly,1
ersten,1
problem,1
shoshani,1
periphery,1
univer,1
pankhurst,1
sevice,1
migrations,1
villes,1
delle,1
gressive,1
terre,1
congresso,1
cunama,1
rispettivamente,1
blages,1
italian,1
bower,1
eritreo,1
rathbone,1
bodies,1
navigate,1
neck,1
determinato,1
ethiopiens,1
africaine,1
andrea,1
dams,1
roccati,1
confirm,1
publishers,1
giving,1
focal,1
techniques,1
durable,1
lies,1
step,1
pi,1
atti,1
plement,1
beldados,1
multistoried,1
grafiche,1
mukarib,1
alternating,1
copper,1
coltorti,1
habelt,1
using,1
deities,1
exploit,1
writing,1
coming,1
terminal,1
roulettes,1
unexplored,1
piu,1
materiali,1
kohler,1
wild,1
devoted,1
dello,1
models,1
spring,1
recording,1
invasion,1
covenant,1
ence,1
sedimentary,1
generate,1
initiated,1
advent,1
twentieth,1
kebir,1
zum,1
aware,1
mekele,1
essere,1
contributed,1
fauna,1
sceaux,1
davies,1
abu,1
nese,1
artefacts,1
regular,1
vitagliano,1
wp,1
colleagues,1
definitive,1
roughly,1
sides,1
blacks,1
evolutionism,1
vul,1
penetrated,1
assumed,1
posture,1
guiart,1
comptes,1
elites,1
hills,1
baria,1
krzyzanyak,1
sharing,1
x,1
texts,1
serrano,1
surveys,1
abandoned,1
traditional,1
forte,1
herders,1
organizational,1
berhanena,1
among,1
recent,1
dif,1
infancy,1
broader,1
enclave,1
condizioni,1
ca,1
pillars,1
customs,1
cahier,1
assem,1
