WORDCOUNTS,WEIGHT
the,1013
of,791
and,576
in,388
a,265
to,188
cahokia,172
pp,148
illinois,148
mississippian,141
as,121
at,118
from,106
j,100
for,97
were,97
american,96
have,95
by,93
archaeological,90
that,89
site,89
university,84
is,76
with,72
sites,71
been,67
on,66
mound,65
was,64
p,62
river,62
cultural,62
et,61
are,59
mississippi,58
r,58
this,57
an,54
late,53
d,53
system,48
social,48
m,47
c,46
w,45
st,45
l,44
emergent,42
bottom,40
centers,40
or,39
g,38
prehistoric,37
phase,36
many,36
these,36
period,35
it,34
some,34
urbana,34
also,33
archaeology,33
mounds,33
has,31
state,30
its,30
which,30
e,29
b,29
settlement,29
elite,29
among,29
such,28
s,28
milner,27
floodplain,27
valley,27
kelly,26
other,25
excavations,25
woodland,25
more,25
louis,24
be,24
along,23
their,23
missouri,23
occupation,23
survey,23
t,23
materials,23
not,23
central,22
located,22
range,22
often,22
over,22
center,21
had,21
well,21
southern,21
report,21
into,20
structures,20
new,20
mortuary,20
bottoms,20
research,19
one,18
may,18
most,18
part,18
region,18
probably,18
would,18
features,18
lake,18
large,17
there,17
population,17
especially,17
although,17
groups,16
they,16
creek,16
during,16
small,16
regional,16
areas,16
antiquity,16
through,16
area,16
much,16
north,16
complex,15
h,15
ceramics,15
presumably,15
k,15
found,15
near,15
buildings,15
few,15
but,15
ceramic,15
early,15
ca,15
settlements,14
fowler,14
stratum,14
distribution,14
societies,14
department,14
people,14
field,14
society,14
museum,14
two,14
time,14
including,14
structure,14
east,14
terms,14
middle,14
madison,14
between,14
within,13
than,13
pottery,13
several,13
south,13
stirling,13
about,13
project,13
assemblages,13
associated,13
include,13
remains,13
southeastern,13
long,12
i,12
sociopolitical,12
papers,12
eastern,12
outlying,12
relations,12
no,12
elsewhere,12
surface,12
highly,12
communities,12
patterns,12
model,12
mitigation,12
evidence,12
major,12
principal,11
cemeteries,11
nonlocal,11
certain,11
farmsteads,11
presented,11
lohmann,11
f,11
occupations,11
variation,11
pattern,11
united,11
objects,11
generally,11
occur,11
lower,10
nature,10
those,10
investigations,10
throughout,10
items,10
represented,10
resource,10
based,10
patrick,10
burial,10
mitchell,10
identified,10
community,10
number,10
historic,10
dominated,10
farmstead,10
anthropology,10
both,10
occasionally,10
varied,10
indicated,9
group,9
sand,9
moorehead,9
phases,9
specialization,9
n,9
prairie,9
histories,9
appears,9
used,9
components,9
when,9
only,9
projects,9
monks,9
where,9
material,9
mill,9
dispersed,9
paper,9
cultures,9
particular,9
local,9
maintained,9
typically,9
later,8
distributed,8
feature,8
ad,8
relationships,8
development,8
hoes,8
journal,8
organizationally,8
distant,8
mcelrath,8
locally,8
occupational,8
frequently,8
artifacts,8
work,8
contexts,8
positions,8
preliminary,8
periods,8
various,8
superordinate,8
once,8
members,8
considerable,8
adjacent,8
existing,8
polities,8
situated,8
use,8
co,8
high,8
segment,8
least,8
internal,8
collections,8
springfield,8
complexes,8
known,8
different,8
chicago,8
yield,8
size,8
level,8
years,8
states,8
vessel,8
common,7
greater,7
position,7
western,7
clair,7
upland,7
might,7
point,7
resources,7
conducted,7
york,7
main,7
organization,7
clearly,7
important,7
appear,7
affiliated,7
academic,7
excavated,7
portions,7
annual,7
populations,7
limited,7
perhaps,7
made,7
plant,7
systems,7
can,7
separate,7
kaskaskia,7
primarily,7
particularly,7
far,7
distinctive,7
phd,7
what,7
vessels,7
multiple,7
despite,7
differentiation,7
numerous,7
defined,7
close,7
final,6
separated,6
studies,6
practices,6
consistent,6
either,6
all,6
available,6
exotic,6
wittry,6
quantities,6
human,6
hierarchy,6
given,6
midcontinental,6
influence,6
rather,6
basic,6
subsistence,6
earlier,6
shell,6
means,6
changes,6
could,6
bluffs,6
configuration,6
recently,6
scale,6
public,6
randolph,6
aspects,6
basis,6
surrounding,6
boundaries,6
activities,6
economic,6
movement,6
settings,6
archaeologist,6
chronology,6
included,6
wisconsin,6
midwest,6
largely,6
rivers,6
explorations,6
three,6
latter,6
exchange,6
figures,6
chert,6
impressive,6
construction,6
ridges,6
differentiated,6
series,6
borrow,6
natural,6
current,6
domestic,6
information,6
nonelite,6
stylistic,5
village,5
needed,5
pian,5
modern,5
history,5
occurred,5
mississip,5
first,5
broadly,5
accompanied,5
great,5
basins,5
plains,5
porter,5
west,5
review,5
affiliation,5
relatively,5
fig,5
maize,5
poorly,5
alabama,5
missis,5
upper,5
lithic,5
followed,5
access,5
interpretations,5
further,5
neighboring,5
michigan,5
facilities,5
because,5
bottomland,5
away,5
archeologist,5
status,5
involved,5
around,5
provided,5
vicinity,5
perspectives,5
largest,5
reports,5
strata,5
power,5
lack,5
anthro,5
chiefdom,5
superimposed,5
distance,5
degree,5
own,5
previously,5
sequence,5
ties,5
individual,5
function,5
preservation,5
contact,5
intrasite,5
analysis,5
northern,5
occupied,5
relative,5
merrell,5
continued,5
george,5
any,5
characteristics,5
past,5
beginning,5
proceedings,5
territory,5
models,5
association,5
shift,5
summary,5
carbon,5
km,5
reflecting,5
holley,5
recent,5
meeting,5
environmental,4
uplands,4
dissolution,4
debris,4
elaborated,4
stone,4
tures,4
prentice,4
archaeologists,4
localities,4
archae,4
production,4
comparatively,4
paramount,4
differences,4
potentially,4
able,4
expansion,4
last,4
greatly,4
chiefdoms,4
surveys,4
con,4
occasional,4
mass,4
activity,4
world,4
cited,4
undoubtedly,4
controlled,4
differential,4
component,4
estimates,4
drainage,4
perspective,4
density,4
response,4
served,4
estimate,4
ridge,4
recognized,4
reflects,4
uni,4
developed,4
sizable,4
levels,4
process,4
similar,4
direct,4
parts,4
burials,4
support,4
intensive,4
numbers,4
fashioned,4
peabody,4
dc,4
closely,4
sippian,4
location,4
basin,4
struc,4
counties,4
wide,4
thebes,4
data,4
prominent,4
county,4
tributary,4
related,4
beads,4
artifact,4
interpreted,4
gap,4
interregional,4
regardless,4
galena,4
habitation,4
altered,4
smithsonian,4
peak,4
dohack,4
implications,4
scientific,4
interactions,4
array,4
floor,4
toward,4
others,4
water,4
bluff,4
featuring,4
functionally,4
v,4
intersite,4
less,4
remained,4
walthall,4
harvard,4
individuals,4
clear,4
grassy,4
peripheral,4
lakes,4
study,4
plate,4
white,4
equivalent,4
widely,4
who,4
sequences,4
unusual,4
dissertation,4
anthropological,4
contained,4
eventually,4
must,4
milwaukee,4
sufficient,4
wall,4
powell,4
pit,4
nearby,4
extent,4
umma,4
hundreds,4
pits,4
reported,4
transition,4
distinguishable,4
isolated,4
locations,4
national,4
integrated,4
land,4
effects,4
tributaries,4
increased,4
roughly,4
territories,4
building,4
tract,4
margins,3
transportation,3
significant,3
fertile,3
if,3
postmolds,3
populous,3
suggested,3
resulted,3
red,3
caches,3
systematically,3
units,3
easily,3
former,3
being,3
ramey,3
preceding,3
kilometers,3
rapid,3
cobb,3
dramatically,3
affinities,3
tradition,3
leading,3
together,3
resulting,3
faunal,3
somewhat,3
robert,3
iowa,3
posts,3
case,3
yazoo,3
existence,3
projectile,3
task,3
america,3
prior,3
soils,3
dioxide,3
occurring,3
collection,3
ranked,3
labor,3
contemporaneous,3
fissioning,3
clay,3
occurs,3
century,3
replaced,3
affairs,3
destroyed,3
columbia,3
dates,3
effective,3
even,3
apparently,3
general,3
ment,3
higher,3
ably,3
centered,3
district,3
how,3
radic,3
marcus,3
elaborate,3
periodic,3
facilitated,3
les,3
section,3
exploitation,3
excavation,3
sponemann,3
whereas,3
diachronic,3
raw,3
emerald,3
mcdonough,3
inter,3
culture,3
transactions,3
buried,3
tools,3
schneider,3
fish,3
record,3
drain,3
marsh,3
prompted,3
discussions,3
place,3
broad,3
monroe,3
distances,3
coupled,3
june,3
brought,3
facility,3
distinguished,3
alluvial,3
progress,3
notes,3
structured,3
habitats,3
ceremonial,3
architecture,3
woods,3
ware,3
precolumbian,3
restricted,3
ancient,3
al,3
noted,3
increasingly,3
williams,3
present,3
science,3
academy,3
longer,3
turner,3
diverse,3
nucleated,3
end,3
pennsylvania,3
discussed,3
depopulation,3
forms,3
dillinger,3
purposes,3
stylistically,3
assemblage,3
valleys,3
vast,3
institute,3
values,3
deposits,3
enormous,3
sixth,3
increase,3
food,3
dating,3
trade,3
open,3
significance,3
landscapes,3
pauketat,3
geographically,3
poraneous,3
distinction,3
graphic,3
become,3
narrow,3
political,3
figure,3
florescence,3
dimensions,3
indicate,3
lineages,3
composed,3
ing,3
types,3
considered,3
acquired,3
variable,3
horseshoe,3
prehistory,3
incised,3
incorporated,3
temporal,3
carbondale,3
organizational,3
here,3
sustained,3
alternative,3
control,3
each,3
setting,3
unknown,3
presence,3
post,3
encompassing,3
unlikely,3
agricultural,3
problem,3
consisting,3
utilitarian,3
periphery,3
suggests,3
urban,3
contain,3
city,3
press,3
com,3
duration,3
copper,3
palisade,3
integration,3
archaic,3
deer,3
supported,3
potential,3
ascendancy,3
consisted,3
little,3
interaction,3
abandoned,3
focus,3
establishment,3
built,3
pulcher,3
contem,3
difficult,2
contacts,2
now,2
interpre,2
horticultural,2
o,2
chronological,2
prefer,2
habitable,2
integrating,2
peiper,2
northernmost,2
culminated,2
emergence,2
floodwaters,2
mouth,2
linkages,2
formed,2
authority,2
nuts,2
park,2
tied,2
reasonably,2
emphasize,2
before,2
pots,2
finely,2
nineteenth,2
loyd,2
lacampagne,2
corresponding,2
my,2
limestone,2
fluctuations,2
accumulation,2
cast,2
else,2
sources,2
topographic,2
evolution,2
taken,2
motor,2
pretations,2
definition,2
archaeologically,2
rebuilt,2
disproportionate,2
multimound,2
reed,2
closer,2
hundred,2
floral,2
emphasized,2
marine,2
concepts,2
raised,2
wet,2
physical,2
twenhafel,2
regular,2
techniques,2
mills,2
insti,2
similarities,2
woodlands,2
issue,2
side,2
key,2
capacity,2
celts,2
primary,2
agriculture,2
vol,2
possible,2
marked,2
northeast,2
functions,2
since,2
uncertain,2
quantity,2
julien,2
undergone,2
denoting,2
localized,2
framework,2
regarding,2
centralized,2
includes,2
cabokia,2
immediate,2
dickson,2
resembling,2
unpublished,2
de,2
utilized,2
intact,2
comprised,2
distinct,2
elements,2
places,2
infrequently,2
spanned,2
suitable,2
bone,2
thin,2
networks,2
obscure,2
terrace,2
waterways,2
traditions,2
leadership,2
exploitive,2
confluence,2
added,2
without,2
identification,2
aimed,2
presum,2
influential,2
levee,2
mean,2
collec,2
importance,2
derived,2
winters,2
special,2
arbor,2
summarized,2
reinforce,2
plaza,2
reason,2
hematite,2
possibly,2
established,2
slsc,2
sphere,2
proposed,2
aly,2
argued,2
observations,2
age,2
commonly,2
jars,2
beyond,2
plates,2
pology,2
amount,2
korando,2
shifted,2
sweatlodges,2
flow,2
antecedents,2
management,2
view,2
trajectories,2
creeks,2
union,2
shortfalls,2
character,2
expressed,2
salvage,2
incomplete,2
lead,2
bearing,2
downstream,2
demise,2
called,2
typical,2
discrete,2
out,2
demands,2
relation,2
lunsford,2
fishing,2
zone,2
accommodations,2
featured,2
term,2
understood,2
hinterland,2
circular,2
indirect,2
viewed,2
residential,2
intensity,2
heavily,2
microdrills,2
experiment,2
inferred,2
scope,2
residents,2
tool,2
differ,2
characterization,2
appreciable,2
example,2
knowledge,2
reduction,2
symbolism,2
woofie,2
quasiautonomous,2
incremental,2
overview,2
consistently,2
northwest,2
obscured,2
records,2
augment,2
rise,2
cordmarked,2
memoirs,2
polity,2
redistribution,2
bodies,2
subtle,2
change,2
working,2
below,2
alterations,2
constituent,2
suggest,2
simpler,2
holes,2
quite,2
specifically,2
autonomy,2
soil,2
fire,2
carrier,2
yielded,2
core,2
reeves,2
fully,2
up,2
majority,2
productivity,2
value,2
assem,2
morphology,2
he,2
quarry,2
second,2
minor,2
saw,2
atypical,2
short,2
gradual,2
overall,2
comparative,2
unstable,2
exception,2
positioned,2
oneota,2
still,2
comments,2
builders,2
tends,2
structural,2
whelk,2
yet,2
interpretation,2
externally,2
examined,2
opportunities,2
unplowed,2
populated,2
us,2
favorable,2
irregularly,2
same,2
rectangular,2
formalized,2
archeology,2
indian,2
belonging,2
patterning,2
decomposition,2
picture,2
similarly,2
experienced,2
treatment,2
riverine,2
advantage,2
plan,2
larger,2
edwardsville,2
external,2
honor,2
anthropologist,2
enough,2
took,2
precinct,2
do,2
landscape,2
non,2
underscores,2
see,2
strategies,2
analyses,2
necessary,2
origin,2
paired,2
volatile,2
fieldwork,2
flint,2
thousands,2
understanding,2
dissimilar,2
examples,2
considering,2
accompanying,2
implicated,2
average,2
trajectory,2
formal,2
aztalan,2
expand,2
contract,2
numbered,2
traders,2
office,2
low,2
points,2
amounts,2
architectural,2
like,2
kane,2
collected,2
obtained,2
aligned,2
configurations,2
after,2
thomas,2
peebles,2
behind,2
mathews,2
salt,2
evolutionary,2
craft,2
respectively,2
ann,2
seeking,2
institution,2
destruction,2
ago,2
species,2
covered,2
dominate,2
topography,2
relationship,2
peers,2
note,2
provide,2
bulk,2
sometimes,2
testing,2
directions,2
deposit,2
jar,2
wilson,2
spanning,2
life,2
fall,2
amalgamation,2
populace,2
disk,2
aboriginal,2
strategically,2
exchanged,2
reddish,2
protracted,2
following,2
repaired,2
peoples,2
extensive,2
ever,2
fluctuating,2
constructed,2
trenches,2
funding,2
edelhardt,2
overexploitation,2
satellite,2
set,2
metropolitan,2
readily,2
specialized,2
demange,2
half,2
temper,2
allied,2
gregg,2
goods,2
plazas,2
cultivation,2
build,2
historical,2
differed,2
sprawling,2
subordinate,2
animal,2
according,2
economy,2
notable,2
investigation,2
spatial,2
selected,2
form,2
making,2
maintain,2
adaptation,2
while,2
emphasis,2
coordinate,2
burden,2
redundant,2
ohio,2
contemporaneity,2
variability,2
plans,2
lab,2
indians,2
terminal,2
tions,2
our,2
examinations,2
formation,2
cambridge,2
initiated,2
bbb,2
ancillary,2
alter,2
upon,2
consumption,2
socially,2
specialists,2
classification,2
ships,2
midcontinent,2
sherds,2
households,2
element,2
pologist,2
sciences,2
northwestern,2
immediately,2
subsidiary,2
indicating,2
termed,2
super,2
florence,1
paleoethnobotany,1
canoe,1
intimately,1
entities,1
possessed,1
currently,1
rate,1
done,1
characterized,1
lation,1
decomposable,1
terrain,1
microblades,1
oriented,1
limits,1
deter,1
calgary,1
estimated,1
representing,1
meaning,1
names,1
mchale,1
pittsburgh,1
stood,1
emerson,1
market,1
affected,1
extend,1
findings,1
busy,1
quent,1
alone,1
ultimate,1
considerably,1
introduction,1
pushed,1
juntunen,1
per,1
identifies,1
mesoamerica,1
measurable,1
residences,1
breakup,1
kinds,1
awed,1
ample,1
identify,1
tend,1
essays,1
prime,1
terminated,1
ma,1
rogers,1
true,1
sets,1
derivative,1
ways,1
strictly,1
completely,1
sunflower,1
acceptance,1
luhr,1
behavior,1
variants,1
planes,1
stretches,1
tells,1
exceptions,1
fashioning,1
bp,1
nominally,1
induced,1
territorial,1
claire,1
annals,1
properties,1
negative,1
experience,1
predominantly,1
said,1
florescent,1
anything,1
sterile,1
combination,1
explaining,1
destabilizing,1
failing,1
chacmool,1
revisited,1
pink,1
certainly,1
jackson,1
exca,1
progressed,1
fifteenth,1
interests,1
crews,1
guises,1
exaggerated,1
meters,1
concentrated,1
season,1
conflict,1
generated,1
utilization,1
actual,1
worked,1
seems,1
words,1
georgia,1
moundville,1
physiographic,1
amateurs,1
summation,1
interred,1
route,1
excavating,1
packed,1
homestead,1
belong,1
broken,1
shoulder,1
display,1
reasons,1
beloit,1
timing,1
approximating,1
rich,1
studied,1
farther,1
onto,1
composition,1
exalted,1
procedure,1
beds,1
locality,1
connection,1
functional,1
take,1
styles,1
alignment,1
subsequent,1
inland,1
southernmost,1
megascopic,1
strength,1
geneity,1
spoon,1
infinitely,1
sacred,1
dincauze,1
platforms,1
signs,1
aban,1
segregated,1
mapping,1
tiated,1
intersection,1
context,1
rethinking,1
traits,1
oily,1
nodes,1
synchronic,1
jq,1
subse,1
dr,1
plain,1
gaps,1
anthropologists,1
autonomous,1
ste,1
areally,1
modify,1
continuum,1
bones,1
panied,1
cated,1
hall,1
victims,1
approximations,1
tivity,1
account,1
placement,1
distributing,1
felt,1
sloughs,1
compelling,1
stance,1
sidered,1
ance,1
establishing,1
differen,1
greene,1
zooarchaeology,1
whatever,1
likely,1
doubtful,1
regards,1
corre,1
eliminated,1
exchanges,1
overlooking,1
dynamic,1
istics,1
cobbled,1
against,1
economies,1
formula,1
beneath,1
forged,1
warfare,1
inventory,1
evaluating,1
pursuing,1
valuables,1
soto,1
dalton,1
hudson,1
funded,1
exposed,1
charnel,1
exist,1
tribute,1
implements,1
interments,1
generalized,1
squash,1
collapse,1
southwestern,1
reused,1
nmnh,1
proceeded,1
estimating,1
spectrum,1
dynamics,1
explorers,1
longevity,1
surrounded,1
armelagos,1
precipitating,1
corner,1
millennium,1
forgotten,1
ethnohistorical,1
characteristic,1
juxtaposition,1
distri,1
portray,1
heterogeneity,1
petrographic,1
glacial,1
grouped,1
works,1
periodi,1
rooted,1
sample,1
interprets,1
karol,1
inhabited,1
coalescence,1
developments,1
self,1
varney,1
averaging,1
profound,1
defensive,1
mover,1
ha,1
channels,1
wares,1
graphically,1
started,1
egypt,1
twice,1
engineering,1
module,1
sequential,1
criterion,1
semantic,1
storage,1
application,1
spite,1
details,1
seeded,1
deeply,1
kentucky,1
adult,1
cooperative,1
tained,1
competitive,1
impressions,1
essen,1
tempering,1
incidental,1
walls,1
delineated,1
exten,1
lesser,1
mechanisms,1
excessively,1
steed,1
fort,1
vied,1
disposed,1
adequate,1
whose,1
pigments,1
precincts,1
personages,1
disassociated,1
his,1
drainages,1
promises,1
intraregional,1
impetus,1
across,1
generations,1
dry,1
influenced,1
joan,1
square,1
linearly,1
antagonistic,1
hie,1
centralization,1
presentation,1
flanks,1
filmed,1
highway,1
neatly,1
demonstration,1
approaches,1
cultigen,1
excavators,1
arrangements,1
outward,1
reworked,1
storms,1
lasted,1
ongoing,1
contributions,1
assuming,1
aquatic,1
lacking,1
gratefully,1
lobes,1
washausen,1
appropriateness,1
productive,1
clarification,1
evolu,1
space,1
serve,1
parentheses,1
acquisition,1
monumental,1
affect,1
ation,1
civilizations,1
cherts,1
ramp,1
retained,1
vations,1
schlemmer,1
aura,1
disequilibrium,1
proved,1
elevated,1
completion,1
squares,1
traces,1
house,1
sheer,1
northeastern,1
lapping,1
characterizations,1
surpassing,1
periodically,1
solid,1
benefited,1
situations,1
presumed,1
four,1
bridges,1
exploited,1
additional,1
demarcation,1
smudge,1
depart,1
follow,1
statement,1
temporaneous,1
bender,1
efficient,1
undertaken,1
evaluation,1
stark,1
ful,1
requires,1
problems,1
tribalization,1
flakes,1
imminent,1
hetero,1
shops,1
projected,1
symbolized,1
screened,1
decades,1
struever,1
ordinate,1
highest,1
nebraska,1
atlanta,1
contention,1
accom,1
wing,1
identifying,1
harbor,1
future,1
unorganized,1
appearance,1
holds,1
carrying,1
acknowledgments,1
traditionally,1
dair,1
treatments,1
effort,1
lived,1
changed,1
outcrops,1
destined,1
infrequent,1
leaders,1
centrally,1
bottommost,1
depletion,1
mcc,1
mobilization,1
diet,1
palo,1
possibility,1
initial,1
attenuated,1
base,1
mined,1
determann,1
big,1
circulation,1
aerial,1
bution,1
fans,1
midlands,1
traversed,1
handbook,1
ranking,1
hartley,1
third,1
precursor,1
trappings,1
versity,1
grit,1
mediated,1
dispersal,1
meet,1
fla,1
jefferson,1
inadequately,1
excellent,1
publications,1
otherwise,1
amenable,1
expedient,1
dwelling,1
absolute,1
exploration,1
rectilinear,1
sacrifice,1
plowzone,1
tially,1
huge,1
affair,1
criteria,1
silver,1
directly,1
having,1
participation,1
unequal,1
acidic,1
kits,1
permitted,1
received,1
unfettered,1
already,1
statehood,1
responding,1
start,1
goodman,1
claim,1
concept,1
occupants,1
tens,1
competing,1
predominately,1
proportions,1
apparent,1
calls,1
carrie,1
description,1
criticized,1
restructuring,1
revolving,1
intentionally,1
year,1
plow,1
fit,1
holliday,1
intermediate,1
refined,1
editorial,1
expansive,1
adap,1
inferences,1
collective,1
mcgimsey,1
imitations,1
streams,1
jo,1
formerly,1
birger,1
savannah,1
organiz,1
ontario,1
bareis,1
versus,1
intract,1
rituals,1
midwestern,1
call,1
transported,1
documented,1
outposts,1
somewhere,1
employed,1
compact,1
systematic,1
southerly,1
showing,1
horticulture,1
manage,1
gtnfvwvt,1
predictive,1
muller,1
alliance,1
assembly,1
connections,1
trends,1
attributed,1
severing,1
regions,1
foci,1
implementations,1
macomb,1
grain,1
unremarkable,1
rekas,1
good,1
sparsely,1
solution,1
construct,1
saline,1
woodhenge,1
indi,1
grafted,1
viable,1
corresponds,1
questionable,1
multiyear,1
next,1
politically,1
prohibits,1
order,1
contrast,1
interacting,1
weakness,1
presumptive,1
ological,1
allusions,1
divisive,1
underscore,1
cypress,1
driving,1
disposition,1
executed,1
significantly,1
tation,1
prestate,1
isotopes,1
eclipse,1
gene,1
decline,1
essentially,1
cramer,1
usual,1
diversified,1
yankeetown,1
differing,1
implausible,1
tended,1
esterlein,1
division,1
paste,1
visible,1
articulation,1
inability,1
purpose,1
maxwell,1
loci,1
describes,1
using,1
hanen,1
peculiar,1
environmentally,1
enormously,1
robinsons,1
lansing,1
newly,1
energetically,1
finds,1
heyday,1
inhabiting,1
moved,1
settle,1
rest,1
distin,1
labras,1
starchy,1
survived,1
underrep,1
nassaney,1
will,1
revolved,1
critical,1
usable,1
processual,1
led,1
underlies,1
situation,1
demand,1
comment,1
matter,1
variety,1
archaeo,1
cottage,1
chronometry,1
expanse,1
runoff,1
indicative,1
surprisingly,1
intrusions,1
analogue,1
intended,1
corporation,1
inclusive,1
merits,1
nearly,1
neverthe,1
primas,1
reorganization,1
object,1
driest,1
formative,1
insignia,1
above,1
harry,1
percolated,1
make,1
presently,1
expanded,1
orbit,1
drilled,1
unprecedented,1
initially,1
logical,1
seemingly,1
selection,1
southeast,1
declin,1
single,1
guebert,1
contributing,1
elaboration,1
marshes,1
makes,1
thought,1
manpower,1
mission,1
counterparts,1
sex,1
sociocultural,1
under,1
fifth,1
ne,1
genevieve,1
boundary,1
tually,1
specimens,1
clarified,1
schild,1
unwin,1
marshall,1
semisubterranean,1
kelley,1
initiation,1
light,1
quarries,1
assistance,1
shifting,1
performed,1
tionary,1
ethnographic,1
issues,1
um,1
ornamental,1
images,1
woodhenges,1
prin,1
iroquoian,1
astronomic,1
resented,1
devolution,1
esarey,1
enterprises,1
hallmark,1
skeletons,1
delineation,1
spatially,1
angel,1
alteration,1
street,1
fan,1
topographically,1
funerary,1
jeffrey,1
participated,1
technique,1
stream,1
undetermined,1
fragmentation,1
death,1
approaching,1
bald,1
backed,1
wetlands,1
addition,1
residence,1
generously,1
demographic,1
paratively,1
depopulated,1
gouges,1
incorporates,1
communal,1
normal,1
fact,1
bordering,1
encompassed,1
regents,1
consideration,1
fluence,1
occurrence,1
pressure,1
striking,1
minnesota,1
mien,1
predominated,1
lacks,1
grave,1
slicing,1
decreases,1
personal,1
john,1
ethno,1
figurines,1
distributions,1
prosaic,1
fragments,1
locales,1
formations,1
ground,1
corps,1
signifying,1
clusters,1
weighted,1
derivation,1
mammalian,1
developing,1
equate,1
seventeenth,1
arrays,1
logan,1
focusing,1
deep,1
tution,1
native,1
discard,1
exceeds,1
jj,1
proportionately,1
acquire,1
wood,1
encountered,1
regionally,1
descrip,1
bulletin,1
charleston,1
entity,1
another,1
original,1
ephemeral,1
murdock,1
hickory,1
orendorf,1
entirety,1
extended,1
discussion,1
averaged,1
rulers,1
coherent,1
disease,1
indiana,1
moulds,1
background,1
transporting,1
explanation,1
chiefly,1
sacrifices,1
disagree,1
chronologies,1
active,1
affinity,1
arose,1
homesteads,1
enhanced,1
territorially,1
progressively,1
unpredictable,1
kaskaskian,1
palisaded,1
concern,1
top,1
mitigating,1
lindeman,1
entirely,1
clouded,1
prevailed,1
persisted,1
virtually,1
robinson,1
prominently,1
questions,1
processes,1
trend,1
rare,1
discontinuity,1
engaged,1
unanimity,1
laboratory,1
radiocarbon,1
subsistance,1
chosen,1
sees,1
previous,1
knoebel,1
eleventh,1
complicated,1
variant,1
continuities,1
excava,1
arguably,1
versions,1
exceedingly,1
spondence,1
appraisal,1
discovered,1
loosely,1
maintenance,1
held,1
times,1
dwarfed,1
exquisite,1
reviewers,1
so,1
summer,1
tribal,1
cache,1
cally,1
played,1
farms,1
mines,1
drilling,1
stages,1
crafted,1
filled,1
shortly,1
proximity,1
anyone,1
domineering,1
canalization,1
adequately,1
oxbow,1
unambiguous,1
graves,1
facing,1
random,1
date,1
parallel,1
viewpoint,1
bordered,1
mammelles,1
ornaments,1
tiers,1
wise,1
shallow,1
charles,1
anderson,1
effect,1
influences,1
hierarchical,1
availability,1
remainder,1
confusing,1
primitive,1
ramifying,1
plexes,1
translate,1
guess,1
dominance,1
southwest,1
maximal,1
tendency,1
imperfectly,1
meagre,1
outright,1
centre,1
attention,1
unrelated,1
totaling,1
brown,1
concerted,1
decision,1
tennessee,1
discriminating,1
increasing,1
ranging,1
farm,1
dealing,1
european,1
frontier,1
loyola,1
depth,1
alpha,1
indication,1
stage,1
arriving,1
speculate,1
tests,1
archipelago,1
meander,1
stems,1
cance,1
mcoomoughlake,1
transformations,1
irregular,1
permeability,1
bureau,1
wisdom,1
pans,1
bars,1
vicissitudes,1
segments,1
bold,1
usually,1
hoijer,1
foreign,1
brewster,1
summerville,1
daviess,1
hargrave,1
opinion,1
hill,1
employment,1
prehistoryian,1
insufficient,1
signifi,1
sway,1
institutions,1
becomes,1
isotope,1
tial,1
army,1
health,1
cranium,1
seen,1
tive,1
detailed,1
bears,1
force,1
digital,1
effectively,1
lawrence,1
grinding,1
transformation,1
covering,1
length,1
nearing,1
figurine,1
why,1
inspired,1
responsible,1
lienesch,1
morvoeco,1
olszewski,1
conformed,1
interconnected,1
surprising,1
table,1
ology,1
coordination,1
extremely,1
fields,1
centuries,1
exists,1
elder,1
rim,1
interpretive,1
premier,1
sandy,1
rigorous,1
seat,1
earliest,1
stable,1
brackenridge,1
distributional,1
forests,1
stephen,1
cipal,1
fertility,1
produc,1
regularly,1
exercised,1
shadow,1
chiaha,1
rarely,1
ukma,1
apalachee,1
incongruities,1
suite,1
conclusion,1
depending,1
bauxite,1
complexity,1
changing,1
intensification,1
rivaled,1
proficient,1
hernando,1
adjoining,1
constituted,1
publi,1
intergroup,1
rival,1
membership,1
reconnaissance,1
narrowly,1
burned,1
lightweight,1
griffin,1
prob,1
text,1
phillips,1
command,1
addisonwesley,1
equation,1
doned,1
counselor,1
cauldron,1
rainfall,1
cleavage,1
reciprocal,1
deleted,1
expanding,1
hopewell,1
board,1
capital,1
did,1
best,1
pragmatic,1
down,1
tandem,1
bauman,1
guished,1
dated,1
then,1
emptying,1
speculation,1
landfill,1
fills,1
precarious,1
separating,1
factors,1
associations,1
buffered,1
tracts,1
enlarged,1
rural,1
just,1
conrad,1
living,1
type,1
advances,1
better,1
evident,1
segmented,1
believed,1
william,1
drop,1
virtual,1
explanations,1
literature,1
unique,1
cambered,1
stemming,1
references,1
degradation,1
plants,1
sociology,1
imposed,1
males,1
opportunistic,1
passed,1
platte,1
crest,1
sively,1
theory,1
influen,1
tightly,1
tending,1
densities,1
useful,1
correlates,1
differs,1
prestige,1
extract,1
secure,1
modities,1
produce,1
too,1
munson,1
ville,1
art,1
conference,1
researchers,1
outline,1
uncontrolled,1
circumstances,1
paradise,1
recognition,1
thereby,1
attached,1
affecting,1
extending,1
content,1
became,1
role,1
cations,1
waning,1
subject,1
ecology,1
simply,1
aptly,1
conventional,1
regularities,1
putnam,1
unit,1
commodities,1
transpor,1
programs,1
obtain,1
reconstruct,1
arguments,1
qualitative,1
phoenix,1
quantifiable,1
au,1
characterize,1
voyage,1
think,1
ization,1
yjf,1
contrasts,1
come,1
coles,1
undecorated,1
calving,1
elongated,1
spring,1
biotic,1
tinuities,1
rediscovery,1
wielded,1
decrease,1
twentieth,1
protohistoric,1
scalped,1
internally,1
sought,1
grant,1
publishing,1
baraga,1
reversed,1
brain,1
blage,1
fauna,1
need,1
appreciated,1
constriction,1
sacrificial,1
heartland,1
thoughtful,1
involving,1
attributes,1
clues,1
attempted,1
off,1
tobacco,1
daughter,1
measured,1
hoefft,1
willoughby,1
foraging,1
demo,1
treats,1
supplemented,1
vertebrate,1
enhancement,1
depopu,1
assumed,1
posture,1
clarify,1
interdisciplinary,1
mason,1
themselves,1
broadening,1
lily,1
vary,1
morse,1
individualistic,1
era,1
barometers,1
uncertainty,1
cahokian,1
views,1
deposition,1
divergent,1
earthworks,1
plenum,1
comparable,1
zones,1
uiuc,1
laborers,1
alberta,1
premature,1
scanty,1
showed,1
inventories,1
bundles,1
