WORDCOUNTS,WEIGHT
the,727
of,703
and,412
in,257
to,233
a,168
indus,168
copper,166
from,162
for,147
is,146
at,112
as,109
that,108
or,92
metal,87
are,82
be,74
on,72
j,68
objects,68
this,63
have,62
by,61
with,61
it,58
sites,55
these,54
types,53
not,49
been,48
harappa,45
tools,44
miller,43
were,43
production,42
other,41
harappan,40
all,38
may,36
also,36
archaeological,36
world,34
excavations,33
more,33
some,32
but,32
data,31
such,30
there,29
has,29
was,29
springer,29
possible,28
prehist,28
sources,27
an,27
site,27
material,27
found,26
used,26
south,26
published,26
tool,25
new,25
university,24
lead,24
forms,24
work,23
mineral,23
research,23
both,23
ore,22
smelting,22
would,22
analysis,22
technological,22
m,21
one,21
artifacts,21
only,21
style,21
can,21
source,20
p,20
no,20
two,20
samples,20
use,20
archaeology,20
h,19
than,19
civilization,19
distribution,19
evidence,19
areas,18
assemblage,18
we,18
minerals,18
over,18
rod,18
techniques,18
they,17
likely,17
alloying,17
isotope,17
metals,17
well,17
its,17
blade,17
majority,17
while,17
between,17
major,17
kenoyer,16
s,16
large,16
india,16
harp,16
which,16
bronze,16
early,16
through,16
c,16
materials,15
e,15
recovered,15
important,15
first,15
present,15
number,15
made,15
any,15
each,15
category,14
ornaments,14
different,14
results,14
typology,14
fig,13
how,13
r,13
during,13
alloys,13
time,13
three,13
individual,13
provide,13
hoffman,12
within,12
metallurgy,12
based,12
further,12
department,12
et,12
social,12
several,12
variety,12
pp,12
many,12
methods,12
particularly,12
very,12
press,12
specific,12
if,11
studies,11
excavation,11
into,11
might,11
nature,11
focus,11
tablets,11
g,11
appear,11
raw,11
ingots,11
related,11
small,11
will,11
about,11
patterns,11
casting,11
asian,11
type,11
include,11
much,11
does,10
tradition,10
lthl,10
hoards,10
those,10
system,10
due,10
relatively,10
traditions,10
study,10
n,10
scale,10
working,10
asia,10
al,10
regional,10
b,10
so,10
fabrication,10
information,10
categories,10
lia,10
being,9
either,9
available,9
isotopic,9
melting,9
even,9
similar,9
items,9
slags,9
mackay,9
aspects,9
mhjd,9
technology,9
srkt,9
do,9
discussion,9
agrawal,9
assemblages,9
stages,9
northern,9
heidi,9
baluchistan,8
functional,8
analyses,8
date,8
west,8
point,8
de,8
their,8
age,8
most,8
could,8
excavated,8
presence,8
various,8
object,8
ancient,8
discussed,8
fragments,8
v,8
trade,8
conclusions,8
note,8
pans,8
usually,8
dissertation,8
what,8
form,8
potential,8
complex,7
regarding,7
oman,7
rather,7
l,7
alloy,7
applied,7
bc,7
artifact,7
microfilms,7
above,7
single,7
metallurgical,7
mound,7
compositional,7
another,7
istituto,7
significant,7
period,7
jwp,7
especially,7
d,7
consumption,7
ann,7
phd,7
investigation,7
given,7
manufacturing,7
rajasthan,7
era,7
valley,7
northwestern,7
stone,6
specifically,6
case,6
primary,6
quantities,6
phase,6
development,6
interest,6
developed,6
changes,6
organization,6
dominate,6
had,6
result,6
appears,6
future,6
personal,6
regions,6
order,6
up,6
second,6
economic,6
overall,6
slag,6
choices,6
others,6
analytical,6
larger,6
pattern,6
perhaps,6
deposits,6
including,6
questions,6
processes,6
primarily,6
detailed,6
table,6
ingot,6
cities,6
finished,6
vessels,6
preserved,6
our,6
ores,6
need,6
smaller,6
later,5
represent,5
group,5
conducted,5
approaches,5
modern,5
contexts,5
great,5
typological,5
scheme,5
lothal,5
geologic,5
desired,5
split,5
central,5
includes,5
since,5
application,5
american,5
sample,5
distinct,5
geological,5
examined,5
recycling,5
generally,5
hoard,5
allow,5
access,5
initial,5
late,5
part,5
broad,5
scrap,5
t,5
few,5
critical,5
indicates,5
yet,5
reports,5
lack,5
existing,5
degree,5
examples,5
values,5
excavators,5
survey,5
high,5
preservation,5
seen,5
often,5
must,5
simply,5
sourcing,5
here,5
seem,5
better,5
them,5
particular,5
urban,5
models,5
metalsmiths,5
morphologically,5
remains,5
association,5
vessel,5
joshi,5
little,5
pakistan,5
final,4
o,4
indicated,4
groups,4
per,4
undertaken,4
editions,4
secondary,4
ganeshwar,4
producing,4
government,4
composition,4
styles,4
state,4
eastern,4
exist,4
lahiri,4
review,4
italiano,4
millennium,4
z,4
third,4
main,4
special,4
understand,4
reviewed,4
additional,4
ornament,4
chakrabarti,4
location,4
color,4
relating,4
seven,4
out,4
cultural,4
cannot,4
however,4
line,4
lai,4
stage,4
settlement,4
characteristics,4
lefevre,4
provided,4
preliminary,4
massive,4
f,4
noteworthy,4
contact,4
make,4
evenly,4
vs,4
restricted,4
us,4
processing,4
bangles,4
indian,4
noted,4
law,4
pointed,4
end,4
civilisations,4
heavily,4
native,4
original,4
vast,4
largely,4
numerous,4
actual,4
recovery,4
laboratory,4
previous,4
uruk,4
clear,4
dominated,4
general,4
procurement,4
european,4
jarrige,4
overlap,4
la,4
surprising,4
then,4
complexity,4
les,4
control,4
books,4
paper,4
international,4
did,4
dholavira,4
current,4
report,4
past,4
recherche,4
unlikely,4
typologies,4
chalcocite,4
produce,4
almost,4
researchers,4
rao,4
presented,4
city,4
role,4
vats,4
come,4
locations,4
morphological,4
typically,4
sur,4
classification,4
comparison,4
recent,4
difficult,3
bangle,3
done,3
common,3
determine,3
history,3
distributions,3
metallic,3
round,3
cast,3
sub,3
rare,3
verlagsbuchhandlung,3
containing,3
bead,3
traditionally,3
sheet,3
less,3
discuss,3
combination,3
say,3
far,3
along,3
difficulties,3
unpublished,3
characteristic,3
dozen,3
comprised,3
elements,3
old,3
oxford,3
find,3
drawn,3
poorly,3
opposed,3
poor,3
interesting,3
without,3
process,3
rome,3
drawings,3
kharakwal,3
ongoing,3
stein,3
vidale,3
means,3
possibly,3
clearly,3
just,3
k,3
house,3
solid,3
four,3
resource,3
comparisons,3
isotopes,3
decades,3
caches,3
uses,3
changed,3
chisels,3
aryan,3
produced,3
wealth,3
outlined,3
structure,3
possibility,3
because,3
shape,3
lechtman,3
proportions,3
q,3
place,3
people,3
surrounding,3
change,3
least,3
mesopotamia,3
below,3
shaping,3
contrast,3
involved,3
mixing,3
when,3
provenance,3
society,3
portion,3
therefore,3
partially,3
situation,3
absence,3
indicative,3
comparative,3
pigott,3
sana,3
interactions,3
interpretation,3
museum,3
chronology,3
complete,3
same,3
orientale,3
volume,3
rings,3
technique,3
addition,3
figurines,3
arthur,3
considered,3
where,3
unclear,3
see,3
necessary,3
project,3
remove,3
demonstrated,3
understanding,3
range,3
region,3
manufactured,3
sequence,3
himalayan,3
function,3
universitario,3
latter,3
inscribed,3
availability,3
connections,3
kalibangan,3
carried,3
smiths,3
arrow,3
team,3
plains,3
ash,3
besides,3
generalized,3
distinctive,3
proposed,3
hardness,3
whether,3
terms,3
making,3
malachite,3
apparently,3
publishers,3
probsthain,3
sheets,3
examinations,3
question,3
course,3
although,3
manufacture,3
defined,3
forming,3
area,3
perforated,3
extremely,3
interaction,3
fabricated,3
images,3
now,2
currently,2
way,2
imported,2
ready,2
affected,2
introduction,2
utility,2
contemporaneous,2
needed,2
screening,2
tend,2
spears,2
easily,2
ms,2
before,2
archaeologists,2
stressed,2
marco,2
every,2
dhoro,2
implements,2
posed,2
taken,2
fragmentary,2
seems,2
supplied,2
definition,2
shaped,2
interred,2
broadly,2
confusion,2
vitrified,2
able,2
farther,2
room,2
uncovered,2
take,2
subsequent,2
help,2
context,2
british,2
con,2
mass,2
incorporate,2
ornamentation,2
variations,2
household,2
totally,2
conclusively,2
collection,2
ambaji,2
ends,2
dynamics,2
molded,2
slagging,2
wiley,2
utensils,2
displays,2
yule,2
six,2
aravalli,2
compared,2
continuous,2
fourth,2
publications,2
helpful,2
grouped,2
journal,2
spite,2
regionalization,2
kept,2
via,2
essential,2
pigments,2
his,2
growth,2
absent,2
determining,2
certain,2
direct,2
factors,2
support,2
modified,2
affect,2
consider,2
flexibility,2
river,2
too,2
prevent,2
situations,2
fashioned,2
lithic,2
beyond,2
plates,2
patterning,2
lu,2
dominant,2
photos,2
hot,2
marshall,2
macroscopic,2
plot,2
typical,2
craftspeople,2
conspicuous,2
deal,2
issue,2
relate,2
discs,2
focused,2
earliest,2
michigan,2
reviews,2
recently,2
pins,2
excellent,2
rectilinear,2
tracking,2
having,2
updated,2
inferred,2
basis,2
apparent,2
indigenous,2
geology,2
obscured,2
issues,2
aravallis,2
inclusions,2
reflect,2
employed,2
preparation,2
interpreted,2
status,2
trends,2
weeks,2
oriental,2
ratios,2
cold,2
involve,2
trading,2
emerging,2
sufficient,2
knives,2
essentially,2
geologically,2
always,2
st,2
und,2
weigh,2
finds,2
chronological,2
proxy,2
summarize,2
lollingite,2
scientific,2
identified,2
surkotada,2
expansion,2
limited,2
brief,2
piggott,2
exception,2
ehrhardt,2
etc,2
presently,2
expanded,2
comments,2
southern,2
religious,2
niques,2
guide,2
makes,2
older,2
neither,2
specimens,2
expediency,2
singhana,2
culture,2
ethnographic,2
inferences,2
iranian,2
insights,2
illustrated,2
representation,2
ceramic,2
kutch,2
mark,2
again,2
decorative,2
added,2
lighter,2
fact,2
shows,2
idea,2
blocks,2
conference,2
forging,2
diameter,2
pennsylvania,2
adjacent,2
remarkable,2
increases,2
model,2
manner,2
council,2
containers,2
focusing,2
chalcolithic,2
breakdown,2
possehl,2
analyzed,2
zation,2
technologies,2
exhibit,2
investigated,2
randall,2
limitations,2
previously,2
similarity,2
aa,2
elite,2
expand,2
food,2
unfortunately,2
hypotheses,2
manoharlal,2
refers,2
exhibited,2
engaged,2
bivariate,2
munshiram,2
described,2
historic,2
remaining,2
modem,2
comprehensive,2
publication,2
obtaining,2
points,2
amounts,2
co,2
indicate,2
crucibles,2
like,2
waziristan,2
spread,2
steinberg,2
obtained,2
isotopically,2
practiced,2
proximity,2
provides,2
exchange,2
systems,2
qualities,2
elaborate,2
mining,2
craft,2
interpretations,2
pro,2
examine,2
deliberate,2
effect,2
artisans,2
widely,2
separate,2
applications,2
abundance,2
publishing,2
tentative,2
school,2
mixture,2
figure,2
five,2
program,2
tech,2
tin,2
deposit,2
taddei,2
dead,2
mounds,2
heather,2
photographs,2
ghola,2
detail,2
impurities,2
mainly,2
following,2
summary,2
reviewing,2
peoples,2
arsenical,2
precise,2
set,2
mille,2
cm,2
sizes,2
exploration,2
best,2
molten,2
proportional,2
obviously,2
alloyed,2
iron,2
u,2
works,2
public,2
animal,2
combined,2
spatial,2
references,2
hoped,2
contrasting,2
problem,2
fully,2
institute,2
photo,2
contain,2
cluster,2
outline,2
met,2
corrosion,2
perspective,2
com,2
programs,2
using,2
allows,2
definitions,2
kiln,2
categorization,2
formation,2
referenced,2
hordes,2
conditions,2
positional,2
parallels,2
approximately,2
dense,2
cognitive,2
product,2
cation,2
integration,2
definitive,2
develop,2
immediately,2
strong,2
comparable,2
north,2
ments,1
margins,1
helmand,1
mostly,1
provisioning,1
silica,1
accomplish,1
spacer,1
evaluations,1
chem,1
gujarat,1
orna,1
harden,1
substances,1
meaning,1
extrapolating,1
altamira,1
ferent,1
problematique,1
faced,1
correlations,1
vit,1
morphology,1
universite,1
northeastern,1
extreme,1
repre,1
ille,1
intriguing,1
sewn,1
implies,1
alone,1
adoption,1
eliminated,1
considerably,1
pradesh,1
distributed,1
debris,1
hakemi,1
center,1
trench,1
settlements,1
pendants,1
burton,1
replaced,1
mhjo,1
identify,1
essays,1
designed,1
usefully,1
huron,1
constitutes,1
sets,1
summaries,1
ways,1
strictly,1
metalogenic,1
han,1
prehminary,1
dressing,1
weaker,1
decade,1
comittee,1
ionization,1
western,1
committee,1
afghanistan,1
unlike,1
total,1
modifi,1
stretches,1
ophiolite,1
fragile,1
exceptions,1
interpretative,1
skewed,1
lenses,1
diversity,1
du,1
urnfield,1
meiggs,1
test,1
diffusion,1
lower,1
consistent,1
anything,1
repousse,1
explaining,1
unearthed,1
istry,1
submitted,1
hence,1
invention,1
confident,1
certainly,1
archae,1
delin,1
exclusive,1
wax,1
neolithic,1
ii,1
repertoire,1
evolution,1
give,1
colors,1
view,1
assign,1
dition,1
address,1
bharatiya,1
undesired,1
assist,1
utilization,1
shari,1
analogies,1
altering,1
furnace,1
possibilities,1
principles,1
oval,1
contextual,1
cosmetics,1
skills,1
broken,1
together,1
ben,1
follows,1
onto,1
procedure,1
products,1
i,1
feature,1
consist,1
trouble,1
greatly,1
tap,1
hils,1
classified,1
restudy,1
political,1
investigations,1
attempted,1
rethinking,1
digital,1
similarities,1
nicate,1
woodlands,1
slagged,1
preventing,1
depending,1
fused,1
existence,1
effort,1
recorded,1
persian,1
task,1
draws,1
firm,1
america,1
aurel,1
korisettar,1
retain,1
fractionation,1
figs,1
felt,1
prior,1
bolan,1
marked,1
condition,1
tracing,1
burning,1
establishing,1
asfcot,1
sumption,1
solely,1
functions,1
alter,1
october,1
taxation,1
richard,1
adaptability,1
rissman,1
except,1
regards,1
x,1
establishment,1
resources,1
uncertain,1
quantity,1
yao,1
redefining,1
compares,1
mountains,1
correlation,1
ritual,1
drawbacks,1
memoire,1
plenty,1
fragment,1
gujarati,1
tional,1
reliably,1
controlled,1
facets,1
wherever,1
usage,1
walnut,1
relies,1
human,1
coils,1
goal,1
chargaon,1
centralized,1
historical,1
accessible,1
throughout,1
royal,1
differential,1
sumer,1
relationships,1
southwestern,1
blades,1
explained,1
ravenna,1
component,1
run,1
visualized,1
illustrates,1
against,1
hanks,1
pursuit,1
categorized,1
tables,1
hierarchy,1
rothman,1
equivalents,1
domain,1
ease,1
mehrgarh,1
mixed,1
relations,1
geochemistry,1
santa,1
hooks,1
metalwork,1
drawback,1
fabrics,1
unrevised,1
expected,1
pyrotech,1
parpola,1
dis,1
turn,1
cases,1
resting,1
clay,1
nor,1
destroyed,1
depend,1
amount,1
contrary,1
modifying,1
encompass,1
emphases,1
honour,1
left,1
mechanical,1
compare,1
unequivocally,1
storage,1
explore,1
archaeologist,1
unresolved,1
communication,1
hodder,1
poured,1
pos,1
border,1
diag,1
isw,1
descriptive,1
delivered,1
catalogues,1
enrich,1
sspear,1
walls,1
archaeometallurgy,1
industries,1
alabama,1
affiliations,1
baluchi,1
coil,1
operation,1
mea,1
rified,1
recognized,1
town,1
umi,1
plotted,1
changing,1
hopes,1
exact,1
statements,1
tt,1
daro,1
across,1
centered,1
proceedings,1
sort,1
levels,1
tamian,1
dow,1
mean,1
pb,1
active,1
adopted,1
slipped,1
proportion,1
flexible,1
observatory,1
shang,1
brett,1
rods,1
contributions,1
assuming,1
symbols,1
consuming,1
prakashan,1
uttaranchal,1
concavity,1
miscellaneous,1
shell,1
firing,1
reason,1
acquisition,1
occu,1
plus,1
adopt,1
hematite,1
mery,1
thornton,1
carve,1
geosciences,1
familiar,1
nadiem,1
baroda,1
slowly,1
emergence,1
shin,1
section,1
director,1
days,1
numbers,1
facturing,1
argued,1
w,1
ginal,1
influ,1
show,1
allurgy,1
breakdowns,1
surface,1
follow,1
boring,1
sewell,1
comprising,1
stark,1
nausharo,1
intentional,1
hereafter,1
reconsideration,1
harappazeitliche,1
erroneous,1
syntheses,1
provisional,1
opinion,1
export,1
uncritically,1
sultanate,1
preference,1
smghana,1
cut,1
molds,1
plaine,1
nb,1
greater,1
avant,1
standards,1
closely,1
ullah,1
prehistoric,1
came,1
acting,1
suomalainen,1
complications,1
chris,1
avenue,1
tra,1
societies,1
formulations,1
harder,1
encoding,1
weapons,1
rule,1
begun,1
chipped,1
strength,1
critically,1
acteristics,1
discrete,1
yunnan,1
sentative,1
centers,1
underneath,1
format,1
shared,1
fishing,1
pass,1
intermediary,1
requirements,1
teristics,1
workable,1
percentages,1
brill,1
aambaji,1
base,1
representative,1
inter,1
markets,1
term,1
pure,1
correction,1
occupation,1
standardized,1
pointing,1
equal,1
buried,1
metalworking,1
keywords,1
burial,1
settar,1
viewed,1
aschenbrenner,1
fulfill,1
analogous,1
vindus,1
razors,1
expedient,1
merrill,1
required,1
doner,1
levant,1
wide,1
method,1
graciously,1
chagai,1
schema,1
near,1
briefly,1
silver,1
technical,1
discovered,1
char,1
phrygia,1
none,1
bisht,1
distinguish,1
literature,1
formerly,1
douglas,1
residents,1
lithosphere,1
los,1
comprises,1
competent,1
concept,1
significantly,1
brought,1
characterization,1
appreciable,1
civilisation,1
example,1
reserve,1
knowledge,1
calls,1
henderson,1
proquest,1
revealed,1
thoughts,1
mohenjodaro,1
transportable,1
year,1
overview,1
citation,1
database,1
discussions,1
refined,1
editorial,1
bayley,1
contains,1
beginnings,1
records,1
contextualizing,1
beads,1
ontario,1
isocrestic,1
floors,1
haven,1
systematic,1
achieving,1
manu,1
lyzed,1
spectrometer,1
conform,1
own,1
mississauga,1
presentations,1
chemistry,1
towards,1
approach,1
manipulation,1
aided,1
concentrates,1
good,1
responses,1
sharma,1
field,1
wi,1
tested,1
resolving,1
prevalence,1
homogenous,1
emphasizes,1
quite,1
long,1
nielsen,1
floodplain,1
crescent,1
ignore,1
smithsonian,1
highly,1
hafting,1
components,1
unalloyed,1
refinement,1
attached,1
alluvial,1
usual,1
cl,1
boundaries,1
differing,1
tended,1
core,1
annual,1
inability,1
finishing,1
resistance,1
aids,1
value,1
newly,1
passive,1
triangular,1
rest,1
activities,1
promising,1
unidentifiable,1
chaine,1
nichoria,1
petroleum,1
periods,1
intricacy,1
inspection,1
bhan,1
llc,1
tasks,1
ana,1
interna,1
demand,1
configuring,1
thanks,1
commu,1
variability,1
logistical,1
chase,1
pilgrimage,1
separation,1
indeed,1
toots,1
harappaa,1
passively,1
appreciate,1
coleman,1
appearance,1
sante,1
still,1
ofuomal,1
accumulations,1
curement,1
adjusting,1
direction,1
bronzes,1
answering,1
corpus,1
hegmon,1
undergo,1
metric,1
sulphide,1
accumulate,1
asiatic,1
relied,1
reference,1
prof,1
suited,1
cor,1
thought,1
alongside,1
acknowledgments,1
soon,1
array,1
fifth,1
inspiration,1
schmuckformen,1
parsimonious,1
beams,1
participants,1
included,1
breakage,1
homogeneous,1
distinguishable,1
light,1
shadad,1
barrel,1
refine,1
formalized,1
ateliers,1
partly,1
robust,1
cooke,1
harappans,1
wisconsin,1
scraps,1
stantiated,1
begins,1
gujurat,1
opment,1
misc,1
avoided,1
independent,1
picture,1
fill,1
baluch,1
recycled,1
nostic,1
museums,1
french,1
mineralogical,1
paul,1
barbed,1
fin,1
renewed,1
locating,1
europe,1
procured,1
put,1
rel,1
rock,1
smith,1
interdisciplinary,1
substantiated,1
hollow,1
treatment,1
overwhelming,1
abilities,1
meadow,1
minnesota,1
advantage,1
match,1
abstract,1
boots,1
choice,1
daily,1
break,1
diverse,1
surfaces,1
overwhelmingly,1
contemporary,1
substantially,1
variation,1
arsenic,1
mold,1
considerable,1
functionally,1
seldom,1
prills,1
reasons,1
never,1
ages,1
readers,1
charac,1
took,1
likelihood,1
paris,1
crosscut,1
topped,1
innovative,1
understudied,1
purposes,1
amabaji,1
validity,1
accepted,1
non,1
axes,1
answer,1
until,1
dea,1
decorations,1
simplicity,1
frequency,1
corroded,1
stylistically,1
shahi,1
gives,1
shifts,1
argument,1
remarkably,1
day,1
tndus,1
sir,1
local,1
recognizing,1
private,1
mukasa,1
greatest,1
ignored,1
simple,1
mounded,1
considering,1
background,1
restrictions,1
cambridge,1
comprise,1
explanation,1
chronologies,1
refining,1
sides,1
trajectory,1
bugliarello,1
arose,1
neigh,1
manifestations,1
recover,1
varying,1
rec,1
traded,1
additions,1
emphasize,1
factor,1
haquet,1
jar,1
singfnma,1
continue,1
examination,1
radiocarbon,1
chosen,1
full,1
samuel,1
synthetic,1
dating,1
involves,1
low,1
open,1
midto,1
reality,1
directed,1
srinivasan,1
urbanism,1
workers,1
symposium,1
david,1
supplying,1
tump,1
glassy,1
tribal,1
played,1
static,1
alliferous,1
wtairiaaft,1
earlier,1
volumes,1
standard,1
procuring,1
gullapalli,1
strongly,1
mohenjo,1
comparing,1
problems,1
neblithique,1
lacking,1
confidently,1
askot,1
describing,1
categorize,1
organizers,1
ophiolitic,1
james,1
ethnographically,1
probably,1
preand,1
analyze,1
slightly,1
greece,1
differ,1
southwest,1
equivalent,1
workshop,1
figures,1
institution,1
millehaire,1
pottery,1
anatolia,1
modifications,1
propose,1
mil,1
chert,1
decay,1
adzes,1
division,1
cuprous,1
motif,1
cake,1
overlapping,1
genesis,1
space,1
suggestion,1
porated,1
iran,1
penguin,1
relationship,1
pres,1
initials,1
lot,1
fairly,1
science,1
segments,1
popularity,1
merill,1
wazirtstm,1
lennium,1
cinnabar,1
testing,1
ministry,1
suggestive,1
cobbing,1
unchanging,1
begin,1
inside,1
alternate,1
parent,1
lines,1
thermal,1
hel,1
widespread,1
bivalve,1
investigators,1
exceptional,1
dimensions,1
lost,1
publi,1
directions,1
nologies,1
succeeding,1
orpiment,1
millennia,1
localization,1
contribution,1
relevant,1
transformation,1
nological,1
deals,1
covering,1
spanning,1
why,1
dans,1
continually,1
diagnostic,1
fall,1
ology,1
centres,1
eated,1
metrical,1
exists,1
diji,1
black,1
obstacle,1
face,1
canada,1
problematic,1
interpretive,1
attachment,1
stable,1
around,1
metallurgie,1
addressed,1
differentiated,1
remelting,1
anthropological,1
meant,1
graphs,1
seriously,1
metallogra,1
associated,1
blackman,1
shaffer,1
categorizations,1
hanging,1
conclusion,1
exemplified,1
dishes,1
homart,1
preclude,1
tang,1
charqaoo,1
measurements,1
manual,1
demonstrate,1
jodhpura,1
extensive,1
hypothesized,1
fuel,1
soil,1
thorium,1
known,1
optimistically,1
vince,1
mesopo,1
physical,1
masses,1
shapes,1
corrections,1
himachal,1
doi,1
text,1
funding,1
meat,1
phillips,1
alternative,1
der,1
carded,1
lescuyer,1
mirrors,1
sibly,1
headed,1
natural,1
tj,1
colonization,1
metallgefabe,1
readily,1
anthropology,1
gale,1
melt,1
cultures,1
organized,1
extraction,1
contained,1
connection,1
sampling,1
unknown,1
down,1
argue,1
half,1
regard,1
scenario,1
eventually,1
foundation,1
fabri,1
exhibits,1
circlets,1
atively,1
privileged,1
benefit,1
encouraging,1
bottoms,1
utilized,1
evident,1
bubbles,1
beginning,1
ervation,1
according,1
fuller,1
notable,1
radiogenic,1
carefully,1
seals,1
unique,1
selected,1
list,1
chro,1
supports,1
clothing,1
chanhu,1
validate,1
san,1
map,1
signature,1
dickin,1
scav,1
incor,1
design,1
virtuosity,1
koskikallio,1
weights,1
studying,1
require,1
secure,1
installations,1
ori,1
istope,1
emphasis,1
virginia,1
incorporated,1
port,1
art,1
dk,1
kishore,1
paintings,1
intention,1
whence,1
umbrella,1
pation,1
relation,1
careful,1
wedge,1
multiple,1
furniture,1
conclude,1
uniform,1
despite,1
practices,1
rd,1
courses,1
confirm,1
procure,1
devel,1
november,1
cations,1
intended,1
egyptian,1
step,1
assumptions,1
rigid,1
generals,1
summarizes,1
divided,1
colonial,1
hacmebi,1
challenges,1
twin,1
au,1
oceanic,1
think,1
esting,1
inlay,1
diagram,1
shown,1
tell,1
bodes,1
tafelchen,1
lists,1
difference,1
ence,1
vitrification,1
illustrations,1
wis,1
illinois,1
protohistoric,1
aware,1
actively,1
suffers,1
define,1
kai,1
usa,1
kala,1
attributes,1
organi,1
effects,1
engraving,1
philosophy,1
chanhudaro,1
craddock,1
shift,1
roughly,1
reprints,1
needs,1
tiedeakatemia,1
kachi,1
horde,1
drying,1
compounded,1
suggested,1
chisel,1
aambap,1
themselves,1
pyrotechnology,1
archival,1
supply,1
hills,1
correlate,1
vary,1
chicago,1
spoto,1
furnaces,1
script,1
dark,1
uranium,1
import,1
xeroradiography,1
traditional,1
gulf,1
duction,1
mature,1
networks,1
dif,1
zones,1
terracotta,1
cross,1
should,1
delineate,1
successive,1
asked,1
ciliberto,1
oshmkai,1
increase,1
heterogeneous,1
thorough,1
hypothesis,1
