WORDCOUNTS,WEIGHT
the,1650
of,1442
and,1064
in,627
a,513
to,455
that,266
from,213
is,205
for,188
by,181
as,179
this,149
with,142
on,138
bone,135
et,134
de,127
are,123
at,117
these,117
be,116
have,114
human,109
or,106
it,99
paleolithic,93
an,88
we,85
middle,83
not,78
modern,76
la,74
been,73
pp,72
language,72
tools,71
j,70
evidence,69
their,68
were,68
has,67
symbolic,63
p,62
early,61
may,60
new,60
such,59
stone,58
upper,58
evolution,56
archaeological,56
was,54
journal,53
used,53
use,53
which,53
emergence,51
also,50
they,49
more,49
neandertal,48
c,48
sites,47
music,47
different,47
between,46
found,44
university,43
neandertals,42
some,42
musical,41
origin,41
other,40
m,40
number,38
years,38
du,37
its,37
but,37
those,36
no,36
r,36
f,36
europe,36
can,36
one,35
l,35
our,35
than,34
same,34
study,33
two,33
marks,33
analysis,33
if,32
even,32
objects,32
burials,31
age,31
only,31
made,31
all,30
al,30
material,30
cave,29
e,28
amh,28
ornaments,28
des,28
recent,28
complex,27
humans,27
engraved,27
cambridge,27
when,27
s,27
first,26
bones,26
palaeolithic,26
most,26
south,26
aurignacian,26
msa,26
cognitive,26
levels,25
associated,25
behavior,24
site,24
origins,24
cultural,24
during,24
blombos,24
interpretation,24
d,24
any,24
anthropology,24
very,24
into,23
production,23
g,23
tool,23
using,23
hominids,23
abilities,23
africa,23
known,23
holes,22
pieces,22
archaeology,22
speech,22
both,22
ca,22
similar,21
could,21
near,21
interpreted,21
research,21
techniques,21
science,21
hominid,20
implications,20
might,20
rather,20
personal,20
h,19
i,19
dated,19
traces,19
lithic,19
result,19
behavioral,19
produced,19
lower,19
systems,19
linguistic,18
large,18
development,18
model,18
mousterian,18
points,18
would,18
les,18
what,18
produce,18
suggests,18
there,17
current,17
possible,17
point,17
homo,17
chatelperronian,17
paris,17
t,17
technical,17
burial,17
few,17
ancient,17
social,17
fragments,17
carnivore,17
who,17
oldest,17
hypothesis,17
group,16
nature,16
languages,16
le,16
clear,16
them,16
form,16
through,16
paleolithique,16
france,16
remains,16
putative,15
pipes,15
diversification,15
b,15
changes,15
memory,15
culture,15
many,15
isturitz,15
so,15
variability,15
does,14
seems,14
within,14
east,14
how,14
based,14
late,14
data,14
ocher,14
instruments,14
symbolism,14
presence,14
k,14
already,14
do,14
where,14
en,14
another,14
features,14
evolutionary,14
species,14
must,14
natural,14
each,14
vol,14
brain,14
among,14
studies,13
traditions,13
earlier,13
n,13
because,13
well,13
suggest,13
notation,13
will,13
man,13
see,13
microscopic,13
cognition,13
probably,13
indicate,13
perforated,13
did,13
pigment,13
while,13
information,13
size,13
level,13
transition,13
au,13
need,13
manufacture,13
should,13
later,12
groups,12
functional,12
sets,12
being,12
tradition,12
case,12
review,12
divje,12
american,12
fig,12
show,12
cannot,12
record,12
still,12
about,12
technology,12
us,12
complete,12
pattern,12
bear,12
dating,12
individual,12
european,12
w,12
awls,12
behaviors,12
african,12
vocal,12
flute,12
although,12
babe,11
before,11
henshilwood,11
long,11
several,11
since,11
instrument,11
societies,11
scale,11
artifacts,11
results,11
morphology,11
southern,11
single,11
yet,11
others,11
academy,11
lack,11
present,11
three,11
pro,11
neanderthal,11
antiquity,11
methods,11
earliest,11
considered,11
whether,11
role,11
fossil,11
swartkrans,11
difficult,10
common,10
tion,10
western,10
available,10
differences,10
hunting,10
recorded,10
primary,10
far,10
basque,10
prehistoric,10
out,10
further,10
london,10
attributed,10
society,10
york,10
scholars,10
relevant,10
pipe,10
types,10
wear,10
physical,10
sciences,10
historical,10
art,10
marking,10
given,10
world,10
question,10
models,10
grotte,10
national,10
sur,10
shaped,9
sample,9
modernity,9
developed,9
direct,9
acquisition,9
proposed,9
bordeaux,9
four,9
important,9
suggested,9
appear,9
faunal,9
recently,9
aspects,9
basis,9
part,9
related,9
gravettian,9
populations,9
limited,9
biological,9
technique,9
areas,9
grave,9
end,9
degree,9
proceedings,9
understanding,9
discovery,9
range,9
processes,9
played,9
often,9
ago,9
provide,9
ing,9
know,9
cm,9
ivory,9
mcdonald,9
layers,9
little,9
close,9
way,8
meaning,8
ois,8
archaeologists,8
indeed,8
able,8
link,8
feature,8
last,8
context,8
sapiens,8
anatomically,8
perspective,8
dates,8
y,8
van,8
without,8
identification,8
main,8
ah,8
support,8
means,8
prehistory,8
established,8
phonemes,8
position,8
raw,8
base,8
termite,8
example,8
reflect,8
change,8
order,8
quite,8
hole,8
around,8
lsa,8
chronology,8
decoration,8
towards,8
patterns,8
lines,8
demonstrated,8
significance,8
damage,8
after,8
artificial,8
paleo,8
especially,8
anatomical,8
sound,8
anthropological,8
paper,8
cultures,8
cervical,8
practices,8
piece,8
area,8
specific,8
re,8
major,8
per,7
he,7
conscious,7
devices,7
amongst,7
contexts,7
certainly,7
date,7
el,7
existence,7
key,7
collection,7
diversity,7
thus,7
kind,7
consider,7
clearly,7
had,7
societe,7
allow,7
pleistocene,7
shaping,7
revolution,7
involved,7
hafting,7
fully,7
finds,7
activities,7
marked,7
continuity,7
specimens,7
rock,7
fact,7
shows,7
establish,7
technologies,7
taphonomic,7
times,7
period,7
latter,7
shells,7
work,7
over,7
seem,7
particular,7
reveals,7
observed,7
modelling,6
now,6
mostly,6
created,6
represent,6
finger,6
best,6
simple,6
mind,6
precisely,6
intelligence,6
less,6
con,6
projectile,6
logical,6
tracing,6
fragment,6
ability,6
left,6
function,6
hyoid,6
generally,6
view,6
arrival,6
bearing,6
appears,6
population,6
applied,6
levant,6
shape,6
artifact,6
approach,6
previously,6
presented,6
yielded,6
digging,6
likely,6
object,6
indicates,6
light,6
ethnographic,6
engravings,6
spear,6
broken,6
suggesting,6
time,6
layer,6
markings,6
forms,6
multidisciplinary,6
kebara,6
including,6
high,6
obtained,6
ap,6
attention,6
un,6
detailed,6
face,6
then,6
comes,6
skeleton,6
believe,6
goods,6
past,6
just,6
type,6
character,6
distribution,6
almost,6
preserved,6
reported,6
reappraisal,6
unable,6
comparison,6
potential,6
x,6
much,6
tract,6
occur,6
history,5
bp,5
neolithic,5
limb,5
analyses,5
producing,5
sophisticated,5
reconstruction,5
capacity,5
microscopy,5
account,5
capable,5
activity,5
functions,5
aptitudes,5
exist,5
central,5
shaft,5
distinct,5
nor,5
old,5
academic,5
body,5
compared,5
find,5
taphonomy,5
process,5
subsistence,5
ex,5
space,5
possibly,5
northeastern,5
orientation,5
tabun,5
linguistics,5
surface,5
beyond,5
appearance,5
typical,5
shared,5
required,5
criteria,5
knowledge,5
confirms,5
berekhat,5
demonstrates,5
people,5
beads,5
least,5
del,5
funerary,5
qafzeh,5
majority,5
organs,5
peculiar,5
provided,5
chronological,5
variety,5
absence,5
materials,5
various,5
noble,5
put,5
examined,5
makes,5
thought,5
challenged,5
experimental,5
abstract,5
klasies,5
v,5
accepted,5
capacities,5
assemblage,5
explanation,5
israel,5
identity,5
expression,5
hypotheses,5
resulting,5
mcbrearty,5
described,5
perforations,5
discovered,5
termites,5
provides,5
exchange,5
become,5
deliberate,5
marine,5
structure,5
differ,5
bulletin,5
stringer,5
seen,5
markers,5
sequences,5
perhaps,5
dead,5
exists,5
proof,5
series,5
conclusion,5
complexity,5
innovations,5
international,5
argue,5
living,5
codes,5
phd,5
animal,5
moyen,5
categories,5
researchers,5
careful,5
multiple,5
ram,5
step,5
com,5
manufacturing,5
store,5
varied,5
come,5
shown,5
numerous,5
morphological,5
assemblages,5
sterkfontein,5
obvious,5
supported,5
say,5
debate,5
traditional,5
technological,5
dif,5
final,4
possessed,4
o,4
symmetry,4
child,4
implies,4
introduction,4
conducted,4
identify,4
designed,4
spears,4
true,4
trace,4
organic,4
dig,4
mesolithic,4
princeton,4
contact,4
turning,4
par,4
test,4
cast,4
repertoire,4
taken,4
articulate,4
wooden,4
together,4
great,4
potentially,4
quneitra,4
issue,4
gnawing,4
proxies,4
reanalysis,4
design,4
lagar,4
mental,4
conceptual,4
sand,4
framework,4
repeatedly,4
includes,4
against,4
interest,4
ern,4
cases,4
back,4
young,4
suitable,4
recherches,4
general,4
ment,4
essential,4
pigments,4
act,4
his,4
square,4
reason,4
modified,4
organization,4
river,4
air,4
impact,4
argued,4
observations,4
superieur,4
intentional,4
plenum,4
mo,4
hypoglossal,4
charcoal,4
behaviour,4
problem,4
anthropogenic,4
identifying,4
search,4
called,4
italian,4
initial,4
pre,4
engraving,4
system,4
buried,4
linguists,4
cerebral,4
photo,4
ferrassie,4
artefacts,4
future,4
significantly,4
purpose,4
red,4
revealed,4
documented,4
systematic,4
ancestral,4
published,4
hard,4
field,4
settlement,4
specifically,4
small,4
habitation,4
highly,4
industry,4
optical,4
up,4
appropriate,4
valuable,4
sophistication,4
institut,4
led,4
san,4
attempts,4
identified,4
gradual,4
comparative,4
make,4
oxford,4
museum,4
breakage,4
memoires,4
robust,4
climatic,4
regional,4
archae,4
cortex,4
occurrence,4
villa,4
choice,4
anthro,4
variation,4
worn,4
took,4
slovenia,4
tell,4
strategies,4
necessary,4
archaeo,4
own,4
region,4
deposits,4
significant,4
renne,4
tips,4
individuals,4
examination,4
ob,4
open,4
incisions,4
characterized,4
skull,4
levallois,4
problems,4
cape,4
increasing,4
indication,4
marshack,4
modification,4
chimpanzees,4
widespread,4
tive,4
contribution,4
figurine,4
dans,4
itself,4
claims,4
thinking,4
practice,4
anthropologie,4
incised,4
demonstrate,4
scraping,4
alternative,4
set,4
scenario,4
utilized,4
beginning,4
purported,4
according,4
chicago,4
transmitted,4
unique,4
terms,4
mere,4
theory,4
adaptation,4
always,4
mod,4
subject,4
intended,4
simply,4
proximal,4
tions,4
analogy,4
spacing,4
difference,4
gen,4
deer,4
assumed,4
create,4
roles,4
pitches,4
genetic,3
go,3
conard,3
rate,3
edge,3
separated,3
extreme,3
economie,3
combine,3
germany,3
expect,3
specialist,3
easily,3
favor,3
sym,3
nerve,3
assume,3
eye,3
source,3
systemes,3
either,3
creation,3
rapid,3
brains,3
attempt,3
advanced,3
reach,3
scientists,3
assess,3
studied,3
vertebra,3
overall,3
consist,3
reworking,3
reading,3
discrete,3
sepultures,3
eastern,3
metaphor,3
firm,3
insight,3
taking,3
correlation,3
wherever,3
linked,3
goal,3
throughout,3
grooves,3
mm,3
unpublished,3
relatively,3
exam,3
sp,3
application,3
transitional,3
elements,3
items,3
self,3
blank,3
egypt,3
look,3
skins,3
spoken,3
generation,3
impressions,3
once,3
aim,3
acculturation,3
flake,3
across,3
communicate,3
remote,3
mean,3
probable,3
derived,3
brno,3
special,3
symbols,3
slovenian,3
tooth,3
category,3
developments,3
experimentally,3
adopt,3
numbers,3
consequence,3
pology,3
provisional,3
approche,3
ethnolinguistic,3
der,3
olduvai,3
avenue,3
culturelle,3
transmission,3
amud,3
comportements,3
facilitate,3
engraver,3
excavations,3
duced,3
pitting,3
instrumental,3
wide,3
directly,3
none,3
distinguish,3
hemispheres,3
filologia,3
northern,3
phonation,3
place,3
issues,3
records,3
corollary,3
achieving,3
project,3
trends,3
transmit,3
regions,3
cemeteries,3
apparatus,3
working,3
straight,3
prehistorique,3
mediterranean,3
stimulated,3
reed,3
soil,3
wider,3
members,3
boundaries,3
visible,3
articulation,3
pa,3
ses,3
critical,3
therefore,3
horizons,3
ical,3
matter,3
action,3
indicative,3
short,3
located,3
bolic,3
edges,3
tillier,3
archaeolog,3
surviving,3
accumulations,3
comments,3
whole,3
guide,3
antler,3
jersey,3
included,3
bitumen,3
inferences,3
ferent,3
prehistoire,3
oral,3
moustier,3
french,3
challenge,3
mark,3
again,3
pointed,3
langage,3
skills,3
parure,3
tally,3
children,3
nostratic,3
larger,3
larynx,3
contemporary,3
molodova,3
reasons,3
remarkable,3
developing,3
hu,3
teeth,3
frequency,3
argument,3
lunar,3
lithique,3
examples,3
considering,3
formal,3
mortuary,3
recover,3
cranial,3
virtually,3
doubt,3
reconstructing,3
subsistance,3
chosen,3
previous,3
low,3
groove,3
tional,3
authors,3
se,3
interpret,3
tubers,3
allowed,3
genetics,3
skulls,3
creating,3
stages,3
excavated,3
parallel,3
interpretations,3
slightly,3
spain,3
tendency,3
connections,3
propose,3
opposite,3
widely,3
anatomy,3
carried,3
things,3
reliable,3
perspectives,3
independent,3
crucial,3
five,3
tech,3
explain,3
geissenklosterle,3
becomes,3
lost,3
collections,3
archeologie,3
why,3
lar,3
mounds,3
addressed,3
acquired,3
stratigraphic,3
acheulean,3
primates,3
extensive,3
symbol,3
here,3
dimension,3
alexander,3
style,3
foundation,3
dramatic,3
ar,3
contradictory,3
davidson,3
cal,3
game,3
imitation,3
circles,3
spatial,3
selected,3
mandible,3
symbolically,3
pech,3
passed,3
basicranial,3
thames,3
institute,3
require,3
velho,3
neck,3
john,3
tossal,3
conclude,3
became,3
nonhuman,3
contribute,3
soft,3
experimen,3
solely,3
wish,3
ochers,3
instead,3
notches,3
canines,3
involving,3
association,3
archaic,3
gisement,3
needs,3
thousand,3
removed,3
comptes,3
maximum,3
dental,3
comparable,3
deeper,3
jects,3
scoring,2
carved,2
umr,2
tokyo,2
mimic,2
eta,2
explosion,2
done,2
guistic,2
tuning,2
polish,2
sterile,2
cent,2
italy,2
scholar,2
universite,2
interact,2
urquijo,2
repre,2
lated,2
considerably,2
contradicts,2
pendants,2
ginning,2
combining,2
ma,2
tures,2
rounded,2
technocomplexes,2
ontogeny,2
postdepositional,2
seminario,2
competence,2
paradigms,2
comparisons,2
colors,2
excavation,2
individually,2
total,2
mnasra,2
uses,2
closely,2
epiphyses,2
leads,2
behavioural,2
highlight,2
diffusion,2
accumulation,2
consistent,2
actualistic,2
permit,2
australia,2
imprints,2
timing,2
grounds,2
counterbite,2
candide,2
asia,2
words,2
definition,2
confirmed,2
handling,2
advantage,2
naissance,2
carrying,2
spaced,2
reveal,2
characterizing,2
religion,2
survey,2
fonctionnelles,2
take,2
real,2
reproduction,2
evolving,2
alignment,2
help,2
integrate,2
course,2
state,2
concepts,2
primitive,2
corroborate,2
replicas,2
embody,2
suspension,2
carnivores,2
theories,2
designs,2
sq,2
amsterdam,2
side,2
effort,2
plain,2
linear,2
autonomous,2
amhs,2
albeit,2
iv,2
eurasia,2
draw,2
discuss,2
right,2
placement,2
holocene,2
prior,2
mandibular,2
quality,2
securely,2
reply,2
characterize,2
develop,2
alter,2
lin,2
measuring,2
apart,2
variations,2
above,2
adaptive,2
monly,2
representing,2
minimum,2
sanchez,2
endeavor,2
interments,2
prerequisite,2
million,2
vis,2
mouth,2
purportedly,2
cortical,2
representations,2
leur,2
inevitable,2
due,2
aus,2
agent,2
br,2
attested,2
encyclopedia,2
arrangement,2
century,2
forced,2
dis,2
turn,2
acoustical,2
bay,2
canal,2
firmly,2
crosses,2
today,2
convincing,2
amount,2
ear,2
speed,2
six,2
output,2
coinciding,2
storage,2
revised,2
geological,2
seal,2
sin,2
reassessment,2
communication,2
rest,2
pos,2
details,2
notational,2
adult,2
hardly,2
zaire,2
poorly,2
industries,2
morphometric,2
urtiaga,2
phases,2
wounds,2
steps,2
interesting,2
etudes,2
mes,2
behaviorally,2
mammoth,2
basic,2
bifaces,2
haua,2
esr,2
approaches,2
represented,2
deliberately,2
ruhlen,2
leave,2
ongoing,2
ass,2
white,2
discoveries,2
sophia,2
consistency,2
shell,2
rib,2
supports,2
cmtelperronian,2
separates,2
sex,2
neurological,2
physically,2
familiar,2
image,2
organized,2
stored,2
elsewhere,2
articulated,2
reasonably,2
recovered,2
follow,2
poor,2
vasca,2
organisation,2
ornament,2
evaluation,2
terpreted,2
essays,2
care,2
decades,2
native,2
drawing,2
apollo,2
correlate,2
artistic,2
yielding,2
knapping,2
nanterre,2
whom,2
adoption,2
opposing,2
begun,2
une,2
ambiguity,2
users,2
ogy,2
events,2
lawson,2
radiometric,2
isotope,2
inter,2
embedded,2
density,2
replicative,2
equally,2
neighboring,2
occupation,2
though,2
polishing,2
absent,2
caves,2
pitch,2
lethal,2
nazlet,2
dispersal,2
estimate,2
exca,2
younger,2
publications,2
tal,2
expedient,2
method,2
package,2
possibility,2
expressions,2
impression,2
syria,2
having,2
ethnographically,2
planning,2
intense,2
rubbing,2
los,2
ideal,2
nine,2
invisible,2
leolithic,2
heavily,2
lengua,2
su,2
cutmarks,2
apparent,2
patterning,2
femur,2
knight,2
tip,2
theorists,2
semliki,2
literature,2
frequent,2
horn,2
partly,2
actually,2
structures,2
ethnographical,2
proach,2
surrounding,2
compact,2
stanford,2
ethnicity,2
memoirs,2
concave,2
flaking,2
sketch,2
composite,2
controversial,2
stage,2
sharp,2
ological,2
iberia,2
recognition,2
sufficient,2
consensus,2
choose,2
starting,2
psychological,2
breaking,2
mi,2
observe,2
gene,2
paleoanthropology,2
musee,2
inconsistent,2
diversified,2
anterior,2
stringed,2
annual,2
rendition,2
finishing,2
drimolen,2
erroneously,2
user,2
deacon,2
paid,2
und,2
distinguishing,2
roots,2
notes,2
plausible,2
value,2
divisional,2
arene,2
execution,2
impor,2
periods,2
inspection,2
portion,2
lieberman,2
osseuse,2
resolution,2
polished,2
scientific,2
employ,2
economic,2
correlating,2
lev,2
trabalhos,2
toward,2
graved,2
expansion,2
arensburg,2
ancien,2
play,2
forward,2
diagnostic,2
morts,2
breath,2
dentalium,2
humains,2
reedor,2
linguistically,2
innovation,2
direction,2
southeast,2
laryngeal,2
demic,2
worked,2
metric,2
quina,2
julio,2
miscellany,2
chez,2
reference,2
represents,2
shipman,2
burins,2
sounds,2
formally,2
paleontological,2
turk,2
failed,2
planned,2
extinction,2
cahiers,2
ornamental,2
damaged,2
vergne,2
increasingly,2
fairly,2
community,2
knochenfloten,2
perspec,2
gravures,2
aspect,2
barbed,2
stated,2
liege,2
retical,2
conceived,2
tiny,2
admit,2
treatment,2
fundamental,2
pressure,2
striking,2
call,2
predominant,2
compound,2
appeared,2
contradict,2
really,2
zilhao,2
francaise,2
surfaces,2
gle,2
yearbook,2
utilize,2
external,2
maker,2
golan,2
conclusions,2
outside,2
hand,2
monographs,2
geography,2
chasse,2
manner,2
unit,2
purposes,2
validity,2
antecedence,2
bead,2
non,2
cesses,2
deep,2
binford,2
flint,2
cul,2
distance,2
wood,2
remarkably,2
argues,2
interpreting,2
archeologiques,2
local,2
original,2
exhibit,2
hallmark,2
vast,2
discussion,2
certain,2
locate,2
littorina,2
conceivable,2
increase,2
sufficiently,2
recognizability,2
manifestations,2
samples,2
looking,2
skeletal,2
empirical,2
largely,2
assumption,2
magdalenian,2
rivers,2
sequence,2
ethnic,2
radiocarbon,2
full,2
grinding,2
california,2
resents,2
nevertheless,2
theoretical,2
continuities,2
specimen,2
rejected,2
scanning,2
historic,2
aware,2
oc,2
comprehensive,2
express,2
tl,2
decorated,2
thropology,2
soressi,2
percussion,2
like,2
spread,2
attribution,2
collected,2
serves,2
distinction,2
mammals,2
tangible,2
fingertip,2
abundant,2
tlel,2
approximately,2
aurigna,2
combe,2
somehow,2
internal,2
incapable,2
elaborate,2
relation,2
assessing,2
capabilities,2
implication,2
equivalent,2
adaptations,2
theo,2
diameters,2
positioning,2
modifications,2
lowest,2
concluded,2
factors,2
consists,2
speculate,2
relationship,2
imply,2
abundance,2
stony,2
integration,2
she,2
continued,2
movements,2
couches,2
practical,2
suggestive,2
program,2
inside,2
team,2
bears,2
visual,2
sonal,2
remaining,2
es,2
blood,2
existed,2
achieve,2
frontier,2
kenya,2
supporting,2
instances,2
ities,2
stable,2
affect,2
dance,2
comparaisons,2
heavy,2
striations,2
biased,2
following,2
gvep,2
spanish,2
funeraire,2
agents,2
continues,2
neighbouring,2
howell,2
recognizable,2
neonate,2
organizational,2
quaternary,2
verify,2
sibly,2
outcome,2
continental,2
intellectual,2
principle,2
control,2
rear,2
instru,2
proponents,2
clacton,2
tongue,2
suggestions,2
capability,2
global,2
interested,2
incorporating,2
ubiquitous,2
lier,2
bird,2
intrusive,2
khater,2
rarely,2
flutes,2
obtusata,2
universal,2
nouvelles,2
abrigo,2
examining,2
pit,2
erectus,2
distinctive,2
rendus,2
advances,2
better,2
evident,2
datation,2
resharpening,2
rep,2
weapons,2
unlikely,2
economy,2
completion,2
making,2
marche,2
cause,2
independently,2
maintain,2
lengths,2
axis,2
penetration,2
ethnography,2
noninstrumental,2
utilitarian,2
inferieur,2
serie,2
tant,2
too,2
scenarios,2
conjunction,2
geneticists,2
ism,2
hundreds,2
finished,2
code,2
transport,2
pits,2
vertebral,2
erally,2
affecting,2
manganese,2
introduced,2
die,2
commonly,2
sion,2
bulletins,2
reconstruct,2
arguments,2
mousterien,2
ranks,2
implica,2
phenomenon,2
challenges,2
allows,2
twin,2
precision,2
unexplored,2
wild,2
elongated,2
sediments,2
washington,2
accept,2
offer,2
include,2
cian,2
isolating,2
morphologically,2
morphologies,2
derive,2
toolmaking,2
speak,2
increased,2
phoneme,2
indices,2
showed,2
observation,2
inhumations,2
thing,2
tradi,2
umm,2
themselves,2
proaches,2
schematic,2
asymmetry,2
substantial,2
element,2
lisbon,2
archeological,2
focus,2
iraq,2
avoid,2
palate,2
cross,2
simi,2
dug,2
martin,2
els,2
pneumatic,1
exhibiting,1
intimately,1
tracings,1
margins,1
brelade,1
chromosome,1
wishful,1
hardware,1
currently,1
vocalization,1
produces,1
struments,1
madeleine,1
blinds,1
faculties,1
parole,1
windbreaks,1
deny,1
lation,1
metal,1
millennial,1
hallmarks,1
pals,1
nonlithic,1
convergence,1
versa,1
cinq,1
stuart,1
cipitated,1
heretical,1
rect,1
medieval,1
juvenile,1
oboe,1
garment,1
preted,1
raneous,1
internationals,1
revue,1
sonable,1
mosaic,1
faced,1
jet,1
royal,1
ments,1
concern,1
evolv,1
capa,1
norway,1
vious,1
lineages,1
nec,1
resulted,1
heights,1
thrown,1
determine,1
meth,1
intriguing,1
foraging,1
feel,1
tunite,1
measures,1
marian,1
alone,1
eliminated,1
ultimate,1
memoire,1
informa,1
penny,1
string,1
berlin,1
crossing,1
contemporaneous,1
bei,1
mittelund,1
becoming,1
reflection,1
interpre,1
needed,1
parative,1
touched,1
integrity,1
denied,1
isted,1
naments,1
systematically,1
kowm,1
kosteimamonta,1
imperfection,1
gestural,1
enhance,1
tend,1
syllables,1
nouveau,1
insertion,1
anchor,1
cours,1
coincides,1
akaburantz,1
noteworthy,1
resultats,1
confines,1
omy,1
uniquely,1
ways,1
reflexions,1
clumsy,1
bifacial,1
completely,1
centrifugal,1
monogenetic,1
bamboo,1
munibe,1
notched,1
albin,1
opercula,1
unworn,1
tindividu,1
extant,1
station,1
former,1
anteroposterior,1
localisation,1
iso,1
cavernes,1
justified,1
gsologie,1
ian,1
classify,1
immediate,1
presents,1
leontological,1
interrupted,1
solutrean,1
amply,1
freeman,1
modifi,1
communicating,1
something,1
track,1
descriptions,1
foragers,1
coudoulous,1
peu,1
pene,1
annals,1
geist,1
vacademie,1
permitted,1
hoping,1
toth,1
neurobiology,1
cutting,1
predominantly,1
har,1
came,1
anything,1
scraped,1
gap,1
roebroeks,1
beneficial,1
redecouverte,1
lateral,1
dederiyeh,1
modest,1
barriers,1
invention,1
every,1
revisited,1
learned,1
letters,1
arma,1
inten,1
morphol,1
disagreement,1
eralized,1
gambier,1
chase,1
voiced,1
reunited,1
originally,1
ii,1
give,1
radii,1
symmetrical,1
volves,1
concentrated,1
address,1
cyclope,1
location,1
assist,1
utilization,1
rare,1
crenulated,1
paze,1
cathy,1
emerged,1
ourselves,1
analogies,1
england,1
discerned,1
active,1
phylogeny,1
experiments,1
editions,1
reevaluation,1
uncovering,1
dramatically,1
validating,1
amateurs,1
hummalian,1
opportunis,1
height,1
affinities,1
continue,1
twenty,1
supposition,1
belong,1
sedimentation,1
blown,1
ble,1
modi,1
borders,1
semendeferi,1
sudouest,1
latium,1
display,1
richards,1
aerodynamically,1
rhineland,1
kapthurin,1
prolom,1
rich,1
dtsturitz,1
colloque,1
achievement,1
verbal,1
disappearance,1
moderns,1
thanks,1
hundred,1
mag,1
ph,1
concludes,1
composition,1
ol,1
wore,1
actuel,1
labeled,1
misled,1
sees,1
monograph,1
reindeer,1
fascinated,1
subsequent,1
semiotics,1
outset,1
tinction,1
cyclical,1
achieved,1
xx,1
bering,1
southernmost,1
blow,1
aitzineuskararen,1
tempted,1
traditionally,1
reznikoff,1
horses,1
relatives,1
manipulating,1
iboussieres,1
sonore,1
influences,1
remainder,1
doc,1
dismissed,1
detection,1
discipline,1
gibson,1
ity,1
numbering,1
optimistic,1
whistles,1
surveys,1
behind,1
natufian,1
verden,1
aterienne,1
visibility,1
lution,1
namibia,1
racial,1
papers,1
similarities,1
ad,1
urss,1
potheses,1
capac,1
followers,1
epipaleolithique,1
british,1
sociedad,1
spodnja,1
est,1
empty,1
fossils,1
foetuses,1
occasional,1
madrid,1
refute,1
rim,1
symptom,1
accuracy,1
sel,1
dr,1
resembles,1
portugal,1
mithen,1
courtesy,1
noninstrumen,1
anthropologists,1
ficult,1
anuario,1
luminescence,1
enlarged,1
motion,1
weathered,1
bases,1
dune,1
shafts,1
posture,1
amplified,1
aven,1
inspec,1
lim,1
march,1
hyenas,1
pierce,1
bivalves,1
custom,1
zur,1
fontes,1
indirectly,1
ganocve,1
uneven,1
opened,1
felt,1
perigord,1
lifetime,1
leicester,1
consistenc,1
exhibits,1
paucity,1
vaguely,1
ance,1
establishing,1
adopting,1
ksbara,1
etc,1
plaque,1
hun,1
occupy,1
crossed,1
euskal,1
sential,1
musi,1
unlocking,1
west,1
australop,1
notations,1
combination,1
allee,1
reflecting,1
armature,1
consequent,1
mcburney,1
dur,1
thai,1
vated,1
indicating,1
helinium,1
uncertain,1
syntactical,1
fos,1
batiment,1
apply,1
anticipated,1
along,1
furs,1
javelins,1
message,1
nowell,1
naukova,1
conceptualize,1
undescribed,1
denver,1
undergone,1
cere,1
fades,1
analyse,1
neural,1
presses,1
mitxelena,1
palethnologie,1
ethnomusicological,1
attract,1
reconstruc,1
shap,1
facets,1
tron,1
frangaise,1
unleashing,1
transvaal,1
regarding,1
ends,1
associations,1
phase,1
prey,1
chatelperronien,1
accessible,1
fracture,1
denying,1
identities,1
hampered,1
however,1
paviland,1
electron,1
moustirien,1
surely,1
histori,1
southwestern,1
reused,1
torralba,1
compar,1
imen,1
archaeolo,1
sence,1
curated,1
platformed,1
dotted,1
estimating,1
severe,1
esti,1
facts,1
difficulties,1
agreement,1
consideration,1
perimposing,1
facil,1
digestion,1
contempo,1
constantly,1
psy,1
approches,1
mtdna,1
pursuit,1
applicable,1
ioral,1
assumes,1
perfo,1
software,1
rhinoceros,1
integral,1
author,1
longitudinal,1
corner,1
millennium,1
recurs,1
domain,1
center,1
characteristic,1
regarded,1
concentrations,1
acta,1
ostrich,1
sequentially,1
durant,1
untersuchungen,1
friedman,1
macrofamilies,1
uniformity,1
taramsa,1
larly,1
pig,1
kinetic,1
otte,1
adduced,1
lan,1
vanthropologie,1
pay,1
inconsisten,1
universitaires,1
counter,1
awl,1
resin,1
vault,1
dence,1
razreda,1
spans,1
cations,1
millions,1
roche,1
estimates,1
polysemic,1
buccal,1
farizy,1
haeven,1
saisonniere,1
nology,1
underlying,1
gottinger,1
keep,1
ribes,1
refer,1
bution,1
resonators,1
version,1
contrary,1
prehistoria,1
ethnolin,1
response,1
removals,1
boundary,1
researching,1
generated,1
flawed,1
elicit,1
alkaline,1
associative,1
coprolithe,1
continuous,1
third,1
witnessed,1
truly,1
detecting,1
thin,1
converging,1
rhythm,1
mechanical,1
compare,1
pasado,1
hahn,1
undertaking,1
capabilites,1
men,1
moustsrien,1
obscure,1
dataciones,1
student,1
charcoals,1
sepulture,1
epiglottis,1
perfora,1
spite,1
vice,1
kabwe,1
tentatively,1
border,1
unpub,1
deeply,1
conceive,1
konparaketa,1
traced,1
strings,1
imitative,1
abil,1
deceased,1
invites,1
chronique,1
fer,1
influence,1
infinite,1
error,1
stoneless,1
commencing,1
vibrating,1
chronicle,1
callander,1
cas,1
perforate,1
rent,1
funeraires,1
competent,1
toolmaker,1
uaventure,1
landscapes,1
gaining,1
ocherk,1
gaudzinski,1
excavate,1
ab,1
referred,1
weapon,1
depiction,1
endocra,1
pendant,1
added,1
whose,1
chamfered,1
nordeuropas,1
ysis,1
depictive,1
palsoanthropologie,1
cotte,1
ling,1
paleoliticheskogo,1
sociated,1
exact,1
tubingen,1
subjected,1
uni,1
angulation,1
fundberichte,1
cavations,1
ified,1
peyrony,1
superficial,1
kilometers,1
generations,1
unam,1
chrono,1
compatible,1
stop,1
midi,1
remain,1
isomorphic,1
thinnest,1
donnees,1
persuasively,1
premodern,1
breadth,1
prehistorical,1
posits,1
secrets,1
na,1
explicit,1
bacho,1
solutre,1
pluridisciplinarite,1
eskimos,1
techni,1
notion,1
di,1
injure,1
poses,1
epimerization,1
killing,1
appendix,1
alytical,1
fications,1
boasts,1
blanks,1
styloid,1
gance,1
granted,1
prof,1
aurignacien,1
flexible,1
eight,1
stout,1
humanity,1
fragility,1
gesture,1
sophisti,1
hp,1
residue,1
fat,1
anthropic,1
contributions,1
assuming,1
complhtm,1
musicale,1
possess,1
serv,1
castelperronienne,1
lobes,1
pelegrin,1
mit,1
distant,1
collecting,1
limitation,1
lyres,1
strate,1
ves,1
cueva,1
ammerman,1
panoply,1
attached,1
supposed,1
discoverers,1
posites,1
wymer,1
indo,1
skiffle,1
ation,1
psychologie,1
ducing,1
understand,1
voluntarily,1
obliquity,1
funeyaires,1
puncture,1
facilitated,1
tantalising,1
quincay,1
hematite,1
voisins,1
tusk,1
lished,1
conceptualization,1
obras,1
palaeolihtic,1
motions,1
fossiles,1
grains,1
vations,1
pertinent,1
psycholo,1
ited,1
clockwise,1
torroni,1
wealth,1
comparee,1
proved,1
imperceptible,1
aurignaciennes,1
weather,1
objectivity,1
stressed,1
aly,1
gradually,1
mary,1
fication,1
percus,1
properties,1
epipaleolithic,1
mediately,1
curred,1
fore,1
frequently,1
calendar,1
circuit,1
orally,1
periodically,1
fe,1
indis,1
situations,1
undated,1
saharan,1
favored,1
variously,1
uncomfortably,1
additional,1
shorter,1
powerful,1
peru,1
concerning,1
geni,1
mousteriennes,1
actes,1
handaxes,1
predates,1
miniaturization,1
diversi,1
painted,1
belgian,1
trary,1
exploitation,1
harps,1
signification,1
runiversits,1
answers,1
pseudopoints,1
bruno,1
shifted,1
nests,1
maison,1
erroneous,1
wearing,1
publicity,1
helped,1
sheng,1
photos,1
testify,1
etude,1
strategy,1
providing,1
aptitude,1
oblique,1
dispersion,1
trajectories,1
plausibly,1
garrod,1
fluid,1
workmanship,1
strongest,1
crite,1
constructive,1
angela,1
devoted,1
impervious,1
uti,1
diachronic,1
expressed,1
mousteriens,1
moving,1
textbooks,1
discus,1
hafted,1
advance,1
carving,1
mount,1
compress,1
concentration,1
questioned,1
constructing,1
vestiges,1
portable,1
eggshell,1
tural,1
digested,1
synapses,1
conservative,1
color,1
strength,1
kalahari,1
mur,1
attack,1
combinations,1
chime,1
sociologically,1
uanthropologie,1
resharpened,1
referee,1
signify,1
served,1
chronostratigraphique,1
her,1
moteur,1
relate,1
requirements,1
adultes,1
graeme,1
depictions,1
extinct,1
archsologie,1
configuration,1
delib,1
foundations,1
im,1
representative,1
popu,1
evaluate,1
horse,1
eliminates,1
arranged,1
discs,1
share,1
facultad,1
david,1
fourth,1
michele,1
tran,1
chinese,1
understood,1
informed,1
equal,1
effective,1
archetypal,1
backwell,1
calibrate,1
stock,1
incompatible,1
reviews,1
versity,1
organologists,1
chimpanzee,1
indirect,1
province,1
archtologie,1
viewed,1
sinica,1
sticks,1
hawaiian,1
squipe,1
fulfill,1
ch,1
hammers,1
amigos,1
imaging,1
sce,1
cyprea,1
otherwise,1
energy,1
russell,1
flaws,1
occidentale,1
dialectic,1
hypothetical,1
procedures,1
spiritual,1
laitman,1
perform,1
acci,1
guarantee,1
metapodials,1
fox,1
enough,1
embed,1
squelette,1
erate,1
ods,1
elastic,1
glottochronology,1
operatoire,1
assumptions,1
idrija,1
marie,1
influenced,1
ther,1
uluzzian,1
improve,1
acheulian,1
failure,1
folia,1
rations,1
products,1
anthropolgical,1
metrically,1
percent,1
kiev,1
pierre,1
explore,1
groupe,1
degrees,1
dexterity,1
polio,1
liable,1
aterian,1
sujets,1
romans,1
blade,1
consecutive,1
sity,1
overlying,1
bc,1
scope,1
erarchical,1
rocks,1
primaries,1
acronyms,1
forster,1
organize,1
humaine,1
dukhovnoi,1
ite,1
evo,1
carries,1
ens,1
firenze,1
locus,1
protein,1
engrave,1
yacimiento,1
struck,1
unless,1
debatable,1
breeding,1
materialize,1
bois,1
voic,1
resources,1
placements,1
primatologica,1
almagro,1
quently,1
reduction,1
vertebrae,1
schleicher,1
projectiles,1
shortness,1
penetrating,1
thoughts,1
scars,1
ple,1
protohistoriques,1
makers,1
intentionally,1
fantdme,1
ubone,1
taphon,1
werden,1
loss,1
afar,1
equidistant,1
genuine,1
olithic,1
phylogenetic,1
fit,1
database,1
inno,1
refined,1
northwest,1
subtleties,1
boletin,1
ziir,1
pratiques,1
meet,1
specialized,1
subtly,1
constitute,1
contains,1
authorship,1
javelin,1
comprehensible,1
round,1
gatherers,1
logy,1
transmitting,1
quires,1
subse,1
neue,1
versus,1
demon,1
attendue,1
device,1
rituals,1
ukranian,1
away,1
disregarding,1
crayons,1
earli,1
institution,1
employed,1
properly,1
craftsmen,1
anticipating,1
ular,1
showing,1
manu,1
photometric,1
vorund,1
pretation,1
ann,1
slopewash,1
premiers,1
status,1
conform,1
elephant,1
robustus,1
my,1
relative,1
mired,1
ali,1
markedly,1
deter,1
mylohy,1
count,1
graving,1
relaciones,1
shortcomings,1
purposely,1
bodies,1
trate,1
meseta,1
maureille,1
uniqueness,1
analysed,1
earth,1
asymmetries,1
expended,1
causal,1
noticed,1
tone,1
statistically,1
stylized,1
whilst,1
discussing,1
running,1
computer,1
nario,1
intention,1
quentially,1
sense,1
viable,1
below,1
za,1
flatness,1
oxbow,1
questionable,1
wildly,1
nonrecombining,1
involve,1
protohistorical,1
interstratification,1
trading,1
next,1
cer,1
sition,1
lized,1
please,1
contrast,1
aurig,1
moder,1
clothes,1
sazu,1
musicological,1
irrelevance,1
rutgers,1
unsupported,1
scopic,1
clasts,1
adding,1
explored,1
hemisphere,1
calling,1
stranska,1
poincons,1
mains,1
sentations,1
june,1
migration,1
concerns,1
smithsonian,1
components,1
biologically,1
mal,1
folk,1
transfer,1
tation,1
cbm,1
australian,1
convey,1
decline,1
essentially,1
distinguished,1
aphasia,1
ancestors,1
cl,1
cur,1
differing,1
nization,1
methodological,1
ent,1
dem,1
core,1
naturelles,1
incurred,1
inability,1
st,1
indisputable,1
os,1
ithecines,1
ltndustrie,1
tuff,1
correspondence,1
civilisation,1
provenance,1
mouths,1
reappraised,1
velocity,1
newly,1
grateful,1
untested,1
preliminary,1
netic,1
gogoetak,1
frontal,1
sifflets,1
katanda,1
incision,1
inform,1
moved,1
auditory,1
massive,1
dietary,1
casts,1
seemed,1
corpse,1
piercing,1
subsequently,1
perception,1
optically,1
musically,1
pertaining,1
variabilite,1
highlights,1
partially,1
underlies,1
duce,1
israeli,1
habitats,1
irrespective,1
hafts,1
proxy,1
critics,1
trampling,1
biocultural,1
myr,1
insects,1
tifies,1
neanderthals,1
krizna,1
plateau,1
curves,1
functioning,1
ken,1
bringing,1
contended,1
ria,1
incorrect,1
ans,1
netherland,1
hide,1
synthesis,1
melbourne,1
facture,1
gender,1
ascertained,1
gathering,1
reinterpreted,1
seoul,1
corporation,1
buisson,1
nearly,1
female,1
exception,1
belgium,1
posed,1
standardization,1
april,1
intensively,1
juin,1
whatever,1
building,1
nuba,1
establishes,1
diver,1
testable,1
preferences,1
glimpses,1
technically,1
technogenese,1
tensile,1
shanidar,1
depressed,1
chaeological,1
neuroanatomy,1
modes,1
aldine,1
ographic,1
artist,1
grooved,1
abrupt,1
dobone,1
vandermeersch,1
aligned,1
niques,1
posite,1
measure,1
pedia,1
mourners,1
oakley,1
notional,1
handicap,1
ferior,1
tuary,1
urund,1
evenly,1
ubiquity,1
gastropods,1
marques,1
synchronous,1
nouvelle,1
lecons,1
muscles,1
kindly,1
vided,1
archeologisch,1
blom,1
ulnae,1
describe,1
beautify,1
addition,1
interment,1
read,1
cor,1
requiring,1
happened,1
acknowledgments,1
serve,1
straus,1
counterparts,1
gins,1
under,1
slavic,1
fifth,1
restricted,1
historia,1
craneos,1
remnant,1
ergonomics,1
ele,1
differentiate,1
supplied,1
index,1
marginally,1
brooks,1
barneber,1
representa,1
falls,1
enigmatic,1
conveying,1
finders,1
standing,1
loped,1
publishing,1
rightly,1
keeping,1
yaz,1
choices,1
tic,1
vasconum,1
leak,1
foetus,1
multiples,1
families,1
ofmesolithic,1
imitating,1
largest,1
vers,1
postula,1
insights,1
leurs,1
beginnings,1
begins,1
noted,1
speaking,1
cterrico,1
bar,1
frameworks,1
layout,1
bipedal,1
questions,1
picture,1
entiating,1
considers,1
double,1
spatially,1
fill,1
thieme,1
industrie,1
rings,1
sternal,1
worst,1
inhabitants,1
disposition,1
eruption,1
mittelalterlichen,1
goals,1
enciclo,1
acoustically,1
tinguishable,1
haviors,1
skill,1
kamminga,1
zambia,1
heritage,1
endeavors,1
power,1
septentrionale,1
provenience,1
barandiaran,1
trois,1
unintentional,1
conditionnel,1
similarly,1
specialisation,1
ask,1
morin,1
oflithic,1
decorative,1
stud,1
frederique,1
nazca,1
analytical,1
looked,1
tiquity,1
charting,1
dyanthropologie,1
lengthy,1
salzgitter,1
longer,1
indicators,1
diminishing,1
cies,1
aerodynamic,1
preserve,1
storing,1
designing,1
arising,1
sentences,1
nologique,1
utilizing,1
trips,1
match,1
cogni,1
rotated,1
plays,1
disturbed,1
megalocomparison,1
quaternaire,1
accompanied,1
isolate,1
diverse,1
understandable,1
anal,1
twofold,1
pastoralism,1
quelques,1
distal,1
debates,1
strait,1
identical,1
diameter,1
basaltic,1
karlin,1
pennsylvania,1
fashion,1
functionally,1
sumerian,1
discussed,1
sebastian,1
macrocomparativism,1
bony,1
depopulation,1
mor,1
psychologists,1
never,1
ages,1
fits,1
antropologia,1
consciously,1
ofchrono,1
everyday,1
physiological,1
enfantin,1
nity,1
thousands,1
ancients,1
keys,1
metaphors,1
vacademies,1
mu,1
moche,1
morphologique,1
equate,1
func,1
pg,1
dred,1
extremity,1
aquitaine,1
flesh,1
answer,1
mutual,1
mitochondrial,1
tainly,1
sloveniji,1
theoreti,1
alyzing,1
outer,1
ltnstitut,1
emotion,1
morocco,1
disparity,1
intragroup,1
strathern,1
controversially,1
diets,1
woman,1
belief,1
pseudotools,1
insufficient,1
urtiga,1
strauss,1
controversy,1
mediterraneenes,1
stylistically,1
presuppose,1
jacobs,1
counterpart,1
zooarchaeological,1
acquire,1
maya,1
bos,1
scant,1
classical,1
calculation,1
imagine,1
razprave,1
sma,1
matrix,1
amsterdams,1
vanhaeren,1
aggregation,1
subdivision,1
classes,1
crystals,1
ence,1
exploring,1
cen,1
antelope,1
situated,1
extended,1
sepa,1
coherent,1
lapillus,1
survive,1
intent,1
observable,1
easier,1
poons,1
preferential,1
envisioning,1
upon,1
values,1
solid,1
pathology,1
helps,1
sides,1
gestes,1
abandons,1
excavators,1
thickness,1
arose,1
monographien,1
guinea,1
distinctly,1
enormous,1
pharyngeal,1
arrows,1
manufactured,1
launched,1
depended,1
lips,1
comportement,1
abili,1
orna,1
orchestre,1
wonder,1
indiana,1
zation,1
findings,1
cmtelperroniennes,1
munzel,1
austronesian,1
immedi,1
skeptical,1
schepartz,1
pillars,1
food,1
angle,1
determining,1
ideational,1
biology,1
ulna,1
robinson,1
factor,1
conditions,1
causes,1
resonances,1
manipulation,1
collaborative,1
band,1
metre,1
ideas,1
harvard,1
submitted,1
exploita,1
descendant,1
trend,1
roman,1
actual,1
variables,1
kingdom,1
ambrona,1
nothing,1
kwom,1
behav,1
exerted,1
ceremonies,1
purposeful,1
struction,1
sic,1
sapient,1
stopping,1
considerable,1
goonatilake,1
fteah,1
students,1
activitss,1
materiavnoi,1
groupes,1
reevaluated,1
schriften,1
ties,1
kibara,1
loosely,1
provoked,1
reality,1
compressed,1
importance,1
bore,1
gusta,1
probleme,1
stress,1
publication,1
obtaining,1
perpendicular,1
accultura,1
maintenance,1
dents,1
superstructure,1
lamellibranchia,1
schuhmacher,1
held,1
duday,1
couche,1
christopher,1
anthropologica,1
started,1
ceedings,1
nassa,1
oration,1
unexamined,1
him,1
recon,1
embouchure,1
mouton,1
ge,1
crafted,1
lie,1
borde,1
geographical,1
addi,1
practiced,1
enquiries,1
connects,1
solution,1
kyr,1
black,1
macrofamily,1
levantine,1
galpin,1
adequately,1
neonatal,1
repeated,1
sian,1
ture,1
pettitt,1
facing,1
random,1
cogent,1
matched,1
multiplication,1
trying,1
vascular,1
mining,1
indi,1
ribs,1
metalanguage,1
normal,1
isolated,1
craft,1
reg,1
essary,1
presumes,1
narrow,1
prshistoire,1
confidently,1
propos,1
xvi,1
gence,1
acheuleenne,1
displayed,1
rochette,1
sobre,1
seattle,1
availability,1
bate,1
adapted,1
preand,1
mimicry,1
socially,1
ate,1
lay,1
donnee,1
copyright,1
funktion,1
splitting,1
wells,1
grain,1
currences,1
glacia,1
lebenstedt,1
mtmoire,1
destruction,1
joint,1
organics,1
quarterly,1
premieres,1
convergent,1
stick,1
ination,1
tenuous,1
ynx,1
investigat,1
inferior,1
greek,1
natively,1
extremely,1
inhumation,1
convincingly,1
symmetrically,1
mitekufat,1
moluminescence,1
separate,1
longitudinally,1
ocherd,1
rarity,1
observational,1
fails,1
singleand,1
dealing,1
culturels,1
regurgitated,1
mation,1
depth,1
dawn,1
lance,1
suggestion,1
christian,1
ministerio,1
assigned,1
aid,1
circle,1
tested,1
geste,1
singer,1
diriger,1
belonged,1
transformations,1
note,1
tentative,1
richest,1
prshistoriques,1
marrow,1
chronologique,1
regular,1
legacy,1
smoothing,1
sometimes,1
ecological,1
lithiques,1
usually,1
rendues,1
naturally,1
entities,1
claimed,1
scratched,1
reasonable,1
schoningen,1
stopped,1
amination,1
discard,1
tusks,1
vascuence,1
dec,1
binary,1
apes,1
predatory,1
changeux,1
dimensions,1
aboriginal,1
colonizers,1
cranium,1
basicranium,1
progressively,1
dissimilarity,1
neurons,1
widths,1
force,1
doubts,1
worse,1
nial,1
credited,1
semiotic,1
softer,1
denotes,1
arrays,1
unclear,1
originated,1
recognize,1
try,1
owner,1
length,1
displaying,1
life,1
extends,1
responsible,1
efficiency,1
hi,1
paranthropus,1
ward,1
fall,1
united,1
rea,1
colonizing,1
surprising,1
creasingly,1
table,1
interpretive,1
ology,1
composed,1
mother,1
measured,1
fields,1
attributions,1
vincing,1
canada,1
rencontres,1
transdisciplinary,1
unusual,1
ldkr,1
erudite,1
technocomplex,1
ufacture,1
premier,1
grounded,1
investigate,1
rigorous,1
joseph,1
thick,1
accumu,1
cam,1
ie,1
influencing,1
chaine,1
definitive,1
clavicle,1
differentiated,1
produc,1
pres,1
meant,1
ignited,1
abandonment,1
pseudobone,1
ferently,1
curious,1
arte,1
perigueux,1
rule,1
fifteen,1
tetude,1
uttered,1
precedence,1
digastric,1
homenaje,1
exemplified,1
obsolete,1
univer,1
calendrical,1
peoples,1
adulte,1
nervous,1
dissemination,1
measurements,1
ethnoarchaeology,1
inven,1
manual,1
punctures,1
geographic,1
adhesive,1
ever,1
granger,1
endocranial,1
reinforced,1
cate,1
characteristics,1
scrutiny,1
kay,1
precise,1
kunde,1
offered,1
poster,1
bronze,1
anciently,1
proposes,1
indoor,1
reconnaissance,1
grottes,1
terrestrial,1
preserves,1
contradicted,1
inherent,1
statistical,1
minerals,1
column,1
equation,1
utili,1
swan,1
school,1
sessment,1
resonance,1
quickly,1
darwinian,1
berkeley,1
redis,1
biguous,1
sapi,1
infor,1
linguae,1
inedites,1
colonization,1
bridge,1
mort,1
cemetery,1
correspond,1
sheep,1
ded,1
spec,1
lying,1
ratio,1
confident,1
contained,1
bilzingsleben,1
bascongada,1
variable,1
vari,1
capital,1
desolate,1
unknown,1
epipale,1
etal,1
downing,1
acoustic,1
compounded,1
attending,1
anthropol,1
half,1
elec,1
temper,1
harpoons,1
scavengers,1
reminiscent,1
regard,1
domestic,1
report,1
pateolithiques,1
demiers,1
post,1
counting,1
speculations,1
alan,1
cavity,1
sification,1
alternatively,1
particularly,1
altered,1
presumably,1
grey,1
bordes,1
speculation,1
rely,1
embodiment,1
groov,1
longstanding,1
marschack,1
covery,1
rekonstruktion,1
generalized,1
antedate,1
inquiry,1
antiq,1
las,1
closest,1
macgraw,1
recherche,1
particu,1
vey,1
mendearen,1
merely,1
pri,1
dtle,1
fh,1
counterproductive,1
obliquely,1
stagnated,1
tices,1
born,1
cated,1
psychoacoustical,1
explanations,1
vary,1
fuller,1
trance,1
hidden,1
notable,1
affirm,1
reexamination,1
mortsl,1
carefully,1
investigation,1
reanalyzed,1
umenting,1
combined,1
bristol,1
physiology,1
volcanic,1
francesco,1
adults,1
namely,1
musica,1
ones,1
references,1
foremost,1
nearby,1
bilier,1
tablish,1
tarian,1
add,1
euskararen,1
muscular,1
sifting,1
fonctions,1
edinburgh,1
geo,1
ies,1
temporally,1
timescales,1
contamina,1
gradient,1
consisting,1
useful,1
aeolian,1
coyote,1
differs,1
extract,1
partir,1
hummal,1
spo,1
abruptly,1
rhode,1
anthropologique,1
connue,1
migrations,1
yield,1
lowermost,1
proposing,1
ori,1
anticipation,1
reappraising,1
nick,1
descendants,1
sixth,1
oxygen,1
phenomena,1
kernspaltfloten,1
replacement,1
pluridisciplinaire,1
prevent,1
travel,1
haps,1
popular,1
spaces,1
vessels,1
reidentification,1
conference,1
facial,1
spearpoint,1
armand,1
gradualism,1
tent,1
vendsen,1
naked,1
mumbw,1
paintings,1
abrasions,1
xumr,1
occasionally,1
percees,1
phonetic,1
circumstances,1
ishango,1
evi,1
friihgeschichte,1
ohio,1
progress,1
altogether,1
neuromotor,1
tificial,1
uhomme,1
kya,1
micro,1
confirm,1
press,1
uity,1
yellen,1
easy,1
convinced,1
giving,1
hy,1
adapta,1
disciplines,1
nasli,1
song,1
visually,1
rigid,1
conventional,1
matches,1
condition,1
ticulated,1
cav,1
refitted,1
isoleucine,1
supralaryngeal,1
marqueurs,1
memories,1
handedness,1
lateralization,1
snow,1
representation,1
writing,1
gain,1
coming,1
childhood,1
vulture,1
strong,1
dominant,1
slumped,1
uk,1
jama,1
unpointed,1
campus,1
paleorient,1
keyser,1
inefficient,1
hunter,1
geibenklosterle,1
formation,1
pseu,1
until,1
spring,1
survival,1
recording,1
harvester,1
differentiation,1
vieme,1
ghent,1
frontiers,1
implied,1
absolutas,1
forated,1
encouragement,1
rediscovery,1
initiated,1
advent,1
cussed,1
structured,1
compos,1
involves,1
cepts,1
tackled,1
envisaged,1
protohistoric,1
web,1
phalanges,1
zum,1
chemical,1
ornees,1
patella,1
quasi,1
pierced,1
jungpalaolithischer,1
gists,1
moscow,1
iden,1
emer,1
mindful,1
contributed,1
prolonged,1
blage,1
sues,1
operational,1
integrated,1
disagree,1
suffers,1
canadian,1
najstarejse,1
developmental,1
irrefutable,1
product,1
meeting,1
exceeding,1
attributes,1
organi,1
you,1
ukraine,1
clues,1
colleagues,1
retrieval,1
defined,1
attempted,1
off,1
hinder,1
habilitation,1
quneitraia,1
angled,1
fluctuate,1
shift,1
eages,1
orga,1
methodes,1
roughly,1
contri,1
eemzeitlichen,1
anonymous,1
portrait,1
retouch,1
ries,1
pear,1
crusts,1
itating,1
pioneering,1
vul,1
requires,1
penetrated,1
actions,1
root,1
certainty,1
second,1
clarify,1
tackle,1
interdisciplinary,1
iboussiferes,1
santachiara,1
scoria,1
consisted,1
butchering,1
deve,1
ramus,1
perimental,1
reached,1
unequally,1
era,1
peopling,1
contrasting,1
quatre,1
presumptuous,1
pool,1
veyed,1
texts,1
exclusively,1
decoding,1
valley,1
characters,1
entire,1
documentary,1
paving,1
verified,1
shaving,1
images,1
kuhn,1
north,1
unequivocal,1
whistle,1
apport,1
profiles,1
meaningful,1
reduc,1
nonethelesss,1
joseba,1
bundles,1
sent,1
built,1
representational,1
eurasian,1
fur,1
mistaken,1
tacademie,1
bury,1
epiphyseal,1
luanda,1
proximately,1
melodic,1
assem,1
