WORDCOUNTS,WEIGHT
the,1437
of,1100
and,783
in,526
a,484
to,336
by,200
from,156
have,151
that,148
is,146
at,126
with,125
predynastic,124
as,122
egypt,116
for,109
were,108
on,100
was,99
are,92
or,89
an,84
also,78
nile,76
early,74
m,72
been,72
p,69
bc,66
this,66
nagada,64
about,64
pp,64
not,64
j,61
late,56
f,52
which,52
sites,50
radiocarbon,50
it,49
may,49
between,49
would,47
neolithic,45
r,45
be,43
new,42
w,41
egyptian,40
e,39
i,39
than,39
merimda,38
there,38
during,38
university,37
bp,36
state,35
but,35
hassan,35
settlements,34
fayum,34
some,33
power,32
probably,32
evidence,32
valley,32
et,31
their,29
more,29
archaeological,29
hierakonpolis,28
those,27
settlement,27
these,27
region,27
des,27
desert,27
large,26
one,26
de,26
no,26
pottery,26
eastern,25
civilization,25
site,25
der,25
we,24
agricultural,24
indicated,23
such,23
led,23
communities,23
social,23
food,23
journal,22
population,22
likely,22
time,22
political,21
chiefs,21
b,21
upper,21
most,21
prehistoric,21
cultural,21
two,21
associated,21
later,20
they,20
into,20
development,20
study,20
well,20
london,20
middle,20
period,20
h,19
other,19
emergence,19
near,19
k,19
prehistory,19
years,19
persons,18
dwellings,18
who,18
s,17
thus,17
g,17
because,17
badarian,17
d,17
perhaps,17
low,17
archaeology,17
over,17
has,17
ca,17
might,16
ancient,16
origins,16
its,16
grain,16
suggest,16
community,16
chronology,16
rise,16
origin,16
dating,16
wenke,16
must,16
suggests,16
c,16
north,16
sahara,15
along,15
central,15
delta,15
funerary,15
society,15
trade,15
maadi,15
gerzean,15
area,15
beni,14
holocene,14
his,14
could,14
found,14
current,14
small,14
provided,14
south,14
units,14
high,14
cultures,14
remains,14
among,14
groups,13
western,13
old,13
dates,13
wendorf,13
age,13
dynastic,13
had,13
my,13
abteilung,13
floodplain,13
only,13
times,13
life,13
mud,13
report,13
goods,13
kom,13
kairo,13
although,13
chicago,13
polish,12
production,12
instituts,12
estimate,12
even,12
york,12
l,12
based,12
related,12
mitteilungen,12
regional,12
up,12
archaologischen,12
southern,12
model,12
measurements,12
size,12
group,11
studies,11
before,11
deutschen,11
within,11
storage,11
cambridge,11
artifacts,11
used,11
few,11
economic,11
academy,11
present,11
can,11
earliest,11
both,11
terminal,11
average,11
include,11
km,11
much,11
close,11
if,10
du,10
system,10
granaries,10
indicates,10
review,10
cemeteries,10
since,10
town,10
unit,10
subsistence,10
dated,10
methodist,10
saharan,10
academic,10
work,10
salama,10
around,10
several,10
industry,10
floods,10
lake,10
evolution,10
huts,10
sudan,10
animal,10
accounts,10
until,10
differentiation,10
recent,10
major,10
history,9
women,9
all,9
hunting,9
regarded,9
elements,9
similar,9
suggested,9
irrigation,9
greater,9
burial,9
revealed,9
people,9
status,9
t,9
change,9
cairo,9
others,9
many,9
water,9
badari,9
contacts,9
so,9
africa,9
here,9
paper,9
them,9
urban,9
african,9
die,9
washington,9
increase,9
final,8
ments,8
now,8
village,8
fluctuations,8
granary,8
emerged,8
oval,8
differences,8
kingdom,8
date,8
international,8
resources,8
stored,8
houses,8
levels,8
organization,8
clearly,8
recovered,8
neighboring,8
tombs,8
data,8
schild,8
order,8
cattle,8
amratian,8
already,8
towns,8
end,8
pattern,8
material,8
distance,8
range,8
like,8
northern,8
abundance,8
inhabitants,8
primarily,8
any,8
control,8
historical,8
theory,8
level,8
through,8
petrie,8
mode,8
land,8
science,8
built,8
per,7
complex,7
stone,7
placed,7
chief,7
lower,7
first,7
occasional,7
agriculture,7
vol,7
estimates,7
apparently,7
without,7
house,7
iconography,7
fishing,7
excavations,7
cannot,7
kg,7
basis,7
kings,7
wheat,7
presented,7
research,7
annual,7
abydos,7
world,7
und,7
preliminary,7
religious,7
legitimation,7
technology,7
included,7
same,7
areas,7
occupations,7
models,7
khartoum,7
another,7
sequence,7
plant,7
after,7
graves,7
relative,7
la,7
increasing,7
indicate,7
types,7
series,7
intergroup,7
set,7
cm,7
tomb,7
elkab,7
beginning,7
pits,7
our,7
supported,7
consisted,7
nilotic,6
center,6
modern,6
position,6
location,6
king,6
zur,6
variations,6
exchanges,6
above,6
dependence,6
american,6
distinct,6
served,6
developed,6
district,6
process,6
fish,6
lithic,6
kingship,6
vermeersch,6
least,6
stimulated,6
presence,6
villages,6
when,6
unification,6
service,6
barley,6
nubia,6
oasis,6
boundary,6
toward,6
hearths,6
grave,6
local,6
made,6
upon,6
flood,6
obtained,6
rippled,6
von,6
known,6
natural,6
anthropology,6
antiquity,6
bones,6
pit,6
phd,6
emphasis,6
transport,6
became,6
transition,6
formation,6
layers,6
integration,6
traditional,6
o,5
edge,5
common,5
estimated,5
way,5
les,5
imported,5
red,5
use,5
mostly,5
royal,5
pots,5
calibration,5
archaeo,5
strip,5
hoffman,5
wooden,5
simple,5
investigations,5
british,5
quantities,5
very,5
framework,5
hierarchy,5
against,5
relations,5
developments,5
back,5
fig,5
walls,5
supernatural,5
rather,5
earlier,5
ceramics,5
support,5
arid,5
benefits,5
elsewhere,5
just,5
n,5
shelters,5
management,5
centers,5
left,5
occupation,5
institute,5
iiber,5
scale,5
dwelling,5
exploration,5
representatives,5
rituals,5
bir,5
stage,5
long,5
fully,5
practices,5
located,5
single,5
donkey,5
rectangular,5
stones,5
beliefs,5
man,5
do,5
v,5
paris,5
less,5
including,5
engaged,5
individual,5
especially,5
field,5
southwest,5
postholes,5
factors,5
consists,5
today,5
continued,5
begin,5
bulletin,5
referred,5
began,5
covering,5
analysis,5
table,5
contained,5
linked,5
far,5
cultivation,5
what,5
economy,5
terms,5
yielded,5
measure,5
reached,5
comparable,5
does,4
antiquites,4
elite,4
fouilles,4
siedlung,4
occurred,4
total,4
certainly,4
military,4
mudbrick,4
nome,4
seems,4
nature,4
leading,4
farmers,4
government,4
reed,4
achieved,4
side,4
key,4
out,4
logical,4
west,4
x,4
overlooking,4
ritual,4
sand,4
conflict,4
human,4
millennium,4
domain,4
mixed,4
ostrich,4
ware,4
confirmed,4
terrace,4
recherches,4
act,4
growth,4
armant,4
burials,4
provinces,4
facilitated,4
traces,4
emmer,4
pullman,4
favored,4
followed,4
permanent,4
explain,4
important,4
sedentary,4
events,4
im,4
density,4
further,4
circular,4
levant,4
method,4
concept,4
part,4
knowledge,4
reduction,4
beginnings,4
structures,4
own,4
approach,4
regions,4
enclosures,4
hard,4
bank,4
habitation,4
core,4
results,4
digging,4
still,4
structural,4
scene,4
examined,4
marshes,4
morgan,4
under,4
light,4
department,4
noted,4
provide,4
motifs,4
cultivated,4
lack,4
farming,4
diameter,4
ground,4
covered,4
existing,4
axes,4
deep,4
flint,4
palestine,4
baskets,4
hieroglyphic,4
factor,4
resulting,4
enlargement,4
three,4
importance,4
function,4
features,4
evolutionary,4
craft,4
respectively,4
hunters,4
sur,4
relationship,4
figure,4
negev,4
grinding,4
construction,4
qarunian,4
boats,4
mother,4
fields,4
thick,4
considered,4
narmer,4
fertility,4
environment,4
dispersed,4
peoples,4
symbols,4
kemp,4
record,4
each,4
legitimated,4
wall,4
drop,4
whether,4
form,4
shortages,4
yield,4
personal,4
city,4
role,4
floodpiain,4
using,4
wild,4
numerous,4
wadi,4
abu,4
shift,4
archaic,4
roughly,4
straw,4
deposits,4
substantial,4
agyptischen,4
building,4
problem,3
mortuary,3
mostagedda,3
will,3
strategy,3
faced,3
episodes,3
wissenschaften,3
totally,3
appear,3
debris,3
he,3
ma,3
wildung,3
nyame,3
limestone,3
northward,3
ii,3
attempts,3
taken,3
rev,3
season,3
attempt,3
rare,3
asia,3
containing,3
available,3
suggesting,3
great,3
conditions,3
closer,3
room,3
survey,3
el,3
posts,3
environmental,3
ft,3
iii,3
east,3
egyptians,3
account,3
possible,3
point,3
europe,3
except,3
mellaart,3
fur,3
cited,3
himself,3
climatic,3
warfare,3
singled,3
domesticated,3
severe,3
mm,3
due,3
integral,3
terraces,3
relatively,3
attested,3
litt,3
palaeolithic,3
clay,3
items,3
ramessid,3
canal,3
sarurab,3
assyut,3
young,3
hardly,3
poznan,3
ment,3
capitals,3
industries,3
seventh,3
baharia,3
via,3
neolithischen,3
transformations,3
links,3
matmar,3
socioecology,3
di,3
represented,3
feathers,3
certain,3
assuming,3
references,3
ballas,3
white,3
means,3
settled,3
spreading,3
specialization,3
grains,3
four,3
commonly,3
mo,3
conflicts,3
conquest,3
lead,3
appearance,3
faunal,3
called,3
lived,3
her,3
deir,3
ogy,3
initial,3
popu,3
though,3
buried,3
domestication,3
residential,3
produced,3
dispersal,3
minshat,3
wide,3
gods,3
keeping,3
whole,3
place,3
plastered,3
documented,3
herding,3
artifact,3
akuma,3
good,3
published,3
excavated,3
distances,3
next,3
le,3
royale,3
excavation,3
family,3
dramatic,3
productivity,3
notes,3
finds,3
settle,3
chronometry,3
populations,3
calendric,3
limited,3
interactions,3
initially,3
movement,3
biological,3
yet,3
continuity,3
us,3
culture,3
alien,3
silos,3
shows,3
ceramic,3
macehead,3
palaeoclimate,3
death,3
fact,3
layer,3
interim,3
honor,3
nag,3
forms,3
outside,3
adjacent,3
where,3
nabta,3
see,3
ecology,3
discovery,3
israel,3
previously,3
narrowness,3
assume,3
national,3
full,3
california,3
theoretical,3
discovered,3
held,3
architectural,3
scorpion,3
men,3
roofs,3
facing,3
become,3
narrow,3
quibell,3
effect,3
dominance,3
equivalent,3
figures,3
develop,3
merger,3
manner,3
oxford,3
dead,3
belonged,3
sometimes,3
foreign,3
transformed,3
force,3
floor,3
vegypte,3
transformation,3
changes,3
existed,3
anthropological,3
following,3
elaborate,3
extending,3
adjoining,3
extension,3
entry,3
sherds,3
statistical,3
school,3
highly,3
rainfall,3
cemetery,3
specialized,3
different,3
grabungen,3
domestic,3
cities,3
essentially,3
uppermost,3
type,3
cal,3
game,3
unlikely,3
discharge,3
making,3
interval,3
sunk,3
while,3
correlates,3
produce,3
textual,3
cluster,3
reported,3
given,3
sea,3
kozlowski,3
hemamieh,3
com,3
obtain,3
families,3
arkell,3
writing,3
tions,3
remarks,3
wickiups,3
shown,3
symbolic,3
herds,3
caton,3
instead,3
inherent,3
temporal,3
attributes,3
potential,3
umm,3
maximum,3
element,3
abandoned,3
focus,3
strong,3
should,3
meeting,3
successive,3
rubble,3
annales,3
woven,2
fortified,2
kobusie,2
fayyum,2
functional,2
go,2
represent,2
culminated,2
lineages,2
expedition,2
luxor,2
bei,2
mesoamerica,2
conducted,2
offerings,2
mobility,2
cellars,2
second,2
rounded,2
bifacial,2
graze,2
drawings,2
favor,2
necessarily,2
unlike,2
title,2
holding,2
source,2
cultivable,2
vacademie,2
test,2
consistent,2
sprache,2
either,2
sources,2
identifying,2
societe,2
processes,2
give,2
eggshells,2
planting,2
rush,2
variables,2
predynastk,2
england,2
qasr,2
scarcities,2
universitaire,2
zeitschrift,2
prototypical,2
paramount,2
governed,2
potentially,2
producing,2
able,2
farther,2
hundred,2
take,2
deemed,2
horus,2
petty,2
improved,2
consist,2
cereal,2
similarities,2
nomadic,2
ernest,2
linear,2
anthropologists,2
capacity,2
motion,2
active,2
me,2
firm,2
drastic,2
design,2
haifa,2
implies,2
cooperation,2
denver,2
reaching,2
studi,2
faiyum,2
mutual,2
rooms,2
consumed,2
apart,2
taking,2
pairs,2
resembling,2
mat,2
corresponding,2
labor,2
clients,2
della,2
evident,2
multidimensional,2
ptolemaic,2
goddess,2
component,2
esti,2
difficulties,2
contemporaneous,2
thompson,2
handbuch,2
ability,2
adams,2
random,2
butzer,2
kind,2
turn,2
canoes,2
perspective,2
ombre,2
refer,2
mcc,2
body,2
columbia,2
lineage,2
reference,2
thin,2
geological,2
vorgeschichtlichen,2
look,2
spread,2
cosmic,2
general,2
adult,2
pronounced,2
transactions,2
fusion,2
rates,2
let,2
higher,2
permits,2
recognized,2
bull,2
ably,2
stock,2
main,2
across,2
generations,2
worldly,2
museum,2
centimeters,2
burnished,2
lasting,2
una,2
approaches,2
archiv,2
senior,2
kusasi,2
derived,2
direct,2
contributions,2
aquatic,2
kantor,2
undoubtedly,2
discoveries,2
productive,2
animals,2
consequences,2
space,2
asses,2
gathering,2
editing,2
shamarkian,2
buto,2
interspersed,2
ensure,2
civilizations,2
established,2
gular,2
producers,2
slate,2
shore,2
benefited,2
show,2
comparisons,2
beyond,2
linkage,2
queen,2
painted,2
subsidiary,2
silt,2
syntheses,2
sequences,2
dug,2
providing,2
subject,2
result,2
closely,2
came,2
pharaoh,2
discount,2
basin,2
erosion,2
vetch,2
hippopotamus,2
scaling,2
deal,2
demands,2
shared,2
zone,2
luxury,2
calibrated,2
term,2
meter,2
equally,2
focused,2
hinterland,2
corresponds,2
dynasty,2
recently,2
younger,2
seth,2
grounds,2
required,2
brooklyn,2
aridity,2
information,2
aspects,2
contracted,2
y,2
lied,2
responding,2
locus,2
decisions,2
invisible,2
prominent,2
nilotes,2
indigenous,2
palettes,2
special,2
older,2
nubian,2
issues,2
broad,2
queens,2
aggravated,2
actually,2
rows,2
transported,2
mathematical,2
tasa,2
mated,2
away,2
floors,2
systematic,2
showing,2
project,2
interpreted,2
attributed,2
oriental,2
quarterly,2
staple,2
solution,2
below,2
reliable,2
biometrika,2
krzyzaniak,2
involved,2
belt,2
dried,2
prob,2
replace,2
resolution,2
depression,2
latest,2
boundaries,2
coast,2
dem,2
st,2
dam,2
pot,2
am,2
actions,2
concomitant,2
survived,2
chronological,2
span,2
critical,2
therefore,2
press,2
approximate,2
situation,2
demand,2
ceremonial,2
implications,2
onset,2
variety,2
absence,2
various,2
identified,2
action,2
short,2
dampen,2
stores,2
thermoluminescence,2
heads,2
brief,2
heraldic,2
managerial,2
outer,2
direction,2
selection,2
pastoralists,2
fighting,2
agyptische,2
siltation,2
synchronous,2
potsherds,2
mission,2
rain,2
mobile,2
adjusted,2
formalized,2
baltimore,2
accelerated,2
al,2
vorbericht,2
alten,2
prehistoire,2
fairly,2
useful,2
french,2
law,2
accorded,2
klasse,2
flat,2
rock,2
added,2
demographic,2
crops,2
communal,2
bordering,2
longer,2
limit,2
fundamental,2
blocks,2
travaux,2
larger,2
banks,2
hiatus,2
fragments,2
typological,2
question,2
cation,2
centre,2
neolithique,2
ras,2
landscape,2
non,2
ultimately,2
polis,2
coincident,2
kaiser,2
incursions,2
fieldwork,2
woman,2
frequency,2
children,2
style,2
paleoclimatic,2
rectan,2
number,2
wood,2
boat,2
interpreting,2
crown,2
mean,2
collecting,2
extended,2
link,2
cult,2
sides,2
rapidity,2
raiders,2
strongly,2
sufficiently,2
manifestations,2
canals,2
largely,2
robinson,2
band,2
effectively,2
actual,2
recovery,2
individuals,2
examination,2
connected,2
improvements,2
theories,2
necessitated,2
libby,2
supposedly,2
meanings,2
wilson,2
urbanism,2
lakes,2
decorated,2
maintenance,2
crania,2
skulls,2
him,2
creating,2
filled,2
practiced,2
last,2
officials,2
exchange,2
interregional,2
domed,2
orientali,2
intercommunity,2
decide,2
margin,2
internal,2
publ,2
ornaments,2
shallow,2
hierarchical,2
structure,2
enemies,2
primitive,2
edn,2
pharaohs,2
hunt,2
palette,2
seasons,2
mixture,2
recall,2
bulk,2
ecological,2
usually,2
salient,2
five,2
adequacy,2
ideology,2
brunton,2
colleagues,2
male,2
dimensions,2
leiden,2
seen,2
playa,2
protodynastic,2
lations,2
zeriba,2
interplay,2
relevant,2
wickerwork,2
class,2
dans,2
norwegian,2
antiquities,2
urbanization,2
centuries,2
examine,2
heavy,2
aeolian,2
nomadism,2
ovicaprids,2
divisions,2
symbol,2
organizational,2
alternative,2
southward,2
helwan,2
correspond,2
sheep,2
expanding,2
shrine,2
stratigraphic,2
did,2
ubiquitous,2
post,2
feed,2
foundation,2
insecure,2
wiederaufnahme,2
believed,2
disputes,2
rural,2
bronze,2
places,2
hierakon,2
subterranean,2
growing,2
according,2
scholarly,2
explanations,2
sinai,2
arkinian,2
capita,2
investigation,2
stability,2
cooking,2
dallas,2
distribution,2
extent,2
archeologique,2
fodder,2
pursued,2
serie,2
samadai,2
huge,2
almost,2
pers,2
phenomena,2
infant,2
chronometric,2
son,2
origini,2
marked,2
step,2
pi,2
dakhleh,2
phenomenon,2
deities,2
au,2
ceramique,2
omar,2
ends,2
fred,2
storable,2
ushered,2
origines,2
contributed,2
fauna,2
uncalibrated,2
specialists,2
functionalist,2
compiled,2
droughts,2
oldest,2
mainz,2
association,2
campaign,2
khattara,2
summary,2
sedentariness,2
linearity,2
flora,2
wien,2
territories,2
setting,2
akad,2
activities,2
occur,2
ownership,2
interaction,2
vagaries,2
technological,2
household,2
smiting,2
unpredictable,1
entsendete,1
overlaid,1
centres,1
frequent,1
difficult,1
scepter,1
genetic,1
dominant,1
undertakings,1
margins,1
sing,1
malien,1
transportation,1
thwarted,1
tors,1
hub,1
anticipates,1
fouad,1
dominating,1
windbreaks,1
child,1
pearson,1
lation,1
flow,1
maadikultur,1
limits,1
degli,1
fertile,1
correlation,1
exacer,1
depen,1
generated,1
bericht,1
deuschen,1
populous,1
ranean,1
egypte,1
corporate,1
habitable,1
helipohs,1
schenkel,1
vienna,1
consort,1
created,1
reiches,1
wettest,1
truth,1
mercial,1
acre,1
asiatics,1
affected,1
consume,1
shrines,1
extend,1
paneled,1
resulted,1
destabil,1
findings,1
zaidan,1
frangais,1
hoff,1
beaten,1
branches,1
adoption,1
memoire,1
introduction,1
starts,1
junker,1
distributed,1
pools,1
mouth,1
passing,1
trash,1
needed,1
pendants,1
eaten,1
judged,1
achievements,1
flan,1
ample,1
subter,1
deltaic,1
tend,1
essays,1
scarp,1
friedhof,1
formed,1
live,1
peas,1
erster,1
wagnis,1
damon,1
saxon,1
true,1
sets,1
summaries,1
ways,1
subregional,1
item,1
chroni,1
amra,1
earthly,1
easily,1
notched,1
seriation,1
better,1
io,1
foreshadows,1
alterumskunde,1
conical,1
nord,1
naqada,1
former,1
brandt,1
mittleren,1
delibrias,1
fixed,1
plimpton,1
dove,1
refers,1
stan,1
inequality,1
rapporti,1
variants,1
eastward,1
siedlungsgeschichte,1
stochastic,1
zwischen,1
zizyphus,1
pitifully,1
summarily,1
pitched,1
bard,1
eye,1
incidences,1
meaningless,1
reich,1
sprawled,1
materials,1
fires,1
negative,1
predominantly,1
har,1
diffusion,1
reagent,1
round,1
said,1
notre,1
fabric,1
significantly,1
attribute,1
ausgrabungen,1
unearthed,1
destabilizing,1
undermine,1
lateral,1
philosophers,1
surmounted,1
modest,1
blue,1
chacmool,1
submit,1
every,1
acres,1
readability,1
avenues,1
analogic,1
jackson,1
connection,1
questions,1
pervasive,1
exclusive,1
exaggerated,1
originally,1
fund,1
cwt,1
gautier,1
meters,1
concentrated,1
rapid,1
zeraib,1
opted,1
insect,1
promoting,1
worked,1
advanced,1
egitto,1
official,1
winding,1
discontinuity,1
extralocal,1
transmission,1
definition,1
tion,1
falling,1
possibilities,1
shaped,1
scientifique,1
alexander,1
copy,1
excavating,1
agrarian,1
formulations,1
accompanied,1
friihen,1
geographicaljournal,1
undertake,1
munity,1
squat,1
confusion,1
gradual,1
floodbasins,1
analyses,1
exotic,1
rich,1
narrative,1
colloque,1
follows,1
spaced,1
fruits,1
studied,1
accommodated,1
amazonite,1
transferred,1
hinausreichenden,1
solutions,1
palatial,1
uncovered,1
mediterraneenne,1
dom,1
scheme,1
wields,1
representative,1
subsequent,1
expansion,1
hands,1
clarifications,1
alden,1
chipped,1
feature,1
harpoons,1
harmondsworth,1
persistence,1
inundation,1
rudimentary,1
electron,1
say,1
universite,1
stand,1
stoessinger,1
influences,1
raised,1
staff,1
judging,1
gifts,1
physical,1
activi,1
readiness,1
embankments,1
orientforschung,1
rainiest,1
forerunner,1
racial,1
papers,1
designs,1
determinative,1
ad,1
regent,1
orstom,1
magazines,1
issue,1
pl,1
con,1
inseparable,1
described,1
dearth,1
suspect,1
sophisticated,1
correlated,1
egyptologists,1
botanical,1
plain,1
verlag,1
crocodile,1
tie,1
eventual,1
anthropologischen,1
tjeheni,1
adverse,1
allocation,1
primary,1
bases,1
u,1
demography,1
muddled,1
rests,1
trays,1
acacus,1
resumption,1
heron,1
reminder,1
knife,1
distributing,1
responses,1
prior,1
politics,1
machinery,1
authentic,1
activity,1
xv,1
significance,1
firedogs,1
gerza,1
akonpolis,1
decoratifs,1
epigraphy,1
solely,1
duck,1
graberfelde,1
kulturgeschichte,1
nings,1
births,1
exaggerate,1
ions,1
stratigraphy,1
reflecting,1
privileged,1
carved,1
stub,1
literal,1
chart,1
direiwa,1
anticipated,1
heretical,1
decreasing,1
investing,1
minimum,1
mesoamerican,1
forged,1
prototype,1
plenty,1
melting,1
fixation,1
conclusively,1
palaeoecological,1
inventory,1
behavior,1
cursory,1
pursuing,1
sediment,1
learned,1
otherwise,1
frequencies,1
goal,1
associations,1
icons,1
lexikon,1
phase,1
oaxaca,1
includes,1
throughout,1
lover,1
systemic,1
tadrart,1
comments,1
affiliation,1
preparo,1
que,1
moved,1
entwicklung,1
southwestern,1
rhein,1
ifw,1
proceeded,1
sacred,1
cartographic,1
assyria,1
dotted,1
estimating,1
breaching,1
immediate,1
dynamics,1
quality,1
aha,1
depressions,1
forerunners,1
computerized,1
interior,1
pursuit,1
premises,1
tables,1
realized,1
winged,1
silent,1
dei,1
loro,1
divine,1
interest,1
characteristic,1
basal,1
sp,1
outshine,1
nonproducers,1
eoypt,1
occurs,1
rites,1
bone,1
bewasserungsrevolution,1
ergebnisse,1
uniformity,1
cf,1
logischen,1
writ,1
denote,1
fentlichungen,1
workers,1
assessment,1
janet,1
supremacy,1
century,1
privilege,1
dence,1
xe,1
z,1
affairs,1
ai,1
exercise,1
dis,1
priority,1
progressive,1
plausibility,1
rank,1
cases,1
inserted,1
sed,1
ation,1
symposium,1
tasian,1
person,1
desmond,1
historicity,1
keep,1
burgeoning,1
averaging,1
concerning,1
cali,1
amount,1
spanned,1
defensive,1
bread,1
ha,1
salvatore,1
speed,1
channels,1
graphically,1
merimdans,1
attests,1
compared,1
ally,1
arranged,1
maxima,1
mediator,1
third,1
reoccupation,1
alliances,1
kiseiba,1
denkschr,1
unequivocally,1
identify,1
dammed,1
hoes,1
vorbricht,1
skirmishes,1
constructs,1
gaze,1
mainlines,1
libyan,1
underemphasized,1
tarkhan,1
climates,1
generation,1
campagnes,1
valleys,1
footed,1
impressions,1
battles,1
mentioned,1
cobbles,1
phases,1
wiesbaden,1
van,1
aim,1
drained,1
loyal,1
inception,1
automatic,1
depiction,1
invaded,1
adequate,1
whose,1
benlsalama,1
played,1
upright,1
exact,1
dilemma,1
grundzuge,1
aimed,1
tarifian,1
admini,1
quasimodo,1
dry,1
proceedings,1
remnants,1
sort,1
basic,1
square,1
superficic,1
agyptischer,1
sizable,1
essavs,1
keepers,1
menghin,1
hie,1
myself,1
christine,1
environments,1
adopted,1
baumgartel,1
opportunity,1
geologie,1
mortar,1
unmatched,1
eight,1
ein,1
legendary,1
talk,1
entrances,1
promoted,1
adjustments,1
morgenland,1
consensual,1
plots,1
sociologists,1
sandy,1
matched,1
fluvial,1
lacking,1
illustrations,1
distant,1
upstream,1
awareness,1
future,1
overlooked,1
nagadakultur,1
flimsily,1
scattered,1
periodic,1
bach,1
supposed,1
memphis,1
shell,1
principio,1
thought,1
palace,1
involvement,1
neolithische,1
corroborated,1
wherein,1
sown,1
category,1
etzioni,1
vorgeschichte,1
acquisition,1
appli,1
lopsided,1
occu,1
ragged,1
tensions,1
consider,1
possibly,1
objects,1
river,1
littlewood,1
ms,1
presumably,1
kharga,1
eynan,1
section,1
sna,1
spirit,1
nor,1
numbers,1
hordeum,1
epipaleolithic,1
exploratory,1
accessibility,1
vassar,1
quarters,1
listed,1
falsified,1
enjoyed,1
semain,1
microscope,1
jars,1
superior,1
resource,1
albuquerque,1
depart,1
passed,1
armies,1
shed,1
goats,1
lumps,1
wydawnictwo,1
modeled,1
substantiated,1
evaluation,1
plates,1
neither,1
intermediary,1
compan,1
exploitation,1
plenum,1
shifted,1
proferred,1
encom,1
helped,1
calgary,1
provisional,1
inhabited,1
palaeoenvironments,1
view,1
stands,1
highest,1
dc,1
nsf,1
commanded,1
omari,1
cultivating,1
bureaucracy,1
thinks,1
ranges,1
raw,1
processing,1
avant,1
expressed,1
moving,1
standards,1
accom,1
chronologie,1
whom,1
conosco,1
pursuits,1
basalt,1
concentration,1
plateau,1
arrival,1
bearing,1
complexes,1
societies,1
kegan,1
fireplaces,1
tural,1
acknowledgments,1
caravans,1
search,1
explanatory,1
typical,1
access,1
attack,1
ambitious,1
separable,1
holmes,1
objectives,1
terminological,1
circa,1
criticisms,1
mudbricks,1
depictions,1
levantine,1
diet,1
ago,1
persist,1
captured,1
interpretations,1
picg,1
spinning,1
thames,1
arable,1
compromised,1
midway,1
westdelta,1
acquiring,1
embedded,1
grayish,1
fans,1
floodwater,1
akademie,1
delle,1
hippo,1
traced,1
pointing,1
traits,1
informed,1
choices,1
takhlis,1
leuven,1
war,1
purity,1
performed,1
reviews,1
elementi,1
levees,1
necessi,1
province,1
tools,1
appears,1
unites,1
promise,1
makeshift,1
hawwass,1
applied,1
frsu,1
hare,1
harvested,1
fashionable,1
extrapolation,1
revision,1
pollen,1
expedient,1
pleistocene,1
instrumental,1
facilities,1
dwellers,1
wright,1
triumph,1
equus,1
demigods,1
technical,1
warriors,1
shape,1
pigs,1
syria,1
gained,1
products,1
provincial,1
compel,1
sedimentological,1
network,1
learn,1
unequal,1
protected,1
perpetuated,1
einge,1
degrees,1
line,1
gains,1
decipherment,1
inferred,1
hydraulic,1
stuttgard,1
zeitung,1
grabstatte,1
mem,1
imports,1
stufe,1
obseragyptens,1
carries,1
conse,1
repetition,1
mented,1
reader,1
surfeit,1
elaborations,1
protohistoire,1
advancement,1
tens,1
purpose,1
unattended,1
example,1
apparent,1
partitioned,1
predynasric,1
symbolism,1
hays,1
actors,1
olsson,1
offood,1
pyramids,1
supreme,1
riveted,1
disserta,1
description,1
baffle,1
fence,1
binder,1
donkeys,1
mechtoids,1
loss,1
year,1
dynasties,1
continuation,1
kindly,1
art,1
intermediate,1
dritter,1
hammamat,1
pyramid,1
flight,1
collective,1
warranted,1
sjv,1
accumulation,1
unrestricted,1
scenes,1
risks,1
neue,1
nach,1
jahre,1
device,1
forces,1
occupied,1
disregarding,1
appreciated,1
employed,1
cat,1
il,1
compact,1
entails,1
manage,1
vorund,1
waterwork,1
miss,1
connections,1
client,1
trends,1
towards,1
refuse,1
basket,1
bration,1
earth,1
africanist,1
expended,1
multiplicity,1
legacy,1
optimal,1
andirons,1
mesopotamia,1
eine,1
permanence,1
esculenta,1
painting,1
sense,1
viable,1
basically,1
caused,1
nasr,1
working,1
tight,1
questionable,1
revolution,1
theoretically,1
seized,1
involve,1
monarchia,1
coupled,1
indicators,1
prehistorique,1
gezira,1
please,1
ginter,1
owned,1
diagnostic,1
acted,1
smudged,1
heat,1
underscore,1
soil,1
sufficient,1
ignore,1
accomplished,1
migration,1
multiple,1
affines,1
smithsonian,1
adversely,1
endowed,1
dust,1
components,1
ill,1
allotted,1
grow,1
breaking,1
diospolis,1
mi,1
newcomers,1
geomorphic,1
convey,1
decline,1
lithostratigraphy,1
climate,1
distinguished,1
ancestral,1
alluvial,1
tefedest,1
potent,1
crude,1
fekri,1
fertiliz,1
seed,1
cavities,1
justice,1
os,1
goat,1
dependent,1
commemorative,1
wife,1
introduced,1
motif,1
pa,1
correspondence,1
decision,1
matting,1
beach,1
roots,1
rinstitut,1
cheating,1
structuring,1
administra,1
hodson,1
orientate,1
reneging,1
content,1
vorgeschichtliche,1
commemorates,1
subsequently,1
periods,1
predynastique,1
settlers,1
eradicated,1
haas,1
beer,1
inset,1
morphology,1
happen,1
submissive,1
processual,1
tasks,1
partially,1
san,1
nomds,1
noteworthy,1
sons,1
intraas,1
exterior,1
minor,1
resides,1
expanse,1
bringing,1
tively,1
alia,1
deemphasizing,1
sudausdehnung,1
ymabusir,1
floodstages,1
separation,1
overlapped,1
mechanisms,1
indeed,1
overall,1
palaeoecology,1
agricul,1
play,1
intended,1
corporation,1
return,1
unequals,1
fruit,1
investments,1
periodicity,1
female,1
matrilineal,1
chronol,1
assurance,1
prevailing,1
concern,1
mystique,1
april,1
almqvtst,1
insignia,1
reconstruction,1
threshing,1
hu,1
expanded,1
predomi,1
domination,1
archao,1
afield,1
wind,1
perennial,1
grooved,1
iran,1
echo,1
hold,1
acute,1
westerly,1
sommaire,1
assigned,1
spectacular,1
freshwater,1
mythol,1
hoe,1
once,1
coherence,1
overview,1
uppsala,1
depicted,1
nouvelle,1
competition,1
loaded,1
ethnoarchaeoelogical,1
indus,1
asiatic,1
elaboration,1
housing,1
fascinating,1
security,1
read,1
accident,1
marginal,1
mono,1
serve,1
exactly,1
begged,1
hier,1
ring,1
sulle,1
reciproci,1
craniometric,1
freestanding,1
pressat,1
peers,1
harlan,1
disastrous,1
thesis,1
tries,1
coeval,1
smith,1
nonfixity,1
knoxville,1
robert,1
geschichtsuberlieferung,1
matson,1
earned,1
participants,1
paletnologia,1
home,1
une,1
millenaire,1
informal,1
symptom,1
rainless,1
note,1
professor,1
memoires,1
congruent,1
shifting,1
overemphasize,1
cahiers,1
chronique,1
fruhzeit,1
locality,1
encampments,1
topical,1
savants,1
reply,1
largest,1
belonging,1
inconclusive,1
cyperus,1
functions,1
reliance,1
toronto,1
lined,1
records,1
hearth,1
gravitation,1
assimilated,1
bar,1
pol,1
strata,1
penis,1
konigsfriedhof,1
hierakontouslfvw,1
double,1
volume,1
consistence,1
sahel,1
flnstitut,1
routes,1
simulation,1
walled,1
fire,1
pachur,1
endesfelder,1
name,1
wrapped,1
plundered,1
discussions,1
westward,1
technique,1
mediation,1
reeds,1
mark,1
affinities,1
sedentarization,1
desertification,1
pointed,1
wigwams,1
varies,1
pharaonic,1
redress,1
badarians,1
expose,1
gruel,1
rewarding,1
minority,1
consideration,1
hollow,1
treatment,1
onore,1
overwhelming,1
head,1
scholars,1
response,1
materialist,1
nostrand,1
superficial,1
jours,1
weeds,1
fleeing,1
essence,1
flimsy,1
bated,1
viii,1
lacks,1
rebuilding,1
reasoning,1
daily,1
really,1
anthro,1
nucleated,1
unforeseen,1
debates,1
figurines,1
adaima,1
contemporary,1
doubt,1
variation,1
antecedents,1
fruhgeschichte,1
minimize,1
roof,1
spindle,1
channel,1
ruler,1
anthropologist,1
never,1
ages,1
conclusions,1
hit,1
kit,1
bulky,1
cnrs,1
increases,1
en,1
secular,1
leibzig,1
developing,1
rabak,1
realms,1
conflation,1
coarse,1
funde,1
fm,1
intercala,1
pations,1
nance,1
suburb,1
containers,1
gender,1
disparity,1
poles,1
decorations,1
homeostatic,1
tated,1
einer,1
remarked,1
crouched,1
tarkha,1
polonaise,1
hamadi,1
routledge,1
zweiter,1
wiederaufnajme,1
manifested,1
ladder,1
shifts,1
identifiable,1
invasion,1
remained,1
mortars,1
border,1
synonym,1
das,1
mats,1
gesellschaft,1
nermer,1
egyptology,1
pooling,1
interrelated,1
paleocllmate,1
meant,1
accommoda,1
logists,1
vast,1
necklaces,1
dissimilar,1
campaigns,1
averaged,1
supplies,1
rulers,1
father,1
coherent,1
verof,1
spective,1
technol,1
considering,1
birth,1
subjugating,1
easier,1
assemblages,1
explanation,1
width,1
chronologies,1
ic,1
trajectory,1
formal,1
snakes,1
systematics,1
vexed,1
affinity,1
transgressive,1
homesteads,1
enhanced,1
ethnology,1
deserts,1
telos,1
hara,1
goes,1
reside,1
streams,1
warrior,1
herself,1
crafts,1
identity,1
skeletal,1
diegrabungder,1
encouraged,1
top,1
rationalization,1
empirical,1
flinders,1
significant,1
fed,1
complement,1
hypotheses,1
determining,1
alterunkunde,1
station,1
accession,1
virtually,1
vases,1
inneren,1
subjectional,1
congress,1
bemerkungen,1
ideas,1
harvard,1
catalyst,1
numbered,1
bitter,1
credited,1
domesti,1
maintains,1
cooked,1
auf,1
services,1
merit,1
hunted,1
raising,1
purposeful,1
reinforcing,1
uruk,1
ennoblement,1
naga,1
varsovie,1
involves,1
discontinuities,1
weaving,1
specimen,1
sunken,1
theses,1
kilometer,1
ties,1
scanning,1
open,1
explorations,1
clear,1
anthropol,1
historic,1
remaining,1
reality,1
emphasizing,1
adding,1
probleme,1
communicated,1
epipalaeolithic,1
comprehensive,1
officialdom,1
peripheral,1
hampered,1
language,1
diversified,1
newsletter,1
reputation,1
sustain,1
panstwowe,1
logic,1
spawned,1
prevents,1
evidently,1
fused,1
formaliz,1
causal,1
construc,1
watermelon,1
homes,1
allowed,1
philipp,1
characterized,1
revised,1
belongs,1
summer,1
poraneous,1
unconfirmed,1
curve,1
brewer,1
collected,1
linking,1
maximize,1
mammals,1
kramer,1
probable,1
households,1
structuralism,1
joined,1
black,1
modated,1
provides,1
manifesta,1
legitimating,1
latter,1
chalice,1
imagination,1
why,1
sanctuary,1
remember,1
droppings,1
enough,1
systems,1
ribbon,1
bordered,1
hamamieh,1
relation,1
institut,1
overcome,1
inauguration,1
infestations,1
britain,1
museen,1
intervillage,1
availability,1
james,1
improbable,1
seeking,1
danfiq,1
congres,1
comfortably,1
consumption,1
deutchen,1
slightly,1
barich,1
universita,1
neithotep,1
konigs,1
geography,1
maximal,1
slab,1
aswan,1
institution,1
poteries,1
semainian,1
payment,1
medicago,1
sociopolitical,1
brewing,1
retriev,1
concluded,1
widely,1
division,1
cereals,1
passee,1
clusters,1
separate,1
overlapping,1
incisive,1
culmination,1
compendium,1
genesis,1
percep,1
dealing,1
carried,1
primate,1
depth,1
yields,1
bestowal,1
quence,1
states,1
fueled,1
imply,1
spiral,1
surpassed,1
raison,1
characteristics,1
epoche,1
mitigate,1
chances,1
publishing,1
composed,1
scrutinized,1
pis,1
equals,1
she,1
perspectives,1
subdivided,1
independent,1
zas,1
movements,1
roma,1
darstellung,1
consent,1
pithoi,1
definizione,1
bound,1
claimed,1
attention,1
suspected,1
rough,1
hill,1
arrow,1
trigonella,1
alternate,1
resumed,1
regalia,1
viaggia,1
becomes,1
monuments,1
army,1
un,1
progressively,1
detailed,1
mots,1
festival,1
jar,1
contribution,1
universitat,1
originated,1
bins,1
inadequate,1
maceheads,1
traveled,1
spanning,1
parva,1
owed,1
archeologie,1
directorate,1
file,1
aegyptologische,1
sectueur,1
often,1
responsible,1
orientalistische,1
asinus,1
underscores,1
united,1
sheds,1
archaeozoology,1
surprising,1
frontier,1
magnification,1
elderly,1
stratified,1
ing,1
supporting,1
coordination,1
months,1
vorgeschichtsforschung,1
wickiup,1
face,1
unusual,1
problematic,1
pastoral,1
sheldon,1
monumental,1
resemble,1
equid,1
pay,1
seat,1
regularly,1
kromer,1
goldberg,1
niger,1
differentiated,1
acquired,1
formalization,1
graphs,1
abandonment,1
grazed,1
wars,1
variable,1
magical,1
curious,1
practised,1
eventually,1
egiziana,1
practice,1
aris,1
archaeologia,1
reckon,1
arrest,1
incised,1
version,1
changing,1
genetical,1
geh,1
gerzeh,1
skeleton,1
derricourt,1
minneapolis,1
verbffentlichungen,1
tinstitut,1
demonstrate,1
extensive,1
abkan,1
geographic,1
rosetta,1
scarcely,1
hypothesized,1
nonempirical,1
continues,1
subclusters,1
mitteihingen,1
exposition,1
scrutiny,1
palaeogeography,1
grazing,1
mia,1
regime,1
masses,1
intermittently,1
playas,1
occurrences,1
unexpected,1
underscoring,1
temple,1
contains,1
meat,1
ricerca,1
appealing,1
jemdet,1
offers,1
sustained,1
wider,1
quaternary,1
predinastico,1
napoleonic,1
orientalistik,1
cliffs,1
shortcoming,1
know,1
volta,1
berkeley,1
mass,1
forschungen,1
einwanger,1
intellectual,1
image,1
descent,1
deutches,1
wetting,1
workmen,1
ancestor,1
share,1
folk,1
derry,1
writer,1
prolific,1
extraction,1
sizes,1
eventful,1
spoil,1
innovations,1
seem,1
albeit,1
best,1
unknown,1
ababda,1
down,1
gazelle,1
synchronism,1
brick,1
sensational,1
compte,1
residency,1
assemblage,1
amounted,1
reminiscent,1
regard,1
chalcolithic,1
loyalty,1
followers,1
then,1
bedouins,1
humid,1
tahaggar,1
plateaus,1
speculation,1
archaologisches,1
anzeiger,1
ff,1
sustaining,1
rely,1
infer,1
recherche,1
equilibrium,1
benefit,1
proved,1
reflected,1
ritchie,1
geschichte,1
examining,1
manuel,1
past,1
closest,1
proposed,1
passage,1
hellal,1
rendus,1
tibia,1
instant,1
interactive,1
destroyed,1
concrete,1
turned,1
cavelike,1
millennia,1
recalibrated,1
lens,1
edinburgh,1
born,1
stratigrafica,1
wit,1
menes,1
heliopolis,1
recession,1
dendrochronologic,1
meticulous,1
nonsystematic,1
ones,1
cordiform,1
plants,1
together,1
orleans,1
sociology,1
nearby,1
males,1
monsoonal,1
ed,1
emblems,1
maintain,1
covers,1
abt,1
contemporaries,1
seasonal,1
storm,1
map,1
microstratigraphy,1
holo,1
mathematics,1
inscriptions,1
consisting,1
transaction,1
waters,1
elkabian,1
daggers,1
floodstage,1
foundations,1
remedies,1
thousands,1
require,1
secure,1
hypothesize,1
barely,1
migrations,1
underemphasizes,1
dendara,1
property,1
limitations,1
minimal,1
episode,1
adornments,1
hundreds,1
lends,1
contain,1
redman,1
exclusively,1
integrating,1
spaces,1
conference,1
zeribas,1
weide,1
paleoclimates,1
outline,1
paintings,1
presumed,1
bd,1
entrance,1
conclude,1
clarias,1
affecting,1
tightening,1
contemporaneity,1
energy,1
preferable,1
wedding,1
armani,1
leicester,1
ingenious,1
prevalent,1
erech,1
docu,1
possession,1
shabona,1
plans,1
maadians,1
lies,1
administration,1
agents,1
internment,1
southerners,1
vttarkhan,1
postilla,1
suoan,1
immaterial,1
lab,1
friihzeit,1
manufacturing,1
discussion,1
roofed,1
epistemic,1
paucity,1
maintained,1
isolated,1
representation,1
fine,1
goals,1
worshippers,1
aspect,1
kjoekkenmoeddings,1
think,1
construed,1
ization,1
leap,1
spells,1
superseded,1
shores,1
literatur,1
ian,1
archaologische,1
wissenschaftliche,1
refugees,1
sediments,1
locations,1
lists,1
backyard,1
tumuli,1
difference,1
reaction,1
fruhpredynastischen,1
deltakulturen,1
powers,1
lands,1
naqadian,1
initiated,1
intensified,1
advent,1
similarity,1
dazzling,1
northwesterly,1
protohistoric,1
camps,1
institutional,1
frage,1
frame,1
chemical,1
agyptologie,1
badrian,1
hazarded,1
complessi,1
details,1
crisis,1
documentation,1
course,1
offer,1
prolonged,1
scharff,1
stellung,1
longest,1
harder,1
cognitive,1
usa,1
need,1
lured,1
constructed,1
guiding,1
intervalfrom,1
obscurity,1
tabular,1
ier,1
involving,1
resinous,1
swings,1
geographie,1
colo,1
attempted,1
plentiful,1
michel,1
frontal,1
presenting,1
francisco,1
geus,1
maintaining,1
comparison,1
headman,1
mobilized,1
thousand,1
observation,1
specific,1
vlnstitut,1
occurring,1
daubed,1
klein,1
themselves,1
comptes,1
fowling,1
maadl,1
hills,1
nucleation,1
text,1
vary,1
rescuing,1
era,1
qena,1
formes,1
enterprise,1
super,1
sharing,1
supervision,1
array,1
dark,1
geographica,1
texts,1
views,1
northwestern,1
little,1
enforce,1
heir,1
duration,1
herders,1
conventions,1
nation,1
observed,1
unequivocal,1
arnold,1
rivista,1
asphalt,1
libyans,1
indicating,1
otto,1
tubers,1
contem,1
symbiotic,1
barter,1
sacra,1
grants,1
algorithm,1
