WORDCOUNTS,WEIGHT
the,1198
of,822
and,782
in,323
a,235
to,218
i,213
neolithic,156
pp,150
is,145
with,145
baikal,140
lake,133
grave,131
on,131
from,129
early,129
kitoi,127
p,126
for,116
this,116
bone,110
age,109
human,107
mamonova,105
as,100
are,99
that,98
gl,98
bronze,93
region,92
culture,91
pottery,90
n,88
serovo,82
by,82
at,74
v,72
graves,70
sites,65
loia,63
have,60
be,59
dates,58
been,58
burial,54
layer,53
was,52
glazkovo,52
or,51
m,49
has,49
also,49
radiocarbon,49
igu,48
it,46
bc,45
were,45
ba,44
more,44
style,43
ki,42
late,41
angara,40
not,40
site,39
no,37
living,37
most,35
et,35
evidence,35
g,34
o,33
se,33
all,32
some,32
but,32
two,32
an,32
upper,31
new,31
model,31
material,31
gorelyi,31
middle,31
ii,30
other,30
only,30
which,29
mesolithic,28
during,28
gosudarstvennyi,28
these,28
archaeological,28
irkutskii,28
very,28
okladnikov,27
dating,27
between,27
fig,26
weber,26
such,25
na,25
part,25
its,25
ia,25
isakovo,25
layers,25
berdnikova,24
millennium,24
fieldwork,24
shumilikha,24
both,24
history,23
burials,23
les,23
well,23
settlement,23
known,23
cultures,23
complex,22
one,22
khaita,22
styles,22
than,22
cultural,22
because,22
personal,22
about,22
soan,22
table,22
stone,21
fofanovo,21
research,21
end,21
their,20
various,20
years,20
area,20
lena,19
communication,19
net,19
beginning,19
belaia,19
issledovaniia,18
since,18
basin,18
basis,18
ages,18
entire,18
s,17
l,17
earlier,17
period,17
comb,17
r,16
social,16
few,16
irkutsk,16
goriunova,16
while,16
vessels,16
should,16
vol,15
even,15
impressions,15
b,15
use,15
iii,15
presented,15
novosibirsk,14
dated,14
lithic,14
excavated,14
composite,14
features,14
nos,14
lokomotiv,14
often,14
following,14
associated,14
po,13
ityrkhei,13
available,13
there,13
similarities,13
correlation,13
similar,13
third,13
materials,13
scholars,13
variation,13
number,13
siberia,13
uliarba,13
dissertation,13
cemetery,13
according,13
ulan,13
e,12
position,12
into,12
khuzhir,12
used,12
multilayered,12
island,12
regional,12
lack,12
areas,12
three,12
given,12
con,11
ritual,11
arkheologii,11
university,11
w,11
based,11
appearance,11
produced,11
relative,11
quite,11
do,11
less,11
would,11
obkhoi,11
complexes,11
major,11
frequent,10
now,10
they,10
large,10
those,10
tyshkine,10
vostochnoi,10
drevnie,10
development,10
sinitsyna,10
like,10
study,10
k,10
semenovo,10
important,10
suggested,10
fish,10
results,10
chronological,10
khada,10
fifth,10
strata,10
toward,10
academy,10
drevnosti,10
sibiri,10
srednei,10
copper,10
kazachka,10
later,9
continuity,9
bp,9
first,9
state,9
holocene,9
prehistory,9
data,9
identified,9
patterns,9
mortuary,9
times,9
iuga,9
pamiatniki,9
provide,9
usually,9
any,9
phd,9
models,9
include,9
summary,9
does,8
he,8
arrowheads,8
ussr,8
origin,8
hunting,8
last,8
date,8
general,8
nizhne,8
charcoal,8
greater,8
fishing,8
population,8
sagan,8
artifacts,8
poseleniia,8
people,8
documented,8
stage,8
small,8
presence,8
second,8
synthesis,8
issues,8
problemy,8
including,8
so,8
she,8
continued,8
analysis,8
stratified,8
rim,8
paper,8
stratigraphic,8
correlate,8
through,8
vi,8
seredkino,8
calibrated,7
izvestia,7
considerably,7
issue,7
figs,7
marked,7
de,7
may,7
support,7
had,7
fourth,7
prismatic,7
younger,7
work,7
archaeology,7
medvedev,7
limited,7
neolit,7
older,7
motifs,7
pattern,7
forms,7
central,7
gerasimov,7
vii,7
stages,7
can,7
field,7
primarily,7
khlobystin,7
geographic,7
angare,7
neoliticheskie,7
role,7
uncalibrated,7
typically,7
substantial,7
nephrite,7
tion,6
foraging,6
anthropology,6
attempt,6
seems,6
oval,6
differences,6
within,6
context,6
far,6
still,6
makarovo,6
clay,6
excavations,6
back,6
body,6
arkheologiia,6
rather,6
notion,6
numbers,6
slate,6
show,6
surface,6
prehistoric,6
typical,6
mainly,6
appears,6
placed,6
lithics,6
either,6
bronzovyi,6
around,6
characteristics,6
pot,6
horizons,6
populations,6
verkholensk,6
reference,6
technology,6
analytical,6
narodov,6
ceramic,6
many,6
shows,6
viii,6
nauk,6
present,6
where,6
yenisei,6
made,6
sequence,6
angary,6
clear,6
co,6
lines,6
who,6
antiquity,6
poselenie,6
correspond,6
half,6
current,6
better,6
problem,6
reported,6
world,6
d,6
defined,6
association,6
c,6
difficult,5
groups,5
resulted,5
american,5
leningrad,5
h,5
excavation,5
pots,5
t,5
j,5
discontinuity,5
feature,5
ornamentation,5
possible,5
enisei,5
includes,5
arkheologicheskie,5
raskopok,5
refer,5
arranged,5
determinations,5
raskopki,5
his,5
process,5
subsistence,5
direct,5
changes,5
river,5
established,5
mnogosloinogo,5
decades,5
appear,5
my,5
cd,5
veka,5
could,5
found,5
out,5
drevniaia,5
inferred,5
description,5
believes,5
habitation,5
widely,5
yielded,5
sosnovyi,5
using,5
siberian,5
led,5
foragers,5
brief,5
above,5
biological,5
chronology,5
addition,5
projects,5
vek,5
discussed,5
simple,5
never,5
iarki,5
discussion,5
evolution,5
latter,5
respectively,5
indicate,5
earliest,5
considered,5
detail,5
version,5
believed,5
extensive,5
objects,5
here,5
different,5
regard,5
goods,5
historical,5
iv,5
contain,5
little,5
despite,5
eb,5
question,5
correlated,5
oldest,5
deposits,5
much,5
recent,5
horizontal,4
common,4
naseleniia,4
iuge,4
studies,4
total,4
before,4
source,4
neoliticheskikh,4
might,4
rims,4
rich,4
subsequent,4
separated,4
sd,4
somewhat,4
x,4
thus,4
uniformity,4
distinct,4
fishhook,4
meso,4
left,4
seal,4
distribution,4
russian,4
probably,4
soviet,4
compatible,4
drevnikh,4
represented,4
kurkut,4
four,4
ranges,4
tarasov,4
combinations,4
base,4
im,4
further,4
absolute,4
bow,4
wide,4
near,4
aspects,4
beginnings,4
vsorgo,4
gear,4
podostorozhnoe,4
leny,4
change,4
instituta,4
straight,4
bukhte,4
lug,4
progress,4
pogrebeniia,4
provided,4
preliminary,4
educhanka,4
south,4
will,4
short,4
bratsk,4
yet,4
museum,4
opportunities,4
sulerzhitskii,4
ancient,4
nature,4
complete,4
same,4
useful,4
decoration,4
others,4
communal,4
konopatskii,4
proliferation,4
substantially,4
covered,4
relevant,4
see,4
wood,4
extended,4
sixth,4
entirely,4
food,4
drevnego,4
rare,4
gpi,4
istoriia,4
theoretical,4
open,4
authors,4
publication,4
decorated,4
bratskii,4
pearl,4
outside,4
interpretations,4
slightly,4
ozera,4
we,4
zaba,4
sometimes,4
arrow,4
itself,4
kushnareva,4
types,4
materialy,4
cover,4
over,4
folk,4
best,4
report,4
particularly,4
ar,4
shide,4
essentially,4
advances,4
what,4
coast,4
correlates,4
verkhnei,4
information,4
almost,4
suggests,4
unilinear,4
pits,4
cl,4
com,4
materialam,4
ix,4
strong,4
although,4
need,4
increased,4
vessel,4
irkutskoi,4
valley,4
evi,4
focus,4
observed,4
if,3
stylistic,3
arctic,3
summaries,3
baikala,3
modern,3
former,3
western,3
antropologii,3
istoria,3
zaiarsk,3
oklad,3
nineteenth,3
practices,3
lower,3
gap,3
kholmushino,3
preceding,3
archae,3
retouched,3
etnograficheskie,3
confirmed,3
tradition,3
display,3
typological,3
follows,3
scheme,3
fishhooks,3
cemeteries,3
mr,3
pogrebenie,3
advocates,3
suspect,3
blades,3
recorded,3
translations,3
discuss,3
zakuta,3
moscow,3
west,3
point,3
bottom,3
separating,3
sssr,3
regarding,3
ok,3
bukhty,3
review,3
khlobys,3
due,3
characteristic,3
relations,3
relatively,3
elements,3
items,3
old,3
pri,3
six,3
y,3
journal,3
applique,3
traditions,3
manzurka,3
lugovaia,3
smoothed,3
whose,3
soobshcheniia,3
stoianki,3
arkheologicheskii,3
category,3
cause,3
organization,3
griaznov,3
record,3
frequently,3
additional,3
metal,3
inter,3
density,3
though,3
tools,3
recently,3
applied,3
explored,3
patriarchal,3
novye,3
none,3
cord,3
apparent,3
shanks,3
iz,3
floors,3
status,3
bronzovogo,3
regions,3
elgai,3
least,3
below,3
wider,3
knives,3
industry,3
core,3
annual,3
kamennogo,3
deer,3
promising,3
dietary,3
society,3
periods,3
polished,3
gradual,3
overall,3
tery,3
exception,3
stratigraphy,3
adze,3
chaeological,3
va,3
relationship,3
kratkie,3
represents,3
cor,3
lab,3
light,3
containing,3
published,3
technique,3
rows,3
borki,3
efforts,3
diverse,3
enough,3
obshchestvennykh,3
ground,3
michael,3
distance,3
neo,3
another,3
assemblages,3
upon,3
poselenii,3
attributed,3
findings,3
continue,3
popovskii,3
kachalova,3
significance,3
stress,3
dominated,3
characterized,3
revised,3
geographically,3
skulls,3
filled,3
provides,3
ap,3
especially,3
parallel,3
pro,3
displayed,3
hunters,3
adaptations,3
connections,3
opinions,3
reliable,3
assigned,3
five,3
verkhniaia,3
fewer,3
means,3
collections,3
detailed,3
kharansa,3
diagnostic,3
when,3
face,3
canada,3
komarova,3
sections,3
marks,3
seriia,3
series,3
continues,3
etnografii,3
each,3
east,3
seem,3
believe,3
mys,3
glubokii,3
bones,3
distinctive,3
past,3
works,3
type,3
stamps,3
investigation,3
spatial,3
selected,3
form,3
supports,3
pamiatnikov,3
badarma,3
axis,3
her,3
differs,3
local,3
otchet,3
facial,3
sea,3
ac,3
transition,3
phenomenon,3
definitions,3
shown,3
numerous,3
morphologically,3
dannym,3
sur,3
meeting,3
pseudo,3
remains,3
pogrebenii,3
specific,3
chicago,3
avg,3
debate,3
traditional,3
among,3
technological,3
showed,3
quaternary,3
neolita,2
zhdanov,2
akademii,2
samples,2
indicated,2
implying,2
paleoetnologicheskie,2
asymmetric,2
red,2
introduction,2
mobility,2
identify,2
ma,2
formed,2
cove,2
med,2
english,2
postdepositional,2
justified,2
pamiatnik,2
mnogosloinoi,2
em,2
variety,2
kompleks,2
opkhon,2
accumulation,2
consistent,2
lateral,2
sub,2
kitoiskaia,2
advanced,2
departure,2
asia,2
sup,2
accompanied,2
vegetation,2
consist,2
niasha,2
classified,2
shchukino,2
montreal,2
strati,2
eastern,2
vostochnyii,2
versions,2
primary,2
ovodov,2
sexual,2
rests,2
northeast,2
quantities,2
outlying,2
intro,2
paucity,2
mutual,2
preceramic,2
bent,2
community,2
occurring,2
combination,2
beloi,2
fofanovskogo,2
ekspeditsii,2
chevrons,2
relate,2
representing,2
identifies,2
diversity,2
exist,2
labor,2
microblade,2
interments,2
neoliticheskii,2
relationships,2
precedes,2
immediate,2
calculated,2
objective,2
initially,2
unpublished,2
kulgana,2
mixed,2
verkhne,2
century,2
dence,2
asymmetrical,2
z,2
kind,2
dis,2
transitional,2
ware,2
drainage,2
archaeol,2
kharansy,2
boundary,2
graphically,2
compared,2
ally,2
truly,2
publications,2
spite,2
critique,2
bronzy,2
coasts,2
iamnaia,2
typified,2
poor,2
terminations,2
reflects,2
niashenskii,2
main,2
scrapers,2
levels,2
cremation,2
presentation,2
mean,2
environments,2
deliberately,2
associate,2
protrusions,2
eight,2
ex,2
certain,2
plots,2
winters,2
mnogosloinyi,2
paleolithic,2
neoliticheskoi,2
consider,2
physically,2
osobennosti,2
branch,2
section,2
proposed,2
argued,2
rabot,2
orientation,2
esting,2
urala,2
follow,2
fre,2
view,2
osteological,2
kharansin,2
paddle,2
uses,2
europoid,2
epokhi,2
vitkovskii,2
bearing,2
strongly,2
posorsk,2
radical,2
ogy,2
representative,2
reasons,2
institute,2
bands,2
treat,2
duced,2
vedev,2
cannot,2
scale,2
metals,2
khotoruk,2
shape,2
revealed,2
gatherers,2
malaia,2
already,2
tool,2
prominent,2
characterization,2
crude,2
example,2
ocher,2
quently,2
sarminskii,2
related,2
iia,2
reliance,2
egalitarian,2
continuation,2
consistently,2
place,2
partly,2
blade,2
round,2
lenkovka,2
korkino,2
preparation,2
horizon,2
concave,2
neoliticheskoe,2
approach,2
cooccur,2
drevnei,2
tanged,2
good,2
normally,2
corresponds,2
next,2
hole,2
ological,2
several,2
vostochnyi,2
decline,2
distinguished,2
mezolit,2
generally,2
st,2
majority,2
perekat,2
geographical,2
nekotorye,2
f,2
noteworthy,2
exterior,2
located,2
labeled,2
glaz,2
female,2
make,2
southern,2
usu,2
communities,2
likely,2
examined,2
thought,2
itogi,2
included,2
al,2
definition,2
ornamental,2
department,2
reports,2
lined,2
science,2
mark,2
decorative,2
demographic,2
treatment,2
minnesota,2
together,2
distributions,2
mor,2
drs,2
unit,2
accepted,2
vozrast,2
sh,2
deep,2
chronologically,2
native,2
project,2
rovo,2
assemblage,2
chalcolithic,2
casting,2
sions,2
original,2
ject,2
understanding,2
treated,2
discovery,2
explanation,2
range,2
chronologies,2
okladnikovs,2
enormous,2
previously,2
increase,2
significant,2
rannii,2
provenience,2
recovery,2
issledovanii,2
laboratory,2
examination,2
low,2
remaining,2
compressed,2
perpendicular,2
individual,2
fedorovskii,2
divisions,2
plant,2
played,2
harpoon,2
after,2
abundant,2
graphic,2
eba,2
plate,2
cording,2
northern,2
firmed,2
saw,2
evaluated,2
caution,2
modifications,2
veksler,2
buluk,2
immigration,2
niurgon,2
division,2
separate,2
sostoianie,2
revolved,2
space,2
carried,2
depth,2
voprosu,2
para,2
today,2
publishing,2
baikale,2
crucial,2
bclaia,2
kovo,2
male,2
tin,2
un,2
verkhnego,2
millennia,2
unclear,2
kompleksy,2
shelot,2
ing,2
combines,2
arrowhead,2
spalls,2
emerging,2
graphs,2
metallurgy,2
rarely,2
kulara,2
nizhneseredkino,2
needs,2
ever,2
log,2
sibirskii,2
temporal,2
text,2
alternative,2
column,2
set,2
cm,2
global,2
kalashnikova,2
down,2
intrusive,2
harpoons,2
inquiry,2
isotopic,2
reflected,2
nuge,2
respect,2
growing,2
animal,2
cal,2
game,2
combined,2
them,2
particular,2
larki,2
artifactual,2
depopulation,2
densities,2
studying,2
sovremennoe,2
minimal,2
outline,2
multiple,2
introduced,2
technologies,2
marble,2
confirm,2
techniques,2
taiga,2
exceeded,2
finish,2
snow,2
our,2
until,2
roots,2
average,2
geor,2
initiated,2
advent,2
morphological,2
value,2
approximately,2
integrated,2
ikm,2
canadian,2
green,2
manufacture,2
involving,2
classification,2
am,2
charac,2
supported,2
paleontologicheskie,2
iunova,2
justify,2
vary,2
exclusively,2
sciences,2
re,2
duration,2
immediately,2
conventions,2
north,2
famous,2
alberta,2
southeastern,2
occur,2
zhiloi,2
carved,1
countryside,1
drevnem,1
amulets,1
inward,1
calities,1
rate,1
done,1
freezes,1
cherepa,1
lation,1
oriented,1
istochnik,1
invalidated,1
sterile,1
way,1
conflicting,1
decreasing,1
knizhnoe,1
rev,1
drag,1
preted,1
raneous,1
opin,1
till,1
created,1
musk,1
cussion,1
alleg,1
expedition,1
basseina,1
intriguing,1
keramika,1
adoption,1
mitered,1
flexed,1
isak,1
pushed,1
distributed,1
nizhnei,1
mongoloid,1
village,1
khimicheskoi,1
group,1
reflection,1
needed,1
aceramic,1
pendants,1
replaced,1
versial,1
chard,1
noncomposite,1
ginning,1
bor,1
enhance,1
multifaceted,1
responsi,1
precede,1
diversification,1
linkages,1
tures,1
vosstanovleniia,1
true,1
nekotorykh,1
mous,1
scribing,1
bifacial,1
sudden,1
easily,1
mnogosloinoe,1
sturgeon,1
ms,1
karapchanka,1
gievskaia,1
trace,1
pavements,1
flicting,1
pau,1
tween,1
yielding,1
variants,1
baruzdin,1
expressed,1
riod,1
connotations,1
ustvbeloi,1
migration,1
revision,1
terized,1
ancestor,1
corresponding,1
sequential,1
ilime,1
properties,1
limestone,1
women,1
znachenie,1
leads,1
disturbances,1
arms,1
culpa,1
kachug,1
bkm,1
concepts,1
archaeologists,1
retrospection,1
stressed,1
succeed,1
hence,1
invention,1
long,1
every,1
certainly,1
imprints,1
localities,1
posed,1
distinguishing,1
questions,1
straddles,1
interests,1
decor,1
fund,1
give,1
attempts,1
taken,1
symmetrical,1
meters,1
abound,1
concentrated,1
alveolar,1
progression,1
lifestyle,1
fragmentary,1
etnografiia,1
analogies,1
andrzej,1
parties,1
principles,1
reexamined,1
wooden,1
mercilessly,1
poselenia,1
notching,1
assess,1
suggesting,1
daily,1
analiza,1
riety,1
great,1
thank,1
incongruity,1
increas,1
accumulated,1
pressed,1
disappearance,1
sometime,1
link,1
farther,1
reveal,1
generalizations,1
concludes,1
composition,1
launched,1
argue,1
datnego,1
resulting,1
depres,1
clarifications,1
biologicheskie,1
basins,1
golotsena,1
devised,1
obukheikha,1
greatly,1
raised,1
mlekopitaiushchie,1
reminiscent,1
opposite,1
suspension,1
ad,1
proposals,1
tinue,1
problematical,1
nodes,1
case,1
refute,1
spherical,1
sel,1
konovalovskii,1
lam,1
plain,1
key,1
continuum,1
muzeefikatsii,1
tal,1
bases,1
america,1
demography,1
right,1
itoigi,1
indirectly,1
announced,1
typi,1
determined,1
cooperation,1
activity,1
ozere,1
sumption,1
solely,1
alter,1
whitefish,1
abandoned,1
otchetnaia,1
fine,1
idei,1
plemented,1
say,1
uda,1
rela,1
paving,1
establishment,1
burins,1
resources,1
classifications,1
quantity,1
bilaterally,1
liberal,1
tsentravnoi,1
tsiklodrom,1
along,1
resembling,1
posopsk,1
vasirevskii,1
toi,1
collection,1
penetrate,1
inventory,1
reliably,1
oncoming,1
keramicheskii,1
funded,1
exposed,1
riutino,1
repeatedly,1
goal,1
paleoantropologicheskim,1
serovskikh,1
ty,1
accessible,1
khaptsagai,1
etapy,1
mesticates,1
southwestern,1
opredelenie,1
sootnoshenie,1
deteriorates,1
undistinguishable,1
explained,1
component,1
difficulties,1
dynamics,1
quality,1
accounted,1
mm,1
intentional,1
depressions,1
contempo,1
against,1
september,1
interest,1
patchy,1
dozen,1
ease,1
ability,1
isorii,1
lationship,1
osnovy,1
furnishing,1
shaft,1
occurs,1
grouped,1
coexistence,1
azii,1
regarded,1
rooted,1
extensively,1
expected,1
slabs,1
priority,1
turn,1
cases,1
resting,1
developments,1
speculative,1
symposium,1
underlying,1
smorodovaia,1
david,1
perspective,1
niques,1
raises,1
ver,1
concerning,1
convincing,1
kompleksa,1
boar,1
inclusion,1
plotting,1
continuous,1
effective,1
datirovanie,1
witnessed,1
canine,1
estimate,1
mechanical,1
unequivocally,1
hybrid,1
identifications,1
drawn,1
demograficheskie,1
obscure,1
deceased,1
vice,1
cf,1
raskopkakh,1
tentatively,1
deco,1
stratum,1
deeply,1
sviniarnik,1
conducting,1
traced,1
sition,1
came,1
transactions,1
handful,1
evenly,1
essen,1
ment,1
belonging,1
berloga,1
epony,1
mentioned,1
phases,1
ovkhon,1
lesser,1
affiliations,1
ers,1
assessed,1
gorizontov,1
arkheologicheskikh,1
cluding,1
mea,1
mezoliticheskie,1
recognized,1
zubkov,1
exact,1
subjected,1
camp,1
bring,1
contin,1
sibir,1
absent,1
across,1
paleopedological,1
remain,1
basic,1
square,1
landscape,1
bifaces,1
sw,1
poses,1
dealt,1
fications,1
nauchnaia,1
granted,1
collec,1
kharakteristika,1
importance,1
makrushino,1
leave,1
derived,1
parts,1
amorphous,1
dalekoe,1
ceramics,1
igirma,1
aquatic,1
paleontropologia,1
matched,1
cave,1
lacking,1
danger,1
distant,1
lay,1
receding,1
summarized,1
animals,1
augmented,1
ves,1
evolu,1
conifers,1
factors,1
peabody,1
raiona,1
consistency,1
shell,1
proclaimed,1
raymond,1
exceptional,1
tooth,1
kocherga,1
paragraphs,1
circulated,1
monumental,1
pared,1
tusk,1
center,1
possibly,1
izucheniia,1
tinental,1
rated,1
organized,1
slowly,1
kazachie,1
clearly,1
proved,1
elsewhere,1
days,1
reconstructions,1
elevated,1
twoand,1
impact,1
kratkaia,1
daggers,1
reviewed,1
eolian,1
too,1
xi,1
raione,1
horizontally,1
stroeniia,1
prinadlezhashchikh,1
pamiatnika,1
smudge,1
temporaneous,1
beyond,1
shed,1
predates,1
ornament,1
plates,1
points,1
radiouglerodnym,1
geometric,1
problems,1
plenum,1
elon,1
squatting,1
novaia,1
solve,1
shifted,1
delays,1
sovete,1
dominant,1
hetero,1
calgary,1
opinion,1
famili,1
obraztsov,1
advocated,1
methodology,1
dc,1
draws,1
microclimate,1
result,1
closely,1
narration,1
incomplete,1
acceptable,1
levom,1
path,1
concentration,1
location,1
declined,1
ostrove,1
plot,1
faunal,1
search,1
called,1
traditionally,1
ak,1
cli,1
access,1
relating,1
seven,1
lived,1
conspicuous,1
kkm,1
terminological,1
international,1
krasnyi,1
events,1
teristics,1
zone,1
comprehensiveness,1
diet,1
archaeostratotypical,1
philosophical,1
cores,1
dlia,1
popu,1
term,1
nium,1
gerasimova,1
evaluate,1
dent,1
drevnia,1
hammering,1
topics,1
zadachi,1
neighboring,1
occupation,1
tran,1
urgent,1
polishing,1
elemental,1
subsisted,1
shamanka,1
war,1
confined,1
mate,1
paleopedologicheskogo,1
irkutske,1
portant,1
geodezii,1
suffered,1
davnego,1
excellent,1
thin,1
otherwise,1
wealth,1
barbs,1
excluded,1
sport,1
semblages,1
abrasive,1
raion,1
dwelling,1
pleistocene,1
nant,1
flaked,1
minusinsk,1
klykov,1
contro,1
gerasi,1
isotope,1
tially,1
impression,1
criteria,1
briefly,1
stratigraphi,1
ostrov,1
char,1
directly,1
aging,1
having,1
participation,1
distinguish,1
line,1
gains,1
overlying,1
scope,1
evo,1
wisconsin,1
nine,1
future,1
devising,1
clab,1
knowledge,1
mentation,1
nation,1
patterning,1
domi,1
criticized,1
koeffitsienta,1
cherepu,1
literature,1
nu,1
ingly,1
sk,1
database,1
intermediate,1
litsa,1
editorial,1
gi,1
climatic,1
contains,1
warranted,1
sela,1
actually,1
gorbunova,1
beads,1
kezhemka,1
justification,1
illustrative,1
contentious,1
trudy,1
reflect,1
squeezed,1
oblit,1
systematic,1
mysakh,1
showing,1
selenga,1
artifact,1
interpreted,1
own,1
oblastl,1
trends,1
markedly,1
boulders,1
tiotemporal,1
shortcomings,1
ida,1
precipitation,1
preceded,1
tough,1
creating,1
overlap,1
mezhgrupovykh,1
georgievskaia,1
habi,1
drevnii,1
ago,1
working,1
varakinskii,1
regardless,1
negligible,1
cold,1
questionable,1
shaping,1
tested,1
holes,1
prevalence,1
alto,1
le,1
contrast,1
mediterranean,1
chacmool,1
arbitrary,1
bank,1
belt,1
encompasses,1
okhrannym,1
vremia,1
objec,1
pike,1
ban,1
shapes,1
executed,1
ues,1
tation,1
mi,1
invaluable,1
arkheologicheskogo,1
climate,1
usual,1
conclude,1
mixing,1
methodological,1
tensively,1
dedicated,1
always,1
toronto,1
visible,1
bereziuk,1
universities,1
beregu,1
shibetei,1
genezisa,1
irkut,1
phasis,1
ttiruka,1
grateful,1
sledy,1
finds,1
introduc,1
triangular,1
settle,1
valuable,1
cating,1
mechanism,1
seemed,1
naselenie,1
subsequently,1
portion,1
critical,1
therefore,1
burbot,1
lene,1
highlights,1
partially,1
osnovnykh,1
merous,1
proached,1
ostrova,1
pervobytnaia,1
biocultural,1
minor,1
comment,1
laurel,1
transverse,1
tively,1
economic,1
logically,1
iugozapadnom,1
kulturovmeshchaiushchikh,1
subject,1
observations,1
orkhon,1
schemes,1
glavnoe,1
corporation,1
sini,1
dannye,1
argues,1
forward,1
islands,1
nauki,1
object,1
standardization,1
ukazatev,1
july,1
boreal,1
borje,1
xl,1
indicates,1
comments,1
abakshino,1
geneous,1
premises,1
lb,1
modes,1
interesting,1
seemingly,1
neat,1
raskopke,1
alces,1
innovation,1
whole,1
krasnoiarsk,1
pavlovich,1
gub,1
single,1
vicinity,1
corpus,1
letom,1
tuary,1
sovremennogo,1
values,1
brow,1
contributing,1
aleksei,1
interpretation,1
colleges,1
kotin,1
push,1
meropriiatiiam,1
novyi,1
makes,1
recommendation,1
alongside,1
acknowledgments,1
soon,1
array,1
predecessor,1
under,1
verifica,1
mobile,1
populated,1
specifics,1
selective,1
us,1
antler,1
differentiate,1
birch,1
lesnoi,1
revolu,1
falls,1
materialakh,1
perspectives,1
assistance,1
rectangular,1
sledam,1
lacked,1
subarctic,1
bazaliiskii,1
locality,1
moschiferus,1
stoianok,1
without,1
industrial,1
turuka,1
gg,1
erage,1
begins,1
mnogosloinye,1
noted,1
exceptionally,1
paleopathological,1
stones,1
avoided,1
picture,1
skeletons,1
volume,1
rings,1
ocherki,1
walled,1
starting,1
stringor,1
critiques,1
phometric,1
unreliable,1
aspect,1
barbed,1
power,1
alleviated,1
impres,1
approaching,1
europe,1
varies,1
put,1
keramiki,1
mestnosti,1
spear,1
arity,1
archaeologi,1
adherence,1
paleoanthropological,1
dissertations,1
usefulness,1
associa,1
bracelets,1
longer,1
polevye,1
pological,1
limit,1
preserve,1
stadione,1
riverine,1
nukleusov,1
striking,1
calib,1
proposal,1
rannego,1
usf,1
appeared,1
exclusion,1
novoe,1
ble,1
time,1
come,1
larger,1
modi,1
richer,1
banks,1
coordinates,1
drevnee,1
osnovnye,1
tbruka,1
figurines,1
absolutnogo,1
lesostepi,1
edly,1
identical,1
ikh,1
condensed,1
considerable,1
seldom,1
deci,1
observes,1
tech,1
fragments,1
cmarked,1
anthropologist,1
genealogy,1
conclusions,1
neoliticheskogo,1
hand,1
physiological,1
posotsk,1
aptations,1
ur,1
hybrids,1
en,1
ponomarevo,1
kartukh,1
existing,1
establish,1
compositional,1
vertical,1
coexisted,1
coincided,1
council,1
drevneishie,1
necessary,1
perioda,1
decorations,1
couple,1
perhaps,1
zagotovki,1
dividual,1
proizvedennykh,1
pears,1
flint,1
stylistically,1
cul,1
predvaritepnye,1
iar,1
ladnikov,1
demografiia,1
dec,1
free,1
gumanitamye,1
thoroughly,1
degree,1
northwestern,1
remained,1
cheloveka,1
summers,1
thousands,1
bottleneck,1
analyzed,1
classes,1
podyrnakhino,1
exhibit,1
meaningful,1
associates,1
sepa,1
istoricheskii,1
etnografiii,1
thanks,1
renders,1
active,1
malogo,1
sides,1
kharakteristike,1
gether,1
kartografii,1
versa,1
orna,1
rannei,1
prospection,1
decrease,1
ministrov,1
outliers,1
combining,1
angle,1
assumption,1
rivers,1
exciting,1
metallurgiia,1
perception,1
butt,1
drevniia,1
ideas,1
harvard,1
successful,1
comprehensively,1
trend,1
real,1
maintains,1
kamennomu,1
sees,1
previous,1
ob,1
necessitated,1
described,1
perforations,1
theses,1
perimeter,1
help,1
kartoiu,1
tional,1
elk,1
zakhoronenii,1
reputation,1
ilim,1
verkholenskii,1
faces,1
crania,1
endangered,1
construc,1
obobshchennykh,1
tubes,1
allowed,1
reviewers,1
helpful,1
sloiakh,1
opyt,1
overlain,1
summer,1
him,1
sparsely,1
poraneity,1
tribal,1
dry,1
upravlenie,1
practiced,1
offer,1
tvshkine,1
dustry,1
improved,1
spa,1
lose,1
poselka,1
odontological,1
men,1
ture,1
millen,1
procurement,1
doline,1
remember,1
ventory,1
skele,1
leaves,1
methods,1
neolite,1
relation,1
straddling,1
narrow,1
emphasized,1
oz,1
rasstoianii,1
exactly,1
seattle,1
remainder,1
january,1
darryl,1
consecutive,1
looks,1
sug,1
differ,1
rials,1
chrono,1
rasselenie,1
impressed,1
tendency,1
atlas,1
paleoekologiia,1
controversial,1
akademiia,1
investigations,1
sole,1
adzes,1
convincingly,1
applies,1
species,1
baikalovedeniiu,1
oblast,1
homogeneously,1
datirovaniia,1
said,1
transi,1
ranging,1
hindered,1
tempo,1
lo,1
polevykh,1
imply,1
me,1
vladivostok,1
humanities,1
epoki,1
gruhn,1
independent,1
tailed,1
quo,1
recall,1
figure,1
vostoka,1
impressive,1
unclassified,1
suggestive,1
claimed,1
program,1
pe,1
begin,1
dentate,1
referred,1
sensitive,1
directions,1
seen,1
tive,1
counterpart,1
razrezov,1
grinding,1
oleneostrovskii,1
contribution,1
reverted,1
originated,1
furnish,1
nuity,1
datirovka,1
bows,1
life,1
ulankhada,1
responsible,1
construction,1
burkhan,1
fall,1
hope,1
predislovie,1
dead,1
disagrees,1
centuries,1
spatiotemporal,1
ridges,1
capreolus,1
stipulation,1
thick,1
forest,1
stable,1
sovetskaia,1
stepnoe,1
attachment,1
revolutionized,1
anthropomorphic,1
anthropological,1
reddish,1
neglected,1
contained,1
variable,1
argillite,1
deposited,1
shimilikha,1
eventually,1
konferentsiia,1
practice,1
mezolita,1
kak,1
patrony,1
conclusion,1
incised,1
homogeneity,1
incorporated,1
peoples,1
medi,1
semiarid,1
kitoiskoi,1
demonstrate,1
onset,1
addressed,1
naselenii,1
interpopulational,1
radiouglirodnoe,1
etnografiiay,1
separately,1
kratkii,1
reconnaissance,1
occurrences,1
terrestrial,1
griffin,1
equipment,1
lowing,1
cov,1
aba,1
grayling,1
integrative,1
eneoliticheskikh,1
trunk,1
mutually,1
control,1
stamp,1
allotted,1
intensive,1
iiib,1
share,1
acterized,1
focuses,1
gone,1
did,1
unknown,1
ft,1
compasses,1
bi,1
scenario,1
domestic,1
abdomen,1
munities,1
serovskoe,1
chastye,1
subtriangular,1
stretching,1
shivera,1
perfectly,1
infiltration,1
uphold,1
razlichiiakh,1
allocated,1
phasizes,1
pit,1
explicitly,1
u,1
luge,1
scores,1
terial,1
plotbishche,1
consisted,1
clarity,1
agriculture,1
scholarly,1
proceedings,1
carefully,1
nizhnee,1
unique,1
implicit,1
ion,1
ones,1
references,1
plants,1
capes,1
exem,1
comes,1
plete,1
map,1
geo,1
sively,1
ies,1
leaving,1
cepted,1
foundations,1
rating,1
zontal,1
require,1
grades,1
produce,1
troversial,1
smoothing,1
scenarios,1
phenomena,1
emphasis,1
placement,1
hundreds,1
port,1
categories,1
size,1
unnoticed,1
voprosy,1
stab,1
tremia,1
researchers,1
occasionally,1
advo,1
tucked,1
straighteners,1
uniform,1
marily,1
contemporaneity,1
city,1
tablitsami,1
sevemoi,1
content,1
became,1
november,1
mogil,1
easy,1
focal,1
krizhevskaia,1
whatever,1
thankful,1
hydroelectric,1
duction,1
okrestnostiakh,1
skala,1
contribute,1
sennaia,1
roe,1
otriada,1
manufacturing,1
eneolithic,1
unfortu,1
drevneishaia,1
conti,1
sredniaia,1
mogily,1
gain,1
gated,1
craniometrically,1
hori,1
solidation,1
recovered,1
varied,1
sparked,1
tions,1
prepared,1
obriad,1
analogy,1
podymakhino,1
shores,1
tabular,1
formation,1
kompleksov,1
veku,1
shvetsov,1
sostava,1
differentiation,1
unable,1
difference,1
reveals,1
disposal,1
epochs,1
similarity,1
nizhnikh,1
mouths,1
ushered,1
tempera,1
frame,1
temperature,1
rassmotrenii,1
obliterated,1
lures,1
accept,1
mode,1
snowy,1
insight,1
fauna,1
ade,1
physical,1
developmental,1
unified,1
plified,1
smaller,1
states,1
arti,1
vozrasta,1
clues,1
forming,1
locate,1
extremely,1
madison,1
shift,1
lugs,1
ranged,1
archaic,1
ruth,1
anonymous,1
lutionary,1
retouch,1
identifica,1
offered,1
contradicted,1
potential,1
admitting,1
apart,1
coefficient,1
requires,1
tolstoy,1
regularity,1
fol,1
iasoan,1
russia,1
proaches,1
needle,1
commodity,1
communi,1
era,1
reflecting,1
partial,1
ferent,1
texts,1
views,1
lar,1
reconsideration,1
element,1
thickness,1
ershi,1
matic,1
metalla,1
dental,1
ovkhona,1
matriarchal,1
elaphus,1
tushama,1
ends,1
expla,1
dif,1
jects,1
cross,1
simi,1
linearity,1
uncertain,1
close,1
inventories,1
proshloe,1
stamping,1
contem,1
retention,1
deeper,1
listvianka,1
predlozheniia,1
assem,1
miterand,1
heterogeneous,1
