WORDCOUNTS,WEIGHT
the,674
of,521
and,421
in,267
to,197
a,178
that,115
as,96
on,92
this,75
were,75
swahili,70
from,62
feasting,59
at,56
feasts,54
power,54
have,52
an,51
is,51
for,49
was,48
p,47
imported,43
j,43
towns,43
are,42
with,42
by,41
local,40
bowls,39
i,38
which,38
social,36
world,33
it,32
these,32
african,32
or,30
also,30
be,30
they,29
ritual,28
food,28
not,28
been,27
coast,26
springer,26
their,24
pemba,24
other,24
ad,23
more,23
prehist,23
through,23
east,22
mosque,22
important,22
chwaka,22
has,21
vessels,21
public,20
trade,20
consumption,20
one,19
new,19
archaeological,19
press,19
coastal,18
feast,18
political,17
within,17
m,17
ceramics,17
part,17
between,17
large,16
competitive,16
may,16
university,16
during,16
but,16
would,16
where,16
way,15
display,15
there,15
such,15
century,15
town,15
well,15
used,15
empowering,15
number,15
africa,15
archaeology,15
centuries,15
than,14
his,14
most,14
people,14
he,14
both,14
all,13
acts,13
forms,13
who,13
leaders,13
what,13
although,13
authority,12
s,12
how,12
jars,12
elite,12
eleventh,12
become,12
we,12
historical,12
evidence,12
into,11
some,11
central,11
relations,11
stonetowns,11
tombs,11
island,11
likely,11
ceramic,11
many,11
northern,11
practice,11
hospitality,11
first,10
t,10
fifteenth,10
might,10
fleisher,10
those,10
generosity,10
fig,10
elaborate,10
changes,10
based,10
rituals,10
settlement,10
research,10
about,10
indian,10
can,10
often,10
goods,10
them,10
vessel,10
american,9
stone,9
archaeologists,9
context,9
houses,9
sultan,9
et,9
villages,9
ibn,9
d,9
sixteenth,8
serving,8
journal,8
seventh,8
l,8
process,8
importance,8
emergence,8
powerful,8
rice,8
ocean,8
because,8
suggest,8
involved,8
around,8
society,8
will,8
exterior,8
economic,8
al,8
including,8
crucial,8
changing,8
symbolic,8
c,8
early,8
if,7
great,7
tenth,7
politics,7
twelfth,7
interior,7
performance,7
had,7
found,7
out,7
data,7
dietler,7
practices,7
community,7
yet,7
ancient,7
increasingly,7
ethnohistoric,7
patterns,7
material,7
b,7
islamic,7
types,7
contained,7
over,7
became,7
among,7
red,6
e,6
h,6
less,6
eastern,6
persian,6
thus,6
relatively,6
excavations,6
displays,6
rather,6
burnished,6
similar,6
special,6
house,6
battuta,6
pemban,6
work,6
its,6
bowl,6
when,6
perspectives,6
decoration,6
assemblage,6
significant,6
described,6
like,6
so,6
general,6
pottery,6
tanzanian,6
argue,6
very,6
fourteenth,6
elites,6
common,5
complex,5
horton,5
ways,5
contexts,5
glazed,5
visibility,5
sought,5
possible,5
international,5
development,5
congregational,5
served,5
storage,5
site,5
no,5
presentation,5
certain,5
parts,5
distant,5
references,5
societies,5
called,5
centers,5
negotiated,5
prominent,5
status,5
least,5
clothes,5
small,5
describes,5
provided,5
activities,5
mosques,5
alongside,5
culture,5
middleton,5
only,5
communal,5
larger,5
see,5
decorations,5
perhaps,5
understanding,5
assemblages,5
kilwa,5
use,5
laviolette,5
relationship,5
visual,5
construction,5
set,5
control,5
capital,5
economy,5
particular,5
institute,5
shift,5
focus,5
built,5
introduction,4
proxemics,4
being,4
sources,4
nature,4
tradition,4
resources,4
along,4
negotiation,4
junker,4
merchants,4
tanzania,4
de,4
oxford,4
even,4
landscape,4
just,4
numbers,4
perspective,4
could,4
lived,4
materiality,4
understood,4
symbols,4
possibility,4
residents,4
surrounding,4
thirteenth,4
emerging,4
few,4
smithsonian,4
eighth,4
presence,4
ninth,4
populations,4
southern,4
interpretation,4
us,4
ethnographic,4
glassman,4
contemporary,4
establish,4
mills,4
upon,4
clear,4
feature,4
essay,4
why,4
qualities,4
institution,4
negotiations,4
foreign,4
begin,4
referred,4
seen,4
life,4
examine,4
kings,4
rim,4
series,4
simply,4
known,4
different,4
domestic,4
growing,4
commensal,4
form,4
while,4
prestige,4
suggests,4
urban,4
spaces,4
multiple,4
role,4
our,4
guest,4
off,4
area,4
offered,4
themselves,4
element,4
recent,4
now,3
portuguese,3
later,3
meaning,3
generous,3
f,3
sgraffiato,3
village,3
settlements,3
graphited,3
history,3
pots,3
prestigious,3
secondary,3
rich,3
state,3
british,3
case,3
issue,3
king,3
draw,3
quantities,3
establishing,3
fine,3
throughout,3
relationships,3
g,3
ability,3
type,3
vumba,3
items,3
explore,3
drawn,3
performative,3
look,3
traditions,3
act,3
statements,3
grew,3
direct,3
institutionalized,3
produced,3
pp,3
space,3
objects,3
established,3
days,3
argued,3
beyond,3
indications,3
founding,3
drawing,3
view,3
constitution,3
kenya,3
reflections,3
begun,3
changed,3
big,3
focused,3
intensity,3
scale,3
wealth,3
unglazed,3
prayer,3
aspects,3
literature,3
r,3
polychrome,3
revealed,3
place,3
actually,3
successful,3
quite,3
dramatic,3
always,3
hayden,3
notes,3
newly,3
moved,3
celadon,3
architecture,3
tumbe,3
cuisine,3
precolonial,3
inhabited,3
religious,3
competition,3
consuming,3
participants,3
giver,3
members,3
leader,3
toward,3
others,3
graphite,3
foods,3
pattern,3
ruler,3
philippine,3
necessary,3
another,3
made,3
active,3
previously,3
looking,3
identity,3
asian,3
dating,3
three,3
decorated,3
period,3
features,3
earlier,3
exchange,3
consumed,3
carried,3
provide,3
mihrab,3
primarily,3
kua,3
waines,3
markers,3
achieve,3
composed,3
then,3
any,3
thinking,3
associated,3
comes,3
ascendant,3
sherds,3
offers,3
here,3
know,3
merely,3
maintain,3
little,3
given,3
lies,3
years,3
instead,3
states,3
am,3
occurring,3
traditional,3
much,3
countryside,2
dominant,2
limits,2
concerned,2
medieval,2
indicated,2
altamira,2
represent,2
market,2
becoming,2
center,2
eaten,2
rounded,2
studies,2
collection,2
position,2
occurred,2
nineteenth,2
something,2
humble,2
beggar,2
long,2
production,2
fund,2
rapid,2
worked,2
emerged,2
seems,2
containing,2
onwards,2
crops,2
walshaw,2
suggesting,2
daily,2
potentially,2
exotic,2
narrative,2
take,2
debt,2
pauketat,2
chiefdoms,2
designs,2
system,2
akin,2
key,2
primary,2
prior,2
activity,2
taking,2
point,2
funded,2
royal,2
surely,2
since,2
visited,2
unpublished,2
heightened,2
asymmetrical,2
rank,2
elements,2
maintaining,2
clark,2
back,2
left,2
tana,2
van,2
simultaneously,2
recognized,2
across,2
sort,2
basic,2
capture,2
approaches,2
unique,2
represented,2
after,2
connected,2
leave,2
support,2
monuments,2
understand,2
category,2
locally,2
image,2
elsewhere,2
n,2
frequently,2
w,2
ville,2
commonly,2
domesticate,2
stark,2
came,2
rivals,2
gauge,2
shared,2
events,2
near,2
emerge,2
kisiwani,2
base,2
muslim,2
further,2
equally,2
chinese,2
hinterland,2
appears,2
moore,2
excellent,2
surrounded,2
record,2
required,2
expensive,2
sites,2
directly,2
participation,2
discarded,2
imports,2
heart,2
southwest,2
dozens,2
gave,2
discussions,2
survey,2
call,2
documented,2
reflect,2
overseas,2
participate,2
showing,2
preparation,2
interpreted,2
own,2
connections,2
polity,2
engagement,2
approach,2
traders,2
sense,2
below,2
useful,2
mclntosh,2
heinemann,2
trading,2
complicate,2
kisimani,2
archaeologies,2
concerns,2
legitimize,2
climate,2
visible,2
up,2
structured,2
honorific,2
kingly,2
hosts,2
therefore,2
led,2
action,2
located,2
limited,2
return,2
fruit,2
reconstruction,2
domination,2
modes,2
jonathon,2
chronicle,2
communities,2
relied,2
vegetables,2
patton,2
under,2
populated,2
islam,2
amazon,2
performed,2
silk,2
already,2
joyce,2
two,2
department,2
regional,2
revenge,2
science,2
structures,2
siraf,2
experienced,2
longer,2
idea,2
documents,2
time,2
convert,2
fragments,2
men,2
hand,2
do,2
everyday,2
performances,2
mogadishu,2
archaeobotanical,2
heavily,2
answer,2
reminders,2
focusing,2
routledge,2
style,2
locations,2
differentiation,2
demonstrated,2
discussion,2
explanation,2
range,2
meals,2
region,2
contacts,2
medium,2
host,2
ideas,2
rare,2
cooked,2
engaged,2
individuals,2
previous,2
mortared,2
open,2
discussed,2
amounts,2
times,2
function,2
high,2
played,2
practiced,2
standard,2
provides,2
never,2
especially,2
facing,2
pearl,2
study,2
land,2
shallow,2
effect,2
probably,2
story,2
henderson,2
relative,2
visit,2
increasing,2
emulation,2
guests,2
imbalance,2
lines,2
yale,2
itself,2
began,2
lives,2
transformation,2
empires,2
indicate,2
vaults,2
analysis,2
paternal,2
event,2
dissertation,2
conclusion,2
dishes,2
must,2
rival,2
adria,2
each,2
books,2
paper,2
tomb,2
novel,2
did,2
surprisingly,2
current,2
foundation,2
particularly,2
clearly,2
identities,2
past,2
rural,2
places,2
person,2
heads,2
reproduce,2
making,2
nearby,2
agricultural,2
sheikh,2
incised,2
generally,2
too,2
virginia,2
contain,2
adorned,2
presented,2
emergent,2
mercantile,2
ruled,2
city,2
challenges,2
come,2
question,2
formation,2
potter,2
north,2
cambridge,2
conditions,2
national,2
cotton,2
gen,2
smaller,2
earthen,2
supported,2
potential,2
km,2
pathways,2
surveys,2
interaction,2
gulf,2
drew,2
close,2
evidently,2
miller,1
difficult,1
khaldun,1
ments,1
does,1
o,1
jewels,1
mortaring,1
stylistic,1
conjoined,1
effected,1
scholar,1
chami,1
morphology,1
pale,1
enshrine,1
reconsidered,1
wa,1
intriguing,1
sphere,1
debris,1
linguistic,1
needed,1
judged,1
symbolize,1
anchor,1
locked,1
sofala,1
second,1
variorium,1
flowering,1
systemati,1
continent,1
completely,1
drawings,1
sym,1
duke,1
ondary,1
kohring,1
western,1
reinhabited,1
fixed,1
pouwels,1
necessarily,1
offshore,1
mainland,1
unlike,1
ethnoarchaeological,1
before,1
domes,1
liquids,1
finely,1
nyame,1
contested,1
po,1
arguing,1
contest,1
source,1
absence,1
princeton,1
client,1
turning,1
leads,1
experience,1
highlight,1
sit,1
islamization,1
pitality,1
else,1
transitions,1
conforms,1
walnut,1
chronicles,1
derives,1
greatness,1
implications,1
give,1
taken,1
restoration,1
attempt,1
progression,1
lifestyle,1
beautiful,1
funerals,1
burnishing,1
asia,1
definition,1
dramatically,1
affirmed,1
company,1
europe,1
fieldwprk,1
continue,1
specially,1
leading,1
assess,1
accompanied,1
generalize,1
featuring,1
enduring,1
reasons,1
disproportionate,1
stood,1
accumulated,1
analyses,1
upsaliensis,1
able,1
link,1
spon,1
reveal,1
exuberant,1
court,1
room,1
tx,1
religion,1
products,1
reproduction,1
niche,1
coalescence,1
help,1
mind,1
greatly,1
blackwell,1
raised,1
gifts,1
investigations,1
china,1
ruined,1
somewhat,1
aban,1
behind,1
ext,1
rethinking,1
papers,1
contents,1
majority,1
extend,1
side,1
empty,1
con,1
proceed,1
occasional,1
forum,1
sophisticated,1
reefs,1
botanical,1
ideological,1
capacity,1
hall,1
embellish,1
addresses,1
societas,1
retain,1
design,1
reminder,1
account,1
vol,1
logical,1
mm,1
consciousness,1
consumers,1
arenas,1
apart,1
interdisciplinary,1
desired,1
say,1
reflecting,1
disparities,1
far,1
exchanges,1
household,1
bottom,1
above,1
decreasing,1
himself,1
fragment,1
engage,1
tied,1
behavior,1
pillar,1
framework,1
labor,1
avenues,1
frequencies,1
prom,1
iron,1
includes,1
commensality,1
review,1
actual,1
go,1
representations,1
quality,1
pursue,1
tanganyika,1
analyzing,1
human,1
integral,1
millennium,1
intact,1
interest,1
refocusing,1
characteristic,1
regarded,1
reminding,1
moment,1
brother,1
mixed,1
rites,1
encyclopedia,1
dozen,1
somalia,1
topic,1
finery,1
extensively,1
expected,1
dence,1
taste,1
turn,1
viewing,1
ware,1
insoll,1
acquiring,1
garlake,1
concentrations,1
centerpieces,1
keep,1
document,1
robb,1
enga,1
refer,1
demonstrative,1
amount,1
body,1
response,1
columbia,1
moving,1
dates,1
effective,1
witnessed,1
traveler,1
maghreb,1
arab,1
savvy,1
shiny,1
patrons,1
wet,1
leadership,1
occasion,1
jones,1
conceded,1
acted,1
handful,1
cultural,1
acknowledge,1
poorly,1
celebrating,1
mentioned,1
civilization,1
sweeping,1
ruins,1
humiliate,1
reconstructed,1
disposed,1
without,1
exact,1
patron,1
main,1
centered,1
heels,1
aggressive,1
housing,1
square,1
borrowing,1
levels,1
centimeters,1
subsistence,1
knew,1
cultigen,1
goes,1
outward,1
maalim,1
granted,1
kusimba,1
households,1
proportion,1
stops,1
sarah,1
dar,1
talk,1
derived,1
population,1
stephanie,1
enacted,1
scales,1
echoed,1
white,1
lay,1
wynne,1
productive,1
reinforce,1
tance,1
moves,1
reason,1
acquisition,1
developments,1
wanted,1
legitimizing,1
marks,1
metropolis,1
prehistory,1
consider,1
possibly,1
organization,1
wearing,1
slowly,1
standings,1
linked,1
sored,1
completion,1
dominate,1
invariably,1
observations,1
solid,1
presumed,1
age,1
four,1
converting,1
commented,1
additional,1
origins,1
continual,1
followed,1
defines,1
mnara,1
modeled,1
comparisons,1
glaze,1
requires,1
method,1
bowser,1
shifted,1
famed,1
mozambique,1
strategy,1
preference,1
faced,1
providing,1
humility,1
systems,1
whereas,1
expressed,1
uses,1
standards,1
result,1
closely,1
my,1
priori,1
location,1
allow,1
deploying,1
rule,1
kenyan,1
faunal,1
strength,1
explanatory,1
littoral,1
puebloan,1
effort,1
viduals,1
deal,1
demands,1
rooms,1
madagascar,1
relate,1
luxury,1
eat,1
percentages,1
accompany,1
restating,1
poetry,1
mombasa,1
inter,1
term,1
installation,1
embedded,1
academic,1
townsman,1
fourth,1
bravely,1
standardized,1
though,1
exactly,1
appadurai,1
stock,1
culinary,1
brokering,1
keywords,1
viewed,1
persons,1
promise,1
applied,1
fish,1
metals,1
facilities,1
wide,1
gained,1
tease,1
symbolically,1
epiphenomenal,1
silver,1
decipherable,1
rations,1
almost,1
having,1
unequal,1
network,1
future,1
relief,1
artifacts,1
gains,1
cohesive,1
flattened,1
received,1
narratives,1
blue,1
los,1
carry,1
preferred,1
framed,1
protohistoire,1
explains,1
example,1
norm,1
knowledge,1
symbolism,1
layered,1
chromatic,1
confirms,1
positions,1
description,1
ten,1
bols,1
q,1
describe,1
older,1
millet,1
cass,1
issues,1
demonstrates,1
contains,1
densely,1
moments,1
participated,1
jockey,1
binding,1
moroccan,1
saddled,1
forces,1
rise,1
manage,1
artifact,1
ethnicity,1
fancier,1
holy,1
encapsulates,1
earth,1
expended,1
good,1
change,1
sparsely,1
reid,1
excavated,1
indi,1
songo,1
describing,1
field,1
alterations,1
tacitly,1
debts,1
next,1
box,1
order,1
contrast,1
standpoint,1
things,1
alteration,1
openly,1
calling,1
autonomy,1
eco,1
leaves,1
characteristics,1
accomplished,1
wider,1
erected,1
revealing,1
bray,1
deco,1
invoke,1
niches,1
reported,1
ancestors,1
polysemous,1
telling,1
foremost,1
st,1
finishing,1
universities,1
necessity,1
curryand,1
cattle,1
hematite,1
results,1
paid,1
finds,1
beneficence,1
triangular,1
deboer,1
impor,1
undecked,1
periods,1
south,1
benches,1
threatened,1
retreated,1
inset,1
llc,1
critical,1
uncommon,1
timeless,1
indigenous,1
demand,1
equality,1
middlemen,1
nonetheless,1
archaeo,1
rivalries,1
incorrect,1
papua,1
overall,1
expansion,1
play,1
successes,1
tried,1
interiors,1
accepting,1
theorizing,1
indication,1
nearly,1
reorganization,1
tropical,1
elusive,1
converted,1
allen,1
july,1
says,1
indicates,1
comments,1
movement,1
collapsed,1
settings,1
procession,1
direction,1
kertzer,1
vie,1
hoe,1
frank,1
simultaneous,1
commensalism,1
elaboration,1
opportunities,1
wake,1
represents,1
makes,1
read,1
marginal,1
acknowledgments,1
serve,1
counterparts,1
hos,1
borrowed,1
restricted,1
included,1
bind,1
omani,1
same,1
barrel,1
clusion,1
outlined,1
schiefenhovel,1
largest,1
visitors,1
noted,1
rome,1
published,1
spatially,1
roughest,1
lehigh,1
oral,1
funerary,1
visitor,1
successfully,1
circumscribes,1
suit,1
jeffrey,1
fell,1
links,1
mark,1
again,1
preferences,1
drink,1
decorative,1
addition,1
spear,1
ecuadorian,1
intending,1
efforts,1
cultivated,1
expose,1
lack,1
consideration,1
honduran,1
striking,1
wedded,1
materialization,1
powerless,1
abstract,1
attempting,1
demonstrations,1
choice,1
together,1
classical,1
francaise,1
surfaces,1
demonstrating,1
partic,1
end,1
substantially,1
diameter,1
distributions,1
condensed,1
warmly,1
man,1
feedback,1
audiences,1
enactment,1
outside,1
took,1
adjacent,1
monographs,1
v,1
present,1
shipwreck,1
socialising,1
covered,1
operating,1
ras,1
kyriakidis,1
demarrais,1
competitors,1
relevant,1
crop,1
mkia,1
strategies,1
models,1
ports,1
containers,1
pembans,1
sprawling,1
poles,1
vogel,1
frequency,1
distance,1
ordinary,1
flecker,1
gives,1
manuals,1
shifts,1
daud,1
encountered,1
day,1
valleys,1
reminds,1
fight,1
imagine,1
original,1
popular,1
private,1
largesse,1
exploring,1
situated,1
intimate,1
berghahn,1
inviting,1
treated,1
comprise,1
chiefly,1
accompanying,1
implicated,1
shirazi,1
hindu,1
formal,1
contemplate,1
deposits,1
sixth,1
hollis,1
samples,1
louis,1
top,1
traded,1
largely,1
residues,1
emphasize,1
robinson,1
engaging,1
origin,1
submitted,1
questions,1
processes,1
nothing,1
examination,1
beck,1
ceremonies,1
sees,1
regions,1
dismissed,1
involves,1
underwent,1
anthology,1
versions,1
negotiating,1
libby,1
landscapes,1
gelder,1
remaining,1
tional,1
emphasizing,1
op,1
urbanism,1
accounted,1
dominated,1
maintenance,1
mog,1
held,1
mississippian,1
homes,1
allowed,1
him,1
creating,1
housed,1
cally,1
pearce,1
stresses,1
crafted,1
anyone,1
subservience,1
claim,1
skibo,1
latter,1
chittick,1
oxbow,1
preponderance,1
enough,1
ruining,1
evolutionary,1
exported,1
respectively,1
pro,1
starch,1
seeking,1
usa,1
curry,1
cookbooks,1
looked,1
nomic,1
quarter,1
propose,1
attention,1
la,1
corridor,1
opulence,1
performing,1
separate,1
culmination,1
inlays,1
depth,1
mangrove,1
unstable,1
circle,1
abundance,1
transformations,1
tentative,1
invokes,1
continued,1
recall,1
five,1
you,1
eighteenthand,1
ministry,1
bound,1
select,1
andean,1
rebuffed,1
sec,1
widespread,1
regalia,1
nexus,1
lost,1
sensitive,1
vemergence,1
transformed,1
seventeenth,1
emulations,1
wilson,1
palimpsest,1
recognize,1
memorable,1
linking,1
class,1
settled,1
es,1
casually,1
expectations,1
fall,1
flesh,1
surprising,1
wives,1
erosity,1
citizens,1
inent,1
get,1
worlds,1
mirror,1
unusual,1
suprahousehold,1
interpretive,1
princes,1
memorialized,1
immensely,1
meant,1
earliest,1
benefitted,1
meskell,1
detail,1
ipate,1
differentiated,1
anthropological,1
regularly,1
publicly,1
mtenzi,1
shadow,1
historian,1
aspiring,1
following,1
dispersed,1
reviewing,1
erous,1
complexity,1
charting,1
grand,1
founded,1
extending,1
demonstrate,1
wear,1
farmed,1
invoked,1
presentational,1
dietetic,1
cotsen,1
thousand,1
les,1
constructed,1
palace,1
fulbright,1
doi,1
meat,1
colorado,1
milieu,1
highly,1
crowds,1
colonization,1
vetat,1
mkumbuu,1
socialize,1
cm,1
descriptions,1
specialized,1
expanding,1
global,1
hamad,1
exploration,1
seem,1
albeit,1
marginalization,1
best,1
unknown,1
prominence,1
ph,1
half,1
wall,1
cui,1
draws,1
rivalry,1
monoand,1
mcdonald,1
privileged,1
plazas,1
audience,1
visits,1
generalized,1
bones,1
guinea,1
pomp,1
compete,1
pour,1
quoted,1
passage,1
living,1
assessment,1
absolutely,1
destroyed,1
portions,1
subordinate,1
phd,1
scholarship,1
animal,1
beginning,1
cosmopolitanism,1
thanked,1
explanations,1
horns,1
hidden,1
depicts,1
cooking,1
list,1
accounts,1
lane,1
trope,1
monsoonal,1
huari,1
cahokia,1
add,1
signature,1
zanzibar,1
temporally,1
leaving,1
consisting,1
waters,1
her,1
oils,1
cloth,1
produce,1
imperial,1
emphasis,1
blages,1
hundreds,1
upper,1
port,1
art,1
middle,1
translated,1
marking,1
arabic,1
evi,1
feat,1
entrance,1
transport,1
pits,1
met,1
garraty,1
sea,1
marketing,1
november,1
easy,1
variability,1
giving,1
subject,1
durable,1
intended,1
transition,1
administration,1
feeds,1
measure,1
reconstruct,1
constituted,1
ranks,1
colonial,1
families,1
using,1
mention,1
allows,1
representation,1
goals,1
accorded,1
friday,1
remarks,1
historicizing,1
fished,1
mafia,1
undecorated,1
ultimately,1
until,1
argument,1
finding,1
illinois,1
institutional,1
washington,1
finally,1
mode,1
sat,1
parallels,1
offer,1
approximately,1
include,1
correlated,1
dense,1
define,1
green,1
abu,1
congrega,1
wiessner,1
sports,1
harbored,1
clues,1
colleagues,1
seeks,1
attempted,1
inequalities,1
centripetal,1
presenting,1
speak,1
definitive,1
roughly,1
traveling,1
anonymous,1
restored,1
specific,1
privileging,1
ceiling,1
schiffer,1
rest,1
archaeologica,1
recounted,1
urbane,1
stewed,1
potency,1
consisted,1
succeeded,1
negotiate,1
ruby,1
create,1
texts,1
fears,1
views,1
import,1
entire,1
abandoned,1
images,1
seek,1
glowacki,1
comparable,1
profiles,1
detriment,1
should,1
building,1
asked,1
signals,1
termed,1
predicated,1
major,1
deeper,1
increase,1
gold,1
richly,1
assem,1
continuously,1
