WORDCOUNTS,WEIGHT
the,1291
of,965
and,727
in,725
a,244
to,243
china,231
for,220
at,206
as,206
from,204
rice,188
is,183
neolithic,173
that,164
on,147
sites,133
p,132
site,130
early,127
are,123
bc,114
have,110
period,104
river,100
northern,96
pp,92
culture,91
there,84
with,82
or,79
such,75
during,74
been,73
domesticated,72
wild,72
more,71
valley,68
x,67
it,65
southern,64
chinese,63
by,63
pottery,61
kaogu,60
origins,60
millet,60
also,60
tools,59
stone,58
areas,58
other,57
may,57
be,57
some,56
taiwan,56
an,55
agriculture,54
yellow,54
late,54
was,53
archaeology,52
evidence,51
were,49
not,49
cultivation,47
yangzi,45
people,45
et,45
circa,44
this,44
archaeologists,43
cultural,43
plants,43
de,42
water,42
university,42
cultures,42
yizhi,42
central,41
r,41
area,41
agricultural,41
about,40
archaeological,40
later,39
earliest,38
new,37
has,37
both,37
longshan,37
j,36
than,36
several,36
should,36
i,35
bones,35
one,34
found,34
wenwu,34
indicate,34
no,33
could,33
research,33
w,32
domestication,32
south,32
remains,32
dates,31
most,31
well,31
shandong,31
plant,31
ca,31
northeast,30
first,30
data,30
c,30
possible,29
used,29
hemudu,29
probably,29
development,28
these,28
beixin,28
animals,27
k,27
henan,27
they,26
wenhua,26
pig,26
scholars,26
s,25
buffalo,25
variety,24
lower,24
bone,24
analysis,24
north,24
eastern,23
hunan,23
zhongguo,23
dawenkou,23
peiligang,22
prehistory,22
known,22
xinshiqi,22
report,22
western,21
subsistence,21
suggest,21
southeast,21
systems,21
increasing,21
recent,21
radiocarbon,20
middle,20
fajue,20
studies,19
excavations,19
journal,19
shidai,19
museum,19
similar,19
important,19
province,19
pollen,19
t,19
change,19
he,19
yangshao,19
regional,19
cultivated,19
use,19
japonica,19
asia,18
holocene,18
prehistoric,18
dog,18
houli,18
foxtail,18
identified,18
but,18
two,18
pengtoushan,18
food,18
east,17
z,17
social,17
climate,17
began,17
institute,17
m,16
represent,16
developed,16
near,16
artifacts,16
settlement,16
ancient,16
time,16
date,16
grinding,16
current,16
whether,16
reported,16
d,16
underhill,16
recovered,15
nongye,15
world,15
broomcorn,15
many,15
hebei,15
clear,15
earlier,15
especially,15
varieties,15
bp,14
inner,14
publications,14
laoguantai,14
sedentism,14
pigs,14
reaches,14
presence,14
likely,14
layer,14
ground,14
different,14
information,14
common,13
xuebao,13
h,13
farmers,13
refer,13
after,13
burials,13
initial,13
pleistocene,13
only,13
variation,13
discussed,13
years,13
phytoliths,13
include,13
between,13
discovered,12
since,12
g,12
relatively,12
yan,12
crops,12
age,12
had,12
department,12
place,12
zaoqi,12
banpo,12
b,12
stones,12
foods,12
provide,12
bronze,12
economy,12
shanxi,12
role,12
environmental,11
large,11
excavation,11
e,11
west,11
shang,11
cave,11
paddy,11
horse,11
located,11
increase,11
would,11
chicken,11
team,11
ing,11
yu,11
over,11
suggests,11
vessels,11
needed,10
modern,10
those,10
el,10
southwestern,10
provinces,10
grains,10
project,10
jianbao,10
cishan,10
materials,10
production,10
zengpiyan,10
carbonized,10
wenti,10
present,10
anthropology,10
including,10
significant,10
which,10
anthropological,10
indica,10
sheep,10
beijing,10
techniques,10
relics,10
re,10
if,9
kinds,9
history,9
hong,9
within,9
key,9
ritual,9
even,9
phases,9
their,9
nanzhuangtou,9
lixian,9
warmer,9
diet,9
future,9
its,9
systematic,9
results,9
preliminary,9
periods,9
al,9
ji,9
published,9
patterns,9
where,9
farming,9
xinle,9
continued,9
science,9
table,9
few,9
sherds,9
each,9
form,9
underbill,9
jiangxi,9
determine,8
bamboo,8
shiqian,8
either,8
questions,8
human,8
review,8
clay,8
wet,8
rather,8
diqu,8
study,8
discoveries,8
factors,8
shell,8
zhejiang,8
appears,8
wide,8
basis,8
dapenkeng,8
fieldwork,8
regions,8
least,8
yielded,8
when,8
reports,8
houwa,8
took,8
material,8
number,8
another,8
discussion,8
asian,8
austronesian,8
like,8
features,8
green,8
detailed,8
environment,8
growing,8
extensive,8
mongolia,8
animal,8
distribution,8
city,8
using,8
models,8
national,8
among,8
tion,7
red,7
identify,7
sickle,7
protection,7
mainland,7
test,7
invention,7
flotation,7
great,7
macneish,7
state,7
system,7
discuss,7
y,7
york,7
l,7
process,7
represented,7
direct,7
evolution,7
consider,7
possibly,7
emergence,7
loess,7
swidden,7
greater,7
called,7
international,7
tool,7
cass,7
records,7
xian,7
interpreted,7
seeds,7
polished,7
civilization,7
technology,7
processing,7
addition,7
ceramic,7
forms,7
do,7
containers,7
hongshan,7
range,7
three,7
antiquity,7
perspectives,7
zhishanyan,7
liu,7
qi,7
phytolith,7
geographic,7
ancestor,7
wangyin,7
shaanxi,7
given,7
harvesting,7
much,7
mortuary,6
introduction,6
complex,6
di,6
oracle,6
baijia,6
guangxi,6
rich,6
similarities,6
dong,6
jiahu,6
ern,6
american,6
lilou,6
beginning,6
xinglongwa,6
look,6
how,6
importance,6
parts,6
dated,6
korea,6
jars,6
based,6
faunal,6
term,6
fish,6
liangzhu,6
chang,6
related,6
hubei,6
issues,6
survey,6
excavated,6
soil,6
cattle,6
will,6
yields,6
baogao,6
pacific,6
husbandry,6
paso,6
primarily,6
valleys,6
investigated,6
lake,6
bao,6
sequence,6
recovery,6
abundant,6
provides,6
can,6
southwest,6
zaoshi,6
states,6
huai,6
methods,6
fields,6
investigate,6
any,6
kaoguxue,6
jinan,6
intensification,6
paper,6
seem,6
infer,6
yicun,6
living,6
through,6
introduced,6
layers,6
until,6
although,6
increased,6
develop,6
chahai,6
major,6
does,5
currently,5
edge,5
settlements,5
before,5
implications,5
humans,5
wooden,5
secondary,5
california,5
quantities,5
quantity,5
zhang,5
zhou,5
phase,5
includes,5
component,5
speakers,5
due,5
jade,5
regarded,5
dence,5
fig,5
jiao,5
storage,5
traits,5
changbin,5
mesolithic,5
coastal,5
grew,5
anhui,5
paleolithic,5
bristlegrass,5
changes,5
chengbeixi,5
neo,5
shizitan,5
exploited,5
lithic,5
yangtze,5
providing,5
appear,5
organic,5
accomplishments,5
focused,5
dynasty,5
because,5
sickles,5
year,5
size,5
contains,5
inferred,5
cordmarked,5
wheat,5
ren,5
lowest,5
propose,5
texas,5
f,5
critical,5
islands,5
indicates,5
thailand,5
interpretation,5
unwin,5
reliance,5
see,5
origin,5
cul,5
local,5
made,5
formal,5
previously,5
yale,5
harvard,5
office,5
historic,5
language,5
characterized,5
preservation,5
xin,5
graves,5
daxi,5
occupied,5
species,5
bureau,5
who,5
faxian,5
forests,5
tang,5
must,5
japan,5
xianrendong,5
sativa,5
unknown,5
er,5
type,5
hemp,5
terms,5
nearby,5
xiachuan,5
upper,5
art,5
little,5
evi,5
conclude,5
obtain,5
centennial,5
qijia,5
need,5
qiyuan,5
root,5
clarify,5
nan,5
yuchisi,4
erjiancun,4
cultiva,4
linguistic,4
center,4
english,4
into,4
riod,4
oryza,4
husks,4
upland,4
domesti,4
all,4
warm,4
farther,4
hunting,4
help,4
inland,4
chipped,4
somewhat,4
plain,4
yuancheng,4
baishicun,4
foraging,4
vol,4
labor,4
zhuangtou,4
distinctive,4
old,4
ct,4
hoes,4
steps,4
identification,4
district,4
aquatic,4
von,4
gathering,4
jomon,4
majiayao,4
clearly,4
traces,4
surface,4
uses,4
societies,4
appearance,4
further,4
weed,4
recently,4
ceramics,4
aridity,4
dao,4
gansu,4
possibility,4
journals,4
county,4
describe,4
grain,4
my,4
causal,4
betel,4
small,4
smithsonian,4
ancestral,4
chengtoushan,4
shi,4
goat,4
provided,4
valuable,4
digging,4
yanjiu,4
republic,4
populations,4
zhao,4
horses,4
qujialing,4
spades,4
examined,4
taro,4
ci,4
same,4
skeletons,4
useful,4
others,4
available,4
xushui,4
tanshishan,4
treatment,4
debates,4
figurines,4
contemporary,4
fenxi,4
simple,4
model,4
coarse,4
axes,4
perhaps,4
routledge,4
wood,4
discovery,4
region,4
residues,4
dating,4
significance,4
japanese,4
function,4
high,4
probable,4
ornaments,4
raised,4
invented,4
cereals,4
cereal,4
wangdong,4
ecological,4
fully,4
pe,4
order,4
zhi,4
dead,4
aboriginal,4
eventually,4
comparison,4
peoples,4
natural,4
control,4
dur,4
ar,4
historical,4
villages,4
cooking,4
coast,4
particular,4
pinyin,4
isotopic,4
transition,4
song,4
adapted,4
zhangqiu,4
dadiwan,4
practices,4
kong,4
cambridge,4
mesticated,4
needs,4
vessel,4
second,4
cook,4
deposits,4
substantial,4
observed,4
resources,4
linjia,4
woven,3
paleoenvironment,3
samples,3
indicated,3
distributed,3
academia,3
ma,3
completely,3
compilation,3
wolf,3
sources,3
long,3
li,3
season,3
seems,3
liaoning,3
thank,3
differences,3
baijiacun,3
link,3
concludes,3
products,3
bettinger,3
vegetation,3
floral,3
classified,3
investigations,3
papers,3
designs,3
xiaojingshan,3
majiabang,3
figs,3
ax,3
far,3
indicating,3
yao,3
bowls,3
identifies,3
collection,3
deciduous,3
characteristic,3
ag,3
br,3
topic,3
wuyang,3
kind,3
perspective,3
houses,3
third,3
hujiawuchang,3
deceased,3
climates,3
paste,3
shenyang,3
ers,3
recognized,3
adequate,3
zhong,3
highway,3
ex,3
generally,3
huaxia,3
drainage,3
firing,3
arid,3
objects,3
n,3
show,3
vietnam,3
beyond,3
exploitation,3
zouping,3
flow,3
begun,3
shuiquan,3
out,3
popu,3
bashidang,3
academic,3
occupation,3
oklahoma,3
burial,3
method,3
chopping,3
provincial,3
work,3
ditches,3
shijue,3
part,3
indigenous,3
island,3
discussions,3
jiangsu,3
beginnings,3
apparently,3
believes,3
working,3
below,3
reliable,3
involve,3
indicators,3
mains,3
knives,3
characterizes,3
karuo,3
activities,3
tai,3
fiber,3
morphology,3
baoding,3
short,3
toward,3
agricul,3
motivated,3
argues,3
above,3
make,3
macrobotanical,3
label,3
oxford,3
relied,3
represents,3
ethnographic,3
si,3
silk,3
belonging,3
unusually,3
noted,3
technique,3
projects,3
shows,3
zai,3
liaodong,3
nian,3
crop,3
personal,3
zhiwu,3
dongwu,3
doubt,3
considerable,3
pattern,3
v,3
daozuo,3
necessary,3
staining,3
fewer,3
native,3
compelled,3
subtropical,3
closer,3
chiang,3
kangjia,3
resulting,3
continue,3
examination,3
ties,3
haidai,3
authors,3
stress,3
nut,3
yang,3
allowed,3
dongting,3
collected,3
ture,3
agri,3
subareas,3
often,3
relation,3
interpretations,3
mainly,3
shixia,3
institution,3
relative,3
sociopolitical,3
adzes,3
songze,3
guanyu,3
rise,3
support,3
bulletin,3
dai,3
life,3
settled,3
broadleaved,3
examine,3
articles,3
chen,3
niandai,3
leixing,3
considered,3
associated,3
yantai,3
characteristics,3
detail,3
proposes,3
quaternary,3
news,3
soybean,3
gu,3
linzi,3
xiawanggang,3
did,3
argue,3
ideological,3
reflected,3
evident,3
them,3
grow,3
maintain,3
seasonal,3
extent,3
contain,3
xu,3
penghu,3
pre,3
became,3
wang,3
numerous,3
morphological,3
burnt,3
instead,3
land,3
cation,3
extremely,3
association,3
classification,3
roughly,3
chutu,3
elites,3
debate,3
surveys,3
southeastern,3
draft,3
difficult,2
ments,2
lation,2
stylistic,2
generated,2
ippa,2
intriguing,2
implies,2
mountains,2
plows,2
conducted,2
discover,2
offerings,2
effective,2
tend,2
tures,2
grown,2
alashan,2
spirit,2
comparisons,2
necessarily,2
harsh,2
presents,2
inequality,2
descriptions,2
source,2
diversity,2
bark,2
cestor,2
limestone,2
par,2
envi,2
explaining,2
unearthed,2
lingnan,2
every,2
wool,2
learned,2
scientific,2
ii,2
attempt,2
nature,2
wenshang,2
experiments,2
liaohai,2
belong,2
lunwen,2
conditions,2
confusion,2
potentially,2
analyses,2
hoabinhian,2
xianren,2
jiangou,2
reveal,2
shao,2
efficiently,2
xx,2
skull,2
migrated,2
rockshelters,2
political,2
context,2
spade,2
rizhao,2
case,2
issue,2
forthcoming,2
botanical,2
dap,2
autonomous,2
prior,2
facilitating,2
shiqi,2
reduce,2
ings,2
huanjing,2
richard,2
shellfish,2
reconstruction,2
economies,2
lintong,2
huanghe,2
linked,2
regarding,2
mengcheng,2
throughout,2
difficulties,2
yaowangcheng,2
qian,2
wuan,2
interest,2
mixed,2
expected,2
dis,2
transitional,2
distinct,2
tibet,2
wiping,2
amount,2
causing,2
ear,2
huanglianshu,2
six,2
yanzhai,2
huo,2
jixian,2
find,2
dragon,2
unresolved,2
yi,2
border,2
dongnan,2
impressions,2
undisputed,2
banana,2
peo,2
bellwood,2
sample,2
zhongshiqi,2
ba,2
husk,2
highlands,2
stressing,2
square,2
preparing,2
approaches,2
fujian,2
risk,2
anban,2
certain,2
yangjiajuan,2
special,2
peabody,2
buf,2
occu,2
hematite,2
cause,2
statistical,2
image,2
zhumadian,2
edition,2
house,2
dadunzi,2
yangzhuang,2
profile,2
four,2
enkeng,2
qinghai,2
peninsula,2
painted,2
linfen,2
plenum,2
permanent,2
jan,2
mo,2
dc,2
cultivating,2
hafted,2
problem,2
banyan,2
identifying,2
huang,2
adoption,2
tem,2
tural,2
seven,2
shu,2
mustard,2
sedentary,2
fishing,2
chaff,2
while,2
im,2
topics,2
understood,2
caves,2
circular,2
yancangcheng,2
perate,2
char,2
paleoenvironmental,2
publish,2
erlitou,2
debatable,2
knowledge,2
literature,2
q,2
older,2
climatic,2
versus,2
documented,2
riding,2
ann,2
huixian,2
cradles,2
hejiawan,2
broadcast,2
indi,2
level,2
stage,2
contrast,2
fallow,2
family,2
affluent,2
sufficient,2
silkworms,2
wider,2
cong,2
up,2
progress,2
practice,2
ment,2
moist,2
newly,2
grateful,2
pot,2
deer,2
society,2
tanlun,2
pearson,2
evergreen,2
led,2
investigating,2
higham,2
calibration,2
plateau,2
erika,2
economic,2
exception,2
tropical,2
etc,2
ple,2
pile,2
still,2
comments,2
ruzhou,2
cultivate,2
com,2
vicinity,2
hoe,2
eral,2
domesticates,2
makes,2
windows,2
temperate,2
complete,2
rape,2
containing,2
opment,2
zhuyao,2
lack,2
walled,2
linli,2
stronger,2
dongjiabai,2
jiang,2
fengbitou,2
phalanx,2
mountainous,2
naturally,2
teeth,2
grave,2
wu,2
feasting,2
fragments,2
honor,2
anthropologist,2
charac,2
pleis,2
covered,2
innovative,2
flooded,2
unit,2
zhoukoudian,2
unclear,2
deep,2
yanzhou,2
wenming,2
abundance,2
territoriality,2
dayuan,2
survive,2
cao,2
deliberately,2
forested,2
skeletal,2
cropping,2
progenitors,2
diaocha,2
processes,2
variables,2
laboratory,2
youguan,2
advantages,2
low,2
sev,2
earth,2
sherd,2
modem,2
oc,2
comprehensive,2
lakes,2
individual,2
symposium,2
spread,2
am,2
played,2
dry,2
stages,2
article,2
evolutionary,2
kending,2
craft,2
become,2
pro,2
shallow,2
availability,2
differ,2
figures,2
yuanjunmiao,2
division,2
chaeologists,2
dogs,2
seasons,2
lacquer,2
five,2
types,2
ideology,2
tech,2
inside,2
signifi,2
widespread,2
trait,2
starch,2
lations,2
relevant,2
es,2
construction,2
moister,2
centuries,2
honglongzhuang,2
thick,2
xinanzhuang,2
huanan,2
zuo,2
comes,2
conclusion,2
incised,2
conjunction,2
wear,2
jilin,2
ricultural,2
tsang,2
mac,2
perforated,2
xiangguan,2
meat,2
geoarchaeology,2
shui,2
pestles,2
languages,2
cemetery,2
jianghan,2
capital,2
ivory,2
regard,2
domestic,2
ported,2
very,2
steppe,2
pit,2
following,2
outlines,2
proceedings,2
classifica,2
investigation,2
ruogan,2
independently,2
qixia,2
liaon,2
dahecun,2
prepare,2
mudu,2
foundations,2
mentioned,2
prestige,2
cloth,2
alcohol,2
translated,2
anyang,2
toothed,2
presented,2
trees,2
preserved,2
lijiacun,2
sichuan,2
kin,2
quartzite,2
press,2
devel,2
variability,2
durable,2
plans,2
mention,2
characterize,2
xuekan,2
calibrated,2
terminal,2
liest,2
our,2
zhongyou,2
formation,2
loth,2
tocene,2
xixiang,2
plowing,2
zones,2
tanshisi,2
temperature,2
donggou,2
washington,2
accept,2
liuwan,2
serrated,2
shuju,2
fauna,2
tengxian,2
cene,2
consumption,2
colleagues,2
attempted,2
off,2
shells,2
oldest,2
summary,2
moved,2
specific,2
potential,2
text,2
sajor,2
partial,2
norman,2
exclusively,2
interaction,2
whenever,2
race,2
guangdong,2
thorough,2
final,1
exhibiting,1
frequent,1
david,1
tokyo,1
go,1
care,1
transportation,1
reeling,1
done,1
chronological,1
microblades,1
estimated,1
always,1
elite,1
fertile,1
sativciy,1
relevance,1
implying,1
jingji,1
tropics,1
imported,1
ready,1
northernmost,1
judging,1
cradle,1
affected,1
extreme,1
college,1
revolutionary,1
trans,1
madsen,1
flute,1
alone,1
extends,1
dongshan,1
flexed,1
spurred,1
mar,1
notably,1
connecticut,1
ergreen,1
per,1
passing,1
village,1
conversion,1
bei,1
becoming,1
engendering,1
summarizing,1
achievements,1
systematically,1
drastically,1
agency,1
nedy,1
diversification,1
surnames,1
authority,1
sticking,1
systemati,1
motivation,1
ways,1
nuts,1
mals,1
easily,1
unraveling,1
mit,1
han,1
favor,1
hangzhou,1
guisuanti,1
ms,1
considerations,1
ziliao,1
ondary,1
tempered,1
trace,1
quite,1
rivers,1
committee,1
xunyang,1
tifacts,1
turtle,1
jixiang,1
ethnoarchaeological,1
sys,1
sackler,1
domes,1
sor,1
po,1
daoli,1
territorial,1
tripod,1
contact,1
banshan,1
hints,1
fluctuations,1
diffusion,1
round,1
said,1
supercede,1
anthropogenic,1
fabric,1
woguo,1
gap,1
mortise,1
transitions,1
problems,1
zaozhongqi,1
concur,1
zhishi,1
extraordinary,1
disagreement,1
archae,1
distinguishing,1
yingyong,1
baozitou,1
handle,1
shanghai,1
give,1
taken,1
military,1
hemodu,1
concentrated,1
planting,1
kunhuo,1
musical,1
board,1
sub,1
palynological,1
gourds,1
actual,1
italica,1
tolerated,1
transplant,1
gaiyao,1
gin,1
definition,1
moundville,1
physiographic,1
shaped,1
europe,1
sup,1
individuals,1
tradition,1
hibiting,1
advantage,1
suggesting,1
cocoon,1
borders,1
highland,1
reasons,1
increas,1
producing,1
able,1
government,1
sifies,1
jin,1
hundred,1
tenon,1
take,1
styles,1
histo,1
subsequent,1
developmental,1
feature,1
starchy,1
ticated,1
wall,1
analogue,1
normile,1
last,1
electron,1
replicated,1
jingguo,1
chou,1
marine,1
bate,1
robert,1
reminiscent,1
physical,1
changjiang,1
tamed,1
palasiatica,1
viet,1
advances,1
buri,1
horseback,1
plowshares,1
insti,1
dongjiabaicun,1
maodou,1
fufeng,1
falkenhausen,1
documenting,1
wetter,1
con,1
occasional,1
fertilizers,1
itou,1
fruit,1
effort,1
qingdao,1
hulingzhi,1
chengjiu,1
westernmost,1
continuum,1
translations,1
shidi,1
primary,1
bases,1
pub,1
iv,1
addresses,1
baoz,1
duandai,1
design,1
renmin,1
placement,1
chest,1
marked,1
compelling,1
omissions,1
scanning,1
reliability,1
securely,1
zhijun,1
shared,1
soils,1
functions,1
xianmin,1
move,1
piperno,1
reconsidering,1
mental,1
combination,1
desired,1
point,1
yogurt,1
rela,1
xia,1
diffused,1
fur,1
tropi,1
compo,1
apply,1
rainforests,1
along,1
representing,1
sophisticated,1
evasdottir,1
chronic,1
lars,1
kexue,1
zao,1
harold,1
controlled,1
signal,1
tories,1
goal,1
beaters,1
pen,1
postcranial,1
romanization,1
accessible,1
unpublished,1
coun,1
differential,1
relocation,1
relationships,1
taipei,1
pied,1
explained,1
spectrum,1
agreement,1
depressions,1
consumed,1
scarce,1
interior,1
realized,1
perfo,1
integral,1
proto,1
aus,1
neighbors,1
dia,1
adopted,1
distri,1
occurs,1
afford,1
leaf,1
barnett,1
application,1
larly,1
supplies,1
convention,1
teristic,1
employing,1
walnut,1
kan,1
resin,1
spans,1
screening,1
yangjin,1
priority,1
turn,1
unity,1
rank,1
cases,1
nelson,1
diocarbon,1
ation,1
amended,1
jl,1
fenye,1
pecked,1
easternmost,1
convincing,1
back,1
hillhouse,1
body,1
searchers,1
serving,1
columbia,1
cant,1
young,1
gal,1
served,1
radio,1
allowing,1
suitable,1
spodogram,1
waterlogged,1
criterion,1
vermiculite,1
died,1
tral,1
stature,1
ef,1
archaeologist,1
impressed,1
potsherd,1
pos,1
geng,1
oar,1
typhoons,1
traditions,1
coasts,1
guilin,1
fer,1
acknowledge,1
vented,1
festschrift,1
walls,1
let,1
incentive,1
exten,1
van,1
higher,1
rs,1
stant,1
seventh,1
assessed,1
poor,1
cluding,1
via,1
sue,1
iti,1
wavy,1
boreal,1
lotus,1
ably,1
festschrisft,1
without,1
basil,1
his,1
statements,1
beizhuang,1
modeling,1
main,1
mouthed,1
scapulae,1
angeles,1
fermented,1
molars,1
ra,1
nents,1
basic,1
tanhua,1
salvage,1
landscape,1
ecogeographical,1
lianshui,1
var,1
levels,1
rufipogon,1
environments,1
tensification,1
excavators,1
killing,1
taller,1
jiangri,1
palaeolithic,1
lasted,1
supplement,1
legendary,1
variant,1
tan,1
bryan,1
zongshu,1
jirem,1
analy,1
tree,1
selected,1
qingzhu,1
offering,1
bibliographical,1
ves,1
xxx,1
neish,1
palaeoenvironment,1
means,1
reason,1
jiangzhai,1
understand,1
pleisto,1
finer,1
microscope,1
centives,1
marks,1
bingqi,1
females,1
excellent,1
locally,1
shouhuo,1
revising,1
rated,1
familiar,1
specialization,1
intensive,1
replications,1
jiancun,1
sick,1
presumably,1
specify,1
proposed,1
threatening,1
reconstructions,1
former,1
luoyang,1
impact,1
squares,1
record,1
northeastern,1
instrument,1
curred,1
too,1
prevent,1
steatite,1
delta,1
resource,1
dicate,1
liao,1
ploying,1
indications,1
goats,1
efficient,1
modeled,1
evaluation,1
points,1
palaeoanthropology,1
theory,1
reevaluating,1
encom,1
sheng,1
photos,1
mussel,1
mon,1
faced,1
management,1
cut,1
view,1
trajectories,1
faitning,1
jianlun,1
romanize,1
tween,1
raw,1
sive,1
came,1
cynthia,1
memory,1
responsibility,1
path,1
location,1
included,1
allow,1
ethnoecological,1
transmission,1
gou,1
acknowledgments,1
search,1
em,1
tentially,1
traordinary,1
attrition,1
resharpened,1
centers,1
handan,1
lived,1
facilitate,1
cates,1
teristics,1
zone,1
cannabis,1
hybridize,1
brief,1
synthesize,1
fuel,1
base,1
cores,1
evaluate,1
extracting,1
bution,1
chifeng,1
zhipu,1
fourth,1
neighboring,1
polishing,1
engraved,1
reviews,1
currence,1
guiiin,1
portant,1
residential,1
sticks,1
symbols,1
xiaji,1
nique,1
tantao,1
scale,1
xiyin,1
extrapolation,1
shamanism,1
semblages,1
counties,1
compare,1
taught,1
levant,1
zoupingyuancheng,1
flaked,1
follow,1
val,1
nonportable,1
expressions,1
tially,1
criteria,1
ther,1
aspects,1
shape,1
directly,1
having,1
swords,1
feeding,1
allocation,1
reprint,1
crushed,1
line,1
makers,1
horticulture,1
received,1
abstracts,1
ronment,1
los,1
emphasis,1
women,1
voted,1
dedication,1
compared,1
floodplain,1
unless,1
significantly,1
wove,1
rat,1
zhenshi,1
su,1
london,1
discusses,1
porous,1
ocher,1
dongxue,1
reduction,1
pletely,1
fence,1
bowl,1
texture,1
dividing,1
bovines,1
rollers,1
continuation,1
ketishiiun,1
northwest,1
archaeologica,1
broad,1
inspire,1
inclusions,1
actually,1
predicts,1
bits,1
xinjiang,1
xigaoya,1
winter,1
wushiwu,1
rituals,1
call,1
focuses,1
artemisia,1
bovid,1
gions,1
estuary,1
surrounding,1
ously,1
southerly,1
sels,1
wiian,1
stanford,1
artifact,1
status,1
reanalyzing,1
strengthened,1
elephant,1
own,1
clearance,1
zhengzhou,1
origi,1
errors,1
gudai,1
quanxinshi,1
subtle,1
depicting,1
expended,1
preceded,1
interregional,1
sense,1
indicator,1
caused,1
field,1
yuzhou,1
machang,1
drier,1
alcoholic,1
cedures,1
gaishu,1
keshengzhuang,1
emphasizes,1
diagnostic,1
gests,1
tibetan,1
emerging,1
profes,1
zhulei,1
signifies,1
around,1
hemisphere,1
dwell,1
habitation,1
eleven,1
lating,1
ship,1
components,1
bridge,1
bray,1
vation,1
mal,1
cool,1
brought,1
decline,1
ancestors,1
diversified,1
sculptures,1
methodological,1
jades,1
tempering,1
seed,1
addictive,1
examines,1
describes,1
qinling,1
timates,1
miaodigou,1
environmentally,1
notes,1
plausible,1
inces,1
shimen,1
appropriate,1
value,1
finds,1
settle,1
massive,1
varie,1
areca,1
distin,1
cun,1
brassica,1
span,1
portion,1
helan,1
turquoise,1
processual,1
tasks,1
approximate,1
wushu,1
exterior,1
trampling,1
demand,1
ceremonial,1
insects,1
groundstone,1
onset,1
prac,1
summarize,1
commu,1
ken,1
tively,1
dongbei,1
oujialing,1
indicative,1
spell,1
fucha,1
vention,1
synthesis,1
overall,1
blust,1
comparative,1
tery,1
limited,1
play,1
fu,1
corporation,1
legumes,1
caffeine,1
edges,1
wetland,1
shenxian,1
community,1
threshing,1
taosi,1
adze,1
mengxi,1
chaeological,1
movement,1
dle,1
hornblende,1
religious,1
innovation,1
selection,1
positive,1
mourners,1
conventional,1
pastoralists,1
single,1
relationship,1
once,1
forts,1
funerals,1
incipient,1
thames,1
nandao,1
sandai,1
jiantao,1
gins,1
repair,1
chronology,1
reconstruct,1
gaogou,1
jige,1
horn,1
semisubterranean,1
chris,1
editorial,1
ams,1
publishing,1
light,1
watson,1
olsen,1
rectangular,1
refine,1
zhongyao,1
experimental,1
demonstrates,1
experiment,1
chew,1
largest,1
gary,1
ferent,1
begins,1
spelling,1
tain,1
pol,1
functioned,1
wannian,1
ev,1
picture,1
cream,1
volume,1
prc,1
heilongjiang,1
falo,1
solomon,1
book,1
monkeys,1
structures,1
challenge,1
bulk,1
tribution,1
mentions,1
elaphure,1
karou,1
pick,1
stating,1
put,1
principally,1
towards,1
tong,1
smith,1
ban,1
powder,1
creasing,1
ley,1
baofen,1
juluo,1
conduct,1
occurrence,1
yiyi,1
striking,1
across,1
fuxin,1
beliefs,1
rebuilding,1
larger,1
monumentality,1
identity,1
richer,1
culti,1
diverse,1
legs,1
demonstrating,1
gray,1
grows,1
end,1
arthur,1
hackberry,1
compacting,1
kazue,1
display,1
chiefdom,1
mai,1
wesleyan,1
men,1
qinweijia,1
ages,1
readers,1
drinking,1
yinqi,1
employed,1
posits,1
considers,1
en,1
mu,1
continuing,1
purposes,1
func,1
accepted,1
stantial,1
michael,1
heavily,1
council,1
dica,1
spoke,1
focusing,1
intensify,1
seminar,1
yigu,1
sec,1
fanning,1
beishouling,1
acquire,1
ticularly,1
realize,1
thoroughly,1
degree,1
chickens,1
interpreting,1
mats,1
cently,1
syposium,1
analyzed,1
microscopic,1
understanding,1
referred,1
greatest,1
exhibit,1
investment,1
vast,1
regu,1
dien,1
gordon,1
considering,1
assemblages,1
true,1
desert,1
trajectory,1
leguminous,1
lijiagang,1
botel,1
taopian,1
zui,1
distinctly,1
ethnology,1
wuqian,1
sixth,1
depended,1
trends,1
contacts,1
recover,1
cator,1
orna,1
expand,1
concern,1
hanunoo,1
assumption,1
sinensus,1
factor,1
assume,1
causes,1
prov,1
collaborative,1
velopment,1
trend,1
karst,1
rare,1
ditu,1
maintains,1
jianding,1
guzhen,1
sible,1
frame,1
chosen,1
raising,1
sees,1
deforestation,1
ob,1
pletion,1
eleventh,1
infers,1
theoretical,1
shelter,1
described,1
open,1
landscapes,1
peaches,1
taoqi,1
obtaining,1
health,1
chengguo,1
aberrant,1
amounts,1
stimu,1
elevations,1
counter,1
pin,1
times,1
controversies,1
anne,1
mod,1
countries,1
revised,1
flood,1
skulls,1
cally,1
uni,1
administrative,1
revolutionize,1
qianyi,1
ecology,1
conversation,1
peinan,1
black,1
alligator,1
latter,1
liance,1
exchange,1
woodworking,1
artificial,1
valued,1
conclusions,1
facing,1
outside,1
leaves,1
deng,1
shuidao,1
insula,1
clude,1
blanton,1
xiwusi,1
structure,1
orchid,1
hunters,1
qun,1
natu,1
sug,1
yuyi,1
ate,1
inde,1
treme,1
semidomesticated,1
guang,1
eating,1
conveyed,1
adaptive,1
controversial,1
productive,1
wiiyang,1
cen,1
mil,1
attention,1
competed,1
haiyan,1
hunt,1
separate,1
mastication,1
unexpected,1
farm,1
european,1
carried,1
tanshisan,1
manchurian,1
chu,1
discussing,1
respect,1
median,1
lepofsky,1
aid,1
me,1
proc,1
stems,1
cance,1
cenian,1
raise,1
siba,1
cabbage,1
tailed,1
mixture,1
identifed,1
foreign,1
impressive,1
begin,1
errone,1
gongyuan,1
lines,1
insufficient,1
dec,1
tify,1
sauer,1
predict,1
investigators,1
leiden,1
un,1
seen,1
outline,1
qiangjiu,1
effectively,1
jar,1
xueshu,1
contribution,1
murowchick,1
nological,1
immensity,1
recognize,1
contents,1
covering,1
essing,1
spanning,1
why,1
helpful,1
puxi,1
expectations,1
walnuts,1
existed,1
united,1
achieve,1
disk,1
creasingly,1
stratified,1
supporting,1
tivated,1
itself,1
tronesian,1
fen,1
fenqi,1
publica,1
unusual,1
dana,1
longman,1
tems,1
monumental,1
resemble,1
woodlands,1
forest,1
regularly,1
addressed,1
quantitative,1
freshwater,1
sections,1
school,1
ished,1
wanted,1
wellington,1
dependable,1
gallery,1
heavy,1
jieshao,1
riculture,1
aspiring,1
bean,1
suite,1
series,1
version,1
inven,1
adjoining,1
interrelationship,1
races,1
economically,1
continues,1
nated,1
fluctuating,1
favors,1
regime,1
broom,1
intermittently,1
organization,1
marshy,1
carbondale,1
mourn,1
occurrences,1
prob,1
symbol,1
sciences,1
offers,1
longhan,1
set,1
tapa,1
der,1
shamans,1
ni,1
berkeley,1
lun,1
xiaceng,1
keightley,1
linjin,1
vertebrata,1
ronmental,1
country,1
flint,1
eighth,1
acterized,1
inclined,1
confident,1
sizes,1
zhongda,1
exploration,1
believe,1
vari,1
down,1
clas,1
sent,1
etal,1
southernmost,1
basins,1
visiting,1
lianyungang,1
ding,1
then,1
foundation,1
iii,1
exploiting,1
particularly,1
dat,1
dongxiang,1
rices,1
jiasu,1
grind,1
muzang,1
goods,1
cities,1
examining,1
explicitly,1
guinea,1
past,1
conklin,1
scores,1
bands,1
qingli,1
better,1
sericulture,1
phd,1
ditch,1
ologists,1
cal,1
tices,1
haochengzhen,1
mongolian,1
what,1
vary,1
luojia,1
heads,1
microlithic,1
ningxia,1
poses,1
worthwhile,1
making,1
references,1
chubu,1
minzuxue,1
gengxinshi,1
monsoonal,1
yinshi,1
impli,1
holo,1
zhongyuan,1
exploratory,1
serials,1
fujin,1
supplemented,1
tute,1
pendently,1
weights,1
syuichi,1
fore,1
produce,1
textual,1
ori,1
almost,1
observations,1
ideal,1
rally,1
yami,1
shifting,1
port,1
categories,1
travel,1
conference,1
researchers,1
pation,1
careful,1
potters,1
updated,1
altered,1
pits,1
nai,1
acterize,1
simplify,1
jiaxian,1
fothe,1
lications,1
joining,1
prevalent,1
procure,1
fossil,1
cations,1
lies,1
everywhere,1
dama,1
oil,1
matches,1
ceding,1
nonhuman,1
contribute,1
treats,1
proper,1
clothing,1
lactose,1
wei,1
exploit,1
botanists,1
jian,1
writing,1
tions,1
wenha,1
mica,1
timate,1
question,1
confounding,1
thiwan,1
fining,1
flota,1
diaosu,1
ani,1
foragers,1
cussed,1
genetically,1
illinois,1
laterite,1
shiiun,1
chemical,1
vironments,1
iden,1
geoarchaeological,1
hawthorn,1
offer,1
preceramic,1
approximately,1
sues,1
americas,1
uncalibrated,1
integrated,1
yuyao,1
environ,1
manufacture,1
shipu,1
product,1
smaller,1
barnes,1
firewood,1
canines,1
involving,1
symbolizes,1
you,1
playing,1
broadleaf,1
guoji,1
quartz,1
mulberry,1
putting,1
anonymous,1
flooding,1
jinghua,1
vi,1
junglefowl,1
thousand,1
observation,1
endeavors,1
searching,1
carbon,1
besides,1
shuoguo,1
intolerant,1
capra,1
yuzu,1
cpam,1
scholarship,1
butchering,1
guish,1
create,1
texts,1
setaria,1
characters,1
northwestern,1
supplementary,1
guishi,1
corn,1
nephrite,1
focus,1
conventions,1
counts,1
technological,1
lu,1
versatility,1
digest,1
interepreted,1
dif,1
whistle,1
enormous,1
flakes,1
profiles,1
pulling,1
alternative,1
built,1
jw,1
showed,1
guhai,1
taolunhui,1
ganyu,1
gourd,1
arizona,1
deeper,1
continuously,1
hypothesis,1
