WORDCOUNTS,WEIGHT
the,829
of,536
and,478
in,411
a,185
neolithic,177
for,125
to,118
at,112
were,109
that,108
from,107
sites,104
is,93
pottery,81
central,80
as,80
was,77
linear,73
on,73
europe,72
have,72
flint,66
middle,66
are,59
j,54
people,53
not,52
by,50
der,49
early,48
b,46
or,46
found,45
w,43
during,43
this,43
with,43
per,41
wheat,41
pp,39
economy,39
may,37
only,37
i,35
we,35
farming,35
p,33
population,33
used,33
but,33
bronocice,32
some,31
x,31
animals,31
settlement,31
late,30
there,29
l,29
university,29
more,29
settlements,28
their,28
most,28
die,28
probably,28
been,28
fields,28
they,27
und,27
cultivated,27
an,27
european,27
wild,27
it,26
than,26
m,26
poland,26
culture,26
plants,25
be,25
kruk,24
also,23
km,23
such,22
milisauskas,22
funnel,22
evidence,22
beaker,21
communities,21
olszanica,21
domestic,21
land,21
north,21
s,20
has,20
z,20
loess,20
plant,20
cereals,20
k,19
could,19
cattle,19
which,19
number,19
southeastern,19
into,18
ware,18
corded,18
had,18
r,18
jurassic,18
farmers,17
soils,17
region,17
use,17
would,17
exchange,17
remains,17
e,16
plain,16
no,16
east,16
barley,15
many,15
cultivation,15
animal,15
cereal,14
since,14
very,14
site,14
na,14
three,14
domesticated,14
salt,14
large,13
ha,13
northern,13
southern,13
areas,13
new,13
cambridge,13
increase,13
table,13
first,12
zur,12
blades,12
g,12
higher,12
von,12
im,12
year,12
percentage,12
these,12
other,12
v,12
made,12
high,12
can,12
obsidian,12
des,12
d,12
area,12
one,11
stone,11
different,11
within,11
phase,11
sp,11
kultury,11
emmer,11
suggested,11
prehistoric,11
near,11
pigs,11
artifacts,11
data,11
all,11
two,11
perhaps,11
period,11
practiced,11
occupied,11
while,11
wroclaw,11
does,10
estimated,10
if,10
germany,10
production,10
eastern,10
aus,10
subsistence,10
bc,10
suggest,10
small,10
when,10
weeds,10
crop,10
study,10
did,10
presence,10
distribution,10
suggests,10
years,10
groups,9
sources,9
economic,9
houses,9
organization,9
exploited,9
important,9
societies,9
well,9
its,9
baden,9
et,9
regions,9
few,9
rye,9
pow,9
frequency,9
distance,9
local,9
swieciechow,9
mining,9
yields,9
archaeology,9
brome,9
cultures,9
although,9
even,9
archaeologica,9
c,9
valley,9
among,9
uplands,8
total,8
located,8
resources,8
acta,8
fig,8
based,8
location,8
t,8
kultur,8
around,8
expansion,8
do,8
less,8
material,8
auf,8
archaeological,8
so,8
hunters,8
archeologicke,8
indicate,8
ceramiki,8
both,8
nad,8
goosefoot,8
polish,7
represent,7
volynian,7
bei,7
studies,7
source,7
available,7
atlantic,7
bones,7
fur,7
quantity,7
frequencies,7
pit,7
estimates,7
journal,7
mesolithic,7
h,7
ceramics,7
changes,7
numbers,7
burial,7
tools,7
field,7
several,7
ornamented,7
indicates,7
movement,7
nonlocal,7
noted,7
bar,7
social,7
food,7
burials,7
species,7
oxford,7
ecological,7
rarely,7
each,7
sheep,7
associated,7
type,7
copper,7
between,7
rate,6
common,6
western,6
occurred,6
lower,6
upland,6
wool,6
rhineland,6
those,6
nowa,6
mixed,6
weight,6
without,6
how,6
river,6
n,6
exploitation,6
strategy,6
greater,6
einkorn,6
stroke,6
international,6
weed,6
occupation,6
millet,6
enclosures,6
osady,6
wiadomosci,6
family,6
research,6
yielded,6
core,6
world,6
lengyel,6
still,6
about,6
shifting,6
regional,6
time,6
valleys,6
low,6
bandkeramische,6
herding,6
continued,6
analysis,6
capreolus,6
exchanged,6
earliest,6
forests,6
series,6
soil,6
meat,6
over,6
milk,6
them,6
agricultural,6
vessels,6
our,6
lands,6
increased,6
nisp,6
imported,5
globular,5
being,5
ii,5
leiden,5
differences,5
vegetation,5
wczesnym,5
system,5
neolitycznej,5
agriculture,5
throughout,5
de,5
relatively,5
akademie,5
amphora,5
impressions,5
zwierzece,5
obtained,5
similar,5
frequently,5
age,5
show,5
result,5
appearance,5
out,5
zone,5
density,5
though,5
neolithischen,5
possibility,5
kg,5
gatherers,5
ditches,5
london,5
winter,5
bogucki,5
level,5
seeds,5
dem,5
berlin,5
variety,5
absence,5
materials,5
community,5
longhouses,5
archeologiczne,5
temperate,5
ceramic,5
scholars,5
end,5
pattern,5
patterns,5
model,5
knorzer,5
traded,5
products,5
rozhledy,5
spread,5
dry,5
black,5
internal,5
adaptations,5
carpathica,5
forest,5
materialy,5
environment,5
bistoft,5
must,5
korrespondenzblatt,5
natural,5
through,5
role,5
until,5
warsaw,5
approximately,5
fauna,5
ukraine,5
activities,5
little,5
indicating,5
occur,5
siedlung,4
o,4
tion,4
red,4
rhine,4
needed,4
anthropology,4
polygonum,4
lowlands,4
spelt,4
archaeologists,4
supplied,4
thus,4
suggesting,4
daily,4
carts,4
hunting,4
slovakia,4
current,4
sociopolitical,4
nomadic,4
burning,4
west,4
minimum,4
occurs,4
old,4
przeglgd,4
amount,4
pastoralists,4
siedlungen,4
elsloo,4
willerding,4
van,4
museum,4
mean,4
eight,4
direct,4
support,4
bad,4
prehistory,4
neo,4
house,4
four,4
lithic,4
neustupny,4
permanent,4
gebiet,4
linearbandkeramik,4
appear,4
bandkeramischen,4
came,4
epoki,4
rudolf,4
mogila,4
cores,4
bindweed,4
mainly,4
banded,4
pollen,4
seasonally,4
reflect,4
sredniowieczu,4
good,4
change,4
grass,4
badan,4
siedlungsplatz,4
south,4
f,4
led,4
various,4
trzebieslawice,4
polished,4
populations,4
pamdtky,4
garden,4
langweiler,4
included,4
larger,4
krzemionki,4
bos,4
samples,4
assume,4
radiocarbon,4
europy,4
dominated,4
pradziejach,4
ann,4
la,4
concluded,4
increasing,4
revolution,4
usually,4
types,4
hierarchical,4
months,4
practice,4
archaeologia,4
brzesc,4
neolitu,4
archaologisches,4
archeo,4
person,4
according,4
mni,4
densities,4
almost,4
size,4
trees,4
northwestern,4
slopes,4
interaction,4
com,4
convolvulus,4
supported,4
vessel,4
vary,4
reached,4
much,4
praehistorica,4
continuously,4
now,3
popula,3
affected,3
introduction,3
poppy,3
peas,3
easily,3
mit,3
analecta,3
wstegowej,3
either,3
long,3
fortified,3
might,3
plateau,3
trackways,3
permanently,3
experiments,3
individuals,3
secondary,3
agrarian,3
great,3
pleszow,3
papers,3
cracow,3
iii,3
rossen,3
primary,3
account,3
quantities,3
possible,3
consumed,3
leidensia,3
warfare,3
cheese,3
human,3
development,3
against,3
hierarchy,3
pig,3
developments,3
perspective,3
six,3
served,3
dates,3
estimate,3
schnurkeramischen,3
niemcza,3
ment,3
kept,3
opium,3
reflects,3
neolithikum,3
ml,3
slovenska,3
growth,3
levels,3
represented,3
traction,3
earlier,3
importance,3
leaves,3
bromus,3
factors,3
wagon,3
vorgeschichte,3
proposed,3
argued,3
commonly,3
beyond,3
goats,3
faunal,3
chipped,3
taurus,3
grodek,3
arable,3
scrofa,3
further,3
cultural,3
czechoslovakia,3
produced,3
aspects,3
studia,3
sorrel,3
postulated,3
work,3
mitteldeutsche,3
rotation,3
away,3
cereale,3
up,3
settle,3
fiber,3
society,3
periods,3
will,3
second,3
requirement,3
short,3
overall,3
roads,3
bread,3
competition,3
caballus,3
others,3
foods,3
becherkulturen,3
ground,3
where,3
purposes,3
unclear,3
see,3
zvelebil,3
reflected,3
cervus,3
degree,3
brazu,3
oil,3
elevations,3
range,3
rheinland,3
trade,3
hungary,3
scandinavia,3
points,3
individual,3
played,3
after,3
systems,3
hungarian,3
equus,3
aldenhovener,3
covered,3
five,3
impressive,3
politically,3
bakels,3
seen,3
methods,3
ing,3
album,3
mounds,3
wheeled,3
contained,3
heavy,3
bronze,3
paper,3
expanding,3
argue,3
assemblage,3
harvest,3
gregg,3
climate,3
arvensis,3
what,3
ones,3
sus,3
surowce,3
ziem,3
muzeum,3
information,3
u,3
presented,3
became,3
techniques,3
transition,3
besiedlung,3
ddr,3
using,3
budapest,3
argument,3
average,3
decrease,3
mineralne,3
grown,3
consumption,3
need,3
roles,3
summary,3
vi,3
chicago,3
abandoned,3
observed,3
should,3
close,3
ovis,3
hypothesis,3
lejkowatych,2
gluza,2
fertile,2
warmer,2
pierwsze,2
miechowice,2
arcneologiczny,2
alone,2
cs,2
deciduous,2
village,2
group,2
conducted,2
defences,2
true,2
pflanzenreste,2
rijckholt,2
sickle,2
polski,2
excavation,2
history,2
krzemienia,2
oxen,2
before,2
zwischen,2
foragers,2
archaeo,2
wyzynie,2
accumulation,2
grossreste,2
poczatki,2
pink,2
imprints,2
germania,2
silesian,2
terrain,2
utilization,2
dennell,2
england,2
switzerland,2
flotation,2
simple,2
thank,2
accumulated,2
analyses,2
schnurkeramik,2
studied,2
closer,2
survey,2
bandkeramiker,2
das,2
state,2
floral,2
zu,2
neolit,2
kraczkowa,2
debitage,2
case,2
wetter,2
pfianzliche,2
existence,2
zeitschrift,2
projectile,2
iv,2
cleared,2
killed,2
lodzi,2
vol,2
activity,2
illustrate,2
lojewo,2
neolithikums,2
move,2
establishment,2
bottom,2
along,2
prevented,2
castor,2
keramik,2
ranked,2
strukturer,2
conflict,2
includes,2
southwestern,2
component,2
mine,2
studien,2
quality,2
due,2
analyzing,2
polsce,2
terraces,2
untersuchungen,2
club,2
excavations,2
american,2
cf,2
sample,2
extensively,2
expected,2
exhausted,2
adam,2
br,2
lat,2
left,2
continuous,2
third,2
rossener,2
wet,2
adult,2
pflanzenfunde,2
poznan,2
ton,2
unused,2
york,2
essential,2
main,2
grund,2
assuming,2
ausgrabungen,2
ostlichen,2
gathering,2
neolithische,2
krnk,2
wagons,2
marks,2
locally,2
possibly,2
specialization,2
intensive,2
fertilizer,2
geschichte,2
presumably,2
kostne,2
ards,2
szezatki,2
origins,2
organisation,2
neolitikum,2
vehicles,2
export,2
amphibolite,2
ihre,2
spolecznosci,2
raw,2
yielding,2
chronologie,2
zeit,2
wagen,2
carrying,2
seven,2
fishing,2
chaff,2
percentages,2
mined,2
pastoralist,2
academic,2
cmentarzyska,2
eneolitu,2
subsisted,2
appears,2
domestication,2
residential,2
cannot,2
vulpes,2
explain,2
because,2
keeping,2
basis,2
prace,2
strachow,2
horticulture,2
mitteleuropa,2
reid,2
offa,2
breeding,2
numerous,2
related,2
plow,2
secalinus,2
europaischen,2
structures,2
rituals,2
acetosa,2
predominance,2
doubtful,2
includ,2
memoirs,2
banderamik,2
earth,2
archeoldgia,2
excavated,2
least,2
ratios,2
distances,2
austriaca,2
protein,2
fallow,2
involved,2
jahresschrift,2
europaeus,2
kamien,2
flour,2
pot,2
deer,2
landesmuseums,2
archeologicznego,2
he,2
identified,2
edges,2
vulgare,2
poor,2
above,2
sznurowej,2
expanded,2
wheels,2
lentils,2
bohmen,2
single,2
metric,2
vegetables,2
sarnowo,2
birch,2
ancient,2
europas,2
lowland,2
vegetatio,2
spelta,2
largest,2
already,2
climatic,2
lepus,2
reliance,2
alten,2
increasingly,2
predominate,2
picture,2
actually,2
inhabitants,2
his,2
podstawy,2
nadbuzny,2
pointed,2
rothamstead,2
addition,2
water,2
soli,2
kulturze,2
longer,2
deras,2
appeared,2
clover,2
logiczne,2
together,2
fruhgeschichte,2
man,2
fragments,2
enough,2
fits,2
nauk,2
adjacent,2
present,2
increases,2
akademii,2
axes,2
fibre,2
necessary,2
polskich,2
locations,2
cmielowie,2
divided,2
indiana,2
thanks,2
assemblages,2
deposits,2
pulses,2
elite,2
varying,2
bylany,2
hunted,2
vistula,2
kormanice,2
clearing,2
open,2
grew,2
chocolate,2
august,2
times,2
like,2
collected,2
palaeobotanical,2
preservation,2
provides,2
platte,2
intercommunity,2
agriculturalists,2
especially,2
neolitem,2
article,2
often,2
become,2
ornaments,2
respectively,2
construction,2
availability,2
bandkeramischer,2
horse,2
cologne,2
landwirtschaft,2
caution,2
brown,2
dietary,2
haustiere,2
modification,2
circle,2
pucharow,2
provide,2
ard,2
sieves,2
remaining,2
originated,2
why,2
settled,2
sandomierz,2
gathered,2
belt,2
chernozem,2
fertility,2
produc,2
anthropological,2
then,2
any,2
kujawski,2
comes,2
conclusion,2
complexity,2
kultura,2
extensive,2
economically,2
persicaria,2
merzbach,2
sativa,2
bulgaria,2
rainfall,2
zwierzecy,2
ratio,2
inden,2
daub,2
etnograficznego,2
report,2
rely,2
far,2
goods,2
iron,2
wirtschaft,2
phd,2
following,2
mickiewicz,2
beginning,2
adults,2
form,2
och,2
particular,2
edinburgh,2
linearkeramik,2
fodder,2
produce,2
baltic,2
herd,2
silts,2
travel,2
slovenskd,2
preserved,2
porridge,2
introduced,2
entstehung,2
territory,2
silesia,2
lactose,2
eneolithic,2
families,2
tall,2
ein,2
varied,2
goteborgs,2
diagram,2
mitteldeutschen,2
models,2
logicke,2
spring,2
tidigt,2
survival,2
difference,2
liming,2
frage,2
zum,2
beitrag,2
archeologiczny,2
contributed,2
include,2
smaller,2
involving,2
france,2
moved,2
territories,2
removed,2
fluctuated,2
munities,2
fowling,2
ziemiach,2
bottoms,2
beziehungen,2
exclusively,2
wislanski,2
traditional,2
roe,2
elaphus,2
mature,2
draft,2
major,2
ammo,1
difficult,1
lentil,1
archives,1
nutzpflanze,1
barbara,1
geertruid,1
currently,1
mania,1
datierung,1
deny,1
limits,1
altesten,1
symbolized,1
way,1
anatolian,1
forschungen,1
rytej,1
later,1
insect,1
czesci,1
responds,1
pradzieje,1
vostochnoy,1
meteorological,1
compensate,1
wagendarstellung,1
norway,1
gospodarcze,1
repens,1
kulturnych,1
environmental,1
expedition,1
resulted,1
coast,1
determine,1
wissenschaften,1
offset,1
sciurus,1
northeast,1
burgliebenau,1
madsen,1
propagation,1
extends,1
poorer,1
mar,1
plows,1
butchered,1
originate,1
distributed,1
unevenly,1
obsidianartefakte,1
center,1
endscrapers,1
speculated,1
replaced,1
partially,1
systematically,1
pflanzenkrankheiten,1
strzelcach,1
mikolaj,1
mobility,1
tysiqclecia,1
identify,1
tend,1
essays,1
kristiansen,1
salzgewinnung,1
neolityzacji,1
denmark,1
sudskandinaviens,1
completely,1
vesca,1
sativum,1
modern,1
slady,1
anfdnge,1
former,1
grasslands,1
trace,1
molluskengesellschaften,1
mittleren,1
hutchin,1
wojciechow,1
committee,1
necessarily,1
transhumant,1
presents,1
entdeckung,1
kr,1
pasture,1
akmens,1
hohensiedlungen,1
harvests,1
linien,1
volutove,1
regenera,1
hunengraberstrasse,1
princeton,1
controlled,1
hummlings,1
cultivable,1
zo,1
subfossile,1
contexts,1
hensel,1
hienheim,1
sssr,1
sudwesten,1
consistent,1
kamienia,1
budakalacz,1
deter,1
permanence,1
capproximate,1
exist,1
eaten,1
supposedly,1
sizes,1
urgeschichte,1
researched,1
handle,1
actinolite,1
wstejowej,1
steady,1
taken,1
knobs,1
kilometers,1
season,1
charlock,1
variables,1
vilnius,1
eiaphus,1
familiaris,1
bloomington,1
mitteleuropas,1
mazzard,1
loom,1
zwiazane,1
comparatively,1
oat,1
spirals,1
zagadnienie,1
wooden,1
textiles,1
leading,1
bern,1
belong,1
sedimentation,1
starkel,1
warm,1
analiza,1
langweuer,1
bavaria,1
gedanken,1
ben,1
archdologie,1
tactic,1
wave,1
exotic,1
producing,1
forage,1
able,1
disappearance,1
lh,1
carbonisees,1
farther,1
onto,1
ceremonies,1
odciski,1
carp,1
slovensku,1
environ,1
reproduction,1
ober,1
ihkm,1
frequen,1
achieved,1
fresh,1
ziemi,1
gatunkow,1
elm,1
greatly,1
slowakische,1
radosina,1
principal,1
produktivkrdfte,1
classified,1
ukrainian,1
bis,1
decreased,1
szczatki,1
fouilles,1
ary,1
kreznica,1
bohemia,1
legend,1
contents,1
cherry,1
lomin,1
british,1
erosional,1
side,1
con,1
takes,1
occasional,1
drava,1
depending,1
fertilizers,1
aparine,1
verlag,1
payne,1
yoked,1
kmk,1
stanowisku,1
cyanus,1
seasonal,1
key,1
brzesciu,1
capacity,1
adverse,1
displacing,1
planted,1
zeilschrift,1
dnestr,1
demography,1
watkins,1
siedlungsplatzes,1
march,1
thick,1
apple,1
ties,1
exception,1
fontes,1
holocene,1
opened,1
determined,1
hardier,1
ax,1
slight,1
duck,1
functions,1
alter,1
fluctuation,1
moscow,1
kulturgeschichte,1
measuring,1
aesiivum,1
inhabited,1
unidentifiable,1
whatever,1
apart,1
supply,1
timothy,1
krzemiennych,1
ansiedlung,1
geomorphological,1
apply,1
hawkbit,1
cmielow,1
pne,1
somniferum,1
akademiai,1
starozytne,1
ritual,1
zentraleuropas,1
gleichzeitig,1
plenty,1
aod,1
urgeschichtliche,1
loam,1
analyse,1
compensated,1
neolicie,1
lubelsko,1
exhausts,1
diversity,1
surplus,1
jutland,1
stress,1
kulturowych,1
mid,1
usage,1
subsist,1
putawy,1
mitteldeutschland,1
coating,1
zprdvy,1
karnten,1
royal,1
prague,1
disc,1
karpat,1
cemeteries,1
mouth,1
cluded,1
cornelian,1
southampton,1
obtaining,1
estimating,1
idaeus,1
facts,1
difficulties,1
dvorak,1
mm,1
contemporaneous,1
kreisgrabenanlagen,1
materialhefte,1
surrounded,1
sustain,1
intensifying,1
panstwowe,1
postulating,1
tables,1
sozialokonomische,1
scarce,1
kurgan,1
danube,1
stalling,1
characteristic,1
adopted,1
rozwdj,1
lasts,1
walter,1
price,1
ergebnisse,1
application,1
jahrbuch,1
simula,1
rolnicze,1
nipplewort,1
spolecensky,1
mild,1
nakhodka,1
comprised,1
forced,1
solnictwa,1
rank,1
bulls,1
clay,1
items,1
chungen,1
underlying,1
elderberry,1
david,1
czasach,1
depend,1
wczesnoneolityczne,1
back,1
modifying,1
radom,1
vetch,1
ursprung,1
pfi,1
suitable,1
compared,1
einem,1
drevneyshie,1
genetics,1
archdologisches,1
networks,1
whorls,1
helpful,1
wielokulturowe,1
siedlungslandschaft,1
terrace,1
blue,1
look,1
apparently,1
deeply,1
kale,1
mahrischer,1
agrostemma,1
osadnicze,1
hardly,1
munsterland,1
bakker,1
westlichen,1
essen,1
tempering,1
grygiel,1
poorly,1
promienistej,1
archeozoologiczne,1
anfange,1
odtlaclcy,1
phases,1
einfluss,1
exten,1
suisses,1
potentilla,1
monococcum,1
silvestris,1
vegetable,1
wroclawska,1
lotus,1
proszowice,1
bog,1
russian,1
trapezoidal,1
acid,1
michigan,1
hydrolysed,1
absent,1
soviet,1
developed,1
adapt,1
square,1
agri,1
polowa,1
radius,1
fastest,1
process,1
remote,1
pb,1
mammals,1
parents,1
outward,1
osad,1
posnanienses,1
rulf,1
annales,1
holocenu,1
whey,1
derived,1
parts,1
janusz,1
rijksdienst,1
winters,1
sandy,1
liber,1
restes,1
enabled,1
illustrations,1
distant,1
white,1
acetosella,1
summarized,1
productive,1
strate,1
conifers,1
ammerman,1
paleolithic,1
mation,1
periodic,1
oddzial,1
peabody,1
means,1
modified,1
references,1
sown,1
brqzu,1
avium,1
antiqua,1
badener,1
rib,1
supports,1
consider,1
merseburg,1
les,1
pylkowa,1
occupational,1
nitrogen,1
lidu,1
beitrdge,1
vulgaris,1
calibration,1
zimne,1
flax,1
emergence,1
producers,1
unimportant,1
days,1
impact,1
studidw,1
drukarnia,1
northeastern,1
vyziva,1
observations,1
profile,1
ginal,1
sancygniowka,1
starling,1
carpathians,1
ziarn,1
resource,1
shorter,1
calcium,1
predomi,1
efficient,1
wydawnictwo,1
keramiky,1
followed,1
langer,1
pomorzu,1
schylek,1
fre,1
plenum,1
flakes,1
shifted,1
pleistocene,1
fruhen,1
liining,1
dominant,1
ripening,1
spoleczenstw,1
decades,1
approxi,1
drawing,1
cut,1
satisfy,1
verhaltnisse,1
editing,1
nr,1
osteological,1
charcoal,1
ussk,1
radial,1
angela,1
moving,1
skewed,1
gregory,1
advance,1
hospodarsky,1
sowie,1
wstegowejna,1
whom,1
epokhi,1
concentration,1
cleavers,1
rule,1
conservative,1
basin,1
luning,1
typical,1
neolitycznych,1
young,1
koniec,1
resembles,1
centers,1
nutrients,1
changed,1
epoka,1
her,1
rastlin,1
criticisms,1
events,1
groningen,1
noting,1
palo,1
technika,1
primigenius,1
paleogeografia,1
bug,1
initial,1
thames,1
subboreal,1
gaj,1
swieciechowski,1
ellicott,1
honour,1
setdement,1
meter,1
intervening,1
saa,1
eneolita,1
traits,1
equal,1
focused,1
buried,1
bottendorf,1
stock,1
badania,1
malopolski,1
genevensis,1
treat,1
nalezy,1
persons,1
reinforce,1
erratic,1
scale,1
prostfeni,1
grounds,1
wealth,1
placed,1
vitamin,1
postoloprtech,1
perform,1
colored,1
required,1
find,1
bow,1
practise,1
wide,1
niedermoor,1
acknowledgments,1
structure,1
nordlichen,1
james,1
cows,1
lossanhohen,1
opatowskie,1
failure,1
shape,1
deutscher,1
directly,1
having,1
feeding,1
differ,1
vorgeschichtte,1
gramsch,1
knochenfunde,1
charred,1
relief,1
sturova,1
revealed,1
blade,1
nordpontischen,1
grupa,1
sickles,1
steep,1
obviating,1
koros,1
logica,1
preferred,1
centages,1
rheinische,1
prized,1
budapeshta,1
significantly,1
heavily,1
occupants,1
part,1
saugetieren,1
erft,1
ocher,1
proportions,1
calls,1
tombs,1
quently,1
comment,1
vyzkum,1
ecologist,1
woodland,1
barren,1
egalitarian,1
loss,1
whole,1
boden,1
accord,1
describe,1
heimatvereins,1
older,1
raspberry,1
topographical,1
iz,1
bemerkungen,1
partly,1
bukowogorskiej,1
constitute,1
contains,1
densely,1
jahreschrift,1
moulding,1
demon,1
erkenntnisse,1
personal,1
pra,1
nodules,1
believes,1
silexhandel,1
tomice,1
mogilenskim,1
reconstructing,1
stanford,1
artifact,1
status,1
exporters,1
mandibles,1
own,1
graph,1
stolno,1
drug,1
approach,1
errors,1
ceskeho,1
dzialoszyce,1
annopol,1
hut,1
computer,1
tolerant,1
medieval,1
saline,1
esculenta,1
viable,1
mately,1
ago,1
below,1
negligible,1
drier,1
involve,1
tested,1
next,1
order,1
bd,1
polnischen,1
fertorakos,1
emphasizes,1
quite,1
diffusionary,1
orient,1
signifies,1
frosts,1
encompasses,1
berg,1
overshadowed,1
zawichoscie,1
het,1
mound,1
capaci,1
characteristics,1
towarzystwo,1
sufficient,1
mineral,1
consensus,1
workshops,1
oberweichselgebietes,1
boj,1
wanzleben,1
highly,1
adversely,1
linienbandkeramischen,1
grow,1
centaurea,1
reaping,1
jungsteinzeit,1
naddunajskiego,1
shadows,1
shaded,1
essentially,1
produkcji,1
zerniki,1
petition,1
herb,1
portions,1
broomcora,1
boundaries,1
villages,1
impossible,1
golgota,1
krzemieniarska,1
szigetszentmarton,1
fully,1
stratigraphy,1
annual,1
tracks,1
seed,1
st,1
somerset,1
goat,1
umwelt,1
krzemiennymi,1
results,1
motif,1
alteren,1
correspondence,1
epokq,1
notes,1
steppes,1
value,1
dairying,1
newly,1
eiszeitalters,1
provided,1
aunjetitzer,1
preliminary,1
finds,1
sporadic,1
dewberry,1
dolinie,1
digging,1
akademiya,1
micro,1
snails,1
zwei,1
critical,1
bemalter,1
evaporation,1
pertaining,1
questioned,1
sprawozdania,1
territorii,1
barnyard,1
tricolo,1
polnischem,1
excludes,1
implications,1
forut,1
onset,1
ze,1
curves,1
jungneolithische,1
famines,1
volynia,1
modeli,1
ecologi,1
oberrhein,1
incorrect,1
wieliczka,1
mechanisms,1
gradual,1
wurttemberg,1
narzedzi,1
krysiak,1
horses,1
limited,1
corporation,1
wytworczosc,1
anniversary,1
vyvoj,1
diet,1
johansson,1
constraints,1
autumnalis,1
prove,1
ripens,1
rowley,1
poludniowej,1
uber,1
intolerance,1
historycznych,1
calculated,1
comments,1
standing,1
buck,1
initially,1
extremely,1
spoleczenstwa,1
traps,1
raum,1
suppose,1
manuring,1
zboz,1
surveyed,1
hold,1
decisions,1
adapted,1
faunenentwicklung,1
reclaimed,1
vicinity,1
veb,1
archaeologici,1
ulamkach,1
wasylikowa,1
frank,1
rad,1
sciences,1
interpretation,1
od,1
uninhabited,1
lithikum,1
represents,1
marginal,1
krakowskiej,1
thought,1
soon,1
dorzeczu,1
plough,1
continuity,1
den,1
under,1
pre,1
restricted,1
stanowiska,1
challenged,1
selective,1
antler,1
specimens,1
underestimate,1
diagrams,1
ackerbau,1
nature,1
povozki,1
neolithisierung,1
sovetskaya,1
adjusted,1
assistance,1
complete,1
trb,1
professor,1
szczauri,1
same,1
befestigten,1
subrecent,1
iiber,1
baltimore,1
locality,1
elbe,1
al,1
einige,1
belonging,1
lund,1
flints,1
department,1
protohistoriques,1
begins,1
bernburg,1
mich,1
stfedoevropskeho,1
monococcumj,1
fill,1
sherratt,1
lack,1
routes,1
simulation,1
kulturen,1
racemosus,1
poczatkach,1
jodlowski,1
faculty,1
decoration,1
figure,1
again,1
polgar,1
neolitycznego,1
academy,1
preferences,1
prelude,1
ask,1
danthropologie,1
cortex,1
experienced,1
lactic,1
paleobotanical,1
demographic,1
deutsche,1
crops,1
husbandry,1
ajuga,1
fact,1
shows,1
herstellung,1
cies,1
limit,1
preserve,1
shade,1
conduct,1
slawkowska,1
occurrence,1
carbonized,1
pressure,1
occupations,1
weiler,1
clarendon,1
unidentified,1
mountainous,1
impractical,1
matthias,1
stichbandkeramische,1
rotated,1
flimsy,1
lohr,1
predominated,1
viii,1
children,1
veroffentli,1
decreases,1
caesius,1
kreis,1
figurines,1
contemporary,1
variation,1
malopolskiej,1
book,1
distributions,1
sussp,1
fashion,1
seldom,1
discussed,1
external,1
bradford,1
starvation,1
osadnictwa,1
rzeszow,1
honor,1
wczesnq,1
men,1
helvetia,1
ages,1
took,1
drinking,1
paris,1
roggentrespe,1
koniusza,1
clusters,1
shrubs,1
flooded,1
kulturpflanzenabdrucke,1
german,1
accepted,1
saale,1
michael,1
naczyn,1
ada,1
coincided,1
castration,1
origin,1
ul,1
wyzyn,1
deep,1
einer,1
native,1
acids,1
als,1
style,1
longest,1
malako,1
hausler,1
argues,1
another,1
vorgeschichtlicher,1
ephemeral,1
compose,1
conwy,1
polona,1
asvan,1
analyzed,1
spolecnosti,1
osadnictwo,1
collecting,1
palaoetnobotanischen,1
hazel,1
generate,1
lost,1
examples,1
warstw,1
schiem,1
explanation,1
neolitischen,1
upon,1
uneconomical,1
limitations,1
fishers,1
leguminous,1
deliberately,1
banderamischen,1
conceivable,1
melanesian,1
utters,1
enormous,1
depended,1
sufficiently,1
mortuary,1
forested,1
berichten,1
expand,1
mesolithikum,1
finland,1
geologie,1
significant,1
hypotheses,1
krok,1
amzius,1
digitaria,1
carbohydrates,1
causes,1
feuersteinartefakte,1
poznej,1
procurement,1
bed,1
logical,1
ethnic,1
rare,1
milisanskas,1
cooked,1
services,1
continue,1
lasted,1
agronomiques,1
fruits,1
kulturq,1
raby,1
raising,1
deforestation,1
pfiroda,1
nonloess,1
dating,1
theoretical,1
netherlands,1
feuersteinartefakten,1
palaeoethnobotanischen,1
vii,1
malacological,1
seashells,1
hthicum,1
significance,1
keramiki,1
obronne,1
neoliticke,1
margaret,1
historic,1
adding,1
centage,1
decorated,1
bonn,1
peter,1
interpret,1
cribb,1
symposium,1
floodplains,1
vogeln,1
allowed,1
bukker,1
started,1
occa,1
plemion,1
flood,1
flachland,1
vita,1
function,1
summer,1
pflanzenschutz,1
am,1
tysiqcleciu,1
households,1
gliederung,1
vom,1
caspian,1
latter,1
oudheidkundig,1
wloclawek,1
grodku,1
tierskelettfunde,1
menneville,1
paleo,1
favored,1
special,1
conclusions,1
discarded,1
random,1
behind,1
spondylus,1
stichbandkaramiker,1
date,1
unpopular,1
woj,1
zachranny,1
luanosci,1
goteborg,1
exported,1
stanowisko,1
examine,1
torians,1
hedges,1
piceler,1
michelsberger,1
oak,1
deforested,1
analyze,1
oversimplified,1
ate,1
kochsalzgewinnung,1
dividing,1
traw,1
splitting,1
bodemonderzoek,1
workshop,1
lang,1
grain,1
kulturpflanzen,1
zrodla,1
unpublished,1
insignificant,1
green,1
balkans,1
evaluated,1
stratigraphie,1
arbor,1
vorlaufigen,1
mil,1
samborzec,1
vychodnom,1
miernow,1
microregions,1
viola,1
consequences,1
dogs,1
dealing,1
carried,1
fruh,1
topography,1
penguin,1
puchardw,1
median,1
today,1
publishing,1
hildesheim,1
cow,1
novaya,1
bukk,1
pans,1
waves,1
pastured,1
mixture,1
science,1
stream,1
segetalgesellschaften,1
michelsberg,1
hectare,1
naturally,1
practical,1
pieces,1
spindle,1
arrow,1
lamersdorf,1
balcer,1
contraction,1
parent,1
terenie,1
ordinary,1
primarily,1
bulletin,1
becomes,1
miiisauskas,1
dimensions,1
who,1
concluding,1
began,1
millennia,1
karpatach,1
threaten,1
pomoc,1
godisnjak,1
mittelalterliche,1
krzemien,1
vallee,1
try,1
paleoobotanica,1
innych,1
antiquity,1
efficiency,1
dans,1
existed,1
domashnie,1
frontier,1
disk,1
surowcami,1
prelimin,1
composed,1
supporting,1
kallmunz,1
measured,1
moister,1
centuries,1
tial,1
itself,1
unkrautfunde,1
fatten,1
fruit,1
investigate,1
conservation,1
quarternary,1
stable,1
considered,1
addressed,1
quantitatively,1
burned,1
veroffentlichungen,1
verbreitung,1
sections,1
school,1
acquired,1
suggestions,1
grazed,1
autumnal,1
stratigraphic,1
constant,1
growing,1
mixedfarming,1
textile,1
grabenanlage,1
oats,1
incised,1
jagd,1
intensification,1
venatoria,1
emslandischen,1
decortication,1
habitation,1
ve,1
milking,1
gorne,1
zoo,1
nimi,1
okrestnostej,1
speculating,1
fundplatze,1
schlicht,1
symbolic,1
known,1
crab,1
botanical,1
constructed,1
lupawa,1
altertum,1
spots,1
witold,1
pea,1
willows,1
sherds,1
vermessung,1
equipment,1
organizational,1
here,1
evropi,1
tereni,1
quickly,1
know,1
prahistorische,1
infor,1
dairy,1
kujawskim,1
readily,1
metallurgy,1
cemetery,1
lozek,1
northward,1
viridis,1
trifolium,1
sampling,1
seem,1
believe,1
industry,1
ubiquitous,1
pamyatniki,1
bit,1
half,1
cyclical,1
subsystem,1
pfirodni,1
feed,1
eventually,1
nonpastoral,1
picks,1
perfectly,1
infer,1
niches,1
edaphic,1
steppe,1
nowej,1
gimbutas,1
closest,1
utilized,1
admixture,1
gospodarka,1
just,1
better,1
annuals,1
hemp,1
cal,1
rep,1
avellana,1
peripherien,1
game,1
hall,1
eluvial,1
materiary,1
explanations,1
heads,1
proceedings,1
award,1
cleaver,1
depicts,1
spatial,1
whether,1
terms,1
stability,1
selected,1
norddeutschlands,1
migratory,1
cockspur,1
voor,1
making,1
accounts,1
degradation,1
duplication,1
mitteleuroga,1
cause,1
imposed,1
strawberry,1
add,1
maintain,1
differentiates,1
sarunas,1
sively,1
theory,1
fanners,1
ersten,1
adaptation,1
poplars,1
always,1
utilitarian,1
weights,1
paleobotanicke,1
institute,1
require,1
yield,1
intake,1
minimal,1
ideal,1
aneo,1
mahren,1
contain,1
vallonia,1
haps,1
pdqwl,1
niedersachsens,1
socioeconomic,1
aurochs,1
eksploatacji,1
uniting,1
plantes,1
careful,1
zhivotnie,1
marked,1
pits,1
prehis,1
thereby,1
lodz,1
conclude,1
manganese,1
knochenbearbeitung,1
content,1
ashes,1
bisherigen,1
beer,1
kozlowski,1
postoloprty,1
yearly,1
giving,1
turns,1
friihgeschichtliche,1
assumptions,1
ldkr,1
extended,1
domesticates,1
hrubieszow,1
reconstruct,1
arguments,1
clothing,1
wolynskiej,1
mention,1
exploit,1
erdwerke,1
sidlisti,1
coming,1
odra,1
archaeobotany,1
pair,1
coles,1
question,1
pine,1
formation,1
neolithicum,1
archeologii,1
shown,1
zimmermann,1
sediments,1
lists,1
gornictwo,1
plowing,1
disposal,1
wyzny,1
donald,1
bronzezeit,1
ohrobka,1
soudsky,1
conditions,1
herds,1
temperature,1
chemical,1
ved,1
bokonyi,1
ended,1
oiszanica,1
sional,1
dense,1
grobowca,1
aida,1
miliaceum,1
trichterbecher,1
theses,1
mas,1
rader,1
states,1
scalar,1
niederosterreich,1
effects,1
piece,1
castrated,1
attempted,1
off,1
vergeschichte,1
fluctuate,1
walking,1
dutch,1
gefassen,1
lech,1
ranged,1
wanderbauerntum,1
roughly,1
enclosed,1
ipoczatek,1
comparison,1
pravekyck,1
specific,1
potential,1
occurring,1
swietle,1
assumed,1
klein,1
fundstellen,1
doubling,1
semisedentary,1
czerniak,1
consisted,1
commodity,1
usitatissimum,1
arkheologiya,1
beiheft,1
aisne,1
calibrating,1
damp,1
nigra,1
maximum,1
reconsideration,1
element,1
entire,1
wirtschaftsformen,1
farmland,1
unkrauter,1
herders,1
canis,1
technological,1
zawarza,1
wczesnorolniczych,1
polen,1
recent,1
calories,1
osiedle,1
meeting,1
molluscan,1
pasturing,1
contem,1
pupilla,1
