WORDCOUNTS,WEIGHT
the,1613
of,1021
and,924
in,914
a,513
to,388
lbk,299
p,261
is,207
earliest,201
from,199
have,198
as,197
with,174
for,172
der,172
pp,171
was,165
by,163
at,162
on,156
central,151
are,151
were,150
europe,149
mesolithic,148
that,147
been,139
early,128
late,120
et,120
this,118
la,114
j,112
de,104
also,104
an,104
und,100
be,98
which,91
southern,90
bc,89
it,88
neolithic,86
zur,86
there,85
pottery,85
not,80
during,76
but,76
farming,76
sites,70
has,68
or,68
die,65
some,64
transition,61
these,59
groups,58
between,58
more,57
later,56
im,55
evidence,54
h,53
c,53
about,51
des,50
d,49
might,48
m,48
hoguette,46
would,46
i,43
such,43
had,43
le,43
no,42
distribution,42
one,41
du,41
only,41
other,40
where,40
gronenborn,40
into,39
lithic,39
von,39
they,37
site,37
k,37
based,37
r,37
social,36
local,36
remains,36
western,35
found,35
eastern,34
its,34
can,34
within,33
aus,33
burial,33
most,32
two,32
new,32
after,31
university,31
region,31
archaeological,31
part,30
material,30
assemblages,30
european,30
phase,29
their,29
w,29
near,29
bandkeramik,29
very,29
indications,28
society,28
culture,28
while,28
g,27
dates,27
burials,27
basin,27
around,27
date,27
e,26
settlements,26
b,26
population,26
v,26
neolithique,26
carpathian,26
terminal,26
tradition,25
fig,25
suggested,25
exchange,25
hunting,24
millennium,24
may,24
small,24
time,24
s,23
could,23
archaologie,23
houses,23
similar,23
show,23
transdanubia,23
so,23
wild,23
stone,22
than,22
van,22
subsistence,22
settlement,22
he,22
made,22
different,22
valley,22
first,21
flomborn,21
n,21
house,21
recently,21
well,21
expansion,21
pattern,21
northern,21
all,20
l,20
t,20
several,20
toward,20
spread,20
known,20
should,20
far,19
along,19
zum,19
international,19
used,19
change,19
schwanfeld,19
am,19
ein,19
probably,19
who,19
cultures,19
seem,19
southeastern,19
those,18
still,18
blades,18
regions,18
regional,18
end,18
interpreted,18
earlier,18
bei,17
group,17
seems,17
west,17
thus,17
raw,17
out,17
starcevo,17
populations,17
many,17
less,17
dans,17
must,17
any,17
research,17
little,17
pits,17
recent,17
complex,16
zu,16
case,16
possible,16
appearance,16
flint,16
indicate,16
animal,16
beginning,16
middle,16
forschungen,15
being,15
colloque,15
back,15
communities,15
animals,15
we,15
eine,15
south,15
limburg,15
typological,15
model,15
en,15
number,15
adzes,15
did,15
what,15
years,15
km,15
occur,15
common,14
studies,14
before,14
southwestern,14
general,14
onset,14
grave,14
do,14
present,14
cambridge,14
use,14
alsace,14
individuals,14
vinca,14
often,14
les,14
east,14
although,14
supported,14
northwestern,14
altesten,13
tion,13
contact,13
lower,13
ausgrabungen,13
differences,13
farmers,13
farther,13
fur,13
certain,13
upper,13
koros,13
least,13
when,13
cattle,13
ancien,13
contacts,13
archaeology,13
goods,13
economy,13
them,13
whether,13
almost,13
both,13
role,13
archaologische,13
materials,13
among,13
north,13
maas,12
stadt,12
mit,12
kr,12
urgeschichte,12
das,12
linear,12
domesticated,12
development,12
entre,12
origins,12
societies,12
blade,12
up,12
f,12
various,12
evolved,12
chronology,12
informationen,12
individual,12
systems,12
widely,12
existed,12
types,12
series,12
avk,12
einer,12
agriculture,12
sur,12
area,12
archaeologica,12
margins,11
siedlung,11
if,11
stylistic,11
red,11
rhine,11
large,11
trapezes,11
den,11
indicating,11
since,11
relatively,11
clay,11
networks,11
untersuchungen,11
seventh,11
main,11
proposed,11
actes,11
bandkeramischen,11
faunal,11
domestication,11
because,11
vorund,11
few,11
polished,11
single,11
already,11
striking,11
range,11
obsidian,11
structure,11
buildings,11
considered,11
following,11
korrespondenzblatt,11
became,11
association,11
interaction,11
major,11
now,10
mostly,10
contemporaneous,10
analecta,10
long,10
frankfurt,10
ii,10
taken,10
siedlungsplatz,10
ofnet,10
zeitschrift,10
elements,10
vom,10
journal,10
mesolithique,10
brunn,10
process,10
supplement,10
river,10
traces,10
produced,10
network,10
basis,10
data,10
artifacts,10
place,10
inferred,10
personal,10
hungary,10
dem,10
led,10
variety,10
economic,10
yet,10
available,10
husbandry,10
shows,10
patterns,10
see,10
mesolithikum,10
skulls,10
plant,10
high,10
spondylus,10
increasing,10
austria,10
forests,10
associated,10
over,10
germania,10
believed,10
ditch,10
according,10
through,10
course,10
symposium,9
environmental,9
germany,9
villages,9
migration,9
sources,9
actual,9
vegetation,9
posts,9
system,9
existence,9
mitteieuropa,9
clearly,9
above,9
acta,9
century,9
ware,9
phases,9
his,9
intensive,9
leidensia,9
followed,9
generally,9
chronologie,9
chipped,9
octobre,9
base,9
further,9
tools,9
kultur,9
suggest,9
industry,9
urund,9
motifs,9
fact,9
scholars,9
fruhgeschichte,9
perhaps,9
auf,9
open,9
characterized,9
continued,9
seen,9
grinding,9
seine,9
then,9
paper,9
contained,9
prahistorischen,9
archaologisches,9
type,9
presented,9
france,9
traditional,9
much,9
praehistorica,9
o,8
oriented,8
village,8
either,8
conflict,8
daub,8
berlin,8
political,8
jeunesse,8
berichte,8
throughout,8
pig,8
meso,8
oxford,8
storage,8
rather,8
how,8
stuttgart,8
loess,8
aly,8
linearbandkeramik,8
important,8
prehistoric,8
came,8
called,8
initial,8
oder,8
aspects,8
brought,8
climatic,8
project,8
status,8
published,8
interregional,8
level,8
london,8
poland,8
bis,8
indication,8
make,8
indicates,8
technology,8
mesolithische,8
neue,8
shown,8
origin,8
style,8
another,8
increase,8
rare,8
three,8
like,8
oak,8
danubian,8
leiden,8
began,8
complexity,8
extensive,8
iron,8
game,8
plants,8
danubien,8
neolithisation,8
neolithikum,8
au,8
tions,8
stauble,8
extremely,8
increased,8
debate,8
element,8
sixth,8
hypothesis,8
does,7
resulted,7
occurred,7
production,7
resulting,7
styles,7
bones,7
holocene,7
soils,7
human,7
interior,7
characteristic,7
old,7
boar,7
bone,7
even,7
adult,7
industries,7
parts,7
neolithikums,7
occupation,7
archiologique,7
pollen,7
none,7
ocher,7
whole,7
people,7
structures,7
beads,7
rows,7
eighth,7
world,7
preliminary,7
finds,7
snails,7
chronological,7
likely,7
practices,7
linienbandkeramik,7
cahiers,7
considerable,7
forms,7
assemblage,7
food,7
questions,7
processes,7
dating,7
platform,7
clear,7
facing,7
outside,7
internal,7
hungarian,7
balkans,7
concluded,7
independent,7
sherds,7
domestic,7
cultivation,7
pour,7
study,7
barbotine,7
argued,7
budapest,7
question,7
rhin,7
rockshelter,7
building,7
regular,7
typology,7
size,7
strong,7
radiocarbon,7
way,6
mountains,6
distributed,6
mitteilungen,6
microliths,6
frage,6
history,6
maybe,6
vorgeschichte,6
raziskovanju,6
mitteleuropas,6
microlith,6
rhineland,6
atlantic,6
room,6
last,6
papers,6
similarities,6
eilsleben,6
plain,6
vital,6
dutch,6
combination,6
bowls,6
akademie,6
third,6
traditions,6
walls,6
played,6
links,6
contributions,6
neolithische,6
changes,6
linked,6
exploited,6
edinburgh,6
disappeared,6
result,6
adoption,6
typical,6
cultural,6
leuven,6
kreis,6
mitteleuropa,6
tool,6
rheinische,6
archeologicke,6
rubane,6
broad,6
reflect,6
marges,6
excavated,6
stage,6
teil,6
quite,6
presence,6
core,6
pavuk,6
ses,6
situation,6
boreal,6
under,6
complete,6
ethnographic,6
maintained,6
decoration,6
flat,6
lime,6
ceramic,6
areas,6
contemporary,6
external,6
took,6
paris,6
ground,6
remarkable,6
covered,6
considers,6
accepted,6
promotion,6
argument,6
varia,6
band,6
low,6
discovered,6
points,6
obtained,6
practiced,6
latter,6
bandkeramische,6
parallel,6
slovakia,6
detailed,6
construction,6
analysis,6
dead,6
british,6
centuries,6
sloveniji,6
practice,6
beitrag,6
set,6
continental,6
fruhneolithische,6
each,6
cemetery,6
recherche,6
bands,6
notable,6
ones,6
problem,6
adaptation,6
using,6
radiolarite,6
differentiation,6
camps,6
shift,6
deer,6
reached,6
observed,6
porocilo,6
bassin,5
cover,5
edge,5
indicated,5
flexed,5
introduction,5
notably,5
debris,5
funde,5
mobility,5
second,5
trapeze,5
largely,5
radiolarites,5
diffusion,5
attempts,5
rapid,5
emerged,5
together,5
able,5
context,5
me,5
untersuchung,5
information,5
ritual,5
spuren,5
keramik,5
cardial,5
materialhefte,5
danube,5
attested,5
ancient,5
rites,5
excavations,5
transitional,5
cases,5
swiss,5
confluence,5
federsee,5
mentioned,5
york,5
without,5
developed,5
xxiie,5
beitrtige,5
luxembourg,5
direct,5
osterreichs,5
possibly,5
emergence,5
mesolithischen,5
age,5
hungarica,5
appear,5
ihre,5
closely,5
gesellschaft,5
erosion,5
changed,5
percentages,5
equally,5
war,5
neolithischen,5
moravia,5
grounds,5
placed,5
absolute,5
horticulture,5
indigenous,5
northwest,5
transported,5
away,5
attributed,5
distances,5
order,5
friihgeschichte,5
soil,5
impossible,5
franconia,5
deutsche,5
ridge,5
located,5
reconstruction,5
studien,5
mik,5
bogucki,5
interpretation,5
violence,5
archtiologisches,5
bulletin,5
temperate,5
same,5
al,5
flints,5
reports,5
picture,5
skeletons,5
fire,5
technique,5
idea,5
revue,5
diameter,5
adjacent,5
als,5
proceedings,5
taute,5
hazel,5
rheinland,5
transdanubian,5
manufactured,5
uerpmann,5
elite,5
persisted,5
survey,5
ethnic,5
dominated,5
gate,5
times,5
period,5
bruchenbrucken,5
preponderance,5
become,5
southwest,5
occupied,5
cereals,5
usually,5
foreign,5
pieces,5
cranium,5
stidlichen,5
environment,5
deposited,5
archaeologia,5
jagd,5
neckenmarkt,5
trenches,5
sciences,5
here,5
natural,5
unknown,5
half,5
associations,5
fiir,5
balkan,5
austrian,5
moyen,5
influenced,5
suggests,5
modderman,5
aurochs,5
introduced,5
vaihingen,5
steinzeit,5
ceramique,5
calibrated,5
slight,5
come,5
territories,5
resources,5
close,5
final,4
difficult,4
settlers,4
vor,4
fortified,4
bandkeramischer,4
college,4
wissenschaften,4
foraging,4
mittelund,4
sets,4
completely,4
sickle,4
nord,4
position,4
organic,4
unlike,4
ersten,4
calibration,4
source,4
biconical,4
certainly,4
evolution,4
bodendenkmalpflege,4
editions,4
platte,4
archaeologically,4
interred,4
leading,4
great,4
reasons,4
analyses,4
follows,4
subsequent,4
cereal,4
est,4
primary,4
internationales,4
vol,4
helpful,4
mutual,4
arrows,4
warfare,4
tubinger,4
sand,4
abrasion,4
stress,4
spectrum,4
adornment,4
ern,4
occurs,4
american,4
distinct,4
elsloo,4
apparently,4
jahrbuch,4
kommission,4
sudlichen,4
cremation,4
shortly,4
importance,4
disarticulated,4
gathering,4
nor,4
objects,4
bandkera,4
gradually,4
contexts,4
intentional,4
neckar,4
strategy,4
view,4
whereas,4
advance,4
societe,4
ischen,4
density,4
frtihgeschichte,4
fourth,4
muzeum,4
cannot,4
marie,4
makers,4
neolithization,4
apparent,4
related,4
partly,4
schotz,4
supraregional,4
mediterranean,4
kalicz,4
jahresschrift,4
jungsteinzeit,4
always,4
visible,4
majority,4
umwelt,4
nachrichten,4
results,4
peculiar,4
activities,4
minor,4
pastoralism,4
limited,4
classic,4
intensively,4
besiedlung,4
adze,4
forager,4
museum,4
thought,4
mobile,4
robust,4
constitute,4
mittel,4
prehistoire,4
talheim,4
stones,4
members,4
altestbandkeramischen,4
appeared,4
occupations,4
break,4
larger,4
universittitsforschungen,4
distributions,4
roof,4
vinda,4
funeraires,4
teeth,4
frequency,4
stylistically,4
ordinary,4
wood,4
violent,4
represented,4
tierknochenfunde,4
lake,4
monographien,4
alb,4
kalis,4
clearing,4
trade,4
authors,4
discussed,4
function,4
features,4
cally,4
antiquity,4
abundant,4
repeated,4
especially,4
hessen,4
hierarchical,4
ethnographically,4
slightly,4
differ,4
connections,4
somewhat,4
vedrovice,4
ideology,4
wetterau,4
unclear,4
tisza,4
schriften,4
fields,4
ash,4
geschichte,4
lenneis,4
incorporated,4
demonstrate,4
record,4
jochim,4
agreement,4
scenario,4
particularly,4
pit,4
u,4
phd,4
schweizerischen,4
rhodanien,4
linearkeramik,4
secure,4
researchers,4
landnahme,4
divided,4
evidenced,4
whittle,4
reaching,4
liming,4
conditions,4
finally,4
vassociation,4
dense,4
socially,4
quartz,4
archaic,4
vessel,4
fundstellen,4
themselves,4
chicago,4
pamdtky,4
exclusively,4
develop,4
re,4
cross,4
loft,4
horizont,3
cultigens,3
bedeutung,3
genetic,3
ments,3
go,3
child,3
brunnen,3
will,3
peaceful,3
kloos,3
bruchen,3
henauhof,3
deciduous,3
center,3
replaced,3
mensch,3
erste,3
fragment,3
ma,3
ways,3
archaelogica,3
oktober,3
neolita,3
favor,3
conclusive,3
hair,3
total,3
entwicklung,3
zwischen,3
lowlands,3
arguing,3
revision,3
notre,3
unter,3
location,3
parties,3
fauna,3
starfievo,3
wooden,3
secondary,3
broken,3
suggesting,3
gradual,3
sometime,3
ences,3
hundred,3
concludes,3
composition,3
fundamenta,3
skelettreste,3
skull,3
elm,3
newell,3
ardennes,3
influences,3
projectile,3
light,3
ties,3
outcrops,3
northeast,3
freilandfundplatz,3
betrachtungen,3
october,3
apart,3
variations,3
gem,3
ique,3
vozokany,3
facets,3
interactions,3
technologically,3
moved,3
due,3
unpublished,3
rottenburg,3
adopted,3
price,3
application,3
coexistence,3
z,3
kind,3
gottingen,3
balkanic,3
silexartefakte,3
holozanen,3
neolith,3
section,3
leadership,3
impressions,3
ment,3
higher,3
interbreeding,3
lepenski,3
across,3
midi,3
serbia,3
connected,3
distant,3
consequences,3
paleolithic,3
support,3
exceptional,3
reason,3
recherches,3
escape,3
merseburg,3
leinebergland,3
organization,3
organized,3
dated,3
jura,3
elevated,3
impact,3
four,3
lunates,3
painted,3
exploitation,3
spatmesolithikum,3
permanent,3
tringham,3
opinion,3
avant,3
allow,3
zeit,3
einkorn,3
conservative,3
begun,3
young,3
centers,3
lived,3
fishing,3
zone,3
siedlungsfunde,3
alt,3
merzbachtal,3
bereich,3
residential,3
intensity,3
younger,3
fish,3
eitzum,3
find,3
wealth,3
wide,3
sparse,3
beitrdge,3
y,3
dog,3
ditches,3
concept,3
eneolita,3
purpose,3
juveniles,3
knowledge,3
revealed,3
positions,3
stein,3
literature,3
begins,3
goddelau,3
bayern,3
mitteldeutsche,3
predominance,3
ethnicity,3
mesolithikums,3
jiingeren,3
good,3
indi,3
field,3
below,3
bylany,3
niedersachsens,3
wanzleben,3
linienbandkeramischen,3
oberen,3
mi,3
met,3
decline,3
neolitika,3
weapons,3
annual,3
rossener,3
provided,3
triangular,3
promising,3
periods,3
survived,3
absence,3
overall,3
horses,3
others,3
criticized,3
argues,3
wommersom,3
comments,3
collapsed,3
jurassic,3
biomass,3
materialien,3
vicinity,3
langweiler,3
landkreis,3
interment,3
restricted,3
favorable,3
specimens,3
typologie,3
processing,3
europas,3
bavans,3
experimental,3
bauern,3
prahistorische,3
reliance,3
schwaben,3
herkunft,3
siedlungsplatze,3
french,3
westward,3
pointed,3
nach,3
fundberichte,3
associa,3
haustierhaltung,3
layer,3
decreases,3
figurines,3
succeeding,3
centre,3
nf,3
krieg,3
belief,3
distance,3
valleys,3
remained,3
discussion,3
examples,3
treated,3
suddeutschland,3
samples,3
spatulae,3
numerous,3
sequence,3
bemerkungen,3
earli,3
hunted,3
duren,3
underwent,3
bonn,3
hohlestein,3
started,3
zeitlichen,3
collected,3
gliederung,3
graves,3
methods,3
relation,3
propos,3
mainly,3
effect,3
aldenhovener,3
landwirtschaft,3
atlas,3
anatolia,3
andreas,3
chert,3
separate,3
abundance,3
tentative,3
archdologische,3
effects,3
begin,3
widespread,3
male,3
un,3
establish,3
contribution,3
responsible,3
arts,3
fall,3
bruchenbrticken,3
kommentar,3
resemble,3
forest,3
linearbandkeramische,3
sections,3
aktuelle,3
anthropological,3
dispersed,3
elaborate,3
conclusion,3
incised,3
unlikely,3
abris,3
simply,3
observation,3
otherwise,3
meat,3
integrative,3
highly,3
know,3
milanovce,3
anthropology,3
extraction,3
neolithiques,3
down,3
fanning,3
wall,3
infer,3
closest,3
hamlets,3
microlithic,3
combined,3
terms,3
yielded,3
males,3
oberlegungen,3
seasonal,3
prehistory,3
predate,3
account,3
vessels,3
chr,3
trees,3
entrance,3
uniform,3
despite,3
quartzite,3
econ,3
courses,3
techniques,3
went,3
ldkr,3
katalog,3
manufacturing,3
eneolithic,3
fine,3
varied,3
subsumed,3
analogy,3
eneolitika,3
figurine,3
formation,3
until,3
symbolic,3
fossil,3
autochthonous,3
advent,3
szentgal,3
quitta,3
obergang,3
defined,3
mainz,3
wien,3
consisted,3
beiheft,3
deposition,3
given,3
abandoned,3
technological,3
monographs,3
herxheim,3
built,3
termed,3
dug,3
frequent,2
geschichtlicher,2
massif,2
entities,2
tiefenellern,2
absoluten,2
decentralized,2
currently,2
orica,2
datierung,2
vinsa,2
siedlungswesen,2
polish,2
jena,2
bericht,2
asymmetric,2
vienna,2
forschung,2
represent,2
thrown,2
measures,2
branches,2
sphere,2
per,2
nental,2
conducted,2
logique,2
confidence,2
lagerplatz,2
graberfelder,2
peas,2
omy,2
units,2
mittelneolithikums,2
mittleren,2
landesamt,2
necessarily,2
tween,2
laid,2
linien,2
leipzig,2
stratigraphie,2
societal,2
john,2
typologically,2
cutting,2
thuringia,2
transitions,2
stressed,2
fundstelle,2
every,2
preceding,2
mittelsteinzeitliche,2
archae,2
derives,2
give,2
altestbandkeramischer,2
utilization,2
hesbaye,2
hungariae,2
analogies,2
pesse,2
rims,2
bourgogne,2
experiments,2
asia,2
resemblance,2
comparatively,2
agrarian,2
bavaria,2
whatever,2
archdologie,2
bead,2
accumulated,2
exotic,2
rich,2
europeenne,2
sees,2
take,2
ober,2
karanovo,2
luning,2
anthropo,2
flur,2
separated,2
state,2
altestbandkeramische,2
decreased,2
alpes,2
bohemia,2
nowhere,2
wiidbeuter,2
side,2
con,2
occasional,2
ascribed,2
avril,2
peculiarities,2
bases,2
mass,2
discuss,2
oberblick,2
anfangen,2
logical,2
kept,2
donau,2
bettenroder,2
hun,2
community,2
surrounded,2
except,2
x,2
inventar,2
ronde,2
helinium,2
representing,2
against,2
jungfernhohle,2
engage,2
behavior,2
caprine,2
frangaise,2
ranked,2
lithikum,2
review,2
tillmann,2
situa,2
technologie,2
explained,2
anatolica,2
component,2
severe,2
immediate,2
neolithisations,2
beliefs,2
modes,2
mixed,2
raises,2
hostages,2
aber,2
expeditions,2
teristic,2
interac,2
osterreich,2
extensively,2
dence,2
interprets,2
dis,2
palaeolithic,2
canoes,2
concentrations,2
developments,2
predominate,2
vinfca,2
coppicing,2
contrary,2
body,2
compared,2
left,2
elaborated,2
einem,2
hahn,2
communication,2
excavator,2
critique,2
mohelnice,2
om,2
founder,2
generation,2
fundplatzen,2
influence,2
tempering,2
poorly,2
mitteieu,2
obergangsbereich,2
stylisti,2
ethnically,2
natur,2
ers,2
migrationist,2
authority,2
gallia,2
whose,2
reflects,2
norse,2
coating,2
brunnens,2
camp,2
sektion,2
highlands,2
models,2
dry,2
debated,2
basic,2
bacului,2
waldgeschichte,2
rijckholt,2
goes,2
blanks,2
captives,2
ex,2
europa,2
ceramics,2
aquatic,2
sandy,2
mesolithischer,2
understand,2
bad,2
altere,2
ensure,2
adopt,2
gional,2
consider,2
anftinge,2
retained,2
andrds,2
considerations,2
internationale,2
sum,2
dominate,2
archtiologie,2
corpses,2
northeastern,2
michael,2
observations,2
emmer,2
kulturschichten,2
agricultural,2
commonly,2
relativen,2
favored,2
stabilized,2
hesse,2
additional,2
beyond,2
modeled,2
territorial,2
liining,2
marriage,2
ian,2
fox,2
conflicts,2
beaver,2
societi,2
investigations,2
levant,2
greater,2
ou,2
archaolo,2
orschiedt,2
alpine,2
plateau,2
arrival,2
reexamined,2
six,2
viewpoint,2
mollusks,2
slowakei,2
viduals,2
seven,2
siliceous,2
her,2
sedentary,2
diet,2
mesolithiques,2
captured,2
glacial,2
inter,2
term,2
nium,2
arranged,2
standardized,2
traits,2
buried,2
archdologisches,2
appears,2
beispiel,2
applied,2
um,2
bow,2
revived,2
method,2
nordlichen,2
possibility,2
briefly,2
korres,2
percent,2
documented,2
distinguish,2
egalitarian,2
kleinhadersdorf,2
rocks,2
work,2
rixheim,2
steep,2
invisible,2
sept,2
hereditary,2
zwei,2
reduction,2
linearbandkera,2
childe,2
older,2
postulated,2
pratiques,2
inferences,2
ropa,2
densely,2
increasingly,2
notenkopf,2
jahre,2
orient,2
focuses,2
surrounding,2
believes,2
my,2
pondenzblatt,2
redistribution,2
towards,2
beitrage,2
swabian,2
ica,2
fostered,2
drier,2
canoe,2
indicators,2
prehistorique,2
next,2
sepultures,2
reaches,2
exclude,2
specifically,2
berg,2
richter,2
habitation,2
wider,2
concerns,2
westlichen,2
offa,2
climate,2
diversified,2
coast,2
symposia,2
grobe,2
goat,2
kaufmann,2
roots,2
newly,2
grateful,2
wolfgang,2
pot,2
settle,2
hungaricae,2
vorgeschichtliche,2
span,2
divostin,2
portion,2
faceted,2
uncommon,2
therefore,2
contemporeanity,2
gustav,2
tasks,2
ical,2
fruhneolithikum,2
reduced,2
deutschlands,2
summarize,2
identified,2
britain,2
short,2
indeed,2
resisted,2
intrusions,2
barley,2
raczky,2
wetland,2
planks,2
alba,2
westund,2
attempt,2
monochrome,2
uber,2
expanded,2
surviving,2
lentils,2
inhabited,2
innovation,2
southeast,2
vie,2
approaches,2
percentage,2
competition,2
gave,2
formerly,2
vegetationsgeschichte,2
unattractive,2
grooved,2
burg,2
zurich,2
neither,2
jacottey,2
assimilation,2
extinction,2
wittlingen,2
rectangular,2
issues,2
floor,2
speaks,2
unusually,2
noted,2
architectural,2
krause,2
evolve,2
double,2
lack,2
logische,2
slovenska,2
smederevska,2
archeologique,2
fundplatz,2
power,2
stated,2
again,2
death,2
academy,2
similarly,2
byiany,2
decorative,2
growth,2
added,2
projects,2
water,2
missing,2
summing,2
commune,2
cultivated,2
communal,2
avec,2
menschlichen,2
punctuation,2
clarendon,2
documents,2
children,2
daily,2
classical,2
diverse,2
incorporation,2
somewhere,2
quelques,2
variation,2
serious,2
beziehungen,2
never,2
ages,2
conclusions,2
charac,2
grog,2
coarse,2
non,2
strategies,2
necessary,2
individu,2
intragroup,2
seminar,2
bearers,2
gives,2
encountered,2
regionally,2
archeologiques,2
herstellung,2
interrelated,2
simple,2
archaeo,2
discovery,2
tokaj,2
disposal,2
virgin,2
chronologies,2
boheme,2
memoirs,2
previously,2
aufgrund,2
banatica,2
birds,2
urgeschichtliche,2
combining,2
angle,2
bredo,2
operated,2
erkelenz,2
engaged,2
nothing,2
prelude,2
mold,2
overlap,2
moravie,2
theoretical,2
netherlands,2
described,2
theses,2
crises,2
historic,2
tional,2
kreuz,2
grew,2
scandinavia,2
publication,2
language,2
connec,2
hauser,2
chocolate,2
peter,2
amounts,2
length,2
gates,2
explanation,2
danubiennes,2
robusticity,2
stages,2
harpoon,2
lie,2
filled,2
households,2
interacted,2
black,2
ende,2
kulturhistorischen,2
ap,2
ture,2
margin,2
strongly,2
article,2
krasznokvajda,2
evolutionary,2
prihistorique,2
institut,2
pro,2
shallow,2
gie,2
hunters,2
greece,2
twofold,2
funktion,2
novembre,2
herding,2
undergrowth,2
carbonized,2
pavlu,2
division,2
species,2
schletz,2
farm,2
carried,2
depth,2
arriving,2
christian,2
ity,2
siedlungen,2
linienbandkeramischer,2
diagrams,2
note,2
bukk,2
science,2
sometimes,2
steinzeitliche,2
strien,2
maps,2
fully,2
nove,2
regia,2
universitats,2
fosse,2
becomes,2
percussion,2
itself,2
carpathica,2
nitra,2
remaining,2
life,2
why,2
shed,2
olszanica,2
eil,2
composed,2
ing,2
supporting,2
serbian,2
menschen,2
enclosure,2
rozoy,2
mittelalterliche,2
stable,2
claims,2
ignited,2
ausbreitung,2
ludwigsburg,2
measurements,2
constituted,2
ever,2
da,2
economically,2
log,2
detail,2
botanical,2
historischen,2
alps,2
neo,2
archeologia,2
colonization,2
rainfall,2
lying,2
processus,2
sizes,2
sampling,2
leaders,2
boksee,2
grossen,2
bina,2
temper,2
liege,2
eventually,2
ideological,2
grieben,2
gregg,2
obviously,2
polynesian,2
dumped,2
balaton,2
going,2
just,2
destroyed,2
places,2
hazelnuts,2
cal,2
bassins,2
killed,2
settled,2
darmstadt,2
meticulous,2
particular,2
comes,2
nearby,2
wolfenbuttel,2
gruben,2
sumed,2
linienbandkeramische,2
knapping,2
mittelneolithikum,2
extent,2
saddle,2
velde,2
sleeping,2
fodder,2
minimal,2
felsstalle,2
alfold,2
emphasis,2
prejlerup,2
vereins,2
art,2
finished,2
universitatsforschungen,2
occasionally,2
evi,2
multiple,2
vir,2
refinement,2
tonware,2
contemporaneity,2
landnahmen,2
pre,2
belgium,2
november,2
variability,2
maori,2
manifold,2
harvested,2
com,2
extended,2
arguments,2
farmed,2
copper,2
rheinlande,2
dorsal,2
conti,2
erdwerke,2
ho,2
befunde,2
aspect,2
fruhneolithischen,2
palisade,2
layers,2
moderate,2
naturwis,2
ultimately,2
elongated,2
zimmermann,2
carpath,2
intensified,2
decrease,2
herds,2
internally,2
allgau,2
sought,2
mode,2
belo,2
parallels,2
contributed,2
carrefour,2
mittlere,2
land,2
mische,2
physical,2
manufacture,2
smaller,2
states,2
firewood,2
piece,2
starsevo,2
forming,2
hessischen,2
slaves,2
speak,2
roughly,2
showed,2
intergroup,2
specific,2
tradi,2
assumed,2
text,2
progressive,2
depositions,2
views,2
maximum,2
substantial,2
roe,2
flakes,2
profiles,2
ca,2
bakony,2
draft,2
household,2
sa,1
fir,1
woven,1
landesamtes,1
pekte,1
voivodship,1
unsure,1
archaobotanische,1
rate,1
borer,1
mania,1
done,1
practicing,1
deny,1
limbourg,1
charcoal,1
limits,1
belgrad,1
sins,1
acknowl,1
logisches,1
herself,1
benches,1
fertile,1
xxie,1
gslsbnik,1
strickovoj,1
stood,1
isotopes,1
nemzeti,1
examine,1
functional,1
wahl,1
bemerkenswerte,1
nacheiszeitliche,1
museumsheft,1
winds,1
ozdo,1
spatmesolithisches,1
climax,1
deduced,1
pfalz,1
anthropologischen,1
protestant,1
anthropozoologica,1
determine,1
fences,1
worthy,1
trebur,1
licht,1
reflexions,1
moor,1
kera,1
startevo,1
traumatischen,1
slotta,1
curved,1
extends,1
ultimate,1
mar,1
differentiating,1
grasses,1
romischen,1
manuscript,1
hochmittelalters,1
konstanzer,1
agrargeschichte,1
expect,1
entirely,1
rotelgrab,1
sildfranzosischen,1
meolithique,1
discover,1
residences,1
alasdair,1
investigators,1
veit,1
measurement,1
amphibolite,1
effective,1
manufac,1
anfang,1
tend,1
stem,1
designed,1
bartosie,1
noteworthy,1
formed,1
stratigraphische,1
crystalliza,1
rodmann,1
urand,1
markung,1
med,1
charakteristische,1
andeutungen,1
item,1
hertelendi,1
nuts,1
bifacial,1
sudden,1
microburins,1
weiner,1
easily,1
fra,1
analyse,1
roles,1
ilated,1
subsis,1
klocksedimente,1
blows,1
ms,1
zamek,1
conical,1
ostdeutschlands,1
former,1
fundstticke,1
jungeren,1
masks,1
osterreichische,1
saile,1
indica,1
prehistoriques,1
intersecting,1
schmuckschnecken,1
stary,1
tome,1
gdttingen,1
stanowisk,1
stylistiques,1
tationsentwicklung,1
dipartement,1
fundstoff,1
scientist,1
gewalt,1
mittelalter,1
neolitycznych,1
beginns,1
dig,1
ftessorv,1
moving,1
childean,1
summa,1
ironed,1
chronologii,1
kerdmia,1
culturelles,1
hillsides,1
princeton,1
ochrony,1
descriptions,1
ackerbauern,1
obser,1
academiae,1
salvage,1
spatmesolithischen,1
regeszettudomanyi,1
women,1
prtihistorische,1
chaix,1
northward,1
disturbances,1
arms,1
test,1
predominantly,1
hienheim,1
accumulation,1
member,1
anything,1
ouest,1
gn,1
archeologija,1
else,1
anthropogen,1
festen,1
lateral,1
languedoc,1
probleme,1
hence,1
rubanee,1
revisited,1
swedish,1
schmuckwerkstatte,1
creation,1
popula,1
connection,1
stricto,1
exploita,1
exclusive,1
originally,1
tierknochen,1
exhibition,1
oberganges,1
concentrated,1
implying,1
essentiels,1
kilometers,1
caspar,1
sub,1
gegeszeti,1
akademia,1
grinders,1
worked,1
palatia,1
shortage,1
puzzle,1
absolue,1
prac,1
switzerland,1
applikation,1
friendly,1
kbros,1
possibilities,1
phenome,1
reach,1
gorge,1
sauvage,1
waals,1
advantage,1
keramikkomplexes,1
succeeds,1
exceptionally,1
iet,1
accompanied,1
ortsfremden,1
coarseness,1
highland,1
firm,1
tpipauolithique,1
spatjungpalaolithische,1
thank,1
restated,1
wandersleben,1
wave,1
milia,1
delicate,1
verband,1
spaced,1
sudskandinavien,1
felsschutzdachern,1
universitetu,1
government,1
standorten,1
vertebra,1
wurttemberg,1
mississippi,1
hauses,1
launched,1
friedberg,1
renfrew,1
scheme,1
obsta,1
ized,1
bandkeramiker,1
help,1
inland,1
setting,1
alden,1
search,1
fallanden,1
integrate,1
fresh,1
vegeta,1
affiliation,1
ziemi,1
kortfs,1
archaelog,1
disputable,1
loose,1
floral,1
say,1
tery,1
emphasized,1
greatly,1
precisely,1
chiefdoms,1
marine,1
concepts,1
situ,1
principal,1
current,1
rockshelters,1
opposite,1
sensu,1
nal,1
histori,1
louwe,1
advances,1
jungsteinzeitlicher,1
longmans,1
cretaceous,1
crenay,1
remote,1
eisenzeit,1
stratigraphies,1
tionales,1
el,1
nature,1
nomadic,1
gemeinde,1
bevolkerungsdichte,1
modder,1
inquiry,1
subadult,1
growing,1
bratislava,1
woodlands,1
partners,1
heinen,1
takes,1
drava,1
narrower,1
proceeded,1
forward,1
einordnung,1
badly,1
dr,1
edges,1
bezel,1
redundancy,1
identities,1
aca,1
soziale,1
cannibal,1
blessures,1
nad,1
key,1
albeit,1
av,1
abnormality,1
bulgarien,1
draws,1
jdsa,1
advice,1
westeuropa,1
anthropolog,1
novi,1
scottish,1
celts,1
shafts,1
nology,1
america,1
eurasia,1
tubular,1
worttemberg,1
flatlands,1
right,1
lim,1
silex,1
fruhen,1
retain,1
custom,1
xxile,1
plums,1
logischen,1
indirectly,1
linearban,1
implies,1
determined,1
ax,1
dechselklingen,1
xviiie,1
mitteland,1
necropoles,1
misnamed,1
quality,1
securely,1
toruniu,1
ance,1
tjberblick,1
zones,1
adopting,1
rized,1
warszawa,1
reduce,1
move,1
carolinea,1
biconi,1
countered,1
fractures,1
professor,1
mosaic,1
supply,1
combine,1
regards,1
alteste,1
rela,1
establishment,1
exchanges,1
neolithisches,1
quantity,1
cited,1
antedate,1
radical,1
realistic,1
desirable,1
compo,1
ansiedlung,1
metallnutzung,1
vdrosi,1
peacefully,1
edgment,1
juvenile,1
kopfbestattungen,1
totally,1
awaits,1
spondylusschmuck,1
domestiques,1
minimum,1
zofipote,1
eroded,1
sketched,1
prevented,1
genetics,1
tied,1
leben,1
hunde,1
schadel,1
diversity,1
surplus,1
schddelgrdber,1
colonized,1
exposed,1
ausgra,1
forschungsgeschichte,1
exist,1
repeatedly,1
distribu,1
oldenburg,1
regarding,1
kdkortola,1
interments,1
luxemburg,1
frequencies,1
djerdap,1
comb,1
letzten,1
postcranial,1
upheld,1
mu,1
hnfk,1
collapse,1
halted,1
palynological,1
skeletten,1
widened,1
bodenkundlichen,1
cemeteries,1
stration,1
que,1
guette,1
erection,1
harz,1
abdominal,1
facts,1
lithischen,1
pockets,1
attest,1
paviik,1
definitely,1
einheit,1
sammler,1
countless,1
consumed,1
kreisgrabenanlagen,1
problemes,1
luxembourgoise,1
predetermined,1
macedonia,1
analyzing,1
reported,1
september,1
fissioning,1
megalithismes,1
integral,1
mecanismes,1
scarce,1
track,1
interest,1
archaeologicae,1
nouvel,1
archeo,1
sekce,1
ability,1
sp,1
fidition,1
crania,1
walter,1
ergebnisse,1
saxony,1
juraj,1
fttr,1
pendants,1
palaodontologische,1
hampel,1
janislawice,1
rooted,1
entire,1
tripartite,1
expected,1
programm,1
unbekannte,1
nents,1
certaines,1
migrate,1
entiarum,1
differenzierung,1
roche,1
rolf,1
ttlbingen,1
postfach,1
palsodemographische,1
adam,1
kulturschich,1
lin,1
clark,1
person,1
chungen,1
stored,1
individuen,1
concrete,1
blank,1
moldavia,1
entwicklungsgeschichte,1
anthropogenically,1
jurassian,1
ver,1
severed,1
concerning,1
hirschjagerlager,1
ha,1
plank,1
outbreaks,1
materi,1
boundary,1
wares,1
communicationes,1
onen,1
diffusionism,1
agricaulture,1
kulturen,1
cates,1
lineage,1
kupferzeit,1
beginn,1
datelist,1
ally,1
forschungsstand,1
transhumant,1
pamjatok,1
bandry,1
misleading,1
mammals,1
steppan,1
publications,1
willigen,1
alzey,1
beitragen,1
died,1
tral,1
sci,1
tiefen,1
siedlungslandschaft,1
filralte,1
drastically,1
westliche,1
decapitated,1
geological,1
uniformity,1
spatpalaolithikum,1
siedlungsund,1
essays,1
donngs,1
vorland,1
kesseleyk,1
slightest,1
look,1
werden,1
waterways,1
denkmalschutz,1
landes,1
magyar,1
coasts,1
gruesome,1
bandkeramiscben,1
nean,1
occasion,1
rande,1
probegrabungen,1
altars,1
pronounced,1
hardly,1
dolsidzennja,1
siders,1
indistinguishable,1
bergbau,1
kum,1
liegois,1
competitive,1
ton,1
aime,1
hundert,1
maglemo,1
friedhof,1
vosges,1
virtual,1
notenkopfburial,1
dejiny,1
incentive,1
holozaner,1
newer,1
interre,1
anders,1
hegau,1
jungmannschaften,1
massengrab,1
affiliations,1
peo,1
knochen,1
landscapes,1
operation,1
transhumance,1
mikolaja,1
tan,1
interesting,1
otter,1
acculturation,1
disposing,1
disposed,1
recognized,1
ausgrabung,1
macropalaeobotanical,1
hamburg,1
reconstitution,1
curve,1
plotted,1
allochtho,1
applying,1
orientale,1
mak,1
chronologique,1
nubioch,1
reimer,1
amtes,1
einige,1
statements,1
ba,1
tiger,1
contin,1
destroy,1
residence,1
generations,1
adds,1
tapolcai,1
denmark,1
stop,1
linearband,1
flake,1
archuologischen,1
bauerlichen,1
possession,1
forced,1
volhinen,1
postmortalen,1
pfeilspitze,1
ichte,1
trunks,1
tertiary,1
na,1
jistelek,1
faunis,1
biggest,1
universitat,1
eichstatt,1
longest,1
felsgestein,1
presentation,1
coloring,1
subdivision,1
neolithi,1
outcrop,1
espelkamp,1
environments,1
tod,1
killing,1
tung,1
gendel,1
vener,1
hardt,1
sarching,1
reworked,1
jahrtausend,1
schadelkult,1
proportion,1
persistent,1
methoden,1
gniechowice,1
gewaltsamer,1
archaeometry,1
viewed,1
bergisch,1
sacrificed,1
brabant,1
ongoing,1
rijksdienst,1
row,1
ix,1
gabled,1
brno,1
tergroup,1
stockherders,1
creek,1
symbols,1
cave,1
lacking,1
enabled,1
selected,1
enriched,1
landnutzung,1
individ,1
width,1
mittelsteinzeitlicher,1
osidlem,1
fortbestand,1
hommage,1
mexico,1
arbor,1
lttning,1
zeitlicher,1
overlooked,1
schweizerisches,1
silexartefakten,1
space,1
tance,1
extremes,1
outnumber,1
moreover,1
absorbed,1
caps,1
precious,1
gotter,1
departement,1
az,1
consistency,1
shell,1
gefabkeramik,1
alsatian,1
alien,1
analy,1
skandinaviern,1
arid,1
nities,1
discernible,1
colonizing,1
finer,1
annihilate,1
subre,1
wol,1
facilitated,1
buwo,1
dohle,1
cermania,1
immigrant,1
norddeutschland,1
schrift,1
kulturowego,1
dens,1
gravels,1
cherts,1
females,1
wloclawek,1
siidlichen,1
flexibility,1
erecting,1
drei,1
rotbemalte,1
established,1
linksflugler,1
anthropogener,1
vations,1
flax,1
barbaza,1
ning,1
dit,1
underlying,1
franco,1
proved,1
krakowie,1
elsewhere,1
naturrsumlichen,1
kuuurgeschichtliche,1
numbers,1
shelters,1
verein,1
perspective,1
halle,1
curred,1
unfavorable,1
frequently,1
niederosterreichischen,1
frag,1
situations,1
presumed,1
valuable,1
stratigraphiques,1
experienced,1
horizontally,1
recovered,1
resource,1
ppfi,1
challenged,1
shorter,1
intermontane,1
geleen,1
bilanz,1
surface,1
ffanconto,1
superieur,1
predomi,1
schwarz,1
efficient,1
termi,1
isolation,1
nieszery,1
organisation,1
pirmasens,1
definite,1
mitteilungsblatt,1
ingoil,1
tacts,1
putting,1
archiologie,1
differentiate,1
nutzung,1
wattle,1
ackerbau,1
archeological,1
plenum,1
millet,1
palaeoecolog,1
keramikou,1
zec,1
nests,1
handbuch,1
og,1
dominant,1
care,1
mo,1
lieg,1
helped,1
escapes,1
decades,1
pedestaled,1
muzejnf,1
archfiologie,1
dispersion,1
numerical,1
ornaments,1
kiefernrindenmatte,1
transdanubische,1
keramiky,1
nachbarn,1
archtio,1
creeks,1
searchers,1
couches,1
epilogue,1
verletzungen,1
corvina,1
response,1
liquids,1
chalkolithikum,1
treating,1
pelvic,1
feuersteinindustrie,1
rivals,1
basalt,1
underrepresented,1
tierreste,1
kenntnis,1
bestattungsritus,1
acknowledgments,1
traditionally,1
europaischer,1
ncolithisations,1
biri,1
sertations,1
siedlungsarchaologie,1
skammer,1
combinations,1
friihen,1
nordostbayerns,1
frtinkischen,1
effort,1
universytetu,1
conventionally,1
miai,1
format,1
necklace,1
praha,1
facilitate,1
sildwestdeutschland,1
ottd,1
jahrbacher,1
graphically,1
relate,1
koln,1
centrally,1
getting,1
pioneer,1
hadersdorf,1
eu,1
charles,1
fragile,1
equivalents,1
secretly,1
bandkerramik,1
evaluate,1
ventare,1
embedded,1
rudiger,1
malnutrition,1
flachhacken,1
kinship,1
ranking,1
knit,1
saddeutschland,1
neighboring,1
gladbach,1
hut,1
traced,1
pointing,1
bp,1
exterminating,1
manoria,1
focused,1
tungen,1
blow,1
pamatky,1
inventaria,1
abounds,1
indirect,1
province,1
dechtes,1
alf,1
bordekreis,1
verwandtschaftsanaiyse,1
reconstructed,1
erratic,1
sce,1
unruly,1
alfdldi,1
handled,1
occidentale,1
dna,1
singly,1
hypothetical,1
outlined,1
landnam,1
unterschiedlichen,1
diffusionist,1
required,1
availabil,1
designations,1
enough,1
ausrichtung,1
kultstatte,1
hangfublagen,1
struma,1
siidosh,1
adolescent,1
interbred,1
alfgld,1
bonner,1
expressions,1
impression,1
criteria,1
technical,1
bezie,1
hillslope,1
frtlhzum,1
shape,1
haus,1
knowledges,1
directly,1
ilia,1
mahlsteinen,1
having,1
dargebracht,1
spheres,1
sudwestdeutschland,1
borealzeitliche,1
partie,1
degrees,1
boot,1
frtihgeschichtlicher,1
raume,1
criticize,1
consecutive,1
sity,1
conjecture,1
dugout,1
tauschgebiet,1
organize,1
statehood,1
start,1
durrnberg,1
boca,1
preferred,1
framed,1
decisions,1
nordbayer,1
thorn,1
protected,1
struck,1
unless,1
prominent,1
fired,1
heavily,1
miskolc,1
stadler,1
interregionalis,1
fruhund,1
archaeologisch,1
orifice,1
quantifica,1
inna,1
rohstoff,1
example,1
zentralinstitut,1
sia,1
eckert,1
regierungsbezirk,1
italy,1
fruhbandkeramischen,1
studia,1
department,1
domi,1
disserta,1
tip,1
woodland,1
restructuring,1
prdhistorische,1
protohistoriques,1
hynia,1
got,1
migrated,1
intentionally,1
boden,1
overview,1
realm,1
keeley,1
refilling,1
describe,1
consistently,1
discussions,1
intermediate,1
refined,1
kaiserzeit,1
tiefeb,1
niederbayerischer,1
fansa,1
linearpottery,1
johann,1
relevance,1
seated,1
haps,1
actually,1
tschechoslowakischen,1
vortrtige,1
zohary,1
historische,1
winter,1
slovakischen,1
demon,1
bar,1
call,1
smelting,1
popular,1
ry,1
gear,1
gions,1
eotvos,1
complemented,1
nodules,1
craftsmen,1
mined,1
realms,1
stationary,1
preparing,1
lization,1
ausgewahlte,1
showing,1
golden,1
conceptual,1
gently,1
wolffenbiittel,1
doubtful,1
predictive,1
biologisch,1
lineaire,1
wheat,1
urn,1
relative,1
bach,1
nj,1
trends,1
lithics,1
autopdlya,1
mittelhessen,1
healing,1
informati,1
sprang,1
approach,1
refuse,1
zoeno,1
premiere,1
zentralen,1
siedlungs,1
flaking,1
glaser,1
bindernagelsche,1
eszter,1
fundschicht,1
nachrichtenblatt,1
conveyed,1
anthropohager,1
universittttsforschungen,1
stylized,1
premieres,1
briicken,1
altneolithischen,1
dark,1
geomorphologischen,1
nario,1
dropped,1
provencale,1
jager,1
refitting,1
chronos,1
composite,1
societes,1
lang,1
hard,1
szentgdl,1
wommersum,1
waterfowl,1
typochronological,1
palaolithikum,1
kulturkreis,1
reliable,1
healed,1
suddeutschen,1
brdo,1
leid,1
praehist,1
volutovou,1
praehistor,1
slo,1
ward,1
pollenanalyse,1
zeitliche,1
ological,1
vetschau,1
emerging,1
event,1
involved,1
musei,1
deutsches,1
het,1
samborzec,1
katalin,1
badan,1
iithic,1
zeichen,1
spatund,1
gebrauch,1
men,1
spatneolithikum,1
vlastivsdna,1
geburtstag,1
nikolov,1
breunig,1
revealing,1
components,1
werkzeugform,1
transfer,1
genive,1
inhabitants,1
denotes,1
peak,1
denkmalpflege,1
shaded,1
daten,1
distinguished,1
ancestors,1
portions,1
subgroup,1
ingolstadt,1
praehistorische,1
tended,1
mtlller,1
whatsoever,1
dedicated,1
braunschweigisches,1
gradient,1
kopernika,1
descendants,1
vuniversite,1
pushed,1
makaberes,1
hen,1
hayden,1
filling,1
grygiel,1
pa,1
alteren,1
communica,1
ornamented,1
distinguishing,1
beobachtungen,1
unverzagt,1
notes,1
weifijurahornstein,1
reflected,1
zugleich,1
rhone,1
chromer,1
substrat,1
se,1
rest,1
impor,1
germa,1
seemed,1
wende,1
too,1
experimented,1
distin,1
subsequently,1
wohnhausern,1
keszthely,1
archiolog,1
wilhelm,1
critical,1
bemalter,1
kozlowski,1
chaikolithikums,1
rezenten,1
hands,1
san,1
austauschsysteme,1
fails,1
mesoihi,1
brilcken,1
prahistor,1
mircolithes,1
carcassonne,1
excludes,1
interna,1
demand,1
nationalmuseums,1
niederdsterreich,1
equality,1
reinerth,1
saw,1
curves,1
commu,1
attributable,1
tively,1
osrodek,1
sammelblatt,1
catchment,1
quarzite,1
statuettenteil,1
gracile,1
action,1
circumhercynen,1
steinmaterialien,1
schmidt,1
kontinuitat,1
ire,1
kodierungsprobleme,1
sielmann,1
eva,1
sous,1
storischen,1
april,1
play,1
schemes,1
corporation,1
meurers,1
onward,1
harris,1
archaobotanik,1
impremerie,1
female,1
kolloquium,1
bodenabtrag,1
exception,1
reviewer,1
standardization,1
ple,1
stratigraphy,1
sahlins,1
grande,1
haute,1
srodowiska,1
veroffentli,1
tor,1
presently,1
odontolog,1
zoological,1
ungarischen,1
iithiques,1
grube,1
vinta,1
aracheological,1
migra,1
permissible,1
wetteraukreis,1
adhered,1
tempered,1
longitudinal,1
movement,1
traps,1
kopfbestat,1
signs,1
ferocious,1
seemingly,1
raum,1
cultivate,1
reconnoiter,1
backed,1
reception,1
religious,1
inventarwerk,1
tuskriveshegy,1
siebenburgen,1
kolner,1
linijno,1
fonctionelle,1
fighting,1
kustanszeg,1
grece,1
pastures,1
deutschland,1
postdates,1
once,1
patches,1
listed,1
germanen,1
baden,1
forts,1
foot,1
losung,1
reforestation,1
utak,1
tztudes,1
resolution,1
ockhofen,1
donnees,1
q,1
externally,1
institute,1
par,1
intentionellen,1
frtihneolitische,1
altsteinzeitlichen,1
represents,1
sudwestungarn,1
berne,1
thames,1
happened,1
database,1
mainzer,1
exactly,1
bouloie,1
zentralmuseums,1
thiemeyer,1
korrjs,1
sisted,1
prepare,1
frtthgeschichte,1
fifth,1
siedlungsgrube,1
nyei,1
miiller,1
madrider,1
hilly,1
buttler,1
oven,1
clarified,1
ularly,1
lineages,1
seventhand,1
jens,1
chelminskiej,1
heun,1
included,1
fringes,1
quern,1
home,1
encircled,1
falls,1
ams,1
opovo,1
siedlungsachaologie,1
raise,1
bind,1
supplied,1
inherited,1
neuesten,1
chalkolithische,1
rain,1
guatemala,1
keeping,1
aldenho,1
frtthe,1
orisches,1
srejovic,1
ro,1
fundber,1
colored,1
elbe,1
literally,1
viously,1
experiment,1
spatpleistozanen,1
mod,1
definition,1
largest,1
belonging,1
sekulturen,1
gary,1
provocative,1
stuart,1
trapezoidal,1
functions,1
evolutive,1
acronym,1
lined,1
nordwestdeutschland,1
alten,1
allows,1
crolith,1
praehisi,1
paleopathological,1
ausgehenden,1
lot,1
wilhelma,1
asymmetrischer,1
engravings,1
investigating,1
fosses,1
bronnen,1
metate,1
etudes,1
routes,1
absolutchronologie,1
outbreak,1
undisturbed,1
provencal,1
sis,1
bruchenbrilcken,1
einfliisse,1
goals,1
angela,1
shaped,1
name,1
joop,1
revitalized,1
jungfernhdhle,1
bietes,1
whichever,1
archaologischer,1
interdisciplina,1
heritage,1
maple,1
oslo,1
kontinuitatsbeleg,1
nylregyhdzi,1
stronger,1
partition,1
factory,1
journey,1
rejoined,1
hollow,1
santa,1
fin,1
stsuble,1
subse,1
stating,1
trois,1
vinfia,1
eugen,1
archaeologie,1
put,1
slavery,1
keramiki,1
hungen,1
rock,1
debrecina,1
mono,1
successively,1
paleobotanical,1
bohemian,1
bodenverlagerungen,1
dissertations,1
peared,1
conformity,1
outillages,1
drentse,1
ftlr,1
nordeuropa,1
detlef,1
stories,1
coincidence,1
courier,1
storing,1
toll,1
revolution,1
spurensicherung,1
recurrent,1
phalanx,1
pressure,1
migrations,1
calib,1
wissenschaftliche,1
instability,1
benecke,1
plan,1
dkeramik,1
stroke,1
predominant,1
weeds,1
agree,1
nate,1
viehwirtschaft,1
michelsberg,1
bovids,1
ironsdanubia,1
lohr,1
stressful,1
magdeburg,1
crop,1
predominated,1
mittelneo,1
lacks,1
katastrophe,1
ried,1
bma,1
felsdach,1
pacific,1
fruhneolititische,1
banks,1
ologica,1
genese,1
demonstrating,1
partic,1
mateiciucova,1
aboveground,1
emphatic,1
austriaca,1
aires,1
omitted,1
leletmentesei,1
ethno,1
shoulder,1
remain,1
doubt,1
descended,1
frtihbandkeramische,1
man,1
kongreft,1
diagram,1
vergleichender,1
rahmen,1
oc,1
collogue,1
fragments,1
darcheologie,1
chiefdom,1
grabie,1
mountainous,1
mai,1
meuse,1
balkanraumes,1
ethnoarchaologische,1
polska,1
uous,1
nne,1
weitgehend,1
pine,1
burghohle,1
increases,1
slatina,1
operating,1
ur,1
kovacz,1
preforms,1
cles,1
german,1
devoted,1
rdumlichen,1
continuing,1
hold,1
archeologii,1
keagan,1
chronologia,1
erers,1
increas,1
normandy,1
banat,1
armed,1
dred,1
relevant,1
verbreitungsgebiete,1
steine,1
friiher,1
ausstellung,1
bovid,1
frtihe,1
norwegian,1
ammermann,1
arqueologia,1
cesses,1
mimoirs,1
lines,1
untermaingebiet,1
kords,1
deep,1
thema,1
hu,1
decorations,1
woman,1
fewer,1
native,1
assorted,1
zvelebil,1
exceeds,1
cul,1
circumscription,1
altestlinienbandkeramischen,1
nordlich,1
umstrukturierung,1
ladder,1
mittelstein,1
shifts,1
uroksetyr,1
remarkably,1
neoliihische,1
fundverteilung,1
suppliment,1
augsburg,1
mitteleuro,1
degree,1
italicized,1
lunate,1
bungen,1
fortifies,1
transilion,1
herbivores,1
demonstrated,1
synonym,1
meetings,1
breakdown,1
cannstatt,1
analyzed,1
microscopic,1
understanding,1
technologies,1
spatpalaolithische,1
endmesolithikums,1
investigated,1
vast,1
napocensis,1
padina,1
reed,1
survive,1
palaopathologische,1
considering,1
background,1
ginalized,1
upon,1
schwdbischen,1
gura,1
demic,1
radovanovic,1
refining,1
waterside,1
aggregated,1
menschenopfern,1
rettoger,1
logs,1
dttrrenberg,1
concentration,1
including,1
arose,1
determinedly,1
domestikation,1
molluskenfauna,1
enormous,1
predominates,1
alteuropa,1
pittsburgh,1
forested,1
markedly,1
verlauf,1
houseforms,1
freilandsiedlungen,1
curt,1
forh,1
identity,1
schriftenreihe,1
nile,1
persists,1
roggen,1
grundwasserna,1
dechseln,1
historischer,1
crease,1
waste,1
religion,1
expression,1
reconstructs,1
schrobner,1
franchises,1
hypotheses,1
armologische,1
station,1
balogh,1
rivers,1
virtually,1
kvkbnyve,1
refers,1
ien,1
causes,1
bundle,1
hus,1
congress,1
ideas,1
harvard,1
komplexe,1
bodenkundliche,1
kttckhoven,1
trend,1
discontinuity,1
besonderer,1
lasted,1
doubs,1
stay,1
bauche,1
full,1
neolithicums,1
previous,1
blatt,1
lorand,1
sozialer,1
archaozoologische,1
ackernutzung,1
bearbeitungstechnik,1
nordwestlichen,1
complicated,1
immi,1
constancy,1
involves,1
specimen,1
armes,1
charge,1
rameters,1
differentia,1
graber,1
dep,1
skelettresten,1
kulturlandschaft,1
anfange,1
osten,1
tupny,1
loosely,1
oriental,1
transformation,1
voytek,1
elk,1
zigeunerfels,1
rises,1
archaeobotany,1
ere,1
lakes,1
lkr,1
decorated,1
transdanubischen,1
interpret,1
subadults,1
stareevo,1
august,1
earope,1
rozhledy,1
taphonomic,1
isles,1
peripherie,1
plains,1
blend,1
allowed,1
occa,1
revised,1
geographically,1
scraper,1
discarded,1
stockade,1
vonaldiszes,1
necropole,1
ostlichen,1
ascertained,1
maastricht,1
indisputable,1
sands,1
easter,1
sierung,1
kotos,1
palaeobotanical,1
phy,1
hypothese,1
improved,1
fingertip,1
preservation,1
standard,1
provides,1
naturhist,1
martin,1
thomas,1
adequately,1
alsaciens,1
suddstliche,1
caspian,1
oudheidkundig,1
sto,1
hinkelstein,1
allochthonous,1
jungsteinzeitliche,1
ited,1
woodworking,1
bier,1
intercommunity,1
agriculturalists,1
menneville,1
paleo,1
roofs,1
universitdts,1
reprasentativitat,1
niedersachsen,1
stahl,1
slidund,1
banffy,1
leaves,1
neus,1
fortification,1
wydownictwa,1
prihistoire,1
ostseegebietes,1
absolutna,1
interpretations,1
stand,1
vorderpfalz,1
caused,1
crc,1
relativni,1
changements,1
excluded,1
hedges,1
seriate,1
improbable,1
postwar,1
fruhzum,1
congres,1
looks,1
tenfolge,1
couche,1
dominance,1
deliberating,1
lay,1
adaptations,1
denk,1
keramikgruppen,1
europtiischer,1
selective,1
workshop,1
wells,1
grain,1
skelette,1
steinartefakte,1
tendency,1
destruction,1
postholes,1
lautereck,1
raumlichen,1
adaptive,1
basically,1
platforms,1
united,1
sadne,1
cen,1
theorize,1
chasse,1
attention,1
gemeinschaften,1
tria,1
tence,1
hinweise,1
radiating,1
nieuwe,1
transi,1
ethic,1
roasted,1
unexpected,1
dogs,1
factors,1
urgeschichtlicher,1
rechtsflugler,1
sonderbestattungen,1
consists,1
univer,1
frtlhe,1
whit,1
suggestion,1
straight,1
relying,1
lo,1
riten,1
imply,1
spiral,1
slender,1
ann,1
grobsaugerreste,1
firmer,1
characteristics,1
wirtschaft,1
stems,1
dominates,1
belonged,1
publishing,1
irregular,1
sociite,1
prahi,1
invokes,1
she,1
compensating,1
perspectives,1
undisputed,1
delicately,1
bolksee,1
mixture,1
figure,1
contemplating,1
ecological,1
lithiques,1
kulturkomplex,1
meche,1
umweltanpassung,1
besancon,1
ctramique,1
siberia,1
impressive,1
voisines,1
macroscopically,1
xvihe,1
jdstelek,1
mgsolithique,1
lauerbach,1
arrow,1
diskontinui,1
dashed,1
validity,1
inside,1
bandceramic,1
vertical,1
entity,1
ffm,1
aneolithikum,1
botanicae,1
primarily,1
slow,1
geneve,1
referred,1
means,1
wembach,1
balcanica,1
biro,1
ligure,1
geographische,1
millennia,1
dirt,1
materialiae,1
instytut,1
ausstellungstafelmanuskript,1
xue,1
septembre,1
interpretationen,1
rapidly,1
bruchenbnicken,1
shells,1
whereby,1
sofia,1
horticul,1
grofibauten,1
tudomanyegyetem,1
neckarland,1
traveled,1
gronenbom,1
suche,1
safest,1
ndrdlichen,1
inspired,1
kelheim,1
efficiency,1
kill,1
plex,1
fe,1
assim,1
primeval,1
neolithischer,1
aspekt,1
imprimee,1
wroclaw,1
bodenerosion,1
steads,1
chamber,1
sambor,1
frontier,1
oldest,1
table,1
siedlungsgrabungen,1
disagrees,1
morave,1
limburger,1
civilization,1
get,1
rim,1
face,1
ridges,1
articles,1
unusual,1
mounds,1
occidental,1
prtihistorischen,1
quelle,1
investigate,1
mobiliers,1
blurred,1
thick,1
bodemonderzoek,1
godisnjak,1
nordund,1
chernozem,1
arbeitskreis,1
magerungsanalyse,1
durability,1
founders,1
rite,1
ihren,1
veroffentlichungen,1
fertility,1
verbreitung,1
dissertation,1
school,1
produc,1
auen,1
pounders,1
pres,1
genises,1
suggestions,1
lignes,1
wellington,1
nordatlantischen,1
latest,1
eradicate,1
rarely,1
pucher,1
forggensee,1
bicske,1
deutung,1
ftjrssien,1
teleuropa,1
sammenstaed,1
broke,1
fingerprinting,1
vortrdge,1
ethnological,1
lob,1
grabenanlage,1
populationen,1
techniken,1
lnstituts,1
einflusse,1
changing,1
intensification,1
aiterhofen,1
recognition,1
chronolgy,1
canton,1
orique,1
contribu,1
bergbaumuseum,1
hypothesized,1
excavation,1
beside,1
fundplatze,1
extension,1
olszan,1
theme,1
paleolithique,1
kunde,1
rhein,1
quarthre,1
friends,1
constructed,1
mained,1
jutta,1
shapes,1
echoes,1
hnienbandkeramischen,1
indoor,1
borrow,1
eichenbohlen,1
narrowly,1
zmschen,1
ischer,1
culure,1
mediaevalia,1
sourcing,1
etnografii,1
alternative,1
bruchenbriicken,1
hcwn,1
bleme,1
bestattungssitten,1
klasse,1
fkung,1
dniestr,1
folia,1
comparative,1
coincides,1
rurales,1
actuels,1
veranderungen,1
schfitz,1
inher,1
dimension,1
tenu,1
bulgaria,1
prehist,1
immigrants,1
mutually,1
nur,1
kaiserstuhls,1
deficiencies,1
altester,1
threefold,1
nia,1
proof,1
depots,1
tured,1
counterarguments,1
historique,1
graberfeld,1
readily,1
protohistoric,1
cm,1
interrupted,1
charakter,1
sheep,1
rijksuniversiteit,1
xiii,1
expanding,1
ratio,1
sttddeutschland,1
zimmer,1
hehnium,1
vege,1
rheingebietes,1
subaldulten,1
believe,1
filr,1
grabungen,1
ost,1
caen,1
sziiletes,1
larsson,1
calibrate,1
runiversiti,1
domestica,1
facility,1
surprisingly,1
reminiscent,1
intersected,1
cooling,1
vicious,1
westernmost,1
albrethsen,1
post,1
franconian,1
foundation,1
elsab,1
wauwil,1
verfiillung,1
cordial,1
starcevound,1
contradictory,1
anzeiger,1
rely,1
senschaftlicher,1
aspekte,1
lousberg,1
gene,1
constant,1
fertilized,1
build,1
cervical,1
anatolie,1
distinctive,1
greenstone,1
ausbrei,1
past,1
brut,1
protect,1
ftir,1
utilized,1
special,1
wustung,1
explicitly,1
bewilderment,1
geschichtswissenschaft,1
trogmayer,1
rethinking,1
volksalmanak,1
cra,1
berichten,1
rlsultats,1
alpenvorland,1
tenth,1
ham,1
ihrer,1
wolfen,1
tices,1
sens,1
born,1
mitteleuropaischen,1
horizonten,1
delineated,1
explanations,1
bamberg,1
heads,1
donautal,1
unteren,1
reexamination,1
ikdnyve,1
wumemberg,1
fru,1
mobil,1
spatial,1
suddeutschlands,1
kdzlemi,1
ealis,1
chro,1
voor,1
making,1
references,1
reburials,1
supports,1
silexin,1
lished,1
proven,1
zagros,1
sloping,1
passed,1
map,1
manuscripts,1
tvkbnyi,1
ait,1
firmly,1
archeologicki,1
ausgeloste,1
ceased,1
migrationism,1
diary,1
tightly,1
sttdwestdeutsch,1
merkmalen,1
tending,1
gronenborit,1
comparison,1
estab,1
occasions,1
paiaottkolog,1
foundations,1
correlates,1
periphery,1
prestige,1
faune,1
precursor,1
rapports,1
studying,1
universittits,1
abruptly,1
representations,1
baltic,1
belgrade,1
proposing,1
agreed,1
rohstoffanalyse,1
geburtsstatte,1
ism,1
hundreds,1
ackerbauernkulturen,1
abademie,1
brinch,1
krs,1
nubian,1
travel,1
mesolithisches,1
mediterra,1
insights,1
rearrangement,1
belege,1
conference,1
venatoria,1
facial,1
socioeconomic,1
abundantly,1
outline,1
fishers,1
intention,1
ftor,1
lichte,1
koanyaga,1
endmesolithikum,1
careful,1
transport,1
ruled,1
guishes,1
politics,1
attached,1
stuiver,1
slopes,1
sea,1
heilbronn,1
pas,1
hoguetle,1
ensembles,1
confirm,1
decors,1
monochromer,1
easy,1
ac,1
chemin,1
giving,1
plans,1
lies,1
step,1
intensifica,1
beckens,1
entstehung,1
noye,1
travertin,1
accelera,1
habitat,1
obtain,1
biozones,1
focus,1
reconstruct,1
nidderau,1
senschaftliche,1
families,1
phenomenon,1
paleological,1
lateralization,1
exploit,1
isolated,1
cologne,1
nous,1
eroding,1
coming,1
anmerkungen,1
starievo,1
merciless,1
remarks,1
our,1
prepared,1
tubingen,1
bio,1
korrespondenz,1
named,1
gicoiebr,1
white,1
hydrocephaly,1
statut,1
westische,1
spring,1
ulrich,1
survival,1
provide,1
studium,1
xwrowtu,1
locations,1
invasion,1
iipipaleolith,1
sonderausstellung,1
schweiz,1
difference,1
rms,1
jgszsag,1
report,1
rmee,1
lands,1
disappear,1
destabi,1
ankel,1
foragers,1
baugeschichte,1
steingeraten,1
jagdverhalten,1
envisaged,1
nated,1
typolog,1
grant,1
donaultindische,1
accept,1
aeben,1
pierced,1
completed,1
modern,1
ologie,1
kultus,1
spectra,1
insight,1
instead,1
deren,1
detached,1
stellung,1
armlets,1
sional,1
define,1
consumption,1
unoccupied,1
need,1
andere,1
spirit,1
befunden,1
archaeologi,1
average,1
integration,1
attributes,1
altertumsforschung,1
steinheim,1
colleagues,1
off,1
ostallgau,1
philosophy,1
stanford,1
buntsandsteinabris,1
arbeidsmark,1
turkmenis,1
sicht,1
trierer,1
nieder,1
pferdes,1
tierund,1
stray,1
brunt,1
enclosed,1
gisement,1
ruth,1
anonymous,1
materiel,1
landschap,1
thousand,1
pear,1
preferentially,1
potential,1
carbon,1
stiddeutschland,1
praveke,1
formal,1
ated,1
mediumand,1
ethnogra,1
race,1
requires,1
feuerstein,1
raid,1
vorwort,1
ische,1
klein,1
homo,1
reinheimer,1
semisedentary,1
harpunenbruchstuck,1
terminology,1
point,1
freilandfundstelle,1
akad,1
expedi,1
vary,1
negotiate,1
jahren,1
linguistics,1
mesound,1
temperatures,1
lengyel,1
sharing,1
tierdomestikation,1
partial,1
create,1
geographica,1
alpin,1
import,1
grab,1
braunschweig,1
neuen,1
supplementary,1
polnischem,1
pologie,1
stair,1
eines,1
duration,1
ltibstorf,1
counts,1
palaeohistoria,1
signification,1
holozane,1
mikrolithen,1
postu,1
unequivocal,1
famous,1
duvenseer,1
delineate,1
broader,1
meeting,1
successive,1
berucksichtigung,1
dependent,1
beim,1
wanderbauerntum,1
rdtsel,1
dellen,1
auerberg,1
pollenprofil,1
pfeilspitzenformen,1
arizona,1
cahier,1
daval,1
willis,1
schwarzwald,1
continuously,1
