WORDCOUNTS,WEIGHT
the,1657
of,1037
and,907
in,829
a,428
to,356
mesolithic,259
from,198
by,195
is,183
der,176
at,174
are,161
with,152
et,150
sites,130
on,122
for,119
und,113
final,112
im,109
as,108
paleolithic,106
research,102
an,98
m,92
been,90
site,88
be,87
pp,86
that,84
german,84
des,84
have,84
which,83
late,81
germany,80
this,79
archaologische,78
zur,77
die,68
de,66
b,66
also,66
radiocarbon,59
has,58
was,57
p,56
k,54
zum,53
aus,51
lithic,51
northern,51
early,51
s,49
points,49
district,49
southern,49
only,49
bei,48
fur,48
von,46
lateglacial,46
region,45
or,44
these,44
street,44
ein,44
j,43
ausgrabungen,43
finds,43
were,43
du,42
la,42
central,41
younger,41
can,40
western,39
such,39
but,38
some,37
during,37
kreis,37
recent,37
h,36
rhineland,36
dated,36
south,36
axes,36
am,36
it,35
n,35
europe,35
material,35
years,35
more,34
holocene,33
excavations,33
artifacts,32
al,32
not,31
assemblage,31
archaologisches,31
c,31
lower,30
their,30
new,30
das,30
although,30
ca,30
numerous,29
archaologie,28
bp,28
other,28
fig,28
found,28
assemblages,28
dryas,28
transition,28
north,28
microliths,27
w,27
regions,27
several,27
boreal,27
archaeological,27
korrespondenzblatt,27
berichte,26
presence,26
core,26
culture,26
mesolithische,26
neolithic,25
surface,25
bc,25
climatic,25
forms,25
flint,25
known,25
i,24
dates,24
small,24
sarching,24
mesolithikum,24
microlithic,24
both,24
between,24
one,23
excavation,23
e,23
age,23
urund,23
d,23
remains,23
forschungen,22
into,22
than,22
number,22
taute,22
made,22
associated,22
evidence,22
area,22
materialhefte,21
untersuchungen,21
federmessergruppen,21
most,21
antler,21
le,21
few,21
two,21
brandenburg,21
change,21
while,21
major,21
x,20
no,20
l,20
aktuelle,20
beitrage,20
present,20
where,20
dating,20
assigned,20
over,20
land,20
atlantic,19
there,19
investigations,19
urgeschichtliche,19
upper,19
r,19
part,19
eine,19
settlement,19
dem,19
identified,19
den,19
flake,19
very,19
organic,18
retouched,18
van,18
important,18
fundplatz,18
informationen,18
preboreal,18
distribution,18
still,18
ahrensburgian,18
close,18
large,17
all,17
eastern,17
human,17
since,17
recovered,17
characterized,17
probably,17
funde,16
last,16
date,16
phase,16
blades,16
bone,16
may,16
trapezoidal,16
university,16
raw,16
out,16
recently,16
gedenkschrift,16
calibration,16
backed,16
hearths,16
fruhgeschichte,16
see,16
einer,16
auf,16
analysis,16
valley,16
groups,15
they,15
edge,15
west,15
basin,15
international,15
data,15
horizon,15
t,15
excavated,15
en,15
results,15
wolfgang,15
chronology,15
already,15
interstadial,15
re,15
berlin,14
upland,14
bodendenkmalpflege,14
g,14
vom,14
show,14
typical,14
occupation,14
oder,14
near,14
older,14
ii,14
regional,14
published,14
cologne,14
preserved,14
lake,14
now,13
lkr,13
first,13
far,13
bad,13
had,13
faunal,13
clear,13
landkreis,13
absolute,13
information,13
place,13
tanged,13
field,13
f,13
v,13
described,13
cm,13
steinzeit,13
tion,12
kr,12
analyses,12
greenland,12
eifel,12
spuren,12
palaeolithic,12
federsee,12
tubingen,12
record,12
example,12
personal,12
shows,12
mesolithique,12
so,12
mainly,12
quaternary,12
middle,12
shown,12
trierer,12
specific,12
reichwalde,11
farther,11
zu,11
projectile,11
point,11
development,11
concentrations,11
journal,11
stuttgart,11
represented,11
sandy,11
changes,11
tools,11
gramsch,11
mitteleuropa,11
its,11
up,11
ice,11
many,11
end,11
trier,11
investigated,11
laacher,11
neuwied,11
period,11
features,11
earlier,11
species,11
earliest,11
particularly,11
form,11
mittelsteinzeitliche,11
km,11
o,10
friesack,10
localities,10
feature,10
con,10
east,10
spectrum,10
interest,10
saxony,10
festschrift,10
across,10
les,10
siidlichen,10
bandkeramischen,10
gesellschaft,10
pollen,10
line,10
used,10
cottbus,10
northwest,10
interpreted,10
generally,10
chronological,10
materials,10
hearth,10
steinzeitliche,10
areas,10
time,10
fragments,10
mittelgebirge,10
range,10
deposits,10
including,10
tardiglaciaire,10
axe,10
federmesser,10
seen,10
mecklenburg,10
dans,10
veroffentlichungen,10
here,10
investigation,10
particular,10
ldkr,10
pine,10
among,10
red,9
ma,9
scalene,9
nord,9
urgeschichte,9
taken,9
meters,9
mitteleuropas,9
together,9
archdologie,9
rich,9
hunting,9
grip,9
lignite,9
reindeer,9
boundary,9
einem,9
kontinuitat,9
coastal,9
mit,9
beitrdge,9
further,9
pleistocene,9
basis,9
bayern,9
neue,9
level,9
pottery,9
soil,9
yielded,9
landnahme,9
deer,9
situation,9
exception,9
specimens,9
deutschland,9
rottenburg,9
burghohle,9
less,9
open,9
discovered,9
three,9
ahrensburger,9
high,9
european,9
carried,9
different,9
suggests,9
layers,9
frage,9
fauna,9
smaller,9
should,9
beuronian,8
uplands,8
complex,8
use,8
history,8
tradition,8
colloque,8
survey,8
state,8
peuplement,8
possible,8
above,8
bogen,8
tillmann,8
basal,8
even,8
recognized,8
developments,8
river,8
mesolithischen,8
charcoal,8
nordlichen,8
well,8
moraine,8
least,8
suggest,8
event,8
long,8
geburtstag,8
led,8
located,8
interpretation,8
ancient,8
same,8
science,8
projects,8
trips,8
layer,8
spannen,8
station,8
lausitz,8
westlichen,8
archdologische,8
france,8
collections,8
types,8
stratigraphic,8
following,8
series,8
stadial,8
extension,8
unter,8
bernhard,8
friihgeschichte,8
subject,8
au,8
our,8
fundplatze,8
sediments,8
group,7
studies,7
might,7
uncovered,7
marine,7
context,7
invasively,7
dune,7
vol,7
sand,7
asymmetrical,7
fundstellen,7
back,7
spatpalaolithikum,7
siebenlinden,7
influence,7
mittelsteinzeit,7
main,7
proportion,7
after,7
contributions,7
tree,7
dietfurt,7
grounds,7
calendar,7
societe,7
concentration,7
glacial,7
neighboring,7
cannot,7
jahr,7
tool,7
work,7
good,7
prehistorique,7
archaeology,7
around,7
climate,7
landesmuseums,7
minor,7
various,7
classic,7
make,7
zentralmuseums,7
containing,7
prehistoire,7
ceramic,7
museums,7
fundberichte,7
rotenburg,7
fact,7
previously,7
wangels,7
low,7
comprehensive,7
dominated,7
special,7
mining,7
southwest,7
triangles,7
program,7
comment,7
must,7
peat,7
unknown,7
wehldorf,7
beginning,7
them,7
sauveterrian,7
contain,7
trees,7
niederlausitz,7
using,7
actes,7
retouch,7
potential,7
northwestern,7
occur,7
havelte,6
later,6
environmental,6
rhine,6
formed,6
before,6
themes,6
offa,6
sources,6
palynological,6
nature,6
bavaria,6
lst,6
dendrochronological,6
ern,6
jahrbuch,6
old,6
find,6
meiendorf,6
burial,6
steinzeitlicher,6
ah,6
congres,6
mensch,6
mesolithischer,6
could,6
freilandstation,6
cultural,6
simple,6
charred,6
blade,6
hamburgian,6
revealed,6
woodland,6
monogaphien,6
contains,6
below,6
oberen,6
production,6
barbed,6
will,6
single,6
altsteinzeit,6
locality,6
friedrich,6
vorbericht,6
local,6
hazel,6
upon,6
sequence,6
bonn,6
lie,6
preservation,6
provides,6
equivalent,6
sometimes,6
often,6
ing,6
domestic,6
u,6
cal,6
economy,6
lbk,6
lateralization,6
donau,6
until,6
lagerplatz,6
include,6
defined,6
much,6
showed,6
quartar,5
if,5
northeast,5
extends,5
stone,5
each,5
mittleren,5
position,5
vorgeschichte,5
being,5
fundstelle,5
concentrated,5
sub,5
detritus,5
eruption,5
typological,5
jahresmitteilungen,5
bladelets,5
hansjurgen,5
within,5
papers,5
case,5
recorded,5
hoguette,5
tubinger,5
southwestern,5
quality,5
characteristic,5
regarded,5
spatpalaolithischer,5
sudlichen,5
cases,5
erste,5
industries,5
his,5
landscape,5
ex,5
derived,5
study,5
moselle,5
numbers,5
impact,5
centrale,5
appear,5
result,5
prehistoric,5
based,5
cores,5
scatters,5
we,5
showing,5
mesolithikums,5
attributed,5
jager,5
kultur,5
stage,5
quite,5
brought,5
majority,5
world,5
activities,5
republic,5
technology,5
limburg,5
lowland,5
broad,5
larger,5
adjacent,5
model,5
landesmuseum,5
fieldwork,5
wood,5
naturhistorischen,5
demonstrated,5
private,5
discovery,5
korrespon,5
fed,5
largely,5
magdalenian,5
conditions,5
congress,5
derniers,5
netherlands,5
similar,5
publication,5
certain,5
would,5
latter,5
chasseurs,5
rosi,5
oak,5
steinartefakte,5
nurnberg,5
detail,5
extensive,5
dr,5
nordvorpommern,5
westphalian,5
current,5
report,5
clearly,5
gemeinde,5
whether,5
landesamt,5
almost,5
size,5
oberpfalz,5
through,5
quartzite,5
pre,5
struck,5
isolated,5
wild,5
rms,5
provided,5
oldest,5
comparison,5
archives,4
child,4
cover,4
common,4
estimated,4
medieval,4
extend,4
stellmoor,4
topics,4
federal,4
walker,4
mittelsteinzeitlicher,4
wolf,4
urgeschichtlichen,4
total,4
source,4
problem,4
available,4
great,4
inqua,4
skull,4
those,4
debut,4
somewhat,4
befunde,4
logisches,4
thus,4
koch,4
due,4
danube,4
archao,4
acta,4
kind,4
elements,4
oberflachenfundplatz,4
landkreises,4
pronounced,4
sigmaringen,4
cobbles,4
natur,4
sammlungen,4
square,4
paleoenvironnement,4
importance,4
population,4
cave,4
monuments,4
possibly,4
northeastern,4
mine,4
beyond,4
fiir,4
flakes,4
mo,4
whereas,4
juhnsdorf,4
artefact,4
zwischen,4
scale,4
ahrensburg,4
spree,4
kartstein,4
because,4
aspects,4
role,4
bassin,4
knowledge,4
increasingly,4
structures,4
friihmesolithische,4
nach,4
durch,4
away,4
systematic,4
southerly,4
project,4
vorund,4
tunnel,4
naturwissenschaftliche,4
supraregional,4
teil,4
freilandfundplatz,4
spatpalaolithische,4
distinguished,4
alluvial,4
latest,4
preliminary,4
periods,4
zwei,4
therefore,4
horizons,4
populations,4
indeed,4
kettig,4
limited,4
embayment,4
abrupt,4
yet,4
birch,4
ams,4
trb,4
memoires,4
uispp,4
largest,4
kulturen,4
septentrionale,4
paleobotanical,4
water,4
elbe,4
limit,4
modeles,4
occurrence,4
meuse,4
occupations,4
extended,4
question,4
ages,4
paris,4
centre,4
covered,4
karl,4
confrontation,4
niederbieber,4
mats,4
examples,4
neumunster,4
increase,4
alb,4
contacts,4
samples,4
erkelenz,4
previous,4
sequences,4
lakes,4
august,4
individual,4
sands,4
artificial,4
niedersachsen,4
italy,4
occupied,4
gen,4
depth,4
consists,4
irregular,4
continued,4
duvensee,4
hannover,4
bulletin,4
un,4
detailed,4
remaining,4
septembre,4
construction,4
when,4
sandstone,4
urstromtal,4
triassic,4
contained,4
jagd,4
changing,4
peoples,4
exogenous,4
extending,4
demonstrate,4
simply,4
beitrag,4
stadt,4
paper,4
etal,4
iii,4
past,4
type,4
musee,4
merely,4
catalogue,4
proceedings,4
spatial,4
map,4
gruppen,4
baltic,4
delle,4
influenced,4
untersuchung,4
emphasis,4
presented,4
nachrichten,4
refitted,4
biberach,4
formation,4
rockshelter,4
documentation,4
mittlere,4
sur,4
increased,4
archaeologica,4
freilandfundstelle,4
roe,4
regionaux,4
proposed,3
substrates,3
reunified,3
vor,3
along,3
historiques,3
represent,3
decades,3
extreme,3
episodes,3
celle,3
conversion,3
mittelund,3
tholocene,3
identify,3
ihre,3
nuts,3
di,3
decade,3
bark,3
vegetation,3
spatmesolithischen,3
disturbances,3
test,3
ahrenshoft,3
either,3
preceding,3
schloss,3
tierknochen,3
attempt,3
worked,3
youngest,3
henauhof,3
strip,3
oval,3
broken,3
origin,3
revisions,3
closer,3
hundred,3
take,3
wohnplatz,3
roasting,3
influences,3
denzblatt,3
grabung,3
octobre,3
zeitschrift,3
verlag,3
groupes,3
varved,3
immediate,3
activity,3
soils,3
neuer,3
sammler,3
fine,3
variations,3
correlation,3
heinsberg,3
weichselspatglazial,3
exist,3
repeatedly,3
includes,3
friesheim,3
sediment,3
september,3
ofnet,3
relatively,3
terberger,3
joris,3
application,3
conducted,3
expected,3
dis,3
transitional,3
brandenburgischen,3
overgrown,3
baruther,3
third,3
ergebnisse,3
swiss,3
biitzsee,3
armatures,3
corrected,3
unteren,3
spurk,3
coal,3
phases,3
poor,3
plotted,3
rather,3
reviews,3
developed,3
luxembourg,3
entre,3
summarized,3
organization,3
intensive,3
tagebau,3
quoted,3
geophysical,3
sachsen,3
mesolithis,3
four,3
follow,3
neckar,3
arboreal,3
syntheses,3
suggested,3
closely,3
chronologie,3
isosceles,3
spatpalaolithischen,3
fishing,3
events,3
zone,3
gottingen,3
preistoria,3
hinterland,3
paleoclimatic,3
fish,3
cretaceous,3
wide,3
val,3
contexts,3
rheinische,3
apparent,3
internationalen,3
seasonally,3
liege,3
seehandel,3
transported,3
vorpommern,3
closeau,3
gap,3
analysed,3
societes,3
working,3
alpina,3
del,3
mediterranean,3
wurttemberg,3
temporary,3
always,3
progress,3
patterns,3
value,3
triangular,3
society,3
wegberg,3
reduction,3
kozlowski,3
second,3
grob,3
neuwieder,3
summarize,3
oberfranken,3
economic,3
doctoral,3
short,3
synthesis,3
stratigraphy,3
uber,3
rheinlandes,3
besiedlung,3
indicates,3
studien,3
materialien,3
southeast,3
humaine,3
examined,3
continuity,3
today,3
homogeneous,3
informal,3
einige,3
reports,3
allows,3
wilhelma,3
rings,3
actually,3
siedlungsplatze,3
resolution,3
french,3
technique,3
renewed,3
deutsche,3
longer,3
lack,3
seasonality,3
lebenskultur,3
plan,3
sassnitz,3
koblenz,3
friihen,3
contemporary,3
discussed,3
procurement,3
outside,3
do,3
neolithique,3
forschungsbereich,3
ubergang,3
europeenne,3
another,3
meetings,3
subsistence,3
gisement,3
rheinland,3
locate,3
cba,3
haltern,3
monographien,3
waste,3
wasser,3
varve,3
rare,3
continue,3
hunted,3
rejected,3
elk,3
scandinavia,3
swabia,3
decorated,3
schutz,3
spread,3
curve,3
collected,3
black,3
ap,3
linearbandkeramik,3
systems,3
parallel,3
narrow,3
horse,3
burials,3
baales,3
meurers,3
suggestion,3
relationship,3
five,3
pieces,3
quarrying,3
contrast,3
referred,3
accepted,3
began,3
contribution,3
shells,3
similarities,3
miesenheim,3
fall,3
table,3
stratified,3
composed,3
exists,3
forest,3
regularly,3
ueurope,3
kromer,3
then,3
prahistorischen,3
peene,3
adaptation,3
grabungen,3
besiedlungsgeschichte,3
objects,3
sherds,3
plate,3
set,3
veranderungen,3
moosburg,3
bedburg,3
southernmost,3
aspekte,3
germania,3
reflected,3
berg,3
places,3
spatglaziale,3
riigen,3
scientifiques,3
basally,3
conference,3
atmospheric,3
belgium,3
spatglazialen,3
arguments,3
phenomenon,3
potsdam,3
altund,3
rothenklempenow,3
spring,3
hohler,3
cannstatt,3
initiated,3
decrease,3
national,3
parallels,3
approximately,3
dendrochronology,3
regular,3
col,3
off,3
ostallgau,3
mainz,3
kulturerbes,3
steinzeitlichen,3
correlate,3
asymmetry,3
maximum,3
given,3
zones,3
difficult,2
bedeutung,2
chen,2
siedlung,2
ausgrabung,2
currently,2
letzten,2
nordfriesland,2
frequent,2
fichtelgebirge,2
car,2
threatened,2
menschenreste,2
imported,2
gion,2
informa,2
survival,2
bellingen,2
per,2
harz,2
trations,2
center,2
needed,2
replaced,2
ullafelsen,2
hippophae,2
altensteig,2
units,2
true,2
eiszeitjager,2
easily,2
flows,2
drei,2
leben,2
tween,2
travertine,2
individually,2
regensburg,2
steeply,2
bereich,2
beispiel,2
treves,2
revision,2
john,2
fluctuations,2
jochim,2
sudwesten,2
moorprojekt,2
lundensia,2
specifically,2
archae,2
distinguishing,2
asl,2
cardial,2
processes,2
rapid,2
location,2
humans,2
actual,2
osteologische,2
seems,2
confirmed,2
possibilities,2
gerzensee,2
schleswig,2
exceptionally,2
accompanied,2
fruhmesolithischen,2
schweinfurt,2
potentially,2
maar,2
follows,2
dur,2
composition,2
hersbrucker,2
expansion,2
hands,2
persistence,2
ancien,2
situ,2
deriving,2
rockshelters,2
heating,2
ash,2
ad,2
debitage,2
british,2
occasional,2
excava,2
sieving,2
plain,2
linear,2
bezirk,2
mass,2
ackerbauern,2
mesh,2
isotopic,2
biostratigraphical,2
marked,2
ered,2
slight,2
bibliography,2
kurze,2
dutch,2
topical,2
surrounded,2
bosinski,2
breisig,2
resources,2
bottom,2
geomorphological,2
holstein,2
collection,2
behavior,2
exposed,2
raumes,2
oldenburg,2
otherwise,2
gruppe,2
lahn,2
goal,2
praehistoricae,2
appreciably,2
geowissenschaftliche,2
mouth,2
heinen,2
dotted,2
facts,2
agreement,2
drastic,2
inner,2
visited,2
artefakte,2
forschungsgemeinschaft,2
neuss,2
intact,2
sp,2
corals,2
belgica,2
burin,2
mitteleu,2
mastic,2
little,2
francaise,2
barrier,2
awl,2
hitherto,2
estimates,2
siti,2
drainage,2
distinct,2
jagdstation,2
concerning,2
highest,2
response,2
materi,2
young,2
served,2
radio,2
compared,2
tionen,2
left,2
bochingen,2
truly,2
publications,2
hahn,2
accelerator,2
equally,2
westliche,2
drawn,2
podsol,2
pos,2
aktuell,2
apparently,2
mittelsteinzeitlichen,2
traditions,2
umwelt,2
interna,2
impressions,2
error,2
ment,2
knochenspitzen,2
monchengladbacher,2
eines,2
interesting,2
weapon,2
town,2
reflects,2
verteilung,2
without,2
hartz,2
purely,2
cleaned,2
scrapers,2
ricerche,2
levels,2
eichstatt,2
process,2
biserial,2
russelsheim,2
mammals,2
blanks,2
reworked,2
criewen,2
parts,2
stratigraphical,2
datierung,2
fstnr,2
ostlichen,2
endmesolithikum,2
modern,2
redeposited,2
endinger,2
marks,2
gional,2
skeleton,2
foothills,2
signed,2
studia,2
fruhmesolithische,2
internationale,2
linked,2
meso,2
traces,2
ystad,2
situations,2
undated,2
commonly,2
exploited,2
resource,2
millennium,2
indications,2
spateiszeitliche,2
geoarchaologische,2
belgian,2
exploitation,2
spatmesolithikum,2
gebiet,2
dominant,2
liedberg,2
fundplatzes,2
cut,2
oblique,2
lesions,2
skelettreste,2
greater,2
ou,2
root,2
anthropogenic,2
fuhrer,2
questioned,2
uncovering,2
erosion,2
search,2
traditionally,2
cli,2
mapping,2
wildbeuter,2
dunes,2
suddeutschland,2
ocean,2
nordostdeutschland,2
monitoring,2
radiometric,2
autumn,2
base,2
deutscher,2
marginally,2
embedded,2
prospektion,2
understood,2
though,2
luneburg,2
buried,2
districts,2
produced,2
applied,2
erratic,2
wealth,2
hessen,2
tal,2
fjord,2
isotope,2
serially,2
alt,2
marie,2
char,2
gatherers,2
overlying,2
rocks,2
sug,2
reader,2
proportions,2
macrolithic,2
indigenous,2
wald,2
mitteilungen,2
description,2
intentionally,2
whole,2
year,2
overview,2
gave,2
island,2
europaischer,2
rand,2
bemerkungen,2
flubund,2
surrounding,2
rise,2
formations,2
ultimately,2
rastplatz,2
dresden,2
lithics,2
researchers,2
flughafengelande,2
swabian,2
gest,2
normally,2
giant,2
hard,2
straight,2
vorpommerns,2
schwabischen,2
teveren,2
hamelsee,2
nearest,2
intervals,2
fundplatzen,2
pike,2
leaves,2
altered,2
highly,2
floating,2
revealing,2
migrating,2
vation,2
depression,2
mi,2
jungsteinzeit,2
bavarian,2
allgau,2
st,2
katalog,2
cattle,2
sept,2
mittelfranken,2
alteren,2
poorly,2
oberschwaben,2
abri,2
prospecting,2
settle,2
geographical,2
lection,2
institut,2
moor,2
ical,2
proxy,2
implications,2
andernach,2
onset,2
absence,2
tribution,2
polished,2
calendric,2
ueckermunder,2
april,2
play,2
bis,2
stippling,2
stratigraphies,2
accumulations,2
naturund,2
gang,2
niederrhein,2
strategic,2
freistaat,2
westerly,2
mammal,2
once,2
baden,2
represents,2
cor,2
under,2
fifth,2
resultats,2
schelde,2
machurees,2
falls,2
um,2
subdivisions,2
mittelrhein,2
noted,2
spaten,2
people,2
volume,2
schwaben,2
fan,2
unterwasserarchaologie,2
gated,2
rochlitz,2
valid,2
again,2
ended,2
becken,2
beratzhausen,2
risultati,2
flat,2
food,2
inves,2
menschlichen,2
carbonized,2
sedimentation,2
investi,2
revue,2
latzig,2
naturhistorische,2
als,2
ried,2
surfaces,2
farming,2
groves,2
variation,2
drigge,2
pattern,2
man,2
spatglazials,2
meerfelder,2
channel,2
took,2
hand,2
uniserial,2
trunks,2
continuing,2
lauerbach,2
relevant,2
niers,2
analysen,2
kaiser,2
gocher,2
perhaps,2
jagerhaushohle,2
frequency,2
distance,2
dendrochronologies,2
hintersee,2
regionally,2
valleys,2
diameter,2
lahntal,2
federseegebiet,2
grouping,2
rhsnanie,2
classes,2
understanding,2
parently,2
collecting,2
feder,2
intimate,2
bandkeramik,2
deposit,2
merge,2
pfortener,2
kummerow,2
rottweil,2
friihneolithischen,2
complement,2
ermessergruppen,2
factor,2
allemagne,2
questions,2
evolution,2
activ,2
sible,2
fluviatile,2
office,2
specimen,2
rentierjager,2
bockstein,2
nauen,2
steering,2
tional,2
damage,2
fruhmesolithikums,2
altliebel,2
lished,2
times,2
collaboration,2
geographically,2
general,2
plant,2
landschaft,2
obtained,2
stages,2
retouche,2
martin,2
repeated,2
ture,2
gravel,2
alpine,2
dona,2
respectively,2
bokelmann,2
pro,2
nei,2
altmiihltal,2
amber,2
hunters,2
sattenbeuren,2
preand,2
slightly,2
workshop,2
ago,2
viecheln,2
chert,2
animals,2
brown,2
epipaleolithique,2
oxford,2
modification,2
characteristics,2
altsteinzeitliche,2
perspectives,2
provide,2
abristation,2
movements,2
ecological,2
tech,2
uckermark,2
lines,2
order,2
palaolithikum,2
means,2
who,2
directions,2
kleinlieskow,2
neuburg,2
universitat,2
recognize,2
rapidly,2
covering,2
figurine,2
diagnostic,2
existed,2
rosenhof,2
schriften,2
siedlungsplatzen,2
neufunde,2
itself,2
examine,2
unusual,2
investigate,2
lago,2
thick,2
considered,2
addressed,2
differentiated,2
ausbreitung,2
hartmannsdorf,2
prehistory,2
narrower,2
comes,2
notae,2
jagdokonomie,2
lubke,2
flora,2
eraul,2
kunde,2
offered,2
rhein,2
terrestrial,2
moorfundplatz,2
lowing,2
korre,2
natural,2
postglacial,2
loamy,2
excavator,2
recommenced,2
sondierungen,2
cultures,2
spec,2
concen,2
hohen,2
best,2
down,2
mesolitici,2
volcano,2
lydite,2
basins,2
cooling,2
exceptional,2
besiedlungsspuren,2
rekonstruktion,2
geschichte,2
bones,2
pub,2
closest,2
pour,2
just,2
believed,2
schwabedissen,2
schweizerischen,2
entwicklung,2
drop,2
archaologischen,2
butzsee,2
unique,2
volcanic,2
migratory,2
degree,2
plants,2
character,2
beiheft,2
saalian,2
covers,2
austrian,2
seasonal,2
endingen,2
leaving,2
directly,2
extent,2
surveying,2
fully,2
archeologique,2
muschelkalk,2
bonner,2
venatoria,2
replacement,2
urban,2
archaeometry,2
tephra,2
interstadials,2
friihmesolithikum,2
stralsund,2
entire,2
recognition,2
pits,2
tri,2
despite,2
courses,2
became,2
cooperation,2
lies,2
invasive,2
underwater,2
aspect,2
weitsche,2
moderate,2
models,2
goslar,2
bodu,2
locations,2
dif,2
observed,2
paleolithique,2
herds,2
sud,2
course,2
trichterbecherkultur,2
environnement,2
hunter,2
terstadial,2
states,2
arti,2
variously,2
effects,2
piece,2
summary,2
supported,2
kongreb,2
carbon,2
ddr,2
jahrbucher,2
klein,2
fol,2
interdisciplinary,2
letzte,2
zweite,2
temperatures,2
parisien,2
limnic,2
endangered,2
matic,2
immediately,2
southeastern,2
friihe,2
assem,2
praehistorica,2
heterogeneous,2
horizont,1
sanddunen,1
berliner,1
malxeniederung,1
kilo,1
ars,1
autochthone,1
handicapped,1
survived,1
proba,1
norden,1
conard,1
flpipaleolithique,1
wahlen,1
auerberg,1
hiilser,1
lation,1
fassa,1
rohstoffgewinnung,1
oriented,1
brunnen,1
limits,1
trast,1
calibrated,1
altesten,1
polish,1
adriatic,1
menschlicher,1
multiple,1
korschenbroich,1
stylistic,1
synchroneity,1
cent,1
komisij,1
holozane,1
linken,1
friihholozanen,1
neuwerker,1
till,1
former,1
animale,1
functional,1
ready,1
universite,1
pale,1
archdologischen,1
unretuschierten,1
resulted,1
oldenburger,1
wissenschaften,1
implies,1
assembles,1
anthropogene,1
grabenniederung,1
federseege,1
diversitat,1
krefeld,1
succession,1
introduction,1
gem,1
konchylienfunden,1
bayerischen,1
obliquely,1
denmark,1
unevenly,1
suprare,1
ostseegebiet,1
nental,1
montclusian,1
weserbergland,1
settlements,1
larly,1
shoreline,1
maas,1
partially,1
pldtze,1
systematically,1
incorporated,1
ginning,1
neandertaler,1
archaozoologie,1
conserved,1
erkelenzer,1
essays,1
oberkail,1
gravierter,1
spears,1
pines,1
friedhof,1
informative,1
sch,1
exotische,1
technologische,1
summaries,1
rounded,1
peaks,1
stidlichen,1
centration,1
completely,1
sudden,1
microburins,1
archeologiczej,1
protohistoric,1
additionally,1
rediscovered,1
museumshefte,1
methodologique,1
compilation,1
subsis,1
geissler,1
reforested,1
geschichdicher,1
diffuse,1
loca,1
jungeren,1
refutes,1
friesland,1
neues,1
backs,1
dorf,1
geometric,1
ostseeforschung,1
equated,1
kendel,1
tifacts,1
necessarily,1
occurred,1
stan,1
oxbow,1
friihmesolithikums,1
rockshel,1
modifi,1
quellenschriften,1
ae,1
naturwissenschaftliches,1
lietzow,1
exceptions,1
sondage,1
oberzenn,1
trict,1
meltwater,1
bend,1
lowlands,1
riod,1
thematic,1
prefer,1
moravia,1
variety,1
streit,1
corresponding,1
tigations,1
acknowl,1
recog,1
arbeitskreis,1
salvage,1
bissingen,1
insel,1
ottenhausen,1
global,1
northward,1
fires,1
cutting,1
predominantly,1
accumulation,1
thuringia,1
stolp,1
synonymous,1
sit,1
rast,1
ouest,1
archaeologists,1
bopladser,1
deter,1
ktiste,1
humanoria,1
ditions,1
genthin,1
subsume,1
hence,1
lignes,1
every,1
auelehmen,1
swedish,1
submarine,1
silexbearbeitung,1
grundwasserspiegelstande,1
bly,1
valle,1
bautzen,1
press,1
retuschierten,1
seabirds,1
nachbarn,1
interests,1
derives,1
exclusive,1
concerned,1
friihneoli,1
possibili,1
wohnen,1
fund,1
attempts,1
exhibition,1
raphy,1
contrasted,1
address,1
asso,1
thikums,1
season,1
gemeinden,1
kon,1
boden,1
xxiiie,1
permanently,1
kiistenwohnplatze,1
randowbruch,1
southeasterly,1
switzerland,1
editions,1
xhe,1
did,1
definition,1
refurbishing,1
loire,1
kenntnis,1
cial,1
liidersdorf,1
attractive,1
flowers,1
reexamined,1
lagorai,1
associa,1
packed,1
twenty,1
secondary,1
forschun,1
broadly,1
fiihrer,1
konigshoven,1
coversands,1
gonnersdorf,1
preser,1
microlith,1
raumliche,1
display,1
farmers,1
timing,1
applica,1
producing,1
hunsriick,1
assembled,1
dominantly,1
klinger,1
bratlund,1
walddorf,1
xiii,1
datelist,1
thematically,1
reveal,1
nordschwarzwalds,1
della,1
ostholstein,1
monograph,1
borers,1
promontory,1
ucker,1
regu,1
assays,1
feuersteingerate,1
bog,1
alfeld,1
kleinsaugerfauna,1
subsequent,1
wickrath,1
inland,1
setting,1
ubersicht,1
intercepted,1
wingertsberg,1
mittelsteinzeitliches,1
tablished,1
paddles,1
ruckenpanzer,1
alteste,1
greatly,1
ardennes,1
precisely,1
weiteren,1
political,1
belgique,1
nal,1
activi,1
conventional,1
utscheid,1
ous,1
surveys,1
sachsische,1
bestattung,1
afforestation,1
tiated,1
brohl,1
insti,1
krhavelland,1
elevation,1
defining,1
sildtirol,1
tinue,1
system,1
cracow,1
problematical,1
fouille,1
erosional,1
garenfeld,1
issue,1
miinsterland,1
est,1
strictly,1
freiburger,1
kern,1
kystens,1
gnawing,1
existence,1
accuracy,1
harris,1
rolls,1
bucht,1
unmixed,1
biologie,1
spatweichselzeitlichen,1
geochemical,1
key,1
albeit,1
zossen,1
arbeitsberichte,1
mittelbis,1
bodenseeraum,1
westeuropa,1
recov,1
primary,1
spruce,1
bases,1
iv,1
dunen,1
nology,1
proxies,1
agriculture,1
practices,1
cated,1
imately,1
reanalysis,1
ixe,1
alluvium,1
ostseekuste,1
account,1
inverse,1
quantities,1
discrepancies,1
hiittingen,1
itselt,1
ingolstadt,1
nordic,1
schlob,1
fl,1
approx,1
neckars,1
conserving,1
securely,1
pumice,1
linksfliigler,1
fruhbauerliche,1
fundhorizont,1
weitgehend,1
moorland,1
sieved,1
gonnersdorfer,1
etc,1
petersfels,1
functions,1
differen,1
huttengrundrissen,1
hiatus,1
hammaburg,1
weissbach,1
obvious,1
fractures,1
maximally,1
ubergangsbereich,1
chemnitz,1
occurring,1
taking,1
mental,1
combination,1
sporadically,1
rela,1
palaolithikums,1
inventar,1
fotschertal,1
burins,1
helinium,1
laws,1
synchronize,1
dynamic,1
terwasserarchaologie,1
technocomplex,1
totally,1
edible,1
laurentide,1
memoire,1
annales,1
eroded,1
shorelines,1
tahiti,1
undergone,1
siedlungsplatz,1
cere,1
dwellings,1
figurenfragmente,1
widerhakenspitzen,1
fades,1
internationally,1
ologici,1
palaeoecological,1
sign,1
altitudes,1
punches,1
visits,1
singled,1
stadtischen,1
schlagplatz,1
density,1
framework,1
mid,1
li,1
friihzum,1
freilandsta,1
freilandstratigraphie,1
deserving,1
accessible,1
throughout,1
lections,1
unpublished,1
forschungsberichte,1
comments,1
einreihige,1
review,1
erdegeschichte,1
stielspitze,1
pelbe,1
bodenkundlichen,1
klingenproduktion,1
que,1
relationships,1
angles,1
untersuchun,1
straubing,1
hommage,1
pied,1
balke,1
component,1
difficulties,1
bison,1
mm,1
purpose,1
biber,1
haselnublage,1
depressions,1
consumed,1
tex,1
minstedt,1
herbs,1
resembling,1
against,1
permitted,1
numer,1
grevesmuhlen,1
platzen,1
olaf,1
hemi,1
saugetiere,1
uepipaleolithique,1
terraces,1
fuel,1
ignimbrite,1
lectures,1
adornment,1
reflection,1
ability,1
raises,1
mined,1
wissenschaftliche,1
fischerei,1
leaf,1
aber,1
dietesheim,1
creased,1
bestimmung,1
ference,1
itt,1
shoul,1
lan,1
employing,1
litt,1
century,1
neolithikum,1
resin,1
calw,1
eurasien,1
z,1
held,1
ai,1
bioturbation,1
altmesolithischen,1
erhaltungsmoglichkeiten,1
santo,1
untersuchungsstand,1
eign,1
trebeltal,1
tagebaus,1
nor,1
items,1
ober,1
destroyed,1
uberlegungen,1
stielspitzen,1
underlying,1
gottinger,1
evident,1
tribsees,1
ceramics,1
oberbillig,1
stabilized,1
depend,1
refer,1
schwarzwaldrand,1
tuniversite,1
pektion,1
amount,1
maxi,1
deed,1
nellttalia,1
paleozoological,1
channels,1
einzelfunden,1
durant,1
inclusion,1
quellenkritik,1
allowing,1
groningen,1
mesolithques,1
intepreted,1
blunted,1
engen,1
ideal,1
luchow,1
denkmdler,1
compare,1
havelland,1
modele,1
tral,1
marn,1
bruch,1
bronk,1
lublin,1
kaczanowska,1
unresolved,1
slightest,1
blaubeuren,1
look,1
nouveau,1
preserving,1
werden,1
practically,1
refugia,1
boom,1
flachland,1
schwandort,1
propositions,1
konzentration,1
saarland,1
about,1
discovering,1
occasion,1
generation,1
karlsruhe,1
tained,1
kustenbesiedlung,1
forschungs,1
rosellen,1
buch,1
luxembourgeoise,1
undisputed,1
confluence,1
flub,1
anfange,1
spateiszeitlichen,1
stratotype,1
hegau,1
undisturbed,1
higher,1
opium,1
dendrochronologically,1
divergence,1
corded,1
offices,1
reappeared,1
buddelin,1
ohne,1
pendant,1
denkmdlern,1
bull,1
slasku,1
played,1
air,1
meiendort,1
orientale,1
mak,1
operations,1
sociated,1
spatpleistozaner,1
berglandmesolithikum,1
desmuseums,1
camp,1
links,1
growth,1
variable,1
scalenes,1
cavations,1
ence,1
sektion,1
centered,1
graf,1
remain,1
beriicksichtigung,1
untold,1
mikrolithspektrum,1
breadth,1
museum,1
basic,1
posits,1
thou,1
na,1
merkmals,1
komornicka,1
approche,1
westphalia,1
grote,1
bles,1
presentation,1
constance,1
cently,1
subdivision,1
mean,1
wohnplatzes,1
tufa,1
arbeitsbericht,1
environments,1
nahe,1
alterholozane,1
atyp,1
archiv,1
contour,1
determining,1
vanuatu,1
grabungskampagne,1
lithisches,1
porcellaneous,1
progressive,1
groove,1
se,1
hessian,1
direct,1
plots,1
werkzeuge,1
fruhholozanen,1
hillock,1
fluvial,1
lacking,1
ambienti,1
immigrating,1
spatmesolithisches,1
wasserburg,1
lay,1
diminishes,1
uncertainties,1
strate,1
tence,1
factors,1
muhlheim,1
rentierjagerlager,1
sauveterrien,1
pollenanalytische,1
gathering,1
wymer,1
biet,1
lacustrine,1
boreas,1
clay,1
warnemunde,1
asymmet,1
eriksen,1
modified,1
rising,1
nordvor,1
category,1
jiirgen,1
park,1
westdeutschen,1
occu,1
richten,1
honored,1
appar,1
trieved,1
rib,1
rugens,1
gravels,1
goch,1
stadtgeschichte,1
statistical,1
established,1
arbeit,1
muld,1
struiertmitjahrringen,1
chungen,1
slowly,1
landfundplatz,1
acculturated,1
eiszeitalters,1
hypothe,1
pinneberg,1
krakowie,1
sum,1
erftaue,1
dominate,1
placed,1
tims,1
rieder,1
gradually,1
atlantikums,1
millennaires,1
rippenmesser,1
bronkhorst,1
instrument,1
weak,1
kul,1
too,1
frag,1
solid,1
ahrensbur,1
radiometrische,1
democratic,1
ask,1
commented,1
shorter,1
rastplatzen,1
submerged,1
fontes,1
miinster,1
explicable,1
mitteilungsblatt,1
malaurie,1
preen,1
patterning,1
verkohlte,1
gebaggert,1
fels,1
tionale,1
ackerbau,1
insfriihe,1
plenum,1
answers,1
essinger,1
protohistory,1
rekindled,1
funktionsinterpretationen,1
dug,1
fundschichten,1
cavate,1
view,1
mainland,1
awaited,1
gegrabenen,1
veil,1
matching,1
yielding,1
paddle,1
fundschicht,1
advance,1
azilian,1
whom,1
ostseegeschichte,1
rical,1
silted,1
heimatblatter,1
coral,1
endmesolithikums,1
nouveaux,1
societies,1
tem,1
unaccompanied,1
forma,1
verchen,1
begun,1
ology,1
access,1
gerollfunde,1
lausitzer,1
grabow,1
painstaking,1
relating,1
waldmann,1
azilianization,1
reponse,1
relation,1
altfriesack,1
deglaciation,1
sedentary,1
domstrabe,1
italian,1
peresplino,1
relate,1
centrally,1
gietz,1
eu,1
ueddinger,1
neolithikums,1
cation,1
greb,1
percentages,1
initial,1
interpretations,1
illertal,1
microb,1
subboreal,1
inter,1
dredger,1
lent,1
run,1
bution,1
accurately,1
akademie,1
endin,1
hohenheim,1
fourth,1
occupying,1
correction,1
ersten,1
bocksteinhohle,1
hamburger,1
ausgrabun,1
traced,1
profited,1
nel,1
war,1
stock,1
induced,1
mate,1
siidwest,1
freilandfundstellen,1
kieselbach,1
sharpened,1
afforded,1
appears,1
feuer,1
kunst,1
nodular,1
allerod,1
analogous,1
excellent,1
friiher,1
archdologisches,1
lenses,1
spatglazial,1
gotland,1
barbs,1
ijooo,1
hypothetical,1
repercussions,1
cahiers,1
birthday,1
gemarkung,1
stiden,1
dwelling,1
approached,1
baume,1
dwellers,1
granite,1
stichbandkeramik,1
shortlived,1
method,1
reex,1
structure,1
palynologische,1
krufter,1
package,1
kaulich,1
eliminate,1
romisch,1
briefly,1
ther,1
endeiszeitliche,1
attaches,1
watershed,1
bouring,1
devolution,1
arora,1
institutes,1
nition,1
having,1
participation,1
stoneworking,1
network,1
trial,1
sudwestdeutschland,1
stationen,1
anthropologie,1
distinguish,1
future,1
adaptations,1
degrees,1
y,1
mapped,1
leakage,1
minute,1
stid,1
dog,1
zoomorphic,1
publish,1
oxygen,1
porary,1
sharpening,1
ward,1
steep,1
industrial,1
ite,1
pasewalk,1
intends,1
carry,1
stor,1
merkt,1
geschliffene,1
forchheim,1
stellung,1
hainichen,1
mented,1
diskussionsbeitrag,1
anthropolog,1
prominent,1
leolithic,1
protohistoire,1
ahrweiler,1
selbstverlag,1
drew,1
cleaning,1
tributary,1
alogue,1
thuringian,1
brandenburgisches,1
wernsdorf,1
sistence,1
overlay,1
confined,1
cob,1
domi,1
thoughts,1
cosmochimica,1
criticized,1
ten,1
freiland,1
geology,1
makers,1
parameters,1
ortsfremden,1
mho,1
literature,1
nu,1
ereignisses,1
gies,1
diffusion,1
kochstr,1
exclusively,1
postulated,1
adap,1
demonstrates,1
saugetierkundliche,1
ropa,1
beginnings,1
records,1
piottino,1
truncated,1
spdtpaldolithikum,1
rietberg,1
saubach,1
thuringen,1
winter,1
focussed,1
rheims,1
uncritically,1
circulation,1
documented,1
adaptiveness,1
reflect,1
gions,1
schleidweiler,1
kaldenkirchen,1
cat,1
schliebungsgebiet,1
reste,1
carapace,1
angelhaken,1
tundrenzeit,1
adendort,1
ter,1
tigated,1
conform,1
hohlenstein,1
neuruppin,1
nienhagen,1
relative,1
trends,1
approach,1
origi,1
ladelets,1
ren,1
synchroniza,1
nachrichtenblatt,1
depositional,1
ciations,1
klingenmethode,1
occa,1
exemplary,1
social,1
responses,1
schweiklberg,1
optimal,1
schachtgrab,1
ducted,1
zentralmuseum,1
correct,1
cziesla,1
mately,1
responsibility,1
cold,1
chronostratigraphy,1
frankische,1
revolution,1
stapelager,1
palatinate,1
happurg,1
untersuchungsergeb,1
kuhner,1
outwash,1
vorfeld,1
trie,1
norf,1
tiibingen,1
offenbach,1
emphasizes,1
pond,1
niedersachsens,1
involved,1
hemisphere,1
kurzzeitigen,1
lob,1
sufficient,1
mains,1
fahrrinne,1
june,1
vallse,1
dinate,1
birkenrindenbehalter,1
bridge,1
archaopalynologische,1
industry,1
tation,1
endpalaolithikum,1
paldolithikum,1
hombroich,1
weapons,1
hartmanns,1
unimodal,1
mixing,1
seeds,1
methodological,1
frdnkische,1
division,1
temps,1
managed,1
voke,1
annual,1
noone,1
visible,1
tracks,1
siiden,1
uniform,1
seminarbeitrdge,1
dependent,1
appreciable,1
nettle,1
ropas,1
commemorative,1
plattform,1
pa,1
braunkohlenrevier,1
ornamented,1
correspondence,1
franconia,1
urbar,1
crolithic,1
altogether,1
depths,1
uberpriifung,1
perature,1
nordende,1
newly,1
cutmarked,1
teilungen,1
landschaftsveranderungen,1
millotte,1
niederen,1
koenigshoven,1
valuable,1
artifi,1
massive,1
apercu,1
impor,1
promising,1
rodt,1
sieben,1
casts,1
uferrandplatz,1
vorgeschichtliche,1
recommences,1
occasions,1
subsequently,1
verzierte,1
bernsteinbar,1
diinenlandschaft,1
aziliens,1
queis,1
gdr,1
spatglazialer,1
highlights,1
he,1
roasted,1
watercourses,1
quarry,1
merous,1
noteworthy,1
devel,1
mehrfach,1
hannoversch,1
coalfield,1
reduced,1
fundkomplex,1
jungneolithische,1
transverse,1
rund,1
visually,1
semiprecious,1
verchow,1
landesamtfur,1
tench,1
birmingham,1
catchment,1
wichtiger,1
impacts,1
gracile,1
runoff,1
britain,1
indicative,1
trass,1
schmidt,1
endmeolithischen,1
freudenstadt,1
dard,1
feuereinwirkung,1
preliminaire,1
revival,1
overall,1
surprisingly,1
spondenzblatt,1
linden,1
ovegetation,1
holzern,1
fu,1
corporation,1
palynostratig,1
macrofaunal,1
edges,1
charlottenburg,1
wetland,1
praborealzeitlicher,1
female,1
ettlingen,1
nisse,1
fluvi,1
appearance,1
abris,1
fundmaterial,1
wommersom,1
friihgeschichtliche,1
occurence,1
converted,1
temper,1
elster,1
reconstruction,1
sekundarbestattungen,1
expanded,1
surviving,1
interactions,1
akademia,1
herzen,1
sumpfschildkrote,1
neubrandenburger,1
standing,1
tiibinger,1
capercaillie,1
outer,1
logical,1
kopfbestat,1
dle,1
oberkassel,1
raum,1
surveyed,1
ware,1
tends,1
direction,1
archeologiczne,1
com,1
selection,1
braided,1
gerfried,1
kleve,1
kolner,1
kirtorf,1
vie,1
vicinity,1
furthmuhle,1
flachlandes,1
petermanns,1
juxtaposition,1
channelling,1
blattspitzenfundstelle,1
eral,1
synchronous,1
accumulate,1
tenvironnement,1
indus,1
criticism,1
ronnement,1
edited,1
sciences,1
housing,1
griindung,1
reference,1
wetlands,1
opportunities,1
diffsrentielle,1
neufund,1
unattractive,1
york,1
pling,1
database,1
thought,1
lso,1
dernaturhis,1
werkplatz,1
financial,1
arbeitsund,1
ring,1
gebieten,1
lagerplatzdynamik,1
ning,1
repair,1
limitrophes,1
inventaren,1
eiszeitalter,1
restricted,1
hamburg,1
paleontological,1
oberflachenfund,1
us,1
termination,1
neither,1
wissenschaftlichen,1
perceived,1
provisional,1
stip,1
compiled,1
wooden,1
epigravettian,1
une,1
hiilstener,1
infrastructure,1
publishing,1
tierfahrten,1
coincy,1
montbani,1
belegter,1
lamps,1
tungen,1
intercepting,1
refine,1
sharply,1
iiber,1
sachsischen,1
ethnographic,1
nw,1
tortoise,1
arbeitsstelle,1
knapped,1
romande,1
prace,1
essai,1
mittel,1
jungpalaolithikum,1
department,1
unusually,1
dispute,1
begins,1
alten,1
gram,1
crolith,1
sonke,1
weltenburger,1
snow,1
siidwestdeutschen,1
exit,1
unifying,1
stones,1
ev,1
typo,1
picture,1
skeletons,1
double,1
mururoa,1
atilis,1
leinebergland,1
aux,1
sis,1
fire,1
stormarn,1
name,1
ornamentierte,1
megaloceros,1
segments,1
temporarily,1
bausteine,1
fube,1
zeitliche,1
danubian,1
ley,1
alleviated,1
mark,1
undetermined,1
turen,1
affinities,1
others,1
sudlich,1
schwarzen,1
pointed,1
semicircular,1
verse,1
stray,1
knochengerat,1
cortex,1
pleniglacial,1
denkmalern,1
wallensteingraben,1
experienced,1
clausen,1
rentierjagd,1
missing,1
amined,1
analytical,1
steinartefakten,1
reveals,1
efforts,1
peared,1
heinersbruck,1
spatpleistozanen,1
trapezzelt,1
cultivated,1
weinberg,1
marker,1
husum,1
consideration,1
hollow,1
treatment,1
preserve,1
reunification,1
fundamental,1
underestimated,1
figuration,1
palaolithischer,1
instability,1
advantage,1
proposal,1
rial,1
milestone,1
kopfbestattungen,1
documents,1
ficial,1
relict,1
lohr,1
disturbed,1
landschaftsund,1
enable,1
grave,1
vordrin,1
lippe,1
typologies,1
crescents,1
never,1
trum,1
pbo,1
demonstrating,1
quelques,1
jahresbericht,1
buse,1
identical,1
appropriately,1
sont,1
mixed,1
fashion,1
succeeding,1
schichten,1
munster,1
niederlausitzer,1
operationskette,1
reasons,1
frangaise,1
baggerfunde,1
inedit,1
brauer,1
splinter,1
polska,1
clemens,1
bearbeitung,1
weyertal,1
porphyritic,1
ground,1
wanderungen,1
remarkable,1
bauer,1
nf,1
advising,1
drukkerij,1
bunter,1
miches,1
road,1
tertiary,1
derivation,1
formenkunde,1
niirnberg,1
motorways,1
mediterraneennes,1
alhefte,1
existing,1
hohlenfund,1
coarse,1
presupposes,1
establish,1
saarburg,1
ach,1
calibra,1
steine,1
renaissance,1
michael,1
strategies,1
surveillance,1
schrift,1
necessary,1
excep,1
sionally,1
quedlinburg,1
mesolithischem,1
deep,1
grefrath,1
mospheric,1
narrative,1
crouched,1
siidwestteil,1
controversy,1
cul,1
jj,1
veroffentli,1
commercial,1
conceivably,1
talaue,1
palaeohydrology,1
encountered,1
jungsteinzeitlichen,1
deficit,1
wasserlocher,1
day,1
klimageschichte,1
tory,1
rohmaterialnutzung,1
multidisciplinary,1
meandering,1
environs,1
responded,1
interpreting,1
subor,1
faunistischen,1
herbivores,1
able,1
nordschwarzwald,1
klimaokologische,1
verlagshaus,1
entirety,1
aggregation,1
riesenhirschschadel,1
lasting,1
diverse,1
kitagawa,1
skelett,1
azilien,1
foraminifera,1
discussion,1
entwicklungsformen,1
dered,1
background,1
treated,1
begraben,1
cryogenic,1
conservation,1
accompanying,1
insulation,1
chronologies,1
values,1
torway,1
hainholz,1
kallenhardt,1
drills,1
flugsanddecken,1
critically,1
liibke,1
manufactured,1
mosel,1
caprines,1
rhin,1
identification,1
medium,1
schriftenreihe,1
oscillation,1
kalis,1
prussia,1
magdalenien,1
compacted,1
heath,1
envi,1
walsertal,1
secondarily,1
neigh,1
hypotheses,1
october,1
residues,1
rivers,1
posnanienses,1
absoluten,1
oberbayern,1
jung,1
aside,1
schaftungspech,1
net,1
lows,1
ethnic,1
assign,1
recovery,1
real,1
cooked,1
besonderer,1
nothing,1
nordwesteuropdischen,1
einen,1
full,1
motorway,1
asymmetri,1
dime,1
bearbeitungstechnik,1
shortly,1
complicated,1
theories,1
necessitated,1
unbekannte,1
flubtalern,1
mei,1
magdalsniens,1
ties,1
deutschen,1
sev,1
significance,1
ventral,1
kulturlandschaft,1
oberp,1
equates,1
civilisazions,1
historic,1
alpen,1
tlpipauolithique,1
emphasizing,1
authors,1
ufactured,1
muhlberggrotte,1
honor,1
mittelalterliche,1
bracket,1
essay,1
bober,1
commonest,1
co,1
unterwasser,1
counter,1
erseegebiet,1
beobachtungen,1
deb,1
percussion,1
divisions,1
bestattungen,1
boreals,1
like,1
somme,1
revised,1
uo,1
burow,1
scraper,1
fundhorizonte,1
function,1
summer,1
skulls,1
risen,1
beetles,1
spectra,1
kleinen,1
serves,1
distinction,1
drilling,1
maximize,1
steinartefakteninventare,1
siedlungsareal,1
filled,1
gory,1
kyll,1
proximity,1
probable,1
ecology,1
frtihmesolithische,1
misunderstanding,1
azilians,1
abundant,1
thomas,1
blage,1
kulturhistorischen,1
exchange,1
woodworking,1
erich,1
tionship,1
hatching,1
paleo,1
favored,1
lande,1
especially,1
funktionaler,1
problems,1
akkumulation,1
nederlandse,1
hulserberg,1
knochenfunde,1
westfalen,1
macroscopic,1
fied,1
friihholozane,1
methods,1
occupa,1
edged,1
sense,1
juhnsdorfer,1
spreads,1
become,1
stein,1
erated,1
references,1
contact,1
dense,1
spectrometric,1
phological,1
hi,1
enjoyed,1
equus,1
dynamik,1
carte,1
pressath,1
landnutzung,1
siedlungsstellen,1
acculturation,1
thuisbrunn,1
vide,1
neandertal,1
duvenstedt,1
holsteinischen,1
abruptly,1
erft,1
forst,1
hitzeeinwirkung,1
leupoldsdorf,1
oscillations,1
interim,1
herding,1
tendency,1
synchronizing,1
destruction,1
abschliebenden,1
felsschutzdachern,1
ltichow,1
atlas,1
balkans,1
stratigraphie,1
bolus,1
anatolia,1
selspatglazial,1
reservat,1
gera,1
preliminari,1
attention,1
steingerate,1
concluded,1
widely,1
gedenk,1
druckund,1
attended,1
cereals,1
rugen,1
nassenfels,1
grandes,1
rarity,1
kreises,1
transi,1
solar,1
disused,1
rabenstein,1
schussenquelle,1
sudniedersachsische,1
rechtsflugler,1
microand,1
cereal,1
pritzerbe,1
yr,1
floats,1
lo,1
ity,1
quence,1
hochglazial,1
imply,1
slender,1
hefte,1
trench,1
schweriner,1
temperung,1
neanderthal,1
diagrams,1
erhaltung,1
umweltverhaltnisse,1
intrasite,1
tentative,1
maglemosian,1
sudbaden,1
molluskenschalen,1
wasserlagerplatze,1
chronologique,1
sealed,1
tensive,1
uecker,1
mixture,1
weich,1
schlichow,1
espiritu,1
bulk,1
uberraschungen,1
usually,1
meche,1
utc,1
strien,1
michelsberg,1
provisionally,1
complete,1
idence,1
voisines,1
suggestive,1
suspected,1
arkoeologi,1
hill,1
superimposed,1
arrow,1
pe,1
begin,1
amt,1
ltuer,1
territoires,1
fruhjahrspros,1
honour,1
vertical,1
definitiv,1
tiefe,1
circu,1
resumed,1
schellnecker,1
primarily,1
decadally,1
burr,1
alterskalibration,1
ping,1
lost,1
siidwestdeutschland,1
stadtrand,1
waldes,1
translation,1
progressively,1
archaeologi,1
diversity,1
itage,1
cher,1
kennzeichnende,1
fruhgeschichtlicher,1
geographische,1
twigs,1
millennia,1
visual,1
federmesserfundplatz,1
grinding,1
suchungen,1
ch,1
whereby,1
deals,1
indicate,1
length,1
gegenwart,1
pected,1
linking,1
volumes,1
mmf,1
ansatze,1
palaolithische,1
es,1
inspired,1
responsible,1
kill,1
suburb,1
suction,1
paeolitico,1
surprising,1
nieder,1
dead,1
metatarsus,1
mother,1
investiga,1
fields,1
suisse,1
tial,1
strategically,1
face,1
neumiinster,1
meets,1
landkreisen,1
problematic,1
kommentar,1
stellen,1
resemble,1
ities,1
grobgerate,1
seat,1
ventrally,1
ambre,1
bodensee,1
hattenhofen,1
materialy,1
classification,1
teverener,1
gefordert,1
ships,1
lochschlaghohle,1
pres,1
anthropological,1
nabburger,1
environment,1
uru,1
microdebitage,1
angrenzenden,1
petershohle,1
rarely,1
feine,1
understorey,1
industriegebiet,1
cultivars,1
paired,1
zirkumbaltischen,1
mertens,1
tendential,1
endpalaolithische,1
biostratigraphic,1
carnivores,1
jahresmit,1
coreand,1
encampment,1
lias,1
derfruhen,1
komornica,1
hunsruck,1
jacent,1
oberflachenfundplatze,1
locally,1
ronde,1
unbroken,1
substrate,1
danzig,1
cate,1
beside,1
theme,1
protohistorie,1
neighbouring,1
nated,1
geoarchaeo,1
precise,1
recognizable,1
bronze,1
thissen,1
constructed,1
temporal,1
jutta,1
excel,1
altertum,1
proposes,1
tified,1
hessischen,1
perforated,1
trenches,1
historischen,1
occurrences,1
bernstein,1
ringe,1
preserves,1
palynologically,1
alnus,1
norddeutschland,1
equipment,1
cov,1
wahrend,1
gian,1
wider,1
cuesta,1
auel,1
strati,1
dfg,1
munich,1
comparative,1
podsolization,1
poten,1
coincides,1
kartsteins,1
winterthur,1
hafting,1
nuremberg,1
verschiedenen,1
geomor,1
exceeds,1
ingrid,1
readily,1
ionization,1
interrupted,1
decipher,1
werkzeugform,1
manipulationen,1
deglacial,1
december,1
territorialitat,1
heide,1
extraction,1
connection,1
interested,1
differentiation,1
seem,1
authorities,1
nets,1
funnel,1
tumn,1
devonian,1
fruhmittelsteinzeitlichen,1
rheintales,1
federseemoor,1
henauhofhiigel,1
emergence,1
half,1
michal,1
xe,1
gerolle,1
demiers,1
nordeifel,1
bratislava,1
einordnung,1
ludwigsburg,1
centrations,1
stiddeutschland,1
okonomieverhalten,1
collectors,1
mesolitico,1
grey,1
ar,1
vulkanasche,1
goods,1
altneolithischen,1
hammers,1
ir,1
fills,1
audience,1
constant,1
historical,1
explicitly,1
federmesserkultur,1
distinctive,1
waldsee,1
brennversuche,1
donaumoos,1
ftir,1
enlarged,1
taxonomy,1
decheniana,1
diskon,1
advances,1
terial,1
better,1
exca,1
dtle,1
demmin,1
subordinate,1
phd,1
usual,1
ruhr,1
ameter,1
animal,1
boundaries,1
according,1
favorite,1
sectors,1
bogbean,1
universiteits,1
what,1
poder,1
siedlungsverhalten,1
catastrophic,1
erwin,1
geweihartefakte,1
answered,1
stinging,1
carefully,1
warp,1
reanalyzed,1
spates,1
seals,1
combined,1
observing,1
terms,1
ulti,1
adults,1
stability,1
cooking,1
cres,1
making,1
da,1
bergland,1
nonanthropogenic,1
isches,1
ablagerungen,1
logie,1
lubelskie,1
zeit,1
sively,1
microstratigraphy,1
monster,1
bestandteil,1
mittelland,1
knapping,1
stapert,1
nordrhein,1
makroskopischen,1
malakozoolo,1
devenus,1
rahmen,1
kultura,1
periphery,1
mentioned,1
submariner,1
europeen,1
caspers,1
require,1
asemblage,1
groben,1
subatlantic,1
barely,1
migrations,1
altermesolithischen,1
produce,1
yield,1
opportunistic,1
episode,1
felsstalle,1
sixth,1
rohstoffanalyse,1
blages,1
hundreds,1
vereins,1
denkmalpflegerisches,1
art,1
xforschungsbereich,1
paleosol,1
vessels,1
eemian,1
weiterer,1
aurochs,1
weninger,1
endand,1
tent,1
fortfiihrung,1
toothed,1
alterations,1
dorsally,1
occasionally,1
son,1
opments,1
telrhein,1
exclu,1
bims,1
updated,1
platzes,1
gradual,1
aspen,1
mod,1
palaolithischen,1
mittelmeergebiet,1
fasanenstr,1
attached,1
arbeits,1
braunerde,1
stuiver,1
remouchamps,1
vestigate,1
sea,1
technologies,1
premieres,1
wustermark,1
manual,1
lieskow,1
docu,1
easy,1
variability,1
gerard,1
ac,1
intended,1
traditional,1
trapezoid,1
sackingen,1
bv,1
briihl,1
investment,1
entstehung,1
messergruppen,1
impulses,1
dilemma,1
unit,1
target,1
jagdaufenthaltes,1
contribute,1
ellerbek,1
programs,1
jagdfrakturen,1
focus,1
reconstruct,1
rettungsgrabungen,1
koln,1
original,1
secured,1
frei,1
silesia,1
rheinlande,1
dorsal,1
conti,1
ized,1
colloquium,1
hesse,1
representation,1
frequence,1
archaologischer,1
pr,1
antiquitas,1
anmerkungen,1
archaeobotany,1
varied,1
freilandfund,1
strong,1
contrasts,1
come,1
rhenanie,1
janschwalde,1
tabular,1
jor,1
calving,1
elongated,1
breaks,1
wachow,1
bioand,1
verbreitungskarte,1
palaodontologische,1
schweiz,1
widerhakenspitze,1
plowing,1
lands,1
zentralmusem,1
average,1
intensified,1
arrows,1
paddelfunde,1
deepening,1
geochimica,1
liming,1
camps,1
ropaischer,1
eicher,1
vaves,1
ently,1
finally,1
druck,1
cosmogenic,1
desiderata,1
burnt,1
iden,1
redrawn,1
warsaw,1
contributed,1
literaires,1
jasper,1
typically,1
submarinen,1
trichterbecher,1
environ,1
newed,1
hansjiirgen,1
product,1
contexte,1
urgeschichtlicher,1
bear,1
stockholders,1
northeastwards,1
quotes,1
theodoxus,1
colleagues,1
attempted,1
chronolo,1
measuring,1
beilformen,1
habilitation,1
sicht,1
uation,1
graben,1
spatmesolithikums,1
extremely,1
scape,1
palynology,1
quartz,1
shift,1
tierund,1
stell,1
campaign,1
lech,1
underlined,1
bayerischschwaben,1
unlocking,1
contri,1
malxetal,1
fiissen,1
kruft,1
needs,1
moved,1
ehemaligen,1
leads,1
vertebrate,1
siedlungsspuren,1
tradi,1
bearbeitungsspuren,1
regularity,1
markable,1
doubling,1
atlantikum,1
apologie,1
consisted,1
supply,1
vary,1
friihestmesolithikum,1
traubried,1
ppc,1
reflecting,1
laaber,1
damp,1
dolnym,1
taphonomische,1
views,1
dtinengebiet,1
beziehungen,1
element,1
rein,1
kemnath,1
neuen,1
mikrolithen,1
ijsselmeer,1
develop,1
retuscheur,1
duration,1
thousamd,1
counts,1
palaeohistoria,1
rakes,1
technological,1
mirail,1
taylor,1
sedimentary,1
nordrand,1
schists,1
fers,1
indistinguishable,1
henauhofhugel,1
jdger,1
reduc,1
broader,1
nordbayerns,1
geologische,1
rekon,1
paleobotany,1
zurarchao,1
glaciations,1
gerken,1
mittelrehin,1
unparalleled,1
super,1
torischen,1
contem,1
biittnerloch,1
els,1
