WORDCOUNTS,WEIGHT
the,908
of,431
and,356
in,254
is,146
to,134
a,127
are,113
paleolithic,98
from,84
aurignacian,77
that,74
with,69
at,67
on,66
by,65
upper,64
szeletian,63
this,58
was,56
it,48
which,43
be,43
for,39
as,39
but,38
more,38
middle,38
has,37
stranska,36
were,36
central,35
cave,35
bohunician,35
sites,34
lower,34
industry,34
skala,34
have,33
tools,32
we,32
europe,32
not,31
industries,30
layer,30
southeastern,30
there,29
than,29
an,29
material,29
transition,29
bp,28
two,28
between,28
some,27
early,27
or,26
bifacial,25
most,25
these,25
only,25
local,24
also,24
no,23
fig,22
site,22
svoboda,22
other,21
szeleta,21
been,21
evidence,21
siman,20
may,20
artifacts,20
j,19
points,19
found,18
made,18
area,17
they,16
v,16
k,16
both,16
layers,16
moravia,15
first,15
their,15
surface,15
exploitation,15
raw,15
about,15
radiocarbon,15
levallois,15
type,15
modern,14
date,14
interpleniglacial,14
he,14
types,14
retouched,13
ii,13
p,13
point,13
leaf,13
transitional,13
similar,13
based,13
istallosko,13
archaeological,13
all,12
dated,12
m,12
important,12
typical,12
cultural,12
few,12
hungary,12
earlier,12
endscrapers,11
into,11
dates,11
l,11
related,11
during,11
pp,11
assemblages,11
mladec,11
them,11
recent,11
one,10
burins,10
blades,10
even,10
jankovichian,10
appearance,10
part,10
et,10
so,10
often,10
acheulean,10
der,10
upon,10
retouch,10
before,9
i,9
within,9
side,9
very,9
bone,9
main,9
lithic,9
caves,9
used,9
its,9
chronological,9
our,9
region,9
clear,9
pieces,9
according,9
if,8
humans,8
human,8
since,8
levels,8
les,8
could,8
micoquian,8
well,8
ilia,8
blade,8
materials,8
same,8
many,8
valoch,8
frequency,8
mousterian,8
would,8
can,8
earliest,8
stratigraphic,8
several,8
soil,8
known,8
primary,8
while,8
although,8
moravian,8
later,7
group,7
complex,7
evolution,7
worked,7
origin,7
last,7
muzea,7
eastern,7
ringer,7
above,7
excavations,7
rather,7
pleniglacial,7
process,7
redeposited,7
babonyian,7
because,7
casopis,7
workshops,7
presence,7
yielded,7
technique,7
flake,7
glassy,7
probably,7
vedrovice,7
primarily,7
collections,7
associated,7
different,7
technological,7
common,6
position,6
neandertals,6
sources,6
rich,6
soc,6
de,6
bohunice,6
his,6
na,6
show,6
late,6
cannot,6
basis,6
flaking,6
excavation,6
up,6
vertes,6
archeologia,6
still,6
technology,6
culture,6
toward,6
new,6
high,6
workshop,6
bifacially,6
thick,6
any,6
must,6
did,6
moravskeho,6
sc,6
much,6
flakes,6
final,5
mostly,5
groups,5
mountains,5
production,5
seems,5
available,5
elements,5
krumlovian,5
geological,5
higher,5
developed,5
scrapers,5
cherts,5
age,5
suggested,5
view,5
cores,5
further,5
near,5
steep,5
denticulates,5
le,5
small,5
finds,5
flat,5
worn,5
model,5
less,5
sequence,5
dating,5
three,5
skulls,5
probable,5
usually,5
fewer,5
indicate,5
anthropological,5
contained,5
paleolithique,5
cultures,5
ondratice,5
iii,5
beginning,5
almost,5
des,5
slovenskd,5
die,5
tried,5
years,5
accept,5
smaller,5
remains,5
rubble,5
problem,4
represent,4
true,4
budospest,4
lisen,4
typologically,4
hungaricae,4
secondary,4
industrie,4
throughout,4
vah,4
slovakia,4
pavlovian,4
sapiens,4
possible,4
marked,4
along,4
such,4
development,4
characteristic,4
relatively,4
mixed,4
find,4
certain,4
parts,4
clearly,4
loess,4
traces,4
problems,4
pleistocene,4
out,4
equally,4
szeletien,4
work,4
positions,4
predominance,4
excavated,4
suggest,4
quite,4
migration,4
phase,4
units,4
gravettian,4
various,4
indicates,4
represents,4
evolved,4
under,4
hearth,4
academy,4
lack,4
kupafovice,4
end,4
man,4
do,4
present,4
where,4
use,4
slovakian,4
characterized,4
features,4
collected,4
latter,4
evolutionary,4
hungarian,4
european,4
kadic,4
alternate,4
referred,4
deposit,4
table,4
typology,4
specialized,4
what,4
bacho,4
whether,4
level,4
kozlowski,4
fossil,4
gabori,4
world,4
question,4
sediments,4
include,4
gelifluction,4
archaeologica,4
valley,4
among,4
prague,4
occur,4
frequent,3
hohle,3
second,3
h,3
western,3
absence,3
contexts,3
limestone,3
either,3
long,3
certainly,3
concentrated,3
definition,3
containing,3
oval,3
tradition,3
real,3
osidleni,3
those,3
east,3
iv,3
vol,3
inverse,3
bohemian,3
genetic,3
implements,3
relationships,3
due,3
acta,3
sample,3
expected,3
concerning,3
traditions,3
phases,3
poor,3
certova,3
en,3
comparable,3
represented,3
after,3
derived,3
von,3
unifacial,3
means,3
river,3
too,3
four,3
superieur,3
followed,3
centrale,3
appear,3
pod,3
glacial,3
recently,3
placed,3
pollen,3
directly,3
line,3
overlying,3
shouldered,3
concept,3
description,3
interpleni,3
whole,3
older,3
truncated,3
eine,3
around,3
kiro,3
roots,3
f,3
therefore,3
quarry,3
situation,3
separation,3
located,3
limited,3
intensively,3
stratigraphy,3
vicinity,3
yet,3
us,3
included,3
fact,3
areas,3
surfaces,3
typological,3
dolni,3
hradem,3
exotic,3
krumlovsky,3
assemblage,3
number,3
another,3
original,3
simple,3
discussion,3
kulna,3
significant,3
processes,3
rare,3
rejected,3
publication,3
rozhledy,3
like,3
general,3
stages,3
structure,3
neandertal,3
archeologicke,3
occupied,3
chert,3
covered,3
separate,3
depth,3
assigned,3
relationship,3
bukk,3
provide,3
sometimes,3
hill,3
analysis,3
stratified,3
extremely,3
considered,3
foliate,3
following,3
comes,3
series,3
physical,3
pedogenesis,3
anthropology,3
seem,3
avas,3
particularly,3
males,3
theory,3
distribution,3
barca,3
u,3
carpathian,3
suggests,3
wurmian,3
pits,3
slopes,3
quartzite,3
role,3
divided,3
budapest,3
radiolarite,3
numerous,3
frayer,3
defined,3
association,3
pec,3
supported,3
limnic,3
massif,2
does,2
now,2
o,2
loessic,2
way,2
nonbifacial,2
separated,2
universite,2
determine,2
e,2
bei,2
stone,2
biikk,2
character,2
occurred,2
source,2
transversal,2
anything,2
permit,2
lateral,2
nature,2
s,2
stratigraphically,2
belong,2
sedimentation,2
ustav,2
great,2
reasons,2
differences,2
colloque,2
closer,2
jezefany,2
slovensku,2
hunting,2
feature,2
situ,2
aurignacoid,2
bohemia,2
similarities,2
fossils,2
mass,2
retain,2
replacement,2
cadre,2
west,2
except,2
quantity,2
resembling,2
correlation,2
collection,2
frequencies,2
thus,2
skdla,2
review,2
immediate,2
leur,2
danube,2
occurs,2
assessment,2
z,2
kind,2
clay,2
old,2
back,2
ha,2
six,2
nalez,2
oxford,2
compared,2
blunted,2
sepulture,2
influence,2
interesting,2
recognized,2
links,2
how,2
junction,2
neanderthalensis,2
jankovich,2
b,2
entre,2
study,2
az,2
bofitov,2
vestonice,2
dzerava,2
bachokirian,2
differs,2
profile,2
periodically,2
exploited,2
origins,2
wydawnictwo,2
plenum,2
charcoal,2
had,2
result,2
acceptable,2
erosion,2
base,2
inter,2
moyen,2
occupation,2
standardized,2
traits,2
cloveka,2
czechoslovakia,2
cretaceous,2
method,2
possibility,2
sedimentological,2
du,2
data,2
already,2
tool,2
conse,2
brought,2
london,2
vyzkum,2
revealed,2
place,2
partly,2
actually,2
personal,2
cone,2
drahany,2
interpreted,2
horizon,2
trends,2
attributed,2
good,2
change,2
technotypological,2
ratios,2
reliable,2
settlement,2
typ,2
entrance,2
research,2
climate,2
anthropos,2
generally,2
zapadnom,2
developmental,2
triangular,2
knowledge,2
facies,2
periods,2
south,2
will,2
portion,2
faceted,2
horizons,2
likely,2
interglacial,2
archaeo,2
stranske,2
atypical,2
edges,2
etc,2
allen,2
paleoliticke,2
willendorf,2
movement,2
southern,2
southeast,2
single,2
makes,2
continuity,2
restricted,2
boundary,2
light,2
complete,2
climatic,2
confirmed,2
noted,2
predominate,2
regional,2
considers,2
problemu,2
stronger,2
again,2
homo,2
addition,2
shows,2
idea,2
blocks,2
striking,2
appeared,2
time,2
larger,2
trencin,2
variation,2
identical,2
forms,2
bohunicky,2
landscape,2
developing,2
flint,2
distance,2
das,2
understanding,2
technologies,2
examples,2
cryogenic,2
sides,2
deposits,2
including,2
increase,2
top,2
cranial,2
trend,2
discontinuity,2
theories,2
described,2
discovered,2
inadequate,2
panstwowe,2
okr,2
period,2
attribution,2
cally,2
provides,2
especially,2
article,2
brnenske,2
interpretations,2
dans,2
pro,2
slightly,2
differ,2
accord,2
balkans,2
attention,2
la,2
immigration,2
brown,2
carried,2
indication,2
suggestion,2
periodic,2
aurignacke,2
independent,2
five,2
male,2
geissenklosterle,2
who,2
seen,2
began,2
existed,2
tisa,2
austria,2
skd,2
ve,2
beside,2
notches,2
ila,2
coincides,2
rear,2
believe,2
flowing,2
unknown,2
current,2
exceptional,2
linked,2
far,2
uppermost,2
archeo,2
better,2
succeeded,2
form,2
making,2
svitavka,2
prismatic,2
frequently,2
lowermost,2
emphasis,2
mahren,2
unilinear,2
logical,2
territory,2
invasive,2
dorsal,2
und,2
au,2
until,2
models,2
elongated,2
logicky,2
differentiation,2
difference,2
arrows,2
ved,2
warsaw,2
product,2
archaic,2
indices,2
comparison,2
specific,2
removed,2
km,2
maximum,2
entire,2
develop,2
should,2
remete,2
leptolithic,2
deeper,2
profil,2
sa,1
fruhaurignacien,1
difficult,1
currently,1
done,1
triple,1
personally,1
internatio,1
oriented,1
prefer,1
edge,1
stiepanej,1
popula,1
indicated,1
stylistic,1
tion,1
pradzieje,1
menschenreste,1
imported,1
freezing,1
borers,1
judging,1
culminated,1
extend,1
environmental,1
cech,1
trans,1
worthy,1
red,1
quent,1
eiszeit,1
totally,1
introduction,1
gravettien,1
substratum,1
danubie,1
csank,1
germany,1
incomprehensible,1
contemporaneous,1
rolled,1
becoming,1
large,1
vincencov,1
conducted,1
funde,1
deepest,1
vychodoslovenske,1
identify,1
formed,1
informative,1
strictly,1
notched,1
weaker,1
trace,1
tysiaclecia,1
history,1
hominid,1
total,1
tells,1
exceptions,1
something,1
pravek,1
revision,1
contact,1
adjective,1
being,1
ausgrabungen,1
novy,1
neuere,1
fundstelle,1
morava,1
prispevek,1
creation,1
derives,1
neolithic,1
originally,1
sprasovy,1
culturally,1
might,1
rapid,1
season,1
calcareous,1
advanced,1
regionale,1
typologi,1
archaeologically,1
suggesting,1
together,1
pedogenic,1
wave,1
analyses,1
follows,1
studied,1
able,1
scheme,1
biconvex,1
vaurignacien,1
functional,1
czudek,1
subsequent,1
somewhat,1
emptying,1
devised,1
state,1
emphasized,1
stand,1
influences,1
remainder,1
erforschung,1
principal,1
classified,1
platforms,1
alpes,1
eredmenyei,1
forerunner,1
lution,1
context,1
papers,1
thawing,1
debitage,1
system,1
problematical,1
resemblances,1
advocates,1
existence,1
botanical,1
oliva,1
plain,1
glaciation,1
key,1
continuum,1
bones,1
bases,1
science,1
zur,1
siliceous,1
ondratic,1
strand,1
exhibits,1
soils,1
slight,1
pocatkii,1
bedeutende,1
terminus,1
prove,1
aurignaciens,1
obvious,1
information,1
apart,1
reflecting,1
flatly,1
szeletiens,1
vyrobu,1
indicating,1
dniestr,1
realistic,1
ritual,1
diluvialniho,1
prosek,1
vydavatelstvo,1
crystallized,1
corresponding,1
sahy,1
steppe,1
technologically,1
retaining,1
retouching,1
sudmahren,1
supple,1
jin,1
southwestern,1
bof,1
stratigraphique,1
explained,1
spectrum,1
quality,1
interior,1
visited,1
sediment,1
unpublished,1
g,1
integral,1
aus,1
archaeologicae,1
untersuchungen,1
precise,1
relations,1
wurm,1
moravany,1
attested,1
application,1
coexistence,1
technotypology,1
vanthropologie,1
century,1
asymmetrical,1
mladopaleolitickeho,1
dskbkor,1
palaeolithic,1
emlekei,1
nor,1
items,1
coarser,1
underlying,1
places,1
crosses,1
ante,1
strdnskd,1
stanica,1
paleolitickemu,1
third,1
truly,1
compare,1
hahn,1
journal,1
excavator,1
ada,1
hardly,1
ze,1
biface,1
acculturation,1
mladopaleoliticka,1
trending,1
reflects,1
slovenska,1
camp,1
purely,1
absent,1
paleopedological,1
stresses,1
chatelperronian,1
lie,1
basic,1
unit,1
bifaces,1
radius,1
vyzkumu,1
phosphate,1
goes,1
geologie,1
determining,1
aurignacien,1
proportion,1
mladce,1
connected,1
kamenna,1
limnoquartzite,1
synthetotype,1
brno,1
burials,1
otte,1
summarized,1
discoveries,1
scattered,1
front,1
supposed,1
support,1
oberfiachenfundstelle,1
references,1
downward,1
changes,1
affect,1
plus,1
gravels,1
females,1
university,1
consider,1
locally,1
melnik,1
possibly,1
dichotomy,1
foothills,1
ivanovce,1
specialization,1
intensive,1
branch,1
numbers,1
impact,1
record,1
kutatasanak,1
sady,1
w,1
commonly,1
foothill,1
carpathians,1
recovered,1
additional,1
monographic,1
postdating,1
connecting,1
beyond,1
indications,1
definite,1
sveduv,1
requires,1
reconsideration,1
permanent,1
solve,1
firmly,1
obverse,1
antecedents,1
coincide,1
cut,1
greater,1
palaolithischer,1
closely,1
root,1
wiirm,1
gesellschaft,1
subalyuk,1
faunal,1
freilandstation,1
discrete,1
relating,1
foreground,1
effort,1
viduals,1
outcrops,1
her,1
blattwerkzeugindustrie,1
arboreal,1
relate,1
arched,1
zone,1
quercus,1
geologii,1
respects,1
pfehled,1
ger,1
cerveny,1
starsia,1
population,1
neither,1
produced,1
analogous,1
applied,1
younger,1
acquaintance,1
yellowish,1
dwelling,1
absolute,1
explain,1
acceleration,1
opposition,1
wide,1
flaked,1
sparse,1
technical,1
overlapping,1
failure,1
uispp,1
having,1
charred,1
pien,1
makers,1
rocks,1
logica,1
received,1
start,1
evo,1
nine,1
mented,1
significantly,1
heavily,1
tens,1
periglacial,1
unfinished,1
calls,1
glabella,1
penetrating,1
scars,1
sidescrapers,1
continuation,1
szeletska,1
refilling,1
fit,1
aggravated,1
concentrate,1
reoccupied,1
structures,1
subse,1
transported,1
dlha,1
away,1
reflect,1
scope,1
kopec,1
believes,1
systematic,1
differentially,1
fieldwork,1
kolekce,1
statistique,1
cruder,1
markedly,1
approach,1
washing,1
clarified,1
beitrage,1
archeoldgia,1
skeletons,1
indi,1
sense,1
indicator,1
correct,1
composite,1
caused,1
prostejove,1
below,1
corresponds,1
cold,1
steepness,1
austriaca,1
resolu,1
next,1
archaeology,1
reaches,1
arbitrary,1
involved,1
katalin,1
characteristics,1
shapes,1
vychodneho,1
temporary,1
supposedly,1
dramatic,1
koneprusy,1
germania,1
alluvial,1
boundaries,1
corridor,1
strdn,1
division,1
core,1
visible,1
descendants,1
tcheco,1
majority,1
istalloskoen,1
results,1
paid,1
using,1
notes,1
provenance,1
undergoing,1
reflected,1
czechoslovakian,1
criti,1
newly,1
preliminary,1
kirian,1
rest,1
geographical,1
avoid,1
sloven,1
survived,1
morphology,1
stanice,1
led,1
vestnik,1
saw,1
variety,1
bringing,1
sl,1
populations,1
doctoral,1
gradual,1
overall,1
provenience,1
comparative,1
intrusions,1
subject,1
geol,1
corporation,1
merits,1
female,1
upward,1
reconstruction,1
intervention,1
make,1
ungarischen,1
tchecoslovaquie,1
dtmeneti,1
drilled,1
paint,1
direction,1
selection,1
spectacular,1
percentage,1
hominids,1
felso,1
foot,1
indus,1
interpretation,1
examined,1
altsteinzeitlichen,1
cor,1
alongside,1
mobile,1
chronology,1
selective,1
differentiate,1
temperate,1
index,1
specimens,1
demographic,1
northwest,1
falls,1
une,1
blattspitzenindustrien,1
rigeszeti,1
vlckovce,1
largest,1
industrial,1
pocatky,1
qualified,1
reliance,1
lined,1
ipel,1
strata,1
densely,1
double,1
tries,1
routes,1
undisturbed,1
gations,1
starting,1
pavlo,1
transylvania,1
kulturen,1
french,1
sensu,1
geochronological,1
neglect,1
mittelpaldolithische,1
others,1
liege,1
locating,1
hearths,1
concretion,1
rock,1
smith,1
missing,1
biidospest,1
lighter,1
heutige,1
consideration,1
coincidence,1
occurrence,1
mladeho,1
gested,1
dissertationes,1
really,1
isolate,1
slovaquie,1
gray,1
jahresbericht,1
debates,1
neslovice,1
contemporary,1
considerable,1
hiatus,1
serious,1
fragments,1
ungarns,1
patterns,1
conclusions,1
outside,1
hand,1
mineralogii,1
thousands,1
operating,1
gudenus,1
devoted,1
tundra,1
non,1
extremity,1
relevant,1
gradualist,1
abstammung,1
coexisted,1
anthropologie,1
deep,1
teeth,1
skale,1
kromefiz,1
carinated,1
wood,1
grotte,1
encountered,1
regionally,1
vian,1
argues,1
haromkut,1
predmosti,1
gravet,1
borky,1
tian,1
uri,1
specializing,1
treated,1
own,1
width,1
disagree,1
pesko,1
transdanubia,1
bear,1
krumlov,1
osvobozeni,1
quinson,1
sufficiently,1
contacts,1
clustered,1
paleolite,1
samples,1
problematike,1
pavlovien,1
impassable,1
persisted,1
station,1
refers,1
assume,1
stranskd,1
spits,1
pleistocenniho,1
geologickych,1
crimea,1
examination,1
fluviatile,1
europy,1
full,1
sajobabony,1
complicated,1
necessitated,1
theoretical,1
continuities,1
discontinuities,1
defect,1
ties,1
open,1
significance,1
ventral,1
meanings,1
earth,1
discussed,1
comprehensive,1
mts,1
civilisations,1
gate,1
revised,1
geographically,1
belongs,1
overlain,1
obtained,1
mountain,1
accurate,1
ted,1
ungarn,1
preservation,1
least,1
palaolithforschung,1
artificial,1
paleosols,1
paleo,1
skaly,1
discarded,1
comparing,1
enough,1
internal,1
parallel,1
relation,1
assessing,1
confidently,1
nitra,1
mainly,1
urcice,1
effect,1
folia,1
lovas,1
sug,1
southwest,1
cryoturbation,1
tendency,1
basically,1
controversial,1
blunting,1
vincencova,1
rohovcu,1
widely,1
species,1
shaping,1
increasing,1
odxl,1
altsteinzeitliche,1
publishing,1
note,1
irregular,1
richest,1
she,1
recall,1
movements,1
banesz,1
washed,1
foreign,1
investi,1
precores,1
suggestive,1
arrow,1
nove,1
select,1
inside,1
vertical,1
signifi,1
disagreements,1
growth,1
success,1
directions,1
detailed,1
force,1
moravskiho,1
pk,1
moravie,1
undiagnositic,1
recognize,1
length,1
hohlensedimenten,1
palaolithische,1
herman,1
es,1
klubu,1
verhaltniss,1
fall,1
chamber,1
ing,1
morave,1
instances,1
face,1
ridges,1
problematic,1
paleolitu,1
meant,1
chernozem,1
detail,1
bench,1
verbreitung,1
dissertation,1
permafrost,1
reciprocal,1
begehungen,1
heavy,1
rarely,1
then,1
listovitych,1
indeterminate,1
vedrovicich,1
accordance,1
mentioned,1
bilan,1
changing,1
unbroken,1
anthropozoikum,1
slope,1
trapped,1
bdbonyien,1
strednom,1
lautsch,1
drew,1
know,1
problemkreis,1
natural,1
bulgaria,1
nouvelle,1
kbkor,1
jeho,1
tendencies,1
each,1
lozek,1
paper,1
descriptions,1
petrografie,1
ratio,1
intrusion,1
bratislava,1
solved,1
hinted,1
sorted,1
generalized,1
historical,1
distinctive,1
thaw,1
accepts,1
living,1
doba,1
evident,1
animal,1
surovin,1
redeposition,1
terms,1
subsoil,1
ones,1
rising,1
fuzetek,1
particular,1
independently,1
nearby,1
add,1
differentiates,1
map,1
axis,1
inflow,1
argued,1
institute,1
rapports,1
divide,1
influenced,1
pftrodovideckeho,1
gressive,1
phenomena,1
ecologique,1
contain,1
art,1
size,1
vyznamne,1
presume,1
socioeconomic,1
little,1
hrotov,1
preserved,1
quartzites,1
determined,1
attached,1
conclude,1
through,1
became,1
interstadial,1
african,1
techniques,1
lies,1
diluvialen,1
adapted,1
svitavky,1
lab,1
reconstruct,1
itov,1
mention,1
isolated,1
sb,1
think,1
relates,1
sbirkach,1
named,1
formation,1
argument,1
euro,1
disappear,1
zones,1
follow,1
salix,1
genetically,1
decrease,1
camps,1
geologischen,1
zum,1
shop,1
morphological,1
ended,1
shed,1
manufacturers,1
approximately,1
dense,1
revison,1
d,1
sur,1
provided,1
altertumlichen,1
states,1
anatomical,1
piece,1
contamination,1
derive,1
lokality,1
measured,1
protec,1
neandertaler,1
classification,1
observation,1
territories,1
preferentially,1
potential,1
acheulo,1
alsoszentgyorgy,1
ustavu,1
assumed,1
ser,1
kamennej,1
c,1
sectors,1
progressive,1
reached,1
dark,1
views,1
kfemencovd,1
characters,1
given,1
ks,1
nale,1
strong,1
ends,1
north,1
sedimentary,1
observed,1
cross,1
brne,1
hornad,1
ca,1
sbornik,1
close,1
prostejovska,1
typu,1
hypothesis,1
