WORDCOUNTS,WEIGHT
the,2205
of,1840
and,1452
in,1400
a,541
to,505
from,472
is,321
for,319
as,273
at,241
south,231
that,225
j,216
evidence,216
on,209
this,205
with,203
by,179
m,178
have,176
are,175
d,173
p,170
india,168
k,166
be,163
et,158
r,156
s,154
early,152
or,151
neolithic,150
wild,143
agriculture,142
these,140
sites,135
domestication,133
asia,132
which,132
bc,119
remains,119
origins,115
new,114
agricultural,104
archaeological,103
world,103
plant,102
rice,101
cultivation,99
some,98
been,98
indian,97
millennium,95
crops,92
archaeology,92
press,92
asian,92
harappan,92
an,90
g,89
c,89
it,85
b,84
springer,83
prehist,80
were,78
university,77
southern,77
such,76
other,75
species,75
may,74
l,74
region,74
also,73
although,73
not,72
eastern,67
cattle,67
there,63
research,63
but,63
site,60
between,58
ancient,57
east,57
central,56
during,55
more,55
while,55
archaeobotanical,54
has,53
crop,53
cultural,52
southwest,52
animal,52
v,51
was,51
further,51
t,51
pottery,50
domestic,50
recent,50
well,49
into,48
excavations,48
data,48
i,48
period,48
deccan,47
w,47
can,47
studies,46
dates,46
earliest,46
de,45
important,45
wheat,45
regions,45
spread,45
later,44
western,44
late,44
through,44
animals,43
n,43
near,43
ca,43
indus,42
zone,41
domesticated,41
suggests,41
prehistoric,40
faunal,40
millets,40
suggest,40
man,40
local,40
history,39
millet,39
mesolithic,39
pp,39
present,39
northern,39
e,38
change,38
second,37
h,37
third,37
culture,37
food,37
f,36
case,36
their,36
could,36
only,36
native,36
both,36
might,35
barley,35
earlier,35
plants,35
journal,34
suggested,34
sheep,34
economy,34
middle,34
reported,34
african,34
north,34
one,33
thus,33
subsistence,33
presence,33
ganges,33
including,33
indicated,32
based,32
prehistory,32
dispersal,32
two,32
many,32
pastoralism,32
gujarat,31
human,31
beginnings,31
clear,31
college,30
holocene,30
west,30
current,30
genetic,29
emergence,29
winter,29
we,29
where,29
first,28
fig,28
grains,28
indicate,28
books,28
different,28
livestock,28
valley,28
much,28
modern,27
origin,27
possible,27
indicates,27
cultivated,27
farming,27
chalcolithic,27
would,27
quaternary,27
northwestern,27
amongst,26
phase,26
mehrgarh,26
age,26
most,26
had,26
small,26
ceramic,26
pulses,26
changes,25
q,25
perhaps,25
before,24
diffusion,24
date,24
parts,24
goats,24
part,24
its,24
likely,24
korisettar,24
oxford,24
must,24
known,24
rajasthan,24
fuller,24
all,23
review,23
those,23
than,23
identification,23
orissa,23
institute,23
production,23
preliminary,23
process,22
ceramics,22
clearly,22
pollen,22
economic,22
towards,22
several,22
few,22
goat,22
finds,22
populations,22
across,22
especially,22
probably,22
frontier,22
represent,21
pradesh,21
they,21
within,21
context,21
civilization,21
deciduous,21
work,21
available,21
addition,21
time,21
domestications,21
grain,21
cereals,21
analysis,21
cambridge,21
pakistan,21
if,20
absence,20
secondary,20
development,20
levels,20
established,20
sedentary,20
occupation,20
no,20
setaria,20
about,20
adjacent,20
report,20
terms,20
introduced,20
frontiers,20
include,20
hills,20
introduction,19
prior,19
after,19
monsoon,19
domesticates,19
perspectives,19
patterns,19
gangetic,19
baluchistan,18
botanical,18
since,18
sedentism,18
y,18
settlement,18
when,18
society,18
end,18
largely,18
evolution,18
wheats,18
over,18
whether,18
particular,18
transition,18
morphological,18
groups,17
district,17
proceedings,17
study,17
presumably,17
exploitation,17
eurasia,17
least,17
field,17
will,17
areas,17
forms,17
use,17
probable,17
widespread,17
any,17
fauna,17
saraswat,17
should,17
needed,16
american,16
allchin,16
tradition,16
cf,16
old,16
even,16
kashmir,16
peninsula,16
distribution,16
societies,16
found,16
venkatasubbaiah,16
package,16
systematic,16
seed,16
communities,16
water,16
less,16
see,16
material,16
assemblage,16
samples,16
dry,16
separate,16
often,16
cultures,16
form,16
zebu,16
need,16
occurred,15
nature,15
farmers,15
vol,15
bone,15
similar,15
river,15
basis,15
indigenous,15
northwest,15
climatic,15
seeds,15
yet,15
already,15
reports,15
social,15
another,15
assemblages,15
dating,15
subsequent,15
thomas,15
africa,15
paper,15
peninsular,15
large,14
ii,14
together,14
bos,14
china,14
harris,14
bones,14
u,14
indicating,14
van,14
bulletin,14
rather,14
how,14
appears,14
criteria,14
taxa,14
herding,14
southeast,14
chronology,14
al,14
chickens,14
lahuradewa,14
range,14
maharashtra,14
national,14
vegetation,14
today,14
tepe,14
rainfall,14
size,14
varieties,14
ucl,14
tamil,14
ganga,13
linguistic,13
lustre,13
processes,13
indeed,13
plain,13
distinct,13
traditions,13
coastal,13
upper,13
fourth,13
record,13
karnataka,13
therefore,13
under,13
meadow,13
discussed,13
represented,13
significant,13
ecological,13
yasuda,13
sampling,13
historical,13
beginning,13
years,13
uttar,13
mature,13
retrospect,13
o,12
adoption,12
suggesting,12
investigations,12
cereal,12
misra,12
gallus,12
what,12
without,12
beyond,12
basin,12
population,12
documented,12
limited,12
still,12
same,12
pattern,12
sequence,12
radiocarbon,12
historic,12
like,12
problems,12
become,12
archaeozoology,12
forests,12
extensive,12
america,12
coast,12
foraging,12
occur,12
interaction,12
major,12
settlements,11
manohar,11
oryza,11
either,11
seems,11
europe,11
system,11
along,11
throughout,11
adopted,11
perspective,11
back,11
wet,11
poorly,11
palaeobotanical,11
climate,11
additional,11
requires,11
initial,11
settar,11
pigs,11
prasada,11
villages,11
annual,11
up,11
situation,11
iran,11
included,11
contemporary,11
background,11
brachiaria,11
static,11
provides,11
systems,11
spp,11
millennia,11
considered,11
then,11
sciences,11
very,11
despite,11
abu,11
little,11
zones,11
resources,11
environmental,10
aceramic,10
diversity,10
common,10
madhya,10
key,10
establishment,10
ahar,10
roli,10
cases,10
developments,10
high,10
direct,10
languages,10
out,10
levant,10
charred,10
foxtail,10
survey,10
zohary,10
status,10
ibh,10
practices,10
identified,10
senuwar,10
academy,10
mobile,10
buffalo,10
department,10
consideration,10
do,10
model,10
state,10
possehl,10
thar,10
damdama,10
full,10
three,10
times,10
general,10
evolutionary,10
independent,10
unclear,10
types,10
ashmound,10
ghats,10
multiple,10
given,10
z,10
needs,10
deposits,10
now,9
sources,9
long,9
quantities,9
panicum,9
pig,9
language,9
chinese,9
prakashan,9
pulse,9
recently,9
line,9
inferred,9
london,9
broad,9
contrast,9
plausible,9
periods,9
critical,9
archaeozoological,9
reference,9
management,9
ams,9
developed,9
centre,9
euphrates,9
understanding,9
andhra,9
lake,9
progenitors,9
numerous,9
products,9
himalayan,9
summer,9
relation,9
rojdi,9
chicken,9
who,9
problematic,9
forest,9
associated,9
natural,9
indica,9
half,9
number,9
type,9
map,9
problem,9
generally,9
became,9
archaeobotany,9
pirak,9
inamgaon,9
implies,8
village,8
center,8
vindhyas,8
moving,8
lexington,8
certainly,8
archae,8
archaeologically,8
flotation,8
potentially,8
sahara,8
existence,8
light,8
ansari,8
far,8
mid,8
due,8
against,8
identifications,8
phases,8
absent,8
progenitor,8
landscape,8
belcher,8
joglekar,8
impact,8
northeastern,8
recovered,8
appear,8
begun,8
possibility,8
conference,8
approach,8
published,8
core,8
name,8
results,8
provided,8
geographical,8
observations,8
various,8
coracana,8
tropical,8
mahagara,8
selection,8
single,8
represents,8
marshall,8
issues,8
ramosa,8
subcontinent,8
shows,8
routledge,8
made,8
significance,8
came,8
ethnobiology,8
provide,8
began,8
sequences,8
table,8
phytolith,8
singh,8
saurashtra,8
weber,8
cal,8
miri,8
selected,8
extent,8
level,8
come,8
until,8
increased,8
harappa,8
expect,7
di,7
ashmounds,7
lower,7
being,7
taken,7
synthesis,7
hunting,7
rachis,7
burning,7
iron,7
diffused,7
economies,7
urd,7
left,7
focused,7
environments,7
ex,7
kaothe,7
special,7
breeds,7
oxbow,7
agriculturalists,7
emmer,7
kajale,7
trajectories,7
greater,7
anthropogenic,7
aspects,7
example,7
pragdhara,7
consistently,7
mungbean,7
discussions,7
place,7
wider,7
starting,7
qalat,7
comparative,7
fruit,7
noted,7
bar,7
regional,7
hureyra,7
analytical,7
husbandry,7
desert,7
dispersals,7
trend,7
mung,7
trade,7
vigna,7
nadu,7
pearl,7
burials,7
aridification,7
settled,7
association,7
ie,7
dispersed,7
legge,7
sumatrense,7
claims,7
sativa,7
did,7
growing,7
investigation,7
horsegram,7
role,7
harvesting,7
comparison,7
supported,7
eleusine,7
substantial,7
characters,7
increase,7
intriguing,6
northeast,6
okra,6
each,6
approaches,6
morphologically,6
afghanistan,6
excavation,6
bp,6
southwards,6
contexts,6
hillman,6
finger,6
link,6
british,6
iii,6
herded,6
savanna,6
points,6
author,6
interest,6
assessment,6
roem,6
bihar,6
genetics,6
publications,6
impressions,6
remain,6
importance,6
certain,6
locally,6
elsewhere,6
show,6
dominant,6
charcoal,6
whereas,6
margin,6
genes,6
ann,6
balkema,6
apparent,6
revealed,6
highlight,6
phylogenetic,6
sampled,6
revolution,6
reliable,6
event,6
smithsonian,6
balathal,6
kayatha,6
scientific,6
international,6
museum,6
continuity,6
useful,6
lack,6
variation,6
likelihood,6
japan,6
polities,6
discussion,6
tewari,6
hypotheses,6
taxonomic,6
revised,6
availability,6
differ,6
geography,6
joint,6
widely,6
jarrige,6
suggestive,6
support,6
understand,6
changing,6
past,6
better,6
phd,6
argued,6
herd,6
rao,6
slopes,6
sea,6
contrasts,6
conditions,6
documentation,6
indicus,6
subsequently,5
margins,5
does,5
phytoliths,5
introductions,5
variety,5
alone,5
tetraploid,5
per,5
investigating,5
hair,5
rivers,5
taurine,5
scheme,5
else,5
wool,5
distinguishing,5
ssp,5
sphaerococcum,5
ology,5
nevertheless,5
orissan,5
seminar,5
loteshwar,5
arabian,5
account,5
soils,5
point,5
implications,5
includes,5
relationships,5
seventh,5
hather,5
echinochloa,5
schult,5
morphometric,5
higher,5
bellwood,5
connected,5
derived,5
black,5
clarification,5
consider,5
possibly,5
cultivators,5
dated,5
technology,5
just,5
sialk,5
restricted,5
cotton,5
yangtze,5
wood,5
view,5
identifying,5
method,5
called,5
relate,5
understood,5
younger,5
dna,5
received,5
lai,5
used,5
older,5
preceded,5
hard,5
yahya,5
grass,5
longman,5
progress,5
palaeoethnobotany,5
led,5
surkotada,5
interactions,5
precedes,5
perennial,5
biological,5
relationship,5
harappans,5
seasonally,5
koldihwa,5
reporting,5
fact,5
begin,5
soft,5
eg,5
ecology,5
argues,5
investigated,5
munda,5
advent,5
publication,5
plains,5
japanese,5
so,5
latter,5
gange,5
sorghum,5
parallel,5
contact,5
occupied,5
dravidian,5
european,5
dawn,5
science,5
punjab,5
dashed,5
detailed,5
antiquity,5
measured,5
comes,5
here,5
alternative,5
der,5
anthropological,5
seem,5
genus,5
regard,5
lothal,5
milk,5
monsoonal,5
seasonal,5
fully,5
madella,5
question,5
models,5
differentiation,5
foragers,5
protohistoric,5
publishing,5
occurs,5
miliaceum,5
green,5
extremely,5
potential,5
linguistics,5
herders,5
hypothesis,5
dung,4
durum,4
edge,4
glover,4
red,4
notably,4
distributed,4
entirely,4
qila,4
becoming,4
complex,4
specialist,4
italiano,4
necessarily,4
du,4
attempts,4
attempt,4
actual,4
editions,4
drawn,4
tion,4
broadly,4
july,4
sometime,4
renfrew,4
inland,4
mahadaha,4
relations,4
swat,4
el,4
wetter,4
publishers,4
activity,4
make,4
framework,4
usage,4
walnut,4
extinct,4
cities,4
phylogeography,4
sp,4
raises,4
glacial,4
application,4
sample,4
aestivum,4
innovation,4
document,4
kuntasi,4
junker,4
pennsylvania,4
kot,4
hilu,4
growth,4
morrison,4
megalithic,4
humanity,4
se,4
lacking,4
space,4
taro,4
applied,4
jomon,4
foothills,4
considerations,4
gradually,4
reviewed,4
too,4
solid,4
benefited,4
four,4
edinburgh,4
pastoral,4
italica,4
traditionally,4
strongly,4
centers,4
changed,4
shared,4
depictions,4
enzel,4
rangpur,4
wide,4
because,4
future,4
hexaploid,4
correlation,4
related,4
gatherers,4
tuljapur,4
rise,4
attributed,4
makes,4
good,4
excavated,4
linden,4
dictionary,4
quite,4
involved,4
around,4
concerns,4
tended,4
methodological,4
hulled,4
weisshaar,4
using,4
genome,4
kodumanal,4
morphology,4
gradual,4
located,4
exception,4
once,4
interpretation,4
alongside,4
osada,4
scrobiculatum,4
pumila,4
arguments,4
pawankar,4
congruent,4
outlined,4
iranian,4
bovines,4
sensu,4
otanical,4
rock,4
added,4
zeder,4
longer,4
shinde,4
anthropology,4
mitochondrial,4
studied,4
turkey,4
systematics,4
watgal,4
assumption,4
vocabulary,4
recovery,4
hunted,4
urbanism,4
paspalum,4
traction,4
last,4
methods,4
pro,4
adaptations,4
luffa,4
la,4
imply,4
note,4
continued,4
sometimes,4
sawa,4
malwa,4
lines,4
referred,4
seen,4
taddei,4
contribution,4
rapidly,4
dans,4
centres,4
fields,4
blench,4
abelmoschus,4
quantitative,4
stratigraphic,4
sohr,4
ravi,4
detail,4
kodo,4
set,4
december,4
grigson,4
gosden,4
linked,4
pakistani,4
padri,4
interactive,4
evident,4
differences,4
notable,4
beauv,4
information,4
oxygen,4
emphasis,4
pre,4
challenges,4
piklihal,4
strong,4
relates,4
formation,4
nuclear,4
shown,4
golabai,4
decrease,4
consumption,4
hunter,4
smaller,4
chronologies,4
defined,4
derive,4
area,4
bradley,4
specific,4
clarify,4
hulas,4
traditional,4
paleoethnobotany,3
djeitun,3
limits,3
fertile,3
sanghol,3
affected,3
mountains,3
cyprus,3
systematically,3
stone,3
true,3
environment,3
comparisons,3
assume,3
britain,3
predominantly,3
yams,3
kenoyer,3
ghosh,3
planting,3
ears,3
deo,3
confirmed,3
asouti,3
fruits,3
molecular,3
take,3
harvey,3
asiatici,3
raised,3
natufian,3
woodlands,3
budihal,3
markers,3
eastwards,3
discuss,3
variations,3
studi,3
fossil,3
savannahs,3
localized,3
zoological,3
royal,3
differed,3
southwestern,3
proto,3
curzon,3
adamgarh,3
initially,3
philosophical,3
forgotten,3
narhan,3
barnett,3
relatively,3
tanno,3
nevasa,3
nahar,3
turn,3
candidates,3
gaertn,3
body,3
allowed,3
pure,3
find,3
apparently,3
traits,3
valleys,3
influence,3
kept,3
opposed,3
daimabad,3
didwana,3
en,3
les,3
argue,3
proportion,3
tubers,3
ongoing,3
pal,3
augmented,3
verticillata,3
bruford,3
northwards,3
gathering,3
elements,3
japonica,3
visit,3
flax,3
yellow,3
chirand,3
blackbuck,3
kunal,3
differs,3
nausharo,3
shifted,3
protohistory,3
osteological,3
irrigation,3
himilayan,3
behaviour,3
standards,3
result,3
plateau,3
einkorn,3
sarai,3
colledge,3
mouton,3
issue,3
events,3
chaff,3
ological,3
aravalli,3
fuel,3
cores,3
weed,3
shifting,3
produced,3
cannot,3
scale,3
migrations,3
balu,3
produce,3
cooke,3
syria,3
literature,3
formerly,3
tool,3
start,3
persistence,3
donors,3
theoretical,3
prominent,3
brought,3
civilisation,3
epipalaeolithic,3
proportions,3
mohenjodaro,3
whole,3
buffalos,3
olithic,3
inferences,3
warranted,3
accumulation,3
hi,3
somewhere,3
il,3
appetites,3
buth,3
interpreted,3
subspecies,3
staple,3
outline,3
mesopotamia,3
penning,3
vetches,3
presented,3
below,3
indicators,3
trading,3
methane,3
gaur,3
naikund,3
migration,3
highly,3
ancestors,3
yielded,3
managed,3
triticum,3
renewed,3
casparie,3
acutangula,3
loci,3
oriente,3
horizons,3
highlights,3
he,3
habitats,3
navdatoli,3
minor,3
expansion,3
gopalpur,3
above,3
targeted,3
zebus,3
bread,3
examined,3
ne,3
specimens,3
clarified,3
processing,3
moore,3
cuddapah,3
ed,3
wisconsin,3
begins,3
savannah,3
archaezoological,3
liversage,3
maeson,3
community,3
uniflorum,3
fire,3
rupar,3
others,3
postgraduate,3
similarly,3
husk,3
junglefowl,3
sur,3
zeist,3
garni,3
bovids,3
hoopes,3
diverse,3
bristley,3
doubt,3
resolved,3
flocks,3
serious,3
basic,3
palaeobotany,3
dhavalikar,3
strategies,3
immature,3
necessary,3
maturity,3
spikelet,3
basa,3
reed,3
ethnoarchaeological,3
trajectory,3
collections,3
conceivable,3
sixth,3
genetically,3
top,3
findings,3
spriggs,3
waste,3
causes,3
questions,3
bitter,3
rare,3
krishna,3
sees,3
previous,3
taxon,3
low,3
lakes,3
dominated,3
cappers,3
tribal,3
features,3
am,3
played,3
universitario,3
sindh,3
exchange,3
hand,3
mainly,3
macrotyloma,3
structure,3
hunters,3
equivalent,3
caution,3
increasing,3
dealing,3
bottema,3
somewhat,3
suggestion,3
lineages,3
ojiyana,3
crucial,3
identity,3
order,3
primarily,3
ordering,3
malhar,3
transformation,3
austroasiatic,3
adaptation,3
tokwa,3
pristine,3
ing,3
instances,3
investigate,3
immigrant,3
contained,3
cultivars,3
hyacinth,3
complexity,3
intensification,3
medio,3
peoples,3
complexes,3
substrate,3
continues,3
offered,3
temporal,3
korali,3
school,3
colonization,3
control,3
browntop,3
global,3
down,3
dholavira,3
appendix,3
momordica,3
grey,3
distinctive,3
advances,3
bean,3
nilgiri,3
atranjikhera,3
hallur,3
unique,3
bagor,3
list,3
era,3
brink,3
densities,3
require,3
bannu,3
contain,3
son,3
saharan,3
among,3
atmospheric,3
techniques,3
re,3
adapted,3
lucknow,3
archaeob,3
copper,3
colonial,3
gufkral,3
arrows,3
nile,3
parallels,3
course,3
integration,3
attributes,3
off,3
shift,3
assumed,3
price,3
joshi,3
mason,3
chicago,3
debate,3
focus,3
profiles,3
southeastern,3
stapf,3
striking,3
godavari,2
go,2
currently,2
abinash,2
flow,2
way,2
anatolian,2
radiata,2
relevance,2
develops,2
names,2
clason,2
tropics,2
imported,2
cultiva,2
isotopes,2
ganj,2
fouilles,2
determine,2
records,2
kiratpur,2
brittle,2
grasses,2
kaimur,2
group,2
aegyptiaca,2
kowm,2
bor,2
identify,2
essays,2
reassessment,2
precede,2
formed,2
peas,2
mcdonald,2
continent,2
surround,2
sudden,2
cryptic,2
proxy,2
hepper,2
higgs,2
mitathal,2
potentials,2
unlike,2
eastward,2
seteria,2
domes,2
tepesi,2
updated,2
properties,2
cucumbers,2
fluctuations,2
colona,2
birla,2
notre,2
consistent,2
highlighted,2
derives,2
repertoire,2
season,2
rig,2
promoting,2
indicative,2
brock,2
shirkapur,2
reach,2
ubiquitous,2
leading,2
assess,2
great,2
right,2
roxb,2
government,2
perur,2
generalizations,2
characterizing,2
humpless,2
help,2
ancestry,2
favours,2
hoard,2
mind,2
implication,2
concepts,2
political,2
nal,2
declines,2
papers,2
similarities,2
side,2
episodes,2
chamalu,2
colonum,2
dareh,2
prone,2
iv,2
incorporate,2
greenland,2
jacobsen,2
logical,2
explorations,2
illegitimate,2
move,2
dataset,2
occupations,2
longevity,2
nepal,2
regards,2
x,2
selecting,2
dynamic,2
emporium,2
interact,2
minimum,2
corresponding,2
hudson,2
civilisations,2
ofrihn,2
assignment,2
oshkona,2
pit,2
collapse,2
luran,2
house,2
ocp,2
surely,2
dotted,2
spectrum,2
hongo,2
difficulties,2
dynamics,2
quality,2
sediment,2
unpublished,2
arnot,2
patchy,2
traps,2
regarded,2
mixed,2
br,2
dangwada,2
glume,2
eurasian,2
ability,2
expected,2
palaeolithic,2
clay,2
clark,2
nutritional,2
david,2
vertcillata,2
boundary,2
channels,2
served,2
provisional,2
companion,2
compared,2
honour,2
misleading,2
burma,2
feral,2
storage,2
roundtable,2
palaeoenvironmental,2
botanique,2
error,2
selectively,2
industries,2
arietinum,2
collagen,2
poor,2
via,2
agropastoralism,2
colin,2
recognized,2
adequate,2
floor,2
transformations,2
his,2
purely,2
khanpur,2
aimed,2
main,2
highlands,2
snake,2
bonta,2
eleni,2
grateful,2
illustration,2
rohira,2
borrowing,2
mean,2
comparable,2
turkmenistan,2
province,2
mammals,2
determining,2
cucumis,2
tyhe,2
aquatic,2
cave,2
cooking,2
arbor,2
von,2
ficulneus,2
supposed,2
consistency,2
means,2
mosaic,2
arid,2
corroborated,2
nor,2
banawali,2
clearings,2
etymological,2
dioscorea,2
zeuner,2
fast,2
sant,2
langhnaj,2
floras,2
diffuse,2
dominate,2
synthetic,2
banarsidass,2
multicultural,2
superior,2
crosses,2
resource,2
surface,2
follow,2
rabi,2
followed,2
organisation,2
peabody,2
rai,2
phased,2
theory,2
termination,2
organic,2
cultivating,2
varagu,2
lead,2
tarakai,2
appearance,2
six,2
histories,2
search,2
relating,2
seven,2
conventionally,2
poplin,2
hexaploids,2
taurus,2
unsubstantiated,2
arable,2
academic,2
pokharia,2
founder,2
transactions,2
bryson,2
stock,2
reviews,2
culinary,2
tools,2
africna,2
bhimbetka,2
replicable,2
habitaional,2
rehman,2
wavy,2
technical,2
catal,2
almost,2
having,2
sorensen,2
distinguish,2
dheri,2
gebauer,2
scope,2
andes,2
invisible,2
significantly,2
dominance,2
breeding,2
kulthi,2
recherche,2
calls,2
reduction,2
loofah,2
reliance,2
childe,2
staubwasser,2
loss,2
year,2
overview,2
kunderu,2
mungo,2
forces,2
emma,2
away,2
millenium,2
surrounding,2
entered,2
predominance,2
fieldwork,2
karela,2
own,2
my,2
trends,2
granitic,2
precipitation,2
esculenta,2
sharma,2
ago,2
working,2
le,2
seminario,2
enrich,2
erramalai,2
diji,2
family,2
quantification,2
crescent,2
mound,2
tivation,2
recognition,2
misidentified,2
knives,2
choose,2
rye,2
dramatic,2
macdonald,2
gene,2
decline,2
essentially,2
distinguished,2
always,2
bases,2
weiss,2
woolly,2
majority,2
notes,2
them,2
agam,2
hybrids,2
deer,2
coccinia,2
activities,2
input,2
humped,2
petraglia,2
bhokardan,2
barnyard,2
approximate,2
mengesha,2
calibration,2
detected,2
grasspea,2
architecture,2
carried,2
impacts,2
analyses,2
divergence,2
short,2
play,2
pastoralists,2
woodland,2
constraints,2
vulgare,2
prove,2
elusive,2
charantia,2
cultivar,2
reappraisal,2
expanded,2
ice,2
traditionelle,2
mohanty,2
ware,2
demic,2
nelson,2
herbarium,2
inhibitors,2
forager,2
deh,2
suited,2
misattributions,2
database,2
plough,2
evolved,2
fifth,2
recognising,2
selective,2
hilly,2
temperate,2
vindhyan,2
une,2
millenaire,2
experimental,2
radiations,2
illustrated,2
harrapan,2
phoenix,2
qualset,2
possibilities,2
hissar,2
quila,2
kutch,2
westward,2
santa,2
lnamgaon,2
efforts,2
verdcourt,2
monophyletic,2
remarks,2
riverine,2
recurrent,2
seasonality,2
herder,2
jorwe,2
weeds,2
exclusion,2
cheng,2
larger,2
distributions,2
succeeding,2
lone,2
antelopes,2
ages,2
took,2
peddamudiyam,2
ivy,2
ground,2
rapid,2
derivation,2
continuing,2
glaucum,2
existing,2
establish,2
relevant,2
tell,2
germination,2
samai,2
deep,2
project,2
cul,2
style,2
mahanadi,2
jalilpur,2
shifts,2
reflected,2
going,2
mill,2
lunkaransar,2
evi,2
sal,2
urdbean,2
original,2
collecting,2
reveals,2
examples,2
smartt,2
explanation,2
israel,2
thickness,2
birds,2
debates,2
skeletal,2
persists,2
cropping,2
ponds,2
complement,2
persisted,2
digitaria,2
ideas,2
harvard,2
harlan,2
watt,2
individuals,2
recruitment,2
complicated,2
landscapes,2
modem,2
authors,2
mangudi,2
namadicus,2
workers,2
ploughing,2
arc,2
symposium,2
inquiry,2
kalibangan,2
damb,2
distinction,2
stages,2
harpoon,2
contributed,2
fowls,2
interacted,2
preservation,2
adequately,2
motilal,2
wight,2
unambiguous,2
agri,2
pratibha,2
blackwell,2
diamond,2
versus,2
impressed,2
relative,2
regimes,2
attention,2
immigration,2
overlooked,2
cautionary,2
sphaerococcoid,2
caucasus,2
farm,2
frumentacea,2
factors,2
sesame,2
depth,2
yr,2
estremo,2
me,2
meander,2
phylogenetics,2
machugh,2
patel,2
boars,2
kaundinyapura,2
hill,2
nabta,2
insufficient,2
tuber,2
becomes,2
directions,2
pop,2
affinity,2
overlap,2
life,2
arikelu,2
diagnostic,2
stratified,2
hydrological,2
clutton,2
centuries,2
paiyampalli,2
regularly,2
reveal,2
pepper,2
warrants,2
burzahom,2
curious,2
kahlheber,2
rarely,2
chattopadyaya,2
biology,2
following,2
bombay,2
apegaon,2
milking,2
breads,2
hypothesized,2
bioarchaeological,2
dr,2
charles,2
chattisgarh,2
occupational,2
pea,2
ulations,2
offers,2
geoarchaeology,2
chitalwala,2
outcome,2
continental,2
veerapuram,2
boccard,2
lefevre,2
routine,2
intensive,2
ancestor,2
focuses,2
incorporating,2
etal,2
nath,2
michegan,2
foundation,2
harvest,2
reliability,2
shaded,2
steppe,2
mesticates,2
pigeonpea,2
prospects,2
utilized,2
living,2
raishan,2
garhi,2
stability,2
references,2
grandis,2
zagros,2
madurai,2
frifelt,2
simmonds,2
cremaschi,2
thames,2
fodder,2
incorporated,2
urban,2
art,2
des,2
sativus,2
naked,2
preserved,2
iva,2
ruled,2
archipelago,2
develop,2
interdisciplinary,2
variability,2
target,2
palynology,2
isolated,2
kabir,2
coming,2
syndrome,2
atre,2
pramod,2
shorter,2
kunnatur,2
routiedge,2
ignored,2
neighbouring,2
average,2
similarity,2
illustrations,2
mukund,2
indications,2
instead,2
salt,2
integrated,2
correlated,2
kala,2
cation,2
introgression,2
colleagues,2
attempted,2
calbc,2
baluchitsan,2
roughly,2
summary,2
limitations,2
anonymous,2
flora,2
kachi,2
reached,2
texts,2
deposition,2
reconsideration,2
dental,2
hanumantaraopeta,2
technological,2
palaeovegetation,2
broader,2
reflections,2
termed,2
gourd,2
madhuca,1
palaeoenvironments,1
gupte,1
resolve,1
tostain,1
pandu,1
difficult,1
compile,1
lemma,1
cussion,1
mineralized,1
duckworth,1
chromosome,1
babor,1
spice,1
romance,1
mostly,1
done,1
accidents,1
mallow,1
situate,1
doubts,1
phrased,1
ototiit,1
kathia,1
polish,1
estimated,1
appreoaches,1
concerned,1
implying,1
dorian,1
behaviourally,1
bilijapalle,1
pondicherry,1
floppy,1
liguistic,1
broadest,1
bengal,1
functional,1
investigaciones,1
nbikwarrte,1
hacilar,1
mohanta,1
dipartimento,1
uptake,1
spliaerococcum,1
kushana,1
balsam,1
vious,1
resulted,1
uplands,1
arrive,1
archaeobotani,1
ranges,1
ppna,1
marginalized,1
emblic,1
appetities,1
utility,1
interestingly,1
afghani,1
sphere,1
crossing,1
siderations,1
existed,1
speakers,1
jarres,1
multivari,1
inconsequential,1
interdisci,1
yangzi,1
golpapur,1
investi,1
marais,1
myth,1
confidence,1
mobility,1
secondarily,1
relictual,1
maize,1
archaezoology,1
artistic,1
diversification,1
pratap,1
informative,1
live,1
schools,1
library,1
fibres,1
circumspect,1
millennnium,1
english,1
palaeoethnob,1
friends,1
nuts,1
dominating,1
jujube,1
inconsistent,1
easily,1
fistulosus,1
sativum,1
gallinaceous,1
candidate,1
unnamed,1
sawwama,1
hotly,1
ti,1
station,1
former,1
bhavan,1
reasonably,1
words,1
hte,1
iwiajara,1
cm,1
foxtails,1
cycles,1
luni,1
emphasize,1
mainland,1
simoons,1
francis,1
stan,1
icarda,1
landform,1
em,1
maybe,1
pursuing,1
kwtppan,1
fruitful,1
gupta,1
pots,1
sondage,1
attirbutred,1
arguing,1
descriptions,1
revision,1
origination,1
dtyas,1
rijksuniversiteit,1
tigations,1
precursors,1
squarrosa,1
signal,1
hints,1
baker,1
themes,1
anamalai,1
aw,1
mahw,1
behre,1
incomplete,1
expanding,1
phytogeny,1
finalised,1
gravity,1
fraction,1
upland,1
transitions,1
perusal,1
fumihito,1
surey,1
clari,1
languedoc,1
abundant,1
pai,1
every,1
ornelas,1
implicatrions,1
grapes,1
chalcol,1
slaughtered,1
kennedy,1
progressed,1
fifteenth,1
exaggerated,1
researched,1
ghul,1
adjancent,1
skeels,1
innovations,1
concentrated,1
contrasted,1
address,1
fowl,1
disturbance,1
sub,1
palynological,1
undocumented,1
humans,1
utilization,1
gourds,1
anywhere,1
morpho,1
emerged,1
advanced,1
consultancy,1
qasr,1
ranchers,1
experiments,1
transformational,1
paysages,1
palates,1
definition,1
dramatically,1
oxbows,1
eration,1
grittier,1
crabgrass,1
route,1
stratigraphically,1
text,1
qermez,1
sebesten,1
dimbleby,1
lichter,1
accompanied,1
conolly,1
asymmetric,1
simple,1
confusion,1
thank,1
confirming,1
timing,1
garded,1
rich,1
vegetale,1
tekkalakota,1
base,1
follows,1
shot,1
buchnania,1
physique,1
transferred,1
mandibles,1
closer,1
palaeoe,1
composition,1
limonia,1
balakot,1
americium,1
room,1
religion,1
locality,1
cpdna,1
resulting,1
cowpea,1
harrassowitz,1
real,1
packages,1
reproduction,1
niche,1
refernce,1
integrate,1
walnuts,1
northernmost,1
microsateuite,1
analogue,1
improved,1
musk,1
consist,1
scenario,1
written,1
dependence,1
greatly,1
vernalizing,1
piebald,1
marine,1
situ,1
etudios,1
sutlej,1
hils,1
duality,1
reminiscent,1
colluvium,1
california,1
decreased,1
alike,1
surveys,1
behind,1
epic,1
daniel,1
visibility,1
colluvial,1
extreme,1
worldwide,1
nomadic,1
frowing,1
discerning,1
depends,1
clades,1
nowhere,1
yano,1
taphonomic,1
ill,1
vavilov,1
fossils,1
con,1
migrates,1
faisselles,1
reconstruction,1
lam,1
projectile,1
preshitory,1
san,1
recorded,1
tie,1
gations,1
dafrique,1
continuum,1
histoire,1
varved,1
primary,1
nu,1
proxies,1
nificant,1
representations,1
buitenhuis,1
jumping,1
agronomists,1
figs,1
chapter,1
colombia,1
script,1
symbiosis,1
placement,1
ar,1
illustrate,1
labs,1
facilitating,1
reaching,1
jacinto,1
producers,1
cytoge,1
intensively,1
hiatus,1
occupy,1
yasua,1
rowley,1
alluviation,1
occurring,1
taking,1
fication,1
pwtnar,1
sino,1
extends,1
jhusi,1
mellaart,1
palaeoethnobotanical,1
beak,1
conception,1
ovis,1
singanapalle,1
cruciata,1
mistakenly,1
bottom,1
chart,1
hooja,1
geomorphological,1
discriminant,1
rainforests,1
southwetsern,1
constrained,1
considerably,1
milder,1
representing,1
enter,1
juvenile,1
unchecked,1
estado,1
himself,1
explorer,1
lastoglacial,1
ritual,1
gnoli,1
ironj,1
domesctication,1
confessions,1
cannabis,1
zonation,1
sweet,1
holland,1
bharatapur,1
gujarati,1
tional,1
fitolitos,1
tied,1
taurines,1
emphasizing,1
reassessments,1
overlaps,1
easterly,1
kuahuqiao,1
obser,1
exposed,1
emblica,1
karappait,1
repeatedly,1
relies,1
generalized,1
squash,1
excursus,1
multidimensional,1
poaceae,1
zaghe,1
comments,1
differential,1
andel,1
germinate,1
mt,1
disorder,1
deciphering,1
oily,1
influx,1
kunduri,1
reverse,1
perc,1
explained,1
inner,1
buck,1
banaras,1
kuhjhun,1
intentional,1
run,1
consumed,1
rissman,1
scarce,1
faced,1
interior,1
imals,1
otany,1
chavin,1
ege,1
neighbours,1
ferghana,1
track,1
predators,1
neighbors,1
authoritative,1
dozen,1
pttepadu,1
stands,1
ritualized,1
cayonii,1
hawaii,1
shales,1
ern,1
reposnses,1
specialised,1
highlighting,1
mesoamerica,1
landraces,1
co,1
boca,1
industrial,1
glauca,1
sphaero,1
shorea,1
thailand,1
memoriae,1
century,1
extensively,1
digestive,1
dence,1
kalibagan,1
phyllanthus,1
cordia,1
kind,1
ai,1
admixture,1
attracting,1
priority,1
inhabited,1
inserted,1
individual,1
shearing,1
bezoar,1
peng,1
asja,1
direction,1
tibet,1
jangli,1
mistakes,1
andean,1
places,1
velpumudugu,1
stabilized,1
refer,1
zooarchaeological,1
cucurbits,1
sohagaura,1
karlovsky,1
coppicing,1
amount,1
boar,1
contrary,1
gundar,1
banahalli,1
bufalo,1
coaracana,1
response,1
consumer,1
lanciotti,1
diococcum,1
sanganakallu,1
young,1
stacul,1
gal,1
allowing,1
lineage,1
levantine,1
skeletons,1
egypt,1
arukhlo,1
continuous,1
witnessed,1
truly,1
owrtop,1
rhythm,1
thapar,1
semantic,1
sano,1
overarching,1
clears,1
men,1
geological,1
propagated,1
megaw,1
obscure,1
wat,1
charcoals,1
semblages,1
ralston,1
look,1
nouveau,1
critique,1
details,1
corbet,1
libyan,1
gavi,1
groves,1
ohalo,1
jones,1
concentric,1
hoe,1
trajec,1
distirct,1
loan,1
footed,1
cowan,1
poznan,1
nomenclature,1
scription,1
conceptually,1
kurdistan,1
ment,1
scholarly,1
archebotaniques,1
mechanism,1
alabama,1
lesser,1
mechanisms,1
miriam,1
assessed,1
migrationist,1
lamberg,1
uhuradewa,1
excavate,1
fifith,1
interesting,1
musuem,1
acculturation,1
pant,1
town,1
dikshit,1
cially,1
ka,1
interbreeding,1
anthropogenesis,1
corr,1
naan,1
russian,1
palaeochannels,1
collected,1
med,1
genera,1
underway,1
indisputable,1
links,1
spreng,1
cwtand,1
tubercle,1
soviet,1
superficial,1
mestic,1
epicentre,1
taxonomy,1
naman,1
sort,1
vegetables,1
var,1
keepers,1
seals,1
gazetteer,1
presentation,1
khairadih,1
neglected,1
contemplation,1
completely,1
shortughai,1
active,1
archaeolog,1
dis,1
infilled,1
goes,1
reconsid,1
opportunity,1
bias,1
laduwala,1
blunier,1
khok,1
mesopotamian,1
taxonomists,1
pointing,1
kuchai,1
lekhahia,1
mercer,1
assuming,1
pathologies,1
arrived,1
envision,1
symbols,1
consuming,1
danger,1
white,1
repeats,1
uncertainties,1
summarized,1
discoveries,1
laying,1
adam,1
floristic,1
marginal,1
roth,1
multivariate,1
pratapgarh,1
lennium,1
matsushima,1
bottoms,1
allometric,1
topographic,1
palea,1
recherches,1
sown,1
probabilities,1
acidissima,1
cnrs,1
archaeobotanically,1
wasse,1
numbers,1
perpetuation,1
windows,1
adopt,1
obstructing,1
baidipur,1
marks,1
biased,1
boxed,1
hireyra,1
immigrants,1
calcutta,1
improvement,1
biogeographic,1
statistical,1
eco,1
familiar,1
retained,1
spreading,1
creek,1
vations,1
behaviours,1
kal,1
southernmost,1
transformed,1
driven,1
instituto,1
accrued,1
episodically,1
placed,1
methodist,1
plynology,1
kurkterw,1
tatissimum,1
velaga,1
frequently,1
profile,1
accumulating,1
periodically,1
situations,1
presumed,1
orientation,1
townsites,1
sus,1
commonly,1
cientificas,1
leverhulme,1
term,1
dehiscent,1
experienced,1
delta,1
tilwara,1
textile,1
jerf,1
chanudaro,1
vietnam,1
hypothetical,1
readings,1
drought,1
shed,1
linkage,1
definite,1
sewell,1
evaluation,1
consequence,1
stark,1
ful,1
maharsahtra,1
hildebrandt,1
anamika,1
madya,1
stahl,1
maunier,1
permanent,1
biocultural,1
absolute,1
destructive,1
explain,1
indomalayan,1
syntheses,1
kosh,1
swidden,1
etude,1
yabuno,1
warmer,1
strategy,1
coincide,1
preference,1
providing,1
travel,1
tory,1
fox,1
golpalpur,1
translocation,1
llc,1
ambala,1
causation,1
plantas,1
centra,1
usi,1
granite,1
sangiuinalis,1
solar,1
expressed,1
uses,1
advance,1
bl,1
antiquaries,1
acceptable,1
whom,1
memory,1
ethnography,1
chakrabarti,1
pennisetum,1
bearing,1
initiated,1
tural,1
manoa,1
raichur,1
alur,1
explanatory,1
typical,1
oriyo,1
geophysical,1
forming,1
treatments,1
combinations,1
jwk,1
attrition,1
faba,1
behavioral,1
dunes,1
detween,1
preshistory,1
amazon,1
chattopadhyaya,1
ocean,1
fishing,1
cornell,1
spongier,1
dasas,1
rudolf,1
tabulation,1
taphonomy,1
pod,1
primigenius,1
opt,1
dani,1
emerge,1
persist,1
scepticism,1
radiometric,1
isotope,1
sys,1
titicum,1
featured,1
marco,1
none,1
scrofa,1
circulation,1
watson,1
density,1
accurately,1
intervening,1
koppa,1
artefact,1
agriculturalist,1
oklahoma,1
informed,1
mother,1
let,1
pioneer,1
buried,1
babar,1
aryan,1
harvardkyoto,1
silence,1
visva,1
michigan,1
chopani,1
currence,1
keywords,1
ethnoliguistic,1
rufipogon,1
neither,1
criterion,1
promise,1
mohammad,1
hoofprints,1
thin,1
grounds,1
plos,1
coimbatore,1
nothing,1
determinations,1
ford,1
cylindrica,1
confirmation,1
lowlands,1
pleistocene,1
facilities,1
raiasthan,1
aridity,1
dao,1
acceleration,1
forelimb,1
acknowledgments,1
aryans,1
tracking,1
chanchala,1
discovery,1
vegetal,1
walki,1
mmommc,1
sparse,1
experiment,1
linguis,1
kitchen,1
atatranjikhera,1
globally,1
failure,1
mtdna,1
shape,1
belouchistan,1
arora,1
fleece,1
hybrid,1
artefacts,1
network,1
upto,1
relatives,1
paleoenvironmental,1
timbo,1
melons,1
kishor,1
recommending,1
ihe,1
lapses,1
sarovar,1
climb,1
occidentales,1
voigt,1
deveraj,1
syzigium,1
rainy,1
duem,1
argali,1
contributions,1
preferred,1
ofshria,1
interspersion,1
unless,1
opal,1
consejo,1
hybridisation,1
biochemical,1
documenting,1
appreciable,1
tributary,1
rearrangements,1
ramics,1
edn,1
probsthain,1
vertebrae,1
correctly,1
studia,1
test,1
confirms,1
exavation,1
forst,1
tip,1
reminded,1
masson,1
donkeys,1
quantifi,1
parameters,1
lentils,1
misinterpreted,1
camus,1
chang,1
island,1
drier,1
obscured,1
unreported,1
exclusively,1
postulated,1
pun,1
arikamedu,1
prehistoire,1
spikelets,1
people,1
bastar,1
streams,1
chatterjee,1
aegle,1
actually,1
caprine,1
eksamberkar,1
threshing,1
structures,1
rapd,1
jaingxi,1
aurangabad,1
call,1
rakesh,1
proliferation,1
artemisia,1
reflect,1
overviews,1
tungabhadra,1
compact,1
correlates,1
sali,1
stationary,1
archaeolohy,1
pudoc,1
chalcolithi,1
cucurbitaceous,1
artifact,1
lau,1
chastenet,1
horizon,1
associarion,1
elephant,1
universally,1
kale,1
marges,1
breeders,1
ali,1
markedly,1
esc,1
peltenberg,1
gap,1
count,1
clearance,1
manipulation,1
relentless,1
bodies,1
faktntts,1
numerically,1
analysed,1
produits,1
earth,1
oriental,1
melon,1
picture,1
wholesale,1
tough,1
responses,1
hut,1
khameswaripalli,1
sathe,1
tolerant,1
chandauli,1
questionmarks,1
los,1
sense,1
indicator,1
negligible,1
lowest,1
vikas,1
vedic,1
simpler,1
involve,1
integrity,1
speculations,1
athacilar,1
next,1
screw,1
interacting,1
mediterranean,1
pected,1
sharp,1
utkal,1
gisp,1
tibetan,1
prologue,1
cognate,1
ethnobotanists,1
schotmans,1
concept,1
intrusive,1
soil,1
sufficient,1
shapes,1
components,1
biologically,1
masking,1
eighth,1
folk,1
transfer,1
ohalu,1
proso,1
rates,1
peak,1
refinement,1
grig,1
ancestral,1
vill,1
latest,1
boundaries,1
challenge,1
differing,1
nilgai,1
deletion,1
oreintale,1
typology,1
museums,1
perlman,1
mecha,1
descendants,1
pang,1
curement,1
pushed,1
nonrandom,1
kiple,1
cajanus,1
thatching,1
oryzoid,1
lacuna,1
topi,1
filling,1
copra,1
citations,1
ay,1
peculiar,1
roots,1
unripe,1
niu,1
breed,1
mauritania,1
watts,1
dairying,1
mando,1
labelled,1
underlying,1
prelude,1
displaced,1
uncritical,1
dioeca,1
structuring,1
flour,1
tierhaltung,1
drainage,1
culltivation,1
phenological,1
episodic,1
palynologiue,1
ulary,1
settle,1
founding,1
sporadic,1
sophistication,1
baborkot,1
massive,1
dmoestic,1
promising,1
logic,1
shillourokambos,1
knowledge,1
scalar,1
ses,1
orientale,1
sanskrit,1
barans,1
distin,1
regarding,1
settlers,1
chronological,1
isozymes,1
span,1
retreated,1
contributes,1
newer,1
experimentales,1
coloni,1
taradih,1
merous,1
ical,1
ranging,1
uhuwjewa,1
fund,1
resourcel,1
karthala,1
demand,1
reduced,1
earty,1
proche,1
saw,1
attributable,1
subsp,1
zaoshi,1
pitfalls,1
cunero,1
bred,1
ac,1
ziziphus,1
uptons,1
lukacs,1
correlating,1
routeledge,1
separation,1
thoughts,1
simplistically,1
motivations,1
service,1
quantified,1
jharkhand,1
toward,1
palaeoecology,1
crete,1
preclude,1
manipulate,1
pathipakam,1
khunjun,1
raval,1
unconscious,1
legumes,1
undergoing,1
mahrashtra,1
steps,1
ten,1
thickets,1
nearly,1
innocence,1
hammond,1
ducos,1
whatever,1
allen,1
costantini,1
esca,1
harry,1
andatylosia,1
dwellings,1
lhasi,1
mainad,1
xl,1
balochistan,1
pandey,1
afircan,1
linguistically,1
chaeological,1
movement,1
relaxed,1
madras,1
kalapet,1
harvesters,1
jarun,1
manjhi,1
miltenaire,1
borderland,1
panicle,1
positive,1
standardize,1
consump,1
bhagimohari,1
verde,1
golfe,1
undergo,1
rugose,1
expansions,1
sangrur,1
badam,1
practiced,1
gmbh,1
pacific,1
hiregudda,1
land,1
flat,1
relied,1
rad,1
phylogeographic,1
todmvmiy,1
pejros,1
floods,1
vided,1
lagged,1
dactyloctinum,1
meanwhile,1
opportunities,1
etat,1
tntftfenm,1
translocations,1
thought,1
sringeverapura,1
serve,1
koraput,1
detectable,1
coevolution,1
evidential,1
balasubramanya,1
paratha,1
positing,1
tafcs,1
inconsistencies,1
horned,1
council,1
pumban,1
parsimonious,1
manji,1
unwin,1
robert,1
swamp,1
fringes,1
home,1
ucko,1
botany,1
netical,1
adjusted,1
satavahana,1
complete,1
essential,1
aux,1
diploid,1
khaple,1
ethnographic,1
tic,1
um,1
showing,1
gomal,1
window,1
bulliform,1
robust,1
hopes,1
basant,1
inspire,1
insights,1
patan,1
hunan,1
resolution,1
wdwyy,1
yangshao,1
lined,1
principal,1
cumini,1
speaking,1
predominate,1
ghalegay,1
strata,1
emerg,1
wendorf,1
paleoenvironnements,1
increasingly,1
stones,1
fairly,1
ridged,1
company,1
agricul,1
transcaucasia,1
declining,1
fill,1
ox,1
tetraploids,1
oiyza,1
sahel,1
humid,1
colocasia,1
enquiry,1
craniology,1
causal,1
angela,1
pinning,1
bulbifera,1
biocliamtology,1
pennar,1
ethnohistory,1
law,1
intron,1
book,1
waves,1
systemic,1
shrihari,1
aegilops,1
kimata,1
provenience,1
mesollthlc,1
agronomy,1
jiang,1
locating,1
preferences,1
unintentional,1
hearths,1
fundamental,1
usually,1
oreinte,1
grits,1
kaithal,1
ragi,1
archaeologi,1
charting,1
lighter,1
twenty,1
inves,1
idea,1
valid,1
hollow,1
ambastaef,1
storing,1
neolthic,1
ajita,1
scholars,1
abstain,1
occurrence,1
maternal,1
perceptible,1
trichosanthes,1
our,1
carbonized,1
statemaking,1
benecke,1
utilizing,1
plan,1
khili,1
agree,1
atic,1
abstract,1
yayinlar,1
foods,1
chanda,1
lacks,1
dicata,1
inevitably,1
layer,1
someplace,1
khira,1
impressive,1
really,1
anthro,1
practical,1
classical,1
sponse,1
culti,1
decreases,1
incorporation,1
plagued,1
guishing,1
fanning,1
grows,1
brill,1
amri,1
daimabadv,1
debated,1
arthur,1
longue,1
meanders,1
vegetatively,1
uncharred,1
yearbook,1
auct,1
magee,1
external,1
ceedings,1
gruyter,1
interim,1
msc,1
harvested,1
mai,1
almonds,1
never,1
reproductive,1
outside,1
fits,1
steppic,1
ashy,1
neredu,1
zeven,1
posit,1
progeni,1
neolithique,1
considers,1
discussing,1
sontheimer,1
kobayashi,1
mammalian,1
kanishkapura,1
varietal,1
bead,1
accepted,1
non,1
contracted,1
requiring,1
ultimately,1
coincident,1
fibre,1
sw,1
containers,1
balsamina,1
focusing,1
mango,1
rajan,1
insular,1
ciencial,1
eatsren,1
chronologically,1
eclectic,1
zvelebil,1
frequency,1
tails,1
shahi,1
pandyas,1
kobusiewicz,1
stanford,1
carbonates,1
conceivably,1
destroyed,1
lumping,1
peninsularinwa,1
day,1
identifiable,1
nicole,1
counsels,1
elevation,1
voight,1
meandering,1
gremillion,1
interpreting,1
afghanstian,1
breakdown,1
ecol,1
recognizing,1
classes,1
technologies,1
balance,1
investment,1
visions,1
elevations,1
archaeo,1
leeuw,1
coherent,1
cayonu,1
choyke,1
tucci,1
infraspecific,1
bharat,1
organisms,1
bon,1
helmand,1
carbonised,1
tigrana,1
ic,1
contours,1
refining,1
daulatpur,1
notthe,1
ce,1
tuberculatus,1
autochthonous,1
concentration,1
bhima,1
previously,1
vexing,1
habelt,1
henan,1
recover,1
culinaris,1
elite,1
caprines,1
encouraged,1
hansia,1
host,1
societal,1
elucidated,1
utilised,1
defences,1
pecially,1
unfortunately,1
manoharlal,1
neumann,1
additions,1
varve,1
exciting,1
factor,1
reconstructing,1
mayurbhanj,1
ramlat,1
ryan,1
revelations,1
sanyasula,1
ethnic,1
assign,1
pack,1
domesti,1
maturation,1
branch,1
maredu,1
laboratory,1
keonjhar,1
trust,1
acacia,1
vocab,1
transect,1
howe,1
improvements,1
shortly,1
chiefdon,1
morhpohology,1
shelter,1
involves,1
underwent,1
specimen,1
vii,1
finally,1
rejected,1
ties,1
aee,1
open,1
dl,1
sandynalah,1
tication,1
pastoralismj,1
mortu,1
discovered,1
paunar,1
reminas,1
styles,1
reality,1
lacustrine,1
directed,1
oc,1
comprehensive,1
scandinavia,1
reservations,1
newsletter,1
bayesian,1
accounted,1
biogeographical,1
sublobata,1
mulated,1
shorapur,1
biochecmical,1
oriup,1
started,1
characterized,1
collaboration,1
mimimum,1
length,1
gardner,1
gulbarga,1
tump,1
savithri,1
palaeontology,1
clarke,1
saran,1
floated,1
cache,1
dongting,1
spectra,1
austronesian,1
multifarious,1
addi,1
unsettled,1
proximity,1
southcentral,1
camelid,1
epoch,1
procuring,1
ahmar,1
segment,1
acculturate,1
djietun,1
cucumerina,1
artificial,1
oilseeds,1
punctuated,1
hatching,1
hopf,1
graphic,1
allozyme,1
sandy,1
facing,1
phjytoliths,1
mental,1
arizona,1
floral,1
promote,1
indi,1
arise,1
spreads,1
institut,1
interpretations,1
tree,1
assessing,1
respectively,1
crc,1
anderson,1
dense,1
sig,1
thuljapur,1
ib,1
excluded,1
belan,1
axe,1
cognition,1
harayana,1
concluding,1
primitive,1
seeking,1
ethnographically,1
afroca,1
charda,1
morli,1
preand,1
tight,1
greece,1
begs,1
socially,1
ate,1
workshop,1
mutations,1
retracted,1
institution,1
destruction,1
congenial,1
insignificant,1
environ,1
dryas,1
archeozoologie,1
controversial,1
anatolia,1
vertebrate,1
domeaticated,1
rajmahal,1
mil,1
paleoanthropology,1
enquiries,1
maofitmc,1
summarises,1
songaon,1
jamali,1
bee,1
dispersing,1
transi,1
rupanagudi,1
polymorphism,1
plaeobotanical,1
suspects,1
dogs,1
enough,1
consists,1
fifty,1
neely,1
relying,1
durumjt,1
penguin,1
phanom,1
states,1
baidaypur,1
applications,1
ploughs,1
tested,1
genesis,1
raise,1
ary,1
residual,1
lanzan,1
regular,1
wetland,1
bulk,1
figure,1
continue,1
five,1
france,1
traces,1
imbalance,1
atypical,1
goodenough,1
vicia,1
staples,1
testing,1
arabia,1
chachinga,1
britian,1
moench,1
laos,1
miller,1
resistant,1
select,1
contraction,1
timespan,1
hutchinson,1
favour,1
cytochrome,1
male,1
racial,1
hsu,1
rojd,1
unquestioned,1
starch,1
dimensions,1
lost,1
duction,1
colonizers,1
un,1
rethinking,1
mangifera,1
braidwood,1
swiny,1
trait,1
sone,1
mitrochondrial,1
mylouthkia,1
suggestions,1
myxa,1
bins,1
microsatellites,1
consumables,1
suffices,1
category,1
lrtt,1
volumes,1
inamgan,1
why,1
directorate,1
es,1
reaches,1
inspired,1
expectations,1
rajar,1
atsurkotada,1
wan,1
fall,1
measuring,1
ramapuram,1
surprising,1
laitiers,1
shikarpur,1
ploidy,1
dead,1
machado,1
composed,1
angled,1
shangshan,1
radiocar,1
metrical,1
get,1
paleoethnob,1
parenchyma,1
dent,1
intermittent,1
minimalist,1
urial,1
arts,1
mounds,1
mud,1
extensions,1
belt,1
stable,1
undiscussed,1
loanwords,1
sponge,1
archaeolgical,1
cicer,1
malabsorption,1
karachi,1
rarity,1
differentiated,1
emerging,1
theorization,1
plinary,1
presidency,1
abandonment,1
nekkera,1
nagpur,1
mounton,1
kanishpur,1
thinking,1
coat,1
asie,1
dhibi,1
suite,1
plumper,1
mahorana,1
civilizations,1
willd,1
sorting,1
conclusion,1
doubtless,1
injedu,1
mentioned,1
colonists,1
encampment,1
shalimirzadi,1
moschatus,1
founded,1
measurements,1
urgent,1
diaotonghuan,1
prabas,1
mourant,1
onset,1
santhli,1
kharwada,1
mestication,1
pace,1
symbolic,1
controbutions,1
implied,1
kemp,1
allahdino,1
tics,1
bronze,1
physical,1
separately,1
sangam,1
vation,1
perforated,1
walaki,1
burthana,1
output,1
ireland,1
drift,1
doi,1
sation,1
meat,1
minerals,1
viewed,1
sines,1
scoriaceous,1
forty,1
sylvestris,1
organization,1
milieu,1
acquired,1
kalthe,1
cakes,1
leshnik,1
southward,1
khorasan,1
diet,1
tuvar,1
corp,1
dairy,1
tributions,1
specialization,1
pande,1
readily,1
canid,1
cated,1
grow,1
sterility,1
vegetational,1
share,1
thari,1
seriously,1
sizes,1
setting,1
chalcolrthtc,1
variable,1
believe,1
makran,1
sonnerati,1
losephi,1
prominence,1
gazelle,1
suelosy,1
starchy,1
strategioes,1
paleoclimatic,1
universal,1
directly,1
nautiyal,1
macaroni,1
post,1
eventually,1
kurugodu,1
particularly,1
counterpoints,1
jamkhedkar,1
ubaghs,1
nouvelles,1
naik,1
rely,1
infer,1
researches,1
edible,1
leiden,1
ous,1
sought,1
farta,1
examining,1
scop,1
santoni,1
las,1
thompson,1
proposed,1
cialists,1
edition,1
mokha,1
hint,1
datation,1
qualitatively,1
kuzmin,1
scholarship,1
barnet,1
hyman,1
cord,1
born,1
mayurbanj,1
thoracic,1
outlines,1
paleoecology,1
kaofithte,1
horns,1
aahmwmd,1
vary,1
microlithic,1
iraqi,1
vs,1
discharge,1
shelters,1
levelling,1
circles,1
spatial,1
camels,1
coccoid,1
ion,1
fairbairn,1
larson,1
supports,1
ethnographiques,1
character,1
batsford,1
remained,1
forestry,1
noticeable,1
dallas,1
add,1
maintain,1
covers,1
paddy,1
khasi,1
nelli,1
geo,1
domesticate,1
vrihi,1
retain,1
matriarchic,1
unnecessary,1
nallamalai,1
likes,1
heavier,1
weak,1
africanus,1
coloration,1
highs,1
getting,1
enault,1
foundations,1
dere,1
prestige,1
precursor,1
xrd,1
secure,1
dark,1
ofshiftinbg,1
fruitfully,1
explored,1
archaeoogical,1
ethno,1
ithic,1
preliminaiy,1
shah,1
archaeofauna,1
property,1
visible,1
baran,1
minimal,1
bharati,1
phenomena,1
numer,1
amd,1
isotopic,1
hoyuk,1
regu,1
wonders,1
advancements,1
adichanalur,1
gateway,1
port,1
adichannalur,1
progeniors,1
practice,1
topographical,1
kodekal,1
wetterstrom,1
personal,1
marmelos,1
sasan,1
persistently,1
jayaswal,1
kunjhun,1
estermo,1
intention,1
asvan,1
yrs,1
rusticated,1
trees,1
somaatmadji,1
atahar,1
neolithisation,1
careful,1
inaccuracies,1
potters,1
himalayas,1
prehis,1
nomads,1
veterinary,1
dichotomoa,1
leicester,1
haryana,1
emphasised,1
hattibellagallu,1
verification,1
francolinus,1
scwgvowfrd,1
alta,1
undjagd,1
tried,1
vegetaional,1
morphometrics,1
lies,1
administration,1
adjoining,1
assumptions,1
hatappan,1
minutiae,1
pi,1
extended,1
chhui,1
tissues,1
baraunha,1
programs,1
geographic,1
adoptions,1
tadjikistan,1
vestigation,1
summarizes,1
praecitrullus,1
divided,1
recognised,1
cultigens,1
lactose,1
families,1
qualitative,1
phenomenon,1
agriotypes,1
sweets,1
allows,1
exploit,1
aims,1
hilltop,1
starosta,1
brahmagiri,1
think,1
tami,1
agrawal,1
expense,1
utt,1
unexplored,1
ogy,1
subcontinental,1
minimizing,1
ibrim,1
students,1
tem,1
layers,1
economie,1
conducive,1
survival,1
sediments,1
considering,1
argument,1
fafcatatf,1
biotic,1
difference,1
plantes,1
disposal,1
leavened,1
observed,1
intensified,1
robusta,1
finding,1
quest,1
tackled,1
cajanusdc,1
paradigm,1
herds,1
opens,1
swabha,1
frame,1
chemical,1
embarked,1
grant,1
uk,1
cajan,1
mode,1
burnt,1
crisis,1
geoarchaeological,1
similari,1
offer,1
rices,1
prolonged,1
richard,1
grown,1
megafithic,1
delineate,1
unmistakable,1
ofcypprus,1
product,1
clearest,1
mexico,1
obscurity,1
ornithology,1
preserve,1
involving,1
sassan,1
anatomical,1
statuis,1
prospect,1
contamination,1
geographie,1
helps,1
locate,1
hours,1
haphazard,1
vindyhas,1
presenting,1
peripheries,1
veda,1
pissi,1
istituto,1
stray,1
nomadism,1
agrarian,1
agropastoral,1
publicatie,1
archaean,1
identifica,1
oreintalia,1
thousand,1
hindu,1
contradicted,1
vinod,1
vessel,1
reconsidering,1
pioneering,1
tohwowwt,1
cafer,1
morphomeric,1
schiffer,1
certainty,1
munshiram,1
constitutes,1
close,1
immatures,1
regularity,1
tribes,1
themselves,1
denser,1
gordon,1
zhu,1
justify,1
bell,1
johnson,1
inconclusive,1
reducing,1
mographic,1
docility,1
sporadically,1
sharing,1
represnted,1
views,1
maximum,1
udaipur,1
absences,1
divergent,1
velopments,1
connolly,1
duration,1
immediately,1
predomestic,1
iraq,1
seek,1
ends,1
kar,1
taylor,1
sedimentary,1
bbbibb,1
terracotta,1
hindukush,1
convergent,1
cause,1
polyphyletic,1
tract,1
neotectonics,1
conversations,1
paleobotany,1
manufactured,1
organized,1
millsp,1
uncertain,1
langnaj,1
draft,1
quantity,1
camelids,1
otto,1
tors,1
spe,1
perception,1
discern,1
bara,1
continuously,1
