WORDCOUNTS,WEIGHT
the,2095
of,1226
and,1208
in,713
a,504
to,408
is,378
from,330
are,260
that,255
at,235
with,234
as,182
be,167
on,166
this,163
age,160
by,152
stone,144
msa,141
middle,140
for,125
have,123
africa,118
east,109
an,108
it,107
were,106
was,105
these,103
been,103
some,101
artifacts,94
more,94
bp,92
which,88
lake,86
but,83
not,81
there,77
or,77
levallois,73
other,71
also,69
time,68
pp,67
m,65
later,60
j,58
assemblages,58
p,55
those,54
two,54
et,53
upper,52
found,52
assemblage,52
no,51
part,51
lower,50
flakes,50
forms,49
points,49
retouched,48
rift,47
made,46
has,45
site,45
cores,45
pleistocene,45
only,45
where,45
during,44
occurrences,44
late,43
industry,43
can,43
associated,43
between,43
present,42
sites,41
small,41
duty,40
they,39
modern,39
kenya,39
acheulean,39
one,38
beds,38
clark,38
although,38
evidence,38
most,37
south,37
african,37
early,37
plateau,36
all,35
obsidian,35
ca,35
than,34
sequence,34
basin,33
show,33
tools,33
so,33
h,32
earlier,32
probably,32
dated,31
may,30
parts,30
high,30
heavy,30
large,29
bifacial,29
eyasi,29
northern,29
both,29
sediments,29
core,28
material,28
fauna,28
western,27
since,27
used,27
fossil,27
region,27
d,27
date,26
eastern,26
de,26
period,26
years,26
within,25
such,25
appear,25
raw,25
southern,25
same,25
range,25
km,25
last,24
dates,24
well,24
tropical,24
number,24
described,24
victoria,24
if,23
surface,23
r,23
its,23
likely,23
top,23
would,23
mumba,23
being,22
could,22
sangoan,22
series,22
prospect,22
pore,22
much,22
use,21
into,21
b,21
climate,21
end,21
known,21
north,21
s,20
component,20
long,20
ethiopia,20
considered,20
c,20
mostly,19
fossils,19
very,19
tanzania,19
g,19
l,19
their,19
omo,19
further,19
stage,19
history,18
might,18
above,18
similar,18
he,18
technology,18
unit,18
form,18
while,18
abu,18
archaic,18
ethiopian,17
available,17
epic,17
savanna,17
sapiens,17
bone,17
cave,17
university,17
blade,17
light,17
significant,17
forest,17
earliest,17
any,17
what,17
suggests,17
level,17
prepared,17
uganda,17
nature,16
vegetation,16
leakey,16
point,16
central,16
phase,16
blades,16
n,16
overlying,16
horizon,16
research,16
f,16
new,16
local,16
dating,16
conditions,16
remains,16
important,15
e,15
different,15
first,15
member,15
localities,15
together,15
skull,15
possible,15
somalia,15
old,15
fig,15
homo,15
unifacial,15
changes,15
river,15
du,15
artifact,15
below,15
singa,15
when,15
horizons,15
today,15
flaking,15
three,15
archaeological,15
chert,15
pieces,15
rockshelter,15
common,14
sources,14
human,14
w,14
prehistoric,14
glacial,14
tuff,14
industries,14
shows,14
times,14
seen,14
through,14
formation,14
nile,14
area,14
major,14
hominid,13
west,13
van,13
appearance,13
muguruk,13
various,13
flake,13
many,13
occurrence,13
grassland,13
general,13
consists,13
stratified,13
laetoli,13
each,13
beginning,13
them,13
cambridge,13
recent,13
zones,13
should,13
humans,12
locality,12
steppe,12
paleolithic,12
section,12
lukenya,12
drier,12
suggest,12
few,12
ndutu,12
faceted,12
about,12
evolved,12
perhaps,12
comprise,12
deposit,12
over,12
rainfall,12
country,12
sudan,12
shown,12
quartz,12
technological,12
occur,12
gorgora,11
i,11
british,11
activity,11
lakes,11
occurs,11
journal,11
nsongezi,11
scrapers,11
olduvai,11
faunal,11
zone,11
almost,11
tool,11
woodland,11
regions,11
archaeology,11
several,11
radially,11
up,11
afar,11
single,11
thought,11
do,11
situated,11
open,11
lacustrine,11
farm,11
clays,11
stratigraphic,11
must,11
here,11
quartzite,11
little,11
complex,10
source,10
tradition,10
belong,10
warm,10
mehlman,10
context,10
glaciation,10
mm,10
excavations,10
lupemban,10
main,10
obtained,10
coastal,10
k,10
melka,10
prehistory,10
greater,10
came,10
extinct,10
base,10
term,10
cultural,10
appears,10
near,10
older,10
place,10
horn,10
excavated,10
cold,10
world,10
society,10
yet,10
backed,10
water,10
contemporary,10
v,10
less,10
discoid,10
waste,10
bed,10
stages,10
convergent,10
indication,10
lowered,10
quaternary,10
seem,10
hugar,10
slopes,10
size,10
still,10
way,9
mosaic,9
represent,9
northeast,9
excavation,9
gorge,9
hunting,9
sahara,9
anatomically,9
nyara,9
sand,9
review,9
due,9
clay,9
higher,9
highlands,9
modified,9
possibly,9
clearly,9
radial,9
typical,9
placed,9
method,9
blue,9
climatic,9
preparation,9
change,9
reliable,9
riet,9
kunture,9
london,9
habitats,9
populations,9
regional,9
dire,9
areas,9
fragments,9
levels,9
another,9
congo,9
features,9
sands,9
nasera,9
workshop,9
lowest,9
species,9
sometimes,9
kinangop,9
kone,9
type,9
ngaloba,9
association,9
valley,9
gulf,9
mountains,8
continent,8
ways,8
concentrated,8
rare,8
seems,8
serengeti,8
platforms,8
debitage,8
side,8
except,8
characteristic,8
recognized,8
his,8
dominant,8
had,8
based,8
out,8
produced,8
work,8
geology,8
contains,8
systematic,8
t,8
materials,8
exception,8
dawa,8
chronology,8
included,8
falls,8
unconformity,8
others,8
larger,8
habitat,8
deposits,8
survey,8
clear,8
plains,8
especially,8
southwest,8
usually,8
five,8
following,8
gademotta,8
natural,8
report,8
iii,8
places,8
generally,8
contain,8
named,8
manufacture,8
edge,7
separated,7
does,7
group,7
true,7
studies,7
said,7
production,7
suggesting,7
differences,7
case,7
humid,7
relatively,7
sample,7
expected,7
kind,7
midhishi,7
even,7
traditions,7
four,7
recovered,7
view,7
occurred,7
seven,7
occupation,7
makers,7
comprises,7
brought,7
hafting,7
alluvial,7
montane,7
short,7
oxford,7
patterns,7
referred,7
national,7
shelter,7
dry,7
after,7
latter,7
consist,7
sandy,7
often,7
carried,7
bones,7
far,7
particular,7
emphasis,7
nubian,7
personal,7
dorsal,7
until,7
temperature,7
land,7
desert,7
drift,7
final,6
estimated,6
groups,6
resulted,6
red,6
deciduous,6
eroded,6
fluctuations,6
fragmentary,6
containing,6
broken,6
orichinga,6
plain,6
recorded,6
interior,6
throughout,6
royal,6
isimila,6
mixed,6
zinderen,6
rather,6
camp,6
developed,6
bifaces,6
represented,6
scrub,6
reason,6
arid,6
presumably,6
ziegert,6
owen,6
initial,6
recently,6
younger,6
isotope,6
none,6
inferred,6
rocks,6
apparent,6
good,6
least,6
le,6
chronological,6
interglacial,6
identified,6
nearly,6
malewa,6
angola,6
under,6
specimens,6
carbonate,6
illustrated,6
again,6
gray,6
pattern,6
gotera,6
lanceolates,6
analyzed,6
understanding,6
discovery,6
like,6
collected,6
gravel,6
ago,6
soil,6
hill,6
who,6
collections,6
indicate,6
then,6
gravels,6
paleolithique,6
besides,6
cultures,6
volcano,6
plateaus,6
uppermost,6
believed,6
game,6
proceedings,6
volcanic,6
distribution,6
account,6
silts,6
reported,6
sea,6
lithic,6
kibish,6
prolonged,6
include,6
typically,6
uranium,6
comparable,6
now,5
stylistic,5
environmental,5
naivasha,5
calcareous,5
basalt,5
total,5
before,5
predominantly,5
either,5
ii,5
secondary,5
winam,5
great,5
origin,5
nakuru,5
woodlands,5
escarpment,5
includes,5
sango,5
interest,5
concentrations,5
distinct,5
geological,5
environments,5
derived,5
special,5
fluvial,5
eolian,5
loiyangalani,5
tendaguru,5
radiometric,5
aridity,5
because,5
data,5
lavas,5
showing,5
field,5
disk,5
limestones,5
results,5
und,5
evergreen,5
quarry,5
indicative,5
located,5
indicates,5
percentage,5
gave,5
continuity,5
swamp,5
tuffs,5
anthropology,5
science,5
ind,5
technique,5
rock,5
longer,5
lack,5
doubt,5
man,5
ages,5
hand,5
necessary,5
distance,5
published,5
subtropical,5
evolution,5
radiocarbon,5
characterized,5
mammals,5
probable,5
atlas,5
note,5
methods,5
analysis,5
table,5
thick,5
rukwa,5
dissertation,5
extensive,5
equipment,5
cm,5
unknown,5
down,5
essentially,5
living,5
phd,5
numbers,5
yielded,5
extent,5
institute,5
produce,5
eburru,5
techniques,5
transition,5
lies,5
teilhard,5
layers,5
writer,5
defined,5
scraper,5
typology,5
increased,5
retouch,5
temperatures,5
deposition,5
sterile,5
close,5
berkeley,4
episodes,4
succession,4
phonolite,4
mounted,4
kinds,4
unmodified,4
hydration,4
test,4
consistent,4
asia,4
accumulated,4
composition,4
state,4
somewhat,4
ash,4
strati,4
bur,4
primary,4
tumbian,4
vol,4
addis,4
apart,4
choppers,4
resources,4
uncertain,4
overlooking,4
correlation,4
beneath,4
framework,4
exposed,4
exist,4
basal,4
palaeolithic,4
highest,4
six,4
inadequately,4
terrace,4
foot,4
awash,4
absent,4
bedded,4
remain,4
ala,4
lasted,4
transitional,4
certain,4
distant,4
space,4
means,4
category,4
muto,4
les,4
record,4
gradually,4
northeastern,4
undated,4
partibifacial,4
commonly,4
makwar,4
pseudobacking,4
breccia,4
cut,4
whereas,4
yielding,4
result,4
ocean,4
percentages,4
possibility,4
lava,4
cannot,4
pollen,4
kulkuletti,4
will,4
kalambo,4
already,4
yavello,4
kanasa,4
acheulian,4
related,4
description,4
composite,4
working,4
gadeb,4
invention,4
components,4
temporary,4
latest,4
brown,4
occipital,4
reduced,4
give,4
attempts,4
yassin,4
palaeoecology,4
ojolla,4
movement,4
springs,4
aladi,4
represents,4
rain,4
diminutive,4
ancient,4
complete,4
floor,4
indian,4
industrial,4
name,4
aden,4
poort,4
limit,4
striking,4
discussed,4
removal,4
outside,4
mammalian,4
deep,4
thickness,4
previously,4
picks,4
mcbrearty,4
significance,4
crania,4
belongs,4
mount,4
antiquity,4
study,4
become,4
shallow,4
congres,4
cape,4
stream,4
ecological,4
bifacially,4
estimate,4
cranium,4
began,4
sequences,4
la,4
sandstone,4
face,4
environment,4
erratics,4
mentioned,4
semiarid,4
cover,4
knives,4
current,4
subtriangular,4
associations,4
better,4
terms,4
selected,4
mandible,4
imposed,4
seasonal,4
map,4
des,4
preserved,4
beach,4
variability,4
die,4
struck,4
coming,4
terminal,4
ends,4
locations,4
smaller,4
potential,4
duration,4
zaire,3
ababa,3
o,3
names,3
lowe,3
girba,3
garba,3
replaced,3
situation,3
former,3
grasslands,3
absence,3
cutting,3
biconical,3
specifically,3
worked,3
advanced,3
height,3
affinities,3
able,3
subsequent,3
inland,3
remainder,3
classified,3
el,3
papers,3
occasional,3
figs,3
isotopic,3
holocene,3
determined,3
silt,3
etc,3
khashm,3
fine,3
x,3
burins,3
bottom,3
fragment,3
behavior,3
southwestern,3
songhor,3
regarded,3
leaf,3
underlying,3
bay,3
cooler,3
capped,3
concerning,3
development,3
third,3
thin,3
planoconvex,3
details,3
recherches,3
cobbles,3
phases,3
enderit,3
enkapune,3
wendorf,3
microlithic,3
individuals,3
excavators,3
aurignacian,3
mbuga,3
white,3
altitude,3
parentheses,3
redeposited,3
likened,3
shore,3
origins,3
beyond,3
indications,3
actes,3
followed,3
comprising,3
ranges,3
root,3
begun,3
international,3
unconformably,3
chavaillon,3
academic,3
buried,3
province,3
hypothetical,3
heavily,3
sparse,3
technical,3
having,3
basis,3
carries,3
nearest,3
tributary,3
basement,3
numerous,3
knowledge,3
paleoenvironments,3
trimming,3
refined,3
stillbay,3
paleosols,3
nodules,3
own,3
rainy,3
trends,3
earth,3
tanged,3
social,3
khor,3
anderlee,3
gezira,3
characteristics,3
butchery,3
members,3
refinement,3
always,3
bower,3
moist,3
proper,3
describes,3
finds,3
triangular,3
geographical,3
unfinished,3
periods,3
led,3
variety,3
economic,3
overall,3
thermoluminescence,3
savannas,3
stratigraphy,3
cole,3
initially,3
hearths,3
southeast,3
guide,3
museum,3
convex,3
restricted,3
lakeshore,3
home,3
informal,3
inselberg,3
culture,3
al,3
interbedded,3
maroc,3
begins,3
prehistoire,3
pick,3
eburran,3
marker,3
documents,3
really,3
breuil,3
decreases,3
variation,3
considerable,3
tech,3
simple,3
channel,3
adjacent,3
axes,3
see,3
strategies,3
day,3
remove,3
demonstrated,3
government,3
exhibit,3
investigated,3
elevations,3
divided,3
chronostratigraphic,3
sides,3
formal,3
increase,3
medium,3
varying,3
ya,3
largely,3
virtually,3
mousterian,3
discontinuity,3
continue,3
full,3
low,3
dominated,3
plant,3
repeated,3
masek,3
occupied,3
caution,3
penultimate,3
separate,3
increasing,3
depth,3
processed,3
provide,3
support,3
yemen,3
becomes,3
dimensions,3
countries,3
casually,3
antiquities,3
supporting,3
quaternaria,3
uispp,3
ordered,3
comes,3
extension,3
detail,3
precise,3
intermittently,3
bir,3
excess,3
readily,3
haua,3
contained,3
best,3
basins,3
chardin,3
pigment,3
gives,3
particularly,3
past,3
just,3
animal,3
whether,3
making,3
njarasa,3
fully,3
fauresmith,3
occupying,3
paleosol,3
clayey,3
given,3
calvaria,3
eroding,3
proximal,3
come,3
spring,3
levalloisian,3
camps,3
position,3
bladelike,3
preliminary,3
piece,3
oldest,3
needs,3
specific,3
removed,3
hills,3
chicago,3
maximum,3
interaction,3
strong,3
pundo,3
trimmed,2
problem,2
concern,2
pale,2
extreme,2
extend,2
expedition,2
introduction,2
notably,2
territorial,2
unsuccessful,2
camping,2
needed,2
systematically,2
rooidam,2
units,2
rounded,2
mbeya,2
completely,2
park,2
flows,2
collection,2
hours,2
unrecognized,2
unlike,2
comminuted,2
variants,2
nyame,2
hafted,2
contexts,2
incomplete,2
piles,2
lateral,2
overlie,2
abraded,2
certainly,2
steady,2
taken,2
utilization,2
physiographic,2
undisturbed,2
shaped,2
latitudes,2
stratigraphically,2
assess,2
typological,2
confirming,2
producing,2
reed,2
closer,2
borers,2
take,2
help,2
feature,2
ecotone,2
fresh,2
mind,2
underside,2
greatly,2
illus,2
situ,2
deduced,2
worldwide,2
system,2
con,2
gneiss,2
existence,2
reconstruction,2
dr,2
projectile,2
islands,2
key,2
tend,2
weathered,2
nology,2
zur,2
foraging,2
knife,2
quantities,2
prior,2
prevailing,2
picklike,2
reaching,2
ecailles,2
advantageous,2
combination,2
europe,2
tanganyika,2
cited,2
antedate,2
along,2
considerably,2
loam,2
penetrate,2
separating,2
implements,2
regularly,2
equatorial,2
malawi,2
resembling,2
genotype,2
forgotten,2
xlth,2
adopted,2
shales,2
ergebnisse,2
mastic,2
comprised,2
exhausted,2
shabwa,2
estimates,2
ation,2
amount,2
body,2
channels,2
served,2
allowing,2
find,2
look,2
ecosystems,2
tentatively,2
tana,2
influence,2
bipolar,2
once,2
desertic,2
weathering,2
entebbe,2
tarfawi,2
disks,2
biface,2
robusticity,2
interesting,2
weapon,2
simplified,2
town,2
nairobi,2
vib,2
without,2
identification,2
anga,2
refitting,2
how,2
unifacially,2
molars,2
basic,2
en,2
tectonic,2
tufa,2
lacking,2
upstream,2
animals,2
scattered,2
miscellaneous,2
straits,2
cherts,2
consider,2
locally,2
proposed,2
elevated,2
traces,2
reexamined,2
listed,2
solid,2
tanzanian,2
favored,2
graphic,2
isolation,2
annually,2
comparisons,2
terminology,2
indurated,2
suggested,2
dejete,2
alan,2
denticulate,2
itcz,2
chunks,2
concentration,2
discoids,2
wide,2
lowland,2
tem,2
called,2
discoidal,2
access,2
wooded,2
abyssinia,2
behavioral,2
events,2
graphically,2
diet,2
garoe,2
pre,2
blunted,2
expeditionen,2
equally,2
traits,2
transactions,2
unworked,2
caldera,2
population,2
dispersal,2
separates,2
determinations,2
wayland,2
attaches,2
closed,2
wickens,2
bounded,2
received,2
preferred,2
unless,2
significantly,2
crude,2
purpose,2
proportions,2
department,2
scars,2
cracking,2
whole,2
describe,2
fit,2
partly,2
truncated,2
relevance,2
seasonally,2
falling,2
somewhere,2
believes,2
moggio,2
interpreted,2
elmenteita,2
markedly,2
kanjera,2
akuma,2
racloirs,2
fied,2
giant,2
spatially,2
parietal,2
next,2
grass,2
warrant,2
reaches,2
stratum,2
mn,2
depression,2
tation,2
presence,2
boundaries,2
impossible,2
corridor,2
vein,2
mandeb,2
provided,2
rest,2
pseudobacked,2
casts,2
overlay,2
fluvially,2
evaporation,2
kagera,2
pafrique,2
implications,2
saw,2
detected,2
archaologischen,2
fractured,2
naisiusiu,2
prove,2
aterian,2
july,2
make,2
jurassic,2
biological,2
hominids,2
patches,2
synchronous,2
examined,2
heaviest,2
intermediate,2
cliff,2
favorable,2
temperate,2
northwest,2
dna,2
confirmed,2
reports,2
hearth,2
hallmark,2
considers,2
double,2
useful,2
alteration,2
mound,2
skill,2
lanceolate,2
sensu,2
preferences,2
missing,2
humidity,2
preserve,2
blocks,2
foods,2
unprepared,2
sedimentation,2
layer,2
lateritic,2
distal,2
descended,2
away,2
succeeding,2
brauer,2
question,2
took,2
paris,2
flooded,2
zambia,2
superimposed,2
validity,2
existing,2
coarse,2
coincident,2
morocco,2
lacks,2
lacaille,2
claystone,2
fieldwork,2
pitchstone,2
break,2
degree,2
remained,2
entity,2
equator,2
blanc,2
turkana,2
treated,2
values,2
kilwa,2
monographien,2
sufficiently,2
findings,2
entirely,2
boker,2
longish,2
factor,2
galula,2
harvard,2
recovery,2
nothing,2
acacia,2
eight,2
shortly,2
california,2
fteah,2
specimen,2
platform,2
ventral,2
tl,2
spearheads,2
watered,2
variant,2
overlain,2
course,2
lie,2
covary,2
gondar,2
provides,2
sandstones,2
margin,2
discarded,2
comparing,2
trachytic,2
overbank,2
contact,2
mainly,2
lists,2
plate,2
structure,2
makalia,2
divides,2
italy,2
equivalent,2
oscillations,2
we,2
relative,2
basically,2
recurring,2
ambrose,2
sur,2
investigations,2
attention,2
suggestion,2
undifferentiated,2
assigned,2
neanderthal,2
dissected,2
sealed,2
continued,2
mixture,2
recall,2
movements,2
rences,2
investi,2
types,2
impressive,2
signifi,2
negev,2
stringer,2
forming,2
un,2
butts,2
strongly,2
team,2
ordering,2
rapidly,2
thinning,2
preet,2
diagnostic,2
graben,2
ing,2
exists,2
itself,2
resemble,2
rises,2
forests,2
undertook,2
anthropological,2
suggestions,2
deposited,2
dispersed,2
outils,2
continues,2
fluctuating,2
der,2
mass,2
thicket,2
vitric,2
conglomerate,2
migration,2
specialized,2
abandonment,2
sizes,2
innovations,2
flowing,2
did,2
emergence,2
tuq,2
tubinger,2
iron,2
identities,2
wood,2
distinctive,2
utilized,2
musee,2
nomenclature,2
investigation,2
supports,2
leaving,2
adaptation,2
consisting,2
annual,2
yield,2
memorial,2
too,2
oxygen,2
unreasonable,2
altered,2
pits,2
confirm,2
became,2
easy,2
undiagnostic,2
merrick,2
casual,2
everywhere,2
territory,2
campo,2
manufacturing,2
modjo,2
using,2
exploit,2
isolated,2
au,2
our,2
hargeisa,2
difference,2
average,2
decrease,2
butt,2
ended,2
contributed,2
dense,2
need,2
meat,2
intentional,2
penetrated,2
say,2
baringo,2
partial,2
element,2
sedimentary,2
cross,2
tachtit,2
looking,2
assem,2
boomplaas,1
lmalawi,1
exhibiting,1
yemeni,1
difficult,1
surroundings,1
genetic,1
ments,1
winds,1
cradle,1
mineralized,1
antiquites,1
pelorovis,1
inward,1
explosion,1
currently,1
singleand,1
acheujean,1
borer,1
dominating,1
countryside,1
resolve,1
frequent,1
quater,1
convergence,1
behavioural,1
horizontal,1
undoubtedly,1
concerned,1
anthony,1
adopt,1
indicated,1
lvictoria,1
quickly,1
correlations,1
louis,1
designated,1
functional,1
cyrenaican,1
judging,1
morphologie,1
affected,1
physiography,1
trans,1
margins,1
alone,1
adoption,1
totally,1
grasses,1
distributed,1
crossing,1
debris,1
per,1
divisible,1
overland,1
american,1
spoor,1
confidence,1
funde,1
rhodesiensis,1
slight,1
superb,1
mankind,1
food,1
picked,1
spears,1
precede,1
join,1
overdue,1
diversification,1
formed,1
renamed,1
second,1
loamy,1
volcanics,1
postdate,1
unquestionable,1
inconsistent,1
notched,1
juba,1
kankar,1
archeo,1
explicable,1
cycles,1
equated,1
necessarily,1
harsh,1
laid,1
eastward,1
rhomboid,1
steeply,1
exceptions,1
finely,1
village,1
something,1
lowlands,1
induced,1
prefer,1
revision,1
calibration,1
annals,1
sem,1
vacademie,1
typologically,1
limestone,1
asociated,1
leads,1
distributions,1
arms,1
kivu,1
kabinda,1
isthmus,1
every,1
bugaia,1
beschreibung,1
swedish,1
paleolithiques,1
microhabitats,1
connection,1
stricto,1
nonexistent,1
interests,1
derives,1
prepar,1
irfsonghor,1
vols,1
season,1
attempt,1
splinters,1
chalcedony,1
youngest,1
experiments,1
naseruin,1
reevaluation,1
bsctllatlonsl,1
tion,1
zeitschrift,1
ignimbrite,1
eruption,1
doubtfully,1
bsclllattonsl,1
mau,1
advantage,1
metamorphosed,1
industrie,1
highland,1
confusion,1
dinosaur,1
wave,1
rich,1
borne,1
fruits,1
disappearance,1
sometime,1
hundred,1
tilting,1
biconvex,1
tshangulan,1
genus,1
tranchets,1
environ,1
resulting,1
palaeoanthropological,1
real,1
assays,1
azania,1
isimilia,1
xx,1
wall,1
rcp,1
emphasized,1
precisely,1
bate,1
reminiscent,1
political,1
normal,1
decreased,1
advances,1
undergoes,1
superficially,1
iowa,1
visibility,1
majority,1
nomadic,1
datable,1
erosional,1
chunk,1
ascribed,1
oceanography,1
getaneh,1
geologic,1
einordnung,1
interstrati,1
resembles,1
crocodile,1
pluvial,1
anthropologischen,1
continuum,1
histoire,1
adverse,1
carry,1
arabian,1
dune,1
female,1
conditioned,1
upand,1
eurasia,1
rests,1
tug,1
exposure,1
retain,1
inverse,1
opened,1
femora,1
mandibular,1
associ,1
den,1
condition,1
pumice,1
attaching,1
adopting,1
functions,1
move,1
flthiitjtea,1
obvious,1
olivine,1
homogeneous,1
ations,1
sporadically,1
quantity,1
precipi,1
isoberlinia,1
oakley,1
representing,1
against,1
awaits,1
minimum,1
pinching,1
spuren,1
prototype,1
undescribed,1
mislead,1
fossile,1
tied,1
sheltered,1
altitudes,1
easterly,1
localized,1
corresponding,1
ascription,1
li,1
avenues,1
dripstone,1
coryndon,1
postcranial,1
functionally,1
differential,1
surely,1
erectus,1
integral,1
proceeded,1
guinea,1
platformed,1
attest,1
quality,1
concretions,1
run,1
overlooks,1
precipitous,1
visited,1
silty,1
september,1
unpublished,1
rhinoceros,1
trated,1
proto,1
aus,1
terraces,1
proliferated,1
corner,1
millennium,1
ponds,1
ituri,1
bahir,1
libya,1
crater,1
thinned,1
orbital,1
shaft,1
attested,1
burin,1
pig,1
employing,1
fischer,1
vault,1
snake,1
neanderthals,1
resting,1
par,1
nor,1
desmond,1
evident,1
perspective,1
document,1
vom,1
sized,1
palaeoclimates,1
interchangeable,1
brecciated,1
response,1
chabbe,1
inclusion,1
cant,1
races,1
suitable,1
vetude,1
egypt,1
compared,1
alkaline,1
left,1
resharpening,1
twice,1
reoccupation,1
songwe,1
paleorivers,1
washouts,1
leurs,1
multifaceted,1
remarkably,1
memoir,1
faune,1
preserving,1
kabwe,1
border,1
somali,1
brachystegia,1
deeply,1
palaeoenvironmental,1
climates,1
commanding,1
jcumatel,1
shebeli,1
ma,1
according,1
kisumu,1
optimum,1
walls,1
glen,1
outcropping,1
lesser,1
drained,1
seventh,1
civilization,1
opposed,1
excavate,1
via,1
aborigines,1
docteur,1
york,1
paleomagnetic,1
diredawa,1
ge,1
acid,1
links,1
intraregional,1
adds,1
unstudied,1
pologie,1
interpretation,1
basaltic,1
bulb,1
altitudinal,1
mountain,1
tertiary,1
junction,1
scarce,1
sw,1
powdered,1
zwai,1
radius,1
process,1
rome,1
subsistence,1
subdivision,1
di,1
anatomi,1
precluded,1
stuttgart,1
neanderthalensis,1
dealt,1
arm,1
proportion,1
annales,1
eocene,1
archdeacon,1
del,1
etat,1
marls,1
fat,1
plots,1
prefers,1
assuming,1
jebel,1
robberg,1
matched,1
tree,1
threefold,1
kariandusi,1
burials,1
discoveries,1
presso,1
evolu,1
front,1
ponded,1
ames,1
waterwom,1
moves,1
gathering,1
shell,1
references,1
understand,1
tooth,1
downward,1
elements,1
readjustments,1
cause,1
foothills,1
organization,1
established,1
pestle,1
improving,1
foragers,1
gular,1
caveat,1
grounds,1
branch,1
proved,1
elsewhere,1
allocation,1
swamplike,1
attain,1
methodist,1
invariably,1
articulated,1
contemporaries,1
canal,1
aulia,1
unfavorable,1
reviewed,1
profile,1
shrinking,1
stratigraphiques,1
flats,1
landrubble,1
exploited,1
additional,1
biotic,1
follow,1
connecting,1
poor,1
redate,1
efficient,1
cotton,1
definite,1
plates,1
misrepresen,1
belgian,1
harrar,1
exploitation,1
lindi,1
plenum,1
shifted,1
equivalence,1
relicts,1
speleothem,1
consensus,1
likens,1
adapted,1
paleogeographer,1
palaeoenvironments,1
assessments,1
reflections,1
ammonite,1
charcoal,1
ersten,1
closely,1
advance,1
wiirm,1
acceptable,1
afinitic,1
lead,1
identifying,1
path,1
location,1
complexes,1
isls,1
downstream,1
rule,1
conservative,1
carcasses,1
kenyan,1
search,1
anthropologia,1
combinations,1
dunes,1
olauvai,1
outcrops,1
relation,1
expression,1
facilitate,1
banked,1
relate,1
atlantique,1
bovid,1
representative,1
melawa,1
marginally,1
accurately,1
urgeschichte,1
pointing,1
aromatic,1
effective,1
rhyolitic,1
stock,1
synonymously,1
viewed,1
nodular,1
intensity,1
northwards,1
meet,1
suffered,1
knappers,1
graphy,1
desertlike,1
scale,1
publications,1
lenses,1
southwesterly,1
conformably,1
schildy,1
termite,1
mediaeval,1
chips,1
assigning,1
refuge,1
inferieur,1
subdesert,1
paleontologie,1
ces,1
cleavers,1
equus,1
nosed,1
nologically,1
impression,1
experiment,1
improve,1
distinguishes,1
underlie,1
chopping,1
trough,1
products,1
hog,1
metrically,1
sedimentological,1
minimal,1
magosian,1
marsh,1
paleoenvironmental,1
formerly,1
bc,1
fragmented,1
ruwenzori,1
steep,1
polish,1
hemispheres,1
jaw,1
start,1
nine,1
protein,1
future,1
concept,1
denticulates,1
camel,1
uowlands,1
dominance,1
bladelet,1
reunies,1
ocher,1
calls,1
original,1
reduction,1
correctly,1
confirms,1
marean,1
revealed,1
positions,1
texture,1
surprise,1
intentionally,1
year,1
overview,1
lithostrati,1
schild,1
inherited,1
issues,1
demonstrates,1
beginnings,1
records,1
concentrate,1
cluster,1
director,1
iringa,1
rabat,1
documented,1
bishop,1
phytogeographic,1
wet,1
reflect,1
surrounding,1
employed,1
compact,1
gadeinotta,1
swamps,1
abyssinie,1
smallest,1
bab,1
conform,1
muller,1
connections,1
sampled,1
approach,1
manifestation,1
micropolish,1
redistributed,1
stockholm,1
depositional,1
detailed,1
optimal,1
interregional,1
tolerant,1
closing,1
saline,1
ethiopiennes,1
correct,1
adult,1
caused,1
hard,1
distances,1
entities,1
tested,1
speculations,1
prevalence,1
kulkuletth,1
indicators,1
mediterranean,1
stimulated,1
emphasizes,1
pond,1
quite,1
arbitrary,1
event,1
involved,1
belt,1
around,1
arsi,1
dried,1
mineral,1
separately,1
driving,1
wider,1
infinite,1
bridge,1
stones,1
ts,1
dramatic,1
australian,1
gene,1
nandi,1
machetes,1
marodijeh,1
bounding,1
coast,1
cabu,1
fossilization,1
strecker,1
visible,1
rafalski,1
cattle,1
hennig,1
filling,1
paid,1
moustier,1
roots,1
jointly,1
cycle,1
notes,1
structured,1
interstratified,1
appropriate,1
perature,1
example,1
subtrian,1
displaced,1
dam,1
moved,1
directional,1
massive,1
wras,1
seemed,1
facies,1
content,1
polyhedrals,1
sinuous,1
nations,1
subsequently,1
barbara,1
replacing,1
span,1
contributes,1
therefore,1
usable,1
tasks,1
adhering,1
lsa,1
roughing,1
coastline,1
uncontaminated,1
onset,1
transverse,1
actualistic,1
bringing,1
steadily,1
panafricain,1
scientific,1
runoff,1
giving,1
service,1
toward,1
expansion,1
silted,1
agricul,1
corporation,1
return,1
appreciate,1
brief,1
edges,1
cenozoic,1
upward,1
standardization,1
april,1
steingeraete,1
ikhor,1
loiyangalanian,1
technically,1
presently,1
expanded,1
surviving,1
ice,1
standing,1
matufi,1
sedimen,1
wind,1
dips,1
logical,1
paint,1
seemingly,1
strategic,1
hold,1
trihedral,1
dorst,1
selection,1
gent,1
pastoralists,1
vicinity,1
humaine,1
evenly,1
contributing,1
michels,1
pacific,1
elapsed,1
reference,1
abhe,1
makes,1
oldowan,1
occurences,1
retreat,1
serve,1
craniological,1
publicacoes,1
remnant,1
orange,1
selective,1
us,1
evidences,1
boundary,1
thesis,1
perceived,1
processing,1
prehistorians,1
enigmatic,1
gation,1
essential,1
editions,1
obsidians,1
keeping,1
dropped,1
sharply,1
experimental,1
palaeolitiche,1
broad,1
detached,1
subdivisions,1
robust,1
chew,1
largest,1
belonging,1
patterning,1
reliance,1
palaeo,1
noted,1
she,1
typed,1
bar,1
predominate,1
acquis,1
evidenced,1
gogan,1
fill,1
nilsson,1
invariable,1
routes,1
fluviolacustrine,1
multidirectional,1
fire,1
mandibule,1
webi,1
medullary,1
bushman,1
french,1
unreliable,1
gated,1
demo,1
grindstones,1
mantles,1
readjustment,1
factory,1
fell,1
subcontinent,1
nesses,1
enkapuneya,1
reinvestigated,1
crucial,1
pointed,1
knowing,1
deserves,1
riftlike,1
similarly,1
varies,1
equable,1
addition,1
reexcavation,1
frm,1
demographic,1
grilled,1
fact,1
joints,1
physique,1
valid,1
mesolitiche,1
head,1
collar,1
relates,1
clarendon,1
travaux,1
hottest,1
channeling,1
predominant,1
affenmenschen,1
bovids,1
trapp,1
relict,1
choice,1
kendall,1
scar,1
staples,1
anthro,1
francaise,1
surfaces,1
farming,1
pastoralism,1
bossing,1
terrasses,1
civilisations,1
interim,1
klasies,1
never,1
fits,1
decorating,1
beige,1
likelihood,1
geography,1
determi,1
centre,1
topped,1
model,1
tectoniques,1
innovative,1
derivation,1
sidamo,1
purposes,1
accepted,1
receives,1
haft,1
tations,1
ethiopien,1
mitochondrial,1
sangoanand,1
fluctu,1
headwaters,1
anthropologie,1
khartoum,1
buvuma,1
uanihropologie,1
chronologically,1
teeth,1
evernden,1
averag,1
markings,1
weakly,1
walia,1
bas,1
grotte,1
primarily,1
ticularly,1
regionally,1
valleys,1
transhumance,1
vegetational,1
herbivores,1
matrix,1
greatest,1
meaningful,1
museu,1
dissimilar,1
atlantic,1
success,1
examples,1
considering,1
escarpments,1
explanation,1
chiefly,1
gilgil,1
upon,1
innovation,1
limitations,1
israel,1
onto,1
including,1
scatter,1
smolla,1
depended,1
dundo,1
omitted,1
manifestations,1
identity,1
skeletal,1
encouraged,1
semien,1
hidden,1
fed,1
cranial,1
pontinian,1
rivers,1
assume,1
congress,1
aside,1
underestimates,1
numbered,1
exhibited,1
actual,1
auf,1
examination,1
fitted,1
sees,1
previous,1
chemical,1
inversely,1
serviceable,1
trade,1
bleed,1
palearctic,1
discovered,1
andrews,1
authors,1
hiatus,1
appreciably,1
peripheral,1
ah,1
mt,1
agreement,1
taxonomic,1
faces,1
rains,1
workers,1
wildebeest,1
apis,1
chambery,1
paleoenvironrnent,1
divisions,1
denticulation,1
geographically,1
direct,1
skulls,1
him,1
parti,1
unconfirmed,1
cally,1
mexico,1
windy,1
glaciations,1
filled,1
kept,1
palaeobotanical,1
berhane,1
entered,1
improved,1
kyr,1
black,1
intrinsic,1
adequately,1
amino,1
reuse,1
preponderance,1
written,1
internal,1
nos,1
systems,1
qualities,1
salt,1
predominating,1
fossiliferous,1
narrow,1
institut,1
correlated,1
stand,1
equatoria,1
effect,1
kimberley,1
availability,1
monographs,1
january,1
fur,1
primitive,1
implication,1
differ,1
ate,1
adaptations,1
looked,1
sectioned,1
shale,1
allowance,1
completes,1
tendency,1
destruction,1
colluvium,1
gisements,1
rockshelters,1
hihiiiiii,1
thence,1
concluded,1
widely,1
division,1
crowns,1
visit,1
ranging,1
european,1
nephelinite,1
route,1
seasons,1
bailloud,1
straight,1
discussing,1
topography,1
entail,1
imply,1
modification,1
ouljian,1
me,1
publishing,1
irregular,1
humanities,1
equals,1
microdebitage,1
occurren,1
marines,1
thumbnail,1
developing,1
maps,1
suggestive,1
atbara,1
arabia,1
rough,1
qualifies,1
deteriorating,1
fewer,1
recognizes,1
supraorbital,1
bulletin,1
investigators,1
nyanza,1
geographische,1
render,1
effectively,1
mounts,1
contribution,1
julbernardia,1
remaining,1
inadequate,1
shells,1
similarities,1
length,1
littoral,1
traveled,1
volumes,1
life,1
why,1
efficiency,1
dans,1
continually,1
blood,1
fall,1
surprising,1
settlement,1
claystones,1
ascribes,1
composed,1
moister,1
instances,1
ridges,1
combines,1
occupies,1
widest,1
exchanged,1
biology,1
definitive,1
undulating,1
burned,1
sections,1
differentiated,1
pres,1
reddish,1
rarely,1
tetude,1
indeterminate,1
datations,1
antecedent,1
conclusion,1
analogues,1
changing,1
comparison,1
peoples,1
tang,1
wartime,1
measurements,1
extending,1
athens,1
kalkbank,1
demonstrate,1
simply,1
ever,1
reinforced,1
palaeogeography,1
grazing,1
favors,1
physical,1
discrete,1
marshy,1
trapped,1
preserves,1
rocky,1
alternative,1
geoarchaeology,1
speleothems,1
concerns,1
affords,1
imprecision,1
significations,1
milieu,1
defining,1
limnology,1
stem,1
extant,1
control,1
conver,1
secured,1
unglaciated,1
hammerstones,1
avifauna,1
northward,1
setting,1
believe,1
kapthurin,1
ft,1
gazelle,1
chipping,1
expense,1
classed,1
vallois,1
smallish,1
allied,1
eventually,1
foundation,1
grant,1
paleontology,1
obviously,1
shifts,1
nouvelles,1
nary,1
cultivation,1
visits,1
generalized,1
pygmies,1
mollusk,1
bedrock,1
pour,1
passage,1
rendus,1
moderately,1
foliates,1
bands,1
merely,1
catalogue,1
vhistoire,1
livingstone,1
lenticular,1
virtual,1
masai,1
exposing,1
commiphora,1
carefully,1
cleaver,1
shelters,1
month,1
combined,1
somaliland,1
unique,1
spatial,1
rose,1
conglomerates,1
exploitable,1
ones,1
rising,1
plants,1
interglacials,1
nearby,1
pologischen,1
dallas,1
portion,1
reptilian,1
exposures,1
cance,1
gs,1
correlates,1
archeologique,1
differs,1
dark,1
reinvestigate,1
servir,1
ephemeral,1
episode,1
lanthropologie,1
paleoecology,1
blages,1
replacement,1
freedom,1
art,1
finished,1
bodies,1
paleoclimates,1
outline,1
lateritized,1
transport,1
utilisation,1
rightmire,1
molar,1
introduced,1
undertaken,1
geoarcliaeology,1
november,1
egyptian,1
went,1
calculated,1
vertically,1
conventional,1
contribute,1
somalie,1
resultats,1
reconstruct,1
refitted,1
alternating,1
discussion,1
mangebey,1
athi,1
arkell,1
manfred,1
chatto,1
elapse,1
overlies,1
varied,1
covariance,1
ibex,1
eric,1
paleorient,1
mieso,1
curtis,1
practices,1
rubbed,1
background,1
dubious,1
epochs,1
sud,1
naseran,1
hayla,1
slope,1
gustav,1
ementeita,1
finally,1
ostaftika,1
preferential,1
ecosystem,1
warsaw,1
spectra,1
acidity,1
blage,1
wadi,1
hippotragine,1
schaber,1
green,1
developmental,1
pllljij,1
product,1
upriver,1
tabular,1
ecologically,1
regular,1
variously,1
arapia,1
felsite,1
derive,1
colo,1
attempted,1
off,1
frontal,1
tributaries,1
snapped,1
sideand,1
reexcavated,1
ferruginous,1
adamson,1
spalls,1
lilhic,1
travertine,1
am,1
vi,1
occurring,1
peratures,1
agglomerates,1
actions,1
chisel,1
ensuring,1
conformities,1
comptes,1
canted,1
consisted,1
correlate,1
afigures,1
reached,1
golis,1
bakker,1
agrees,1
pretirage,1
pool,1
calibrating,1
uncertainty,1
metapodial,1
cahier,1
xth,1
traditional,1
immediately,1
glance,1
among,1
rivista,1
southeastern,1
doing,1
indicating,1
rungwe,1
showed,1
termed,1
workings,1
race,1
trates,1
climax,1
deserts,1
deeper,1
hypothesis,1
phylethische,1
