WORDCOUNTS,WEIGHT
the,496
of,481
and,295
in,235
a,227
to,217
as,117
that,107
is,98
by,87
with,70
for,66
prehistory,62
archaeology,62
it,58
history,58
from,53
we,50
was,48
or,47
an,47
be,45
p,44
but,41
at,40
historical,39
this,37
on,37
world,35
j,33
more,33
are,30
which,29
have,28
its,27
not,27
press,27
has,26
than,25
new,25
university,24
may,23
human,22
between,22
ad,21
been,21
terms,21
springer,21
such,20
archaeological,20
our,20
prehist,18
what,18
prehistoric,17
into,16
how,16
their,16
also,16
early,16
can,15
form,15
b,14
m,14
bc,14
time,14
were,14
them,14
cambridge,14
way,13
being,13
some,13
his,13
sense,13
us,13
they,12
i,12
journal,12
age,12
could,12
one,12
past,12
first,11
there,11
those,11
r,11
will,11
only,11
present,11
clear,11
period,11
very,11
american,10
within,10
events,10
same,10
where,10
years,10
made,10
use,10
so,10
both,10
d,10
archaeologists,9
date,9
discipline,9
system,9
thus,9
g,9
rather,9
had,9
people,9
et,9
he,9
ancient,9
many,9
less,9
often,9
european,9
who,9
when,9
if,8
before,8
might,8
point,8
even,8
whose,8
without,8
used,8
part,8
social,8
about,8
thought,8
increasingly,8
other,8
idea,8
any,8
different,8
little,8
created,7
bp,7
all,7
nature,7
europe,7
development,7
century,7
like,7
no,7
term,7
cultural,7
artefacts,7
knowledge,7
up,7
society,7
critical,7
make,7
yet,7
disciplinary,7
sensu,7
do,7
own,7
written,7
science,7
must,7
over,7
while,7
through,7
writing,7
c,7
introduction,6
taken,6
narrative,6
framework,6
oxford,6
societies,6
because,6
data,6
concept,6
change,6
least,6
essentially,6
f,6
forms,6
understanding,6
radiocarbon,6
jwp,6
britain,6
understand,6
see,6
then,6
cal,6
pre,6
specific,6
potential,6
given,6
recent,6
should,6
does,5
now,5
later,5
e,5
studies,5
modern,5
either,5
able,5
political,5
recorded,5
possible,5
de,5
old,5
left,5
n,5
based,5
out,5
broad,5
away,5
approach,5
t,5
field,5
around,5
using,5
obshchestva,5
collingwood,5
pervobytnogo,5
ethnographic,5
al,5
indian,5
these,5
already,5
two,5
fact,5
end,5
man,5
continuing,5
range,5
matthews,5
accessed,5
characterized,5
would,5
v,5
primarily,5
seen,5
simply,5
bronze,5
der,5
anthropology,5
theory,5
art,5
conventional,5
question,5
shift,5
develop,5
much,5
done,4
approaches,4
former,4
du,4
book,4
precisely,4
context,4
british,4
linear,4
prior,4
richard,4
conception,4
along,4
rekonstruktsii,4
convention,4
clark,4
columbia,4
dates,4
l,4
mean,4
study,4
something,4
les,4
just,4
most,4
origins,4
klejn,4
understood,4
record,4
work,4
start,4
childe,4
inferences,4
le,4
discourse,4
hugo,4
provided,4
chronological,4
various,4
wrote,4
single,4
guide,4
mission,4
under,4
culture,4
foucault,4
available,4
classical,4
ages,4
material,4
discussion,4
significant,4
evolution,4
actual,4
theories,4
dating,4
theoretical,4
christopher,4
latter,4
especially,4
k,4
evolutionary,4
relation,4
contact,4
structure,4
von,4
things,4
note,4
becomes,4
analysis,4
meant,4
practice,4
physical,4
alternative,4
set,4
global,4
current,4
whether,4
particular,4
problem,4
institute,4
subject,4
until,4
conditions,4
evidence,4
among,4
concerned,3
tyranny,3
kinds,3
stone,3
h,3
position,3
western,3
title,3
archetypal,3
sources,3
long,3
certainly,3
roman,3
production,3
processes,3
historiography,3
s,3
tradition,3
broadly,3
kuna,3
scheme,3
real,3
subsequent,3
last,3
state,3
daniel,3
con,3
account,3
move,3
consequent,3
constrained,3
contributors,3
bone,3
replaced,3
david,3
perspective,3
back,3
served,3
though,3
growth,3
soviet,3
developed,3
sort,3
levels,3
similar,3
importance,3
special,3
space,3
established,3
familiar,3
clearly,3
too,3
four,3
beyond,3
primordial,3
providing,3
my,3
came,3
treatments,3
produced,3
lifespans,3
wide,3
public,3
near,3
line,3
scope,3
purpose,3
loss,3
place,3
partly,3
records,3
actually,3
good,3
theoretically,3
thomsen,3
und,3
notes,3
seemed,3
periods,3
timeless,3
standing,3
initially,3
museum,3
times,3
issues,3
patterning,3
useful,3
volume,3
others,3
outside,3
lack,3
john,3
deep,3
flint,3
remained,3
another,3
vast,3
coherent,3
upon,3
including,3
full,3
versions,3
three,3
peter,3
deals,3
general,3
methodological,3
revised,3
engels,3
after,3
standard,3
construct,3
inscribed,3
parallel,3
aegean,3
become,3
ethnohistory,3
saw,3
ambrose,3
greek,3
separate,3
relationship,3
provide,3
vision,3
begin,3
andean,3
relations,3
effectively,3
millennia,3
class,3
types,3
centuries,3
itself,3
res,3
anthropological,3
curious,3
series,3
ever,3
temporal,3
here,3
cultures,3
east,3
welch,3
particularly,3
scholarly,3
mere,3
writes,3
des,3
became,3
african,3
trigger,3
calibrated,3
frere,3
paradigm,3
although,3
carbon,3
focus,3
taylor,3
scandinavian,2
literal,2
o,2
limits,2
istochnik,2
common,2
medieval,2
meaning,2
vasicek,2
considerations,2
alterthumskunde,2
alone,2
prdhistorische,2
zdenek,2
linguistic,2
complex,2
word,2
specialist,2
oracle,2
explanatory,2
nineteenth,2
lightfoot,2
audouze,2
contexts,2
leads,2
worth,2
said,2
sit,2
destabilizing,2
australia,2
creation,2
expressive,2
originally,2
attempt,2
great,2
analyses,2
inherent,2
antagonism,2
products,2
feature,2
blackwell,2
primitive,2
china,2
behind,2
synthetic,2
return,2
contents,2
case,2
issue,2
globe,2
existence,2
primary,2
comparativist,2
america,2
vol,2
logical,2
leo,2
establishment,2
pelican,2
diversity,2
francke,2
usage,2
iron,2
relationships,2
run,2
calculated,2
since,2
dominated,2
aus,2
interest,2
lectures,2
adopted,2
assessment,2
narratives,2
forced,2
kind,2
turn,2
distinct,2
refer,2
subjects,2
six,2
allowing,2
honour,2
continuous,2
third,2
find,2
overarching,2
archaeologist,2
restated,2
generation,2
cites,2
perfect,2
aim,2
via,2
german,2
english,2
divination,2
generations,2
appreciation,2
bateman,2
calculation,2
remote,2
earlier,2
annales,2
humanity,2
certain,2
parts,2
contributions,2
assuming,2
makes,2
etnograftya,2
monuments,2
reason,2
changes,2
perceptions,2
nor,2
applied,2
retained,2
emergence,2
section,2
monde,2
days,2
articulated,2
ignorance,2
frequently,2
followed,2
perceive,2
uses,2
method,2
ofevzen,2
bomb,2
noting,2
tracking,2
materiality,2
companion,2
equally,2
informed,2
signalled,2
war,2
tools,2
appears,2
recently,2
undermined,2
tension,2
hicks,2
isotope,2
well,2
future,2
industrial,2
unless,2
whole,2
during,2
editorial,2
call,2
interpreted,2
status,2
whither,2
accused,2
stage,2
dictionary,2
poet,2
order,2
mediterranean,2
settlement,2
event,2
textual,2
episteme,2
archaeologies,2
few,2
wider,2
concerns,2
supposedly,2
observe,2
research,2
weapons,2
dem,2
always,2
results,2
gordon,2
content,2
neolithic,2
south,2
methuselah,2
therefore,2
matter,2
synthesis,2
gender,2
comparative,2
civilization,2
onward,2
still,2
southern,2
religious,2
structural,2
year,2
biological,2
communities,2
nauka,2
herodotus,2
towards,2
read,2
happened,2
technology,2
neither,2
perceived,2
today,2
kelsey,2
sociological,2
dan,2
begins,2
published,2
longer,2
laid,2
bierce,2
challenge,2
pointed,2
retical,2
analytical,2
fundamental,2
really,2
decrying,2
istoriya,2
istorii,2
contemporary,2
identical,2
pattern,2
never,2
relevant,2
ahead,2
japan,2
perhaps,2
reconstructing,2
books,2
routledge,2
style,2
number,2
going,2
process,2
reveals,2
birth,2
explanation,2
eighteenth,2
varying,2
empirical,2
largely,2
sequence,2
intellectual,2
questions,2
engaged,2
nothing,2
deployed,2
literate,2
write,2
nuclear,2
bayliss,2
biblical,2
authors,2
publication,2
points,2
interpret,2
held,2
individual,2
methods,2
allowed,2
collected,2
martin,2
thomas,2
stahl,2
nuance,2
effect,2
probably,2
norton,2
horse,2
primal,2
theo,2
engagement,2
paleoanthropology,2
widely,2
brave,2
genesis,2
conflict,2
dawn,2
christian,2
dual,2
alex,2
independent,2
usually,2
testing,2
institutions,2
dimensions,2
translation,2
progressively,2
detailed,2
papers,2
distinction,2
rapidly,2
minoan,2
respect,2
echoes,2
venclova,2
school,2
thinking,2
historian,2
following,2
kak,2
comes,2
known,2
text,2
subfields,2
alistair,2
highly,2
know,2
dimension,2
natural,2
each,2
paper,2
interested,2
best,2
down,2
half,2
inca,2
distinctive,2
works,2
living,2
ideally,2
animal,2
list,2
making,2
want,2
orleans,2
character,2
add,2
nascent,2
angela,2
extent,2
require,2
property,2
chronometric,2
popular,2
level,2
poems,2
careful,2
role,2
giving,2
die,2
intended,2
disciplines,2
maschner,2
contribute,2
phenomenon,2
indians,2
mention,2
allows,2
representation,2
think,2
formation,2
understandings,2
argues,2
national,2
chemical,2
instead,2
typically,2
integrated,2
sur,2
defined,2
off,2
remains,2
am,2
thousand,2
supported,2
territories,2
actions,2
themselves,2
scholarship,2
documentary,2
interaction,2
traditional,2
ends,2
north,2
virtue,2
broader,2
signals,2
termed,2
major,2
discern,2
nicholas,1
inelegant,1
final,1
entities,1
go,1
predistoriya,1
margins,1
mostly,1
zero,1
personally,1
flow,1
prefer,1
outwith,1
imagining,1
anthony,1
religions,1
ranean,1
names,1
functional,1
krauss,1
llc,1
essentialized,1
laporte,1
environmental,1
ritual,1
tierra,1
presses,1
connection,1
sumerians,1
succession,1
maclachlan,1
manuscript,1
sphere,1
necessitates,1
germany,1
passing,1
forcing,1
church,1
group,1
reflection,1
large,1
mitteilungen,1
tweaking,1
nested,1
mike,1
patchy,1
jews,1
agency,1
fate,1
musgrave,1
tend,1
chauvinism,1
gwilym,1
exciting,1
ditional,1
satirizing,1
true,1
sets,1
ways,1
investigating,1
bias,1
easily,1
tabula,1
notwithstanding,1
ms,1
nerve,1
decade,1
child,1
purveyors,1
graffiti,1
cavernes,1
prentice,1
fixed,1
necessarily,1
transhumant,1
presents,1
burn,1
encourage,1
occurred,1
pump,1
total,1
waxmann,1
tells,1
onset,1
noah,1
communicating,1
remedy,1
contested,1
po,1
buffer,1
descriptions,1
eye,1
revision,1
source,1
humanities,1
inclusive,1
annals,1
signal,1
edge,1
intentions,1
par,1
mytholo,1
predominantly,1
academics,1
round,1
painful,1
ideas,1
gossip,1
arguing,1
gebiete,1
provision,1
stressed,1
undermine,1
usa,1
familiarity,1
wrong,1
titles,1
preceding,1
archae,1
urgeschichte,1
genetic,1
leningradskii,1
pervasive,1
setting,1
contingent,1
give,1
culturally,1
secretary,1
sub,1
humans,1
allow,1
kent,1
inchoate,1
advanced,1
england,1
discerned,1
seems,1
altamira,1
heated,1
yahgan,1
dramatically,1
archaiology,1
latent,1
quickening,1
delineation,1
shaped,1
displacement,1
archaeologically,1
charlemagne,1
scientists,1
excavating,1
leading,1
inaugural,1
secondary,1
suggesting,1
harder,1
thank,1
differences,1
pivot,1
origin,1
fully,1
achievement,1
confront,1
studied,1
atlantic,1
thanks,1
closer,1
reveal,1
tunnena,1
procedure,1
antiquarianism,1
vikings,1
religion,1
remus,1
jahn,1
reproduction,1
psychoanalysis,1
help,1
integrate,1
endings,1
consist,1
mind,1
sacred,1
keith,1
concepts,1
principal,1
robert,1
opposite,1
ours,1
signs,1
welsh,1
surveys,1
confused,1
nazism,1
bolender,1
pacis,1
proposals,1
donated,1
nowhere,1
takes,1
vontologie,1
englefield,1
ascribed,1
palaeoclimatological,1
geologic,1
dialect,1
eastern,1
stretched,1
historians,1
king,1
conquests,1
unaware,1
matthew,1
translations,1
constraint,1
sought,1
mass,1
francoise,1
sexual,1
hall,1
right,1
anfangen,1
retain,1
fractionation,1
zur,1
commencement,1
isotopic,1
holocene,1
betts,1
activity,1
securely,1
ventris,1
alcover,1
imagi,1
characterize,1
establishing,1
appendices,1
reaction,1
powers,1
bilderchroniken,1
obvious,1
jure,1
kulturwissenschaft,1
fine,1
internet,1
west,1
interdisciplinary,1
say,1
except,1
conceptual,1
robin,1
far,1
timothy,1
choppers,1
sent,1
laws,1
dynamic,1
grading,1
reindeer,1
compo,1
redefining,1
above,1
objective,1
representing,1
overlooks,1
acquires,1
hoxne,1
identifies,1
asserts,1
letter,1
fragment,1
collection,1
hudson,1
evans,1
perpetuating,1
geschichte,1
central,1
million,1
chapters,1
throughout,1
legal,1
konzepte,1
review,1
collapse,1
structuration,1
dependence,1
historically,1
famously,1
reverse,1
guinea,1
jective,1
dynamics,1
ferred,1
inevitable,1
mores,1
due,1
inflation,1
deducting,1
pursuit,1
author,1
paulsen,1
agent,1
maintenance,1
relatively,1
ability,1
mentalite,1
raises,1
savoir,1
necessitating,1
inspiring,1
insisted,1
theorized,1
dont,1
tripartite,1
hitherto,1
ferguson,1
z,1
stades,1
palaeolithic,1
priority,1
progressive,1
estimates,1
eve,1
adam,1
inserted,1
mesilim,1
developments,1
better,1
forensic,1
uni,1
depend,1
concerning,1
convincing,1
profound,1
amount,1
editing,1
response,1
boundary,1
extraordinary,1
radio,1
wholly,1
background,1
poem,1
compared,1
vie,1
genetics,1
casus,1
aspect,1
accelerator,1
outset,1
geological,1
drawn,1
wat,1
student,1
stimulating,1
preserving,1
corrected,1
vice,1
critique,1
integer,1
aide,1
resolutions,1
details,1
focussed,1
apparently,1
propositions,1
writable,1
semenov,1
precede,1
fellow,1
marx,1
influence,1
priestess,1
lastly,1
ment,1
realization,1
crossroads,1
delineated,1
van,1
oj,1
failed,1
divergence,1
cameron,1
behave,1
coeval,1
lamberg,1
colour,1
profoundly,1
avoids,1
recognized,1
york,1
essential,1
reflects,1
russian,1
identification,1
expected,1
terminates,1
underway,1
statements,1
mistranslations,1
gutenberg,1
principally,1
grundzuge,1
sentences,1
happily,1
extensio,1
stop,1
nonsense,1
ulative,1
en,1
explicit,1
biggest,1
overarch,1
hansen,1
dietz,1
holistic,1
subsistence,1
neatly,1
conceptions,1
explicitly,1
goes,1
outward,1
verfassers,1
titled,1
ex,1
sarah,1
shang,1
leave,1
nachlasse,1
derived,1
direct,1
balanced,1
population,1
pages,1
enigmatic,1
cave,1
enabled,1
scales,1
resettlement,1
distant,1
lay,1
primitif,1
overlooked,1
barker,1
paleolithic,1
neale,1
risks,1
onwards,1
remoter,1
unchanging,1
theodor,1
methuen,1
chippindale,1
detaches,1
accounts,1
dtteste,1
lives,1
ceredigion,1
empires,1
vorgeschichte,1
finer,1
tempus,1
monumental,1
jomon,1
marks,1
supports,1
greeks,1
barbarous,1
underdeveloped,1
kabo,1
comedian,1
key,1
descent,1
languages,1
venom,1
fabian,1
branch,1
teaches,1
eschew,1
francis,1
artefact,1
elsewhere,1
edition,1
australopithecines,1
aboriginal,1
placed,1
dafydd,1
miscalculated,1
unproblematic,1
reviewed,1
w,1
reductivist,1
muscular,1
leicester,1
linguistics,1
additional,1
monographic,1
millennium,1
cunliffe,1
fagan,1
submerged,1
isolation,1
defines,1
fundamentalists,1
willard,1
comprising,1
testament,1
preferably,1
comparing,1
requires,1
problems,1
puts,1
neustupny,1
yes,1
objects,1
odd,1
antithetical,1
syntheses,1
uncritically,1
suggested,1
dynastic,1
view,1
appear,1
fates,1
reflections,1
ausgegeben,1
unsinn,1
pose,1
expressed,1
remembered,1
ontologically,1
antiquaries,1
acceptable,1
whom,1
participants,1
pursuits,1
evolutionist,1
ethnography,1
abandoning,1
agenda,1
gesellschaft,1
tra,1
formulations,1
appearance,1
histories,1
chimie,1
found,1
disciplinarily,1
das,1
search,1
called,1
typical,1
access,1
docile,1
relating,1
generates,1
output,1
demands,1
terminological,1
international,1
cognate,1
curiosity,1
saddle,1
zone,1
graeme,1
realize,1
kamminga,1
palaeontologists,1
emerge,1
radiometric,1
initial,1
ossemens,1
poetry,1
representative,1
inter,1
expressions,1
late,1
embedded,1
further,1
handbook,1
hastings,1
intervening,1
ann,1
oklahoma,1
shall,1
interpretative,1
vocational,1
wales,1
let,1
caves,1
allchin,1
shkola,1
block,1
condorcet,1
versity,1
mediated,1
thematic,1
afforded,1
ceramics,1
persons,1
cannot,1
intertwined,1
otherwise,1
contiguous,1
wealth,1
safe,1
however,1
dna,1
metals,1
procedures,1
explain,1
required,1
kdniglichen,1
gods,1
yoffee,1
schema,1
sacrifice,1
enemies,1
acknowledgements,1
memory,1
technical,1
aspects,1
globally,1
acheulian,1
failure,1
shape,1
sites,1
dix,1
christianity,1
tempt,1
having,1
network,1
learn,1
invisible,1
degrees,1
seminal,1
closed,1
artifacts,1
minute,1
clarke,1
decipherment,1
updated,1
bolster,1
politely,1
received,1
wolfs,1
nuances,1
preferred,1
del,1
lonang,1
significantly,1
themes,1
begs,1
london,1
jurgensen,1
competing,1
example,1
actors,1
indigenous,1
urban,1
pyramids,1
uncovering,1
thoughts,1
positions,1
description,1
ten,1
reminded,1
surprise,1
northern,1
intentionally,1
authenticity,1
overview,1
realm,1
designate,1
freedom,1
overtly,1
collective,1
problemy,1
comprehensible,1
pervobytnyi,1
prehistories,1
neue,1
versus,1
sherratt,1
translated,1
rise,1
formations,1
signalling,1
realms,1
entails,1
missions,1
genealogies,1
pretation,1
stead,1
ethnotyrannies,1
conform,1
rendered,1
challenging,1
gallimard,1
contradictions,1
definite,1
absorb,1
repro,1
citing,1
wariness,1
creating,1
excavated,1
solution,1
mesopotamia,1
ratios,1
stela,1
ambit,1
correct,1
successful,1
describing,1
presented,1
pottery,1
hard,1
working,1
cataloguing,1
questionable,1
especial,1
reflex,1
revolution,1
suggest,1
canoe,1
mollbeck,1
devotional,1
sition,1
contrast,1
pond,1
quite,1
vepistomologie,1
invention,1
subvert,1
calling,1
bibliothek,1
vorwelt,1
began,1
smithsonian,1
erected,1
assimilate,1
temporary,1
keegan,1
prehis,1
australian,1
ancestors,1
herb,1
diversified,1
tended,1
dehistoricize,1
foremost,1
philip,1
managed,1
barely,1
visible,1
generally,1
scott,1
progress,1
marciniak,1
necessity,1
knowers,1
peculiarly,1
envelope,1
correspondence,1
cj,1
notice,1
plausible,1
value,1
grateful,1
displaced,1
australasian,1
nordische,1
digging,1
activities,1
championed,1
nations,1
appeal,1
petraglia,1
battle,1
happen,1
responsibly,1
second,1
situation,1
delineating,1
nation,1
ramifications,1
higham,1
clas,1
steady,1
ledetraad,1
dealing,1
archaeo,1
rome,1
entitled,1
mysterious,1
scientific,1
interference,1
populations,1
identified,1
action,1
economic,1
separation,1
short,1
indeed,1
dusan,1
nordischen,1
overall,1
limited,1
schemes,1
tried,1
winbolt,1
ahistorical,1
acknowledged,1
classic,1
forward,1
paired,1
islands,1
nearly,1
brings,1
constraints,1
object,1
gift,1
april,1
whatever,1
formative,1
leitfaden,1
cerned,1
uber,1
teoreticheskie,1
thresholds,1
sedation,1
echoing,1
timeframes,1
says,1
technically,1
ush,1
comments,1
movement,1
universitet,1
siderable,1
thailand,1
jesus,1
reception,1
communist,1
phasing,1
prefigured,1
theologians,1
southeast,1
pastoralists,1
confronting,1
spoken,1
once,1
coherence,1
pacific,1
loaded,1
emerged,1
criticism,1
edited,1
resolution,1
antiquarian,1
victor,1
fringe,1
fair,1
outlining,1
vs,1
security,1
coverage,1
marginal,1
serve,1
pocked,1
evidential,1
den,1
slavic,1
stereotypic,1
demanding,1
chronology,1
urwelt,1
challenged,1
confidence,1
parsimonious,1
paleohistorical,1
elizabeth,1
marshall,1
tailing,1
prehistorians,1
release,1
perspectives,1
light,1
eagerness,1
masse,1
memoires,1
shifting,1
dropped,1
archeology,1
topical,1
accelerated,1
excellence,1
belonging,1
insights,1
provocative,1
illustrated,1
flints,1
aufgrabungen,1
reliance,1
disrupted,1
badge,1
noted,1
speaking,1
opment,1
regional,1
genoese,1
relevance,1
picture,1
knapp,1
definitions,1
routes,1
fabulous,1
vere,1
contextualizing,1
starting,1
funerary,1
name,1
demur,1
paul,1
law,1
power,1
clive,1
sometimes,1
toward,1
again,1
pick,1
academy,1
trois,1
conceived,1
put,1
squeezing,1
ipxolioxoylct,1
tremendous,1
added,1
pervobytnosti,1
generously,1
complementary,1
deutsche,1
lighter,1
lahr,1
lagash,1
rewarding,1
consideration,1
areas,1
bourgeoisie,1
clarendon,1
advantage,1
proposal,1
appeared,1
ought,1
choice,1
als,1
chadwick,1
enlightenment,1
practical,1
richer,1
metodike,1
diverse,1
gray,1
emphatically,1
debates,1
seize,1
arthur,1
inherently,1
ravdonikas,1
fruhgeschichte,1
reckoned,1
pennsylvania,1
sumerian,1
zoned,1
removal,1
external,1
simple,1
phenomene,1
rhythms,1
anthropologist,1
readers,1
enough,1
hand,1
monographs,1
wrestles,1
vyshaya,1
ground,1
asouti,1
interrogate,1
kronos,1
ur,1
model,1
gestae,1
developing,1
folklore,1
shared,1
seventeenth,1
non,1
apply,1
requiring,1
michael,1
schizophrenia,1
answer,1
angkor,1
royal,1
eg,1
til,1
fabricated,1
einer,1
counterfeit,1
vesprit,1
distance,1
counterpart,1
website,1
lumping,1
day,1
ecology,1
maya,1
degree,1
vectors,1
scant,1
notion,1
interpreting,1
imagine,1
original,1
synonym,1
unrigorous,1
classes,1
beg,1
processualist,1
situated,1
oil,1
rulers,1
intimate,1
disease,1
survive,1
onion,1
metaphysical,1
chronologies,1
values,1
slaves,1
braudel,1
writings,1
trajectory,1
screws,1
lake,1
hypnotic,1
doi,1
umgebung,1
distinctly,1
sixth,1
windus,1
strongly,1
merge,1
recover,1
versa,1
elite,1
oral,1
skeletal,1
endeavour,1
wonder,1
beds,1
needing,1
lecture,1
elucidated,1
archceologia,1
entirely,1
asian,1
archaologie,1
knock,1
expression,1
hypotheses,1
residues,1
emphasize,1
antediluvial,1
refers,1
prospective,1
dress,1
assume,1
arizona,1
band,1
aside,1
glyn,1
ethnic,1
styles,1
razvitiya,1
continue,1
chronologi,1
sees,1
enlighten,1
relegated,1
california,1
nevertheless,1
students,1
sleight,1
described,1
rejected,1
trade,1
low,1
exertion,1
passim,1
meanings,1
discovered,1
collingwoodian,1
wilson,1
themed,1
historic,1
language,1
bayesian,1
unconnected,1
health,1
bonn,1
refinements,1
ireland,1
lady,1
logic,1
rowan,1
subtitle,1
preceded,1
anachronistic,1
keep,1
isag,1
asocial,1
caribbean,1
helpful,1
spread,1
inventing,1
lingwood,1
palaeontology,1
him,1
tribal,1
cally,1
crowning,1
serves,1
variance,1
static,1
stages,1
harpoon,1
preservation,1
provides,1
disasters,1
eggert,1
ap,1
exchange,1
men,1
why,1
unambiguous,1
graphic,1
conclusions,1
panofsky,1
gravel,1
internal,1
article,1
lakatos,1
outcomes,1
systems,1
trying,1
arise,1
sight,1
sensible,1
interpretations,1
generalbericht,1
pro,1
acquire,1
deliberate,1
uncovered,1
attendant,1
diamond,1
james,1
confusing,1
judgement,1
progres,1
claiming,1
implication,1
residue,1
translate,1
greece,1
divides,1
arisen,1
habu,1
dividing,1
splitting,1
oscillations,1
geography,1
institution,1
tendency,1
industrialization,1
connections,1
ago,1
fou,1
kleijn,1
theorize,1
attention,1
la,1
division,1
motif,1
restructured,1
increasing,1
teresa,1
hindered,1
depth,1
asking,1
penguin,1
archipelago,1
islamic,1
supposed,1
transformations,1
africa,1
tentative,1
invokes,1
collocation,1
continued,1
movements,1
bulk,1
loners,1
kenneth,1
next,1
outsiders,1
ideology,1
erstwhile,1
selections,1
suspected,1
pieces,1
threshold,1
support,1
ascribing,1
archetypical,1
aleuts,1
attitude,1
espousal,1
dumb,1
widespread,1
male,1
referred,1
means,1
uarcheblogie,1
lost,1
sensitive,1
directing,1
recourse,1
posthumous,1
team,1
mots,1
karlovsky,1
philosopher,1
sequences,1
unclear,1
transformation,1
recognize,1
try,1
plains,1
confuting,1
ussher,1
fusing,1
life,1
intend,1
inspired,1
publics,1
responsible,1
kicking,1
examine,1
pershits,1
unsurprising,1
antiquities,1
stratified,1
epi,1
eventless,1
griechische,1
fields,1
instances,1
emerging,1
get,1
premier,1
face,1
interpretive,1
occupies,1
rigorous,1
frontiers,1
stable,1
poets,1
izing,1
arche,1
borrowed,1
articulations,1
addressed,1
recombined,1
sections,1
revolutionized,1
historique,1
magnitude,1
eventually,1
monument,1
ordered,1
mainly,1
resisting,1
precedence,1
aspiring,1
dreiperiodensystem,1
considered,1
impulse,1
civilizations,1
ethnological,1
complexity,1
version,1
changing,1
calendrical,1
incorporated,1
peoples,1
throw,1
spanish,1
founded,1
extending,1
barbarism,1
demonstrate,1
pace,1
implied,1
discrepancy,1
scrutiny,1
colliding,1
recognizable,1
yu,1
falsehood,1
cuneiform,1
historischen,1
symbolische,1
retrogression,1
euphemize,1
sciences,1
lowing,1
mediter,1
news,1
methodologically,1
resonance,1
unrewarding,1
ran,1
romulus,1
danish,1
demoting,1
belli,1
fault,1
mentalitekuna,1
cemetery,1
proponents,1
tongue,1
sheep,1
spec,1
attribute,1
assumed,1
commission,1
eventful,1
cobbett,1
spoiler,1
ample,1
did,1
straightforward,1
patri,1
argue,1
clarify,1
explicated,1
cardigan,1
universal,1
regard,1
ddr,1
returns,1
inquiry,1
foundation,1
ideological,1
dramatic,1
prahistorischen,1
job,1
speculation,1
brazil,1
masterman,1
audience,1
separating,1
reflected,1
perdu,1
build,1
bones,1
identities,1
bases,1
semantically,1
type,1
caricature,1
masked,1
merely,1
plantation,1
forhistorisk,1
encroaching,1
talalay,1
cautions,1
boundaries,1
drop,1
born,1
according,1
realities,1
defending,1
economy,1
erwin,1
proceedings,1
investigation,1
lands,1
burns,1
implicit,1
namely,1
aft,1
references,1
bruce,1
cause,1
independently,1
metaphor,1
textbook,1
agricultural,1
tavistock,1
beaches,1
her,1
getting,1
thames,1
bloc,1
project,1
birthday,1
suffolk,1
information,1
renegotiating,1
almost,1
gressive,1
beendigt,1
oxygen,1
phenomena,1
emphasis,1
deja,1
upper,1
reparation,1
antedating,1
categories,1
grand,1
temps,1
exegesis,1
emergent,1
son,1
circumstances,1
presupposes,1
peace,1
refinement,1
sea,1
despite,1
perspektive,1
tournal,1
devel,1
november,1
publishers,1
ac,1
bourgeois,1
transition,1
ideologic,1
agents,1
everywhere,1
went,1
territory,1
necessitate,1
transhistorical,1
borderland,1
indebted,1
germs,1
unitary,1
colonial,1
isolated,1
gain,1
correspondences,1
accorded,1
referential,1
precision,1
contrasts,1
urnfonrutarianism,1
mature,1
prepared,1
travelling,1
antique,1
ucl,1
espouse,1
eric,1
totalling,1
false,1
determinism,1
shown,1
commercial,1
unable,1
lists,1
incommensurability,1
ignored,1
generate,1
solely,1
tableau,1
epochs,1
unwelcome,1
finding,1
kingdom,1
lato,1
institutional,1
defence,1
materials,1
recovering,1
beings,1
aldous,1
jared,1
aware,1
mode,1
isles,1
nografii,1
chatto,1
insight,1
americas,1
include,1
beholden,1
consumption,1
need,1
dannym,1
grotius,1
constructed,1
product,1
reflexive,1
states,1
integration,1
salzwedel,1
variously,1
effects,1
spectrometry,1
prehistoriques,1
sification,1
photograph,1
reviving,1
area,1
captain,1
measured,1
typology,1
association,1
observation,1
privileging,1
hans,1
deciding,1
distinctions,1
nativity,1
chambers,1
farrning,1
conflated,1
fol,1
tribes,1
denser,1
marxist,1
massive,1
methoden,1
supply,1
vary,1
chicago,1
cook,1
reached,1
thicker,1
jason,1
nordiske,1
bentley,1
texts,1
composing,1
rein,1
entire,1
gulf,1
duction,1
herders,1
conventions,1
strong,1
uk,1
chapitres,1
zones,1
famous,1
unbeknown,1
detriment,1
successive,1
col,1
danneil,1
conversations,1
fur,1
race,1
close,1
occur,1
perception,1
grahame,1
