WORDCOUNTS,WEIGHT
the,1445
of,1392
and,1193
in,1009
a,394
to,390
research,246
that,217
africa,176
african,154
this,151
as,149
on,146
with,144
archaeological,142
by,129
ethnoarchaeological,128
is,128
have,124
for,123
from,108
an,107
pp,107
has,106
archaeology,105
be,94
been,89
work,84
among,82
these,81
are,81
at,80
was,79
southern,77
study,75
west,74
ethnoarchaeology,74
more,71
groups,69
between,68
university,66
studies,62
east,62
some,62
j,58
other,58
i,57
were,57
not,55
de,54
but,53
production,52
cultural,52
et,52
social,51
such,50
or,50
iron,49
most,49
ethnographic,48
one,46
culture,46
it,45
within,45
which,45
there,44
p,44
also,43
material,43
journal,42
r,42
new,42
their,41
number,41
different,40
his,40
use,40
san,39
s,36
out,36
time,35
very,35
past,35
du,34
upon,34
region,34
often,34
cambridge,34
history,33
central,33
than,33
about,33
we,33
continent,32
d,32
la,32
those,31
historical,31
great,30
ceramic,30
early,30
important,29
data,29
researchers,29
south,29
m,28
they,28
archaeologists,28
its,28
people,28
would,28
maceachern,28
e,27
american,27
during,27
place,27
foragers,27
spatial,27
c,26
first,26
review,26
forager,26
same,26
systems,26
undertaken,25
site,25
no,25
investigations,24
human,24
sites,24
northern,24
areas,24
anthropological,24
extent,24
des,24
area,24
into,23
societies,23
can,23
over,23
traditional,23
north,23
political,22
case,22
n,22
had,22
used,22
communities,22
analysis,22
anthropology,22
re,22
much,22
should,22
done,21
stone,21
ways,21
may,21
approaches,21
ancient,21
variation,21
man,21
both,21
last,20
g,20
kenya,20
involved,20
processes,20
taken,19
current,19
relatively,19
prehistory,19
world,19
technology,19
general,19
carried,19
h,18
being,18
development,18
fieldwork,18
field,18
many,18
theoretical,18
who,18
paper,18
our,18
foraging,17
nyame,17
van,17
late,17
because,17
populations,17
present,17
see,17
so,17
especially,17
les,17
ethnography,16
l,16
similar,16
parts,16
space,16
part,16
settlement,16
results,16
will,16
experimental,16
where,16
less,16
local,16
primarily,16
art,16
stylistic,15
nigeria,15
con,15
eastern,15
cameroon,15
influence,15
search,15
approach,15
le,15
economic,15
paris,15
lake,15
ethnic,15
antiquity,15
peoples,15
der,15
role,15
modern,14
since,14
york,14
prehistoric,14
could,14
ghana,14
artifact,14
society,14
b,14
projects,14
do,14
problems,14
living,14
technological,14
eth,13
taphonomic,13
relationships,13
relations,13
k,13
societe,13
recently,13
project,13
ethnicity,13
change,13
around,13
f,13
processual,13
two,13
made,13
akuma,13
probably,13
equivalent,13
anglophone,13
today,13
style,13
little,13
through,13
until,13
years,13
remains,13
recent,13
implications,12
papers,12
rather,12
direct,12
deal,12
tools,12
artifacts,12
bone,12
only,12
rock,12
fact,12
european,12
relationship,12
symbolic,12
age,12
difficult,11
degree,11
survey,11
francophone,11
developed,11
observations,11
ethnohistorical,11
well,11
lifeways,11
methodological,11
various,11
gender,11
regional,11
french,11
power,11
toward,11
ecology,11
congress,11
period,11
latter,11
hunters,11
pottery,11
any,11
ar,11
while,11
information,11
presented,11
although,11
views,11
later,10
t,10
behavior,10
botswana,10
analogies,10
somewhat,10
british,10
interest,10
elements,10
traditions,10
bantu,10
organization,10
context,10
relevance,10
systematic,10
quite,10
ological,10
when,10
architecture,10
palaeoanthropological,10
still,10
interpretation,10
understanding,10
ethnoarchae,10
concern,10
mbuti,10
attention,10
investigators,10
seen,10
dans,10
khoi,10
did,10
domestic,10
theory,10
colonial,10
using,10
formation,10
roles,10
generated,9
hadza,9
now,9
group,9
conducted,9
western,9
lebeuf,9
materials,9
contexts,9
editions,9
tradition,9
system,9
process,9
derived,9
origins,9
kalahari,9
academic,9
aspects,9
directly,9
related,9
issues,9
regions,9
chaeological,9
examined,9
lack,9
scholars,9
debates,9
developing,9
food,9
ironworking,9
examination,9
students,9
trade,9
mandara,9
become,9
countries,9
niger,9
international,9
particularly,9
what,9
goals,9
colleagues,9
concerned,8
considerably,8
excavation,8
analyses,8
found,8
hunting,8
interdisciplinary,8
vanished,8
cases,8
david,8
africans,8
hodder,8
af,8
ex,8
generally,8
patterning,8
pastoral,8
institute,8
example,8
working,8
characteristics,8
he,8
useful,8
larger,8
contemporary,8
greater,8
patterns,8
ethiopia,8
another,8
questions,8
engaged,8
three,8
zimbabwe,8
dominated,8
played,8
logicist,8
griaule,8
quaternary,8
milieu,8
works,8
phd,8
her,8
debate,8
given,8
focus,8
does,7
tion,7
environmental,7
okiek,7
nineteenth,7
sources,7
attempts,7
seems,7
azania,7
discipline,7
america,7
establishment,7
pursuit,7
century,7
importance,7
changes,7
w,7
metals,7
im,7
harare,7
basis,7
own,7
good,7
wider,7
techniques,7
make,7
ethnographers,7
noted,7
monographs,7
continuing,7
publication,7
perspectives,7
continued,7
science,7
foreign,7
began,7
types,7
series,7
particular,7
almost,7
au,7
question,7
parallels,7
states,7
including,7
africanistes,6
o,6
common,6
identity,6
introduction,6
utility,6
village,6
tenth,6
variety,6
specifically,6
attempt,6
dogon,6
internationales,6
leakey,6
activity,6
resources,6
reconstruction,6
tanzania,6
excavations,6
developments,6
generation,6
links,6
main,6
how,6
influential,6
subsistence,6
involvement,6
producers,6
potters,6
methodology,6
closely,6
pastoralist,6
occupation,6
focused,6
london,6
surrounding,6
status,6
involve,6
up,6
paid,6
situation,6
female,6
all,6
memoires,6
comparison,6
outside,6
took,6
technologies,6
turkana,6
assemblages,6
desert,6
louis,6
africainistes,6
conclusions,6
ann,6
professional,6
division,6
smelting,6
note,6
contribution,6
existed,6
united,6
extremely,6
rencontres,6
forest,6
considered,6
gallay,6
set,6
seem,6
proceedings,6
them,6
behaviors,6
noarchaeological,6
involving,6
observation,6
specific,6
meaning,6
baringo,6
conceptual,6
nicholas,5
way,5
if,5
europeans,5
large,5
hominid,5
uses,5
either,5
reconstructions,5
certainly,5
archae,5
anywhere,5
memorial,5
comparatively,5
reasons,5
indeed,5
farmers,5
sahara,5
greatly,5
behind,5
design,5
account,5
taking,5
conception,5
household,5
diversity,5
southwestern,5
component,5
california,5
compared,5
left,5
recherches,5
ma,5
across,5
sort,5
taphonomy,5
conceptions,5
certain,5
danger,5
evolution,5
metallurgy,5
upper,5
always,5
appear,5
kenyan,5
ology,5
zone,5
pro,5
artefact,5
posited,5
appears,5
produced,5
applied,5
representatives,5
possibility,5
influenced,5
technical,5
knowledge,5
beginnings,5
personal,5
fali,5
washington,5
luo,5
least,5
los,5
small,5
boundaries,5
examines,5
und,5
provide,5
practices,5
pastoralists,5
corpus,5
hominids,5
advanced,5
restricted,5
processing,5
increasingly,5
lee,5
again,5
others,5
extended,5
end,5
mali,5
pygmy,5
samples,5
assumption,5
academics,5
points,5
architectural,5
like,5
features,5
course,5
merwe,5
glynn,5
structure,5
james,5
increasing,5
she,5
usually,5
life,5
ing,5
meant,5
associated,5
changing,5
marcel,5
physical,5
cultures,5
interested,5
eventually,5
ideological,5
cal,5
investigation,5
became,5
variability,5
steel,5
come,5
models,5
generate,5
chad,5
include,5
land,5
evidence,5
effects,5
association,5
increased,5
chicago,5
close,5
lac,5
problem,4
zaire,4
oriented,4
begho,4
calgary,4
resulted,4
linguistic,4
just,4
complex,4
topics,4
spears,4
postprocessual,4
considerations,4
former,4
columbia,4
tween,4
before,4
source,4
creation,4
interests,4
utilization,4
v,4
definition,4
take,4
state,4
date,4
fouilles,4
involves,4
occasional,4
malawi,4
anthropologists,4
primary,4
bones,4
vol,4
possible,4
logical,4
obvious,4
madagascar,4
point,4
reflecting,4
far,4
economies,4
marginalized,4
collection,4
evaluating,4
exist,4
labor,4
thus,4
due,4
objective,4
type,4
clay,4
perspective,4
differently,4
even,4
interesting,4
without,4
en,4
explicit,4
environments,4
earlier,4
contributions,4
discoveries,4
consequences,4
gathering,4
elsewhere,4
house,4
delta,4
back,4
ian,4
view,4
descriptive,4
expressed,4
whom,4
concentration,4
included,4
tural,4
basin,4
faunal,4
access,4
behavioral,4
changed,4
term,4
ceramics,4
scale,4
method,4
sedentism,4
future,4
description,4
nuba,4
sao,4
africanist,4
contrast,4
long,4
concerns,4
provided,4
preliminary,4
activities,4
periods,4
led,4
schmidt,4
limited,4
play,4
tropical,4
community,4
precolonial,4
interactions,4
humans,4
com,4
continuity,4
under,4
us,4
une,4
bloomington,4
insights,4
fairly,4
enquiry,4
europe,4
conceived,4
stud,4
idea,4
pastoralism,4
maasai,4
serious,4
model,4
swahili,4
relevant,4
strategies,4
perhaps,4
begun,4
controversy,4
cul,4
bulletin,4
discussion,4
examples,4
previously,4
increase,4
varying,4
significant,4
assume,4
continue,4
subsequent,4
mikea,4
times,4
function,4
exchange,4
methods,4
adaptations,4
cape,4
widely,4
gen,4
september,4
factors,4
oxford,4
valuable,4
independent,4
sometimes,4
namibia,4
un,4
hope,4
centuries,4
itself,4
problematic,4
earliest,4
environment,4
then,4
extensive,4
here,4
namib,4
politics,4
sudan,4
associations,4
economy,4
making,4
accounts,4
distribution,4
archeologique,4
too,4
popular,4
must,4
lies,4
tions,4
analogy,4
advent,4
paradigm,4
beyond,4
sur,4
themselves,4
valley,4
khoisan,4
ethnoar,4
dif,4
witwaterstrand,3
along,3
encouraged,3
ritual,3
per,3
fora,3
center,3
easily,3
robertshaw,3
women,3
themes,3
might,3
goal,3
kofi,3
nature,3
best,3
straightforward,3
undertake,3
thank,3
differences,3
studied,3
agorsah,3
farther,3
reply,3
composition,3
real,3
influences,3
depending,3
sophisticated,3
albeit,3
modify,3
investiga,3
namibian,3
cooperation,3
mountains,3
nographic,3
against,3
nic,3
gaining,3
becoming,3
characteristic,3
structuralist,3
chez,3
amount,3
subjects,3
searchers,3
ik,3
young,3
beginning,3
propositions,3
fer,3
nigerian,3
whose,3
identification,3
programmatic,3
statements,3
camp,3
remain,3
band,3
symbols,3
white,3
blurton,3
affect,3
established,3
film,3
smelts,3
traces,3
preoccupation,3
wilmsen,3
orientation,3
agricultural,3
recovered,3
powerful,3
ornament,3
strategy,3
result,3
accommodated,3
shared,3
sedentary,3
initial,3
equivalents,3
mined,3
ger,3
viewed,3
colonies,3
fulani,3
forgerons,3
concept,3
quickly,3
department,3
whole,3
gies,3
discussions,3
partly,3
gatherers,3
reflect,3
my,3
analo,3
ago,3
below,3
inference,3
things,3
mclntosh,3
applicability,3
sufficient,3
essentially,3
ancestors,3
musee,3
usual,3
pays,3
rican,3
structuring,3
bassin,3
settlers,3
critical,3
basarwa,3
matter,3
functioning,3
short,3
expansion,3
object,3
above,3
museum,3
violence,3
americans,3
mission,3
rain,3
mobile,3
gongola,3
etudes,3
critiques,3
subcontinent,3
pointed,3
ecological,3
consideration,3
ituri,3
broadly,3
angeles,3
rwanda,3
structural,3
distance,3
going,3
stance,3
simon,3
intimate,3
discovery,3
eighteenth,3
chaeology,3
expression,3
largely,3
uganda,3
causes,3
explorations,3
crises,3
meanings,3
mode,3
peter,3
co,3
allowed,3
high,3
distinction,3
ap,3
spent,3
evolutionary,3
contact,3
relative,3
limites,3
manufacture,3
separate,3
worldview,3
proc,3
inhabitants,3
bound,3
widespread,3
institutions,3
lost,3
sequences,3
plains,3
archeologie,3
construction,3
researcher,3
face,3
arts,3
susan,3
reference,3
metallurgie,3
claims,3
undertook,3
conjunction,3
continues,3
known,3
implied,3
occurrences,3
maceachem,3
funding,3
control,3
each,3
illuminate,3
innovations,3
vari,3
wall,3
constructions,3
pygmies,3
terial,3
agriculture,3
whether,3
form,3
cause,3
adaptation,3
studying,3
incorporated,3
middle,3
john,3
recognition,3
yellen,3
herders,3
biennial,3
willett,3
contributed,3
actively,3
integrated,3
define,3
cognitive,3
hunter,3
programme,3
watp,3
needs,3
am,3
potential,3
huffman,3
assumed,3
interaction,3
observed,3
major,3
hypothesis,3
final,2
intimately,2
go,2
elite,2
car,2
skeletal,2
historiques,2
universite,2
affected,2
worthy,2
methodologies,2
framework,2
exemplars,2
africain,2
replaced,2
identify,2
designed,2
gouletquer,2
live,2
omy,2
strictly,2
zim,2
conscious,2
ore,2
station,2
decade,2
connah,2
sys,2
expatriate,2
descriptions,2
absence,2
societal,2
deter,2
trocadero,2
implements,2
affiliated,2
culturally,2
betsileo,2
season,2
forges,2
archaeologically,2
available,2
individuals,2
down,2
holl,2
together,2
accompanied,2
producing,2
generalizations,2
posnansky,2
help,2
inland,2
turnbull,2
afrika,2
concepts,2
daniel,2
intersection,2
nomadic,2
ethnoarchaeologists,2
existence,2
projectile,2
westview,2
calabashes,2
key,2
guenther,2
bases,2
u,2
lim,2
sapiens,2
nyameakuma,2
huysecom,2
richard,2
mental,2
extends,2
correlation,2
himself,2
interact,2
pursuing,2
karagwe,2
exposed,2
savanna,2
ends,2
mauny,2
royal,2
typological,2
language,2
equatorial,2
historically,2
difficulties,2
furnaces,2
hierarchy,2
scarce,2
anthropos,2
exam,2
application,2
topic,2
extensively,2
turn,2
distinct,2
items,2
ct,2
concerning,2
mauss,2
contributes,2
semantic,2
y,2
mirrored,2
archaeologist,2
essays,2
critique,2
huts,2
conducting,2
hausa,2
acted,2
plant,2
phases,2
languages,2
lesser,2
affiliations,2
gbaya,2
pattern,2
town,2
reflects,2
ably,2
sociated,2
homo,2
learning,2
mountain,2
evaluation,2
appreciation,2
stuttgart,2
active,2
adopted,2
burial,2
grew,2
leave,2
ongoing,2
practicing,2
departement,2
raymond,2
projet,2
reason,2
lives,2
perceptions,2
tinued,2
old,2
dichotomy,2
objects,2
parkington,2
consciousness,2
realities,2
impact,2
dominate,2
aly,2
northeastern,2
weak,2
sukur,2
organisation,2
position,2
boundary,2
shifted,2
care,2
metal,2
senegal,2
trained,2
approche,2
franz,2
tiv,2
diachronic,2
moving,2
came,2
lozi,2
conflict,2
ambitious,2
effort,2
ocean,2
denbow,2
events,2
ngenyn,2
ogy,2
interpretations,2
tableau,2
popu,2
pre,2
further,2
propos,2
traced,2
understood,2
informed,2
archetypal,2
michigan,2
pursued,2
residential,2
moore,2
meet,2
grounds,2
tension,2
explain,2
acteristics,2
expressions,2
criteria,2
experiment,2
southeastern,2
char,2
having,2
participation,2
degrees,2
logicism,2
drawn,2
scope,2
obscure,2
avery,2
strict,2
training,2
reserve,2
indigenous,2
northwest,2
broad,2
actually,2
beads,2
assimilated,2
bassar,2
tchad,2
trends,2
else,2
monetary,2
tool,2
published,2
davison,2
successful,2
macina,2
interacting,2
emerging,2
encompassing,2
few,2
smithsonian,2
representation,2
presence,2
distinguished,2
villages,2
coast,2
patience,2
richness,2
cattle,2
pa,2
arbor,2
notes,2
moved,2
rest,2
sophistication,2
geographical,2
concomitant,2
seemed,2
subsequently,2
institut,2
darfur,2
cameroun,2
republic,2
inhabit,2
plateau,2
scientific,2
britain,2
wrote,2
comparative,2
mpondo,2
unsystematic,2
commenced,2
comments,2
experiences,2
movement,2
masons,2
yet,2
fair,2
thought,2
angola,2
detectable,2
metallurgical,2
genevieve,2
neither,2
specimens,2
brooks,2
infrastructure,2
demonstrates,2
indian,2
wisconsin,2
dakar,2
japanese,2
musa,2
months,2
disciplinary,2
volume,2
blacksmith,2
mound,2
amateurs,2
bushman,2
marakwet,2
challenge,2
journey,2
sedentarization,2
similarly,2
mcln,2
amined,2
conduct,2
sprache,2
choice,2
reasoning,2
ried,2
manifested,2
bariba,2
habitat,2
diverse,2
farming,2
omitted,2
rica,2
doubt,2
distributions,2
arguably,2
documents,2
ages,2
landscape,2
zambia,2
realms,2
empire,2
seventeenth,2
confrontation,2
containers,2
binford,2
assemblage,2
ability,2
encountered,2
ticularly,2
original,2
greatest,2
collecting,2
scales,2
processualist,2
associates,2
investigated,2
vast,2
stances,2
atlantic,2
indiana,2
invested,2
rendered,2
africains,2
situating,2
formal,2
oromo,2
ethnology,2
comparitives,2
gifford,2
objectification,2
hypotheses,2
residues,2
virtually,2
maria,2
kingdom,2
net,2
africaines,2
styles,2
persistent,2
poterie,2
ethnoarchaeologi,2
continuities,2
described,2
lacustrine,2
authors,2
held,2
collaboration,2
geographically,2
spread,2
hoddens,2
burundi,2
collected,2
stages,2
lie,2
imbibed,2
practiced,2
after,2
preservation,2
black,2
siting,2
strongly,2
stahl,2
article,2
trying,2
examine,2
seattle,2
implication,2
attracted,2
institution,2
tendency,2
nomic,2
productive,2
decay,2
greenwood,2
dead,2
applications,2
integration,2
rise,2
assert,2
five,2
ideology,2
practitioners,2
program,2
tech,2
hill,2
unchanging,2
begin,2
wild,2
attitude,2
signifi,2
male,2
revisionism,2
independence,2
means,2
dimensions,2
collections,2
detailed,2
lations,2
localization,2
intensive,2
littoral,2
why,2
es,2
masca,2
surprising,2
lineages,2
exists,2
mud,2
stable,2
isaac,2
ethio,2
fossils,2
rarely,2
practice,2
complexity,2
worse,2
simply,2
eco,2
nated,2
indicate,2
reciprocity,2
bloomery,2
temporal,2
roderick,2
text,2
sciences,2
touest,2
know,2
berkeley,2
natural,2
dimi,2
intellectual,2
loikop,2
shares,2
par,2
ethnoarcheologie,2
novel,2
expanding,2
stiles,2
khoikhoi,2
capital,2
argue,2
bit,2
report,2
nchumuru,2
erer,2
ethnoarcheologique,2
reflected,2
generalized,2
examining,2
explicitly,2
geschichte,2
advances,2
merely,2
ologists,2
notable,2
banda,2
implicit,2
regime,2
mafa,2
map,2
ies,2
correlates,2
infrastructures,2
require,2
dark,2
cloth,2
intensification,2
emphasis,2
categories,2
spaces,2
bodies,2
africaine,2
affecting,2
introduced,2
devel,2
easy,2
subject,2
merrick,2
assumptions,2
went,2
territory,2
confronted,2
sion,2
conventional,2
impulses,2
contribute,2
isolated,2
think,2
varied,2
booran,2
shores,2
locations,2
zones,2
dangerous,2
ikung,2
approachable,2
documentation,2
prolonged,2
building,2
specialists,2
constructed,2
inherent,2
leagues,2
meeting,2
col,2
archaic,2
magical,2
ful,2
tations,2
geneve,2
actions,2
combination,2
proaches,2
informants,2
meat,2
laeoanthropological,2
tubers,2
mauritania,2
abandoned,2
duction,2
networks,2
alternative,2
doing,2
looking,2
hani,2
colonize,1
resolve,1
pousal,1
massif,1
glected,1
mdaga,1
fleming,1
barros,1
mo,1
transportation,1
compares,1
provisioning,1
revisionist,1
owes,1
doubts,1
lation,1
limits,1
span,1
edge,1
evaluations,1
kivu,1
responds,1
systematization,1
functional,1
carefulness,1
interethnic,1
dangers,1
career,1
ideo,1
market,1
moyenage,1
tuscaloosa,1
shrines,1
extend,1
schism,1
meth,1
frangais,1
koobi,1
tangentially,1
unwin,1
diane,1
fea,1
advocated,1
combine,1
eliminated,1
kroeber,1
originating,1
volta,1
memoire,1
stands,1
territorial,1
methodologie,1
disregard,1
gallagher,1
sympathetic,1
potter,1
dichoto,1
twelfth,1
settlements,1
heretofore,1
needed,1
descended,1
larly,1
partially,1
touched,1
determinant,1
henson,1
systematically,1
kinds,1
putative,1
niamey,1
mobility,1
tosh,1
rhodesiensis,1
diverge,1
ethnogenesis,1
join,1
diversification,1
linkages,1
informative,1
tures,1
library,1
services,1
ditional,1
usefully,1
habitats,1
evocative,1
specialist,1
true,1
english,1
murder,1
remnants,1
ankara,1
investigating,1
centration,1
creasing,1
di,1
completely,1
killick,1
devalue,1
mit,1
smelt,1
compilation,1
cific,1
loca,1
tied,1
reasonably,1
tempered,1
acceptance,1
grialues,1
headland,1
distaste,1
equated,1
recreation,1
emphasize,1
unlike,1
title,1
occurred,1
ajaima,1
total,1
holding,1
palaeoanthropologi,1
postprocessualism,1
pots,1
economics,1
fulfillment,1
induced,1
thematic,1
po,1
gri,1
tigations,1
precursors,1
signal,1
bage,1
turning,1
test,1
experience,1
examina,1
lower,1
accumulation,1
buhaya,1
fabric,1
highlighted,1
picturesque,1
inhibited,1
ideas,1
rutshuru,1
eighth,1
programmes,1
provision,1
australia,1
children,1
bed,1
cumstances,1
invention,1
li,1
torical,1
chasm,1
laurens,1
paths,1
container,1
circoncision,1
popula,1
posed,1
len,1
cany,1
derives,1
percuteurs,1
expressive,1
crews,1
neolithic,1
originally,1
ii,1
togo,1
give,1
raphy,1
impacts,1
sampling,1
benue,1
contrasted,1
vols,1
diego,1
kilometers,1
maradi,1
questioned,1
materiel,1
sub,1
arrival,1
terrain,1
rare,1
articulate,1
aldine,1
cent,1
paternalism,1
furnace,1
words,1
detritus,1
heated,1
hitchcock,1
devore,1
serengeti,1
principles,1
gorge,1
colloques,1
attractive,1
ceramiques,1
sup,1
associa,1
globally,1
guished,1
advantage,1
broken,1
adaptationist,1
desire,1
behav,1
predated,1
timing,1
histories,1
portrayal,1
roland,1
pressed,1
rich,1
carrying,1
chroniclers,1
able,1
fessionalized,1
moderns,1
link,1
odological,1
masisi,1
choc,1
atically,1
clan,1
renfrew,1
expense,1
connection,1
folorunso,1
reexaminations,1
inadvertently,1
maurice,1
feature,1
camerounaises,1
affiliation,1
strength,1
physi,1
persistence,1
idealized,1
skull,1
imprinted,1
inteneur,1
alert,1
emphasized,1
keith,1
congo,1
robert,1
analogical,1
rockshelters,1
ber,1
headings,1
reading,1
modele,1
committed,1
optimistic,1
climate,1
visibility,1
stopped,1
racial,1
peuplement,1
annie,1
el,1
designs,1
socie,1
crader,1
depends,1
inquiry,1
adaptational,1
curio,1
scratches,1
pl,1
essual,1
weaving,1
sel,1
terests,1
dr,1
lelia,1
lustrating,1
resembles,1
preoccupations,1
indigenes,1
formulation,1
ficult,1
nearly,1
draws,1
advice,1
ftirnace,1
repercussions,1
noces,1
nology,1
incorporate,1
sexual,1
cu,1
receptivity,1
studes,1
partakes,1
brit,1
chapter,1
commencement,1
sheba,1
replacement,1
opened,1
felt,1
responses,1
accorded,1
omissions,1
fl,1
illustrate,1
esses,1
phalaborwa,1
peding,1
explorers,1
foreigners,1
powers,1
conspired,1
move,1
occupy,1
magazine,1
bernus,1
substitutes,1
vital,1
ignite,1
medical,1
dutch,1
reconsidering,1
plemented,1
surrounded,1
except,1
infer,1
proposal,1
kuper,1
rela,1
graz,1
womens,1
exchanges,1
backgrounds,1
grading,1
phoenicians,1
keeps,1
woodburn,1
liie,1
claredon,1
todd,1
mar,1
clusions,1
engage,1
fades,1
steiner,1
analyse,1
configuration,1
expecting,1
comment,1
reconstruc,1
interestingly,1
density,1
tories,1
mid,1
usage,1
learned,1
ioral,1
extinct,1
dertaken,1
frequencies,1
recursive,1
divorced,1
rukuru,1
civilization,1
accumulations,1
accessible,1
throughout,1
purview,1
identities,1
uncommon,1
married,1
concentrated,1
houses,1
cluded,1
histori,1
harcourt,1
passing,1
cushitic,1
reverse,1
guinea,1
ute,1
severe,1
vigorous,1
geoning,1
blast,1
conceals,1
quality,1
accommodation,1
pursue,1
tex,1
rheto,1
euroameri,1
illustrates,1
analyzing,1
initially,1
impinged,1
magic,1
sahelian,1
anciennes,1
paradoxically,1
palae,1
neighbors,1
divine,1
base,1
reflection,1
expeditions,1
itineraires,1
viewing,1
num,1
justifications,1
rites,1
ologique,1
lacustre,1
creased,1
prediction,1
ference,1
babwe,1
somalia,1
overt,1
realization,1
teristic,1
maralcwet,1
alison,1
rooted,1
expected,1
structed,1
positivism,1
spans,1
palaeolithic,1
priority,1
transitional,1
ware,1
schrire,1
adam,1
lending,1
theorists,1
lin,1
better,1
immigrants,1
clark,1
mentors,1
mistakes,1
sets,1
circulation,1
archaeol,1
burgeoning,1
depend,1
refer,1
convincing,1
pierre,1
encompass,1
body,1
hopefully,1
honesty,1
difficulty,1
inclusion,1
served,1
emphases,1
dates,1
honour,1
applying,1
third,1
ideal,1
misleading,1
module,1
detecting,1
publications,1
hippo,1
overwhelmed,1
helpful,1
tral,1
hari,1
stricts,1
equally,1
identifications,1
mul,1
nohistorical,1
remarkably,1
memoir,1
remote,1
look,1
preserving,1
corrected,1
pos,1
mand,1
details,1
netting,1
border,1
stagnation,1
conceive,1
decline,1
jones,1
tolerance,1
surely,1
nuanced,1
restricting,1
anthroquest,1
error,1
weathering,1
poorly,1
develops,1
anglo,1
likely,1
mechanisms,1
peo,1
landscapes,1
opposed,1
inception,1
dichot,1
via,1
authority,1
beria,1
racism,1
avoids,1
recognized,1
cybernetics,1
bunn,1
cially,1
capitale,1
german,1
whining,1
veiy,1
wandibba,1
mexico,1
air,1
ethnog,1
primates,1
forbidding,1
anube,1
scavenger,1
operations,1
act,1
subjected,1
observers,1
purely,1
variable,1
afrikanische,1
entreprise,1
absent,1
soviet,1
centered,1
noarchaeology,1
scrapers,1
compatible,1
district,1
illustration,1
basic,1
genuine,1
levels,1
uninhabited,1
centralization,1
coastal,1
hold,1
responded,1
wobst,1
resituate,1
materialist,1
afrocentric,1
utilises,1
suffer,1
opportunity,1
vs,1
fications,1
substantiate,1
prehistoires,1
proportion,1
carcass,1
expro,1
solway,1
flexible,1
connected,1
sciously,1
thing,1
amoung,1
humanity,1
ethnoarchaeol,1
entre,1
terms,1
archaeologia,1
assuming,1
generating,1
references,1
special,1
nos,1
dassenetch,1
enriched,1
actuelle,1
offering,1
read,1
eaten,1
leapfrogs,1
unified,1
subjugated,1
leftovers,1
von,1
something,1
evolu,1
dismiss,1
scattered,1
bulahay,1
update,1
periodic,1
enlisted,1
consistency,1
support,1
firing,1
exceptional,1
modified,1
ducing,1
solutions,1
worlds,1
efe,1
acquisition,1
subordinated,1
higgs,1
tidisciplinary,1
soon,1
reification,1
self,1
agree,1
skeleton,1
locally,1
volkskundlich,1
possibly,1
occasioning,1
stifling,1
forgeron,1
sorts,1
scories,1
statistical,1
specialization,1
replications,1
fabian,1
slowly,1
otherwise,1
mane,1
comers,1
branch,1
tention,1
presumably,1
feu,1
elicitation,1
section,1
represented,1
monde,1
tribalism,1
constrain,1
numbers,1
mary,1
chaines,1
document,1
argued,1
dialogue,1
frequently,1
unproblematic,1
hastened,1
frag,1
accoucher,1
mask,1
four,1
opinions,1
misconceptions,1
eclecticism,1
langues,1
stewart,1
tessemt,1
nordkamerun,1
millennium,1
smudge,1
xidi,1
follow,1
lemoine,1
poor,1
noire,1
hart,1
scientist,1
olivier,1
alabama,1
predates,1
isolation,1
followed,1
modeled,1
queen,1
comprising,1
represent,1
pithecine,1
enmeshed,1
abords,1
recur,1
mix,1
sterner,1
permanent,1
detested,1
pleistocene,1
owning,1
publicity,1
unilineal,1
equivalence,1
films,1
mon,1
providing,1
fetude,1
decades,1
mensch,1
endeavoring,1
classify,1
scientism,1
trajectories,1
dc,1
osteological,1
iconography,1
eguru,1
anthropologically,1
tunities,1
angela,1
experimentation,1
presents,1
raw,1
olduvai,1
tease,1
salvage,1
wayward,1
prins,1
herald,1
lead,1
acting,1
identifying,1
pho,1
thousands,1
path,1
opposition,1
location,1
alienation,1
bearing,1
tra,1
nouveaux,1
ekonda,1
prehistorians,1
formulations,1
etfanoarcfaacoiogy,1
appearance,1
congru,1
medicine,1
transient,1
rule,1
hivernel,1
entering,1
traditionally,1
critically,1
typical,1
cant,1
temptation,1
combinations,1
furtherance,1
objectives,1
recognize,1
slave,1
bahuchet,1
demands,1
issue,1
teeming,1
akademische,1
fishing,1
rudolf,1
guistics,1
criticisms,1
agendas,1
carolina,1
imagination,1
lar,1
tinent,1
endeavor,1
principautes,1
ket,1
minated,1
brace,1
portsmouth,1
fo,1
reactionary,1
barreteau,1
cope,1
representative,1
ceived,1
inter,1
respects,1
ethnographer,1
evaluate,1
wonder,1
embedded,1
eliminates,1
ric,1
neighboring,1
minimum,1
though,1
acquaint,1
war,1
stock,1
reviews,1
workings,1
africanists,1
fisher,1
unique,1
based,1
prohibit,1
hottentots,1
portant,1
intensity,1
dispersal,1
biases,1
giographique,1
entrap,1
excellent,1
younger,1
monograph,1
fish,1
productively,1
placed,1
verse,1
nothing,1
revision,1
semblages,1
procedures,1
saving,1
absolute,1
ined,1
enough,1
eager,1
wide,1
sackett,1
erate,1
flaked,1
enslavement,1
akume,1
montagnard,1
package,1
near,1
scene,1
lorna,1
warriors,1
maconde,1
glossed,1
weight,1
gained,1
aging,1
institutes,1
artefacts,1
peans,1
genre,1
perpetuated,1
line,1
venda,1
mapped,1
remedying,1
vide,1
clarke,1
operatoires,1
bc,1
scavenging,1
militate,1
scatters,1
koyfar,1
strengths,1
skeletons,1
eleventh,1
already,1
bitious,1
mobilization,1
reid,1
fraser,1
hang,1
applicabil,1
coping,1
significantly,1
brought,1
heavily,1
tens,1
drew,1
purpose,1
denigrated,1
civilisation,1
apparent,1
sandawe,1
cerned,1
domi,1
hobby,1
cleanliness,1
nonmaterial,1
positions,1
cameo,1
tip,1
ple,1
understandable,1
ethnoarch,1
deavors,1
literature,1
sorcery,1
generalizing,1
overview,1
elu,1
olithic,1
fluent,1
describe,1
fit,1
database,1
couched,1
accretion,1
typologizing,1
financial,1
njau,1
adap,1
collective,1
constitute,1
records,1
dietler,1
johann,1
round,1
denizens,1
traditionelle,1
rituals,1
documented,1
focuses,1
versatile,1
contraintes,1
away,1
herding,1
employed,1
cat,1
signalling,1
il,1
nor,1
putatively,1
differentially,1
employment,1
harmless,1
blacksmithing,1
sions,1
class,1
elephant,1
transformers,1
oral,1
memoirs,1
transmutes,1
ucla,1
candice,1
refuse,1
origi,1
dantibe,1
errors,1
cantly,1
bisa,1
ethnographicallyand,1
earth,1
symposium,1
namu,1
erto,1
wholesale,1
creating,1
excavated,1
computer,1
sense,1
indicator,1
describing,1
kultur,1
corresponds,1
wi,1
responsibility,1
shaping,1
tempts,1
ambrose,1
cedures,1
lois,1
villagers,1
rarer,1
ward,1
perspektiven,1
nguni,1
encompasses,1
mbae,1
archaeologies,1
hod,1
nutritional,1
goucher,1
transport,1
stemmed,1
feeling,1
exemplifies,1
highly,1
skimming,1
mal,1
resolution,1
append,1
pursuits,1
exigencies,1
industry,1
acts,1
khoik,1
invaluable,1
nomads,1
australian,1
startling,1
nuance,1
mots,1
differing,1
bunu,1
philip,1
occasions,1
tensively,1
dedicated,1
maine,1
portugese,1
characterizes,1
customary,1
interrogation,1
annual,1
scott,1
progress,1
cosmology,1
nipulate,1
henrietta,1
disagreement,1
intent,1
deacon,1
boni,1
gould,1
priori,1
roots,1
palaeoanthropologists,1
florida,1
tographed,1
appropriate,1
value,1
lansing,1
newly,1
universitetsforlaget,1
cused,1
wolfgang,1
pot,1
passive,1
inhabiting,1
rinehart,1
settle,1
sporadic,1
kristen,1
shona,1
collaborated,1
ethnien,1
distin,1
nations,1
topfereiund,1
comparisons,1
disseminating,1
marked,1
weighted,1
revolved,1
tich,1
ferences,1
usable,1
dichotomies,1
highlights,1
interviewing,1
furnished,1
second,1
dogs,1
business,1
gan,1
trampling,1
forever,1
reduced,1
saw,1
ttie,1
detected,1
commu,1
implicitly,1
steadily,1
burning,1
fortunately,1
opening,1
mentary,1
buttress,1
vouest,1
action,1
spectacle,1
doctoral,1
gradual,1
hide,1
drama,1
labeled,1
kassam,1
mauch,1
schemes,1
tide,1
onward,1
ahistorical,1
classic,1
forward,1
sargent,1
outlet,1
mediating,1
exception,1
brings,1
constraints,1
oppressed,1
monino,1
believing,1
hu,1
bined,1
slower,1
pologists,1
borno,1
standing,1
studien,1
blending,1
attachment,1
covert,1
recreating,1
enrichment,1
seemingly,1
abrupt,1
hitherto,1
inhabited,1
hazda,1
innovation,1
selection,1
cuite,1
evidentiary,1
berns,1
stricted,1
chap,1
powerfully,1
lopoy,1
worked,1
spoken,1
fully,1
once,1
parlers,1
funeraires,1
flux,1
cheap,1
petrequin,1
competition,1
lp,1
edited,1
relied,1
ticulation,1
dtn,1
auspices,1
isochrestism,1
nonhuman,1
vocabulaires,1
preheated,1
wake,1
hoi,1
makes,1
ama,1
marginal,1
anonymous,1
acknowledgments,1
evolved,1
exposure,1
hamites,1
ne,1
contrib,1
marred,1
peul,1
perceived,1
fondeurs,1
marshall,1
forays,1
participants,1
chris,1
archaeologi,1
home,1
initiation,1
falls,1
seniors,1
experiments,1
publishing,1
light,1
assistance,1
complete,1
teaching,1
choices,1
every,1
inferences,1
humanities,1
topical,1
deliver,1
berom,1
al,1
responsive,1
hopes,1
friedel,1
vers,1
narratives,1
contempt,1
tanner,1
cautions,1
ferentiation,1
tenacity,1
naive,1
speaking,1
proach,1
opment,1
frameworks,1
palaeoanthropology,1
layout,1
krause,1
orba,1
picture,1
sahel,1
simulation,1
members,1
starting,1
lewis,1
majority,1
solomon,1
comfortable,1
hud,1
ognized,1
forschungsnetzes,1
decoration,1
technique,1
stronger,1
shameful,1
strike,1
mark,1
nesses,1
dobe,1
beuf,1
retical,1
deserves,1
houlouf,1
put,1
outlooks,1
towns,1
redress,1
addition,1
towards,1
tematic,1
water,1
spear,1
smith,1
lebeufs,1
salutary,1
paleoanthropological,1
unsuccessful,1
herbert,1
efforts,1
generational,1
campsites,1
traceable,1
longer,1
inves,1
encompassed,1
valid,1
limit,1
treatment,1
fundamental,1
fluence,1
agrarian,1
occurrence,1
craniology,1
relates,1
agades,1
striking,1
foods,1
untainted,1
cidated,1
potentially,1
uneasy,1
compound,1
beliefs,1
appeared,1
atic,1
match,1
exclusion,1
relict,1
attempting,1
disturbed,1
quali,1
lanet,1
really,1
anthro,1
yams,1
incorporation,1
souverains,1
granting,1
debated,1
fib,1
jours,1
considerable,1
essner,1
segue,1
seldom,1
remark,1
utilize,1
civilisations,1
external,1
simple,1
honor,1
materielle,1
anthropologist,1
forms,1
never,1
confusion,1
dichotomized,1
hand,1
consciously,1
decisively,1
reconstructing,1
ground,1
tales,1
remarkable,1
centre,1
muham,1
square,1
metaphors,1
potieres,1
purposes,1
effets,1
tader,1
accepted,1
lemmonier,1
littoraux,1
norwegian,1
underscores,1
answer,1
tell,1
inhospitable,1
oppor,1
marxian,1
council,1
necessary,1
papert,1
cir,1
florescence,1
laden,1
disparity,1
agencies,1
focusing,1
incursions,1
mayo,1
seminar,1
quickened,1
militated,1
metropolitan,1
frequency,1
governance,1
imaginings,1
essai,1
pancien,1
argument,1
touch,1
descrip,1
realize,1
thoroughly,1
australopithecine,1
multidisciplinary,1
remained,1
forcefully,1
interpreting,1
territoriality,1
disagreements,1
meetings,1
breakdown,1
kulturkunde,1
ject,1
analyzed,1
gisement,1
reveals,1
situated,1
crossland,1
spective,1
kannemeyer,1
background,1
restrictions,1
gainsville,1
gascar,1
range,1
native,1
limitations,1
erational,1
writings,1
entations,1
mies,1
plars,1
pulses,1
translation,1
predominates,1
kyoto,1
holt,1
sufficiently,1
notse,1
herbich,1
formalist,1
atherton,1
ethno,1
geographique,1
crease,1
entirely,1
illusion,1
pecially,1
determining,1
brutish,1
wasser,1
preoccu,1
potting,1
sequence,1
resulting,1
sudanic,1
satisfactorily,1
permeates,1
remarques,1
actual,1
compunds,1
variables,1
tual,1
kikuyu,1
laboratory,1
national,1
alluded,1
chosen,1
deployed,1
cameroonian,1
literate,1
lurgy,1
relegated,1
ob,1
trasts,1
complicated,1
straddle,1
echard,1
synthetic,1
dating,1
mura,1
benin,1
finally,1
tressed,1
mack,1
open,1
significance,1
afterward,1
gosselain,1
computational,1
directed,1
adding,1
assaulted,1
peripheral,1
express,1
pia,1
urbanism,1
profession,1
modernization,1
nuity,1
decorated,1
maintenance,1
logic,1
interpret,1
workers,1
counter,1
objets,1
professionalization,1
divisions,1
reviewers,1
caribbean,1
threw,1
him,1
forefathers,1
journeying,1
gauthier,1
tribal,1
housed,1
exemples,1
cally,1
synthese,1
evolve,1
corrective,1
sideration,1
ducers,1
kus,1
filled,1
proximity,1
households,1
interacted,1
enquiries,1
sonderschriften,1
standard,1
abundant,1
presaged,1
ethnological,1
ited,1
artificial,1
hort,1
strangely,1
agriculturalists,1
graphic,1
servative,1
labels,1
ethnoarchaeolo,1
labour,1
giziga,1
arizona,1
elaborate,1
gabbra,1
alpine,1
constructing,1
reconstitution,1
viewpoint,1
glenn,1
chadian,1
craft,1
relation,1
successors,1
correlated,1
sty,1
stand,1
underclass,1
accordingly,1
effect,1
carte,1
primitive,1
seeking,1
comfortably,1
ethnographically,1
ethnohistory,1
analyze,1
differ,1
securing,1
robbins,1
theo,1
priated,1
perichadian,1
omis,1
quarterly,1
develop,1
noarchaeologists,1
vertebrate,1
cen,1
awareness,1
baggage,1
animals,1
dispossessed,1
species,1
druckund,1
attended,1
decolonization,1
splintering,1
uncritical,1
kofyar,1
ammerman,1
particularist,1
rift,1
genesis,1
farm,1
bring,1
interpenetration,1
vexposition,1
seasons,1
yields,1
arriving,1
undifferentiated,1
testable,1
relying,1
ity,1
assigned,1
devote,1
imply,1
aid,1
circle,1
me,1
undoubted,1
stems,1
tentative,1
immediacy,1
mixture,1
reenactments,1
kala,1
recreate,1
postmodernist,1
outsiders,1
investi,1
vision,1
plays,1
smiths,1
subdiscipline,1
vague,1
validity,1
rhodesiensislhomo,1
vertical,1
order,1
discard,1
xlvieme,1
substitution,1
prevent,1
sensitive,1
asa,1
publi,1
siderably,1
tive,1
yale,1
priddy,1
force,1
render,1
effectively,1
millennia,1
logone,1
rapidly,1
paradoxical,1
try,1
length,1
paradigmatic,1
spanning,1
regies,1
owed,1
spared,1
expectations,1
kill,1
fe,1
primeval,1
fall,1
mans,1
implies,1
caste,1
celis,1
frontier,1
respect,1
delafosse,1
simulated,1
fields,1
suisse,1
amboseli,1
citizens,1
madison,1
bonfire,1
canada,1
mirror,1
mounds,1
interpretive,1
tems,1
ravaging,1
grassfields,1
phe,1
hxaro,1
hamitic,1
tribe,1
vastly,1
detail,1
plies,1
fertility,1
dissertation,1
sections,1
school,1
duties,1
ignited,1
contained,1
wars,1
practised,1
victoria,1
readers,1
historian,1
sirak,1
entiation,1
demographics,1
fluential,1
roux,1
mentioned,1
version,1
divorcing,1
nationale,1
throw,1
consider,1
circumstances,1
founded,1
metallurgists,1
ied,1
demonstrate,1
ever,1
reporting,1
hypothesized,1
determinants,1
rious,1
word,1
pluridisciplinarity,1
pace,1
bush,1
recognizable,1
thousand,1
sonia,1
opments,1
charles,1
solved,1
abagusii,1
reconnaissance,1
generic,1
southampton,1
bowdoin,1
plain,1
lowing,1
appealing,1
organizational,1
sustained,1
boskop,1
simi,1
psychologique,1
innova,1
cover,1
inconnu,1
mis,1
defining,1
partitioning,1
dimension,1
mass,1
botletli,1
genevois,1
tendencies,1
country,1
proponents,1
leather,1
anthropo,1
touaregue,1
auxiliary,1
sizes,1
everyday,1
incorporating,1
vestigations,1
backbone,1
accommodate,1
augustin,1
seminaires,1
bafia,1
senri,1
republique,1
dur,1
bur,1
lemonnier,1
scavengers,1
outlay,1
reminiscent,1
exhibition,1
stumps,1
post,1
iii,1
thoroughness,1
stretching,1
charge,1
adesina,1
boasted,1
histoire,1
contextual,1
obviously,1
impossible,1
samyere,1
privileged,1
goods,1
recherche,1
written,1
precedent,1
ous,1
sorted,1
cities,1
domesticated,1
distinctive,1
mema,1
stamped,1
replication,1
accepts,1
utilized,1
sierra,1
techno,1
rural,1
quoted,1
nord,1
assessment,1
oversimplification,1
absolutely,1
destroyed,1
public,1
catalogue,1
animal,1
purported,1
butchering,1
setting,1
ested,1
camps,1
sambuni,1
limi,1
jean,1
ethnically,1
femmes,1
ruins,1
archeological,1
ethnoarchaeoiogy,1
fuller,1
answered,1
affirm,1
carefully,1
conservatism,1
reactions,1
kevin,1
preserva,1
ghanaian,1
worthwhile,1
cooking,1
ones,1
yielded,1
joined,1
apace,1
sociology,1
exem,1
nearby,1
delneuf,1
maintain,1
proven,1
attitudes,1
validate,1
seasonal,1
contrasting,1
luangwa,1
protective,1
exemplified,1
firmly,1
mathew,1
malla,1
mauretanie,1
tightly,1
leaving,1
chau,1
usandawe,1
insightful,1
illustrated,1
zur,1
scheduling,1
periphery,1
westerners,1
mandated,1
expositions,1
healthy,1
priscilla,1
divide,1
moyen,1
hottentot,1
representations,1
yield,1
video,1
click,1
orientations,1
ori,1
encounters,1
articulation,1
terre,1
die,1
mccaleb,1
instilled,1
amd,1
bounds,1
permeated,1
urban,1
size,1
travel,1
haps,1
finished,1
ines,1
st,1
conference,1
burden,1
tent,1
apparatus,1
pation,1
son,1
preserved,1
jd,1
northwestern,1
litical,1
milieux,1
pits,1
disparate,1
nomenon,1
erally,1
sticks,1
extending,1
interchange,1
despite,1
ajhcanistes,1
econ,1
rod,1
belgium,1
fossil,1
giving,1
apartheid,1
domaine,1
hyena,1
disciplines,1
investment,1
resorts,1
carvers,1
alain,1
obtain,1
logicisnv,1
partake,1
describes,1
unity,1
suffers,1
habelt,1
conti,1
pole,1
definitions,1
fine,1
witchcraft,1
gated,1
terethnic,1
cuivre,1
gar,1
outils,1
analysts,1
named,1
eric,1
northeast,1
promoted,1
necessarily,1
devoted,1
moderate,1
differentiated,1
oja,1
spring,1
cycling,1
survival,1
spacing,1
mada,1
differentiation,1
birth,1
euro,1
editor,1
intemationalen,1
difference,1
ence,1
electronic,1
neighbouring,1
cas,1
z,1
raharijaona,1
tourneux,1
illinois,1
twentieth,1
sud,1
frame,1
write,1
sought,1
beings,1
imperative,1
gists,1
forag,1
submerged,1
ended,1
offer,1
insight,1
instead,1
fauna,1
animating,1
oconnell,1
immersion,1
afrique,1
consumption,1
espe,1
environ,1
relics,1
product,1
cautionary,1
pigmies,1
charac,1
cheapness,1
transculturelles,1
hith,1
terning,1
centrality,1
earthen,1
conclu,1
piece,1
morphologies,1
playing,1
leiden,1
comtemporary,1
await,1
shelters,1
sexuality,1
scraper,1
friede,1
permeable,1
typology,1
shift,1
speak,1
ation,1
ships,1
putting,1
environnements,1
traveling,1
maintaining,1
listic,1
offered,1
supported,1
territories,1
nansky,1
interdisciplinaire,1
carbon,1
yel,1
apart,1
pioneering,1
requires,1
penetrated,1
munities,1
pathways,1
broadening,1
collaborators,1
rejection,1
scholarship,1
paideuma,1
hills,1
sensitization,1
correlate,1
say,1
communi,1
skeptically,1
reached,1
stemming,1
australo,1
temperatures,1
formes,1
territoires,1
sharing,1
uncertainty,1
texts,1
deposition,1
euroamerican,1
substantial,1
import,1
element,1
digging,1
tactic,1
pat,1
speedily,1
ide,1
processualists,1
nigeriennes,1
glance,1
comparable,1
grace,1
programming,1
tuareg,1
cross,1
degrade,1
orien,1
broader,1
formulae,1
asked,1
built,1
termed,1
strictest,1
race,1
draft,1
dapres,1
preconceptions,1
spe,1
perception,1
mota,1
symbiotic,1
richly,1
continuously,1
grants,1
thorough,1
