WORDCOUNTS,WEIGHT
the,1196
of,849
and,649
in,519
to,258
a,251
for,148
west,136
is,132
that,130
at,129
as,129
from,124
africa,119
by,110
iron,106
j,95
p,87
with,84
on,84
this,74
have,74
or,72
african,71
it,66
sites,66
copper,66
pp,65
mclntosh,63
are,62
trade,58
de,55
niger,54
early,53
was,51
been,51
evidence,51
these,50
sahara,50
we,49
r,48
s,46
has,45
bp,44
ad,44
not,44
et,42
millennium,40
were,40
be,38
north,37
du,35
age,35
m,33
which,33
prehistory,32
b,31
k,31
first,31
an,31
la,31
university,31
archaeological,29
stone,28
where,28
smelting,27
dates,27
more,27
later,26
c,26
site,25
time,25
new,25
region,25
d,25
some,24
century,24
late,24
research,24
lsa,24
areas,24
period,24
n,24
no,23
technology,23
into,22
i,22
there,22
such,22
journal,22
societies,22
arab,22
radiocarbon,22
middle,22
than,21
saharan,21
bc,21
its,21
climate,21
over,21
through,21
one,20
inland,20
development,20
t,20
would,20
area,20
les,20
local,20
archaeology,19
production,19
after,19
during,19
but,19
only,19
can,19
both,19
complex,18
possible,18
human,18
may,18
their,18
metallurgy,18
most,18
le,18
also,18
years,18
all,17
other,17
nigerian,17
changes,17
climatic,17
two,17
social,17
sahel,17
au,17
although,17
ca,17
major,17
western,16
history,16
well,16
data,16
any,16
des,16
kintampo,16
sur,16
between,16
sources,15
g,15
metal,15
had,15
ghana,15
documented,15
change,15
l,15
lakes,15
associated,15
material,15
little,15
source,14
along,14
central,14
developments,14
afr,14
delta,14
senegal,14
horse,14
indigenous,14
settlement,14
several,14
f,14
present,14
cambridge,14
northern,14
nigeria,13
since,13
ukwu,13
fig,13
excavations,13
spread,13
dated,13
origins,13
igbo,13
burial,13
about,13
culture,13
use,13
dans,13
forest,13
far,13
economy,13
e,12
large,12
h,12
processes,12
throughout,12
process,12
around,12
presence,12
ninth,12
south,12
do,12
eleventh,12
earlier,12
pottery,12
goods,12
world,12
glass,12
much,12
recent,12
political,11
because,11
mem,11
southern,11
yet,11
increasingly,11
power,11
mali,11
understanding,11
deposits,11
dating,11
centuries,11
known,11
bronze,11
report,11
past,11
suggests,11
tumuli,11
furnaces,11
ii,10
point,10
tichitt,10
appear,10
occupation,10
used,10
various,10
populations,10
end,10
paris,10
clear,10
patterns,10
soc,10
complexity,10
rainfall,10
tegdaoust,10
lake,10
calibration,9
metallurgies,9
based,9
either,9
nature,9
those,9
case,9
recherches,9
influence,9
how,9
arid,9
objects,9
record,9
appearance,9
scale,9
metals,9
artifacts,9
excavated,9
made,9
so,9
exchange,9
v,9
increasing,9
earliest,9
different,9
did,9
became,9
until,9
second,8
furnace,8
available,8
last,8
activity,8
historical,8
parts,8
emergence,8
archaeol,8
important,8
prehistoric,8
further,8
cultural,8
produced,8
place,8
beads,8
reflect,8
working,8
when,8
cattle,8
society,8
economic,8
palaeoecology,8
comparative,8
chronology,8
same,8
including,8
regions,8
sequences,8
current,8
nouvelles,8
while,8
urban,8
presented,8
km,8
substantial,8
way,7
rev,7
groups,7
environmental,7
introduction,7
they,7
before,7
nyame,7
tumulus,7
very,7
oxford,7
sci,7
even,7
dry,7
factors,7
established,7
w,7
arabs,7
appears,7
cannot,7
wealth,7
networks,7
mediterranean,7
excavation,7
highly,7
industry,7
en,7
likely,7
materials,7
identified,7
expansion,7
us,7
empire,7
origin,7
shifts,7
discovery,7
range,7
desert,7
detailed,7
significant,7
akuma,7
times,7
probably,7
mentioned,7
quaternary,7
what,7
whether,7
conditions,7
national,7
chad,7
agadez,7
final,6
calibrated,6
if,6
position,6
anomalies,6
might,6
tradition,6
panafrican,6
state,6
date,6
within,6
el,6
tenth,6
holocene,6
domesticated,6
sahelian,6
nor,6
apparently,6
growth,6
plus,6
organization,6
upper,6
cotton,6
pastoral,6
taruga,6
found,6
recently,6
aspects,6
participation,6
related,6
work,6
small,6
up,6
will,6
demand,6
pastoralists,6
thought,6
under,6
latitude,6
already,6
regional,6
fact,6
less,6
number,6
slaves,6
food,6
largely,6
congress,6
three,6
brass,6
high,6
independent,6
ecological,6
who,6
tin,6
yale,6
existed,6
variable,6
der,6
specialized,6
agricultural,6
seasonal,6
distribution,6
size,6
ife,6
coming,6
our,6
remains,6
variations,6
gold,6
currently,5
o,5
ultimate,5
studies,5
cast,5
neolithic,5
emerged,5
analyses,5
influences,5
context,5
key,5
account,5
prior,5
twelfth,5
controlled,5
phase,5
characteristic,5
response,5
phases,5
van,5
whose,5
without,5
megalithic,5
subsistence,5
similar,5
contributions,5
akjoujt,5
clearly,5
air,5
dakar,5
alloy,5
zone,5
understood,5
required,5
future,5
revealed,5
london,5
knowledge,5
published,5
involved,5
few,5
coast,5
using,5
mauritania,5
implications,5
limited,5
expanded,5
metallurgical,5
ceramic,5
many,5
smith,5
pastoralism,5
see,5
examples,5
sequence,5
historic,5
craft,5
today,5
smiths,5
strongly,5
rapidly,5
detail,5
simply,5
sudan,5
growing,5
investigation,5
them,5
adaptation,5
role,5
question,5
symbolic,5
advent,5
ores,5
stratification,5
chars,5
shift,5
potential,5
ser,5
focus,5
ments,4
now,4
common,4
alone,4
geometric,4
raw,4
tells,4
bend,4
contact,4
invention,4
certainly,4
rapid,4
seems,4
editions,4
suggesting,4
differences,4
exotic,4
producing,4
kingdom,4
orstom,4
occasional,4
sophisticated,4
acad,4
vol,4
pre,4
reflecting,4
x,4
ritual,4
economies,4
glacial,4
relatively,4
ancient,4
bone,4
cr,4
dia,4
document,4
slave,4
zinc,4
plant,4
industries,4
town,4
bull,4
etudes,4
developed,4
levels,4
environments,4
lacking,4
consequences,4
elsewhere,4
impact,4
four,4
resource,4
beyond,4
consequence,4
suggested,4
view,4
charcoal,4
explanatory,4
tilemsi,4
base,4
archeologique,4
population,4
rectilinear,4
wide,4
directly,4
y,4
industrial,4
apparent,4
people,4
precipitation,4
least,4
suggest,4
quite,4
belt,4
floodplain,4
eighth,4
hist,4
roots,4
marandet,4
cuivre,4
still,4
movement,4
thilmans,4
elaboration,4
neither,4
prehistoire,4
funerary,4
california,4
toward,4
rock,4
water,4
lack,4
discussed,4
alloys,4
appeared,4
larger,4
pattern,4
outside,4
adjacent,4
model,4
relevant,4
norwegian,4
perhaps,4
style,4
archeologiques,4
another,4
karkarichinkat,4
assemblages,4
grassland,4
factor,4
causes,4
products,4
evolution,4
described,4
benin,4
urbanism,4
characterized,4
abundant,4
provides,4
study,4
become,4
european,4
relationship,4
spindle,4
widespread,4
monuments,4
transformation,4
antiquity,4
why,4
hierarchical,4
types,4
exists,4
environment,4
paleoclimatic,4
domestic,4
cultivation,4
steppe,4
better,4
evident,4
beginning,4
rose,4
techniques,4
oualadji,4
exotics,4
fauna,4
afrique,4
prehistoriques,4
massifs,4
specific,4
grebenart,4
recherche,4
given,4
among,4
comparable,4
building,4
resources,4
close,4
hypothesis,4
difficult,3
medieval,3
imported,3
fouilles,3
resulted,3
northeast,3
adoption,3
expect,3
settlements,3
cire,3
kinds,3
artistic,3
authority,3
occurred,3
lebeuf,3
saleh,3
zones,3
cavalry,3
season,3
worked,3
advanced,3
ogo,3
archaeologically,3
latitudes,3
reasons,3
potentially,3
kingship,3
mande,3
subsequent,3
vegetation,3
emphasized,3
precisely,3
signs,3
designs,3
system,3
con,3
establishing,3
say,3
establishment,3
cited,3
dynamic,3
above,3
undoubtedly,3
warfare,3
thus,3
review,3
southwestern,3
historically,3
facts,3
immediate,3
due,3
against,3
unpublished,3
circulation,3
ability,3
basal,3
type,3
estimates,3
places,3
refer,3
back,3
wares,3
served,3
find,3
whorls,3
like,3
general,3
once,3
poorly,3
opposed,3
curve,3
bosumtwi,3
highlands,3
proceedings,3
indirect,3
direct,3
aquatic,3
scales,3
mation,3
means,3
understand,3
empires,3
acquisition,3
dominate,3
frequently,3
too,3
accumulating,3
intentional,3
problems,3
greater,3
result,3
problem,3
came,3
plateau,3
could,3
hands,3
out,3
initial,3
evaluate,3
fluxes,3
tools,3
intensity,3
however,3
pleistocene,3
dhar,3
schema,3
hunters,3
silver,3
tool,3
part,3
civilisation,3
secret,3
discussions,3
northwest,3
extensive,3
survey,3
structures,3
personal,3
sao,3
rise,3
anything,3
relative,3
markedly,3
approach,3
raiding,3
trading,3
inst,3
accomplished,3
migration,3
wider,3
dramatic,3
decline,3
goat,3
results,3
provided,3
preliminary,3
activities,3
chronological,3
situation,3
absence,3
located,3
hum,3
presently,3
indicates,3
ice,3
makes,3
soon,3
light,3
aux,3
al,3
beginnings,3
frameworks,3
fell,3
subcontinent,3
addition,3
lett,3
stimulus,3
grave,3
succeeding,3
serious,3
took,3
models,3
practice,3
stunning,3
ecology,3
able,3
vast,3
atlantic,3
eighteenth,3
sixth,3
encouraged,3
virtually,3
sintiou,3
low,3
open,3
authors,3
oyo,3
points,3
rains,3
crucibles,3
function,3
fr,3
permitting,3
construction,3
availability,3
thirteenth,3
solar,3
perspectives,3
continued,3
provide,3
movements,3
oxide,3
transformed,3
itself,3
began,3
contribution,3
originated,3
life,3
stratified,3
yoruba,3
metallurgie,3
shaw,3
abandonment,3
cyclonic,3
magnitude,3
following,3
comes,3
changing,3
peoples,3
steel,3
azawad,3
levtzion,3
temporal,3
southward,3
know,3
anthropology,3
paper,3
unknown,3
regard,3
particularly,3
basses,3
linked,3
perdu,3
distinctive,3
form,3
cause,3
particular,3
extent,3
always,3
produce,3
bronzes,3
almost,3
contain,3
discussion,3
art,3
outline,3
intense,3
entire,3
compelling,3
stuiver,3
despite,3
variability,3
transition,3
events,3
ifan,3
recovered,3
theme,3
argument,3
differentiation,3
bara,3
rockshelter,3
course,3
effects,3
carbon,3
removed,3
themselves,3
valley,3
earthworks,3
strong,3
periods,2
pearson,2
mauritanian,2
gao,2
effected,2
differentials,2
created,2
migrated,2
algiers,2
episodes,2
africain,2
distributed,2
contemporaneous,2
center,2
needed,2
myth,2
true,2
sumptuary,2
killick,2
easily,2
predating,2
char,2
ore,2
grasslands,2
total,2
finely,2
archaeo,2
hints,2
fluctuations,2
being,2
december,2
else,2
long,2
preceding,2
extraordinary,2
quartier,2
taken,2
concentrated,2
attempt,2
arrival,2
actual,2
anywhere,2
demonstrable,2
containing,2
possibilities,2
immense,2
continue,2
textiles,2
leading,2
holl,2
location,2
rich,2
studied,2
correlations,2
farther,2
enameled,2
resulting,2
africaines,2
debut,2
sheet,2
surveys,2
similarities,2
issue,2
depending,2
weaving,2
brief,2
eastern,2
blacksmiths,2
dunes,2
king,2
pluvial,2
task,2
bones,2
dune,2
u,2
discuss,2
opened,2
recommended,2
implies,2
logical,2
leakey,2
goody,2
characterize,2
reaching,2
obvious,2
apart,2
pyrotechnology,2
anomalous,2
description,2
tied,2
reliably,2
september,2
savanna,2
mauny,2
merchants,2
erection,2
component,2
severe,2
spectrum,2
mm,2
village,2
hierarchy,2
interest,2
american,2
kind,2
progressive,2
clay,2
elements,2
channeled,2
fond,2
body,2
bloomery,2
third,2
garrard,2
corpus,2
wet,2
traditions,2
demonstrably,2
handful,2
chari,2
focused,2
via,2
inscript,2
his,2
climatiques,2
impetus,2
slavery,2
remain,2
heusch,2
burnished,2
demonstration,2
dimmi,2
represented,2
blacksmithing,2
certain,2
republic,2
symbols,2
tree,2
white,2
burials,2
paleoclimate,2
front,2
shell,2
constitute,2
raymond,2
applied,2
possibly,2
improvement,2
river,2
encourages,2
benefits,2
just,2
traces,2
reviewed,2
calendar,2
exploited,2
surface,2
drought,2
exceed,2
generally,2
definite,2
prospection,2
reconsideration,2
permanent,2
provisional,2
trajectories,2
encircling,2
reflections,2
closely,2
acceptable,2
societe,2
concentration,2
difficulty,2
midden,2
access,2
seven,2
sedentary,2
relate,2
vallees,2
muslim,2
academic,2
ann,2
pony,2
hinterland,2
domestication,2
erratic,2
placed,2
smithing,2
refuge,2
instrumental,2
series,2
near,2
possibility,2
briefly,2
network,2
permitted,2
sea,2
department,2
periodicity,2
protohistoriques,2
whole,2
postulated,2
partly,2
actually,2
winter,2
rituals,2
focuses,2
away,2
systematic,2
southerly,2
tendency,2
deeply,2
artifact,2
status,2
horizon,2
interpreted,2
koumbi,2
depicting,2
good,2
level,2
field,2
below,2
involve,2
next,2
routes,2
emerging,2
logone,2
migrating,2
resolution,2
protohistoire,2
sculptures,2
tended,2
fully,2
annual,2
visible,2
chariots,2
majority,2
dependent,2
periode,2
breed,2
appropriate,2
settle,2
massive,2
content,2
rarity,2
geomorphology,2
institut,2
critical,2
reduced,2
variety,2
ans,2
mechanisms,2
synthesis,2
subject,2
horses,2
millennia,2
nearly,2
concern,2
tropical,2
tesemt,2
menas,2
surveyed,2
single,2
donnees,2
reference,2
rain,2
included,2
falls,2
une,2
homogeneous,2
tellem,2
ntereso,2
reports,2
palaeo,2
begins,2
noted,2
fairly,2
picture,2
useful,2
street,2
humid,2
grindstones,2
purely,2
europe,2
similarly,2
interieure,2
homo,2
projects,2
husbandry,2
longer,2
deterioration,2
documents,2
classical,2
travaux,2
diverse,2
industrie,2
considerable,2
man,2
external,2
never,2
neolithique,2
tsetse,2
continuing,2
establish,2
morocco,2
distance,2
commercial,2
patronage,2
interpreting,2
thousands,2
demonstrated,2
fundamentally,2
bronzesmiths,2
technologies,2
background,2
active,2
previously,2
contacts,2
recover,2
entirely,2
residues,2
canon,2
individuals,2
cheval,2
fer,2
full,2
carnelian,2
azelik,2
discovered,2
individual,2
indicate,2
docum,2
mines,2
probable,2
standard,2
kumbi,2
especially,2
stahl,2
article,2
possess,2
systems,2
malian,2
relation,2
exported,2
interpretations,2
effect,2
mean,2
oscillations,2
connections,2
investigations,2
widely,2
species,2
space,2
depressed,2
note,2
bulk,2
figure,2
pieces,2
lauer,2
begin,2
bulletin,2
directions,2
un,2
seen,2
grinding,2
plains,2
consolidation,2
poids,2
chamber,2
fields,2
obstacle,2
mud,2
stable,2
considered,2
fleuve,2
roughly,2
datations,2
conclusion,2
mercantile,2
must,2
geographic,2
detect,2
elaborate,2
reconnaissance,2
offers,2
here,2
milankovitch,2
afunfun,2
cover,2
colonization,2
each,2
sure,2
country,2
legitimize,2
cemetery,2
cultures,2
daboya,2
global,2
capital,2
best,2
anthropol,2
mema,2
villages,2
according,2
surpluses,2
explanations,2
ones,2
making,2
accounts,2
yielded,2
independently,2
monsoonal,2
firmly,2
require,2
moyen,2
information,2
views,2
emphasis,2
earthwork,2
rao,2
paleoclimates,2
emergent,2
transport,2
reported,2
desiccating,2
hyperarid,2
mediterrannean,2
conventional,2
commodities,2
programs,2
resultats,2
arguments,2
blooms,2
come,2
devisse,2
wild,2
tegdoust,2
lands,2
intensified,2
camps,2
origines,2
approximately,2
include,2
salt,2
consumption,2
manufacture,2
product,2
states,2
earthen,2
craddock,2
extremely,2
association,2
increased,2
gonja,2
am,2
thousand,2
cell,2
penetrated,2
painted,2
elites,2
hoggar,2
reached,2
geographical,2
temperatures,2
nok,2
maximum,2
interaction,2
abandoned,2
tuareg,2
should,2
occur,2
subsequently,1
lowand,1
massif,1
africanistes,1
winds,1
does,1
modelling,1
mdaga,1
zaire,1
woven,1
interpre,1
explosion,1
appropriation,1
done,1
paralleled,1
parole,1
calender,1
child,1
limits,1
hammering,1
etude,1
estimated,1
indicated,1
generated,1
dra,1
cent,1
revue,1
meteorological,1
jet,1
daima,1
functional,1
europeans,1
sinthiou,1
archeologia,1
deserve,1
affected,1
latitudinal,1
shrines,1
extend,1
expedition,1
sieveking,1
uplands,1
trans,1
determine,1
lated,1
red,1
megalithiques,1
eliminated,1
residus,1
mountains,1
flexed,1
succession,1
grasses,1
ends,1
pools,1
debris,1
per,1
tjehll,1
conversion,1
likewise,1
group,1
told,1
tlie,1
conducted,1
replaced,1
he,1
touched,1
mounted,1
envisioned,1
niamey,1
fed,1
mobility,1
judicious,1
identify,1
reassessment,1
formed,1
atlantique,1
mediterranoam,1
habitats,1
postdate,1
ways,1
holland,1
cold,1
peaks,1
completely,1
kola,1
smelt,1
modern,1
favor,1
flohn,1
considerations,1
nord,1
decade,1
dongola,1
ishan,1
equated,1
character,1
necessarily,1
emphasize,1
unlike,1
sudanic,1
vestiges,1
evaluating,1
autour,1
jos,1
sr,1
cigars,1
dig,1
chased,1
plenum,1
woye,1
nineteenth,1
mediumto,1
ironsmetting,1
po,1
buffer,1
descriptions,1
nouvel,1
diversity,1
ndalane,1
properties,1
root,1
leads,1
par,1
predominantly,1
owed,1
lower,1
round,1
urgency,1
consistent,1
islamization,1
prominently,1
explaining,1
submitted,1
dwarf,1
every,1
baked,1
inexorable,1
localities,1
posed,1
letters,1
nonexistent,1
dynamique,1
slighly,1
pervasive,1
decor,1
togo,1
military,1
melanges,1
nonslagtapping,1
kilometers,1
astronomical,1
humans,1
expectation,1
clastic,1
variables,1
england,1
prestigious,1
unexpectedly,1
bulrush,1
abakaliki,1
strip,1
dramatically,1
resemblance,1
quickening,1
effecting,1
affinities,1
attractive,1
ceramiques,1
waals,1
wooden,1
carter,1
belong,1
broadly,1
together,1
accompanied,1
terra,1
poverty,1
enduring,1
tropics,1
biographical,1
accumulated,1
wave,1
franc,1
narrative,1
colloque,1
preislamiques,1
tapslag,1
ephemeral,1
streams,1
inqua,1
gisement,1
wessex,1
closer,1
reveal,1
onto,1
uncovered,1
hunting,1
argue,1
trondheim,1
depres,1
questions,1
evolving,1
coalescence,1
help,1
cyclical,1
warmed,1
punched,1
cc,1
sentation,1
inundation,1
nm,1
rudimentary,1
stand,1
chiefdoms,1
marine,1
walata,1
staff,1
reminiscent,1
normal,1
heating,1
complicated,1
corporation,1
cooling,1
elucidating,1
alloying,1
visibility,1
garamantes,1
peuplement,1
univ,1
papers,1
seminar,1
dogon,1
selling,1
british,1
changements,1
fouille,1
raided,1
documenting,1
wetter,1
illu,1
takes,1
existence,1
accords,1
megalithisme,1
plain,1
linear,1
abebe,1
glaciation,1
recurrence,1
histoire,1
encouraging,1
overcultivation,1
america,1
planetary,1
ensemble,1
niani,1
retain,1
reminder,1
uneven,1
grafting,1
quantities,1
nonclimatic,1
welcome,1
determined,1
fif,1
sixteenth,1
bloom,1
magicoreligious,1
flatten,1
etc,1
oust,1
solely,1
alter,1
october,1
move,1
bernus,1
vital,1
taking,1
talbot,1
combination,1
except,1
extends,1
calgary,1
owners,1
indicating,1
uncertain,1
quantity,1
vieilles,1
compo,1
bowls,1
apply,1
considerably,1
enter,1
palynologiques,1
deducing,1
brasses,1
lengthening,1
memoire,1
melting,1
zonation,1
prevented,1
mislead,1
penetrate,1
inhu,1
split,1
attract,1
dismayingly,1
goblets,1
complicating,1
overlapping,1
exposed,1
tons,1
mid,1
bioclimatic,1
tenthto,1
possessing,1
goal,1
technologically,1
includes,1
lacs,1
differential,1
assoc,1
tropic,1
surely,1
equatorial,1
influx,1
dotted,1
distressingly,1
quality,1
accounted,1
run,1
toggueres,1
illustrates,1
interior,1
author,1
tableau,1
kurgan,1
neighbors,1
divine,1
ovicaprines,1
forgotten,1
regarded,1
sp,1
moment,1
accidentally,1
concentrate,1
adopted,1
distri,1
orbital,1
enjoying,1
santa,1
attested,1
occurs,1
issued,1
lacustre,1
grouped,1
plentiful,1
insofar,1
sample,1
assured,1
arclmeology,1
privilege,1
xe,1
marseille,1
taste,1
ossuaries,1
turn,1
cases,1
barb,1
probabilities,1
old,1
clark,1
paleoclimatology,1
reluctance,1
interim,1
david,1
perspective,1
frustrating,1
bution,1
palaeoclimates,1
smelted,1
uniformly,1
imprimerie,1
ha,1
dynasty,1
houses,1
rediscovering,1
radio,1
allowing,1
occult,1
spotty,1
egypt,1
deserts,1
alkaline,1
unchanged,1
niari,1
witnessed,1
misleading,1
fourth,1
publications,1
irresistible,1
unequivocally,1
accelerator,1
termit,1
mirrored,1
meridional,1
chalcolithique,1
ltslam,1
stimulating,1
communication,1
look,1
occidental,1
neighboring,1
oculi,1
libyan,1
overrepre,1
bareback,1
crafting,1
leadership,1
bamako,1
climates,1
bitless,1
undetectable,1
seneg,1
manipulate,1
saharien,1
sane,1
impressions,1
unfortunate,1
error,1
ment,1
walls,1
selectively,1
discernment,1
becoming,1
exten,1
higher,1
lesser,1
paleoanthropologie,1
seventh,1
assessed,1
tibesti,1
poor,1
interesting,1
simultaneously,1
geneva,1
barrier,1
reconstitution,1
essential,1
reflects,1
pectoral,1
unravel,1
exact,1
testimony,1
mauretania,1
rather,1
serves,1
devastating,1
fagg,1
bring,1
incontrovertably,1
principally,1
continent,1
encompassed,1
across,1
centered,1
mauritanie,1
obtained,1
illustration,1
senegalese,1
museum,1
basic,1
trunks,1
landscape,1
fair,1
vestige,1
jeno,1
lasting,1
neatly,1
arm,1
equinox,1
lasted,1
connected,1
chambers,1
importance,1
archaeometry,1
etat,1
fat,1
archaeologists,1
ceramics,1
oases,1
special,1
minerais,1
nos,1
prehist,1
smithed,1
distant,1
receding,1
hommage,1
animals,1
dombrowski,1
paleolithic,1
emanate,1
supposed,1
departement,1
moves,1
malaise,1
unchanging,1
oxides,1
firing,1
reason,1
modified,1
involvement,1
eighteen,1
finer,1
facilitated,1
mission,1
affect,1
godlike,1
soonal,1
varying,1
consider,1
locally,1
fagan,1
forgeron,1
metallurgiques,1
familiar,1
breeds,1
specialization,1
grains,1
india,1
consolidate,1
clockwise,1
energy,1
presumably,1
proved,1
section,1
driven,1
unimportant,1
numbers,1
gradually,1
house,1
preoccupation,1
excitement,1
northeastern,1
differs,1
legon,1
show,1
hammered,1
commonly,1
leverhulme,1
store,1
paratropical,1
occidentale,1
calcium,1
comparisons,1
breached,1
polar,1
explicable,1
hitched,1
comprising,1
represent,1
rice,1
necropolis,1
tepoque,1
allen,1
gence,1
cycles,1
meriting,1
committee,1
axis,1
shifted,1
explain,1
picton,1
dominant,1
believed,1
weighed,1
testify,1
symbolized,1
export,1
mon,1
mer,1
connah,1
drawing,1
dispersion,1
plausibly,1
plaine,1
dc,1
conflicts,1
disappeared,1
dryand,1
bonnets,1
tunities,1
speed,1
ranges,1
cancer,1
souris,1
avant,1
sive,1
moving,1
ou,1
anadara,1
chronologie,1
lead,1
carbonates,1
corridors,1
declined,1
formulations,1
clxxxiii,1
conservative,1
basin,1
struc,1
millenaire,1
nigeriennes,1
generates,1
changed,1
shared,1
slags,1
facilitate,1
pass,1
intermediary,1
census,1
requirements,1
transfor,1
depictions,1
vortex,1
luxury,1
configuration,1
emerge,1
accompany,1
synthesize,1
struggles,1
fuel,1
pavements,1
inter,1
nium,1
density,1
intervening,1
pure,1
accomplishments,1
undeniable,1
let,1
buried,1
institute,1
affirms,1
mainly,1
pseudocyclicite,1
rectification,1
foum,1
bore,1
province,1
nating,1
boundaries,1
dispersal,1
perichadian,1
rasps,1
graphy,1
contiguous,1
amenable,1
extrapolation,1
pollen,1
rest,1
felt,1
hierarchies,1
sacrifice,1
border,1
amazonite,1
influenced,1
technical,1
distinguishes,1
shape,1
contracted,1
colonies,1
trough,1
suspended,1
none,1
having,1
stood,1
coursed,1
invisible,1
charred,1
stances,1
unexcavated,1
conduit,1
mapped,1
literature,1
geological,1
interfluves,1
gains,1
distribitions,1
blade,1
tair,1
kits,1
scope,1
metallurgique,1
avery,1
circumstantial,1
tegda,1
start,1
andes,1
reinvestigation,1
conse,1
interface,1
oflfe,1
distinctively,1
essai,1
ecologie,1
tens,1
hereditary,1
threatens,1
akan,1
positions,1
pilcher,1
ascertain,1
minority,1
tip,1
conn,1
mechtoids,1
surprise,1
intentionally,1
tlioi,1
traditionelle,1
ingly,1
overview,1
seminomadic,1
dtn,1
diffusion,1
older,1
millet,1
rech,1
references,1
broad,1
icon,1
reportedly,1
records,1
relevance,1
jo,1
bunds,1
insinuating,1
overgrazing,1
transported,1
outposts,1
libyco,1
tification,1
formations,1
entered,1
lithique,1
tchad,1
sutton,1
differentially,1
quences,1
sions,1
formly,1
strongest,1
towards,1
sourcebook,1
audaghost,1
researchers,1
lurgy,1
trees,1
isohyets,1
upwelling,1
arcliaeometry,1
analysed,1
raids,1
wholesale,1
berbere,1
sketch,1
tenere,1
commerce,1
indi,1
indicator,1
successful,1
caused,1
describing,1
delfuadi,1
hard,1
spatially,1
ticbitt,1
maliennes,1
nonsubsistence,1
coup,1
buildings,1
shaping,1
revolution,1
reliable,1
transgressions,1
indicators,1
box,1
arabic,1
order,1
neolithisation,1
medievale,1
sepultures,1
emphasizes,1
royale,1
unsophisticated,1
senegambien,1
dried,1
mn,1
habitation,1
etalons,1
ignore,1
workshops,1
june,1
concerns,1
bridge,1
vation,1
tation,1
neolithiques,1
invaluable,1
eccentricities,1
accessory,1
peak,1
slaving,1
refinement,1
alluvial,1
portions,1
usual,1
cur,1
diversified,1
implausible,1
oppor,1
affecting,1
aggregates,1
ropes,1
productivity,1
slim,1
paid,1
colloquium,1
fifteenth,1
cycle,1
notes,1
plausible,1
appoint,1
displaced,1
innovating,1
matically,1
interests,1
inform,1
moved,1
evoked,1
sporadic,1
reducing,1
digging,1
artistry,1
luxuries,1
verre,1
faber,1
circum,1
buttes,1
settlers,1
transforming,1
flourished,1
underscore,1
tilt,1
reduction,1
inset,1
uncommon,1
evaporation,1
therefore,1
usable,1
routine,1
partially,1
approximate,1
units,1
nation,1
repertoire,1
minor,1
hiver,1
saw,1
punic,1
curves,1
attributable,1
bringing,1
semiprecious,1
underestimated,1
polished,1
birmingham,1
employ,1
action,1
correlating,1
logically,1
schmidt,1
separation,1
culturally,1
benue,1
service,1
geol,1
ancien,1
thermoluminescence,1
repopulation,1
onward,1
appreciate,1
bassm,1
arlit,1
alba,1
stele,1
rois,1
prove,1
yr,1
phoenician,1
whatever,1
slag,1
insignia,1
reconstruction,1
precolonial,1
ponent,1
intervention,1
make,1
bridle,1
torrential,1
standing,1
geneous,1
initially,1
backdrop,1
lb,1
anticyclonic,1
settings,1
austen,1
fezzan,1
inhabited,1
religious,1
innovation,1
com,1
braided,1
structural,1
keech,1
illuminating,1
humaine,1
percentage,1
karichinkat,1
frank,1
evenly,1
contributing,1
megalithesme,1
flux,1
hellenistic,1
nouvelle,1
sweeping,1
potsherds,1
competition,1
cotta,1
relied,1
sciences,1
interpretation,1
desertification,1
encyclopedie,1
vs,1
opportunities,1
tremendous,1
coverage,1
represents,1
read,1
thames,1
caravan,1
retreat,1
adrar,1
serve,1
array,1
east,1
evolved,1
mobile,1
fifth,1
restricted,1
ancienne,1
historia,1
archeologues,1
outre,1
cylindrical,1
temperate,1
thesis,1
coeval,1
imitate,1
salient,1
brooks,1
rims,1
law,1
processing,1
extravagant,1
laiton,1
indebted,1
gation,1
infrastructure,1
symptom,1
islam,1
tumuliformes,1
bloomington,1
shifting,1
deser,1
rising,1
cahiers,1
accruing,1
demonstrates,1
annealing,1
senegambie,1
vers,1
wisconsin,1
insights,1
provocative,1
illustrated,1
leaded,1
bracelet,1
coeur,1
patterning,1
reliance,1
tondidarou,1
atunfun,1
stones,1
densely,1
skeletons,1
declining,1
hamletto,1
persuasive,1
bands,1
blacksmith,1
worst,1
simulation,1
endured,1
inhabitants,1
disposition,1
oral,1
quechon,1
museums,1
science,1
precocious,1
carthaginians,1
recente,1
comparison,1
ridden,1
perrot,1
roughouts,1
incessant,1
others,1
kutzbach,1
academy,1
varies,1
cah,1
towns,1
decorative,1
motifs,1
experienced,1
moo,1
herbert,1
efforts,1
usefulness,1
crops,1
bracelets,1
arguing,1
physique,1
consideration,1
limit,1
coinage,1
foodstuffs,1
scholars,1
communautes,1
seasonality,1
steppeland,1
grebenarfs,1
preusut,1
advantage,1
plan,1
jours,1
match,1
iceberg,1
liminary,1
relict,1
crop,1
symbolisme,1
tepe,1
farming,1
forging,1
ethno,1
figurines,1
everything,1
shallow,1
substantially,1
doubt,1
variation,1
resolved,1
diameter,1
fashion,1
oc,1
paleoclimatologie,1
civilisations,1
fragments,1
ceedings,1
lakeplain,1
fear,1
depopulation,1
channel,1
puzzling,1
procurement,1
uafrique,1
conclusions,1
beige,1
monographs,1
smu,1
remarkable,1
centre,1
increases,1
covered,1
innovative,1
square,1
flooded,1
anciens,1
mammalian,1
bead,1
axes,1
ultimately,1
answer,1
tures,1
shortly,1
coincident,1
rently,1
necessary,1
presages,1
deep,1
sevare,1
swing,1
citadels,1
hemi,1
exceeds,1
scl,1
circu,1
neo,1
assemblage,1
gives,1
carinated,1
wood,1
free,1
coastal,1
encountered,1
regionally,1
radiocarbone,1
degree,1
northwestern,1
plane,1
habitat,1
afgp,1
powered,1
jenne,1
meaningful,1
oil,1
secured,1
coherent,1
indiana,1
crudely,1
personages,1
explanation,1
implicated,1
speculates,1
extrapolated,1
khatt,1
affinity,1
arose,1
parameter,1
enormous,1
exploitations,1
depended,1
trends,1
clustered,1
poleward,1
ruling,1
load,1
samples,1
elite,1
medium,1
warming,1
earring,1
imbued,1
geologie,1
controlling,1
skeptical,1
expression,1
unfortunately,1
hypotheses,1
fourteenth,1
exciting,1
decouvertes,1
ideas,1
extraordinarily,1
nouakchott,1
exploita,1
ethnic,1
trend,1
take,1
rare,1
domesti,1
recovery,1
identical,1
gangue,1
nothing,1
hunted,1
trust,1
pagan,1
sitions,1
transect,1
dismissed,1
hardened,1
echard,1
nevertheless,1
mauritanienne,1
posnansky,1
kilometer,1
rejected,1
ties,1
significance,1
earth,1
lacustrine,1
directed,1
stress,1
reexami,1
ngayen,1
sensitivity,1
dominated,1
clue,1
maintenance,1
killi,1
tetude,1
carthaginian,1
interpret,1
statues,1
symposium,1
fluvial,1
powerful,1
countries,1
maghreb,1
belongs,1
summer,1
optimum,1
recon,1
carburization,1
fibula,1
chauves,1
played,1
collected,1
vernet,1
uni,1
static,1
ovicaprid,1
ended,1
lie,1
administrative,1
mammals,1
practiced,1
configurations,1
accurate,1
running,1
epoch,1
preservation,1
black,1
segment,1
construct,1
runoff,1
graphical,1
quick,1
megalithique,1
millen,1
unambiguous,1
intercommunity,1
margin,1
favored,1
graves,1
enough,1
greboun,1
parallel,1
hyperaridity,1
moist,1
geographique,1
eloquent,1
experiencing,1
narrow,1
silla,1
assessing,1
half,1
pro,1
struct,1
potsherd,1
britain,1
parkland,1
sacred,1
accrue,1
gac,1
diffusionist,1
periodicities,1
structure,1
january,1
trades,1
deforested,1
janvier,1
looks,1
anthony,1
differ,1
locales,1
southwest,1
adaptations,1
barich,1
wells,1
grain,1
principal,1
sine,1
occupied,1
herding,1
haven,1
statuettes,1
premiers,1
fall,1
powering,1
geometrique,1
discoveries,1
premieres,1
recurring,1
sociopolitical,1
mil,1
attention,1
greek,1
inhumation,1
convincingly,1
brown,1
depuis,1
clusters,1
quat,1
homogeneously,1
limiting,1
observational,1
illumi,1
drier,1
ranging,1
precession,1
carried,1
oaeoya,1
lennia,1
reexca,1
consists,1
speculate,1
suggestion,1
iran,1
islamic,1
flesh,1
asiri,1
imply,1
statehood,1
abundance,1
characterisation,1
suprising,1
tentative,1
bars,1
maret,1
recall,1
sometimes,1
lozenge,1
crucial,1
invasion,1
usually,1
five,1
circulatory,1
direst,1
investi,1
replete,1
naturally,1
ideology,1
maps,1
sol,1
support,1
exacerbated,1
coquillier,1
contraction,1
vergence,1
noncentralized,1
fewer,1
debates,1
tekrour,1
regalia,1
predict,1
slow,1
becomes,1
verres,1
bandiagara,1
mirroring,1
tive,1
anthropogenic,1
seventeenth,1
libyca,1
stratigraphica,1
debuts,1
hopeful,1
clays,1
interplay,1
unearthing,1
intensive,1
covering,1
weighing,1
merwe,1
settled,1
file,1
methods,1
responsible,1
analysis,1
urbaines,1
fatimid,1
dioron,1
united,1
metallographic,1
surprising,1
lineages,1
kings,1
rive,1
ing,1
supporting,1
centres,1
maroccan,1
canonical,1
instances,1
madison,1
autochtonous,1
examine,1
bundled,1
arts,1
figured,1
problematic,1
longman,1
thurstan,1
susan,1
decorees,1
fac,1
council,1
cam,1
berger,1
middens,1
ensure,1
claims,1
berber,1
sections,1
school,1
reciprocal,1
heavy,1
roset,1
then,1
monument,1
thinking,1
til,1
precedence,1
dispersed,1
diogun,1
cloths,1
exemplified,1
intensification,1
homogeneity,1
tegypte,1
measurements,1
complexes,1
metallurgists,1
urgent,1
demonstrate,1
vulner,1
ever,1
cate,1
confounding,1
soil,1
pace,1
unleashed,1
recognizable,1
grazing,1
consensus,1
calcutta,1
dun,1
equipment,1
sustained,1
alternative,1
set,1
strati,1
imprecision,1
modeling,1
berkeley,1
flow,1
natural,1
unavailable,1
dimi,1
retained,1
control,1
provence,1
cm,1
suggestions,1
expanding,1
inclined,1
prolific,1
commission,1
extrapolate,1
roman,1
unambiguously,1
exploration,1
seem,1
stratigraphic,1
ivory,1
hadley,1
molten,1
compounded,1
brick,1
expense,1
bush,1
wealthy,1
nonmounted,1
harpoons,1
universal,1
scenario,1
returns,1
inquiry,1
iii,1
ideological,1
observe,1
regulari,1
globaux,1
altered,1
stretching,1
contextual,1
obviously,1
alloyed,1
ethiopia,1
infer,1
geomorphic,1
written,1
constant,1
visits,1
sought,1
cities,1
pit,1
saharienne,1
stamped,1
northward,1
essentially,1
mass,1
reliant,1
hamlets,1
pyrotechnologies,1
tunics,1
living,1
assessment,1
structed,1
oliver,1
advances,1
texas,1
edge,1
examination,1
monde,1
cylinders,1
faithfully,1
phd,1
animal,1
william,1
dijfusionist,1
probleme,1
virtual,1
unlikely,1
obp,1
ethnol,1
preexisting,1
answered,1
notable,1
affirm,1
receiving,1
persuasively,1
reflets,1
knowlege,1
unique,1
spatial,1
appreciated,1
ghanaian,1
typologies,1
plants,1
nearby,1
noticeable,1
guinea,1
add,1
maintain,1
covers,1
hoped,1
geo,1
theory,1
novelty,1
temporally,1
tightly,1
penetration,1
raimbault,1
nes,1
misinterpretations,1
ibadan,1
utilitarian,1
aeolian,1
visibly,1
weights,1
implied,1
argued,1
ounanian,1
serie,1
migrations,1
servicing,1
observations,1
maire,1
faunal,1
transgression,1
ecologique,1
hundreds,1
trav,1
mats,1
temps,1
finished,1
radically,1
litters,1
bodies,1
tent,1
soper,1
decouverts,1
addis,1
careful,1
aoudaghost,1
multiple,1
aggradation,1
nomads,1
manganese,1
introduced,1
extending,1
city,1
atmospheric,1
arsenical,1
easy,1
wrought,1
associ,1
durable,1
plans,1
lies,1
egyptian,1
explication,1
agents,1
everywhere,1
missian,1
ferruginous,1
evapotranspiration,1
disappears,1
connaissance,1
harvesting,1
contribute,1
fusaioles,1
reconstruct,1
merchant,1
clothing,1
appointed,1
frankenberg,1
phenomenon,1
indians,1
mention,1
maintained,1
isolated,1
aspect,1
ceramique,1
invoked,1
ization,1
varied,1
terminal,1
rewarding,1
contrasts,1
antique,1
subcontinental,1
named,1
continues,1
differentiated,1
shown,1
spring,1
stagnant,1
urbanization,1
argues,1
ence,1
frontiers,1
doubting,1
mopti,1
disappear,1
average,1
unmarked,1
inability,1
initiated,1
finding,1
archeol,1
nile,1
envisaged,1
herds,1
internally,1
temperature,1
horsemanship,1
publishing,1
vironments,1
emer,1
documentation,1
shed,1
offer,1
insight,1
uncalibrated,1
faure,1
land,1
consolidated,1
dendrochronology,1
specialists,1
developmental,1
unified,1
integration,1
involving,1
roderick,1
geographie,1
defined,1
attempted,1
limitations,1
await,1
organ,1
shells,1
permeable,1
typology,1
passive,1
boumak,1
magical,1
contri,1
arctic,1
needs,1
ravise,1
vi,1
norw,1
supported,1
lemaiteg,1
privileging,1
crusts,1
geneve,1
raid,1
certainty,1
teenth,1
ensuring,1
pathways,1
resolves,1
aqualithic,1
sectors,1
communi,1
mechanisme,1
ations,1
debate,1
sharing,1
anytime,1
deposition,1
element,1
ownership,1
evi,1
develop,1
herders,1
immediately,1
minate,1
technological,1
kar,1
taylor,1
echelles,1
livestock,1
observed,1
famous,1
infancy,1
alberta,1
reflected,1
profiles,1
fictions,1
darling,1
southeastern,1
hesitation,1
antarctic,1
inversions,1
termed,1
perception,1
cahier,1
symbiotic,1
increase,1
richly,1
thorough,1
