WORDCOUNTS,WEIGHT
the,798
of,594
in,396
and,340
a,333
to,277
is,223
dating,182
be,172
for,159
from,152
accelerator,142
are,122
it,117
dates,113
with,100
that,96
radiocarbon,92
on,90
as,86
by,81
been,81
this,76
have,73
an,72
which,71
j,67
sample,66
can,66
at,63
or,63
bone,62
has,60
r,59
but,58
et,55
e,52
conventional,50
samples,49
there,47
charcoal,44
early,43
than,42
dated,41
results,40
remains,40
sites,39
small,39
most,37
not,37
other,36
years,36
date,35
may,34
m,34
will,34
more,34
mass,33
some,32
no,32
were,32
archaeological,32
one,31
these,31
material,31
such,30
new,30
would,30
oxford,29
was,28
very,28
bp,27
also,27
carbon,27
human,26
amino,25
c,25
much,25
modern,24
d,24
now,23
work,23
many,23
combe,23
g,22
collagen,22
gowlett,22
where,22
archaeology,22
spectrometry,22
site,21
used,21
use,21
so,21
sauniere,21
if,20
t,20
all,20
paleolithic,20
p,20
about,20
acids,20
du,19
only,19
provide,19
w,19
h,18
age,18
out,18
international,18
because,18
charred,18
abu,18
they,17
possible,17
even,17
several,17
man,17
often,17
pp,17
counting,17
through,17
well,16
its,16
technique,16
number,16
series,16
over,16
first,15
university,15
late,15
pan,15
world,15
different,15
proceedings,15
complex,14
bones,14
far,14
since,14
good,14
less,14
high,14
humic,14
large,13
great,13
those,13
normally,13
methods,13
although,13
organic,12
acid,12
certain,12
important,12
could,12
cannot,12
chemistry,12
when,12
materials,12
single,12
two,12
open,12
symposium,12
problems,12
table,12
both,12
being,11
case,11
direct,11
n,11
too,11
found,11
level,11
hureyra,11
make,11
specimens,11
ancient,11
examples,11
any,11
almost,11
preserved,11
accelerators,11
contamination,11
given,11
instr,10
into,10
i,10
system,10
vol,10
de,10
similar,10
numbers,10
upper,10
method,10
up,10
therefore,10
phys,10
time,10
preparation,10
wood,10
nucl,10
res,10
must,10
provided,10
difficult,9
before,9
run,9
fig,9
proportion,9
their,9
had,9
glacial,9
further,9
occupation,9
third,9
older,9
field,9
around,9
gillespie,9
museum,9
same,9
hearth,9
available,9
layer,9
made,9
range,9
laboratories,9
period,9
earlier,9
abri,9
precision,9
recent,9
stone,8
committee,8
long,8
nature,8
ions,8
development,8
old,8
without,8
l,8
after,8
grains,8
ams,8
atoms,8
approach,8
below,8
sufficient,8
few,8
seed,8
yet,8
see,8
necessary,8
actual,8
laboratory,8
points,8
probably,8
science,8
antiquity,8
skeleton,8
each,8
triticum,8
size,8
prepared,8
should,8
way,7
monograph,7
give,7
might,7
s,7
europe,7
advantage,7
able,7
achieved,7
improved,7
holocene,7
point,7
measurement,7
accuracy,7
general,7
poor,7
view,7
allow,7
deal,7
required,7
le,7
sunnyvale,7
klithi,7
content,7
likely,7
rock,7
larger,7
present,7
limitations,7
sequence,7
specimen,7
times,7
preservation,7
especially,7
archaeometry,7
become,7
britain,7
separate,7
africa,7
placed,7
hazleton,7
facteur,7
flageolet,7
gas,7
better,7
particular,7
problem,7
middle,7
introduced,7
allows,7
wadi,7
need,7
evidence,7
potential,7
major,7
does,6
per,6
studies,6
neolithic,6
england,6
wooden,6
within,6
context,6
british,6
key,6
iv,6
activity,6
west,6
thus,6
regarded,6
palaeolithic,6
sci,6
advantages,6
rather,6
levels,6
cave,6
based,6
partly,6
combustion,6
excavated,6
reliable,6
involved,6
presence,6
yielded,6
barley,6
opportunities,6
al,6
purified,6
graphite,6
do,6
perigordian,6
vc,6
questions,6
low,6
plant,6
obtained,6
prehist,6
provides,6
la,6
species,6
indication,6
proc,6
seen,6
circumstances,6
measurements,6
der,6
cm,6
animal,6
little,6
between,6
maximum,6
among,6
go,5
fractions,5
hair,5
calibration,5
contexts,5
lower,5
archaeologists,5
archae,5
ii,5
rare,5
take,5
america,5
measuring,5
pincevent,5
review,5
interest,5
ability,5
kind,5
archaeol,5
back,5
suitable,5
error,5
poorly,5
higher,5
means,5
reason,5
river,5
k,5
whereas,5
acceptable,5
faunal,5
yuha,5
initial,5
equally,5
caves,5
appears,5
technical,5
directly,5
artifacts,5
example,5
year,5
during,5
errors,5
change,5
quite,5
routine,5
always,5
progress,5
bronze,5
situation,5
slag,5
southern,5
selection,5
already,5
skeletons,5
barbed,5
toward,5
tiny,5
fragments,5
foyer,5
another,5
original,5
largely,5
agreement,5
carried,5
fairly,5
iiic,5
papers,5
effectively,5
chamber,5
then,5
known,5
here,5
set,5
principle,5
ratio,5
east,5
down,5
iii,5
iron,5
what,5
ion,5
laguna,5
yield,5
using,5
chemical,5
area,5
needs,5
north,5
final,4
perig,4
germany,4
humics,4
necessarily,4
total,4
detected,4
negative,4
sources,4
hence,4
production,4
taken,4
worked,4
seems,4
occasional,4
fractionation,4
quantities,4
obvious,4
variations,4
quantity,4
pretreatment,4
backgrounds,4
purify,4
br,4
relatively,4
cases,4
feasible,4
amount,4
radio,4
egypt,4
van,4
main,4
angeles,4
process,4
b,4
parts,4
special,4
form,4
risks,4
prehistory,4
proved,4
just,4
impact,4
shelters,4
show,4
nahal,4
greater,4
standards,4
relating,4
base,4
cultural,4
buried,4
mainly,4
recently,4
produced,4
applied,4
pleistocene,4
enough,4
none,4
del,4
actually,4
artifact,4
least,4
suggest,4
stage,4
order,4
research,4
purification,4
developmental,4
periods,4
epirus,4
various,4
overall,4
nearly,4
stratigraphy,4
above,4
applications,4
monte,4
suited,4
eboulis,4
power,4
projects,4
grave,4
considerable,4
patterns,4
ages,4
existing,4
radioactive,4
background,4
upon,4
deposits,4
previously,4
skeletal,4
magdalenian,4
netherlands,4
elk,4
individual,4
am,4
last,4
ratios,4
soc,4
greece,4
horse,4
we,4
beam,4
usually,4
accepted,4
los,4
burned,4
associated,4
following,4
detector,4
components,4
sampling,4
ivory,4
intrusive,4
particularly,4
clearly,4
past,4
whether,4
selected,4
produce,4
mg,4
ideal,4
paintings,4
jolla,4
isolated,4
ibex,4
wild,4
satisfactory,4
smaller,4
specific,4
common,3
later,3
intriguing,3
alone,3
manitoba,3
totally,3
mar,3
appear,3
taber,3
counters,3
needed,3
approaches,3
inconsistent,3
easily,3
considerations,3
position,3
acceler,3
test,3
experience,3
fraction,3
certainly,3
rapid,3
possibilities,3
principles,3
greatly,3
help,3
skull,3
precisely,3
principal,3
sproughton,3
suspect,3
account,3
marsangy,3
dioxide,3
femur,3
desirable,3
guitarrero,3
phase,3
machine,3
excavations,3
application,3
machines,3
young,3
estimate,3
archaeologist,3
terrace,3
apparently,3
influence,3
ment,3
aim,3
interesting,3
recognized,3
how,3
basic,3
opportunity,3
study,3
consistency,3
category,3
consider,3
contaminated,3
section,3
operate,3
origins,3
surface,3
explain,3
yielding,3
came,3
gravettes,3
kubbaniya,3
events,3
racemization,3
isotope,3
burial,3
detecting,3
scale,3
scintillation,3
ator,3
possibility,3
basis,3
line,3
start,3
protein,3
brought,3
inorganic,3
place,3
own,3
working,3
useful,3
tested,3
hole,3
ological,3
highly,3
vacuum,3
core,3
finds,3
subsequently,3
south,3
f,3
scientific,3
pottery,3
still,3
etiolles,3
hammeh,3
under,3
restricted,3
chronology,3
us,3
antler,3
processing,3
natural,3
unusually,3
archaeoi,3
textiles,3
shows,3
areas,3
v,3
perhaps,3
controversy,3
degree,3
remove,3
greatest,3
spectrometers,3
magdalenien,3
entirely,3
significant,3
factor,3
shallowly,3
processes,3
shelter,3
pattern,3
three,3
obtaining,3
spread,3
lie,3
running,3
standard,3
systems,3
effect,3
relative,3
neanderthal,3
sealed,3
crucial,3
chance,3
france,3
select,3
insufficient,3
becomes,3
success,3
collections,3
sequences,3
instances,3
control,3
worth,3
best,3
antiq,3
merely,3
liquid,3
them,3
making,3
require,3
installations,3
des,3
conference,3
presented,3
extracts,3
intended,3
obtain,3
our,3
shores,3
sediments,3
physicists,3
charge,3
approximately,3
americas,3
values,3
repeat,3
thousand,3
removed,3
supply,3
lake,3
taylor,3
lac,3
resolve,2
done,2
reference,2
lation,2
metal,2
chalk,2
insect,2
strategy,2
tropics,2
isotopes,2
commitment,2
red,2
magnetic,2
ultimate,2
introduction,2
pushed,2
ventional,2
laugerie,2
prime,2
true,2
denmark,2
bioturbation,2
western,2
excavation,2
something,2
source,2
par,2
remembered,2
transitions,2
hydrolyzed,2
lunar,2
originally,2
anomalies,2
colloques,2
packed,2
assess,2
belong,2
reasons,2
producing,2
follows,2
link,2
datelist,2
procedure,2
lindow,2
trondheim,2
real,2
harpoons,2
mind,2
state,2
normal,2
detection,2
ad,2
depends,2
side,2
con,2
planetary,2
draw,2
acad,2
marked,2
pre,2
condition,2
x,2
pairs,2
selecting,2
reindeer,2
apply,2
fossil,2
undoubtedly,2
compressed,2
moque,2
regarding,2
million,2
historical,2
comments,2
electron,2
illustrates,2
due,2
author,2
scarce,2
dozen,2
concentrations,2
kennet,2
american,2
cf,2
assessment,2
turn,2
developments,2
depend,2
served,2
allowing,2
arranged,2
effective,2
determinations,2
weight,2
redated,2
hardly,2
tempering,2
next,2
operation,2
mesolithic,2
adequate,2
essential,2
curve,2
pigments,2
ably,2
exact,2
developed,2
remain,2
en,2
unit,2
risk,2
importance,2
mus,2
contributions,2
barrow,2
tree,2
cooking,2
diminishes,2
factors,2
wash,2
references,2
ensure,2
les,2
lascaux,2
cellulose,2
linked,2
suffolk,2
situations,2
four,2
additional,2
beyond,2
peru,2
generally,2
guarantee,2
destructive,2
suggested,2
raw,2
result,2
my,2
prehistoric,2
decay,2
hydroxyproline,2
concentration,2
holds,2
molecules,2
gouge,2
relate,2
term,2
agreements,2
tools,2
domestication,2
energy,2
handled,2
record,2
nw,2
procedures,2
absolute,2
wide,2
near,2
information,2
criteria,2
having,2
bc,2
scope,2
scatters,2
dallage,2
tool,2
emphasis,2
nearest,2
future,2
unless,2
heavily,2
part,2
macrofossil,2
apparent,2
buchner,2
related,2
gully,2
cracking,2
whole,2
q,2
northwest,2
grain,2
inclusions,2
documented,2
personal,2
away,2
project,2
extinctions,2
sun,2
elephant,2
ucla,2
count,2
couche,2
sense,2
correct,2
caused,2
ago,2
fluorine,2
higgs,2
settlement,2
soil,2
wider,2
distinguished,2
seeds,2
value,2
digging,2
promising,2
avoid,2
bassin,2
usable,2
horizons,2
san,2
demand,2
reduced,2
absence,2
steadily,2
fortunately,2
routinely,2
limited,2
thermoluminescence,2
legumes,2
object,2
reduce,2
converted,2
bill,2
gallia,2
poulton,2
once,2
gave,2
soon,2
purity,2
rubbish,2
every,2
outlined,2
regional,2
picture,2
fill,2
rings,2
fin,2
californian,2
haute,2
put,2
longer,2
occupations,2
agree,2
appeared,2
variation,2
acetylene,2
match,2
aiming,2
relevant,2
answer,2
talence,2
central,2
gives,2
complicated,2
grotte,2
convenient,2
demonstrated,2
simple,2
vast,2
discussion,2
coherent,2
assemblages,2
bada,2
region,2
delicate,2
depended,2
sufficiently,2
expression,2
food,2
operated,2
exciting,2
mousterian,2
submitted,2
satisfactorily,2
continue,2
full,2
california,2
wheel,2
sherd,2
publication,2
oxalic,2
feature,2
counter,2
glaciaires,2
like,2
aurignacian,2
mexico,2
stages,2
counted,2
accurate,2
latter,2
relation,2
shallow,2
hedges,2
residue,2
pathway,2
figures,2
evaluated,2
controversial,2
anomaly,2
achene,2
attention,2
european,2
soot,2
imply,2
modification,2
note,2
gram,2
sometimes,2
figure,2
five,2
testing,2
pieces,2
reasonable,2
strongly,2
rapidly,2
indicate,2
changes,2
incl,2
ing,2
measured,2
get,2
unusual,2
earliest,2
selectivity,2
stratigraphic,2
practice,2
accordance,2
mentioned,2
meadowcroft,2
extending,2
simply,2
extension,2
precise,2
objects,2
masses,2
trapped,2
prob,2
sherds,2
ila,2
offers,2
alternative,2
stellmoor,2
tomb,2
sizes,2
setting,2
did,2
unknown,2
appendix,2
facility,2
current,2
intrusion,2
report,2
eventually,2
reliability,2
benefit,2
badger,2
prospects,2
ideally,2
hills,2
combined,2
terms,2
hoped,2
secure,2
oxygen,2
hundreds,2
silts,2
temps,2
internationaux,2
occasionally,2
pation,2
altered,2
voidomatis,2
became,2
suppl,2
role,2
giving,2
techniques,2
lies,2
step,2
measure,2
who,2
gain,2
daring,2
come,2
question,2
layers,2
cambridge,2
rockshelter,2
aware,2
equids,2
effects,2
colleagues,2
off,2
deer,2
vi,2
apart,2
chambers,2
justify,2
chicago,2
agrees,2
uranium,2
views,2
substantial,2
counts,2
strong,2
comparable,2
zones,2
cross,2
alberta,2
scanty,2
occur,2
arizona,2
rachis,1
dung,1
ments,1
meth,1
conard,1
currently,1
produces,1
rate,1
o,1
vor,1
child,1
limits,1
durum,1
calibrated,1
generalization,1
estimated,1
car,1
concerned,1
medieval,1
indicated,1
ols,1
preservatives,1
degraded,1
truth,1
dangers,1
fouilles,1
extend,1
trans,1
intercomparison,1
worthy,1
contextless,1
rhine,1
combine,1
eliminated,1
considerably,1
distributed,1
passing,1
expect,1
oxidation,1
group,1
center,1
conducted,1
urements,1
replaced,1
deepest,1
cyprus,1
systematically,1
sinnock,1
spearhead,1
designed,1
maize,1
forgeries,1
unacceptably,1
formed,1
dinslaken,1
pencil,1
specialist,1
postdate,1
continent,1
ways,1
investigating,1
nuts,1
di,1
walker,1
bias,1
additionally,1
lytically,1
disintegrations,1
sym,1
py,1
trace,1
devices,1
vitally,1
fixed,1
resurgence,1
presents,1
unlike,1
kr,1
hominid,1
fragile,1
acceptably,1
gories,1
lib,1
descriptions,1
contact,1
limestone,1
curves,1
stafford,1
impracticable,1
said,1
tages,1
consistent,1
cast,1
attributable,1
voldomatis,1
electromagnets,1
extraordinarily,1
tantalizing,1
wool,1
baked,1
comprehensively,1
convert,1
evolution,1
concentrated,1
diego,1
season,1
attempt,1
expectation,1
rig,1
quatern,1
domesti,1
fewer,1
chemicals,1
overnight,1
experiments,1
supplied,1
furnace,1
apologize,1
confirmed,1
practicality,1
subject,1
buildup,1
gorge,1
archaeologically,1
attractive,1
copy,1
reexamined,1
stratigraphically,1
accompanied,1
gonnersdorf,1
uncharred,1
astonishingly,1
thumb,1
cheddar,1
confirming,1
peopling,1
hoards,1
talus,1
exotic,1
rich,1
napoleon,1
soared,1
revisions,1
excessive,1
disappearance,1
hundred,1
onto,1
uncovered,1
renfrew,1
efficiently,1
damage,1
fresh,1
creswellian,1
emphasized,1
stand,1
freshly,1
raised,1
conserve,1
robert,1
submitter,1
ruined,1
somewhat,1
pellets,1
signs,1
grabung,1
worldwide,1
el,1
carbonaceous,1
datings,1
contents,1
boqueirao,1
datable,1
documenting,1
proceed,1
injected,1
dearth,1
archaeolo,1
badly,1
plain,1
inconnu,1
recorded,1
eastern,1
gaps,1
rentierjager,1
feeder,1
constraint,1
bases,1
firm,1
chapter,1
indirectly,1
discrepancies,1
miniature,1
capable,1
chitin,1
constraints,1
machinery,1
palaeomagnetic,1
geared,1
pataud,1
lignin,1
powers,1
functions,1
alter,1
voltage,1
console,1
ings,1
richard,1
vital,1
countered,1
calculated,1
whatever,1
disadvantage,1
taking,1
acidand,1
ations,1
resources,1
chart,1
along,1
minimum,1
anomalously,1
measur,1
safely,1
fragment,1
tied,1
split,1
evaluating,1
tabte,1
corresponding,1
xl,1
valladas,1
jackscar,1
squash,1
includes,1
benzene,1
rhinoceros,1
hazards,1
surely,1
saville,1
equatorial,1
southwestern,1
lanting,1
reverse,1
explained,1
component,1
facts,1
distressingly,1
reputation,1
inevitable,1
tanzania,1
mycenae,1
diets,1
computerized,1
resembling,1
tables,1
gaining,1
reflection,1
characteristic,1
moment,1
miniaturized,1
electrostatic,1
vigilance,1
lancashire,1
microsample,1
suitably,1
tucson,1
jr,1
metalwork,1
ease,1
pay,1
topic,1
sore,1
bords,1
expected,1
montana,1
accelerating,1
migrate,1
judged,1
funds,1
advances,1
bombarded,1
acquiring,1
nelson,1
remembering,1
clay,1
elements,1
truism,1
perspective,1
niques,1
concerning,1
alkali,1
cali,1
convincing,1
cysteine,1
body,1
highest,1
speed,1
consumer,1
six,1
difficulty,1
annua,1
groningen,1
proline,1
compared,1
danebury,1
left,1
cyclotrons,1
bag,1
misleading,1
spin,1
find,1
unequivocally,1
designating,1
identifications,1
y,1
geological,1
bolivia,1
grouped,1
consequently,1
journal,1
look,1
disentangling,1
spite,1
scarcity,1
industries,1
details,1
propositions,1
seoimcnt,1
deeply,1
tarkhan,1
cumulation,1
generation,1
labora,1
rates,1
catalogs,1
biotur,1
meiendorf,1
mechanisms,1
attribution,1
recolonization,1
assessed,1
complementarity,1
pacific,1
york,1
bull,1
bog,1
saxon,1
tubingen,1
camp,1
links,1
principally,1
growth,1
performance,1
rupestre,1
absent,1
across,1
centered,1
pologie,1
influenced,1
sw,1
fair,1
preparing,1
conundrum,1
mean,1
neatly,1
particle,1
represented,1
environments,1
suffer,1
reactions,1
stipulating,1
dealt,1
pointedly,1
camelus,1
derived,1
balanced,1
fat,1
tan,1
ass,1
ix,1
assuming,1
creek,1
packaging,1
lacking,1
burials,1
geologi,1
discoveries,1
wires,1
front,1
precious,1
mcpherron,1
shell,1
support,1
firing,1
arid,1
tooth,1
downward,1
solutions,1
settled,1
nor,1
occu,1
operates,1
owl,1
humm,1
improvement,1
statistical,1
dromedarius,1
encourages,1
rated,1
retained,1
aestivum,1
slowly,1
emergence,1
vicia,1
elsewhere,1
moderately,1
recalcu,1
days,1
graaf,1
methodist,1
traces,1
aly,1
sensibly,1
articulated,1
colder,1
epipaleolithic,1
however,1
frequently,1
perceptibly,1
solid,1
mask,1
undated,1
iva,1
commonly,1
breakdowns,1
wire,1
shorter,1
metry,1
depart,1
redate,1
exceed,1
efficient,1
neumunster,1
isolation,1
followed,1
cotton,1
majority,1
cost,1
preferably,1
neither,1
isometric,1
asterisk,1
unwanted,1
raysse,1
plenum,1
answers,1
coldest,1
mainstay,1
erroneous,1
care,1
tjongerian,1
warmer,1
dug,1
providing,1
salient,1
cut,1
stands,1
hot,1
fluid,1
nsf,1
commanded,1
sommet,1
ranges,1
olduvai,1
qll,1
expressed,1
arrived,1
closely,1
advance,1
bl,1
lead,1
flandrian,1
transmission,1
intelligibility,1
downstream,1
appearance,1
histories,1
acknowledgments,1
basin,1
strength,1
radiocar,1
access,1
effort,1
county,1
bomb,1
conventionally,1
demands,1
ocean,1
fishing,1
dispute,1
nouveau,1
depletion,1
keble,1
primigenius,1
radiometric,1
im,1
representative,1
inter,1
big,1
ally,1
embedded,1
academic,1
applying,1
meter,1
conversions,1
prompt,1
though,1
solely,1
receive,1
versity,1
indirect,1
province,1
frequency,1
promise,1
excellent,1
younger,1
otherwise,1
physicist,1
extrapolation,1
xvii,1
perform,1
radicarbon,1
substan,1
filter,1
ods,1
val,1
worthless,1
eliminate,1
coin,1
briefly,1
expensive,1
aspects,1
improve,1
starcevo,1
underlie,1
enrichment,1
syria,1
gained,1
ilia,1
distinguish,1
data,1
mapped,1
publish,1
horticulture,1
toys,1
ditches,1
investigated,1
andes,1
carry,1
preferred,1
conse,1
cord,1
significantly,1
stake,1
vsource,1
london,1
chenopodiuml,1
stir,1
ocher,1
knowledge,1
nation,1
comment,1
confirms,1
diversifies,1
marketplace,1
mam,1
wiring,1
geology,1
loss,1
literature,1
photographed,1
consistently,1
issues,1
broad,1
collective,1
calculating,1
people,1
keep,1
shackleton,1
oaks,1
mentioning,1
strain,1
nbs,1
statistics,1
thereafter,1
panacea,1
justification,1
hd,1
revaluation,1
surrounding,1
hampshire,1
sulfur,1
workload,1
fieldwork,1
stanford,1
spectrometer,1
status,1
horizon,1
graph,1
minds,1
dissolving,1
attraction,1
bration,1
malian,1
aided,1
gisements,1
hut,1
closing,1
strict,1
successful,1
radioactivity,1
hard,1
cham,1
cold,1
lowest,1
seized,1
involve,1
resolving,1
coupled,1
alto,1
methane,1
praehist,1
pinned,1
resina,1
stimulated,1
emphasizes,1
ain,1
heart,1
bered,1
hemisphere,1
habitation,1
grams,1
driving,1
paleolithiques,1
concerns,1
smithsonian,1
bridge,1
bray,1
leather,1
prompted,1
bonnet,1
breaking,1
draining,1
drillings,1
posthole,1
germania,1
convey,1
climate,1
suddenly,1
usual,1
hist,1
widely,1
dedicated,1
famerique,1
alternates,1
annual,1
visible,1
genuinely,1
jordan,1
extracted,1
dependent,1
hummelo,1
kra,1
correspondence,1
submitting,1
pva,1
postmortem,1
velocity,1
newly,1
grateful,1
preliminary,1
cairn,1
pot,1
moved,1
derives,1
aragonite,1
reducing,1
lems,1
vaenge,1
seemed,1
society,1
input,1
calls,1
optics,1
chronological,1
span,1
portion,1
morphology,1
critical,1
happen,1
he,1
habitats,1
fortunate,1
chains,1
variety,1
elimination,1
spelled,1
functioning,1
letters,1
dendrochronologically,1
pushes,1
agassiz,1
irish,1
identified,1
descending,1
separation,1
indeed,1
service,1
labeled,1
tempted,1
gaza,1
successes,1
corporation,1
classic,1
forward,1
merits,1
albany,1
brings,1
upward,1
attaching,1
etc,1
collide,1
bon,1
technically,1
surviving,1
indicates,1
ice,1
bsee,1
initially,1
cracks,1
movement,1
registered,1
hearths,1
wolfli,1
pretreat,1
tends,1
positive,1
spectacular,1
southeast,1
biological,1
cata,1
retrieved,1
listed,1
collect,1
ineffective,1
competition,1
serc,1
misapprehension,1
ambiguities,1
foreseeable,1
curators,1
push,1
represents,1
makes,1
consuming,1
rules,1
trento,1
mono,1
strange,1
serve,1
mobile,1
lab,1
combat,1
zurich,1
ne,1
index,1
beams,1
falls,1
plotted,1
planned,1
extinction,1
light,1
asia,1
minimums,1
experimental,1
noailles,1
deliver,1
gres,1
accelerated,1
experiment,1
safeguards,1
determine,1
essai,1
flints,1
damaged,1
scraps,1
reliance,1
palaeo,1
rootlets,1
assimilated,1
bar,1
frameworks,1
palaeoanthropology,1
stones,1
pick,1
regardless,1
routes,1
street,1
optimize,1
camel,1
fire,1
successfully,1
unreliable,1
disappointing,1
earn,1
factory,1
grips,1
again,1
others,1
spend,1
death,1
conceived,1
similarly,1
cesium,1
stud,1
homo,1
contaminating,1
added,1
posium,1
timescale,1
complementary,1
archaeologi,1
powder,1
radiations,1
accelerates,1
fact,1
lack,1
valid,1
hollow,1
treatment,1
overwhelming,1
blocks,1
meadow,1
misinterpretation,1
pressure,1
foods,1
checks,1
rotation,1
ought,1
sapiens,1
really,1
practical,1
habitat,1
isolate,1
preferring,1
clump,1
reaffirmed,1
end,1
ethno,1
sturdy,1
doubt,1
diameter,1
condensed,1
pennsylvania,1
chemis,1
flotation,1
discussed,1
somme,1
meas,1
underused,1
skendleby,1
flecks,1
outside,1
adjacent,1
likelihood,1
paris,1
ground,1
cation,1
operating,1
stringently,1
devoted,1
receives,1
establish,1
haft,1
karl,1
axes,1
tell,1
strategies,1
gowlert,1
duties,1
blind,1
minneapolis,1
breaks,1
chronologically,1
native,1
teeth,1
lean,1
decays,1
difficulties,1
guarantees,1
advan,1
ticularly,1
inject,1
distortions,1
identifiable,1
thousands,1
matrix,1
breakdown,1
backbone,1
recognizing,1
microscopic,1
understanding,1
collecting,1
belgica,1
extended,1
gisement,1
lost,1
treated,1
explanation,1
chiefly,1
northampton,1
bear,1
renders,1
israel,1
discrimination,1
macs,1
meteorites,1
bischoff,1
desperate,1
enormous,1
dissolve,1
detailed,1
vials,1
instal,1
hillfort,1
spearpoints,1
top,1
elucidated,1
lecture,1
cranial,1
unfortunately,1
hypotheses,1
convenience,1
virtually,1
causes,1
affects,1
net,1
variables,1
nothing,1
stay,1
taluses,1
option,1
morphological,1
brules,1
nuclei,1
dems,1
minimize,1
roberts,1
vii,1
subsurface,1
significance,1
afterward,1
deflected,1
discovered,1
thousandfold,1
loosely,1
andrews,1
fades,1
charged,1
comprehensive,1
backtrack,1
tl,1
tetude,1
aberrant,1
amounts,1
held,1
staple,1
controversies,1
plains,1
organism,1
allowed,1
characterized,1
collaboration,1
ceedings,1
satisfies,1
strictures,1
sought,1
premium,1
cally,1
collected,1
serves,1
uni,1
linking,1
harpoon,1
filled,1
repelled,1
intrinsic,1
martin,1
adequately,1
artificial,1
unambiguous,1
indubitably,1
uncalibrated,1
labels,1
improving,1
parallel,1
edged,1
alpine,1
specialize,1
cabinets,1
overcome,1
pro,1
dendrochronology,1
electric,1
distant,1
bored,1
slightly,1
socketed,1
italy,1
southwest,1
northern,1
attracted,1
ometry,1
prohibitive,1
cape,1
uncertainties,1
dimitrios,1
occupied,1
particles,1
tendency,1
destruction,1
organics,1
mens,1
provements,1
mammuthus,1
achieve,1
investigations,1
guiding,1
bristle,1
cereals,1
reluctant,1
annu,1
dealing,1
space,1
consists,1
suggestion,1
tests,1
relying,1
quence,1
rodent,1
gelatin,1
abundance,1
stems,1
ology,1
publishing,1
cow,1
continued,1
vision,1
viil,1
piece,1
program,1
tech,1
shiqmim,1
begin,1
lines,1
thermal,1
cereal,1
bags,1
dimensions,1
dicoccum,1
un,1
ordering,1
force,1
worse,1
markers,1
contribution,1
badari,1
remaining,1
jt,1
bins,1
try,1
agios,1
merwe,1
successor,1
unsatis,1
efficiency,1
analysis,1
kill,1
blood,1
fall,1
hope,1
wheeler,1
stratified,1
composed,1
bypass,1
fields,1
exists,1
itself,1
face,1
preview,1
kilometres,1
mud,1
unacceptable,1
rigorous,1
conservation,1
antarctic,1
nullifies,1
mortimer,1
jacobi,1
school,1
anthropological,1
stimulates,1
environment,1
archaic,1
contained,1
rarely,1
suite,1
dispersed,1
bricker,1
conclusion,1
complexity,1
loaves,1
comparison,1
pointless,1
athens,1
ever,1
detect,1
cate,1
discrepancy,1
colliding,1
recognizable,1
pellet,1
dissolves,1
regime,1
rezina,1
trenches,1
wristguard,1
output,1
preserves,1
alps,1
sciences,1
command,1
evelyn,1
beryllium,1
moose,1
column,1
resonance,1
excess,1
stem,1
doltana,1
owing,1
sure,1
graphique,1
guaranteed,1
paper,1
exponential,1
sheep,1
repaid,1
organized,1
expanding,1
diminution,1
antici,1
seem,1
tlapacoya,1
vari,1
contextual,1
sooty,1
lincolnshire,1
devensian,1
expense,1
half,1
wall,1
regard,1
assignments,1
domestic,1
subtropics,1
hindering,1
proportional,1
pigment,1
prog,1
ported,1
brazil,1
perfectly,1
goods,1
constant,1
build,1
associations,1
domesticated,1
distinctive,1
placing,1
u,1
passage,1
straw,1
adduced,1
remarkably,1
absolutely,1
paintbrush,1
intercom,1
evident,1
datation,1
wieckow,1
beginning,1
cal,1
outlook,1
lens,1
immobilized,1
unlikely,1
longmoor,1
economy,1
completion,1
thoroughly,1
notable,1
carefully,1
cremations,1
fairness,1
offering,1
elands,1
desires,1
plants,1
duplication,1
independently,1
mandible,1
allowance,1
dallas,1
calculations,1
theory,1
design,1
tightly,1
extent,1
illustrated,1
fully,1
while,1
charting,1
extract,1
institute,1
improvements,1
lynch,1
property,1
huge,1
minimal,1
scenarios,1
suggests,1
contain,1
targets,1
art,1
tracers,1
unreasonable,1
noticeably,1
reidentification,1
tent,1
remember,1
webley,1
careful,1
entire,1
entrance,1
reported,1
ervilia,1
stuiver,1
belgium,1
easy,1
stripper,1
happens,1
rationale,1
taborin,1
palaeoindian,1
lump,1
alternating,1
disconcerting,1
oversimplifications,1
contami,1
challenges,1
indians,1
mention,1
twin,1
au,1
turkish,1
rewarding,1
uk,1
discriminated,1
formation,1
chile,1
shown,1
until,1
foyers,1
survival,1
locations,1
fi,1
interested,1
justifiably,1
anatomically,1
coated,1
average,1
undue,1
finding,1
tackled,1
illinois,1
sud,1
internally,1
national,1
temperature,1
toca,1
imperative,1
gists,1
burnt,1
spectro,1
wish,1
documentation,1
course,1
offer,1
undersized,1
fauna,1
grown,1
include,1
helfman,1
dense,1
radioisotope,1
nonarchaeological,1
physical,1
manufacture,1
states,1
involving,1
variously,1
prospect,1
derive,1
forming,1
plentiful,1
hours,1
gloucestershire,1
oldest,1
extremely,1
increased,1
ranged,1
spalled,1
enclosed,1
supported,1
trajectory,1
dowel,1
pioneering,1
clarify,1
resolves,1
mellars,1
discontinuous,1
catalytic,1
text,1
restricts,1
reached,1
temperatures,1
quatre,1
parisien,1
exclusively,1
element,1
equipment,1
northwestern,1
duration,1
immediately,1
adovasio,1
conventions,1
spectroscopy,1
technological,1
burleigh,1
type,1
famous,1
speci,1
bation,1
meeting,1
cystine,1
showed,1
workings,1
close,1
laws,1
camelids,1
parison,1
croft,1
elegance,1
