WORDCOUNTS,WEIGHT
the,1166
of,762
in,584
and,582
a,243
to,239
for,155
from,134
african,124
africa,119
that,115
have,115
with,108
are,93
near,92
cattle,90
as,90
et,88
is,83
on,80
al,78
j,76
been,74
millennium,72
by,71
domestic,69
food,67
at,65
their,65
east,64
was,62
pastoral,62
be,62
first,61
they,58
west,58
were,58
new,55
world,55
also,52
it,51
bc,51
not,51
early,51
evidence,50
animals,49
p,49
m,48
r,48
archaeological,45
more,43
has,43
an,42
domestication,42
milk,41
groups,40
development,40
during,40
this,40
eastern,38
animal,38
than,37
but,37
northern,37
or,36
springer,36
livestock,36
sites,35
sheep,35
pastoralists,34
prehist,34
c,34
crops,33
age,33
k,33
origins,32
which,32
d,32
s,31
pastoralism,31
probably,31
f,30
production,30
burkina,30
stock,30
specialized,30
between,30
other,29
b,29
these,29
only,29
earliest,29
can,28
there,27
nomadic,26
de,26
late,26
faso,25
seems,24
sahara,24
may,24
t,24
use,24
through,24
wild,24
farmers,23
journal,23
most,23
because,23
its,23
where,23
beginning,23
zebu,23
phase,22
specialization,22
exploitation,22
sahel,22
plant,22
gajiganna,22
products,21
holocene,21
areas,21
mainly,21
herds,21
neolithic,20
could,20
archaeology,20
neumann,20
one,19
ad,19
agriculture,19
human,19
na,19
after,19
keeping,19
iron,19
spread,19
exchange,19
middle,19
although,19
large,18
university,18
important,18
cultural,18
mobile,18
present,18
seem,18
cultivation,18
press,18
remains,18
nigeria,17
secondary,17
no,17
l,17
emergence,17
economic,17
two,17
cultivated,17
time,17
both,17
north,17
e,16
h,16
resources,16
egypt,16
had,16
settlement,16
small,16
macdonald,16
second,16
southern,16
usually,16
must,16
bf,15
found,15
around,15
goat,15
lake,15
ecological,15
less,15
der,15
agricultural,15
nile,15
introduction,14
before,14
i,14
keepers,14
used,14
part,14
research,14
about,14
pp,14
milking,14
herders,14
mobility,13
continent,13
emerged,13
bones,13
possible,13
parts,13
farming,13
end,13
blench,13
high,13
species,13
plants,13
des,13
ucl,13
area,13
increased,13
later,12
history,12
into,12
du,12
some,12
thus,12
such,12
g,12
ovicaprines,12
third,12
kept,12
higher,12
w,12
data,12
towards,12
several,12
water,12
already,12
crop,12
period,12
bronze,12
over,12
domesticated,12
type,12
region,12
stone,11
van,11
environments,11
importance,11
von,11
settled,11
levant,11
change,11
when,11
und,11
south,11
local,11
known,11
different,11
them,11
chad,11
changes,11
valley,11
much,11
western,10
wool,10
iii,10
genetic,10
economies,10
central,10
fourth,10
obtained,10
arid,10
n,10
ethnography,10
zone,10
further,10
degree,10
desert,10
trade,10
pearl,10
systems,10
la,10
indicate,10
rainfall,10
egyptian,10
culling,10
northeast,9
long,9
thanks,9
very,9
helmer,9
relations,9
main,9
subsistence,9
population,9
saharan,9
linguistics,9
appear,9
prehistoric,9
appearance,9
sedentary,9
well,9
millet,9
finds,9
identified,9
overview,9
communities,9
ancient,9
same,9
many,9
routledge,9
especially,9
often,9
prehistory,9
did,9
while,9
our,9
era,9
way,8
hunting,8
century,8
phases,8
study,8
faunal,8
diet,8
appears,8
metals,8
le,8
hjort,8
nomads,8
productivity,8
activities,8
archaeozoological,8
donkey,8
kluwer,8
onwards,8
towns,8
added,8
strategies,8
described,8
allowed,8
okpoko,8
niger,8
paper,8
cities,8
past,8
produce,8
became,8
am,8
reached,8
recent,8
should,8
major,8
village,7
woolly,7
based,7
available,7
date,7
zur,7
spectrum,7
developments,7
fig,7
seventh,7
les,7
numbers,7
traces,7
exploited,7
fishing,7
kiseiba,7
occupation,7
fish,7
taurine,7
herd,7
indigenous,7
kahlheber,7
climatic,7
eighth,7
populations,7
still,7
europe,7
appeared,7
larger,7
camel,7
conditions,7
evolution,7
lifestyles,7
dry,7
sorghum,7
v,7
pottery,7
increasing,7
analysis,7
current,7
proceedings,7
institute,7
introduced,7
national,7
profiles,7
now,6
o,6
indicated,6
specialist,6
di,6
being,6
sources,6
season,6
all,6
asia,6
origin,6
state,6
relationships,6
bone,6
without,6
rather,6
traction,6
direct,6
risks,6
four,6
goats,6
diachronic,6
out,6
postulated,6
least,6
will,6
suited,6
den,6
perspectives,6
au,6
smith,6
husbandry,6
centre,6
nabta,6
archaeobotanical,6
material,6
made,6
hunted,6
low,6
would,6
general,6
latter,6
herding,6
blood,6
types,6
mounds,6
any,6
perhaps,6
hassan,6
growing,6
what,6
size,6
domesticates,6
cambridge,6
intensified,6
chicago,6
zones,6
does,5
environmental,5
settlements,5
live,5
studies,5
source,5
archaeo,5
either,5
taken,5
might,5
together,5
basin,5
precisely,5
british,5
recorded,5
logical,5
dromedaries,5
walnut,5
since,5
due,5
savannah,5
specialised,5
pig,5
left,5
even,5
site,5
certain,5
aquatic,5
evolved,5
gradually,5
northeastern,5
argued,5
upper,5
delta,5
indications,5
im,5
term,5
urbanization,5
rainy,5
bir,5
mclntosh,5
khazanov,5
up,5
results,5
critical,5
plough,5
marshall,5
culture,5
social,5
rock,5
discussed,5
outside,5
do,5
books,5
ecology,5
fao,5
disease,5
including,5
increase,5
regions,5
features,5
oxbow,5
pro,5
yields,5
life,5
table,5
considered,5
associated,5
dairy,5
international,5
half,5
living,5
economy,5
zagros,5
die,5
dromedary,5
grown,5
need,5
states,5
introgression,5
oldest,5
themselves,5
difficult,4
linguistic,4
true,4
ways,4
nord,4
robertshaw,4
transhumant,4
total,4
lower,4
frankfurt,4
preceding,4
gautier,4
definition,4
analyses,4
able,4
composition,4
those,4
context,4
acacus,4
illustrate,4
combination,4
along,4
back,4
libyan,4
bimodal,4
steps,4
highlands,4
developed,4
similar,4
productive,4
factors,4
gathering,4
dated,4
show,4
consequence,4
permanent,4
dominant,4
suggested,4
osteological,4
allow,4
societies,4
cannot,4
isotope,4
example,4
donkeys,4
stimulated,4
characteristics,4
highly,4
climate,4
ancestors,4
latest,4
value,4
dairying,4
wolfgang,4
geographical,4
society,4
institut,4
doctoral,4
limited,4
studien,4
security,4
happened,4
thought,4
included,4
fringes,4
reliance,4
prehistoire,4
provide,4
academy,4
pointed,4
missing,4
linseele,4
lack,4
never,4
tsetse,4
see,4
chalcolithic,4
predynastic,4
bos,4
survive,4
samples,4
ideas,4
full,4
dating,4
krings,4
started,4
stages,4
mammals,4
earlier,4
anatolia,4
european,4
independent,4
science,4
movements,4
negev,4
millennia,4
practised,4
then,4
grazing,4
besides,4
meat,4
sciences,4
set,4
natural,4
beitrdge,4
humid,4
migrations,4
almost,4
urban,4
circumstances,4
multiple,4
role,4
obtain,4
shown,4
survival,4
years,4
nomadism,4
summary,4
rest,4
abandoned,4
indicating,4
fur,4
close,4
dung,3
ethiopian,3
common,3
altamira,3
resulted,3
propagation,3
mountains,3
american,3
former,3
harsh,3
occurred,3
vegetation,3
lernia,3
ii,3
actual,3
belong,3
producing,3
molecular,3
lees,3
blackwell,3
political,3
within,3
visibility,3
rethinking,3
verlag,3
ruminants,3
cooperation,3
point,3
kuper,3
berichte,3
throughout,3
review,3
mm,3
illustrates,3
sustain,3
neighbours,3
relatively,3
amounts,3
lin,3
apparently,3
civilization,3
identification,3
his,3
old,3
india,3
proposed,3
frequently,3
additional,3
dahl,3
merimde,3
view,3
kenya,3
irrigation,3
thinks,3
entered,3
begun,3
typical,3
shared,3
aspects,3
recently,3
scale,3
record,3
sedentism,3
bama,3
shape,3
having,3
future,3
rinderpest,3
favourable,3
older,3
broad,3
people,3
working,3
revolution,3
contrast,3
ological,3
few,3
breunig,3
presence,3
diversified,3
camels,3
yielded,3
core,3
always,3
jousse,3
ninth,3
periods,3
therefore,3
neer,3
variability,3
gradual,3
tropical,3
movement,3
put,3
yet,3
under,3
fifth,3
generally,3
department,3
beginnings,3
bar,3
predominate,3
johann,3
power,3
toward,3
strontium,3
shows,3
instability,3
archaeopress,3
necessary,3
indication,3
distance,3
shifts,3
understanding,3
examples,3
karkarichinkat,3
discontinuity,3
veen,3
urbanism,3
obtaining,3
agri,3
stahl,3
availability,3
residue,3
oxford,3
today,3
particular,3
who,3
playa,3
dans,3
archaeozoology,3
anthropological,3
environment,3
series,3
mentioned,3
intensification,3
sangas,3
regime,3
quaternary,3
bates,3
innovations,3
feed,3
eventually,3
far,3
recherche,3
according,3
impact,3
form,3
seasonal,3
densities,3
art,3
level,3
despite,3
guistics,3
colonial,3
named,3
models,3
mode,3
sadr,3
sur,3
smaller,3
specific,3
assumed,3
maximum,3
generalised,3
among,3
vigne,3
spe,3
looking,3
praehistorica,3
hypothesis,3
go,2
margins,2
focussing,2
oriented,2
fertile,2
collett,2
judging,2
cradle,2
market,2
manuscript,2
pushed,2
group,2
complex,2
deltaic,2
villages,2
graze,2
ceremonial,2
position,2
pasture,2
koroji,2
nyame,2
nineteenth,2
diversity,2
contexts,2
turning,2
accumulation,2
said,2
archae,2
calves,2
utilization,2
nature,2
editions,2
reach,2
leading,2
advantage,2
great,2
differences,2
take,2
inland,2
last,2
principal,2
lifestyle,2
opposite,2
livelihood,2
similarities,2
depends,2
case,2
kobadi,2
side,2
depending,2
microsatellite,2
albeit,2
arabian,2
acad,2
africanus,2
cialized,2
ibrim,2
occupy,2
fine,2
taking,2
except,2
cited,2
framework,2
crossbreds,2
royal,2
milked,2
dependence,2
southwestern,2
explained,2
aus,2
vogelsang,2
dynamics,2
against,2
jennerstrasse,2
sahelian,2
sp,2
cf,2
encyclopedia,2
expected,2
dis,2
transitional,2
cases,2
direction,2
served,2
tschadbeckens,2
dates,2
compared,2
excavations,2
publications,2
arab,2
propagated,2
memoir,2
innis,2
hardly,2
though,2
nigerian,2
banana,2
transhumance,2
simultaneously,2
slowed,2
simplified,2
remain,2
en,2
kropelin,2
fat,2
summarized,2
moreover,2
means,2
established,2
breeds,2
intensive,2
presumably,2
agriculturalists,2
resource,2
beyond,2
platte,2
followed,2
terminology,2
belgian,2
tides,2
vergleichenden,2
providers,2
senegal,2
etude,2
management,2
whereas,2
result,2
breman,2
called,2
strength,2
pulse,2
scenes,2
depictions,2
persist,2
cart,2
constantly,2
tilemsi,2
fuel,2
inter,2
nium,2
archaeofaunal,2
rudiger,2
pure,2
understood,2
indirect,2
tools,2
ceramics,2
produced,2
rainforest,2
aridity,2
practise,2
pigs,2
rosen,2
degrees,2
balkema,2
start,2
protein,2
london,2
faune,2
knowledge,2
related,2
dimbleby,2
studia,2
loss,2
whole,2
year,2
literature,2
taxa,2
survey,2
sherratt,2
somewhere,2
away,2
cat,2
systematic,2
project,2
interpreted,2
own,2
wheat,2
malian,2
staple,2
excavated,2
mesopotamia,2
los,2
suggest,2
evershed,2
next,2
reaches,2
quite,2
involved,2
ehret,2
temporary,2
widely,2
visible,2
progress,2
jordan,2
breed,2
preliminary,2
situation,2
reduced,2
short,2
harris,2
precolonial,2
make,2
comments,2
inhabited,2
innovation,2
zebus,2
single,2
pastures,2
once,2
oursi,2
donnees,2
opportunities,2
soon,2
qasr,2
place,2
horn,2
turtles,2
winde,2
light,2
note,2
ethnographica,2
dna,2
lactation,2
traders,2
increasingly,2
rise,2
skeletons,2
volume,2
ceramic,2
others,2
renewed,2
fact,2
broadly,2
choice,2
ruminant,2
contemporary,2
variation,2
reasons,2
drinking,2
haaland,2
allgemeinen,2
establish,2
fibre,2
anthropologie,2
diets,2
einer,2
native,2
vogel,2
thoracic,2
number,2
northerly,2
remained,2
doubtful,2
another,2
kulturkunde,2
supplies,2
farther,2
sixth,2
feeding,2
contacts,2
ethnoarchae,2
cropping,2
significant,2
prevailed,2
residues,2
refers,2
resulting,2
questions,2
rare,2
kingdom,2
fer,2
radiocarbon,2
california,2
clear,2
three,2
cunningham,2
language,2
health,2
ploughing,2
watered,2
causal,2
keep,2
like,2
optimum,2
shortly,2
millen,2
patterns,2
hopf,2
enough,2
pasto,2
hairy,2
become,2
relation,2
shallow,2
percent,2
adaptations,2
grain,2
attention,2
encompassing,2
cereals,2
ounjougou,2
consequences,2
space,2
carried,2
publishing,2
machugh,2
she,2
continued,2
sometimes,2
maadi,2
resistant,2
lines,2
order,2
widespread,2
bulletin,2
dimensions,2
sensitive,2
detailed,2
began,2
contribution,2
iconographic,2
antiquity,2
kill,2
existed,2
united,2
composed,2
centres,2
fields,2
months,2
mitochondrial,2
influencing,2
forest,2
methodist,2
dispersed,2
comes,2
peoples,2
neighbouring,2
droughts,2
cover,2
klees,2
grow,2
cultures,2
unknown,2
down,2
grigson,2
report,2
sudan,2
ethiopia,2
goods,2
geschichte,2
sought,2
historical,2
garcea,2
mema,2
bipartition,2
cal,2
game,2
vary,2
whether,2
coast,2
map,2
domesticate,2
distribution,2
adaptation,2
heavier,2
supplemented,2
sleeping,2
fayum,2
require,2
nowadays,2
koppe,2
transport,2
pas,2
prevalent,2
transition,2
went,2
commodities,2
ucko,2
phenomenon,2
bradley,2
exploit,2
isolated,2
unfavourable,2
varied,2
zeboid,2
layers,2
argument,2
average,2
chemical,2
morphological,2
equids,2
instead,2
include,2
typically,2
integrated,2
specialists,2
regular,2
effects,2
monod,2
roughly,2
needs,2
sudanese,2
km,2
deposits,2
import,2
entire,2
little,2
indicus,2
duction,2
immediately,2
enormous,2
longer,2
showed,2
household,2
woven,1
final,1
tierartzl,1
mortuary,1
geschichtlicher,1
ohlssons,1
surroundings,1
modelling,1
siedlung,1
ja,1
vrydaghs,1
gerald,1
written,1
hub,1
rate,1
turgidum,1
convergence,1
domestikationsforschung,1
forschungen,1
avoiding,1
lipid,1
implying,1
depen,1
responds,1
uncritically,1
tropics,1
tierwelt,1
animale,1
compensate,1
slaughter,1
northernmost,1
separated,1
represent,1
epidemics,1
affected,1
deduced,1
chickpea,1
ferdinand,1
gazelles,1
palaeoeco,1
yam,1
hirt,1
rangeland,1
poorer,1
starts,1
compensated,1
browsers,1
per,1
eth,1
connect,1
duckworth,1
center,1
needed,1
agroforestry,1
led,1
cyprus,1
systematically,1
putative,1
mostly,1
prime,1
extant,1
bouquet,1
diversification,1
habitats,1
sets,1
quellec,1
universiteit,1
paradigms,1
modern,1
kuri,1
better,1
considerations,1
outram,1
tied,1
hair,1
policy,1
protection,1
fixed,1
potentials,1
character,1
pose,1
unlike,1
norden,1
miere,1
ethnoarchaeological,1
itcz,1
induced,1
contested,1
beispiel,1
acquainted,1
projections,1
lib,1
khabur,1
witz,1
test,1
fluctuations,1
predominantly,1
miinchen,1
romance,1
envi,1
gap,1
krzyzaniak,1
davis,1
imprints,1
progressed,1
bleiche,1
finger,1
exclusive,1
agypten,1
hood,1
taurinen,1
liveli,1
implications,1
give,1
shuwa,1
melanges,1
deutschen,1
motor,1
taurus,1
offerts,1
questioned,1
dunaires,1
sub,1
humans,1
sasson,1
fragmentary,1
stretch,1
fewer,1
diseases,1
ranchers,1
sustainable,1
experiments,1
zabern,1
confirmed,1
dramatically,1
shaped,1
allan,1
height,1
affinities,1
sauvage,1
sup,1
krankheitsbehandlung,1
holl,1
simple,1
confusion,1
archdologie,1
hide,1
accumulated,1
peopling,1
rich,1
admittedly,1
studied,1
vertebra,1
reveal,1
ol,1
sees,1
cowpea,1
previous,1
styles,1
actuelles,1
barnard,1
tinction,1
cribb,1
introgressions,1
kontaktzone,1
consist,1
applegate,1
emphasized,1
stand,1
influences,1
hakan,1
adventures,1
letting,1
reading,1
item,1
declines,1
behind,1
return,1
peuplement,1
prosper,1
contents,1
triggered,1
system,1
gischen,1
customs,1
leaching,1
wetter,1
abdi,1
takes,1
dearth,1
existence,1
epstein,1
dr,1
zoologiques,1
payne,1
anthropologists,1
key,1
zoogeographical,1
phylogeography,1
primary,1
iv,1
demography,1
eurasia,1
roel,1
rests,1
march,1
osteometrical,1
economics,1
foraging,1
welcome,1
prior,1
implies,1
politics,1
concentrating,1
activity,1
condition,1
attaching,1
archaeobotany,1
amarganca,1
nonpastoralists,1
reaction,1
repartition,1
october,1
tha,1
prove,1
wodaabe,1
zooarchaeology,1
biagetti,1
obvious,1
nouvelles,1
plemented,1
perlhirse,1
reflecting,1
events,1
rela,1
establishment,1
owners,1
conception,1
ovis,1
desirable,1
bottom,1
istics,1
criterion,1
friih,1
juvenile,1
occur,1
meri,1
minimum,1
annales,1
birimi,1
sketched,1
fragment,1
collection,1
palaeoecological,1
keramik,1
caprine,1
corresponding,1
francke,1
exist,1
conflict,1
domestics,1
karimojong,1
tadrart,1
widened,1
tending,1
cortical,1
draught,1
severe,1
immediate,1
quality,1
accommodation,1
contemporaneous,1
adapting,1
initial,1
permitted,1
cialization,1
civili,1
vrijdaghs,1
tigris,1
patchy,1
untersuchungen,1
regarded,1
ability,1
dia,1
mixed,1
lasts,1
attested,1
durant,1
grouped,1
ease,1
pay,1
ammon,1
barrier,1
scrofa,1
accelerating,1
dence,1
hather,1
z,1
held,1
affairs,1
kind,1
pinpointed,1
bus,1
palaeolithic,1
estimates,1
velarde,1
distinct,1
adopted,1
secondand,1
interim,1
perspective,1
spine,1
etation,1
beziehung,1
bread,1
ha,1
recherches,1
simplest,1
boundary,1
holds,1
mainry,1
vetch,1
postponed,1
roamed,1
tanical,1
cameroon,1
continuous,1
adpf,1
whorls,1
modele,1
sci,1
accelerator,1
equally,1
men,1
suitability,1
consequently,1
stimulating,1
spoils,1
vice,1
digla,1
sary,1
ecosystems,1
skins,1
wet,1
pennsylvania,1
traditions,1
palaeoenvironmental,1
adult,1
pronounced,1
unravelling,1
influence,1
westlichen,1
impressions,1
efficient,1
intercropping,1
gebgraphique,1
mechanism,1
necropole,1
bradburd,1
poor,1
feldarbeit,1
potsherds,1
holocenes,1
ohne,1
vegetable,1
town,1
neces,1
whose,1
ancienne,1
boeuf,1
arbon,1
wendorf,1
exact,1
oudalan,1
principally,1
growth,1
baumhauer,1
federal,1
impetus,1
across,1
how,1
keywords,1
mediary,1
synonyms,1
levels,1
upsaliensia,1
process,1
mean,1
approaches,1
deliberately,1
tionships,1
dealt,1
determining,1
risk,1
lasted,1
supplement,1
stops,1
connected,1
leave,1
ongoing,1
eggert,1
pathologies,1
liber,1
comme,1
enabled,1
immigrating,1
wotzka,1
black,1
saharienne,1
burials,1
cor,1
marginal,1
paleolithic,1
nil,1
absorbed,1
archdobotanische,1
lennium,1
support,1
agro,1
reason,1
references,1
category,1
misunderstandings,1
unpredictability,1
hairs,1
westafrika,1
marks,1
civilizations,1
rain,1
locally,1
possibly,1
dichotomy,1
flexibility,1
deutsches,1
river,1
rated,1
harder,1
cellulose,1
grains,1
flax,1
montee,1
energy,1
linked,1
section,1
threatening,1
stubble,1
shelters,1
too,1
emmer,1
shrinking,1
riverains,1
muscular,1
hesse,1
digesting,1
populated,1
textile,1
tributes,1
surface,1
girdle,1
cotton,1
peninsula,1
obstacles,1
mulville,1
buffalo,1
problems,1
centrale,1
essays,1
helped,1
projected,1
strategy,1
providing,1
mensch,1
dynastic,1
differently,1
miroschedji,1
fates,1
trajectories,1
hot,1
organic,1
ihre,1
challenges,1
entwicklung,1
moving,1
closely,1
archaolo,1
anthropogenic,1
lead,1
laitiere,1
crossroad,1
societe,1
concentration,1
location,1
arrival,1
gesellschaft,1
zeit,1
declined,1
einkorn,1
fireplaces,1
histories,1
method,1
search,1
arabs,1
centers,1
lived,1
changed,1
deal,1
demands,1
hibiscus,1
loftus,1
intermediary,1
requirements,1
margin,1
teristics,1
phylogenomics,1
extinct,1
primigenius,1
tauveron,1
approximation,1
appaaranca,1
arable,1
glacial,1
irregularly,1
markets,1
pastoralist,1
big,1
installation,1
wim,1
zooarchaeological,1
accurately,1
handbook,1
kinship,1
particularly,1
mitte,1
outset,1
generalists,1
founder,1
opment,1
fishermen,1
war,1
displayed,1
linguists,1
beni,1
decker,1
dynasty,1
domestikationsgeschichte,1
northwards,1
dispersal,1
separates,1
thrive,1
tervuren,1
feudal,1
trypanosomiasis,1
toulouse,1
pleistocene,1
noticed,1
wide,1
acknowledgments,1
acteristics,1
ponies,1
hopkins,1
sdugetierkundige,1
hunters,1
societal,1
improve,1
paleoenvironnementales,1
zach,1
garments,1
syria,1
flannery,1
fulani,1
documented,1
basis,1
knochenfunde,1
distinguish,1
correctly,1
egalitarian,1
work,1
contamporary,1
predictability,1
scope,1
chang,1
horticulture,1
received,1
imports,1
ralists,1
relatives,1
carry,1
isohyet,1
salama,1
conse,1
invisible,1
unless,1
significantly,1
brought,1
horwitz,1
characterization,1
mammalienne,1
crude,1
selbstverlag,1
discusses,1
proportions,1
apparent,1
tombs,1
reduction,1
symbolism,1
feared,1
ten,1
faunas,1
continuation,1
gave,1
q,1
describe,1
harlan,1
kissi,1
reduces,1
contains,1
intensifies,1
records,1
guerin,1
figures,1
concentrate,1
round,1
gatherers,1
actually,1
bornu,1
enkschrift,1
structures,1
stimulate,1
winter,1
versus,1
focuses,1
hydraulic,1
highlighted,1
africanum,1
unhumped,1
riding,1
overseas,1
wendt,1
entails,1
predominance,1
chaeofaunal,1
archaeologists,1
neolitischen,1
lionel,1
markedly,1
following,1
cowpeas,1
hamburger,1
preceded,1
good,1
published,1
discussing,1
legacy,1
normally,1
successful,1
ago,1
field,1
below,1
distances,1
stage,1
reliable,1
resolving,1
indicators,1
prehistorique,1
archaeofaunas,1
grass,1
arabic,1
neolithisation,1
mediterranean,1
insulaires,1
emphasizes,1
orient,1
belt,1
bea,1
sole,1
calling,1
crescent,1
wadsworth,1
mound,1
habitation,1
palaeoclimatic,1
recognition,1
sufficient,1
accomplished,1
concerns,1
smithsonian,1
aegagrus,1
colloquium,1
surfeit,1
industry,1
sanga,1
tage,1
decline,1
musee,1
boundaries,1
unimodal,1
dedicated,1
grobe,1
fats,1
barely,1
descendants,1
inability,1
weiss,1
finishing,1
necessity,1
abydos,1
proper,1
using,1
heralding,1
notes,1
bananas,1
diminished,1
steppes,1
newly,1
labelled,1
grateful,1
provided,1
moved,1
aggregate,1
mashkour,1
concomitant,1
avoid,1
nomaden,1
bassin,1
sahelienne,1
retreated,1
llc,1
achilles,1
belgium,1
soaking,1
shoreline,1
he,1
republic,1
genesis,1
business,1
emphasised,1
ibh,1
demand,1
onset,1
absence,1
hump,1
britain,1
indicative,1
separation,1
mechanisms,1
predecessors,1
synthesis,1
sans,1
comparative,1
picon,1
barley,1
horses,1
koster,1
motivated,1
obervolta,1
acknowledged,1
celestijnenlaan,1
unstable,1
nearly,1
interdependence,1
thomasi,1
museum,1
constraints,1
returning,1
hammond,1
reduce,1
intensively,1
attempt,1
community,1
doyen,1
grande,1
tryck,1
sana,1
reserves,1
expanded,1
indicates,1
zoological,1
initially,1
adjusting,1
modes,1
aldine,1
iran,1
cultivate,1
nography,1
selection,1
structural,1
vorship,1
nev,1
relationship,1
corpus,1
boessneck,1
hausrindes,1
blokland,1
urund,1
uppsala,1
depicted,1
simultaneous,1
hanotte,1
char,1
seeher,1
floods,1
interpretation,1
hydrological,1
reference,1
oasis,1
alchian,1
prof,1
etat,1
aksumite,1
requiring,1
serve,1
exactly,1
counterparts,1
continuity,1
elephants,1
differentiate,1
specimens,1
grabungskampagnen,1
une,1
sable,1
islam,1
theiss,1
abandon,1
abteilung,1
pollath,1
subrecent,1
performed,1
ethnographic,1
experimental,1
tortoise,1
bauern,1
vers,1
wisconsin,1
insights,1
alien,1
alten,1
williams,1
functioned,1
stones,1
avoided,1
sketch,1
declining,1
fill,1
seasonally,1
members,1
greatly,1
archeologique,1
challenge,1
scientifique,1
again,1
becken,1
hearths,1
flat,1
addition,1
cordons,1
campsites,1
lengthy,1
veerle,1
zeder,1
souville,1
idea,1
homestead,1
emplacement,1
fundamental,1
scholars,1
gosden,1
craniology,1
bovins,1
pressure,1
foods,1
nenborn,1
predominant,1
mountainous,1
abstract,1
chronik,1
predominated,1
roaming,1
really,1
weissleder,1
travaux,1
diverse,1
surfaces,1
avian,1
fruhgeschichte,1
acacia,1
considerable,1
minimize,1
collines,1
man,1
sumerian,1
civilisations,1
documents,1
honor,1
antelopes,1
forms,1
procurement,1
conclusions,1
took,1
preet,1
monographs,1
mali,1
paris,1
ralism,1
ground,1
clusters,1
ur,1
model,1
considers,1
phytoliths,1
tchad,1
purposes,1
existing,1
empire,1
aa,1
accepted,1
ch,1
bovid,1
coincided,1
noog,1
exotic,1
reshaped,1
bilan,1
houerou,1
rupestres,1
gro,1
appetites,1
rassen,1
realize,1
multidisciplinary,1
palestine,1
archeologiques,1
imagine,1
synonym,1
das,1
status,1
trait,1
possehl,1
ine,1
technologies,1
collecting,1
warning,1
investigated,1
vast,1
sepa,1
divided,1
dissimilar,1
poissons,1
orienting,1
cruder,1
craig,1
assemblages,1
range,1
ecologically,1
values,1
locate,1
refining,1
copley,1
pertain,1
thickness,1
ged,1
ethnology,1
previously,1
unpredictable,1
gastrointestinal,1
katholieke,1
clustered,1
gifford,1
load,1
caprines,1
culminating,1
asian,1
waste,1
largely,1
rivers,1
additions,1
emphasize,1
inneren,1
factor,1
geographische,1
sequence,1
bitter,1
trend,1
pasteurs,1
pack,1
prdhistorischen,1
protohistorique,1
grundlegungen,1
nothing,1
stay,1
organisational,1
archive,1
heinrich,1
overlap,1
cameroonian,1
struction,1
office,1
odi,1
improvements,1
necessitated,1
osteologically,1
acquirement,1
meanings,1
reality,1
directed,1
adding,1
authors,1
stress,1
bi,1
points,1
tschadbecken,1
maintenance,1
rains,1
interpret,1
mts,1
co,1
archaeobo,1
christopher,1
philipp,1
reviewers,1
revised,1
so,1
nkang,1
demarcates,1
him,1
recon,1
mouton,1
curve,1
played,1
endsteinzeitlichen,1
lie,1
stimulation,1
stantially,1
preservation,1
fred,1
sfb,1
adequately,1
contributions,1
jahrtausend,1
africana,1
repeated,1
artificial,1
graphic,1
debuts,1
sudwestlichen,1
afrikanischen,1
salt,1
specialize,1
land,1
overcome,1
crc,1
accordingly,1
kulturgeographischer,1
excluded,1
hildebrand,1
diamond,1
improbable,1
intake,1
adapted,1
differ,1
kaniana,1
southwest,1
attracted,1
oscillations,1
macmillan,1
geography,1
maximal,1
diameters,1
saw,1
institution,1
tendency,1
premiers,1
relative,1
premieres,1
caution,1
controversial,1
ambrose,1
mil,1
toralism,1
concluded,1
corridor,1
applies,1
exchanged,1
separate,1
grandes,1
dietary,1
humped,1
chronic,1
dogs,1
dealing,1
dawn,1
chenal,1
archeozoologiques,1
meghen,1
siedlungen,1
cr,1
chances,1
domestique,1
sheila,1
solid,1
pastured,1
inhabitants,1
crucial,1
foreign,1
touareg,1
ennedi,1
tillman,1
ministry,1
arabia,1
spindle,1
wandel,1
mankhor,1
baobab,1
favour,1
deteriorating,1
insufficient,1
defined,1
primarily,1
slow,1
becomes,1
beasts,1
un,1
seen,1
aridification,1
icaz,1
froment,1
grinding,1
wilson,1
remaining,1
rapidly,1
whereby,1
saheliens,1
ducers,1
paleoeconomiques,1
why,1
apaclallzed,1
construction,1
stiner,1
norton,1
stratified,1
education,1
subdivided,1
centuries,1
itself,1
gonzalez,1
inducing,1
longman,1
gathered,1
chen,1
documenting,1
spun,1
stable,1
groundnut,1
magnavita,1
addressed,1
classification,1
sakane,1
dagg,1
paatorallats,1
shaw,1
seine,1
border,1
bicolor,1
contained,1
balout,1
victoria,1
tschad,1
flies,1
coat,1
biology,1
practice,1
inhumated,1
ppnb,1
accordance,1
complexity,1
sabdariffa,1
desiccated,1
measurements,1
ronment,1
mobfcty,1
extensive,1
economically,1
detect,1
extension,1
symbolic,1
cotsen,1
precise,1
isotopique,1
temporal,1
corrections,1
europdischen,1
pea,1
doi,1
ila,1
here,1
alternative,1
greenfield,1
troy,1
objectively,1
defining,1
supposed,1
erg,1
wendrich,1
anthropology,1
cemetery,1
ancestor,1
share,1
expanding,1
folk,1
believe,1
bifurcated,1
anthropol,1
regard,1
visiting,1
tef,1
inquiry,1
foundation,1
harvest,1
entering,1
ar,1
humain,1
archaologisches,1
capra,1
rely,1
edible,1
benefit,1
visits,1
just,1
advances,1
alluvial,1
places,1
usual,1
tchernov,1
tenth,1
born,1
thanked,1
wit,1
barth,1
emy,1
veg,1
transmitted,1
combined,1
terms,1
stability,1
making,1
rising,1
varying,1
independently,1
mandible,1
harappan,1
maintain,1
proven,1
climatological,1
contrasting,1
geo,1
theory,1
holo,1
shortages,1
extent,1
reptilian,1
eves,1
illustrated,1
plug,1
getting,1
differs,1
staaij,1
strict,1
studying,1
manure,1
cloth,1
annual,1
modities,1
yield,1
peters,1
archaeofauna,1
balance,1
information,1
listed,1
terre,1
emphasis,1
cupere,1
gayet,1
jahrtausendealten,1
wetterstrom,1
chr,1
conference,1
burden,1
rises,1
outline,1
chronology,1
son,1
porridge,1
parasites,1
ruled,1
survi,1
thereby,1
beck,1
uniform,1
content,1
confirm,1
devel,1
yearly,1
spangenberg,1
focal,1
traditional,1
vpsaliensia,1
reappraisal,1
besiedlung,1
boucle,1
com,1
rhinoceroses,1
harvesting,1
programs,1
kintampo,1
naturelle,1
nordost,1
chypre,1
clothing,1
dorsal,1
allows,1
manfred,1
paleoecologique,1
aims,1
ceramique,1
coming,1
driesch,1
remarks,1
come,1
herded,1
shores,1
heralded,1
fleece,1
formation,1
archaologische,1
until,1
spring,1
considering,1
tumuli,1
rtttotn,1
initiated,1
proteins,1
provenance,1
finding,1
camps,1
numerous,1
calories,1
sud,1
grant,1
rizkana,1
entrust,1
crisis,1
tierreste,1
zations,1
course,1
exceed,1
actively,1
approximately,1
fauna,1
wadi,1
faure,1
correlated,1
afrique,1
cene,1
consumption,1
manufacture,1
persal,1
flocks,1
integration,1
southward,1
forming,1
plentiful,1
extremely,1
mainz,1
shift,1
ovicaprine,1
klee,1
anonymous,1
comparison,1
flora,1
thousand,1
charac,1
searching,1
haltung,1
noncenters,1
arrived,1
fowling,1
collaborators,1
discontinuous,1
necropolis,1
justify,1
bambara,1
hoggar,1
fruheisenzeitlichen,1
partial,1
pulses,1
exclusively,1
predictable,1
characters,1
carting,1
interaction,1
develop,1
focus,1
images,1
bovine,1
meeting,1
southeastern,1
fasos,1
signals,1
draft,1
lac,1
runge,1
fertilize,1
reflect,1
symbiotic,1
indeterminacy,1
heterogeneous,1
