WORDCOUNTS,WEIGHT
the,1206
of,971
and,838
in,577
a,323
to,309
that,269
egypt,159
have,136
egyptian,133
early,129
is,126
at,113
old,110
for,107
on,107
from,106
kingdom,103
as,96
with,90
been,88
this,87
but,86
nile,84
m,83
were,81
delta,80
p,80
by,78
some,71
ancient,71
these,71
other,64
archaeological,63
be,63
was,62
pp,61
it,58
are,58
r,54
j,53
predynastic,53
research,51
an,47
about,46
period,45
social,45
not,45
most,44
sites,44
new,44
civilization,43
cultural,43
or,42
settlement,41
many,41
there,40
w,40
which,40
archaeology,40
evidence,40
i,39
american,38
such,38
upper,38
also,38
they,35
one,35
journal,35
may,35
has,34
b,34
university,34
e,33
van,33
dynastic,33
bc,33
more,33
we,32
found,31
late,31
den,31
evolution,30
wenke,30
between,30
settlements,29
c,29
complex,28
center,27
d,27
k,26
because,26
during,26
see,26
state,26
remains,26
no,25
its,25
et,25
scholars,25
what,25
valley,25
into,24
their,24
agricultural,24
history,23
kom,23
g,22
york,22
economic,22
probably,22
science,22
great,21
political,21
eastern,21
f,21
can,21
major,21
h,20
lower,20
all,20
review,20
important,20
population,20
he,20
only,20
problems,19
development,19
de,19
changes,19
origins,19
hierakonpolis,19
southwest,19
prehistory,19
der,19
suggests,19
through,19
tell,19
excavations,18
even,18
l,18
well,18
london,18
pyramid,18
people,18
change,18
construction,18
kemp,18
seem,18
des,18
first,17
human,17
than,17
communities,17
analysis,17
middle,17
seems,16
fig,16
how,16
societies,16
pottery,16
various,16
those,15
context,15
record,15
data,15
few,15
culture,15
pattern,15
would,15
past,15
much,15
large,14
western,14
asia,14
s,14
styles,14
von,14
had,14
academic,14
small,14
others,14
maadi,14
any,14
anthropology,14
paper,14
historical,14
both,14
abu,14
states,14
recent,14
if,13
might,13
pyramids,13
artifact,13
periods,13
chronology,13
variables,13
physical,13
theory,13
royal,12
central,12
based,12
basis,12
artifacts,12
part,12
tombs,12
same,12
time,12
seattle,12
complexity,12
must,12
known,12
cemetery,12
foundation,12
hassan,12
terms,12
basin,12
traditional,12
ms,11
ii,11
nature,11
origin,11
dates,11
growth,11
after,11
civilizations,11
just,11
n,11
argued,11
cannot,11
issues,11
notes,11
minshat,11
contemporary,11
so,11
study,11
evolutionary,11
antiquity,11
file,11
simply,11
cultures,11
form,11
trigger,11
world,11
national,11
does,10
con,10
agriculture,10
zur,10
egyptians,10
times,10
similar,10
could,10
international,10
interpretations,10
cairo,10
sense,10
south,10
power,10
areas,10
occupations,10
do,10
radiocarbon,10
who,10
earliest,10
control,10
different,10
muzeum,10
presented,10
die,10
und,10
our,10
functional,9
per,9
modern,9
simple,9
far,9
economies,9
perspective,9
general,9
site,9
his,9
view,9
initial,9
dynasty,9
near,9
reflect,9
least,9
long,9
annual,9
when,9
archeologiczne,9
kairo,9
towns,9
end,9
use,9
netherlands,9
trade,9
craft,9
northern,9
why,9
economy,9
despite,9
administration,9
omar,9
models,9
cambridge,9
chicago,9
north,9
o,8
later,8
stylistic,8
group,8
stone,8
production,8
neolithic,8
deutschen,8
vol,8
point,8
instituts,8
ceramics,8
ibrahim,8
appear,8
prehistoric,8
method,8
revealed,8
size,8
occupied,8
t,8
mediterranean,8
decline,8
nagada,8
scientific,8
mitteilungen,8
community,8
still,8
toward,8
materialist,8
forms,8
understanding,8
methods,8
rise,8
considered,8
natural,8
little,8
com,8
although,8
area,8
increased,8
brink,8
built,8
contacts,7
correlations,7
studies,7
du,7
mudbrick,7
rapid,7
hoffman,7
government,7
variations,7
relations,7
elements,7
apparently,7
mechanisms,7
town,7
consider,7
age,7
density,7
recently,7
directly,7
used,7
cults,7
order,7
society,7
several,7
religious,7
shanks,7
abteilung,7
provide,7
grave,7
considerable,7
less,7
number,7
local,7
analyzed,7
region,7
including,7
largely,7
dating,7
like,7
land,7
africa,7
indicate,7
narmer,7
sciences,7
here,7
did,7
argue,7
iii,7
ideological,7
them,7
socioeconomic,7
variability,7
argues,7
mendes,7
polish,6
way,6
fayyum,6
before,6
every,6
primary,6
phase,6
since,6
mesopotamian,6
poznan,6
main,6
levels,6
importance,6
schicht,6
understand,6
appearance,6
centers,6
buried,6
provincial,6
work,6
polity,6
excavated,6
buildings,6
alten,6
noted,6
regional,6
routes,6
academy,6
pharaonic,6
debates,6
patterns,6
norwegian,6
years,6
made,6
desert,6
mortuary,6
empirical,6
significant,6
survey,6
questions,6
aesthetic,6
theoretical,6
flood,6
administrative,6
suggest,6
ecological,6
foreign,6
relevant,6
associated,6
determinants,6
over,6
east,6
current,6
report,6
advances,6
almost,6
pre,6
formation,6
potential,6
focus,6
now,5
pittsburgh,5
systematically,5
naqada,5
merimda,5
location,5
kegan,5
conditions,5
analyses,5
concepts,5
somewhat,5
system,5
king,5
holocene,5
possible,5
processes,5
awad,5
basic,5
cult,5
derived,5
direct,5
parts,5
ideologies,5
northeastern,5
too,5
show,5
suggested,5
greater,5
radical,5
im,5
giza,5
appears,5
energy,5
possibility,5
aspects,5
approach,5
provided,5
preliminary,5
ical,5
architecture,5
above,5
nubia,5
fifth,5
included,5
sharply,5
already,5
larger,5
never,5
v,5
model,5
where,5
until,5
palestine,5
bulletin,5
egyptology,5
explanation,5
range,5
deposits,5
samples,5
asian,5
sees,5
low,5
significance,5
points,5
high,5
mesopotamia,5
systems,5
parallel,5
structure,5
increasing,5
factors,5
independent,5
primarily,5
institutions,5
inadequate,5
life,5
types,5
anthropological,5
growing,5
peoples,5
sherds,5
regard,5
epistemological,5
particularly,5
very,5
explanations,5
typologies,5
extent,5
her,5
texts,5
urban,5
vessels,5
transport,5
sea,5
commodities,5
integration,5
substantial,5
building,5
les,4
will,4
meaning,4
tion,4
groups,4
environmental,4
determine,4
essays,4
second,4
occurred,4
my,4
krzyzaniak,4
meters,4
season,4
redford,4
individuals,4
differences,4
concludes,4
subsequent,4
date,4
zu,4
within,4
case,4
egyptologists,4
illustrate,4
functions,4
resources,4
thus,4
dynamics,4
archdologischen,4
uniformity,4
clay,4
distinct,4
developments,4
continuous,4
compare,4
formulate,4
y,4
critique,4
traditions,4
oxford,4
sample,4
centralization,4
memphis,4
buto,4
monumental,4
objects,4
organization,4
emergence,4
linked,4
elsewhere,4
powerful,4
beyond,4
pleistocene,4
result,4
kingship,4
out,4
objectives,4
deal,4
mcc,4
though,4
levees,4
viewed,4
produced,4
priorities,4
wide,4
scope,4
apparent,4
archaeologists,4
structures,4
level,4
trading,4
investigations,4
gene,4
up,4
abydos,4
results,4
am,4
materials,4
overall,4
southern,4
yet,4
floods,4
interpretation,4
oasis,4
under,4
us,4
without,4
reports,4
name,4
addition,4
fact,4
fundamental,4
smu,4
invested,4
sixth,4
skeletal,4
expression,4
ideas,4
uruk,4
philipp,4
graves,4
random,4
narrow,4
pro,4
saw,4
sociopolitical,4
pharaohs,4
concluded,4
widely,4
perspectives,4
ideology,4
monuments,4
ing,4
centuries,4
environment,4
changing,4
bronze,4
evolved,4
tomb,4
routledge,4
exploration,4
build,4
scores,4
combined,4
unique,4
stability,4
distribution,4
hundreds,4
art,4
logical,4
conclude,4
became,4
african,4
subject,4
shown,4
similarity,4
offer,4
wadi,4
chronologies,4
effects,4
mainz,4
summary,4
strong,4
among,4
liaison,4
ments,3
rate,3
sealings,3
expedition,3
indicates,3
overland,3
prime,3
authority,3
true,3
di,3
relative,3
position,3
total,3
preindustrial,3
pots,3
caneva,3
consistent,3
explaining,3
specifically,3
certainly,3
military,3
dunnell,3
containing,3
archaeologically,3
evolving,3
sahara,3
principal,3
racial,3
el,3
contents,3
ad,3
amsterdam,3
geziras,3
egyp,3
barry,3
reflecting,3
genetic,3
along,3
behavior,3
diversity,3
labor,3
centralized,3
domesticated,3
comments,3
cemeteries,3
relationships,3
analyzing,3
aus,3
reflection,3
relatively,3
application,3
pig,3
assessment,3
century,3
estimates,3
back,3
body,3
response,3
wares,3
myth,3
compared,3
storage,3
walls,3
wiesbaden,3
ably,3
systematized,3
developed,3
unit,3
notion,3
process,3
subsistence,3
mean,3
elaborate,3
mation,3
support,3
reason,3
recherches,3
unclear,3
organized,3
climate,3
reviewed,3
four,3
efficient,3
dakhla,3
fruhen,3
dc,3
problem,3
pharaoh,3
scientifically,3
traditionally,3
explanatory,3
changed,3
events,3
amer,3
ican,3
butzer,3
fourth,3
institute,3
burial,3
explain,3
levant,3
none,3
inferred,3
heavily,3
records,3
nach,3
documented,3
func,3
trends,3
solution,3
field,3
contrast,3
stimulated,3
quite,3
involved,3
prob,3
characteristics,3
smithsonian,3
highly,3
walled,3
presence,3
manchester,3
ezbet,3
cattle,3
using,3
estates,3
settle,3
activities,3
appeal,3
critical,3
units,3
populations,3
unification,3
comparative,3
expansion,3
formative,3
inhabited,3
single,3
once,3
light,3
complete,3
rectangular,3
projects,3
demographic,3
ceramic,3
idea,3
appeared,3
documents,3
anthro,3
classical,3
substantially,3
distributions,3
anthropologist,3
geography,3
lehner,3
considers,3
empire,3
necessary,3
material,3
real,3
perhaps,3
degree,3
tilley,3
rulers,3
entirely,3
assume,3
congress,3
sequence,3
ties,3
clear,3
kroeper,3
three,3
modem,3
interpret,3
architectural,3
function,3
uni,3
stages,3
exchange,3
internal,3
relation,3
mainly,3
analyze,3
institution,3
develop,3
palette,3
relationship,3
five,3
often,3
arts,3
quantitative,3
classification,3
share,3
contained,3
comes,3
homogeneity,3
complexes,3
ever,3
soil,3
temple,3
organizational,3
know,3
variable,3
capital,3
then,3
distinctive,3
destroyed,3
evident,3
phd,3
bureaucratic,3
buhen,3
entire,3
measure,3
dakhleh,3
reconstruct,3
elephantine,3
copper,3
aspect,3
question,3
quest,3
newsletter,3
rhein,3
constructed,3
developmental,3
smaller,3
shift,3
supported,3
west,3
element,3
dental,3
technological,3
meeting,3
ca,3
close,3
premise,2
difficult,2
compares,2
trast,2
institut,2
export,2
created,2
soci,2
foraging,2
distributed,2
expect,2
trash,2
replaced,2
partially,2
kinds,2
ma,2
ways,2
postprocessual,2
kobusie,2
loca,2
organic,2
title,2
inequality,2
tells,2
entwicklung,2
bp,2
something,2
bard,2
source,2
controlled,2
intentions,2
northward,2
test,2
either,2
barriers,2
alent,2
archae,2
fund,2
taken,2
attempt,2
layout,2
possibilities,2
principles,2
tradition,2
sedimentation,2
suggesting,2
thank,2
able,2
link,2
dom,2
feature,2
integrate,2
basins,2
written,2
illus,2
primitive,2
ary,2
papers,2
inquiry,2
issue,2
occasional,2
plain,2
recorded,2
iv,2
design,2
futile,2
marked,2
ered,2
reaching,2
taxation,2
copenhagen,2
obvious,2
except,2
prolonged,2
relate,2
apply,2
objective,2
tionally,2
sand,2
sign,2
stress,2
mid,2
cities,2
throughout,2
explained,2
representations,2
decorated,2
trated,2
millennium,2
divine,2
exam,2
raises,2
price,2
adams,2
expected,2
comprised,2
z,2
kind,2
dis,2
rank,2
interim,2
meso,2
document,2
vom,2
concerning,2
malibu,2
truly,2
farmers,2
memoir,2
deeply,2
ginter,2
rates,2
ment,2
higher,2
failed,2
mesolithic,2
interesting,2
whose,2
plotted,2
costs,2
transformations,2
rather,2
statements,2
debated,2
love,2
square,2
agyptischer,2
culminating,2
archaeolog,2
shamar,2
floodplain,2
pal,2
productive,2
animals,2
space,2
lennium,2
favor,2
nor,2
occu,2
possibly,2
occupational,2
statistical,2
sim,2
numbers,2
impact,2
house,2
indications,2
comparisons,2
comprising,2
cost,2
painted,2
pology,2
encom,2
flow,2
merimde,2
mon,2
satisfy,2
irrigation,2
expressed,2
standards,2
wesemael,2
lead,2
houses,2
faunal,2
gods,2
struc,2
lived,2
diet,2
extinct,2
radiometric,2
inter,2
evaluate,2
understood,2
briefly,2
versity,2
applied,2
exca,2
placed,2
highest,2
having,2
siedlungen,2
network,2
literature,2
formerly,2
intense,2
tempel,2
heart,2
future,2
brought,2
example,2
related,2
stores,2
wittfogel,2
whole,2
year,2
intermediate,2
obscured,2
hammamat,2
contains,2
beginnings,2
expansionist,2
forces,2
hydraulic,2
craftsmen,2
interpreted,2
own,2
towards,2
washing,2
enclosures,2
politically,2
watertable,2
excavation,2
claim,2
around,2
complexly,2
ill,2
psychological,2
zwischenzeit,2
essentially,2
methodological,2
dem,2
fekri,2
productivity,2
appropriate,2
rest,2
massive,2
geographical,2
led,2
ana,2
approximate,2
matter,2
attempts,2
variety,2
archaeo,2
tively,2
mark,2
amratian,2
short,2
located,2
saqqara,2
gerzean,2
limited,2
harris,2
constraints,2
expenditures,2
says,2
studien,2
strategic,2
positive,2
dynasties,2
biological,2
agyptische,2
frank,2
forts,2
competition,2
indus,2
sider,2
marshes,2
herodotus,2
thought,2
restricted,2
qasr,2
yum,2
broad,2
largest,2
two,2
pepy,2
causality,2
foucault,2
evolve,2
lavish,2
mound,2
dilemma,2
stream,2
freedom,2
analytical,2
locational,2
valid,2
regions,2
proposal,2
attempting,2
layer,2
farming,2
remain,2
doubt,2
variation,2
melanges,2
functionally,2
man,2
observes,2
external,2
adjacent,2
covered,2
en,2
systematic,2
existing,2
kaiser,2
fay,2
locations,2
ecology,2
remained,2
kian,2
empirically,2
behaviors,2
situated,2
vast,2
divided,2
disease,2
considering,2
lands,2
easier,2
width,2
values,2
detailed,2
crafts,2
epigraphic,2
societal,2
moens,2
archaologie,2
food,2
hypotheses,2
station,2
factor,2
harvard,2
actual,2
tual,2
raising,2
previous,2
theories,2
synthetic,2
discontinuities,2
friedman,2
oriental,2
taxonomic,2
held,2
spread,2
warsaw,2
skulls,2
statistically,2
black,2
provides,2
repeated,2
effect,2
differ,2
forefront,2
connections,2
nasr,2
tians,2
mil,2
la,2
brown,2
tempo,2
krzy,2
continued,2
figure,2
crucial,2
slow,2
palestinian,2
surveys,2
began,2
philosophy,2
contribution,2
sequences,2
transformation,2
rapidly,2
nomarchs,2
settled,2
existed,2
fall,2
hope,2
antiquities,2
kings,2
composed,2
extremely,2
british,2
consid,2
mounds,2
interpretive,2
mud,2
thick,2
cam,2
randglossen,2
definitive,2
circumscribed,2
differentiated,2
stratigraphic,2
eventually,2
equiv,2
intensification,2
skeleton,2
extensive,2
geographic,2
precise,2
beitrag,2
lyze,2
narrowly,2
offers,2
alternative,2
set,2
auger,2
munich,2
school,2
defining,2
berkeley,2
intellectual,2
ronmental,2
expanding,2
sizes,2
believe,2
vari,2
best,2
down,2
brick,2
wall,2
berry,2
domestic,2
exhibits,2
crania,2
nouvelles,2
infer,2
goods,2
sought,2
wood,2
disputes,2
type,2
alluvial,2
following,2
animal,2
beginning,2
whether,2
references,2
particular,2
character,2
nearby,2
dallas,2
contrasting,2
fayum,2
thousands,2
dark,2
textual,2
imperial,2
orientations,2
information,2
contain,2
nubian,2
nj,2
boston,2
paintings,2
introduced,2
tine,2
kozlowski,2
role,2
devel,2
focal,2
transition,2
domesticates,2
discussion,2
au,2
think,2
tions,2
petrie,2
agyptischen,2
lithic,2
sediments,2
average,2
twentieth,2
numerous,2
accept,2
course,2
contributed,2
specialists,2
heartland,2
arti,2
centrality,2
bakr,2
oldest,2
measured,2
archaic,2
francais,2
each,2
specific,2
measurable,2
assumed,2
sudanese,2
umm,2
themselves,2
rejection,2
lake,2
era,2
create,2
exclusively,2
documentary,2
given,2
interaction,2
comparable,2
tures,2
observed,2
should,2
final,1
resolve,1
bedeutung,1
surroundings,1
dung,1
cradle,1
chart,1
margins,1
archives,1
absoluten,1
siedlung,1
interpre,1
transportation,1
books,1
mostly,1
done,1
revisionist,1
struggle,1
personally,1
deny,1
accomplish,1
neutral,1
limits,1
nostrand,1
edge,1
common,1
estimated,1
pyne,1
fortified,1
fertile,1
concerned,1
estate,1
implying,1
rev,1
bericht,1
names,1
negroid,1
suc,1
vienna,1
usheikh,1
louis,1
sebaieh,1
migrated,1
judging,1
admin,1
everyone,1
market,1
extreme,1
shrines,1
positivist,1
episodes,1
resulted,1
dokumente,1
legitimate,1
meth,1
red,1
staggering,1
utive,1
quent,1
hoff,1
branches,1
lagada,1
enclosing,1
spurred,1
introduction,1
utility,1
antiquites,1
evans,1
forth,1
beveled,1
legitimization,1
rected,1
becoming,1
larly,1
developmentally,1
eroded,1
stadte,1
abusiro,1
watercourses,1
chi,1
susiana,1
putative,1
gebelein,1
barracks,1
tend,1
reflections,1
graberfelder,1
formed,1
pales,1
confines,1
constitutes,1
polarities,1
alluviation,1
approaches,1
mals,1
inaccuracy,1
sudden,1
mit,1
seriation,1
intimi,1
discounts,1
isolationist,1
grove,1
descriptive,1
acceptance,1
trace,1
mittleren,1
orchestrating,1
fixed,1
necessarily,1
emphasize,1
presents,1
charitable,1
invent,1
variants,1
individually,1
ethnoarchaeological,1
dig,1
uses,1
service,1
oughly,1
newbury,1
arguing,1
revision,1
nonetheless,1
abadiyeh,1
lib,1
absence,1
princeton,1
reich,1
cultivable,1
contact,1
themes,1
protecting,1
experience,1
fluctuations,1
vocab,1
aw,1
being,1
fabric,1
attribute,1
envi,1
gizafca,1
gravity,1
else,1
socioeconomically,1
lightly,1
sources,1
diluted,1
ecolog,1
mosaics,1
beautifully,1
roman,1
uals,1
discovers,1
inconceivable,1
agypten,1
implications,1
give,1
proud,1
assign,1
dition,1
culturally,1
vols,1
asso,1
astronomical,1
generated,1
nome,1
lumber,1
worked,1
equally,1
beautiful,1
emerged,1
advanced,1
england,1
bloomington,1
transmission,1
strip,1
nastic,1
privately,1
comparatively,1
affinities,1
europe,1
crops,1
packed,1
supposition,1
accommodate,1
broadly,1
logiczne,1
together,1
accompanied,1
friihen,1
undertake,1
humanities,1
messawiahl,1
compounds,1
timing,1
rich,1
narrative,1
carrying,1
senses,1
rule,1
studied,1
inherent,1
funer,1
aby,1
farther,1
selves,1
hundred,1
reveal,1
dur,1
mississippi,1
composition,1
room,1
sturdily,1
products,1
immortal,1
hisn,1
help,1
pnaga,1
preem,1
achieved,1
ect,1
discrepancy,1
harmondsworth,1
effi,1
swamps,1
seri,1
separated,1
skull,1
mind,1
greatly,1
precisely,1
influences,1
chiefdoms,1
marine,1
situ,1
robert,1
derrida,1
opposite,1
papyrus,1
discipline,1
ambiguous,1
signs,1
polit,1
techniques,1
corporation,1
insti,1
designs,1
similarities,1
kingdoms,1
magazines,1
wetter,1
strictly,1
underwent,1
depending,1
suspect,1
zeitschrift,1
dr,1
verlag,1
thatch,1
okologischen,1
tie,1
estinian,1
gious,1
assertions,1
key,1
play,1
archaeologischen,1
bermerkungen,1
beni,1
mass,1
naq,1
draw,1
right,1
motivating,1
paleogeography,1
sensitivities,1
account,1
inverse,1
radiocar,1
prior,1
determined,1
editions,1
associ,1
quality,1
studi,1
etc,1
faiyum,1
solely,1
october,1
opment,1
bibliography,1
ernmental,1
vital,1
stenberg,1
measuring,1
fine,1
hair,1
stratigraphy,1
combination,1
ations,1
x,1
rela,1
ide,1
vated,1
classifications,1
laws,1
realistic,1
bottom,1
compo,1
geomorphological,1
reconstruction,1
increase,1
interact,1
ritual,1
schif,1
beneath,1
palermo,1
holozdn,1
keramik,1
framework,1
misdirected,1
whal,1
otherwise,1
regarding,1
cannibals,1
decon,1
multidimensional,1
collapse,1
relocation,1
dependence,1
lahun,1
disorder,1
southwestern,1
accuracy,1
eventual,1
component,1
facts,1
difficulties,1
lithischen,1
utopian,1
facil,1
reject,1
intractable,1
interrelations,1
illustrates,1
wad,1
due,1
health,1
against,1
spurt,1
distinguishing,1
deltakulturen,1
tables,1
bei,1
sediment,1
unpublished,1
erable,1
uppermost,1
kathryn,1
sharp,1
heterogeneity,1
consumer,1
untersuchungen,1
conducted,1
cf,1
jr,1
expeditions,1
adduced,1
proximate,1
pay,1
schulman,1
enlarges,1
topic,1
barrier,1
term,1
busir,1
philosphical,1
affairs,1
interprets,1
kleinfunden,1
transitional,1
henneberg,1
explo,1
intramural,1
cases,1
unsatisfactory,1
pretensions,1
ct,1
ation,1
sycamore,1
problemen,1
etnologia,1
rejec,1
handbuch,1
ern,1
amount,1
editing,1
columbia,1
absteilung,1
extraordinary,1
served,1
wholly,1
suitable,1
bone,1
demic,1
effective,1
reoccupation,1
estimate,1
dation,1
ger,1
denkschr,1
find,1
sci,1
cal,1
arab,1
drawn,1
multifaceted,1
ny,1
percentage,1
stimulating,1
look,1
redi,1
mainlines,1
libyan,1
ada,1
reverberated,1
aca,1
marx,1
arises,1
sition,1
rindes,1
hierakonpolinxaq,1
postprocessualists,1
influence,1
stanley,1
conceptually,1
poorly,1
celebrating,1
gerzeaa,1
chronicle,1
jean,1
phases,1
jungian,1
shying,1
vintage,1
lian,1
assessed,1
flinching,1
opposed,1
via,1
fitz,1
frandsen,1
slowed,1
philadelphia,1
wavy,1
zagazig,1
essential,1
reflects,1
ysis,1
orientale,1
peaceful,1
predicted,1
wendorf,1
agyptens,1
reviews,1
links,1
bring,1
principally,1
aimed,1
matmar,1
tarifian,1
datable,1
centered,1
generations,1
lavishness,1
farrago,1
amenemhet,1
influenced,1
illustration,1
vators,1
forced,1
entrepots,1
organizing,1
funeraires,1
afterwards,1
evaluation,1
var,1
mediate,1
preparing,1
patronage,1
coastal,1
icisms,1
tinuous,1
excellent,1
poses,1
environments,1
deliberately,1
mechanics,1
goes,1
taller,1
curvilinear,1
determining,1
edwin,1
proportion,1
keep,1
batrawi,1
annales,1
connected,1
ex,1
legendary,1
millions,1
certain,1
connec,1
nonurban,1
oases,1
ciated,1
makes,1
special,1
seasonality,1
illustrations,1
standard,1
lay,1
burials,1
govern,1
discoveries,1
conifers,1
consequences,1
paleolithic,1
omies,1
ostlichen,1
supposed,1
constitute,1
gous,1
exceptional,1
neolithische,1
send,1
nities,1
remarks,1
vorgeschichte,1
chaico,1
perceptions,1
trasting,1
universitat,1
facilitated,1
vastly,1
guities,1
require,1
altagyptiaschen,1
familiar,1
specialization,1
workmen,1
reshaping,1
dated,1
branch,1
fish,1
founda,1
vivid,1
proved,1
typifies,1
passed,1
assumption,1
traces,1
gradually,1
mary,1
bruce,1
hierarchically,1
epipaleolithic,1
bemal,1
decide,1
calendar,1
margin,1
suspend,1
saharan,1
converting,1
commonly,1
favored,1
operate,1
exploited,1
resource,1
argu,1
surface,1
connecting,1
overseer,1
wydawnictwo,1
defines,1
generally,1
modeled,1
represent,1
ghattati,1
boundary,1
necropolis,1
exploitation,1
mix,1
archeological,1
plenum,1
permanent,1
answers,1
subsidiary,1
engulfing,1
shifted,1
pious,1
dominant,1
tamia,1
bos,1
etude,1
providing,1
management,1
drawing,1
trying,1
staatliche,1
ghassu,1
commanded,1
artistic,1
konigliche,1
bureaucracy,1
causation,1
union,1
angela,1
whereas,1
moving,1
archaolo,1
came,1
chronologie,1
identifying,1
priori,1
invidiously,1
concentration,1
questioned,1
habits,1
tra,1
sei,1
marshlike,1
tem,1
restrict,1
africans,1
conflict,1
opposing,1
acknowledgments,1
entered,1
chipped,1
called,1
joy,1
typical,1
nildelta,1
inappropriate,1
treatments,1
taining,1
gesamtakad,1
kubbaniya,1
relating,1
effort,1
scenes,1
radio,1
rooms,1
curiosity,1
pass,1
primacy,1
requirements,1
mudbricks,1
transfor,1
zone,1
siedlungsfunde,1
seriations,1
principautes,1
str,1
calibrated,1
ogy,1
efforts,1
representative,1
drab,1
embedded,1
eliminates,1
akademie,1
ranking,1
topics,1
artefact,1
fascinated,1
occupation,1
vegyptologie,1
chinese,1
equal,1
shifting,1
nobles,1
third,1
uk,1
niched,1
circular,1
nether,1
pursued,1
analyzable,1
zawyet,1
treat,1
tools,1
uniwersytet,1
boyd,1
intensity,1
meet,1
modest,1
altdgyp,1
ious,1
timai,1
grounds,1
wealth,1
kalibrierten,1
urbaines,1
potiers,1
pork,1
perform,1
refuge,1
zibel,1
absolute,1
required,1
plexes,1
acteristics,1
ods,1
paleopathology,1
expressions,1
proj,1
huge,1
mummies,1
expensive,1
improve,1
char,1
exert,1
fertilizing,1
pigs,1
altertumskunde,1
weight,1
hierarchies,1
cise,1
cessors,1
trial,1
marsh,1
line,1
unexcavated,1
belonging,1
planning,1
residents,1
received,1
geyh,1
tops,1
evo,1
translate,1
generative,1
salama,1
decisions,1
conse,1
imagined,1
reader,1
concept,1
dominance,1
borings,1
sry,1
juveniles,1
knowledge,1
reduction,1
decorate,1
distributaries,1
positions,1
description,1
periodicity,1
bowl,1
geology,1
ple,1
incremental,1
childe,1
leek,1
continuation,1
realm,1
sta,1
diffusion,1
describe,1
universe,1
fairly,1
fail,1
place,1
millet,1
northwest,1
digla,1
editorial,1
exceed,1
inherited,1
demonstrates,1
macy,1
climatic,1
densely,1
hardly,1
whims,1
winter,1
demon,1
romaine,1
rituals,1
warns,1
algiers,1
archdol,1
millenium,1
correlate,1
cubic,1
ously,1
formations,1
il,1
compact,1
chang,1
participate,1
entails,1
predominance,1
project,1
mccorriston,1
expand,1
status,1
visions,1
enthusiastic,1
analo,1
vorderasien,1
lithics,1
attributed,1
sprache,1
narm,1
citing,1
particulars,1
subtle,1
superbly,1
expended,1
causal,1
good,1
published,1
optimal,1
infallible,1
closing,1
multilinear,1
ratios,1
fied,1
indicator,1
successful,1
kultur,1
societes,1
wiss,1
sweep,1
uninterrupted,1
discerns,1
crit,1
adherents,1
recast,1
things,1
straight,1
indicators,1
semitic,1
applicability,1
warrant,1
theater,1
consolidation,1
rutgers,1
owned,1
perspektiven,1
ological,1
titles,1
event,1
unimpressed,1
encompasses,1
intervals,1
contingency,1
demotion,1
habitation,1
eco,1
pyra,1
sufficient,1
shapes,1
tixier,1
multiple,1
klasse,1
bridge,1
starting,1
depression,1
industry,1
breaking,1
diospolis,1
daten,1
ancestors,1
texas,1
latest,1
oklahoma,1
villages,1
sculptures,1
differing,1
potent,1
basta,1
yielded,1
foundly,1
core,1
figura,1
goe,1
always,1
afroasiatic,1
tary,1
patience,1
richness,1
tesaid,1
jordan,1
st,1
paralleling,1
emery,1
proper,1
konpolis,1
warszawski,1
guksch,1
roots,1
cycle,1
away,1
structured,1
beauty,1
diminished,1
value,1
grateful,1
displaced,1
americanist,1
ulary,1
institu,1
impor,1
syro,1
roxie,1
commemorates,1
predynastique,1
transforming,1
chronological,1
haas,1
span,1
herrschaftsformen,1
nonethe,1
predy,1
therefore,1
oriente,1
processual,1
poland,1
fa,1
timeless,1
likely,1
dlmayer,1
prolegomena,1
chains,1
ceremonial,1
minor,1
equality,1
observations,1
libya,1
chronometry,1
commu,1
autonomously,1
implicitly,1
sudausdehnung,1
chronique,1
osterreich,1
action,1
schmidt,1
doctoral,1
archaologischen,1
incentives,1
gradual,1
motivations,1
peo,1
modes,1
intended,1
grabung,1
offerts,1
investments,1
merits,1
giseh,1
nearly,1
interdependence,1
reorganization,1
warminster,1
jewelry,1
needlessly,1
hamroush,1
reduce,1
willem,1
dwellings,1
make,1
expanded,1
surviving,1
oasiso,1
interactions,1
ice,1
dramati,1
standing,1
blending,1
initially,1
tischen,1
collapsed,1
potamian,1
dle,1
noms,1
legitimized,1
seemingly,1
suppose,1
convoluted,1
thereby,1
direction,1
selection,1
phys,1
exceeded,1
preliterate,1
southeast,1
vie,1
powerfully,1
postulate,1
boessneck,1
tuary,1
metric,1
calculate,1
kafre,1
baden,1
horus,1
pivotal,1
verbalization,1
asiatic,1
relied,1
elaboration,1
gress,1
incipient,1
q,1
reference,1
fit,1
tremendous,1
happened,1
older,1
acted,1
anonymous,1
serve,1
exactly,1
soon,1
counterparts,1
challenged,1
remnant,1
friihzeit,1
signaling,1
arguments,1
omari,1
semisubterranean,1
tax,1
home,1
ams,1
publishing,1
assistance,1
shock,1
barocas,1
memoires,1
gov,1
technoenvi,1
cahiers,1
skin,1
baltimore,1
locality,1
wright,1
partly,1
einige,1
insights,1
illustrated,1
badarian,1
jaarbericht,1
toronto,1
allows,1
spaten,1
bar,1
rome,1
herausbildung,1
stones,1
picture,1
skeletons,1
declining,1
inference,1
administrators,1
lack,1
methodol,1
dire,1
organizations,1
macehead,1
funerary,1
pological,1
nees,1
klug,1
flanked,1
heritage,1
comparison,1
metaphysical,1
readjustment,1
relatedness,1
height,1
colloques,1
tlements,1
death,1
pointed,1
similarly,1
coutellier,1
thereafter,1
instabilities,1
experienced,1
inence,1
water,1
thor,1
qara,1
naive,1
longer,1
zeist,1
larsa,1
treatment,1
onore,1
underestimated,1
stimulus,1
blocks,1
assess,1
carbonized,1
pressure,1
texten,1
gested,1
creative,1
agree,1
match,1
disser,1
striking,1
euphrates,1
shire,1
viii,1
inevitably,1
children,1
whallon,1
downwards,1
diverse,1
nucleated,1
sedimentology,1
urbanized,1
prospects,1
personality,1
pennsylvania,1
discussed,1
awlad,1
conferred,1
producer,1
typological,1
bility,1
honor,1
foreseeable,1
gypsum,1
mor,1
conclusions,1
charac,1
hand,1
paris,1
epigenetic,1
present,1
centre,1
increases,1
ur,1
landscape,1
secular,1
reisner,1
developing,1
orderly,1
purposes,1
equate,1
accepted,1
funde,1
badari,1
pations,1
recherce,1
ubergang,1
axes,1
ultimately,1
answer,1
inhospitable,1
confrontation,1
cesses,1
council,1
prophezeiung,1
containers,1
ltnstitut,1
onj,1
cir,1
disparity,1
agencies,1
focusing,1
deep,1
terns,1
hiera,1
incursions,1
perceives,1
dgyptische,1
intensify,1
seminar,1
reductionistic,1
redistrib,1
reconstructing,1
metropolitan,1
begun,1
owasco,1
wydzial,1
assault,1
frequency,1
flint,1
ignoring,1
lid,1
cul,1
distance,1
circumscription,1
style,1
assemblage,1
gives,1
anarchic,1
shifts,1
revenues,1
manoeuvre,1
eiwanger,1
encountered,1
remarkably,1
ekhs,1
outgrowth,1
thoroughly,1
vrl,1
mcguire,1
complemen,1
zooarchaeological,1
violent,1
varia,1
fight,1
verified,1
another,1
imagine,1
original,1
archi,1
disappearance,1
fundamentally,1
crown,1
classes,1
private,1
papyrologie,1
technologies,1
carneiro,1
extended,1
averaged,1
spective,1
indiana,1
examples,1
birth,1
anal,1
comprise,1
assemblages,1
discovery,1
disposal,1
craniodental,1
formulation,1
maritime,1
outwards,1
socioeco,1
logs,1
scaled,1
interfere,1
delicate,1
atheoretical,1
coffin,1
vegetated,1
tanarchie,1
underlying,1
amuq,1
medium,1
prioritaires,1
minds,1
concern,1
top,1
prospection,1
controlling,1
cranial,1
brewer,1
looting,1
persisted,1
operated,1
transactions,1
robinson,1
causes,1
exhibited,1
trend,1
nothing,1
continue,1
sible,1
laboratory,1
diagnosed,1
acacia,1
full,1
pational,1
eight,1
california,1
obliterated,1
involves,1
vii,1
charge,1
kilometer,1
rejected,1
cago,1
jericho,1
meanings,1
quotation,1
tempos,1
directed,1
grew,1
mode,1
peripheral,1
publication,1
urbanism,1
agreement,1
sustain,1
panstwowe,1
ilar,1
norwe,1
urge,1
amounts,1
multifactor,1
watered,1
khufu,1
defense,1
symposium,1
david,1
controversies,1
blend,1
allowed,1
variant,1
collaboration,1
pos,1
huts,1
plant,1
remark,1
unsatisfying,1
lems,1
features,1
cally,1
played,1
serves,1
grabungsberich,1
maximize,1
lie,1
loeb,1
stimulation,1
earlier,1
diversion,1
epoch,1
hierarchical,1
straightforward,1
preservation,1
fred,1
levantine,1
martin,1
individ,1
construct,1
jahrtausend,1
inscribed,1
woodworking,1
class,1
ture,1
agriculturalists,1
agri,1
roofs,1
natrun,1
bestand,1
comparing,1
somehow,1
floral,1
promote,1
qualities,1
eyes,1
biosocial,1
arise,1
juncture,1
reads,1
sensible,1
homogenization,1
gence,1
reli,1
categorize,1
sacred,1
hyperparathyroidism,1
excluded,1
hi,1
hunters,1
priests,1
raised,1
sous,1
sug,1
slightly,1
altagyptische,1
ogischen,1
universita,1
figures,1
tendency,1
destruction,1
nomic,1
quarterly,1
conveyed,1
sur,1
hawass,1
greek,1
hague,1
secret,1
hopeless,1
imperialist,1
applies,1
sented,1
tierknochenfunde,1
anatomy,1
presumed,1
dietary,1
ammerman,1
culmination,1
farm,1
primate,1
convinc,1
cereal,1
lumsden,1
iran,1
groupings,1
sidmantv,1
entail,1
imply,1
me,1
typologie,1
ology,1
belonged,1
note,1
ateliers,1
wese,1
inhabitants,1
segments,1
assert,1
sometimes,1
usually,1
duweir,1
agonizing,1
kafr,1
impressive,1
kufur,1
cnrs,1
bound,1
fear,1
reasonable,1
reestablishment,1
ine,1
lines,1
florescence,1
schlager,1
ordinary,1
attempted,1
transformed,1
tive,1
deposit,1
strongly,1
protodynastic,1
yale,1
imperialism,1
arid,1
vegypte,1
basel,1
dicke,1
bedminster,1
iconographic,1
paradoxical,1
try,1
discourse,1
volumes,1
rectangles,1
bioanthropology,1
efficiency,1
plex,1
jeremiad,1
qarunian,1
populace,1
bon,1
kasr,1
rebutted,1
stratified,1
roma,1
fields,1
tepipaleolithique,1
sympathy,1
variabil,1
payn,1
rim,1
typology,1
dent,1
administering,1
kilometres,1
heterogenity,1
resemble,1
ities,1
seat,1
stable,1
biology,1
dynasts,1
detail,1
burned,1
hasten,1
dissertation,1
sections,1
vorgeschichtlichen,1
ration,1
wies,1
biased,1
epistemologies,1
aris,1
categorizations,1
preface,1
naples,1
series,1
conclusion,1
colonists,1
humane,1
loaves,1
incorporated,1
ultimate,1
ethnoarchaeology,1
funeraire,1
poles,1
morphometrics,1
hypothesized,1
enumerates,1
legiti,1
demarcation,1
word,1
continues,1
symbolic,1
dubious,1
satisfactory,1
prefaced,1
mesopo,1
separately,1
marshy,1
tified,1
explicate,1
funding,1
dun,1
earle,1
cov,1
jemdet,1
oberagyptens,1
command,1
gian,1
quaternary,1
satellite,1
labeling,1
quickly,1
reiches,1
persisting,1
dimension,1
coefficient,1
stadt,1
tj,1
rainfall,1
tributions,1
descent,1
country,1
museum,1
cm,1
parable,1
augerings,1
specialized,1
neglected,1
ratio,1
inclined,1
setting,1
strated,1
fabrication,1
unknown,1
ft,1
byzan,1
equivocal,1
unenthusiastic,1
etal,1
half,1
gischen,1
civic,1
moeris,1
gehenden,1
vase,1
post,1
degenerates,1
expresses,1
impossible,1
cognitive,1
lagoons,1
indisputably,1
lexikon,1
pit,1
differed,1
cular,1
particu,1
explana,1
archeo,1
rural,1
works,1
impressively,1
klaus,1
structed,1
ideally,1
pri,1
demisk,1
stralen,1
einem,1
stature,1
william,1
mycerinus,1
wit,1
commodity,1
unlikely,1
inconclusive,1
histomorphometry,1
grundrisse,1
answered,1
capita,1
gams,1
discharge,1
tle,1
spatial,1
qattara,1
rose,1
means,1
kobu,1
selected,1
making,1
rebellion,1
coast,1
ubaid,1
want,1
supports,1
revere,1
temperatures,1
amal,1
relocations,1
add,1
mahasna,1
seasonal,1
artifactual,1
map,1
mere,1
prehensive,1
shall,1
tightly,1
ersten,1
inscriptions,1
kub,1
insightful,1
densities,1
useful,1
tute,1
while,1
egypte,1
foundations,1
correlates,1
periphery,1
perch,1
ibada,1
migrations,1
produce,1
eolian,1
u,1
minimal,1
don,1
discriminant,1
chester,1
turin,1
replacement,1
beziehungen,1
port,1
categories,1
travel,1
asians,1
temps,1
nonhierarchical,1
conference,1
maspero,1
craftsmanship,1
clayey,1
alterations,1
bahariya,1
trivial,1
reichische,1
eloquently,1
himalayas,1
edwards,1
disparate,1
lisht,1
uniform,1
city,1
farmland,1
oester,1
initiate,1
econ,1
convinced,1
tried,1
libyenne,1
demonstrate,1
lies,1
step,1
geophysics,1
went,1
conventional,1
gesellschaftliche,1
pleistozan,1
catfish,1
ranks,1
colonial,1
exceptionally,1
nanette,1
isolated,1
writing,1
ceramique,1
ein,1
varied,1
terminal,1
contrasts,1
domaines,1
named,1
sanctioned,1
understandings,1
aka,1
survival,1
recording,1
commercial,1
ani,1
differentiation,1
lists,1
background,1
difference,1
mentalities,1
interested,1
frontiers,1
generate,1
treated,1
naqadian,1
predispositions,1
epochs,1
cobblestone,1
invents,1
copies,1
finding,1
leone,1
zum,1
temperature,1
agyptologie,1
washington,1
rizkana,1
nfr,1
yahudiya,1
weisbaden,1
emer,1
konventionellen,1
tancien,1
equids,1
approximately,1
instead,1
gravel,1
okonomische,1
integrated,1
tardive,1
quibell,1
dendrochronology,1
progradational,1
consumption,1
manufacture,1
unified,1
product,1
scalar,1
involving,1
attributes,1
nazlet,1
prehistoriques,1
prospect,1
contamination,1
defined,1
derive,1
leiden,1
inhab,1
enclosure,1
effec,1
orga,1
campaign,1
ships,1
roughly,1
sides,1
enclosed,1
doubtless,1
wirtschaftliche,1
frontier,1
needs,1
tations,1
thousand,1
hydraulics,1
lux,1
ated,1
ausbildung,1
materialism,1
ser,1
km,1
shrank,1
uninterpretable,1
weber,1
thing,1
akad,1
johnson,1
vary,1
communi,1
cook,1
reached,1
irrelevant,1
hildesheim,1
sharing,1
pool,1
norman,1
vis,1
views,1
maximum,1
import,1
plexity,1
evi,1
arose,1
pat,1
abandoned,1
duction,1
mature,1
seek,1
dos,1
successive,1
ambi,1
tus,1
race,1
vividly,1
row,1
looking,1
eties,1
continuously,1
thorough,1
