WORDCOUNTS,WEIGHT
of,70
the,68
and,38
for,25
usa,25
to,22
in,21
new,19
journal,19
university,16
or,15
is,13
prehistory,13
a,13
world,13
copyright,12
ccc,8
clearance,8
at,7
publishing,7
by,7
that,7
plenum,7
this,7
you,7
consent,6
subscription,6
volume,6
advertising,6
article,6
be,6
an,6
per,5
center,5
not,5
with,5
all,5
j,5
number,5
spring,5
copying,5
corporation,4
other,4
copy,4
contents,4
ny,4
need,4
on,4
state,4
should,4
south,3
humanities,3
without,3
southern,3
payment,3
united,3
paleolithic,3
addressed,3
from,3
w,3
additional,3
law,3
address,3
reporting,3
methodist,3
s,3
john,3
kingdom,3
your,3
eastern,3
photo,3
congress,3
photocopy,3
use,3
personal,3
such,3
copies,3
peter,3
general,3
internal,3
smithsonian,3
massachusetts,3
libraries,3
inquiries,3
may,2
will,2
media,2
it,2
does,2
page,2
service,2
promotional,2
certifying,2
geobase,2
e,2
yale,2
indicates,2
connecticut,2
requests,2
subscribers,2
publisher,2
registered,2
reprinting,2
their,2
complex,2
one,2
kinds,2
as,2
ing,2
send,2
publica,2
arts,2
susan,2
us,2
sections,2
any,2
po,2
sales,2
upper,2
fax,2
prehistoric,2
first,2
t,2
australia,2
fill,2
street,2
text,2
more,2
m,2
flat,2
appearance,2
current,2
users,2
orders,2
i,2
fields,2
excerpts,2
copier,2
daniel,2
geo,2
clearinghouse,2
explicitly,2
weston,2
directly,2
line,2
condition,2
permitted,2
abstracts,2
made,2
richard,2
code,2
individual,2
reserve,2
bottom,2
its,2
citation,2
collective,2
tions,2
development,2
indexed,2
have,2
publication,2
published,2
creating,2
register,2
price,2
d,2
zip,2
pay,2
greens,2
box,2
archaeology,2
nor,2
transactional,2
nonprofit,2
fees,2
research,2
australian,2
c,2
early,2
given,2
abstracted,2
quarterly,2
fee,2
industries,1
van,1
offices,1
now,1
poland,1
syntheses,1
york,1
anikovich,1
whose,1
request,1
perspectives,1
russian,1
polish,1
melvin,1
way,1
provide,1
science,1
if,1
bureaucrats,1
anthony,1
l,1
stop,1
telephone,1
fear,1
iowa,1
extend,1
forward,1
order,1
tropical,1
rimute,1
flexible,1
khol,1
ex,1
b,1
littoral,1
easily,1
studies,1
moore,1
k,1
keech,1
itemized,1
tend,1
limpopo,1
sander,1
about,1
space,1
siberia,1
h,1
describe,1
katherine,1
coverage,1
articles,1
changes,1
cor,1
many,1
earliest,1
stable,1
deccan,1
organization,1
western,1
river,1
india,1
peasants,1
emergence,1
jemdet,1
korea,1
complete,1
takeru,1
legally,1
days,1
n,1
bruce,1
northeastern,1
source,1
changing,1
nearshore,1
vasil,1
age,1
beltrao,1
department,1
reports,1
simply,1
only,1
archaeologists,1
social,1
laricheva,1
please,1
distributes,1
schoeninger,1
photocopying,1
temple,1
june,1
name,1
permis,1
gerardo,1
neolithic,1
der,1
fitzwilliam,1
faxed,1
postage,1
again,1
academy,1
each,1
country,1
garth,1
par,1
klaus,1
december,1
board,1
europe,1
capital,1
scholars,1
found,1
printed,1
contu,1
ichthyological,1
returns,1
teachers,1
iii,1
time,1
larger,1
salem,1
international,1
fishing,1
archaologisches,1
conceicao,1
infringement,1
pollock,1
fashion,1
accepts,1
synthesize,1
just,1
anne,1
works,1
advances,1
late,1
never,1
written,1
date,1
do,1
v,1
paris,1
robert,1
receive,1
within,1
dressed,1
ad,1
system,1
case,1
evaluation,1
forum,1
japan,1
sarunas,1
sergey,1
angela,1
east,1
key,1
wide,1
isotope,1
america,1
hunters,1
technical,1
convenient,1
march,1
jim,1
compliance,1
cooke,1
interlibrary,1
baltic,1
original,1
participation,1
umk,1
possible,1
data,1
mikhail,1
middle,1
imperialists,1
both,1
outline,1
ticipates,1
multiple,1
paola,1
bell,1
including,1
far,1
inna,1
easy,1
publishers,1
wonder,1
everywhere,1
overview,1
gustavo,1
choi,1
place,1
editorial,1
broad,1
maria,1
beginnings,1
harvard,1
gatherers,1
september,1
andrew,1
accessible,1
focuses,1
legal,1
germany,1
olga,1
moraes,1
douglas,1
vitaliy,1
margaret,1
donald,1
rimantiene,1
national,1
de,1
g,1
catherine,1
betty,1
interest,1
authoritative,1
change,1
ardila,1
moment,1
experts,1
computer,1
keep,1
mesopotamia,1
mailing,1
bone,1
jeremy,1
participating,1
uriy,1
rhee,1
phone,1
thoughtful,1
france,1
sonal,1
periods,1
area,1
fred,1
romuald,1
old,1
desmond,1
rice,1
assures,1
northern,1
invoice,1
decline,1
desk,1
supply,1
da,1
ofer,1
james,1
concepts,1
coutinho,1
application,1
timely,1
paid,1
seek,1
notice,1
than,1
participates,1
stone,1
nasr,1
loan,1
thackeray,1
tom,1
society,1
