WORDCOUNTS,WEIGHT
the,1288
of,790
and,542
in,477
a,307
to,262
harappan,181
is,167
that,160
at,146
indus,120
this,115
as,102
there,99
was,96
have,95
for,92
are,84
pp,81
from,80
be,75
an,74
with,74
on,74
mature,74
civilization,71
not,71
been,69
r,66
it,61
by,57
sites,56
m,55
g,51
transformation,51
has,50
site,49
but,49
j,47
south,46
archaeological,46
p,44
bc,43
were,43
which,41
settlement,40
india,39
archaeology,39
l,38
no,37
or,37
these,37
some,36
excavations,35
ancient,35
h,33
also,33
b,32
k,32
early,32
other,31
data,31
new,30
rojdi,30
second,29
possehl,29
sindh,28
harappa,28
american,27
millennium,27
asian,27
indian,26
ca,26
one,25
its,25
s,25
area,25
change,24
phase,23
can,23
we,23
they,22
seems,22
may,22
f,22
c,22
pakistan,22
gujarat,21
might,21
vol,21
their,21
changes,21
river,21
would,21
settled,21
evidence,21
oxford,20
well,20
about,20
time,20
number,20
trade,20
period,20
environment,20
institute,20
important,19
western,19
survey,19
during,19
culture,19
seem,19
size,19
d,19
excavation,18
history,18
great,18
historical,18
even,18
university,18
more,18
table,18
cholistan,18
between,18
west,17
fig,17
late,17
urban,17
large,16
harappans,16
process,16
part,16
times,16
cemetery,16
cities,16
into,15
very,15
age,15
most,15
world,15
same,15
although,15
recent,15
asia,14
kuntasi,14
his,14
ibh,14
many,14
man,14
region,14
northern,14
delhi,14
exploration,14
what,14
much,14
now,13
baluchistan,13
total,13
first,13
sarasvati,13
found,13
cultural,13
place,13
research,13
when,13
two,13
mound,13
abandonment,13
average,13
settlements,12
i,12
system,12
de,12
third,12
had,12
could,12
climatic,12
people,12
series,12
problem,12
e,11
within,11
along,11
et,11
decline,11
he,11
still,11
water,11
assemblage,11
so,11
known,11
lothal,11
saurashtra,11
little,11
if,10
state,10
signs,10
such,10
central,10
work,10
regions,10
around,10
habitation,10
eclipse,10
department,10
contemporary,10
v,10
lakes,10
wheeler,10
beginning,10
both,10
bath,10
city,10
valley,10
center,9
ware,9
old,9
than,9
main,9
developed,9
ex,9
thought,9
n,9
led,9
chronology,9
end,9
do,9
where,9
another,9
significant,9
radiocarbon,9
like,9
seen,9
presented,9
uttar,9
rajasthan,9
all,8
those,8
east,8
since,8
possibly,8
prehistoric,8
aryan,8
used,8
harap,8
architecture,8
yet,8
sociocultural,8
noted,8
gray,8
took,8
sorath,8
three,8
who,8
centuries,8
places,8
economy,8
cause,8
through,8
over,8
course,8
north,8
complex,7
being,7
archae,7
human,7
against,7
entire,7
flood,7
journal,7
proposed,7
painted,7
deal,7
because,7
approach,7
sense,7
economic,7
light,7
longer,7
pennsylvania,7
understanding,7
made,7
causes,7
clear,7
high,7
especially,7
probably,7
extension,7
natural,7
dholavira,7
rainfall,7
paper,7
far,7
given,7
question,7
need,7
abandoned,7
should,7
does,6
way,6
later,6
tion,6
fouilles,6
village,6
true,6
studies,6
archaeologists,6
ii,6
regional,6
dates,6
general,6
after,6
study,6
observations,6
beyond,6
opening,6
further,6
annales,6
london,6
least,6
few,6
climate,6
society,6
floods,6
us,6
only,6
patterns,6
monographs,6
see,6
material,6
books,6
sir,6
explanation,6
increase,6
use,6
processes,6
explorations,6
punjab,6
began,6
peoples,6
must,6
bronze,6
here,6
singh,6
generally,6
jhukar,6
cambridge,6
documentation,6
remains,6
shift,6
re,6
hypothesis,6
estimated,5
academiae,5
production,5
taken,5
available,5
principal,5
context,5
occasional,5
quality,5
due,5
relatively,5
kind,5
district,5
how,5
deccan,5
prehistory,5
dated,5
population,5
tectonics,5
greater,5
distribution,5
came,5
called,5
occupation,5
cannot,5
scientiarum,5
facilities,5
near,5
interface,5
reduction,5
pan,5
memoirs,5
gateway,5
good,5
working,5
presence,5
up,5
materials,5
once,5
forts,5
ed,5
kutch,5
subcontinent,5
perhaps,5
earlier,5
internal,5
structure,5
enough,5
sindhi,5
team,5
indicate,5
antiquity,5
life,5
earliest,5
know,5
iii,5
iron,5
form,5
agricultural,5
map,5
bannu,5
hakra,5
writing,5
strong,5
our,5
frontiers,5
land,5
pirak,5
northwestern,5
major,5
currently,4
done,4
flow,4
represent,4
just,4
civiliza,4
salinity,4
modern,4
aryans,4
different,4
lower,4
problems,4
kilometers,4
rig,4
tour,4
together,4
wall,4
date,4
political,4
sound,4
con,4
eastern,4
alluvium,4
circumvallation,4
suraj,4
activity,4
international,4
point,4
review,4
development,4
mehrgarh,4
dis,4
turn,4
drainage,4
estimate,4
find,4
storage,4
y,4
ment,4
interesting,4
fort,4
town,4
growth,4
notion,4
mesopotamian,4
clearly,4
gradually,4
house,4
delta,4
origins,4
nausharo,4
appear,4
based,4
location,4
changed,4
mackay,4
understood,4
placed,4
explain,4
almost,4
basis,4
artifacts,4
brought,4
thoughts,4
broad,4
structures,4
oriental,4
excavated,4
field,4
ological,4
several,4
fully,4
provided,4
preliminary,4
chronological,4
reduced,4
identified,4
piggott,4
expanded,4
museum,4
under,4
al,4
plan,4
john,4
arthur,4
anthropologist,4
present,4
model,4
dales,4
shifts,4
farming,4
including,4
largely,4
rivers,4
sequence,4
raikes,4
plains,4
dry,4
pottery,4
me,4
today,4
foreign,4
addressed,4
then,4
following,4
believe,4
report,4
ar,4
type,4
drop,4
them,4
while,4
information,4
too,4
kushan,4
port,4
come,4
paradigm,4
salt,4
dam,4
kachi,4
shrank,4
hulas,4
substantial,4
counts,4
built,4
go,3
fertile,3
quetta,3
names,3
mosaic,3
affected,3
college,3
pradesh,3
per,3
needed,3
essays,3
stone,3
graffiti,3
something,3
t,3
long,3
learned,3
certainly,3
emerged,3
nature,3
tradition,3
reasons,3
rich,3
able,3
located,3
inland,3
british,3
side,3
plain,3
arabian,3
agriculture,3
possible,3
ings,3
x,3
steiner,3
severe,3
moment,3
century,3
perspective,3
document,3
amount,3
back,3
wares,3
pos,3
apparently,3
deeply,3
function,3
walls,3
philadelphia,3
york,3
whose,3
rather,3
districts,3
across,3
square,3
reference,3
appears,3
derived,3
parts,3
summarized,3
lennium,3
understand,3
emergence,3
numbers,3
record,3
show,3
powerful,3
mo,3
suggested,3
franz,3
conquest,3
raw,3
vedic,3
tural,3
sarai,3
lived,3
philosophical,3
popu,3
let,3
allchin,3
produced,3
scale,3
pollen,3
rehman,3
aspects,3
failure,3
bhagwanpura,3
sedimentological,3
line,3
dheri,3
industrial,3
concept,3
knowledge,3
apparent,3
confined,3
warehouse,3
documented,3
massacre,3
mesopotamia,3
trading,3
next,3
dramatic,3
dependent,3
notes,3
agam,3
massive,3
geographical,3
periods,3
agrawala,3
bhan,3
minor,3
renewed,3
make,3
chaeological,3
movement,3
hold,3
structural,3
biological,3
relationship,3
avulsion,3
happened,3
continuity,3
technology,3
meluhha,3
already,3
picture,3
social,3
inhabitants,3
french,3
others,3
put,3
fact,3
lack,3
consideration,3
areas,3
instituto,3
sahni,3
considerable,3
shown,3
style,3
capture,3
multidisciplinary,3
kurukshetra,3
skeletal,3
virtually,3
full,3
leads,3
drains,3
civi,3
mohenjo,3
craft,3
occupied,3
mil,3
smaller,3
kalibangan,3
perspectives,3
continued,3
provide,3
stream,3
ecological,3
reasonable,3
referred,3
dead,3
respect,3
derawar,3
freshwater,3
look,3
slope,3
quaternary,3
control,3
stamp,3
anthropology,3
basins,3
pakistani,3
hundred,3
sought,3
past,3
miri,3
ghaggar,3
terms,3
references,3
theory,3
waters,3
suggests,3
intended,3
transition,3
lies,3
manufacturing,3
copper,3
using,3
aspect,3
years,3
accept,3
defined,3
veda,3
summary,3
vi,3
observation,3
km,3
thing,3
lake,3
element,3
surveys,3
building,3
scandinavian,2
final,2
ments,2
kechi,2
lation,2
calibrated,2
effected,2
louis,2
environmental,2
expedition,2
hypersaline,2
trans,2
busy,2
alone,2
stands,2
trash,2
sibri,2
integrity,2
kinds,2
multifaceted,2
likely,2
di,2
paradigms,2
ms,2
unlike,2
laid,2
regime,2
khan,2
du,2
fabric,2
sources,2
modest,2
drishadvati,2
give,2
military,2
investments,2
season,2
script,2
citadel,2
scientists,2
leading,2
succeeds,2
suggesting,2
scheme,2
krishna,2
onto,2
beds,2
take,2
impounding,2
help,2
fresh,2
last,2
mind,2
robert,2
investigations,2
ghazi,2
papers,2
nomadic,2
merchants,2
ernest,2
invasions,2
linear,2
key,2
iv,2
victims,2
desalpur,2
account,2
holocene,2
marked,2
geomorphological,2
emporium,2
allchins,2
warfare,2
desertion,2
controlled,2
stress,2
exposed,2
piedmont,2
collapse,2
eventual,2
immediate,2
drastic,2
medio,2
reflection,2
living,2
topic,2
urbanization,2
meso,2
bay,2
ern,2
depend,2
concerning,2
italiano,2
body,2
highest,2
left,2
continuous,2
publications,2
determinations,2
details,2
colleague,2
jr,2
hardly,2
grasp,2
phases,2
lesser,2
orientale,2
daro,2
landscape,2
tectonic,2
subsistence,2
active,2
examined,2
importance,2
special,2
philadel,2
lacking,2
discoveries,2
factors,2
mation,2
besenval,2
firmer,2
supposed,2
reason,2
metropolis,2
jl,2
organization,2
francfort,2
intensive,2
impact,2
w,2
upper,2
four,2
communities,2
additional,2
surface,2
followed,2
reconsideration,2
providing,2
differently,2
irrigation,2
lead,2
whom,2
out,2
luxury,2
emerge,2
captured,2
initial,2
cores,2
term,2
though,2
hinterland,2
versity,2
rangpur,2
impounded,2
ceramics,2
wealth,2
wide,2
memory,2
products,2
planning,2
received,2
bisht,2
pune,2
example,2
clearer,2
description,2
older,2
deterio,2
yamuna,2
records,2
figures,2
actually,2
beads,2
border,2
il,2
systematic,2
project,2
relative,2
trends,2
either,2
earth,2
grain,2
interregional,2
caused,2
buildings,2
suggest,2
small,2
soil,2
pits,2
vidya,2
annual,2
pa,2
diminished,2
finds,2
rest,2
portion,2
therefore,2
underground,2
stated,2
scientific,2
surkotada,2
overall,2
whatever,2
reconstruction,2
necessary,2
standing,2
religious,2
single,2
vicinity,2
foot,2
pgw,2
represents,2
read,2
wasson,2
rain,2
termination,2
marshall,2
processing,2
complete,2
outlined,2
robust,2
puratattva,2
wisconsin,2
illustrated,2
begins,2
rise,2
lization,2
useful,2
volume,2
kili,2
frederick,2
addition,2
idea,2
deterioration,2
scholars,2
riverine,2
pastoralism,2
documents,2
extended,2
rebuilding,2
proposal,2
personality,2
pattern,2
discussed,2
serious,2
simple,2
outside,2
setback,2
adjacent,2
paris,2
conflicts,2
en,2
dhavalikar,2
coincident,2
royal,2
deep,2
citadels,2
cul,2
remarkably,2
day,2
ecology,2
remained,2
original,2
gurdip,2
mughal,2
discussion,2
coherent,2
assemblages,2
upon,2
desert,2
revert,2
unconsolidated,2
tighter,2
cropping,2
expression,2
food,2
hypotheses,2
succumbed,2
factor,2
assume,2
ploration,2
resulting,2
engaged,2
nothing,2
theories,2
underwent,2
vii,2
deva,2
co,2
spread,2
filled,2
black,2
latter,2
ture,2
palaeontological,2
behind,2
pro,2
effect,2
story,2
streams,2
propose,2
la,2
culmination,2
dealing,2
things,2
seasons,2
estremo,2
bmac,2
pans,2
domains,2
five,2
maps,2
pe,2
insufficient,2
force,2
why,2
literacy,2
often,2
fall,2
posts,2
acquisition,2
phia,2
frontier,2
itself,2
mounds,2
case,2
thick,2
stable,2
mortimer,2
ration,2
associated,2
mentioned,2
salts,2
continues,2
theme,2
constructed,2
secession,2
text,2
sciences,2
set,2
sibly,2
safeguard,2
commission,2
interested,2
ghul,2
makran,2
did,2
best,2
down,2
argue,2
current,2
aban,2
post,2
essentially,2
emerges,2
better,2
phd,2
believed,2
cal,2
catastrophic,2
stability,2
ent,2
statement,2
extent,2
densities,2
pursued,2
serie,2
ramanand,2
des,2
finished,2
researchers,2
severely,2
transport,2
sea,2
role,2
unrealistic,2
substance,2
bikanir,2
agrawal,2
among,2
wild,2
formation,2
sediments,2
difference,2
decrease,2
protohistoric,2
national,2
include,2
define,2
range,2
environ,2
physical,2
manufacture,2
kala,2
colleagues,2
forming,2
off,2
doubtless,2
civic,2
clarify,2
texts,2
supplementary,2
gulf,2
comparable,2
ab,2
famous,2
broader,2
close,2
liturgical,2
bul,1
ganga,1
dynamic,1
resolve,1
sindhis,1
difficult,1
rann,1
bernard,1
survived,1
judge,1
fined,1
londo,1
o,1
paralleled,1
overflowing,1
limits,1
common,1
destroying,1
curtailed,1
rajputana,1
bahawalpur,1
cent,1
entities,1
nineteenth,1
created,1
functional,1
ready,1
carefulness,1
peaceful,1
insulated,1
admin,1
deserve,1
reconsidered,1
uplands,1
red,1
fea,1
nato,1
ultimate,1
gion,1
introduction,1
notably,1
manuscript,1
collision,1
defenses,1
ismail,1
expect,1
urawarfort,1
told,1
becoming,1
inward,1
speculated,1
judged,1
factories,1
lahore,1
bor,1
myth,1
properly,1
deltaic,1
identify,1
reemerged,1
ma,1
authority,1
wars,1
sets,1
completely,1
sherds,1
gujarati,1
easily,1
upheaval,1
former,1
reasonably,1
metaphorically,1
trace,1
mitathal,1
protection,1
position,1
justified,1
resurgence,1
necessarily,1
occurred,1
stan,1
pasture,1
eastward,1
kirthar,1
cornell,1
before,1
exceptions,1
rigveda,1
cama,1
riod,1
gregory,1
monograph,1
revision,1
source,1
amongst,1
my,1
forcible,1
women,1
themes,1
negative,1
test,1
clarifying,1
granary,1
puramdara,1
oceania,1
consistent,1
member,1
concretely,1
cast,1
awkwardness,1
envi,1
inhibited,1
else,1
unearthed,1
stuart,1
revisited,1
defects,1
torical,1
pharaoh,1
preceding,1
cm,1
creation,1
fortified,1
posed,1
regeneration,1
regulating,1
neolithic,1
gulfed,1
fund,1
steady,1
meters,1
historians,1
concentrated,1
rita,1
sub,1
palynological,1
meaning,1
retreat,1
multiperiod,1
aforementioned,1
loom,1
company,1
reach,1
principles,1
buildup,1
affinities,1
stratigraphically,1
belong,1
rebuilt,1
ungainly,1
wielding,1
bead,1
pressed,1
narrative,1
base,1
follows,1
ruption,1
inherent,1
government,1
sargon,1
sometime,1
letin,1
composition,1
religion,1
expense,1
kingdom,1
witness,1
subsequent,1
achieved,1
lunkaran,1
vegetation,1
unfolding,1
miles,1
replicated,1
ancien,1
stand,1
concepts,1
raised,1
carnelian,1
indoaryans,1
governors,1
stopped,1
lecturer,1
elaborating,1
ad,1
documenting,1
issue,1
proceed,1
moisture,1
badly,1
seven,1
weakened,1
unimportant,1
formulation,1
capacity,1
theses,1
pieced,1
pub,1
u,1
aurel,1
draw,1
solving,1
retain,1
determined,1
politics,1
encies,1
pre,1
cooperation,1
securely,1
reaching,1
studi,1
istered,1
domestic,1
move,1
detail,1
run,1
obvious,1
fine,1
irrigated,1
taking,1
mental,1
fenced,1
combination,1
say,1
except,1
extends,1
reflecting,1
consequent,1
tlement,1
dwelt,1
establishment,1
cited,1
realistic,1
ders,1
apply,1
ritual,1
aggression,1
undergone,1
impound,1
deserted,1
tied,1
granaries,1
inventory,1
behavior,1
dera,1
linked,1
etched,1
chapters,1
accessible,1
throughout,1
measurably,1
sumer,1
surely,1
relationships,1
palas,1
proceeded,1
author,1
explained,1
jarrige,1
descen,1
copenhagen,1
peshawar,1
accounted,1
patient,1
professor,1
halting,1
backgrounds,1
constantly,1
dominated,1
civili,1
divine,1
domain,1
ability,1
juxtaposition,1
contributors,1
passage,1
heterogeneity,1
jeremy,1
walter,1
ravish,1
creased,1
madhu,1
affairs,1
migrate,1
slabs,1
nities,1
elements,1
nor,1
oman,1
ct,1
underlying,1
cita,1
canal,1
refer,1
architectural,1
allowed,1
channels,1
difficulty,1
cant,1
young,1
recalls,1
attests,1
egypt,1
compared,1
witnessed,1
sociocul,1
misra,1
lewan,1
communication,1
interlocking,1
spite,1
critique,1
remembered,1
belongs,1
luzac,1
clientele,1
traditions,1
aca,1
palaeoenvironmental,1
herent,1
tained,1
transactions,1
inundations,1
poorly,1
capitals,1
reshuffling,1
kot,1
languages,1
ridge,1
jarati,1
drained,1
baluchi,1
dignitaries,1
simultaneously,1
aborigines,1
sood,1
recognized,1
urbani,1
likeness,1
identification,1
recents,1
programmatic,1
devastating,1
bring,1
jasthan,1
wanting,1
ceme,1
ra,1
sort,1
tecting,1
desertification,1
basic,1
secrets,1
appreciation,1
levels,1
lazuli,1
cremation,1
remote,1
incidence,1
unique,1
environments,1
excavators,1
goes,1
outward,1
probability,1
associate,1
eight,1
similar,1
vanced,1
demiae,1
leave,1
direct,1
owith,1
tan,1
derground,1
doubted,1
contributions,1
pages,1
signatures,1
fluvial,1
danger,1
offering,1
ama,1
impressed,1
animals,1
consequences,1
courty,1
addressing,1
lots,1
support,1
raymond,1
jammu,1
arid,1
margiana,1
distinct,1
escape,1
ciocultural,1
conformed,1
expe,1
defunct,1
developments,1
banawali,1
flourishing,1
marks,1
gional,1
locally,1
ap,1
benefits,1
image,1
itinerant,1
ceylon,1
baroda,1
evolved,1
gable,1
rajkot,1
elsewhere,1
director,1
edition,1
fortifications,1
ideologies,1
buttresses,1
sheer,1
frequently,1
trifle,1
baluchis,1
preconceived,1
bedded,1
resorted,1
jars,1
migrants,1
recovered,1
breached,1
groundwater,1
tourism,1
shed,1
cotton,1
peninsula,1
knotty,1
stark,1
peabody,1
willing,1
shifted,1
dominant,1
gabarbands,1
opinion,1
derajat,1
cut,1
dependency,1
burj,1
adop,1
artistic,1
tightly,1
expressed,1
arrived,1
accom,1
closely,1
proxied,1
kennedy,1
aftermath,1
bearing,1
kegan,1
histories,1
basin,1
demise,1
strength,1
access,1
attack,1
mapping,1
effort,1
cylinder,1
centers,1
scenes,1
reply,1
ocean,1
pabu,1
events,1
relate,1
carolina,1
mythical,1
symbolically,1
viking,1
defensive,1
accompany,1
begirming,1
invoke,1
weights,1
pitfalls,1
glacial,1
compromised,1
ceived,1
inter,1
nium,1
big,1
embedded,1
academic,1
density,1
criteria,1
codification,1
equal,1
subsisted,1
war,1
block,1
circular,1
reviews,1
ceno,1
afforded,1
undermined,1
internecine,1
khola,1
millets,1
mohammad,1
kullis,1
gupta,1
experimental,1
amenable,1
bitumen,1
ignorance,1
eye,1
migrations,1
equip,1
spiritual,1
refuge,1
absolute,1
aridity,1
gomal,1
acknowledgments,1
tonics,1
scene,1
influenced,1
ther,1
warriors,1
pothesize,1
jim,1
watershed,1
directly,1
having,1
pugh,1
island,1
strophic,1
publish,1
scope,1
swelled,1
imports,1
carry,1
dammed,1
locus,1
seminario,1
lords,1
stitute,1
nc,1
differ,1
occupants,1
interpreters,1
prey,1
thatched,1
indigenous,1
rioration,1
revealed,1
ten,1
geology,1
paleoenvironments,1
excavator,1
childe,1
whole,1
year,1
realm,1
sk,1
palynology,1
horn,1
issues,1
beginnings,1
bunds,1
strain,1
rative,1
unrelieved,1
call,1
transported,1
forces,1
lifeways,1
away,1
reflect,1
millenium,1
deurbanization,1
squeezed,1
taph,1
believes,1
craftsmen,1
hasty,1
fieldwork,1
manage,1
artifact,1
presume,1
horizon,1
conform,1
own,1
ethnicity,1
count,1
redistribution,1
manifestation,1
kashmir,1
rao,1
aided,1
published,1
accused,1
commerce,1
viable,1
successful,1
level,1
hard,1
below,1
wi,1
shaping,1
revolution,1
dictionary,1
tested,1
indicators,1
politically,1
stupa,1
le,1
wrong,1
pected,1
sharp,1
quite,1
heart,1
involved,1
quantification,1
sankalia,1
calling,1
dried,1
laeoethnicity,1
sufficient,1
kanewal,1
highly,1
adversely,1
routine,1
deco,1
sharpen,1
feats,1
portions,1
latest,1
sabarmati,1
weapons,1
differing,1
implausible,1
methodological,1
corridor,1
coast,1
wisely,1
qalat,1
inability,1
universities,1
degeneration,1
kohistan,1
filling,1
results,1
proper,1
maintained,1
correspondence,1
roots,1
deepened,1
veloped,1
newly,1
mesopotamians,1
inform,1
settle,1
multifunctional,1
promising,1
seemed,1
content,1
settlers,1
seats,1
manchar,1
will,1
ameri,1
threatened,1
battle,1
critical,1
evaporation,1
hymns,1
furnished,1
arrangement,1
proxy,1
demand,1
upset,1
comment,1
saw,1
matter,1
variety,1
various,1
commu,1
functioning,1
carried,1
polished,1
populations,1
employed,1
logically,1
incorrect,1
explora,1
alphabetical,1
short,1
gradual,1
drama,1
brian,1
comparative,1
expansion,1
agricul,1
tery,1
limited,1
millenniums,1
ternational,1
cartography,1
lai,1
corporation,1
return,1
forward,1
drops,1
hubert,1
disagreement,1
brings,1
ramparts,1
intensively,1
says,1
surviving,1
comments,1
soundara,1
builders,1
initially,1
outer,1
collapsed,1
southern,1
westerly,1
innovation,1
com,1
corpus,1
trickle,1
cata,1
guide,1
spoken,1
betrays,1
interpretation,1
fascinating,1
oasis,1
excessively,1
prof,1
tremendous,1
makes,1
abundance,1
indra,1
cumstantial,1
artery,1
inconsistencies,1
pabumath,1
index,1
northwest,1
sehwan,1
sociological,1
kadir,1
home,1
extinction,1
infrastructure,1
publishing,1
dropped,1
clusion,1
suppres,1
baltimore,1
wright,1
iranian,1
words,1
insights,1
dete,1
reports,1
paleochannels,1
disrupted,1
boost,1
proclivities,1
speaking,1
ratanpura,1
emerg,1
riods,1
independent,1
skeletons,1
cleuziou,1
happening,1
fill,1
community,1
reimer,1
geomorphology,1
street,1
members,1
walled,1
leader,1
funerary,1
critiques,1
paul,1
segments,1
book,1
attacks,1
temporarily,1
facility,1
challenge,1
power,1
mehi,1
kenneth,1
mark,1
again,1
tlements,1
death,1
avail,1
chance,1
printing,1
fundamental,1
towns,1
added,1
reexcavation,1
sup,1
banization,1
archaeologi,1
grid,1
dissertations,1
stimulus,1
causality,1
undeciphered,1
treatment,1
contrasts,1
storing,1
head,1
moribund,1
clarendon,1
striking,1
departments,1
travaux,1
pressure,1
beliefs,1
flimsy,1
viii,1
children,1
really,1
beg,1
diverse,1
coordinates,1
envisioning,1
outlines,1
doubt,1
fashion,1
sumerian,1
pled,1
external,1
larged,1
cou,1
never,1
conclusions,1
multiplication,1
hand,1
geography,1
remarkable,1
ur,1
sadly,1
farmers,1
palaeobotany,1
orderly,1
dorothy,1
dadheri,1
receives,1
armed,1
vulnerable,1
heavily,1
boats,1
tures,1
forth,1
spoke,1
conviction,1
maturity,1
colony,1
deficiency,1
inevitably,1
couple,1
metropolitan,1
tamian,1
difficulties,1
broic,1
humdrum,1
counterpart,1
tec,1
ades,1
going,1
destroyed,1
elevation,1
lunkaransar,1
degree,1
institutions,1
local,1
vegetational,1
massacred,1
credit,1
unpredicted,1
zation,1
hisotry,1
pushkar,1
thar,1
investment,1
investigated,1
intimate,1
disease,1
substantive,1
stronger,1
discovery,1
wailes,1
eighteenth,1
uplift,1
cult,1
thereto,1
deposits,1
arose,1
tank,1
onslaught,1
contacts,1
chaeology,1
microfilm,1
sameness,1
findings,1
contour,1
thriving,1
controlling,1
pecially,1
bridget,1
forsaken,1
refers,1
auspicious,1
net,1
togau,1
ethnic,1
trend,1
gazetteer,1
bund,1
real,1
continue,1
supposition,1
previous,1
struction,1
traders,1
reinforcing,1
munshiram,1
hardened,1
complicated,1
theoretical,1
described,1
platform,1
panchpadra,1
divodasa,1
significance,1
subtle,1
margaret,1
historic,1
reality,1
ofsh,1
authors,1
publication,1
express,1
language,1
points,1
sustain,1
flfrom,1
himalayan,1
interpret,1
sambar,1
held,1
lished,1
defense,1
construc,1
admirer,1
exquisite,1
geographically,1
satisfies,1
stratigra,1
him,1
inadequacies,1
played,1
damb,1
uni,1
static,1
lie,1
administrative,1
universitario,1
unsettled,1
dauda,1
enquiries,1
improved,1
claim,1
submergence,1
kheda,1
imagination,1
exchange,1
rajas,1
inscribed,1
millen,1
agri,1
surfac,1
roofs,1
demarcate,1
comparing,1
systems,1
eyes,1
nicely,1
lapis,1
rectify,1
relation,1
successors,1
planations,1
overcome,1
deliberate,1
attendant,1
plate,1
artisans,1
distant,1
toyed,1
peo,1
capital,1
adaptations,1
destruction,1
connections,1
joint,1
basically,1
navi,1
comings,1
attention,1
prehisotry,1
unrelated,1
convincingly,1
concluded,1
widely,1
kushans,1
unfolded,1
multiyear,1
said,1
palisades,1
farm,1
space,1
hous,1
depth,1
indication,1
withstood,1
suggestion,1
regimentation,1
penguin,1
imply,1
hillocks,1
invokes,1
gram,1
lot,1
fairly,1
regular,1
george,1
infor,1
sometimes,1
plays,1
naturally,1
impressive,1
ministry,1
prose,1
program,1
flowed,1
jtif,1
parent,1
lines,1
sothi,1
deteriorating,1
cir,1
fewer,1
signifi,1
widespread,1
dec,1
bulletin,1
slow,1
independence,1
entered,1
lost,1
army,1
concluding,1
un,1
transformed,1
reposte,1
millennia,1
lives,1
proposition,1
contribution,1
peoplement,1
akkad,1
whereby,1
dietrich,1
articles,1
es,1
construction,1
analysis,1
plex,1
existed,1
united,1
earthquake,1
ology,1
answer,1
ing,1
centres,1
types,1
akin,1
get,1
aboriginal,1
face,1
mud,1
insight,1
unusual,1
figured,1
premier,1
centre,1
bastions,1
extensions,1
attachment,1
biology,1
remodeling,1
increased,1
door,1
potamia,1
matters,1
koski,1
karachi,1
school,1
kusumanjali,1
acquired,1
contained,1
cavated,1
stratigraphic,1
any,1
thinking,1
paki,1
ergonomic,1
reviewing,1
shaffer,1
urbaniza,1
civilizations,1
comes,1
complexity,1
version,1
changing,1
seafaring,1
mercantile,1
ronment,1
complexes,1
regulated,1
extensive,1
geographic,1
chat,1
ever,1
hypothesized,1
symbolic,1
summit,1
bian,1
nated,1
phy,1
palaeogeography,1
offered,1
mesopo,1
drift,1
dants,1
offers,1
scien,1
defining,1
meerut,1
continental,1
bactria,1
intellectual,1
partner,1
colonization,1
extant,1
principle,1
gu,1
readily,1
indica,1
istence,1
par,1
suggestions,1
global,1
connection,1
flowing,1
buddhist,1
strongholds,1
half,1
felicitation,1
domino,1
regard,1
visiting,1
eventually,1
particularly,1
tiarum,1
grey,1
dition,1
expresses,1
obviously,1
reso,1
ternative,1
sustaining,1
rely,1
goods,1
researches,1
audience,1
interconnection,1
tracts,1
distinctive,1
goings,1
enlarged,1
molishes,1
rural,1
alluded,1
vey,1
masters,1
merely,1
pri,1
desiccation,1
subterranean,1
lynological,1
harbingers,1
virtual,1
explanations,1
investigation,1
seals,1
telling,1
poses,1
selected,1
less,1
plants,1
want,1
apace,1
monastery,1
character,1
noticeable,1
maintain,1
seasonal,1
ara,1
mere,1
vigorously,1
angela,1
penetration,1
supplemented,1
estab,1
rafique,1
foundations,1
participants,1
rejoinder,1
ferozsons,1
explored,1
shah,1
intends,1
middle,1
potable,1
autocratic,1
kuui,1
boston,1
epithet,1
alterations,1
ples,1
ruled,1
himalayas,1
peace,1
marily,1
donment,1
technologies,1
parently,1
courses,1
haryana,1
atrophy,1
became,1
docu,1
kulll,1
hy,1
doab,1
subject,1
simply,1
everywhere,1
went,1
disappears,1
sion,1
conventional,1
contribute,1
reconstruct,1
merchant,1
equipped,1
phenomenon,1
allows,1
twin,1
devolution,1
headwaters,1
gain,1
coming,1
think,1
remarks,1
cavation,1
paleorient,1
dels,1
training,1
layers,1
ultimately,1
models,1
durrani,1
drafts,1
pishin,1
invasion,1
editor,1
flam,1
ignored,1
disposal,1
sensibilities,1
twentieth,1
trauma,1
shatters,1
completed,1
geoarchaeological,1
value,1
contributed,1
sults,1
prolonged,1
deduction,1
allah,1
sur,1
burningstrg,1
product,1
gen,1
sacrificial,1
states,1
disruption,1
integration,1
affirmation,1
variously,1
prosperity,1
clues,1
cambay,1
lambrick,1
presenting,1
extremely,1
association,1
speak,1
definitive,1
stray,1
critiqued,1
agropastoral,1
comparison,1
flooding,1
needs,1
thousand,1
anciently,1
territories,1
news,1
removed,1
pertain,1
assumed,1
root,1
consumes,1
drying,1
joshi,1
gordon,1
hills,1
succeeded,1
reached,1
digging,1
era,1
debate,1
disrupting,1
characters,1
interaction,1
focus,1
plenum,1
iraq,1
seek,1
technological,1
terracotta,1
tract,1
southeastern,1
panies,1
rubble,1
probablythe,1
