WORDCOUNTS,WEIGHT
the,976
of,611
and,570
capsian,306
in,297
a,242
to,231
upper,138
with,129
on,129
de,126
is,125
by,116
for,115
that,105
were,100
typical,98
are,98
was,91
this,90
from,88
as,82
bladelets,71
et,67
bp,62
which,62
blades,61
two,61
we,58
backed,56
technological,56
at,53
p,53
it,51
made,49
have,49
not,48
change,45
be,43
du,42
la,40
blanks,39
cultural,39
core,37
regular,37
flint,36
an,36
cores,35
these,35
into,34
material,34
production,33
used,33
le,33
pressure,33
between,33
or,32
but,32
also,32
burins,31
microliths,30
geometric,30
j,30
some,30
dates,30
des,30
their,29
lithic,29
sites,29
assemblages,29
tools,28
other,27
they,26
am,26
less,26
site,25
raw,25
ain,25
pp,25
capsien,25
flaking,24
percussion,24
been,24
bortal,24
very,24
than,23
region,23
produced,22
industry,22
more,22
libyca,22
rahmani,22
les,21
only,21
c,21
groups,20
debitage,20
lubell,20
most,20
has,20
shaping,20
same,20
technique,20
paris,20
use,20
obtained,20
d,20
i,19
since,19
burin,19
model,19
transformed,19
years,19
large,18
neolithic,18
pieces,18
our,18
one,17
total,17
all,17
fig,17
may,17
data,17
locus,17
ch,17
manufacture,17
h,16
scheme,16
those,16
black,16
r,16
denticulates,16
high,16
often,16
notches,16
sur,16
adoption,15
retouched,15
there,15
l,15
study,15
m,15
striking,15
bladelet,15
its,15
during,15
blade,15
three,15
straight,15
fakher,15
both,15
territory,15
different,14
simple,14
mm,14
would,14
industries,14
standardized,14
small,14
schemes,14
maghreb,14
medjez,14
tebessa,14
analysis,14
north,14
associated,13
based,13
out,13
because,13
preparation,13
shows,13
local,13
platform,13
primarily,13
constantine,13
n,12
mainly,12
tixier,12
many,12
starting,12
especially,12
can,12
table,12
did,12
spalls,12
seems,11
shaped,11
development,11
blank,11
relilai,11
rather,11
en,11
could,11
cortex,11
frequency,11
assemblage,11
soc,11
dans,11
thick,11
stratigraphic,11
first,10
rich,10
possible,10
such,10
no,10
recherches,10
technical,10
presence,10
truncated,10
centre,10
strategies,10
collections,10
significant,10
triangles,10
tech,10
types,10
phd,10
while,10
prehistoriques,10
re,10
senonian,9
if,9
e,9
sources,9
primary,9
perforators,9
g,9
recognized,9
main,9
evolutionary,9
block,9
explain,9
well,9
around,9
research,9
facies,9
us,9
prehistoire,9
new,9
mitred,9
ing,9
then,9
involving,9
recherche,9
does,8
tion,8
epipaleolithic,8
universite,8
curved,8
mobility,8
sheppard,8
origin,8
date,8
dokkara,8
trapezes,8
zoura,8
technologie,8
compared,8
his,8
scrapers,8
how,8
evolution,8
technology,8
had,8
kef,8
radiometric,8
work,8
tool,8
related,8
older,8
excavated,8
composite,8
hard,8
chronological,8
f,8
he,8
algeria,8
where,8
naga,8
archaeological,8
carried,8
africa,8
who,8
them,8
frequently,8
au,8
camps,8
remains,8
comparison,8
retouch,8
way,7
units,7
gafsa,7
lower,7
studied,7
able,7
sahara,7
system,7
cap,7
thus,7
cortical,7
opposed,7
bull,7
similar,7
inizan,7
four,7
show,7
escargotieres,7
requires,7
charcoal,7
near,7
reduction,7
invention,7
characteristics,7
up,7
loci,7
suessonian,7
implications,7
standardization,7
single,7
al,7
social,7
typological,7
radiocarbon,7
flake,7
characterized,7
abundant,7
sian,7
procurement,7
columnata,7
methods,7
following,7
university,7
each,7
par,7
clearly,7
proposed,7
microlithic,7
form,7
contemporaneity,7
techniques,7
using,7
soft,7
surface,7
national,7
evidence,7
among,7
observed,7
major,7
per,6
globular,6
bifacial,6
studies,6
nord,6
composition,6
iberomaurusian,6
recorded,6
elements,6
thin,6
ment,6
represented,6
microburins,6
ex,6
support,6
dated,6
generally,6
flakes,6
suggested,6
prehistoric,6
late,6
basis,6
after,6
uc,6
suggest,6
reliable,6
several,6
provided,6
will,6
located,6
chronology,6
management,6
culture,6
already,6
cercle,6
rock,6
time,6
explanation,6
dating,6
hammer,6
prehist,6
northern,6
lithiques,6
considered,6
balout,6
must,6
anthropol,6
pour,6
according,6
selected,6
produce,6
question,6
shown,6
although,6
area,6
increased,6
frequent,5
environmental,5
variety,5
natural,5
succession,5
debris,5
contemporaneous,5
diffusion,5
adopt,5
context,5
plain,5
iv,5
mixed,5
bone,5
distinct,5
pierre,5
even,5
without,5
process,5
b,5
distant,5
miscellaneous,5
established,5
followed,5
important,5
tc,5
method,5
found,5
uanthropologie,5
further,5
though,5
artifacts,5
reflect,5
employed,5
koudiat,5
working,5
typique,5
struck,5
majority,5
world,5
notes,5
second,5
absence,5
identified,5
expansion,5
french,5
available,5
areas,5
discussed,5
do,5
present,5
number,5
discussion,5
gisement,5
economie,5
width,5
alternative,5
clear,5
so,5
fr,5
narrow,5
occupied,5
recueil,5
assigned,5
relationship,5
un,5
life,5
crests,5
series,5
known,5
khanguet,5
seem,5
type,5
cal,5
economy,5
almost,5
suggests,5
introduced,5
african,5
obtain,5
arguments,5
models,5
archeol,5
approximately,5
specialists,5
defined,5
specific,5
grebenart,5
km,5
early,5
recent,5
showed,5
mostly,4
edge,4
later,4
dra,4
crested,4
introduction,4
complex,4
stone,4
long,4
ii,4
might,4
nature,4
definition,4
leading,4
analyses,4
capstan,4
principal,4
el,4
kifene,4
eastern,4
retain,4
account,4
holocene,4
october,4
frequencies,4
phase,4
component,4
ostrich,4
outillages,4
sample,4
etudes,4
mta,4
interpretation,4
certain,4
category,4
specialization,4
percus,4
experimentation,4
greater,4
chronologie,4
appearance,4
plot,4
faunal,4
called,4
convexities,4
international,4
im,4
appears,4
cannot,4
mi,4
part,4
knowledge,4
describe,4
lithique,4
showing,4
attributed,4
approach,4
either,4
published,4
redeyef,4
corresponds,4
stage,4
settlement,4
when,4
results,4
morphology,4
various,4
museum,4
restricted,4
rabah,4
noted,4
gobert,4
larger,4
contemporary,4
neolithique,4
accepted,4
resulting,4
rare,4
shelter,4
fades,4
allowed,4
direct,4
pyramidal,4
last,4
elaborate,4
capsienne,4
pelegrin,4
logan,4
responsible,4
vafrique,4
any,4
simply,4
paper,4
better,4
what,4
map,4
knapping,4
problem,4
operatoire,4
finished,4
logical,4
given,4
transition,4
com,4
ronde,4
allows,4
come,4
cambridge,4
mode,4
need,4
shift,4
much,4
strong,4
close,4
now,3
oriented,3
limits,3
rev,3
toolkit,3
identify,3
designed,3
former,3
stan,3
before,3
uses,3
source,3
taillee,3
disturbance,3
advanced,3
croliths,3
s,3
europe,3
tradition,3
desire,3
confusion,3
producing,3
colloque,3
link,3
products,3
reserved,3
signs,3
similarities,3
british,3
case,3
con,3
sophisticated,3
carry,3
vol,3
quantities,3
marked,3
variations,3
quantity,3
economies,3
make,3
human,3
dependence,3
due,3
palethnologie,3
attested,3
palaeolithic,3
archaeol,3
capsians,3
metric,3
phases,3
higher,3
developed,3
borrowing,3
subsistence,3
earlier,3
paleolithic,3
plus,3
consider,3
possibly,3
moyen,3
saharan,3
beyond,3
view,3
distinction,3
ou,3
societe,3
initial,3
occupation,3
third,3
tiaret,3
wide,3
flaked,3
tunisian,3
distinguish,3
makers,3
mem,3
concept,3
example,3
olithic,3
dakhlet,3
personal,3
quite,3
wider,3
metiers,3
musee,3
productivity,3
rest,3
snails,3
south,3
faceted,3
role,3
populations,3
beloit,3
synthesis,3
misteheyia,3
southern,3
about,3
toolkits,3
evolved,3
ne,3
une,3
complete,3
memoires,3
subdivisions,3
knapped,3
essai,3
chacal,3
towards,3
idea,3
marker,3
stimulus,3
environs,3
end,3
variation,3
considerable,3
civilisations,3
removal,3
forms,3
rejuvenation,3
v,3
ground,3
answer,3
above,3
jackes,3
demonstrated,3
understanding,3
technol,3
range,3
previously,3
samples,3
waste,3
numerous,3
causes,3
significance,3
function,3
stages,3
crafted,3
standard,3
exchange,3
pro,3
note,3
usually,3
five,3
order,3
contribution,3
sequences,3
transformation,3
recognize,3
antiquity,3
helix,3
experimenters,3
fall,3
arts,3
problematic,3
pression,3
thinking,3
here,3
binford,3
scien,3
variable,3
believe,3
best,3
unknown,3
tunisia,3
intrusion,3
iii,3
exploiting,3
particularly,3
nouvelles,3
beginning,3
whether,3
terms,3
varieties,3
presented,3
despite,3
sitting,3
bladeand,3
tions,3
enclume,3
layers,3
sud,3
jacques,3
land,3
sides,3
posture,3
tablets,3
within,3
traditional,3
chaine,3
comparable,3
should,3
occur,3
hypothesis,3
ments,2
morel,2
o,2
done,2
meaning,2
created,2
functional,2
ready,2
spall,2
cussion,2
extend,2
resulted,2
over,2
likely,2
ditional,2
scalene,2
true,2
english,2
enne,2
favor,2
sickle,2
history,2
economic,2
permitted,2
highlighted,2
preceding,2
originally,2
give,2
allow,2
asia,2
cial,2
typologi,2
belong,2
mixte,2
great,2
differences,2
thanks,2
reveal,2
gestion,2
help,2
raised,2
platforms,2
investigations,2
problematical,2
existence,2
bifa,2
east,2
discuss,2
originates,2
inverse,2
typi,2
prior,2
determined,2
comparee,2
point,2
dynamic,2
ritual,2
memoire,2
rhilane,2
stratigraphically,2
hardand,2
mechta,2
explained,2
quality,2
microblade,2
characteristic,2
br,2
occurs,2
droits,2
kind,2
adopted,2
concerning,2
traduction,2
served,2
suitable,2
nologic,2
stratigraphie,2
geological,2
nique,2
khanga,2
flakers,2
belonging,2
bou,2
poor,2
straightest,2
sociated,2
lahda,2
links,2
climatiques,2
ra,2
levels,2
crest,2
collec,2
lasted,2
flexible,2
importance,2
japanese,2
serial,2
algerie,2
burials,2
consequences,2
factors,2
means,2
old,2
tellian,2
dihedral,2
bordeaux,2
shelters,2
argued,2
too,2
age,2
nechiou,2
superieur,2
shed,2
actes,2
toolmakers,2
exploitation,2
fre,2
care,2
urquijo,2
appear,2
whereas,2
result,2
my,2
lead,2
detailed,2
culturelle,2
tra,2
eggshell,2
young,2
events,2
big,2
engraved,2
mate,2
recently,2
otherwise,2
placed,2
required,2
aridity,2
technologiques,2
stations,2
possibility,2
aspects,2
having,2
paleoenvironmental,2
operatoires,2
shouldered,2
nucleus,2
heart,2
purpose,2
civilisation,2
quently,2
confirms,2
scars,2
place,2
exclusively,2
climatic,2
focuses,2
scrap,2
surrounding,2
accord,2
djellal,2
interpreted,2
concave,2
berbere,2
below,2
questionable,2
involve,2
prehistorique,2
archaeology,2
mediterranean,2
pond,2
highly,2
components,2
brought,2
essentially,2
yielded,2
brown,2
preliminary,2
fluted,2
anomalous,2
tunisien,2
avoid,2
variabilite,2
minor,2
ans,2
still,2
cluding,2
humains,2
dardized,2
percentage,2
yet,2
fringe,2
continuity,2
ele,2
thesis,2
light,2
experimental,2
robust,2
functions,2
chose,2
stated,2
neolithicization,2
toward,2
others,2
conceived,2
flat,2
analytical,2
fact,2
longer,2
lack,2
scholars,2
blocks,2
occurrence,2
crescents,2
doubt,2
see,2
perhaps,2
nical,2
another,2
original,2
retaining,2
facteurs,2
regu,2
surfaces,2
fitude,2
vaufrey,2
including,2
thickness,2
increase,2
comportement,2
station,2
magdalenian,2
processes,2
like,2
chosen,2
previous,2
groupes,2
low,2
tional,2
points,2
tetude,2
held,2
david,2
pos,2
spread,2
poraneous,2
attribution,2
collected,2
ecology,2
permitting,2
latter,2
minimal,2
ture,2
paleo,2
arrises,2
reg,2
technologique,2
interpretations,2
availability,2
congres,2
probably,2
sug,2
gisements,2
tence,2
proc,2
pres,2
straightness,2
provide,2
sometimes,2
volumetric,2
lar,2
bound,2
cir,2
bulletin,2
becomes,2
dimensions,2
deposit,2
began,2
nological,2
indicate,2
why,2
messad,2
supporting,2
instances,2
examine,2
canada,2
earliest,2
res,2
addressed,2
burned,2
anthropological,2
narrower,2
comes,2
paleolithique,2
mained,2
meiklejohn,2
perforated,2
prob,2
sciences,2
sim,2
nouvelle,2
anthropology,2
cm,2
cultures,2
capsiens,2
global,2
approche,2
dur,2
argue,2
grey,2
ar,2
researches,2
techno,2
datation,2
experi,2
investigation,2
ones,2
maintain,2
geo,2
lengths,2
chaines,2
adaptation,2
prismatic,2
require,2
herbivores,2
backing,2
observations,2
art,2
size,2
cluster,2
son,2
careful,2
lies,2
sion,2
aspect,2
prepared,2
named,2
locations,2
maghrebine,2
detached,2
product,2
france,2
colleagues,2
typology,2
association,2
occurring,2
imprecise,2
regularity,2
deposits,2
debate,2
create,2
entire,2
broader,2
dependent,2
problemes,2
contem,2
assem,2
sa,1
final,1
difficult,1
ending,1
smoke,1
interpre,1
vp,1
currently,1
ciently,1
punch,1
standardisation,1
decreasing,1
inaccurate,1
stylistic,1
productions,1
responds,1
ranean,1
names,1
suc,1
arctic,1
reevaluate,1
tory,1
expedition,1
college,1
determine,1
vues,1
ultimate,1
discrepancies,1
starts,1
epipalaeolithic,1
federation,1
contradicts,1
just,1
visible,1
conducted,1
discover,1
partially,1
systematically,1
instructions,1
conserved,1
manufac,1
colonization,1
secondarily,1
ma,1
diversification,1
remind,1
live,1
mot,1
omy,1
ways,1
situation,1
completely,1
unanswered,1
easily,1
denticulated,1
paradigms,1
notched,1
subsis,1
hublin,1
bpressure,1
comparisons,1
western,1
tifacts,1
radiometrique,1
transhumant,1
occurred,1
em,1
observing,1
autour,1
exceed,1
sys,1
erasme,1
habib,1
sondage,1
assume,1
knappers,1
revision,1
territorial,1
bordj,1
materials,1
contexts,1
leads,1
intentions,1
negative,1
brandon,1
archaeologists,1
t,1
permit,1
istry,1
stabilization,1
inc,1
lateral,1
modest,1
overlie,1
neolithiques,1
creation,1
posed,1
lowed,1
quaternaire,1
enables,1
hum,1
templates,1
calcareous,1
worked,1
fragmentary,1
diffusionist,1
microlithism,1
entite,1
altamira,1
confirmed,1
varies,1
possibilities,1
reach,1
continue,1
charbons,1
secondary,1
ottawa,1
accompanied,1
conditions,1
ben,1
resour,1
confirming,1
chatnes,1
pressed,1
arises,1
biconvex,1
hunting,1
dom,1
sees,1
vices,1
take,1
vensemble,1
subsequent,1
inland,1
frequen,1
persistence,1
improved,1
state,1
emphasized,1
precisely,1
marine,1
deriving,1
classified,1
california,1
item,1
ambiguous,1
behind,1
majeski,1
elucidating,1
confused,1
daniel,1
papers,1
ad,1
cote,1
akin,1
employs,1
desrosiers,1
est,1
takes,1
nar,1
tunisie,1
depending,1
abris,1
dura,1
plains,1
sel,1
amine,1
key,1
histoire,1
translations,1
bones,1
pub,1
explana,1
america,1
nificant,1
acad,1
lim,1
march,1
internationales,1
climatique,1
design,1
eas,1
ered,1
associ,1
activity,1
den,1
sidered,1
mousteriennes,1
expan,1
ance,1
solely,1
intensively,1
occupy,1
obvious,1
fine,1
relhatuc,1
reconsidering,1
taking,1
mental,1
interdisciplinary,1
mater,1
except,1
reflecting,1
x,1
consequent,1
thicknesses,1
senoman,1
indicating,1
cular,1
compo,1
duce,1
reconstruction,1
along,1
constrained,1
correlation,1
acquires,1
orthogonal,1
teristics,1
fragment,1
directed,1
forme,1
analyse,1
behavior,1
corresponding,1
surplus,1
mitre,1
tribute,1
goal,1
technologically,1
includes,1
chatelperronien,1
ployed,1
deux,1
lections,1
willow,1
review,1
relationships,1
agreement,1
dobres,1
reject,1
thinner,1
contempo,1
unstandardized,1
illustrates,1
objective,1
against,1
analyzing,1
setifien,1
laboratoire,1
sociale,1
author,1
processus,1
neighbors,1
interest,1
base,1
archeo,1
relatively,1
basal,1
lationship,1
relations,1
ern,1
raises,1
durant,1
highlighting,1
american,1
coexistence,1
jr,1
encyclopedia,1
vanthropologie,1
employing,1
assured,1
marseille,1
forced,1
dis,1
fattier,1
roche,1
trich,1
diocarbon,1
clay,1
developments,1
items,1
montpellier,1
boucherit,1
times,1
perspective,1
refer,1
sized,1
amount,1
spanned,1
systematique,1
ear,1
response,1
removals,1
lami,1
difficulty,1
versite,1
continuous,1
truly,1
estimate,1
find,1
sci,1
xlviieme,1
storage,1
drawn,1
consequently,1
reflexion,1
journal,1
spite,1
period,1
rep,1
belongs,1
traditions,1
alger,1
yubetsu,1
symp,1
gest,1
adult,1
matieres,1
hardly,1
restricting,1
coal,1
adjust,1
flak,1
communica,1
depths,1
focused,1
apressure,1
distribution,1
economique,1
mechanisms,1
flore,1
transhumance,1
go,1
lala,1
aindokkara,1
governed,1
whose,1
donnses,1
cally,1
reflects,1
ably,1
orientale,1
identification,1
hachi,1
sets,1
principally,1
absent,1
arising,1
across,1
adds,1
ply,1
possession,1
nents,1
basic,1
tertiary,1
na,1
ically,1
afterwards,1
parures,1
typolo,1
etiolles,1
notices,1
torigine,1
coastal,1
subdivision,1
knew,1
profusion,1
risk,1
eight,1
michel,1
viewed,1
leave,1
principe,1
parts,1
exemple,1
ongoing,1
pages,1
pal,1
productive,1
animals,1
concep,1
mation,1
front,1
departement,1
gathering,1
underline,1
shell,1
raymond,1
hook,1
modern,1
arid,1
tern,1
settled,1
acquisition,1
maintaining,1
facilitated,1
prehistory,1
persis,1
organization,1
clark,1
paral,1
statistical,1
encourages,1
afr,1
retained,1
problemat,1
morgan,1
plat,1
emergence,1
cessful,1
suffi,1
bordes,1
proved,1
elsewhere,1
terminologie,1
moderately,1
dyn,1
hartebeest,1
prolifera,1
mary,1
elaborations,1
plications,1
lematic,1
annuaire,1
trifacial,1
frag,1
w,1
ibanez,1
experienced,1
bidirectional,1
exploited,1
additional,1
shorter,1
crabtree,1
ques,1
argu,1
encouragement,1
temporaneous,1
linkage,1
algerien,1
frangaises,1
organisation,1
position,1
princi,1
comprising,1
ouchtata,1
ktefftifnkl,1
problems,1
algerian,1
utah,1
signification,1
guarantee,1
obverse,1
helped,1
tunis,1
tome,1
telidjene,1
decades,1
oblique,1
dispersion,1
methodology,1
dc,1
constructive,1
cretaceous,1
ranges,1
expressed,1
systemes,1
came,1
acceptable,1
whom,1
encyclopedic,1
bearing,1
tem,1
alonzo,1
entered,1
search,1
aurignacienne,1
discoidal,1
octobre,1
struc,1
hitower,1
strongly,1
changed,1
output,1
chotts,1
sedentary,1
relate,1
transfor,1
hamda,1
lubelfs,1
tilemsi,1
oued,1
abnormally,1
inter,1
pre,1
term,1
confidently,1
academic,1
density,1
examen,1
bortalfakher,1
ric,1
neighboring,1
tran,1
understood,1
geomet,1
caves,1
vepipaleolithique,1
currence,1
duced,1
burial,1
portant,1
domestication,1
population,1
wasteful,1
suffered,1
applied,1
exca,1
younger,1
wealth,1
lets,1
setifen,1
expedient,1
confirmation,1
saving,1
absolute,1
parallelepiped,1
paleontologie,1
rectilinear,1
acknowledgments,1
schema,1
impression,1
criteria,1
campement,1
mations,1
globally,1
shape,1
directly,1
artefacts,1
typologically,1
future,1
line,1
jene,1
gatherers,1
ening,1
kifen,1
industrial,1
meridian,1
partir,1
ite,1
strict,1
crit,1
sanonian,1
preferred,1
engrave,1
sliced,1
characterization,1
ufa,1
calls,1
confined,1
nation,1
studia,1
ferent,1
description,1
pocket,1
ten,1
paleoenvironments,1
predominantly,1
continuation,1
fit,1
gravettienne,1
broad,1
people,1
predispose,1
seated,1
actually,1
perishable,1
mise,1
call,1
journee,1
chatne,1
nodules,1
predisposition,1
nor,1
predominance,1
tendency,1
pretation,1
smallest,1
artifact,1
includ,1
universally,1
own,1
ali,1
wastage,1
origi,1
errors,1
regions,1
pyrenees,1
probleme,1
bir,1
chasseens,1
medjezii,1
ist,1
caused,1
societes,1
field,1
compli,1
prevalence,1
multitude,1
stimulated,1
emphasizes,1
arbitrary,1
involved,1
wl,1
habitation,1
sufficient,1
mains,1
few,1
june,1
smithsonian,1
prominent,1
tunite,1
vation,1
mal,1
temporary,1
tation,1
certainly,1
sulting,1
distinguished,1
mel,1
portions,1
boundaries,1
diversified,1
softand,1
always,1
annual,1
os,1
ethnologues,1
correspondence,1
decision,1
explains,1
crolithic,1
noura,1
grateful,1
sendes,1
evoked,1
activities,1
ochre,1
invest,1
seemed,1
obtenues,1
identite,1
maghrebi,1
aurignaci,1
bassin,1
transforming,1
institut,1
ers,1
mentation,1
critical,1
uncommon,1
perceived,1
orate,1
swiatowit,1
highlights,1
quarry,1
fa,1
transform,1
ical,1
reflexions,1
reduced,1
accepts,1
foragers,1
contact,1
summarize,1
scientific,1
methode,1
brassempouy,1
doctoral,1
vention,1
mb,1
overall,1
sous,1
subject,1
geol,1
ancien,1
limited,1
play,1
reinterpreted,1
intended,1
qual,1
nearly,1
exception,1
repartition,1
prove,1
stratigraphy,1
precolonial,1
avail,1
predomi,1
interactions,1
accumulations,1
comments,1
manifest,1
basque,1
initially,1
petit,1
modes,1
put,1
trihedral,1
innovation,1
direction,1
selection,1
phys,1
equilat,1
answering,1
southeast,1
demic,1
eral,1
char,1
faucille,1
iberomaurusien,1
tifiques,1
observer,1
etat,1
makes,1
cor,1
happened,1
nant,1
array,1
sahari,1
under,1
mobile,1
elab,1
boundary,1
dominates,1
imitate,1
tafrique,1
tain,1
vinstitut,1
jll,1
nat,1
experiments,1
miocene,1
assistance,1
essential,1
saw,1
ro,1
cahiers,1
nally,1
ethnographic,1
cairo,1
maglemosian,1
chippin,1
vers,1
ainnaga,1
department,1
erage,1
quotations,1
proach,1
unidirectionality,1
magdaleniens,1
mobilier,1
worldviews,1
ev,1
typo,1
considers,1
aims,1
attribu,1
name,1
geometries,1
paul,1
readjustment,1
compaction,1
blot,1
trois,1
semicircular,1
procured,1
mono,1
seum,1
water,1
smith,1
associa,1
primar,1
tunisienne,1
admit,1
lamelles,1
tuto,1
seasonality,1
importation,1
gested,1
transported,1
plan,1
cha,1
rial,1
agree,1
appeared,1
abstract,1
disturbed,1
choice,1
aih,1
layer,1
ticulates,1
together,1
really,1
idence,1
travaux,1
polyhedral,1
demonstrating,1
proliferation,1
ethno,1
devenir,1
pattern,1
man,1
seldom,1
external,1
puzzling,1
patterns,1
conclusions,1
outside,1
hand,1
ashy,1
fournies,1
habitual,1
innovative,1
characteriza,1
bahiret,1
bidirec,1
mu,1
excavation,1
plained,1
establish,1
relevant,1
culturers,1
viii,1
eg,1
exotic,1
morocco,1
staining,1
native,1
jaspotd,1
lean,1
controversy,1
distance,1
style,1
lel,1
iheme,1
micobladelets,1
wood,1
zsnnouch,1
chair,1
boudy,1
radiocarbone,1
vindustrie,1
convenient,1
ometric,1
degree,1
remove,1
trait,1
analyzed,1
behaviors,1
penetra,1
unsolved,1
investment,1
investigated,1
convexity,1
treated,1
easier,1
disagree,1
apports,1
geogr,1
prepara,1
lake,1
nologiques,1
manufactured,1
leucochroa,1
medium,1
skeletal,1
persists,1
bust,1
entirely,1
food,1
hypotheses,1
emphasize,1
cheria,1
factor,1
mousterian,1
rhum,1
sequence,1
derniers,1
encyclopidie,1
questions,1
absolue,1
tual,1
technologi,1
nothing,1
individuals,1
sible,1
tardiglaciaire,1
full,1
markers,1
states,1
ob,1
karlin,1
advantages,1
continuities,1
excava,1
trade,1
ternal,1
princeps,1
discovered,1
authors,1
oc,1
experimentale,1
se,1
obtaining,1
bi,1
dominated,1
clue,1
decorated,1
co,1
general,1
individual,1
symposium,1
divisions,1
collaboration,1
busela,1
revised,1
leurs,1
diffu,1
him,1
cerzat,1
elabore,1
mask,1
ge,1
uni,1
lie,1
int,1
kept,1
preliminaire,1
provides,1
adequately,1
blage,1
prelim,1
ap,1
novo,1
fauna,1
charac,1
septentrional,1
internal,1
article,1
systems,1
operational,1
become,1
relation,1
prshistorique,1
evoke,1
productional,1
prehistoriens,1
gie,1
effect,1
sig,1
obsidian,1
remainder,1
structure,1
inary,1
confusing,1
hunters,1
natu,1
millenaires,1
karthago,1
slightly,1
southwest,1
chrono,1
figures,1
institution,1
ular,1
relative,1
premieres,1
tenuous,1
opposite,1
overthrew,1
attention,1
exper,1
concluded,1
widely,1
division,1
depuis,1
terri,1
sionist,1
farm,1
manner,1
culturels,1
epipaleolithique,1
inedits,1
consists,1
accepting,1
simpler,1
tance,1
atelier,1
lo,1
dead,1
ity,1
devote,1
tibessa,1
telid,1
me,1
typologie,1
quiruv,1
perspectives,1
irregular,1
tentative,1
processed,1
raise,1
independent,1
redefine,1
figure,1
ecole,1
chance,1
foreign,1
investi,1
bifacially,1
testing,1
fully,1
suspected,1
reasonable,1
microcores,1
evol,1
sec,1
lhatta,1
savantes,1
slow,1
contrast,1
reason,1
bardo,1
translation,1
relilaf,1
widths,1
nihilo,1
thicknesess,1
millennia,1
proposition,1
overlap,1
originated,1
whereby,1
try,1
length,1
graphiques,1
changes,1
saada,1
existed,1
expla,1
surprising,1
stratified,1
education,1
dea,1
occupies,1
paleoclimatiques,1
rencontres,1
gathered,1
premier,1
conservation,1
meant,1
menters,1
ensure,1
dissertation,1
acquired,1
methodes,1
historique,1
environment,1
graphs,1
methodist,1
contained,1
ily,1
resultant,1
mounira,1
constant,1
occasional,1
suite,1
vamistrates,1
datations,1
preface,1
conclusion,1
rflhmani,1
complexity,1
changing,1
grand,1
warrants,1
finest,1
skeleton,1
founded,1
inven,1
extensive,1
geographic,1
mousterien,1
squelette,1
pajeocene,1
extension,1
symbolic,1
discrepancy,1
slope,1
thousand,1
improvement,1
besides,1
xenophile,1
hamran,1
cov,1
offers,1
mediter,1
concurs,1
know,1
defining,1
dimension,1
evokes,1
lamellaire,1
removed,1
invaders,1
principle,1
provence,1
sure,1
country,1
specialized,1
ratio,1
confident,1
lier,1
etal,1
current,1
regard,1
rarely,1
report,1
superposition,1
humain,1
obviously,1
avec,1
benefit,1
curr,1
build,1
placing,1
utilized,1
living,1
terial,1
pri,1
defend,1
cated,1
aiguillons,1
unlikely,1
carefully,1
spatial,1
particular,1
meticulous,1
list,1
references,1
plants,1
supports,1
varying,1
independently,1
imposed,1
lished,1
min,1
add,1
indicates,1
seasonal,1
angela,1
extent,1
lightening,1
characterizes,1
utilitarian,1
interassemblages,1
archeologique,1
serie,1
noticed,1
springer,1
episode,1
meudon,1
phenomena,1
emphasis,1
blages,1
danish,1
contain,1
travel,1
temps,1
deflation,1
characterize,1
practical,1
facial,1
volving,1
little,1
arabic,1
paleoeconomic,1
dard,1
mehrghar,1
reported,1
interet,1
through,1
uniform,1
uhomme,1
exhibit,1
econ,1
alternatives,1
develop,1
belgica,1
vances,1
easy,1
variability,1
serving,1
tried,1
radiation,1
choix,1
duction,1
extended,1
diometric,1
contribute,1
resharp,1
vestigation,1
manufacturing,1
indebted,1
trigger,1
absolues,1
dorsal,1
justified,1
cribed,1
tcole,1
writing,1
coming,1
think,1
rakes,1
precision,1
iments,1
tabular,1
formation,1
until,1
elongated,1
spring,1
drafts,1
semblage,1
unable,1
ence,1
disappear,1
average,1
plausible,1
advent,1
compos,1
decrease,1
ethnographiques,1
chemical,1
morphological,1
ssdentaires,1
contributed,1
varsovie,1
instead,1
salt,1
integrated,1
afrique,1
define,1
hunter,1
canadian,1
aachena,1
smaller,1
archipelago,1
tip,1
southeastern,1
attributes,1
alyawara,1
contamination,1
ond,1
ranged,1
summary,1
needs,1
vi,1
ries,1
offered,1
preferentially,1
carbon,1
outliers,1
ated,1
infor,1
valuable,1
ser,1
themselves,1
algerienne,1
scholarship,1
ral,1
vary,1
quatre,1
impor,1
partial,1
parisien,1
lere,1
maximum,1
dahklet,1
element,1
predisposed,1
equipment,1
surveys,1
supplementary,1
pat,1
gendron,1
discov,1
dif,1
unequivocal,1
meeting,1
col,1
race,1
constitutes,1
row,1
parison,1
faction,1
praehistorica,1
continuously,1
