WORDCOUNTS,WEIGHT
the,1021
and,668
of,644
in,272
a,209
paleolithic,180
to,172
are,158
is,150
middle,128
upper,120
as,102
aurignacian,88
i,83
from,83
eastern,81
with,81
layer,69
v,65
early,65
mousterian,63
this,61
be,57
et,56
or,54
industries,50
on,50
assemblages,48
that,47
de,45
there,43
typical,43
late,42
retouched,41
eup,41
evidence,40
europe,39
site,39
european,39
for,38
pp,38
by,37
which,37
not,37
between,37
sites,36
at,35
some,35
an,34
p,34
local,34
dates,33
but,32
it,31
transition,31
years,31
no,30
m,30
dniester,29
lower,29
gravettian,29
also,28
n,28
industry,28
technology,28
stepanchuk,28
endscrapers,27
bp,27
cohen,27
while,27
dufour,27
blade,26
these,26
such,25
micoquian,25
assemblage,25
crimea,25
k,25
was,24
data,24
carinated,24
both,24
most,23
crimean,23
east,23
sea,23
has,22
paleolit,22
only,22
new,22
molodova,22
levallois,22
central,21
fig,21
backed,21
black,21
probably,21
pieces,21
known,21
have,21
transitional,20
dated,20
stoyanka,20
northern,20
area,20
stillfried,19
b,19
cave,19
caucasus,19
bladelets,18
caucasian,18
can,18
denticulate,17
cultural,17
culture,17
features,17
j,16
similar,16
origins,16
more,16
radiocarbon,16
points,16
western,15
date,15
several,15
plain,15
very,15
may,15
same,15
associated,15
last,14
tools,14
its,14
kostenki,14
paleo,14
yu,14
streletzian,14
paleolithique,14
syuren,14
they,13
origin,13
g,13
l,13
show,13
based,13
heavily,13
part,13
kostienki,13
time,13
layers,13
including,13
characterized,13
interstadial,13
lmp,13
one,12
bifacial,12
modern,12
development,12
homo,12
lithic,12
generally,12
glacial,12
du,12
clear,12
we,12
been,12
seen,12
paleolita,12
ii,11
s,11
typological,11
within,11
than,11
age,11
absolute,11
transcaucasus,11
dnieper,11
arkheologiya,11
chronological,11
kabazi,11
naukova,11
two,11
available,11
many,11
la,11
spitzinian,11
types,11
earliest,11
beginning,11
don,11
include,11
technological,11
o,10
e,10
group,10
charentian,10
rare,10
other,10
burins,10
blades,10
prehistoric,10
well,10
kiev,10
during,10
le,10
nosed,10
flake,10
high,10
prismatic,10
although,10
should,10
denticulated,9
human,9
regarded,9
earlier,9
superieur,9
prut,9
place,9
level,9
suggest,9
about,9
gorodtzovian,9
toward,9
sequence,9
were,9
gubs,9
different,9
type,9
variability,9
might,8
all,8
anetovka,8
characteristic,8
distinct,8
traditions,8
kulychivka,8
acculturation,8
en,8
problem,8
near,8
volume,8
stage,8
components,8
presence,8
latest,8
areas,8
end,8
archaeological,8
almost,8
numerous,8
d,8
c,8
common,7
second,7
first,7
either,7
prolom,7
xiii,7
component,7
sssr,7
includes,7
since,7
zhornov,7
links,7
developed,7
na,7
neanderthalensis,7
changes,7
suggested,7
appearance,7
cores,7
szeletian,7
krems,7
radomyshl,7
up,7
single,7
us,7
frequency,7
pleniglacial,7
paleoliticheskaya,7
after,7
prihistoire,7
intrusive,7
current,7
europienne,7
zagros,7
yielded,7
protohistoric,7
kavkaza,7
remains,7
retouch,7
among,7
h,6
analogies,6
tradition,6
great,6
moscow,6
bifaces,6
represented,6
them,6
their,6
recherches,6
stoyanki,6
international,6
zone,6
cannot,6
highly,6
world,6
various,6
limited,6
southern,6
biological,6
prehistoire,6
liege,6
shows,6
number,6
another,6
questions,6
would,6
general,6
latter,6
sometimes,6
bifacially,6
anatomically,6
extremely,6
maximum,6
does,5
technocomplex,5
studies,5
into,5
po,5
pescheri,5
worked,5
differences,5
regression,5
signs,5
review,5
mnogosloinaya,5
alternately,5
bone,5
journal,5
paudorf,5
arkheologii,5
etudes,5
rather,5
prehistory,5
appear,5
basin,5
analogous,5
r,5
reduction,5
related,5
technotypological,5
small,5
few,5
triangular,5
f,5
kamennomostskaya,5
represents,5
thought,5
stinkovian,5
laterally,5
interstadials,5
adjacent,5
material,5
archeologiques,5
region,5
scaled,5
soobscheniya,5
significant,5
congress,5
three,5
vorona,5
period,5
stages,5
dihedral,5
aurigna,5
problems,5
ivanichi,5
widely,5
brynzeny,5
iii,5
terms,5
through,5
until,5
cian,5
convergent,5
ukraine,5
chokurcha,5
roughly,5
mp,5
currently,4
tion,4
vostochnoy,4
large,4
stone,4
stressed,4
sagvardzhile,4
concentrated,4
humans,4
youngest,4
seems,4
rich,4
similarities,4
petersburg,4
combination,4
paleosol,4
throughout,4
bronzovaya,4
excavations,4
burin,4
elements,4
mesolithic,4
recognized,4
main,4
basic,4
trinka,4
les,4
river,4
mira,4
clearly,4
northeastern,4
regiona,4
pleistocene,4
coincide,4
balkan,4
allow,4
found,4
babin,4
population,4
des,4
predominate,4
trends,4
arkheologicheski,4
least,4
pozdnego,4
reliable,4
archaeology,4
around,4
coast,4
st,4
massive,4
south,4
short,4
ancien,4
classic,4
brief,4
stratigraphy,4
chronology,4
rise,4
dzudzuana,4
polyhedral,4
kratkiye,4
where,4
relevant,4
peschera,4
less,4
palma,4
examples,4
made,4
range,4
discovered,4
lie,4
mainly,4
connections,4
assigned,4
usually,4
quite,4
considered,4
variable,4
pridnestroviya,4
here,4
evropi,4
natural,4
cm,4
believe,4
regard,4
steppe,4
phd,4
cal,4
moyen,4
suggests,4
au,4
gruzii,4
question,4
similarity,4
rockshelter,4
typology,4
sungir,4
supported,4
interaction,4
recent,4
ca,4
assem,4
sa,3
final,3
frequent,3
oriented,3
later,3
represent,3
intriguing,3
succession,3
contemporaneous,3
leningrad,3
microliths,3
position,3
history,3
unlike,3
srednego,3
typologically,3
consistent,3
supposedly,3
verhnego,3
advanced,3
moldova,3
ukrainian,3
context,3
case,3
con,3
ascribed,3
resulted,3
foliacees,3
bohunician,3
iv,3
avmanakh,3
sapiens,3
possible,3
korolevo,3
point,3
along,3
dynamics,3
due,3
ique,3
climautsy,3
leaf,3
forerunners,3
kind,3
occurs,3
zakaukaskich,3
interesting,3
without,3
exact,3
absent,3
remain,3
novoevksinsk,3
process,3
amirkhanov,3
connected,3
pozdniy,3
variant,3
evolution,3
otte,3
tooth,3
elsewhere,3
aly,3
argued,3
kolosov,3
important,3
view,3
radial,3
result,3
cauca,3
contexte,3
eu,3
ogy,3
base,3
understood,3
though,3
recently,3
record,3
levant,3
vorontsovskaya,3
basis,3
sidescrapers,3
older,3
contains,3
truncated,3
attributed,3
approach,3
aurig,3
mediterranean,3
long,3
eem,3
musee,3
geologically,3
majority,3
peculiar,3
steppes,3
preliminary,3
finds,3
society,3
survived,3
therefore,3
likely,3
materials,3
still,3
sovetskaya,3
perspectives,3
al,3
idea,3
abstract,3
suggesting,3
diverse,3
considerable,3
fragments,3
occupied,3
shifts,3
understanding,3
increase,3
korpach,3
pointes,3
processes,3
complicated,3
derived,3
geographically,3
optimum,3
endscraper,3
especially,3
interpretations,3
balkans,3
basically,3
dofinovka,3
separate,3
neanderthal,3
mesto,3
ecological,3
izuchenie,3
mez,3
indicate,3
paleolitu,3
temnata,3
environment,3
then,3
following,3
occurrences,3
anthropology,3
paper,3
cultures,3
seem,3
technocomplexes,3
taubachian,3
reflected,3
techno,3
proposed,3
mouster,3
blages,3
territory,3
rossijskaya,3
formation,3
survival,3
rozhok,3
institua,3
defined,3
shift,3
summary,3
akhshtyrskaya,3
strong,3
flakes,3
southeastern,3
occur,3
hypothesis,3
malaya,2
toolkit,2
mostly,2
popula,2
if,2
kultumiy,2
kamennomostkaya,2
nachalnoy,2
per,2
kinds,2
tend,2
ya,2
true,2
notched,2
excavation,2
ian,2
occurred,2
hominid,2
variants,2
lib,2
contact,2
bizonovaya,2
being,2
rashkov,2
chervony,2
preceding,2
posed,2
production,2
nature,2
staroselian,2
comparatively,2
ans,2
belong,2
wave,2
sloev,2
raising,2
integrate,2
classified,2
logiya,2
seminar,2
vadim,2
hutor,2
panniy,2
paleogeography,2
marked,2
obvious,2
sporadically,2
corre,2
resources,2
correlation,2
bibliotheca,2
sakazhia,2
indicates,2
roumaine,2
affiliation,2
initial,2
supirieur,2
rooted,2
z,2
palaeolithic,2
old,2
verhniy,2
underlying,2
concerning,2
convincing,2
levantine,2
continuous,2
look,2
mesolithique,2
apparently,2
rovno,2
traits,2
influence,2
ment,2
territoriy,2
van,2
nacian,2
ers,2
maiskaya,2
landscape,2
notion,2
mean,2
esr,2
certain,2
mus,2
direct,2
study,2
reason,2
nor,2
t,2
aleshin,2
seas,2
lusakert,2
just,2
dominate,2
traces,2
w,2
sus,2
plenum,2
kudaro,2
decades,2
plaine,2
limaces,2
character,2
could,2
severski,2
krimu,2
sloy,2
zeleniy,2
cz,2
arched,2
bug,2
percentages,2
neighboring,2
occupation,2
caves,2
volini,2
appears,2
dispersal,2
younger,2
semblages,2
centrale,2
periodization,2
possibility,2
bliskim,2
aspects,2
directly,2
episode,2
future,2
dnies,2
artifacts,2
overlying,2
tool,2
significantly,2
arkheologicheskiy,2
multilayered,2
periglacial,2
apparent,2
issues,2
broad,2
densely,2
interac,2
surrounding,2
predominance,2
ter,2
relative,2
concave,2
regions,2
probleme,2
change,2
field,2
plex,2
involved,2
soil,2
hengelo,2
mi,2
essentially,2
core,2
fully,2
paliolithique,2
roots,2
facies,2
sbornik,2
mitoc,2
micropoints,2
horizons,2
led,2
he,2
situation,2
cuban,2
atypical,2
populations,2
stratigraphii,2
sosednih,2
comparative,2
expansion,2
paleolith,2
wschodzie,2
kamenniy,2
gubskogo,2
galben,2
guide,2
prichernomorskaya,2
yet,2
grot,2
interpretation,2
gress,2
kishinev,2
continuity,2
neither,2
included,2
ams,2
locality,2
novaya,2
industrial,2
noted,2
people,2
published,2
double,2
flat,2
brynzenian,2
lack,2
overwhelming,2
obitaniya,2
really,2
strelet,2
pattern,2
cari,2
simple,2
forms,2
took,2
do,2
present,2
non,2
see,2
strategies,2
scraper,2
teeth,2
iassiensis,2
gives,2
valleys,2
degree,2
original,2
technologies,2
paleolite,2
angle,2
ukraini,2
endscrap,2
chewertichnogo,2
matuzka,2
azov,2
khutor,2
theoretical,2
shelter,2
described,2
vii,2
arkheologichniy,2
open,2
tional,2
decorated,2
rozhledy,2
spread,2
probable,2
gornego,2
provides,2
topic,2
ahmarian,2
dans,2
respectively,2
differ,2
spain,2
southwest,2
saw,2
joint,2
rope,2
multiedged,2
independent,2
provide,2
siberia,2
begin,2
perioda,2
negev,2
referred,2
altai,2
sequences,2
recognize,2
often,2
combines,2
analysis,2
sukhaya,2
thick,2
ventrally,2
ash,2
any,2
dispersed,2
comes,2
series,2
university,2
must,2
substrate,2
characteristics,2
kholodnaya,2
nated,2
mezmai,2
cri,2
coincides,2
starosele,2
sagaidak,2
russe,2
microlithic,2
volcanic,2
knapping,2
distribution,2
adaptation,2
zapadnogo,2
institute,2
yield,2
almanah,2
carpathian,2
contain,2
archaeometry,2
malu,2
izucheniyu,2
presented,2
mod,2
kozlowski,2
techniques,2
com,2
phenomenon,2
allows,2
isolated,2
tions,2
remarks,2
our,2
krima,2
praslov,2
ultimately,2
models,2
elongated,2
sediments,2
cherna,2
academii,2
define,2
sur,2
peninsula,2
regular,2
association,2
monas,2
specific,2
arkheo,2
gorny,2
moravian,2
distinctions,2
archaeologica,2
valley,2
entire,2
develop,2
sredi,2
kaya,2
nect,1
navesa,1
brorup,1
archives,1
now,1
zian,1
divisible,1
fined,1
mckinney,1
noviye,1
autres,1
niznedne,1
limits,1
behavioural,1
akshtirskoy,1
difficult,1
gia,1
novie,1
groups,1
zapadnoy,1
separated,1
ermitaza,1
fouilles,1
affected,1
extreme,1
extend,1
environmental,1
kharitonov,1
accords,1
basseina,1
sii,1
trans,1
worthy,1
connection,1
erskaya,1
combine,1
introduction,1
gravettien,1
contradicts,1
tarra,1
expect,1
partie,1
american,1
complex,1
truncation,1
touched,1
moldavia,1
voprosi,1
toire,1
datelist,1
mobility,1
manufac,1
kos,1
technocom,1
precede,1
territoire,1
continent,1
ways,1
mous,1
completely,1
bias,1
additionally,1
easily,1
piznopaleolitichna,1
considerations,1
cific,1
liens,1
geometric,1
dzru,1
tome,1
emphasize,1
presents,1
gabo,1
before,1
ussr,1
chronologii,1
migration,1
territorial,1
amongst,1
root,1
monocentric,1
fluctuations,1
etalf,1
neandertals,1
volchi,1
dnestre,1
transitions,1
nadporizzya,1
hotilevo,1
mico,1
sakazia,1
pescherah,1
tively,1
every,1
constituting,1
rozvitku,1
bouleversement,1
localities,1
stricto,1
neandertaltsi,1
nioradze,1
telmanskaya,1
scientific,1
chronostratigraphie,1
steady,1
attempts,1
mustierskie,1
palynological,1
permanently,1
gin,1
confirmed,1
georgia,1
possibilities,1
reach,1
shaped,1
typologi,1
antropologicheskoe,1
zagadnienie,1
sup,1
stratigraphically,1
leading,1
secondary,1
ble,1
warm,1
accompanied,1
industrie,1
chatelperronien,1
srednem,1
timing,1
potentially,1
analyses,1
europeenne,1
disappearance,1
ences,1
link,1
farther,1
closer,1
peschernaya,1
products,1
bolshaya,1
razvitie,1
quately,1
migrated,1
marine,1
those,1
principal,1
vertebrate,1
stanko,1
reading,1
somewhat,1
vekt,1
ukrainskoy,1
forerunner,1
brinzeny,1
palaeogeographic,1
el,1
datings,1
transcarpathia,1
depends,1
quian,1
issue,1
est,1
geologiya,1
fossils,1
stepey,1
existence,1
krajah,1
voronovitza,1
donu,1
resembles,1
portugal,1
prelimi,1
tsopi,1
key,1
av,1
bones,1
right,1
march,1
drastic,1
stepped,1
zur,1
indirectly,1
vol,1
inverse,1
radiocar,1
tled,1
determined,1
pre,1
ered,1
associ,1
statziya,1
trudov,1
ceding,1
ance,1
ecailles,1
solely,1
porogah,1
fluctuation,1
occupy,1
piperno,1
paleoliticheskogo,1
west,1
occurring,1
variations,1
except,1
ations,1
dynamic,1
compo,1
reconstruction,1
undoubtedly,1
multiplatformed,1
micoquoid,1
fragment,1
izdatelstvo,1
collection,1
reliably,1
harold,1
instituta,1
canyon,1
frequencies,1
technologically,1
gosudarstvennogo,1
thus,1
chetvertichnaya,1
retouching,1
multidimensional,1
relationships,1
southwestern,1
explained,1
stinka,1
peculiarities,1
spectrum,1
bison,1
definitely,1
run,1
pescherakh,1
muralovka,1
charentoid,1
warwasi,1
terraces,1
zhitomir,1
sagvrdzhile,1
ray,1
exam,1
concentrations,1
relations,1
wurm,1
ern,1
thinned,1
prehistoria,1
yrskaya,1
uniformity,1
coexistence,1
vozniknovenie,1
technotypology,1
vanthropologie,1
bohunice,1
rendus,1
barrier,1
dence,1
certaines,1
tbilisi,1
amvrosievka,1
mixed,1
recomendatzii,1
oriniyakckih,1
developments,1
gate,1
blank,1
tuniversite,1
profound,1
chokurchinskaya,1
ha,1
response,1
radom,1
young,1
served,1
compared,1
twice,1
ssr,1
thin,1
find,1
casus,1
bronk,1
coinciding,1
identifications,1
y,1
ambigu,1
multifaceted,1
terrace,1
si,1
unresolved,1
kavkaze,1
excavator,1
komissiipo,1
sary,1
peremoga,1
details,1
savich,1
belokuzminovka,1
stratum,1
stepnom,1
nean,1
adult,1
atypi,1
pronounced,1
transactions,1
infinite,1
pori,1
poorly,1
kultury,1
origine,1
higher,1
biface,1
opposed,1
volga,1
hero,1
sample,1
krajach,1
reflects,1
ably,1
russian,1
transformations,1
moldovian,1
slovenska,1
purely,1
nizable,1
across,1
aur,1
mountain,1
novoev,1
dral,1
explicit,1
levels,1
grote,1
universitat,1
gupps,1
subsistence,1
di,1
logie,1
approaches,1
environments,1
suffer,1
goes,1
reworked,1
lasted,1
imeretii,1
zaporozye,1
ex,1
se,1
arkheologicke,1
entre,1
taries,1
parts,1
archaeologia,1
ass,1
damblon,1
sandy,1
produced,1
bronzovoj,1
periodizatsii,1
evolu,1
consequences,1
scattered,1
unifacial,1
supposed,1
pearance,1
support,1
agne,1
modified,1
problemi,1
neanderal,1
redeposited,1
plus,1
varying,1
skeleton,1
locally,1
possibly,1
krasnaya,1
established,1
vestonice,1
intensive,1
danniye,1
emergence,1
puniversite,1
erian,1
balka,1
weak,1
shore,1
frequently,1
too,1
prevent,1
solid,1
presumed,1
four,1
paleogeograflcheskiy,1
drevniy,1
paleogeograficheskih,1
noire,1
map,1
exceed,1
followed,1
kart,1
dineshti,1
mo,1
provisional,1
tological,1
strategy,1
mon,1
mer,1
approche,1
plausibly,1
leval,1
paleolitic,1
originality,1
penetration,1
closely,1
recog,1
wiirm,1
ketrosi,1
streletskayan,1
whom,1
neander,1
concentration,1
adoption,1
veka,1
szeleta,1
begun,1
faunal,1
search,1
called,1
traditionally,1
cli,1
mestonahozdeniya,1
relating,1
oliva,1
behavioral,1
centers,1
deal,1
transfor,1
noting,1
azykh,1
wad,1
antropologicheskie,1
philosophical,1
terian,1
czech,1
krajow,1
embedded,1
academic,1
trudi,1
further,1
peterburgski,1
equally,1
standardized,1
tran,1
equal,1
mayskaya,1
buried,1
circular,1
sered,1
ior,1
gordineshty,1
burial,1
fluvial,1
transforma,1
excellent,1
alf,1
grounds,1
pronyatin,1
handaxes,1
regres,1
unproven,1
explain,1
truncations,1
wide,1
molo,1
flaked,1
ricent,1
subdivisions,1
barakayevskay,1
alt,1
mations,1
because,1
ilia,1
none,1
issledovanie,1
artefacts,1
stratigrafii,1
thomme,1
materikovykh,1
paleoenvironmental,1
rhumanite,1
revealed,1
makers,1
used,1
spatu,1
zahodnich,1
shouldered,1
gnacian,1
zitomirskaya,1
distinguish,1
concept,1
denticulates,1
leolithic,1
pleistoysenovih,1
bladelet,1
london,1
tributary,1
example,1
knowledge,1
semblage,1
reconfiguration,1
interna,1
prace,1
buteshty,1
description,1
interpleni,1
geology,1
ple,1
whole,1
arkheologicheskoe,1
special,1
northwest,1
iz,1
eurasie,1
constitute,1
records,1
relevance,1
tative,1
stimulate,1
denticu,1
pan,1
turss,1
paleoliticheskoe,1
bucharest,1
typi,1
retouchers,1
somewhere,1
reflect,1
lithique,1
southerly,1
forli,1
interpreted,1
alpina,1
horizon,1
strengthened,1
miss,1
markedly,1
cantly,1
okrain,1
preceded,1
good,1
social,1
transcaucasian,1
indicator,1
odessa,1
revolution,1
involve,1
uscheliya,1
coupled,1
son,1
caucasia,1
charentes,1
reaches,1
mechetka,1
event,1
bank,1
iberia,1
stranska,1
ferskaya,1
multiple,1
zaskapnaya,1
knives,1
descendant,1
geochronologia,1
akshtyrskaya,1
ketrosy,1
anthropos,1
mezolit,1
varianty,1
annual,1
kamennogo,1
when,1
industriy,1
carmel,1
paleoekologiya,1
dnepra,1
results,1
pa,1
correspondence,1
slepanchuk,1
grateful,1
provided,1
mnogoslojniy,1
golovanova,1
ksinsk,1
stadiya,1
geographical,1
seemed,1
distin,1
span,1
nenasitez,1
faceted,1
swiatowit,1
noteworthy,1
gorodt,1
genesis,1
mautsy,1
vestnik,1
istic,1
gordineshti,1
neanderthals,1
variety,1
absence,1
pozdnepaleoliticheskoyeposeleniye,1
attributable,1
sakartvelos,1
koba,1
sitional,1
culturels,1
identified,1
surozh,1
paleoliti,1
appearances,1
located,1
schemes,1
corporation,1
exception,1
mezmaiskay,1
etc,1
repartition,1
fossil,1
willendorf,1
predomi,1
interactions,1
ice,1
drilled,1
movement,1
mea,1
suppose,1
pyrenae,1
bidirectional,1
tends,1
ludey,1
yosef,1
chernish,1
para,1
hominids,1
ostanki,1
pulavska,1
oxford,1
ranniy,1
indus,1
boriskov,1
spe,1
tale,1
reference,1
definable,1
gdograph,1
ukrainy,1
convex,1
database,1
toolkits,1
serve,1
izvor,1
ning,1
under,1
restricted,1
formally,1
kremsien,1
mezolitic,1
pozdnepaleeoliticheskiy,1
falls,1
transcau,1
light,1
shaitan,1
subrecent,1
sharply,1
moust,1
mnogosloinoy,1
belonging,1
jaw,1
climatic,1
sedimen,1
vek,1
reliance,1
kuban,1
bar,1
opment,1
frameworks,1
fairly,1
picture,1
considers,1
useful,1
tries,1
starting,1
name,1
recente,1
sensu,1
kh,1
fell,1
others,1
academy,1
typol,1
chernomorskogo,1
growth,1
shidnoi,1
pannyaya,1
fact,1
avec,1
allem,1
scholars,1
perceptible,1
occurrence,1
recurrent,1
pressure,1
pologne,1
terras,1
rannego,1
nov,1
appeared,1
donetz,1
taxonomy,1
possi,1
contradict,1
break,1
classical,1
chirika,1
srednej,1
quelques,1
debated,1
vanova,1
succeeding,1
warmly,1
man,1
arkheologicheskih,1
external,1
kamennomost,1
chervoniy,1
fits,1
nauk,1
lov,1
karpatskogo,1
remarkable,1
centre,1
covered,1
microlithization,1
il,1
derivation,1
developing,1
plained,1
pamiyatok,1
transcar,1
nance,1
dolni,1
coexisted,1
coincided,1
royal,1
mestonahozdeniy,1
deep,1
above,1
nekotorie,1
cul,1
pronyatyn,1
respec,1
northwestern,1
dihe,1
acknowledgment,1
exhibit,1
meaningful,1
situated,1
vast,1
discussion,1
vremeni,1
survive,1
background,1
treated,1
amersfort,1
explanation,1
preferential,1
asii,1
upon,1
bably,1
gura,1
chronostratigraphic,1
ahshtirskoy,1
ripiceni,1
shlyah,1
geor,1
deposits,1
arose,1
aiy,1
manifestations,1
tipa,1
tribu,1
asian,1
use,1
secondarily,1
unfortunately,1
largely,1
rivers,1
macroregional,1
virtually,1
stalactite,1
resulting,1
bed,1
satisfactorily,1
assign,1
abour,1
hedral,1
technologi,1
continue,1
mezmaiskaya,1
inade,1
behav,1
arkheologia,1
erns,1
ob,1
morskih,1
dating,1
moravie,1
dvoiniy,1
mestonahozdenie,1
rejected,1
etalonnaya,1
refugium,1
peripheral,1
mt,1
tl,1
vers,1
like,1
vaniya,1
kazahskoy,1
exemples,1
chelovek,1
stresses,1
komis,1
kyr,1
represen,1
thalensis,1
caspian,1
ap,1
sian,1
fd,1
ture,1
reezultati,1
samandzhle,1
preponderance,1
ignacian,1
dova,1
parallel,1
geographique,1
slovakia,1
become,1
assessing,1
pro,1
effect,1
staroselie,1
structure,1
slightly,1
seda,1
archeologicke,1
oscillations,1
tendency,1
prichernomorskogo,1
stadii,1
ago,1
prikubanya,1
anatolia,1
auri,1
voloni,1
propose,1
investigations,1
mil,1
lowest,1
issledovaniya,1
transi,1
increasing,1
ranging,1
dealing,1
ona,1
consists,1
asking,1
yields,1
voprosu,1
bon,1
discussing,1
lo,1
ity,1
gradations,1
relationship,1
applications,1
imply,1
geochronology,1
publishing,1
note,1
irregular,1
sostavleniyu,1
involving,1
science,1
baasseyna,1
crucial,1
kultuuri,1
five,1
anatomical,1
vedrovice,1
pecial,1
impressive,1
microhorizon,1
alternate,1
signifi,1
primarily,1
sensitive,1
poly,1
collections,1
strongly,1
bulleten,1
taglar,1
paleogeographiya,1
millennia,1
contribution,1
unclear,1
transformation,1
length,1
ridges,1
antiquity,1
graphical,1
nosovo,1
humic,1
es,1
kill,1
fall,1
bolshogo,1
stratified,1
ing,1
subdivided,1
academie,1
morave,1
ological,1
instances,1
itself,1
face,1
consid,1
unusual,1
problematic,1
prirodnaya,1
paleoliticherskie,1
regularly,1
dannie,1
stable,1
detail,1
materialy,1
burned,1
transcarpathian,1
differentiated,1
disap,1
suggestions,1
musf,1
heavy,1
navalishen,1
moldovan,1
gruzinskoy,1
mezolita,1
complexity,1
kultura,1
homogeneity,1
peoples,1
krimskogo,1
chabai,1
consider,1
liticheskaya,1
extending,1
paleogeogra,1
demonstrate,1
regulated,1
geographic,1
poitou,1
mousterien,1
zaskalnaya,1
maikop,1
precise,1
beitrag,1
terrestrial,1
sujet,1
contradicted,1
paleoliticheskiye,1
sciences,1
alternative,1
quaternary,1
anisy,1
set,1
der,1
dzhruchula,1
know,1
kontsa,1
gradatziya,1
continental,1
each,1
glaciation,1
sure,1
issledo,1
anthropo,1
worth,1
ratio,1
gor,1
inclined,1
global,1
continu,1
cautiously,1
stratigraphic,1
prikubaniya,1
gone,1
bu,1
anthropol,1
half,1
basins,1
bubuleshti,1
scenario,1
komisji,1
ported,1
pamyatnik,1
severnom,1
exhibits,1
far,1
kulturah,1
nary,1
comptes,1
bryansk,1
stalingradskaya,1
ous,1
historical,1
kama,1
closest,1
climate,1
utilized,1
uppermost,1
works,1
advances,1
msmoires,1
resharpening,1
zeleny,1
according,1
unlikely,1
notable,1
lyubin,1
proceedings,1
combined,1
unique,1
spatial,1
whether,1
issledovaniy,1
ones,1
making,1
references,1
transcarpathians,1
orleans,1
particular,1
alekseev,1
nenasy,1
paleolandscape,1
edinburgh,1
interval,1
zaskafnaya,1
extent,1
consisting,1
culturel,1
require,1
migrations,1
lowermost,1
influenced,1
ori,1
views,1
scenarios,1
zor,1
transgression,1
paleoecology,1
replacement,1
trusion,1
infant,1
skaya,1
mediterra,1
imeretian,1
solve,1
researchers,1
occasionally,1
lois,1
preserved,1
evi,1
dvoinoy,1
logical,1
ill,1
prehis,1
introduced,1
despite,1
moldavie,1
thals,1
became,1
devel,1
recommendations,1
mystze,1
lies,1
step,1
rogachev,1
sion,1
siuren,1
skala,1
palaeogeo,1
paleoliticheskih,1
alternating,1
basseyna,1
materialam,1
bradley,1
using,1
ized,1
definitions,1
rovira,1
rannepaleolithicheskie,1
prepared,1
tenki,1
okolo,1
named,1
materiali,1
evropeiskiy,1
devoted,1
caucase,1
molodovian,1
argument,1
unikalnaya,1
dniprovskogo,1
kebara,1
lates,1
zones,1
autochthonous,1
nile,1
decrease,1
accept,1
industrii,1
archeologicznej,1
sredney,1
phy,1
interpret,1
paleoethnologie,1
tetz,1
comportementale,1
manufacture,1
product,1
evolutsii,1
scalar,1
climautzi,1
france,1
akhsht,1
shells,1
consequence,1
oldest,1
ranged,1
indices,1
mae,1
dniprovih,1
klyazma,1
niznego,1
kukh,1
pear,1
transcarpathi,1
penetrated,1
eurasiatic,1
km,1
sitnik,1
broadening,1
discontinuous,1
consisted,1
needle,1
poczatkow,1
vary,1
kompleksniy,1
agrees,1
sponds,1
partial,1
dibble,1
alyoshin,1
exclusively,1
odderade,1
given,1
korpachian,1
re,1
provskogo,1
duration,1
much,1
comparable,1
periodyzacja,1
north,1
metod,1
observed,1
meeting,1
indicating,1
close,1
obstanovka,1
discern,1
zubchatom,1
