WORDCOUNTS,WEIGHT
the,1090
of,770
and,570
in,447
to,284
a,276
monte,220
oaxaca,135
valley,135
was,108
from,107
that,104
period,104
with,104
at,103
alban,102
zapotec,92
for,89
on,84
were,81
as,77
pp,69
is,67
settlement,64
mixtec,63
regional,58
by,53
j,52
de,52
sites,52
political,50
societies,50
their,49
not,49
i,48
state,48
centers,47
et,47
this,46
mixteca,46
other,43
postclassic,43
early,43
complex,42
collapse,41
classic,41
into,39
its,39
more,38
it,36
m,36
an,36
late,35
these,35
have,35
or,34
r,34
regions,33
new,32
would,32
southern,31
we,31
are,31
center,30
american,30
university,30
had,30
population,30
san,30
but,30
mexico,30
k,30
be,30
social,29
conquest,28
phase,28
than,28
no,28
change,28
ancient,28
site,27
evolution,27
alta,27
expansion,27
evolutionary,27
one,26
which,26
carved,25
coastal,25
patterns,25
urban,25
ejutla,25
sola,24
origin,24
survey,24
archaeology,23
control,23
evidence,23
has,22
transition,22
between,22
could,21
p,21
balkansky,21
first,20
may,20
academic,20
ilia,20
formation,20
ii,19
g,19
coast,19
museum,19
chiefly,19
region,19
been,19
states,19
tion,18
stone,18
marcus,18
part,18
formative,18
culture,18
time,18
huamelulpan,18
e,17
central,17
throughout,17
research,17
outside,17
archaeological,17
historical,17
building,17
mesoamerica,16
albdn,16
within,16
growth,16
found,16
data,16
small,16
pattern,16
local,16
la,16
rise,16
kingdoms,16
capital,16
cities,16
divergent,16
history,15
after,15
study,15
society,15
cloud,15
cruz,15
excavations,14
polities,14
rio,14
las,14
both,14
hilltop,14
writing,14
studies,13
most,13
competing,13
during,13
ceramic,13
later,12
s,12
cerro,12
eastern,12
conflict,12
support,12
cultural,12
near,12
also,12
model,12
elite,12
caso,12
separate,12
natural,12
ramos,12
middle,12
rulers,12
modern,11
before,11
highland,11
there,11
context,11
prior,11
some,11
piedmont,11
fig,11
even,11
l,11
ceramics,11
stones,11
decline,11
periods,11
second,11
v,11
significant,11
ties,11
times,11
saw,11
complexity,11
over,11
valleys,11
size,11
through,11
c,11
major,11
occurred,10
yucuita,10
santa,10
distant,10
shell,10
monuments,10
then,10
argue,10
current,10
foundation,10
became,10
great,9
such,9
en,9
strategy,9
del,9
structures,9
own,9
published,9
joyce,9
instituto,9
end,9
seen,9
began,9
each,9
our,9
interaction,9
if,8
large,8
cuicatlan,8
transitions,8
production,8
all,8
human,8
development,8
single,8
y,8
his,8
similar,8
understand,8
origins,8
project,8
critical,8
verde,8
two,8
less,8
use,8
continued,8
often,8
nacional,8
known,8
nearby,8
laguna,8
imperial,8
must,8
territory,8
models,8
negro,8
land,8
potential,8
among,8
tayata,7
agency,7
former,7
excavation,7
lower,7
long,7
chiefdoms,7
key,7
possible,7
compared,7
journal,7
highlands,7
b,7
changes,7
monumental,7
beyond,7
view,7
jalieza,7
public,7
persons,7
work,7
place,7
trends,7
suggest,7
several,7
soil,7
presence,7
defensible,7
kowalewski,7
department,7
power,7
nochixtldn,7
where,7
processes,7
especially,7
craft,7
centuries,7
frontier,7
changing,7
anthropology,7
tomb,7
terraced,7
byland,7
baja,7
city,7
until,7
include,7
d,7
reached,7
nochixtlan,6
likely,6
h,6
being,6
seems,6
sought,6
vol,6
since,6
hierarchy,6
bernal,6
urbanization,6
civilization,6
york,6
landscape,6
process,6
productive,6
plaza,6
established,6
emergence,6
access,6
residential,6
publications,6
teotihuacan,6
excavated,6
few,6
texas,6
world,6
mogote,6
south,6
territorial,6
vanderbilt,6
comparative,6
soon,6
same,6
scholars,6
antropologia,6
do,6
empire,6
necessary,6
made,6
militaristic,6
jose,6
high,6
become,6
structure,6
nashville,6
pohl,6
outcome,6
paper,6
best,6
multiregional,6
instead,6
minas,6
specific,6
entire,6
focus,6
much,6
should,6
now,5
environmental,5
they,5
authority,5
greater,5
isthmus,5
popula,5
concentrated,5
link,5
marine,5
surveys,5
ad,5
system,5
prehispanic,5
establishment,5
dynamic,5
zone,5
framework,5
tribute,5
historically,5
perspective,5
what,5
main,5
w,5
show,5
surface,5
viejo,5
route,5
home,5
changed,5
events,5
mesoamerican,5
though,5
explain,5
because,5
personal,5
away,5
surrounding,5
systematic,5
memoirs,5
when,5
deer,5
therefore,5
led,5
contact,5
scientific,5
populations,5
economic,5
located,5
limited,5
still,5
zope,5
inhabitants,5
many,5
longer,5
took,5
present,5
institutions,5
another,5
extended,5
sequence,5
full,5
provides,5
exchange,5
ethnohistory,5
provide,5
el,5
indicate,5
construction,5
form,5
ever,5
tamazulapan,5
set,5
different,5
unknown,5
propaganda,5
places,5
phd,5
beginning,5
unique,5
agricultural,5
map,5
suggests,5
subject,5
years,5
although,5
need,5
colleagues,5
off,5
km,5
norman,5
abandoned,5
re,5
common,4
episodes,4
introduction,4
village,4
mexican,4
necessarily,4
factor,4
rate,4
taken,4
spencer,4
rapid,4
continue,4
leading,4
paramount,4
suggesting,4
somewhat,4
threshold,4
case,4
recorded,4
conquests,4
feinman,4
royal,4
relationships,4
cuicatldn,4
neighbors,4
cases,4
cacicazgo,4
ha,4
continuous,4
alliances,4
whose,4
without,4
generations,4
direct,4
ongoing,4
kilns,4
provinces,4
funeral,4
consider,4
latin,4
impact,4
house,4
four,4
followed,4
iconography,4
appearance,4
erosion,4
neighboring,4
occupation,4
oklahoma,4
cannot,4
flannery,4
used,4
brought,4
heavily,4
actors,4
broad,4
aztec,4
cluster,4
rulership,4
interregional,4
autonomy,4
dmtg,4
results,4
genealogical,4
f,4
relationship,4
about,4
once,4
pacific,4
yet,4
continuity,4
under,4
included,4
towns,4
shows,4
break,4
adjacent,4
covered,4
tell,4
perhaps,4
number,4
range,4
arose,4
largely,4
three,4
like,4
so,4
administrative,4
earlier,4
unoccupied,4
blanton,4
relative,4
grayware,4
equals,4
independent,4
science,4
florescence,4
danzantes,4
transformation,4
antiquity,4
analysis,4
fall,4
claims,4
anthropological,4
prehistory,4
circumstances,4
extant,4
did,4
linked,4
far,4
past,4
them,4
making,4
particular,4
tututepec,4
emergent,4
transport,4
multiple,4
role,4
shown,4
lands,4
dense,4
exploraciones,4
integration,4
conquered,4
francisco,4
territories,4
era,4
deposition,4
recent,4
resolve,3
difficult,3
does,3
decentralized,3
edge,3
estimated,3
names,3
ultimate,3
lintel,3
flores,3
lowlands,3
buffer,3
test,3
diffusion,3
came,3
sources,3
household,3
militarism,3
implications,3
military,3
might,3
action,3
secondary,3
together,3
timing,3
concludes,3
take,3
subsequent,3
petty,3
represent,3
scenario,3
ary,3
issue,3
iv,3
design,3
account,3
marked,3
outlying,3
powers,3
consumers,3
west,3
point,3
signal,3
contemporaneous,3
surrounded,3
due,3
millennium,3
relatively,3
arriba,3
houses,3
intersocietal,3
ment,3
walls,3
lesser,3
town,3
elaborate,3
how,3
remain,3
ex,3
discoveries,3
placed,3
founding,3
dc,3
prehistoric,3
based,3
rivals,3
cuicatec,3
allow,3
out,3
initial,3
ethnohistorical,3
further,3
graywares,3
dumbarton,3
cambridge,3
alt,3
hierarchies,3
none,3
prized,3
tributary,3
knowledge,3
tombs,3
indigenous,3
showing,3
status,3
polity,3
staple,3
good,3
giant,3
successful,3
portions,3
boundaries,3
roots,3
provided,3
settle,3
will,3
he,3
matter,3
architecture,3
cessation,3
tropical,3
hold,3
represents,3
chronology,3
historia,3
transformations,3
already,3
rosario,3
expansionist,3
sector,3
lack,3
demographic,3
foodstuffs,3
areas,3
never,3
precinct,3
ecology,3
remained,3
lost,3
alliance,3
including,3
previously,3
concern,3
food,3
linking,3
emphasize,3
products,3
historic,3
grew,3
defense,3
defensive,3
function,3
problems,3
internal,3
systems,3
narrow,3
story,3
conveyed,3
corridor,3
quiotepec,3
perspectives,3
crucial,3
claimed,3
widespread,3
mitla,3
life,3
existed,3
canada,3
earliest,3
environment,3
monument,3
any,3
associated,3
comes,3
conclusion,3
founded,3
know,3
leaders,3
episodic,3
eventually,3
separating,3
rural,3
preurban,3
cal,3
alfonso,3
whether,3
extent,3
inscriptions,3
too,3
presented,3
thereby,3
little,3
courses,3
centro,3
returning,3
went,3
slain,3
varied,3
tions,3
come,3
argument,3
integrated,3
consolidated,3
unified,3
effects,3
remains,3
roughly,3
elites,3
strong,3
climax,3
nicholas,2
final,2
entities,2
dominant,2
ruling,2
limits,2
valle,2
fase,2
preclassic,2
tierra,2
measures,2
durante,2
sphere,2
crossing,2
expect,2
settlements,2
needed,2
kinds,2
designed,2
asserted,2
park,2
yucuftudahui,2
revered,2
cultura,2
princeton,2
controlled,2
themes,2
plunket,2
t,2
noble,2
contingent,2
emerged,2
cuilapan,2
nature,2
latent,2
likeliest,2
tradition,2
assess,2
display,2
right,2
xoo,2
reveal,2
improved,2
skull,2
solidify,2
diversify,2
papers,2
triggered,2
traits,2
existence,2
linear,2
east,2
occupant,2
causation,2
primary,2
coveted,2
withdrawal,2
condition,2
expan,2
crossed,2
alone,2
cited,2
bowls,2
warfare,2
exist,2
centralized,2
includes,2
accessible,2
review,2
oaxacanists,2
saville,2
mixtecs,2
eventual,2
dynamics,2
against,2
terraces,2
domain,2
moment,2
relations,2
conducted,2
refer,2
multiroom,2
left,2
converging,2
find,2
marital,2
cafiada,2
subphases,2
capitals,2
phases,2
mechanisms,2
competition,2
carlada,2
rather,2
links,2
residence,2
notion,2
template,2
wake,2
variant,2
spores,2
parts,2
contributions,2
periodic,2
inah,2
reason,2
empires,2
developments,2
civilizations,2
organization,2
descent,2
reshaping,2
consolidate,2
clearly,2
proved,2
elsewhere,2
n,2
numbers,2
displays,2
calendar,2
talleres,2
ceremony,2
painted,2
famed,2
important,2
drawing,2
contention,2
my,2
trafficked,2
mesoam,2
discount,2
called,2
estudios,2
shared,2
pass,2
relate,2
dates,2
ceramica,2
understood,2
nobles,2
third,2
hinterland,2
block,2
province,2
burial,2
invading,2
record,2
possibility,2
well,2
watershed,2
caflada,2
sity,2
los,2
prominent,2
explains,2
fail,2
beginnings,2
people,2
interac,2
forces,2
proliferation,2
reflect,2
etla,2
stanford,2
class,2
urn,2
researchers,2
related,2
field,2
especial,2
raiding,2
nonresidential,2
next,2
contrast,2
macroregions,2
emerging,2
spanish,2
xoxocotlan,2
sufficient,2
concerns,2
highly,2
reported,2
villages,2
annual,2
up,2
paid,2
preliminary,2
massive,2
activities,2
defended,2
processual,2
situation,2
demand,2
reduced,2
variety,2
synthesis,2
minizundo,2
unstable,2
nearly,2
miniyua,2
community,2
make,2
expanded,2
interactions,2
strategic,2
selection,2
corpus,2
ballcourts,2
fit,2
coverage,2
evolved,2
us,2
temperate,2
participants,2
fringes,2
lowland,2
initiation,2
diquiyu,2
shifting,2
activity,2
accelerated,2
largest,2
reports,2
begins,2
noted,2
only,2
considers,2
mound,2
again,2
others,2
experienced,2
projects,2
efforts,2
endless,2
fundamental,2
pressure,2
depict,2
larger,2
monumentality,2
amn,2
memorias,2
debates,2
contemporary,2
variation,2
considerable,2
man,2
discussed,2
tlacolula,2
external,2
question,2
see,2
coincided,2
coincident,2
material,2
distance,2
understanding,2
situated,2
background,2
explanation,2
trajectory,2
formal,2
clustered,2
epigraphic,2
mosaic,2
empirical,2
causes,2
questions,2
ethnic,2
trative,2
option,2
traders,2
outpost,2
nevertheless,2
theoretical,2
underwent,2
excava,2
platform,2
authors,2
comprehensive,2
recognize,2
spread,2
features,2
diversity,2
uni,2
colo,2
probable,2
losing,2
martin,2
construct,2
founda,2
subvalleys,2
somehow,2
date,2
parallel,2
pro,2
obsidian,2
figures,2
convergent,2
pottery,2
codices,2
buildings,2
transi,2
program,2
begin,2
arqueologia,2
lines,2
male,2
who,2
un,2
strongly,2
sequences,2
legitimacy,2
periodo,2
whereby,2
settled,2
sharp,2
expectations,2
proyecto,2
composed,2
imperialism,2
problematic,2
interpretive,2
burned,2
stratigraphic,2
confederates,2
dispersed,2
broke,2
univer,2
peoples,2
complexes,2
geographic,2
graficos,2
charles,2
temple,2
sustained,2
alternative,2
kirkby,2
adminis,2
cultures,2
exploration,2
seem,2
politics,2
invoke,2
report,2
goods,2
build,2
hilltops,2
distinctive,2
proposed,2
living,2
assessment,2
better,2
stood,2
resembled,2
growing,2
purported,2
syn,2
combined,2
maintain,2
theory,2
problem,2
thames,2
require,2
information,2
teposcolula,2
art,2
grand,2
ruled,2
commonly,2
investment,2
extensive,2
exceeded,2
completed,2
interpolity,2
takeover,2
intensified,2
institutional,2
finally,2
define,2
product,2
obvious,2
measured,2
association,2
shift,2
ftuifie,2
increased,2
archaic,2
supported,2
discontinuous,2
array,2
traditional,2
redmond,2
zones,2
simulta,2
meeting,2
urns,2
sion,2
intimately,1
rfotonameca,1
revo,1
ments,1
margins,1
fined,1
transportation,1
currently,1
zero,1
o,1
done,1
frequent,1
oriented,1
horizontal,1
way,1
jaltepec,1
cacicazgos,1
stylistic,1
groups,1
imported,1
created,1
asenta,1
facade,1
northernmost,1
separated,1
mixtepec,1
peaceful,1
admin,1
personnel,1
affected,1
coevolutionary,1
conquerors,1
extend,1
insufficiently,1
fiction,1
offset,1
lated,1
foraging,1
resided,1
miguel,1
eliminated,1
succession,1
informa,1
originate,1
panamericano,1
systemic,1
per,1
forcing,1
quinones,1
likewise,1
pendants,1
residences,1
replaced,1
flan,1
eroded,1
ana,1
diplomatic,1
multifaceted,1
stem,1
wasteland,1
ethnogenesis,1
terminated,1
columns,1
diversification,1
algunas,1
formed,1
confines,1
true,1
motivation,1
ways,1
nuts,1
approaches,1
coalition,1
bias,1
mountaintop,1
propagandists,1
ballcourt,1
ms,1
conclusive,1
motive,1
ceremonial,1
undertaken,1
signifies,1
cycles,1
equated,1
antropologica,1
behavior,1
total,1
ambitious,1
stretches,1
tells,1
source,1
absence,1
sprawled,1
sic,1
highlight,1
summarize,1
said,1
okla,1
reinos,1
expanding,1
archaeologists,1
homos,1
provision,1
invention,1
every,1
constituting,1
topographic,1
preceding,1
creation,1
mateo,1
pervasive,1
exclusive,1
exaggerated,1
debating,1
belinda,1
walk,1
diego,1
address,1
sub,1
corridors,1
script,1
actual,1
lomas,1
sosola,1
worked,1
heavens,1
departure,1
geografia,1
jambs,1
aforementioned,1
gary,1
comparatively,1
immense,1
reach,1
principles,1
summation,1
contextual,1
attractive,1
available,1
sup,1
parenthetic,1
accompanied,1
formativo,1
thank,1
differences,1
compounds,1
wave,1
veyed,1
supernatural,1
spaced,1
fruits,1
studied,1
zapo,1
subdued,1
raising,1
uncovered,1
immortal,1
real,1
tilantongo,1
listing,1
ronald,1
iconogra,1
search,1
feature,1
embrace,1
caliente,1
hallados,1
unspecified,1
precisely,1
situ,1
those,1
principal,1
mexicon,1
investigations,1
diplomacy,1
signs,1
berdan,1
lution,1
worldwide,1
rethinking,1
seminar,1
kalbfleisch,1
british,1
complementary,1
con,1
preventing,1
botanical,1
edges,1
plain,1
payne,1
volumen,1
householders,1
tie,1
cerdmica,1
autonomous,1
stretched,1
king,1
westernmost,1
motion,1
bases,1
explana,1
demography,1
agriculture,1
discuss,1
geophysical,1
figs,1
investiga,1
replacement,1
wheel,1
felt,1
aimn,1
lifetime,1
prevailing,1
ered,1
concentrating,1
sidered,1
comple,1
dedica,1
brockin,1
functions,1
move,1
occupy,1
arenas,1
consumed,1
exemplars,1
occurring,1
reflecting,1
very,1
resources,1
uncertain,1
overlooking,1
consolidating,1
chart,1
along,1
constrained,1
precipitous,1
prototype,1
albin,1
collection,1
split,1
evaluating,1
attract,1
phenomenal,1
corresponding,1
surplus,1
colonized,1
stress,1
exposed,1
ranked,1
labor,1
repeatedly,1
bleeding,1
goal,1
thus,1
andrew,1
debris,1
apex,1
chiefs,1
constructed,1
reused,1
influx,1
immediate,1
reject,1
othdn,1
resembling,1
embryonic,1
triggering,1
unpublished,1
divine,1
interest,1
characteristic,1
dents,1
exam,1
contributors,1
distri,1
ern,1
occurs,1
elabo,1
heightened,1
disengage,1
uniformity,1
actas,1
markets,1
multitier,1
seeming,1
century,1
expected,1
nested,1
forced,1
ware,1
partment,1
kind,1
slabs,1
big,1
turn,1
inhabited,1
santo,1
ethnohistorically,1
clay,1
individual,1
distinct,1
elements,1
items,1
old,1
secondand,1
reyes,1
evident,1
keep,1
document,1
sized,1
accurately,1
architectural,1
body,1
response,1
serving,1
concert,1
wares,1
subordinate,1
consulted,1
served,1
lineage,1
circumference,1
effective,1
twice,1
ninefold,1
compare,1
drawn,1
factions,1
student,1
deceased,1
instruments,1
look,1
details,1
border,1
ada,1
albavs,1
clientele,1
terror,1
gest,1
captive,1
pronounced,1
generation,1
influence,1
bypassed,1
rates,1
poorly,1
focused,1
incentive,1
costa,1
unlikely,1
ued,1
failed,1
vm,1
coeval,1
oxford,1
excavate,1
via,1
interesting,1
weapon,1
neces,1
reflects,1
identification,1
exact,1
underway,1
bring,1
subvalley,1
bypassing,1
vanished,1
centered,1
declaring,1
clmcatlan,1
mountain,1
incipient,1
influential,1
junction,1
levels,1
tepec,1
concerted,1
policies,1
highway,1
subsistence,1
kept,1
excavators,1
signaled,1
requisite,1
outward,1
determining,1
risk,1
supplement,1
captives,1
thing,1
loma,1
importance,1
connec,1
sacrificed,1
completas,1
illustrations,1
resettlement,1
summarized,1
consequences,1
scattered,1
space,1
mediate,1
supposed,1
troublesome,1
fulfill,1
means,1
brunswick,1
conformed,1
discernible,1
byproducts,1
drill,1
biased,1
cause,1
stepwise,1
recaptured,1
oaxa,1
suroeste,1
intensive,1
cess,1
resi,1
photographs,1
sum,1
producers,1
just,1
informe,1
fortifications,1
spirit,1
aly,1
gradually,1
instrument,1
curred,1
fore,1
observations,1
exemplify,1
shrinking,1
nascent,1
benefited,1
presumed,1
orientation,1
communities,1
operate,1
heading,1
recovered,1
resource,1
additional,1
powerful,1
polar,1
exceed,1
notions,1
comparisons,1
neither,1
profound,1
hereafter,1
instance,1
plenum,1
nists,1
shifted,1
abandonments,1
care,1
antecedents,1
vandals,1
locale,1
providing,1
decades,1
escritura,1
cut,1
appear,1
trajectories,1
dependency,1
hot,1
encircling,1
chrome,1
angela,1
uses,1
result,1
advance,1
confederation,1
inten,1
thousands,1
evolutionist,1
unfold,1
concentration,1
location,1
arrival,1
yucufiudahui,1
adduce,1
fortunes,1
histories,1
carrying,1
entering,1
chipped,1
solved,1
ambitions,1
mapping,1
lived,1
nuundda,1
signify,1
claw,1
demands,1
shortly,1
dispute,1
onyx,1
noting,1
configuration,1
percentages,1
captured,1
accompany,1
struggles,1
compromised,1
zeitlin,1
term,1
evaluate,1
doubled,1
bution,1
handbook,1
exceptional,1
shadowed,1
fourth,1
lose,1
standardized,1
zontal,1
equal,1
usurper,1
rfo,1
select,1
fauces,1
skilled,1
versity,1
duced,1
oaxacans,1
nating,1
versed,1
meet,1
promise,1
precldsico,1
obras,1
alf,1
scale,1
intertwined,1
otherwise,1
contiguous,1
amenable,1
cruciform,1
universidad,1
amassed,1
guarantee,1
facilities,1
networks,1
erican,1
method,1
sacrifice,1
oaxaqueftos,1
scene,1
ena,1
scribe,1
warriors,1
precept,1
undemonstrated,1
participation,1
militarized,1
ascend,1
distinguish,1
degrees,1
paleoenvironmental,1
line,1
revealed,1
mapped,1
climes,1
urbano,1
caftada,1
bc,1
residents,1
bolster,1
steep,1
zarate,1
imports,1
tool,1
vying,1
palacio,1
conse,1
mented,1
occupants,1
murals,1
purpose,1
casa,1
apparent,1
reconfiguration,1
arms,1
domi,1
positions,1
pocket,1
istrative,1
loss,1
dynasties,1
realm,1
gave,1
arqueoldgico,1
triumvirate,1
obscured,1
boletin,1
trenchment,1
issues,1
climatic,1
perimeters,1
imitations,1
concentrate,1
actually,1
sixfold,1
boom,1
ernmost,1
zompa,1
winter,1
internacional,1
larqas,1
specialization,1
documented,1
mathematical,1
lifeways,1
contentious,1
formations,1
nor,1
attention,1
specifi,1
cicco,1
interpreted,1
horizon,1
sance,1
ethnicity,1
mari,1
hidden,1
count,1
rack,1
approach,1
responding,1
messages,1
either,1
massacre,1
creamwares,1
preceded,1
intellec,1
multiplicity,1
solution,1
least,1
painting,1
caused,1
level,1
below,1
uninterrupted,1
revolution,1
humiliated,1
trading,1
politically,1
nial,1
stimulated,1
emphasizes,1
lambityeco,1
ward,1
geomorphology,1
claim,1
event,1
involved,1
soci,1
sole,1
charismatic,1
proximate,1
stemmed,1
wider,1
smithsonian,1
nochix,1
zapotecan,1
debatable,1
investigaciones,1
notation,1
ton,1
essentially,1
ancestral,1
ancestors,1
nuundaa,1
tended,1
impossible,1
widely,1
whatsoever,1
mientos,1
nonresi,1
characterizes,1
customary,1
visible,1
articulation,1
london,1
overlords,1
majority,1
dependent,1
fortress,1
proper,1
genealogi,1
intersoci,1
structured,1
culturas,1
blind,1
sitio,1
rest,1
nuifle,1
mechanism,1
particles,1
estelas,1
antiguas,1
settlers,1
cite,1
chronological,1
span,1
void,1
threatened,1
timeless,1
arrangement,1
proxy,1
tterras,1
onset,1
resides,1
holds,1
mesa,1
mysterious,1
accompa,1
tively,1
guarded,1
drainage,1
compara,1
statecraft,1
identified,1
indicative,1
separation,1
cientifica,1
advanced,1
short,1
wrote,1
rule,1
corporation,1
motivated,1
kilometers,1
brief,1
fruit,1
ignacio,1
unsystematic,1
culver,1
constraints,1
prove,1
capacity,1
predomi,1
comments,1
unprecedented,1
targeted,1
backdrop,1
movement,1
atop,1
lo,1
procession,1
hero,1
abrupt,1
surveyed,1
religious,1
zeal,1
measure,1
southeast,1
cafl,1
calendario,1
nuine,1
overplaying,1
anticipates,1
simultaneous,1
kent,1
permission,1
examined,1
opportunities,1
dential,1
danzante,1
overthrown,1
legitimation,1
corroborated,1
acknowledgments,1
serve,1
ring,1
challenged,1
selective,1
boundary,1
favorable,1
thesis,1
perceived,1
neoevolutionism,1
missing,1
symptomatic,1
paddock,1
logia,1
complete,1
abandon,1
depopulated,1
al,1
resumen,1
preeminent,1
visitors,1
jaguar,1
frameworks,1
maintained,1
raids,1
picture,1
sacked,1
comparably,1
cream,1
chose,1
volume,1
nous,1
culturales,1
oaks,1
fire,1
goals,1
name,1
mendizdbal,1
gional,1
disengagement,1
discussions,1
buildup,1
subregions,1
comparison,1
fell,1
molina,1
garrison,1
ranted,1
pan,1
ridgeline,1
knowing,1
backed,1
thereafter,1
contin,1
successively,1
water,1
archaeologi,1
stratification,1
overload,1
encompassed,1
reconsid,1
head,1
cumulative,1
tumultuous,1
occupations,1
foods,1
instability,1
quio,1
residen,1
repopulated,1
miahuatldn,1
mural,1
correla,1
ethnohistoric,1
ble,1
lacks,1
governed,1
catalogued,1
anthro,1
diverse,1
surfaces,1
farming,1
gray,1
borders,1
focuses,1
granting,1
everything,1
doubt,1
resolved,1
pennsylvania,1
fashion,1
anthropologist,1
reasonable,1
hand,1
determinism,1
likelihood,1
ground,1
chain,1
posit,1
erica,1
manner,1
retreat,1
square,1
redonda,1
fellowship,1
continuing,1
competitors,1
crash,1
bead,1
accepted,1
overextended,1
establish,1
hinterlands,1
foot,1
strategies,1
cesses,1
recount,1
ports,1
spoke,1
sprawling,1
incursions,1
swing,1
belief,1
begun,1
exceeds,1
frequency,1
glyphs,1
style,1
assemblage,1
threats,1
monopoly,1
tec,1
shifts,1
locations,1
outlines,1
lintels,1
poli,1
maya,1
anticipate,1
tanware,1
entity,1
demonstrated,1
archi,1
breakdown,1
emanating,1
private,1
microscopic,1
greatest,1
likelier,1
vast,1
socioenvironmental,1
divided,1
campaigns,1
registers,1
gordon,1
considering,1
apogee,1
discovery,1
ocelotepec,1
upon,1
originated,1
onto,1
rapidity,1
poly,1
atzompa,1
sarily,1
concurrent,1
huajuapan,1
increase,1
colonize,1
contacts,1
samples,1
crafts,1
hieroglyphic,1
bust,1
seis,1
redistribution,1
iso,1
refers,1
excavaciones,1
assume,1
ceeding,1
ideas,1
catalyst,1
bitter,1
occupied,1
styles,1
discontinuity,1
tual,1
tehuantepec,1
nothing,1
individuals,1
atten,1
check,1
chosen,1
purposeful,1
discontinu,1
california,1
optimistic,1
epic,1
students,1
continuities,1
described,1
open,1
significance,1
explorations,1
switched,1
leads,1
receptacles,1
directed,1
modem,1
depicting,1
oc,1
noachian,1
nut,1
urbanism,1
raided,1
dominated,1
congreso,1
faces,1
codex,1
co,1
workers,1
antropo,1
held,1
rationalized,1
boletln,1
derived,1
characterized,1
reviewers,1
flood,1
traveled,1
depopulation,1
stages,1
lie,1
pyramidal,1
filled,1
practiced,1
phy,1
renewal,1
threefold,1
disintegration,1
kaye,1
reuse,1
unwar,1
subfloor,1
neutral,1
quick,1
why,1
demarcate,1
occupa,1
juncture,1
grip,1
declare,1
tossed,1
inauguration,1
displayed,1
coyotera,1
radiate,1
can,1
seattle,1
hierarchical,1
sug,1
lay,1
salina,1
parameters,1
terracing,1
ouadalupe,1
versus,1
overthrow,1
institution,1
destruction,1
tamazula,1
nantly,1
indige,1
negative,1
motif,1
unfolded,1
fails,1
factors,1
tempo,1
seasons,1
indication,1
fifty,1
stage,1
progeny,1
lineages,1
ity,1
quence,1
assigned,1
para,1
imply,1
modification,1
fein,1
dual,1
wards,1
note,1
overburden,1
george,1
bold,1
figure,1
zaachila,1
ecological,1
foreign,1
guests,1
types,1
suggestive,1
pieces,1
hill,1
tejupan,1
arrow,1
altitude,1
order,1
primarily,1
bulletin,1
predict,1
reconocimiento,1
trait,1
predatory,1
dimensions,1
camino,1
mirroring,1
transformed,1
yale,1
effectively,1
fending,1
lightning,1
interplay,1
relevant,1
iconographic,1
rapidly,1
consolidation,1
owed,1
gallery,1
pristine,1
cease,1
fe,1
united,1
inferior,1
elsa,1
dead,1
kings,1
lar,1
unbur,1
tial,1
pressures,1
promi,1
seat,1
speak,1
exchanged,1
stable,1
middens,1
considered,1
door,1
stephen,1
fertility,1
school,1
undertook,1
cannon,1
reciprocal,1
abandonment,1
seriously,1
bean,1
believed,1
antecedent,1
series,1
mentioned,1
intensification,1
calendrical,1
ism,1
patios,1
conflate,1
demonstrate,1
attributes,1
poised,1
contribu,1
possibly,1
unbroken,1
continues,1
theme,1
totality,1
rival,1
unin,1
physical,1
discrete,1
reconnaissance,1
huachino,1
neously,1
text,1
symbol,1
hasten,1
nying,1
offers,1
here,1
cover,1
integrative,1
urnas,1
replace,1
excess,1
revolutionized,1
colonization,1
homa,1
xxvii,1
readily,1
yegttih,1
specialized,1
worth,1
attribute,1
strated,1
nent,1
sampling,1
believe,1
forebears,1
gone,1
preadapted,1
daub,1
clas,1
etal,1
tandem,1
anthropol,1
half,1
guild,1
allied,1
iii,1
hysteria,1
spaniards,1
exotic,1
written,1
section,1
steeped,1
particu,1
works,1
gaxiola,1
advances,1
archival,1
respect,1
turned,1
defend,1
born,1
diversified,1
according,1
hall,1
sectors,1
outgrowth,1
ruins,1
return,1
catastrophic,1
economy,1
intersocietai,1
investigation,1
fuego,1
phenom,1
implicit,1
terms,1
stability,1
enormity,1
exploitable,1
ones,1
references,1
orleans,1
supports,1
cornerstones,1
character,1
add,1
covers,1
indicates,1
mere,1
ait,1
firmly,1
ripe,1
ceased,1
unnecessary,1
preordained,1
tightly,1
exposures,1
densities,1
always,1
prestige,1
create,1
vehicle,1
fodder,1
precursor,1
abruptly,1
ocotlan,1
migrations,1
threat,1
hundreds,1
library,1
creamware,1
universe,1
haps,1
outlyingprovinces,1
finished,1
vessels,1
epiclassic,1
naked,1
uniting,1
inadequate,1
trees,1
careful,1
prehis,1
refinement,1
sculpture,1
farmland,1
lewski,1
comparaci,1
wrought,1
giving,1
redondo,1
plans,1
disciplines,1
step,1
adjoining,1
rationale,1
recounts,1
quintaysexta,1
arguments,1
encircled,1
discussion,1
colonial,1
families,1
mention,1
gain,1
eroding,1
byword,1
coming,1
hori,1
terminal,1
sparked,1
contrasts,1
charco,1
tomas,1
fortified,1
miahuatlan,1
promoted,1
breaks,1
multiethnic,1
recording,1
reaction,1
ignored,1
inscribed,1
generate,1
solely,1
autochthonous,1
initiated,1
fractious,1
expressions,1
nonlinear,1
national,1
write,1
embarked,1
washington,1
sprung,1
aware,1
mode,1
artificial,1
publishing,1
burnt,1
tulane,1
wish,1
sat,1
course,1
indications,1
insight,1
advantageous,1
regime,1
sur,1
smaller,1
catastrophism,1
fondo,1
vacant,1
sification,1
photograph,1
defined,1
forming,1
await,1
area,1
madison,1
effec,1
roles,1
soils,1
enclosed,1
anonymous,1
ied,1
offered,1
vessel,1
apart,1
pioneering,1
coincidences,1
bisect,1
posture,1
attending,1
ergy,1
themselves,1
shrank,1
broadening,1
rejection,1
hills,1
commodity,1
communi,1
skeptically,1
partial,1
plaques,1
views,1
bounds,1
element,1
pologist,1
given,1
adopted,1
develop,1
duration,1
immediately,1
conventions,1
seek,1
comparable,1
panic,1
famous,1
nahuatl,1
delineate,1
eties,1
successive,1
relocated,1
showed,1
primera,1
termed,1
unify,1
close,1
inventories,1
costly,1
discern,1
looking,1
undemon,1
chronous,1
