WORDCOUNTS,WEIGHT
the,2350
and,1475
of,1411
in,710
to,469
a,421
de,393
with,247
p,244
as,214
is,210
orinoco,208
pp,203
that,200
la,181
by,162
from,156
are,144
el,130
was,127
on,127
for,123
have,122
del,113
were,110
venezuela,101
at,95
los,94
this,93
or,91
an,91
y,81
llanos,80
been,78
which,76
has,75
it,74
archaeology,73
en,72
river,70
these,69
be,67
area,66
archaeological,64
middle,63
other,62
there,62
basin,59
not,58
cultural,57
between,57
new,56
complex,55
such,55
site,55
lower,54
their,54
ceramics,52
sites,52
two,52
early,52
groups,47
ceramic,47
they,45
some,45
phase,45
also,45
series,45
based,42
bp,42
regional,42
university,41
political,41
tradition,38
orinoquia,38
could,38
related,38
about,38
years,38
gasson,38
social,37
m,36
more,36
different,36
western,35
than,35
upper,35
period,35
universidad,34
south,34
san,33
piedmont,33
dates,33
most,33
societies,33
late,33
its,33
venezuelan,33
but,33
region,33
sequence,33
i,32
chiefdoms,32
br,32
associated,32
zucchi,32
j,31
style,31
population,30
high,30
c,30
e,29
american,29
into,29
colombia,29
cueva,29
settlement,29
small,29
material,29
three,29
although,29
arauquinoid,28
sanoja,28
one,27
barrancoid,27
cano,27
un,27
among,27
state,26
those,26
r,26
data,26
et,26
pottery,26
research,26
pattern,26
where,26
local,26
historical,26
evidence,26
located,25
eastern,25
styles,25
andean,25
boletin,25
central,24
no,24
important,24
first,24
ecological,24
las,24
possible,24
barrancas,23
prehispanic,23
all,23
use,23
we,23
indicate,23
venezolana,22
well,22
used,22
characterized,22
corozal,21
very,21
near,21
chronology,21
only,21
exchange,21
ronquin,21
arqueologia,21
agricultural,21
villages,20
rivers,20
similarities,20
l,20
main,20
rouse,20
identified,20
defined,20
investigaciones,19
tropical,19
subsistence,19
out,19
andes,19
including,19
according,19
them,19
s,18
cruxent,18
bowls,18
ritual,18
since,18
may,18
una,18
k,18
w,18
during,18
presence,18
materials,18
saladoid,18
probably,18
northern,18
guayana,18
while,18
complexes,18
sociopolitical,17
america,17
barinas,17
ware,17
excavations,17
editorial,17
tempered,17
around,17
several,17
amazon,17
decoration,17
areas,17
similar,17
general,17
can,17
known,17
d,17
stone,16
date,16
relationships,16
development,16
acta,16
had,16
cordillera,16
carried,16
vargas,16
analysis,16
archaic,16
tion,15
studies,15
human,15
differences,15
within,15
system,15
sociedad,15
distribution,15
changes,15
organization,15
delta,15
occupation,15
people,15
estado,15
para,15
less,15
patterns,15
painting,15
antiquity,15
forests,15
seem,15
seasonal,15
interaction,15
group,14
maize,14
production,14
g,14
santa,14
savannas,14
b,14
study,14
proposed,14
found,14
polychrome,14
artifacts,14
characteristics,14
ethnographic,14
many,14
present,14
ethnic,14
described,14
through,14
com,14
traditional,14
h,13
tarble,13
served,13
landscape,13
suggested,13
because,13
part,13
various,13
limited,13
ancient,13
rock,13
forms,13
made,13
trade,13
open,13
dry,13
who,13
recovered,13
introduction,12
amazonas,12
great,12
component,12
agriculture,12
past,12
traditions,12
century,12
prehistory,12
n,12
atures,12
espeleologia,12
remains,12
muisca,12
museo,12
indigenous,12
t,12
regions,12
least,12
would,12
so,12
cedenoid,12
investigations,12
colombian,12
types,12
forest,12
over,12
information,12
reported,12
colonial,12
states,12
much,12
large,11
led,11
arqueologico,11
ii,11
ciencias,11
seems,11
roosevelt,11
includes,11
terraces,11
decorated,11
phases,11
without,11
communities,11
appearance,11
shapes,11
f,11
he,11
gruta,11
indicates,11
religious,11
carom,11
al,11
model,11
simple,11
rio,11
range,11
began,11
plains,11
saladero,11
wagner,11
cultivation,11
economy,11
osoid,11
camoruco,11
indians,11
cambridge,11
fondo,11
society,11
center,10
settlements,10
globular,10
barrancos,10
history,10
variety,10
contact,10
spencer,10
con,10
preceramic,10
sobre,10
along,10
sierra,10
bolivar,10
caves,10
place,10
level,10
alto,10
lithic,10
annual,10
up,10
preliminary,10
second,10
units,10
populations,10
economic,10
lowland,10
power,10
toward,10
occupations,10
diverse,10
consists,10
arte,10
far,10
apure,10
both,10
cedral,10
re,10
north,10
final,9
common,9
mouth,9
village,9
survey,9
sacred,9
existence,9
gavin,9
relatively,9
fig,9
valloid,9
mean,9
four,9
show,9
greater,9
prehistoric,9
wide,9
makers,9
later,9
change,9
stage,9
climate,9
results,9
ceremonial,9
cientifica,9
instituto,9
appeared,9
contemporary,9
perhaps,9
hypotheses,9
pozo,9
features,9
vegetation,9
earlier,9
suggest,9
aboriginal,9
natural,9
her,9
art,9
vessels,9
role,9
need,9
km,9
recent,9
does,8
o,8
stylistic,8
red,8
position,8
long,8
analyses,8
redmond,8
west,8
resources,8
sphere,8
savanna,8
sp,8
beginning,8
rather,8
his,8
landscapes,8
dated,8
origins,8
nericagua,8
result,8
interpretations,8
facultad,8
su,8
amazonia,8
approach,8
world,8
oso,8
will,8
motifs,8
historia,8
same,8
others,8
time,8
caracas,8
do,8
como,8
evolution,8
low,8
points,8
allowed,8
puerto,8
caroni,8
ad,8
mounds,8
curbati,8
practice,8
incised,8
banco,8
here,8
gran,8
control,8
anthropology,8
phd,8
parmana,8
gold,8
linguistic,7
pendants,7
ways,7
sources,7
geometric,7
azul,7
hunting,7
cerro,7
context,7
practices,7
vol,7
primary,7
x,7
prehispdnico,7
medio,7
networks,7
journal,7
van,7
highlands,7
obtained,7
levels,7
ex,7
importance,7
entre,7
portuguesa,7
possibly,7
objects,7
intensive,7
latin,7
impact,7
exploitation,7
barse,7
flakes,7
raw,7
record,7
subarea,7
formations,7
excavated,7
whitehead,7
isla,7
betania,7
activities,7
periods,7
ana,7
expansion,7
formative,7
amerindian,7
palm,7
nevada,7
chiefdom,7
antropologia,7
covered,7
above,7
meta,7
ecology,7
another,7
understanding,7
divided,7
increase,7
monte,7
questions,7
caribbean,7
mountain,7
life,7
land,7
pro,7
mainly,7
yacimiento,7
petroglyphs,7
assigned,7
five,7
support,7
construction,7
considered,7
then,7
bottles,7
complexity,7
clearly,7
particular,7
suggests,7
multiple,7
press,7
aspect,7
our,7
until,7
provided,7
integration,7
painted,7
manioc,7
should,7
way,6
if,6
represent,6
environmental,6
guyana,6
lowlands,6
being,6
came,6
orinoquian,6
archaeologists,6
venezolano,6
ariari,6
nature,6
shaped,6
studied,6
intercambio,6
tributaries,6
techniques,6
sixteenth,6
mm,6
macapaima,6
characteristic,6
wet,6
tribal,6
scrapers,6
basic,6
process,6
amazonian,6
certain,6
cauixi,6
burials,6
productive,6
elements,6
jars,6
permanent,6
arqueologicas,6
wares,6
international,6
osgood,6
inter,6
nineteenth,6
lathrap,6
talleres,6
aspects,6
work,6
desarrollo,6
cachamay,6
ancestral,6
precipitation,6
corresponds,6
bank,6
funerary,6
creation,6
incision,6
geographical,6
trabajo,6
might,6
community,6
still,6
reconstruction,6
make,6
flat,6
yet,6
sociocultural,6
under,6
department,6
water,6
laguna,6
ground,6
remarkable,6
native,6
represented,6
antropoldgico,6
radiocarbon,6
clear,6
historic,6
diversity,6
relative,6
propose,6
relationship,6
order,6
causeways,6
composed,6
nacional,6
dispersed,6
peoples,6
flanged,6
each,6
interciencia,6
east,6
current,6
agiierito,6
alluvial,6
cal,6
bajo,6
tierroid,6
howard,6
fine,6
observed,6
quartz,6
reached,6
valley,6
ayacucho,6
technological,6
ments,5
indicated,5
distributed,5
designed,5
modern,5
shares,5
archae,5
season,5
trinidad,5
definition,5
available,5
location,5
coming,5
rockshelters,5
cuenca,5
designs,5
except,5
warfare,5
thus,5
lara,5
z,5
norte,5
clay,5
ct,5
guayabero,5
concerning,5
ediciones,5
contrary,5
herbaceous,5
six,5
alliances,5
spite,5
ecosystems,5
developed,5
how,5
flake,5
ce,5
cojedes,5
understand,5
mora,5
cocuy,5
merida,5
absolute,5
caquetio,5
view,5
dispersion,5
public,5
houses,5
territorio,5
initial,5
academic,5
burial,5
criteria,5
hierarchies,5
almost,5
network,5
basis,5
crushed,5
revealed,5
sociedades,5
northwest,5
climatic,5
rims,5
systematic,5
interpreted,5
polity,5
trees,5
mound,5
eco,5
components,5
when,5
confluence,5
established,5
grado,5
chronological,5
became,5
situation,5
absence,5
andina,5
gallery,5
islands,5
southern,5
reports,5
williams,5
riverine,5
pressure,5
end,5
guiana,5
adjacent,5
unit,5
arawakan,5
cul,5
carinated,5
polities,5
sn,5
contacts,5
food,5
jose,5
floodplains,5
like,5
plant,5
abundant,5
ture,5
integrated,5
narrow,5
structure,5
ethnohistory,5
workshop,5
division,5
factors,5
inhabitants,5
matraquero,5
lines,5
yale,5
nuevo,5
escuela,5
ensayos,5
environment,5
any,5
following,5
habitation,5
municipality,5
masl,5
did,5
pta,5
batwing,5
ideological,5
ar,5
goods,5
distinctive,5
works,5
living,5
places,5
what,5
emphasis,5
holocene,5
revista,5
using,5
culebra,5
yanomami,5
negro,5
conditions,5
atabapo,5
association,5
showed,5
vessel,5
point,5
sectors,5
thought,5
close,5
major,5
origin,4
meaning,4
resulted,4
industry,4
formed,4
classify,4
source,4
pie,4
diffusion,4
localities,4
subject,4
secondary,4
ramic,4
atlantic,4
centers,4
interfluvial,4
dating,4
vidal,4
bases,4
fundacion,4
shared,4
soils,4
titulo,4
functions,4
variations,4
processes,4
establishment,4
labor,4
regarding,4
iron,4
heinen,4
base,4
mixed,4
prehistoria,4
apostadero,4
associates,4
agua,4
casanare,4
tentatively,4
apparently,4
piedra,4
raudal,4
ment,4
higher,4
lesser,4
town,4
across,4
guaviare,4
guianas,4
se,4
form,4
tence,4
shell,4
consider,4
creek,4
organized,4
informe,4
beyond,4
roller,4
migratory,4
always,4
dominant,4
charcoal,4
shamanistic,4
called,4
typical,4
sedentary,4
fishing,4
ethnohistorical,4
further,4
hinterland,4
recently,4
publications,4
explain,4
perera,4
hunters,4
gatherers,4
having,4
iboa,4
zoomorphic,4
contexts,4
numerous,4
casa,4
description,4
year,4
intermediate,4
structures,4
ethnohis,4
reflect,4
table,4
field,4
below,4
impresos,4
plex,4
few,4
migration,4
intermedia,4
highly,4
coast,4
fully,4
cemetery,4
sitio,4
triangular,4
evergreen,4
classic,4
inhabited,4
mucuchies,4
competition,4
precolumbian,4
restricted,4
included,4
culture,4
prehispanica,4
sector,4
considers,4
include,4
fire,4
chama,4
towards,4
shows,4
lack,4
idea,4
predominant,4
considerable,4
fragments,4
flooded,4
occupied,4
after,4
number,4
original,4
classes,4
banks,4
modelo,4
upon,4
deposits,4
piaroa,4
symbolic,4
ecologia,4
maintenance,4
times,4
derived,4
revised,4
stages,4
probable,4
ap,4
occidentales,4
problems,4
ornaments,4
supported,4
saw,4
boomert,4
hato,4
species,4
smaller,4
european,4
front,4
poblamiento,4
see,4
earliest,4
stable,4
osborn,4
langebaek,4
intensification,4
extensive,4
graficos,4
physical,4
sombra,4
besides,4
der,4
dif,4
colonization,4
caribe,4
intrusive,4
report,4
abrigo,4
clarito,4
lache,4
advances,4
stamps,4
surpluses,4
investigation,4
terms,4
supports,4
temperatures,4
academia,4
extent,4
pursued,4
serie,4
size,4
casiquiare,4
litical,4
oriente,4
barambina,4
palmar,4
models,4
antilles,4
arauqum,4
rockshelter,4
instead,4
dense,4
pictographs,4
ciudad,4
already,4
needs,4
specific,4
modeling,4
tribes,4
ronqum,4
manufactured,4
arizona,4
ollas,4
frequent,3
difficult,3
mostly,3
serpentinite,3
edge,3
fase,3
preclassic,3
extreme,3
tierra,3
northeast,3
miguel,3
manuscript,3
territorial,3
per,3
sitios,3
speakers,3
mesoamerica,3
identify,3
ma,3
herrera,3
sabana,3
evidencias,3
favor,3
necessarily,3
minor,3
occurred,3
millennium,3
po,3
nuevas,3
confluencia,3
fluctuations,3
framework,3
ha,3
torical,3
connection,3
antiguas,3
implications,3
give,3
address,3
emerged,3
route,3
wooden,3
humana,3
suggesting,3
together,3
exotic,3
thanks,3
inland,3
guarguapo,3
last,3
ob,3
marine,3
abrigos,3
principal,3
cafio,3
somewhat,3
macrosystems,3
shorter,3
papers,3
debitage,3
projectile,3
fernando,3
iv,3
tachira,3
account,3
discrepancies,3
develop,3
chieftaincy,3
zone,3
sand,3
collection,3
mid,3
hierarchy,3
centralized,3
review,3
additional,3
dynamics,3
winds,3
interior,3
trujillo,3
interest,3
relations,3
ern,3
interpret,3
jr,3
biosphere,3
narratives,3
distinct,3
perspective,3
response,3
single,3
thin,3
geological,3
terrace,3
pueblo,3
spread,3
swamps,3
leadership,3
warao,3
drained,3
york,3
lagunillas,3
investigacion,3
federal,3
arvelo,3
intenso,3
punto,3
grupos,3
colom,3
direct,3
preliminar,3
gathering,3
starch,3
subsis,3
accounts,3
space,3
gional,3
rain,3
key,3
emergence,3
elevated,3
placed,3
lleras,3
alta,3
surface,3
connecting,3
plates,3
cotua,3
pleistocene,3
dc,3
valleys,3
closely,3
access,3
seven,3
shield,3
density,3
particularly,3
neighboring,3
shall,3
applied,3
noroeste,3
plexes,3
peneplains,3
documented,3
bc,3
comprises,3
brought,3
tributary,3
tdchira,3
nu,3
gave,3
older,3
internacional,3
rituals,3
optar,3
ethnohistoric,3
status,3
refuse,3
oriental,3
published,3
bone,3
ological,3
emerging,3
quibor,3
deco,3
temporary,3
oro,3
hosororo,3
dependent,3
reflected,3
mazaruni,3
finds,3
settle,3
critical,3
therefore,3
merous,3
architecture,3
short,3
chronol,3
constraints,3
expanded,3
chaeological,3
movement,3
quence,3
southeast,3
interpretation,3
museum,3
array,3
us,3
home,3
grouped,3
floor,3
belonging,3
useful,3
piedemonte,3
stemmed,3
organizations,3
decorative,3
growth,3
projects,3
demographic,3
lacked,3
cultivated,3
rupestre,3
simpler,3
scholars,3
documents,3
seasonality,3
larger,3
nucleated,3
interaccion,3
parallel,3
man,3
informativo,3
calzada,3
biblioteca,3
accepted,3
establish,3
axes,3
paria,3
deep,3
sediments,3
begun,3
bearers,3
remained,3
horizon,3
vast,3
complejo,3
chiefly,3
surfaces,3
tipo,3
eighteenth,3
ethnology,3
sixth,3
ariporo,3
elite,3
identity,3
findings,3
antropologica,3
maria,3
congress,3
ideas,3
harvard,3
colombiana,3
interethnic,3
netherlands,3
language,3
congreso,3
faces,3
tubers,3
belongs,3
caso,3
collected,3
black,3
latter,3
especially,3
corobal,3
systems,3
evolutionary,3
acquire,3
distant,3
equivalent,3
adaptations,3
contribuciones,3
maracaibo,3
discussing,3
lo,3
pres,3
perspectives,3
she,3
independent,3
caicara,3
usually,3
copa,3
pe,3
seen,3
force,3
juan,3
contexto,3
graphical,3
elsa,3
ing,3
fields,3
centuries,3
months,3
exists,3
uso,3
addressed,3
claims,3
school,3
anthropological,3
antropoldgica,3
received,3
simply,3
geographic,3
guanarito,3
elaborate,3
linear,3
know,3
rocosos,3
correspond,3
specialized,3
tocuyanoid,3
best,3
unknown,3
leaders,3
aguerito,3
basins,3
humid,3
type,3
proceedings,3
combined,3
plants,3
alaka,3
supplemented,3
geo,3
adaptation,3
cazorla,3
riparian,3
generally,3
gavan,3
presented,3
little,3
slopes,3
quartzite,3
centro,3
easy,3
lies,3
territory,3
obtain,3
tions,3
andino,3
differentiated,3
multiethnic,3
capacho,3
specialists,3
temporal,3
avila,3
proyecto,3
product,3
speak,3
increased,3
vertical,3
flooding,3
charac,3
hills,3
ferent,3
ataruipe,3
estudio,3
gulf,3
strong,3
zones,3
dos,3
arawak,3
occur,3
sa,2
thickened,2
go,2
ajuar,2
portuguese,2
patrilineages,2
significant,2
forces,2
concerned,2
confederations,2
created,2
followed,2
mesothermic,2
affected,2
mochuelo,2
nororiente,2
fea,2
precolombina,2
spurred,2
deciduous,2
tipologfa,2
mobility,2
deltaic,2
algunas,2
organic,2
tures,2
authority,2
cedeiioid,2
peaks,2
modos,2
approaches,2
done,2
pressing,2
sherds,2
universiteit,2
easily,2
subseries,2
ms,2
considerations,2
municipio,2
policy,2
cm,2
excavation,2
noreste,2
total,2
before,2
middlemen,2
promote,2
manicaria,2
riod,2
terized,2
archaeo,2
corresponding,2
extending,2
formativas,2
test,2
montalbdn,2
island,2
highlighted,2
fluvial,2
either,2
hamlets,2
griddles,2
supposedly,2
negra,2
concentrated,2
attempt,2
rare,2
lomas,2
precondition,2
analogies,2
prac,2
sustainable,2
geografia,2
drawn,2
strip,2
displacement,2
belong,2
advantage,2
typological,2
formativo,2
char,2
follows,2
reveal,2
curtenius,2
sees,2
unidady,2
subsequent,2
consist,2
ocune,2
greatly,2
rethinking,2
case,2
side,2
sophisticated,2
dr,2
mirinday,2
tobago,2
arcaico,2
mass,2
right,2
blanca,2
uneven,2
armand,2
culturas,2
determined,2
logical,2
trapecio,2
ered,2
activity,2
ramon,2
crossed,2
stratigraphy,2
interdisciplinary,2
surrounded,2
corre,2
fluorescence,2
economies,2
convex,2
mul,2
directed,2
exposed,2
bogota,2
throughout,2
fol,2
apex,2
tasajera,2
southwestern,2
pied,2
modify,2
evans,2
locations,2
yopal,2
invisibility,2
reject,2
thinner,2
contemporaneous,2
due,2
against,2
canaima,2
grupo,2
integral,2
occurs,2
carlos,2
coexistence,2
espacio,2
oliver,2
transitional,2
ecosystem,2
theoretical,2
defense,2
par,2
items,2
dean,2
epoca,2
giffen,2
columbia,2
optaral,2
elefante,2
compare,2
flexuosa,2
storage,2
even,2
cuaternario,2
banador,2
practically,2
pos,2
kidder,2
document,2
instituut,2
tesis,2
sition,2
hammerstones,2
estilo,2
paste,2
poorly,2
walls,2
mechanism,2
mentioned,2
poor,2
recognized,2
whose,2
essential,2
identification,2
critica,2
rounded,2
lie,2
historicities,2
coastal,2
tary,2
cultigen,2
eight,2
parts,2
ongoing,2
choque,2
special,2
influence,2
white,2
outflaring,2
summarized,2
guane,2
roth,2
altitude,2
arid,2
perceptions,2
lar,2
measured,2
circulated,2
old,2
plus,2
rated,2
linked,2
proved,2
northeastern,2
relationados,2
flights,2
indications,2
depart,2
cotton,2
tides,2
pology,2
scaramelli,2
aborigenes,2
maporita,2
management,2
formaciones,2
nebraska,2
ranges,2
uses,2
advance,2
my,2
anthropogenic,2
posible,2
migrant,2
tural,2
histories,2
petroglifos,2
search,2
traditionally,2
midden,2
struc,2
autonomous,2
ago,2
imprenta,2
defensive,2
ogy,2
prelittoral,2
im,2
monagas,2
none,2
pots,2
share,2
kinship,2
fourth,2
reasons,2
war,2
mate,2
fundamentally,2
sharply,2
tools,2
viewed,2
residential,2
produced,2
younger,2
scale,2
wealth,2
hypothetical,2
required,2
enough,2
morey,2
directly,2
hybrid,2
perez,2
correctly,2
egalitarian,2
intense,2
cavelier,2
poblacion,2
future,2
london,2
purpose,2
knowledge,2
apparent,2
produccion,2
punta,2
positions,2
criticized,2
cial,2
literature,2
categories,2
fit,2
obscured,2
toric,2
broad,2
unidad,2
formerly,2
beads,2
schubert,2
examined,2
specialization,2
spaces,2
away,2
believes,2
greer,2
occidente,2
project,2
ter,2
redistribution,2
relaciones,2
picture,2
enclosures,2
interregional,2
sense,2
nuevos,2
distances,2
shaping,2
amacuro,2
tested,2
nine,2
contrast,2
nofurei,2
etnicidad,2
soci,2
bands,2
spanish,2
workshops,2
driving,2
members,2
starting,2
prestate,2
observe,2
thereby,2
played,2
concluded,2
prehispanico,2
antropohgica,2
brown,2
agricola,2
notes,2
lepage,2
scientia,2
lincoln,2
beverages,2
sago,2
tiempo,2
venezolanos,2
pao,2
marked,2
processual,2
noteworthy,2
ical,2
gan,2
attempts,2
fijo,2
mocao,2
comienzos,2
depth,2
comparative,2
agricul,2
cannibalism,2
thermoluminescence,2
mangrove,2
exception,2
object,2
blackand,2
rabo,2
egges,2
dle,2
seemingly,2
surveyed,2
ask,2
direction,2
exceeded,2
maneta,2
ruette,2
oxford,2
floods,2
marginal,2
albert,2
boundary,2
ventuari,2
today,2
bo,2
variedad,2
ams,2
issues,2
economicas,2
minicia,2
communal,2
begins,2
hearth,2
noted,2
warekena,2
altos,2
tailed,2
onwards,2
caros,2
runs,2
stated,2
falls,2
towns,2
mucuchfes,2
longer,2
inves,2
datos,2
fundamental,2
fluence,2
assess,2
carbonized,2
grog,2
bombay,2
anthro,2
ideology,2
walther,2
feasting,2
variation,2
golden,2
succeeding,2
v,2
manos,2
shrubs,2
square,2
mutual,2
strategies,2
batatuy,2
rapids,2
headwaters,2
homenaje,2
por,2
adas,2
centralization,2
differentiation,2
degree,2
connections,2
vegetational,2
examine,2
simon,2
tween,2
analyzed,2
cen,2
extended,2
intermedi,2
otomaco,2
indiana,2
roraima,2
treated,2
assemblages,2
bear,2
dominance,2
challenging,2
postclassic,2
giraldo,2
modelled,2
polio,2
samples,2
medium,2
tribu,2
mavaca,2
macroregional,2
excavaciones,2
products,2
trend,2
take,2
variables,2
sible,2
markers,2
hardened,2
displacing,2
ties,2
discovered,2
colombiano,2
peripheral,2
highlight,2
dominated,2
essay,2
rains,2
sed,2
sabanas,2
function,2
creating,2
mexico,2
distinction,2
linking,2
tablished,2
martin,2
caraipe,2
internal,2
eyes,2
bordered,2
relation,2
dabajuroid,2
xvi,2
sig,2
torians,2
hierarchical,2
availability,2
learn,2
differ,2
spain,2
southwest,2
chorro,2
streams,2
existed,2
tendency,2
classified,2
meggers,2
indige,2
separate,2
lazo,2
necks,2
ranging,2
sigh,2
maipure,2
seasons,2
steep,2
tentative,2
interdependent,2
bureau,2
indicators,2
tomo,2
science,2
impressive,2
testing,2
program,2
rough,2
hill,2
bare,2
widespread,2
koerner,2
cuencas,2
becomes,2
detailed,2
proposition,2
causeway,2
stimulated,2
littoral,2
archeologie,2
responsible,2
combines,2
quite,2
trasmisor,2
reexcavated,2
oldest,2
ology,2
ceramico,2
tardia,2
instances,2
worlds,2
bigger,2
sandy,2
monumental,2
cravo,2
lago,2
acquired,2
anthropomorphic,2
stratigraphic,2
diversidad,2
dieter,2
asentamientos,2
slope,2
consensus,2
charles,2
undulating,2
basketry,2
endangered,2
sustained,2
alternative,2
wider,2
arauquin,2
set,2
butler,2
previous,2
colinas,2
rainfall,2
frequency,2
working,2
indica,2
paper,2
istence,2
cultures,2
reddish,2
anthropologists,2
cultura,2
abandonment,2
december,2
depression,2
es,2
sizes,2
down,2
deposited,2
half,2
temper,2
assemblage,2
regard,2
carmen,2
brazil,2
agricultura,2
bones,2
placing,2
innumerable,2
mapoyo,2
options,2
possibility,2
improvement,2
animal,2
game,2
correlate,2
notable,2
miquimuoid,2
spatial,2
whether,2
typologies,2
voor,2
making,2
sal,2
maintain,2
sus,2
tiethnic,2
penetration,2
problem,2
waters,2
prestige,2
require,2
anna,2
andres,2
episode,2
pintada,2
alcohol,2
aguas,2
aldea,2
miquimti,2
finished,2
popular,2
clayey,2
emergent,2
igneri,2
recientes,2
manapiare,2
city,2
pre,2
confirm,2
yearly,2
variability,2
prehispanicas,2
transition,2
rigid,2
conventional,2
edo,2
exploit,2
isolated,2
chieftains,2
sistema,2
varied,2
buttons,2
remarks,2
come,2
perspectiva,2
question,2
layers,2
sistemas,2
ence,2
petroglyph,2
finding,2
illinois,2
twentieth,2
cataniapo,2
vichada,2
temperature,2
stratification,2
monografias,2
contributed,2
aspectos,2
americas,2
guaiance,2
myth,2
radioisotope,2
regime,2
sur,2
obvious,2
proposes,2
cumaral,2
extremely,2
fen,2
potential,2
vieja,2
formal,2
votive,2
seventeenth,2
distrito,2
consisted,2
vary,2
chicago,2
lake,2
era,2
views,2
northwestern,2
given,2
sudden,2
spectroscopy,2
comparable,2
gavdn,2
beings,2
alberta,2
cause,2
built,2
pillars,2
urns,2
quaternary,2
sion,2
carutico,2
eties,2
hypothesis,2
nificance,1
aladas,1
exhibiting,1
glyptodon,1
amphibians,1
moreno,1
proba,1
now,1
ambiente,1
inspection,1
decentralized,1
transportation,1
juego,1
vannas,1
catolica,1
cvg,1
refinement,1
deny,1
aguazuque,1
settled,1
tura,1
embraces,1
xxxvi,1
concurs,1
convergence,1
cotiia,1
estimated,1
conflicting,1
rect,1
popula,1
fertile,1
convencidn,1
ecologfa,1
cent,1
asentamiento,1
corporate,1
tohistorische,1
tropics,1
mosaic,1
adapting,1
coloring,1
functional,1
dence,1
europeans,1
separated,1
sudamerica,1
exis,1
episodes,1
interlude,1
tegrated,1
escalona,1
determine,1
coporito,1
lated,1
historico,1
alone,1
extends,1
poorer,1
diagnose,1
gion,1
fragmented,1
indepen,1
appear,1
grasses,1
senorios,1
estructuras,1
originate,1
swallow,1
acterized,1
multipod,1
guarguapan,1
becoming,1
needed,1
amazonico,1
independencia,1
territo,1
systematically,1
ginning,1
imagen,1
electrification,1
returned,1
fed,1
prefer,1
properly,1
tend,1
prime,1
ethnogenesis,1
implementation,1
coincides,1
songs,1
diversification,1
handles,1
confines,1
underground,1
english,1
summaries,1
surround,1
drinks,1
hasta,1
coalition,1
kuwe,1
lacking,1
communication,1
paradigms,1
ly,1
flows,1
ritory,1
tegration,1
conical,1
loca,1
missionaries,1
allow,1
pationes,1
clas,1
ciedades,1
dimen,1
reciprocal,1
punctated,1
prehispdnicas,1
unlike,1
exciting,1
muco,1
rockshel,1
nity,1
freeman,1
scientist,1
contemporay,1
exceed,1
factor,1
fragile,1
valencia,1
punctation,1
unite,1
interpretative,1
peccary,1
induced,1
buffer,1
englewood,1
posthis,1
revision,1
unifacial,1
tigations,1
character,1
duration,1
yuruari,1
llano,1
arms,1
cutting,1
cautious,1
moriche,1
functioning,1
humanos,1
permit,1
marco,1
solbrig,1
pansion,1
rel,1
ethnologist,1
every,1
revisited,1
expands,1
spond,1
maipures,1
antropoldgicas,1
imataca,1
indigena,1
stricto,1
nonexistent,1
cobs,1
rinaldi,1
exclusive,1
neolithic,1
epicentro,1
fund,1
exhibited,1
military,1
cosmological,1
historians,1
contrasted,1
vols,1
concentration,1
protohistoria,1
rapid,1
kites,1
integracion,1
terrain,1
recuerdo,1
permanently,1
xxi,1
pretations,1
ourselves,1
advanced,1
suspendidos,1
paleoecological,1
tres,1
confirmed,1
culti,1
solifluction,1
physiographic,1
able,1
comparatively,1
immense,1
reach,1
oval,1
criticizes,1
sagrados,1
sup,1
gramineous,1
paramount,1
martinez,1
sedimentation,1
highland,1
discount,1
inawa,1
falling,1
thank,1
bichrome,1
barima,1
farmers,1
confirming,1
opposing,1
supernatural,1
chroniclers,1
excessive,1
serrama,1
denevan,1
hemispherical,1
letin,1
scheme,1
tertiary,1
collared,1
pedregosa,1
locality,1
ritories,1
iograpic,1
histo,1
representative,1
differential,1
feature,1
integrate,1
civilizatorio,1
particularism,1
widened,1
roots,1
rafael,1
isthmian,1
underestimating,1
seri,1
rudimentary,1
caliente,1
emphasized,1
precisely,1
concepts,1
wildfires,1
nicotes,1
reminiscent,1
colluvium,1
borescent,1
opposite,1
undu,1
decreased,1
scenario,1
redinu,1
discipline,1
reading,1
domestic,1
pohcromo,1
sheet,1
behind,1
otro,1
namics,1
tiated,1
regionamcto,1
tradicionales,1
seminar,1
politico,1
alfareria,1
posts,1
depends,1
tigre,1
artifacs,1
nodes,1
erosional,1
issue,1
effigy,1
buena,1
proceed,1
corrugated,1
depending,1
esqueleticos,1
vila,1
westview,1
atten,1
volumen,1
identities,1
courtesy,1
stallard,1
historica,1
etnica,1
ambiental,1
lived,1
money,1
capacity,1
recov,1
macapaiman,1
translations,1
active,1
encouraging,1
tal,1
pub,1
firm,1
cated,1
hall,1
cu,1
march,1
approximations,1
erin,1
rhynchopho,1
semiglobular,1
negras,1
retain,1
stepped,1
mythology,1
aplicados,1
indirectly,1
quantities,1
placement,1
opened,1
galeras,1
lowered,1
capable,1
reorganization,1
origen,1
piedras,1
hydrologic,1
exhibits,1
susude,1
korabo,1
reaching,1
octidentales,1
frias,1
establishing,1
assure,1
differen,1
infer,1
adaptativa,1
vital,1
environmen,1
ecologica,1
fractures,1
transcend,1
lftica,1
apart,1
taking,1
adoption,1
ibero,1
exchanges,1
pairs,1
quantity,1
climax,1
lfticas,1
influencia,1
tropi,1
consolidating,1
compo,1
geomorphological,1
apply,1
adaptive,1
negotiation,1
vaca,1
mountains,1
representing,1
correlation,1
intraand,1
ioc,1
tradicidn,1
shorten,1
horticulturalists,1
analyzing,1
beneath,1
ics,1
eroded,1
proto,1
prevented,1
biodiversity,1
silhouette,1
macronutrients,1
armitano,1
sign,1
chipepe,1
ous,1
figures,1
pursuing,1
controlled,1
surplus,1
ciples,1
portunity,1
myrosma,1
fechas,1
tecnico,1
realizados,1
sterile,1
angosturas,1
build,1
interactions,1
diversas,1
squash,1
fluency,1
objective,1
nuestro,1
incisions,1
achagua,1
affiliation,1
dependence,1
fun,1
cuicatldn,1
histori,1
colluvial,1
alignments,1
montreal,1
cabrera,1
severe,1
quality,1
ferred,1
explorers,1
pursue,1
cajara,1
bolettn,1
arborescent,1
cronologia,1
tables,1
september,1
comerciales,1
alcaldia,1
xxiii,1
mayoide,1
abre,1
sponges,1
patchy,1
cientfficas,1
modes,1
move,1
creat,1
geronimo,1
undena,1
raises,1
heterogeneity,1
suramericano,1
nas,1
conducted,1
tucson,1
boqueron,1
thropology,1
escalation,1
elementary,1
actas,1
sought,1
employing,1
estilos,1
rooted,1
sample,1
expected,1
marquez,1
mamonal,1
exhausted,1
hambre,1
priority,1
unidades,1
moment,1
disputed,1
forced,1
aruka,1
diocarbon,1
imal,1
developments,1
ation,1
consejo,1
candelaria,1
bay,1
envisioned,1
hispanic,1
penillanura,1
potters,1
tempranas,1
refer,1
segura,1
sized,1
flores,1
ceramica,1
guayabitan,1
guamo,1
highest,1
searchers,1
nodal,1
offerings,1
tuname,1
generated,1
lineage,1
otters,1
understood,1
compared,1
left,1
continuous,1
third,1
criterion,1
truly,1
importantia,1
overarching,1
growths,1
plique,1
blancas,1
bolivia,1
canyons,1
paramos,1
evidencia,1
autdctonos,1
excision,1
walkways,1
intrigued,1
critique,1
applique,1
howler,1
tices,1
conceive,1
cosmic,1
tran,1
tersection,1
migrates,1
hardly,1
cedefio,1
acted,1
hallazgos,1
geomet,1
once,1
efficient,1
gomez,1
weathering,1
larvae,1
menda,1
antioquia,1
readable,1
shrubby,1
likely,1
revitalize,1
antillas,1
costa,1
languages,1
affiliations,1
mechanisms,1
ers,1
ecologicas,1
soil,1
hipogeas,1
cluding,1
referred,1
interesting,1
sociopolitics,1
profoundly,1
mayoid,1
wavy,1
americans,1
adequate,1
pigments,1
chiefs,1
julio,1
adaptative,1
regiones,1
simi,1
sociated,1
act,1
functionalist,1
sociologia,1
rocoso,1
links,1
purely,1
principally,1
septentrionales,1
residence,1
sidad,1
elaboration,1
centered,1
adds,1
satellites,1
orellana,1
fruits,1
meneses,1
localidades,1
ra,1
classifica,1
suramenca,1
movers,1
na,1
ically,1
sizable,1
af,1
var,1
hie,1
climatology,1
pilgrimages,1
holistic,1
di,1
incidence,1
females,1
completely,1
excellent,1
practiced,1
ronquinoid,1
vs,1
curvilinear,1
paramo,1
divides,1
reworked,1
collec,1
microenvironment,1
operationality,1
proportion,1
platforms,1
expan,1
overcorrect,1
loma,1
domestication,1
promoted,1
valloide,1
chalbaud,1
plots,1
derground,1
peer,1
incipient,1
disarticulated,1
earthworks,1
symbols,1
cave,1
antiguos,1
jm,1
scribed,1
illustrations,1
tucuragua,1
limitation,1
observ,1
feel,1
ves,1
consequences,1
ullucus,1
primer,1
espatio,1
pobladores,1
attached,1
moves,1
multivariate,1
tillet,1
darien,1
pearance,1
decadence,1
parguaza,1
plaza,1
modified,1
outlying,1
tern,1
esoteric,1
funeral,1
interspersed,1
survival,1
clearings,1
dioscorea,1
marks,1
lished,1
quiripas,1
locally,1
caruachi,1
dichotomy,1
foothills,1
sisted,1
signed,1
occupational,1
plazas,1
guayupe,1
sim,1
familiar,1
image,1
vations,1
cess,1
ecolog,1
egalitar,1
arawako,1
consolidate,1
internationale,1
presumably,1
section,1
saladoids,1
producers,1
unimportant,1
culminated,1
weather,1
hatchets,1
juroid,1
house,1
milky,1
plications,1
weak,1
gaciones,1
argued,1
petro,1
variabilidad,1
larga,1
caname,1
bifacial,1
too,1
lossitios,1
delgado,1
solid,1
situations,1
age,1
orientation,1
steatite,1
foothill,1
asociacion,1
mawacwa,1
ecuador,1
max,1
resource,1
pollen,1
creativity,1
powerful,1
albuquerque,1
depend,1
follow,1
unsuitable,1
silt,1
comparisons,1
nuestra,1
consequence,1
putting,1
preen,1
evidences,1
prentice,1
posal,1
reinterpreta,1
andinas,1
intermediary,1
rp,1
queniquea,1
method,1
aki,1
peabody,1
ba,1
destruc,1
labour,1
endemic,1
terials,1
reseattarqueoldgico,1
believed,1
cuyuni,1
photos,1
intensities,1
antecedents,1
export,1
strategy,1
zea,1
oblique,1
stands,1
reinterpreted,1
methodology,1
franz,1
habitantesy,1
conquest,1
irrigation,1
union,1
unproductive,1
whereas,1
processing,1
yielding,1
cieties,1
puntas,1
mangos,1
piapoco,1
whom,1
acting,1
empties,1
example,1
basalt,1
questioned,1
mcgill,1
inequality,1
attributing,1
tra,1
santander,1
tem,1
channels,1
sloth,1
attributes,1
carrying,1
demise,1
erosion,1
explanatory,1
memoid,1
taining,1
tunebo,1
ambiguity,1
effort,1
turales,1
toponimia,1
objectives,1
encounter,1
economics,1
siliceous,1
demands,1
estudios,1
ocean,1
cornell,1
puig,1
austin,1
just,1
events,1
gil,1
relate,1
monitoring,1
mythical,1
teristics,1
interes,1
depictions,1
suitable,1
diet,1
chamuchina,1
cation,1
viking,1
amer,1
ceram,1
reproduccidn,1
mollusc,1
modification,1
sys,1
ican,1
effects,1
featured,1
correlates,1
cores,1
arie,1
ogamy,1
popu,1
plicationes,1
lent,1
arawakos,1
editado,1
aerial,1
fans,1
rians,1
tralized,1
ranking,1
ann,1
artefact,1
grew,1
santuarios,1
traits,1
informed,1
equal,1
viewpoints,1
poverty,1
posited,1
expressed,1
garcia,1
hacia,1
refine,1
stock,1
orientales,1
displaced,1
reviews,1
grit,1
hillsides,1
guayabitas,1
appears,1
neither,1
intensity,1
cannot,1
wherein,1
inicial,1
exca,1
tocuyano,1
grounds,1
energy,1
cessing,1
metals,1
xvii,1
ford,1
tension,1
spiritual,1
proyectos,1
mode,1
encounters,1
salto,1
find,1
granite,1
acknowledgments,1
shorelines,1
tukanas,1
creates,1
conocimientos,1
val,1
sedentism,1
communicate,1
manipula,1
departamento,1
flect,1
tially,1
influenced,1
briefly,1
technical,1
accelerator,1
provincial,1
ocu,1
bajas,1
participation,1
unequal,1
lmeas,1
spheres,1
decora,1
distinguish,1
charred,1
line,1
seminal,1
ofelman,1
arqueologos,1
ethnographically,1
primitiva,1
rtos,1
inferred,1
scope,1
rocks,1
terregional,1
sanction,1
rainy,1
apuntes,1
preand,1
coex,1
conse,1
coe,1
claim,1
slightly,1
concept,1
paleoclimaticos,1
striking,1
interand,1
distancia,1
prospeccion,1
basement,1
norm,1
calls,1
confined,1
inorganic,1
morales,1
cochino,1
cusiana,1
cariape,1
isothermic,1
bols,1
texture,1
spectively,1
eurocentric,1
whole,1
describe,1
consuming,1
arqueoldgico,1
discussions,1
travel,1
unos,1
flight,1
reconstructions,1
asserts,1
records,1
barran,1
densely,1
fruitful,1
caatinga,1
dorado,1
smtesis,1
fringing,1
pan,1
lanham,1
compatible,1
bolian,1
dwindling,1
interac,1
msrida,1
tree,1
majority,1
proliferation,1
barragudn,1
cry,1
tification,1
surrounding,1
floors,1
enrich,1
xviii,1
ciencia,1
synonymous,1
envi,1
stanford,1
pretation,1
etnogenesis,1
artifact,1
estrategia,1
dente,1
tail,1
own,1
determining,1
famine,1
trends,1
attributed,1
correction,1
guarinuma,1
presumption,1
interdenpendence,1
beetles,1
allies,1
earth,1
depositional,1
tanged,1
dominating,1
cedrosan,1
good,1
overlap,1
riba,1
asattalea,1
steward,1
ecologico,1
indi,1
giant,1
nificantly,1
composite,1
caused,1
mulera,1
thirteenth,1
conforms,1
rambo,1
responsibility,1
emoecologia,1
cold,1
etnia,1
drier,1
migrationes,1
speculations,1
prevalence,1
parietal,1
trading,1
cer,1
presencia,1
spicules,1
arestinal,1
cope,1
tained,1
ruta,1
consolidation,1
reaches,1
resultados,1
roles,1
formativa,1
floodplain,1
wakuenai,1
attention,1
stratified,1
equilib,1
hyaline,1
recognition,1
sufficient,1
mineral,1
panordmica,1
issuing,1
smithsonian,1
mod,1
endowed,1
dene,1
linguis,1
vation,1
ocupaciones,1
crystallization,1
tremely,1
stones,1
acts,1
devices,1
controversial,1
paisaje,1
peaty,1
distinguished,1
anthropos,1
texas,1
subgroup,1
diversified,1
monos,1
bly,1
seeds,1
ent,1
geologically,1
lengua,1
core,1
ancestors,1
dedicated,1
sarmiento,1
patience,1
descendants,1
murals,1
seed,1
mono,1
universities,1
necessity,1
erika,1
timespan,1
raised,1
proper,1
pa,1
sea,1
rican,1
organs,1
distinguishing,1
antiguedad,1
cycle,1
provenance,1
mouths,1
florida,1
conceptions,1
normalized,1
centralizing,1
visit,1
structuring,1
tribus,1
terri,1
episodic,1
moved,1
valuable,1
sophistication,1
massive,1
vizcama,1
proportions,1
promising,1
aborigen,1
ramics,1
seemed,1
avoid,1
frontera,1
content,1
alejandro,1
summa,1
limiting,1
exaggerated,1
settlers,1
tea,1
cosmografias,1
reduction,1
adja,1
procure,1
evaporation,1
republican,1
challenge,1
highlights,1
tipos,1
adhering,1
approximate,1
genesis,1
carache,1
sociopo,1
nearby,1
equality,1
sensu,1
distributaries,1
dealing,1
matter,1
foragers,1
plateau,1
curves,1
commu,1
resettled,1
bringing,1
vail,1
drainage,1
polished,1
sitional,1
aim,1
piezas,1
separation,1
evaluate,1
indeed,1
fermented,1
brian,1
prin,1
archy,1
ilarities,1
rial,1
corporation,1
return,1
wait,1
corpooccidente,1
brief,1
diagnostic,1
posed,1
noviembre,1
ric,1
vestigios,1
standardization,1
april,1
reduce,1
monochrome,1
influences,1
acter,1
dwellings,1
oriented,1
coevolving,1
paricora,1
ticed,1
accumulations,1
comments,1
depressed,1
migra,1
via,1
initially,1
rejects,1
tairona,1
paint,1
biomass,1
roads,1
strategic,1
tends,1
adapted,1
phys,1
family,1
silva,1
vicinity,1
formation,1
biological,1
americanos,1
zoomor,1
metates,1
worked,1
octi,1
evenly,1
eral,1
patches,1
cavernosos,1
potsherds,1
designate,1
sistance,1
relied,1
resolution,1
pic,1
ethnographers,1
simplified,1
archiv,1
opportunities,1
coverage,1
represents,1
jaimes,1
sotiopolitico,1
lokono,1
canagud,1
neves,1
me,1
kluwer,1
soon,1
coevolution,1
hier,1
traves,1
continuity,1
plu,1
fifth,1
alegre,1
exposure,1
paleontological,1
populated,1
official,1
tencua,1
precambrian,1
intertropical,1
metallurgy,1
parte,1
profane,1
swamp,1
constant,1
mesoindian,1
extinction,1
publishing,1
light,1
etapa,1
orde,1
itation,1
pectoral,1
keeping,1
abandon,1
imentary,1
rectangular,1
performed,1
rising,1
interrelacidnde,1
realm,1
namiento,1
tic,1
taperinha,1
si,1
partly,1
indian,1
muiscas,1
upright,1
veritable,1
organize,1
garson,1
gritware,1
constitute,1
achaguas,1
amerikanisches,1
reliance,1
heroes,1
bar,1
baquero,1
maintained,1
silos,1
strata,1
functioned,1
tensive,1
ridged,1
investigating,1
bucare,1
cream,1
volume,1
angel,1
muy,1
perspec,1
inci,1
preeminence,1
reconnaisance,1
manacacias,1
disposition,1
oral,1
lewis,1
tographs,1
indfgenas,1
mont,1
assume,1
principles,1
correspondences,1
reassuring,1
skill,1
flanked,1
monkeys,1
complejas,1
criterios,1
facility,1
histdrica,1
technique,1
limit,1
cred,1
crucial,1
solomons,1
crm,1
pointed,1
bined,1
ciopolitical,1
conceived,1
hemispheric,1
varies,1
put,1
vega,1
matto,1
precerdmico,1
aguazul,1
addition,1
seum,1
nacionaly,1
repensando,1
pictografias,1
sified,1
peared,1
husbandry,1
incorporates,1
orientates,1
fact,1
locational,1
leading,1
hidroqmmica,1
ossuary,1
ley,1
hollow,1
betijoque,1
contrasts,1
casewayed,1
head,1
occurrence,1
caciques,1
foods,1
aldr,1
gested,1
prior,1
transported,1
plan,1
agree,1
rugged,1
relict,1
imple,1
aguardiente,1
granites,1
children,1
contradict,1
conicit,1
sym,1
richer,1
caballero,1
incorporation,1
necuima,1
microhistoria,1
farming,1
imperishable,1
coarse,1
ethno,1
figurines,1
rhomboidal,1
representatives,1
identical,1
rivas,1
apartado,1
imperfect,1
seldom,1
noticias,1
toponymic,1
discussed,1
propositions,1
ventosidad,1
external,1
ceedings,1
interim,1
terry,1
variedadensayos,1
honor,1
depopulation,1
aesthetic,1
anthropologist,1
acequia,1
never,1
cept,1
conclusions,1
took,1
obediente,1
drinking,1
determinism,1
procesos,1
headhunting,1
tales,1
earthern,1
cruz,1
localidad,1
hipogea,1
road,1
tumbaga,1
brasil,1
mu,1
tiestos,1
continuing,1
palimpsest,1
equate,1
immigration,1
receives,1
fiber,1
maranta,1
environments,1
koriabo,1
arb,1
answer,1
parent,1
coexisted,1
suddenly,1
duran,1
capitalists,1
necessary,1
mography,1
nx,1
cristiana,1
incursions,1
sels,1
yavitero,1
ambito,1
transformations,1
belief,1
sec,1
controversy,1
escudo,1
commercial,1
intersocietal,1
gives,1
cauixior,1
siglo,1
ethnohistorians,1
gently,1
ticularly,1
regionally,1
quartzitic,1
day,1
boat,1
ritos,1
eighteenthor,1
scant,1
plane,1
semipermanent,1
entity,1
interpreting,1
itaparica,1
origenes,1
demonstrated,1
independence,1
polfticas,1
sociopoliti,1
protohistorische,1
entirety,1
transferred,1
technologies,1
reveals,1
meaningful,1
mafz,1
producing,1
naturaes,1
link,1
substantive,1
examples,1
considering,1
effectiveness,1
observable,1
lands,1
rium,1
caraibe,1
mayores,1
ecologically,1
configura,1
contours,1
partic,1
urn,1
restrained,1
tecnologfa,1
fishers,1
regueiro,1
yopo,1
yo,1
exag,1
arose,1
mucuras,1
previously,1
elevados,1
campsite,1
depended,1
compet,1
recover,1
aricagua,1
concern,1
anual,1
contradictions,1
reexcavation,1
crease,1
entirely,1
bears,1
traded,1
characteristically,1
largely,1
persisted,1
contenido,1
station,1
arauca,1
alvaro,1
emphasize,1
grafias,1
precam,1
grate,1
microprocesses,1
submitted,1
reservoirs,1
lows,1
bitter,1
assign,1
grater,1
actual,1
maintains,1
canon,1
marcos,1
intraethnic,1
nothing,1
continue,1
naively,1
reproduction,1
predictable,1
gd,1
zent,1
ceremonies,1
hereditary,1
struction,1
sic,1
neotropical,1
posite,1
pelota,1
hokomo,1
associ,1
contacto,1
geohistoricas,1
platform,1
phratries,1
rejected,1
miquimu,1
neoevolutionary,1
significance,1
sherd,1
diachronically,1
bienes,1
rials,1
emphasizing,1
authors,1
tories,1
hiatus,1
clarac,1
scandinavia,1
op,1
publication,1
obtaining,1
tl,1
evolucion,1
clusters,1
analisis,1
chibchas,1
co,1
albores,1
sumptuary,1
gateway,1
construc,1
divisions,1
recon,1
marwitt,1
actually,1
bioclimates,1
atical,1
perma,1
pyramidal,1
hacienda,1
interacted,1
lito,1
producciones,1
ious,1
provides,1
municipal,1
cambios,1
loose,1
rancheria,1
comparada,1
agri,1
fillets,1
graphic,1
geografico,1
annually,1
scrap,1
amazonense,1
article,1
inequal,1
trying,1
qualities,1
ecophysiological,1
sedi,1
often,1
grosso,1
become,1
successful,1
enabled,1
overcome,1
respectively,1
calzadas,1
define,1
assigning,1
axe,1
january,1
fulfilled,1
primitive,1
seeking,1
situ,1
acidic,1
estados,1
tropico,1
sug,1
pathway,1
ate,1
travelers,1
astonishing,1
terracing,1
rized,1
recursos,1
institution,1
destruction,1
nomic,1
interdepen,1
shavings,1
suramer,1
disassociate,1
basically,1
departa,1
ination,1
tivation,1
rus,1
lowest,1
sole,1
chert,1
increases,1
yanoama,1
convincingly,1
parmula,1
widely,1
tardfo,1
fisico,1
phytomass,1
uncritical,1
gens,1
overlapping,1
rarity,1
nuts,1
heap,1
ferences,1
scattered,1
guaima,1
nicolas,1
hipotesis,1
acequias,1
pintura,1
extremes,1
topography,1
christian,1
ministerio,1
drennan,1
guainia,1
pipire,1
regardless,1
federations,1
abundance,1
visits,1
bristish,1
perry,1
belonged,1
note,1
dissected,1
irregular,1
ularly,1
wisdom,1
polit,1
undisputed,1
matrices,1
movements,1
sometimes,1
stream,1
noroccidente,1
megafauna,1
institutions,1
linda,1
naje,1
investi,1
vision,1
consent,1
plays,1
sedentarias,1
sequences,1
sherdware,1
intensifi,1
panic,1
catholic,1
archaeobotanical,1
postfiring,1
slow,1
insufficient,1
dec,1
bulletin,1
amazons,1
reconocimiento,1
investigators,1
means,1
avenues,1
sensitive,1
zeidler,1
directions,1
pop,1
deposit,1
archaeologi,1
coercion,1
premountain,1
distorting,1
effectively,1
grinding,1
dent,1
dregosa,1
cementerio,1
transformation,1
originated,1
sures,1
periodo,1
synthesized,1
canada,1
horticul,1
prediction,1
capanaparo,1
emphasizes,1
importante,1
encrustations,1
why,1
subareas,1
feasts,1
methods,1
tupiguaram,1
efficiency,1
riverbanks,1
kill,1
fe,1
fall,1
united,1
yaracuy,1
precip,1
respect,1
permanency,1
bia,1
hydrological,1
recreate,1
estetica,1
say,1
sandstone,1
rim,1
caracteristicasculturales,1
face,1
intoxicating,1
francisco,1
concealed,1
tems,1
occupies,1
ities,1
umbu,1
slip,1
tribe,1
conservation,1
slipping,1
daba,1
erium,1
labrecque,1
matters,1
founders,1
convenio,1
ports,1
classification,1
burned,1
plies,1
responses,1
ration,1
border,1
suggestions,1
bicolor,1
roughly,1
exercised,1
yatimiento,1
heavy,1
rarely,1
takes,1
til,1
conocimiento,1
gudrico,1
orated,1
picto,1
ters,1
enfoques,1
speleology,1
stylistically,1
univer,1
agencies,1
changing,1
incorporated,1
merges,1
underlying,1
must,1
founded,1
ethnoarchaeology,1
mario,1
provo,1
denom,1
camani,1
demonstrate,1
enclo,1
etnohistorical,1
ulations,1
recreates,1
focused,1
sudamericana,1
spherical,1
extension,1
bian,1
kay,1
cariban,1
passage,1
reciprocity,1
bifacially,1
intergroup,1
favors,1
masses,1
marshy,1
carbondale,1
rr,1
unexpected,1
onotto,1
precedence,1
sceptical,1
selva,1
rocky,1
agricultores,1
cov,1
freshwater,1
texto,1
obtuse,1
cuesta,1
brazilian,1
emphasise,1
cover,1
shamans,1
lating,1
excess,1
delsiglo,1
recorded,1
correal,1
flow,1
vaz,1
explicar,1
vuelo,1
rodrigo,1
aproximaciones,1
proof,1
reconotimiento,1
wetlands,1
ronmental,1
descent,1
barraguan,1
migrate,1
extraction,1
jorge,1
wanano,1
cautiously,1
paleoindio,1
gone,1
vari,1
simposio,1
subscribe,1
organiza,1
breaking,1
mento,1
reductionistic,1
tity,1
conectiva,1
intrusion,1
ingenieria,1
itive,1
followers,1
munities,1
iii,1
dramatic,1
cronoloca,1
metaphorical,1
plateaus,1
contradictory,1
guipuinave,1
unevenness,1
atively,1
cence,1
twelfth,1
lagoons,1
regidn,1
edible,1
ir,1
americanistas,1
araracuara,1
useless,1
examining,1
domesticated,1
submicrothermic,1
wood,1
metaphorically,1
ralistic,1
enlarged,1
u,1
etnogrdfico,1
rural,1
quoted,1
tubu,1
discontinuous,1
tentativa,1
tercer,1
merely,1
destroyed,1
examination,1
espeleohistorico,1
subordinate,1
growing,1
pasado,1
vano,1
ested,1
ofarawakan,1
ecosistemas,1
durdn,1
born,1
cators,1
avoidance,1
explanations,1
poder,1
commision,1
catastrophic,1
fuller,1
carefully,1
shelters,1
mixing,1
unique,1
cremations,1
stability,1
offering,1
multidisciplinary,1
temiche,1
references,1
yielded,1
hearths,1
comes,1
inte,1
males,1
nemocon,1
symbolically,1
baja,1
despite,1
caldasia,1
mere,1
theory,1
ceased,1
intendencia,1
unnecessary,1
marta,1
angela,1
systematize,1
forma,1
consisting,1
estab,1
preliminares,1
densities,1
aeolian,1
partial,1
thames,1
guaiquery,1
jobal,1
periphery,1
differs,1
tamarindos,1
institute,1
divide,1
tamaho,1
pitted,1
produce,1
yield,1
endpoints,1
paleolftico,1
scenarios,1
investiga,1
phenomena,1
phic,1
blages,1
hundreds,1
arrival,1
chibcha,1
universe,1
occupying,1
tttulo,1
solve,1
concepcion,1
stabilize,1
conference,1
vegeculture,1
socioeconomic,1
vista,1
researchers,1
mina,1
outline,1
paintings,1
code,1
uribe,1
son,1
entire,1
macrother,1
headdresses,1
transport,1
ruled,1
politics,1
conclude,1
oxalis,1
contemporaneity,1
introduced,1
dy,1
lugs,1
lications,1
huber,1
prevalent,1
predictions,1
labyrinthine,1
verification,1
giving,1
interregionally,1
abandoned,1
intended,1
song,1
nunez,1
assumptions,1
duction,1
measure,1
adoid,1
missionary,1
contribute,1
chitarero,1
reconstruct,1
savan,1
alternating,1
superior,1
copper,1
inclines,1
homoge,1
unfortu,1
esponjilla,1
geared,1
deities,1
evidenced,1
nous,1
suroccidente,1
snuff,1
evolucidn,1
parima,1
mauritia,1
subsumed,1
lucia,1
iments,1
crystalline,1
analogy,1
proceeds,1
naturales,1
tempers,1
shores,1
headwater,1
algunos,1
antiguo,1
cuadernos,1
piedmonts,1
nuclear,1
shown,1
secular,1
cycling,1
mayo,1
prescribe,1
negative,1
republic,1
michelangeli,1
unable,1
mays,1
malentendido,1
reclas,1
difference,1
frontiers,1
cas,1
peanut,1
average,1
intensified,1
raudales,1
argentina,1
protohistoric,1
paradigm,1
defence,1
comprise,1
national,1
chemical,1
tendimiento,1
aghcolas,1
ocupationes,1
discovery,1
betty,1
iden,1
pursuits,1
percussion,1
wish,1
slides,1
mindful,1
introduc,1
xiomara,1
joined,1
offshoot,1
fauna,1
climatica,1
caho,1
carib,1
regionales,1
appreciated,1
green,1
manufacture,1
opinions,1
mas,1
posibles,1
sacrificial,1
depo,1
glass,1
reconstruccidn,1
variously,1
ernesto,1
piece,1
clues,1
attempted,1
chandelle,1
tobacco,1
caserio,1
assumed,1
ond,1
horizonte,1
knowl,1
depto,1
scape,1
typology,1
mic,1
signals,1
foraging,1
cientffica,1
logicavethnohistorical,1
magical,1
lations,1
summary,1
flora,1
ries,1
offered,1
territories,1
botiva,1
periodic,1
galipero,1
infor,1
routes,1
peratures,1
microre,1
tradi,1
ortiz,1
rest,1
root,1
ari,1
classificatory,1
colonizers,1
octidente,1
combination,1
themselves,1
cientffico,1
elites,1
sits,1
contrasting,1
catanga,1
sponds,1
hereafter,1
seco,1
glyph,1
vis,1
gainesville,1
substantial,1
decoupling,1
element,1
uribante,1
nino,1
pat,1
tocuyanoids,1
focus,1
complementarity,1
plenum,1
cairi,1
priestly,1
arawakas,1
placas,1
cross,1
profiles,1
meeting,1
voorhies,1
southeastern,1
finish,1
indicating,1
ecohgia,1
variabilty,1
laws,1
shellfish,1
symbolism,1
deeper,1
occiden,1
assem,1
destined,1
heterogeneous,1
els,1
