WORDCOUNTS,WEIGHT
the,1041
of,731
and,623
in,283
a,219
to,204
that,158
route,143
have,141
as,113
for,112
this,105
from,97
human,81
is,72
would,71
et,70
dispersal,69
southern,68
was,65
modern,64
along,61
by,61
into,60
been,60
at,57
south,57
with,57
also,54
m,51
on,51
these,50
ois,49
africa,49
coastal,46
routes,46
populations,45
or,44
are,43
during,42
coastline,41
were,41
an,38
may,38
slope,38
asia,37
new,37
j,36
which,36
coast,35
through,35
r,34
river,31
sea,31
origin,29
lahr,29
it,28
journal,28
more,28
assessment,27
be,27
p,26
c,26
pp,25
dispersals,25
has,25
genetic,24
analyses,24
archaeological,24
not,24
early,24
first,23
s,23
path,23
then,23
potential,23
data,22
field,22
point,22
coastlines,21
secondary,21
arabian,21
sunda,21
pleistocene,21
indian,21
evidence,21
sand,20
cost,20
out,20
humans,20
rivers,20
northern,20
between,20
such,19
l,19
but,19
barrier,18
environments,18
least,18
suggest,18
although,18
western,17
g,17
subsistence,17
straits,17
likely,17
we,17
analysis,17
terrestrial,17
valley,17
australia,16
eastwards,16
interior,16
most,16
expansion,16
areas,16
kyr,16
our,16
inland,15
fig,15
b,15
sites,15
sahul,15
al,15
remains,15
north,15
if,14
red,14
conditions,14
diversity,14
across,14
ocean,14
papua,14
shelf,14
model,14
corridor,14
science,14
studies,13
eastern,13
peninsula,13
corridors,13
well,13
used,13
provided,13
only,13
evolution,13
middle,13
crossing,12
nature,12
could,12
east,12
resources,12
de,12
had,12
regions,12
other,12
desert,12
region,12
earliest,12
university,12
quaternary,12
global,12
guinea,12
particular,12
d,12
km,12
occurred,11
marine,11
sapiens,11
their,11
india,11
n,11
delta,11
origins,11
prehistoric,11
glacial,11
research,11
termination,11
two,11
homo,11
degree,11
ing,11
colonization,11
suggests,11
african,11
world,11
years,11
nile,11
gulf,11
gis,10
order,10
they,10
kilometers,10
location,10
within,10
prehistory,10
upper,10
age,10
levant,10
archaeology,10
demographic,10
genetics,10
high,10
migration,10
travel,10
both,10
cambridge,10
american,9
h,9
barriers,9
than,9
study,9
paleolithic,9
occupation,9
island,9
bab,9
mandab,9
towards,9
period,9
indicate,9
associated,9
following,9
continues,9
down,9
current,9
what,9
approximately,9
tion,8
stone,8
follows,8
there,8
very,8
forced,8
speed,8
how,8
levels,8
proposed,8
search,8
several,8
australian,8
islands,8
southeast,8
less,8
perhaps,8
time,8
encountered,8
riparian,8
deposits,8
use,8
migrants,8
k,8
can,8
hormuz,8
series,8
anthropology,8
value,8
area,8
later,7
environmental,7
implies,7
one,7
different,7
rapid,7
all,7
system,7
described,7
persian,7
some,7
mtdna,7
dates,7
expansions,7
after,7
additional,7
based,7
late,7
population,7
northwards,7
line,7
runs,7
surrounding,7
level,7
around,7
using,7
periods,7
indus,7
distance,7
processes,7
variables,7
lineages,7
crucial,7
rim,7
environment,7
intertidal,7
physical,7
makran,7
migrations,7
re,7
among,7
recent,7
hypothesis,7
generated,6
resulted,6
southwards,6
edge,6
attractive,6
timing,6
last,6
investigations,6
possible,6
e,6
europe,6
review,6
ern,6
drainage,6
geological,6
generation,6
no,6
dry,6
arid,6
placed,6
caves,6
aridity,6
starting,6
presence,6
will,6
f,6
identified,6
movement,6
direction,6
single,6
biological,6
ancient,6
again,6
flat,6
hydroik,6
discussion,6
upon,6
previously,6
asian,6
dating,6
points,6
features,6
evolutionary,6
ganges,6
fall,6
forests,6
here,6
past,6
eurasia,6
spatial,6
extent,6
while,6
size,6
wandering,6
supported,6
lake,6
focus,6
difficult,5
suggested,5
episodes,5
foraging,5
mountains,5
led,5
before,5
lower,5
either,5
topographic,5
those,5
side,5
second,5
international,5
thus,5
palaeolithic,5
old,5
served,5
coasts,5
higher,5
site,5
slowed,5
peopling,5
wallacea,5
seas,5
events,5
further,5
record,5
london,5
its,5
place,5
wanders,5
t,5
wards,5
mediterranean,5
energy,5
results,5
foragers,5
forward,5
tropical,5
technology,5
water,5
lack,5
present,5
where,5
mitochondrial,5
number,5
deserts,5
significant,5
earlier,5
pro,5
probably,5
cape,5
stage,5
topography,5
con,5
geographic,5
set,5
quickly,5
information,5
oxygen,5
contain,5
targets,5
des,5
tions,5
national,5
extremely,5
increased,5
reached,5
should,5
major,5
does,4
ending,4
now,4
o,4
mouth,4
center,4
large,4
mobility,4
largely,4
history,4
variety,4
implications,4
arrival,4
rich,4
hunting,4
reaching,4
west,4
dur,4
considerably,4
throughout,4
run,4
calculated,4
since,4
turn,4
bay,4
even,4
via,4
en,4
derived,4
cave,4
traces,4
w,4
lithic,4
surface,4
found,4
initial,4
milne,4
method,4
structure,4
steep,4
significantly,4
faunas,4
issues,4
trends,4
encounters,4
below,4
settlement,4
alluvial,4
portions,4
portion,4
short,4
limited,4
constraints,4
expanded,4
once,4
pacific,4
thought,4
chronology,4
diversions,4
dna,4
savannah,4
regional,4
resolution,4
larger,4
discussed,4
cul,4
understanding,4
extended,4
made,4
assemblages,4
range,4
passes,4
similar,4
times,4
note,4
arabia,4
isotope,4
antiquity,4
often,4
anthropological,4
known,4
sciences,4
continental,4
paper,4
best,4
sinai,4
heads,4
them,4
terms,4
form,4
produce,4
generally,4
minimal,4
presented,4
son,4
fossil,4
allows,4
models,4
fauna,4
land,4
association,4
temperatures,4
debate,4
much,4
costly,4
rate,3
way,3
ols,3
mon,3
stood,3
created,3
cells,3
extends,3
per,3
expenditure,3
easily,3
behaviour,3
demographically,3
hominid,3
eastward,3
du,3
leads,3
predominantly,3
mangroves,3
transitions,3
familiarity,3
posed,3
reach,3
assess,3
onto,3
resulting,3
i,3
date,3
context,3
digital,3
vol,3
huon,3
move,3
crossed,3
minimum,3
collection,3
due,3
precipitous,3
excavations,3
given,3
dis,3
distinct,3
crosses,3
back,3
levantine,3
y,3
wet,3
industries,3
van,3
terminates,3
rather,3
active,3
landscapes,3
importance,3
certain,3
factors,3
polymorphisms,3
skeleton,3
leg,3
impact,3
beyond,3
followed,3
exploitation,3
permanent,3
providing,3
palaeoenvironments,3
greater,3
distribution,3
molluscs,3
basin,3
faunal,3
sumatra,3
energetic,3
ogy,3
approximation,3
equal,3
focused,3
reviews,3
produced,3
required,3
possibility,3
paleoenvironmental,3
literature,3
part,3
hominin,3
people,3
next,3
reaches,3
geomorphology,3
event,3
bank,3
small,3
climate,3
ancestral,3
tip,3
up,3
ment,3
swings,3
australasian,3
rest,3
critical,3
habitats,3
interglacial,3
impermeable,3
neanderthals,3
comorin,3
return,3
edges,3
sri,3
makes,3
soon,3
parsimonious,3
insights,3
sac,3
similarly,3
paleoanthropological,3
sepik,3
rugged,3
habitat,3
surfaces,3
variation,3
man,3
outside,3
pleis,3
shown,3
hu,3
frequency,3
elevation,3
thar,3
israel,3
including,3
food,3
examination,3
radiocarbon,3
pattern,3
low,3
allowed,3
general,3
traveled,3
diversion,3
provides,3
outcomes,3
systems,3
coral,3
relation,3
narrow,3
australasia,3
effect,3
southwest,3
ago,3
la,3
assigned,3
continued,3
provide,3
movements,3
ecological,3
slow,3
directions,3
pop,3
force,3
markers,3
andaman,3
united,3
alu,3
eventually,3
must,3
specific,3
ulations,3
rocky,3
ran,3
over,3
each,3
glaciation,3
southernmost,3
basins,3
benefit,3
combined,3
calculations,3
molecular,3
local,3
foley,3
multiple,3
slopes,3
pre,3
role,3
turns,3
target,3
shores,3
northeast,3
until,3
locations,3
tocene,3
average,3
temperature,3
coloniza,3
parallels,3
gen,3
moved,3
hills,3
substantial,3
cross,3
isotropic,3
final,2
chromosome,2
currently,2
produces,2
abinash,2
flow,2
ethiopian,2
calibrated,2
popula,2
indicated,2
groups,2
paleoindian,2
habitable,2
represent,2
affected,2
extreme,2
determine,2
pushed,2
ksar,2
deltaic,2
designed,2
insertion,2
ma,2
ev,2
zero,2
true,2
completely,2
trace,2
total,2
source,2
princeton,2
steppingout,2
being,2
isthmus,2
sources,2
archae,2
derives,2
radii,2
lagoon,2
invertebrates,2
affinities,2
broadly,2
suggesting,2
simple,2
differences,2
able,2
madhya,2
ancestry,2
fresh,2
colonisation,2
expanses,2
watercraft,2
vegetation,2
case,2
fossils,2
reefs,2
stretched,2
brahmaputra,2
polis,2
agriculture,2
geophysical,2
march,2
account,2
buang,2
raft,2
kibish,2
redd,2
flank,2
taking,2
combination,2
bell,2
regards,2
anatomically,2
above,2
paleoenvironment,2
against,2
lambert,2
prune,2
amer,2
severe,2
dynamics,2
vertebrates,2
aus,2
interest,2
stepping,2
relatively,2
expected,2
estimates,2
wander,2
body,2
africans,2
left,2
details,2
gest,2
academy,2
acknowledge,2
rates,2
peo,2
opposed,2
traverse,2
his,2
growth,2
main,2
highlands,2
landscape,2
radius,2
calculation,2
monsoon,2
connected,2
ex,2
leave,2
parts,2
tan,2
aquatic,2
scrub,2
exposure,2
animals,2
shell,2
determination,2
mans,2
finer,2
deccan,2
preclude,2
established,2
emergence,2
dated,2
linked,2
section,2
omo,2
corri,2
resource,2
hiran,2
passed,2
preference,2
faced,2
arcgis,2
methodology,2
reclassified,2
uses,2
closely,2
allow,2
caucasoid,2
typical,2
relating,2
sumatran,2
deglaciation,2
fishing,2
configuration,2
complete,2
bali,2
ican,2
cores,2
popu,2
landfall,2
bathymetric,2
outset,2
briefly,2
cultural,2
circular,2
burial,2
appears,2
fish,2
lgm,2
wide,2
simulations,2
network,2
lebanon,2
artifacts,2
mungo,2
strengths,2
received,2
sug,2
rine,2
related,2
revealed,2
woodland,2
ple,2
glennie,2
attracted,2
loss,2
olithic,2
database,2
horn,2
partly,2
contains,2
noted,2
fringing,2
forces,2
rise,2
predominance,2
swamps,2
lithics,2
change,2
computer,2
brush,2
indi,2
sharma,2
distances,2
tested,2
eurasian,2
habitation,2
few,2
birdselps,2
isotopes,2
ancestors,2
malacca,2
optical,2
fully,2
patterns,2
borneo,2
society,2
input,2
morphology,2
shoreline,2
san,2
minor,2
onset,2
absence,2
expanse,2
located,2
thermoluminescence,2
interiors,2
nearly,2
still,2
chaeological,2
hominids,2
gins,2
under,2
mobile,2
ele,2
turtles,2
included,2
light,2
same,2
performed,2
ethnographic,2
reliance,2
avoided,2
voyages,2
published,2
simulation,2
westward,2
available,2
addition,2
many,2
descends,2
lengthy,2
fact,2
penner,2
scholars,2
wetness,2
euphrates,2
richer,2
diverse,2
taritatu,2
end,2
singvi,2
contemporary,2
considerable,2
took,2
fits,2
v,2
centre,2
iriwadi,2
mammalian,2
continuing,2
strategies,2
lines,2
stoneking,2
website,2
valleys,2
boat,2
another,2
demonstrated,2
analyzed,2
technologies,2
values,2
increase,2
sarawak,2
encouraged,2
grassland,2
cranial,2
hypotheses,2
persisted,2
factor,2
assume,2
affects,2
previous,2
java,2
roberts,2
open,2
three,2
authors,2
autosomal,2
pographic,2
azimuthal,2
travels,2
played,2
stages,2
proximity,2
latter,2
hominins,2
parallel,2
sight,2
expand,2
underhill,2
regimes,2
opposite,2
niah,2
species,2
persal,2
increasing,2
applications,2
geochronology,2
perspectives,2
independent,2
stream,2
idence,2
widespread,2
tive,2
torial,2
wildlife,2
grade,2
composed,2
when,2
itself,2
detail,2
variable,2
any,2
version,2
peoples,2
extension,2
ghats,2
outcome,2
enters,2
cultures,2
novel,2
assumed,2
particularly,2
ar,2
generalized,2
placing,2
living,2
turned,2
cal,2
tchernov,2
proceedings,2
investigation,2
selected,2
harappan,2
seasonal,2
theory,2
problem,2
nesting,2
ori,2
tent,2
occasionally,2
mod,2
little,2
flats,2
dor,2
jour,2
savan,2
representation,2
headwaters,2
aspect,2
ecotones,2
wild,2
survival,2
generate,2
ecosystem,2
contributed,2
ios,2
algorithms,2
states,2
obstacles,2
attempted,2
myanmar,2
directional,2
third,2
fol,2
chicago,2
geographical,2
partial,2
maximum,2
surveys,2
immediately,2
ca,2
close,2
simulating,2
godavari,1
modelling,1
done,1
encountering,1
ternating,1
limits,1
gree,1
clipped,1
estimated,1
warming,1
reconstructions,1
commentary,1
riety,1
tropics,1
pale,1
vious,1
extend,1
damodar,1
sii,1
lated,1
erhulme,1
fea,1
orgins,1
originating,1
gion,1
introduction,1
distributed,1
nia,1
barri,1
passing,1
ethe,1
discover,1
complex,1
touched,1
mollu,1
hijaz,1
mike,1
aborigi,1
ample,1
aqaba,1
identify,1
assessments,1
merged,1
ditional,1
sets,1
postdate,1
ostensibly,1
ishna,1
remnants,1
creasing,1
fiowe,1
salinity,1
jonathan,1
specified,1
paradigms,1
guinean,1
restrains,1
kaladgi,1
grove,1
anistropic,1
equated,1
ian,1
presents,1
cranbrook,1
kr,1
vestiges,1
variants,1
stretches,1
harvests,1
moving,1
redirect,1
wadden,1
coromandel,1
po,1
buffer,1
archaeo,1
annals,1
contexts,1
henshilwood,1
fluctuations,1
congress,1
examina,1
oceania,1
came,1
consistent,1
highlighted,1
envi,1
else,1
natures,1
submitted,1
inc,1
modest,1
specifically,1
ecolog,1
every,1
transitioned,1
certainly,1
neandertale,1
pervasive,1
originally,1
ii,1
taken,1
culturally,1
elusive,1
padang,1
terrain,1
utilization,1
emerged,1
vari,1
advanced,1
sherry,1
turney,1
mediterranee,1
confirmed,1
dramatically,1
eration,1
incorporating,1
comparatively,1
onwards,1
archaeologically,1
schuldenrein,1
individuals,1
hibiting,1
leading,1
explores,1
broken,1
accompanied,1
highland,1
great,1
thank,1
ridgeway,1
farmers,1
confirming,1
potentially,1
downing,1
circumscribing,1
xiii,1
inqua,1
closer,1
hundred,1
krishna,1
overall,1
skirts,1
shelves,1
connection,1
ausgraph,1
qen,1
take,1
kingdom,1
yearbook,1
subsequent,1
achieved,1
ecotone,1
voyagers,1
julie,1
miles,1
blackwell,1
influences,1
robert,1
access,1
ber,1
decreased,1
discrete,1
eritrea,1
kurnool,1
stopped,1
peuplement,1
passable,1
ad,1
proposals,1
clades,1
wa,1
employs,1
evaluation,1
ily,1
takes,1
occasional,1
narrower,1
slowing,1
existence,1
catastrophes,1
moisture,1
mithen,1
key,1
luminescence,1
oxy,1
coalescent,1
phylogeography,1
primary,1
dune,1
u,1
america,1
planetary,1
discuss,1
watkins,1
figs,1
ysterfontein,1
isotopic,1
holocene,1
perimeter,1
prior,1
determined,1
marked,1
eas,1
lanka,1
xv,1
cordaux,1
illustrate,1
biogeographical,1
erased,1
resided,1
terminus,1
dataset,1
variations,1
x,1
swiftest,1
fur,1
dynamic,1
bottom,1
cient,1
rainforests,1
juvenile,1
pradesh,1
savannahs,1
equa,1
nizing,1
behavior,1
localized,1
colonized,1
exposed,1
exist,1
avenues,1
repeatedly,1
steppe,1
valladas,1
goal,1
descendents,1
xhe,1
brisbane,1
ronments,1
halted,1
andel,1
cluded,1
tropic,1
relationships,1
southwestern,1
prominent,1
explained,1
dotted,1
estimating,1
component,1
restarted,1
representations,1
bslope,1
bracket,1
pilot,1
malakunanja,1
barton,1
sediment,1
vogelkop,1
terraces,1
ireland,1
ray,1
ability,1
num,1
heterogeneity,1
plotting,1
walter,1
adams,1
ravish,1
creased,1
burin,1
simula,1
utilizes,1
areasd,1
century,1
australians,1
progressive,1
economical,1
precludes,1
elements,1
paths,1
ation,1
clark,1
arroux,1
savannas,1
footnotes,1
archaeol,1
anh,1
zooarchaeological,1
te,1
pothesis,1
nerc,1
highest,1
channels,1
young,1
handbook,1
allowing,1
au,1
ness,1
estimate,1
publications,1
weight,1
artefact,1
explore,1
pletely,1
look,1
spite,1
border,1
deeply,1
usha,1
ference,1
ven,1
adult,1
vicinities,1
rama,1
leusen,1
summer,1
paralleling,1
jungles,1
reef,1
typified,1
phases,1
navigable,1
employ,1
failed,1
ers,1
assessed,1
communities,1
mimicking,1
acter,1
archaic,1
intervisibility,1
sease,1
couraged,1
haplotypes,1
deviations,1
reflects,1
gamma,1
abaco,1
identification,1
timor,1
chow,1
ba,1
tential,1
links,1
drainages,1
absent,1
remain,1
bays,1
sort,1
lie,1
determi,1
posits,1
influential,1
ically,1
irwin,1
fringe,1
remote,1
pinpoint,1
conceptions,1
attracting,1
determining,1
weighting,1
supplement,1
flexible,1
se,1
hazardous,1
skhul,1
tidal,1
coverage,1
sandy,1
analy,1
white,1
lay,1
earl,1
splatche,1
uncertainties,1
awareness,1
von,1
scattered,1
update,1
tance,1
bounce,1
bhaskara,1
absorbed,1
undoubt,1
multivariate,1
gathering,1
mollucca,1
support,1
palaeoenvironment,1
serve,1
colonizing,1
applied,1
tinued,1
affect,1
relethford,1
skirting,1
locally,1
dichotomy,1
foothills,1
nitrogen,1
interglacials,1
familiar,1
birdsell,1
intensive,1
vations,1
cthe,1
amid,1
typifies,1
accrued,1
gradually,1
shore,1
observations,1
straints,1
intervisible,1
experienced,1
bridges,1
graphic,1
recovered,1
shorter,1
millennium,1
traversal,1
undeveloped,1
indications,1
actes,1
strandlooping,1
predates,1
modeled,1
physio,1
islanders,1
footprints,1
gaffney,1
mix,1
explain,1
projected,1
important,1
strategy,1
tory,1
passarino,1
appear,1
trajectories,1
mirazon,1
kassim,1
disappeared,1
angela,1
ranges,1
neys,1
headland,1
bioessays,1
result,1
raster,1
lock,1
acceptable,1
conservatively,1
plateau,1
deltas,1
rule,1
conservative,1
peninsular,1
called,1
color,1
scapes,1
cell,1
mapping,1
bogged,1
behavioral,1
dunes,1
changed,1
vironmental,1
ocea,1
cates,1
requirements,1
zone,1
nered,1
genomes,1
base,1
im,1
inter,1
nium,1
embedded,1
density,1
accurately,1
lat,1
traversed,1
algo,1
understood,1
molucca,1
subsisted,1
simulate,1
block,1
versity,1
duced,1
residential,1
recently,1
venue,1
intensity,1
cannot,1
attractiveness,1
sce,1
iown,1
steele,1
palae,1
coasting,1
occidentale,1
semblages,1
confirmation,1
refuge,1
erate,1
gained,1
val,1
near,1
acknowledgements,1
criteria,1
aspects,1
char,1
almost,1
having,1
interface,1
work,1
bounded,1
coscia,1
clarkson,1
ens,1
haua,1
bro,1
tralia,1
thorne,1
tributary,1
lankan,1
knowledge,1
apparent,1
nation,1
interna,1
comment,1
homeland,1
newest,1
geology,1
parameters,1
bengal,1
year,1
continuation,1
straus,1
northwest,1
culated,1
skirt,1
adap,1
demonstrates,1
constitute,1
breezes,1
actually,1
taxa,1
tunneled,1
winter,1
nals,1
device,1
documented,1
swift,1
cumula,1
mcdermott,1
gions,1
canberra,1
project,1
sicily,1
mination,1
gently,1
alan,1
ter,1
diverted,1
slovaque,1
memoirs,1
exit,1
heuristic,1
cths,1
coales,1
terest,1
probleme,1
detailed,1
ced,1
mudskippers,1
driparian,1
geomorphol,1
running,1
nario,1
giant,1
viable,1
ripar,1
lowest,1
flanking,1
revolution,1
trees,1
simpler,1
reliable,1
impossibly,1
involve,1
coupled,1
prehistorique,1
prohibits,1
mitra,1
le,1
contrast,1
poster,1
rushed,1
sixty,1
arbitrary,1
populating,1
cellular,1
endpoint,1
june,1
floating,1
migrating,1
strongest,1
blombos,1
vation,1
depression,1
temporary,1
cool,1
breaking,1
maripa,1
funnels,1
dramatic,1
boundaries,1
idrisi,1
widely,1
inte,1
core,1
annual,1
richness,1
jorde,1
latitudes,1
moist,1
cattle,1
carmel,1
genome,1
cycle,1
notes,1
appropriate,1
directionality,1
preliminary,1
finds,1
smithso,1
tachtit,1
schematic,1
activities,1
impor,1
seemed,1
chronological,1
institut,1
therefore,1
partially,1
investigating,1
fly,1
annum,1
reduced,1
sows,1
ravines,1
headlands,1
worcester,1
ken,1
requirement,1
letters,1
scientific,1
aim,1
clastic,1
lev,1
flagstaff,1
lag,1
service,1
quantified,1
techniques,1
tunisia,1
brief,1
channel,1
drops,1
disturbance,1
egyptian,1
specif,1
palaeoanthropological,1
allen,1
temper,1
reconstruction,1
slower,1
surviving,1
indicates,1
vishwanathan,1
ice,1
translates,1
migra,1
wind,1
logical,1
terminations,1
biomass,1
zoology,1
bidirectional,1
va,1
cooler,1
onized,1
buffers,1
positive,1
phys,1
consump,1
stricted,1
crabs,1
eral,1
overview,1
collect,1
foot,1
springs,1
turban,1
relied,1
yet,1
interpretation,1
vided,1
museum,1
reference,1
abundances,1
marshes,1
accident,1
york,1
residence,1
nahs,1
optimally,1
rain,1
topogra,1
cliff,1
latitude,1
us,1
boundary,1
supplied,1
index,1
processing,1
malay,1
fringes,1
initiation,1
sume,1
intersects,1
continents,1
trophic,1
culture,1
watson,1
cuddapah,1
skin,1
formalized,1
outlined,1
mowe,1
experiment,1
already,1
climatic,1
voyaging,1
destination,1
enforce,1
bar,1
ized,1
strata,1
sociated,1
engravings,1
ihigh,1
charu,1
critiques,1
flanked,1
heritage,1
challenge,1
comparison,1
ley,1
stated,1
journey,1
subcontinent,1
mark,1
renewed,1
sia,1
put,1
stud,1
rock,1
humidity,1
longer,1
lapita,1
terminating,1
luis,1
fundamental,1
ney,1
maternal,1
mito,1
seasonality,1
advantage,1
utilizing,1
palaeoen,1
appeared,1
atic,1
nian,1
rodents,1
ieast,1
overpeck,1
decreases,1
inlets,1
legs,1
fallen,1
prepara,1
adder,1
substantially,1
halmahera,1
nuclear,1
diagram,1
utilize,1
honor,1
somayajulu,1
crustaceans,1
ofs,1
papers,1
likelihood,1
geography,1
basic,1
penin,1
chain,1
covered,1
manner,1
equate,1
contraction,1
coarse,1
accepted,1
shared,1
non,1
geoff,1
boats,1
heterozygosity,1
tures,1
council,1
iberia,1
material,1
lhomme,1
musees,1
reconstructing,1
pears,1
ethiopia,1
deletion,1
grotte,1
agam,1
day,1
remained,1
interpreting,1
process,1
thousands,1
simon,1
deaf,1
esr,1
examples,1
dered,1
easier,1
limitations,1
scaled,1
abalone,1
sulawesi,1
birds,1
head,1
findings,1
varying,1
ibex,1
steady,1
intermittent,1
assumption,1
honours,1
dalmatia,1
collaborative,1
thiel,1
survey,1
bed,1
net,1
lows,1
edly,1
karst,1
continue,1
chronologi,1
trust,1
condi,1
archive,1
full,1
mcbrearty,1
california,1
fteah,1
theoretical,1
shelter,1
involves,1
distortion,1
exertion,1
sev,1
significance,1
reassessing,1
yoma,1
schematically,1
directed,1
tional,1
stress,1
mode,1
hampered,1
lakes,1
ostriches,1
dominated,1
faces,1
rithms,1
thropology,1
plains,1
good,1
started,1
geographically,1
shiban,1
so,1
function,1
anthropometric,1
responses,1
tribal,1
cally,1
collected,1
uni,1
sands,1
obtained,1
mountain,1
filled,1
mammals,1
kept,1
ecology,1
riers,1
wish,1
abundant,1
segment,1
usgs,1
ap,1
allochthonous,1
sian,1
oppenheimer,1
millen,1
blade,1
margin,1
signatures,1
special,1
demarcate,1
random,1
thangaraj,1
normally,1
methods,1
craft,1
become,1
scftwe,1
assessing,1
unoccupied,1
displayed,1
anderson,1
proceeding,1
sig,1
spectrometric,1
assigning,1
lowered,1
shorelines,1
congres,1
vide,1
neandertal,1
directs,1
dian,1
ate,1
italy,1
equivalent,1
hajar,1
merly,1
streams,1
versus,1
institution,1
destruction,1
relative,1
atlas,1
attention,1
sailing,1
nauwalabila,1
unrelated,1
derivative,1
terri,1
dispersing,1
transi,1
israeli,1
european,1
space,1
ascertained,1
mangrove,1
somewhat,1
fifty,1
buffering,1
lo,1
relationship,1
imply,1
aid,1
swinging,1
stems,1
neanderthal,1
delhi,1
irregular,1
richest,1
integration,1
volcanism,1
bars,1
segments,1
broadened,1
earth,1
five,1
plays,1
testing,1
maps,1
bound,1
program,1
rior,1
grim,1
select,1
refuted,1
patn,1
randomly,1
arduous,1
fewer,1
sec,1
allahabad,1
binary,1
iles,1
stringer,1
ecol,1
who,1
sensitive,1
aboriginal,1
strongly,1
widths,1
began,1
lations,1
effectively,1
understand,1
contribution,1
profoundly,1
deflected,1
originated,1
onshore,1
es,1
indone,1
effective,1
construction,1
wan,1
mortality,1
dead,1
table,1
ology,1
simulated,1
instances,1
get,1
tial,1
tercraft,1
mud,1
woodlands,1
stable,1
biology,1
middens,1
terglacial,1
stephen,1
quantitative,1
supply,1
plies,1
freshwater,1
school,1
malaku,1
methodist,1
trav,1
blocked,1
simu,1
dispersed,1
melanesia,1
genomic,1
conclusion,1
aeolian,1
digul,1
changing,1
gibraltar,1
incorporated,1
consider,1
supressed,1
ethnoarchaeology,1
complexes,1
manual,1
demonstrate,1
simply,1
extensive,1
detect,1
cate,1
pace,1
subsidized,1
offered,1
recalibration,1
spots,1
djebel,1
besides,1
kumar,1
funding,1
lowing,1
calcu,1
offers,1
alternative,1
carbon,1
poten,1
timetable,1
gorenflo,1
natural,1
sapi,1
conserva,1
rainfall,1
severity,1
gale,1
chapman,1
par,1
ratio,1
submarine,1
blumenschine,1
interested,1
exploration,1
seem,1
rolling,1
semipermeable,1
flowing,1
funnel,1
pulled,1
unknown,1
contextual,1
tandem,1
chris,1
calcula,1
gosden,1
associating,1
intersected,1
cooling,1
report,1
foundation,1
sula,1
southen,1
irawadi,1
impossible,1
ternative,1
far,1
palaeoanthropol,1
lagoons,1
grees,1
historical,1
utilized,1
works,1
destroyed,1
phd,1
beginning,1
ham,1
according,1
prohibited,1
avoidance,1
eling,1
exposing,1
notable,1
shelters,1
seals,1
migratory,1
ones,1
making,1
references,1
expeditious,1
sociology,1
imposed,1
nearby,1
monsoonal,1
glacials,1
dallas,1
maintain,1
signature,1
beaches,1
quired,1
pep,1
temporally,1
marta,1
shortfalls,1
leaving,1
adaptation,1
xeric,1
illustrated,1
weights,1
archeologique,1
require,1
hypothesize,1
yield,1
tant,1
springer,1
scenarios,1
emphasis,1
paleoecology,1
ses,1
haps,1
bodies,1
boston,1
herto,1
efched,1
heredity,1
preserved,1
capricorn,1
biologically,1
city,1
beach,1
subsidies,1
courses,1
confirm,1
interstadial,1
variability,1
hy,1
subject,1
intended,1
returning,1
assumptions,1
went,1
territory,1
com,1
measure,1
contribute,1
alla,1
programs,1
ragaing,1
reconstruct,1
botany,1
inclines,1
implica,1
maintained,1
isolated,1
aims,1
voyage,1
wal,1
varied,1
gar,1
contrasts,1
subsumed,1
pakistan,1
suppressed,1
proceeds,1
paleorient,1
formation,1
layers,1
ultimately,1
sulaiman,1
editor,1
cas,1
kebara,1
observed,1
arrows,1
ancillary,1
illinois,1
protohistoric,1
paradigm,1
numerous,1
morphological,1
washington,1
brushy,1
newsletter,1
vironments,1
geoarchaeological,1
colo,1
offer,1
insight,1
wadi,1
include,1
salt,1
faure,1
integrated,1
dense,1
misleadingly,1
costroute,1
regime,1
paleogeographic,1
kala,1
irrefutable,1
upriver,1
build,1
manually,1
northeastwards,1
cavalli,1
aslope,1
defined,1
off,1
tributaries,1
oldest,1
walking,1
madry,1
mcclure,1
roughly,1
sides,1
summary,1
traveling,1
anonymous,1
treats,1
llobera,1
modeling,1
afro,1
distinctions,1
klein,1
ergy,1
tribes,1
themselves,1
pathways,1
lair,1
exclusively,1
ical,1
oikos,1
melane,1
uk,1
ends,1
taylor,1
detection,1
owe,1
col,1
lacea,1
workings,1
discern,1
gold,1
