WORDCOUNTS,WEIGHT
the,1234
and,915
of,914
in,648
a,363
to,256
j,218
south,217
from,188
cape,182
african,169
southern,160
for,153
that,148
archaeological,133
at,132
as,132
holocene,131
africa,121
rock,113
stone,106
with,103
on,101
by,98
more,97
bp,94
age,94
is,85
this,82
art,77
later,76
are,76
university,72
have,72
sites,66
also,66
p,64
bulletin,64
late,61
be,60
cave,58
social,58
c,57
western,56
eastern,55
r,54
et,53
an,52
d,52
pp,51
san,50
or,50
has,48
evidence,47
such,46
archaeology,46
lsa,45
been,45
may,42
t,42
were,41
journal,41
site,41
some,40
their,40
but,40
no,39
than,38
l,38
was,38
h,36
early,36
mitchell,35
which,35
these,34
not,34
m,33
assemblages,33
other,32
shelter,32
between,32
river,31
it,30
within,30
much,30
e,29
b,29
though,29
northern,29
settlement,28
recent,28
wilton,27
basutolian,27
human,26
van,26
use,26
radiocarbon,26
ecological,26
lesotho,25
g,25
n,25
pleistocene,25
research,25
both,25
large,24
its,24
natal,24
thukela,24
food,24
exchange,24
rainfall,24
studies,23
s,23
museum,23
many,23
while,23
paintings,23
cambridge,23
they,22
i,22
bay,22
dates,22
data,22
people,22
several,22
witwatersrand,22
new,22
can,22
quaternary,22
last,21
coastal,21
changes,21
regional,21
perhaps,21
years,21
sequence,21
dating,21
area,21
ca,21
one,20
diversity,20
change,20
where,20
science,20
prehistory,20
now,19
into,19
all,19
most,19
record,19
pollen,19
two,19
only,19
areas,19
material,19
transvaalian,19
plant,19
different,19
present,19
remains,19
far,18
town,18
after,18
greater,18
well,18
field,18
society,18
free,18
ecozone,18
first,17
oakhurst,17
limpopo,17
conditions,17
boomplaas,16
state,16
date,16
those,16
bone,16
how,16
show,16
kalahari,16
excavations,16
part,16
coast,16
f,16
international,16
backed,16
engravings,16
fold,16
valley,16
among,16
key,15
along,15
subsistence,15
culture,15
cultural,15
artifacts,15
world,15
model,15
summer,15
analysis,15
seasonal,15
lab,15
increased,15
common,14
environmental,14
complex,14
british,14
relations,14
wadley,14
climatic,14
goodwin,14
foods,14
table,14
johannesburg,14
paper,14
middle,14
variability,14
models,14
north,14
major,14
history,13
differences,13
farther,13
prehistoric,13
same,13
least,13
small,13
few,13
when,13
patterns,13
local,13
rare,13
marine,13
we,13
antiquity,13
here,13
report,13
past,13
rose,13
ma,12
contested,12
development,12
even,12
absent,12
across,12
parts,12
fig,12
basin,12
gender,12
cottage,12
economic,12
still,12
patterning,12
bushman,12
less,12
intensification,12
microlithic,12
wetter,11
study,11
elands,11
numbers,11
painted,11
exploitation,11
charcoal,11
occupation,11
used,11
belt,11
deacon,11
provide,11
time,11
formal,11
region,11
points,11
over,11
sheep,11
karoo,11
current,11
re,11
way,10
bleek,10
before,10
inland,10
there,10
thus,10
review,10
interior,10
relatively,10
ostrich,10
period,10
oxford,10
scrapers,10
shell,10
foragers,10
important,10
winter,10
pottery,10
drier,10
populations,10
during,10
stones,10
aggregation,10
made,10
range,10
deposits,10
three,10
cene,10
suggest,10
associated,10
series,10
evident,10
through,10
transition,10
potential,10
resources,10
indicated,9
tion,9
excavation,9
annals,9
production,9
context,9
papers,9
transvaal,9
since,9
nelson,9
levels,9
parkington,9
had,9
ethnography,9
tools,9
dispersal,9
caledon,9
work,9
presence,9
riet,9
archae,9
preliminary,9
lloyd,9
toward,9
drakensberg,9
mazel,9
humanities,9
ideology,9
often,9
der,9
very,9
form,9
making,9
particular,9
holo,9
need,9
association,9
shift,9
interaction,9
groups,8
jubilee,8
being,8
archaeologists,8
out,8
marked,8
shellfish,8
occur,8
ritual,8
yates,8
central,8
phase,8
southwestern,8
ern,8
storage,8
industries,8
abbreviation,8
resource,8
drought,8
eggshell,8
population,8
possibility,8
hunters,8
artifact,8
territorial,8
about,8
guide,8
reference,8
makes,8
chronology,8
tortoise,8
name,8
subcontinent,8
burial,8
do,8
paleoclimatic,8
widely,8
bushmen,8
sehonghong,8
what,8
suggests,8
little,8
focus,8
if,7
kinds,7
modern,7
virtually,7
contexts,7
oes,7
explaining,7
implications,7
spatial,7
point,7
mid,7
wonderwerk,7
ex,7
similar,7
robberg,7
means,7
shelters,7
w,7
lithic,7
found,7
isotope,7
focused,7
recently,7
fish,7
aspects,7
jerardino,7
ological,7
highly,7
industry,7
results,7
activities,7
movement,7
maqonqo,7
geophytes,7
place,7
identity,7
forms,7
significance,7
features,7
earlier,7
systems,7
indicate,7
ing,7
hxaro,7
stable,7
any,7
known,7
temporal,7
phd,7
beginning,7
hall,7
them,7
sea,7
using,7
images,7
hypothesis,7
mountains,6
steenbokfontein,6
rich,6
namibia,6
system,6
west,6
frequencies,6
throughout,6
given,6
items,6
wholly,6
networks,6
environments,6
scraper,6
burials,6
factors,6
dated,6
elsewhere,6
argued,6
upper,6
orange,6
generally,6
raw,6
midden,6
province,6
paleoenvironmental,6
beads,6
socioeconomic,6
presented,6
digging,6
critical,6
he,6
palaeoecology,6
expansion,6
limited,6
ethnographic,6
power,6
pastoralism,6
klasies,6
understanding,6
antelope,6
would,6
so,6
general,6
provides,6
k,6
adzes,6
who,6
quite,6
see,6
changing,6
meat,6
set,6
anthropology,6
did,6
particularly,6
recognition,6
tions,6
kruger,6
uncalibrated,6
herders,6
difficult,5
will,5
notably,5
second,5
microliths,5
former,5
either,5
voices,5
worked,5
seems,5
swaziland,5
demography,5
except,5
reflecting,5
matjes,5
initial,5
de,5
mixed,5
phases,5
reflects,5
blydefontein,5
developed,5
remain,5
landscape,5
lockshoek,5
risk,5
support,5
organization,5
kalaharian,5
four,5
beyond,5
suggested,5
mer,5
heuningneskrans,5
shamanistic,5
could,5
faunal,5
zone,5
im,5
pro,5
versity,5
produced,5
southeastern,5
inferred,5
rocks,5
tool,5
byneskranskop,5
records,5
regions,5
good,5
excavated,5
painting,5
st,5
identified,5
gift,5
paint,5
communities,5
interpretation,5
technology,5
others,5
lack,5
larger,5
farming,5
pattern,5
men,5
tloutle,5
shifts,5
another,5
previously,5
questions,5
low,5
open,5
spread,5
high,5
uni,5
probably,5
cango,5
attention,5
seen,5
sequences,5
magaliesberg,5
why,5
hope,5
anthropological,5
natural,5
par,5
half,5
assemblage,5
then,5
ar,5
historical,5
game,5
terms,5
distribution,5
almost,5
observations,5
verlorenvlei,5
opalines,5
die,5
com,5
terminal,5
argument,5
land,5
chicago,5
views,5
flakes,5
should,5
nonmicrolithic,4
dominant,4
stylistic,4
ments,4
episodes,4
red,4
mouth,4
significant,4
contact,4
women,4
lower,4
lateral,4
long,4
taken,4
concentrated,4
micromammals,4
pretoria,4
available,4
atlantic,4
hunting,4
bladelets,4
reconstruction,4
trance,4
warmer,4
eating,4
ixam,4
linked,4
savanna,4
iron,4
against,4
century,4
distinct,4
back,4
mobility,4
determinations,4
charcoals,4
critique,4
regionalization,4
mesolithic,4
growth,4
process,4
demonstration,4
ceramics,4
arid,4
strathalan,4
possibly,4
situations,4
bpfl,4
societies,4
relating,4
strongly,4
lived,4
further,4
shamanism,4
explain,4
criteria,4
because,4
having,4
heavily,4
whole,4
year,4
older,4
own,4
personal,4
proliferation,4
ouzman,4
spoeg,4
indicators,4
contrast,4
productivity,4
collingham,4
structured,4
cainozoic,4
situation,4
variety,4
comparative,4
female,4
jewelry,4
july,4
make,4
cooler,4
melkhoutboom,4
yet,4
mgede,4
thought,4
ntloana,4
restricted,4
structure,4
neither,4
temperate,4
smith,4
ams,4
industrial,4
increasingly,4
skeletons,4
shows,4
occupations,4
contemporary,4
ground,4
pleis,4
metaphors,4
degree,4
discussion,4
including,4
increase,4
samples,4
encouraged,4
largely,4
emphasize,4
processes,4
trend,4
individuals,4
distributions,4
emphasizing,4
florisbad,4
times,4
smithfield,4
mammals,4
vegetation,4
black,4
latter,4
problems,4
ann,4
availability,4
james,4
occupied,4
species,4
today,4
segments,4
male,4
un,4
detailed,4
shells,4
nkupe,4
face,4
considered,4
addressed,4
doorspring,4
complexity,4
must,4
each,4
down,4
emergence,4
domestic,4
goods,4
associations,4
binneman,4
just,4
better,4
animal,4
agricultural,4
her,4
explored,4
information,4
emphasis,4
develop,4
role,4
question,4
origins,4
ungulates,4
intensified,4
although,4
provided,4
stellenbosch,4
you,4
needs,4
supported,4
temperatures,4
predictable,4
evi,4
comparable,4
broader,4
bul,3
foraging,3
grassland,3
introduction,3
arrowheads,3
leliehoek,3
uniondale,3
uses,3
nineteenth,3
attempts,3
might,3
rapid,3
season,3
archaeologically,3
ikung,3
stratigraphically,3
tradition,3
bpa,3
exotic,3
letin,3
buffelskloof,3
eurasia,3
tenth,3
mythology,3
isotopic,3
escarpment,3
possible,3
characterize,3
move,3
narrow,3
bin,3
includes,3
component,3
assessment,3
dence,3
nor,3
old,3
underlying,3
perspective,3
document,3
palaeoclimates,3
ha,3
response,3
allowing,3
thin,3
tlaeeng,3
styles,3
dry,3
recognized,3
identification,3
siphiso,3
highlands,3
district,3
basic,3
posits,3
represented,3
importance,3
se,3
evolution,3
wilde,3
objects,3
clearly,3
air,3
undated,3
exploited,3
surface,3
boundary,3
thesis,3
stands,3
result,3
concentration,3
begun,3
access,3
pass,3
kangkara,3
diet,3
dowson,3
emerge,3
base,3
academic,3
density,3
maluti,3
caves,3
engraved,3
specularite,3
sticks,3
applied,3
near,3
weight,3
nyonyane,3
shaman,3
extending,3
seashell,3
significantly,3
bladelet,3
london,3
related,3
indigenous,3
special,3
partly,3
taxa,3
versus,3
away,3
employed,3
alliance,3
memoirs,3
level,3
mediterranean,3
spatiotemporal,3
around,3
boundaries,3
seacow,3
richness,3
up,3
notes,3
finds,3
sum,3
moved,3
comm,3
periods,3
microwear,3
likely,3
underground,3
materials,3
albany,3
etc,3
surviving,3
adze,3
interactions,3
chaeological,3
dle,3
hitherto,3
pastoralists,3
single,3
forager,3
elaboration,3
tsoana,3
msa,3
analytical,3
experimental,3
al,3
reply,3
insights,3
units,3
california,3
comparison,3
mark,3
addition,3
projects,3
fact,3
bovids,3
als,3
end,3
man,3
klipfonteinrand,3
took,3
adjacent,3
renbaan,3
accelerator,3
purposes,3
folklore,3
iiia,3
until,3
grazers,3
remained,3
exploring,3
background,3
tsitsikamma,3
values,3
kinahan,3
skeletal,3
montagu,3
francis,3
clear,3
zimbabwe,3
decorated,3
characterized,3
like,3
pos,3
direct,3
linking,3
woodworking,3
especially,3
become,3
interpretations,3
kabeljous,3
sug,3
southwest,3
nasionale,3
liphofung,3
increasing,3
european,3
space,3
podocarpus,3
she,3
hill,3
umhlatuzana,3
leslie,3
widespread,3
understand,3
length,3
centuries,3
dea,3
grounded,3
case,3
environment,3
andriesgrond,3
measurements,3
extensive,3
terrestrial,3
paradigm,3
cultures,3
megamiddens,3
east,3
sikhanyisweni,3
bush,3
southernmost,3
edible,3
works,3
living,3
type,3
draw,3
economy,3
investigation,3
ones,3
supports,3
theory,3
predate,3
descendants,3
pers,3
conference,3
recognizing,3
maclear,3
introduced,3
pre,3
progress,3
contrasts,3
our,3
spring,3
tocene,3
argues,3
wonderkrater,3
offer,3
instead,3
include,3
dense,3
smaller,3
derive,3
carbon,3
makotoko,3
national,3
exclusively,3
pat,3
khoisan,3
strong,3
dif,3
livestock,3
zones,3
problem,2
tokyo,2
groot,2
does,2
meth,2
edge,2
car,2
warming,2
meaning,2
names,2
lowe,2
centering,2
trans,2
alone,2
adoption,2
informa,2
debris,2
per,2
eth,2
group,2
becoming,2
conducted,2
vlei,2
elaborated,2
sets,2
ways,2
unmodified,2
di,2
kuruman,2
tied,2
organic,2
forelands,2
em,2
nyame,2
hyperspecialized,2
revision,2
calibration,2
henshilwood,2
turning,2
predominantly,2
geophyte,2
gap,2
browsing,2
harvard,2
sibility,2
sources,2
voightspost,2
neoglacial,2
definitely,2
sizes,2
avoiding,2
microstratigraphic,2
plateau,2
attempt,2
humans,2
utilization,2
analogies,2
nature,2
mazeps,2
comparatively,2
mont,2
portable,2
assess,2
warm,2
together,2
great,2
farmers,2
analyses,2
producing,2
mlaula,2
composition,2
norwood,2
survey,2
reproduction,2
subsequent,2
integrate,2
influences,2
remainder,2
reading,2
signs,2
pastoral,2
visibility,2
similarities,2
partners,2
takes,2
botanical,2
habitats,2
recorded,2
albeit,2
sought,2
dune,2
america,2
discuss,2
carbohydrate,2
account,2
vol,2
ysterfontein,2
prior,2
politics,2
aggrega,2
fl,2
apart,2
taking,2
ations,2
indicating,2
representing,2
historic,2
collection,2
localized,2
signal,2
nographic,2
framework,2
otherwise,2
regarding,2
royal,2
affiliation,2
surely,2
bloemfontein,2
attest,2
diets,2
intensifying,2
initially,2
millennium,2
interest,2
characteristic,2
sp,2
te,2
sample,2
extensively,2
spans,2
kind,2
slabs,2
construction,2
places,2
david,2
uitkomst,2
marriage,2
differently,2
body,2
difficulty,2
suitable,2
compared,2
mussels,2
continuous,2
reoccupation,2
biological,2
explore,2
boom,2
palaeoenvironmental,2
gest,2
grassveld,2
affili,2
bushveld,2
kommandokloof,2
oudtshoorn,2
readily,2
higher,2
operation,2
advances,2
geduld,2
rather,2
uncontested,2
unretouched,2
ba,2
distinction,2
aimed,2
stresses,2
lie,2
en,2
explicit,2
af,2
mean,2
johannes,2
approaches,2
unique,2
macrofauna,2
voigtspost,2
certain,2
domestication,2
leave,2
derived,2
suited,2
ix,2
signatures,2
scrub,2
dikbosch,2
mation,2
determination,2
acquisition,2
developments,2
facilitated,2
consider,2
presumably,2
proposed,2
spirit,2
impact,2
aly,2
vrede,2
reviewed,2
too,2
jacobson,2
ask,2
methods,2
additional,2
apollo,2
navorsinge,2
closely,2
my,2
lead,2
identifying,2
mpumalanga,2
bearing,2
develops,2
histories,2
colwinton,2
search,2
explanatory,2
behavioral,2
ecozones,2
changed,2
ocean,2
gariep,2
cores,2
glacial,2
mormyrid,2
pastoralist,2
acquiring,2
belleview,2
equally,2
neighboring,2
standardized,2
informed,2
equal,2
buried,2
viewed,2
intensity,2
cannot,2
younger,2
scale,2
monograph,2
expedient,2
bousman,2
aridity,2
wide,2
equus,2
package,2
char,2
directly,2
none,2
network,2
closed,2
bonawe,2
gatherers,2
received,2
residue,2
start,2
future,2
concept,2
brought,2
example,2
ocher,2
genuine,2
witkrans,2
broad,2
concentrate,2
seasonally,2
falling,2
structures,2
pan,2
reflect,2
scope,2
herding,2
pappea,2
systematic,2
project,2
won,2
ter,2
status,2
markedly,2
boulders,2
healing,2
johan,2
approach,2
manipulation,2
akuma,2
precipitation,2
sense,2
working,2
cold,2
pronounced,2
parietal,2
emphasizes,2
involved,2
rooikrans,2
berg,2
groenvlei,2
components,2
pits,2
mal,2
grassridge,2
cool,2
tation,2
dramatic,2
climate,2
mesic,2
annual,2
visible,2
ington,2
moist,2
duiker,2
ungulate,2
humphreys,2
lend,2
survived,2
therefore,2
interglacial,2
myth,2
reduced,2
minor,2
liminary,2
gradual,2
macrofaunal,2
brief,2
constraints,2
aspoort,2
above,2
indicates,2
comments,2
barham,2
logical,2
biomass,2
caimane,2
mammal,2
examined,2
marginal,2
gehle,2
manhire,2
sex,2
artifactual,2
under,2
barkly,2
mobile,2
speleothem,2
complementary,2
complete,2
entoptic,2
shifting,2
ed,2
indian,2
without,2
materialist,2
lee,2
starting,2
his,2
successfully,2
scot,2
marker,2
challenge,2
again,2
fin,2
death,2
shelf,2
trapping,2
put,2
motifs,2
water,2
missing,2
artists,2
longer,2
fundamental,2
centered,2
beliefs,2
seasonality,2
grave,2
break,2
debates,2
variation,2
augussie,2
bonework,2
msc,2
v,2
increases,2
operating,2
lion,2
strategies,2
ravenscraig,2
ports,2
necessary,2
reconstructing,2
vogel,2
frequency,2
style,2
ticularly,2
interpreting,2
original,2
collecting,2
examples,2
easier,2
explanation,2
beaumont,2
tary,2
helps,2
active,2
cure,2
alization,2
gauteng,2
sixth,2
trends,2
goes,2
medium,2
entirely,2
factor,2
khoi,2
congress,2
condi,2
fruits,2
raising,2
symbolic,2
ties,2
stress,2
op,2
maximizing,2
counter,2
individual,2
function,2
edgehill,2
played,2
serves,2
sidestruck,2
preservation,2
ap,2
procurement,2
internal,2
successors,2
ornaments,2
precisely,2
biomes,2
diamond,2
seeking,2
ethnographically,2
department,2
slightly,2
dominance,2
geography,2
theo,2
relative,2
stick,2
ago,2
investigations,2
thackeray,2
blaauwberg,2
nets,2
division,2
visit,2
dietary,2
absence,2
farm,2
depth,2
sandveld,2
discussing,2
quence,2
relationship,2
snaring,2
richest,2
supporting,2
george,2
movements,2
bulk,2
staples,2
suspected,2
begin,2
fewer,2
referred,2
monuments,2
deposit,2
millennia,2
contribution,2
littoral,2
merwe,2
life,2
hierarchical,2
fall,2
moister,2
fields,2
itself,2
event,2
produc,2
shaw,2
share,2
seriously,2
peoples,2
sealy,2
accounts,2
invoked,2
reciprocity,2
physical,2
proposes,2
potency,2
sustained,2
cover,2
shamans,2
know,2
iiib,2
meadows,2
exploration,2
khoikhoi,2
gone,2
vari,2
argue,2
returns,2
iii,2
ideological,2
springbokoog,2
picks,2
kathu,2
examining,2
domesticated,2
saltpan,2
growing,2
cavern,2
explanations,2
banda,2
whether,2
migratory,2
plants,2
springbok,2
add,2
transactions,2
extent,2
densities,2
managed,2
require,2
backing,2
episode,2
phenomena,2
replacement,2
size,2
des,2
cosmology,2
became,2
easy,2
predecessors,2
activity,2
lies,2
assumptions,2
duction,2
lorenz,2
arguments,2
phenomenon,2
varied,2
prepared,2
analogy,2
come,2
practices,2
initiated,2
iden,2
altither,2
contributed,2
equids,2
fauna,2
integrated,2
mhlwazini,2
define,2
regime,2
col,2
defined,2
namaqualand,2
oldest,2
practiced,2
am,2
retouch,2
klein,2
third,2
km,2
geographical,2
informants,2
debate,2
sharing,2
rocky,2
ferent,2
maximum,2
pietermaritzburg,2
technological,2
hia,2
delayed,2
close,2
tubers,2
sa,1
final,1
frequent,1
miller,1
bedeutung,1
amining,1
order,1
unsure,1
helped,1
currently,1
mostly,1
rate,1
o,1
done,1
struggle,1
patience,1
behavioural,1
scraped,1
situating,1
concerned,1
dra,1
commentary,1
preference,1
created,1
functional,1
prolonging,1
concern,1
go,1
real,1
modelling,1
bokfontein,1
ant,1
wa,1
physicality,1
overstated,1
margins,1
fron,1
entpptic,1
ultimate,1
spurred,1
appear,1
rec,1
linguistic,1
servatory,1
village,1
derberg,1
center,1
settlements,1
needed,1
magali,1
backdrops,1
partially,1
touched,1
mike,1
systematically,1
agency,1
crun,1
enhance,1
pieter,1
diversification,1
formed,1
opperman,1
live,1
authority,1
flowering,1
uniquely,1
constitutes,1
postdate,1
mous,1
grundlagen,1
jonathan,1
easily,1
eur,1
viduals,1
favor,1
park,1
higgs,1
ore,1
decade,1
grasslands,1
ranges,1
trace,1
inburgh,1
undertaken,1
equated,1
knysna,1
ian,1
presents,1
unlike,1
occurred,1
afkomstig,1
hominid,1
behavior,1
variants,1
total,1
eastward,1
ethnographicalfy,1
botswana,1
prepottery,1
domes,1
finely,1
something,1
postulates,1
ardino,1
arguing,1
source,1
hillsides,1
tripod,1
ethic,1
overhangs,1
mhb,1
negative,1
ethnographies,1
cutting,1
experience,1
proportion,1
hm,1
accumulation,1
querying,1
consistent,1
fabric,1
jxam,1
concepts,1
test,1
every,1
labor,1
certainly,1
deren,1
posed,1
oht,1
jointly,1
retouched,1
interested,1
researched,1
ii,1
give,1
oudepost,1
planting,1
sub,1
palynological,1
ok,1
anywhere,1
permanently,1
vervet,1
derplayed,1
variables,1
dreams,1
maturation,1
experiments,1
poison,1
retied,1
definition,1
encapsulating,1
confirmed,1
physiographic,1
lamberts,1
suids,1
sup,1
wooden,1
explores,1
belong,1
broadly,1
suggesting,1
accompanied,1
featuring,1
microlith,1
enduring,1
display,1
simple,1
disproportionate,1
thank,1
indeed,1
exfoliation,1
location,1
accumulated,1
potentially,1
narrative,1
supernatural,1
borne,1
studied,1
ephemeral,1
lh,1
chosen,1
hundred,1
palaeoe,1
onto,1
acacia,1
scheme,1
borers,1
take,1
kingdom,1
debt,1
niche,1
help,1
reinterpret,1
azania,1
brose,1
feature,1
kc,1
harmondsworth,1
maining,1
persistence,1
fishhooks,1
cemeteries,1
manipulating,1
fullest,1
greatly,1
iha,1
mr,1
tv,1
principal,1
robert,1
deriving,1
sociation,1
opposite,1
ber,1
coheres,1
solved,1
ambiguous,1
dsm,1
tiated,1
worldwide,1
nomadic,1
depends,1
paying,1
issue,1
side,1
occasional,1
tragique,1
ascribed,1
weaving,1
suspect,1
correlated,1
verloren,1
typel,1
ornamen,1
abbreviated,1
westview,1
plain,1
identities,1
sociologique,1
owe,1
owing,1
panied,1
amine,1
neman,1
rustenburg,1
task,1
capacity,1
oxy,1
factored,1
primary,1
bases,1
u,1
iv,1
firm,1
cated,1
fences,1
right,1
petus,1
representations,1
societas,1
economics,1
tivity,1
quantities,1
fitting,1
determined,1
namibian,1
adapta,1
intro,1
exhibits,1
illustrate,1
burning,1
derrated,1
grind,1
april,1
reaction,1
anatomically,1
differen,1
consciousness,1
impacted,1
urges,1
ings,1
magazine,1
demic,1
measuring,1
moving,1
community,1
combination,1
variations,1
decoding,1
ide,1
prolonged,1
establishment,1
exchanges,1
asserting,1
rying,1
derwerk,1
woodhouse,1
precipi,1
genetic,1
geomorphological,1
bushmanland,1
establishes,1
enter,1
sourceable,1
identifi,1
economies,1
terned,1
undergone,1
strengthens,1
congruence,1
overstressed,1
senqu,1
sign,1
reliably,1
reconstruc,1
corresponding,1
tories,1
sodes,1
coincident,1
evans,1
lockhoek,1
pen,1
ployed,1
pit,1
ice,1
affirmatively,1
tablishing,1
proceeded,1
blades,1
explained,1
weakened,1
lw,1
locations,1
coetzee,1
quality,1
bracket,1
blinkklip,1
run,1
ansi,1
analyzing,1
september,1
assumes,1
positively,1
hallucinatory,1
intact,1
fora,1
reflection,1
ease,1
exam,1
basal,1
ag,1
num,1
distri,1
gendered,1
contra,1
mined,1
occurs,1
rites,1
studie,1
american,1
cf,1
pig,1
depositories,1
regarded,1
commencing,1
ability,1
insofar,1
preparation,1
unhealthy,1
accelerating,1
arena,1
z,1
interprets,1
delta,1
palaeolithic,1
progressive,1
turn,1
thaba,1
destroyed,1
depend,1
pecked,1
sized,1
ante,1
disproportionately,1
attested,1
mphil,1
mauss,1
marula,1
wares,1
retical,1
handbook,1
palaeogeogra,1
radio,1
groningen,1
attests,1
lifestyles,1
slab,1
loubser,1
locales,1
remoter,1
landmark,1
mates,1
obscure,1
windhoek,1
seal,1
communication,1
excavator,1
corrected,1
fynbos,1
border,1
wet,1
terrestrially,1
deeply,1
coasts,1
observatory,1
aca,1
zinderen,1
understood,1
commanding,1
exposed,1
melkhout,1
tained,1
acted,1
bel,1
boxes,1
rates,1
dcr,1
maseru,1
critiquing,1
poorly,1
ado,1
rent,1
nooit,1
employ,1
ers,1
recurved,1
peo,1
landscapes,1
bok,1
interesting,1
simultaneously,1
enhancing,1
bwe,1
stock,1
predicted,1
exact,1
dilemma,1
relied,1
camp,1
loams,1
principally,1
main,1
arising,1
stressful,1
proceedings,1
recontextualization,1
mcgregor,1
illustration,1
aggressive,1
influential,1
na,1
seaboard,1
rav,1
phasis,1
bles,1
eskimos,1
bifacial,1
pinpoint,1
parents,1
js,1
determining,1
storms,1
lasted,1
thing,1
costs,1
terior,1
spores,1
fat,1
waterholes,1
gk,1
pafynology,1
unini,1
scales,1
believing,1
offering,1
white,1
productive,1
strate,1
practicing,1
fluctua,1
notwithstand,1
supposed,1
characterizes,1
lea,1
buf,1
gathering,1
rietvfci,1
modified,1
tern,1
provinces,1
occu,1
mnning,1
sevilla,1
nbc,1
vastly,1
ensure,1
immigrant,1
injasuthi,1
marks,1
rosenfeld,1
gional,1
tensions,1
dichotomy,1
foothills,1
esberg,1
erationalize,1
equatable,1
discouraged,1
rated,1
beau,1
spreading,1
specialization,1
continuity,1
organized,1
imposed,1
bit,1
photographs,1
section,1
felsbilder,1
termini,1
dominate,1
traces,1
reconstituted,1
maggs,1
preoccupation,1
wilmsen,1
plications,1
northeastern,1
exploratory,1
wk,1
shore,1
petro,1
exemplify,1
boontjieskloof,1
periodically,1
presumed,1
retrospective,1
mine,1
spokeshaves,1
store,1
elephants,1
shorter,1
exotics,1
powerful,1
partici,1
alcelaphus,1
follow,1
goats,1
efficient,1
us,1
notions,1
organi,1
pated,1
faraoskop,1
testament,1
cost,1
quos,1
explosion,1
umh,1
terminology,1
textueuen,1
pology,1
plenum,1
mo,1
vp,1
hyrax,1
bb,1
mussel,1
export,1
strategy,1
mon,1
providing,1
decades,1
approxi,1
drawing,1
gregation,1
palaeoenvironments,1
trajectories,1
antidorcas,1
dc,1
disappeared,1
roosfontein,1
ihre,1
experimentation,1
whereas,1
tween,1
rotter,1
teau,1
accom,1
pulsed,1
tc,1
bl,1
based,1
mfecane,1
ditions,1
whom,1
introduce,1
walk,1
agenda,1
tra,1
tem,1
home,1
discount,1
medicine,1
carrying,1
acknowledgments,1
marion,1
aseasonal,1
honingklip,1
nt,1
called,1
typical,1
docile,1
observing,1
skop,1
shared,1
sedentary,1
centrally,1
depictions,1
extinct,1
configuration,1
persist,1
mollusc,1
flying,1
ures,1
fuel,1
inter,1
term,1
evaluate,1
dent,1
grandparents,1
midlands,1
disincentives,1
ger,1
detected,1
war,1
block,1
sil,1
reviews,1
anderson,1
mate,1
treat,1
afforded,1
vaalian,1
appears,1
palaeotemperatures,1
ductive,1
stratified,1
striking,1
wealth,1
verse,1
euphorbia,1
procedures,1
noted,1
absolute,1
required,1
rescheduling,1
opposition,1
method,1
answer,1
ods,1
subdivisions,1
vo,1
sparse,1
intake,1
rowtips,1
hierarchies,1
gained,1
supercession,1
ruggieri,1
feeding,1
participation,1
differ,1
sedimentological,1
spheres,1
basis,1
invisible,1
line,1
y,1
distinc,1
makers,1
gains,1
pret,1
correlation,1
scatters,1
already,1
circumstantial,1
ideal,1
rine,1
preferred,1
klp,1
protein,1
mikrogebruikstekens,1
grained,1
rc,1
unless,1
descendant,1
distinctively,1
breeding,1
competing,1
porous,1
proportions,1
accumula,1
macrolithic,1
clearer,1
symbolism,1
comment,1
confirms,1
mam,1
seh,1
caught,1
description,1
ten,1
woodland,1
ple,1
dividing,1
midand,1
egalitarian,1
loss,1
precipitated,1
continuation,1
gave,1
sta,1
diffusion,1
describe,1
discussions,1
blue,1
refined,1
agropastoralists,1
rand,1
postulated,1
adap,1
issues,1
beginnings,1
round,1
reoccupied,1
predicts,1
scare,1
transkei,1
uncritically,1
call,1
transported,1
patination,1
situates,1
prepastoralist,1
observed,1
reestablishment,1
surrounding,1
complemented,1
rise,1
sbf,1
putatively,1
differentially,1
malanga,1
capacities,1
extinctions,1
conceptual,1
interpreted,1
horizon,1
strengthened,1
elephant,1
universally,1
ethnicity,1
combine,1
famine,1
litter,1
tiotemporal,1
else,1
watsonia,1
repro,1
numerically,1
formulate,1
ren,1
aided,1
africanist,1
tanged,1
staple,1
evaluated,1
stressed,1
responses,1
equator,1
los,1
indicator,1
correct,1
composite,1
caused,1
below,1
spatially,1
wi,1
crease,1
lowest,1
distances,1
bondi,1
involve,1
ambrose,1
coupled,1
next,1
grass,1
le,1
warmest,1
phrase,1
plex,1
pacts,1
heart,1
graminoid,1
insurance,1
bank,1
drak,1
encompasses,1
dried,1
coping,1
clanwilliam,1
characteristics,1
sufficient,1
stemmed,1
mains,1
wider,1
smithsonian,1
knives,1
founding,1
mini,1
masking,1
leather,1
deco,1
nineteenthand,1
csf,1
mi,1
australian,1
peak,1
intrudes,1
distinguished,1
ancestral,1
cur,1
diversified,1
falcatus,1
seeds,1
tended,1
corridor,1
core,1
always,1
arbitrariness,1
diameters,1
cattle,1
dependent,1
kra,1
pa,1
und,1
rican,1
cj,1
organs,1
arbor,1
roots,1
repli,1
crolithic,1
talma,1
undergoing,1
fusely,1
gross,1
displaced,1
dam,1
terri,1
plateaux,1
inform,1
rest,1
massive,1
reducing,1
ochre,1
invest,1
concomitant,1
gh,1
avoid,1
vant,1
strangers,1
apparent,1
limiting,1
appeal,1
chronological,1
ploited,1
morphology,1
defended,1
rietvlei,1
horizons,1
robbers,1
onset,1
horafels,1
cations,1
exhaust,1
synony,1
lesser,1
separation,1
alphabetical,1
synthesis,1
star,1
located,1
overall,1
cai,1
horses,1
cology,1
clears,1
corporation,1
tide,1
appreciate,1
classic,1
fruit,1
hollows,1
exception,1
appearance,1
poor,1
restructuring,1
whatever,1
precolonial,1
ponent,1
waamemings,1
preferences,1
experiences,1
popo,1
buck,1
linguistically,1
targeted,1
registered,1
ciskei,1
surveyed,1
ware,1
religious,1
innovation,1
formation,1
postulate,1
undergo,1
scarcity,1
once,1
eral,1
patches,1
contributing,1
pow,1
uppsala,1
depicted,1
stud,1
trains,1
spe,1
tale,1
opportunities,1
coverage,1
convex,1
experienced,1
mozambique,1
york,1
advanced,1
database,1
toolkits,1
anonymous,1
residence,1
rain,1
predecessor,1
formally,1
exposure,1
metab,1
barring,1
allels,1
favorable,1
specimens,1
management,1
processing,1
included,1
decuning,1
overshad,1
oxygen,1
extinction,1
informal,1
publishing,1
asia,1
collectively,1
plicit,1
coarsely,1
karroid,1
outlined,1
jer,1
fieldwork,1
accelerated,1
strip,1
constitute,1
boiling,1
reports,1
unusually,1
reliance,1
havens,1
truncated,1
maintained,1
functioned,1
sealed,1
picture,1
useful,1
showing,1
representation,1
ceramic,1
plaining,1
fire,1
lewis,1
geometries,1
solomon,1
french,1
iondale,1
eray,1
grindstones,1
ognized,1
barbed,1
afterlife,1
runs,1
stated,1
sometimes,1
purely,1
thresholds,1
europe,1
cable,1
diepkloof,1
beuchat,1
added,1
paleobotanical,1
demographic,1
interband,1
archaeologi,1
ban,1
flywhisks,1
welgeluk,1
efforts,1
invites,1
superpositioning,1
communal,1
towards,1
cies,1
valid,1
abbreviations,1
cartwright,1
allow,1
storing,1
vindication,1
abilities,1
don,1
carbonized,1
minimizing,1
clarendon,1
neered,1
gested,1
creative,1
proposal,1
pressure,1
rial,1
documents,1
lc,1
adds,1
crop,1
choice,1
limpets,1
bio,1
really,1
anthro,1
habitat,1
diverse,1
surfaces,1
absoluteness,1
focuses,1
overwhelmingly,1
biota,1
scrap,1
essner,1
fashion,1
subcontinentalwide,1
mobiliary,1
snail,1
decipher,1
discussed,1
ostriches,1
zealand,1
ensberg,1
meas,1
depopulation,1
ravan,1
klip,1
momentum,1
behind,1
rivation,1
hand,1
ndaka,1
consciously,1
paris,1
considers,1
preforms,1
deceptive,1
zambia,1
developing,1
lecap,1
erers,1
accepted,1
gra,1
non,1
stationary,1
unclear,1
handicapped,1
terface,1
ished,1
origin,1
heaps,1
intensify,1
fect,1
rounds,1
einer,1
teeth,1
children,1
glyphs,1
essai,1
number,1
wood,1
eq,1
outlines,1
valleys,1
hk,1
able,1
demonstrated,1
nonetheless,1
complicating,1
technologies,1
casual,1
sutherland,1
extended,1
rhinoceroses,1
sensory,1
reed,1
registers,1
considering,1
connochaetes,1
discovery,1
hemisphere,1
chronostratigraphic,1
thirds,1
critiqued,1
writings,1
trajectory,1
narrowly,1
systematics,1
signaled,1
enhanced,1
eland,1
unpredictable,1
chaeology,1
qua,1
expand,1
attributed,1
varying,1
likoaieng,1
empirical,1
pendent,1
heath,1
kwathwaleyakhe,1
waste,1
eaten,1
mpu,1
persisted,1
la,1
rivers,1
rescue,1
band,1
dances,1
ideas,1
prominently,1
wt,1
net,1
painters,1
story,1
alleling,1
recovery,1
scheduled,1
cooked,1
nothing,1
hunted,1
trust,1
check,1
traders,1
ob,1
dismissed,1
advantages,1
theories,1
minimize,1
continuities,1
described,1
negotiating,1
agulhas,1
sev,1
dep,1
tication,1
meanings,1
appraisal,1
remaining,1
lacustrine,1
compressed,1
estuarine,1
authors,1
vegetations,1
monkey,1
atten,1
tl,1
unconnected,1
peter,1
maintenance,1
co,1
serious,1
pla,1
divisions,1
ef,1
ny,1
attribution,1
cache,1
curve,1
ongoing,1
nauga,1
obtained,1
stages,1
mountain,1
filled,1
palaeobotanical,1
running,1
epoch,1
improved,1
spa,1
harder,1
procuring,1
segment,1
lose,1
repeated,1
brooker,1
margin,1
ridge,1
favored,1
graves,1
est,1
variably,1
leoenvironmental,1
unexplained,1
mining,1
parallel,1
indi,1
evolutionary,1
crests,1
skeleton,1
constructing,1
malian,1
topic,1
giant,1
confinement,1
successful,1
emphasized,1
carr,1
sty,1
mzinyashana,1
assessing,1
wise,1
deliberate,1
nongregarious,1
ables,1
sig,1
excluded,1
master,1
assigning,1
melons,1
farao,1
oak,1
witwaters,1
bored,1
silcrete,1
horse,1
blood,1
equivalent,1
adaptations,1
inde,1
attracted,1
morris,1
oscillations,1
assesses,1
figures,1
sine,1
impressed,1
tendency,1
kimberley,1
atlas,1
dryas,1
pairs,1
olifants,1
kat,1
sip,1
regressions,1
political,1
incoming,1
dunefield,1
animals,1
justice,1
sented,1
projectile,1
hunt,1
separate,1
infants,1
references,1
seden,1
rarity,1
roasted,1
hindered,1
carried,1
discipline,1
mediate,1
provoking,1
bon,1
kaplan,1
topography,1
cation,1
imply,1
abundance,1
undoubted,1
singer,1
note,1
irregular,1
invokes,1
perspectives,1
continued,1
inhabitants,1
popularity,1
figure,1
cedar,1
lends,1
vision,1
naturally,1
palaeobotany,1
program,1
fully,1
pieces,1
arrow,1
fitzsimons,1
exfoliated,1
wild,1
butions,1
parent,1
quarrying,1
lines,1
pio,1
deteriorating,1
binary,1
secure,1
nexus,1
soaqua,1
lost,1
aboriginal,1
erful,1
collections,1
tive,1
tloutlc,1
yale,1
kraal,1
visual,1
transformation,1
kitchen,1
gravings,1
cauldwell,1
plasticity,1
paradigmatic,1
bows,1
isotopically,1
settled,1
es,1
difference,1
responsible,1
exclude,1
ward,1
united,1
derkrater,1
bones,1
frontier,1
lip,1
ology,1
toxic,1
subdivided,1
epi,1
amiot,1
instances,1
sandstone,1
tial,1
nificance,1
recalling,1
angeles,1
repeat,1
council,1
blurred,1
thick,1
forest,1
exchanged,1
earliest,1
mouse,1
pellingly,1
legacies,1
affect,1
detail,1
plus,1
toleni,1
plies,1
freshwater,1
uannee,1
differentiated,1
emerging,1
correction,1
sampson,1
variable,1
exercised,1
heavy,1
rarely,1
hypoxis,1
bosiu,1
kop,1
practice,1
following,1
dispersed,1
reviewing,1
melanesia,1
mentioned,1
colonists,1
maq,1
geh,1
ism,1
calodendron,1
reamers,1
complexes,1
semiarid,1
tations,1
wear,1
eco,1
economically,1
unbroken,1
partnerships,1
sparser,1
nutritional,1
theme,1
implied,1
pluckers,1
thousand,1
les,1
grazing,1
bifacially,1
observation,1
favors,1
profile,1
tified,1
reconnaissance,1
occurrences,1
korsman,1
glimpse,1
werktuie,1
text,1
loving,1
peat,1
coals,1
organizational,1
alternative,1
vanna,1
modeling,1
mirrors,1
sibly,1
molerat,1
zin,1
cyclones,1
namib,1
drowned,1
dimension,1
continental,1
ave,1
colonization,1
control,1
menting,1
blombos,1
monthly,1
cemetery,1
methodist,1
novel,1
acterized,1
rk,1
downslope,1
dustries,1
setting,1
considera,1
seem,1
saisonnieres,1
referees,1
best,1
prominence,1
breaking,1
dur,1
universal,1
surprisingly,1
intrusion,1
rearing,1
ratification,1
pigment,1
deliberately,1
graafwa,1
dat,1
contradictory,1
kasouga,1
nutand,1
ous,1
reflected,1
generalized,1
retrocession,1
distinctive,1
placing,1
utilized,1
explana,1
proaches,1
bands,1
hint,1
cal,1
hartebeest,1
sexual,1
ideologies,1
helping,1
reproduce,1
lim,1
answered,1
receiving,1
blinkklipkop,1
seals,1
cale,1
reactions,1
phenom,1
reconcile,1
selected,1
stratigraphic,1
sik,1
rising,1
sidescraper,1
nearby,1
males,1
dallas,1
poral,1
arrowshafts,1
minal,1
sus,1
defi,1
tiation,1
edinburgh,1
signature,1
impli,1
firmly,1
interval,1
ceased,1
tightly,1
dream,1
packaged,1
rejoinder,1
ekspirementele,1
divide,1
cloth,1
yield,1
baltic,1
proposing,1
mg,1
assump,1
investiga,1
incorporated,1
rainmakers,1
universe,1
distributing,1
haps,1
deflation,1
hurst,1
knot,1
revised,1
ritually,1
dik,1
trees,1
pation,1
burns,1
uncontrolled,1
preserved,1
entire,1
tifies,1
oog,1
altered,1
odologies,1
deterministic,1
nomads,1
met,1
conclude,1
uniform,1
banbury,1
despite,1
explicating,1
quartzite,1
docu,1
giving,1
filling,1
nigh,1
step,1
controls,1
tandjiesberg,1
compressing,1
mythic,1
territory,1
exceeded,1
oil,1
unit,1
contribute,1
koln,1
manufacturing,1
clothing,1
germs,1
stevenson,1
challenges,1
exceptionally,1
metabolic,1
exploit,1
isolated,1
definitions,1
writing,1
tortoises,1
soils,1
fruiting,1
ethnology,1
unexplored,1
dependability,1
subcontinental,1
spective,1
susceptible,1
shores,1
doornfontein,1
strung,1
disadvantages,1
promoted,1
necessarily,1
reedbuck,1
students,1
shown,1
nues,1
sediments,1
drafts,1
distinguish,1
commercial,1
touch,1
unable,1
continual,1
manageable,1
sedimentary,1
arrows,1
mouths,1
envisaged,1
twentieth,1
camps,1
herds,1
frame,1
chemical,1
position,1
aware,1
mode,1
actively,1
sues,1
exists,1
consumption,1
hunter,1
environ,1
sur,1
manufacture,1
persal,1
states,1
terning,1
effects,1
clues,1
steen,1
attempted,1
objections,1
scape,1
quartz,1
sourveld,1
capense,1
spalls,1
ologists,1
paraphernalia,1
roughly,1
sides,1
showed,1
summary,1
listic,1
ied,1
offered,1
intergroup,1
specific,1
preferentially,1
oakhursulike,1
written,1
occurring,1
pioneering,1
infor,1
ceiling,1
buffalo,1
distinctions,1
archaeologica,1
drying,1
ensuring,1
mason,1
themselves,1
pathways,1
ghaap,1
plaas,1
nk,1
justify,1
succeeded,1
vary,1
syn,1
lake,1
peopling,1
bakker,1
engela,1
altithermal,1
oceans,1
uncertainty,1
substantial,1
consequent,1
matic,1
surveys,1
adopted,1
eb,1
seek,1
boomplaasgrot,1
enormous,1
building,1
ologies,1
successive,1
asked,1
gaap,1
geoarchaeology,1
built,1
signals,1
molluscan,1
roles,1
fortuitous,1
symbiotic,1
deeper,1
assem,1
continuously,1
sugden,1
