WORDCOUNTS,WEIGHT
the,687
of,604
and,584
in,423
p,321
a,214
grave,155
to,155
charcoal,142
et,133
pp,129
bone,117
at,114
de,113
is,109
niger,93
by,91
for,83
as,80
on,73
from,68
with,64
are,63
site,61
years,57
sites,54
du,53
or,50
that,49
adrar,49
pottery,49
tenerean,47
sahara,45
archaeology,44
but,44
been,43
have,43
la,42
bp,41
early,40
occupation,39
these,39
african,39
archaeological,38
des,38
evidence,38
this,37
bous,35
one,34
human,33
settlement,32
be,32
an,30
n,29
situ,27
paris,27
j,26
r,26
africa,26
neolithic,25
affinities,25
which,25
was,25
remains,25
some,24
their,24
hundred,23
le,23
iron,23
d,23
m,22
not,22
furnace,21
were,21
has,21
west,21
fig,21
surface,21
aterian,21
roset,21
such,20
dates,20
may,20
haour,20
its,20
north,20
modern,19
i,19
occurs,19
journal,19
also,19
sciences,19
h,18
prehistory,18
only,18
radiocarbon,18
accessed,18
both,18
au,18
en,17
shell,17
cattle,17
it,16
first,16
b,16
saharan,16
around,16
culture,16
stone,15
no,15
recherches,15
cultural,15
pa,15
termit,15
layer,15
arch,15
different,15
sahelian,14
than,14
university,14
southern,14
new,14
northern,14
sur,14
between,14
much,14
les,13
date,13
chin,13
f,13
sahel,13
dans,13
copper,13
later,12
central,12
g,12
remain,12
air,12
age,12
most,12
near,12
known,12
over,12
past,12
c,12
institut,11
they,11
excavation,11
w,11
serie,11
change,11
will,11
ne,11
more,11
region,11
food,11
tin,11
ph,11
large,10
history,10
s,10
context,10
even,10
ago,10
leather,10
cahiers,10
two,10
material,10
made,10
similar,10
quaternary,10
range,10
little,10
recent,10
occur,10
e,9
all,9
there,9
hausa,9
van,9
paleolithic,9
recovered,9
origins,9
had,9
kufan,9
population,9
record,9
climatic,9
work,9
mclntosh,9
research,9
south,9
ceramic,9
time,9
where,9
use,9
would,9
september,9
bulletin,9
table,9
temper,9
type,9
reported,9
nile,9
uncalibrated,9
although,9
now,8
environmental,8
nord,8
western,8
contexts,8
domesticated,8
development,8
clark,8
period,8
arid,8
part,8
people,8
social,8
areas,8
perhaps,8
local,8
desert,8
dating,8
un,8
area,8
while,8
through,8
typically,8
massif,7
t,7
nature,7
holocene,7
very,7
since,7
century,7
traditions,7
dated,7
prehistoric,7
further,7
tools,7
basis,7
scatters,7
london,7
example,7
during,7
prehistorique,7
july,7
tamaya,7
prehistoire,7
regional,7
funerary,7
many,7
occurrence,7
agades,7
neolithique,7
changes,7
ing,7
associated,7
peoples,7
ounan,7
half,7
gado,7
november,7
tagalagal,7
layers,7
humaines,6
if,6
tion,6
into,6
long,6
editions,6
other,6
hunting,6
survey,6
climate,6
within,6
vol,6
international,6
throughout,6
review,6
sediment,6
millennium,6
apparently,6
industries,6
without,6
rather,6
subsistence,6
parts,6
ceramics,6
afunfun,6
k,6
my,6
societies,6
found,6
basin,6
well,6
data,6
artifacts,6
berliet,6
facies,6
periods,6
matter,6
populations,6
yet,6
azawagh,6
walled,6
documents,6
do,6
lake,6
so,6
summer,6
greboun,6
can,6
probably,6
increasing,6
who,6
grinding,6
often,6
considered,6
acheulean,6
domestic,6
far,6
proceedings,6
middle,6
tafidet,6
kanawa,6
wild,6
cambridge,6
rockshelter,6
chad,6
deposits,6
should,6
o,5
way,5
niamey,5
organic,5
par,5
seems,5
panafrican,5
government,5
ad,5
possible,5
attested,5
distinct,5
items,5
old,5
libyan,5
earlier,5
burials,5
possibly,5
river,5
methodist,5
too,5
important,5
suggested,5
ancient,5
appear,5
appearance,5
out,5
relate,5
late,5
understood,5
domestication,5
wide,5
statuettes,5
interpreted,5
least,5
suggest,5
small,5
metiers,5
when,5
society,5
hugot,5
takene,5
fossil,5
oxford,5
thought,5
mission,5
hearth,5
sometimes,5
smith,5
lack,5
francaise,5
pattern,5
ages,5
mellet,5
vast,5
gif,5
mekrou,5
environments,5
including,5
congress,5
three,5
discussed,5
points,5
august,5
high,5
gisements,5
inhabitants,5
pieces,5
sequences,5
life,5
arts,5
vafrique,5
any,5
der,5
pit,5
pour,5
person,5
them,5
whether,5
archeologique,5
afrique,5
prehistoriques,5
difficult,4
metal,4
groups,4
natural,4
settlements,4
complex,4
being,4
sources,4
stratigraphically,4
tradition,4
farther,4
written,4
represent,4
those,4
side,4
con,4
key,4
addis,4
marked,4
kase,4
implements,4
ostrich,4
coexistence,4
phd,4
y,4
essays,4
poznan,4
poorly,4
walls,4
zinder,4
levels,4
skeleton,4
maley,4
provisional,4
societe,4
latitudes,4
eggshell,4
erosion,4
gorou,4
vallees,4
burial,4
azelik,4
scale,4
pleistocene,4
methode,4
line,4
overlying,4
related,4
reflect,4
missions,4
artifact,4
doubtful,4
premiers,4
either,4
oriental,4
mediterranean,4
involved,4
several,4
few,4
industry,4
notes,4
provided,4
finds,4
chronological,4
therefore,4
situation,4
economic,4
security,4
kluwer,4
same,4
quechon,4
stated,4
towards,4
consideration,4
civilisations,4
patterns,4
see,4
clapperton,4
samples,4
questions,4
bura,4
fragments,4
characterized,4
plant,4
after,4
fred,4
slightly,4
socialist,4
ministry,4
widespread,4
quaternaria,4
face,4
earliest,4
anthropomorphic,4
environment,4
iwelen,4
series,4
changing,4
extensive,4
ighazer,4
country,4
metallurgy,4
seem,4
unknown,4
ethiopia,4
factors,4
wood,4
just,4
evident,4
desiccation,4
microlithic,4
notable,4
vessels,4
potters,4
fauna,4
need,4
manufacture,4
valley,4
re,4
focus,4
tuareg,4
ca,4
close,4
final,3
contacts,3
bassin,3
college,3
wrinn,3
diatomites,3
pushed,3
center,3
second,3
delibrias,3
southwards,3
test,3
based,3
production,3
military,3
yasaan,3
definition,3
strip,3
archaeologically,3
suggesting,3
differences,3
colloque,3
gisement,3
reunion,3
africaines,3
feature,3
communication,3
issue,3
arlit,3
smelting,3
gaps,3
primary,3
bones,3
tuduf,3
hoggar,3
x,3
along,3
minimum,3
controlled,3
mauny,3
phase,3
blades,3
reflection,3
palaeolithic,3
back,3
wet,3
phases,3
wavy,3
wendorf,3
l,3
di,3
reworked,3
importance,3
produced,3
tree,3
specialization,3
presumably,3
clearly,3
proposed,3
former,3
epipaleolithic,3
argued,3
undated,3
commented,3
lithic,3
readings,3
bani,3
indications,3
toolmakers,3
problems,3
permanent,3
flakes,3
cut,3
uanthropologie,3
dunes,3
fishing,3
density,3
stock,3
mate,3
indirect,3
appears,3
cannot,3
fish,3
metals,3
granite,3
rectilinear,3
vegetal,3
because,3
blade,3
brought,3
bladelet,3
tombs,3
used,3
beginnings,3
records,3
structures,3
beads,3
deflation,3
documented,3
surrounding,3
ethnic,3
june,3
tixier,3
presence,3
anthrop,3
francais,3
value,3
likely,3
identified,3
gradual,3
overall,3
limited,3
tesemt,3
backed,3
pastoralists,3
single,3
about,3
potsherds,3
interpretation,3
continuity,3
metallurgical,3
une,3
noted,3
provide,3
challenge,3
decoration,3
water,3
pastoralism,3
libya,3
end,3
honor,3
forms,3
mali,3
timing,3
less,3
temet,3
shifts,3
number,3
discussion,3
explanation,3
scatter,3
oral,3
unfortunately,3
numerous,3
rare,3
recovery,3
tetude,3
times,3
features,3
vernet,3
last,3
margin,3
levallois,3
especially,3
structure,3
tenereans,3
present,3
occupied,3
adzes,3
separate,3
science,3
usually,3
types,3
millennia,3
sepultures,3
relevant,3
united,3
stratified,3
problematic,3
then,3
deep,3
must,3
objects,3
regime,3
text,3
musees,3
rainfall,3
paper,3
stratigraphic,3
best,3
republique,3
current,3
antiquity,3
areschima,3
datation,3
hca,3
spatial,3
soudan,3
seasonal,3
secure,3
tuizegoru,3
urban,3
presumed,3
given,3
bawat,3
rd,3
come,3
until,3
models,3
conditions,3
baking,3
burnt,3
involving,3
plentiful,3
quartz,3
shift,3
debate,3
national,3
traditional,3
livestock,3
resources,3
miller,2
africanistes,2
does,2
emi,2
common,2
centering,2
judging,2
episodes,2
ultimate,2
considerably,2
integrity,2
agency,2
ample,2
nigeria,2
designed,2
slant,2
library,2
rounded,2
bifacial,2
microliths,2
ms,2
considerations,2
undertaken,2
committee,2
connah,2
travertine,2
alongside,2
before,2
nyame,2
territorial,2
amongst,2
typologically,2
cutting,2
thistoire,2
diffusion,2
said,2
localities,2
retouched,2
researched,2
ii,2
implications,2
attempts,2
marandet,2
kilometers,2
tumulus,2
humans,2
containing,2
sultans,2
available,2
carter,2
seeds,2
great,2
imported,2
narrative,2
bos,2
intrusive,2
tchadien,2
ouaffadene,2
traditionally,2
vegetation,2
bilma,2
peuplement,2
datings,2
british,2
akin,2
datable,2
empty,2
classic,2
occasional,2
described,2
linear,2
histoire,2
bases,2
tenth,2
acacus,2
shroud,2
point,2
establishment,2
indicating,2
genetic,2
eroded,2
wedi,2
thus,2
historical,2
includes,2
deux,2
affiliation,2
explained,2
ekouloulef,2
tadrart,2
intact,2
interest,2
characteristic,2
excavations,2
scarp,2
taferjit,2
priority,2
elements,2
better,2
blank,2
left,2
ness,2
find,2
like,2
obscure,2
spread,2
function,2
influence,2
impressions,2
nigerian,2
distribution,2
poor,2
roulette,2
holocenes,2
identification,2
links,2
main,2
investigation,2
landscape,2
process,2
represented,2
slipped,2
proportion,2
ex,2
travels,2
leaves,2
scales,2
form,2
discoveries,2
supposed,2
settled,2
monumental,2
cause,2
occupational,2
sphere,2
impact,2
articulated,2
bangou,2
pastoral,2
show,2
linguistics,2
mammanet,2
graves,2
connecting,2
debuts,2
noire,2
kirkissoy,2
exploitation,2
terminal,2
tiloa,2
providing,2
advocated,2
diachronic,2
raw,2
result,2
arrival,2
tra,2
martinez,2
called,2
expanses,2
relating,2
centers,2
zone,2
reasons,2
neighboring,2
buried,2
applied,2
musses,2
however,2
occidentale,2
absolute,2
approached,2
paleoenvironmental,2
makers,2
tool,2
preferred,2
del,2
civilisation,2
apparent,2
v,2
place,2
issues,2
broad,2
relevance,2
fruitful,2
falling,2
archaeologists,2
forces,2
il,2
systematic,2
eastern,2
attributed,2
tunesco,2
approach,2
researchers,2
regions,2
africanist,2
good,2
field,2
spatially,2
vestigated,2
cen,2
wider,2
certainly,2
met,2
essentially,2
latest,2
yielded,2
fifteenth,2
am,2
ninth,2
dossiers,2
geographical,2
activities,2
ses,2
role,2
thanks,2
absence,2
materials,2
short,2
ancien,2
thermoluminescence,2
constraints,2
egyptian,2
academy,2
stratigraphy,2
still,2
innovation,2
scarcity,2
nouvelle,2
deflated,2
dtn,2
unattractive,2
technology,2
under,2
mobile,2
al,2
confirmed,2
reliance,2
stones,2
picture,2
starting,2
pedunculated,2
pointed,2
motifs,2
efforts,2
limit,2
relates,2
sedimentation,2
rial,2
larger,2
personal,2
identical,2
considerable,2
fits,2
centre,2
increases,2
clusters,2
continuing,2
nigerien,2
nabta,2
rocher,2
answer,2
necessary,2
hu,2
style,2
assemblage,2
explicitly,2
archeologiques,2
original,2
demonstrated,2
considering,2
kareygoru,2
amakon,2
values,2
active,2
caprines,2
top,2
geologie,2
significant,2
largely,2
assumption,2
itnstitut,2
sible,2
full,2
theoretical,2
platform,2
celtis,2
travail,2
trade,2
clear,2
lacustrine,2
fades,2
akuma,2
obtaining,2
tl,2
decorated,2
assode,2
pos,2
tibesti,2
obtained,2
ekne,2
provides,2
latter,2
repeated,2
es,2
systems,2
study,2
methods,2
relation,2
rosi,2
mainly,2
effect,2
influences,2
monographs,2
janvier,2
relative,2
regimes,2
attention,2
animals,2
convincingly,2
division,2
cereals,2
european,2
dupuy,2
consists,2
extractive,2
relationship,2
note,2
movements,2
gabu,2
ecological,2
maps,2
tech,2
inside,2
peuplements,2
primarily,2
exceptional,2
lost,2
collections,2
kano,2
birnin,2
contribution,2
knotted,2
spanning,2
why,2
wan,2
tigidit,2
centuries,2
premier,2
school,2
forest,2
anthropological,2
historique,2
border,2
contained,2
variable,2
heavy,2
following,2
comes,2
measurements,2
simply,2
ever,2
paleolithique,2
precise,2
thousand,2
compte,2
debats,2
simi,2
cultures,2
organized,2
forebears,2
neolithiques,2
down,2
iii,2
nouvelles,2
antedate,2
comb,2
distinctive,2
works,2
living,2
destroyed,2
what,2
offering,2
problem,2
adaptation,2
consisting,2
exposures,2
cloth,2
migrations,2
generally,2
upper,2
scientifiques,2
efey,2
maines,2
john,2
recognition,2
ohio,2
contemporaneity,2
despite,2
became,2
republic,2
variability,2
lies,2
resultats,2
world,2
writing,2
ceramique,2
tions,2
remarks,2
constructors,2
sediments,2
rendu,2
tumuli,2
argues,2
quest,2
camps,2
frame,2
aware,2
course,2
land,2
tegef,2
clues,2
defined,2
extremely,2
typology,2
association,2
specific,2
vessel,2
assumed,2
clarify,2
sudanese,2
themselves,2
sherds,2
inconclusive,2
chicago,2
furnaces,2
instance,2
hermens,2
successive,2
problemes,2
fachi,2
woven,1
set,1
tuluk,1
mingled,1
entities,1
ments,1
toolkit,1
winds,1
order,1
interpre,1
currently,1
killick,1
economi,1
paralleled,1
aghr,1
page,1
millennial,1
frequent,1
xlxeme,1
deter,1
sterile,1
rect,1
statuette,1
enter,1
medieval,1
anisaman,1
funer,1
comite,1
historiques,1
separated,1
universite,1
migrated,1
pale,1
deserve,1
affected,1
algiers,1
discredited,1
thrown,1
geog,1
quent,1
adoption,1
recueillis,1
flexed,1
succession,1
introduction,1
lavigne,1
grasses,1
yond,1
beveled,1
germany,1
eth,1
existed,1
rolled,1
told,1
becoming,1
tchia,1
conducted,1
deflating,1
replaced,1
traded,1
obscurs,1
guiribe,1
ma,1
tuyere,1
evocative,1
tors,1
true,1
ways,1
colonie,1
izouzadene,1
postdepositional,1
ministere,1
studies,1
denticulated,1
attrac,1
monolithic,1
ore,1
spirit,1
grove,1
hair,1
confins,1
protection,1
geometric,1
premetal,1
fixed,1
teduq,1
harsh,1
tchire,1
kolo,1
eastward,1
pots,1
finely,1
lowlands,1
arguing,1
projections,1
eye,1
terized,1
source,1
diversity,1
changeable,1
rome,1
limestone,1
disputed,1
senegalaise,1
fluctuations,1
predominantly,1
har,1
file,1
lower,1
round,1
came,1
consistent,1
cast,1
ouest,1
defeated,1
gap,1
cressier,1
tantalizing,1
paleolithiques,1
baked,1
diatomite,1
supposedly,1
imprints,1
container,1
preceding,1
posed,1
cupation,1
importing,1
nonexistent,1
sai,1
concerned,1
originally,1
contamination,1
ouaffedene,1
meters,1
dition,1
concentrated,1
vols,1
undocumented,1
soumatt,1
beautiful,1
trocadero,1
absolue,1
experiments,1
dramatically,1
decouverte,1
layout,1
cial,1
reach,1
joubert,1
could,1
crops,1
balkorene,1
metallurgistes,1
belong,1
broadly,1
broken,1
together,1
varcheologie,1
borders,1
typological,1
staudiger,1
indeed,1
fondamental,1
compounds,1
secteur,1
touareg,1
origin,1
rich,1
vest,1
able,1
ences,1
comprehending,1
uncovered,1
connection,1
trondheim,1
espaces,1
kingdom,1
histo,1
invalidate,1
prevail,1
subsequent,1
help,1
achieved,1
southernmost,1
basins,1
improved,1
tablished,1
resorting,1
lulu,1
miles,1
precisely,1
raised,1
bladelets,1
principal,1
contrasting,1
platforms,1
investigations,1
lagos,1
alike,1
ambiguous,1
tezamak,1
ity,1
hostile,1
elucidating,1
visibility,1
lution,1
stopped,1
echanges,1
rethinking,1
designs,1
similarities,1
weighing,1
pepoque,1
berberie,1
rocker,1
plain,1
occup,1
recorded,1
capacity,1
sects,1
exploiting,1
dune,1
iv,1
america,1
rests,1
right,1
silex,1
exception,1
figs,1
chapter,1
vicky,1
indirectly,1
radiocar,1
definitional,1
responses,1
prior,1
leakey,1
sixteenth,1
activity,1
ar,1
expan,1
ance,1
congreso,1
mutual,1
move,1
richard,1
juin,1
bernus,1
irrigated,1
occurring,1
taking,1
mental,1
variations,1
except,1
extends,1
sporadically,1
dubbed,1
loosely,1
uncertain,1
laws,1
cited,1
painfully,1
spoilt,1
above,1
interior,1
decreasing,1
himself,1
ritual,1
bruxelles,1
panafricano,1
hausaland,1
deserted,1
analyse,1
sand,1
collection,1
tyeral,1
framework,1
exposed,1
mid,1
usage,1
succeed,1
plainly,1
repeatedly,1
uninvestigated,1
savanna,1
possessing,1
technologically,1
terrasse,1
cities,1
retouching,1
lorenzo,1
tiguezefen,1
houses,1
relationships,1
dearth,1
stratigraphique,1
dotted,1
tail,1
facts,1
immediate,1
dynamics,1
inner,1
accommodation,1
dahomey,1
due,1
resembling,1
fate,1
brass,1
erod,1
nic,1
unpublished,1
neighbors,1
garafa,1
terraces,1
nates,1
mastered,1
jola,1
adornment,1
fleuve,1
tchadiens,1
adopted,1
distri,1
ern,1
sitesjjnjnjjger,1
petrographic,1
prehistoria,1
justifications,1
durant,1
issued,1
application,1
liaison,1
creased,1
cipally,1
addressing,1
built,1
actas,1
workers,1
realization,1
tachoulen,1
masters,1
overly,1
expected,1
pdf,1
dis,1
thereof,1
ataram,1
diocarbon,1
imal,1
developments,1
flourishing,1
interim,1
desmond,1
places,1
bution,1
santa,1
searchers,1
nyameakuma,1
intricate,1
nouveaux,1
difficulty,1
inclusion,1
served,1
semicircles,1
suitable,1
farad,1
egypt,1
honour,1
third,1
reoccupation,1
thin,1
compare,1
sci,1
irresistible,1
ety,1
storage,1
mirrored,1
meridional,1
terrace,1
abdulaye,1
nick,1
seal,1
reassessment,1
reflexion,1
occidental,1
constructs,1
defini,1
exotique,1
palaeoenvironmental,1
climates,1
urgent,1
azrou,1
subhu,1
saharien,1
essen,1
unfortunate,1
implementation,1
grasp,1
archsologie,1
higher,1
aim,1
failed,1
ers,1
peo,1
amekni,1
online,1
simultaneous,1
simultaneously,1
songhai,1
alleged,1
recognized,1
york,1
town,1
gabrong,1
ancienne,1
ably,1
extensively,1
mak,1
his,1
milburn,1
subjected,1
shimumenin,1
baumhauer,1
residence,1
refitting,1
across,1
scrapers,1
dry,1
unstudied,1
how,1
organise,1
donnees,1
adapt,1
orofan,1
gown,1
wall,1
ically,1
hamani,1
culminating,1
radius,1
hie,1
untangling,1
shrub,1
gamdwa,1
approaches,1
poses,1
dimmi,1
quadrilateral,1
excavators,1
archaeolog,1
accurate,1
taller,1
compacted,1
signposting,1
palynologique,1
strands,1
lamented,1
certain,1
entre,1
sacrificed,1
coverage,1
anthropic,1
vimplantation,1
contributions,1
jebel,1
nos,1
illustrations,1
evolution,1
cases,1
summarized,1
productive,1
practicing,1
consequences,1
scattered,1
space,1
panoply,1
derek,1
firmer,1
departement,1
moves,1
tillet,1
gathering,1
altitude,1
means,1
reason,1
understand,1
tooth,1
sultanat,1
bif,1
perceptions,1
aeojogicai,1
antiqua,1
ensure,1
affluents,1
drill,1
sahariens,1
independently,1
tchi,1
cultivators,1
organization,1
established,1
fossiles,1
wearing,1
grains,1
ikawaten,1
hotly,1
tacademie,1
proved,1
elsewhere,1
dislodge,1
numbers,1
reexamination,1
shelters,1
traces,1
gradually,1
northeastern,1
crocodiles,1
shore,1
viii,1
frequently,1
pebble,1
ville,1
sorghum,1
four,1
communities,1
jars,1
favored,1
allurgy,1
delta,1
follow,1
beyond,1
actes,1
cotton,1
organisation,1
position,1
stark,1
dakar,1
necropolis,1
algerian,1
mix,1
wasararan,1
plenum,1
answers,1
shifted,1
explain,1
perish,1
terials,1
asben,1
tunis,1
opinion,1
sultanate,1
ulation,1
lhote,1
dispersion,1
plausibly,1
hot,1
decembre,1
matching,1
holdings,1
angela,1
greater,1
processing,1
awalawalt,1
expressed,1
moving,1
incomplete,1
fagochia,1
chronologie,1
whom,1
identifying,1
merging,1
affiliated,1
extent,1
location,1
murky,1
transient,1
begun,1
faunal,1
tunic,1
larities,1
enigmatic,1
combinations,1
pulse,1
behavioral,1
chintafidet,1
energetic,1
deal,1
objets,1
reply,1
limites,1
events,1
carrefour,1
noting,1
diet,1
remontage,1
workable,1
radiometric,1
ogy,1
approximation,1
initial,1
featured,1
tableau,1
bovid,1
mugharet,1
popu,1
pre,1
inversion,1
ary,1
muslim,1
academic,1
stylis,1
kiseiba,1
equally,1
ngolithique,1
aux,1
though,1
polishing,1
diatom,1
maranda,1
versity,1
fail,1
attracts,1
gossololom,1
mogeneous,1
younger,1
publications,1
troops,1
outside,1
ouacha,1
refuge,1
dwelling,1
ivb,1
circumstances,1
paleoclimatique,1
tenary,1
acknowledgments,1
tracking,1
oh,1
unchallenged,1
sparse,1
ther,1
aspects,1
rink,1
precursors,1
differ,1
network,1
spheres,1
charred,1
relief,1
literature,1
gatherers,1
inferred,1
intense,1
implement,1
pr,1
swelled,1
received,1
archaeologist,1
industrial,1
tasagouacheret,1
evo,1
carry,1
writers,1
kaouar,1
heart,1
reader,1
future,1
concept,1
perpetuated,1
surfeit,1
heavily,1
occupants,1
museo,1
egaro,1
strength,1
introduc,1
faune,1
knowledge,1
calls,1
vised,1
indigenous,1
comment,1
domi,1
aridal,1
hertford,1
routinely,1
feared,1
geology,1
ple,1
surprise,1
osl,1
year,1
olithic,1
paints,1
consistently,1
older,1
stump,1
obscured,1
libre,1
reduces,1
vallies,1
cluster,1
stimulate,1
tair,1
subse,1
demon,1
swift,1
demonstration,1
contentious,1
away,1
we,1
employed,1
believes,1
chang,1
participate,1
scure,1
buff,1
preparation,1
etdallol,1
esr,1
status,1
craftsman,1
conform,1
own,1
connections,1
hidden,1
sampled,1
manipulation,1
thread,1
flaking,1
earth,1
bibliographies,1
andthe,1
tanged,1
sparsely,1
tenere,1
excavated,1
authorities,1
interregional,1
saline,1
fied,1
quezel,1
successful,1
caused,1
working,1
below,1
responsibility,1
cold,1
theoretically,1
simpler,1
reliable,1
protohistorical,1
coupled,1
seminaire,1
squarely,1
quite,1
bank,1
specifically,1
sole,1
affluent,1
habitation,1
palaeoclimatic,1
tivation,1
gauche,1
characteristics,1
butchery,1
shapes,1
oc,1
concerns,1
smithsonian,1
highly,1
ship,1
components,1
transfer,1
temporary,1
draining,1
postdoctoral,1
impossible,1
ent,1
obliteration,1
aggregates,1
berthoud,1
fully,1
cremaschi,1
barely,1
visible,1
richness,1
up,1
majority,1
os,1
goat,1
dependent,1
pays,1
filling,1
using,1
correspondence,1
notice,1
roots,1
veloped,1
structured,1
dur,1
calcite,1
grateful,1
preliminary,1
visit,1
inform,1
vieille,1
gordon,1
apercu,1
sedentaire,1
input,1
awards,1
survived,1
span,1
threatened,1
portion,1
archeologia,1
ameliora,1
typified,1
he,1
imprint,1
testifying,1
approximate,1
peinte,1
georg,1
forever,1
ceremonial,1
quaternaire,1
onset,1
accepts,1
variety,1
tabu,1
architecture,1
polished,1
scientific,1
raphy,1
vouest,1
indicative,1
affiliations,1
ans,1
alphabetical,1
wrote,1
service,1
palaeoecology,1
expansion,1
subject,1
corporation,1
theorizing,1
brief,1
nearly,1
renewed,1
giovanni,1
april,1
supplementing,1
slag,1
grande,1
precolonial,1
make,1
toucet,1
interactions,1
shimu,1
manifest,1
torrential,1
builders,1
shrouded,1
chaeological,1
movement,1
modes,1
contra,1
lybica,1
seemingly,1
echo,1
inhabited,1
groupements,1
selection,1
positive,1
answering,1
needles,1
postulate,1
vallee,1
frank,1
once,1
funders,1
mortuary,1
hanotte,1
resolution,1
vided,1
housing,1
vassociation,1
revealed,1
etat,1
makes,1
convex,1
database,1
toolkits,1
serve,1
counterparts,1
prospected,1
ning,1
formally,1
latitude,1
selective,1
us,1
favorable,1
pres,1
tafrique,1
bo,1
turtles,1
participants,1
symptomatic,1
included,1
homogeneous,1
informations,1
perspectives,1
light,1
islam,1
complete,1
bloomington,1
memoires,1
teaching,1
choices,1
performed,1
tic,1
outlined,1
tortoise,1
launey,1
demonstrates,1
collective,1
already,1
insights,1
yatakala,1
boiling,1
prin,1
ferent,1
reports,1
increasingly,1
bar,1
frameworks,1
ev,1
independent,1
useful,1
volume,1
routes,1
methodol,1
gravures,1
wasadan,1
ho,1
name,1
sketchy,1
precocious,1
proximal,1
grindstones,1
mentions,1
again,1
fin,1
nise,1
crucial,1
death,1
postgraduate,1
locating,1
wisest,1
anthropologiques,1
put,1
fundamental,1
towns,1
decorative,1
rock,1
varied,1
complementary,1
remaining,1
anecdotal,1
cultivated,1
fact,1
paleoenvironnements,1
longer,1
avec,1
rainwater,1
treatment,1
preserve,1
deterioration,1
regret,1
striking,1
foods,1
tarada,1
mestic,1
travaux,1
appeared,1
bovids,1
ikarafane,1
cameroun,1
crop,1
choice,1
watercourse,1
als,1
diverse,1
aghroum,1
farming,1
industrie,1
quelques,1
inspired,1
contemporary,1
el,1
doubt,1
distributions,1
seguedine,1
fashion,1
succeeding,1
imperfect,1
man,1
flotation,1
hiatus,1
serious,1
removal,1
anne,1
simple,1
ra,1
covers,1
puzzling,1
men,1
conclusions,1
charac,1
took,1
adjacent,1
likelihood,1
rials,1
ground,1
iip,1
patrolling,1
mondiale,1
innovative,1
stony,1
developing,1
pop,1
archaeobotanical,1
existing,1
ofkufan,1
unclear,1
norwegian,1
meridionales,1
dictory,1
strategies,1
inhospitable,1
coexisted,1
mentes,1
ished,1
predominance,1
paired,1
moyenne,1
nently,1
decorations,1
rupestres,1
rounds,1
keepers,1
native,1
geodynamique,1
tapague,1
cul,1
aimed,1
madaouela,1
semiwild,1
tahaggar,1
climatology,1
locations,1
northerly,1
remarkably,1
terracottas,1
radiocarbone,1
outlines,1
afkari,1
polities,1
degree,1
remained,1
another,1
territoriality,1
gronenborn,1
zarma,1
likaderi,1
investigated,1
indiana,1
collated,1
background,1
poons,1
assemblages,1
discovery,1
tary,1
chronologies,1
gara,1
scarcer,1
gazargamo,1
distinctly,1
previously,1
manufactured,1
increase,1
relat,1
prox,1
clustered,1
connaissances,1
playa,1
recover,1
identity,1
louis,1
wonder,1
actuel,1
prospection,1
entirely,1
waste,1
expression,1
angle,1
characteristically,1
erne,1
operated,1
fourteenth,1
virtually,1
exciting,1
robinson,1
engaging,1
toummo,1
band,1
sequence,1
ideas,1
net,1
disproved,1
nonlinear,1
pasteurs,1
quaternaires,1
real,1
cooked,1
tondikwarey,1
condi,1
fruits,1
renown,1
purposeful,1
option,1
ob,1
immi,1
foci,1
involves,1
functionally,1
benin,1
rejected,1
ties,1
open,1
discovered,1
sherd,1
sandwiched,1
styles,1
emphasizing,1
tailless,1
authors,1
localisation,1
publication,1
potting,1
urbanism,1
unconnected,1
dominated,1
peter,1
decayed,1
counter,1
individual,1
symposium,1
foret,1
allowed,1
reviewers,1
maghreb,1
palaeosol,1
geographically,1
belongs,1
general,1
stymied,1
enclosures,1
mount,1
mines,1
uni,1
sideration,1
lie,1
perma,1
filled,1
mammals,1
kept,1
configurations,1
wish,1
black,1
procuring,1
abundant,1
reuse,1
exchange,1
quick,1
procurement,1
faith,1
guerriers,1
untangle,1
directeurs,1
abords,1
include,1
septentrional,1
suited,1
salt,1
geographique,1
chadian,1
become,1
diffi,1
prshistoire,1
enabled,1
orub,1
pro,1
riser,1
excluded,1
waschran,1
availability,1
james,1
hunters,1
morphologically,1
travelers,1
southwest,1
warlords,1
adaptations,1
barich,1
wells,1
versus,1
impressed,1
herding,1
institution,1
tassos,1
dynam,1
destruction,1
poteries,1
organics,1
dogonboulo,1
desic,1
controversial,1
modifications,1
propose,1
mil,1
cruz,1
inventaire,1
widely,1
product,1
dietary,1
enamel,1
genesis,1
implicitly,1
depth,1
ilot,1
bon,1
memorial,1
lo,1
saguia,1
states,1
islamic,1
rapport,1
abundance,1
today,1
publishing,1
cow,1
meets,1
soci,1
bulk,1
troublesome,1
meche,1
hommes,1
lennium,1
naturally,1
asaqaru,1
idence,1
sides,1
suspected,1
rough,1
arrow,1
alternate,1
quarrying,1
fewer,1
dec,1
becomes,1
referred,1
cranium,1
seen,1
tive,1
detailed,1
itself,1
marocain,1
curation,1
lations,1
tangier,1
clays,1
jt,1
reservations,1
pens,1
kareygusu,1
plains,1
figurine,1
linking,1
volumes,1
merwe,1
toubeau,1
corpus,1
greener,1
proximity,1
hi,1
analysis,1
cease,1
fall,1
tre,1
surprising,1
rive,1
epi,1
lar,1
fields,1
exists,1
tial,1
fouillees,1
mitochondrial,1
obstacle,1
publica,1
mounds,1
gathered,1
pressures,1
floor,1
fac,1
sif,1
increased,1
addressed,1
quantitative,1
multiple,1
berber,1
freshwater,1
thick,1
abandonment,1
going,1
historian,1
suite,1
dispersed,1
datations,1
ul,1
mio,1
complexity,1
mentioned,1
travailte,1
consider,1
ethnoarchaeology,1
complexes,1
underpins,1
athens,1
contradiction,1
demonstrate,1
intri,1
bceufs,1
flora,1
invoked,1
mestication,1
tefassasset,1
maitre,1
temporal,1
marshy,1
reconnaissance,1
terrestrial,1
funding,1
touest,1
pneumatic,1
torha,1
cover,1
quickly,1
erected,1
historie,1
southward,1
aderantarat,1
retained,1
principle,1
chapman,1
sampson,1
specialized,1
lying,1
global,1
confident,1
east,1
continu,1
strated,1
sampling,1
gone,1
vari,1
fabrication,1
did,1
ft,1
equivocal,1
gazelle,1
etal,1
appendix,1
sensational,1
emergence,1
sucks,1
constructions,1
materiaux,1
regard,1
visiting,1
orstom,1
sudan,1
globaux,1
centrations,1
humid,1
hinted,1
ethnologie,1
reliability,1
linked,1
grind,1
speculation,1
everted,1
benefit,1
precarious,1
mollusk,1
cultivation,1
reflected,1
convey,1
narrowed,1
examining,1
stamped,1
closest,1
ibine,1
techno,1
richardson,1
foliates,1
ideally,1
pushing,1
sado,1
aqualithic,1
growing,1
beginning,1
cal,1
researching,1
agriculture,1
bassins,1
ouma,1
born,1
probleme,1
game,1
realities,1
flatlands,1
shreds,1
heads,1
economy,1
perched,1
cleaver,1
tying,1
combined,1
circles,1
banda,1
terms,1
cooking,1
list,1
typologies,1
making,1
references,1
foremost,1
plants,1
hearths,1
supports,1
particular,1
character,1
nearby,1
tekebrin,1
proven,1
agricultural,1
climatological,1
statement,1
cult,1
nsolithiques,1
tightly,1
tamayamellet,1
dismembered,1
her,1
utilitarian,1
foundations,1
correlates,1
bayle,1
fayum,1
institute,1
abruptly,1
require,1
dite,1
keradet,1
textual,1
imperial,1
information,1
skillfully,1
assump,1
coutumes,1
freak,1
siecles,1
suspicion,1
representes,1
contain,1
tinguermawen,1
size,1
temps,1
finished,1
translated,1
wandering,1
hindsight,1
marking,1
magnificent,1
bodies,1
inadequate,1
occasionally,1
trees,1
punctu,1
neolithisation,1
careful,1
inaccuracies,1
tadeliza,1
methodiquement,1
logical,1
breunig,1
acos,1
cl,1
affecting,1
sumed,1
alternatives,1
press,1
shabona,1
techniques,1
whatever,1
returning,1
congenial,1
territory,1
fellowship,1
sion,1
tsotsebaki,1
programs,1
vazawagh,1
alternating,1
vinstitut,1
equipped,1
interlinkages,1
colonial,1
lames,1
phenomenon,1
bradley,1
pol,1
evidenced,1
firms,1
gain,1
characterize,1
tafasaset,1
cuivre,1
our,1
analysts,1
cate,1
superseded,1
question,1
undecorated,1
centennial,1
francois,1
obliged,1
recording,1
drafts,1
semblage,1
argument,1
generate,1
autochthonous,1
similarity,1
finding,1
laterite,1
janjari,1
web,1
swampy,1
write,1
obliterated,1
grant,1
accept,1
geoarchaeological,1
origines,1
dangerous,1
documentation,1
serrated,1
blage,1
wadi,1
gravel,1
uan,1
dense,1
isolating,1
chars,1
consumption,1
specialists,1
environ,1
discernable,1
mas,1
heartland,1
cation,1
afnuk,1
arti,1
fournit,1
unidenti,1
france,1
earthen,1
forming,1
programme,1
waggeur,1
shells,1
agadez,1
toolmaking,1
oldest,1
concave,1
definitive,1
orga,1
classification,1
nomadism,1
roughly,1
massifs,1
meals,1
environnements,1
tassociation,1
tibarakatine,1
enclosed,1
anonymous,1
flooding,1
taylalen,1
retouch,1
ries,1
offered,1
supported,1
drift,1
potential,1
apart,1
ated,1
tradi,1
substitute,1
root,1
compounded,1
classificatory,1
grebenart,1
iforas,1
km,1
defunct,1
consisted,1
expedi,1
communi,1
afield,1
stemming,1
temperatures,1
irrelevant,1
regards,1
estudio,1
appealing,1
technological,1
basked,1
dif,1
unexpectedly,1
terracotta,1
karagu,1
misleadingly,1
doing,1
fermented,1
showed,1
gardens,1
customs,1
guelele,1
bury,1
mili,1
anchors,1
assem,1
confusingly,1
grants,1
thorough,1
hypothesis,1
