WORDCOUNTS,WEIGHT
the,566
and,464
of,365
in,286
a,180
that,158
to,149
modern,132
human,123
for,105
is,88
or,82
from,74
years,71
this,68
it,63
on,59
at,58
were,55
they,52
h,52
with,43
are,43
humans,42
pp,42
by,42
have,42
origins,41
evidence,41
homo,39
was,39
more,39
ago,38
et,37
stone,35
but,35
be,35
an,34
de,33
not,33
between,33
m,32
paleolithic,32
africa,32
c,32
j,31
p,31
r,31
new,31
as,31
other,30
fully,29
evolution,28
g,27
only,27
europe,27
early,27
some,26
middle,26
which,25
most,24
e,23
may,23
their,23
upper,23
archaeological,23
first,22
people,22
relatively,21
its,21
about,21
neanderthals,21
journal,20
l,20
artifacts,20
much,20
i,19
fossil,19
brain,19
than,18
could,18
after,18
o,17
dates,17
behavioral,17
sites,17
artifact,17
populations,17
earliest,17
size,17
african,17
oldest,17
archaic,17
klein,17
before,16
nature,16
no,16
b,16
university,16
science,16
time,16
evolutionary,16
species,16
been,16
erectus,16
if,15
there,15
behavior,15
bone,15
f,15
d,15
appeared,15
teeth,15
anthropology,15
hominid,14
all,14
origin,14
capacity,14
age,14
where,14
assemblages,14
pleistocene,13
had,13
t,13
change,13
habilis,13
also,13
skulls,13
probably,13
european,13
known,13
bones,13
art,13
lower,12
might,12
s,12
fossils,12
chatelperronian,12
modem,12
earlier,12
far,12
both,12
even,11
while,11
evolved,11
culture,11
same,11
cheek,11
mya,11
v,11
anatomically,11
later,10
large,10
one,10
asia,10
very,10
development,10
fig,10
france,10
site,10
similar,10
k,10
plenum,10
late,10
record,10
least,10
less,10
perhaps,10
would,10
neanderthal,10
when,10
acheulean,10
multiregional,10
roughly,10
du,9
skull,9
eastern,9
such,9
spain,9
neural,9
ability,9
flake,9
aurignacian,9
gene,9
morphology,9
two,9
many,9
broadly,9
why,9
east,9
current,9
recent,9
western,8
con,8
eurasia,8
since,8
how,8
w,8
based,8
equally,8
tools,8
because,8
during,8
southern,8
biological,8
yet,8
these,8
larger,8
increase,8
dating,8
relative,8
la,8
widely,8
perspectives,8
who,8
paleolithique,8
living,8
until,8
difference,8
common,7
american,7
those,7
key,7
million,7
en,7
boisei,7
emergence,7
appearance,7
explain,7
archaeology,7
research,7
volume,7
significant,7
radiocarbon,7
so,7
associated,7
highly,7
natural,7
colonization,7
advances,7
what,7
layers,7
cambridge,7
hypothesis,7
now,6
behavioural,6
australopithecines,6
into,6
china,6
sapiens,6
traits,6
discoveries,6
n,6
flow,6
appear,6
australopithecus,6
occupation,6
cultural,6
dispersal,6
older,6
suggest,6
oldowan,6
world,6
prehistoire,6
social,6
present,6
remarkable,6
made,6
afarensis,6
explanation,6
formal,6
including,6
cranial,6
northern,6
imply,6
reasonable,6
markers,6
share,6
any,6
over,6
form,6
edinburgh,6
little,6
mod,6
include,6
cognitive,6
ergaster,6
difficult,5
replaced,5
brains,5
limb,5
date,5
africanus,5
vol,5
ern,5
body,5
africans,5
y,5
apparently,5
grasp,5
york,5
whose,5
developed,5
behaviorally,5
tooth,5
organization,5
handaxes,5
my,5
typical,5
levant,5
south,5
robustus,5
hominids,5
brow,5
continuity,5
provide,5
nonmodern,5
fact,5
fundamental,5
fragments,5
anthropologist,5
do,5
israel,5
rare,5
three,5
co,5
features,5
especially,5
differ,5
occupied,5
chimpanzees,5
types,5
alternative,5
believe,5
theory,5
secure,5
suggests,5
morphological,5
potential,5
re,5
among,5
quaternary,5
implies,4
ramidus,4
complex,4
history,4
long,4
implications,4
suggesting,4
thumb,4
differences,4
follows,4
link,4
somewhat,4
within,4
clark,4
af,4
mean,4
ex,4
changes,4
hematite,4
prehistory,4
dated,4
contemporaries,4
argued,4
moyen,4
show,4
superieur,4
important,4
fishing,4
initial,4
chinese,4
younger,4
almost,4
significantly,4
explains,4
place,4
actually,4
le,4
around,4
small,4
plausible,4
will,4
ancien,4
still,4
abrupt,4
chronology,4
memoires,4
dna,4
dmanisi,4
agree,4
model,4
ethiopia,4
number,4
argument,4
discovery,4
historic,4
like,4
spread,4
obtained,4
paleo,4
we,4
assigned,4
rapidly,4
often,4
heavily,4
ridges,4
authorities,4
version,4
simply,4
endocranial,4
sciences,4
paper,4
ancestor,4
regard,4
particularly,4
differed,4
musee,4
ones,4
problem,4
partial,4
through,4
became,4
come,4
americas,4
chicago,4
reached,4
valley,4
major,4
occur,4
zaire,3
represent,3
extreme,3
true,3
favor,3
tween,3
princeton,3
either,3
australia,3
sources,3
certainly,3
culturally,3
fragmentary,3
shaped,3
advantage,3
accompanied,3
peopling,3
genus,3
primitive,3
context,3
similarities,3
aethiopicus,3
replacement,3
possible,3
compelling,3
torus,3
genetic,3
review,3
southwestern,3
expected,3
australians,3
lineage,3
left,3
nean,3
phases,3
across,3
abric,3
precluded,3
environments,3
females,3
physically,3
impact,3
lithic,3
beyond,3
indications,3
expressed,3
cd,3
found,3
conspicuous,3
extinct,3
further,3
third,3
appears,3
population,3
cannot,3
near,3
well,3
shape,3
keeping,3
used,3
optical,3
apparent,3
semliki,3
presented,3
hard,3
straight,3
contrast,3
several,3
concerns,3
presence,3
jordan,3
preliminary,3
periods,3
pattern,3
second,3
occipital,3
reduced,3
thermoluminescence,3
standardization,3
expanded,3
com,3
relationship,3
accelerated,3
industrial,3
academy,3
abilities,3
variation,3
scraper,3
hu,3
remarkably,3
fundamentally,3
range,3
expand,3
top,3
largely,3
mousterian,3
wolpoff,3
california,3
language,3
indisputable,3
conspicuously,3
study,3
petralona,3
can,3
tendency,3
sole,3
nauwalabila,3
primate,3
inhabitants,3
un,3
tive,3
strongly,3
originated,3
paranthropus,3
mauer,3
dimorphism,3
les,3
proponents,3
novel,3
did,3
argue,3
linked,3
distinctive,3
better,3
dtle,3
animal,3
beginning,3
them,3
volcanic,3
mandible,3
sidescraper,3
males,3
interval,3
always,3
abruptly,3
produce,3
cognitively,3
paleoclimates,3
must,3
biologically,3
ancestral,3
transition,3
communicative,3
precision,3
promoted,3
grotte,3
invasion,3
approximately,3
specialists,3
remains,3
point,3
thicker,3
characters,3
immediately,3
strong,3
derthals,3
built,3
bundle,2
final,2
indonesian,2
possessed,2
rate,2
mania,2
estimated,2
indicated,2
tion,2
presents,2
bermudez,2
northeast,2
gesher,2
contemporaneous,2
pendants,2
putative,2
rounded,2
completely,2
unlike,2
variants,2
multiregion,2
postulates,2
englewood,2
diffusion,2
paleolithiques,2
ii,2
rapid,2
advanced,2
dramatically,2
archaeologically,2
available,2
able,2
sometime,2
reveal,2
romani,2
patterned,2
last,2
greatly,2
depends,2
resemblances,2
sophisticated,2
has,2
antedate,2
hyenas,2
placement,2
prior,2
logical,2
obvious,2
west,2
combination,2
fos,2
diversity,2
colonized,2
moustier,2
central,2
postcranial,2
electron,2
surely,2
torralba,2
invaders,2
sierra,2
mating,2
eurasian,2
comprised,2
forced,2
kind,2
bipedalism,2
dis,2
farizy,2
paths,2
speculative,2
perspective,2
extraordinary,2
ally,2
canine,2
estimate,2
spin,2
weight,2
mul,2
closure,2
spite,2
kabwe,2
traditions,2
ment,2
poorly,2
likely,2
reflects,2
without,2
baffler,2
camp,2
main,2
posits,2
bifacial,2
represented,2
excavators,2
palaeolithic,2
millions,2
parts,2
contributions,2
cave,2
white,2
cueva,2
space,2
shell,2
support,2
means,2
modified,2
mans,2
gional,2
objects,2
river,2
neurological,2
elaborate,2
clearly,2
anatomical,2
commonly,2
powerful,2
indonesia,2
mix,2
lu,2
view,2
kenya,2
raw,2
olduvai,2
arrived,2
result,2
advance,2
neander,2
search,2
called,2
lived,2
out,2
changed,2
shared,2
events,2
respects,2
term,2
genes,2
undeniable,2
though,2
reviews,2
chimpanzee,2
produced,2
scale,2
energy,2
basis,2
data,2
circumstantial,2
los,2
comprises,2
crude,2
confined,2
adap,2
structures,2
beads,2
documented,2
reflect,2
rise,2
stanford,2
forwardly,2
bipedal,2
markedly,2
hab,2
accomplished,2
wider,2
distinguished,2
cl,2
tended,2
qafzeh,2
core,2
generally,2
st,2
results,2
pa,2
provided,2
frontal,2
massive,2
concomitant,2
survived,2
therefore,2
absence,2
materials,2
bringing,2
scientific,2
economic,2
logically,2
benot,2
comparative,2
limited,2
above,2
illustrating,2
ice,2
aldine,2
backed,2
inhabited,2
selection,2
southeast,2
single,2
oxford,2
multiregionalists,2
detectable,2
technology,2
neither,2
specimens,2
ancient,2
processing,2
extinction,2
promotes,2
al,2
robust,2
reply,2
department,2
regional,2
stones,2
hallmark,2
inference,2
resolution,2
boxgrove,2
power,2
toward,2
others,2
hearths,2
rock,2
demographic,2
lack,2
idea,2
paleoanthropological,2
clarendon,2
bednarik,2
layer,2
really,2
doubt,2
braincases,2
man,2
discussed,2
serious,2
honor,2
forms,2
patterns,2
drove,2
adjacent,2
floors,2
atapuerca,2
accepted,2
relevant,2
answer,2
weakly,2
acquire,2
primarily,2
degree,2
remained,2
exhibit,2
moderns,2
accompanying,2
colonize,2
asian,2
use,2
food,2
persisted,2
renne,2
individuals,2
java,2
roberts,2
low,2
open,2
faces,2
individual,2
function,2
robusticity,2
high,2
paleomagnetic,2
sands,2
probable,2
provides,2
favored,2
problems,2
systems,2
methods,2
successors,2
mainly,2
neandertal,2
sug,2
southwest,2
versus,2
multire,2
adaptive,2
controversial,2
cen,2
angular,2
usually,2
pieces,2
supraorbital,2
indicate,2
es,2
dans,2
lowered,2
foramen,2
mortality,2
table,2
fontana,2
itself,2
biology,2
considered,2
anthropological,2
victoria,2
sexes,2
then,2
broke,2
conclusion,2
incised,2
demonstrate,2
geographic,2
entry,2
perforated,2
text,2
novelties,2
integrative,2
resonance,2
continental,2
intellectual,2
rudolfensis,2
cm,2
different,2
expanding,2
seem,2
unknown,2
discoid,2
iron,2
compete,2
davidson,2
following,2
unlikely,2
carefully,2
spatial,2
whether,2
references,2
supports,2
artifactual,2
resident,2
contain,2
chronometric,2
des,2
transport,2
conclude,2
sea,2
swartkrans,2
using,2
allows,2
varied,2
our,2
named,2
homologous,2
sediments,2
innovate,2
average,2
numerous,2
national,2
redrawn,2
smaller,2
area,2
objections,2
observation,2
km,2
deposits,2
develop,2
technological,2
north,2
famous,2
should,2
sufficiently,1
denly,1
mimic,1
does,1
modelling,1
superiority,1
order,1
mostly,1
anticipates,1
doubts,1
deny,1
prefer,1
calibrated,1
way,1
popula,1
correlation,1
implying,1
cent,1
phylogeny,1
raneous,1
arctic,1
siberia,1
created,1
adja,1
environmental,1
lated,1
koobi,1
fea,1
combine,1
mundane,1
flexed,1
enclosing,1
introduction,1
daxes,1
plainly,1
per,1
expect,1
group,1
fora,1
center,1
elementary,1
developmentally,1
mounted,1
carbonell,1
kinds,1
sophis,1
conserved,1
allegedly,1
diverge,1
stem,1
reassessment,1
ya,1
merged,1
ma,1
tures,1
live,1
borer,1
uniquely,1
constitutes,1
postdate,1
continent,1
di,1
walker,1
bias,1
outline,1
drawings,1
pathologies,1
commonplace,1
han,1
flows,1
weaker,1
craniodentai,1
sembling,1
gamble,1
occurred,1
tradictory,1
anderthal,1
nineteenth,1
sagittal,1
blade,1
track,1
moravia,1
ingredients,1
source,1
verdict,1
cross,1
dexterity,1
contact,1
contexts,1
limestone,1
disputed,1
leads,1
par,1
fires,1
arms,1
test,1
being,1
said,1
incomplete,1
consistent,1
member,1
anything,1
cast,1
envi,1
explaining,1
monogamous,1
overlie,1
abate,1
vos,1
car,1
archae,1
production,1
lowed,1
attempts,1
kilometers,1
asso,1
gabunia,1
permanently,1
morpho,1
downplay,1
ourselves,1
england,1
seems,1
editions,1
georgia,1
nasal,1
affinities,1
tradition,1
belong,1
broken,1
together,1
great,1
simple,1
turnover,1
compounds,1
bead,1
peinture,1
thumbs,1
locality,1
gestion,1
prevail,1
evolving,1
subsequent,1
help,1
traumas,1
feature,1
intrusions,1
infinitely,1
state,1
concepts,1
principal,1
pean,1
investigations,1
nal,1
decreased,1
marshack,1
sheet,1
behind,1
swanscombe,1
wattis,1
nariokotome,1
contents,1
case,1
nearer,1
side,1
phonemic,1
occasional,1
described,1
polymorphic,1
supplant,1
bird,1
luminescence,1
propensity,1
primary,1
arago,1
u,1
hippopotamus,1
sexual,1
cu,1
march,1
dong,1
knife,1
quantities,1
capable,1
bonobo,1
cooperation,1
mandibular,1
activity,1
intro,1
ceding,1
pumice,1
mousteriennes,1
expan,1
overlies,1
tively,1
flfor,1
heidelbergensis,1
etc,1
kibish,1
richard,1
vital,1
bioarcheological,1
occurring,1
mental,1
supply,1
say,1
except,1
reflecting,1
x,1
nihewan,1
indicating,1
desirable,1
along,1
dzaparidze,1
plied,1
hoxne,1
minimum,1
spicuous,1
premices,1
collection,1
split,1
separating,1
signal,1
framework,1
transvaal,1
relies,1
zd,1
thus,1
historical,1
chatelperronien,1
warps,1
comments,1
dependence,1
angles,1
branching,1
weakened,1
representations,1
inner,1
extinguished,1
bracket,1
inevitable,1
eurasians,1
calculated,1
contempo,1
malakunanja,1
due,1
resembling,1
mtdna,1
muscle,1
ioral,1
assumes,1
silent,1
millennium,1
nuchal,1
characteristic,1
dents,1
exam,1
basal,1
rasmussen,1
ostrich,1
wherewithal,1
agreed,1
grouped,1
jahrbuch,1
creased,1
burin,1
regarded,1
assessment,1
seeming,1
sample,1
century,1
dence,1
certaines,1
tibia,1
hominidos,1
roche,1
progressive,1
ages,1
cases,1
precludes,1
distinct,1
elements,1
nor,1
underlying,1
behaving,1
burgeoning,1
ehringsdorf,1
ura,1
back,1
contrary,1
structural,1
ear,1
shaft,1
carnivory,1
byrd,1
ample,1
wholly,1
graphically,1
fourier,1
chatelper,1
continuous,1
effective,1
truly,1
thin,1
find,1
tral,1
cal,1
unequivocally,1
tend,1
ticularly,1
afaren,1
climates,1
adult,1
jones,1
chronostratigraphy,1
tained,1
bel,1
fusion,1
competitive,1
essen,1
ripoll,1
stra,1
industries,1
morphometric,1
ridge,1
higher,1
enkapune,1
nacian,1
henri,1
lian,1
behave,1
foot,1
rooted,1
depiction,1
aborigines,1
expansions,1
interbreeding,1
veiy,1
russian,1
circular,1
transformations,1
sociated,1
sils,1
dilemma,1
microsatellites,1
polygynous,1
paleoart,1
absent,1
robustiis,1
remain,1
mammoth,1
adapt,1
nescence,1
lie,1
basic,1
landscape,1
sforza,1
bifaces,1
supposes,1
culminating,1
netic,1
signaled,1
neanderthalensis,1
sudden,1
arm,1
arthritis,1
legal,1
dar,1
humanity,1
certain,1
derived,1
assuming,1
ciated,1
jebel,1
studies,1
tree,1
lay,1
evolu,1
scattered,1
miscellaneous,1
front,1
supplements,1
endocasts,1
tibial,1
util,1
conspicu,1
lives,1
applied,1
muto,1
pared,1
immigrant,1
zentralmuseums,1
skeleton,1
lected,1
retained,1
leg,1
neocortex,1
kelders,1
expectancy,1
presumably,1
sum,1
numbers,1
traces,1
northeastern,1
omo,1
shore,1
fore,1
observations,1
accumulating,1
presumed,1
four,1
polymorphisms,1
hoffecker,1
superior,1
commented,1
recovered,1
resource,1
surface,1
follow,1
polar,1
shelflike,1
organi,1
stark,1
putting,1
ceremony,1
antler,1
painted,1
footprints,1
archeological,1
austra,1
flakes,1
shifted,1
miscelanea,1
vigorously,1
suggested,1
strengthen,1
myths,1
trajectories,1
ha,1
ineffectual,1
disappeared,1
greater,1
ranges,1
denticulate,1
mousteriens,1
closely,1
prehistoric,1
came,1
whom,1
societe,1
arrival,1
eggshell,1
havior,1
medicine,1
habitually,1
acknowledgments,1
carcasses,1
traditionally,1
recognize,1
deal,1
relate,1
huesos,1
narrow,1
correlates,1
cores,1
im,1
glacial,1
inter,1
volontaires,1
big,1
juries,1
exceptions,1
understood,1
buried,1
caves,1
chatelperroniens,1
sil,1
mitment,1
sharply,1
duced,1
burial,1
divide,1
recently,1
analogous,1
biases,1
nonprotruding,1
monograph,1
grounds,1
floorplan,1
sima,1
ignorance,1
semblages,1
procedures,1
assigning,1
required,1
fox,1
trinkaus,1
method,1
flaked,1
possibility,1
tially,1
ther,1
acheulian,1
failure,1
directly,1
provincial,1
having,1
artefacts,1
interface,1
makers,1
work,1
gatherers,1
overlying,1
bolster,1
already,1
factured,1
tool,1
evo,1
locomotion,1
mented,1
prominent,1
distinctively,1
leolithic,1
occupants,1
purpose,1
knowledge,1
reduction,1
related,1
indigenous,1
positions,1
routinely,1
restructuring,1
paris,1
year,1
literature,1
kindly,1
refined,1
thermolumi,1
postulated,1
issues,1
broad,1
partly,1
contains,1
beginnings,1
records,1
neandertals,1
beringia,1
blance,1
alists,1
rows,1
pan,1
nals,1
parure,1
border,1
dolina,1
flatter,1
capacities,1
manu,1
ter,1
niveaux,1
status,1
vertently,1
inad,1
havioral,1
manifestation,1
cro,1
earth,1
probleme,1
africanist,1
causal,1
multiplicity,1
stressed,1
solution,1
worked,1
selec,1
closing,1
fied,1
sense,1
indicator,1
viable,1
composite,1
continentally,1
smith,1
working,1
intercontinental,1
sweep,1
wi,1
prefiguring,1
incisor,1
shaping,1
involve,1
speculations,1
indicators,1
homenaje,1
prehistorique,1
aurig,1
stimulated,1
qedem,1
sharp,1
diagnostic,1
gests,1
ological,1
senile,1
tori,1
intervals,1
sufficient,1
sis,1
pusage,1
migration,1
knives,1
replace,1
bridge,1
routine,1
mal,1
julien,1
invoke,1
supposedly,1
australian,1
garenne,1
climate,1
anthropos,1
alluvial,1
impossible,1
credible,1
annual,1
struck,1
up,1
os,1
specializations,1
carmel,1
intent,1
hayden,1
rican,1
tuff,1
correspondence,1
roots,1
structured,1
hammerstone,1
chopper,1
katanda,1
moved,1
unwittingly,1
bolstered,1
casts,1
cite,1
pares,1
critical,1
optically,1
rift,1
led,1
partially,1
units,1
unknowable,1
onset,1
variety,1
various,1
noble,1
multiregionalism,1
chase,1
hide,1
appearances,1
eva,1
expansion,1
corporation,1
notoriously,1
acknowledged,1
brief,1
forward,1
indigenes,1
nearly,1
exception,1
upward,1
april,1
positioned,1
qhomo,1
ranuccio,1
mchenry,1
orbit,1
widiasmoro,1
grooved,1
tends,1
enging,1
evidentiary,1
measure,1
yosef,1
spectacular,1
diputacion,1
spoken,1
chronicle,1
usu,1
museum,1
tigraphies,1
arrangements,1
etat,1
convex,1
pendant,1
coincidental,1
sex,1
oparanthropus,1
paleontological,1
ne,1
selective,1
barring,1
parsimonious,1
tually,1
zhuan,1
imitate,1
unwin,1
puzzle,1
included,1
home,1
raise,1
complete,1
essential,1
ani,1
clusion,1
subarctic,1
outlined,1
flints,1
resem,1
lingering,1
frameworks,1
phyllis,1
sistent,1
comparably,1
fix,1
downside,1
his,1
reach,1
name,1
handaxe,1
paul,1
barbed,1
fundplatz,1
decoration,1
mark,1
approaching,1
lucky,1
ohomo,1
decorative,1
flat,1
growth,1
experienced,1
successively,1
water,1
nonbehavioral,1
archaeologi,1
shows,1
valid,1
contrasts,1
georgien,1
striking,1
foods,1
adder,1
instituto,1
occupations,1
arsuaga,1
stressful,1
overhanging,1
ried,1
break,1
modi,1
francaise,1
coordinates,1
polyhedral,1
candidate,1
end,1
rica,1
overwhelmingly,1
distributions,1
pennsylvania,1
succeeding,1
seldom,1
habit,1
pulp,1
klasies,1
never,1
corollary,1
outside,1
took,1
likelihood,1
physiological,1
ground,1
centre,1
increases,1
clusters,1
zambia,1
mammalian,1
javan,1
continuing,1
docranial,1
validity,1
ensured,1
non,1
see,1
parent,1
coexisted,1
coincided,1
material,1
morocco,1
simplicity,1
showing,1
carnivore,1
weaken,1
frequency,1
distance,1
assemblage,1
mechanically,1
insecure,1
admittedly,1
regionally,1
anticipate,1
multidisciplinary,1
remove,1
another,1
local,1
imagine,1
published,1
original,1
cann,1
simon,1
becomes,1
deaf,1
jd,1
interrelated,1
understanding,1
greatest,1
arch,1
temoins,1
extended,1
prehistoria,1
turkana,1
disease,1
registers,1
excluding,1
examples,1
own,1
comprise,1
disagree,1
unquestionably,1
chronostratigraphic,1
endowment,1
sides,1
lake,1
enhanced,1
incontrovertible,1
enormous,1
previously,1
manufactured,1
depended,1
perforation,1
europeans,1
aborigi,1
characteristically,1
hypotheses,1
succumbed,1
tiregionalists,1
soltan,1
virtually,1
assume,1
causes,1
inherently,1
aiello,1
harvard,1
extraordinarily,1
assign,1
discontinuity,1
ambrona,1
behav,1
full,1
grinding,1
theories,1
shelter,1
ctj,1
arguably,1
mellars,1
dl,1
clear,1
enlargement,1
emphasizing,1
bibliographies,1
permit,1
mt,1
points,1
taxonomic,1
health,1
objection,1
barlike,1
symposium,1
times,1
controversies,1
thermolumines,1
blend,1
characterized,1
genetics,1
revised,1
period,1
huts,1
gates,1
him,1
corporelle,1
protruding,1
ge,1
distinction,1
alism,1
course,1
mountain,1
perello,1
mammals,1
kept,1
proximity,1
endscraper,1
abundant,1
acculturate,1
ap,1
exchange,1
resi,1
margin,1
graves,1
paleomagnetism,1
internal,1
incapable,1
parallel,1
painting,1
geographique,1
ornaments,1
interpretations,1
respectively,1
gence,1
striding,1
sig,1
excluded,1
rupture,1
availability,1
structure,1
kakadu,1
phalanx,1
aurignacians,1
capabilities,1
field,1
slightly,1
begs,1
hunter,1
italy,1
adaptations,1
inde,1
authorship,1
geography,1
invented,1
evaluated,1
pended,1
paleoanthropology,1
applies,1
mladec,1
moluminescence,1
tifact,1
anatomy,1
separate,1
alaska,1
cavations,1
rarity,1
dible,1
israeli,1
factors,1
carried,1
tempo,1
crete,1
dawn,1
para,1
primi,1
modification,1
geochronology,1
backward,1
publishing,1
note,1
reviewer,1
independent,1
continued,1
recall,1
sometimes,1
ecological,1
cavalli,1
naturally,1
testing,1
program,1
hill,1
peuplements,1
vertical,1
fewer,1
bulletin,1
stringer,1
trait,1
dimensions,1
success,1
basicranium,1
deposit,1
obstacle,1
sandwich,1
flare,1
enjoined,1
effectively,1
heidelberg,1
inadequate,1
covering,1
paradigmatic,1
figurine,1
rectly,1
linking,1
life,1
responsible,1
expectations,1
limpopo,1
existed,1
vue,1
lineages,1
mother,1
lar,1
centuries,1
mitochondrial,1
face,1
canada,1
francisco,1
grounded,1
notch,1
promi,1
complication,1
attachment,1
exchanged,1
australopithecine,1
addressed,1
claims,1
acquired,1
glottogenesis,1
rarely,1
updating,1
singular,1
believed,1
maka,1
breach,1
dispersed,1
ual,1
comes,1
series,1
complexity,1
climbing,1
tempting,1
circumstances,1
founded,1
filiated,1
gait,1
mousterien,1
ever,1
determinants,1
turn,1
pierrot,1
implied,1
precise,1
recognizable,1
favors,1
ronian,1
spots,1
narrowly,1
besides,1
here,1
gran,1
set,1
der,1
mirrors,1
altpalaolithische,1
extant,1
ethnologique,1
each,1
ronmental,1
specialized,1
noses,1
anvil,1
global,1
nent,1
ois,1
innovations,1
industry,1
ivory,1
ft,1
clusively,1
task,1
colonisation,1
scenario,1
keel,1
epistemological,1
foundation,1
cavity,1
ar,1
cence,1
rely,1
infer,1
recherche,1
indisputably,1
ous,1
reflected,1
cq,1
essentially,1
type,1
scores,1
respect,1
phd,1
stature,1
eq,1
according,1
bitual,1
proceedings,1
investigation,1
cleaver,1
combined,1
skhul,1
making,1
want,1
imposed,1
nearby,1
femoral,1
sus,1
geo,1
scav,1
knapping,1
condyles,1
extent,1
biostratigraphy,1
densities,1
getting,1
pendently,1
thames,1
carnivores,1
nonanatomical,1
require,1
changing,1
huge,1
minimal,1
dentition,1
hundreds,1
revista,1
antedating,1
asians,1
garbage,1
popular,1
arqueologia,1
facial,1
loutillage,1
nj,1
bodies,1
neck,1
level,1
trees,1
mq,1
careful,1
unsophisticated,1
marked,1
thereby,1
manganese,1
introduced,1
despite,1
econ,1
thals,1
press,1
labyrinthine,1
yellen,1
variability,1
rampant,1
ac,1
mumba,1
die,1
temporaries,1
projec,1
assumptions,1
territory,1
adapted,1
sion,1
bunning,1
extrasutural,1
taborin,1
ized,1
vocal,1
au,1
tions,1
pair,1
bio,1
question,1
nuclear,1
shown,1
drafts,1
ence,1
kebara,1
similarity,1
decrease,1
sud,1
finally,1
accept,1
mode,1
planation,1
burnt,1
emer,1
actividades,1
occiput,1
advantageous,1
typically,1
land,1
morphologically,1
need,1
facilitates,1
sur,1
manufacture,1
product,1
gen,1
meeting,1
col,1
attributes,1
variously,1
prise,1
apes,1
tribus,1
mainz,1
quartz,1
association,1
increased,1
summary,1
anonymous,1
lutionary,1
thousand,1
modeling,1
assumed,1
actions,1
fol,1
interdisciplinary,1
themselves,1
justify,1
needle,1
vary,1
cline,1
irrelevant,1
sharing,1
tiregional,1
dibble,1
uncertainty,1
maximum,1
substantial,1
exclusively,1
element,1
evi,1
given,1
dental,1
gulf,1
mismatch,1
images,1
bovine,1
uk,1
comparable,1
euro,1
postu,1
observed,1
calories,1
indistinguishable,1
simi,1
successive,1
southeastern,1
close,1
preconceptions,1
continuously,1
