WORDCOUNTS,WEIGHT
the,1146
of,988
and,838
in,705
to,391
a,302
is,206
isotope,193
from,187
on,185
that,162
bone,159
for,158
et,141
carbon,141
stable,136
be,136
values,132
are,123
as,119
have,119
ratios,99
diet,96
collagen,93
with,93
marine,90
nitrogen,90
this,87
by,86
been,83
j,81
m,81
studies,79
between,79
human,77
it,73
an,73
than,71
or,71
not,69
isotopic,67
plants,67
analysis,66
more,62
prehistoric,61
at,60
archaeological,58
has,55
these,55
foods,54
maize,53
food,50
other,49
plant,45
was,44
dietary,44
such,43
c,43
there,42
samples,42
most,40
those,39
use,39
can,39
may,38
study,38
which,37
period,37
der,37
remains,37
but,36
where,36
were,36
van,35
data,35
schoeninger,35
terrestrial,34
s,33
p,33
positive,33
archaeology,33
n,33
composition,32
h,32
because,32
american,31
one,31
journal,31
isotopes,31
pp,31
new,31
less,31
animal,31
some,30
dependence,30
similar,30
their,30
used,30
also,30
amino,30
although,30
they,29
r,29
d,29
should,29
sample,28
moore,28
protein,28
science,28
both,28
evidence,28
into,27
coast,27
variation,27
no,26
all,25
l,25
university,25
people,25
based,24
diets,24
difference,24
among,24
e,23
animals,23
several,23
results,23
relative,23
analyses,22
within,22
due,22
across,22
had,22
during,22
only,22
time,22
different,22
available,21
coastal,21
south,21
acids,21
first,20
differences,20
mass,20
even,20
late,20
t,20
same,20
two,20
areas,20
material,20
indicate,20
sources,19
possible,19
age,19
majority,19
would,19
we,19
anthropology,19
source,18
reconstruction,18
negative,17
humans,17
acta,17
appears,17
cosmochimica,17
geochimica,17
change,17
about,17
water,17
individual,17
ratio,17
early,17
major,17
groups,16
nature,16
inland,16
very,16
modem,16
method,16
few,16
reported,16
using,16
fractionation,16
when,16
g,15
expected,15
cases,15
work,15
original,15
populations,15
skeletal,15
provide,15
area,15
each,15
if,14
large,14
organic,14
relatively,14
acid,14
could,14
though,14
its,14
will,14
skeletons,14
radiocarbon,14
over,14
agriculture,14
adaptation,14
information,14
atmospheric,14
tissues,14
subsistence,13
further,13
value,13
biological,13
k,13
carbonate,13
standard,13
effect,13
versus,13
must,13
fossil,13
our,13
north,13
recent,13
bones,12
america,12
amount,12
b,12
changes,12
w,12
population,12
suggest,12
apatite,12
do,12
range,12
africa,12
meat,12
natural,12
proteins,12
shift,12
potential,12
indicated,11
introduction,11
being,11
elements,11
greater,11
sites,11
reflect,11
texas,11
southern,11
trophic,11
northern,11
signature,11
through,11
com,11
specific,11
true,10
interior,10
importance,10
result,10
small,10
synthesis,10
included,10
laboratory,10
so,10
antiquity,10
physical,10
current,10
effects,10
difficult,9
does,9
significant,9
lower,9
great,9
ad,9
site,9
sealy,9
international,9
well,9
middle,9
order,9
patterns,9
see,9
number,9
residues,9
processes,9
preservation,9
relation,9
merwe,9
paper,9
far,9
seasonal,9
years,9
chemical,9
archaic,9
either,8
system,8
eastern,8
dates,8
midden,8
produced,8
applied,8
fish,8
woodland,8
contains,8
diagenetic,8
deniro,8
geochemistry,8
research,8
up,8
social,8
alteration,8
many,8
model,8
ecology,8
made,8
including,8
dating,8
after,8
problems,8
often,8
tissue,8
beans,8
baseline,8
report,8
particular,8
intake,8
oxygen,8
contain,8
little,8
preserved,8
african,8
world,8
fauna,8
chicago,8
valley,8
lipid,7
determine,7
came,7
consistent,7
products,7
i,7
china,7
geochemical,7
determined,7
resources,7
thus,7
tehuacan,7
vertebrates,7
items,7
fig,7
mesolithic,7
york,7
recovered,7
important,7
buried,7
interpreted,7
chemistry,7
presented,7
components,7
provided,7
implications,7
limited,7
still,7
yet,7
interpretation,7
serve,7
under,7
al,7
useful,7
lee,7
v,7
another,7
demonstrated,7
analyzed,7
understanding,7
organisms,7
upon,7
region,7
largely,7
questions,7
individuals,7
clear,7
three,7
health,7
exchange,7
systems,7
pathway,7
applications,7
abundance,7
life,7
methods,7
any,7
east,7
assessment,7
problem,7
level,7
techniques,7
decrease,7
element,7
much,7
calories,7
suggested,6
environmental,6
combustion,6
containing,6
california,6
behavior,6
central,6
since,6
estimate,6
influence,6
recognized,6
reflects,6
identification,6
process,6
parts,6
support,6
found,6
out,6
cultural,6
burial,6
scale,6
record,6
millet,6
ontario,6
own,6
field,6
atmosphere,6
soil,6
portion,6
critical,6
islands,6
strontium,6
us,6
toward,6
analytical,6
pattern,6
discussed,6
necessary,6
herbivores,6
deposits,6
increase,6
previous,6
low,6
historic,6
authors,6
amounts,6
mississippian,6
agriculturalists,6
differ,6
adaptations,6
extremely,6
cam,6
mentioned,6
nutritional,6
following,6
whether,6
photosynthesis,6
variability,6
question,6
wild,6
approximately,6
smaller,6
states,6
comparison,6
observed,6
occur,6
group,5
situation,5
hair,5
position,5
noncollagenous,5
various,5
reconstructions,5
production,5
evolution,5
taken,5
nitrates,5
residue,5
analyst,5
dissolved,5
west,5
signal,5
unpublished,5
southwestern,5
difficulties,5
interest,5
paleodiet,5
compared,5
likely,5
higher,5
high,5
rather,5
his,5
how,5
environments,5
certain,5
derived,5
direct,5
signatures,5
consequences,5
prehistory,5
comparisons,5
appear,5
distribution,5
concentration,5
deal,5
interpretations,5
academic,5
equal,5
metabolism,5
cannot,5
directly,5
enrichment,5
feeding,5
future,5
bc,5
significantly,5
knowledge,5
personal,5
preliminary,5
society,5
pecos,5
economic,5
bond,5
represents,5
sex,5
ancient,5
processing,5
regional,5
technique,5
addition,5
lack,5
tuross,5
highland,5
enough,5
present,5
strategies,5
status,5
eaten,5
complicated,5
japanese,5
obtained,5
southwest,5
species,5
indication,5
who,5
inger,5
lipids,5
united,5
composed,5
magnitude,5
sexes,5
geographic,5
eskimo,5
gas,5
thorp,5
what,5
agricultural,5
carnivores,5
produce,5
emphasis,5
incorporated,5
atoms,5
holocene,5
vessels,5
transition,5
belize,5
average,5
conditions,5
temperature,5
product,5
did,5
assumed,5
given,5
focus,5
hypothesis,5
final,4
done,4
fraction,4
later,4
uptake,4
manuscript,4
complex,4
necessarily,4
habits,4
bp,4
australia,4
neolithic,4
might,4
invertebrates,4
estimation,4
turnover,4
forage,4
studied,4
able,4
biogenic,4
last,4
raised,4
case,4
depending,4
prior,4
logical,4
consumed,4
variations,4
along,4
economies,4
throughout,4
differential,4
calculated,4
de,4
occurs,4
application,4
estimates,4
oecologia,4
served,4
island,4
adult,4
interesting,4
levels,4
represented,4
phosphate,4
dogs,4
domestication,4
females,4
section,4
impact,4
perspective,4
upper,4
situations,4
surface,4
bender,4
contaminants,4
providing,4
mainland,4
whereas,4
allow,4
molecules,4
state,4
initial,4
inter,4
pre,4
schwarcz,4
dwellers,4
line,4
inferred,4
part,4
proportions,4
related,4
preparation,4
regions,4
reliable,4
around,4
spanish,4
smithsonian,4
transfer,4
reflected,4
deer,4
f,4
led,4
he,4
absence,4
materials,4
indicative,4
classic,4
indicates,4
elephants,4
constant,4
hydrogen,4
complete,4
skin,4
reports,4
resolution,4
demographic,4
crop,4
contemporary,4
anthropologist,4
hastorf,4
native,4
published,4
discussion,4
theoretical,4
photosynthetic,4
significance,4
compositions,4
fecal,4
laboratories,4
stress,4
plains,4
allowed,4
like,4
mammals,4
become,4
lynott,4
cape,4
institution,4
attention,4
separate,4
seasonally,4
perhaps,4
aboriginal,4
addressed,4
jomon,4
sections,4
associated,4
pern,4
set,4
microbial,4
best,4
past,4
phd,4
spatial,4
males,4
while,4
suggests,4
bacteria,4
monitored,4
recognition,4
sea,4
confirm,4
hokkaido,4
oceanic,4
models,4
schoen,4
spacing,4
washington,4
include,4
consumption,4
measured,4
indicating,4
showed,4
close,4
o,3
estimated,3
tion,3
represent,3
resulted,3
identify,3
stone,3
denmark,3
trace,3
potentials,3
total,3
detected,3
peptide,3
seems,3
asia,3
handling,3
producing,3
closer,3
hunting,3
carnegie,3
subsequent,3
somewhat,3
british,3
recorded,3
ruminants,3
account,3
activity,3
reaction,3
obvious,3
measuring,3
dioxide,3
occurring,3
femur,3
above,3
separating,3
implements,3
iron,3
review,3
component,3
bison,3
quality,3
run,3
leaf,3
preagricultural,3
dis,3
turn,3
stored,3
times,3
concerning,3
oxford,3
proline,3
determinations,3
without,3
dry,3
earlier,3
archaeometry,3
gathering,3
tooth,3
retained,3
air,3
numbers,3
decide,3
too,3
delta,3
origins,3
follow,3
archeological,3
care,3
incomplete,3
acceptable,3
columbia,3
complications,3
faunal,3
access,3
fishing,3
austin,3
particularly,3
tools,3
possibility,3
aspects,3
almost,3
excreted,3
los,3
apparent,3
department,3
revealed,3
whole,3
discussions,3
place,3
northwest,3
long,3
documented,3
away,3
sulfur,3
below,3
diagnostic,3
mineral,3
australian,3
massachusetts,3
annual,3
dependent,3
pdb,3
geographical,3
promising,3
chronological,3
second,3
chains,3
matter,3
identified,3
expansion,3
constraints,3
single,3
percentage,3
communities,3
museum,3
nantucket,3
koch,3
heaton,3
increasingly,3
bar,3
strata,3
fix,3
members,3
death,3
europe,3
chemically,3
chisholm,3
fundamental,3
striking,3
teeth,3
larger,3
incorporation,3
identical,3
removal,3
deep,3
reconstructing,3
vogel,3
greatest,3
investigated,3
survive,3
assemblages,3
preferential,3
limitations,3
leguminous,3
previously,3
depended,3
spectrometers,3
factor,3
exhibited,3
check,3
chosen,3
bacterial,3
lakes,3
symposium,3
features,3
collected,3
indi,3
displayed,3
swanport,3
slightly,3
ambrose,3
vertebrate,3
decay,3
european,3
carried,3
relationship,3
usually,3
bonds,3
contribution,3
rapidly,3
quite,3
fall,3
enamel,3
types,3
earliest,3
considered,3
freshwater,3
suggestions,3
then,3
biology,3
skeleton,3
demonstrate,3
sakhalin,3
supported,3
partitioning,3
control,3
domestic,3
distinctive,3
better,3
them,3
terms,3
adults,3
cooking,3
proven,3
role,3
measure,3
lab,3
consolidants,3
tions,3
web,3
southeastern,3
colleagues,3
association,3
moved,3
observation,3
pathways,3
vary,3
lake,3
pool,3
traditional,3
strong,3
labo,2
now,2
rate,2
cover,2
limits,2
common,2
car,2
arctic,2
prize,2
affected,2
asked,2
consume,2
unwin,2
grasses,2
per,2
trash,2
mesoamerica,2
replaced,2
screening,2
san,2
ma,2
zero,2
walker,2
honshu,2
considerations,2
biocultural,2
western,2
locale,2
history,2
unlike,2
before,2
practices,2
contexts,2
notre,2
cactus,2
permit,2
attempts,2
address,2
combusted,2
attempt,2
expectation,2
actual,2
brock,2
detritus,2
salmon,2
crops,2
assess,2
broken,2
daily,2
accompanied,2
display,2
monitor,2
confirming,2
timing,2
fruits,2
farther,2
molecular,2
mississippi,2
take,2
yearbook,2
vegetation,2
mind,2
written,2
murray,2
investigations,2
decreased,2
ity,2
fingernails,2
papers,2
evaluation,2
fossils,2
con,2
tme,2
planetary,2
sexual,2
carbohydrate,2
design,2
capable,2
lifetime,2
tracing,2
eating,2
combination,2
point,2
except,2
x,2
uncertain,2
herbivore,2
apply,2
anticipated,2
horticulturalists,2
internationally,2
complicating,2
atom,2
estimating,2
development,2
against,2
every,2
intact,2
atmo,2
century,2
ontogenetic,2
nor,2
old,2
body,2
thin,2
mammal,2
archaeologist,2
pueblo,2
coasts,2
gest,2
rates,2
weathering,2
virtual,2
poorly,2
mechanism,2
reef,2
costa,2
lesser,2
permits,2
adequate,2
essential,2
exact,2
sort,2
unit,2
mean,2
proportion,2
fat,2
huebner,2
assuming,2
pages,2
pathologies,2
reconcile,2
creek,2
tree,2
arbor,2
selected,2
burials,2
summarized,2
extremes,2
means,2
appli,2
developments,2
ensure,2
stepwise,2
river,2
emergence,2
energy,2
down,2
proposed,2
days,2
elevated,2
traces,2
sugarcane,2
four,2
patterning,2
rice,2
mix,2
answers,2
helped,2
calgary,2
decades,2
dc,2
kenya,2
standards,2
identifying,2
krueger,2
societies,2
typical,2
ering,2
changed,2
ocean,2
events,2
requirements,2
glycine,2
representative,2
culture,2
accurately,2
polishing,2
elemental,2
institute,2
indirect,2
recently,2
publications,2
absolute,2
required,2
structure,2
technical,2
pigs,2
weight,2
minimal,2
basis,2
paleoenvironmental,2
gatherers,2
andes,2
reader,2
hundreds,2
geology,2
loss,2
consistently,2
adap,2
demonstrates,2
climatic,2
records,2
archaeologists,2
ratory,2
call,2
nitro,2
herding,2
nonleguminous,2
pretation,2
won,2
spectrometer,2
horizon,2
strengthened,2
attributed,2
arkansas,2
wiscon,2
kentucky,2
least,2
sense,2
working,2
tested,2
nobel,2
biogeochemistry,2
grass,2
peruvian,2
synthesized,2
quantification,2
separately,2
portions,2
st,2
activities,2
periods,2
microwear,2
variety,2
cations,2
letters,2
britain,2
incorrect,2
overall,2
comparative,2
archaeo,2
rapid,2
poor,2
prove,2
community,2
spheric,2
make,2
movement,2
amerindian,2
stothers,2
southeast,2
pastoralists,2
undergo,2
once,2
fascinating,2
read,2
restricted,2
specimens,2
compiled,2
perspectives,2
ethnographic,2
outlined,2
unusually,2
georgia,2
noted,2
volume,2
generality,2
inhabitants,2
unlimited,2
broadbeach,2
mark,2
again,2
others,2
pointed,2
similarly,2
varies,2
humidity,2
lund,2
valid,2
limit,2
scholars,2
sullivan,2
seasonality,2
choice,2
together,2
break,2
demonstrating,2
longinelli,2
man,2
channel,2
ages,2
chain,2
manner,2
continuing,2
ainu,2
venezuela,2
carnivore,2
ing,2
recommend,2
maya,2
interpreting,2
nutrition,2
vast,2
atlantic,2
background,2
treated,2
recentiy,2
explanation,2
bada,2
fungi,2
retains,2
mortuary,2
ruminant,2
europeans,2
varying,2
traded,2
combining,2
numerous,2
causes,2
resulting,2
harvard,2
panhandle,2
trend,2
rare,2
recovery,2
real,2
helpful,2
luz,2
constancy,2
involves,2
open,2
nursing,2
earth,2
tool,2
general,2
tieszen,2
reconstructed,2
mexico,2
tsavo,2
enriched,2
abundant,2
provides,2
latter,2
spent,2
conclusions,2
especially,2
leaves,2
contact,2
spectrometric,2
remainder,2
hunters,2
probably,2
sug,2
translate,2
workshop,2
destruction,2
normal,2
concluded,2
sented,2
ranging,2
suggestion,2
third,2
ann,2
disruption,2
today,2
processed,2
sealed,2
mixture,2
movements,2
figure,2
ecological,2
testing,2
program,2
begin,2
male,2
referred,2
seen,2
strongly,2
lives,2
overlap,2
la,2
settled,2
expectations,2
hope,2
table,2
fields,2
months,2
paleoethnobotanical,2
complication,2
middens,2
paleodietary,2
affect,2
anthropological,2
environment,2
rarely,2
growing,2
series,2
conjunction,2
peoples,2
ples,2
measurements,2
sam,2
known,2
alternative,2
detector,2
excess,2
southernmost,2
post,2
feed,2
humid,2
obviously,2
historical,2
domesticated,2
living,2
pathological,2
hydrolysis,2
form,2
references,2
degradation,2
hoped,2
extent,2
waters,2
her,2
studying,2
observations,2
categories,2
researchers,2
altered,2
thereby,2
coprolites,2
undertaken,2
allows,2
lies,2
step,2
reconstruct,2
qualitative,2
weaning,2
precision,2
prepared,2
bio,2
named,2
northeast,2
indiana,2
formation,2
shown,2
sediments,2
electronic,2
cambridge,2
illinois,2
minagawa,2
protohistoric,2
national,2
morphological,2
peru,2
aware,2
mode,2
iden,2
course,2
grown,2
salt,2
land,2
buikstra,2
need,2
involving,2
contamination,2
attempted,2
dutch,2
increased,2
indices,2
needs,2
tations,2
thousand,2
marino,2
removed,2
oceans,2
test,2
cross,2
broader,2
col,2
camelids,2
foraging,2
frequent,1
reactive,1
ments,1
undergraduate,1
stimuli,1
currently,1
jumbled,1
calibrated,1
slightiy,1
paleobiology,1
decreasing,1
anthony,1
substances,1
meaning,1
preservatives,1
sonable,1
suc,1
functional,1
northernmost,1
degraded,1
fractions,1
cussion,1
microwearof,1
extend,1
alterniflora,1
repre,1
offset,1
intriguing,1
seagrasses,1
ceeded,1
combine,1
poorer,1
grassland,1
replicability,1
macaque,1
utility,1
mouth,1
eth,1
obtains,1
unsuccessful,1
becoming,1
center,1
needed,1
measurable,1
pondered,1
hydroxy,1
star,1
fate,1
mobility,1
tend,1
linkages,1
alive,1
firmation,1
specialist,1
sets,1
item,1
nuts,1
bias,1
composites,1
removes,1
bination,1
discriminate,1
microorganisms,1
pliocene,1
favor,1
park,1
dogrib,1
wolf,1
ms,1
decade,1
tied,1
conclusive,1
acceptance,1
lyzing,1
vivo,1
presents,1
occurred,1
replicate,1
equations,1
sr,1
anthropologiques,1
exceptions,1
stochastic,1
assume,1
abun,1
foragers,1
diversity,1
micromor,1
bonsai,1
du,1
limestone,1
par,1
worth,1
har,1
diffusion,1
compression,1
highlighted,1
attribute,1
pastoral,1
ingestion,1
way,1
deter,1
istry,1
columbian,1
global,1
davis,1
gases,1
ncps,1
hydroxyproline,1
hydrolyzed,1
pounds,1
disagreement,1
archae,1
nonbiogenic,1
originally,1
diego,1
asso,1
season,1
feces,1
arrival,1
utilization,1
kolodny,1
pretations,1
font,1
fragmentary,1
active,1
experiments,1
bloomington,1
dramatically,1
possibilities,1
imparts,1
route,1
continue,1
pragmatic,1
secondary,1
suggesting,1
reasons,1
diagnosed,1
confusion,1
adhesives,1
arises,1
transferred,1
ences,1
link,1
reveal,1
procedure,1
room,1
locality,1
styles,1
vic,1
ecuador,1
help,1
setting,1
achieved,1
damage,1
integrate,1
bering,1
fresh,1
patterned,1
nm,1
separated,1
replicated,1
stand,1
precisely,1
influences,1
principal,1
grupe,1
debut,1
corroborate,1
political,1
bocherens,1
detection,1
depleted,1
climate,1
surveys,1
depends,1
documenting,1
partners,1
side,1
globe,1
occasional,1
noreen,1
suspect,1
sophisticated,1
accuracy,1
epstein,1
dr,1
plain,1
missouri,1
linear,1
portugal,1
anthropologists,1
amine,1
key,1
pulled,1
capacity,1
wonka,1
primary,1
nificant,1
hall,1
geophysical,1
kenyan,1
dimor,1
retain,1
figs,1
anasazi,1
vol,1
anticipation,1
replacement,1
recommended,1
istibuionof,1
condition,1
paucity,1
soils,1
nonpastoralists,1
herded,1
parisons,1
assure,1
solely,1
move,1
occupations,1
mental,1
say,1
adoption,1
reflecting,1
quantity,1
household,1
legume,1
desirable,1
compo,1
monly,1
representing,1
carbonic,1
promises,1
intertices,1
phology,1
conclusively,1
collection,1
hauser,1
cancellous,1
unrecognized,1
altitudes,1
controlled,1
exist,1
labor,1
frequencies,1
goal,1
retaining,1
ranere,1
berk,1
apatites,1
cemeteries,1
cortical,1
influx,1
toughest,1
explained,1
mine,1
dynamics,1
inner,1
accommodation,1
pursue,1
tebra,1
understand,1
borderlands,1
analyzing,1
muscle,1
sediment,1
chavin,1
jeff,1
track,1
equivalents,1
leavswalrus,1
exam,1
itraq,1
purify,1
dia,1
concentrations,1
distri,1
santa,1
consultation,1
kinetic,1
teristic,1
ability,1
catalina,1
presenters,1
plasma,1
paleoethno,1
weaknesses,1
inhabited,1
direc,1
drainage,1
ciation,1
utensils,1
rejecting,1
tauber,1
displays,1
document,1
niques,1
geochemists,1
paleodie,1
averaging,1
ver,1
refer,1
convincing,1
back,1
marriage,1
response,1
carnivory,1
pho,1
determination,1
holds,1
difficulty,1
inclusion,1
groningen,1
applying,1
spielmann,1
criterion,1
truly,1
compare,1
find,1
died,1
storage,1
identifications,1
y,1
kaogu,1
stations,1
communication,1
look,1
shading,1
demonstration,1
rawng,1
simplistic,1
precontact,1
sition,1
schoeller,1
medaglia,1
error,1
desertic,1
react,1
phases,1
unlikely,1
crow,1
duplicate,1
behave,1
accumulate,1
mea,1
fort,1
aborigines,1
philadelphia,1
vegetable,1
simplified,1
bog,1
ably,1
subjected,1
homo,1
rio,1
main,1
cleaned,1
remain,1
dentrihcation,1
exploi,1
electrons,1
basic,1
unusable,1
tosynthetic,1
preparing,1
eskimos,1
programmed,1
tary,1
excavators,1
midcontinental,1
determining,1
weighting,1
eight,1
leave,1
plots,1
ceramics,1
white,1
rules,1
ionic,1
discoveries,1
productive,1
von,1
paleoclimate,1
paleolithic,1
space,1
mation,1
weaned,1
lea,1
consistency,1
shell,1
pearance,1
wash,1
reason,1
rising,1
nonbiological,1
arid,1
katherine,1
distinct,1
insol,1
discernible,1
bad,1
pared,1
experimentally,1
interdependence,1
biased,1
cause,1
familiar,1
descent,1
intensive,1
cellulose,1
repeated,1
mothlbusphre,1
den,1
presumably,1
transformed,1
elsewhere,1
producers,1
vidual,1
bay,1
reexamination,1
placed,1
carbonand,1
paleoclimatological,1
ga,1
recycling,1
exploratory,1
crocodiles,1
omo,1
ards,1
argued,1
wildebeeste,1
frozen,1
presumed,1
show,1
restrial,1
yielded,1
resource,1
additional,1
shorter,1
calcium,1
confuse,1
ques,1
depend,1
groundwater,1
beyond,1
indications,1
subsamples,1
anairstandaiti,1
requires,1
painted,1
altitude,1
exploitation,1
reconsideration,1
plenum,1
shifted,1
crassulacean,1
restriction,1
odd,1
hetero,1
screened,1
differently,1
fibrous,1
nontrivial,1
osteological,1
bahamian,1
conquest,1
ranges,1
plus,1
avant,1
uses,1
closely,1
taphonomic,1
whom,1
molecule,1
guale,1
collagens,1
detailed,1
misidentifi,1
paleohydro,1
folsom,1
alpacas,1
medicine,1
acknowledgments,1
viewpoint,1
begun,1
plot,1
superfluous,1
search,1
combinations,1
relating,1
caveat,1
behavioral,1
seven,1
lived,1
issue,1
relate,1
taphonomy,1
depletion,1
cation,1
eat,1
percentages,1
tactful,1
fuel,1
base,1
nutrient,1
evaluate,1
extracting,1
bution,1
handbook,1
pure,1
ranking,1
correction,1
equally,1
occupation,1
oklahoma,1
standardized,1
understood,1
venia,1
focused,1
michigan,1
reviews,1
mediated,1
fisher,1
duced,1
tabe,1
cairns,1
promise,1
millets,1
excellent,1
duplicates,1
surrounded,1
otherwise,1
outside,1
seattle,1
wada,1
perform,1
delays,1
wide,1
package,1
near,1
distinguishes,1
shape,1
none,1
distinctiveness,1
packing,1
distinguish,1
marsh,1
geological,1
intense,1
implement,1
received,1
etons,1
ideal,1
solvent,1
neutrons,1
unexplained,1
tens,1
anadromous,1
vertebrae,1
nation,1
enter,1
discriminates,1
ple,1
incremental,1
parameters,1
dozens,1
spartina,1
literature,1
overview,1
realm,1
gave,1
tale,1
fit,1
older,1
holliday,1
intermediate,1
significantiy,1
nubian,1
editorial,1
postulated,1
pyramid,1
accidental,1
inclusions,1
actually,1
survey,1
ecosystems,1
structures,1
stimulate,1
director,1
uble,1
micromole,1
dog,1
mathematical,1
opuntia,1
surrounding,1
nodules,1
systematic,1
residents,1
achieving,1
artifact,1
ter,1
breakdown,1
inhibited,1
polity,1
thanks,1
sampled,1
approach,1
errors,1
gernails,1
massacre,1
nippon,1
esting,1
aided,1
aa,1
good,1
blue,1
browsing,1
responses,1
excavated,1
infallible,1
normally,1
indicator,1
successful,1
roksandic,1
binations,1
negligible,1
peterson,1
questionable,1
hydroxypro,1
insoluble,1
assay,1
stage,1
diffraction,1
coupled,1
indicators,1
trading,1
applicability,1
contrast,1
aluminum,1
slo,1
agawa,1
exhaled,1
biol,1
structions,1
heat,1
monongahela,1
dried,1
sufficient,1
driving,1
accomplished,1
multiple,1
atis,1
replace,1
cacao,1
bridge,1
pare,1
consolidant,1
tation,1
facility,1
nomads,1
ericson,1
essentially,1
mauche,1
attached,1
usual,1
villages,1
williard,1
urine,1
seamer,1
telling,1
impossible,1
gath,1
preceding,1
managed,1
visible,1
generally,1
seed,1
progress,1
proper,1
rican,1
correspondence,1
succulents,1
vent,1
roots,1
undergoing,1
florida,1
appropriate,1
recycle,1
newly,1
diagenetically,1
addressable,1
calvin,1
phase,1
palaeodiet,1
sophistication,1
tennessee,1
fiber,1
concomitant,1
avoid,1
content,1
omnivory,1
distin,1
input,1
span,1
therefore,1
southeasternmost,1
seagrass,1
usable,1
palaeodietary,1
ana,1
units,1
genesis,1
investigating,1
demand,1
intestinal,1
equality,1
collaborating,1
commu,1
lso,1
judy,1
subject,1
play,1
reinterpreted,1
corporation,1
unsuc,1
released,1
appreciate,1
unstable,1
yugoslavia,1
renee,1
purports,1
female,1
assurance,1
etc,1
baha,1
plagued,1
fogel,1
avail,1
expanded,1
comments,1
sending,1
geneous,1
initially,1
shipped,1
hold,1
religious,1
direction,1
selection,1
structural,1
kills,1
calculate,1
ubiquity,1
depicted,1
ineffective,1
pacific,1
plement,1
angel,1
abundances,1
biogeochemical,1
nondestructive,1
flush,1
accident,1
requiring,1
mission,1
message,1
sociocultural,1
technology,1
jour,1
desiccators,1
neither,1
clarified,1
marginally,1
subset,1
rerun,1
light,1
scaffold,1
melvin,1
guatemala,1
keeping,1
refine,1
washes,1
rabbit,1
experimental,1
broad,1
wright,1
cyclic,1
experiment,1
wisconsin,1
insights,1
ferent,1
crystallographic,1
avoided,1
picture,1
double,1
ceramic,1
mechan,1
gations,1
evaluating,1
successfully,1
paul,1
threonine,1
heritage,1
latrine,1
challenge,1
request,1
stated,1
fin,1
crucial,1
gathered,1
whaling,1
reporting,1
foil,1
stud,1
lovell,1
generously,1
lighter,1
prehistorically,1
glutamic,1
longer,1
skel,1
llamas,1
consideration,1
treatment,1
designing,1
occurrence,1
carbonized,1
pressure,1
minnesota,1
pastoralism,1
compound,1
unidentified,1
documents,1
clarify,1
drafting,1
children,1
anthro,1
habitat,1
isolate,1
infectious,1
anaerobic,1
atomic,1
surfaces,1
proposal,1
minneapolis,1
end,1
nirogn,1
sounds,1
distributions,1
considerable,1
fashion,1
imperfect,1
oflnka,1
utilize,1
serious,1
fragments,1
external,1
appeared,1
schurr,1
freezers,1
never,1
reproductive,1
readers,1
took,1
hand,1
likelihood,1
pine,1
aspartic,1
nity,1
neolithique,1
innovative,1
landscape,1
devoted,1
developing,1
accepted,1
sotpe,1
non,1
relevant,1
smallpox,1
southerly,1
ungulates,1
english,1
containers,1
andean,1
excep,1
focusing,1
japan,1
urea,1
frequency,1
controversy,1
distance,1
ink,1
assemblage,1
mechanically,1
ologist,1
ognize,1
shifts,1
explicitly,1
free,1
hausler,1
day,1
uchida,1
anticipate,1
multidisciplinary,1
degree,1
remained,1
fc,1
collagenase,1
local,1
backbone,1
empirically,1
microscopic,1
technologies,1
exhibit,1
meaningful,1
antelope,1
tur,1
dissimilar,1
averaged,1
turkana,1
examples,1
specializing,1
restrictions,1
citric,1
comprise,1
discovery,1
guishing,1
mothers,1
bear,1
desert,1
fishers,1
formal,1
kelp,1
arose,1
sulphur,1
distinctly,1
scatter,1
tank,1
rica,1
identity,1
top,1
computers,1
findings,1
empirical,1
wis,1
rec,1
entirely,1
hypotheses,1
urszula,1
iso,1
rivers,1
virtually,1
robinson,1
sequence,1
dances,1
story,1
hunted,1
bom,1
unlabeled,1
uruk,1
nivores,1
nuclei,1
mink,1
shils,1
trade,1
libby,1
urbana,1
margaret,1
imperative,1
remaining,1
poisoning,1
tis,1
directed,1
emphasizing,1
welcomed,1
vat,1
nut,1
publication,1
obtaining,1
feature,1
revolve,1
urge,1
nisms,1
keep,1
liberate,1
someone,1
powerful,1
reviewers,1
collaboration,1
revised,1
spread,1
fidelity,1
function,1
chiefdom,1
him,1
recon,1
attribution,1
distinction,1
foremost,1
stages,1
addi,1
amorphous,1
monitors,1
contributions,1
men,1
class,1
aqueous,1
agri,1
onous,1
special,1
discarded,1
comparing,1
vascular,1
evolutionary,1
ribs,1
topic,1
sexed,1
assessing,1
respectively,1
pro,1
deliberate,1
socorro,1
sig,1
belemnite,1
availability,1
neandertal,1
ate,1
equivalent,1
ticular,1
hiebert,1
environ,1
evaluated,1
sugar,1
adaptive,1
basically,1
pottery,1
limites,1
cold,1
propose,1
division,1
broth,1
nal,1
duplicated,1
mas,1
alaska,1
rarity,1
increasing,1
rift,1
fingernail,1
factors,1
consists,1
seasons,1
marilyn,1
kongemose,1
assigned,1
flesh,1
looted,1
publishing,1
window,1
equals,1
fairly,1
redefine,1
george,1
mammalian,1
washed,1
superficially,1
percents,1
investi,1
constants,1
naturally,1
practical,1
elucidating,1
bound,1
suspected,1
tech,1
hill,1
reasonable,1
lagen,1
resistant,1
fixing,1
lines,1
pio,1
discard,1
plastic,1
iwaniec,1
bulletin,1
predict,1
becomes,1
success,1
panau,1
discounted,1
receives,1
translation,1
progressively,1
gastrointestinal,1
gut,1
began,1
transformation,1
compiling,1
displaying,1
why,1
humic,1
peedee,1
ruff,1
stratified,1
cabonan,1
epi,1
coordination,1
centuries,1
madison,1
itself,1
angeles,1
phytolith,1
resemble,1
investigate,1
calorie,1
tribe,1
chemosynthesis,1
detail,1
claims,1
haida,1
permafrost,1
disap,1
contained,1
variable,1
victoria,1
ily,1
heavy,1
biassed,1
panama,1
preventing,1
bean,1
suite,1
senior,1
alaskan,1
rea,1
regrettably,1
subde,1
sorting,1
mann,1
ingested,1
univer,1
changing,1
intensification,1
desiccated,1
extensive,1
wear,1
carr,1
ever,1
continues,1
bioarchaeological,1
precise,1
offered,1
ignore,1
quantitative,1
planktonic,1
temple,1
sherds,1
funding,1
symbol,1
offers,1
monot,1
moose,1
imprecision,1
coincides,1
quickly,1
easy,1
enters,1
flow,1
lected,1
ordered,1
infor,1
dominated,1
submicroscopic,1
readily,1
tomb,1
trolled,1
abandonment,1
chis,1
recalculation,1
removing,1
sizes,1
interested,1
hopewell,1
sampling,1
seem,1
gone,1
altering,1
unknown,1
monotonous,1
lier,1
intensi,1
macaques,1
utilizing,1
illi,1
stressed,1
paleoclimatic,1
minimized,1
inquiry,1
foundation,1
nographically,1
spaniards,1
aquatic,1
geoscience,1
speculation,1
infer,1
equilibrium,1
subalpine,1
benefit,1
mollusk,1
cultivation,1
coprolite,1
choosing,1
generalized,1
differed,1
antiq,1
paleopathol,1
rural,1
advances,1
edge,1
respect,1
places,1
beginning,1
hobson,1
rep,1
webs,1
cated,1
game,1
discuss,1
delineated,1
inhalable,1
explanations,1
breast,1
histomorphometry,1
economy,1
acetic,1
investigation,1
ala,1
unique,1
reactions,1
physiology,1
ones,1
supports,1
comes,1
nearby,1
add,1
calculations,1
ies,1
theory,1
angela,1
attritional,1
leaving,1
transamination,1
glucose,1
extract,1
precursor,1
project,1
require,1
secure,1
aver,1
yield,1
virginia,1
infant,1
chronometric,1
size,1
tracers,1
des,1
haps,1
cluster,1
posi,1
diagenesis,1
varieties,1
alterations,1
erie,1
trees,1
negtive,1
met,1
conclude,1
hyperarid,1
spurious,1
mice,1
despite,1
elucidate,1
micro,1
became,1
suppl,1
docu,1
dental,1
turns,1
adapta,1
went,1
ceding,1
screen,1
pests,1
obtain,1
nashville,1
healed,1
duration,1
distinguishable,1
mule,1
contami,1
phenomenon,1
indians,1
metabolic,1
isolated,1
evidenced,1
resolved,1
gain,1
aspect,1
coming,1
bechtel,1
varied,1
terminal,1
cp,1
come,1
eric,1
burger,1
confounding,1
fred,1
enthusiasm,1
layers,1
until,1
survival,1
drafts,1
differentiation,1
ence,1
algae,1
alamos,1
unexpectedly,1
cussed,1
biochemical,1
herds,1
macko,1
cernible,1
dipped,1
bioscience,1
postmortem,1
completed,1
plankton,1
modern,1
biochemistry,1
bohydrate,1
redrawn,1
revolves,1
offer,1
applicable,1
sues,1
hunter,1
canadian,1
ade,1
cmde,1
green,1
gross,1
surements,1
gen,1
glass,1
charac,1
off,1
fractures,1
shells,1
culturalists,1
darkly,1
knowl,1
orga,1
isochronous,1
ranged,1
anonymous,1
flora,1
tified,1
preferentially,1
vim,1
fication,1
fla,1
protons,1
mcgraw,1
themselves,1
resolves,1
justify,1
supply,1
butchering,1
youngsters,1
resent,1
peat,1
premaize,1
uncertainty,1
bentley,1
views,1
deposition,1
maximum,1
predictable,1
uity,1
corn,1
re,1
oikos,1
comparable,1
dif,1
building,1
safest,1
metcalfe,1
meeting,1
doing,1
noe,1
sent,1
shungura,1
delayed,1
fortuitous,1
shellfish,1
symbiotic,1
carboxylation,1
geochem,1
