WORDCOUNTS,WEIGHT
of,955
the,938
and,807
in,561
from,399
to,267
temper,236
a,205
sherds,202
n,197
new,190
lapita,179
islands,169
on,155
tempers,140
for,131
island,126
or,120
ceramic,114
is,106
as,105
are,104
r,101
with,100
sands,94
by,90
pottery,90
j,88
prehistoric,87
sand,86
none,85
prehistory,82
m,81
that,74
no,73
indigenous,73
pp,73
within,72
archaeology,72
et,69
w,68
p,65
oceania,63
at,60
journal,60
transfer,59
volcanic,59
but,58
i,57
be,55
have,55
analysis,54
petrographic,53
archaeological,53
pacific,51
dickinson,51
c,51
de,50
d,49
an,48
some,46
cultural,46
exotic,44
derived,44
where,44
sherd,44
oceanian,44
solomon,43
mariana,42
sites,41
fiji,40
polynesian,40
v,38
contain,38
s,37
other,37
may,36
was,36
grains,36
le,36
local,35
bp,34
calcareous,34
bismarck,34
been,34
arc,33
wares,33
also,33
zealand,33
were,33
university,33
clay,32
only,32
which,31
types,31
oceanic,31
evidence,31
t,30
site,29
more,29
unpub,29
andesitic,28
g,28
origin,28
association,28
western,27
basalt,27
l,27
we,27
not,27
archipelago,27
between,27
society,26
can,26
bulletin,26
caroline,25
nearby,25
has,25
containing,24
caledonia,24
eastern,24
reef,24
most,24
multiple,24
present,24
known,24
both,24
along,23
study,23
museum,23
national,23
e,22
ceramics,22
australian,22
yap,22
tongan,21
either,21
tonga,21
viti,21
different,21
although,21
group,20
samoa,20
data,20
bedrock,20
two,20
report,20
our,20
h,19
guinea,19
research,19
papua,19
made,19
region,19
probably,19
vanuatu,19
km,18
all,18
excavations,18
fig,18
tikopia,18
selected,18
during,18
south,18
grog,18
perspectives,18
cover,18
beach,18
interaction,18
into,17
belau,17
santa,17
than,17
b,17
their,17
micronesia,17
ware,17
many,17
orogen,17
levu,17
shutler,17
table,17
varied,17
tongatapu,17
early,17
over,16
one,16
materials,16
highland,16
geologic,16
thin,16
distribution,16
samoan,16
recovered,16
reflect,16
small,16
results,16
asian,16
exchange,16
polynesia,16
sources,15
fijian,15
petrography,15
tectonic,15
locally,15
buka,15
southeast,15
potsherds,15
rock,15
fragments,15
chain,15
cruz,15
collections,15
recherche,15
placer,15
occur,15
lapitoid,14
detritus,14
west,14
santo,14
analogous,14
part,14
records,14
settlement,14
limited,14
dissected,14
north,14
recent,14
studies,13
studied,13
east,13
such,13
geotectonic,13
found,13
well,13
its,13
nendo,13
obsidian,13
la,13
physical,13
phd,13
des,13
exclusively,13
among,13
groups,12
modern,12
character,12
farther,12
composition,12
similar,12
near,12
kirch,12
mineral,12
arcs,12
same,12
regional,12
dating,12
abundant,12
britain,12
northern,12
widespread,12
chemical,12
noncalcareous,11
institut,11
american,11
australia,11
monograph,11
pacifique,11
con,11
islets,11
pour,11
y,11
potters,11
cannot,11
work,11
geology,11
survey,11
including,11
manus,11
grain,11
antiquity,11
ing,11
sections,11
anthropology,11
unknown,11
sea,11
given,11
implications,10
nature,10
there,10
nd,10
jr,10
elsewhere,10
quartzose,10
term,10
hebrides,10
this,10
preliminary,10
mussau,10
petrology,10
pastes,10
time,10
banks,10
end,10
assemblages,10
avant,10
ophiolitic,10
science,10
vanua,10
anthropological,10
lying,10
size,10
saipan,10
using,10
quartz,10
terrigenous,10
common,9
represent,9
coast,9
large,9
complex,9
source,9
occasional,9
interdisciplinary,9
x,9
central,9
kosrae,9
origins,9
because,9
inferred,9
used,9
bishop,9
few,9
world,9
f,9
southern,9
times,9
culture,9
kadavu,9
larger,9
decorated,9
latter,9
mineralogy,9
melanesia,9
loyalty,9
distinctive,9
varying,9
approximately,9
pohnpei,8
history,8
georgia,8
islet,8
papers,8
vol,8
logical,8
exposed,8
apparently,8
york,8
basaltic,8
commonly,8
suites,8
dominant,8
raw,8
societe,8
further,8
occupation,8
rocks,8
northwest,8
systematic,8
lau,8
field,8
distances,8
presence,8
various,8
adze,8
movement,8
examined,8
restricted,8
us,8
ancient,8
solomons,8
classes,8
melanesian,8
california,8
three,8
tuvalu,8
general,8
individual,8
collected,8
contact,8
oceanistes,8
through,8
manufacture,8
area,8
major,8
it,7
per,7
offshore,7
available,7
tradition,7
those,7
case,7
uncertain,7
thus,7
relations,7
cases,7
paste,7
his,7
across,7
clearly,7
lakeba,7
tem,7
initial,7
sparse,7
characterization,7
documented,7
rotuma,7
nearly,7
yet,7
anuta,7
clusters,7
compositional,7
less,7
significant,7
rare,7
shutter,7
southwest,7
widely,7
segments,7
each,7
paper,7
seafloor,7
far,7
watom,7
type,7
atolls,7
nonlocal,7
bougainville,7
isolated,7
yielded,7
mineralogical,7
atoll,7
derive,7
cook,7
re,7
comparable,7
o,6
later,6
ngulu,6
largely,6
duke,6
test,6
kanacea,6
display,6
state,6
key,6
reflecting,6
usage,6
human,6
auckland,6
phase,6
denote,6
dis,6
geological,6
continental,6
beqa,6
spread,6
traditions,6
provinces,6
vanikolo,6
typical,6
though,6
uvea,6
pins,6
younger,6
homeland,6
people,6
least,6
several,6
generally,6
ana,6
under,6
subduction,6
added,6
micronesian,6
philippine,6
derivation,6
mainland,6
another,6
outliers,6
radiocarbon,6
ireland,6
after,6
k,6
uplifted,6
differ,6
latte,6
stream,6
lamotrek,6
clays,6
composed,6
any,6
natural,6
iii,6
anomalous,6
chicago,6
them,6
interval,6
number,6
cluster,6
vessels,6
bodies,6
include,6
colonisation,6
provided,6
glass,6
manually,6
effects,6
does,5
variants,5
archaeo,5
long,5
jointly,5
torres,5
principal,5
burke,5
possible,5
pre,5
olivine,5
except,5
controlled,5
review,5
mixed,5
occurs,5
hybrid,5
even,5
rather,5
ex,5
japanese,5
white,5
firing,5
section,5
numbers,5
whereas,5
home,5
erosion,5
out,5
first,5
lava,5
crushed,5
ambitle,5
fired,5
proportions,5
texture,5
nissan,5
guam,5
interpreted,5
chemistry,5
approach,5
change,5
current,5
recognition,5
geologically,5
micronesica,5
provenance,5
critical,5
detected,5
allen,5
tp,5
lack,5
areas,5
occurrence,5
fais,5
shortland,5
patterns,5
plate,5
naigani,5
generic,5
marianas,5
thomson,5
use,5
dye,5
sequence,5
previous,5
futuna,5
java,5
platform,5
poterie,5
so,5
thomas,5
internal,5
systems,5
coral,5
hunt,5
memorial,5
naturally,5
igneous,5
instances,5
outlier,5
geographic,5
cultures,5
ar,5
subordinate,5
investigation,5
terms,5
earthenware,5
extent,5
finished,5
show,5
com,5
voluminous,5
shown,5
washington,5
land,5
green,5
forming,5
off,5
specific,5
distinctions,5
sedimentary,5
difficult,4
ulithi,4
edge,4
tion,4
confidence,4
sinapupu,4
ofu,4
mulifanua,4
minor,4
yielding,4
calcining,4
predominantly,4
archaeologists,4
hence,4
inherent,4
raised,4
context,4
descantes,4
occurring,4
point,4
beneath,4
throughout,4
development,4
shield,4
malo,4
characteristic,4
distinct,4
wholly,4
suitable,4
details,4
phases,4
higher,4
spatial,4
proportion,4
objects,4
rated,4
calcium,4
ontong,4
microprobe,4
closely,4
kapingamarangi,4
could,4
subset,4
discrete,4
late,4
mainly,4
recently,4
dispersal,4
scale,4
balavu,4
basis,4
distinguish,4
knowledge,4
consistently,4
place,4
issues,4
regions,4
excavated,4
kiki,4
diagnostic,4
teop,4
chert,4
tempering,4
tutuila,4
chains,4
special,4
indicates,4
serve,4
coeval,4
intoh,4
trobriand,4
without,4
these,4
reports,4
aggregates,4
facility,4
tiny,4
diverse,4
succeeding,4
discussed,4
adjacent,4
efate,4
marquesas,4
granitic,4
remote,4
undiagnostic,4
cambridge,4
range,4
rewa,4
austronesian,4
aitape,4
compositions,4
period,4
high,4
cally,4
burley,4
especially,4
dacitic,4
imported,4
adzes,4
carried,4
abundance,4
angular,4
provide,4
affinity,4
navua,4
ash,4
earliest,4
incised,4
changing,4
complexes,4
eloaua,4
perhaps,4
totoya,4
sourcing,4
here,4
petrographically,4
lagoon,4
clearcut,4
what,4
whether,4
form,4
making,4
archaeometry,4
transport,4
summerhayes,4
press,4
come,4
question,4
arrows,4
caledonian,4
typically,4
chronology,4
plainware,4
oldest,4
summary,4
comparison,4
textures,4
roviana,4
temperatures,4
indistinguishable,4
col,4
yasawa,4
mago,4
careous,3
petrologic,3
if,3
debris,3
contemporaneous,3
stone,3
ugaga,3
position,3
pots,3
limestone,3
practices,3
navatu,3
localities,3
nasilai,3
neolithic,3
originally,3
broken,3
sheppard,3
rich,3
voyagers,3
date,3
admixtures,3
somewhat,3
ad,3
evaluation,3
side,3
described,3
geochemical,3
matthew,3
trans,3
figs,3
open,3
doleritec,3
ovalau,3
collection,3
electron,3
southwestern,3
sediment,3
unpublished,3
belts,3
liaison,3
niuatoputapu,3
nor,3
clark,3
berth,3
document,3
back,3
cal,3
drawn,3
mankind,3
coasts,3
upolu,3
uni,3
absent,3
strictly,3
levels,3
coastal,3
placering,3
reworked,3
tan,3
produced,3
lacking,3
hypabyssal,3
drainage,3
terrell,3
means,3
downward,3
developments,3
possibly,3
established,3
delta,3
lithic,3
beyond,3
plates,3
bedford,3
view,3
confirms,3
appear,3
dc,3
tween,3
appraisal,3
came,3
based,3
basin,3
flaked,3
centers,3
ocean,3
light,3
nonplastic,3
density,3
institute,3
criteria,3
jim,3
vailele,3
degrees,3
papuan,3
artifacts,3
weisler,3
lithosphere,3
brought,3
basement,3
inclusions,3
transported,3
away,3
millenium,3
wastage,3
specht,3
inference,3
politically,3
contrast,3
fragmental,3
migration,3
core,3
fully,3
subducted,3
vitiaz,3
moved,3
span,3
marked,3
oby,3
identified,3
action,3
vesicular,3
still,3
hornblende,3
single,3
about,3
vesicles,3
fringe,3
quicklime,3
quarries,3
carbonate,3
wallis,3
al,3
largest,3
contains,3
metavolcanic,3
social,3
rived,3
addition,3
lime,3
arawe,3
sedimentology,3
pattern,3
man,3
outside,3
locales,3
analyses,3
material,3
distance,3
nondiagnostic,3
contacts,3
empirical,3
characteristically,3
volcanoes,3
recovery,3
examination,3
ties,3
significance,3
historic,3
kieta,3
evidently,3
direct,3
obtained,3
probable,3
standard,3
contributions,3
ap,3
technologique,3
interpretations,3
pro,3
slightly,3
admiralty,3
occupied,3
connections,3
professional,3
ambrose,3
species,3
age,3
states,3
mafic,3
volcanism,3
bulk,3
five,3
volumetric,3
oxide,3
class,3
united,3
bellona,3
unusual,3
kabara,3
areal,3
then,3
associated,3
suite,3
must,3
detect,3
geoarchaeology,3
lou,3
minerals,3
der,3
mangaasi,3
colonization,3
setting,3
best,3
mi,3
orstom,3
tltf,3
just,3
transfers,3
combined,3
cooking,3
almost,3
suggests,3
travel,3
ferry,3
ancestral,3
despite,3
variability,3
techniques,3
reappraisal,3
allows,3
until,3
models,3
overview,3
locations,3
years,3
protohistoric,3
mineralogically,3
backarc,3
temporal,3
remains,3
enclosed,3
deposits,3
sparingly,3
bentley,3
nan,3
northwestern,3
much,3
built,3
termed,3
resolve,2
currently,2
mostly,2
huntley,2
since,2
chem,2
fraction,2
indicated,2
generated,2
examine,2
gneissic,2
affected,2
environmental,2
implies,2
alone,2
utility,2
notably,2
they,2
coupled,2
needed,2
methodology,2
systematically,2
ma,2
formed,2
tures,2
volcanics,2
ways,2
pakea,2
trace,2
presents,2
rf,2
total,2
eastward,2
manuports,2
placers,2
descriptions,2
slaked,2
way,2
covered,2
preceding,2
production,2
ii,2
taken,2
asia,2
comparatively,2
ubiquitous,2
blueschist,2
affinities,2
attractive,2
together,2
metamorphosed,2
reasons,2
differences,2
potentially,2
wave,2
carrying,2
able,2
closer,2
located,2
procedure,2
locality,2
subsequent,2
inland,2
achieved,2
persistence,2
improved,2
ours,2
similarities,2
british,2
tokelau,2
crystal,2
reefs,2
plain,2
tie,2
dying,2
mccoy,2
weathered,2
america,2
trade,2
malakula,2
prior,2
tracing,2
paucity,2
international,2
alter,2
insight,2
texturally,2
zone,2
denoting,2
distribu,2
relationships,2
colluvial,2
geochemistry,2
interior,2
millennium,2
domain,2
regarded,2
capped,2
trail,2
expected,2
arena,2
perspective,2
imparts,2
body,2
strength,2
served,2
dates,2
compared,2
weakening,2
died,2
edifices,2
fer,2
weathering,2
industries,2
lesser,2
failed,2
opposed,2
oxford,2
sample,2
adequate,2
miocene,2
camp,2
main,2
compatible,2
proceedings,2
influenced,2
remain,2
baluan,2
basic,2
landscape,2
decades,2
flanks,2
approaches,2
active,2
evolution,2
pliocene,2
modified,2
clinopyroxene,2
changes,2
jomon,2
preclude,2
river,2
statistical,2
lected,2
vanikoro,2
proposed,2
impact,2
felgate,2
four,2
additional,2
surface,2
peninsula,2
aguijan,2
nanumanga,2
islanders,2
mix,2
david,2
suggested,2
imbedded,2
unlike,2
identifying,2
precluded,2
tural,2
method,2
traditionally,2
taining,2
muyua,2
successors,2
orthopyroxene,2
equal,2
reviews,2
versity,2
province,2
publications,2
otherwise,2
interisland,2
your,2
explain,2
pentecost,2
exploration,2
tracking,2
isotope,2
aspects,2
directly,2
having,2
artefacts,2
extending,2
unless,2
prominent,2
purpose,2
related,2
loss,2
describe,2
intermediate,2
ferromagnesian,2
broad,2
partly,2
figures,2
fruitful,2
tative,2
fringing,2
carolines,2
surrounding,2
institution,2
archipelagoes,2
includ,2
relative,2
markedly,2
generically,2
wholesale,2
hard,2
working,2
flanking,2
suggest,2
moala,2
involved,2
soil,2
separately,2
deco,2
significantly,2
indige,2
orogenic,2
distinguished,2
alluvial,2
latest,2
detrital,2
kolombongara,2
optical,2
up,2
st,2
aggregate,2
particles,2
horizons,2
he,2
approximate,2
choiseul,2
variety,2
short,2
petrologically,2
overall,2
comparative,2
intrusions,2
thermoluminescence,2
past,2
tropical,2
marquesan,2
make,2
initially,2
chaeological,2
atop,2
settings,2
direction,2
interpretation,2
unidirectional,2
array,2
marginally,2
tain,2
robust,2
insights,2
proach,2
anthropo,2
comparably,2
volume,2
westward,2
scientifique,2
others,2
academy,2
water,2
analytical,2
skills,2
voyaging,2
limit,2
clarendon,2
match,2
insular,2
somewhere,2
deleterious,2
inherently,2
identical,2
conclusions,2
undecorated,2
en,2
compositionally,2
alofi,2
purposes,2
establish,2
tonic,2
see,2
ramic,2
necessary,2
miner,2
tec,2
conceivably,2
ecology,2
understanding,2
who,2
placered,2
bear,2
uplift,2
helps,2
ce,2
previously,2
samples,2
entirely,2
secondarily,2
persisted,2
basins,2
questions,2
processes,2
nanumea,2
pagan,2
ob,2
faces,2
held,2
feasible,2
allowed,2
lithology,2
distinction,2
provides,2
represen,2
ages,2
migrants,2
trachytic,2
plagioclase,2
sigatoka,2
mare,2
galipaud,2
exactly,2
anderson,2
www,2
geography,2
taumako,2
investigations,2
attention,2
hotspot,2
european,2
movements,2
domains,2
continuing,2
goodenough,2
parent,2
lines,2
thermal,2
dimensions,2
directions,2
un,2
seen,2
spriggs,2
effectively,2
overlap,2
contribution,2
sequences,2
archeologie,2
canic,2
hi,2
biotite,2
quite,2
centuries,2
around,2
addressed,2
detail,2
quantitative,2
undertook,2
silicate,2
environment,2
dispersed,2
loaning,2
seafaring,2
incorporated,2
spanish,2
extensive,2
australis,2
extension,2
matuku,2
reconnaissance,2
sciences,2
occurred,2
taiwan,2
quaternary,2
style,2
gosden,2
mantle,2
denotes,2
gas,2
closest,2
advances,2
musee,2
places,2
beginning,2
virtual,2
exposing,2
notable,2
plutonic,2
references,2
microscopically,2
independently,2
pyroxene,2
erupted,2
geo,2
beaches,2
problem,2
exposures,2
migrations,2
yield,2
information,2
pers,2
terre,2
dacite,2
holocene,2
port,2
metamorphic,2
alamagan,2
level,2
unai,2
paradise,2
lies,2
jun,2
arguments,2
distinguishable,2
nous,2
coralline,2
tions,2
contrasts,2
prepared,2
sected,2
unable,2
philippines,2
deformed,2
illinois,2
rockshelter,2
staging,2
iden,2
instead,2
involving,2
shift,2
vessel,2
carbon,2
apart,2
trader,2
madol,2
vary,2
royal,2
technological,2
locale,2
arizona,2
heterogeneous,2
atafu,2
semiquantitative,1
silt,1
interarchipelago,1
volved,1
nongeneric,1
tains,1
limits,1
prefer,1
sinter,1
ayres,1
moni,1
suc,1
integrating,1
functional,1
ready,1
taveuni,1
fractions,1
tracey,1
pale,1
domal,1
defining,1
extend,1
expedition,1
accords,1
uplands,1
vailing,1
determine,1
margins,1
offset,1
intriguing,1
lated,1
northeast,1
therefore,1
measures,1
extends,1
specks,1
introduction,1
sis,1
lointaine,1
pushed,1
distributed,1
connecticut,1
mongoloid,1
speakers,1
center,1
settlements,1
aceramic,1
operator,1
thrust,1
kinds,1
slices,1
identify,1
designed,1
prime,1
referring,1
confines,1
postdate,1
rounded,1
subregional,1
completely,1
bias,1
limeclasts,1
cement,1
podtdnean,1
ms,1
nord,1
decade,1
tied,1
conclusive,1
deny,1
tiare,1
proveniences,1
waya,1
unan,1
tifacts,1
ian,1
metabasalt,1
stan,1
habits,1
matansa,1
ethnoarchaeological,1
before,1
assisted,1
sys,1
fragile,1
exceptions,1
terranes,1
repre,1
po,1
revision,1
chief,1
diversity,1
plas,1
makira,1
northward,1
mitigated,1
pyroclastic,1
lower,1
being,1
consistent,1
inhibited,1
upland,1
explaining,1
permit,1
istry,1
tinian,1
modest,1
revisited,1
supposedly,1
specificities,1
wwwwwvww,1
connection,1
undissected,1
bronitsky,1
exclusive,1
attempts,1
culturally,1
kilometers,1
rapid,1
sub,1
meaning,1
artificially,1
fragmentary,1
steadman,1
anu,1
seems,1
experiments,1
immense,1
eruption,1
moira,1
stonepaste,1
route,1
wooden,1
portable,1
leading,1
broadly,1
suggesting,1
great,1
sociality,1
confusion,1
thank,1
increas,1
piao,1
arises,1
transferred,1
scheme,1
dur,1
mississippi,1
cohesion,1
palaeoecology,1
products,1
alignment,1
tinction,1
search,1
failures,1
patterned,1
chloride,1
scapes,1
stand,1
tributed,1
influences,1
shepherd,1
remainder,1
bg,1
reserved,1
reworking,1
access,1
platforms,1
sociation,1
normal,1
federated,1
studio,1
successes,1
ambiguous,1
ity,1
focus,1
el,1
commonwealth,1
proposals,1
system,1
akin,1
feru,1
erosional,1
documenting,1
volca,1
ascribed,1
suspect,1
ilar,1
resembles,1
non,1
owing,1
areally,1
etaly,1
takayama,1
tal,1
bases,1
dune,1
overthrust,1
bismarcks,1
firm,1
tpng,1
wwv,1
efficacious,1
glaucophane,1
subsi,1
chapter,1
replacement,1
determined,1
glasses,1
reliability,1
ance,1
establishing,1
biogeographical,1
lication,1
reaction,1
mutual,1
amesbury,1
whuuk,1
richard,1
flank,1
obvious,1
ovens,1
dioxide,1
nouvelles,1
variations,1
surrounded,1
consequent,1
establishment,1
resources,1
cited,1
fluorescence,1
genetic,1
chart,1
bowls,1
apply,1
monly,1
representing,1
scigraphics,1
tectonically,1
mingle,1
lasigi,1
flect,1
phlogopitic,1
eroded,1
venient,1
strengthens,1
harmony,1
obsid,1
easterly,1
framework,1
karen,1
gravity,1
saltwater,1
neutron,1
comprehensive,1
indispens,1
includes,1
fracture,1
lections,1
erkelens,1
lon,1
tending,1
language,1
population,1
modify,1
dissociate,1
natunuku,1
alternately,1
gp,1
numer,1
silty,1
scarce,1
interest,1
relatively,1
ability,1
trench,1
centrated,1
namosi,1
ern,1
walter,1
suitably,1
ference,1
lesu,1
workers,1
unfamiliar,1
vallees,1
paused,1
sidian,1
extensively,1
resin,1
dence,1
tabulated,1
cations,1
kind,1
ai,1
slabs,1
transitional,1
aligned,1
concentrations,1
resting,1
koro,1
items,1
bay,1
footnotes,1
refer,1
convincing,1
polycrystalline,1
response,1
serving,1
columbia,1
radio,1
allowing,1
wv,1
du,1
trobe,1
third,1
covery,1
mechanical,1
compare,1
networks,1
tral,1
previ,1
suitability,1
biotitic,1
flung,1
thermolu,1
spalling,1
wet,1
riod,1
deeply,1
loneliness,1
loan,1
influence,1
aplastic,1
dust,1
impressions,1
cookery,1
intruded,1
jeannette,1
festschrift,1
stylisti,1
forebulge,1
honolulu,1
van,1
awkward,1
mb,1
avoidance,1
via,1
disposed,1
ditional,1
governed,1
pumiceous,1
plotted,1
ably,1
reagan,1
hopes,1
costs,1
identification,1
operations,1
purely,1
carnegie,1
impetus,1
centered,1
how,1
mareshet,1
vided,1
megalithic,1
hydroxide,1
ically,1
argillaceous,1
irwin,1
var,1
longest,1
migrate,1
hold,1
process,1
subsistence,1
bond,1
circles,1
knew,1
tary,1
shutier,1
environments,1
deliberately,1
atyp,1
talasea,1
outward,1
disputes,1
determining,1
se,1
intru,1
crustal,1
leave,1
hamer,1
parts,1
losing,1
disintegration,1
signatures,1
tabulate,1
scales,1
distant,1
uncertainties,1
pal,1
denuded,1
pby,1
space,1
arcuate,1
supplements,1
divided,1
consistency,1
intrinsic,1
recherches,1
marangi,1
cronesica,1
discernible,1
sills,1
day,1
microscope,1
facilitated,1
consultation,1
affect,1
nuku,1
flows,1
seas,1
sim,1
spreading,1
specialization,1
repeated,1
presumably,1
specify,1
proved,1
air,1
nwwwwwwn,1
traces,1
aly,1
gradually,1
northeastern,1
unfavorable,1
fore,1
too,1
sents,1
upper,1
mixtures,1
indis,1
presumed,1
trol,1
vapor,1
connecting,1
scientist,1
kreslo,1
unsuitable,1
followed,1
indonesia,1
princi,1
probe,1
doleritic,1
hoard,1
ambient,1
uniformly,1
terminology,1
plenum,1
exhaustive,1
flakes,1
australasian,1
important,1
strategy,1
preference,1
providing,1
tory,1
nonvesicular,1
approxi,1
footnote,1
persed,1
retards,1
amphibolite,1
charcoal,1
marshall,1
macroscopic,1
ei,1
had,1
microclimate,1
sive,1
paddle,1
localism,1
result,1
subsets,1
acceptable,1
whom,1
pioneering,1
palau,1
introduce,1
avenue,1
transmission,1
deltas,1
future,1
appearance,1
six,1
histories,1
cookware,1
demise,1
explanatory,1
toir,1
oceanie,1
mapping,1
combinations,1
ambiguity,1
lohu,1
embracing,1
dunes,1
swered,1
reply,1
unconformably,1
abrasively,1
neft,1
extinct,1
amer,1
tinctions,1
ican,1
im,1
stepping,1
paubake,1
midway,1
acquiring,1
academic,1
outset,1
neighboring,1
understood,1
informed,1
caves,1
nenumbo,1
unique,1
afforded,1
tools,1
appears,1
portant,1
absorption,1
symbols,1
boyd,1
reinforce,1
boundaries,1
applied,1
puipui,1
separates,1
plutons,1
energy,1
record,1
darlene,1
pollen,1
lelu,1
instrumental,1
wide,1
acknowledgments,1
clone,1
polarising,1
eliminate,1
ther,1
technical,1
ious,1
outstanding,1
storage,1
thomme,1
typologically,1
line,1
unexcavated,1
literature,1
updated,1
bc,1
fieldiana,1
scope,1
received,1
ogous,1
blue,1
fraser,1
carries,1
rography,1
preferred,1
nine,1
do,1
metasedimentary,1
rc,1
protected,1
unexplained,1
stances,1
sin,1
unplacered,1
cfrom,1
tombs,1
distingushed,1
kamgot,1
aged,1
wwwwwsww,1
positions,1
routinely,1
disserta,1
bite,1
description,1
keeping,1
whole,1
rfbelau,1
continuation,1
realm,1
designate,1
database,1
expansive,1
destination,1
falling,1
structures,1
bat,1
augment,1
midwestern,1
interac,1
tected,1
saw,1
tification,1
ously,1
cone,1
compact,1
entails,1
obviates,1
scure,1
project,1
eralogy,1
ter,1
horizon,1
generi,1
own,1
shrinkage,1
contradictions,1
thither,1
count,1
towards,1
premiere,1
dy,1
depositional,1
lifted,1
emplaced,1
redware,1
crust,1
ratios,1
sense,1
composite,1
mately,1
stimmell,1
ago,1
below,1
carry,1
reliable,1
ono,1
involve,1
canoe,1
efrom,1
entangled,1
standpoint,1
ward,1
truk,1
austrone,1
calling,1
coping,1
archeaological,1
specificity,1
undi,1
mains,1
oc,1
smithsonian,1
willaumez,1
tradeware,1
feldspathic,1
cool,1
industry,1
intruding,1
decline,1
vacuum,1
climate,1
dissociation,1
musuems,1
impossible,1
ent,1
annual,1
scott,1
progress,1
successsion,1
paid,1
inverted,1
correspondence,1
roots,1
hiva,1
achieves,1
reflected,1
appropriate,1
siltier,1
posing,1
calcite,1
grateful,1
gross,1
nv,1
yapese,1
schematic,1
anson,1
gle,1
jh,1
settlers,1
activation,1
will,1
tanna,1
brian,1
led,1
likely,1
ical,1
reduced,1
observations,1
hydration,1
fergusson,1
architecture,1
scientific,1
atypical,1
compara,1
populations,1
moresby,1
indicative,1
logically,1
chalan,1
constituents,1
dard,1
synthesis,1
ers,1
gender,1
provenience,1
tored,1
expansion,1
ancien,1
play,1
jfc,1
corporation,1
curtis,1
interiors,1
brief,1
edges,1
exception,1
prevailing,1
prove,1
converted,1
community,1
grande,1
interactions,1
umes,1
subclasses,1
wind,1
seemingly,1
buin,1
slohu,1
tends,1
adapted,1
selection,1
structural,1
vicinity,1
relationship,1
label,1
once,1
metric,1
thrusting,1
ke,1
foot,1
alogy,1
reference,1
thought,1
aguiguan,1
continuity,1
technology,1
exposure,1
equally,1
remnant,1
neither,1
tually,1
groundmasses,1
ils,1
homogeneous,1
informal,1
bind,1
rnlias,1
continents,1
shock,1
attractively,1
orations,1
aux,1
shifting,1
promotes,1
ethnographic,1
tic,1
outlined,1
andeskicarc,1
indian,1
upright,1
sedimen,1
department,1
michiko,1
ph,1
noted,1
speaking,1
strata,1
geologists,1
stones,1
typo,1
picture,1
doherty,1
double,1
useful,1
persuasive,1
generality,1
udu,1
routes,1
george,1
inhabitants,1
members,1
peoples,1
successfully,1
majority,1
anutan,1
ofbuka,1
technique,1
toward,1
sac,1
renewed,1
avail,1
overrid,1
aronson,1
residence,1
narrow,1
smith,1
amined,1
archaeologi,1
subparallel,1
iu,1
shows,1
pological,1
consideration,1
fundamental,1
wells,1
riverine,1
blocks,1
occupations,1
compound,1
documents,1
disuse,1
eruptions,1
als,1
pet,1
metamorphism,1
anthro,1
intra,1
nanuya,1
anal,1
legs,1
quelques,1
strait,1
suggestive,1
lossu,1
sdi,1
undis,1
uralitic,1
timing,1
channel,1
nappe,1
anthropologist,1
puzzling,1
flecks,1
bulky,1
paris,1
yanuca,1
ground,1
bioclastic,1
essentially,1
intersite,1
mu,1
na,1
festooned,1
oregon,1
disper,1
coarse,1
surf,1
unclear,1
peopling,1
mendana,1
egrog,1
otic,1
lls,1
awv,1
af,1
deep,1
yvonne,1
minous,1
intraprovince,1
reconstructing,1
landlubbers,1
frequency,1
talepakemalai,1
clivity,1
cul,1
wrd,1
acquire,1
unusable,1
encountered,1
dots,1
epoxy,1
outlines,1
identifiable,1
convenient,1
artifact,1
degree,1
sal,1
dominantly,1
petrological,1
dormant,1
archeologiques,1
thousands,1
grounds,1
simon,1
petrochemically,1
matrix,1
apt,1
lasting,1
antilles,1
vast,1
discussion,1
pb,1
indonesian,1
rota,1
examples,1
olitic,1
treated,1
explanation,1
surfaces,1
upon,1
accompanying,1
cult,1
aoba,1
indicat,1
volu,1
theachugao,1
volcanogenic,1
thickness,1
conceivable,1
distinctly,1
manufactured,1
increase,1
distal,1
dispersals,1
traversing,1
identity,1
concern,1
omit,1
garua,1
hosted,1
complement,1
hypotheses,1
iso,1
refers,1
factor,1
variation,1
slab,1
resulting,1
harvard,1
submitted,1
net,1
lows,1
trend,1
necromancing,1
agnostic,1
casteaux,1
wwswwww,1
nukuleka,1
full,1
raising,1
grinding,1
bonfires,1
reefal,1
involves,1
excava,1
possibil,1
representative,1
low,1
scanning,1
tiles,1
landscapes,1
fracturing,1
remaining,1
glau,1
tional,1
polarized,1
diagnos,1
publication,1
submodern,1
tl,1
norwe,1
supportive,1
blankets,1
methodological,1
would,1
tim,1
recon,1
glassy,1
features,1
played,1
putapu,1
lie,1
mangilao,1
filled,1
accurate,1
ted,1
gabbro,1
last,1
vaitupu,1
black,1
individ,1
airborne,1
forms,1
neutral,1
forestation,1
why,1
sian,1
unambiguous,1
sandstones,1
margin,1
feldspar,1
kapinga,1
graves,1
skele,1
labels,1
comparing,1
problems,1
cogent,1
expo,1
parallel,1
cones,1
disaggregation,1
chuuk,1
become,1
relation,1
diffi,1
clude,1
ngati,1
deliberate,1
effect,1
inhabited,1
cessfully,1
excluded,1
availability,1
shorelines,1
tuakamali,1
seeking,1
vide,1
residue,1
equivalent,1
adaptations,1
vdye,1
prohibitive,1
delimits,1
amateur,1
falefa,1
limitation,1
yalobi,1
adaptive,1
embodied,1
cen,1
achieve,1
sailing,1
encompassing,1
conquete,1
unrelated,1
concluded,1
sented,1
supplemental,1
seascape,1
mamanuca,1
derivative,1
separate,1
dietary,1
archipelagog,1
rift,1
fails,1
yields,1
epidote,1
marilyn,1
rifted,1
lo,1
entail,1
imply,1
aid,1
characteristics,1
stems,1
pleochroic,1
pres,1
publishing,1
irregular,1
sinton,1
pans,1
independent,1
continued,1
coarsest,1
salient,1
foreign,1
sx,1
provisionally,1
practical,1
suspected,1
rough,1
support,1
pe,1
resistant,1
dashed,1
validity,1
sohano,1
alternate,1
quarrying,1
fewer,1
amphibole,1
dec,1
predict,1
lost,1
ultramafic,1
colonizers,1
dike,1
tive,1
progressively,1
detailed,1
yale,1
dewater,1
millennia,1
sr,1
suggestions,1
transformation,1
sures,1
mele,1
plasticity,1
indicate,1
length,1
diagnosis,1
displaying,1
settled,1
easternmost,1
methods,1
dans,1
pemrang,1
existed,1
tapped,1
inferior,1
imprimee,1
frontier,1
caledoniar,1
when,1
typology,1
dent,1
canada,1
ridges,1
bad,1
resemble,1
thick,1
lomaiviti,1
groupv,1
freshwater,1
differentiated,1
produc,1
acquired,1
vxn,1
today,1
warrants,1
dissection,1
abandonment,1
conjunc,1
variable,1
foliated,1
heavy,1
nx,1
practice,1
growing,1
radiogenic,1
intervened,1
sorting,1
comes,1
conclusion,1
ethnological,1
complexity,1
fefan,1
nearshore,1
homogeneity,1
grand,1
finest,1
ao,1
tered,1
manual,1
reinforced,1
potter,1
her,1
masses,1
christophe,1
tified,1
trenches,1
occurrences,1
prob,1
exposes,1
symbol,1
acquisitions,1
satellite,1
affords,1
scientiflque,1
ni,1
easy,1
indepen,1
coefficient,1
bonhomme,1
readily,1
encoun,1
woodhead,1
petrochemistry,1
share,1
ratio,1
global,1
sizes,1
spoil,1
sampling,1
fabrication,1
ft,1
deposited,1
appendix,1
volcano,1
intrusive,1
half,1
ophi,1
scenario,1
post,1
counting,1
ported,1
particularly,1
collectors,1
dikes,1
circuitous,1
infer,1
rolett,1
benefit,1
ous,1
iron,1
pit,1
tracts,1
pub,1
tex,1
admixture,1
techno,1
living,1
structed,1
erromango,1
merely,1
better,1
turned,1
felsitic,1
following,1
jacqueline,1
component,1
william,1
unlikely,1
granulometric,1
indo,1
ual,1
economy,1
vs,1
vsvvv,1
transmitted,1
poses,1
reactions,1
curs,1
ones,1
plants,1
supports,1
discernibly,1
excursions,1
min,1
rationales,1
tiation,1
signature,1
impli,1
lengths,1
microscopy,1
notes,1
supplemented,1
predate,1
prepare,1
periphery,1
oth,1
divide,1
karobo,1
orientations,1
listed,1
categories,1
art,1
haps,1
dacitlc,1
personal,1
analy,1
little,1
clayey,1
necessity,1
entire,1
torrence,1
litical,1
aunpub,1
prehis,1
importing,1
reported,1
affecting,1
uniform,1
springboard,1
quartzite,1
prevalent,1
eleanor,1
confirm,1
role,1
disintegra,1
existing,1
fortuitously,1
melded,1
stituent,1
durable,1
vuda,1
tematically,1
controls,1
went,1
rationale,1
simons,1
strand,1
target,1
contribute,1
minescence,1
resistance,1
manufacturing,1
indebted,1
abbott,1
qualitative,1
disrupted,1
maintained,1
au,1
ssvwv,1
ization,1
analogy,1
mica,1
shores,1
strung,1
promoted,1
formation,1
sikumango,1
donnees,1
commercial,1
modal,1
ence,1
lands,1
average,1
differen,1
numerous,1
tempera,1
temperature,1
morphological,1
geoarchaeological,1
shoshonite,1
improving,1
documentation,1
course,1
sults,1
discour,1
kapa,1
integrated,1
dense,1
define,1
ladefoged,1
luvial,1
gen,1
smaller,1
maritime,1
heartland,1
phreatic,1
variously,1
enclave,1
impregnation,1
enclosure,1
definitive,1
ships,1
anonymous,1
respective,1
am,1
supported,1
mounting,1
preferentially,1
potential,1
niuato,1
wainimala,1
capping,1
nuscule,1
drying,1
close,1
sudanese,1
themselves,1
wsherd,1
text,1
opaque,1
reached,1
stemming,1
conceptual,1
asterisks,1
contrasting,1
petchey,1
poulsen,1
deposition,1
element,1
valley,1
supplementary,1
abandoned,1
traditional,1
fabricated,1
duration,1
immediately,1
counts,1
zones,1
unequivocal,1
should,1
geomorphologiques,1
gian,1
temei,1
indicating,1
yimer,1
parison,1
