WORDCOUNTS,WEIGHT
the,2238
of,1402
and,1285
in,1117
to,509
a,453
from,321
for,305
x,250
that,245
is,241
as,236
bc,182
with,178
by,173
have,166
at,165
arabian,164
trade,164
on,164
evidence,161
this,157
early,157
j,149
also,131
sea,129
maritime,124
arabia,119
millennium,113
are,107
m,106
et,103
were,103
al,101
it,98
was,96
c,95
red,90
been,89
an,88
world,86
eastern,82
age,81
be,81
which,79
coastal,78
gulf,77
d,76
persian,75
may,75
south,74
oman,73
or,73
these,73
more,72
sites,71
african,71
some,67
between,67
springer,66
first,64
peninsula,63
but,63
region,63
yemen,63
p,62
archaeology,61
new,61
prehist,60
late,60
archaeological,60
indian,59
s,58
bronze,58
r,57
there,56
probably,55
has,54
we,53
africa,53
not,52
press,51
ancient,51
period,51
both,51
their,50
during,50
crops,49
east,49
e,48
third,48
southern,47
such,44
social,44
indus,44
time,44
important,42
date,41
along,41
role,41
university,40
k,40
harappan,40
t,39
while,39
well,38
other,38
exchange,38
species,38
they,37
egypt,37
than,37
coast,37
contact,36
journal,36
much,36
holocene,35
its,35
punt,34
asia,33
regions,33
activities,33
local,33
monsoon,32
most,32
mesopotamia,32
communities,32
see,32
perhaps,32
like,32
earliest,32
remains,32
major,32
shell,31
fuller,31
egyptian,31
l,30
would,30
prehistory,30
fig,29
site,29
emergence,29
societies,29
cattle,29
asian,29
agricultural,29
uae,28
g,28
near,28
around,28
finds,28
ras,28
b,28
systems,28
can,28
cultivation,28
h,27
neolithic,27
tosi,27
iron,27
mesopotamian,27
ubaid,27
only,27
boats,27
through,27
agriculture,26
india,26
suggest,26
second,26
proceedings,26
suggests,26
one,25
history,25
development,25
dates,25
found,25
ocean,25
including,25
later,24
western,24
into,24
potts,24
had,24
research,24
f,24
spread,24
seafaring,24
middle,24
areas,23
present,23
archaeobotanical,23
over,23
recent,23
sources,22
i,22
inland,22
human,22
networks,22
further,22
appears,22
change,22
economic,22
clear,22
although,22
central,21
incense,21
data,21
northern,21
valley,21
studies,20
seems,20
activity,20
de,20
regional,20
cleuziou,20
desert,20
distribution,20
wild,20
north,20
use,19
production,19
earlier,19
west,19
phase,19
back,19
no,19
origins,19
cultural,19
level,19
many,19
crop,19
patterns,19
current,19
wilkinson,19
domesticated,19
indicated,18
dilmun,18
boat,18
arab,18
rather,18
changes,18
w,18
prehistoric,18
origin,18
summer,18
played,18
wadi,18
stone,17
long,17
thus,17
clearly,17
international,17
fishing,17
part,17
presence,17
two,17
where,17
significant,17
obsidian,17
southwest,17
indicate,17
known,17
nile,17
likely,16
those,16
beyond,16
domestication,16
winter,16
settlement,16
still,16
culture,16
water,16
number,16
pottery,16
often,16
particularly,16
linked,16
goods,16
historical,16
large,15
key,15
resources,15
review,15
emirates,15
ceramics,15
based,15
fourth,15
q,15
least,15
populations,15
towards,15
sorghum,15
iran,15
associated,15
complex,14
exotic,14
possible,14
interior,14
civilization,14
across,14
animals,14
developments,14
items,14
edens,14
record,14
climatic,14
climate,14
limited,14
wind,14
cultivated,14
sixth,14
especially,14
land,14
seen,14
littoral,14
very,14
beginning,14
economy,14
became,14
area,14
interaction,14
southeastern,14
before,13
all,13
sp,13
via,13
ehistoric,13
dry,13
after,13
vigna,13
intensive,13
exploitation,13
horn,13
used,13
rise,13
wheat,13
few,13
society,13
less,13
tell,13
tihama,13
middens,13
oxford,13
up,13
focus,13
panicum,13
now,12
if,12
medieval,12
location,12
together,12
uerpmann,12
political,12
side,12
genetic,12
parts,12
mery,12
impact,12
textile,12
levant,12
broad,12
trading,12
textual,12
wider,12
indicates,12
movement,12
end,12
ethiopia,12
years,12
possehl,12
made,12
lake,12
contacts,12
conditions,12
times,12
plant,12
hajar,12
continued,12
united,12
here,12
rainfall,12
n,12
particular,12
increased,12
umm,12
traditional,12
way,11
groups,11
source,11
magan,11
van,11
seventh,11
developed,11
direct,11
irrigation,11
several,11
subsequently,11
will,11
nubia,11
increasingly,11
vogt,11
available,11
ceramic,11
seminar,11
dating,11
saw,11
table,11
when,11
bahrain,11
our,11
quaternary,11
spice,10
gujarat,10
appear,10
per,10
overland,10
vegetation,10
state,10
marine,10
within,10
far,10
old,10
even,10
active,10
river,10
resource,10
cotton,10
focused,10
frankincense,10
fish,10
donkeys,10
millet,10
event,10
critical,10
identified,10
oasis,10
routes,10
palm,10
extended,10
so,10
connections,10
provide,10
millennia,10
analysis,10
half,10
domestic,10
sudan,10
animal,10
plants,10
prestige,10
transport,10
zebu,10
du,10
archaeobotany,10
materials,10
peninsular,10
potential,10
common,9
settlements,9
american,9
royal,9
cambridge,9
textiles,9
ratnagar,9
subsequent,9
sahara,9
lhar,9
context,9
marked,9
excavations,9
italiano,9
abraq,9
coasts,9
levels,9
argued,9
suggested,9
greater,9
could,9
though,9
explain,9
island,9
triticum,9
madella,9
progress,9
sum,9
moved,9
ii,9
make,9
about,9
under,9
civilisations,9
material,9
discussion,9
who,9
processes,9
zarins,9
increasing,9
transformations,9
began,9
la,9
evolution,9
whether,9
travel,9
until,9
abu,9
winds,8
essays,8
variety,8
lower,8
certainly,8
roman,8
imported,8
rich,8
system,8
case,8
botanical,8
series,8
egyptians,8
merchants,8
places,8
perspective,8
higher,8
donkey,8
derived,8
support,8
arid,8
established,8
moving,8
dispersal,8
domesticates,8
aridity,8
start,8
place,8
currents,8
mediterranean,8
highly,8
generally,8
led,8
absence,8
fifth,8
copper,8
already,8
picture,8
myrrh,8
pattern,8
ports,8
wood,8
upon,8
istituto,8
urbanism,8
general,8
antiquity,8
pearl,8
craft,8
attention,8
dalma,8
any,8
biagi,8
bin,8
what,8
institute,8
states,8
ships,8
texts,8
pakistan,8
technological,8
should,8
conference,8
yemeni,7
does,7
wooden,7
environmental,7
different,7
diffusion,7
pastoral,7
either,7
carter,7
potentially,7
hunting,7
last,7
eritrea,7
plain,7
o,7
implications,7
relatively,7
century,7
witnessed,7
whose,7
study,7
enabled,7
possibly,7
presumably,7
kuwait,7
midden,7
out,7
dynasty,7
population,7
wealth,7
artefacts,7
line,7
inferred,7
example,7
british,7
beginnings,7
surrounding,7
decline,7
preliminary,7
technology,7
bar,7
volume,7
power,7
consideration,7
ur,7
native,7
routledge,7
distance,7
range,7
food,7
kingdom,7
similar,7
lakes,7
rains,7
thar,7
high,7
obtained,7
v,7
beech,7
centuries,7
shift,7
small,7
complexity,7
natural,7
find,7
them,7
selected,7
comes,7
seasonal,7
reported,7
transition,7
come,7
numerous,7
value,7
given,7
livestock,7
zones,7
dynastic,6
northeast,6
introduction,6
needed,6
modern,6
amongst,6
contexts,6
might,6
did,6
help,6
uruk,6
ad,6
recorded,6
point,6
since,6
wengrow,6
southeast,6
mesolithic,6
main,6
les,6
subsistence,6
certain,6
distant,6
burials,6
just,6
view,6
indirect,6
kitchen,6
products,6
nubian,6
records,6
relative,6
upwelling,6
contrast,6
involved,6
archae,6
provided,6
periods,6
sail,6
coastline,6
barley,6
meluhha,6
chronology,6
marshall,6
light,6
noted,6
camel,6
science,6
instability,6
discussed,6
do,6
begin,6
model,6
relevant,6
predynastic,6
degree,6
understanding,6
radiocarbon,6
black,6
latter,6
become,6
mainly,6
referred,6
bicolor,6
eventually,6
hellyer,6
extensive,6
neighbouring,6
phillips,6
paper,6
report,6
akkadian,6
past,6
better,6
urban,6
commodities,6
ucl,6
question,6
trident,6
parallels,6
off,6
impacted,6
roughly,6
km,6
import,6
indicating,6
final,5
petraglia,5
der,5
baluchistan,5
names,5
expedition,5
harappans,5
blows,5
occurred,5
temple,5
predominantly,5
being,5
arrival,5
great,5
fresh,5
prior,5
reached,5
mid,5
sabir,5
relationships,5
southwestern,5
rhinoceros,5
parpola,5
turn,5
cases,5
mixed,5
genetics,5
traditions,5
identification,5
links,5
importance,5
factors,5
air,5
show,5
additional,5
lithic,5
undertaken,5
pennisetum,5
basin,5
ago,5
initial,5
fuel,5
equally,5
occupation,5
millets,5
scale,5
pollen,5
tihamah,5
basis,5
kerma,5
significantly,5
somali,5
approach,5
foci,5
core,5
paul,5
mesopotamians,5
geographical,5
emphasised,5
plateau,5
islands,5
museum,5
failaka,5
fauna,5
strategic,5
included,5
same,5
bitumen,5
locating,5
fact,5
diverse,5
farming,5
blench,5
project,5
classical,5
another,5
dispersals,5
largely,5
engaged,5
previous,5
harvey,5
open,5
significance,5
center,5
hopf,5
queen,5
nisbet,5
accordingly,5
adaptations,5
geography,5
sailing,5
mangrove,5
indication,5
note,5
sometimes,5
suggestive,5
itself,5
unclear,5
why,5
types,5
peoples,5
text,5
iii,5
awafi,5
lezine,5
seals,5
rose,5
terms,5
form,5
caspers,5
little,5
introduced,5
variability,5
shown,5
lands,5
datasets,5
course,5
include,5
miliaceum,5
green,5
sides,5
specific,5
eleusine,5
reade,5
difficult,4
charpentier,4
lchal,4
adoption,4
sphere,4
arabians,4
southwards,4
precursors,4
tengberg,4
walnut,4
kegan,4
suggesting,4
differences,4
able,4
archeologie,4
closer,4
faunal,4
watercraft,4
signs,4
con,4
u,4
iv,4
draw,4
tracing,4
costantini,4
due,4
expected,4
khalidi,4
humeid,4
competition,4
influence,4
phases,4
his,4
highlands,4
remain,4
megalithic,4
process,4
dukhn,4
means,4
archaeopress,4
flax,4
dated,4
vicia,4
hordeum,4
frequently,4
four,4
jars,4
linguistics,4
indications,4
rice,4
cut,4
charcoal,4
evolutionary,4
appearance,4
called,4
zone,4
glacial,4
embedded,4
varieties,4
burial,4
california,4
ed,4
saudi,4
impression,4
because,4
almost,4
spheres,4
work,4
depiction,4
civilisation,4
knowledge,4
indigenous,4
whole,4
people,4
entered,4
southerly,4
status,4
own,4
oriental,4
sense,4
below,4
distances,4
ward,4
ological,4
emerging,4
mil,4
sufficient,4
dramatic,4
peak,4
naboodah,4
roaf,4
eragrostis,4
reflected,4
favoured,4
gradual,4
synthesis,4
techniques,4
coracana,4
july,4
relationship,4
translocations,4
processing,4
swamp,4
falls,4
omani,4
ethnographic,4
iranian,4
reports,4
longer,4
aspect,4
mark,4
towns,4
addition,4
remarks,4
scholars,4
pastoralism,4
larger,4
took,4
adjacent,4
centre,4
euphrates,4
strategies,4
above,4
remained,4
bos,4
demonstrated,4
nonetheless,4
assemblages,4
sanil,4
survey,4
authors,4
dominated,4
good,4
supplying,4
contributions,4
parallel,4
cereals,4
european,4
perspectives,4
dashed,4
widespread,4
reason,4
originated,4
responsible,4
travelled,4
centres,4
fields,4
school,4
exchanged,4
kahlheber,4
linum,4
intensification,4
must,4
geographic,4
flora,4
cuneiform,4
terrestrial,4
close,4
cultures,4
expanding,4
global,4
innovations,4
seem,4
down,4
scenario,4
expeditions,4
tef,4
galbraith,4
then,4
ar,4
shifts,4
advances,4
unlikely,4
commiphora,4
unique,4
cause,4
kallweit,4
extent,4
her,4
secure,4
des,4
vessels,4
trees,4
arabic,4
despite,4
echal,4
lablab,4
phoenix,4
mature,4
shores,4
models,4
durrani,4
argues,4
grown,4
consumption,4
socially,4
need,4
saar,4
regular,4
facey,4
day,4
archaic,4
era,4
substantial,4
indicus,4
ca,4
occur,4
moulins,3
miller,3
currently,3
pearson,3
frequent,3
limits,3
institut,3
radiata,3
altamira,3
represent,3
implies,3
distributed,3
coastlines,3
shoreline,3
spoor,3
cattani,3
putative,3
horton,3
bifacial,3
boivin,3
aceramic,3
position,3
aromatics,3
subcontinent,3
domes,3
princeton,3
diversity,3
oryza,3
oceania,3
mangroves,3
highlighted,3
sneoiiia,3
finger,3
humans,3
emerged,3
qasr,3
best,3
shaped,3
europe,3
route,3
tradition,3
highland,3
right,3
analyses,3
producing,3
varisco,3
fruits,3
studied,3
take,3
expansion,3
periplus,3
shepherd,3
decreased,3
china,3
el,3
existence,3
harris,3
geochemical,3
eastwards,3
account,3
quantities,3
shared,3
reaching,3
move,3
glaucum,3
except,3
exchanges,3
sesamum,3
hudson,3
dotted,3
component,3
mccreary,3
quality,3
intensifying,3
tables,3
medio,3
neighbours,3
adopted,3
occurs,3
cf,3
co,3
emerges,3
kind,3
dis,3
macrotyloma,3
nor,3
selection,3
simpson,3
refer,3
highest,3
response,3
sanganakallu,3
served,3
suitable,3
undertaking,3
storage,3
seal,3
communication,3
apparently,3
wet,3
disruptions,3
encyclopedia,3
poorly,3
interesting,3
simultaneously,3
didwana,3
ka,3
without,3
recherches,3
paithan,3
mungo,3
how,3
lie,3
basic,3
hallur,3
players,3
goes,3
landscapes,3
elements,3
circulated,3
civilizations,3
locally,3
objects,3
specialization,3
elsewhere,3
kunal,3
reviewed,3
emmer,3
upper,3
unguiculata,3
graphic,3
powerful,3
definite,3
asensi,3
shifted,3
pleistocene,3
palaeolake,3
helped,3
raw,3
result,3
access,3
cylinder,3
deir,3
narrow,3
emerge,3
featured,3
base,3
nium,3
acquiring,3
buried,3
produced,3
excellent,3
chal,3
required,3
wide,3
heavily,3
possibility,3
network,3
literature,3
isotope,3
imports,3
prized,3
prominent,3
hili,3
apparent,3
intermediate,3
issues,3
partly,3
warburton,3
structures,3
kings,3
reflect,3
il,3
systematic,3
mccorriston,3
horizon,3
depicting,3
jubabat,3
useful,3
indicators,3
incipient,3
bridge,3
starting,3
always,3
en,3
results,3
plausible,3
appropriate,3
bokonyi,3
macdonald,3
setaria,3
luxuries,3
scarre,3
chronological,3
archaeozoological,3
approximate,3
foragers,3
neer,3
various,3
mechanisms,3
tropical,3
etc,3
abrupt,3
agustdottir,3
ware,3
religious,3
parker,3
shajan,3
continuation,3
pacific,3
asiatic,3
thames,3
us,3
hilly,3
neither,3
smith,3
falaj,3
supplied,3
outlined,3
department,3
stones,3
eridu,3
lack,3
rhizophora,3
boswellia,3
zohary,3
similarly,3
specialisation,3
growth,3
harbours,3
riverine,3
anthro,3
contemporary,3
away,3
external,3
simple,3
ages,3
nabta,3
existing,3
empire,3
flint,3
fao,3
di,3
engagement,3
private,3
technologies,3
importation,3
situated,3
lost,3
sneoiv,3
pulses,3
deserts,3
brachiaria,3
traded,3
sudanic,3
questions,3
hunted,3
historic,3
modem,3
points,3
taphonomic,3
cappers,3
axum,3
mountain,3
administrative,3
probable,3
millen,3
agri,3
tree,3
greatly,3
shallow,3
depictions,3
hi,3
availability,3
wells,3
rojdi,3
suwayh,3
sur,3
investigations,3
rarity,3
ganges,3
kush,3
islamic,3
estremo,3
foreign,3
tepe,3
reasonable,3
lines,3
dimensions,3
sequences,3
qunf,3
construction,3
archaeozoology,3
association,3
carnelian,3
equid,3
pp,3
anthropological,3
actually,3
growing,3
mentioned,3
changing,3
extending,3
continues,3
symbolic,3
woody,3
precise,3
alternative,3
cemetery,3
argue,3
infer,3
examining,3
living,3
edge,3
according,3
making,3
rising,3
nearby,3
monsoonal,3
adaptation,3
migrations,3
information,3
art,3
involving,3
outline,3
prerogative,3
exhibit,3
devel,3
proper,3
botany,3
mention,3
westwards,3
purpureus,3
frontiers,3
decrease,3
morphological,3
socotra,3
documentation,3
chad,3
pirak,3
hayt,3
sumatrense,3
offered,3
supported,3
meeks,3
mason,3
themselves,3
elites,3
hills,3
orientate,3
deposits,3
maximum,3
northwestern,3
famous,3
building,3
broader,3
linen,3
hypothesis,3
explosion,2
books,2
mostly,2
rate,2
metal,2
fabre,2
oriented,2
erythraean,2
ethiopian,2
durum,2
fertile,2
multiple,2
correlations,2
stalagmite,2
northernmost,2
sanghol,2
latitudinal,2
saurasthra,2
albeit,2
disc,2
linguistic,2
glimpses,2
expect,2
group,2
reflection,2
kinds,2
rites,2
specialist,2
english,2
ways,2
remnants,2
marawah,2
sativum,2
paradigms,2
ibh,2
candidate,2
considerations,2
naqada,2
qanat,2
dhofar,2
rmllennium,2
kew,2
jauz,2
arrived,2
allchin,2
turning,2
round,2
quirke,2
jesse,2
hence,2
burseraceae,2
preceding,2
helms,2
give,2
taken,2
meters,2
concentrated,2
season,2
dhar,2
nature,2
editions,2
reach,2
moulherat,2
individuals,2
leading,2
hourani,2
accompanied,2
display,2
reasons,2
indeed,2
jewellery,2
link,2
sumer,2
molecular,2
onto,2
lanatus,2
renfrew,2
cowpea,2
nil,2
wuttaya,2
precisely,2
robert,2
baraqish,2
papyrus,2
complicated,2
somewhat,2
gileadensis,2
crassard,2
issue,2
mersa,2
episodes,2
tuna,2
reefs,2
citrullus,2
bones,2
facts,2
eurasia,2
greenland,2
intriguing,2
africanus,2
vol,2
porter,2
isotopic,2
whom,2
paucity,2
powers,2
mobilizing,2
obvious,2
apart,2
shellfish,2
bowls,2
undoubtedly,2
correlation,2
gnoli,2
prevented,2
engage,2
gujarati,2
sign,2
sneoiiib,2
funded,2
exist,2
implements,2
differential,2
mbida,2
difficulties,2
resins,2
dynamics,2
fragrant,2
mm,2
village,2
borderlands,2
spinning,2
mehrgarh,2
concentrations,2
orbital,2
specialised,2
attested,2
eurasian,2
ray,2
barrier,2
memoriae,2
resin,2
dence,2
hather,2
z,2
palaeolithic,2
barbar,2
adam,2
distinct,2
par,2
innovation,2
zebus,2
savannas,2
characterised,2
serving,2
lanciotti,2
diococcum,2
mleiha,2
allowing,2
bone,2
drawn,2
remarkably,2
voyaging,2
pokharia,2
lens,2
supplanted,2
crawford,2
achaemenid,2
melo,2
bela,2
poznan,2
occasional,2
palaeolakes,2
selectively,2
urbanised,2
operation,2
go,2
ably,2
wendorf,2
absent,2
impetus,2
square,2
tectonic,2
environments,2
explicitly,2
muweilah,2
probability,2
connected,2
cucumis,2
vinifera,2
oases,2
disintegration,2
jebel,2
navigation,2
scrub,2
symbols,2
cave,2
lacking,2
discoveries,2
productive,2
consequences,2
gathering,2
pistacia,2
references,2
hildebrand,2
marks,2
consider,2
spreading,2
edition,2
roma,2
traces,2
qatar,2
northeastern,2
too,2
benefited,2
orientation,2
alta,2
submerged,2
isolation,2
followed,2
organisation,2
painted,2
puts,2
gence,2
strategy,2
providing,2
stands,2
osteological,2
whereas,2
sedi,2
closely,2
came,2
kennedy,2
suomalainen,2
ethnography,2
lapis,2
copal,2
interactive,2
erosion,2
das,2
une,2
oil,2
stats,2
against,2
gradually,2
madagascar,2
cates,2
relate,2
symbolically,2
extinct,2
radiometric,2
tilemsi,2
term,2
zooarchaeological,2
traced,2
aromatic,2
settar,2
recently,2
bituminous,2
gupta,2
otherwise,2
vartavan,2
method,2
tracking,2
arundinaceum,2
oxcal,2
flavin,2
memory,2
receive,2
expensive,2
aspects,2
hierarchies,2
directly,2
uispp,2
having,2
botanically,2
meroe,2
degrees,2
relief,2
intense,2
statehood,2
preferred,2
phillipson,2
brought,2
lunde,2
favourable,2
story,2
occupants,2
related,2
vitis,2
homeland,2
revealed,2
staubwasser,2
aestivum,2
year,2
overview,2
consistently,2
older,2
discussions,2
schild,2
seasonally,2
savannah,2
perishable,2
somewhere,2
herding,2
showing,2
tritucum,2
appetites,2
interpreted,2
subspecies,2
strengthened,2
trends,2
attributed,2
clarified,2
creating,2
engravings,2
punctuated,2
indi,2
khor,2
working,2
field,2
rhizophoraceae,2
le,2
piklihal,2
sharp,2
quite,2
reconstructions,2
reed,2
prob,2
mitchell,2
habitation,2
palaeoclimatic,2
soil,2
zambesiaca,2
spices,2
nization,2
methodological,2
treasures,2
annual,2
coastally,2
london,2
weiss,2
jordan,2
st,2
moist,2
abydos,2
und,2
notes,2
kodumanal,2
triangular,2
ervilia,2
balm,2
garnered,2
therefore,2
bhokardan,2
oriente,2
noteworthy,2
situation,2
ceremonial,2
middlemen,2
architecture,2
mysterious,2
lesser,2
israel,2
short,2
located,2
overall,2
comparative,2
seasons,2
classic,2
langhe,2
planks,2
vulgare,2
colloquia,2
suq,2
interactions,2
korisettar,2
protoliterate,2
bread,2
vollesen,2
once,2
hadhramaut,2
listed,2
depicted,2
simultaneous,2
relied,2
yet,2
elaboration,2
interpretation,2
cfq,2
reference,2
represents,2
pendant,2
continuity,2
restricted,2
ghana,2
lowland,2
naval,2
demonstrates,2
orientale,2
insights,2
odds,2
palms,2
palaeo,2
warranted,2
opment,2
fairly,2
inhabitants,2
walled,2
skill,2
heritage,2
fell,2
think,2
again,2
hureyra,2
academy,2
pointed,2
put,2
hydrological,2
underestimated,2
husbandry,2
bordering,2
occurrence,2
instituto,2
appeared,2
dicata,2
identity,2
understandable,2
feasting,2
doubt,2
variation,2
starkey,2
fragments,2
depict,2
never,2
outside,2
promoted,2
likelihood,2
mali,2
everyday,2
formations,2
employed,2
increases,2
neolithique,2
phytoliths,2
purposes,2
timing,2
accepted,2
council,2
input,2
deep,2
real,2
kobusiewicz,2
northerly,2
ticularly,2
lunkaransar,2
multidisciplinary,2
bulletin,2
thousands,2
botanic,2
sealing,2
considering,2
karkarichinkat,2
farther,2
riehl,2
teka,2
trajectory,2
previously,2
increase,2
maris,2
samples,2
culinaris,2
findings,2
controlling,2
sinapsis,2
provenience,2
rethinking,2
rivers,2
ethnic,2
continue,2
examination,2
shortly,2
advantages,2
described,2
manohar,2
man,2
low,2
perimeter,2
wheats,2
tication,2
nema,2
discovered,2
three,2
myrrha,2
counter,2
individual,2
staple,2
dactyliferal,2
allowed,2
characterized,2
burgan,2
huts,2
explanation,2
gauthier,2
lag,2
levantine,2
abundant,2
martin,2
construct,2
valued,2
graves,2
ficus,2
labour,2
promote,2
neumann,2
conduits,2
murray,2
coral,2
raybun,2
relation,2
schott,2
respectively,2
blackwell,2
upwellings,2
equus,2
wati,2
slightly,2
atlas,2
walsh,2
controversial,2
amoros,2
greek,2
dravidian,2
sharjah,2
corridor,2
division,2
dhamar,2
hadramawt,2
separate,2
rift,2
sesame,2
discussing,2
aus,2
iranica,2
today,2
voyages,2
mixture,2
maret,2
variously,2
lennium,2
pieces,2
hill,2
primarily,2
sauer,2
spp,2
directions,2
relations,2
detailed,2
playa,2
pisum,2
oppenheim,2
taddei,2
bat,2
ramses,2
respect,2
commemoration,2
tapping,2
occupies,2
meant,2
fibre,2
stable,2
considered,2
cicer,2
landmass,2
shaw,2
perur,2
puntite,2
ash,2
eg,2
saurashtra,2
mann,2
mercantile,2
rosen,2
rumeilah,2
giraffe,2
demonstrate,2
simply,2
legge,2
theme,2
avena,2
trapped,2
wright,2
kumar,2
sabean,2
nomadism,2
orientalia,2
lambeck,2
cover,2
flow,2
continental,2
control,2
each,2
stamp,2
melt,2
saraswat,2
tomb,2
sheep,2
indicum,2
sativa,2
mira,2
exploration,2
capital,2
incorporating,2
gosden,2
emirate,2
hassan,2
mcdonald,2
build,2
cities,2
distinctive,2
las,2
closest,2
sealinks,2
pushing,2
bean,2
surpluses,2
commodity,2
sinai,2
genera,2
usitatissimum,2
reign,2
yielded,2
boast,2
add,2
contrasting,2
map,2
domesticate,2
frifelt,2
zanzibar,2
founder,2
interpreting,2
jizan,2
waters,2
densities,2
utilitarian,2
weights,2
hyacinth,2
tip,2
rock,2
episode,2
port,2
presented,2
occasionally,2
careful,2
city,2
frescoes,2
prevalent,2
disciplines,2
agents,2
haja,2
investigated,2
superior,2
terminal,2
among,2
formation,2
bear,2
background,2
travelling,2
stratification,2
emer,2
contributed,2
gasse,2
integrated,2
smaller,2
chronologies,2
introgression,2
derive,2
oldest,2
stark,2
classification,2
agrarian,2
summary,2
anonymous,2
harappa,2
tiedeakatemia,2
vessel,2
interdisciplinary,2
keneb,2
afield,2
debate,2
inamgaon,2
element,2
develop,2
arientinum,2
uk,2
monographs,2
built,2
deeper,2
ganga,1
countryside,1
mortuary,1
intimately,1
dung,1
ments,1
modelling,1
mineralized,1
margins,1
amulets,1
sardud,1
babor,1
bandar,1
eshnunna,1
gronigen,1
calibrated,1
alley,1
polish,1
residing,1
estimated,1
soleb,1
humaines,1
holder,1
car,1
planted,1
implying,1
substances,1
meaning,1
los,1
dorian,1
commentary,1
tion,1
pearling,1
koshikallio,1
akten,1
tropics,1
expand,1
mucronata,1
meteorological,1
toolkit,1
separated,1
judging,1
culminated,1
decades,1
pinhasi,1
asiatics,1
affected,1
puted,1
extend,1
introductions,1
accords,1
resistence,1
college,1
mysteries,1
uplands,1
arrive,1
dizur,1
tracked,1
pragdhara,1
originating,1
intersect,1
mountains,1
pradesh,1
diffusions,1
carswell,1
mar,1
utility,1
originate,1
thriving,1
cosmological,1
unevenly,1
canopy,1
forcing,1
entirely,1
contemporaneous,1
otolith,1
salha,1
ege,1
becoming,1
reinforce,1
belts,1
larly,1
replaced,1
he,1
touched,1
mounted,1
hypothesises,1
drastically,1
mobility,1
reassessment,1
prime,1
sought,1
stays,1
kuwaiti,1
merged,1
locked,1
diversification,1
linkages,1
catalysts,1
fibres,1
dialectics,1
flowering,1
true,1
coltivazione,1
continent,1
strictly,1
peaks,1
theban,1
kassite,1
bias,1
contend,1
transportation,1
competence,1
proxy,1
upheaval,1
compilation,1
veerapruam,1
prehminary,1
exotica,1
accentuate,1
vosmer,1
nord,1
odyssey,1
nostrils,1
navigational,1
residues,1
deny,1
shimal,1
reduced,1
geometric,1
committee,1
connah,1
classify,1
ulrich,1
khawlan,1
stan,1
total,1
wies,1
stretches,1
sindh,1
oates,1
accentuated,1
assisted,1
onset,1
pots,1
regime,1
bp,1
something,1
assume,1
asmara,1
track,1
descriptions,1
annals,1
john,1
steppe,1
typologically,1
permitted,1
entary,1
hints,1
shadow,1
journeys,1
roli,1
passive,1
vocabulary,1
har,1
file,1
consistent,1
ouest,1
kohl,1
kenoyer,1
unearthed,1
anatolian,1
familiarity,1
krzyzaniak,1
gaur,1
every,1
torical,1
grapes,1
expands,1
letters,1
topographic,1
imprints,1
creation,1
localities,1
dearborn,1
importing,1
sedentarisation,1
interests,1
inconceivable,1
lustre,1
agypten,1
surdud,1
sundaresh,1
controlled,1
repertoire,1
steady,1
gautier,1
military,1
dition,1
ecssr,1
enables,1
planting,1
rush,1
sub,1
harrower,1
utilization,1
rare,1
makran,1
savanna,1
dilmoun,1
action,1
fragmentary,1
advanced,1
vorderund,1
behre,1
qaiwain,1
words,1
parties,1
confirmed,1
coating,1
eration,1
sokhta,1
book,1
height,1
affinities,1
attractive,1
ceramiques,1
mau,1
belong,1
broadly,1
sedimentation,1
assertion,1
correspondingly,1
firm,1
uncharred,1
hardwoods,1
farmers,1
specular,1
vegetale,1
follows,1
disappearance,1
transporting,1
reveal,1
heinrich,1
kuper,1
genus,1
scheme,1
connection,1
resulting,1
harrassowitz,1
scheduled,1
cnrs,1
deemed,1
introduces,1
tuddi,1
feature,1
independent,1
hodeidah,1
fishhooks,1
hoard,1
consist,1
condiments,1
mind,1
dependence,1
ually,1
dattero,1
stand,1
influences,1
erc,1
primitive,1
stayed,1
principal,1
corroborate,1
roster,1
bis,1
grad,1
declines,1
behind,1
personnel,1
curtis,1
visibility,1
contents,1
similarities,1
piper,1
egyptological,1
depends,1
cote,1
kobashi,1
muziris,1
nearer,1
senuwar,1
wetter,1
procured,1
gilead,1
ltd,1
tasnif,1
parzinger,1
suspect,1
harpercollins,1
adrian,1
arise,1
budihal,1
verlag,1
markers,1
assyria,1
umweltgeschichte,1
eventual,1
assertions,1
tahaf,1
bird,1
primary,1
mangudi,1
proxies,1
hall,1
ventures,1
originates,1
climatique,1
design,1
zur,1
gardens,1
discrepancies,1
secondary,1
responses,1
capable,1
greg,1
obotany,1
dried,1
associ,1
borderland,1
soils,1
lombard,1
herded,1
pursue,1
sumption,1
mutual,1
october,1
intensively,1
kub,1
vital,1
dataset,1
hobart,1
harbour,1
combination,1
desired,1
say,1
pigeon,1
reflecting,1
twelfth,1
khuzestan,1
palaeoethnobotanical,1
diffused,1
rying,1
quantity,1
unexpectedly,1
dynamic,1
chart,1
unconfirmed,1
reconstruction,1
caibc,1
bailey,1
constrained,1
mingle,1
ritual,1
minimum,1
grigson,1
beneath,1
undergone,1
sweet,1
differing,1
fills,1
collection,1
palaeoecological,1
sheltered,1
keagan,1
easterly,1
caprine,1
localized,1
rainfed,1
niger,1
framework,1
narhan,1
tribute,1
regarding,1
vides,1
boccard,1
arena,1
chemi,1
carteri,1
pen,1
centralized,1
organised,1
includes,1
crossing,1
regularly,1
nicholson,1
ice,1
collapse,1
buccellati,1
tending,1
strasser,1
kermaique,1
passing,1
historically,1
integral,1
influx,1
blades,1
delimit,1
explained,1
eponymous,1
curzon,1
inner,1
yang,1
depressions,1
gulfs,1
hierarchy,1
connan,1
circulation,1
omanis,1
interest,1
ethnohistorical,1
wwwarkeologiuuse,1
traps,1
regarded,1
gujaratis,1
dosariyah,1
allure,1
buncle,1
naursharo,1
tichitt,1
raises,1
icono,1
ekstrom,1
fattovich,1
bahri,1
considerazioni,1
highlighting,1
discerning,1
khord,1
application,1
works,1
jr,1
somalia,1
speculated,1
ease,1
taurine,1
type,1
aegyptiaca,1
wadis,1
tucci,1
humped,1
nities,1
funds,1
xvtj,1
buddhism,1
bulls,1
amarna,1
sed,1
manufactured,1
destroyed,1
symposium,1
cultic,1
raunig,1
alik,1
vom,1
revitalisation,1
urbanisation,1
sized,1
palaeoclimates,1
causing,1
mover,1
lebanese,1
awad,1
channels,1
houses,1
complete,1
bihar,1
bhagimohari,1
phd,1
groningen,1
attests,1
cameroon,1
compared,1
kinship,1
achaemenids,1
inadequately,1
publications,1
nev,1
sargonic,1
price,1
compare,1
chanchala,1
bronk,1
weight,1
barnett,1
y,1
plos,1
tend,1
terrace,1
impressed,1
geographically,1
stimulating,1
tdrok,1
reunited,1
skins,1
frisch,1
details,1
libyan,1
luzac,1
civilizing,1
sister,1
palaeoenvironmental,1
climates,1
roubet,1
traits,1
botanique,1
enrich,1
columns,1
acknowledge,1
competitive,1
translocal,1
tegyptologie,1
ment,1
turkmeni,1
barth,1
cowry,1
munchen,1
principalities,1
electrum,1
kot,1
navigable,1
aim,1
textually,1
poor,1
downright,1
transhumance,1
bellwood,1
potsherds,1
sinclair,1
acculturation,1
reconstructed,1
hawa,1
cimetiere,1
kharfb,1
shipping,1
database,1
added,1
hanotte,1
bull,1
cally,1
centred,1
plotted,1
mexico,1
following,1
corriston,1
etched,1
lesur,1
improved,1
underway,1
subr,1
ba,1
bring,1
redress,1
traffic,1
xciil,1
managing,1
versity,1
rangpur,1
illustration,1
smoking,1
fleitman,1
funeraires,1
ebony,1
skirted,1
transfers,1
rohira,1
sw,1
dangers,1
tamian,1
advertise,1
umbruch,1
munro,1
waterproof,1
romance,1
elsevier,1
opportunity,1
repertoires,1
annales,1
humanity,1
grew,1
viewed,1
refilled,1
entre,1
future,1
aquatic,1
creek,1
gratefully,1
scales,1
sul,1
meluhhan,1
lay,1
summarized,1
aksumite,1
laying,1
kingdoms,1
strate,1
augmented,1
crise,1
cairns,1
barnacle,1
okpoko,1
supposed,1
mesorxtfamia,1
alcuni,1
onwards,1
broomcorn,1
webster,1
subsis,1
straits,1
understand,1
downward,1
category,1
acquisition,1
helsinki,1
interspersed,1
facilitated,1
immigrant,1
sidiary,1
fishbones,1
lin,1
biased,1
seland,1
supports,1
gional,1
greeks,1
cocos,1
foothills,1
calcutta,1
jacks,1
seas,1
familiar,1
breeds,1
louise,1
slowly,1
serviced,1
seeing,1
acculturated,1
trovers,1
fisheries,1
wrecked,1
driven,1
sahelian,1
accrued,1
geophysical,1
dixon,1
harvested,1
methodist,1
oueili,1
kazi,1
displays,1
desirability,1
plaster,1
chaines,1
ards,1
pebble,1
solid,1
metals,1
saharan,1
malek,1
woodlands,1
jacobson,1
foothill,1
rivae,1
delta,1
recovered,1
methods,1
remi,1
jiddah,1
surface,1
keay,1
polar,1
concerning,1
lumps,1
kutch,1
linkage,1
sinks,1
indonesia,1
evaluation,1
testament,1
tacts,1
muza,1
boundary,1
decisive,1
footprints,1
instance,1
utah,1
signification,1
answers,1
affair,1
partway,1
seagoing,1
theory,1
mammalian,1
silt,1
syntheses,1
protohistory,1
sabaean,1
projected,1
contrary,1
export,1
coincide,1
preference,1
uptake,1
management,1
bisects,1
translocation,1
trajectories,1
plausibly,1
ha,1
thrust,1
kenya,1
cultivating,1
yasuda,1
puzzle,1
matching,1
experimentation,1
seafarers,1
lieu,1
antiquaries,1
acceptable,1
acceleration,1
lead,1
petra,1
societe,1
questioned,1
corridors,1
italica,1
bearing,1
deltas,1
ldsld,1
einkorn,1
formulations,1
esquillees,1
tavila,1
histories,1
medicine,1
opposing,1
rule,1
begun,1
tories,1
search,1
traditionally,1
houghton,1
arabs,1
temptation,1
mapping,1
relating,1
effort,1
behavioral,1
centers,1
conspicuous,1
nutrients,1
quarterly,1
pindara,1
changed,1
demands,1
gations,1
necklace,1
changement,1
sedentary,1
destined,1
guistics,1
intermediary,1
cemetary,1
hopkins,1
poplin,1
eu,1
noting,1
taurus,1
luxury,1
planetary,1
compartmented,1
accompany,1
hieronkopolis,1
brill,1
interpretations,1
testimony,1
prehistories,1
nutrient,1
im,1
representative,1
favouring,1
ara,1
respects,1
bead,1
fishery,1
horse,1
academic,1
phytoplankton,1
valbelle,1
dentalia,1
left,1
intervening,1
camels,1
kiseiba,1
enzel,1
neighboring,1
mackay,1
standardized,1
hormos,1
chinese,1
library,1
salvatori,1
technical,1
mun,1
displayed,1
hinterland,1
reviews,1
culinary,1
anderson,1
ethnically,1
keywords,1
mediated,1
leonard,1
hindi,1
lightfoot,1
residential,1
intensity,1
northwards,1
cannot,1
suffered,1
younger,1
mhar,1
phological,1
olijdam,1
hypothetical,1
procedures,1
burners,1
confirmation,1
ivb,1
decreases,1
granite,1
bow,1
foodprints,1
gahabah,1
necessities,1
hay,1
colonies,1
meluhhans,1
structure,1
creates,1
sedentism,1
oh,1
thebes,1
khamis,1
experiment,1
garments,1
shape,1
syria,1
errance,1
none,1
myos,1
participation,1
paleoenvironmental,1
seminal,1
timbo,1
artifacts,1
gebauer,1
romans,1
formerly,1
scope,1
bdellium,1
steep,1
aquifers,1
balkema,1
goncalves,1
relatives,1
carries,1
comprises,1
saharo,1
heart,1
theoretical,1
hoes,1
slabs,1
characterization,1
su,1
documenting,1
prosperous,1
contracts,1
bois,1
competing,1
badarian,1
arrowheads,1
palaeoethnobotany,1
clearer,1
studia,1
kaimur,1
domi,1
internationalen,1
thoughts,1
experiencing,1
caught,1
lai,1
ten,1
bowl,1
parameters,1
gossypium,1
incorporation,1
attracted,1
describe,1
foxtail,1
insola,1
skirt,1
postulated,1
expansive,1
pyramid,1
queens,1
collective,1
destination,1
imitations,1
relevance,1
falling,1
coinci,1
beads,1
operatoires,1
subse,1
dilmunite,1
fazzan,1
thereafter,1
demon,1
weisshaar,1
rotation,1
forces,1
tuljapur,1
jordanian,1
jarun,1
douglas,1
overviews,1
complemented,1
reverses,1
ultimately,1
reconstructing,1
conwy,1
skills,1
urn,1
concurrent,1
ali,1
mari,1
contradictions,1
sav,1
redistribution,1
mules,1
opments,1
researchers,1
feldman,1
thread,1
himalaya,1
bir,1
gateway,1
skipped,1
qanats,1
caution,1
computer,1
landmasses,1
huot,1
ratios,1
commerce,1
caused,1
mately,1
societes,1
nasr,1
forets,1
breaking,1
corresponds,1
staves,1
constituent,1
yahya,1
pearsall,1
suez,1
reinforces,1
drier,1
aggrandizement,1
straight,1
gebel,1
discuss,1
dictionary,1
archaeofaunas,1
dactylifera,1
please,1
pinned,1
encroached,1
stresses,1
barriers,1
claim,1
guweisis,1
belt,1
kenger,1
ernd,1
crescent,1
encompassing,1
rappans,1
separately,1
june,1
palma,1
migration,1
concerns,1
choose,1
revealing,1
migrating,1
grow,1
eh,1
hatshepsut,1
parvenus,1
industry,1
acts,1
msebeli,1
edwards,1
tage,1
attached,1
alluvial,1
flavour,1
latest,1
boundaries,1
workforce,1
seeds,1
widely,1
seeps,1
inte,1
temps,1
collapses,1
sylvestris,1
stratigraphy,1
visible,1
articulation,1
tracks,1
helene,1
dependent,1
haplotype,1
hulled,1
dil,1
regardless,1
dropping,1
roots,1
bananas,1
diminished,1
calcite,1
grateful,1
cairn,1
structuring,1
inhabiting,1
frankin,1
interruptions,1
drom,1
climaxing,1
ochre,1
figs,1
nation,1
fiber,1
avoid,1
gaz,1
infrequency,1
areca,1
archaeologists,1
marro,1
costen,1
span,1
llc,1
nesbitt,1
pertaining,1
horizons,1
squales,1
partially,1
disjunct,1
habitats,1
vermeer,1
banana,1
fly,1
deckers,1
thari,1
chains,1
resolution,1
papyrif,1
minor,1
coasting,1
archaeoentomological,1
libya,1
papyrifera,1
zeuner,1
rome,1
entitled,1
extrapolate,1
bringing,1
shedding,1
kushite,1
polished,1
impacts,1
husaini,1
runoff,1
rdiahfe,1
rams,1
kishd,1
tedious,1
separation,1
naidu,1
contrasted,1
palaeoecology,1
surprisingly,1
linden,1
bisected,1
play,1
modes,1
return,1
released,1
appreciate,1
postulation,1
probsthain,1
saba,1
prevailing,1
object,1
salting,1
rowley,1
converted,1
whatever,1
allen,1
temper,1
glaciers,1
precolonial,1
cultivar,1
threshing,1
echoing,1
expanded,1
orbit,1
comments,1
esse,1
onager,1
interrelations,1
initially,1
lb,1
perennial,1
frankfort,1
contra,1
saggi,1
biomass,1
roads,1
leftover,1
penguin,1
cloves,1
almanac,1
tends,1
direction,1
gadd,1
makkan,1
spectacular,1
ofkhawlan,1
biological,1
percentage,1
barkhuis,1
scarcity,1
edaries,1
frank,1
kuzucuoglu,1
dilman,1
archaeometric,1
uppsala,1
antica,1
cooney,1
advent,1
sciences,1
vegetables,1
vila,1
meanwhile,1
examined,1
opportunities,1
doe,1
revisiting,1
abhe,1
ceurto,1
makes,1
happened,1
wasson,1
thought,1
tablet,1
acknowledgments,1
esoteric,1
rain,1
array,1
ning,1
repair,1
mobile,1
lump,1
beek,1
erythraei,1
challenged,1
ne,1
termination,1
socio,1
tennial,1
thesis,1
index,1
speleothem,1
northwest,1
elevage,1
hands,1
tafrique,1
forays,1
participants,1
aydhab,1
fringes,1
ams,1
incenses,1
millenaire,1
positively,1
islam,1
continents,1
moment,1
hammamat,1
obsidians,1
watson,1
keeping,1
aux,1
lamps,1
giza,1
performed,1
lacked,1
skin,1
experimental,1
ichthyophagi,1
accelerated,1
cooke,1
expressed,1
largest,1
costs,1
wisconsin,1
monsoons,1
ia,1
lined,1
prehistoire,1
speaking,1
frameworks,1
strata,1
kulturtransfer,1
shaqadud,1
published,1
sketch,1
skeletons,1
asabia,1
spatially,1
sahel,1
humid,1
tengburg,1
mound,1
disappearing,1
funerary,1
della,1
name,1
ricanus,1
yayinlan,1
iosephi,1
fitzroy,1
invaders,1
segments,1
mundafan,1
lapse,1
bulk,1
stronger,1
popularity,1
mentions,1
scientifique,1
santa,1
toward,1
fin,1
others,1
negotiation,1
stalagamite,1
trapping,1
cetaces,1
deserves,1
deterioration,1
experienced,1
biblical,1
financial,1
release,1
shosou,1
ostsahara,1
efforts,1
communal,1
lahr,1
zeder,1
musa,1
faster,1
zeist,1
imlidihchal,1
idea,1
prakashan,1
coincidence,1
turner,1
overwhelming,1
shade,1
haute,1
foodstuffs,1
head,1
meadow,1
recurrent,1
relates,1
pressure,1
striking,1
foods,1
gested,1
dhuweila,1
clarendon,1
documented,1
compound,1
mountainous,1
abstract,1
qasir,1
witnesses,1
relict,1
cense,1
inevitably,1
mummy,1
enable,1
grave,1
daily,1
really,1
angeles,1
propel,1
richer,1
travaux,1
sabeans,1
mecca,1
demonstrating,1
urbanized,1
discharges,1
figurines,1
overwhelmingly,1
arthur,1
xcui,1
clason,1
astride,1
considerable,1
jorwe,1
fashion,1
tarut,1
seldom,1
sumerian,1
serious,1
hund,1
honor,1
channel,1
mai,1
boardman,1
tra,1
corrigendum,1
forms,1
fits,1
intercultural,1
shinde,1
ground,1
standardised,1
topped,1
free,1
gorges,1
haaland,1
branding,1
landscape,1
tsetse,1
continuing,1
developing,1
meso,1
entity,1
excavation,1
haft,1
non,1
orthodoxy,1
ziway,1
underscores,1
nafud,1
arabie,1
necessary,1
af,1
intepretations,1
laden,1
focusing,1
volatile,1
incursions,1
nevasa,1
characterise,1
woman,1
sabaeans,1
periodes,1
mance,1
discard,1
monopolised,1
frequency,1
serenson,1
style,1
chalcolithic,1
bhatkuli,1
siyal,1
hormuz,1
argument,1
website,1
risks,1
obsession,1
finucane,1
realize,1
identifiable,1
ecology,1
nicole,1
navigator,1
reminds,1
archeologiques,1
summers,1
imagine,1
riparian,1
representations,1
stringer,1
hedberg,1
becomes,1
exploring,1
sometime,1
vast,1
dissimilar,1
supplies,1
rulers,1
atlantic,1
survive,1
examples,1
birth,1
corroborated,1
alliance,1
reversed,1
accompanying,1
eighteenth,1
matthews,1
limitations,1
slaves,1
inscription,1
braudel,1
creep,1
socioeco,1
formal,1
delicate,1
enhanced,1
salabikh,1
transplantation,1
ucla,1
crafts,1
epigraphic,1
tewari,1
perfumes,1
warming,1
archeobotanique,1
encouraged,1
top,1
monumental,1
varying,1
rec,1
cropping,1
bears,1
waste,1
fed,1
complement,1
orographically,1
meroitica,1
additions,1
refers,1
web,1
avanzini,1
factor,1
contends,1
saruq,1
stilted,1
sequence,1
graines,1
reservoirs,1
net,1
catalyst,1
numbered,1
exhibited,1
immel,1
lifestyle,1
pack,1
recovery,1
protohistorique,1
watt,1
national,1
full,1
raising,1
macro,1
sees,1
traders,1
eight,1
improvements,1
infers,1
midamman,1
historiques,1
manning,1
washington,1
involves,1
underwent,1
diversites,1
massive,1
ties,1
qurm,1
meanings,1
earth,1
styles,1
lacustrine,1
uesugi,1
kulturen,1
peripheral,1
publication,1
tainous,1
language,1
obtaining,1
organized,1
documents,1
coppersmiths,1
decorated,1
comparisons,1
triade,1
determinist,1
magee,1
workers,1
conferred,1
shillington,1
objets,1
plains,1
divisions,1
cultivars,1
function,1
deeply,1
features,1
linens,1
causally,1
curve,1
austronesian,1
serves,1
uni,1
alism,1
colo,1
universitario,1
filled,1
tranquility,1
persistence,1
configurations,1
proximity,1
outermost,1
annas,1
palaeozoogeographical,1
narjii,1
provides,1
vaunted,1
rainbird,1
depic,1
ognition,1
jahrtausend,1
dant,1
shorthorned,1
garhi,1
artificial,1
harrasowitz,1
skull,1
perfume,1
unambiguous,1
origine,1
belief,1
written,1
stahl,1
regionalism,1
floral,1
remy,1
mining,1
painting,1
casson,1
chapel,1
constructing,1
fortification,1
viewpoint,1
mineralogy,1
hippalus,1
exported,1
mare,1
pro,1
garamantean,1
effect,1
wolff,1
sig,1
diversely,1
shala,1
remainder,1
ghareeb,1
concluding,1
seeking,1
ethnographically,1
capitalism,1
implication,1
looks,1
sug,1
erlandson,1
rainfalls,1
differ,1
divides,1
hunter,1
locales,1
oscillations,1
grain,1
versus,1
invented,1
seie,1
grating,1
tendency,1
gonnur,1
premiers,1
nomic,1
attend,1
joint,1
wildlife,1
adaptive,1
basically,1
quarter,1
anatolia,1
vertebrate,1
cen,1
inferior,1
minimally,1
thence,1
importer,1
tence,1
convincingly,1
pharaohs,1
attended,1
wheeler,1
troisieme,1
ushers,1
paleolithic,1
israeli,1
genesis,1
precession,1
haernick,1
space,1
ona,1
urbanising,1
lennia,1
asses,1
depth,1
fifty,1
dawn,1
luchistan,1
suggestion,1
assyrian,1
topography,1
autumn,1
imply,1
arc,1
abundance,1
osada,1
stems,1
dominates,1
intelligence,1
richest,1
integration,1
reviewer,1
lot,1
vink,1
george,1
vicissitudes,1
movements,1
mother,1
mu,1
crucial,1
lithiques,1
usually,1
hominin,1
maadi,1
betle,1
investi,1
tralasiatischer,1
ministry,1
atbara,1
fully,1
williams,1
employment,1
fcr,1
conch,1
wandel,1
cereal,1
insufficient,1
resumed,1
dragged,1
slow,1
outburst,1
trait,1
monuments,1
beneficiary,1
regu,1
batman,1
eichmann,1
aridification,1
reservoir,1
merchandise,1
malhar,1
visual,1
overlap,1
contribution,1
suggestions,1
reverted,1
nological,1
inadequate,1
rapidly,1
drechsler,1
shells,1
lucas,1
empires,1
expert,1
tigray,1
tylos,1
linking,1
kennett,1
life,1
nected,1
literacy,1
inspired,1
dans,1
shed,1
sailors,1
asinus,1
borrowings,1
existed,1
tapped,1
fall,1
moored,1
michael,1
hope,1
boyle,1
shikarpur,1
frontier,1
antiquities,1
dead,1
bypass,1
supporting,1
biotically,1
hunters,1
resurgent,1
hutchinson,1
paleoethnobotanical,1
get,1
attributions,1
rim,1
orient,1
zum,1
tronesian,1
consid,1
greener,1
lakeawafi,1
nevertheless,1
fruit,1
pressures,1
tributions,1
joseph,1
extensions,1
thick,1
forest,1
tribe,1
usai,1
genetical,1
matters,1
islamique,1
orga,1
claims,1
japonica,1
freshwater,1
timbers,1
sections,1
profumi,1
sampson,1
fossils,1
balout,1
ruddiman,1
ukma,1
thinking,1
lateen,1
proficiency,1
pepper,1
practice,1
oriyo,1
kantor,1
deccan,1
habitual,1
counterintuitive,1
lished,1
conclusion,1
shakoura,1
occurrences,1
ppnb,1
calendrical,1
conjunction,1
comparison,1
buhais,1
orlando,1
sneo,1
ever,1
economically,1
dave,1
egyptologists,1
characteristics,1
hojlund,1
bian,1
ghats,1
nated,1
kemp,1
ramsey,1
grazing,1
intensify,1
mesopo,1
merchantmen,1
masses,1
palace,1
proposes,1
southward,1
charles,1
advantage,1
corrections,1
dghmr,1
corals,1
muscat,1
drift,1
doi,1
sweden,1
jemdet,1
offers,1
colonialism,1
necessitates,1
emphasise,1
minerals,1
set,1
cautious,1
chasse,1
butler,1
aden,1
triad,1
vogel,1
singh,1
sardines,1
paolo,1
dimension,1
potamians,1
geomor,1
forschungen,1
maigret,1
bactria,1
veerapuram,1
partner,1
colonization,1
shroder,1
evolved,1
commonplace,1
fault,1
readily,1
protohistoric,1
environment,1
sewn,1
correspond,1
interre,1
dismantled,1
northward,1
worth,1
burnt,1
novel,1
transfer,1
contained,1
warms,1
commu,1
king,1
unambiguously,1
ivory,1
ample,1
altering,1
unknown,1
alexander,1
representation,1
agglomeration,1
sent,1
bania,1
irrigate,1
hadd,1
arte,1
sargon,1
intrusive,1
calibrate,1
momie,1
southernmost,1
fuelled,1
foundation,1
ideological,1
abbreviations,1
hinted,1
storia,1
grey,1
collins,1
obviously,1
loads,1
rely,1
strongly,1
wenig,1
matsumura,1
stilts,1
sanga,1
inference,1
oceangoing,1
artistic,1
differed,1
going,1
pygmies,1
thaw,1
overemphasised,1
placing,1
essentially,1
ramlat,1
admixture,1
disputes,1
tonnes,1
popescu,1
passage,1
qaiwan,1
urd,1
assessment,1
weber,1
reperti,1
evident,1
cra,1
berenike,1
subterranean,1
edifices,1
believed,1
cal,1
researching,1
blowing,1
jakarta,1
miri,1
william,1
nificant,1
scholarly,1
paleoecology,1
numbers,1
investigation,1
discharge,1
philip,1
implicit,1
ulti,1
stability,1
list,1
chro,1
mary,1
krzyzankiak,1
ppnc,1
zagros,1
differentiates,1
lengths,1
protective,1
writes,1
shall,1
ceased,1
act,1
tightly,1
beauv,1
ersten,1
supplemented,1
consisting,1
estab,1
foundations,1
periphery,1
obotanical,1
require,1
dark,1
serie,1
grades,1
qusheri,1
explored,1
synchronous,1
balance,1
frescos,1
agreed,1
sheba,1
chronometric,1
size,1
vorchristlichen,1
finished,1
eritrean,1
spaces,1
personal,1
marsa,1
emporium,1
bodies,1
boston,1
belfast,1
leopard,1
emergent,1
necessity,1
preserved,1
foley,1
evi,1
underappreciated,1
updated,1
itime,1
altered,1
biologically,1
disparate,1
ohio,1
slopes,1
cajanus,1
mughal,1
manual,1
productivity,1
ec,1
easy,1
mian,1
focal,1
ebla,1
gerzean,1
tried,1
postgate,1
investment,1
adapted,1
substance,1
arabes,1
harvesting,1
contribute,1
entrepreneurs,1
obtain,1
adoptions,1
illustrate,1
arguments,1
describes,1
colonial,1
puntites,1
winterhalder,1
phenomenon,1
belies,1
allows,1
maintained,1
evidenced,1
tall,1
sabloff,1
da,1
charda,1
deflects,1
player,1
voyage,1
coming,1
malabar,1
blooms,1
ein,1
varied,1
decked,1
tions,1
expense,1
iraq,1
contrasts,1
dominant,1
prepared,1
vasie,1
examinations,1
economie,1
ibrim,1
sihi,1
indiana,1
plying,1
soft,1
bacs,1
spring,1
conducive,1
sediments,1
turkey,1
locations,1
sntr,1
channelling,1
sailed,1
harper,1
difference,1
ence,1
ismeo,1
ritania,1
pennsylvania,1
average,1
observed,1
initiated,1
intensified,1
arrows,1
dromedary,1
ushered,1
herds,1
sud,1
exerted,1
chemical,1
summarised,1
catch,1
aware,1
mode,1
publishing,1
completed,1
avicennia,1
geoarchaeological,1
dangerous,1
olibanum,1
offer,1
sadr,1
instead,1
lawler,1
environnement,1
salt,1
optimizations,1
correlated,1
termi,1
define,1
enabling,1
uttar,1
specialists,1
physical,1
ramesside,1
persal,1
disintegrated,1
disruption,1
centrality,1
ghafour,1
prospect,1
playing,1
alloy,1
entombment,1
programme,1
locate,1
await,1
indonesian,1
moun,1
coastlands,1
extremely,1
faufal,1
bigger,1
foraging,1
kawa,1
ethnopharmacology,1
profits,1
observation,1
territories,1
carbon,1
kachi,1
ated,1
geomorphology,1
requires,1
assumed,1
ninth,1
certainty,1
horde,1
dromedar,1
compounded,1
sudanese,1
ensuring,1
codex,1
scholarship,1
corne,1
sherds,1
zen,1
chicago,1
terebinthus,1
momoan,1
hulas,1
tamil,1
enterprise,1
partial,1
oceans,1
create,1
turai,1
toponym,1
evidently,1
reconsideration,1
equipment,1
microliths,1
slowed,1
arose,1
sultan,1
ptolemies,1
re,1
immediately,1
seemed,1
strong,1
establishment,1
retrospect,1
wightii,1
abed,1
arnold,1
detriment,1
calibrations,1
meeting,1
afrikas,1
doing,1
keall,1
falaika,1
roles,1
axial,1
uncertain,1
locale,1
trajec,1
koroglu,1
koskikallio,1
depended,1
bce,1
gold,1
mesopota,1
praehistorica,1
heterogeneous,1
