WORDCOUNTS,WEIGHT
the,637
of,440
and,239
in,232
to,166
a,157
that,94
from,94
copper,94
as,87
for,76
at,72
metal,72
is,69
with,55
chalcolithic,54
this,52
have,47
production,42
evidence,42
southern,41
were,41
it,40
these,40
j,36
some,36
complex,35
are,35
was,33
been,33
by,30
new,30
has,29
more,29
shiqmim,29
there,28
or,28
also,28
nahal,27
found,25
sites,25
not,25
goods,25
levant,24
et,24
material,24
be,24
one,23
metallurgy,23
but,23
world,23
abu,23
cave,22
al,22
may,21
an,20
site,20
p,20
springer,20
on,20
such,19
their,19
technology,19
ore,18
prehist,18
which,18
metals,17
israel,17
smelting,17
archaeological,16
we,16
recent,16
used,15
about,15
questions,15
first,14
most,14
important,14
artifacts,14
where,14
made,14
analysis,14
all,13
excavations,13
t,13
had,13
its,13
jordan,13
ceramic,13
casting,13
would,13
ores,13
remains,13
other,12
industry,12
finds,12
arsenic,12
use,12
while,12
matar,12
though,11
data,11
small,11
castings,11
e,10
they,10
village,10
studies,10
into,10
s,10
within,10
fig,10
hoard,10
during,10
shalev,10
us,10
two,10
archaeometallurgical,10
can,10
mishmar,10
sources,9
how,9
form,9
appear,9
hauptmann,9
part,9
materials,9
make,9
metallurgical,9
fragments,9
levy,9
often,9
known,9
whether,9
when,9
suggests,9
our,9
between,9
imported,8
composition,8
i,8
levantine,8
no,8
process,8
similar,8
study,8
discoveries,8
lead,8
isotope,8
faynan,8
journal,8
yet,8
many,8
fact,8
golden,8
region,8
trade,8
discovered,8
anatolia,8
negev,8
exploration,8
what,8
must,8
area,8
early,8
should,8
m,7
room,7
y,7
than,7
university,7
age,7
burial,7
appears,7
r,7
shugar,7
several,7
time,7
perhaps,7
over,7
just,7
come,7
d,7
difficult,6
now,6
represent,6
source,6
either,6
wax,6
seems,6
throughout,6
items,6
industries,6
tel,6
objects,6
suggested,6
distribution,6
could,6
well,6
brought,6
around,6
yielded,6
society,6
limited,6
culture,6
assemblage,6
local,6
understanding,6
examples,6
crucibles,6
like,6
period,6
mines,6
elaborate,6
northern,6
sometimes,6
who,6
lost,6
earliest,6
any,6
goren,6
institute,6
finished,6
question,6
chemical,6
way,5
groups,5
group,5
stone,5
contexts,5
gilat,5
lower,5
antimony,5
location,5
possible,5
development,5
de,5
levels,5
buried,5
produced,5
tombs,5
place,5
people,5
long,5
artifact,5
working,5
order,5
research,5
press,5
likely,5
ancient,5
included,5
light,5
addition,5
end,5
pattern,5
forms,5
moulds,5
manufactured,5
evolution,5
clear,5
earlier,5
methods,5
mainly,5
workshop,5
iran,5
usually,5
qanah,5
seen,5
contained,5
precise,5
did,5
presence,5
prestige,5
installations,5
produce,5
both,5
roughly,5
final,4
does,4
if,4
archaeology,4
large,4
true,4
implications,4
judean,4
advanced,4
nature,4
suggesting,4
great,4
eastern,4
design,4
prior,4
adon,4
central,4
concentrations,4
employing,4
egypt,4
even,4
van,4
higher,4
rather,4
remain,4
certain,4
direct,4
ceramics,4
latter,4
consider,4
origins,4
concentration,4
out,4
mezad,4
occupation,4
cultural,4
metalworking,4
method,4
near,4
because,4
aspects,4
revealed,4
example,4
knowledge,4
related,4
away,4
bir,4
social,4
workshops,4
generally,4
provided,4
activities,4
chronological,4
will,4
identified,4
slag,4
still,4
department,4
noted,4
bar,4
picture,4
givat,4
model,4
less,4
number,4
another,4
explanation,4
including,4
significant,4
radiocarbon,4
open,4
general,4
especially,4
craft,4
structure,4
probably,4
provide,4
inside,4
maceheads,4
antiquities,4
associated,4
series,4
ever,4
bronze,4
few,4
der,4
each,4
paper,4
specialized,4
seem,4
current,4
examining,4
investigation,4
level,4
through,4
typically,4
derive,4
c,4
observed,4
broader,4
later,3
ways,3
different,3
metallic,3
being,3
cast,3
neolithic,3
originally,3
taken,3
might,3
rare,3
furnace,3
continue,3
tradition,3
origin,3
closer,3
products,3
take,3
mind,3
context,3
case,3
combination,3
indicating,3
along,3
review,3
g,3
petrographic,3
application,3
treasure,3
ossuaries,3
turn,3
clay,3
distinct,3
concerning,3
fourth,3
l,3
after,3
b,3
changes,3
locally,3
organization,3
specialization,3
chal,3
recovered,3
history,3
raw,3
advance,3
prehistoric,3
came,3
based,3
chisels,3
further,3
focused,3
tools,3
aviv,3
outstanding,3
syria,3
obsidian,3
work,3
partly,3
somewhere,3
employed,3
status,3
own,3
least,3
suggest,3
excavation,3
quite,3
settlement,3
villages,3
using,3
notes,3
preliminary,3
tasks,3
variety,3
various,3
seemingly,3
corpus,3
museum,3
thought,3
same,3
already,3
fill,3
macehead,3
areas,3
adjacent,3
do,3
answer,3
exotic,3
native,3
assemblages,3
range,3
desert,3
involves,3
metalworkers,3
points,3
kept,3
fancy,3
problems,3
pro,3
la,3
teleilat,3
detailed,3
indicate,3
reconsider,3
comes,3
continues,3
alternative,3
tomb,3
pit,3
according,3
unique,3
them,3
map,3
problem,3
information,3
contain,3
des,3
researchers,3
sea,3
despite,3
techniques,3
additional,3
cambridge,3
metalsmiths,3
manufacture,3
product,3
northover,3
themselves,3
little,3
duction,3
much,3
technological,3
gold,3
gis,2
intricate,2
common,2
chalk,2
corporate,2
functional,2
reconsidered,2
introduction,2
center,2
settlements,2
conducted,2
second,2
remnants,2
trace,2
western,2
before,2
monograph,2
nickel,2
consistent,2
archaeologists,2
explaining,2
specifically,2
archae,2
attempt,2
available,2
skills,2
together,2
simple,2
rich,2
rothenberg,2
follows,2
subsequent,2
help,2
ghassul,2
state,2
date,2
precisely,2
those,2
creativity,2
ash,2
british,2
east,2
key,2
task,2
bones,2
iv,2
account,2
point,2
processes,2
cited,2
compo,2
exist,2
human,2
regarding,2
thus,2
phase,2
includes,2
dynamics,2
since,2
millennium,2
relatively,2
relations,2
raises,2
cases,2
nor,2
back,2
timeframe,2
served,2
allowing,2
dates,2
left,2
hemar,2
look,2
stratum,2
unused,2
archaeometallurgy,2
lesser,2
reflects,2
rowan,2
across,2
safadi,2
pb,2
deliberately,2
burials,2
overlooked,2
provides,2
understand,2
n,2
k,2
argued,2
frequently,2
powerful,2
surface,2
comprising,2
requires,2
exploitation,2
decades,2
sandal,2
charcoal,2
greater,2
standards,2
closely,2
allow,2
societies,2
lurgical,2
called,2
effort,2
changed,2
deal,2
zone,2
persist,2
cores,2
term,2
late,2
caves,2
block,2
recently,2
beersheba,2
applied,2
mace,2
shape,2
future,2
bc,2
colithic,2
locus,2
ingots,2
london,2
intentionally,2
overview,2
older,2
beginnings,2
actually,2
reflect,2
surrounding,2
preparation,2
conform,2
good,2
field,2
buildings,2
mineral,2
concerns,2
ingot,2
core,2
annual,2
up,2
provenance,2
posing,2
periods,2
south,2
pertaining,2
san,2
noteworthy,2
reduced,2
absence,2
doctoral,2
located,2
overall,2
brief,2
dawn,2
expanded,2
indicates,2
innovation,2
vicinity,2
oxford,2
evolved,2
under,2
chronology,2
alon,2
complete,2
mould,2
ornamental,2
reports,2
regional,2
only,2
published,2
technique,2
journey,2
toward,2
head,2
alloys,2
creative,2
leidorf,2
discussed,2
prills,2
took,2
present,2
establish,2
unclear,2
axes,2
palestine,2
exploring,2
discussion,2
leeuw,2
discovery,2
helps,2
samples,2
skeletal,2
findings,2
host,2
combining,2
virtually,2
individuals,2
previous,2
complicated,2
dating,2
biblical,2
crushing,2
so,2
function,2
high,2
played,2
noy,2
improved,2
black,2
thornton,2
courtyard,2
why,2
kit,2
axe,2
artisans,2
adzes,2
widely,2
separate,2
increasing,2
carried,2
relationship,2
today,2
impressive,2
clays,2
inadequate,2
types,2
itself,2
neve,2
conclusion,2
arsenical,2
extensive,2
symbolic,2
costin,2
earle,2
set,2
know,2
cm,2
cemetery,2
tsuk,2
assumed,2
wealthy,2
regard,2
job,2
infer,2
places,2
subterranean,2
animal,2
sinai,2
terms,2
varying,2
maintain,2
leaving,2
extent,2
utilitarian,2
malachite,2
precedent,2
craftsmanship,2
bd,2
beer,2
role,2
au,2
timna,2
tell,2
models,2
years,2
wadi,2
grown,2
include,2
dense,2
need,2
smaller,2
glass,2
clues,2
magass,2
practiced,2
valley,2
entire,2
comparable,2
building,2
resources,2
emulate,1
transportation,1
currently,1
o,1
killick,1
brumfiel,1
doubts,1
indicated,1
stylistic,1
meaning,1
snapshot,1
shrines,1
extend,1
college,1
mysteries,1
determine,1
archaeometal,1
sheva,1
originating,1
considerably,1
stands,1
originate,1
connect,1
steeped,1
ramad,1
ive,1
cire,1
aqaba,1
tend,1
reassessment,1
formed,1
authority,1
confines,1
le,1
sets,1
unanswered,1
jonathan,1
allverwendung,1
modern,1
sym,1
ghassulian,1
naqada,1
decade,1
hammerstones,1
osteological,1
avant,1
uses,1
something,1
nonetheless,1
du,1
contact,1
limestone,1
hints,1
negative,1
test,1
cutting,1
diffusion,1
lightly,1
familiarity,1
every,1
certainly,1
haves,1
entailed,1
ii,1
wane,1
meters,1
harden,1
potaszkin,1
diego,1
address,1
emerged,1
freely,1
active,1
experiments,1
aforementioned,1
containing,1
handling,1
sculpted,1
oblong,1
textiles,1
paramount,1
secondary,1
canaan,1
display,1
ben,1
converse,1
vitrified,1
hundred,1
characterizing,1
scheme,1
real,1
grar,1
achieved,1
roasting,1
serabit,1
last,1
stashed,1
chiefdoms,1
hadidi,1
situ,1
investigations,1
item,1
signs,1
alloying,1
contents,1
similarities,1
producing,1
akin,1
slagged,1
side,1
con,1
existence,1
baumgarten,1
sophisticated,1
forthcoming,1
vorderen,1
courtesy,1
keywords,1
continuum,1
inca,1
u,1
incorporate,1
draw,1
march,1
solving,1
uneven,1
determined,1
activity,1
securely,1
characterize,1
establishing,1
october,1
move,1
vital,1
mounting,1
say,1
reflecting,1
very,1
diffused,1
quantity,1
representing,1
correlation,1
promises,1
melting,1
collection,1
exposed,1
usage,1
implements,1
propped,1
collapse,1
technologie,1
pursue,1
contemporaneous,1
unpublished,1
author,1
interest,1
aluf,1
reproduced,1
decided,1
occurs,1
facet,1
american,1
sample,1
extensively,1
expected,1
awl,1
z,1
forced,1
sudlichen,1
inhabited,1
resting,1
elements,1
old,1
speculative,1
urbanization,1
cultic,1
times,1
iblis,1
convincing,1
amount,1
ately,1
ha,1
ane,1
holds,1
houses,1
chalkolithikum,1
southeast,1
cohen,1
continuous,1
publications,1
networks,1
grouped,1
unresolved,1
pletely,1
boom,1
chernykh,1
hardly,1
trajec,1
talent,1
competitive,1
poorly,1
walls,1
phases,1
awkward,1
via,1
interesting,1
manipulated,1
recognized,1
town,1
altogether,1
dictionnaire,1
synthesizing,1
his,1
links,1
purely,1
grid,1
developed,1
sort,1
basic,1
landscape,1
hie,1
notion,1
remote,1
represented,1
goes,1
blanks,1
mortar,1
persistent,1
supplement,1
archaeometry,1
brand,1
derived,1
suited,1
generating,1
sanctuary,1
special,1
possess,1
enabled,1
oren,1
addressing,1
support,1
means,1
reason,1
category,1
provinces,1
acquisition,1
developments,1
circulated,1
appar,1
hematite,1
supports,1
possibly,1
dichotomy,1
den,1
emergence,1
dated,1
internationale,1
profiling,1
section,1
elsewhere,1
producers,1
proposed,1
record,1
traces,1
plaster,1
observations,1
profile,1
upper,1
four,1
hammered,1
exploited,1
ketef,1
cuprite,1
interruption,1
providing,1
drawing,1
miroschedji,1
view,1
highest,1
commanded,1
landscaped,1
yielding,1
arrived,1
result,1
weisgerber,1
chretienne,1
questioned,1
arrival,1
bearing,1
declined,1
appearance,1
begun,1
das,1
explanatory,1
typical,1
access,1
craftspeople,1
seven,1
users,1
beit,1
shared,1
slags,1
emerge,1
im,1
lent,1
midway,1
urbanisation,1
pure,1
equally,1
neighboring,1
pointing,1
piriform,1
population,1
spout,1
hawaiian,1
tile,1
younger,1
appearing,1
wealth,1
placed,1
explain,1
required,1
schoop,1
annealing,1
stations,1
possibility,1
marie,1
impression,1
silver,1
technical,1
chopping,1
directly,1
having,1
distinguish,1
closed,1
lure,1
scope,1
comprises,1
invisible,1
characterization,1
selbstverlag,1
souterrains,1
apparent,1
reduction,1
commonalities,1
functionality,1
newest,1
description,1
texture,1
whole,1
bible,1
gurion,1
issues,1
literally,1
provenienced,1
underscored,1
structures,1
beads,1
hennessy,1
call,1
documented,1
hephaistos,1
rise,1
refractory,1
participate,1
scatters,1
showing,1
monopoly,1
approach,1
cantly,1
moorey,1
regions,1
staple,1
mesopotamia,1
describing,1
presented,1
hard,1
cliffs,1
corresponds,1
stage,1
straight,1
involve,1
coupled,1
villagers,1
complicate,1
contrast,1
annealed,1
metallographic,1
ological,1
emerging,1
orient,1
involved,1
ugarit,1
family,1
deutsches,1
underscoring,1
quartzitic,1
highly,1
grow,1
awls,1
convey,1
decline,1
majority,1
und,1
distinguishing,1
admixing,1
rahden,1
value,1
newly,1
moved,1
valuable,1
concomitant,1
breakthroughs,1
subsequently,1
f,1
portion,1
llc,1
critical,1
turquoise,1
led,1
he,1
sons,1
irrespective,1
cottage,1
gedi,1
functioning,1
abovementioned,1
bringing,1
steadily,1
transcaucasus,1
scientific,1
indeed,1
concentrated,1
ancien,1
nearly,1
reduce,1
community,1
above,1
interrelations,1
paint,1
escaping,1
hold,1
adapted,1
spectacular,1
fidan,1
vie,1
single,1
guide,1
interpretation,1
fit,1
hanni,1
beersheva,1
pp,1
requiring,1
exactly,1
azerbaijan,1
fifth,1
cliff,1
neither,1
disappears,1
northwest,1
unwin,1
processing,1
subset,1
millenaire,1
carbonate,1
performed,1
glauconitic,1
colored,1
zeelim,1
demonstrates,1
iranian,1
largest,1
insights,1
confirmed,1
prehistoire,1
increasingly,1
opment,1
functioned,1
sector,1
useful,1
rings,1
members,1
again,1
others,1
renewed,1
varies,1
motifs,1
flat,1
lovell,1
lime,1
polymetallic,1
efforts,1
powder,1
shows,1
idea,1
limit,1
designing,1
blocks,1
occurrence,1
gested,1
match,1
abstract,1
antinomy,1
lacks,1
arisen,1
grave,1
break,1
nucleated,1
contemporary,1
identical,1
considerable,1
pennsylvania,1
man,1
pairing,1
elegant,1
outside,1
hand,1
likelihood,1
geography,1
operating,1
ras,1
continuing,1
sebbane,1
empire,1
see,1
eg,1
tiny,1
flint,1
distance,1
going,1
mallon,1
outlines,1
thoroughly,1
remained,1
demonstrated,1
meetings,1
breakdown,1
recognizing,1
analyzed,1
classes,1
private,1
success,1
effectiveness,1
arad,1
treated,1
bear,1
locate,1
refining,1
previously,1
reside,1
warrior,1
elite,1
identification,1
medium,1
kerner,1
blossoming,1
entirely,1
largely,1
geburt,1
sequence,1
ideas,1
levante,1
pasteurs,1
actual,1
examination,1
synthetic,1
weaving,1
three,1
adding,1
dominated,1
clue,1
interpret,1
feasible,1
brecciated,1
allowed,1
axehead,1
characterized,1
archaeomet,1
spread,1
allurgical,1
nabeel,1
jwp,1
features,1
distinction,1
stages,1
expressing,1
lose,1
construct,1
exchange,1
graves,1
internal,1
mining,1
parallel,1
narrow,1
interpretations,1
shallow,1
deliberate,1
galilee,1
capabilities,1
sharper,1
implication,1
looks,1
sug,1
analyze,1
locales,1
looked,1
ground,1
occupied,1
gaseous,1
connections,1
mineralizations,1
ago,1
quarter,1
darker,1
attention,1
logistics,1
division,1
unfolded,1
duplicating,1
simpler,1
bourke,1
letouzey,1
axeheads,1
perspectives,1
note,1
africa,1
residual,1
continued,1
bars,1
deliber,1
maadi,1
naturally,1
maps,1
bound,1
tech,1
pieces,1
hill,1
begin,1
florescence,1
fewer,1
signifi,1
primarily,1
referred,1
broad,1
corollaries,1
team,1
chimney,1
force,1
began,1
sequences,1
relevant,1
iconographic,1
rapidly,1
wagner,1
maces,1
graphical,1
class,1
es,1
inspired,1
dans,1
examine,1
neolithischer,1
hope,1
dead,1
centuries,1
instances,1
bigger,1
widest,1
rigorous,1
thick,1
ie,1
issue,1
tubetak,1
shaw,1
variable,1
deposited,1
shadow,1
then,1
thinking,1
believed,1
ornate,1
complexity,1
mentioned,1
incorporated,1
peoples,1
circumstances,1
torrence,1
respective,1
chalcohthic,1
conceptualize,1
invoked,1
dubious,1
palestinienne,1
subjecting,1
les,1
temporal,1
trapped,1
tillah,1
pontifical,1
glimpse,1
doi,1
text,1
drew,1
satellite,1
affords,1
synthesizes,1
control,1
country,1
readily,1
finance,1
anthropology,1
par,1
seriously,1
connection,1
setting,1
stratigraphic,1
unknown,1
kilogram,1
scenario,1
domestic,1
pigment,1
exploiting,1
alloyed,1
exhaustive,1
far,1
build,1
past,1
closest,1
utilized,1
admixture,1
type,1
ideally,1
better,1
following,1
beginning,1
hardness,1
hyman,1
unlikely,1
heads,1
answered,1
notable,1
carefully,1
spatial,1
selected,1
offering,1
references,1
cause,1
independently,1
nearby,1
geo,1
perdue,1
theory,1
ceased,1
brink,1
consisting,1
predate,1
densest,1
studying,1
require,1
proposing,1
kulturgeschichte,1
categories,1
equinox,1
size,1
cult,1
presume,1
nj,1
preserved,1
multiple,1
thereby,1
met,1
kin,1
teilelat,1
micro,1
sequencing,1
devel,1
die,1
intended,1
involution,1
lies,1
step,1
assumptions,1
commissioned,1
com,1
contribute,1
obtain,1
lump,1
reconstruct,1
sizeable,1
phenomenon,1
coming,1
wire,1
ein,1
varied,1
ibn,1
precision,1
shards,1
accrues,1
recording,1
argument,1
differentiation,1
likelier,1
numbering,1
disposal,1
advent,1
reliable,1
nile,1
paradigm,1
numerous,1
sud,1
ently,1
greenstones,1
mode,1
completed,1
parallels,1
course,1
although,1
environnement,1
correlated,1
usa,1
gopher,1
green,1
involving,1
piece,1
madison,1
association,1
speak,1
definitive,1
stray,1
enclosed,1
needs,1
thousand,1
specific,1
supported,1
news,1
removed,1
schiffer,1
distinctions,1
rest,1
chisel,1
km,1
mystery,1
furnaces,1
debate,1
partial,1
create,1
texts,1
substantial,1
import,1
element,1
interaction,1
develop,1
gulf,1
focus,1
among,1
north,1
crucible,1
famous,1
indistinguishable,1
ferruginous,1
termed,1
major,1
occur,1
arizona,1
bce,1
discern,1
