WORDCOUNTS,WEIGHT
the,684
of,458
and,376
in,262
a,178
to,155
mexico,99
is,87
that,84
on,78
were,75
ad,74
as,73
from,72
was,64
sonora,64
chihuahua,60
this,57
by,56
sites,53
culture,51
northern,51
for,50
are,50
de,49
rio,46
c,46
at,44
casas,44
have,44
area,43
j,42
it,41
pp,40
r,39
with,39
university,38
an,37
or,37
grandes,36
american,34
northwest,34
san,34
but,34
local,31
period,31
new,30
archaeological,30
be,29
e,28
di,28
southern,28
pottery,27
sierra,27
m,25
prehistory,24
phase,24
also,24
between,24
mesoamerican,23
p,23
been,23
has,23
into,21
trincheras,21
h,20
central,20
such,20
coastal,20
based,20
historic,20
not,20
d,20
i,19
there,19
may,19
no,19
prehistoric,19
south,19
ceramic,19
archaeology,19
loma,18
mogollon,18
la,18
north,18
about,17
far,17
archaic,17
early,17
site,16
data,16
included,16
social,16
present,16
after,16
known,16
mexican,15
peso,15
el,15
occupation,15
small,15
research,15
these,15
two,15
southwest,15
mesoamerica,14
g,14
used,14
structures,14
us,14
s,14
farming,14
phillips,14
paquime,14
valley,14
arizona,14
other,13
vol,13
west,13
most,13
part,13
kiva,13
gabriel,13
more,13
which,13
we,13
w,13
lower,12
madre,12
papers,12
along,12
b,12
shell,12
zone,12
work,12
antropologia,12
antiquity,12
probably,12
began,12
united,12
complex,11
some,11
sinaloa,11
elements,11
del,11
its,11
all,11
same,11
region,11
conchos,11
times,11
must,11
states,11
one,10
hohokam,10
l,10
found,10
regional,10
los,10
settlement,10
museum,10
only,10
many,10
pattern,10
where,10
sequence,10
survey,10
would,10
can,10
durango,10
brown,10
continued,10
defined,10
remains,10
charles,10
western,9
within,9
southwestern,9
lasted,9
their,9
studies,9
surface,9
had,9
wares,9
handbook,9
jornada,9
f,9
usually,9
who,9
clovis,9
information,9
through,9
illinois,9
built,9
occur,9
large,8
bp,8
archaeologists,8
seri,8
point,8
conception,8
medio,8
santa,8
houses,8
upper,8
basin,8
appears,8
kelley,8
field,8
few,8
texas,8
single,8
time,8
patterns,8
until,8
nacional,8
spanish,8
colorado,8
over,8
almost,8
middle,8
using,8
although,8
desert,8
interaction,8
common,7
northeast,7
they,7
settlements,7
simple,7
farmers,7
chichimec,7
those,7
foraging,7
dates,7
border,7
his,7
foothills,7
emergence,7
cultural,7
population,7
during,7
change,7
villages,7
scholars,7
areas,7
instituto,7
end,7
use,7
clear,7
junta,7
spread,7
types,7
anthropology,7
while,7
little,7
groups,6
center,6
history,6
being,6
farther,6
state,6
possible,6
flank,6
braniff,6
even,6
than,6
poorly,6
distribution,6
phases,6
derived,6
out,6
near,6
et,6
coast,6
when,6
limited,6
southeast,6
rock,6
extended,6
california,6
trade,6
institution,6
relationship,6
bowen,6
often,6
anthropological,6
series,6
alvarez,6
cultures,6
best,6
hamlets,6
proceedings,6
problem,6
both,6
became,6
role,6
elevations,6
include,6
evidence,6
provided,6
hills,6
way,5
if,5
tion,5
village,5
before,5
first,5
emerged,5
cientifica,5
plain,5
east,5
collapse,5
tucson,5
pinacate,5
journal,5
process,5
subsistence,5
study,5
clearly,5
k,5
late,5
well,5
chalchihuites,5
place,5
own,5
approach,5
t,5
smithsonian,5
sonoran,5
intervention,5
ware,5
adobe,5
en,5
valleys,5
points,5
decorated,5
essay,5
general,5
craft,5
occupied,5
florescence,5
sequences,5
zacatecas,5
indicate,5
life,5
frontier,5
pithouses,5
geographic,5
each,5
cal,5
making,5
northwestern,5
define,5
much,5
major,5
cerros,4
stone,4
coleccion,4
taken,4
diego,4
inland,4
greatly,4
eastern,4
huatabampo,4
overlooking,4
drainage,4
architectural,4
amargosa,4
y,4
across,4
basic,4
direct,4
burials,4
understand,4
river,4
traces,4
house,4
albuquerque,4
beyond,4
irrigation,4
could,4
centers,4
initial,4
term,4
caves,4
tools,4
publications,4
explain,4
lifeway,4
documented,4
artifact,4
several,4
habitation,4
hayden,4
montane,4
fluted,4
portion,4
likely,4
contact,4
yet,4
chronology,4
historia,4
home,4
rise,4
lack,4
amerind,4
larger,4
honor,4
acoma,4
paso,4
number,4
range,4
concern,4
traded,4
nothing,4
regions,4
so,4
fuerte,4
provides,4
least,4
occupa,4
figures,4
consists,4
fairly,4
sometimes,4
primarily,4
pailes,4
fe,4
itself,4
any,4
simply,4
gran,4
paper,4
basins,4
historical,4
las,4
type,4
phd,4
debate,4
art,4
variability,4
our,4
ignored,4
land,4
ciudad,4
summary,4
abandoned,4
focus,4
recent,4
zones,4
should,4
now,3
later,3
imported,3
miguel,3
extends,3
mountains,3
introduction,3
sphere,3
led,3
cabo,3
bravos,3
true,3
aztatlan,3
nature,3
great,3
nm,3
date,3
marine,3
political,3
globe,3
red,3
ball,3
preceramic,3
reflecting,3
very,3
resources,3
human,3
includes,3
review,3
hierarchy,3
terraces,3
adopted,3
excavations,3
jr,3
dean,3
meso,3
third,3
networks,3
drawn,3
occidental,3
ripples,3
york,3
town,3
how,3
earlier,3
similar,3
parts,3
possibly,3
branch,3
proposed,3
four,3
generally,3
problems,3
important,3
dc,3
folsom,3
doolittle,3
events,3
base,3
academic,3
burial,3
produced,3
record,3
tetavejo,3
because,3
line,3
artifacts,3
concept,3
polychrome,3
description,3
describe,3
broad,3
people,3
streams,3
buff,3
caracoles,3
related,3
ancestral,3
published,3
chichimeca,3
corridor,3
up,3
will,3
he,3
ceremonial,3
bravo,3
economic,3
exception,3
once,3
boundary,3
complete,3
rectangular,3
chihuahuan,3
reports,3
begins,3
others,3
put,3
efforts,3
external,3
never,3
outside,3
took,3
opata,3
covered,3
material,3
belief,3
mcguire,3
altar,3
understanding,3
explanation,3
including,3
contacts,3
processes,3
actual,3
dating,3
ties,3
low,3
dominated,3
like,3
high,3
latter,3
ornaments,3
mainly,3
villalpando,3
widely,3
pilon,3
clusters,3
factors,3
arqueologia,3
bulletin,3
table,3
aboriginal,3
resemble,3
around,3
then,3
buena,3
comes,3
peoples,3
extensive,3
ever,3
tepehuan,3
supported,3
carbondale,3
reconnaissance,3
sherds,3
know,3
defining,3
natural,3
down,3
half,3
perros,3
diablo,3
past,3
according,3
whether,3
form,3
yielded,3
agricultural,3
robles,3
extent,3
concepcion,3
marked,3
nomads,3
conclude,3
despite,3
com,3
isolated,3
mayo,3
locations,3
frontiers,3
protohistoric,3
national,3
instead,3
need,3
sur,3
consisted,3
reached,3
entire,3
among,3
courts,2
mortuary,2
dominant,2
does,2
view,2
trash,2
becoming,2
replaced,2
tend,2
maize,2
ways,2
boulder,2
considerations,2
v,2
occurred,2
lowlands,2
revision,2
nonetheless,2
juarez,2
mimbres,2
consistent,2
production,2
animas,2
ii,2
fund,2
adopt,2
vols,2
rapid,2
advanced,2
au,2
definition,2
available,2
tradition,2
textiles,2
follows,2
studied,2
closer,2
room,2
take,2
styles,2
subsequent,2
cerro,2
consist,2
emphasized,2
raised,2
investigations,2
seminar,2
system,2
case,2
issue,2
side,2
con,2
westview,2
key,2
continuum,2
prior,2
logical,2
denver,2
international,2
except,2
gila,2
aveleyra,2
ritual,2
pithouse,2
throughout,2
merchants,2
anciennes,2
development,2
against,2
mixed,2
century,2
norte,2
items,2
fig,2
left,2
thin,2
pueblo,2
walls,2
toltec,2
civilization,2
whose,2
reflects,2
statements,2
main,2
centered,2
angeles,2
mountain,2
square,2
reference,2
certain,2
contributions,2
cave,2
escarcega,2
lay,2
cueva,2
scattered,2
space,2
support,2
reason,2
established,2
lister,2
ariz,2
quick,2
argued,2
ascher,2
age,2
commonly,2
foothill,2
additional,2
lithic,2
decades,2
viejo,2
greater,2
moving,2
medallion,2
yaqui,2
appearance,2
sonoita,2
typical,2
lived,2
sedentary,2
intervening,2
focused,2
persons,2
hierarchies,2
oak,2
network,2
perez,2
barranca,2
archaeologist,2
heart,2
prominent,2
crude,2
tributary,2
apparent,2
whole,2
rows,2
perishable,2
away,2
reflect,2
believes,2
fieldwork,2
interpreted,2
papago,2
sense,2
below,2
trading,2
villagers,2
yuman,2
emerging,2
involved,2
belt,2
thornscrub,2
convento,2
peak,2
peralta,2
fully,2
libertad,2
results,2
world,2
tuff,2
developmental,2
subsequently,2
periods,2
cochise,2
trabajo,2
foragers,2
various,2
populations,2
identified,2
located,2
classic,2
islands,2
formative,2
still,2
estado,2
dwellings,2
make,2
indicates,2
vicinity,2
northland,2
read,2
continuity,2
cliff,2
indian,2
predominate,2
tiburon,2
useful,2
gobierno,2
toward,2
water,2
missing,2
archaeologi,2
rugged,2
fallen,2
variation,2
identical,2
anthropologist,2
forms,2
do,2
ground,2
developing,2
echavarri,2
answer,2
riley,2
another,2
status,2
vast,2
examples,2
assemblages,2
mexicana,2
sides,2
postclassic,2
expand,2
food,2
rivers,2
hermosillo,2
laboratory,2
rejected,2
dragoon,2
dieguito,2
especially,2
systems,2
become,2
narrow,2
ann,2
adjacent,2
hunters,2
adaptations,2
geography,2
chain,2
adaptive,2
lie,2
separate,2
today,2
inhabitants,2
science,2
ecological,2
five,2
impressive,2
plainware,2
becomes,2
periodo,2
unfor,2
littoral,2
construction,2
quite,2
dead,2
ing,2
cuaderno,2
mounds,2
forest,2
middens,2
school,2
abandonment,2
haro,2
pueblos,2
complexes,2
extension,2
shapes,2
besides,2
alternative,2
rios,2
country,2
northward,2
expanding,2
setting,2
believe,2
unknown,2
report,2
foundation,2
distinctive,2
just,2
living,2
better,2
evident,2
zape,2
terms,2
ravesloot,2
mere,2
foundations,2
periphery,2
yield,2
apparently,2
suggests,2
emphasis,2
hundreds,2
des,2
varieties,2
puerto,2
techniques,2
activity,2
territory,2
multistoried,2
copper,2
hilltop,2
varied,2
tions,2
come,2
named,2
question,2
years,2
difference,2
intensified,2
camps,2
aware,2
parallels,2
manufacture,2
preliminary,2
integration,2
puddled,2
moved,2
thousand,2
specific,2
vessel,2
km,2
bottoms,2
given,2
desierto,2
building,2
southeastern,2
taneous,1
carved,1
cultigens,1
ments,1
ending,1
currently,1
mostly,1
done,1
windbreaks,1
child,1
flow,1
hallazgo,1
eleva,1
edge,1
subtropi,1
estimated,1
arable,1
avoiding,1
multiple,1
stylistic,1
cent,1
created,1
investigaciones,1
librairie,1
extreme,1
extend,1
environmental,1
cuarenta,1
mitted,1
uplands,1
pueblito,1
bedrock,1
resided,1
manuscript,1
deciduous,1
mouth,1
passing,1
group,1
needed,1
deepest,1
mike,1
offerings,1
identify,1
essays,1
fragment,1
entries,1
columns,1
ma,1
formed,1
tures,1
summaries,1
hasta,1
completely,1
contend,1
desperately,1
arroyos,1
soap,1
ballcourt,1
skyline,1
papagueria,1
ms,1
conical,1
nord,1
former,1
protohistorica,1
grasslands,1
acceptance,1
trace,1
reduced,1
necessarily,1
minor,1
salado,1
beckett,1
classifies,1
po,1
cultura,1
source,1
primitive,1
chief,1
tripod,1
du,1
hydration,1
my,1
pablo,1
hints,1
different,1
negative,1
peaked,1
round,1
said,1
compression,1
sterile,1
gap,1
either,1
explaining,1
sources,1
long,1
reconstructions,1
simul,1
supposedly,1
penasco,1
exclusive,1
originally,1
evolution,1
monumentos,1
tinklers,1
might,1
kilometers,1
location,1
sub,1
humans,1
rare,1
supravillage,1
worked,1
action,1
shortage,1
outlining,1
begged,1
seems,1
strip,1
confirmed,1
delineation,1
reach,1
sketchy,1
oval,1
archaeologically,1
interred,1
crops,1
martinez,1
broadly,1
assertion,1
together,1
macneish,1
differences,1
origin,1
normative,1
spaced,1
able,1
link,1
tecnologia,1
raising,1
hunting,1
connection,1
monograph,1
carnegie,1
polychromes,1
deatley,1
golfo,1
weicker,1
chipped,1
fresh,1
whetten,1
situ,1
somewhat,1
surveys,1
context,1
adair,1
similarities,1
nomadic,1
debitage,1
less,1
traits,1
sporadic,1
sociedad,1
occasional,1
timmy,1
existence,1
suspect,1
tyson,1
creosote,1
badly,1
stretched,1
task,1
primary,1
pieced,1
bases,1
mass,1
draw,1
discuss,1
right,1
design,1
direccion,1
uneven,1
second,1
bavispe,1
embroidery,1
withdrawal,1
reaching,1
adopting,1
fishing,1
richard,1
obvious,1
apocalyptic,1
wing,1
interdisciplinary,1
variations,1
adoption,1
coas,1
bottom,1
bowls,1
representing,1
economies,1
prevented,1
mesoameri,1
tied,1
split,1
behavior,1
edicion,1
diversity,1
colonized,1
canyon,1
exist,1
relies,1
regarding,1
chaco,1
thus,1
exercises,1
macaw,1
histori,1
relationships,1
alignments,1
component,1
surrounded,1
borderlands,1
due,1
converged,1
congreso,1
habitacionales,1
sociale,1
madera,1
agent,1
guevara,1
characteristic,1
viewing,1
espousing,1
polly,1
occurs,1
spot,1
application,1
cf,1
sample,1
barrier,1
affairs,1
feathers,1
aligned,1
sanders,1
ciation,1
maintaining,1
self,1
survivors,1
missionized,1
rejecting,1
david,1
perspective,1
canal,1
document,1
blank,1
back,1
ha,1
simplest,1
response,1
amsden,1
holds,1
defeating,1
radio,1
compared,1
died,1
geological,1
obscure,1
terrace,1
canyons,1
embarrassing,1
deeply,1
traditions,1
leadership,1
guide,1
eudeve,1
handful,1
snows,1
nomenclature,1
antropologicos,1
ment,1
cobre,1
mechanism,1
higher,1
jumano,1
hamlet,1
communities,1
geneva,1
irriga,1
pochteca,1
following,1
ably,1
rather,1
bring,1
absent,1
arising,1
mammoth,1
secrets,1
landscape,1
tunate,1
biggest,1
crest,1
notion,1
mathien,1
eight,1
leave,1
plots,1
oases,1
columbian,1
special,1
upstream,1
arbor,1
moves,1
divided,1
plaza,1
norteamerica,1
references,1
favor,1
sonian,1
paragraphs,1
tinued,1
mission,1
aplicada,1
marks,1
consider,1
locally,1
les,1
spreading,1
gular,1
specify,1
proved,1
preprojectile,1
elevated,1
placed,1
sinkers,1
northeastern,1
edificios,1
reviewed,1
pebble,1
too,1
benefited,1
orientation,1
show,1
jars,1
delta,1
porary,1
origins,1
biotic,1
connecting,1
logiques,1
shed,1
consequence,1
mix,1
plenum,1
permanent,1
answers,1
fglos,1
leubben,1
silt,1
care,1
famed,1
mon,1
suggested,1
textured,1
cut,1
caches,1
appear,1
disappeared,1
ruggedness,1
chrome,1
ranges,1
puntas,1
closely,1
carmen,1
arqueologicas,1
questioned,1
arrival,1
allow,1
societies,1
tem,1
rule,1
called,1
occupance,1
sideration,1
dunes,1
outcrops,1
estudios,1
shared,1
rooms,1
austin,1
criticisms,1
centrally,1
teristics,1
noting,1
bolsons,1
viking,1
territorio,1
statelets,1
inter,1
guadiana,1
equally,1
tarahumara,1
irony,1
understood,1
buried,1
block,1
circular,1
michigan,1
skull,1
desde,1
revive,1
fla,1
suffered,1
binghamton,1
applied,1
excellent,1
scale,1
fish,1
universidad,1
occurrence,1
find,1
wide,1
public,1
drain,1
puchteca,1
randy,1
brooks,1
chinobampo,1
mummies,1
gained,1
directly,1
unequal,1
trial,1
basis,1
pima,1
bc,1
scope,1
bolster,1
already,1
apuntes,1
start,1
palacio,1
thorn,1
floodplain,1
dominance,1
purpose,1
example,1
macaws,1
punta,1
estevan,1
positions,1
sociedades,1
bowl,1
barren,1
surprise,1
loss,1
sifted,1
plow,1
gave,1
diffusion,1
obscured,1
issues,1
clad,1
contains,1
reportedly,1
records,1
sacked,1
actually,1
belligerent,1
winter,1
outposts,1
mesoamericans,1
surrounding,1
craftsmen,1
il,1
estero,1
project,1
breakdown,1
horizon,1
memoirs,1
cananea,1
traders,1
detailed,1
causal,1
widen,1
creating,1
hangs,1
interregional,1
brush,1
giant,1
hard,1
working,1
cooperative,1
cucurpe,1
drier,1
things,1
tested,1
box,1
order,1
le,1
emphasizes,1
feasts,1
diagnostic,1
bernardo,1
intervals,1
ignore,1
workshops,1
highly,1
agricolas,1
disaster,1
presence,1
dramatic,1
sharpen,1
climate,1
petroglyphs,1
tended,1
impossible,1
division,1
spence,1
su,1
guamas,1
dim,1
recientes,1
elvino,1
notes,1
mouths,1
displaced,1
am,1
settle,1
actions,1
massive,1
impor,1
breakthroughs,1
frontera,1
survived,1
benches,1
adja,1
tacuichamona,1
therefore,1
shoreline,1
approximate,1
units,1
matter,1
attempts,1
overhangs,1
architecture,1
attributable,1
carried,1
pimans,1
runoff,1
schmidt,1
synthesis,1
bedeviled,1
corporation,1
crippled,1
brief,1
forward,1
edges,1
jewelry,1
tropical,1
april,1
intensively,1
aniversario,1
above,1
chore,1
symmetry,1
comments,1
outer,1
perennial,1
settings,1
hearths,1
tends,1
selection,1
year,1
spectacular,1
verde,1
para,1
robin,1
foot,1
pacific,1
ravesloofs,1
interpretation,1
uninhabited,1
vorganisation,1
alongside,1
acknowledgments,1
soon,1
counterparts,1
ring,1
under,1
mobile,1
populated,1
remnant,1
hilly,1
smith,1
machomoncobe,1
puzzle,1
bo,1
participants,1
perspectives,1
light,1
polarization,1
shifting,1
floor,1
felger,1
largest,1
hewett,1
odds,1
illustrated,1
indians,1
department,1
reliance,1
noted,1
speaking,1
maintained,1
stones,1
independent,1
consis,1
hallmark,1
volume,1
definitions,1
rings,1
fellow,1
starting,1
acanaladas,1
name,1
french,1
westward,1
paul,1
book,1
challenge,1
technique,1
stated,1
fell,1
mark,1
again,1
flat,1
demographic,1
prehistorically,1
fact,1
unifying,1
communautes,1
villa,1
occupations,1
foods,1
proposal,1
plan,1
beliefs,1
afraid,1
exclusion,1
flimsy,1
proveedora,1
swung,1
grave,1
daily,1
anthro,1
antonio,1
grows,1
debates,1
presente,1
everything,1
contemporary,1
substantially,1
condensed,1
man,1
habit,1
hand,1
intervillage,1
monographs,1
learn,1
sayles,1
cruz,1
model,1
kearny,1
purposes,1
coarse,1
establish,1
relevant,1
heavily,1
see,1
strategies,1
forth,1
blind,1
homenaje,1
deep,1
fno,1
cul,1
assemblage,1
gives,1
rectan,1
stunning,1
remarkably,1
maya,1
reminds,1
wrapped,1
semipermanent,1
origenes,1
original,1
demonstrated,1
mats,1
subtropical,1
greatest,1
discussion,1
reed,1
considering,1
complejo,1
virgin,1
formal,1
wen,1
conceivable,1
closed,1
previously,1
predominates,1
greeley,1
looking,1
clustered,1
insututo,1
samples,1
skeletal,1
controlling,1
looting,1
hypotheses,1
largely,1
persisted,1
factor,1
maria,1
band,1
bed,1
resulting,1
real,1
places,1
radiocarbon,1
full,1
ceremonies,1
previous,1
office,1
guaymas,1
theoretical,1
described,1
platform,1
feisty,1
anasazi,1
significance,1
noncutting,1
paleoepidemiology,1
directed,1
jose,1
authors,1
stress,1
peripheral,1
language,1
amounts,1
interpret,1
co,1
workers,1
held,1
defense,1
construc,1
defensive,1
divisions,1
plant,1
recon,1
features,1
played,1
distinction,1
lobbied,1
paths,1
filled,1
practiced,1
primer,1
adequately,1
rancheria,1
artificial,1
padua,1
margin,1
graphic,1
enough,1
elaborate,1
viewpoint,1
mesas,1
relation,1
camotes,1
interpretations,1
declare,1
shallow,1
agave,1
uplifted,1
obsidian,1
remainder,1
structure,1
culiacan,1
ethnohistory,1
estados,1
analyze,1
differ,1
divides,1
tendency,1
tenuous,1
immigration,1
concluded,1
species,1
braniffs,1
cocopa,1
ranging,1
trails,1
interven,1
prehistorico,1
publishing,1
note,1
tentative,1
drafted,1
george,1
stream,1
crucial,1
antes,1
testing,1
fields,1
boundaries,1
rough,1
roast,1
begin,1
waterfall,1
autonoma,1
sauer,1
poly,1
relations,1
recherches,1
playa,1
colleccion,1
aiios,1
jar,1
overlap,1
plex,1
barbarian,1
owed,1
why,1
inspired,1
dans,1
analysis,1
existed,1
fall,1
subdivided,1
centuries,1
ridges,1
problematic,1
investigate,1
conservation,1
extensions,1
thick,1
earliest,1
evaluation,1
beans,1
ranged,1
environment,1
rarely,1
mexicano,1
growing,1
dispersed,1
considered,1
esquema,1
complexity,1
changing,1
incorporated,1
dropoff,1
physical,1
proposes,1
glimpse,1
prob,1
bernardino,1
funding,1
drew,1
appre,1
berkeley,1
masonry,1
control,1
anthropo,1
specialized,1
worth,1
share,1
exploration,1
innovations,1
leaders,1
argue,1
classed,1
heavy,1
domestic,1
pictograph,1
iii,1
linked,1
contradictory,1
goods,1
benefit,1
reflected,1
pit,1
placing,1
archeo,1
scores,1
bands,1
hint,1
believed,1
wilds,1
text,1
william,1
plainwares,1
mogollan,1
scholarly,1
kivas,1
what,1
economy,1
molino,1
volcanic,1
selected,1
involvement,1
plants,1
calif,1
imposed,1
nearby,1
maintain,1
passed,1
map,1
axis,1
theory,1
jlatin,1
adaptation,1
clune,1
prepare,1
corifixmation,1
depriving,1
tant,1
observations,1
tempting,1
revista,1
size,1
vessels,1
conference,1
researchers,1
tent,1
level,1
john,1
careful,1
prehistdrico,1
reported,1
uniform,1
slopes,1
sea,1
florido,1
practices,1
pre,1
alternatives,1
centro,1
die,1
lies,1
step,1
contreras,1
antigua,1
clothing,1
colonial,1
phenomenon,1
gloss,1
exploit,1
headwaters,1
aspect,1
loera,1
tardio,1
pine,1
saw,1
shown,1
tell,1
models,1
drafts,1
differentiation,1
conditions,1
babicora,1
materials,1
rockshelter,1
washington,1
ojo,1
trap,1
surpris,1
completed,1
origines,1
wish,1
ended,1
move,1
joined,1
offshoot,1
uncalibrated,1
typically,1
alcove,1
resembled,1
unified,1
colleagues,1
extremely,1
association,1
increased,1
roughly,1
demo,1
charac,1
semidesert,1
potential,1
carbon,1
anthropologi,1
ortiz,1
compounded,1
themselves,1
johnson,1
ations,1
irrelevant,1
thicker,1
partial,1
views,1
substantial,1
rancherias,1
pologist,1
lingered,1
immediately,1
counts,1
strong,1
ends,1
ss,1
doing,1
indicating,1
primera,1
uncertain,1
close,1
customs,1
xxv,1
hypothesis,1
