WORDCOUNTS,WEIGHT
the,1258
and,1091
of,826
in,526
a,292
to,236
bc,225
indus,209
that,143
for,132
harappan,132
pp,129
or,128
at,123
m,123
have,120
is,119
from,115
were,111
on,111
as,110
new,97
are,95
i,94
g,86
been,84
j,82
by,80
with,78
bp,76
south,76
phase,74
valley,69
r,66
was,65
p,64
may,64
not,64
archaeology,59
but,55
urban,54
tradition,53
india,53
b,53
an,53
era,52
l,51
this,51
pakistan,51
sites,50
early,49
harappa,47
there,44
s,44
asian,43
major,43
some,42
such,42
university,42
these,42
more,42
trade,42
evidence,42
archaeological,40
it,39
c,39
be,39
vol,38
civilization,38
h,36
western,35
has,34
excavations,33
settlements,32
k,32
culture,32
social,32
region,31
studies,30
integration,30
society,29
f,29
southern,29
other,28
most,28
regional,28
settlement,28
many,28
d,28
regionalization,27
objects,27
ancient,27
during,26
which,26
regions,26
systems,26
recent,26
kenoyer,25
cities,25
iii,24
no,24
materials,24
would,24
into,23
production,23
asia,23
system,23
large,23
site,23
important,23
cultural,23
also,23
they,22
american,22
oxford,22
w,22
could,22
used,22
use,22
different,22
between,22
baluchistan,21
seals,21
millennium,20
networks,20
wisconsin,20
areas,20
control,20
through,20
one,19
state,19
old,19
centers,19
mesopotamia,19
all,19
specific,19
de,18
third,18
prehistoric,18
research,18
economic,18
perspectives,18
problems,18
kalibangan,18
later,17
ii,17
resources,17
development,17
than,17
painted,17
had,17
patterns,17
cambridge,17
period,17
massive,17
frontiers,17
based,16
script,16
west,16
ritual,16
late,16
n,16
technology,16
two,16
books,16
indicate,16
can,16
northern,16
delhi,16
interaction,16
general,15
subsistence,15
raw,15
found,15
well,15
local,15
probably,15
we,15
pottery,15
localization,15
while,15
groups,14
complex,14
stone,14
seal,14
dates,14
structures,14
reflect,14
only,14
water,14
possehl,14
made,14
crafts,14
exchange,14
over,14
first,13
within,13
plain,13
east,13
agriculture,13
central,13
mehrgarh,13
ware,13
items,13
shell,13
river,13
indian,13
reports,13
pattern,13
food,13
shaffer,13
copper,13
gulf,13
those,12
even,12
journal,12
phases,12
kot,12
prehistory,12
steatite,12
appear,12
greater,12
access,12
symbols,12
rehman,12
status,12
change,12
various,12
rise,12
study,12
political,12
primarily,12
plains,12
specialized,12
writing,12
although,12
chicago,12
gujarat,11
eastern,11
possibly,11
organization,11
crops,11
show,11
helmand,11
artifacts,11
several,11
using,11
ceramic,11
v,11
styles,11
historic,11
environment,11
area,11
represent,10
e,10
history,10
producing,10
platforms,10
possible,10
shared,10
along,10
piedmont,10
interim,10
their,10
irrigation,10
socioritual,10
near,10
basis,10
dheri,10
its,10
et,10
diji,10
alluvial,10
etc,10
man,10
external,10
individuals,10
craft,10
wells,10
who,10
seen,10
lothal,10
goods,10
terms,10
both,10
socioeconomic,10
second,10
mature,10
if,9
tion,9
anthropology,9
before,9
throughout,9
clay,9
basic,9
earlier,9
developments,9
oman,9
origins,9
around,9
core,9
shortugai,9
communities,9
thought,9
chronology,9
do,9
dales,9
chalcolithic,9
istituto,9
significant,9
radiocarbon,9
urbanism,9
universitario,9
punjab,9
support,9
distribution,9
city,9
world,9
differentiation,9
years,9
smaller,9
states,9
les,8
graffiti,8
sources,8
long,8
includes,8
review,8
town,8
rather,8
established,8
suggested,8
out,8
grey,8
because,8
fired,8
related,8
personal,8
t,8
annual,8
bangles,8
others,8
scholars,8
larger,8
mughal,8
after,8
interpretations,8
rojdi,8
factors,8
analysis,8
table,8
stratified,8
itself,8
associated,8
beginning,8
size,8
texts,8
traditional,8
difficult,7
environmental,7
common,7
neolithic,7
simple,7
bead,7
human,7
curzon,7
relations,7
mesopotamian,7
traditions,7
walls,7
philadelphia,7
essential,7
without,7
represented,7
similar,7
certain,7
animals,7
banawali,7
age,7
standardized,7
public,7
data,7
trading,7
highly,7
london,7
provided,7
critical,7
single,7
harappans,7
time,7
adjacent,7
vast,7
rivers,7
black,7
become,7
provide,7
usually,7
ideology,7
program,7
order,7
earliest,7
cultures,7
current,7
post,7
any,7
very,7
reflected,7
form,7
vessels,7
role,7
com,7
models,7
known,7
inscribed,7
land,7
north,7
group,6
afghanistan,6
har,6
lower,6
stoneware,6
processes,6
religion,6
segregated,6
context,6
arabian,6
fig,6
apparently,6
higher,6
highlands,6
developed,6
levels,6
monsoon,6
direct,6
changes,6
proposed,6
four,6
view,6
result,6
appears,6
work,6
revealed,6
people,6
approach,6
traders,6
working,6
stage,6
excavation,6
small,6
decline,6
am,6
architecture,6
mechanisms,6
surkotada,6
indicates,6
continuity,6
processing,6
same,6
maintained,6
longer,6
contemporary,6
model,6
where,6
necessary,6
number,6
protohistoric,6
factor,6
national,6
three,6
co,6
times,6
like,6
internal,6
figurine,6
often,6
types,6
set,6
each,6
brick,6
rural,6
animal,6
economy,6
mrg,6
level,6
kin,6
technologies,6
commodities,6
include,6
need,6
defined,6
summary,6
elites,6
does,5
o,5
fairservis,5
distributed,5
modern,5
diversity,5
diffusion,5
being,5
problem,5
baked,5
precondition,5
tra,5
marine,5
sociopolitical,5
key,5
since,5
x,5
controlled,5
centralized,5
collapse,5
jarrige,5
due,5
dis,5
alliances,5
wet,5
identification,5
how,5
appan,5
connected,5
population,5
produced,5
occupational,5
emergence,5
surface,5
further,5
ceramics,5
lai,5
survey,5
winter,5
oriental,5
presented,5
suggest,5
presence,5
climate,5
villages,5
cattle,5
preliminary,5
geographical,5
periods,5
will,5
variety,5
absence,5
faience,5
make,5
rabi,5
included,5
mound,5
subcontinent,5
towns,5
beliefs,5
figurines,5
less,5
streets,5
private,5
range,5
chronologies,5
including,5
contacts,5
elite,5
kharif,5
drains,5
so,5
administrative,5
anthropologist,5
sindh,5
lapis,5
la,5
iran,5
referred,5
sequences,5
fall,5
ing,5
mounds,5
dispersed,5
civilizations,5
incised,5
allahdino,5
setting,5
domestic,5
report,5
phd,5
maintain,5
almost,5
suggests,5
art,5
entire,5
paleorient,5
jhukar,5
stratification,5
km,5
much,5
ganga,4
sealings,4
expedition,4
needed,4
character,4
sys,4
du,4
contexts,4
nature,4
available,4
great,4
intaglio,4
balakot,4
achieved,4
last,4
alluvium,4
logical,4
functions,4
eras,4
explained,4
z,4
ha,4
houses,4
egypt,4
york,4
coastal,4
process,4
derived,4
special,4
vidale,4
feel,4
space,4
understand,4
house,4
mohenjo,4
resource,4
peninsula,4
ornament,4
nausharo,4
permanent,4
closely,4
vedic,4
plateau,4
wares,4
discrete,4
institute,4
domestication,4
estimate,4
scale,4
aspects,4
preconditions,4
beads,4
documented,4
least,4
field,4
involved,4
few,4
sculptures,4
inte,4
up,4
results,4
sea,4
likely,4
polished,4
scientific,4
populations,4
identified,4
limited,4
female,4
still,4
above,4
useful,4
lack,4
kutch,4
calib,4
end,4
forms,4
strategies,4
material,4
belief,4
northwestern,4
another,4
top,4
full,4
carnelian,4
clear,4
points,4
structure,4
grain,4
division,4
carried,4
continued,4
ecological,4
male,4
detailed,4
existed,4
anthropological,4
eventually,4
must,4
rainfall,4
cemetery,4
organized,4
seem,4
makran,4
living,4
what,4
them,4
weights,4
des,4
little,4
transport,4
practices,4
variability,4
varied,4
formation,4
urbanization,4
numerous,4
beyond,4
physical,4
remains,4
flooding,4
kachi,4
focus,4
middle,4
occur,4
now,3
decentralized,3
bangle,3
transportation,3
metal,3
residing,3
representing,3
red,3
totally,3
linguistic,3
overland,3
identify,3
essays,3
protection,3
source,3
accumulation,3
ideas,3
every,3
archae,3
attempts,3
definition,3
route,3
wooden,3
secondary,3
highland,3
differences,3
reveal,3
concludes,3
resulting,3
decentralization,3
emphasized,3
california,3
signs,3
surveys,3
papers,3
designs,3
con,3
right,3
clearly,3
significance,3
variations,3
undoubtedly,3
identifies,3
surplus,3
conflict,3
iron,3
royal,3
rissman,3
borderlands,3
interior,3
hierarchy,3
relatively,3
ability,3
parpola,3
assessment,3
distinct,3
perspective,3
architectural,3
defensive,3
weight,3
storage,3
y,3
communication,3
pronounced,3
cites,3
industries,3
irriga,3
damb,3
growth,3
environments,3
importance,3
generally,3
parts,3
moenjodaro,3
elaborate,3
burials,3
precious,3
acquisition,3
locally,3
intensive,3
mundigak,3
dition,3
weather,3
daro,3
observations,3
upper,3
delta,3
terminology,3
plenum,3
dominant,3
ranges,3
my,3
pastoral,3
method,3
basin,3
faunal,3
base,3
ranking,3
pro,3
traced,3
buried,3
versity,3
burial,3
tools,3
cannot,3
metals,3
wide,3
hierarchies,3
directly,3
decipherment,3
planning,3
indigenous,3
discussions,3
northwest,3
climatic,3
beginnings,3
past,3
artifact,3
reliable,3
cope,3
concept,3
when,3
structured,3
activities,3
he,3
ranging,3
short,3
comparative,3
international,3
standardization,3
makkan,3
plow,3
museum,3
represents,3
rain,3
meluhha,3
yamuna,3
light,3
iranian,3
puratattva,3
begins,3
routes,3
street,3
members,3
camel,3
habur,3
shows,3
riverine,3
plan,3
crop,3
grave,3
diverse,3
variation,3
distributions,3
wild,3
paris,3
present,3
containers,3
polities,3
demonstrated,3
interrelated,3
understanding,3
tank,3
net,3
evolution,3
symbolic,3
continuities,3
grated,3
open,3
explorations,3
iconographic,3
spread,3
function,3
summer,3
features,3
played,3
uni,3
artisans,3
preand,3
occupied,3
seasons,3
today,3
science,3
sometimes,3
five,3
scratched,3
transformation,3
gangetic,3
dietrich,3
antiquity,3
construction,3
caste,3
cam,3
series,3
extensive,3
precise,3
bronze,3
constructed,3
bales,3
paper,3
contextual,3
particularly,3
written,3
works,3
unlikely,3
ghaggar,3
whether,3
making,3
agricultural,3
extent,3
inscriptions,3
consisting,3
categories,3
became,3
plans,3
pi,3
manufacturing,3
calibrated,3
jan,3
locations,3
similarity,3
integrated,3
define,3
specialists,3
sur,3
manufacture,3
aachen,3
joshi,3
correlate,3
reached,3
spe,3
should,3
ca,3
built,3
final,2
carved,2
ments,2
edge,2
estimated,2
way,2
indicated,2
bahawalpur,2
quetta,2
mosaic,2
market,2
soci,2
introduction,2
village,2
center,2
neighborhoods,2
tures,2
authority,2
bullae,2
easily,2
grasslands,2
mitathal,2
fixed,2
laid,2
total,2
cornell,2
khan,2
contact,2
gan,2
rapid,2
location,2
meaning,2
degree,2
au,2
layout,2
mont,2
affinities,2
preor,2
terra,2
thank,2
exotic,2
bos,2
able,2
government,2
farther,2
hunting,2
subsequent,2
das,2
inland,2
consist,2
date,2
precisely,2
concepts,2
raised,2
investigations,2
fouilles,2
ghazi,2
case,2
depending,2
persian,2
primary,2
iv,2
consumers,2
occurring,2
supply,2
reflecting,2
tablets,2
tlement,2
establishment,2
fur,2
quantity,2
shellfish,2
foun,2
stress,2
labor,2
segregation,2
differential,2
cemeteries,2
merchants,2
pied,2
contemporaneous,2
bent,2
agate,2
philosophical,2
modes,2
misconception,2
nor,2
document,2
archaeo,2
channels,2
served,2
lineage,2
aravalli,2
compared,2
dation,2
ety,2
mul,2
look,2
spite,2
ecosystems,2
coasts,2
adult,2
traits,2
postmonsoon,2
acknowledge,2
impressions,2
ment,2
impossible,2
simultaneously,2
high,2
reflects,2
his,2
devastating,2
main,2
intraregional,2
remain,2
tectonic,2
lazuli,2
hie,2
integra,2
neighborhood,2
ns,2
contributions,2
dialogue,2
distant,2
summarized,2
cohmap,2
drainage,2
firing,2
means,2
modified,2
references,2
arid,2
sown,2
marks,2
specialization,2
baroda,2
presumably,2
producers,2
tata,2
argued,2
jacobson,2
lumps,2
cotton,2
reconsideration,2
theory,2
protohistory,2
providing,2
dc,2
sheri,2
gul,2
tarakai,2
societies,2
erosion,2
called,2
conspicuous,2
scenes,2
cialized,2
sedentary,2
rooms,2
centrally,2
depictions,2
initial,2
inter,2
markets,2
term,2
academic,2
left,2
rangpur,2
mate,2
recently,2
reinforce,2
millets,2
harvested,2
centrale,2
absolute,2
explain,2
required,2
bactrian,2
colonies,2
none,2
protected,2
literature,2
intense,2
industrial,2
heavily,2
characterization,2
part,2
bazaars,2
recherche,2
apparent,2
confined,2
patterning,2
asiatiques,2
mohenjodaro,2
whole,2
q,2
broad,2
aravallis,2
project,2
memoirs,2
relative,2
trends,2
graduate,2
published,2
excavated,2
distances,2
quite,2
family,2
soil,2
sufficient,2
shapes,2
bridge,2
coast,2
always,2
visible,2
tracks,2
roots,2
annali,2
notes,2
value,2
settle,2
orientate,2
chronological,2
und,2
led,2
san,2
ibh,2
regionaliza,2
summarize,2
ken,2
gradual,2
service,2
overall,2
expansion,2
purity,2
tucci,2
perennial,2
religious,2
cooler,2
structural,2
biological,2
about,2
cotta,2
yet,2
floods,2
interpretation,2
evolved,2
pre,2
restricted,2
sculpture,2
millenaire,2
ethnographic,2
al,2
kulli,2
largest,2
jg,2
bar,2
cleuziou,2
double,2
kili,2
rupar,2
phillip,2
segments,2
power,2
stronger,2
sensu,2
toward,2
hydrological,2
towards,2
stimulus,2
cultivated,2
fundamental,2
head,2
temples,2
blocks,2
memoriae,2
occupations,2
bovids,2
insular,2
tepe,2
farming,2
identical,2
sumerian,2
reasons,2
segmentary,2
never,2
centre,2
purposes,2
see,2
shifts,2
tory,2
meandering,2
archi,2
bathing,2
extended,2
divided,2
disease,2
discovery,2
desert,2
hindu,2
formal,2
previously,2
increase,2
uncalibrated,2
canals,2
ruling,2
zation,2
controlling,2
emphasize,2
mehr,2
arizona,2
ethnic,2
munity,2
theories,2
dating,2
loosely,2
remaining,2
grew,2
novitates,2
rains,2
watered,2
floodplains,2
revised,2
dikshit,2
dry,2
filled,2
practiced,2
probable,2
ecology,2
standard,2
provides,2
men,2
especially,2
labels,2
coercive,2
article,2
trying,2
evolutionary,2
bordered,2
ornaments,2
capabilities,2
slightly,2
rials,2
furrows,2
institution,2
connections,2
adaptive,2
glyptic,2
cen,2
widely,2
von,2
applies,2
overlapping,2
irregular,2
africa,2
processed,2
figure,2
foreign,2
arabia,2
lines,2
widespread,2
tin,2
directions,2
succeeding,2
armed,2
force,2
began,2
overlap,2
civili,2
examine,2
wheeler,2
boats,2
subdivided,2
fields,2
arts,2
tems,2
freshwater,2
orientalia,2
getic,2
changing,2
extending,2
demonstrate,2
continues,2
grazing,2
mesopo,2
temporal,2
temple,2
here,2
alternative,2
smithsonian,2
school,2
know,2
revetments,2
berkeley,2
natural,2
stadt,2
migration,2
sizes,2
exploration,2
did,2
unknown,2
dholavira,2
ideological,2
plateaus,2
saurashtra,2
stamped,2
type,2
advances,2
musee,2
better,2
evident,2
exca,2
preurban,2
carefully,2
spatial,2
selected,2
nsh,2
leilan,2
seasonal,2
periphery,2
require,2
shah,2
tant,2
information,2
oubliees,2
ramanand,2
port,2
bombay,2
cult,2
conference,2
varieties,2
preserved,2
dams,2
devel,2
doab,2
techniques,2
transition,2
hakra,2
rigid,2
lab,2
discussion,2
phenomenon,2
allows,2
definitions,2
aspect,2
iraq,2
question,2
sealing,2
shown,2
recording,2
autochthonous,2
frame,2
cholistan,2
course,2
contributed,2
fauna,2
gandhara,2
consumption,2
peninsular,2
unified,2
colleagues,2
tributaries,2
extremely,2
mainz,2
increased,2
pirak,2
orga,2
maintaining,2
supported,2
potential,2
apart,2
rajasthan,2
hills,2
hulas,2
tamil,2
debate,2
impor,2
classes,2
defines,2
element,2
evi,2
dental,2
abandoned,2
re,2
among,2
technological,2
lu,2
livestock,2
building,2
calibrations,2
southeastern,2
indicating,2
draft,2
perception,2
hypothesis,2
unpredictable,1
dynamic,1
kechi,1
miller,1
rann,1
winds,1
donations,1
turation,1
mostly,1
mahabharata,1
abinash,1
simla,1
sest,1
oriented,1
bub,1
nized,1
etude,1
inlaid,1
humaines,1
fertile,1
substances,1
names,1
revue,1
integrating,1
correlations,1
created,1
functional,1
separated,1
career,1
ideo,1
affected,1
extreme,1
episodes,1
resulted,1
floodwaters,1
dimension,1
repre,1
lated,1
measures,1
fea,1
combine,1
considerably,1
mar,1
differentiating,1
sphere,1
defenses,1
per,1
beneath,1
jarres,1
rolled,1
gedrosia,1
becoming,1
juxtaposition,1
aceramic,1
obsolete,1
replaced,1
ive,1
flourish,1
ience,1
expression,1
archaeozoological,1
tinctive,1
effective,1
elaborated,1
manufac,1
designed,1
peas,1
civiliza,1
ditional,1
currency,1
sets,1
ways,1
mudand,1
mous,1
di,1
coalition,1
jonathan,1
paradigms,1
favor,1
sym,1
considerations,1
conical,1
cific,1
descriptive,1
backs,1
undertaken,1
ciii,1
necessarily,1
presents,1
occurred,1
stan,1
behavior,1
knox,1
feels,1
assume,1
induced,1
waist,1
abun,1
oub,1
calibration,1
territorial,1
offering,1
academiae,1
negative,1
warehouse,1
fluctuations,1
shells,1
notre,1
decen,1
sit,1
attributable,1
else,1
fluvial,1
either,1
transitions,1
beneficial,1
bioklimatologie,1
palimp,1
ninevite,1
preceding,1
creation,1
localities,1
posed,1
lowed,1
exclusive,1
coexist,1
thoroughfare,1
taken,1
military,1
egies,1
shaf,1
concentrated,1
might,1
season,1
stylistic,1
sub,1
pura,1
consin,1
analogies,1
advanced,1
seems,1
editions,1
guistically,1
enous,1
immense,1
erlands,1
genea,1
archaeologically,1
continue,1
leading,1
assess,1
advantage,1
sedimentation,1
together,1
ganeshwar,1
hunted,1
indeed,1
whatever,1
recueil,1
colloque,1
arises,1
aesthetic,1
closer,1
reply,1
dur,1
wore,1
locality,1
take,1
evolving,1
reinterpret,1
feature,1
integrate,1
jansen,1
patterned,1
inundation,1
hoard,1
stand,1
burdening,1
chiefdoms,1
hypotheses,1
doc,1
sutlej,1
debut,1
nal,1
reading,1
swat,1
epic,1
shrine,1
contents,1
explosive,1
theoretical,1
partners,1
evaluation,1
side,1
forum,1
ascribed,1
corresponded,1
moisture,1
botanical,1
westview,1
junayz,1
recorded,1
strat,1
stretched,1
eastwards,1
oceania,1
mass,1
exploit,1
me,1
ocarbon,1
discuss,1
lim,1
march,1
shroud,1
reanalysis,1
paleogeography,1
peting,1
low,1
quantities,1
perimeter,1
capable,1
determined,1
ered,1
activity,1
entrepreneurs,1
agra,1
characterize,1
reaching,1
adopting,1
april,1
commonality,1
oxcart,1
fluctuation,1
bibliography,1
ings,1
move,1
investigator,1
ticrop,1
fine,1
inhabited,1
stratigraphy,1
taking,1
except,1
palaeoethnobotanical,1
far,1
complimentary,1
indig,1
bottom,1
genetic,1
ship,1
reconstruction,1
mundane,1
correlation,1
fritted,1
demanded,1
tate,1
measurement,1
opposes,1
prevented,1
hisham,1
plowed,1
granaries,1
gateways,1
monoethnic,1
aggression,1
framework,1
tralization,1
avenues,1
distribu,1
regarding,1
ends,1
thus,1
pen,1
retaining,1
accessible,1
selves,1
sumer,1
relationships,1
liees,1
eventual,1
estimating,1
component,1
spectrum,1
facts,1
humanly,1
mm,1
surrounded,1
backgrounds,1
overexten,1
against,1
sediment,1
molded,1
proto,1
sumers,1
forgotten,1
characteristic,1
hab,1
contributors,1
ern,1
amounts,1
te,1
reliably,1
facet,1
uniformity,1
grouped,1
jr,1
media,1
expected,1
dence,1
learning,1
forced,1
interprets,1
worn,1
estimates,1
tape,1
eign,1
remembering,1
diocarbon,1
iduse,1
individual,1
elements,1
speculative,1
cussed,1
places,1
canal,1
stabilized,1
ver,1
refer,1
pecked,1
uniformly,1
back,1
serving,1
columbia,1
six,1
young,1
myth,1
siestan,1
suitable,1
bone,1
engineering,1
cardinal,1
inadequately,1
kuntasi,1
thapar,1
contemporaneously,1
overarching,1
theriomorphic,1
sin,1
mad,1
turkmenia,1
details,1
simplistic,1
kashmir,1
recherches,1
achaemenid,1
generation,1
businessmen,1
paste,1
error,1
depths,1
sarasvati,1
readable,1
mechanism,1
kept,1
jean,1
languages,1
van,1
drained,1
seventh,1
opposed,1
lages,1
mesolithic,1
via,1
mexico,1
ml,1
cuisson,1
links,1
drainages,1
civi,1
grid,1
soviet,1
across,1
centered,1
generations,1
napoli,1
ecosys,1
skalnik,1
ra,1
sort,1
astronomy,1
lie,1
megalithic,1
organizing,1
thou,1
cylinder,1
keepers,1
reference,1
vishnu,1
centralization,1
capture,1
myself,1
frit,1
conceptions,1
excavators,1
reworked,1
orna,1
lasted,1
annales,1
captives,1
moieties,1
observatory,1
viewed,1
korum,1
hp,1
puzzle,1
balanced,1
dashly,1
kilns,1
winters,1
lacking,1
white,1
discoveries,1
productive,1
rit,1
scattered,1
front,1
figures,1
gathering,1
iosephi,1
wash,1
localized,1
subsis,1
category,1
helsinki,1
bad,1
ensure,1
lin,1
biased,1
deccan,1
quarterly,1
cherts,1
congested,1
skeleton,1
reinforcement,1
toy,1
oping,1
familiar,1
leg,1
multitiered,1
grains,1
peasant,1
dated,1
duke,1
acculturated,1
artificial,1
sum,1
fifth,1
cyclades,1
indo,1
numbers,1
impact,1
placed,1
methodist,1
gradually,1
mary,1
masson,1
hierarchically,1
houseboat,1
northeastern,1
quantify,1
weak,1
pak,1
accessibility,1
jodaro,1
exposure,1
baluchis,1
influ,1
unavoidable,1
carolina,1
exploited,1
store,1
additional,1
statement,1
temporaneous,1
unfathomed,1
concerning,1
followed,1
silt,1
comparisons,1
rice,1
buffalo,1
tances,1
committee,1
palaeoanthropology,1
shifted,1
seagoing,1
mo,1
helped,1
syntheses,1
tamia,1
contrary,1
antecedents,1
warmer,1
strategy,1
sultanate,1
decades,1
mer,1
molds,1
persed,1
myths,1
numerical,1
cropping,1
plaine,1
frontier,1
invading,1
butted,1
constructive,1
arms,1
bureaucracy,1
metrology,1
whereas,1
detachable,1
avant,1
sive,1
moving,1
geokysur,1
came,1
ditions,1
whom,1
inten,1
suomalainen,1
allow,1
deltas,1
tem,1
future,1
develops,1
conservative,1
difficulty,1
bricks,1
ology,1
oriyo,1
struc,1
taining,1
relating,1
lift,1
circa,1
events,1
relate,1
mythical,1
zone,1
cialist,1
persist,1
captured,1
ogy,1
synthesize,1
correlates,1
glacial,1
ceived,1
circulation,1
density,1
tralized,1
fourth,1
occupation,1
aux,1
understood,1
transactions,1
focused,1
madi,1
rectangular,1
aryan,1
bampur,1
war,1
linguists,1
battered,1
duced,1
nating,1
timargarha,1
dispersal,1
bilin,1
mohammad,1
excellent,1
kullis,1
fish,1
wealth,1
gessen,1
scientiarum,1
outlined,1
levant,1
simulations,1
tracking,1
periano,1
val,1
sedentism,1
adabi,1
incisees,1
impression,1
experiment,1
failure,1
sedimentological,1
network,1
spheres,1
distinguish,1
stances,1
line,1
closed,1
island,1
drawn,1
sity,1
updated,1
scatters,1
submontane,1
mobilization,1
cord,1
reader,1
floodplain,1
ganweriwala,1
distinctively,1
nc,1
varna,1
murals,1
hereditary,1
contemporaines,1
judeirjo,1
knowledge,1
tombs,1
southwest,1
penetrating,1
interlocking,1
bols,1
realm,1
gave,1
fit,1
intermediate,1
millet,1
refined,1
obscured,1
expansive,1
issues,1
suppliers,1
records,1
sadaat,1
seated,1
formerly,1
cluster,1
perishable,1
rakhigarhi,1
rituals,1
call,1
outposts,1
resurrecting,1
away,1
bounded,1
formations,1
compact,1
systematic,1
halim,1
smallest,1
interpreted,1
includ,1
rafts,1
own,1
ethnicity,1
diverted,1
polity,1
attributed,1
count,1
redistribution,1
cults,1
messages,1
redistributed,1
aire,1
earth,1
atlas,1
porters,1
responses,1
geomorphol,1
computer,1
optimal,1
interregional,1
punctuated,1
commerce,1
indi,1
composite,1
paleography,1
sharma,1
fulfilled,1
below,1
binations,1
deity,1
yahya,1
buildings,1
drier,1
tested,1
indicators,1
son,1
terminologies,1
politically,1
le,1
contrast,1
propose,1
tries,1
synthesized,1
melted,1
instituut,1
geomorphology,1
ological,1
orient,1
specifically,1
openly,1
radi,1
eco,1
ethni,1
leaves,1
workshops,1
erature,1
concerns,1
republics,1
floating,1
revealing,1
components,1
himalayas,1
vation,1
hague,1
grow,1
temporary,1
tation,1
vidya,1
woolly,1
funerary,1
portions,1
atghazi,1
boundaries,1
nization,1
ons,1
sistan,1
mythological,1
lalitkala,1
goat,1
dardization,1
kohistan,1
regardless,1
zigzag,1
appropriate,1
newly,1
displaced,1
dam,1
pot,1
rest,1
gordon,1
proportions,1
dietary,1
fiber,1
gle,1
survived,1
haryana,1
collectivity,1
gual,1
uncommon,1
processual,1
horizons,1
supplicant,1
fa,1
approximate,1
units,1
situation,1
fortunate,1
sociopo,1
ceremonial,1
unfolded,1
lit,1
saw,1
commu,1
functioning,1
tively,1
hump,1
sharo,1
action,1
logically,1
confederacies,1
synthesis,1
urbanizations,1
located,1
archy,1
tery,1
millenniums,1
description,1
corporation,1
brief,1
bilingual,1
tracing,1
pasturage,1
disturbance,1
attaching,1
object,1
community,1
formative,1
boss,1
diver,1
tor,1
preferences,1
standing,1
humans,1
outer,1
collapsed,1
penguin,1
hold,1
westerly,1
tends,1
protoliterate,1
positive,1
sion,1
label,1
corpus,1
umented,1
worked,1
spoken,1
urbis,1
once,1
eral,1
decorative,1
marques,1
springs,1
asiatic,1
fair,1
waterproof,1
oasis,1
archiv,1
nonlocal,1
makes,1
read,1
thames,1
acknowledgments,1
financial,1
hier,1
under,1
horned,1
differentiate,1
index,1
lineages,1
compiled,1
unwin,1
marshall,1
vindhyan,1
merchant,1
jay,1
fringes,1
generalized,1
planned,1
extinction,1
hyderabad,1
itation,1
suomalaisen,1
watson,1
shifting,1
choices,1
performed,1
sharply,1
efforts,1
tectural,1
bitumen,1
floor,1
colored,1
already,1
department,1
lined,1
tiedea,1
tanl,1
noted,1
deities,1
lisa,1
opment,1
frameworks,1
stones,1
fill,1
organizations,1
inhabitants,1
walled,1
fire,1
correspondences,1
subregions,1
palm,1
mark,1
fin,1
fragmentation,1
death,1
academy,1
trapping,1
domains,1
motifs,1
flat,1
contin,1
lovell,1
moenjo,1
ostrand,1
analytical,1
enced,1
attrib,1
husbandry,1
incorporates,1
demon,1
suprakin,1
avec,1
idea,1
reconsid,1
conduct,1
meadow,1
bleached,1
proposal,1
appeared,1
depict,1
intended,1
rugged,1
abstract,1
nonhumped,1
analogy,1
choice,1
outdated,1
example,1
msu,1
vindhya,1
beg,1
banks,1
imi,1
physik,1
sarcina,1
amri,1
doubt,1
functionally,1
discussed,1
muhammad,1
superstructure,1
chiefdom,1
mountainous,1
overstate,1
conclusions,1
outside,1
paleobotanical,1
iranien,1
hand,1
ground,1
crosscut,1
conquete,1
covered,1
operating,1
ur,1
secular,1
continuing,1
archaeobotanical,1
existing,1
empire,1
ensured,1
accepted,1
coercion,1
nau,1
non,1
hinterlands,1
dhavalikar,1
nance,1
colum,1
predominated,1
tell,1
arqueologia,1
confrontation,1
handicap,1
coincided,1
stech,1
eg,1
origin,1
ul,1
colony,1
norms,1
preced,1
swing,1
neously,1
delvistituto,1
routledge,1
cul,1
losephi,1
style,1
respec,1
gives,1
cremation,1
regionally,1
linked,1
valleys,1
istan,1
poona,1
studied,1
ankle,1
interpreting,1
summers,1
original,1
trait,1
analyzed,1
balance,1
thar,1
mounded,1
supplies,1
rulers,1
coherent,1
moulds,1
examples,1
background,1
treated,1
assemblages,1
completed,1
organisms,1
virgin,1
coated,1
values,1
locate,1
inscription,1
challenging,1
deposits,1
coffin,1
manufactured,1
merge,1
pasturelands,1
forested,1
turbances,1
achae,1
identity,1
skeletal,1
entirely,1
traded,1
moitie,1
clearance,1
assumption,1
iso,1
refers,1
culturewide,1
collaborative,1
sequence,1
raikes,1
products,1
bed,1
willey,1
questions,1
pack,1
circumstance,1
services,1
examination,1
smalland,1
geomorphologie,1
struction,1
munshiram,1
necessitated,1
students,1
discontinuities,1
described,1
vii,1
clearing,1
platform,1
rejected,1
militaristic,1
sev,1
landscapes,1
discovered,1
reality,1
lacustrine,1
patible,1
modem,1
gration,1
appa,1
comprehensive,1
peripheral,1
publication,1
language,1
lakes,1
dominated,1
maintenance,1
interpret,1
defense,1
symposium,1
flam,1
misperception,1
nonurban,1
exquisite,1
flood,1
calcutta,1
recon,1
reconstructed,1
cally,1
collected,1
sands,1
drilling,1
mountain,1
configurations,1
segment,1
harappeene,1
presidential,1
dant,1
imagination,1
ited,1
class,1
ture,1
margin,1
agri,1
moen,1
graphic,1
sandy,1
discarded,1
litical,1
fatal,1
qualities,1
mining,1
methods,1
aegean,1
neck,1
topics,1
interconnections,1
categorize,1
enjoyed,1
hunters,1
improbable,1
primitive,1
adapted,1
divides,1
adaptations,1
epics,1
nageshwar,1
revolution,1
schrift,1
nomic,1
poteries,1
mainte,1
contradic,1
compilations,1
anatolia,1
delimited,1
subkontinents,1
tence,1
lowships,1
behind,1
convincingly,1
clans,1
ued,1
concerted,1
uncritical,1
separate,1
gen,1
increasing,1
fails,1
dogs,1
farm,1
consists,1
somewhat,1
suggestion,1
relying,1
groupings,1
relationship,1
abundance,1
meander,1
cance,1
publishing,1
composed,1
interdependent,1
george,1
kala,1
elam,1
crucial,1
invasion,1
sindhi,1
weis,1
naturally,1
testing,1
maps,1
hill,1
begin,1
assigns,1
gin,1
azam,1
vertical,1
attitude,1
debates,1
signifi,1
allahabad,1
institutions,1
spp,1
becomes,1
jammu,1
indischen,1
lost,1
pop,1
ducing,1
yale,1
reposte,1
jar,1
suggestions,1
bins,1
akkad,1
try,1
espacial,1
life,1
why,1
plex,1
interconnected,1
populace,1
associate,1
mother,1
centuries,1
sandstone,1
urstromtal,1
dent,1
sof,1
heather,1
interpretive,1
mud,1
monumental,1
bala,1
forest,1
photographs,1
stable,1
considered,1
vidhya,1
addressed,1
forests,1
claims,1
campaign,1
karachi,1
differentiated,1
produc,1
emerging,1
share,1
cyclonic,1
utable,1
ned,1
metropolis,1
forma,1
practice,1
growing,1
hinduism,1
ters,1
threeor,1
porates,1
complexity,1
homogeneity,1
seafaring,1
biases,1
incorporated,1
preclude,1
simply,1
geographic,1
farmed,1
rigidly,1
determinants,1
extension,1
seistan,1
questioned,1
dr,1
friends,1
consensus,1
willingness,1
proposes,1
carl,1
ulations,1
symbol,1
gallery,1
poisoned,1
sustained,1
wherever,1
der,1
cervids,1
mirrors,1
sibly,1
milieu,1
erected,1
defining,1
leshnik,1
hordes,1
claessen,1
stamp,1
readily,1
literary,1
cm,1
accul,1
capability,1
global,1
contained,1
continu,1
strated,1
innovations,1
best,1
down,1
buddhist,1
sent,1
gazelle,1
coring,1
argue,1
half,1
universal,1
akkadian,1
then,1
tifications,1
ideolo,1
intro,1
seaport,1
pakistani,1
themselves,1
sustaining,1
rely,1
privileged,1
researches,1
dumped,1
ous,1
cultivation,1
build,1
historical,1
pit,1
bases,1
tracts,1
distinctive,1
las,1
kcnoycr,1
goddess,1
notational,1
concrete,1
pri,1
cylinders,1
following,1
protourban,1
ham,1
game,1
according,1
scholarly,1
zooarchaeological,1
investigation,1
combined,1
rose,1
regime,1
multidisciplinary,1
chro,1
legitimi,1
involvement,1
plants,1
mony,1
idee,1
dallas,1
tehran,1
covers,1
passed,1
geo,1
zeit,1
brazier,1
interval,1
incor,1
turers,1
adaptation,1
supplemented,1
culmi,1
predate,1
fully,1
utilitarian,1
foundations,1
differs,1
infrastructures,1
cones,1
cloth,1
bannu,1
nuances,1
vil,1
ism,1
silts,1
travel,1
finished,1
spaces,1
monitored,1
owner,1
bath,1
careful,1
potters,1
entrance,1
nonspe,1
multiple,1
ill,1
prehis,1
attached,1
posturban,1
uniform,1
facings,1
dice,1
lich,1
confirm,1
press,1
verification,1
nonliquid,1
african,1
die,1
sitting,1
fel,1
controls,1
measure,1
domesticates,1
transpor,1
palynology,1
janapada,1
alternating,1
katemian,1
equipped,1
families,1
dock,1
ized,1
isolated,1
evidenced,1
garh,1
eroding,1
coming,1
think,1
recovered,1
our,1
come,1
melluha,1
promoted,1
until,1
spring,1
difference,1
reveals,1
lands,1
conn,1
encouragement,1
wis,1
illinois,1
lato,1
semiautono,1
paradigm,1
tha,1
chemical,1
iconic,1
trauma,1
pierced,1
mode,1
iden,1
origines,1
agam,1
sat,1
approximately,1
instead,1
grown,1
environ,1
developmental,1
clearest,1
maritime,1
disruption,1
arti,1
involving,1
rival,1
centrality,1
effects,1
weap,1
derive,1
presenting,1
francisco,1
association,1
classification,1
lech,1
nomadism,1
roughly,1
arctic,1
needs,1
vi,1
trajectory,1
eleusine,1
vessel,1
assumed,1
posture,1
ser,1
fol,1
tribes,1
exhaustive,1
vary,1
furnaces,1
jenseits,1
tiregional,1
create,1
plaques,1
kara,1
import,1
plexity,1
given,1
indicus,1
develop,1
sourcing,1
token,1
strong,1
nara,1
cross,1
simulta,1
bene,1
meeting,1
hege,1
sen,1
restriction,1
vergessen,1
cited,1
necklaces,1
gold,1
bundles,1
continuously,1
