WORDCOUNTS,WEIGHT
the,1295
of,788
and,673
in,479
to,214
a,200
de,157
spanish,138
at,126
by,115
was,114
caribbean,109
la,107
as,106
pp,101
been,97
that,91
were,88
on,86
for,83
have,81
from,79
florida,72
contact,71
this,71
taino,68
p,65
university,65
sites,62
period,62
new,61
puerto,61
european,61
is,61
with,58
these,57
has,53
site,48
also,47
archaeological,47
early,44
san,43
it,40
del,40
indians,40
santo,39
j,36
indian,36
an,36
are,33
r,33
columbus,33
which,33
en,32
c,32
archaeology,31
y,31
antilles,31
cultural,30
or,30
their,29
islands,29
e,28
century,28
m,28
world,28
first,27
american,26
there,26
nueva,26
historic,26
other,25
lesser,25
most,25
colonial,25
deagan,24
spaniards,24
they,23
island,23
study,23
occupied,23
not,23
some,23
haiti,23
s,22
state,22
excavations,22
greater,22
during,22
research,22
located,22
juan,22
las,22
through,22
w,21
domingo,21
after,21
material,21
into,20
such,20
south,20
about,20
l,20
both,20
work,19
more,19
garcia,19
although,19
between,19
gainesville,19
real,18
west,18
items,18
his,18
cuba,18
amerindian,18
jamaica,18
museo,18
one,17
those,17
vol,17
no,17
settlement,17
d,17
evidence,17
el,16
sixteenth,16
had,16
occupation,16
well,16
f,16
rico,16
proceedings,16
remains,16
be,16
major,16
journal,15
than,15
town,15
los,15
excavated,15
presence,15
society,15
but,15
only,15
native,15
bas,15
region,15
patterns,15
who,15
report,15
african,15
america,14
apparently,14
population,14
established,14
international,14
its,14
few,14
upon,14
aboriginal,14
believed,14
colonists,14
reported,14
until,14
national,14
much,14
hombre,13
throughout,13
cadiz,13
york,13
dominican,13
sevilla,13
initial,13
part,13
st,13
isabela,13
areas,13
time,13
local,13
largely,13
trade,13
yale,13
life,13
cultura,13
very,13
carib,13
hispaniola,13
interaction,13
h,12
ms,12
i,12
fsm,12
wares,12
because,12
people,12
several,12
culture,12
made,12
bahamas,12
sugar,12
known,12
paper,12
cultures,12
domestic,12
presented,12
materials,12
include,12
among,12
north,12
resources,12
groups,11
large,11
before,11
development,11
g,11
elements,11
fig,11
found,11
dominicano,11
under,11
social,11
ceramic,11
discussed,11
where,11
arqueologia,11
earliest,11
peoples,11
historical,11
traditional,11
labor,10
important,10
prehistoric,10
out,10
ceramics,10
personal,10
republic,10
vega,10
many,10
pattern,10
assemblage,10
slaves,10
congress,10
k,10
pottery,10
primarily,10
coast,10
area,10
information,9
central,9
general,9
postcontact,9
b,9
impact,9
ortega,9
late,9
cat,9
carried,9
spain,9
mexico,9
probably,9
colonization,9
phd,9
city,9
years,9
conn,9
americas,9
later,8
history,8
tradition,8
veloz,8
studied,8
conception,8
relatively,8
old,8
may,8
developed,8
lucayan,8
arrival,8
produced,8
et,8
change,8
when,8
included,8
efforts,8
men,8
can,8
today,8
anthropological,8
natural,8
did,8
particularly,8
number,8
editorial,8
arawak,8
way,7
center,7
stone,7
production,7
taken,7
concentrated,7
origin,7
investigations,7
ritual,7
human,7
since,7
casas,7
slave,7
publications,7
yayal,7
recovered,7
exploitation,7
conquest,7
burial,7
used,7
results,7
absence,7
populations,7
inhabitants,7
considerable,7
bulletin,7
including,7
persisted,7
three,7
latter,7
attention,7
analysis,7
church,7
over,7
them,7
moya,7
glass,7
little,7
metal,6
considerably,6
settlements,6
occurred,6
archaeologically,6
marine,6
eastern,6
unpublished,6
madrid,6
village,6
like,6
luna,6
museum,6
contributions,6
possibly,6
organization,6
fundacion,6
universidad,6
based,6
estudios,6
near,6
record,6
ornamental,6
place,6
least,6
saline,6
quite,6
cattle,6
settlers,6
situation,6
variety,6
ciencias,6
yet,6
two,6
available,6
smith,6
instituto,6
forms,6
v,6
europeans,6
significant,6
salvador,6
california,6
times,6
rouse,6
present,6
species,6
changes,6
small,6
berkeley,6
associated,6
type,6
form,6
adaptation,6
extent,6
africans,6
intermittently,6
abandoned,6
focus,6
southeastern,6
processes,5
o,5
introduction,5
essays,5
ma,5
studies,5
excavation,5
contexts,5
t,5
sources,5
long,5
rapid,5
all,5
nature,5
aeological,5
survey,5
date,5
depleted,5
ad,5
primary,5
along,5
havana,5
tabio,5
sears,5
elaborate,5
prehistory,5
ponce,5
permanent,5
suggested,5
decades,5
demise,5
faunal,5
diet,5
academic,5
traits,5
appears,5
public,5
cambridge,5
data,5
documented,5
order,5
synthesized,5
preliminary,5
rd,5
indicates,5
communities,5
al,5
toward,5
treatment,5
fragments,5
biblioteca,5
adjacent,5
see,5
venezuela,5
colony,5
arch,5
formal,5
food,5
began,5
jose,5
approximately,5
exchange,5
pearl,5
sobre,5
structure,5
northern,5
bureau,5
referred,5
stratigraphic,5
sustained,5
cemetery,5
different,5
past,5
musee,5
antillean,5
augustine,5
institute,5
project,5
intended,5
land,5
impacted,5
era,5
recent,5
mortuary,4
currently,4
done,4
implemented,4
fortified,4
either,4
group,4
he,4
decade,4
western,4
trinidad,4
ranching,4
chanlatte,4
rich,4
able,4
declines,4
system,4
case,4
owing,4
activity,4
carved,4
cited,4
arrom,4
interest,4
subdue,4
extensively,4
distinct,4
bay,4
ediciones,4
santa,4
left,4
even,4
rather,4
tallahassee,4
reworked,4
similar,4
navidad,4
black,4
burials,4
animals,4
shell,4
plaza,4
numbers,4
frequently,4
appear,4
ceramica,4
fla,4
artifacts,4
reduction,4
maggiolo,4
department,4
revealed,4
year,4
contains,4
relocated,4
buildings,4
level,4
around,4
yielded,4
annual,4
notes,4
second,4
various,4
nearly,4
precolumbian,4
historia,4
demographic,4
already,4
raids,4
book,4
guanahatabey,4
indies,4
incorporation,4
contemporary,4
remarkable,4
seventeenth,4
relevant,4
less,4
understanding,4
range,4
contacts,4
use,4
evolution,4
dating,4
christopher,4
characterized,4
shortly,4
we,4
adaptive,4
increasing,4
somewhat,4
tested,4
institutions,4
seen,4
antiquity,4
ing,4
considered,4
any,4
incorporated,4
circumstances,4
extensive,4
recorded,4
anthropology,4
goods,4
animal,4
romero,4
economy,4
volcanic,4
agricultural,4
utilitarian,4
while,4
des,4
john,4
given,4
varied,4
formation,4
goggin,4
manioc,4
building,4
occur,4
common,3
indicated,3
stylistic,3
arevalo,3
environmental,3
expedition,3
college,3
presses,3
measures,3
elaborately,3
complex,3
academia,3
systematically,3
english,3
ways,3
di,3
park,3
policy,3
oviedo,3
exceptions,3
source,3
limestone,3
colon,3
being,3
fifteenth,3
georgia,3
disappearance,3
subsequent,3
feature,3
represent,3
within,3
cruxent,3
con,3
prior,3
congreso,3
point,3
establishment,3
horticultural,3
reconstruction,3
undoubtedly,3
collection,3
arqueologica,3
soto,3
review,3
dynamics,3
acculturative,3
due,3
base,3
characteristic,3
forced,3
response,3
traditions,3
recherches,3
antillas,3
higher,3
acculturation,3
profoundly,3
americans,3
reproduce,3
mammals,3
active,3
environments,3
proportion,3
certain,3
direct,3
parts,3
hodges,3
columbian,3
precious,3
settled,3
locally,3
objects,3
informe,3
origins,3
surface,3
varela,3
providing,3
arrived,3
result,3
location,3
begun,3
search,3
martyr,3
depletion,3
ethnohistorical,3
handbook,3
transculturacion,3
metals,3
required,3
networks,3
pigs,3
none,3
casa,3
related,3
loss,3
consistently,3
densely,3
structures,3
irving,3
lifeways,3
reflect,3
manifestation,3
regions,3
responses,3
field,3
suggest,3
contrast,3
altered,3
concerns,3
revealing,3
texas,3
cubagua,3
visible,3
appropriate,3
seville,3
provided,3
activities,3
periods,3
impacts,3
economic,3
seventh,3
limited,3
leon,3
above,3
presently,3
southern,3
auspices,3
populated,3
us,3
boletin,3
same,3
noted,3
architectural,3
motifs,3
experienced,3
projects,3
depopulated,3
farming,3
chiefdom,3
morban,3
anthropologist,3
took,3
do,3
santiago,3
centre,3
existing,3
strategies,3
spoke,3
siglo,3
free,3
encountered,3
ecology,3
original,3
habana,3
subtropical,3
encounter,3
disease,3
virgin,3
locate,3
ethnology,3
top,3
maria,3
resulting,3
office,3
explorations,3
discovered,3
publication,3
language,3
essay,3
indicate,3
preservation,3
provides,3
disintegration,3
internal,3
coral,3
craft,3
ornaments,3
quincentennary,3
effect,3
southwest,3
dietary,3
extractive,3
tests,3
abundance,3
provide,3
program,3
collections,3
detailed,3
force,3
rapidly,3
existed,3
face,3
complexity,3
incised,3
physical,3
meat,3
indigenas,3
sanate,3
capital,3
william,3
monastery,3
maintain,3
almost,3
urban,3
revista,3
concepcion,3
sea,3
despite,3
practices,3
centro,3
transition,3
kingston,3
our,3
commercial,3
illinois,3
peninsular,3
regular,3
off,3
association,3
dutch,3
repartimiento,3
tribes,3
chicago,3
enterprise,3
documentary,3
built,3
arizona,3
now,2
lopez,2
representing,2
pittsburgh,2
imported,2
boyrie,2
affected,2
coastlines,2
linguistic,2
objetos,2
columns,2
unmodified,2
completely,2
johns,2
porto,2
mainland,2
harsh,2
unlike,2
vegetation,2
latticinio,2
nineteenth,2
foragers,2
chief,2
archaeologists,2
originally,2
attempts,2
restoration,2
culturally,2
season,2
worked,2
europe,2
humana,2
suggesting,2
great,2
beds,2
hispaniolan,2
take,2
consist,2
greatly,2
chiefdoms,2
political,2
context,2
similarities,2
side,2
autonoma,2
motion,2
agriculture,2
ventures,2
design,2
logical,2
shared,2
occupy,2
wing,2
pirates,2
reflecting,2
x,2
economies,2
letter,2
estudio,2
regarding,2
cannibals,2
documentos,2
southwestern,2
immediate,2
explorers,2
scarce,2
adopted,2
prehistoria,2
occurs,2
bahama,2
arena,2
estimates,2
ware,2
adjustment,2
concerning,2
amount,2
caucasian,2
consequently,2
hallazgos,2
influence,2
cimarrones,2
walls,2
poor,2
interesting,2
fort,2
reflects,2
without,2
identification,2
devastating,2
grid,2
impetus,2
ambientes,2
coastal,2
process,2
subsistence,2
probable,2
households,2
ruinas,2
special,2
distant,2
white,2
trabajadores,2
familiar,2
retained,2
intensive,2
latin,2
n,2
dominate,2
house,2
reales,2
observations,2
four,2
commented,2
resource,2
beyond,2
eighth,2
beef,2
shifted,2
founding,2
helped,2
caicos,2
dc,2
disappeared,2
artistic,2
salvage,2
societe,2
arqueologicas,2
declined,2
societies,2
route,2
tural,2
initiation,2
entered,2
called,2
lived,2
sedentary,2
fishing,2
timucua,2
luxury,2
viking,2
amer,2
cristobal,2
caravels,2
informed,2
cacique,2
third,2
reviews,2
province,2
suffered,2
monograph,2
fish,2
wide,2
periodo,2
hopkins,2
sparse,2
aspects,2
kitchen,2
colonies,2
guerrero,2
seminal,2
sity,2
received,2
palacio,2
seminario,2
crude,2
example,2
apparent,2
morales,2
tip,2
overview,2
policies,2
archeology,2
climatic,2
surrounding,2
preparation,2
interpreted,2
nj,2
excavaciones,2
published,2
successful,2
nuevos,2
below,2
zemis,2
catholic,2
hole,2
castle,2
sufficient,2
mineral,2
migration,2
smithsonian,2
crystallization,2
industry,2
nonsocially,2
peak,2
decline,2
fortress,2
ornamented,2
sitio,2
massive,2
replacing,2
industries,2
ameri,2
led,2
morro,2
reduced,2
rome,2
architecture,2
stranded,2
expansion,2
tropical,2
etc,2
still,2
make,2
manifest,2
lockhart,2
turks,2
religious,2
direction,2
com,2
chap,2
vicinity,2
mammal,2
pendant,2
thought,2
serve,2
restricted,2
chronology,2
turtles,2
extinction,2
ethnographic,2
baltimore,2
ed,2
largest,2
alcina,2
rise,2
oral,2
mona,2
ethnohistory,2
comparison,2
cimarron,2
longer,2
consideration,2
caciques,2
importation,2
mountainous,2
foods,2
grave,2
anthro,2
diverse,2
plagued,2
fondeur,2
honor,2
windward,2
caracas,2
antropologia,2
coins,2
hides,2
perhaps,2
convento,2
hale,2
cul,2
reflected,2
mill,2
remained,2
another,2
crown,2
greatest,2
extended,2
assemblages,2
completed,2
accompanying,2
desert,2
assessment,2
depended,2
eclipsed,2
thriving,2
station,2
conditions,2
band,2
sequence,2
questions,2
individuals,2
cathedral,2
trust,2
previous,2
subsurface,2
significance,2
clear,2
maniabon,2
reputation,2
dominated,2
peter,2
amounts,2
allowed,2
feral,2
would,2
geographically,2
so,2
interacted,2
xvi,2
wreck,2
taina,2
paris,2
geography,2
institution,2
adorno,2
corps,2
miscellaneous,2
states,2
perspectives,2
hoy,2
continued,2
science,2
ecological,2
testing,2
begin,2
higuey,2
widespread,2
army,2
establish,2
lives,2
contribution,2
remaining,2
often,2
dans,2
united,2
centuries,2
worlds,2
detail,2
environment,2
contained,2
ornate,2
series,2
founded,2
hernando,2
geographic,2
tatham,2
exposition,2
specific,2
terrestrial,2
here,2
set,2
leeward,2
weaponry,2
quickly,2
masonry,2
caribe,2
global,2
extraction,2
setting,2
exploration,2
ft,2
foundation,2
hispanic,2
windsor,2
plazas,2
americanistas,2
cultivation,2
distinctive,2
admixture,2
turned,2
beginning,2
what,2
investigation,2
traces,2
accounts,2
calif,2
nautical,2
densities,2
univer,2
migrations,2
produce,2
enslavement,2
hospital,2
balance,2
influenced,2
suggests,2
avanzados,2
vessels,2
conference,2
possible,2
transport,2
introduced,2
became,2
role,2
celt,2
subject,2
investigated,2
copper,2
families,2
murga,2
exploit,2
crew,2
think,2
wild,2
devoted,2
shown,2
roots,2
locations,2
difference,2
initiated,2
grant,2
instead,2
fauna,2
consolidated,2
socially,2
fondo,2
ciudad,2
vessel,2
consisted,2
cook,2
reached,2
element,2
severely,2
develop,2
images,2
technological,2
zones,2
ballcourts,2
tragic,2
household,2
gold,2
final,1
resolve,1
circum,1
porcelana,1
ments,1
winds,1
contacto,1
possessed,1
hardware,1
mostly,1
catolica,1
arqueologiques,1
medicinal,1
ville,1
exhibiting,1
page,1
accomplish,1
insule,1
precepts,1
oriented,1
fund,1
span,1
edge,1
if,1
concerned,1
medieval,1
will,1
generated,1
effected,1
embarked,1
functional,1
investigaciones,1
comun,1
accessories,1
northernmost,1
fortaleza,1
migrated,1
epidemics,1
extreme,1
episodes,1
resulted,1
ferdinand,1
sehora,1
chefferie,1
cartas,1
foraging,1
red,1
alone,1
textos,1
adoption,1
originating,1
stands,1
sphere,1
unevenly,1
unsuccessful,1
tact,1
aceramic,1
discover,1
eaten,1
experiment,1
missionization,1
illegal,1
rethink,1
marl,1
properly,1
manufac,1
identify,1
designed,1
scarp,1
maize,1
renamed,1
tures,1
constitutes,1
true,1
holland,1
remnants,1
peaks,1
evidencias,1
bias,1
divers,1
favor,1
conscious,1
considerations,1
former,1
conclusive,1
laboratory,1
ceremonial,1
position,1
prentice,1
pane,1
tome,1
necessarily,1
champaign,1
title,1
laid,1
diving,1
total,1
assisted,1
fragile,1
lowlands,1
plantations,1
buffer,1
englewood,1
orbe,1
phenomenal,1
territorial,1
societal,1
permitted,1
turning,1
women,1
disturbances,1
arms,1
test,1
predominantly,1
diffusion,1
lower,1
oceania,1
synonymous,1
provision,1
historicas,1
fairbanks,1
familiarity,1
davis,1
isla,1
posesiones,1
commission,1
coleccion,1
certainly,1
calusa,1
preceding,1
complained,1
indigena,1
chronicles,1
interests,1
exclusive,1
antiguas,1
historicos,1
repertoire,1
implications,1
sampling,1
kilometers,1
exhibition,1
elusive,1
sub,1
yuma,1
calcareous,1
lumber,1
permanently,1
emerged,1
mudejar,1
stretch,1
floored,1
diseases,1
crippling,1
containing,1
dramatically,1
physiographic,1
espaholes,1
shaped,1
jamaican,1
capitalist,1
olive,1
could,1
continue,1
crops,1
explores,1
assess,1
advantage,1
daily,1
preyed,1
reasons,1
thank,1
differences,1
farmers,1
bead,1
analyses,1
follows,1
rule,1
chroniclers,1
moors,1
mississippi,1
composition,1
enameled,1
launched,1
manu,1
hunting,1
religion,1
glazed,1
niche,1
hands,1
cubana,1
transect,1
aun,1
vegeta,1
persistence,1
last,1
madre,1
electron,1
emphasized,1
mr,1
situ,1
pratique,1
pean,1
mestizaje,1
grenadines,1
profitable,1
surveys,1
behind,1
elucidating,1
racial,1
acerca,1
cuenca,1
historico,1
alfareria,1
erosional,1
sociedad,1
issue,1
effigy,1
takes,1
occasional,1
synchronic,1
corresponded,1
dearth,1
reefs,1
dr,1
iii,1
antillanos,1
thatch,1
portugal,1
tobago,1
morison,1
vatlantique,1
zoogeography,1
key,1
introductory,1
bases,1
mass,1
iv,1
incorporate,1
killed,1
march,1
resisting,1
gardens,1
quantities,1
replacement,1
magnetometer,1
abundantly,1
capable,1
culturas,1
reorganization,1
outlying,1
stance,1
concentrating,1
soils,1
april,1
feinman,1
powers,1
functions,1
guanahata,1
indios,1
insight,1
cion,1
crossed,1
professor,1
emile,1
community,1
taking,1
likely,1
tastes,1
rosa,1
supervision,1
biosphere,1
exchanges,1
indicating,1
quantity,1
shellfish,1
realistic,1
dynamic,1
bottom,1
enter,1
himself,1
particulares,1
against,1
taviani,1
calle,1
pistola,1
valdes,1
fragment,1
furnishings,1
modem,1
aggression,1
diversity,1
colonized,1
funded,1
exist,1
learned,1
implements,1
della,1
million,1
iron,1
xpofano,1
lignum,1
selves,1
chiefs,1
relocation,1
cemeteries,1
dependence,1
sponsored,1
reused,1
historically,1
oceanography,1
guinea,1
severe,1
mine,1
bahoruco,1
colegio,1
visited,1
desoto,1
decorated,1
gargoyles,1
greed,1
audiencia,1
molded,1
neighbors,1
intact,1
republica,1
beans,1
expeditions,1
domain,1
acta,1
foodways,1
benzoni,1
issued,1
price,1
pendants,1
pig,1
actas,1
unhealthy,1
sample,1
dominicana,1
comprised,1
unreported,1
norte,1
turn,1
cases,1
importancia,1
clay,1
secondand,1
sibling,1
etnologia,1
quadrupeds,1
interim,1
historicity,1
perspective,1
adaptacion,1
epoca,1
depend,1
profound,1
back,1
bread,1
ha,1
homes,1
difficulty,1
served,1
graphically,1
dates,1
antigiiedades,1
bone,1
effective,1
single,1
siegel,1
enlightened,1
find,1
biological,1
hybrid,1
explore,1
drawn,1
vincent,1
gil,1
unresolved,1
oceanus,1
communication,1
practically,1
tentatively,1
interamericano,1
disruptions,1
piedra,1
understood,1
floridian,1
liberte,1
fierce,1
exploitive,1
paste,1
fortifying,1
pourvoir,1
costa,1
discussant,1
unlikely,1
mechanisms,1
civilization,1
soil,1
via,1
simultaneously,1
knoxville,1
menace,1
added,1
martinique,1
german,1
cana,1
muerto,1
testimony,1
boulton,1
vacant,1
links,1
slavery,1
growth,1
investigacion,1
main,1
centered,1
highlands,1
fusion,1
convent,1
midseventeenth,1
adapt,1
possession,1
wall,1
influential,1
vida,1
centimeters,1
longest,1
responded,1
remote,1
lasting,1
una,1
arts,1
mechanics,1
opportunity,1
maniel,1
dogs,1
probability,1
earlier,1
lasted,1
earthquake,1
unidades,1
poblation,1
entre,1
adjustments,1
variant,1
balanced,1
huge,1
salvaleon,1
pages,1
nos,1
symbols,1
summarized,1
preliminar,1
mation,1
update,1
resistivity,1
support,1
proton,1
modified,1
references,1
understand,1
downward,1
perceptions,1
occu,1
generaly,1
gids,1
interspersed,1
conferencia,1
biased,1
municipal,1
gonzales,1
rain,1
rijksuniver,1
specialization,1
negriere,1
fishes,1
slowly,1
dated,1
cessful,1
branch,1
abuses,1
clearly,1
hraf,1
elsewhere,1
allocation,1
edition,1
fortifications,1
mudos,1
buttresses,1
placed,1
nationals,1
tradicional,1
novo,1
northeastern,1
exploratory,1
document,1
differs,1
prevent,1
traites,1
crahan,1
rescued,1
orientation,1
show,1
woodlands,1
fashioned,1
agostini,1
africanos,1
additional,1
powerful,1
albuquerque,1
decimation,1
gerbi,1
submerged,1
cotton,1
primer,1
nuestra,1
vieja,1
intentional,1
problems,1
overcame,1
method,1
plenum,1
indesde,1
azua,1
wynter,1
swidden,1
strategy,1
management,1
drawing,1
thrust,1
bahamian,1
union,1
fmial,1
spaniard,1
advance,1
came,1
whom,1
transmission,1
reconquista,1
burt,1
appearance,1
six,1
acknowledgments,1
marion,1
conservative,1
bricks,1
item,1
attack,1
mapping,1
struc,1
relating,1
effort,1
amulet,1
deal,1
chamanisimo,1
alloy,1
anguilla,1
intermediary,1
primacy,1
requirements,1
extinct,1
persist,1
captured,1
defensive,1
philosophical,1
fuel,1
landfall,1
ineditos,1
extracting,1
makeup,1
circulation,1
arranged,1
traversed,1
fourth,1
xxxiii,1
syncretism,1
tainan,1
furthermore,1
coffins,1
transactions,1
equal,1
subsisted,1
buried,1
hinterland,1
experimental,1
dynasty,1
dominicans,1
tools,1
au,1
recently,1
intensity,1
tile,1
cannot,1
gilded,1
scale,1
however,1
holguin,1
instrumental,1
vomit,1
oysters,1
died,1
figueredo,1
symbolically,1
cows,1
expressions,1
coin,1
briefly,1
silver,1
alainza,1
failure,1
shape,1
xix,1
christianity,1
products,1
majolica,1
basis,1
catalogo,1
mitchem,1
paleoenvironmental,1
zoomorphic,1
intense,1
scope,1
rocks,1
horticulture,1
encomienda,1
imports,1
apuntes,1
coloniz,1
nine,1
locus,1
protein,1
claim,1
future,1
struck,1
simplification,1
brought,1
heavily,1
london,1
hereditary,1
knowledge,1
residuario,1
indigenous,1
bartholome,1
multiplied,1
positions,1
intentionally,1
citrus,1
antagonizing,1
bryant,1
erratically,1
fit,1
discussions,1
esqueletos,1
refined,1
castillo,1
obscured,1
issues,1
beginnings,1
records,1
actually,1
reoccupied,1
beads,1
ontario,1
pan,1
winter,1
internacional,1
consistent,1
legislation,1
formations,1
employed,1
systematic,1
showing,1
missions,1
stanford,1
breakdown,1
reinitiated,1
trends,1
markedly,1
memoria,1
approach,1
refuse,1
launching,1
suriname,1
jefatura,1
spatula,1
officials,1
fied,1
caused,1
descriptive,1
emergent,1
responsibility,1
shaping,1
unexpected,1
cious,1
raiding,1
tempe,1
speculations,1
impacting,1
next,1
le,1
precedents,1
obligatory,1
sharp,1
culturales,1
emerging,1
involved,1
normality,1
belt,1
loven,1
woodcut,1
encompasses,1
worst,1
mitchell,1
viejos,1
climaxes,1
characteristics,1
june,1
grow,1
margarita,1
tation,1
prestate,1
dramatic,1
notorious,1
vacuum,1
climate,1
portions,1
weapons,1
diversified,1
carrier,1
fully,1
stratigraphy,1
conquistadors,1
inability,1
progress,1
ment,1
venezuelan,1
majority,1
iglesia,1
productivity,1
lyle,1
proper,1
chanaria,1
rican,1
environmentally,1
displaced,1
pot,1
deer,1
enos,1
ninth,1
sporadic,1
intermarriage,1
tennessee,1
concomitant,1
luxuries,1
input,1
subsequently,1
medioambientes,1
survived,1
chronological,1
ostionoid,1
portion,1
hosts,1
turquoise,1
partially,1
sail,1
quarry,1
exterior,1
precolombienne,1
demand,1
minor,1
saw,1
bringing,1
scientific,1
identified,1
logically,1
cientifica,1
imagery,1
indeed,1
overall,1
yucatan,1
indohispanicos,1
techniques,1
horses,1
corporation,1
return,1
organizacion,1
released,1
classic,1
brief,1
cuisine,1
radiation,1
situacion,1
intensively,1
attempt,1
colaboration,1
precolonial,1
harry,1
bill,1
comments,1
experiences,1
initially,1
outer,1
movement,1
surveyed,1
forcibly,1
inhabited,1
catalina,1
structural,1
rodent,1
riches,1
percentage,1
sturtevant,1
americano,1
contributing,1
forts,1
reforestation,1
gave,1
warlike,1
relied,1
antiquarian,1
interpretation,1
incipient,1
nonlocal,1
nuove,1
suited,1
represents,1
tradewind,1
residence,1
counterparts,1
array,1
caribs,1
inspiration,1
tainos,1
remnant,1
council,1
index,1
annihilated,1
ancient,1
viaggio,1
compiled,1
linnean,1
metallurgy,1
constant,1
assimilation,1
home,1
une,1
crossbow,1
clothing,1
publishing,1
light,1
rabbits,1
complete,1
maima,1
aux,1
rectangular,1
formalized,1
toric,1
wright,1
subdivisions,1
insights,1
provocative,1
alien,1
patterning,1
toronto,1
hundredth,1
bar,1
frameworks,1
dominguez,1
manon,1
ch,1
harper,1
double,1
regardless,1
rings,1
infrastructural,1
mechan,1
mound,1
influencias,1
entrepot,1
successfully,1
hautes,1
comfortable,1
paul,1
grdficas,1
longhouse,1
decoration,1
business,1
others,1
borah,1
academy,1
reporting,1
towns,1
decorative,1
baik,1
flat,1
addition,1
describen,1
generously,1
water,1
gentle,1
cultivated,1
fact,1
shows,1
localizan,1
foodstuffs,1
isms,1
abilities,1
villa,1
introduccion,1
striking,1
minnesota,1
sleep,1
plan,1
powerless,1
appeared,1
rugged,1
crop,1
boleiin,1
angeles,1
larger,1
caballero,1
demonstrating,1
criollos,1
end,1
everything,1
overwhelmingly,1
doubt,1
variation,1
identical,1
americanistes,1
venture,1
golden,1
pennsylvania,1
man,1
noticias,1
cerca,1
removal,1
simple,1
sebastian,1
ressources,1
never,1
procurement,1
papers,1
dominion,1
organizing,1
reconstructing,1
ground,1
conquistay,1
shipwreck,1
nieuwe,1
sensitively,1
mammalian,1
continuing,1
inroads,1
empire,1
suburb,1
indiane,1
rently,1
necessary,1
exotic,1
practice,1
rosenblatt,1
homenaje,1
agencies,1
mundo,1
arawakan,1
decorations,1
ambito,1
carnivore,1
woman,1
downtown,1
adas,1
hurricane,1
frequency,1
lid,1
como,1
distance,1
manieles,1
style,1
streets,1
identifiable,1
elevation,1
degree,1
spindles,1
griddle,1
organize,1
dieta,1
mills,1
archi,1
xli,1
recognizing,1
analyzed,1
classes,1
private,1
technologies,1
exhibit,1
syncretic,1
kathleen,1
discussion,1
supplies,1
archaeo,1
dave,1
peninsule,1
session,1
lands,1
discovery,1
eighteenth,1
endowment,1
deposits,1
sixth,1
strongly,1
colonize,1
elite,1
worship,1
medioambiente,1
fronting,1
entirely,1
expression,1
characteristically,1
unfortunately,1
accession,1
firearms,1
factor,1
causes,1
ballaja,1
relaciones,1
net,1
ethnic,1
trend,1
marcos,1
services,1
hunted,1
autores,1
nevertheless,1
washington,1
described,1
clearing,1
ties,1
low,1
arq,1
cubano,1
bole,1
provoked,1
directed,1
tional,1
authors,1
stress,1
appa,1
peripheral,1
urbanism,1
anniversary,1
estructura,1
grupo,1
mutiny,1
held,1
defense,1
symposium,1
compatriots,1
foret,1
divisions,1
clarkson,1
derived,1
patterned,1
revised,1
huts,1
function,1
alegria,1
plant,1
him,1
recon,1
hardship,1
vintage,1
tribal,1
features,1
risen,1
mask,1
collected,1
tenth,1
lie,1
administrative,1
unsettled,1
proximity,1
spirits,1
illicit,1
representaciones,1
dekalb,1
lorenzo,1
abundant,1
permitting,1
reuse,1
instruction,1
creole,1
bean,1
geografico,1
especially,1
facing,1
written,1
systems,1
satisfy,1
mining,1
typically,1
become,1
relation,1
goteborg,1
colono,1
unoccupied,1
cation,1
plate,1
indio,1
armor,1
depleting,1
consumption,1
ebs,1
story,1
dominance,1
adaptations,1
limerock,1
cruel,1
figures,1
completion,1
relative,1
jerry,1
quarter,1
vertebrate,1
encompassing,1
inventaire,1
colombina,1
widely,1
division,1
translator,1
clusters,1
dohrenwend,1
ranging,1
dealing,1
indented,1
ingenios,1
departmento,1
unsuc,1
suggestion,1
christian,1
para,1
rebel,1
puertor,1
thoughtful,1
humanities,1
arqueologicos,1
gaines,1
arawaks,1
george,1
niveles,1
sometimes,1
ecole,1
five,1
foreign,1
weddle,1
staples,1
shrouds,1
claimed,1
pieces,1
exacerbated,1
deaths,1
fewer,1
male,1
sauer,1
objectos,1
success,1
tin,1
publi,1
directions,1
un,1
rethinking,1
preto,1
nuevo,1
effectively,1
circumstance,1
espanola,1
wilson,1
hacklyut,1
plains,1
goodsnow,1
articles,1
class,1
escuela,1
inspired,1
spared,1
construction,1
achieve,1
remanentes,1
baron,1
chamber,1
frontier,1
drax,1
dead,1
stratified,1
composed,1
tecture,1
measured,1
types,1
exists,1
ensayos,1
itself,1
sweetness,1
unusual,1
nowhere,1
interpretive,1
pearls,1
extensions,1
seat,1
forest,1
regularly,1
short,1
legacies,1
recombined,1
claims,1
family,1
colec,1
differentiated,1
abandonment,1
candle,1
arte,1
monument,1
ordered,1
panama,1
unfree,1
dispersed,1
lessons,1
overriding,1
comes,1
conclusion,1
ethnological,1
encampment,1
capacites,1
maroon,1
monasteries,1
agents,1
farmed,1
rigidly,1
restored,1
mutineers,1
abierta,1
theme,1
masses,1
ranch,1
entry,1
reconnaissance,1
griffin,1
pt,1
sciences,1
relativos,1
wider,1
overexploitation,1
verify,1
nationales,1
know,1
continental,1
mutually,1
intellectual,1
sociales,1
control,1
each,1
stamp,1
halt,1
shares,1
specialized,1
neglected,1
december,1
assumed,1
connection,1
monumentos,1
innovations,1
seem,1
board,1
identi,1
best,1
sent,1
appendix,1
barcelona,1
brick,1
half,1
basins,1
loza,1
current,1
primeras,1
post,1
harvest,1
patrimonio,1
siglos,1
losses,1
sc,1
collins,1
plague,1
ferocity,1
puertorriqueha,1
sustaining,1
duna,1
houses,1
benefit,1
bonnie,1
hazana,1
associations,1
doms,1
redesignated,1
differed,1
tracts,1
ramon,1
espahola,1
replication,1
sailor,1
techno,1
pantel,1
living,1
structed,1
esclavitud,1
advances,1
destroyed,1
places,1
catalogue,1
following,1
franciscan,1
greenwich,1
villages,1
according,1
hall,1
peanuts,1
tracte,1
ruins,1
heads,1
parques,1
notable,1
exploi,1
ciap,1
cooking,1
twisted,1
making,1
mcalister,1
plants,1
chickens,1
nearby,1
males,1
ciboney,1
attitudes,1
artifactual,1
passed,1
geo,1
firmly,1
sunk,1
mathematics,1
distribution,1
supplemented,1
admiral,1
instigation,1
plazoleta,1
carnivores,1
bitterly,1
require,1
testigos,1
serie,1
africa,1
yield,1
too,1
barkless,1
emphasis,1
virginia,1
italian,1
alfredo,1
radiated,1
contain,1
categories,1
art,1
cassava,1
plata,1
middle,1
radically,1
bodies,1
boston,1
transplanted,1
occasionally,1
pation,1
igneri,1
balances,1
preserved,1
entire,1
marked,1
furniture,1
ill,1
prehis,1
slopes,1
elucidate,1
pre,1
carvings,1
november,1
interdisciplinary,1
die,1
administration,1
caparra,1
reserves,1
commissioned,1
territory,1
adapted,1
events,1
harvesting,1
programs,1
resistance,1
arguments,1
duration,1
manufacturing,1
antigua,1
intelligible,1
traite,1
isolated,1
scabbard,1
ensuing,1
perceptual,1
aspect,1
voyage,1
siteit,1
amenities,1
iberian,1
gargoyle,1
come,1
named,1
obrapia,1
comparable,1
undecorated,1
agustin,1
recording,1
drafts,1
unable,1
negro,1
euro,1
realizadas,1
decimated,1
gran,1
intensified,1
renowned,1
petaloid,1
reitz,1
twentieth,1
numerous,1
sud,1
buccaneers,1
temperature,1
stratification,1
staging,1
trauma,1
contrats,1
ecosystem,1
documentation,1
cotter,1
offer,1
blage,1
grown,1
salt,1
dense,1
define,1
yachting,1
usa,1
oriental,1
constructed,1
sur,1
files,1
lista,1
temporal,1
smaller,1
archipelago,1
integration,1
colleagues,1
defined,1
diaspora,1
extremely,1
francisco,1
increased,1
ships,1
ranged,1
practiced,1
primera,1
profits,1
slavers,1
potential,1
news,1
infor,1
settle,1
passages,1
distinctions,1
tropicale,1
miserable,1
km,1
colombo,1
themselves,1
supply,1
hills,1
pedro,1
lustreware,1
texts,1
millares,1
deposition,1
exclusively,1
immediately,1
dad,1
ends,1
plunder,1
sedimentary,1
assume,1
dos,1
should,1
ga,1
meeting,1
roles,1
sculptured,1
cassa,1
close,1
willis,1
increase,1
assem,1
trini,1
