WORDCOUNTS,WEIGHT
the,1002
of,791
and,623
in,341
a,310
maya,189
de,185
to,160
postclassic,158
on,139
at,128
late,120
that,94
is,91
have,81
this,76
was,75
new,75
p,73
archaeology,71
la,70
as,70
d,68
mexico,66
university,64
by,63
from,59
m,58
pp,58
e,57
sites,57
yucatan,56
been,56
research,54
lowland,53
period,53
several,52
were,52
classic,51
has,50
j,49
coast,48
with,48
for,46
also,45
an,45
quintana,44
central,43
many,42
colonial,42
which,41
northern,38
spanish,37
peten,36
r,36
archaeological,35
are,34
these,34
belize,34
most,33
major,33
early,32
east,31
f,30
more,29
trade,29
s,28
their,28
study,28
w,28
andrews,28
political,27
en,27
data,27
it,26
lowlands,25
el,25
had,25
del,25
communities,24
remains,24
they,23
excavations,23
itza,23
historic,23
t,22
southern,22
roo,22
history,21
other,21
l,21
santa,20
or,20
time,20
not,20
nacional,20
carnegie,19
there,19
american,19
site,19
provinces,19
into,19
during,19
region,19
contact,18
rita,18
settlement,18
society,18
antropologia,18
may,17
mayapan,17
focused,17
texas,17
c,17
chichen,16
studies,16
survey,16
g,16
z,16
population,16
organization,16
universidad,16
work,16
architecture,16
culture,16
but,16
between,16
large,15
conducted,15
first,15
last,15
century,15
coastal,15
peninsula,15
san,15
who,15
while,15
area,15
ciencias,14
vol,14
prehispanic,14
structures,14
institution,14
escuela,14
washington,14
evidence,14
be,14
much,14
one,13
papers,13
along,13
earlier,13
appears,13
los,13
tulum,13
instituto,13
publ,13
chetumal,13
vargas,13
campeche,13
recent,13
such,12
y,12
than,12
tayasal,12
phd,12
north,12
i,11
boletin,11
no,11
important,11
cultural,11
well,11
cozumel,11
et,11
led,11
areas,11
patterns,11
features,11
detailed,11
report,11
robles,11
include,11
substantial,11
arqueologico,10
activity,10
civilization,10
based,10
estudios,10
ceramics,10
its,10
island,10
trading,10
few,10
world,10
chase,10
two,10
regional,10
lakes,10
known,10
over,10
mesoamerica,9
mexican,9
interior,9
dc,9
decline,9
jones,9
found,9
residential,9
prominent,9
murals,9
rise,9
around,9
small,9
populations,9
still,9
under,9
mural,9
native,9
antropologicas,9
made,9
lake,9
ties,9
would,9
often,9
when,9
extensive,9
cities,9
las,9
our,9
proyecto,9
groups,8
h,8
conquest,8
mexicana,8
those,8
mexicon,8
investigations,8
eastern,8
some,8
likely,8
throughout,8
bay,8
journal,8
main,8
process,8
changes,8
honduras,8
field,8
part,8
preliminary,8
limited,8
islands,8
community,8
religious,8
included,8
towns,8
see,8
harvard,8
began,8
through,8
role,8
among,8
now,7
center,7
settlements,7
roys,7
western,7
sources,7
available,7
state,7
sixteenth,7
sabloff,7
resources,7
collapse,7
development,7
times,7
town,7
n,7
ancient,7
international,7
province,7
polity,7
routes,7
located,7
reconstruction,7
mich,7
ceramic,7
heavily,7
autonoma,7
contacts,7
antiquity,7
structure,7
ann,7
particularly,7
past,7
middle,7
reported,7
terminal,7
although,7
merida,6
before,6
archaeologists,6
arqueologicas,6
ad,6
sociedad,6
cancun,6
mass,6
west,6
far,6
tesis,6
identification,6
b,6
arrival,6
centers,6
record,6
lamanai,6
mckillop,6
place,6
project,6
buildings,6
only,6
social,6
ambergris,6
pattern,6
v,6
number,6
tulane,6
sequence,6
cultura,6
architectural,6
obsidian,6
widely,6
topoxte,6
indicate,6
life,6
anales,6
outcome,6
historical,6
boundaries,6
economy,6
art,6
little,6
city,6
focus,6
later,5
excavation,5
territorial,5
marco,5
isla,5
government,5
somewhat,5
british,5
occasional,5
key,5
william,5
general,5
costa,5
growth,5
highlands,5
informe,5
impact,5
rice,5
carmen,5
out,5
though,5
institute,5
freidel,5
ethnohistory,5
ethnohistoric,5
personal,5
regions,5
published,5
excavated,5
suggest,5
up,5
ruinas,5
units,5
identified,5
economic,5
xicalango,5
about,5
historia,5
guatemala,5
saw,5
cane,5
power,5
added,5
projects,5
scholars,5
occupations,5
larger,5
model,5
seventeenth,5
style,5
another,5
understanding,5
range,5
xcaret,5
after,5
we,5
continued,5
vision,5
arqueologia,5
primarily,5
reconocimiento,5
playa,5
construction,5
fall,5
types,5
gonzalez,5
chapels,5
evident,5
belizean,5
form,5
size,5
subject,5
wild,5
smaller,5
royal,5
surveys,5
traditional,5
close,5
household,5
final,4
represent,4
considerably,4
residences,4
offshore,4
being,4
licenciatura,4
military,4
season,4
attempt,4
emerged,4
nature,4
uncovered,4
owing,4
iv,4
point,4
above,4
estudio,4
centralized,4
southwestern,4
developments,4
facultad,4
estimate,4
networks,4
york,4
whose,4
his,4
plaza,4
monumental,4
section,4
epoca,4
benavides,4
view,4
prehistoric,4
rule,4
wide,4
brought,4
ontario,4
surrounding,4
coasts,4
long,4
highly,4
corridor,4
ninth,4
activities,4
periods,4
south,4
preclassic,4
provide,4
estado,4
surviving,4
standing,4
spectacular,4
museum,4
revealed,4
trent,4
appear,4
al,4
reports,4
noted,4
picture,4
others,4
took,4
present,4
ports,4
shifts,4
polities,4
postclas,4
churches,4
previously,4
elite,4
submitted,4
sic,4
california,4
xelha,4
clear,4
mayan,4
three,4
david,4
caribbean,4
latter,4
k,4
can,4
factors,4
analysis,4
con,4
growing,4
incorporated,4
tipu,4
dimension,4
current,4
sierra,4
rural,4
works,4
living,4
following,4
them,4
accounts,4
information,4
almost,4
port,4
ruled,4
became,4
gulf,4
maintained,4
commercial,4
years,4
salt,4
defined,4
shift,4
summary,4
archival,4
abandoned,4
peabody,4
ochoa,3
currently,3
mostly,3
metal,3
anthony,3
functional,3
resulted,3
college,3
introduction,3
effective,3
modern,3
arlen,3
flores,3
moving,3
annals,3
lower,3
all,3
together,3
accompanied,3
farther,3
graham,3
date,3
less,3
system,3
possible,3
paucity,3
prehispanicos,3
since,3
dynamic,3
ritual,3
economies,3
barrera,3
visited,3
relatively,3
jeremy,3
jr,3
concentric,3
turn,3
perspective,3
served,3
lineage,3
communication,3
via,3
acculturation,3
notion,3
ah,3
contrib,3
distant,3
lay,3
prehistory,3
established,3
emergence,3
traces,3
four,3
recovered,3
decades,3
mayas,3
centra,3
arrived,3
result,3
extent,3
cristobal,3
initial,3
topics,3
same,3
occupation,3
recently,3
monograph,3
xvii,3
aspects,3
future,3
literature,3
velasquez,3
knowledge,3
overview,3
records,3
densely,3
aztec,3
reflect,3
cupul,3
smithsonian,3
eighth,3
ek,3
results,3
florida,3
chronological,3
will,3
critical,3
stucco,3
he,3
variety,3
mesa,3
scientific,3
synthesis,3
bullard,3
indicates,3
comments,3
cays,3
corpus,3
antro,3
angel,3
demographic,3
efforts,3
john,3
fernandez,3
considerable,3
external,3
geography,3
where,3
redonda,3
material,3
encountered,3
ecology,3
northwestern,3
cay,3
referred,3
discussion,3
rulers,3
maritime,3
trajectory,3
formal,3
including,3
significant,3
largely,3
albu,3
processes,3
gervasio,3
modem,3
individual,3
uni,3
provides,3
internal,3
systems,3
commerce,3
pro,3
garcia,3
probably,3
increasing,3
carried,3
inhabitants,3
program,3
seen,3
ruz,3
contribution,3
class,3
centuries,3
complexity,3
control,3
each,3
anthropology,3
different,3
capital,3
half,3
goods,3
better,3
ruins,3
jimenez,3
what,3
spatial,3
agricultural,3
map,3
prudence,3
don,3
quezada,3
kin,3
asentamientos,3
com,3
cambridge,3
grant,3
review,3
land,3
sur,3
states,3
placencia,3
reached,3
views,3
exploraciones,3
pina,3
ars,2
miller,2
ments,2
does,2
common,2
way,2
imported,2
epidemics,2
shrines,2
centros,2
diane,2
miguel,2
church,2
stmctures,2
complex,2
essays,2
stone,2
algunas,2
tures,2
drawings,2
decade,2
undertaken,2
resurgence,2
cornell,2
schol,2
nineteenth,2
revision,2
source,2
file,2
antropologicia,2
puuc,2
rathje,2
coleccion,2
jackson,2
production,2
ii,2
taken,2
concentrated,2
vols,2
advanced,2
shaped,2
cientifica,2
great,2
exotic,2
rich,2
liverpool,2
revisions,2
able,2
substantive,2
scheme,2
entered,2
overall,2
zama,2
subsequent,2
inland,2
corozal,2
feature,2
influences,2
chiefdoms,2
cuenca,2
brigham,2
recorded,2
primary,2
characterize,2
cited,2
beneath,2
framework,2
tribute,2
thus,2
phase,2
fit,2
eventual,2
quality,2
jade,2
intact,2
concentrations,2
entire,2
norte,2
estimates,2
rekindle,2
items,2
document,2
farriss,2
porada,2
fig,2
body,2
young,2
ample,2
third,2
revised,2
drawn,2
conducting,2
pronounced,2
influence,2
ment,2
poorly,2
lesser,2
failed,2
interesting,2
segundo,2
played,2
testimony,2
ba,2
links,2
rio,2
centered,2
una,2
supplement,2
similar,2
gann,2
creek,2
summarized,2
scattered,2
wash,2
occu,2
sevilla,2
intensive,2
vations,2
ms,2
dated,2
interim,2
clearly,2
latin,2
numbers,2
argued,2
upper,2
challenged,2
additional,2
terrones,2
albuquerque,2
followed,2
suggested,2
eludes,2
descriptive,2
dumbarton,2
closely,2
came,2
concentration,2
location,2
lombardo,2
could,2
tem,2
struc,2
quirarte,2
effort,2
austin,2
events,2
census,2
mesoamerican,2
configuration,2
term,2
further,2
handbook,2
understood,2
buried,2
applied,2
criteria,2
rivera,2
artifacts,2
poblacion,2
punta,2
pyramids,2
geology,2
revista,2
whole,2
dynasties,2
gave,2
northwest,2
muralla,2
jai,2
broad,2
constitute,2
contains,2
people,2
perishable,2
focuses,2
systematic,2
resort,2
both,2
markedly,2
least,2
presented,2
coupled,2
mani,2
next,2
consolidation,2
emerging,2
overshadowed,2
migration,2
gua,2
bridge,2
arquitectura,2
dramatic,2
division,2
always,2
generally,2
notes,2
moved,2
settle,2
stephens,2
flourished,2
pavon,2
second,2
approximate,2
reduced,2
trabajo,2
cosmological,2
used,2
comparative,2
colson,2
techniques,2
play,2
brief,2
tabasco,2
inhabited,2
templo,2
direction,2
single,2
relied,2
yet,2
precolumbian,2
continuity,2
chronology,2
populated,2
palaces,2
us,2
perceived,2
salient,2
national,2
perspectives,2
largest,2
already,2
toronto,2
tancah,2
pole,2
sector,2
harper,2
volume,2
guthe,2
comparison,2
water,2
blocks,2
temples,2
caciques,2
arthur,2
variation,2
cardos,2
honor,2
monographs,2
puerto,2
sergio,2
developing,2
yaxcaba,2
accepted,2
ascencion,2
cesses,2
uaymil,2
remained,2
preliminar,2
completed,2
values,2
clustered,2
hieroglyphic,2
mosaic,2
concern,2
anual,2
garza,2
congress,2
yearbook,2
eleventh,2
dating,2
continuities,2
tixchel,2
stann,2
decorated,2
clusters,2
held,2
him,2
administrative,2
joined,2
managerial,2
exchange,2
eloquent,2
interpretations,2
gence,2
mainly,2
chapel,2
working,2
occupied,2
connections,2
joint,2
pottery,2
tenuous,2
sociopolitical,2
opposite,2
yucatec,2
tases,2
change,2
bureau,2
independent,2
tomo,2
ecological,2
domains,2
foreign,2
testing,2
wyllys,2
trabajos,2
investigators,2
un,2
collections,2
espanola,2
volumes,2
existed,2
cuaderno,2
guatemalan,2
cam,2
considered,2
addressed,2
tiempos,2
dissertation,2
anthropological,2
eventually,2
any,2
dispersed,2
elaborate,2
series,2
cowgill,2
pologicas,2
temporal,2
reconnaissance,2
carl,2
berkeley,2
natural,2
colonization,2
paper,2
exploration,2
foundation,2
spaniards,2
very,2
associated,2
naco,2
examining,2
type,2
america,2
beginning,2
whether,2
typologies,2
yielded,2
distribution,2
supplemented,2
estab,2
her,2
univer,2
suggests,2
museo,2
urban,2
contain,2
categories,2
travel,2
marquez,2
craftsmanship,2
paintings,2
sea,2
despite,2
micro,2
centro,2
resistance,2
confed,2
divided,2
paid,2
indians,2
grandeur,2
shores,2
until,2
argument,2
twentieth,2
numerous,2
emer,2
americas,2
integrated,2
incidents,2
meco,2
typology,2
ships,2
aztecs,2
texts,2
utah,2
interaction,2
strong,2
comparable,2
famous,2
should,2
building,2
col,2
built,2
intricate,1
handlungen,1
interpre,1
dinnen,1
done,1
dissipated,1
deny,1
rizes,1
institut,1
edge,1
difficult,1
car,1
serpent,1
musee,1
created,1
investigaciones,1
coba,1
pale,1
market,1
administered,1
chiquila,1
expedition,1
struggled,1
escalona,1
mackinnon,1
determine,1
cerros,1
northeast,1
resided,1
navigation,1
differentiating,1
notably,1
lecture,1
sphere,1
crossing,1
processual,1
linguistic,1
sitios,1
colegio,1
overland,1
becoming,1
tact,1
replaced,1
partially,1
thrust,1
mounted,1
missionization,1
maldonado,1
tinctive,1
sail,1
hub,1
superb,1
prime,1
locked,1
formed,1
live,1
halach,1
alive,1
amf,1
flowering,1
postdate,1
ways,1
fray,1
rt,1
unraveling,1
environment,1
seriation,1
ahcuchcabs,1
park,1
cilvituk,1
entradas,1
overlook,1
trace,1
canul,1
ceremonial,1
unlike,1
individually,1
total,1
faded,1
realidad,1
princeton,1
chief,1
societal,1
macanche,1
sem,1
trazo,1
facets,1
contexts,1
encomienda,1
themes,1
negative,1
colon,1
predominantly,1
round,1
anything,1
rani,1
envi,1
ideas,1
gap,1
transitions,1
stressed,1
beneficial,1
sibility,1
chacmool,1
specifically,1
every,1
revisited,1
zona,1
ichpaatun,1
creation,1
archae,1
fifteenth,1
chontal,1
originally,1
severely,1
attempts,1
drastic,1
restoration,1
feeling,1
diego,1
address,1
rapid,1
rare,1
nancy,1
fragmentary,1
shipwrecks,1
pilgrimage,1
seems,1
departure,1
supplied,1
puebla,1
confirmed,1
cortes,1
resemblance,1
contextual,1
route,1
scientists,1
tradition,1
ben,1
untapped,1
assembled,1
studied,1
brian,1
reveal,1
religion,1
kingdom,1
mujeres,1
fresh,1
petty,1
loose,1
erations,1
emphasized,1
marine,1
primitive,1
pean,1
classified,1
poniente,1
lagos,1
decreased,1
aban,1
costeros,1
within,1
affected,1
subjugation,1
context,1
insti,1
issue,1
side,1
ily,1
depending,1
suspect,1
sophisticated,1
dr,1
ideological,1
fernando,1
historica,1
cerdmica,1
autonomous,1
king,1
task,1
draws,1
inca,1
clus,1
foothold,1
demography,1
incorporate,1
tenth,1
lango,1
inga,1
microscopy,1
xkalak,1
account,1
investiga,1
prior,1
ball,1
parisons,1
jacinto,1
bibliography,1
pologia,1
candelaria,1
o,1
x,1
sacbes,1
monu,1
katunob,1
objective,1
promises,1
cehpech,1
recreated,1
cehache,1
collection,1
jose,1
crystallized,1
obser,1
mid,1
xl,1
labor,1
currency,1
pen,1
includes,1
vived,1
unpublished,1
per,1
fascinated,1
electron,1
merchants,1
influx,1
madrid,1
accuracy,1
explained,1
component,1
dynamics,1
inner,1
pockets,1
explorers,1
surrounded,1
borderlands,1
due,1
integral,1
author,1
scarce,1
neighbors,1
interest,1
domain,1
reflection,1
characteristic,1
viewing,1
relations,1
acta,1
raises,1
tucson,1
cf,1
realization,1
dence,1
dis,1
achievements,1
santo,1
explo,1
sanders,1
underlying,1
glory,1
severed,1
cosas,1
back,1
anced,1
highest,1
panorama,1
offerings,1
chap,1
vicinity,1
truly,1
publications,1
geological,1
rotunda,1
tend,1
even,1
unresolved,1
pos,1
details,1
apparently,1
stagnation,1
itzamkanac,1
traditions,1
manos,1
simplistic,1
leadership,1
handful,1
xamanha,1
ma,1
antropologicos,1
murales,1
crossroads,1
exten,1
higher,1
ers,1
operation,1
library,1
profoundly,1
philadelphia,1
recognized,1
reflects,1
rather,1
absent,1
across,1
essence,1
adds,1
angeles,1
how,1
remain,1
postcontact,1
buenavista,1
bays,1
sort,1
basic,1
wt,1
levels,1
clen,1
subsistence,1
active,1
burgos,1
deprived,1
risk,1
flexible,1
connected,1
froifi,1
travels,1
derived,1
parts,1
gabled,1
canoes,1
relacwn,1
references,1
columbian,1
vaulting,1
empowered,1
antiguos,1
resettlement,1
oversimplified,1
augmented,1
overlooked,1
space,1
inah,1
support,1
rising,1
empires,1
bernal,1
finer,1
affect,1
immigrant,1
tensions,1
dichotomy,1
xxxviii,1
xic,1
benefits,1
spreading,1
consoli,1
elsewhere,1
proposed,1
methodist,1
mary,1
likened,1
northeastern,1
reviewed,1
too,1
age,1
canciin,1
experienced,1
underwater,1
resource,1
powerful,1
surface,1
follow,1
splendor,1
beyond,1
indications,1
efficient,1
cotton,1
comparisons,1
definite,1
consequence,1
cost,1
painted,1
exploitation,1
reconsideration,1
mix,1
archeological,1
plenum,1
oklahoma,1
cut,1
stands,1
dispersion,1
peintures,1
fluid,1
conflicts,1
hydrogeology,1
artistic,1
iconography,1
cristina,1
yielding,1
spaniard,1
sive,1
whom,1
mesoam,1
macanany,1
allow,1
avenue,1
conservative,1
basin,1
begun,1
called,1
access,1
exaggerating,1
mapping,1
resembles,1
gallareta,1
underneath,1
economics,1
scenes,1
rooms,1
rebirth,1
pass,1
radical,1
near,1
viking,1
commoners,1
captured,1
lobil,1
base,1
cores,1
collectively,1
memoires,1
ganned,1
academic,1
ceramica,1
neighboring,1
sighted,1
traced,1
war,1
displayed,1
versity,1
manteni,1
mate,1
hanson,1
bore,1
viewed,1
produced,1
cannot,1
priorities,1
internecine,1
fla,1
suffered,1
explor,1
modest,1
excellent,1
scale,1
exhaustion,1
energy,1
vivid,1
however,1
conferences,1
overpopulation,1
etno,1
acknowledgments,1
drain,1
stations,1
depictions,1
possibility,1
impression,1
topology,1
xica,1
torn,1
failure,1
rations,1
provincial,1
having,1
pedro,1
participation,1
spheres,1
empire,1
basis,1
invisible,1
relief,1
conduit,1
mam,1
decipherment,1
updated,1
intense,1
overviews,1
mayer,1
received,1
sculpture,1
postcldsico,1
claim,1
reader,1
prompted,1
fared,1
uncover,1
hereditary,1
example,1
peraza,1
apparent,1
lizardi,1
confined,1
indigenous,1
elizabeth,1
restructuring,1
migrated,1
reliance,1
apan,1
q,1
older,1
discussions,1
lishing,1
gallereta,1
unreported,1
candaleria,1
chanputun,1
toric,1
beginnings,1
internacional,1
call,1
documented,1
sculptural,1
versatile,1
away,1
accord,1
employed,1
believes,1
nor,1
tecoh,1
fieldwork,1
missions,1
rulership,1
sions,1
breakdown,1
rafts,1
own,1
capitol,1
challenging,1
attributed,1
denas,1
oriental,1
ringle,1
tution,1
gateway,1
occa,1
creating,1
ducted,1
painting,1
hard,1
sharper,1
dzuil,1
wards,1
indicators,1
healy,1
le,1
catalog,1
lords,1
ological,1
involved,1
kuchkabaloob,1
chan,1
cacao,1
pincemm,1
scattering,1
comfort,1
civic,1
adhere,1
roofing,1
vacuum,1
ancestors,1
atomistic,1
villages,1
impossible,1
prosopography,1
core,1
enclaves,1
annual,1
articulation,1
alfredo,1
progress,1
recientes,1
guate,1
woodrow,1
coe,1
correspondence,1
ial,1
mouths,1
regal,1
grateful,1
provided,1
rancho,1
sporadic,1
gordon,1
andlisis,1
frontera,1
lection,1
subsequently,1
survived,1
seats,1
degli,1
inset,1
battle,1
uncommon,1
consideraciones,1
orate,1
lapse,1
turquoise,1
horizons,1
furnished,1
investigating,1
postclassique,1
rey,1
summa,1
matter,1
absence,1
materials,1
resettled,1
belice,1
correlating,1
affiliations,1
canpech,1
doctoral,1
gradual,1
auton,1
sylvanus,1
corporation,1
appreciate,1
undergoing,1
nearly,1
exception,1
brings,1
tropical,1
collapsed,1
batabs,1
surveyed,1
structural,1
etnografia,1
tuliim,1
label,1
tercera,1
atti,1
flux,1
competition,1
demolished,1
edited,1
mala,1
represents,1
mission,1
array,1
evolved,1
technology,1
god,1
specifics,1
revitalization,1
smith,1
castillo,1
lavishly,1
fringes,1
policies,1
une,1
versidad,1
maestria,1
manuela,1
light,1
geografia,1
heirs,1
ethnographic,1
topical,1
indian,1
odds,1
unusually,1
commem,1
sherwood,1
kms,1
lee,1
recycled,1
lack,1
hon,1
postclasica,1
prehispanico,1
heritage,1
participated,1
challenge,1
technique,1
frederick,1
patron,1
fragmentation,1
death,1
avail,1
reporting,1
salvamento,1
stud,1
flat,1
wonderly,1
vllth,1
speaks,1
incorporates,1
primar,1
fact,1
longer,1
idea,1
consideration,1
fundamental,1
endorse,1
riverine,1
endless,1
mito,1
relacidn,1
rial,1
agree,1
sullivan,1
depict,1
outposts,1
xala,1
insular,1
anthro,1
break,1
nucleated,1
memorias,1
end,1
cobos,1
contemporary,1
substantially,1
ironic,1
pennsylvania,1
pinturas,1
discussed,1
vail,1
ruler,1
confederacy,1
forms,1
conclusions,1
behind,1
fits,1
antiguo,1
adjacent,1
do,1
paris,1
balustrades,1
canche,1
secular,1
realms,1
mex,1
unclear,1
pations,1
renaissance,1
coloquio,1
council,1
pacheco,1
glories,1
sionally,1
disparity,1
assortment,1
ethnohistorical,1
tiny,1
preparation,1
metropolitan,1
pendergast,1
frequency,1
petenxil,1
cul,1
going,1
free,1
realize,1
degree,1
verd,1
sir,1
thousands,1
demonstrated,1
meetings,1
prehispanicas,1
casual,1
persona,1
certain,1
campaigns,1
spective,1
robertson,1
crudely,1
background,1
cruder,1
discovery,1
closer,1
represented,1
realizado,1
xaman,1
increase,1
tenance,1
asentamiento,1
beds,1
temala,1
facades,1
thriving,1
entirely,1
expression,1
adi,1
rivers,1
excavaciones,1
maria,1
aside,1
questions,1
trend,1
kantunilkin,1
actual,1
recovery,1
decentralization,1
fer,1
munity,1
exerted,1
trip,1
full,1
previous,1
literate,1
galena,1
underwent,1
lado,1
primera,1
low,1
scanning,1
explorations,1
uninter,1
discovered,1
loosely,1
adding,1
authors,1
comprehensive,1
intru,1
internazionale,1
integrate,1
amounts,1
leave,1
vested,1
eve,1
catherwood,1
characterized,1
yuukluuk,1
ny,1
spread,1
so,1
function,1
sparsely,1
high,1
mixtec,1
stages,1
lie,1
watercraft,1
shortly,1
households,1
black,1
mayistas,1
thomas,1
tango,1
spent,1
ture,1
preponderance,1
graves,1
outside,1
carib,1
insula,1
successors,1
erated,1
weakest,1
ruben,1
accordingly,1
intrasite,1
lists,1
castellanos,1
sobre,1
resembling,1
cuidad,1
thirteenth,1
bal,1
mercantilistic,1
inside,1
attracted,1
confederate,1
atlas,1
embodied,1
anomaly,1
miento,1
propose,1
attention,1
brown,1
publicaciones,1
codices,1
landlocked,1
covered,1
standard,1
limiting,1
ranging,1
dealing,1
european,1
worldview,1
seasons,1
indication,1
veracruz,1
pintura,1
depressed,1
izamal,1
fueled,1
ology,1
belonged,1
publishing,1
note,1
succinctly,1
tentative,1
richest,1
george,1
mixture,1
science,1
movements,1
yaxha,1
bulk,1
valladolid,1
ambivalent,1
predio,1
impressive,1
ideology,1
threshold,1
reasonable,1
noh,1
florescence,1
order,1
widespread,1
sway,1
bulletin,1
chikinchel,1
suggestions,1
frames,1
traveled,1
responsible,1
efficiency,1
dans,1
achieve,1
frontier,1
multepal,1
comercio,1
lineages,1
kings,1
stratified,1
ing,1
espiritu,1
ceramico,1
arqlga,1
aboriginal,1
face,1
publica,1
mounds,1
fac,1
idential,1
seat,1
photographs,1
earliest,1
res,1
realignments,1
acquired,1
undertook,1
baseline,1
exchanged,1
abandonment,1
doorways,1
heavy,1
constant,1
ters,1
grafia,1
tamul,1
version,1
changing,1
amerikanistenkongresses,1
pueblos,1
barrio,1
opments,1
ronment,1
complexes,1
orlando,1
provo,1
adjoining,1
geographic,1
constituted,1
fran,1
continues,1
extension,1
sonia,1
favors,1
physical,1
ralph,1
fortification,1
text,1
offers,1
sustained,1
alternative,1
quaternary,1
set,1
doned,1
ran,1
ritualistic,1
masonry,1
clifford,1
grow,1
cultures,1
erican,1
descriptions,1
dismantled,1
specialized,1
share,1
setting,1
sampling,1
seem,1
did,1
best,1
unknown,1
ubiquitous,1
chron,1
down,1
equivocal,1
argue,1
basins,1
scenario,1
domestic,1
allied,1
advice,1
searched,1
sula,1
chases,1
themselves,1
written,1
build,1
rupted,1
sanctification,1
distinctive,1
olimpo,1
just,1
hamlets,1
sheraton,1
elites,1
exca,1
ecab,1
reliefs,1
scholarly,1
commodity,1
bajo,1
fuller,1
investigation,1
motagua,1
muyil,1
stability,1
list,1
ones,1
orleans,1
nearby,1
barrios,1
lished,1
dallas,1
proven,1
mopan,1
contrasting,1
laguna,1
americanisti,1
trejo,1
ies,1
ceased,1
leaving,1
unfold,1
nautical,1
aftermaths,1
densities,1
thames,1
periphery,1
local,1
serie,1
migrations,1
scenarios,1
quantities,1
congresso,1
izta,1
des,1
ington,1
autocratic,1
league,1
vista,1
outline,1
level,1
pation,1
altered,1
conclude,1
erally,1
content,1
carvings,1
confirm,1
mixteca,1
devel,1
variability,1
contribucion,1
mayor,1
lies,1
investment,1
secuencia,1
omous,1
pic,1
naturelle,1
merchant,1
ever,1
deities,1
isolated,1
aspect,1
waves,1
varied,1
tions,1
eric,1
survive,1
question,1
cuadernos,1
layers,1
moderate,1
shown,1
models,1
recording,1
synopsis,1
hernan,1
genova,1
frontiers,1
conn,1
observed,1
initiated,1
putun,1
donald,1
decrease,1
protohistoric,1
web,1
girded,1
officer,1
frame,1
iden,1
documentation,1
offer,1
prolonged,1
approximately,1
instead,1
grown,1
touches,1
ico,1
directora,1
consumption,1
need,1
defines,1
gen,1
heartland,1
sito,1
effects,1
harbors,1
attempted,1
colonnaded,1
tobacco,1
oversaw,1
cisco,1
increased,1
ranged,1
anonymous,1
tations,1
am,1
disorganization,1
tified,1
territories,1
potential,1
valuable,1
villalobos,1
aggregations,1
munities,1
tribes,1
combination,1
exhaustive,1
supply,1
hotel,1
johnson,1
vary,1
chicago,1
communi,1
cook,1
era,1
create,1
norman,1
gainesville,1
exclusively,1
evi,1
stair,1
benchmark,1
mesoand,1
euro,1
zones,1
infancy,1
gold,1
broader,1
direcion,1
proponent,1
conversations,1
ca,1
martine,1
evidently,1
arizona,1
costly,1
discern,1
balustraded,1
cuchteloob,1
