WORDCOUNTS,WEIGHT
the,500
of,435
and,316
to,220
a,219
in,210
maya,130
is,111
that,98
at,83
with,72
be,69
are,66
on,63
p,62
archaeology,60
as,60
classic,58
for,56
from,56
or,51
it,49
by,49
not,46
this,45
an,44
historical,41
have,39
such,37
which,37
d,37
there,34
more,30
but,29
some,28
university,26
may,25
than,24
monuments,24
m,24
history,23
was,23
research,23
archaeological,23
dates,22
pp,22
writing,22
evidence,22
inscriptions,20
political,19
b,19
were,19
they,18
one,18
j,18
de,18
its,18
all,17
s,17
many,17
can,17
art,17
between,17
much,17
should,17
g,16
site,16
l,16
sites,16
r,16
houston,16
ad,15
since,15
fig,15
tikal,15
few,15
yet,15
ancient,15
ruler,15
who,15
archaeologists,14
other,14
less,14
has,14
epigraphy,14
also,14
these,14
only,14
e,13
date,13
documents,13
new,13
do,13
sequence,13
would,13
we,13
been,13
particular,13
little,13
years,13
c,13
recent,13
building,13
into,12
i,12
their,12
w,12
will,12
same,12
two,12
rulers,12
mexico,12
paper,12
glyphic,12
texts,12
most,11
yaxchilan,11
record,11
lr,11
records,11
perhaps,11
aa,11
epigraphic,11
tomb,11
american,10
first,10
el,10
primary,10
rather,10
n,10
so,10
looted,10
palenque,10
written,10
specific,10
royal,9
glyphs,9
how,9
organization,9
age,9
dynastic,9
dc,9
late,9
information,9
data,9
personal,9
highly,9
when,9
about,9
guatemala,9
name,9
questions,9
individuals,9
structure,9
ruz,9
rich,8
monumental,8
prehistoric,8
t,8
least,8
settlement,8
provenance,8
f,8
time,8
hieroglyphic,8
publication,8
standard,8
far,8
stela,8
both,8
remains,8
difficult,7
does,7
h,7
studies,7
might,7
great,7
carnegie,7
state,7
vol,7
even,7
no,7
important,7
tombs,7
social,7
sculptures,7
copan,7
native,7
another,7
antiquity,7
study,7
institution,7
life,7
different,7
seem,7
them,7
presented,7
city,7
cambridge,7
early,7
center,6
likely,6
something,6
lowlands,6
signs,6
relatively,6
schele,6
journal,6
general,6
jones,6
certain,6
burials,6
references,6
k,6
centers,6
inferred,6
part,6
documented,6
several,6
san,6
architecture,6
economic,6
single,6
pattern,6
where,6
answer,6
polities,6
elite,6
approach,6
harvard,6
architectural,6
period,6
after,6
become,6
probably,6
pottery,6
table,6
monument,6
anthropology,6
what,6
accounts,6
problem,6
come,6
later,5
names,5
view,5
complex,5
use,5
biographical,5
attempts,5
emblem,5
investigations,5
somewhat,5
within,5
human,5
review,5
spans,5
kimbell,5
interesting,5
his,5
similar,5
objects,5
too,5
deal,5
burial,5
cannot,5
otherwise,5
well,5
department,5
place,5
middle,5
structures,5
et,5
buildings,5
suggest,5
lords,5
vanderbilt,5
yucatan,5
neither,5
broad,5
scholars,5
appeared,5
patterns,5
v,5
geography,5
material,5
made,5
contemporary,5
three,5
mathews,5
fairly,5
construction,5
must,5
physical,5
mass,5
did,5
dedication,5
although,5
point,5
now,4
if,4
correlations,4
alone,4
territorial,4
entirely,4
marcus,4
ms,4
round,4
long,4
implications,4
attempt,4
seems,4
precisely,4
those,4
politics,4
piedras,4
proskouriakoff,4
excavations,4
nor,4
easily,4
category,4
just,4
us,4
appear,4
my,4
lowland,4
lived,4
evaluate,4
recently,4
ceramics,4
monograph,4
used,4
work,4
decipherments,4
apparent,4
related,4
dynasties,4
excavated,4
field,4
nashville,4
presence,4
texas,4
epigraphers,4
method,4
second,4
mesa,4
museum,4
fifth,4
lord,4
reports,4
areas,4
conclusions,4
redonda,4
establish,4
relevant,4
see,4
style,4
local,4
understanding,4
including,4
refers,4
trade,4
discovered,4
peter,4
function,4
especially,4
systems,4
need,4
assigned,4
provide,4
program,4
detailed,4
indicate,4
mentioned,4
simply,4
known,4
text,4
here,4
control,4
historians,4
particularly,4
phd,4
terms,4
almost,4
contain,4
through,4
programs,4
reconstruct,4
world,4
question,4
average,4
approximately,4
states,4
vessel,4
interaction,4
carved,3
final,3
common,3
way,3
market,3
deduced,3
expedition,3
group,3
large,3
ways,3
princeton,3
preceding,3
script,3
berman,3
able,3
reveal,3
last,3
context,3
papers,3
case,3
con,3
possible,3
conceptual,3
x,3
very,3
ritual,3
sign,3
central,3
berlin,3
centralized,3
accuracy,3
development,3
jade,3
viewing,3
cf,3
expected,3
stokes,3
refer,3
marriage,3
philadelphia,3
york,3
en,3
explicit,3
process,3
altar,3
earlier,3
dated,3
house,3
show,3
primer,3
peabody,3
drawing,3
osteological,3
had,3
result,3
closely,3
based,3
lead,3
estudios,3
relate,3
academic,3
possibility,3
decipherment,3
laxtunich,3
sculpture,3
los,3
brought,3
partly,3
calakmul,3
rituals,3
nj,3
correct,3
panel,3
event,3
small,3
folk,3
unprovenanced,3
australian,3
dedicated,3
always,3
results,3
coe,3
peculiar,3
notes,3
value,3
society,3
periods,3
verb,3
subject,3
reconstruction,3
indicates,3
east,3
under,3
chronology,3
unusually,3
independent,3
caracol,3
others,3
lintels,3
examples,3
birth,3
postclassic,3
mycenaean,3
deposits,3
skeletal,3
assumption,3
virtually,3
ideas,3
dating,3
cultura,3
clear,3
good,3
plate,3
consists,3
note,3
she,3
practical,3
collections,3
hope,3
matters,3
any,3
temple,3
saenz,3
set,3
best,3
constructions,3
regard,3
better,3
subordinate,3
beginning,3
according,3
spatial,3
while,3
institute,3
explored,3
yield,3
emphasis,3
careful,3
content,3
easy,3
perspective,3
goals,3
our,3
accept,3
smaller,3
integration,3
km,3
themselves,3
glyph,3
views,3
documentary,3
dos,3
ments,2
smoke,2
stuart,2
groups,2
preclassic,2
louis,2
represent,2
occupant,2
chichen,2
introduction,2
settlements,2
kinds,2
essays,2
lintel,2
true,2
sets,2
western,2
necessarily,2
before,2
pacal,2
archaeo,2
properties,2
being,2
anything,2
either,2
bloodletting,2
ii,2
advanced,2
nature,2
stolen,2
continue,2
display,2
potentially,2
found,2
survey,2
real,2
graham,2
feature,2
principal,2
reading,2
ambiguous,2
described,2
existence,2
autonoma,2
anthropologists,2
key,2
draws,2
draw,2
account,2
prior,2
activity,2
terminus,2
obvious,2
supply,2
say,2
privileged,2
resources,2
classifications,2
above,2
collection,2
immediate,2
against,2
pursuit,2
relations,2
conducted,2
jr,2
cations,2
cases,2
distinct,2
document,2
profound,2
ante,2
body,2
response,2
left,2
effective,2
fash,2
truly,2
find,2
corpus,2
apparently,2
sample,2
whose,2
without,2
rio,2
landscape,2
luck,2
shang,2
parts,2
population,2
contributions,2
columbian,2
special,2
cave,2
lay,2
reason,2
understand,2
consider,2
linked,2
section,2
pebble,2
four,2
altun,2
evaluation,2
painted,2
suggested,2
ian,2
bonampak,2
carving,2
whom,2
location,2
could,2
inherent,2
inappropriate,2
austin,2
mesoamerican,2
interpretations,2
pre,2
embedded,2
further,2
topics,2
equally,2
though,2
third,2
buried,2
dynasty,2
biases,2
universidad,2
absolute,2
because,2
sity,2
skeletons,2
example,2
knowledge,2
fit,2
discussions,2
literally,2
people,2
relevance,2
reflect,2
canberra,2
rulership,2
challenging,2
genealogical,2
attributed,2
regions,2
subtle,2
someone,2
painting,2
ago,2
working,2
nonroyal,2
quite,2
ruled,2
funerary,2
essentially,2
up,2
using,2
am,2
reigns,2
critical,2
challenge,2
he,2
approximate,2
power,2
various,2
wary,2
identified,2
distorted,2
limited,2
merits,2
still,2
make,2
tends,2
mundial,2
archaeologist,2
fair,2
represents,2
makes,2
mission,2
restricted,2
included,2
quern,2
indian,2
increasingly,2
regional,2
sector,2
published,2
charismatic,2
useful,2
subjective,2
lamb,2
majority,2
death,2
pointed,2
ask,2
projects,2
efforts,2
ceramic,2
emplacement,2
match,2
larger,2
diverse,2
end,2
accession,2
doubt,2
americanistes,2
fragments,2
honor,2
never,2
present,2
mayanists,2
showing,2
number,2
day,2
original,2
divided,2
lost,2
discovery,2
mortuary,2
ruling,2
recover,2
concern,2
expression,2
largely,2
additions,2
processes,2
examination,2
full,2
overlap,2
office,2
ties,2
mayan,2
naj,2
david,2
methodological,2
epigrafia,2
attribution,2
panels,2
relation,2
ornaments,2
land,2
sobre,2
enjoyed,2
sexta,2
robert,2
greek,2
la,2
division,2
tennessee,2
indication,2
raise,2
sometimes,2
referred,2
means,2
oddly,2
contribution,2
countries,2
length,2
class,2
often,2
responsible,2
analysis,2
ing,2
exists,2
obstacle,2
mounds,2
photographs,2
rarely,2
following,2
comes,2
conclusion,2
univer,2
calendrical,2
over,2
intellectual,2
anthropological,2
each,2
connection,2
simposio,2
mirador,2
argue,2
wall,2
report,2
benefit,2
advances,2
places,2
william,2
unlikely,2
whether,2
form,2
pertinent,2
impli,2
require,2
observations,2
hundreds,2
categories,2
des,2
vessels,2
ill,2
role,2
docu,2
african,2
techniques,2
lies,2
commissioned,2
proper,2
stevenson,2
think,2
skepticism,2
breaks,2
recording,2
national,2
washington,2
followed,2
francisco,2
doubtless,2
handmaiden,2
consisted,2
correlate,2
enterprise,2
uncertainty,2
develop,2
strong,2
dedicatory,2
broader,2
ca,2
showed,2
primera,2
close,2
hypothesis,2
courts,1
entities,1
go,1
chart,1
ending,1
explosion,1
currently,1
mostly,1
o,1
lation,1
limits,1
overvalued,1
indicated,1
meaning,1
quess,1
stood,1
functional,1
investigaciones,1
grappled,1
encouraged,1
separated,1
truth,1
episodes,1
determine,1
intriguing,1
ultimate,1
considerably,1
succession,1
utility,1
federation,1
connecticut,1
necessitates,1
glimpses,1
passing,1
methodology,1
myth,1
identify,1
tend,1
maize,1
stone,1
word,1
algunas,1
formed,1
classicist,1
authority,1
firmation,1
specialist,1
mexican,1
approaches,1
centrifugal,1
oracle,1
ricketson,1
lavished,1
expects,1
ticulars,1
supervised,1
cara,1
considerations,1
former,1
mythos,1
reasonably,1
tempered,1
backs,1
position,1
emphasize,1
exciting,1
variants,1
ambitious,1
assisted,1
antupiity,1
exceptions,1
siblings,1
syllable,1
mistranslates,1
eye,1
source,1
perplexed,1
du,1
convulsion,1
contexts,1
leads,1
par,1
bahlum,1
file,1
consistent,1
humanos,1
gap,1
provision,1
permit,1
endebted,1
sources,1
wrong,1
expertise,1
reconstructions,1
disagreement,1
alluding,1
archae,1
chronicles,1
inconceivable,1
controlled,1
taken,1
military,1
astronomical,1
sub,1
assist,1
worked,1
artificially,1
editions,1
historiography,1
definition,1
damaged,1
possibilities,1
undisturbed,1
pair,1
buganda,1
available,1
route,1
wooden,1
stringent,1
leading,1
advantage,1
azul,1
assertion,1
sobering,1
governed,1
highland,1
indulge,1
reasons,1
predated,1
differences,1
pressed,1
origin,1
beitragezur,1
studied,1
government,1
lumped,1
refurbishments,1
farther,1
composition,1
exalted,1
court,1
take,1
alignment,1
help,1
chauvinistic,1
integrate,1
faithful,1
loose,1
emphasized,1
respond,1
primitive,1
mexicon,1
corroborate,1
alike,1
temptation,1
guards,1
extreme,1
contents,1
british,1
issue,1
empty,1
suspect,1
archaeolo,1
forthcoming,1
badly,1
collaborate,1
verlag,1
sawing,1
recorded,1
eastern,1
gaps,1
u,1
iv,1
discuss,1
fabulously,1
addresses,1
nection,1
distortion,1
figs,1
determined,1
compelling,1
enforcement,1
securely,1
shared,1
shame,1
slight,1
establishing,1
appendices,1
mutual,1
appreciates,1
insight,1
investigator,1
epigrqphic,1
patient,1
vital,1
countered,1
decipher,1
mounting,1
whatever,1
corre,1
goods,1
laws,1
kan,1
monu,1
apply,1
undoubtedly,1
identifies,1
unrecorded,1
mislead,1
liberated,1
diversity,1
framework,1
exist,1
avenues,1
repeatedly,1
neutron,1
kampala,1
phase,1
includes,1
dependence,1
experiences,1
elucidates,1
southwestern,1
explained,1
component,1
difficulties,1
dynamics,1
quality,1
run,1
longevity,1
objective,1
attesting,1
personalities,1
incongruent,1
author,1
corner,1
interest,1
neighbors,1
noel,1
regarded,1
sacerdotal,1
heterogeneity,1
santa,1
afford,1
writ,1
lan,1
rooted,1
topic,1
z,1
exercise,1
klassischen,1
weaknesses,1
mesopotamian,1
estimates,1
plausibility,1
items,1
old,1
ation,1
displays,1
frustrating,1
concerning,1
refreshing,1
convincing,1
subjects,1
ha,1
six,1
young,1
itza,1
bone,1
earspool,1
propagandistic,1
estimate,1
alliances,1
compare,1
stature,1
biological,1
men,1
drawn,1
obscure,1
suzerain,1
placements,1
look,1
patrons,1
logy,1
details,1
stratum,1
sarcophagus,1
leadership,1
occasion,1
acknowledge,1
seventh,1
permits,1
olmedo,1
civilization,1
pasion,1
poor,1
overestimated,1
simultaneously,1
fort,1
acculturation,1
knoxville,1
recognized,1
evaluates,1
adequate,1
ginger,1
identification,1
etudes,1
statements,1
devastating,1
links,1
principally,1
growth,1
main,1
across,1
centered,1
developed,1
angeles,1
pally,1
carefully,1
mountain,1
housing,1
posits,1
censer,1
capture,1
aesthetically,1
neatly,1
pologically,1
poses,1
cult,1
dis,1
opportunity,1
dealt,1
neighborhood,1
glifo,1
connected,1
idiosyncratic,1
travels,1
adjustments,1
osteology,1
direct,1
belizean,1
glyphically,1
ix,1
assuming,1
jesuit,1
archaeometry,1
lacking,1
distant,1
summarized,1
discoveries,1
feel,1
arbor,1
von,1
scattered,1
mation,1
extremes,1
broadened,1
supposed,1
troublesome,1
support,1
puzzles,1
reve,1
eighteen,1
changes,1
developments,1
gener,1
distantly,1
biased,1
prehistory,1
recorders,1
river,1
statistical,1
established,1
benefits,1
appearing,1
astrological,1
proved,1
elsewhere,1
completion,1
receiving,1
hierarchically,1
preoccupation,1
plaster,1
argued,1
reviewed,1
upper,1
balam,1
xi,1
presumed,1
iva,1
retrospective,1
seamless,1
asociacion,1
uncomfortably,1
additional,1
powerful,1
cemented,1
exceed,1
peninsula,1
obstacles,1
ornament,1
consequence,1
filtered,1
segmentary,1
sarcofago,1
instance,1
strained,1
answers,1
shifted,1
syntheses,1
corresponding,1
providing,1
trained,1
caches,1
ear,1
qualities,1
constructive,1
enthronment,1
mayas,1
bureaucracy,1
honduras,1
greater,1
expressed,1
trenched,1
uses,1
advance,1
watchful,1
societe,1
walk,1
asserts,1
bearing,1
attributing,1
societies,1
enterramientos,1
rule,1
entered,1
search,1
traditionally,1
alur,1
typical,1
access,1
relating,1
effort,1
resembles,1
out,1
signify,1
international,1
carolina,1
tunich,1
vigorous,1
shield,1
synthesize,1
term,1
midway,1
acquiring,1
tidy,1
accurately,1
handbook,1
fourth,1
understood,1
blow,1
war,1
battered,1
circular,1
michigan,1
produced,1
iconographical,1
analogous,1
graphy,1
scale,1
introspection,1
however,1
dynastically,1
hypothetical,1
confirmation,1
explain,1
approached,1
ivb,1
dumbarton,1
premise,1
public,1
jp,1
communicate,1
near,1
expressions,1
impression,1
scribe,1
criteria,1
technical,1
aspects,1
distinguishes,1
chiapas,1
abuse,1
elliott,1
none,1
basis,1
relatives,1
line,1
congres,1
closed,1
planning,1
mayer,1
circumstantial,1
stiff,1
nearest,1
protected,1
concept,1
stake,1
nominales,1
restrain,1
murals,1
denigrated,1
training,1
aged,1
experiencing,1
routinely,1
description,1
perpetually,1
northern,1
loss,1
whole,1
literature,1
genuine,1
private,1
osteobiographic,1
consistently,1
older,1
during,1
collective,1
subtly,1
constitute,1
thematically,1
tatiana,1
ontario,1
vociferous,1
internacional,1
past,1
popular,1
xcalumkin,1
legislation,1
corollary,1
floors,1
completes,1
fieldwork,1
genealogies,1
stanford,1
strengths,1
artifact,1
doubtful,1
tamarindito,1
status,1
observaciones,1
own,1
trends,1
count,1
presumption,1
encounters,1
aided,1
change,1
solution,1
start,1
ambit,1
successful,1
describing,1
corresponds,1
voiced,1
questionable,1
tempe,1
ivc,1
politically,1
order,1
contrast,1
reaches,1
phrase,1
looter,1
textual,1
katuns,1
xultun,1
underscore,1
edzna,1
characteristics,1
consensus,1
fraught,1
june,1
exemplifies,1
wider,1
concerns,1
eighth,1
temporary,1
stones,1
invaluable,1
decline,1
suddenly,1
usual,1
boundaries,1
complejo,1
core,1
annual,1
richness,1
dependent,1
cacao,1
examines,1
correspondence,1
suzerains,1
diminished,1
datea,1
provided,1
inscrip,1
pot,1
sitio,1
derives,1
rest,1
gordon,1
activities,1
seemed,1
avoid,1
chilam,1
subsequently,1
seats,1
cite,1
chronological,1
south,1
flourished,1
grolier,1
affixed,1
naming,1
processual,1
tasks,1
excludes,1
minor,1
saw,1
matter,1
variety,1
absence,1
contact,1
bringing,1
polygons,1
chase,1
statecraft,1
correlating,1
indeed,1
insuperable,1
located,1
sylvanus,1
labeled,1
expansion,1
wings,1
successes,1
corporation,1
nearly,1
undermining,1
likening,1
reorganization,1
breath,1
object,1
prove,1
posedly,1
stratigraphy,1
weary,1
presently,1
comments,1
sponsored,1
deals,1
unprecedented,1
mending,1
rites,1
neat,1
hitherto,1
put,1
structural,1
measure,1
percentage,1
peten,1
guide,1
interpretation,1
violence,1
opportunities,1
suited,1
interment,1
rules,1
bet,1
thought,1
acknowledgments,1
morbid,1
fail,1
evolved,1
repair,1
revitalizing,1
coeval,1
une,1
publishing,1
light,1
complete,1
transects,1
bloomington,1
rectangular,1
refine,1
every,1
floor,1
thorny,1
sales,1
robust,1
already,1
abuts,1
odds,1
illustrated,1
demarest,1
ferent,1
reliance,1
warranted,1
noted,1
interpreted,1
jaguar,1
strata,1
sketch,1
harper,1
rings,1
lack,1
routes,1
negras,1
members,1
legible,1
paraguay,1
unreliable,1
suit,1
book,1
lapse,1
business,1
tautology,1
monarchial,1
admirable,1
morley,1
flakings,1
towns,1
domains,1
addition,1
added,1
complementary,1
archaeologi,1
joyce,1
naive,1
undeciphered,1
gerontocracy,1
idea,1
valid,1
consideration,1
coincidence,1
treatment,1
overwhelming,1
floyd,1
inscripciones,1
instituto,1
agree,1
abstract,1
inept,1
attempting,1
estudiosde,1
choice,1
viii,1
inevitably,1
anthro,1
break,1
classical,1
francaise,1
john,1
prospects,1
personality,1
grube,1
arthur,1
frenetic,1
resolved,1
diameter,1
dull,1
functionally,1
man,1
anthropologist,1
enough,1
volkerkunde,1
antropologia,1
likelihood,1
yucatecan,1
paris,1
archeologigue,1
posit,1
considers,1
orderly,1
purisima,1
non,1
surprises,1
celebrated,1
michael,1
heavily,1
tell,1
coincided,1
meant,1
fewer,1
narrative,1
project,1
heinrich,1
books,1
markings,1
lid,1
impoverished,1
tun,1
distance,1
lounsbury,1
assemblage,1
shifts,1
stunning,1
argument,1
embroidered,1
touch,1
becquelin,1
argues,1
minded,1
fundamentally,1
credit,1
classes,1
clout,1
mean,1
glue,1
arrived,1
logists,1
extended,1
vast,1
admits,1
indiana,1
sealing,1
thanks,1
hraflex,1
explanation,1
tulane,1
stuck,1
bear,1
helps,1
stairway,1
inscription,1
sides,1
region,1
ridiculous,1
previously,1
sixth,1
sufficiently,1
complexities,1
identity,1
minds,1
findings,1
thriving,1
eighties,1
asian,1
significant,1
confidence,1
complement,1
looting,1
hypotheses,1
convenience,1
extraordinarily,1
rare,1
hauberg,1
stantial,1
decentralization,1
nothing,1
trust,1
dealer,1
ceremonies,1
struction,1
california,1
synthetic,1
theoretical,1
obliterated,1
succeeding,1
vii,1
platform,1
significance,1
loosely,1
switched,1
royalty,1
styles,1
andrews,1
directed,1
emphasizing,1
comprehensive,1
peripheral,1
ah,1
tl,1
damage,1
dominated,1
logic,1
try,1
individual,1
allowed,1
reviewers,1
like,1
recon,1
features,1
escaped,1
cache,1
high,1
sketching,1
looters,1
lie,1
practiced,1
accurate,1
enervated,1
improved,1
abundant,1
provides,1
latter,1
dialogue,1
neutral,1
inscribed,1
gallery,1
tangential,1
indubitably,1
problems,1
promote,1
aegean,1
exaggeration,1
touches,1
sacrificios,1
respectively,1
inauguration,1
pro,1
accordingly,1
assigning,1
cognition,1
deduction,1
deciphered,1
logist,1
slightly,1
greece,1
securing,1
chrono,1
allegiance,1
irrevocably,1
destruction,1
insignificant,1
shavings,1
evaluated,1
controversial,1
achieve,1
attention,1
semiautonomous,1
gleaned,1
attended,1
concerted,1
increasing,1
ranging,1
appointive,1
asking,1
accepting,1
speculate,1
dedications,1
relationship,1
devote,1
dolores,1
modification,1
regardless,1
ann,1
shattered,1
tentative,1
continued,1
science,1
yaxha,1
figure,1
usually,1
linda,1
types,1
impressive,1
prudent,1
attitude,1
insufficient,1
bare,1
widespread,1
primarily,1
slow,1
becomes,1
dimensions,1
success,1
seen,1
progressively,1
yale,1
itself,1
began,1
lations,1
dirt,1
visual,1
markers,1
remaining,1
tup,1
peril,1
seminar,1
empires,1
traveled,1
homeless,1
volumes,1
pristine,1
blood,1
existed,1
antiquities,1
elderly,1
ology,1
lar,1
fields,1
months,1
get,1
face,1
commenting,1
dana,1
problematic,1
completeness,1
coloquio,1
guatemalan,1
anales,1
dynasts,1
detail,1
stephen,1
echoes,1
family,1
nacional,1
sections,1
school,1
bracketing,1
splintered,1
proof,1
environment,1
neglected,1
tendentious,1
seriously,1
detected,1
heavy,1
then,1
thinking,1
associated,1
reliant,1
indeterminate,1
locative,1
lessons,1
reckon,1
parentage,1
corresponded,1
cocom,1
biography,1
complexes,1
contradiction,1
demonstrate,1
extensive,1
ever,1
scarcely,1
thiessen,1
cayo,1
detect,1
substrate,1
reinforced,1
continues,1
demo,1
pace,1
incalculable,1
discrepancy,1
precise,1
les,1
fluctuating,1
disproof,1
xul,1
reconnaissance,1
rocky,1
ko,1
why,1
erected,1
chiefship,1
berkeley,1
natural,1
ethnologique,1
sure,1
readily,1
historicism,1
cleavage,1
descriptions,1
attribute,1
inclined,1
congeries,1
contained,1
innovations,1
believe,1
unknown,1
equivocal,1
glifos,1
manipulations,1
allied,1
inquiry,1
eventually,1
iii,1
ideological,1
solved,1
clearly,1
infer,1
asserting,1
recherche,1
ordered,1
associations,1
cities,1
examining,1
plaques,1
las,1
tex,1
anomalous,1
particu,1
thompson,1
historian,1
merely,1
concrete,1
growing,1
cal,1
scholarly,1
emblema,1
abstruse,1
impact,1
notable,1
dominate,1
elevation,1
nominal,1
reign,1
combined,1
unique,1
investigation,1
stability,1
expres,1
making,1
orleans,1
calif,1
metaphor,1
map,1
mere,1
ruin,1
interval,1
ripe,1
prehistorians,1
leaving,1
interpreting,1
her,1
periphery,1
prestige,1
secure,1
guesswork,1
influenced,1
limitations,1
burners,1
suggests,1
suspicion,1
squalid,1
size,1
cluster,1
integrating,1
facial,1
marking,1
abundantly,1
outline,1
owner,1
lambs,1
entrance,1
multiple,1
furniture,1
met,1
given,1
contemporaneity,1
despite,1
nonregnal,1
centro,1
press,1
became,1
hieroglyphs,1
giving,1
tayasal,1
intended,1
step,1
adjoining,1
assumptions,1
went,1
com,1
exceeded,1
matches,1
commissioning,1
discussion,1
colonial,1
families,1
allows,1
au,1
correspondences,1
tions,1
belize,1
remarks,1
false,1
afflicted,1
understandings,1
shown,1
until,1
models,1
underworld,1
locations,1
north,1
authorized,1
disposal,1
similarity,1
structured,1
copies,1
quest,1
chemical,1
beyond,1
gists,1
completed,1
wish,1
parallels,1
documentation,1
seating,1
offer,1
include,1
cuneiform,1
correlated,1
bronze,1
enabling,1
specialists,1
sur,1
product,1
heartland,1
involving,1
attributes,1
you,1
effects,1
piece,1
princi,1
prospect,1
clues,1
photograph,1
seeks,1
centripetal,1
await,1
association,1
ships,1
frankly,1
summary,1
anonymous,1
comparison,1
moved,1
vi,1
offered,1
supported,1
west,1
territories,1
artisan,1
infor,1
passages,1
quirigua,1
iraq,1
era,1
alberto,1
sequent,1
partial,1
dub,1
deposition,1
substantial,1
exclusively,1
valley,1
ownership,1
sheer,1
traditional,1
unduly,1
plenum,1
immediately,1
among,1
ends,1
dif,1
gangs,1
premature,1
humanidades,1
termed,1
betoken,1
vividly,1
evidently,1
arizona,1
deeper,1
increase,1
thorough,1
