WORDCOUNTS,WEIGHT
the,883
of,647
and,586
in,366
to,202
a,173
are,147
archaic,139
is,135
from,111
that,97
at,94
de,92
have,83
on,81
as,77
by,72
been,71
sites,66
or,65
these,63
for,61
with,58
andes,53
were,51
early,51
puna,50
this,49
has,46
period,46
it,45
there,44
bp,43
but,43
late,41
coast,40
be,40
during,38
resources,37
site,37
was,36
use,35
low,35
marine,34
found,34
pp,34
middle,34
no,33
subsistence,33
p,33
data,33
high,33
la,33
en,32
settlement,32
such,30
more,30
not,30
some,29
coastal,29
small,29
remains,29
resource,28
they,27
del,27
change,27
archaeological,27
species,27
camelids,26
highland,25
residential,25
research,25
which,25
an,25
other,24
very,24
et,24
two,24
while,24
between,24
j,23
el,23
changes,23
osmore,23
probably,23
upon,22
ecological,22
chile,22
foragers,21
aldenderfer,21
dry,21
important,21
based,21
nunez,21
few,21
made,21
similar,21
evidence,21
into,20
cultural,20
their,20
patterns,20
number,20
through,20
complementarity,20
c,20
fertile,19
large,19
most,19
chungara,19
region,19
northern,19
sierra,19
both,19
although,19
maize,18
within,18
american,18
shell,18
mobility,17
structures,17
materials,17
andean,17
y,16
university,16
peru,16
m,16
domestication,16
bone,16
around,16
since,15
central,15
complex,14
l,14
santoro,14
well,14
south,14
assemblages,14
can,14
structure,14
grinding,14
quelcatani,14
known,14
zones,14
major,14
date,13
asana,13
population,13
appear,13
could,13
basin,13
intermediate,13
least,13
when,13
habitats,13
also,13
new,13
pattern,13
valleys,13
desert,13
occupied,13
middens,13
domesticated,13
seasonal,13
include,13
north,13
stone,12
all,12
along,12
drainage,12
used,12
los,12
f,12
camelid,12
clear,12
tubers,12
exchange,12
different,12
one,11
season,11
i,11
levels,11
occupation,11
southern,11
ring,11
many,11
time,11
maritime,11
significant,11
would,11
spp,11
littoral,11
intensification,11
what,11
contain,11
differences,10
relatively,10
wet,10
may,10
direct,10
t,10
lithic,10
universidad,10
social,10
seeds,10
areas,10
rio,10
associated,10
material,10
over,10
las,10
form,10
argued,10
surface,9
utilization,9
projectile,9
relationships,9
highlands,9
how,9
process,9
animals,9
exploitation,9
raw,9
prehistoric,9
appearance,9
access,9
tiliviche,9
fish,9
r,9
suggest,9
productivity,9
san,9
about,9
only,9
clustered,9
area,9
terrestrial,9
rainfall,9
plants,9
almost,9
moderate,9
d,9
does,8
groups,8
foraging,8
h,8
modern,8
quantities,8
possible,8
likely,8
storage,8
than,8
b,8
support,8
numbers,8
permanent,8
base,8
near,8
its,8
archaeology,8
climate,8
deer,8
identified,8
single,8
do,8
caleta,8
trends,8
three,8
features,8
antiquity,8
domestic,8
essentially,8
suggests,8
level,8
arica,8
much,8
salt,8
altiplano,8
prosopis,8
history,7
lower,7
chenopodium,7
lomas,7
those,7
human,7
norte,7
plant,7
possibly,7
objects,7
shelters,7
generally,7
estudios,7
international,7
academic,7
appears,7
scale,7
schiappacasse,7
peruvian,7
presence,7
seed,7
finds,7
economic,7
oasis,7
processing,7
regional,7
stones,7
rock,7
end,7
forms,7
where,7
elevation,7
including,7
increase,7
points,7
buffering,7
relationship,7
irregular,7
primarily,7
analysis,7
peoples,7
despite,7
argentina,7
increased,7
km,7
interaction,7
now,6
environmental,6
suni,6
archaeologists,6
sources,6
long,6
context,6
system,6
british,6
signal,6
alignments,6
fig,6
served,6
transhumance,6
specialization,6
intensive,6
dated,6
exploited,6
recovered,6
strategy,6
density,6
focused,6
indirect,6
tools,6
temporary,6
ceremonial,6
architecture,6
logistical,6
structural,6
nonlocal,6
lack,6
water,6
adjacent,6
present,6
arqueologia,6
northwestern,6
years,6
range,6
birds,6
loa,6
characterized,6
probable,6
ranging,6
provide,6
un,6
table,6
ash,6
series,6
atacama,6
past,6
niemeyer,6
size,6
must,6
quinoa,6
camps,6
preceramic,6
sur,6
observed,6
common,5
group,5
western,5
production,5
s,5
survey,5
niche,5
inland,5
e,5
reconstruction,5
thus,5
pounding,5
due,5
distinct,5
costa,5
across,5
amount,5
had,5
societies,5
faunal,5
sedentary,5
placed,5
facilities,5
because,5
basis,5
periodicity,5
fully,5
limited,5
april,5
under,5
forays,5
longer,5
larger,5
unclear,5
frequency,5
local,5
trend,5
dating,5
discovered,5
amounts,5
parts,5
ecology,5
chinchorro,5
potato,5
tarapaca,5
quantitative,5
nacional,5
following,5
constructed,5
record,5
each,5
paper,5
economy,5
salar,5
march,5
shortages,5
densities,5
correlates,5
introduced,5
unit,5
models,5
little,5
focus,5
among,5
difficult,4
if,4
created,4
represent,4
carrizal,4
excavation,4
consistent,4
either,4
reconstructions,4
arqueologicas,4
seems,4
available,4
ity,4
con,4
bones,4
america,4
vol,4
activity,4
october,4
includes,4
throughout,4
g,4
development,4
chilean,4
tulan,4
compared,4
bolivia,4
journal,4
traditions,4
identification,4
una,4
importance,4
oases,4
cave,4
space,4
four,4
origins,4
ancient,4
distribution,4
possibility,4
valles,4
museo,4
boletin,4
postulated,4
climatic,4
floors,4
relaciones,4
regions,4
brush,4
using,4
passive,4
periods,4
ravines,4
trails,4
variety,4
populations,4
necessary,4
remain,4
oxford,4
york,4
rectangular,4
department,4
hearths,4
shows,4
ceramic,4
foodstuffs,4
pastoralism,4
puripica,4
increases,4
strategies,4
bofedales,4
degree,4
chila,4
atacamenos,4
evolution,4
trade,4
tokens,4
so,4
occidentales,4
especially,4
temprana,4
hunters,4
investigations,4
science,4
vertical,4
tuber,4
indicate,4
considered,4
anthropological,4
extensive,4
natural,4
particularly,4
advances,4
animal,4
genera,4
whether,4
world,4
roughly,4
debate,4
quebradas,4
duration,4
occur,4
contacts,3
tokyo,3
determine,3
introduction,3
mouth,3
identify,3
true,3
studies,3
total,3
arcaicos,3
contexts,3
certainly,3
nature,3
tradition,3
crops,3
origin,3
hunting,3
fishhooks,3
hipotesis,3
somewhat,3
debitage,3
toquepala,3
arcaico,3
bird,3
primary,3
bases,3
desired,3
point,3
x,3
poblaciones,3
cuevas,3
frequencies,3
colluvial,3
consumed,3
surrounded,3
interior,3
characteristic,3
sp,3
quiani,3
excavations,3
application,3
guanaco,3
productiv,3
drip,3
perspective,3
clustering,3
columbia,3
houses,3
dates,3
higher,3
camp,3
developed,3
breadth,3
incidence,3
represented,3
cazadores,3
study,3
productive,3
scattered,3
pampa,3
emergence,3
k,3
upper,3
show,3
beyond,3
boundary,3
explain,3
molds,3
closely,3
zone,3
method,3
aspects,3
line,3
artifacts,3
rainy,3
concept,3
reduction,3
related,3
indigenous,3
adaptations,3
place,3
feathers,3
personal,3
reflect,3
presented,3
working,3
field,3
reliable,3
indicators,3
alto,3
highly,3
vicuna,3
situation,3
various,3
still,3
cooler,3
yet,3
thought,3
botany,3
al,3
predictability,3
confirmed,3
reliance,3
caves,3
quebrada,3
unidentified,3
contemporary,3
external,3
behind,3
took,3
v,3
ground,3
manos,3
model,3
see,3
immature,3
teeth,3
pathology,3
unpredictable,3
rivers,3
aside,3
products,3
questions,3
ethnic,3
radiocarbon,3
described,3
times,3
crushing,3
function,3
mammals,3
after,3
excavated,3
preservation,3
abundant,3
parallel,3
become,3
sobre,3
construction,3
we,3
seasons,3
abundance,3
continued,3
secure,3
stratified,3
months,3
mud,3
zlatar,3
environment,3
magnitude,3
heavy,3
eventually,3
litoral,3
existence,3
economically,3
postglacial,3
control,3
mufioz,3
descriptions,3
specialized,3
best,3
unknown,3
report,3
post,3
goods,3
edible,3
just,3
phd,3
beginning,3
altars,3
unlikely,3
spatial,3
sus,3
mni,3
her,3
sleeping,3
institute,3
lynch,3
entire,3
marked,3
beach,3
november,3
variability,3
quereo,3
vertically,3
obtain,3
maintained,3
junin,3
our,3
wild,3
until,3
approximately,3
land,3
attempted,3
semisedentary,3
deposits,3
national,3
valley,3
recent,3
should,3
sandweiss,3
hypothesis,3
cultigens,2
entities,2
o,2
valle,2
correlation,2
indicated,2
faced,2
affected,2
pisagua,2
implies,2
nonarchitectural,2
measures,2
extends,2
utility,2
contemporaneous,2
geoecology,2
ayacucho,2
approaches,2
huachichocana,2
atacamehos,2
algorrobo,2
organic,2
before,2
absence,2
exostoses,2
sequencia,2
being,2
first,2
antofagasta,2
ii,2
processes,2
later,2
attempt,2
movilidad,2
splinters,2
recovery,2
continue,2
generalize,2
flotation,2
simple,2
styles,2
feature,2
basins,2
state,2
sheet,2
momias,2
papers,2
contents,2
sociedad,2
wetter,2
occasional,2
key,2
prehispanic,2
solely,2
obvious,2
establishment,2
quantity,2
anticipated,2
decreasing,2
guitarrero,2
collection,2
surplus,2
fechas,2
ugent,2
preceramico,2
phase,2
review,2
dependence,2
lakes,2
dynamics,2
cronologia,2
tables,2
september,2
iquique,2
clay,2
mixed,2
adopted,2
glacial,2
analisis,2
chiripa,2
slabs,2
ocupacion,2
young,2
unchanged,2
reoccupation,2
thin,2
camarones,2
find,2
even,2
sin,2
apparently,2
deeply,2
general,2
dollfus,2
poorly,2
walls,2
ovoid,2
cobbles,2
civilization,2
olmos,2
octobernovember,2
drainages,2
growth,2
performance,2
cleaned,2
dauelsberg,2
bifaces,2
radius,2
strands,2
certain,2
ongoing,2
sandy,2
distant,2
white,2
lay,2
primer,2
means,2
modified,2
arid,2
nor,2
organization,2
river,2
established,2
presumably,2
clearly,2
proposed,2
instituto,2
exploratory,2
shore,2
too,2
additional,2
azapa,2
cotton,2
unhindered,2
mo,2
warmer,2
casma,2
extent,2
location,2
aseasonal,2
midden,2
mollusks,2
pacha,2
fishing,2
events,2
further,2
understood,2
buried,2
hacia,2
circular,2
choromytilus,2
cannot,2
however,2
aridity,2
uninhabitable,2
wide,2
problema,2
sedentism,2
directly,2
none,2
distinguish,2
work,2
horticulture,2
part,2
punta,2
sociedades,2
paleoenvironments,2
subregion,2
egalitarian,2
year,2
continuation,2
aldea,2
special,2
northwest,2
seasonally,2
versus,2
systematic,2
preparation,2
artifact,2
washington,2
eastern,2
indicator,2
below,2
questionable,2
cabrera,2
accomplished,2
wider,2
executed,2
rhizomes,2
coprolites,2
st,2
results,2
describes,2
munoz,2
boidunj,2
patrones,2
preliminary,2
microwear,2
second,2
implications,2
attempts,2
transverse,2
grinders,2
located,2
tropical,2
above,2
presently,2
movement,2
tends,2
once,2
museum,2
seaweed,2
technology,2
mobile,2
chronology,2
specimens,2
lowland,2
initiation,2
suri,2
culture,2
performed,2
floor,2
winterhalder,2
nawpa,2
reports,2
exploit,2
subregions,2
others,2
sedentarization,2
tempranos,2
munizaga,2
huenque,2
fact,2
ayampitin,2
carbonized,2
chileno,2
crush,2
tumuku,2
viii,2
habitat,2
resolved,2
antropologia,2
sanhueza,2
bittmann,2
timing,2
preceramicos,2
deep,2
assemblage,2
pleistocene,2
identifiable,2
another,2
territoriality,2
understanding,2
lake,2
samples,2
asentamiento,2
skeletal,2
food,2
emphasize,2
excavaciones,2
causes,2
virtually,2
domesti,2
individuals,2
previous,2
shelter,2
underwent,2
authors,2
encuentro,2
congreso,2
crania,2
like,2
mesodesma,2
creating,2
obtained,2
borde,2
thomas,2
procurement,2
systems,2
evolutionary,2
shallow,2
hakenasa,2
nuevos,2
availability,2
slightly,2
faldas,2
relative,2
dryas,2
increasing,2
topography,2
imply,2
tested,2
today,2
tentative,2
buffer,2
marrow,2
independent,2
movements,2
five,2
reasonable,2
altitude,2
slow,2
seen,2
transformed,2
transformation,2
why,2
often,2
kuznar,2
examine,2
hi,2
caru,2
existed,2
composed,2
supporting,2
types,2
ramirez,2
resemble,2
residentially,2
detail,2
freshwater,2
earliest,2
any,2
intertidal,2
dispersed,2
complexity,2
patapatane,2
asentamientos,2
wear,2
continues,2
reciprocity,2
scraping,2
claims,2
quaternary,2
know,2
cemetery,2
lying,2
did,2
down,2
equivocal,2
argue,2
iii,2
bolivian,2
far,2
decline,2
utilized,2
better,2
answered,2
them,2
temperatures,2
maintain,2
laguna,2
theory,2
problem,2
adaptation,2
meridional,2
foundations,2
project,2
revista,2
exclusively,2
des,2
aragon,2
researchers,2
monitored,2
varieties,2
pation,2
reported,2
conclude,2
slopes,2
micro,2
centro,2
role,2
mutualism,2
securely,2
reconstruct,2
solanum,2
provencia,2
subsumed,2
formation,2
shown,2
differentiation,2
argues,2
conditions,2
temperature,2
rockshelter,2
offer,2
fauna,2
cation,2
dinamica,2
regular,2
alyawara,2
francisco,2
offered,2
distinctions,2
drying,2
combination,2
titicaca,2
say,2
potatoes,2
uncertainty,2
abandoned,2
counts,2
editorial,2
diologo,1
peinados,1
uotdisubix,1
frequent,1
dung,1
margins,1
geografiska,1
order,1
interzonal,1
decentralized,1
mbino,1
interpre,1
currently,1
rate,1
compares,1
blinds,1
lation,1
forces,1
institut,1
cactus,1
way,1
adopt,1
stylistic,1
commentary,1
raneous,1
stood,1
fase,1
arctic,1
investigaciones,1
bioindicators,1
separated,1
extreme,1
latitudinal,1
monumenta,1
trans,1
durante,1
ultimate,1
originating,1
fragmented,1
chihua,1
circumtitikaka,1
notably,1
per,1
expect,1
becoming,1
aceramic,1
conducted,1
discover,1
pastoralists,1
integrity,1
kinds,1
undergone,1
tend,1
zwmin,1
designed,1
ment,1
tures,1
tierras,1
arqueo,1
morro,1
evidencias,1
johns,1
composites,1
desperately,1
cryptic,1
castillos,1
grasslands,1
anthropology,1
acceptance,1
chico,1
undertaken,1
prentice,1
offshore,1
unlike,1
charitable,1
occurred,1
correspond,1
diving,1
ethnoarchaeological,1
alero,1
lowlands,1
arguing,1
englewood,1
revision,1
source,1
societal,1
hafted,1
character,1
reconstruccion,1
practices,1
baumann,1
disturbances,1
test,1
cutting,1
round,1
humanos,1
usage,1
standen,1
permit,1
valluna,1
isla,1
revisited,1
lagidium,1
subtidal,1
archae,1
nonexistent,1
midwest,1
pocatello,1
negra,1
exclusive,1
originally,1
taken,1
tambillo,1
pasteurs,1
possesses,1
pampas,1
disturbance,1
humans,1
articulate,1
emerged,1
instituo,1
amaranthus,1
freely,1
diseases,1
definition,1
containing,1
dramatically,1
agricultura,1
shaped,1
pelves,1
oval,1
crannies,1
menlo,1
packed,1
leading,1
chenopo,1
advantage,1
oxioqouiiq,1
suggesting,1
together,1
desire,1
bulbs,1
great,1
confusion,1
macneish,1
monitor,1
hide,1
potentially,1
analyses,1
flora,1
follows,1
studied,1
able,1
link,1
reveal,1
onto,1
uoioisubjx,1
banding,1
take,1
assays,1
netsinkers,1
subsequent,1
achieved,1
alternated,1
vegetation,1
improved,1
skull,1
miles,1
precisely,1
sacred,1
raised,1
interfluvial,1
political,1
normal,1
surveys,1
segregated,1
coevolutionary,1
multidiciplinaria,1
cuenca,1
pouaj,1
posts,1
depends,1
side,1
habitual,1
bipointed,1
moisture,1
harvest,1
linear,1
glaciation,1
inca,1
sduojbunq,1
wankarani,1
pub,1
capio,1
iv,1
xviic,1
almacenamiento,1
cated,1
discuss,1
immediate,1
inundating,1
microscopy,1
northeast,1
iubiiio,1
opened,1
prior,1
determined,1
logical,1
belen,1
condition,1
paucity,1
burning,1
comple,1
insight,1
moseley,1
countered,1
ecologica,1
unsuccessfully,1
ojj,1
occurring,1
mental,1
smooth,1
infer,1
shellfish,1
dynamic,1
boreal,1
horticulturalists,1
minimum,1
thoughout,1
trashumantica,1
fertil,1
conclusively,1
sand,1
arqueologica,1
altitudes,1
complicating,1
abrasion,1
funded,1
karen,1
exist,1
abraded,1
paradero,1
hombre,1
regarding,1
generalized,1
centralized,1
differential,1
cemeteries,1
dripline,1
southwestern,1
influx,1
septimo,1
component,1
resins,1
guanacos,1
cambio,1
costero,1
preceramica,1
contempo,1
initial,1
pursuit,1
liticos,1
retooling,1
enlarged,1
terraces,1
scarce,1
fuel,1
interest,1
adornment,1
move,1
habitationales,1
tumbled,1
needed,1
prehistoria,1
altas,1
hooks,1
tied,1
actas,1
meridion,1
rooted,1
sample,1
century,1
extensively,1
expected,1
thank,1
bobouix,1
agroalferia,1
ai,1
retreats,1
progressive,1
pollard,1
estimates,1
cases,1
concentrations,1
reoceu,1
semisedentarismo,1
developments,1
items,1
innovation,1
stored,1
patch,1
maximo,1
infrequently,1
back,1
ear,1
response,1
panorama,1
cuyes,1
six,1
barfield,1
arranged,1
continuous,1
unpre,1
criterion,1
weight,1
revised,1
versy,1
cuaternario,1
percentage,1
communication,1
look,1
occidental,1
skins,1
refugia,1
details,1
climates,1
economia,1
pronounced,1
wanning,1
hammerstones,1
acknowledge,1
callejon,1
paralleling,1
interindividual,1
industries,1
phases,1
smoothed,1
lesser,1
mechanisms,1
apercentage,1
assessed,1
operation,1
sector,1
recognized,1
americans,1
chinchoroid,1
cordilleras,1
essential,1
reflects,1
espacio,1
without,1
operations,1
his,1
milenio,1
reeds,1
popcorn,1
uhle,1
centered,1
scrapers,1
debated,1
splintered,1
linearly,1
presentation,1
agrcultura,1
environments,1
suffer,1
vs,1
determining,1
paz,1
risk,1
probability,1
proportion,1
carcass,1
earlier,1
arcaica,1
cobija,1
entre,1
derived,1
auditivo,1
contributions,1
entiated,1
emergency,1
gratefully,1
upstream,1
discoveries,1
strate,1
publicaciones,1
cueva,1
huaynuma,1
periodic,1
mosaic,1
references,1
circuito,1
occu,1
evaluacion,1
temprano,1
pared,1
affect,1
plus,1
prehistory,1
consider,1
locally,1
contactos,1
retained,1
appearing,1
slowly,1
lima,1
annaler,1
zswjttn,1
latin,1
elsewhere,1
unimportant,1
n,1
sedentarismo,1
differs,1
pastoral,1
w,1
benefited,1
opportunistic,1
bushmen,1
superior,1
hesse,1
max,1
symbolization,1
powerful,1
graves,1
abrigo,1
efficient,1
predates,1
followed,1
comparisons,1
chiuchiu,1
desembocadura,1
mix,1
schooling,1
flakes,1
essays,1
ferd,1
symbolized,1
suggested,1
adapted,1
decades,1
alan,1
inshore,1
charcoal,1
grupos,1
experimentation,1
whereas,1
greater,1
peruana,1
moving,1
tiwanaku,1
posible,1
whom,1
societe,1
concentration,1
declined,1
acknowledgments,1
begun,1
kalahari,1
combinations,1
centers,1
omnivorous,1
facilitate,1
teristics,1
noting,1
diet,1
territorio,1
vinculaciones,1
thames,1
zapallo,1
argentinian,1
inter,1
popu,1
embedded,1
ceramica,1
meter,1
handbook,1
ann,1
whichever,1
carob,1
offertory,1
michigan,1
yuca,1
ceramics,1
produced,1
fla,1
track,1
younger,1
alf,1
intersocietal,1
lenses,1
barbs,1
whale,1
eund,1
outlined,1
diffusionist,1
networks,1
orientations,1
contro,1
periodization,1
mummies,1
receive,1
litico,1
shape,1
future,1
paleoenvironmental,1
journals,1
ancon,1
rivera,1
inferred,1
planning,1
ales,1
microenviron,1
fieldstone,1
tool,1
hairstyles,1
preferred,1
heavily,1
su,1
london,1
competing,1
example,1
lipez,1
proportions,1
confined,1
perfil,1
positions,1
ascertain,1
description,1
parameters,1
biologia,1
whole,1
pisos,1
describe,1
archaeologica,1
canistes,1
issues,1
partly,1
oscilating,1
contains,1
beginnings,1
underscored,1
tative,1
perishable,1
demon,1
palacios,1
technologia,1
rodents,1
scrap,1
surrounding,1
herding,1
cubic,1
employed,1
ecologicos,1
interpreted,1
rafts,1
lithics,1
boulders,1
extremo,1
count,1
redistribution,1
approach,1
refuse,1
cantly,1
foci,1
oriental,1
causal,1
good,1
tone,1
statistically,1
running,1
optimal,1
interregional,1
fied,1
hard,1
corresponds,1
spatially,1
cold,1
drier,1
neonates,1
trading,1
prehistorica,1
unquestioned,1
incipient,1
diagnostic,1
culturales,1
ological,1
emerging,1
llama,1
soil,1
chorus,1
smithsonian,1
knives,1
hafting,1
components,1
ill,1
routine,1
continentales,1
kernels,1
jensen,1
urgently,1
boundaries,1
impossible,1
zonal,1
core,1
annual,1
visible,1
pnswo,1
progress,1
oca,1
specializations,1
dependent,1
regardless,1
otros,1
notes,1
value,1
provided,1
sitio,1
francais,1
settle,1
rest,1
digging,1
activities,1
fiber,1
society,1
subsequently,1
chronological,1
span,1
gelling,1
will,1
ameri,1
portion,1
arquelogico,1
rankings,1
led,1
quarry,1
spoilage,1
minor,1
basarwa,1
onset,1
archaeo,1
andina,1
chilca,1
action,1
titijones,1
concentrated,1
overall,1
aldeoderfer,1
return,1
acknowledged,1
chucutuno,1
brief,1
pasturage,1
exception,1
shelf,1
leon,1
americana,1
indicates,1
interactions,1
dummlers,1
ice,1
toss,1
longitudinal,1
atop,1
modes,1
servicio,1
surveyed,1
direction,1
kills,1
southeast,1
comentario,1
mammal,1
para,1
corpus,1
patches,1
depicted,1
jujuy,1
trashumantico,1
ojjoyouitfj,1
tuina,1
ubjiix,1
examined,1
revealed,1
coverage,1
represents,1
marginal,1
retreat,1
residence,1
unidirectional,1
heinz,1
ajq,1
dictability,1
historia,1
latitude,1
neither,1
differentiate,1
index,1
salient,1
idaho,1
compiled,1
semisubterranean,1
archaeologu,1
light,1
assistance,1
abad,1
provinica,1
same,1
hermilio,1
skin,1
um,1
si,1
macrofloral,1
comentarios,1
prehispanica,1
totora,1
lined,1
buynx,1
inference,1
infrastructural,1
management,1
inhabitants,1
walled,1
fire,1
barbed,1
lanceolate,1
interdepedence,1
challenge,1
limit,1
mark,1
toward,1
again,1
attractive,1
approaching,1
conceived,1
unintentional,1
decorative,1
visita,1
chaacmool,1
erect,1
demographic,1
efforts,1
humana,1
torno,1
reto,1
pological,1
consideration,1
datos,1
treatment,1
riverine,1
don,1
blocks,1
canihua,1
seasonality,1
curcurbits,1
aires,1
investigationes,1
pacifico,1
compound,1
agree,1
mountainous,1
striking,1
ethnohistoric,1
layer,1
grave,1
contradict,1
anthro,1
decreases,1
antonio,1
nuap,1
john,1
fernandez,1
aguerre,1
substantially,1
variation,1
diameter,1
away,1
considerable,1
osteologically,1
man,1
discussed,1
roof,1
serious,1
fragments,1
reasons,1
predictabil,1
anthropologist,1
never,1
hand,1
paris,1
covered,1
landscape,1
replanteamiento,1
mammalian,1
non,1
meridionales,1
less,1
boats,1
hides,1
germination,1
meant,1
mandioca,1
favorable,1
exotic,1
practice,1
paired,1
intensify,1
interpretativo,1
reconstructing,1
diuibidddj,1
controversy,1
andfrequency,1
guila,1
elementos,1
ajquioh,1
wood,1
encountered,1
polities,1
remained,1
nynuinji,1
mortars,1
published,1
demonstrated,1
mats,1
becomes,1
pooling,1
entirety,1
analyzed,1
microscopic,1
technologies,1
greatest,1
behaviors,1
situated,1
elevations,1
divided,1
aldenderefer,1
averaged,1
restricted,1
atlantic,1
intent,1
cambridge,1
discovery,1
implicated,1
laboral,1
hudnuco,1
tartaglia,1
trajectory,1
neuvas,1
formal,1
intensified,1
noticia,1
mortuary,1
lacunae,1
warming,1
exploits,1
europeans,1
taller,1
aproximacion,1
expression,1
hypotheses,1
largely,1
persisted,1
operated,1
residues,1
affects,1
sequence,1
satisfactorily,1
crevices,1
arcaicas,1
bund,1
nothing,1
semiarido,1
undiffer,1
redistributive,1
prelude,1
markers,1
struction,1
deemed,1
dismissed,1
synthetic,1
palinologicos,1
angusti,1
funcion,1
clearing,1
cultura,1
circumpuneha,1
bacterial,1
open,1
significance,1
explorations,1
ventral,1
lacustrine,1
directed,1
jose,1
murra,1
publication,1
agreement,1
dominated,1
prevents,1
counter,1
reviewers,1
vegeta,1
soibiuoppoo,1
recon,1
nonutilitarian,1
conchas,1
mexico,1
variance,1
stages,1
ended,1
mountain,1
pervasive,1
filled,1
practiced,1
keen,1
epoch,1
lorenzo,1
provides,1
martin,1
adequately,1
browse,1
latter,1
cambios,1
ap,1
hybridized,1
margin,1
chasseurs,1
discarded,1
problems,1
pescadores,1
internal,1
macroscopic,1
methods,1
alpine,1
ojoiubs,1
correlated,1
topics,1
buenos,1
obsidian,1
publicacion,1
ethnographically,1
differ,1
southwest,1
browman,1
revolution,1
slab,1
institution,1
summarized,1
professional,1
camote,1
arbor,1
sociopolitical,1
imported,1
chert,1
practicing,1
preceramicas,1
widely,1
brown,1
complicates,1
unexpected,1
dealing,1
european,1
ethnobiology,1
consists,1
oluibiaoajj,1
undifferentiated,1
rodent,1
modification,1
oa,1
transformations,1
chuno,1
bureau,1
processed,1
drafted,1
segments,1
bulk,1
crucial,1
usually,1
intensifi,1
suggestive,1
tech,1
rough,1
begin,1
lines,1
fewer,1
huelen,1
signifi,1
trait,1
dimensions,1
osteoma,1
deposit,1
strongly,1
playa,1
began,1
returned,1
contribution,1
interplay,1
unpredictability,1
sequences,1
originated,1
periodo,1
rapidly,1
life,1
wheeler,1
liners,1
vtunj,1
precolombinas,1
ing,1
cashdan,1
extremely,1
patkata,1
andinas,1
suches,1
gathered,1
coincident,1
areal,1
cam,1
serena,1
multiple,1
containers,1
stratigraphic,1
panama,1
reliant,1
bogs,1
comes,1
consist,1
changing,1
comparison,1
artefactos,1
mundo,1
circumstances,1
tardios,1
semiarid,1
mutualistic,1
demonstrate,1
simply,1
qoov,1
hypothesized,1
oubiduidx,1
pace,1
radiocarbonicas,1
temporal,1
trenches,1
rocky,1
organizational,1
offers,1
drew,1
alternative,1
geoarchaeology,1
custred,1
satellite,1
column,1
set,1
viewed,1
colorado,1
chasse,1
dimension,1
unavailable,1
continental,1
mutually,1
intellectual,1
extant,1
rear,1
cm,1
facing,1
cdate,1
sauaffuoqv,1
cultures,1
momificacion,1
ancestor,1
december,1
hardier,1
paleoindian,1
sizes,1
east,1
exploration,1
innovations,1
seem,1
paleoindio,1
intensi,1
colombinos,1
half,1
wall,1
paleoclimatic,1
current,1
tamarugal,1
foundation,1
tarata,1
ported,1
exhibits,1
grind,1
speculation,1
locumba,1
rely,1
benefit,1
mollusk,1
build,1
documentos,1
bouy,1
works,1
living,1
type,1
ancestors,1
structed,1
evident,1
desiccation,1
believed,1
microenvironments,1
surpluses,1
vary,1
proceedings,1
combined,1
circles,1
terms,1
prefers,1
stability,1
cooking,1
accounts,1
calif,1
particular,1
costeras,1
dium,1
males,1
proven,1
beaches,1
firmly,1
aibqaiy,1
utilitarian,1
extract,1
weedy,1
require,1
divide,1
serie,1
produce,1
medial,1
information,1
capilla,1
ideal,1
blages,1
matrix,1
ah,1
finished,1
ivan,1
potable,1
nj,1
emergent,1
careful,1
recognition,1
pits,1
given,1
oxalis,1
sea,1
pre,1
circum,1
confirm,1
grinder,1
became,1
conducto,1
techniques,1
transition,1
lies,1
metodos,1
harvested,1
territory,1
sheets,1
com,1
measure,1
undomesticated,1
target,1
domesticates,1
programs,1
copper,1
dorsal,1
fine,1
lowered,1
aspect,1
come,1
susceptible,1
andino,1
ambiente,1
tardio,1
amenderfer,1
spring,1
locations,1
lists,1
difference,1
elliptical,1
lands,1
disappear,1
coated,1
advent,1
similarity,1
donald,1
genetically,1
decrease,1
illinois,1
twentieth,1
tempera,1
sitios,1
macrofossils,1
frame,1
morphological,1
stratification,1
cemented,1
mode,1
massiveness,1
parallels,1
colo,1
chin,1
americas,1
define,1
consumption,1
cobble,1
depart,1
environ,1
dyadic,1
product,1
smaller,1
charac,1
integration,1
prehistoriques,1
contamination,1
defined,1
patologia,1
shells,1
corportation,1
association,1
puddled,1
anonymous,1
chichillape,1
intergroup,1
specific,1
territories,1
potential,1
modeling,1
deciding,1
cached,1
root,1
maices,1
themselves,1
variations,1
geographical,1
era,1
partial,1
substantial,1
lluta,1
predictable,1
gourd,1
secuentia,1
nino,1
verified,1
desierto,1
roofed,1
immediately,1
strong,1
uk,1
technological,1
comparable,1
dif,1
dos,1
resembled,1
indicating,1
built,1
hans,1
kautz,1
geologico,1
barter,1
assem,1
