WORDCOUNTS,WEIGHT
the,364
of,194
and,120
in,102
to,96
a,79
alphabet,42
for,41
from,39
signs,38
is,34
be,29
that,27
egyptian,27
are,26
was,25
an,24
as,23
on,23
it,21
with,21
or,20
other,20
its,19
which,19
they,18
were,18
this,18
not,17
at,16
by,16
writing,16
have,16
their,15
bc,15
scripts,15
but,14
cuneiform,14
script,14
some,14
r,13
early,13
one,12
inscriptions,12
can,12
his,11
these,11
age,11
bronze,11
all,11
there,11
semitic,11
history,10
more,10
babylonian,10
canaanite,10
texts,10
greek,10
may,9
he,9
phoenician,9
words,9
written,9
levant,9
language,9
although,9
byblos,9
than,9
been,8
two,8
each,8
century,8
f,7
m,7
letters,7
j,7
could,7
found,7
them,7
has,7
near,7
inscription,7
tablets,7
ebla,7
et,7
de,7
late,7
few,7
millard,7
through,7
does,6
about,6
pp,6
ancient,6
only,6
had,6
syllabic,6
simple,6
documents,6
new,6
i,6
used,6
decipherment,6
examples,6
during,6
so,6
between,6
infancy,6
no,5
b,5
once,5
yet,5
ugarit,5
earliest,5
alphabetic,5
university,5
languages,5
same,5
known,5
others,5
came,5
sinai,5
see,5
number,5
because,5
syria,5
those,5
very,5
tell,5
three,5
millennium,5
aramaic,5
clay,5
single,5
journal,5
stone,5
now,4
second,4
if,4
consonantal,4
names,4
read,4
any,4
w,4
without,4
also,4
many,4
east,4
canaan,4
gardiner,4
papyrus,4
ahiram,4
linear,4
israel,4
west,4
forms,4
hieroglyphs,4
g,4
years,4
scribes,4
sur,4
values,4
invention,4
systems,4
third,4
lachish,4
cross,4
vowels,4
where,3
done,3
whose,3
common,3
l,3
groups,3
how,3
begin,3
order,3
e,3
seen,3
after,3
study,3
use,3
h,3
greeks,3
specimens,3
into,3
then,3
most,3
being,3
first,3
picture,3
des,3
maturity,3
set,3
evidence,3
over,3
hittite,3
added,3
exploration,3
seem,3
les,3
phaistos,3
time,3
end,3
while,3
readings,3
date,3
further,3
studies,3
do,3
scribe,3
present,3
right,3
list,3
less,3
system,3
notes,3
syllabary,3
perhaps,3
scattered,3
characters,3
local,3
having,3
almost,3
scribal,3
vessels,3
made,3
babylonia,3
carry,3
four,3
little,3
press,3
sign,3
di,3
thus,3
sound,3
since,3
oriental,3
numerous,3
points,3
sense,3
like,3
serabit,3
need,3
archaeology,3
earlier,3
last,3
old,3
direction,3
small,3
ugaritic,3
initial,3
thousand,3
become,3
up,3
even,3
syllables,3
given,3
traditions,3
close,3
south,2
schools,2
pictorial,2
turquoise,2
back,2
note,2
way,2
exact,2
later,2
links,2
scratched,2
limited,2
basic,2
adoption,2
acrophonic,2
millennia,2
au,2
similar,2
certain,2
la,2
american,2
life,2
analysis,2
quite,2
discoveries,2
arrowheads,2
word,2
imply,2
vowel,2
supposed,2
fit,2
gelb,2
sounds,2
deir,2
graffiti,2
school,2
seems,2
rarely,2
proposed,2
culture,2
phonemes,2
syllable,2
dialects,2
different,2
show,2
identical,2
extensive,2
sufficient,2
palace,2
text,2
name,2
important,2
trained,2
principle,2
five,2
expressed,2
tongue,2
s,2
pen,2
dated,2
discrete,2
euphrates,2
far,2
relate,2
hundred,2
iron,2
syrian,2
constantly,2
c,2
mass,2
improved,2
destroyed,2
took,2
stand,2
beginning,2
albright,2
traced,2
manner,2
p,2
engraved,2
imitation,2
form,2
ones,2
applied,2
era,2
origin,2
brief,2
directions,2
recorded,2
eastern,2
explained,2
series,2
ink,2
creates,2
possibility,2
directly,2
sites,2
trade,2
hurrian,2
sir,2
lebanon,2
line,2
infant,2
both,2
cambridge,2
prism,2
presented,2
bear,2
point,2
except,2
part,2
purpose,2
city,2
training,2
coffin,2
owe,2
knowledge,2
became,2
related,2
himself,2
step,2
alla,2
place,2
partly,2
isolated,2
harvard,2
long,2
satisfactorily,2
questions,2
throughout,2
write,2
eventually,2
alan,2
such,2
development,2
adding,2
phrygian,2
held,2
pepi,2
normally,2
thirteenth,2
period,2
him,2
mines,2
stages,2
le,2
disk,2
latter,2
phoneme,2
handful,2
several,2
pierre,2
erected,2
removed,2
would,2
brought,2
egypt,2
respectively,2
contact,2
potsherd,2
objects,2
when,2
probably,2
statue,2
seal,2
arose,2
traditional,2
kamid,2
fekherye,2
saw,2
sarcophagus,2
plausible,2
should,2
anatolia,2
showed,2
chephren,2
festschrift,2
fir,1
increasing,1
survived,1
israeli,1
archaic,1
difficult,1
will,1
things,1
surroundings,1
mansfeld,1
alpha,1
steps,1
archives,1
antiquites,1
dead,1
committed,1
isbet,1
nel,1
noteworthy,1
thence,1
o,1
situation,1
adequate,1
interna,1
luwian,1
today,1
attempts,1
society,1
schrift,1
edge,1
rainey,1
various,1
replied,1
fairly,1
testimony,1
true,1
bold,1
bring,1
chance,1
growth,1
cedar,1
curiosities,1
absent,1
happily,1
developed,1
adds,1
scholar,1
epigraphikers,1
overall,1
remain,1
bound,1
widely,1
site,1
suspected,1
pieces,1
reasonable,1
jeffery,1
influential,1
schemes,1
deserve,1
reconstructed,1
classic,1
eminent,1
recueil,1
awkward,1
roi,1
ordinary,1
coastal,1
sway,1
bulletin,1
process,1
monuments,1
hard,1
object,1
assure,1
prove,1
unique,1
whatever,1
requisite,1
strongly,1
still,1
above,1
considerably,1
totally,1
magnes,1
necessary,1
corollaries,1
divergences,1
notably,1
indicates,1
schriftdokumente,1
gaster,1
legal,1
flexible,1
eight,1
contribution,1
unsuccessful,1
initially,1
zu,1
group,1
pheniciennes,1
large,1
similarities,1
needed,1
southern,1
direct,1
anatolian,1
drawback,1
miners,1
freed,1
letter,1
hones,1
judged,1
losing,1
adaptation,1
cyprus,1
conquering,1
rose,1
lexicon,1
ad,1
accommodate,1
minoan,1
lacking,1
influence,1
hausmann,1
rediscovered,1
correspondance,1
impressed,1
consequences,1
oldest,1
potsherds,1
dedications,1
kings,1
phoenicians,1
bridged,1
cannot,1
ways,1
interpretation,1
forced,1
support,1
centuries,1
aid,1
matthiae,1
means,1
references,1
arrangements,1
sherds,1
face,1
served,1
represents,1
makes,1
towards,1
mit,1
supplanting,1
requiring,1
altertumskunde,1
case,1
serve,1
rollig,1
facilitated,1
quirks,1
cols,1
scherben,1
conveying,1
regularly,1
began,1
assumption,1
announces,1
hathor,1
conclusive,1
equally,1
allow,1
alone,1
recognizably,1
detail,1
bordreuil,1
devices,1
position,1
syriac,1
established,1
minor,1
india,1
occurred,1
included,1
eastwards,1
inscribed,1
ambitious,1
fifteen,1
before,1
marks,1
complete,1
nagila,1
down,1
gibson,1
growing,1
thirty,1
everyone,1
something,1
impact,1
citizenry,1
traces,1
every,1
house,1
conclusion,1
montet,1
source,1
weak,1
vol,1
incised,1
indian,1
frequently,1
dominated,1
until,1
du,1
mercantile,1
circumstances,1
founded,1
eretz,1
moabites,1
epigraphes,1
trace,1
predominantly,1
possibly,1
ever,1
speaking,1
durability,1
additional,1
beside,1
rise,1
origins,1
boardman,1
textes,1
else,1
sometimes,1
indicate,1
beyond,1
simplicity,1
olivier,1
satisfactory,1
continued,1
rival,1
rkp,1
surmise,1
volume,1
routes,1
cost,1
textual,1
ecritures,1
represent,1
mixes,1
endured,1
generic,1
entrepot,1
baked,1
certainly,1
fire,1
letouzey,1
hellenique,1
roman,1
schooling,1
importing,1
french,1
hurrians,1
left,1
suit,1
maison,1
founding,1
challenge,1
adaptable,1
cover,1
give,1
adopt,1
indicated,1
excavation,1
toward,1
might,1
drawing,1
renewed,1
attempt,1
appear,1
changes,1
adopted,1
disque,1
put,1
fundamental,1
worked,1
whereas,1
water,1
official,1
nature,1
experiments,1
editions,1
ernst,1
did,1
hodder,1
zur,1
containing,1
based,1
longer,1
shaped,1
columbia,1
branches,1
coincidence,1
attractive,1
bearing,1
route,1
excavating,1
scholars,1
altering,1
best,1
divorce,1
areas,1
portable,1
belong,1
supremacy,1
clarendon,1
indispensible,1
dunand,1
stoughton,1
borders,1
nabatean,1
argue,1
daily,1
great,1
clerkly,1
universal,1
current,1
visiting,1
gap,1
stood,1
akkadian,1
gen,1
abou,1
exotic,1
rebuilding,1
reasoning,1
account,1
identifications,1
really,1
deal,1
abecedary,1
prints,1
archeologie,1
relation,1
warning,1
clearly,1
closer,1
impossible,1
proposal,1
hebrew,1
everything,1
doubt,1
scene,1
saarbrucker,1
associations,1
cities,1
listing,1
jug,1
distinctive,1
free,1
inland,1
praestant,1
display,1
serious,1
gezer,1
passage,1
lengthy,1
external,1
works,1
depict,1
patterns,1
mind,1
porada,1
kontroversen,1
murray,1
unspecified,1
usual,1
influences,1
perishability,1
versatility,1
occupation,1
gordion,1
aris,1
traits,1
political,1
centre,1
dechiffrement,1
advantages,1
mainly,1
stock,1
literature,1
gaps,1
empire,1
telling,1
agglutinative,1
context,1
establish,1
appears,1
whether,1
dictionnaire,1
majority,1
terms,1
cypriot,1
produced,1
kingdoms,1
accounts,1
employs,1
forth,1
varying,1
side,1
character,1
phonemic,1
practice,1
conviction,1
record,1
ed,1
maintain,1
existence,1
ulrich,1
bilingue,1
hatrene,1
passed,1
dialect,1
sarta,1
mere,1
vasi,1
plain,1
yield,1
native,1
hittites,1
eblaiti,1
shechem,1
owing,1
problem,1
lid,1
king,1
style,1
gives,1
her,1
translations,1
sought,1
out,1
mentioned,1
cleared,1
tenth,1
criteria,1
experiment,1
amongst,1
phrygia,1
desires,1
well,1
saidah,1
palestine,1
produce,1
original,1
hinted,1
reigned,1
another,1
none,1
theological,1
sicily,1
italian,1
followed,1
apparently,1
suggests,1
basis,1
piece,1
incorporated,1
hundreds,1
exploring,1
revealed,1
activity,1
decides,1
expansion,1
work,1
burning,1
survive,1
rocks,1
studi,1
powers,1
easier,1
plaque,1
beitrige,1
outline,1
scheme,1
john,1
abstract,1
nine,1
son,1
arabic,1
preserved,1
represented,1
repetition,1
unsophisticated,1
thirds,1
grammata,1
epitomizes,1
unless,1
region,1
ready,1
likely,1
sea,1
consonant,1
tenaciously,1
alphabetssome,1
recherche,1
uncertain,1
whoever,1
anomalous,1
strongest,1
reconstruction,1
impressing,1
along,1
palazzo,1
constrained,1
survives,1
reproductions,1
opportunity,1
die,1
contain,1
tried,1
ten,1
lies,1
bowl,1
simply,1
thema,1
cursive,1
flinders,1
significant,1
conventional,1
bible,1
implications,1
byblian,1
alien,1
phillips,1
older,1
tradition,1
tel,1
intermediate,1
einem,1
virtually,1
intelligible,1
hesperia,1
assume,1
bemerkungen,1
phenomenon,1
using,1
records,1
allows,1
people,1
maintained,1
domination,1
medley,1
westwards,1
ceramique,1
coming,1
evolution,1
textbook,1
recovered,1
slight,1
recovery,1
real,1
strong,1
nothing,1
petrie,1
accepted,1
documented,1
level,1
observed,1
demonstration,1
away,1
states,1
express,1
surfaces,1
peculiar,1
employed,1
complicated,1
dating,1
kadmos,1
ultimately,1
dagger,1
progress,1
fourteenth,1
described,1
talented,1
assyria,1
modify,1
monopoly,1
go,1
cosmopolitan,1
unable,1
connections,1
tombeau,1
received,1
reveals,1
open,1
seventy,1
own,1
freytag,1
clear,1
sumerian,1
diplomacy,1
against,1
protosinaltiques,1
messages,1
materials,1
regions,1
outlast,1
anniversary,1
aus,1
agreement,1
brill,1
aware,1
ancestral,1
essay,1
supportive,1
lady,1
value,1
dozen,1
published,1
conception,1
leave,1
offer,1
excavated,1
individual,1
least,1
instead,1
times,1
mesopotamia,1
immediately,1
fluctuating,1
variant,1
bco,1
excavations,1
issued,1
accompanying,1
working,1
range,1
spread,1
relatively,1
aviv,1
relics,1
parts,1
stage,1
preliminary,1
eines,1
peninsula,1
revadim,1
modifications,1
regular,1
phonetically,1
next,1
generation,1
course,1
wedges,1
administrative,1
liverpool,1
exercise,1
kept,1
supplement,1
mediterranean,1
area,1
stimulated,1
pupil,1
testament,1
economical,1
extremely,1
imagined,1
speak,1
increased,1
roughly,1
rejecting,1
writings,1
turned,1
langues,1
vi,1
syllabically,1
especially,1
discarded,1
egyptologist,1
enough,1
subjects,1
purely,1
taking,1
stimulus,1
assumed,1
omega,1
certainty,1
six,1
abba,1
clarify,1
judges,1
factor,1
create,1
research,1
sequence,1
trouble,1
understood,1
goddess,1
rejection,1
mayim,1
accordingly,1
adpf,1
reached,1
fourth,1
coast,1
ophel,1
edzard,1
symposia,1
d,1
stratigraphy,1
explore,1
jordan,1
valley,1
researches,1
backwards,1
arisen,1
northern,1
much,1
world,1
principal,1
versus,1
invented,1
existed,1
among,1
we,1
roots,1
byblia,1
fifteenth,1
recent,1
famous,1
appropriate,1
meagre,1
guide,1
iscritti,1
general,1
quarter,1
urgent,1
hardly,1
displaced,1
finds,1
incising,1
tentative,1
normal,1
pupils,1
reale,1
sole,1
cultural,1
termed,1
strictest,1
ninth,1
brevity,1
customs,1
pharaohs,1
concluded,1
amorites,1
von,1
major,1
perception,1
experienced,1
altkanaanaischer,1
seemed,1
celebrating,1
separate,1
thorough,1
