WORDCOUNTS,WEIGHT
of,75
the,63
and,56
archaeology,33
in,32
to,23
be,18
a,14
for,14
uk,13
is,11
university,11
are,11
by,10
or,9
with,8
publication,8
routledge,7
research,7
at,6
no,6
london,6
from,6
new,6
vol,6
archaeological,6
early,6
should,6
may,5
will,5
department,5
as,5
on,5
usa,5
world,5
not,4
studies,4
any,4
ed,4
that,4
all,4
j,4
time,4
before,4
sacred,4
durham,4
techniques,4
issues,4
individuals,4
this,4
l,3
square,3
landscape,3
institutions,3
above,3
candidates,3
analysis,3
applications,3
monuments,3
considered,3
addressed,3
us,3
subscription,3
dept,3
classical,3
issue,3
i,3
late,3
geography,3
reading,3
institute,3
opy,3
art,3
richard,3
data,3
writing,3
which,3
language,3
have,3
expected,3
enquiries,3
journal,3
north,3
gordon,3
islamic,2
cover,2
perspectives,2
it,2
e,2
submission,2
they,2
their,2
american,2
miscellany,2
months,2
articles,2
technology,2
prehistory,2
thesis,2
history,2
culture,2
teaching,2
po,2
these,2
qualified,2
gina,2
symbolic,2
policy,2
published,2
stocker,2
resolution,2
neolithic,2
ii,2
might,2
colonization,2
each,2
water,2
available,2
could,2
liverpool,2
john,2
past,2
february,2
date,2
michigan,2
papers,2
form,2
see,2
case,2
ny,2
material,2
required,2
books,2
east,2
aspects,2
design,2
aub,2
emphasis,2
journals,2
travel,2
planning,2
lebanon,2
october,2
invited,2
through,2
three,2
copyright,2
editorial,2
bradley,2
faculty,2
subscriptions,2
regional,2
relationships,2
southampton,2
theme,2
years,2
copies,2
contributors,2
would,2
field,2
period,2
an,2
barnes,2
high,2
box,2
submissions,2
instruction,2
concerning,2
back,2
systems,2
normally,2
single,2
teach,2
recent,2
traditions,2
rates,2
row,2
using,1
f,1
caves,1
site,1
moor,1
therefore,1
now,1
transhumance,1
undergraduate,1
topography,1
christian,1
rate,1
annum,1
page,1
africa,1
contact,1
architecture,1
letters,1
english,1
medieval,1
later,1
kenneth,1
action,1
pilgrimage,1
doctorate,1
licensing,1
glasgow,1
tropics,1
obtained,1
bound,1
program,1
encouraged,1
mountain,1
hoarding,1
civilization,1
others,1
levels,1
order,1
islands,1
nearly,1
coastal,1
presentation,1
subsistence,1
permission,1
who,1
qualify,1
conceptions,1
directions,1
environments,1
seen,1
still,1
considerably,1
send,1
presently,1
currency,1
them,1
per,1
landscapes,1
church,1
linea,1
hingley,1
letter,1
jesus,1
population,1
contributions,1
innovation,1
applicants,1
study,1
methods,1
agency,1
arts,1
britain,1
construction,1
whiteknights,1
about,1
sanches,1
colin,1
oxford,1
edited,1
starting,1
fields,1
fetter,1
museum,1
centuries,1
reference,1
approaches,1
eighteen,1
arid,1
typeset,1
empires,1
mirror,1
pp,1
monumental,1
licenses,1
under,1
bain,1
restricted,1
chronology,1
stephen,1
quantitative,1
excavation,1
management,1
stenness,1
marshall,1
specialization,1
chris,1
orkney,1
monument,1
aerial,1
warren,1
invite,1
director,1
rabbit,1
accordance,1
accelerated,1
but,1
reviewed,1
industrial,1
age,1
climatic,1
proficient,1
ethnoarchaeology,1
experience,1
begins,1
linguistics,1
ever,1
moments,1
said,1
only,1
archaeologists,1
surface,1
priced,1
passport,1
position,1
please,1
street,1
textual,1
yorkshire,1
members,1
asterisk,1
sciences,1
production,1
affirmative,1
law,1
power,1
m,1
weaponry,1
agriculture,1
address,1
ancient,1
musical,1
view,1
assistant,1
principle,1
projects,1
residence,1
working,1
greater,1
ldondon,1
advertisements,1
intending,1
analytical,1
interpersonal,1
interdisciplinary,1
definition,1
incomplete,1
including,1
ceramic,1
reinvention,1
book,1
consideration,1
innovations,1
arrange,1
offers,1
copy,1
riverine,1
areas,1
buddhist,1
ballabgarh,1
pastoralism,1
printed,1
gosden,1
great,1
current,1
list,1
richards,1
hoards,1
analyses,1
humid,1
transference,1
atlantic,1
theology,1
end,1
religion,1
benefit,1
quarries,1
ago,1
survey,1
promontory,1
reproduction,1
listing,1
man,1
feature,1
shennan,1
type,1
watercraft,1
improved,1
hants,1
further,1
biogeography,1
communication,1
sexual,1
traced,1
understood,1
political,1
centre,1
cultural,1
pitt,1
invalid,1
threads,1
where,1
road,1
reviews,1
context,1
burial,1
designs,1
relevant,1
contents,1
cherry,1
terms,1
gowlett,1
ad,1
guo,1
cannot,1
post,1
particular,1
otherwise,1
thirty,1
record,1
cg,1
core,1
portugal,1
eastern,1
ethnography,1
public,1
james,1
near,1
number,1
iv,1
hartley,1
worldarchaeology,1
hall,1
studying,1
addresses,1
degree,1
tilley,1
sites,1
trade,1
cheriton,1
rock,1
application,1
prior,1
some,1
remote,1
future,1
marked,1
technologies,1
urban,1
work,1
soils,1
intimate,1
permitted,1
examples,1
beirut,1
received,1
completed,1
zooarchaeology,1
chronologies,1
student,1
transport,1
four,1
nomads,1
bell,1
except,1
breeding,1
banbury,1
yvonne,1
sundstrom,1
niuheliang,1
courses,1
apply,1
november,1
reside,1
nutrition,1
publishers,1
infoj,1
identity,1
reprographic,1
ritual,1
assumptions,1
asian,1
significant,1
use,1
food,1
engage,1
warfare,1
island,1
rivers,1
titles,1
maria,1
congress,1
sequence,1
expertise,1
human,1
lahiri,1
eligible,1
advertising,1
come,1
personal,1
full,1
publish,1
review,1
nayanjot,1
comba,1
theories,1
overseas,1
dating,1
until,1
patents,1
recording,1
lists,1
such,1
friendships,1
editor,1
both,1
interested,1
own,1
contract,1
graduate,1
newyork,1
made,1
chemical,1
de,1
g,1
charge,1
dashun,1
health,1
peter,1
change,1
creating,1
precise,1
issn,1
applicable,1
relations,1
christopher,1
david,1
employer,1
include,1
wclh,1
mailing,1
land,1
issued,1
price,1
d,1
building,1
passports,1
mines,1
regular,1
one,1
paths,1
derive,1
seeks,1
discounted,1
palaeolithic,1
earlier,1
area,1
peer,1
rank,1
black,1
thomas,1
submit,1
reuse,1
urbanization,1
clark,1
every,1
stored,1
times,1
ceramics,1
june,1
architectural,1
between,1
margarita,1
stones,1
six,1
craft,1
postdoctoral,1
biomolecular,1
saddler,1
supervise,1
ancestors,1
usual,1
ann,1
hills,1
third,1
examine,1
andover,1
publications,1
january,1
up,1
y,1
also,1
bodmin,1
instruments,1
northern,1
much,1
details,1
correspondence,1
technological,1
we,1
than,1
inquiries,1
notes,1
stone,1
itps,1
invites,1
angell,1
semester,1
sent,1
equal,1
collects,1
decision,1
china,1
archaeometallurgy,1
