WORDCOUNTS,WEIGHT
the,534
of,361
and,265
in,248
a,142
to,126
colonial,94
as,92
which,64
is,59
colonialism,50
punic,47
by,43
from,40
this,37
that,36
be,35
sardinia,34
been,34
was,32
mediterranean,31
on,31
for,30
have,28
it,27
were,27
culture,26
an,26
with,26
between,26
has,25
or,24
archaeology,24
central,23
situations,23
e,22
west,22
more,22
carthaginian,22
van,21
local,21
are,21
di,20
these,20
at,19
western,19
neapolis,19
de,18
figurines,18
indigenous,17
only,17
other,17
i,17
can,17
roman,17
settlement,16
situation,16
much,16
archaeological,15
rural,15
colonized,14
coastal,14
pp,14
century,13
their,13
bc,13
also,13
greek,13
there,12
such,12
well,12
part,12
people,12
hellenistic,12
ancient,12
north,12
first,11
particular,11
r,11
et,11
presence,11
society,11
phoenician,11
number,11
la,11
dommelen,11
both,11
nature,10
relationships,10
may,10
most,10
its,10
two,10
classical,10
less,10
region,10
peter,10
not,10
terms,10
carthage,10
representations,9
some,9
point,9
maria,9
evidence,9
they,8
found,8
closely,8
nuraghe,8
related,8
colonialist,8
but,8
material,8
attention,8
university,8
genna,8
while,8
area,8
contexts,7
della,7
inland,7
context,7
than,7
no,7
sanctuary,7
important,7
p,7
shall,7
sites,7
del,7
during,7
arborea,7
several,7
various,7
economic,7
southern,7
social,7
where,7
cult,7
farms,7
figure,7
colonizers,7
over,7
uniform,7
d,7
settlements,6
one,6
j,6
those,6
thus,6
iron,6
terra,6
regarded,6
similar,6
colonizing,6
m,6
view,6
sardegna,6
work,6
interpreted,6
around,6
domination,6
study,6
cotta,6
all,6
same,6
lamps,6
inhabitants,6
towns,6
areas,6
africa,6
often,6
practice,6
paper,6
historical,6
apparently,6
press,6
conventional,6
world,6
abandoned,6
groups,5
represent,5
offerings,5
studies,5
history,5
s,5
political,5
ambiguous,5
studi,5
ritual,5
since,5
third,5
traditions,5
general,5
developed,5
notion,5
awareness,5
greeks,5
age,5
fourth,5
cultural,5
appears,5
shape,5
least,5
tharros,5
le,5
small,5
finds,5
still,5
religious,5
under,5
al,5
representation,5
french,5
postcolonial,5
shows,5
use,5
after,5
we,5
centuries,5
known,5
colonization,5
different,5
des,5
city,5
hybridization,5
given,5
dominant,4
modern,4
archaeologists,4
taken,4
discipline,4
within,4
similarities,4
throughout,4
per,4
historically,4
g,4
dei,4
attested,4
dualist,4
hardly,4
how,4
process,4
reason,4
clearly,4
elsewhere,4
show,4
n,4
shed,4
exploitation,4
fig,4
appear,4
into,4
had,4
riu,4
term,4
further,4
bithia,4
burial,4
population,4
colonies,4
hybridity,4
place,4
survey,4
healing,4
suggest,4
discourse,4
second,4
limited,4
mannu,4
interpretation,4
othoca,4
light,4
reports,4
rise,4
many,4
contemporary,4
everyday,4
perhaps,4
own,4
including,4
identity,4
campidano,4
clear,4
would,4
period,4
provides,4
dimensions,4
antiquity,4
respect,4
any,4
must,4
half,4
what,4
varying,4
divide,4
generally,4
suggests,4
african,4
cambridge,4
themselves,4
early,4
strong,4
evidently,4
entities,3
does,3
storiche,3
o,3
common,3
oristano,3
ways,3
virtually,3
derives,3
military,3
attempt,3
differences,3
origin,3
resulting,3
nevertheless,3
feature,3
paderi,3
eastern,3
torre,3
fine,3
along,3
against,3
sardinian,3
natives,3
interior,3
millennium,3
relatively,3
distinct,3
elements,3
critique,3
castro,3
his,3
across,3
explicit,3
earlier,3
comme,3
moreover,3
organization,3
peninsula,3
glaze,3
instance,3
whereas,3
location,3
could,3
appearance,3
out,3
territorio,3
archeologica,3
occupation,3
produced,3
nous,3
cannot,3
near,3
concept,3
island,3
constitute,3
il,3
showing,3
attributed,3
excavated,3
contrast,3
characteristics,3
few,3
nazionale,3
south,3
therefore,3
located,3
fifth,3
domains,3
appeared,3
together,3
new,3
end,3
pattern,3
discussed,3
philhellenic,3
model,3
en,3
existing,3
routledge,3
explicitly,3
understanding,3
coherent,3
background,3
made,3
sixth,3
eta,3
largely,3
numerous,3
ideas,3
meanings,3
b,3
classe,3
characterized,3
features,3
black,3
thomas,3
latter,3
outside,3
greece,3
northern,3
immigration,3
italic,3
sometimes,3
scienze,3
lines,3
attitude,3
empire,3
who,3
imperialism,3
itself,3
earliest,3
matters,3
anthropological,3
then,3
associated,3
archaeologies,3
mentioned,3
les,3
bronze,3
punica,3
each,3
cultures,3
global,3
particularly,3
accademia,3
living,3
merely,3
ones,3
marmilla,3
imperial,3
categories,3
despite,3
assumptions,3
question,3
moscati,3
models,3
specific,3
c,3
partial,3
interaction,3
gulf,3
recent,3
major,3
situate,2
way,2
ambivalence,2
treaties,2
imported,2
group,2
authority,2
approaches,2
position,2
presents,2
nineteenth,2
absence,2
notre,2
sources,2
modest,2
production,2
ii,2
might,2
actual,2
insediamento,2
active,2
seems,2
asia,2
confirmed,2
resemblance,2
onwards,2
secondary,2
daily,2
simple,2
studied,2
take,2
concepts,2
principal,2
signs,2
rethinking,2
case,2
side,2
forthcoming,2
histoire,2
u,2
iv,2
vol,2
italian,2
obvious,2
combination,2
very,2
conception,2
considerably,2
tied,2
framework,2
mc,2
cities,2
cemeteries,2
reused,2
cresia,2
incense,2
mixed,2
cf,2
turn,2
items,2
underlying,2
perspective,2
refer,2
profound,2
wares,2
networks,2
y,2
border,2
conceive,2
cagliari,2
cartaginese,2
civilization,2
town,2
deviations,2
without,2
landscape,2
levels,2
una,2
importance,2
certain,2
direct,2
sandy,2
settler,2
means,2
provinces,2
image,2
literary,2
presumably,2
days,2
reified,2
impact,2
statement,2
preference,2
globalization,2
based,2
introduce,2
evolutionist,2
coppet,2
histories,2
rule,2
inherent,2
access,2
relate,2
zone,2
density,2
focused,2
nel,2
hinterland,2
effect,2
find,2
opposition,2
because,2
network,2
romans,2
polybius,2
bounded,2
tool,2
start,2
prominent,2
su,2
example,2
nella,2
actors,2
whole,2
used,2
rituals,2
surrounding,2
tendency,2
sicily,2
los,2
level,2
bondi,2
trading,2
involved,2
underscore,2
wider,2
rendiconti,2
when,2
dependent,2
results,2
peculiar,2
roots,2
value,2
newly,2
f,2
partially,2
territorial,2
indeed,2
sous,2
expansion,2
nearly,2
suppose,2
structural,2
vicinity,2
elaboration,2
thought,2
hegemonic,2
restricted,2
assimilation,2
homogeneous,2
already,2
illustrated,2
department,2
noted,2
assimilated,2
avoided,2
useful,2
stronger,2
again,2
others,2
put,2
longer,2
our,2
striking,2
larger,2
hand,2
do,2
coarse,2
accepted,2
counterpart,2
remarkably,2
thoroughly,2
remained,2
examples,2
values,2
avons,2
encouraged,2
romana,2
products,2
processes,2
stoler,2
netherlands,2
three,2
high,2
played,2
distinction,2
abundant,2
subordinated,2
become,2
respectively,2
sanctuaries,2
differ,2
statuettes,2
concluded,2
justin,2
relationship,2
imply,2
perspectives,2
independent,2
provide,2
mixture,2
bulk,2
foreign,2
referred,2
el,2
imposition,2
romanisation,2
types,2
rurale,2
considered,2
authorities,2
growing,2
dispersed,2
version,2
peoples,2
founded,2
locally,2
simply,2
economically,2
symbolic,2
alternative,2
established,2
dating,2
set,2
intensive,2
best,2
eventually,2
foundation,2
examining,2
just,2
offering,2
references,2
character,2
nearby,2
agricultural,2
sanluri,2
hundreds,2
vessels,2
role,2
ac,2
mastio,2
resistance,2
inventions,2
coins,2
maintained,2
coming,2
villanovaforru,2
formation,2
difference,2
twentieth,2
include,2
although,2
land,2
need,2
defined,2
orientalism,2
typology,2
association,2
cartaginesi,2
comparison,2
needs,2
substantial,2
among,2
rivista,2
close,2
difficult,1
superiority,1
now,1
ancora,1
fertile,1
if,1
later,1
indicated,1
stylistic,1
cent,1
mingle,1
essentialized,1
critical,1
extreme,1
resulted,1
memorie,1
college,1
vues,1
adoption,1
mundane,1
celebrate,1
sphere,1
disregard,1
pels,1
celle,1
novembre,1
culto,1
likewise,1
large,1
conducted,1
complex,1
dc,1
determinant,1
ample,1
essays,1
pluriform,1
word,1
referring,1
formed,1
likely,1
constitutes,1
quattre,1
h,1
easily,1
specified,1
notwithstanding,1
former,1
bhabha,1
anthropology,1
malgre,1
equated,1
excavation,1
conquest,1
piet,1
subjection,1
jos,1
before,1
erasme,1
connotations,1
makingalgeria,1
source,1
princeton,1
dtrolkla,1
rome,1
themes,1
par,1
experience,1
predominantly,1
lower,1
being,1
said,1
either,1
undermine,1
familiarity,1
invention,1
specifically,1
nordovest,1
certainly,1
bazelmans,1
consuming,1
interests,1
exclusive,1
originally,1
give,1
culturally,1
address,1
offerts,1
ears,1
articulate,1
longlived,1
externally,1
freely,1
discerned,1
departure,1
editions,1
shaped,1
limb,1
affinities,1
available,1
continue,1
tradition,1
explores,1
agrarian,1
belong,1
remark,1
thank,1
government,1
proves,1
closer,1
hundred,1
reveal,1
composition,1
religion,1
prevail,1
help,1
achieved,1
persistence,1
farmsteads,1
date,1
precisely,1
reworking,1
fenicias,1
dissolved,1
gloriously,1
echanges,1
papers,1
british,1
datable,1
issue,1
proceed,1
occasional,1
ascribed,1
existence,1
plain,1
bizantina,1
lash,1
anthropologists,1
east,1
rituali,1
tombe,1
discuss,1
right,1
figs,1
africaine,1
probing,1
compelling,1
prevailing,1
strand,1
geared,1
international,1
foreigners,1
dominazione,1
mutual,1
insight,1
occupy,1
variations,1
radical,1
desirable,1
apply,1
representing,1
suo,1
interact,1
votivo,1
hudson,1
ranked,1
component,1
immediate,1
dynamics,1
professor,1
particularizing,1
hierarchy,1
assumes,1
integral,1
neighbours,1
reproduced,1
relations,1
rites,1
bone,1
friedman,1
participating,1
emerges,1
actas,1
fabrics,1
assured,1
expected,1
asymmetrical,1
sacello,1
cases,1
nor,1
mike,1
bay,1
back,1
spanned,1
differently,1
body,1
highest,1
response,1
antieke,1
extraordinary,1
towers,1
suitable,1
cleave,1
honour,1
continuous,1
publications,1
compare,1
explore,1
even,1
consequently,1
journal,1
details,1
ayla,1
nuanced,1
subversion,1
handful,1
influence,1
villanovafranca,1
crossroads,1
aim,1
seventh,1
surprisingly,1
assessed,1
opposed,1
delfino,1
whose,1
subordination,1
act,1
rather,1
statements,1
l,1
ostensibly,1
absent,1
district,1
sort,1
weighted,1
punici,1
holistic,1
represented,1
persistent,1
wake,1
annales,1
ns,1
polarized,1
hp,1
entre,1
enacted,1
blurring,1
form,1
read,1
scattered,1
support,1
accounts,1
empires,1
problemi,1
win,1
developments,1
metropolis,1
consider,1
conceptualization,1
independently,1
objects,1
liliu,1
india,1
peasants,1
imposed,1
peasant,1
berry,1
comune,1
latin,1
section,1
proposed,1
edition,1
imitation,1
gradually,1
argued,1
frequently,1
observations,1
keesing,1
benefited,1
four,1
outspoken,1
superior,1
gagner,1
commented,1
powerful,1
emeritus,1
defines,1
modeled,1
substantiated,1
requires,1
imprimerie,1
shifted,1
restriction,1
carlo,1
founding,1
valeurs,1
prochaska,1
suggested,1
providing,1
decades,1
cut,1
descriptive,1
behaviour,1
pantheon,1
expressed,1
standards,1
ou,1
result,1
dot,1
concentration,1
bearing,1
tra,1
murky,1
fortunes,1
demise,1
homogenizing,1
critically,1
inappropriate,1
amsterdam,1
foreground,1
organizzazione,1
demands,1
concettuali,1
estudios,1
shared,1
events,1
successors,1
profounder,1
captured,1
dates,1
ciudades,1
late,1
hippo,1
outset,1
traced,1
understood,1
persistenze,1
keywords,1
soprintendenza,1
province,1
sul,1
devoid,1
meet,1
record,1
however,1
directions,1
acknowledgements,1
silver,1
aspects,1
feminine,1
glossed,1
having,1
unequal,1
modernities,1
basis,1
distinguish,1
literature,1
probably,1
received,1
congresso,1
contextualized,1
dissatisfaction,1
significantly,1
adjective,1
reserve,1
apparent,1
italy,1
positions,1
excessive,1
parameters,1
dal,1
fenici,1
gave,1
consistently,1
older,1
empereurs,1
discussions,1
intermediate,1
militaire,1
issues,1
broad,1
accidental,1
comparer,1
dialoghi,1
internacional,1
romaine,1
call,1
partiality,1
outposts,1
demonstration,1
systematic,1
project,1
mulinu,1
annaba,1
convegno,1
polity,1
contradictions,1
encounters,1
t,1
antichitd,1
demeter,1
subtle,1
change,1
published,1
editore,1
sense,1
supraregional,1
fulfilled,1
working,1
corresponds,1
parallelisms,1
politically,1
sert,1
order,1
interacting,1
emphasizes,1
exclude,1
quite,1
orientalist,1
calling,1
accomplished,1
concerns,1
eighth,1
stonewalled,1
brought,1
editrice,1
supposedly,1
research,1
australian,1
essentially,1
boundaries,1
coast,1
occasions,1
visible,1
articulation,1
up,1
origini,1
prakash,1
using,1
atta,1
agricola,1
notes,1
plausible,1
provided,1
ee,1
passive,1
execution,1
massive,1
pouvons,1
fenicios,1
institut,1
centrooccidentale,1
republican,1
transform,1
patronize,1
reduced,1
minor,1
holds,1
contact,1
cortile,1
carried,1
scientific,1
lesser,1
populations,1
indicative,1
doctoral,1
entangled,1
sans,1
gender,1
overall,1
comparative,1
terralba,1
cultuali,1
receptive,1
forward,1
archeologiche,1
female,1
fractured,1
morts,1
reproducing,1
assure,1
waluguru,1
july,1
above,1
make,1
expanded,1
interactions,1
experiences,1
manifest,1
ofarchaeology,1
standing,1
blending,1
initially,1
movement,1
registered,1
cartaginesa,1
dumont,1
inhabited,1
shanks,1
southeast,1
single,1
lilliu,1
problematizing,1
contributing,1
communities,1
pacific,1
yet,1
housing,1
fringe,1
reference,1
beatrice,1
examined,1
represents,1
towards,1
rules,1
mission,1
expounded,1
formally,1
inspiration,1
exposes,1
clash,1
egittologia,1
ne,1
verpoorte,1
perceived,1
necropoli,1
subjectivities,1
acting,1
chris,1
infrastructure,1
complete,1
transects,1
abandon,1
choices,1
sharply,1
essentialist,1
imitating,1
insights,1
algeria,1
qualified,1
edrpopiov,1
fenicio,1
fairly,1
picture,1
considers,1
ceramic,1
starting,1
funerary,1
name,1
unmistakably,1
hautes,1
accorded,1
technique,1
power,1
death,1
conceived,1
similarly,1
added,1
projects,1
dalle,1
iiiii,1
lack,1
turner,1
remarks,1
fundamental,1
pointer,1
endorse,1
head,1
nordafrica,1
clarendon,1
cartagine,1
creative,1
plan,1
abstract,1
inevitably,1
time,1
afar,1
jaso,1
overwhelmingly,1
barraud,1
doubt,1
identical,1
book,1
considerable,1
ricerche,1
roof,1
boardman,1
enough,1
gravegoods,1
adjacent,1
monographs,1
learn,1
spain,1
remarkable,1
clusters,1
fautes,1
creolization,1
propitiatory,1
conceiving,1
relevant,1
confrontation,1
disorganized,1
native,1
metropolitan,1
books,1
distance,1
gives,1
encountered,1
distortions,1
violent,1
demonstrated,1
fundamentally,1
recognizing,1
kernel,1
meaningful,1
situated,1
decolonize,1
campaigns,1
survive,1
considering,1
restrictions,1
treated,1
rowlands,1
upon,1
slaves,1
sides,1
nombreuses,1
distinctly,1
louis,1
significant,1
combining,1
persisted,1
oppose,1
emphasize,1
refers,1
congress,1
harvard,1
questions,1
ethnic,1
trend,1
africaines,1
rare,1
imposes,1
macro,1
previous,1
dismissed,1
zucca,1
subversions,1
theoretical,1
trade,1
worshippers,1
gallizzi,1
tiles,1
loosely,1
reality,1
punico,1
mt,1
modernization,1
congreso,1
internazionale,1
try,1
held,1
fortezza,1
divisions,1
allowed,1
maghreb,1
revised,1
spread,1
nuragico,1
dry,1
magna,1
last,1
standard,1
artigianato,1
construct,1
quick,1
ridge,1
valued,1
especially,1
internal,1
elaborate,1
parallel,1
creolisation,1
jaca,1
constructing,1
essayons,1
sardi,1
narrow,1
interpretations,1
tree,1
overcome,1
examine,1
incompatible,1
interconnections,1
heydays,1
structure,1
civilisatrice,1
classicalarchaeology,1
divides,1
twofold,1
morris,1
versus,1
memes,1
basically,1
pottery,1
recurring,1
nativist,1
convincingly,1
widely,1
brown,1
applies,1
separate,1
monumenti,1
onesided,1
european,1
consists,1
accepting,1
suggestion,1
christian,1
islamic,1
edizioni,1
continued,1
alla,1
involving,1
movements,1
crucial,1
usually,1
willingly,1
transformer,1
missionaries,1
fear,1
qualifies,1
widespread,1
bulletin,1
unquestioned,1
lost,1
concluding,1
un,1
effectively,1
contribution,1
deals,1
countries,1
class,1
responsible,1
encapsulated,1
chamber,1
sage,1
supporting,1
grounded,1
face,1
remains,1
unusual,1
hannerz,1
sheldon,1
ie,1
addressed,1
fertility,1
dissertation,1
riflessione,1
school,1
acquired,1
wars,1
storia,1
glorieusement,1
melanesia,1
conclusion,1
deposito,1
accordance,1
imperialismo,1
respective,1
ever,1
detect,1
reinforced,1
theme,1
implied,1
totality,1
dualistic,1
conquis,1
text,1
sciences,1
here,1
equation,1
amphorae,1
outcome,1
dimension,1
guerre,1
principle,1
sulle,1
cemetery,1
unambiguously,1
seem,1
displacements,1
did,1
unknown,1
alexander,1
expense,1
gosden,1
tunisia,1
constructions,1
current,1
conquista,1
siglos,1
contradictory,1
adhere,1
perfectly,1
far,1
benefit,1
las,1
donc,1
table,1
evident,1
concrete,1
subordinate,1
beginning,1
vano,1
virtual,1
carefully,1
combined,1
depicts,1
reactions,1
implicit,1
whether,1
cooking,1
rien,1
webster,1
cause,1
involvement,1
attitudes,1
juxtaposed,1
saint,1
mere,1
theory,1
distribution,1
ethnography,1
inscriptions,1
limbs,1
utilitarian,1
unsurpassable,1
foundations,1
thames,1
colonists,1
recurrently,1
huge,1
witnessing,1
burners,1
phenomena,1
quaderni,1
emphasis,1
urban,1
progetto,1
puniche,1
travel,1
middle,1
popular,1
assimilating,1
portraits,1
octubre,1
outline,1
presented,1
exploitative,1
hierarchie,1
entrance,1
recognition,1
counterhegemonic,1
refinement,1
ancestral,1
through,1
slopes,1
introduced,1
leicester,1
became,1
subcultures,1
easy,1
predecessors,1
impose,1
territory,1
adapted,1
substance,1
atti,1
ibiza,1
contribute,1
possessions,1
arguments,1
allows,1
isolated,1
hilltop,1
aspect,1
categorization,1
varied,1
contrasts,1
relates,1
colonizacion,1
until,1
nationale,1
locations,1
differentiation,1
civiltd,1
editor,1
knopf,1
reveals,1
africano,1
textes,1
functions,1
paradigm,1
conditions,1
sud,1
internally,1
strikingly,1
archeologico,1
contributed,1
joined,1
actively,1
instead,1
integrated,1
acculturazione,1
sur,1
product,1
regular,1
conquered,1
anatomical,1
approach,1
leiden,1
off,1
ingresso,1
increased,1
tunesie,1
financially,1
offered,1
treats,1
supported,1
conceptualizing,1
vessel,1
potential,1
pioneering,1
substitute,1
dicembre,1
km,1
scholarship,1
headed,1
reached,1
irrelevant,1
tav,1
debate,1
views,1
maspero,1
entire,1
traditional,1
focus,1
comparable,1
reproductions,1
should,1
resembled,1
customs,1
owns,1
perception,1
rearrange,1
thorough,1
