WORDCOUNTS,WEIGHT
the,269
of,166
to,88
and,80
in,72
a,70
is,48
that,33
excavation,33
reports,31
as,31
it,30
this,30
are,27
on,26
which,24
for,23
has,22
be,22
been,21
report,19
have,19
but,18
their,17
by,17
roman,17
at,16
was,16
from,16
same,15
these,15
different,15
archaeology,14
between,14
an,13
not,12
literary,12
they,11
with,11
material,11
more,11
two,10
had,10
sites,10
its,10
evidence,10
way,9
one,9
might,9
there,9
devoted,9
english,8
artefacts,8
genre,8
discussion,8
archaeological,8
publication,8
excavations,8
so,8
can,8
even,8
much,8
no,7
per,7
structural,7
first,7
heritage,7
other,7
m,7
those,7
them,7
cent,7
some,7
work,7
press,6
site,6
britain,6
space,6
specialist,6
university,6
maiden,6
character,6
culture,6
text,6
over,6
prehistoric,6
time,6
wales,6
windmill,6
writing,6
project,6
years,6
authors,6
field,6
period,6
segontium,6
south,5
his,5
how,5
hill,5
certain,5
about,5
yet,5
most,5
published,5
long,5
also,5
available,5
could,5
p,5
past,5
last,5
artefact,5
reading,5
another,5
account,5
richard,5
cadbury,5
conventional,5
bradley,5
sequence,5
such,5
excavated,5
would,5
components,5
become,5
research,5
structure,5
early,5
separate,5
chronological,4
seems,4
now,4
main,4
levels,4
e,4
who,4
why,4
studies,4
case,4
or,4
history,4
stratigraphic,4
al,4
found,4
very,4
i,4
late,4
do,4
within,4
silchester,4
practice,4
because,4
almost,4
new,4
r,4
archaeologists,4
et,4
were,4
own,4
sample,4
life,4
wider,4
conventions,4
recent,4
according,4
society,4
may,3
relationship,3
town,3
provide,3
if,3
stratigraphy,3
c,3
proportion,3
once,3
ways,3
detail,3
objects,3
section,3
prehistory,3
series,3
followed,3
medieval,3
taken,3
important,3
allow,3
all,3
j,3
worth,3
seem,3
together,3
out,3
shared,3
insula,3
distinctive,3
monographs,3
discipline,3
contents,3
accounts,3
particular,3
record,3
perhaps,3
theory,3
routledge,3
considering,3
made,3
obvious,3
british,3
proportions,3
role,3
maintained,3
thus,3
dating,3
development,3
since,3
three,3
change,3
individual,3
range,3
general,3
century,3
brecon,3
order,3
ix,3
remains,3
forms,3
classification,3
castle,3
few,3
amount,3
widely,3
when,3
up,3
results,3
world,3
than,3
caerleon,3
knowledge,3
seemed,3
difficult,2
second,2
practices,2
common,2
independent,2
concerned,2
scientific,2
later,2
military,2
habitus,2
separated,2
organizing,2
nearly,2
process,2
represented,2
group,2
large,2
contributions,2
kinds,2
study,2
use,2
analysis,2
antiquities,2
types,2
reason,2
enclosure,2
nor,2
parts,2
technology,2
consider,2
ancient,2
into,2
organized,2
any,2
ordered,2
just,2
nineteenth,2
monograph,2
contexts,2
too,2
without,2
test,2
unusually,2
being,2
consistent,2
shorter,2
only,2
considers,2
certainly,2
boxgrove,2
s,2
here,2
suggested,2
others,2
natural,2
appear,2
reporting,2
principle,2
many,2
hazleton,2
greater,2
investigates,2
share,2
did,2
areas,2
similar,2
printed,2
domestic,2
objectives,2
studied,2
perfectly,2
take,2
discussed,2
reasons,2
never,2
though,2
amphitheatre,2
what,2
context,2
ch,2
less,2
sharpies,2
existence,2
books,2
supplemented,2
method,2
advice,2
really,2
information,2
produce,2
balance,2
influenced,2
vol,2
entirely,2
suggests,2
middle,2
internet,2
point,2
through,2
became,2
description,2
during,2
make,2
contains,2
ideas,2
human,2
nothing,2
single,2
open,2
significance,2
cymmrodorion,2
clear,2
interest,2
times,2
although,2
divisions,2
sense,2
correct,2
specialists,2
suggest,2
kind,2
cases,2
typology,2
honourable,2
revealing,2
integrated,2
dates,2
twice,2
texts,2
little,2
traditional,2
excavator,2
figures,2
poorly,2
among,2
taylor,2
traditions,2
stone,2
should,2
provided,2
norm,2
applies,2
newer,1
phases,1
forts,1
carried,1
will,1
things,1
failed,1
go,1
asking,1
defended,1
online,1
horizons,1
led,1
fort,1
high,1
median,1
vegetable,1
parfitt,1
situation,1
characterized,1
remedied,1
essential,1
implications,1
thirtyfour,1
perspectives,1
sussex,1
investigated,1
body,1
economy,1
exact,1
declared,1
alarmingly,1
regency,1
aimed,1
inculcated,1
glasgow,1
generations,1
developed,1
antiquarian,1
synthesis,1
service,1
hkve,1
result,1
limited,1
basic,1
does,1
decades,1
extend,1
environmental,1
acknowledged,1
attitude,1
favour,1
forward,1
primarily,1
presentation,1
exception,1
responded,1
undeclared,1
approaches,1
seen,1
excavators,1
still,1
template,1
examined,1
outward,1
granted,1
rescue,1
causewayed,1
currency,1
changed,1
scottish,1
oddly,1
expect,1
suggestions,1
strands,1
sequences,1
b,1
typologist,1
conducted,1
discover,1
strange,1
spanning,1
volumes,1
perpetuate,1
mike,1
helpful,1
methods,1
putative,1
illustrations,1
biological,1
standard,1
undergo,1
burials,1
united,1
animals,1
wheeler,1
surprising,1
likely,1
composed,1
h,1
kingdoms,1
museum,1
thought,1
observer,1
monuments,1
references,1
itself,1
understand,1
ecofacts,1
occupation,1
articles,1
changes,1
rules,1
accident,1
picture,1
happened,1
occupies,1
illuminate,1
affect,1
predecessor,1
dorset,1
devotes,1
considered,1
trenching,1
policy,1
reduced,1
undertaken,1
intellectually,1
oxbow,1
curious,1
layout,1
rarely,1
eventually,1
thinking,1
publishing,1
light,1
before,1
k,1
jarrett,1
growing,1
n,1
fibonacci,1
broke,1
promotion,1
track,1
changing,1
must,1
age,1
include,1
needs,1
meant,1
hudson,1
simply,1
potential,1
said,1
architecture,1
innate,1
regional,1
origins,1
bookends,1
strata,1
arranging,1
labour,1
geologists,1
follow,1
catering,1
t,1
precise,1
requested,1
shed,1
present,1
mineral,1
notions,1
generally,1
invention,1
inhabitants,1
repeatedly,1
creations,1
aspect,1
interested,1
sections,1
set,1
challenge,1
evolution,1
opinion,1
links,1
ian,1
realizing,1
exclude,1
progression,1
frontier,1
fluid,1
intellectual,1
emerged,1
each,1
projects,1
england,1
raw,1
nature,1
departure,1
visual,1
experiments,1
tradition,1
skills,1
closely,1
conformity,1
true,1
based,1
antiquaries,1
happening,1
reach,1
antiquarians,1
agenda,1
modernity,1
referees,1
scholars,1
twenty,1
portable,1
our,1
broken,1
striking,1
britons,1
falls,1
bourdieu,1
clarendon,1
half,1
called,1
typological,1
confusion,1
assemblage,1
abstract,1
thank,1
access,1
differences,1
allied,1
reworks,1
then,1
assembled,1
lived,1
recognize,1
break,1
able,1
format,1
richer,1
decreases,1
atlantic,1
informal,1
composition,1
procedure,1
radical,1
debates,1
maybe,1
near,1
audience,1
contemporary,1
associated,1
noting,1
resulting,1
identical,1
iron,1
golden,1
dull,1
fashion,1
observes,1
revd,1
thames,1
base,1
surrounding,1
remarkably,1
interactive,1
outlier,1
turned,1
readers,1
outside,1
cheshire,1
further,1
blackwell,1
v,1
ground,1
understood,1
exactly,1
pitt,1
focused,1
where,1
circular,1
reproduce,1
keywords,1
treat,1
combinations,1
seventeenth,1
digital,1
whether,1
ceramics,1
meticulous,1
renaissance,1
see,1
system,1
priorities,1
nowhere,1
plants,1
council,1
publications,1
fossils,1
otherwise,1
occasional,1
add,1
norms,1
tension,1
procedures,1
absolute,1
pleistocene,1
casey,1
problem,1
extent,1
unconsciously,1
january,1
while,1
number,1
directly,1
acknowledgements,1
disciplinary,1
dalrymple,1
expensive,1
barrett,1
strikingly,1
well,1
larger,1
retain,1
interpreted,1
gaer,1
rock,1
fulford,1
possible,1
future,1
logical,1
understanding,1
contain,1
used,1
geological,1
pers,1
finished,1
inferred,1
properties,1
received,1
cambridge,1
easier,1
discovery,1
move,1
occupy,1
scheme,1
preserved,1
distinguish,1
professor,1
rroutledqe,1
west,1
apart,1
significantly,1
combination,1
variations,1
european,1
deposits,1
adoption,1
part,1
uniform,1
arose,1
establishment,1
befits,1
previously,1
elucidate,1
classifications,1
quantity,1
depended,1
edn,1
confined,1
copies,1
hillfort,1
department,1
giving,1
subject,1
ritual,1
findings,1
identifies,1
happens,1
irrespective,1
significant,1
food,1
tale,1
contribute,1
contrasts,1
largely,1
obtain,1
art,1
avebury,1
place,1
rivers,1
harmony,1
francis,1
bees,1
phenomenon,1
using,1
records,1
products,1
concentrate,1
submitted,1
exist,1
increasingly,1
survey,1
structures,1
satisfying,1
think,1
distributed,1
statistics,1
microfiche,1
especially,1
historical,1
reinforced,1
divided,1
whittle,1
disciplined,1
necessarily,1
employed,1
g,1
systematic,1
shown,1
until,1
fieldwork,1
component,1
argument,1
alan,1
conform,1
seventy,1
discovered,1
polity,1
objective,1
historic,1
minds,1
approach,1
achieved,1
write,1
piecemeal,1
impasse,1
obtaining,1
relevance,1
ireland,1
aware,1
critical,1
lectures,1
logic,1
good,1
characteristic,1
permit,1
issn,1
held,1
satisfactory,1
familiar,1
approximately,1
organisms,1
lively,1
volume,1
showroom,1
like,1
need,1
eartham,1
metalwork,1
transformed,1
buildings,1
baths,1
analysing,1
europe,1
distinction,1
devise,1
contrast,1
kept,1
palaeolithic,1
earlier,1
ages,1
quite,1
presenting,1
settlement,1
lose,1
thomas,1
developments,1
items,1
relations,1
neutral,1
rejecting,1
maintaining,1
several,1
anonymous,1
respective,1
beeston,1
mind,1
observation,1
written,1
back,1
internal,1
article,1
inspired,1
assimilate,1
passages,1
folk,1
industry,1
relation,1
themselves,1
allowing,1
arranged,1
contact,1
boundaries,1
acquire,1
sceptical,1
referee,1
right,1
philip,1
compare,1
find,1
always,1
orthodox,1
explore,1
wroxeter,1
l,1
occur,1
drawn,1
working,1
element,1
documentary,1
dependent,1
purpose,1
identified,1
hodder,1
journal,1
occupied,1
we,1
often,1
tendency,1
north,1
connections,1
meagre,1
discussing,1
example,1
protects,1
pottery,1
grateful,1
successive,1
attention,1
am,1
ton,1
digging,1
activities,1
major,1
species,1
perception,1
reflect,1
decision,1
neolithic,1
societies,1
