WORDCOUNTS,WEIGHT
the,285
of,178
and,98
in,95
a,89
to,80
from,61
is,52
that,41
this,41
are,35
vessels,32
be,32
glass,31
burial,28
which,26
burials,25
were,25
it,21
with,21
was,21
or,21
norway,21
for,20
these,19
at,18
as,18
can,18
by,16
there,16
denmark,15
vessel,15
been,14
has,13
some,13
on,13
evidence,13
complete,12
an,12
fragments,12
have,12
h,11
glasses,11
study,11
grave,11
archaeological,11
may,10
no,10
not,10
first,10
here,10
other,10
i,10
their,9
placed,9
decoration,9
artefacts,9
used,9
such,9
specific,9
sets,8
fra,8
but,8
more,8
all,8
contained,8
type,8
ad,8
material,8
distribution,8
almost,8
period,8
remains,8
items,8
inhumation,8
migration,8
scandinavian,7
cremation,7
similar,7
two,7
sweden,7
fragmentary,7
roman,7
those,7
within,7
norwegian,7
examples,7
pairs,7
they,6
often,6
position,6
practice,6
og,6
j,6
shows,6
iron,6
particular,6
possible,6
r,6
example,6
three,6
scandinavia,6
millennium,6
even,6
second,5
if,5
usually,5
one,5
same,5
already,5
circumstances,5
only,5
funerary,5
death,5
containing,5
time,5
john,5
where,5
gotland,5
perhaps,5
part,5
repaired,5
examination,5
significance,5
hunter,5
several,5
early,5
than,5
chronological,4
difficult,4
relationship,4
positions,4
way,4
subject,4
positioned,4
b,4
certain,4
life,4
interpretation,4
rim,4
studies,4
funeral,4
objects,4
dated,4
bornholm,4
age,4
most,4
excavation,4
recorded,4
appear,4
decorative,4
matching,4
many,4
nature,4
museums,4
could,4
daily,4
item,4
viking,4
written,4
context,4
whether,4
ethnography,4
vendel,4
beaker,4
information,4
work,4
must,4
furnishings,4
pair,4
both,4
placing,4
indicate,4
oland,4
next,4
around,4
few,4
although,4
between,4
presence,4
deliberate,4
majority,4
value,4
seems,3
valuable,3
jernalder,3
situation,3
whose,3
common,3
his,3
male,3
e,3
table,3
archaeologist,3
instances,3
repair,3
had,3
into,3
literary,3
damaged,3
mention,3
undertaken,3
also,3
s,3
inhumations,3
location,3
available,3
head,3
found,3
aeldre,3
danmark,3
discussed,3
works,3
emphasized,3
concepts,3
carefully,3
relevant,3
less,3
cannot,3
existence,3
rest,3
find,3
trade,3
another,3
discussion,3
glas,3
very,3
bowl,3
significant,3
norsk,3
g,3
clear,3
parallels,3
so,3
general,3
area,3
small,3
would,3
relation,3
c,3
yielded,3
should,3
stavanger,2
failed,2
critical,2
therefore,2
bowls,2
aus,2
exact,2
concerned,2
types,2
faceted,2
pieces,2
basic,2
inside,2
becomes,2
rather,2
cremations,2
totally,2
indicates,2
importance,2
group,2
large,2
interesting,2
derived,2
terms,2
oldkyndighed,2
special,2
lay,2
divided,2
yet,2
unfortunately,2
out,2
case,2
considered,2
nordisk,2
periods,2
occurred,2
practised,2
any,2
associated,2
before,2
skrifter,2
source,2
vol,2
incised,2
contexts,2
listed,2
practices,2
undated,2
show,2
regional,2
trails,2
indications,2
bronze,2
double,2
useful,2
sources,2
requires,2
certainly,2
bergens,2
subjected,2
concerns,2
set,2
oslo,2
der,2
metal,2
aarboger,2
historie,2
attempt,2
anthropology,2
limited,2
strip,2
prehistoric,2
incomplete,2
universitets,2
best,2
unknown,2
broken,2
appearance,2
great,2
arshefte,2
together,2
really,2
studied,2
clearly,2
personal,2
far,2
examining,2
review,2
cup,2
further,2
cups,2
ground,2
p,2
cremated,2
tools,2
them,2
archaeologia,2
produced,2
accounts,2
applied,2
dem,2
noticeable,2
record,2
conclusion,2
explain,2
particularly,2
criteria,2
draw,2
because,2
well,2
account,2
suggests,2
emphasis,2
contain,2
illustrate,2
slight,2
solely,2
made,2
represented,2
illustrated,2
beakers,2
use,2
beowulf,2
obtain,2
size,2
arbjedsmark,2
centred,2
reflect,2
question,2
dating,2
glaser,2
difficulties,2
interpreted,2
copenhagen,2
status,2
discovered,2
orientalische,2
stenlille,2
interpret,2
held,2
excavated,2
acta,2
times,2
include,2
describing,2
like,2
below,2
suggest,2
archaeology,2
turn,2
concerning,2
problems,2
potential,2
article,2
qualities,2
feet,2
compared,2
impossible,2
always,2
when,2
deposition,2
london,2
nationalmuseets,2
slightly,2
deceased,2
much,2
world,2
among,2
customs,2
occur,2
gold,2
society,2
ashes,1
buried,1
dealing,1
carried,1
will,1
ornamentation,1
chr,1
f,1
accepting,1
judge,1
now,1
antikvariskt,1
museer,1
groupings,1
furnished,1
serviceable,1
change,1
forhistorie,1
skandinaviens,1
io,1
hamburg,1
coincides,1
reflects,1
suprising,1
belonged,1
matter,1
absence,1
contact,1
proceedure,1
various,1
heroes,1
taken,1
act,1
provide,1
heroic,1
sjaellandsk,1
arkiv,1
sometimes,1
foil,1
jernaldergrave,1
superficial,1
indeed,1
kuml,1
how,1
danmarks,1
breadth,1
romertid,1
bis,1
retrievable,1
en,1
femte,1
borritshoved,1
brief,1
dangers,1
levels,1
order,1
insufficient,1
tiende,1
nearly,1
longs,1
determine,1
notion,1
oldtiden,1
object,1
alone,1
seen,1
depicting,1
poorer,1
detailed,1
itself,1
ii,1
tor,1
make,1
surviving,1
jar,1
after,1
joachim,1
manifest,1
thirteen,1
ostlige,1
av,1
parts,1
seemingly,1
he,1
himlingoje,1
offerings,1
responsible,1
bys,1
illustrations,1
distant,1
continually,1
scarcity,1
awareness,1
fully,1
referring,1
odense,1
characteristic,1
reappears,1
criticism,1
med,1
english,1
museum,1
fynske,1
reason,1
soul,1
references,1
easily,1
environment,1
trail,1
involved,1
vestlandske,1
bad,1
historiska,1
greater,1
restricted,1
university,1
chronology,1
birka,1
solhvervsfund,1
us,1
occupational,1
sjette,1
consisting,1
school,1
necessarily,1
minor,1
anthropological,1
v,1
tidskrift,1
laid,1
curious,1
variants,1
individually,1
total,1
then,1
wealth,1
light,1
action,1
conclusions,1
quoted,1
culture,1
bergen,1
n,1
nineteenth,1
assume,1
traces,1
every,1
ethnographic,1
result,1
without,1
outlined,1
situations,1
orientation,1
four,1
reports,1
imfreien,1
bronzekar,1
commented,1
being,1
fitted,1
oldfund,1
kaiserund,1
isolated,1
justify,1
avoided,1
picture,1
sufficient,1
social,1
germansk,1
physical,1
volume,1
indeterminable,1
specifically,1
represent,1
justified,1
ceremony,1
implements,1
depositions,1
offers,1
wahrend,1
handle,1
care,1
give,1
restoration,1
bettered,1
shortcoming,1
eds,1
skalk,1
view,1
eludes,1
sechsten,1
methodology,1
put,1
allow,1
reflections,1
norske,1
towards,1
varied,1
constantly,1
spear,1
ungtid,1
cemetery,1
aarhundrede,1
problem,1
depression,1
idea,1
extent,1
fundamental,1
gone,1
tradition,1
areas,1
specially,1
down,1
belong,1
relates,1
friihen,1
traditionally,1
typical,1
abstract,1
differences,1
naerland,1
coloured,1
relating,1
lacks,1
rich,1
layer,1
admittedly,1
pointed,1
nebulous,1
wholly,1
paa,1
author,1
haraldsredgravpladsen,1
goods,1
symbolically,1
proved,1
doubt,1
build,1
workable,1
considerable,1
man,1
help,1
arhundre,1
feature,1
lunds,1
passage,1
representative,1
bradford,1
living,1
boe,1
m,1
tangible,1
forms,1
never,1
places,1
patterns,1
date,1
sword,1
plate,1
flask,1
reserved,1
judging,1
frdn,1
understood,1
though,1
regard,1
according,1
handed,1
seafarer,1
unlikely,1
due,1
signs,1
jaernalder,1
mediaeval,1
relations,1
meddelanden,1
oldsaksamling,1
romersk,1
existing,1
appears,1
domestication,1
recently,1
selected,1
methodological,1
namely,1
system,1
british,1
hoards,1
evaluation,1
side,1
ostra,1
necessary,1
otherwise,1
jahrhundert,1
published,1
til,1
eye,1
suspect,1
ved,1
woman,1
guarantee,1
islands,1
ceased,1
myhre,1
owing,1
ersten,1
bakka,1
method,1
angenommene,1
conceivably,1
shifts,1
snartemo,1
near,1
reflected,1
norwegion,1
possibility,1
iv,1
remarkably,1
argued,1
impression,1
pursued,1
require,1
continent,1
degree,1
nordiske,1
grav,1
baltic,1
custom,1
interpreting,1
too,1
grouping,1
discrepancies,1
skeletgrave,1
adornments,1
marked,1
understanding,1
line,1
closed,1
casual,1
vast,1
signify,1
dissimilar,1
previking,1
burning,1
who,1
romische,1
considering,1
received,1
functions,1
boston,1
bought,1
mvigration,1
outline,1
throw,1
upon,1
bear,1
values,1
careful,1
urn,1
future,1
concept,1
percentage,1
apart,1
taking,1
differ,1
point,1
tanum,1
deliberately,1
conceptual,1
x,1
through,1
scahdinavian,1
despite,1
fight,1
manufactured,1
quantity,1
glasbegre,1
sufficiently,1
confirm,1
over,1
confined,1
arms,1
above,1
comment,1
recover,1
easy,1
representing,1
its,1
himself,1
gender,1
riveted,1
wonder,1
skandinavien,1
intended,1
disciplines,1
lies,1
et,1
assumptions,1
consistency,1
provincalromersk,1
whole,1
misinterpreted,1
fragment,1
condition,1
exploitation,1
assumption,1
collection,1
during,1
place,1
needed,1
ucko,1
travel,1
describes,1
numerous,1
missing,1
broad,1
singled,1
phenomenon,1
accidental,1
framework,1
oldsager,1
ideas,1
wt,1
aims,1
sciences,1
repairs,1
folded,1
actual,1
ethnographical,1
identical,1
maintains,1
while,1
aids,1
iiberfang,1
throughout,1
chosen,1
full,1
purposeful,1
previous,1
away,1
gravfund,1
dependence,1
filigree,1
undecorated,1
pyre,1
nevertheless,1
shown,1
historically,1
hibnes,1
snartemofunnere,1
accuracy,1
showing,1
recording,1
immediate,1
low,1
ignored,1
open,1
lands,1
shield,1
dubious,1
backgrounds,1
illustrates,1
solberg,1
twentieth,1
foyna,1
skivarp,1
conditions,1
afterthought,1
frighten,1
stratification,1
finally,1
oseberg,1
decorated,1
stockholm,1
intact,1
interest,1
isles,1
dangerous,1
relatively,1
stressed,1
swedish,1
applicable,1
resultant,1
individual,1
approximately,1
sjaeland,1
neither,1
romerriget,1
plotting,1
caused,1
norge,1
hard,1
isolation,1
suitably,1
followed,1
function,1
laborious,1
respects,1
telemark,1
him,1
anomaly,1
theoretically,1
simpler,1
reliable,1
features,1
reconstructed,1
poet,1
gravguld,1
plants,1
worthwhile,1
trek,1
defined,1
germanien,1
attempted,1
accurate,1
earlier,1
emphasizes,1
valid,1
association,1
old,1
heat,1
preponderance,1
restored,1
west,1
pleasing,1
somehow,1
austrasische,1
body,1
passages,1
methods,1
assumed,1
ovsthus,1
difficulty,1
det,1
finnsburg,1
become,1
research,1
allowing,1
poem,1
respectively,1
consisted,1
topics,1
commodity,1
examine,1
animal,1
credible,1
marvered,1
axe,1
reflecting,1
debate,1
create,1
naess,1
views,1
cites,1
import,1
foot,1
obscure,1
little,1
merowingerzeit,1
scyld,1
arsbok,1
north,1
als,1
jaernaldergravpladsen,1
pottery,1
richly,1
hardly,1
showed,1
immigration,1
actions,1
romerske,1
manner,1
fundet,1
geographical,1
graver,1
costly,1
