WORDCOUNTS,WEIGHT
the,542
of,377
and,263
in,165
a,123
to,91
iron,91
is,58
was,55
this,47
by,47
as,46
which,43
smelting,42
from,42
that,40
have,36
at,35
with,35
karagwe,33
were,33
been,31
it,30
power,29
for,28
social,28
clans,28
production,27
symbolism,27
technology,26
be,26
within,25
are,25
ritual,24
an,24
king,23
not,22
african,22
or,21
these,21
archaeological,21
has,20
control,20
on,20
contexts,18
de,18
may,18
p,18
royal,17
also,17
smelt,16
working,16
symbolic,16
r,15
into,14
his,14
university,14
would,14
africa,14
informants,14
their,13
could,13
knowledge,13
during,12
hard,12
more,12
who,12
both,12
although,12
between,12
maclean,11
j,11
van,11
reid,11
two,11
fertility,11
early,11
they,10
one,10
women,10
furnace,10
andrew,10
et,10
female,10
rachel,10
smelter,10
interlacustrine,9
important,9
society,9
therefore,9
archaeology,9
regalia,9
associated,9
kingdom,8
state,8
some,8
activity,8
process,8
aspects,8
work,8
pp,8
but,8
only,8
made,8
igurwa,8
use,8
rwanda,8
through,8
such,7
items,7
than,7
age,7
had,7
its,7
t,7
presence,7
f,7
smelters,7
evidence,7
maret,7
au,7
d,7
area,7
element,7
singo,6
controlled,6
all,6
s,6
other,6
there,6
m,6
sexual,6
possible,6
historical,6
throughout,6
tanzania,6
certain,6
powerful,6
technical,6
rituals,6
manipulation,6
settlement,6
involved,6
njojo,6
cattle,6
smith,6
exclusion,6
men,6
woman,6
la,6
any,6
over,6
did,6
region,6
very,6
role,6
cambridge,6
major,6
groups,5
debris,5
large,5
conducted,5
h,5
i,5
political,5
context,5
e,5
central,5
distinct,5
no,5
act,5
possession,5
clearly,5
w,5
most,5
recovered,5
view,5
appear,5
because,5
least,5
burundi,5
le,5
several,5
research,5
various,5
identified,5
schmidt,5
study,5
many,5
head,5
plate,5
centre,5
haaland,5
number,5
local,5
upon,5
can,5
male,5
must,5
shrine,5
clan,5
dangerous,5
technological,5
common,4
studies,4
position,4
history,4
powers,4
collection,4
elements,4
journal,4
leadership,4
noten,4
objects,4
n,4
societies,4
appears,4
placed,4
excluded,4
information,4
sites,4
childs,4
part,4
example,4
gender,4
successful,4
located,4
religious,4
experimental,4
oral,4
herbert,4
end,4
norwegian,4
necessary,4
encountered,4
sindi,4
bellows,4
significant,4
him,4
we,4
transformation,4
celis,4
practice,4
der,4
paper,4
particularly,4
while,4
soft,4
furnaces,4
among,4
recent,4
difficult,3
kibona,3
intriguing,3
genderization,3
modern,3
ore,3
assisted,3
nineteenth,3
source,3
du,3
being,3
said,3
archaeologists,3
potentially,3
hundred,3
religion,3
achieved,3
case,3
east,3
account,3
west,3
interviews,3
unpublished,3
g,3
cultural,3
concerning,3
cameroon,3
site,3
rather,3
purely,3
explicit,3
levels,3
b,3
derived,3
danger,3
rakai,3
prehistory,3
frequently,3
four,3
ndagara,3
ceremony,3
metal,3
out,3
symbolically,3
base,3
pastoralist,3
smithing,3
centrale,3
directly,3
protected,3
data,3
used,3
secret,3
revealed,3
approach,3
royale,3
around,3
small,3
industry,3
south,3
likely,3
scientific,3
economic,3
insignia,3
culture,3
al,3
regional,3
pointed,3
incorporation,3
pattern,3
patterns,3
present,3
where,3
remained,3
understanding,3
discussion,3
traditionnelle,3
survey,3
ceremonies,3
individual,3
so,3
k,3
do,3
occupied,3
governor,3
science,3
indicate,3
often,3
responsible,3
anvil,3
physical,3
natural,3
each,3
intensive,3
different,3
nzikobanyanka,3
reign,3
hunga,3
maintain,3
press,3
techniques,3
maintained,3
uganda,3
land,3
attempted,3
association,3
much,3
should,3
final,2
sassoon,2
way,2
if,2
created,2
functional,2
iowa,2
resulted,2
introduction,2
group,2
complex,2
ironsmelting,2
myth,2
before,2
framework,2
accumulation,2
member,2
invoking,2
either,2
sources,2
long,2
creation,2
implications,2
taken,2
attempt,2
nature,2
etal,2
found,2
link,2
court,2
take,2
damage,2
ambiguous,2
papers,2
british,2
eastern,2
task,2
escarpment,2
leakey,2
point,2
since,2
relationships,2
representations,2
surrounded,2
due,2
decorated,2
informant,2
regarded,2
concentrations,2
overt,2
century,2
cases,2
old,2
intercourse,2
body,2
generation,2
acted,2
interesting,2
governorship,2
recognized,2
whose,2
without,2
district,2
basic,2
after,2
similar,2
importance,2
mediate,2
means,2
understand,2
ensure,2
consider,2
ufipa,2
metallurgy,2
driven,2
exploited,2
providing,2
buha,2
prehistoric,2
based,2
location,2
medicine,2
begun,2
ambiguity,2
international,2
further,2
gaborone,2
symbols,2
required,2
cows,2
well,2
avery,2
fail,2
issues,2
people,2
employed,2
fieldwork,2
hidden,2
hut,2
presented,2
order,2
quite,2
wider,2
highly,2
secrecy,2
ancestors,2
musee,2
division,2
always,2
pot,2
activities,2
flourished,2
he,2
blackwood,2
squared,2
limited,2
slag,2
still,2
reconstruction,2
fully,2
bweranyange,2
interpretation,2
examined,2
restricted,2
participants,2
publishing,2
performed,2
ethnographic,2
noted,2
members,2
successfully,2
stated,2
archaeologically,2
others,2
towards,2
lack,2
consideration,2
blocks,2
areas,2
time,2
manifested,2
isolate,2
new,2
farming,2
away,2
considerable,2
man,2
discussed,2
behind,2
ground,2
see,2
duties,2
technologies,2
prohibition,2
limitations,2
including,2
processes,2
clear,2
three,2
feature,2
workers,2
held,2
general,2
hammer,2
features,2
distinction,2
losing,2
provides,2
latter,2
mining,2
structure,2
mr,2
pottery,2
unrelated,2
relationship,2
provide,2
mediation,2
figure,2
smiths,2
success,2
seen,2
detailed,2
importantly,2
length,2
merwe,2
why,2
analysis,2
exists,2
itself,2
metallurgie,2
sections,2
anthropological,2
practised,2
then,2
ordered,2
prohibited,2
incorporated,2
demonstrate,2
ever,2
reinforced,2
known,2
record,2
seem,2
capital,2
report,2
milk,2
reflected,2
agriculture,2
what,2
them,2
references,2
particular,2
passed,2
archeologique,2
institute,2
divide,2
agreed,2
pers,2
contain,2
level,2
prongs,2
phenomenon,2
world,2
hammers,2
numerous,2
national,2
course,2
approximately,2
inherent,2
product,2
states,2
colleagues,2
remains,2
specific,2
cyirima,2
potential,2
km,2
c,2
deposits,2
abandoned,2
focus,2
north,2
observed,2
indicating,2
roles,2
does,1
now,1
o,1
done,1
raymaekers,1
personally,1
flow,1
edge,1
conflicting,1
concerned,1
later,1
indicated,1
generated,1
revue,1
encouraged,1
represent,1
dangers,1
shrines,1
thrown,1
implies,1
alone,1
ultimate,1
utility,1
sphere,1
reflective,1
beneath,1
settlements,1
obsolete,1
replaced,1
partially,1
disclose,1
tend,1
spears,1
formed,1
tuyere,1
authority,1
ostensibly,1
rounded,1
approaches,1
easily,1
diffuse,1
anthropology,1
protection,1
western,1
committee,1
equated,1
necessarily,1
pose,1
postmenopausal,1
occurred,1
holding,1
botswana,1
ethnoarchaeological,1
pots,1
nyame,1
newbury,1
practices,1
spit,1
barrenness,1
diffusion,1
buhaya,1
provision,1
singleor,1
hence,1
reconstructions,1
warnier,1
certainly,1
bahinda,1
interests,1
exclusive,1
attempts,1
seems,1
laughter,1
memorial,1
buganda,1
scientifique,1
route,1
tradition,1
divorce,1
belong,1
accompanied,1
conceptualized,1
great,1
reasons,1
panafrican,1
analyses,1
rich,1
able,1
proves,1
thanks,1
resulting,1
help,1
integrate,1
tangible,1
consist,1
greatly,1
sacred,1
concepts,1
those,1
banta,1
profitable,1
reading,1
weighing,1
ad,1
partners,1
depending,1
existence,1
malawi,1
forthcoming,1
symbolizing,1
roy,1
recorded,1
courtesy,1
blacksmiths,1
anthropologists,1
stretched,1
key,1
fetished,1
primary,1
planted,1
draw,1
katoke,1
vol,1
transmutation,1
placement,1
karagwean,1
renowned,1
move,1
emasculation,1
combination,1
recalcitrant,1
resources,1
literal,1
along,1
negotiation,1
representing,1
identifies,1
worker,1
corresponding,1
expertise,1
goal,1
divorced,1
thus,1
timber,1
review,1
beating,1
historically,1
explained,1
component,1
rwandese,1
vigorous,1
immediate,1
blast,1
sacree,1
explorers,1
embryonic,1
magic,1
integral,1
interest,1
forgotten,1
characteristic,1
prohibitions,1
shaft,1
occurs,1
excavations,1
realization,1
rooted,1
unwilling,1
njau,1
maintaining,1
forgeron,1
oxidized,1
bloomery,1
served,1
emphases,1
guardian,1
rhythm,1
geological,1
even,1
governorships,1
broederstrom,1
traditions,1
resultant,1
influence,1
master,1
react,1
everlasting,1
employ,1
grunderbeek,1
oxford,1
dangerously,1
essential,1
growth,1
ways,1
main,1
across,1
highlands,1
generations,1
roi,1
secrets,1
en,1
unit,1
bawdy,1
unanimously,1
bantu,1
represented,1
risk,1
annales,1
connected,1
dar,1
direct,1
parts,1
ugandan,1
abanyambo,1
procreative,1
tombes,1
special,1
archaeometry,1
produced,1
enabled,1
productive,1
risks,1
support,1
modified,1
accounts,1
category,1
settled,1
acquisition,1
organization,1
encourages,1
organized,1
bugene,1
intrinsically,1
proved,1
elsewhere,1
threatening,1
impact,1
smelts,1
house,1
argued,1
prevent,1
mafa,1
commonly,1
operate,1
ndoro,1
origins,1
pumping,1
isolation,1
organisation,1
undertaken,1
consequence,1
anvils,1
problems,1
channelled,1
downturned,1
dominant,1
helped,1
opinion,1
suggested,1
artistic,1
greater,1
behaviour,1
raw,1
pelvic,1
acting,1
merging,1
walk,1
concentration,1
declined,1
fortunes,1
rule,1
accommodated,1
called,1
rwandan,1
coupez,1
lwamtoga,1
changed,1
deal,1
emerge,1
accompany,1
initial,1
genderized,1
fourth,1
artefact,1
urgent,1
potsherd,1
deliberate,1
keywords,1
dynasty,1
indirect,1
burial,1
tools,1
recently,1
greenwood,1
cannot,1
sovereignty,1
applied,1
scarification,1
scale,1
safe,1
metals,1
produce,1
bergen,1
bow,1
near,1
acknowledgements,1
criteria,1
failure,1
christianity,1
keeping,1
having,1
kg,1
degrees,1
closed,1
coronation,1
strict,1
claim,1
stacked,1
apparent,1
related,1
decorate,1
description,1
ten,1
bowl,1
gave,1
describe,1
overtly,1
inherited,1
partly,1
concentrate,1
participated,1
device,1
documented,1
scrap,1
participate,1
achieving,1
status,1
own,1
refuse,1
pollution,1
preceded,1
good,1
change,1
strove,1
correct,1
buildings,1
unexpected,1
trading,1
uncontrolled,1
grass,1
imposition,1
gestation,1
exclude,1
hole,1
metallographic,1
croyances,1
bank,1
reforging,1
characteristics,1
allotted,1
eighth,1
essentially,1
distinguished,1
weapons,1
workforce,1
when,1
cosmology,1
eyes,1
using,1
distinguishing,1
notes,1
enormously,1
provided,1
actions,1
questioning,1
favoured,1
geographical,1
promising,1
corpse,1
lend,1
survived,1
institut,1
will,1
threatened,1
speke,1
uncommon,1
tasks,1
led,1
investigating,1
absence,1
contact,1
relax,1
action,1
short,1
indeed,1
hide,1
exclusivity,1
egard,1
procreation,1
calves,1
community,1
indicates,1
comments,1
holders,1
initially,1
southern,1
renew,1
innovation,1
durable,1
structural,1
vicinity,1
humaine,1
communities,1
yet,1
elaboration,1
museum,1
observer,1
security,1
definable,1
makes,1
continuity,1
under,1
metallurgical,1
challenged,1
boundary,1
ancient,1
included,1
assistance,1
already,1
insights,1
essai,1
department,1
assimilated,1
picture,1
transformative,1
factory,1
again,1
similarly,1
put,1
towns,1
rock,1
addition,1
erect,1
cultivated,1
lengthy,1
idea,1
fearing,1
creative,1
abstract,1
witnesses,1
children,1
pet,1
forging,1
variation,1
diameter,1
fragments,1
forms,1
took,1
tales,1
remarkable,1
handed,1
manner,1
oversee,1
innovative,1
metaphors,1
developing,1
purposes,1
marrying,1
less,1
kaitaba,1
nyabirongo,1
council,1
origin,1
material,1
perhaps,1
routledge,1
bearers,1
explicitly,1
vegetational,1
equator,1
demonstrated,1
reveals,1
situated,1
extended,1
indiana,1
considering,1
birth,1
restrictions,1
treated,1
discovery,1
rowlands,1
helps,1
quelques,1
lake,1
enhanced,1
depended,1
looking,1
identity,1
louis,1
concern,1
controlling,1
entirely,1
ironworking,1
operated,1
refers,1
engaging,1
congress,1
submitted,1
wamara,1
individuals,1
fer,1
previous,1
reinforcing,1
theoretical,1
platform,1
versions,1
ties,1
trade,1
significance,1
gosselain,1
metalworkers,1
humanised,1
meanings,1
directed,1
emphasizing,1
adding,1
agreement,1
reputation,1
dominated,1
brass,1
maintenance,1
amounts,1
david,1
geographically,1
huts,1
function,1
reconstructed,1
grassfields,1
played,1
synthese,1
lie,1
administrative,1
kamukwenda,1
probable,1
households,1
earlier,1
black,1
adequately,1
venerating,1
repeated,1
artificial,1
enough,1
groupe,1
parallel,1
lift,1
become,1
tree,1
respectively,1
wise,1
nobody,1
mainly,1
incompatible,1
accordingly,1
effect,1
availability,1
james,1
seeking,1
assistants,1
equivalent,1
workshop,1
ziwa,1
tendency,1
destruction,1
relative,1
stick,1
embodied,1
sole,1
bwera,1
convincingly,1
brown,1
offspring,1
separate,1
genesis,1
farm,1
depth,1
applications,1
abundance,1
belonged,1
transformations,1
cow,1
she,1
sealed,1
continued,1
george,1
ecological,1
foreign,1
convened,1
fear,1
menstrual,1
employment,1
exacerbated,1
widespread,1
bulletin,1
translation,1
pronged,1
archeologie,1
es,1
masca,1
successor,1
existed,1
achieve,1
types,1
kingdoms,1
examine,1
misinga,1
sound,1
premier,1
investigate,1
royaute,1
extensions,1
considered,1
echoes,1
contained,1
victoria,1
conclusion,1
mentioned,1
changing,1
ethnoarchaeology,1
simply,1
extensive,1
steel,1
invoked,1
beside,1
extension,1
theme,1
neighbouring,1
les,1
reconnaissance,1
besides,1
potency,1
wicked,1
banyankole,1
quaternary,1
cover,1
imposing,1
defining,1
respecting,1
conversant,1
readily,1
cm,1
connection,1
contextual,1
bafia,1
current,1
regard,1
foundation,1
rivalry,1
ideological,1
metaphorical,1
obviously,1
rujugira,1
ifaq,1
cultivation,1
associations,1
past,1
pfaffenberger,1
drum,1
sprays,1
beginning,1
outlook,1
according,1
ethnically,1
avoidance,1
horns,1
fuller,1
notable,1
proceedings,1
carefully,1
investigation,1
implicit,1
whether,1
terms,1
beaten,1
form,1
reputations,1
making,1
nearby,1
emblems,1
agricultural,1
attitudes,1
map,1
problem,1
andah,1
her,1
prestige,1
explored,1
video,1
emasculate,1
property,1
huge,1
qua,1
finished,1
popular,1
conference,1
remember,1
ritually,1
son,1
preserved,1
careful,1
potters,1
altered,1
ruled,1
reported,1
little,1
preferable,1
despite,1
elucidate,1
laps,1
intended,1
impose,1
lies,1
controls,1
territory,1
confronted,1
screen,1
lump,1
reconstruct,1
copper,1
divided,1
appointed,1
divulge,1
gain,1
aspect,1
nubile,1
survive,1
question,1
staffs,1
ultimately,1
models,1
kemondo,1
locations,1
negro,1
years,1
ignored,1
nile,1
materials,1
grant,1
finally,1
aware,1
bunyoro,1
nonchalantly,1
include,1
environnement,1
afrique,1
socially,1
need,1
meagre,1
involving,1
variously,1
geographie,1
defined,1
slagoften,1
magical,1
supported,1
huffman,1
removing,1
abstinence,1
themselves,1
last,1
supply,1
vary,1
cline,1
partial,1
texts,1
substantial,1
characters,1
northwestern,1
documentary,1
given,1
divergent,1
traditional,1
images,1
broader,1
hypothesis,1
