WORDCOUNTS,WEIGHT
the,327
and,241
of,217
in,121
a,70
to,70
from,56
is,47
asia,43
for,43
pleistocene,39
early,37
that,34
as,33
are,33
se,29
on,28
stone,25
china,25
l,23
sites,23
hominids,22
with,22
al,21
et,21
g,21
palaeolithic,21
northern,21
at,20
hominid,20
artefacts,20
asian,20
h,19
upland,19
middle,18
were,18
evidence,18
human,17
this,17
by,16
thailand,15
southeast,15
s,15
these,14
age,14
vietnam,14
chinese,14
environments,13
lower,13
resources,13
have,13
occupation,13
ka,12
site,12
earliest,12
was,12
localities,12
east,12
archaeological,12
fauna,12
d,12
r,11
river,11
into,11
university,11
quaternary,11
tools,11
lang,11
burma,11
it,10
cave,10
or,10
j,10
ciochon,10
x,10
be,10
also,10
an,10
they,9
pp,9
most,9
more,9
other,9
found,9
caves,9
while,9
some,9
dating,9
dates,9
bakken,8
levels,8
ma,8
not,8
dated,8
huang,8
areas,8
faunal,8
erectus,8
deposits,8
includes,8
suggest,8
remains,8
adaptations,8
panxian,8
materials,7
anyathian,7
large,7
their,7
southern,7
tham,7
no,7
dadong,7
although,7
archaeology,7
research,7
y,7
south,6
homo,6
mainland,6
associated,6
olsen,6
many,6
guizhou,6
current,6
new,6
there,6
date,6
assemblage,6
fossil,6
zhang,6
faunas,6
has,6
trang,6
such,6
de,6
several,6
between,6
fossils,6
higher,5
later,5
ippa,5
laos,5
tropical,5
association,5
forest,5
yuanmou,5
proposed,5
record,5
two,5
known,5
t,5
further,5
important,5
expansion,5
province,5
material,5
eastern,5
irrawaddy,5
because,5
well,5
holocene,5
w,5
discovery,5
region,5
reported,5
through,5
along,5
during,5
teeth,5
java,5
regions,5
acta,5
anthropologica,5
small,5
bose,5
nui,5
recent,5
maw,5
may,4
locality,4
ba,4
been,4
esr,4
now,4
similar,4
evolution,4
paleolithic,4
forests,4
history,4
environment,4
before,4
n,4
stegodon,4
but,4
upper,4
climatic,4
recovered,4
e,4
volume,4
southward,4
view,4
over,4
humans,4
raw,4
based,4
occupations,4
basin,4
documented,4
p,4
which,4
diverse,4
excavations,4
late,4
cultural,4
where,4
mammalian,4
comes,4
described,4
number,4
migrations,4
possible,4
elevations,4
hang,4
hou,4
use,4
terminal,4
throughout,4
pakistan,4
formation,4
sediments,4
man,4
open,4
c,4
tam,4
movius,4
mae,4
valley,4
those,4
much,4
zones,4
species,4
primate,3
changes,3
provide,3
his,3
m,3
populations,3
support,3
environmental,3
bulletin,3
viet,3
american,3
one,3
leng,3
provinces,3
yangtze,3
basalt,3
antiquity,3
longgupo,3
taxa,3
first,3
inhabitants,3
here,3
colonization,3
hong,3
plateau,3
great,3
time,3
z,3
discussed,3
isolated,3
skull,3
do,3
present,3
centre,3
climate,3
investigation,3
rich,3
northeastern,3
key,3
encountered,3
basis,3
subtropical,3
assemblages,3
bone,3
far,3
forested,3
artifacts,3
tool,3
rivers,3
diversity,3
million,3
southwestern,3
until,3
subsequent,3
years,3
neighbouring,3
cambridge,3
nam,3
include,3
giant,3
period,3
area,3
provides,3
especially,3
supported,3
few,3
systems,3
yielded,3
partial,3
including,3
ago,3
chert,3
geographical,3
major,3
complicates,3
pope,3
selectively,3
industries,2
periods,2
does,2
seasons,2
press,2
he,2
likely,2
flake,2
change,2
silicified,2
investigated,2
africa,2
difficult,2
stream,2
across,2
rongrien,2
located,2
molars,2
tertiary,2
cenozoic,2
heights,2
uplands,2
nyein,2
lun,2
khuyen,2
mountains,2
began,2
b,2
biomass,2
orangutans,2
tajikistan,2
cooler,2
weiwen,2
mammal,2
form,2
journal,2
quite,2
discoveries,2
chindwin,2
bianbian,2
interpretation,2
altitude,2
examined,2
keates,2
studies,2
thought,2
resemble,2
rain,2
technology,2
stable,2
collection,2
grasslands,2
seems,2
included,2
lowland,2
wanpo,2
under,2
acheulean,2
limestone,2
extensive,2
only,2
abundant,2
initial,2
courier,2
movements,2
shifted,2
nuong,2
suggested,2
again,2
others,2
shelf,2
natural,2
dispersion,2
central,2
fission,2
dennell,2
stratigraphy,2
all,2
tapir,2
had,2
nature,2
cultures,2
definition,2
true,2
setting,2
keo,2
paleoanthropological,2
our,2
yunnan,2
four,2
humid,2
q,2
ocean,2
zone,2
historical,2
persist,2
evolving,2
radiometric,2
pattern,2
tieu,2
worn,2
question,2
vegetation,2
mai,2
resembled,2
intervening,2
animal,2
principal,2
tran,2
available,2
california,2
context,2
them,2
axes,2
hutterer,2
track,2
mandible,2
monsoonal,2
core,2
temporally,2
distribution,2
wood,2
vegetational,2
sapiens,2
contain,2
palaeomagnetic,2
work,2
yanhui,2
both,2
subadult,2
made,2
gigantopithecus,2
insight,2
level,2
range,2
son,2
artefactual,2
discovered,2
sea,2
numerous,2
cited,2
courses,2
still,2
role,2
african,2
activity,2
pandas,2
implications,2
island,2
largely,2
stanislaus,2
reynolds,2
conditions,2
issues,2
broad,2
challenges,2
ideas,2
kinh,2
savanna,2
vietnamese,2
wolpoff,2
national,2
review,2
layers,2
pham,2
low,2
development,2
vinh,2
clear,2
wang,2
relative,2
lithics,2
stress,2
tha,2
rockshelter,2
philosophical,2
depositional,2
precipitation,2
characteristic,2
relatively,2
published,2
incisor,2
preliminary,2
dry,2
persistence,2
plentiful,2
earlier,2
extremely,2
elements,2
shift,2
rhinoceros,2
myanmar,2
geography,2
conclusions,2
state,2
klein,2
museum,2
fossilized,2
guanyindong,2
probably,2
southwest,2
dental,2
using,2
among,2
wet,2
we,2
than,2
about,2
flakes,2
pronounced,2
quartzite,2
transactions,2
moved,2
fromaget,2
increasing,1
luce,1
rift,1
hardwoods,1
ranging,1
resolve,1
paleoclimatic,1
van,1
drained,1
particularly,1
route,1
yields,1
landscapes,1
margins,1
therefore,1
orangutan,1
bellwood,1
lithostratigraphic,1
explanations,1
i,1
interesting,1
led,1
antler,1
assigned,1
mostly,1
pah,1
reconstruction,1
situation,1
inhabit,1
thickened,1
stegodonailuropoda,1
higham,1
biocultural,1
chances,1
behavioural,1
various,1
common,1
estimated,1
fairly,1
science,1
polished,1
rise,1
generated,1
cincinnati,1
main,1
failed,1
postulated,1
dispersal,1
developed,1
situ,1
scrapers,1
gwe,1
correlations,1
overall,1
examine,1
labeled,1
functional,1
hebei,1
hill,1
decades,1
maxilla,1
kuldara,1
junction,1
paleolith,1
bifaces,1
lines,1
episodes,1
fewer,1
model,1
process,1
chinh,1
geology,1
who,1
academy,1
intensively,1
fissures,1
seen,1
affinity,1
butts,1
detailed,1
above,1
pointed,1
yale,1
tin,1
introduction,1
blanks,1
differentiating,1
continental,1
expanded,1
vol,1
pig,1
browsers,1
comments,1
life,1
face,1
sequences,1
importance,1
recognize,1
group,1
movement,1
complex,1
partially,1
deepest,1
hearths,1
easily,1
innovation,1
achievements,1
containing,1
hla,1
exploitations,1
country,1
often,1
tree,1
influence,1
bui,1
prime,1
remain,1
paleoclimate,1
formed,1
surprising,1
second,1
oldest,1
table,1
indus,1
fragmentary,1
undeterminable,1
relied,1
continent,1
gigantopithecusbearing,1
types,1
when,1
palaeoenvironment,1
sandstone,1
completely,1
modified,1
debitage,1
thanh,1
tooth,1
bamboo,1
millerantonio,1
microliths,1
synthesizes,1
investigate,1
old,1
clearings,1
complication,1
reshaping,1
hotly,1
squirrels,1
taphonomic,1
quality,1
restricted,1
conclusive,1
chronology,1
locally,1
elephants,1
intermontane,1
publications,1
boundary,1
western,1
temperate,1
ratchasima,1
established,1
intertropical,1
speleothem,1
sichuan,1
border,1
share,1
francis,1
noen,1
emergence,1
ban,1
rarely,1
eastward,1
fifteen,1
any,1
elsewhere,1
schottern,1
tongzi,1
following,1
weather,1
same,1
lampang,1
lowlands,1
contested,1
vin,1
englewood,1
result,1
colder,1
exemplified,1
excitement,1
res,1
si,1
chao,1
argued,1
changing,1
pebble,1
impoverished,1
focusing,1
primates,1
comparison,1
ve,1
different,1
show,1
department,1
commonly,1
zhou,1
basalts,1
begins,1
fashioned,1
came,1
sequence,1
terra,1
continues,1
origins,1
flexibility,1
hoa,1
dmanisi,1
beyond,1
handaxes,1
fluctuating,1
bronze,1
temporal,1
indonesia,1
charles,1
long,1
moser,1
members,1
notably,1
certainly,1
problems,1
topographic,1
text,1
shaped,1
creation,1
sketchy,1
importing,1
aspect,1
dingcun,1
monkeys,1
scientific,1
behaviour,1
ranov,1
photos,1
cover,1
integrative,1
muntjak,1
opinion,1
figure,1
ground,1
bereft,1
rapid,1
questioned,1
deserves,1
identified,1
components,1
cortex,1
emerged,1
rock,1
vertebrata,1
wushan,1
pacitanian,1
greater,1
water,1
guangxi,1
yielding,1
paper,1
louis,1
closely,1
problem,1
india,1
georgia,1
lying,1
expanding,1
georgian,1
longer,1
global,1
kao,1
identifying,1
consideration,1
extent,1
forming,1
seem,1
distance,1
incisors,1
stratigraphically,1
best,1
could,1
assess,1
weiwan,1
yen,1
histories,1
suggesting,1
warm,1
petraglia,1
xiaochangliang,1
basins,1
mountainous,1
rugged,1
striking,1
differences,1
cooling,1
report,1
choice,1
analyses,1
hoabinhian,1
eventually,1
sung,1
regional,1
studied,1
linked,1
personal,1
phraya,1
framework,1
rely,1
shao,1
arboreal,1
end,1
erq,1
sichaan,1
specific,1
krabi,1
substantially,1
contends,1
extinct,1
bones,1
domesticated,1
considerable,1
past,1
utilized,1
affinities,1
designated,1
glacial,1
living,1
term,1
describe,1
last,1
rockshelters,1
ages,1
density,1
outside,1
took,1
surface,1
emphasized,1
chardin,1
henry,1
artefact,1
just,1
elevated,1
sunda,1
reworking,1
access,1
according,1
unlikely,1
career,1
somewhat,1
questions,1
valleys,1
f,1
genera,1
zhoukoudian,1
continuing,1
divided,1
proceedings,1
confused,1
keywords,1
equitable,1
unique,1
papers,1
appears,1
rose,1
recently,1
lithic,1
stability,1
biomes,1
less,1
system,1
potentially,1
nwe,1
discounted,1
references,1
council,1
supports,1
priority,1
des,1
sciences,1
nearby,1
laotian,1
youjiang,1
glacials,1
maintain,1
agricultural,1
canopied,1
seasonal,1
genus,1
handaxe,1
expedient,1
edges,1
absolute,1
grazers,1
karstic,1
fragment,1
knapping,1
petrified,1
flaked,1
toe,1
prehistory,1
synopsis,1
oh,1
sought,1
world,1
acknowledgements,1
criteria,1
strikingly,1
gateway,1
pigs,1
yield,1
exhibit,1
zur,1
verified,1
herbivores,1
almost,1
demonstrated,1
pe,1
secondary,1
jin,1
emphasis,1
don,1
determined,1
up,1
understanding,1
dentition,1
nakhorn,1
conduit,1
revealed,1
approx,1
panda,1
used,1
illustrate,1
discussion,1
pers,1
international,1
beginning,1
reaching,1
dog,1
kits,1
properties,1
identify,1
bounded,1
element,1
examples,1
cobbles,1
prior,1
researchers,1
abstract,1
values,1
uplift,1
represented,1
careful,1
israel,1
altered,1
leakey,1
heavily,1
part,1
phd,1
tributary,1
monographien,1
technologies,1
previously,1
nihewan,1
manufactured,1
hoang,1
knowledge,1
strongly,1
dispersals,1
geomorphological,1
apply,1
verification,1
confirms,1
general,1
undoubtedly,1
its,1
data,1
skeletal,1
woodland,1
grassland,1
assumptions,1
parameters,1
schepartz,1
cranial,1
biotas,1
exploitation,1
prevailed,1
tubinger,1
tied,1
place,1
easterly,1
contains,1
partridge,1
warranted,1
exposed,1
exploit,1
relevance,1
harvard,1
bijie,1
seasonally,1
falling,1
archaeologists,1
hypothesized,1
refugia,1
ethnic,1
regarding,1
teilhard,1
investigating,1
karst,1
actual,1
prentice,1
paleoenvironments,1
continue,1
examination,1
leopards,1
field,1
susceptible,1
search,1
previous,1
chubanshe,1
reflect,1
surrounding,1
relegated,1
predominate,1
coursing,1
wild,1
versatility,1
vu,1
flaking,1
equatorial,1
shelter,1
continuities,1
explained,1
distinguish,1
midtertiary,1
spectrum,1
gerbllgerite,1
agreement,1
widiasmoro,1
washington,1
chopperchopping,1
accept,1
since,1
intensified,1
flying,1
three,1
attributed,1
initially,1
drought,1
authors,1
xuan,1
assignment,1
frame,1
monkey,1
near,1
aus,1
terraces,1
ailuropoda,1
clarified,1
sustain,1
spafa,1
modern,1
geofacts,1
good,1
crania,1
ability,1
sambar,1
course,1
jaeger,1
representing,1
mixed,1
approximately,1
enamel,1
floodplains,1
correct,1
lida,1
characterized,1
dense,1
would,1
application,1
below,1
hills,1
controversial,1
questionable,1
provided,1
shaping,1
creating,1
attribution,1
stage,1
features,1
sample,1
preserve,1
collected,1
southeastern,1
attributes,1
ltd,1
next,1
vegetative,1
snake,1
stages,1
paths,1
interprets,1
taft,1
colleagues,1
rings,1
complicate,1
contrast,1
mammals,1
maxillary,1
tributaries,1
excavated,1
attributing,1
improved,1
diagnostic,1
siwaliks,1
typology,1
developments,1
construct,1
forms,1
encompasses,1
ranged,1
posterior,1
showed,1
savannas,1
rejecting,1
teams,1
perspective,1
dispersions,1
tektites,1
rhizomyid,1
deer,1
retouch,1
each,1
vi,1
zong,1
consensus,1
heterogeneity,1
potential,1
nguomian,1
lynne,1
ayer,1
renmin,1
phai,1
k,1
rest,1
cool,1
determination,1
difficulty,1
single,1
technological,1
fossiliferous,1
pathways,1
niches,1
attests,1
compared,1
alluvial,1
portions,1
chicago,1
trimming,1
diversified,1
tapirs,1
anderson,1
mixing,1
reached,1
adjacent,1
yanjinggou,1
temperatures,1
quan,1
availability,1
marine,1
corridor,1
cognition,1
v,1
fossilization,1
generally,1
richness,1
deposition,1
phrae,1
occur,1
st,1
implication,1
terrace,1
even,1
entire,1
siam,1
given,1
communication,1
hyena,1
retained,1
results,1
peabody,1
think,1
tuff,1
qinling,1
saw,1
taylor,1
pennsylvania,1
sedimentary,1
traditions,1
tun,1
palaeoanthropologists,1
patterns,1
beings,1
snow,1
should,1
composite,1
broader,1
montane,1
productive,1
finds,1
speleothems,1
plateaux,1
adzes,1
metric,1
paleoanthropology,1
concluded,1
diversification,1
comm,1
langurs,1
deeper,1
neolithic,1
focused,1
thorough,1
karstlands,1
