WORDCOUNTS,WEIGHT
the,551
of,392
and,206
in,151
a,150
to,132
is,95
that,77
at,67
on,55
as,53
it,52
have,46
this,40
or,40
age,38
from,38
be,38
are,37
ireland,35
with,34
was,32
irish,32
early,32
these,31
sites,30
navan,27
for,26
ritual,26
were,26
iron,25
some,24
tara,23
medieval,22
fort,22
prehistoric,22
not,22
there,21
an,21
which,21
been,21
evidence,21
late,20
by,20
they,19
monuments,19
one,17
has,17
may,16
such,15
during,15
but,15
also,15
bronze,15
into,14
i,14
sacral,14
even,14
royal,14
between,14
burial,13
archaeological,13
j,12
activity,12
its,12
least,12
around,12
same,12
two,12
co,12
archaeology,12
passage,12
if,11
raffin,11
b,11
would,11
roman,11
very,11
later,10
large,10
political,10
pp,10
religious,10
hill,10
analysis,10
through,10
c,10
m,9
likely,9
all,9
their,9
most,9
kingship,9
mound,9
period,9
can,9
britain,9
newman,9
enclosure,9
sources,8
neolithic,8
though,8
when,8
more,8
fact,8
conor,8
so,8
earlier,8
we,8
kings,8
rath,8
celtic,8
making,8
both,8
had,7
first,7
other,7
inauguration,7
knockaulin,7
appears,7
aspects,7
r,7
postulated,7
ancient,7
only,7
social,7
time,7
present,7
where,7
construction,7
monument,7
what,7
middle,7
major,7
common,6
e,6
might,6
date,6
ad,6
case,6
tribal,6
no,6
l,6
possibly,6
part,6
enclosures,6
suggest,6
excavation,6
quite,6
society,6
barrows,6
about,6
people,6
new,6
secular,6
material,6
five,6
centuries,6
tomb,6
places,6
form,6
question,6
seems,5
great,5
those,5
grogan,5
historic,5
since,5
g,5
elements,5
without,5
direct,5
special,5
four,5
synods,5
rathcroghan,5
important,5
based,5
well,5
meath,5
surrounding,5
cognate,5
few,5
world,5
ceremonial,5
power,5
ground,5
status,5
significant,5
metre,5
described,5
architectural,5
features,5
european,5
christian,5
circle,5
institutions,5
known,5
forty,5
past,5
whether,5
d,5
strong,5
built,5
now,4
way,4
authority,4
history,4
long,4
s,4
could,4
survey,4
king,4
possible,4
politics,4
say,4
juxtaposition,4
hostages,4
century,4
embanked,4
dates,4
left,4
how,4
na,4
support,4
university,4
numbers,4
record,4
too,4
ceremony,4
p,4
possibility,4
symbols,4
wealth,4
public,4
criteria,4
because,4
bc,4
t,4
order,4
mediterranean,4
f,4
continuity,4
light,4
fragmentation,4
see,4
after,4
office,4
three,4
latter,4
enjoyed,4
structure,4
probably,4
why,4
mounds,4
uisneach,4
complexes,4
raith,4
over,4
pit,4
proceedings,4
while,4
documentary,4
press,4
role,4
phenomenon,4
smaller,4
area,4
little,4
much,4
immediately,4
among,4
former,3
before,3
lower,3
being,3
wooden,3
desire,3
found,3
context,3
east,3
celts,3
primary,3
kildare,3
apart,3
taking,3
far,3
central,3
phase,3
timber,3
immediate,3
millennium,3
spot,3
old,3
journal,3
influence,3
seventh,3
site,3
hinterland,3
landscape,3
importance,3
k,3
burials,3
prehistory,3
established,3
elsewhere,3
geophysical,3
exploited,3
comprising,3
appear,3
behaviour,3
diachronic,3
further,3
scale,3
having,3
artefacts,3
basis,3
example,3
tombs,3
boyne,3
size,3
excavated,3
buildings,3
small,3
presence,3
value,3
provided,3
periods,3
forradh,3
will,3
second,3
architecture,3
identified,3
located,3
indicates,3
yet,3
represents,3
fifth,3
name,3
europe,3
towards,3
many,3
contemporary,3
plate,3
another,3
trade,3
saw,3
attention,3
who,3
armagh,3
itself,3
then,3
associated,3
twins,3
dun,3
each,3
december,3
argue,3
report,3
instant,3
particular,3
incorporated,3
come,3
land,3
themselves,3
recent,3
gold,3
stables,2
o,2
names,2
groups,2
represent,2
legitimate,2
distributed,2
group,2
complex,2
designed,2
continent,2
ways,2
studies,2
satisfied,2
exotica,2
necessarily,2
occurred,2
ambitious,2
migration,2
various,2
predominantly,2
fabric,2
archaeologists,2
fraction,2
either,2
connection,2
taken,2
military,2
rig,2
fragmentary,2
advanced,2
archaeologically,2
tradition,2
ulster,2
pagan,2
religion,2
styles,2
skull,2
sacred,2
similarities,2
existence,2
linear,2
courtesy,2
right,2
capable,2
indicating,2
historical,2
throughout,2
development,2
due,2
assumes,2
barbary,2
neighbours,2
divine,2
excavations,2
fig,2
six,2
houses,2
third,2
witnessed,2
loughcrew,2
oxford,2
interesting,2
supernatural,2
rather,2
generations,2
sort,2
influential,2
stout,2
similar,2
protrudes,2
batsford,2
factors,2
changes,2
organization,2
descent,2
just,2
impact,2
argued,2
couplet,2
hengiform,2
symbolized,2
suggested,2
iconography,2
conquest,2
greater,2
result,2
came,2
out,2
changed,2
big,2
focused,2
circular,2
cremated,2
chormaic,2
population,2
grounds,2
placed,2
spiritual,2
required,2
gods,2
lease,2
shape,2
specifically,2
directly,2
none,2
spheres,2
inferred,2
occupants,2
precipitated,2
genuine,2
place,2
celticism,2
et,2
millenium,2
ailinne,2
own,2
working,2
field,2
multitude,2
bank,2
involved,2
highly,2
revealing,2
components,2
research,2
essentially,2
appropriate,2
massive,2
seemed,2
critical,2
partially,2
waddell,2
contact,2
lynn,2
indeed,2
play,2
transition,2
exception,2
warner,2
above,2
rites,2
corpus,2
under,2
inspiration,2
perceived,2
bo,2
al,2
largest,2
identification,2
regional,2
structures,2
incorporates,2
shows,2
happening,2
votive,2
plan,2
really,2
larger,2
classical,2
end,2
doubt,2
identical,2
considerable,2
forms,2
centre,2
model,2
riverstown,2
continuing,2
less,2
style,2
original,2
crown,2
cognisance,2
examples,2
thanks,2
discovery,2
wailes,2
region,2
deposits,2
including,2
distinctly,2
warrior,2
palisaded,2
use,2
largely,2
catalyst,2
evolution,2
theoretical,2
significance,2
landscapes,2
clear,2
obtained,2
lie,2
probable,2
problems,2
parallel,2
become,2
assessing,2
respectively,2
institution,2
cursus,2
la,2
motif,2
relationship,2
independent,2
suggestive,2
tech,2
reasonable,2
returned,2
barbarian,2
life,2
pond,2
existed,2
types,2
must,2
simply,2
symbolic,2
theme,2
trenches,2
temple,2
here,2
natural,2
country,2
paper,2
different,2
historians,2
mallory,2
did,2
unknown,2
half,2
domestic,2
broighter,2
sustaining,2
hilltops,2
emerges,2
type,2
merely,2
beginning,2
list,2
namely,2
nearby,2
extent,2
her,2
imperial,2
almost,2
earthwork,2
tdin,2
art,2
emain,2
ancestral,2
practices,2
evidenced,2
hilltop,2
associating,2
our,2
background,2
years,2
cambridge,2
contributed,2
although,2
photograph,2
programme,2
association,2
tene,2
territories,2
pool,2
substantial,2
earthworks,2
north,2
famous,2
should,2
building,2
courts,1
final,1
countryside,1
difficult,1
compile,1
locates,1
mimic,1
jury,1
deference,1
claonfherta,1
photographic,1
heroic,1
generated,1
conjoined,1
strategy,1
stood,1
created,1
multiringed,1
seminars,1
expedition,1
tangentially,1
hillforts,1
succession,1
beneath,1
speakers,1
likewise,1
speculated,1
residences,1
integrity,1
lexicon,1
identify,1
essays,1
stone,1
true,1
h,1
strictly,1
sure,1
upheaval,1
notwithstanding,1
ore,1
ti,1
comparisons,1
equated,1
presents,1
unlike,1
title,1
encourage,1
total,1
ulidia,1
bp,1
arguing,1
amongst,1
druidical,1
rome,1
contexts,1
round,1
fourknocks,1
query,1
stressed,1
modest,1
every,1
catalyctic,1
derives,1
exaggerated,1
fenced,1
disturbance,1
season,1
duignan,1
meaning,1
artificially,1
multiperiod,1
nature,1
aforementioned,1
containing,1
aitcheson,1
displacement,1
available,1
marburg,1
din,1
leading,1
explores,1
suggesting,1
reasons,1
compounds,1
taiin,1
origin,1
admittedly,1
link,1
personages,1
closer,1
ringlestown,1
uncovered,1
quantum,1
magnetometry,1
unto,1
subsequent,1
achieved,1
integrate,1
petty,1
last,1
written,1
emphasized,1
concepts,1
bracken,1
reserved,1
staff,1
episodic,1
profitable,1
reading,1
signs,1
within,1
designs,1
fulfilling,1
posts,1
british,1
issue,1
side,1
pl,1
con,1
loughnashade,1
oenach,1
lughnasa,1
key,1
money,1
saying,1
hall,1
account,1
vol,1
replacement,1
veroffentlichung,1
prior,1
recommended,1
determined,1
reaching,1
solely,1
commonality,1
regenerated,1
bibliography,1
splendid,1
vital,1
laconic,1
west,1
proton,1
supply,1
fasteners,1
establishment,1
cited,1
bottom,1
apply,1
representing,1
identifies,1
ross,1
manmade,1
interestingly,1
dublin,1
exist,1
currency,1
divorced,1
thus,1
includes,1
lugnasad,1
reused,1
historically,1
scabbards,1
erection,1
lugh,1
dotted,1
dendrochronological,1
quality,1
longevity,1
mores,1
against,1
embryonic,1
de,1
tailtiu,1
heeding,1
interest,1
retarded,1
relatively,1
moment,1
attested,1
facet,1
application,1
realization,1
insofar,1
align,1
rooted,1
lismurtagh,1
pin,1
z,1
freestone,1
exercise,1
turn,1
unity,1
distinct,1
interim,1
realisation,1
coinless,1
amount,1
response,1
nouveaux,1
inclusion,1
honour,1
continuous,1
autonomies,1
thin,1
churchyard,1
undertaking,1
y,1
climaxed,1
obscure,1
vorgeschichtlichen,1
interlocking,1
hmso,1
border,1
than,1
sun,1
traditions,1
shall,1
handful,1
compromise,1
promised,1
newer,1
phases,1
messy,1
sixteen,1
town,1
whose,1
brewer,1
links,1
purely,1
destroy,1
negatively,1
sensing,1
across,1
notable,1
developed,1
remain,1
levels,1
notion,1
remote,1
cult,1
deliberately,1
architectectural,1
risk,1
probability,1
foyle,1
grew,1
derived,1
parts,1
barrow,1
distant,1
subjugated,1
huiginn,1
scattered,1
panoply,1
periodic,1
reason,1
references,1
provinces,1
discernible,1
worshipped,1
oia,1
affect,1
biased,1
consider,1
familiar,1
intensive,1
organized,1
clearly,1
section,1
boast,1
n,1
dominate,1
banqueting,1
excataions,1
restricted,1
w,1
upper,1
show,1
beaker,1
raiith,1
shorter,1
origins,1
surface,1
beyond,1
indications,1
plates,1
hoard,1
galway,1
sod,1
coeval,1
vehicles,1
testify,1
dug,1
view,1
umbilical,1
reflections,1
moving,1
closely,1
remembered,1
herald,1
identifying,1
arrival,1
allow,1
blamed,1
hinting,1
inherent,1
boydell,1
access,1
stratifying,1
foreground,1
deal,1
shared,1
events,1
relate,1
intersects,1
inaugural,1
inter,1
markets,1
term,1
liz,1
situated,1
martial,1
cultural,1
trappings,1
linguists,1
keywords,1
indirect,1
province,1
interruption,1
tools,1
viewed,1
recently,1
celticisation,1
truly,1
however,1
presided,1
tension,1
gained,1
benign,1
stations,1
symbolically,1
governing,1
expressions,1
acknowledgements,1
huge,1
silver,1
warriors,1
christianity,1
retribution,1
provincial,1
theological,1
autocracy,1
revealed,1
used,1
romans,1
cuiailnge,1
imports,1
start,1
nearest,1
concept,1
heavily,1
purpose,1
connaght,1
proportions,1
knowledge,1
apparent,1
confined,1
indigenous,1
confirms,1
circularity,1
whole,1
literature,1
surrounds,1
gave,1
quadrant,1
older,1
faint,1
records,1
truncated,1
relevance,1
strain,1
participated,1
winter,1
fulfils,1
documented,1
forces,1
prescriptive,1
sutton,1
predominance,1
project,1
interpreted,1
breakdown,1
horizon,1
assembly,1
holy,1
raking,1
analysed,1
superbly,1
mccone,1
irishmen,1
good,1
change,1
wholesale,1
published,1
solution,1
checklists,1
commerce,1
sense,1
correct,1
successful,1
upheavals,1
caused,1
describing,1
presented,1
fulfilled,1
below,1
tacitly,1
aggrandizement,1
raiding,1
sonderband,1
indicators,1
byrne,1
pedigree,1
consolidation,1
melted,1
settlement,1
repeated,1
ringheaded,1
sufficient,1
bridge,1
eighth,1
folk,1
druidism,1
longman,1
blunt,1
distinguished,1
attached,1
portions,1
dissociation,1
workforce,1
visible,1
up,1
progress,1
cosmology,1
filling,1
results,1
concerted,1
describes,1
roots,1
achieves,1
newly,1
preliminary,1
finds,1
cairn,1
am,1
ninth,1
disturbing,1
champion,1
prescribed,1
seats,1
chronological,1
precepts,1
threatened,1
defended,1
heretofore,1
led,1
situation,1
forever,1
outsider,1
matter,1
variety,1
territorial,1
myriad,1
functioning,1
catchment,1
populations,1
indicative,1
short,1
revival,1
limited,1
acknowledged,1
classic,1
forward,1
purports,1
reminded,1
mimicking,1
community,1
still,1
lough,1
dwellings,1
make,1
manifest,1
standing,1
movement,1
legitimized,1
surveyed,1
structural,1
riches,1
grainne,1
guide,1
spoken,1
once,1
sincere,1
foot,1
cooney,1
makes,1
added,1
veiled,1
thought,1
counterparts,1
ring,1
evolved,1
windows,1
god,1
chronology,1
us,1
saint,1
koch,1
tain,1
rightly,1
complete,1
culture,1
rectangular,1
accelerated,1
paor,1
already,1
provocative,1
confirmed,1
timbers,1
stars,1
camped,1
stones,1
raids,1
picture,1
fabulous,1
dorsey,1
organizations,1
topographically,1
fire,1
attainable,1
law,1
celticization,1
prompting,1
others,1
approaching,1
christ,1
motifs,1
addition,1
tiny,1
ape,1
missing,1
usefulness,1
lengthy,1
naive,1
idea,1
consideration,1
praeger,1
preserve,1
collar,1
areas,1
recurrent,1
documents,1
ought,1
abstract,1
disuse,1
inevitably,1
break,1
banks,1
warning,1
nebulous,1
john,1
demonstrating,1
fallen,1
sagart,1
seldom,1
hiatus,1
conferred,1
fragments,1
procurement,1
took,1
adjacent,1
likelihood,1
banquetting,1
haul,1
covered,1
unit,1
superimposed,1
accepted,1
comparanda,1
ditched,1
celebrated,1
answer,1
parables,1
poles,1
genealogies,1
routledge,1
distance,1
number,1
explicitly,1
encountered,1
recommend,1
outlines,1
siamese,1
boat,1
mccormick,1
remained,1
remove,1
reordering,1
crannogs,1
clout,1
exploring,1
aptly,1
driscoll,1
divided,1
churches,1
coherent,1
considering,1
birth,1
made,1
upon,1
range,1
outwards,1
doorstep,1
previously,1
contacts,1
brogan,1
elite,1
endeavour,1
prospection,1
ambos,1
thriving,1
ponds,1
food,1
assumption,1
virtually,1
dress,1
products,1
resulting,1
rare,1
real,1
nothing,1
radiocarbon,1
prelude,1
trip,1
taboos,1
theories,1
dating,1
pls,1
royalty,1
reality,1
peripheral,1
faces,1
amounts,1
interpret,1
serious,1
times,1
supplying,1
like,1
general,1
function,1
banquet,1
mount,1
high,1
played,1
distinction,1
connects,1
provides,1
neutral,1
cognoscenti,1
ballie,1
somehow,1
labour,1
annus,1
constructing,1
deliberate,1
nationally,1
confusing,1
otherworld,1
priests,1
department,1
story,1
equivalent,1
connections,1
rallied,1
quarter,1
embodied,1
recurring,1
footprint,1
croinifn,1
brown,1
applies,1
decision,1
anatomy,1
culmination,1
implicitly,1
consists,1
unbeknownst,1
broadens,1
note,1
window,1
sealed,1
provide,1
science,1
neighbour,1
usually,1
vision,1
delighted,1
select,1
vertical,1
favour,1
fairly,1
ard,1
independence,1
seen,1
deposit,1
castles,1
festival,1
render,1
contribution,1
sandwiched,1
whereby,1
indicate,1
often,1
achieve,1
dead,1
centres,1
extremely,1
face,1
problematic,1
paying,1
legitimately,1
seat,1
earliest,1
ie,1
stable,1
wheeled,1
concord,1
claims,1
classification,1
rite,1
fertility,1
acquired,1
proof,1
contained,1
authorities,1
exercised,1
shadow,1
rarely,1
protracted,1
civilizations,1
comes,1
series,1
sloping,1
complexity,1
mentioned,1
version,1
fitzpatrick,1
founded,1
druids,1
extensive,1
ever,1
unbroken,1
mythologies,1
neighbouring,1
constructed,1
alternative,1
defining,1
mv,1
rue,1
extant,1
commonplace,1
prototypes,1
seem,1
stratigraphic,1
capital,1
incorporating,1
down,1
straightforward,1
cui,1
scenario,1
eventually,1
foundation,1
ideological,1
vibrant,1
particularly,1
stretching,1
job,1
linked,1
picks,1
tlachgta,1
asserting,1
aerial,1
cultivation,1
disregarded,1
build,1
placing,1
closest,1
accepts,1
works,1
destroyed,1
regulations,1
according,1
catastrophic,1
peregrinations,1
strained,1
circles,1
spatial,1
them,1
kidnapped,1
conglomerates,1
worthwhile,1
selected,1
ones,1
rising,1
monastery,1
character,1
cashel,1
manannain,1
conclusion,1
statement,1
map,1
consubstantiation,1
erect,1
axis,1
theory,1
retain,1
newgrange,1
distribution,1
unwise,1
institute,1
servicing,1
balance,1
influenced,1
indifference,1
finale,1
suggests,1
phenomena,1
contain,1
partook,1
des,1
conference,1
researchers,1
outline,1
level,1
trees,1
careful,1
unsophisticated,1
contemporaneity,1
sea,1
became,1
easy,1
intents,1
celt,1
impose,1
endures,1
adjoining,1
enamelled,1
happens,1
measure,1
images,1
copper,1
intelligible,1
torcs,1
twin,1
coming,1
think,1
apostolic,1
leap,1
antique,1
named,1
susceptible,1
until,1
models,1
locations,1
invasion,1
justifiably,1
summit,1
plausible,1
numerous,1
exerted,1
morphological,1
aware,1
publicized,1
isles,1
parallels,1
offer,1
instead,1
typically,1
consolidated,1
physical,1
relics,1
flank,1
unfashionable,1
attributes,1
piece,1
derive,1
off,1
haphazard,1
presenting,1
oldest,1
measured,1
remains,1
impacted,1
speak,1
stray,1
summary,1
comparison,1
respective,1
mobilized,1
observation,1
specific,1
vessel,1
removed,1
henges,1
encouraging,1
tribes,1
deployment,1
ascendancy,1
headed,1
opaque,1
lake,1
tuatha,1
debate,1
partial,1
dark,1
national,1
deposition,1
element,1
aggrandisement,1
valley,1
ownership,1
entire,1
persuaded,1
interaction,1
traditional,1
souls,1
ends,1
meeting,1
successive,1
doing,1
close,1
draft,1
