WORDCOUNTS,WEIGHT
the,54
of,53
and,50
in,33
archaeology,21
to,19
by,13
for,13
is,12
a,12
be,12
this,11
no,10
publication,9
glass,9
are,8
vol,8
will,7
conservation,7
it,6
or,6
from,6
submission,6
at,5
ed,5
book,5
october,5
which,5
hardcover,4
been,4
not,4
with,4
that,4
available,4
art,4
have,4
made,4
new,4
an,4
june,4
can,4
early,4
through,4
world,4
as,3
church,3
christian,3
articles,3
any,3
before,3
but,3
theme,3
published,3
volume,3
time,3
works,3
whether,3
some,3
work,3
planning,3
techniques,3
issues,3
editor,3
historic,3
archaeological,3
research,3
recent,3
may,2
cover,2
various,2
architecture,2
restoration,2
concerned,2
how,2
castel,2
subject,2
lost,2
they,2
needed,2
one,2
contributions,2
kinds,2
methods,2
analysis,2
space,2
precious,2
miscellany,2
each,2
months,2
policy,2
objects,2
materials,2
illustrated,2
experience,2
regional,2
stones,2
also,2
s,2
paul,2
might,2
natural,2
portas,2
many,2
water,2
intending,2
save,2
leading,2
kegan,2
damage,2
february,2
date,2
foris,2
papers,2
recently,2
form,2
issue,2
ltd,2
routledge,2
number,2
design,2
information,2
artefacts,2
occasionally,2
part,2
including,2
publishers,2
editorial,2
maria,2
climatic,2
invaluable,2
structures,2
processes,2
recording,2
such,2
past,2
change,2
contributors,2
architectural,2
excavations,2
stained,2
disasters,2
systems,2
january,2
details,2
traditions,2
stone,2
should,2
uppsala,1
bernard,1
now,1
transhumance,1
related,1
violetice,1
geneva,1
islamic,1
second,1
sons,1
reduced,1
munlch,1
perspectives,1
matter,1
without,1
protecting,1
if,1
scientific,1
pringle,1
pilgrimage,1
developed,1
synthesis,1
practical,1
practitioners,1
bound,1
site,1
museum,1
basic,1
landscape,1
coastal,1
slow,1
announced,1
brings,1
remote,1
monuments,1
who,1
approaches,1
directions,1
strongly,1
still,1
above,1
currency,1
leave,1
newton,1
ceramics,1
volumes,1
study,1
emergency,1
britain,1
advised,1
about,1
guide,1
scattered,1
antiquities,1
cllections,1
edited,1
types,1
fetter,1
reference,1
permission,1
completely,1
eighteen,1
treated,1
solutions,1
studies,1
pp,1
country,1
technology,1
denys,1
exposure,1
university,1
chronology,1
page,1
quantitative,1
excavation,1
management,1
organic,1
barclay,1
cookson,1
their,1
quarries,1
proprietors,1
ennabli,1
abbey,1
thrice,1
source,1
these,1
industrial,1
subscription,1
age,1
crusader,1
ethnoarchaeology,1
damaged,1
begins,1
linguistics,1
moments,1
first,1
classical,1
archaeologists,1
saint,1
manuscripts,1
useful,1
problems,1
titles,1
submit,1
every,1
writing,1
asterisk,1
more,1
sweden,1
paraguay,1
ii,1
m,1
important,1
postage,1
eds,1
musical,1
malm,1
colonization,1
history,1
kent,1
rock,1
all,1
neil,1
different,1
fitted,1
shows,1
ceramic,1
commission,1
principles,1
innovations,1
fundamental,1
cathedral,1
broken,1
andy,1
together,1
pastoralism,1
printed,1
great,1
wall,1
current,1
throughout,1
hoards,1
losses,1
jewellery,1
clearly,1
supplies,1
service,1
seeley,1
far,1
end,1
religion,1
mcnaspy,1
survey,1
jg,1
i,1
man,1
director,1
there,1
almost,1
experts,1
bookseller,1
watercraft,1
further,1
trouble,1
biogeography,1
conserving,1
those,1
informed,1
though,1
cultural,1
palaceolithic,1
caves,1
what,1
deteriorate,1
reviews,1
transmitted,1
gunilla,1
worldwide,1
accepted,1
context,1
burial,1
establish,1
relevant,1
contents,1
population,1
list,1
see,1
making,1
case,1
particular,1
publications,1
strictly,1
otherwise,1
ahead,1
procedures,1
your,1
nigel,1
guidance,1
roy,1
books,1
has,1
ethnography,1
professionals,1
knowledgeable,1
gives,1
uncommissioned,1
while,1
america,1
discuss,1
studying,1
palestine,1
gained,1
local,1
subsistence,1
prior,1
protected,1
marked,1
greatest,1
urban,1
unsolicited,1
artifacts,1
used,1
formerly,1
bc,1
publish,1
scope,1
examples,1
background,1
both,1
sculpture,1
nj,1
prevention,1
baker,1
future,1
comnell,1
transport,1
invited,1
likely,1
x,1
warden,1
international,1
sent,1
reductions,1
three,1
november,1
yearly,1
borough,1
nutrition,1
moh,1
reports,1
findings,1
assumptions,1
feilden,1
letter,1
food,1
warfare,1
island,1
liliane,1
during,1
boddington,1
fruitful,1
learned,1
human,1
roman,1
engineers,1
london,1
engaged,1
our,1
examination,1
technologist,1
were,1
review,1
chemical,1
conservators,1
floors,1
recovering,1
theories,1
il,1
devoted,1
dating,1
theoretical,1
worcester,1
lists,1
trade,1
received,1
copies,1
comprehensive,1
write,1
g,1
profession,1
author,1
charge,1
feature,1
peter,1
august,1
precise,1
issn,1
excavated,1
davison,1
normally,1
ri,1
application,1
bookshops,1
responsibility,1
buildings,1
wb,1
things,1
preliminary,1
mines,1
regular,1
practising,1
obtained,1
retrieval,1
anyone,1
weaponry,1
provides,1
extremely,1
elements,1
stored,1
on,1
evelyn,1
especially,1
charles,1
back,1
vessel,1
article,1
billings,1
executive,1
region,1
response,1
bonnet,1
six,1
become,1
nomads,1
distinguished,1
urgently,1
treasure,1
third,1
single,1
carthage,1
waterlogged,1
inadequately,1
churches,1
core,1
find,1
churchyard,1
annual,1
up,1
field,1
instruments,1
journal,1
newsletters,1
results,1
paid,1
cj,1
technological,1
we,1
carver,1
north,1
notes,1
famous,1
appropriate,1
hermann,1
value,1
sandra,1
political,1
salvaging,1
archaeolqgical,1
