WORDCOUNTS,WEIGHT
the,420
of,283
and,195
to,158
in,157
a,92
for,66
that,65
is,59
power,56
structure,56
have,49
metate,45
this,44
be,43
as,42
metates,39
not,38
from,37
relations,37
they,36
been,35
or,34
were,33
would,32
dwelling,31
an,29
on,29
was,28
users,28
one,26
with,26
other,26
i,26
if,25
it,24
these,24
figure,23
interactions,23
between,23
ceren,23
which,21
visible,21
at,20
may,20
by,19
social,19
personal,19
are,18
within,18
but,16
their,16
communication,16
we,16
ceremonial,15
university,15
what,15
participation,14
data,14
women,13
could,13
visibility,13
another,13
used,13
knowledge,13
individuals,13
can,13
into,12
also,12
there,12
food,12
individual,12
tracy,11
dominant,11
spatial,11
secret,11
structures,11
than,11
arrangement,10
she,10
payson,10
beyond,10
ceremony,10
more,10
all,10
d,10
compound,10
has,10
some,10
through,10
building,10
sweely,9
outsiders,9
located,9
site,9
authority,9
implications,9
kitchen,9
user,9
focus,9
place,9
such,9
since,9
preliminary,9
two,8
l,8
archaeology,8
village,8
direction,8
then,8
ideologies,8
only,8
either,8
found,8
ideological,8
tier,8
do,8
el,8
possible,8
invisible,8
conditions,8
so,8
among,8
society,8
walls,8
will,7
press,7
gender,7
inside,7
indicate,7
special,7
pp,7
paper,7
most,7
others,7
interpersonal,7
access,7
case,7
household,7
sheets,7
assume,7
salvador,7
relationships,7
preparation,7
locations,7
those,7
north,7
evidence,7
relationship,6
person,6
use,6
interpretation,6
door,6
set,6
important,6
had,6
based,6
eruption,6
report,6
events,6
inhabitants,6
time,6
project,6
her,6
because,6
spaces,6
upon,6
its,6
archaeological,6
change,6
items,6
courtyard,6
research,6
using,6
activities,6
meters,5
direct,5
analysis,5
about,5
possibly,5
any,5
result,5
stones,5
position,5
here,5
colorado,5
season,5
my,5
did,5
scenario,5
out,5
maya,5
well,5
scenarios,5
line,5
artefactual,5
both,5
entrance,5
uninhibited,5
ritual,5
pole,5
str,5
grinding,5
event,5
facing,5
choose,5
sight,5
when,5
corn,5
much,5
natural,4
no,4
five,4
limited,4
process,4
rather,4
who,4
conceptions,4
still,4
introduction,4
religious,4
support,4
arrangements,4
given,4
orientation,4
being,4
powerful,4
inhibited,4
members,4
doorway,4
us,4
participated,4
preferences,4
control,4
each,4
adobe,4
prehistoric,4
possibilities,4
wall,4
how,4
further,4
present,4
whether,4
see,4
theory,4
routledge,4
extent,4
while,4
new,4
taking,4
intended,4
during,4
theories,4
interpreted,4
development,4
hierarchy,4
buildings,4
asymmetrical,4
order,4
provides,4
decide,4
specific,4
six,4
scott,4
probably,4
permutations,4
reconstruction,4
carried,3
operation,3
interesting,3
imply,3
m,3
way,3
begin,3
e,3
seen,3
garden,3
importance,3
agency,3
examine,3
yet,3
opportunities,3
under,3
prehistory,3
material,3
something,3
containing,3
demonstrate,3
regional,3
shifted,3
excavation,3
anthropology,3
linda,3
three,3
societies,3
location,3
areas,3
pigment,3
able,3
number,3
take,3
storage,3
ground,3
robert,3
where,3
overarching,3
them,3
appears,3
perhaps,3
orientations,3
made,3
theoretical,3
far,3
behavior,3
people,3
questions,3
conflict,3
away,3
tell,3
invisibility,3
cambridge,3
arrows,3
woman,3
large,3
excavated,3
sense,3
like,3
period,3
mounted,3
kind,3
earlier,3
around,3
exchange,3
needs,3
valued,3
bodega,3
interpretations,3
left,3
slightly,3
interaction,3
rest,3
buried,2
miller,2
difficult,2
does,2
therefore,2
simultaneously,2
reflects,2
provide,2
later,2
guests,2
groups,2
culturally,2
low,2
classic,2
exception,2
institutions,2
represented,2
progressively,2
above,2
proximity,2
completely,2
force,2
indicates,2
similar,2
b,2
patio,2
certain,2
designed,2
together,2
likely,2
sets,2
h,2
modern,2
involved,2
affect,2
want,2
ash,2
ie,2
manifesting,2
character,2
separate,2
karen,2
heavy,2
thinking,2
light,2
associated,2
culture,2
following,2
senior,2
included,2
conclusion,2
already,2
themes,2
negative,2
simply,2
contained,2
recovered,2
else,2
double,2
mixture,2
successfully,2
alternative,2
theorization,2
give,2
brown,2
might,2
view,2
over,2
kievit,2
primarily,2
marshall,2
nature,2
analytical,2
different,2
longer,2
exploration,2
down,2
plan,2
mcguire,2
desirable,2
larger,2
very,2
reflect,2
type,2
options,2
situation,2
took,2
cohen,2
nor,2
somewhat,2
segregated,2
purposes,2
daniel,2
context,2
volcanic,2
terms,2
less,2
analogous,2
cut,2
particular,2
side,2
nearby,2
maintain,2
san,2
bulldozer,2
insufficient,2
strauss,2
negotiated,2
cuch,2
capacity,2
foundations,2
world,2
draw,2
tilley,2
vol,2
opened,2
analyses,2
andres,2
prior,2
understanding,2
greatest,2
discussion,2
work,2
tr,2
front,2
vessels,2
contexts,2
own,2
completed,2
level,2
randall,2
point,2
part,2
vessel,2
increase,2
appear,2
positions,2
demonstrates,2
framework,2
sticks,2
central,2
intimate,2
thus,2
our,2
first,2
ceremonies,2
reinforcing,2
understandings,2
participate,2
subset,2
showing,2
platform,2
open,2
due,2
simmons,2
milpa,2
near,2
america,2
evening,2
ability,2
christopher,2
include,2
presented,2
field,2
need,2
n,2
function,2
pers,2
expected,2
thank,2
quinn,2
quite,2
night,2
laughter,2
self,2
roles,2
feminist,2
especially,2
outside,2
having,2
amount,2
highly,2
serving,2
actions,2
second,2
suggested,2
allowing,2
arranged,2
properly,2
including,2
obscure,2
even,2
purpose,2
resistance,2
should,2
doing,2
propose,2
rhythmic,2
deer,2
suggest,2
murmured,1
increasing,1
subsequently,1
final,1
seems,1
space,1
things,1
reduction,1
permits,1
go,1
fostered,1
link,1
marilyn,1
tasks,1
fort,1
cecelia,1
currently,1
enclosed,1
wishes,1
indicated,1
medicinal,1
done,1
me,1
processed,1
deny,1
mckee,1
patience,1
breeze,1
generally,1
various,1
operations,1
functioning,1
nparticipation,1
involving,1
recall,1
nonparticipatior,1
aim,1
implying,1
addressing,1
porch,1
donor,1
relative,1
doctoral,1
communicate,1
c,1
identity,1
f,1
foucault,1
ideology,1
stop,1
feeling,1
sequestered,1
pieces,1
carefully,1
forced,1
basic,1
resistant,1
landscape,1
return,1
extreme,1
appreciation,1
acknowledged,1
brief,1
resulted,1
islands,1
college,1
preparing,1
arrive,1
lies,1
connection,1
red,1
mean,1
magnetic,1
gift,1
reason,1
villalobos,1
community,1
sahlins,1
mundane,1
darkness,1
make,1
anyone,1
domination,1
opposition,1
processual,1
flexible,1
experiences,1
suggests,1
intentionally,1
forcing,1
loma,1
remaining,1
contents,1
center,1
least,1
nonparticipation,1
rationale,1
organizer,1
hold,1
why,1
forewarning,1
positive,1
kinds,1
study,1
opposite,1
reinforced,1
hierarchical,1
diverge,1
illustrated,1
worked,1
pierre,1
productive,1
columns,1
factors,1
live,1
simultaneous,1
asserted,1
enforced,1
contestation,1
types,1
constrain,1
making,1
instances,1
exceptional,1
approaches,1
accounts,1
understand,1
face,1
distinct,1
easily,1
makes,1
leave,1
guarded,1
association,1
conscious,1
plants,1
susan,1
hegemonic,1
sex,1
sounds,1
female,1
boulder,1
draws,1
interacts,1
consider,1
oppressive,1
discourage,1
resistances,1
ensure,1
essential,1
entry,1
operates,1
male,1
dissertation,1
perceived,1
ian,1
critical,1
history,1
specialization,1
dictates,1
system,1
participants,1
appearing,1
inequality,1
assert,1
curious,1
initiation,1
rarely,1
stirs,1
before,1
exploited,1
elsewhere,1
note,1
just,1
singular,1
contented,1
experientially,1
somewhere,1
reified,1
impact,1
preside,1
antecedent,1
rosemary,1
house,1
yield,1
excitement,1
political,1
accordance,1
complexity,1
negotiating,1
received,1
basil,1
largest,1
contact,1
turning,1
age,1
show,1
department,1
commonly,1
operate,1
solitary,1
economically,1
visualize,1
traverses,1
heuristically,1
additional,1
milpas,1
anything,1
frameworks,1
continual,1
detail,1
map,1
smiles,1
offered,1
followed,1
according,1
long,1
lead,1
walled,1
antler,1
multidirectional,1
dispensed,1
compensation,1
destroyed,1
market,1
theorizations,1
care,1
anthony,1
hears,1
preference,1
providing,1
enters,1
branches,1
nnparticipation,1
mipa,1
responsibilities,1
ask,1
construction,1
anthropological,1
supplications,1
freely,1
devoted,1
greater,1
j,1
depart,1
achiote,1
moving,1
speak,1
shows,1
lack,1
s,1
paynter,1
available,1
believe,1
incorporating,1
eldest,1
formulations,1
acts,1
assertion,1
suggesting,1
across,1
sleep,1
undergone,1
rebuilt,1
bourdieu,1
morning,1
called,1
documents,1
constitutive,1
abstract,1
exclusion,1
p,1
model,1
attempt,1
ethnohistoric,1
gives,1
fully,1
normative,1
ensuring,1
arisen,1
conspicuous,1
follows,1
particularly,1
tucker,1
invaluable,1
subscribe,1
shared,1
prepare,1
thanks,1
envisioning,1
giddens,1
reveal,1
onto,1
relate,1
carolina,1
instigated,1
fills,1
contemporary,1
discourses,1
blocked,1
reproduction,1
fashion,1
complete,1
traffic,1
nfillcr,1
reinterpret,1
discussed,1
utilize,1
mass,1
designated,1
anne,1
periphery,1
advances,1
rethinking,1
late,1
domicile,1
evident,1
academic,1
public,1
conclusions,1
acknowledgements,1
usual,1
believed,1
animal,1
raised,1
situ,1
current,1
born,1
play,1
investigations,1
cultural,1
prohibited,1
covered,1
application,1
manner,1
discipline,1
reading,1
essentially,1
unit,1
specified,1
notable,1
assess,1
keywords,1
caldera,1
implicate,1
viewed,1
ad,1
symbols,1
cooking,1
form,1
norwegian,1
foot,1
asymmetry,1
cannot,1
until,1
caiman,1
references,1
surveillance,1
employs,1
issue,1
duties,1
necessary,1
theorizing,1
occasional,1
practice,1
ahead,1
placed,1
contesting,1
reconstruct,1
deep,1
existence,1
poles,1
strathern,1
determine,1
invitation,1
confirmation,1
judicial,1
absolute,1
sunk,1
circumstances,1
books,1
dumbarton,1
sunken,1
many,1
distance,1
method,1
task,1
jovanovich,1
status,1
spain,1
primary,1
going,1
possibility,1
directly,1
sleeping,1
remarkably,1
prestige,1
incorporate,1
discuss,1
receive,1
addresses,1
changed,1
original,1
semipermanent,1
bulldozed,1
answers,1
trade,1
regarding,1
voice,1
information,1
illustrates,1
commencement,1
almost,1
spector,1
quantities,1
artefacts,1
capable,1
emphasis,1
closed,1
doorways,1
prehispanic,1
composing,1
middle,1
finished,1
translated,1
nucleus,1
birth,1
implication,1
discovery,1
outline,1
richard,1
occupy,1
range,1
sheridan,1
occasionally,1
must,1
active,1
facilitate,1
built,1
west,1
altered,1
occurring,1
leads,1
fosters,1
met,1
sheer,1
except,1
affecting,1
raucous,1
rights,1
yvonne,1
denial,1
indicating,1
quantity,1
calls,1
dynamic,1
participant,1
daphne,1
role,1
lays,1
comment,1
publishers,1
elite,1
mentally,1
reports,1
interact,1
undermining,1
reminded,1
rigid,1
analyze,1
entirely,1
intention,1
authoring,1
conkey,1
extended,1
organization,1
discussions,1
assumption,1
virtually,1
refers,1
controlled,1
immediately,1
evidenced,1
idly,1
coincident,1
oaks,1
insure,1
otherwise,1
rigidly,1
pc,1
date,1
goal,1
phase,1
imposed,1
accessible,1
previous,1
diagram,1
differential,1
actual,1
lone,1
preparations,1
dismissed,1
california,1
harcourt,1
shown,1
models,1
described,1
drafts,1
alan,1
horizon,1
reveals,1
intractable,1
generate,1
graph,1
agent,1
clear,1
comes,1
obligated,1
polity,1
incensario,1
against,1
contradictions,1
reality,1
enterprises,1
redistribution,1
manipulation,1
october,1
wylie,1
opens,1
michel,1
silent,1
express,1
recovering,1
finally,1
confer,1
accept,1
naomi,1
depicting,1
wish,1
offer,1
hawaii,1
instead,1
david,1
neither,1
know,1
normally,1
someone,1
occurs,1
plays,1
supplying,1
participating,1
fiesta,1
below,1
preservation,1
laborious,1
embodied,1
bounty,1
alison,1
vintage,1
developed,1
assured,1
next,1
comprised,1
mountain,1
villagers,1
exercise,1
attempted,1
storehouse,1
probable,1
households,1
moment,1
area,1
daub,1
emphasizes,1
oversaw,1
farming,1
shift,1
presenting,1
segment,1
actively,1
remains,1
developments,1
specifically,1
family,1
heat,1
gendered,1
stored,1
summary,1
perspective,1
ower,1
moved,1
performance,1
depend,1
refer,1
few,1
back,1
unless,1
potential,1
version,1
construct,1
volcano,1
parallel,1
assumed,1
chapel,1
modernity,1
disaster,1
certainly,1
prerogative,1
craft,1
drifts,1
recalls,1
arrived,1
representing,1
brace,1
secrecy,1
assessing,1
elites,1
chicago,1
excluded,1
chatter,1
find,1
occasions,1
managed,1
barely,1
wattle,1
up,1
substantial,1
exclusively,1
element,1
factions,1
necessity,1
little,1
dependent,1
thatch,1
occupied,1
prison,1
sun,1
completion,1
familial,1
helping,1
slept,1
reflected,1
haste,1
develop,1
provided,1
attendance,1
commonplace,1
manipulate,1
considering,1
pyburn,1
attention,1
gardens,1
represent,1
ceremonious,1
claudia,1
widely,1
wilk,1
major,1
ones,1
performing,1
wield,1
faction,1
headdress,1
