WORDCOUNTS,WEIGHT
the,397
and,323
of,298
a,139
in,128
to,97
rock,91
is,77
that,68
with,49
or,39
as,36
art,34
world,33
san,33
for,32
an,30
on,30
by,29
are,29
these,28
sites,27
j,26
at,25
engraved,25
rubbing,25
it,24
rocks,24
this,24
sound,24
press,23
spirit,22
southern,22
were,21
not,21
may,20
certain,20
have,20
human,19
people,19
our,19
which,19
from,19
marks,18
university,18
engravings,18
i,17
their,17
be,17
d,17
has,16
but,16
dance,16
africa,16
south,15
s,14
site,14
m,14
medicine,14
ouzman,14
places,14
african,14
rubbed,14
images,14
such,13
r,13
potent,13
seeing,13
t,12
state,12
landscape,12
was,12
hammer,12
ordinary,12
between,12
c,12
they,11
sven,11
aesthetic,11
been,11
hammering,10
into,10
some,10
image,10
many,10
so,10
figure,10
who,10
worlds,10
both,10
one,9
even,9
most,9
place,9
research,9
only,9
more,9
also,9
new,9
sensory,9
percussive,9
can,9
visual,9
engraving,9
all,8
large,8
than,8
could,8
p,8
shaman,8
reality,8
like,8
often,8
considered,8
very,8
animal,8
form,8
paintings,8
touch,8
evidence,8
gong,8
e,7
desire,7
archaeological,7
possess,7
w,7
its,7
imagery,7
pp,7
where,7
eland,7
senses,6
trance,6
thus,6
rhinoceros,6
g,6
self,6
flake,6
l,6
landscapes,6
b,6
though,6
aspects,6
two,6
felsbilder,6
we,6
much,6
physical,6
use,5
stone,5
experience,5
other,5
within,5
verlag,5
questing,5
supernatural,5
across,5
white,5
animals,5
perceptions,5
flakes,5
important,5
cut,5
my,5
found,5
kalahari,5
dowson,5
healing,5
flaking,5
least,5
teil,5
mark,5
bushmen,5
identity,5
pieces,5
archaeology,5
bohlau,5
when,5
symbolic,5
potency,5
katz,5
altered,5
reveals,5
way,4
represent,4
ways,4
history,4
being,4
nature,4
those,4
numinous,4
marked,4
central,4
body,4
rhythm,4
journal,4
communities,4
makes,4
behaviour,4
had,4
out,4
scale,4
flaked,4
well,4
scars,4
et,4
order,4
auditory,4
activities,4
f,4
he,4
witwatersrand,4
single,4
patches,4
restricted,4
al,4
bar,4
power,4
fock,4
areas,4
external,4
physiological,4
less,4
widespread,4
free,4
becomes,4
made,4
explanation,4
range,4
bear,4
aesthetics,4
three,4
would,4
sometimes,4
usually,4
lines,4
incised,4
over,4
each,4
did,4
person,4
them,4
almost,4
suggests,4
die,4
cambridge,4
sweat,4
among,4
occur,4
common,3
if,3
per,3
mindscape,3
finely,3
strikes,3
properties,3
different,3
australia,3
culturally,3
available,3
able,3
there,3
sacred,3
occasional,3
activity,3
himself,3
ritual,3
humanly,3
mm,3
ironstone,3
thank,3
back,3
deeply,3
sudafrika,3
no,3
importance,3
category,3
consider,3
just,3
powerful,3
hands,3
produced,3
placed,3
required,3
part,3
apparent,3
gender,3
during,3
rockengraving,3
surrounding,3
folklore,3
boulders,3
either,3
discourse,3
presence,3
healers,3
visually,3
separation,3
object,3
community,3
indicates,3
outer,3
religious,3
museum,3
sounds,3
marshall,3
bushman,3
journey,3
sing,3
music,3
time,3
seldom,3
see,3
belief,3
books,3
gravierungen,3
dating,3
described,3
meanings,3
induce,3
rhythms,3
black,3
northern,3
cape,3
factors,3
perspectives,3
ideology,3
hill,3
life,3
unusual,3
construction,3
blood,3
arts,3
shamans,3
print,3
horns,3
what,3
terms,3
repetitive,3
produce,3
bodies,3
pain,3
through,3
beyond,3
typically,3
piece,3
permeable,3
immediately,3
close,3
perception,3
thudding,2
produces,2
flow,2
cent,2
everyone,2
reflection,2
h,2
bleek,2
mit,2
conscious,2
boulder,2
western,2
harsh,2
botswana,2
before,2
contested,2
eye,2
diversity,2
practices,2
women,2
cutting,2
sit,2
trancers,2
long,2
trancing,2
principles,2
great,2
blind,2
take,2
help,2
mind,2
alert,2
blackwell,2
precisely,2
concepts,2
confused,2
threshold,2
namibia,2
context,2
case,2
scratches,2
nordwesten,2
dancing,2
discuss,2
placement,2
politics,2
point,2
uncertain,2
beneath,2
includes,2
representations,2
inner,2
development,2
medical,2
bodily,2
de,2
redrawing,2
nuchal,2
interest,2
occurs,2
intermingling,2
guided,2
maintaining,2
old,2
fig,2
further,2
served,2
attests,2
beat,2
look,2
apparently,2
traditions,2
how,2
levels,2
bantu,2
persistent,2
lloyd,2
percussion,2
k,2
chippindale,2
objects,2
physically,2
familiar,2
realities,2
upper,2
hammered,2
experienced,2
forelock,2
footprints,2
visibly,2
care,2
prints,2
greater,2
uses,2
result,2
shamanistic,2
ethnography,2
societies,2
lived,2
international,2
events,2
cores,2
im,2
term,2
acquiring,2
academic,2
cultural,2
energy,2
spiritual,2
related,2
caught,2
metallic,2
realm,2
dobkin,2
classen,2
strenuous,2
personal,2
natal,2
tone,2
painting,2
hard,2
field,2
ego,2
suggest,2
wished,2
around,2
small,2
specificity,2
few,2
resonant,2
always,2
tracks,2
up,2
deacon,2
notes,2
society,2
subsequently,2
will,2
spirituality,2
approximate,2
variety,2
contact,2
hump,2
hide,2
located,2
techniques,2
appreciate,2
classic,2
still,2
sensation,2
selection,2
biological,2
megaherbivores,2
addition,2
represents,2
thought,2
rain,2
under,2
us,2
light,2
assistance,2
touching,2
emotional,2
stones,2
social,2
toward,2
cortex,2
flat,2
keeney,2
idea,2
turner,2
head,2
striking,2
compound,2
beliefs,2
identical,2
man,2
removal,2
never,2
do,2
v,2
locales,2
metaphors,2
forth,2
practice,2
simplicity,2
routledge,2
wood,2
understanding,2
antelope,2
discussion,2
considering,2
including,2
top,2
entirely,2
combining,2
national,2
chosen,2
open,2
truths,2
co,2
individual,2
allowed,2
patina,2
spread,2
serves,2
margin,2
especially,2
ribs,2
swishing,2
become,2
sight,2
ethnographically,2
residue,2
pathway,2
figures,2
adorno,2
embodied,2
product,2
ghosts,2
suggestion,2
relationship,2
she,2
provide,2
vision,2
bare,2
strongly,2
indicate,2
analysis,2
dead,2
instances,2
detail,2
constant,2
must,2
precise,2
sustained,2
natural,2
cultures,2
best,2
current,2
foundation,2
combined,2
spatial,2
add,2
validate,2
her,2
biologically,2
transition,2
song,2
unitary,2
isolated,2
sickness,2
confuse,2
quest,2
brain,2
need,2
procedurally,2
heartland,2
you,2
photograph,2
off,2
aurality,2
specific,2
themselves,2
chicago,2
partial,2
create,2
dark,2
dental,2
accentuate,2
recent,2
customs,2
frequent,1
miller,1
mingled,1
does,1
miraculous,1
forceful,1
releases,1
done,1
struggle,1
edge,1
encode,1
scraped,1
concerned,1
substances,1
bonding,1
groups,1
pull,1
corporate,1
know,1
created,1
deepen,1
separated,1
truth,1
episodes,1
euphoria,1
kant,1
foraging,1
affirming,1
epistemologically,1
diabase,1
combine,1
utility,1
necessitates,1
debris,1
dulls,1
arnhem,1
group,1
told,1
singularly,1
needed,1
american,1
complex,1
partially,1
watercourses,1
fate,1
limbic,1
mostly,1
keurfontein,1
live,1
transform,1
sets,1
palaeolitic,1
walker,1
sudden,1
modern,1
eminence,1
considerations,1
hours,1
synaesthete,1
rivers,1
character,1
necessarily,1
unlike,1
sidwestafrikas,1
nasmus,1
interpretative,1
po,1
track,1
immanent,1
predominantly,1
lower,1
catharsis,1
first,1
ingestion,1
www,1
every,1
spiritually,1
slaughtered,1
creation,1
voices,1
finger,1
expressive,1
implications,1
taken,1
enables,1
might,1
gongs,1
meaning,1
alienation,1
rational,1
birkhauser,1
sculpted,1
immense,1
effecting,1
archaeologically,1
route,1
tradition,1
leading,1
advantage,1
suggesting,1
display,1
despotic,1
thunderstorm,1
potentially,1
analyses,1
faulstitch,1
producing,1
shot,1
studied,1
sensuist,1
hundred,1
reveal,1
footsteps,1
composition,1
religion,1
hanna,1
real,1
fascinated,1
questors,1
skull,1
vibration,1
greatly,1
shatter,1
access,1
political,1
normal,1
pitt,1
ambiguous,1
signs,1
rolf,1
neher,1
rouget,1
system,1
dolerite,1
scarre,1
side,1
takes,1
existence,1
plains,1
gynandromorphic,1
ltd,1
unbundling,1
key,1
karoo,1
guenther,1
referee,1
captures,1
primary,1
sought,1
bases,1
conditioned,1
hippopotamus,1
saying,1
drastic,1
everyman,1
indirectly,1
vol,1
felt,1
capable,1
chest,1
determined,1
functions,1
alter,1
rid,1
transcend,1
fine,1
psychobiological,1
descartes,1
west,1
occurring,1
mental,1
combination,1
desired,1
conceptual,1
dwelt,1
overlooking,1
loudly,1
circumscribe,1
negotiation,1
safely,1
fragment,1
lights,1
removes,1
yates,1
derrida,1
belly,1
overlaps,1
electromagnetic,1
controlled,1
framework,1
wherever,1
usage,1
possessing,1
accessible,1
throughout,1
selves,1
comprehending,1
consideration,1
review,1
surely,1
harcourt,1
relationships,1
interior,1
against,1
hierarchy,1
divine,1
characteristic,1
relatively,1
visuality,1
relations,1
honest,1
heightened,1
conducted,1
za,1
emerges,1
constellation,1
realization,1
sample,1
technicist,1
century,1
mild,1
z,1
kind,1
turn,1
cases,1
skotnes,1
recollection,1
david,1
honourable,1
clustering,1
transcends,1
pecked,1
speed,1
removals,1
columbia,1
six,1
allowing,1
brace,1
trusting,1
third,1
drives,1
accompaniment,1
breck,1
analgesia,1
communication,1
cosmic,1
acted,1
renewing,1
acknowledge,1
master,1
sensations,1
soundscape,1
weathering,1
downcast,1
incidental,1
phases,1
lesser,1
online,1
via,1
simultaneously,1
colour,1
ohne,1
thrumming,1
whose,1
essential,1
journeyed,1
without,1
operations,1
act,1
rather,1
his,1
subjected,1
fagg,1
evoking,1
howes,1
generations,1
essence,1
adds,1
mcgregor,1
ectoparasites,1
organizing,1
basic,1
influential,1
appreciation,1
needham,1
notion,1
neatly,1
utterances,1
represented,1
visceral,1
bequest,1
pervasiveness,1
heard,1
connected,1
inhere,1
ethnomusicology,1
quantitative,1
wrap,1
parts,1
fat,1
griqualand,1
assuming,1
dialogue,1
beats,1
believing,1
lay,1
feel,1
paleolithic,1
space,1
guides,1
tactile,1
support,1
means,1
understand,1
layering,1
changes,1
questor,1
speculative,1
possibly,1
entry,1
river,1
hearest,1
cartesian,1
intensive,1
slowly,1
aura,1
fathomed,1
linked,1
gathererhunter,1
n,1
traces,1
articulated,1
too,1
cunning,1
four,1
show,1
commonly,1
operate,1
resource,1
additional,1
lithic,1
surface,1
follow,1
readings,1
hart,1
followed,1
organisation,1
comprising,1
painted,1
maquet,1
internal,1
dominant,1
haworth,1
appear,1
myths,1
hot,1
iconography,1
expressed,1
skewed,1
landowners,1
rub,1
came,1
ontologically,1
based,1
lead,1
location,1
allow,1
vaal,1
kegan,1
appearance,1
called,1
strength,1
homogenizing,1
typical,1
experientially,1
unhelpful,1
mapping,1
hallucinogenic,1
facilitate,1
primacy,1
radical,1
bregman,1
denigration,1
configuration,1
neurotransmitters,1
captured,1
vigorous,1
emotionally,1
struggles,1
stepping,1
resonator,1
unengraved,1
healer,1
equally,1
laussel,1
understood,1
informed,1
caves,1
wishing,1
peptides,1
keywords,1
orchestration,1
singing,1
cannot,1
formalized,1
otherwise,1
wealth,1
shamanism,1
bataille,1
absolute,1
approached,1
scene,1
glaciated,1
possibility,1
acknowledgements,1
information,1
lorna,1
because,1
exert,1
analgesic,1
gained,1
directly,1
having,1
maskew,1
sharpening,1
correctly,1
revealed,1
used,1
work,1
planning,1
intense,1
bolster,1
tool,1
balkema,1
carry,1
interface,1
heart,1
fluttering,1
concept,1
story,1
repetitively,1
purpose,1
compass,1
example,1
kinderdam,1
thoughts,1
cracking,1
whole,1
describe,1
horn,1
literally,1
authorship,1
centred,1
middle,1
beads,1
restlessness,1
ekkehart,1
call,1
focuses,1
sun,1
interpreted,1
own,1
polity,1
radically,1
chemistry,1
towards,1
heuristic,1
approach,1
huyge,1
researchers,1
annotated,1
creating,1
reid,1
running,1
drums,1
sense,1
correct,1
below,1
allegiance,1
attributed,1
deity,1
sprawl,1
shaping,1
stage,1
apprehend,1
box,1
contrast,1
exclude,1
combines,1
night,1
atmosphere,1
event,1
specifically,1
explored,1
calling,1
several,1
mitchell,1
shapes,1
fraught,1
multiple,1
concerns,1
painful,1
highly,1
goodwin,1
acts,1
suddenly,1
ancestors,1
boundaries,1
lymphatic,1
visible,1
generally,1
articulation,1
ventersdorp,1
st,1
universities,1
meditations,1
und,1
gould,1
cycle,1
unrubbed,1
beauty,1
appropriate,1
newly,1
tuzin,1
grateful,1
provided,1
am,1
humanistic,1
rest,1
enjoy,1
digging,1
unidentifiable,1
piercing,1
input,1
appeal,1
prescribed,1
modulation,1
critical,1
approximated,1
therefore,1
republic,1
situation,1
basarwa,1
resides,1
matter,1
ken,1
gabriel,1
action,1
economic,1
pilgrimage,1
synthesis,1
service,1
suband,1
feeling,1
play,1
return,1
hollows,1
interdependence,1
exception,1
mimicking,1
allen,1
cynosuric,1
wrench,1
above,1
kulcsar,1
make,1
bill,1
experiences,1
manifest,1
standing,1
humans,1
unfamiliar,1
echo,1
thaba,1
direction,1
powerfully,1
percentage,1
once,1
contributing,1
oxford,1
kent,1
usages,1
yet,1
listie,1
permission,1
reclaiming,1
evocatively,1
accident,1
manhire,1
den,1
receptacle,1
boundary,1
specimens,1
perceived,1
contemplation,1
jay,1
participants,1
home,1
complete,1
entoptic,1
same,1
rectangular,1
performed,1
acuity,1
ethnographic,1
ed,1
broad,1
excellence,1
resounding,1
boiling,1
rowan,1
mantis,1
reliance,1
toronto,1
functioned,1
sonorous,1
louder,1
shrieks,1
fire,1
solomon,1
french,1
paul,1
technique,1
accompanies,1
palm,1
again,1
approaching,1
similarly,1
metonyms,1
tremendous,1
added,1
financial,1
desiring,1
water,1
smith,1
emotions,1
speaks,1
fact,1
locational,1
expose,1
fundamental,1
verifiable,1
rhino,1
utilizing,1
afraid,1
abstract,1
frost,1
layer,1
larger,1
jannie,1
decreases,1
drumming,1
overwhelmingly,1
contemporary,1
considerable,1
impending,1
inversive,1
wilman,1
trickster,1
anthropologist,1
clapping,1
forms,1
flecks,1
behind,1
took,1
hand,1
dominion,1
everyday,1
ground,1
increases,1
clusters,1
model,1
thou,1
drakensberg,1
apprehending,1
emic,1
unclear,1
bechuanaland,1
ontological,1
origin,1
tasted,1
intensify,1
perhaps,1
woman,1
remarked,1
cosmos,1
flickering,1
outlines,1
reminds,1
plane,1
institutions,1
entity,1
another,1
territoriality,1
grouping,1
khoekhoen,1
empirically,1
stipple,1
exploring,1
rhinoceroses,1
ecstasy,1
coherent,1
indiana,1
comprise,1
upon,1
active,1
onto,1
region,1
custodianship,1
gauteng,1
previously,1
manufactured,1
onslaught,1
manifestations,1
medium,1
drug,1
outliers,1
significant,1
expression,1
confidence,1
touchstone,1
interfaces,1
largely,1
waking,1
endorphins,1
francis,1
factor,1
blocking,1
manifestation,1
opiate,1
harvard,1
rare,1
auf,1
individuals,1
examination,1
fantastic,1
ceremonies,1
overlap,1
california,1
theories,1
involves,1
ties,1
significance,1
geophagia,1
mircea,1
zimbabwe,1
accessed,1
brazelton,1
grew,1
publication,1
language,1
decorated,1
immanence,1
issn,1
held,1
times,1
thom,1
general,1
function,1
plant,1
responses,1
vintage,1
features,1
depiction,1
membranous,1
distinction,1
mountain,1
spirits,1
after,1
eagleton,1
lose,1
adequately,1
carrithers,1
imagination,1
leg,1
why,1
labour,1
systems,1
qualities,1
vascular,1
parallel,1
feet,1
overcome,1
recoverable,1
topics,1
exactly,1
examine,1
dauvois,1
plate,1
enjoyed,1
hedges,1
structure,1
james,1
percent,1
seeking,1
looks,1
exertions,1
attracted,1
morris,1
corresponds,1
thunder,1
engagement,1
attention,1
relics,1
opinions,1
brown,1
gist,1
separate,1
contributes,1
concatenation,1
alpha,1
undifferentiated,1
christian,1
groupings,1
applications,1
me,1
dominates,1
today,1
window,1
seventeen,1
george,1
parietal,1
five,1
centrality,1
naturally,1
impressive,1
maps,1
hooves,1
select,1
dashed,1
inside,1
bulletin,1
trait,1
ritualized,1
progressively,1
yale,1
bears,1
force,1
began,1
grinding,1
scherz,1
lightning,1
interplay,1
transformation,1
anxious,1
expert,1
stimulated,1
covering,1
antiquity,1
kilometres,1
archeologie,1
class,1
nuance,1
elkins,1
fall,1
mnemonics,1
subdivided,1
centres,1
types,1
get,1
itself,1
tapping,1
face,1
ridges,1
occupies,1
hearts,1
circumscribed,1
anthropological,1
anvil,1
aurally,1
rolling,1
practised,1
then,1
liked,1
any,1
tactility,1
beast,1
singular,1
following,1
tlhapi,1
angst,1
overriding,1
comes,1
conclusion,1
refute,1
colonists,1
anonymous,1
ascendant,1
ringing,1
conflate,1
simply,1
struck,1
constituted,1
htm,1
known,1
summit,1
totality,1
constructed,1
echoes,1
aural,1
bernstein,1
rocky,1
kapprovinz,1
here,1
alternative,1
swan,1
bright,1
resonance,1
feelings,1
interdigitating,1
encourages,1
enters,1
peristaltic,1
rios,1
anthropology,1
paper,1
steven,1
par,1
capability,1
exploration,1
marginalization,1
flowing,1
drown,1
acoustic,1
intrusive,1
emit,1
inquiry,1
post,1
milk,1
particularly,1
obviously,1
speculation,1
thinking,1
researches,1
brilliance,1
identities,1
past,1
consciousness,1
works,1
living,1
liddell,1
qualitatively,1
believed,1
hobson,1
landes,1
atomistic,1
suffering,1
touchstones,1
stinging,1
carefully,1
transfers,1
unique,1
wilken,1
physiology,1
whether,1
making,1
references,1
larson,1
particular,1
nearby,1
map,1
mere,1
theory,1
extent,1
consisting,1
utilitarian,1
correlates,1
giraffes,1
realized,1
phenomena,1
ideal,1
herd,1
size,1
fourteen,1
des,1
cluster,1
noticeably,1
unseen,1
marking,1
varieties,1
emergent,1
geophagy,1
trees,1
fingerwidth,1
code,1
thereby,1
city,1
exhibit,1
intricacy,1
became,1
role,1
variability,1
predecessors,1
subject,1
intended,1
everywhere,1
conventional,1
matches,1
vast,1
harvesting,1
licklider,1
herders,1
allows,1
perceptual,1
harrison,1
coming,1
varied,1
resident,1
contrasts,1
relates,1
come,1
proceeds,1
susceptible,1
tantalizing,1
understandings,1
firelight,1
taylor,1
pinpoints,1
conducive,1
cacophony,1
fetishes,1
years,1
overdeveloped,1
twentieth,1
web,1
numerous,1
disassociation,1
frame,1
arkana,1
newsletter,1
dangerous,1
vibrate,1
land,1
dense,1
unified,1
reified,1
endeavours,1
states,1
involving,1
anatomical,1
limitations,1
philosophy,1
area,1
intermingle,1
remains,1
association,1
speak,1
renews,1
archaic,1
eliade,1
janette,1
supported,1
territories,1
potential,1
removed,1
passages,1
mystery,1
hills,1
herzberger,1
onomatopoeic,1
contrasting,1
views,1
given,1
matsieng,1
minds,1
observed,1
beings,1
cross,1
termed,1
otto,1
deeper,1
hypothesis,1
