WORDCOUNTS,WEIGHT
of,130
and,89
the,83
archaeology,69
in,61
to,47
a,32
university,31
uk,30
for,25
be,23
is,22
world,22
or,21
by,20
papers,16
as,12
are,12
on,12
debates,11
with,10
taylor,10
equality,9
no,9
dr,9
new,9
professor,9
social,9
usa,9
they,8
from,8
all,8
any,8
what,8
institute,8
t,8
publication,8
research,8
submission,7
issue,7
vol,7
francis,7
this,7
have,7
thomas,7
at,6
may,6
ed,6
might,6
december,6
dowson,6
u,6
routledge,6
published,6
issues,6
which,6
archaeological,6
early,6
copyright,6
oxford,5
how,5
ancient,5
these,5
that,5
societies,5
could,5
cultural,5
within,5
record,5
art,5
editor,5
an,5
will,4
online,4
o,4
rt,4
college,4
studies,4
not,4
addressed,4
department,4
volume,4
please,4
address,4
other,4
past,4
political,4
material,4
use,4
theoretical,4
such,4
september,4
peter,4
individual,4
high,4
visibility,4
should,4
rights,3
related,3
rate,3
perspectives,3
if,3
groups,3
landscape,3
group,3
one,3
contributions,3
colonization,3
approaches,3
park,3
technology,3
school,3
n,3
topical,3
humanities,3
questions,3
important,3
between,3
i,3
v,3
reading,3
contents,3
sedentism,3
number,3
local,3
r,3
discussion,3
both,3
previously,3
northern,3
people,3
our,3
regions,3
j,3
alan,3
g,3
interest,3
topic,3
back,3
k,3
outram,3
can,3
we,3
quarterly,3
field,2
van,2
now,2
authorization,2
exeter,2
independent,2
gabriel,2
statements,2
service,2
it,2
iowa,2
environmental,2
roberta,2
monuments,2
alone,2
above,2
requests,2
landscapes,2
b,2
study,2
their,2
milton,2
positive,2
year,2
southeast,2
arts,2
analysis,2
stone,2
robin,2
ma,2
cooney,2
edited,2
miscellany,2
ways,2
altitude,2
canada,2
considered,2
consider,2
stephen,2
us,2
anthropological,2
marshall,2
chris,2
elisabeth,2
individually,2
orders,2
po,2
ability,2
but,2
contact,2
subscription,2
age,2
leicester,2
two,2
architecture,2
regional,2
only,2
bacus,2
increasingly,2
stones,2
members,2
june,2
ml,2
alternative,2
index,2
xt,2
der,2
taken,2
mark,2
plateau,2
history,2
each,2
been,2
suggestions,2
whom,2
board,2
gosden,2
particularly,2
international,2
historical,2
question,2
do,2
geography,2
road,2
techniques,2
march,2
burial,2
them,2
population,2
environments,2
michael,2
british,2
case,2
particular,2
theory,2
x,2
aspects,2
osborne,2
phenomenological,2
some,2
private,2
periodicals,2
who,2
st,2
bibliography,2
even,2
beaumont,2
invited,2
lake,2
yvonne,2
comment,2
urban,2
its,2
climatic,2
assumptions,2
whole,2
food,2
warfare,2
island,2
dublin,2
submitted,2
writing,2
institutional,2
human,2
reproduction,2
water,2
advertising,2
personal,2
southampton,2
veen,2
queer,2
gilchrist,2
cambridge,2
marijke,2
conditions,2
xx,2
ireland,2
decorated,2
relatively,2
responses,2
david,2
successful,2
would,2
ny,2
so,2
indicators,2
box,2
mountain,2
submissions,2
kind,2
enquiries,2
settlement,2
items,2
archaeologies,2
mitchell,2
specific,2
potential,2
manchester,2
oxon,2
shott,2
london,2
l,2
aim,2
refereed,2
journal,2
than,2
north,2
recent,2
traditions,2
about,2
fee,2
hierarchy,2
caucasus,1
analytical,1
chronologies,1
mechanisms,1
caves,1
site,1
does,1
transhumance,1
bellwood,1
engraved,1
abstracting,1
sample,1
islamic,1
racism,1
power,1
customer,1
page,1
german,1
ethiopian,1
ims,1
element,1
russian,1
without,1
economy,1
glover,1
belonging,1
weaponry,1
concerned,1
scientific,1
reproduce,1
slavery,1
prince,1
pilgrimage,1
five,1
minorities,1
licensing,1
concern,1
main,1
politis,1
ecodisasters,1
glasgow,1
linguistics,1
through,1
tropics,1
arctic,1
scholar,1
remain,1
essex,1
foster,1
empires,1
aetokremnos,1
chestnut,1
kush,1
joan,1
norway,1
square,1
extend,1
islands,1
widespread,1
coastal,1
process,1
subsistence,1
remote,1
referred,1
object,1
conceptions,1
health,1
epidemic,1
strongly,1
cornelius,1
precolonial,1
introduction,1
informa,1
arid,1
landmarks,1
federation,1
ceramic,1
lawrence,1
comments,1
locations,1
church,1
importance,1
certain,1
center,1
generally,1
executive,1
southern,1
mesoamerica,1
christian,1
thailand,1
volumes,1
innovation,1
often,1
meltzer,1
identify,1
tend,1
sidgwick,1
whiteknights,1
burials,1
survey,1
calculate,1
formed,1
ammerman,1
depends,1
metres,1
cobb,1
uniformitarian,1
addressing,1
commemoration,1
when,1
fair,1
permission,1
pitulko,1
itself,1
send,1
typeset,1
india,1
changes,1
pp,1
albert,1
colonizing,1
requiring,1
database,1
ransley,1
modern,1
monumental,1
sex,1
meant,1
viewsheds,1
bain,1
restricted,1
chronology,1
objects,1
organization,1
geometric,1
colonialism,1
excavation,1
arguments,1
specialization,1
bahrain,1
processing,1
tax,1
title,1
hoarding,1
oates,1
ceramics,1
welcomes,1
elsewhere,1
down,1
just,1
edition,1
elevated,1
hinduism,1
forum,1
numbers,1
impact,1
ro,1
africa,1
result,1
variety,1
absence,1
complexity,1
frequently,1
too,1
du,1
reply,1
reasonably,1
industrial,1
biography,1
challenges,1
ethnoarchaeology,1
iihistory,1
simply,1
principal,1
lg,1
lower,1
onagricultural,1
exploited,1
molluscs,1
practices,1
management,1
symbolic,1
known,1
queering,1
beyond,1
permit,1
jesse,1
sahel,1
lack,1
street,1
walnut,1
huamn,1
sorts,1
topographic,1
more,1
rocky,1
alps,1
sciences,1
posed,1
production,1
here,1
arguable,1
exclusive,1
interested,1
chemical,1
ii,1
business,1
perceived,1
debating,1
know,1
postage,1
ian,1
musical,1
academy,1
over,1
available,1
humans,1
identified,1
rue,1
kent,1
shipwrecks,1
many,1
anthropology,1
official,1
royal,1
cedar,1
asia,1
words,1
definition,1
different,1
replaces,1
silpakorn,1
jay,1
global,1
sizes,1
consideration,1
complications,1
innovations,1
areas,1
europe,1
mcgill,1
avenue,1
referees,1
riverine,1
best,1
lowland,1
accommodate,1
buddhist,1
foods,1
public,1
pastoralism,1
printed,1
great,1
called,1
current,1
p,1
drivers,1
hoards,1
relating,1
moments,1
time,1
seven,1
lived,1
classical,1
sytems,1
infectious,1
diverse,1
guy,1
adverse,1
sharpen,1
hannah,1
indicative,1
inspired,1
court,1
light,1
religion,1
symbolically,1
contemporary,1
quarries,1
bound,1
luxury,1
disesae,1
guinea,1
man,1
lifecycles,1
featured,1
feature,1
croucher,1
shennan,1
anne,1
works,1
culture,1
living,1
expressions,1
miranda,1
laver,1
watercraft,1
nutrition,1
forms,1
organisations,1
written,1
determinism,1
fourth,1
unchanged,1
physiological,1
transferred,1
reserved,1
suite,1
understood,1
olsen,1
communities,1
mail,1
let,1
technical,1
where,1
signs,1
stock,1
pedagogies,1
archaeobotanical,1
fisher,1
appears,1
slovenia,1
see,1
system,1
boats,1
explicit,1
emma,1
thirty,1
cg,1
japan,1
zagros,1
reconstruction,1
geo,1
universidad,1
your,1
stockett,1
regarded,1
eastern,1
debate,1
has,1
extent,1
haour,1
style,1
method,1
fascination,1
pamir,1
january,1
pwiti,1
near,1
humid,1
free,1
another,1
iv,1
kirch,1
america,1
demography,1
advisory,1
agriculture,1
welcomed,1
discuss,1
ecology,1
studying,1
addresses,1
design,1
trade,1
directly,1
information,1
flannery,1
rock,1
holocene,1
prior,1
basis,1
emphasis,1
possible,1
dedication,1
politics,1
technologies,1
exploring,1
journals,1
elevations,1
metapress,1
remittances,1
holtorf,1
soils,1
intimate,1
drive,1
planning,1
properties,1
overviews,1
examples,1
abstracts,1
karina,1
richard,1
upon,1
range,1
maritime,1
directions,1
future,1
tottenham,1
transport,1
hindu,1
community,1
nomads,1
bell,1
part,1
ymm,1
including,1
purpose,1
far,1
classics,1
timothy,1
nara,1
resources,1
retains,1
knowledge,1
looking,1
communication,1
three,1
apply,1
republic,1
along,1
ken,1
skeletal,1
irish,1
flourish,1
gender,1
subject,1
ethnography,1
largely,1
hosted,1
engage,1
citation,1
older,1
focus,1
titles,1
virtually,1
editorial,1
photocopy,1
trigger,1
approach,1
aesthetics,1
variation,1
bradley,1
congress,1
work,1
ideas,1
ako,1
bairn,1
historic,1
egalitarianism,1
iiresearch,1
structures,1
faculty,1
detect,1
lahiri,1
central,1
subscriptions,1
eden,1
eligible,1
andrew,1
individuals,1
disease,1
colchester,1
were,1
garden,1
check,1
focuses,1
deployed,1
ice,1
nayanjot,1
prescriptive,1
language,1
theories,1
simona,1
relationships,1
dating,1
models,1
pattern,1
theme,1
interpreted,1
generate,1
tfenquiries,1
jared,1
due,1
pamela,1
zimbabwe,1
argentina,1
count,1
clearance,1
national,1
write,1
f,1
charge,1
agent,1
earth,1
bodily,1
atlas,1
change,1
characteristic,1
precise,1
issn,1
contributors,1
held,1
viewing,1
settings,1
relations,1
permanence,1
architectural,1
land,1
pm,1
price,1
indexing,1
quantitative,1
materially,1
buildings,1
smaller,1
journalsonlinetandfcouk,1
pay,1
zemono,1
straight,1
mines,1
regular,1
stratton,1
guideline,1
contrast,1
discounted,1
palaeolithic,1
earlier,1
ted,1
area,1
insoll,1
oiler,1
seascapes,1
tibetan,1
religious,1
developments,1
loosley,1
reuse,1
urbanization,1
hominins,1
attention,1
geller,1
oppenheimer,1
perspective,1
concerning,1
discrimination,1
shoocongdej,1
systems,1
sheepen,1
response,1
evolutionary,1
methods,1
arrange,1
constructing,1
craft,1
massachusetts,1
biomolecular,1
russia,1
queerying,1
compared,1
lei,1
topics,1
biogeography,1
exactly,1
third,1
britain,1
differing,1
methodological,1
sacred,1
find,1
diamond,1
james,1
criminology,1
coped,1
texts,1
storage,1
explore,1
also,1
little,1
dependent,1
lay,1
instruments,1
adaptations,1
results,1
pa,1
paid,1
rosewood,1
correspondence,1
technological,1
inquiries,1
petru,1
engagement,1
appropriate,1
anatomically,1
value,1
evidence,1
building,1
sole,1
humanistic,1
rates,1
gordon,1
established,1
geographical,1
goebel,1
hutchins,1
matsui,1
grants,1
archaeometallurgy,1
