WORDCOUNTS,WEIGHT
the,205
of,159
and,102
to,84
in,62
a,57
is,36
islamic,33
that,31
be,31
this,25
are,24
it,23
as,23
was,23
for,23
or,21
by,21
an,21
these,20
have,20
has,19
were,19
archaeology,19
india,18
from,18
at,16
with,15
but,15
on,15
been,14
such,13
daulatabad,13
very,12
there,12
their,11
monuments,11
they,10
not,10
only,10
more,10
period,10
his,9
most,9
well,9
would,9
ancient,8
indian,8
its,8
if,7
culture,7
all,7
new,7
persian,7
archaeological,7
few,7
no,6
town,6
also,6
m,6
over,6
capital,6
out,6
investigations,6
them,6
rulers,6
like,6
remains,6
today,5
delhi,5
large,5
one,5
he,5
study,5
bijapur,5
under,5
too,5
published,5
here,5
s,5
present,5
ruins,5
number,5
another,5
which,5
records,5
since,5
excavations,5
century,5
archaeologist,5
may,4
fort,4
various,4
sometimes,4
site,4
becomes,4
importance,4
about,4
centuries,4
laid,4
generally,4
mentioned,4
two,4
archaeologists,4
surface,4
important,4
many,4
official,4
thus,4
came,4
scholars,4
areas,4
court,4
survey,4
mate,4
accounts,4
almost,4
far,4
city,4
township,4
open,4
spread,4
so,4
area,4
served,4
provided,4
architecture,3
foreign,3
district,3
vertical,3
complex,3
towns,3
cannot,3
fortifications,3
studies,3
technology,3
water,3
history,3
into,3
extensive,3
had,3
constructed,3
problems,3
exploration,3
wide,3
any,3
sultans,3
cities,3
man,3
never,3
evident,3
road,3
within,3
can,3
necessary,3
perhaps,3
project,3
some,3
agra,3
made,3
literary,3
apart,3
through,3
knowledge,3
dynasties,3
places,3
numerous,3
authors,3
least,3
known,3
below,3
general,3
features,3
erected,3
systems,3
six,3
surveys,3
strong,3
than,3
student,3
walls,3
celadon,2
carried,2
interesting,2
led,2
underground,2
note,2
operations,2
gujarat,2
subjected,2
indeed,2
tughluq,2
lines,2
college,2
ordinary,2
institutions,2
who,2
mansions,2
detailed,2
opportunity,2
dwellings,2
debris,2
similar,2
ware,2
life,2
branch,2
often,2
mounds,2
listed,2
kings,2
yet,2
effort,2
university,2
undertaken,2
neither,2
western,2
excavation,2
heavy,2
thinking,2
become,2
deccan,2
several,2
bombay,2
noted,2
being,2
first,2
regional,2
beyond,2
volume,2
sources,2
museums,2
connection,2
latrine,2
medieval,2
asia,2
methodology,2
each,2
intensive,2
paper,2
descriptions,2
speaks,2
different,2
could,2
rule,2
found,2
qutb,2
then,2
ahmedabad,2
time,2
able,2
surfaces,2
review,2
pipelines,2
discussed,2
course,2
last,2
aerial,2
written,2
miles,2
limited,2
beginning,2
equally,2
occupation,2
square,2
photography,2
context,2
particular,2
versed,2
system,2
ones,2
poona,2
material,2
burgess,2
enough,2
problem,2
inscriptions,2
consisting,2
james,2
near,2
outlines,2
right,2
minar,2
larger,2
imperial,2
marked,2
work,2
epigraphy,2
insight,2
investigator,2
arabic,2
smooth,2
tombs,2
contain,2
investigated,2
used,2
during,2
phenomenon,2
turkish,2
our,2
come,2
devgiri,2
immediate,2
years,2
inner,2
ignored,2
isolation,2
clearance,2
language,2
townships,2
interest,2
yadav,2
architectural,2
afford,2
calcutta,2
wards,2
regular,2
next,2
accurate,2
cases,2
claim,2
nor,2
items,2
around,2
small,2
habitations,2
proximate,2
especially,2
supported,2
hindu,2
accomplished,2
although,2
elaborate,2
gazetteers,2
asi,2
publications,2
plate,2
when,2
even,2
entire,2
slightly,2
proper,2
much,2
wells,2
world,2
terracotta,2
hardly,2
built,2
attention,2
massive,2
society,2
separate,2
because,2
carved,1
conceal,1
model,1
cite,1
chronological,1
dealing,1
seems,1
space,1
aim,1
go,1
marathawada,1
unknown,1
fifty,1
blues,1
now,1
numismatics,1
pertaining,1
possessed,1
currently,1
respect,1
what,1
noteworthy,1
second,1
wishes,1
recognized,1
abundance,1
exterior,1
whose,1
hillfort,1
essential,1
investigationan,1
south,1
coupled,1
limits,1
teaching,1
practices,1
horizontal,1
common,1
fairly,1
continued,1
rather,1
fortified,1
section,1
districts,1
military,1
purely,1
identified,1
usually,1
closer,1
five,1
mark,1
contrast,1
main,1
grounding,1
scholar,1
concentrated,1
maps,1
result,1
claimed,1
appellation,1
everyone,1
intended,1
deserve,1
intercepting,1
feet,1
foregoing,1
resulted,1
heights,1
perfection,1
offset,1
process,1
implies,1
means,1
seen,1
collections,1
still,1
above,1
team,1
contour,1
force,1
dawned,1
chapaner,1
arabia,1
h,1
absence,1
after,1
understand,1
read,1
expect,1
quantitative,1
samshodhak,1
elementary,1
put,1
volumes,1
colour,1
denied,1
agency,1
systemrs,1
anciently,1
pristine,1
entrusted,1
awareness,1
forts,1
outlets,1
aspects,1
centres,1
ways,1
types,1
fields,1
rock,1
references,1
determination,1
face,1
easily,1
gumbad,1
will,1
older,1
modern,1
flooring,1
parts,1
serve,1
bastions,1
monumental,1
thick,1
ms,1
sanads,1
considered,1
inspiration,1
forget,1
round,1
filters,1
familiar,1
presents,1
stereotyped,1
presidency,1
tackle,1
slowly,1
amply,1
ambitious,1
eventually,1
fifteen,1
preindustrial,1
liked,1
orders,1
light,1
proved,1
before,1
pipes,1
elsewhere,1
poets,1
appear,1
bhillam,1
following,1
same,1
bangles,1
n,1
senior,1
germane,1
contemporaries,1
sanskrit,1
source,1
joint,1
vol,1
excellence,1
john,1
need,1
qualification,1
taj,1
deep,1
must,1
age,1
founded,1
identification,1
cutting,1
experience,1
included,1
framework,1
horizontally,1
exploited,1
illustrate,1
comes,1
statement,1
either,1
exacted,1
useful,1
obstacles,1
palace,1
familiarity,1
expertise,1
long,1
every,1
discipline,1
provide,1
commonly,1
successfully,1
river,1
till,1
skill,1
exclusive,1
concerned,1
issuing,1
set,1
care,1
decoration,1
power,1
attempts,1
taken,1
subcontinent,1
chand,1
historians,1
trained,1
death,1
view,1
stands,1
lessons,1
similarly,1
thrust,1
allow,1
extant,1
artistic,1
marshall,1
added,1
taking,1
feature,1
royal,1
nature,1
itihas,1
turn,1
tradition,1
efforts,1
exaggerations,1
based,1
went,1
expose,1
reach,1
onwards,1
seem,1
available,1
coinage,1
skills,1
incorporating,1
leading,1
ubiquitous,1
specially,1
peculiarity,1
uneasy,1
eloquent,1
brick,1
plan,1
undertake,1
half,1
search,1
approach,1
documents,1
typical,1
abstract,1
access,1
regard,1
p,1
mapping,1
allied,1
withdrawal,1
desirable,1
enable,1
scarped,1
studied,1
biographies,1
government,1
incident,1
transferred,1
mason,1
moat,1
located,1
palatial,1
contemporary,1
constant,1
glazed,1
take,1
bin,1
historical,1
hues,1
parallel,1
muhammadan,1
help,1
muhammad,1
copious,1
attained,1
articles,1
serious,1
arch,1
collectively,1
gol,1
type,1
jami,1
ideally,1
forms,1
person,1
barani,1
do,1
v,1
remarkable,1
political,1
cultural,1
equal,1
scholarly,1
covered,1
focused,1
manner,1
technical,1
turkey,1
governors,1
deccani,1
behind,1
devoted,1
studying,1
barbicans,1
purposes,1
carefully,1
dynasty,1
treat,1
population,1
meticulous,1
ad,1
unsuspected,1
see,1
students,1
excellent,1
against,1
placed,1
shape,1
dome,1
presided,1
agricultural,1
rich,1
followed,1
quoted,1
plain,1
interval,1
central,1
novelty,1
networks,1
shahi,1
encased,1
task,1
allahabad,1
iar,1
motion,1
guidelines,1
devagiri,1
free,1
borne,1
provincial,1
impression,1
draw,1
receive,1
great,1
elevation,1
remained,1
sites,1
original,1
specifically,1
chapter,1
sir,1
gardens,1
demonstrated,1
application,1
knife,1
replacement,1
network,1
wheel,1
designation,1
ideal,1
classes,1
understanding,1
overflow,1
revealed,1
activity,1
literature,1
vast,1
art,1
divided,1
fundamental,1
overlying,1
reaching,1
object,1
translated,1
use,1
scope,1
derived,1
burden,1
both,1
little,1
tool,1
universities,1
transplanted,1
virgin,1
range,1
alterations,1
carry,1
preferred,1
poems,1
crossed,1
careful,1
biographers,1
r,1
sides,1
utility,1
dams,1
pass,1
illustrated,1
ready,1
surrounded,1
deposits,1
conceptual,1
part,1
redundant,1
slopes,1
emperor,1
mughal,1
altogether,1
pune,1
example,1
backgrounds,1
merge,1
confined,1
polychrome,1
indigenous,1
canals,1
verification,1
end,1
cleanliness,1
reports,1
description,1
traditional,1
ten,1
lake,1
size,1
entirely,1
whole,1
authenticity,1
maharashtra,1
deserted,1
fit,1
largely,1
palaces,1
millions,1
emphasize,1
encircled,1
hyderabad,1
omnibus,1
issues,1
broad,1
queens,1
qualitative,1
coins,1
people,1
expanded,1
isolated,1
resulting,1
aims,1
reservoirs,1
bharat,1
cluster,1
structures,1
coming,1
neglect,1
claiming,1
lifestyle,1
real,1
engaged,1
courtyards,1
persia,1
forces,1
full,1
away,1
collapse,1
appreciated,1
layers,1
systematic,1
alignments,1
shown,1
stratification,1
involves,1
described,1
recording,1
eventual,1
theme,1
hence,1
facts,1
background,1
status,1
fact,1
received,1
explorations,1
inevitable,1
cambridge,1
clear,1
yellows,1
due,1
sprang,1
assumes,1
sikri,1
author,1
agent,1
imperative,1
cognizance,1
peculiar,1
dozen,1
ability,1
fresh,1
strove,1
drains,1
solution,1
gate,1
times,1
closing,1
sultanates,1
include,1
painting,1
envy,1
destinies,1
caused,1
change,1
presented,1
facet,1
field,1
spatially,1
straitjacket,1
sober,1
realization,1
buildings,1
him,1
submitted,1
things,1
straight,1
topic,1
glass,1
extensively,1
obvious,1
witnessing,1
fusion,1
learning,1
colleagues,1
exercise,1
anyone,1
earlier,1
thing,1
preservation,1
provides,1
drainage,1
approximately,1
taught,1
late,1
preliminary,1
brilliant,1
direction,1
brought,1
roughly,1
intervals,1
glory,1
gets,1
tanks,1
turned,1
soil,1
specific,1
state,1
potential,1
deterrent,1
components,1
between,1
grow,1
farthest,1
channels,1
houses,1
misguide,1
research,1
themselves,1
narrow,1
profuse,1
archival,1
honour,1
left,1
acquire,1
witnessed,1
tended,1
impossible,1
transmission,1
enjoyed,1
fully,1
raised,1
fatehpur,1
up,1
men,1
jaitugi,1
progress,1
element,1
equipment,1
vagaries,1
additions,1
look,1
prime,1
artillery,1
excavator,1
practically,1
introduced,1
ground,1
details,1
correspondence,1
notice,1
tendency,1
traditions,1
beauty,1
famous,1
stone,1
discovering,1
meaningful,1
should,1
building,1
successive,1
subside,1
thought,1
overan,1
influence,1
close,1
firmans,1
unfortunate,1
concomitant,1
convention,1
clusters,1
thorough,1
mandal,1
surprising,1
