WORDCOUNTS,WEIGHT
the,645
of,324
and,231
a,211
in,170
to,145
is,76
as,72
barrow,59
for,58
with,51
this,45
on,45
that,44
burial,43
was,40
prehistoric,36
barrows,36
be,36
at,35
pagan,33
an,33
may,32
are,30
been,27
it,26
or,26
which,26
from,26
by,25
were,22
have,22
evidence,22
place,20
christian,20
has,19
mound,19
later,18
beowulf,18
such,17
his,17
used,17
sites,16
would,16
period,16
they,15
j,15
no,15
pp,15
these,15
supernatural,15
early,15
sources,14
there,14
century,14
fear,14
hundred,13
but,13
past,13
places,13
l,12
landscape,12
their,12
because,12
its,12
he,12
evil,12
practice,12
not,12
associated,12
her,12
guthlac,11
semple,11
mounds,11
shrine,11
both,11
between,11
meeting,11
english,10
i,10
sarah,10
burials,10
r,10
when,10
boundary,10
also,10
where,10
she,10
one,9
england,9
s,9
site,9
archaeology,9
boundaries,9
belief,9
dead,9
cemetery,9
suggests,9
if,8
could,8
m,8
had,8
earth,8
two,8
woman,8
archaeological,8
believed,8
text,8
some,8
long,7
spirits,7
monuments,7
eighth,7
located,7
oxford,7
death,7
execution,7
types,7
world,7
land,7
d,7
association,7
perception,7
medieval,6
represent,6
h,6
vols,6
tradition,6
within,6
activity,6
excavations,6
even,6
square,6
after,6
b,6
university,6
n,6
age,6
suggested,6
late,6
revealed,6
people,6
society,6
female,6
fair,6
home,6
lament,6
use,6
haunted,6
charters,6
hill,6
life,6
then,6
must,6
heathen,6
earthen,6
focus,6
church,5
stone,5
into,5
all,5
nature,5
suggesting,5
context,5
g,5
treasure,5
cambridge,5
fig,5
dragon,5
than,5
out,5
conjectured,5
suggest,5
identified,5
describe,5
thought,5
under,5
ancient,5
light,5
grave,5
discussion,5
sixth,5
ln,5
described,5
significance,5
three,5
tribal,5
other,5
figure,5
ideology,5
who,5
monument,5
bronze,5
over,5
area,5
enclosure,5
casket,5
names,4
shrines,4
alone,4
large,4
studies,4
history,4
certainly,4
seems,4
secondary,4
date,4
linear,4
tenth,4
vol,4
possible,4
cemeteries,4
regarded,4
old,4
demons,4
guildown,4
connected,4
similar,4
support,4
whyman,4
just,4
committee,4
my,4
found,4
p,4
buried,4
appears,4
part,4
continuation,4
folklore,4
sense,4
around,4
several,4
criminals,4
second,4
situation,4
still,4
charm,4
religious,4
interment,4
afterlife,4
end,4
v,4
royal,4
perhaps,4
day,4
demonstrated,4
made,4
function,4
earlier,4
written,4
grendel,4
comes,4
existence,4
demonstrate,4
natural,4
very,4
associations,4
historical,4
living,4
ditch,4
them,4
weoh,4
particular,4
middle,4
through,4
piece,4
recent,4
entities,3
does,3
sussex,3
way,3
functional,3
e,3
live,3
saxon,3
acceptance,3
round,3
first,3
sit,3
anglosaxon,3
darkness,3
words,3
monsters,3
great,3
religion,3
last,3
those,3
ad,3
east,3
right,3
illustrate,3
regarding,3
burghfield,3
de,3
weyhill,3
ins,3
forced,3
ailey,3
elements,3
refer,3
difficulty,3
poem,3
ecclesiastical,3
rather,3
imposed,3
presumably,3
haunt,3
w,3
important,3
appear,3
relating,3
term,3
further,3
applied,3
spiritual,3
dwelling,3
line,3
literature,3
work,3
county,3
irish,3
description,3
tale,3
reynolds,3
riding,3
surrey,3
detailed,3
change,3
next,3
night,3
emerging,3
slonk,3
folk,3
attached,3
elf,3
up,3
therefore,3
territorial,3
practices,3
exile,3
community,3
make,3
surviving,3
indicates,3
stones,3
law,3
many,3
fact,3
shows,3
time,3
churches,3
discussed,3
eg,3
local,3
new,3
significant,3
eleventh,3
features,3
lie,3
imply,3
note,3
centres,3
sometimes,3
criminal,3
remains,3
oxfordshire,3
theme,3
physical,3
set,3
paper,3
different,3
down,3
abbreviations,3
circles,3
list,3
references,3
character,3
saint,3
while,3
antlers,3
information,3
earthwork,3
topographical,3
despite,3
until,3
argument,3
similarity,3
derive,3
specific,3
root,3
c,3
strong,3
final,2
sceattas,2
go,2
superstitious,2
frequent,2
meaning,2
groups,2
market,2
college,2
thrown,2
hillforts,2
stands,2
conversion,2
group,2
winwick,2
pacing,2
word,2
ways,2
walker,2
spirit,2
collection,2
dawning,2
position,2
sited,2
being,2
consistent,2
functioning,2
roman,2
witches,2
ii,2
fenced,2
feeling,2
expectation,2
layout,2
book,2
europe,2
interred,2
hoards,2
wessex,2
loud,2
feature,2
cheshire,2
aesir,2
legend,2
british,2
side,2
takes,2
dr,2
recorded,2
asc,2
bibliography,2
woden,2
occurring,2
x,2
laws,2
monastic,2
abode,2
human,2
includes,2
against,2
magic,2
burh,2
cases,2
back,2
slave,2
suitable,2
drives,2
obscure,2
journal,2
summer,2
phases,2
seventh,2
recognized,2
identification,2
camp,2
purely,2
how,2
edward,2
reference,2
depicts,2
importance,2
study,2
tree,2
dykes,2
bcs,2
methuen,2
category,2
etymological,2
organization,2
dated,2
clearly,2
fortifications,2
whiting,2
show,2
commonly,2
terminology,2
inhabited,2
icelandic,2
wiltshire,2
theft,2
location,2
called,2
boydell,2
attack,2
ripon,2
beorg,2
understood,2
excellent,2
scale,2
grounds,2
gods,2
aspects,2
well,2
bampton,2
having,2
artefacts,2
overlying,2
drakelow,2
dugout,2
london,2
loss,2
demonstrates,2
contains,2
popular,2
reflect,2
surrounding,2
hampshire,2
sutton,2
showing,2
status,2
assembly,2
t,2
annotated,2
good,2
enclosures,2
thirteenth,2
dangerous,2
settlement,2
family,2
dwell,2
executed,2
oe,2
ancestors,2
ofer,2
describes,2
using,2
estates,2
ghost,2
finds,2
am,2
tormented,2
f,2
confined,2
attempts,2
indicative,2
indeed,2
hide,2
limited,2
return,2
above,2
single,2
about,2
chronicle,2
hos,2
perceived,2
enigmatic,2
same,2
heathenism,2
noted,2
only,2
lavish,2
wansdyke,2
more,2
name,2
swallowcliffe,2
towards,2
hollow,2
goblin,2
beliefs,2
choice,2
gray,2
forms,2
took,2
hand,2
do,2
road,2
establish,2
gives,2
griffiths,2
another,2
original,2
understanding,2
wretched,2
region,2
translation,2
hillfort,2
worship,2
yorkshire,2
cutteslowe,2
markers,2
berkshire,2
language,2
co,2
individual,2
depiction,2
brewer,2
administrative,2
came,2
k,2
become,2
can,2
oak,2
story,2
division,2
compendium,2
topography,2
continued,2
provide,2
suggestive,2
inside,2
referred,2
strongly,2
indicate,2
why,2
often,2
mother,2
creatures,2
centuries,2
lowther,2
beasts,2
earliest,2
small,2
beast,2
material,2
mentioned,2
pace,2
known,2
implied,2
symbol,2
blair,2
connection,2
did,2
half,2
elves,2
report,2
particularly,2
goods,2
placing,2
type,2
terrible,2
growing,2
hall,2
unique,2
spatial,2
terms,2
form,2
monastery,2
monster,2
contain,2
poems,2
pain,2
press,2
bradley,2
coming,2
shown,2
finally,2
wish,2
although,2
weep,2
product,2
chambered,2
damned,2
texts,2
fears,2
characters,2
documentary,2
cartularium,2
much,2
showed,2
hearh,2
bagger,1
waited,1
given,1
now,1
jury,1
possessed,1
beorh,1
o,1
struggle,1
sind,1
limits,1
brooch,1
hags,1
behavioural,1
common,1
fortified,1
stylistic,1
cent,1
himself,1
corruption,1
till,1
robberies,1
hiaw,1
extend,1
resided,1
adoption,1
eliminated,1
flexed,1
bidden,1
manuscript,1
unsanctified,1
per,1
linguistic,1
passing,1
ealdan,1
becoming,1
burton,1
perpetuate,1
identify,1
referring,1
formed,1
leofe,1
repel,1
confines,1
units,1
true,1
eorpan,1
sudden,1
jonathan,1
earthly,1
candidate,1
incidentally,1
dressing,1
greater,1
trace,1
pantheon,1
excavation,1
necessarily,1
presents,1
title,1
occurred,1
stan,1
variants,1
lacunga,1
stretches,1
before,1
grinsell,1
monasticism,1
communicating,1
nineteenth,1
descriptions,1
source,1
edge,1
shuck,1
fearful,1
themes,1
chooses,1
lairs,1
oxi,1
anthropogenic,1
sixthto,1
either,1
bed,1
burner,1
barriers,1
concur,1
garmonsway,1
distinguishing,1
buc,1
rosenkilde,1
neolithic,1
phillimore,1
give,1
runic,1
scucca,1
tumulus,1
summerlong,1
yoe,1
penitential,1
departure,1
definition,1
undertake,1
portrayal,1
follows,1
able,1
shuckburgh,1
link,1
thanks,1
vikings,1
begun,1
take,1
real,1
alignment,1
subsequent,1
creator,1
boe,1
state,1
raised,1
reserved,1
signs,1
dissolved,1
papers,1
lindsey,1
wortcunning,1
distress,1
similarities,1
system,1
crystal,1
hell,1
forthcoming,1
eastern,1
albeit,1
bengston,1
walks,1
task,1
transliteration,1
advice,1
sought,1
politicized,1
u,1
masked,1
killed,1
march,1
outlaw,1
account,1
felt,1
prior,1
magnificent,1
implies,1
authentic,1
reaction,1
powers,1
alter,1
move,1
vital,1
west,1
henge,1
taking,1
smooth,1
point,1
say,1
reflecting,1
far,1
dwelt,1
reindeer,1
representing,1
enter,1
metcalf,1
ritual,1
brk,1
identifies,1
worcestershire,1
fragment,1
warfare,1
tied,1
paganism,1
singled,1
waran,1
hmew,1
interments,1
central,1
andrew,1
accessible,1
throughout,1
ith,1
hiawen,1
wold,1
run,1
consumed,1
aescesbury,1
helen,1
curse,1
wrath,1
aelfric,1
ray,1
ess,1
application,1
unwillingness,1
metalwork,1
emerges,1
learning,1
kind,1
aligned,1
resting,1
distinct,1
speculative,1
maxims,1
keep,1
perspective,1
hlwwe,1
concerning,1
wayside,1
blewbury,1
convincing,1
profound,1
adjectives,1
young,1
served,1
burghclere,1
wont,1
lifgende,1
clarity,1
selkley,1
demonization,1
find,1
churchyard,1
saucer,1
dares,1
decapitated,1
drawn,1
voliii,1
deceased,1
communication,1
look,1
constructs,1
dear,1
demonstration,1
loneliness,1
guard,1
terror,1
general,1
pronounced,1
thesaurus,1
wykeham,1
walls,1
longing,1
hoga,1
interesting,1
fort,1
profoundly,1
ridan,1
whose,1
essential,1
likeness,1
riddles,1
norse,1
without,1
wodnes,1
starcraft,1
requite,1
portrayed,1
wanting,1
developed,1
db,1
remain,1
sort,1
joan,1
stf,1
coastal,1
derbyshire,1
represented,1
laity,1
goes,1
christianization,1
stout,1
certain,1
crowland,1
hicew,1
parts,1
wapentake,1
siting,1
hardships,1
produced,1
wor,1
animals,1
howe,1
pleasures,1
webster,1
soul,1
mrs,1
injury,1
perceptions,1
lin,1
possibly,1
objects,1
walkington,1
yon,1
literary,1
slowly,1
comers,1
sick,1
wrongdoers,1
house,1
argued,1
frequently,1
suffolk,1
most,1
origins,1
encouragement,1
definite,1
hoard,1
intentional,1
eorp,1
imprisonment,1
fairies,1
shucklow,1
testify,1
dug,1
stith,1
view,1
hkcew,1
commanded,1
chester,1
friends,1
whereas,1
descriptive,1
headland,1
opening,1
doers,1
incomplete,1
antiquaries,1
arrival,1
route,1
hearg,1
entered,1
entering,1
aitchison,1
search,1
joy,1
socheberge,1
format,1
ertae,1
relate,1
centrally,1
mythical,1
drb,1
viking,1
poetry,1
markets,1
punishment,1
david,1
furthermore,1
founder,1
equal,1
focused,1
silence,1
keywords,1
recently,1
symbols,1
reinforce,1
meet,1
wealth,1
singly,1
judicial,1
required,1
decapitation,1
near,1
scene,1
wigber,1
acknowledgements,1
influenced,1
christianity,1
future,1
relief,1
hlude,1
aflfric,1
nameless,1
oxf,1
already,1
leger,1
carry,1
concept,1
prominent,1
occupants,1
hereditary,1
purpose,1
knowledge,1
symbolism,1
related,1
confirms,1
weardiaa,1
whole,1
year,1
roll,1
sorrow,1
felix,1
island,1
consistently,1
during,1
horn,1
partly,1
collective,1
actually,1
structures,1
eyre,1
et,1
call,1
personal,1
fastness,1
legislation,1
southworth,1
anglia,1
exorcism,1
dwarves,1
alan,1
interpreted,1
celebrations,1
currents,1
nfk,1
tolerance,1
cults,1
absorb,1
norfolk,1
hut,1
whilst,1
excavated,1
least,1
habitations,1
christianized,1
giant,1
caused,1
level,1
sharper,1
cruel,1
ravager,1
ego,1
ambassador,1
wished,1
dictionary,1
practising,1
please,1
contrast,1
emphasizes,1
sharp,1
quite,1
brugge,1
decay,1
ignore,1
migration,1
feelings,1
revealing,1
horrible,1
sorrows,1
presence,1
newcomers,1
signposts,1
shadows,1
limbo,1
telling,1
impossible,1
tiberius,1
trubner,1
clever,1
always,1
crux,1
bursting,1
visible,1
tracks,1
cosmology,1
sheriff,1
roots,1
notes,1
grateful,1
provided,1
lincoln,1
inhabiting,1
haunting,1
ninth,1
miserable,1
massive,1
ahy,1
seemed,1
comm,1
void,1
portion,1
battle,1
fasting,1
led,1
underground,1
sons,1
inhabit,1
exeter,1
matter,1
attributable,1
noble,1
sanctity,1
clods,1
short,1
essex,1
dragons,1
again,1
wait,1
horrors,1
forward,1
lamentation,1
piggott,1
terrified,1
reorganization,1
cared,1
positioned,1
dissuade,1
dread,1
bill,1
skyum,1
hold,1
selection,1
authenticity,1
vicinity,1
hoe,1
once,1
forts,1
crug,1
criticism,1
dwells,1
yet,1
antiquarian,1
museum,1
franks,1
opportunities,1
prof,1
gloom,1
pendant,1
builds,1
hkew,1
message,1
continuity,1
den,1
chronology,1
domesday,1
bogan,1
thesis,1
workmanship,1
rode,1
assimilation,1
included,1
torments,1
publishing,1
culture,1
lord,1
ethnographic,1
ed,1
al,1
buckinghamshire,1
largest,1
appeals,1
whitelock,1
begins,1
hadrian,1
assimilated,1
awe,1
useful,1
chose,1
volume,1
inhabitants,1
starting,1
fire,1
midland,1
cannings,1
paul,1
heritage,1
onwards,1
ride,1
stated,1
impostor,1
fell,1
swims,1
bisected,1
put,1
towns,1
decorative,1
motifs,1
emotions,1
communal,1
longer,1
canny,1
endless,1
temples,1
clarendon,1
orion,1
documents,1
abstract,1
reachable,1
chadwick,1
break,1
incorporation,1
john,1
hmp,1
doubt,1
ielfric,1
fashion,1
man,1
triumphs,1
fragments,1
selects,1
germanic,1
men,1
ages,1
behind,1
drinking,1
frynd,1
ground,1
manner,1
continuing,1
existing,1
ch,1
see,1
delusive,1
dales,1
dance,1
nolds,1
deep,1
invitation,1
charter,1
preparation,1
books,1
governance,1
routledge,1
widespread,1
lurk,1
reflected,1
wood,1
idolatry,1
knoll,1
fight,1
despatches,1
investment,1
dimensions,1
ssx,1
own,1
discovery,1
doomed,1
upon,1
sides,1
writings,1
including,1
ekwall,1
nyorks,1
aa,1
warrior,1
herself,1
skeletal,1
encouraged,1
imbued,1
waste,1
persisted,1
decreed,1
refers,1
began,1
mst,1
sequence,1
submitted,1
outcasts,1
gazetteer,1
kingdom,1
radiocarbon,1
unholy,1
raising,1
previous,1
ratified,1
epic,1
shelter,1
roberts,1
ties,1
low,1
open,1
clear,1
discovered,1
royalty,1
bdf,1
agreement,1
definitely,1
decorated,1
ireland,1
times,1
allowed,1
evening,1
belongs,1
so,1
bromley,1
him,1
serves,1
distinction,1
gliding,1
probable,1
poetic,1
hlmw,1
provides,1
reuse,1
imagination,1
never,1
undefended,1
sentiment,1
labour,1
imaginative,1
parallel,1
arise,1
confinement,1
relation,1
thacker,1
suffers,1
respectively,1
britain,1
lns,1
lobb,1
wulfstan,1
heighten,1
axe,1
construction,1
structure,1
allcroft,1
morris,1
macmillan,1
invented,1
occupied,1
wlt,1
la,1
inhumation,1
negative,1
widely,1
motif,1
decision,1
haunts,1
farm,1
enfolded,1
things,1
indication,1
dawn,1
alters,1
committed,1
colgrave,1
circle,1
friendless,1
lovers,1
raise,1
trading,1
denton,1
outsiders,1
husband,1
prose,1
tm,1
pieces,1
begin,1
grim,1
attitude,1
order,1
leslie,1
ordinary,1
dec,1
becomes,1
mood,1
success,1
accepted,1
seen,1
trolls,1
landmarks,1
bequeaths,1
tragedy,1
properties,1
try,1
length,1
remembrance,1
bows,1
antiquity,1
bastioned,1
scuccan,1
analysis,1
unsurprising,1
existed,1
hope,1
chamber,1
table,1
composed,1
wou,1
grievously,1
heathens,1
armagh,1
dent,1
commenting,1
outcast,1
uffington,1
nielsen,1
detail,1
contained,1
deposited,1
swallowed,1
fifteen,1
hrothgar,1
dracan,1
hanging,1
series,1
exemplified,1
version,1
shoreham,1
complexes,1
wear,1
yatesbury,1
hypothesized,1
homicides,1
numismatic,1
northumbrian,1
temple,1
wicked,1
equipment,1
encoded,1
abbots,1
hoo,1
drake,1
know,1
thicket,1
introducing,1
dare,1
country,1
bedfordshire,1
prototypes,1
tomb,1
lying,1
fairs,1
incorporating,1
unknown,1
lincolnshire,1
ph,1
argue,1
universal,1
regard,1
speech,1
eventually,1
foundation,1
linked,1
infer,1
number,1
pit,1
tracts,1
distinctive,1
passage,1
pathological,1
overgrown,1
beginning,1
weapons,1
warnings,1
staffordshire,1
unlikely,1
ruins,1
what,1
proceedings,1
investigation,1
transmitted,1
selected,1
making,1
batsford,1
che,1
anglian,1
attitudes,1
seasonal,1
loved,1
greedy,1
minster,1
pers,1
hliw,1
hundreds,1
danish,1
art,1
translated,1
st,1
fulfilment,1
presented,1
trees,1
careful,1
ancestral,1
sculpture,1
superstition,1
rumble,1
strangers,1
impressing,1
hy,1
subject,1
thunderlow,1
intended,1
sitting,1
territory,1
burgtunas,1
cruelly,1
contribute,1
dw,1
mention,1
writing,1
despised,1
legitimization,1
pair,1
woodcott,1
come,1
named,1
laments,1
survival,1
drafts,1
difference,1
reveals,1
referenced,1
initiated,1
finding,1
camps,1
numerous,1
opens,1
trauma,1
explanation,1
parallels,1
insight,1
include,1
need,1
green,1
sur,1
smaller,1
states,1
writer,1
niels,1
attributes,1
defined,1
seeks,1
fen,1
speak,1
charles,1
thief,1
vessel,1
weran,1
inhumations,1
apart,1
removed,1
henges,1
wenslow,1
distinctions,1
rest,1
hills,1
sits,1
valuable,1
bounds,1
substantial,1
little,1
divergent,1
traditional,1
pone,1
earthworks,1
among,1
seek,1
comparable,1
north,1
concise,1
abed,1
arnold,1
lxii,1
building,1
bump,1
ca,1
built,1
delayed,1
jealous,1
mistaken,1
customs,1
vividly,1
treading,1
