WORDCOUNTS,WEIGHT
the,259
and,182
of,170
in,142
a,95
to,68
pomegranate,54
c,49
bronze,45
as,45
age,40
is,36
with,36
from,33
bce,29
late,27
at,26
its,26
mediterranean,25
or,23
tomb,22
elite,22
are,21
pomegranates,21
for,20
on,19
by,18
fruit,18
egypt,18
m,17
ivory,16
eastern,16
an,16
h,15
j,15
et,15
cyprus,14
residence,14
pp,14
luxury,14
i,14
shipwreck,14
seeds,14
uluburun,13
ancient,12
al,12
that,12
remains,12
it,11
fruits,11
goods,11
tell,11
vol,11
israel,11
glass,11
be,11
early,11
finds,11
more,10
dyn,10
tombs,10
trade,10
de,10
immerwahr,10
n,9
most,9
also,9
p,9
iron,9
pl,9
r,9
press,9
during,9
british,9
plant,9
archaeology,9
than,9
materials,8
museum,8
their,8
university,8
contexts,8
s,8
botanical,8
artefacts,8
e,8
probably,8
millennium,8
greece,8
evidence,8
gold,8
lba,7
studies,7
was,7
but,7
rods,7
syria,7
some,7
through,7
food,7
cheryl,7
rod,7
ward,7
aegean,7
d,7
world,7
not,6
crete,6
finial,6
two,6
g,6
symbolic,6
my,6
other,6
found,6
unspecified,6
near,6
egyptian,6
finials,6
clear,6
f,6
new,6
mesopotamia,6
ship,6
excavations,6
journal,6
tel,5
b,5
tree,5
about,5
du,5
temple,5
paul,5
der,5
ii,5
all,5
cultures,5
cultivated,5
international,5
associations,5
fragments,5
institute,5
vase,5
sites,5
used,5
turkey,5
both,5
part,5
archaeological,5
this,5
have,5
century,5
association,5
old,5
pulak,5
entire,5
may,4
second,4
common,4
economic,4
cent,4
kw,4
per,4
la,4
one,4
juice,4
l,4
included,4
source,4
les,4
roman,4
cargo,4
ceramic,4
has,4
flowers,4
head,4
greek,4
end,4
while,4
syrian,4
there,4
those,4
where,4
archaeobotanical,4
context,4
cypriot,4
east,4
nautical,4
status,4
such,4
well,4
calyx,4
use,4
campaign,4
first,4
which,4
were,4
wild,4
representations,4
biblical,4
like,4
maritime,4
trading,4
plants,4
items,4
hopf,4
fig,4
presence,4
can,4
these,4
luxuries,4
dish,3
table,3
whose,3
van,3
important,3
his,3
opium,3
later,3
figure,3
meaning,3
red,3
earlier,3
they,3
american,3
life,3
examine,3
communities,3
v,3
skin,3
k,3
faience,3
show,3
sherratt,3
known,3
palace,3
death,3
over,3
organic,3
iconography,3
many,3
foods,3
mons,3
access,3
classical,3
burial,3
forms,3
them,3
because,3
suggests,3
charred,3
middle,3
west,3
along,3
recovery,3
ulu,3
fourteenth,3
least,3
complex,3
date,3
oxford,3
slightly,3
northern,3
recent,3
final,2
portion,2
iran,2
ugaritica,2
today,2
silver,2
continued,2
if,2
tufnell,2
thutmose,2
imported,2
expansion,2
five,2
centre,2
dynasty,2
shrub,2
who,2
represented,2
opportunity,2
granatum,2
introduction,2
make,2
millennia,2
certain,2
group,2
residences,2
leaves,2
discoveries,2
motifs,2
school,2
centuries,2
votives,2
permission,2
itself,2
modern,2
earliest,2
den,2
considered,2
objects,2
enkomi,2
kolyva,2
excavation,2
associated,2
material,2
growing,2
ineni,2
series,2
orientale,2
w,2
tutankhamen,2
reports,2
alten,2
painting,2
long,2
every,2
corning,2
journey,2
amenhotep,2
providing,2
might,2
season,2
addition,2
raw,2
closely,2
rinds,2
exploration,2
seem,2
europe,2
wooden,2
areas,2
route,2
similar,2
clarendon,2
half,2
condiments,2
harden,2
exotic,2
seven,2
loret,2
link,2
farming,2
products,2
almost,2
u,2
documents,2
murray,2
traced,2
el,2
religious,2
whether,2
unclear,2
domestication,2
symbols,2
form,2
less,2
until,2
sweetened,2
aux,2
edinburgh,2
perhaps,2
bass,2
levant,2
guenther,2
cambridge,2
grave,2
her,2
etudes,2
number,2
prestige,2
identifiable,2
aspects,2
claudianus,2
flavonoids,2
von,2
contain,2
investment,2
jewelry,2
finished,2
examples,2
prior,2
muthmann,2
eighteenth,2
active,2
desert,2
region,2
supply,2
wedding,2
looking,2
related,2
role,2
identifies,2
rather,2
palestine,2
discussion,2
demonstrates,2
decouvertes,2
survey,2
gjerstad,2
human,2
zohary,2
rare,2
della,2
kingdom,2
come,2
ceremonies,2
ras,2
origins,2
mission,2
dating,2
elongated,2
mb,2
civiltd,2
development,2
zoroastrian,2
incense,2
redistribution,2
numerous,2
t,2
regions,2
relatively,2
include,2
although,2
bone,2
consumption,2
spread,2
davies,2
parallels,2
box,2
le,2
after,2
exchange,2
cultic,2
small,2
flora,2
artzy,2
tutankhamun,2
vessel,2
potential,2
consumable,2
components,2
elaborate,2
eighth,2
research,2
levantine,2
institut,2
point,2
site,2
lipschitz,2
relatives,2
rind,2
nami,2
shamra,2
jericho,2
texts,2
seed,2
occur,2
jordan,2
even,2
present,2
traditional,2
images,2
grain,2
skins,2
arils,2
appropriate,2
should,2
anon,2
desiccated,2
customs,2
aboard,2
kenyon,2
schaeffer,2
sa,1
increasing,1
pyxis,1
uyugulamali,1
unexpected,1
attested,1
south,1
courtier,1
seems,1
imports,1
will,1
inlays,1
permits,1
does,1
outlets,1
sixteenth,1
town,1
now,1
originally,1
online,1
fruitl,1
via,1
decoration,1
currently,1
larsen,1
produces,1
appropriation,1
medicinal,1
americans,1
pendant,1
abundance,1
asure,1
absorbing,1
flower,1
exotics,1
frequent,1
note,1
astringent,1
bride,1
no,1
maxfield,1
edizioni,1
samples,1
ina,1
way,1
george,1
true,1
dioscorides,1
individuals,1
sesame,1
absolve,1
usually,1
cedar,1
france,1
boyama,1
across,1
short,1
testing,1
boiled,1
cargoes,1
aris,1
commitment,1
foster,1
fermented,1
ancien,1
courtois,1
frangais,1
daniel,1
en,1
dentate,1
uzendoski,1
inside,1
led,1
expedition,1
account,1
levels,1
classified,1
fleshy,1
indicated,1
thrown,1
coastal,1
prehistoric,1
presses,1
fosse,1
eliteoriented,1
referred,1
tropical,1
lapithos,1
circumstantial,1
ills,1
flavouring,1
tin,1
brilliant,1
ultimate,1
uber,1
anther,1
fouilles,1
rim,1
kroll,1
unavailable,1
string,1
subconscious,1
twigs,1
evans,1
wines,1
highstatus,1
linguistic,1
ucko,1
contribution,1
case,1
hmso,1
studien,1
leathery,1
village,1
originated,1
study,1
movement,1
raisins,1
center,1
large,1
rites,1
direct,1
austen,1
parts,1
tan,1
inhabited,1
represents,1
tends,1
tombes,1
sanctuary,1
often,1
produced,1
mourners,1
zeit,1
elaborated,1
analysis,1
poppy,1
pounded,1
tend,1
percentage,1
fragment,1
bouquet,1
sip,1
fully,1
boyalarla,1
been,1
decorative,1
formed,1
chamber,1
space,1
abundant,1
breasts,1
dead,1
loaded,1
precious,1
produzione,1
pomegranatetopped,1
types,1
packing,1
martin,1
thought,1
situation,1
astroms,1
recherches,1
basal,1
towards,1
read,1
bwe,1
results,1
sceptre,1
hepper,1
paralleled,1
day,1
usa,1
ramadan,1
caspian,1
pharaonique,1
satisfied,1
array,1
exchanged,1
technology,1
sephardic,1
continuity,1
exposure,1
consider,1
trace,1
vakfi,1
palaces,1
us,1
fast,1
temperate,1
fertility,1
established,1
classify,1
familiar,1
mainland,1
regularly,1
carlsberg,1
share,1
chypre,1
yellow,1
stonemasons,1
cassell,1
storage,1
berry,1
inscribed,1
fifteen,1
interim,1
linked,1
jews,1
light,1
before,1
cultivars,1
culture,1
workers,1
memoires,1
finely,1
lord,1
nineteenth,1
imitation,1
activity,1
dominate,1
morocco,1
tannin,1
amarna,1
tortoise,1
dishes,1
hjelmqvist,1
michael,1
incised,1
thanheiser,1
bark,1
hieroglyphiques,1
ornamental,1
practices,1
wartime,1
themes,1
austrian,1
memorial,1
carapaces,1
dye,1
anti,1
extensive,1
lachish,1
epidermal,1
delta,1
rl,1
round,1
being,1
demarcation,1
fitted,1
catalogue,1
appears,1
extension,1
bush,1
strata,1
occupying,1
ostentation,1
sometimes,1
indicate,1
precise,1
beyond,1
kislev,1
thousand,1
derby,1
anatolian,1
wallerstein,1
knapp,1
love,1
hyksos,1
dwarf,1
shapes,1
dans,1
burner,1
levi,1
davis,1
oil,1
nile,1
pink,1
few,1
walled,1
nineveh,1
painted,1
support,1
symbol,1
ackerbau,1
sultan,1
festos,1
production,1
fifteenth,1
aspect,1
westward,1
labour,1
minerals,1
specimens,1
belief,1
lusted,1
capsules,1
comparison,1
nouvelles,1
business,1
beads,1
groom,1
obs,1
antecedents,1
mark,1
cartwright,1
suggested,1
jewellery,1
keimer,1
systems,1
branches,1
approaching,1
appear,1
body,1
riis,1
deserves,1
dogal,1
yiin,1
bern,1
contextual,1
identified,1
qualities,1
bogaard,1
cordial,1
schubert,1
glimpsed,1
ei,1
greater,1
boulay,1
nature,1
traffic,1
grow,1
uses,1
efforts,1
crops,1
containing,1
engaged,1
mycenaen,1
expanding,1
oblong,1
flore,1
pharaoh,1
agricola,1
consideration,1
hollow,1
newly,1
pullen,1
brightly,1
fecundity,1
conduct,1
best,1
carter,1
sporadically,1
appearance,1
medicine,1
carrying,1
daily,1
own,1
borders,1
wedded,1
genus,1
michal,1
pulp,1
wall,1
effect,1
egger,1
abstract,1
surprisingly,1
comfortable,1
treatments,1
report,1
academy,1
coloured,1
analyses,1
rich,1
iii,1
teeth,1
conspicuous,1
particularly,1
hippopotamus,1
hala,1
larger,1
treasures,1
necklace,1
cure,1
clearly,1
woodworkers,1
process,1
personal,1
curiosity,1
lebens,1
onto,1
very,1
state,1
collared,1
mecquenem,1
benefit,1
diet,1
jennifer,1
buchholz,1
pflanzenresten,1
planted,1
eat,1
pattern,1
stomach,1
inland,1
cemal,1
feature,1
moderatus,1
quarry,1
rural,1
just,1
moderately,1
reprint,1
extracting,1
men,1
places,1
academic,1
behind,1
accurately,1
fits,1
further,1
stand,1
believed,1
fourth,1
do,1
origini,1
blooming,1
william,1
remarkable,1
political,1
shall,1
acknowledgements,1
aromatic,1
third,1
buried,1
somewhat,1
what,1
sinai,1
heads,1
economy,1
palaeobotany,1
suppleness,1
keywords,1
investigation,1
links,1
barriers,1
phaidon,1
unique,1
cooking,1
list,1
see,1
pins,1
ernest,1
references,1
favourite,1
camels,1
america,1
storerooms,1
wealth,1
origin,1
record,1
civilized,1
vitamin,1
deep,1
aviv,1
administration,1
devolving,1
burbara,1
core,1
ltd,1
nourishing,1
time,1
required,1
ripe,1
mace,1
greeting,1
ayios,1
welt,1
drafts,1
controversy,1
rhodes,1
routledge,1
wide,1
alle,1
punica,1
going,1
rome,1
primarily,1
out,1
periphery,1
sir,1
weeds,1
agriculture,1
discuss,1
floats,1
shape,1
tangy,1
produce,1
textual,1
figs,1
shine,1
voice,1
directly,1
thousands,1
egyptians,1
keeping,1
properties,1
agyptologische,1
stamen,1
capable,1
recommended,1
possible,1
thirteenth,1
gartenpflanzen,1
attest,1
hue,1
fl,1
substantial,1
hoshanah,1
exclusively,1
destinations,1
peoples,1
fourteen,1
des,1
sweetest,1
bc,1
popular,1
throw,1
raft,1
intent,1
interdisziplinaere,1
residents,1
burun,1
materia,1
orientalising,1
made,1
researchers,1
rubbing,1
rosh,1
egitim,1
palestinian,1
outline,1
consumers,1
highto,1
upon,1
level,1
pls,1
writers,1
trees,1
crowned,1
nine,1
decouverts,1
preserved,1
periods,1
gifts,1
medical,1
goldstein,1
babylonian,1
brought,1
reported,1
colloquia,1
mycenaean,1
herbal,1
borne,1
far,1
introduced,1
petals,1
establishment,1
example,1
resources,1
conception,1
swedish,1
oriente,1
parsees,1
department,1
object,1
exploring,1
swollen,1
die,1
ebla,1
europeans,1
enclosing,1
ritual,1
ten,1
bowl,1
perfumery,1
krater,1
cremation,1
anonymous,1
overview,1
q,1
exploitation,1
leventis,1
focus,1
celebrants,1
illustrate,1
sinking,1
francis,1
sampled,1
scepters,1
garden,1
contains,1
beginnings,1
lower,1
tons,1
representation,1
li,1
macmillan,1
enzyme,1
merrillees,1
vases,1
fruiting,1
jar,1
build,1
columella,1
fondation,1
vermifuge,1
thus,1
courtyards,1
spices,1
bar,1
continue,1
examination,1
prepared,1
cinnamon,1
olms,1
throughout,1
leroux,1
mold,1
materiali,1
review,1
however,1
pinnock,1
actual,1
we,1
cemeteries,1
appreciated,1
ultimately,1
turin,1
nutritional,1
described,1
carefully,1
sediments,1
gratitude,1
stamens,1
only,1
cosmopolitan,1
antibacterial,1
karnak,1
shrine,1
open,1
elephant,1
lands,1
run,1
surrounded,1
intensified,1
zaccagnini,1
trends,1
inhibition,1
peltenberg,1
sciences,1
tables,1
christian,1
florida,1
errors,1
peripheral,1
obtaining,1
aus,1
emperors,1
relevance,1
bodily,1
tigris,1
maintenance,1
atop,1
base,1
staple,1
amounts,1
popularly,1
change,1
characteristic,1
haldane,1
ability,1
tokens,1
issn,1
pin,1
contributed,1
phillips,1
excavated,1
im,1
ostrich,1
raises,1
grown,1
shaft,1
dynastischer,1
powerful,1
southern,1
reviewers,1
untersuchungen,1
xxvi,1
hard,1
archiologischer,1
smaller,1
suggest,1
universitaires,1
features,1
high,1
ceremonial,1
thoughtful,1
karageorghis,1
privilege,1
thank,1
view,1
tabulated,1
crafted,1
mountain,1
administrative,1
defined,1
urbana,1
vitamins,1
reaches,1
black,1
walnuts,1
remembering,1
allowances,1
provides,1
antioxidant,1
night,1
did,1
different,1
ugarit,1
cimetieres,1
family,1
ships,1
stored,1
summary,1
times,1
dried,1
eicosanoid,1
document,1
portrait,1
suggesting,1
ages,1
nicholson,1
tiryns,1
graves,1
sufficient,1
grams,1
terrestrial,1
charles,1
written,1
exemplifies,1
article,1
shipwrecked,1
routes,1
between,1
leather,1
junius,1
mitanni,1
nineteen,1
six,1
normal,1
difficulty,1
agency,1
output,1
themselves,1
fire,1
broadening,1
reference,1
workshops,1
assessing,1
texas,1
charged,1
acquire,1
chicago,1
abounds,1
cline,1
coast,1
fruitshaped,1
dedicated,1
find,1
sharing,1
henry,1
grains,1
when,1
receipt,1
up,1
including,1
propagated,1
st,1
valley,1
majority,1
sin,1
interaction,1
assemblages,1
francais,1
souls,1
canaanite,1
tentatively,1
ergebnisse,1
kulturpflanzen,1
apparently,1
offers,1
y,1
taylor,1
language,1
north,1
exchanges,1
either,1
decline,1
stone,1
so,1
value,1
provided,1
pulses,1
condizioni,1
conference,1
ca,1
built,1
sailing,1
influence,1
directional,1
triangular,1
animals,1
ninth,1
close,1
height,1
songs,1
paste,1
species,1
tube,1
content,1
product,1
separate,1
medica,1
operating,1
tennessee,1
thorough,1
societies,1
