WORDCOUNTS,WEIGHT
the,515
of,399
and,229
in,141
to,100
for,89
a,62
on,60
from,52
as,50
is,49
mt,48
social,46
distribution,44
by,44
with,43
this,41
william,41
that,39
australia,36
kulin,36
are,31
stone,30
greenstone,30
or,29
be,29
evidence,28
was,27
fig,25
artefacts,25
it,24
its,24
exchange,24
may,23
so,23
not,23
these,22
quarries,22
quarry,21
areas,21
those,20
australian,20
have,20
at,19
their,19
also,19
between,19
which,18
such,17
his,17
people,17
aboriginal,17
but,16
they,15
one,15
mcbryde,15
archaeological,15
production,14
i,14
some,14
site,14
had,14
men,14
victoria,14
tribes,14
central,13
we,13
languages,13
were,13
an,13
group,12
related,12
he,12
other,12
language,12
mining,12
goods,12
linguistic,11
use,11
there,11
recorded,11
no,11
well,11
isabel,11
when,11
billibellary,11
over,11
clan,11
groups,10
resources,10
aspects,10
more,10
man,10
university,10
both,10
into,9
relationships,9
distinct,9
aborigines,9
n,9
resource,9
artefact,9
south,9
kurnai,9
ceremonial,9
area,9
lower,8
murray,8
political,8
west,8
marriage,8
certain,8
documented,8
units,8
many,8
where,8
see,8
material,8
figure,8
woiwurrung,8
while,8
c,8
major,8
western,7
first,7
all,7
within,7
century,7
even,7
than,7
geelong,7
rights,7
record,7
organisation,7
important,7
could,7
sites,7
archaeology,7
boundaries,7
value,7
curves,7
economic,7
located,7
barak,7
ethnographic,7
new,7
distributions,7
arrays,7
distance,7
meetings,7
ceremonies,7
would,7
do,7
relevant,7
then,7
them,7
now,6
if,6
correlations,6
e,6
large,6
complex,6
studies,6
long,6
certainly,6
great,6
howitt,6
old,6
most,6
p,6
outcrops,6
networks,6
near,6
used,6
records,6
oceania,6
up,6
vols,6
direction,6
yet,6
high,6
clans,6
me,6
anthropological,6
slope,6
national,6
d,6
you,6
o,5
ningulabul,5
speakers,5
nineteenth,5
said,5
g,5
sample,5
nor,5
hatchet,5
whose,5
river,5
w,5
beyond,5
isolation,5
raw,5
came,5
societies,5
ethnohistorical,5
cannot,5
however,5
gave,5
working,5
involved,5
research,5
provided,5
activities,5
will,5
about,5
interpretation,5
pp,5
two,5
available,5
rock,5
local,5
questions,5
processes,5
ties,5
feet,5
quarrying,5
who,5
any,5
has,5
tomahawk,5
historical,5
spatial,5
territory,5
locations,5
per,4
source,4
contexts,4
location,4
s,4
studied,4
context,4
eastern,4
determined,4
quality,4
x,4
along,4
young,4
links,4
across,4
various,4
study,4
distant,4
metres,4
care,4
my,4
further,4
rm,4
preparation,4
flaking,4
published,4
hard,4
decay,4
highly,4
am,4
society,4
ridge,4
materials,4
indicates,4
movement,4
southern,4
rules,4
us,4
initiation,4
culture,4
only,4
time,4
john,4
took,4
deep,4
understanding,4
survey,4
him,4
tribal,4
features,4
valued,4
contact,4
berrambool,4
northern,4
suggest,4
been,4
impressive,4
maps,4
seen,4
often,4
aw,4
anvil,4
must,4
here,4
each,4
country,4
paper,4
seem,4
terms,4
map,4
transactions,4
extent,4
otway,4
size,4
pits,4
given,4
press,4
territories,4
does,3
cent,3
uplands,3
royal,3
history,3
presents,3
altman,3
test,3
j,3
together,3
take,3
last,3
existence,3
east,3
activity,3
say,3
owners,3
against,3
neighbours,3
relations,3
propositions,3
influence,3
without,3
rather,3
similar,3
factors,3
changes,3
consider,3
show,3
exploitation,3
victorian,3
ranges,3
hercus,3
result,3
based,3
dixon,3
found,3
access,3
relating,3
quarried,3
mined,3
effective,3
directly,3
r,3
work,3
part,3
knowledge,3
place,3
trends,3
t,3
stones,3
field,3
bungarin,3
belt,3
several,3
tomahawks,3
notes,3
smyth,3
separation,3
spoken,3
management,3
again,3
blocks,3
diameter,3
outside,3
adjacent,3
plate,3
centre,3
camel,3
heaps,3
project,3
petrological,3
private,3
robertson,3
made,3
region,3
significant,3
hypotheses,3
continuities,3
clear,3
three,3
points,3
indicate,3
curve,3
after,3
abundant,3
can,3
la,3
relationship,3
note,3
george,3
phillip,3
bulk,3
usually,3
five,3
centres,3
supply,3
acquired,3
adelaide,3
jibauk,3
anthropology,3
particularly,3
associated,3
investigation,3
whether,3
observations,3
pers,3
port,3
presented,3
met,3
slopes,3
went,3
tell,3
commercial,3
greenstones,3
need,3
early,3
ownership,3
strong,3
north,3
should,3
meeting,3
sent,3
roles,3
close,3
possum,2
indicated,2
extreme,2
therefore,2
diane,2
determinant,2
trobe,2
formed,2
surround,2
trace,2
necessarily,2
em,2
before,2
women,2
consistent,2
sources,2
derives,2
give,2
anomalies,2
fragmentary,2
diseases,2
seems,2
suggesting,2
government,2
link,2
thanks,2
products,2
state,2
case,2
echuca,2
forthcoming,2
anthropologists,2
possible,2
seventy,2
information,2
exchanges,2
interviews,2
conflict,2
married,2
component,2
severe,2
informant,2
concentrations,2
rites,2
cf,2
kind,2
contagious,2
items,2
bay,2
concerning,2
suitable,2
journal,2
details,2
l,2
kaurna,2
district,2
active,2
importance,2
b,2
percussion,2
special,2
lay,2
extremes,2
amphibole,2
send,2
acquisition,2
plus,2
recorders,2
established,2
descent,2
commented,2
ceremony,2
flakes,2
m,2
view,2
nb,2
very,2
called,2
shared,2
illness,2
term,2
late,2
density,2
left,2
wales,2
circular,2
obsidian,2
wide,2
kirda,2
technical,2
mapped,2
tool,2
concept,2
illustrated,2
example,2
reduction,2
kindly,2
actually,2
participated,2
rituals,2
personal,2
away,2
floors,2
showing,2
own,2
nephew,2
messenger,2
detailed,2
good,2
intervals,2
transfer,2
stealth,2
results,2
directional,2
aggregate,2
demand,2
absence,2
return,2
macedon,2
allen,2
still,2
above,2
make,2
comments,2
linguistically,2
evenly,2
pacific,2
serve,2
kurdungurlu,2
array,2
dialects,2
unwin,2
patterning,2
noted,2
routes,2
members,2
leader,2
name,2
others,2
academy,2
procured,2
shows,2
larger,2
distrust,2
considerable,2
external,2
never,2
operating,2
ch,2
spoke,2
native,2
another,2
kolijon,2
discussion,2
father,2
invested,2
considering,2
cambridge,2
reflectors,2
waste,2
warlpiri,2
trade,2
stress,2
allowed,2
outcrop,2
dispersed,2
gunwinggu,2
especially,2
dawson,2
leaves,2
methods,2
axe,2
ethnohistory,2
equivalent,2
atlas,2
sole,2
fifty,2
dual,2
today,2
provide,2
sometimes,2
bye,2
testing,2
collections,2
plains,2
countries,2
life,2
responsible,2
existed,2
photographs,2
tribe,2
considered,2
following,2
comes,2
complexity,2
peoples,2
extensive,2
determinants,2
mulluk,2
set,2
printer,2
different,2
did,2
leaders,2
far,2
researches,2
anomalous,2
stanner,2
hardness,2
what,2
heads,2
form,2
making,2
accounts,2
knapping,2
her,2
institute,2
original,2
watchman,2
role,2
giving,2
adjoining,2
matches,2
world,2
our,2
years,2
charge,2
include,2
land,2
involving,2
specific,2
themselves,2
patrilineal,2
among,2
recent,2
grants,2
sa,1
resolve,1
ttend,1
possessed,1
underrate,1
flow,1
mara,1
limits,1
common,1
way,1
documen,1
meaning,1
market,1
extend,1
ultimate,1
totally,1
introduction,1
grasses,1
distributed,1
debris,1
arnhem,1
reflection,1
belts,1
conducted,1
kifometrets,1
spine,1
cambrian,1
mcphee,1
mankind,1
word,1
linkages,1
alive,1
specialist,1
ways,1
circumcisioni,1
tense,1
preform,1
ms,1
radcliffe,1
decade,1
comparisons,1
fixed,1
allies,1
discretely,1
basalt,1
pasture,1
uses,1
trembath,1
monograph,1
distinctness,1
hafted,1
unquarried,1
qualification,1
practices,1
cutting,1
experience,1
predominantly,1
framework,1
round,1
archaeologists,1
either,1
stressed,1
hence,1
neolithic,1
glenelg,1
implications,1
taken,1
might,1
daughters,1
quadrat,1
worked,1
stretch,1
anu,1
dreaming,1
undisturbed,1
oval,1
baronga,1
height,1
europe,1
tindale,1
wooden,1
twenty,1
explores,1
broken,1
undertake,1
display,1
reasons,1
spokesman,1
differences,1
arises,1
able,1
scheme,1
uncovered,1
hunting,1
renfrew,1
real,1
mettagabbro,1
feature,1
mind,1
influences,1
concepts,1
raised,1
situ,1
opposite,1
adventures,1
discrete,1
hostility,1
hostile,1
visibility,1
papers,1
system,1
british,1
nodes,1
partners,1
doaene,1
teasing,1
sophisticated,1
constraint,1
primary,1
masked,1
firm,1
deai,1
figs,1
noorat,1
illustrate,1
international,1
talun,1
buckley,1
functions,1
insight,1
richard,1
magazine,1
measuring,1
fine,1
apart,1
interdisciplinary,1
point,1
reflecting,1
generalised,1
selecting,1
laws,1
anticipated,1
nd,1
allpurpose,1
economies,1
minimum,1
warfare,1
collection,1
split,1
aggression,1
abrasion,1
exposed,1
exist,1
implements,1
thus,1
includes,1
southwestern,1
explained,1
goodrum,1
explorers,1
interior,1
unpublished,1
flouting,1
relatively,1
regarded,1
janet,1
trench,1
wurm,1
adams,1
shatter,1
expeditions,1
comprised,1
funds,1
coranderrk,1
goodhugh,1
displays,1
document,1
crosses,1
serving,1
rmw,1
six,1
difficulty,1
elicit,1
kinship,1
third,1
drives,1
compare,1
find,1
died,1
geological,1
clough,1
spite,1
sorcery,1
apparently,1
traditions,1
sister,1
occasion,1
delivered,1
shall,1
lachlan,1
glad,1
poorly,1
mechanism,1
biface,1
affiliations,1
mechanisms,1
behave,1
operation,1
mount,1
mesolithic,1
steal,1
escaped,1
mccoll,1
disassociated,1
moiety,1
observers,1
camp,1
growth,1
wanting,1
main,1
absent,1
developed,1
how,1
narrinyel,1
joan,1
landscape,1
levels,1
coastal,1
lofty,1
incidence,1
inati,1
deprived,1
heard,1
eight,1
ns,1
volcanic,1
boone,1
white,1
impressed,1
von,1
melos,1
precious,1
consistency,1
wash,1
bonds,1
references,1
eighteen,1
determination,1
mulvaney,1
halves,1
wanted,1
particular,1
felix,1
foliage,1
dated,1
clearly,1
elsewhere,1
impact,1
northeastern,1
howqua,1
facsimile,1
too,1
age,1
four,1
linguistics,1
lithic,1
powerful,1
continual,1
surface,1
cementing,1
aof,1
rkp,1
definite,1
plates,1
requires,1
terminology,1
willing,1
answers,1
internal,1
owning,1
coincide,1
providing,1
drawing,1
friends,1
arrived,1
closely,1
advance,1
formidable,1
beveridge,1
whom,1
concentration,1
bearing,1
cerel,1
leach,1
future,1
basin,1
determines,1
inappropriate,1
mapping,1
events,1
requirements,1
centrally,1
pioneer,1
constantly,1
longitude,1
congregations,1
lat,1
handbook,1
though,1
shallow,1
buried,1
block,1
hypothesise,1
narcotic,1
tools,1
appears,1
produced,1
intensity,1
dispersal,1
suffered,1
applied,1
younger,1
placed,1
spiritual,1
required,1
acknowledgments,1
flaked,1
creates,1
hopkins,1
huge,1
briefly,1
duboisea,1
having,1
network,1
blandowski,1
basis,1
distinguish,1
accounting,1
data,1
literature,1
rocks,1
implement,1
steep,1
qualifications,1
comprises,1
grained,1
prized,1
divides,1
purpose,1
discusses,1
proportions,1
apparent,1
sydney,1
journals,1
scars,1
ten,1
geology,1
aj,1
island,1
opossum,1
during,1
emphasising,1
circumcision,1
concentrate,1
centred,1
eyre,1
reflect,1
canberra,1
accord,1
compact,1
sutton,1
alan,1
bungerem,1
interpreted,1
craftsman,1
jajowrong,1
boulders,1
longterm,1
staple,1
supplying,1
berndts,1
sparsely,1
arise,1
below,1
responsibility,1
peterson,1
shaping,1
things,1
involve,1
debts,1
tested,1
trading,1
hornfels,1
owned,1
settlement,1
emerging,1
around,1
mitchell,1
howit,1
concerns,1
wurundjeriballuk,1
depression,1
brought,1
mantle,1
lancefield,1
distinguished,1
differing,1
core,1
occasions,1
patience,1
dependent,1
ta,1
wife,1
ot,1
using,1
protectorate,1
notice,1
achieves,1
appropriate,1
grateful,1
preliminary,1
inhabiting,1
valuable,1
sophistication,1
geographical,1
seemed,1
pockmarked,1
settlers,1
cite,1
f,1
critical,1
bedrock,1
merlan,1
led,1
situation,1
minor,1
myriad,1
populations,1
identified,1
eraeils,1
happy,1
melbourne,1
weh,1
appreciate,1
brief,1
victo,1
matrilineal,1
petrology,1
object,1
hobart,1
perth,1
insignia,1
accumulations,1
standing,1
kulinic,1
sending,1
selection,1
positive,1
answering,1
tjapwurung,1
scarcity,1
eel,1
communities,1
relied,1
museum,1
curators,1
hugh,1
ethnographers,1
technology,1
latitude,1
disastrous,1
neither,1
bo,1
acting,1
queensland,1
rugs,1
watson,1
same,1
rectangular,1
skin,1
al,1
knapped,1
jointed,1
already,1
insights,1
alien,1
visitors,1
reports,1
bar,1
regional,1
maintained,1
inheritance,1
camped,1
sector,1
avoided,1
considers,1
useful,1
act,1
volume,1
mound,1
fire,1
request,1
archaeologically,1
death,1
flat,1
daly,1
towards,1
generously,1
smith,1
complementary,1
skills,1
fact,1
lack,1
admit,1
consideration,1
limit,1
hollow,1
riverine,1
striking,1
match,1
abstract,1
xc,1
end,1
substantially,1
identical,1
pattern,1
serious,1
removal,1
fragments,1
fear,1
forms,1
patterns,1
conclusions,1
posit,1
clusters,1
model,1
unit,1
purposes,1
axes,1
council,1
duties,1
japan,1
poles,1
foss,1
woman,1
guthridge,1
illl,1
hamilton,1
assemblage,1
gives,1
acquire,1
encountered,1
dots,1
degree,1
fight,1
interpreting,1
strings,1
grouping,1
extended,1
vast,1
neatly,1
disease,1
examples,1
birth,1
restrictions,1
range,1
values,1
represented,1
haydon,1
lake,1
eighty,1
passes,1
looking,1
sufficiently,1
complexities,1
top,1
lecture,1
controlling,1
confidence,1
determining,1
exterminated,1
australians,1
metre,1
resulting,1
rare,1
individuals,1
examination,1
encapsulate,1
arites,1
open,1
significance,1
lacustrine,1
publication,1
express,1
tl,1
rug,1
august,1
times,1
change,1
like,1
period,1
spread,1
hardship,1
played,1
mines,1
collected,1
lie,1
counted,1
expressing,1
adequately,1
latter,1
ap,1
hopwoodii,1
enumerate,1
comparing,1
labour,1
systems,1
mathews,1
wembawemba,1
correlated,1
unoccupied,1
displayed,1
right,1
madngella,1
availability,1
dominance,1
contracts,1
figures,1
macmillan,1
versus,1
slab,1
adte,1
relative,1
adaptive,1
ago,1
widely,1
brown,1
attended,1
covered,1
separate,1
nexact,1
european,1
space,1
carried,1
twelve,1
luise,1
tests,1
werribee,1
astonished,1
pangerang,1
continued,1
movements,1
moieties,1
pieces,1
rough,1
kilometre,1
imperatives,1
deaths,1
bare,1
referred,1
un,1
aa,1
curation,1
force,1
jt,1
testifies,1
es,1
expectations,1
analysis,1
lever,1
kill,1
capt,1
researcher,1
united,1
composed,1
exists,1
get,1
sociolinguistic,1
kilometres,1
mounds,1
interpretive,1
sound,1
influencing,1
matters,1
sections,1
practised,1
shadow,1
heavy,1
fifteen,1
keilambete,1
curr,1
kamilaroi,1
burbung,1
senior,1
series,1
barwick,1
lattice,1
encampment,1
divorcing,1
torrence,1
demonstrate,1
simply,1
constituted,1
scarcely,1
beside,1
known,1
neighbouring,1
reciprocity,1
sufficient,1
membership,1
offers,1
scree,1
forty,1
natural,1
mutually,1
control,1
correspond,1
down,1
agglomeration,1
printed,1
argue,1
half,1
regard,1
pigment,1
collectors,1
ar,1
linked,1
obviously,1
examining,1
guinea,1
emerges,1
type,1
bands,1
butlin,1
places,1
hint,1
phd,1
quietly,1
relationshipsbell,1
webs,1
according,1
unlikely,1
avoidance,1
explanations,1
recollections,1
proceedings,1
combined,1
binns,1
riverina,1
rebellion,1
want,1
quadrats,1
supports,1
varying,1
thirty,1
maintain,1
seasonal,1
statement,1
encloses,1
problem,1
prestige,1
perpetrated,1
explored,1
influenced,1
resident,1
emphasis,1
marriages,1
travel,1
bob,1
gratitude,1
abundantly,1
bunurong,1
whence,1
gatherings,1
occasionally,1
son,1
circumstances,1
pitcheri,1
altered,1
sheared,1
through,1
alyawarra,1
flout,1
duty,1
sitting,1
annie,1
harvesting,1
indebted,1
intelligible,1
allows,1
exploit,1
harrison,1
coming,1
prepared,1
analogy,1
come,1
question,1
ure,1
shown,1
hattori,1
sharpest,1
lands,1
average,1
similarity,1
genetically,1
precise,1
hurt,1
sat,1
documentation,1
offer,1
actively,1
socially,1
specialists,1
physical,1
manufacture,1
smaller,1
writer,1
forming,1
remains,1
speak,1
desert,1
needs,1
australasian,1
supported,1
jajowurung,1
race,1
gippsland,1
recounted,1
ensuring,1
km,1
bell,1
wanderings,1
reached,1
sits,1
enterprise,1
bentley,1
valley,1
entire,1
little,1
interaction,1
traditional,1
focus,1
much,1
conventions,1
technological,1
squatting,1
observed,1
darling,1
ga,1
southeastern,1
agglomerates,1
customs,1
occur,1
necklaces,1
row,1
