WORDCOUNTS,WEIGHT
of,23
university,23
professor,21
london,9
j,5
g,4
cambridge,3
institute,3
oxford,3
ian,3
w,2
d,2
m,2
b,2
board,2
h,2
pennsylvania,2
deccan,1
southampton,1
montreal,1
michigan,1
to,1
f,1
editor,1
i,1
colin,1
hensel,1
british,1
poona,1
t,1
de,1
cunliffe,1
fagan,1
glover,1
inskeep,1
dr,1
islamabad,1
warsaw,1
biddle,1
bouard,1
bernard,1
griffin,1
ray,1
advisory,1
joan,1
warwick,1
butler,1
philipps,1
archaeology,1
mcgill,1
dimbleby,1
yale,1
evans,1
sankalia,1
executive,1
wailes,1
tibingen,1
rouse,1
volumes,1
marburg,1
caen,1
barry,1
bray,1
nctional,1
australian,1
groningen,1
c,1
p,1
aarhus,1
derek,1
kendall,1
o,1
platt,1
frey,1
mulvaney,1
roe,1
trigger,1
world,1
longworth,1
editorial,1
graham,1
iharvard,1
girton,1
willey,1
parr,1
a,1
index,1
shaw,1
state,1
dani,1
hodson,1
mr,1
oates,1
watson,1
california,1
