WORDCOUNTS,WEIGHT
the,399
of,368
and,343
in,159
to,125
a,109
sea,77
with,76
on,61
marine,60
is,57
for,55
that,52
are,52
j,50
as,48
people,47
sites,45
aboriginal,43
stone,42
seascapes,40
ritual,38
torres,36
this,36
australia,35
saltwater,33
by,32
spiritual,31
queensland,31
australian,29
university,27
i,26
strait,25
land,25
central,24
these,24
an,24
from,24
pp,23
tenure,23
island,22
archaeology,22
be,22
their,21
tidal,21
indigenous,21
rituals,21
arrangements,21
or,21
it,20
b,19
use,19
islands,18
mcniven,18
at,17
cultural,17
such,16
coastal,16
customary,16
have,16
some,15
coast,15
new,15
associated,15
through,15
dreaming,14
also,14
maritime,14
peoples,14
into,13
site,13
n,13
spiritscapes,13
peterson,13
were,13
archaeological,13
dugong,13
western,12
across,12
seas,12
sydney,12
than,12
features,12
not,12
over,12
they,11
s,11
subsistence,11
northern,11
fish,11
oceania,11
control,11
c,11
eastern,10
magic,10
r,10
more,10
many,10
most,10
beings,10
groups,9
e,9
hunting,9
m,9
shoalwater,9
islanders,9
orchestration,9
located,9
fishtraps,9
only,9
where,9
spirits,9
can,9
clan,9
press,9
ian,8
spiritually,8
within,8
was,8
out,8
near,8
et,8
will,8
arrangement,8
tide,8
al,8
social,8
cambridge,8
range,8
hunters,8
often,8
terrestrial,8
particular,8
trigger,8
between,8
gulf,8
among,8
large,7
recorded,7
g,7
reef,7
rights,7
no,7
how,7
animals,7
p,7
zone,7
place,7
south,7
southern,7
areas,7
identity,7
high,7
yanyuwa,7
seen,7
dead,7
anthropological,7
particularly,7
specialists,7
way,6
arnhem,6
one,6
spirit,6
key,6
feldman,6
rigsby,6
elaborate,6
w,6
used,6
part,6
during,6
forces,6
change,6
small,6
acts,6
using,6
corporation,6
stones,6
water,6
centre,6
local,6
which,6
significance,6
percy,6
murree,6
has,6
places,6
while,6
dugongs,6
offshore,5
either,5
all,5
great,5
those,5
reefs,5
bones,5
along,5
elements,5
bay,5
rowland,5
certain,5
special,5
changes,5
k,5
flats,5
beyond,5
included,5
mythical,5
scale,5
sharp,5
research,5
turtles,5
but,5
rock,5
creative,5
reveals,5
made,5
formal,5
kaurareg,5
renewal,5
engagement,5
provide,5
usually,5
constructed,5
past,5
person,5
anh,5
when,5
both,5
mulrennan,5
include,5
d,5
mostly,4
h,4
contact,4
consistent,4
serpent,4
reveal,4
feature,4
sacred,4
context,4
vol,4
possible,4
marked,4
resources,4
mabuiag,4
engage,4
barrier,4
area,4
even,4
may,4
aborigines,4
l,4
peninsula,4
tides,4
rainbow,4
mer,4
myths,4
fishing,4
spiritscape,4
hall,4
facilities,4
knowledge,4
its,4
records,4
own,4
carpentaria,4
involve,4
bone,4
nations,4
cosmological,4
tropical,4
once,4
ethnographic,4
insights,4
two,4
department,4
law,4
mark,4
responsibilities,4
less,4
ontological,4
years,4
extended,4
intimate,4
controlling,4
low,4
open,4
function,4
dry,4
construct,4
procurement,4
study,4
clans,4
figure,4
been,4
life,4
united,4
environment,4
mulka,4
paper,4
specialized,4
animal,4
what,4
form,4
engagements,4
information,4
travel,4
st,4
ancestral,4
territory,4
world,4
estates,4
named,4
recent,4
zones,4
extend,3
expedition,3
group,3
offerings,3
tend,3
studies,3
cycles,3
title,3
bark,3
contexts,3
long,3
rich,3
take,3
last,3
date,3
east,3
right,3
illustrate,3
attract,3
framework,3
canoes,3
whose,3
act,3
aimed,3
process,3
shell,3
specialization,3
situations,3
cordell,3
important,3
location,3
societies,3
could,3
called,3
wales,3
focused,3
institute,3
markai,3
well,3
granite,3
animated,3
broad,3
surrounding,3
memoirs,3
approach,3
canoe,3
settlement,3
concerns,3
boundaries,3
notes,3
value,3
units,3
ceremonial,3
territorial,3
various,3
about,3
museum,3
permission,3
rules,3
technology,3
management,3
informal,3
performed,3
reports,3
heritage,3
other,3
towards,3
our,3
end,3
macfarlane,3
see,3
native,3
cosmologies,3
understanding,3
similar,3
examples,3
region,3
imbued,3
expression,3
rare,3
engaged,3
men,3
species,3
european,3
metres,3
aid,3
movements,3
construction,3
kilometres,3
mounds,3
investigate,3
islander,3
following,3
senior,3
series,3
country,3
anthropology,3
ancestor,3
report,3
spatial,3
thousands,3
fisheries,3
hundreds,3
little,3
ritually,3
recognition,3
bradley,3
prepared,3
dangerous,3
off,3
association,3
yawuru,3
potential,3
national,3
ownership,3
focus,3
technological,3
north,3
major,3
occur,3
carved,2
entities,2
o,2
liminal,2
edge,2
estate,2
meaning,2
names,2
created,2
extreme,2
environmental,2
northeast,2
alone,2
view,2
introduction,2
survival,2
mobility,2
managing,2
position,2
kiwai,2
mainland,2
francis,2
turtle,2
different,2
experience,2
being,2
shells,2
first,2
archaeologists,2
sources,2
implications,2
nature,2
archaeologically,2
specially,2
desire,2
yolngu,2
religion,2
papuans,2
survey,2
there,2
creator,2
constructions,2
fulfilling,2
episodically,2
holocene,2
functions,2
west,2
apart,2
point,2
conceptual,2
establishment,2
conception,2
dynamic,2
negotiation,2
human,2
royal,2
relationships,2
surrounded,2
due,2
unpublished,2
ability,2
landand,2
rites,2
cf,2
codified,2
publications,2
like,2
identify,2
meriam,2
border,2
regionalization,2
walls,2
york,2
links,2
performance,2
ways,2
essence,2
edward,2
square,2
remote,2
johannes,2
legal,2
gapu,2
direct,2
aquatic,2
mediate,2
robins,2
reason,2
haddon,2
maintaining,2
operates,2
marks,2
four,2
resource,2
submerged,2
requires,2
exploitation,2
flow,2
had,2
result,2
my,2
came,2
found,2
midden,2
demands,2
vand,2
late,2
further,2
singing,2
safe,2
possibility,2
technical,2
because,2
zogo,2
line,2
scope,2
apparent,2
ganggalida,2
inherited,2
call,2
canberra,2
manage,2
horizon,2
currents,2
rockhampton,2
researchers,2
lowly,2
around,2
dwell,2
croker,2
appropriate,2
am,2
chronological,2
critical,2
investigating,2
limited,2
make,2
underwritten,2
wind,2
settings,2
single,2
whitsunday,2
reference,2
barker,2
continuity,2
formally,2
us,2
home,2
enigmatic,2
culture,2
largest,2
inheritance,2
worldviews,2
testimony,2
oral,2
waterspouts,2
inundated,2
journey,2
death,2
put,2
imbue,2
sing,2
langton,2
foods,2
plan,2
developed,2
plate,2
everyday,2
present,2
performances,2
model,2
existing,2
propitiatory,2
recount,2
perhaps,2
sir,2
link,2
rowlands,2
meals,2
previously,2
manifestations,2
concern,2
individuals,2
aids,2
hunted,2
involves,2
custodial,2
david,2
totemic,2
would,2
skulls,2
plant,2
inscribe,2
provides,2
inscribed,2
shallow,2
cape,2
kimberley,2
connections,2
atlas,2
regimes,2
seascape,2
increasing,2
mangrove,2
relationship,2
me,2
referred,2
dimensions,2
who,2
detailed,2
paraphernalia,2
travelled,2
sentience,2
boats,2
face,2
middens,2
forests,2
sections,2
anthropomorphic,2
legitimated,2
victoria,2
comes,2
ethnological,2
complexity,2
simply,2
symbolic,2
known,2
respecting,2
natural,2
pellew,2
current,2
associations,2
historical,2
reaffirmation,2
them,2
terms,2
beaten,2
references,2
nearby,2
ethnography,2
waters,2
her,2
scheduling,2
too,2
csiro,2
tasmania,2
art,2
bodies,2
level,2
attachments,2
introduced,2
beach,2
despite,2
rod,2
song,2
darumbal,2
colonial,2
waves,2
energies,2
locations,2
trap,2
crisis,2
armstrong,2
fecundity,2
you,2
remains,2
desert,2
erub,2
themselves,2
correlate,2
early,2
traditional,2
taylor,2
broader,2
close,2
looking,2
seawater,2
difficult,1
intimately,1
modelling,1
metal,1
mara,1
limits,1
memmott,1
if,1
represent,1
fiction,1
thrown,1
red,1
albeit,1
ultimate,1
complex,1
engineered,1
shoulders,1
myth,1
mcgoodwin,1
kos,1
picked,1
columns,1
songs,1
confines,1
prince,1
situation,1
inconsistent,1
boulder,1
potentials,1
recreation,1
bartholomai,1
fishtrap,1
paddle,1
lit,1
interpretative,1
nineteenth,1
taker,1
amongst,1
turning,1
apertures,1
brayshaw,1
lower,1
fitted,1
paterson,1
inc,1
wrong,1
exist,1
revisited,1
monash,1
concur,1
hiscock,1
creation,1
kaiadilt,1
production,1
jointly,1
interests,1
military,1
arrival,1
assist,1
humans,1
shipwrecks,1
dreams,1
england,1
strip,1
hitchcock,1
sounders,1
comparatively,1
book,1
available,1
fitzpatrick,1
twenty,1
metamorphosed,1
featuring,1
gidjingali,1
accumulated,1
dibidibi,1
validated,1
senses,1
follows,1
spaced,1
vhobart,1
studied,1
thanks,1
rebes,1
beds,1
anthropomorphically,1
review,1
subsequent,1
help,1
inadvertently,1
fresh,1
cosmologically,1
watercraft,1
taunt,1
imprinted,1
longworth,1
gifts,1
investigations,1
tamed,1
visibility,1
designs,1
similarities,1
essences,1
depends,1
system,1
british,1
case,1
issue,1
takes,1
ascribed,1
harpercollins,1
forthcoming,1
ltd,1
anthropologists,1
king,1
referents,1
incorporate,1
draw,1
killed,1
figs,1
mythology,1
opened,1
felt,1
prior,1
activity,1
drive,1
wulurunbu,1
harpooning,1
flank,1
taking,1
except,1
cited,1
representing,1
frankel,1
controlled,1
gumana,1
includes,1
dortch,1
sooe,1
specialisation,1
pictures,1
campbell,1
grooves,1
illustrates,1
fissioning,1
de,1
hunt,1
brokensha,1
interest,1
masig,1
characteristic,1
expeditions,1
hawaii,1
predicament,1
associative,1
tenures,1
convention,1
lan,1
assessment,1
expected,1
snake,1
z,1
cases,1
developments,1
deeds,1
underlying,1
depend,1
concerning,1
back,1
body,1
machines,1
channels,1
club,1
eylandt,1
arranged,1
mudflats,1
undertaking,1
coastalarchaeology,1
journal,1
look,1
dolphin,1
appreciated,1
general,1
jones,1
conceptually,1
celebrating,1
weirs,1
mechanism,1
employ,1
online,1
essential,1
identification,1
nullius,1
ba,1
bring,1
growth,1
continent,1
impetus,1
capture,1
knew,1
active,1
environments,1
elsevier,1
bijarrba,1
pervasiveness,1
associate,1
importance,1
se,1
ongoing,1
cave,1
scales,1
distant,1
receding,1
burials,1
intensity,1
emanate,1
means,1
modified,1
godwin,1
ensure,1
preunderstanding,1
prehistory,1
consider,1
objects,1
organization,1
established,1
dreamtime,1
anchoring,1
linked,1
courtcase,1
wrecked,1
weather,1
constrain,1
numbers,1
welfare,1
downs,1
northeastern,1
shore,1
observations,1
upper,1
kodal,1
age,1
cigarette,1
show,1
commonly,1
operate,1
legends,1
terra,1
powerful,1
seabed,1
followed,1
defines,1
plates,1
problems,1
bruno,1
ancient,1
translocation,1
kibu,1
anthropologically,1
ranges,1
expressed,1
closely,1
prehistoric,1
based,1
complications,1
develops,1
traditionally,1
access,1
funnelling,1
outcrops,1
ocean,1
walesarchaeology,1
relate,1
medicines,1
constantly,1
embedded,1
materiality,1
occupation,1
shall,1
prescott,1
longand,1
circular,1
districts,1
keywords,1
burial,1
residential,1
cairns,1
promise,1
sovereignty,1
grounds,1
kaigas,1
record,1
reaffirming,1
your,1
perform,1
guarantee,1
wide,1
negotiated,1
gps,1
acknowledgements,1
overlapping,1
placating,1
basis,1
invisible,1
future,1
julia,1
landmark,1
revealed,1
mapped,1
dugout,1
rocks,1
orchestrate,1
tool,1
contextualized,1
protein,1
tens,1
london,1
cleaning,1
training,1
canoed,1
related,1
isaacs,1
kindly,1
northwest,1
cane,1
relevance,1
underscored,1
structures,1
said,1
eyre,1
documented,1
personal,1
nor,1
realms,1
achieving,1
showing,1
stanford,1
status,1
boulders,1
t,1
ambiguities,1
situational,1
good,1
maizab,1
running,1
least,1
wirring,1
painting,1
arise,1
successful,1
wiwai,1
unexpected,1
things,1
microfilms,1
initiates,1
indicators,1
grass,1
unchartered,1
owned,1
quite,1
hole,1
akimichi,1
calling,1
muds,1
mitchell,1
characteristics,1
few,1
pregnant,1
dhangal,1
revealing,1
offering,1
presence,1
dramatic,1
manchester,1
peak,1
macknight,1
dhinmar,1
always,1
formalizes,1
generally,1
gundidjmara,1
tracks,1
up,1
cosmology,1
dependent,1
purpose,1
productivity,1
ooi,1
proper,1
describes,1
gould,1
outrigger,1
choreographed,1
newly,1
burdekin,1
actions,1
geographical,1
activities,1
ochre,1
society,1
subsequently,1
periods,1
prescribed,1
ruddle,1
calm,1
shoreline,1
quarry,1
likely,1
meehan,1
inhabit,1
ventured,1
onset,1
foragers,1
practices,1
bringing,1
nonie,1
stranded,1
action,1
economic,1
britain,1
melbourne,1
play,1
female,1
mediating,1
constraints,1
returning,1
etc,1
allen,1
perth,1
domination,1
comments,1
experiences,1
barham,1
hydrographic,1
hitherto,1
ask,1
direction,1
bread,1
southeast,1
riches,1
kaur,1
pacific,1
goulburn,1
yet,1
interpretation,1
fatty,1
wake,1
represents,1
ensures,1
possessory,1
rain,1
recognising,1
dolphins,1
groote,1
ne,1
neither,1
perceived,1
unwin,1
palmer,1
enshrined,1
falls,1
mabo,1
assistance,1
same,1
formalized,1
outlined,1
dix,1
inalienable,1
visitors,1
giver,1
regional,1
voyages,1
mound,1
inhabitants,1
members,1
talked,1
limit,1
trapping,1
similarly,1
monolith,1
analytical,1
herbert,1
voyaging,1
fact,1
syork,1
stories,1
fundamental,1
striking,1
beliefs,1
documents,1
match,1
abstract,1
children,1
incorporation,1
lardil,1
john,1
gray,1
lgf,1
functionally,1
man,1
mornington,1
channel,1
anthropologist,1
transit,1
tarn,1
never,1
patterns,1
outside,1
kimusu,1
drinking,1
v,1
ground,1
increases,1
posit,1
waubin,1
secular,1
capricious,1
sensual,1
celebrated,1
answer,1
strategies,1
judith,1
duties,1
necessary,1
practice,1
deep,1
intensify,1
woman,1
chronologically,1
routledge,1
distance,1
liverpool,1
explicitly,1
day,1
enmity,1
ecology,1
fluidity,1
degree,1
totems,1
original,1
exhibit,1
mythic,1
vast,1
robertson,1
upon,1
including,1
melanesian,1
enhanced,1
ethnology,1
increase,1
waru,1
mortuary,1
reside,1
warrior,1
medium,1
attributed,1
tenets,1
significant,1
food,1
succumbed,1
largely,1
ontology,1
australians,1
propitiated,1
dances,1
conceptualisation,1
bed,1
maintains,1
encapsulate,1
trip,1
ceremonies,1
overturned,1
described,1
trade,1
landscapes,1
three,1
directed,1
estuarine,1
clouds,1
obtaining,1
points,1
maintenance,1
issn,1
held,1
individual,1
helpful,1
flood,1
period,1
spread,1
tribal,1
protruding,1
meets,1
sands,1
harpoon,1
mammals,1
earlier,1
authentication,1
tangible,1
black,1
procuring,1
abundant,1
martin,1
latter,1
kulkiji,1
sandy,1
especially,1
behind,1
mariners,1
systems,1
mathews,1
eyes,1
parallel,1
respectively,1
ann,1
mainly,1
effect,1
lawrie,1
availability,1
james,1
operationalized,1
ethnographically,1
story,1
pathway,1
ate,1
parameters,1
figures,1
macmillan,1
geography,1
accord,1
carapace,1
waier,1
ikiwal,1
ago,1
venturing,1
sailing,1
cigarettes,1
nietschmann,1
division,1
performing,1
visit,1
titanic,1
zo,1
frontier,1
landtman,1
depth,1
consists,1
fifty,1
lingardji,1
verses,1
imply,1
stems,1
publishing,1
she,1
gawirrin,1
contestations,1
george,1
recall,1
sometimes,1
outsiders,1
practical,1
menus,1
fear,1
lines,1
institutions,1
nexus,1
becomes,1
harmed,1
forming,1
visual,1
sails,1
whereby,1
indicate,1
covering,1
littoral,1
analysis,1
respect,1
creatures,1
elder,1
examine,1
attachment,1
considered,1
rightful,1
informally,1
matters,1
circumscribed,1
school,1
share,1
any,1
material,1
sharks,1
furthest,1
ontologies,1
conclusion,1
changing,1
throw,1
must,1
founded,1
complexes,1
ever,1
bronze,1
explicate,1
rainbows,1
here,1
forty,1
know,1
physically,1
outcome,1
defining,1
dimension,1
enters,1
cultures,1
par,1
burarra,1
exploration,1
adjudication,1
believe,1
cogently,1
funnel,1
best,1
leaders,1
down,1
senri,1
argue,1
harpoons,1
nights,1
epistemological,1
hinchinbrook,1
collins,1
meagher,1
far,1
constant,1
jennifer,1
going,1
guinea,1
passage,1
living,1
type,1
elders,1
charged,1
believed,1
beginning,1
id,1
crows,1
according,1
discuss,1
unlikely,1
automatic,1
heads,1
suhbrisbane,1
proceedings,1
lands,1
cook,1
unique,1
whether,1
yirrkala,1
making,1
plants,1
breeden,1
seasonal,1
map,1
distribution,1
inscriptions,1
sentient,1
embeddedness,1
encounters,1
middle,1
rz,1
conference,1
marking,1
paintings,1
commissioner,1
sland,1
peace,1
quartzite,1
leicester,1
prospect,1
role,1
nourish,1
intended,1
reappraisal,1
exceptionally,1
associating,1
voyage,1
historicizing,1
relates,1
come,1
question,1
ultimately,1
conducive,1
sediments,1
inclusiveness,1
instructive,1
thomson,1
rms,1
frontiers,1
referenced,1
disposal,1
seafood,1
finding,1
quest,1
opens,1
frame,1
morphological,1
catch,1
documentation,1
applicable,1
although,1
salt,1
meaningfulness,1
need,1
evidence,1
adelaide,1
relics,1
clearest,1
smaller,1
involving,1
variously,1
retrieval,1
defined,1
attempted,1
backwater,1
pannell,1
ships,1
recital,1
needs,1
settler,1
freslov,1
treats,1
specific,1
reconsidering,1
gippsland,1
qualifying,1
rest,1
lilley,1
tribes,1
consisted,1
rp,1
oof,1
pool,1
wellesley,1
create,1
overboard,1
given,1
much,1
immediately,1
strong,1
ends,1
darling,1
taranto,1
meeting,1
southeastern,1
doing,1
built,1
draft,1
retrospect,1
hypothesis,1
