WORDCOUNTS,WEIGHT
the,261
of,186
and,142
in,82
a,66
to,65
is,61
at,40
chalcatzingo,40
monument,37
from,37
on,33
olmec,31
art,31
monuments,30
this,28
izapan,25
that,25
stela,24
monumental,23
early,23
with,22
are,22
cantera,22
la,22
izapa,21
de,20
dated,19
mexico,19
c,19
figure,18
has,18
it,17
sculpture,17
coast,17
gulf,17
stone,16
bc,16
late,16
new,15
phase,15
be,15
d,15
as,14
been,13
altar,13
have,13
for,12
venta,12
stelae,12
tres,11
formative,11
which,11
archaeological,11
san,10
m,10
e,10
not,10
university,10
zapotes,10
may,9
carved,9
or,9
w,9
ceramics,9
some,9
r,9
world,9
stylistic,8
similar,8
by,8
only,8
also,8
ceramic,8
found,8
altars,8
american,8
papers,8
middle,8
these,8
its,8
central,8
were,8
period,8
an,8
highlands,7
b,7
press,7
culture,7
foundation,7
cyphers,7
similarities,7
style,7
part,7
during,7
g,7
smithsonian,7
between,7
ann,7
present,7
chronological,6
preclassic,6
common,6
site,6
standing,6
their,6
guillen,6
depicted,6
grove,6
associated,6
many,6
i,6
date,6
cultural,6
maya,6
sites,6
examples,6
institution,6
plate,6
bureau,5
subphase,5
bulletin,5
seen,5
iconographic,5
one,5
shows,5
niche,5
dates,5
those,5
within,5
chiapas,5
los,5
sequence,5
such,5
elements,5
fig,5
sculptures,5
occupation,5
no,4
l,4
f,4
monolithic,4
orange,4
al,4
but,4
upper,4
four,4
noted,4
bearded,4
j,4
bundle,4
las,4
person,4
guatemala,4
v,4
form,4
monster,4
dumbarton,4
number,4
possible,4
lowe,4
figures,4
et,4
personal,4
california,4
dating,4
platform,4
excavated,4
del,4
lorenzo,4
deer,4
relation,4
research,4
norman,4
element,4
morelos,4
pottery,4
final,3
located,3
museum,3
does,3
red,3
they,3
construction,3
portrayed,3
studies,3
pp,3
possibly,3
comparisons,3
cm,3
was,3
contributions,3
lowlands,3
gay,3
brazier,3
lower,3
known,3
temporal,3
implications,3
paper,3
other,3
blocks,3
indicate,3
p,3
texas,3
lv,3
situ,3
reliefs,3
study,3
because,3
stance,3
flannery,3
representations,3
basis,3
relief,3
barranca,3
data,3
both,3
apogee,3
assemblages,3
contacts,3
use,3
oaks,3
artifact,3
horizon,3
discovered,3
there,3
excavations,3
archaeology,3
after,3
blank,3
can,3
close,3
motif,3
phases,2
critical,2
interesting,2
o,2
whose,2
trilobe,2
note,2
provide,2
science,2
polished,2
if,2
meaning,2
bound,2
investigaciones,2
represent,2
female,2
opportunity,2
nuevo,2
mouth,2
duende,2
large,2
mesoamerica,2
conducted,2
terms,2
greatest,2
k,2
kaminaljuyu,2
mexican,2
creatures,2
support,2
datable,2
escalera,2
cliff,2
chronology,2
nacional,2
seems,2
lowland,2
just,2
volute,2
cultura,2
mentioned,2
profile,2
contexts,2
must,2
demonstrate,2
had,2
regional,2
origins,2
more,2
peabody,2
amate,2
important,2
others,2
joventud,2
iconography,2
motifs,2
rock,2
all,2
anthropology,2
cleft,2
missing,2
based,2
milwaukee,2
could,2
facility,2
radiocarbon,2
time,2
centers,2
estudios,2
gray,2
contemporary,2
considerable,2
feature,2
base,2
proposed,2
reptilian,2
enough,2
spotted,2
do,2
banded,2
placed,2
distribution,2
figs,2
having,2
placement,2
felt,2
artifacts,2
kaminaljuyui,2
stratigraphy,2
peralta,2
contemporaneity,2
ethnology,2
carvings,2
symbolism,2
role,2
indians,2
human,2
interactions,2
development,2
since,2
discussed,2
t,2
parallels,2
cerro,2
fuente,2
smith,2
like,2
fill,2
suggest,2
heartland,2
lie,2
several,2
tz,2
curved,2
problems,2
santa,2
mist,2
cook,2
forms,2
when,2
probably,2
terrace,2
valley,2
coe,2
details,2
comparable,2
than,2
y,2
bernal,1
deerskins,1
flourished,1
will,1
portion,1
veracruz,1
coeval,1
front,1
suggestion,1
parada,1
reliable,1
palangana,1
ipa,1
depiction,1
relationship,1
stirling,1
housed,1
exterior,1
resolve,1
ceremonial,1
archaeo,1
materials,1
mesa,1
thrones,1
concerned,1
bulk,1
later,1
purely,1
isidro,1
growth,1
correlating,1
five,1
foreign,1
genitals,1
padre,1
indeed,1
types,1
although,1
impressive,1
turning,1
xii,1
pieces,1
blotchy,1
reasonable,1
kind,1
brief,1
cloudy,1
autonoma,1
tabasco,1
cerros,1
dimensions,1
tropical,1
una,1
religious,1
represented,1
un,1
community,1
sn,1
counterpart,1
above,1
dealt,1
bears,1
squier,1
probability,1
sphere,1
uxpanapa,1
ties,1
earlier,1
parsons,1
linguistic,1
via,1
atop,1
southern,1
direct,1
relieves,1
charcas,1
chalcacingo,1
rectangles,1
tends,1
boulder,1
often,1
offerings,1
unusual,1
wedged,1
offering,1
essays,1
burials,1
mapa,1
formed,1
miscellaneous,1
carcass,1
table,1
lavrvnta,1
torso,1
ology,1
cannot,1
headdress,1
reason,1
examined,1
face,1
album,1
represents,1
ojochi,1
modern,1
serve,1
resemble,1
guatemalan,1
wearing,1
wrestler,1
mocho,1
latter,1
civilizations,1
continuity,1
counterparts,1
publications,1
periods,1
thesis,1
deerskin,1
ancient,1
arguments,1
into,1
jocotal,1
meant,1
secuencia,1
constant,1
chiapilla,1
ocos,1
ms,1
nicapa,1
ledge,1
clearly,1
developed,1
section,1
conclusions,1
feels,1
following,1
underline,1
gaining,1
rectangular,1
included,1
series,1
floor,1
demonstrates,1
source,1
territorial,1
wisconsin,1
received,1
conjunction,1
peoples,1
contact,1
undated,1
most,1
olume,1
stilted,1
begins,1
buge,1
historia,1
being,1
first,1
beside,1
synonymous,1
surface,1
either,1
sufficient,1
stressed,1
hallmark,1
seated,1
constructed,1
obstacles,1
raindrops,1
burner,1
treszapotes,1
plates,1
mound,1
rather,1
text,1
funding,1
symbol,1
mutilation,1
here,1
command,1
gadrooned,1
set,1
civilization,1
ii,1
mirrors,1
evidence,1
indicated,1
jadeite,1
outcome,1
again,1
seem,1
necessarily,1
praeger,1
view,1
appear,1
lor,1
rare,1
eza,1
contention,1
character,1
departure,1
expressed,1
cultures,1
altamira,1
cuadro,1
closely,1
waxy,1
different,1
fact,1
jorge,1
s,1
oval,1
affinities,1
location,1
kaminaljuyd,1
absent,1
pii,1
head,1
scholars,1
stimulus,1
best,1
twenty,1
areas,1
portable,1
belong,1
settlement,1
broken,1
doctoral,1
occupations,1
arte,1
carrying,1
public,1
chiapa,1
highland,1
conference,1
instituto,1
called,1
strength,1
planned,1
typical,1
thank,1
reminiscent,1
intrusion,1
iconographically,1
iii,1
manifested,1
out,1
potrero,1
akademische,1
mexicana,1
demonstrating,1
events,1
very,1
end,1
remain,1
dili,1
take,1
styles,1
iron,1
distributions,1
fashion,1
pattern,1
expansion,1
greenstone,1
initial,1
closest,1
worn,1
serious,1
fragments,1
external,1
type,1
constructions,1
places,1
ceramica,1
considered,1
handbook,1
animal,1
abstract,1
same,1
ground,1
investigations,1
somewhat,1
what,1
redonda,1
embellished,1
equipac,1
definite,1
leonard,1
heizer,1
context,1
el,1
boasts,1
quirarte,1
appears,1
recently,1
selected,1
ones,1
capes,1
excellent,1
side,1
knopf,1
pertinent,1
eye,1
verlaganstalt,1
existence,1
reconstruction,1
hypothetical,1
laguna,1
universidad,1
woman,1
firmly,1
eastern,1
reasoning,1
key,1
acknowledgments,1
nacaste,1
her,1
matthew,1
coastal,1
iv,1
america,1
cde,1
tubular,1
memory,1
blanca,1
south,1
well,1
preliminar,1
design,1
trade,1
directly,1
antropologicas,1
becomes,1
jobo,1
ax,1
museo,1
contain,1
unsolved,1
finish,1
discussion,1
paucity,1
who,1
rearrangement,1
work,1
outline,1
move,1
level,1
range,1
headdresses,1
obvious,1
esteticas,1
rocas,1
portraying,1
taking,1
combination,1
point,1
collections,1
laventa,1
x,1
including,1
thickness,1
extending,1
competing,1
previously,1
indicating,1
incensario,1
niore,1
two,1
decoration,1
department,1
representing,1
quequepac,1
waning,1
yalmanchac,1
reappraisal,1
went,1
introduction,1
desarrollo,1
whole,1
fragment,1
weiant,1
consistently,1
place,1
emphasize,1
distinguishable,1
references,1
literally,1
maria,1
landbook,1
cape,1
framework,1
salinas,1
round,1
labor,1
elite,1
insituto,1
uncarved,1
identical,1
historical,1
overhanging,1
come,1
proskouriakoff,1
regions,1
issues,1
cuadernos,1
il,1
internal,1
until,1
agustin,1
funcion,1
grijalva,1
project,1
explained,1
component,1
interpreted,1
explorations,1
memoirs,1
similarity,1
due,1
incense,1
chicharras,1
beliefs,1
clouds,1
national,1
strikingly,1
earth,1
clue,1
depicting,1
neighbors,1
varieties,1
baji,1
catailogo,1
course,1
offer,1
relations,1
david,1
piedra,1
width,1
sense,1
afford,1
presented,1
would,1
length,1
parts,1
jolote,1
states,1
altiplano,1
conchas,1
antiquity,1
maintained,1
covarrubias,1
defined,1
ecology,1
emphasizes,1
anales,1
abundant,1
provides,1
resting,1
distinct,1
association,1
speculative,1
exchange,1
small,1
zoquean,1
termed,1
wider,1
issuing,1
region,1
eyes,1
executed,1
wares,1
presence,1
km,1
exhaustive,1
sacrificios,1
corzo,1
latest,1
nacast,1
compare,1
analysis,1
barely,1
inability,1
even,1
majority,1
interaction,1
practically,1
epiolmec,1
duration,1
immediate,1
corresponds,1
impressed,1
north,1
traditions,1
epoca,1
should,1
captive,1
built,1
influence,1
escultura,1
paste,1
major,1
apparent,1
