WORDCOUNTS,WEIGHT
the,444
of,333
in,224
and,198
a,135
to,112
for,73
is,62
have,57
be,55
at,53
from,53
climatic,50
are,47
by,46
may,44
york,43
evidence,43
as,40
been,38
this,35
roman,35
on,34
h,33
that,32
it,31
or,31
deposits,31
than,27
urban,26
medieval,24
species,24
with,24
environmental,23
archaeological,22
p,21
its,21
conditions,21
which,21
period,21
archaeology,20
j,19
such,19
changes,19
climate,19
present,19
there,18
k,18
these,18
c,17
has,16
an,16
no,16
well,16
r,16
more,16
also,16
change,15
other,15
their,14
was,14
insects,14
only,14
can,14
not,14
england,13
where,13
past,13
press,13
d,13
british,12
some,12
excavations,12
most,12
britain,12
about,12
probably,12
early,12
north,12
will,11
biological,11
but,11
many,11
environment,11
natural,11
now,10
they,10
history,10
s,10
even,10
found,10
though,10
were,10
often,10
area,10
insect,9
journal,9
river,9
time,9
v,9
times,9
would,9
so,9
problems,9
northern,9
palaeoclimate,9
distribution,9
city,9
remains,9
much,9
human,8
higher,8
rather,8
l,8
levels,8
factors,8
had,8
occupation,8
part,8
man,8
yorkshire,8
plant,8
both,8
flooding,8
if,7
later,7
imported,7
large,7
might,7
those,7
ad,7
possible,7
since,7
g,7
century,7
town,7
example,7
suggest,7
soil,7
ancient,7
two,7
williams,7
ecological,7
temperature,7
potential,7
limits,6
studies,6
source,6
far,6
nd,6
b,6
university,6
information,6
beetle,6
during,6
records,6
below,6
settlement,6
likely,6
various,6
economic,6
limited,6
southern,6
available,6
pattern,6
day,6
organisms,6
range,6
flood,6
especially,6
macgregor,6
when,6
over,6
cultivation,6
temperatures,6
one,5
modern,5
organic,5
nature,5
i,5
activity,5
throughout,5
royal,5
due,5
drainage,5
viticulture,5
site,5
clearly,5
important,5
result,5
sites,5
artefacts,5
work,5
buildings,5
minor,5
materials,5
interpretation,5
deterioration,5
areas,5
study,5
effect,5
we,5
society,5
associated,5
changing,5
extensive,5
known,5
different,5
particularly,5
better,5
plants,5
brunneus,5
provided,5
between,5
documentary,5
common,4
meteorological,4
settlements,4
before,4
first,4
aglenus,4
taken,4
seems,4
crops,4
existence,4
grape,4
main,4
unit,4
parts,4
means,4
locally,4
elsewhere,4
riverside,4
suggested,4
could,4
erosion,4
bug,4
further,4
dioica,4
favourable,4
data,4
winter,4
et,4
approach,4
least,4
indicators,4
excavation,4
small,4
research,4
seeds,4
up,4
south,4
habitats,4
still,4
ice,4
floods,4
east,4
al,4
towns,4
water,4
new,4
doubt,4
perhaps,4
ecology,4
local,4
assemblages,4
including,4
rare,4
general,4
summer,4
artificial,4
abundance,4
provide,4
science,4
series,4
must,4
set,4
lincolnshire,4
very,4
ones,4
cause,4
through,4
shown,4
although,4
land,4
ouse,4
recent,4
does,3
considerably,3
monthly,3
fluctuations,3
being,3
long,3
urtica,3
comparatively,3
great,3
indeed,3
date,3
magazine,3
establishment,3
regularly,3
climates,3
walls,3
britannia,3
represented,3
similar,3
importance,3
certain,3
n,3
gloucester,3
vineyards,3
vale,3
m,3
preference,3
based,3
lead,3
events,3
late,3
aspects,3
pollen,3
having,3
used,3
place,3
surrounding,3
skates,3
good,3
several,3
few,3
presence,3
always,3
generally,3
nettle,3
finds,3
activities,3
periods,3
matter,3
populations,3
above,3
make,3
yet,3
opportunities,3
restricted,3
published,3
volume,3
walled,3
averages,3
cultivated,3
habitat,3
contemporary,3
enough,3
centre,3
council,3
material,3
degree,3
made,3
increase,3
fourteenth,3
optimum,3
high,3
abundant,3
provides,3
systems,3
become,3
oak,3
millennia,3
hope,3
itself,3
following,3
paper,3
best,3
living,3
agricultural,3
while,3
almost,3
vineyard,3
trees,3
altered,3
introduced,3
layers,3
observed,3
fauna,3
grown,3
extremely,3
flora,3
vary,3
evidently,3
duration,3
strong,3
building,3
major,3
difficult,2
transportation,2
correlations,2
freezing,2
ready,2
affected,2
implies,2
introduction,2
buckland,2
reflection,2
complex,2
true,2
english,2
completely,2
conclusive,2
position,2
occurred,2
hints,2
consistent,2
sources,2
give,2
reach,2
warm,2
reasons,2
differences,2
accumulated,2
rich,2
respond,2
principal,2
political,2
system,2
growing,2
case,2
plain,2
recorded,2
task,2
iv,2
agriculture,2
account,2
e,2
marked,2
soils,2
point,2
sheltered,2
separating,2
exist,2
timber,2
relatively,2
kind,2
cases,2
elements,2
flourishing,2
interim,2
causing,2
response,2
houses,2
suitable,2
continuous,2
third,2
waterlogged,2
find,2
drawn,2
influence,2
whose,2
kenward,2
mean,2
determining,2
rescue,2
winters,2
methuen,2
affect,2
intensive,2
stored,2
proved,2
floras,2
weather,2
too,2
leston,2
nowadays,2
frozen,2
show,2
commonly,2
unsuitable,2
undertaken,2
coleoptera,2
vine,2
advance,2
carabidae,2
difficulty,2
changed,2
requirements,2
viking,2
huntingdonshire,2
weed,2
equally,2
urticae,2
population,2
produced,2
applied,2
near,2
possibility,2
because,2
basis,2
future,2
simms,2
london,2
civil,2
apparent,2
faunas,2
survey,2
eyre,2
anglia,2
systematic,2
trends,2
t,2
thirteenth,2
xestobium,2
reliable,2
contrast,2
quite,2
around,2
dried,2
wider,2
industry,2
county,2
annual,2
fortress,2
world,2
gross,2
situation,2
rchm,2
absence,2
palaeoecology,2
play,2
description,2
year,2
once,2
makes,2
under,2
fifth,2
specimens,2
complete,2
rubbish,2
experimental,2
industrial,2
rise,2
lamb,2
again,2
death,2
towards,2
projects,2
occurrence,2
foods,2
wine,2
considerable,2
conclusions,2
ground,2
necessary,2
frequency,2
encountered,2
status,2
understanding,2
greatest,2
survive,2
host,2
use,2
rivers,2
factor,2
origin,2
nothing,2
trust,2
low,2
three,2
warwickshire,2
like,2
epoch,2
preservation,2
repeated,2
shallow,2
caused,2
mainly,2
slightly,2
grain,2
relative,2
rufivillosum,2
cereals,2
indication,2
suggestion,2
fairly,2
favour,2
detailed,2
indicate,2
analysis,2
types,2
centuries,2
forest,2
regime,2
continental,2
colonization,2
each,2
seem,2
report,2
twelfth,2
rural,2
stinging,2
whether,2
making,2
particular,2
colder,2
extent,2
foundations,2
vol,2
episode,2
suggests,2
contain,2
middle,2
occasionally,2
affecting,2
obtain,2
results,2
until,2
cambridge,2
numerous,2
isles,2
offer,2
need,2
gloucestershire,2
increased,2
needs,2
themselves,2
geographical,2
damp,2
deposition,2
immediately,2
should,2
scandinavian,1
countryside,1
frequent,1
winds,1
margins,1
clustered,1
o,1
done,1
encountering,1
owes,1
ribblehead,1
overgrazing,1
invalidated,1
samples,1
horizontal,1
estimated,1
way,1
representing,1
curtailed,1
car,1
indicated,1
scholar,1
faced,1
represent,1
pale,1
dangers,1
extreme,1
extend,1
resulted,1
floodwaters,1
dissolution,1
combine,1
church,1
becoming,1
significant,1
agency,1
fate,1
stone,1
hull,1
formed,1
second,1
ways,1
ndb,1
former,1
unnatural,1
behaviour,1
character,1
into,1
tregaron,1
accentuated,1
detected,1
rome,1
permitted,1
spit,1
northward,1
test,1
experience,1
lower,1
accumulation,1
piles,1
sewer,1
either,1
explaining,1
stressed,1
reconstructions,1
grapes,1
certainly,1
distinguishing,1
angloscandinavian,1
warne,1
implications,1
attempts,1
military,1
rapid,1
season,1
attempt,1
permanently,1
all,1
bugs,1
possibilities,1
buildup,1
book,1
europe,1
route,1
tradition,1
explores,1
secondary,1
agrarian,1
blown,1
together,1
confirming,1
sprawling,1
able,1
atlantic,1
resulting,1
real,1
wall,1
vegetation,1
last,1
cheshire,1
influences,1
marine,1
coordinated,1
johns,1
papers,1
posts,1
depends,1
woodlands,1
issue,1
invasions,1
standstill,1
depending,1
accords,1
botanical,1
mcagregor,1
eastern,1
glaciation,1
bird,1
prone,1
bones,1
viscum,1
doubtlessly,1
hall,1
gardens,1
spottiswoode,1
soldier,1
sixteenth,1
artefactual,1
reaction,1
fluctuation,1
taxation,1
naturalist,1
west,1
apart,1
except,1
x,1
thicknesses,1
cited,1
apply,1
fossil,1
along,1
undoubtedly,1
correlation,1
unhappy,1
monastic,1
cotula,1
penetrate,1
sign,1
localized,1
dublin,1
usage,1
hwa,1
cemeteries,1
longhorn,1
reverse,1
development,1
latrines,1
lining,1
eating,1
professor,1
against,1
postulating,1
continuance,1
stow,1
scarce,1
interest,1
characteristic,1
accidentally,1
dozen,1
seemingly,1
mild,1
expected,1
spans,1
forced,1
progressive,1
speculative,1
crosses,1
concerning,1
convincing,1
amount,1
merest,1
fig,1
young,1
allowing,1
outweigh,1
compared,1
bone,1
left,1
single,1
ecclesiastical,1
misleading,1
packing,1
consequently,1
critique,1
apparently,1
jones,1
hardly,1
transactions,1
restricting,1
dyke,1
depths,1
fasciculatus,1
ridge,1
aim,1
drained,1
failed,1
poor,1
fitz,1
entomological,1
recognized,1
interbreeding,1
reflects,1
bog,1
without,1
identification,1
exact,1
observers,1
growth,1
destroy,1
absent,1
across,1
developed,1
watch,1
remain,1
culminating,1
process,1
deliberately,1
skating,1
opportunity,1
reworked,1
probability,1
storms,1
earlier,1
tidal,1
vinifera,1
animals,1
overlooked,1
scattered,1
periodic,1
support,1
reason,1
accounts,1
godwin,1
consider,1
possibly,1
established,1
retained,1
loess,1
elevated,1
numbers,1
impact,1
house,1
quantify,1
frequently,1
profile,1
w,1
incorrectly,1
situations,1
age,1
exploited,1
recovered,1
prima,1
additional,1
confuse,1
hertfordshire,1
isolation,1
followed,1
permanent,1
shifted,1
silt,1
care,1
warmer,1
providing,1
view,1
appear,1
greater,1
ranges,1
microclimate,1
closely,1
antiquaries,1
allow,1
demise,1
critically,1
sequel,1
temptation,1
attack,1
relating,1
extinct,1
pitfalls,1
representative,1
academic,1
substantiation,1
cultural,1
durham,1
wales,1
stock,1
appears,1
domestication,1
recently,1
moore,1
postroman,1
cannot,1
scale,1
otherwise,1
fish,1
wealth,1
entomology,1
record,1
outside,1
however,1
produce,1
confirmation,1
absolute,1
explain,1
wide,1
method,1
creates,1
hopkins,1
scene,1
criteria,1
climatically,1
taxes,1
gained,1
products,1
directly,1
supplanted,1
distinguish,1
marsh,1
waterlogging,1
swarms,1
overlying,1
bc,1
urens,1
nucleus,1
insignificance,1
already,1
concept,1
unless,1
brought,1
thorne,1
proportions,1
knowledge,1
edn,1
related,1
vitis,1
irish,1
stores,1
minority,1
pennines,1
parameters,1
palaeoclimatologists,1
inferences,1
accidental,1
us,1
transported,1
coppergate,1
away,1
accord,1
finberg,1
employed,1
reconstructing,1
doubtful,1
breakdown,1
contractions,1
famine,1
attributed,1
moraine,1
clearance,1
subtle,1
reoccupy,1
multiplicity,1
social,1
excavated,1
normally,1
viable,1
infestations,1
xxvi,1
emergent,1
cold,1
distances,1
handbooksfor,1
insolation,1
dromius,1
rarer,1
mediterranean,1
bank,1
involved,1
habitation,1
palaeoclimatic,1
fascicule,1
highly,1
components,1
eighth,1
decline,1
alluvial,1
usual,1
differing,1
impossible,1
warehouses,1
progress,1
extracted,1
dependent,1
resistance,1
games,1
unduly,1
grateful,1
preliminary,1
am,1
settle,1
actions,1
digging,1
deficiency,1
survived,1
f,1
therefore,1
he,1
helophorus,1
fly,1
io,1
reduced,1
lit,1
variety,1
requirement,1
polished,1
catchment,1
cessation,1
indicative,1
anthemis,1
short,1
gradual,1
located,1
fruit,1
planks,1
prove,1
narrowing,1
july,1
intolerance,1
wind,1
roads,1
spate,1
tends,1
selection,1
anticyclones,1
vicinity,1
postulate,1
frank,1
patches,1
oxford,1
ruderals,1
arrangements,1
suited,1
represents,1
soon,1
rain,1
continuity,1
domesday,1
koch,1
favouring,1
beams,1
acting,1
light,1
same,1
washes,1
ed,1
nineteenthcentury,1
begins,1
noted,1
increasingly,1
timbers,1
longiceps,1
avoided,1
independent,1
picture,1
fill,1
rings,1
street,1
transports,1
flash,1
fragmentation,1
similarly,1
addition,1
smith,1
fact,1
shows,1
longer,1
consideration,1
limit,1
coincidence,1
fundamental,1
tolsey,1
villa,1
striking,1
documents,1
abstract,1
frost,1
relict,1
regulation,1
disturbed,1
enable,1
banks,1
demonstrating,1
end,1
distributions,1
gley,1
hiatus,1
flyer,1
worn,1
serious,1
germanic,1
channel,1
men,1
patterns,1
ages,1
took,1
do,1
skeldergate,1
riding,1
flooded,1
road,1
accepted,1
pedological,1
forth,1
exotic,1
colony,1
foss,1
style,1
reconciled,1
conceivably,1
number,1
going,1
free,1
remarkably,1
elevation,1
multidisciplinary,1
doubled,1
interpreted,1
demonstrated,1
spongy,1
meaningful,1
domitian,1
discussion,1
unfavourable,1
discovery,1
explanation,1
chiefly,1
ecologically,1
limitations,1
tuberculatus,1
sufficiently,1
judge,1
recover,1
greenaway,1
interrelation,1
warming,1
encouraged,1
fiistorical,1
combining,1
succumbed,1
largely,1
satisfactorily,1
trend,1
kingdom,1
radiocarbon,1
full,1
previous,1
deforestation,1
eleventh,1
attraction,1
trade,1
open,1
significance,1
carabid,1
clear,1
discussed,1
sensitivity,1
publication,1
dominated,1
ireland,1
precipitation,1
genetics,1
doncaster,1
mask,1
beetles,1
collected,1
obtained,1
after,1
renewal,1
adequately,1
spent,1
promote,1
methods,1
sight,1
interpretations,1
colonia,1
deliberate,1
winterton,1
improbable,1
hard,1
geography,1
nettlebeds,1
destruction,1
radley,1
quarterly,1
decay,1
separate,1
rarity,1
increasing,1
suspects,1
european,1
carried,1
depth,1
speculate,1
respect,1
imply,1
stems,1
hemiptera,1
gyll,1
tentative,1
movements,1
sometimes,1
chance,1
usually,1
hectare,1
sunny,1
diffusa,1
reasonable,1
begin,1
widespread,1
concluding,1
seen,1
scrutinizing,1
restart,1
lawrence,1
contribution,1
originated,1
inadequate,1
rapidly,1
phytogeography,1
covering,1
antiquity,1
table,1
legionary,1
album,1
investigate,1
extensions,1
thick,1
meant,1
earliest,1
biology,1
considered,1
distributional,1
vastly,1
matters,1
stephen,1
campaign,1
seriously,1
then,1
comes,1
exemplified,1
tempting,1
simply,1
constituted,1
ever,1
continues,1
extension,1
precise,1
bronze,1
trenches,1
facie,1
besides,1
peat,1
heterogaster,1
pt,1
here,1
sustained,1
nda,1
butler,1
know,1
massee,1
rainfall,1
parietaria,1
country,1
readily,1
gazette,1
uninformative,1
cultures,1
worth,1
attribute,1
commission,1
capital,1
did,1
down,1
brick,1
colonisation,1
post,1
foundation,1
harvest,1
cavity,1
collectors,1
wingless,1
collins,1
contradictory,1
disperse,1
cautious,1
edaphic,1
build,1
associations,1
cities,1
historical,1
wood,1
essentially,1
evident,1
hint,1
hemp,1
believed,1
animal,1
beginning,1
tenth,1
william,1
according,1
johnson,1
unlikely,1
what,1
fuller,1
economy,1
notable,1
proceedings,1
investigation,1
combined,1
bristol,1
physiology,1
terms,1
selected,1
laying,1
references,1
unsuitability,1
theory,1
linger,1
institute,1
installations,1
cloth,1
osborne,1
influenced,1
reclamation,1
amelioration,1
size,1
excavational,1
retentive,1
level,1
alterations,1
recognition,1
protected,1
given,1
conclude,1
sea,1
leicester,1
prevalent,1
confirm,1
became,1
role,1
constricted,1
subject,1
transition,1
hesperophanes,1
contribute,1
pests,1
reconstruct,1
rotting,1
exceptionally,1
isolated,1
estates,1
aspect,1
dominant,1
our,1
come,1
anaerobic,1
false,1
inefficient,1
wild,1
formation,1
sediments,1
years,1
difference,1
disposal,1
furrow,1
average,1
breed,1
decrease,1
defence,1
mert,1
finally,1
vernacular,1
course,1
contributed,1
approximately,1
instead,1
specialists,1
product,1
substantiated,1
effects,1
nettles,1
prosperity,1
clues,1
await,1
association,1
spots,1
stray,1
deductions,1
comparison,1
occurrences,1
offered,1
assumed,1
outlyers,1
intolerant,1
km,1
supply,1
succeeded,1
reached,1
norman,1
civilian,1
severely,1
little,1
detection,1
synanthropy,1
arnold,1
broader,1
unrepresentative,1
showed,1
close,1
occur,1
retrospect,1
richly,1
continuously,1
