WORDCOUNTS,WEIGHT
and,30
the,21
of,18
in,15
archaeology,10
to,6
archaeological,6
a,5
james,5
new,5
luxury,5
andrew,5
at,4
van,4
w,4
from,4
evolutionary,4
community,4
susan,4
indexes,3
australia,3
volume,3
david,3
ecology,3
der,3
foraging,3
subsistence,3
on,3
heide,2
f,2
el,2
rascha,2
islamic,2
michael,2
strategies,2
saleh,2
tipene,2
kelvin,2
g,2
that,2
l,2
an,2
darren,2
optimal,2
caroline,2
sharyn,2
ngati,2
nasr,2
dilys,2
m,2
mexico,2
jorg,2
e,2
r,2
lori,2
examples,2
for,2
foods,2
food,2
rodney,2
timothy,2
mohammed,2
access,2
perspective,2
zealand,2
world,2
francis,2
among,2
taylor,2
north,2
nasser,2
during,2
stefanie,2
jones,2
index,2
central,2
wim,2
max,2
lamya,2
is,2
v,2
relationships,1
using,1
strengthening,1
transforming,1
tiwi,1
historiography,1
rachel,1
age,1
analogues,1
maclean,1
are,1
archaeobotanical,1
late,1
empire,1
development,1
fiji,1
online,1
tests,1
contexts,1
narratives,1
fort,1
marijke,1
case,1
approach,1
helen,1
prehistoric,1
wdhi,1
first,1
andean,1
wealth,1
ngaro,1
population,1
perspectives,1
beyond,1
when,1
edge,1
people,1
behavioural,1
thinking,1
ethiopia,1
t,1
peter,1
noble,1
explaining,1
ltd,1
swadhin,1
with,1
change,1
inference,1
social,1
theory,1
issn,1
contributors,1
ecological,1
what,1
fauna,1
routledge,1
ugan,1
pomegranates,1
public,1
southern,1
bronze,1
traci,1
elston,1
patrick,1
brian,1
kitty,1
interpretation,1
production,1
human,1
evidence,1
kirch,1
breadth,1
sexual,1
medieval,1
great,1
maya,1
project,1
gao,1
behavior,1
jack,1
vol,1
fields,1
eastern,1
status,1
bakels,1
affect,1
mediterranean,1
museums,1
unequal,1
alteration,1
shellmound,1
into,1
harry,1
lost,1
testable,1
encounter,1
gardening,1
spatial,1
ideal,1
water,1
gatherers,1
asia,1
emeryville,1
buckley,1
caring,1
archaeologies,1
steven,1
concept,1
egypt,1
handling,1
corrie,1
group,1
maximizing,1
ceramic,1
zooarchaeology,1
roman,1
linking,1
insights,1
conner,1
europe,1
imagined,1
between,1
collaboration,1
did,1
chunchucmil,1
societies,1
pragmatic,1
clayton,1
lisa,1
ethnoarchaeology,1
research,1
basin,1
southeast,1
yvonne,1
about,1
prearchaic,1
frank,1
melville,1
through,1
knowledge,1
study,1
effect,1
gamo,1
carol,1
division,1
arctic,1
time,1
gridded,1
structure,1
jason,1
were,1
secularized,1
wetlands,1
descendants,1
early,1
east,1
context,1
carina,1
canada,1
john,1
tim,1
articles,1
stephanie,1
use,1
vanua,1
hypotheses,1
domesticates,1
northern,1
religion,1
mollusk,1
diet,1
have,1
bahrain,1
evaluating,1
technology,1
evaluation,1
anton,1
past,1
polynesians,1
stephen,1
labor,1
anne,1
western,1
harrison,1
groote,1
vertebrate,1
conversations,1
hawaii,1
brewing,1
outside,1
animals,1
prey,1
shelley,1
animal,1
cheryl,1
collaborative,1
personal,1
transformations,1
ethnoarchaeological,1
retention,1
robert,1
differential,1
spoken,1
cultural,1
input,1
