WORDCOUNTS,WEIGHT
and,60
of,59
the,50
archaeology,36
in,29
to,14
a,12
uk,12
by,10
university,9
for,9
as,9
is,8
or,8
are,8
routledge,8
publication,8
at,7
london,7
from,7
past,7
population,7
be,7
early,7
new,6
vol,6
world,6
high,5
any,5
all,5
reading,5
archaeological,5
social,5
on,5
no,4
college,4
with,4
technology,4
ed,4
subscription,4
that,4
j,4
papers,4
above,4
issues,4
research,4
north,4
should,4
may,3
will,3
it,3
m,3
site,3
square,3
institutions,3
submission,3
gowlett,3
methods,3
approaches,3
addressed,3
ancient,3
po,3
department,3
published,3
resolution,3
human,3
colonization,3
time,3
institute,3
opy,3
art,3
food,3
editorial,3
individuals,3
usa,3
box,3
enquiries,3
journal,3
gordon,3
perspectives,2
contact,2
economic,2
been,2
techniques,2
subsistence,2
reconstruction,2
spatial,2
analysis,2
whiteknights,2
oxford,2
miscellany,2
months,2
articles,2
studies,2
processing,2
before,2
these,2
regional,2
dept,2
t,2
policy,2
please,2
street,2
ii,2
cover,2
each,2
water,2
definition,2
aspect,2
including,2
s,2
available,2
p,2
liverpool,2
issue,2
john,2
i,2
type,2
february,2
date,2
political,2
durham,2
terms,2
form,2
see,2
case,2
books,2
demography,2
aspects,2
design,2
journals,2
planning,2
october,2
invited,2
copies,2
palaeodemographic,2
writing,2
processes,2
subscriptions,2
southampton,2
theme,2
lists,2
trade,2
editor,2
this,2
have,2
contributors,2
include,2
field,2
palaeolithic,2
concerning,2
june,2
back,2
systems,2
k,2
single,2
james,2
copyright,2
technological,2
recent,2
traditions,2
rates,2
row,2
f,1
caves,1
not,1
transhumance,1
related,1
islamic,1
rate,1
annum,1
page,1
limits,1
africa,1
common,1
sometimes,1
kenneth,1
usually,1
pilgrimage,1
licensing,1
groups,1
glasgow,1
tropics,1
obtained,1
brian,1
bound,1
hoarding,1
landscape,1
others,1
environmental,1
levels,1
order,1
islands,1
coastal,1
presentation,1
remote,1
monuments,1
dimensions,1
conceptions,1
directions,1
environments,1
still,1
spi,1
interactions,1
per,1
germany,1
church,1
b,1
american,1
christian,1
complex,1
andover,1
contributions,1
innovation,1
study,1
agency,1
britain,1
about,1
indus,1
edited,1
fetter,1
museum,1
permission,1
eighteen,1
arid,1
typeset,1
empires,1
jonathan,1
pp,1
monumental,1
soon,1
licenses,1
under,1
considered,1
bain,1
chronology,1
stephen,1
us,1
quantitative,1
colonialism,1
specimens,1
demographic,1
anthropological,1
marshall,1
specialization,1
suggestions,1
chris,1
quarries,1
invite,1
essential,1
culture,1
following,1
traces,1
acheulean,1
accordance,1
accelerated,1
observations,1
w,1
upper,1
industrial,1
age,1
climatic,1
ethnoarchaeology,1
complexes,1
two,1
begins,1
linguistics,1
moments,1
architecture,1
soils,1
only,1
surface,1
priced,1
kenoyer,1
submit,1
yorkshire,1
members,1
asterisk,1
more,1
critiques,1
sciences,1
offers,1
law,1
moose,1
lamotte,1
microstratigraphic,1
weaponry,1
marcy,1
postage,1
again,1
address,1
management,1
musical,1
stellmoor,1
history,1
rb,1
currency,1
many,1
advertisements,1
intending,1
analytical,1
prehistoric,1
based,1
ceramic,1
book,1
consideration,1
innovations,1
plateau,1
agenda,1
riverine,1
societies,1
buddhist,1
pressure,1
found,1
pastoralism,1
printed,1
gosden,1
faunal,1
great,1
current,1
treatments,1
hoards,1
post,1
humid,1
classical,1
end,1
religion,1
survey,1
reproduction,1
listing,1
illustration,1
man,1
interpretations,1
feature,1
shennan,1
vo,1
somme,1
watercraft,1
last,1
late,1
pettitt,1
hants,1
further,1
biogeography,1
sacred,1
agriculture,1
those,1
geography,1
enloe,1
pitt,1
threads,1
explanations,1
road,1
reviews,1
rahway,1
burial,1
designs,1
relevant,1
contents,1
list,1
system,1
evaluation,1
particular,1
otherwise,1
material,1
core,1
pleistocene,1
theory,1
has,1
ethnography,1
stapert,1
public,1
number,1
iv,1
francoise,1
hartley,1
studying,1
addresses,1
well,1
sites,1
explored,1
interpreting,1
cheriton,1
rock,1
holocene,1
prior,1
some,1
r,1
marked,1
audouze,1
technologies,1
urban,1
work,1
middle,1
periodicals,1
intimate,1
permitted,1
received,1
treated,1
richard,1
possible,1
insights,1
future,1
transport,1
nomads,1
bell,1
except,1
part,1
through,1
banbury,1
yvonne,1
agnes,1
knowledge,1
apparent,1
communication,1
apply,1
anticipated,1
nutrition,1
publishers,1
its,1
data,1
reprographic,1
encouraged,1
assumptions,1
use,1
warfare,1
island,1
alain,1
rivers,1
titles,1
bradley,1
congress,1
ideas,1
questions,1
eligible,1
advertising,1
which,1
were,1
personal,1
full,1
publish,1
review,1
cemeteries,1
formation,1
theories,1
dating,1
theoretical,1
symbolic,1
patents,1
gilchrist,1
such,1
disappear,1
three,1
elk,1
made,1
welcomed,1
chemical,1
g,1
charge,1
health,1
peter,1
change,1
precise,1
issn,1
applicable,1
times,1
mesopotamia,1
although,1
mailing,1
land,1
issued,1
price,1
d,1
building,1
general,1
function,1
optimum,1
fr,1
chronologies,1
sample,1
dick,1
mines,1
regular,1
submissions,1
roberta,1
discounted,1
excavation,1
cutler,1
thomas,1
reuse,1
urbanization,1
stored,1
david,1
ceramics,1
specific,1
few,1
subjects,1
jones,1
architectural,1
normally,1
stones,1
six,1
craft,1
become,1
biomolecular,1
saddler,1
c,1
intrasite,1
tended,1
publications,1
structure,1
storage,1
pratt,1
up,1
y,1
valley,1
instruments,1
hayden,1
results,1
paid,1
details,1
correspondence,1
pakistan,1
production,1
inquiries,1
language,1
notes,1
stone,1
an,1
itps,1
questioning,1
federmesser,1
activities,1
martin,1
archaeometallurgy,1
