WORDCOUNTS,WEIGHT
the,523
of,288
and,253
in,191
a,170
to,119
wari,100
mortuary,99
that,78
were,70
is,68
at,64
as,64
isbell,53
with,52
been,49
for,48
de,48
from,46
was,44
remains,43
j,38
by,38
be,38
ayacucho,37
et,37
al,37
also,37
have,36
other,35
chamber,35
burial,33
are,33
this,31
peru,30
several,30
not,30
on,29
it,28
has,28
type,27
valley,27
conchopata,26
an,25
m,22
individuals,21
but,21
found,20
valdez,20
archaeological,20
one,19
marayniyoq,19
his,19
had,19
structure,19
burials,18
these,18
small,18
university,17
horizon,17
middle,17
cook,17
chambers,17
human,16
social,16
more,16
we,16
there,15
site,15
l,15
could,15
archaeology,15
information,15
universidad,14
tombs,14
excavated,14
or,14
only,14
which,14
h,13
into,13
some,13
such,13
g,13
their,13
two,13
different,13
e,12
practices,12
all,12
bones,12
may,12
en,12
about,12
time,12
grave,12
made,12
k,12
types,12
studies,11
seqllas,11
similar,11
bodies,11
ochatoma,11
cabrera,11
structures,11
andean,11
posoqoypata,11
selected,11
while,11
variability,11
does,10
stone,10
than,10
study,10
used,10
society,10
located,10
preferences,10
new,10
references,10
evidence,10
complex,9
long,9
el,9
lidio,9
cists,9
w,9
placed,9
well,9
sites,9
del,9
san,9
same,9
perhaps,9
nacional,9
contained,9
over,9
very,9
typology,9
if,8
being,8
first,8
excavations,8
adult,8
main,8
additional,8
out,8
research,8
various,8
addition,8
can,8
any,8
associated,8
must,8
tomb,8
pit,8
both,8
city,8
he,7
room,7
state,7
interments,7
central,7
rooms,7
though,7
buried,7
because,7
published,7
make,7
pp,7
where,7
style,7
decorated,7
individual,7
carried,7
inside,7
arqueologia,7
who,7
capital,7
goods,7
press,7
our,7
d,7
c,7
cist,6
they,6
large,6
offerings,6
simple,6
within,6
accessible,6
american,6
y,6
after,6
possibly,6
lima,6
argued,6
rectangular,6
data,6
work,6
received,6
part,6
during,6
cristobal,6
included,6
boletin,6
plate,6
covered,6
another,6
cranial,6
roof,6
skulls,6
elaborate,6
presence,6
inka,5
way,5
interred,5
those,5
political,5
chest,5
deformation,5
ritual,5
includes,5
clay,5
body,5
apparently,5
without,5
highlands,5
eight,5
organization,5
house,5
most,5
tiwanaku,5
cannot,5
possibility,5
its,5
buildings,5
world,5
south,5
above,5
vicinity,5
under,5
culture,5
already,5
sector,5
many,5
treatment,5
patterns,5
ages,5
region,5
provide,5
analysis,5
deposited,5
constructed,5
wall,5
carefully,5
multiple,5
difference,5
between,5
gold,5
catolica,4
position,4
paper,4
women,4
lower,4
t,4
valle,4
ciencias,4
available,4
date,4
wamanga,4
mass,4
thus,4
hierarchy,4
fig,4
young,4
even,4
journal,4
walls,4
no,4
megalithic,4
una,4
population,4
disarticulated,4
changes,4
females,4
important,4
p,4
facultad,4
equally,4
circular,4
appears,4
recently,4
r,4
fit,4
nasca,4
settlement,4
provided,4
critical,4
ceremonial,4
single,4
cylindrical,4
ancient,4
scholars,4
discussed,4
fragments,4
see,4
considering,4
described,4
would,4
spondylus,4
do,4
la,4
bettcher,4
juan,4
centuries,4
lumbreras,4
seem,4
unknown,4
regard,4
according,4
her,4
presented,4
pits,4
ignored,4
finding,4
instead,4
include,4
sacrificial,4
states,4
pieces,4
ayllu,4
difficult,3
currently,3
groups,3
flexed,3
center,3
settlements,3
inequality,3
contexts,3
production,3
implications,3
s,3
secondary,3
machaca,3
scheme,3
last,3
skull,3
capstone,3
case,3
plain,3
victims,3
cheqo,3
household,3
representing,3
since,3
due,3
author,3
orqo,3
kind,3
slabs,3
mixed,3
resting,3
items,3
wasi,3
misleading,3
mcewan,3
generations,3
represented,3
discoveries,3
shell,3
reason,3
established,3
huamanga,3
latin,3
age,3
benavides,3
recovered,3
whereas,3
greater,3
further,3
left,3
ceramics,3
basis,3
artifacts,3
schreiber,3
occupants,3
intermediate,3
seated,3
participated,3
toqo,3
sociopolitical,3
interpreted,3
status,3
ethnicity,3
los,3
field,3
next,3
order,3
peruvian,3
bottle,3
coast,3
f,3
turquoise,3
underground,3
doctoral,3
indicates,3
roads,3
interpretation,3
floor,3
department,3
reports,3
noted,3
useful,3
lack,3
members,3
others,3
idea,3
areas,3
instituto,3
mummy,3
forms,3
outside,3
floors,3
roofless,3
original,3
discussion,3
explanation,3
elite,3
significant,3
discovered,3
jose,3
held,3
period,3
general,3
housed,3
earlier,3
latter,3
polygyny,3
graves,3
construction,3
probably,3
ranging,3
dead,3
veneration,3
looted,3
sealed,3
mixture,3
male,3
nawimpukyo,3
hierarchical,3
association,3
gathered,3
considered,3
dissertation,3
sexes,3
peoples,3
bioarchaeological,3
known,3
haphazardly,3
anthropological,3
argue,3
clearly,3
las,3
offering,3
huari,3
limbs,3
urban,3
size,3
entrance,3
through,3
isolated,3
years,3
cambridge,3
pontificia,3
summary,3
abandoned,3
much,3
building,3
built,3
common,2
later,2
iowa,2
resulted,2
thrown,2
group,2
approaches,2
before,2
arguing,2
negative,2
incomplete,2
licenciatura,2
modest,2
every,2
certainly,2
originally,2
suggesting,2
accompanied,2
highland,2
great,2
differences,2
compounds,2
location,2
sometime,2
generalizations,2
resulting,2
niche,2
subsequent,2
investigations,2
quechua,2
ad,2
issue,2
side,2
primary,2
vol,2
knife,2
prior,2
condition,2
prehispanic,2
vlnstitut,2
far,2
collection,2
regarding,2
development,2
concentrations,2
vault,2
perspective,2
six,2
allowing,2
bone,2
third,2
fineware,2
simplistic,2
influence,2
acknowledge,2
poor,2
recognized,2
rather,2
polygynous,2
doctorate,2
developed,2
how,2
altar,2
opportunity,2
lay,2
lea,2
monumental,2
objects,2
teaches,2
section,2
elsewhere,2
proposed,2
n,2
numbers,2
upper,2
solid,2
origins,2
metal,2
uncritically,2
view,2
appear,2
iconography,2
conquest,2
prehistoric,2
based,2
method,2
centers,2
luxury,2
initial,2
academic,2
chakipampa,2
mummies,2
hacia,2
cremated,2
desde,2
tools,2
residential,2
fetuses,2
facilities,2
dumbarton,2
sacrifice,2
hierarchies,2
having,2
pedro,2
aqo,2
publish,2
bragayrac,2
andes,2
reader,2
future,2
vertebrae,2
indigenous,2
bowl,2
beads,2
optar,2
conform,2
stones,2
contrast,2
hole,2
around,2
family,2
shapes,2
few,2
highly,2
ancestors,2
texas,2
up,2
smashed,2
cite,2
will,2
bedrock,2
partially,2
second,2
minor,2
architecture,2
brief,2
comments,2
once,2
interment,2
kluwer,2
complete,2
nawpa,2
skeletons,2
power,2
again,2
death,2
towards,2
ceramic,2
contemporary,2
present,2
road,2
doorways,2
children,2
gives,2
number,2
demonstrated,2
isbelps,2
understanding,2
extended,2
examples,2
treated,2
discovery,2
previously,2
silverman,2
tung,2
findings,2
mummified,2
previous,2
muyo,2
open,2
authors,2
architectural,2
so,2
administrative,2
tangible,2
provides,2
roofs,2
facing,2
craft,2
ann,2
northern,2
pottery,2
moquegua,2
fails,2
factors,2
suggestion,2
para,2
modification,2
ideology,2
presentado,2
bulletin,2
dimensions,2
un,2
recognize,2
canada,2
indicate,2
isbelfs,2
why,2
often,2
sharp,2
wives,2
imperialism,2
gonzalez,2
ash,2
burned,2
following,2
conclusion,2
version,2
practicas,2
here,2
acari,2
shortcoming,2
each,2
anthropology,2
cultures,2
interested,2
muyu,2
wealthy,2
constructions,2
domestic,2
ideological,2
cavity,2
particularly,2
just,2
better,2
unlikely,2
explanations,2
investigation,2
them,2
males,2
katrina,2
menzel,2
vessels,2
preserved,2
reported,2
introduced,2
despite,2
mayor,2
intended,2
mention,2
coming,2
analysts,2
promoted,2
chile,2
until,2
models,2
accept,2
although,2
heartland,2
defined,2
area,2
horizonte,2
specific,2
supported,2
potential,2
assumed,2
consisted,2
given,2
observed,2
broader,2
customs,2
occur,2
asociados,1
tainter,1
now,1
cookbook,1
rurales,1
limits,1
generalization,1
indicated,1
dug,1
represent,1
berrocal,1
determine,1
pierce,1
northeast,1
red,1
hyslop,1
miguel,1
durante,1
originating,1
fragmented,1
introduction,1
deciduous,1
per,1
contemporaneous,1
conducted,1
arqueologico,1
envisioned,1
kinds,1
agency,1
elaborated,1
identify,1
designed,1
maize,1
ma,1
formed,1
likely,1
miriam,1
library,1
actividad,1
unfortunately,1
niched,1
cuzco,1
postprocessual,1
satisfied,1
former,1
reduced,1
excavation,1
necessarily,1
trabajo,1
history,1
unlike,1
francis,1
basalt,1
variants,1
total,1
holding,1
excavaciones,1
pots,1
interpretative,1
migration,1
nuevas,1
source,1
highlight,1
accumulation,1
reinos,1
member,1
sit,1
archaeologists,1
else,1
corriente,1
sources,1
isla,1
diatomite,1
wayqo,1
setting,1
taken,1
military,1
kneel,1
mortuorias,1
opted,1
asserts,1
worked,1
nortena,1
referees,1
seems,1
vladimir,1
containing,1
incorporating,1
limb,1
societies,1
textiles,1
assertion,1
together,1
display,1
thank,1
accumulated,1
fully,1
studied,1
able,1
government,1
thanks,1
uncovered,1
take,1
i,1
help,1
principal,1
classified,1
reading,1
system,1
existence,1
eastern,1
east,1
king,1
northsouth,1
america,1
incorporate,1
hall,1
right,1
trophy,1
nawimpuquio,1
account,1
opened,1
possible,1
determined,1
estudio,1
secuencia,1
cap,1
peruanos,1
establishing,1
october,1
insight,1
ventral,1
vital,1
obvious,1
west,1
occurring,1
desired,1
variations,1
point,1
ignores,1
indicating,1
shellfish,1
sobre,1
anticipated,1
totally,1
himself,1
minimum,1
plenty,1
marcial,1
conclusively,1
inventory,1
behavior,1
sanchez,1
pursuing,1
fredy,1
empires,1
diversity,1
consult,1
repeatedly,1
throughout,1
reused,1
veracity,1
medio,1
explained,1
distinctive,1
difficulties,1
economia,1
against,1
funerario,1
congreso,1
unpublished,1
divine,1
interest,1
relatively,1
relations,1
prehistoria,1
durant,1
club,1
cultural,1
grouped,1
unwillingness,1
funeraria,1
jr,1
assessment,1
sample,1
expected,1
rank,1
cases,1
distinct,1
nor,1
old,1
maximo,1
ediciones,1
convincing,1
contrary,1
lineage,1
compared,1
kinship,1
continuous,1
find,1
like,1
drawn,1
deceased,1
critique,1
understood,1
delivered,1
bypassed,1
master,1
cites,1
poorly,1
massey,1
costa,1
aim,1
online,1
interesting,1
topic,1
pigments,1
existent,1
centered,1
angeles,1
neatly,1
excavators,1
punto,1
lasted,1
b,1
sacrificed,1
danger,1
arbor,1
space,1
supposed,1
gathering,1
support,1
understand,1
category,1
janampa,1
prehistory,1
marcelina,1
consider,1
specialization,1
linked,1
informe,1
traces,1
articulated,1
plaster,1
omo,1
too,1
profile,1
four,1
powerful,1
beyond,1
instance,1
care,1
syntheses,1
article,1
calgary,1
providing,1
cut,1
fluid,1
jocelyn,1
opening,1
salvage,1
concentration,1
questioned,1
allow,1
carmichael,1
entered,1
treatments,1
effort,1
seven,1
underneath,1
deal,1
estudios,1
international,1
franfais,1
carolina,1
commoners,1
evaluate,1
notas,1
huanta,1
neighboring,1
occupation,1
founder,1
traits,1
boxes,1
polishing,1
halls,1
hinterland,1
michigan,1
keywords,1
produced,1
wealth,1
carre,1
networks,1
public,1
acknowledgements,1
impression,1
briefly,1
receive,1
shape,1
network,1
xxxv,1
updated,1
bc,1
scope,1
organize,1
tool,1
start,1
claim,1
elson,1
discusses,1
placements,1
knowledge,1
apparent,1
overlay,1
comment,1
penetrating,1
revealed,1
positions,1
place,1
editorial,1
plastered,1
oaks,1
knees,1
internacional,1
funerarias,1
complemented,1
couple,1
rulership,1
rowe,1
militarism,1
own,1
enthusiastic,1
memoirs,1
carlos,1
approach,1
cults,1
massacre,1
depicting,1
anadenanthera,1
considers,1
colubrine,1
caused,1
level,1
below,1
responsibility,1
suggest,1
tested,1
holes,1
neonates,1
box,1
wrong,1
emphasizes,1
raul,1
exclude,1
quite,1
davila,1
textual,1
attention,1
tantalizing,1
characteristics,1
smithsonian,1
arquitectura,1
facility,1
niches,1
distinguished,1
suddenly,1
always,1
annual,1
generally,1
alfredo,1
progress,1
st,1
emperor,1
results,1
describes,1
paid,1
notes,1
value,1
finds,1
rest,1
disturbing,1
grado,1
subsequently,1
chronological,1
flourished,1
perspectivas,1
edith,1
pedagogico,1
personage,1
camelid,1
evidencias,1
materials,1
papers,1
scientific,1
populations,1
identified,1
short,1
comparative,1
expansion,1
antiguo,1
benson,1
acknowledged,1
positioned,1
whatever,1
still,1
semicircular,1
expanded,1
inhabited,1
religious,1
templo,1
positive,1
rondinel,1
artes,1
pader,1
elaboration,1
museum,1
reference,1
permission,1
makes,1
thought,1
soon,1
trent,1
sex,1
chronology,1
orange,1
neither,1
reflects,1
promotes,1
tiffiny,1
amend,1
confirmed,1
williams,1
bar,1
regional,1
double,1
rings,1
inhabitants,1
toward,1
flat,1
rock,1
repensando,1
demographic,1
ossuary,1
doorway,1
consideration,1
preserve,1
head,1
occurrence,1
occupations,1
beliefs,1
abstract,1
disturbed,1
predominated,1
gudelia,1
reasoning,1
knobloch,1
debates,1
doubt,1
variation,1
mold,1
considerable,1
man,1
utilize,1
entertained,1
removal,1
never,1
conclusions,1
precinct,1
slavishly,1
ground,1
annular,1
validity,1
empire,1
relevant,1
flesh,1
council,1
eg,1
practice,1
deep,1
binford,1
teeth,1
preparation,1
ignoring,1
realize,1
anticipate,1
remained,1
argues,1
interpreting,1
venerated,1
analyzed,1
franpais,1
situated,1
eastfacing,1
writings,1
deliberately,1
enormous,1
lozada,1
skeletal,1
encouraged,1
top,1
municipalidad,1
varying,1
empirical,1
use,1
looting,1
largely,1
refers,1
factor,1
ideas,1
questions,1
ethnic,1
salvador,1
marcos,1
continue,1
fitted,1
cultura,1
moncloacampodonico,1
significance,1
landscapes,1
monjachayoq,1
clear,1
urbana,1
sherd,1
three,1
directed,1
periodo,1
amounts,1
crania,1
issn,1
david,1
helpful,1
palpa,1
creating,1
caso,1
mexico,1
filled,1
shortly,1
accurate,1
probable,1
anyone,1
black,1
least,1
men,1
artificial,1
senorio,1
bachiller,1
preponderance,1
cano,1
especially,1
comparing,1
enough,1
magno,1
systems,1
chapel,1
relation,1
hoshower,1
vinaque,1
exactly,1
confederaciones,1
buikstra,1
ethnohistory,1
shelbourne,1
institution,1
positioning,1
sole,1
separate,1
infants,1
viracochapampa,1
indication,1
fifty,1
alex,1
publishing,1
irregular,1
humanities,1
window,1
she,1
bold,1
figure,1
five,1
vision,1
claimed,1
hill,1
autonoma,1
becomes,1
directing,1
seen,1
dirt,1
determination,1
cementerio,1
figurine,1
antiquity,1
hope,1
surprising,1
elderly,1
respect,1
stratified,1
mother,1
exists,1
investigate,1
joseph,1
fundaciones,1
ie,1
chests,1
claims,1
cavero,1
sections,1
proof,1
suggestions,1
authorities,1
curious,1
exercised,1
eventually,1
fifteen,1
monument,1
sorting,1
moqo,1
comparison,1
condor,1
patios,1
complexes,1
demonstrate,1
simply,1
extensive,1
determinants,1
potter,1
membership,1
perforated,1
north,1
text,1
sciences,1
set,1
mirrors,1
know,1
mantaro,1
paolo,1
control,1
armando,1
cemetery,1
correspond,1
carpals,1
worth,1
neglected,1
lying,1
jorge,1
variable,1
believe,1
best,1
victoria,1
teodardo,1
current,1
report,1
foundation,1
benefit,1
reflected,1
build,1
differed,1
guinea,1
past,1
closest,1
works,1
exited,1
advances,1
pushing,1
concrete,1
subterranean,1
comprension,1
cautions,1
what,1
heads,1
notable,1
cremations,1
prefers,1
adults,1
making,1
particular,1
mandible,1
bolognesi,1
series,1
attitudes,1
robles,1
especialistas,1
leaving,1
consisting,1
poblado,1
project,1
explored,1
precedent,1
when,1
ideal,1
museo,1
contain,1
categories,1
fourteen,1
unnoticed,1
cosmology,1
conference,1
martha,1
miniature,1
vista,1
researchers,1
outline,1
occasionally,1
culturas,1
tupus,1
rroutledqe,1
little,1
uniform,1
fenomeno,1
beer,1
federico,1
step,1
territory,1
investigated,1
contribute,1
highranking,1
ranks,1
dorsal,1
tavlor,1
evidenced,1
childhood,1
luxurious,1
poblados,1
perspectiva,1
enthusiasm,1
formation,1
shown,1
recording,1
chiribaya,1
differentiation,1
editor,1
reproductions,1
stratification,1
grant,1
imperative,1
pierced,1
move,1
adoration,1
dense,1
physical,1
sur,1
conquered,1
ernesto,1
colleagues,1
off,1
bigger,1
speak,1
untouched,1
practiced,1
anonymous,1
needs,1
carr,1
vessel,1
removed,1
valuable,1
certainty,1
elites,1
reached,1
alberto,1
create,1
early,1
views,1
develop,1
among,1
dedicatory,1
recent,1
whistle,1
should,1
camara,1
showed,1
urns,1
arizona,1
