WORDCOUNTS,WEIGHT
the,434
of,251
and,149
a,134
in,120
to,99
on,67
orkney,57
from,54
be,53
this,50
is,48
sea,48
that,42
cairns,41
monuments,35
was,32
scotland,30
as,29
northern,29
are,28
would,26
been,25
for,25
neolithic,25
at,24
were,24
can,24
it,23
have,23
mainland,22
by,22
coast,22
they,21
not,21
areas,19
has,19
with,18
an,18
islands,17
these,17
two,17
around,17
long,16
between,16
located,15
only,15
island,15
c,15
but,14
there,14
cairn,14
landscapes,13
chambered,13
round,12
many,12
location,12
marine,12
land,12
d,12
evidence,12
coastal,11
similar,11
visible,11
or,10
monument,10
more,10
side,10
such,10
seascapes,10
south,9
seen,9
view,9
constructed,9
settlement,9
major,9
across,8
their,8
one,8
pp,8
also,8
different,8
phillips,8
s,8
past,8
where,8
case,8
material,8
some,8
which,8
locations,8
regions,8
tim,8
close,8
much,8
critical,7
coastline,7
group,7
study,7
most,7
j,7
present,7
sites,7
rousay,7
prominent,7
region,7
point,7
along,7
archaeological,7
points,7
research,7
admiralty,7
world,7
than,7
landscape,6
levels,6
make,6
mesolithic,6
university,6
lower,6
towards,6
out,6
form,6
british,6
r,6
work,6
both,6
contours,6
part,6
related,6
journal,6
its,6
accessible,6
although,6
remains,6
likely,5
way,5
figure,5
bays,5
channel,5
movement,5
complex,5
often,5
use,5
sited,5
other,5
important,5
each,5
how,5
within,5
pattern,5
shapinsay,5
what,5
particular,5
wide,5
another,5
activity,5
topographical,5
fraser,5
significant,5
people,5
open,5
isles,5
archaeology,5
small,5
m,5
channels,5
narrow,5
when,5
north,5
society,5
tombs,4
european,4
headlands,4
impressive,4
hill,4
megalithic,4
does,4
backdrop,4
certain,4
area,4
tend,4
travelling,4
considered,4
western,4
any,4
memories,4
journeys,4
being,4
topographically,4
mark,4
over,4
caithness,4
water,4
distribution,4
prehistoric,4
lack,4
found,4
p,4
very,4
number,4
further,4
v,4
opposite,4
landmarks,4
similarities,4
fish,4
deep,4
travel,4
day,4
valleys,4
aspects,4
press,4
models,4
g,4
outer,4
level,4
period,4
bay,4
especially,4
early,4
probably,4
even,4
coasts,4
activities,4
seascape,4
relationship,3
may,3
edge,3
his,3
medieval,3
identified,3
quarries,3
e,3
per,3
tidal,3
siting,3
about,3
interpretation,3
reference,3
approaches,3
itself,3
publications,3
involved,3
monumental,3
general,3
stable,3
culture,3
watson,3
same,3
bp,3
something,3
impact,3
shore,3
reports,3
recovered,3
quaternary,3
seaward,3
control,3
all,3
cent,3
orcadian,3
europe,3
route,3
could,3
richards,3
larger,3
fishing,3
i,3
dead,3
just,3
passage,3
do,3
context,3
them,3
references,3
cyclades,3
eastern,3
local,3
crested,3
w,3
sturt,3
archipelago,3
scatters,3
made,3
eynhallow,3
assemblages,3
through,3
resources,3
cnoc,3
chart,3
samples,3
using,3
brittany,3
elongated,3
showing,3
project,3
terraces,3
approach,3
aaron,3
ireland,3
move,3
social,3
large,3
below,3
parts,3
earlier,3
aligned,3
provides,3
perspective,3
few,3
km,3
hills,3
britain,3
tended,3
everyday,3
zones,3
built,3
sailing,3
la,3
widely,3
perception,3
separate,3
model,2
seems,2
now,2
metres,2
sample,2
o,2
today,2
sanday,2
rather,2
statements,2
if,2
sometimes,2
relative,2
lambay,2
henshall,2
isotope,2
represented,2
stronsay,2
scottish,2
b,2
settlements,2
southern,2
negate,2
studies,2
analysis,2
mammal,2
animals,2
chamber,2
space,2
expressing,2
h,2
rising,2
understand,2
distinct,2
east,2
comparisons,2
offshore,2
direction,2
history,2
into,2
freiceadain,2
before,2
n,2
placed,2
series,2
argued,2
typologically,2
incorporated,2
contact,2
must,2
four,2
exploited,2
first,2
lithic,2
known,2
indicate,2
physical,2
kirkwall,2
provide,2
axe,2
depositions,2
sweden,2
human,2
later,2
taken,2
mariner,2
natural,2
vega,2
l,2
routine,2
greater,2
headland,2
had,2
paper,2
closely,2
based,2
antiquaries,2
building,2
consideration,2
distance,2
simple,2
abstract,2
current,2
sheet,2
cathedral,2
time,2
shared,2
ronaldsay,2
closer,2
individual,2
monograph,2
westray,2
external,2
forms,2
outside,2
understood,2
cultural,2
reading,2
mainly,2
visibility,2
indirect,2
report,2
appears,2
viewed,2
terms,2
less,2
involves,2
edinburgh,2
approached,2
problem,2
routledge,2
public,2
while,2
bones,2
institute,2
emphasis,2
possible,2
greatest,2
investigated,2
discovery,2
presented,2
maritime,2
locate,2
entrance,2
sides,2
ancestral,2
conceptual,2
example,2
saga,2
looking,2
overlooking,2
concern,2
top,2
transition,2
port,2
used,2
exploitation,2
mcdonald,2
discussion,2
diet,2
aspect,2
central,2
includes,2
away,2
we,2
shown,2
de,2
years,2
against,2
perpendicular,2
change,2
spire,2
computer,2
raises,2
little,2
doing,2
changes,2
off,2
mediterranean,2
typology,2
t,2
commented,2
west,2
wider,2
internal,2
k,2
relation,2
firth,2
sight,2
orkneyinga,2
differing,2
rathlin,2
plate,2
fowler,2
fully,2
views,2
up,2
field,2
slightly,2
taylor,2
recent,2
stone,2
should,2
ago,2
species,2
communications,1
final,1
lesser,1
things,1
entities,1
leinert,1
town,1
oxford,1
twelve,1
online,1
carver,1
topography,1
palsson,1
lo,1
penguin,1
currently,1
applications,1
reflecting,1
disposed,1
done,1
implications,1
no,1
narrowest,1
gis,1
coventry,1
architecture,1
visually,1
exact,1
regular,1
shortest,1
bring,1
saxons,1
chance,1
economic,1
five,1
groups,1
doctoral,1
stood,1
concentrated,1
created,1
remain,1
life,1
subject,1
lie,1
interact,1
basic,1
schemes,1
affected,1
inside,1
consume,1
reconstructed,1
environmental,1
hugged,1
favour,1
resulted,1
playing,1
fair,1
heights,1
process,1
subsistence,1
environments,1
locating,1
detailed,1
navigation,1
reconstruction,1
totally,1
hencken,1
examples,1
introduction,1
colin,1
indicates,1
proportion,1
visual,1
crossing,1
standing,1
importance,1
leave,1
direct,1
emphasizes,1
rick,1
inhabited,1
easily,1
why,1
sandy,1
possess,1
perhaps,1
danger,1
sordale,1
distant,1
purposefully,1
corrupting,1
guide,1
future,1
surprising,1
see,1
fieldwalking,1
alive,1
ways,1
types,1
haddock,1
means,1
adapted,1
adequately,1
landward,1
face,1
kilometres,1
makes,1
commenting,1
marginal,1
applied,1
kinloch,1
centre,1
skyline,1
rises,1
excavated,1
under,1
prehistory,1
cliff,1
multitudinous,1
consider,1
overlook,1
during,1
seamarks,1
dichotomy,1
detail,1
us,1
committee,1
dissertation,1
perceived,1
smith,1
ancient,1
environment,1
processing,1
laid,1
lowland,1
cod,1
linear,1
rarely,1
thinking,1
light,1
associated,1
steeply,1
proposed,1
our,1
exceptions,1
weather,1
aris,1
traveller,1
comes,1
fieldwork,1
al,1
ling,1
largest,1
biography,1
turning,1
age,1
orientation,1
islandscapes,1
shallower,1
demonstrate,1
simply,1
safe,1
ji,1
consistent,1
terra,1
symbolic,1
summit,1
burgar,1
follow,1
her,1
honour,1
stressed,1
appeared,1
bronze,1
specific,1
quantitative,1
reconstructions,1
members,1
boundary,1
text,1
tides,1
name,1
creation,1
flandrian,1
majority,1
production,1
permission,1
accommodated,1
set,1
researched,1
erosion,1
helped,1
technique,1
rate,1
stronger,1
give,1
links,1
preference,1
isotopes,1
dimension,1
fig,1
appear,1
available,1
conceived,1
backed,1
energy,1
shipwrecks,1
nature,1
traffic,1
investigates,1
skewed,1
harbours,1
incorporates,1
cultivated,1
confirmed,1
three,1
acceptable,1
identifying,1
porterage,1
setting,1
vintage,1
concentration,1
copy,1
tradition,1
did,1
best,1
down,1
cuween,1
et,1
appearance,1
foods,1
method,1
extrapolates,1
basin,1
cummings,1
predominant,1
great,1
effect,1
rugged,1
attempting,1
analogy,1
choice,1
effort,1
terrestrial,1
lived,1
break,1
classical,1
outcrops,1
incident,1
clearly,1
impossible,1
pass,1
isle,1
relate,1
end,1
written,1
zone,1
religion,1
near,1
suitable,1
contemporary,1
making,1
reilly,1
glacial,1
typological,1
living,1
hazards,1
hugh,1
davidson,1
phenomenology,1
embedded,1
patterns,1
still,1
emphasized,1
blackwell,1
animal,1
raised,1
bloodstone,1
ground,1
classified,1
unit,1
behind,1
recreate,1
proceedings,1
keywords,1
excavation,1
existing,1
burial,1
axes,1
southerly,1
typologies,1
cannot,1
meet,1
coexisted,1
council,1
era,1
nearby,1
record,1
antiquarian,1
magnus,1
metaphor,1
existence,1
gibson,1
statement,1
rebound,1
ltd,1
downhill,1
diets,1
plain,1
explain,1
required,1
mithen,1
arrival,1
scattered,1
extent,1
chapter,1
always,1
railways,1
arran,1
argument,1
northerly,1
acknowledgements,1
vehicle,1
woodman,1
boat,1
convenient,1
stance,1
well,1
changed,1
argues,1
figs,1
almost,1
information,1
ritual,1
investigations,1
vol,1
demonstrated,1
emphasizing,1
artefacts,1
holocene,1
occupying,1
basis,1
marked,1
sorkney,1
frisians,1
gains,1
pers,1
cluster,1
intimate,1
atlantic,1
intense,1
eagles,1
st,1
considering,1
suggests,1
marking,1
easier,1
navigate,1
concludes,1
richard,1
valley,1
moving,1
pentland,1
concept,1
transport,1
simplification,1
apt,1
slopes,1
broodbank,1
far,1
uncertain,1
leicester,1
providing,1
dynamic,1
confirm,1
secret,1
became,1
above,1
test,1
irish,1
comments,1
identity,1
positions,1
plans,1
monographs,1
ten,1
lies,1
imbued,1
wideford,1
whole,1
purcell,1
overview,1
unfortunately,1
consistently,1
assumption,1
reconstruct,1
place,1
emphasize,1
francis,1
dolmens,1
factor,1
easiest,1
localized,1
broad,1
phenomenon,1
destination,1
prominently,1
noted,1
actually,1
gain,1
perceptual,1
voyage,1
structures,1
artefactual,1
maps,1
embodies,1
internally,1
individuals,1
supposition,1
relates,1
documented,1
royal,1
focuses,1
raising,1
markers,1
shores,1
continues,1
wild,1
observed,1
employed,1
dating,1
bob,1
metalled,1
difference,1
significance,1
cambridge,1
currents,1
inland,1
since,1
rhum,1
strongest,1
due,1
interior,1
hidden,1
sampled,1
christian,1
opens,1
bodies,1
express,1
integral,1
new,1
expended,1
relatively,1
issn,1
running,1
applicable,1
concentrations,1
sense,1
giant,1
integrated,1
excavations,1
uplifted,1
facet,1
need,1
appreciated,1
so,1
cardiff,1
provided,1
smaller,1
suggest,1
features,1
peninsula,1
risen,1
tested,1
interplays,1
involving,1
echo,1
mountain,1
photograph,1
defined,1
relegate,1
accurate,1
thing,1
interacted,1
connects,1
schulting,1
joined,1
black,1
cases,1
primary,1
walking,1
elements,1
association,1
shift,1
paths,1
destroyed,1
megaliths,1
clark,1
ships,1
berg,1
places,1
comparison,1
margin,1
robb,1
entrances,1
beyond,1
shapes,1
problems,1
exemplifies,1
back,1
highly,1
systems,1
body,1
components,1
methods,1
constructing,1
breaking,1
suggested,1
dramatic,1
become,1
sequence,1
sensible,1
saliagos,1
geographically,1
left,1
extra,1
continuous,1
slong,1
methodological,1
adjacent,1
compare,1
locales,1
recognized,1
create,1
london,1
substantial,1
cosmology,1
department,1
spawning,1
entire,1
given,1
those,1
particularity,1
abandoned,1
results,1
hebrides,1
uk,1
ends,1
reflected,1
posing,1
cliffs,1
gross,1
cemetery,1
signifying,1
influence,1
chambers,1
favoured,1
conceptually,1
overlooked,1
deeper,1
malta,1
