WORDCOUNTS,WEIGHT
the,560
of,362
and,216
in,198
a,163
to,139
is,67
stupa,64
which,62
that,53
as,52
by,49
it,48
for,48
be,44
on,41
at,40
thai,39
its,37
from,36
stupas,34
this,31
or,30
thailand,28
were,27
with,27
buddhist,27
an,26
they,24
their,24
was,24
are,22
practice,21
restoration,20
been,20
not,19
have,19
has,18
them,18
form,18
merit,16
southeast,15
upon,15
temple,15
over,15
amulets,14
first,14
social,14
new,14
original,14
than,13
his,13
asian,13
archaeological,13
state,13
i,12
those,12
buddha,12
conservation,12
university,12
what,12
into,11
ancient,11
had,11
between,11
j,11
heritage,11
ruin,11
fabric,10
certain,10
time,10
local,10
through,10
one,9
such,9
buddhism,9
these,9
more,9
past,9
national,9
relics,9
building,9
built,9
western,8
history,8
theravada,8
within,8
even,8
may,8
sites,8
byrne,8
will,8
religious,8
no,8
denis,8
also,8
power,8
monks,8
temples,8
charter,8
ethic,8
archaeology,8
historical,8
while,8
c,8
common,7
mongkut,7
being,7
venice,7
might,7
other,7
context,7
case,7
king,7
act,7
rather,7
objects,7
out,7
r,7
discourse,7
pathom,7
when,7
department,7
material,7
would,7
often,7
construction,7
siam,7
small,7
sukhothai,7
press,7
role,7
remains,7
way,6
if,6
nineteenth,6
monash,6
asia,6
there,6
some,6
central,6
journal,6
most,6
buildings,6
order,6
under,6
but,6
structures,6
where,6
after,6
monuments,6
physical,6
phra,6
complex,5
modern,5
phi,5
seems,5
s,5
p,5
e,5
fine,5
thus,5
century,5
old,5
landscape,5
b,5
traces,5
store,5
cultural,5
during,5
place,5
people,5
sense,5
relic,5
society,5
restorations,5
fact,5
phanom,5
study,5
can,5
life,5
arts,5
both,5
years,5
point,5
m,4
fate,4
former,4
royal,4
cornell,4
tambiah,4
efficacy,4
archaeologists,4
all,4
great,4
religion,4
sacred,4
situ,4
g,4
rites,4
treasure,4
back,4
y,4
developed,4
patronage,4
pp,4
india,4
age,4
flow,4
international,4
because,4
used,4
own,4
published,4
world,4
monarchy,4
saw,4
doctoral,4
object,4
meritorious,4
management,4
do,4
centre,4
chiang,4
three,4
like,4
so,4
structure,4
decay,4
carried,4
who,4
seen,4
education,4
itself,4
very,4
making,4
prestige,4
contain,4
art,4
d,4
early,4
should,4
replaced,3
integrity,3
stone,3
said,3
long,3
connection,3
taken,3
nature,3
least,3
take,3
raised,3
ad,3
far,3
since,3
characteristic,3
ability,3
restore,3
nor,3
wat,3
whose,3
supernatural,3
across,3
process,3
similar,3
empowered,3
means,3
radiant,3
sacra,3
placed,3
k,3
chao,3
frequently,3
w,3
commonly,3
my,3
could,3
mainly,3
produced,3
grounds,3
partly,3
project,3
cults,3
field,3
around,3
australian,3
subsequently,3
f,3
stucco,3
he,3
second,3
situation,3
nation,3
practices,3
various,3
architecture,3
sanctity,3
reconstruction,3
chronicle,3
reference,3
perceived,3
acting,3
same,3
icahm,3
two,3
idea,3
buddhists,3
europe,3
votive,3
identity,3
ayudhya,3
fragments,3
forms,3
papers,3
angkor,3
perhaps,3
belief,3
number,3
nakhon,3
made,3
values,3
times,3
architectural,3
period,3
northern,3
space,3
relationship,3
sometimes,3
lines,3
considered,3
abandonment,3
contained,3
then,3
must,3
simply,3
each,3
bangkok,3
paper,3
different,3
brick,3
particularly,3
clearly,3
phraya,3
places,3
person,3
ruins,3
extent,3
size,3
prior,3
question,3
programme,3
assumed,3
themselves,3
nan,3
images,3
among,3
gold,3
final,2
now,2
possessed,2
struggle,2
later,2
meaning,2
stood,2
truth,2
shrines,2
village,2
elaborated,2
prince,2
h,2
studies,2
flows,2
sangha,2
contention,2
protection,2
something,2
saen,2
footing,2
programmes,2
modest,2
chronicles,2
memorial,2
tradition,2
twenty,2
broadly,2
together,2
compounds,2
rich,2
conservationists,2
follows,2
last,2
mind,2
stand,2
deteriorated,2
reconsidered,2
chulalongkorn,2
vajiravudh,2
side,2
fiery,2
historians,2
cleared,2
reminder,2
vol,2
restoring,2
miniature,2
west,2
community,2
variations,2
say,2
tablets,2
above,2
ritual,2
human,2
hierarchy,2
terraces,2
millennium,2
hawaii,2
cf,2
concentric,2
turn,2
oxford,2
guardian,2
influence,2
site,2
seekers,2
adequate,2
york,2
town,2
l,2
cult,2
earlier,2
gosling,2
parts,2
elaborate,2
arbor,2
metres,2
ram,2
monumental,2
ensure,2
dvaravati,2
established,2
plaster,2
argued,2
four,2
generally,2
pious,2
founding,2
greater,2
came,2
societies,2
portable,2
kingship,2
effort,2
amulet,2
replica,2
radical,2
encasing,2
further,2
though,2
equal,2
burial,2
cannot,2
wealth,2
spiritual,2
public,2
gained,2
silver,2
animated,2
having,2
data,2
concept,2
confined,2
indigenous,2
routinely,2
constitute,2
contains,2
call,2
plurality,2
status,2
working,2
diminish,2
emphasizes,2
quite,2
mound,2
shapes,2
few,2
climate,2
chin,2
finds,2
activities,2
south,2
void,2
reduced,2
matter,2
pilgrimage,2
favours,2
reincarnation,2
griswold,2
still,2
outer,2
single,2
about,2
interpretation,2
represents,2
thought,2
counterparts,2
angkorean,2
continuity,2
enshrined,2
light,2
khmer,2
already,2
containing,2
only,2
missing,2
efforts,2
compound,2
contemporary,2
gothic,2
honouring,2
took,2
adjacent,2
conserving,2
present,2
ground,2
chain,2
folklore,2
existing,2
relevant,2
less,2
necessary,2
siamese,2
thais,2
discourses,2
intent,2
cambridge,2
worship,2
sacralized,2
dating,2
open,2
historic,2
directed,2
clarac,2
statues,2
general,2
high,2
spirits,2
provides,2
latter,2
construct,2
pandora,2
ann,2
anderson,2
relative,2
european,2
christian,2
charters,2
sealed,2
figure,2
defenders,2
hill,2
becomes,2
began,2
achieve,2
respect,2
fields,2
any,2
following,2
prehistory,2
mentioned,2
theme,2
here,2
set,2
erected,2
outcome,2
control,2
global,2
shrine,2
acts,2
collectors,2
muang,2
namely,2
particular,2
series,2
maintain,2
fight,2
balance,2
huge,2
almost,2
urban,2
little,2
intention,2
attached,2
intended,2
went,2
precision,2
ultimately,2
quest,2
numerous,2
imperative,2
include,2
area,2
karma,2
speak,2
restored,2
privileging,2
wijeyewardene,2
focus,2
famous,2
chambers,2
go,1
does,1
archives,1
explosion,1
currently,1
mostly,1
produces,1
done,1
paralleled,1
precepts,1
medieval,1
sacralization,1
cent,1
effected,1
groups,1
korean,1
till,1
created,1
represent,1
consume,1
interventions,1
resulted,1
determine,1
implies,1
bookhouse,1
jungle,1
enclosing,1
endowments,1
distributed,1
thong,1
damrong,1
debris,1
per,1
forcing,1
speakers,1
group,1
center,1
settlements,1
american,1
offerings,1
agency,1
enhance,1
tend,1
likely,1
convertible,1
managing,1
rounded,1
completely,1
sophia,1
lavished,1
giants,1
install,1
ceremonial,1
position,1
justified,1
committee,1
necessarily,1
unlike,1
occurred,1
total,1
holding,1
tells,1
candles,1
before,1
accent,1
revered,1
domes,1
contested,1
po,1
operates,1
teja,1
immanent,1
materials,1
canvassed,1
par,1
warns,1
anything,1
synonymous,1
sponsoring,1
either,1
stressed,1
australia,1
davis,1
every,1
constituting,1
embraced,1
primevally,1
localities,1
universalism,1
implications,1
military,1
culturally,1
enables,1
vols,1
rapid,1
agenda,1
official,1
departure,1
dramatically,1
premiss,1
copy,1
explores,1
broken,1
suggesting,1
borders,1
undertake,1
simple,1
accumulated,1
exotic,1
bestowing,1
arises,1
rule,1
able,1
government,1
service,1
hundred,1
court,1
real,1
graham,1
subsequent,1
ambition,1
achieved,1
feature,1
vegetation,1
written,1
replicated,1
encasement,1
reminiscent,1
platforms,1
political,1
ruined,1
signs,1
springing,1
outstripped,1
behind,1
conferring,1
majority,1
ishii,1
kingdoms,1
chae,1
takes,1
dome,1
westview,1
plain,1
abbots,1
symbolizing,1
dotted,1
task,1
circulate,1
guidelines,1
sought,1
rebuildings,1
mass,1
addresses,1
retain,1
custom,1
determined,1
lifetime,1
stance,1
invulnerability,1
establishing,1
ruskin,1
powers,1
renowned,1
alter,1
occupy,1
demerit,1
ishizawa,1
doctrinal,1
bell,1
indicating,1
dynamic,1
dozen,1
khamhaeng,1
himself,1
sheathing,1
undergone,1
prevented,1
liberated,1
sand,1
gateways,1
attract,1
valuables,1
karen,1
exist,1
complained,1
mahayana,1
prerequisite,1
therein,1
review,1
collapse,1
relationships,1
historically,1
reverse,1
eventual,1
inner,1
development,1
accommodation,1
run,1
church,1
resembling,1
incense,1
suffusing,1
assumes,1
de,1
interest,1
eo,1
relatively,1
domain,1
mixed,1
adopted,1
excavations,1
leaf,1
privilege,1
exhausted,1
finesse,1
cases,1
moring,1
resting,1
clay,1
elements,1
propounded,1
david,1
enhancement,1
terwiel,1
refer,1
limiting,1
thiphakorawong,1
confirmed,1
channels,1
houses,1
inclusion,1
allowing,1
simultaneity,1
egypt,1
third,1
twice,1
died,1
warned,1
explore,1
drawn,1
look,1
preserving,1
critique,1
festivals,1
apparently,1
conceive,1
departed,1
cosmic,1
occasion,1
upkeep,1
rama,1
ripples,1
incidental,1
releasing,1
selectively,1
promised,1
newer,1
failed,1
seventh,1
turton,1
opposed,1
poor,1
sixteen,1
urged,1
essential,1
locality,1
predicted,1
ushers,1
bring,1
generations,1
how,1
remain,1
bulb,1
sort,1
megalithic,1
miraculously,1
conflation,1
presentation,1
notion,1
approaches,1
laity,1
outward,1
opportunities,1
nsw,1
senior,1
heard,1
saints,1
lasted,1
eight,1
humanity,1
importance,1
mus,1
derived,1
haeng,1
slippery,1
henceforward,1
institutionalized,1
pages,1
reborn,1
topmost,1
impressed,1
radiating,1
factors,1
supposed,1
moves,1
divided,1
shell,1
references,1
lives,1
park,1
acquisition,1
freeze,1
wanted,1
tensions,1
cement,1
auspicious,1
river,1
familiar,1
benefits,1
spreading,1
evolved,1
director,1
proposed,1
edition,1
days,1
spirit,1
stabilizing,1
reified,1
numbers,1
completion,1
lester,1
monumentalization,1
solid,1
presumed,1
show,1
imperil,1
origins,1
powerful,1
surface,1
follow,1
beyond,1
shed,1
linkage,1
isolation,1
puts,1
symbolized,1
opinion,1
dug,1
vandals,1
mon,1
providing,1
decades,1
cut,1
caches,1
tradable,1
encircling,1
reflections,1
pantheon,1
opening,1
moving,1
result,1
based,1
antiquaries,1
lead,1
participants,1
path,1
professionals,1
appearance,1
opposing,1
superimposition,1
protector,1
hands,1
search,1
called,1
item,1
seven,1
objectives,1
reactivated,1
subscribe,1
phimai,1
events,1
carleton,1
accommodations,1
base,1
stepping,1
term,1
acquiring,1
circulation,1
consecration,1
knocked,1
artefact,1
syncretism,1
traced,1
signalled,1
posited,1
institute,1
cuts,1
war,1
performed,1
keywords,1
mediated,1
treat,1
meet,1
scale,1
record,1
ignorance,1
tension,1
absolute,1
wide,1
negotiated,1
sacrifice,1
burmese,1
near,1
possibility,1
deprive,1
well,1
knowledges,1
retribution,1
directly,1
feeding,1
artefacts,1
network,1
spheres,1
basis,1
future,1
probably,1
permitted,1
hemispheres,1
spiro,1
tops,1
carries,1
framed,1
imagined,1
fired,1
part,1
london,1
borobudur,1
competing,1
training,1
example,1
knowledge,1
inevitability,1
tombs,1
restorationist,1
irish,1
ten,1
unescosupported,1
phiang,1
authenticity,1
literature,1
gave,1
fit,1
older,1
policies,1
brickwork,1
reynolds,1
inherited,1
expansive,1
issues,1
broad,1
records,1
officers,1
tuk,1
bits,1
infantile,1
kings,1
personal,1
proliferation,1
pra,1
reflect,1
cry,1
canberra,1
surrounding,1
formations,1
compact,1
systematic,1
participate,1
showing,1
smallest,1
graded,1
anchored,1
manifestation,1
redistributed,1
depositional,1
preceded,1
change,1
excavated,1
fanciful,1
airborne,1
giant,1
thirteenth,1
responsibility,1
deity,1
coup,1
suggest,1
holes,1
indicators,1
practising,1
next,1
box,1
applicability,1
saintly,1
moder,1
exclude,1
inherits,1
orient,1
family,1
reconstructions,1
paperbacks,1
populating,1
several,1
soil,1
la,1
dealers,1
feeling,1
wider,1
concerns,1
highly,1
components,1
renovation,1
folk,1
breaking,1
peak,1
usual,1
villages,1
impoverishment,1
always,1
up,1
universities,1
necessity,1
dependent,1
passivity,1
describes,1
cycle,1
compass,1
undergoing,1
reflected,1
capitals,1
value,1
universitetsforlaget,1
walls,1
ninth,1
digging,1
tai,1
dorchester,1
contacted,1
smashed,1
reigns,1
abbot,1
foucauldean,1
symbolism,1
pertaining,1
led,1
champa,1
arrangement,1
critics,1
hegemony,1
ignite,1
noble,1
bringing,1
deathbed,1
populations,1
economic,1
melbourne,1
revival,1
located,1
contrasted,1
expansion,1
limited,1
play,1
tried,1
return,1
tide,1
classic,1
female,1
mediating,1
tropical,1
gift,1
assure,1
whatever,1
july,1
surviving,1
indicates,1
railway,1
standing,1
spot,1
pong,1
put,1
hold,1
tends,1
year,1
sponsorship,1
guide,1
once,1
communities,1
competition,1
yet,1
antiquarian,1
archille,1
ensures,1
pimple,1
happened,1
serve,1
hegemonic,1
clergy,1
demolition,1
fifth,1
salient,1
clothing,1
abandon,1
dropped,1
ed,1
si,1
indian,1
odds,1
illustrated,1
punctuate,1
allows,1
giver,1
assimilated,1
awe,1
kuala,1
avoided,1
longer,1
recycled,1
rings,1
worst,1
endured,1
name,1
paul,1
rung,1
strike,1
links,1
mark,1
purely,1
others,1
death,1
similarly,1
ask,1
towards,1
projects,1
tiny,1
plasterwork,1
ban,1
shows,1
outside,1
underwrote,1
preserve,1
fundamental,1
head,1
benevolent,1
reputed,1
recurrent,1
pressure,1
advantage,1
plan,1
appeared,1
afraid,1
match,1
abstract,1
attempting,1
rebuilding,1
mekong,1
john,1
rebuilt,1
forging,1
granting,1
towering,1
golden,1
considerable,1
fashion,1
oc,1
habit,1
advocacy,1
documents,1
never,1
conclusions,1
enough,1
fits,1
monographs,1
everyday,1
intervene,1
actor,1
farmers,1
validity,1
empire,1
conceiving,1
venerate,1
tell,1
forth,1
reminders,1
emotion,1
disparity,1
agencies,1
yun,1
decays,1
controversy,1
routledge,1
widespread,1
style,1
going,1
beautification,1
day,1
elevation,1
degree,1
archeologiques,1
thousands,1
fundamentally,1
emanating,1
understanding,1
discussion,1
churches,1
rulers,1
session,1
turkey,1
background,1
completed,1
totalizing,1
range,1
writings,1
hindu,1
region,1
beifig,1
rehabilitation,1
previously,1
sixth,1
increase,1
see,1
connaissances,1
reside,1
elite,1
medium,1
phu,1
top,1
tenets,1
varying,1
significant,1
religiously,1
largely,1
oppose,1
decreed,1
restorer,1
propitiated,1
verso,1
inflicted,1
processes,1
actual,1
kingdom,1
canon,1
clauses,1
nationalism,1
congregation,1
reinforcing,1
ihi,1
shortly,1
nevertheless,1
underwent,1
described,1
trade,1
low,1
clear,1
truths,1
derelict,1
language,1
urbanism,1
curzon,1
points,1
damage,1
restorers,1
maintenance,1
individual,1
revised,1
interventionist,1
spread,1
function,1
premium,1
features,1
played,1
collected,1
serves,1
redounded,1
ended,1
mountain,1
amore,1
kept,1
preservation,1
lose,1
chedi,1
hegemonically,1
why,1
faith,1
especially,1
labour,1
systems,1
eyes,1
parallel,1
acquire,1
displayed,1
unsympathetic,1
patrimony,1
plate,1
suriyabun,1
january,1
enemies,1
electric,1
seeking,1
sanctuaries,1
statue,1
differ,1
authenticated,1
equivalent,1
morris,1
save,1
occupied,1
destruction,1
attend,1
governor,1
caution,1
quarter,1
cursus,1
propose,1
copying,1
division,1
rarity,1
necks,1
ranging,1
dealing,1
things,1
aspirations,1
topography,1
entail,1
cleansing,1
dominates,1
perspectives,1
note,1
supernaturalism,1
mixture,1
assiduously,1
bureaucrats,1
internationalism,1
program,1
fear,1
reasonable,1
exfoliated,1
aphi,1
inside,1
ordinary,1
mediums,1
primarily,1
dimensions,1
imperialism,1
credited,1
proposition,1
lightning,1
deflected,1
whereby,1
countries,1
testifies,1
sukhothia,1
gallery,1
responsible,1
existed,1
fall,1
depends,1
antiquities,1
dead,1
socialpractice,1
subdivided,1
citizens,1
exists,1
instances,1
gilding,1
articles,1
unusual,1
mounds,1
problematic,1
legitimately,1
forest,1
meant,1
perspective,1
rite,1
magnitude,1
thinking,1
supervisor,1
alterity,1
dispersed,1
intervened,1
garment,1
version,1
climbing,1
incorporated,1
monasteries,1
resurfacing,1
athens,1
wear,1
constituted,1
ever,1
reinforced,1
beside,1
continues,1
symbolic,1
known,1
propitiary,1
text,1
symbol,1
ayuthia,1
alternative,1
convertibility,1
cover,1
forty,1
quickly,1
enshrine,1
ville,1
enters,1
natural,1
glowing,1
retained,1
masonry,1
antidote,1
rear,1
endurance,1
share,1
nobility,1
confident,1
roman,1
believe,1
ubiquitous,1
alexander,1
down,1
argue,1
half,1
constructions,1
universal,1
current,1
embankments,1
report,1
followers,1
foundation,1
obviously,1
leeway,1
hence,1
nouvelles,1
ramkhamhaeng,1
visits,1
build,1
pit,1
nailed,1
placing,1
replication,1
enlarged,1
u,1
pour,1
just,1
metaphysics,1
living,1
type,1
drum,1
better,1
believed,1
william,1
according,1
economy,1
proceedings,1
carefully,1
reign,1
depicts,1
spatial,1
whether,1
terms,1
list,1
rising,1
independently,1
revere,1
ballast,1
monastery,1
nearby,1
map,1
domesticate,1
axis,1
theory,1
vigorously,1
novelty,1
encased,1
woodward,1
her,1
foundations,1
thames,1
scavenged,1
grayson,1
vehicle,1
pursued,1
require,1
produce,1
protectors,1
suggests,1
emphasis,1
purloined,1
hundreds,1
prevent,1
popular,1
pursuance,1
frozen,1
bodies,1
ritually,1
level,1
occasionally,1
trees,1
circumstances,1
multiple,1
politics,1
excesses,1
city,1
tenaciously,1
ashes,1
became,1
sounding,1
innocent,1
cash,1
photograph,1
animist,1
lesson,1
earthworks,1
copper,1
distinguishable,1
phenomenon,1
deities,1
maintained,1
aims,1
aspect,1
accorded,1
enthusiasm,1
formation,1
until,1
fourteenth,1
locations,1
architecturally,1
generate,1
lands,1
advent,1
similarity,1
charts,1
illinois,1
laterite,1
obliterated,1
discursive,1
course,1
joined,1
instead,1
sinhaleseinfluenced,1
obstructing,1
enabling,1
constructed,1
manufacture,1
glamorous,1
derive,1
seeks,1
off,1
embodies,1
association,1
campaign,1
needs,1
vi,1
specific,1
trajectory,1
nakon,1
surfaced,1
actions,1
asoka,1
propounds,1
maitri,1
ensuring,1
km,1
southern,1
elites,1
chicago,1
incumbent,1
stemming,1
valuable,1
pool,1
partial,1
throats,1
valley,1
eloquently,1
given,1
abandoned,1
much,1
immediately,1
conventions,1
mature,1
seek,1
recent,1
observed,1
virtue,1
successive,1
doing,1
sent,1
conference,1
mistaken,1
vandalism,1
major,1
costly,1
row,1
