WORDCOUNTS,WEIGHT
the,548
of,438
and,324
in,285
a,172
to,165
as,148
that,123
is,111
or,71
it,69
this,69
are,66
on,61
be,60
for,57
which,48
ships,47
have,44
at,40
their,38
from,38
an,37
archaeological,37
ship,36
by,35
material,34
were,34
been,34
can,33
may,32
boats,32
has,31
was,31
they,30
social,30
other,29
its,29
more,29
these,28
with,28
one,27
society,27
vessel,26
but,25
use,25
not,25
where,24
such,23
m,23
often,23
j,21
archaeology,20
some,19
most,19
also,19
many,19
even,18
societies,18
pp,18
between,18
all,17
there,17
those,17
change,17
so,17
ways,16
had,16
aspects,16
time,16
shipboard,16
past,16
than,15
age,15
related,15
will,15
various,15
only,15
maritime,15
what,15
university,14
well,14
assemblages,14
them,14
vessels,14
course,14
way,13
adams,13
used,13
wider,13
wreck,13
we,13
any,13
both,13
specific,13
medieval,12
s,12
relationships,12
b,12
therefore,12
boat,12
complex,11
found,11
constraints,11
prehistoric,11
press,11
europe,11
water,11
scandinavia,11
craft,11
symbolic,11
over,11
nautical,11
technological,11
if,10
jonathan,10
source,10
within,10
context,10
l,10
cultural,10
materials,10
culture,10
how,10
construction,10
seafaring,10
evidence,10
c,10
much,10
might,9
nature,9
watercraft,9
very,9
human,9
traditions,9
rather,9
just,9
part,9
finds,9
communities,9
museum,9
perhaps,9
who,9
life,9
symbol,9
sea,9
building,9
thus,8
result,8
could,8
wrecking,8
activities,8
same,8
power,8
fact,8
significance,8
would,8
factors,8
case,8
through,8
national,8
constructed,8
remains,8
potential,8
o,7
ritual,7
iron,7
journal,7
site,7
means,7
out,7
international,7
basis,7
example,7
still,7
about,7
yet,7
intended,7
new,7
degree,7
practice,7
historical,7
terms,7
transport,7
land,7
environmental,6
h,6
contexts,6
being,6
hence,6
swedish,6
shipwrecks,6
system,6
cases,6
no,6
old,6
organization,6
record,6
k,6
underwater,6
sites,6
database,6
research,6
value,6
us,6
together,6
less,6
wrecks,6
qualities,6
bronze,6
physical,6
each,6
different,6
particular,6
while,6
world,6
voyage,6
formation,6
built,6
functional,5
shipbuilding,5
large,5
true,5
into,5
production,5
differences,5
i,5
british,5
design,5
e,5
van,5
century,5
subsistence,5
warship,5
space,5
objects,5
argued,5
important,5
structures,5
least,5
successful,5
selection,5
ancient,5
naval,5
considerable,5
forms,5
assemblage,5
another,5
refers,5
ideas,5
lakes,5
general,5
after,5
preservation,5
systems,5
relationship,5
ideology,5
analysis,5
environment,5
prehistory,5
simply,5
board,5
far,5
associated,5
attitudes,5
muckelroy,5
d,5
recent,5
does,4
meaning,4
military,4
tradition,4
reveal,4
political,4
king,4
activity,4
resources,4
dynamic,4
term,4
elements,4
communication,4
simplistic,4
influence,4
his,4
coastal,4
process,4
represented,4
similar,4
changes,4
specialization,4
always,4
excavation,4
salvage,4
based,4
relating,4
produced,4
required,4
find,4
intentionally,4
place,4
people,4
et,4
status,4
mediterranean,4
long,4
characteristics,4
aboard,4
f,4
above,4
al,4
noted,4
put,4
our,4
grave,4
end,4
shipwreck,4
interrelated,4
comprise,4
processes,4
trade,4
meanings,4
individual,4
oxbow,4
carried,4
seen,4
indicate,4
event,4
series,4
complexity,4
must,4
specialized,4
best,4
half,4
ideological,4
particularly,4
better,4
whether,4
extent,4
crew,4
until,4
reveals,4
implacable,4
early,4
now,3
common,3
created,3
implies,3
becoming,3
tend,3
designed,3
hull,3
situation,3
approaches,3
studies,3
necessarily,3
before,3
crews,3
words,3
reasons,3
real,3
achieved,3
last,3
investigations,3
contents,3
depending,3
condition,3
functions,3
obvious,3
dutch,3
combination,3
warfare,3
throughout,3
component,3
hjortspring,3
development,3
hierarchy,3
characteristic,3
distinct,3
extraordinary,3
men,3
apparently,3
mesolithic,3
disposed,3
denmark,3
sort,3
environments,3
direct,3
reason,3
organized,3
days,3
beyond,3
internal,3
whereas,3
behaviour,3
expressed,3
uses,3
location,3
access,3
fishing,3
events,3
relate,3
academic,3
though,3
viewed,3
wealth,3
dialectic,3
correlation,3
directly,3
artefacts,3
closed,3
island,3
concept,3
gender,3
loss,3
whole,3
demonstrates,3
forces,3
sink,3
approach,3
manifestation,3
stockholm,3
good,3
sense,3
highly,3
provided,3
rotten,3
afloat,3
arrangement,3
action,3
economic,3
technology,3
two,3
vasa,3
funerary,3
pointed,3
towards,3
fundamental,3
venture,3
simple,3
patterns,3
do,3
see,3
royal,3
reflected,3
years,3
investment,3
discussion,3
made,3
deposits,3
mortuary,3
three,3
like,3
function,3
explanation,3
features,3
exchange,3
especially,3
labour,3
become,3
hierarchical,3
judgement,3
european,3
usually,3
lost,3
understand,3
class,3
considered,3
then,3
constant,3
demonstrate,3
equipment,3
set,3
natural,3
seem,3
contextual,3
mcgrail,3
current,3
obviously,3
number,3
person,3
och,3
sunk,3
her,3
when,3
too,3
level,3
classes,3
contemporaneity,3
families,3
coles,3
cambridge,3
include,3
although,3
need,3
needs,3
enterprise,3
deposition,3
ownership,3
abandoned,3
networks,3
observed,3
occur,3
final,2
entities,2
behavioural,2
concerned,2
represent,2
affected,2
extend,2
considerably,2
stone,2
johns,2
modern,2
greater,2
hours,2
protection,2
western,2
history,2
occurred,2
pots,2
monograph,2
practices,2
women,2
cutting,2
predominantly,2
highlighted,2
either,2
fast,2
every,2
certainly,2
roman,2
ii,2
give,2
attempts,2
attempt,2
generated,2
england,2
definition,2
principles,2
available,2
wooden,2
great,2
nordiska,2
rich,2
able,2
atlantic,2
amplitude,2
subsequent,2
inland,2
paddles,2
state,2
embody,2
somewhat,2
motivated,2
similarities,2
linear,2
addresses,2
account,2
possible,2
alter,2
harbour,2
point,2
undoubtedly,2
enter,2
holk,2
make,2
central,2
includes,2
against,2
pursuit,2
oseberg,2
regarded,2
ability,2
keel,2
rank,2
items,2
perspective,2
back,2
left,2
spite,2
constructs,2
wet,2
invites,2
acknowledge,2
error,2
mechanisms,2
oxford,2
r,2
recognized,2
bog,2
en,2
explicit,2
goes,2
fittings,2
hazardous,2
aquatic,2
study,2
read,2
burials,2
mexico,2
consequences,2
tempus,2
benefits,2
interim,2
clearly,2
constrain,2
situations,2
four,2
powerful,2
submerged,2
adolph,2
strategy,2
decades,2
cut,2
appearance,2
explanatory,2
gibbins,2
amsterdam,2
users,2
economics,2
kinship,2
artefact,2
understood,2
afforded,2
intensity,2
scale,2
tension,2
explain,2
hopkins,2
fixtures,2
because,2
failure,2
detract,2
leisure,2
norm,2
apparent,2
partly,2
constitute,2
accidental,2
actually,2
repairs,2
carvel,2
trends,2
caused,2
distances,2
things,2
involve,2
small,2
concerns,2
presence,2
observe,2
telling,2
potent,2
occasions,2
stratigraphy,2
visible,2
aggregate,2
periods,2
gustav,2
led,2
matter,2
absence,2
indeed,2
tybrind,2
limited,2
argues,2
female,2
indicates,2
builders,2
structural,2
corpus,2
analogies,2
paradox,2
largest,2
department,2
reports,2
begins,2
french,2
technique,2
others,2
kalmar,2
wetlands,2
addition,2
efforts,2
clarendon,2
choice,2
inevitably,2
contemporary,2
substantially,2
external,2
enough,2
operating,2
model,2
cog,2
follows,2
demonstrated,2
exhibit,2
examples,2
treated,2
upon,2
including,2
enormous,2
identity,2
operated,2
sequence,2
questions,2
stay,2
open,2
reparatum,2
characterized,2
period,2
high,2
kept,2
nydam,2
decommissioning,2
problems,2
nationality,2
duration,2
accrue,2
equivalent,2
voyages,2
figure,2
chance,2
practitioners,2
hasholme,2
male,2
primarily,2
referred,2
progressively,2
types,2
sailors,2
influencing,2
acquired,2
abandonment,2
stratigraphic,2
deposited,2
rarely,2
mercantile,2
constituted,2
rigidly,2
sweden,2
removed,2
shares,2
variable,2
universal,2
regard,2
report,2
sum,2
type,2
evident,2
beginning,2
according,2
stability,2
form,2
typologies,2
agricultural,2
waters,2
produce,2
agreed,2
radically,2
bodies,2
circumstances,2
preserved,2
impose,2
assumptions,2
extended,2
commodities,2
colonial,2
challenges,2
exploit,2
varied,2
question,2
sediments,2
generate,2
seabed,2
involving,2
attributes,2
off,2
reorganized,2
observation,2
reached,2
views,2
substantial,2
little,2
develop,2
strong,2
uk,2
among,2
should,2
major,2
perception,2
discern,2
summarizing,1
frequent,1
gawronski,1
pervaded,1
stimuli,1
underpinning,1
edge,1
representing,1
indicated,1
names,1
groups,1
defy,1
designated,1
separated,1
dangers,1
culminated,1
undermines,1
market,1
extreme,1
episodes,1
nationalities,1
ferriby,1
alone,1
ultimate,1
conform,1
necessitates,1
contemporaneous,1
reflection,1
judged,1
unsatisfactory,1
integrity,1
offerings,1
stowage,1
fate,1
sail,1
ritualistic,1
identify,1
reflections,1
referring,1
carpenter,1
alive,1
usefully,1
motto,1
units,1
constitutes,1
english,1
shipping,1
strictly,1
sudden,1
adlard,1
conscious,1
notwithstanding,1
former,1
navigational,1
acceptance,1
policy,1
comparisons,1
cycles,1
organic,1
francis,1
blockages,1
husbands,1
exceptions,1
nineteenth,1
something,1
detected,1
sequential,1
leads,1
fluctuations,1
came,1
first,1
anything,1
scuttling,1
rigours,1
discretion,1
else,1
transitions,1
misjudgement,1
segregation,1
fifteenth,1
interests,1
derives,1
exclusive,1
neolithic,1
teknologi,1
steady,1
taken,1
unseaworthy,1
rig,1
promoting,1
emerged,1
tolerated,1
stretch,1
advanced,1
seems,1
stabilisation,1
dramatically,1
archaeologically,1
seaworthy,1
broken,1
governed,1
generalize,1
rebuilt,1
accumulated,1
analyses,1
blind,1
producing,1
cordage,1
admittedly,1
inquisitive,1
proves,1
wessex,1
prognosis,1
procedure,1
beds,1
wrecksite,1
products,1
take,1
propaganda,1
tiden,1
infinitely,1
date,1
trouble,1
influences,1
shepherd,1
concepts,1
principal,1
ours,1
vimose,1
discipline,1
reading,1
designs,1
ad,1
depends,1
akin,1
concealed,1
sound,1
issue,1
takes,1
synchronic,1
crannog,1
axel,1
ltd,1
brigg,1
walks,1
tugs,1
capacity,1
translations,1
constraint,1
primary,1
u,1
firm,1
incorporate,1
agriculture,1
changed,1
custom,1
vol,1
suppress,1
watched,1
characterize,1
sale,1
investigator,1
occurring,1
sporadically,1
clinker,1
owners,1
along,1
mythical,1
interact,1
economies,1
tantalizing,1
kristiansen,1
isle,1
modem,1
binnenvaartschepen,1
sheltered,1
reliably,1
corresponding,1
surplus,1
bossholmen,1
modelled,1
repeatedly,1
boatbuilding,1
specifically,1
conflict,1
postmedieval,1
phase,1
typological,1
review,1
collapse,1
differential,1
angles,1
misfortune,1
captured,1
famously,1
precluding,1
inevitable,1
countless,1
calculated,1
initial,1
gokstad,1
machine,1
de,1
integral,1
heroines,1
divine,1
adornment,1
relatively,1
mixed,1
relations,1
acta,1
gendered,1
honest,1
occurs,1
discerning,1
application,1
codified,1
utilizes,1
voc,1
overly,1
comprised,1
exercise,1
palaeolithic,1
turn,1
militate,1
nor,1
dean,1
innovation,1
reluctance,1
stored,1
glory,1
uniformly,1
amount,1
contrary,1
body,1
response,1
holds,1
served,1
moving,1
groningen,1
suitable,1
sark,1
compared,1
architectura,1
palafittes,1
mechanical,1
overwhelmed,1
storage,1
explore,1
drawn,1
suitability,1
sjunkna,1
nas,1
postulate,1
fartygsfynden,1
look,1
preserving,1
industries,1
details,1
deeply,1
coasts,1
traits,1
commanding,1
medeltid,1
sheffield,1
proviso,1
catastrophe,1
poorly,1
realization,1
walls,1
resist,1
selectively,1
crossroads,1
perfect,1
higher,1
failed,1
behave,1
opposed,1
excavate,1
via,1
seeming,1
illerup,1
reflects,1
extensively,1
heroes,1
purely,1
traffic,1
navalis,1
main,1
generations,1
developed,1
morrison,1
faults,1
categorizing,1
miraculously,1
landscape,1
bilges,1
jutes,1
notion,1
salute,1
survives,1
abstraction,1
risk,1
proportion,1
certain,1
leave,1
derived,1
proffered,1
parts,1
ongoing,1
possess,1
emergency,1
white,1
govern,1
augmented,1
scattered,1
puzzles,1
modified,1
references,1
lives,1
category,1
provinces,1
developments,1
bad,1
facilitated,1
vastly,1
ensure,1
biased,1
bogs,1
tensions,1
consider,1
maiden,1
dichotomy,1
river,1
sounds,1
seas,1
image,1
slowly,1
infiltrate,1
proved,1
wrecked,1
elsewhere,1
generalities,1
ideologies,1
reified,1
numbers,1
impact,1
traces,1
mary,1
likened,1
frequently,1
witnessing,1
profile,1
upper,1
show,1
commonly,1
operate,1
exploited,1
vao,1
n,1
follow,1
connecting,1
sinks,1
knotty,1
comprising,1
consequence,1
putting,1
ceremony,1
requires,1
seagoing,1
erroneous,1
vehicles,1
providing,1
view,1
constitution,1
myths,1
creeks,1
impervious,1
diachronic,1
character,1
opening,1
evolutionary,1
incomplete,1
lead,1
whom,1
kaleidoscopic,1
inherent,1
begun,1
typical,1
conway,1
p,1
temptation,1
lived,1
objectives,1
deal,1
scotland,1
giddens,1
requirements,1
jettisoned,1
lawson,1
configuration,1
portsmouth,1
complete,1
flying,1
execute,1
involuntarily,1
embedded,1
materiality,1
milne,1
intervening,1
occupation,1
coffins,1
founder,1
focused,1
marinarkeolisk,1
bountiful,1
keywords,1
indirect,1
persons,1
cannot,1
priorities,1
safe,1
placed,1
gotland,1
procedures,1
explored,1
saving,1
sacrifice,1
property,1
hulk,1
influenced,1
provisos,1
technical,1
exert,1
bombardment,1
gained,1
none,1
having,1
designation,1
protected,1
data,1
liable,1
mates,1
egalitarian,1
arrives,1
mandatory,1
bc,1
inferred,1
bounded,1
indiaman,1
penurious,1
start,1
carries,1
vote,1
claim,1
laboured,1
prominent,1
brought,1
purpose,1
trafalgar,1
antikvitets,1
knowledge,1
tombs,1
aged,1
urban,1
routinely,1
jettisoning,1
caught,1
minority,1
port,1
dividing,1
during,1
frisians,1
northwest,1
postulated,1
destination,1
strenuous,1
survey,1
transported,1
documented,1
tidresa,1
reflect,1
surrounding,1
illustrious,1
regional,1
sutton,1
stationary,1
wreckings,1
interpreted,1
rafts,1
own,1
ethnicity,1
polity,1
minds,1
contradictions,1
count,1
severing,1
wholesale,1
creating,1
logboats,1
commerce,1
forna,1
below,1
useful,1
constituent,1
peterson,1
buildings,1
revolution,1
next,1
owned,1
diagnostic,1
barriers,1
settlement,1
arbitrary,1
insurance,1
involved,1
around,1
family,1
several,1
dissolves,1
eleven,1
components,1
routine,1
transfer,1
industry,1
disaster,1
fire,1
climate,1
ancestors,1
impossible,1
proscriptive,1
crux,1
generally,1
up,1
st,1
dependent,1
using,1
structured,1
appropriate,1
heyday,1
passive,1
inform,1
sophistication,1
reducing,1
valhalla,1
invest,1
avoid,1
saxons,1
subsequently,1
battle,1
he,1
second,1
estuaries,1
irrespective,1
ceremonial,1
ensign,1
variety,1
skeppet,1
feudalism,1
noble,1
steadily,1
atypical,1
indicative,1
incorrect,1
located,1
akademien,1
ferrari,1
description,1
return,1
nearly,1
ruoff,1
object,1
gift,1
community,1
reappraisal,1
necessary,1
online,1
surviving,1
interactions,1
manifest,1
passengers,1
movement,1
modes,1
rites,1
betray,1
religious,1
tends,1
exceeded,1
biological,1
reinders,1
guide,1
frank,1
contributing,1
coherence,1
communications,1
interpretation,1
fascinating,1
intuitively,1
samhallsstrategi,1
ethnographers,1
fit,1
mercatoria,1
rules,1
accident,1
thought,1
sex,1
array,1
east,1
evidential,1
den,1
repair,1
under,1
restricted,1
sjohistoriska,1
populated,1
lavatory,1
boundary,1
perceived,1
unwin,1
merchant,1
home,1
falls,1
positively,1
light,1
gunnery,1
choices,1
refine,1
rubbish,1
literally,1
robust,1
organize,1
illustrated,1
towed,1
qualified,1
increasingly,1
assimilated,1
bar,1
maintained,1
stones,1
longer,1
double,1
inference,1
chose,1
routes,1
chatto,1
disposition,1
resolution,1
successfully,1
skill,1
cutty,1
temporarily,1
decoration,1
stronger,1
death,1
preferences,1
lucky,1
complementary,1
analytical,1
emotions,1
usefulness,1
harbours,1
unstratified,1
incorporates,1
happening,1
lack,1
votive,1
limit,1
preserve,1
warmind,1
vikingtid,1
areas,1
detonated,1
abstract,1
murphy,1
attempting,1
arisen,1
really,1
samfundet,1
practical,1
larger,1
everything,1
variation,1
distributions,1
charges,1
fashion,1
discussed,1
override,1
worn,1
channel,1
never,1
took,1
hand,1
everyday,1
present,1
remarkable,1
begin,1
centre,1
purposes,1
validity,1
accepted,1
norwegian,1
strategies,1
council,1
disorganized,1
containers,1
deep,1
rebuilding,1
patently,1
culminating,1
hurricane,1
exceeds,1
compelled,1
routledge,1
counterpart,1
shifts,1
complicated,1
steered,1
realize,1
casting,1
barrett,1
remained,1
violent,1
original,1
apt,1
ignored,1
finish,1
vast,1
coherent,1
success,1
apogee,1
discovery,1
completed,1
values,1
limitations,1
formal,1
region,1
logs,1
desperate,1
manufactured,1
windus,1
depended,1
looking,1
bequeathed,1
ruling,1
lacunae,1
elite,1
crafts,1
complexities,1
top,1
varying,1
nobleman,1
expression,1
ostersjons,1
residues,1
rivers,1
causes,1
affects,1
resulting,1
bugler,1
ethnic,1
kingdom,1
engaged,1
imposes,1
trust,1
full,1
purposeful,1
previous,1
advantages,1
theories,1
students,1
described,1
masquerading,1
clear,1
discovered,1
biblical,1
historic,1
reality,1
andrews,1
estuarine,1
points,1
safety,1
aberrant,1
medway,1
issn,1
rationalized,1
vested,1
haunted,1
divisions,1
started,1
analysing,1
escaped,1
played,1
static,1
dry,1
maximize,1
pyramidal,1
configurations,1
anyone,1
intrinsic,1
disasters,1
goose,1
construct,1
aan,1
repeated,1
inscribed,1
gets,1
decide,1
graphic,1
graves,1
discarded,1
armament,1
ideational,1
elaborate,1
methods,1
constructing,1
northern,1
methodically,1
shallow,1
effect,1
plate,1
heighten,1
axe,1
availability,1
structure,1
deciphered,1
probably,1
working,1
locales,1
parameters,1
versus,1
saw,1
tendency,1
overridden,1
chain,1
quarter,1
embodied,1
skaarup,1
attention,1
decay,1
division,1
applies,1
examines,1
overlapping,1
specifications,1
alike,1
suggest,1
aspirations,1
propounding,1
sustainability,1
modification,1
foreseen,1
today,1
perspectives,1
she,1
sealed,1
provide,1
crucial,1
five,1
imbalance,1
ronnby,1
constants,1
transvestite,1
appellation,1
order,1
discard,1
widespread,1
becomes,1
monuments,1
universals,1
transformed,1
force,1
logboat,1
markers,1
seacraft,1
whereby,1
bermuda,1
barbarian,1
archeologie,1
introductory,1
pristine,1
rieck,1
quite,1
tapped,1
interconnected,1
slogan,1
norling,1
populace,1
dead,1
respect,1
wives,1
centuries,1
boord,1
itself,1
face,1
figured,1
widest,1
mud,1
rationalize,1
navigator,1
earliest,1
addressed,1
wonen,1
claims,1
magnitude,1
vitterhets,1
underpinned,1
disposing,1
redemption,1
changing,1
oskarshamn,1
finest,1
biography,1
respective,1
contradiction,1
extensive,1
geographic,1
sank,1
tiered,1
carriers,1
known,1
hulked,1
few,1
robbed,1
creighton,1
offers,1
here,1
command,1
satellite,1
hoo,1
forty,1
historie,1
adversely,1
dimension,1
unavailable,1
mutually,1
naturalized,1
postglacial,1
colonization,1
control,1
commonplace,1
anthropology,1
paper,1
cultures,1
tomb,1
lying,1
capability,1
global,1
commission,1
connection,1
believe,1
correlative,1
did,1
leaders,1
valour,1
riksipplet,1
practised,1
task,1
temper,1
judgements,1
layard,1
dramatic,1
exploiting,1
altered,1
losses,1
job,1
linked,1
infer,1
goods,1
benefit,1
interconnection,1
norway,1
infuriatingly,1
rural,1
proposed,1
masters,1
interactive,1
subordinate,1
phd,1
clarity,1
oxenstierna,1
literature,1
conspire,1
combined,1
designers,1
werken,1
selected,1
unsuspected,1
ones,1
ferry,1
accounts,1
add,1
metaphor,1
nascent,1
conclusion,1
exemplified,1
admiral,1
utilitarian,1
shakespeare,1
infrastructures,1
balance,1
information,1
episode,1
phenomena,1
danish,1
adorned,1
tempest,1
categories,1
size,1
travel,1
popular,1
presume,1
oath,1
stern,1
souls,1
bonded,1
ritually,1
intention,1
alterations,1
occasionally,1
trees,1
balances,1
multiple,1
thereby,1
ellmers,1
carvings,1
vagaries,1
became,1
role,1
tried,1
rigid,1
went,1
rationale,1
measure,1
possessions,1
demanding,1
sinking,1
ranks,1
sizeable,1
phenomenon,1
allows,1
aims,1
think,1
ibn,1
kvalsund,1
relates,1
suppressed,1
anaerobic,1
promoted,1
polynesia,1
shown,1
breaks,1
recording,1
locations,1
differentiation,1
innovate,1
entity,1
difference,1
disposal,1
unexpectedly,1
initiated,1
conditions,1
institutional,1
swampy,1
fadlan,1
aware,1
motives,1
burnt,1
piracy,1
dangerous,1
foundered,1
contributed,1
offer,1
integrated,1
define,1
uneconomic,1
socially,1
product,1
avert,1
states,1
variously,1
playing,1
explicating,1
typology,1
increased,1
classification,1
ranged,1
harding,1
reformation,1
carr,1
offered,1
contextually,1
maturing,1
safeguard,1
schiffer,1
assumed,1
interlinked,1
det,1
themselves,1
mystery,1
massive,1
charged,1
vary,1
aarhus,1
peat,1
reflecting,1
create,1
firstly,1
exclusively,1
element,1
hamnen,1
severely,1
traditional,1
focus,1
images,1
conventions,1
ends,1
taylor,1
famous,1
ethnology,1
broader,1
indicating,1
roles,1
tantalizingly,1
locale,1
tragic,1
onboard,1
coxswain,1
ingstad,1
hypothesis,1
