WORDCOUNTS,WEIGHT
the,524
of,445
and,337
in,204
a,156
to,155
de,85
niger,85
as,79
j,69
for,66
middle,65
from,63
at,56
mcintosh,54
r,53
or,52
by,50
that,48
is,45
with,41
s,38
on,38
et,36
have,35
ad,33
we,33
du,31
african,31
this,29
be,29
c,29
west,28
sites,28
an,28
research,27
are,25
la,24
i,23
were,23
africa,22
university,21
evidence,21
sahara,20
b,20
their,20
k,20
pp,20
delta,19
society,19
about,19
these,19
centuries,19
early,19
m,18
some,18
l,18
obscurs,18
region,18
which,18
siecles,18
d,18
les,17
been,17
it,16
such,16
but,16
only,16
archaeological,16
archaeology,16
press,16
p,15
no,15
was,15
art,15
one,14
g,14
upper,14
bc,14
change,14
keech,14
would,14
susan,14
roderick,14
has,14
des,14
revolutionary,13
along,13
new,13
mali,13
tumuli,13
complex,12
production,12
human,12
prehistoric,12
occupation,12
world,12
culture,12
figure,12
not,12
first,11
millennium,11
may,11
settlement,11
also,11
trade,11
can,11
urban,11
symbolic,11
h,10
history,10
t,10
state,10
journal,10
climatic,10
le,10
will,10
belief,10
lake,10
current,10
past,10
e,9
those,9
dates,9
igbo,9
had,9
domestication,9
its,9
social,9
urbanism,9
lakes,9
period,9
megaliths,9
groups,8
they,8
into,8
bp,8
context,8
phase,8
emergence,8
most,8
burial,8
during,8
ghana,8
climate,8
al,8
time,8
present,8
plant,8
bulletin,8
far,8
iron,8
au,8
terracotta,8
other,7
since,7
site,7
after,7
monuments,7
prehistory,7
n,7
w,7
societies,7
population,7
future,7
indigenous,7
status,7
lsa,7
ancient,7
more,7
jenne,7
dans,7
ukwu,7
too,7
through,7
city,7
origins,7
cambridge,7
remains,7
north,7
now,6
if,6
corporate,6
large,6
each,6
before,6
great,6
development,6
century,6
how,6
elsewhere,6
saharan,6
noire,6
senegal,6
part,6
periods,6
department,6
power,6
v,6
see,6
upon,6
sequence,6
questions,6
systems,6
different,6
ideological,6
ifan,6
potential,6
settlements,5
studies,5
western,5
total,5
tumulus,5
all,5
fondamental,5
there,5
political,5
diversity,5
review,5
dia,5
excavations,5
perspective,5
response,5
growth,5
evolution,5
changes,5
specialization,5
age,5
rice,5
further,5
near,5
data,5
knowledge,5
approach,5
excavated,5
least,5
floodplain,5
few,5
south,5
f,5
implications,5
expansion,5
southern,5
elaboration,5
two,5
regional,5
science,5
others,5
many,5
smith,5
model,5
perhaps,5
paradigm,5
times,5
so,5
transformations,5
provide,5
material,5
peoples,5
over,5
mema,5
what,5
local,5
size,5
mande,5
copper,5
our,5
nile,5
sur,5
between,5
interaction,5
abandoned,5
much,5
comparable,5
does,4
explosion,4
later,4
episodes,4
contemporaneous,4
way,4
neolithic,4
might,4
rapid,4
nature,4
tradition,4
origin,4
inland,4
basins,4
last,4
smelting,4
king,4
raimbault,4
possible,4
variations,4
promises,4
thus,4
mauny,4
throughout,4
tichitt,4
expected,4
clark,4
occult,4
even,4
traditions,4
arid,4
organization,4
just,4
cultural,4
appears,4
well,4
reflect,4
polity,4
regions,4
macina,4
highly,4
oral,4
decline,4
interpretation,4
us,4
perspectives,4
belonging,4
unifying,4
funerary,4
end,4
where,4
empire,4
classes,4
vast,4
slaves,4
elite,4
mosaic,4
conditions,4
ethnic,4
radiocarbon,4
peer,4
coercive,4
soumpi,4
kaniana,4
who,4
earliest,4
any,4
associated,4
growing,4
changing,4
circumstances,4
bronze,4
here,4
satellite,4
key,4
speculation,4
cities,4
domesticated,4
dynamique,4
pers,4
both,4
need,4
states,4
specific,4
debate,4
recent,4
building,4
galia,3
modelling,3
o,3
revue,3
identity,3
encouraged,3
environmental,3
nigeria,3
stone,3
modern,3
former,3
tells,3
contexts,3
archaeologists,3
sources,3
long,3
ii,3
advantage,3
reveal,3
china,3
within,3
el,3
case,3
blacksmiths,3
prior,3
point,3
very,3
memoire,3
central,3
historical,3
kongusa,3
sahelian,3
clay,3
developments,3
items,3
wares,3
arab,3
y,3
communication,3
wet,3
than,3
civilization,3
oxford,3
levels,3
cult,3
annales,3
similar,3
derived,3
symbols,3
surface,3
drought,3
permanent,3
fluid,3
greater,3
societe,3
corridors,3
found,3
primacy,3
tilemsi,3
late,3
tondidaro,3
hinterland,3
timbuktu,3
example,3
millet,3
issues,3
rituals,3
manipulation,3
responses,3
working,3
suggest,3
mclntosh,3
emerging,3
around,3
several,3
homogenization,3
villages,3
subgroups,3
finds,3
francais,3
massive,3
comm,3
variety,3
absence,3
practices,3
various,3
populations,3
sidibe,3
insignia,3
year,3
pierres,3
represents,3
thought,3
technology,3
place,3
une,3
islam,3
ethnographic,3
williams,3
geomorphology,3
towards,3
riverine,3
beliefs,3
identical,3
pattern,3
centre,3
formation,3
en,3
less,3
years,3
original,3
understanding,3
enormous,3
food,3
virtually,3
theories,3
talbot,3
earth,3
stress,3
interpret,3
high,3
earlier,3
provides,3
sorghum,3
oscillations,3
statuettes,3
pottery,3
solar,3
ideology,3
seen,3
contribution,3
recognize,3
hierarchical,3
claims,3
anthropological,3
abandonment,3
sciences,3
anthropology,3
specialized,3
believe,3
domestic,3
iii,3
whether,3
form,3
agricultural,3
theory,3
penetration,3
distribution,3
complexity,3
while,3
suggests,3
categories,3
level,3
multiple,3
ife,3
role,3
come,3
until,3
specialists,3
geographie,3
association,3
traditional,3
among,3
quaternary,3
gold,3
ending,2
appropriation,2
fraction,2
historiques,2
separated,2
represent,2
fouilles,2
oualadgi,2
ultimate,2
introduction,2
africain,2
group,2
specialist,2
sumptuary,2
ore,2
nord,2
occurred,2
ethnoarchaeological,2
bend,2
migration,2
materials,2
fluctuations,2
being,2
humble,2
every,2
localities,2
pervasive,2
definition,2
attractive,2
available,2
together,2
farmers,2
subsequent,2
inundation,2
date,2
alert,2
situ,2
california,2
kobadi,2
east,2
historians,2
dune,2
iv,2
hambarketolo,2
holocene,2
powers,2
community,2
nd,2
ritual,2
fossile,2
inventory,2
conflict,2
historically,2
curated,2
facts,2
dynamics,2
against,2
fleuve,2
orbital,2
american,2
rendus,2
wadis,2
snake,2
old,2
clustering,2
concerning,2
served,2
arranged,2
find,2
descendants,2
nigerian,2
higher,2
mechanisms,2
ancienne,2
without,2
constellations,2
privilege,2
etudes,2
rather,2
his,2
remain,2
carefully,2
megalithic,2
landscape,2
subsistence,2
environments,2
geologie,2
certain,2
parts,2
contributions,2
elaborate,2
lacking,2
scales,2
maes,2
raymond,2
methuen,2
recherches,2
mission,2
particular,2
statistical,2
established,2
ponding,2
section,2
numbers,2
argued,2
exotics,2
powerful,2
follow,2
etude,2
important,2
suggested,2
comite,2
dynastic,2
view,2
arrived,2
came,2
allow,2
appearance,2
six,2
histories,2
conservative,2
arabs,2
ambiguity,2
out,2
emerge,2
initial,2
biases,2
serie,2
fish,2
wealth,2
explain,2
networks,2
triumph,2
expressions,2
because,2
hierarchies,2
artifacts,2
used,2
intense,2
claim,2
concept,2
essai,2
competing,2
apparent,2
description,2
whole,2
sifted,2
fonio,2
structures,2
documented,2
surrounding,2
monopoly,2
artifact,2
own,2
ethnicity,2
hidden,2
good,2
presented,2
distances,2
reinforces,2
revolution,2
order,2
excavation,2
transport,2
senegambian,2
dramatic,2
protohistoire,2
always,2
annual,2
bara,2
interieur,2
favoured,2
geographical,2
faber,2
chronological,2
second,2
situation,2
saw,2
action,2
economic,2
shoma,2
ans,2
palaeoecology,2
tombouctou,2
reconstruction,2
precolonial,2
thilmans,2
single,2
once,2
yet,2
floods,2
opportunities,2
under,2
topical,2
insights,2
prehistoire,2
sahel,2
name,2
precocious,2
bobo,2
nicholson,2
water,2
physique,2
lack,2
debo,2
areas,2
holl,2
larger,2
contemporary,2
variation,2
discussed,2
anthropologist,2
patterns,2
derivative,2
models,2
moyenne,2
deep,2
distance,2
ecology,2
tilley,2
studied,2
another,2
ephemeral,2
murdock,2
karkarichinkat,2
assemblages,2
including,2
controlling,2
significant,2
expression,2
largely,2
causes,2
submitted,2
processes,2
africaines,2
canon,2
carnelian,2
benin,2
theses,2
low,2
held,2
sati,2
characterized,2
spread,2
features,2
curve,2
chad,2
exchange,2
parallel,2
malian,2
contact,2
construction,2
periodicities,2
artisans,2
burials,2
quarterly,2
attention,2
motif,2
increasing,2
analytical,2
islamic,2
saliege,2
note,2
movements,2
usually,2
smiths,2
spindle,2
begin,2
directions,2
rethinking,2
area,2
expectations,2
table,2
when,2
exists,2
itself,2
arts,2
forest,2
areal,2
shaw,2
thinking,2
homogeneity,2
demonstrate,2
extensive,2
scarcely,2
invoked,2
reinforced,2
azawad,2
theme,2
reconnaissance,2
control,2
global,2
innovations,2
did,2
best,2
argue,2
wall,2
presence,2
report,2
humid,2
goods,2
comptes,2
distinctive,2
rural,2
following,2
beginning,2
ideologies,2
proceedings,2
terms,2
references,2
independently,2
seasonal,2
porteres,2
adaptation,2
doupwil,2
her,2
information,2
scientifiques,2
entire,2
sundstrom,2
became,2
variability,2
question,2
wild,2
numerous,2
offer,2
afrique,2
socially,2
integration,2
prosperity,2
increased,2
supported,2
reductionism,2
km,2
reached,2
maximum,2
substantial,2
valley,2
little,2
df,2
mature,2
urns,2
major,2
hypothesis,2
bedaux,1
final,1
miller,1
rainmaker,1
mimic,1
revisionist,1
situate,1
flow,1
submerging,1
calibrated,1
common,1
conflicting,1
surficial,1
humaines,1
avoiding,1
situating,1
medieval,1
palynologiques,1
stylistic,1
meaning,1
substituting,1
arctic,1
jet,1
created,1
royals,1
universite,1
expedition,1
legitimate,1
arrive,1
red,1
liberating,1
europeans,1
alone,1
fissiparous,1
extends,1
considerably,1
cartes,1
notably,1
preliminaires,1
sphere,1
distributed,1
lacs,1
linguistic,1
expect,1
likewise,1
conducted,1
eaten,1
partially,1
achievements,1
integrity,1
cire,1
commestibles,1
niamey,1
elaborated,1
designed,1
prime,1
cours,1
merged,1
word,1
diversification,1
repertory,1
live,1
evocative,1
constitutes,1
ethnicallydistinct,1
completely,1
pressing,1
paradigms,1
inference,1
boulder,1
considerations,1
grove,1
decade,1
acceptance,1
expecting,1
delibrias,1
cycles,1
royal,1
connah,1
emphasize,1
hegemony,1
originality,1
predicting,1
subsets,1
encourage,1
vestiges,1
lebeuf,1
moving,1
agricultures,1
thematic,1
eye,1
dhar,1
oscillatory,1
midele,1
hints,1
leads,1
par,1
frangaise,1
takrour,1
referrant,1
saleh,1
lower,1
accumulation,1
notre,1
consistent,1
december,1
cast,1
paludialfluvial,1
dwarf,1
invention,1
certainly,1
preceding,1
entitling,1
ipo,1
embayments,1
mazeirie,1
steady,1
concentrated,1
anomalies,1
possesses,1
astronomical,1
expectation,1
permanently,1
monographie,1
seems,1
unification,1
experiments,1
editions,1
furnace,1
containing,1
affirmed,1
deal,1
archaeologically,1
competitiveemulatory,1
scientists,1
wooden,1
jkawinza,1
sobering,1
industrie,1
panafrican,1
gradual,1
analyses,1
rich,1
assembled,1
revisions,1
vectors,1
able,1
moors,1
inqua,1
gisement,1
onto,1
beds,1
geomorphologie,1
resulting,1
take,1
styles,1
evolving,1
help,1
achieved,1
manipulating,1
emphasized,1
greatly,1
precisely,1
influences,1
chiefdoms,1
soc,1
reserved,1
reminiscent,1
investigations,1
discipline,1
reading,1
ambiguous,1
intelligence,1
segregated,1
oscillating,1
bard,1
embroiled,1
spade,1
cherry,1
system,1
orstom,1
changements,1
fayard,1
side,1
advocates,1
sophisticated,1
botanical,1
ofartifact,1
megalithisme,1
practique,1
plain,1
linear,1
seven,1
glaciation,1
autonomous,1
unconsciously,1
histoire,1
primary,1
particularly,1
amplified,1
america,1
planetary,1
discuss,1
rests,1
design,1
account,1
commencement,1
implies,1
compelling,1
cooperation,1
paucity,1
soils,1
erased,1
functions,1
veils,1
malienne,1
flank,1
obvious,1
transcend,1
fine,1
mastery,1
apart,1
except,1
combine,1
reflecting,1
x,1
dur,1
establishment,1
medicine,1
resources,1
conception,1
household,1
vieilles,1
genetic,1
pseudodeltaic,1
correlation,1
uninviting,1
interact,1
economies,1
collection,1
palaeoecological,1
separating,1
attract,1
surplus,1
hudson,1
framework,1
modelled,1
victim,1
savanna,1
ends,1
goal,1
mc,1
burgeoned,1
accessible,1
reservoir,1
dependence,1
southwestern,1
erection,1
component,1
spectrum,1
immediate,1
drastic,1
leur,1
quality,1
reputation,1
village,1
arrested,1
illustrates,1
sustain,1
freighted,1
realized,1
hierarchy,1
dallol,1
forgotten,1
characteristic,1
ability,1
edifice,1
explicating,1
etudies,1
attested,1
taps,1
lacustre,1
uniformity,1
constellation,1
realization,1
theorized,1
theaters,1
sf,1
mundi,1
faculte,1
turn,1
unity,1
popularization,1
cases,1
elements,1
better,1
fatalism,1
burgeoning,1
freed,1
palaeoclimates,1
imprimerie,1
back,1
causing,1
fig,1
panafricain,1
columbia,1
channels,1
extraordinary,1
races,1
grunne,1
franqais,1
cofd,1
egypt,1
left,1
mobility,1
continuous,1
third,1
cardinal,1
alliances,1
whorls,1
weight,1
geological,1
archaeologist,1
quaternaire,1
cultivees,1
constructs,1
indissoluble,1
bassins,1
applique,1
tentatively,1
demonstration,1
leadership,1
chimera,1
general,1
kervran,1
pronounced,1
generation,1
oualedgi,1
obscur,1
ton,1
barth,1
walls,1
perfect,1
phases,1
van,1
geneva,1
adventurism,1
town,1
dangerously,1
whose,1
megalithiques,1
reflects,1
predicted,1
cartel,1
purely,1
sands,1
evoking,1
traffic,1
main,1
impetus,1
developed,1
infestation,1
ra,1
basic,1
doin,1
resident,1
culminating,1
lamentable,1
process,1
knew,1
approaches,1
conceptions,1
undistinguished,1
halstatt,1
opportunity,1
granted,1
saints,1
actuelle,1
persistent,1
supplement,1
lamented,1
shang,1
winters,1
aquatic,1
sandy,1
nos,1
adept,1
distant,1
fmd,1
uncertainties,1
taillees,1
discoveries,1
animals,1
supposed,1
fade,1
consistency,1
constitute,1
experimenting,1
understand,1
category,1
nor,1
lamy,1
monumental,1
facilitated,1
plus,1
immigrant,1
dupwil,1
elle,1
consider,1
possibly,1
reinforcement,1
physically,1
benefits,1
organized,1
disappointment,1
maley,1
clearly,1
palaeoclimate,1
warren,1
producers,1
reconstructions,1
realities,1
impact,1
house,1
contemporaries,1
instrument,1
consigned,1
annuaire,1
moyen,1
reviewed,1
observations,1
accumulating,1
orientation,1
four,1
superior,1
recovered,1
resource,1
shorter,1
emulating,1
beyond,1
wondering,1
fontes,1
tricart,1
isolation,1
dakar,1
problems,1
reconsideration,1
instance,1
answers,1
tringham,1
subjects,1
picton,1
founding,1
metal,1
provisional,1
strategy,1
preference,1
decades,1
necessarily,1
myths,1
commanded,1
artistic,1
whereas,1
behaviour,1
ktegdoust,1
expressed,1
ou,1
based,1
lead,1
priori,1
ethnography,1
walk,1
concentration,1
location,1
culturelle,1
rl,1
carrying,1
demise,1
difficulty,1
search,1
called,1
strength,1
access,1
item,1
embracing,1
redefinitions,1
centers,1
lived,1
animating,1
alloy,1
houseplans,1
shared,1
biogeographical,1
events,1
radical,1
positively,1
zone,1
luxury,1
remarques,1
tableau,1
fuel,1
base,1
glacial,1
markets,1
equally,1
encyclopaedia,1
standardized,1
chinese,1
understood,1
poverty,1
buried,1
expressly,1
engraved,1
ethnographica,1
animate,1
cahiers,1
recently,1
vile,1
fluvial,1
constraining,1
cannot,1
analogous,1
attendant,1
scale,1
cover,1
otherwise,1
smithing,1
however,1
occidentale,1
egiornal,1
explored,1
meghrebian,1
required,1
aridity,1
rectilinear,1
decapitation,1
schema,1
intertropicale,1
stemler,1
hunters,1
criteria,1
technical,1
aspects,1
underlie,1
gained,1
directly,1
faire,1
mawri,1
diminution,1
line,1
theatres,1
minute,1
forgerons,1
work,1
formerly,1
vers,1
planning,1
chang,1
scatters,1
obscure,1
statehood,1
strict,1
hairstyles,1
invisible,1
simplification,1
ranger,1
djenne,1
characterization,1
purpose,1
explains,1
proportions,1
tombs,1
secret,1
polychrome,1
studia,1
distributaries,1
revealed,1
metallurgies,1
childe,1
loss,1
literature,1
q,1
ses,1
harlan,1
obscured,1
postulated,1
literally,1
beginnings,1
people,1
figures,1
urvoy,1
predicts,1
beads,1
thereafter,1
forces,1
border,1
proliferation,1
djoboro,1
away,1
complemented,1
rise,1
supraregion,1
il,1
tchad,1
systematic,1
interpreted,1
fondmental,1
eastern,1
transmit,1
cults,1
diplome,1
uniqueness,1
koumbi,1
atlas,1
lifted,1
demographie,1
premieres,1
climates,1
computer,1
arise,1
grafted,1
successful,1
below,1
useful,1
citadelle,1
lowest,1
shaping,1
dictionary,1
speculations,1
trading,1
next,1
politically,1
paques,1
imposition,1
mediterranean,1
consolidation,1
royale,1
quite,1
blacksmith,1
trivial,1
bank,1
belt,1
senegambien,1
small,1
childeian,1
summon,1
autonomy,1
proximate,1
characteristics,1
shapes,1
concerns,1
propelled,1
membrane,1
eighth,1
folk,1
temporary,1
goundam,1
eccentricities,1
geomorphic,1
texas,1
subgroup,1
sculptures,1
corporations,1
corridor,1
religieuses,1
stratigraphy,1
generally,1
richness,1
up,1
progress,1
cattle,1
dependent,1
sea,1
hautes,1
civilisation,1
notes,1
reflected,1
directionality,1
newly,1
gross,1
concise,1
passive,1
rest,1
reducing,1
avoid,1
content,1
ruines,1
bassin,1
buttes,1
settlers,1
haas,1
institut,1
fluvially,1
liberation,1
prespection,1
related,1
he,1
habitats,1
underived,1
reduced,1
minor,1
docum,1
holds,1
floruit,1
functioning,1
letters,1
grinders,1
eluded,1
grand,1
doctoral,1
ire,1
seventh,1
kona,1
sans,1
sous,1
ia,1
exclusivity,1
limited,1
play,1
appreciate,1
classic,1
brief,1
forward,1
fruit,1
millennia,1
nearly,1
purports,1
exception,1
tropical,1
prove,1
whatever,1
slag,1
still,1
conceives,1
purest,1
make,1
torrential,1
standing,1
initially,1
backdrop,1
movement,1
perennial,1
masons,1
artist,1
shipped,1
thereby,1
hawkesian,1
braided,1
positive,1
structural,1
spectacular,1
mediator,1
vicinity,1
humaine,1
purposefully,1
vallee,1
fully,1
uppsala,1
communities,1
criticism,1
museum,1
reference,1
push,1
makes,1
interment,1
thames,1
soon,1
rain,1
sex,1
array,1
metallurgical,1
fifth,1
god,1
chronology,1
cylindrical,1
neither,1
perceived,1
necropoli,1
subcommunities,1
swamp,1
prehistorians,1
homogeneous,1
checkered,1
light,1
roches,1
tumuliformes,1
belge,1
same,1
shifting,1
refine,1
ranks,1
efforts,1
ed,1
apepars,1
broad,1
accelerated,1
experiment,1
fp,1
largest,1
already,1
wisconsin,1
illustrated,1
protohistoriques,1
begins,1
tondidarou,1
bar,1
biog,1
discreteness,1
functioned,1
stones,1
whirlwinds,1
hallmark,1
charismatic,1
elect,1
chose,1
volume,1
street,1
boulel,1
mound,1
members,1
entrepot,1
resolution,1
precis,1
successfully,1
plundered,1
french,1
suit,1
challenge,1
prompting,1
fell,1
mark,1
sac,1
preserve,1
ask,1
unshackled,1
impressive,1
hydrological,1
homo,1
projects,1
adherence,1
depopulated,1
crops,1
locational,1
shows,1
longer,1
pieds,1
detonated,1
clarendon,1
seasonality,1
rpsemlt,1
appeared,1
abstract,1
relict,1
tiebala,1
dilettantism,1
grave,1
habitat,1
francaise,1
karthala,1
becker,1
plagued,1
quelques,1
figurines,1
sao,1
subscribing,1
golden,1
distributions,1
considerable,1
succeeding,1
paleoclimatologie,1
geomorphologique,1
civilisations,1
fragments,1
channel,1
particularistic,1
never,1
behind,1
drinking,1
consciously,1
do,1
anciens,1
secular,1
saharosudanese,1
continuing,1
entity,1
chevalley,1
unearthing,1
celebrated,1
hectares,1
practice,1
appropriating,1
harrappan,1
frequency,1
routledge,1
syncretistic,1
style,1
ladder,1
carinated,1
stunning,1
number,1
wood,1
compete,1
terracottas,1
regionally,1
radiocarbone,1
day,1
polities,1
degree,1
blindnesses,1
thousands,1
greatest,1
extended,1
discussion,1
rulers,1
disease,1
indiana,1
background,1
unesco,1
discovery,1
completed,1
sacrifices,1
virgin,1
values,1
preislamiques,1
reputedly,1
alerted,1
parameter,1
strongly,1
unpredictable,1
contacts,1
bequeathed,1
clustered,1
traversing,1
ruling,1
samples,1
worship,1
concern,1
africainistes,1
needing,1
prospection,1
entirely,1
ponds,1
use,1
reconstructs,1
hypotheses,1
lettres,1
dress,1
congress,1
kingdom,1
harvard,1
assign,1
trend,1
rare,1
resolved,1
protohistorique,1
datations,1
pagan,1
fantastic,1
full,1
sees,1
literate,1
eleventh,1
dismissed,1
optimistic,1
gravees,1
dating,1
mauritanienne,1
fused,1
ties,1
open,1
climatiques,1
prehistoriques,1
clear,1
three,1
historic,1
lacustrine,1
entomb,1
se,1
sensitivity,1
points,1
dominated,1
clue,1
brass,1
maintenance,1
killi,1
amounts,1
co,1
poterie,1
divisions,1
incompletely,1
inventing,1
function,1
mouton,1
serves,1
obtained,1
lie,1
filled,1
proximity,1
stimulation,1
illicit,1
epoch,1
black,1
martin,1
latter,1
why,1
unambiguous,1
jennei,1
laviolette,1
outside,1
internal,1
article,1
study,1
geographique,1
craft,1
pennisetum,1
become,1
relation,1
interpretations,1
danger,1
potsherd,1
effect,1
ounce,1
riser,1
imago,1
gac,1
palacial,1
claiming,1
congres,1
probably,1
horse,1
galerie,1
adaptations,1
northern,1
pehmanent,1
streams,1
versus,1
invented,1
occupied,1
biedermann,1
premiers,1
connections,1
professional,1
cliffs,1
recurring,1
creativity,1
darker,1
convincingly,1
widely,1
depuis,1
ramblings,1
separate,1
ranging,1
iyu,1
asking,1
indication,1
yr,1
testable,1
cr,1
aid,1
rapport,1
sumeria,1
today,1
cow,1
window,1
independent,1
recall,1
sometimes,1
kutzbach,1
ecological,1
invasion,1
you,1
lends,1
vision,1
naturally,1
staples,1
testing,1
maps,1
hill,1
lauer,1
vestigial,1
inside,1
datatons,1
lines,1
curative,1
widespread,1
predict,1
mankind,1
becomes,1
means,1
dimensions,1
lost,1
transformed,1
detailed,1
team,1
credited,1
mounts,1
gana,1
markers,1
transformation,1
legitimacy,1
whereby,1
empires,1
similarities,1
indicate,1
universalis,1
figurine,1
life,1
class,1
settled,1
palausi,1
often,1
responsible,1
efficiency,1
analysis,1
norwegian,1
jennen,1
hope,1
clerisse,1
chamber,1
stratified,1
rive,1
enforced,1
fields,1
canonical,1
citizens,1
appointments,1
mounds,1
problematic,1
longman,1
yoruba,1
princes,1
mud,1
investigate,1
antarctic,1
stable,1
considered,1
dynasts,1
underly,1
addressed,1
interprdtation,1
differentiated,1
pres,1
anthropomorphic,1
warrants,1
environment,1
curious,1
quenching,1
monument,1
blocked,1
gallay,1
civilizations,1
comes,1
conclusion,1
demographics,1
aeolian,1
mentioned,1
colonists,1
intensification,1
comparison,1
forget,1
ao,1
ve,1
founded,1
palaeoclimatic,1
simply,1
geographic,1
determinants,1
continues,1
levtzion,1
objects,1
physical,1
marshy,1
sujet,1
glimpse,1
text,1
offers,1
alternative,1
colonialism,1
der,1
coincides,1
frl,1
know,1
sognane,1
colonization,1
cazugi,1
rainfall,1
tendencies,1
alluviation,1
tational,1
historique,1
aberration,1
mdgalithiques,1
prototypes,1
tomb,1
suggestions,1
novel,1
expanding,1
inclined,1
setting,1
brick,1
sintou,1
dated,1
condiments,1
inquiry,1
post,1
foundation,1
globaux,1
anastomosing,1
dieterlen,1
obviously,1
nouvelles,1
recherche,1
benefit,1
desplagnes,1
cultivation,1
flohn,1
perdu,1
generalized,1
stamped,1
prospects,1
scores,1
pica,1
absolutely,1
advances,1
pushing,1
person,1
desiccation,1
subterranean,1
animal,1
researching,1
camps,1
game,1
according,1
virtual,1
correlate,1
economy,1
mysteres,1
persuasively,1
investigation,1
conservatism,1
unique,1
objets,1
spatial,1
them,1
retinue,1
list,1
namely,1
making,1
supports,1
varying,1
nearby,1
harappan,1
monsoonal,1
metaphor,1
maintain,1
covers,1
enterprise,1
extent,1
supplemented,1
scheduling,1
correlates,1
illegally,1
cloth,1
produce,1
yield,1
noticed,1
almost,1
demonstrated,1
representerracotta,1
agreed,1
apparently,1
phenomena,1
ideal,1
museo,1
hundreds,1
replacement,1
archaeometry,1
lurks,1
researchers,1
nesmith,1
paleoclimates,1
emergent,1
plantes,1
must,1
preserved,1
addis,1
careful,1
potters,1
recognition,1
recipients,1
reported,1
ancestral,1
surrendered,1
backwards,1
revolutions,1
atmospheric,1
possession,1
giving,1
transition,1
went,1
bronzes,1
oualadji,1
connaissance,1
resultats,1
appointed,1
frankenberg,1
colonial,1
families,1
muraille,1
phenomenon,1
using,1
maintained,1
communicative,1
colloquium,1
ceramique,1
waves,1
leap,1
contrasts,1
crosscultural,1
hunter,1
rognon,1
refugees,1
commercial,1
instructive,1
fi,1
argues,1
physicists,1
neighbouring,1
mopti,1
indeed,1
crumley,1
dazzling,1
finding,1
decrease,1
smoked,1
frame,1
morphological,1
washington,1
relevance,1
artificial,1
crisis,1
dangerous,1
parallels,1
corrective,1
satisfactory,1
actes,1
faure,1
define,1
davies,1
constructed,1
provided,1
product,1
heartland,1
glass,1
involving,1
attributes,1
earthen,1
effects,1
clues,1
defined,1
derive,1
inequalities,1
centripetal,1
szumowski,1
landforms,1
peripheries,1
permeable,1
typology,1
repeat,1
shift,1
classification,1
enclosed,1
verifying,1
ravise,1
coalesce,1
monteil,1
removed,1
routes,1
pertain,1
tropicale,1
certainty,1
drying,1
close,1
attending,1
themselves,1
mystery,1
tegdaoust,1
bambara,1
commodity,1
chicago,1
deposits,1
improved,1
canonization,1
national,1
nok,1
northwestern,1
immediately,1
palaeohistoria,1
strong,1
infancy,1
songhay,1
should,1
broader,1
successive,1
indicating,1
wagadu,1
uncertain,1
chambers,1
richly,1
eagerly,1
