WORDCOUNTS,WEIGHT
and,39
the,38
of,31
in,29
archaeology,23
to,16
by,11
for,10
new,10
no,9
are,9
publication,9
is,8
vol,8
be,7
a,6
ed,6
as,6
submission,5
or,5
time,5
archaeological,5
early,5
analysis,4
past,4
papers,4
october,4
issues,4
this,4
research,4
at,3
may,3
institutions,3
contributions,3
methods,3
not,3
articles,3
western,3
any,3
amazon,3
from,3
but,3
theme,3
february,3
routledge,3
some,3
techniques,3
human,3
individuals,3
such,3
editor,3
field,3
on,3
june,3
systems,3
an,3
will,2
it,2
cover,2
if,2
colombian,2
subsistence,2
directions,2
above,2
applications,2
space,2
pacific,2
with,2
miscellany,2
months,2
approaches,2
technology,2
policy,2
ancient,2
before,2
regional,2
published,2
that,2
production,2
colonization,2
all,2
water,2
j,2
intending,2
available,2
societies,2
date,2
further,2
whether,2
form,2
issue,2
agricultural,2
number,2
design,2
urban,2
art,2
planning,2
occasionally,2
invited,2
publishers,2
editorial,2
climatic,2
which,2
copies,2
chemical,2
change,2
contributors,2
usa,2
each,2
especially,2
charles,2
back,2
k,2
single,2
can,2
world,2
uk,2
recent,2
traditions,2
should,2
row,2
dealing,1
reading,1
transhumance,1
christian,1
islamic,1
likely,1
page,1
perspectives,1
matter,1
africa,1
without,1
architecture,1
regular,1
science,1
concerned,1
scientific,1
anthony,1
been,1
tropics,1
dry,1
how,1
bound,1
araracuara,1
subject,1
strictly,1
santiago,1
landscape,1
retrieval,1
coastal,1
rodriguez,1
announced,1
remote,1
di,1
conceptions,1
environments,1
strongly,1
still,1
currency,1
church,1
transformation,1
b,1
center,1
leave,1
executive,1
their,1
letter,1
population,1
innovation,1
study,1
southeast,1
britain,1
biological,1
advised,1
stone,1
elsa,1
edited,1
h,1
fetter,1
hoarding,1
monuments,1
eighteen,1
arid,1
typeset,1
empires,1
mora,1
studies,1
modern,1
monumental,1
rain,1
chronology,1
forests,1
quantitative,1
spencer,1
excavation,1
history,1
specialization,1
environment,1
chris,1
quarries,1
panama,1
proprietors,1
thrice,1
fernanda,1
rachanie,1
cooke,1
these,1
industrial,1
subscription,1
age,1
ethnoarchaeology,1
begins,1
linguistics,1
moments,1
glover,1
priced,1
precise,1
jon,1
notions,1
titles,1
submit,1
writing,1
north,1
asterisk,1
container,1
also,1
archaelogical,1
maloney,1
book,1
ii,1
m,1
weaponry,1
postage,1
might,1
management,1
musical,1
palynological,1
chagra,1
rb,1
rock,1
analytical,1
cultivated,1
prehistoric,1
fitted,1
ceramic,1
commission,1
s,1
other,1
innovations,1
nancy,1
did,1
yorkshire,1
pastoralism,1
printed,1
plot,1
gosden,1
great,1
universal,1
current,1
p,1
hoards,1
humid,1
classical,1
shared,1
mason,1
far,1
end,1
religion,1
survey,1
historical,1
i,1
man,1
feature,1
passage,1
gisd,1
type,1
watercraft,1
urbanization,1
trouble,1
biogeography,1
chiefdoms,1
camilo,1
william,1
political,1
though,1
according,1
caves,1
reviews,1
transmitted,1
accepted,1
burial,1
establish,1
relevant,1
contents,1
ceramics,1
tayles,1
list,1
see,1
system,1
case,1
particular,1
publications,1
practice,1
ahead,1
core,1
manuscripts,1
theory,1
books,1
save,1
ethnography,1
public,1
uncommissioned,1
agriculture,1
technical,1
studying,1
well,1
holocene,1
trowbridge,1
welcome,1
prior,1
future,1
marked,1
data,1
unsolicited,1
island,1
prehispanic,1
work,1
soils,1
archaeobotany,1
publish,1
ines,1
received,1
speculation,1
already,1
richard,1
chronologies,1
limitations,1
transport,1
nomads,1
part,1
including,1
sent,1
conception,1
permission,1
related,1
yearly,1
nutrition,1
african,1
its,1
ritual,1
assumptions,1
gb,1
graeme,1
food,1
implications,1
warfare,1
using,1
peten,1
manfred,1
jo,1
seasonally,1
central,1
centralized,1
ranere,1
llanos,1
review,1
write,1
ian,1
theories,1
dating,1
theoretical,1
recording,1
facts,1
lists,1
trade,1
notes,1
nj,1
have,1
made,1
g,1
author,1
charge,1
health,1
issn,1
phanom,1
architectural,1
normally,1
ri,1
price,1
evidence,1
folan,1
mines,1
khok,1
hather,1
obtained,1
administrative,1
palaeolithic,1
anyone,1
thomas,1
eggert,1
late,1
stored,1
luisa,1
article,1
stones,1
six,1
craft,1
myers,1
interpretations,1
kt,1
up,1
london,1
venezuelan,1
application,1
instruments,1
journal,1
adaptations,1
northern,1
paid,1
technological,1
than,1
redmond,1
conceive,1
about,1
appropriate,1
preliminary,1
archaeometallurgy,1
