WORDCOUNTS,WEIGHT
the,89
of,65
and,41
a,34
in,33
is,25
at,17
from,16
university,13
he,12
to,12
professor,12
with,9
for,9
roman,8
has,8
archaeology,8
j,7
on,7
as,7
an,6
it,5
currently,5
his,5
assistant,5
anthropology,5
new,5
i,5
charles,5
research,5
o,4
been,4
was,4
ancient,4
by,4
department,4
that,4
isbn,4
project,4
their,4
france,4
ba,3
site,3
seen,3
why,3
provinces,3
not,3
many,3
or,3
history,3
french,3
survey,3
took,3
phd,3
work,3
pyramids,3
london,3
which,3
were,3
cambridge,3
archaeological,3
up,3
carried,2
will,2
colour,2
york,2
mexico,2
she,2
stuart,2
associate,2
minoan,2
under,2
takes,2
series,2
but,2
volume,2
structures,2
l,2
conquest,2
each,2
steven,2
prehistoric,2
p,2
out,2
historical,2
wilkes,2
there,2
where,2
daniel,2
empire,2
sociology,2
uaymil,2
dr,2
institute,2
degree,2
sites,2
redman,2
middle,2
received,2
riddle,2
its,2
leblanc,2
glyn,2
such,2
development,2
this,2
noricum,2
have,2
dalmatia,2
comprehensive,2
danube,2
excavated,2
david,2
specific,2
purdue,2
distinguished,2
latest,2
be,2
early,2
when,2
student,2
kentucky,2
kurt,1
glen,1
schoder,1
ranging,1
miller,1
span,1
loyola,1
f,1
acropolis,1
crete,1
now,1
discussing,1
aid,1
done,1
geochronology,1
cover,1
anthony,1
bloonmsbury,1
mattered,1
meaning,1
lucy,1
doctorate,1
wrote,1
unit,1
departments,1
institutions,1
process,1
becomes,1
e,1
frs,1
who,1
directing,1
attempt,1
detailed,1
totally,1
yale,1
frankel,1
wolfson,1
they,1
specializing,1
professorial,1
wo,1
b,1
leave,1
interrelationships,1
derived,1
wc,1
bochum,1
one,1
contributions,1
sanctuary,1
study,1
often,1
lectureship,1
illustrations,1
construction,1
analysis,1
birmingham,1
reforms,1
about,1
united,1
ma,1
ihardcover,1
education,1
edited,1
h,1
indispensable,1
raymond,1
observer,1
drawings,1
studies,1
pp,1
mocsy,1
photographs,1
earliest,1
morgan,1
prehistory,1
undertaken,1
western,1
scale,1
mainland,1
into,1
presents,1
wars,1
curious,1
emergence,1
then,1
teaches,1
aerial,1
before,1
sum,1
just,1
collectively,1
watson,1
newcomer,1
air,1
result,1
upper,1
peoples,1
these,1
limestone,1
age,1
four,1
visitors,1
athens,1
extensive,1
mallowan,1
first,1
catalogue,1
emeritus,1
beyond,1
picture,1
useful,1
physical,1
grebinger,1
roderick,1
definite,1
plates,1
every,1
ronan,1
funerary,1
terminology,1
text,1
pannonia,1
gothenburg,1
s,1
sweden,1
paul,1
originally,1
ii,1
protohistory,1
wichita,1
ian,1
natural,1
over,1
books,1
cox,1
mcintosh,1
cultures,1
are,1
specialized,1
based,1
ceramic,1
whom,1
book,1
treatment,1
europe,1
menlo,1
seneca,1
areas,1
could,1
appearance,1
rl,1
together,1
fry,1
great,1
fulllength,1
missouri,1
governed,1
government,1
moesia,1
john,1
sustaining,1
events,1
written,1
graham,1
man,1
serious,1
state,1
gaul,1
handbook,1
ruhr,1
beginning,1
v,1
present,1
ground,1
robert,1
remarkable,1
understood,1
advantages,1
birley,1
covered,1
leeds,1
reading,1
what,1
german,1
continuing,1
combined,1
lecturer,1
context,1
whether,1
dechelette,1
cenotaphs,1
recently,1
ad,1
answer,1
marcomannic,1
webster,1
case,1
patty,1
covers,1
paperback,1
eitvos,1
tikal,1
time,1
taught,1
problem,1
routledge,1
key,1
consisting,1
mendelssohn,1
palynologist,1
near,1
thames,1
eisenhower,1
studying,1
well,1
shape,1
huge,1
local,1
account,1
emphasis,1
possible,1
r,1
line,1
reaction,1
data,1
used,1
andras,1
romans,1
bc,1
translated,1
turkey,1
made,1
completed,1
geza,1
region,1
thereby,1
including,1
arose,1
classics,1
sea,1
city,1
establishment,1
enormous,1
laws,1
role,1
sydney,1
team,1
plans,1
findings,1
egyptian,1
went,1
territory,1
significant,1
whole,1
zakro,1
describe,1
organization,1
largely,1
rivers,1
editorial,1
cibola,1
pyramid,1
hudson,1
world,1
exceptionally,1
tons,1
jo,1
ho,1
faculty,1
budapest,1
central,1
million,1
our,1
examination,1
romanization,1
chosen,1
full,1
question,1
piecemeal,1
devoted,1
showing,1
years,1
both,1
frere,1
since,1
computerized,1
graduate,1
authors,1
rivet,1
write,1
g,1
washington,1
eo,1
deals,1
contributors,1
solution,1
editorship,1
composite,1
usa,1
field,1
tucson,1
period,1
need,1
so,1
buildings,1
bowersock,1
states,1
played,1
palace,1
obtained,1
meidum,1
attempted,1
programme,1
area,1
geologist,1
adam,1
provides,1
claudius,1
displaying,1
elements,1
convincing,1
between,1
disaster,1
holds,1
iron,1
become,1
c,1
chicago,1
can,1
alfoldy,1
fully,1
scott,1
geological,1
st,1
entire,1
greece,1
mcburney,1
hodder,1
migrations,1
fellowship,1
much,1
immediately,1
ilr,1
here,1
cavendish,1
joint,1
alberta,1
fellow,1
adult,1
crawford,1
built,1
sj,1
geographical,1
major,1
examines,1
