WORDCOUNTS,WEIGHT
the,348
and,342
of,329
in,206
a,194
to,158
is,94
archaeological,82
theory,68
for,58
are,55
which,53
by,51
formal,51
that,48
archaeology,47
this,46
it,42
an,42
be,41
data,39
new,38
press,38
methods,37
analysis,36
with,35
j,34
has,32
have,32
i,31
but,31
pp,30
from,30
c,30
expert,29
as,29
techniques,28
model,26
systems,26
at,25
use,25
academic,24
on,24
some,23
or,22
models,22
university,21
r,21
not,21
spatial,21
they,20
m,20
computer,20
sociocultural,20
been,20
these,19
particular,19
may,18
then,18
s,17
knowledge,17
also,17
between,17
there,16
its,16
mathematical,16
can,16
american,15
human,15
intelligence,15
b,15
their,15
made,15
d,15
l,14
inference,14
research,14
artificial,14
abduction,14
doran,14
if,13
seems,13
system,13
one,13
context,12
statistical,12
simulation,12
e,11
h,11
within,11
study,11
explanatory,11
social,11
two,11
more,11
range,11
paper,11
both,11
evidence,11
no,10
was,10
shall,10
structure,10
approach,10
f,10
about,10
so,10
science,10
past,10
cambridge,10
being,9
g,9
even,9
jim,9
work,9
explanation,9
would,9
relationship,9
antiquity,9
what,9
substantial,9
way,8
archaeologists,8
might,8
renfrew,8
possible,8
such,8
development,8
journal,8
general,8
process,8
et,8
make,8
culture,8
only,8
do,8
where,8
computational,8
form,8
information,8
decade,7
casnet,7
framework,7
review,7
networks,7
expressed,7
network,7
change,7
next,7
interpretation,7
many,7
considerable,7
voorrips,7
k,7
set,7
each,7
transition,7
major,7
now,6
much,6
approaches,6
state,6
case,6
very,6
de,6
domain,6
perspective,6
clustering,6
important,6
moore,6
used,6
limited,6
innovation,6
all,6
technique,6
time,6
conclusions,6
see,6
disease,6
processes,6
theoretical,6
applications,6
itself,6
quantitative,6
abductive,6
over,6
advances,6
merely,6
them,6
terms,6
when,6
systematisation,6
although,6
specific,6
does,5
foraging,5
studies,5
seriation,5
first,5
implications,5
real,5
mass,5
point,5
expertise,5
type,5
developments,5
van,5
how,5
exploratory,5
too,5
beyond,5
further,5
because,5
than,5
artifact,5
good,5
small,5
method,5
value,5
likely,5
still,5
assumptions,5
actual,5
agreement,5
especially,5
attention,5
types,5
associated,5
particularly,5
whether,5
presented,5
given,5
world,5
applicable,5
need,5
states,5
themselves,5
little,5
orton,4
common,4
complex,4
into,4
something,4
taken,4
attempt,4
monte,4
available,4
simple,4
potentially,4
take,4
those,4
vol,4
uncertain,4
relatively,4
archaeologist,4
interesting,4
rather,4
developed,4
multivariate,4
consider,4
clearly,4
just,4
n,4
w,4
carlo,4
based,4
experts,4
tools,4
record,4
part,4
few,4
essentially,4
annual,4
results,4
correspondence,4
will,4
therefore,4
technology,4
management,4
experimental,4
already,4
useful,4
volume,4
reasoning,4
pattern,4
explicitly,4
including,4
mortuary,4
were,4
significance,4
language,4
often,4
intrasite,4
consequences,4
european,4
suggest,4
program,4
detail,4
anthropological,4
sciences,4
alternative,4
different,4
current,4
problem,4
observations,4
contribute,4
typically,4
potential,4
currently,3
introduction,3
prediction,3
mcdermott,3
wrong,3
certainly,3
nature,3
experiments,3
great,3
arises,3
achieved,3
precisely,3
deriving,3
linear,3
key,3
difficulties,3
since,3
against,3
application,3
body,3
identification,3
en,3
mean,3
evolution,3
reason,3
informatique,3
exchange,3
impact,3
most,3
commonly,3
resource,3
linkage,3
experimentation,3
could,3
found,3
effort,3
applied,3
procedures,3
find,3
simulations,3
briefly,3
prominent,3
related,3
description,3
whole,3
structures,3
statistics,3
iupps,3
successful,3
working,3
progress,3
using,3
appropriate,3
hodson,3
matter,3
various,3
middlerange,3
yet,3
same,3
al,3
cooke,3
provide,3
analytical,3
abstract,3
choice,3
classical,3
distributions,3
discussed,3
enough,3
relevant,3
less,3
strategies,3
perhaps,3
binford,3
understanding,3
discussion,3
examples,3
discovery,3
concern,3
publication,3
like,3
obtained,3
keene,3
least,3
latter,3
problems,3
become,3
probably,3
we,3
tendency,3
decision,3
observational,3
practical,3
interpretive,3
considered,3
variable,3
any,3
must,3
precise,3
der,3
natural,3
anthropology,3
hassan,3
assessment,3
better,3
proceedings,3
investigation,3
require,3
emphasis,3
role,3
structured,3
progressions,3
typology,3
carr,3
uncertainty,3
technological,3
recent,3
programming,3
hypothesis,3
go,2
representing,2
dagger,2
imported,2
measures,2
notably,2
systemic,2
needed,2
catastrophe,2
constitutes,2
specialist,2
true,2
ways,2
easily,2
stochastic,2
amongst,2
contexts,2
test,2
creation,2
attempts,2
dunnell,2
retreat,2
reach,2
principles,2
other,2
tradition,2
assess,2
whallon,2
wave,2
follows,2
corcoran,2
procedure,2
hunting,2
last,2
consist,2
concepts,2
principal,2
inseparable,2
gaps,2
formulation,2
task,2
chapter,2
capable,2
recommended,2
sabloff,2
adopting,2
investigator,2
obvious,2
clear,2
obliges,2
taking,2
combination,2
conceptual,2
quantity,2
apply,2
relationships,2
dynamics,2
machine,2
interest,2
characteristic,2
ease,2
quantifying,2
charniak,2
rigorously,2
kind,2
palaeolithic,2
elements,2
clark,2
effective,2
hodder,2
look,2
unobservable,2
though,2
explanations,2
essential,2
predicted,2
performance,2
snark,2
djindjian,2
explicit,2
derived,2
special,2
ammerman,2
acquisition,2
possibly,2
kintigh,2
familiar,2
section,2
operate,2
instance,2
suggested,2
view,2
leaps,2
prehistoric,2
societies,2
rule,2
search,2
typical,2
p,2
amsterdam,2
deal,2
relate,2
initial,2
base,2
appliquees,2
cultural,2
circular,2
hammers,2
wealth,2
explain,2
required,2
technical,2
aspects,2
directly,2
storage,2
flannery,2
future,2
scatters,2
mathematician,2
unless,2
example,2
ten,2
likelihoods,2
place,2
reynolds,2
partly,2
systematic,2
heuristic,2
whilst,2
sense,2
ago,2
involve,2
le,2
diagnostic,2
involved,2
highly,2
components,2
bridge,2
dedicated,2
mathematiques,2
grateful,2
provided,2
am,2
analytic,2
critical,2
tasks,2
scientific,2
economic,2
indeed,2
quantified,2
essex,2
classic,2
whatever,2
bert,2
selection,2
criticism,2
edited,2
reference,2
rules,2
thought,2
illustrated,2
reports,2
noted,2
published,2
members,2
starting,2
again,2
europe,2
towards,2
demographic,2
efforts,2
lack,2
consideration,2
treatment,2
areas,2
reasons,2
forms,2
existing,2
shown,2
council,2
controversy,2
number,2
ecology,2
maya,2
interpreting,2
systematics,2
looking,2
manifestations,2
significant,2
hypotheses,2
questions,2
examination,2
full,2
theories,2
dating,2
express,2
neoevolutionary,2
points,2
held,2
controversies,2
characterised,2
summer,2
high,2
diversity,2
standard,2
provides,2
thomas,2
labour,2
saa,2
v,2
pottery,2
tests,2
perspectives,2
continued,2
sometimes,2
primarily,2
directions,2
detailed,2
contribution,2
try,2
volumes,2
archeologie,2
construction,2
quite,2
valbonne,2
encampment,2
predictions,2
simply,2
bronze,2
loving,2
emphasise,2
deficiencies,2
seem,2
believe,2
best,2
build,2
making,2
pact,2
sociology,2
mere,2
temporally,2
mathematics,2
extent,2
fully,2
suggests,2
cluster,2
conference,2
conclude,2
prospect,2
emphasised,2
easy,2
disciplines,2
bradley,2
representation,2
question,2
years,2
conditions,2
offer,2
involving,2
derive,2
remains,2
classification,2
clarify,2
justify,2
chicago,2
partial,2
early,2
trigger,2
beings,2
should,2
building,2
doing,2
unpredictable,1
difficult,1
entities,1
modelling,1
formulated,1
doubts,1
flow,1
oriented,1
limits,1
behavioural,1
sterile,1
humaines,1
avoiding,1
adopt,1
indicated,1
groups,1
faced,1
encouraged,1
truth,1
epidemics,1
laporte,1
pierce,1
berlin,1
center,1
settlements,1
nested,1
systematically,1
essays,1
designed,1
word,1
formed,1
informative,1
library,1
wilcock,1
postdepositional,1
specified,1
competence,1
decompose,1
modern,1
former,1
position,1
excavation,1
history,1
predicting,1
variants,1
physicians,1
scientist,1
before,1
uses,1
interpretative,1
mortality,1
track,1
eye,1
golden,1
controlled,1
du,1
diffusion,1
gruyter,1
lenat,1
gap,1
t,1
transitions,1
explaining,1
stressed,1
philosophers,1
hence,1
specifically,1
revisited,1
posed,1
overoptimistic,1
pervasive,1
derives,1
originally,1
give,1
unconstrained,1
contrasted,1
address,1
england,1
spratt,1
shaped,1
operationally,1
attractive,1
advantage,1
suggesting,1
cheddar,1
wielding,1
richards,1
able,1
proves,1
transforms,1
hundred,1
repertoires,1
integrate,1
shennan,1
trouble,1
reserved,1
embody,1
discipline,1
somewhat,1
threshold,1
digital,1
similarities,1
issue,1
computing,1
existence,1
laxton,1
assertions,1
motion,1
multiactor,1
discuss,1
right,1
format,1
certainties,1
reaction,1
functions,1
deux,1
apart,1
say,1
x,1
resources,1
undoubtedly,1
hazard,1
corresponding,1
unifies,1
central,1
goal,1
backcloth,1
collapse,1
tractability,1
cemeteries,1
surely,1
branching,1
spectrum,1
immediate,1
pople,1
intractable,1
elcock,1
patient,1
scarce,1
ability,1
bridging,1
mixed,1
adopted,1
specialised,1
raisonnement,1
exist,1
conducted,1
fortiori,1
regarded,1
sample,1
westport,1
marxism,1
exercise,1
guided,1
wiley,1
bands,1
thing,1
rank,1
cases,1
old,1
valueless,1
late,1
underlying,1
concerning,1
back,1
univariate,1
machines,1
restrict,1
grammars,1
moving,1
suitable,1
left,1
publications,1
invert,1
outset,1
communication,1
constructs,1
critique,1
details,1
focussed,1
appreciated,1
rowlands,1
deeply,1
mechanism,1
crossroads,1
newer,1
failed,1
site,1
assessed,1
operation,1
causally,1
whose,1
reflects,1
hopes,1
without,1
underway,1
statements,1
growth,1
troubled,1
across,1
happily,1
compatible,1
debated,1
adapt,1
agonizing,1
basic,1
presentation,1
notion,1
subsistence,1
knew,1
computeraided,1
conceptions,1
active,1
reinhart,1
order,1
probability,1
inexperience,1
turn,1
similar,1
importance,1
certain,1
leave,1
generating,1
pages,1
possess,1
scales,1
read,1
uncertainties,1
augmented,1
factors,1
glaucoma,1
webster,1
methuen,1
means,1
changes,1
microcomputers,1
bad,1
theorists,1
consultation,1
metropolis,1
induction,1
prehistory,1
benefits,1
languages,1
disappointment,1
stored,1
elsewhere,1
argued,1
frequently,1
upper,1
simplifies,1
age,1
orientation,1
multilinealism,1
motivates,1
provokes,1
commented,1
store,1
origins,1
ugly,1
follow,1
rkp,1
organisation,1
consequence,1
cost,1
requires,1
conditional,1
recur,1
utah,1
pierre,1
restriction,1
protohistory,1
providing,1
drawing,1
advocated,1
appear,1
numerical,1
unnecessary,1
had,1
pose,1
yielding,1
troubling,1
standards,1
closely,1
my,1
systemes,1
rivals,1
identifying,1
introduce,1
path,1
called,1
access,1
inappropriate,1
combinations,1
out,1
objectives,1
demands,1
international,1
facilitate,1
mesoamerican,1
flirted,1
captured,1
philosophical,1
negation,1
representative,1
term,1
symptoms,1
handbook,1
ranking,1
equally,1
helpfully,1
understood,1
poverty,1
expressly,1
reviews,1
hanson,1
indirect,1
awful,1
viewed,1
constraining,1
cannot,1
otherwise,1
safe,1
however,1
perform,1
conferences,1
facilities,1
wide,1
acknowledgments,1
schema,1
sacrifice,1
expensive,1
failure,1
well,1
discordance,1
having,1
hietala,1
closed,1
artifacts,1
clarke,1
safir,1
dissatisfaction,1
claim,1
concept,1
significantly,1
story,1
purpose,1
training,1
dover,1
apparent,1
formalisation,1
computerised,1
null,1
positions,1
tia,1
q,1
describe,1
fit,1
database,1
discussions,1
during,1
issues,1
records,1
people,1
actually,1
forces,1
personal,1
justification,1
elegant,1
employed,1
achieving,1
characterise,1
preparation,1
resort,1
interpreted,1
conform,1
own,1
construct,1
optimal,1
viable,1
level,1
field,1
negligible,1
things,1
tested,1
obligatory,1
standpoint,1
hole,1
nearest,1
arbitrary,1
emerging,1
long,1
quantification,1
segraves,1
spaulding,1
several,1
characteristics,1
vanishingly,1
governments,1
posthole,1
vacuum,1
unreliability,1
implausible,1
methodological,1
yielded,1
brown,1
symposia,1
always,1
generally,1
up,1
extracted,1
paid,1
plausible,1
unduly,1
preliminary,1
valuable,1
seemed,1
avoid,1
content,1
chronological,1
happen,1
processual,1
highlights,1
led,1
noteworthy,1
critics,1
minor,1
variety,1
contact,1
bringing,1
steadily,1
identified,1
action,1
clarifies,1
mathematicians,1
provoking,1
goodyear,1
death,1
needlessly,1
object,1
etc,1
prove,1
surviving,1
experiences,1
movement,1
single,1
gilbert,1
infeasible,1
duplicate,1
misuse,1
donnees,1
waterman,1
requiring,1
advanced,1
array,1
under,1
formally,1
us,1
boundary,1
temperate,1
smith,1
renaud,1
processing,1
achieve,1
sload,1
brands,1
transformations,1
light,1
pioneered,1
exactness,1
deliver,1
experiment,1
costs,1
patterning,1
williams,1
museums,1
successfully,1
california,1
dilemma,1
unreliable,1
law,1
power,1
stated,1
renewed,1
similarly,1
ask,1
performs,1
naive,1
longer,1
main,1
idea,1
preserve,1
xii,1
importation,1
broadly,1
agree,1
divergencies,1
inevitably,1
oneself,1
banks,1
omitted,1
remain,1
inherently,1
appropriately,1
beliefs,1
characterising,1
maker,1
anthropologist,1
patterns,1
fits,1
hand,1
likelihood,1
learn,1
paris,1
present,1
ground,1
centre,1
formation,1
continuing,1
ensured,1
accepted,1
establish,1
necessary,1
material,1
norms,1
frequency,1
formalisations,1
confront,1
figuring,1
encountered,1
saunders,1
misused,1
local,1
redman,1
kansas,1
cingula,1
exploring,1
leeuw,1
coherent,1
bartholomew,1
easier,1
sacrifices,1
values,1
helps,1
represented,1
refining,1
gower,1
writings,1
trajectory,1
parameter,1
sufficiently,1
computers,1
empirical,1
heath,1
waste,1
combining,1
confidence,1
unfortunately,1
largely,1
exciting,1
guidance,1
factor,1
variation,1
ideas,1
trend,1
discontinuity,1
continue,1
diagnosed,1
organisational,1
bivariate,1
deployed,1
advantages,1
nevertheless,1
involves,1
prospects,1
described,1
trade,1
low,1
open,1
explorations,1
substitutes,1
raab,1
reality,1
directed,1
stress,1
logic,1
civilisations,1
pin,1
individual,1
david,1
defensive,1
gardin,1
amarel,1
huts,1
hammer,1
mexico,1
distinction,1
earlier,1
misunderstanding,1
structuralism,1
permitting,1
ouside,1
decide,1
annually,1
comparing,1
matched,1
sight,1
archaeozoology,1
exactly,1
britain,1
hierarchical,1
cognitive,1
cognition,1
judgement,1
directs,1
preand,1
differ,1
equivalent,1
relative,1
joint,1
controversial,1
embodied,1
inferior,1
encompassing,1
convincingly,1
widely,1
division,1
performing,1
visit,1
genesis,1
implicitly,1
profitable,1
consists,1
accepting,1
yields,1
principled,1
speculate,1
third,1
wenke,1
kampsville,1
imply,1
me,1
irregular,1
complaining,1
neighbour,1
crucial,1
ecological,1
testing,1
toposeriation,1
favour,1
ryan,1
widespread,1
institutions,1
predict,1
becomes,1
referred,1
universals,1
who,1
success,1
force,1
papers,1
effectively,1
optimisation,1
sequences,1
ch,1
iconographic,1
inadequate,1
paradoxical,1
class,1
introductory,1
responsible,1
specious,1
pristine,1
deductive,1
united,1
hope,1
exists,1
instances,1
rigorous,1
mathematically,1
suggestions,1
growing,1
formalising,1
complexity,1
conjunction,1
comparison,1
eynolles,1
concordance,1
extension,1
physical,1
temporal,1
parameterised,1
claims,1
ennals,1
narrowly,1
besides,1
text,1
originators,1
here,1
sustained,1
hospitality,1
particulars,1
feelings,1
defining,1
dimension,1
parable,1
attribute,1
gone,1
contextual,1
down,1
straightforward,1
restrictive,1
prominence,1
regard,1
report,1
humphries,1
post,1
counting,1
concurrently,1
job,1
reliability,1
collins,1
sustaining,1
far,1
written,1
coombs,1
iron,1
accepts,1
interactive,1
nonparametric,1
charged,1
automatic,1
persuasively,1
poses,1
namely,1
references,1
cause,1
independently,1
hoped,1
edinburgh,1
executing,1
institute,1
mechanisation,1
moyen,1
explored,1
yield,1
property,1
agreed,1
psychology,1
pers,1
size,1
des,1
augmentation,1
outline,1
necessity,1
reported,1
decisive,1
brownian,1
taillh,1
step,1
reappraisal,1
measure,1
substance,1
equipped,1
recognised,1
winterhalder,1
mention,1
au,1
our,1
prepared,1
devoted,1
ultimately,1
locations,1
difference,1
generate,1
cas,1
copies,1
envisaged,1
paradigm,1
frame,1
strikingly,1
mode,1
completed,1
integrated,1
algorithms,1
functionalist,1
scalar,1
integration,1
altschul,1
france,1
effects,1
simplifications,1
probabilistic,1
looks,1
needs,1
vi,1
offered,1
observation,1
brough,1
schiffer,1
removing,1
certainty,1
industrialists,1
rejection,1
johnson,1
restricts,1
texts,1
maximum,1
firstly,1
develop,1
divergent,1
statistician,1
traditional,1
winston,1
focus,1
redesign,1
originator,1
generalisation,1
detection,1
meeting,1
close,1
draft,1
runge,1
deeper,1
elegance,1
