WORDCOUNTS,WEIGHT
and,54
of,54
the,44
archaeology,43
in,30
uk,15
to,13
a,11
for,11
university,10
or,9
by,9
routledge,9
publication,9
will,8
at,7
department,7
are,7
vol,7
food,7
this,7
social,7
world,7
technology,6
from,6
papers,6
london,6
early,6
no,5
is,5
new,5
reading,5
issues,5
on,5
be,5
box,4
square,4
college,4
submission,4
southeast,4
with,4
po,4
ed,4
southampton,4
archaeological,4
research,4
as,4
taylor,4
oxford,3
any,3
subscription,3
age,3
volume,3
past,3
february,3
institute,3
opy,3
art,3
subscriptions,3
invited,3
its,3
francis,3
queer,3
usa,3
field,3
thomas,3
storage,3
recent,3
gordon,3
may,2
perspectives,2
kenneth,2
pithoi,2
institutions,2
monuments,2
neopalatial,2
b,2
agency,2
whiteknights,2
miscellany,2
months,2
permission,2
approaches,2
history,2
before,2
perspective,2
contexts,2
highlight,2
resource,2
regional,2
symbolic,2
please,2
that,2
production,2
here,2
ii,2
ancient,2
systems,2
colonization,2
all,2
domestic,2
liverpool,2
date,2
durham,2
road,2
context,2
population,2
see,2
issue,2
sites,2
design,2
r,2
work,2
october,2
including,2
techniques,2
asian,2
broad,2
writing,2
human,2
individuals,2
water,2
advertising,2
which,2
peter,2
interest,2
include,2
d,2
cultural,2
evidence,2
submissions,2
methodological,2
up,2
journal,2
copyright,2
pa,2
north,2
traditions,2
rates,2
ranging,1
south,1
rachel,1
tokyo,1
acropolis,1
crete,1
critical,1
not,1
transhumance,1
marilyn,1
christian,1
tad,1
islamic,1
rate,1
o,1
protohistory,1
customer,1
annum,1
page,1
m,1
today,1
note,1
ge,1
contact,1
architecture,1
rankine,1
science,1
ecole,1
pilgrimage,1
licensing,1
glasgow,1
tropics,1
arctic,1
experiencing,1
broadest,1
bound,1
comparative,1
chestnut,1
limited,1
hoarding,1
landscape,1
intimate,1
islands,1
primarily,1
rj,1
subsistence,1
e,1
conceptions,1
directions,1
environments,1
bristol,1
strongly,1
above,1
currency,1
interactions,1
per,1
church,1
their,1
rites,1
countries,1
thailand,1
ceramics,1
contributions,1
innovation,1
special,1
bread,1
methods,1
britain,1
construction,1
analysis,1
biological,1
about,1
edited,1
fetter,1
museum,1
eighteen,1
arid,1
typeset,1
empires,1
studies,1
pp,1
monumental,1
licenses,1
under,1
considered,1
bain,1
consider,1
chronology,1
addressed,1
stephen,1
us,1
organization,1
colonialism,1
school,1
excavation,1
management,1
dg,1
marshall,1
specialization,1
processing,1
india,1
chris,1
elisabeth,1
orkney,1
christakis,1
quarries,1
culture,1
amarna,1
africa,1
house,1
accordance,1
accelerated,1
but,1
industrial,1
biography,1
climatic,1
ethnoarchaeology,1
most,1
athens,1
linguistics,1
moments,1
max,1
only,1
archaeologists,1
bacus,1
surface,1
t,1
precise,1
published,1
bronze,1
quantitative,1
ceramic,1
titles,1
yorkshire,1
members,1
more,1
law,1
neolithic,1
power,1
cover,1
weaponry,1
address,1
musical,1
interpretation,1
thresholds,1
available,1
caves,1
rock,1
shipwrecks,1
addition,1
behaviour,1
nature,1
analytical,1
asia,1
definition,1
prehistoric,1
december,1
global,1
s,1
innovations,1
services,1
kostas,1
riverine,1
areas,1
buddhist,1
pastoralism,1
printed,1
gosden,1
great,1
wine,1
universal,1
current,1
eab,1
p,1
hoards,1
post,1
iii,1
time,1
humid,1
cameron,1
classical,1
plan,1
end,1
religion,1
hamilakis,1
dowson,1
take,1
iron,1
i,1
man,1
shennan,1
type,1
watercraft,1
advances,1
urbanization,1
typical,1
biogeography,1
animal,1
mali,1
geography,1
shipwreck,1
understood,1
political,1
gibbins,1
pitt,1
within,1
aspects,1
rg,1
burial,1
designs,1
contents,1
terms,1
form,1
making,1
case,1
otherwise,1
practice,1
japan,1
attitudes,1
normative,1
theory,1
eds,1
ethnography,1
public,1
maclean,1
explicitly,1
coastal,1
iv,1
america,1
demography,1
agriculture,1
draw,1
studying,1
maya,1
addresses,1
aging,1
prior,1
some,1
remote,1
stances,1
technologies,1
franqaise,1
urban,1
journals,1
oil,1
discussion,1
relational,1
delwen,1
planning,1
permitted,1
cosmology,1
these,1
chiefly,1
richard,1
friesen,1
maritime,1
future,1
concept,1
transport,1
nomads,1
postclassic,1
bell,1
except,1
timothy,1
banbury,1
yvonne,1
communication,1
apply,1
nutrition,1
publishers,1
abingdon,1
gender,1
reprographic,1
ritual,1
assumptions,1
use,1
warfare,1
island,1
place,1
rivers,1
bradley,1
congress,1
udyog,1
survey,1
jo,1
eligible,1
andrew,1
phase,1
reproduction,1
personal,1
reflect,1
hampshire,1
language,1
theories,1
dating,1
contribution,1
patents,1
theme,1
gilchrist,1
negotiating,1
such,1
trade,1
editor,1
development,1
significance,1
vietnam,1
three,1
against,1
manipulation,1
made,1
september,1
chemical,1
samuel,1
g,1
wesson,1
health,1
change,1
co,1
reproduced,1
issn,1
contributors,1
applicable,1
relations,1
inuit,1
times,1
architectural,1
mailing,1
sense,1
land,1
issued,1
chronologies,1
runway,1
topic,1
high,1
scalar,1
mines,1
obtained,1
roberta,1
defined,1
derive,1
discounted,1
palaeolithic,1
area,1
enquiries,1
insoll,1
sexuality,1
reuse,1
kinokuniya,1
stored,1
david,1
masson,1
mitchell,1
concerning,1
june,1
back,1
encompass,1
fig,1
region,1
soils,1
pvt,1
stones,1
six,1
craft,1
single,1
oxon,1
biomolecular,1
c,1
egypt,1
sacred,1
abercromby,1
y,1
consumption,1
st,1
instruments,1
focus,1
details,1
correspondence,1
technological,1
inquiries,1
notes,1
stone,1
should,1
jones,1
broader,1
southeastern,1
yannis,1
archaeometallurgy,1
