WORDCOUNTS,WEIGHT
the,190
of,135
and,106
in,95
de,70
a,68
as,38
to,37
j,30
la,29
with,25
calakmul,25
by,23
y,22
that,21
el,21
r,21
maya,20
i,17
state,15
w,14
for,14
urban,14
campeche,14
folan,13
centers,12
northern,12
centralized,12
such,12
stelae,12
mesoamerica,11
pp,11
en,11
have,11
mexico,11
not,10
sites,10
peten,10
this,10
administrative,10
it,9
center,9
their,9
associated,9
are,9
del,9
part,9
including,9
central,9
area,9
be,9
at,8
e,8
per,8
organization,8
from,8
t,8
more,8
webster,8
universidad,8
teotihuacan,8
its,8
development,8
on,8
is,7
lowlands,7
l,7
been,7
were,7
avila,7
sanders,7
decentralized,6
large,6
marcus,6
chi,6
guatemala,6
these,6
other,6
mirador,6
new,6
william,6
within,6
size,6
city,6
which,6
around,6
we,6
cent,5
located,5
classic,5
authority,5
all,5
university,5
or,5
regional,5
m,5
those,5
ruins,5
los,5
aguadas,5
project,5
would,5
than,5
recent,5
an,5
may,4
preclassic,4
indicated,4
identified,4
highlands,4
investigaciones,4
yucatan,4
autonoma,4
after,4
one,4
fletcher,4
gonzalez,4
nacional,4
al,4
most,4
two,4
only,4
bec,4
also,4
figure,4
paper,4
able,4
mexicana,4
emblem,4
what,4
population,4
ad,4
less,4
map,4
fox,4
dumbarton,4
has,4
while,4
well,4
museo,4
rio,4
seminario,4
region,4
centro,4
diehl,4
models,4
described,4
archaeological,4
washington,4
preclasico,4
chiclero,4
c,4
civilization,3
o,3
mesoamerican,3
groups,3
impressive,3
coba,3
possession,3
arqueologia,3
tabasco,3
perspectivas,3
similar,3
southern,3
h,3
read,3
consejo,3
n,3
carmona,3
result,3
being,3
dr,3
seem,3
each,3
royal,3
buenfil,3
simposio,3
p,3
time,3
patrick,3
cities,3
type,3
antropologia,3
principal,3
sociopolitical,3
reserva,3
avances,3
inah,3
chiapas,3
flannery,3
some,3
martha,3
richard,3
su,3
territory,3
during,3
place,3
manuscript,3
roman,3
biosfera,3
showing,3
camps,3
conditions,3
publication,3
instead,3
although,3
evidence,3
forms,3
chan,3
secretaria,3
decline,3
v,3
cohouh,3
cultural,3
major,3
model,2
south,2
higher,2
ruinas,2
where,2
san,2
antropologfa,2
whose,2
historicas,2
mayo,2
no,2
without,2
mesa,2
fairly,2
rather,2
asentamiento,2
hieroglyphic,2
developed,2
f,2
site,2
reasonable,2
process,2
tropical,2
norte,2
una,2
nakbe,2
above,2
territorial,2
distributed,2
they,2
b,2
copan,2
indicate,2
american,2
catherine,2
gann,2
civilizacion,2
k,2
about,2
ma,2
monuments,2
represents,2
favor,2
earliest,2
considered,2
consider,2
anthropology,2
segmentary,2
river,2
was,2
history,2
into,2
total,2
culture,2
informe,2
following,2
same,2
weak,2
ceja,2
largest,2
department,2
geographic,2
noted,2
dominguez,2
published,2
indications,2
volume,2
compare,2
gran,2
power,2
gobierno,2
concentrated,2
over,2
many,2
greater,2
water,2
s,2
comparatively,2
glyphs,2
florey,2
capital,2
heredia,2
great,2
mapping,2
report,2
kintz,2
quintana,2
las,2
according,2
redonda,2
accepted,2
establish,2
form,2
sociedad,2
political,2
ruin,2
blake,2
public,2
out,2
venta,2
original,2
urbano,2
morales,2
data,2
pina,2
nucleus,2
sacbes,2
press,2
sobre,2
desarrollo,2
centralism,2
facets,2
climatic,2
evolution,2
places,2
coyoc,2
chicle,2
formation,2
cambridge,2
since,2
culbert,2
national,2
g,2
author,2
republica,2
analisis,2
janet,2
rubentino,2
like,2
suggest,2
peninsula,2
high,2
presencia,2
forming,2
tributaries,2
small,2
few,2
can,2
do,2
early,2
annual,2
tip,2
up,2
drawn,2
even,2
traditional,2
spite,2
much,2
world,2
temporada,2
strong,2
altars,2
opposite,2
activities,2
society,2
asociados,1
realistic,1
smaller,1
toltec,1
seems,1
carried,1
willey,1
entities,1
tradition,1
naming,1
order,1
lopez,1
led,1
states,1
relationship,1
ln,1
me,1
ceremonial,1
demogrfafia,1
coupled,1
limits,1
absence,1
various,1
tfb,1
architecture,1
estimated,1
way,1
exact,1
stuart,1
george,1
monoliths,1
valle,1
if,1
scientific,1
later,1
purely,1
populations,1
principally,1
populous,1
through,1
unam,1
designated,1
z,1
museum,1
capacities,1
defining,1
square,1
marzo,1
others,1
iiiiir,1
matheny,1
fewer,1
ten,1
determine,1
plaza,1
campamentos,1
investigators,1
hammond,1
un,1
deposit,1
strongly,1
opportunity,1
itself,1
univ,1
titled,1
began,1
ezequiel,1
recalled,1
passing,1
legitimacy,1
iturbide,1
complex,1
sometido,1
replaced,1
life,1
changes,1
escuela,1
cabo,1
elaborated,1
black,1
analysis,1
distant,1
essays,1
existed,1
ruz,1
fall,1
mapa,1
space,1
settlement,1
springs,1
tuxtla,1
pifa,1
interpretation,1
support,1
months,1
eaglewood,1
eighteen,1
understand,1
studies,1
noth,1
sophia,1
interpretacion,1
thought,1
monumental,1
investigate,1
honduras,1
tenorio,1
under,1
metropolis,1
civilizations,1
florentino,1
essential,1
prentice,1
llevar,1
had,1
ancient,1
alrededores,1
exponential,1
diacronica,1
organized,1
laid,1
included,1
commoner,1
preindustrial,1
interim,1
clearly,1
complete,1
patron,1
dispersed,1
numbers,1
concepto,1
house,1
lattice,1
but,1
robichaux,1
medio,1
acknowledging,1
upper,1
already,1
forget,1
must,1
afio,1
different,1
demonstrate,1
prehistoric,1
rosario,1
nohsayab,1
first,1
origins,1
xxii,1
centralizada,1
beyond,1
explaining,1
vogt,1
inc,1
idealized,1
modeled,1
claims,1
sources,1
resultados,1
every,1
inhabitants,1
nucleo,1
inside,1
name,1
oficial,1
utah,1
plate,1
offers,1
olmeca,1
estado,1
decreto,1
mastache,1
ciencias,1
toward,1
kilometers,1
systems,1
natural,1
chuka,1
dependency,1
includes,1
sociales,1
worked,1
xpuhil,1
lumberman,1
martes,1
advanced,1
nature,1
expressed,1
cultures,1
educacion,1
tomb,1
my,1
joyce,1
containing,1
ubicada,1
fact,1
based,1
barra,1
idea,1
datos,1
hexagonal,1
location,1
ocos,1
believe,1
did,1
best,1
internacional,1
lowland,1
areas,1
our,1
xma,1
rule,1
found,1
utilizing,1
highland,1
tintal,1
conference,1
southernmost,1
wall,1
abstract,1
thank,1
tropics,1
cihs,1
post,1
approach,1
effort,1
humid,1
olmecs,1
objectives,1
stretching,1
leida,1
banks,1
brian,1
carrasco,1
relacion,1
classsic,1
lagoons,1
dispute,1
ramfrez,1
ir,1
chenes,1
near,1
variation,1
entorno,1
millon,1
manejo,1
considerable,1
fashion,1
there,1
onceava,1
display,1
kaba,1
honor,1
improved,1
better,1
respect,1
embedded,1
academic,1
took,1
meter,1
exceptions,1
ranking,1
ann,1
learn,1
understood,1
investigations,1
cruz,1
que,1
nobles,1
manner,1
berlo,1
embellished,1
reviews,1
developing,1
clasica,1
discharge,1
naranjo,1
papers,1
them,1
religious,1
symbols,1
list,1
heavily,1
system,1
references,1
energy,1
homenaje,1
por,1
governmental,1
existence,1
alberto,1
calculations,1
grijalva,1
enterramientos,1
perhaps,1
chiclera,1
cristobal,1
routledge,1
source,1
knowledgeable,1
capacity,1
paso,1
number,1
u,1
acknowledgements,1
hall,1
technical,1
ecology,1
diario,1
para,1
preliminar,1
information,1
don,1
antropologicas,1
breakdown,1
ideal,1
possible,1
noviembre,1
understanding,1
situated,1
extended,1
estudios,1
work,1
bc,1
who,1
complejos,1
intense,1
examples,1
considering,1
both,1
functions,1
epiclassic,1
paleoclimates,1
insights,1
inscription,1
candelaria,1
writings,1
brought,1
conclude,1
affecting,1
appreciable,1
tributary,1
mario,1
atmospheric,1
cited,1
depended,1
apparent,1
calls,1
tombs,1
related,1
elinah,1
along,1
representing,1
epigraphic,1
complexities,1
lowe,1
mosaic,1
lynda,1
rendering,1
though,1
formula,1
introduction,1
measure,1
use,1
mufieca,1
herrera,1
largely,1
abel,1
virtually,1
coyotlatilco,1
boletin,1
excavaciones,1
municipios,1
colonial,1
contains,1
records,1
resto,1
harvard,1
quantifiable,1
oaks,1
repeatedly,1
middle,1
structures,1
redevelopment,1
terminal,1
frequentlymentioned,1
cobean,1
belize,1
individuals,1
et,1
alban,1
check,1
border,1
naturales,1
previous,1
parque,1
ambiente,1
colossus,1
surrounding,1
oaxaca,1
junior,1
pincemin,1
cone,1
moderate,1
contribution,1
sundial,1
ponencia,1
pattern,1
mayapan,1
oxpemul,1
difference,1
ignored,1
average,1
garcfa,1
polity,1
roo,1
otikol,1
declara,1
ecologia,1
errors,1
se,1
regions,1
estructura,1
d,1
congreso,1
interest,1
recipient,1
good,1
wish,1
relatively,1
contributed,1
offer,1
excavated,1
general,1
approximately,1
rulers,1
include,1
giant,1
origines,1
price,1
hunter,1
period,1
recursos,1
concentric,1
unexpected,1
features,1
writer,1
mask,1
proyecto,1
fuerte,1
alto,1
stages,1
archaeology,1
earlier,1
propose,1
estimates,1
sixty,1
humanos,1
culturales,1
primer,1
alligator,1
francisco,1
latter,1
clark,1
iii,1
direction,1
agosto,1
pakchen,1
evident,1
monte,1
restored,1
acknowledge,1
especially,1
sized,1
random,1
written,1
amount,1
ceramica,1
marriage,1
highly,1
fig,1
mathews,1
study,1
between,1
nacimiento,1
mosaics,1
six,1
precolombian,1
presence,1
served,1
research,1
palo,1
compared,1
headed,1
villages,1
tradicion,1
coast,1
nuevos,1
dedicated,1
drinkable,1
structure,1
glyph,1
primeros,1
exclusively,1
valley,1
entire,1
recientes,1
given,1
df,1
develop,1
wells,1
manifests,1
jadite,1
occupied,1
north,1
relative,1
soconusco,1
leadership,1
should,1
preliminary,1
southeastern,1
unravelling,1
weakness,1
equal,1
portrait,1
gordon,1
champoton,1
contorno,1
poorly,1
capitals,1
estelas,1
