WORDCOUNTS,WEIGHT
the,446
of,320
a,189
in,169
and,158
to,112
is,95
that,83
be,69
for,64
luxury,59
are,52
as,48
or,46
can,45
from,43
within,42
not,42
food,41
it,38
this,34
was,33
with,32
by,30
an,30
animal,29
et,28
consumption,28
on,27
were,27
diet,26
van,25
when,25
but,24
at,23
have,23
al,22
medieval,21
they,21
only,21
their,20
more,20
which,20
j,19
products,19
found,19
fish,19
pp,19
der,19
remains,19
all,18
de,18
people,18
foods,17
one,16
because,16
sites,16
will,16
archaeological,16
such,15
costs,15
expensive,15
und,15
these,15
roman,15
very,15
could,14
bones,14
than,14
same,14
level,13
also,13
what,13
other,12
context,12
g,12
animals,12
example,12
always,12
ervynck,12
zooarchaeology,11
thus,11
even,11
beyond,11
late,11
zooarchaeological,11
r,11
we,11
often,11
product,11
between,11
should,11
m,10
there,10
most,10
culinary,10
information,10
status,10
optimal,10
species,10
h,9
p,9
been,9
who,9
goods,9
according,9
common,8
large,8
contexts,8
first,8
aus,8
items,8
may,8
how,8
basic,8
w,8
concept,8
its,8
refuse,8
no,8
luxuries,8
f,8
without,8
social,8
europe,8
fact,8
rare,8
clear,8
high,8
considered,8
anton,8
history,7
into,7
switzerland,7
possible,7
parts,7
flemish,7
feudal,7
during,7
small,7
presence,7
them,7
limited,7
about,7
luxurious,7
time,7
k,7
become,7
case,7
must,7
meat,7
here,7
whether,7
terms,7
des,7
die,7
c,7
among,7
imported,6
represent,6
e,6
nature,6
those,6
regarded,6
data,6
part,6
make,6
rules,6
number,6
would,6
households,6
la,6
world,6
cambridge,6
d,6
way,5
foraging,5
being,5
available,5
rich,5
british,5
some,5
constraints,5
quality,5
bone,5
poor,5
en,5
certain,5
too,5
gesellschaft,5
im,5
further,5
approach,5
mediterranean,5
het,5
value,5
finds,5
periods,5
sauce,5
cod,5
augusta,5
state,5
where,5
necessary,5
turkey,5
upon,5
preservation,5
latter,5
need,5
defined,5
early,5
behavioural,4
prime,4
strictly,4
studies,4
something,4
definition,4
studied,4
atlantic,4
i,4
depends,4
meal,4
verlag,4
has,4
zur,4
condition,4
human,4
realized,4
pig,4
adam,4
young,4
served,4
town,4
rather,4
after,4
special,4
von,4
garum,4
university,4
possibly,4
important,4
eat,4
almost,4
cultural,4
record,4
possibility,4
kitchen,4
place,4
involved,4
castle,4
spanish,4
research,4
variety,4
economic,4
still,4
above,4
single,4
new,4
do,4
less,4
examples,4
made,4
represented,4
eaten,4
low,4
taphonomic,4
obtained,4
abundance,4
then,4
simply,4
nutritional,4
different,4
nobility,4
historical,4
intake,4
belgium,4
our,4
although,4
much,4
difficult,3
now,3
forschungen,3
later,3
archeologisch,3
mackerel,3
per,3
group,3
true,3
easily,3
necessarily,3
ingredients,3
source,3
du,3
sources,3
certainly,3
slaughtered,3
press,3
possibilities,3
s,3
een,3
reasons,3
take,3
achieved,3
written,3
evaluation,3
killed,3
account,3
vol,3
point,3
far,3
household,3
framework,3
regarding,3
eating,3
untersuchungen,3
characteristic,3
price,3
affluence,3
find,3
ingredient,3
instituut,3
purchasing,3
recognized,3
floor,3
identification,3
l,3
subdivision,3
goes,3
b,3
leftovers,3
linked,3
n,3
show,3
view,3
behaviour,3
had,3
based,3
societies,3
item,3
wim,3
whale,3
criteria,3
edn,3
whole,3
structures,3
staple,3
good,3
hardly,3
affluent,3
pike,3
dem,3
kiple,3
results,3
valuable,3
society,3
neer,3
study,3
once,3
interpretation,3
restricted,3
bar,3
useful,3
power,3
stated,3
spend,3
towns,3
many,3
foodstuffs,3
together,3
fashion,3
present,3
augst,3
day,3
another,3
recognizing,3
treated,3
looking,3
use,3
cranial,3
general,3
banquet,3
class,3
especially,3
enjoy,3
qualities,3
pro,3
availability,3
northern,3
versus,3
relative,3
dealing,3
european,3
why,3
analysis,3
series,3
archaeology,3
les,3
perhaps,3
know,3
paper,3
did,3
sought,3
past,3
rural,3
economy,3
voor,3
making,3
particular,3
theory,3
while,3
listed,3
through,3
role,3
question,3
survival,3
difference,3
catch,3
evidence,3
extremely,3
needs,3
cheaper,3
north,3
raurica,3
does,2
romischen,2
if,2
cent,2
market,2
sedlmeier,2
lampreys,2
tienen,2
needed,2
significant,2
identify,2
live,2
di,2
completely,2
considerations,2
position,2
before,2
either,2
neolithic,2
originally,2
taken,2
gautier,2
military,2
might,2
england,2
assess,2
great,2
analyses,2
able,2
help,2
last,2
consist,2
reserved,2
right,2
sieved,2
consumers,2
west,2
fur,2
central,2
kantons,2
accessible,2
benelux,2
spectrum,2
due,2
unpublished,2
century,2
gastronomic,2
te,2
back,2
velzeke,2
inclusion,2
left,2
festschrift,2
higher,2
rights,2
site,2
behave,2
his,2
absent,2
haustierhaltung,2
archaozoologische,2
derived,2
direct,2
fat,2
reason,2
category,2
allec,2
fishes,2
hare,2
house,2
four,2
fiir,2
belgian,2
exploitation,2
beef,2
fischreste,2
result,2
problem,2
patrimonium,2
called,2
flanders,2
amsterdam,2
effort,2
changed,2
acquiring,2
encyclopaedia,2
stressing,2
resten,2
indirect,2
cannot,2
pork,2
necessities,2
oysters,2
property,2
wants,2
impression,2
having,2
feeding,2
basis,2
used,2
piglets,2
start,2
future,2
knowledge,2
apparent,2
describe,2
actually,2
surrounding,2
vindonissa,2
interpreted,2
salted,2
t,2
regions,2
change,2
excavated,2
eine,2
working,2
things,2
dictionary,2
jorg,2
le,2
rarities,2
sufficient,2
few,2
highly,2
richness,2
cattle,2
correspondence,2
provided,2
aphrodisiacs,2
nations,2
chronological,2
archaeozoological,2
situation,2
identified,2
indeed,2
hide,2
versterking,2
bis,2
brings,2
prevailing,2
selection,2
museum,2
optimality,2
represents,2
serve,2
den,2
burg,2
schibler,2
us,2
perceived,2
included,2
rabbit,2
illustrated,2
two,2
inedible,2
independent,2
energy,2
shows,2
fragments,2
outside,2
physiological,2
until,2
assemblage,2
ecology,2
local,2
discussion,2
survive,2
meals,2
region,2
including,2
sold,2
virtually,2
francis,2
ideas,2
fulfil,2
office,2
veen,2
authors,2
obtaining,2
health,2
dierlijke,2
period,2
distinction,2
krebs,2
provides,2
spent,2
problems,2
feet,2
interpretations,2
izquierdo,2
helbling,2
probably,2
dominance,2
rarity,2
stampfli,2
chances,2
lot,2
evolve,2
sometimes,2
ecological,2
slaughtering,2
life,2
extra,2
calatrava,2
table,2
kastelen,2
types,2
ie,2
any,2
associated,2
conclusion,2
mentioned,2
jagd,2
ever,2
soil,2
darwinian,2
anthropology,2
worth,2
contextual,2
restrictive,2
regard,2
clearly,2
damme,2
statement,2
extent,2
tierknochen,2
morales,2
urban,2
boiled,2
categories,2
tacuinum,2
occasionally,2
lambs,2
economist,2
conclude,2
introduced,2
despite,2
beer,2
procure,2
subject,2
tasty,2
heide,2
layers,2
economie,2
schweiz,2
fauna,2
define,2
smaller,2
area,2
comparison,2
observation,2
cesspits,2
composing,2
impress,2
taylor,2
building,2
hans,2
increase,2
fir,1
jahresbericht,1
frequent,1
topquality,1
vergane,1
cesspit,1
matthiesen,1
autres,1
bleibt,1
furger,1
undoubtedly,1
melanges,1
develops,1
ziele,1
extrapolating,1
forschung,1
created,1
compensate,1
slaughter,1
reiches,1
everyone,1
insufficiently,1
arrive,1
combine,1
erniihrung,1
considerably,1
totally,1
introduction,1
celebrate,1
pushed,1
mouth,1
everybody,1
scottish,1
settlements,1
archaologie,1
bestimmung,1
complex,1
screening,1
mulder,1
reeks,1
dundrennan,1
referring,1
honger,1
frtihmittelalterliche,1
sumptuary,1
federal,1
sozialgeschichtliche,1
bias,1
fische,1
thirdcentury,1
benedictine,1
kochbuch,1
sturgeon,1
xxxi,1
former,1
trace,1
filleted,1
royal,1
organic,1
occurred,1
aversion,1
bereich,1
gallopavo,1
mittelalterarchiiologie,1
file,1
round,1
anthropogenic,1
dagelijks,1
burnett,1
archaeologists,1
priced,1
stressed,1
sanitatis,1
wrong,1
specifically,1
distinguishing,1
exclusive,1
ii,1
deterministic,1
give,1
season,1
attempt,1
humans,1
eats,1
containing,1
best,1
salmon,1
aventicum,1
suggesting,1
daily,1
friihen,1
desire,1
andl,1
thank,1
differences,1
thury,1
organizes,1
disappearance,1
proves,1
reveal,1
room,1
hunting,1
festivities,1
real,1
wealthy,1
inland,1
nil,1
fresh,1
mind,1
stand,1
blackwell,1
chiefdoms,1
concepts,1
political,1
normal,1
songbirds,1
discipline,1
somewhat,1
steinbauten,1
eisenzeit,1
structuur,1
bewoning,1
el,1
seminar,1
multimedia,1
herdstelle,1
system,1
paying,1
depending,1
austernfunde,1
tuna,1
botanical,1
ltd,1
bruine,1
historians,1
money,1
guidelines,1
zoogeographical,1
saying,1
gorgeous,1
heron,1
mesh,1
quantities,1
determined,1
marked,1
concentrating,1
characterize,1
pricey,1
studi,1
fraud,1
professor,1
internet,1
sauces,1
taking,1
interdisciplinary,1
desired,1
rely,1
resources,1
selecting,1
quantity,1
sobre,1
representing,1
londerzeel,1
armelagos,1
paleocultural,1
economies,1
minimum,1
plenty,1
fragment,1
monastic,1
collection,1
evaluating,1
surplus,1
segregation,1
relies,1
mistake,1
goal,1
postmedieval,1
phase,1
iron,1
review,1
archiologischen,1
preparations,1
severe,1
facts,1
wirtschaftsund,1
mm,1
contemporaneous,1
ausgewahlter,1
against,1
jahresberichte,1
millennium,1
oesterreich,1
sp,1
vicus,1
glorie,1
enjoying,1
shaft,1
attested,1
fischerei,1
ease,1
pay,1
raum,1
affairs,1
taste,1
exercise,1
bus,1
thing,1
archiiologie,1
cases,1
clay,1
elements,1
maintaining,1
old,1
perspective,1
depend,1
refer,1
causing,1
italiano,1
highest,1
houses,1
compared,1
twice,1
ecclesiastical,1
vendors,1
publications,1
beitragen,1
weight,1
storage,1
obscure,1
deceased,1
journal,1
sieve,1
apparently,1
simplistic,1
tableware,1
rosello,1
pronounced,1
crawford,1
davon,1
urund,1
competitive,1
lesser,1
publicaties,1
mechanisms,1
online,1
excavate,1
interesting,1
york,1
whose,1
essential,1
ling,1
camp,1
verpflegung,1
ways,1
quellen,1
interuniversity,1
siildfriedhofvon,1
crash,1
longest,1
coastal,1
presentation,1
gemeenschap,1
subsistence,1
mean,1
active,1
ce,1
elsevier,1
proportion,1
legal,1
se,1
leave,1
strange,1
winters,1
leaves,1
romischer,1
sozialgeschichtlichen,1
white,1
rays,1
augmented,1
consequences,1
primer,1
accounts,1
voluntarily,1
changes,1
escape,1
provinces,1
perceptions,1
woonde,1
biased,1
calcified,1
consider,1
locally,1
ichthyocenosis,1
objects,1
statistical,1
familiar,1
benefits,1
beitrdge,1
organized,1
mithras,1
lamprey,1
edition,1
informe,1
days,1
butcher,1
numbers,1
receiving,1
traces,1
invariably,1
weak,1
shore,1
argued,1
upper,1
menu,1
presumed,1
age,1
communities,1
commonly,1
blackbird,1
vroegmiddeleeuwse,1
recovered,1
vom,1
flavische,1
settimane,1
follow,1
followed,1
comprising,1
filtered,1
putting,1
vieja,1
archiologie,1
gebiet,1
odd,1
sporen,1
metal,1
provisional,1
mccleery,1
uncritically,1
providing,1
rippmann,1
appear,1
greater,1
foodstuff,1
expressed,1
closely,1
prehistoric,1
uferund,1
lead,1
cd,1
culturelle,1
recipes,1
das,1
une,1
houghton,1
access,1
out,1
scotland,1
bodenforschung,1
abbey,1
international,1
biogeographical,1
fishing,1
near,1
incurring,1
serjeantson,1
initial,1
interdisziplinare,1
aspekten,1
markets,1
fishery,1
evaluate,1
genes,1
understood,1
shall,1
equal,1
fishermen,1
buried,1
war,1
neolithischen,1
stock,1
keywords,1
appears,1
salzburg,1
europa,1
population,1
produced,1
ceron,1
purchased,1
scale,1
wealth,1
richest,1
explain,1
miserly,1
method,1
gods,1
expressions,1
acknowledgements,1
silver,1
technical,1
aspects,1
gained,1
artefacts,1
degryse,1
work,1
belonging,1
bc,1
scope,1
imports,1
tool,1
uitgeverij,1
del,1
protein,1
imagined,1
significantly,1
heavily,1
london,1
discusses,1
civilisation,1
proportions,1
related,1
loss,1
year,1
overview,1
genuine,1
fit,1
older,1
consluming,1
boletin,1
partly,1
contains,1
records,1
latrinenschacht,1
unmistakable,1
rezepte,1
mentioning,1
freshwater,1
historische,1
nach,1
fulfils,1
personal,1
away,1
reflect,1
disregarding,1
subdivide,1
showing,1
won,1
auswertung,1
connections,1
litter,1
analysed,1
earth,1
detailed,1
construct,1
closing,1
arise,1
caused,1
describing,1
lowest,1
straight,1
indicators,1
ossification,1
order,1
stimulated,1
quite,1
liturgies,1
banquets,1
settlement,1
roles,1
cartilaginous,1
long,1
motte,1
vertebrados,1
several,1
characteristics,1
transport,1
wider,1
concerns,1
choose,1
components,1
comfort,1
strongholds,1
choosing,1
distinguished,1
villages,1
ausland,1
ent,1
necessity,1
doornveld,1
paid,1
using,1
breed,1
substituted,1
cheating,1
befestigungszeitlichen,1
geographical,1
activities,1
dictated,1
bakstenen,1
input,1
survived,1
south,1
truppen,1
portion,1
centro,1
achilles,1
therefore,1
sequencing,1
second,1
amphore,1
practices,1
various,1
noble,1
scientific,1
aim,1
bred,1
populations,1
nmoderne,1
separation,1
glasgow,1
short,1
comparative,1
techniques,1
play,1
grabung,1
vegetarianism,1
community,1
lobsters,1
pelagic,1
legionslager,1
illustrating,1
peces,1
surviving,1
indicates,1
cistercian,1
comments,1
studien,1
mifflin,1
southern,1
territory,1
leftover,1
ask,1
positive,1
biological,1
tercera,1
accumulate,1
competition,1
yet,1
reference,1
romische,1
unattractive,1
makes,1
accident,1
thought,1
extravagances,1
bewoningsgeschiedenis,1
unteren,1
zurich,1
boundary,1
elevage,1
tax,1
extravagant,1
complete,1
culture,1
lord,1
abteilung,1
locality,1
um,1
nahrungswirtschaft,1
already,1
insights,1
zeeland,1
frameworks,1
mittelalterspm,1
bordering,1
herkunft,1
urkundlichen,1
britannica,1
egret,1
mittelalterlichen,1
again,1
others,1
chance,1
put,1
cheaply,1
wetlands,1
towards,1
smith,1
efforts,1
husbandry,1
happening,1
lack,1
valid,1
stcadskern,1
occurrence,1
areas,1
villa,1
cumulative,1
pressure,1
abstract,1
murphy,1
disliked,1
really,1
schichten,1
fasten,1
starvation,1
crustaceans,1
never,1
procurement,1
ages,1
hand,1
schweizerische,1
consciously,1
everyday,1
chain,1
centre,1
ur,1
model,1
medioevo,1
herring,1
see,1
dier,1
medicina,1
cronyk,1
material,1
poles,1
couple,1
diets,1
einer,1
books,1
widespread,1
muskrat,1
overvloed,1
week,1
austernimports,1
classes,1
franqaise,1
meaningful,1
mercator,1
hamper,1
spending,1
thanksgiving,1
background,1
salsamenta,1
comprise,1
assemblages,1
explanation,1
range,1
sober,1
bear,1
slaves,1
braudel,1
decent,1
environments,1
deposits,1
essens,1
almohad,1
middeleeuwen,1
safer,1
samples,1
elite,1
crafts,1
mosaic,1
concern,1
universitiit,1
waste,1
expression,1
combining,1
causes,1
pleasure,1
evolution,1
deutschen,1
recovery,1
individuals,1
hunted,1
unwanted,1
vindonissafeuerwehrmagazin,1
dating,1
theoretical,1
described,1
fourpart,1
attraction,1
three,1
directed,1
adding,1
fischhandel,1
op,1
clue,1
maintenance,1
interpret,1
issn,1
held,1
individual,1
times,1
architectural,1
methods,1
started,1
skip,1
plant,1
vintage,1
brewer,1
collected,1
kept,1
accurate,1
probable,1
earlier,1
worlt,1
abundant,1
intrinsic,1
lose,1
oxbow,1
patterns,1
strongly,1
internal,1
trying,1
evolutionary,1
baumleingasse,1
relation,1
manger,1
accordingly,1
museen,1
diamond,1
lentacker,1
fame,1
provinciaal,1
residue,1
yacimiento,1
guess,1
kirkcudbrightshire,1
saithe,1
partridge,1
herrings,1
atlas,1
mens,1
chasse,1
questionable,1
paldolithikum,1
brown,1
strauch,1
consumed,1
studio,1
nieuwe,1
enough,1
seasons,1
yields,1
poisson,1
schlammproben,1
kasteel,1
relying,1
walvischvangst,1
penguin,1
assigned,1
romerstadt,1
vlaamsche,1
today,1
archdologische,1
provide,1
guests,1
recuperada,1
denticles,1
chicken,1
roast,1
amt,1
hetarcheologisch,1
arqueologia,1
fairly,1
bare,1
ordinary,1
primarily,1
empire,1
frogs,1
becomes,1
physiologically,1
lost,1
seen,1
castles,1
privileges,1
render,1
viclus,1
sieves,1
contribution,1
gewone,1
urnwelt,1
suddeutschland,1
mittelalterliche,1
try,1
indicate,1
delicacy,1
antiquity,1
archeologie,1
responsible,1
united,1
composed,1
centuries,1
frey,1
itself,1
newborns,1
influencing,1
quantitative,1
steak,1
acquired,1
environment,1
rarely,1
storia,1
practice,1
following,1
sharks,1
comes,1
kapitalisme,1
tempting,1
keratinized,1
monasteries,1
pelto,1
contradiction,1
extensive,1
known,1
beitrag,1
dr,1
disent,1
regime,1
palace,1
insulae,1
temple,1
montanari,1
dining,1
compensation,1
alternative,1
quickly,1
defining,1
sardines,1
natural,1
each,1
frequency,1
sheep,1
ratio,1
cerruti,1
sizes,1
falsely,1
referees,1
gladiator,1
bayerische,1
half,1
fundensembles,1
inquiry,1
carmen,1
unter,1
histoire,1
grey,1
taxonomical,1
sardinellas,1
carrasco,1
cities,1
domesticated,1
zurichseeraum,1
works,1
absolutely,1
tibia,1
bands,1
kaenel,1
einem,1
cal,1
regulations,1
medical,1
game,1
purchase,1
explanations,1
boire,1
attain,1
heads,1
investigation,1
lands,1
combined,1
coffee,1
list,1
references,1
cause,1
verhaal,1
partygoers,1
daten,1
add,1
maintain,1
housley,1
vlaanderen,1
unnecessary,1
distribution,1
getting,1
correlates,1
studying,1
changing,1
explored,1
yield,1
balance,1
influenced,1
generally,1
untersuchung,1
hundreds,1
freedom,1
angrenzenden,1
popular,1
both,1
intention,1
presented,1
careful,1
os,1
recognition,1
attached,1
affecting,1
sea,1
jahrhunderts,1
gralfelijke,1
became,1
easy,1
lies,1
collegiate,1
apicius,1
adapted,1
contribute,1
germs,1
alteren,1
archaologischen,1
allows,1
fine,1
think,1
categorization,1
ein,1
varied,1
fondation,1
remarks,1
rechtsrheinischen,1
prepared,1
analogy,1
come,1
wild,1
antiquite,1
tell,1
symbolic,1
spring,1
edibility,1
differentiation,1
routiedge,1
years,1
marijke,1
tierknochenfunde,1
smoked,1
conditions,1
smallegange,1
zum,1
desse,1
wish,1
offer,1
tot,1
instead,1
monografie,1
include,1
typically,1
constructed,1
britgse,1
middelburg,1
iibrig,1
states,1
integration,1
piece,1
off,1
programme,1
limitations,1
optimization,1
shift,1
showed,1
eent,1
anonymous,1
rechtsund,1
offered,1
clarify,1
artemis,1
tribes,1
themselves,1
vary,1
lake,1
reached,1
fonds,1
contrasting,1
sharing,1
zooarchaeologists,1
import,1
given,1
interaction,1
comparable,1
whenever,1
recent,1
famous,1
tierreste,1
wirtschaftsarchaologischen,1
asked,1
indicating,1
caviare,1
row,1
richly,1
inselsiedlungen,1
