WORDCOUNTS,WEIGHT
the,436
of,301
and,212
in,161
to,112
a,93
as,58
house,50
by,41
is,41
which,39
houses,37
that,36
greek,34
at,33
household,32
classical,31
for,30
from,30
was,29
power,29
courtyard,29
with,26
on,25
his,24
an,24
or,21
it,19
j,19
state,19
be,19
were,19
between,19
political,18
r,17
have,17
university,16
space,16
domestic,16
this,15
athens,15
are,15
early,15
century,14
society,14
press,14
its,13
pp,13
more,13
not,13
westgate,12
some,12
citizen,12
may,12
also,12
e,11
ideology,11
citizenship,11
school,11
archaic,11
there,10
fig,10
their,10
greece,10
ruth,10
one,9
i,9
has,9
age,9
m,9
late,9
bc,9
ancient,9
head,9
new,9
moral,9
been,9
each,9
iron,9
corporate,8
they,8
authority,8
into,8
such,8
than,8
access,8
public,8
archaeology,8
man,8
polis,8
like,8
can,8
morris,8
n,8
evidence,8
group,7
solidarity,7
h,7
all,7
british,7
development,7
zagora,7
ideal,7
et,7
status,7
eighth,7
he,7
equality,7
but,7
these,7
social,7
strategies,7
figure,7
over,7
different,7
city,7
d,7
shared,6
archaeological,6
thus,6
de,6
no,6
fisher,6
k,6
had,6
appearance,6
esp,6
community,6
same,6
another,6
would,6
blanton,6
la,6
male,6
who,6
polls,6
citizens,6
form,6
both,6
cambridge,6
although,6
common,5
american,5
ideals,5
s,5
those,5
even,5
rather,5
cardiff,5
study,5
literary,5
most,5
strategy,5
could,5
fourth,5
though,5
egalitarian,5
women,5
own,5
settlement,5
und,5
plans,5
communities,5
fifth,5
al,5
only,5
v,5
use,5
period,5
aegean,5
other,5
independent,5
within,5
associated,5
control,5
them,5
suggests,5
aristocratic,5
mode,5
c,5
way,4
fouilles,4
studies,4
excavation,4
sources,4
might,4
season,4
seems,4
case,4
against,4
honour,4
l,4
how,4
di,4
similar,4
means,4
ensure,4
mazarakis,4
w,4
beyond,4
important,4
behaviour,4
lived,4
equal,4
coucouzeli,4
used,4
part,4
around,4
research,4
world,4
likely,4
architecture,4
single,4
light,4
law,4
ainian,4
many,4
adherence,4
outside,4
model,4
free,4
private,4
formal,4
individual,4
households,4
order,4
seen,4
often,4
cities,4
type,4
spatial,4
while,4
des,4
states,4
if,3
groups,3
columns,3
unstructured,3
intermember,3
history,3
first,3
religion,3
vol,3
possible,3
politics,3
ritual,3
cretan,3
interior,3
g,3
cf,3
klassischen,3
storage,3
town,3
without,3
basic,3
patronage,3
b,3
hoepfner,3
democratic,3
based,3
p,3
im,3
wealth,3
nevett,3
because,3
concept,3
transpatial,3
place,3
personal,3
interpreted,3
exemplary,3
proper,3
propriety,3
f,3
economic,3
make,3
religious,3
windows,3
two,3
members,3
communal,3
idea,3
pattern,3
ruler,3
men,3
where,3
see,3
practice,3
perhaps,3
office,3
architectural,3
probably,3
we,3
lang,3
widely,3
life,3
types,3
membership,3
paper,3
namely,3
her,3
size,3
through,3
analogy,3
need,3
enclosed,3
potential,3
distinctions,3
little,3
oikos,3
should,3
building,3
limits,2
facade,2
tou,2
constitution,2
sphere,2
ways,2
approaches,2
geometric,2
ian,2
chastity,2
being,2
gossip,2
provision,2
mosaics,2
cambitoglou,2
hellenic,2
schwandner,2
layout,2
shaped,2
onwards,2
desire,2
great,2
razing,2
take,2
real,2
feature,2
context,2
system,2
oikonomia,2
philological,2
right,2
howard,2
feinman,2
obvious,2
reflecting,2
dynamic,2
compares,2
agora,2
identifies,2
repeatedly,2
central,2
phase,2
centralized,2
regarded,2
santa,2
excavations,2
nick,2
blank,2
body,2
oxford,2
journal,2
transactions,2
cultural,2
cites,2
whose,2
grid,2
unit,2
represented,2
earlier,2
certain,2
greca,2
organization,2
just,2
weak,2
powerful,2
internal,2
greater,2
theft,2
societies,2
found,2
entering,2
hands,2
out,2
rooms,2
equally,2
understood,2
advertise,2
near,2
basis,2
grecque,2
example,2
confined,2
island,2
literally,2
structures,2
reflect,2
rise,2
participate,2
monopoly,2
assembly,2
manifestation,2
either,2
fostered,2
exclusionary,2
claim,2
involved,2
small,2
autonomy,2
met,2
boundaries,2
annual,2
wife,2
provided,2
activities,2
ideologies,2
advertised,2
cite,2
interference,2
identified,2
limited,2
interiors,2
framing,2
female,2
modes,2
about,2
hellenistic,2
housing,2
represents,2
under,2
boundary,2
editions,2
culture,2
organize,2
paul,2
decoration,2
academy,2
towards,2
limit,2
plan,2
abstract,2
choice,2
time,2
variation,2
forms,2
do,2
centre,2
less,2
reflected,2
institutions,2
understanding,2
exploring,2
jameson,2
demos,2
examples,2
values,2
cult,2
elite,2
entirely,2
expression,2
food,2
decentralization,2
individuals,2
ties,2
open,2
clear,2
reputation,2
huts,2
so,2
demosthenes,2
high,2
promotion,2
payot,2
increasing,2
sometimes,2
usually,2
husband,2
inside,2
independence,2
strongly,2
monopolize,2
class,2
any,2
material,2
accordance,2
must,2
symbolic,2
cahill,2
roman,2
wealthy,2
wall,2
linked,2
ault,2
goods,2
number,2
ethos,2
prep,2
hillier,2
particular,2
metaphor,2
theory,2
repetitive,2
institute,2
emphasis,2
conference,2
kin,2
die,2
intended,2
compartmentalized,2
controls,2
conventional,2
families,2
allows,2
promoted,2
formation,2
poleis,2
whitley,2
area,2
shift,2
increased,2
observation,2
interaction,2
traditional,2
strong,2
north,2
built,2
nicholas,1
courts,1
stateless,1
difficult,1
democracy,1
go,1
does,1
decentralized,1
o,1
grece,1
deny,1
flow,1
forschungen,1
avoiding,1
concerned,1
later,1
indicated,1
wonder,1
represent,1
market,1
legitimate,1
worthy,1
implies,1
measures,1
ranges,1
adoption,1
eliminated,1
enclosing,1
distributed,1
systemic,1
hybris,1
arno,1
village,1
elaborately,1
likewise,1
residences,1
determinant,1
offerings,1
designed,1
word,1
formed,1
second,1
usefully,1
wohnhduser,1
strictly,1
peaks,1
astrom,1
georg,1
fletcher,1
marcus,1
athenian,1
undetected,1
weaker,1
brandt,1
hellenistischen,1
policy,1
obligations,1
observing,1
entwicklung,1
before,1
nominally,1
skrifter,1
instructing,1
englewood,1
nobilitierung,1
diversity,1
institutes,1
permitted,1
subscription,1
andros,1
mosaiques,1
round,1
disgraced,1
archaeologists,1
gap,1
t,1
permit,1
uguali,1
specifically,1
every,1
swedish,1
certainly,1
creation,1
subscribed,1
quartier,1
exclusive,1
ii,1
wohnen,1
attempts,1
taken,1
restoration,1
enables,1
vols,1
vetting,1
bloomington,1
comedy,1
words,1
definition,1
parties,1
devolved,1
packed,1
leading,1
explores,1
reasons,1
monitor,1
imaginary,1
rich,1
producing,1
proimi,1
archaische,1
government,1
service,1
court,1
room,1
reproduction,1
graham,1
efficiently,1
help,1
resorting,1
murray,1
stand,1
blackwell,1
concepts,1
principal,1
china,1
johns,1
lecturer,1
contents,1
ad,1
est,1
forthcoming,1
arcaico,1
historiam,1
historians,1
king,1
av,1
draws,1
primary,1
hall,1
thorikos,1
design,1
accountability,1
demes,1
opened,1
miniature,1
determined,1
enforcement,1
activity,1
classica,1
shame,1
foreigners,1
powers,1
splendid,1
richard,1
dinner,1
converted,1
whatever,1
invited,1
interdisciplinary,1
headed,1
say,1
eliminating,1
immoral,1
conception,1
laws,1
investing,1
himself,1
prejudice,1
behavior,1
adorning,1
controlled,1
wherever,1
aristophanes,1
ritualization,1
egalitarianism,1
human,1
daughters,1
reber,1
organised,1
accessible,1
throughout,1
royal,1
review,1
chiefs,1
euergos,1
dependence,1
explained,1
copenhagen,1
eating,1
tables,1
september,1
embellishments,1
neighbours,1
domain,1
characteristic,1
relatively,1
bridging,1
adopted,1
relinquished,1
gendered,1
attested,1
funded,1
rapoport,1
berent,1
frontage,1
expected,1
arena,1
kind,1
exercise,1
turn,1
cases,1
relations,1
acta,1
rejecting,1
refer,1
amount,1
subjects,1
withdraw,1
slave,1
served,1
lineage,1
arranged,1
kinship,1
cohen,1
third,1
wohnformen,1
overcomes,1
svenska,1
suitability,1
apparently,1
general,1
ausgrabungen,1
pronounced,1
generation,1
nuanced,1
restricting,1
kunstverlag,1
walls,1
van,1
seventh,1
steps,1
poor,1
online,1
simultaneously,1
megaron,1
recognized,1
elevating,1
supernatural,1
act,1
reimer,1
commentaire,1
istruzione,1
links,1
across,1
architettura,1
sort,1
en,1
centralization,1
process,1
subdivision,1
neatly,1
olynthos,1
outward,1
determining,1
mussche,1
supplement,1
ns,1
parts,1
ix,1
empowered,1
illustrations,1
burials,1
factors,1
front,1
recherches,1
understand,1
changes,1
vorgeschichte,1
facilitated,1
old,1
immigrant,1
routledqe,1
civilizations,1
les,1
familiar,1
spreading,1
evolved,1
emergence,1
internationale,1
levelled,1
section,1
days,1
hippodamos,1
air,1
mobile,1
religieux,1
traces,1
utgivna,1
show,1
jars,1
store,1
themis,1
organisation,1
prentice,1
painted,1
aristocrats,1
preference,1
suggested,1
comite,1
management,1
cut,1
view,1
appear,1
lefkandi,1
opening,1
expressed,1
standards,1
result,1
came,1
whom,1
casual,1
transmission,1
coexisting,1
entered,1
protector,1
determines,1
young,1
speaker,1
syracusan,1
noembriou,1
international,1
criticisms,1
radical,1
dispute,1
pesando,1
commoners,1
conjectural,1
base,1
compromised,1
term,1
further,1
akademie,1
inwards,1
boxes,1
twice,1
nel,1
block,1
keywords,1
hanson,1
simple,1
burial,1
divide,1
recently,1
archaeologia,1
ebbinghaus,1
record,1
equalsized,1
produce,1
guarantee,1
required,1
quasar,1
january,1
hopkins,1
possibility,1
nomophylax,1
acknowledgements,1
aspects,1
distinguishes,1
well,1
sites,1
deutscher,1
nichols,1
gained,1
siedlungen,1
sharpening,1
relatives,1
haus,1
betrayed,1
relief,1
revealed,1
work,1
polytheism,1
bounded,1
appeals,1
del,1
distinguish,1
filologia,1
imagined,1
protected,1
prominent,1
london,1
casa,1
apparent,1
edn,1
related,1
urban,1
gender,1
partly,1
collective,1
tutte,1
people,1
densely,1
centred,1
runs,1
rows,1
dialoghi,1
aigaio,1
antike,1
rituals,1
kinch,1
westquartier,1
attica,1
focuses,1
complemented,1
project,1
smallest,1
conform,1
bullied,1
attributed,1
hidden,1
cults,1
violated,1
subtle,1
someone,1
idia,1
successful,1
uncurtained,1
responsibility,1
theoretically,1
suggest,1
stage,1
le,1
emphasizes,1
sharp,1
night,1
emerging,1
several,1
wider,1
smithsonian,1
frankfurt,1
acts,1
presence,1
insulate,1
climate,1
distinguished,1
occasions,1
characterizes,1
generally,1
up,1
isonomia,1
diminished,1
appropriate,1
newly,1
am,1
auditory,1
settle,1
dictated,1
bolstered,1
avoid,1
replacing,1
will,1
stucco,1
units,1
arrangement,1
lit,1
absence,1
elimination,1
various,1
bringing,1
guarded,1
doctoral,1
turns,1
located,1
vroulia,1
notoriously,1
rejuvenated,1
reduce,1
prove,1
projecting,1
still,1
establishes,1
eunomia,1
dwellings,1
surviving,1
selfsufficiency,1
domination,1
comments,1
standing,1
initially,1
rites,1
expectation,1
lisa,1
undergo,1
robin,1
konstanz,1
chr,1
competition,1
criticism,1
yet,1
interpretation,1
violence,1
permission,1
fit,1
security,1
thought,1
ktesios,1
morgan,1
populated,1
magistrates,1
planned,1
stampolidis,1
aux,1
reduces,1
visitors,1
aristotle,1
regional,1
cadres,1
fairly,1
volume,1
definitions,1
associating,1
street,1
book,1
fragmentation,1
towns,1
deutsche,1
oikonomika,1
pressure,1
striking,1
honouring,1
exclusion,1
regulation,1
droste,1
practical,1
larger,1
never,1
contemporary,1
doubt,1
descended,1
fruhgeschichte,1
considerable,1
external,1
somme,1
planners,1
patterns,1
conclusions,1
drinking,1
adjacent,1
thank,1
intervene,1
clusters,1
ensured,1
flattered,1
accepted,1
subordinating,1
ch,1
norwegian,1
michael,1
homer,1
council,1
doorways,1
kinbased,1
books,1
lebenswelten,1
entitlement,1
shifts,1
ecology,1
degree,1
shipley,1
original,1
meetings,1
breakdown,1
aptly,1
divided,1
indiana,1
birth,1
made,1
range,1
helps,1
slaves,1
sworn,1
sixth,1
increase,1
eta,1
ruling,1
encouraged,1
varying,1
institutet,1
significant,1
operated,1
assumption,1
francis,1
robinson,1
moulded,1
assume,1
oaths,1
morality,1
ideas,1
conflicted,1
evolution,1
sees,1
kernos,1
theories,1
theoretical,1
described,1
homeric,1
meanings,1
loosely,1
three,1
directed,1
stress,1
epochi,1
recognize,1
dominated,1
decorated,1
peter,1
logic,1
issn,1
keep,1
features,1
mexico,1
distinction,1
nagle,1
stresses,1
kept,1
preliminaire,1
fancy,1
standard,1
provides,1
repeated,1
proclaim,1
especially,1
behind,1
somehow,1
maison,1
systems,1
promote,1
elaborate,1
insists,1
become,1
wohnhauses,1
narrow,1
sight,1
upwardly,1
bureaucracies,1
displayed,1
james,1
rhetorical,1
figures,1
occupied,1
institution,1
connections,1
redirected,1
unrelated,1
performing,1
separate,1
troisieme,1
limiting,1
dogs,1
entitled,1
enough,1
things,1
indication,1
relationship,1
imply,1
rapport,1
adultery,1
seclusion,1
transformations,1
note,1
humanities,1
herodotos,1
richest,1
she,1
inhabitants,1
assert,1
five,1
olynthus,1
qualifies,1
iiic,1
bulletin,1
excluding,1
dike,1
un,1
yale,1
visual,1
threaten,1
interplay,1
legitimacy,1
periodo,1
indicate,1
responsible,1
extra,1
analysis,1
kill,1
dead,1
table,1
education,1
commemoration,1
centuries,1
when,1
arts,1
problematic,1
resemble,1
meant,1
earliest,1
tribe,1
door,1
share,1
philokleon,1
punished,1
exercised,1
imitated,1
eventually,1
struktur,1
growing,1
aris,1
senior,1
underpinned,1
complexity,1
praktika,1
tempting,1
grand,1
demonstrate,1
simply,1
dasen,1
extension,1
known,1
neighbouring,1
slope,1
kavousi,1
physical,1
willingness,1
wasps,1
stin,1
temple,1
vergleich,1
sciences,1
xenia,1
verlag,1
artium,1
set,1
der,1
know,1
beiges,1
mutually,1
stadt,1
country,1
anthropology,1
correspond,1
timarchos,1
pediments,1
seem,1
board,1
outdoor,1
alexander,1
euphiletos,1
domestica,1
universal,1
followers,1
dennis,1
foundation,1
iii,1
ideological,1
embodiment,1
geschichte,1
lampooning,1
sanctification,1
essentially,1
prayers,1
proposed,1
works,1
living,1
beginning,1
noise,1
elevated,1
dining,1
altars,1
according,1
unlikely,1
avoidance,1
valleys,1
fusaro,1
proceedings,1
carefully,1
combined,1
depicts,1
whether,1
kevin,1
terms,1
ones,1
references,1
males,1
add,1
differentiates,1
statement,1
millett,1
prestige,1
interkulturellen,1
brule,1
lm,1
osborne,1
balance,1
information,1
resident,1
danish,1
freedom,1
art,1
cluster,1
campagne,1
eligibility,1
bodies,1
monitored,1
outline,1
presented,1
owner,1
entrance,1
code,1
beck,1
exercising,1
prevalent,1
republic,1
regulate,1
ac,1
went,1
operate,1
conversely,1
appointed,1
aims,1
odysseus,1
diverged,1
writing,1
gain,1
think,1
varied,1
antique,1
devoted,1
outrageous,1
argument,1
differentiation,1
argues,1
similarity,1
griechenland,1
wielded,1
pierced,1
include,1
kai,1
sur,1
product,1
smaller,1
reflexive,1
regular,1
attributes,1
variously,1
defined,1
typology,1
remains,1
secolo,1
doubtless,1
needs,1
restored,1
taking,1
clarify,1
ensuring,1
alexandra,1
universitatsverlag,1
themselves,1
rejection,1
consisted,1
supply,1
zeus,1
contrasting,1
dark,1
phillips,1
meddelelser,1
among,1
glowacki,1
taylor,1
subgeometric,1
observed,1
diethnous,1
rivista,1
major,1
depriving,1
