WORDCOUNTS,WEIGHT
the,367
of,272
and,148
in,114
a,95
to,94
that,62
is,41
climatic,40
ad,39
was,31
peninsula,31
on,31
this,30
an,30
from,27
by,27
coastal,26
with,26
peru,26
climate,25
change,24
andean,23
south,22
for,22
elena,22
santa,22
coast,20
i,19
guangala,19
between,19
when,19
are,18
population,18
middle,18
libertad,18
it,17
empire,17
c,17
about,16
these,16
prehistoric,16
new,16
which,16
were,16
period,16
peruvian,15
be,15
at,14
as,14
ecuador,14
during,14
may,13
changes,13
culture,13
two,13
inca,13
time,12
cultural,12
horizon,12
there,12
have,12
area,12
allison,12
or,11
highland,11
huari,11
not,10
sequence,10
drought,10
also,10
late,10
local,10
use,10
intermediate,10
paulsen,10
periods,9
been,9
factors,9
series,9
rainfall,9
water,9
has,9
sites,9
its,9
central,9
pluvial,9
one,8
each,8
basins,8
bc,8
people,8
evidence,8
early,8
world,8
current,7
determined,7
specific,7
can,7
occupation,7
we,7
north,7
pottery,7
la,7
major,7
american,6
increased,6
environment,6
first,6
again,6
all,6
many,6
interpluvial,6
p,6
some,6
andes,6
end,6
archaeological,6
conditions,6
expansion,5
episodes,5
h,5
similar,5
settlements,5
fields,5
empires,5
pressures,5
under,5
established,5
four,5
ridged,5
j,5
had,5
other,5
engoroy,5
contemporary,5
pattern,5
system,5
number,5
another,5
both,5
john,5
region,5
guayas,5
factor,5
terminal,5
such,5
since,5
de,5
shift,5
abandoned,5
will,4
york,4
note,4
pleistocene,4
began,4
parts,4
interpretation,4
ecuadorean,4
prehistory,4
chronology,4
intertropical,4
abandonment,4
must,4
agricultural,4
rise,4
ceramic,4
theory,4
deterioration,4
iii,4
humid,4
farming,4
shifts,4
very,4
zone,4
date,4
beginning,4
political,4
centre,4
where,4
well,4
used,4
establishment,4
mcdougle,4
thus,4
chile,4
until,4
precipitation,4
caused,4
would,4
dry,4
after,4
spanish,4
although,4
annual,4
phases,3
consists,3
fog,3
helped,3
reduced,3
no,3
common,3
inhabitants,3
later,3
growth,3
edward,3
environmental,3
subsistence,3
expanded,3
they,3
sequences,3
their,3
centres,3
dates,3
sociocultural,3
history,3
into,3
border,3
heavy,3
antiquity,3
then,3
before,3
economic,3
but,3
w,3
global,3
only,3
more,3
ii,3
view,3
equally,3
ecuadorian,3
paper,3
longer,3
location,3
areas,3
highlands,3
marked,3
striking,3
any,3
cultivation,3
donald,3
sierra,3
advances,3
took,3
v,3
those,3
ecotone,3
dorothy,3
eds,3
dumbarton,3
enough,3
while,3
particularly,3
iv,3
agriculture,3
made,3
desert,3
brought,3
simultaneously,3
yearly,3
temperature,3
regional,3
severe,3
rowe,3
incas,3
chavin,3
position,3
relatively,3
peninsular,3
so,3
regular,3
forced,3
machalilla,3
archaeology,3
off,3
settlement,3
underlying,3
influence,3
response,3
columbia,3
boundary,3
regularity,3
effect,3
up,3
terrace,3
present,3
northern,3
wells,3
recent,3
successive,3
atmospheric,3
sudden,3
society,3
increasing,2
final,2
chronological,2
difficult,2
flourished,2
horizons,2
imply,2
edge,2
higher,2
independent,2
if,2
figure,2
stylistic,2
doctoral,2
short,2
developed,2
meteorological,2
mountain,2
centuries,2
alternate,2
nearly,2
reason,2
environments,2
detailed,2
introduction,2
retreats,2
effectively,2
earlier,2
b,2
large,2
direction,2
methods,2
undergone,2
form,2
repeats,2
dana,2
simultaneous,2
respect,2
moves,2
yet,2
support,2
reference,2
read,2
eugene,2
rain,2
east,2
middens,2
reasonably,2
supply,2
cycles,2
total,2
associated,2
complete,2
iooo,2
abandon,2
same,2
n,2
version,2
already,2
northward,2
show,2
known,2
hence,2
every,2
perhaps,2
nucleo,2
connection,2
press,2
military,2
systems,2
offshore,2
alternation,2
conquest,2
expanding,2
based,2
occurred,2
fundamental,2
could,2
occupations,2
suggesting,2
warm,2
found,2
cycle,2
events,2
state,2
near,2
styles,2
oceanographic,2
vegetation,2
patterns,2
density,2
precisely,2
artefact,2
according,2
innovational,2
produced,2
selected,2
ed,2
seasonal,2
peek,2
quito,2
interval,2
primarily,2
because,2
great,2
information,2
none,2
holocene,2
pers,2
upper,2
size,2
probably,2
front,2
permitted,2
obviously,2
reversed,2
reid,2
multiple,2
conclude,2
part,2
including,2
far,2
previously,2
indicating,2
casa,2
increase,2
dynamic,2
along,2
techniques,2
nd,2
fluctuations,2
lies,2
entirely,2
place,2
devolution,2
oaks,2
reoccupied,2
human,2
oaxaca,2
our,2
radiocarbon,2
systemic,2
lowers,2
california,2
equatorial,2
university,2
cultura,2
currents,2
clear,2
intensified,2
historic,2
countercurrent,2
t,2
finally,2
parallels,2
leave,2
fostered,2
most,2
effects,2
configurations,2
standard,2
thomas,2
old,2
small,2
david,2
article,2
highly,2
fig,2
research,2
suddenly,2
correlate,2
reoccupation,2
james,2
create,2
through,2
archaeologist,2
even,2
practically,2
details,2
pluviality,2
than,2
profiles,2
propose,2
resources,2
hypothesis,2
nda,1
survived,1
reverts,1
endemic,1
confirm,1
spiralled,1
age,1
permits,1
commensurate,1
seasons,1
unstable,1
evaporation,1
operation,1
now,1
exaggerated,1
testable,1
rooted,1
interesting,1
led,1
hauled,1
praeger,1
what,1
ester,1
situation,1
town,1
governed,1
whose,1
significant,1
crept,1
m,1
today,1
transformations,1
repetitions,1
agraria,1
matter,1
convergence,1
easy,1
coterminous,1
supporting,1
continued,1
montana,1
shortest,1
fortified,1
statements,1
sets,1
chance,1
extrapolating,1
foreign,1
rio,1
december,1
colombian,1
know,1
ideology,1
revival,1
created,1
stages,1
anomalies,1
separated,1
explain,1
civilization,1
successes,1
en,1
return,1
lines,1
deteriorating,1
uninhabited,1
intervals,1
lateglacial,1
defined,1
decrease,1
alternations,1
hospitable,1
cut,1
slow,1
mean,1
pinpoint,1
province,1
who,1
riddled,1
driest,1
shortly,1
seen,1
relations,1
being,1
still,1
reconstruction,1
over,1
succession,1
assumptions,1
interactions,1
proposition,1
linguistic,1
connected,1
tiahuanaco,1
importance,1
intensive,1
southern,1
discover,1
explosion,1
suppose,1
ceramics,1
easily,1
religious,1
whole,1
drastically,1
special,1
responsible,1
extra,1
construction,1
disappear,1
essays,1
desiccated,1
summarized,1
discoveries,1
productive,1
droughts,1
surprising,1
second,1
abundant,1
inception,1
library,1
kent,1
tropically,1
modification,1
subdivided,1
ways,1
ndb,1
cuzco,1
completely,1
sweeps,1
arrangements,1
interrelations,1
face,1
move,1
pp,1
aubrey,1
nor,1
wendland,1
temprano,1
forest,1
continuity,1
antecedents,1
considered,1
flows,1
possibly,1
times,1
jody,1
reinforcement,1
organization,1
improvement,1
neither,1
western,1
ameliorated,1
coeval,1
demographic,1
ancient,1
northwest,1
reflects,1
severity,1
assimilation,1
variable,1
magnitude,1
inherently,1
curious,1
emergence,1
presumably,1
clearly,1
intrinsically,1
ioo,1
just,1
informe,1
shifting,1
barrel,1
anales,1
sharply,1
dislocations,1
englewood,1
result,1
conclusion,1
exemplified,1
thorny,1
al,1
changing,1
intensification,1
too,1
profile,1
character,1
shrinking,1
peoples,1
phenomenon,1
wisconsin,1
potters,1
measurements,1
nawpa,1
department,1
meadows,1
suggestively,1
struck,1
buried,1
summarize,1
vermont,1
increasingly,1
mangroves,1
came,1
shorter,1
attribute,1
dialectos,1
neighbouring,1
indicate,1
beyond,1
social,1
moderate,1
us,1
constructed,1
persuasive,1
comparisons,1
sources,1
commensurately,1
alteration,1
invention,1
long,1
certainly,1
sherds,1
semidesert,1
science,1
correspondences,1
westward,1
alternative,1
segments,1
fishmeal,1
sections,1
set,1
behaviour,1
originally,1
power,1
coincides,1
stated,1
drastic,1
taken,1
important,1
cosmological,1
quickly,1
coincidence,1
culturally,1
suggested,1
ground,1
decades,1
regimen,1
southward,1
rapid,1
appear,1
plausibly,1
lomas,1
disappeared,1
recognizable,1
emerged,1
towards,1
retreat,1
responds,1
halt,1
cultures,1
uses,1
closely,1
advance,1
strip,1
confirmed,1
worth,1
india,1
fact,1
shows,1
lack,1
fauna,1
innovations,1
arrival,1
believe,1
avenue,1
head,1
tradition,1
crops,1
twenty,1
alternately,1
et,1
pressure,1
revived,1
synchronism,1
rule,1
subsume,1
consequences,1
strombus,1
formativo,1
surprisingly,1
access,1
extended,1
pacha,1
returns,1
report,1
underwrite,1
correspondingly,1
lived,1
oyster,1
exploiting,1
chroniclers,1
signifies,1
accompanied,1
comparatively,1
stretches,1
sometime,1
contradictory,1
ocean,1
fishing,1
infrequent,1
basin,1
rely,1
affected,1
margin,1
decade,1
quantum,1
reflected,1
resulting,1
vicissitudes,1
dislocation,1
cities,1
considerable,1
brings,1
past,1
initial,1
philosophical,1
anne,1
simple,1
masters,1
honor,1
last,1
modulation,1
earthworks,1
circulation,1
amazon,1
outside,1
punctuated,1
evoke,1
influences,1
do,1
principal,1
william,1
contrasting,1
understood,1
communities,1
bryson,1
third,1
spread,1
somewhat,1
reproduce,1
chicama,1
proceedings,1
withdrawals,1
deteriorated,1
worldwide,1
el,1
require,1
reverberate,1
triggered,1
michael,1
ones,1
making,1
references,1
analogous,1
cause,1
varying,1
independently,1
empty,1
lathrap,1
necessary,1
grounds,1
energy,1
quechuas,1
record,1
resemblances,1
progressively,1
existence,1
indicates,1
plains,1
map,1
universidad,1
cult,1
baerreis,1
malthusian,1
yield,1
abandonments,1
trade,1
eastern,1
impoverished,1
extent,1
conquests,1
style,1
method,1
assemblage,1
always,1
wayne,1
possibility,1
pacific,1
acknowledgements,1
adjustments,1
briefly,1
bore,1
highlanders,1
continent,1
eminently,1
remained,1
mimeographed,1
identical,1
years,1
vol,1
voice,1
preliminar,1
almost,1
episode,1
kansas,1
becomes,1
suggests,1
emphasis,1
possible,1
diminution,1
paleoecology,1
lasting,1
reaction,1
data,1
activity,1
diverse,1
divided,1
prehispanic,1
tropical,1
measures,1
scope,1
biotic,1
conference,1
worsening,1
cientificos,1
mutual,1
advancing,1
varieties,1
intense,1
apparatus,1
los,1
presented,1
maritime,1
abstract,1
del,1
locus,1
circumstances,1
represented,1
reveal,1
average,1
future,1
gradual,1
significantly,1
thereby,1
favourable,1
variations,1
uniform,1
mm,1
arose,1
introduced,1
sea,1
similarity,1
deserts,1
apparent,1
original,1
cold,1
became,1
role,1
confirms,1
samples,1
adaptations,1
positions,1
attributed,1
elizabeth,1
transition,1
combination,1
budget,1
minimum,1
era,1
adapted,1
year,1
food,1
attaining,1
implications,1
continuation,1
sold,1
warfare,1
deserted,1
describe,1
consistently,1
largely,1
desertion,1
virtually,1
agricultura,1
make,1
meet,1
controlled,1
surplus,1
exceptionally,1
maintained,1
actually,1
centred,1
obvious,1
leap,1
contrasts,1
centralized,1
includes,1
review,1
employed,1
dating,1
underwent,1
described,1
volume,1
explained,1
southwest,1
facts,1
immediate,1
interpreted,1
dynamics,1
development,1
open,1
reversal,1
unusually,1
thinner,1
winds,1
rainy,1
supports,1
demanded,1
seashore,1
twentieth,1
manifestation,1
october,1
september,1
exaggerates,1
publication,1
regions,1
language,1
zevallos,1
catch,1
dominated,1
huaritiahuanaco,1
america,1
maintenance,1
wholesale,1
aldine,1
watered,1
general,1
temperatures,1
feasible,1
elegantly,1
grown,1
preceramic,1
subjected,1
spot,1
land,1
upheavals,1
isolating,1
accompanying,1
d,1
building,1
revised,1
geographically,1
jr,1
shirley,1
fidelity,1
provided,1
smaller,1
suggest,1
anchovies,1
reliable,1
heavier,1
forerunners,1
february,1
played,1
abrupt,1
next,1
linking,1
foresman,1
ecology,1
turn,1
epoch,1
mississippian,1
noticeable,1
enriched,1
apparently,1
segment,1
event,1
sake,1
repeat,1
association,1
around,1
forms,1
postpleistocene,1
repeated,1
several,1
flooding,1
strongly,1
leads,1
especially,1
lie,1
astounding,1
profound,1
amount,1
back,1
spondylus,1
desiccation,1
body,1
taking,1
exactitude,1
milagro,1
drying,1
generated,1
become,1
relation,1
contemplate,1
greatly,1
carlos,1
unchanged,1
exactly,1
steplike,1
fourth,1
regards,1
rate,1
partial,1
adjacent,1
visible,1
substantial,1
within,1
st,1
valley,1
given,1
displacements,1
cleaning,1
equivalent,1
terracing,1
results,1
duration,1
dwindling,1
existed,1
occupied,1
wet,1
relative,1
truck,1
fertilizer,1
developmental,1
meeting,1
modifications,1
southeastern,1
scanty,1
opposite,1
built,1
moved,1
underlay,1
unrelated,1
rest,1
contradictions,1
widely,1
poorly,1
ica,1
aggravated,1
walls,1
january,1
