WORDCOUNTS,WEIGHT
the,302
of,243
in,132
to,112
a,106
and,85
slaves,55
is,39
by,38
that,37
as,35
slave,35
from,33
with,30
was,30
no,29
were,29
family,27
their,26
or,26
for,25
be,24
not,23
on,23
babylon,22
which,20
are,19
egibi,19
they,15
one,15
written,15
such,15
it,14
his,14
who,14
this,14
have,14
an,14
tablets,13
babylonia,13
other,12
but,11
temple,11
name,11
m,11
there,11
her,11
year,11
archives,10
also,10
documents,10
some,10
archive,10
document,10
von,10
at,9
he,9
h,9
ie,9
woman,9
free,9
records,9
ownership,9
tablet,8
cuneiform,8
der,8
contracts,8
been,7
names,7
same,7
these,7
had,7
could,7
children,7
private,7
babylonian,7
part,7
its,7
families,7
years,7
evidence,7
owned,7
c,7
v,7
transactions,7
provide,6
slavery,6
often,6
baker,6
j,6
another,6
bc,6
age,6
three,6
d,6
between,6
usually,5
she,5
citizens,5
manumission,5
fifth,5
any,5
being,5
only,5
known,5
business,5
into,5
many,5
man,5
born,5
according,5
number,5
women,5
property,5
degrees,5
sale,5
both,5
die,5
during,5
period,5
old,5
around,5
we,5
marked,4
f,4
sons,4
if,4
zeit,4
male,4
therefore,4
legal,4
certain,4
study,4
university,4
n,4
numbers,4
leipzig,4
konig,4
over,4
identified,4
skills,4
whom,4
discussed,4
living,4
them,4
terms,4
case,4
has,4
because,4
ebabbar,4
wunsch,4
son,4
city,4
sixth,4
subject,4
significant,4
freedom,4
status,4
contract,4
t,4
de,4
include,4
deity,4
involved,4
early,4
substantial,4
given,4
inschriften,4
archiv,3
does,3
press,3
escaped,3
various,3
estate,3
might,3
order,3
large,3
centuries,3
us,3
ancient,3
rarely,3
following,3
mentioned,3
belonging,3
four,3
most,3
mention,3
said,3
sources,3
members,3
more,3
orchards,3
apprenticed,3
meaning,3
history,3
all,3
supplied,3
did,3
great,3
called,3
akkadian,3
relating,3
contemporary,3
wealthy,3
date,3
sippar,3
what,3
contents,3
less,3
see,3
references,3
well,3
recorded,3
scribe,3
enslavement,3
darius,3
work,3
must,3
household,3
istar,3
administration,3
divided,3
named,3
personal,3
uruk,3
since,3
millennium,3
interest,3
individual,3
land,3
below,3
nappahu,3
administrative,3
archaeology,3
after,3
cases,3
few,3
consisted,3
up,3
und,3
so,3
society,3
fir,2
seems,2
uncommon,2
san,2
likely,2
child,2
silver,2
variety,2
way,2
letters,2
within,2
economic,2
five,2
husband,2
how,2
leased,2
remain,2
en,2
judiciaires,2
ten,2
primarily,2
means,2
gift,2
prove,2
collections,2
mar,2
began,2
house,2
recently,2
star,2
provisions,2
about,2
formed,2
roth,2
settlement,2
eanna,2
types,2
museum,2
reason,2
heft,2
read,2
under,2
former,2
considered,2
restricted,2
acquired,2
proof,2
before,2
just,2
sales,2
frequently,2
listed,2
du,2
altorientalische,2
two,2
identification,2
nicolo,2
ever,2
lease,2
first,2
member,2
achaemenid,2
creditor,2
peabody,2
here,2
taken,2
drawing,2
strassmaier,2
l,2
addition,2
royal,2
lieu,2
different,2
including,2
assets,2
seem,2
available,2
et,2
rule,2
abstract,2
p,2
farmers,2
time,2
out,2
hundred,2
very,2
requirements,2
variation,2
debt,2
considerable,2
i,2
person,2
leipziger,2
present,2
where,2
performed,2
reign,2
bore,2
particular,2
necessary,2
record,2
required,2
king,2
while,2
female,2
information,2
outstanding,2
none,2
suggests,2
father,2
made,2
even,2
owner,2
occasionally,2
preserved,2
unless,2
parents,2
composition,2
fur,2
joannes,2
role,2
along,2
egyptian,2
whole,2
manufacturing,2
des,2
neubabylonische,2
penalty,2
individuals,2
our,2
examination,2
documented,2
come,2
citizen,2
nanaya,2
question,2
craftsman,2
own,2
clear,2
conditions,2
zum,2
near,2
aus,2
social,2
worked,2
mesopotamia,2
attested,2
would,2
followed,2
ardu,2
wealthiest,2
kept,2
households,2
oldest,2
provides,2
neubabylonischen,2
nor,2
small,2
band,2
rechtsund,2
freed,2
specific,2
amount,2
typically,2
substitute,2
dowry,2
can,2
texts,2
when,2
drawn,2
tenants,2
those,2
wife,2
details,2
hautes,2
stratum,2
establishment,2
owners,2
dowries,2
la,2
division,2
ungnad,2
sa,1
survived,1
weicher,1
fails,1
may,1
chronological,1
grasped,1
dealing,1
difficult,1
will,1
threatened,1
fifty,1
universitaires,1
now,1
online,1
tavern,1
interesting,1
grandmothers,1
erwagungen,1
o,1
done,1
wirtschaftsurkunden,1
me,1
whose,1
essential,1
cdl,1
minor,1
belonged,1
helped,1
absence,1
institut,1
practices,1
mercy,1
common,1
etude,1
far,1
continued,1
regular,1
tenant,1
centres,1
sometimes,1
absconding,1
ecole,1
foreign,1
akademieverlag,1
doctoral,1
seventh,1
maintenance,1
service,1
ready,1
historiques,1
reasonable,1
librairie,1
abhandlungen,1
amtu,1
bis,1
decades,1
afterwards,1
apart,1
colleagues,1
episodes,1
brief,1
babylonisch,1
concerns,1
presses,1
institutions,1
implies,1
mean,1
etc,1
sixteen,1
alone,1
seleucid,1
seen,1
ears,1
itself,1
above,1
taxation,1
yale,1
examined,1
introduction,1
booty,1
indicates,1
proportion,1
earlier,1
midfirst,1
reflective,1
contribution,1
studien,1
similar,1
universitat,1
b,1
zu,1
group,1
ii,1
ethnicon,1
direct,1
vchr,1
stipulate,1
population,1
betray,1
droz,1
ive,1
chattel,1
class,1
containing,1
kaufformulare,1
buchhandlung,1
tree,1
vicinity,1
identify,1
managerial,1
assyriologie,1
existed,1
extant,1
guide,1
michael,1
afo,1
referring,1
dandamayev,1
hellenistic,1
elderly,1
kings,1
gave,1
uniquely,1
drafted,1
mother,1
wishes,1
parchment,1
theodor,1
pedersen,1
get,1
accounts,1
eighteen,1
examine,1
alexander,1
amassing,1
represents,1
pp,1
mit,1
acquisition,1
requiring,1
thought,1
helsinki,1
purchased,1
dn,1
unnamed,1
excludes,1
considerations,1
recaptured,1
trace,1
familiales,1
challenged,1
les,1
position,1
campaign,1
establishments,1
undertook,1
retained,1
conquest,1
unlike,1
share,1
francis,1
imposed,1
punished,1
neubabylonischer,1
qallu,1
then,1
herausgegeben,1
clothing,1
asia,1
section,1
underlain,1
send,1
material,1
marduk,1
receiving,1
sachsischen,1
result,1
series,1
urkunden,1
several,1
comparison,1
industrial,1
circumstances,1
ve,1
damaged,1
show,1
berieten,1
included,1
extensive,1
baby,1
occupied,1
petschow,1
recovered,1
origins,1
textes,1
lot,1
either,1
beyond,1
picture,1
months,1
achamenidischen,1
useful,1
physical,1
claims,1
etudes,1
au,1
street,1
prince,1
rather,1
envisage,1
terminology,1
text,1
symbol,1
production,1
skill,1
law,1
set,1
overland,1
training,1
give,1
important,1
military,1
cyrus,1
know,1
providing,1
trained,1
klasse,1
mieroop,1
borsippa,1
death,1
noun,1
view,1
qallatu,1
current,1
actual,1
thirty,1
cultivating,1
purchaser,1
each,1
towards,1
discerned,1
rendre,1
baruch,1
paper,1
pfandrecht,1
van,1
privately,1
based,1
shows,1
naturalien,1
east,1
setting,1
uncatalogued,1
stolper,1
admits,1
conduct,1
scholars,1
gandara,1
best,1
tuppi,1
occurrence,1
down,1
found,1
seller,1
relations,1
hands,1
reasons,1
typical,1
henceforth,1
scenario,1
adhered,1
philologiques,1
iii,1
seven,1
lived,1
town,1
particularly,1
brothers,1
studied,1
become,1
transferred,1
associates,1
clearly,1
reveal,1
themselves,1
powell,1
goods,1
clause,1
dispute,1
sahrinu,1
entrepreneurial,1
take,1
assyriologiques,1
sum,1
verlag,1
fields,1
u,1
im,1
nabopolassar,1
representative,1
berliner,1
masters,1
punishment,1
century,1
babylonie,1
acquiring,1
verwaltungsurkunden,1
better,1
men,1
consist,1
mind,1
conclusions,1
took,1
subordinate,1
ancien,1
hand,1
do,1
monographs,1
learn,1
frauen,1
reserved,1
principal,1
pratique,1
witnesses,1
handed,1
focused,1
unlikely,1
purchase,1
war,1
mainly,1
economy,1
orientales,1
cambyses,1
reproduce,1
skilled,1
elucidating,1
keywords,1
neriglissars,1
month,1
corresponding,1
income,1
whether,1
relevant,1
majority,1
apprentice,1
ad,1
produced,1
persons,1
list,1
ed,1
streitfalle,1
cannot,1
dispersal,1
together,1
estimate,1
involvement,1
duties,1
nearby,1
jahrhundert,1
wealth,1
practice,1
iqisa,1
maintain,1
dandamaev,1
existence,1
attitudes,1
passed,1
ltd,1
produce,1
real,1
perhaps,1
judicial,1
guarantee,1
orientalistik,1
recording,1
styx,1
ceased,1
owing,1
markings,1
extent,1
av,1
consisting,1
transaction,1
draws,1
gives,1
primary,1
borne,1
day,1
receive,1
w,1
lamutanu,1
immediate,1
te,1
rations,1
bulletin,1
zur,1
potential,1
viiie,1
vol,1
quantities,1
fitting,1
possible,1
invisible,1
classes,1
cabaret,1
urban,1
infant,1
condition,1
tracing,1
discussion,1
probably,1
brewed,1
coherent,1
translated,1
vessels,1
invested,1
examples,1
specialist,1
treated,1
genres,1
crown,1
comprise,1
discovery,1
siecle,1
outline,1
fulfilment,1
mothers,1
eighteenth,1
bear,1
true,1
inscription,1
impart,1
transgression,1
nouvelles,1
writings,1
wien,1
significantly,1
brought,1
attached,1
point,1
gesellschaftsaufbau,1
through,1
wissenschaften,1
dependent,1
discusses,1
enhanced,1
freeing,1
despite,1
enormous,1
example,1
knowledge,1
famille,1
edn,1
beer,1
quota,1
related,1
services,1
elite,1
crafts,1
fior,1
against,1
description,1
findings,1
simply,1
formula,1
bears,1
use,1
food,1
overview,1
designate,1
sold,1
contribute,1
organization,1
bondage,1
equipped,1
numerous,1
handel,1
surplus,1
fourteen,1
hudson,1
harvard,1
aims,1
exist,1
jursa,1
sciences,1
think,1
daughters,1
perishable,1
rare,1
hoc,1
oelsner,1
zeitschrift,1
cities,1
remarks,1
inferred,1
prepared,1
focuses,1
overlap,1
previous,1
married,1
partly,1
nederlands,1
surely,1
dating,1
vorhellenistischer,1
students,1
goddess,1
described,1
revoked,1
reconstructing,1
assyria,1
aunts,1
braves,1
lists,1
fact,1
utilitaires,1
accommodation,1
run,1
genealogical,1
preferential,1
oriental,1
archaeological,1
illinois,1
washing,1
unpublished,1
write,1
language,1
akademie,1
extraction,1
divine,1
recipient,1
good,1
change,1
characteristic,1
relatively,1
issn,1
course,1
contributed,1
pair,1
running,1
least,1
authorities,1
times,1
although,1
arise,1
judges,1
upon,1
registration,1
vorderasiatische,1
publications,1
receipt,1
american,1
rent,1
function,1
little,1
product,1
him,1
babyloniens,1
suggest,1
analysing,1
reconstructed,1
debts,1
played,1
documentation,1
hired,1
next,1
settling,1
piece,1
kind,1
undiscovered,1
standard,1
instituut,1
extremely,1
clay,1
decided,1
urbanization,1
minas,1
life,1
familie,1
why,1
places,1
keep,1
parentage,1
enslaved,1
nabonids,1
remember,1
nabonidus,1
thousand,1
especially,1
rechtswissenschaftliche,1
state,1
back,1
labour,1
spanned,1
marriage,1
furniture,1
nabu,1
richter,1
transfer,1
feet,1
normal,1
houses,1
certainly,1
presence,1
craft,1
output,1
denotes,1
exhaustive,1
started,1
geschiftsmannes,1
compared,1
supply,1
libraries,1
third,1
single,1
right,1
istanbul,1
museen,1
obligation,1
prosopography,1
activities,1
dedicated,1
should,1
structure,1
occasions,1
babylonians,1
revised,1
working,1
element,1
millenaires,1
entire,1
mandattu,1
journal,1
look,1
northern,1
much,1
world,1
among,1
apparently,1
taylor,1
operative,1
recent,1
deriving,1
like,1
conducting,1
landwirtschaft,1
value,1
spoil,1
building,1
formulae,1
finds,1
brewing,1
greek,1
sisters,1
inventaire,1
actions,1
close,1
master,1
laws,1
concluded,1
babies,1
major,1
cites,1
justice,1
behalf,1
examines,1
consumed,1
infants,1
jh,1
