WORDCOUNTS,WEIGHT
the,398
of,243
a,194
in,148
and,133
to,122
be,90
is,77
by,65
on,56
are,56
for,47
photogrammetry,42
from,40
as,39
at,36
may,34
an,32
with,31
camera,30
have,30
it,27
can,27
used,26
been,26
that,24
archaeology,23
two,23
taken,22
archaeological,22
photographs,22
photography,21
photogrammetric,21
was,20
measurement,19
this,19
when,18
or,18
one,17
cameras,17
if,16
j,16
recorded,16
has,16
site,16
recording,16
sites,15
time,15
not,15
using,15
measuring,13
such,13
pp,13
rock,13
use,13
subject,12
university,12
only,12
plan,12
were,12
they,11
since,11
record,11
but,11
which,11
each,11
art,11
stereopair,11
single,10
produced,10
will,10
k,10
angela,10
should,10
either,9
some,9
fussell,9
metric,9
m,9
these,9
technique,9
points,9
features,9
accurate,9
vertical,9
lens,9
information,9
measured,9
between,9
into,8
restoration,8
survey,8
journal,8
l,8
contour,8
required,8
field,8
useful,8
also,8
model,8
necessary,8
made,8
terrestrial,8
very,8
both,8
d,8
all,7
simple,7
de,7
their,7
had,7
artefacts,7
r,7
work,7
during,7
et,7
analytical,7
three,7
obtained,7
la,7
monuments,7
conservation,7
c,7
results,7
e,6
stone,6
h,6
excavation,6
take,6
negatives,6
side,6
g,6
towers,6
than,6
plotted,6
grid,6
similar,6
b,6
instrument,6
underwater,6
could,6
international,6
viewed,6
scale,6
level,6
australian,6
quarry,6
object,6
elevation,6
would,6
so,6
methods,6
must,6
over,6
form,6
techniques,6
plans,6
conventional,6
area,6
photographic,5
lower,5
other,5
advantage,5
great,5
those,5
point,5
accuracy,5
excavations,5
viewing,5
remote,5
metres,5
photogrammetrie,5
image,5
surface,5
position,5
plot,5
cannot,5
because,5
shape,5
data,5
its,5
engineering,5
bipod,5
same,5
al,5
more,5
heritage,5
photogrammetrist,5
new,5
where,5
relative,5
relationship,5
usually,5
graphical,5
face,5
any,5
different,5
commission,5
city,5
datum,5
instead,5
although,5
photograph,5
way,4
mounted,4
before,4
archaeologists,4
height,4
system,4
determined,4
above,4
corresponding,4
large,4
plotting,4
drawn,4
archaeologist,4
even,4
details,4
rather,4
sensing,4
square,4
plots,4
placed,4
four,4
requires,4
p,4
out,4
suspended,4
expensive,4
optical,4
knowledge,4
t,4
film,4
study,4
exposure,4
ancient,4
no,4
published,4
developed,4
layer,4
coordinates,4
v,4
manner,4
prints,4
symposium,4
after,4
problems,4
depth,4
science,4
bulletin,4
who,4
measurements,4
control,4
particularly,4
them,4
making,4
through,4
numerous,4
smaller,4
off,4
comparison,4
much,4
horizontal,3
per,3
trench,3
drawings,3
divers,3
projectors,3
fragile,3
eye,3
give,3
surveying,3
zeiss,3
s,3
wooden,3
monitor,3
i,3
there,3
checked,3
case,3
swaziland,3
deformation,3
human,3
calculated,3
old,3
perspective,3
amount,3
weight,3
stereoscopic,3
stereoscope,3
main,3
process,3
mean,3
stereopairs,3
proved,3
w,3
most,3
submerged,3
cost,3
method,3
view,3
result,3
based,3
base,3
difficult,3
artefact,3
though,3
applied,3
line,3
positions,3
place,3
peak,3
society,3
f,3
analogue,3
limited,3
diver,3
mission,3
under,3
bar,3
volume,3
many,3
water,3
departments,3
hand,3
plate,3
elevations,3
stereophotographs,3
top,3
congress,3
distortion,3
comprehensive,3
architectural,3
reconstructed,3
often,3
wreck,3
statue,3
order,3
ordinary,3
dimensions,3
detail,3
monument,3
known,3
precise,3
temple,3
setting,3
report,3
aerial,3
problem,3
institute,3
des,3
surveys,3
sea,3
nordbladh,3
giving,3
aims,3
stereophotography,3
national,3
equipment,3
little,3
traditional,3
images,3
given,2
handwheels,2
o,2
medieval,2
pontnewydd,2
saved,2
hull,2
formed,2
likely,2
true,2
studies,2
filters,2
necessarily,2
lenses,2
contact,2
negative,2
being,2
first,2
australia,2
submarine,2
roman,2
ii,2
binocular,2
available,2
assembled,2
transferred,2
feature,2
threedimensional,2
devised,2
kenny,2
intersection,2
incorporate,2
knife,2
centimetres,2
possible,2
cooperation,2
tracing,2
reduce,2
taking,2
far,2
pairs,2
beneath,2
exposed,2
apex,2
review,2
grooves,2
author,2
ray,2
application,2
geometry,2
exercise,2
machines,2
houses,2
output,2
suitable,2
left,2
y,2
instruments,2
reflex,2
retrieved,2
interesting,2
simultaneously,2
direct,2
parts,2
cave,2
rays,2
perthshire,2
tower,2
ceylon,2
just,2
elevated,2
n,2
too,2
orientation,2
helped,2
trained,2
oblique,2
appear,2
pencil,2
prehistoric,2
societe,2
erosion,2
olorgesailie,2
density,2
tools,2
arbetsseminarium,2
halieis,2
technical,2
umk,2
relief,2
unless,2
tombs,2
related,2
irish,2
pocket,2
systematic,2
boulders,2
least,2
correct,2
caused,2
kultur,2
below,2
instrumentation,2
involved,2
several,2
few,2
research,2
part,2
up,2
coordinate,2
majority,2
und,2
moved,2
kring,2
south,2
second,2
calibration,2
various,2
architecture,2
mark,2
melbourne,2
located,2
overall,2
positioned,2
prove,2
reconstruction,2
millimetres,2
interpretation,2
technology,2
chronology,2
adjusted,2
complete,2
experimental,2
buddha,2
tilt,2
francaise,2
identical,2
never,2
ground,2
en,2
less,2
exotic,2
practice,2
japan,2
flint,2
number,2
day,2
calculation,2
contours,2
sides,2
including,2
thickness,2
polaroid,2
resulting,2
check,2
low,2
high,2
repeated,2
spent,2
internal,2
eyes,2
computed,2
architecturale,2
structure,2
mdl,2
slightly,2
figures,2
need,2
professional,2
greek,2
topography,2
applications,2
me,2
provide,2
figure,2
poseidon,2
ministry,2
lines,2
balloon,2
nordiskt,2
markmeasure,2
itself,2
mirror,2
mathematically,2
victoria,2
eventually,2
constructed,2
drafting,2
dimension,2
natural,2
trackway,2
country,2
readily,2
rectified,2
novel,2
anon,2
best,2
constructions,2
solved,2
historical,2
u,2
particular,2
map,2
interval,2
inscriptions,2
exposures,2
require,2
photogrammetrically,2
african,2
measure,2
vast,2
obtain,2
allows,2
calibrated,2
trapezium,2
turkish,2
disadvantages,2
wild,2
until,2
sediments,2
commercial,2
hlalakahle,2
documentation,2
remains,2
association,2
paestum,2
removed,2
refinements,2
photomosaics,2
themselves,2
recent,2
building,2
close,2
major,2
bundles,2
geographique,1
sottomarina,1
does,1
undertakings,1
antikvariskt,1
tru,1
wid,1
produces,1
rate,1
done,1
accomplish,1
edge,1
later,1
stylistic,1
cent,1
anrlysing,1
groups,1
tilting,1
parallax,1
acre,1
extreme,1
tti,1
determine,1
fences,1
offset,1
red,1
alone,1
eliminated,1
ultimate,1
tilldmpad,1
bust,1
string,1
notably,1
berlin,1
ventional,1
minutes,1
group,1
center,1
needed,1
operator,1
complex,1
replaced,1
interrupt,1
jip,1
specialist,1
strictly,1
scribing,1
di,1
approaches,1
easily,1
park,1
etic,1
whereas,1
reasonably,1
trace,1
rarneses,1
devices,1
undertaken,1
justified,1
fixed,1
gracht,1
individually,1
freeman,1
planes,1
variety,1
hialakahle,1
controlled,1
sequential,1
limestone,1
conterrestrial,1
test,1
round,1
said,1
painful,1
provision,1
wrong,1
long,1
every,1
advisable,1
production,1
inaccurate,1
mysterious,1
enables,1
assist,1
permanently,1
advanced,1
seems,1
nature,1
stolen,1
reach,1
principles,1
tradition,1
correspondingly,1
undertake,1
differences,1
origin,1
aluminium,1
follows,1
government,1
transporting,1
hundred,1
reveal,1
procedure,1
room,1
delaying,1
real,1
option,1
achieved,1
stand,1
precisely,1
fagade,1
principal,1
ruined,1
somewhat,1
within,1
campana,1
digital,1
depends,1
british,1
evaluation,1
occasional,1
lest,1
enlarger,1
task,1
money,1
mass,1
expenses,1
quickest,1
glasgo,1
exception,1
welcome,1
prior,1
marked,1
stereometric,1
ball,1
condition,1
exaggerate,1
west,1
variations,1
except,1
nara,1
realistic,1
apply,1
holder,1
transcr,1
univerusiy,1
hudson,1
regarding,1
publication,1
comments,1
surely,1
angles,1
yassi,1
dotted,1
difficulties,1
inner,1
rotating,1
due,1
against,1
integral,1
regarded,1
reproduced,1
moment,1
decided,1
price,1
typing,1
nt,1
priority,1
tape,1
inserted,1
distinct,1
developments,1
items,1
better,1
document,1
crosses,1
apollo,1
speed,1
simplest,1
serving,1
pho,1
young,1
wholly,1
bone,1
sensors,1
compare,1
find,1
catacombs,1
tripods,1
consequently,1
demonstration,1
ada,1
elast,1
semenov,1
monopods,1
bassae,1
walls,1
parks,1
smoothed,1
mouldings,1
awkward,1
cheapest,1
steps,1
operation,1
colour,1
flake,1
york,1
town,1
graphics,1
floor,1
hopes,1
costs,1
economy,1
exact,1
his,1
dilemma,1
purely,1
aimed,1
taxonomy,1
how,1
molars,1
unit,1
appreciation,1
represented,1
risk,1
certain,1
rods,1
rosvall,1
navigation,1
special,1
harbourworks,1
archaeometry,1
consuming,1
topocart,1
lth,1
discoveries,1
overlooked,1
anaglyphs,1
support,1
weighted,1
means,1
tooth,1
acquisition,1
nor,1
finer,1
facilitated,1
soon,1
ensure,1
marks,1
skeleton,1
possibly,1
les,1
lascaux,1
dated,1
clearly,1
intrinsically,1
byzantine,1
days,1
squares,1
gradually,1
mary,1
plaster,1
frequently,1
facsimile,1
suspend,1
presumed,1
age,1
show,1
operate,1
wire,1
store,1
additional,1
seabed,1
jawa,1
followed,1
ofi,1
ornament,1
altitude,1
solve,1
cut,1
disappeared,1
nb,1
greater,1
kamakura,1
advance,1
my,1
removals,1
fitted,1
acceptable,1
cumbersome,1
location,1
allow,1
appearance,1
public,1
inherent,1
serge,1
mapping,1
lindsey,1
coloured,1
magnifying,1
deal,1
presuhelterea,1
replica,1
stabilise,1
deciphering,1
im,1
mombasa,1
calculable,1
big,1
accurately,1
traced,1
cultural,1
simulate,1
cuts,1
block,1
afforded,1
appears,1
archaeologia,1
companies,1
otherwise,1
projector,1
procedures,1
absolute,1
exploration,1
acknowledgments,1
polarising,1
stations,1
scene,1
impression,1
overlapping,1
jim,1
well,1
orthographic,1
keeping,1
closed,1
decides,1
clarke,1
planning,1
abroad,1
steep,1
meridian,1
del,1
cord,1
reader,1
heavily,1
london,1
example,1
civil,1
proportions,1
boyne,1
geology,1
loss,1
whole,1
authenticity,1
overview,1
photographed,1
describe,1
size,1
epaves,1
broad,1
partly,1
actually,1
simulates,1
imetres,1
structures,1
dispense,1
device,1
transported,1
forces,1
blaker,1
hydraulic,1
photomosaic,1
clinging,1
matt,1
briefed,1
own,1
weeks,1
approach,1
westirng,1
annotated,1
delay,1
aided,1
lifted,1
change,1
whilst,1
solution,1
computer,1
eine,1
working,1
manoeuvred,1
laborious,1
simpler,1
involve,1
indicators,1
balloons,1
assemble,1
reaches,1
quite,1
arbitrary,1
insurance,1
turret,1
around,1
reconstructions,1
intervals,1
ignore,1
accomplished,1
highly,1
ship,1
routine,1
executed,1
usual,1
impossible,1
occasions,1
annual,1
richness,1
progress,1
jordan,1
st,1
tethered,1
inaccessible,1
projections,1
describes,1
world,1
appropriate,1
hooker,1
preliminary,1
dam,1
dorchester,1
input,1
optics,1
institut,1
threatened,1
archeologia,1
optically,1
tasks,1
he,1
san,1
stirling,1
ogleby,1
situation,1
anwendung,1
minor,1
materials,1
noble,1
arkiv,1
action,1
incorrect,1
separation,1
distorted,1
archaologischen,1
service,1
nearly,1
respectable,1
microns,1
uber,1
still,1
tor,1
make,1
relying,1
movement,1
obtainable,1
spot,1
gimbal,1
olympus,1
once,1
rubbing,1
eel,1
cheap,1
yet,1
lifting,1
sri,1
reference,1
bipods,1
examined,1
coverage,1
thought,1
nmetres,1
rivett,1
bull,1
latitude,1
refined,1
perceived,1
tackle,1
extravagant,1
light,1
culture,1
performed,1
mangn,1
largest,1
flints,1
visitors,1
department,1
increasingly,1
timbers,1
engravings,1
skeletons,1
geomorphology,1
worst,1
geometries,1
photogrammetria,1
kimata,1
sandbach,1
spend,1
ended,1
californian,1
harmonious,1
projects,1
sterud,1
shows,1
longer,1
deterioration,1
enlarging,1
abstract,1
lc,1
disturbed,1
geometrical,1
swung,1
inevitably,1
enable,1
larger,1
classical,1
downwards,1
legs,1
piercy,1
omitted,1
end,1
bundle,1
astride,1
golden,1
pennsylvania,1
pattern,1
deform,1
tacheometry,1
forms,1
patterns,1
took,1
bertil,1
adjacent,1
paris,1
present,1
centre,1
covered,1
road,1
purposes,1
receives,1
relevant,1
norwegian,1
see,1
scaffolding,1
deep,1
mechanically,1
gives,1
ladder,1
wood,1
convenient,1
degree,1
another,1
local,1
original,1
crown,1
extended,1
effectiveness,1
easier,1
thanks,1
completed,1
zerro,1
upon,1
locate,1
inscription,1
writings,1
anaglyph,1
deposits,1
delicate,1
passes,1
previously,1
medium,1
eyepiece,1
axegrooves,1
facades,1
inetres,1
convenience,1
factor,1
rescue,1
metre,1
sfetas,1
mcfadgen,1
office,1
persepolis,1
advantages,1
shelter,1
involves,1
fused,1
niantic,1
platform,1
bathhouse,1
open,1
clear,1
discovered,1
mteanr,1
historic,1
carbonnell,1
stereophotogrammetric,1
draughtsmen,1
obtaining,1
internazionale,1
co,1
individual,1
collaboration,1
like,1
flood,1
mexico,1
sketching,1
stages,1
course,1
ted,1
adequately,1
wrecks,1
lighting,1
proclaim,1
graphic,1
especially,1
comparing,1
parallel,1
soiing,1
feet,1
overcome,1
respectively,1
do,1
kakadu,1
capabilities,1
greece,1
differ,1
looked,1
slide,1
cape,1
geography,1
aswan,1
postholes,1
atlas,1
pottery,1
tinney,1
petroglyphs,1
copying,1
performing,1
separate,1
ranging,1
carried,1
consists,1
stage,1
twelve,1
alters,1
lo,1
aid,1
perspectives,1
movements,1
simulated,1
sometimes,1
elevate,1
chance,1
linda,1
foreign,1
fagades,1
vision,1
maps,1
suffice,1
fuse,1
directions,1
seen,1
team,1
obstacle,1
effectively,1
overlap,1
palimpsest,1
indicate,1
length,1
antiquity,1
construction,1
analysis,1
wildlife,1
table,1
centres,1
aboriginal,1
suspending,1
millimetre,1
resemble,1
investigate,1
stable,1
considered,1
isaac,1
acquired,1
regularly,1
small,1
fifteen,1
associated,1
conclusion,1
complexity,1
manual,1
extensive,1
wear,1
nubie,1
scarcely,1
detect,1
objects,1
digitally,1
separately,1
discrete,1
ausgrabungswesen,1
trenches,1
sciences,1
alternative,1
der,1
erected,1
spectacles,1
dismantled,1
attribute,1
accustomed,1
sampling,1
did,1
print,1
appendix,1
printed,1
half,1
omitting,1
then,1
job,1
crs,1
specify,1
enlarged,1
passage,1
destroyed,1
person,1
beginning,1
corroding,1
according,1
outlines,1
unlikely,1
purchase,1
ruins,1
deteriorate,1
casting,1
transmitted,1
month,1
combined,1
whether,1
rose,1
terms,1
references,1
statement,1
leaving,1
nautical,1
consisting,1
telescoping,1
while,1
thames,1
vehicle,1
surc,1
projection,1
moyen,1
almost,1
congresso,1
hundreds,1
nubian,1
travel,1
middle,1
outline,1
naked,1
paintings,1
presented,1
inaccuracies,1
gt,1
transport,1
multiple,1
pits,1
introduced,1
altogether,1
excursion,1
whittlesey,1
press,1
yearly,1
focal,1
manifold,1
lies,1
step,1
vertically,1
horizontally,1
maintained,1
isolated,1
au,1
firms,1
aspect,1
susceptible,1
soft,1
models,1
touch,1
unable,1
difference,1
generate,1
repositioning,1
donald,1
copies,1
willett,1
minimising,1
frame,1
charge,1
newsletter,1
dangerous,1
brain,1
antiques,1
rkp,1
green,1
barnes,1
disruption,1
effects,1
engraving,1
rench,1
limitations,1
rtjr,1
morning,1
flooding,1
needs,1
specific,1
merse,1
deciding,1
multiband,1
clarify,1
recherche,1
consisted,1
greenwich,1
chicago,1
reached,1
irrelevant,1
norman,1
early,1
pratt,1
maximum,1
valley,1
north,1
cross,1
profiles,1
virtue,1
formulae,1
quadropods,1
etres,1
