WORDCOUNTS,WEIGHT
the,406
of,291
and,243
in,146
a,120
to,101
is,85
from,75
for,70
on,60
mesolithic,53
j,45
at,41
islay,40
that,37
are,37
have,37
as,34
by,32
pollen,32
been,31
settlement,31
this,30
evidence,30
c,30
be,30
bp,27
scotland,27
it,26
m,26
archaeological,25
these,24
early,24
with,23
sites,23
there,22
an,22
k,21
pp,20
hebrides,20
islands,19
r,19
d,19
hebridean,19
deposits,18
colonization,17
i,17
edwards,17
loch,17
tanged,17
scottish,15
b,15
university,15
has,14
point,14
society,14
most,13
gleann,13
s,13
date,13
p,13
while,13
human,13
which,13
points,13
site,13
no,12
hazel,12
was,12
mithen,12
between,12
figure,11
southern,11
antiquaries,11
western,11
n,11
al,11
charcoal,11
excavations,11
mor,11
proceedings,11
bolsay,11
et,11
may,10
lussa,10
microliths,10
jura,10
flint,10
data,10
island,10
bonsall,10
such,10
g,10
palaeolithic,10
area,10
dates,10
likely,9
e,9
similar,9
postglacial,9
steven,9
found,9
vegetation,9
kevin,9
assemblages,9
earlier,9
zonule,9
substantial,9
environmental,8
birch,8
excavation,8
europe,8
other,8
could,8
new,8
very,8
occupation,8
british,8
material,8
artefacts,8
sea,8
its,8
inner,8
would,8
high,8
small,8
we,8
quaternary,8
will,7
farm,7
lateglacial,7
one,7
h,7
history,7
but,7
t,7
also,7
disturbance,7
palynological,7
plate,7
artefact,7
where,7
prior,7
level,7
during,7
blade,7
phase,7
radiocarbon,7
were,7
coulererach,7
archaeology,7
remains,7
around,7
northern,7
south,6
estimated,6
their,6
percentage,6
when,6
changes,6
two,6
only,6
morton,6
prehistoric,6
location,6
late,6
further,6
record,6
core,6
possible,6
west,6
woodland,6
isle,6
project,6
known,6
land,6
research,6
can,6
o,5
rhinns,5
interference,5
morrison,5
oronsay,5
they,5
not,5
orkney,5
any,5
impact,5
age,5
department,5
rise,5
fire,5
more,5
all,5
raw,5
current,5
report,5
end,5
find,5
within,5
case,5
fieldwork,5
vegetational,5
activity,5
work,5
ahrensburgian,5
beach,5
dating,5
described,5
relatively,5
curve,5
presence,5
probably,5
those,5
journal,5
north,5
recent,5
f,4
provide,4
if,4
later,4
landscape,4
outer,4
large,4
or,4
mainland,4
series,4
recovered,4
resource,4
undertaken,4
rather,4
press,4
taken,4
might,4
based,4
areas,4
rich,4
john,4
survey,4
patterns,4
v,4
bridgend,4
edinburgh,4
wood,4
w,4
transgression,4
microscopic,4
both,4
cambridge,4
discovery,4
through,4
three,4
tiree,4
broad,4
records,4
corylus,4
review,4
years,4
due,4
britain,4
millennium,4
although,4
presented,4
cultural,4
period,4
programme,4
dawson,4
myers,4
coast,4
much,4
creag,3
l,3
ploughed,3
support,3
harris,3
deposit,3
notably,3
birks,3
analysis,3
fieldwalking,3
od,3
modern,3
earliest,3
middens,3
rockside,3
staosnaig,3
then,3
associated,3
burning,3
lower,3
sequence,3
eighth,3
represent,3
mr,3
again,3
natural,3
greater,3
finlayson,3
expressed,3
erosion,3
typological,3
particularly,3
labi,3
number,3
expansion,3
man,3
base,3
last,3
present,3
thanked,3
reading,3
studies,3
appears,3
selected,3
projectile,3
levels,3
availability,3
assemblage,3
woodman,3
institute,3
well,3
nan,3
used,3
circumstantial,3
pebbles,3
values,3
apart,3
concentration,3
mm,3
reduction,3
comment,3
whole,3
holocene,3
describe,3
taxa,3
until,3
clear,3
isles,3
change,3
glacial,3
field,3
beinn,3
colonsay,3
grass,3
provides,3
extremely,3
event,3
uamh,3
convincing,3
ballevullin,3
lake,3
even,3
shetland,3
than,3
should,3
provided,3
final,2
difficult,2
portion,2
consists,2
therefore,2
suggestion,2
currently,2
reconstruction,2
common,2
exact,2
important,2
economic,2
across,2
types,2
located,2
remain,2
claimed,2
program,2
pieces,2
separated,2
resulted,2
college,2
coastal,2
monuments,2
deviation,2
reason,2
seen,2
collections,2
walker,2
above,2
stronsay,2
mrs,2
topography,2
terms,2
significant,2
represents,2
mercer,2
star,2
study,2
often,2
vicinity,2
microlith,2
fall,2
about,2
huntley,2
sheffield,2
space,2
abundant,2
scalene,2
shell,2
oa,2
museum,2
permission,2
glenbatrick,2
ratio,2
continuity,2
prehistory,2
seems,2
presents,2
environment,2
section,2
proposed,2
traces,2
tart,2
handaxe,2
interpretation,2
continuous,2
mentioned,2
contexts,2
profile,2
typologically,2
upper,2
simply,2
accumulation,2
volume,2
topographic,2
lewis,2
peat,2
flandrian,2
absolute,2
wider,2
retouched,2
neolithic,2
fell,2
drawing,2
ecological,2
similarly,2
dominated,2
backed,2
incomplete,2
had,2
paper,2
arrived,2
royal,2
different,2
shows,2
including,2
lack,2
identifying,2
international,2
unknown,2
carbonized,2
broken,2
devensian,2
blown,2
indicate,2
etal,2
typical,2
regard,2
discrete,2
deglaciation,2
events,2
considerable,2
pattern,2
feature,2
fragments,2
interim,2
type,2
funding,2
places,2
following,2
hengistbury,2
adjacent,2
access,2
buried,2
context,2
spatial,2
rising,2
grounds,2
perhaps,2
roberts,2
calib,2
arran,2
millfield,2
remained,2
almost,2
information,2
local,2
quantities,2
hunters,2
marked,2
atlantic,2
scatters,2
range,2
transport,2
little,2
x,2
resources,2
increase,2
landscapes,2
contain,2
transition,2
decrease,2
sand,2
place,2
rhum,2
constitute,2
contains,2
exist,2
williams,2
calibrated,2
artefactual,2
reflect,2
nodules,2
pine,2
shown,2
showing,2
component,2
quality,2
since,2
barton,2
finding,2
lithics,2
directed,2
clearance,2
made,2
unpublished,2
related,2
agreement,2
ireland,2
modelling,2
characteristic,2
basal,2
concentrations,2
reindeer,2
integrated,2
coring,2
below,2
oak,2
suggest,2
involving,2
given,2
antiquity,2
profitably,2
contrast,2
standard,2
forms,2
several,2
close,2
concerning,2
especially,2
potential,2
fig,2
highest,2
methods,2
km,2
text,2
up,2
surveys,2
world,2
hmso,2
principal,2
cba,2
relative,2
stone,2
value,2
anomaly,2
deer,2
ninth,2
promising,2
livens,2
crossroads,1
glen,1
survived,1
settlers,1
phases,1
clive,1
van,1
factors,1
regrowth,1
depicted,1
does,1
regional,1
indication,1
strands,1
poor,1
now,1
microwear,1
interrupted,1
excavate,1
cms,1
via,1
triangles,1
shoreline,1
he,1
poland,1
reconstructed,1
relationship,1
expansions,1
spread,1
mccullagh,1
role,1
impacts,1
arrangement,1
coastline,1
london,1
transactions,1
reduced,1
cover,1
back,1
breakage,1
glaciomarine,1
matter,1
richest,1
hopes,1
without,1
botanical,1
expected,1
fairly,1
his,1
science,1
concerned,1
catchment,1
purely,1
chance,1
principally,1
commentary,1
frorm,1
leading,1
euv,1
datable,1
highlands,1
occurring,1
indeed,1
arctic,1
concentrated,1
fields,1
created,1
abundance,1
reasonable,1
limited,1
decades,1
visibility,1
inside,1
low,1
vertical,1
fringe,1
model,1
referred,1
rapid,1
spall,1
northeast,1
red,1
mire,1
prevailing,1
lost,1
april,1
argue,1
represented,1
community,1
contributions,1
still,1
considerably,1
over,1
introduction,1
probable,1
grasses,1
nongeometric,1
make,1
bill,1
indicates,1
after,1
accumulations,1
per,1
lightning,1
start,1
importance,1
wind,1
movement,1
shells,1
crustal,1
residential,1
american,1
complex,1
plots,1
truncation,1
westerly,1
innovation,1
life,1
why,1
makes,1
extends,1
permissions,1
cave,1
lacking,1
use,1
influence,1
distant,1
wor,1
guide,1
reihe,1
ma,1
once,1
kolstrup,1
formed,1
organic,1
rate,1
future,1
cr,1
stratified,1
approaches,1
supporting,1
english,1
ar,1
yet,1
antiquarian,1
exists,1
promise,1
latitude,1
mean,1
face,1
zonules,1
union,1
easily,1
colonizing,1
problematic,1
development,1
thought,1
kinloch,1
mapsfor,1
climate,1
investigate,1
financial,1
rain,1
coincident,1
thick,1
forest,1
short,1
technology,1
decade,1
equally,1
possibly,1
jacobi,1
seem,1
position,1
clark,1
statistical,1
established,1
necessarily,1
offshore,1
marshall,1
grains,1
calibration,1
contained,1
occurred,1
fringes,1
lowland,1
tang,1
dated,1
total,1
tth,1
mcdonald,1
light,1
before,1
complete,1
heaths,1
growing,1
numbers,1
sharply,1
gelnbatrick,1
comes,1
cal,1
source,1
extrapolation,1
reviewed,1
too,1
muds,1
claims,1
deep,1
must,1
four,1
flints,1
show,1
fires,1
cutting,1
reports,1
fluctuations,1
leverhulme,1
minerogenic,1
band,1
being,1
exploited,1
first,1
soil,1
archaeologists,1
kms,1
precise,1
kaland,1
picture,1
thousand,1
submerged,1
bringing,1
double,1
us,1
physical,1
dwarf,1
sources,1
reimer,1
committee,1
trenches,1
constituting,1
revisited,1
sedges,1
isochrone,1
resolution,1
certainly,1
enigma,1
risby,1
centred,1
reconsideration,1
useful,1
lu,1
here,1
aspect,1
derives,1
heritage,1
uist,1
begg,1
phytologist,1
originally,1
believed,1
attempts,1
secondary,1
height,1
norway,1
providing,1
thank,1
ancient,1
attractive,1
locating,1
oblique,1
appear,1
der,1
identified,1
ein,1
suitable,1
usually,1
partly,1
into,1
rock,1
stretch,1
experienced,1
goal,1
england,1
whereas,1
behaviour,1
timescale,1
nature,1
yielding,1
assnanewton,1
people,1
chapman,1
zur,1
unlike,1
fact,1
towards,1
outside,1
game,1
confident,1
reach,1
craigfad,1
sampling,1
contextual,1
available,1
believe,1
higher,1
head,1
did,1
kenntnis,1
advantage,1
glasgow,1
basin,1
archaeologlical,1
promontary,1
search,1
southernmost,1
abstract,1
affleck,1
developed,1
domestic,1
attempting,1
attempt,1
desirable,1
suggesting,1
insular,1
effort,1
layer,1
out,1
slicing,1
larger,1
ranges,1
diverse,1
gob,1
surfaces,1
maps,1
subdued,1
allowing,1
distal,1
hunting,1
lawson,1
accession,1
rightly,1
noting,1
ago,1
identical,1
decline,1
poaceae,1
sum,1
pitchstone,1
diagram,1
discussed,1
u,1
though,1
just,1
reasons,1
infilled,1
beitrag,1
ages,1
elm,1
enough,1
fundamenta,1
marine,1
situ,1
hypotheses,1
robert,1
understood,1
centre,1
increases,1
cistearchan,1
communities,1
detection,1
covered,1
because,1
vermeersch,1
historical,1
declines,1
microlithic,1
rounded,1
continuing,1
stressing,1
aspects,1
tundra,1
circles,1
tools,1
them,1
rose,1
recently,1
lithic,1
impossible,1
less,1
heavily,1
intensity,1
system,1
monograph,1
cannot,1
strategies,1
pursue,1
auchareoch,1
particular,1
scale,1
maximum,1
character,1
eg,1
russell,1
house,1
pnominal,1
peninsulas,1
rst,1
maintain,1
avington,1
agricultural,1
suspect,1
nw,1
beaches,1
axis,1
pleistocene,1
required,1
error,1
optimized,1
applied,1
trial,1
problem,1
routledge,1
extent,1
wide,1
widespread,1
unwise,1
method,1
photo,1
shorelines,1
nordlichen,1
leuven,1
conceivably,1
bolau,1
complicated,1
acquire,1
possibility,1
northerly,1
vo,1
remarkably,1
posited,1
campbell,1
cleared,1
agriculture,1
strikes,1
dark,1
mull,1
northwestern,1
findspots,1
lealt,1
directly,1
account,1
having,1
demonstrated,1
engelstad,1
sons,1
pers,1
await,1
some,1
line,1
danish,1
palynologica,1
open,1
condition,1
migration,1
size,1
clarke,1
geared,1
collins,1
middle,1
overlying,1
reaching,1
incidence,1
inferred,1
minimizing,1
solid,1
strengths,1
suggests,1
speculation,1
deformation,1
rises,1
locate,1
prove,1
width,1
upon,1
traigh,1
preserved,1
alone,1
monitoring,1
cks,1
claim,1
conjectured,1
strengthened,1
unless,1
region,1
significantly,1
illustrated,1
dr,1
part,1
thickness,1
grassand,1
cautious,1
excursion,1
recovery,1
strongest,1
develop,1
geomorphological,1
taute,1
along,1
easy,1
variability,1
historic,1
lowe,1
expand,1
die,1
whatever,1
wildfowl,1
bennett,1
kiln,1
minimum,1
granting,1
heath,1
moss,1
extended,1
assynt,1
strengthens,1
screen,1
q,1
intermittent,1
collection,1
emphasize,1
substantially,1
discussion,1
factor,1
doubt,1
complicating,1
references,1
dorsal,1
using,1
narrow,1
estates,1
dense,1
representation,1
coming,1
berridge,1
frequencies,1
varied,1
kinds,1
thus,1
implications,1
continue,1
past,1
transported,1
trust,1
come,1
hestor,1
distributions,1
determinations,1
chipped,1
overlap,1
previous,1
assistance,1
states,1
comparable,1
ecs,1
french,1
clays,1
inventory,1
netherlands,1
biotic,1
subsequent,1
terminal,1
spectrum,1
imperfect,1
predictive,1
ihebrides,1
own,1
winds,1
discovered,1
margaret,1
similarity,1
initial,1
attributed,1
nam,1
awaited,1
hazelnut,1
sediment,1
september,1
assisted,1
morphological,1
atlas,1
palaeoenvironmental,1
amounts,1
profiles,1
interest,1
held,1
excavated,1
computer,1
removal,1
im,1
indicator,1
caused,1
smith,1
revised,1
spatially,1
hills,1
grateful,1
function,1
plant,1
meeting,1
features,1
cache,1
diversity,1
disruption,1
abrupt,1
crane,1
dry,1
seaboard,1
photograph,1
derive,1
forming,1
ecology,1
advances,1
sustain,1
improved,1
spiiten,1
preservation,1
believing,1
sorn,1
archie,1
bradshaw,1
clay,1
altsteinzeit,1
long,1
latter,1
classification,1
ranged,1
heat,1
graphically,1
evident,1
bay,1
perspective,1
ulva,1
academic,1
primarily,1
carr,1
vi,1
trends,1
facing,1
fond,1
trajectory,1
few,1
amount,1
scrub,1
plea,1
herbaceous,1
body,1
mathews,1
wet,1
taking,1
response,1
intentional,1
argyll,1
assumed,1
acknowledgements,1
exaggeration,1
agency,1
oxford,1
fossiliferous,1
peak,1
uncorrected,1
reference,1
denote,1
confidently,1
respectively,1
bone,1
maxima,1
bell,1
needle,1
eighthmillennium,1
single,1
rolled,1
precisely,1
ideal,1
leaf,1
reached,1
animal,1
involved,1
brown,1
fife,1
enjoyed,1
recognized,1
james,1
array,1
commission,1
stuiver,1
national,1
raised,1
deposition,1
identify,1
geological,1
movements,1
tend,1
valley,1
majority,1
consequently,1
avellana,1
express,1
hirons,1
focus,1
duration,1
cf,1
figures,1
european,1
alternative,1
technological,1
sedimentary,1
unequivocal,1
catta,1
colonizatior,1
ghost,1
exposed,1
stielpspitzengruppen,1
reproduce,1
incoming,1
acted,1
chert,1
nearest,1
rcahms,1
coryloid,1
yrbp,1
geographical,1
activities,1
climax,1
major,1
quarternary,1
poorly,1
content,1
