WORDCOUNTS,WEIGHT
the,618
of,378
and,185
in,176
a,130
to,99
tomb,71
no,60
is,52
with,52
was,51
from,50
at,49
tombs,49
that,42
as,42
han,39
on,36
i,33
had,31
bc,30
have,28
li,26
are,24
for,24
were,24
this,24
but,24
chinese,23
by,23
been,23
western,22
china,21
these,20
contained,20
his,19
two,19
culture,18
which,18
be,18
an,17
lady,17
large,16
dynasty,16
three,16
it,15
one,15
has,15
found,15
its,14
corpse,14
also,14
period,14
century,13
funerary,13
new,13
banner,13
her,13
some,12
after,12
family,12
several,12
she,12
early,12
d,12
north,12
into,11
their,11
most,11
burial,11
second,11
or,11
more,11
not,11
both,11
first,10
feudal,10
wu,10
different,10
coffin,9
figure,9
including,9
four,8
painted,8
work,8
liu,8
will,8
hunan,8
death,8
state,8
another,8
who,8
constructed,8
great,7
shih,7
human,7
clay,7
museum,7
m,7
coffins,7
provincial,7
emperor,7
tai,7
buck,7
silk,7
man,7
archaeological,7
david,7
probably,7
figures,7
chamber,7
believed,7
texts,7
along,6
all,6
other,6
tradition,6
wooden,6
kingdom,6
those,6
banners,6
bird,6
design,6
bottom,6
te,6
slave,6
third,6
died,6
than,6
lay,6
discoveries,6
warring,6
section,6
show,6
important,6
cultural,6
when,6
finds,6
society,6
various,6
included,6
same,6
time,6
years,6
original,6
top,6
so,6
marquis,6
imperial,6
son,6
shown,6
area,6
remains,6
h,5
bamboo,5
long,5
furnishings,5
inner,5
medical,5
influence,5
white,5
further,5
institute,5
part,5
realm,5
people,5
reflect,5
earth,5
archaeology,5
wife,5
prescribed,5
south,5
academia,5
about,5
yet,5
many,5
woman,5
number,5
platform,5
decorated,5
would,5
construction,5
over,5
historical,5
evidence,5
states,5
between,5
much,5
among,5
major,5
common,4
red,4
they,4
title,4
practices,4
musical,4
there,4
chancellor,4
last,4
side,4
central,4
thus,4
excavations,4
bulling,4
elements,4
back,4
left,4
how,4
process,4
sinica,4
similar,4
elaborate,4
n,4
upper,4
beyond,4
charcoal,4
scenes,4
placed,4
near,4
well,4
strips,4
hsiang,4
polychrome,4
during,4
autopsy,4
identified,4
represents,4
ancient,4
only,4
mound,4
members,4
layer,4
centre,4
empire,4
region,4
significance,4
held,4
him,4
high,4
graves,4
especially,4
lacquer,4
five,4
crypt,4
began,4
kings,4
known,4
did,4
art,4
city,4
pair,4
thousand,4
ching,4
recent,4
casket,4
carved,3
now,3
later,3
represent,3
mouth,3
group,3
ms,3
history,3
lower,3
t,3
military,3
nature,3
height,3
packed,3
sometime,3
written,3
right,3
possible,3
fine,3
royal,3
since,3
g,3
interest,3
characteristic,3
shaft,3
kind,3
inhabited,3
cases,3
young,3
instruments,3
sun,3
walls,3
york,3
whose,3
means,3
objects,3
proved,3
w,3
followed,3
opening,3
location,3
moon,3
out,3
compartments,3
reactionary,3
late,3
buried,3
shape,3
received,3
place,3
own,3
wei,3
least,3
below,3
around,3
small,3
pang,3
he,3
lacquerware,3
noble,3
unification,3
classic,3
outer,3
yii,3
ed,3
belonging,3
continued,3
power,3
towards,3
shows,3
grave,3
accepted,3
practice,3
style,3
classes,3
examples,3
made,3
sides,3
previously,3
dress,3
clear,3
general,3
lie,3
outside,3
interpretations,3
northern,3
attention,3
ranging,3
bound,3
hill,3
inside,3
order,3
male,3
primarily,3
seen,3
indicate,3
associated,3
marquisate,3
literary,3
east,3
clearly,3
pit,3
hemp,3
regulations,3
through,3
lies,3
until,3
models,3
copies,3
although,3
valley,3
strong,3
household,3
final,2
does,2
oriented,2
indicated,2
groups,2
praised,2
extend,2
complex,2
chi,2
kinds,2
ways,2
completely,2
spirit,2
yangtze,2
excavation,2
hsi,2
before,2
permitted,2
being,2
said,2
member,2
stressed,2
creation,2
interests,2
taken,2
emerged,2
reveal,2
raised,2
political,2
within,2
contents,2
hsin,2
plain,2
eastern,2
adopts,2
such,2
opened,2
condition,2
west,2
occurring,2
variations,2
himself,2
plaques,2
explained,2
herbs,2
jade,2
draped,2
items,2
old,2
inclusion,2
traditions,2
civilization,2
steps,2
rather,2
lao,2
connected,2
certain,2
parts,2
illustrations,2
burials,2
metres,2
precious,2
actions,2
soul,2
funeral,2
skeleton,2
river,2
yellow,2
edition,2
elevated,2
numbers,2
additional,2
powerful,2
comparisons,2
sheng,2
conquest,2
based,2
heavenly,2
basin,2
effort,2
deal,2
events,2
vigorous,2
philosophical,2
fourth,2
produced,2
throne,2
because,2
sites,2
yoshiko,2
line,2
revealed,2
nine,2
shaman,2
descendant,2
brought,2
purpose,2
example,2
fit,2
records,2
passageway,2
personal,2
believes,2
robbers,2
depicting,2
excavated,2
outmoded,2
working,2
guardians,2
hupei,2
quite,2
few,2
highly,2
colours,2
seeds,2
fully,2
mythological,2
former,2
niu,2
weigh,2
deer,2
confucius,2
ceremonial,2
matter,2
short,2
located,2
overall,2
dragons,2
criticized,2
still,2
above,2
gutkind,2
hold,2
pacific,2
under,2
largest,2
tenacity,2
noted,2
regional,2
picture,2
enfeoffed,2
decoration,2
slavery,2
addition,2
fief,2
head,2
scholars,2
copied,2
abstract,2
kgm,2
classical,2
considerable,2
men,2
do,2
necessary,2
origin,2
remained,2
local,2
divided,2
rulers,2
discovery,2
width,2
upon,2
accompanying,2
hundred,2
increase,2
ruling,2
birds,2
confucian,2
entirely,2
use,2
food,2
reconstructs,2
metre,2
ideas,2
eight,2
dating,2
like,2
innermost,2
appointment,2
filled,2
earlier,2
preservation,2
latter,2
nei,2
can,2
artisans,2
peking,2
concluded,2
attended,2
visit,2
fifty,2
today,2
belonged,2
foreign,2
shrouds,2
favour,2
detailed,2
team,2
articles,2
curving,2
itself,2
hsing,2
earliest,2
heavy,2
control,2
each,2
illuminate,2
descriptions,2
ancestor,2
capital,2
half,2
current,2
hospital,2
obviously,2
far,2
distinctive,2
past,2
bands,2
destroyed,2
turned,2
animal,2
according,2
heads,2
seals,2
form,2
character,2
hoped,2
inscriptions,2
kanbo,2
saddle,2
kobijitsu,2
cloth,2
huge,2
descendants,2
contain,2
size,2
prior,2
preserved,2
careful,2
little,2
became,2
role,2
step,2
caskets,2
clothing,2
prepared,2
come,2
underworld,2
background,2
position,2
aristocratic,2
redrawn,2
register,2
contributed,2
specialists,2
territories,2
valuable,2
th,2
souls,2
overlaid,1
desirable,1
infartion,1
mostly,1
o,1
done,1
struggle,1
way,1
igrinieth,1
declared,1
destroying,1
if,1
concerned,1
musk,1
dangers,1
robberies,1
resulted,1
e,1
whipworms,1
host,1
extends,1
ato,1
string,1
manuscript,1
expect,1
identifies,1
rolled,1
told,1
tigers,1
boating,1
conducted,1
deepest,1
achievements,1
fate,1
essays,1
mankind,1
stone,1
songs,1
likely,1
handles,1
true,1
remnants,1
myocardial,1
drawings,1
wolf,1
acceptance,1
policy,1
intestinal,1
organic,1
harsh,1
pastimes,1
finely,1
unite,1
something,1
source,1
chief,1
diversity,1
volumes,1
tei,1
my,1
tombfurnishings,1
came,1
fabric,1
archaeologists,1
mortise,1
creel,1
problems,1
sources,1
hence,1
whom,1
disagreement,1
distinguishing,1
hc,1
coiffure,1
originally,1
give,1
attempts,1
restoration,1
might,1
script,1
beautiful,1
analogies,1
advanced,1
official,1
seems,1
departure,1
editions,1
mercury,1
aktlefu,1
containing,1
oblong,1
cntuto,1
shaped,1
s,1
available,1
copy,1
twenty,1
secondary,1
together,1
whiteclay,1
undertake,1
hmbr,1
display,1
compounds,1
obsati,1
cosrcedo,1
borne,1
jewellery,1
able,1
pigmentation,1
lgtylre,1
court,1
tenon,1
religion,1
take,1
help,1
damage,1
mystical,1
rudimentary,1
hao,1
date,1
stand,1
principal,1
alike,1
item,1
soya,1
designs,1
legend,1
system,1
kingdoms,1
coronary,1
case,1
forearm,1
dancing,1
corresponded,1
existence,1
moisture,1
recorded,1
historians,1
king,1
fiefs,1
incorporate,1
stepped,1
account,1
replacement,1
welcome,1
miniature,1
marked,1
embroidery,1
illustrate,1
cap,1
burning,1
advantageous,1
run,1
measuring,1
taking,1
marvellously,1
combination,1
tastes,1
except,1
struce,1
x,1
conception,1
ipacked,1
dynamic,1
dissipated,1
representing,1
presentday,1
beneath,1
plenty,1
inventory,1
controlled,1
exist,1
mistake,1
retaining,1
chapters,1
includes,1
throughout,1
totalitarian,1
proceeded,1
eventual,1
stomach,1
representations,1
accommodation,1
mm,1
thinner,1
eating,1
bent,1
initial,1
against,1
eo,1
adornment,1
expeditions,1
ag,1
brother,1
gall,1
restore,1
philosphical,1
interprets,1
feathers,1
rank,1
distinct,1
demons,1
times,1
amount,1
highest,1
satin,1
extraordinary,1
claw,1
amalgam,1
arranged,1
bag,1
truly,1
find,1
swords,1
consequently,1
seal,1
remarkably,1
deceased,1
preserving,1
reunited,1
details,1
apparently,1
guard,1
melon,1
acted,1
fierce,1
lastly,1
capitals,1
humps,1
may,1
failed,1
live,1
loyal,1
site,1
coil,1
adequate,1
divested,1
identification,1
links,1
l,1
destroy,1
main,1
across,1
developed,1
district,1
remain,1
interpretation,1
levels,1
kept,1
marquises,1
arm,1
granted,1
lasted,1
stops,1
importance,1
b,1
unity,1
fat,1
special,1
hillock,1
matched,1
tui,1
animals,1
space,1
absorbed,1
references,1
syntheisis,1
understand,1
suppression,1
provinces,1
interspersed,1
marks,1
calcified,1
females,1
university,1
possibly,1
hewn,1
established,1
retained,1
attired,1
grains,1
branch,1
linked,1
elsewhere,1
traces,1
house,1
characterizations,1
shore,1
differs,1
frequently,1
chmbrlis,1
processions,1
exploited,1
origins,1
connecting,1
overseer,1
generally,1
stpsatteopoftis,1
primordial,1
aristocrats,1
attendants,1
weighed,1
tu,1
opinion,1
myths,1
moving,1
standards,1
result,1
salvage,1
fitted,1
otie,1
lead,1
suburbs,1
walk,1
declined,1
could,1
rule,1
difficulty,1
hands,1
healthy,1
called,1
access,1
p,1
sono,1
lived,1
relate,1
requirements,1
depictions,1
roundly,1
accommodations,1
workable,1
illness,1
flying,1
poetry,1
attained,1
suits,1
term,1
sligltly,1
cups,1
pingfa,1
heaven,1
embellished,1
bore,1
province,1
appears,1
sticks,1
pounded,1
devoid,1
lung,1
suffered,1
applied,1
otherwise,1
hare,1
wealth,1
metals,1
explain,1
required,1
wide,1
public,1
gods,1
scene,1
governing,1
information,1
receive,1
transcription,1
aspects,1
garments,1
gained,1
conservatives,1
none,1
having,1
artefacts,1
basis,1
stooped,1
distinguish,1
r,1
acidic,1
chang,1
hou,1
repetition,1
lords,1
attacked,1
hae,1
knowledge,1
overlay,1
gender,1
looked,1
ten,1
mancheng,1
used,1
continuation,1
describe,1
couched,1
refined,1
expansive,1
literally,1
contains,1
condemned,1
actually,1
surpass,1
rituals,1
et,1
ichigo,1
showing,1
unseen,1
interpreted,1
status,1
departed,1
markedly,1
attributed,1
either,1
thrived,1
foci,1
oriental,1
varieties,1
wholesale,1
creating,1
closing,1
correct,1
caused,1
field,1
compartment,1
distances,1
buildings,1
cryptspace,1
volume,1
box,1
ruler,1
synthesized,1
ots,1
reaches,1
settlement,1
involved,1
specifically,1
crescent,1
characteristics,1
cypress,1
shapes,1
niches,1
goddess,1
contenders,1
impossible,1
yielded,1
occasions,1
richness,1
proper,1
using,1
production,1
appropriate,1
newly,1
swings,1
rest,1
nthr,1
digging,1
beguiled,1
periods,1
flourished,1
liberation,1
critical,1
therefore,1
volutes,1
led,1
san,1
republic,1
situation,1
io,1
arteriosclerotic,1
curves,1
hump,1
statecraft,1
economic,1
incorrect,1
plnk,1
entryway,1
positions,1
hchrerat,1
favours,1
play,1
cloud,1
dressed,1
return,1
wait,1
fruit,1
slanted,1
nearly,1
planks,1
dniida,1
prove,1
narrowing,1
believing,1
formative,1
insignia,1
illustrating,1
make,1
expanded,1
ngyoeit,1
folded,1
standing,1
rebellions,1
southern,1
procession,1
religious,1
spectacular,1
vicinity,1
powerbase,1
guide,1
depicted,1
oxford,1
snugly,1
vegetables,1
reference,1
added,1
requiring,1
artery,1
sex,1
wearing,1
threecharacter,1
fifth,1
upwards,1
us,1
compiled,1
dictates,1
haetisine,1
home,1
assistance,1
complete,1
watson,1
esuenal,1
al,1
wisconsin,1
zither,1
unusually,1
decomposition,1
published,1
administrators,1
party,1
provide,1
name,1
idle,1
heritage,1
reasserting,1
drink,1
tassels,1
motifs,1
residence,1
sky,1
efforts,1
skills,1
longer,1
leading,1
preserve,1
marvellous,1
plan,1
wine,1
musicians,1
plaited,1
children,1
larger,1
legs,1
end,1
figurines,1
granting,1
contemporary,1
variation,1
fashion,1
discussed,1
outermost,1
forms,1
enough,1
fits,1
adjacent,1
present,1
remarkable,1
covered,1
flooded,1
thirties,1
existing,1
establish,1
see,1
tell,1
duties,1
laden,1
rich,1
intestines,1
books,1
reasoning,1
distance,1
gives,1
free,1
revisions,1
identifiable,1
thoroughly,1
elevation,1
chickens,1
wrapped,1
remove,1
baskets,1
understanding,1
greatest,1
glue,1
extended,1
encounter,1
crudely,1
birth,1
contending,1
dwa,1
bear,1
locate,1
inscription,1
snakes,1
lake,1
enclose,1
clerical,1
identity,1
significant,1
station,1
assume,1
engaging,1
actual,1
engaged,1
individuals,1
fulfil,1
fruits,1
full,1
ceremonies,1
overturned,1
nevertheless,1
stratification,1
underwent,1
described,1
nlntn,1
finally,1
versions,1
meanings,1
discovered,1
reality,1
costumes,1
points,1
feature,1
faces,1
pin,1
individual,1
change,1
craftmanship,1
revised,1
lumbar,1
gates,1
arteries,1
shortly,1
probable,1
households,1
greens,1
black,1
iio,1
commentaries,1
never,1
inscribed,1
iemte,1
faith,1
internal,1
disclosed,1
qualities,1
study,1
eyes,1
craft,1
become,1
narrow,1
greatly,1
exactly,1
displayed,1
seattle,1
enjoyed,1
structure,1
corners,1
midsecond,1
slightly,1
horse,1
revolted,1
tsuite,1
pipe,1
attracted,1
staff,1
we,1
haven,1
tendency,1
ago,1
creativity,1
encompassing,1
opulence,1
improperly,1
performing,1
necks,1
increasing,1
sacrificial,1
yung,1
carried,1
rope,1
twelve,1
verses,1
me,1
decomposed,1
richest,1
independent,1
nieti,1
inhabitants,1
legalism,1
hayashi,1
meats,1
defenders,1
ideology,1
pieces,1
cn,1
revisionism,1
revering,1
dimensions,1
modified,1
effectively,1
otmo,1
hsia,1
covering,1
length,1
bows,1
life,1
strive,1
analysis,1
blood,1
existed,1
fall,1
philosophies,1
amalgamation,1
anohr,1
stratified,1
composed,1
extremely,1
types,1
elder,1
face,1
kilometres,1
mounds,1
beasts,1
resemble,1
beans,1
thick,1
matters,1
sections,1
seriously,1
stratigraphic,1
then,1
blocked,1
historian,1
broke,1
comes,1
cloths,1
sloping,1
accordance,1
complexity,1
minao,1
despoiled,1
subcutaneous,1
milwaukee,1
extensive,1
hoeoerl,1
beside,1
ctetm,1
confucianism,1
satisfactory,1
creations,1
set,1
repreats,1
quickly,1
ni,1
social,1
enters,1
natural,1
rear,1
tuberculosis,1
garrisons,1
nobility,1
inclined,1
interested,1
board,1
gone,1
best,1
unknown,1
leaders,1
jui,1
domestic,1
report,1
followers,1
post,1
exploiting,1
reddishbrown,1
ordered,1
platters,1
applauded,1
passage,1
type,1
game,1
liquid,1
what,1
economy,1
investigation,1
reign,1
matui,1
depicts,1
them,1
terms,1
accounts,1
thirty,1
maintain,1
covers,1
map,1
axis,1
monster,1
ceased,1
gambling,1
leaving,1
extent,1
while,1
antlers,1
create,1
brilliant,1
sdtruhu,1
tse,1
textual,1
treatises,1
almost,1
oxygen,1
emphasis,1
discussion,1
stitch,1
grand,1
vessels,1
magnificent,1
bodies,1
neck,1
paintings,1
antlered,1
pits,1
introduced,1
ofcpesadhsbe,1
easy,1
ken,1
stairs,1
appointing,1
intended,1
transition,1
progressing,1
returning,1
went,1
territory,1
adapted,1
measure,1
generals,1
phenomenon,1
coins,1
world,1
maintained,1
ho,1
coming,1
crp,1
confucians,1
varied,1
our,1
examinations,1
hua,1
question,1
layers,1
entity,1
robed,1
reveals,1
deformed,1
arrows,1
twentieth,1
national,1
mode,1
newsletter,1
wears,1
ichigb,1
offer,1
approximately,1
include,1
land,1
proceeding,1
intertwining,1
physical,1
smaller,1
conquered,1
clues,1
playing,1
limitations,1
philosophy,1
measured,1
enclosure,1
increased,1
roles,1
supported,1
removed,1
passages,1
posture,1
chambers,1
km,1
c,1
elites,1
hills,1
succeeded,1
chicago,1
wen,1
reached,1
era,1
devouring,1
dark,1
given,1
abandoned,1
immediately,1
ends,1
cross,1
should,1
meeting,1
tract,1
showed,1
close,1
customs,1
ue,1
thorough,1
