WORDCOUNTS,WEIGHT
the,898
of,606
in,335
and,320
to,267
a,234
that,187
is,166
it,120
was,99
which,98
be,98
were,92
for,91
as,91
with,89
by,80
this,72
not,66
or,64
they,61
their,61
archaeology,58
there,52
from,48
at,47
but,47
an,47
are,42
de,40
been,39
what,39
on,38
had,36
its,34
such,30
have,30
has,29
indian,29
who,29
must,29
these,28
into,27
other,27
where,27
those,26
mexico,26
he,25
time,25
some,24
more,23
archaeological,23
all,22
them,22
since,21
we,21
our,21
national,21
part,20
south,20
also,20
so,20
being,19
america,19
out,19
countries,19
very,19
past,18
his,18
under,18
only,18
social,18
rio,18
should,18
history,17
work,17
spanish,17
certain,16
up,16
same,16
jose,16
historical,16
way,15
one,15
even,15
no,15
own,15
grande,15
if,14
case,14
may,14
school,14
df,14
without,13
l,13
study,13
could,13
various,13
us,13
la,13
through,13
archaeologists,12
great,12
than,12
few,12
many,12
made,12
anthropology,12
between,12
found,11
because,11
place,11
new,11
another,11
like,11
considered,11
did,11
while,11
although,11
something,10
first,10
interest,10
left,10
process,10
most,10
number,10
lorenzo,10
spain,10
foreign,10
any,10
institute,10
indians,10
remains,10
much,10
true,9
done,9
might,9
point,9
century,9
important,9
cultural,9
well,9
antonio,9
do,9
would,9
can,9
life,9
when,9
years,9
among,9
north,9
y,8
archaeologist,8
brought,8
people,8
good,8
impossible,8
already,8
criollos,8
less,8
understanding,8
upon,8
mestizos,8
united,8
despite,8
order,7
groups,7
group,7
mexican,7
taken,7
take,7
development,7
possible,7
against,7
cannot,7
del,7
field,7
scientific,7
two,7
present,7
others,7
fact,7
took,7
hand,7
practice,7
crown,7
period,7
obtained,7
today,7
places,7
still,7
given,7
large,6
american,6
production,6
political,6
within,6
el,6
human,6
developed,6
after,6
importance,6
changes,6
w,6
orientation,6
called,6
further,6
nothing,6
colonies,6
mexicans,6
during,6
progress,6
activities,6
about,6
began,6
theoretical,6
belonged,6
means,6
archaeologies,6
university,6
different,6
spaniards,6
works,6
whether,6
became,6
colonial,6
territories,6
reached,6
go,5
together,5
state,5
behind,5
context,5
natives,5
kind,5
recognized,5
reason,5
civilizations,5
conquest,5
based,5
term,5
applied,5
representatives,5
received,5
purpose,5
training,5
knowledge,5
least,5
los,5
conquistadores,5
always,5
gordon,5
led,5
san,5
situation,5
economic,5
limited,5
make,5
added,5
towards,5
projects,5
necessary,5
perhaps,5
obtaining,5
held,5
high,5
charles,5
attention,5
european,5
science,5
arqueologia,5
independence,5
incorporated,5
sciences,5
natural,5
over,5
books,5
theory,5
question,5
materials,5
land,5
entire,5
difficult,4
liberals,4
now,4
portuguese,4
appear,4
use,4
studies,4
either,4
interests,4
government,4
real,4
i,4
task,4
inca,4
resources,4
destroyed,4
evident,4
academic,4
highest,4
practically,4
leave,4
monuments,4
consider,4
just,4
followed,4
came,4
societies,4
negation,4
hispanic,4
sites,4
procedures,4
public,4
basis,4
carry,4
example,4
positions,4
call,4
approach,4
things,4
quite,4
republics,4
presence,4
thereby,4
research,4
universities,4
results,4
avoid,4
society,4
will,4
matter,4
museum,4
efforts,4
heritage,4
lack,4
idea,4
end,4
everything,4
en,4
deep,4
project,4
remained,4
looking,4
ideas,4
open,4
significance,4
authors,4
publication,4
course,4
practiced,4
joined,4
problems,4
carried,4
respect,4
sometimes,4
pieces,4
colonizers,4
analysis,4
itself,4
then,4
material,4
founded,4
each,4
ruins,4
terms,4
making,4
accounts,4
both,4
little,4
territory,4
world,4
cuadernos,4
until,4
states,4
early,4
major,4
concerned,3
e,3
expression,3
h,3
position,3
inventory,3
before,3
cultura,3
every,3
nature,3
confusion,3
differences,3
mexicana,3
resorting,3
somewhat,3
system,3
portugal,3
anthropologists,3
sought,3
apart,3
taking,3
except,3
far,3
corresponding,3
labor,3
central,3
incas,3
visited,3
characteristic,3
walter,3
positivism,3
subjects,3
body,3
find,3
stratum,3
influence,3
main,3
understand,3
nor,3
familiar,3
organized,3
gradually,3
splendor,3
beyond,3
m,3
excavation,3
view,3
methodology,3
expressed,3
arrived,3
arrival,3
hands,3
changed,3
zone,3
philosophical,3
understood,3
universidad,3
technical,3
outstanding,3
having,3
pedro,3
probably,3
nation,3
childe,3
used,3
broad,3
actually,3
justification,3
holy,3
regions,3
published,3
sense,3
working,3
revolution,3
stage,3
gamio,3
involved,3
highly,3
proper,3
value,3
provided,3
rest,3
religious,3
biological,3
makes,3
j,3
dialectical,3
ed,3
rise,3
french,3
broadened,3
luis,3
instituto,3
appeared,3
documents,3
instability,3
understandable,3
personal,3
plan,3
serious,3
patterns,3
antropologia,3
v,3
establish,3
see,3
day,3
eighteenth,3
values,3
region,3
enormous,3
discovered,3
three,3
times,3
him,3
earlier,3
latter,3
exchange,3
men,3
systems,3
dealing,3
continued,3
juan,3
why,3
responsible,3
jesuits,3
face,3
nacional,3
environment,3
seriously,3
curious,3
series,3
peoples,3
known,3
besides,3
know,3
anthropological,3
country,3
nobility,3
setting,3
believe,3
capital,3
best,3
down,3
iii,3
particularly,3
type,3
better,3
turned,3
ones,3
mere,3
huge,3
esthetic,3
level,3
occasionally,3
preferable,3
duty,3
obtain,3
lands,3
aware,3
mode,3
include,3
product,3
area,3
comparison,3
respective,3
materialism,3
ser,3
themselves,3
inasmuch,3
does,2
struggle,2
oriented,2
common,2
later,2
cent,2
commitment,2
ready,2
represent,2
nicaragua,2
administered,2
extreme,2
arrive,2
per,2
church,2
needed,2
ample,2
properly,2
schools,2
english,2
pressing,2
mentality,2
former,2
western,2
connotations,2
women,2
experience,2
lower,2
anything,2
winning,2
give,2
military,2
feeling,2
advanced,2
official,2
seems,2
words,2
cortes,2
possibilities,2
principles,2
tradition,2
secondary,2
advantage,2
simple,2
farmers,2
follows,2
able,2
personages,2
last,2
mind,2
staff,2
discipline,2
polytechnical,2
existence,2
recorded,2
king,2
capacity,2
primary,2
expenses,2
draw,2
right,2
installed,2
opened,2
cooperation,2
sixteenth,2
international,2
julian,2
obvious,2
information,2
variations,2
say,2
establishment,2
laws,2
consolidating,2
along,2
dirty,2
minimum,2
exist,2
tribute,2
includes,2
throughout,2
due,2
resembling,2
relations,2
excavations,2
application,2
cadiz,2
treasure,2
funds,2
pertained,2
thing,2
popularization,2
cases,2
amount,2
back,2
kinds,2
holds,2
young,2
cieza,2
enlightened,2
publications,2
traditions,2
general,2
kept,2
higher,2
rights,2
site,2
excavate,2
r,2
americans,2
whose,2
rather,2
absent,2
basic,2
represented,2
opportunity,2
rescue,2
legal,2
similar,2
danger,2
scattered,2
factors,2
absorbed,2
gathering,2
category,2
genocide,2
varying,2
established,2
peasants,2
latin,2
indigenismo,2
converting,2
show,2
origins,2
map,2
consequence,2
expulsion,2
nonproductive,2
disappeared,2
irrigation,2
royal,2
opening,2
result,2
formulations,2
histories,2
method,2
here,2
attack,2
effort,2
lived,2
deal,2
intellectuals,2
shared,2
ortega,2
almost,2
attained,2
installation,2
though,2
produced,2
teotihuacdn,2
excellent,2
troops,2
flaws,2
enough,2
scene,2
influenced,2
aspects,2
conservatives,2
future,2
line,2
data,2
teotihuacan,2
unless,2
prompted,2
strategy,2
museo,2
casa,2
tombs,2
gave,2
contains,2
aztec,2
irving,2
occupied,2
systematic,2
fieldwork,2
monopoly,2
president,2
status,2
monroe,2
manifestation,2
t,2
presented,2
hard,2
buildings,2
lazaro,2
family,2
several,2
characteristics,2
inescapable,2
members,2
starting,2
executed,2
protect,2
coast,2
philip,2
generally,2
descendants,2
majority,2
cardenas,2
using,2
manuel,2
nations,2
subsequently,2
survived,2
second,2
reduced,2
noble,2
overall,2
brief,2
ignacio,2
expanded,2
direction,2
single,2
yet,2
read,2
thought,2
strange,2
soon,2
god,2
historia,2
neither,2
ancient,2
home,2
orders,2
amazon,2
keeping,2
noted,2
speaking,2
picture,2
useful,2
name,2
law,2
power,2
mark,2
rock,2
water,2
analytical,2
lacked,2
valid,2
scholars,2
areas,2
lacks,2
diverse,2
man,2
carlos,2
reasons,2
honor,2
never,2
napoleon,2
viceroy,2
ground,2
colonizer,2
available,2
colony,2
native,2
ignoring,2
gives,2
going,2
maya,2
degree,2
remove,2
local,2
cholula,2
private,2
divided,2
survive,2
examples,2
background,2
active,2
writings,2
including,2
arose,2
ruling,2
findings,2
empirical,2
significant,2
factor,2
conditions,2
processes,2
actual,2
engaged,2
individuals,2
falsification,2
office,2
clear,2
reality,2
features,2
distinction,2
epoch,2
improved,2
article,2
textbooks,2
become,2
lacking,2
exported,2
mainly,2
abounds,2
structure,2
department,2
looked,2
northern,2
figures,2
destruction,2
relative,2
professional,2
division,2
attended,2
simpler,2
christian,2
devote,2
flower,2
note,2
george,2
practical,2
confused,2
seen,2
contrary,2
seventeenth,2
force,2
lives,2
thirteen,2
recognize,2
often,2
existed,2
antiquities,2
anahuac,2
types,2
fields,2
exists,2
articles,2
ordered,2
growing,2
prehistory,2
accordance,2
sacsayhuaman,2
needs,2
reinforced,2
oficial,2
drew,2
set,2
uruguay,2
quickly,2
intellectual,2
colonization,2
historicism,2
paper,2
commission,2
jorge,2
las,2
c,2
utilized,2
living,2
camp,2
unique,2
passed,2
ethnography,2
incompetence,2
fully,2
foundations,2
produce,2
contain,2
art,2
intention,2
logical,2
courses,2
easy,2
giving,2
techniques,2
went,2
vast,2
families,2
phenomenon,2
isolated,2
think,2
come,2
obliged,2
unable,2
negro,2
ignored,2
autochthonous,2
argentina,2
usa,2
need,2
physical,2
fondo,2
effects,2
forming,2
off,2
philosophy,2
francisco,2
speak,2
campaign,2
supported,2
removed,2
assumed,2
element,2
taylor,2
zones,2
ethnology,2
broader,2
meeting,2
built,2
close,2
historicos,2
gold,2
thorough,2
scandinavian,1
tourists,1
customers,1
possessed,1
currently,1
dominating,1
personally,1
fathers,1
notas,1
sterile,1
valle,1
fertile,1
estate,1
religions,1
meaning,1
milieu,1
generous,1
f,1
faced,1
created,1
imminence,1
europeans,1
truth,1
affected,1
expedition,1
tenets,1
ferdinand,1
revolutionary,1
offset,1
proboscidians,1
motherlands,1
alone,1
combine,1
jungle,1
originating,1
ends,1
berlin,1
coups,1
germany,1
passing,1
likewise,1
becoming,1
obsolete,1
complex,1
miners,1
judged,1
denied,1
determinant,1
tenochcan,1
instructions,1
risking,1
effective,1
stone,1
ruiz,1
join,1
formed,1
likely,1
live,1
acosta,1
ways,1
solidarity,1
expeditionaries,1
cuzco,1
di,1
completely,1
sensed,1
drawings,1
chichen,1
modern,1
fault,1
incidentally,1
giants,1
duccio,1
vere,1
reasonably,1
motive,1
acceptance,1
vitally,1
justified,1
cycles,1
mariategui,1
equated,1
necessarily,1
trabajo,1
originality,1
title,1
laid,1
occurred,1
variants,1
motherland,1
total,1
freeman,1
indias,1
dig,1
realidad,1
exceptions,1
somewhere,1
expropriated,1
nineteenth,1
postulates,1
induced,1
tlaxcaltecan,1
eye,1
fuegians,1
du,1
rome,1
limestone,1
localize,1
arms,1
said,1
confederation,1
gap,1
permit,1
sources,1
hence,1
titles,1
specifically,1
embraced,1
parliamentary,1
chasm,1
supposedly,1
swelling,1
indigena,1
disagreement,1
sewerage,1
nonexistent,1
chronicles,1
embassies,1
tiempo,1
coexist,1
ii,1
wizard,1
poinsett,1
restoration,1
indicated,1
culturally,1
diego,1
kilometers,1
ideographic,1
investments,1
refusal,1
terrain,1
anywhere,1
worked,1
absurd,1
amatory,1
kent,1
shipwrecks,1
england,1
hazy,1
parties,1
damaged,1
handling,1
company,1
reach,1
s,1
scientifique,1
keener,1
attractive,1
knowing,1
capitalist,1
scientists,1
continue,1
twenty,1
artificiality,1
credits,1
scientifically,1
accompanied,1
vacuity,1
desire,1
undertake,1
display,1
spokesman,1
list,1
origin,1
rich,1
producing,1
assembled,1
arises,1
borne,1
transferred,1
despotism,1
atlantic,1
exalted,1
launched,1
ceremonies,1
hunting,1
connection,1
carnegie,1
products,1
debt,1
listing,1
subsequent,1
das,1
idigenista,1
integrate,1
middenfort,1
faithful,1
date,1
implication,1
trouble,1
precisely,1
cling,1
sacking,1
reserved,1
california,1
ours,1
peso,1
forerunner,1
romanticism,1
attempted,1
traces,1
antedated,1
contents,1
posts,1
depends,1
british,1
ernest,1
evaluation,1
est,1
empty,1
preventing,1
fused,1
eminent,1
coining,1
indebtedness,1
promulgated,1
peruana,1
key,1
chieftainship,1
formulation,1
mass,1
firm,1
agriculture,1
nationalities,1
colombia,1
backing,1
fetishism,1
italian,1
felt,1
prior,1
implies,1
norteamericanos,1
marked,1
activity,1
prehispanic,1
reaching,1
torre,1
establishing,1
adopting,1
foreigners,1
solely,1
deformation,1
bibliography,1
splendid,1
richard,1
vital,1
amazement,1
desired,1
paving,1
owners,1
realistic,1
desirable,1
apply,1
reconstruction,1
imprimir,1
academically,1
conquistador,1
undoubtedly,1
enter,1
himself,1
intercaetera,1
formula,1
expeditionary,1
dignity,1
undergone,1
prevented,1
stirring,1
bienes,1
harmony,1
smuts,1
cursory,1
complicating,1
hudson,1
colonized,1
guilty,1
distill,1
hombre,1
regarding,1
possessing,1
flag,1
phase,1
accessible,1
chiefs,1
sponsored,1
ignominious,1
influx,1
madrid,1
fiefs,1
difficulties,1
immediate,1
ambivalent,1
repopulated,1
quality,1
demanded,1
analyzing,1
kapital,1
machine,1
g,1
author,1
invaders,1
eduard,1
poetry,1
relatively,1
ease,1
consuls,1
prehistoria,1
occurs,1
issued,1
jeremy,1
price,1
conducted,1
denote,1
expeditions,1
constellation,1
manifiesto,1
humboldt,1
williams,1
chorotegas,1
expected,1
implant,1
praising,1
fealty,1
slabs,1
priority,1
gaceta,1
altogether,1
developments,1
deeds,1
engerrand,1
legally,1
bay,1
soutl,1
systematically,1
refer,1
marriage,1
differently,1
columbia,1
procreate,1
served,1
garcilaso,1
applying,1
libraries,1
third,1
truly,1
mechanical,1
georges,1
semantic,1
theoreticians,1
weight,1
geological,1
drawn,1
factions,1
look,1
spite,1
tarascan,1
adventurers,1
border,1
precapitalist,1
william,1
coasts,1
potosi,1
repudiated,1
discovering,1
master,1
salvaging,1
businessmen,1
unfortunate,1
nobles,1
xochicalco,1
jungles,1
poverty,1
mechanism,1
costa,1
employ,1
incentives,1
operation,1
opposed,1
rooted,1
competition,1
hacia,1
sector,1
adequate,1
york,1
entrenching,1
bull,1
essential,1
leibniz,1
reflects,1
played,1
adjunct,1
monopolies,1
heroes,1
operations,1
momentos,1
assoc,1
subjected,1
devastating,1
bring,1
growth,1
destroy,1
federal,1
marxism,1
superficial,1
majorities,1
generations,1
adds,1
how,1
auspices,1
forced,1
incipient,1
square,1
financing,1
doctrine,1
presentation,1
repudiation,1
subsistence,1
remote,1
broaden,1
bolivar,1
prefabricated,1
approaches,1
zatz,1
goes,1
survives,1
dealt,1
phrases,1
lasted,1
inculcating,1
legendary,1
grew,1
derived,1
direct,1
parts,1
inventor,1
easily,1
special,1
possess,1
ole,1
emergency,1
enabled,1
form,1
oversimplified,1
lay,1
feel,1
bibliographical,1
subjugated,1
practicing,1
von,1
clarification,1
consequences,1
front,1
boas,1
precious,1
supposed,1
inah,1
proclaimed,1
suffice,1
epocabarroca,1
rising,1
send,1
solutions,1
escape,1
provinces,1
appli,1
bad,1
devotes,1
tenochtitlan,1
locally,1
possibly,1
bespeak,1
organization,1
river,1
reluctance,1
metallurgy,1
peasant,1
papacy,1
evolved,1
aura,1
lima,1
smuggled,1
clearly,1
liberal,1
elsewhere,1
days,1
spirit,1
numbers,1
nationals,1
house,1
destino,1
northeastern,1
exploratory,1
however,1
frequently,1
calendar,1
upper,1
repudiating,1
advancing,1
situations,1
age,1
ideals,1
eclecticism,1
initiative,1
bridges,1
graces,1
exploited,1
ecuador,1
overshadows,1
patristics,1
efficient,1
gentiles,1
discomfort,1
cultured,1
monarch,1
victorian,1
injustice,1
decreto,1
mysteries,1
founding,1
architect,1
negroes,1
export,1
dug,1
providing,1
trained,1
cut,1
chasing,1
constitution,1
franz,1
commanded,1
whereas,1
greater,1
raw,1
prehistoric,1
acceptable,1
whom,1
christened,1
thousands,1
evolutionist,1
encyclopedic,1
bearing,1
appearance,1
carrying,1
entered,1
rationalist,1
strength,1
typical,1
access,1
boils,1
attrition,1
embracing,1
wiped,1
demands,1
monarchies,1
estudios,1
sedentary,1
rooms,1
pass,1
events,1
extinct,1
opt,1
siete,1
valor,1
departamento,1
shield,1
constantly,1
representative,1
polemics,1
lent,1
late,1
rescuing,1
shutting,1
moctezuma,1
occupation,1
interamericano,1
traced,1
consciences,1
viewpoints,1
subsisted,1
focused,1
pitch,1
paternalistic,1
grandes,1
oligarchies,1
effect,1
reservation,1
province,1
tools,1
toured,1
population,1
persons,1
companies,1
sovereignty,1
obra,1
estimate,1
younger,1
appearing,1
productively,1
safe,1
physicist,1
emulating,1
feudal,1
narrate,1
absolute,1
required,1
facilities,1
fledgling,1
comprehension,1
premise,1
professionals,1
possibility,1
expressions,1
eliminate,1
bulldozers,1
impression,1
bourgeoisies,1
silver,1
expensive,1
improve,1
formulate,1
throne,1
directly,1
none,1
participation,1
eduardo,1
shaman,1
lumpen,1
kelly,1
mapped,1
artifacts,1
literature,1
arqueologos,1
mandatory,1
idealistic,1
abroad,1
correlation,1
sculpture,1
industrial,1
licences,1
strict,1
writers,1
alchemists,1
dissatisfaction,1
poblacion,1
repetition,1
heart,1
protected,1
concept,1
intermarried,1
su,1
charnay,1
explains,1
proportions,1
negative,1
verbiage,1
comment,1
multiplied,1
supreme,1
caught,1
geology,1
popper,1
year,1
politica,1
fail,1
intermediate,1
editorial,1
inherited,1
pyramid,1
worrisome,1
climatic,1
beginnings,1
sacked,1
bits,1
rallying,1
commissioned,1
recounting,1
rene,1
away,1
disregarding,1
regional,1
formations,1
employed,1
participate,1
ciencia,1
missions,1
genealogies,1
resort,1
culmination,1
league,1
strengthened,1
isabel,1
vacation,1
following,1
weeks,1
mem,1
asa,1
hitherto,1
naturalists,1
renovated,1
suairez,1
subtle,1
concentrates,1
causal,1
creating,1
computer,1
steward,1
presursores,1
anastylosis,1
describing,1
fuzzy,1
responsibility,1
aroused,1
shaping,1
theoretically,1
arqueologicos,1
next,1
presencia,1
clothes,1
imposition,1
tries,1
delimited,1
coatlicue,1
event,1
hermeneutics,1
hemisphere,1
small,1
openly,1
historicist,1
inst,1
initiating,1
sufficient,1
foster,1
mediocre,1
choose,1
revealing,1
bridge,1
levied,1
oro,1
plunged,1
peak,1
sculptures,1
telling,1
anthrop,1
core,1
christians,1
managed,1
codices,1
perui,1
porfirio,1
introduced,1
paid,1
maintained,1
peculiar,1
zelia,1
marry,1
feasible,1
preliminary,1
sucs,1
finds,1
structuring,1
inhabiting,1
miserable,1
digging,1
bolstered,1
papeles,1
purchasing,1
stephens,1
wield,1
notion,1
culminate,1
downfalls,1
cite,1
chronological,1
span,1
integrating,1
calm,1
privilege,1
intento,1
obeying,1
nayar,1
ramifications,1
hegemony,1
variety,1
territorial,1
availed,1
contact,1
spelled,1
protecting,1
entitled,1
architecture,1
requirement,1
monoliths,1
gabriel,1
demagogic,1
action,1
rivadeneyra,1
incorrect,1
separation,1
wrote,1
synthesis,1
expansion,1
corollary,1
play,1
plans,1
motivated,1
theorizing,1
merits,1
nearly,1
converted,1
whatever,1
vocation,1
fossil,1
thinkers,1
intervention,1
indicates,1
landed,1
everywhere,1
experiences,1
bastard,1
initially,1
copan,1
modes,1
spate,1
jesus,1
backed,1
inhabited,1
positive,1
spectacular,1
verde,1
relationship,1
americanos,1
once,1
sincere,1
flannery,1
cheap,1
pacific,1
elapsed,1
asiatic,1
usages,1
elaboration,1
victor,1
fringe,1
fair,1
permission,1
cybernetics,1
opportunities,1
lloyd,1
represents,1
devotion,1
happened,1
serve,1
manpower,1
borrowed,1
clergy,1
columbus,1
assemblies,1
selective,1
perceived,1
wrest,1
marshall,1
kelley,1
achieve,1
tax,1
participants,1
symptomatic,1
included,1
planned,1
light,1
supplied,1
complete,1
culture,1
teaching,1
purity,1
incompetent,1
colored,1
fermentation,1
reply,1
illustrated,1
veracruzana,1
visitors,1
confirmed,1
ferment,1
quotations,1
insinuating,1
assimilated,1
impenetrable,1
cadres,1
geologists,1
shows,1
stones,1
fairly,1
bandy,1
happening,1
volume,1
ceramic,1
worst,1
provide,1
dire,1
oral,1
museums,1
plundered,1
attacks,1
bernasconi,1
archaeologically,1
spend,1
corneille,1
condamine,1
europe,1
dictatorship,1
put,1
vega,1
tipograf,1
unscientific,1
unrivaled,1
addition,1
financial,1
excavating,1
signified,1
lengthy,1
concubinage,1
esthetes,1
traceable,1
longer,1
leading,1
treatment,1
overwhelming,1
fundamental,1
head,1
blocks,1
fearing,1
cursed,1
pressure,1
fleeing,1
panacea,1
importation,1
plundering,1
abstract,1
disuse,1
choice,1
teachers,1
glories,1
children,1
arisen,1
aymaras,1
governed,1
oneself,1
break,1
larger,1
wreaking,1
meagreness,1
peon,1
john,1
demonstrating,1
fallen,1
proliferation,1
rica,1
contemporary,1
inherently,1
latina,1
golden,1
program,1
impending,1
pattern,1
carnap,1
discussed,1
juridica,1
cooperated,1
therein,1
forms,1
ages,1
outside,1
setback,1
reasonable,1
adjacent,1
fame,1
remarkable,1
covered,1
operating,1
manner,1
thirties,1
revolts,1
devoted,1
continuing,1
purposes,1
validity,1
existing,1
empire,1
jobs,1
confrontation,1
coincided,1
ports,1
exotic,1
conviction,1
showing,1
nueva,1
belief,1
eds,1
idiosyncrasies,1
como,1
style,1
tahuatinsuyo,1
siglo,1
railways,1
free,1
cabalistic,1
compete,1
proselytes,1
moot,1
thoroughly,1
anticipate,1
venta,1
civilized,1
fight,1
entity,1
calculation,1
ingrained,1
imagine,1
original,1
demonstrated,1
becomes,1
tiring,1
greatest,1
banalities,1
cacicazgo,1
missionary,1
theirs,1
campaigns,1
intimate,1
link,1
observable,1
alliance,1
currents,1
bone,1
accompanying,1
maritime,1
slaves,1
scarcer,1
industrialized,1
colonize,1
shelving,1
ancillary,1
elite,1
concern,1
computers,1
nomad,1
entirely,1
hidden,1
confidence,1
food,1
prevailed,1
tecciztlan,1
decreed,1
returned,1
maria,1
vocabulary,1
hispanics,1
pleasure,1
maintains,1
services,1
stay,1
check,1
full,1
raising,1
previous,1
parque,1
advantages,1
nevertheless,1
dating,1
students,1
described,1
publish,1
vii,1
trade,1
porrua,1
low,1
wheel,1
whoever,1
astronomer,1
historic,1
directed,1
peripheral,1
express,1
language,1
agreement,1
accounted,1
soldiers,1
una,1
laudatory,1
victory,1
logic,1
spawned,1
amounts,1
chibchas,1
diplomats,1
workers,1
deals,1
individual,1
nombre,1
pride,1
architectural,1
allowed,1
started,1
caribbean,1
collaboration,1
spread,1
summer,1
plant,1
bibl,1
appointment,1
clavijero,1
issue,1
irreplaceable,1
stages,1
pompeii,1
hempel,1
filled,1
tranquility,1
keen,1
ascending,1
abundant,1
provides,1
martin,1
accused,1
ep,1
ignorance,1
anybody,1
class,1
graves,1
discarded,1
trying,1
eyes,1
evolutionary,1
methods,1
arise,1
feet,1
viewpoint,1
epistemology,1
let,1
references,1
overcome,1
tactics,1
nobody,1
recovered,1
influences,1
sobre,1
enjoyed,1
leyes,1
improbable,1
assimilable,1
rigorousness,1
greece,1
southwest,1
equivalent,1
morelos,1
institution,1
dogmatism,1
industrialization,1
fee,1
awareness,1
concluded,1
offspring,1
phraseology,1
fostered,1
separate,1
alaska,1
rift,1
profitable,1
monroismo,1
consists,1
bucareli,1
unstable,1
discussing,1
extracted,1
relegation,1
abstracting,1
cation,1
imply,1
expansionism,1
surpassed,1
circle,1
emulation,1
undoubted,1
initiates,1
stems,1
transformations,1
she,1
peonage,1
meets,1
inhabitants,1
remotest,1
movements,1
usually,1
somatically,1
outsiders,1
plays,1
ntumero,1
uninterruptedness,1
bound,1
claimed,1
sole,1
palenque,1
hill,1
profusely,1
neglecting,1
begin,1
neurath,1
lines,1
andean,1
fewer,1
widespread,1
primarily,1
sway,1
institutions,1
statutes,1
lost,1
abnormal,1
concluding,1
un,1
insist,1
collections,1
translation,1
detailed,1
worse,1
ruz,1
circumstance,1
threaten,1
oddly,1
contribution,1
confine,1
sequences,1
originated,1
abdication,1
guadalupe,1
length,1
volumes,1
evolution,1
settled,1
inspired,1
accomplishing,1
extra,1
fall,1
hope,1
slogan,1
interpretacion,1
battleground,1
dead,1
kings,1
wives,1
education,1
collateral,1
months,1
ensayos,1
aboriginal,1
canada,1
involuntary,1
gathered,1
monumental,1
pp,1
meant,1
rises,1
door,1
impressiveness,1
disorganized,1
transistors,1
proof,1
stereotyped,1
contemplated,1
share,1
wars,1
practised,1
heavy,1
rarely,1
thinking,1
updating,1
coat,1
panama,1
historian,1
terrible,1
ineffable,1
breach,1
broke,1
repaired,1
naples,1
mentioned,1
version,1
changing,1
measurements,1
carapaces,1
detachment,1
demonstrate,1
agents,1
neologism,1
ever,1
rogger,1
incalculable,1
alfred,1
barbarism,1
indicate,1
totality,1
observation,1
constructed,1
membership,1
preserves,1
partido,1
funding,1
flagrant,1
heiresses,1
redoubts,1
pinpointing,1
colonialism,1
brazilian,1
napoleonic,1
smithsonian,1
couples,1
methodologically,1
truisms,1
replace,1
enters,1
ignorant,1
reichenbach,1
maximilian,1
histar,1
elevated,1
havoc,1
cultures,1
divergences,1
expanding,1
unwittingly,1
sizes,1
roman,1
branches,1
exploration,1
seem,1
defray,1
marginalization,1
unknown,1
ft,1
alexander,1
pragmatic,1
expense,1
temper,1
regard,1
visiting,1
loyalty,1
exceptional,1
ideological,1
exploiting,1
paleontology,1
intelligentsia,1
contradictory,1
dared,1
enemy,1
exhaustive,1
written,1
associated,1
reflected,1
build,1
bones,1
cities,1
humanized,1
tomes,1
orinoco,1
meager,1
absolutely,1
advances,1
lending,1
concrete,1
hint,1
subordinate,1
chooses,1
animal,1
noise,1
ideologies,1
regulations,1
tajin,1
correlate,1
alfonso,1
economy,1
chicago,1
joaquin,1
subspecialities,1
kroeber,1
implicit,1
meticulous,1
toltecs,1
subsoil,1
cause,1
particular,1
pertinent,1
thirty,1
drucker,1
covers,1
squier,1
attitudes,1
delegate,1
armies,1
unnecessary,1
leaving,1
distribution,1
fascination,1
appropriated,1
incurred,1
complexity,1
guaranis,1
thames,1
popul,1
constitutional,1
property,1
minimal,1
apparently,1
reclamation,1
threat,1
hundreds,1
prevent,1
urban,1
meetings,1
revista,1
freedom,1
alzate,1
finished,1
outline,1
craftsmanship,1
owner,1
necessity,1
circumstances,1
careful,1
recognition,1
biologically,1
four,1
nomads,1
refinement,1
attached,1
testimonials,1
specialities,1
emperor,1
city,1
countrywoman,1
content,1
participant,1
ken,1
unrealistic,1
hapsburg,1
intended,1
undermining,1
insuficiente,1
simply,1
rash,1
rigid,1
contribute,1
reconstruct,1
sinking,1
superior,1
exploit,1
headwaters,1
writing,1
gain,1
chieftains,1
aspect,1
coming,1
catches,1
comprised,1
schedule,1
jan,1
cruelty,1
huntergatherers,1
mandadas,1
named,1
producer,1
formation,1
layers,1
ephraim,1
shown,1
survival,1
invasion,1
disappear,1
disposal,1
initiated,1
finding,1
quest,1
twentieth,1
camps,1
numerous,1
institutional,1
peru,1
artificial,1
tactical,1
crisis,1
piracy,1
dangerous,1
documentation,1
ended,1
applicable,1
instead,1
americas,1
stalinist,1
integrated,1
d,1
specialists,1
evidence,1
developmental,1
crowned,1
integration,1
france,1
baptism,1
colleagues,1
captain,1
extremely,1
walking,1
association,1
shift,1
pontificia,1
untouched,1
conquests,1
reorganized,1
inform,1
profits,1
vi,1
tihuanaco,1
actions,1
withdrew,1
clarify,1
armillas,1
pathways,1
prospects,1
marxist,1
scholarship,1
sectors,1
showcase,1
obligation,1
alberto,1
create,1
maximum,1
substantial,1
exclusively,1
valley,1
ownership,1
americanidad,1
erroneously,1
abandoned,1
costly,1
banned,1
seek,1
comparable,1
deeper,1
pope,1
building,1
leaden,1
col,1
scanty,1
fostering,1
termed,1
race,1
customs,1
quantity,1
dictum,1
mexique,1
