WORDCOUNTS,WEIGHT
of,119
and,70
the,68
archaeology,65
in,41
uk,34
university,33
to,24
world,23
for,20
by,19
is,15
are,14
a,11
papers,11
or,10
institute,10
archaeological,10
research,10
be,10
taylor,10
college,9
dr,9
usa,9
equality,8
social,8
any,8
what,8
professor,8
this,8
no,7
that,7
heritage,7
mark,7
london,7
francis,7
space,6
all,6
within,6
routledge,6
early,6
sites,6
lake,6
publication,6
copyright,6
at,5
submission,5
societies,5
political,5
cultural,5
issue,5
record,5
vol,5
viewing,5
ny,5
on,5
as,5
online,4
oxford,4
with,4
approaches,4
ancient,4
experimental,4
ed,4
department,4
address,4
between,4
other,4
debates,4
material,4
art,4
new,4
national,4
peter,4
should,4
may,3
rights,3
rate,3
humanities,3
glasgow,3
techniques,3
might,3
square,3
park,3
technology,3
school,3
from,3
management,3
addressed,3
published,3
volume,3
please,3
business,3
particularly,3
past,3
v,3
number,3
march,3
local,3
some,3
both,3
use,3
issues,3
september,3
david,3
back,3
st,3
than,3
gordon,3
van,2
not,2
relationship,2
authorization,2
exeter,2
perspectives,2
contact,2
gabriel,2
will,2
l,2
arctic,2
service,2
how,2
mountains,2
informa,2
requests,2
church,2
their,2
population,2
contributions,2
positive,2
k,2
colonization,2
about,2
robin,2
ma,2
cooney,2
edited,2
miscellany,2
changes,2
arts,2
seeing,2
us,2
anthropological,2
marshall,2
shaw,2
chris,2
elisabeth,2
orders,2
air,2
but,2
subscription,2
age,2
challenges,2
most,2
leicester,2
regional,2
bacus,2
monuments,2
members,2
posed,2
human,2
der,2
history,2
joao,2
anthropology,2
experiments,2
different,2
nyree,2
december,2
whom,2
board,2
gosden,2
classical,2
zilhao,2
international,2
reproduction,2
question,2
studies,2
road,2
aspects,2
burial,2
milton,2
michael,2
british,2
matthew,2
agriculture,2
osborne,2
design,2
private,2
periodicals,2
these,2
bibliography,2
beaumont,2
richard,2
julia,2
yvonne,2
food,2
warfare,2
reynolds,2
dublin,2
writing,2
andrew,2
our,2
water,2
advertising,2
which,2
field,2
personal,2
southampton,2
veen,2
alan,2
such,2
editor,2
development,2
marijke,2
have,2
institutional,2
g,2
ireland,2
integrated,2
priority,2
enquiries,2
mitchell,2
outram,2
oxon,2
shott,2
jordan,2
airfreight,2
journal,2
north,2
traditions,2
quarterly,2
value,2
building,2
fee,2
finlay,2
hierarchy,2
using,1
aim,1
reading,1
it,1
does,1
unstable,1
syntax,1
makes,1
christian,1
abstracting,1
high,1
applications,1
racism,1
role,1
o,1
customer,1
page,1
cover,1
fontijn,1
africa,1
absence,1
russian,1
glover,1
always,1
independent,1
rather,1
concerned,1
scientific,1
purely,1
molehills,1
fitzjohn,1
performance,1
indicative,1
licensing,1
main,1
politis,1
ecodisasters,1
vision,1
tropics,1
scholar,1
designated,1
created,1
essex,1
chestnut,1
joan,1
taphonomy,1
inside,1
extend,1
environmental,1
baptist,1
islands,1
coastal,1
gillings,1
process,1
subsistence,1
remote,1
referred,1
means,1
object,1
conceptions,1
alone,1
environments,1
above,1
arid,1
federation,1
currency,1
visual,1
they,1
landscapes,1
artefact,1
b,1
certain,1
group,1
center,1
empires,1
executive,1
parts,1
thailand,1
one,1
volumes,1
shipwrecks,1
innovation,1
why,1
whole,1
sanctuary,1
often,1
seascapes,1
southeast,1
pp,1
britain,1
analysis,1
tend,1
sidgwick,1
islamic,1
burials,1
depends,1
addressing,1
prince,1
interpretation,1
hoarding,1
permission,1
pitulko,1
send,1
typeset,1
canada,1
india,1
older,1
monumental,1
meant,1
under,1
considered,1
bain,1
consider,1
behaviour,1
official,1
stephen,1
objects,1
organization,1
sorts,1
index,1
character,1
ian,1
processing,1
tax,1
infectious,1
oates,1
ceramics,1
multivocality,1
byzantine,1
edition,1
suite,1
olsen,1
numbers,1
ro,1
accessibility,1
changing,1
du,1
definition,1
reasonably,1
without,1
contexts,1
industrial,1
biography,1
ethnoarchaeology,1
demonstrate,1
linguistics,1
being,1
detect,1
architecture,1
n,1
only,1
known,1
precise,1
actualistic,1
bronze,1
community,1
quantitative,1
lack,1
street,1
llobera,1
june,1
altitude,1
more,1
sciences,1
production,1
colonialism,1
exclusive,1
interested,1
ii,1
implications,1
taken,1
weaponry,1
postage,1
norway,1
musical,1
academy,1
natural,1
over,1
available,1
slavery,1
rue,1
kent,1
into,1
rock,1
specialization,1
england,1
j,1
pilgrimage,1
royal,1
analytical,1
asia,1
gregory,1
chatford,1
silpakorn,1
marcos,1
global,1
idea,1
innovations,1
authorities,1
avenue,1
riverine,1
buddhist,1
laboratory,1
foods,1
ceramic,1
gc,1
isovist,1
printed,1
great,1
agree,1
public,1
universal,1
current,1
p,1
inappropriate,1
hoards,1
relating,1
moments,1
time,1
kate,1
out,1
newman,1
akron,1
depthmap,1
john,1
sedentism,1
sharpen,1
peak,1
court,1
light,1
religion,1
benefit,1
quarries,1
bound,1
ako,1
luxury,1
examining,1
i,1
man,1
lifecycles,1
there,1
featured,1
serious,1
shennan,1
works,1
culture,1
living,1
expressions,1
term,1
laver,1
watercraft,1
frieman,1
urbanization,1
places,1
organisations,1
shoocongdej,1
biogeography,1
sacred,1
researching,1
reserved,1
geography,1
hinduism,1
investigations,1
discuss,1
mail,1
caves,1
where,1
signs,1
historical,1
landscape,1
stock,1
reproduce,1
investigation,1
visibility,1
olin,1
lilybank,1
unesco,1
bristol,1
earthquake,1
relevant,1
contents,1
storage,1
see,1
system,1
making,1
case,1
terns,1
thirty,1
cg,1
japan,1
validate,1
reconstruction,1
geo,1
universidad,1
your,1
theory,1
mvdvl,1
employ,1
ethnography,1
style,1
method,1
task,1
threats,1
reconciled,1
january,1
pwiti,1
oh,1
humid,1
free,1
iv,1
kirch,1
america,1
demography,1
advisory,1
welcomed,1
hall,1
technical,1
ecology,1
studying,1
addresses,1
transhumance,1
having,1
directly,1
gardens,1
flannery,1
don,1
welcome,1
prior,1
basis,1
emphasis,1
through,1
dedication,1
r,1
politics,1
understanding,1
technologies,1
urban,1
journals,1
discussion,1
illustrate,1
photocopy,1
metapress,1
remittances,1
work,1
soils,1
subscriptions,1
drive,1
planning,1
properties,1
abstracts,1
acuk,1
level,1
chronologies,1
nine,1
directions,1
future,1
tottenham,1
transport,1
discrimination,1
invited,1
nomads,1
giles,1
bell,1
part,1
purpose,1
classics,1
nara,1
previously,1
resources,1
retains,1
knowledge,1
communication,1
agendas,1
apply,1
republic,1
along,1
nutrition,1
ken,1
irish,1
its,1
authentic,1
climatic,1
subject,1
plans,1
ritual,1
woodland,1
assumptions,1
com,1
year,1
citation,1
island,1
database,1
gardner,1
titles,1
arguments,1
editorial,1
alasdair,1
aesthetics,1
variation,1
bradley,1
congress,1
people,1
survey,1
historic,1
egalitarianism,1
archaeologists,1
questions,1
structures,1
faculty,1
processes,1
lahiri,1
intimate,1
eligible,1
individuals,1
disease,1
call,1
colchester,1
garden,1
chemical,1
nayanjot,1
employed,1
language,1
theories,1
dating,1
queer,1
theoretical,1
catherine,1
involves,1
reconstructing,1
sicily,1
theme,1
trade,1
clear,1
significance,1
cambridge,1
tfenquiries,1
three,1
health,1
zimbabwe,1
commemoration,1
reality,1
argentina,1
count,1
clearance,1
sy,1
materials,1
regions,1
clifton,1
charge,1
iconic,1
agent,1
earth,1
sustain,1
change,1
relatively,1
permit,1
journalsonlinetandfcouk,1
issn,1
held,1
relations,1
architectural,1
symbolic,1
land,1
chronology,1
price,1
d,1
indexing,1
so,1
evidence,1
manufacture,1
regarded,1
convention,1
employing,1
ability,1
pay,1
sample,1
mines,1
indicators,1
effects,1
visuality,1
submissions,1
kind,1
defined,1
contrast,1
discounted,1
palaeolithic,1
excavation,1
thomas,1
involved,1
old,1
reuse,1
clark,1
attention,1
archaeologies,1
concerning,1
written,1
wider,1
study,1
sheepen,1
response,1
evolutionary,1
methods,1
would,1
gis,1
stones,1
craft,1
pastoralism,1
massachusetts,1
biomolecular,1
c,1
russia,1
assessing,1
lei,1
topics,1
camilla,1
pedagogies,1
james,1
briault,1
conserving,1
including,1
also,1
little,1
lay,1
instruments,1
develop,1
pa,1
paid,1
rosewood,1
hosted,1
correspondence,1
technological,1
we,1
inquiries,1
recent,1
stone,1
an,1
invites,1
sole,1
rates,1
grants,1
perception,1
simulating,1
epidemic,1
walls,1
matsui,1
ucd,1
archaeometallurgy,1
