WORDCOUNTS,WEIGHT
the,413
and,289
of,285
in,179
a,160
mai,96
to,95
sites,84
newfoundland,77
at,75
on,73
site,69
bp,66
is,65
for,63
from,48
are,48
by,41
that,41
were,41
sea,40
late,39
early,37
rsl,36
was,33
m,33
level,32
p,31
labrador,30
port,30
bell,30
than,30
be,29
au,28
st,27
where,25
or,24
report,24
this,24
i,23
et,23
have,23
northern,23
history,22
coastal,22
an,22
with,21
lowstand,21
al,21
these,21
which,21
coast,21
we,21
renouf,20
archaeological,19
d,19
figure,18
been,18
location,18
there,18
per,18
between,18
peninsula,17
choix,17
island,17
locations,17
archaic,17
bay,17
as,16
j,16
areas,16
archaeology,16
most,15
prehistoric,15
near,15
marine,15
present,15
it,14
southern,14
survey,14
distribution,14
has,14
interior,14
t,14
points,14
would,14
shoreline,13
one,13
cemetery,13
offshore,13
submerged,13
found,13
government,13
inland,13
w,13
trevor,13
below,13
relative,13
b,12
university,12
river,12
provincial,12
region,12
reconstructed,12
occupation,12
south,11
shaw,11
shore,11
more,11
postglacial,11
all,11
cent,11
time,11
type,11
area,11
probably,11
north,11
press,10
coastline,10
today,10
only,10
scale,10
maritime,10
sheltered,10
g,10
submergence,10
land,10
c,10
coasts,10
no,9
they,9
about,9
not,9
view,9
elevations,9
years,9
since,9
point,9
large,8
deep,8
earliest,8
nearshore,8
age,8
two,8
lower,8
greater,8
could,8
emergence,8
elevation,8
r,8
west,8
above,8
ponds,8
regions,8
small,8
absence,7
their,7
cove,7
mainland,7
indian,7
must,7
forbes,7
known,7
other,7
inlet,7
such,7
data,7
refers,7
canada,7
along,7
change,7
high,7
curve,7
big,7
burgeo,7
can,7
those,7
ice,6
experienced,6
sound,6
during,6
tuck,6
preferences,6
water,6
paper,6
height,6
date,6
record,6
hamilton,6
number,6
far,6
both,6
three,6
relatively,6
period,6
around,6
brook,6
quebec,6
few,6
recent,6
species,6
higher,5
depth,5
curves,5
if,5
landscape,5
memorial,5
e,5
studies,5
table,5
series,5
but,5
changing,5
four,5
stemmed,5
setting,5
asl,5
important,5
over,5
based,5
shows,5
access,5
last,5
less,5
side,5
apparent,5
using,5
human,5
central,5
low,5
although,5
canadian,5
arms,5
given,5
department,5
gould,5
close,5
atlantic,4
may,4
o,4
rather,4
located,4
levels,4
islands,4
primarily,4
reconstruction,4
complex,4
scales,4
landward,4
index,4
targeted,4
occurred,4
notre,4
first,4
also,4
stream,4
emerged,4
each,4
route,4
hunting,4
midway,4
further,4
case,4
nearby,4
map,4
bird,4
information,4
local,4
understanding,4
geological,4
community,4
resources,4
monitoring,4
journal,4
situated,4
used,4
station,4
radiocarbon,4
mouth,4
dating,4
until,4
earth,4
maps,4
field,4
earlier,4
roughly,4
potential,4
continuous,4
find,4
much,4
quaternary,4
periods,3
belle,3
predicted,3
fell,3
northeast,3
highway,3
spatial,3
indicates,3
contemporaneous,3
adjustments,3
references,3
changes,3
saltwater,3
meant,3
former,3
position,3
western,3
direction,3
variable,3
magnitude,3
show,3
commonly,3
noted,3
had,3
rise,3
isolation,3
followed,3
established,3
exposed,3
social,3
season,3
edwardson,3
organic,3
l,3
towards,3
riverine,3
head,3
argue,3
la,3
particularly,3
banks,3
strait,3
shallow,3
sanger,3
dates,3
channel,3
patterns,3
pastore,3
within,3
selected,3
maine,3
subsequent,3
shorelines,3
droke,3
well,3
uneven,3
holocene,3
long,3
up,3
occupy,3
preserved,3
despite,3
positions,3
minimum,3
pond,3
significant,3
older,3
people,3
isobase,3
falling,3
resource,3
shown,3
shelter,3
showing,3
rast,3
caines,3
initial,3
historic,3
de,3
related,3
least,3
times,3
eighty,3
characterized,3
green,3
suggest,3
features,3
defined,3
proximity,3
comparison,3
habitation,3
characteristics,3
research,3
sequence,3
bone,3
dame,3
maximum,3
provided,3
preliminary,3
model,2
ridge,2
will,2
therefore,2
approximate,2
bonne,2
later,2
identified,2
provide,2
names,2
main,2
across,2
limited,2
tide,2
vertical,2
college,2
predict,2
harbour,2
introduction,2
lawrence,2
crustal,2
wisconsinan,2
selection,2
construction,2
mostly,2
ottawa,2
fall,2
types,2
h,2
when,2
kilometres,2
largely,2
populations,2
modern,2
park,2
pp,2
cherts,2
variants,2
dated,2
total,2
presumably,2
linked,2
light,2
before,2
just,2
material,2
included,2
outlined,2
mercury,2
peoples,2
demonstrate,2
mcghee,2
palaeogeography,2
projectile,2
caribou,2
text,2
museums,2
freshwater,2
might,2
others,2
control,2
many,2
whereas,2
smith,2
different,2
fact,2
east,2
limb,2
available,2
did,2
broadly,2
indicate,2
histories,2
suggesting,2
method,2
cape,2
half,2
avalon,2
link,2
ocean,2
how,2
isle,2
very,2
eddies,2
narrow,2
considerable,2
zero,2
u,2
basins,2
culture,2
raised,2
ground,2
burial,2
them,2
making,2
several,2
rich,2
rebound,2
beaches,2
explain,2
project,2
separated,2
distance,2
heavily,2
rapidly,2
while,2
outlines,2
because,2
thick,2
property,2
artefacts,2
suggests,2
some,2
basis,2
possible,2
mapped,2
coves,2
derived,2
made,2
little,2
bonavista,2
sides,2
variations,2
except,2
through,2
joining,2
due,2
ken,2
geology,2
place,2
francis,2
riverbank,2
mid,2
varied,2
synthesized,2
national,2
economic,2
surrounding,2
regional,2
described,2
observed,2
illustrates,2
lacustrine,2
importance,2
verte,2
sediment,2
seismic,2
amounts,2
fitzhugh,2
physical,2
lowest,2
temporal,2
trees,2
straight,2
stopp,2
nested,2
oriented,2
off,2
landforms,2
preservation,2
black,2
quite,2
settlement,2
newfoundlandatlantic,2
terrestrial,2
charles,2
preferred,2
back,2
fig,2
components,2
presence,2
lewis,2
lake,2
reached,2
axe,2
like,2
annual,2
occur,2
even,2
surveys,2
occupied,2
taylor,2
finds,2
propose,2
investigations,2
equal,2
concluded,2
activities,2
separate,2
likely,2
ranging,1
chronological,1
f,1
consists,1
dot,1
landscapes,1
now,1
amulets,1
twelve,1
online,1
via,1
rooted,1
depiction,1
relationship,1
what,1
rate,1
role,1
situation,1
dictionary,1
town,1
borden,1
ka,1
reduced,1
steady,1
perspectives,1
lit,1
limits,1
box,1
thanks,1
sheet,1
difficult,1
fairly,1
ox,1
mixture,1
auk,1
ba,1
crucial,1
concentrated,1
generated,1
growth,1
extrapolating,1
sixteen,1
argued,1
next,1
groups,1
generous,1
discovery,1
stood,1
pistolet,1
ideology,1
either,1
watch,1
remain,1
zooms,1
bays,1
reports,1
abundance,1
go,1
nbay,1
begin,1
contours,1
affected,1
address,1
brief,1
exist,1
fewer,1
exception,1
institutions,1
who,1
mines,1
coastarctic,1
positioned,1
variety,1
yr,1
represented,1
occupancy,1
originating,1
still,1
sournd,1
appear,1
ilton,1
garden,1
manuscript,1
millennia,1
after,1
regression,1
debris,1
connected,1
passing,1
connect,1
entirely,1
topography,1
artefact,1
initially,1
group,1
shells,1
deposits,1
longhouses,1
american,1
onshore,1
littoral,1
sheets,1
spanning,1
surveyed,1
disclose,1
mercer,1
determinant,1
easternmost,1
kinds,1
structural,1
similar,1
serendipity,1
tree,1
analysis,1
geography,1
white,1
underscores,1
coincides,1
retrieved,1
fully,1
once,1
whitehorse,1
logical,1
surprising,1
communications,1
see,1
factors,1
abundant,1
accessibility,1
subdivided,1
english,1
portrayed,1
fluctuate,1
shell,1
interpretation,1
support,1
drafting,1
investigating,1
emerging,1
approaches,1
modified,1
examined,1
debitage,1
revisiting,1
baie,1
intense,1
coverage,1
specified,1
discernible,1
association,1
mud,1
interpolated,1
gardening,1
array,1
under,1
considered,1
bogs,1
generously,1
tied,1
quinlan,1
representativeness,1
possibly,1
physique,1
detail,1
essential,1
occupational,1
then,1
necessarily,1
into,1
tickle,1
border,1
contained,1
stumps,1
eventually,1
fifteen,1
submerging,1
associated,1
note,1
treed,1
our,1
following,1
same,1
aux,1
air,1
dropped,1
ro,1
inventory,1
generally,1
geographie,1
prehistory,1
k,1
conclusion,1
integrating,1
source,1
esfit,1
fieldwork,1
mentioned,1
too,1
du,1
palaeoeskimo,1
menu,1
slowing,1
orientation,1
existence,1
woodworking,1
shallower,1
har,1
toronto,1
geographic,1
exploited,1
illustrate,1
consistent,1
discrepancy,1
inaccessibility,1
gap,1
beyond,1
polar,1
thousand,1
fill,1
adjacent,1
fast,1
represent,1
mound,1
des,1
funding,1
peat,1
skeletal,1
ind,1
predicts,1
melissa,1
prospecting,1
heritage,1
set,1
scientific,1
inundated,1
der,1
tu,1
camp,1
sproull,1
screened,1
thank,1
flow,1
continental,1
bald,1
chance,1
amour,1
daly,1
winter,1
komeires,1
overnight,1
sonar,1
cultures,1
entrance,1
drawn,1
ulf,1
game,1
lack,1
consideration,1
concentration,1
wide,1
trunmore,1
deltas,1
best,1
accommodate,1
belong,1
sedimentation,1
any,1
great,1
appeared,1
landform,1
typical,1
abstract,1
extended,1
rarely,1
mapping,1
timing,1
disturbed,1
cosi,1
potentially,1
relating,1
wooded,1
dae,1
foundation,1
fqpe,1
seven,1
centers,1
grave,1
harp,1
dossiers,1
predictions,1
able,1
grey,1
sometime,1
decreases,1
new,1
fishing,1
acknowledgements,1
dff,1
mapper,1
goods,1
eio,1
relate,1
end,1
dalhousie,1
loops,1
variation,1
configuration,1
historical,1
pit,1
persist,1
pattern,1
man,1
fresh,1
office,1
glacial,1
compromised,1
term,1
covers,1
never,1
consist,1
enough,1
truth,1
bathymetric,1
exceptions,1
animal,1
use,1
situ,1
understood,1
though,1
cultural,1
thickly,1
communities,1
covered,1
focused,1
institute,1
baboon,1
somewhat,1
geophysical,1
closeness,1
heads,1
relationships,1
purposes,1
keywords,1
investigation,1
existing,1
indirect,1
context,1
tools,1
digital,1
appears,1
saunders,1
recently,1
jelmsa,1
list,1
intensity,1
criterion,1
theoretical,1
rising,1
notes,1
overlap,1
cause,1
particular,1
trinity,1
sciences,1
character,1
hare,1
overgrown,1
vegetation,1
killer,1
house,1
diachronous,1
proven,1
staining,1
morneireslf,1
ltd,1
mere,1
perhaps,1
protective,1
dwelling,1
linear,1
northeastern,1
visited,1
holly,1
routledge,1
extent,1
component,1
ministbre,1
photo,1
characterizes,1
possibility,1
dots,1
cleared,1
addresses,1
sidescan,1
produce,1
brookes,1
isostatic,1
assumes,1
clearly,1
resident,1
directly,1
published,1
vol,1
observations,1
second,1
ideal,1
distinguish,1
marsh,1
line,1
greatest,1
rare,1
ar,1
investigated,1
size,1
discussion,1
blackmore,1
formerly,1
characterize,1
dave,1
reflection,1
predictability,1
residents,1
considering,1
martha,1
prior,1
received,1
steep,1
proposition,1
marking,1
inlets,1
assemblages,1
outline,1
beaumont,1
thomson,1
range,1
emergent,1
occasionally,1
cabin,1
values,1
directions,1
transgression,1
extending,1
isobases,1
significantly,1
steve,1
protected,1
combination,1
reported,1
respect,1
x,1
productivity,1
establishment,1
conception,1
shomitne,1
prospect,1
datum,1
confirm,1
test,1
constrained,1
its,1
exploits,1
activity,1
common,1
fluctuations,1
lies,1
pauls,1
step,1
vegetated,1
year,1
implications,1
councils,1
securely,1
acknowledges,1
results,1
pondss,1
rivers,1
blanc,1
separating,1
reynolds,1
workshop,1
kyr,1
broad,1
partly,1
kuujjuaq,1
records,1
funded,1
us,1
saun,1
lhxeie,1
fogo,1
structures,1
ceremonial,1
proportion,1
categorization,1
thus,1
past,1
documented,1
throughout,1
lifeways,1
chosen,1
another,1
hampered,1
bracketed,1
question,1
appreciated,1
shortly,1
complicated,1
soun,1
il,1
nevertheless,1
stationary,1
sediments,1
volume,1
explained,1
sunken,1
lw,1
instructive,1
frontibres,1
immediate,1
drastic,1
tickles,1
dynamics,1
open,1
significance,1
generate,1
porcupine,1
graph,1
clear,1
grassy,1
labrae,1
judge,1
frame,1
annotated,1
stratification,1
analysed,1
outer,1
finding,1
dominated,1
aided,1
detailed,1
diatoms,1
basal,1
issn,1
course,1
crust,1
snowy,1
ow,1
glacier,1
include,1
salt,1
allowed,1
ri,1
sm,1
smallwood,1
useful,1
spread,1
boca,1
guiding,1
parts,1
played,1
inferred,1
obvious,1
issue,1
ee,1
harpoon,1
kind,1
contrast,1
penney,1
probable,1
seascapes,1
routes,1
bmc,1
extremely,1
glaciomarine,1
individual,1
remains,1
bank,1
liverman,1
forms,1
clark,1
intervals,1
reflects,1
chairs,1
gulfof,1
isopleths,1
proximal,1
clearing,1
sufficient,1
fewest,1
gravel,1
wider,1
habi,1
adversely,1
highest,1
geomorphology,1
study,1
response,1
requires,1
six,1
exaggeration,1
houses,1
dramatic,1
integrated,1
served,1
shaded,1
putt,1
discontinuous,1
assessing,1
respectively,1
hills,1
examine,1
communi,1
influences,1
always,1
torngat,1
hunters,1
dark,1
tip,1
explore,1
predictable,1
terrace,1
instance,1
superimposed,1
slightly,1
seal,1
beaton,1
multibeam,1
re,1
waterways,1
potato,1
focus,1
duration,1
corresponds,1
world,1
figures,1
details,1
versus,1
strong,1
summary,1
summarized,1
joint,1
organics,1
so,1
example,1
bhrebay,1
should,1
evidence,1
ago,1
disturb,1
generation,1
subsumes,1
increments,1
function,1
attention,1
hull,1
obstructions,1
rubble,1
decay,1
major,1
paralleling,1
deeper,1
increase,1
surficial,1
diatom,1
overlapping,1
parks,1
