WORDCOUNTS,WEIGHT
the,669
of,491
and,392
in,242
to,186
a,159
for,68
that,65
as,60
is,58
was,54
be,51
on,49
which,45
with,45
by,42
an,40
or,39
were,36
it,35
c,35
from,33
have,32
medieval,30
cistercian,30
this,29
religious,29
new,27
between,27
church,23
would,23
not,22
middle,22
at,21
pp,21
sensory,21
more,20
art,20
press,20
such,19
through,19
their,18
could,18
been,18
university,18
other,17
some,17
but,17
social,17
archaeology,17
ages,16
architectural,16
we,16
might,15
within,15
m,15
d,15
different,15
bernard,14
these,14
material,14
can,14
relationship,14
environment,14
are,14
sermons,14
one,13
english,13
there,13
may,13
space,13
late,13
spiritual,13
parish,13
has,13
particular,13
all,12
england,12
senses,12
those,12
use,12
glass,12
experience,11
monastic,11
r,11
architecture,11
archaeological,11
graves,11
who,11
often,11
sound,11
historical,11
what,11
both,11
if,10
studies,10
j,10
century,10
environments,10
soul,10
had,10
used,10
order,10
sermon,10
god,10
light,10
pamela,10
early,10
far,9
sensing,9
lay,9
thirteenth,9
st,9
only,9
books,9
british,9
form,9
specific,9
later,8
created,8
point,8
image,8
greater,8
part,8
than,8
also,8
understanding,8
churches,8
believing,8
christian,8
physical,8
mcdonald,8
institute,8
giles,8
liturgical,8
history,7
first,7
possibilities,7
vol,7
salter,7
visuality,7
how,7
most,7
preaching,7
well,7
music,7
subject,7
place,7
culture,7
our,7
window,7
visual,7
biernoff,7
while,7
spaces,7
images,7
should,7
way,6
they,6
complex,6
modern,6
into,6
practices,6
contexts,6
i,6
singing,6
g,6
oxford,6
york,6
his,6
preachers,6
study,6
k,6
painted,6
work,6
its,6
issues,6
wider,6
when,6
world,6
will,6
saint,6
power,6
laity,6
cathedral,6
congregation,6
theories,6
vision,6
life,6
each,6
spatial,6
popular,6
role,6
produce,6
question,6
texts,6
stone,5
h,5
textual,5
worked,5
context,5
scarre,5
mass,5
possible,5
e,5
quantity,5
body,5
even,5
p,5
term,5
aspects,5
theological,5
things,5
towards,5
thought,5
contemplation,5
two,5
perhaps,5
exploring,5
religion,5
period,5
sight,5
effect,5
understand,5
changing,5
aural,5
set,5
twelfth,5
audience,5
past,5
combined,5
theory,5
urban,5
intended,5
song,5
cambridge,5
rest,5
among,5
now,4
trans,4
large,4
ways,4
easily,4
sunday,4
nature,4
simple,4
discipline,4
case,4
draw,4
development,4
quality,4
self,4
whose,4
across,4
landscape,4
empires,4
linked,4
romanesque,4
piety,4
beyond,4
allow,4
out,4
further,4
durham,4
let,4
performed,4
wealth,4
biblia,4
polyphony,4
reader,4
concept,4
related,4
classen,4
sense,4
presence,4
contrasted,4
above,4
experiences,4
interpretation,4
seeing,4
orders,4
decoration,4
many,4
call,4
pattern,4
great,4
monographs,4
style,4
day,4
situated,4
upon,4
writings,4
elite,4
aesthetic,4
clear,4
gothic,4
chapel,4
she,4
seen,4
sensual,4
construction,4
norton,4
pauperum,4
practice,4
known,4
text,4
paper,4
exploration,4
did,4
stiegman,4
terms,4
must,4
techniques,4
archaeoacoustics,4
lily,4
building,4
meaning,3
formed,3
western,3
harmony,3
signal,3
every,3
fifteenth,3
implications,3
taken,3
generated,3
s,3
convert,3
liturgy,3
styles,3
concepts,3
condition,3
variations,3
ritual,3
human,3
immediate,3
inner,3
divine,3
relatively,3
moment,3
distinct,3
subjects,3
houses,3
ecclesiastical,3
liturgies,3
rather,3
patronage,3
notion,3
process,3
represented,3
outward,3
b,3
lives,3
marks,3
days,3
argued,3
follow,3
suggested,3
hours,3
choir,3
boydell,3
encounter,3
parochial,3
sacring,3
curiosity,3
lawson,3
before,3
left,3
based,3
contemplative,3
data,3
manorial,3
bells,3
london,3
people,3
own,3
sensuous,3
devotional,3
concerns,3
up,3
periods,3
optics,3
second,3
variety,3
idea,3
return,3
object,3
rites,3
sounds,3
windows,3
us,3
same,3
purity,3
no,3
grisaille,3
regional,3
disciplinary,3
oral,3
french,3
devon,3
others,3
time,3
sung,3
end,3
contemporary,3
forms,3
patterns,3
took,3
strategies,3
routledge,3
cleric,3
technologies,3
vast,3
aesthetics,3
ideas,3
shrine,3
individual,3
like,3
high,3
especially,3
qualities,3
elaborate,3
relation,3
wells,3
figures,3
provide,3
france,3
practical,3
ordinary,3
instances,3
yale,3
centuries,3
worlds,3
comes,3
series,3
complexity,3
charles,3
intellectual,3
acoustic,3
wall,3
particularly,3
rural,3
them,3
whether,3
problem,3
explored,3
paintings,3
screens,3
screen,3
acoustics,3
touch,3
difference,3
fourteenth,3
institutional,3
isles,3
course,3
remains,3
potential,3
debate,3
major,3
traditional,3
grace,3
countryside,2
recesses,2
concerned,2
groups,2
encouraged,2
feld,2
truth,2
perfection,2
alone,2
sphere,2
reflection,2
word,2
cistercians,2
authority,2
true,2
apologia,2
cycles,2
monasticism,2
eye,2
properties,2
being,2
said,2
archaeologists,2
t,2
procession,2
clairvaux,2
seems,2
flowers,2
help,2
ashton,2
written,2
floral,2
stand,2
less,2
system,2
appreciate,2
cue,2
crucified,2
eastern,2
openings,2
dissidence,2
opened,2
explorations,2
west,2
doctrinal,2
europe,2
relate,2
literal,2
incense,2
repeatedly,2
thus,2
lections,2
relationships,2
points,2
against,2
choral,2
de,2
lectures,2
afford,2
cf,2
encyclopedia,2
expected,2
given,2
kinds,2
noted,2
characterized,2
explore,2
y,2
application,2
instruments,2
gaze,2
acted,2
influence,2
walls,2
mouldings,2
excavate,2
colour,2
essential,2
patron,2
l,2
remain,2
acoustically,2
altar,2
mean,2
mechanics,2
households,2
gesture,2
fittings,2
white,2
means,2
references,2
routledqe,2
prehistory,2
objects,2
reverberation,2
vivid,2
impact,2
mary,2
palgrave,2
age,2
lindberg,2
intentional,2
internal,2
my,2
prehistoric,2
affordable,2
resonate,2
plot,2
smell,2
search,2
access,2
preacher,2
vegetal,2
phenomenology,2
materiality,2
understood,2
informed,2
produced,2
obedience,2
priorities,2
applied,2
introspection,2
required,2
christianity,2
comprehension,2
prayer,2
schema,2
expensive,2
gained,2
sculpture,2
competing,2
knowledge,2
symbolism,2
indigenous,2
authenticity,2
gave,2
during,2
rituals,2
et,2
weekly,2
legislation,2
sutton,2
relative,2
feast,2
change,2
buildings,2
dictionary,2
parietal,2
dissipating,2
discourse,2
hermeneutics,2
long,2
berg,2
choirs,2
rood,2
research,2
attached,2
core,2
always,2
dependent,2
cycle,2
structured,2
beauty,2
appropriate,2
conceptions,2
society,2
seats,2
eternal,2
pilgrims,2
he,2
zakin,2
noble,2
imagery,2
wrote,2
drama,2
experiencing,2
duffy,2
limited,2
acknowledged,2
fruit,2
musical,2
hollows,2
make,2
sinful,2
movement,2
settings,2
sensation,2
resurrection,2
year,2
corpus,2
spoken,2
communities,2
yet,2
makes,2
east,2
under,2
parishes,2
manor,2
subjectivities,2
exegetical,2
al,2
illustrated,2
department,2
emotional,2
enforce,2
corporeal,2
members,2
majority,2
aspect,2
book,2
mark,2
christ,2
available,2
towns,2
cantica,2
nave,2
monks,2
consideration,2
larger,2
variation,2
audiences,2
hand,2
do,2
model,2
secular,2
see,2
forth,2
eg,2
belief,2
fundamentals,2
number,2
degree,2
local,2
made,2
virgin,2
including,2
clerical,2
blossoming,2
varying,2
largely,2
resonances,2
sequence,2
actual,2
canon,2
literate,2
netherlands,2
similar,2
woolgar,2
sarum,2
divisions,2
so,2
him,2
creating,2
features,2
distinction,2
last,2
provides,2
instruction,2
facing,2
behind,2
become,2
spatiality,2
probably,2
encompassing,2
division,2
attended,2
disciplining,2
flower,2
sometimes,2
claimed,2
referred,2
detailed,2
contribution,2
antiquity,2
gallery,2
analysis,2
respect,2
considered,2
then,2
ornate,2
circumstances,2
regulated,2
constituted,2
ever,2
symbolic,2
here,2
dimension,2
over,2
principle,2
control,2
gone,2
contextual,2
metaphorical,2
very,2
embodiment,2
proposed,2
works,2
merely,2
table,2
places,2
clarity,2
colours,2
monk,2
investigation,2
perpendicular,2
monastery,2
mere,2
her,2
calendar,2
whiteness,2
notitia,2
city,2
became,2
variability,2
contribute,2
duration,2
varied,2
contributed,2
include,2
although,2
constructed,2
colourless,2
seeks,2
area,2
extremely,2
needs,2
brightness,2
penetrated,2
distinctions,2
bell,2
views,2
element,2
doing,2
built,2
eales,2
foretaste,1
abbot,1
difficult,1
go,1
does,1
formulated,1
gilbert,1
stimuli,1
mute,1
stain,1
page,1
obligations,1
gutman,1
limits,1
convergence,1
generalization,1
behavioural,1
fertile,1
indicated,1
extempore,1
stood,1
scholar,1
correlations,1
functional,1
mystical,1
pale,1
environmental,1
mysteries,1
implies,1
exemplars,1
adoption,1
ultimate,1
constitution,1
germany,1
passing,1
conversion,1
dulls,1
group,1
becoming,1
american,1
deepest,1
star,1
cluniac,1
essays,1
symbolize,1
songs,1
services,1
psalmody,1
illiterate,1
furnishings,1
irrespective,1
affective,1
mit,1
conscious,1
nerve,1
ideals,1
trace,1
geometric,1
equated,1
total,1
welcomes,1
consecration,1
something,1
contested,1
attuned,1
source,1
territorial,1
corresponding,1
palpable,1
turning,1
themes,1
fires,1
negative,1
warns,1
fabric,1
else,1
fragrance,1
modest,1
barriers,1
wool,1
creation,1
production,1
discoursed,1
exclusive,1
experimented,1
household,1
salvific,1
caricatures,1
spencer,1
viewer,1
rapid,1
attempt,1
utilization,1
beautiful,1
stretch,1
glimpsed,1
episcopal,1
penitential,1
historiography,1
words,1
sculpted,1
waxed,1
knowing,1
skills,1
advantage,1
theologically,1
daily,1
accompanied,1
friihen,1
rebuilt,1
display,1
chiefest,1
differences,1
potentially,1
analyses,1
rich,1
narrative,1
carrying,1
studied,1
able,1
onto,1
cohesion,1
take,1
partisan,1
evolving,1
achieved,1
soaring,1
embrace,1
degraded,1
tangible,1
reznikoff,1
iconoclasm,1
miles,1
emphasized,1
blackwell,1
sacred,1
raised,1
robert,1
richmond,1
political,1
somewhat,1
signs,1
relations,1
hostility,1
issue,1
cathedrals,1
numinous,1
advocates,1
sophisticated,1
nussey,1
lam,1
symbolizing,1
king,1
pulled,1
task,1
advice,1
hackneyed,1
sought,1
discuss,1
design,1
uneven,1
lends,1
marked,1
lifetime,1
unspotted,1
sixteenth,1
transfiguration,1
sale,1
consciousness,1
move,1
rubin,1
himor,1
emile,1
apart,1
taking,1
combination,1
conceptual,1
meditated,1
conception,1
purgative,1
dynamic,1
apply,1
heretical,1
message,1
beneath,1
dignity,1
treatise,1
analyse,1
gateways,1
controlled,1
facets,1
hudson,1
mc,1
includes,1
accessible,1
throughout,1
timber,1
sponsored,1
beating,1
historically,1
explained,1
representations,1
roger,1
dynamics,1
accommodation,1
village,1
interior,1
pursuit,1
bodily,1
interest,1
visitation,1
asceticism,1
scrolls,1
edifice,1
adopted,1
santa,1
leaf,1
disengage,1
grouped,1
handbooks,1
assessment,1
delusional,1
topic,1
admitted,1
arena,1
grosseteste,1
forced,1
interprets,1
exercise,1
palaeolithic,1
bacon,1
enveloping,1
cases,1
arouse,1
nor,1
old,1
clashes,1
cultic,1
fountains,1
perspective,1
concerning,1
amount,1
back,1
response,1
columbia,1
modernity,1
six,1
flemish,1
towers,1
biernoffs,1
criterion,1
publications,1
overwhelmed,1
accompaniment,1
obscure,1
consequently,1
sin,1
lessens,1
look,1
bennett,1
european,1
propositions,1
appreciated,1
william,1
simplistic,1
cosmic,1
asad,1
general,1
arises,1
postreformation,1
generation,1
enrich,1
nuanced,1
restricting,1
infinite,1
according,1
sensations,1
blesser,1
cites,1
versuch,1
perfect,1
newer,1
purer,1
skeates,1
online,1
via,1
cuthbert,1
reconstructed,1
town,1
berries,1
german,1
adjunct,1
cloistered,1
floor,1
without,1
act,1
sets,1
performance,1
howes,1
aimed,1
primers,1
essence,1
stop,1
illustration,1
excerpts,1
sort,1
en,1
junction,1
testaments,1
femininities,1
heresy,1
culminating,1
werburgh,1
approaches,1
bequest,1
blessing,1
waned,1
abstraction,1
granted,1
heard,1
saints,1
whiff,1
landscapes,1
humanity,1
certain,1
ptolemy,1
variant,1
direct,1
parts,1
hearing,1
serial,1
contributions,1
allegory,1
revelation,1
lacking,1
reforms,1
rays,1
awareness,1
intensity,1
front,1
periodic,1
risks,1
kneeling,1
tactile,1
support,1
changes,1
insistence,1
circulated,1
interspersed,1
ensure,1
praise,1
enviable,1
consider,1
familiar,1
itinerant,1
etymology,1
yellow,1
considerations,1
eschew,1
section,1
elsewhere,1
just,1
generalities,1
ideologies,1
n,1
imitation,1
quoted,1
house,1
contemporaries,1
euclid,1
observations,1
four,1
leicester,1
accurate,1
experienced,1
additional,1
powerful,1
connecting,1
readings,1
bernardi,1
isolation,1
followed,1
gentiles,1
generally,1
circulating,1
lair,1
pious,1
helped,1
projected,1
screened,1
preference,1
providing,1
protestant,1
cut,1
consecrated,1
appear,1
qui,1
chester,1
union,1
mown,1
expressed,1
moving,1
result,1
mellen,1
pastoral,1
petude,1
lead,1
mauss,1
concentration,1
penumbral,1
societies,1
kegan,1
appearance,1
dionysian,1
habitually,1
rule,1
found,1
entered,1
das,1
expanses,1
sights,1
coloured,1
embracing,1
kate,1
lived,1
changed,1
scenes,1
abbey,1
fishing,1
intermediary,1
compassion,1
radical,1
requirements,1
emerge,1
effects,1
pavements,1
lent,1
congregations,1
historicity,1
abbeys,1
pointing,1
cultural,1
wales,1
dramaturgical,1
halls,1
mainly,1
heaven,1
bibliae,1
keywords,1
tools,1
divide,1
population,1
reinforce,1
tile,1
cannot,1
meet,1
scale,1
taught,1
somatic,1
jp,1
hopkins,1
wayne,1
meditation,1
affair,1
memory,1
experiment,1
indifference,1
religiosity,1
sites,1
specifically,1
none,1
artefacts,1
figurative,1
basis,1
future,1
literature,1
distinctiveness,1
updated,1
hung,1
planning,1
implement,1
paraphrase,1
listening,1
received,1
contextualized,1
nine,1
cistercien,1
thorn,1
orgy,1
varietates,1
favourable,1
occupants,1
homily,1
example,1
apparent,1
calls,1
journal,1
penetrating,1
gender,1
description,1
ten,1
insert,1
bible,1
older,1
discussions,1
aristotle,1
trumpet,1
dobson,1
demonstrates,1
queens,1
subtly,1
structures,1
stimulate,1
rows,1
documented,1
mathematical,1
forces,1
bishop,1
splendour,1
genealogies,1
confession,1
tears,1
stanford,1
interpreted,1
lollardy,1
hidden,1
approach,1
manipulation,1
sourcebook,1
norfolk,1
thrived,1
analysed,1
earth,1
selffashioning,1
good,1
exemplary,1
statistically,1
excavated,1
least,1
punctuated,1
renounced,1
love,1
aroused,1
hired,1
contrast,1
jahrbuchfur,1
synthesized,1
emphasizes,1
disembodied,1
ward,1
event,1
chant,1
around,1
woodcut,1
characteristics,1
few,1
highly,1
intrepid,1
ascetical,1
boundaries,1
optical,1
visible,1
beacon,1
progress,1
universities,1
proper,1
describes,1
notice,1
reflected,1
flamboyance,1
provided,1
lincoln,1
moved,1
auditory,1
evoked,1
actions,1
championed,1
seemed,1
avoid,1
transforming,1
chronological,1
f,1
critical,1
originally,1
situation,1
arrangement,1
forever,1
reduced,1
exeter,1
anthologies,1
advocate,1
sounding,1
materials,1
bringing,1
polished,1
populations,1
identified,1
action,1
economic,1
licence,1
synthesis,1
located,1
scriptural,1
schemes,1
disciplines,1
nearly,1
reorganization,1
upward,1
community,1
still,1
petitioning,1
thinkers,1
feretory,1
expanded,1
interactions,1
comments,1
railed,1
standing,1
builders,1
newton,1
inhabited,1
selection,1
theologians,1
positive,1
vicinity,1
about,1
once,1
ubiquity,1
depicted,1
competition,1
harmonds,1
archaeologist,1
criticism,1
relied,1
violence,1
reference,1
examined,1
interrelationship,1
read,1
devotion,1
serve,1
rain,1
wearing,1
clergy,1
expounded,1
challenged,1
neither,1
merchant,1
chris,1
extravagant,1
islam,1
assistance,1
hierarchized,1
inwards,1
rectangular,1
cahiers,1
glazing,1
topical,1
performers,1
imitating,1
belonging,1
already,1
tricks,1
touching,1
denis,1
gregorian,1
toronto,1
goodness,1
strata,1
foucault,1
harper,1
useful,1
delivery,1
gentleman,1
louder,1
party,1
solomon,1
obeisance,1
law,1
rung,1
temporarily,1
challenge,1
metaphysical,1
mediation,1
palm,1
toward,1
motifs,1
perfected,1
added,1
smith,1
sui,1
longer,1
valid,1
emplacement,1
pointer,1
endorse,1
scholars,1
ableitung,1
areas,1
clarendon,1
uninvoked,1
appeared,1
abstract,1
regulation,1
archaeopress,1
predominated,1
rebuilding,1
educated,1
walked,1
break,1
reacted,1
thirteenthor,1
surfaces,1
john,1
debates,1
handbell,1
underpin,1
condensed,1
considerable,1
pennsylvania,1
mobiliary,1
optic,1
roof,1
external,1
reasons,1
angels,1
never,1
enough,1
evoke,1
v,1
everyday,1
present,1
geography,1
tales,1
remarkable,1
imperatives,1
centre,1
clusters,1
pulley,1
where,1
validity,1
empire,1
receives,1
non,1
orthodoxy,1
vulnerable,1
renaissance,1
flesh,1
coexisted,1
council,1
psalms,1
politic,1
attitude,1
deep,1
carnal,1
inevitably,1
simplicity,1
einer,1
governance,1
widespread,1
aromascapes,1
idolatry,1
valleys,1
elevation,1
another,1
original,1
discourses,1
beholder,1
private,1
discussion,1
intimate,1
eucharist,1
intent,1
examples,1
explanation,1
accompanying,1
formal,1
diocesan,1
attainment,1
obedient,1
transgressive,1
arose,1
enormous,1
depended,1
worship,1
complexities,1
medium,1
identity,1
endeavour,1
concern,1
imbued,1
host,1
entirely,1
combining,1
ofst,1
assumption,1
emphasize,1
francis,1
assume,1
renunciation,1
submitted,1
questions,1
processes,1
hour,1
nothing,1
individuals,1
examination,1
trust,1
full,1
vices,1
option,1
eleventh,1
lyre,1
chancel,1
prep,1
sleight,1
described,1
aristocratic,1
exertion,1
significance,1
tiles,1
leatheror,1
volition,1
biblical,1
truths,1
formulaic,1
individualized,1
reality,1
authors,1
communicated,1
welcomed,1
express,1
language,1
pulpitum,1
virtues,1
reputation,1
logic,1
issn,1
held,1
spire,1
times,1
pride,1
instigate,1
exquisite,1
exivimus,1
spread,1
function,1
summer,1
plant,1
protruding,1
static,1
worldly,1
lie,1
grisailles,1
proximity,1
anyone,1
earlier,1
tasting,1
standard,1
repeated,1
labour,1
article,1
commentators,1
systems,1
promote,1
imaginative,1
eyes,1
parallel,1
epistemology,1
newcastle,1
topics,1
exactly,1
examine,1
extramission,1
james,1
wills,1
priests,1
hard,1
galleries,1
workshop,1
macmillan,1
ground,1
sine,1
connections,1
embodied,1
propose,1
achieve,1
attention,1
concluded,1
species,1
naveaisle,1
malta,1
landholdings,1
ranging,1
carried,1
rope,1
suggest,1
asking,1
snatches,1
penguin,1
verses,1
imply,1
humanities,1
hufgard,1
science,1
movements,1
soupiness,1
crucial,1
johns,1
zealously,1
poplo,1
fully,1
fourteenthor,1
canonical,1
trefoil,1
arduous,1
wiener,1
male,1
institutions,1
nexus,1
ritualized,1
transformed,1
trumpeting,1
diversity,1
basso,1
parcel,1
effectively,1
norwich,1
proposition,1
interplay,1
remaining,1
recognize,1
whereby,1
try,1
confuses,1
angelus,1
evolution,1
feasts,1
strive,1
inspired,1
rudolph,1
expectations,1
continually,1
mnemonics,1
hope,1
enforced,1
types,1
fields,1
exists,1
sympathy,1
get,1
itself,1
face,1
mirror,1
arts,1
problematic,1
conservation,1
detail,1
family,1
rite,1
school,1
proof,1
sampson,1
share,1
contained,1
authorities,1
heavy,1
spiritualities,1
any,1
thinking,1
associated,1
growing,1
retrieving,1
redemption,1
rievaulx,1
corresponded,1
conjunction,1
grand,1
ringing,1
founded,1
invoked,1
extension,1
tiered,1
theme,1
marcel,1
scrutiny,1
temporal,1
plea,1
symbol,1
listeners,1
der,1
cover,1
resonance,1
natural,1
historiated,1
dairy,1
anthropological,1
intangible,1
anthropology,1
correspond,1
cultures,1
portal,1
novel,1
nobility,1
setting,1
seem,1
albeit,1
multiperiod,1
best,1
candlemas,1
ubiquitous,1
leaders,1
printed,1
argue,1
half,1
civic,1
current,1
domestic,1
report,1
epistemological,1
neoplatonists,1
provoke,1
wealthier,1
rely,1
cautious,1
thirteenthcentury,1
generalized,1
examining,1
utilized,1
thompson,1
smelling,1
better,1
intoned,1
believed,1
beginning,1
franciscan,1
augustine,1
mertes,1
heads,1
economy,1
lighten,1
evocation,1
carefully,1
briick,1
rose,1
desires,1
tailored,1
sociology,1
saviour,1
attitudes,1
passed,1
map,1
platonic,1
warn,1
tightly,1
extent,1
repetitive,1
thames,1
prestige,1
entice,1
projection,1
cloth,1
phenomenological,1
influenced,1
amplification,1
almost,1
u,1
suggests,1
instilled,1
ideal,1
permeated,1
categories,1
qua,1
swanson,1
massed,1
varieties,1
unintelligibility,1
recognition,1
multiple,1
extracts,1
ockham,1
politics,1
little,1
content,1
selfknowledge,1
regulate,1
giving,1
rycraft,1
preached,1
commissioned,1
impulses,1
vero,1
figural,1
lesson,1
clothing,1
ranks,1
garland,1
allows,1
maintained,1
aims,1
goals,1
correspondences,1
waves,1
assuredly,1
greenwell,1
sanctified,1
internalized,1
contrasts,1
relates,1
prepared,1
unexplored,1
analogy,1
come,1
extemporize,1
invested,1
enthusiasm,1
origins,1
devoted,1
understandings,1
shown,1
spring,1
survival,1
argues,1
literacy,1
rediscovery,1
envisaged,1
conditions,1
opens,1
magnate,1
finally,1
vernacular,1
doomed,1
prolonged,1
instead,1
touches,1
land,1
realism,1
cooper,1
cognitive,1
consumption,1
socially,1
need,1
green,1
evidence,1
manufacture,1
guiding,1
masses,1
product,1
smaller,1
doctrinally,1
integration,1
variously,1
you,1
definite,1
attempted,1
off,1
programme,1
organ,1
repents,1
presenting,1
enclosure,1
morning,1
comparison,1
observation,1
supported,1
drift,1
posture,1
attending,1
themselves,1
ascendancy,1
rejection,1
scholarship,1
vary,1
reached,1
cheaper,1
era,1
create,1
bounds,1
ownership,1
sheer,1
participant,1
much,1
excoriating,1
strong,1
seek,1
taylor,1
north,1
observed,1
patronal,1
cross,1
successive,1
attendance,1
showed,1
race,1
close,1
super,1
row,1
suger,1
