WORDCOUNTS,WEIGHT
the,312
of,169
and,140
to,132
in,102
a,101
that,62
was,57
i,49
as,43
with,39
were,38
they,36
on,33
had,29
by,28
community,26
their,26
is,26
for,25
this,25
from,23
an,22
who,21
local,20
them,19
are,17
at,16
it,16
group,15
church,15
syrian,15
monastery,15
syria,15
me,14
my,14
people,14
site,13
been,13
study,13
samir,13
these,12
aleppo,12
have,12
christian,11
about,11
history,11
most,11
contemporary,11
be,11
his,10
mar,10
but,10
cultural,10
archaeology,10
groups,9
not,9
many,9
there,9
has,9
region,9
one,9
when,9
village,8
into,8
over,8
all,8
city,8
would,8
men,8
university,7
only,7
more,7
sunday,7
past,7
largely,7
students,7
fr,7
back,7
villages,7
orthodox,7
will,6
he,6
or,6
ancient,6
then,6
hay,6
belonging,6
social,6
other,6
population,6
emma,6
suryan,6
subject,6
farida,6
archaeological,6
interest,6
loosley,6
villagers,6
young,6
we,6
than,6
massif,5
now,5
if,5
began,5
limestone,5
also,5
heritage,5
tchalenko,5
town,5
found,5
late,5
those,5
her,5
while,5
early,5
sites,5
some,5
given,5
question,5
since,5
de,5
sense,5
so,5
after,5
few,5
kurdish,4
likely,4
no,4
seen,4
religious,4
read,4
deir,4
du,4
two,4
known,4
monuments,4
musa,4
paul,4
quickly,4
geuthner,4
approximately,4
trips,4
took,4
well,4
elian,4
viewed,4
less,4
information,4
having,4
yusuf,4
italian,4
art,4
churches,4
qaryatayn,4
west,4
still,4
whole,4
place,4
which,4
away,4
decided,4
century,4
syriac,4
small,4
subjects,4
taking,4
engineering,4
christians,4
up,4
centre,4
visit,4
antoine,3
across,3
c,3
talk,3
bedu,3
backgammon,3
feel,3
english,3
lives,3
studies,3
playing,3
any,3
morning,3
series,3
first,3
every,3
members,3
each,3
minorities,3
very,3
liturgy,3
historical,3
farmer,3
coffee,3
almost,3
lead,3
places,3
state,3
following,3
new,3
where,3
system,3
case,3
ignorance,3
g,3
day,3
because,3
studying,3
project,3
such,3
vol,3
e,3
future,3
middle,3
communities,3
before,3
through,3
knowledge,3
became,3
gave,3
questions,3
engineers,3
antique,3
years,3
interested,3
clear,3
discovered,3
due,3
twentieth,3
syrie,3
relatively,3
general,3
emigration,3
kind,3
hiking,3
spent,3
several,3
enough,3
least,3
choose,3
between,3
research,3
themselves,3
eglises,3
little,3
traditional,3
practically,3
world,3
among,3
traditions,3
moved,3
la,3
valuable,3
society,3
architecture,2
seventh,2
therefore,2
ruins,2
relationship,2
recognized,2
today,2
spelling,2
school,2
way,2
inhabitants,2
bring,2
foreign,2
order,2
widespread,2
female,2
success,2
prove,2
frequently,2
force,2
proportion,2
importance,2
nabo,2
why,2
settled,2
three,2
elderly,2
museum,2
months,2
arts,2
old,2
continuity,2
seeing,2
us,2
family,2
teens,2
excavation,2
unlike,2
its,2
home,2
planned,2
culture,2
days,2
exceptions,2
dominate,2
mediaeval,2
emigrate,2
age,2
illustrated,2
economically,2
outsiders,2
katerji,2
rather,2
shepherds,2
majority,2
bright,2
taken,2
important,2
feeling,2
central,2
worked,2
friends,2
projects,2
closely,2
fact,2
best,2
outside,2
lack,2
east,2
exploration,2
walk,2
knowing,2
undertake,2
generations,2
regard,2
visiting,2
until,2
choice,2
time,2
out,2
studied,2
shared,2
ordered,2
take,2
man,2
nord,2
last,2
may,2
further,2
phd,2
current,2
hobby,2
ruined,2
within,2
occupied,2
terms,2
younger,2
saint,2
vast,2
books,2
lived,2
institute,2
felt,2
display,2
suspicion,2
understanding,2
exploring,2
literature,2
engineer,2
foreigners,2
level,2
women,2
say,2
part,2
far,2
despite,2
befriended,2
himself,2
went,2
year,2
use,2
during,2
itinerary,2
make,2
families,2
immediately,2
roman,2
already,2
come,2
trip,2
lucrative,2
turkey,2
touch,2
ties,2
own,2
advent,2
weeks,2
welcomed,2
points,2
oriental,2
lectures,2
course,2
am,2
exercise,2
guided,2
turn,2
remains,2
around,2
life,2
wider,2
highest,2
attending,2
arranged,2
hills,2
boundaries,2
effect,2
london,2
working,2
st,2
student,2
roots,2
cycle,2
dayr,2
value,2
asked,2
attendance,2
widely,2
perception,2
baccalaureate,2
later,1
brave,1
final,1
countryside,1
south,1
dealing,1
book,1
carried,1
threatens,1
failed,1
go,1
romaine,1
fifty,1
girl,1
poor,1
online,1
downgraded,1
interesting,1
written,1
autumn,1
currently,1
applications,1
sons,1
surface,1
circle,1
antioch,1
owes,1
whose,1
demand,1
recollections,1
essential,1
frequent,1
outsider,1
provide,1
without,1
various,1
butler,1
visually,1
bringing,1
act,1
journey,1
science,1
centres,1
inaccurate,1
aim,1
gather,1
economic,1
demoralizing,1
five,1
vepoque,1
holiday,1
vanished,1
continuing,1
know,1
unimaginably,1
happy,1
reminding,1
how,1
conclusion,1
tools,1
result,1
infestation,1
she,1
encouraged,1
carefully,1
caught,1
miraculously,1
considering,1
vague,1
career,1
en,1
landscape,1
dressed,1
return,1
disenfranchised,1
chartered,1
resident,1
glamorous,1
attitude,1
fruit,1
ten,1
abbot,1
presses,1
annoyed,1
highway,1
contrast,1
get,1
cared,1
snooker,1
parents,1
ethnographic,1
july,1
schoolchild,1
mechanics,1
vocation,1
above,1
opportunity,1
festival,1
stands,1
deprived,1
returned,1
explaining,1
pushed,1
changed,1
crossing,1
per,1
passing,1
interplay,1
standing,1
afield,1
eighties,1
speakers,1
remaining,1
ultimatum,1
area,1
try,1
settlements,1
turks,1
led,1
strange,1
could,1
plenty,1
antiquity,1
surveyed,1
inhabited,1
archbishop,1
often,1
answering,1
properly,1
distant,1
stem,1
islamic,1
extant,1
guide,1
awareness,1
once,1
wealth,1
scattered,1
live,1
carpenter,1
loaned,1
spark,1
answer,1
education,1
donkey,1
h,1
encompasses,1
trying,1
means,1
modern,1
patriarch,1
references,1
treated,1
trailer,1
easily,1
gertrude,1
tractor,1
caravan,1
publications,1
instantly,1
older,1
thought,1
confessed,1
country,1
soon,1
conservation,1
cement,1
routledqe,1
wanted,1
evolved,1
whereas,1
former,1
considered,1
increased,1
god,1
females,1
hours,1
possibly,1
flight,1
pensioners,1
claims,1
improvement,1
thesis,1
established,1
staying,1
direction,1
shirt,1
photographs,1
organized,1
encourage,1
included,1
slowly,1
rarely,1
teaches,1
recently,1
informal,1
spoke,1
proved,1
islam,1
under,1
complete,1
driven,1
just,1
historian,1
appear,1
unimportant,1
same,1
teaching,1
spontaneously,1
something,1
sharply,1
temple,1
friendship,1
always,1
comes,1
excitement,1
princeton,1
descriptions,1
lanes,1
located,1
too,1
largest,1
must,1
hoping,1
existence,1
spelt,1
cucumbers,1
unusually,1
simply,1
instructed,1
devout,1
potential,1
ever,1
being,1
said,1
friend,1
assimilated,1
came,1
beside,1
steadiest,1
anything,1
anthropology,1
gossip,1
upon,1
requested,1
satisfactory,1
unsuitable,1
keen,1
cream,1
generally,1
organization,1
routes,1
long,1
mixes,1
awakened,1
disappearing,1
mixture,1
leader,1
fresco,1
strenuous,1
visitor,1
view,1
amateurs,1
sweden,1
willing,1
searching,1
exclusive,1
concerned,1
set,1
belief,1
ride,1
couples,1
power,1
request,1
give,1
childhood,1
preference,1
encourages,1
motor,1
others,1
protestant,1
spend,1
questioned,1
bema,1
secretary,1
preferences,1
arrival,1
drink,1
fluid,1
bayt,1
graduates,1
unbroken,1
belus,1
cent,1
routine,1
water,1
hopefully,1
talking,1
nature,1
paper,1
arrived,1
did,1
different,1
remembered,1
s,1
inclined,1
able,1
look,1
reach,1
idea,1
onwards,1
consideration,1
breakfast,1
board,1
route,1
theology,1
tradition,1
skills,1
ago,1
professed,1
leading,1
professions,1
leaders,1
assess,1
curious,1
continued,1
room,1
comfort,1
histories,1
putting,1
walked,1
accompanied,1
clan,1
turkish,1
wealthy,1
great,1
wall,1
sexes,1
typical,1
abstract,1
access,1
money,1
sang,1
six,1
expeditions,1
transliteration,1
regaining,1
sanctity,1
post,1
exotic,1
moses,1
seven,1
educated,1
vibrant,1
particularly,1
pointed,1
somehow,1
manchester,1
linked,1
understandable,1
obviously,1
chosen,1
maps,1
syrians,1
pitied,1
end,1
debates,1
near,1
benefit,1
foreignlanguage,1
descended,1
allocated,1
examining,1
elsewhere,1
help,1
discussed,1
prayers,1
attained,1
made,1
called,1
proposed,1
ethos,1
works,1
spectacular,1
living,1
scores,1
options,1
absolutely,1
evaluate,1
academic,1
feels,1
miles,1
fourth,1
beginning,1
ground,1
graverobber,1
contact,1
understood,1
political,1
shall,1
according,1
tomb,1
vocational,1
let,1
growing,1
discipline,1
hinterland,1
road,1
checked,1
turned,1
notable,1
handled,1
forfeit,1
keywords,1
second,1
stopped,1
month,1
photocopied,1
boasts,1
evenings,1
meetings,1
disabled,1
form,1
list,1
see,1
northwards,1
malaise,1
tell,1
meet,1
degree,1
together,1
cause,1
meal,1
dance,1
unsympathetic,1
woke,1
takes,1
material,1
house,1
record,1
jeans,1
dancing,1
agricultural,1
attitudes,1
hoped,1
validate,1
dialect,1
fieldwork,1
perhaps,1
stories,1
explain,1
approached,1
vehicles,1
trade,1
levant,1
tie,1
dying,1
leaving,1
problem,1
prayer,1
unaware,1
knowledgeable,1
rootlessness,1
listen,1
note,1
creates,1
structures,1
sought,1
going,1
restored,1
mass,1
reason,1
require,1
seeking,1
exception,1
annual,1
notebook,1
arte,1
fight,1
sporting,1
gained,1
animated,1
another,1
published,1
venerated,1
arabic,1
descendants,1
network,1
basis,1
relatives,1
standard,1
praying,1
closed,1
concentrating,1
manner,1
substantial,1
situated,1
spending,1
condition,1
photocopy,1
whom,1
grandsons,1
displaying,1
reaching,1
planning,1
herded,1
eccentrics,1
residents,1
pursue,1
reached,1
presumed,1
solely,1
radically,1
tour,1
amazed,1
julian,1
staging,1
discovery,1
views,1
even,1
move,1
qualifications,1
broken,1
instituted,1
vital,1
locate,1
nearest,1
medical,1
says,1
desert,1
plagiarisms,1
impracticable,1
ruled,1
alien,1
met,1
point,1
drew,1
scorned,1
example,1
previously,1
conception,1
mesopotamian,1
frescoes,1
apparent,1
courses,1
dislocation,1
spoken,1
transcended,1
related,1
role,1
invitations,1
cohesive,1
finding,1
danish,1
african,1
worship,1
data,1
identity,1
commonly,1
top,1
minority,1
deacon,1
disciplines,1
returning,1
admiring,1
significant,1
validates,1
bible,1
monastic,1
missionary,1
reasoned,1
killed,1
edessa,1
picnic,1
twenties,1
tied,1
poster,1
needed,1
francis,1
appointed,1
memories,1
herds,1
destination,1
lunch,1
exceptionally,1
work,1
survey,1
aims,1
pleasure,1
formerly,1
actually,1
learned,1
gain,1
habib,1
concept,1
coming,1
boulos,1
think,1
frivolous,1
comprised,1
divorced,1
like,1
precarious,1
nothing,1
aspires,1
relates,1
examination,1
despoil,1
named,1
personal,1
full,1
ice,1
option,1
however,1
recruitment,1
stayed,1
enthusiasm,1
overseas,1
collated,1
ultimately,1
theoretical,1
spring,1
accuracy,1
grant,1
used,1
damascus,1
commercial,1
medieval,1
unable,1
immediate,1
low,1
status,1
eating,1
initiated,1
sheep,1
objective,1
historic,1
visited,1
graduate,1
approach,1
doctors,1
telephoned,1
eccentric,1
jacques,1
national,1
unedited,1
language,1
doctor,1
finally,1
monetary,1
highlight,1
accept,1
supportive,1
collapsed,1
someone,1
statues,1
workers,1
creating,1
leave,1
issn,1
gun,1
revitalize,1
include,1
although,1
painting,1
evening,1
integrated,1
started,1
land,1
upheavals,1
caused,1
georges,1
alienated,1
socially,1
period,1
spread,1
smiling,1
abu,1
function,1
summer,1
extended,1
him,1
smaller,1
parish,1
heartland,1
high,1
blown,1
courteously,1
visa,1
finds,1
dress,1
next,1
hearing,1
iced,1
devise,1
le,1
bus,1
accessible,1
anyone,1
keenly,1
share,1
rushed,1
cultivating,1
daughter,1
preservation,1
black,1
aramaic,1
settlement,1
inscription,1
extremely,1
preserve,1
involved,1
adopted,1
self,1
forms,1
ranged,1
kafar,1
calling,1
shame,1
courtauld,1
destroy,1
greek,1
educational,1
secretaries,1
beforehand,1
embraced,1
offered,1
especially,1
aleppian,1
random,1
amount,1
highly,1
disadvantage,1
pontifical,1
shabby,1
chapel,1
spreads,1
listened,1
presence,1
lift,1
km,1
disrespectful,1
sunburned,1
choosing,1
large,1
prospects,1
tuesday,1
ancestral,1
ancestors,1
plans,1
usual,1
relating,1
telling,1
recovered,1
can,1
fully,1
farmers,1
arab,1
bursting,1
ignite,1
exclusively,1
universities,1
translate,1
entire,1
travels,1
pathway,1
syriennes,1
develop,1
abandoned,1
atheist,1
token,1
allwomen,1
antiques,1
elbow,1
strong,1
saw,1
taylor,1
sun,1
amateur,1
altogether,1
slept,1
north,1
responsibility,1
should,1
civil,1
quarter,1
kurds,1
achieve,1
built,1
encompassing,1
chambers,1
naseef,1
questioning,1
footwear,1
major,1
bce,1
evicted,1
suit,1
liturgical,1
termite,1
bursaries,1
incentive,1
hypothesis,1
