WORDCOUNTS,WEIGHT
the,381
of,202
and,174
in,145
a,141
to,125
is,88
at,68
are,56
as,54
from,53
that,48
deer,44
it,41
which,39
this,38
with,37
have,36
be,36
size,33
economic,32
not,30
molino,30
or,29
neolithic,29
red,28
an,28
for,27
were,27
casarotto,26
than,26
has,25
by,24
been,23
there,21
sites,21
on,21
may,20
large,20
domestic,19
age,18
human,18
wild,18
but,17
evidence,17
other,16
more,15
economy,15
pigs,15
animal,15
animals,15
species,15
they,14
two,14
rivoli,14
population,14
change,14
between,14
cattle,14
was,13
specimens,13
would,13
thus,12
individuals,12
north,12
all,11
later,11
such,11
relationship,10
its,10
bronze,10
many,10
italian,10
some,10
r,10
can,10
roe,10
mortality,9
their,9
any,9
sheep,9
could,9
pattern,9
data,9
being,9
term,9
present,9
no,8
way,8
if,8
populations,8
mean,8
similar,8
h,8
into,8
culture,8
same,8
these,8
i,8
those,8
possible,8
decrease,8
small,8
smaller,7
high,7
considered,7
most,7
exploited,7
first,7
jarman,7
each,7
husbandry,7
while,7
killed,7
goats,7
early,7
pottery,7
does,6
usually,6
pig,6
case,6
only,6
picture,6
view,6
europe,6
j,6
available,6
very,6
m,6
isera,6
michael,6
bos,6
likely,6
increase,6
factor,6
years,6
both,6
ratio,6
although,6
period,6
one,6
seems,6
old,6
occur,6
european,5
situation,5
absence,5
higher,5
l,5
di,5
group,5
tondo,5
changes,5
exploitation,5
important,5
monte,5
greater,5
them,5
less,5
well,5
economies,5
much,5
caprine,5
our,5
status,5
sample,5
response,5
presence,5
c,5
also,5
we,5
f,4
torri,4
common,4
basic,4
scienze,4
importance,4
study,4
analysis,4
fall,4
environment,4
e,4
had,4
different,4
prehistoric,4
d,4
did,4
indicate,4
indeed,4
time,4
primigenius,4
difficult,4
cereal,4
based,4
particular,4
because,4
degree,4
almost,4
herd,4
caprines,4
significant,4
linked,4
trend,4
relationships,4
individual,4
so,4
plant,4
probable,4
classification,4
highly,4
become,4
when,4
relative,4
should,4
major,4
hypothesis,4
curve,3
decreasing,3
italy,3
overall,3
remain,3
biotope,3
site,3
environmental,3
introduction,3
deciduous,3
percentage,3
existed,3
about,3
suited,3
sex,3
w,3
forest,3
numbers,3
frequently,3
must,3
four,3
long,3
commonly,3
s,3
female,3
paper,3
cultures,3
shows,3
consideration,3
great,3
man,3
late,3
date,3
fourth,3
explanations,3
what,3
return,3
plants,3
sophisticated,3
earlier,3
near,3
bones,3
criteria,3
another,3
local,3
basis,3
used,3
upon,3
range,3
practice,3
london,3
stock,3
genetically,3
aged,3
terms,3
soc,3
year,3
use,3
food,3
collection,3
controlled,3
economically,3
processes,3
rare,3
throughout,3
comparable,3
low,3
average,3
archaeological,3
g,3
known,3
sense,3
occurs,3
below,3
domestication,3
suggest,3
developed,3
features,3
berici,3
especially,3
few,3
potential,3
ancestors,3
single,3
effect,3
even,3
given,3
spite,3
technological,3
though,3
close,3
increasing,2
van,2
preistoriche,2
mechanisms,2
indication,2
where,2
second,2
proc,2
indicators,2
polished,2
figure,2
purely,2
groups,2
taxonomy,2
how,2
separated,2
reasonable,2
critical,2
weighted,2
attitude,2
millennia,2
process,2
rather,2
reduce,2
represented,2
seen,2
still,2
notably,2
proportion,2
woods,2
per,2
becoming,2
dr,2
life,2
special,2
star,2
productive,2
rate,2
factors,2
competition,2
supposed,2
interpretation,2
itself,2
category,2
capreolus,2
thought,2
modern,2
reproductive,2
prehistory,2
varying,2
consider,2
alone,2
nat,2
us,2
history,2
intensive,2
darling,2
light,2
associated,2
before,2
torbiere,2
impact,2
too,2
without,2
measurements,2
carr,2
increasingly,2
herbivores,2
indications,2
provide,2
majority,2
alternative,2
belief,2
power,2
association,2
similarly,2
behaviour,2
worth,2
lead,2
reach,2
riv,2
concentration,2
pressure,2
found,2
faunal,2
effort,2
particularly,2
out,2
changed,2
timidity,2
full,2
notiziario,2
contemporary,2
vlaardingen,2
number,2
identical,2
domesticated,2
complete,2
past,2
feature,2
isolated,2
appeared,2
question,2
further,2
verona,2
decreased,2
unlikely,2
automatically,2
techniques,2
accepted,2
whether,2
viewed,2
ad,2
form,2
larger,2
until,2
necessary,2
otherwise,2
males,2
visible,2
produce,2
pleistocene,2
densities,2
primary,2
possibility,2
encountered,2
agriculture,2
require,2
remained,2
information,2
original,2
artefacts,2
development,2
suggests,2
logical,2
categories,2
middle,2
bc,2
inferred,2
permitted,2
survive,2
who,2
clear,2
heavily,2
except,2
regards,2
reduction,2
due,2
samples,2
giving,2
woodland,2
minimum,2
variable,2
cropping,2
therefore,2
describe,2
intermediate,2
substantially,2
climatic,2
coming,2
della,2
teeth,2
like,2
hunted,2
consistent,2
overlap,2
professor,2
specimen,2
difficulties,2
bison,2
significance,2
definitely,2
cambridge,2
wheat,2
advent,2
three,2
morphological,2
taxonomic,2
millennium,2
good,2
evidently,2
p,2
fauna,2
characterized,2
measurable,2
assessment,2
contrast,2
accurate,2
area,2
after,2
prehist,2
came,2
provides,2
latter,2
inextricably,2
several,2
best,2
addition,2
allowed,2
justifiable,2
young,2
themselves,2
decline,2
distinguished,2
excavations,2
point,2
hills,2
third,2
do,2
feral,2
customary,2
studii,2
dropping,2
bovine,2
mature,2
libyan,2
inventions,2
tendency,2
recent,2
stone,2
classified,2
attention,2
swine,2
seem,2
separate,2
survived,1
settlers,1
chronological,1
frequent,1
will,1
coinciding,1
entities,1
depth,1
operation,1
communities,1
now,1
vicentino,1
mesolithic,1
groupings,1
nel,1
produces,1
lond,1
northern,1
serviceable,1
adequate,1
abundance,1
realistic,1
whose,1
bull,1
interbreeding,1
today,1
centred,1
beast,1
complex,1
practices,1
curves,1
declining,1
continued,1
steadily,1
true,1
science,1
medieval,1
sometimes,1
ecological,1
identified,1
commentary,1
five,1
hinds,1
complexities,1
main,1
boars,1
short,1
technique,1
created,1
bound,1
encouraged,1
hill,1
represent,1
preconceptions,1
others,1
favour,1
certain,1
levels,1
order,1
rocca,1
model,1
primarily,1
exception,1
subsistence,1
implies,1
dimensions,1
object,1
lost,1
sensitive,1
poses,1
excavators,1
heavier,1
over,1
examined,1
dwellings,1
trait,1
probability,1
zoological,1
flexible,1
distinction,1
incomprehensible,1
considering,1
remaining,1
b,1
recognize,1
mus,1
attach,1
direct,1
zoology,1
hester,1
hitherto,1
partially,1
studies,1
aquatic,1
superseded,1
sharp,1
effective,1
brothwell,1
extra,1
label,1
prime,1
scarcity,1
chamois,1
feel,1
word,1
something,1
dismiss,1
abundant,1
absorbed,1
gave,1
constitutes,1
relied,1
cannot,1
yet,1
ways,1
types,1
nelle,1
shortage,1
liability,1
metrical,1
akin,1
instances,1
exceptional,1
reason,1
easily,1
clark,1
nor,1
largely,1
higgs,1
soon,1
adige,1
thick,1
east,1
earliest,1
technology,1
under,1
females,1
water,1
presso,1
vastly,1
detail,1
selective,1
fast,1
neither,1
western,1
established,1
wooded,1
acquired,1
afr,1
reflects,1
grains,1
swamp,1
repeated,1
contained,1
stratigraphic,1
pasture,1
practised,1
irreversible,1
total,1
biassed,1
then,1
die,1
storia,1
distinguishable,1
stable,1
elsewhere,1
driven,1
proposed,1
iooo,1
following,1
placed,1
connotations,1
gradually,1
separating,1
result,1
preoccupation,1
source,1
ancestor,1
argued,1
conjunction,1
comparison,1
upper,1
university,1
largest,1
naturale,1
surplus,1
zool,1
show,1
trentzii,1
reports,1
completely,1
reliance,1
extensive,1
operate,1
farmed,1
lower,1
noted,1
damaging,1
fact,1
people,1
additional,1
expanding,1
invoking,1
confuse,1
archaeologists,1
implied,1
dubious,1
rinvenimenti,1
deter,1
either,1
ambiguities,1
beyond,1
nature,1
concerning,1
considers,1
efficient,1
australia,1
steeper,1
ox,1
musk,1
generally,1
quotes,1
supports,1
rhum,1
arrival,1
members,1
peoples,1
certainly,1
meat,1
creation,1
reconsideration,1
inherent,1
permanent,1
reconsidering,1
set,1
care,1
faculty,1
archaeol,1
cover,1
taken,1
quickly,1
trained,1
again,1
defining,1
relaxation,1
ran,1
cut,1
attempt,1
jarmo,1
appear,1
numerical,1
unintentional,1
message,1
demonstrable,1
fundamental,1
osteological,1
wish,1
fragmentary,1
possessing,1
practicability,1
towards,1
whereas,1
pigdeer,1
fulfill,1
associate,1
switzerland,1
trentini,1
hunters,1
closely,1
definition,1
my,1
formidable,1
hobler,1
attribute,1
clason,1
lack,1
linnaean,1
anzimal,1
complications,1
questioned,1
deterioration,1
bernensia,1
continue,1
reinforced,1
nevertheless,1
unknown,1
agrarian,1
assess,1
broadly,1
appearance,1
striking,1
carrying,1
difficulty,1
reasons,1
dated,1
abstract,1
exclusion,1
rearing,1
confirming,1
report,1
osteologically,1
ibex,1
choice,1
seldom,1
ambiguity,1
seven,1
milk,1
come,1
arises,1
alternatively,1
inquisitive,1
isolate,1
decreases,1
obviously,1
farming,1
trieste,1
fallen,1
demographic,1
herding,1
valli,1
hunting,1
veneto,1
doubt,1
sensible,1
listing,1
considerable,1
slaughter,1
half,1
help,1
climate,1
achieved,1
favouring,1
edition,1
respects,1
type,1
scrofa,1
function,1
loose,1
evident,1
conclusions,1
alert,1
left,1
greatly,1
growing,1
precisely,1
unchanged,1
concepts,1
equally,1
occupation,1
insediamento,1
causes,1
let,1
domesticable,1
seeberg,1
reduced,1
within,1
weaklings,1
anthropology,1
combined,1
neolitico,1
recently,1
selected,1
ones,1
making,1
references,1
immature,1
coincided,1
fend,1
cause,1
younger,1
extinction,1
occasional,1
maturity,1
disparity,1
however,1
maintain,1
existence,1
sus,1
required,1
seasonal,1
statement,1
olocenica,1
capacities,1
exploit,1
approached,1
portion,1
eds,1
recorded,1
manage,1
extent,1
king,1
lived,1
succumb,1
superior,1
died,1
tend,1
advice,1
foundations,1
directly,1
amplified,1
me,1
acknowledgements,1
maturing,1
unable,1
discuss,1
rests,1
expensive,1
pursued,1
cervus,1
remains,1
vulnerability,1
enrichment,1
producers,1
eliminated,1
predict,1
delle,1
none,1
quantities,1
felt,1
becomes,1
recognizing,1
distinguish,1
tempting,1
instance,1
withstand,1
danish,1
contain,1
exclusively,1
divided,1
inherently,1
work,1
coherent,1
diverge,1
matter,1
contexts,1
effectiveness,1
received,1
implication,1
alter,1
mem,1
made,1
little,1
tool,1
fraser,1
occupy,1
level,1
bath,1
forage,1
compared,1
desert,1
slightly,1
o,1
marked,1
disadvantage,1
mental,1
leads,1
reported,1
supply,1
eneolithic,1
conceptual,1
events,1
slopes,1
far,1
introduced,1
ignores,1
explains,1
despite,1
revert,1
predominates,1
indicating,1
selecting,1
classifications,1
ovis,1
proportions,1
knowledge,1
see,1
sufficiently,1
confirm,1
confined,1
apply,1
role,1
civ,1
representing,1
birds,1
ageing,1
against,1
concern,1
caught,1
parameters,1
profitable,1
fimon,1
atti,1
v,1
vast,1
designate,1
holland,1
hypotheses,1
consistently,1
succeeded,1
older,1
sciezze,1
during,1
fasani,1
virtually,1
refers,1
reliably,1
discussion,1
productivity,1
issues,1
phenomenon,1
density,1
sequence,1
maintained,1
ideas,1
cava,1
aspect,1
slicher,1
think,1
take,1
real,1
implications,1
elaphus,1
resource,1
disease,1
prey,1
radiocarbon,1
focuses,1
differed,1
autumn,1
disadvantages,1
adriatica,1
origins,1
tell,1
draught,1
asking,1
recording,1
explained,1
subsequent,1
antiquity,1
immediate,1
difference,1
strengthened,1
open,1
cultivation,1
preistorici,1
hungary,1
trends,1
objective,1
attributed,1
opposed,1
safe,1
t,1
assignment,1
fallacy,1
assisted,1
dei,1
numerically,1
boll,1
points,1
predators,1
interest,1
explanation,1
staple,1
commonest,1
percentages,1
characteristic,1
relatively,1
grinding,1
detriment,1
held,1
contributed,1
general,1
acta,1
ist,1
unsuitable,1
attested,1
isolating,1
helpful,1
cultural,1
morphologically,1
need,1
spread,1
physical,1
questionable,1
emerges,1
revolution,1
premium,1
suggestive,1
exceeding,1
expected,1
thank,1
attributes,1
static,1
maximize,1
lie,1
kind,1
kept,1
jequier,1
turn,1
daub,1
preservation,1
phrase,1
cases,1
precludes,1
typology,1
senile,1
elements,1
faunae,1
involved,1
around,1
never,1
overshadowed,1
underlying,1
places,1
unconnected,1
influence,1
crosses,1
characteristics,1
thousand,1
specific,1
random,1
positive,1
problems,1
having,1
contrary,1
occurring,1
systems,1
revealing,1
elaborate,1
archaeology,1
significantly,1
assumed,1
impressions,1
clarify,1
supposedly,1
research,1
groningen,1
sight,1
reference,1
forgo,1
usual,1
whereabouts,1
deliberate,1
inasmuch,1
objects,1
recovered,1
attendant,1
crude,1
part,1
create,1
minium,1
jericho,1
weight,1
improbable,1
maximum,1
swiss,1
probably,1
consumption,1
element,1
archaeologist,1
valley,1
breeding,1
goat,1
dependent,1
minor,1
discusses,1
cereals,1
capra,1
figures,1
correspondence,1
strong,1
negligible,1
tierreste,1
occasion,1
sydney,1
provided,1
achieve,1
manufacture,1
la,1
extremely,1
rates,1
better,1
widely,1
customarily,1
colli,1
ssllaa,1
selectively,1
input,1
