WORDCOUNTS,WEIGHT
the,374
of,290
and,187
in,148
a,112
to,90
as,60
is,59
for,54
be,48
that,44
are,44
have,42
which,39
on,37
it,36
with,36
or,35
these,33
archaeological,33
at,32
time,31
not,31
were,29
archaeology,26
might,25
greek,25
by,24
been,24
this,23
an,22
from,22
they,21
has,21
university,20
most,19
j,18
was,18
space,17
more,17
c,17
i,16
scales,16
can,16
we,16
social,15
all,14
some,14
may,14
houses,14
sites,14
even,13
than,13
no,13
l,13
their,13
though,13
et,13
temporal,13
sanctuary,12
used,12
where,12
m,11
such,11
house,11
archaeologists,11
activities,11
al,11
but,11
classical,11
use,11
life,11
contexts,10
other,10
landscape,10
about,10
greece,10
press,10
one,9
had,9
there,9
functions,9
distribution,9
artefacts,9
part,9
interpretation,9
pp,9
many,9
patterns,9
material,9
domestic,9
foxhall,9
fixed,8
room,8
within,8
case,8
e,8
lin,8
data,8
structures,8
running,8
likely,8
same,8
also,8
so,8
sands,8
sherds,8
different,8
very,8
much,8
history,7
s,7
ad,7
record,7
permanent,7
appear,7
rooms,7
r,7
small,7
only,7
number,7
period,7
figure,7
often,7
associated,7
school,7
spatial,7
them,7
cambridge,7
evidence,7
dema,7
zeus,7
if,6
h,6
sources,6
loom,6
b,6
could,6
out,6
well,6
people,6
suggest,6
settlement,6
few,6
ancient,6
largely,6
vari,6
particularly,6
past,6
rural,6
terms,6
seasonal,6
through,6
land,6
remains,6
between,6
artemis,6
oracle,5
easily,5
into,5
t,5
motivations,5
found,5
those,5
british,5
his,5
literary,5
impact,5
nevett,5
important,5
behaviour,5
lived,5
box,5
annual,5
generally,5
will,5
hellenistic,5
significant,5
times,5
probably,5
ordinary,5
when,5
here,5
over,5
keos,5
what,5
cooking,5
weights,5
sleeping,5
institute,5
kinds,4
interpretative,4
highlight,4
long,4
hellenic,4
attempts,4
lifecycles,4
context,4
activity,4
human,4
generation,4
fig,4
landscapes,4
votives,4
monumental,4
n,4
frequently,4
uses,4
lead,4
artefact,4
because,4
gender,4
dodona,4
los,4
acts,4
dedicated,4
aggregate,4
society,4
led,4
site,4
culture,4
increasingly,4
name,4
towards,4
fragments,4
made,4
including,4
processes,4
pattern,4
stages,4
pottery,4
dedications,4
baby,4
paper,4
living,4
almost,4
formation,4
years,4
d,4
area,4
focus,4
argolid,3
dedicator,3
naios,3
represent,3
environmental,3
rolled,3
studies,3
motive,3
total,3
davis,3
every,3
archaeologically,3
purple,3
survey,3
point,3
dynamic,3
relatively,3
towers,3
storage,3
journal,3
chitoniskos,3
without,3
main,3
annales,3
study,3
objects,3
behaviours,3
dated,3
flow,3
term,3
occupation,3
appears,3
cannot,3
scale,3
sanctuaries,3
bc,3
example,3
related,3
place,3
status,3
finds,3
periods,3
f,3
therefore,3
economic,3
separation,3
southern,3
god,3
perceived,3
noted,3
others,3
fact,3
fundamental,3
areas,3
seasonality,3
daily,3
away,3
considerable,3
do,3
everyday,3
less,3
perhaps,3
jameson,3
assemblages,3
range,3
worship,3
trend,3
theoretical,3
meanings,3
discovered,3
three,3
reality,3
individual,3
like,3
excavated,3
widely,3
things,3
sometimes,3
who,3
requests,3
rapidly,3
then,3
any,3
conclusion,3
must,3
athens,3
constructed,3
cahill,3
setting,3
cbc,3
whether,3
map,3
problem,3
inscriptions,3
while,3
osborne,3
despite,3
clothing,3
writing,3
models,3
although,3
need,3
traditional,3
archonship,3
recent,3
countryside,2
underpinning,2
concerned,2
shortterm,2
shrines,2
introduction,2
plainly,2
large,2
complex,2
approaches,2
necessarily,2
women,2
first,2
gap,2
certainly,2
implications,2
address,2
worked,2
nature,2
great,2
confront,2
able,2
created,2
graham,2
consist,2
written,2
sparta,2
cherry,2
weaving,2
existence,2
recorded,2
securely,2
variations,2
x,2
methana,2
thus,2
explained,2
orthia,2
since,2
divine,2
mixed,2
gendered,2
excavations,2
century,2
given,2
forced,2
items,2
body,2
slave,2
misleading,2
thin,2
hodder,2
general,2
jones,2
unravelling,2
aim,2
umi,2
act,2
rather,2
dilemma,2
hoplite,2
eukoline,2
excavators,2
scattered,2
quarters,2
leicester,2
put,2
asks,2
shifted,2
suggested,2
location,2
portable,2
access,2
p,2
ambiguity,2
changed,2
attic,2
late,2
further,2
spotted,2
focused,2
population,2
brauronia,2
explain,2
package,2
findspots,2
basis,2
its,2
periodicity,2
fit,2
during,2
northwest,2
broad,2
least,2
sense,2
correct,2
presented,2
deity,2
order,2
contrast,2
excavation,2
highly,2
impossible,2
up,2
cycle,2
olynthian,2
himation,2
critical,2
he,2
approximate,2
architecture,2
identified,2
doctoral,2
short,2
indeed,2
ten,2
pointed,2
make,2
movement,2
single,2
yet,2
makes,2
happened,2
pick,2
spatially,2
power,2
residence,2
religious,2
viii,2
monumentality,2
figurines,2
men,2
ground,2
strategies,2
routledge,2
day,2
ephemeral,2
discussion,2
examples,2
sacrifices,2
slaves,2
looking,2
speedy,2
questions,2
assign,2
similar,2
clear,2
soldiers,2
architectural,2
would,2
courtyard,2
repeated,2
especially,2
become,2
relation,2
ann,2
farmstead,2
northern,2
occupied,2
destruction,2
temporality,2
imply,2
crucial,2
usually,2
olynthus,2
practical,2
maps,2
inside,2
louterion,2
fewer,2
strongly,2
originated,2
analysis,2
instances,2
regularly,2
changing,2
symbolic,2
precise,2
temple,2
dining,2
know,2
intellectual,2
country,2
did,2
contextual,2
agglomeration,2
visiting,2
historical,2
examining,2
innumerable,2
better,2
vary,2
investigation,2
combined,2
making,2
want,2
temporally,2
her,2
property,2
suggests,2
nuances,2
dedication,2
outline,2
level,2
city,2
easy,2
plans,2
world,2
think,2
dione,2
varied,2
our,2
course,2
should,2
include,2
forbes,2
posterity,2
presenting,2
certainty,2
major,2
woven,1
resolve,1
difficult,1
does,1
margins,1
formulated,1
mneos,1
o,1
common,1
later,1
generated,1
libraire,1
shelves,1
market,1
deduced,1
revolutionary,1
determine,1
busy,1
implies,1
pythias,1
intersect,1
fragmented,1
contribution,1
notably,1
redecoration,1
distributed,1
unevenly,1
per,1
expect,1
settlements,1
fluid,1
offerings,1
identify,1
second,1
constitutes,1
strictly,1
postprocessual,1
modern,1
genitive,1
reasonably,1
devices,1
laid,1
occurred,1
before,1
finely,1
something,1
korkyreans,1
eye,1
source,1
consultations,1
accumulation,1
being,1
island,1
member,1
based,1
stressed,1
swedish,1
production,1
byzantin,1
give,1
contrasted,1
humans,1
permanently,1
fragmentary,1
seems,1
damaged,1
dramatically,1
sculpted,1
shaped,1
alexander,1
tradition,1
textiles,1
broadly,1
governed,1
display,1
typological,1
farmers,1
bead,1
potentially,1
marketable,1
rich,1
assembled,1
liverpool,1
hachette,1
quotidian,1
reveal,1
onto,1
beds,1
religion,1
misled,1
immortal,1
take,1
cribb,1
patterned,1
devised,1
last,1
scalloped,1
murray,1
blackwell,1
precisely,1
alo,1
consulting,1
political,1
discipline,1
reading,1
sheet,1
confused,1
stopped,1
datable,1
slip,1
issue,1
fortune,1
sophisticated,1
ltd,1
historians,1
sleeved,1
task,1
guidelines,1
bones,1
sexual,1
custom,1
figs,1
bathtub,1
vol,1
quantities,1
possible,1
politics,1
geared,1
slight,1
drive,1
epigraphy,1
dodone,1
tablets,1
far,1
resources,1
household,1
representing,1
inventory,1
pursuing,1
throughout,1
trolley,1
fiveto,1
waypoints,1
distressingly,1
due,1
g,1
interest,1
ability,1
relations,1
zoma,1
rooted,1
treasure,1
kind,1
thing,1
inhabited,1
ampechone,1
distinct,1
elements,1
maintaining,1
old,1
bedspreads,1
stored,1
refer,1
convincing,1
amount,1
extraordinary,1
continuous,1
contemporaneously,1
weight,1
drawn,1
communication,1
look,1
apparently,1
looms,1
cosmic,1
hardly,1
transactions,1
once,1
babies,1
thasos,1
xystis,1
tside,1
van,1
vm,1
cameron,1
sixteen,1
parity,1
steal,1
shortand,1
simultaneously,1
grandchildren,1
wavy,1
adequate,1
delphic,1
kleo,1
unravel,1
heroes,1
exact,1
static,1
across,1
happily,1
declaring,1
how,1
megalithic,1
housing,1
explicit,1
notion,1
process,1
pinpoint,1
cult,1
phrases,1
flexible,1
connected,1
talk,1
certain,1
unity,1
direct,1
winters,1
special,1
cave,1
lacking,1
white,1
animals,1
lots,1
watching,1
reason,1
lives,1
changes,1
discernible,1
nor,1
plus,1
postmodern,1
prehistory,1
greeks,1
consider,1
physically,1
toy,1
organized,1
underlying,1
numbers,1
w,1
upper,1
stonehenge,1
situations,1
four,1
resorted,1
unwrapping,1
recovered,1
legends,1
shorter,1
beyond,1
edinburgh,1
notions,1
founding,1
warmer,1
differently,1
view,1
methodology,1
perceive,1
invading,1
holdings,1
greater,1
character,1
exacerbate,1
ou,1
result,1
pastoral,1
whom,1
bearing,1
transmission,1
societies,1
appearance,1
method,1
accommodated,1
hands,1
search,1
traditionally,1
seven,1
scotland,1
destined,1
events,1
hopkins,1
agis,1
noting,1
persist,1
pastoralist,1
understood,1
shall,1
cultural,1
war,1
keywords,1
tools,1
recently,1
symbols,1
intensity,1
grounds,1
placed,1
themistokles,1
perform,1
instrumental,1
designations,1
wide,1
prayer,1
public,1
tracking,1
gods,1
fixtures,1
coin,1
huge,1
kitchen,1
colonies,1
nichols,1
keeping,1
future,1
line,1
downstairs,1
mapped,1
leasing,1
planning,1
scope,1
received,1
nursemaid,1
strict,1
prompted,1
purpose,1
calls,1
overlay,1
brazier,1
revealed,1
queries,1
description,1
surprise,1
whole,1
misinterpreted,1
ses,1
postulated,1
constitute,1
records,1
seasonally,1
malthake,1
pan,1
device,1
attica,1
focuses,1
contentious,1
delphi,1
highlighted,1
elegant,1
project,1
villageor,1
stanford,1
own,1
attributed,1
heuristic,1
encounters,1
cults,1
archippe,1
good,1
change,1
multiplicity,1
solution,1
obv,1
computer,1
normally,1
successful,1
hard,1
working,1
below,1
useful,1
buildings,1
reliable,1
complicate,1
pinned,1
mediterranean,1
fallow,1
quite,1
hence,1
loomweight,1
around,1
family,1
phile,1
tuned,1
specified,1
several,1
habitation,1
leaves,1
characteristics,1
sufficient,1
fraught,1
routine,1
civic,1
nomads,1
chiton,1
distinguished,1
ancestors,1
boundaries,1
lightweight,1
theophilos,1
visible,1
majority,1
wife,1
using,1
undergoing,1
moved,1
behalf,1
ruines,1
prescribed,1
portion,1
ccoin,1
outsider,1
nonetheless,1
absence,1
rome,1
myriad,1
letters,1
concentrated,1
located,1
overall,1
limited,1
koster,1
islands,1
nearly,1
sheridan,1
object,1
etc,1
community,1
garden,1
comments,1
standing,1
modes,1
settings,1
harvesters,1
hearths,1
hold,1
decisions,1
cooler,1
structural,1
lisa,1
frank,1
evenly,1
oxford,1
museum,1
observer,1
examined,1
read,1
hera,1
serve,1
soon,1
seeing,1
inspiration,1
chronology,1
vanishes,1
us,1
neither,1
acting,1
performed,1
floor,1
already,1
insights,1
visitors,1
two,1
identification,1
hearth,1
whitelaw,1
spilt,1
inheritance,1
entwined,1
longer,1
knapp,1
ceramic,1
members,1
nausis,1
aspect,1
comfortable,1
book,1
bits,1
shepherding,1
toward,1
death,1
approaching,1
thresholds,1
ask,1
addition,1
missing,1
happening,1
lack,1
votive,1
xii,1
pastoralism,1
agree,1
appeared,1
ought,1
abstract,1
chairippe,1
children,1
enable,1
redressing,1
trfnd,1
new,1
demonstrating,1
formulating,1
identical,1
nuclear,1
man,1
roof,1
rough,1
conclusions,1
hand,1
precinct,1
consciously,1
adjacent,1
present,1
clusters,1
model,1
ephemera,1
relevant,1
amorphously,1
answer,1
artefactual,1
homer,1
forth,1
slice,1
practice,1
maturity,1
heaps,1
woman,1
ink,1
style,1
gives,1
encountered,1
remained,1
interpreting,1
another,1
thousands,1
published,1
demonstrated,1
fundamentally,1
dative,1
recognizing,1
marriageable,1
private,1
art,1
indiana,1
birth,1
explanation,1
upon,1
lifestage,1
unquestionably,1
locate,1
epigraphic,1
encouraged,1
entirely,1
virtually,1
francis,1
assume,1
band,1
militarism,1
nothing,1
individuals,1
california,1
accoutrements,1
sleight,1
described,1
cot,1
roberts,1
ties,1
significance,1
tiles,1
help,1
aware,1
directed,1
consult,1
gesture,1
publication,1
fountain,1
clue,1
decorated,1
interpret,1
divisions,1
spread,1
function,1
him,1
high,1
cache,1
housed,1
collected,1
int,1
configurations,1
probable,1
after,1
standard,1
provides,1
lose,1
thomas,1
latter,1
archetypally,1
readers,1
random,1
problems,1
internal,1
k,1
narrow,1
interpretations,1
stears,1
epigraphical,1
sacred,1
plate,1
structure,1
confusing,1
ethnohistory,1
looks,1
slightly,1
pipe,1
figures,1
macmillan,1
tendency,1
relative,1
cold,1
attention,1
division,1
kallimachos,1
ranging,1
dealing,1
carried,1
profitable,1
consists,1
indication,1
assigned,1
storeys,1
nyla,1
me,1
perspectives,1
note,1
equals,1
she,1
lot,1
fairly,1
regular,1
enquiry,1
mixture,1
johns,1
husband,1
pithoi,1
couches,1
pieces,1
spindle,1
reasonable,1
celebration,1
male,1
bags,1
investigators,1
means,1
concluding,1
transformed,1
translation,1
offsets,1
visual,1
interplay,1
transformation,1
indicate,1
length,1
antiquity,1
why,1
inspired,1
examine,1
construction,1
antiquities,1
types,1
centuries,1
exists,1
itself,1
contemplating,1
unusual,1
problematic,1
interpretive,1
earliest,1
ie,1
considered,1
recognizably,1
detail,1
differentiated,1
deposited,1
heavy,1
rarely,1
growing,1
dispersed,1
comes,1
conjunction,1
ethnoarchaeology,1
demonstrate,1
simply,1
conceptualize,1
continues,1
kallippe,1
recognizable,1
satisfactory,1
grazing,1
spots,1
whorl,1
rocky,1
offers,1
set,1
imprecision,1
pediment,1
amphorae,1
berkeley,1
branches,1
each,1
guarding,1
pallets,1
dismantled,1
worth,1
connection,1
seem,1
best,1
down,1
prominence,1
wealthy,1
panathenaia,1
stbc,1
current,1
speech,1
feed,1
harvest,1
ault,1
proclaiming,1
disjunctures,1
works,1
type,1
advances,1
following,1
animal,1
dismissal,1
lens,1
dedicate,1
explanations,1
economy,1
worthwhile,1
references,1
imposed,1
proven,1
artifactual,1
firmly,1
stonetition,1
linger,1
foundations,1
cloth,1
information,1
pu,1
philoumene,1
ascertain,1
signify,1
size,1
translated,1
spaces,1
vessels,1
both,1
circumstances,1
preserved,1
recognition,1
multiple,1
furniture,1
lifetime,1
little,1
marble,1
subject,1
assumptions,1
went,1
spartan,1
arguments,1
sizeable,1
phenomenon,1
cycladic,1
isolated,1
contextuality,1
leap,1
pray,1
pithos,1
promoted,1
understandings,1
thyaine,1
shown,1
until,1
locations,1
lists,1
hermeneutic,1
reveals,1
generate,1
donald,1
reaching,1
genders,1
numerous,1
amorgis,1
pierced,1
motives,1
dangerous,1
offer,1
socially,1
unified,1
clearest,1
states,1
pheidylla,1
immediacy,1
celibacy,1
effects,1
playing,1
defined,1
wallpaper,1
archaic,1
offered,1
specific,1
potential,1
mee,1
removed,1
assumed,1
meaning,1
themselves,1
lysanias,1
consisted,1
supply,1
inconclusive,1
stemming,1
athena,1
irrelevant,1
debate,1
early,1
substantial,1
exclusively,1
documentary,1
surveys,1
supplementary,1
develop,1
images,1
taylor,1
dedicatory,1
observed,1
terracotta,1
cross,1
quadrennial,1
building,1
ga,1
asked,1
doing,1
built,1
dawkins,1
inventories,1
continuously,1
