WORDCOUNTS,WEIGHT
the,341
of,267
and,266
in,154
a,110
archaeology,71
to,65
maritime,53
as,50
on,41
which,36
is,35
wreck,34
from,32
that,30
shipwrecks,29
has,28
for,27
research,27
with,27
are,27
this,26
an,25
archaeological,24
have,24
be,24
j,22
by,21
historical,21
at,20
wrecks,20
underwater,19
been,19
international,18
their,17
data,16
et,16
mediterranean,15
press,15
d,15
site,14
al,14
we,14
gibbins,13
its,13
ship,13
but,13
other,13
c,13
adams,12
or,12
these,12
not,12
ships,12
s,11
such,11
ancient,11
new,11
past,11
nautical,11
within,10
journal,10
than,10
university,10
was,10
most,10
sites,10
shipwreck,10
material,10
one,9
century,9
his,9
management,9
also,9
heritage,9
trade,9
theory,9
off,9
much,9
it,8
history,8
r,8
f,8
yet,8
more,8
where,8
significance,8
can,8
who,8
seen,8
sea,8
recent,8
they,7
jonathan,7
protection,7
contexts,7
context,7
british,7
de,7
g,7
van,7
society,7
social,7
were,7
david,7
distinctive,7
national,7
evidence,7
methodologies,6
programmes,6
nature,6
thus,6
papers,6
may,6
l,6
how,6
age,6
m,6
p,6
cultural,6
he,6
museum,6
reports,6
only,6
volume,6
many,6
less,6
deep,6
provide,6
often,6
types,6
bronze,6
over,6
investigation,6
institute,6
remains,6
between,6
now,5
way,5
introduction,5
archaeologists,5
all,5
discipline,5
ad,5
since,5
study,5
developments,5
india,5
method,5
important,5
events,5
artefacts,5
work,5
approach,5
field,5
up,5
world,5
still,5
time,5
boat,5
assemblages,5
including,5
described,5
historic,5
symposium,5
especially,5
type,5
proceedings,5
terms,5
through,5
years,5
focus,5
second,4
studies,4
excavation,4
into,4
monograph,4
first,4
t,4
agenda,4
those,4
some,4
quality,4
perspective,4
publications,4
artefact,4
generation,4
rather,4
developed,4
h,4
similar,4
b,4
elsewhere,4
n,4
resource,4
ocean,4
late,4
war,4
place,4
own,4
change,4
level,4
characteristics,4
pp,4
culture,4
indian,4
increasingly,4
areas,4
number,4
dating,4
discovered,4
would,4
martin,4
oxbow,4
k,4
marine,4
structure,4
here,4
anthropology,4
paper,4
global,4
associated,4
scholarly,4
what,4
conference,4
both,4
using,4
cambridge,4
include,4
colleagues,4
major,4
shipbuilding,3
group,3
american,3
significant,3
approaches,3
decade,3
cargo,3
virtually,3
before,3
every,3
roman,3
processes,3
england,3
possibilities,3
together,3
great,3
studied,3
keith,3
investigations,3
issue,3
forthcoming,3
e,3
icomos,3
human,3
review,3
uluburun,3
hellenkemper,3
third,3
influence,3
reflects,3
english,3
basic,3
intensive,3
mary,3
too,3
delgado,3
beyond,3
followed,3
methodology,3
chester,3
based,3
found,3
access,3
academic,3
though,3
focused,3
viewed,3
public,3
aspects,3
basis,3
bc,3
issues,3
reflect,3
excavated,3
least,3
sense,3
regardless,3
few,3
wider,3
gould,3
finds,3
will,3
variety,3
materials,3
various,3
economic,3
techniques,3
technology,3
us,3
complete,3
same,3
enterprises,3
others,3
europe,3
fundamental,3
do,3
centre,3
boats,3
strategies,3
bass,3
investigative,3
flecker,3
assemblage,3
stance,3
investigated,3
made,3
discovery,3
manifestations,3
ideas,3
theoretical,3
students,3
modem,3
period,3
so,3
general,3
antiquity,3
provides,3
date,3
pottery,3
george,3
monuments,3
then,3
singular,3
several,3
known,3
know,3
exploration,3
mcgrail,3
report,3
unique,3
rose,3
almost,3
middle,3
atti,3
muckelroy,3
formation,3
although,3
increased,3
specific,3
tripati,3
early,3
uk,3
should,3
difficult,2
rate,2
done,2
common,2
concerned,2
medieval,2
carrell,2
critical,2
college,2
red,2
use,2
interpretative,2
source,2
being,2
sources,2
swedish,2
production,2
interests,2
advanced,2
there,2
particularism,2
kumudamani,2
eastern,2
america,2
quantities,2
welcome,2
prevailing,2
west,2
hudson,2
learned,2
regarding,2
historically,2
component,2
against,2
dozen,2
excavations,2
firth,2
traditions,2
fulford,2
whose,2
essential,2
no,2
main,2
coastal,2
legal,2
importance,2
derived,2
contributions,2
means,2
tempus,2
dean,2
seas,2
linked,2
under,2
just,2
tropis,2
submerged,2
notions,2
indonesia,2
strategy,2
advocated,2
gelidonya,2
had,2
prehistoric,2
allow,2
could,2
effort,2
kuppuram,2
out,2
deal,2
viking,2
hulls,2
priorities,2
applied,2
wide,2
information,2
technical,2
improve,2
globally,2
well,2
degrees,2
characterization,2
example,2
whole,2
describe,2
during,2
structures,2
romaine,2
fieldwork,2
regions,2
expended,2
ago,2
things,2
encompasses,2
small,2
pulak,2
spanish,2
concerns,2
guernsey,2
australian,2
texas,2
coast,2
richness,2
progress,2
mahdia,2
describes,2
value,2
provided,2
activities,2
seemed,2
south,2
archeologia,2
therefore,2
likely,2
territorial,2
ferrari,2
receptive,2
constraints,2
community,2
parker,2
single,2
about,2
hellenistic,2
light,2
experimental,2
industrial,2
archaeonautica,2
considers,2
museums,2
aspect,2
death,2
water,2
efforts,2
fact,2
scholars,2
remit,2
archaeopress,2
classical,2
tilburg,2
considerable,2
transit,2
monographs,2
v,2
present,2
cnrs,2
establish,2
see,2
council,2
royal,2
charter,2
perhaps,2
giens,2
another,2
processualist,2
unesco,2
previously,2
increase,2
concern,2
empirical,2
numerous,2
questions,2
evolution,2
i,2
meanings,2
three,2
publication,2
individual,2
features,2
mexico,2
after,2
preservation,2
uncompromising,2
promote,2
mainly,2
galleries,2
cape,2
relative,2
la,2
werz,2
today,2
perspectives,2
involving,2
bulletin,2
directions,2
detailed,2
contribution,2
construction,2
widest,2
earliest,2
school,2
anthropological,2
series,2
must,2
demonstrate,2
symbolic,2
plea,2
positivist,2
intellectual,2
gale,2
specialized,2
current,2
particularly,2
babits,2
stretching,2
works,2
advances,2
catalogue,2
roskilde,2
salies,2
them,2
worthwhile,2
particular,2
statement,2
problem,2
her,2
thames,2
produce,2
phenomena,2
port,2
art,2
researchers,2
presented,2
transport,2
protected,2
uniform,2
subject,2
madrague,2
our,2
models,2
recording,2
reveals,2
twentieth,2
course,2
integrated,2
land,2
green,2
seeks,2
programme,2
area,2
needs,2
vessel,2
potential,2
era,2
given,2
abandoned,2
among,2
comparable,2
arnold,2
intimately,1
does,1
doorninck,1
undergraduate,1
formulated,1
marsden,1
hub,1
produces,1
paralleled,1
obligations,1
limits,1
polish,1
designated,1
functional,1
wonder,1
fouilles,1
market,1
dash,1
alone,1
contemporaneous,1
pill,1
bost,1
large,1
needed,1
franqaises,1
complex,1
essays,1
designed,1
stone,1
hull,1
remind,1
uniquely,1
contextualization,1
specialist,1
sets,1
ways,1
denmark,1
di,1
pressing,1
specified,1
mit,1
respectability,1
oversensitive,1
hotly,1
position,1
western,1
presents,1
title,1
diving,1
du,1
batsford,1
tzalas,1
anything,1
fraction,1
else,1
exacting,1
humble,1
familiarity,1
gaur,1
long,1
certainly,1
crews,1
neolithic,1
ii,1
taken,1
might,1
address,1
satisfy,1
collation,1
gdanisk,1
definition,1
heated,1
dramatically,1
principles,1
book,1
archaeologically,1
available,1
wooden,1
twenty,1
uneasy,1
momentum,1
ridgeway,1
untapped,1
vijadurg,1
potentially,1
rich,1
borne,1
able,1
accredited,1
link,1
substantive,1
closer,1
hundred,1
antiquarianism,1
hunting,1
mediterraneenne,1
marken,1
survey,1
kingdom,1
litwin,1
nevertheless,1
tunisia,1
watercraft,1
last,1
state,1
emphasized,1
blackwell,1
galvanized,1
diversify,1
designs,1
seminar,1
similarities,1
system,1
oxley,1
crannog,1
sophisticated,1
ltd,1
key,1
histoire,1
iv,1
rests,1
retain,1
design,1
enriching,1
minicoy,1
opened,1
prior,1
sixteenth,1
activity,1
epigraphy,1
bibliography,1
insight,1
occupy,1
mental,1
reflecting,1
resources,1
crumlinpedersen,1
above,1
academically,1
representing,1
economies,1
diversity,1
framework,1
exist,1
ministerie,1
central,1
fleshed,1
inhabits,1
plemmirio,1
confounds,1
oceanography,1
reverse,1
yassi,1
receptivity,1
development,1
reject,1
accommodation,1
backgrounds,1
realized,1
dredgers,1
integral,1
intact,1
faqade,1
millennium,1
divine,1
relations,1
attested,1
nas,1
cf,1
dubbed,1
extensively,1
z,1
espoused,1
exercise,1
guided,1
undiscovered,1
nelson,1
economical,1
unpredictability,1
old,1
underlying,1
times,1
leant,1
amount,1
pierre,1
fartyg,1
encompass,1
slave,1
handbook,1
output,1
attests,1
reference,1
egypt,1
truly,1
mirrored,1
drawn,1
even,1
student,1
communication,1
waterways,1
recapitulates,1
professionally,1
compromise,1
exponentially,1
error,1
incentive,1
crossroads,1
seventh,1
online,1
high,1
disposed,1
york,1
incomparable,1
without,1
constitutes,1
operations,1
testimony,1
links,1
growth,1
performance,1
happily,1
magisterial,1
sum,1
remain,1
elasticity,1
interpretation,1
sort,1
breadth,1
justifying,1
administrative,1
en,1
landscape,1
espouses,1
explicit,1
fascinating,1
presentation,1
notion,1
process,1
mean,1
broaden,1
completely,1
js,1
abstraction,1
amphoras,1
associate,1
supplement,1
wellpreserved,1
direct,1
armada,1
generating,1
special,1
ole,1
packaging,1
divers,1
von,1
schleswig,1
underline,1
chippindale,1
archeologi,1
provinces,1
acquisition,1
byproducts,1
consider,1
splendours,1
river,1
ap,1
specialization,1
evolved,1
dated,1
proved,1
ideologies,1
likened,1
argued,1
fore,1
profile,1
w,1
leicester,1
schiffsfind,1
recovered,1
undeveloped,1
shed,1
ballard,1
annaliste,1
always,1
plenum,1
bruno,1
syntheses,1
rewley,1
providing,1
decades,1
view,1
myths,1
interrogates,1
greater,1
behaviour,1
raw,1
standards,1
closely,1
salvage,1
came,1
dixon,1
affordable,1
appearance,1
carrying,1
rule,1
das,1
called,1
toby,1
preoccupy,1
archibald,1
conventionally,1
scotland,1
criticisms,1
requirements,1
boccard,1
italiana,1
subacquea,1
milne,1
equally,1
encyclopaedia,1
chinese,1
acropolis,1
dovetailed,1
studying,1
keywords,1
annales,1
absorption,1
ceramics,1
produced,1
cannot,1
attendant,1
groundwork,1
scale,1
fish,1
placed,1
however,1
procedures,1
vehicles,1
levant,1
acceleration,1
uncompromisingly,1
near,1
hulk,1
engine,1
because,1
monaghan,1
santamaria,1
trial,1
artifacts,1
used,1
already,1
del,1
reader,1
future,1
significantly,1
brought,1
heavily,1
part,1
training,1
civil,1
related,1
revealed,1
routinely,1
processualism,1
year,1
overview,1
consistently,1
broad,1
constitute,1
relevance,1
avowedly,1
runs,1
antike,1
proliferation,1
legislation,1
historiographic,1
project,1
manage,1
interpreted,1
conform,1
tchernia,1
convegno,1
indexed,1
depositional,1
someone,1
multiplicity,1
cabrera,1
siecle,1
submergence,1
optimal,1
tudor,1
hard,1
working,1
questionable,1
revolution,1
dictionary,1
nine,1
trading,1
fiorelli,1
applicability,1
le,1
contrast,1
precedents,1
emphasizes,1
ward,1
settlement,1
emerging,1
involved,1
dobbs,1
around,1
archaeologies,1
sufficient,1
highly,1
bridge,1
eighth,1
alchemical,1
longman,1
differing,1
thye,1
methodological,1
fully,1
visible,1
when,1
lakshadweep,1
st,1
guns,1
envelope,1
proper,1
florida,1
moved,1
litalie,1
valuable,1
longue,1
readership,1
input,1
magor,1
units,1
wends,1
creed,1
matter,1
galveston,1
logistical,1
carried,1
scientific,1
sanctity,1
wary,1
identified,1
doctoral,1
prospectus,1
indeed,1
overall,1
comparative,1
inferential,1
limited,1
archetype,1
return,1
brief,1
edges,1
exception,1
formative,1
weary,1
reconstruction,1
mainstream,1
traps,1
direction,1
adapted,1
gallia,1
guide,1
once,1
ubiquity,1
pacific,1
bintliff,1
slufter,1
astroms,1
examined,1
revisiting,1
represents,1
kluwer,1
serve,1
giugno,1
den,1
cultuur,1
quantify,1
chronology,1
cylindrical,1
artemision,1
enshrined,1
informal,1
watson,1
olsen,1
africa,1
nw,1
naval,1
demonstrates,1
two,1
department,1
qualified,1
cargoes,1
begins,1
assimilated,1
rome,1
maggio,1
regional,1
inference,1
endured,1
resolution,1
nazionale,1
law,1
conceived,1
added,1
analytical,1
harbours,1
expose,1
longer,1
lack,1
idea,1
treatment,1
villa,1
inductive,1
indies,1
appeared,1
wine,1
abstract,1
murphy,1
manifested,1
departments,1
catalogued,1
diverse,1
surfaces,1
demonstrating,1
focuses,1
debates,1
fashion,1
utilize,1
never,1
beiltung,1
outside,1
took,1
slavishly,1
ground,1
model,1
developing,1
surprises,1
ontological,1
forth,1
conviction,1
maturity,1
alchemy,1
focusing,1
redknap,1
binford,1
sicily,1
instigated,1
explicitly,1
wrack,1
elevation,1
thousands,1
fundamentally,1
durees,1
interrelated,1
apt,1
understanding,1
technologies,1
greatest,1
solna,1
invested,1
examples,1
turkey,1
comprise,1
range,1
helps,1
formal,1
region,1
competes,1
sixth,1
elite,1
expand,1
endeavour,1
tenets,1
illsley,1
enduring,1
fed,1
largely,1
emphasize,1
francis,1
academics,1
engineers,1
recovery,1
nothing,1
continue,1
trust,1
eleventh,1
advantages,1
involves,1
rejected,1
templates,1
clear,1
adding,1
deva,1
worrying,1
comprehensive,1
scandinavia,1
language,1
reparatum,1
health,1
peter,1
spawned,1
medway,1
issn,1
held,1
shipfinds,1
like,1
revised,1
him,1
reconstructed,1
collected,1
serves,1
pompeii,1
counted,1
tangible,1
black,1
aan,1
skamby,1
men,1
ages,1
associazone,1
graves,1
labour,1
qualities,1
eyes,1
aegean,1
viewpoint,1
conway,1
become,1
successors,1
interpretations,1
respectively,1
contact,1
topics,1
shallow,1
teach,1
availability,1
learn,1
seeking,1
italy,1
selective,1
forefront,1
quarterly,1
tenuous,1
widely,1
attended,1
fails,1
dealing,1
eventuellement,1
indication,1
fifty,1
broadens,1
vin,1
residual,1
she,1
bulk,1
figure,1
goa,1
usually,1
next,1
ronnby,1
practical,1
testing,1
practitioners,1
bound,1
claimed,1
foster,1
begin,1
connoisseurship,1
favour,1
primarily,1
referred,1
collections,1
deposit,1
deals,1
countries,1
linking,1
volumes,1
responsible,1
unusual,1
norton,1
interconnected,1
respect,1
fields,1
worlds,1
arts,1
blackman,1
erode,1
alphen,1
shaw,1
environment,1
vasas,1
fifteen,1
any,1
thinking,1
constant,1
practice,1
growing,1
conclusion,1
homogeneity,1
mercantile,1
ve,1
diversifying,1
suppl,1
agents,1
rigidly,1
exposition,1
totality,1
physical,1
wideranging,1
preserves,1
symbol,1
sciences,1
sweden,1
set,1
der,1
repository,1
accommodates,1
mutually,1
control,1
each,1
proponents,1
different,1
december,1
commission,1
connection,1
forlag,1
seem,1
did,1
contextual,1
pragmatic,1
down,1
websites,1
furstens,1
expense,1
universal,1
unacknowledged,1
epistemological,1
iii,1
clearly,1
very,1
reflected,1
wrecked,1
byzantine,1
proposed,1
merely,1
following,1
guiseppe,1
according,1
economy,1
meticulous,1
form,1
references,1
apace,1
thirty,1
nascent,1
protective,1
firmly,1
edipuglia,1
extent,1
waters,1
evenement,1
while,1
pursued,1
require,1
secure,1
vol,1
influenced,1
hundreds,1
preserved,1
reported,1
little,1
redundant,1
contemporaneity,1
elucidate,1
role,1
easy,1
variability,1
african,1
intended,1
disciplines,1
step,1
acute,1
bronzes,1
conventional,1
unitary,1
evidenced,1
quantifiable,1
subacquei,1
come,1
devoted,1
taylor,1
tell,1
nayling,1
spring,1
inclusiveness,1
commercial,1
conditions,1
steam,1
institutional,1
opens,1
morphological,1
stratification,1
sundeep,1
newsletter,1
crisis,1
offer,1
move,1
dramont,1
instead,1
americas,1
usa,1
hunter,1
need,1
product,1
underlines,1
dogma,1
regular,1
effects,1
contamination,1
defined,1
oldest,1
shift,1
thousand,1
themselves,1
johnson,1
enormity,1
obligation,1
th,1
enterprise,1
pleased,1
create,1
texts,1
deposition,1
substantial,1
equipment,1
documentary,1
traditional,1
newsletters,1
benchmark,1
processualists,1
ltcoles,1
technological,1
cba,1
north,1
infancy,1
volksgezondheid,1
broader,1
termed,1
dictum,1
retention,1
anchors,1
aqualung,1
gold,1
