WORDCOUNTS,WEIGHT
the,474
of,273
in,200
and,199
to,107
a,99
as,71
which,52
on,50
van,46
is,44
have,42
that,40
by,39
are,38
we,35
with,35
peat,32
area,31
for,29
were,28
estuary,28
this,28
or,28
from,28
not,27
research,26
was,25
been,24
be,24
between,24
at,23
w,23
der,22
these,21
landscape,20
s,19
e,18
j,18
human,18
de,18
may,18
more,18
r,17
settlements,16
other,16
i,16
l,16
settlement,16
but,16
it,15
tidal,15
well,15
has,15
an,15
some,15
h,14
coastal,14
change,14
information,14
there,13
such,13
assendelver,13
our,13
dunkirk,13
different,13
wet,12
also,12
husbandry,12
leeuw,12
they,11
one,11
nature,11
cultural,11
areas,11
transformations,11
among,11
dutch,10
oligotrophic,10
their,10
only,10
use,10
estuarine,10
would,10
high,10
any,10
over,10
models,10
site,9
no,9
changes,9
archaeology,9
about,9
water,9
larger,9
do,9
model,9
natural,9
cultivation,9
c,9
must,9
sea,9
humans,8
differences,8
due,8
m,8
p,8
dunes,8
levees,8
around,8
pp,8
us,8
polders,8
fields,8
environment,8
visits,8
seasonal,8
level,8
through,8
much,8
mouth,7
influence,7
levels,7
found,7
because,7
used,7
small,7
f,7
vs,7
towards,7
time,7
so,7
figure,7
ecological,7
each,7
very,7
iron,7
following,7
became,7
remains,7
early,7
all,6
marine,6
ad,6
system,6
ovicaprids,6
houses,6
age,6
four,6
could,6
zone,6
sites,6
its,6
cattle,6
processing,6
two,6
considerable,6
lake,6
samples,6
sandy,6
mainly,6
increasing,6
seem,6
while,6
both,6
evidence,6
occur,6
concerned,5
kinds,5
into,5
long,5
production,5
taken,5
within,5
activity,5
x,5
sand,5
thus,5
continuous,5
even,5
study,5
animals,5
most,5
permanent,5
pollen,5
buildings,5
led,5
reduced,5
etc,5
same,5
onwards,5
covered,5
made,5
netherlands,5
points,5
period,5
dry,5
can,5
them,5
until,5
land,5
d,5
later,4
large,4
seems,4
studied,4
possible,4
point,4
attested,4
bone,4
perspective,4
served,4
excavations,4
than,4
main,4
en,4
process,4
certain,4
parts,4
creek,4
support,4
organization,4
heterogeneity,4
result,4
suitable,4
data,4
probably,4
part,4
during,4
project,4
approach,4
either,4
finds,4
drainage,4
again,4
fact,4
drs,4
polder,4
number,4
ecology,4
increase,4
food,4
collected,4
after,4
began,4
analysis,4
types,4
mentioned,4
paper,4
did,4
animal,4
what,4
phenomena,4
ecosystem,4
smaller,4
deposits,4
focus,4
north,4
perception,4
does,3
o,3
flow,3
way,3
onderzoek,3
bias,3
former,3
western,3
first,3
neolithic,3
might,3
available,3
fresh,3
vegetation,3
last,3
raised,3
platforms,3
continuum,3
primary,3
bones,3
low,3
far,3
resources,3
dynamic,3
wherever,3
development,3
relatively,3
sp,3
te,3
channels,3
third,3
find,3
phases,3
higher,3
drained,3
permits,3
transhumance,3
bog,3
growth,3
importance,3
b,3
means,3
consider,3
fish,3
presumed,3
exploited,3
view,3
based,3
late,3
though,3
population,3
grounds,3
possibility,3
vegetal,3
aspects,3
bc,3
uit,3
geology,3
assendelft,3
structures,3
own,3
ditches,3
nrs,3
good,3
next,3
executed,3
presence,3
when,3
world,3
periods,3
will,3
still,3
decisions,3
once,3
complete,3
gulleys,3
many,3
longer,3
contrasts,3
trips,3
choice,3
man,3
regteren,3
adjacent,3
less,3
local,3
region,3
products,3
chosen,3
archaeological,3
like,3
summer,3
preservation,3
latter,3
systems,3
effect,3
structure,3
genesis,3
continued,3
order,3
seen,3
freshwater,3
eventually,3
growing,3
grazing,3
reconnaissance,3
roman,3
living,3
economy,3
spatial,3
form,3
ones,3
voor,3
emergent,3
conclude,3
zaanstreek,3
shift,3
egmond,3
fen,3
surveys,3
zones,3
final,2
dung,2
now,2
done,2
opgravingen,2
edge,2
habitable,2
integrating,2
rhine,2
notably,2
expect,2
formed,2
estuaries,2
ways,2
brandt,2
position,2
excavation,2
organic,2
history,2
silted,2
interpretative,2
fluctuations,2
lower,2
t,2
barriers,2
rapid,2
progression,2
permanently,2
tradition,2
secondary,2
analyses,2
rich,2
those,2
similarities,2
occasional,2
exogenous,2
forthcoming,2
sieving,2
account,2
gardens,2
soils,2
west,2
along,2
constrained,2
holland,2
explained,2
dynamics,2
depressions,2
surrounded,2
unpublished,2
g,2
uitgeest,2
century,2
nr,2
kind,2
clay,2
developments,2
fig,2
fourth,2
kam,2
hardly,2
depicted,2
air,2
rather,2
cushions,2
levee,2
phosphate,2
similar,2
direct,2
balanced,2
marshes,2
space,2
particular,2
cultivators,2
branch,2
n,2
squares,2
house,2
too,2
bekeken,2
had,2
powerful,2
indications,2
undertaken,2
exploitation,2
silt,2
important,2
perceive,2
paragraph,2
macroscopic,2
descriptive,2
character,2
lead,2
location,2
international,2
term,2
further,2
resten,2
drain,2
near,2
directly,2
artefacts,2
distinguish,2
brought,2
example,2
knowledge,2
related,2
whole,2
q,2
place,2
people,2
et,2
rise,2
oaa,2
sampled,2
excavated,2
caused,2
uninterrupted,2
involved,2
het,2
several,2
habitation,2
observe,2
up,2
geographical,2
geologische,2
archeologisch,2
pertaining,2
second,2
habitats,2
situation,2
matter,2
contact,2
various,2
located,2
limited,2
reconstruction,2
interactions,2
modes,2
chr,2
interpretation,2
prof,2
makes,2
continuity,2
under,2
already,2
hearth,2
bar,2
regional,2
saltmarshes,2
picture,2
social,2
sketch,2
occurrence,2
plan,2
inlet,2
een,2
end,2
pattern,2
patterns,2
behind,2
hand,2
present,2
where,2
answer,2
material,2
degree,2
remained,2
vegetational,2
assume,2
processes,2
circumstance,2
dating,2
prep,2
clear,2
elk,2
grew,2
spread,2
plant,2
gardening,2
exchange,2
especially,2
waateringe,2
leaves,2
relation,2
streams,2
herding,2
relative,2
velsen,2
la,2
division,2
cereals,2
favour,2
institutions,2
interplay,2
often,2
dead,2
table,2
detail,2
grazed,2
intertidal,2
series,2
homogeneity,2
circumstances,2
extensive,2
ever,2
physical,2
temporal,2
set,2
report,2
past,2
better,2
qualitatively,2
ditch,2
subsoil,2
coast,2
densities,2
require,2
transgression,2
size,2
middle,2
little,2
clayey,2
scriptie,2
discussion,2
isolated,2
question,2
formation,2
sediments,2
differentiation,2
decrease,2
conditions,2
aware,2
although,2
salt,2
integrated,2
inhabitable,2
develop,2
whenever,2
built,2
major,2
looking,2
heterogeneous,2
grasped,1
difficult,1
transportation,1
mostly,1
rate,1
pals,1
versa,1
common,1
if,1
develops,1
cent,1
northernmost,1
separated,1
bullor,1
resulted,1
determine,1
terp,1
alone,1
considerably,1
palaeogeographical,1
introduction,1
pushed,1
systemic,1
per,1
wo,1
determinant,1
systematically,1
drastically,1
designed,1
closure,1
live,1
approaches,1
studies,1
modern,1
notwithstanding,1
assumption,1
estuy,1
trace,1
fixed,1
detrimental,1
holding,1
observing,1
stretches,1
steeply,1
arrived,1
nineteenth,1
something,1
buffer,1
wolff,1
contexts,1
predominantly,1
accumulation,1
invoking,1
stressed,1
extraordinarily,1
wool,1
vos,1
ii,1
give,1
rush,1
attempt,1
palynological,1
action,1
boerderij,1
reedpeat,1
detritus,1
handling,1
reach,1
attractive,1
stratigraphically,1
wooden,1
appendages,1
sedimentation,1
daily,1
subsume,1
undertake,1
flotation,1
great,1
reasons,1
thank,1
acreage,1
follows,1
assendelverpolders,1
reed,1
concludes,1
composition,1
resulting,1
take,1
heterotrophic,1
wall,1
inundation,1
written,1
date,1
gullies,1
decreased,1
context,1
papers,1
contents,1
triggered,1
posts,1
theoretical,1
case,1
taphonomic,1
wetter,1
empty,1
recorded,1
eastern,1
gaps,1
stretched,1
east,1
advice,1
cleared,1
agriculture,1
felt,1
abundantly,1
howard,1
determined,1
castricum,1
condition,1
moorland,1
solely,1
functions,1
apart,1
variations,1
since,1
herdsmen,1
unify,1
genetic,1
above,1
climatic,1
vanaf,1
interact,1
abode,1
central,1
pen,1
phase,1
includes,1
dependence,1
drastic,1
inevitable,1
macrobotanical,1
stakes,1
viewing,1
mixed,1
adopted,1
raises,1
saltmarsh,1
uniformity,1
scirpus,1
barrier,1
eels,1
guided,1
unity,1
thereof,1
glasswort,1
distinct,1
amount,1
back,1
giffen,1
response,1
groningen,1
otters,1
dates,1
compared,1
left,1
mechanical,1
loomweights,1
geological,1
suitability,1
consequently,1
look,1
vice,1
ecosystems,1
focussed,1
general,1
rates,1
haarlem,1
mechanism,1
aim,1
poor,1
orache,1
otter,1
simplified,1
essential,1
exact,1
camp,1
bring,1
developed,1
homogenize,1
remain,1
adapt,1
na,1
subsistence,1
mean,1
represented,1
deliberately,1
probability,1
storms,1
connected,1
dienst,1
rijksdienst,1
pages,1
special,1
ensures,1
feel,1
gathering,1
understand,1
perceptions,1
interspersed,1
drill,1
locally,1
possibly,1
specialization,1
intensive,1
faunaresten,1
organized,1
fishes,1
portret,1
sphere,1
clearly,1
heemskerk,1
producers,1
just,1
constrain,1
numbers,1
impact,1
traces,1
situations,1
show,1
flats,1
delta,1
recovered,1
submerged,1
goats,1
efficient,1
rkp,1
organisation,1
requires,1
instance,1
rekindled,1
strategy,1
cut,1
oblique,1
stands,1
dependency,1
beaver,1
creeks,1
nettlesome,1
whereas,1
behaviour,1
yielding,1
paddle,1
moving,1
distribution,1
prehistoric,1
occurred,1
allow,1
declined,1
societies,1
enkhuizen,1
veranderend,1
typical,1
palaeogeographic,1
amsterdam,1
lived,1
out,1
deal,1
houseplans,1
fishing,1
monitoring,1
cores,1
pure,1
occupation,1
pointing,1
diatom,1
hinterland,1
photography,1
province,1
tools,1
constraining,1
cannot,1
energy,1
placed,1
however,1
approached,1
required,1
enough,1
acknowledgments,1
briefly,1
pointers,1
backswamp,1
keeping,1
basis,1
marsh,1
closed,1
romans,1
work,1
dog,1
horticulture,1
imports,1
preferred,1
backhoe,1
protected,1
coping,1
advancement,1
breeding,1
discusses,1
norm,1
vroeghistorische,1
inorganic,1
conceptualizations,1
thoughts,1
description,1
rm,1
refined,1
partly,1
mollusc,1
concentrate,1
rows,1
winter,1
grens,1
halfway,1
surrounding,1
realms,1
breakdown,1
regions,1
creating,1
field,1
responsibility,1
things,1
dierlikje,1
transgressions,1
watertable,1
bank,1
specifically,1
intervals,1
soil,1
sufficient,1
few,1
highly,1
niches,1
peaty,1
santpoort,1
coprolites,1
usual,1
atomistic,1
seeds,1
impossible,1
hoorn,1
seed,1
moist,1
inaccessible,1
results,1
describes,1
cycle,1
provided,1
pot,1
actions,1
boerenbedrijven,1
concomitant,1
seemed,1
avoid,1
settlers,1
south,1
herein,1
therefore,1
indigenous,1
coastline,1
onset,1
variety,1
curves,1
functioning,1
populations,1
identified,1
clastic,1
short,1
synthesis,1
palaeoecology,1
tide,1
brief,1
disturbance,1
constraints,1
object,1
presently,1
nursery,1
ice,1
drilled,1
movement,1
surveyed,1
direction,1
selection,1
pastoralists,1
biological,1
brackish,1
eel,1
forts,1
elaboration,1
ourselves,1
suited,1
happened,1
alongside,1
serve,1
bewoningsgeschiedenis,1
windows,1
differentiate,1
temperate,1
milieus,1
homogeneous,1
light,1
culture,1
shifting,1
promotes,1
al,1
farmhouse,1
illustrated,1
dock,1
weavers,1
myrtle,1
fill,1
volume,1
lack,1
name,1
successfully,1
stronger,1
krommenie,1
fell,1
others,1
conceived,1
hearths,1
towns,1
financial,1
paleobotanical,1
cultivated,1
ceramic,1
deterioration,1
foodstuffs,1
walked,1
abstract,1
enable,1
tussen,1
really,1
flounder,1
substantially,1
doubt,1
diameter,1
condensed,1
succeeding,1
forms,1
never,1
ages,1
took,1
wetness,1
bodemonderzoek,1
chain,1
subside,1
increases,1
altena,1
conceiving,1
shown,1
see,1
deep,1
lean,1
frequency,1
fundamentals,1
assemblage,1
wood,1
locations,1
northerly,1
ducks,1
spike,1
day,1
boat,1
saunders,1
interpreting,1
another,1
epiphytic,1
fundamentally,1
vseasonal,1
situated,1
divided,1
jaren,1
effectiveness,1
easier,1
explanation,1
ecologically,1
values,1
active,1
sides,1
relatie,1
enhanced,1
previously,1
depended,1
birds,1
top,1
entirely,1
waste,1
eaten,1
interfaces,1
horst,1
aisled,1
factor,1
causes,1
submitted,1
continue,1
fruits,1
raising,1
ontwikkeling,1
option,1
complicated,1
shelter,1
discontinuities,1
described,1
platform,1
symbiosis,1
open,1
metalworkers,1
crises,1
three,1
authors,1
op,1
publication,1
express,1
dominated,1
amounts,1
held,1
dierlijke,1
individual,1
keep,1
ri,1
started,1
characterized,1
discontinuum,1
collaboration,1
function,1
lagoonal,1
features,1
serves,1
distinction,1
static,1
rijks,1
devise,1
mammals,1
probable,1
palaeobotanical,1
adequately,1
permitting,1
oudheidkundig,1
migrants,1
interface,1
problems,1
nederlandse,1
parallel,1
laarman,1
assures,1
become,1
narrow,1
interpretations,1
remainder,1
voetspoor,1
acidic,1
wish,1
adaptations,1
northern,1
wells,1
maximal,1
occupied,1
waterfowl,1
encompassing,1
chickweed,1
widely,1
species,1
carried,1
consists,1
relationship,1
imply,1
abundance,1
therkorn,1
stems,1
longshore,1
tentative,1
plaice,1
evolve,1
provide,1
usually,1
begin,1
vertical,1
primarily,1
dirt,1
confine,1
pens,1
indicate,1
covering,1
length,1
archeologie,1
life,1
why,1
responsible,1
mortality,1
sheds,1
surprising,1
ecofacts,1
gathered,1
eeuw,1
manholes,1
forest,1
photographs,1
earliest,1
ie,1
stable,1
considered,1
abandonment,1
heavy,1
pumped,1
geese,1
beverwijk,1
broke,1
conclusion,1
complexity,1
changing,1
gnawing,1
complexes,1
demonstrate,1
oudheden,1
celtic,1
conceptualize,1
extension,1
known,1
palaeogeography,1
totality,1
objects,1
ploegsma,1
bronze,1
intermittently,1
trenches,1
alternative,1
discharged,1
cover,1
ran,1
rushes,1
dairy,1
control,1
zoet,1
country,1
illuminate,1
cm,1
specialized,1
expanding,1
ratio,1
sampling,1
gone,1
ubiquitous,1
accommodate,1
cored,1
argue,1
basins,1
post,1
provoke,1
then,1
foundation,1
iii,1
particularly,1
zout,1
twelfth,1
benthic,1
gedurende,1
proposed,1
type,1
turned,1
consisted,1
boundaries,1
none,1
explanations,1
terms,1
stability,1
references,1
together,1
varying,1
nearby,1
agricultural,1
beaches,1
gijn,1
ripe,1
temporally,1
perm,1
penetration,1
problem,1
consisting,1
balance,1
suggests,1
mededelingen,1
herd,1
categories,1
gratitude,1
capable,1
outline,1
potters,1
entrance,1
multiple,1
ruled,1
pits,1
eerste,1
thereby,1
reported,1
attached,1
kin,1
press,1
stagnant,1
easy,1
techniques,1
step,1
rigid,1
domesticates,1
using,1
mention,1
exploit,1
sank,1
representation,1
westwards,1
yielded,1
aspect,1
think,1
palustris,1
remarks,1
relates,1
come,1
ultimately,1
argument,1
argues,1
algae,1
mutual,1
herds,1
finally,1
mode,1
contributed,1
offer,1
actively,1
include,1
define,1
need,1
states,1
effects,1
defined,1
off,1
programme,1
shells,1
enclosure,1
comparison,1
flooding,1
needs,1
specific,1
potential,1
assumed,1
valuable,1
defunct,1
discontinuous,1
berichten,1
schematic,1
contrasting,1
odum,1
deposition,1
abandoned,1
glasbergen,1
stormy,1
comparable,1
recent,1
building,1
amersfoort,1
close,1
drenthe,1
