WORDCOUNTS,WEIGHT
the,205
of,133
and,87
in,85
a,63
to,57
industrial,45
is,31
course,30
with,24
on,22
archaeology,21
have,21
has,18
museum,16
by,16
for,16
students,15
it,14
which,14
from,13
been,12
are,12
an,12
diploma,12
at,11
as,11
first,10
that,10
be,10
ironbridge,10
history,9
will,8
there,8
element,8
practical,7
monuments,7
conservation,7
university,7
or,7
institute,7
some,7
new,7
two,6
museums,6
historical,6
made,6
courses,6
buildings,6
short,5
their,5
all,5
most,5
experience,5
gorge,5
leading,5
considerable,5
those,5
them,5
understanding,5
west,5
subject,5
term,5
society,5
how,4
barrie,4
who,4
one,4
about,4
interpretation,4
was,4
but,4
based,4
skills,4
international,4
late,4
well,4
work,4
both,4
range,4
its,4
year,4
our,4
were,4
professor,4
autumn,4
problems,4
become,4
may,3
demand,3
essential,3
no,3
provide,3
harris,3
they,3
birmingham,3
designed,3
technology,3
interpretative,3
principal,3
structures,3
set,3
restoration,3
providing,3
ancient,3
many,3
great,3
scheme,3
within,3
unaware,3
gained,3
sir,3
planning,3
upon,3
part,3
three,3
broad,3
gain,3
such,3
manufacturers,3
sense,3
field,3
period,3
need,3
so,3
century,3
france,3
elements,3
involved,3
industry,3
research,3
can,3
substantial,3
we,3
trinder,3
major,3
enable,2
second,2
various,2
his,2
if,2
concerned,2
influence,2
still,2
began,2
large,2
achievements,2
responsible,2
ways,2
opportunities,2
drawings,2
developments,2
modern,2
neil,2
school,2
excavation,2
organized,2
then,2
linked,2
constant,2
director,2
air,2
these,2
department,2
textile,2
social,2
followed,2
long,2
every,2
give,2
over,2
each,2
projects,2
j,2
had,2
standards,2
commission,2
other,2
areas,2
britain,2
far,2
visits,2
conserving,2
wales,2
seminar,2
jobs,2
form,2
british,2
acquaintance,2
material,2
seminars,2
series,2
taught,2
wide,2
while,2
mill,2
degree,2
awarded,2
meetings,2
r,2
already,2
eighteenth,2
visitors,2
resources,2
contacts,2
became,2
intended,2
significant,2
collection,2
inherited,2
partly,2
engineers,2
services,2
includes,2
write,2
riding,2
overseas,2
fieldwork,2
open,2
this,2
conserved,2
historic,2
archaeological,2
graduate,2
elton,2
de,2
should,2
files,2
programme,2
remains,2
family,2
spent,2
lighting,2
several,2
between,2
furnaces,2
plate,2
working,2
archaeologist,2
valley,2
student,2
present,2
attracted,2
world,2
staff,2
strong,2
among,2
general,2
provided,2
valuable,2
subsequently,1
archaeologists,1
staffed,1
south,1
european,1
depth,1
go,1
hamlet,1
gaining,1
now,1
cope,1
depressed,1
currently,1
applications,1
shipping,1
aid,1
business,1
vg,1
without,1
higher,1
bringing,1
important,1
medieval,1
later,1
sessions,1
economic,1
hagley,1
permisssive,1
swell,1
outlined,1
acquaint,1
comparative,1
scholarships,1
concern,1
hill,1
archetype,1
begin,1
successes,1
schemes,1
market,1
widening,1
through,1
environmental,1
preparing,1
treat,1
vogue,1
means,1
foundation,1
represented,1
allen,1
combine,1
being,1
considerably,1
arrangements,1
sphere,1
linguistic,1
germany,1
developers,1
landscapes,1
importance,1
b,1
rapidly,1
movement,1
whereby,1
countries,1
conducted,1
parts,1
memorable,1
life,1
wholesalers,1
possess,1
combining,1
often,1
arts,1
deputy,1
enrolment,1
construction,1
corpus,1
awareness,1
once,1
demonstrators,1
not,1
library,1
h,1
auspices,1
investigating,1
slowly,1
done,1
examined,1
studies,1
combines,1
country,1
manpower,1
operates,1
install,1
under,1
finance,1
consider,1
derwent,1
us,1
severn,1
committee,1
dissertation,1
management,1
benefits,1
into,1
duncan,1
flax,1
rolling,1
practised,1
fifteen,1
attract,1
before,1
elsewhere,1
consciousness,1
historian,1
days,1
teaching,1
nor,1
something,1
completion,1
result,1
house,1
variety,1
hay,1
changing,1
paint,1
qualification,1
circumstances,1
age,1
founded,1
mushroom,1
included,1
struck,1
roofs,1
lower,1
sandford,1
increasingly,1
rise,1
chaux,1
sponsoring,1
t,1
programmes,1
explaining,1
provision,1
earning,1
volume,1
organization,1
amongst,1
party,1
shops,1
whom,1
oral,1
visitor,1
more,1
creation,1
majority,1
posed,1
victorian,1
useful,1
offers,1
jointly,1
interests,1
heritage,1
founding,1
repository,1
processes,1
factory,1
know,1
adapting,1
decades,1
spend,1
postgraduate,1
view,1
knowing,1
ditherington,1
power,1
verrerie,1
emerged,1
books,1
experienced,1
england,1
tourist,1
water,1
uses,1
closely,1
stourbridge,1
outing,1
engaged,1
possibilities,1
reach,1
s,1
principles,1
authorities,1
professionals,1
surveying,1
assess,1
print,1
public,1
trips,1
appeared,1
ought,1
abstract,1
current,1
attempting,1
relating,1
absolutism,1
insular,1
liverpool,1
might,1
together,1
objectives,1
equipment,1
mills,1
scenes,1
trip,1
generalizations,1
just,1
attractions,1
court,1
instigated,1
arthur,1
substantially,1
multiplying,1
survey,1
chairman,1
nevertheless,1
complete,1
subsequent,1
past,1
fields,1
discussed,1
greater,1
salines,1
living,1
assessment,1
february,1
last,1
academic,1
conclusions,1
midlands,1
greatly,1
precisely,1
do,1
arbeitersiedlungen,1
geography,1
william,1
available,1
draw,1
supervisors,1
staffordshire,1
technical,1
somewhat,1
where,1
shorter,1
numbers,1
unit,1
techniques,1
recession,1
purposes,1
award,1
unesco,1
accepted,1
seventeenth,1
residential,1
attracts,1
michael,1
unemployment,1
tile,1
cannot,1
case,1
appreciation,1
particular,1
royal,1
puddling,1
occasional,1
conviction,1
record,1
maintain,1
covers,1
attitudes,1
ironworks,1
saltaire,1
dr,1
linkoping,1
belief,1
rix,1
debate,1
st,1
historians,1
formulation,1
revived,1
method,1
gives,1
primary,1
influenced,1
difficulties,1
day,1
custody,1
studying,1
aspects,1
number,1
outstanding,1
shape,1
sites,1
reminder,1
balance,1
when,1
quincy,1
week,1
suggests,1
possible,1
private,1
w,1
technologies,1
greatest,1
used,1
engineer,1
secured,1
popular,1
survive,1
shropshire,1
conference,1
strengths,1
magnificent,1
bodies,1
paintings,1
level,1
vital,1
information,1
inspector,1
helps,1
measuring,1
trow,1
future,1
four,1
seen,1
degrees,1
london,1
treating,1
city,1
establishment,1
rehabilitation,1
previously,1
unfinished,1
exhibit,1
desirable,1
end,1
nation,1
along,1
test,1
multiplied,1
photographic,1
sponsored,1
financed,1
tried,1
ten,1
lecture,1
expression,1
ultimate,1
ironworking,1
swarms,1
during,1
place,1
permanent,1
make,1
much,1
issues,1
congress,1
academics,1
wherever,1
apartments,1
relevance,1
concentrate,1
aims,1
yorkshire,1
fine,1
centred,1
questions,1
eighteenthcentury,1
faculty,1
runs,1
bedlam,1
thus,1
trust,1
eric,1
justification,1
weekly,1
flexible,1
legislation,1
connected,1
believes,1
i,1
chateau,1
ultimately,1
until,1
netherlands,1
recording,1
component,1
won,1
years,1
inner,1
development,1
blast,1
received,1
visiting,1
translating,1
since,1
due,1
derelict,1
authors,1
permit,1
steam,1
scandinavia,1
national,1
guest,1
regions,1
g,1
recognizable,1
scarce,1
lectures,1
exemplary,1
published,1
legacy,1
although,1
commerce,1
started,1
define,1
helpful,1
would,1
forefront,1
summer,1
decayed,1
him,1
analysing,1
features,1
darby,1
extensively,1
regular,1
admitted,1
practising,1
order,1
defined,1
le,1
trapped,1
anyone,1
area,1
owned,1
segment,1
association,1
old,1
around,1
merrimack,1
perspective,1
canal,1
industrialarchaeology,1
restored,1
thousand,1
encouraged,1
few,1
amount,1
concerns,1
charlcott,1
promote,1
montgomeryshire,1
transfer,1
brought,1
six,1
houses,1
representatives,1
cossons,1
blists,1
c,1
ancestors,1
third,1
single,1
rkp,1
tended,1
teach,1
illuminating,1
enjoyed,1
like,1
always,1
create,1
exploitation,1
raised,1
up,1
including,1
even,1
sweden,1
pressing,1
workshop,1
facile,1
north,1
recent,1
notes,1
appropriate,1
green,1
professional,1
building,1
broader,1
stechford,1
coal,1
moved,1
la,1
depths,1
incidental,1
alarm,1
fostered,1
