WORDCOUNTS,WEIGHT
of,334
the,329
in,137
and,129
to,128
a,103
as,66
political,63
be,62
that,61
is,57
may,52
for,46
with,41
or,37
are,36
this,35
such,30
their,30
by,29
archaeological,29
state,27
these,27
from,27
it,26
not,26
an,23
which,23
can,23
societies,22
at,19
they,19
have,19
but,18
on,18
social,17
where,17
states,17
other,15
systems,15
size,15
has,14
some,14
development,14
organization,14
data,13
only,13
groups,12
study,12
was,12
were,12
centres,12
one,11
g,11
than,11
many,11
large,10
studies,10
population,10
status,10
settlement,10
about,10
culture,10
more,10
would,10
distribution,10
among,10
complex,9
into,9
government,9
even,9
most,9
based,9
p,9
cultural,9
serve,9
new,9
patterns,9
general,9
archaeology,9
evidence,9
without,8
appear,8
world,8
j,8
elite,8
administrative,8
written,8
different,8
between,8
common,7
if,7
archaeologists,7
since,7
interest,7
bruce,7
w,7
wealth,7
when,7
also,7
activities,7
community,7
pp,7
material,7
local,7
rulers,7
goods,7
cities,7
city,7
trigger,7
c,7
american,6
being,6
seems,6
i,6
system,6
possible,6
journal,6
no,6
problems,6
further,6
record,6
information,6
r,6
suggest,6
society,6
will,6
single,6
demographic,6
structure,6
relative,6
been,6
types,6
anthropology,6
suggests,6
must,6
early,6
village,5
needed,5
processes,5
military,5
available,5
reveal,5
survey,5
case,5
along,5
central,5
concerning,5
spite,5
k,5
important,5
royal,5
aspects,5
broad,5
people,5
small,5
populations,5
all,5
b,5
ancient,5
power,5
l,5
less,5
degree,5
another,5
understanding,5
significant,5
tribal,5
high,5
provide,5
lines,5
often,5
any,5
associated,5
roman,5
particular,5
using,5
d,5
little,5
much,5
recent,5
does,4
way,4
fortified,4
group,4
protection,4
necessarily,4
long,4
nature,4
simple,4
there,4
within,4
functions,4
relatively,4
cases,4
similar,4
certain,4
factors,4
civilizations,4
university,4
exceed,4
behaviour,4
work,4
whole,4
records,4
own,4
normally,4
buildings,4
presence,4
annual,4
economic,4
interpretation,4
projects,4
time,4
anthropologist,4
do,4
present,4
made,4
range,4
evolution,4
styles,4
interpret,4
latter,4
probably,4
pottery,4
control,4
correspond,4
share,4
particularly,4
type,4
whether,4
while,4
observed,4
tribes,4
correlate,4
maximum,4
difficult,3
done,3
concerned,3
separated,3
determine,3
e,3
settlements,3
tend,3
live,3
authority,3
huron,3
easily,3
history,3
t,3
sources,3
hence,3
attempt,3
archaeologically,3
together,3
great,3
validated,3
able,3
review,3
feature,3
chiefdoms,3
china,3
existence,3
eastern,3
combination,3
point,3
warfare,3
exist,3
human,3
southwestern,3
representations,3
hierarchy,3
ability,3
elements,3
old,3
times,3
subjects,3
his,3
how,3
centralization,3
coastal,3
determining,3
special,3
empires,3
clearly,3
fortifications,3
age,3
four,3
peru,3
greater,3
prehistoric,3
relate,3
war,3
amenable,3
explain,3
near,3
criteria,3
well,3
line,3
part,3
apparent,3
its,3
inferences,3
officials,3
least,3
useful,3
few,3
up,3
he,3
units,3
unification,3
limited,3
classic,3
prisoners,3
members,3
lack,3
idea,3
ought,3
number,3
examples,3
increase,3
defences,3
use,3
services,3
clear,3
like,3
period,3
internal,3
elaborate,3
palo,3
mainly,3
attention,3
increasing,3
sometimes,3
institutions,3
analysis,3
amarna,3
complexity,3
alternative,3
each,3
cultures,3
clan,3
very,3
explanations,3
them,3
form,3
ones,3
studying,3
generally,3
both,3
level,3
press,3
assumptions,3
shown,3
frontiers,3
specialists,3
area,3
traditional,3
north,3
now,2
duckworth,2
transportation,2
introduction,2
per,2
mesoamerica,2
before,2
women,2
baker,2
themes,2
permit,2
inc,2
connection,2
regulating,2
might,2
s,2
borders,2
highland,2
display,2
differences,2
studied,2
expansion,2
achieved,2
inferring,2
concepts,2
those,2
anthropologists,2
autonomous,2
america,2
retain,2
solely,2
apply,2
correlation,2
diversity,2
iron,2
chiefs,2
reject,2
against,2
relations,2
retainer,2
exercise,2
rank,2
maintaining,2
agree,2
y,2
communication,2
border,2
yoruba,2
sears,2
growth,2
sort,2
basic,2
explicit,2
notion,2
importance,2
derived,2
parts,2
danger,2
burials,2
methuen,2
monumental,2
descent,2
emergence,2
elsewhere,2
numbers,2
welfare,2
house,2
argued,2
upper,2
superior,2
beyond,2
requires,2
tringham,2
dynastic,2
irrigation,2
result,2
problem,2
extent,2
could,2
appearance,2
called,2
embedded,2
density,2
appears,2
recently,2
cannot,2
applied,2
sacrifice,2
because,2
unequal,2
basis,2
tombs,2
related,2
middle,2
we,2
mesopotamia,2
simpler,2
trading,2
order,2
autonomy,2
highly,2
results,2
und,2
headmen,2
am,2
geographical,2
south,2
f,2
matter,2
elaborateness,2
indicates,2
movement,2
penguin,2
hold,2
measure,2
competition,2
yet,2
security,2
makes,2
residence,2
technology,2
same,2
ethnographic,2
indian,2
largest,2
increasingly,2
locational,2
limit,2
areas,2
beliefs,2
confederacy,2
larger,2
diverse,2
external,2
conclusions,2
v,2
model,2
road,2
developing,2
council,2
books,2
style,2
encountered,2
maya,2
explanation,2
locate,2
manufactured,2
expression,2
largely,2
ethnic,2
exhibited,2
individuals,2
redistributive,2
theories,2
significance,2
workers,2
david,2
divisions,2
so,2
features,2
mexico,2
proximity,2
intrinsic,2
graves,2
especially,2
coercive,2
parallel,2
become,2
construction,2
greece,2
figures,2
clans,2
dealing,2
christian,2
groupings,2
attributes,2
testing,2
who,2
iconographic,2
antiquity,2
united,2
hope,2
canada,2
influencing,2
dispersed,2
determinants,2
neighbouring,2
constructed,2
over,2
historical,2
protect,2
living,2
boundaries,2
what,2
investigation,2
exemplified,2
theory,2
require,2
produce,2
phenomena,2
urban,2
art,2
peoples,2
demarcated,2
gatherings,2
administration,2
simply,2
regularities,2
instead,2
although,2
correlated,2
need,2
remains,2
headman,2
specific,2
vary,2
chicago,2
winston,2
zones,2
should,2
meeting,2
close,2
stateless,1
countryside,1
bongers,1
ibo,1
go,1
currently,1
epiphenomena,1
admonished,1
convergence,1
adopt,1
stylistic,1
correlations,1
tribesmen,1
represent,1
everyone,1
resulted,1
hillforts,1
sumerians,1
alone,1
kroeber,1
subsystems,1
residences,1
designed,1
informative,1
true,1
ways,1
clumsy,1
approaches,1
dominating,1
modern,1
undetected,1
flows,1
eminence,1
considerations,1
ideals,1
trace,1
policy,1
position,1
justified,1
predictor,1
total,1
interpersonal,1
something,1
source,1
corresponding,1
societal,1
kinsmen,1
imperilled,1
test,1
watercontrol,1
lower,1
first,1
defeated,1
programmes,1
creation,1
alluding,1
distinguishing,1
interests,1
derives,1
neolithic,1
exaggerated,1
repertoire,1
attempts,1
abound,1
questioned,1
aberle,1
promoting,1
precondition,1
official,1
indicative,1
experiments,1
confirmed,1
company,1
delineation,1
validating,1
tradition,1
paramount,1
secondary,1
desire,1
disproportionate,1
spokesman,1
farmers,1
normative,1
found,1
differentials,1
wessex,1
hundred,1
take,1
decentralization,1
subsequent,1
chimbu,1
greatly,1
cling,1
principal,1
robert,1
el,1
contents,1
similarities,1
sophisticated,1
verlag,1
linear,1
king,1
inca,1
primary,1
incorporate,1
zur,1
egyptians,1
replacement,1
marked,1
condition,1
characterize,1
establishing,1
insight,1
obvious,1
west,1
apart,1
variations,1
except,1
far,1
household,1
substructure,1
ritual,1
horticulturalists,1
economies,1
ranked,1
conflict,1
possessing,1
thus,1
centralized,1
throughout,1
feuds,1
differential,1
historically,1
explained,1
difficulties,1
points,1
inevitable,1
assumes,1
police,1
authoritative,1
characteristic,1
amenability,1
singularly,1
distribute,1
attested,1
belts,1
adams,1
denote,1
realization,1
sample,1
parasols,1
affairs,1
transitional,1
mesopotamian,1
unity,1
sanders,1
distinct,1
items,1
underlying,1
glory,1
displays,1
canal,1
depend,1
marriage,1
simplest,1
holds,1
difficulty,1
hexagonal,1
served,1
background,1
egypt,1
applying,1
witnessed,1
publications,1
alliances,1
networks,1
archaeologist,1
ioi,1
widescale,1
valleys,1
restricting,1
compromise,1
conceptually,1
cites,1
capitals,1
palast,1
higher,1
rights,1
captors,1
civilization,1
poor,1
suppressing,1
conquerors,1
fort,1
colin,1
recognized,1
retainers,1
whose,1
reflects,1
rather,1
purely,1
slavery,1
portrayed,1
across,1
remain,1
forced,1
organizing,1
square,1
unit,1
levels,1
patronage,1
capture,1
process,1
subsistence,1
cult,1
deliberately,1
killing,1
mile,1
turn,1
institutionalization,1
viewed,1
consensual,1
direct,1
produced,1
lacking,1
enabled,1
resettlement,1
appropriateness,1
govern,1
smallerscale,1
von,1
support,1
reason,1
nubiens,1
settled,1
cultivators,1
determitle,1
established,1
scale,1
spreading,1
languages,1
india,1
itinerant,1
proved,1
n,1
exploratory,1
operate,1
flights,1
surface,1
yangtze,1
necropolis,1
recur,1
endemic,1
care,1
provisional,1
opinion,1
suggested,1
individualizing,1
numerical,1
artistic,1
iconography,1
closely,1
advance,1
lead,1
whom,1
identifying,1
concentration,1
location,1
mcgill,1
rule,1
inherent,1
begun,1
access,1
attack,1
relating,1
conspicuous,1
shared,1
facilitate,1
events,1
zone,1
emerge,1
initial,1
affluence,1
confidently,1
urbanization,1
ranking,1
chinese,1
understood,1
oder,1
equal,1
wales,1
posited,1
kunst,1
symbols,1
analogous,1
wresting,1
otherwise,1
nothing,1
explored,1
feudal,1
tikal,1
required,1
wide,1
possibility,1
technical,1
improve,1
shape,1
sites,1
syria,1
hierarchies,1
gained,1
provincial,1
having,1
spheres,1
distinguish,1
naroll,1
correctly,1
literature,1
clarke,1
peasantry,1
teotihuacan,1
prized,1
leads,1
attacked,1
purpose,1
civilisation,1
knowledge,1
indigenous,1
pyramids,1
used,1
consistently,1
older,1
fail,1
intermediate,1
during,1
place,1
nubian,1
constitute,1
imitations,1
structures,1
overhead,1
documented,1
forces,1
personal,1
reflect,1
surrounding,1
employed,1
systematic,1
manage,1
interpreted,1
strengthened,1
diverted,1
memoirs,1
approach,1
responses,1
excavated,1
field,1
reliable,1
tested,1
contrast,1
involved,1
specifically,1
around,1
several,1
enslaved,1
habitation,1
disunity,1
multiple,1
governments,1
newcomers,1
research,1
essentially,1
weapons,1
villages,1
tended,1
coast,1
always,1
paid,1
appropriate,1
value,1
interrelatedness,1
provided,1
preliminary,1
intangibles,1
rest,1
sophistication,1
intermarriage,1
periods,1
replacing,1
mochica,1
scored,1
processual,1
rankings,1
likely,1
transform,1
investigating,1
arrangement,1
ceremonial,1
hegemony,1
variety,1
rome,1
various,1
functioning,1
confederacies,1
short,1
culturally,1
indeed,1
service,1
ueberlegungen,1
subject,1
consists,1
play,1
successes,1
dressed,1
brief,1
interdependence,1
object,1
gift,1
etc,1
elusive,1
approaching,1
above,1
comments,1
aldine,1
southern,1
religious,1
tends,1
direction,1
coherence,1
cheap,1
forts,1
depicted,1
communities,1
indus,1
incursion,1
museum,1
arrangements,1
lloyd,1
represents,1
aten,1
manpower,1
professionalized,1
opulent,1
sex,1
palaces,1
boundary,1
index,1
lowland,1
falls,1
homogeneous,1
positively,1
formalized,1
already,1
forcefully,1
department,1
badge,1
noted,1
speaking,1
regional,1
maintained,1
inheritance,1
functioned,1
regardless,1
inhabitants,1
leader,1
funerary,1
ho,1
majority,1
skill,1
law,1
locating,1
pointed,1
put,1
towns,1
addition,1
erasmus,1
efforts,1
communal,1
causality,1
valid,1
fundamental,1
temples,1
pressure,1
plan,1
abstract,1
enable,1
grave,1
break,1
classical,1
farming,1
demonstrating,1
assmann,1
doubt,1
distributions,1
pattern,1
entertained,1
serious,1
chiefdom,1
christlicher,1
hand,1
monographs,1
centre,1
ur,1
tertiary,1
secular,1
purposes,1
equate,1
empire,1
accepted,1
establish,1
see,1
necessary,1
appropriating,1
perhaps,1
native,1
belief,1
controversy,1
presuppose,1
ecology,1
redfield,1
years,1
interpreting,1
murdock,1
cholula,1
recognizing,1
classes,1
greatest,1
vast,1
admits,1
coherent,1
birth,1
discovery,1
values,1
sides,1
formal,1
systematics,1
mycenaean,1
identity,1
encouraged,1
ethnography,1
hypotheses,1
rivers,1
refers,1
factor,1
band,1
resulting,1
real,1
places,1
initiatives,1
theoretical,1
involves,1
described,1
trade,1
grew,1
language,1
urbanism,1
profession,1
costumes,1
definitely,1
soldiers,1
sustain,1
clue,1
mississippian,1
individual,1
christopher,1
defensive,1
variant,1
characterized,1
function,1
collected,1
distinction,1
barbarian,1
lie,1
earlier,1
provides,1
adequately,1
retire,1
nationality,1
evolutionary,1
craft,1
specialize,1
overcome,1
ann,1
deceiving,1
effect,1
enemies,1
chaldees,1
priests,1
ethnohistory,1
equivalent,1
northern,1
splitting,1
herding,1
tendency,1
positioning,1
councils,1
unrelated,1
widely,1
division,1
separate,1
crete,1
defensible,1
stage,1
assigned,1
iroquois,1
perspectives,1
africa,1
fairly,1
science,1
five,1
foreign,1
reasonable,1
favour,1
primarily,1
predict,1
asa,1
detailed,1
privileges,1
parsons,1
proposition,1
markers,1
supine,1
indicate,1
changes,1
hierarchical,1
blood,1
fall,1
frontier,1
respect,1
fields,1
centuries,1
hutchinson,1
instances,1
itself,1
unusual,1
gathered,1
stable,1
considered,1
matters,1
differentiated,1
proof,1
suggestions,1
architektur,1
seriously,1
variable,1
subsystem,1
rarely,1
monument,1
ioo,1
conclusion,1
ethnological,1
homogeneity,1
grand,1
circumstances,1
regulated,1
symbolic,1
subsidized,1
rival,1
temple,1
text,1
symbol,1
set,1
cover,1
know,1
defining,1
stem,1
specialization,1
paper,1
tomb,1
expanding,1
sizes,1
setting,1
seem,1
best,1
contextual,1
intrusive,1
wall,1
enemy,1
benefit,1
aerial,1
geschichte,1
guinea,1
rural,1
works,1
ideally,1
better,1
evident,1
surpluses,1
scholarly,1
affirm,1
combined,1
terms,1
topographice,1
polities,1
making,1
references,1
sociology,1
maintain,1
tavistock,1
adaptation,1
huang,1
fully,1
correlates,1
prestige,1
imperial,1
property,1
huge,1
minimal,1
demonstrated,1
agreed,1
psychology,1
apparently,1
ideal,1
earthwork,1
cluster,1
naked,1
apparatus,1
mercia,1
preserved,1
careful,1
logical,1
refinement,1
joining,1
role,1
regulate,1
african,1
giving,1
techniques,1
kassites,1
exceeded,1
contribute,1
ucko,1
families,1
phenomenon,1
indians,1
slain,1
evidenced,1
representation,1
gain,1
rewarding,1
come,1
question,1
tell,1
models,1
tumuli,1
entity,1
lurin,1
difference,1
reveals,1
finding,1
balandier,1
defence,1
national,1
stratification,1
iconic,1
aware,1
publishing,1
documentation,1
offer,1
approximately,1
include,1
touches,1
integrated,1
consumption,1
socially,1
gross,1
smaller,1
dogma,1
integration,1
involving,1
conquered,1
effects,1
gentry,1
defined,1
measured,1
increased,1
folly,1
deductions,1
roughly,1
tipped,1
supernaturally,1
needs,1
observation,1
potential,1
removed,1
assumed,1
themselves,1
yesterday,1
reached,1
amorites,1
era,1
debate,1
texcoco,1
sharing,1
uncertainty,1
views,1
asymmetry,1
element,1
valley,1
documentary,1
interaction,1
develop,1
strong,1
mature,1
technological,1
building,1
doing,1
built,1
dumond,1
major,1
occur,1
thorough,1
