WORDCOUNTS,WEIGHT
the,683
of,559
and,336
in,287
a,162
to,103
southeast,67
with,62
for,57
thailand,57
upland,54
from,49
that,47
university,47
by,46
this,45
as,45
burial,43
is,43
buddhist,41
northern,39
on,39
lowland,38
region,38
groups,37
pp,37
asia,36
political,34
an,33
chiang,33
are,33
at,31
early,30
between,30
thai,29
j,29
asian,28
ad,25
period,25
sites,24
i,23
mai,23
burials,23
trade,23
lawa,22
development,22
press,22
c,22
ceramics,21
m,21
polities,21
monuments,20
r,20
archaeology,20
have,20
mandala,20
uplands,19
central,19
been,19
evidence,19
area,19
e,18
p,18
these,18
social,18
were,18
journal,17
was,17
economic,17
new,17
be,17
mainland,16
century,16
beyond,16
more,16
centres,16
historical,16
b,15
religious,15
archaeological,15
k,15
modern,14
ban,14
local,14
has,14
d,14
mae,14
ayutthya,13
s,13
w,13
et,13
grave,13
exchange,13
remains,13
studies,12
history,12
buddhism,12
site,12
world,12
or,12
but,12
adjacent,12
centre,12
ethnic,12
peter,12
siam,12
associated,12
interaction,12
h,11
tradeware,11
al,11
power,11
both,11
t,10
relations,10
landscape,10
study,10
through,10
society,10
south,10
areas,10
valley,10
production,9
relatively,9
wares,9
chinese,9
located,9
which,9
can,9
practice,9
abandoned,9
later,8
village,8
complex,8
second,8
lua,8
first,8
glazed,8
inland,8
state,8
g,8
than,8
character,8
research,8
oxford,8
khmer,8
ground,8
log,8
spatial,8
prestige,8
now,7
large,7
position,7
into,7
some,7
millennium,7
their,7
extent,7
well,7
its,7
regional,7
regions,7
around,7
small,7
geographical,7
also,7
range,7
looting,7
significance,7
perspectives,7
following,7
series,7
doi,7
over,7
control,7
australian,7
goods,7
suggests,7
earthwork,7
pits,7
cambridge,7
northwestern,7
it,6
f,6
stone,6
omkoi,6
found,6
sawankhalok,6
phase,6
burma,6
l,6
monumental,6
most,6
important,6
coffins,6
circular,6
part,6
polity,6
several,6
boundaries,6
pattern,6
practices,6
rise,6
patterns,6
inscription,6
dating,6
systems,6
chaem,6
suggest,6
relationship,6
hill,6
centuries,6
sherds,6
type,6
while,6
city,6
role,6
earthworks,6
source,5
those,5
within,5
de,5
networks,5
remote,5
represented,5
support,5
perspective,5
age,5
ancient,5
late,5
khuu,5
used,5
chang,5
trading,5
contrast,5
sketch,5
smith,5
plan,5
time,5
material,5
historic,5
peripheral,5
decorated,5
provides,5
often,5
ann,5
provide,5
figure,5
analysis,5
not,5
continental,5
brick,5
sukhothai,5
distinctive,5
evident,5
particular,5
association,5
sariang,5
national,5
they,4
group,4
lowlands,4
fifteenth,4
other,4
archaeologically,4
differences,4
sacred,4
context,4
king,4
quantities,4
sixteenth,4
activity,4
fine,4
west,4
along,4
lamphun,4
factional,4
dynamics,4
characteristic,4
coastal,4
process,4
earlier,4
grounds,4
edition,4
jars,4
plates,4
mo,4
prehistoric,4
temples,4
though,4
basis,4
data,4
concept,4
sydney,4
centred,4
approach,4
involved,4
up,4
ridge,4
indicates,4
interactions,4
southern,4
interpretation,4
under,4
restricted,4
department,4
only,4
lack,4
end,4
contemporary,4
where,4
mortuary,4
use,4
continuities,4
similar,4
tribal,4
european,4
seventeenth,4
indicate,4
types,4
problematic,4
symbolic,4
bronze,4
paper,4
distinctions,4
associations,4
economy,4
form,4
vessels,4
level,4
resistance,4
fourteenth,4
traditional,4
if,3
market,3
shrines,3
sii,3
introduction,3
overland,3
one,3
western,3
amongst,3
predominantly,3
sources,3
thanon,3
shrine,3
implications,3
nature,3
available,3
belong,3
highland,3
simple,3
ephemeral,3
link,3
religion,3
subsequent,3
china,3
khao,3
plain,3
agriculture,3
sinhalese,3
marked,3
politics,3
characterize,3
mckinnon,3
karen,3
centralized,3
iron,3
differential,3
against,3
interest,3
hawaii,3
lan,3
distinct,3
developments,3
old,3
mechanisms,3
competition,3
town,3
no,3
rather,3
growth,3
main,3
developed,3
hughes,3
landscapes,3
white,3
productive,3
abundant,3
prehistory,3
organization,3
established,3
india,3
section,3
impact,3
argued,3
umphiang,3
orientation,3
had,3
dug,3
based,3
societies,3
yunnan,3
understood,3
scale,3
near,3
kamphaeng,3
civilisation,3
related,3
partly,3
bc,3
reflect,3
formations,3
southerly,3
status,3
presented,3
chan,3
cattle,3
provided,3
finds,3
valuable,3
extensively,3
ware,3
museum,3
thought,3
bo,3
same,3
burmese,3
two,3
increasingly,3
europe,3
occurrence,3
fragments,3
ruler,3
outside,3
model,3
road,3
less,3
ethnohistorical,3
number,3
northerly,3
rulers,3
made,3
maritime,3
legitimation,3
umphang,3
epigraphic,3
held,3
distinction,3
proximity,3
inscribed,3
date,3
contracts,3
pottery,3
division,3
note,3
continued,3
laos,3
kunstadter,3
institutions,3
markers,3
school,3
shaw,3
any,3
incorporated,3
thongchai,3
temple,3
collectors,3
past,3
luang,3
earthenware,3
ethnography,3
saddle,3
periphery,3
urban,3
reported,3
isolated,3
contrasts,3
until,3
integrated,3
specific,3
territories,3
inhumations,3
digging,3
north,3
recent,3
zones,3
close,3
celadon,2
entities,2
oriented,2
limits,2
common,2
medieval,2
represent,2
settlements,2
american,2
obsolete,2
essays,2
evocative,2
anthropology,2
royal,2
inequality,2
holding,2
before,2
localized,2
princeton,2
contexts,2
ii,2
anima,2
all,2
could,2
tradition,2
textiles,2
secondary,2
accompanied,2
farmers,2
theravada,2
hundred,2
survey,2
there,2
feature,2
blackwell,2
chiefdoms,2
principal,2
similarities,2
system,2
wa,2
ascribed,2
recorded,2
east,2
america,2
occupying,2
cooperation,2
lanka,2
exchanges,2
overlooking,2
ritual,2
exposed,2
human,2
thus,2
linguistic,2
relationships,2
such,2
longevity,2
initial,2
excavations,2
expected,2
elements,2
underlying,2
six,2
left,2
continuous,2
artefact,2
even,2
wat,2
bottles,2
looters,2
cultural,2
phases,2
may,2
van,2
reflects,2
upright,2
without,2
influence,2
absent,2
remain,2
megalithic,2
na,2
levels,2
adopted,2
accurate,2
cave,2
marginal,2
river,2
peasant,2
linked,2
n,2
record,2
vietnam,2
followed,2
ming,2
mon,2
suggested,2
providing,2
my,2
appearance,2
demise,2
out,2
conventionally,2
longitude,2
meter,2
further,2
ayutthyan,2
occupation,2
posited,2
province,2
recently,2
population,2
produced,2
placed,2
unglazed,2
required,2
satyawadhna,2
silver,2
kitchen,2
highlanders,2
artefacts,2
network,2
chedis,2
y,2
competing,2
example,2
apparent,2
indigenous,2
bowl,2
during,2
northwest,2
structures,2
border,2
floors,2
project,2
own,2
redistribution,2
change,2
least,2
commerce,2
supraregional,2
field,2
indicators,2
le,2
intervals,2
habitation,2
few,2
highly,2
villages,2
when,2
tracks,2
sea,2
factionalism,2
notes,2
preliminary,2
moved,2
tai,2
nations,2
critical,2
he,2
likely,2
demand,2
identified,2
expansion,2
limited,2
domination,2
about,2
chronicle,2
sri,2
evolved,2
latitude,2
unwin,2
ams,2
orders,2
informal,2
transformations,2
light,2
assistance,2
culture,2
silk,2
already,2
containing,2
ji,2
bar,2
kuala,2
heritage,2
condominas,2
towards,2
our,2
striking,2
abstract,2
larger,2
nebulous,2
considerable,2
whitmore,2
forms,2
philippine,2
plate,2
satop,2
siva,2
secular,2
coercion,2
angkor,2
insular,2
fieldwork,2
tak,2
books,2
distance,2
mcguire,2
discussion,2
fossicking,2
rowlands,2
cult,2
including,2
coffin,2
concern,2
sold,2
processes,2
recovery,2
divisions,2
like,2
would,2
general,2
collected,2
after,2
wish,2
megaliths,2
structure,2
dominance,2
consequences,2
ranging,2
consists,2
assigned,2
looted,2
independent,2
wolters,2
widespread,2
phet,2
success,2
progressively,2
detailed,2
yale,2
relevant,2
life,2
class,2
mounds,2
floor,2
anthropological,2
exemplified,2
complexes,2
extensive,2
known,2
adelaide,2
tradewares,2
here,2
alternative,2
set,2
integrative,2
defining,2
bangkok,2
unknown,2
argue,2
half,2
reflected,2
narai,2
phd,2
proceedings,2
them,2
muang,2
monastery,2
nearby,2
agricultural,2
map,2
distribution,2
institute,2
size,2
middle,2
spaces,2
recognition,2
edwards,2
hilltop,2
formation,2
ultimately,2
surface,2
numerous,2
exerted,2
newsletter,2
ecosystem,2
parallels,2
include,2
typically,2
consumption,2
smaller,2
states,2
variously,2
extremely,2
walking,2
supported,2
potential,2
hills,2
vary,2
gulf,2
strong,2
among,2
wheatley,2
hotchkis,2
nagara,2
scandinavian,1
final,1
malaya,1
incited,1
winds,1
currently,1
o,1
brumfiel,1
underpinning,1
edge,1
inscriptional,1
fortified,1
memorials,1
concerned,1
indicated,1
meaning,1
commemorated,1
generous,1
functional,1
tribesmen,1
brahman,1
dangers,1
extend,1
jane,1
dimension,1
graveyards,1
offset,1
intriguing,1
foraging,1
mountains,1
succession,1
appear,1
junker,1
legitimization,1
gallagher,1
speakers,1
conquering,1
mike,1
systematically,1
reassessment,1
shan,1
artistic,1
kampaeng,1
itself,1
mongkut,1
specialist,1
kanchanaburi,1
approaches,1
hafts,1
cambodian,1
twenty,1
notwithstanding,1
sangha,1
mediterranean,1
cremate,1
fixed,1
virtually,1
unlike,1
premchit,1
cornell,1
steeply,1
nineteenth,1
corresponding,1
du,1
contact,1
tambiah,1
limestone,1
mote,1
glover,1
fabric,1
kohl,1
australia,1
lightly,1
titles,1
long,1
stoneware,1
creation,1
noort,1
questions,1
originally,1
attempts,1
taken,1
military,1
contrasted,1
vols,1
address,1
rapid,1
encouraged,1
demonstrable,1
nimminahaeminda,1
fragmentary,1
advanced,1
maccallum,1
damaged,1
continue,1
wooden,1
interwoven,1
agrarian,1
broken,1
lampung,1
momentum,1
thank,1
timing,1
potentially,1
analyses,1
follows,1
geopolitical,1
sytems,1
sometime,1
closer,1
court,1
antiquarianism,1
renfrew,1
aung,1
marchands,1
kingdom,1
evolving,1
felicitation,1
shennan,1
consist,1
murray,1
bejra,1
mr,1
primitive,1
reworking,1
jarlets,1
platforms,1
decreased,1
ruined,1
gibson,1
rethinking,1
posts,1
ishii,1
scarre,1
case,1
documenting,1
side,1
occasional,1
brief,1
existence,1
gullick,1
isas,1
officiating,1
soppong,1
eastern,1
advice,1
primary,1
sought,1
mass,1
hall,1
addresses,1
presses,1
custom,1
dong,1
account,1
gardens,1
vol,1
lends,1
possible,1
implies,1
prehispanic,1
sabloff,1
vaguely,1
establishing,1
adopting,1
powers,1
commonality,1
bibliography,1
occupy,1
countered,1
apart,1
taking,1
variations,1
bell,1
reflecting,1
infer,1
carlyle,1
resources,1
quantity,1
dynamic,1
bowls,1
above,1
porcelain,1
correlation,1
economies,1
marginalized,1
monastic,1
collection,1
aggression,1
controlled,1
reliquaries,1
framework,1
li,1
tribute,1
regarding,1
conflict,1
khun,1
throughout,1
collapse,1
cemeteries,1
dependence,1
influx,1
blades,1
component,1
difficulties,1
immediate,1
roger,1
lombard,1
inevitable,1
surrounded,1
visited,1
nam,1
attesting,1
divine,1
thwin,1
sot,1
rites,1
friedman,1
heightened,1
forbade,1
metalwork,1
overly,1
accelerating,1
slabs,1
weaknesses,1
transitional,1
mesopotamian,1
drainage,1
displays,1
back,1
fig,1
bhumiphol,1
sankamphaeng,1
antares,1
dates,1
honour,1
third,1
twice,1
publications,1
alliances,1
formulate,1
schortman,1
underglazed,1
deceased,1
instruments,1
look,1
waterways,1
brahmanical,1
apparently,1
occasion,1
nimmanahaeminda,1
acknowledge,1
impressions,1
poorly,1
mechanism,1
sanskrit,1
higher,1
lesser,1
assessed,1
avoids,1
added,1
whose,1
essential,1
syncretization,1
macintosh,1
kalong,1
kemasingka,1
act,1
etudes,1
his,1
links,1
mattered,1
maintenance,1
ofhis,1
en,1
award,1
capture,1
notion,1
subsistence,1
environments,1
infilled,1
hongson,1
eight,1
amazonian,1
rubric,1
japanese,1
kilns,1
preservation,1
lacking,1
consuming,1
upstream,1
origins,1
factors,1
metres,1
gathering,1
underline,1
shell,1
involvement,1
perspectivesfrom,1
subordinated,1
monumentalism,1
affect,1
rooney,1
marks,1
pali,1
dichotomy,1
intensive,1
peasants,1
hraf,1
director,1
proposed,1
kipp,1
numbers,1
dominate,1
gradually,1
articulated,1
chao,1
ministers,1
commonly,1
conqueror,1
recovered,1
additional,1
piety,1
dept,1
encouragement,1
connecting,1
kealhofer,1
bender,1
defeat,1
defines,1
organisation,1
undertaken,1
festschriftfor,1
cost,1
stark,1
swearer,1
painted,1
exploitation,1
pole,1
destructive,1
care,1
swidden,1
undermines,1
mer,1
view,1
stands,1
reflections,1
behaviour,1
opening,1
expressed,1
incomplete,1
paynter,1
walk,1
location,1
route,1
downstream,1
rule,1
inherent,1
basin,1
critically,1
typical,1
access,1
attack,1
bii,1
phimai,1
international,1
circa,1
primacy,1
relate,1
timbered,1
depletion,1
luxury,1
lydon,1
brill,1
bhumiphon,1
base,1
representative,1
markets,1
term,1
hui,1
uplandlowland,1
fusion,1
caves,1
war,1
michigan,1
nominally,1
keywords,1
tools,1
appears,1
pitting,1
absorption,1
schneider,1
therevada,1
appearing,1
otherwise,1
metals,1
spur,1
produce,1
stonewares,1
acknowledgements,1
technical,1
aspects,1
precept,1
undermined,1
shape,1
abuse,1
hierarchies,1
directly,1
feeding,1
participation,1
supplanted,1
future,1
pombejra,1
artifacts,1
formerly,1
mungo,1
scatters,1
philbert,1
kauffmann,1
reid,1
comprises,1
prominent,1
prompted,1
characterization,1
lopburi,1
london,1
multilayered,1
knowledge,1
comment,1
nationalized,1
sangambaeng,1
lavauzelle,1
sisatchanalai,1
haw,1
describe,1
island,1
older,1
blue,1
place,1
reynolds,1
postulated,1
constitute,1
contains,1
records,1
assimilating,1
csseas,1
sherratt,1
centralised,1
surrounding,1
employed,1
mmi,1
nor,1
systematic,1
showing,1
gently,1
strengthened,1
urn,1
graduate,1
manipulation,1
annotated,1
gateway,1
tone,1
sparsely,1
running,1
esteem,1
happenings,1
composite,1
thirteenth,1
formalizing,1
below,1
northworld,1
stage,1
involve,1
chippendale,1
politically,1
adj,1
phitsanuok,1
emphasizes,1
settlement,1
event,1
sake,1
specifically,1
explored,1
prized,1
berg,1
wrist,1
autonomy,1
transport,1
wider,1
knives,1
bottle,1
eighth,1
folk,1
presence,1
hinton,1
peak,1
essentially,1
rujaya,1
ieio,1
coast,1
minor,1
results,1
describes,1
cycle,1
appropriate,1
honorific,1
value,1
displaced,1
dam,1
inhabiting,1
commensurate,1
will,1
integrating,1
therefore,1
sons,1
situation,1
arrangement,1
higham,1
ceremonial,1
hegemony,1
nonya,1
absence,1
fortunately,1
chase,1
contingent,1
statecraft,1
populations,1
cessation,1
foiled,1
doctoral,1
seventh,1
short,1
barrows,1
indien,1
play,1
return,1
acknowledged,1
anniversary,1
unstable,1
april,1
prove,1
formative,1
still,1
reconstruction,1
wagstaff,1
presently,1
nwg,1
unprecedented,1
movement,1
roads,1
acquisitive,1
single,1
vicinity,1
lisa,1
corpus,1
maehongson,1
scarcity,1
guide,1
once,1
simultaneous,1
pacific,1
vegetable,1
yet,1
aj,1
definable,1
recognise,1
caravan,1
serve,1
continuity,1
technology,1
fifth,1
chronology,1
populated,1
remnant,1
ne,1
khong,1
neither,1
differentiate,1
management,1
included,1
fringes,1
complete,1
rectangular,1
satyanrta,1
sharply,1
dialectical,1
outlined,1
indian,1
dwindled,1
largest,1
reports,1
warranted,1
noted,1
people,1
maintained,1
knapp,1
useful,1
routes,1
inhabitants,1
resolution,1
hautes,1
ingold,1
nanhai,1
decoration,1
muslims,1
toward,1
again,1
southeastasia,1
towns,1
xieng,1
flat,1
infiltrated,1
many,1
water,1
analytical,1
fact,1
shows,1
ceramic,1
leading,1
terminating,1
deterioration,1
head,1
pledge,1
jmbras,1
disuse,1
rebuilding,1
sung,1
habitat,1
coedes,1
diverse,1
john,1
fallen,1
figurines,1
estimation,1
variation,1
yp,1
diameter,1
patchwork,1
question,1
transit,1
rejuvenation,1
conclusions,1
conspicuously,1
present,1
xkampaeng,1
covered,1
pefeo,1
hinterlands,1
vulnerable,1
strategies,1
chine,1
beyab,1
chronologically,1
belief,1
ignoring,1
routledge,1
style,1
coined,1
going,1
locations,1
cremation,1
regionally,1
outlines,1
valleys,1
barrett,1
degree,1
remained,1
responded,1
crown,1
interrelated,1
private,1
understanding,1
investigated,1
laveu,1
examples,1
background,1
treated,1
comprise,1
craig,1
staging,1
discovery,1
formal,1
distinctly,1
strongly,1
ruling,1
warrior,1
elite,1
significant,1
traded,1
largely,1
confrontational,1
emphasize,1
robinson,1
conditions,1
ideas,1
skaw,1
karst,1
actual,1
individuals,1
merit,1
franklin,1
radiocarbon,1
pagan,1
hagesteijn,1
office,1
uruk,1
described,1
nuclear,1
ties,1
umesao,1
low,1
explorations,1
akademisk,1
loosely,1
reality,1
obtaining,1
points,1
spearheads,1
ireland,1
seamo,1
interpret,1
symposium,1
times,1
physics,1
started,1
characterized,1
collaboration,1
escaped,1
causally,1
played,1
serves,1
administrative,1
households,1
illicit,1
kiang,1
peer,1
black,1
standard,1
commentaries,1
indianized,1
chedi,1
repeated,1
oxbow,1
kamben,1
graves,1
comparing,1
behind,1
coercive,1
geographies,1
duration,1
bordered,1
craft,1
become,1
relation,1
narrow,1
ornaments,1
interpretations,1
boran,1
shallow,1
mainly,1
effect,1
attendant,1
cranborne,1
january,1
patterson,1
raised,1
ethnohistory,1
implication,1
statue,1
potteries,1
phayap,1
musser,1
attracted,1
workshop,1
wells,1
occupied,1
relative,1
temporality,1
sociopolitical,1
efflorescence,1
la,1
acent,1
inhumation,1
kiernan,1
widely,1
overlapping,1
fails,1
implicitly,1
wyatt,1
indication,1
accounted,1
hong,1
dead,1
groupings,1
circle,1
ing,1
ecological,1
usually,1
five,1
minorities,1
hommes,1
bhruksasri,1
attention,1
stocks,1
villagers,1
inside,1
independence,1
referred,1
dimensions,1
who,1
seen,1
collections,1
imperialism,1
force,1
jar,1
originated,1
consolidation,1
antiquity,1
volumes,1
handleless,1
methods,1
responsible,1
dans,1
pristine,1
construction,1
fall,1
athlone,1
composed,1
education,1
british,1
exists,1
aboriginal,1
rim,1
ridges,1
articles,1
arts,1
suchitta,1
tribe,1
considered,1
detail,1
founders,1
seriously,1
chandavij,1
monument,1
kemachaat,1
singular,1
comes,1
sloping,1
incised,1
changing,1
vallibhotama,1
conjunction,1
peoples,1
demonstrate,1
hamond,1
gina,1
pace,1
reciprocity,1
phitsanulok,1
dr,1
temporal,1
charles,1
reconnaissance,1
funding,1
sciences,1
offers,1
quaternary,1
mirrors,1
shortcoming,1
ayutthaya,1
mythistorical,1
deficiencies,1
intellectual,1
components,1
introducing,1
each,1
chroniques,1
cemetery,1
correspond,1
controversy,1
trteck,1
different,1
december,1
sell,1
welch,1
setting,1
kachin,1
capital,1
did,1
leaders,1
down,1
southernmost,1
current,1
domestic,1
post,1
dennis,1
foundation,1
iii,1
ideological,1
exploiting,1
emptying,1
phraya,1
twelfth,1
enforcing,1
generalized,1
plaques,1
disjunctures,1
rural,1
bands,1
ditch,1
particularized,1
william,1
malaysia,1
according,1
discuss,1
ethnically,1
propoganda,1
ruins,1
what,1
foris,1
nominal,1
reign,1
whether,1
cypriot,1
making,1
references,1
maintain,1
firmly,1
theory,1
ceased,1
inscriptions,1
supplemented,1
insightful,1
foundations,1
translators,1
climbing,1
pitted,1
birthday,1
siecles,1
hundreds,1
contain,1
port,1
art,1
dk,1
des,1
popular,1
conference,1
marking,1
demarcated,1
son,1
anklet,1
scott,1
introduced,1
extending,1
easy,1
tjmphang,1
concessions,1
transition,1
sop,1
assumptions,1
commissioned,1
territory,1
measure,1
commodities,1
animist,1
arguments,1
merchant,1
cycladic,1
hmong,1
writing,1
vietnamese,1
relates,1
megalithes,1
inefficient,1
subrahmanyam,1
singapore,1
duangphorn,1
commercial,1
asiatiques,1
argument,1
invasion,1
reveals,1
wang,1
contract,1
univeristy,1
grant,1
doctrine,1
land,1
delineate,1
socially,1
forbes,1
rutz,1
obscurity,1
integration,1
oldest,1
shift,1
summary,1
restored,1
vessel,1
removed,1
assumed,1
km,1
themselves,1
elites,1
commodity,1
chicago,1
era,1
notton,1
boh,1
nan,1
bounds,1
occur,1
ownership,1
documentary,1
little,1
focus,1
much,1
greenwell,1
ends,1
ab,1
aggrandizing,1
building,1
broader,1
khalo,1
draft,1
unparalleled,1
major,1
evidently,1
arizona,1
hypothesis,1
