WORDCOUNTS,WEIGHT
the,392
of,224
and,137
a,105
in,98
to,60
with,54
were,43
amazons,39
was,34
scythian,34
i,28
v,27
from,26
by,26
that,25
iron,25
at,24
is,24
on,24
bronze,23
this,22
female,21
women,19
bc,19
kurgan,19
some,17
their,16
not,15
ancient,15
but,15
also,15
near,15
century,15
an,15
it,14
as,14
these,14
only,14
for,14
fourth,14
they,13
burials,13
scythia,13
grave,13
don,13
figure,12
burial,12
years,12
graves,12
weapons,12
had,11
very,11
scythians,11
two,11
northern,11
fifth,10
or,10
sauromatian,10
young,10
greek,10
gold,10
one,9
centuries,9
amazon,9
all,9
woman,9
middle,9
sea,9
territory,9
are,8
according,8
warriors,8
e,8
among,8
we,8
na,7
wooden,7
classical,7
guliaev,7
kurgans,7
warrior,7
ritual,7
after,7
similar,6
large,6
herodotus,6
objects,6
lower,6
m,6
many,6
contained,6
there,6
writers,6
x,6
press,6
archaeological,6
have,6
black,6
clay,6
between,6
horse,6
about,6
pottery,6
diameter,5
mother,5
arrowheads,5
remains,5
females,5
university,5
most,5
children,5
new,5
uncovered,5
steppe,5
men,5
nomadic,5
funeral,5
discovered,5
part,5
during,5
numerous,5
archaeology,5
old,5
small,5
several,5
tribes,5
be,5
than,5
seventh,4
knife,4
l,4
cult,4
group,4
myth,4
arrowhead,4
same,4
accompanied,4
social,4
long,4
plundered,4
asia,4
found,4
rich,4
seven,4
necklace,4
moat,4
written,4
where,4
them,4
ternovoye,4
donu,4
sauromatians,4
voronezh,4
its,4
naukova,4
our,4
azov,4
three,4
land,4
period,4
glass,4
left,4
coast,4
do,4
world,4
north,4
south,3
various,3
been,3
inside,3
male,3
who,3
ery,3
armed,3
connected,3
special,3
stone,3
formed,3
o,3
sarmatians,3
skeleton,3
river,3
nashei,3
culture,3
floor,3
age,3
kms,3
t,3
lightly,3
supported,3
mound,3
more,3
hellenic,3
military,3
trained,3
ornaments,3
containing,3
scholars,3
could,3
great,3
p,3
lived,3
out,3
end,3
golden,3
c,3
roof,3
principal,3
silver,3
legend,3
form,3
posts,3
find,3
east,3
bones,3
institute,3
anthropological,3
role,3
food,3
elene,3
rivers,3
fialko,3
kingdom,3
full,3
horsewomen,3
dumka,3
described,3
sicily,3
legendary,3
explorations,3
authors,3
b,3
language,3
danube,3
bone,3
brave,3
high,3
militant,3
skull,3
goddess,3
massive,3
villages,3
can,3
even,3
mirror,3
steppes,3
customs,3
tolstaya,2
european,2
battle,2
knee,2
volga,2
weapon,2
war,2
vv,2
minor,2
looted,2
complex,2
russian,2
without,2
she,2
sauromatae,2
rather,2
purely,2
groups,2
wrote,2
impressive,2
pit,2
claimed,2
centre,2
drevnih,2
quiver,2
necessary,2
contribution,2
village,2
amazonian,2
southern,2
strange,2
significant,2
kinds,2
barrow,2
k,2
often,2
nauka,2
earrings,2
srednem,2
interment,2
pp,2
parts,2
illynskaya,2
corridor,2
fought,2
savchenko,2
tribe,2
under,2
considered,2
us,2
olive,2
another,2
history,2
prisoners,2
intensive,2
laid,2
dated,2
just,2
girls,2
skyphyia,2
chernenko,2
al,2
mastiugino,2
belonging,2
lands,2
graveyard,2
functions,2
rostov,2
first,2
badly,2
fertility,2
here,2
set,2
handle,2
important,2
know,2
suggested,2
represented,2
elizavetovsky,2
into,2
tanais,2
arrived,2
has,2
stories,2
kurgany,2
twenty,2
et,2
together,2
plan,2
called,2
typical,2
holding,2
time,2
avtorov,2
skyphskogo,2
savromaty,2
comb,2
plaques,2
seldom,2
stamped,2
fragments,2
historian,2
last,2
evident,2
usual,2
plate,2
investigations,2
diodorus,2
trappings,2
ordzhonikidze,2
circular,2
nizhnem,2
case,2
side,2
arkheologiya,2
troops,2
material,2
placed,2
poles,2
pamiatniky,2
owing,2
always,2
eurasia,2
killed,2
because,2
local,2
kolbino,2
status,2
suggests,2
possible,2
skyphy,2
contain,2
art,2
size,2
vessels,2
made,2
virgin,2
must,2
true,2
bough,2
city,2
description,2
step,2
went,2
encircled,2
people,2
representation,2
interments,2
lead,2
apparently,2
until,2
tradition,2
surface,2
zones,2
regions,2
held,2
defensive,2
successful,2
nine,2
vekov,2
ukraine,2
kind,2
armour,2
religious,2
never,2
sladkovsky,2
territories,2
region,2
presence,2
russia,2
enemies,2
when,2
proper,2
y,2
famous,2
eurasian,2
should,2
adult,2
darts,2
amazonki,2
ukrainian,2
built,2
close,2
widely,2
evidently,2
knowledge,2
society,2
walls,2
sacrificial,1
may,1
dealing,1
bottom,1
carried,1
chalk,1
civilization,1
wounds,1
miraculous,1
girl,1
therefore,1
poor,1
iranians,1
battlefield,1
online,1
severnogo,1
interesting,1
liubimovka,1
spread,1
infant,1
situation,1
prichernomorya,1
rostovtzeff,1
beast,1
belonged,1
ostrogozhsk,1
no,1
bliz,1
taken,1
noble,1
aurora,1
fell,1
dm,1
cimmerians,1
dagger,1
if,1
sometimes,1
varvara,1
rolle,1
individuals,1
perioda,1
five,1
names,1
ruthless,1
shields,1
short,1
imported,1
barrows,1
swords,1
located,1
remain,1
ogny,1
pieces,1
horses,1
embankment,1
basic,1
does,1
wall,1
square,1
then,1
skyphskye,1
expedition,1
brief,1
resulted,1
fewer,1
fulfilment,1
nearly,1
graveyards,1
altar,1
remote,1
victors,1
lost,1
army,1
transformed,1
skilful,1
mountains,1
order,1
pervasiveness,1
began,1
altai,1
per,1
wine,1
boy,1
kurganov,1
originated,1
grew,1
iconographic,1
told,1
borispola,1
conducted,1
pendants,1
recently,1
zinat,1
inhabited,1
soobshenya,1
youths,1
life,1
settled,1
construction,1
yuge,1
dona,1
spears,1
discoveries,1
spoken,1
beautiful,1
chamber,1
library,1
respect,1
absorbed,1
caps,1
precious,1
evocative,1
helmets,1
sets,1
ones,1
commemoration,1
types,1
fantasy,1
monuments,1
alongside,1
references,1
novyi,1
sailors,1
thames,1
beasts,1
modern,1
circulated,1
akkerman,1
soon,1
temovoye,1
russkaya,1
evolved,1
conical,1
victorious,1
former,1
greeks,1
ceremony,1
honours,1
organization,1
prestigious,1
annihilated,1
seems,1
rode,1
detachments,1
included,1
home,1
deposited,1
latest,1
motherland,1
considerations,1
eventually,1
tells,1
associated,1
driven,1
terrible,1
following,1
n,1
participants,1
convincingly,1
traces,1
result,1
rebelled,1
srednego,1
joint,1
iranian,1
shore,1
mentioned,1
changing,1
corresponded,1
threat,1
upper,1
peoples,1
damaged,1
arms,1
instructed,1
baby,1
lined,1
mention,1
noted,1
instituta,1
wire,1
catastrophes,1
beside,1
origins,1
cast,1
archaeologists,1
neighbouring,1
defeated,1
concerning,1
present,1
double,1
followed,1
proposes,1
fabulous,1
every,1
inhabitants,1
starozhivotinaya,1
painted,1
indication,1
name,1
creation,1
beef,1
connection,1
farn,1
human,1
native,1
law,1
cybele,1
levoberezhya,1
skyphyi,1
theory,1
amphorae,1
proud,1
devichye,1
mysterious,1
mighty,1
address,1
necessarily,1
death,1
kurganah,1
conceived,1
skyphii,1
spearhead,1
proof,1
iconography,1
flat,1
stretch,1
experienced,1
advanced,1
cent,1
discerned,1
greater,1
j,1
spear,1
guarding,1
archeologyi,1
correspond,1
standards,1
closely,1
my,1
aspect,1
s,1
fact,1
zhenskiye,1
based,1
skyphskih,1
auxiliary,1
d,1
oval,1
other,1
image,1
seem,1
praeger,1
available,1
mallory,1
head,1
did,1
portable,1
secondary,1
thrace,1
approximately,1
occasionally,1
argue,1
broken,1
appeared,1
abstract,1
regard,1
attack,1
disturbed,1
wave,1
inevitably,1
osprey,1
sovetskaya,1
rossyi,1
changed,1
diverse,1
any,1
service,1
sedentary,1
gde,1
demonstrating,1
enemy,1
justification,1
carcasses,1
wore,1
resulting,1
real,1
mogila,1
distinctive,1
man,1
past,1
impinged,1
innumerable,1
specially,1
zaporozhie,1
equestrians,1
simple,1
type,1
appearestd,1
forms,1
ages,1
wed,1
date,1
hand,1
cups,1
beginning,1
those,1
bravely,1
tales,1
spoons,1
born,1
political,1
elliny,1
california,1
covered,1
china,1
rituals,1
buried,1
what,1
heads,1
mogylnik,1
within,1
keywords,1
unique,1
cog,1
establish,1
hinterlands,1
terms,1
veka,1
system,1
killers,1
rossiyskaya,1
fulfill,1
vertical,1
obligation,1
surrounded,1
chunk,1
pogrebenyia,1
thirty,1
borispol,1
elizavetovskaya,1
decade,1
underworld,1
deep,1
territoryi,1
seasonal,1
storm,1
map,1
ltd,1
perhaps,1
firmly,1
belief,1
books,1
recorded,1
eastern,1
indrik,1
problem,1
routledge,1
lw,1
assemblage,1
structure,1
sinop,1
earlier,1
reflected,1
foundations,1
directly,1
iv,1
oruzhiem,1
memory,1
accordance,1
boys,1
remained,1
fighters,1
identical,1
custom,1
pogrebenya,1
improbable,1
information,1
original,1
vol,1
demonstrated,1
hippolita,1
basis,1
r,1
kasheevka,1
compelling,1
understanding,1
correctly,1
hellenes,1
adorned,1
finish,1
vast,1
necklaces,1
campaigns,1
cap,1
severnyh,1
intimate,1
subjugating,1
portraits,1
investigated,1
discovery,1
skyphov,1
leopard,1
accompanying,1
zhili,1
crossed,1
fine,1
writings,1
west,1
apart,1
intermarried,1
nomads,1
reported,1
little,1
point,1
since,1
bathed,1
explains,1
example,1
epokhi,1
sixth,1
kavkaze,1
deserts,1
tombs,1
mortuary,1
over,1
nation,1
along,1
marcelin,1
aged,1
homeland,1
cutting,1
data,1
contradiction,1
priroda,1
ten,1
earring,1
wound,1
sitting,1
spite,1
enduring,1
confronted,1
year,1
use,1
savromatov,1
warfare,1
childbearing,1
cows,1
michael,1
place,1
francis,1
dress,1
clans,1
soobsheniya,1
herds,1
phenomenon,1
hudson,1
problemy,1
records,1
hearth,1
slain,1
ideas,1
harvard,1
reports,1
learned,1
chieftains,1
comprehensively,1
beads,1
druzhiny,1
melitopol,1
painters,1
central,1
story,1
dispatched,1
dnepra,1
nothing,1
continue,1
elizavetovskom,1
vremeni,1
which,1
fantastic,1
search,1
previous,1
away,1
shores,1
serve,1
complicated,1
shelter,1
starozhivotinnoe,1
zemliah,1
robbers,1
shown,1
stepnoi,1
mogilnyke,1
youth,1
platform,1
theme,1
severe,1
representations,1
sailed,1
disseminating,1
open,1
own,1
clear,1
trabzon,1
radically,1
hordes,1
znanya,1
reality,1
kymmeriyzy,1
winged,1
position,1
intact,1
points,1
spearheads,1
hungary,1
raids,1
mode,1
bowl,1
moscow,1
change,1
characteristic,1
relatively,1
defeat,1
ability,1
issn,1
ploughing,1
relations,1
times,1
sarmaty,1
known,1
potudan,1
unpopular,1
sense,1
occurs,1
myre,1
mothers,1
like,1
ago,1
below,1
belongs,1
so,1
evidence,1
bows,1
absolutely,1
voina,1
aphrodite,1
earthen,1
panels,1
defined,1
contrast,1
probable,1
area,1
epoch,1
feasts,1
ural,1
played,1
skyphskiye,1
latyshev,1
elements,1
latter,1
around,1
scythskih,1
disarticulated,1
journey,1
moats,1
zhenshiny,1
conclusions,1
especially,1
separately,1
armament,1
problems,1
pregnant,1
migration,1
highly,1
rest,1
ammian,1
tabbot,1
brought,1
extraordinary,1
artemis,1
wholly,1
themselves,1
mystery,1
narrow,1
sight,1
drinking,1
suddenly,1
excavations,1
third,1
reached,1
animal,1
philip,1
ib,1
symbol,1
treasures,1
enjoyed,1
raskopky,1
kherson,1
died,1
fully,1
early,1
texts,1
views,1
up,1
sculptors,1
archaeologist,1
majority,1
feats,1
cattle,1
unresolved,1
deceased,1
verified,1
commemorative,1
kratkiye,1
mogyla,1
paid,1
figures,1
matriarchal,1
trostianka,1
existed,1
border,1
taylor,1
recent,1
connections,1
occasion,1
quarter,1
altars,1
skill,1
editorial,1
finds,1
arkheologyi,1
moved,1
decay,1
fierce,1
glorious,1
equal,1
sredi,1
vividly,1
aboard,1
evraziyi,1
depths,1
performing,1
dnieper,1
iranzy,1
hypothesis,1
