WORDCOUNTS,WEIGHT
the,21
of,19
and,15
in,12
on,11
archaeology,9
to,7
world,7
debates,6
a,6
papers,5
as,5
issues,5
by,4
this,4
for,4
three,3
issue,3
be,3
that,3
thomas,3
range,3
contributions,3
edited,3
is,3
editor,2
themed,2
first,2
responses,2
next,2
published,2
k,2
outram,2
can,2
debate,2
diverse,2
dowson,2
recent,2
exeter,2
queer,1
ethnographic,1
migration,1
from,1
university,1
aim,1
petru,1
site,1
alan,1
now,1
bellwood,1
these,1
four,1
slovenia,1
second,1
reports,1
archaeological,1
may,1
have,1
manifestation,1
holtorf,1
road,1
you,1
contact,1
earth,1
peter,1
social,1
your,1
stockett,1
if,1
pleistocene,1
acuk,1
issn,1
been,1
although,1
haour,1
more,1
advice,1
guidelines,1
number,1
offers,1
it,1
set,1
volume,1
well,1
give,1
dow,1
son,1
vol,1
ransley,1
earlier,1
submission,1
prior,1
possible,1
epidemic,1
cobb,1
island,1
loosley,1
online,1
disease,1
paper,1
contribution,1
are,1
archaeologies,1
mitchell,1
different,1
december,1
specific,1
mesoamerica,1
direct,1
insoll,1
one,1
items,1
limitations,1
best,1
community,1
accommodate,1
found,1
deadline,1
research,1
yvonne,1
about,1
discoveries,1
appeared,1
resources,1
topics,1
detailed,1
ammerman,1
two,1
peopling,1
comment,1
with,1
ways,1
gender,1
o,1
aetokremnos,1
early,1
annual,1
infectious,1
new,1
austronesian,1
park,1
focus,1
england,1
sex,1
niger,1
francis,1
notice,1
taylor,1
demonstrates,1
north,1
noller,1
engaging,1
proposed,1
controversial,1
routledqe,1
school,1
laver,1
date,1
marshall,1
late,1
included,1
meltzer,1
further,1
present,1
previous,1
hutchins,1
following,1
