WORDCOUNTS,WEIGHT
the,630
of,311
and,221
in,158
to,137
a,95
x,87
was,86
were,82
house,70
is,70
that,68
with,63
are,55
it,52
from,52
on,49
have,46
as,45
be,42
old,40
which,39
been,39
at,37
new,36
homestead,35
this,33
buildings,33
by,33
matanaka,31
there,28
building,28
for,27
some,27
original,27
used,26
had,24
floor,22
or,22
these,22
when,22
they,21
part,21
not,21
bricks,20
roof,20
construction,20
wall,20
one,19
two,19
paint,18
evidence,18
i,17
timber,16
no,16
an,16
can,15
window,15
chimneys,15
between,15
southern,14
veranda,14
coutts,13
found,13
circa,13
but,13
joists,13
first,12
bay,12
details,12
time,12
ground,12
historical,12
foundations,12
ceiling,12
early,12
has,11
since,11
weatherboards,11
w,11
structural,11
under,11
timbers,11
areas,11
zealand,11
present,11
tales,11
peter,11
probably,11
tell,11
built,11
their,10
painted,10
waikouaiti,10
same,10
made,10
samples,10
archaeological,10
later,9
into,9
t,9
taken,9
all,9
other,9
mr,9
dunedin,9
such,9
g,9
may,9
its,9
will,9
still,9
otago,9
architectural,9
northern,9
chimney,9
imported,8
history,8
side,8
iron,8
lining,8
walls,8
front,8
most,8
m,8
cut,8
sleepers,8
rooms,8
kitchen,8
well,8
local,8
so,8
after,8
nails,8
analysis,8
techniques,8
much,8
replaced,7
piles,7
j,7
date,7
west,7
back,7
four,7
data,7
place,7
results,7
only,7
added,7
many,7
hocken,7
figure,7
over,7
both,7
wellington,7
major,7
before,6
being,6
australia,6
checked,6
ltd,6
similar,6
white,6
changes,6
could,6
r,6
revealed,6
several,6
few,6
study,6
windows,6
use,6
today,6
select,6
archaeology,6
methods,6
must,6
constructed,6
erected,6
number,6
type,6
information,6
suggests,6
alterations,6
e,5
h,5
former,5
sources,5
long,5
available,5
wooden,5
styles,5
those,5
very,5
than,5
jones,5
colour,5
his,5
mortar,5
research,5
mrs,5
brought,5
during,5
appended,5
settlement,5
up,5
south,5
materials,5
identified,5
beams,5
lined,5
more,5
also,5
french,5
lime,5
main,5
layer,5
john,5
wood,5
sequence,5
attic,5
held,5
studs,5
often,5
feet,5
structure,5
tests,5
table,5
sequences,5
photographs,5
door,5
associated,5
grey,5
past,5
dark,5
pine,5
green,5
removed,5
rubble,5
complex,4
stone,4
cement,4
laid,4
totara,4
case,4
possible,4
central,4
distinctive,4
arranged,4
left,4
journal,4
parts,4
summarized,4
shingles,4
plates,4
though,4
method,4
aspects,4
sydney,4
structures,4
showing,4
least,4
valuable,4
f,4
economic,4
surviving,4
battens,4
hand,4
plate,4
covered,4
sides,4
examination,4
galvanized,4
carried,4
porch,4
who,4
seen,4
following,4
extension,4
readily,4
what,4
whether,4
size,4
entrance,4
layers,4
rafters,4
area,4
given,3
o,3
stylistic,3
determine,3
he,3
library,3
studies,3
bathroom,3
modern,3
position,3
western,3
fixed,3
lower,3
certainly,3
shingle,3
suggesting,3
dr,3
spruce,3
obvious,3
upstairs,3
point,3
extends,3
along,3
photographic,3
sand,3
phase,3
interior,3
author,3
corner,3
sample,3
nelson,3
times,3
screwed,3
newer,3
hallway,3
rather,3
l,3
matai,3
junction,3
contributions,3
tree,3
space,3
parlour,3
university,3
dated,3
gable,3
elsewhere,3
show,3
origins,3
beyond,3
p,3
out,3
sites,3
work,3
apparent,3
pantry,3
podocarpus,3
people,3
doors,3
project,3
analysed,3
social,3
southland,3
suggest,3
around,3
small,3
likely,3
architecture,3
boards,3
located,3
rafter,3
about,3
technology,3
published,3
double,3
diary,3
fire,3
name,3
again,3
others,3
put,3
joints,3
lobby,3
contemporary,3
fragments,3
where,3
native,3
elevations,3
secured,3
background,3
top,3
calico,3
co,3
period,3
black,3
narrow,3
examine,3
we,3
bearer,3
farm,3
pieces,3
reasonable,3
clays,3
indicate,3
frames,3
oldest,3
extant,3
foundation,3
nailed,3
according,3
carefully,3
them,3
form,3
vesta,3
press,3
plans,3
locations,3
years,3
frame,3
although,3
define,3
d,3
roofing,3
remains,3
comparison,3
north,3
hypothesis,3
margins,2
now,2
common,2
way,2
if,2
indicated,2
rev,2
yards,2
facade,2
tuckett,2
passing,2
stripped,2
group,2
large,2
settlements,2
identify,2
referring,2
drawings,2
flooring,2
occurred,2
corresponding,2
amongst,2
granary,2
mortise,2
hence,2
might,2
seems,2
confirmed,2
shaped,2
accompanied,2
simple,2
sometime,2
reed,2
room,2
tenon,2
help,2
last,2
consist,2
raised,2
principal,2
depends,2
wardrobe,2
eastern,2
gaps,2
hall,2
account,2
prior,2
carpenters,2
reconstruction,2
analyse,2
exposed,2
accuracy,2
development,2
pursue,2
intact,2
noel,2
regarded,2
fig,2
houses,2
dates,2
storeroom,2
drawn,2
consequently,2
bottles,2
sashes,2
steps,2
coats,2
adzed,2
identification,2
superficial,2
obtained,2
how,2
dealt,2
earlier,2
inches,2
impressed,2
milled,2
support,2
means,2
locally,2
river,2
beaded,2
just,2
frequently,2
eucalypt,2
terminology,2
dwelling,2
important,2
methodology,2
appearance,2
called,2
initial,2
further,2
buried,2
appears,2
applied,2
superstructures,2
technical,2
because,2
line,2
formerly,2
hung,2
archaeologist,2
framed,2
fired,2
dk,2
plastered,2
away,2
own,2
attics,2
change,2
below,2
next,2
owned,2
involved,2
sufficient,2
starting,2
presence,2
protect,2
division,2
appropriate,2
massive,2
seemed,2
survived,2
eaves,2
partially,2
exterior,2
variety,2
cottage,2
various,2
letters,2
scientific,2
turnbull,2
sauce,2
exception,2
planks,2
wh,2
above,2
dwellings,2
once,2
examined,2
makes,2
mission,2
assistance,2
marston,2
rectangular,2
already,2
junctions,2
illustrated,2
sketch,2
cream,2
tasmanian,2
whaling,2
stud,2
usefulness,2
fact,2
shows,2
longer,2
leading,2
plan,2
documents,2
schoolitem,2
enable,2
end,2
identical,2
considerable,2
man,2
adjacent,2
centre,2
necessary,2
perhaps,2
style,2
remove,2
another,2
situated,2
extended,2
sunroom,2
load,2
assume,2
exhibited,2
individuals,2
lounge,2
bedroom,2
three,2
historic,2
interpret,2
would,2
features,2
high,2
internal,2
normally,2
pottery,2
propose,2
standard,2
increasing,2
european,2
irregular,2
cabbage,2
sometimes,2
usually,2
five,2
suffice,2
vertical,2
sandstone,2
effectively,2
covering,2
why,2
instances,2
ridges,2
extensions,2
thick,2
forest,2
detail,2
sections,2
sampson,2
deposited,2
victoria,2
any,2
conjunction,2
known,2
here,2
bottle,2
paper,2
different,2
east,2
toilet,2
post,2
far,2
passage,2
leadhead,2
destroyed,2
places,2
boarded,2
nearby,2
yield,2
baltic,2
almost,2
gratitude,2
level,2
gables,2
undercoats,2
colonial,2
question,2
shown,2
recording,2
numerous,2
cemented,2
instead,2
include,2
photograph,2
off,2
news,2
c,2
text,2
go,1
ending,1
borer,1
compares,1
symmetry,1
technician,1
undercoat,1
generous,1
functional,1
pale,1
judging,1
heights,1
offset,1
intriguing,1
red,1
combine,1
mantell,1
introduction,1
starts,1
manuscript,1
mouth,1
american,1
judged,1
ielvevt,1
tend,1
join,1
second,1
ways,1
remnants,1
completely,1
fwooden,1
largely,1
originals,1
hair,1
trace,1
committee,1
supposing,1
dg,1
accentuated,1
interpretative,1
acquainted,1
source,1
sequential,1
bark,1
consistent,1
gn,1
lateral,1
preceding,1
finger,1
interests,1
wax,1
originally,1
restoration,1
estate,1
knobs,1
assist,1
fragmentary,1
shortage,1
england,1
nature,1
departure,1
resemblance,1
company,1
possibilities,1
s,1
height,1
affinities,1
copy,1
packed,1
twenty,1
belong,1
daily,1
great,1
accumulated,1
assembled,1
arises,1
follows,1
spaced,1
studied,1
transporting,1
onto,1
procedure,1
court,1
weatherboard,1
resulting,1
washhouse,1
escutcheon,1
subsequent,1
xx,1
feature,1
resorting,1
state,1
cheshire,1
stand,1
tv,1
featheredged,1
classified,1
opposite,1
wallpapers,1
superficially,1
peg,1
lecturer,1
photographer,1
ad,1
british,1
fortune,1
key,1
weathered,1
primary,1
u,1
america,1
right,1
jonls,1
microscopy,1
design,1
figs,1
vol,1
porter,1
opened,1
logical,1
lifetime,1
illustrate,1
soils,1
adopting,1
structurally,1
rpurlinc,1
reflecting,1
owners,1
quantity,1
overlooking,1
resembling,1
himself,1
recapture,1
interviews,1
worcestershire,1
letter,1
dignity,1
tied,1
controlled,1
hudson,1
framework,1
evans,1
includes,1
township,1
archivist,1
reused,1
explained,1
component,1
illustrates,1
against,1
machine,1
integral,1
reproduced,1
veneer,1
conducted,1
dsir,1
caversham,1
extensively,1
z,1
spans,1
hs,1
superstructure,1
precludes,1
distinct,1
underlying,1
perspective,1
document,1
depend,1
profound,1
bullock,1
pegs,1
allowing,1
suitable,1
compared,1
third,1
publications,1
died,1
explore,1
y,1
sponsorship,1
even,1
catlins,1
spite,1
belongs,1
casement,1
traditions,1
pty,1
foundationt,1
selectively,1
industries,1
phases,1
higher,1
employ,1
failed,1
handwrought,1
explanations,1
interesting,1
authority,1
photogrammetry,1
aborigines,1
vegetable,1
york,1
outbuildings,1
essential,1
german,1
chamfered,1
without,1
statements,1
traffic,1
factual,1
cleaned,1
across,1
district,1
panels,1
sort,1
museum,1
basic,1
trunks,1
explicit,1
notices,1
altar,1
munro,1
schoolhouse,1
outward,1
nsw,1
risk,1
importance,1
b,1
certain,1
brand,1
witness,1
k,1
illustrations,1
rti,1
lea,1
lots,1
reason,1
halves,1
facilitated,1
plus,1
servants,1
tusk,1
consider,1
possibly,1
entry,1
sorts,1
literary,1
clearly,1
demolition,1
edition,1
n,1
plaster,1
observations,1
abridged,1
stewart,1
additional,1
shed,1
barnicoat,1
followed,1
undertaken,1
cost,1
undisciplined,1
hereafter,1
odd,1
care,1
norway,1
salient,1
wiltshire,1
view,1
appear,1
compiled,1
disappeared,1
whereas,1
raw,1
standards,1
closely,1
my,1
ostentatious,1
herald,1
lead,1
societies,1
sawmills,1
hands,1
color,1
access,1
icap,1
relating,1
foreground,1
seven,1
underneath,1
international,1
ocean,1
stations,1
emerge,1
pasted,1
joist,1
base,1
irregularly,1
pre,1
gwa,1
extracting,1
embedded,1
fourth,1
equally,1
pointing,1
cultural,1
pitch,1
districts,1
halstead,1
boyd,1
tile,1
thin,1
wealth,1
however,1
wohlers,1
xn,1
guidance,1
required,1
frog,1
wide,1
surmised,1
cheerkf,1
acd,1
near,1
possibility,1
acknowledgements,1
huge,1
expensive,1
jim,1
crushed,1
charred,1
received,1
start,1
crude,1
ot,1
purplevery,1
tombs,1
reduction,1
indigenous,1
crawl,1
positions,1
caught,1
description,1
whole,1
q,1
describe,1
island,1
older,1
brickwork,1
partly,1
warranted,1
concentrate,1
seated,1
moulding,1
runs,1
rows,1
et,1
documented,1
lawsuit,1
bishop,1
reflect,1
surrounding,1
floors,1
employed,1
enthusiastic,1
concurrent,1
either,1
subtle,1
depicting,1
concentrates,1
evening,1
running,1
painting,1
hard,1
working,1
panel,1
straight,1
holes,1
trading,1
order,1
pinned,1
odt,1
quite,1
emerging,1
family,1
scarlet,1
overshadowed,1
mitchell,1
endowed,1
june,1
altered,1
disposition,1
flotsam,1
components,1
subsided,1
trusts,1
longman,1
usual,1
yielded,1
core,1
always,1
kahikatea,1
visible,1
generally,1
laterally,1
batten,1
leaflet,1
proper,1
world,1
notice,1
roots,1
relic,1
notes,1
finds,1
settle,1
mantles,1
settlers,1
replacing,1
chronological,1
uncommon,1
reduced,1
lit,1
matter,1
fireplace,1
fortunately,1
overlapped,1
short,1
indeed,1
limited,1
dressed,1
framing,1
april,1
remodelled,1
adjoined,1
projecting,1
pile,1
illustrating,1
technically,1
indicates,1
comments,1
builders,1
initially,1
shipped,1
ceilings,1
hearths,1
vicinity,1
label,1
foot,1
pacific,1
demolished,1
avoids,1
yet,1
interpretation,1
housing,1
externally,1
consuming,1
serve,1
remnant,1
spicatus,1
ele,1
ancient,1
palmer,1
home,1
homogeneous,1
ci,1
light,1
carbonate,1
ston,1
knocked,1
outlined,1
al,1
department,1
reports,1
maintained,1
stones,1
picture,1
adaption,1
volume,1
alteration,1
provide,1
members,1
oral,1
sketchy,1
unreliable,1
heritage,1
clive,1
journey,1
pointed,1
similarly,1
varies,1
rock,1
financial,1
water,1
purlins,1
whalers,1
chocked,1
blocks,1
abstract,1
exclusion,1
classical,1
surfaces,1
personality,1
remain,1
doubt,1
appropriately,1
hinges,1
external,1
shortland,1
men,1
conclusions,1
enough,1
took,1
v,1
operating,1
deceptive,1
developing,1
pg,1
establish,1
relevant,1
coincident,1
ports,1
sw,1
material,1
heaps,1
jj,1
distance,1
ladder,1
counterpart,1
reflected,1
outlines,1
remained,1
interpreting,1
sir,1
appending,1
credit,1
pitched,1
exhibit,1
dave,1
knopf,1
completed,1
waite,1
accompanying,1
farming,1
opists,1
maritime,1
jetsam,1
stairway,1
including,1
translation,1
previously,1
sufficiently,1
rimu,1
europeans,1
hartshorne,1
entirely,1
livingroom,1
intermittent,1
station,1
additions,1
virtually,1
moulded,1
diaries,1
survey,1
rare,1
discontinuity,1
like,1
laboratory,1
shingling,1
national,1
aesthetic,1
dating,1
students,1
roberts,1
vii,1
finally,1
showpiece,1
installed,1
compositions,1
clear,1
adding,1
points,1
august,1
david,1
helpful,1
spread,1
collected,1
stages,1
filled,1
applicable,1
fred,1
transcript,1
latter,1
courtyard,1
roofs,1
characteristics,1
elaborate,1
parallel,1
alpine,1
newspapers,1
photogrammetric,1
bordered,1
shallow,1
distant,1
differ,1
hume,1
looked,1
figures,1
staff,1
tendency,1
beam,1
professional,1
develop,1
jots,1
investigations,1
thence,1
brown,1
species,1
annex,1
scrapbook,1
dealing,1
things,1
consists,1
stage,1
christchurch,1
twelve,1
initials,1
note,1
tentative,1
beech,1
fairly,1
continued,1
impressive,1
orbell,1
suspected,1
hill,1
begin,1
fixing,1
inside,1
lines,1
leslie,1
ordinary,1
institutions,1
referred,1
monuments,1
nz,1
commended,1
directions,1
spacings,1
detailed,1
bears,1
shells,1
expert,1
responsible,1
unusual,1
hope,1
mclndoe,1
dead,1
respect,1
supporting,1
downstairs,1
extremely,1
types,1
atmosphere,1
get,1
kilometres,1
arts,1
shingled,1
gigautea,1
ash,1
weotherbds,1
anstey,1
selwyn,1
regularly,1
rarely,1
then,1
coat,1
marks,1
historian,1
conclusion,1
throw,1
extending,1
vestas,1
demonstrate,1
extensive,1
officially,1
bedrooms,1
dacrydiodes,1
seating,1
wedges,1
sherds,1
sawyers,1
alternative,1
bearded,1
cover,1
acquired,1
dimension,1
colonization,1
each,1
rear,1
cox,1
changeover,1
dormers,1
distinctions,1
confident,1
sizes,1
spoil,1
did,1
alexander,1
down,1
brick,1
half,1
reminiscent,1
domestic,1
corrugated,1
ballantyne,1
loads,1
narrowed,1
enlarged,1
living,1
turned,1
beginning,1
william,1
unlikely,1
heads,1
economy,1
depicts,1
list,1
ones,1
references,1
supports,1
particular,1
ballast,1
forestry,1
maintain,1
map,1
zn,1
lengths,1
unnecessary,1
problem,1
heavier,1
extent,1
annexed,1
while,1
thames,1
require,1
wtih,1
property,1
kaikorai,1
popular,1
oath,1
hardwicke,1
marking,1
bodies,1
bought,1
varieties,1
intention,1
preserved,1
marked,1
perrins,1
attached,1
through,1
beach,1
content,1
became,1
role,1
wrought,1
woodene,1
disciplines,1
confronted,1
investigated,1
indebted,1
unesco,1
mention,1
twin,1
tall,1
kiln,1
catches,1
terminal,1
precision,1
our,1
come,1
sittingroom,1
plying,1
centennial,1
inquiries,1
whitcombe,1
bracing,1
difference,1
initiated,1
copies,1
chemical,1
morphological,1
obliterated,1
documentation,1
course,1
joined,1
correlated,1
uneconomic,1
need,1
tabular,1
glass,1
involving,1
piece,1
limitations,1
wallpaper,1
xd,1
matcanpaka,1
measured,1
increased,1
ships,1
ranged,1
archaic,1
summary,1
enclosed,1
needs,1
vi,1
specific,1
potential,1
dowel,1
pioneering,1
spectator,1
gazette,1
assumed,1
km,1
chicago,1
reached,1
cheaper,1
temperatures,1
sparingly,1
import,1
valley,1
entire,1
documentary,1
little,1
verified,1
primed,1
guttering,1
ends,1
whenever,1
rude,1
pairs,1
cross,1
should,1
showed,1
chambers,1
customs,1
