WORDCOUNTS,WEIGHT
the,348
of,169
and,110
to,94
a,91
in,73
was,62
were,46
as,39
by,36
from,28
for,27
with,25
cayman,24
caymanian,23
that,23
sea,22
turtles,21
their,20
on,20
or,18
turtle,18
boat,18
at,17
islands,16
which,16
catboat,16
west,16
be,16
this,14
fishing,13
caribbean,13
they,12
water,12
maritime,12
its,12
an,12
small,12
it,11
canoes,11
feet,11
is,10
each,10
could,10
indian,9
craft,9
turtling,8
large,8
into,8
but,8
c,8
marine,8
first,7
over,7
indies,7
new,7
than,7
when,6
soon,6
two,6
also,6
quickly,6
reptiles,6
smith,6
used,6
became,6
use,6
during,6
central,6
roger,6
turtlers,6
would,6
designed,6
among,6
european,5
now,5
canoe,5
no,5
capture,5
length,5
one,5
often,5
university,5
grounds,5
mosquito,5
them,5
nets,5
required,5
shape,5
traditional,5
oars,5
development,5
mast,5
three,5
legacy,5
although,5
like,5
american,5
pitpan,5
rather,4
order,4
who,4
construction,4
hull,4
not,4
considered,4
had,4
then,4
most,4
known,4
surface,4
sometimes,4
net,4
more,4
m,4
demise,4
ajax,4
fresh,4
watercraft,4
catboats,4
boats,4
lines,4
deep,4
well,4
along,4
adapted,4
equipped,4
colonial,4
london,4
become,4
trade,4
open,4
archaeological,4
so,4
archaeology,4
long,4
sailing,4
especially,4
attached,4
shallow,4
dorey,4
early,4
world,4
green,4
hauled,3
carried,3
features,3
recognized,3
way,3
if,3
usually,3
tiny,3
framing,3
remote,3
life,3
once,3
yet,3
types,3
aboriginal,3
sailors,3
thwarts,3
under,3
columbus,3
captain,3
adventures,3
rudder,3
before,3
are,3
source,3
grand,3
four,3
fashioned,3
e,3
resource,3
reefs,3
only,3
highly,3
hardwood,3
natural,3
specialized,3
other,3
did,3
called,3
eventually,3
time,3
found,3
hunting,3
distinctive,3
those,3
somewhat,3
unique,3
side,3
adaptation,3
has,3
pulled,3
aground,3
design,3
planking,3
local,3
island,3
vessels,3
both,3
made,3
through,3
station,3
hunted,3
named,3
dugout,3
pursuit,3
have,3
either,3
brac,3
night,3
mariners,3
single,3
desired,3
islanders,3
coast,3
up,3
unshipped,3
built,3
he,2
abundance,2
his,2
cedar,2
imported,2
slaughter,2
classic,2
forward,2
planks,2
prevent,2
dimensions,2
kept,2
ultimate,2
yale,2
surviving,2
contribution,2
standing,2
blending,2
southern,2
unfamiliar,2
settled,2
inches,2
white,2
caprail,2
animals,2
alive,2
chase,2
hawksbill,2
english,2
creatures,2
uninhabited,2
cuba,2
t,2
honduras,2
evolved,2
anthropology,2
western,2
established,2
culture,2
days,2
same,2
great,2
seafaring,2
incorporated,2
whaling,2
being,2
constructed,2
lee,2
fire,2
beaches,2
meat,2
s,2
press,2
flippers,2
heritage,2
set,2
bright,2
important,2
palm,2
ran,2
appear,2
towards,2
many,2
cultures,2
novel,2
came,2
accustomed,2
home,2
strength,2
extinction,2
attempt,2
out,2
spaniards,2
larger,2
uncelebrated,2
extinct,2
take,2
i,2
captured,2
hawksbills,2
traditionally,2
last,2
men,2
shoals,2
ground,2
fishermen,2
creature,2
whether,2
recently,2
population,2
thwart,2
form,2
mahogany,2
handled,2
occasional,2
practice,2
placed,2
nueva,2
recorded,2
bow,2
nautical,2
method,2
shore,2
while,2
primary,2
america,2
because,2
discovered,2
such,2
custom,2
struggling,2
directly,2
demonstrated,2
fastened,2
r,2
largest,2
reached,2
discovery,2
catch,2
blue,2
region,2
part,2
bottom,2
due,2
strakes,2
shipwrecked,2
step,2
tied,2
merchant,2
gunwale,2
records,2
evolution,2
device,2
prey,2
throughout,2
away,2
gear,2
surrounding,2
pine,2
until,2
survival,2
taken,2
maneuvers,2
anchored,2
since,2
type,2
approach,2
lonely,2
relatively,2
ease,2
public,2
moment,2
adopted,2
americas,2
normally,2
fathoms,2
frames,2
little,2
occasionally,2
cadiz,2
century,2
grass,2
fishery,2
fleet,2
devised,2
landforms,2
around,2
ships,2
ranged,2
bay,2
supported,2
internal,2
caymans,2
methods,2
june,2
invariably,2
compared,2
witnessed,2
lowered,2
rigging,2
hunters,2
weight,2
entire,2
looked,2
north,2
breed,2
appropriate,2
remora,2
sternpost,2
capturing,2
typicai,1
atlantic,1
reef,1
model,1
conflict,1
south,1
lesser,1
live,1
f,1
go,1
route,1
knew,1
converge,1
pole,1
front,1
simultaneously,1
builder,1
sail,1
transfix,1
second,1
inch,1
sons,1
aid,1
arrangement,1
added,1
mainsail,1
lation,1
saga,1
today,1
frequent,1
provide,1
africa,1
paddled,1
hearty,1
curves,1
circular,1
common,1
strike,1
voyages,1
bringing,1
socket,1
jervis,1
rope,1
later,1
figure,1
lbs,1
populations,1
growth,1
stays,1
residence,1
encompassed,1
groups,1
across,1
centered,1
generations,1
developed,1
spancelled,1
practical,1
dived,1
averages,1
pair,1
sprit,1
piece,1
functional,1
untold,1
breathe,1
represent,1
nicaragua,1
basic,1
investigation,1
career,1
en,1
market,1
others,1
trapper,1
appreciate,1
merits,1
arrive,1
coastal,1
offset,1
slow,1
stringer,1
prevailing,1
means,1
breath,1
april,1
oasis,1
culturally,1
vehicles,1
nonconformist,1
screws,1
heavier,1
still,1
opportunity,1
establish,1
stands,1
served,1
began,1
string,1
expanded,1
indicates,1
unwieldy,1
supplement,1
greens,1
inquiry,1
sails,1
years,1
similar,1
importance,1
grew,1
wind,1
rapidly,1
tasting,1
reflection,1
distribute,1
victuals,1
nearing,1
led,1
bermuda,1
inhabited,1
easily,1
waikna,1
colour,1
returned,1
sandy,1
k,1
provisions,1
tree,1
examine,1
permanently,1
lay,1
serrafia,1
insertion,1
existed,1
about,1
guide,1
represented,1
collect,1
settlement,1
loaned,1
carnivorous,1
gathering,1
measured,1
h,1
remnants,1
support,1
references,1
fit,1
drawings,1
propelling,1
articles,1
studies,1
mirror,1
unusual,1
figured,1
pompero,1
modern,1
maneuverable,1
exactly,1
undetected,1
ring,1
painted,1
fleets,1
increased,1
females,1
backs,1
carve,1
river,1
necessarily,1
offshore,1
familiar,1
itinerant,1
laid,1
occurred,1
logwood,1
curious,1
refrigeration,1
cod,1
rarely,1
holding,1
paper,1
linked,1
proved,1
pursuing,1
note,1
just,1
singular,1
rake,1
growing,1
yoke,1
tying,1
seafarers,1
ethnographic,1
series,1
tortoise,1
foresight,1
broad,1
absence,1
chief,1
changing,1
jamaica,1
shoe,1
without,1
indefinitely,1
narratives,1
turning,1
salvage,1
rescued,1
measurements,1
containing,1
department,1
experience,1
stowed,1
stepped,1
attaching,1
handling,1
grown,1
origins,1
marconi,1
neighbouring,1
look,1
seabed,1
precise,1
provision,1
sawn,1
shed,1
grazing,1
efficient,1
auxiliary,1
isolation,1
rkp,1
volume,1
lightly,1
interlopers,1
treenails,1
actually,1
terrestrial,1
adm,1
few,1
quietly,1
longitudinal,1
shaped,1
exploitation,1
useful,1
production,1
french,1
acquired,1
plight,1
routinely,1
setting,1
sections,1
historie,1
handle,1
cousin,1
exploration,1
entangled,1
toward,1
geography,1
decades,1
trunk,1
drawing,1
cut,1
jib,1
freeboard,1
utilization,1
actual,1
survey,1
rig,1
colonization,1
worked,1
control,1
gone,1
flat,1
all,1
addition,1
been,1
j,1
buoys,1
jamaican,1
ordinarily,1
foodstuff,1
descriptions,1
skills,1
drawn,1
different,1
based,1
faster,1
bent,1
submarine,1
canoas,1
roman,1
height,1
board,1
arrival,1
allow,1
unfolding,1
avenue,1
unknown,1
ubiquitous,1
areas,1
specially,1
down,1
restrictive,1
occupations,1
herbivorous,1
slowly,1
carrying,1
together,1
accompanied,1
pietro,1
tropical,1
task,1
classed,1
typical,1
abstract,1
journals,1
current,1
gradual,1
numbering,1
keel,1
brackers,1
maneuver,1
significance,1
sunbleached,1
core,1
tourism,1
commotion,1
roosting,1
handheld,1
service,1
ocean,1
john,1
shrouds,1
facilitate,1
grows,1
far,1
examination,1
lagoons,1
beds,1
near,1
associated,1
diet,1
descended,1
twenty,1
iron,1
domesticated,1
niche,1
fashion,1
help,1
shores,1
shapes,1
utilized,1
insular,1
base,1
another,1
reason,1
living,1
fitted,1
rubrail,1
lancing,1
aft,1
better,1
patterns,1
elm,1
enough,1
took,1
underside,1
spotted,1
limited,1
difficult,1
v,1
reptile,1
swam,1
comprised,1
standardized,1
breasthook,1
remarkable,1
understood,1
investigations,1
cultural,1
quiet,1
let,1
secrets,1
where,1
bands,1
weighted,1
rc,1
mainly,1
basics,1
steering,1
scaled,1
daniel,1
curvature,1
stopped,1
historical,1
tools,1
center,1
rose,1
puller,1
selected,1
paint,1
flesh,1
adapting,1
rising,1
less,1
applied,1
venezuela,1
particular,1
publications,1
otherwise,1
house,1
colony,1
number,1
existence,1
seasonal,1
nocturnal,1
passed,1
swing,1
produce,1
native,1
approached,1
thatch,1
directions,1
explained,1
eager,1
threaded,1
money,1
died,1
conically,1
fully,1
wood,1
female,1
sleeping,1
privateers,1
stalked,1
vehicle,1
technical,1
convenient,1
secure,1
insured,1
explored,1
nesting,1
hybrid,1
feeding,1
nonfunctional,1
prior,1
some,1
rowed,1
w,1
line,1
dwindled,1
crisscrossed,1
instincts,1
missionary,1
size,1
deserters,1
blade,1
unnoticed,1
precluded,1
hung,1
implement,1
examples,1
these,1
work,1
functions,1
easier,1
positioned,1
farther,1
shipboard,1
westindian,1
harpooning,1
carry,1
vital,1
bwi,1
nine,1
son,1
protein,1
measuring,1
overturn,1
dutch,1
prized,1
fallen,1
transport,1
maneuvering,1
brought,1
combination,1
refinement,1
story,1
surrounded,1
occupants,1
breeding,1
vessel,1
distinctly,1
newfoundland,1
uncertain,1
unpredictable,1
end,1
thatched,1
indigenous,1
seahardened,1
easy,1
revealed,1
spanishamerican,1
heaved,1
steamed,1
europeans,1
caught,1
intended,1
ten,1
beneath,1
therefore,1
prototype,1
significant,1
food,1
kindly,1
deserted,1
mnilitary,1
boatwrights,1
sand,1
operated,1
forests,1
unprofitable,1
permanent,1
copper,1
seaworthiness,1
dropping,1
easiest,1
rescue,1
flight,1
dorsal,1
people,1
exploit,1
aside,1
products,1
harrass,1
progress,1
tall,1
seasonally,1
learned,1
gain,1
resulting,1
voyage,1
outside,1
build,1
member,1
quita,1
england,1
ashore,1
swift,1
full,1
versatile,1
timber,1
shorter,1
office,1
rigged,1
floors,1
employed,1
lucrative,1
hollowed,1
manned,1
scarf,1
carefully,1
bear,1
forlorn,1
platform,1
jasmine,1
relic,1
stem,1
ties,1
frontiers,1
explorers,1
assembly,1
countless,1
salted,1
directed,1
herds,1
b,1
internally,1
swimming,1
unlucky,1
samuel,1
g,1
obtaining,1
group,1
documents,1
corner,1
brass,1
trap,1
lore,1
oertling,1
atop,1
amounts,1
traps,1
co,1
review,1
held,1
christopher,1
fauna,1
weatherliness,1
loom,1
allowed,1
sapling,1
integrated,1
ensnared,1
destinies,1
excavations,1
pens,1
eggs,1
intrepid,1
wrecking,1
netting,1
period,1
followed,1
sat,1
unexpected,1
threatens,1
preferred,1
raiding,1
obscurity,1
reconstructed,1
frank,1
glass,1
holes,1
regular,1
trading,1
next,1
vanished,1
windward,1
harpoon,1
shear,1
relegate,1
filled,1
off,1
destiny,1
inserting,1
after,1
area,1
instant,1
navigation,1
suction,1
whaleboat,1
abundant,1
inserted,1
decided,1
involved,1
veteran,1
loose,1
times,1
spanish,1
special,1
specific,1
pearl,1
behind,1
maneuverability,1
back,1
wider,1
tranquil,1
migrating,1
tortola,1
distinctively,1
surfaced,1
parallel,1
twilight,1
serving,1
temporary,1
coral,1
acts,1
extraordinary,1
prominently,1
notorious,1
allowing,1
successful,1
suitable,1
land,1
plans,1
narrative,1
effective,1
banking,1
ship,1
negotiate,1
except,1
afield,1
can,1
plate,1
brink,1
haphazardly,1
clutch,1
heavy,1
cutters,1
claiming,1
deposition,1
cays,1
mirrored,1
probably,1
even,1
bored,1
necessity,1
slightly,1
given,1
crumbling,1
schooner,1
nails,1
freebooters,1
attracted,1
much,1
schooners,1
oar,1
mature,1
occupied,1
ends,1
propulsion,1
recent,1
compass,1
traditions,1
observed,1
timbers,1
value,1
should,1
ago,1
martial,1
provided,1
skill,1
generation,1
acted,1
pallet,1
influence,1
frills,1
race,1
piercing,1
aboard,1
court,1
widely,1
bury,1
species,1
boiling,1
centerboard,1
experienced,1
poorly,1
crews,1
too,1
hunt,1
coordinated,1
haunts,1
dietary,1
spare,1
