WORDCOUNTS,WEIGHT
of,336
the,330
and,214
in,151
obsidian,126
a,86
to,78
as,64
edziza,57
at,46
is,44
or,40
alpine,40
are,38
by,36
this,34
on,33
that,32
from,30
have,30
be,29
sites,26
with,25
for,24
other,24
which,24
area,24
primary,23
most,23
source,23
british,22
high,22
was,21
these,20
more,20
were,20
sources,19
all,19
prehistoric,19
probably,19
mountain,18
archaeology,18
some,17
surface,17
cultural,17
elevation,17
columbia,16
it,15
may,15
mt,15
spectrum,14
lithic,14
well,14
type,14
there,13
than,13
no,13
their,13
r,13
but,13
chemical,13
been,13
fir,12
ranges,12
mount,12
not,12
although,12
one,11
relatively,11
during,11
about,11
range,11
i,11
an,11
can,11
aboriginal,11
fladmark,10
lower,10
knut,10
exploitation,10
least,10
around,10
activities,10
also,10
areas,10
archaeological,10
would,10
over,10
years,10
general,9
m,9
glacial,9
tahltan,9
procurement,9
assemblages,9
any,9
cm,9
northwestern,9
being,8
within,8
such,8
biface,8
study,8
access,8
low,8
types,8
canada,8
report,8
between,8
north,8
ca,8
bp,7
neoglacial,7
concentrated,7
secondary,7
resources,7
resource,7
raw,7
late,7
reduction,7
research,7
results,7
he,7
quarry,7
pp,7
two,7
only,7
preforms,7
analysis,7
occurrences,7
while,7
recent,7
seems,6
ecotone,6
above,6
even,6
his,6
university,6
upper,6
flakes,6
found,6
pass,6
scatters,6
its,6
raspberry,6
excavated,6
materials,6
occurrence,6
fragments,6
where,6
material,6
valleys,6
local,6
made,6
region,6
plate,6
terms,6
through,6
manufacture,6
remains,6
km,6
maximum,6
common,5
per,5
they,5
location,5
utilization,5
holocene,5
possible,5
point,5
cobbles,5
site,5
subsistence,5
dated,5
exploited,5
warmer,5
greater,5
outcrops,5
zone,5
same,5
northwest,5
surrounding,5
highly,5
peak,5
visible,5
will,5
limited,5
single,5
snow,5
time,5
present,5
native,5
elevations,5
figure,5
pieces,5
extensive,5
pebbles,5
far,5
subalpine,5
distribution,5
dense,5
entire,5
much,5
observed,5
glaciers,4
distributed,4
modern,4
nature,4
available,4
consist,4
has,4
quantities,4
human,4
items,4
colour,4
prehistory,4
view,4
cores,4
fluvial,4
provincial,4
basis,4
paleoenvironmental,4
artifacts,4
suggest,4
clasts,4
yukon,4
comm,4
south,4
still,4
largest,4
towards,4
many,4
fact,4
clusters,4
background,4
including,4
times,4
last,4
patterns,4
northern,4
workshop,4
investigations,4
alaska,4
indicate,4
often,4
fall,4
known,4
assemblage,4
particularly,4
coast,4
when,4
pers,4
little,4
locations,4
evidence,4
defined,4
increased,4
themselves,4
valley,4
should,4
major,4
miller,3
now,3
currently,3
o,3
if,3
cent,3
environmental,3
mountains,3
manuscript,3
debris,3
large,3
american,3
complex,3
significant,3
unmodified,3
peaks,3
studies,3
diffuse,3
history,3
into,3
variants,3
total,3
contexts,3
production,3
might,3
advanced,3
detritus,3
archaeologically,3
those,3
erosional,3
glaciation,3
america,3
prior,3
very,3
surplus,3
exposed,3
possessing,3
component,3
fluoresence,3
interior,3
sample,3
nelson,3
drainage,3
continuous,3
higher,3
main,3
basic,3
after,3
direct,3
scattered,3
possibly,3
river,3
linked,3
always,3
important,3
had,3
concentration,3
could,3
moraines,3
tools,3
wide,3
near,3
directly,3
bc,3
fraser,3
part,3
purpose,3
data,3
people,3
away,3
artifact,3
flaking,3
cold,3
several,3
characteristics,3
presence,3
essentially,3
latest,3
generally,3
up,3
preliminary,3
periods,3
ovate,3
overall,3
ice,3
cooler,3
pacific,3
boundary,3
included,3
noted,3
head,3
larger,3
distributions,3
do,3
ground,3
less,3
frequency,3
style,3
number,3
simon,3
radiocarbon,3
dominated,3
period,3
summer,3
him,3
features,3
stages,3
james,3
southwest,3
equivalent,3
widely,3
modified,3
anthropological,3
dispersed,3
reconnaissance,3
quaternary,3
paper,3
different,3
seem,3
form,3
seasonal,3
suggests,3
travel,3
both,3
knutr,3
territory,3
isolated,3
shown,3
glass,3
effects,3
specific,3
does,2
rate,2
groups,2
functional,2
degraded,2
separated,2
episodes,2
alone,2
helicopter,2
tend,2
arrowheads,2
bifacial,2
completely,2
preform,2
flows,2
western,2
excavation,2
necessarily,2
virtually,2
before,2
meltwater,2
hydration,2
either,2
outwash,2
every,2
pervasive,2
retouched,2
originally,2
culturally,2
fragmentary,2
definition,2
dominantly,2
reveal,2
hunting,2
resulting,2
efficiently,2
flakeable,2
fresh,2
date,2
somewhat,2
case,2
occasional,2
projectile,2
erle,2
users,2
marked,2
reaching,2
intensively,2
along,2
diversity,2
repeatedly,2
regarding,2
frequencies,2
central,2
thus,2
throughout,2
immediate,2
mm,2
since,2
sp,2
conducted,2
syesis,2
kitwanga,2
kind,2
concentrations,2
elements,2
old,2
back,2
highest,2
suitable,2
thin,2
journal,2
bennett,2
weathering,2
opacity,2
fort,2
flake,2
york,2
carpets,2
l,2
bifaces,2
environments,2
quarryworkshop,2
similar,2
b,2
certain,2
wc,2
special,2
intensive,2
section,2
just,2
reconstructions,2
beyond,2
linkage,2
followed,2
calgary,2
suggested,2
providing,2
result,2
based,2
plateau,2
plot,2
typical,2
early,2
out,2
term,2
density,2
traits,2
intensity,2
cannot,2
energy,2
pleistocene,2
influenced,2
used,2
tool,2
blue,2
carry,2
preferred,2
layered,2
year,2
older,2
inferences,2
climatic,2
centred,2
personal,2
reflect,2
rise,2
showing,2
markedly,2
moraine,2
t,2
field,2
below,2
diagnostic,2
settlement,2
arbitrary,2
small,2
intervals,2
workshops,2
few,2
ericson,2
differing,2
yielded,2
world,2
plateaux,2
heritage,2
portion,2
onset,2
identified,2
brief,2
southern,2
unidirectional,2
processing,2
light,2
quarries,2
lava,2
subarctic,2
department,2
spatially,2
george,2
comparison,2
addition,2
efforts,2
campsites,2
longer,2
occupations,2
new,2
considerable,2
functionally,2
man,2
never,2
outside,2
purposes,2
dorothy,2
tundra,2
strategies,2
distance,2
original,2
scatter,2
looking,2
sequence,2
submitted,2
trend,2
described,2
open,2
reality,2
individual,2
characterized,2
function,2
protruding,2
collected,2
obtained,2
subangular,2
latter,2
exchange,2
especially,2
problems,2
internal,2
mainly,2
anderson,2
adjacent,2
cryoturbation,2
we,2
today,2
provide,2
bulk,2
usually,2
primarily,2
referred,2
seen,2
effectively,2
visual,2
mottled,2
lowered,2
thick,2
forest,2
conservation,2
environment,2
share,2
variable,2
victoria,2
rarely,2
eventually,2
following,2
gravels,2
series,2
changing,2
peoples,2
must,2
demonstrate,2
geographic,2
slope,2
sustained,2
set,2
cover,2
continental,2
ratio,2
exploration,2
eruptive,2
down,2
obviously,2
cirques,2
useable,2
whether,2
volcanic,2
map,2
exposures,2
apparently,2
phenomena,2
contain,2
classes,2
transport,2
unaffected,2
formation,2
average,2
conditions,2
approximately,2
include,2
need,2
green,2
firewood,2
cinder,2
supported,2
massive,2
interaction,2
close,2
exhibiting,1
given,1
dale,1
receded,1
encountering,1
flow,1
estimated,1
way,1
inaccurate,1
insect,1
names,1
till,1
freezing,1
ready,1
represent,1
red,1
e,1
totally,1
greenish,1
introduction,1
stands,1
crossing,1
group,1
center,1
prediction,1
xrf,1
ma,1
formed,1
second,1
sets,1
expenditure,1
easily,1
park,1
boulder,1
reasonably,1
position,1
organic,1
harsh,1
unlike,1
individually,1
areal,1
ethnoarchaeological,1
chased,1
lowlands,1
hues,1
storminess,1
disturbances,1
test,1
experience,1
metallic,1
pyroclastic,1
round,1
first,1
anything,1
inhibited,1
upland,1
prominently,1
lateral,1
topographic,1
implications,1
possesses,1
palynological,1
humans,1
actual,1
anywhere,1
worked,1
official,1
did,1
gary,1
possibilities,1
immense,1
reach,1
s,1
displacement,1
suggesting,1
warm,1
accompanied,1
timing,1
potentially,1
rich,1
shot,1
sometime,1
batza,1
closer,1
hundred,1
beds,1
locality,1
take,1
styles,1
assays,1
nevertheless,1
inland,1
alternated,1
vegetation,1
improved,1
mind,1
emphasized,1
greatly,1
influences,1
remainder,1
principal,1
classified,1
normal,1
complicated,1
climate,1
behind,1
superficially,1
papers,1
agile,1
system,1
nodes,1
side,1
nunamiut,1
dome,1
roy,1
recorded,1
warrick,1
souther,1
westernmost,1
weathered,1
respresent,1
spruce,1
mass,1
jack,1
inverse,1
knife,1
probing,1
determined,1
activity,1
functions,1
alter,1
richard,1
flank,1
west,1
stratigraphy,1
rhyolite,1
desired,1
variations,1
mum,1
reflecting,1
x,1
establishment,1
quantity,1
overlooking,1
undoubtedly,1
minimum,1
benedict,1
eroded,1
fragment,1
overlaps,1
localized,1
canyon,1
million,1
cumulatively,1
includes,1
accessible,1
willow,1
timber,1
marmots,1
alignments,1
tracts,1
curated,1
severe,1
attest,1
due,1
microblade,1
unpublished,1
g,1
corner,1
skeena,1
ease,1
ability,1
moment,1
mixed,1
distri,1
occurs,1
excavations,1
veneer,1
heightened,1
guided,1
advances,1
turn,1
estimates,1
cases,1
distinct,1
clark,1
bay,1
averaging,1
bution,1
encompass,1
fig,1
served,1
dates,1
bone,1
left,1
effective,1
landmark,1
geological,1
suitability,1
communication,1
focussed,1
ethnolinguistic,1
festoon,1
climates,1
influence,1
incidental,1
walls,1
shrubby,1
parks,1
disjunct,1
ridge,1
permits,1
whose,1
tarandus,1
reflects,1
without,1
predicted,1
camp,1
developed,1
compatible,1
microfractured,1
thinnest,1
lie,1
square,1
junction,1
levels,1
culminating,1
radius,1
coastal,1
flanks,1
province,1
represented,1
undistinguished,1
arm,1
probability,1
proportion,1
eight,1
importance,1
micromountain,1
derived,1
strange,1
pages,1
scrub,1
creek,1
lacking,1
jm,1
lobes,1
distant,1
feel,1
overlooked,1
gathering,1
altitude,1
reason,1
zirconium,1
changes,1
redeposited,1
stand,1
marks,1
dichotomy,1
organization,1
imposing,1
benefits,1
organized,1
yellow,1
elevated,1
air,1
slate,1
accessibility,1
w,1
covers,1
age,1
commonly,1
precipice,1
legends,1
dept,1
caribou,1
hereafter,1
permanent,1
answers,1
shifted,1
provisional,1
appear,1
mainland,1
rb,1
uses,1
standards,1
dispersive,1
closely,1
advance,1
my,1
bl,1
pursuits,1
bearing,1
carrying,1
erosion,1
hands,1
discrete,1
separable,1
embracing,1
mustard,1
underneath,1
requirements,1
persist,1
conjectural,1
base,1
big,1
academic,1
occupation,1
traced,1
interpretative,1
elemental,1
rhyolitic,1
halstead,1
appears,1
recently,1
scale,1
otherwise,1
record,1
absolute,1
designations,1
acknowledgments,1
flaked,1
glaciated,1
criteria,1
overlapping,1
strikingly,1
trial,1
future,1
accounting,1
degrees,1
line,1
relief,1
closed,1
revealed,1
blade,1
optimize,1
bounded,1
climb,1
detract,1
steep,1
already,1
prominent,1
significantly,1
brought,1
favourable,1
characterization,1
occupants,1
tens,1
storms,1
discusses,1
example,1
lavas,1
proportions,1
unfinished,1
tenure,1
routinely,1
barren,1
parameters,1
dozens,1
loss,1
smear,1
broad,1
partly,1
accumulative,1
inclusions,1
survey,1
transported,1
craftsmen,1
cone,1
trends,1
redistribution,1
redistributed,1
multihued,1
regions,1
analysed,1
olson,1
good,1
optimal,1
habitations,1
outweighing,1
sense,1
indicator,1
caused,1
level,1
hard,1
useful,1
distances,1
reliable,1
trading,1
grass,1
order,1
contrast,1
bank,1
involved,1
long,1
encompasses,1
habitability,1
sufficient,1
rr,1
accomplished,1
altered,1
scree,1
components,1
treeline,1
temporary,1
cool,1
draining,1
distinguished,1
portions,1
mossy,1
colours,1
methodological,1
fully,1
progress,1
goat,1
loci,1
diminished,1
provided,1
macdonald,1
valuable,1
undesirable,1
reducing,1
geographical,1
chronological,1
f,1
bedrock,1
likely,1
situation,1
sylvia,1
reduced,1
microcrystalline,1
dealing,1
steadily,1
short,1
tlingit,1
yields,1
nearly,1
exception,1
prove,1
whatever,1
reconstruction,1
make,1
presently,1
indicates,1
athapaskan,1
standing,1
boy,1
linguistically,1
initially,1
cracks,1
wind,1
settings,1
selection,1
braided,1
structural,1
southeast,1
gilbert,1
jonathon,1
foot,1
pests,1
intense,1
suited,1
represents,1
makes,1
under,1
restricted,1
formally,1
chronology,1
remnant,1
latitude,1
birch,1
ancient,1
lowland,1
bog,1
informal,1
positively,1
culture,1
patinated,1
mercury,1
felsenmeer,1
indian,1
industrial,1
hearth,1
regional,1
social,1
densely,1
volume,1
routes,1
multidirectional,1
salmon,1
lewis,1
useage,1
tsimshian,1
suit,1
technique,1
fell,1
trapping,1
procured,1
stripes,1
ask,1
cortex,1
rock,1
strontium,1
spear,1
smith,1
lighter,1
chemically,1
lack,1
unparalleled,1
limit,1
mountainous,1
rugged,1
abstract,1
frost,1
insular,1
quanities,1
habitat,1
doubt,1
inherently,1
resolved,1
unburied,1
pennsylvania,1
pattern,1
workman,1
discussed,1
forms,1
emmons,1
kilometre,1
likelihood,1
v,1
tales,1
increases,1
road,1
continuing,1
existing,1
council,1
readvances,1
deep,1
chronologically,1
packs,1
ignoring,1
weakly,1
paleoclimatic,1
going,1
northerly,1
outlines,1
convenient,1
degree,1
remove,1
dormant,1
nhs,1
proceedings,1
interrelated,1
technologies,1
exhibit,1
meaningful,1
discussion,1
wilderness,1
coherent,1
examples,1
maritime,1
values,1
deposits,1
conceivable,1
campsite,1
intermountain,1
samples,1
identity,1
varying,1
host,1
fronting,1
waste,1
moss,1
groundhog,1
use,1
food,1
unfortunately,1
orientated,1
numerous,1
shades,1
products,1
net,1
questions,1
rare,1
variables,1
real,1
hour,1
trip,1
previous,1
tena,1
california,1
dating,1
shelter,1
subsurface,1
rejected,1
ties,1
trade,1
significance,1
quotation,1
fracturing,1
three,1
historic,1
uncontrollable,1
caligata,1
publication,1
hampered,1
definitely,1
hthic,1
amounts,1
workers,1
symposium,1
percussion,1
physics,1
allowed,1
threw,1
like,1
spread,1
optimum,1
mines,1
distinction,1
outcrop,1
proximity,1
probable,1
anyone,1
lag,1
black,1
abundant,1
provides,1
hiking,1
carlson,1
queen,1
spires,1
je,1
qualities,1
archaeometry,1
cones,1
practicable,1
effect,1
monographs,1
implication,1
dian,1
dominance,1
streams,1
nivation,1
versus,1
occupied,1
relative,1
cliffs,1
sole,1
chert,1
carpet,1
hunt,1
separate,1
giacier,1
penetrates,1
indication,1
suggestion,1
topography,1
applications,1
shattered,1
miocene,1
dissected,1
irregular,1
humanities,1
volcanism,1
angular,1
mixture,1
sometimes,1
ecological,1
five,1
gelifluction,1
maps,1
smeared,1
reasonable,1
albion,1
exacerbated,1
randomly,1
vertical,1
huntergatherer,1
who,1
deposit,1
strongly,1
began,1
returned,1
sequences,1
thinning,1
wisconsinan,1
life,1
breasts,1
erie,1
mother,1
months,1
ridges,1
kilometres,1
figured,1
widest,1
influencing,1
regularly,1
ie,1
considered,1
definitive,1
sections,1
differentiated,1
cirque,1
silicate,1
deposited,1
marmottrapper,1
mentioned,1
incorporated,1
mackenzie,1
simply,1
soil,1
eskimo,1
physical,1
text,1
rocky,1
sciences,1
offers,1
here,1
matterhorn,1
colorado,1
quickly,1
trunk,1
dimension,1
ran,1
natural,1
control,1
country,1
cultures,1
meadows,1
lying,1
downslope,1
extraction,1
east,1
stratigraphic,1
unknown,1
ubiquitous,1
practised,1
appendix,1
variegated,1
marmot,1
current,1
intersected,1
cooling,1
counting,1
then,1
stretching,1
grey,1
lichen,1
exhibits,1
infer,1
precarious,1
visits,1
sorted,1
historical,1
sum,1
wood,1
unaccountable,1
distinctive,1
utilized,1
living,1
bands,1
places,1
wasteage,1
usual,1
gladstone,1
william,1
game,1
flakers,1
sectors,1
what,1
heads,1
perceiving,1
investigation,1
month,1
combined,1
poses,1
spatial,1
them,1
making,1
references,1
quadrats,1
particular,1
proven,1
optimized,1
extent,1
surveying,1
consisting,1
densities,1
her,1
teit,1
bureaucratic,1
divide,1
dark,1
aboriginally,1
produce,1
yield,1
aartifact,1
huge,1
mantling,1
hundreds,1
size,1
deflation,1
bob,1
litters,1
intention,1
presented,1
undated,1
tk,1
careful,1
multiple,1
surveys,1
slopes,1
sea,1
collecting,1
procure,1
became,1
easy,1
variability,1
swollen,1
everywhere,1
went,1
encounter,1
carpeted,1
obtain,1
manufacturing,1
inclines,1
indians,1
palms,1
ensuing,1
crew,1
goals,1
assuredly,1
terminal,1
our,1
crystalline,1
come,1
eric,1
additional,1
question,1
wild,1
pine,1
devoted,1
moderate,1
until,1
sediments,1
differentiation,1
escarpments,1
arrows,1
donald,1
protohistoric,1
camps,1
national,1
temperature,1
precise,1
grant,1
trap,1
shrunk,1
lodgepole,1
spectra,1
course,1
instead,1
d,1
gross,1
montane,1
piece,1
programme,1
plentiful,1
oldest,1
enclosed,1
needs,1
stikine,1
covariation,1
charlotte,1
assumed,1
certainty,1
fluctuated,1
c,1
commodity,1
vary,1
opaque,1
rkp,1
temperatures,1
altithermal,1
briefest,1
views,1
deposition,1
equipment,1
sheer,1
focus,1
immediately,1
among,1
ends,1
whenever,1
degrade,1
building,1
successive,1
jw,1
rubble,1
mistaken,1
occur,1
jh,1
fluorescence,1
