WORDCOUNTS,WEIGHT
the,371
of,332
and,253
in,138
to,80
on,61
a,59
australia,54
by,54
at,51
western,51
fishing,42
this,41
estuaries,41
c,41
marine,39
or,38
is,37
from,37
that,35
estuarine,35
have,34
e,33
australian,33
as,32
for,31
holocene,31
tidal,31
aboriginal,31
other,29
weirs,29
with,28
j,27
these,27
coastal,26
fish,26
were,26
inlet,25
are,25
nd,23
was,23
during,23
late,22
when,22
lake,22
development,21
sites,21
stone,20
g,20
been,20
dortch,18
p,18
r,18
be,18
most,17
king,16
their,16
archaeological,16
not,16
swan,16
structures,15
broke,15
coast,14
regional,14
wilson,14
through,14
m,13
ocean,13
south,13
weir,13
s,12
had,12
part,12
two,12
estuary,12
conditions,12
they,11
bp,11
i,11
plain,11
vol,11
aborigines,11
changes,11
use,11
which,11
sound,11
much,11
it,10
formed,10
into,10
oyster,10
southwestern,10
an,10
may,10
w,10
could,10
sea,10
shoreline,10
harbour,10
embayment,10
southern,10
about,10
pp,10
present,10
kendrick,10
seasonal,10
middle,10
d,10
evidence,10
west,9
usage,9
cf,9
journal,9
submerged,9
more,9
where,9
studies,8
royal,8
first,8
wooden,8
some,8
along,8
records,8
et,8
al,8
new,8
radiocarbon,8
exchange,8
archaeology,8
environmental,7
authority,7
protection,7
fig,7
though,7
river,7
richmond,7
floors,7
society,7
chronology,7
only,7
time,7
region,7
hodgkin,7
three,7
would,7
period,7
george,7
then,7
series,7
green,7
gibbs,7
early,7
affected,6
one,6
history,6
t,6
vols,6
all,6
recorded,6
l,6
university,6
record,6
mollusc,6
bank,6
f,6
located,6
indian,6
water,6
strategies,6
perhaps,6
including,6
k,6
tree,6
species,6
any,6
physical,6
lagoons,6
beach,6
groups,5
wa,5
complex,5
former,5
greater,5
position,5
before,5
murray,5
possible,5
october,5
sand,5
dates,5
coasts,5
site,5
growth,5
subsistence,5
b,5
study,5
stumps,5
meagher,5
numbers,5
wk,5
age,5
result,5
prehistoric,5
occupation,5
clarke,5
winter,5
brush,5
settlement,5
small,5
nind,5
populations,5
perth,5
dix,5
searle,5
plate,5
assemblages,5
survey,5
significance,5
abundant,5
probably,5
european,5
table,5
forty,5
techniques,5
formation,5
years,5
off,5
major,5
now,4
bunbury,4
o,4
schools,4
h,4
taken,4
there,4
date,4
investigations,4
has,4
geomorphological,4
since,4
vancouver,4
than,4
library,4
no,4
similar,4
barker,4
n,4
cut,4
inshore,4
based,4
ethnohistorical,4
its,4
photographed,4
being,4
several,4
annual,4
semeniuk,4
economic,4
nearly,4
above,4
traps,4
yet,4
museum,4
boundary,4
climatic,4
stones,4
shire,4
v,4
regionally,4
beachridge,4
increase,4
samples,4
rivers,4
do,4
figure,4
littoral,4
life,4
serpentine,4
associated,4
here,4
peel,4
submarine,4
stromatolites,4
particularly,4
bodies,4
press,4
clifton,4
trap,4
important,3
large,3
ways,3
barricades,3
limestone,3
lockyer,3
paterson,3
differences,3
marbalup,3
alignment,3
deriving,3
key,3
activity,3
point,3
resources,3
human,3
thus,3
lakes,3
stokes,3
irwin,3
environments,3
importance,3
entrances,3
parts,3
palaeontological,3
days,3
shore,3
presumed,3
show,3
generally,3
suggested,3
came,3
faunal,3
relating,3
out,3
zone,3
well,3
gained,3
data,3
loss,3
island,3
place,3
people,3
seasonally,3
ethnohistoric,3
artifact,3
cockburn,3
composite,3
suggest,3
stage,3
long,3
notes,3
reduced,3
various,3
hammond,3
make,3
settings,3
permanently,3
restricted,3
barring,3
same,3
floor,3
largest,3
bar,3
social,3
tooregullup,3
also,3
shelf,3
plan,3
relict,3
ages,3
see,3
eg,3
native,3
wood,3
local,3
discovery,3
significant,3
food,3
described,3
low,3
open,3
earlier,3
mainly,3
structure,3
field,3
southwest,3
streams,3
peron,3
movements,3
sometimes,3
bulletin,3
speared,3
menzies,3
construction,3
school,3
bates,3
victoria,3
following,3
accounts,3
rainfall,3
seem,3
very,3
aerial,3
assessment,3
hassell,3
economy,3
them,3
rock,3
level,3
entrance,3
voyage,3
progradation,3
shores,3
intensified,3
numerous,3
national,3
approximately,3
fauna,3
occurring,3
gazette,3
built,3
molluscan,3
mostly,2
estimated,2
if,2
generated,2
created,2
separated,2
extreme,2
palaeogeographical,2
pools,2
contemporaneous,2
designed,2
modern,2
ms,2
ceremonial,2
barriers,2
ii,2
worked,2
together,2
thank,2
narrative,2
able,2
locality,2
resulting,2
help,2
last,2
state,2
those,2
case,2
march,2
figs,2
marked,2
measuring,2
apart,2
far,2
shallows,2
beneath,2
prevented,2
exposed,2
natives,2
phase,2
throughout,2
review,2
alignments,2
sediment,2
de,2
barrier,2
tectonism,2
barragup,2
times,2
battye,2
body,2
channels,2
apparently,2
occasion,2
influence,2
neill,2
essential,2
landscape,2
levels,2
process,2
aquatic,2
metres,2
gathering,2
shell,2
rising,2
prehistory,2
dated,2
presumably,2
driven,2
prevent,2
underwater,2
exploited,2
dept,2
exploitation,2
providing,2
view,2
closely,2
societies,2
entering,2
depletion,2
further,2
cultural,2
pleistocene,2
shorelines,2
near,2
none,2
having,2
sedimentological,2
journals,2
anecdotes,2
rocks,2
culham,2
ilberry,2
apparent,2
positions,2
used,2
accretion,2
partly,2
canberra,2
interpreted,2
status,2
normally,2
caused,2
aboriginalfishing,2
below,2
manners,2
night,2
few,2
research,2
geomorphic,2
impoverishment,2
up,2
filling,2
world,2
newly,2
searches,2
provided,2
chronological,2
coastline,2
onset,2
identified,2
indicative,2
limited,2
tide,2
wetland,2
dumont,2
biological,2
east,2
invertebrate,2
department,2
noted,2
diary,2
his,2
many,2
seasonality,2
inlets,2
discussed,2
channel,2
behind,2
existing,2
foot,2
deep,2
showing,2
gives,2
shifts,2
another,2
situated,2
made,2
sides,2
characteristically,2
numbered,2
dating,2
shelter,2
katelysia,2
characterized,2
general,2
summer,2
plant,2
features,2
high,2
latter,2
can,2
carried,2
depth,2
escaping,2
browne,2
usually,2
primarily,2
who,2
millennia,2
area,2
resemble,2
conservation,2
breach,2
nyungar,2
mentioned,2
intensification,2
must,2
complexes,2
adjoining,2
extensive,2
economically,2
entry,2
rocky,2
continental,2
country,2
between,2
december,2
anon,2
lagoon,2
grey,2
jacks,2
catalogue,2
proceedings,2
investigation,2
form,2
ones,2
supports,2
thirty,2
beaches,2
consisting,2
institute,2
fisheries,2
transgression,2
size,2
both,2
emergent,2
gatherings,2
altered,2
extending,2
adapted,2
manjimup,2
armstrong,2
jasper,2
land,2
smaller,2
effects,2
photograph,2
remains,2
potential,2
assumed,2
tribes,2
reached,2
partial,2
traditional,2
close,2
desirable,1
resolve,1
does,1
margins,1
halfdozen,1
rate,1
glover,1
way,1
later,1
estate,1
names,1
decades,1
resulted,1
bushes,1
foraging,1
introduction,1
rushes,1
per,1
mouth,1
overland,1
becoming,1
speculated,1
replaced,1
tend,1
likely,1
remnants,1
landward,1
salinity,1
moreton,1
park,1
wellstead,1
habits,1
holding,1
autour,1
regime,1
nineteenth,1
descriptions,1
localized,1
rottnest,1
du,1
my,1
arms,1
test,1
predominantly,1
lower,1
round,1
molluscs,1
coalesced,1
sources,1
surmounted,1
specifically,1
constituting,1
hiscock,1
localities,1
production,1
originally,1
implications,1
give,1
ofaboriginalfishing,1
calcareous,1
reptiles,1
action,1
seems,1
nature,1
salinities,1
radiocarbondated,1
oval,1
height,1
humana,1
broadly,1
sedimentation,1
accompanied,1
featuring,1
great,1
choked,1
government,1
thanks,1
hundred,1
reveal,1
characterizing,1
beds,1
pavement,1
inland,1
inundation,1
consist,1
miles,1
greatly,1
raised,1
regression,1
staff,1
depleted,1
somewhat,1
surveys,1
barred,1
offish,1
datings,1
tideless,1
lenanton,1
system,1
british,1
preventing,1
existence,1
catching,1
bird,1
advice,1
weathered,1
hall,1
foraminifer,1
retain,1
alluvium,1
occupying,1
watched,1
compelling,1
hydrologic,1
insight,1
magazine,1
stratigraphy,1
combination,1
variations,1
except,1
reflecting,1
x,1
processes,1
overlooking,1
dynamic,1
bottom,1
dozen,1
fossil,1
ritual,1
frankel,1
holland,1
gardner,1
sheltered,1
respecting,1
presently,1
diversity,1
exist,1
central,1
technologically,1
northcliffe,1
constructed,1
severe,1
september,1
integral,1
foreshores,1
relatively,1
rains,1
price,1
adams,1
hesperian,1
extensively,1
forced,1
interprets,1
estimates,1
ethnohistorically,1
clay,1
seaward,1
nor,1
underlying,1
enhancement,1
stabilized,1
refer,1
imprimerie,1
back,1
causing,1
inception,1
allowing,1
suitable,1
continuous,1
drives,1
thin,1
kelly,1
geological,1
deeply,1
savage,1
appraise,1
hons,1
depths,1
walls,1
ovoid,1
outcropping,1
ridge,1
higher,1
lesser,1
failed,1
poor,1
identification,1
rather,1
souef,1
observers,1
across,1
developed,1
district,1
watch,1
kalgan,1
resident,1
notion,1
mean,1
precluded,1
shortly,1
determining,1
resume,1
after,1
certain,1
boone,1
concretionary,1
lacking,1
enabled,1
white,1
productive,1
roth,1
firing,1
perceptions,1
godwin,1
developments,1
mulvaney,1
mullet,1
organization,1
occupational,1
cliffed,1
benefits,1
emergence,1
linked,1
elsewhere,1
periodically,1
benefited,1
four,1
commonly,1
crosses,1
surface,1
connecting,1
drought,1
organisation,1
substantiated,1
comprising,1
plates,1
neither,1
christmas,1
schooling,1
permanent,1
explain,1
indurated,1
provisional,1
dug,1
anzaas,1
oblique,1
friends,1
descriptive,1
appraisal,1
prolificity,1
location,1
deltas,1
downstream,1
method,1
found,1
erosion,1
called,1
archibald,1
parry,1
dunes,1
nutrients,1
objectives,1
events,1
pittoresque,1
emerge,1
cores,1
academic,1
chauncey,1
equally,1
transactions,1
equal,1
wales,1
circular,1
keywords,1
effect,1
recently,1
hardpans,1
moore,1
produced,1
sul,1
sealevel,1
placed,1
constuctions,1
dusky,1
admissions,1
public,1
flaked,1
acknowledgements,1
sparse,1
because,1
colonies,1
directly,1
feeding,1
minimal,1
peelharvey,1
y,1
closed,1
literature,1
overlying,1
inferred,1
douglas,1
scatters,1
nearest,1
unless,1
significantly,1
boughs,1
stacked,1
reduction,1
confined,1
description,1
ten,1
unbarred,1
whole,1
year,1
continuation,1
palynology,1
postulated,1
focuses,1
reflect,1
bid,1
project,1
celebrations,1
hillside,1
boulders,1
sampled,1
regions,1
withies,1
depositional,1
detailed,1
change,1
published,1
creating,1
mugil,1
optimal,1
saline,1
bremer,1
negligible,1
fardine,1
trees,1
reliable,1
resolving,1
indicators,1
next,1
order,1
le,1
mediterranean,1
assemble,1
feasts,1
event,1
around,1
mitchell,1
soil,1
driving,1
wider,1
highly,1
ship,1
grow,1
prog,1
productivity,1
roots,1
mouths,1
inhabiting,1
evoked,1
gordon,1
favoured,1
geographical,1
activities,1
bx,1
input,1
settlers,1
battle,1
he,1
stirling,1
second,1
accreted,1
minor,1
cessation,1
melbourne,1
subject,1
wait,1
classic,1
forward,1
harris,1
islands,1
albany,1
petrology,1
prevailing,1
april,1
intensively,1
july,1
still,1
garden,1
drilled,1
outer,1
aligned,1
commandant,1
once,1
brackish,1
oxford,1
pacific,1
relied,1
interpretation,1
wetlands,1
opportunities,1
revealed,1
requiring,1
happened,1
corroborated,1
under,1
ne,1
temperate,1
intertropical,1
smith,1
management,1
unwin,1
queensland,1
aux,1
rectangular,1
performed,1
formalized,1
naval,1
but,1
already,1
functioned,1
fire,1
westward,1
technique,1
stream,1
similarly,1
procured,1
put,1
lowering,1
hydrological,1
demographic,1
gastropod,1
reassemble,1
shows,1
longer,1
lack,1
backhouse,1
consideration,1
riverine,1
lieutenant,1
unidentified,1
abstract,1
larger,1
banks,1
diverse,1
john,1
stop,1
end,1
doubt,1
contends,1
considerable,1
ostracode,1
crustaceans,1
took,1
drove,1
likelihood,1
spearing,1
increases,1
unit,1
continuing,1
surf,1
heavily,1
delusive,1
explicit,1
invitation,1
compelled,1
routledge,1
distance,1
foraminifers,1
crustacea,1
connections,1
territoriality,1
imagine,1
original,1
lasting,1
greatest,1
farther,1
explanation,1
neilson,1
stuck,1
range,1
maritime,1
contours,1
enhanced,1
previously,1
sufficiently,1
top,1
operated,1
francis,1
robinson,1
blocking,1
bsc,1
decouvertes,1
diaries,1
sequence,1
evolution,1
individuals,1
laboratory,1
beaufort,1
immeasurably,1
ravensthorpe,1
office,1
clear,1
historic,1
lacustrine,1
custodial,1
language,1
amounts,1
bartering,1
keep,1
like,1
so,1
function,1
obtained,1
lie,1
filled,1
kept,1
configurations,1
probable,1
tombolo,1
annually,1
problems,1
include,1
labour,1
parallel,1
become,1
narrow,1
respectively,1
shallow,1
abounds,1
january,1
seeking,1
hard,1
slightly,1
story,1
northern,1
commence,1
relative,1
regressions,1
chert,1
widely,1
visit,1
tulicatwale,1
hallam,1
assay,1
seasons,1
indication,1
states,1
modification,1
abundance,1
irregular,1
usurpation,1
tentative,1
hydrodynamic,1
inhabitants,1
simpkin,1
five,1
bathymetrically,1
naturally,1
aboriginals,1
predict,1
slow,1
bivalve,1
venues,1
strongly,1
fitzgerald,1
began,1
interplay,1
pens,1
plains,1
why,1
tamala,1
methods,1
enforced,1
provisionally,1
centuries,1
months,1
exists,1
instances,1
sandstone,1
ridges,1
interpolated,1
joseph,1
earliest,1
freeing,1
ie,1
stable,1
considered,1
matters,1
detail,1
freshwater,1
dissertation,1
marshal,1
environment,1
proprietors,1
senior,1
conclusion,1
complexity,1
changing,1
bmarine,1
founded,1
log,1
characteristics,1
implied,1
hms,1
trapped,1
text,1
funding,1
sustained,1
alternative,1
set,1
godfrey,1
wooded,1
drowned,1
ran,1
enters,1
natural,1
over,1
extant,1
control,1
each,1
anthropology,1
microbial,1
hamilton,1
paper,1
dismantled,1
different,1
prolific,1
eventful,1
nets,1
did,1
best,1
down,1
restrictive,1
half,1
wall,1
expeditions,1
report,1
inquiry,1
written,1
jg,1
historical,1
tracts,1
distinctive,1
past,1
pushing,1
beginning,1
game,1
dispersed,1
discharge,1
combined,1
whether,1
selected,1
references,1
particular,1
ofaboriginal,1
adaptation,1
tatanine,1
extent,1
nautical,1
supplemented,1
waters,1
utilitarian,1
while,1
scheduling,1
migrations,1
explored,1
imperial,1
oo,1
information,1
almost,1
suggests,1
des,1
collet,1
portraits,1
outline,1
imparted,1
exploitative,1
code,1
pits,1
aggradation,1
edwards,1
given,1
sticks,1
courses,1
role,1
november,1
variability,1
fastend,1
geraldton,1
reappraisal,1
arguments,1
freer,1
pole,1
isolated,1
remarks,1
fished,1
named,1
layers,1
shown,1
until,1
sediments,1
recording,1
argument,1
applicable,1
uncalibrated,1
gravel,1
adelaide,1
autumn,1
clues,1
defined,1
programme,1
shells,1
landforms,1
captain,1
increased,1
morning,1
settler,1
offered,1
supported,1
territories,1
consisted,1
deposits,1
era,1
terres,1
maximum,1
entire,1
little,1
interaction,1
esperance,1
duration,1
glance,1
strong,1
technological,1
comparable,1
north,1
sedimentary,1
mirrong,1
cross,1
should,1
ferruginous,1
showed,1
perception,1
row,1
deeper,1
grants,1
