WORDCOUNTS,WEIGHT
the,176
of,157
in,100
and,91
a,90
to,89
is,75
that,66
as,48
be,42
we,41
he,37
model,31
this,31
archaeology,31
or,30
cl,27
not,26
scientific,24
are,24
with,23
science,22
by,22
on,21
morgan,20
for,20
explanation,19
our,19
it,18
an,16
can,16
general,16
but,14
his,13
one,13
formal,13
which,13
new,13
practical,12
some,12
would,11
will,10
us,10
then,10
from,10
these,10
archaeologists,10
particular,10
generalization,9
if,9
p,9
lawlike,9
what,9
were,9
should,9
at,8
covering,8
history,8
philosophers,8
law,8
within,8
have,8
no,7
l,7
basic,7
who,7
philosophy,7
about,7
only,7
more,7
c,7
other,7
context,7
because,7
discussion,7
knowledge,7
leblanc,7
archaeological,7
heuristic,7
sense,7
methods,6
must,6
most,6
two,6
do,6
many,6
has,6
redman,6
such,6
field,6
charles,6
article,6
when,6
than,6
value,6
does,5
explanations,5
m,5
site,5
says,5
pp,5
university,5
same,5
first,5
uses,5
steven,5
found,5
there,5
present,5
though,5
case,5
patty,5
theory,5
explicitly,5
technical,5
possible,5
g,5
laws,5
press,5
its,5
use,5
jo,5
logic,5
nor,5
concerning,5
interpretations,5
even,5
also,5
main,4
ea,4
above,4
certain,4
their,4
study,4
brodbeck,4
reference,4
under,4
anthropology,4
neither,4
s,4
concerned,4
ceramic,4
down,4
current,4
out,4
generalizations,4
take,4
distinctive,4
philosophical,4
conclusions,4
knows,4
cannot,4
another,4
logical,4
made,4
say,4
formalist,4
question,4
points,4
although,4
practising,4
quite,4
world,4
may,3
longacre,3
been,3
h,3
how,3
make,3
formalists,3
studies,3
specific,3
read,3
residence,3
ancient,3
any,3
complete,3
just,3
comes,3
being,3
passed,3
either,3
social,3
useful,3
wrong,3
rather,3
certainly,3
decoration,3
taken,3
all,3
definition,3
attribute,3
book,3
groups,3
remarks,3
scientists,3
scholars,3
minnesota,3
agree,3
very,3
doubt,3
historical,3
i,3
them,3
relevant,3
produced,3
free,3
great,3
aspects,3
well,3
vol,3
scriven,3
work,3
both,3
claim,3
example,3
issues,3
framework,3
point,3
like,3
models,3
argument,3
own,3
clear,3
language,3
interest,3
incompleteness,3
good,3
him,3
anyone,3
concerns,3
highly,3
between,3
find,3
much,3
pottery,3
appeal,2
implicitly,2
intricate,2
yields,2
situation,2
deny,2
absence,2
various,2
way,2
result,2
motivated,2
discredited,2
ordinary,2
referred,2
represented,2
detailed,2
designs,2
b,2
prediction,2
special,2
analysis,2
referring,2
depends,2
authority,2
respect,2
mother,2
extremely,2
means,2
makes,2
applied,2
failure,2
branch,2
material,2
englewood,2
outlined,2
natural,2
w,2
potters,2
simply,2
dubious,2
wileyinterscience,2
problems,2
position,2
attacks,2
belief,2
historians,2
over,2
constructive,2
primarily,2
j,2
paper,2
could,2
feigl,2
iii,2
agrees,2
larger,2
state,2
listing,2
subsumption,2
manner,2
discipline,2
whether,2
less,2
making,2
references,2
covers,2
procedures,2
explain,2
ignoring,2
applying,2
having,2
placement,2
r,2
data,2
used,2
art,2
scope,2
examples,2
discovery,2
disagree,2
level,2
taking,2
content,2
apply,2
department,2
concern,2
disciplines,2
andformal,2
probably,2
unfair,2
assumption,2
refers,2
sciences,2
matrilocality,2
think,2
examination,2
denying,2
facts,2
difficulties,2
difference,2
approach,2
write,2
culture,2
least,2
so,2
manufacture,2
involving,2
antiquity,2
effects,2
clustering,2
several,2
refer,2
few,2
dray,2
trying,2
constructing,2
research,2
grandmother,2
structure,2
early,2
logicians,2
entire,2
those,2
excavator,2
results,2
proper,2
among,2
apparently,2
recent,2
traditions,2
pot,2
major,2
casts,2
society,2
dismaying,1
problem,1
fails,1
final,1
carried,1
nicholas,1
now,1
gustav,1
complementarity,1
lo,1
led,1
profoundly,1
second,1
betrays,1
adequate,1
york,1
entangle,1
ramifications,1
whose,1
reflects,1
give,1
perspectives,1
materials,1
behavioural,1
interscience,1
conflicting,1
exact,1
provide,1
nagel,1
sets,1
lesser,1
figure,1
crucial,1
meaning,1
aimed,1
answered,1
corporate,1
developed,1
testing,1
interpretation,1
overstatements,1
subject,1
tempted,1
go,1
truth,1
behave,1
unit,1
hempel,1
alternate,1
explicit,1
watson,1
determine,1
presentation,1
affirming,1
e,1
community,1
adoption,1
aiding,1
still,1
rim,1
introduction,1
generalist,1
probability,1
exposition,1
popper,1
debris,1
philosopher,1
connected,1
similar,1
village,1
karl,1
rudner,1
generally,1
aldine,1
derived,1
american,1
hold,1
permeate,1
innovation,1
why,1
symbols,1
properly,1
approaches,1
essays,1
mankind,1
deductive,1
objections,1
advised,1
list,1
achieve,1
word,1
once,1
surprising,1
composed,1
constitutes,1
fields,1
hutchinson,1
unscientific,1
completely,1
examined,1
understand,1
contend,1
marginal,1
publications,1
tantamount,1
bad,1
female,1
regularly,1
seeing,1
ie,1
considered,1
females,1
illustration,1
matters,1
claims,1
statistical,1
enticing,1
discouraged,1
had,1
mean,1
minor,1
into,1
unfamiliarity,1
meant,1
predicting,1
suggestions,1
seriously,1
pertinent,1
subsuming,1
grounds,1
before,1
section,1
lack,1
historian,1
following,1
accomplishments,1
alfred,1
something,1
arguing,1
formalistic,1
humanities,1
al,1
version,1
listed,1
without,1
already,1
turning,1
alien,1
delaware,1
test,1
clarifying,1
noted,1
said,1
recovered,1
incomplete,1
too,1
origins,1
follow,1
readings,1
precise,1
beyond,1
technicalities,1
investigating,1
specifically,1
members,1
painted,1
preceding,1
hereafter,1
precis,1
asks,1
majority,1
searching,1
binghampton,1
germane,1
discovers,1
exclusive,1
interested,1
implications,1
stated,1
attempts,1
important,1
opinion,1
locale,1
contrasted,1
trained,1
again,1
might,1
necessarily,1
inadequacy,1
systems,1
attempt,1
view,1
appear,1
mutually,1
ask,1
paragraph,1
worked,1
motifs,1
each,1
fault,1
readily,1
behaviour,1
seems,1
nature,1
analytical,1
expressed,1
cultures,1
did,1
specialized,1
different,1
worth,1
prehistoric,1
reprinted,1
based,1
acceptable,1
outside,1
possibilities,1
admit,1
principles,1
believe,1
skills,1
areas,1
et,1
together,1
hypothetical,1
matricentred,1
argue,1
remark,1
traditionally,1
surprised,1
abstract,1
attack,1
forces,1
ambiguity,1
time,1
lived,1
rule,1
angeles,1
inherent,1
expresses,1
understandable,1
obviously,1
perfectly,1
demonstrating,1
familiarize,1
events,1
adolf,1
characterizing,1
emphatically,1
scheffier,1
realize,1
extinct,1
pragmatists,1
examining,1
distributions,1
elsewhere,1
efficiently,1
help,1
almost,1
works,1
guilds,1
living,1
type,1
pots,1
devised,1
sort,1
never,1
mind,1
enough,1
fits,1
working,1
further,1
particularly,1
universal,1
situ,1
dangers,1
classified,1
acquire,1
california,1
handed,1
ours,1
assuming,1
reading,1
somewhat,1
where,1
comments,1
heads,1
orderly,1
purposes,1
carefully,1
investigation,1
ernest,1
accepted,1
appears,1
viewed,1
terms,1
form,1
paint,1
see,1
she,1
issue,1
side,1
carnapians,1
necessary,1
preventing,1
practice,1
however,1
braithwaite,1
statement,1
perhaps,1
binford,1
required,1
shall,1
debate,1
extent,1
method,1
unaware,1
draws,1
throne,1
colligated,1
sought,1
correlates,1
saying,1
criteria,1
outlines,1
feminine,1
nelson,1
familiarized,1
design,1
interpreted,1
account,1
claiming,1
demonstrated,1
felt,1
basis,1
fitting,1
understanding,1
inadequate,1
vast,1
institute,1
object,1
translated,1
vessels,1
intent,1
establishing,1
adopting,1
burden,1
cambridge,1
phenomena,1
researchers,1
bibliography,1
richard,1
los,1
rebuttal,1
reply,1
writers,1
obvious,1
women,1
repetition,1
future,1
hawkes,1
servant,1
whatever,1
leads,1
advancement,1
part,1
including,1
far,1
classics,1
ignores,1
explains,1
advocating,1
apparent,1
calls,1
bottom,1
jacquetta,1
related,1
reconstruction,1
publishers,1
undoubtedly,1
himself,1
abandoned,1
louis,1
description,1
criticized,1
step,1
ignorant,1
denies,1
vertically,1
measure,1
begins,1
fit,1
older,1
discussions,1
besides,1
usurping,1
positivists,1
evaluating,1
factor,1
thesis,1
israel,1
constitute,1
immediately,1
systematically,1
people,1
heading,1
learned,1
distributed,1
actual,1
verges,1
device,1
includes,1
throughout,1
seek,1
publish,1
technological,1
reflect,1
grosser,1
surely,1
theories,1
systematic,1
shown,1
tell,1
alarming,1
rejected,1
entity,1
knopf,1
critique,1
my,1
truths,1
initial,1
finding,1
reality,1
odious,1
count,1
stress,1
t,1
comprehensive,1
washington,1
agreement,1
accept,1
aware,1
specifiable,1
urge,1
wholesale,1
domain,1
individual,1
restatement,1
include,1
correct,1
successful,1
describing,1
approves,1
d,1
deduction,1
hard,1
below,1
cf,1
need,1
speaking,1
fellow,1
satisfies,1
things,1
sample,1
tested,1
global,1
next,1
applicability,1
prospect,1
disservice,1
kind,1
exercise,1
programme,1
granddaughter,1
bands,1
tries,1
attributing,1
emphasizes,1
dangerous,1
phrase,1
cases,1
presenting,1
trustworthy,1
probabilistic,1
clay,1
theorists,1
self,1
ignorance,1
sentence,1
small,1
summary,1
decide,1
especially,1
consensus,1
simplification,1
back,1
truisms,1
choose,1
body,1
k,1
evolutionary,1
often,1
refinements,1
columbia,1
brought,1
proof,1
investigations,1
occurs,1
exhaustive,1
brace,1
arranged,1
characterization,1
exactly,1
right,1
ideal,1
misleading,1
unfortunate,1
irrelevant,1
axe,1
applies,1
views,1
through,1
progress,1
st,1
look,1
re,1
allegiance,1
macmillan,1
strong,1
exempt,1
hasty,1
ingenuously,1
observed,1
controversial,1
gross,1
preliminary,1
particularist,1
finds,1
generation,1
daughter,1
function,1
attention,1
humanistic,1
valuable,1
copying,1
tempering,1
error,1
evidently,1
arizona,1
clarification,1
anatomy,1
ruchard,1
