WORDCOUNTS,WEIGHT
the,513
of,413
and,214
a,174
in,174
to,124
which,69
monuments,68
at,62
is,62
this,56
as,56
royal,53
was,49
early,49
that,45
be,43
political,40
an,39
ancient,37
been,37
medieval,36
were,36
with,34
have,33
for,32
by,32
scotland,31
these,29
are,29
from,28
prehistoric,27
sites,26
on,26
it,24
not,24
historical,24
burial,23
has,23
new,21
ireland,20
celtic,20
centres,19
j,18
interest,18
more,18
can,18
t,17
university,17
age,17
but,17
scottish,16
most,16
because,16
or,16
archaeological,16
they,15
there,15
within,15
such,15
their,15
society,15
pp,15
stones,15
site,14
landscape,14
time,14
driscoll,14
christian,14
britain,14
picts,14
between,14
one,13
into,13
antiquaries,13
past,13
neolithic,12
s,12
m,12
about,12
evidence,12
world,12
pictish,12
irish,11
contemporary,11
reuse,11
we,11
press,11
ritual,10
places,10
christianity,10
r,10
standing,10
use,10
centre,10
kingdoms,10
proceedings,10
d,10
stone,9
long,9
century,9
dunadd,9
prehistory,9
its,9
ceremonial,9
power,9
kings,9
stephen,9
linear,8
some,8
point,8
even,8
important,8
prominent,8
also,8
i,8
bronze,8
archaeology,7
other,7
kingship,7
kingdom,7
concepts,7
forteviot,7
historic,7
iron,7
g,7
excavations,7
than,7
had,7
place,7
when,7
barrows,7
number,7
upon,7
significance,7
bradley,7
major,7
later,6
complex,6
authority,6
all,6
ad,6
possible,6
drawn,6
traditions,6
may,6
earlier,6
burials,6
established,6
clearly,6
n,6
origins,6
edinburgh,6
cultural,6
cairns,6
during,6
provided,6
survived,6
social,6
ages,6
period,6
features,6
kilmartin,6
relationship,6
circle,6
literacy,6
earliest,6
associated,6
here,6
scone,6
middle,6
church,6
little,6
although,6
much,6
e,5
history,5
state,5
those,5
context,5
henge,5
central,5
hmso,5
recognized,5
essential,5
no,5
how,5
square,5
b,5
rcahms,5
accounts,5
literary,5
could,5
well,5
part,5
used,5
dal,5
presence,5
two,5
less,5
including,5
sequence,5
like,5
administrative,5
probably,5
seen,5
occupies,5
monument,5
over,5
cemetery,5
paper,5
references,5
focal,5
mythic,5
include,5
texts,5
o,4
if,4
large,4
forfar,4
western,4
sources,4
commission,4
roman,4
taken,4
british,4
alcock,4
vol,4
politics,4
west,4
throughout,4
development,4
body,4
served,4
glen,4
seventh,4
fort,4
l,4
process,4
inauguration,4
monumental,4
riata,4
frequently,4
four,4
notions,4
position,4
dynastic,4
basin,4
out,4
appears,4
people,4
structures,4
least,4
excavation,4
around,4
lordship,4
mythological,4
surviving,4
ninth,4
continuity,4
k,4
mound,4
residence,4
do,4
where,4
material,4
made,4
so,4
high,4
provides,4
cairnpapple,4
northern,4
provide,4
yeavering,4
legitimacy,4
centuries,4
constructed,4
tara,4
king,4
ideological,4
dramatic,4
particularly,4
linked,4
aerial,4
unique,4
gatherings,4
through,4
dindshenchas,4
north,4
observed,4
carved,3
concerned,3
introduction,3
residences,3
pictland,3
studies,3
modern,3
conscious,3
being,3
creation,3
seems,3
tradition,3
court,3
case,3
eastern,3
design,3
activity,3
usage,3
moment,3
concentrations,3
bone,3
journal,3
aberdeen,3
without,3
supernatural,3
ploughed,3
landscapes,3
direct,3
means,3
understand,3
w,3
requires,3
appear,3
location,3
histories,3
found,3
conspicuous,3
events,3
late,3
inverurie,3
recently,3
symbols,3
near,3
throne,3
revealed,3
description,3
describe,3
status,3
discourse,3
endowed,3
lore,3
cairn,3
eternity,3
he,3
timeless,3
glasgow,3
warner,3
make,3
backdrop,3
rites,3
regional,3
only,3
mark,3
renewed,3
rock,3
areas,3
gaelic,3
larger,3
doubt,3
enough,3
establish,3
perhaps,3
local,3
extended,3
discussion,3
angus,3
coupar,3
similar,3
three,3
points,3
feature,3
held,3
times,3
would,3
navan,3
graves,3
mr,3
occupied,3
attention,3
figure,3
impressive,3
ideology,3
primarily,3
transformed,3
construction,3
mounds,3
seat,3
must,3
known,3
symbol,3
set,3
tomb,3
setting,3
seem,3
did,3
emerges,3
believed,3
them,3
form,3
particular,3
st,3
both,3
carvings,3
question,3
formation,3
shown,3
cambridge,3
grant,3
isles,3
physical,3
approach,3
remains,3
increased,3
henges,3
valley,3
should,3
close,3
appropriation,2
oriented,2
calibrated,2
fortified,2
estate,2
entities,2
celebrate,2
conversion,2
conducted,2
myth,2
identify,2
h,2
mentality,2
comparisons,2
amongst,2
boyne,2
said,2
first,2
mid,2
every,2
cist,2
cropmarks,2
might,2
worked,2
europe,2
ulster,2
great,2
survey,2
nevertheless,2
last,2
investigations,2
reading,2
clava,2
side,2
east,2
advice,2
agriculture,2
slight,2
obvious,2
establishment,2
along,2
rees,2
inventory,2
tribute,2
cemeteries,2
erection,2
village,2
against,2
millennium,2
turn,2
elements,2
old,2
response,2
compared,2
slab,2
lesser,2
profoundly,2
reflects,2
his,2
links,2
across,2
developed,2
explicit,2
survives,2
batsford,2
periodic,2
perceptions,2
emergence,2
elsewhere,2
just,2
fortifications,2
perspective,2
god,2
resource,2
follow,2
beyond,2
consequence,2
based,2
concentration,2
allow,2
aitchison,2
access,2
p,2
abbey,2
mythical,2
inaugural,2
embedded,2
wales,2
cremated,2
dynasty,2
scale,2
record,2
explain,2
otherworld,2
shape,2
having,2
literature,2
bc,2
sculpture,2
concept,2
esp,2
older,2
kerbed,2
documented,2
reflect,2
realms,2
genealogies,2
interpreted,2
regions,2
hut,2
giant,2
stage,2
politically,2
mediterranean,2
small,2
castle,2
several,2
progress,2
attended,2
moved,2
activities,2
periods,2
will,2
f,2
battle,2
likely,2
situation,2
saw,2
identified,2
mechanisms,2
formative,2
settings,2
religious,2
corpus,2
once,2
opportunities,2
represents,2
waterman,2
many,2
technology,2
under,2
cruithne,2
fifth,2
included,2
govan,2
already,2
donnelly,2
memorial,2
department,2
oral,2
cowal,2
others,2
flat,2
towards,2
documents,2
accompanied,2
pattern,2
fragments,2
adjacent,2
monographs,2
burgh,2
empire,2
underscores,2
forth,2
explicitly,2
another,2
understanding,2
link,2
significant,2
largely,2
numerous,2
cropmark,2
pagan,2
ceremonies,2
dalriadic,2
described,2
proximity,2
after,2
especially,2
sense,2
strathallan,2
paces,2
perthshire,2
penguin,2
regnal,2
window,2
suspected,2
support,2
widespread,2
recognize,2
antiquity,2
life,2
often,2
types,2
considered,2
following,2
changing,2
incorporated,2
peoples,2
demonstrate,2
extensive,2
recognizable,2
palace,2
northumbrian,2
different,2
fairs,2
capital,2
prominence,2
distinctive,2
nearby,2
map,2
problem,2
while,2
influenced,2
popular,2
marking,2
level,2
introduced,2
leicester,2
intended,2
exploit,2
writing,2
aspect,2
our,2
additional,2
land,2
earthen,2
area,2
association,2
enclosed,2
argyll,2
c,2
consisted,2
era,2
substantial,2
given,2
develop,2
recent,2
showed,2
sculptured,2
linearity,2
courts,1
final,1
surroundings,1
ments,1
now,1
sjl,1
explosion,1
mostly,1
since,1
liminal,1
underpinning,1
common,1
estimated,1
way,1
heroic,1
memorials,1
meaning,1
populous,1
names,1
northernmost,1
represent,1
critical,1
kilbride,1
affected,1
extreme,1
extend,1
corrain,1
alone,1
extends,1
northumbria,1
succession,1
mar,1
string,1
notably,1
group,1
inconsequential,1
systematically,1
confidence,1
enhance,1
formed,1
transcribed,1
constitutes,1
motivation,1
managing,1
approaches,1
former,1
sited,1
fixed,1
occurred,1
tells,1
columba,1
practices,1
congress,1
perimeters,1
round,1
sponsoring,1
familiarity,1
constituting,1
certainly,1
fertile,1
interests,1
exclusive,1
questioned,1
attempt,1
caithness,1
actual,1
emerged,1
england,1
nature,1
altering,1
containing,1
loom,1
layout,1
comparatively,1
shaped,1
groups,1
attractive,1
skills,1
leading,1
advantage,1
monumentally,1
highland,1
reasons,1
thank,1
differences,1
timing,1
origin,1
narrative,1
studied,1
able,1
revival,1
scheme,1
exalted,1
liturgy,1
alignment,1
damage,1
embrace,1
petty,1
consist,1
mind,1
date,1
thirteeth,1
greatly,1
sacred,1
raised,1
principal,1
robert,1
broomend,1
pertains,1
welsh,1
sheet,1
visibility,1
legend,1
similarities,1
growing,1
nowhere,1
evaluation,1
ascribed,1
existence,1
forthcoming,1
iii,1
recorded,1
pictfest,1
owing,1
eastwards,1
sg,1
sought,1
rests,1
watkins,1
dunnichen,1
mythology,1
account,1
prior,1
forfa,1
condition,1
establishing,1
functions,1
insight,1
run,1
macha,1
taking,1
say,1
conceptual,1
x,1
far,1
pairs,1
resources,1
bottom,1
nd,1
iona,1
unrecorded,1
eroded,1
sketched,1
sand,1
tied,1
crichie,1
sign,1
evaluating,1
corresponding,1
hudson,1
framework,1
gravity,1
exist,1
human,1
natives,1
ends,1
goal,1
thus,1
includes,1
timber,1
collapse,1
relationships,1
component,1
campbell,1
difficulties,1
quality,1
smithy,1
surrounded,1
hierarchy,1
de,1
neighbours,1
tailtiu,1
poetry,1
corner,1
parkburn,1
lectures,1
characteristic,1
relatively,1
adopted,1
spot,1
dozen,1
constellation,1
lan,1
annat,1
topic,1
interprets,1
kind,1
slabs,1
oxfordshire,1
developments,1
reluctance,1
underlying,1
david,1
displays,1
document,1
crosses,1
refer,1
profound,1
back,1
subjects,1
forgiven,1
towers,1
left,1
ecclesiastical,1
find,1
identifications,1
terrace,1
festivals,1
details,1
sun,1
pronounced,1
generation,1
cists,1
influence,1
evenly,1
conceptually,1
confluence,1
poverty,1
battles,1
aristocracy,1
manipulated,1
york,1
heroes,1
michigan,1
maintenance,1
fife,1
motes,1
sort,1
megalithic,1
af,1
fair,1
rededication,1
conceptions,1
active,1
saints,1
legal,1
importance,1
certain,1
derived,1
contributions,1
assuming,1
siting,1
special,1
elaborate,1
produced,1
lacking,1
earl,1
discoveries,1
intensity,1
suffice,1
reason,1
modified,1
eighteen,1
prinkilmartn,1
consider,1
locally,1
sorts,1
benefits,1
image,1
descent,1
presumably,1
latin,1
proved,1
edition,1
peerless,1
scones,1
spirit,1
numbers,1
dominate,1
remaking,1
argued,1
observations,1
periodically,1
benefited,1
situations,1
presumed,1
show,1
exploited,1
recovered,1
legends,1
powerful,1
surface,1
connecting,1
dauvit,1
permanent,1
birlinn,1
dominant,1
care,1
archaism,1
article,1
strategy,1
suggested,1
stonies,1
constructive,1
conquest,1
raw,1
expressed,1
result,1
my,1
whom,1
pharaoh,1
avenue,1
transmission,1
societies,1
purport,1
rule,1
conservative,1
boydell,1
typical,1
relating,1
lived,1
changed,1
international,1
herity,1
base,1
term,1
academic,1
further,1
kinship,1
equally,1
informed,1
focused,1
photography,1
keywords,1
hanson,1
province,1
domestication,1
residential,1
population,1
boyd,1
cannot,1
meet,1
analogous,1
ordnance,1
grounds,1
explored,1
absolute,1
required,1
forsyth,1
public,1
package,1
acknowledgements,1
aspects,1
directly,1
explore,1
genre,1
work,1
received,1
statehood,1
tool,1
writers,1
distinguish,1
claim,1
unless,1
significantly,1
knowledge,1
tombs,1
related,1
studia,1
thoughts,1
positions,1
dynasties,1
designate,1
discussions,1
overtly,1
issues,1
broad,1
records,1
craggy,1
reoccupied,1
rituals,1
forces,1
personal,1
proliferation,1
away,1
midlothian,1
mythopraxis,1
formations,1
hambledon,1
sutton,1
fieldwork,1
deeply,1
monopoly,1
alan,1
horizon,1
visions,1
coronation,1
relative,1
holy,1
genealogical,1
feast,1
attributed,1
encounters,1
maynooth,1
earth,1
momentous,1
enclosures,1
excavated,1
arise,1
viable,1
presented,1
thirteenth,1
savage,1
shaping,1
parish,1
next,1
order,1
contrast,1
byrne,1
settlement,1
emerging,1
involved,1
sagas,1
consensus,1
few,1
highly,1
eighth,1
observe,1
thereby,1
research,1
ancestral,1
ancestors,1
impossible,1
core,1
treasures,1
fully,1
up,1
cosmology,1
universities,1
commemorative,1
results,1
using,1
estates,1
correspondence,1
cycle,1
value,1
grateful,1
finds,1
heyday,1
rest,1
mechanism,1
subsequently,1
seats,1
nieke,1
moor,1
naming,1
processual,1
approximate,1
units,1
minor,1
contact,1
appreciating,1
noble,1
stonecircle,1
action,1
doctoral,1
indeed,1
service,1
located,1
overall,1
death,1
object,1
ramparts,1
positioned,1
community,1
sahlins,1
reaffirm,1
still,1
establishes,1
harry,1
manifest,1
initially,1
inhabited,1
spectacular,1
restenneth,1
single,1
frank,1
collect,1
forts,1
springs,1
pivotal,1
interpretation,1
reference,1
citation,1
examined,1
salvation,1
thought,1
serve,1
ring,1
evolved,1
parishes,1
restricted,1
formally,1
us,1
thesis,1
management,1
unwin,1
tain,1
enigmatic,1
light,1
rightly,1
culture,1
watson,1
pioneered,1
same,1
promotes,1
ky,1
battered,1
natural,1
odds,1
lined,1
increasingly,1
speaking,1
inheritance,1
considers,1
useful,1
name,1
paul,1
heritage,1
again,1
academy,1
bannerman,1
pointed,1
recited,1
similarly,1
generously,1
adz,1
efforts,1
memorialization,1
shows,1
idea,1
reinvention,1
consideration,1
conduct,1
head,1
blocks,1
rents,1
relates,1
striking,1
creative,1
utilizing,1
beliefs,1
appeared,1
abstract,1
practical,1
focuses,1
end,1
variation,1
resolved,1
diameter,1
considerable,1
excluding,1
simple,1
forms,1
never,1
genealogy,1
took,1
precinct,1
v,1
augustinian,1
present,1
ground,1
remarkable,1
signifying,1
posit,1
innovative,1
metaphors,1
secular,1
accepted,1
strategies,1
tweed,1
necessary,1
deep,1
native,1
belief,1
mabinogion,1
routledge,1
preparing,1
moot,1
knoll,1
realize,1
identifiable,1
commemorate,1
remained,1
original,1
venerated,1
demonstrated,1
charivari,1
lost,1
examples,1
atlantic,1
oerixa,1
range,1
bear,1
situating,1
helps,1
represented,1
writings,1
trajectory,1
formal,1
enhanced,1
previously,1
depended,1
sufficiently,1
ruling,1
elite,1
worship,1
identity,1
columbae,1
sawyer,1
entirely,1
brega,1
placename,1
operated,1
fourteenth,1
rivers,1
began,1
vocabulary,1
potentates,1
prominently,1
ethnic,1
processes,1
proportion,1
matnund,1
individuals,1
radiocarbon,1
literate,1
eleventh,1
advantages,1
dating,1
low,1
open,1
diplomacy,1
royalty,1
reality,1
modem,1
rockcut,1
co,1
ploughing,1
architectural,1
allowed,1
characterized,1
change,1
general,1
vita,1
creating,1
tribal,1
housed,1
brewer,1
lie,1
martin,1
thomas,1
inscribed,1
artificial,1
mundanely,1
conspicuously,1
systems,1
satisfy,1
qualities,1
study,1
innes,1
become,1
narrow,1
overcome,1
tayside,1
ann,1
anderson,1
plate,1
enthusiastically,1
looks,1
cuthill,1
story,1
wells,1
geography,1
destruction,1
connections,1
caution,1
cursus,1
widely,1
clogher,1
examines,1
uncritical,1
separate,1
ws,1
irregular,1
independent,1
regular,1
mixture,1
movements,1
assert,1
usually,1
naturally,1
bound,1
foster,1
hill,1
reasonable,1
kilometre,1
begin,1
blairhall,1
urges,1
institutions,1
success,1
ea,1
northumbrians,1
detailed,1
festival,1
landmarks,1
katherine,1
thirteen,1
sequences,1
transformation,1
rapidly,1
pseudohistorical,1
indicate,1
stimulated,1
littoral,1
spectacularly,1
corraiin,1
michael,1
hope,1
surprising,1
dead,1
education,1
griffith,1
instances,1
armagh,1
attributions,1
face,1
minimalist,1
combines,1
figured,1
investigate,1
stable,1
perth,1
acquired,1
exercised,1
shadow,1
then,1
any,1
aris,1
formalising,1
underpinned,1
hanging,1
series,1
conclusion,1
mentioned,1
founded,1
complexes,1
underpins,1
simply,1
constituted,1
solidly,1
soil,1
summit,1
reconnaissance,1
glimpse,1
text,1
rocky,1
creations,1
forty,1
defining,1
positivist,1
dimension,1
branches,1
continental,1
ordered,1
intellectual,1
control,1
readily,1
correspond,1
nobility,1
confident,1
connection,1
mallory,1
fabrication,1
incorporating,1
alexander,1
leaders,1
administer,1
straightforward,1
ph,1
argue,1
regard,1
judgements,1
forfarshire,1
foundation,1
harvest,1
newman,1
twelfth,1
very,1
cautious,1
associations,1
tracts,1
disputes,1
passage,1
reoccurrences,1
absolutely,1
oliver,1
edge,1
evident,1
charged,1
clarity,1
huntingdon,1
william,1
nomenclature,1
realities,1
historicial,1
what,1
reproduce,1
notable,1
conservatism,1
circles,1
terms,1
making,1
supports,1
lane,1
monastery,1
thirty,1
clyde,1
opportunistic,1
attitudes,1
seasonal,1
statement,1
mere,1
centralisation,1
inscriptions,1
appropriated,1
occasions,1
getting,1
arran,1
thames,1
vehicle,1
densest,1
secure,1
produce,1
property,1
almost,1
thanes,1
pers,1
suggests,1
ideal,1
art,1
size,1
presume,1
emain,1
naked,1
apparatus,1
occasionally,1
circumstances,1
preserved,1
recognition,1
pits,1
disparate,1
lordly,1
kin,1
sea,1
despite,1
content,1
became,1
verification,1
ac,1
giving,1
subject,1
durable,1
administration,1
clancy,1
went,1
phenomenon,1
exceptionally,1
isolated,1
gain,1
regality,1
coming,1
neglect,1
prepared,1
come,1
until,1
beechhill,1
survival,1
argument,1
lists,1
argues,1
disseminating,1
architecturally,1
conditions,1
strikingly,1
lothian,1
catch,1
vernacular,1
bender,1
meigle,1
documentation,1
course,1
need,1
davies,1
meagre,1
relics,1
product,1
smaller,1
chambered,1
involving,1
attributes,1
photograph,1
limitations,1
oldest,1
enclosure,1
archaic,1
medeival,1
am,1
offered,1
specific,1
potential,1
removed,1
valuable,1
third,1
tribes,1
pathways,1
firths,1
scholarship,1
guggenheim,1
hills,1
anglian,1
sharing,1
create,1
inaugurations,1
ownership,1
documentary,1
traditional,1
focus,1
strong,1
comparable,1
famous,1
cross,1
adomnan,1
building,1
daughter,1
built,1
pillars,1
bury,1
perception,1
discern,1
deeper,1
liturgical,1
richly,1
