WORDCOUNTS,WEIGHT
the,577
of,439
and,299
in,213
to,189
a,186
as,92
archaeological,91
that,78
are,73
maya,65
is,65
for,60
from,59
by,54
an,51
on,51
have,51
with,50
at,44
local,43
community,38
research,36
about,36
chunchucmil,35
archaeology,35
ancient,34
be,34
site,33
their,33
has,32
communities,32
tourism,31
or,30
members,30
this,29
archaeologists,27
knowledge,27
native,27
which,27
was,25
project,25
mexico,23
we,23
who,23
they,22
modern,22
t,21
university,20
been,20
one,19
ruins,19
between,19
kochol,18
but,18
these,18
it,17
yucatan,17
more,17
what,17
groups,16
some,16
cultural,16
where,16
interested,16
i,15
descendant,15
will,15
ethnic,15
not,15
other,14
de,14
american,14
museum,14
pakbeh,14
were,14
can,14
history,13
all,13
may,13
most,13
et,13
economic,13
pp,13
ardren,13
our,13
area,13
mexican,12
there,12
such,12
museums,12
yucatec,12
village,11
traci,11
m,11
p,11
well,11
field,11
many,11
would,11
state,11
press,11
land,11
given,11
tourists,10
within,10
how,10
dialogue,10
department,10
public,10
people,10
no,10
economy,10
c,10
much,10
staff,9
excavations,9
than,9
because,9
work,9
indigenous,9
al,9
especially,9
any,9
must,9
over,9
each,9
very,9
living,9
while,9
when,9
control,8
excavation,8
into,8
women,8
first,8
central,8
landscape,8
b,8
locals,8
residential,8
part,8
its,8
small,8
social,8
power,8
new,8
program,8
historical,8
urban,8
both,8
large,7
experience,7
bonfil,7
g,7
interest,7
y,7
certain,7
academic,7
r,7
regional,7
culture,7
also,7
l,7
significant,7
use,7
architectural,7
period,7
often,7
them,7
role,7
world,7
national,7
d,7
traditional,7
should,7
something,6
tourist,6
j,6
real,6
political,6
que,6
development,6
americans,6
artifacts,6
villages,6
society,6
architecture,6
classic,6
scholars,6
see,6
another,6
platform,6
after,6
paper,6
leaders,6
evidence,6
remains,6
conversations,6
group,5
center,5
western,5
materials,5
walnut,5
production,5
nature,5
those,5
e,5
move,5
historic,5
thus,5
profound,5
even,5
population,5
benefits,5
mira,5
house,5
peninsula,5
greater,5
had,5
uses,5
gualberto,5
priorities,5
sites,5
data,5
during,5
own,5
marcelino,5
los,5
responsibility,5
soil,5
industry,5
annual,5
florida,5
para,5
through,5
toward,5
children,5
men,5
relevant,5
style,5
upon,5
laboratory,5
collaboration,5
like,5
high,5
obsidian,5
la,5
swidler,5
analysis,5
claims,5
school,5
peoples,5
know,5
different,5
capital,5
past,5
little,5
alta,5
mesoamerica,4
accomplishments,4
interests,4
might,4
kilometers,4
meaning,4
government,4
growing,4
key,4
household,4
ejido,4
since,4
archaeologist,4
pueblo,4
his,4
levels,4
lots,4
monuments,4
perceptions,4
monumental,4
warren,4
n,4
bruce,4
suggested,4
could,4
found,4
access,4
photo,4
concept,4
nation,4
issues,4
away,4
presented,4
working,4
trading,4
claim,4
spanish,4
ancestors,4
up,4
majority,4
processual,4
observations,4
female,4
opportunities,4
k,4
traciardren,4
only,4
ceramic,4
s,4
areas,4
time,4
patterns,4
plate,4
shown,4
material,4
demonstrated,4
identity,4
largely,4
dahlin,4
students,4
trade,4
so,4
present,4
relative,4
testing,4
arqueologia,4
primarily,4
life,4
caste,4
practice,4
funding,4
anthropology,4
connection,4
gosden,4
report,4
form,4
agricultural,4
video,4
information,4
cash,4
although,4
needs,4
offered,4
north,4
recent,4
meeting,4
does,3
currently,3
told,3
moving,3
variety,3
annals,3
puuc,3
modest,3
taken,3
military,3
season,3
montejo,3
europe,3
crops,3
great,3
thank,3
take,3
last,3
context,3
less,3
anthropologists,3
agriculture,3
ball,3
mutual,3
exist,3
goal,3
immediate,3
due,3
tzuc,3
pay,3
century,3
journal,3
activism,3
war,3
floor,3
federal,3
process,3
subsistence,3
importance,3
feel,3
productive,3
space,3
support,3
distinct,3
wages,3
organized,3
clearly,3
latin,3
numbers,3
impact,3
sus,3
recovered,3
hutson,3
make,3
appear,3
my,3
centers,3
demands,3
mesoamerican,3
initial,3
yaxuna,3
further,3
traits,3
final,3
produced,3
record,3
near,3
aspects,3
used,3
already,3
structures,3
interpreted,3
graduate,3
suggest,3
villagers,3
involved,3
around,3
mena,3
este,3
spence,3
resistance,3
preliminary,3
visit,3
second,3
various,3
identified,3
still,3
sobre,3
comments,3
religious,3
under,3
place,3
guatemala,3
responsive,3
indian,3
gente,3
put,3
experienced,3
lack,3
anthropologist,3
michael,3
original,3
understanding,3
academics,3
individuals,3
open,3
significance,3
anyone,3
study,3
interpretations,3
do,3
v,3
assistants,3
northern,3
saw,3
indication,3
movements,3
figure,3
crucial,3
five,3
foreign,3
independence,3
batalla,3
respect,3
education,3
guatemalan,3
anthropological,3
changing,3
demonstrate,3
thousand,3
willingness,3
alternative,3
current,3
foundation,3
exhibits,3
unique,3
coast,3
nearby,3
number,3
level,3
multiple,3
city,3
despite,3
kids,3
goals,3
years,3
aware,3
include,3
increased,3
share,3
specific,3
potential,3
experiential,3
debate,3
early,3
interaction,3
building,3
built,3
hypothesis,3
nicholas,2
common,2
way,2
generated,2
cent,2
corporate,2
commitment,2
concern,2
everyone,2
environmental,2
per,2
conducted,2
complex,2
conflicts,2
identify,2
designed,2
maize,2
conducting,2
ma,2
mayas,2
studies,2
considerations,2
occurred,2
interpretative,2
consistent,2
either,2
voices,2
textual,2
certainly,2
setting,2
ii,2
evolution,2
motivations,2
parties,2
continue,2
tours,2
mexicans,2
date,2
wage,2
signs,2
iowa,2
ad,2
system,2
con,2
campesinos,2
earlier,2
primary,2
america,2
watkins,2
prior,2
soils,2
apart,2
say,2
far,2
laws,2
ritual,2
innovative,2
human,2
relationships,2
component,2
relations,2
heightened,2
ferguson,2
held,2
importancia,2
secretariat,2
cosas,2
ha,2
holds,2
continuous,2
third,2
find,2
explore,2
familias,2
communication,2
william,2
messages,2
influence,2
van,2
poor,2
simultaneously,2
reconstructed,2
manipulated,2
identification,2
programmatic,2
bring,2
mistrust,2
illustration,2
basic,2
square,2
talk,2
chichen,2
awareness,2
practicing,2
shell,2
references,2
understand,2
kehoe,2
just,2
methodist,2
w,2
resource,2
powerful,2
beyond,2
cotton,2
shifted,2
dominant,2
important,2
expressed,2
result,2
prehistoric,2
whom,2
location,2
effect,2
intellectuals,2
facilitate,2
ethnographer,2
though,2
burial,2
scale,2
excluded,2
required,2
freidel,2
having,2
fraser,2
training,2
calls,2
electrical,2
punta,2
thoughts,2
positions,2
schoolchildren,2
call,2
ethnicity,2
enthusiastic,2
presentations,2
attraction,2
aline,2
evening,2
least,2
sense,2
revolution,2
next,2
consolidation,2
few,2
highly,2
presence,2
distinguished,2
texas,2
stone,2
boundaries,2
always,2
value,2
canbalam,2
f,2
led,2
he,2
san,2
demand,2
european,2
bringing,2
populations,2
indeed,2
located,2
limited,2
forward,2
targeted,2
southern,2
lisa,2
yet,2
interpretation,2
victor,2
addition,2
den,2
historia,2
cerritos,2
us,2
northwest,2
outlined,2
largest,2
kaqchikel,2
two,2
noted,2
magnoni,2
quetzil,2
enclaves,2
name,2
heritage,2
others,2
available,2
efforts,2
skills,2
consideration,2
stories,2
instituto,2
really,2
diverse,2
doubt,2
antropologia,2
patrimony,2
ground,2
en,2
gringos,2
road,2
establish,2
heavily,2
strategies,2
gender,2
perhaps,2
routledge,2
distance,2
sefiora,2
degree,2
simon,2
meetings,2
private,2
abide,2
made,2
explanation,2
values,2
cojti,2
including,2
encouraged,2
host,2
collaborative,2
questions,2
trust,2
previous,2
royalty,2
maintenance,2
resorts,2
individual,2
homes,2
good,2
hacienda,2
conversation,2
educational,2
become,2
patterson,2
engagement,2
musket,2
attention,2
discipline,2
esta,2
relationship,2
today,2
provide,2
chance,2
maps,2
employment,2
begin,2
lines,2
means,2
seen,2
markers,2
emphasizes,2
es,2
proposals,2
united,2
hope,2
alumnos,2
citizens,2
exists,2
canada,2
nacional,2
environment,2
enclosed,2
version,2
mackenzie,2
celtic,2
continues,2
known,2
hablan,2
mutually,2
suma,2
cultures,2
specialized,2
abandonment,2
did,2
domestic,2
begay,2
cities,2
distinctive,2
las,2
rural,2
passage,2
elders,2
places,2
making,2
plants,2
imposed,2
theory,2
suggests,2
cluster,2
entire,2
scott,2
joining,2
became,2
clancy,2
happens,2
contribute,2
colonial,2
isolated,2
writing,2
postcolonial,2
strong,2
selz,2
ultimately,2
bawden,2
consumption,2
mas,2
states,2
regular,2
speak,2
supported,2
coahuila,2
km,2
themselves,2
hotel,2
create,2
gulf,2
focus,2
sa,1
courts,1
carved,1
democracy,1
directors,1
go,1
now,1
undergraduate,1
mostly,1
rate,1
appropriation,1
surround,1
medicinal,1
done,1
struggle,1
deny,1
cqzumer,1
ethics,1
if,1
concerned,1
juvenile,1
yuch,1
dug,1
imported,1
broadest,1
created,1
grappled,1
separated,1
market,1
affected,1
dandoles,1
tierra,1
lool,1
red,1
methodologies,1
dissolution,1
alone,1
ultimate,1
stands,1
tienen,1
condiment,1
needed,1
elementary,1
replaced,1
essentializing,1
kinds,1
fed,1
sla,1
merged,1
likely,1
authority,1
flowering,1
constitutes,1
specialist,1
estan,1
h,1
sido,1
memoria,1
vinieron,1
easily,1
han,1
favor,1
porque,1
merida,1
ahora,1
position,1
intersecting,1
barest,1
ameliorated,1
presents,1
pose,1
unlike,1
title,1
encourage,1
reformulating,1
guillermo,1
turismo,1
before,1
fragile,1
pots,1
nineteenth,1
contested,1
po,1
track,1
descriptions,1
cuf,1
princeton,1
themes,1
test,1
mitigated,1
obsessed,1
joe,1
being,1
member,1
else,1
seminole,1
every,1
nurse,1
tener,1
creation,1
ways,1
chronicles,1
mateo,1
handle,1
fund,1
meters,1
culturally,1
disturbance,1
attempt,1
heyden,1
arrival,1
blackmore,1
actual,1
promoting,1
worked,1
emerged,1
ourselves,1
responds,1
departure,1
sustainable,1
shaped,1
tour,1
comparative,1
garth,1
twenty,1
revenue,1
refugee,1
broken,1
together,1
desire,1
display,1
differences,1
farmers,1
stood,1
nosotros,1
imaginary,1
napoleon,1
confront,1
obsessions,1
substantive,1
reveal,1
exalted,1
survey,1
nationalism,1
evolving,1
help,1
loose,1
commercialism,1
marine,1
concepts,1
raised,1
platforms,1
investigations,1
hostile,1
el,1
paying,1
partners,1
evaluation,1
side,1
buena,1
dissemination,1
dr,1
ltd,1
collaborate,1
turistas,1
disappearance,1
eastern,1
explained,1
fernando,1
suspiro,1
east,1
albeit,1
unaware,1
money,1
capacity,1
paved,1
cancun,1
sought,1
bases,1
draw,1
right,1
addresses,1
design,1
accountability,1
commencement,1
vol,1
suppress,1
replacement,1
watanabe,1
felt,1
howard,1
possible,1
determined,1
compelling,1
sixteenth,1
tracing,1
denver,1
illustrate,1
facilitating,1
international,1
drive,1
adopting,1
foreigners,1
feinman,1
richard,1
obvious,1
fine,1
o,1
taking,1
desired,1
point,1
exchanges,1
owners,1
resources,1
conception,1
dynamic,1
compares,1
negotiation,1
economies,1
zone,1
beneath,1
siempre,1
engage,1
debe,1
warfare,1
pobrecito,1
tied,1
split,1
mucha,1
attract,1
framework,1
labor,1
learned,1
regarding,1
conflict,1
restos,1
takeshi,1
includes,1
chetuma,1
review,1
affiliation,1
buscando,1
dependence,1
schoolteacher,1
proceeded,1
curated,1
graders,1
quintana,1
mine,1
receptivity,1
reject,1
pursue,1
run,1
consumed,1
illustrates,1
objective,1
visited,1
jade,1
paradoxically,1
relatively,1
moment,1
gendered,1
honest,1
cuelar,1
santa,1
stepping,1
employing,1
utilizes,1
manager,1
privilege,1
comprised,1
arena,1
z,1
attracting,1
priority,1
thing,1
albarradas,1
sanders,1
clay,1
enliven,1
maintaining,1
honored,1
jl,1
evident,1
masson,1
casas,1
concerning,1
encompass,1
withdraw,1
serving,1
allowing,1
itza,1
left,1
knap,1
witnessed,1
thin,1
spin,1
profit,1
died,1
overarching,1
aedzna,1
skabah,1
boom,1
colleague,1
weave,1
coasts,1
walls,1
manuel,1
anglo,1
costa,1
employ,1
civilization,1
steps,1
coeval,1
online,1
excavate,1
sinclair,1
philadelphia,1
whose,1
deviations,1
essential,1
frustration,1
act,1
rather,1
statements,1
ba,1
remedios,1
aimed,1
main,1
unwilling,1
across,1
centered,1
developed,1
angeles,1
activists,1
tallahassee,1
influential,1
lohse,1
keepers,1
coastal,1
myself,1
notion,1
bond,1
olmec,1
represented,1
deliberately,1
tumilaca,1
schoolchild,1
mechanics,1
opportunity,1
dealt,1
equinox,1
households,1
heard,1
realmente,1
gendrop,1
teacher,1
connected,1
ayaxuna,1
landscapes,1
quieter,1
leave,1
direct,1
balanced,1
leaves,1
antiguos,1
iteration,1
burials,1
reforms,1
empowerment,1
overlooked,1
absorbed,1
cab,1
velasquez,1
changes,1
perpetuation,1
old,1
ensure,1
prehistory,1
consider,1
foreshadow,1
locally,1
organization,1
occupational,1
established,1
encourages,1
intensive,1
workmen,1
bit,1
balam,1
borgsted,1
days,1
placed,1
gradually,1
articulated,1
glorious,1
infinitum,1
likened,1
avanzar,1
argued,1
indigenismo,1
potters,1
commonly,1
acknowledges,1
commented,1
exploited,1
additional,1
occupied,1
surface,1
follow,1
peru,1
bec,1
stark,1
boundary,1
instance,1
permanent,1
mo,1
respected,1
projected,1
opinion,1
preguntando,1
strategy,1
providing,1
management,1
advocated,1
methodology,1
franz,1
tabasqo,1
pencil,1
halacho,1
union,1
honduras,1
raw,1
gregory,1
came,1
based,1
lead,1
path,1
opposition,1
walk,1
chris,1
allow,1
avenue,1
economicos,1
appearance,1
histories,1
transient,1
entering,1
nt,1
mandate,1
called,1
determines,1
midden,1
gods,1
narrated,1
lived,1
out,1
deal,1
auxmal,1
shared,1
rooms,1
giddens,1
pass,1
events,1
pich,1
endeavor,1
emerge,1
complete,1
experts,1
curriculums,1
late,1
outset,1
accessing,1
oklahoma,1
imbalances,1
buried,1
technical,1
companeros,1
linguists,1
silence,1
keywords,1
yuca,1
improve,1
appears,1
ceramics,1
attracts,1
promise,1
wealth,1
productively,1
however,1
estamos,1
refuge,1
explain,1
taught,1
source,1
sacrifice,1
acknowledgements,1
briefly,1
receive,1
kitchen,1
failure,1
ganan,1
directly,1
pagans,1
beneficiado,1
foreignrun,1
ladino,1
publish,1
chatun,1
start,1
teotihuacan,1
contextualized,1
carry,1
del,1
framed,1
decisions,1
nearest,1
future,1
prompted,1
county,1
london,1
edn,1
secret,1
confined,1
layered,1
forcefully,1
lays,1
patterning,1
sydney,1
crawl,1
pyramids,1
visitas,1
whole,1
year,1
continuation,1
realm,1
tale,1
consistently,1
older,1
discussions,1
palaces,1
literally,1
contains,1
accidental,1
dietler,1
tuk,1
enforce,1
chukum,1
earn,1
todos,1
perishable,1
documented,1
sculptural,1
forces,1
personal,1
justification,1
employed,1
shelter,1
overseas,1
il,1
reconstructing,1
stanford,1
teenagers,1
received,1
endorsement,1
aprender,1
charles,1
approach,1
manipulation,1
bonita,1
regions,1
massacre,1
uniqueness,1
massacres,1
change,1
creating,1
ensued,1
viable,1
caused,1
andes,1
recursos,1
tom,1
fostered,1
zak,1
indicators,1
box,1
contrast,1
poster,1
gamio,1
interacting,1
joked,1
stimulated,1
quite,1
infrastructural,1
arbitrary,1
event,1
specifically,1
quantification,1
encompasses,1
several,1
underscore,1
cypress,1
choose,1
multinational,1
components,1
leather,1
arquitectura,1
brought,1
iron,1
dramatic,1
australian,1
tzec,1
corporations,1
yielded,1
division,1
core,1
dedicated,1
ek,1
visible,1
generally,1
descendants,1
inability,1
universities,1
cattle,1
thatching,1
disconnected,1
describes,1
using,1
roots,1
cycle,1
notes,1
appropriate,1
newly,1
provided,1
pervasive,1
inform,1
geographical,1
conocer,1
landholdings,1
critical,1
happen,1
bedrock,1
timeless,1
actors,1
arrangement,1
chains,1
demographically,1
implications,1
contest,1
practices,1
requirement,1
participation,1
schmidt,1
short,1
wrote,1
service,1
exile,1
expansion,1
berghe,1
kaqchikels,1
acknowledged,1
pasturage,1
constraints,1
step,1
realizing,1
garden,1
indicates,1
interactions,1
dictatorship,1
manifest,1
standing,1
backdrop,1
movement,1
modes,1
settings,1
roads,1
strategic,1
ask,1
direction,1
cooler,1
positive,1
structural,1
southeast,1
buses,1
consulted,1
stones,1
percentage,1
metates,1
guide,1
once,1
violate,1
chronicle,1
relied,1
elaboration,1
q,1
violence,1
fair,1
permission,1
ethnographers,1
examined,1
reclaiming,1
represents,1
serve,1
soon,1
rain,1
message,1
galdino,1
seeing,1
fifth,1
chronology,1
challenged,1
mies,1
perceived,1
unwin,1
processing,1
participants,1
included,1
home,1
homogeneous,1
adjusted,1
interes,1
disconcerting,1
illuminated,1
abandon,1
same,1
teaching,1
shifting,1
formalized,1
um,1
demonstrates,1
hay,1
si,1
acknowledging,1
appeals,1
visitors,1
forge,1
volunteers,1
increasingly,1
speaking,1
rise,1
inheritance,1
fawcett,1
spatially,1
fill,1
investors,1
muy,1
routes,1
canuto,1
inhabitants,1
oral,1
critiques,1
french,1
harrison,1
law,1
challenge,1
amayapgnm,1
stated,1
spend,1
calakmul,1
postcolonialist,1
ecological,1
tremendous,1
idea,1
reinvention,1
fundamental,1
conduct,1
verifiable,1
pressure,1
striking,1
minnesota,1
plan,1
agree,1
abstract,1
attempting,1
omnrida,1
teachers,1
incorporation,1
farming,1
candidate,1
emphatically,1
unsupervised,1
contemporary,1
variation,1
mold,1
foster,1
pattern,1
utilize,1
roof,1
uprisings,1
fragments,1
behind,1
hand,1
monographs,1
learn,1
locales,1
motel,1
cruz,1
mayanists,1
model,1
ancients,1
developing,1
purposes,1
bender,1
foreword,1
analyses,1
scholarships,1
maturity,1
por,1
norms,1
coral,1
reflected,1
wood,1
deficit,1
outlines,1
outgrowth,1
thoroughly,1
remained,1
argues,1
interpreting,1
fundamentally,1
backbone,1
commercialized,1
emanating,1
programa,1
lap,1
investment,1
finish,1
secured,1
institute,1
rio,1
knew,1
session,1
survive,1
examples,1
cambridge,1
discovery,1
range,1
maritime,1
helps,1
active,1
realizado,1
sides,1
writings,1
formal,1
arose,1
polity,1
territorially,1
looking,1
unpredictable,1
mortuary,1
reside,1
hieroglyphic,1
skeletal,1
minds,1
findings,1
wound,1
empirical,1
garza,1
expression,1
ya,1
operated,1
dye,1
francis,1
chucmil,1
numerous,1
ideas,1
processes,1
attic,1
lifestyle,1
engaged,1
full,1
improvements,1
optimistic,1
dating,1
theoretical,1
continuities,1
described,1
disposable,1
pedo,1
navajo,1
clear,1
mayan,1
roo,1
three,1
transformation,1
leads,1
andrews,1
directed,1
consult,1
communicated,1
express,1
language,1
agreement,1
dominated,1
faces,1
amounts,1
demetrio,1
workers,1
issn,1
times,1
anne,1
lifestyles,1
function,1
plant,1
features,1
depiction,1
peppers,1
spirits,1
provides,1
habanero,1
instruction,1
exchange,1
promotion,1
rotational,1
dzibinocac,1
trying,1
salt,1
dollars,1
satisfaction,1
lacking,1
ornaments,1
blanton,1
examine,1
interconnections,1
teach,1
victim,1
structure,1
concluding,1
estados,1
tsia,1
poco,1
versus,1
barricade,1
summarized,1
attend,1
chert,1
prescient,1
corridor,1
brown,1
sustentar,1
pero,1
separate,1
ayokop,1
limiting,1
revivalism,1
entitled,1
factors,1
suggestion,1
izamal,1
coopted,1
usurpation,1
reviewer,1
evolve,1
continued,1
segregated,1
pilgrims,1
usually,1
recreate,1
imbalance,1
outsiders,1
plays,1
ministry,1
fear,1
inside,1
acob,1
order,1
bare,1
widespread,1
male,1
cahuich,1
dimensions,1
directions,1
un,1
translation,1
owens,1
yale,1
returned,1
effectively,1
lives,1
remaining,1
anxiety,1
schoolteachers,1
why,1
literacy,1
responsible,1
implementing,1
extra,1
construction,1
blood,1
existed,1
dead,1
orxkintok,1
types,1
get,1
aboriginal,1
donated,1
certitude,1
face,1
articles,1
combines,1
mounds,1
morrow,1
seat,1
regularly,1
tribe,1
middens,1
door,1
addressed,1
suggestions,1
shadow,1
then,1
historian,1
following,1
fonatur,1
summary,1
puebloof,1
homenaje,1
series,1
chunchucmi,1
conjunction,1
skeleton,1
fertilizers,1
extensive,1
too,1
characteristics,1
theme,1
kay,1
borrows,1
telecommunications,1
physical,1
westernizing,1
indianizing,1
vernal,1
preserves,1
text,1
symbol,1
dovetail,1
here,1
sustained,1
set,1
poorest,1
echoes,1
mis,1
respecting,1
appeased,1
intellectual,1
masonry,1
mastache,1
sure,1
assumed,1
exploration,1
seem,1
best,1
down,1
argue,1
wealthy,1
regard,1
intrusion,1
inquiry,1
iii,1
castafieda,1
particularly,1
doorkeepers,1
porcelain,1
written,1
raphael,1
longstanding,1
audience,1
visits,1
associations,1
going,1
accepts,1
utilized,1
proposed,1
options,1
better,1
believed,1
hyman,1
helping,1
diversified,1
according,1
day,1
ethnically,1
ravesloot,1
investigation,1
reactions,1
spatial,1
list,1
involvement,1
want,1
particular,1
attitudes,1
seasonal,1
artifactual,1
statement,1
map,1
signature,1
protective,1
distribution,1
ethnography,1
tending,1
characterizes,1
prestige,1
tixmul,1
expressly,1
gardens,1
orientations,1
suhler,1
minimal,1
agreed,1
emphasis,1
akiuic,1
hundreds,1
port,1
art,1
travel,1
popular,1
vessels,1
breglia,1
conference,1
dialogues,1
intense,1
necessity,1
son,1
age,1
greg,1
met,1
greatest,1
marketing,1
mayor,1
meaningful,1
plans,1
compartmentalized,1
campeche,1
lies,1
administration,1
controls,1
went,1
territory,1
complementarity,1
discussion,1
inventions,1
trigger,1
challenges,1
indians,1
definitions,1
ensuing,1
aspect,1
come,1
question,1
algunos,1
determinism,1
enthusiasm,1
layers,1
until,1
models,1
survival,1
unable,1
ignored,1
button,1
generate,1
lands,1
initiated,1
similarity,1
finding,1
conditions,1
chillies,1
recovering,1
grant,1
accept,1
imperative,1
documentation,1
course,1
highest,1
approximately,1
instead,1
employer,1
grown,1
typically,1
exploitative,1
need,1
constructed,1
cautionary,1
smaller,1
proyecto,1
palace,1
france,1
effects,1
colleagues,1
forming,1
off,1
philosophy,1
papayas,1
extremely,1
association,1
shift,1
morning,1
isa,1
traveling,1
marcello,1
anonymous,1
fischer,1
vessel,1
removed,1
invited,1
removing,1
papaya,1
lilley,1
peripatetic,1
rejection,1
scholarship,1
vary,1
chicago,1
negotiate,1
obligation,1
sharing,1
jason,1
fears,1
element,1
valley,1
ownership,1
severely,1
develop,1
corn,1
abandoned,1
re,1
benchmark,1
images,1
immediately,1
belize,1
taylor,1
broader,1
showed,1
close,1
wilk,1
major,1
arizona,1
elucidation,1
continuously,1
