WORDCOUNTS,WEIGHT
the,96
of,76
and,65
in,44
be,37
at,25
a,24
for,22
to,22
should,21
is,19
eg,17
university,16
on,15
or,14
an,14
not,13
archaeology,11
as,10
by,10
may,9
has,9
use,9
with,8
are,8
early,8
he,7
bp,7
dates,7
date,7
research,7
if,6
pilgrimage,6
from,6
only,6
new,6
archaeological,6
contributors,6
will,5
his,5
but,5
anthropology,5
j,5
words,5
this,5
authors,5
south,4
etc,4
after,4
they,4
ancient,4
must,4
also,4
end,4
do,4
ad,4
references,4
number,4
maya,4
full,4
it,4
both,4
points,4
published,4
proofs,4
currently,3
no,3
order,3
complex,3
illustrations,3
di,3
lower,3
that,3
plates,3
m,3
over,3
paper,3
roman,3
other,3
historical,3
last,3
cal,3
where,3
fellowships,3
within,3
lecturer,3
style,3
her,3
possible,3
r,3
art,3
sent,3
irish,3
intended,3
belize,3
years,3
quotation,3
professor,3
since,3
have,3
publication,3
boston,3
author,3
held,3
period,3
k,3
always,3
figures,3
notes,3
la,3
nicholas,2
pearson,2
site,2
christian,2
recognized,2
york,2
page,2
note,2
delhi,2
helaine,2
curves,2
usually,2
maps,2
return,2
coleman,2
e,2
mean,2
hammond,2
their,2
terms,2
white,2
about,2
harbison,2
studies,2
himanshu,2
prehistory,2
western,2
excavation,2
assistant,2
calibration,2
al,2
these,2
department,2
quotations,2
being,2
first,2
follow,2
t,2
social,2
exceed,2
double,2
routes,2
leader,2
text,2
name,2
bobo,2
medieval,2
indicated,2
each,2
supplied,2
petersen,2
copy,2
prabha,2
particularly,2
john,2
religion,2
centre,2
cultural,2
comma,2
list,2
case,2
purchased,2
matthew,2
dots,2
saunders,2
simon,2
work,2
who,2
specializing,2
made,2
maritime,2
west,2
x,2
silverman,2
insert,2
older,2
using,2
andrew,2
which,2
radiocarbon,2
used,2
editor,2
quality,2
copies,2
macedonia,2
peter,2
ireland,2
good,2
ray,2
general,2
offprints,2
stopford,2
old,2
unless,2
norman,2
stuiver,2
when,2
london,2
journal,2
world,2
conventions,2
than,2
recent,2
provided,2
interests,2
final,1
space,1
carried,1
affiliations,1
f,1
winds,1
front,1
now,1
churchill,1
extracted,1
islamic,1
second,1
brumfiel,1
deviations,1
veneration,1
century,1
increasingly,1
bookseller,1
batsford,1
identification,1
she,1
way,1
numerals,1
rather,1
card,1
elsner,1
ba,1
sometimes,1
links,1
meaning,1
been,1
five,1
foreign,1
iraqi,1
doctoral,1
short,1
synthesis,1
scholar,1
illustration,1
contractions,1
ritual,1
preparing,1
substitution,1
reminded,1
monuments,1
nehru,1
fifth,1
community,1
july,1
introduction,1
phrases,1
titled,1
make,1
presently,1
manuscript,1
per,1
contribution,1
precedes,1
publisher,1
transformation,1
movement,1
center,1
executive,1
letter,1
jesus,1
mounted,1
contributions,1
pages,1
conveys,1
study,1
often,1
extra,1
authorship,1
advised,1
discoveries,1
sheffield,1
word,1
paleolithic,1
uppsala,1
glossy,1
testifies,1
fields,1
fetter,1
colleges,1
approaches,1
ellipsis,1
internationally,1
pp,1
read,1
originals,1
modern,1
combining,1
continuity,1
ms,1
under,1
decade,1
ranges,1
ka,1
addressed,1
us,1
undertaken,1
dissertation,1
school,1
history,1
conquest,1
photographs,1
india,1
courtauld,1
cit,1
epigravettiana,1
welcomes,1
paglicci,1
just,1
historian,1
following,1
nineteenth,1
numbers,1
experimental,1
ed,1
excitement,1
accordance,1
closely,1
calendrical,1
street,1
seafaring,1
jamaica,1
decimal,1
calibrated,1
wisconsin,1
four,1
captions,1
two,1
spelt,1
experience,1
ever,1
architecture,1
typed,1
jaguar,1
additional,1
rise,1
avoided,1
peru,1
followed,1
peninsula,1
lavish,1
cost,1
submit,1
lead,1
three,1
more,1
press,1
useful,1
french,1
book,1
ii,1
evidence,1
important,1
symmetrical,1
concentrated,1
berkeley,1
grouped,1
printing,1
worked,1
emerged,1
pencil,1
all,1
printer,1
cent,1
tourist,1
royal,1
nature,1
correspond,1
mobilare,1
encourage,1
affiliated,1
international,1
capital,1
best,1
leading,1
societies,1
occurrence,1
buddhist,1
et,1
together,1
accompanied,1
printed,1
scienze,1
color,1
abstract,1
current,1
rich,1
ideological,1
out,1
abbreviations,1
break,1
classical,1
scotland,1
demands,1
mesoamerican,1
survey,1
before,1
kingdom,1
syrian,1
oggetti,1
seldom,1
director,1
initial,1
experts,1
absolutely,1
anthropologist,1
late,1
consist,1
mind,1
readers,1
written,1
took,1
phd,1
calibrating,1
beginning,1
present,1
durham,1
rent,1
expressed,1
apostrophes,1
sinai,1
papers,1
them,1
appears,1
contents,1
recently,1
form,1
sentence,1
see,1
cannot,1
british,1
issue,1
lane,1
scale,1
can,1
ny,1
necessary,1
wealth,1
material,1
paired,1
depending,1
perfectly,1
maintain,1
moulton,1
year,1
manuscripts,1
your,1
isbn,1
required,1
jawaharlal,1
eastern,1
princeton,1
monument,1
free,1
institute,1
because,1
barrett,1
bibliographic,1
failure,1
well,1
palestine,1
christianity,1
trade,1
gained,1
another,1
information,1
uranium,1
listed,1
some,1
hajj,1
understanding,1
referred,1
indented,1
scientific,1
unsolicited,1
extended,1
size,1
shared,1
bc,1
translated,1
lettered,1
palma,1
received,1
own,1
grotta,1
presented,1
andes,1
clear,1
sides,1
communities,1
region,1
tens,1
part,1
including,1
enormous,1
nella,1
cited,1
tombs,1
eta,1
related,1
its,1
dingle,1
omit,1
approx,1
minimum,1
sheets,1
measure,1
tracing,1
obtain,1
referencing,1
place,1
sign,1
titles,1
returned,1
coins,1
people,1
harvard,1
numbered,1
processes,1
central,1
retaining,1
laboratory,1
reproduction,1
includes,1
pagan,1
were,1
chosen,1
dating,1
southampton,1
project,1
spacing,1
eisner,1
symbolism,1
development,1
lettering,1
cambridge,1
there,1
illinois,1
directed,1
tables,1
predators,1
comprehensive,1
agreement,1
ottoman,1
gravettiana,1
bord,1
interest,1
alphabetically,1
individual,1
approximately,1
david,1
uncalibrated,1
include,1
normally,1
sense,1
excavations,1
helpful,1
would,1
field,1
range,1
suitably,1
need,1
specialists,1
convention,1
bear,1
stage,1
high,1
phone,1
curve,1
mexico,1
extensively,1
ongoing,1
one,1
obtained,1
peruvian,1
gair,1
area,1
buddhism,1
improved,1
phrase,1
black,1
standard,1
vergina,1
madison,1
exchange,1
fission,1
footnotes,1
crosses,1
tourtellot,1
memorandum,1
issuing,1
between,1
mphil,1
oxford,1
single,1
suitable,1
milpa,1
elites,1
usual,1
twice,1
mainly,1
coast,1
philip,1
thin,1
treasures,1
annual,1
hardy,1
capitalized,1
drawn,1
st,1
archaeologist,1
student,1
percentage,1
pilgrim,1
corrected,1
correspondence,1
strong,1
among,1
we,1
joint,1
rivista,1
fellow,1
calibrations,1
preliminary,1
ginouvts,1
indicating,1
delete,1
investigations,1
nuanced,1
greek,1
ma,1
portrait,1
jerusalem,1
metric,1
major,1
commas,1
society,1
separate,1
