WORDCOUNTS,WEIGHT
the,497
of,386
in,193
and,147
a,132
to,125
language,81
for,66
be,63
from,59
as,58
is,58
linguistic,55
that,55
with,51
but,46
which,44
have,43
languages,42
evidence,42
can,40
by,36
been,34
historical,34
or,32
on,30
history,28
it,25
has,25
its,24
not,21
such,21
there,20
vocabulary,20
other,19
this,19
more,18
some,18
one,17
into,17
two,17
words,17
so,17
will,16
no,16
culture,16
if,16
are,16
cultural,16
particular,16
correlation,16
people,16
south,15
their,15
only,15
all,15
loanword,15
through,15
an,15
archaeology,15
loanwords,14
most,14
archaeological,14
borrowing,13
c,13
set,13
time,13
were,13
period,13
daughter,13
southern,12
mother,12
then,12
kalenjin,12
inference,12
out,12
african,12
central,12
cushitic,12
ehret,12
between,12
up,12
than,12
relative,12
society,12
borrowed,11
dialects,11
was,11
must,11
also,11
each,11
where,11
made,11
place,11
change,11
area,11
at,10
kinds,10
study,10
spoken,10
speaking,10
first,10
relationships,10
because,10
spread,10
rift,9
they,9
complex,9
word,9
peoples,9
societies,9
masai,9
while,9
use,9
specific,9
africa,8
adopted,8
studies,8
during,8
before,8
show,8
kenya,8
east,8
past,8
data,8
thus,8
christopher,8
relationship,8
single,8
i,7
core,7
developments,7
modern,7
western,7
over,7
many,7
different,7
new,7
present,7
less,7
method,7
region,7
far,7
three,7
general,7
elements,7
even,7
may,6
english,6
expansion,6
shift,6
rules,6
had,6
descent,6
source,6
four,6
extensive,6
potential,6
later,6
shows,6
location,6
patterns,6
form,6
existence,6
problem,6
line,6
related,6
whole,6
come,6
sound,6
would,6
become,6
when,6
therefore,5
communities,5
names,5
taxonomy,5
correlations,5
community,5
american,5
we,5
family,5
same,5
al,5
these,5
linguistics,5
sequence,5
hence,5
important,5
seems,5
turn,5
came,5
terms,5
case,5
luba,5
perhaps,5
another,5
basis,5
used,5
knowledge,5
common,5
et,5
diagram,5
years,5
fact,5
dahalo,5
things,5
earlier,5
probably,5
much,5
recent,5
livestock,5
should,5
influence,5
separate,5
difficult,4
consists,4
now,4
applications,4
second,4
today,4
european,4
movements,4
economic,4
sort,4
bantu,4
still,4
reconstruction,4
make,4
similar,4
speakers,4
changes,4
see,4
occurred,4
frequently,4
situations,4
celtic,4
sources,4
greater,4
rule,4
called,4
item,4
might,4
able,4
clearly,4
events,4
very,4
cultivation,4
date,4
further,4
do,4
political,4
what,4
aspects,4
whether,4
followed,4
forthcoming,4
dialect,4
world,4
well,4
replacement,4
possible,4
sixteenth,4
categories,4
west,4
seen,4
ideas,4
go,4
applied,4
millennium,4
least,4
application,4
kind,4
thousand,4
back,4
meaning,4
ancestral,4
third,4
early,4
relations,4
khoisan,4
about,4
loans,4
occur,4
standard,4
dealing,3
suggest,3
portuguese,3
reconstructed,3
approximate,3
whose,3
beech,3
l,3
five,3
groups,3
comparative,3
order,3
alone,3
argument,3
importance,3
list,3
often,3
analysis,3
borrowings,3
asa,3
category,3
former,3
chronology,3
sorts,3
any,3
material,3
university,3
without,3
identification,3
anthropology,3
neighbouring,3
social,3
generally,3
every,3
requires,3
randomness,3
appear,3
cultures,3
longer,3
lack,3
could,3
down,3
heavy,3
domestic,3
speech,3
break,3
swadesh,3
extinct,3
considerable,3
ancestry,3
just,3
simple,3
last,3
effective,3
population,3
shown,3
cannot,3
grounds,3
eastern,3
absolute,3
great,3
problems,3
dahaloan,3
bc,3
diverge,3
examples,3
both,3
trees,3
periods,3
part,3
content,3
findings,3
diffusion,3
fit,3
inherited,3
inferences,3
correlate,3
dating,3
cognation,3
locations,3
differentiation,3
galla,3
since,3
numerous,3
characterized,3
d,3
useful,3
developed,3
quite,3
distinct,3
items,3
cognate,3
classification,3
roughly,3
several,3
root,3
presence,3
reference,3
always,3
journal,3
among,3
establishment,3
despite,3
investigations,3
contacts,2
genetic,2
does,2
via,2
respect,2
situation,2
mitotic,2
german,2
diverged,2
various,2
expected,2
way,2
continued,2
provide,2
medieval,2
indicated,2
usually,2
across,2
practical,2
remain,2
rough,2
basic,2
rather,2
who,2
detailed,2
proportion,2
interactions,2
domination,2
lexicostatistical,2
certain,2
tracing,2
direct,2
lexicon,2
tend,2
guide,2
indoeuropean,2
absorbed,2
supposed,2
yet,2
ways,2
types,2
centuries,2
determination,2
suited,2
kilometres,2
parts,2
plus,2
pp,2
continuity,2
under,2
remnant,2
us,2
organization,2
scale,2
split,2
share,2
lowland,2
nearby,2
small,2
presumably,2
light,2
ordered,2
keeping,2
something,2
result,2
argued,2
reversal,2
too,2
adjoining,2
begins,2
fitted,2
subsistence,2
either,2
picture,2
long,2
name,2
french,2
pursue,2
dominant,2
originally,2
technique,2
give,2
taken,2
stream,2
seem,2
mbuguan,2
usefulness,2
extant,2
towards,2
ufahamu,2
intensive,2
j,2
distribution,2
possibilities,2
areas,2
europe,2
allow,2
major,2
appearance,2
approximately,2
basin,2
argue,2
britain,2
universal,2
eventually,2
effort,2
particularly,2
accompanied,2
hundred,2
reveal,2
end,2
toponymy,2
contemporary,2
complete,2
governing,2
complexity,2
none,2
historian,2
inferring,2
never,2
took,2
left,2
animal,2
equally,2
geography,2
current,2
corroborate,2
though,2
according,2
manner,2
somewhat,2
economy,2
within,2
investigation,2
existing,2
neither,2
extended,2
system,2
datable,2
acquaintance,2
record,2
metaphor,2
frequency,2
lived,2
versions,2
after,2
ad,2
wood,2
transafrican,2
phonological,2
remains,2
deal,2
almost,2
network,2
e,2
determined,2
degrees,2
middle,2
influences,2
universally,2
prior,2
level,2
eighteenth,2
burunge,2
locate,2
documentary,2
concept,2
point,2
arose,2
example,2
resources,2
apparent,2
confirm,2
clustered,2
above,2
turns,2
persists,2
formula,2
entirely,2
significant,2
gave,2
discussions,2
masailand,2
began,2
methodology,2
continue,2
throughout,2
field,2
somewhere,2
raising,2
search,2
away,2
however,2
systematic,2
continuities,2
thagicu,2
pattern,2
development,2
reveals,2
own,2
tanzania,2
regions,2
neighbours,2
tone,2
precise,2
course,2
estimates,2
solution,2
occurs,2
stage,2
term,2
century,2
defined,2
derive,2
off,2
probable,2
thing,2
mediterranean,2
around,2
late,2
underlying,2
especially,2
systems,2
body,2
oral,2
certainty,2
regularity,2
research,2
differing,2
attrition,2
enterprise,2
reflecting,2
beginning,2
semantic,2
thirteenth,2
including,2
archaeologist,2
given,2
results,2
grain,2
need,2
herding,2
tendency,2
pines,2
eliminating,2
rest,2
calculate,2
subsequently,1
caucasus,1
anthropologist,1
fails,1
final,1
attested,1
portion,1
indication,1
demographic,1
approximated,1
dead,1
groupings,1
lexical,1
banana,1
roughness,1
york,1
wordborrowing,1
cushites,1
demand,1
linguists,1
essential,1
belonged,1
publishing,1
matter,1
cognates,1
practices,1
inruptive,1
processed,1
estimated,1
eclipse,1
lesser,1
ensues,1
reconstructions,1
ecological,1
donor,1
zambian,1
writing,1
thoughts,1
simplistically,1
tonal,1
ranger,1
located,1
depth,1
hill,1
defining,1
decades,1
extreme,1
cells,1
randomly,1
parent,1
appreciation,1
classic,1
drawn,1
favour,1
levels,1
bare,1
fifty,1
determine,1
ethiopians,1
exception,1
becomes,1
implies,1
dimensions,1
resided,1
instance,1
unbroken,1
interfere,1
specifically,1
precolonial,1
seventeenth,1
ubangian,1
probability,1
sphere,1
goodly,1
overlap,1
standing,1
gradually,1
derivable,1
church,1
b,1
viewed,1
amerindian,1
ethnicities,1
represents,1
religious,1
imply,1
direction,1
special,1
successor,1
tree,1
pastoralists,1
expectations,1
distant,1
sets,1
noncultural,1
existed,1
worked,1
discernible,1
productive,1
hope,1
once,1
patches,1
formed,1
frontier,1
table,1
approaches,1
h,1
recognized,1
support,1
outlining,1
means,1
modified,1
references,1
itself,1
unsystematically,1
angeles,1
unusual,1
inhere,1
perceptions,1
attain,1
plants,1
involved,1
caspian,1
better,1
immensely,1
etymological,1
earliest,1
ie,1
considered,1
prehistory,1
reasonably,1
consider,1
distributional,1
possibly,1
resistances,1
ottawa,1
confidence,1
old,1
established,1
regularly,1
ancient,1
grains,1
hanseatic,1
nyanja,1
dated,1
rarely,1
branch,1
contiguous,1
placed,1
meant,1
latin,1
postulated,1
elsewhere,1
proposed,1
toponymic,1
uses,1
mitosis,1
latinspeaking,1
aboriginal,1
n,1
sharply,1
traces,1
touches,1
added,1
house,1
tentative,1
restricted,1
necessity,1
taxonomies,1
mould,1
syntaxcan,1
w,1
already,1
age,1
agricultural,1
establish,1
experience,1
inferable,1
phonologically,1
true,1
operate,1
reconstructibility,1
ever,1
austronesians,1
being,1
said,1
additional,1
rise,1
known,1
aside,1
follow,1
recordings,1
sometimes,1
ambiguities,1
directions,1
sufficient,1
indications,1
constructed,1
preservable,1
undertaken,1
protosouthern,1
absurd,1
hilly,1
lamb,1
creature,1
heller,1
potentialities,1
differentiate,1
preceding,1
vogt,1
namely,1
s,1
press,1
distinguishing,1
pinpointing,1
lives,1
fund,1
diagrammed,1
know,1
suggested,1
argumentation,1
interested,1
berkeley,1
pick,1
cut,1
noun,1
view,1
usual,1
mutually,1
chance,1
trying,1
intellectual,1
fundamental,1
stem,1
principle,1
spreading,1
addition,1
discerned,1
diachronic,1
talking,1
missing,1
luban,1
scholars,1
subsets,1
speak,1
diverging,1
ancestor,1
advance,1
cultivated,1
based,1
speaks,1
indicate,1
identifying,1
pursuits,1
historians,1
gone,1
tradition,1
crops,1
leading,1
intelligibility,1
laboratory,1
broken,1
acts,1
histories,1
britons,1
found,1
communisational,1
extraordinary,1
emergence,1
reasons,1
settle,1
whilst,1
essence,1
untapped,1
extinction,1
emphasis,1
ministrations,1
wave,1
desirable,1
counting,1
foundation,1
account,1
thoroughgoing,1
studied,1
testing,1
transferred,1
sometime,1
understandable,1
till,1
zone,1
near,1
fills,1
estimation,1
associated,1
reflected,1
entering,1
associations,1
emerge,1
distributions,1
persist,1
percentages,1
deciphering,1
subsequent,1
gimbutas,1
glottochronology,1
midmillennium,1
discussed,1
utilized,1
feature,1
correlates,1
entertained,1
iraqw,1
semantically,1
uneven,1
type,1
germanic,1
m,1
forms,1
consist,1
congruent,1
conclusions,1
abstract,1
everyday,1
quixotic,1
closely,1
chain,1
covered,1
swahili,1
classical,1
welsh,1
unattributed,1
metaphors,1
fuller,1
interacted,1
literature,1
notable,1
belongs,1
assess,1
validity,1
unique,1
shared,1
dahaloans,1
them,1
eliciting,1
unclear,1
nature,1
depends,1
potentially,1
malawi,1
nodes,1
nowhere,1
together,1
bergland,1
supports,1
suspect,1
lines,1
era,1
involves,1
fish,1
spoke,1
occasional,1
amenable,1
ed,1
guinea,1
ascribed,1
deep,1
mappings,1
indicates,1
passed,1
breaks,1
additonal,1
mere,1
ogot,1
appears,1
yield,1
native,1
explain,1
theory,1
merging,1
alagwa,1
ceased,1
compare,1
tightly,1
dying,1
anthropologists,1
scattered,1
extent,1
surveying,1
venerable,1
knowledgeable,1
continuum,1
chapter,1
shifts,1
subdivisions,1
number,1
possibility,1
reconstructible,1
coastal,1
reason,1
discuss,1
identifiable,1
lists,1
failure,1
remained,1
sites,1
scant,1
pinyiny,1
indirectly,1
trade,1
protonilotic,1
original,1
fashion,1
replacements,1
demonstrated,1
trait,1
suggests,1
conjunction,1
hundreds,1
referred,1
conform,1
work,1
international,1
bwa,1
vaguely,1
inferred,1
push,1
indiana,1
lexicostatistics,1
adopting,1
solid,1
hymes,1
corroborated,1
cambridge,1
bodies,1
little,1
chiefly,1
closer,1
move,1
los,1
fitting,1
scheme,1
obvious,1
attempt,1
preserved,1
side,1
clear,1
dutch,1
circumstances,1
o,1
unless,1
prominent,1
refinement,1
variations,1
surrounded,1
except,1
conceptual,1
understanding,1
sea,1
razor,1
altogether,1
quantity,1
numbers,1
bears,1
nilotic,1
chart,1
ceeds,1
along,1
confirms,1
homeland,1
expand,1
against,1
encouraged,1
culminating,1
thin,1
respectable,1
empirical,1
simply,1
societal,1
correlatable,1
built,1
happens,1
territory,1
placename,1
combining,1
watershed,1
introduction,1
older,1
persisted,1
intermediate,1
reconstruct,1
outnumbered,1
cass,1
dropping,1
approach,1
pound,1
variation,1
specialized,1
facets,1
framework,1
allows,1
resulting,1
sudanic,1
exist,1
actually,1
tribute,1
hypothesized,1
precontact,1
human,1
structures,1
ethnic,1
categorization,1
daughters,1
maps,1
real,1
call,1
includes,1
predictable,1
full,1
previous,1
reflective,1
interethnic,1
insufficiently,1
regional,1
differ,1
california,1
establishing,1
compact,1
contribution,1
historically,1
fourteenth,1
described,1
reconstructing,1
finally,1
extensiveness,1
verbs,1
immediate,1
low,1
received,1
kamelilo,1
significance,1
points,1
bleed,1
traditions,1
indeed,1
understand,1
mellaart,1
nile,1
reality,1
correctness,1
defence,1
t,1
absorb,1
materials,1
peripheral,1
sought,1
numerically,1
rapidly,1
accounted,1
copious,1
taxonomic,1
revolve,1
seek,1
expended,1
base,1
relatively,1
ease,1
individual,1
times,1
volume,1
attach,1
methods,1
normally,1
arise,1
taint,1
leeches,1
correlated,1
caused,1
intense,1
publications,1
musonko,1
length,1
relevant,1
discover,1
pronounced,1
irrefutable,1
plant,1
endeavours,1
attribution,1
xo,1
high,1
austronesian,1
indicators,1
conquered,1
etymologies,1
obtained,1
eras,1
spans,1
paths,1
attempted,1
ecology,1
misunderstanding,1
sixty,1
preservation,1
black,1
cases,1
consequence,1
settlement,1
provides,1
continually,1
loan,1
did,1
event,1
maintaining,1
ongoing,1
latter,1
dalby,1
encompasses,1
prolinguistic,1
sapir,1
perspective,1
person,1
spanish,1
firmly,1
characteristics,1
neighbourhood,1
few,1
fewest,1
having,1
wider,1
internal,1
descendant,1
removed,1
cell,1
k,1
intangibles,1
parallel,1
chronological,1
folk,1
spreads,1
sporadic,1
houses,1
fourth,1
plotting,1
emphases,1
attests,1
essentially,1
watersheds,1
terminology,1
contact,1
offspring,1
exactly,1
criterion,1
coast,1
dahlalo,1
networks,1
array,1
fossilization,1
uncertainty,1
families,1
improbable,1
descendants,1
species,1
practice,1
grouped,1
northwestern,1
slightly,1
archeological,1
interaction,1
those,1
interlocking,1
traditional,1
preserving,1
using,1
etc,1
counts,1
tones,1
apparently,1
geographies,1
decline,1
value,1
goes,1
understood,1
provided,1
preliminary,1
displaced,1
questions,1
dates,1
learned,1
splits,1
knappert,1
animals,1
close,1
rates,1
widely,1
division,1
reversing,1
formulation,1
reflect,1
retention,1
gifted,1
certainly,1
continuously,1
