WORDCOUNTS,WEIGHT
the,315
of,306
and,210
in,161
to,102
a,98
pueblo,60
or,55
architecture,50
from,49
is,47
chaco,46
by,42
spatial,42
be,40
architectural,39
for,38
new,38
it,35
that,35
with,32
which,30
space,28
at,27
canyon,27
an,27
have,27
this,26
may,25
organization,25
g,24
archaeology,22
some,20
social,20
prehispanic,19
were,19
mexico,19
are,18
was,18
as,18
university,18
american,17
j,17
other,17
archaeological,17
construction,17
not,17
on,16
also,15
been,15
i,14
most,14
aspects,14
r,14
but,14
examples,14
building,14
m,13
its,13
more,13
bonito,13
their,12
n,12
prehistoric,12
used,12
research,12
these,12
two,12
patterns,12
h,11
studies,11
ad,11
possible,11
w,11
dwelling,11
stages,11
spaces,11
one,10
side,10
b,10
study,10
p,10
settings,10
kiet,10
pp,10
david,10
can,10
defined,10
c,10
saile,9
e,9
such,9
elements,9
l,9
house,9
change,9
will,9
use,9
physical,9
form,9
through,9
early,9
there,8
those,8
time,8
external,8
sequence,8
open,8
would,8
anthropology,8
wall,8
very,8
should,8
they,7
s,7
design,7
siel,7
than,7
site,7
settlement,7
south,7
dwellings,7
about,7
interpretation,7
only,7
many,7
plan,7
pattern,7
number,7
interpretations,7
area,7
types,7
series,7
over,7
different,7
has,7
ruins,7
d,7
remains,7
built,7
large,6
relationships,6
like,6
how,6
certain,6
suggested,6
rooms,6
sites,6
kiva,6
san,6
examined,6
culture,6
forms,6
private,6
provide,6
figure,6
juan,6
any,6
kivas,6
much,6
between,6
common,5
environmental,5
village,5
ways,5
into,5
t,5
hall,5
walls,5
no,5
act,5
frequently,5
cultural,5
required,5
part,5
related,5
society,5
builders,5
reports,5
useful,5
ground,5
perhaps,5
understanding,5
vivian,5
made,5
range,5
ideas,5
k,5
methods,5
feet,5
southwest,5
suggest,5
seen,5
indicate,5
often,5
anthropological,5
environment,5
pueblos,5
masonry,5
each,5
particular,5
national,5
smaller,5
attributes,5
north,5
if,4
meaning,4
f,4
reflection,4
tend,4
first,4
archaeologists,4
certainly,4
might,4
could,4
differences,4
within,4
southwestern,4
distinct,4
general,4
mean,4
represented,4
clearly,4
differs,4
commonly,4
surface,4
further,4
public,4
work,4
bc,4
del,4
place,4
small,4
few,4
villages,4
activities,4
variety,4
mesa,4
hawley,4
contemporary,4
v,4
less,4
upon,4
period,4
features,4
northern,4
increasing,4
analysis,4
when,4
must,4
type,4
ruin,4
theory,4
while,4
information,4
both,4
kin,4
world,4
communicative,4
locations,4
evidence,4
focus,4
recent,4
later,3
groups,3
functional,3
group,3
stone,3
western,3
nature,3
did,3
words,3
definition,3
salmon,3
able,3
room,3
help,3
papers,3
eastern,3
gwinn,3
far,3
ritual,3
central,3
hierarchy,3
rapoport,3
times,3
compare,3
possess,3
miscellaneous,3
monuments,3
important,3
appear,3
behaviour,3
route,3
access,3
artefact,3
scale,3
technical,3
occupants,3
apparent,3
whole,3
partly,3
normally,3
smithsonian,3
distinguished,3
generally,3
appropriate,3
second,3
units,3
brief,3
religious,3
museum,3
cliff,3
sketch,3
routes,3
others,3
hibben,3
larger,3
surfaces,3
anthropologist,3
adjacent,3
do,3
manner,3
accepted,3
reconstructing,3
discussion,3
elite,3
concern,3
additions,3
arizona,3
examination,3
california,3
high,3
accurate,3
after,3
qualities,3
sometimes,3
collections,3
overlap,3
sequences,3
deals,3
then,3
ordered,3
suite,3
colorado,3
defining,3
natural,3
rear,3
setting,3
seem,3
twelfth,3
past,3
what,3
terms,3
almost,3
outline,3
disciplines,3
aspect,3
until,3
models,3
washington,3
include,3
although,3
states,3
specific,3
chicago,3
broader,3
major,3
frequent,2
does,2
behavioural,2
fortified,2
indicated,2
affected,2
settlements,2
offerings,2
word,2
approaches,2
park,2
considerations,2
prentice,2
fixed,2
excavation,2
history,2
englewood,2
fabric,2
ii,2
give,2
attempts,2
seems,2
great,2
reasons,2
onto,2
court,2
styles,2
sacred,2
mogollon,2
investigations,2
discipline,2
rohn,2
barrie,2
activity,2
functions,2
controlled,2
framework,2
human,2
phase,2
explained,2
development,2
professor,2
terraces,2
excavations,2
century,2
kind,2
drainage,2
dean,2
evident,2
kletso,2
defensive,2
differently,2
houses,2
third,2
publications,2
even,2
journal,2
van,2
explanations,2
without,2
rather,2
his,2
process,2
chettro,2
earlier,2
similar,2
importance,2
tsegi,2
plog,2
understand,2
objects,2
physically,2
evolved,2
branch,2
badger,2
elsewhere,2
too,2
operate,2
location,2
entering,2
behavioral,2
scully,2
occupation,2
circular,2
appears,2
monograph,2
haury,2
watershed,2
none,2
residents,2
knowledge,2
literature,2
describe,2
discussions,2
intermediate,2
issues,2
people,2
structures,2
surrounding,2
judd,2
approach,2
sense,2
describing,2
buildings,2
grew,2
speculations,2
rockliff,2
cope,2
around,2
characteristics,2
concerns,2
highly,2
boundaries,2
differing,2
dependent,2
notes,2
kees,2
comm,2
periods,2
chronological,2
he,2
gradual,2
service,2
overall,2
geometrically,2
whatever,2
still,2
make,2
wind,2
direction,2
verde,2
reference,2
morgan,2
perspectives,2
same,2
broad,2
hewett,2
growth,2
addition,2
communal,2
consideration,2
praeger,2
scholars,2
geometrical,2
clusters,2
michael,2
necessary,2
material,2
imputed,2
another,2
rinaldo,2
ethnology,2
assumption,2
virtually,2
joiner,2
dating,2
shelter,2
stress,2
arroyo,2
individual,2
so,2
function,2
least,2
systems,2
attention,2
la,2
widely,2
diagrams,2
irregular,2
longacre,2
continued,2
segments,2
hill,2
ordering,2
why,2
united,2
sandstone,2
itself,2
face,2
floor,2
considered,2
following,2
mentioned,2
simply,2
implied,2
sciences,2
here,2
alternative,2
school,2
know,2
control,2
paper,2
half,2
current,2
report,2
foundation,2
associated,2
works,2
investigation,2
them,2
implicit,2
whether,2
noticeable,2
adaptation,2
utilitarian,2
foundations,2
pers,2
categories,2
art,2
plata,2
cluster,2
level,2
multiple,2
contemporaneity,2
press,2
plans,2
step,2
mention,2
recording,2
differentiation,2
similarity,2
numerous,2
define,2
need,2
temporal,2
grebinger,2
association,2
enclosed,2
valuable,2
element,2
valley,2
given,2
gladwin,2
occur,2
courts,1
problem,1
final,1
situated,1
inward,1
possessed,1
mostly,1
produces,1
o,1
dwat,1
page,1
estimated,1
way,1
concerned,1
inaccurate,1
strategy,1
imported,1
separated,1
reconsidered,1
college,1
red,1
implies,1
considerably,1
succession,1
introduction,1
utility,1
manuscript,1
chiquita,1
per,1
becoming,1
needed,1
residences,1
approved,1
craik,1
identify,1
formed,1
roys,1
strictly,1
investigating,1
inconsistent,1
conjectures,1
modern,1
equivalency,1
descriptive,1
reasonably,1
position,1
emphasize,1
lowry,1
laid,1
occurred,1
viewpoints,1
nineteenth,1
connotations,1
practices,1
properties,1
tends,1
predominantly,1
clarifying,1
proxemic,1
else,1
cv,1
titles,1
long,1
embraced,1
penasco,1
rinehart,1
attempt,1
progression,1
emerged,1
outlining,1
neil,1
asia,1
handling,1
layout,1
possibilities,1
shaped,1
retaining,1
skills,1
centralized,1
broadly,1
broken,1
suggesting,1
daily,1
desire,1
thank,1
rich,1
sometime,1
reed,1
closer,1
hundred,1
carnegie,1
survey,1
niche,1
nonverbal,1
written,1
lnnl,1
concepts,1
primitive,1
political,1
nal,1
reiter,1
somewhat,1
humphries,1
subdisciplines,1
ascribed,1
teentr,1
east,1
historians,1
conditioned,1
america,1
tenth,1
wilcox,1
prior,1
illustrate,1
zuni,1
sabloff,1
investigator,1
substitutes,1
fine,1
west,1
community,1
apart,1
variations,1
say,1
infer,1
x,1
diffused,1
prussin,1
indicating,1
reconstruction,1
along,1
brew,1
granaries,1
hudson,1
ferdon,1
exist,1
li,1
regarding,1
doubleday,1
chapters,1
affiliation,1
modify,1
facts,1
immediate,1
dendrochronological,1
quality,1
since,1
forerunners,1
predetermined,1
against,1
unpublished,1
integral,1
corner,1
interest,1
relatively,1
ability,1
relations,1
rites,1
veneer,1
topic,1
barrier,1
exercise,1
turn,1
hold,1
cases,1
developments,1
items,1
speculative,1
refer,1
concerning,1
alkali,1
amount,1
speed,1
dates,1
semantic,1
y,1
terrace,1
communication,1
look,1
architects,1
details,1
pyramidical,1
rates,1
sears,1
operation,1
profoundly,1
aborigines,1
town,1
essential,1
reflects,1
antevs,1
managing,1
main,1
district,1
perceiving,1
debated,1
basic,1
levels,1
notion,1
pause,1
una,1
completely,1
opportunity,1
risk,1
connected,1
se,1
activiti,1
pages,1
white,1
summarized,1
factors,1
front,1
supposed,1
gathering,1
underline,1
support,1
plaza,1
aess,1
arid,1
category,1
changes,1
affect,1
wanted,1
prehistory,1
varying,1
river,1
statistical,1
specialization,1
india,1
proved,1
section,1
just,1
fortifications,1
additive,1
situations,1
show,1
jacobson,1
store,1
origins,1
beyond,1
isolation,1
notions,1
iconology,1
comparisons,1
utah,1
peabody,1
permanent,1
answers,1
care,1
screened,1
decades,1
lilies,1
view,1
encircling,1
irrigation,1
greater,1
had,1
expressed,1
result,1
closely,1
my,1
lead,1
extent,1
concentration,1
examinable,1
formulations,1
harder,1
histories,1
found,1
tseh,1
surmised,1
puebloan,1
effort,1
shared,1
accommodations,1
viking,1
philosophical,1
representative,1
term,1
late,1
understood,1
distinguishes,1
viewed,1
produced,1
reinforce,1
excellent,1
otherwise,1
energy,1
procedures,1
gennep,1
designations,1
stonework,1
comprehension,1
wide,1
near,1
acknowledgements,1
briefly,1
because,1
pointers,1
directly,1
designation,1
trial,1
basis,1
distinguish,1
ruesch,1
already,1
tool,1
los,1
repetition,1
imagined,1
prominent,1
significantly,1
psychological,1
example,1
casa,1
data,1
description,1
fence,1
loss,1
realm,1
older,1
during,1
ghana,1
demonstrates,1
beginnings,1
aztec,1
middle,1
rows,1
thereafter,1
et,1
firepits,1
personal,1
away,1
preparation,1
status,1
own,1
enthusiastic,1
memoirs,1
hidden,1
refuse,1
errors,1
aided,1
lipman,1
riba,1
construct,1
field,1
shaping,1
things,1
alto,1
order,1
involved,1
crescent,1
mitchell,1
gradations,1
wider,1
components,1
temporary,1
presence,1
protect,1
texas,1
tended,1
impossible,1
gradient,1
always,1
visible,1
richness,1
up,1
progress,1
results,1
using,1
labelled,1
provided,1
preliminary,1
ee,1
ninth,1
questioning,1
geographical,1
inspection,1
integrating,1
therefore,1
cochise,1
situation,1
arrangement,1
lawn,1
quartercentury,1
absence,1
contact,1
visually,1
scientific,1
cosmological,1
sanctity,1
economic,1
separation,1
drama,1
openings,1
limited,1
maito,1
postulation,1
guides,1
nearly,1
innocence,1
object,1
above,1
surviving,1
indicates,1
comments,1
outer,1
aldine,1
southern,1
inhabited,1
entrybox,1
selection,1
structural,1
postulate,1
once,1
fet,1
criticism,1
usages,1
all,1
proshansky,1
serve,1
england,1
seeing,1
chronology,1
boundary,1
ancient,1
profane,1
home,1
light,1
wallis,1
teaching,1
choices,1
formalized,1
outlined,1
al,1
timbers,1
frameworks,1
stones,1
raids,1
harper,1
microclimatic,1
fill,1
volume,1
street,1
mound,1
walled,1
geometries,1
majority,1
stated,1
mentions,1
ketl,1
varies,1
ask,1
flat,1
towards,1
lund,1
fact,1
shows,1
lack,1
idea,1
shade,1
perceptible,1
tos,1
striking,1
orion,1
beliefs,1
abstract,1
diverse,1
nebulous,1
farming,1
considerable,1
man,1
roof,1
connectin,1
planners,1
conclusions,1
outside,1
everyday,1
chain,1
centre,1
threads,1
shown,1
where,1
continuing,1
purposes,1
validity,1
relevant,1
see,1
dance,1
foregoing,1
contention,1
books,1
distance,1
style,1
gives,1
counterpart,1
terralce,1
degree,1
interpreting,1
demonstrated,1
recognizing,1
vizedom,1
exhibit,1
bachelard,1
finish,1
indiana,1
considering,1
background,1
treated,1
comprise,1
dwa,1
formal,1
region,1
lllll,1
including,1
enhanced,1
nomad,1
entirely,1
expression,1
tewa,1
largely,1
convenience,1
robinson,1
factor,1
conditions,1
vocabulary,1
laboratory,1
whitewater,1
previous,1
stlspatial,1
theoretical,1
involves,1
described,1
roberts,1
anasazi,1
low,1
significance,1
meanings,1
sherd,1
loosely,1
three,1
historic,1
directed,1
authors,1
publication,1
language,1
agreement,1
definitely,1
supportive,1
held,1
hypothesizing,1
helpful,1
analysing,1
mouton,1
devise,1
probable,1
preservation,1
fred,1
segment,1
martin,1
ugi,1
spent,1
roofs,1
comparing,1
enough,1
nging,1
become,1
palo,1
newcastle,1
mainly,1
structure,1
probably,1
looks,1
saw,1
we,1
institution,1
hungo,1
relative,1
professional,1
adaptive,1
unrelated,1
ascertained,1
consists,1
suggestion,1
undifferentiated,1
topography,1
layouts,1
aid,1
raise,1
tentative,1
bureau,1
sealed,1
science,1
usually,1
five,1
outsiders,1
maps,1
suggestive,1
inside,1
thermal,1
favour,1
bulletin,1
hogan,1
becomes,1
means,1
who,1
unpierced,1
semiotic,1
visual,1
antiquity,1
life,1
poetics,1
arts,1
fall,1
heavily,1
table,1
composed,1
centuries,1
examine,1
ninthto,1
unusual,1
interpretive,1
mud,1
differentiated,1
suggestions,1
contained,1
rarely,1
practice,1
wennergren,1
changing,1
conjunction,1
peoples,1
extensive,1
tyne,1
determinants,1
symbolic,1
diagonal,1
known,1
rival,1
ll,1
entry,1
generic,1
offers,1
set,1
forty,1
dimension,1
privacy,1
correspond,1
cultures,1
descriptions,1
prolific,1
key,1
altering,1
ubiquitous,1
slowly,1
cored,1
illi,1
regard,1
movable,1
inquiry,1
iii,1
examining,1
distinctive,1
climate,1
passage,1
oliver,1
places,1
mug,1
qualitatively,1
kluckhohn,1
growing,1
trademark,1
avoidance,1
proceedings,1
carefully,1
perspecta,1
unique,1
professors,1
typologies,1
making,1
references,1
supports,1
independently,1
nearby,1
hoped,1
passed,1
distribution,1
medallion,1
misinterpretations,1
thames,1
argued,1
institute,1
treatises,1
observations,1
psychology,1
suggests,1
ascertain,1
predisposes,1
size,1
translated,1
conference,1
craftsmanship,1
directive,1
demarcated,1
alterations,1
entrance,1
integrally,1
city,1
elucidate,1
chip,1
undertaken,1
became,1
techniques,1
assumptions,1
prudden,1
investigated,1
screen,1
connotation,1
indians,1
evidenced,1
definitions,1
dateable,1
relates,1
question,1
determinism,1
pine,1
compulsion,1
ultimately,1
fi,1
years,1
pavi,1
mutual,1
defence,1
internally,1
materials,1
strikingly,1
accept,1
pierced,1
parallels,1
contributed,1
alcove,1
constructed,1
gross,1
integration,1
regular,1
broadbent,1
clues,1
attempted,1
explicating,1
extremely,1
eliade,1
comparison,1
needs,1
observation,1
potential,1
schiffer,1
assumed,1
themselves,1
scholarship,1
johnson,1
vary,1
cook,1
sharing,1
northwestern,1
winston,1
trigger,1
immediately,1
tii,1
rubble,1
termed,1
chambers,1
draft,1
customs,1
perception,1
iik,1
elucidation,1
row,1
grants,1
