WORDCOUNTS,WEIGHT
the,775
of,425
in,252
and,239
to,215
a,143
is,131
that,101
roman,96
at,78
be,77
century,73
britain,67
it,65
this,65
by,62
which,60
as,59
i,57
on,57
for,56
was,52
town,47
from,47
fourth,45
are,45
or,44
have,43
not,42
late,39
but,39
towns,38
with,36
has,35
evidence,29
there,28
third,28
an,28
been,28
into,27
may,27
we,26
no,25
end,23
pottery,23
life,23
very,23
all,22
later,21
they,21
early,21
more,20
would,20
must,20
if,19
london,19
buildings,19
any,19
had,18
my,18
one,17
some,16
their,16
well,16
two,16
many,16
villa,16
were,16
so,16
can,16
out,15
empire,15
period,15
what,15
first,14
his,14
change,14
up,14
second,14
these,14
coins,14
now,13
large,13
than,13
occupation,13
then,13
seems,12
last,12
those,12
move,12
even,11
house,11
province,11
small,11
few,11
only,11
model,11
see,11
after,11
layers,11
much,11
might,10
professor,10
such,10
walls,10
them,10
dated,10
because,10
good,10
same,10
time,10
new,10
where,10
sequence,10
known,10
seem,10
most,10
j,9
case,9
richard,9
levels,9
changes,9
sites,9
reece,9
will,9
therefore,9
plough,9
layer,9
do,9
perhaps,9
deposits,9
administrative,9
cirencester,9
quarter,9
always,9
little,9
land,9
area,9
built,9
archaeological,8
just,8
its,8
when,8
above,8
about,8
fifth,8
idea,8
present,8
suggest,8
who,8
archaeology,8
paper,8
different,8
need,8
flow,7
village,7
stone,7
far,7
means,7
work,7
away,7
excavated,7
latest,7
number,7
made,7
three,7
general,7
city,7
building,7
countryside,6
difficult,6
does,6
way,6
use,6
excavation,6
being,6
england,6
other,6
ad,6
houses,6
site,6
main,6
earlier,6
established,6
problems,6
found,6
excavations,6
part,6
soil,6
south,6
he,6
under,6
volume,6
also,6
areas,6
classical,6
centre,6
assemblage,6
parish,6
trade,6
wroxeter,6
italy,6
seen,6
frere,6
whether,6
middle,6
theodosius,6
france,6
removed,6
between,6
point,6
should,6
medieval,5
before,5
half,5
state,5
within,5
say,5
without,5
villas,5
generally,5
boundary,5
further,5
r,5
least,5
around,5
st,5
oxford,5
yet,5
ought,5
forms,5
never,5
ideas,5
continue,5
black,5
farm,5
residual,5
inside,5
recognize,5
often,5
did,5
wall,5
romanitas,5
beginning,5
urban,5
world,5
am,5
final,4
common,4
saxon,4
something,4
either,4
could,4
m,4
date,4
money,4
old,4
find,4
look,4
german,4
rather,4
bring,4
verulamium,4
landscape,4
age,4
beyond,4
suggested,4
cut,4
conquest,4
based,4
farmsteads,4
population,4
cannot,4
place,4
people,4
ditches,4
successful,4
secondly,4
reorganization,4
whatever,4
chronology,4
floor,4
picture,4
fact,4
somewhere,4
doubt,4
germanic,4
less,4
top,4
dating,4
huts,4
especially,4
become,4
occupied,4
me,4
centuries,4
face,4
here,4
country,4
best,4
iron,4
want,4
firmly,4
suggests,4
size,4
through,4
shown,4
lists,4
crisis,4
attempted,4
north,4
go,3
debris,3
english,3
history,3
give,3
containing,3
belong,3
great,3
take,3
mind,3
cleared,3
apart,3
basilica,3
fountain,3
g,3
admitted,3
flourishing,3
times,3
back,3
dates,3
archaeologist,3
hardly,3
influence,3
industries,3
seventh,3
roadside,3
interesting,3
whose,3
ploughed,3
goes,3
similar,3
winchester,3
consider,3
presumably,3
w,3
putting,3
concentration,3
called,3
typical,3
p,3
excellent,3
nothing,3
coin,3
line,3
claim,3
whole,3
actually,3
field,3
things,3
mediterranean,3
several,3
villages,3
moved,3
defended,3
economic,3
indeed,3
selection,3
once,3
swept,3
neither,3
rubbish,3
already,3
reports,3
bar,3
corinium,3
fell,3
purely,3
again,3
happening,3
germans,3
farming,3
ages,3
conviction,3
john,3
thriving,3
chichester,3
open,3
clear,3
started,3
lie,3
probably,3
destruction,3
valentinian,3
usually,3
institutions,3
becomes,3
sections,3
forthcoming,3
continues,3
theme,3
recognizable,3
alternative,3
set,3
over,3
each,3
current,3
economy,3
agricultural,3
inscriptions,3
institute,3
almost,3
agreed,3
contain,3
both,3
african,3
administration,3
our,3
wish,3
firstly,3
substantial,3
done,2
concerned,2
market,2
brilliantly,2
lecture,2
pushed,2
expect,2
settlements,2
complex,2
formed,2
true,2
continent,2
completely,2
studies,2
modern,2
acceptance,2
source,2
accumulation,2
wrong,2
hence,2
submit,2
every,2
certainly,2
repertoire,2
mysterious,2
stretch,2
nature,2
available,2
wooden,2
simple,2
gradual,2
palatial,2
damage,2
mr,2
ruined,2
british,2
forum,2
firm,2
discuss,2
right,2
possible,2
condition,2
taxation,2
vital,2
exposed,2
phase,2
historical,2
timber,2
severe,2
run,2
since,2
due,2
de,2
moment,2
establishments,2
pay,2
barrier,2
hold,2
cases,2
oxfordshire,2
convincing,2
slave,2
beeches,2
fulford,2
mechanism,2
phases,2
recognized,2
essential,2
hopes,2
how,2
remain,2
mean,2
britannia,2
opportunity,2
direct,2
special,2
opposite,2
barker,2
scattered,2
supposed,2
provinces,2
gravels,2
organized,2
clearly,2
invariably,2
argued,2
southwark,2
gloucester,2
followed,2
baths,2
opponents,2
whereas,2
moving,2
result,2
mercenaries,2
effort,2
base,2
though,2
durham,2
sharply,2
troops,2
record,2
ignorance,2
public,2
near,2
possibility,2
provincial,2
artefacts,2
basis,2
flourish,2
abroad,2
knowledge,2
barn,2
surprise,2
year,2
used,2
describe,2
fit,2
reoccupied,2
et,2
saw,2
floors,2
traders,2
sense,2
below,2
humble,2
quite,2
settlement,2
brought,2
decline,2
boundaries,2
philip,2
resistance,2
estates,2
appropriate,2
newly,2
lincoln,2
rest,2
sporadic,2
society,2
portion,2
units,2
revival,2
forward,2
still,2
make,2
surviving,2
movement,2
put,2
ware,2
structural,2
criticism,2
happened,2
inspiration,2
index,2
ancient,2
included,2
maintained,2
social,2
successfully,2
ammianus,2
business,2
mark,2
ask,2
prolong,2
lack,2
agree,2
disuse,2
really,2
man,2
patterns,2
took,2
hand,2
stony,2
unit,2
accepted,2
orthodoxy,2
suburb,2
survival,2
local,2
demonstrated,2
disappearance,2
understanding,2
assemblages,2
enclose,2
previously,2
assume,2
actual,2
sees,2
ploughsoil,2
stress,2
points,2
ploughing,2
homes,2
like,2
him,2
farms,2
undefended,2
behind,2
systems,2
insula,2
effect,2
barnsley,2
etruria,2
terminally,2
looked,2
decay,2
widely,2
consists,2
suggestion,2
she,2
lot,2
sometimes,2
foreign,2
unchanging,2
success,2
detailed,2
la,2
why,2
fall,2
hope,2
itself,2
seat,2
forest,2
constantine,2
thinking,2
comes,2
changing,2
ever,2
scarcely,2
restored,2
ratio,2
gone,2
capital,2
down,2
constantius,2
farmyard,2
goods,2
moneyed,2
merely,2
ditch,2
born,2
unlikely,2
terms,2
meticulous,2
ones,2
references,2
map,2
vigorously,2
novelty,2
unnecessary,2
problem,2
while,2
emphasis,2
conference,2
level,2
owner,2
occasionally,2
recognition,2
mention,2
isolated,2
think,2
question,2
moderate,2
until,2
models,2
years,2
difference,2
explanation,2
instead,2
smaller,2
colleagues,2
needs,2
themselves,2
c,2
reached,2
develop,2
ends,2
showed,2
major,2
occur,2
ending,1
undergraduate,1
gerald,1
unsure,1
withington,1
faculties,1
precepts,1
limits,1
fertile,1
estate,1
names,1
watling,1
stood,1
till,1
prolonging,1
truth,1
extreme,1
extend,1
trans,1
busy,1
red,1
dissolution,1
rhine,1
introduction,1
clogged,1
speakers,1
likewise,1
police,1
told,1
needed,1
residences,1
touched,1
unsatisfactory,1
conquering,1
drastically,1
ample,1
superb,1
sheffield,1
word,1
referring,1
likely,1
live,1
alive,1
ways,1
h,1
rodwell,1
gillam,1
di,1
chlorus,1
easily,1
park,1
better,1
reasonably,1
protection,1
equated,1
supposing,1
tome,1
unlike,1
title,1
laid,1
pipes,1
samian,1
pots,1
migration,1
landowners,1
contexts,1
limestone,1
themes,1
test,1
predominantly,1
lower,1
said,1
painful,1
consistent,1
fabric,1
archaeologists,1
stressed,1
withdrawn,1
failing,1
mosaics,1
upholding,1
connection,1
production,1
societe,1
derives,1
luscious,1
siddington,1
mcwhirr,1
jacobethan,1
chaos,1
military,1
culturally,1
concentrated,1
feeling,1
attempt,1
rare,1
anywhere,1
floored,1
genteel,1
asia,1
bitten,1
shaped,1
copy,1
homestead,1
professions,1
broken,1
rebuilt,1
farmers,1
wave,1
exotic,1
admittedly,1
borne,1
able,1
government,1
thanks,1
hundred,1
reveal,1
composition,1
court,1
survey,1
graham,1
wishfully,1
subsequent,1
independent,1
miles,1
frisian,1
raised,1
molise,1
signs,1
welsh,1
reconditioned,1
context,1
papers,1
seminar,1
depends,1
system,1
documenting,1
unploughed,1
issue,1
side,1
chunk,1
takes,1
occasional,1
crystal,1
suspect,1
heaped,1
dr,1
plain,1
ostia,1
historians,1
misunderstood,1
encouraging,1
kingshill,1
custom,1
vol,1
replacement,1
welcome,1
capable,1
outlying,1
machinery,1
sixteenth,1
activity,1
fortresses,1
establishing,1
foreigners,1
bibliography,1
splendid,1
occupy,1
obvious,1
hawkes,1
stratigraphy,1
taking,1
supply,1
consequent,1
owners,1
horticultural,1
keeps,1
beneath,1
slack,1
collection,1
sign,1
controlled,1
abrasion,1
succeed,1
acres,1
thus,1
throughout,1
royal,1
review,1
collapse,1
cicero,1
cemeteries,1
surely,1
passing,1
villagebased,1
influx,1
haut,1
explained,1
water,1
development,1
quality,1
accommodation,1
unsuccessful,1
inflation,1
against,1
continuance,1
invaders,1
group,1
danube,1
interest,1
trench,1
concentrations,1
bone,1
metalwork,1
expected,1
affairs,1
turn,1
candidates,1
wendy,1
inserted,1
nor,1
self,1
urbanization,1
underlying,1
archaeol,1
blank,1
qualms,1
philhellenes,1
profound,1
body,1
smallholders,1
speed,1
hopefully,1
inclusion,1
young,1
fate,1
allowing,1
compared,1
applying,1
left,1
unchanged,1
continuous,1
stratigraphists,1
thin,1
compare,1
profit,1
helpful,1
irresistible,1
weight,1
stimulating,1
journal,1
forbear,1
operative,1
demonstrably,1
conceded,1
shall,1
insisted,1
grasp,1
kept,1
delineated,1
higher,1
aim,1
failed,1
behave,1
dignitaries,1
gaining,1
cuthbert,1
high,1
erotic,1
manipulated,1
indecision,1
exact,1
apollinaris,1
cleaned,1
essence,1
sort,1
museum,1
basic,1
easter,1
stumbling,1
violence,1
heresy,1
revenues,1
shamelessly,1
specialism,1
undistinguished,1
dealt,1
outward,1
persistent,1
legal,1
thing,1
grew,1
fittings,1
leave,1
strange,1
disintegration,1
matched,1
study,1
enabled,1
offering,1
lay,1
feel,1
essentials,1
metres,1
moves,1
shell,1
support,1
reason,1
lives,1
gallant,1
insistence,1
applied,1
parts,1
marks,1
university,1
organization,1
river,1
literary,1
emergence,1
latin,1
amid,1
proved,1
sum,1
elsewhere,1
fortifications,1
air,1
numbers,1
gradually,1
too,1
upper,1
solid,1
largescale,1
notitia,1
leicester,1
misconceptions,1
commonly,1
riverside,1
commented,1
prima,1
shorter,1
dept,1
follow,1
definite,1
severan,1
overcame,1
helped,1
metal,1
microcosm,1
decades,1
view,1
stately,1
disappeared,1
shortcircuited,1
thinks,1
greater,1
residuality,1
fitted,1
antiquaries,1
lead,1
pursuits,1
arrival,1
allow,1
blamed,1
declined,1
route,1
unorganized,1
appearance,1
fortunes,1
opposing,1
difficulty,1
search,1
changed,1
international,1
fishbourne,1
insisting,1
term,1
marcellinus,1
density,1
acknowledgements,1
gaul,1
cyrenaica,1
equally,1
supervisors,1
wales,1
blow,1
cuts,1
block,1
photography,1
setting,1
inches,1
intensity,1
revive,1
suffered,1
castra,1
younger,1
monograph,1
grounds,1
safe,1
breathing,1
refuge,1
absolute,1
explain,1
necessities,1
revived,1
scene,1
eliminate,1
wants,1
sparse,1
criteria,1
failure,1
findspots,1
none,1
transfusion,1
future,1
closed,1
literature,1
formerly,1
overlying,1
bc,1
obscure,1
gritted,1
imports,1
role,1
start,1
tops,1
comprises,1
refiners,1
clean,1
concept,1
leads,1
tens,1
purpose,1
example,1
roxan,1
apparent,1
description,1
ten,1
dividing,1
erratically,1
editorial,1
demonstrates,1
partly,1
beginnings,1
falling,1
structures,1
thereafter,1
restituit,1
call,1
colchester,1
hampshire,1
favourite,1
status,1
miss,1
cruder,1
hidden,1
sink,1
count,1
refuse,1
rivet,1
t,1
monetary,1
earth,1
ringed,1
enclosures,1
officials,1
peopled,1
commerce,1
normally,1
caused,1
squatters,1
fulfilled,1
hard,1
diminish,1
reliable,1
dunning,1
next,1
grass,1
rarer,1
order,1
unquestioned,1
acted,1
emerging,1
repeated,1
involved,1
belt,1
troubles,1
calling,1
unpropitious,1
sufficient,1
ignore,1
indiscipline,1
concerns,1
comfort,1
rumour,1
twos,1
impossible,1
fashions,1
vein,1
occasions,1
visible,1
herculaneum,1
proper,1
using,1
value,1
grateful,1
finds,1
settle,1
geographical,1
objected,1
portchester,1
survived,1
settlers,1
chronological,1
faceted,1
collingwood,1
led,1
caracalla,1
matter,1
rchm,1
absence,1
chesterton,1
taken,1
britonist,1
concede,1
short,1
hassall,1
return,1
interiors,1
horrors,1
nearly,1
sumptuous,1
drops,1
respectable,1
exception,1
brings,1
poor,1
object,1
prove,1
says,1
technically,1
sending,1
whiteway,1
direction,1
stilicho,1
positive,1
guide,1
turmoil,1
interpretation,1
housing,1
fringe,1
push,1
security,1
makes,1
devotion,1
marginal,1
trent,1
ring,1
continuity,1
us,1
dictates,1
planned,1
positively,1
light,1
complete,1
memoires,1
keeping,1
teaching,1
ed,1
steve,1
department,1
aristotle,1
noted,1
rise,1
raids,1
longer,1
street,1
starting,1
fire,1
french,1
law,1
parsonage,1
waves,1
sidonius,1
death,1
missing,1
efforts,1
admit,1
valid,1
limit,1
pointer,1
scholars,1
pressure,1
stevens,1
diocletian,1
abstract,1
glories,1
reasoning,1
break,1
fallen,1
grows,1
glos,1
considerable,1
fashion,1
pattern,1
habit,1
roof,1
fragments,1
somme,1
devil,1
conclusions,1
outside,1
likelihood,1
finberg,1
ground,1
operating,1
devoted,1
purposes,1
superimposed,1
receives,1
seventeenth,1
britian,1
relevant,1
ditched,1
provisions,1
ports,1
necessary,1
origin,1
practice,1
appropriating,1
native,1
militated,1
tails,1
style,1
gives,1
bas,1
streets,1
explicitly,1
free,1
remarkably,1
dots,1
fled,1
thoroughly,1
hants,1
remained,1
civilized,1
remove,1
turf,1
another,1
original,1
recognizing,1
casual,1
divided,1
supplies,1
rulers,1
survive,1
lost,1
examples,1
reversed,1
bear,1
inexplicable,1
diocesan,1
excavators,1
scatter,1
progressively,1
looking,1
sufficiently,1
encouraged,1
eclipsed,1
curvilinear,1
entirely,1
carandini,1
confidence,1
food,1
causes,1
submitted,1
net,1
bitter,1
eligible,1
services,1
trust,1
radiocarbon,1
office,1
evolving,1
improvements,1
students,1
filth,1
attraction,1
ager,1
rejected,1
exports,1
crises,1
margaret,1
whoever,1
moral,1
fallacy,1
peripheral,1
virtues,1
safety,1
amounts,1
superstructure,1
held,1
keep,1
revised,1
belongs,1
vita,1
summer,1
plant,1
attribution,1
features,1
reconstructed,1
played,1
evolve,1
filled,1
unsettled,1
tuscany,1
anyone,1
misunderstanding,1
imagination,1
men,1
class,1
separatism,1
romaiue,1
commentators,1
parallel,1
feet,1
businesses,1
successors,1
wise,1
preston,1
exactly,1
structure,1
judgement,1
soc,1
greece,1
equivalent,1
northern,1
reverses,1
tendency,1
persuading,1
green,1
inferior,1
vain,1
attention,1
convincingly,1
canterbury,1
applies,1
separate,1
increasing,1
regained,1
boatloads,1
european,1
carried,1
depth,1
accepting,1
fifty,1
groupings,1
note,1
irregular,1
tentative,1
charters,1
fairly,1
continued,1
civitates,1
provide,1
bound,1
rough,1
favour,1
fewer,1
contrast,1
referred,1
exceptional,1
army,1
insist,1
collections,1
deposit,1
pleading,1
worse,1
remaining,1
length,1
barbarian,1
settled,1
successor,1
inspired,1
responsible,1
spared,1
construction,1
cease,1
agache,1
mysteriously,1
centres,1
types,1
fields,1
barbarians,1
instances,1
get,1
virgil,1
slip,1
thick,1
meant,1
integrum,1
matters,1
detail,1
photographs,1
suggestions,1
contained,1
stratigraphic,1
fifteen,1
associated,1
material,1
following,1
ahead,1
mercantile,1
extending,1
simply,1
farmed,1
beside,1
extension,1
monuments,1
sonia,1
friends,1
physical,1
palace,1
membership,1
aspire,1
sherds,1
sums,1
roskams,1
natural,1
continental,1
dominated,1
extant,1
dismay,1
sure,1
amiens,1
extraction,1
interested,1
board,1
unknown,1
alexander,1
unenthusiastic,1
print,1
argue,1
wealthy,1
smug,1
post,1
mason,1
rely,1
benefit,1
aerial,1
cities,1
examining,1
tracts,1
past,1
anomalous,1
sailor,1
rural,1
living,1
destroyed,1
glory,1
turned,1
animal,1
knows,1
drop,1
augustine,1
purchase,1
ruins,1
hyperactive,1
owslebury,1
carefully,1
bristol,1
rubbishy,1
form,1
list,1
webster,1
hearths,1
cause,1
particular,1
nearby,1
add,1
maintain,1
proven,1
protective,1
leaving,1
extent,1
imperial,1
balance,1
information,1
reclamation,1
duo,1
des,1
felt,1
church,1
burden,1
tripolitania,1
persistently,1
pits,1
reported,1
attached,1
conclude,1
decisive,1
confirm,1
republic,1
topsoil,1
antiquaires,1
predecessors,1
subject,1
elizabethan,1
lies,1
cash,1
rash,1
went,1
securely,1
tender,1
discussion,1
pole,1
awayo,1
aspect,1
coming,1
frivolous,1
terminal,1
prepared,1
come,1
buying,1
producer,1
invested,1
breaks,1
commercial,1
argument,1
editor,1
frontiers,1
average,1
finding,1
contract,1
defence,1
course,1
contributed,1
grown,1
include,1
typically,1
citadel,1
range,1
davies,1
blueprint,1
undid,1
countrymen,1
you,1
piece,1
prosperity,1
playing,1
seeks,1
intact,1
programme,1
objections,1
extremely,1
fine,1
speak,1
archaic,1
diggers,1
profits,1
vi,1
offered,1
supported,1
spacious,1
deciding,1
ninth,1
plethora,1
tribes,1
fellows,1
succeeded,1
carthage,1
rkp,1
digging,1
irrelevant,1
enterprise,1
dark,1
exclusively,1
import,1
valley,1
persuaded,1
given,1
welland,1
abandoned,1
fellowship,1
strong,1
among,1
ss,1
doing,1
termed,1
close,1
draft,1
