WORDCOUNTS,WEIGHT
the,850
of,452
and,265
in,210
to,188
a,144
were,111
graves,102
was,96
as,86
i,85
be,80
is,58
with,57
minster,57
this,57
area,57
from,52
by,52
old,48
cemetery,47
at,46
have,46
that,44
not,43
excavation,43
for,43
it,41
been,41
on,41
or,39
church,38
grave,38
had,36
but,36
which,35
north,35
an,34
burial,32
child,31
trench,28
chalk,26
construction,26
west,26
generations,25
adult,25
new,25
medieval,24
one,24
end,24
would,23
male,22
about,22
these,22
graveyard,21
only,21
cathedral,21
areas,20
east,20
use,20
winchester,19
are,19
years,19
female,18
interpretation,18
two,18
first,18
children,18
probably,18
generation,18
later,17
seen,17
burials,17
into,17
no,17
all,17
uncertain,17
century,17
if,16
sections,16
m,16
there,16
none,16
some,16
its,16
c,16
than,16
south,15
could,15
foundation,15
eastern,15
earth,15
between,15
site,14
nave,14
xxix,14
more,14
cut,14
tenth,14
possible,14
part,14
can,14
before,13
adults,13
time,13
very,13
earlier,13
when,13
building,13
where,12
they,12
their,12
might,12
found,12
within,12
excavated,12
outside,12
wing,11
after,11
following,11
double,11
wall,11
out,11
birthe,11
problems,11
during,11
around,11
st,11
walls,11
may,10
five,10
then,10
also,10
each,10
other,10
inside,10
information,10
three,10
cist,9
too,9
because,9
both,9
apart,9
additions,9
excavations,9
so,9
cists,9
rather,8
lay,8
over,8
planned,8
number,8
side,8
bones,8
understanding,8
paradise,8
being,8
layers,8
individual,8
period,8
early,8
immediately,8
difficult,7
now,7
io,7
plans,7
has,7
any,7
long,7
plan,7
dates,7
bodies,7
place,7
although,7
until,7
such,7
large,7
life,7
pits,7
evidence,7
belonged,6
formed,6
stratigraphic,6
total,6
taken,6
important,6
many,6
twenty,6
apse,6
same,6
covered,6
less,6
perhaps,6
almost,6
work,6
sides,6
four,6
journal,6
partly,6
since,6
approach,6
spread,6
late,6
chapel,6
spreads,6
relation,6
third,6
those,6
much,6
we,6
built,6
final,5
way,5
dug,5
associated,5
completely,5
drawings,5
western,5
section,5
most,5
contained,5
sequence,5
antiquaries,5
continued,5
roman,5
here,5
charcoal,5
result,5
limit,5
did,5
report,5
layer,5
interim,5
date,5
further,5
limited,5
coffins,5
cuts,5
will,5
placed,5
required,5
method,5
well,5
another,5
drawn,5
away,5
described,5
average,5
either,5
least,5
small,5
especially,5
few,5
often,5
fourth,5
research,5
even,5
should,5
ninth,5
survived,4
seems,4
second,4
various,4
figure,4
identified,4
short,4
e,4
examined,4
extra,4
analysis,4
table,4
demolished,4
fair,4
demolition,4
normans,4
boundary,4
w,4
n,4
robbing,4
followed,4
numbered,4
interval,4
drawing,4
addition,4
added,4
complete,4
stratigraphy,4
took,4
particularly,4
carefully,4
form,4
foundations,4
r,4
used,4
planning,4
completed,4
upon,4
became,4
related,4
chalice,4
thus,4
archaeological,4
relatively,4
porticus,4
sometimes,4
relationship,4
summary,4
close,4
removed,4
eighth,4
left,4
deposits,4
norman,4
little,4
seventh,3
therefore,3
ii,3
reduced,3
cleaned,3
how,3
overall,3
reasonable,3
still,3
totally,3
dealt,3
remaining,3
importance,3
group,3
parts,3
phasing,3
whole,3
identify,3
approaches,3
skeleton,3
possibly,3
laid,3
unite,3
limits,3
allotted,3
nw,3
upper,3
belonging,3
already,3
cutting,3
under,3
charnel,3
t,3
pick,3
constructed,3
robbed,3
useful,3
baulks,3
available,3
tomb,3
closely,3
came,3
atrium,3
seem,3
problem,3
larger,3
twelfth,3
iron,3
simple,3
never,3
latest,3
plate,3
situ,3
present,3
outlines,3
investigation,3
indirect,3
boxed,3
material,3
however,3
recognized,3
extent,3
near,3
thick,3
opened,3
ideal,3
marked,3
elevations,3
middle,3
solely,3
vital,3
must,3
careful,3
slabs,3
x,3
ot,3
skeletal,3
ten,3
original,3
records,3
exposed,3
structures,3
showing,3
development,3
do,3
weeks,3
discussed,3
stratification,3
lifted,3
good,3
solution,3
mixed,3
trenches,3
provided,3
features,3
shortly,3
sixty,3
distinct,3
mistakes,3
soil,3
architectural,3
temporary,3
known,3
single,3
started,3
th,3
beginning,3
structure,3
up,3
results,3
relative,3
labelled,3
subsequently,2
means,2
depth,2
does,2
stage,2
world,2
xxx,2
excavate,2
topography,2
mostly,2
minor,2
frequent,2
floor,2
exact,2
seventeen,2
his,2
aim,2
consecrated,2
main,2
indeed,2
impressive,2
collection,2
wings,2
square,2
cells,2
vertical,2
reference,2
becomes,2
alone,2
crypts,2
mortar,2
entirely,2
b,2
likewise,2
length,2
direct,2
ix,2
special,2
positive,2
likely,2
itself,2
yet,2
types,2
centuries,2
tower,2
undisturbed,2
monumental,2
monolithic,2
fifth,2
policy,2
position,2
necessarily,2
history,2
individually,2
presumably,2
proved,2
elsewhere,2
numbers,2
traces,2
intervened,2
frequently,2
archaeology,2
circumstances,2
age,2
different,2
show,2
surface,2
independent,2
elaborate,2
plates,2
certainly,2
phased,2
counted,2
give,2
sequences,2
indicated,2
quickly,2
attempt,2
paper,2
wooden,2
damaged,2
principles,2
location,2
interred,2
allow,2
gone,2
stratigraphically,2
belong,2
lain,2
together,2
straightforward,2
great,2
constructions,2
rarely,2
disturbed,2
effort,2
shovel,2
basically,2
speculation,2
surfaces,2
procedure,2
d,2
bm,2
detail,2
pit,2
record,2
above,2
ideally,2
cemeteries,2
density,2
ditch,2
fagade,2
eleventh,2
buried,2
swithun,2
sheet,2
belongs,2
them,2
whether,2
majority,2
priorities,2
case,2
scale,2
thin,2
necessary,2
baulk,2
photographed,2
forum,2
deep,2
assumed,2
rest,2
recorded,2
directly,2
gained,2
demonstrated,2
identification,2
sixteenth,2
skeletons,2
investigated,2
outline,2
last,2
preserved,2
clear,2
future,2
combination,2
point,2
except,2
including,2
far,2
example,2
sixth,2
looking,2
bottom,2
goes,2
along,2
test,2
description,2
anatomical,2
bigger,2
virtually,2
isolated,2
questions,2
central,2
nothing,2
coffin,2
radiocarbon,2
floors,2
shown,2
recording,2
marking,2
precise,2
intact,2
minimum,2
course,2
normally,2
correct,2
like,2
thirteenth,2
seventhcentury,2
below,2
need,2
buildings,2
smaller,2
given,2
lie,2
turn,2
black,2
measured,2
campaign,2
assize,2
unarticulated,2
furnishing,2
separately,2
body,2
suggested,2
become,2
mainly,2
dedicated,2
always,2
visible,2
through,2
working,2
northern,2
uninterrupted,2
strong,2
stone,2
value,2
quarter,2
hardly,2
asked,2
once,2
massive,2
digging,2
error,2
dean,2
separate,2
next,2
thorough,2
admirably,1
increasing,1
using,1
distribution,1
phases,1
enough,1
go,1
uncommon,1
somewhat,1
confined,1
suggestion,1
twelve,1
cope,1
film,1
lo,1
authority,1
preceeding,1
currently,1
produces,1
approximate,1
cesspit,1
situation,1
done,1
arrangement,1
transforming,1
sufficiently,1
whose,1
aussenkrypta,1
cover,1
cenwalh,1
irregular,1
complex,1
aged,1
excessively,1
horizontal,1
architecture,1
estimated,1
fairly,1
act,1
carried,1
bring,1
usually,1
cent,1
stood,1
neonate,1
concentrated,1
correlations,1
inevitably,1
mledieval,1
isolation,1
adlt,1
increase,1
superimposed,1
sure,1
top,1
begin,1
surviving,1
surfaced,1
extreme,1
lines,1
attitude,1
account,1
stopped,1
levels,1
islands,1
plastic,1
memorial,1
operation,1
exception,1
connection,1
guess,1
di,1
who,1
capella,1
fafade,1
whatever,1
adopted,1
progressively,1
detailed,1
reconstruction,1
considerably,1
arm,1
force,1
make,1
notably,1
manuscript,1
distributed,1
apses,1
everywhere,1
specific,1
thirteen,1
standing,1
via,1
wind,1
becoming,1
reflection,1
robbertrenches,1
southern,1
underlines,1
decisions,1
compromises,1
pertinent,1
containing,1
difference,1
structural,1
leaves,1
methods,1
spite,1
remainder,1
encapsulated,1
white,1
unknown,1
vast,1
guide,1
mortality,1
sheds,1
evenly,1
calculate,1
space,1
metres,1
brothwell,1
happened,1
supposed,1
composed,1
flat,1
kitchin,1
brought,1
extremely,1
say,1
exceptional,1
modified,1
references,1
pressing,1
fifteenth,1
club,1
pressures,1
sixties,1
millimetre,1
planner,1
association,1
relationships,1
thought,1
superimposition,1
soon,1
centring,1
immensely,1
tombs,1
photographs,1
rises,1
seeing,1
require,1
former,1
deduced,1
door,1
exposure,1
biddle,1
supervised,1
trace,1
ne,1
transept,1
committee,1
established,1
direction,1
intensive,1
organized,1
occurred,1
spent,1
raison,1
dated,1
general,1
equations,1
monument,1
instance,1
ioo,1
our,1
practice,1
nineteenth,1
considered,1
intervals,1
furthest,1
levelled,1
articulated,1
foetus,1
accordance,1
barely,1
mentioned,1
unstratified,1
inspiration,1
reasonably,1
gravelly,1
underlying,1
founded,1
footing,1
scraps,1
discovered,1
beginnings,1
extensive,1
volunteers,1
principal,1
lower,1
wherever,1
said,1
tried,1
fitted,1
additional,1
adjacent,1
comes,1
sealed,1
orange,1
beyond,1
coutrts,1
satisfactory,1
appeared,1
bishops,1
generally,1
humble,1
explicable,1
corrections,1
street,1
every,1
letting,1
actually,1
provide,1
caroline,1
intensely,1
starting,1
hygenically,1
undertaken,1
victorian,1
acquired,1
human,1
signs,1
flanked,1
shrine,1
set,1
continues,1
originally,1
lot,1
interruption,1
similar,1
spend,1
seven,1
forty,1
provisional,1
know,1
providing,1
sanctity,1
season,1
view,1
highest,1
apsidal,1
actual,1
anywhere,1
worked,1
cessation,1
incomplete,1
emerged,1
numoer,1
excavator,1
taking,1
hopefully,1
j,1
nature,1
dismantled,1
inherently,1
worth,1
prehistoric,1
towards,1
packed,1
went,1
regrettable,1
invariable,1
immense,1
lookine,1
s,1
cd,1
included,1
best,1
blocks,1
scrolled,1
relates,1
broken,1
copyright,1
exceptionally,1
totals,1
superimpositions,1
pressure,1
half,1
abstract,1
thank,1
extended,1
discrete,1
unobtrusive,1
coloured,1
moments,1
trowelling,1
rule,1
true,1
deal,1
able,1
demands,1
clearly,1
ort,1
uncovered,1
remain,1
contemporary,1
substantially,1
allocated,1
build,1
unravelled,1
considerable,1
subsequent,1
warmly,1
help,1
approximation,1
achieved,1
decomposition,1
removal,1
representative,1
allot,1
pathological,1
ages,1
gwa,1
better,1
places,1
concrete,1
state,1
priest,1
centitre,1
stand,1
learn,1
ground,1
traced,1
pointing,1
normal,1
supervisors,1
complicated,1
blow,1
discussing,1
essentially,1
accurate,1
tne,1
bh,1
proceedings,1
appearing,1
validity,1
lead,1
combined,1
accepted,1
changed,1
relevant,1
terms,1
population,1
ad,1
persons,1
pads,1
answer,1
accounts,1
spot,1
underpinning,1
nearer,1
supports,1
acknowledged,1
otherwise,1
existence,1
rich,1
rebuilding,1
plaster,1
chronologically,1
axis,1
guidance,1
project,1
llj,1
leaving,1
interlude,1
ink,1
money,1
achievement,1
illustrated,1
anglosaxon,1
primary,1
wood,1
free,1
me,1
acknowledgements,1
draw,1
transparent,1
identifiable,1
right,1
reopening,1
insured,1
remained,1
studied,1
sites,1
indirectly,1
turf,1
specifically,1
sharply,1
figs,1
local,1
fastened,1
having,1
venerated,1
minimal,1
quirk,1
occupying,1
trial,1
basis,1
invisible,1
incorporated,1
receive,1
reckoning,1
data,1
contain,1
infant,1
size,1
discussion,1
certain,1
chp,1
tr,1
slight,1
finished,1
translated,1
intense,1
bounded,1
obviously,1
northampton,1
nj,1
positioned,1
made,1
situations,1
width,1
range,1
eighteenth,1
carry,1
leisure,1
nine,1
distinguish,1
altered,1
greensand,1
care,1
heavily,1
quadrants,1
occupants,1
cleaning,1
enhanced,1
altogether,1
previously,1
greatest,1
klkindation,1
disturbances,1
knowledge,1
merge,1
alternatives,1
increased,1
permission,1
court,1
minister,1
excavating,1
leftward,1
experience,1
succession,1
lies,1
churches,1
simply,1
sixteen,1
controlling,1
processed,1
beneath,1
hidden,1
year,1
misinterpreted,1
angle,1
gave,1
unit,1
continuance,1
largely,1
clarified,1
westwork,1
overlaps,1
ironwork,1
divided,1
conditions,1
broad,1
singled,1
typical,1
campaigns,1
princely,1
metre,1
us,1
progress,1
exist,1
comprehend,1
fiure,1
repeatedly,1
amalgamated,1
regarding,1
discontinued,1
overlying,1
interments,1
quite,1
varied,1
tentatively,1
examination,1
throughout,1
chosen,1
full,1
question,1
interupt,1
shoring,1
invested,1
hampshire,1
employed,1
advantages,1
ltate,1
dating,1
integral,1
erection,1
fourteenth,1
accuracy,1
rightward,1
contrasted,1
rubbed,1
attraction,1
gently,1
smallest,1
immediate,1
objective,1
low,1
fact,1
open,1
implied,1
purpose,1
deals,1
my,1
observed,1
corner,1
interior,1
lying,1
peaks,1
reality,1
twentieth,1
count,1
desirable,1
tables,1
helen,1
realized,1
bounds,1
sexed,1
unpublished,1
g,1
recognizable,1
feature,1
interest,1
stributed,1
faces,1
am,1
clay,1
ploughing,1
times,1
grown,1
volume,1
strict,1
allowed,1
composite,1
dense,1
field,1
fill,1
lithic,1
summer,1
speed,1
convention,1
theoretically,1
simpler,1
straight,1
unequalled,1
protruding,1
excuse,1
extensively,1
expected,1
regular,1
finds,1
distinction,1
you,1
unravelling,1
stages,1
natural,1
kind,1
order,1
defined,1
contrast,1
forming,1
toundatlon,1
centred,1
down,1
rank,1
standard,1
accustomed,1
valid,1
martin,1
decided,1
typology,1
maintaining,1
involved,1
latter,1
speculative,1
repeated,1
british,1
skull,1
enclosed,1
permitted,1
several,1
margin,1
began,1
severed,1
sufficient,1
feeling,1
stratified,1
amount,1
internal,1
fig,1
requires,1
confirmed,1
distinctions,1
dr,1
feet,1
sporadic,1
museum,1
formulated,1
emphasized,1
greatly,1
respectively,1
bone,1
spit,1
intervening,1
exactly,1
twice,1
xxxiii,1
impossible,1
unites,1
external,1
estimate,1
miracles,1
partial,1
annual,1
paten,1
extracted,1
documentary,1
seal,1
dependent,1
uld,1
nails,1
look,1
prime,1
figures,1
staff,1
uncertainties,1
among,1
saw,1
whenever,1
deeply,1
destruction,1
notes,1
simplistic,1
appropriate,1
grateful,1
fou,1
successive,1
modifications,1
nailed,1
indicating,1
footings,1
showed,1
rubble,1
represent,1
unaltered,1
compromise,1
modica,1
division,1
major,1
skulls,1
seemed,1
typing,1
sample,1
stippled,1
society,1
especial,1
kept,1
hypothesis,1
