WORDCOUNTS,WEIGHT
the,308
of,274
in,246
and,223
to,157
sexual,143
a,103
for,94
that,81
is,75
female,60
are,59
sex,57
as,55
behaviour,52
homosexual,50
which,50
this,45
these,43
japanese,42
on,41
they,40
their,38
it,37
females,37
by,37
with,35
from,33
have,33
be,32
partners,31
relations,31
intimate,31
macaques,30
reproductive,30
or,29
not,29
some,28
prehistory,27
an,27
human,25
been,25
i,24
pleasure,23
our,23
one,22
competition,22
new,22
male,22
other,21
behaviours,21
engage,20
mate,20
vasey,20
consort,20
many,18
were,18
pp,17
social,17
evolution,17
often,17
has,17
consortships,16
such,16
university,16
was,16
can,16
press,16
between,16
during,15
selection,15
mounting,14
my,14
about,14
more,14
even,13
than,13
no,13
but,13
theory,13
among,13
reproduction,12
relationships,12
when,12
prehistorians,12
heterosexual,12
would,12
role,12
l,11
because,11
choice,11
adaptive,11
any,11
while,11
fertile,10
j,10
context,10
support,10
most,10
research,10
al,10
paul,10
figures,10
archaeology,10
each,10
past,10
evidence,10
women,9
individuals,9
functional,9
against,9
et,9
offspring,9
only,9
also,9
never,9
do,9
understanding,9
we,9
males,9
her,9
at,8
into,8
within,8
men,8
journal,8
how,8
could,8
mates,8
he,8
paired,8
use,8
engaged,8
after,8
them,8
c,8
phallic,7
group,7
studies,7
nature,7
there,7
may,7
b,7
frequently,7
care,7
access,7
will,7
motivated,7
see,7
described,7
primate,7
primates,7
simply,7
argue,7
both,7
approach,7
sexuality,7
should,7
point,6
aggression,6
adaptationist,6
well,6
basis,6
part,6
alliance,6
suggest,6
sexually,6
time,6
species,6
gouzoules,6
provide,6
success,6
mounts,6
wolfe,6
very,6
explanations,6
what,6
form,6
focus,6
mounted,5
h,5
being,5
might,5
all,5
those,5
less,5
pl,5
throughout,5
review,5
de,5
goy,5
certain,5
study,5
suggested,5
facilitate,5
cultural,5
data,5
used,5
its,5
intrusions,5
interactions,5
erect,5
competitors,5
material,5
another,5
numerous,5
figure,5
existed,5
over,5
consorting,5
alloparental,5
researchers,5
presented,5
assumptions,5
homosexuality,5
although,5
themselves,5
if,4
macaque,4
hominid,4
various,4
archaeologists,4
exclusive,4
thank,4
potentially,4
sahaykwisa,4
system,4
theoretical,4
activity,4
solely,4
resources,4
ritual,4
behavior,4
attract,4
framework,4
central,4
montreal,4
sapiens,4
competitor,4
nor,4
body,4
served,4
alliances,4
commonly,4
dominant,4
important,4
drawing,4
engraved,4
cannot,4
artefacts,4
r,4
concept,4
solicitations,4
reconstructing,4
t,4
bodies,4
ancestors,4
up,4
monkeys,4
absence,4
functions,4
discussions,4
culture,4
same,4
two,4
rock,4
fact,4
man,4
forms,4
immature,4
compete,4
expression,4
express,4
so,4
function,4
mount,4
stimulation,4
dominance,4
try,4
then,4
symbolic,4
physical,4
alternative,4
parental,4
did,4
subordinate,4
animal,4
suggests,4
through,4
formation,4
observed,4
d,4
colleagues,4
carole,4
signals,4
occur,4
does,3
formulated,3
e,3
alone,3
wickler,3
american,3
true,3
bullough,3
mignault,3
occurred,3
practices,3
experience,3
interests,3
ii,3
implications,3
addaura,3
seems,3
vl,3
erogenous,3
s,3
together,3
own,3
great,3
able,3
beds,3
mind,3
marshack,3
case,3
primary,3
discuss,3
gratification,3
possible,3
exist,3
thus,3
ethology,3
palaeolithic,3
cases,3
young,3
fedigan,3
influence,3
competitive,3
grimaldi,3
his,3
homo,3
aggressive,3
basic,3
explicit,3
enacted,3
observations,3
origins,3
appear,3
whom,3
found,3
scenes,3
fisher,3
tools,3
biases,3
steele,3
photo,3
y,3
akan,3
purpose,3
routinely,3
status,3
around,3
always,3
pinkerton,3
am,3
international,3
make,3
biological,3
thought,3
marshall,3
gay,3
begins,3
goals,3
request,3
chapais,3
took,3
coercion,3
perhaps,3
woman,3
belief,3
explicitly,3
examples,3
made,3
food,3
assumption,3
variation,3
continue,3
attraction,3
archaeological,3
characterized,3
period,3
provides,3
exchange,3
lesbian,3
evolutionary,3
become,3
relation,3
plate,3
pottery,3
widely,3
increasing,3
assigned,3
relationship,3
usually,3
favour,3
who,3
ritualized,3
effectively,3
pleasurable,3
types,3
canada,3
exercised,3
mcdonald,3
indeterminate,3
must,3
demonstrate,3
dildoes,3
partner,3
paper,3
cultures,3
visiting,3
whether,3
w,3
upper,3
despite,3
models,3
range,3
provided,3
states,3
chicago,3
much,3
whenever,3
taylor,3
zones,3
reproductively,2
abramson,2
behavioural,2
f,2
universite,2
fbm,2
interventions,2
resulted,2
ultimate,2
coerce,2
village,2
large,2
bathe,2
formed,2
hindquarters,2
modern,2
ms,2
protection,2
western,2
consortship,2
sources,2
reconstructions,2
rivals,2
certainly,2
taken,2
humans,2
possibilities,2
tradition,2
histories,2
intersexual,2
origin,2
state,2
issue,2
existence,2
sociobiology,2
vol,2
richard,2
conceptual,2
above,2
yates,2
smuts,2
monkey,2
affiliation,2
representations,2
since,2
g,2
characteristic,2
clitoral,2
occurs,2
facet,2
jr,2
topic,2
expected,2
turn,2
speculative,2
perspective,2
back,2
holds,2
left,2
third,2
inseminate,2
wl,2
sodomy,2
genital,2
rw,2
absent,2
sort,2
notion,2
process,2
clitoris,2
approaches,2
eight,2
nonreproductive,2
similar,2
importance,2
procreative,2
departement,2
lives,2
maintaining,2
facilitated,2
larco,2
benefits,2
descent,2
biosocial,2
clearly,2
operate,2
neither,2
sandars,2
bb,2
thrust,2
had,2
result,2
rub,2
prehistoric,2
based,2
here,2
effort,2
deal,2
events,2
academic,2
traits,2
though,2
let,2
viewed,2
sticks,2
explain,2
wide,2
ld,2
scene,2
possibility,2
pr,2
received,2
tool,2
preferred,2
description,2
collective,2
incest,2
williams,2
personal,2
away,2
employed,2
sicily,2
interpreted,2
foci,2
depicting,2
bouts,2
order,2
several,2
sufficient,2
components,2
routine,2
pavelka,2
coast,2
wife,2
results,2
describes,2
notes,2
sj,2
society,2
periods,2
south,2
therefore,2
likely,2
reduced,2
matter,2
variety,2
contact,2
troop,2
identified,2
action,2
hwame,2
indeed,2
labeled,2
site,2
limited,2
play,2
positioned,2
reconstruction,2
grooming,2
once,2
depicted,2
oxford,2
yet,2
interpretation,2
incipient,2
quebec,2
evolved,2
under,2
bonobos,2
us,2
performed,2
garland,2
picture,2
estrous,2
stated,2
others,2
death,2
put,2
addition,2
shows,2
longer,2
idea,2
wg,2
abilities,2
mounters,2
debates,2
inherently,2
pattern,2
outside,2
physiological,2
present,2
where,2
moche,2
shown,2
strategies,2
books,2
routledge,2
number,2
remained,2
demonstrated,2
investment,2
sensory,2
rendered,2
preferential,2
including,2
yvonne,2
significant,2
engaging,2
academics,2
harvard,2
actual,2
requests,2
open,2
interpret,2
individual,2
methodological,2
direct,2
played,2
neutral,2
especially,2
acquire,2
captivity,2
la,2
hunt,2
parish,2
me,2
chances,2
note,2
chimpanzees,2
science,2
sometimes,2
testing,2
suggestive,2
lines,2
defined,2
becomes,2
seen,2
bohuslan,2
indicate,2
figurine,2
why,2
interpretive,2
exchanged,2
australopithecine,2
associated,2
conclusion,2
ever,2
notches,2
sweden,2
couples,2
know,2
natural,2
control,2
different,2
branches,2
ar,2
going,2
advances,2
merely,2
following,2
captive,2
avoidance,2
depicts,2
namely,2
ones,2
och,2
adaptation,2
lm,2
almost,2
scenarios,2
art,2
given,2
kin,2
nonhuman,2
duration,2
world,2
gain,2
question,2
wild,2
ultimately,2
unable,2
cambridge,2
mutual,2
paradigm,2
seduce,2
brain,2
prolonged,2
include,2
engraving,2
attempted,2
programme,2
pluralistic,2
shift,2
representational,2
modeling,2
huffman,2
assumed,2
early,2
little,2
seek,2
barter,2
doing,2
termed,2
close,2
hypothesis,2
deception,1
difficult,1
bernard,1
go,1
now,1
jjfigure,1
picard,1
stimuli,1
blinds,1
child,1
oriented,1
lovejoy,1
hb,1
discouraging,1
common,1
knowles,1
medieval,1
groups,1
created,1
commitment,1
represent,1
darwinism,1
spandrels,1
totally,1
introduction,1
manuscript,1
linguistic,1
buttocks,1
steeped,1
becoming,1
conflicts,1
arashiyama,1
envisioned,1
properly,1
enhance,1
insertion,1
second,1
live,1
motivation,1
fitness,1
completely,1
bias,1
easily,1
sophia,1
solicitation,1
noonday,1
satisfied,1
former,1
backs,1
position,1
cycles,1
explanatory,1
necessarily,1
allies,1
history,1
tickle,1
pascale,1
before,1
descriptions,1
diversity,1
amongst,1
intrasexual,1
came,1
first,1
member,1
chimui,1
anything,1
either,1
beneficial,1
marco,1
statuette,1
production,1
scientific,1
originally,1
give,1
attempts,1
motivations,1
season,1
represented,1
rare,1
beautiful,1
doig,1
editions,1
resemblance,1
shaped,1
prejudices,1
available,1
advantage,1
suggesting,1
desire,1
simple,1
careers,1
knight,1
follows,1
forage,1
verbal,1
proves,1
thanks,1
onto,1
fe,1
products,1
real,1
yearbook,1
nevertheless,1
help,1
achieved,1
feature,1
huddle,1
vegetation,1
nm,1
clitorises,1
murray,1
emphasized,1
raised,1
fieldstudy,1
hostile,1
superficially,1
vagina,1
threshold,1
rg,1
el,1
seminar,1
giteborgs,1
preventing,1
teasing,1
linear,1
attacked,1
spasms,1
abnormality,1
draws,1
motion,1
america,1
draw,1
motivating,1
nepotism,1
account,1
indirectly,1
quantities,1
watanabe,1
development,1
prior,1
marked,1
illustrate,1
sumatran,1
characterize,1
vaguely,1
establishing,1
petroglyph,1
bisexual,1
occupy,1
obvious,1
medical,1
matriarch,1
regards,1
far,1
tooby,1
cited,1
genetic,1
apply,1
combatant,1
undoubtedly,1
moralizing,1
masks,1
corresponding,1
avenues,1
lewontin,1
goal,1
divorced,1
royal,1
comments,1
differential,1
targeting,1
reverse,1
explained,1
dildo,1
church,1
scarce,1
eo,1
peacemaking,1
te,1
mating,1
heightened,1
sceptres,1
application,1
overt,1
unwilling,1
z,1
exercise,1
faculte,1
transitional,1
rank,1
gl,1
inserted,1
offenders,1
elements,1
parker,1
intercourse,1
profound,1
marriage,1
response,1
rhesus,1
quill,1
procreate,1
extraordinary,1
waal,1
allowing,1
lineage,1
twice,1
truly,1
formulate,1
mohave,1
explore,1
landmark,1
drawn,1
sin,1
reasoned,1
critique,1
gaze,1
demonstration,1
general,1
hardly,1
react,1
grasp,1
ado,1
jean,1
failed,1
surprisingly,1
civilization,1
gauthier,1
definitively,1
simultaneously,1
erotic,1
york,1
without,1
privilege,1
etudes,1
sessions,1
communicate,1
drape,1
developed,1
adds,1
proceedings,1
en,1
lasting,1
precluded,1
active,1
parents,1
probability,1
earlier,1
delporte,1
nipples,1
gesture,1
leave,1
wc,1
parts,1
contributions,1
dialogue,1
special,1
envision,1
jeopardize,1
jm,1
mcnaron,1
illustrations,1
batonlike,1
reassess,1
homophobia,1
animals,1
consequences,1
factors,1
mediate,1
primatology,1
gathering,1
rife,1
pawsey,1
acquisition,1
old,1
possibly,1
flexibility,1
objects,1
organization,1
poisoned,1
image,1
mounter,1
emergence,1
presumably,1
greenberg,1
proposed,1
dislodge,1
libido,1
days,1
spirit,1
constrain,1
imitation,1
wienrich,1
enhancement,1
argued,1
threat,1
prevent,1
suspend,1
age,1
orientation,1
four,1
resorted,1
motivates,1
experienced,1
powerful,1
follow,1
superieur,1
peru,1
isolation,1
followed,1
discomfort,1
biasing,1
helped,1
m,1
projected,1
providing,1
loophole,1
textured,1
view,1
tradable,1
perceive,1
unnecessary,1
artistic,1
whereas,1
expressed,1
uses,1
incomplete,1
priori,1
cd,1
sexy,1
allow,1
menstruation,1
lowland,1
societies,1
meyerowitz,1
soliciting,1
rl,1
pygmaeus,1
hands,1
traditionally,1
sd,1
attack,1
embracing,1
centers,1
patrick,1
out,1
ridicule,1
shared,1
granddaughters,1
disingenuous,1
diet,1
forleo,1
coalitions,1
chivers,1
term,1
punishment,1
reviews,1
keywords,1
devoid,1
panglossian,1
trivers,1
applied,1
purchased,1
ventralventral,1
however,1
tension,1
your,1
vehicles,1
andre,1
depictions,1
expressions,1
acknowledgements,1
briefly,1
technical,1
aspects,1
distinguishes,1
kathryn,1
shape,1
none,1
having,1
invisible,1
future,1
line,1
minute,1
pers,1
lure,1
intense,1
kauffmann,1
conjured,1
ideal,1
repetition,1
claim,1
rc,1
prompted,1
psychological,1
london,1
watts,1
symbolism,1
related,1
thoughts,1
experiencing,1
oestrus,1
year,1
realm,1
phylogenetic,1
older,1
fail,1
place,1
refined,1
northwest,1
tah,1
cynocephalus,1
actually,1
participated,1
binding,1
surrounding,1
desexualized,1
sexism,1
fieldwork,1
resort,1
alan,1
urethra,1
lips,1
escalated,1
encounters,1
manipulation,1
unmarried,1
glans,1
excavated,1
legacy,1
least,1
sense,1
hang,1
level,1
field,1
uninterrupted,1
diminish,1
fostered,1
things,1
tested,1
indicators,1
prehistorique,1
peruvian,1
contrast,1
stimulated,1
berg,1
small,1
underscore,1
leaves,1
copulatory,1
eleven,1
pregnant,1
highly,1
choose,1
leather,1
temporary,1
invoke,1
presence,1
observe,1
vacuum,1
texas,1
impossible,1
hermaphrodite,1
prerogatives,1
descendants,1
beacon,1
proper,1
using,1
correspondence,1
distinguishing,1
roots,1
plausible,1
structured,1
diminished,1
value,1
grateful,1
finds,1
deviating,1
valuable,1
questioning,1
favoured,1
digging,1
avoid,1
pearson,1
confined,1
san,1
noteworthy,1
zihlman,1
excludes,1
myriad,1
vaginal,1
kompaktos,1
contingent,1
synchronized,1
populations,1
synthesis,1
service,1
comparative,1
manipulate,1
procreation,1
bonobo,1
object,1
orangutan,1
still,1
veenman,1
ice,1
targeted,1
longitudinal,1
aldine,1
paint,1
southern,1
sensation,1
strategic,1
ask,1
colmenares,1
fighting,1
percentage,1
hominids,1
confronting,1
thrusting,1
outlets,1
compartmentalizes,1
examined,1
ensures,1
happened,1
serve,1
precolumbian,1
counterparts,1
east,1
antler,1
guerra,1
quarrel,1
processing,1
included,1
initiation,1
publishing,1
assistance,1
amazon,1
keeping,1
skin,1
ethnographic,1
outlined,1
indian,1
largest,1
rape,1
tanner,1
gg,1
visitors,1
indians,1
touching,1
speaking,1
frameworks,1
penis,1
functioned,1
unifying,1
avoided,1
useful,1
chose,1
subjective,1
slapping,1
misnomer,1
reach,1
imaginations,1
seduced,1
book,1
reiterating,1
challenge,1
power,1
relatedness,1
stating,1
intraspecific,1
towards,1
demographic,1
prometheus,1
seconds,1
consideration,1
stories,1
forming,1
utans,1
head,1
scholars,1
stimulus,1
occurrence,1
fearing,1
striking,1
foods,1
sleep,1
appeared,1
afraid,1
abstract,1
attempting,1
regulation,1
deems,1
pretty,1
remarked,1
reasoning,1
really,1
oneself,1
larger,1
isolate,1
diverse,1
surfaces,1
arrowor,1
mw,1
lianas,1
aggressed,1
pairing,1
discussed,1
anne,1
depict,1
patterns,1
fits,1
drinking,1
antiguo,1
learn,1
begin,1
actor,1
manner,1
purposes,1
oregon,1
soften,1
heavily,1
tell,1
forth,1
dance,1
castration,1
necessary,1
gender,1
deep,1
groom,1
socialization,1
tails,1
reconciled,1
stigmatize,1
lunar,1
obsession,1
comportamiento,1
casting,1
raped,1
argues,1
interpreting,1
local,1
week,1
emanating,1
jd,1
bond,1
exhibit,1
neatly,1
intent,1
considering,1
organisms,1
accompanying,1
ambush,1
luxuriated,1
bear,1
limitations,1
region,1
exogamy,1
increase,1
grandmothers,1
anathema,1
herself,1
expand,1
wonder,1
top,1
tenets,1
hypotheses,1
operated,1
virtually,1
risch,1
returned,1
congress,1
ideas,1
resulting,1
russon,1
processes,1
assign,1
trend,1
hoc,1
hour,1
nothing,1
uss,1
sicotte,1
primatologists,1
california,1
intimacy,1
lessened,1
exceedingly,1
affiliative,1
significance,1
baboons,1
clear,1
notations,1
truths,1
exclusion,1
nserc,1
emphasizing,1
publication,1
mt,1
points,1
essay,1
co,1
postural,1
held,1
keep,1
unmercifully,1
plant,1
analysing,1
distinction,1
linking,1
stages,1
maximize,1
mammals,1
accurate,1
believing,1
abundant,1
thomas,1
latter,1
ap,1
institutionalized,1
accouterments,1
facing,1
behind,1
elaborate,1
eyes,1
sigma,1
sorenson,1
narrow,1
overcome,1
examine,1
anderson,1
james,1
consecutive,1
implication,1
preand,1
decoupled,1
adaptations,1
versus,1
sole,1
competed,1
concluded,1
uncritical,1
limiting,1
space,1
alpha,1
ethologists,1
suggestion,1
hoyle,1
penguin,1
disregards,1
raison,1
raise,1
independent,1
quo,1
linda,1
variously,1
willingly,1
vision,1
bound,1
pieces,1
imperatives,1
leslie,1
ordinary,1
derive,1
referred,1
dimensions,1
abnormal,1
transformed,1
interfere,1
strongly,1
yale,1
distorting,1
contribution,1
excited,1
reservations,1
whereby,1
paradigmatic,1
fitnessenhancing,1
life,1
responsible,1
dans,1
bielert,1
construction,1
analysis,1
blood,1
michael,1
surprising,1
lip,1
wives,1
supporting,1
itself,1
intrude,1
earliest,1
interacts,1
considered,1
sexes,1
rarely,1
practice,1
believed,1
lessons,1
series,1
comparison,1
peoples,1
nervous,1
reformulation,1
mutilations,1
geographic,1
known,1
les,1
temporal,1
darwin,1
few,1
maladaptive,1
temple,1
funding,1
leitmotif,1
dj,1
cover,1
objectively,1
darwinian,1
defining,1
unavailable,1
anthropology,1
cm,1
faulty,1
inclined,1
interested,1
deceive,1
ivory,1
best,1
accommodate,1
straightforward,1
post,1
eventually,1
grosz,1
particularly,1
linked,1
greetings,1
devore,1
indisputably,1
just,1
edition,1
better,1
evident,1
defend,1
warnings,1
virtual,1
ruse,1
unlikely,1
reproduce,1
strained,1
transmitted,1
reactions,1
terms,1
primatological,1
selected,1
references,1
da,1
want,1
necrophilia,1
coerced,1
maintain,1
mere,1
lengths,1
homosexually,1
temporally,1
problem,1
correlates,1
require,1
secure,1
information,1
indifference,1
corydon,1
emphasis,1
psg,1
des,1
xi,1
bought,1
noses,1
intention,1
zonen,1
bd,1
bartered,1
thereby,1
met,1
fcar,1
prevalent,1
alternatives,1
november,1
poststructuralism,1
subject,1
tried,1
rendering,1
bapty,1
receptors,1
went,1
cb,1
screen,1
target,1
obtain,1
reconstruct,1
lesson,1
stole,1
challenges,1
motivate,1
snow,1
think,1
prolong,1
pair,1
subsumed,1
named,1
leafy,1
femme,1
sanctioned,1
orgasm,1
enthusiasm,1
until,1
years,1
difference,1
fellatio,1
intensified,1
finding,1
quest,1
decrease,1
illinois,1
conditions,1
national,1
nagel,1
detached,1
typically,1
mothers,1
canadian,1
involving,1
france,1
you,1
castrated,1
apes,1
off,1
remains,1
association,1
masturbate,1
mf,1
offered,1
observation,1
specific,1
west,1
masturbating,1
vessel,1
potential,1
intensely,1
penetrated,1
nausea,1
km,1
nk,1
orang,1
abellii,1
fonds,1
jundi,1
debate,1
readdressed,1
gs,1
exclusively,1
loy,1
df,1
interaction,1
adopted,1
images,1
strong,1
uk,1
north,1
recent,1
indistinguishable,1
bantam,1
roles,1
gulls,1
preconceptions,1
major,1
gold,1
grants,1
eagerly,1
