WORDCOUNTS,WEIGHT
the,311
of,260
and,151
to,137
in,135
a,131
is,118
that,82
or,61
not,54
as,51
it,50
i,45
be,44
are,42
this,40
for,39
art,36
we,35
meaning,30
an,30
with,29
but,25
by,25
on,25
which,24
has,22
they,21
one,20
artefacts,20
sense,20
its,19
between,19
their,18
any,18
have,18
symbolic,17
more,17
can,17
other,16
artefact,16
some,16
do,15
material,15
than,15
m,14
no,13
what,13
work,13
at,12
symmetry,12
technology,12
from,12
p,12
our,12
same,11
say,11
part,11
us,11
rather,10
his,10
culture,10
fearful,10
social,10
symbol,10
symbols,10
these,10
use,10
human,10
such,10
world,10
language,10
matter,9
might,9
objects,9
know,9
could,9
would,9
does,8
way,8
if,8
functional,8
was,8
stripes,8
all,8
there,8
something,8
whether,8
both,8
own,8
am,8
been,7
how,7
conventional,7
about,7
simply,7
only,7
also,7
view,7
where,7
see,7
while,7
object,7
so,7
product,7
archaeology,7
themselves,7
should,7
word,7
convention,7
perhaps,6
exists,6
need,6
physical,6
words,6
prehistoric,6
abstract,6
out,6
were,6
true,6
technical,6
context,6
system,6
r,6
through,6
meanings,6
my,6
individual,6
like,6
systems,6
even,6
may,5
relationship,5
science,5
will,5
indeed,5
process,5
becomes,5
means,5
artist,5
dead,5
itself,5
pp,5
modern,5
seeing,5
university,5
history,5
into,5
handaxe,5
j,5
fact,5
seem,5
time,5
new,5
works,5
those,5
case,5
particular,5
paintings,5
obvious,5
symbolism,5
role,5
aesthetic,5
function,5
things,5
said,4
set,4
go,4
he,4
seen,4
yet,4
evolution,4
form,4
congruence,4
understand,4
nor,4
most,4
cutting,4
t,4
production,4
here,4
skill,4
tiger,4
stands,4
action,4
many,4
argue,4
ambiguity,4
edge,4
hand,4
cultural,4
knives,4
problem,4
routledge,4
without,4
understanding,4
made,4
upon,4
dynamic,4
terms,4
handicraft,4
sign,4
exist,4
archaeological,4
c,4
distinction,4
arbitrary,4
become,4
usual,4
when,4
conventions,4
recent,4
somewhat,3
press,3
knife,3
coherent,3
essential,3
purely,3
basic,3
order,3
who,3
still,3
tools,3
talk,3
certain,3
religious,3
k,3
represents,3
want,3
trace,3
lascaux,3
neither,3
necessarily,3
reified,3
stonehenge,3
industrial,3
ever,3
increasingly,3
williams,3
first,3
generally,3
hence,3
potential,3
over,3
sheep,3
different,3
exploration,3
et,3
great,3
called,3
particularly,3
clearly,3
take,3
just,3
stand,3
understood,3
according,3
uniformitarian,3
obscures,3
sensual,3
takes,3
placed,3
cambridge,3
institute,3
psychology,3
drive,3
techne,3
concern,3
lies,3
being,3
processes,3
come,3
sensibility,3
systematic,3
d,3
domain,3
written,3
graves,3
finished,3
article,3
although,3
relation,3
chicago,3
forms,3
cognition,3
early,3
arbitrariness,3
value,3
general,3
heidegger,3
shall,3
la,3
society,3
because,3
now,2
gibson,2
transform,2
change,2
piano,2
paralleled,2
punch,2
noble,2
scientific,2
principally,2
why,2
practical,2
created,2
defined,2
mean,2
etc,2
unique,2
whatever,2
extends,2
introduction,2
says,2
concorde,2
linguistic,2
functions,2
similar,2
importance,2
life,2
maison,2
often,2
expectations,2
biological,2
designed,2
symbolize,2
centuries,2
perceptions,2
functionality,2
western,2
then,2
semantics,2
elsewhere,2
nineteenth,2
record,2
gradually,2
petrol,2
argued,2
origins,2
w,2
leads,2
reviewer,2
two,2
actors,2
anything,2
n,2
beyond,2
every,2
des,2
intentional,2
supposedly,2
museums,2
car,2
en,2
aspect,2
obey,2
power,2
subject,2
artistic,2
anthropology,2
had,2
nature,2
expressed,2
editions,2
definition,2
artists,2
longer,2
idea,2
believe,2
down,2
genuine,2
ie,2
found,2
current,2
expression,2
end,2
fetishized,2
historical,2
savoir,2
essentially,2
really,2
davidson,2
embedded,2
elevated,2
duality,2
used,2
ambiguous,2
accepted,2
them,2
implicit,2
renaissance,2
making,2
necessary,2
theory,2
design,2
flint,2
comprehension,2
constraint,2
wynn,2
attribute,2
sigaut,2
another,2
conventionally,2
aspects,2
require,2
having,2
fetishism,2
subsistence,2
practice,2
represented,2
reify,2
unless,2
except,2
knowledge,2
became,2
representing,2
bears,2
substance,2
much,2
aesthetics,2
prehistoire,2
categories,2
using,2
ideas,2
actually,2
actual,2
thus,2
static,2
software,2
koons,2
fulfil,2
comments,2
question,2
ultimately,2
dynamics,2
significance,2
clear,2
de,2
flaking,2
uniqueness,2
points,2
becoming,2
flake,2
sat,2
millikan,2
painting,2
socially,2
creating,2
cognitive,2
thank,2
you,2
kind,2
sharp,2
cases,2
latter,2
anonymous,2
industry,2
craft,2
point,2
altogether,2
sciences,2
given,2
back,2
joint,2
stone,2
virtue,2
goes,2
doing,2
applies,2
truly,2
separate,2
camouflage,2
chien,1
commensurate,1
hammering,1
blanket,1
blow,1
media,1
entities,1
arbitrator,1
f,1
opposed,1
relational,1
receded,1
keyboard,1
autumn,1
ovate,1
erotic,1
formations,1
recognized,1
irrespective,1
trick,1
york,1
devotee,1
along,1
metaphysical,1
accomplish,1
humans,1
grammar,1
beneath,1
century,1
outsider,1
provide,1
bright,1
contact,1
patel,1
various,1
higher,1
common,1
continued,1
act,1
burning,1
saying,1
archetypal,1
concerned,1
sometimes,1
identified,1
performance,1
industrialization,1
names,1
explain,1
ans,1
buyers,1
across,1
vision,1
types,1
articulation,1
relations,1
broadest,1
reifications,1
claimed,1
alone,1
confuse,1
techniques,1
hill,1
represent,1
smoothes,1
begin,1
square,1
dr,1
extreme,1
extend,1
explicit,1
favour,1
forward,1
skilled,1
keypad,1
plastic,1
ordinary,1
framing,1
hold,1
presses,1
highway,1
contrast,1
reason,1
variety,1
fissures,1
un,1
detailed,1
above,1
mundane,1
pointed,1
assumptions,1
abstraction,1
imposition,1
determining,1
began,1
garden,1
effectively,1
distributed,1
semiotic,1
adjunct,1
confine,1
relatively,1
told,1
clarifies,1
luck,1
interpose,1
american,1
elementary,1
complex,1
suppose,1
peirce,1
organisms,1
pye,1
traded,1
intend,1
cave,1
fate,1
embarrassment,1
effective,1
black,1
goers,1
quite,1
mcgraw,1
existed,1
fall,1
guide,1
awareness,1
frank,1
animals,1
once,1
referring,1
coherence,1
collect,1
second,1
antiquities,1
certainties,1
scholarship,1
ascribes,1
banality,1
education,1
constitutes,1
sets,1
guides,1
constitute,1
interpretation,1
museum,1
thought,1
thomas,1
meanwhile,1
modified,1
implanted,1
examine,1
indexical,1
makes,1
mit,1
rules,1
coincidental,1
me,1
widest,1
serve,1
conscious,1
wheel,1
sociocultural,1
under,1
artis,1
teapot,1
considered,1
archaeologically,1
greeks,1
matters,1
independently,1
respect,1
ne,1
signed,1
position,1
key,1
fixed,1
mutt,1
character,1
contextual,1
exaltation,1
unwin,1
suggestions,1
title,1
fishes,1
foul,1
practised,1
reasons,1
presumably,1
thinking,1
coat,1
associated,1
note,1
consciousness,1
unimportant,1
emergent,1
following,1
urinals,1
traces,1
sorting,1
result,1
conclusion,1
accomplishes,1
suggest,1
humanities,1
document,1
inalienable,1
frangois,1
festival,1
always,1
department,1
experience,1
bridges,1
automated,1
invoked,1
contemptuous,1
forests,1
appears,1
lithic,1
depend,1
kangaroos,1
marcel,1
foucault,1
les,1
apprehended,1
voir,1
render,1
followed,1
fix,1
chose,1
please,1
invention,1
signifies,1
sert,1
chatto,1
perform,1
painted,1
commonly,1
text,1
name,1
s,1
able,1
multiply,1
notionally,1
executed,1
colouring,1
ars,1
principles,1
costall,1
labyrinthine,1
attempts,1
taken,1
journey,1
symmetrical,1
mutton,1
damien,1
dualism,1
religions,1
again,1
technites,1
others,1
cut,1
artisan,1
shelf,1
preserve,1
trajectories,1
generated,1
ask,1
l,1
fundamental,1
disappeared,1
anthropological,1
image,1
commonplace,1
whereas,1
greater,1
talking,1
turn,1
cleavage,1
paper,1
hunters,1
sell,1
root,1
worth,1
engaged,1
towards,1
development,1
pouvoir,1
possibilities,1
lack,1
whom,1
pile,1
roman,1
ushering,1
exhibition,1
knowing,1
allow,1
tradition,1
skills,1
thy,1
societies,1
pressure,1
blake,1
remedy,1
kegan,1
music,1
daily,1
dematerialization,1
wedded,1
hands,1
simple,1
exclusion,1
essence,1
attempting,1
returns,1
drivers,1
colleague,1
speaker,1
pigment,1
analyses,1
treat,1
unpack,1
frees,1
enable,1
recognize,1
classical,1
typologies,1
deconstruction,1
warning,1
contradictory,1
wealth,1
denotes,1
transforms,1
flintknapper,1
onto,1
road,1
events,1
very,1
primacy,1
relate,1
personality,1
reiterate,1
task,1
believing,1
benefit,1
autonomous,1
false,1
reflected,1
products,1
immortal,1
cultures,1
styles,1
considerable,1
lick,1
onset,1
past,1
figment,1
playing,1
equivalents,1
precede,1
display,1
tonnes,1
pure,1
bricks,1
fellow,1
fear,1
term,1
broaden,1
big,1
puzzling,1
destroyed,1
admirers,1
person,1
mind,1
readers,1
state,1
took,1
further,1
left,1
growing,1
clarity,1
fetishised,1
mr,1
southampton,1
paris,1
shaped,1
irony,1
unhelpful,1
traced,1
political,1
though,1
fork,1
publisher,1
studio,1
artesan,1
signs,1
heads,1
within,1
proceedings,1
purposes,1
keywords,1
lead,1
tell,1
establish,1
unclear,1
recently,1
unpacking,1
alternatives,1
merchants,1
pater,1
interview,1
cannot,1
until,1
references,1
less,1
purchased,1
issue,1
obviates,1
side,1
appreciate,1
eg,1
eye,1
nothing,1
accords,1
forthcoming,1
pains,1
handaxes,1
signature,1
lengths,1
axe,1
vehicles,1
recognizes,1
mithen,1
recorded,1
bank,1
technologiques,1
mathematics,1
extent,1
systematize,1
obviously,1
style,1
method,1
bottleracks,1
gods,1
structure,1
gives,1
her,1
utilitarian,1
urinal,1
argument,1
exploit,1
acknowledgements,1
perpetrated,1
extract,1
day,1
right,1
representations,1
well,1
representatives,1
produce,1
couteau,1
charted,1
main,1
vol,1
directly,1
bark,1
original,1
too,1
conversation,1
agreed,1
figurative,1
long,1
suggests,1
basis,1
nuances,1
possible,1
centimetres,1
degrees,1
technologies,1
practise,1
meaningful,1
ascertain,1
quality,1
literature,1
lury,1
discussion,1
pers,1
reply,1
knew,1
fashion,1
properties,1
faire,1
implement,1
obscure,1
limestone,1
alter,1
proudly,1
tool,1
start,1
eighteenth,1
writers,1
nearest,1
reader,1
writings,1
g,1
apart,1
steve,1
precedence,1
jeff,1
conceptual,1
purpose,1
far,1
intentions,1
establishment,1
mechanization,1
owe,1
pas,1
carleton,1
looking,1
belief,1
replicating,1
apply,1
carolina,1
medium,1
focal,1
experiencing,1
contradiction,1
activity,1
externalizes,1
imbued,1
step,1
cash,1
marginalized,1
entirely,1
intention,1
whole,1
food,1
gave,1
complement,1
rude,1
commodities,1
contribute,1
mais,1
contrasts,1
vibes,1
wonderful,1
penetrate,1
place,1
emphasize,1
aeroplane,1
indebted,1
make,1
repaired,1
allowed,1
assume,1
issues,1
literally,1
icon,1
insist,1
allows,1
people,1
important,1
aims,1
representation,1
falling,1
reinvent,1
extinct,1
think,1
construed,1
specifically,1
build,1
involve,1
real,1
fondation,1
hovers,1
cruelty,1
remarks,1
ephemera,1
dog,1
call,1
dealer,1
typing,1
justification,1
review,1
married,1
promoted,1
fur,1
appreciated,1
surely,1
theories,1
currency,1
internal,1
evidence,1
theoretical,1
integral,1
conveniently,1
capacities,1
considering,1
mechanical,1
distinguish,1
component,1
putative,1
north,1
alan,1
years,1
low,1
status,1
craftsman,1
withor,1
notes,1
cutlery,1
disposal,1
transport,1
sensuous,1
vista,1
supports,1
lithics,1
chocolate,1
originated,1
authors,1
solutions,1
either,1
fallacy,1
frame,1
machine,1
reservations,1
fetishization,1
author,1
iconic,1
agent,1
fountain,1
bodily,1
appearance,1
mode,1
finally,1
paul,1
good,1
wish,1
stressed,1
ability,1
unreplicability,1
solution,1
choices,1
least,1
objets,1
gratia,1
times,1
grown,1
percussion,1
adoration,1
occurs,1
consolidated,1
interpret,1
hund,1
cf,1
useful,1
printed,1
simplest,1
tacitly,1
constructed,1
guiding,1
hammer,1
tom,1
universitaires,1
dissect,1
depiction,1
treasure,1
dictionary,1
implements,1
asked,1
narratives,1
course,1
changes,1
definite,1
multitude,1
accurate,1
palaeolithic,1
earlier,1
progressive,1
thing,1
attributing,1
aiming,1
commercially,1
consequence,1
embodies,1
valid,1
measured,1
did,1
distinct,1
repeat,1
viewers,1
old,1
transmettre,1
never,1
metaphysically,1
class,1
reification,1
opposition,1
computer,1
postcard,1
several,1
seminal,1
needs,1
moved,1
submit,1
leaves,1
shapes,1
few,1
problems,1
somehow,1
subjects,1
birds,1
inspirational,1
saws,1
fonctionnement,1
serving,1
fonction,1
distinctions,1
rest,1
microscopes,1
acts,1
uses,1
clarify,1
certainly,1
wholly,1
wont,1
narrow,1
choosing,1
interpretations,1
dans,1
transparently,1
categorized,1
du,1
sculptures,1
displayed,1
precisely,1
effect,1
dined,1
tended,1
individualistic,1
irrelevant,1
poiesis,1
debate,1
slang,1
customary,1
hollow,1
condemned,1
valentine,1
equivalencies,1
explore,1
capitalized,1
transfer,1
exclusively,1
systematically,1
reconsideration,1
exclude,1
implication,1
pendu,1
northwestern,1
dependent,1
legality,1
present,1
look,1
traditional,1
concepts,1
community,1
proper,1
describes,1
eliminating,1
devotions,1
invented,1
apparently,1
readymade,1
knows,1
irrevocably,1
supermarket,1
despite,1
demonstrated,1
connections,1
attend,1
flakes,1
substituted,1
alienated,1
grateful,1
marx,1
arises,1
finds,1
criminals,1
arrowheads,1
built,1
representational,1
sole,1
tells,1
derives,1
unrelated,1
mistaken,1
draft,1
choice,1
activities,1
sea,1
picnickers,1
perception,1
windus,1
decided,1
walls,1
duchamp,1
comm,1
