WORDCOUNTS,WEIGHT
the,373
of,340
and,179
in,143
to,104
a,93
is,93
this,60
dental,57
be,53
are,46
for,46
i,44
may,40
diet,37
disease,36
as,35
by,35
which,35
at,34
that,33
teeth,31
from,29
between,28
plaque,27
was,26
with,25
caries,25
individuals,25
it,24
than,24
enamel,23
ancient,23
an,23
or,22
each,22
on,21
more,20
also,20
have,20
hypoplasia,19
periodontal,18
per,18
nubia,18
these,18
due,18
upper,17
right,17
such,17
cent,16
bone,16
egypt,16
site,15
striae,15
most,15
were,15
been,14
not,14
tooth,14
but,14
diseases,14
hawara,14
bc,14
thus,14
zones,14
w,13
other,13
calculus,13
material,13
years,13
they,12
sites,12
crown,12
deposits,12
during,12
d,12
their,11
surface,11
differences,11
there,11
food,11
individual,11
much,11
likely,10
affected,10
dentine,10
lower,10
less,10
incidence,10
molar,10
kerma,10
skeletal,10
sidmant,10
when,10
brown,10
growth,9
some,9
plate,9
all,9
different,9
predynastic,9
c,9
frequency,9
group,9
bacteria,9
part,9
evidence,9
times,9
sugar,9
especially,9
can,9
large,8
t,8
s,8
called,8
hillson,8
canine,8
cause,8
vitamin,8
possible,8
acid,8
used,8
body,8
response,8
second,8
periods,7
three,7
about,7
formed,7
university,7
severity,7
extensive,7
first,7
attrition,7
pattern,7
produce,7
both,7
genetic,7
eaten,7
severe,7
table,7
general,7
percentage,7
destruction,7
dietary,7
r,6
no,6
common,6
way,6
immune,6
badari,6
b,6
factors,6
io,6
into,6
two,6
being,6
only,6
foods,6
report,6
formation,6
where,6
particularly,6
retzius,6
period,6
high,6
alkaline,6
left,6
save,6
should,6
cemetery,6
scandinavian,5
vegetable,5
sje,5
figure,5
l,5
cells,5
lines,5
archaeology,5
breast,5
process,5
similar,5
one,5
blood,5
o,5
modern,5
presumably,5
age,5
wear,5
known,5
permanent,5
later,5
frequencies,5
available,5
could,5
found,5
ph,5
time,5
zone,5
section,5
present,5
them,5
british,5
fish,5
has,5
resorption,5
number,5
recent,5
carbohydrate,5
shape,5
almost,5
work,5
occlusal,5
made,5
little,5
egyptian,5
causes,5
variation,5
survey,5
childhood,5
throughout,5
consumption,5
nile,5
archaeological,5
g,5
least,5
so,5
indicators,5
protein,5
after,5
molars,5
bread,5
structure,5
probably,5
given,5
histograms,5
joint,5
deficiency,5
rather,4
if,4
populations,4
main,4
groups,4
seen,4
still,4
make,4
appears,4
interproximal,4
microscope,4
repair,4
sections,4
occurred,4
then,4
jaw,4
people,4
mineral,4
oral,4
grade,4
many,4
result,4
higher,4
occurrence,4
new,4
research,4
events,4
day,4
within,4
population,4
dynastic,4
dr,4
perhaps,4
method,4
information,4
dentition,4
contain,4
slight,4
birth,4
its,4
use,4
contains,4
sequence,4
human,4
structures,4
layers,4
shown,4
relatively,4
skulls,4
darby,4
effects,4
kind,4
involved,4
dried,4
supported,4
become,4
up,4
even,4
m,4
carried,3
collagen,3
bones,3
now,3
shl,3
christian,3
relationship,3
grades,3
today,3
limits,3
contact,3
constituents,3
environmental,3
expedition,3
fruit,3
insufficient,3
widespread,3
who,3
susceptibility,3
parts,3
structural,3
study,3
white,3
guide,3
animals,3
patches,3
h,3
easily,3
changes,3
deficient,3
relative,3
sexes,3
striations,3
edition,3
same,3
numbers,3
press,3
generally,3
particular,3
must,3
round,3
had,3
additional,3
constructed,3
defects,3
total,3
varies,3
j,3
specialized,3
shows,3
lack,3
incisors,3
molecules,3
studied,3
any,3
surfaces,3
very,3
peak,3
distal,3
cervical,3
damage,3
skull,3
ages,3
underneath,3
mr,3
what,3
form,3
ad,3
scale,3
abrasive,3
recording,3
milk,3
local,3
remodelling,3
e,3
nutrition,3
middle,3
through,3
sunlight,3
allows,3
like,3
layer,3
cemeteries,3
bacterial,3
low,3
development,3
difference,3
preliminary,3
gingivae,3
position,3
although,3
occurs,3
upon,3
caused,3
z,3
kush,3
calculated,3
increased,3
meat,3
necessary,3
highly,3
represent,3
v,3
sugars,3
including,3
perikymata,3
valley,3
abydos,3
apparently,3
cross,3
occur,3
using,2
difficult,2
indication,2
mineralized,2
therefore,2
poor,2
unlikely,2
stated,2
unaffected,2
act,2
cessation,2
destroy,2
practical,2
overall,2
rough,2
limited,2
vegetables,2
basic,2
play,2
episodes,2
ten,2
bar,2
fever,2
areas,2
gm,2
cut,2
longitudinal,2
life,2
studies,2
often,2
deposition,2
confidence,2
analysis,2
saliva,2
fibres,2
provides,2
school,2
museum,2
months,2
out,2
reason,2
tissue,2
biga,2
fellahin,2
interglobular,2
buried,2
skeleton,2
acquired,2
peasants,2
contained,2
included,2
premolars,2
constant,2
before,2
k,2
sample,2
n,2
skin,2
source,2
four,2
show,2
department,2
commonly,2
rise,2
skeletons,2
long,2
members,2
brunton,2
hypersensitive,2
journal,2
neolithic,2
comparison,2
ii,2
give,2
taken,2
again,2
attempt,2
deficiencies,2
lactic,2
readily,2
best,2
foodstuffs,2
petrie,2
down,2
daily,2
half,2
seven,2
children,2
spaced,2
how,2
london,2
products,2
kingdom,2
emerge,2
man,2
just,2
indicate,2
outside,2
further,2
phd,2
do,2
ground,2
domestic,2
relationships,2
dissolved,2
reactions,2
similarities,2
case,2
council,2
sucrose,2
series,2
above,2
shallal,2
fewer,2
recorded,2
mace,2
dotted,2
problem,2
heavily,2
while,2
outlines,2
because,2
well,2
hwa,2
gained,2
balance,2
demonstrated,2
quantities,2
suggests,2
aby,2
arch,2
nubian,2
range,2
eating,2
nine,2
pathology,2
metabolize,2
flaw,2
slightly,2
occurring,2
supply,2
thickness,2
example,2
uncertain,2
feeding,2
related,2
november,2
top,2
description,2
incremental,2
waste,2
loss,2
tissues,2
soderbergh,2
maintained,2
processes,2
roman,2
date,2
varied,2
examination,2
come,2
uncleaned,2
observed,2
until,2
coding,2
explained,2
difficulties,2
retention,2
average,2
finding,2
conditions,2
f,2
faras,2
explanation,2
percentages,2
tough,2
solution,2
include,2
define,2
below,2
physical,2
febrile,2
suggest,2
reliable,2
regular,2
ag,2
preservation,2
quite,2
elements,2
small,2
several,2
specific,2
enough,2
causing,2
components,2
suitable,2
compared,2
brackets,2
rhythm,2
biological,2
visible,2
adult,2
investigations,2
widely,2
anatomy,2
alveolar,2
societies,2
scoring,1
bga,1
zo,1
final,1
chronological,1
tea,1
theoretically,1
space,1
will,1
mechanisms,1
comparisons,1
consists,1
does,1
sedma,1
pictorial,1
requires,1
postulate,1
groupings,1
seer,1
profoundly,1
applications,1
adhering,1
ingest,1
investigating,1
simplified,1
adequate,1
antigens,1
references,1
weakness,1
page,1
cover,1
frequent,1
digging,1
complex,1
examining,1
vanderbilt,1
easy,1
summarize,1
estimated,1
independent,1
sockets,1
birmingham,1
scientific,1
sometimes,1
five,1
names,1
hypoplastic,1
sedment,1
hieroglyphic,1
relieved,1
abyelabad,1
reverts,1
ageing,1
lengyel,1
rhythmical,1
vols,1
mostly,1
ni,1
vague,1
might,1
alternate,1
yields,1
arrive,1
chronic,1
periodontics,1
crest,1
disturbance,1
periodontology,1
opposed,1
implies,1
universitets,1
exceptional,1
attaching,1
lost,1
wheaten,1
alone,1
extends,1
interfere,1
sugary,1
considerably,1
palaeoserology,1
antibody,1
flaws,1
contour,1
introduction,1
goats,1
compensated,1
bibliography,1
kma,1
render,1
elamrah,1
crushed,1
mouth,1
importance,1
definable,1
dips,1
reflection,1
lesions,1
covering,1
conducted,1
observation,1
fluorescent,1
replaced,1
hygiene,1
hold,1
represents,1
ix,1
evolution,1
special,1
kinds,1
responsible,1
extra,1
lowered,1
mammal,1
triggered,1
tend,1
whole,1
burials,1
summarized,1
drawings,1
von,1
tartar,1
rate,1
detection,1
outnumber,1
elapsed,1
maximum,1
rainfall,1
onwards,1
sets,1
forgotten,1
yet,1
dates,1
peaks,1
reference,1
slowly,1
done,1
spent,1
studentships,1
owing,1
eroded,1
builds,1
thought,1
pressures,1
bad,1
soon,1
thick,1
marks,1
supports,1
riari,1
churchill,1
upwards,1
combat,1
consumed,1
disastrous,1
claims,1
boundary,1
male,1
preparation,1
index,1
eventually,1
reflects,1
cellulose,1
graphs,1
peasant,1
seti,1
deposited,1
storage,1
indices,1
rarely,1
clearly,1
bind,1
elsewhere,1
rubber,1
moderately,1
memoires,1
sweetened,1
domes,1
following,1
finely,1
carob,1
medical,1
drinking,1
jaws,1
alkalinity,1
kobenhavn,1
differs,1
floodplain,1
observations,1
materials,1
agents,1
under,1
principal,1
ever,1
said,1
store,1
shorter,1
cast,1
nutritional,1
comes,1
follow,1
argues,1
meats,1
picture,1
provision,1
published,1
office,1
blackwell,1
isolation,1
rkp,1
temporal,1
volume,1
cheek,1
includes,1
sources,1
hmsoo,1
fure,1
plates,1
every,1
anthropologiske,1
turner,1
certainly,1
problems,1
necropolis,1
support,1
name,1
abyela,1
egyptianized,1
luxuries,1
exclusive,1
browr,1
mesial,1
theory,1
fund,1
steady,1
important,1
contaminants,1
longer,1
quickly,1
exposed,1
thank,1
concentration,1
necessarily,1
enters,1
approaching,1
sessions,1
arrival,1
akademia,1
mutually,1
usefulness,1
sed,1
osiris,1
gift,1
chewing,1
timeconsuming,1
incomplete,1
engaged,1
addition,1
sex,1
stimulates,1
complete,1
seems,1
nature,1
chapman,1
foodstuff,1
expressed,1
arsinoe,1
crops,1
closely,1
spellings,1
gritty,1
fact,1
faster,1
possibilities,1
functional,1
reach,1
idea,1
introduce,1
exploration,1
affinities,1
winton,1
allow,1
stimulus,1
socketless,1
neutralization,1
secondary,1
broadly,1
denoted,1
habitually,1
estimation,1
entering,1
great,1
reasons,1
pulp,1
determines,1
universal,1
nordstrom,1
indeed,1
solved,1
sudanese,1
crystalline,1
potentially,1
rl,1
inevitably,1
producing,1
cavity,1
follows,1
regional,1
break,1
calories,1
murphy,1
relation,1
wealthier,1
metabolizing,1
state,1
stele,1
ir,1
jpper,1
cowley,1
mlanual,1
build,1
rhythmically,1
help,1
habit,1
greater,1
ruffer,1
quarry,1
fresh,1
passage,1
interim,1
living,1
type,1
term,1
kcal,1
barley,1
rhythms,1
morphological,1
late,1
loose,1
patterns,1
erupt,1
days,1
emphasized,1
attach,1
wild,1
precisely,1
animal,1
remainder,1
equally,1
physiological,1
elevated,1
livingstone,1
remarkable,1
normal,1
cultural,1
according,1
covered,1
third,1
manner,1
institute,1
rapid,1
cereal,1
metabolism,1
reisner,1
purposes,1
superimposed,1
experimental,1
directly,1
dynasty,1
remodels,1
physiology,1
whether,1
inflammatory,1
produced,1
commemorating,1
impossible,1
ela,1
system,1
toxic,1
involvement,1
moss,1
contraceptive,1
grow,1
royal,1
seem,1
vegetation,1
colony,1
min,1
plant,1
despite,1
dentitions,1
hypothetical,1
pigs,1
approached,1
required,1
fi,1
topographical,1
social,1
wide,1
ihypoplasia,1
trough,1
gives,1
al,1
female,1
remarkably,1
inflammation,1
acknowledgements,1
oils,1
identifiable,1
studying,1
aspects,1
project,1
exposure,1
degree,1
neutralize,1
arab,1
retain,1
querns,1
colonies,1
figs,1
another,1
intake,1
having,1
inverse,1
porter,1
status,1
proceedings,1
discriminant,1
determined,1
marked,1
lactation,1
finish,1
divided,1
acidic,1
denston,1
survive,1
flattened,1
obviating,1
investigated,1
completed,1
lancaster,1
townspeople,1
start,1
deformity,1
level,1
occasionally,1
wholemeal,1
abstract,1
altered,1
region,1
premolar,1
since,1
parents,1
grows,1
classics,1
imkedical,1
symons,1
textual,1
manufactured,1
saffirio,1
content,1
omitted,1
activated,1
gingival,1
troughs,1
confined,1
layered,1
role,1
genetically,1
aged,1
representing,1
african,1
giving,1
medium,1
mosaic,1
against,1
wildfowl,1
periodicity,1
reconstruct,1
localized,1
mothers,1
controlling,1
happens,1
expression,1
measure,1
nielsen,1
munksgaard,1
predispositions,1
place,1
millet,1
scored,1
smooth,1
carbohydrates,1
remains,1
biahmu,1
colonized,1
records,1
harvard,1
exist,1
actually,1
increasingly,1
trend,1
actual,1
scaling,1
inferred,1
et,1
metabolized,1
multidimensional,1
field,1
susceptible,1
innate,1
beside,1
concentrated,1
excavations,1
eight,1
complicated,1
latex,1
preparing,1
involves,1
proved,1
described,1
showing,1
reconstructing,1
estimating,1
background,1
compact,1
universally,1
cambridge,1
graph,1
connected,1
abassia,1
surrounded,1
diurnal,1
tuer,1
similarity,1
constantly,1
biochemical,1
applied,1
academic,1
tables,1
discussed,1
defence,1
either,1
bodies,1
temperature,1
outlast,1
difjerences,1
rapidly,1
health,1
dawson,1
concentrates,1
staple,1
good,1
characteristic,1
workers,1
wears,1
p,1
acidity,1
hypersensitivity,1
instead,1
paintings,1
qau,1
arise,1
indicator,1
inferences,1
publications,1
hard,1
dangerous,1
geographically,1
length,1
need,1
typing,1
smaller,1
statistically,1
bear,1
crossed,1
xo,1
disruption,1
canines,1
played,1
mild,1
famine,1
next,1
course,1
counted,1
off,1
males,1
stimulation,1
area,1
habits,1
cases,1
deben,1
measured,1
did,1
associated,1
redissolve,1
nor,1
approximately,1
latter,1
immigrants,1
reluctance,1
ranged,1
men,1
roughly,1
underlying,1
sweetening,1
interbreed,1
size,1
vi,1
amount,1
wider,1
speed,1
overreaction,1
baked,1
methods,1
would,1
difficulty,1
presence,1
weaning,1
sidmnant,1
factor,1
ample,1
exploited,1
themselves,1
allowing,1
missing,1
ra,1
essentially,1
arranged,1
boundaries,1
effective,1
mainly,1
effect,1
except,1
reached,1
sbderbergh,1
paper,1
estimate,1
anterior,1
early,1
uncertainty,1
east,1
haland,1
ate,1
designed,1
those,1
crystallizes,1
consistent,1
advantages,1
results,1
world,1
figures,1
hmso,1
counts,1
versus,1
existed,1
comparable,1
devising,1
stone,1
imperfectly,1
association,1
building,1
successive,1
resorbed,1
flour,1
darker,1
oxford,1
game,1
termed,1
reliefs,1
phase,1
behind,1
massive,1
polishing,1
error,1
major,1
incisor,1
essentials,1
photomicrographs,1
poorly,1
too,1
trom,1
product,1
kept,1
