WORDCOUNTS,WEIGHT
the,571
of,433
to,293
a,248
is,217
and,201
in,170
that,122
be,115
explanation,92
it,86
are,83
not,80
this,70
as,70
an,66
for,63
we,61
by,58
cl,58
which,56
one,52
explanations,50
laws,49
or,47
with,46
model,44
would,43
there,40
such,40
from,40
may,38
law,38
have,36
on,34
then,30
if,29
they,29
do,29
their,28
scientific,28
but,28
b,27
any,27
authors,26
been,26
thus,25
will,25
has,24
at,23
all,23
science,23
c,23
i,22
some,22
g,22
these,22
given,22
explanandum,21
more,21
no,20
statement,20
our,20
philosophy,20
other,19
general,19
explain,19
analysis,19
particular,19
appeal,18
were,18
type,18
archaeology,17
ea,17
what,17
even,16
explanans,16
case,16
information,16
should,16
was,15
could,15
approach,15
least,15
two,15
so,15
seem,15
being,14
problems,14
event,14
only,14
can,14
must,14
pendulum,13
probability,13
above,13
about,13
morgan,13
pattern,13
examples,13
types,13
form,13
seems,12
s,12
example,12
its,12
fit,12
society,12
formal,12
attempt,11
how,11
certain,11
frequently,11
r,11
various,11
dn,11
social,11
very,11
mention,11
area,11
remains,11
charles,11
does,10
archaeologists,10
far,10
than,10
doctrine,10
most,10
philosophical,10
let,10
data,10
characterization,10
when,10
knowledge,10
same,10
residence,10
fact,10
points,10
hempel,10
use,9
rather,9
found,9
good,9
make,9
attempting,9
new,9
state,9
see,9
reasonable,9
considered,9
prediction,8
first,8
give,8
find,8
his,8
had,8
work,8
many,8
structure,8
note,8
oppenheim,8
between,8
test,7
possible,7
logical,7
difficulties,7
means,7
statistical,7
my,7
events,7
because,7
field,7
spaulding,7
us,7
end,7
where,7
another,7
deduce,7
extremely,7
circumstances,7
simply,7
down,7
historical,7
alternatives,7
phenomenon,7
argument,7
specific,7
point,7
hypothesis,7
way,6
explanatory,6
history,6
analyses,6
context,6
cited,6
along,6
language,6
explained,6
theorists,6
difficulty,6
statements,6
just,6
p,6
related,6
several,6
reference,6
makes,6
under,6
complete,6
friend,6
also,6
lack,6
d,6
patterns,6
present,6
establish,6
made,6
archaeological,6
period,6
longacre,6
length,6
deductive,6
associated,6
following,6
best,6
particularly,6
according,6
both,6
aspect,6
truth,5
e,5
expect,5
true,5
great,5
generalizations,5
since,5
concerning,5
without,5
mean,5
reason,5
consider,5
generally,5
view,5
rule,5
search,5
called,5
out,5
further,5
aspects,5
claim,5
archeology,5
own,5
characteristics,5
second,5
limited,5
suppose,5
ceramic,5
reasoning,5
discussion,5
endeavour,5
organism,5
like,5
within,5
usually,5
known,5
here,5
explicitly,5
proposed,5
them,5
while,5
question,5
difference,5
oriented,4
locale,4
deduced,4
likely,4
leads,4
either,4
philosophers,4
hence,4
attempts,4
j,4
individuals,4
conditions,4
stand,4
teleological,4
condition,4
taking,4
reconstruction,4
learned,4
goal,4
cases,4
nor,4
site,4
york,4
nomological,4
l,4
process,4
approaches,4
phrases,4
similar,4
study,4
support,4
females,4
n,4
finite,4
w,4
four,4
additional,4
passed,4
relating,4
deal,4
wonder,4
ignorance,4
part,4
describe,4
employed,4
inference,4
quite,4
inability,4
female,4
symmetry,4
thesis,4
decoration,4
stated,4
unscientific,4
discussed,4
puzzling,4
outside,4
perhaps,4
number,4
hypotheses,4
assumption,4
clear,4
construct,4
plays,4
testing,4
who,4
detailed,4
inadequate,4
why,4
detail,4
conclusion,4
sciences,4
each,4
proponents,4
different,4
basket,4
whether,4
list,4
lengths,4
through,4
obtain,4
manufacture,4
probabilistic,4
seek,4
major,4
go,3
represent,3
large,3
completely,3
paper,3
something,3
every,3
deterministic,3
might,3
encouraged,3
actual,3
rational,3
principles,3
available,3
scientists,3
simple,3
differences,3
take,3
written,3
somewhat,3
incorporate,3
apply,3
historically,3
facts,3
due,3
unpublished,3
characteristic,3
rigorously,3
discover,3
ds,3
served,3
hazardous,3
university,3
objects,3
deductively,3
important,3
behaviour,3
inappropriate,3
criticisms,3
cultural,3
recently,3
cannot,3
hypothetical,3
failure,3
literature,3
explains,3
used,3
device,3
showing,3
heuristic,3
causal,3
presented,3
tested,3
order,3
involved,3
sufficient,3
presence,3
research,3
peculiarly,3
world,3
appropriate,3
value,3
led,3
he,3
single,3
apples,3
culture,3
issues,3
considers,3
reporting,3
time,3
chain,3
necessary,3
encountered,3
including,3
nothing,3
theories,3
distinction,3
obtained,3
controversial,3
attention,3
suggest,3
discussing,3
relationship,3
lines,3
referred,3
indicate,3
covering,3
practice,3
precise,3
few,3
know,3
over,3
cultures,3
guild,3
universal,3
living,3
merely,3
quote,3
theory,3
extent,3
almost,3
level,3
role,3
giving,3
measure,3
models,3
course,3
although,3
evidence,3
little,3
much,3
recent,3
deny,2
harman,2
adopt,2
suggested,2
concern,2
environmental,2
determine,2
introduction,2
needed,2
essays,2
authority,2
h,2
into,2
occurred,2
pots,2
matter,2
lower,2
anything,2
explaining,2
certainly,2
taken,2
worked,2
carter,2
potentially,2
scheme,2
cohesion,2
persistence,2
consist,2
inductive,2
raised,2
those,2
designs,2
evaluation,2
unaware,2
motion,2
primary,2
discuss,2
apple,2
account,2
interdisciplinary,2
desired,2
supply,2
say,2
establishment,2
desirable,2
genetic,2
sign,2
relationships,2
severe,2
reject,2
speciality,2
interest,2
logic,2
ability,2
application,2
affairs,2
plausibility,2
amount,2
back,2
physics,2
holds,2
twice,2
ingredient,2
journal,2
details,2
delivered,2
hardly,2
influence,2
high,2
essential,2
main,2
developed,2
unit,2
presentation,2
thing,2
importance,2
assuming,2
feel,2
supposed,2
acquisition,2
established,2
familiar,2
argued,2
physicist,2
show,2
commonly,2
nonpredictive,2
strengthen,2
cut,2
appear,2
changed,2
requirements,2
pointing,2
guarantee,2
briefly,2
well,2
existential,2
reader,2
crude,2
description,2
place,2
positivists,2
inferences,2
accidental,2
achinstein,2
falling,2
structures,2
et,2
justification,2
surrounding,2
entails,2
predictive,2
universally,2
drug,2
count,2
bodies,2
wholesale,2
correct,2
describing,2
below,2
adequacy,2
heart,2
highly,2
impossible,2
palatable,2
doctrines,2
results,2
plausible,2
pneumonia,2
ingredients,2
action,2
techniques,2
purports,2
etc,2
still,2
indicates,2
counterfactual,2
aldine,2
hold,2
positive,2
once,2
oxford,2
yet,2
serve,2
boundary,2
outlined,2
al,2
appeals,2
patterning,2
useful,2
power,2
put,2
addition,2
enumerative,2
valid,2
consideration,2
limit,2
areas,2
occurrence,2
doubt,2
serious,2
purposes,2
accepted,2
relevant,2
newtonian,2
answer,2
patty,2
eg,2
swing,2
binford,2
frequency,2
gives,2
going,2
understanding,2
discovery,2
limitations,2
sides,2
confidence,2
examination,2
ln,2
involves,2
three,2
features,2
serves,2
probable,2
standard,2
sally,2
adequately,2
repeated,2
methods,2
grandmother,2
planetary,2
maximal,2
consists,2
indication,2
me,2
stems,2
perspectives,2
continued,2
provide,2
vague,2
espousal,2
trait,2
force,2
philosopher,2
satisfaction,2
examine,2
mother,2
fields,2
bestow,2
meant,2
ie,2
biology,2
rolling,2
directedness,2
takes,2
antecedent,2
ever,2
hypothesized,2
dubious,2
exposition,2
constructed,2
ranch,2
supported,2
set,2
shortcoming,2
principle,2
commonplace,2
scientist,2
interested,2
believe,2
argue,2
past,2
better,2
irritating,2
making,2
induction,2
debate,2
mathematics,2
distribution,2
emphasis,2
up,2
bob,2
intended,2
happens,2
omer,2
writing,2
false,2
paradigm,2
baking,2
aware,2
wish,2
applicable,2
need,2
you,2
attempted,2
objections,2
association,2
themselves,2
kim,2
abandoned,2
immediately,2
strong,2
conditionals,2
problem,1
final,1
frequent,1
now,1
basing,1
currently,1
done,1
generalization,1
concerned,1
indicated,1
generated,1
begging,1
functional,1
dash,1
discredited,1
legitimate,1
affirming,1
adoption,1
totally,1
upsurge,1
group,1
told,1
american,1
complex,1
kinds,1
instructions,1
myth,1
effective,1
identify,1
mad,1
informative,1
live,1
usefully,1
constitutes,1
ways,1
brodbeck,1
stephenson,1
contend,1
bryan,1
studies,1
competence,1
hotly,1
position,1
vitally,1
tells,1
cursory,1
before,1
exceptions,1
enumeration,1
connotations,1
englewood,1
nice,1
source,1
contexts,1
women,1
negative,1
planets,1
said,1
highlighted,1
gap,1
sources,1
wrong,1
long,1
constituting,1
revisited,1
threes,1
quoting,1
implications,1
symmetrical,1
disturbance,1
absurd,1
freely,1
nature,1
confirmed,1
stolen,1
leading,1
suggesting,1
together,1
accompanied,1
desire,1
confusion,1
feigl,1
arises,1
follows,1
able,1
reveal,1
procedure,1
religion,1
real,1
deemed,1
achieved,1
feature,1
patterned,1
last,1
mind,1
emphasized,1
concepts,1
subsumption,1
current,1
opposite,1
ours,1
ambiguous,1
johns,1
proposals,1
depends,1
concealed,1
paying,1
proceed,1
depending,1
suspect,1
sophisticated,1
forthcoming,1
classifying,1
projectile,1
rolls,1
gaps,1
historians,1
formulation,1
circulate,1
right,1
chapter,1
placement,1
prior,1
methodologies,1
cooperation,1
shame,1
adopting,1
illegitimate,1
vital,1
obvious,1
fine,1
infrequently,1
community,1
except,1
x,1
advocating,1
interact,1
melting,1
sketched,1
urging,1
analyse,1
acknowledgement,1
collection,1
rigour,1
attract,1
localized,1
facets,1
framework,1
gravity,1
human,1
otherwise,1
includes,1
throughout,1
review,1
ith,1
spectrum,1
run,1
professor,1
illustrates,1
relatively,1
mixed,1
adopted,1
occurs,1
ease,1
expected,1
propound,1
kind,1
taste,1
bus,1
turn,1
ware,1
probabilities,1
underlying,1
uncontroversial,1
contrary,1
body,1
columbia,1
applying,1
left,1
third,1
criterion,1
theoreticians,1
formulate,1
geological,1
spectre,1
look,1
spite,1
corrected,1
practically,1
critique,1
counterfactuals,1
looms,1
sun,1
guard,1
infinite,1
explicity,1
higher,1
behave,1
poor,1
observationally,1
recognized,1
adequate,1
testimony,1
ba,1
sentences,1
markings,1
generations,1
sort,1
basic,1
appreciation,1
notion,1
knew,1
mechanics,1
survives,1
rescue,1
talk,1
derived,1
proffered,1
easily,1
interferes,1
distant,1
govern,1
productive,1
consequences,1
space,1
references,1
bad,1
affect,1
supports,1
possibly,1
needless,1
sorts,1
discouraged,1
organized,1
evolved,1
bit,1
aura,1
presumably,1
section,1
elsewhere,1
distressing,1
objectivity,1
upper,1
potters,1
recovered,1
rationally,1
follow,1
requires,1
terminology,1
reorientation,1
conditional,1
instance,1
archeological,1
remarking,1
m,1
preference,1
stenner,1
numerical,1
plausibly,1
methodology,1
fluid,1
opponents,1
greater,1
talking,1
result,1
closely,1
advance,1
prehistoric,1
acceptable,1
lead,1
priori,1
concentration,1
allow,1
scientifically,1
grasped,1
typical,1
redefinitions,1
lived,1
noting,1
extinct,1
illness,1
initial,1
base,1
term,1
acquiring,1
late,1
circulation,1
eliminates,1
intervening,1
pure,1
ranking,1
honoring,1
equal,1
mate,1
hanson,1
viewed,1
analogous,1
applied,1
grounds,1
procedures,1
confirmation,1
required,1
acceleration,1
method,1
schema,1
construing,1
hopkins,1
symbolically,1
possibility,1
suspended,1
sites,1
weight,1
directly,1
scripture,1
none,1
having,1
artefacts,1
trial,1
basis,1
scriven,1
artifacts,1
consecutive,1
priesthood,1
ideal,1
carry,1
future,1
grouse,1
psychological,1
differ,1
denial,1
unfinished,1
secret,1
department,1
criticized,1
whole,1
discussions,1
obscured,1
partly,1
jo,1
actually,1
runs,1
statistics,1
call,1
personal,1
reflect,1
prescriptive,1
alan,1
doubtful,1
status,1
t,1
thread,1
citing,1
earth,1
concentrates,1
change,1
solution,1
sense,1
successful,1
rozeboom,1
working,1
adherents,1
distances,1
recast,1
things,1
wished,1
raiding,1
speculations,1
applicability,1
le,1
granddaughter,1
discourse,1
hole,1
arbitrary,1
talents,1
small,1
specificity,1
hypothetically,1
concerns,1
acts,1
differing,1
division,1
always,1
capitalized,1
logicians,1
necessity,1
dependent,1
dropping,1
paid,1
peculiar,1
gross,1
finds,1
predications,1
pot,1
am,1
seemed,1
avoid,1
periods,1
survived,1
f,1
portion,1
therefore,1
situation,1
summarize,1
requirement,1
inadequacy,1
indeed,1
misapply,1
motivated,1
notoriously,1
flowery,1
mathematicians,1
brief,1
constraints,1
object,1
prove,1
whatever,1
pendulums,1
ask,1
religious,1
innovation,1
antagonisms,1
biological,1
label,1
argumentation,1
recipe,1
eberle,1
pacific,1
emerged,1
suited,1
rules,1
happened,1
restricted,1
formally,1
specifics,1
subsuming,1
sociological,1
propounded,1
promotes,1
bromberger,1
couch,1
noted,1
rise,1
inheritance,1
picture,1
sketch,1
fill,1
street,1
party,1
fruitful,1
members,1
ackermann,1
book,1
technique,1
request,1
mentions,1
stating,1
motifs,1
towards,1
adherence,1
usefulness,1
equating,1
treatment,1
fundamental,1
pointer,1
relates,1
agree,1
abstract,1
enable,1
governed,1
really,1
understandable,1
drumming,1
granting,1
formulating,1
fashion,1
external,1
reasons,1
forms,1
observant,1
likelihood,1
everyday,1
increases,1
handed,1
equate,1
less,1
tell,1
material,1
minneapolis,1
simplicity,1
belief,1
hale,1
controversy,1
guarantees,1
pragmatists,1
years,1
interdisciplinarian,1
redman,1
week,1
becomes,1
entirety,1
exhibit,1
intent,1
crudely,1
considering,1
observable,1
treated,1
disputatious,1
organisms,1
derision,1
upon,1
range,1
values,1
helps,1
region,1
arose,1
enormous,1
manufactured,1
strongly,1
illumination,1
rages,1
host,1
determining,1
refers,1
factor,1
assume,1
obsessed,1
evolution,1
assign,1
rare,1
recovery,1
equivalently,1
continue,1
supposition,1
check,1
full,1
explanandurn,1
dating,1
ennis,1
theoretical,1
students,1
rejected,1
open,1
loosely,1
schematically,1
reality,1
directed,1
fallacy,1
express,1
disguised,1
utter,1
essay,1
faces,1
workers,1
arc,1
times,1
ri,1
function,1
him,1
reconstructed,1
played,1
after,1
artificial,1
glaring,1
interdisciplinarians,1
especially,1
dray,1
trying,1
evolutionary,1
become,1
relation,1
greatly,1
respectively,1
effect,1
axe,1
confusing,1
consulting,1
probably,1
slightly,1
inapplicable,1
lawso,1
dogmatism,1
hope,1
symmetrically,1
copying,1
brown,1
justice,1
reluctant,1
cake,1
compendium,1
entitled,1
factors,1
asking,1
kaplan,1
doubly,1
enumerated,1
movements,1
sometimes,1
crucial,1
naturally,1
practical,1
begin,1
resistant,1
ordinary,1
predict,1
watching,1
dimensions,1
bears,1
render,1
deals,1
expert,1
distort,1
often,1
sloganeering,1
achieve,1
slogan,1
composed,1
instances,1
itself,1
face,1
nowhere,1
gathered,1
matters,1
acquired,1
heavy,1
cakes,1
breach,1
preface,1
comes,1
series,1
mentioned,1
version,1
incorporated,1
throw,1
predictions,1
symbolic,1
rival,1
borrow,1
deductivenomological,1
appealing,1
alternative,1
dimension,1
control,1
cm,1
ignoring,1
steven,1
worth,1
novel,1
capability,1
did,1
half,1
reminiscent,1
report,1
misunderstood,1
obviously,1
perfectly,1
gas,1
fail,1
generalized,1
placing,1
places,1
phd,1
saying,1
knows,1
william,1
heads,1
investigation,1
terms,1
accounts,1
want,1
independently,1
character,1
add,1
proven,1
hoped,1
yield,1
psychology,1
phenomena,1
engineer,1
strain,1
nj,1
researchers,1
trivial,1
recognition,1
met,1
content,1
press,1
bn,1
die,1
subject,1
disciplines,1
puzzled,1
assumptions,1
went,1
confronted,1
substance,1
reconstruct,1
hydrogen,1
gloss,1
isolated,1
evidenced,1
aims,1
think,1
construed,1
reducible,1
subsumed,1
analogy,1
shards,1
shown,1
until,1
survival,1
unable,1
argues,1
justifiably,1
cambridge,1
advent,1
similarity,1
finding,1
formulates,1
numerous,1
write,1
catch,1
instead,1
disagree,1
cognitive,1
canadian,1
green,1
provided,1
clearest,1
states,1
involving,1
derive,1
seeks,1
measured,1
speak,1
roughly,1
summary,1
needs,1
assumed,1
classificatory,1
justify,1
pleased,1
briefest,1
develop,1
treating,1
among,1
taylor,1
alberta,1
meeting,1
asked,1
doing,1
daughter,1
close,1
occur,1
arizona,1
increase,1
