WORDCOUNTS,WEIGHT
the,46
and,37
of,34
in,29
to,18
i,15
archaeology,14
a,10
by,9
as,7
is,7
for,7
publication,6
be,6
ancient,5
this,5
an,5
themistocles,5
no,4
not,4
bruce,4
that,4
musical,4
are,4
instruments,4
submission,3
life,3
with,3
articles,3
was,3
or,3
history,3
any,3
ed,3
theme,3
law,3
ii,3
j,3
time,3
historical,3
seals,3
number,3
vol,3
editorial,3
issues,3
editor,3
early,3
greek,3
at,2
will,2
pierpont,2
m,2
illus,2
it,2
e,2
contribution,2
contributions,2
essays,2
stone,2
frank,2
space,2
months,2
morgan,2
policy,2
before,2
from,2
but,2
rome,2
regional,2
volume,2
paul,2
important,2
icg,2
each,2
intending,2
roman,2
book,2
kegan,2
frost,2
religion,2
man,2
date,2
techniques,2
papers,2
whether,2
form,2
issue,2
can,2
routledge,2
design,2
imperial,2
r,2
understanding,2
urban,2
art,2
planning,2
occasionally,2
marked,2
press,2
world,2
which,2
such,2
g,2
published,2
contributors,2
frier,2
trigger,2
recent,2
traditions,2
should,2
periods,1
may,1
portion,1
now,1
edith,1
poland,1
likely,1
io,1
page,1
note,1
matter,1
without,1
architecture,1
functioning,1
george,1
his,1
if,1
concerned,1
moyle,1
been,1
commentary,1
main,1
service,1
bound,1
clarifies,1
premodern,1
joan,1
conch,1
landscape,1
retrieval,1
idg,1
announced,1
subsistence,1
april,1
collections,1
analyzes,1
strongly,1
still,1
above,1
make,1
currency,1
legal,1
germany,1
b,1
leave,1
executive,1
their,1
one,1
class,1
auloi,1
study,1
analysis,1
designed,1
advised,1
library,1
holmes,1
constitutes,1
edited,1
miscellany,1
strictly,1
permission,1
approaches,1
eighteen,1
studies,1
photographs,1
technology,1
chronology,1
quantitative,1
excavation,1
uiniversi,1
into,1
literary,1
sociological,1
proprietors,1
thrice,1
source,1
princeton,1
w,1
upper,1
subscription,1
age,1
most,1
begins,1
linguistics,1
lower,1
surrey,1
social,1
titles,1
submit,1
members,1
june,1
text,1
also,1
other,1
cover,1
might,1
management,1
natural,1
view,1
colonization,1
all,1
stamp,1
many,1
water,1
rented,1
lund,1
prehistoric,1
fitted,1
december,1
shows,1
commission,1
eventful,1
ethnography,1
innovations,1
available,1
societies,1
chaloupka,1
printed,1
nt,1
great,1
britain,1
current,1
intrusion,1
cylinder,1
lived,1
classical,1
ino,1
new,1
john,1
demonstrating,1
australian,1
far,1
adder,1
end,1
nimet,1
contemporary,1
survey,1
examining,1
accompany,1
past,1
feature,1
february,1
boardman,1
late,1
porada,1
further,1
trouble,1
biogeography,1
roberts,1
political,1
though,1
senatorial,1
manner,1
caves,1
mainly,1
road,1
reviews,1
transmitted,1
accepted,1
burial,1
establish,1
relevant,1
contents,1
population,1
list,1
see,1
british,1
archaeomusicology,1
case,1
particular,1
rimmer,1
ahead,1
core,1
manuscripts,1
ltd,1
explain,1
reconstructing,1
recorded,1
alice,1
books,1
has,1
historians,1
lease,1
uncommissioned,1
marcelle,1
america,1
well,1
prior,1
some,1
private,1
data,1
unsolicited,1
work,1
epsom,1
publish,1
received,1
deaf,1
made,1
invited,1
nomads,1
point,1
transformed,1
part,1
x,1
including,1
introduced,1
sent,1
cajsa,1
related,1
reconstruction,1
yearly,1
nutrition,1
publishers,1
its,1
subject,1
montagu,1
assumptions,1
letter,1
food,1
landels,1
island,1
during,1
place,1
ien,1
diversity,1
maria,1
climatic,1
apartments,1
newtown,1
human,1
camelot,1
our,1
music,1
franklin,1
instrument,1
review,1
chemical,1
coles,1
lyre,1
theories,1
dating,1
southampton,1
netherlands,1
recording,1
lists,1
trade,1
gui,1
copies,1
archaeological,1
malinowski,1
approach,1
helen,1
october,1
scandinavia,1
write,1
author,1
charge,1
brass,1
peter,1
lectures,1
change,1
august,1
issn,1
mesopotamia,1
jasper,1
normally,1
jeremy,1
field,1
period,1
regular,1
anyone,1
stored,1
especially,1
asterisk,1
pierre,1
article,1
systems,1
six,1
research,1
oxon,1
egypt,1
single,1
publications,1
annual,1
progress,1
megaw,1
element,1
vincent,1
tenants,1
story,1
journal,1
tadeusz,1
using,1
save,1
technological,1
north,1
notes,1
about,1
appropriate,1
value,1
glyptic,1
preliminary,1
up,1
landlords,1
walls,1
