WORDCOUNTS,WEIGHT
the,259
of,191
and,133
in,107
a,60
to,60
as,42
sea,41
that,37
is,32
coastal,28
on,28
this,26
are,22
be,20
it,18
archaeology,18
with,16
by,16
people,16
from,14
university,14
also,14
areas,13
there,13
an,13
islands,12
for,12
press,12
which,11
been,10
was,10
local,10
seascapes,10
they,9
or,9
knowledge,9
its,9
not,8
their,8
volume,8
has,8
ritual,8
have,8
approach,8
way,7
how,7
seen,7
different,7
significance,7
archaeological,7
coast,7
world,7
at,6
may,6
these,6
more,6
important,6
new,6
patterns,6
r,6
maritime,6
use,6
human,6
between,6
britain,6
we,6
zones,6
he,5
landscape,5
life,5
but,5
social,5
fish,5
place,5
ireland,5
land,5
area,5
ships,5
oxford,5
c,5
can,5
particular,4
contact,4
gabriel,4
monuments,4
dead,4
cooney,4
boats,4
changes,4
seeing,4
us,4
into,4
several,4
changing,4
scotland,4
power,4
death,4
many,4
j,4
could,4
time,4
out,4
very,4
places,4
papers,4
marine,4
context,4
material,4
spiritual,4
understanding,4
activity,4
discussion,4
made,4
point,4
breen,4
island,4
t,4
g,4
would,4
application,4
provides,4
wider,4
early,4
focus,4
much,4
colin,3
medieval,3
might,3
who,3
introduction,3
b,3
significant,3
religious,3
communities,3
ian,3
mainland,3
impact,3
long,3
here,3
neolithic,3
cosmological,3
ancient,3
over,3
paper,3
prehistoric,3
east,3
societies,3
histories,3
daily,3
argue,3
beliefs,3
atlantic,3
zone,3
pattern,3
term,3
where,3
what,3
while,3
because,3
e,3
used,3
both,3
recognition,3
taking,3
newfoundland,3
maori,3
make,3
conditions,3
using,3
central,3
focuses,3
theoretical,3
such,3
scandinavia,3
sense,3
features,3
settlement,3
aidan,3
ship,3
traditional,3
northern,3
than,3
about,3
appropriate,3
hunt,3
linked,2
recognized,2
done,2
whose,2
m,2
liminal,2
van,2
rather,2
his,2
bring,2
across,2
play,2
return,2
tide,2
reference,2
process,2
methodologies,2
detailed,2
landmarks,2
contribution,2
landscapes,2
importance,2
group,2
movement,2
parts,2
one,2
makes,2
awareness,2
surprising,2
live,2
ways,2
when,2
pp,2
mediterranean,2
continuity,2
prehistory,2
perceived,2
chris,2
home,2
orkney,2
clearly,2
just,2
practice,2
barber,2
weather,2
same,2
without,2
journeys,2
experience,2
first,2
theme,2
indicate,2
useful,2
actually,2
puts,2
connection,2
paul,2
required,2
evidence,2
natural,2
fluid,2
control,2
all,2
other,2
key,2
europe,2
allow,2
tradition,2
habitually,2
half,2
lived,2
fishing,2
thinking,2
considerable,2
passage,2
state,2
robert,2
focused,2
caves,2
developing,2
them,2
british,2
making,2
side,2
levels,2
record,2
habitual,2
rich,2
seasonal,2
preoccupations,2
routledge,2
distance,2
number,2
priscilla,2
having,2
suggests,2
marked,2
w,2
s,2
travel,2
considering,2
emphasis,2
heart,2
trevor,2
through,2
african,2
irish,2
francis,2
underwater,2
diversity,2
writing,2
our,2
barstad,2
were,2
boat,2
brittany,2
only,2
similar,2
development,2
cambridge,2
disposal,2
similarity,2
national,2
de,2
points,2
change,2
contributors,2
actively,2
lifestyles,2
like,2
period,2
complex,2
mcniven,2
dry,2
off,2
pollard,2
elements,2
around,2
megaliths,2
perspective,2
back,2
potential,2
bell,2
symbol,2
create,2
journal,2
need,2
strong,2
taylor,2
example,2
should,2
looking,2
chronological,1
south,1
seems,1
entitled,1
carried,1
worldview,1
rights,1
wished,1
critical,1
siting,1
ending,1
fort,1
online,1
discussing,1
topography,1
interesting,1
colour,1
high,1
currently,1
relationship,1
transform,1
islandman,1
inhabit,1
note,1
identification,1
european,1
appreciating,1
visually,1
ridges,1
journey,1
if,1
strangford,1
later,1
indicated,1
crucial,1
ecological,1
l,1
action,1
main,1
criomthainn,1
medium,1
bowen,1
maintenance,1
papua,1
denmark,1
created,1
geophysical,1
comparative,1
site,1
expensive,1
separated,1
megalithic,1
dangers,1
extreme,1
inside,1
environmental,1
kind,1
forward,1
edges,1
order,1
widespread,1
moving,1
foraging,1
subsistence,1
referred,1
success,1
environments,1
combine,1
navigation,1
reconstruction,1
lough,1
sudden,1
generalist,1
determining,1
risk,1
currency,1
persistent,1
understand,1
comments,1
connect,1
wilson,1
humanity,1
traps,1
leave,1
ii,1
southern,1
tidal,1
spanning,1
inhabited,1
parker,1
special,1
study,1
often,1
properly,1
analysis,1
purposefully,1
stone,1
contributing,1
colonizing,1
myrhe,1
second,1
space,1
springs,1
expressing,1
griffith,1
types,1
phillips,1
interpretation,1
museum,1
ebb,1
means,1
approaches,1
references,1
arrangements,1
lives,1
weiner,1
jonathan,1
coverage,1
worlds,1
acquisition,1
association,1
case,1
alongside,1
kluwer,1
labyrinth,1
georgia,1
ensure,1
technology,1
under,1
spirit,1
restricted,1
varying,1
consider,1
water,1
seamarks,1
addressed,1
detail,1
sited,1
western,1
seas,1
northwest,1
history,1
title,1
nearby,1
impacts,1
robinson,1
associated,1
mesolithic,1
nineteenth,1
something,1
traces,1
ethnographic,1
dumping,1
preoccupation,1
no,1
greeks,1
compiling,1
princeton,1
al,1
seafaring,1
focusing,1
threat,1
peoples,1
already,1
must,1
age,1
themes,1
department,1
begins,1
geographic,1
itself,1
valued,1
lise,1
being,1
fact,1
advantage,1
symbolic,1
cunliffe,1
surface,1
seabed,1
stones,1
beyond,1
blasket,1
provision,1
ballard,1
physical,1
hence,1
tomais,1
sky,1
tides,1
successfully,1
noort,1
appealing,1
rappaport,1
crucially,1
afterlife,1
respected,1
flow,1
strategy,1
again,1
floating,1
appear,1
crew,1
caithness,1
methodology,1
put,1
shipwrecks,1
monthly,1
experienced,1
socialize,1
had,1
nature,1
asia,1
impede,1
my,1
came,1
shows,1
memory,1
location,1
referees,1
best,1
leading,1
et,1
examination,1
broadly,1
ad,1
undertake,1
great,1
mcgrail,1
access,1
differences,1
lilliput,1
allied,1
analyses,1
ambiguity,1
inevitably,1
pleased,1
recounting,1
grey,1
relation,1
any,1
hundred,1
located,1
facilitate,1
blackstaff,1
religion,1
contemporary,1
constant,1
variation,1
swim,1
identities,1
deemed,1
i,1
past,1
constantly,1
discussed,1
utilized,1
integrate,1
zealand,1
type,1
rhythms,1
better,1
date,1
handbook,1
adjacent,1
do,1
v,1
everyday,1
ground,1
centre,1
regard,1
meredith,1
particularity,1
surveys,1
within,1
continuing,1
seals,1
province,1
burial,1
spatial,1
whether,1
viewed,1
similarities,1
brick,1
worthwhile,1
celebrated,1
form,1
steffler,1
see,1
unites,1
rising,1
applied,1
appreciation,1
issue,1
separates,1
lane,1
tim,1
character,1
grounds,1
underworld,1
broadcasting,1
indicates,1
harpercollins,1
edinburgh,1
ltd,1
perhaps,1
axis,1
belief,1
college,1
glaciation,1
socialization,1
exploration,1
extent,1
reminder,1
negotiated,1
public,1
ofa,1
gives,1
fully,1
shore,1
metaphor,1
thames,1
acknowledgements,1
vehicle,1
aspects,1
orally,1
addresses,1
degree,1
well,1
shape,1
sites,1
interpreted,1
interpreting,1
gained,1
property,1
another,1
account,1
vol,1
emphasizing,1
becomes,1
some,1
capable,1
recognizing,1
data,1
port,1
teeming,1
work,1
shared,1
characterize,1
bc,1
understandable,1
seaways,1
gift,1
marking,1
thanks,1
repository,1
lundberg,1
move,1
richard,1
range,1
circumstances,1
braudel,1
community,1
prominent,1
four,1
likely,1
variations,1
trobrianders,1
occupants,1
part,1
timely,1
discusses,1
guinea,1
despite,1
scarre,1
prospect,1
mortuary,1
still,1
role,1
indigenous,1
along,1
comment,1
subject,1
hunting,1
childe,1
enduring,1
loss,1
expression,1
year,1
overview,1
realm,1
weirs,1
describe,1
discussions,1
assumption,1
emphasize,1
issues,1
demonstrates,1
ruppd,1
hudson,1
dublin,1
ritualization,1
concentrate,1
commented,1
au,1
falling,1
books,1
structures,1
jovanovich,1
quite,1
varied,1
viking,1
engaged,1
astrid,1
rituals,1
merit,1
nordenborg,1
named,1
international,1
weekly,1
question,1
complemented,1
express,1
harcourt,1
pennsylvania,1
understandings,1
powerful,1
described,1
explained,1
distinctive,1
promontories,1
open,1
counterpoint,1
meanings,1
clear,1
relative,1
since,1
diurnal,1
whaling,1
reality,1
twentieth,1
estuarine,1
authors,1
cosmic,1
finally,1
dominated,1
aware,1
trap,1
meanfully,1
domain,1
modern,1
good,1
value,1
relatively,1
ability,1
travels,1
issn,1
viewing,1
isles,1
times,1
plains,1
renouf,1
successful,1
cultural,1
juneau,1
specialists,1
unified,1
o,1
realization,1
things,1
bear,1
analysing,1
involve,1
functionalist,1
prevalence,1
trading,1
centrality,1
linking,1
lie,1
colleagues,1
geographical,1
programme,1
carson,1
earlier,1
running,1
last,1
standard,1
cases,1
remains,1
defining,1
late,1
archaic,1
underlying,1
odyssey,1
feasible,1
maintaining,1
archaeologies,1
needs,1
mind,1
archipelago,1
facing,1
transport,1
leads,1
especially,1
specific,1
outside,1
response,1
methods,1
valuable,1
brought,1
presence,1
picador,1
recalls,1
radio,1
research,1
australian,1
graphically,1
lineage,1
longman,1
brace,1
ancestral,1
ancestors,1
liquid,1
thye,1
vancouver,1
philip,1
seattle,1
raban,1
networks,1
beginning,1
d,1
always,1
visible,1
generally,1
suitability,1
cosmology,1
ownership,1
seal,1
given,1
posed,1
mcerlean,1
bradley,1
gould,1
tendency,1
recent,1
engagement,1
reflected,1
general,1
building,1
recurring,1
cemetery,1
regimes,1
valleys,1
conjoin,1
sailing,1
am,1
actions,1
chambers,1
draft,1
vividly,1
swimmers,1
widely,1
seascape,1
dispose,1
walls,1
alaska,1
operating,1
hypothesis,1
