WORDCOUNTS,WEIGHT
the,307
of,272
and,235
a,166
to,135
in,130
boats,121
by,79
be,74
or,72
is,66
this,59
are,56
as,54
from,47
boat,44
may,43
which,38
with,37
shell,35
class,34
classification,33
bark,31
have,31
for,30
water,29
transport,26
on,26
built,26
century,25
hide,24
s,24
not,23
techniques,23
construction,22
classes,22
skeleton,21
shape,21
framework,21
that,20
plank,20
other,19
waterproofing,19
but,18
reed,18
scheme,18
used,18
an,18
envelope,18
been,17
members,17
mcgrail,17
made,17
rafts,17
logboats,17
transformation,16
use,16
c,16
reduction,16
r,15
into,15
known,15
basket,15
has,15
some,15
such,15
it,14
was,14
maritime,14
would,14
hornell,13
materials,13
their,12
j,12
then,12
two,12
basketry,12
archaeological,12
were,12
than,12
structural,11
these,11
also,11
plate,11
similar,11
fig,11
should,11
at,10
if,10
attributes,10
they,10
one,10
h,10
museum,10
attribute,10
wooden,10
there,10
british,10
thus,10
archaeology,10
craft,10
rtc,10
medieval,9
skin,9
sean,9
towards,9
material,9
primary,9
sequence,9
t,9
general,9
several,9
national,9
those,9
woven,8
coiled,8
possibly,8
reports,8
e,8
only,8
more,8
bundle,8
form,8
america,8
planking,8
ships,8
bundles,8
therefore,7
basic,7
make,7
american,7
table,7
same,7
proposed,7
all,7
many,7
paper,7
i,7
type,7
ad,7
see,7
applied,7
types,7
figs,7
bc,7
watertight,7
extended,7
although,7
single,7
can,7
early,7
generally,7
building,7
no,6
expanded,6
specific,6
when,6
log,6
n,6
three,6
name,6
together,6
any,6
present,6
required,6
floats,6
quffa,6
raft,6
examples,6
waterproofed,6
pottery,6
defined,6
between,6
rather,5
his,5
principally,5
seen,5
logboat,5
certain,5
before,5
methods,5
seems,5
light,5
technique,5
canoes,5
different,5
d,5
could,5
choice,5
further,5
series,5
w,5
doubtful,5
irish,5
described,5
approach,5
level,5
complex,5
states,5
inserted,5
probably,5
boatbuilding,5
subsequently,4
dung,4
identification,4
names,4
indeed,4
sewn,4
outer,4
analysis,4
journal,4
bamboo,4
mirror,4
ancient,4
curachs,4
p,4
m,4
appear,4
readily,4
whereas,4
raw,4
had,4
europe,4
tarada,4
new,4
very,4
studies,4
classified,4
cultural,4
whether,4
analogous,4
rt,4
eg,4
method,4
clearly,4
none,4
possible,4
range,4
concept,4
related,4
its,4
moulded,4
world,4
vietnamese,4
bent,4
relatively,4
individual,4
earlier,4
especially,4
region,4
even,4
traditional,4
recognised,4
we,4
here,4
thought,4
will,3
does,3
builder,3
way,3
sometimes,3
main,3
arctic,3
l,3
schemes,3
primarily,3
ferriby,3
transformed,3
b,3
identify,3
siberia,3
added,3
modern,3
pp,3
considered,3
restricted,3
nmm,3
complete,3
note,3
following,3
bitumen,3
listed,3
most,3
regional,3
lead,3
requires,3
principles,3
buoyed,3
attempts,3
attempt,3
greater,3
cultures,3
my,3
prehistoric,3
based,3
outside,3
seem,3
fundamental,3
tradition,3
best,3
flotation,3
time,3
reveal,3
monograph,3
man,3
hewn,3
simple,3
state,3
lashed,3
manner,3
hollowed,3
existing,3
them,3
ones,3
chapelle,3
brigg,3
nautical,3
oceania,3
wood,3
institute,3
presented,3
strakes,3
aspects,3
size,3
work,3
international,3
rc,3
determined,3
flannel,3
through,3
sea,3
example,3
river,3
suder,3
undoubtedly,3
pelota,3
split,3
who,3
discussion,3
being,3
build,3
central,3
timbers,3
canvas,3
theoretical,3
years,3
frame,3
group,3
stressed,3
field,3
distinction,3
given,3
grass,3
characteristics,3
ribs,3
become,3
distinguished,3
northern,3
using,3
und,3
recent,3
about,3
am,3
covered,3
china,3
difficult,2
press,2
now,2
nineveh,2
he,2
unlikely,2
units,2
whose,2
reduced,2
south,2
mckee,2
overcomplex,2
common,2
coracles,2
identified,2
five,2
limited,2
junction,2
diagnostic,2
framing,2
planks,2
madsen,2
etc,2
still,2
after,2
study,2
herodotus,2
k,2
rudolph,2
principle,2
planked,2
von,2
criticism,2
reference,2
approaches,2
rigorous,2
considerations,2
technology,2
western,2
classify,2
anthropological,2
ie,2
something,2
ethnographic,2
university,2
potters,2
illustrated,2
japan,2
cutting,2
round,2
bending,2
surface,2
either,2
published,2
australia,2
kentley,2
volume,2
sweden,2
seven,2
later,2
important,2
culturally,2
others,2
cut,2
over,2
previous,2
fastening,2
inshore,2
hollowing,2
nature,2
analytical,2
closely,2
consideration,2
groups,2
genetic,2
future,2
indicate,2
babylon,2
confusion,2
jillabie,2
differences,2
moses,2
layer,2
might,2
larger,2
interstices,2
each,2
buoyancy,2
achieved,2
base,2
devised,2
johnstone,2
patterns,2
principal,2
kentmere,2
clusters,2
where,2
what,2
mainly,2
appears,2
einbaum,2
recently,2
shown,2
less,2
westerdahl,2
baltic,2
distribution,2
key,2
wide,2
cambridge,2
lists,2
well,2
produce,2
information,2
hybrid,2
lashing,2
suggests,2
basis,2
emphasis,2
both,2
fishing,2
floss,2
strengthened,2
significantly,2
part,2
ellmers,2
intended,2
balsa,2
vikings,2
ethnography,2
significant,2
aim,2
boatbuilders,2
during,2
rivers,2
much,2
because,2
authors,2
ideas,2
noted,2
moulding,2
questions,2
unstressed,2
royal,2
timber,2
ends,2
de,2
caulking,2
elongated,2
north,2
difference,2
significance,2
past,2
criticised,2
adding,2
comprehensive,2
zum,2
washington,2
change,2
times,2
include,2
bone,2
define,2
grateful,2
function,2
suggest,2
documentation,2
resin,2
obtained,2
mediterranean,2
did,2
straw,2
elements,2
items,2
around,2
heat,2
switsur,2
density,2
shapes,2
few,2
problems,2
often,2
combination,2
zaima,2
continuous,2
parenthesis,2
always,2
hollow,2
mixture,2
bulletin,2
question,2
results,2
period,2
skins,2
strengthening,2
evidence,2
evidently,2
christensen,2
knowledge,2
increasing,1
variation,1
periods,1
van,1
carried,1
f,1
consists,1
coil,1
england,1
suggestion,1
clenched,1
became,1
displacement,1
ruins,1
llyn,1
jahrbiicher,1
sample,1
spread,1
second,1
o,1
aid,1
pomeranian,1
piano,1
peopling,1
me,1
bull,1
resolution,1
metal,1
today,1
canoe,1
africa,1
dievenow,1
beech,1
transverse,1
horizontal,1
layard,1
requirement,1
science,1
subjected,1
square,1
mongolia,1
within,1
superficially,1
devise,1
across,1
dry,1
fuller,1
how,1
overall,1
nishimura,1
functional,1
arabia,1
termed,1
expansion,1
europeans,1
decades,1
unit,1
baidarka,1
explicit,1
favour,1
exist,1
widespread,1
thrown,1
hansen,1
records,1
worthy,1
becomes,1
fastened,1
rhine,1
hazel,1
prove,1
represented,1
followed,1
arts,1
replaced,1
holstein,1
above,1
dealt,1
basing,1
differentiating,1
descent,1
probability,1
indicates,1
disregard,1
reeds,1
contribution,1
vom,1
parisil,1
builders,1
sequences,1
modes,1
large,1
masons,1
strips,1
derived,1
covering,1
measurable,1
elementary,1
parts,1
llangorse,1
sheets,1
aborginies,1
needed,1
life,1
selection,1
assigned,1
emergency,1
extra,1
gilbert,1
existed,1
stone,1
discoveries,1
hull,1
schiff,1
roth,1
space,1
depicted,1
pacific,1
ostlichen,1
lobito,1
differentiation,1
ambiguities,1
cannot,1
yet,1
ways,1
interpretation,1
sri,1
arctica,1
done,1
itself,1
intermittent,1
addition,1
makes,1
compilation,1
case,1
adlard,1
landmark,1
resemble,1
belgium,1
cement,1
boote,1
earliest,1
vaka,1
amended,1
reasonably,1
ranges,1
recorders,1
detail,1
founders,1
objects,1
essential,1
coracle,1
hasten,1
cursory,1
cargo,1
terms,1
school,1
another,1
retained,1
birdsell,1
v,1
india,1
title,1
imposed,1
precisely,1
biadara,1
malecites,1
linked,1
korea,1
proved,1
lashings,1
section,1
culture,1
pots,1
amazon,1
logs,1
graveney,1
aboriginal,1
choices,1
indo,1
ethnographica,1
traveller,1
prehistory,1
nw,1
variety,1
batbyggeri,1
glossaries,1
princeton,1
complexity,1
descriptions,1
partly,1
indian,1
frequently,1
wales,1
incorporated,1
without,1
consider,1
must,1
impracticable,1
show,1
various,1
included,1
bengal,1
fashioned,1
ever,1
scarcely,1
increasingly,1
said,1
tried,1
reprinted,1
reinforced,1
extension,1
analytically,1
slats,1
vastergotland,1
isolation,1
useful,1
sources,1
recalibration,1
testament,1
plates,1
caulk,1
certainly,1
text,1
viskan,1
exploitation,1
cover,1
roman,1
production,1
subsidiary,1
madrague,1
alternative,1
doubtfully,1
wherever,1
thesiger,1
twilled,1
valid,1
handbuch,1
continues,1
der,1
mittler,1
piroga,1
give,1
tokyo,1
taken,1
provisional,1
military,1
tar,1
umiak,1
adapting,1
outcome,1
achievable,1
defining,1
subtractive,1
view,1
available,1
conceived,1
similarly,1
methodology,1
awaited,1
kenya,1
image,1
ingrid,1
felling,1
advanced,1
blacksmiths,1
plus,1
asia,1
iberoamericdnd,1
altering,1
definition,1
unlike,1
binding,1
fitted,1
acceptable,1
lack,1
ceylon,1
identifying,1
idea,1
temporary,1
manuscript,1
treatment,1
higher,1
latitudes,1
seeking,1
et,1
examination,1
found,1
sargon,1
proposal,1
problem,1
undertake,1
strabo,1
convert,1
called,1
constructions,1
britain,1
arabs,1
developed,1
reified,1
attempting,1
meddelanden,1
combinations,1
keel,1
euphrates,1
until,1
post,1
plaited,1
waters,1
norden,1
stabilising,1
iohannes,1
seamanship,1
deal,1
first,1
ocean,1
maps,1
basin,1
clinker,1
satakunta,1
antiquity,1
varied,1
cohesion,1
serruys,1
london,1
resulting,1
take,1
viking,1
distributions,1
arabian,1
subsequent,1
inland,1
juniper,1
almost,1
feature,1
precedence,1
berlin,1
fragments,1
representative,1
recommended,1
edition,1
living,1
curraghs,1
strength,1
analogy,1
watercraft,1
merely,1
forms,1
evident,1
skeletonbuilt,1
elm,1
roskilde,1
date,1
external,1
hand,1
chooses,1
eurasia,1
abstract,1
concepts,1
equally,1
shaped,1
fashioning,1
sunda,1
primitive,1
handelsschiffahrt,1
tarred,1
due,1
mun,1
honolulu,1
visualising,1
omitting,1
systematic,1
sheet,1
circular,1
derivation,1
float,1
reign,1
halifax,1
worldwide,1
conceiving,1
tools,1
relevant,1
preservative,1
finds,1
transfbrmation,1
produced,1
amur,1
ed,1
haddon,1
istorp,1
hides,1
och,1
evaluation,1
empty,1
necessary,1
otherwise,1
wealth,1
cairo,1
record,1
depending,1
converting,1
poles,1
tidigt,1
plains,1
pollen,1
forthcoming,1
abbott,1
classifying,1
procedures,1
plaiting,1
effort,1
theory,1
recorded,1
konger,1
availability,1
drafts,1
skinboats,1
routledge,1
neumuinster,1
task,1
tierra,1
bedevilled,1
immersed,1
penguin,1
her,1
near,1
possibility,1
mass,1
lap,1
al,1
argued,1
influenced,1
giens,1
marsden,1
junk,1
right,1
containers,1
remains,1
seldom,1
kegan,1
wrapped,1
warmer,1
classical,1
answers,1
directly,1
low,1
lends,1
virtually,1
acknowledgment,1
greenhill,1
kew,1
determinant,1
ground,1
tasmania,1
nordic,1
doran,1
lanka,1
investment,1
throwing,1
dissimilar,1
mmm,1
om,1
sewing,1
link,1
searched,1
throw,1
st,1
solid,1
barge,1
pram,1
bargelike,1
lands,1
capable,1
unlisted,1
structurally,1
additive,1
inadequate,1
preferred,1
obvious,1
im,1
sides,1
mongol,1
four,1
thereby,1
desired,1
cl,1
except,1
conceptual,1
x,1
conceivable,1
far,1
civilisation,1
southern,1
sixth,1
conception,1
uses,1
mittel,1
increase,1
allen,1
realistic,1
verified,1
knurrkahn,1
recognisable,1
constrained,1
african,1
data,1
nordeuropa,1
commonly,1
finland,1
description,1
homogenous,1
sufficient,1
entirely,1
contributor,1
whole,1
substance,1
implications,1
genuine,1
describe,1
mersey,1
obtain,1
lesser,1
intermediate,1
welldocumented,1
james,1
indebted,1
factor,1
references,1
corresponding,1
welsh,1
washstrakes,1
indians,1
lower,1
expertise,1
yorkshire,1
hmso,1
oceanic,1
allocated,1
processes,1
withstand,1
goal,1
netted,1
ethnographical,1
documentary,1
assignment,1
rewarding,1
volkstiimlichen,1
aids,1
operations,1
distinguishable,1
pakistan,1
optional,1
eric,1
additional,1
search,1
vessels,1
review,1
mongols,1
coles,1
classifed,1
california,1
believes,1
transom,1
relationships,1
frameworks,1
needham,1
obtaining,1
coastal,1
accuracy,1
recording,1
vii,1
grp,1
summarised,1
stanford,1
difficulties,1
artifact,1
ivb,1
inner,1
seacraft,1
notes,1
own,1
oruwa,1
substitutes,1
diverted,1
brindley,1
composed,1
initial,1
inflation,1
nile,1
tigari,1
distinguishing,1
twentieth,1
paradigm,1
friihmittelalterliche,1
permit,1
sverige,1
publication,1
regions,1
tailors,1
g,1
object,1
lakes,1
oriental,1
stockholm,1
ireland,1
incompleteness,1
janet,1
swedish,1
hamilton,1
held,1
newton,1
solution,1
instead,1
modifies,1
unwin,1
marsh,1
upon,1
describing,1
like,1
ambatch,1
need,1
belongs,1
workers,1
him,1
smaller,1
theoretically,1
deforming,1
diagrammatically,1
holes,1
del,1
linking,1
whilst,1
forced,1
warneminde,1
fields,1
turn,1
stimulated,1
stresses,1
navigation,1
black,1
quite,1
curania,1
distinct,1
old,1
late,1
bound,1
tibet,1
small,1
woodworking,1
pages,1
bay,1
cogs,1
academic,1
turned,1
recognition,1
curved,1
labels,1
cs,1
internal,1
smithsonian,1
denford,1
kuntenai,1
ship,1
carpini,1
leather,1
columbia,1
figure,1
galtabdcksbaten,1
clarify,1
conway,1
barkkanoter,1
giggleswick,1
provincial,1
australian,1
successful,1
convey,1
essentially,1
tree,1
texas,1
latest,1
greenwich,1
third,1
vary,1
umiaks,1
reducing,1
rkp,1
criterion,1
coast,1
do,1
sided,1
find,1
result,1
working,1
element,1
translate,1
majority,1
entire,1
white,1
polythetic,1
differ,1
tinkers,1
fastenings,1
glance,1
details,1
colleague,1
among,1
saw,1
technological,1
whenever,1
environmentally,1
conceive,1
outrigger,1
zones,1
paying,1
westmorland,1
users,1
traits,1
paul,1
asked,1
though,1
la,1
warrington,1
storey,1
enveloping,1
gourd,1
invest,1
barkbade,1
conceptually,1
