WORDCOUNTS,WEIGHT
the,477
of,291
and,182
to,132
in,127
a,102
as,54
is,49
for,47
on,46
that,44
from,41
was,40
sant,34
de,34
site,33
quirze,32
archaeological,32
can,32
history,30
at,28
it,27
local,27
research,27
la,27
has,26
del,26
educational,26
their,25
with,25
its,24
project,24
this,24
archaeology,23
education,21
by,18
which,18
an,18
teaching,17
be,17
valles,15
or,14
excavation,14
what,14
ies,14
have,14
been,13
al,13
heritage,13
during,13
young,13
el,12
pallas,12
pupils,12
not,11
school,11
historical,11
work,11
who,11
part,11
et,11
antoni,10
universitat,10
these,10
first,10
are,10
new,10
would,10
schools,10
en,9
autonoma,9
j,9
projects,9
secondary,9
well,9
both,9
were,9
one,9
area,9
between,9
i,8
social,8
barcelona,8
bardavio,8
out,8
since,8
through,8
place,8
years,8
rescue,7
group,7
prehistory,7
into,7
but,7
most,7
had,7
relating,7
designed,7
people,7
human,7
only,7
village,7
characteristics,7
inhabitants,6
they,6
two,6
being,6
over,6
many,6
nature,6
phase,6
past,6
landscape,6
material,6
development,6
knowledge,6
participated,6
field,6
specific,6
recent,6
activities,6
carried,5
per,5
study,5
about,5
environment,5
our,5
e,5
known,5
also,5
methodology,5
each,5
all,5
different,5
based,5
concepts,5
p,5
context,5
terms,5
population,5
form,5
urban,5
discovery,5
curriculum,5
historia,5
we,5
sense,5
bobila,5
drawn,5
general,5
content,5
will,4
led,4
second,4
way,4
growth,4
result,4
team,4
began,4
analysis,4
sciences,4
permission,4
residence,4
under,4
four,4
municipality,4
provide,4
cristina,4
other,4
fundamental,4
particularly,4
las,4
plate,4
where,4
teacher,4
system,4
outside,4
information,4
understanding,4
data,4
di,4
r,4
role,4
very,4
numerous,4
thus,4
madurell,4
such,4
there,4
directed,4
approach,4
make,4
obtained,4
learning,4
small,4
given,4
spain,4
y,4
remains,4
attention,4
neolithic,4
model,3
final,3
age,3
f,3
now,3
m,3
she,3
bring,3
groups,3
arqueologia,3
process,3
community,3
totally,3
importance,3
distant,3
logse,3
involvement,3
pp,3
municipal,3
then,3
experimental,3
long,3
more,3
philosophy,3
font,3
abilities,3
could,3
down,3
found,3
teachers,3
time,3
children,3
fifteen,3
objectives,3
thanks,3
personal,3
state,3
initial,3
last,3
academic,3
took,3
paloma,3
mr,3
cultural,3
focused,3
burial,3
particular,3
taught,3
patrimonio,3
ramon,3
number,3
participation,3
future,3
used,3
point,3
conceptual,3
interaction,3
due,3
lies,3
year,3
use,3
largely,3
framework,3
aims,3
throughout,3
ensefianza,3
until,3
spring,3
archaeologists,3
notes,3
excavations,3
need,3
so,3
pallais,3
barbera,3
after,3
construction,3
forms,3
spanish,3
although,3
methods,3
primary,3
pallahs,3
values,3
methodological,3
create,3
working,3
sabadell,3
evidence,3
appropriate,3
should,3
finds,3
implementation,3
seems,2
using,2
trends,2
twelve,2
relationship,2
locality,2
materials,2
identification,2
european,2
collected,2
if,2
figure,2
chance,2
identified,2
action,2
main,2
developed,2
stages,2
affairs,2
basic,2
various,2
might,2
valls,2
brief,2
levels,2
approaches,2
active,2
seen,2
detailed,2
entorn,2
ties,2
eight,2
needs,2
large,2
direct,2
comprised,2
contributions,2
class,2
positive,2
lacking,2
sets,2
neolitic,2
museum,2
months,2
investigating,2
gonzalez,2
studies,2
nor,2
classroom,2
neither,2
continuity,2
authorities,2
storia,2
linked,2
dig,2
sectors,2
series,2
families,2
belonging,2
already,2
calcolitic,2
department,2
extensive,2
potential,2
pallats,2
slope,2
programmes,2
followed,2
vallesai,2
members,2
channelled,2
schooling,2
questions,2
learners,2
taken,2
important,2
ciencias,2
europe,2
meaning,2
initially,2
sociales,2
towards,2
cent,2
including,2
walk,2
skills,2
best,2
leading,2
laboratory,2
appeared,2
reform,2
incorporation,2
ajuntament,2
end,2
visits,2
resulting,2
sought,2
purposes,2
rural,2
living,2
term,2
conclusions,2
further,2
researching,2
gatell,2
according,2
sociological,2
rapid,2
road,2
within,2
them,2
relevant,2
proposals,2
making,2
degree,2
evaluation,2
nearby,2
existence,2
attitudes,2
hoped,2
distribution,2
bones,2
directly,2
aspects,2
produce,2
rodriguez,2
another,2
some,2
possible,2
methodologies,2
situated,2
demographic,2
made,2
interest,2
brought,2
interdisciplinary,2
city,2
previously,2
goes,2
identity,2
plans,2
significant,2
focus,2
discussion,2
collective,2
world,2
writing,2
tumulus,2
real,2
services,2
dating,2
horizon,2
significance,2
discovered,2
three,2
objective,2
visited,2
g,2
related,2
beyond,2
analysed,2
creating,2
excavated,2
individual,2
disciplinary,2
times,2
collaboration,2
d,2
participating,2
constructed,2
optional,2
paths,2
changes,2
obligatory,2
cases,2
settlement,2
elements,2
developments,2
involved,2
why,2
explicit,2
few,2
wider,2
subjects,2
catalonia,2
become,2
meet,2
dormitory,2
acquire,2
examine,2
up,2
curricular,2
practically,2
filling,2
much,2
details,2
among,2
taylor,2
structured,2
stone,2
value,2
building,2
provided,2
curricula,2
programmed,2
baccalaureate,2
society,2
hypothesis,2
inhabitant,1
observational,1
phases,1
may,1
mufioz,1
institut,1
difficult,1
factors,1
go,1
thais,1
late,1
landscapes,1
arriving,1
online,1
pages,1
formazione,1
lo,1
he,1
together,1
interviewing,1
fa,1
arqueologiques,1
o,1
aid,1
done,1
cepap,1
town,1
added,1
situate,1
essential,1
back,1
diagrams,1
perspectives,1
hallazgo,1
absence,1
residual,1
ensefiar,1
bringing,1
testimony,1
restoration,1
opening,1
situ,1
english,1
scientific,1
surreptitiously,1
later,1
rev,1
sessions,1
altamira,1
materiales,1
bardario,1
primers,1
mon,1
dated,1
naturally,1
embarked,1
compatible,1
h,1
how,1
overall,1
aplicar,1
proselytize,1
adapt,1
keywords,1
limited,1
housing,1
intended,1
movimiento,1
affected,1
inside,1
environmental,1
lines,1
citizens,1
spend,1
characterization,1
nearly,1
determine,1
oel,1
orgainica,1
connection,1
extension,1
exercise,1
get,1
knew,1
secciones,1
culturally,1
un,1
affinity,1
consolidating,1
itself,1
c,1
refreshment,1
vol,1
earlier,1
henson,1
linguistic,1
passing,1
similar,1
suburban,1
registered,1
materiale,1
countries,1
recently,1
parts,1
partially,1
calcareous,1
agendas,1
owed,1
life,1
nuria,1
special,1
vigotski,1
escuela,1
saturdays,1
responsible,1
effective,1
enabled,1
manipulative,1
tend,1
lay,1
substrata,1
trickle,1
fundacio,1
mention,1
fall,1
ballart,1
once,1
indirectly,1
carretero,1
formed,1
surprising,1
space,1
corbishley,1
trainer,1
sort,1
centres,1
yet,1
intrinsic,1
akal,1
priorities,1
permeable,1
reason,1
examined,1
aesthetic,1
jonathan,1
whlat,1
waters,1
generalitat,1
javier,1
gathered,1
thought,1
sevilla,1
alzado,1
serve,1
sroutledge,1
council,1
meant,1
short,1
seeing,1
undergone,1
university,1
component,1
behaviour,1
matters,1
ensure,1
meters,1
us,1
undertaken,1
fixed,1
aulas,1
opened,1
valuing,1
share,1
laid,1
slowly,1
une,1
rarely,1
occupation,1
signposted,1
infrastructure,1
proved,1
before,1
section,1
complete,1
proposed,1
detailing,1
following,1
same,1
standards,1
inventory,1
cartografic,1
source,1
political,1
several,1
located,1
too,1
focusing,1
involving,1
frequented,1
investigando,1
circumstances,1
medi,1
autonomy,1
experience,1
included,1
diffusion,1
catalan,1
romanica,1
prehistoire,1
masvidal,1
recovered,1
fact,1
beside,1
termed,1
origins,1
neighbouring,1
isolated,1
opportunity,1
t,1
picture,1
cooperazione,1
grazing,1
problems,1
ltd,1
constructivismo,1
volume,1
majority,1
proposes,1
electoral,1
consequence,1
party,1
every,1
walnut,1
oral,1
dismantle,1
support,1
pallds,1
puts,1
cycle,1
cycles,1
organizational,1
production,1
jointly,1
movements,1
interests,1
cuesta,1
logistic,1
neighbours,1
book,1
structures,1
medieval,1
sistema,1
helped,1
ley,1
exists,1
propuestas,1
milieu,1
scientifique,1
suggested,1
providing,1
purely,1
defining,1
others,1
musical,1
realizing,1
death,1
treatment,1
pallhs,1
stands,1
conceived,1
gavaldai,1
put,1
l,1
allow,1
towns,1
equally,1
principally,1
addition,1
railway,1
enclosing,1
hours,1
official,1
cm,1
determined,1
aula,1
sheep,1
words,1
root,1
registration,1
handling,1
came,1
links,1
ceramic,1
whom,1
effecting,1
s,1
idea,1
path,1
unfold,1
affinities,1
location,1
daily,1
tradition,1
affectively,1
appearance,1
initiation,1
carrying,1
conservative,1
proposal,1
desire,1
argue,1
begun,1
studied,1
erosion,1
instituto,1
areas,1
skulls,1
vision,1
sobrevivira,1
abstract,1
access,1
regard,1
report,1
baills,1
rich,1
enable,1
follows,1
changed,1
government,1
any,1
hundred,1
docencia,1
facilitate,1
laterally,1
far,1
inspired,1
attractions,1
taphonomy,1
arise,1
oblivion,1
pyreneesorientales,1
ago,1
take,1
identities,1
valor,1
foster,1
flocks,1
free,1
momento,1
ensenyament,1
integrate,1
base,1
just,1
country,1
reasons,1
assessment,1
ariel,1
situation,1
crucial,1
better,1
rescuing,1
mind,1
behind,1
agricultors,1
mondays,1
frutos,1
instrumental,1
beginning,1
present,1
ground,1
knows,1
proposte,1
chain,1
informed,1
though,1
vague,1
searching,1
tribuna,1
pedagogies,1
confused,1
return,1
mediated,1
pedagogical,1
intersection,1
santacana,1
contents,1
residential,1
smardz,1
stability,1
hectares,1
less,1
depends,1
british,1
case,1
documenting,1
des,1
duran,1
necessary,1
popular,1
franco,1
occasional,1
placed,1
governmental,1
nuevas,1
sites,1
pains,1
procedures,1
universidad,1
mere,1
generic,1
along,1
besides,1
seminars,1
required,1
courtesy,1
encourage,1
reasoning,1
rolling,1
teenagers,1
como,1
professionals,1
formulation,1
consisting,1
weak,1
unaware,1
gives,1
week,1
constructivist,1
useful,1
her,1
siglo,1
while,1
reflected,1
going,1
drink,1
touch,1
acknowledgements,1
vehicle,1
third,1
institute,1
studying,1
publications,1
projection,1
models,1
recreational,1
eminently,1
redesigned,1
outstanding,1
shape,1
representations,1
scant,1
original,1
even,1
interpreting,1
property,1
having,1
almost,1
rediscovering,1
generations,1
typecast,1
descriptors,1
prior,1
relatives,1
marked,1
programa,1
closed,1
increase,1
socialization,1
quality,1
vast,1
exclusively,1
divided,1
enseianza,1
corresponded,1
reaching,1
planning,1
didactics,1
establishing,1
element,1
accelerate,1
gratitude,1
heading,1
una,1
steep,1
organize,1
magnificent,1
caixa,1
closer,1
level,1
range,1
carry,1
situating,1
preserved,1
relegated,1
professor,1
laia,1
concept,1
communities,1
formal,1
taking,1
currently,1
demarche,1
processes,1
extending,1
establishment,1
despite,1
collecting,1
courses,1
edn,1
confirm,1
press,1
became,1
november,1
test,1
core,1
minimal,1
juvenile,1
giving,1
medium,1
passeig,1
financed,1
foot,1
successive,1
ten,1
taller,1
step,1
elections,1
shopping,1
revista,1
went,1
fostering,1
informacio,1
linking,1
gave,1
kindly,1
hypotheses,1
universe,1
rock,1
artefacts,1
kept,1
arguments,1
arqueologica,1
francis,1
boletin,1
libre,1
interrelacio,1
inferences,1
memories,1
middleor,1
specialized,1
maintained,1
divulge,1
obligatoria,1
learned,1
fragments,1
eroding,1
objetos,1
regarding,1
roman,1
build,1
della,1
recovery,1
andaluz,1
gestion,1
documented,1
fulfil,1
come,1
chosen,1
focuses,1
raising,1
previous,1
option,1
reflect,1
issues,1
experiences,1
surely,1
shelter,1
olga,1
devoted,1
growing,1
rote,1
initiatives,1
students,1
described,1
clio,1
fieldwork,1
afternoons,1
facts,1
immediate,1
background,1
dynamics,1
horsori,1
requirements,1
archaeologicaleducational,1
generate,1
own,1
excavacions,1
run,1
ramaders,1
surrounded,1
aprender,1
laboratories,1
permit,1
programs,1
either,1
national,1
integral,1
rapidly,1
health,1
visualizing,1
makes,1
explaining,1
logic,1
entre,1
stressed,1
issn,1
fresh,1
course,1
learner,1
applicable,1
riba,1
grown,1
intention,1
homes,1
here,1
indicator,1
cddp,1
land,1
socially,1
generation,1
current,1
spread,1
huts,1
preservation,1
lithic,1
restructured,1
him,1
type,1
vocations,1
ability,1
departament,1
stage,1
didaictica,1
february,1
protest,1
obvious,1
regular,1
industrial,1
effects,1
piece,1
kind,1
defined,1
filled,1
off,1
programme,1
walkers,1
fuentes,1
adolescent,1
terrassa,1
davis,1
provides,1
acted,1
martin,1
mainstream,1
uso,1
old,1
reader,1
around,1
family,1
perspective,1
document,1
concrete,1
affective,1
feminist,1
june,1
catalunya,1
interviewed,1
news,1
choose,1
removed,1
k,1
compulsory,1
classmates,1
industry,1
migratory,1
civic,1
iron,1
eso,1
paisaje,1
narrow,1
broadening,1
visor,1
skeletons,1
references,1
bone,1
consisted,1
languages,1
firstand,1
overtaken,1
garcia,1
witnessed,1
effect,1
nuova,1
didactic,1
educativo,1
regards,1
debate,1
structure,1
undertaking,1
postmodernidad,1
coinciding,1
generally,1
identify,1
geological,1
st,1
archaeologist,1
pallis,1
consequently,1
backwards,1
stimulating,1
inaccessible,1
attracted,1
results,1
proper,1
paid,1
storica,1
etc,1
geography,1
burials,1
notice,1
than,1
answers,1
didattica,1
cloud,1
away,1
responsibility,1
nothing,1
develop,1
preliminary,1
united,1
simple,1
contacting,1
barberai,1
investigations,1
rubble,1
immigration,1
impressions,1
cultura,1
exponentially,1
enjoy,1
promising,1
major,1
culturisation,1
simulating,1
experienced,1
vessant,1
means,1
manuel,1
clearest,1
els,1
