WORDCOUNTS,WEIGHT
the,462
of,301
and,247
in,231
a,143
to,111
with,88
burial,87
for,57
grave,56
that,54
as,47
ritual,47
have,40
is,38
from,37
been,36
artefacts,36
goods,35
be,35
at,34
this,34
deposition,33
was,32
were,32
not,31
or,30
mortuary,29
archaeological,29
are,26
early,26
furnished,25
by,24
age,24
on,24
may,23
it,23
christian,23
burials,23
associated,23
england,23
social,22
british,22
an,22
gold,22
cemeteries,21
religious,20
deposits,20
pp,19
archaeology,19
between,19
medieval,18
votive,18
which,18
female,17
their,17
but,17
these,17
j,17
cemetery,17
m,16
had,16
iron,16
c,16
final,15
cult,15
new,15
within,15
part,15
pagan,15
might,14
roman,14
some,14
phase,14
evidence,14
garnet,14
if,13
other,13
found,13
e,12
there,12
such,12
crawford,12
seventh,11
has,11
any,11
community,10
studies,10
series,10
buried,10
wealth,10
cruciform,10
sally,10
graves,10
also,10
represent,9
church,9
dead,9
reports,9
s,9
those,9
belief,9
sites,9
assemblages,9
change,9
world,9
society,9
does,8
no,8
one,8
into,8
only,8
all,8
jewellery,8
where,8
use,8
would,8
period,8
even,8
brooch,7
act,7
they,7
why,7
remains,7
material,7
university,7
being,7
backhouse,7
location,7
interpreted,7
very,7
religion,7
her,7
number,7
r,7
activity,7
both,7
explanation,7
place,7
places,7
individual,7
d,7
century,7
than,7
cross,7
rather,6
similar,6
b,6
space,6
suffolk,6
appear,6
distinction,6
did,6
context,6
webster,6
east,6
while,6
composite,6
inhumation,6
earlier,6
settlement,6
items,6
old,6
k,6
women,6
when,6
pendant,5
ideology,5
pendants,5
kent,5
h,5
changes,5
included,5
deposited,5
then,5
w,5
most,5
two,5
t,5
dr,5
blair,5
power,5
iconography,5
could,5
time,5
circulation,5
political,5
symbols,5
silver,5
christianity,5
practice,5
ancestral,5
significant,5
institute,5
sutton,5
britain,5
sacred,5
can,5
structure,5
including,5
appropriate,5
valuable,5
common,4
way,4
figure,4
identified,4
site,4
harford,4
cremation,4
seen,4
deposit,4
churchyard,4
led,4
barrow,4
offerings,4
centres,4
interpretation,4
necessarily,4
before,4
culture,4
placed,4
must,4
majority,4
press,4
taken,4
l,4
report,4
out,4
necklace,4
personal,4
late,4
ages,4
gwilt,4
english,4
perhaps,4
woman,4
almost,4
possible,4
examples,4
concentration,4
establishment,4
northern,4
structures,4
significance,4
gaimster,4
conversion,4
de,4
hadley,4
domain,4
good,4
nor,4
archaeologists,4
oxbow,4
few,4
body,4
presence,4
anglian,4
dedicated,4
st,4
we,4
recent,4
should,4
model,3
reflecting,3
sometimes,3
inclusion,3
shrines,3
death,3
approaches,3
boss,3
permanent,3
after,3
parker,3
study,3
analysis,3
offering,3
second,3
table,3
conscious,3
communal,3
females,3
organization,3
linked,3
dress,3
same,3
york,3
variety,3
without,3
questions,3
bronze,3
funerary,3
esmonde,3
more,3
human,3
explain,3
view,3
many,3
nature,3
paper,3
geake,3
haselgrove,3
seem,3
belong,3
argue,3
display,3
p,3
children,3
expressing,3
monograph,3
review,3
i,3
living,3
type,3
men,3
cleary,3
artefact,3
circular,3
ecclesiastical,3
whether,3
milton,3
form,3
cannot,3
case,3
particular,3
ideological,3
conspicuous,3
changing,3
well,3
functional,3
demonstrated,3
middle,3
hawkes,3
west,3
through,3
international,3
identity,3
gender,3
art,3
aspect,3
processes,3
rituals,3
affiliation,3
practices,3
reconstructing,3
pattern,3
argument,3
dedicating,3
scandinavia,3
group,3
least,3
although,3
suggest,3
treasure,3
mediterranean,3
buriers,3
research,3
excavations,3
churches,3
costume,3
documentary,3
taylor,3
messages,3
building,3
finds,3
sixth,3
bury,3
seems,2
pearson,2
periods,2
van,2
fifty,2
now,2
suggestion,2
relationship,2
mended,2
recognized,2
ceremonial,2
matter,2
secular,2
weaponry,2
his,2
birmingham,2
wary,2
barrows,2
impressive,2
play,2
still,2
introduction,2
make,2
notably,2
surviving,2
proportion,2
disc,2
certain,2
large,2
settlements,2
southern,2
american,2
life,2
often,2
saxon,2
likely,2
motivation,2
macgregor,2
museum,2
effort,2
monuments,2
dent,2
read,2
me,2
message,2
continuity,2
grove,2
fifth,2
equally,2
objects,2
us,2
family,2
neither,2
established,2
hamerow,2
clear,2
roach,2
under,2
just,2
n,2
impact,2
meaney,2
arguing,2
mediaeval,2
version,2
too,2
different,2
fact,2
first,2
record,2
putting,2
hoard,2
temple,2
depositions,2
holy,2
noort,2
pious,2
set,2
hoo,2
exception,2
decoration,2
others,2
systems,2
wiltshire,2
over,2
continental,2
swallowcliffe,2
put,2
fundamental,2
towards,2
prehistoric,2
outside,2
lack,2
idea,2
opposition,2
archaeologically,2
arrival,2
wide,2
down,2
broken,2
opposing,2
hands,2
short,2
assemblage,2
offers,2
exclusion,2
recoverable,2
hoards,2
rich,2
pouch,2
fabech,2
particularly,2
link,2
wessex,2
john,2
peak,2
harke,2
kingdom,2
past,2
beliefs,2
merely,2
catalogue,2
sword,2
do,2
centre,2
hall,2
penn,2
what,2
landscape,2
notable,2
accepted,2
relevant,2
similarities,2
terms,2
ad,2
less,2
answer,2
references,2
threadboxes,2
scale,2
containers,2
attitudes,2
forthcoming,2
recorded,2
debate,2
routledge,2
extent,2
king,2
style,2
method,2
cambridge,2
utilitarian,2
bracteates,2
shafts,2
coin,2
impression,2
identifiable,2
because,2
boat,2
roundway,2
clearly,2
vol,2
another,2
information,2
quantities,2
suggests,2
emphasis,2
given,2
bc,2
spaces,2
contexts,2
cambridgeshire,2
made,2
bodies,2
sacrifices,2
intention,2
distinguish,2
taking,2
europe,2
bolick,2
christianisation,2
manufactured,2
quantity,2
symbolism,2
its,2
loss,2
gave,2
dedication,2
francis,2
specifically,2
conflict,2
includes,2
chosen,2
until,2
years,2
status,2
hedeagar,2
three,2
communicated,2
hierarchy,2
burying,2
g,2
related,2
pin,2
helena,2
include,2
hard,2
range,2
so,2
buildings,2
hardly,2
symbolic,2
wealthiest,2
diversity,2
replaced,2
christians,2
offer,2
exclude,2
standard,2
provides,2
hedeager,2
dialogue,2
argues,2
offered,2
problems,2
wider,2
ship,2
eighth,2
normal,2
difficulty,2
decline,2
ancestors,2
interpretations,2
weapons,2
deliberate,2
array,2
drawn,2
consumption,2
deceased,2
wells,2
frankish,2
northamptonshire,2
grateful,2
extremely,2
major,2
motif,2
scandinavian,1
ending,1
theuw,1
using,1
difficult,1
themes,1
media,1
affiliations,1
devotion,1
consists,1
steps,1
oxford,1
online,1
manifestations,1
explanations,1
members,1
cuthbert,1
high,1
fenced,1
scarce,1
replacing,1
continued,1
whose,1
child,1
unrecognized,1
edix,1
beyond,1
played,1
pectoral,1
positions,1
aged,1
contact,1
jewels,1
reviewer,1
identification,1
bedfordshire,1
heroes,1
surveys,1
fairly,1
urns,1
meaning,1
usually,1
economic,1
shepherd,1
ways,1
main,1
ixworth,1
allegiance,1
across,1
mdrovingiens,1
developed,1
imported,1
correlations,1
ageing,1
proceedings,1
bound,1
ready,1
pieces,1
amethyst,1
keywords,1
valid,1
reasonable,1
psychological,1
kilbride,1
everyone,1
intended,1
humility,1
unconscious,1
acknowledged,1
transition,1
favour,1
forward,1
retrieval,1
festoons,1
wetland,1
widespread,1
class,1
gazetteer,1
sewn,1
affirming,1
blacklow,1
implies,1
prevailing,1
jewelry,1
object,1
gift,1
unwin,1
hyslop,1
pestell,1
adoption,1
approaching,1
cunnon,1
booty,1
sphere,1
norwich,1
rigid,1
comments,1
connected,1
ofarchaeology,1
sandwiched,1
transformation,1
importance,1
se,1
fittings,1
strategic,1
brand,1
stoodley,1
sculptured,1
complex,1
worship,1
leighton,1
archaeologia,1
testifies,1
irretrievable,1
assuming,1
shaping,1
intend,1
mourners,1
opposite,1
propitiate,1
tend,1
white,1
ozanne,1
about,1
feel,1
hope,1
sheffield,1
word,1
once,1
unmarried,1
surprising,1
informative,1
factors,1
result,1
regis,1
supposed,1
yet,1
antiquarian,1
reinterpretation,1
reference,1
wetlands,1
reason,1
soul,1
factor,1
bracteate,1
fit,1
reclaiming,1
making,1
quarto,1
emulation,1
relationships,1
beowulf,1
territories,1
modern,1
parts,1
notwithstanding,1
chamberlains,1
excludes,1
tribe,1
whereas,1
dickinson,1
sharing,1
repairer,1
skeleton,1
trace,1
dichotomy,1
moment,1
detail,1
policy,1
key,1
western,1
smith,1
emphasize,1
organic,1
proof,1
unlike,1
contained,1
lowland,1
garnets,1
who,1
rarely,1
seeing,1
archaic,1
takes,1
light,1
byzantine,1
note,1
following,1
marking,1
shifting,1
prototypes,1
numbers,1
traces,1
articulated,1
northants,1
source,1
jewelled,1
complexity,1
argued,1
natural,1
words,1
pagans,1
four,1
agricultural,1
show,1
always,1
various,1
discovered,1
demonstrate,1
simply,1
hines,1
rites,1
ever,1
commented,1
she,1
consistent,1
rise,1
origins,1
frameworks,1
indistinguishable,1
known,1
isolated,1
follow,1
robbing,1
equate,1
suites,1
indications,1
organisation,1
volume,1
poem,1
lightly,1
lavish,1
ornament,1
evaluation,1
long,1
mound,1
millett,1
pontifical,1
rite,1
certainly,1
symbol,1
name,1
creation,1
creations,1
snodgrass,1
alternative,1
shifted,1
setting,1
theory,1
repertoire,1
frequently,1
later,1
important,1
secgan,1
military,1
longer,1
mark,1
throwing,1
dimension,1
cut,1
humans,1
dominated,1
reflections,1
motifs,1
tolerated,1
burnham,1
working,1
simplest,1
greater,1
expressed,1
arnold,1
custom,1
tomb,1
closely,1
definition,1
distribution,1
true,1
damaged,1
antiquaries,1
immense,1
reviewed,1
gone,1
individuals,1
stack,1
temples,1
leading,1
paramount,1
areas,1
leaders,1
albans,1
denoted,1
together,1
tours,1
hwa,1
desire,1
clarendon,1
studied,1
simple,1
carver,1
current,1
indeed,1
domestic,1
archdologie,1
ne,1
relating,1
suggesting,1
swift,1
peter,1
larger,1
kleiner,1
scotland,1
suggested,1
thanks,1
demonstrating,1
onto,1
end,1
state,1
near,1
indisputably,1
separating,1
primary,1
afterlife,1
examining,1
going,1
considerable,1
puttock,1
distinctive,1
caistor,1
dates,1
heirloom,1
speake,1
serious,1
spong,1
passage,1
notoriously,1
representative,1
reasons,1
term,1
oliver,1
hill,1
last,1
scutiform,1
conclusions,1
took,1
boydell,1
discs,1
say,1
beads,1
affair,1
left,1
blackwell,1
abstract,1
everyday,1
ground,1
displayed,1
gifts,1
understood,1
cultural,1
according,1
leeds,1
powers,1
due,1
reading,1
committed,1
halls,1
kaem,1
relations,1
behind,1
reviews,1
sanctify,1
metalworking,1
carefully,1
investigation,1
angles,1
farrell,1
combined,1
lecturer,1
papers,1
contents,1
pits,1
selected,1
shown,1
magnate,1
lines,1
character,1
nearby,1
exotic,1
males,1
cloths,1
malim,1
brighthampton,1
supernatural,1
elusive,1
indicates,1
sake,1
edinburgh,1
showing,1
ltd,1
imputing,1
seminar,1
excavators,1
condemn,1
required,1
central,1
donation,1
collections,1
frequency,1
ostentatious,1
problem,1
interpreting,1
gods,1
gives,1
wigber,1
explicitly,1
primarily,1
really,1
firm,1
sparse,1
experiment,1
motivating,1
distinguishes,1
dark,1
polities,1
shape,1
remove,1
design,1
figs,1
local,1
imagine,1
account,1
original,1
simon,1
buckles,1
suppress,1
nonetheless,1
popular,1
private,1
politics,1
snape,1
receive,1
richards,1
meaningful,1
infant,1
investment,1
driscoll,1
used,1
signify,1
coffins,1
necklaces,1
whom,1
negated,1
belonging,1
buttermarket,1
amos,1
rz,1
quality,1
solely,1
functions,1
discovery,1
sensible,1
move,1
richard,1
underemphasize,1
level,1
hundred,1
emergent,1
gatherings,1
crandall,1
presumed,1
heart,1
baker,1
brooches,1
rubbish,1
recognition,1
unless,1
occurring,1
prompted,1
brought,1
stake,1
allen,1
desired,1
point,1
decisive,1
keys,1
altogether,1
fundraires,1
indicating,1
knowledge,1
increase,1
communication,1
became,1
markedly,1
northumbria,1
confirms,1
allows,1
warrior,1
skeletal,1
centuries,1
commonly,1
subject,1
ring,1
description,1
though,1
lies,1
organising,1
reappraisal,1
ethnographic,1
ethnography,1
expression,1
ironworking,1
kindly,1
kingston,1
possessions,1
largely,1
mortunary,1
represented,1
rivers,1
paganism,1
arguments,1
acknowledgements,1
overtly,1
hleste,1
irrecoverable,1
demonstrates,1
variation,1
collective,1
sibertswold,1
bradley,1
reportedly,1
deities,1
people,1
cheated,1
boddington,1
bed,1
placing,1
repeatedly,1
ethnic,1
childhood,1
gulleys,1
london,1
recovery,1
dwellers,1
chapters,1
et,1
hung,1
throughout,1
royal,1
full,1
markers,1
away,1
question,1
reinforcing,1
tantalizing,1
filigree,1
appreciated,1
formation,1
anglia,1
epic,1
millefiori,1
cba,1
models,1
famously,1
explained,1
invisible,1
wye,1
differentiation,1
alan,1
destruction,1
low,1
difference,1
reaction,1
open,1
clothed,1
lands,1
disposal,1
surface,1
cease,1
richest,1
since,1
sustain,1
historic,1
against,1
mitigating,1
publication,1
underpinned,1
feature,1
aristocratic,1
analysed,1
earth,1
interest,1
decorated,1
depositional,1
ireland,1
burnt,1
rome,1
worn,1
relatively,1
identify,1
enclosures,1
ritually,1
register,1
cradle,1
insight,1
instead,1
gendered,1
furnishing,1
sense,1
indicator,1
powerful,1
characterized,1
rhind,1
fulfilled,1
idiom,1
need,1
hingley,1
forefront,1
wearer,1
o,1
openings,1
features,1
sample,1
glass,1
thoughtful,1
own,1
france,1
antiquity,1
arena,1
sources,1
contrast,1
forming,1
imposed,1
area,1
hold,1
emphasizes,1
pushed,1
resting,1
oxfordshire,1
unenclosed,1
around,1
editor,1
stray,1
sofaer,1
small,1
journey,1
sides,1
graveyards,1
morning,1
anonymous,1
arguably,1
concept,1
written,1
am,1
respective,1
brush,1
specific,1
supported,1
sentiment,1
having,1
back,1
knives,1
fig,1
removed,1
ninth,1
neumann,1
distinctions,1
competitive,1
intricate,1
unaccompanied,1
holds,1
glimpse,1
single,1
myth,1
allowing,1
ornaments,1
texas,1
latest,1
issn,1
effective,1
exact,1
tended,1
reached,1
truly,1
amber,1
carrying,1
fashions,1
find,1
likelihood,1
fully,1
commission,1
barely,1
coinciding,1
up,1
equipment,1
severely,1
little,1
assumptions,1
traditional,1
reconciling,1
vice,1
focus,1
figures,1
hmso,1
scyld,1
details,1
strong,1
among,1
apparently,1
indicate,1
dedicatory,1
postholes,1
observed,1
onfeng,1
provided,1
undermine,1
value,1
goes,1
delivered,1
money,1
generation,1
acted,1
inhabiting,1
influence,1
haeled,1
draft,1
customs,1
preventing,1
claudia,1
reducing,1
widely,1
expressive,1
struggles,1
decision,1
hypothesis,1
mechanism,1
summary,1
societies,1
