WORDCOUNTS,WEIGHT
and,14
the,13
of,9
in,7
to,5
for,4
a,4
routledge,3
paul,3
kegan,3
issues,3
dating,2
it,2
as,2
by,2
themes,2
cover,2
ltd,2
aspects,2
m,2
will,2
archaeology,2
some,2
london,2
printed,2
not,2
be,2
with,2
time,2
new,2
j,2
at,1
reading,1
southampton,1
thrice,1
thomas,1
chronological,1
from,1
preparation,1
f,1
mate,1
immediate,1
fleming,1
press,1
now,1
received,1
whether,1
contents,1
subscription,1
list,1
three,1
british,1
archaeological,1
zoo,1
homer,1
dolley,1
philip,1
particular,1
page,1
coincides,1
ehrich,1
g,1
theme,1
robbing,1
isolated,1
birthe,1
peter,1
published,1
regular,1
medieval,1
reviews,1
ralph,1
l,1
books,1
wilfred,1
times,1
mark,1
ethnography,1
problems,1
land,1
zealand,1
would,1
shawcross,1
free,1
an,1
ll,1
buildings,1
biddle,1
projected,1
important,1
excavation,1
announced,1
welcome,1
supplementing,1
future,1
building,1
w,1
martin,1
all,1
remains,1
literature,1
work,1
evans,1
publish,1
are,1
on,1
india,1
october,1
june,1
s,1
potential,1
contributions,1
areas,1
k,1
carter,1
lqw,1
myth,1
single,1
editors,1
oxon,1
funerary,1
great,1
michael,1
is,1
current,1
britain,1
copies,1
post,1
mp,1
yearly,1
irish,1
interpretation,1
elizabeth,1
annual,1
any,1
archaeologist,1
articles,1
barker,1
journal,1
han,1
world,1
editorial,1
robert,1
i,1
recent,1
consider,1
chronology,1
coins,1
c,1
feature,1
policy,1
evidence,1
freshwater,1
or,1
camelot,1
ancient,1
mollusca,1
suggestions,1
andrew,1
further,1
ucko,1
planned,1
radiocarbon,1
orders,1
thermoluminescence,1
glad,1
timber,1
review,1
proprietors,1
