WORDCOUNTS,WEIGHT
the,128
of,98
and,73
in,54
a,39
to,27
i,26
be,21
at,18
should,18
on,17
is,15
he,14
university,13
archaeology,13
by,11
for,11
with,10
this,10
book,9
volume,9
new,9
london,9
its,9
an,9
from,7
that,7
now,6
his,6
maps,6
or,6
first,6
paul,6
many,6
j,6
are,6
has,6
which,6
de,6
as,6
x,6
not,5
paper,5
r,5
work,5
professor,5
archaeological,5
author,5
contributors,5
times,5
may,4
crete,4
colour,4
been,4
e,4
introduction,4
history,4
director,4
age,4
department,4
plates,4
mosaics,4
ii,4
frescoes,4
m,4
roman,4
great,4
jewellery,4
c,4
underwood,4
line,4
art,4
have,4
proofs,4
isis,4
it,3
note,3
ready,3
site,3
return,3
pendlebury,3
study,3
britain,3
about,3
drawings,3
pp,3
ancient,3
palace,3
text,3
all,3
anthropology,3
cm,3
prehistoric,3
kegan,3
brian,3
end,3
historical,3
date,3
eg,3
institute,3
sites,3
world,3
editor,3
publication,3
late,3
than,3
contains,3
la,3
final,2
chronological,2
will,2
civilization,2
without,2
service,2
edward,2
en,2
intended,2
brief,2
college,2
who,2
garden,2
they,2
b,2
executive,2
southern,2
discoveries,2
antiquities,2
yet,2
s,2
centuries,2
reference,2
modern,2
east,2
prehistory,2
western,2
thesis,2
was,2
already,2
illustrated,2
most,2
two,2
rise,2
published,2
exceed,2
dr,2
set,2
comparative,2
important,2
over,2
printer,2
supplied,2
cultures,2
copy,2
cloth,2
out,2
john,2
fishbourne,2
byzantine,2
serious,2
took,2
studies,2
born,2
where,2
within,2
lecturer,2
ad,2
ed,2
record,2
manuscripts,2
routledge,2
aspects,2
development,2
bc,2
discovery,2
barry,2
sent,2
himself,2
doe,2
throughout,2
full,2
such,2
years,2
quality,2
own,2
copies,2
authors,2
national,2
write,2
good,2
individual,2
their,2
bronze,2
glob,2
d,2
working,2
period,2
need,2
handbooks,2
witt,2
offprints,2
sinclair,2
century,2
charles,2
catalogue,2
news,2
introductory,2
between,2
minoan,2
research,2
reached,2
hood,2
early,2
student,2
surveys,2
corrected,2
describes,2
details,2
stone,2
faber,2
culmination,1
european,1
carried,1
seventh,1
undergraduate,1
sols,1
via,1
film,1
christian,1
currently,1
second,1
ranging,1
evaluates,1
york,1
diagrams,1
grammar,1
exeter,1
no,1
changing,1
oxi,1
edited,1
iiuii,1
illus,1
card,1
mentary,1
if,1
ba,1
alix,1
later,1
bettered,1
bring,1
reissues,1
l,1
economic,1
doctoral,1
glasgow,1
short,1
developed,1
scholar,1
created,1
joan,1
classic,1
widespread,1
preparing,1
boxed,1
complethe,1
egyptian,1
cult,1
july,1
still,1
reconstruction,1
titled,1
began,1
manuscript,1
iuen,1
visual,1
denmark,1
supplement,1
contribution,1
sending,1
electrique,1
iconographic,1
contents,1
registered,1
obtainable,1
length,1
wc,1
worship,1
antiquity,1
summarizing,1
mounted,1
agios,1
cyprus,1
archeologie,1
denise,1
fra,1
white,1
xxvith,1
frank,1
word,1
scattered,1
oxford,1
table,1
derek,1
confines,1
indus,1
glossy,1
asiatic,1
federal,1
h,1
o,1
museum,1
monuments,1
recherches,1
face,1
canada,1
quarto,1
articles,1
makes,1
arts,1
read,1
environment,1
normandie,1
council,1
lecaddress,1
earliest,1
threat,1
maiden,1
addressed,1
detail,1
undertaken,1
temperate,1
established,1
school,1
seems,1
description,1
assistant,1
literary,1
earned,1
included,1
kariye,1
bog,1
bordes,1
wealth,1
ordered,1
islam,1
complete,1
k,1
during,1
galley,1
newcomer,1
bordeaux,1
convincingly,1
hejaz,1
result,1
series,1
mediaeval,1
but,1
faiths,1
listed,1
w,1
peoples,1
materials,1
these,1
franoois,1
univers,1
provide,1
extensive,1
ever,1
scarcely,1
typed,1
additional,1
member,1
origins,1
only,1
cunliffe,1
follow,1
maitre,1
fagan,1
avoided,1
jul,1
especially,1
double,1
physical,1
bloomsbury,1
robbins,1
definite,1
bulman,1
cost,1
submit,1
rather,1
fire,1
name,1
djami,1
also,1
connection,1
answers,1
hich,1
neolithic,1
scientific,1
essays,1
der,1
david,1
military,1
inchlding,1
andre,1
checklist,1
freemasonry,1
kenya,1
worked,1
each,1
advanced,1
england,1
greater,1
had,1
gertrude,1
words,1
argyll,1
including,1
lead,1
tutor,1
mesure,1
onwards,1
scientifique,1
europe,1
twenty,1
areas,1
could,1
carter,1
accompanied,1
printed,1
fascinating,1
cc,1
astonishingly,1
abstract,1
p,1
settlements,1
achievement,1
can,1
any,1
theology,1
far,1
elys,1
vikings,1
religion,1
glazed,1
reroutledge,1
before,1
arabia,1
pattern,1
illustration,1
other,1
technique,1
there,1
thompson,1
external,1
ceived,1
works,1
culture,1
type,1
ethnographer,1
improved,1
urbanization,1
museums,1
academic,1
readers,1
written,1
further,1
handbook,1
phd,1
influences,1
jacqueline,1
keith,1
v,1
iiiiilliii,1
present,1
staff,1
dayton,1
cultural,1
pitt,1
discuss,1
receive,1
reading,1
war,1
road,1
reviews,1
stylistic,1
carefully,1
investigation,1
dynasty,1
combined,1
southampton,1
burial,1
annales,1
resistivite,1
recently,1
form,1
list,1
cannot,1
references,1
purchased,1
publications,1
pertinent,1
russell,1
material,1
colony,1
covers,1
broadway,1
paperback,1
your,1
pleistocene,1
required,1
zenith,1
roy,1
turers,1
distribution,1
ethnography,1
hiiyik,1
her,1
prqf,1
near,1
number,1
free,1
thames,1
vo,1
information,1
hacilar,1
silver,1
degree,1
failure,1
well,1
trade,1
almost,1
another,1
csl,1
account,1
resident,1
some,1
basis,1
lifetime,1
degrees,1
exploring,1
activity,1
approx,1
extended,1
size,1
international,1
middle,1
iiiici,1
translated,1
reissue,1
scope,1
both,1
cambridge,1
made,1
wilkinson,1
represented,1
spii,1
sirarpie,1
leakey,1
given,1
point,1
epiktitos,1
arose,1
discusses,1
progress,1
compass,1
ethnology,1
civil,1
cited,1
collis,1
danish,1
giving,1
louis,1
plans,1
lies,1
reminded,1
geology,1
sheets,1
measure,1
food,1
reconstructs,1
tracing,1
referencing,1
rivers,1
exciting,1
cass,1
appointed,1
bsc,1
hudson,1
wherever,1
people,1
des,1
harvard,1
numbered,1
central,1
engineers,1
viking,1
max,1
retaining,1
chapters,1
our,1
examination,1
pagan,1
were,1
peltenburg,1
review,1
house,1
vrysi,1
devoted,1
systematic,1
pembroke,1
shown,1
students,1
described,1
showing,1
ilc,1
imp,1
spacing,1
known,1
lettering,1
significance,1
challenging,1
since,1
ihor,1
zimbabwe,1
nile,1
graduate,1
conditions,1
comprehensive,1
g,1
reputation,1
ireland,1
interest,1
allections,1
expeditions,1
social,1
alphabetically,1
excavated,1
general,1
approximately,1
medieval,1
normally,1
afford,1
excavations,1
spread,1
caton,1
convention,1
him,1
exemplary,1
august,1
topic,1
france,1
you,1
catholic,1
please,1
one,1
bacon,1
last,1
volumes,1
provides,1
thomas,1
religious,1
definitive,1
every,1
castle,1
isiacism,1
sumnmer,1
ip,1
mineral,1
almrs,1
pearl,1
migration,1
potential,1
mailing,1
mphil,1
transfer,1
columbia,1
aegean,1
minoans,1
single,1
relation,1
australian,1
recherche,1
latest,1
whereabouts,1
visitor,1
twice,1
fourth,1
thin,1
beginning,1
like,1
fully,1
rhodesia,1
when,1
up,1
y,1
drawn,1
would,1
st,1
mongolia,1
greece,1
journal,1
traditional,1
using,1
figures,1
occupation,1
correspondence,1
strong,1
destruction,1
notes,1
traditions,1
guide,1
nicklin,1
fellow,1
previously,1
richly,1
anatolia,1
hardly,1
successive,1
resources,1
centre,1
wl,1
greek,1
influence,1
customs,1
bibliographic,1
mete,1
succinct,1
otto,1
handsomest,1
major,1
gold,1
nigerian,1
separate,1
parks,1
