WORDCOUNTS,WEIGHT
the,620
of,304
and,201
in,155
a,124
to,106
is,80
with,46
this,42
by,42
are,40
which,38
for,36
it,32
was,30
as,30
at,29
production,29
an,29
on,29
that,28
clay,22
potters,22
pottery,22
from,22
be,21
m,19
we,17
workshops,16
their,15
these,15
not,15
i,14
has,14
or,14
but,14
area,14
pots,13
its,13
when,13
also,13
kiln,13
change,13
plate,13
have,13
oristano,12
large,12
workshop,12
kilns,11
had,11
two,11
grate,10
one,10
being,10
organization,10
resistance,10
same,10
water,10
were,10
vessels,10
between,10
they,9
di,9
products,9
master,9
sardinia,9
distribution,9
r,9
therefore,9
economic,9
only,9
more,9
can,9
centres,9
capacity,8
via,8
no,8
his,8
raw,8
caused,8
few,8
industry,8
up,8
pp,8
ceramic,8
new,8
la,8
annis,8
each,8
them,8
must,8
beatrice,8
e,7
other,7
there,7
because,7
work,7
part,7
less,7
wheel,7
who,7
type,7
into,6
all,6
tradition,6
de,6
old,6
find,6
l,6
population,6
technology,6
sardegna,6
island,6
small,6
research,6
f,6
situation,6
about,6
oven,6
social,6
fire,6
longer,6
time,6
situated,6
period,6
figure,6
been,6
set,6
number,6
both,6
manufacture,6
leiden,6
terracotta,6
way,5
group,5
different,5
compartment,5
such,5
figoli,5
van,5
without,5
rather,5
means,5
whereas,5
ceramics,5
technical,5
used,5
et,5
observe,5
will,5
materials,5
still,5
department,5
s,5
do,5
present,5
processes,5
function,5
structure,5
separate,5
chamber,5
then,5
der,5
owner,5
became,5
manufacturing,5
until,5
years,5
approximately,5
artefacts,5
c,5
thrown,4
curved,4
total,4
properties,4
wooden,4
within,4
along,4
archaeological,4
quality,4
regarded,4
kind,4
elements,4
cagliari,4
b,4
form,4
university,4
radial,4
placed,4
wide,4
during,4
wholesale,4
le,4
shapes,4
society,4
demand,4
various,4
techniques,4
religious,4
once,4
end,4
centre,4
essentially,4
reflected,4
contacts,4
top,4
campidano,4
pattern,4
individual,4
fat,4
become,4
consists,4
today,4
ordinary,4
life,4
itself,4
manufactory,4
potter,4
physical,4
movable,4
world,4
conditions,4
newsletter,4
d,4
traditional,4
immediately,4
ca,4
built,4
does,3
now,3
o,3
market,3
environmental,3
determine,3
designed,3
underground,3
sets,3
induced,3
societa,3
diffusion,3
sources,3
long,3
j,3
supplied,3
able,3
room,3
context,3
mutual,3
apart,3
point,3
central,3
della,3
terra,3
axle,3
development,3
g,3
century,3
progressive,3
back,3
torino,3
left,3
storage,3
than,3
clientele,3
what,3
town,3
basic,3
societd,3
direct,3
traces,3
most,3
store,3
fifties,3
vasai,3
out,3
changed,3
fuel,3
war,3
produced,3
cannot,3
shape,3
fired,3
people,3
craftsmen,3
working,3
order,3
heat,3
he,3
reduced,3
indeed,3
limited,3
galena,3
above,3
make,3
innovation,3
single,3
others,3
many,3
communal,3
fact,3
man,3
technique,3
outside,3
hand,3
ground,3
where,3
thirties,3
accepted,3
material,3
another,3
divided,3
leeuw,3
made,3
formal,3
sold,3
three,3
modem,3
him,3
high,3
after,3
courtyard,3
enough,3
methods,3
dealing,3
continued,3
thermal,3
archaeology,3
dimensions,3
seen,3
oristaneian,3
construction,3
over,3
lying,3
capital,3
wall,3
domestic,3
past,3
economy,3
agricultural,3
problem,3
phenomena,3
city,3
mention,3
need,3
digging,3
entire,3
updraught,2
if,2
later,2
imported,2
resulted,2
introduction,2
entirely,2
true,2
position,2
nineteenth,2
corresponding,2
rome,2
turning,2
first,2
olive,2
roman,2
taken,2
concentrated,2
shortage,2
seems,2
groups,2
secondary,2
rich,2
producing,2
thanks,2
knuckles,2
help,2
basins,2
p,2
stopped,2
takes,2
depending,2
east,2
primary,2
workability,2
quantities,2
possible,2
soils,2
sale,2
fine,2
variations,2
fur,2
dynamic,2
sardinian,2
beneath,2
regarding,2
phase,2
iron,2
since,2
against,2
characteristic,2
mixed,2
relations,2
forced,2
tends,2
late,2
amount,2
young,2
suitable,2
archaeologist,2
even,2
tableware,2
general,2
hampe,2
influence,2
walls,2
york,2
whose,2
aimed,2
main,2
obtained,2
district,2
how,2
landscape,2
active,2
mortar,2
importance,2
certain,2
sandy,2
study,2
space,2
support,2
modified,2
changes,2
obstructing,2
peasants,2
welfare,2
gradually,2
too,2
upper,2
jars,2
consequence,2
disappeared,2
greater,2
pastoral,2
found,2
mudbricks,2
mined,2
circulation,2
further,2
appears,2
however,2
aspects,2
keeping,2
basis,2
distinguish,2
del,2
brought,2
explains,2
apparent,2
reduction,2
loss,2
whole,2
dal,2
partly,2
constitute,2
structures,2
winter,2
unfired,2
personal,2
away,2
craftsman,2
own,2
approach,2
regions,2
homonymous,2
least,2
corresponds,2
radially,2
alluvial,2
necessity,2
und,2
pot,2
second,2
matter,2
variety,2
identified,2
short,2
wheels,2
ware,2
scarcity,2
museum,2
contribute,2
under,2
home,2
light,2
quarries,2
assistance,2
mediaeval,2
al,2
largest,2
vasellame,2
addition,2
mountainous,2
considerable,2
assemini,2
external,2
v,2
sell,2
wood,2
cadastral,2
remained,2
fundamentally,2
range,2
bear,2
load,2
concern,2
repertory,2
causes,2
labourers,2
nothing,2
continue,2
would,2
papousek,2
dry,2
provides,2
article,2
craft,2
narrow,2
atlante,2
northern,2
quarter,2
saturation,2
relationship,2
kneaded,2
usually,2
naturally,2
merchandise,2
force,2
jar,2
clays,2
length,2
efficiency,2
considered,2
quantitative,2
any,2
practice,2
deposito,2
circumstances,2
maquis,2
perforated,2
sherds,2
anthropology,2
board,2
did,2
guild,2
themselves,2
goods,2
rural,2
pushing,2
thirty,2
theory,2
adaptation,2
while,2
produce,2
almost,2
urban,2
size,2
clayey,2
transport,2
altered,2
pits,2
prerogative,2
introduced,2
subject,2
territory,2
unit,2
obtain,2
twenties,2
qualitative,2
isolated,2
firms,2
commercial,2
decrease,2
finally,2
land,2
smaller,2
piece,2
colleagues,2
increased,2
drying,2
much,2
recent,2
livestock,2
should,2
building,2
close,2
carved,1
difficult,1
go,1
abolition,1
produces,1
rate,1
les,1
indicated,1
legnaia,1
italy,1
yards,1
till,1
created,1
functional,1
fouilles,1
widening,1
cistus,1
busy,1
extends,1
eliminated,1
blends,1
per,1
expect,1
bei,1
employees,1
reflection,1
needed,1
american,1
replaced,1
pluriform,1
stone,1
cuomo,1
formed,1
handles,1
aretine,1
constitutes,1
solidarity,1
h,1
mexican,1
centrifugal,1
pressing,1
porto,1
studies,1
modern,1
mentality,1
ms,1
considerations,1
spirit,1
hours,1
trace,1
locale,1
necessarily,1
belly,1
encourage,1
populatiqo,1
ethnoarchaeological,1
before,1
assisted,1
exceptions,1
summarily,1
du,1
buys,1
my,1
nicolo,1
predominantly,1
rising,1
round,1
oceania,1
fabric,1
member,1
refractory,1
permit,1
modest,1
every,1
logistic,1
sperate,1
ii,1
give,1
mudbrick,1
season,1
occurence,1
worked,1
advanced,1
experiments,1
tear,1
definition,1
confirmed,1
riformismo,1
regionale,1
shaped,1
tour,1
agglomerate,1
attractive,1
services,1
capitalist,1
imposes,1
explores,1
advantage,1
opgedragen,1
suggesting,1
governed,1
tours,1
shoulder,1
great,1
differences,1
gradual,1
maiolica,1
carts,1
vanishing,1
lisse,1
lh,1
onto,1
characterizing,1
beds,1
istari,1
rinascita,1
improved,1
rudimentary,1
influences,1
principal,1
employs,1
occasional,1
dome,1
existence,1
balfet,1
plain,1
gaps,1
formulation,1
task,1
sought,1
conditioned,1
tubular,1
draw,1
march,1
centrum,1
account,1
vol,1
holocene,1
some,1
sixteenth,1
activity,1
citta,1
ball,1
establishing,1
move,1
sua,1
statistica,1
structurally,1
regards,1
very,1
owners,1
indicating,1
quantity,1
household,1
bowls,1
photographic,1
contemporanea,1
minimum,1
sand,1
tied,1
split,1
pursuing,1
controlled,1
framework,1
vases,1
technologically,1
thus,1
throughout,1
review,1
marmora,1
storico,1
merchants,1
hommage,1
estimating,1
modify,1
mine,1
speciality,1
rotating,1
assumes,1
loro,1
scarce,1
relatively,1
purify,1
acta,1
thinned,1
te,1
consumer,1
afford,1
price,1
commerciale,1
assen,1
exhausted,1
turn,1
rank,1
adjustment,1
groundlevel,1
stored,1
times,1
cancel,1
contrary,1
fig,1
extraordinary,1
output,1
moving,1
invetriata,1
amphora,1
arranged,1
loddo,1
third,1
twice,1
thin,1
mechanical,1
profit,1
weight,1
consequently,1
communication,1
corrected,1
rubbers,1
focussed,1
vasche,1
discovering,1
competitive,1
unaltered,1
directsale,1
smoothed,1
aim,1
poor,1
transhumance,1
simultaneously,1
essential,1
bring,1
sizilien,1
settecentesco,1
abolished,1
arising,1
cleaned,1
engobe,1
developed,1
stop,1
remain,1
neighbouming,1
peacock,1
en,1
devo,1
radius,1
lapv,1
cungiali,1
ai,1
myself,1
process,1
subsistence,1
earlier,1
connected,1
induce,1
jm,1
lobes,1
benennung,1
reforms,1
feel,1
archivio,1
consequences,1
scattered,1
alcuni,1
firing,1
making,1
dizionario,1
opportunely,1
category,1
zieglern,1
forget,1
soppalco,1
improvement,1
uprooted,1
specialization,1
organized,1
govemment,1
paysans,1
interim,1
sum,1
producers,1
threatening,1
weather,1
n,1
imitation,1
jersey,1
kickwheel,1
nowadays,1
solid,1
oni,1
mellor,1
initiative,1
exploited,1
continual,1
tourism,1
exceed,1
isolation,1
glaze,1
rice,1
strada,1
finmal,1
vastness,1
destructive,1
labour,1
care,1
tunis,1
important,1
dug,1
mahua,1
cut,1
view,1
litres,1
ranges,1
uses,1
sardinians,1
sowie,1
carters,1
prehistoric,1
came,1
lead,1
whom,1
casual,1
concentration,1
bearing,1
yil,1
appearance,1
carrying,1
basin,1
difficulty,1
superfluous,1
hands,1
bricks,1
determines,1
solved,1
amsterdam,1
served,1
rooms,1
destined,1
events,1
italian,1
configuration,1
quercus,1
persist,1
pabillonis,1
constantly,1
base,1
markets,1
quaterary,1
symptoms,1
academic,1
density,1
ceramica,1
pure,1
shall,1
imbalances,1
rent,1
circular,1
skilled,1
based,1
province,1
tools,1
gebrauchskeramik,1
persons,1
tile,1
applied,1
feminine,1
scale,1
lannou,1
unbalanced,1
potiers,1
your,1
pleistocene,1
andre,1
near,1
cart,1
acknowledgements,1
chorographia,1
improve,1
distinguishes,1
failure,1
having,1
provincial,1
enrichment,1
allocation,1
rotates,1
papuan,1
arrives,1
minute,1
zadoks,1
abroad,1
scope,1
nucleus,1
received,1
industrial,1
duo,1
maesta,1
strict,1
preferred,1
cord,1
waterjars,1
reality,1
advancement,1
training,1
bazaars,1
bm,1
stacked,1
resells,1
confined,1
related,1
mitteilungen,1
ten,1
got,1
labourer,1
year,1
intermediate,1
place,1
cane,1
broad,1
suppliers,1
josephus,1
records,1
lower,1
falling,1
colleague,1
gypsiferous,1
translated,1
forces,1
weekly,1
nederlands,1
il,1
sardainiia,1
preparation,1
shrinkage,1
wastage,1
patres,1
prices,1
depicting,1
lifted,1
outline,1
responses,1
los,1
instituut,1
sense,1
shaping,1
stage,1
steponaitis,1
holes,1
trading,1
obligatory,1
medievale,1
mediterranean,1
reaches,1
hole,1
involved,1
around,1
family,1
het,1
several,1
autonomy,1
wider,1
highly,1
revealing,1
wetting,1
acts,1
decline,1
protect,1
suddenly,1
villages,1
differing,1
mixing,1
coast,1
productivity,1
bewertungssysteme,1
paid,1
argilla,1
fascista,1
substituted,1
provided,1
am,1
favoured,1
reducing,1
geographical,1
tzu,1
periods,1
cite,1
south,1
degli,1
archeologisch,1
tasks,1
led,1
san,1
units,1
sons,1
piano,1
reductions,1
middlemen,1
transverse,1
contingent,1
indicative,1
distorted,1
favours,1
nearly,1
exception,1
notizie,1
suburban,1
standardization,1
april,1
reduce,1
grande,1
lproduction,1
presently,1
marns,1
outer,1
modes,1
southern,1
att,1
southeast,1
vicinity,1
communications,1
yet,1
selling,1
bearings,1
interpretation,1
fair,1
represents,1
makes,1
abundance,1
hier,1
demolition,1
supplementary,1
cotto,1
perceived,1
sulla,1
extinction,1
complete,1
prinzipien,1
ed,1
si,1
experiment,1
excellence,1
reduces,1
already,1
ji,1
poligono,1
noted,1
regional,1
leans,1
stones,1
picture,1
double,1
neutralizes,1
chose,1
volume,1
shops,1
enquiry,1
libri,1
members,1
organizations,1
starting,1
name,1
successfully,1
trinita,1
skill,1
inventive,1
decoration,1
power,1
archaeologically,1
verge,1
again,1
pointed,1
available,1
hydrographical,1
festoen,1
decorative,1
lowering,1
towards,1
financial,1
demographic,1
lacked,1
artists,1
sixti,1
lack,1
head,1
stimulus,1
areas,1
invades,1
plan,1
compound,1
abstract,1
disturbed,1
wasters,1
grates,1
contemporary,1
diameter,1
heft,1
volkerkunde,1
covered,1
model,1
developing,1
existing,1
coarse,1
receives,1
income,1
disuse,1
mtr,1
ch,1
mesozoic,1
renaissance,1
see,1
ifi,1
necessary,1
deep,1
chronologically,1
flint,1
distance,1
jacobs,1
gives,1
compete,1
day,1
thoroughly,1
degree,1
mortars,1
local,1
becomes,1
riconoscenza,1
recognizing,1
correctives,1
oil,1
supplies,1
statuti,1
observable,1
upon,1
helps,1
represented,1
itinerario,1
region,1
deposits,1
including,1
thickness,1
arose,1
louis,1
griechenland,1
cohesion,1
eighties,1
significant,1
hypotheses,1
largely,1
persisted,1
eatrice,1
questions,1
actual,1
variables,1
engaged,1
previous,1
nurallao,1
advantages,1
dating,1
theoretical,1
netherlands,1
described,1
rejected,1
volumne,1
significance,1
substitutes,1
angius,1
clear,1
djerba,1
moral,1
defimed,1
directed,1
stress,1
caprio,1
generosita,1
admission,1
held,1
keep,1
plains,1
blend,1
characterized,1
collaboration,1
geographically,1
spread,1
japanese,1
so,1
summer,1
creating,1
risen,1
mexico,1
serves,1
distinction,1
irreplaceable,1
accurate,1
sardaigne,1
procuring,1
lose,1
latter,1
aan,1
herman,1
graphic,1
special,1
facing,1
internal,1
systems,1
satisfy,1
leaves,1
mining,1
ribs,1
eloquent,1
sardi,1
relation,1
references,1
propos,1
mainly,1
tornitura,1
lowered,1
artisans,1
assistants,1
slightly,1
differ,1
galleries,1
attracted,1
wells,1
sanitary,1
occupied,1
institution,1
govern,1
relative,1
upside,1
professional,1
adaptive,1
modifications,1
attention,1
concluded,1
widely,1
division,1
sue,1
pbi,1
ranging,1
factors,1
socket,1
recueil,1
proportionally,1
padova,1
applications,1
dictionary,1
me,1
geste,1
raise,1
note,1
lot,1
irreversible,1
roma,1
apprentices,1
ecological,1
outsiders,1
maps,1
employment,1
resistant,1
favour,1
plastic,1
male,1
independence,1
statutes,1
piedmontese,1
army,1
off,1
transformed,1
grinding,1
confine,1
transformation,1
periodo,1
rapidly,1
indicate,1
covering,1
why,1
feasts,1
inspired,1
often,1
surprising,1
dead,1
respect,1
permeability,1
supporting,1
constants,1
finme,1
months,1
get,1
unusual,1
widest,1
susan,1
thick,1
bench,1
environment,1
preparazione,1
abandonment,1
storia,1
constant,1
believed,1
broke,1
ornate,1
canepa,1
comes,1
conclusion,1
intensification,1
terrosu,1
ethnoarchaeology,1
simplify,1
spanischer,1
suppl,1
extensive,1
constituted,1
officially,1
economically,1
rinascimentale,1
thousand,1
objects,1
equipment,1
organizational,1
stati,1
adiacenze,1
control,1
owing,1
siniscola,1
readily,1
cm,1
paper,1
cultures,1
cushion,1
par,1
itinerant,1
auxiliary,1
sizes,1
connection,1
down,1
half,1
temper,1
iii,1
particularly,1
job,1
pritchard,1
rely,1
far,1
equilibrium,1
santissima,1
thrower,1
precarious,1
historical,1
climate,1
sardo,1
iv,1
turned,1
piante,1
charged,1
growing,1
beginning,1
according,1
virtual,1
mlill,1
abb,1
convenient,1
investigation,1
conservatism,1
poses,1
spatial,1
hamburgisches,1
cooking,1
offering,1
jitta,1
lubricant,1
asciugatura,1
supports,1
particular,1
sociology,1
firmly,1
shortages,1
leaving,1
extent,1
consisting,1
profilo,1
prudence,1
gremi,1
damp,1
require,1
lm,1
yield,1
limitations,1
minimal,1
mededelingen,1
replacement,1
doubleor,1
freedom,1
topographical,1
finished,1
popular,1
socioeconomic,1
bought,1
neck,1
son,1
brevi,1
thereby,1
met,1
conclude,1
through,1
uniform,1
despite,1
inediti,1
courses,1
november,1
intended,1
impose,1
enamelled,1
adapted,1
lesson,1
discussion,1
families,1
phenomenon,1
definitions,1
ensuing,1
aspect,1
ceramique,1
wire,1
think,1
procures,1
geertman,1
come,1
layers,1
toponyms,1
models,1
sediments,1
unable,1
discourages,1
restrictions,1
ignored,1
combes,1
disposal,1
coated,1
finding,1
contract,1
disorientation,1
washington,1
sardiniae,1
mode,1
documentation,1
dense,1
oxor,1
green,1
constructed,1
product,1
istano,1
regular,1
effects,1
recourse,1
centripetal,1
haphazard,1
wholesalers,1
extremely,1
mainz,1
typology,1
remains,1
speak,1
prevalently,1
catastali,1
summary,1
needs,1
offered,1
vessel,1
disadvantage,1
ceiling,1
archaeologica,1
spanien,1
doubling,1
straw,1
consisted,1
supply,1
succeeded,1
vary,1
adheres,1
obligation,1
create,1
topfern,1
early,1
cohesive,1
toponym,1
exclusively,1
import,1
element,1
ownership,1
charging,1
farbtafel,1
abandoned,1
re,1
counts,1
strong,1
among,1
technological,1
north,1
pulling,1
laws,1
row,1
praehistorica,1
cucina,1
