WORDCOUNTS,WEIGHT
the,531
of,426
and,203
a,173
in,158
to,120
as,97
that,67
is,59
this,58
by,49
it,47
la,40
ranktilche,38
landscape,36
memory,36
de,34
was,32
an,30
their,28
with,28
past,24
be,24
social,23
are,23
not,22
from,22
were,21
but,21
i,21
for,20
people,20
or,20
we,20
aboriginal,20
different,19
spatial,19
between,19
place,18
other,17
these,17
also,17
through,17
practices,16
indigenous,14
identity,14
on,14
memorial,13
process,13
pampa,13
around,13
forms,13
new,12
present,12
over,12
m,11
one,11
buenos,11
has,11
remembering,11
war,11
work,11
more,11
places,11
curtoni,11
rafael,10
university,10
provincial,10
its,10
al,10
rankulche,10
monument,10
recognition,10
specific,10
main,9
space,9
r,9
et,9
sense,9
memories,9
can,9
been,9
middle,9
press,9
land,9
first,8
nowhere,8
central,8
rankuilche,8
lazzari,8
about,8
only,8
which,8
would,8
seen,8
analysis,8
historical,8
what,8
have,8
at,7
groups,7
conquest,7
state,7
political,7
such,7
y,7
leubuco,7
society,7
culture,7
processes,7
archaeological,7
article,7
forgetting,7
both,7
national,7
argentinean,7
way,6
e,6
chief,6
b,6
del,6
linked,6
province,6
dwelling,6
part,6
object,6
j,6
two,6
mausoleum,6
who,6
material,6
each,6
lagoon,6
form,6
while,6
indians,6
representation,6
our,6
argentina,6
created,5
they,5
all,5
within,5
lonko,5
since,5
arena,5
may,5
identification,5
how,5
monuments,5
had,5
struggles,5
because,5
collective,5
project,5
approach,5
mariano,5
neither,5
same,5
plate,5
local,5
theoretical,5
three,5
figure,5
frontier,5
commemoration,5
following,5
pathways,5
las,5
terms,5
particular,5
plata,5
camps,5
although,5
c,5
built,5
complex,4
nineteenth,4
t,4
meaning,4
there,4
last,4
those,4
context,4
politics,4
thus,4
estrada,4
chiefs,4
rosas,4
nor,4
landscapes,4
certain,4
organization,4
most,4
show,4
powerful,4
into,4
p,4
lived,4
artefact,4
population,4
well,4
lonkos,4
los,4
related,4
during,4
own,4
field,4
pp,4
under,4
us,4
monolith,4
shows,4
aires,4
time,4
contemporary,4
where,4
en,4
see,4
native,4
genres,4
desert,4
formal,4
after,4
do,4
structure,4
relationship,4
archaeology,4
remembrance,4
claims,4
implied,4
beginning,4
museo,4
spaces,4
territory,4
photograph,4
among,4
final,3
rankiilche,3
given,3
common,3
settlements,3
american,3
constitutes,3
former,3
history,3
something,3
experience,3
creation,3
attempts,3
ambiguous,3
el,3
october,3
plaque,3
ritual,3
hierarchy,3
g,3
civilizing,3
century,3
kind,3
perspective,3
lineage,3
site,3
civilization,3
whose,3
without,3
l,3
developed,3
dialogue,3
objects,3
n,3
defines,3
generally,3
rastrilladas,3
remembered,3
location,3
called,3
events,3
cultural,3
circular,3
public,3
indian,3
statue,3
constitute,3
things,3
next,3
settlement,3
several,3
visible,3
world,3
activities,3
naming,3
expansion,3
still,3
yet,3
interpretation,3
hegemonic,3
historia,3
shifting,3
belonging,3
visitors,3
routes,3
visitor,3
name,3
mark,3
others,3
fact,3
hollow,3
minnesota,3
threads,3
strategies,3
routledge,3
another,3
ethnic,3
authors,3
logic,3
become,3
relation,3
effect,3
visit,3
landmarks,3
visual,3
attachment,3
tribe,3
considered,3
associated,3
known,3
constructed,3
control,3
country,3
current,3
disputes,3
just,3
living,3
type,3
advances,3
them,3
her,3
undersecretary,3
art,3
multiple,3
november,3
d,3
embodies,3
recalling,3
territories,3
texts,3
should,3
asked,3
perception,3
struggle,2
later,2
separated,2
announced,2
agency,2
identify,2
anthropology,2
western,2
necessarily,2
total,2
women,2
being,2
long,2
ciencias,2
pampas,2
possibilities,2
blind,2
narrative,2
government,2
reproduction,2
skull,2
stand,2
mapping,2
nodes,2
case,2
habitual,2
existence,2
axel,2
forthcoming,2
key,2
design,2
some,2
possible,2
point,2
x,2
resources,2
along,2
representing,2
controlled,2
tribute,2
human,2
que,2
relationships,2
against,2
reproduced,2
relations,2
old,2
concrete,2
houses,2
left,2
explore,2
pasts,2
than,2
general,2
confluence,2
mechanism,2
his,2
traffic,2
generations,2
reference,2
capture,2
eight,2
indigenist,2
direct,2
white,2
consequences,2
supposed,2
perceptions,2
traces,2
beyond,2
coincide,2
ancient,2
constitution,2
trajectories,2
fluid,2
expressed,2
could,2
encoding,2
found,2
out,2
dispute,2
term,2
phenomenology,2
circulation,2
araucanos,2
materiality,2
facultad,2
occupation,2
understood,2
recently,2
persons,2
panguithruz,2
cannot,2
universidad,2
creates,2
aspects,2
spatialization,2
shape,2
having,2
participation,2
traditionalist,2
genre,2
concept,2
urban,2
journal,2
description,2
texture,2
whole,2
year,2
q,2
pyramid,2
figures,2
visions,2
ranquel,2
heuristic,2
fostered,2
order,2
discourse,2
always,2
when,2
necessity,2
cattle,2
materializing,2
peculiar,2
value,2
will,2
he,2
angelis,2
identified,2
action,2
located,2
community,2
make,2
indicates,2
comments,2
settings,2
inhabited,2
positive,2
makes,2
continuity,2
selective,2
increasingly,2
williams,2
canuhe,2
organizations,2
s,2
toward,2
communal,2
provincia,2
commemorate,2
genealogically,2
fallen,2
pattern,2
rhythms,2
formations,2
perhaps,2
violent,2
discussion,2
made,2
eighteenth,2
including,2
warrior,2
complexities,2
use,2
connected,2
described,2
inscribing,2
meanings,2
importance,2
august,2
individual,2
like,2
features,2
expressing,2
thomas,2
study,2
spatiality,2
sociopolitical,2
attention,2
negotiations,2
today,2
perspectives,2
inhabitants,2
movements,2
sometimes,2
arqueologia,2
army,2
render,2
transformation,2
life,2
construction,2
itself,2
remains,2
series,2
must,2
manual,2
constituted,2
symbolic,2
euphemize,2
alternative,2
set,2
belief,2
tomb,2
seem,2
did,2
half,2
very,2
constant,2
identities,2
rural,2
person,2
america,2
evocation,2
making,2
map,2
theory,2
institute,2
reparation,2
remember,2
apparatus,2
peace,2
before,2
city,2
role,2
inaugurated,2
isolated,2
aspect,2
until,2
years,2
reveals,2
instead,2
include,2
seeks,2
association,2
charged,2
little,2
building,2
surroundings,1
intricate,1
does,1
pais,1
now,1
gawa,1
o,1
deny,1
difficult,1
implemented,1
heroic,1
valle,1
memorials,1
if,1
develops,1
commemorated,1
volver,1
hacen,1
stood,1
caldenia,1
represent,1
affected,1
expedition,1
college,1
legitimate,1
bushes,1
imbued,1
noticing,1
textos,1
ultimate,1
totally,1
succession,1
entanglements,1
sphere,1
distributed,1
phonetic,1
canopy,1
connect,1
group,1
discover,1
objetos,1
envisioned,1
mobility,1
designed,1
disentangling,1
merged,1
songs,1
referring,1
live,1
authority,1
usefully,1
sets,1
managing,1
h,1
affective,1
studies,1
postprocessual,1
langhelo,1
ritualizing,1
considerations,1
missionaries,1
theatre,1
position,1
graffiti,1
provincias,1
organic,1
arqueologica,1
unlike,1
pasture,1
holding,1
cusp,1
beckett,1
milicos,1
regime,1
edu,1
eye,1
corresponding,1
properties,1
contexts,1
intentions,1
arms,1
said,1
archaeologists,1
permit,1
australia,1
hence,1
spatialities,1
constituting,1
topographic,1
localities,1
connection,1
production,1
regulating,1
voices,1
pervasive,1
exclusive,1
reappear,1
darvill,1
originally,1
give,1
military,1
kilometers,1
rational,1
official,1
transnational,1
seems,1
nature,1
delineation,1
ranquelina,1
principles,1
affinities,1
moderna,1
tradition,1
wooden,1
twenty,1
explores,1
secondary,1
jornadas,1
daily,1
accompanied,1
featuring,1
thank,1
organizes,1
senses,1
chroniclers,1
vanishing,1
link,1
croom,1
huitru,1
intercambio,1
resulting,1
nevertheless,1
phantoms,1
feature,1
mind,1
blackwell,1
precisely,1
cordoba,1
reading,1
perceptually,1
similarities,1
posts,1
depends,1
system,1
akin,1
donated,1
inseparable,1
weaving,1
interpolating,1
modernist,1
ltd,1
restitution,1
linear,1
spatialized,1
autonomous,1
pok,1
foundational,1
capacity,1
bones,1
bases,1
mass,1
cleared,1
manal,1
right,1
addresses,1
struggling,1
ultra,1
account,1
indirectly,1
vol,1
perimeter,1
chest,1
concentrating,1
condition,1
tracing,1
election,1
reaction,1
crossed,1
austin,1
west,1
invited,1
combination,1
irresoluble,1
establishment,1
dynamic,1
facto,1
nd,1
economies,1
moral,1
warfare,1
directed,1
signal,1
hudson,1
complained,1
regarding,1
goal,1
aboriginality,1
constitutive,1
throughout,1
plaques,1
review,1
differential,1
relocation,1
sponsored,1
development,1
congreso,1
author,1
scarce,1
interest,1
forgotten,1
authoritative,1
regarded,1
remembrances,1
decided,1
santa,1
predicament,1
autoctonas,1
jeremy,1
artist,1
concentric,1
allegorizing,1
emerges,1
employing,1
pay,1
tokens,1
privilege,1
comprised,1
z,1
learning,1
affairs,1
repatriation,1
pubic,1
calden,1
envelops,1
distinct,1
destroyed,1
etnologia,1
recollection,1
autoridad,1
refer,1
amount,1
back,1
sentinel,1
marriage,1
fig,1
body,1
columbia,1
modernity,1
oxford,1
served,1
allowing,1
argentine,1
arranged,1
third,1
estimate,1
alliances,1
find,1
died,1
landmark,1
even,1
consequently,1
hodder,1
leadership,1
podgorny,1
traits,1
though,1
influence,1
master,1
raices,1
grasp,1
rights,1
operation,1
inception,1
definitively,1
online,1
viajeros,1
puntos,1
recognized,1
essential,1
espacio,1
no,1
act,1
links,1
bring,1
performance,1
ways,1
vanished,1
across,1
activists,1
museum,1
square,1
na,1
patronage,1
notion,1
una,1
active,1
goes,1
arm,1
gualichos,1
legendary,1
greenwood,1
waterholes,1
assuming,1
cacicatos,1
special,1
k,1
tree,1
scales,1
receding,1
productive,1
awareness,1
animals,1
front,1
sedimented,1
references,1
understand,1
settled,1
provinces,1
monumental,1
ensure,1
immigrant,1
consider,1
locally,1
obras,1
dichotomy,1
carve,1
cartesian,1
emergence,1
consolidate,1
latin,1
poisonous,1
alluded,1
ideologies,1
westerners,1
calendar,1
observations,1
monumento,1
circuit,1
monumentalization,1
four,1
conqueror,1
challenged,1
dept,1
continual,1
vietnam,1
connecting,1
bender,1
followed,1
imprinting,1
requires,1
reuniao,1
metal,1
important,1
provisional,1
decades,1
textured,1
cut,1
view,1
reflections,1
enacting,1
contention,1
result,1
carving,1
pastoral,1
transmission,1
kegan,1
appearance,1
histories,1
method,1
search,1
critically,1
unhelpful,1
orbits,1
amsterdam,1
relating,1
massim,1
ambiguity,1
deal,1
demands,1
replica,1
relational,1
facilitate,1
mythical,1
cosmogony,1
extinct,1
configuration,1
base,1
installation,1
academic,1
fourth,1
traced,1
shall,1
buried,1
blow,1
mainly,1
keywords,1
based,1
orchestration,1
appears,1
mapuches,1
meet,1
sovereignty,1
immemorial,1
intertwined,1
placed,1
tension,1
your,1
narrate,1
instrumental,1
required,1
dwellers,1
tacuaras,1
schema,1
touring,1
helm,1
acknowledgements,1
silver,1
transcription,1
representatives,1
colonies,1
artefacts,1
network,1
majolica,1
spheres,1
crisscrossed,1
used,1
intense,1
foes,1
literarias,1
invisible,1
future,1
teoria,1
stake,1
london,1
hereditary,1
competing,1
example,1
knowledge,1
actors,1
conceptualizations,1
gender,1
caught,1
parameters,1
literature,1
robbins,1
describe,1
policies,1
lauquen,1
actually,1
allotting,1
vias,1
personal,1
focuses,1
away,1
reflect,1
schwartz,1
appreciated,1
employed,1
cone,1
participate,1
showing,1
status,1
conform,1
munn,1
ethnicity,1
polity,1
relaciones,1
rastrillada,1
naturalists,1
regions,1
germain,1
emplaced,1
considers,1
marisa,1
responsibility,1
shaping,1
indicators,1
politically,1
emphasizes,1
event,1
involved,1
textual,1
berg,1
small,1
dwell,1
spanish,1
endpoint,1
consensus,1
few,1
pregnant,1
accomplished,1
altered,1
suplemento,1
erected,1
legitimize,1
acts,1
presence,1
dramatic,1
research,1
peak,1
humanas,1
attached,1
ancestors,1
texas,1
latest,1
claudia,1
foremost,1
customary,1
annual,1
descendants,1
tracks,1
up,1
results,1
inverted,1
inquiries,1
notes,1
avda,1
grateful,1
provided,1
deviating,1
interests,1
inhabiting,1
actions,1
massive,1
ochre,1
battles,1
seemed,1
f,1
critical,1
pampean,1
node,1
republican,1
san,1
unofficial,1
second,1
hegemony,1
matter,1
territorial,1
various,1
contingent,1
impacts,1
pilgrimage,1
doctoral,1
drama,1
experiencing,1
overall,1
guor,1
reinvented,1
horses,1
erases,1
plans,1
return,1
address,1
acknowledged,1
polemic,1
purports,1
female,1
veterans,1
forbidden,1
gift,1
etc,1
prove,1
narrowing,1
collide,1
july,1
above,1
decoded,1
presently,1
folded,1
interactions,1
experiences,1
interrelations,1
modes,1
insulting,1
roads,1
para,1
homeland,1
tuan,1
communities,1
emerged,1
incursion,1
edited,1
housing,1
violence,1
observer,1
politica,1
security,1
represents,1
read,1
paradox,1
happened,1
neves,1
builds,1
thought,1
residence,1
mission,1
rain,1
seeing,1
mobile,1
objectified,1
calchahue,1
chronology,1
populated,1
evidences,1
differentiate,1
changas,1
salient,1
included,1
antigua,1
homogeneous,1
transformations,1
assistance,1
complete,1
rectangular,1
performed,1
experiment,1
acknowledging,1
uncovers,1
department,1
truncated,1
inheritance,1
stones,1
avoided,1
picture,1
skeletons,1
harper,1
useful,1
volume,1
members,1
resolution,1
paul,1
ingold,1
power,1
stated,1
tlements,1
pointed,1
conceived,1
put,1
mnemonic,1
towards,1
projects,1
many,1
water,1
repensando,1
destroy,1
grid,1
efforts,1
marker,1
emplacement,1
fundamental,1
head,1
areas,1
caciques,1
occupations,1
abstract,1
attempting,1
manifested,1
diverse,1
legs,1
criollo,1
fernandez,1
bundle,1
sprouted,1
latina,1
minimize,1
fashion,1
man,1
external,1
men,1
dominion,1
learn,1
everyday,1
ground,1
cruz,1
model,1
shown,1
giior,1
brasil,1
purposes,1
relevant,1
sustains,1
interview,1
coexisted,1
coincided,1
practice,1
ahead,1
laminated,1
strathern,1
banner,1
inert,1
casey,1
curralauquen,1
distance,1
bearers,1
gives,1
siglo,1
argument,1
maya,1
reordering,1
phenomenological,1
analyzed,1
private,1
understanding,1
exploring,1
meaningful,1
estrangement,1
theirs,1
campaigns,1
rio,1
indiana,1
background,1
preferential,1
upon,1
range,1
values,1
represented,1
inscription,1
trajectory,1
deposits,1
memorias,1
melanesian,1
enhanced,1
stereotyping,1
looking,1
mortuary,1
manifestations,1
top,1
sovereignties,1
controlling,1
significant,1
reconstructs,1
incarnations,1
esqueletos,1
assumption,1
francis,1
ideas,1
trend,1
disarticulating,1
actual,1
editores,1
aesthetic,1
ceremonies,1
zorita,1
epic,1
fame,1
installed,1
scanning,1
significance,1
dl,1
diplomacy,1
bumping,1
soldiers,1
revolve,1
victory,1
dramatizes,1
issn,1
held,1
architectural,1
characterized,1
reviewers,1
innermost,1
period,1
so,1
function,1
appointment,1
played,1
paths,1
pyramidal,1
minority,1
kept,1
spirits,1
retrieving,1
enriched,1
mourning,1
latter,1
exchange,1
disarticulation,1
labels,1
somehow,1
internal,1
trying,1
eyes,1
constructing,1
feet,1
interpretations,1
tactics,1
salesian,1
exactly,1
relocating,1
rehue,1
sacred,1
v,1
capitalism,1
looks,1
preand,1
unqualified,1
tronul,1
locales,1
northern,1
interpenetrate,1
guattari,1
streams,1
connections,1
temporality,1
conquista,1
basically,1
embodied,1
encompassing,1
entanglement,1
pcia,1
negative,1
widely,1
shocked,1
dispersing,1
expresiones,1
yields,1
looted,1
note,1
window,1
science,1
usually,1
erase,1
politis,1
stana,1
bound,1
claimed,1
begin,1
inside,1
lines,1
recognizes,1
lobbying,1
means,1
sensitive,1
collections,1
yale,1
rapidly,1
indicate,1
worlds,1
hope,1
olavarria,1
schizophrenia,1
lineages,1
types,1
centuries,1
barbarians,1
exists,1
get,1
face,1
articles,1
fought,1
photographs,1
stable,1
plus,1
nacional,1
distantly,1
dissertation,1
sections,1
acquired,1
anthropological,1
environment,1
publicly,1
contained,1
wars,1
authorities,1
then,1
any,1
thinking,1
coat,1
dispersed,1
archaeologies,1
version,1
changing,1
designates,1
peoples,1
nervous,1
founded,1
partida,1
agents,1
politicos,1
sudamericana,1
needless,1
continues,1
bush,1
unicen,1
thousand,1
apprehended,1
trapped,1
symbol,1
relativos,1
here,1
willful,1
outcome,1
dimension,1
natural,1
mutually,1
ordered,1
etnohistoria,1
intellectual,1
recurrence,1
paper,1
reciprocal,1
scary,1
embodiments,1
shrine,1
believe,1
capital,1
best,1
diverting,1
repiublica,1
epitomized,1
argue,1
gosden,1
desecrating,1
imagenes,1
regard,1
castafieda,1
avance,1
particularly,1
euphemized,1
anais,1
clearly,1
asserting,1
associations,1
documentos,1
tracts,1
accepts,1
works,1
masters,1
survivors,1
lideratos,1
subterranean,1
garay,1
franciscan,1
game,1
according,1
recollections,1
answered,1
perceiving,1
transmitted,1
unique,1
reactions,1
whether,1
commemorating,1
accounts,1
da,1
suffices,1
sociology,1
males,1
maintain,1
diaz,1
seasonal,1
passed,1
mere,1
tightly,1
distribution,1
unfold,1
inscriptions,1
utilitarian,1
thames,1
argued,1
hypothesize,1
constitutional,1
property,1
huge,1
almost,1
missed,1
suggests,1
revista,1
bodies,1
tent,1
leuv,1
gatherings,1
entrance,1
recopilacion,1
attachments,1
ancestral,1
naico,1
despite,1
excursion,1
briones,1
centro,1
became,1
subject,1
intended,1
metonymic,1
step,1
went,1
disappears,1
contribute,1
resistance,1
presupposes,1
ucko,1
colonial,1
goals,1
coming,1
ortelli,1
referential,1
devoted,1
ultimately,1
locations,1
north,1
editor,1
difference,1
generate,1
cambridge,1
finding,1
twentieth,1
interlocutor,1
sought,1
recovering,1
discursive,1
usa,1
need,1
evidence,1
physical,1
reflexive,1
glass,1
you,1
baptism,1
attempted,1
philosophy,1
area,1
battleground,1
extremely,1
walking,1
campaign,1
sabarl,1
sides,1
anonymous,1
dissent,1
offered,1
taking,1
ranqueles,1
raid,1
km,1
themselves,1
detours,1
elites,1
mansilla,1
early,1
subverting,1
entire,1
interaction,1
abandoned,1
desierto,1
strong,1
taylor,1
drew,1
recent,1
nation,1
zones,1
editorial,1
representational,1
marxism,1
lilley,1
major,1
row,1
mapuche,1
