WORDCOUNTS,WEIGHT
the,386
of,277
and,150
in,127
a,126
to,92
that,59
as,56
were,50
new,45
was,43
la,43
on,43
by,39
an,37
their,36
at,34
is,32
site,31
this,31
from,30
it,29
for,29
not,29
mexico,26
de,25
colorado,25
placita,24
one,21
but,21
these,21
are,21
plaza,20
university,20
which,18
they,17
hispanic,17
or,17
historical,17
area,17
be,17
residents,16
us,16
like,16
press,16
have,16
m,15
with,15
been,14
into,13
ethnicity,13
material,13
identity,13
both,13
remains,13
cultural,12
also,12
region,12
j,11
no,11
lived,11
archaeology,11
what,11
evidence,11
history,10
about,10
two,10
ethnic,10
can,10
political,10
who,10
over,10
clark,9
census,9
used,9
southern,9
culture,9
more,9
would,9
national,9
s,8
there,8
those,8
el,8
en,8
part,8
et,8
al,8
only,8
time,8
food,8
we,8
bonnie,8
c,8
race,8
i,7
state,7
within,7
citizenship,7
central,7
que,7
just,7
had,7
people,7
research,7
foods,7
where,7
archaeological,7
preservation,7
life,7
has,7
particularly,7
las,7
through,7
states,7
mexicano,7
between,7
traditional,7
much,7
position,6
women,6
other,6
canyon,6
trash,6
such,6
anglo,6
how,6
space,6
suggested,6
p,6
r,6
structures,6
published,6
suggest,6
raza,6
many,6
hispanics,6
california,6
so,6
often,6
united,6
hispano,6
d,6
should,6
edge,5
way,5
if,5
pcms,5
live,5
mexican,5
lower,5
seems,5
racial,5
canning,5
g,5
y,5
l,5
homo,5
them,5
study,5
animals,5
show,5
recovered,5
out,5
population,5
well,5
settlement,5
practices,5
pp,5
home,5
clear,5
three,5
historic,5
times,5
become,5
when,5
here,5
different,5
domestic,5
very,5
bilingual,5
main,5
territory,5
although,5
intimately,4
cent,4
per,4
contested,4
my,4
first,4
certainly,4
address,4
faunal,4
feature,4
some,4
subaltern,4
late,4
even,4
than,4
traditions,4
may,4
fort,4
his,4
una,4
represented,4
b,4
se,4
accounts,4
clearly,4
most,4
jars,4
important,4
struggles,4
sites,4
work,4
anunciador,4
its,4
good,4
around,4
spanish,4
cattle,4
purgatory,4
south,4
mexicanos,4
yet,4
bureau,4
technique,4
break,4
centre,4
less,4
children,4
made,4
foodways,4
kept,4
newspapers,4
editors,4
occupied,4
she,4
analysis,4
then,4
paper,4
current,4
whether,4
stove,4
wild,4
american,3
significant,3
studies,3
western,3
presents,3
negative,3
archaeologists,3
animas,3
trinidad,3
tradition,3
daily,3
differences,3
case,3
side,3
east,3
debe,3
tied,3
santa,3
mixed,3
races,3
terrace,3
jones,3
town,3
rather,3
camp,3
conceptions,3
importance,3
front,3
support,3
latin,3
prairie,3
nationality,3
greater,3
based,3
shared,3
diet,3
meet,3
creates,3
clean,3
knowledge,3
homeland,3
place,3
newspaper,3
contests,3
least,3
claim,3
involved,3
boundaries,3
always,3
up,3
society,3
f,3
gender,3
located,3
para,3
later,3
same,3
reliance,3
regional,3
indiferencia,3
inhabitants,3
oral,3
majority,3
our,3
latina,3
patterns,3
do,3
v,3
present,3
woodburning,3
open,3
held,3
indicate,3
after,3
provides,3
spent,3
especially,3
mexicans,3
k,3
feet,3
paredes,3
strongly,3
class,3
es,3
frontier,3
anthropology,3
did,3
report,3
making,3
balance,3
almost,3
suggests,3
w,3
baca,3
prepared,3
disposal,3
twentieth,3
land,3
conquered,3
you,3
early,3
deutsch,3
customs,3
archives,2
now,2
mostly,2
common,2
meaning,2
ant,2
e,2
ranches,2
large,2
settlements,2
otra,2
conscious,2
decade,2
source,2
landowners,2
themes,2
experience,2
being,2
expanding,2
homos,2
either,2
long,2
actual,2
all,2
assess,2
suggesting,2
conceptualized,2
great,2
take,2
antipathy,2
help,2
mr,2
investigations,2
wage,2
antipatia,2
issue,2
con,2
dr,2
recorded,2
america,2
marked,2
politics,2
activity,2
denver,2
meanings,2
west,2
taking,2
combination,2
along,2
exist,2
labor,2
throughout,2
identities,2
review,2
existir,2
excavations,2
century,2
montana,2
arena,2
down,2
items,2
old,2
ceramics,2
back,2
suitable,2
publications,2
storage,2
journal,2
look,2
border,2
influence,2
without,2
federal,2
landscape,2
personhood,2
means,2
possibly,2
too,2
surface,2
facing,2
strategy,2
appear,2
location,2
could,2
cottontail,2
found,2
archibald,2
expression,2
neighboring,2
occupation,2
record,2
your,2
near,2
briefly,2
because,2
relatives,2
revealed,2
artifacts,2
los,2
preferred,2
example,2
related,2
coded,2
department,2
positions,2
minority,2
editorial,2
records,2
personal,2
away,2
interpreted,2
own,2
t,2
researchers,2
buildings,2
winer,2
unidos,2
small,2
few,2
annual,2
proper,2
activities,2
portion,2
highlights,2
san,2
arrangement,2
short,2
above,2
make,2
expanded,2
indicates,2
standing,2
collapsed,2
once,2
oxford,2
museum,2
oven,2
rabbits,2
ethnographic,2
largest,2
sojourning,2
walkway,2
social,2
power,2
fell,2
mark,2
projects,2
ceramic,2
twenty,2
documents,2
choice,2
maneuver,2
men,2
tell,2
doorways,2
chickens,2
another,2
original,2
private,2
divided,2
upon,2
helps,2
stereotyping,2
microfilm,2
cooked,2
individuals,2
raising,2
theories,2
ties,2
eve,2
allowed,2
high,2
article,2
ludlow,2
estados,2
advertisement,2
ate,2
spain,2
northern,2
brown,2
lo,2
esta,2
relationship,2
enumerated,2
figure,2
pinon,2
chicken,2
army,2
un,2
visual,2
cabeza,2
considered,2
anthropological,2
practice,2
incorporated,2
must,2
known,2
physical,2
alternative,2
natural,2
december,2
half,2
rely,2
plazas,2
schedules,2
living,2
better,2
phd,2
born,2
game,2
according,2
coop,2
theory,2
while,2
indifference,2
spaces,2
trees,2
became,2
happens,2
actively,2
need,2
constructed,2
glass,2
diaspora,2
mobilized,2
drying,2
themselves,2
charged,2
chicago,2
rocky,2
valley,2
among,2
building,2
doing,2
ca,2
built,2
arizona,2
residing,1
toolkit,1
supremely,1
lopez,1
shovel,1
transportation,1
soterrano,1
currently,1
o,1
imagining,1
indicated,1
names,1
centering,1
created,1
ready,1
truth,1
represent,1
extreme,1
environmental,1
alone,1
esas,1
corazon,1
starts,1
expect,1
chimayo,1
village,1
group,1
needed,1
complex,1
envisioned,1
elaborated,1
tend,1
prime,1
second,1
basements,1
true,1
english,1
ways,1
h,1
communally,1
contend,1
manuever,1
modern,1
han,1
park,1
considerations,1
former,1
reasonably,1
ahora,1
tents,1
excavation,1
classify,1
yard,1
title,1
encourage,1
before,1
husbands,1
exceptions,1
interpretative,1
lightfoot,1
consistent,1
largess,1
cast,1
defeated,1
visually,1
posed,1
contention,1
sendo,1
culturally,1
rush,1
season,1
attempt,1
habitus,1
worked,1
editions,1
historiography,1
words,1
ft,1
services,1
recipes,1
leading,1
advantage,1
warm,1
simple,1
stood,1
capitulated,1
government,1
closer,1
reveal,1
uncovered,1
vivir,1
necesidad,1
real,1
commons,1
persistence,1
miles,1
raised,1
soups,1
gifts,1
lifestyle,1
sociopolitical,1
slavish,1
item,1
elfldo,1
signs,1
stopped,1
context,1
papers,1
dabble,1
existence,1
suspect,1
autonomous,1
assertions,1
key,1
primary,1
bones,1
tenth,1
hall,1
victims,1
twist,1
account,1
vol,1
placement,1
felt,1
nacido,1
determined,1
international,1
tipping,1
point,1
goods,1
resources,1
laws,1
borderlands,1
negotiation,1
aihwa,1
minimum,1
identifies,1
siempre,1
engage,1
corbett,1
prejudice,1
split,1
interestingly,1
wherever,1
seria,1
goal,1
technologically,1
thus,1
includes,1
southwestern,1
historically,1
doris,1
immediate,1
development,1
attest,1
professor,1
toted,1
categorized,1
terraces,1
ability,1
spanishlanguage,1
storehouse,1
dia,1
concentrations,1
relations,1
plotting,1
heightened,1
signifiers,1
grouped,1
rooted,1
trail,1
mucho,1
fried,1
rechazarse,1
turn,1
elements,1
immigrants,1
recollection,1
keep,1
subjects,1
architectural,1
body,1
simplest,1
columbia,1
six,1
houses,1
young,1
eso,1
served,1
dates,1
compared,1
arranged,1
animal,1
find,1
drawn,1
sin,1
ingredient,1
interagency,1
occasion,1
adult,1
identifier,1
savage,1
acknowledge,1
capitals,1
hinchman,1
surnames,1
rights,1
online,1
interesting,1
acculturation,1
racism,1
whose,1
ox,1
serves,1
encompassed,1
cleaned,1
centered,1
generations,1
adds,1
soterranos,1
illustration,1
smoking,1
conflation,1
explicit,1
subsistence,1
punto,1
titled,1
carson,1
earlier,1
persistent,1
connected,1
sarah,1
similar,1
direct,1
strange,1
serial,1
contributions,1
nos,1
tree,1
scales,1
selected,1
illustrations,1
individuo,1
procuring,1
funneled,1
awareness,1
proclaimed,1
modified,1
understand,1
category,1
changes,1
serve,1
theorists,1
routledqe,1
marks,1
loren,1
locally,1
entry,1
river,1
established,1
capitols,1
physically,1
literary,1
bit,1
elsewhere,1
n,1
shelters,1
house,1
frequently,1
threat,1
encuentran,1
four,1
commonly,1
wire,1
additional,1
followed,1
stark,1
putting,1
boundary,1
oppression,1
permanent,1
mainstay,1
helped,1
ancient,1
drawing,1
view,1
bahamian,1
union,1
meaty,1
talking,1
standards,1
purgatoire,1
came,1
whom,1
locals,1
train,1
method,1
hands,1
called,1
mapping,1
effort,1
seven,1
centers,1
objectives,1
changed,1
deal,1
rooms,1
radical,1
attenuated,1
fuel,1
base,1
excelente,1
term,1
urbanization,1
meter,1
further,1
sword,1
oklahoma,1
chinese,1
focused,1
cuts,1
keywords,1
treat,1
quiere,1
symbols,1
reticular,1
nuevomexicano,1
purchased,1
excellent,1
wealth,1
explain,1
facilities,1
wide,1
public,1
berwind,1
wants,1
aspects,1
having,1
designation,1
line,1
relief,1
formerly,1
inferred,1
abroad,1
bounded,1
received,1
steep,1
writers,1
locus,1
heart,1
brought,1
occupants,1
su,1
purpose,1
calls,1
nation,1
criticized,1
whole,1
year,1
overview,1
genuine,1
consistently,1
during,1
literally,1
probes,1
contains,1
fruitful,1
device,1
call,1
forces,1
teenage,1
focuses,1
weekly,1
naciones,1
believes,1
cans,1
folklore,1
project,1
dakota,1
visions,1
encounters,1
regions,1
massacre,1
olson,1
change,1
responses,1
excavated,1
haber,1
mismo,1
legacy,1
sense,1
working,1
below,1
corresponds,1
wilkie,1
adherents,1
metis,1
framed,1
order,1
le,1
contrast,1
melted,1
arbitrary,1
atmosphere,1
specifically,1
family,1
berg,1
several,1
sonoma,1
multiple,1
highly,1
bottle,1
este,1
folk,1
temporary,1
presence,1
despues,1
tanto,1
latest,1
villages,1
yielded,1
razas,1
visible,1
generally,1
cartridges,1
resistance,1
using,1
guha,1
newly,1
provided,1
passive,1
plateaux,1
beehive,1
moved,1
ninth,1
geographical,1
readership,1
seemed,1
avoid,1
frontera,1
will,1
naming,1
pertaining,1
led,1
he,1
afloat,1
diferentes,1
likely,1
units,1
sons,1
anglohispanic,1
dondequiera,1
costumbres,1
outsider,1
territorial,1
various,1
noble,1
gabriel,1
subalterns,1
identified,1
economic,1
transnational,1
sorprende,1
lev,1
indeed,1
cmas,1
overall,1
exile,1
expansion,1
classic,1
islands,1
nearly,1
pruebas,1
community,1
vocation,1
estado,1
garden,1
wind,1
movement,1
suppose,1
decisions,1
structural,1
gilbert,1
chili,1
ubiquity,1
relied,1
lids,1
interpretation,1
permission,1
ethnographers,1
coverage,1
represents,1
read,1
albert,1
technology,1
evidences,1
neither,1
specimens,1
salient,1
parte,1
folklife,1
included,1
fringes,1
policies,1
shifting,1
viniese,1
rabbit,1
memories,1
hay,1
si,1
solvent,1
visitors,1
begins,1
dado,1
disciplinary,1
useful,1
residir,1
siende,1
recycled,1
muy,1
tasty,1
management,1
members,1
name,1
heritage,1
challenge,1
toward,1
others,1
procured,1
put,1
towns,1
residence,1
cuestiones,1
water,1
bograd,1
fact,1
shows,1
longer,1
doorway,1
marker,1
luis,1
breakfast,1
treatment,1
preserve,1
overwhelming,1
shade,1
occupations,1
abstract,1
witnesses,1
attempting,1
euroamericans,1
larger,1
testing,1
borders,1
forging,1
grows,1
doubt,1
contends,1
pennsylvania,1
pattern,1
fragments,1
conclusions,1
behind,1
took,1
adjacent,1
quede,1
clusters,1
road,1
continuing,1
income,1
colony,1
agencies,1
norms,1
perhaps,1
frequency,1
loendorf,1
lid,1
como,1
day,1
thoroughly,1
elevation,1
stance,1
wrapped,1
years,1
simon,1
understanding,1
technologies,1
situated,1
kathleen,1
investigated,1
rio,1
survive,1
multiscalar,1
treated,1
cambridge,1
accompanying,1
range,1
discrimination,1
formal,1
elecciones,1
tank,1
looking,1
bullet,1
clustered,1
manifestations,1
puerco,1
top,1
spinal,1
elections,1
entirely,1
eaten,1
traded,1
use,1
largely,1
paradigm,1
francis,1
dress,1
factor,1
collaborative,1
prominently,1
questions,1
throws,1
rare,1
nothing,1
full,1
extrano,1
trade,1
helpless,1
landscapes,1
aumenta,1
loosely,1
language,1
soldiers,1
maintenance,1
issn,1
individual,1
someone,1
characterized,1
period,1
plant,1
creating,1
features,1
collected,1
multifarious,1
variance,1
mountain,1
filled,1
households,1
keen,1
black,1
delegating,1
never,1
sian,1
valued,1
discarded,1
trying,1
incapable,1
methods,1
constructing,1
straddling,1
garcia,1
asi,1
plate,1
availability,1
january,1
seeking,1
looks,1
figures,1
invented,1
selfsufficient,1
sugar,1
quarter,1
embodied,1
incoming,1
practicing,1
petroglyphs,1
pero,1
separate,1
things,1
somewhat,1
fifty,1
tradiciones,1
dictionary,1
backward,1
dual,1
today,1
raise,1
fairly,1
continued,1
provide,1
sometimes,1
five,1
anos,1
staples,1
claimed,1
program,1
pieces,1
stocks,1
entity,1
months,1
praetzellis,1
referred,1
tin,1
yale,1
parcel,1
nuevo,1
lives,1
plains,1
covering,1
poetics,1
directorate,1
cottontails,1
construction,1
curational,1
inferior,1
surprising,1
liners,1
citizens,1
cada,1
sandstone,1
get,1
face,1
arts,1
association,1
photographs,1
ash,1
ie,1
supongdmos,1
idioma,1
assistant,1
curious,1
deposited,1
sketches,1
rarely,1
any,1
thinking,1
vea,1
historian,1
growing,1
impedir,1
hanging,1
por,1
comes,1
archaeologies,1
version,1
changing,1
biography,1
extensive,1
wear,1
conceptualize,1
slope,1
cualquiera,1
fluctuating,1
diets,1
mexicanamerican,1
tenor,1
juts,1
sherds,1
meat,1
know,1
midnineteenth,1
colonization,1
each,1
books,1
country,1
cultures,1
sheep,1
worth,1
nobility,1
misrepresentations,1
routledge,1
interested,1
exploration,1
innovations,1
board,1
outdoor,1
ubiquitous,1
accommodate,1
print,1
americo,1
argue,1
facility,1
scenario,1
visiting,1
eventually,1
milk,1
compliance,1
linked,1
countering,1
veces,1
written,1
build,1
sought,1
farnsworth,1
proclaiming,1
past,1
merely,1
places,1
person,1
turned,1
hint,1
researching,1
drop,1
ethnically,1
economy,1
veinte,1
investigation,1
month,1
spatial,1
coffee,1
cooking,1
ones,1
references,1
supports,1
nearby,1
proven,1
artifactual,1
statement,1
map,1
distribution,1
ethnography,1
limbs,1
fully,1
ong,1
pursued,1
require,1
marooning,1
yield,1
information,1
listed,1
deconstructing,1
urban,1
topographical,1
fourteen,1
middle,1
popular,1
bodies,1
outline,1
demarcated,1
son,1
preserved,1
code,1
maneuvering,1
peace,1
uniform,1
city,1
pas,1
content,1
november,1
duty,1
african,1
esos,1
lies,1
investment,1
went,1
contribute,1
arguments,1
clothing,1
colonial,1
families,1
world,1
isolated,1
ensuing,1
harrison,1
coming,1
think,1
comprised,1
daring,1
relates,1
oakland,1
come,1
named,1
question,1
until,1
montanans,1
argues,1
difference,1
frontiers,1
lands,1
z,1
finding,1
camps,1
numerous,1
charge,1
iconic,1
aware,1
sat,1
ok,1
applicable,1
approximately,1
americas,1
typically,1
eggs,1
pictographs,1
sur,1
mas,1
smaller,1
rancher,1
involving,1
photograph,1
defined,1
pluralistic,1
slighted,1
speak,1
recalled,1
enclosed,1
am,1
leads,1
supported,1
conceptualizing,1
territories,1
contradicted,1
potential,1
ello,1
conflated,1
colonizers,1
fourth,1
text,1
negotiate,1
cook,1
baringo,1
era,1
sits,1
create,1
views,1
exclusively,1
entire,1
documentary,1
little,1
censuses,1
focus,1
strong,1
taylor,1
north,1
unequivocal,1
laborers,1
roles,1
termed,1
harms,1
close,1
vividly,1
cited,1
deeper,1
gold,1
hypothesis,1
