WORDCOUNTS,WEIGHT
the,647
of,372
in,294
and,242
a,196
to,138
from,94
is,86
for,64
chariot,64
that,62
as,61
this,58
was,51
bc,51
at,50
it,49
with,49
not,45
be,45
on,44
by,39
bronze,39
c,37
or,35
light,35
age,34
near,34
millennium,32
been,31
they,29
are,29
middle,29
military,28
east,28
first,27
an,26
bow,25
have,25
its,24
evidence,24
has,23
had,22
there,22
war,22
but,22
crouwel,21
time,21
which,21
were,21
warfare,20
may,20
composite,20
new,20
j,18
chariots,18
no,18
their,18
emergence,18
horses,18
cylinder,17
used,17
horse,17
role,17
one,16
century,16
long,16
anatolia,16
littauer,15
only,15
more,15
history,14
i,14
chariotry,14
seal,14
late,14
second,14
about,14
so,14
early,14
later,13
western,13
b,13
mari,13
innovation,13
texts,13
into,12
asia,12
eastern,12
fig,12
than,12
his,12
third,12
wheel,12
earliest,12
vehicle,12
studies,11
seals,11
earlier,11
syria,11
r,11
wheels,11
two,11
where,11
peoples,11
if,10
before,10
ii,10
s,10
some,10
egypt,10
vehicles,10
karum,10
scenes,10
moorey,10
ancient,10
these,10
also,10
use,10
kanesh,10
much,10
m,9
case,9
pl,9
de,9
journal,9
most,9
p,9
indicate,9
bows,9
when,9
detail,9
any,9
between,9
h,8
show,8
prs,8
university,8
over,8
type,8
both,8
egyptian,8
now,7
introduction,7
all,7
g,7
rather,7
w,7
fourth,7
textual,7
using,7
south,7
surviving,7
many,7
until,7
made,7
times,7
would,7
then,7
far,7
steppe,7
iraq,7
among,7
likely,6
seems,6
possible,6
development,6
since,6
spoked,6
l,6
means,6
les,6
block,6
impression,6
et,6
ashmolean,6
technology,6
combat,6
plate,6
yadin,6
number,6
three,6
archers,6
figure,6
palace,6
did,6
enlarged,6
evident,6
information,6
art,6
press,6
tell,6
remains,6
little,6
recent,6
group,5
true,5
modern,5
sources,5
certainly,5
taken,5
other,5
skills,5
great,5
those,5
designs,5
representations,5
tablets,5
very,5
such,5
cf,5
even,5
whose,5
established,5
during,5
metal,5
appearance,5
syrian,5
im,5
well,5
directly,5
ten,5
charioteer,5
social,5
whilst,5
mesopotamia,5
archaeology,5
presence,5
und,5
piggott,5
make,5
same,5
already,5
local,5
archer,5
eighteenth,5
seventeenth,5
equid,5
wheeled,5
recumbent,5
particularly,5
domesticated,5
quiver,5
what,5
them,5
whether,5
references,5
particular,5
die,5
shown,5
although,5
need,5
major,5
anatolian,4
e,4
linguistic,4
needed,4
complex,4
xviiith,4
contexts,4
might,4
attempt,4
nature,4
hunting,4
human,4
old,4
oxford,4
developed,4
accounts,4
n,4
argued,4
view,4
royal,4
could,4
further,4
scale,4
scene,4
part,4
tombs,4
involved,4
weapons,4
generally,4
infantry,4
society,4
f,4
critical,4
once,4
communities,4
yet,4
museum,4
published,4
available,4
diverse,4
contemporary,4
sumerian,4
riding,4
less,4
another,4
significant,4
largely,4
platform,4
archaeological,4
period,4
pictorial,4
iran,4
nuzi,4
ridden,4
buchanan,4
often,4
heavy,4
extensive,4
cate,4
known,4
paper,4
exploration,4
half,4
akkadian,4
houwink,4
urban,4
level,4
isolated,4
argument,4
years,4
d,4
regular,4
siege,4
offered,4
assumed,4
russia,4
north,4
trace,3
source,3
diffusion,3
fifteenth,3
terrain,3
emerged,3
hattusilis,3
europe,3
rich,3
reveal,3
take,3
improved,3
political,3
within,3
context,3
king,3
account,3
splendid,3
central,3
sumer,3
mesopotamian,3
nor,3
back,3
defensive,3
without,3
goes,3
study,3
animals,3
firing,3
reason,3
modified,3
wagons,3
possibly,3
dated,3
clearly,3
explain,3
greater,3
pharaoh,3
found,3
outset,3
though,3
dynasty,3
recently,3
record,3
training,3
place,3
showing,3
attributed,3
t,3
good,3
change,3
least,3
hard,3
small,3
always,3
he,3
minor,3
absence,3
still,3
indicates,3
single,3
hittite,3
fifth,3
illustrated,3
inhabitants,3
appeared,3
hand,3
model,3
relevant,3
perhaps,3
wood,3
background,3
range,3
israel,3
previously,3
elite,3
vocabulary,3
ethnic,3
previous,3
dating,3
vii,3
atchana,3
spread,3
after,3
men,3
figures,3
save,3
corps,3
provide,3
tepe,3
primarily,3
seen,3
construction,3
centuries,3
do,3
series,3
must,3
here,3
readily,3
tomb,3
helmets,3
innovations,3
best,3
reliefs,3
form,3
institute,3
almost,3
des,3
circumstances,3
through,3
techniques,3
arguments,3
fourteenth,3
documentation,3
traditional,3
mature,3
technological,3
roles,3
close,3
hypothesis,3
difficult,2
common,2
groups,2
pull,2
dynastic,2
northeast,2
juxtaposition,2
american,2
mounted,2
mobility,2
stone,2
word,2
protection,2
organic,2
diversity,2
du,2
materials,2
said,2
every,2
hurrians,2
attempts,2
undocumented,2
editions,2
tradition,2
secondary,2
advantage,2
tactic,2
origin,2
court,2
kingdom,2
evolving,2
feature,2
date,2
behind,2
british,2
issue,2
dr,2
modify,2
primary,2
draw,2
hall,2
powers,2
vital,2
holmyard,2
adoption,2
cited,2
innovator,2
beneath,2
controlled,2
conflict,2
comprehensive,2
draught,2
sustain,2
relatively,2
adopted,2
application,2
amarna,2
distinct,2
elements,2
david,2
body,2
speed,2
response,2
served,2
suitable,2
effective,2
find,2
hybrid,2
y,2
obscure,2
ugaritic,2
weapon,2
recognized,2
operations,2
hissar,2
across,2
illustration,2
explicit,2
represented,2
granted,2
similar,2
importance,2
nos,2
von,2
absorbed,2
changes,2
monumental,2
civilizations,2
familiar,2
proved,2
impact,2
exploited,2
horsemanship,2
spokes,2
important,2
management,2
experimentation,2
result,2
appraisal,2
arrival,2
bearing,2
societies,2
attack,2
out,2
blockade,2
term,2
chinese,2
cultural,2
gurpisu,2
domestication,2
method,2
technical,2
warriors,2
aspects,2
sites,2
basis,2
writers,2
whole,2
describe,2
people,2
javelin,2
apparently,2
formations,2
employed,2
status,2
my,2
regions,2
indicator,2
field,2
stage,2
quite,2
teams,2
mitanni,2
up,2
undisputed,2
appropriate,2
provided,2
hybrids,2
battle,2
service,2
interpretation,2
reference,2
represents,2
tablet,2
restricted,2
neither,2
included,2
unusually,2
alten,2
increasingly,2
power,2
others,2
towns,2
rock,2
lighter,2
fact,2
fundamental,2
recurrent,2
kendall,2
end,2
foe,2
monographs,2
bowmen,2
armed,2
material,2
tiny,2
harnessed,2
remained,2
palestine,2
mesopotamien,2
demonstrated,2
extended,2
rulers,2
examples,2
effectiveness,2
cambridge,2
region,2
including,2
depended,2
contacts,2
repertory,2
virtually,2
evolution,2
rare,2
nothing,2
continue,2
alalakh,2
described,2
rejected,2
open,2
language,2
high,2
played,2
excavated,2
standard,2
evolutionary,2
tactics,2
can,2
equus,2
greece,2
slab,2
meagre,2
concluded,2
increasing,2
manner,2
modification,2
foreign,2
pieces,2
who,2
el,2
area,2
antiquity,2
respect,2
arts,2
problematic,2
matters,2
associated,2
following,2
prehistory,2
dissemination,2
extending,2
recognizable,2
cuneiform,2
equipment,2
verlag,2
set,2
der,2
weaponry,2
different,2
unknown,2
intrusive,2
iii,2
distinctive,2
gimbutas,2
protect,2
terms,2
firmly,2
novelty,2
problem,2
mentioned,2
chagar,2
listed,2
radically,2
bodies,2
whence,2
trees,2
transport,2
babylonian,2
given,2
decisive,2
introduced,2
city,2
elucidate,2
became,2
assumptions,2
phenomenon,2
world,2
representation,2
wild,2
textes,2
lands,2
contributed,2
detached,2
oldest,2
specific,2
text,2
substantial,2
resources,2
charioteers,2
sa,1
admirably,1
final,1
resolve,1
grasped,1
morel,1
does,1
archives,1
nomades,1
formulated,1
currently,1
hub,1
rate,1
o,1
inhibits,1
calibrated,1
generalization,1
glacis,1
way,1
stuart,1
stylistic,1
bericht,1
revue,1
babylonier,1
fourwheeled,1
ready,1
fouilles,1
personnel,1
fingers,1
hurrian,1
foundation,1
sumerians,1
combine,1
mountains,1
gripping,1
string,1
notably,1
phonetic,1
expect,1
hethitica,1
bei,1
reflection,1
defences,1
assyriologie,1
shan,1
precede,1
referring,1
pictorially,1
motivation,1
ways,1
ankara,1
salonen,1
done,1
drawings,1
easily,1
motive,1
acceptance,1
comparisons,1
necessarily,1
pose,1
iashmolean,1
pontificium,1
mursilis,1
arrived,1
nineteenth,1
southwards,1
arguing,1
turning,1
according,1
themes,1
prosperous,1
negative,1
experience,1
painful,1
compression,1
vandenhoeck,1
historype,1
inhibited,1
else,1
either,1
joost,1
hyksos,1
invention,1
fast,1
monash,1
container,1
production,1
srike,1
finger,1
exclusive,1
implications,1
ingenuity,1
actual,1
sasson,1
promoting,1
armoury,1
thisey,1
analogies,1
advanced,1
boehmer,1
evidenrawn,1
prestigious,1
words,1
containing,1
possibilities,1
archaeologically,1
jagdtiere,1
hofirst,1
assembling,1
twenty,1
canaan,1
correspondingly,1
blinkered,1
babylon,1
seargue,1
thumb,1
indeed,1
timing,1
tonneau,1
amorite,1
arises,1
borne,1
studied,1
able,1
transferred,1
sometime,1
revival,1
hundred,1
landfahrzeuge,1
lxxxii,1
bazar,1
carnegie,1
products,1
debt,1
wealthy,1
inland,1
fresh,1
written,1
greatly,1
henceforth,1
gibson,1
longmans,1
sheet,1
goetze,1
thicles,1
coniferous,1
papers,1
legend,1
fruhe,1
system,1
acknowledged,1
takes,1
bentwood,1
escort,1
resilience,1
plain,1
philological,1
vorderen,1
recorded,1
courtesy,1
owe,1
gaps,1
key,1
bird,1
task,1
motion,1
bones,1
beth,1
beinscheinen,1
march,1
design,1
custom,1
figs,1
zur,1
indirectly,1
epitomes,1
lends,1
welcome,1
politics,1
sixteenth,1
theoryan,1
finnischen,1
drive,1
reaction,1
bibliography,1
institutum,1
west,1
apart,1
reassessing,1
combination,1
supply,1
incontestable,1
x,1
consequent,1
establishment,1
diffused,1
indicating,1
conception,1
enter,1
hudson,1
mid,1
usage,1
li,1
caquot,1
possessing,1
andrew,1
drawin,1
accessible,1
palais,1
plaques,1
review,1
kleinasien,1
archery,1
goddess,1
explained,1
weakened,1
component,1
mine,1
immediate,1
sumerianncient,1
professor,1
mellaart,1
against,1
motoring,1
bowman,1
agent,1
scarce,1
regarded,1
southern,1
bone,1
eurasian,1
assessment,1
militarily,1
schulman,1
fischer,1
supremacy,1
tripartite,1
expected,1
snake,1
kind,1
hemionus,1
armour,1
priority,1
progressive,1
cases,1
iph,1
self,1
places,1
ougaritiques,1
refer,1
convincing,1
mardikh,1
honour,1
adpf,1
criterion,1
thin,1
weight,1
drawn,1
consequently,1
stimulating,1
hodder,1
canaanite,1
details,1
demonstration,1
ausgrabungen,1
hammurabi,1
competitive,1
impressions,1
master,1
unfortunate,1
theavyir,1
marching,1
perfect,1
lesser,1
civilization,1
assessed,1
foot,1
manoeuvrability,1
interesting,1
simultaneously,1
lexical,1
york,1
gestaltung,1
russian,1
specialist,1
ox,1
homerica,1
managing,1
morrison,1
how,1
remain,1
basic,1
en,1
levels,1
process,1
knew,1
conceptions,1
requisite,1
opportunity,1
probability,1
eight,1
annalistic,1
thing,1
certain,1
fittings,1
leave,1
derived,1
direct,1
ass,1
scales,1
misconception,1
list,1
factors,1
reflexed,1
reappears,1
supposed,1
jargon,1
characterizes,1
mrs,1
category,1
ashmospeaking,1
acquisition,1
runners,1
carpentry,1
caspian,1
operates,1
marks,1
preclude,1
locally,1
triumphant,1
improvement,1
image,1
slowly,1
just,1
fortifications,1
traces,1
gradually,1
mary,1
too,1
profile,1
situations,1
four,1
companions,1
misconceptions,1
commonly,1
racing,1
athletic,1
legends,1
origins,1
powerful,1
edinburgh,1
indications,1
meanig,1
rkp,1
hurrites,1
cost,1
surge,1
hoard,1
antler,1
painted,1
terminology,1
exploitation,1
instance,1
anium,1
prowess,1
projected,1
opinion,1
faced,1
drawing,1
cut,1
oblique,1
appear,1
myths,1
plausibly,1
conflicts,1
osteological,1
ihre,1
acemhoyuk,1
uses,1
salles,1
formidable,1
prehistoric,1
came,1
based,1
societe,1
suomalainen,1
acknowledgments,1
mercenaries,1
traditionally,1
access,1
tadmor,1
changed,1
replica,1
international,1
her,1
sedentary,1
fishing,1
hebrew,1
relate,1
dispute,1
owen,1
biblicum,1
possibility,1
shield,1
brill,1
initial,1
thames,1
suits,1
denwood,1
traced,1
bronzenen,1
elicits,1
attackers,1
indirect,1
tools,1
appears,1
moore,1
cannot,1
zeitschriftfir,1
appearing,1
grounds,1
troops,1
equip,1
tension,1
mythes,1
catling,1
hittites,1
required,1
levant,1
misconstruction,1
aleppo,1
cart,1
failure,1
weidenfeld,1
none,1
mule,1
data,1
northerners,1
rotary,1
planning,1
pr,1
preferred,1
prized,1
iind,1
brought,1
london,1
breeding,1
purpose,1
explains,1
devising,1
mesopotamie,1
knhamrbofbblnc,1
knowledge,1
apparent,1
indigenous,1
comment,1
aged,1
forbc,1
penetrating,1
mitteilungen,1
description,1
incremental,1
childe,1
year,1
literature,1
dynasties,1
bible,1
gave,1
kindly,1
older,1
intermediate,1
autobiographic,1
riders,1
issues,1
records,1
biiyiikkale,1
historische,1
thereafter,1
winter,1
jahre,1
transported,1
documented,1
campagne,1
battering,1
complemented,1
believes,1
achieving,1
interpreted,1
strengthened,1
breeders,1
strongest,1
ursum,1
weeks,1
approach,1
subtle,1
oriental,1
expended,1
halaf,1
barsip,1
running,1
legacy,1
chauffeur,1
bythe,1
responsibility,1
distances,1
dnieper,1
revolution,1
microfilms,1
indicators,1
semitic,1
box,1
escorts,1
stimulated,1
midst,1
night,1
orient,1
family,1
talents,1
sufficient,1
workshops,1
kleinfunde,1
wider,1
revealing,1
leather,1
executed,1
allard,1
nomads,1
research,1
convey,1
essentially,1
alluvial,1
cylinders,1
tended,1
yielded,1
occasions,1
sznycer,1
filling,1
hippologia,1
correspondence,1
notes,1
am,1
constructiop,1
rest,1
establishments,1
gordon,1
favoured,1
arpachiyah,1
activities,1
literaturgesellschaft,1
nicolson,1
avoid,1
thereabouts,1
survived,1
twowheeled,1
flourished,1
will,1
situation,1
steady,1
saw,1
matter,1
variety,1
practices,1
various,1
fortunately,1
identified,1
rams,1
inventiveness,1
outlean,1
short,1
constituents,1
grooms,1
legendes,1
subject,1
heads,1
play,1
bis,1
appreciate,1
royales,1
exception,1
phdoniker,1
rois,1
reinring,1
whatever,1
boss,1
above,1
illustrating,1
mainstream,1
comments,1
yeivin,1
percival,1
initially,1
eighty,1
suppose,1
direction,1
positive,1
spectacular,1
fighting,1
corpus,1
depicted,1
asiatic,1
suited,1
xixth,1
read,1
thought,1
plough,1
wearing,1
under,1
mobile,1
kammenhuber,1
verlagsbuchhandlung,1
equally,1
cylindrical,1
parr,1
vorliufiger,1
thesis,1
lowland,1
enigmatic,1
rightly,1
shock,1
culture,1
yoke,1
iiber,1
ruprecht,1
horites,1
performers,1
al,1
zabern,1
confirms,1
visitors,1
reports,1
noted,1
equidae,1
reconstruktion,1
rise,1
pierson,1
avoided,1
sketch,1
volume,1
cheek,1
sherratt,1
au,1
ventzke,1
technique,1
stated,1
sometimes,1
coupe,1
again,1
varies,1
motifs,1
nave,1
spear,1
biblique,1
revitalized,1
endorse,1
pressure,1
animates,1
striking,1
bovids,1
abstract,1
prided,1
inevitably,1
layer,1
really,1
break,1
larger,1
doubt,1
vignette,1
considerable,1
discussed,1
civilisations,1
question,1
kassites,1
forms,1
never,1
patterns,1
outside,1
v,1
patrolling,1
increases,1
amenophis,1
operating,1
ur,1
ras,1
derivation,1
developing,1
purposes,1
validity,1
accepted,1
see,1
eisenbrauns,1
necessary,1
til,1
sh,1
kfar,1
assault,1
brak,1
books,1
controversy,1
impoverished,1
free,1
grasps,1
degree,1
redesigned,1
interpreting,1
original,1
manoeuvring,1
private,1
withstand,1
harrassowitz,1
atlantic,1
crudely,1
considering,1
innovatory,1
desert,1
enormous,1
tank,1
increase,1
trends,1
judge,1
ruling,1
warrior,1
encouraged,1
kape,1
expression,1
combining,1
emtauer,1
unfortunately,1
operated,1
assumption,1
refers,1
factor,1
blocking,1
sequence,1
tips,1
sword,1
deutschen,1
anatolica,1
examination,1
administratifs,1
lightness,1
literate,1
kriegswesen,1
connected,1
dismissed,1
complicated,1
zarins,1
involves,1
flowered,1
exceedingly,1
significance,1
clear,1
discovered,1
biblical,1
historic,1
compressed,1
authors,1
literarische,1
appreciably,1
virtues,1
soldiers,1
dominated,1
decorated,1
victory,1
refinements,1
urge,1
haunted,1
architectural,1
philipp,1
like,1
revised,1
inventing,1
emergene,1
features,1
stages,1
traction,1
plo,1
fancy,1
provides,1
possess,1
gleerup,1
graphic,1
beyond,1
felloes,1
enough,1
internal,1
commentators,1
milldden,1
elaborate,1
parade,1
become,1
successful,1
interpretations,1
stand,1
ann,1
belles,1
attendant,1
ib,1
excluded,1
james,1
improbable,1
seeking,1
probably,1
looks,1
unqualified,1
differ,1
lateppe,1
northern,1
invented,1
institution,1
connections,1
pottery,1
quarter,1
modifications,1
la,1
widely,1
species,1
harnessing,1
motif,1
hunt,1
separate,1
philologists,1
caucasus,1
european,1
carried,1
antiquities,1
assyrian,1
marianna,1
relationship,1
indoeuropean,1
aid,1
wheelborne,1
raise,1
mop,1
complexion,1
independent,1
recall,1
crucial,1
usually,1
mortised,1
plays,1
naturally,1
arrow,1
favour,1
widespread,1
substitution,1
bulletin,1
army,1
kish,1
relations,1
translation,1
team,1
force,1
effectively,1
credited,1
transformation,1
originated,1
recognize,1
rapidly,1
why,1
diagnostic,1
ward,1
inferior,1
surprising,1
yakar,1
shooting,1
griffith,1
types,1
itself,1
marchers,1
ugarit,1
regularly,1
methods,1
orientalia,1
hocks,1
photographs,1
schuppenpanzers,1
ash,1
practised,1
exercised,1
fifteen,1
coat,1
manoeuvrable,1
outstandingly,1
aris,1
mann,1
complexity,1
incised,1
jagd,1
agents,1
geographic,1
manoeuvres,1
invoked,1
neighbouring,1
precise,1
generic,1
sceptical,1
symbol,1
sinews,1
asin,1
forty,1
natural,1
introducing,1
each,1
scythian,1
country,1
vehiclesing,1
connection,1
seem,1
believe,1
albeit,1
equivocal,1
sent,1
printed,1
argue,1
universal,1
current,1
regard,1
domestic,1
beran,1
last,1
charea,1
enemy,1
themselves,1
cautious,1
recherche,1
thrower,1
cyropaedia,1
cities,1
historical,1
past,1
merely,1
destroyed,1
person,1
ischali,1
beginning,1
horns,1
fuller,1
reign,1
periodica,1
levelling,1
combined,1
unique,1
abruptness,1
mcleod,1
coast,1
involvement,1
shamra,1
maintain,1
zagros,1
bogazkoy,1
passed,1
armies,1
wiseman,1
extent,1
lightening,1
fully,1
saddle,1
while,1
boghazkoy,1
gifts,1
periphery,1
prestige,1
scarab,1
recurrently,1
yield,1
ideal,1
tendons,1
xff,1
contain,1
temps,1
thspeaking,1
trainers,1
massed,1
magnificent,1
outline,1
paintings,1
thereby,1
sea,1
interaction,1
lovaniensia,1
easy,1
predecessors,1
dalley,1
everywhere,1
territory,1
contribute,1
copper,1
equipped,1
comprehicles,1
habelt,1
indians,1
mention,1
associating,1
coming,1
think,1
cordon,1
come,1
additional,1
besieged,1
contorted,1
models,1
instructive,1
difference,1
disposal,1
advent,1
similarity,1
herdner,1
defence,1
frame,1
charge,1
arier,1
glorify,1
vorderasiatische,1
wears,1
offer,1
lively,1
uncalibrated,1
land,1
dense,1
hethiter,1
sur,1
integration,1
france,1
cerf,1
seeks,1
rausing,1
paraphernalia,1
mainz,1
association,1
increased,1
needs,1
tiedeakatemia,1
vessel,1
potential,1
requires,1
valuable,1
archaeologica,1
regularity,1
exhaustive,1
demoralize,1
genesison,1
point,1
afield,1
amorites,1
debate,1
views,1
phillips,1
documentary,1
swiftness,1
backwards,1
eines,1
immediately,1
terracotta,1
concise,1
building,1
successive,1
conversations,1
termed,1
draft,1
vividly,1
odd,1
row,1
xxv,1
richly,1
