WORDCOUNTS,WEIGHT
the,449
of,429
and,426
in,307
to,162
a,149
that,147
african,84
is,80
for,70
iq,59
as,55
are,53
an,53
with,52
this,51
be,51
human,50
by,50
africa,44
cultural,43
from,42
rushton,41
other,41
on,41
j,39
archaeological,38
his,36
these,35
it,34
data,34
populations,34
test,32
differences,31
such,31
not,31
have,30
history,29
at,28
or,28
c,28
more,27
archaeology,27
racial,26
one,25
modern,25
university,25
he,25
s,24
those,24
intelligence,24
has,23
evolutionary,23
different,23
between,23
than,22
r,22
been,22
but,21
would,21
scores,21
evidence,21
p,20
pp,20
american,19
there,19
africans,19
et,19
very,19
press,19
race,19
social,18
claims,17
behavioural,16
al,16
new,16
evolution,16
which,16
were,16
world,16
they,15
i,15
ancient,15
also,15
less,15
cognitive,15
most,14
lynn,14
model,14
groups,13
journal,13
no,13
l,13
their,13
because,13
we,13
research,13
south,13
many,13
maceachern,13
over,13
g,12
century,12
m,12
people,12
africanist,12
scott,12
results,12
about,12
significant,12
number,12
average,12
d,12
does,11
continent,11
mental,11
beyond,11
only,11
time,11
especially,11
tests,11
testing,11
among,11
some,10
across,10
age,10
societies,10
claim,10
flynn,10
k,10
life,10
any,10
both,10
europe,9
e,9
development,9
even,9
origins,9
behaviour,9
domestication,9
areas,9
see,9
use,9
early,9
much,9
environmental,8
mankind,8
bp,8
all,8
within,8
races,8
environments,8
was,8
well,8
part,8
work,8
will,8
scientific,8
biological,8
two,8
explanation,8
upon,8
similar,8
three,8
like,8
continental,8
intellectual,8
particular,8
theory,8
while,8
comparable,8
should,8
now,7
entirely,7
stone,7
western,7
might,7
humans,7
book,7
origin,7
state,7
exist,7
central,7
bone,7
cases,7
rather,7
study,7
supposed,7
population,7
used,7
during,7
characteristics,7
tropical,7
strategies,7
theories,7
low,7
plant,7
effect,7
can,7
probably,7
indicate,7
why,7
then,7
anthropology,7
what,7
middle,7
researchers,7
vanhanen,7
substantial,7
north,7
introduction,6
h,6
studies,6
archaeologists,6
production,6
seems,6
last,6
richard,6
perspective,6
general,6
may,6
developed,6
parts,6
developments,6
pioneer,6
late,6
gains,6
place,6
regions,6
quite,6
critical,6
selection,6
makes,6
culture,6
same,6
racist,6
do,6
made,6
so,6
ago,6
often,6
anthropological,6
symbolic,6
years,6
cambridge,6
states,6
if,5
large,5
retardation,5
psychometric,5
t,5
taken,5
advanced,5
asia,5
case,5
account,5
west,5
since,5
relatively,5
compared,5
animal,5
levels,5
suffer,5
b,5
consequences,5
support,5
n,5
w,5
could,5
record,5
concept,5
its,5
around,5
cattle,5
indeed,5
temperate,5
fact,5
never,5
reproductive,5
where,5
zimbabwe,5
individual,5
systems,5
provide,5
associated,5
material,5
agricultural,5
models,5
difference,5
colleagues,5
extremely,5
association,5
themselves,5
bell,5
views,5
implies,4
measures,4
told,4
complex,4
achievements,4
philippe,4
into,4
before,4
first,4
long,4
fund,4
implications,4
individuals,4
great,4
murray,4
papers,4
sophisticated,4
america,4
agriculture,4
against,4
diversity,4
thus,4
de,4
ability,4
elements,4
critique,4
after,4
cave,4
frequently,4
explain,4
appear,4
appearance,4
deficits,4
sites,4
basis,4
psychiatric,4
psychological,4
actually,4
involved,4
blombos,4
second,4
various,4
palaeoanthropological,4
oxford,4
noted,4
toward,4
available,4
praeger,4
debates,4
present,4
degree,4
another,4
examination,4
held,4
earlier,4
provides,4
immigration,4
widely,4
european,4
mclntosh,4
science,4
claimed,4
who,4
countries,4
when,4
known,4
physical,4
herrnstein,4
natural,4
paper,4
east,4
seem,4
did,4
particularly,4
past,4
living,4
sexual,4
unlikely,4
explanations,4
them,4
almost,4
size,4
role,4
domesticates,4
our,4
score,4
approximately,4
effects,4
recent,4
later,3
indicated,3
administered,3
red,3
per,3
expect,3
systematically,3
kinds,3
presents,3
sources,3
skills,3
prone,3
eurasia,3
disadvantage,3
point,3
resources,3
along,3
severe,3
quality,3
due,3
millennium,3
racialist,3
find,3
lesser,3
racism,3
without,3
activists,3
sort,3
derived,3
reason,3
emergence,3
presumably,3
important,3
decades,3
view,3
greater,3
had,3
advance,3
based,3
found,3
traditionally,3
out,3
further,3
ranking,3
appears,3
cannot,3
near,3
brooks,3
impression,3
bogaert,3
tool,3
striking,3
example,3
symbolism,3
related,3
marean,3
literature,3
believes,3
own,3
cold,3
order,3
boundaries,3
progress,3
paid,3
using,3
notes,3
racists,3
invest,3
f,3
lieberman,3
comparative,3
play,3
racialized,3
indicates,3
southern,3
hominids,3
interpretation,3
evolved,3
poort,3
picture,3
power,3
brain,3
personality,3
arthur,3
contemporary,3
doubt,3
variation,3
serious,3
accepted,3
native,3
ethiopia,3
understanding,3
examples,3
including,3
largely,3
dating,3
language,3
points,3
characterized,3
him,3
played,3
latter,3
graves,3
interpretations,3
diamond,3
claiming,3
factors,3
rise,3
ecological,3
success,3
army,3
jensen,3
exists,3
get,3
stable,3
magnitude,3
complexity,3
peoples,3
inferiority,3
worth,3
best,3
current,3
evident,3
according,3
terms,3
problem,3
extent,3
cognitively,3
asians,3
must,3
severely,3
through,3
assumptions,3
adapted,3
come,3
canadian,3
charles,3
pathways,3
debate,3
gayre,3
major,3
difficult,2
zaire,2
o,2
paralleled,2
common,2
cent,2
altamira,2
arctic,2
rhine,2
utility,2
just,2
obsolete,2
drastically,2
myth,2
likely,2
bias,2
considerations,2
child,2
acceptance,2
undertaken,2
potentials,2
uses,2
nineteenth,2
chief,2
henshilwood,2
experience,2
lower,2
being,2
certainly,2
culturally,2
worked,2
diseases,2
definition,2
archaeologically,2
tradition,2
together,2
simple,2
thank,2
verbal,2
kingdom,2
reproduction,2
sahara,2
political,2
context,2
similarities,2
globe,2
promulgated,2
westview,2
eastern,2
discuss,2
right,2
trade,2
capable,2
reply,2
obvious,2
gottfredson,2
combination,2
far,2
genetic,2
himself,2
mentally,2
behavior,2
funded,2
walnut,2
tribute,2
duchet,2
review,2
relationships,2
assumes,2
center,2
characteristic,2
topic,2
z,2
spans,2
turn,2
places,2
amount,2
back,2
compare,2
climates,2
influence,2
mechanism,2
higher,2
poor,2
ankney,2
performance,2
main,2
how,2
edward,2
basic,2
mean,2
progressive,2
humanity,2
symbols,2
black,2
white,2
mexico,2
dismiss,2
space,2
okpoko,2
shell,2
amasses,2
descent,2
behaviours,2
dated,2
elsewhere,2
numbers,2
inspiration,2
upper,2
saharan,2
linkage,2
overestimate,2
victorian,2
erroneous,2
expressed,2
distribution,2
prehistoric,2
histories,2
method,2
owen,2
cameroon,2
glacial,2
big,2
engraved,2
war,2
recently,2
metals,2
pleistocene,2
nonsensical,2
criteria,2
artefacts,2
accounting,2
degrees,2
scope,2
writers,2
future,2
significantly,2
heavily,2
indigenous,2
multiplied,2
description,2
discussions,2
psychologist,2
blocs,2
project,2
ethnicity,2
challenging,2
successful,2
working,2
field,2
involve,2
wider,2
components,2
australian,2
roots,2
sophistication,2
massive,2
geographical,2
nations,2
reduced,2
variety,2
economic,2
short,2
subject,2
brief,2
above,2
relationship,2
justifying,2
reference,2
fit,2
thought,2
under,2
neither,2
acting,2
continents,2
already,2
useful,2
wurz,2
organizations,2
challenge,2
comparison,2
theorization,2
similarly,2
towns,2
experienced,2
food,2
deficient,2
idea,2
taxonomy,2
associates,2
john,2
external,2
ruler,2
psychologists,2
klasies,2
decisively,2
continuing,2
developing,2
books,2
reflected,2
polities,2
subtropical,2
investment,2
discovery,2
critiqued,2
writings,2
region,2
increase,2
unpredictable,2
europeans,2
psychometricians,2
ideas,2
story,2
transect,2
mcbrearty,2
dismissed,2
involves,2
reality,2
period,2
curve,2
exchange,2
class,2
educational,2
borderline,2
stahl,2
composite,2
examine,2
james,2
seeking,2
capabilities,2
looks,2
equivalent,2
northern,2
versus,2
occupied,2
attention,2
offspring,2
ranging,2
yields,2
today,2
perspectives,2
matrices,2
popularity,2
area,2
introductory,2
existed,2
united,2
supporting,2
face,2
pressures,2
detail,2
share,2
circumstances,2
simply,2
confounding,2
droughts,2
funding,2
bowdoin,2
each,2
parental,2
suggestions,2
global,2
prolific,2
unknown,2
straightforward,2
generalized,2
historical,2
guinea,2
accepts,2
advances,2
merely,2
proceedings,2
form,2
making,2
supplemented,2
institute,2
divide,2
produce,2
urban,2
travel,2
des,2
boston,2
presented,2
multiple,2
sea,2
measure,2
clothing,2
phenomenon,2
challenges,2
question,2
formation,2
differentiation,2
doubting,2
conditions,2
national,2
accept,2
parallels,2
americas,2
defined,2
derive,2
backwater,2
speak,2
potential,2
km,2
vary,2
dickens,2
predictable,2
element,2
little,2
develop,2
taylor,2
eugenicist,2
close,2
haiti,2
hypothesis,2
scoring,1
miller,1
pikirayi,1
locates,1
go,1
superiority,1
judge,1
undergraduate,1
possessed,1
provisioning,1
doubts,1
residing,1
way,1
concerned,1
implying,1
generated,1
negroid,1
correlations,1
aptitude,1
librairie,1
college,1
legitimate,1
schoenbrun,1
pierce,1
mountains,1
federation,1
notably,1
grotesque,1
tigers,1
reflection,1
elementary,1
factories,1
denied,1
misuse,1
identify,1
tend,1
secondarily,1
cars,1
ma,1
linkages,1
horowitz,1
uniquely,1
true,1
sets,1
ways,1
investigating,1
approaches,1
pornography,1
former,1
decade,1
policy,1
robertshaw,1
shelter,1
necessarily,1
organic,1
pose,1
occurred,1
riles,1
psychic,1
accomplishments,1
something,1
revision,1
calibration,1
dhar,1
jp,1
sudanian,1
materials,1
contexts,1
fires,1
fluctuations,1
accumulation,1
said,1
island,1
anything,1
else,1
morton,1
australia,1
wrong,1
czernovsky,1
invention,1
every,1
ogundele,1
egalitarianism,1
posed,1
interests,1
derives,1
originally,1
deterministic,1
give,1
rush,1
progression,1
anywhere,1
demonstrable,1
asserts,1
fragmentary,1
nature,1
historiography,1
refurbishing,1
resemblance,1
possibilities,1
reach,1
buganda,1
affinities,1
assembling,1
leading,1
broken,1
holl,1
accompanied,1
highland,1
panafrican,1
bead,1
accumulated,1
luba,1
producing,1
narrative,1
assembled,1
bos,1
able,1
government,1
lumped,1
atlantic,1
basin,1
peacefulness,1
products,1
cowpea,1
take,1
evolving,1
independent,1
patterned,1
emphasized,1
blackwell,1
influences,1
fagade,1
concepts,1
investigations,1
decreased,1
china,1
item,1
readiness,1
hostile,1
namibia,1
rethinking,1
determinative,1
ad,1
kingdoms,1
issue,1
macarthur,1
depending,1
ascribed,1
advocates,1
existence,1
forthcoming,1
microsatellite,1
restitution,1
anthropologists,1
assertions,1
sociobiology,1
formulation,1
propensity,1
phylogeography,1
sought,1
u,1
firm,1
apple,1
labours,1
design,1
mistakes,1
vol,1
evolutionarily,1
holocene,1
rto,1
possible,1
determined,1
politics,1
nordic,1
omissions,1
archaeobotany,1
drive,1
beverly,1
paideia,1
reaction,1
sudwest,1
fine,1
internet,1
variations,1
conceptual,1
disparities,1
processes,1
intelligent,1
cited,1
redefining,1
correlation,1
investing,1
permissive,1
economies,1
fragment,1
audience,1
separating,1
cursory,1
exposed,1
conflict,1
ends,1
technologically,1
iron,1
includes,1
throughout,1
hypothesizes,1
differential,1
equatorial,1
merchants,1
historically,1
explained,1
component,1
difficulties,1
roger,1
inevitable,1
professor,1
longevity,1
armelagos,1
visited,1
hierarchy,1
sahelian,1
confer,1
bodily,1
psychonomic,1
popularly,1
ease,1
juxtaposition,1
relations,1
acta,1
ethology,1
tichitt,1
occurs,1
crania,1
unwillingness,1
eurasian,1
pauw,1
august,1
media,1
sinclair,1
templeton,1
mild,1
objected,1
evaluate,1
estimates,1
unpredictability,1
theorists,1
immigrants,1
savannas,1
archaeobotanical,1
concerning,1
body,1
apollo,1
speed,1
slave,1
modernity,1
dean,1
nonafrican,1
brace,1
dates,1
unchanged,1
third,1
cliveden,1
helpful,1
explore,1
y,1
suitability,1
look,1
bornu,1
longdistance,1
wet,1
adult,1
hardly,1
acted,1
selectively,1
industries,1
van,1
enkapune,1
online,1
profoundly,1
recognized,1
americans,1
smedley,1
interlacustrine,1
subjected,1
observers,1
devastating,1
growth,1
absent,1
farrago,1
remain,1
museum,1
posits,1
influential,1
appreciation,1
completely,1
designers,1
kusimba,1
associate,1
persistent,1
twentyfirst,1
publisher,1
landscapes,1
adept,1
neale,1
references,1
arid,1
pernicious,1
utterly,1
changes,1
acquisition,1
howiesons,1
muto,1
old,1
affect,1
routledqe,1
prehistory,1
consider,1
ramsey,1
organization,1
river,1
statistical,1
established,1
neurological,1
breeds,1
languages,1
india,1
foragers,1
disequilibrium,1
quoted,1
traces,1
colder,1
additive,1
egregious,1
too,1
disproves,1
accumulating,1
advancing,1
orientation,1
four,1
leicester,1
aksum,1
couleur,1
powerful,1
isolation,1
followed,1
intellects,1
position,1
putting,1
requires,1
exploitation,1
archeological,1
strenuously,1
dominant,1
care,1
testify,1
calgary,1
antecedents,1
providing,1
trained,1
trajectories,1
kenya,1
reflections,1
denigrating,1
thinks,1
union,1
raw,1
moving,1
closely,1
came,1
lead,1
participants,1
societe,1
concentration,1
plateau,1
chris,1
allow,1
holds,1
carrying,1
untrodden,1
conservative,1
entered,1
demise,1
impressionistic,1
ambiguity,1
effort,1
behavioral,1
nigeriennes,1
demands,1
shared,1
chadcameroon,1
agendas,1
disorders,1
taurus,1
unsubstantiated,1
possibility,1
fuel,1
representative,1
prejuge,1
pastoralist,1
academic,1
repatriate,1
cohen,1
equally,1
occupation,1
traced,1
traits,1
let,1
reviews,1
keywords,1
mate,1
province,1
tools,1
produced,1
persons,1
intensity,1
analogous,1
applied,1
grounds,1
wealth,1
ignorance,1
equip,1
corrosively,1
evaluative,1
amassed,1
noticed,1
taurine,1
public,1
schema,1
princeton,1
acknowledgements,1
information,1
aspects,1
currey,1
hierarchies,1
none,1
figurative,1
pseudoscience,1
climes,1
paints,1
blade,1
planning,1
predictability,1
appeals,1
statehood,1
altruism,1
lunde,1
explains,1
booklet,1
apparent,1
edn,1
functionality,1
department,1
pasts,1
semliki,1
port,1
got,1
eurocentric,1
overview,1
realm,1
jamieson,1
tale,1
older,1
ghana,1
policies,1
rand,1
issues,1
broad,1
beginnings,1
avowedly,1
beads,1
bc,1
documented,1
lifeways,1
proliferation,1
away,1
appreciated,1
nor,1
realms,1
sutton,1
resort,1
president,1
fattovich,1
my,1
assiduous,1
towards,1
approach,1
errors,1
either,1
subtle,1
good,1
change,1
published,1
least,1
brush,1
sense,1
correct,1
describing,1
level,1
below,1
manners,1
distances,1
wildly,1
revolution,1
things,1
seized,1
reliable,1
speculations,1
indicators,1
semitic,1
trading,1
politically,1
bestknown,1
relevant,1
mediterranean,1
discourse,1
assemble,1
unsophisticated,1
event,1
specifically,1
small,1
tuned,1
ignore,1
choose,1
lind,1
eighth,1
disproving,1
industry,1
supposedly,1
decline,1
essentially,1
ancestors,1
potent,1
maine,1
occasions,1
annual,1
generally,1
descendants,1
up,1
majority,1
haplotype,1
deacon,1
palaeoanthropologists,1
diminished,1
value,1
provided,1
finds,1
katanda,1
moved,1
valuable,1
landlords,1
avoid,1
reigns,1
periods,1
silberman,1
pearson,1
kant,1
tasks,1
witwatersrand,1
situation,1
steady,1
vdarecom,1
minor,1
cottage,1
contact,1
functioning,1
littlefield,1
resisted,1
heresies,1
limited,1
onward,1
classic,1
forward,1
purports,1
inhibit,1
unsystematic,1
international,1
heritability,1
prevailing,1
object,1
cornelius,1
says,1
mainstream,1
interactions,1
domination,1
comments,1
experiences,1
manifest,1
longitudinal,1
movement,1
collapsed,1
amerindian,1
settings,1
backed,1
hold,1
tends,1
evidentiary,1
single,1
chronicle,1
simultaneous,1
criticism,1
fringe,1
arrangements,1
paradox,1
tropically,1
esoteric,1
detectable,1
sex,1
continuity,1
technology,1
fifth,1
restricted,1
exposure,1
chronology,1
tangled,1
us,1
genevieve,1
thesis,1
favouring,1
msa,1
marshall,1
palmer,1
constant,1
included,1
editorial,1
eminently,1
homogeneous,1
publishing,1
supplied,1
rising,1
imputes,1
ethnographic,1
experimental,1
dna,1
arbitration,1
topical,1
accelerated,1
indian,1
visitors,1
dakar,1
begins,1
increasingly,1
bar,1
situates,1
innate,1
regional,1
heredity,1
penis,1
fairly,1
engravings,1
declining,1
seymour,1
inhabitants,1
birthplace,1
fire,1
maret,1
unreliable,1
barbed,1
stated,1
mark,1
racisme,1
academy,1
reporting,1
varies,1
put,1
printing,1
deterioration,1
rock,1
addition,1
projects,1
tiny,1
demographic,1
analytical,1
lacked,1
prehistorically,1
divorce,1
consideration,1
fundamental,1
benevolent,1
abilities,1
occurrence,1
seasonality,1
foods,1
herder,1
pastoralism,1
plan,1
powerless,1
appeared,1
abstract,1
reform,1
archaeopress,1
euroamericans,1
contradict,1
really,1
resolved,1
junior,1
pennsylvania,1
man,1
battery,1
forms,1
conclusions,1
took,1
v,1
geography,1
valorizes,1
centre,1
clusters,1
swahili,1
innovative,1
road,1
stringently,1
validity,1
systematic,1
empire,1
unclear,1
jobs,1
renaissance,1
mitochondrial,1
council,1
necessary,1
practice,1
attitude,1
cycling,1
japan,1
perhaps,1
remarked,1
beta,1
gives,1
going,1
free,1
distortions,1
day,1
supremacist,1
summers,1
murdock,1
image,1
larose,1
greatest,1
ingenious,1
exploring,1
oil,1
discussion,1
disease,1
background,1
treated,1
leone,1
speculates,1
snakes,1
marginality,1
contacts,1
silverman,1
elite,1
expand,1
skeletal,1
top,1
varying,1
itzkoff,1
asian,1
ya,1
jewsiewicki,1
unfortunately,1
corrado,1
unfair,1
assumption,1
naturalizing,1
virtually,1
francis,1
web,1
factor,1
assume,1
causes,1
congress,1
academics,1
survey,1
inflicted,1
satisfactorily,1
comprehends,1
assign,1
logics,1
rare,1
lawrence,1
hoc,1
real,1
internally,1
continue,1
aids,1
deployed,1
markus,1
parasitic,1
advantages,1
racializing,1
theoretical,1
students,1
distortion,1
afterward,1
meanings,1
clear,1
equates,1
adding,1
restraint,1
scandinavia,1
urbanism,1
lakes,1
health,1
essay,1
peter,1
tended,1
logic,1
interpret,1
mandara,1
issn,1
professionalization,1
times,1
genetics,1
revised,1
spread,1
brussels,1
attribution,1
mouton,1
high,1
dry,1
harpoon,1
bipartite,1
filled,1
accurate,1
probable,1
believing,1
managerial,1
repeated,1
sorghum,1
northrup,1
problems,1
internal,1
zimbabwean,1
incapable,1
eyes,1
racialism,1
hraussianus,1
feet,1
dishonourable,1
become,1
hastily,1
respectively,1
authoritatively,1
topics,1
exactly,1
reestablishing,1
excluded,1
hildebrand,1
analysis,1
hunters,1
enthusiasts,1
norton,1
differ,1
accord,1
amateur,1
relative,1
engagement,1
attend,1
professional,1
pupils,1
nativist,1
stereotypes,1
standard,1
brave,1
carried,1
worldview,1
seasons,1
undifferentiated,1
testable,1
depressed,1
draper,1
imply,1
moses,1
me,1
trench,1
note,1
machugh,1
reviewer,1
zambezian,1
coterminous,1
evolve,1
stearns,1
practical,1
obscuring,1
begin,1
tundra,1
wiener,1
recognizes,1
bulletin,1
strongly,1
imperialism,1
began,1
circumstance,1
subscribers,1
wilson,1
rapidly,1
bows,1
geneticae,1
worlds,1
boaz,1
responsible,1
expectations,1
esclavage,1
tishkoff,1
paternal,1
diagnostic,1
fall,1
pipeline,1
surprising,1
education,1
centres,1
siberia,1
fields,1
aboriginal,1
itself,1
articles,1
mirror,1
combines,1
subtext,1
legitimately,1
earliest,1
biology,1
considered,1
sections,1
marshal,1
presidency,1
wars,1
variable,1
dispersed,1
comes,1
series,1
conclusion,1
version,1
bolsters,1
changing,1
ethnoarchaeology,1
extending,1
manual,1
predictions,1
extensive,1
wear,1
steel,1
geographic,1
economically,1
neighbouring,1
forests,1
detective,1
les,1
fluctuating,1
rival,1
perforated,1
occurrences,1
darwin,1
glimpse,1
medicae,1
text,1
sciences,1
malarial,1
here,1
alternative,1
quaternary,1
set,1
triptych,1
butler,1
lundman,1
evokes,1
stem,1
control,1
mishmash,1
weizman,1
commonplace,1
proponents,1
shares,1
descriptions,1
expanding,1
capability,1
forebears,1
assefa,1
grigson,1
gosden,1
mukhopadhyay,1
eugenics,1
post,1
eventually,1
foundation,1
fossils,1
sudan,1
reliability,1
asserting,1
welsby,1
desplagnes,1
lockstep,1
domesticated,1
sierra,1
problematics,1
proposed,1
works,1
absolutely,1
turned,1
phd,1
biogeography,1
saying,1
beginning,1
cautions,1
game,1
defy,1
microlithic,1
unique,1
whether,1
rose,1
reconcile,1
list,1
multidisciplinary,1
accounts,1
independently,1
sociology,1
underpinnings,1
thirty,1
textbook,1
attitudes,1
unnecessary,1
insightful,1
pwiti,1
correlates,1
require,1
yield,1
peters,1
influenced,1
observations,1
don,1
suggests,1
goodman,1
wicklijfe,1
targets,1
art,1
popular,1
remember,1
bibliophiles,1
unilinear,1
probing,1
trivial,1
disparate,1
met,1
given,1
zebu,1
city,1
despite,1
excursion,1
balmier,1
maxwell,1
became,1
yellen,1
techniques,1
transition,1
disciplines,1
controls,1
skuy,1
rationale,1
resistance,1
underestimate,1
germs,1
trigger,1
ranks,1
allows,1
palaeoanthropology,1
tall,1
think,1
subtlety,1
analogy,1
disadvantages,1
wild,1
outline,1
undercuts,1
drafts,1
argument,1
ignored,1
abridged,1
copies,1
finding,1
nile,1
illinois,1
twentieth,1
grappling,1
temperamental,1
charge,1
trap,1
origines,1
chad,1
course,1
enlightenment,1
integrated,1
alleles,1
usa,1
socially,1
need,1
sur,1
inherent,1
cautionary,1
barnes,1
disruption,1
exceeding,1
involving,1
programme,1
inequalities,1
philosophy,1
incommensurate,1
classification,1
archaic,1
roughly,1
summary,1
anonymous,1
mcdaniel,1
debunking,1
thousand,1
treats,1
blacks,1
searching,1
modeling,1
removed,1
assumed,1
nassarius,1
still,1
straw,1
chicago,1
irrelevant,1
exclusively,1
valley,1
entire,1
interaction,1
dental,1
seek,1
technological,1
detection,1
delineate,1
asked,1
indicating,1
roles,1
customs,1
occur,1
deeper,1
looking,1
praehistorica,1
eagerly,1
