WORDCOUNTS,WEIGHT
the,473
of,384
and,256
in,171
a,144
to,131
by,66
is,62
as,60
that,52
for,47
bali,43
tirtha,33
are,32
ideological,32
at,30
on,30
power,29
their,28
with,28
w,27
this,27
j,26
manukaya,26
inscription,26
i,25
state,25
an,25
it,24
or,24
balinese,24
between,23
were,22
from,22
other,21
temple,21
schoenfelder,21
university,20
empul,20
new,20
be,18
stone,16
king,16
m,16
water,16
these,15
social,15
press,15
they,14
was,14
also,14
not,14
s,13
statements,13
most,13
pp,13
but,13
two,13
temples,13
which,13
have,13
specific,13
more,12
c,12
t,11
there,11
century,11
no,11
r,11
john,11
dramas,11
both,11
groups,10
complex,10
theatre,10
van,10
irrigation,10
materialization,10
stutterheim,10
ideas,10
indonesian,9
use,9
history,9
political,9
point,9
l,9
support,9
knowledge,9
its,9
has,9
south,9
ancient,9
indian,9
polities,9
priests,9
voor,9
village,8
american,8
h,8
koninklijk,8
ad,8
such,8
some,8
geertz,8
ritual,8
since,8
g,8
than,8
traditions,8
instituut,8
his,8
en,8
royal,8
societies,8
schulte,8
villages,8
spring,8
local,8
hinduism,8
form,8
volkenkunde,8
e,7
had,7
all,7
important,7
out,7
events,7
experts,7
package,7
et,7
lansing,7
society,7
f,7
made,7
including,7
meanings,7
been,7
strategies,7
acts,7
what,7
inscriptions,7
art,7
group,6
goris,6
into,6
tradition,6
sacred,6
current,6
within,6
capacity,6
affiliation,6
hierarchy,6
old,6
messages,6
nordholt,6
holy,6
archaeology,6
het,6
research,6
al,6
forms,6
archaeological,6
ardika,6
ideology,6
kings,6
each,6
beratha,6
roles,6
meaning,5
inequality,5
tampaksiring,5
pura,5
central,5
how,5
desa,5
k,5
monuments,5
maintaining,5
objects,5
verhandelingen,5
cultural,5
because,5
used,5
actors,5
people,5
change,5
villagers,5
pulagan,5
only,5
many,5
day,5
twentieth,5
full,5
ceremonies,5
java,5
would,5
period,5
can,5
construction,5
we,5
kitlv,5
often,5
sukarto,5
here,5
particular,5
goals,5
d,5
states,5
much,5
built,5
source,4
first,4
every,4
investments,4
moon,4
cohesion,4
those,4
p,4
system,4
case,4
tenth,4
resources,4
de,4
one,4
communication,4
shall,4
costs,4
act,4
players,4
b,4
universitas,4
prehistory,4
beyond,4
indonesia,4
my,4
could,4
further,4
though,4
facilities,4
brahmana,4
part,4
year,4
demonstrates,4
structures,4
status,4
penelitian,4
masa,4
he,4
practices,4
still,4
precolonial,4
make,4
interactions,4
southeast,4
time,4
pattern,4
material,4
bathing,4
subaks,4
asian,4
systems,4
institutions,4
translation,4
analysis,4
dissertation,4
anthropological,4
der,4
paper,4
reported,4
through,4
intended,4
regular,4
early,4
pedanda,4
courts,3
carved,3
introduction,3
told,3
offerings,3
solidarity,3
studies,3
decade,3
princeton,3
contexts,3
being,3
sources,3
production,3
give,3
taken,3
seems,3
asia,3
last,3
pada,3
context,3
holiness,3
millennium,3
relations,3
elements,3
even,3
may,3
rights,3
raja,3
rather,3
landscape,3
nijhoff,3
special,3
changes,3
consider,3
show,3
baths,3
faced,3
changed,3
congregations,3
sastra,3
symbols,3
networks,3
well,3
work,3
edn,3
udayana,3
place,3
rituals,3
polity,3
small,3
several,3
autonomy,3
likely,3
nonetheless,3
economic,3
doctoral,3
warmmadewa,3
single,3
about,3
under,3
home,3
complete,3
same,3
efforts,3
gunung,3
beliefs,3
end,3
pemangkus,3
subak,3
bulletin,3
discussion,3
campaigns,3
range,3
hindu,3
worship,3
javanese,3
individual,3
so,3
function,3
covarrubias,3
inscribed,3
study,3
interpretations,3
materialized,3
probably,3
things,3
me,3
figure,3
five,3
means,3
yale,3
legitimacy,3
see,3
school,3
any,3
series,3
must,3
anak,3
earle,3
set,3
martinus,3
over,3
different,3
agama,3
according,3
economy,3
making,3
theory,3
while,3
institute,3
cambridge,3
national,3
defined,3
area,3
association,3
elites,3
chicago,3
among,3
recent,3
miller,2
entities,2
now,2
pakerisan,2
pools,2
likewise,2
neighborhoods,2
di,2
completely,2
before,2
nineteenth,2
said,2
long,2
creation,2
attempt,2
chandrabhayasingha,2
nature,2
did,2
shaped,2
gorge,2
individuals,2
desire,2
great,2
link,2
court,2
religion,2
periplus,2
priest,2
concepts,2
reading,2
signs,2
described,2
advocates,2
existence,2
east,2
heterarchy,2
sought,2
vol,2
characterize,2
feinman,2
mutual,2
richard,2
dutch,2
along,2
himself,2
sign,2
thus,2
announce,2
relationships,2
divine,2
relatively,2
ability,2
viewing,2
santa,2
southern,2
issued,2
cf,2
late,2
perspective,2
laporan,2
fig,2
served,2
died,2
factions,2
journal,2
apparently,2
leadership,2
eiseman,2
civilization,2
exact,2
angeles,2
district,2
approaches,2
dienst,2
importance,2
parts,2
kumba,2
howe,2
monumental,2
affect,2
suwinih,2
india,2
branch,2
follow,2
patt,2
ceremony,2
rice,2
requires,2
instance,2
shifted,2
management,2
nagarakertagama,2
masehi,2
transmission,2
locals,2
zurbuchen,2
demands,2
international,2
term,2
big,2
fourth,2
residential,2
priorities,2
record,2
dan,2
wide,2
public,2
gods,2
receive,2
transcription,2
aspects,2
hierarchies,2
network,2
line,2
island,2
sculpture,2
lords,2
example,2
calls,2
symbolism,2
indigenous,2
kawi,2
prapanca,2
call,2
personal,2
away,2
canberra,2
employed,2
oudheidkundige,2
ucla,2
pemangku,2
washing,2
oriental,2
officials,2
verslag,2
exclusionary,2
contrast,2
bernet,2
around,2
purohita,2
australian,2
basangambu,2
generally,2
materialize,2
relic,2
notes,2
value,2
saka,2
dam,2
ninth,2
activities,2
will,2
therefore,2
wayan,2
sakenan,2
ceremonial,2
action,2
limited,2
play,2
manipulate,2
object,2
gift,2
religious,2
asiatic,2
fit,2
makes,2
notable,2
continuity,2
favorable,2
thesis,2
elizabeth,2
tax,2
acting,2
abad,2
culture,2
shifting,2
ethnographic,2
locality,2
controllable,2
organizations,2
soekmono,2
crucial,2
rock,2
addition,2
usefulness,2
perajin,2
longer,2
kirtya,2
scholars,2
crop,2
layer,2
fallen,2
ruler,2
wungsu,2
do,2
v,2
increases,2
purposes,2
existing,2
receives,2
less,2
council,2
lines,2
duties,2
charter,2
barrett,2
babad,2
original,2
classes,2
meaningful,2
treated,2
upon,2
bear,2
numerous,2
questions,2
like,2
op,2
language,2
maintenance,2
held,2
general,2
allowed,2
helpful,2
creating,2
candis,2
features,2
played,2
after,2
oudheidkundig,2
pageant,2
written,2
internal,2
article,2
ideational,2
washings,2
structure,2
claiming,2
evidence,2
quarter,2
attention,2
relationship,2
malaysian,2
today,2
note,2
continued,2
sometimes,2
washed,2
borrowing,2
who,2
fakultas,2
los,2
caste,2
supporting,2
types,2
fields,2
when,2
rakawi,2
itself,2
worlds,2
considered,2
eventually,2
associated,2
mentioned,2
changing,2
incorporated,2
pedandas,2
oudheden,2
symbolic,2
cotsen,2
text,2
ni,2
anthropology,2
connection,2
seem,2
down,2
returns,2
then,2
very,2
historical,2
distinctive,2
u,2
kempers,2
beginning,2
month,2
them,2
whether,2
require,2
annual,2
almost,2
hundreds,2
focused,2
presented,2
multiple,2
attached,2
materializing,2
role,2
focal,2
deployed,2
territory,2
world,2
remarks,2
our,2
locations,2
years,2
contributed,2
although,2
need,2
specialists,2
physical,2
relics,2
pluralistic,2
archaic,2
traveling,2
km,2
themselves,2
texts,2
interaction,2
focus,2
immediately,2
strong,2
priestly,2
taylor,2
should,2
building,2
given,1
currently,1
mostly,1
mahabharata,1
done,1
brumfiel,1
deny,1
obligations,1
edge,1
common,1
way,1
memorials,1
if,1
concerned,1
stylistic,1
names,1
corporate,1
imported,1
scholar,1
created,1
barong,1
epidemics,1
market,1
shrines,1
resulted,1
college,1
worthy,1
mountains,1
notably,1
manuscript,1
distributed,1
per,1
linguistic,1
center,1
large,1
purbakala,1
engineered,1
shareable,1
nested,1
perpetuate,1
approved,1
weaponsmiths,1
myth,1
identify,1
tend,1
essays,1
designed,1
ma,1
blessing,1
authority,1
english,1
ways,1
favor,1
monolithic,1
proclaims,1
acceptance,1
indonesienne,1
consequential,1
western,1
presents,1
individually,1
faded,1
monasticism,1
communicating,1
revered,1
jaman,1
accomplishments,1
klokke,1
redirect,1
variety,1
materials,1
hints,1
tuuk,1
lying,1
permit,1
withdrawn,1
failing,1
peniggalan,1
wrong,1
candi,1
blended,1
interests,1
originally,1
evolution,1
barongs,1
might,1
rita,1
tahap,1
fragmentary,1
parties,1
hong,1
divinity,1
archaeologically,1
leading,1
disordered,1
broadly,1
coexisting,1
together,1
display,1
confusion,1
sambut,1
thank,1
differences,1
farmers,1
kuna,1
portrayal,1
origin,1
validated,1
arises,1
government,1
hundred,1
exalted,1
products,1
take,1
real,1
packages,1
farmer,1
subsequent,1
creator,1
feature,1
somewhat,1
interviewed,1
improving,1
stand,1
improvements,1
staff,1
opposite,1
decreased,1
career,1
harcourt,1
fingernails,1
motivated,1
interpretability,1
papers,1
pertapaan,1
posts,1
sekala,1
nodes,1
issue,1
occasional,1
forum,1
governmental,1
bending,1
dr,1
ltd,1
officiating,1
kabupaten,1
eastern,1
tie,1
assertions,1
task,1
mass,1
discuss,1
design,1
figs,1
possible,1
marked,1
delivering,1
possessable,1
illustrate,1
geared,1
shared,1
sale,1
establishing,1
studi,1
solely,1
alter,1
october,1
monografi,1
west,1
irrigated,1
reusable,1
say,1
supervision,1
issuance,1
dynamic,1
negotiation,1
undoubtedly,1
enter,1
investing,1
monastic,1
overlaps,1
behavior,1
controlled,1
signal,1
funded,1
succeed,1
labor,1
conflict,1
goal,1
centralized,1
includes,1
constitutive,1
accessible,1
apex,1
chiefs,1
assembly,1
manahura,1
strife,1
reused,1
reverse,1
weakened,1
immediate,1
representations,1
dynamics,1
development,1
pursue,1
peircian,1
creators,1
cognizant,1
realized,1
monopolizing,1
essay,1
integral,1
confer,1
forgotten,1
regarded,1
heterogeneity,1
principalities,1
align,1
nonstate,1
asymmetrical,1
kind,1
turn,1
defense,1
nor,1
amended,1
sibling,1
underlying,1
depend,1
concerning,1
interlinear,1
back,1
body,1
props,1
columbia,1
extraordinary,1
brace,1
amalgam,1
kinship,1
third,1
misleading,1
thin,1
find,1
swirls,1
drawn,1
deceased,1
reasoned,1
festivals,1
ellipses,1
jubilee,1
operative,1
jones,1
upkeep,1
swirling,1
competitive,1
master,1
paralleling,1
formed,1
grasp,1
sanskrit,1
inhabitant,1
finances,1
aim,1
publicaties,1
failed,1
site,1
steps,1
operation,1
opposed,1
definitively,1
online,1
explanations,1
simultaneously,1
fort,1
recognized,1
constellations,1
etudes,1
observers,1
links,1
traffic,1
centered,1
declaring,1
remain,1
crafted,1
sort,1
lie,1
basic,1
financing,1
patronage,1
cremation,1
process,1
bond,1
opportunity,1
opportunities,1
granted,1
heard,1
associate,1
eight,1
similar,1
republic,1
generating,1
white,1
underline,1
ferry,1
banjars,1
involvement,1
understand,1
amassing,1
worshipped,1
macrae,1
flows,1
pusat,1
organization,1
improvement,1
sorts,1
river,1
peasant,1
eschew,1
linked,1
specify,1
proved,1
quoted,1
n,1
impact,1
receiving,1
traces,1
house,1
aggrandizes,1
northeastern,1
frequently,1
calendar,1
too,1
four,1
pinnacle,1
readings,1
splendor,1
defines,1
playingpiece,1
evaluation,1
ulun,1
oude,1
strategy,1
appear,1
commanded,1
disappeared,1
enacting,1
uses,1
industri,1
result,1
epigrafi,1
incomplete,1
lead,1
pest,1
kegan,1
downstream,1
found,1
conservative,1
entering,1
called,1
item,1
foreground,1
gajah,1
deal,1
mesoamerican,1
ksatria,1
nurturing,1
gianyar,1
brill,1
featured,1
onderafdeeling,1
clashes,1
embedded,1
materiality,1
handbook,1
left,1
pointing,1
traits,1
let,1
caves,1
mainly,1
keywords,1
dynasty,1
tools,1
population,1
cannot,1
sovereignty,1
applied,1
gupta,1
energy,1
handled,1
shape,1
friederich,1
tension,1
anecdote,1
taught,1
graciously,1
creates,1
near,1
possibility,1
acknowledgements,1
information,1
sima,1
specifically,1
gained,1
directly,1
distinguish,1
accounting,1
egalitarian,1
pekerjaan,1
planning,1
received,1
reid,1
start,1
concept,1
rijk,1
surfeit,1
varna,1
purpose,1
jha,1
premajapahit,1
civil,1
secret,1
sydney,1
description,1
reminded,1
dozens,1
gave,1
baru,1
during,1
references,1
collective,1
destination,1
comprehensible,1
actually,1
cluster,1
forces,1
focuses,1
reflect,1
regional,1
formations,1
illegible,1
putatively,1
fieldwork,1
stanford,1
artifact,1
own,1
solidarities,1
challenging,1
attributed,1
cults,1
errors,1
either,1
indic,1
aided,1
expended,1
evening,1
responses,1
professional,1
least,1
redirection,1
stela,1
infestations,1
describing,1
corresponds,1
responsibility,1
lowest,1
fostered,1
reinforces,1
suggest,1
stage,1
pemerintah,1
balances,1
surmounted,1
theater,1
interacting,1
quite,1
tahunan,1
kubler,1
event,1
textual,1
inextricably,1
jayasinha,1
mpul,1
endpoint,1
consensus,1
maneuvering,1
concerns,1
highly,1
choose,1
pedjeng,1
ramayana,1
transfer,1
prasasti,1
breaking,1
presence,1
observe,1
distinguished,1
portions,1
usual,1
weapons,1
blessings,1
impossible,1
foremost,1
barely,1
visible,1
up,1
scott,1
cosmology,1
aggrandize,1
introduced,1
resistance,1
describes,1
paid,1
using,1
reviews,1
tuff,1
pengerajin,1
cycle,1
plausible,1
structured,1
undergoing,1
training,1
boeddhistisch,1
protagonist,1
preliminary,1
moved,1
kingship,1
geographical,1
behalf,1
avoid,1
periods,1
prescribed,1
flourished,1
dalton,1
critical,1
sarjana,1
situation,1
arrangement,1
implications,1
tread,1
matter,1
myriad,1
architecture,1
boards,1
impacts,1
statecraft,1
sarwadharma,1
short,1
indeed,1
artworks,1
service,1
overall,1
comparative,1
deadly,1
return,1
acknowledged,1
classic,1
offices,1
nearly,1
unread,1
outlive,1
ngurah,1
subdinas,1
attaching,1
etc,1
prove,1
hobart,1
community,1
specifying,1
purest,1
comments,1
translates,1
standing,1
perennial,1
rites,1
hold,1
kertzer,1
answering,1
monumenten,1
lisa,1
guide,1
once,1
yet,1
floods,1
violence,1
pengairan,1
deel,1
hauserschiublin,1
strolling,1
coincidental,1
serve,1
coevolution,1
message,1
god,1
us,1
boundary,1
sedyawati,1
damais,1
pavilions,1
malay,1
included,1
commoner,1
falls,1
orders,1
informal,1
knocked,1
earns,1
illustrated,1
containing,1
middeleeuwsche,1
maharan,1
rise,1
functioned,1
kuala,1
relevance,1
independent,1
aims,1
fill,1
volume,1
lavish,1
reimer,1
diverged,1
inheritors,1
party,1
members,1
leader,1
funerary,1
name,1
paul,1
stated,1
popularity,1
journey,1
toward,1
again,1
towns,1
added,1
analogous,1
stories,1
praeger,1
gravestone,1
areas,1
striking,1
documents,1
abstract,1
attempting,1
musicians,1
informing,1
larger,1
francaise,1
nucleated,1
similarities,1
resolved,1
accountings,1
favorite,1
worn,1
fragments,1
external,1
prolegomena,1
channel,1
patterns,1
ages,1
enough,1
monographs,1
everyday,1
present,1
covered,1
operating,1
demarrais,1
continuing,1
penatih,1
unclear,1
venerate,1
sebaran,1
recount,1
strategizing,1
appropriating,1
perhaps,1
routledge,1
number,1
argument,1
encountered,1
danu,1
degree,1
tilley,1
wrapped,1
purificatory,1
another,1
lkm,1
credit,1
technologies,1
greatest,1
extended,1
inventaris,1
rulers,1
intent,1
examples,1
comprise,1
discovery,1
tempat,1
brahmanas,1
values,1
sides,1
formal,1
region,1
lake,1
conceivable,1
deification,1
owe,1
apology,1
susil,1
beeld,1
elite,1
collectivism,1
findings,1
lecture,1
controlling,1
ponds,1
fed,1
unfortunately,1
largely,1
omnipresent,1
fourteenth,1
rivers,1
emphasize,1
francis,1
voorloopige,1
landmarks,1
factor,1
causes,1
slab,1
submitted,1
net,1
quickreturn,1
processes,1
kuno,1
decentralization,1
nyoman,1
propinsi,1
tuhanda,1
een,1
examination,1
trip,1
congregation,1
eleventh,1
california,1
vu,1
cultuurgeschiedenis,1
stratification,1
negotiating,1
ties,1
installed,1
wijayapura,1
seldom,1
clear,1
discovered,1
three,1
transformation,1
stress,1
modernization,1
points,1
mead,1
wungfu,1
senapati,1
diplomats,1
tokens,1
issn,1
watered,1
times,1
ri,1
characterized,1
belongs,1
negara,1
high,1
sungai,1
adat,1
distinction,1
maximize,1
sembiran,1
administrative,1
counted,1
believing,1
nitish,1
commentaries,1
provides,1
artificial,1
damtwo,1
annually,1
date,1
incapable,1
methods,1
editors,1
become,1
greatly,1
respectively,1
tactics,1
blackwell,1
blanton,1
effect,1
influences,1
rotsklooster,1
deciphered,1
seeking,1
field,1
scarborough,1
story,1
locales,1
southwest,1
equivalent,1
northern,1
workshop,1
allegiance,1
conducting,1
existed,1
occupied,1
institution,1
relative,1
atlas,1
redirected,1
sandra,1
modifications,1
sociopolitical,1
la,1
attended,1
examines,1
visit,1
limiting,1
desas,1
carried,1
yields,1
extractive,1
aid,1
dual,1
veneration,1
interdependent,1
voyages,1
provide,1
science,1
assert,1
usually,1
continue,1
defenders,1
pemerintahan,1
naturally,1
claimed,1
buleleng,1
hill,1
reminders,1
widespread,1
nexus,1
becomes,1
lost,1
sensitive,1
seen,1
collections,1
strongly,1
festival,1
majalah,1
privileges,1
render,1
importantly,1
relevant,1
remaining,1
iconographic,1
paraphernalia,1
expert,1
indicate,1
antiquity,1
umum,1
owed,1
life,1
gallery,1
literacy,1
hierarchical,1
dewa,1
bukit,1
centuries,1
face,1
princes,1
memorialized,1
marakata,1
matters,1
durability,1
stephen,1
family,1
environment,1
share,1
shadow,1
spell,1
believed,1
repaired,1
conclusion,1
complexly,1
endogamous,1
peoples,1
tenthcentury,1
ethnoarchaeology,1
guermonprez,1
ever,1
continues,1
known,1
summit,1
bronze,1
constructed,1
temporal,1
borrow,1
sciences,1
creations,1
realworld,1
why,1
outcome,1
crowds,1
berkeley,1
natural,1
control,1
diminishment,1
clifford,1
correspond,1
ancestor,1
worth,1
organized,1
sarbwa,1
shrine,1
exploration,1
agroecological,1
gone,1
flowing,1
altering,1
nasional,1
buddhist,1
argue,1
semiotics,1
cui,1
reminiscent,1
pengkajian,1
pragmaticism,1
grey,1
intersecting,1
obviously,1
edicts,1
gde,1
countering,1
sustaining,1
asserting,1
benefit,1
examining,1
pomp,1
crater,1
works,1
living,1
inspires,1
better,1
concrete,1
banjar,1
phd,1
unlikely,1
steal,1
foris,1
wardha,1
communicate,1
reuse,1
carefully,1
reign,1
conservatism,1
combined,1
selected,1
ones,1
accounts,1
da,1
character,1
add,1
agricultural,1
inscripties,1
shortages,1
unnecessary,1
distribution,1
exemptions,1
waters,1
translators,1
vehicle,1
gestures,1
cloth,1
voice,1
influenced,1
pers,1
suggests,1
phenomena,1
emphasis,1
size,1
des,1
berita,1
marking,1
researchers,1
ritually,1
bath,1
circumstances,1
preserved,1
ordinations,1
ruled,1
exercising,1
toolspedandas,1
despite,1
situs,1
awesome,1
sepanjang,1
november,1
african,1
giving,1
subject,1
durable,1
gusti,1
reserves,1
commodities,1
contribute,1
colonial,1
allows,1
maintained,1
communicative,1
associating,1
perceptual,1
aspect,1
bosch,1
courtyards,1
prepared,1
come,1
seek,1
worsley,1
comparable,1
soft,1
shown,1
peddlers,1
lists,1
antropologi,1
crumley,1
kingdom,1
illinois,1
scribes,1
permandian,1
conditions,1
appropriate,1
charge,1
poise,1
ecosystem,1
sat,1
instead,1
integrated,1
materializes,1
define,1
misleadingly,1
rubinstein,1
product,1
soeroso,1
untranslated,1
conquered,1
leiden,1
trumpeting,1
remains,1
dati,1
reorganized,1
supernaturally,1
anonymous,1
offered,1
cousin,1
denpasar,1
contestants,1
deployment,1
negotiate,1
era,1
sits,1
debate,1
create,1
import,1
little,1
develop,1
traditional,1
aji,1
impress,1
token,1
images,1
ends,1
celebes,1
gundul,1
artifacts,1
major,1
occur,1
pausing,1
faction,1
comm,1
