WORDCOUNTS,WEIGHT
the,479
of,312
in,175
and,150
a,134
to,114
is,94
that,63
it,55
be,52
which,50
this,48
as,45
for,45
with,43
not,41
but,41
athenian,38
i,34
by,32
from,31
are,31
their,28
on,28
was,26
these,26
greek,25
democratic,23
more,22
athens,21
been,20
its,19
an,19
or,18
seems,18
those,18
has,18
city,18
were,18
at,17
there,17
war,17
other,16
university,15
j,15
some,15
have,15
thespian,14
dead,14
also,14
p,14
monument,13
evidence,13
names,12
one,12
what,12
burial,12
polis,12
megara,12
between,12
boeotian,12
they,11
only,11
might,11
press,11
even,11
should,11
commemoration,10
monuments,10
practice,10
n,10
m,10
well,10
r,10
two,10
de,10
although,10
so,10
can,10
greece,10
when,9
l,9
had,9
classical,9
list,9
part,9
example,9
found,9
about,9
h,8
fifth,8
any,8
associated,8
must,8
all,8
d,8
vol,8
possible,8
w,8
stelae,8
oligarchic,8
remembering,8
too,8
funeral,7
pp,7
memorial,7
first,7
specifically,7
here,7
ancient,7
particularly,7
political,7
status,7
bodies,7
lists,7
such,7
ig,7
period,7
citizen,7
battle,6
no,6
rather,6
who,6
community,6
stone,6
modern,6
history,6
megarian,6
ideological,6
ch,6
perhaps,6
because,6
local,6
identity,6
world,6
than,6
low,6
similarity,6
against,6
polly,6
influence,6
died,6
will,5
practices,5
various,5
heroes,5
his,5
if,5
ideology,5
seen,5
c,5
large,5
citizens,5
makes,5
under,5
identification,5
beyond,5
nature,5
different,5
fact,5
state,5
cultural,5
system,5
stoichedon,5
style,5
cambridge,5
thespiae,5
patronymics,5
another,5
e,5
politics,5
extended,5
very,5
most,5
difference,5
would,5
after,5
inscription,5
enclosure,5
forms,5
inclusion,5
oxford,5
commemorative,5
model,4
may,4
does,4
casualty,4
absence,4
en,4
still,4
group,4
whole,4
considered,4
literary,4
something,4
argued,4
blocks,4
listed,4
defeated,4
way,4
either,4
precise,4
picture,4
s,4
set,4
important,4
over,4
each,4
commemorated,4
connection,4
seem,4
display,4
shared,4
feature,4
date,4
equally,4
context,4
cannot,4
side,4
material,4
inscriptiones,4
public,4
inscriptions,4
becomes,4
cult,4
examples,4
neatly,4
edn,4
tanagra,4
heading,4
g,4
published,4
individual,4
like,4
hard,4
athenians,4
archaic,4
inscribed,4
inhumations,4
second,4
much,4
immediately,4
among,4
chronological,3
democracy,3
likely,3
road,3
usually,3
outsiders,3
f,3
encouraged,3
wall,3
lines,3
widespread,3
cremation,3
case,3
study,3
often,3
schilardi,3
use,3
fighting,3
form,3
factors,3
respect,3
ways,3
support,3
reference,3
unusual,3
peloponnesian,3
importance,3
later,3
quite,3
into,3
home,3
before,3
elsewhere,3
just,3
four,3
noted,3
megarians,3
social,3
followed,3
ll,3
name,3
script,3
artistic,3
many,3
tomb,3
treatment,3
simple,3
grave,3
far,3
delion,3
attica,3
pattern,3
possibility,3
fragments,3
rhetoric,3
men,3
outside,3
took,3
further,3
unique,3
them,3
see,3
accounts,3
tension,3
line,3
bc,3
suggests,3
both,3
treated,3
say,3
x,3
entirely,3
warfare,3
fit,3
central,3
obvious,3
dating,3
presence,3
explained,3
patronymic,3
tanagran,3
comprehensive,3
boiotian,3
moment,3
function,3
century,3
centrality,3
standard,3
remains,3
suggested,3
certainly,3
generally,3
revised,3
focus,3
we,3
attention,3
la,3
customs,3
widely,3
therefore,2
front,2
now,2
suggestion,2
interesting,2
o,2
me,2
significant,2
pythian,2
sometimes,2
figure,2
identified,2
doctoral,2
service,2
how,2
site,2
sort,2
limited,2
basic,2
return,2
brief,2
primarily,2
international,2
stele,2
victors,2
deviation,2
above,2
privileges,2
markers,2
connected,2
similar,2
village,2
unclear,2
interplay,2
b,2
complex,2
life,2
burials,2
once,2
formed,2
interpretation,2
alongside,2
polynikos,2
easily,2
greeks,2
during,2
les,2
emphasize,2
exceptions,2
activity,2
traces,2
always,2
without,2
tentative,2
broad,2
princeton,2
version,2
frequently,2
comparison,2
narratives,2
simplify,2
being,2
sculpted,2
powerful,2
known,2
dialect,2
claims,2
sources,2
every,2
funerary,2
creation,2
civic,2
belief,2
dominant,2
ii,2
attempts,2
location,2
view,2
appear,2
modes,2
shows,2
extent,2
available,2
allow,2
reserved,2
scholars,2
did,2
secondary,2
could,2
down,2
supplemented,2
striking,2
half,2
abstract,2
exclusion,2
lion,2
casualties,2
seven,2
out,2
practical,2
understandable,2
closer,2
perfectly,2
fallen,2
end,2
contemporary,2
survey,2
stamatakis,2
listing,2
past,2
eretria,2
excavations,2
last,2
conclusions,2
v,2
same,2
equal,2
headings,2
somewhat,2
where,2
cremated,2
notable,2
excavation,2
appears,2
terms,2
less,2
particular,2
scale,2
boeotians,2
comes,2
synchronic,2
placed,2
olympic,2
time,2
vii,2
routledge,2
key,2
ste,2
subsequent,2
her,2
alphabet,2
thebes,2
information,2
fluidity,2
require,2
shape,2
original,2
custom,2
almost,2
keramopoullos,2
soldier,2
shapiro,2
quality,2
drawn,2
restricted,2
contexts,2
made,2
discovery,2
theory,2
preserved,2
slaves,2
claim,2
prominent,2
apparent,2
esp,2
role,2
revealed,2
subject,2
ten,2
et,2
studies,2
letter,2
used,2
fragment,2
characteristically,2
honours,2
son,2
collective,2
aspect,2
structures,2
engaged,2
bar,2
rituals,2
athletic,2
away,2
anything,2
oligarchy,2
reveals,2
run,2
clear,2
discovered,2
three,2
neighbours,2
creating,2
least,2
typically,2
sense,2
pottery,2
american,2
physical,2
oration,2
earlier,2
product,2
clearest,2
loraux,2
tribal,2
states,2
regular,2
reliefs,2
archaeology,2
complicate,2
clairmont,2
uniqueness,2
extremely,2
involved,2
ct,2
around,2
aspects,2
t,2
especially,2
back,2
potential,2
article,2
parallel,2
offerings,2
fourth,2
single,2
intrinsically,2
arranged,2
boundaries,2
impossible,2
archaiologike,2
early,2
probably,2
obscure,2
method,2
given,2
traditions,2
engagement,2
quarter,2
delivered,2
finds,2
sur,2
am,2
tisimeneis,2
overlooked,2
major,2
importantly,1
omission,1
ergon,1
carved,1
appropriation,1
entitled,1
space,1
carried,1
belgique,1
sanctions,1
loyal,1
contain,1
never,1
tenet,1
twelve,1
align,1
online,1
defection,1
thespische,1
hero,1
he,1
underlies,1
high,1
adhering,1
cornell,1
alleged,1
berlin,1
reconstruction,1
situation,1
diagnostic,1
whose,1
thespians,1
forces,1
reflects,1
provide,1
saw,1
olympionika,1
common,1
tes,1
lot,1
ekdoches,1
bringing,1
etudes,1
heroic,1
letters,1
libations,1
intimately,1
meaning,1
continue,1
destroy,1
gloire,1
deluded,1
main,1
separation,1
absent,1
short,1
defenders,1
stood,1
naturally,1
rule,1
proceedings,1
piece,1
grateful,1
resurgent,1
dilioi,1
jeffery,1
begin,1
decades,1
unit,1
accepting,1
order,1
johnston,1
findings,1
interlude,1
exception,1
equality,1
process,1
undeclared,1
museum,1
broaden,1
reason,1
variety,1
duckworth,1
represented,1
deliberately,1
get,1
detailed,1
pointed,1
introduction,1
persians,1
structure,1
force,1
federation,1
notably,1
polemiston,1
iconography,1
associate,1
eretrieus,1
disregard,1
unusually,1
whether,1
onm,1
buck,1
hellenica,1
becoming,1
reflection,1
derived,1
appearance,1
katalogos,1
direct,1
egalitarian,1
neat,1
royale,1
aligned,1
represents,1
denied,1
qualms,1
kinds,1
concepts,1
responsible,1
contrasting,1
extra,1
properly,1
label,1
white,1
ionic,1
fall,1
precede,1
united,1
tomber,1
anno,1
ober,1
allegations,1
antiquities,1
commemorate,1
performs,1
composed,1
ones,1
victor,1
centuries,1
mourir,1
eulogies,1
references,1
seg,1
demotic,1
identities,1
athenes,1
angeles,1
elitist,1
ekthesis,1
ruled,1
accident,1
association,1
coincidental,1
patrios,1
candidate,1
serve,1
univocal,1
fought,1
east,1
wanted,1
tribe,1
influencing,1
formally,1
chronology,1
acceptance,1
alone,1
detail,1
quantitative,1
papers,1
magistrates,1
sorts,1
fixed,1
boiotiai,1
shaping,1
perceived,1
necessarily,1
immediate,1
publicly,1
neatness,1
literally,1
title,1
encourage,1
appearing,1
suppresses,1
incontestable,1
dated,1
small,1
rarely,1
seeing,1
liked,1
cornice,1
specify,1
alphabetic,1
emerges,1
moderately,1
fw,1
orations,1
disaffected,1
ideologies,1
interpretative,1
glorious,1
cleisthenes,1
appropriately,1
conjunction,1
character,1
legon,1
organisation,1
disputed,1
age,1
show,1
qualified,1
worth,1
demonstrate,1
simply,1
roehl,1
extensive,1
contained,1
possibly,1
philological,1
unbroken,1
assimilated,1
island,1
highlighted,1
paradox,1
neighbouring,1
gap,1
symbols,1
skeletons,1
longer,1
regime,1
credentials,1
poros,1
persuasive,1
definite,1
comparatively,1
confirms,1
party,1
staatsbegrabnis,1
perform,1
members,1
eikones,1
mixture,1
repeatedly,1
lewis,1
recur,1
organizational,1
acquired,1
thebans,1
paul,1
pedestal,1
law,1
explain,1
chorsieion,1
plataea,1
power,1
implications,1
spite,1
etude,1
ninth,1
historians,1
objectively,1
concentrated,1
again,1
others,1
stating,1
interruption,1
austere,1
revealing,1
military,1
familiar,1
deserves,1
eis,1
conflicts,1
fundamental,1
refused,1
masonry,1
control,1
confederation,1
emerged,1
fragmentary,1
avenue,1
added,1
complete,1
behaviour,1
official,1
territorial,1
editions,1
devant,1
my,1
memorialization,1
remembered,1
graecae,1
based,1
happening,1
griechischen,1
lack,1
salmon,1
marker,1
aftermath,1
pour,1
foodstuffs,1
individuals,1
und,1
best,1
murky,1
explores,1
kegan,1
broadly,1
assertion,1
together,1
accompanied,1
plan,1
firm,1
great,1
confederacy,1
lies,1
specifies,1
total,1
minnesota,1
distance,1
potentially,1
choice,1
paved,1
advice,1
rich,1
aristocratic,1
lived,1
admittedly,1
abbreviations,1
discrete,1
format,1
skirmish,1
associates,1
battlefield,1
located,1
enemy,1
concludes,1
thasiennes,1
monde,1
interstate,1
remain,1
heracles,1
provides,1
narrowed,1
geschichte,1
repertas,1
cities,1
historical,1
emerge,1
unsurprisingly,1
byzantine,1
semiotics,1
discussed,1
burying,1
polyandrion,1
eow,1
athenais,1
suggestions,1
audiences,1
appeared,1
respects,1
bone,1
edge,1
late,1
glory,1
patterns,1
cemeteries,1
emphasized,1
precisely,1
kilometre,1
do,1
reasons,1
bulletin,1
etei,1
geography,1
sparta,1
pointing,1
normal,1
california,1
oligarchies,1
focused,1
described,1
earliest,1
numbers,1
nicole,1
economy,1
hostility,1
atticae,1
within,1
epic,1
viable,1
keywords,1
tell,1
bkn,1
koumanoudis,1
marathon,1
epoikoi,1
produced,1
commemorating,1
offering,1
until,1
boccard,1
suffered,1
applied,1
want,1
global,1
des,1
constitutional,1
quote,1
nearby,1
editor,1
takes,1
dougherty,1
norms,1
athen,1
strictly,1
statement,1
ltd,1
absolute,1
approached,1
preoccupations,1
transactions,1
persia,1
eastern,1
tie,1
fwc,1
distribution,1
achievement,1
tend,1
sacrifice,1
zur,1
number,1
croix,1
going,1
expressions,1
tanagraion,1
differentiation,1
acknowledgements,1
impression,1
peri,1
briefly,1
origins,1
receive,1
expensive,1
break,1
scripts,1
changing,1
sites,1
munster,1
referees,1
yet,1
account,1
having,1
uneven,1
participation,1
conversation,1
network,1
long,1
basis,1
du,1
understanding,1
supplementum,1
concentrating,1
thasians,1
ennobled,1
art,1
u,1
divided,1
administration,1
work,1
coherent,1
echoes,1
upheavals,1
residents,1
reached,1
amendments,1
phenomena,1
remember,1
move,1
los,1
level,1
range,1
meanings,1
incidents,1
framed,1
circumstances,1
active,1
sides,1
concept,1
recognition,1
region,1
pausanias,1
reported,1
ancestral,1
point,1
understated,1
praeter,1
areas,1
delivering,1
ideologically,1
previously,1
conception,1
laws,1
cited,1
content,1
polyandriou,1
agora,1
regulate,1
allows,1
elite,1
correlation,1
reports,1
top,1
stratigraphic,1
perpetually,1
rigid,1
happens,1
versions,1
expression,1
invention,1
engage,1
condition,1
anaskaphi,1
boeotiae,1
discussions,1
derive,1
place,1
arguments,1
francis,1
make,1
factor,1
assume,1
returned,1
demonstrates,1
morality,1
phenomenon,1
hudson,1
records,1
metre,1
maintained,1
complements,1
harvard,1
definitions,1
exist,1
catalyst,1
mentioning,1
repairs,1
conflict,1
london,1
epitaphs,1
philia,1
compatible,1
tusculanum,1
our,1
uk,1
amendment,1
helpful,1
esphalmenes,1
pythionika,1
supplement,1
somewhere,1
full,1
maches,1
atticas,1
option,1
member,1
affiliation,1
question,1
constructed,1
reinforcing,1
eight,1
il,1
reused,1
theoretical,1
memorials,1
erection,1
expect,1
predominance,1
epigraphicum,1
conference,1
inclusiveness,1
finally,1
argument,1
boeotia,1
thucydides,1
conditions,1
development,1
studien,1
open,1
own,1
challenging,1
since,1
tou,1
trends,1
archaeological,1
sciences,1
monologic,1
epe,1
approach,1
opens,1
publication,1
strikingly,1
plato,1
euclidis,1
venencie,1
kudos,1
highlight,1
points,1
soldiers,1
poleis,1
new,1
urge,1
preceded,1
good,1
outline,1
characteristic,1
peculiar,1
relatively,1
juxtaposition,1
issn,1
pin,1
solution,1
bertelsmann,1
gate,1
times,1
antiquity,1
occurs,1
wvar,1
describing,1
kai,1
application,1
im,1
provided,1
pesonton,1
anomaly,1
responses,1
exiles,1
whitley,1
expected,1
admitted,1
distinction,1
punitive,1
shameful,1
politically,1
nielsen,1
contrast,1
forming,1
klassischen,1
cultes,1
head,1
area,1
enquiries,1
misunderstanding,1
boardman,1
accidentally,1
intramural,1
objections,1
actively,1
bigger,1
unspecified,1
self,1
lj,1
underlying,1
skimitari,1
opposition,1
portrait,1
needs,1
graves,1
offered,1
specific,1
pearl,1
written,1
wider,1
erected,1
formal,1
fig,1
body,1
k,1
attested,1
privatgrabmal,1
slave,1
fossey,1
thespikou,1
relation,1
narrow,1
apo,1
interpretations,1
containing,1
shear,1
honour,1
usual,1
third,1
displayed,1
selection,1
mean,1
lns,1
geographical,1
spin,1
construction,1
find,1
bury,1
ostentatious,1
fully,1
dpichorique,1
enemies,1
mythological,1
thames,1
visible,1
orthodox,1
including,1
reimer,1
characters,1
corpus,1
ta,1
journal,1
look,1
gulf,1
proper,1
paid,1
bronze,1
conventions,1
details,1
strong,1
corinthian,1
wounds,1
institution,1
stir,1
taylor,1
north,1
recent,1
observed,1
recherches,1
marble,1
caution,1
owe,1
broader,1
meeting,1
preliminary,1
thought,1
dates,1
divergences,1
regimes,1
though,1
epigraphia,1
passive,1
roles,1
bipolar,1
inhumation,1
close,1
suggest,1
swine,1
kritsas,1
heine,1
arizona,1
beotienne,1
society,1
draw,1
walls,1
overlapping,1
mechanism,1
correspondance,1
