WORDCOUNTS,WEIGHT
the,292
of,167
and,104
in,89
a,62
i,52
to,43
cemetery,31
grave,30
were,28
graves,22
be,22
is,21
by,20
was,18
from,18
on,18
at,17
collagen,14
with,14
not,13
an,13
blood,12
j,12
are,12
it,11
that,11
found,11
this,11
archaeological,11
can,11
their,10
salamon,10
skull,10
plate,10
mozs,10
lengyel,10
no,9
one,9
for,9
could,9
there,9
buried,9
method,9
which,9
among,9
interrelations,8
age,8
only,8
while,8
iron,8
arch,8
individuals,8
small,8
we,8
generation,8
groups,7
group,7
l,7
roman,7
kinship,7
silver,7
because,7
palaeobiological,6
who,6
as,6
types,6
same,6
other,6
population,6
results,6
figure,5
generations,5
similar,5
pp,5
sex,5
ie,5
al,5
four,5
der,5
m,5
et,5
new,5
burial,5
structure,5
situated,5
des,5
both,5
have,5
period,5
von,5
male,4
female,4
they,4
b,4
fragment,4
table,4
or,4
into,4
jug,4
orientation,4
two,4
bronze,4
pannonia,4
also,4
children,4
fibulae,4
according,4
dem,4
custom,4
zur,4
r,4
deformed,4
deformation,4
wien,4
genetic,4
its,4
probability,4
beads,4
laboratory,4
cemeteries,4
genealogical,4
three,4
hungary,4
inst,4
characteristics,4
mitt,4
observed,4
situation,3
chronological,3
belonged,3
distorted,3
archaeology,3
introduction,3
polyhedric,3
k,3
analysis,3
percentage,3
modified,3
fifth,3
our,3
but,3
skeletons,3
ii,3
death,3
anthropological,3
d,3
did,3
occurrence,3
larger,3
comb,3
man,3
type,3
late,3
publ,3
beginning,3
those,3
abb,3
ad,3
lines,3
has,3
another,3
basis,3
data,3
hung,3
determined,3
part,3
jahrhunderts,3
significant,3
ethnic,3
examination,3
connections,3
authors,3
aus,3
characteristic,3
bone,3
family,3
study,3
ab,3
value,3
finds,3
carried,2
does,2
o,2
his,2
if,2
analyses,2
die,2
vertical,2
mean,2
represented,2
certain,2
pendants,2
methods,2
lacking,2
burials,2
supposed,2
recognized,2
angaben,2
ij,2
determination,2
reconstruct,2
excavation,2
history,2
contained,2
sexes,2
proved,2
biology,2
letkes,2
migration,2
these,2
most,2
department,2
lower,2
first,2
inheritance,2
known,2
either,2
social,2
sketch,2
constructed,2
perforated,2
beside,2
buckles,2
taken,2
natural,2
drink,2
archaeologische,2
each,2
distribution,2
different,2
based,2
interred,2
taf,2
plan,2
p,2
archdologie,2
time,2
out,2
classical,2
able,2
far,2
goods,2
end,2
geschichte,2
rural,2
men,2
person,2
conclusions,2
hydrazinolytic,2
whether,2
side,2
japan,2
theory,2
frequency,2
near,2
bones,2
studying,2
original,2
knife,2
demonstrated,2
possible,2
used,2
topographical,2
properties,2
beitrage,2
limes,2
preserved,2
conclude,2
since,2
press,2
skeletal,2
lies,2
food,2
during,2
dress,2
families,2
immunological,2
sequence,2
human,2
per,2
diagram,2
archaologische,2
relationships,2
shown,2
such,2
approach,2
chemical,2
morphological,2
excavated,2
budapest,2
skulls,2
features,2
leopoldau,2
century,2
intercisa,2
order,2
settlement,2
several,2
concerning,2
vessel,2
members,2
computed,2
hungarian,2
research,2
ornaments,2
left,2
animal,2
died,2
maximum,2
strong,2
adult,2
model,1
combinations,1
may,1
adulthood,1
higher,1
aim,1
f,1
alpha,1
amulets,1
relying,1
groupings,1
assigned,1
what,1
second,1
modification,1
anwendung,1
ert,1
io,1
proc,1
bull,1
page,1
reflects,1
road,1
note,1
edge,1
trapezoidal,1
horizontal,1
estimated,1
populations,1
identified,1
homo,1
leading,1
short,1
plays,1
located,1
mta,1
interpretation,1
site,1
denkmaler,1
biochem,1
museum,1
regia,1
photograph,1
resulted,1
heights,1
thrown,1
regeszeti,1
exception,1
knochen,1
alba,1
fastened,1
academy,1
collections,1
uber,1
still,1
totally,1
succession,1
determining,1
began,1
string,1
surviving,1
indicates,1
earlier,1
h,1
fzgure,1
ungarn,1
settlements,1
derived,1
csakvar,1
strange,1
fluorescent,1
he,1
ix,1
shoulders,1
selection,1
adults,1
kinds,1
nos,1
offerings,1
biological,1
offering,1
about,1
productive,1
once,1
graberfelder,1
factors,1
oldest,1
front,1
simultaneous,1
dead,1
divided,1
sets,1
yet,1
sciences,1
buckle,1
centuries,1
antoninus,1
reference,1
methuen,1
means,1
completely,1
earrings,1
adatok,1
mit,1
rules,1
gathered,1
applied,1
moll,1
sneddon,1
ring,1
wearing,1
biased,1
considered,1
genetical,1
university,1
deviations,1
austria,1
objects,1
signed,1
key,1
rite,1
established,1
retained,1
photographs,1
total,1
fathers,1
presumably,1
any,1
light,1
before,1
ioo,1
hilfe,1
practice,1
n,1
numbers,1
forwards,1
disqualified,1
barkoczi,1
vol,1
immuno,1
frequently,1
comparison,1
containing,1
show,1
demonstrate,1
summarize,1
delta,1
additional,1
member,1
immunogeneticy,1
surface,1
irvine,1
beyond,1
rkp,1
volume,1
sources,1
constituting,1
ceremony,1
besides,1
geometric,1
answers,1
beltand,1
solve,1
polyclinic,1
kozl,1
unambiguously,1
verl,1
set,1
important,1
military,1
indicated,1
ujabb,1
might,1
drawing,1
serogenetic,1
elements,1
antibodies,1
ende,1
all,1
szabadbattyan,1
froni,1
terminal,1
cm,1
paper,1
lacked,1
interdependences,1
came,1
reach,1
ft,1
consideration,1
limit,1
coincidence,1
location,1
amino,1
xii,1
maternal,1
prominence,1
medicine,1
periodisation,1
together,1
brick,1
palaoserologischen,1
das,1
called,1
appearance,1
comp,1
typical,1
abstract,1
paleoserology,1
bead,1
allied,1
abjfd,1
governed,1
demonstrating,1
basin,1
report,1
procedure,1
state,1
ir,1
zone,1
substantially,1
doubt,1
sanger,1
identical,1
examining,1
succeeding,1
help,1
c,1
fragments,1
last,1
algebra,1
watson,1
outside,1
arranged,1
oz,1
following,1
fourth,1
soc,1
alans,1
chain,1
invalid,1
gamma,1
blutgruppenbestimmung,1
akademiai,1
combined,1
province,1
them,1
appears,1
produced,1
form,1
references,1
winnitz,1
terraced,1
particular,1
character,1
eg,1
acad,1
material,1
placed,1
colony,1
biophys,1
deep,1
decorations,1
map,1
ltd,1
untersuchungsergebnissen,1
chronologically,1
teeth,1
acids,1
beta,1
graberfeld,1
mathematics,1
dotted,1
lom,1
ethnography,1
king,1
assemblage,1
chapter,1
repetitive,1
her,1
possibility,1
provincial,1
greenstein,1
institute,1
aspects,1
elsewhere,1
well,1
studied,1
presented,1
chem,1
property,1
information,1
strings,1
nd,1
grouping,1
carpathian,1
e,1
yorktown,1
w,1
balance,1
condition,1
relational,1
middle,1
hunnenzeit,1
birth,1
made,1
eleven,1
values,1
im,1
clear,1
sides,1
antibody,1
pits,1
radicals,1
london,1
abo,1
very,1
emperor,1
example,1
huns,1
uncertain,1
dover,1
germanenfunde,1
related,1
anticipated,1
giving,1
interrelation,1
ibm,1
archaologie,1
attila,1
use,1
q,1
iz,1
disqualifying,1
coins,1
steffen,1
relevance,1
biolofiai,1
central,1
buttons,1
comprehensive,1
thus,1
mannus,1
mathematical,1
come,1
examinations,1
personal,1
karpatenbecken,1
question,1
oagj,1
employed,1
g,1
systematic,1
xviii,1
southwestern,1
theoretical,1
models,1
biochim,1
pattern,1
hydrasinolytic,1
years,1
ausgrabungen,1
conform,1
open,1
calculated,1
surrounded,1
initiated,1
against,1
biochemical,1
directed,1
chemistry,1
csongrad,1
akabori,1
national,1
recognize,1
analysed,1
decorated,1
sequency,1
interest,1
co,1
relatively,1
regarded,1
sp,1
held,1
mixed,1
individual,1
acta,1
bestattungen,1
mothers,1
like,1
fulfilled,1
field,1
morphologically,1
below,1
belongs,1
direct,1
inc,1
typing,1
complex,1
smaller,1
combs,1
expected,1
relating,1
nr,1
settling,1
z,1
lie,1
kind,1
contrast,1
programme,1
wiley,1
area,1
oofigure,1
historical,1
thomas,1
probabilities,1
brickor,1
bank,1
belt,1
forms,1
stored,1
summary,1
hemispherical,1
canal,1
specificity,1
preponderance,1
observation,1
specific,1
supported,1
west,1
few,1
problems,1
article,1
systems,1
highest,1
between,1
parallel,1
feet,1
presence,1
young,1
relation,1
akademie,1
moderne,1
circumference,1
characterized,1
bell,1
third,1
locational,1
gepiden,1
find,1
partial,1
consanguineal,1
early,1
anfang,1
when,1
descendants,1
distant,1
probably,1
zaszcrc,1
even,1
ioi,1
consequently,1
given,1
backwards,1
pergamon,1
present,1
spite,1
practically,1
world,1
und,1
propositions,1
north,1
niu,1
traditions,1
stone,1
appropriate,1
taxonomic,1
pannonischen,1
general,1
homomorphism,1
provided,1
successive,1
showed,1
probleme,1
settle,1
customs,1
major,1
species,1
graber,1
poorly,1
nepessegek,1
strapends,1
jh,1
munchen,1
links,1
