WORDCOUNTS,WEIGHT
the,512
of,318
and,168
slope,152
in,138
a,122
silt,114
to,104
soil,100
for,88
is,88
catchment,72
that,60
site,59
soils,55
analysis,54
be,54
with,51
are,51
each,47
village,42
loam,42
by,42
data,39
this,38
area,37
gis,36
figure,36
gravelly,36
can,35
sites,31
fine,30
movement,29
or,29
as,28
shaly,26
on,25
i,24
analyses,23
productivity,23
two,23
an,23
new,22
number,21
from,21
one,20
it,19
more,19
archaeological,19
at,18
use,18
silty,18
table,18
catchments,17
sequences,17
physiographic,16
within,16
clay,16
sandy,16
very,16
square,15
late,15
index,15
types,15
attributes,15
all,14
scs,14
optimum,14
hunt,14
not,14
iroquois,14
d,14
sample,13
eleazer,13
woodland,13
range,13
urban,13
blasdell,13
j,12
e,12
will,12
sequence,12
have,12
specific,12
those,11
system,11
prehistoric,11
using,11
form,11
into,10
may,10
productive,10
database,10
shows,10
forms,10
variables,10
period,10
average,10
chenango,10
maize,9
contact,9
there,9
phase,9
complex,9
channery,9
scale,9
used,9
research,9
percentage,9
these,9
layer,9
do,9
series,9
type,9
rhinebeck,9
categories,9
early,9
conducted,8
total,8
meters,8
state,8
ability,8
niagara,8
york,8
l,8
across,8
scales,8
drainage,8
university,8
settlement,8
several,8
polygons,8
name,8
other,8
alton,8
occurrences,8
loamy,8
paper,8
map,8
while,8
they,7
simple,7
eastern,7
thus,7
application,7
no,7
b,7
most,7
because,7
r,7
boundaries,7
but,7
patterns,7
examples,7
three,7
researcher,7
any,7
has,7
through,7
include,7
c,7
production,6
s,6
available,6
relationships,6
phases,6
how,6
their,6
w,6
mucky,6
circular,6
meet,6
shape,6
horticulture,6
orpark,6
value,6
identified,6
boundary,6
only,6
areas,6
polygon,6
increase,6
been,6
associated,6
demonstrate,6
set,6
different,6
attribute,6
selected,6
between,6
created,5
environmental,5
abv,5
western,5
raynham,5
being,5
vegetation,5
behavior,5
human,5
descriptive,5
fort,5
hornell,5
mean,5
space,5
darien,5
changes,5
benefits,5
show,5
beyond,5
m,5
swidden,5
methodology,5
based,5
location,5
collamer,5
criteria,5
varysburg,5
focuses,5
villages,5
galen,5
manlius,5
relationship,5
provide,5
wd,5
growing,5
danley,5
utilized,5
what,5
information,5
both,5
allows,5
defined,5
limitations,5
common,4
if,4
per,4
large,4
kinds,4
ways,4
h,4
compilation,4
source,4
kleis,4
accuracy,4
nfa,4
west,4
includes,4
than,4
landscape,4
provides,4
organized,4
buffalo,4
systems,4
result,4
found,4
cultural,4
aspects,4
well,4
county,4
example,4
its,4
approach,4
field,4
coordinate,4
second,4
service,4
arkport,4
also,4
angola,4
owasco,4
valois,4
values,4
region,4
enhanced,4
hypotheses,4
kilometer,4
overcome,4
increasing,4
circle,4
note,4
five,4
maps,4
hill,4
conservation,4
contained,4
benefit,4
maintain,4
theory,4
too,4
size,4
press,4
williamson,4
calculated,4
palmyra,4
layers,4
conditions,4
potential,4
re,4
recent,4
o,3
cherty,3
schuyler,3
represent,3
substratum,3
conducting,3
colonie,3
easily,3
greater,3
first,3
generated,3
mardin,3
able,3
listing,3
clarence,3
farnham,3
east,3
gardens,3
development,3
possible,3
horticultural,3
horticulturalists,3
formula,3
such,3
farmington,3
software,3
g,3
occurs,3
general,3
reflects,3
identification,3
churchville,3
proportion,3
facilitated,3
was,3
northeastern,3
defines,3
management,3
had,3
plot,3
relate,3
briefly,3
concept,3
geology,3
change,3
order,3
characteristics,3
when,3
activities,3
f,3
portion,3
variety,3
phelps,3
culture,3
bushels,3
department,3
regional,3
water,3
hollow,3
pattern,3
model,3
existing,3
remsen,3
compose,3
demonstrated,3
analyzed,3
scaled,3
lake,3
significant,3
were,3
similar,3
historic,3
individual,3
would,3
structure,3
figures,3
separate,3
ecological,3
anthropological,3
variable,3
complexity,3
archaeology,3
physical,3
extraction,3
denoted,3
current,3
report,3
historical,3
whether,3
institute,3
phenomena,3
foley,3
behaviors,3
lists,3
land,3
need,3
classification,3
dbb,3
point,3
johnson,3
north,3
should,3
resources,3
occur,3
thorough,3
overlaid,2
till,2
go,2
acre,2
physiography,2
red,2
introduction,2
center,2
settlements,2
mobility,2
designed,2
word,2
completely,2
higgs,2
reasonably,2
undertaken,2
history,2
presents,2
landform,2
assisted,2
thematic,2
test,2
either,2
originally,2
spencer,2
cub,2
book,2
seneca,2
manageable,2
bead,2
studied,2
onto,2
last,2
greatly,2
sheet,2
rgb,2
recorded,2
america,2
agriculture,2
some,2
burning,2
leon,2
far,2
predetermined,2
throughout,2
southwestern,2
chautauqua,2
illustrates,2
jr,2
arc,2
highest,2
allowing,2
fbb,2
storage,2
even,2
aoa,2
acknowledge,2
mohawk,2
ctb,2
simplified,2
loams,2
lamson,2
basic,2
certain,2
derived,2
cayuga,2
multivariate,2
making,2
hook,2
buffam,2
fba,2
organization,2
cartesian,2
linked,2
section,2
moderately,2
frequently,2
listed,2
upper,2
additional,2
surface,2
derby,2
ora,2
rkb,2
view,2
ranges,2
identifying,2
simplifying,2
p,2
behavioral,2
out,2
international,2
facilitate,2
graphically,2
drawbacks,2
mesoamerican,2
term,2
academic,2
appears,2
recently,2
lyons,2
rga,2
having,2
flannery,2
basis,2
literature,2
minute,2
nine,2
insights,2
matrix,2
overlay,2
minoa,2
texture,2
wayland,2
demonstrates,2
calculating,2
querying,2
et,2
mathematical,2
away,2
surrounding,2
count,2
optimal,2
claverack,2
cfb,2
around,2
marilla,2
shaded,2
wassaic,2
methodological,2
dac,2
provided,2
ub,2
critical,2
investigating,2
reduced,2
economic,2
doctoral,2
pha,2
located,2
hexagons,2
limited,2
tropical,2
reduce,2
pbb,2
nursery,2
engineering,2
queried,2
about,2
calculate,2
criticism,2
yet,2
museum,2
mh,2
coverage,2
pp,2
ama,2
under,2
us,2
ancient,2
same,2
shifting,2
al,2
iroquoian,2
resolution,2
bib,2
structures,2
lime,2
lc,2
developed,2
crop,2
time,2
larger,2
upgrading,2
elegant,2
selects,2
question,2
never,2
conclusions,2
cattaraugus,2
developing,2
strategies,2
necessary,2
bid,2
degree,2
another,2
original,2
proceedings,2
bic,2
classes,2
understanding,2
discussion,2
made,2
represented,2
including,2
starna,2
factor,2
trend,2
which,2
rab,2
alphanumeric,2
amc,2
reality,2
canadice,2
so,2
martin,2
procurement,2
k,2
insect,2
assessing,2
compute,2
orb,2
capabilities,2
appleton,2
versus,2
recurring,2
applies,2
farm,2
manner,2
factors,2
consists,2
applications,2
dba,2
amb,2
nh,2
testing,2
seen,2
detailed,2
proposition,2
suggestions,2
remaining,2
indicate,2
why,2
frontier,2
stratified,2
composed,2
erie,2
gab,2
dissertation,2
changing,2
schoharie,2
allard,2
column,2
natural,2
interested,2
argue,2
middlebury,2
id,2
gaa,2
wec,2
economy,2
nominal,2
spatial,2
terms,2
webster,2
particular,2
add,2
agricultural,2
distribution,2
rating,2
raa,2
mab,2
mg,2
researchers,2
presented,2
son,2
multiple,2
role,2
world,2
tioga,2
formation,2
ordinal,2
generate,2
centroid,2
decrease,2
web,2
wish,2
quad,2
green,2
states,2
brockport,2
silverheels,2
optimization,2
create,2
valley,2
entire,2
elnore,2
much,2
counts,2
among,2
cultigens,1
difficult,1
eia,1
decaying,1
intricate,1
does,1
modelling,1
now,1
formulated,1
wak,1
edge,1
way,1
concerned,1
meaning,1
groups,1
prompts,1
northeast,1
implies,1
measures,1
predator,1
empirical,1
adoption,1
vbb,1
group,1
drawback,1
partially,1
identify,1
essays,1
columns,1
constitutes,1
true,1
additionally,1
studies,1
mit,1
ly,1
knoerl,1
erb,1
explanatory,1
classify,1
variants,1
individually,1
before,1
moving,1
po,1
arguing,1
englewood,1
properties,1
women,1
cdc,1
ud,1
file,1
said,1
confederation,1
ahlgren,1
archaeologists,1
cv,1
clip,1
long,1
nfb,1
oakfield,1
portage,1
evolution,1
culturally,1
address,1
season,1
swormville,1
nature,1
asia,1
definition,1
principles,1
apb,1
archaeologically,1
copy,1
crops,1
twenty,1
assess,1
together,1
featuring,1
vba,1
display,1
thank,1
follows,1
transferred,1
link,1
room,1
hunting,1
survey,1
take,1
deemed,1
efficiently,1
feature,1
reoccurrence,1
inferring,1
remainder,1
henry,1
raynhan,1
kalahari,1
heating,1
california,1
coordinated,1
segregated,1
context,1
legend,1
sq,1
british,1
case,1
publishable,1
tallies,1
shelby,1
stoddard,1
erle,1
ug,1
key,1
u,1
discuss,1
right,1
ova,1
design,1
chapter,1
account,1
cka,1
determined,1
activity,1
illustrate,1
facilitating,1
insight,1
measuring,1
occurring,1
supply,1
extends,1
x,1
indicating,1
quantity,1
cited,1
mdd,1
along,1
fluvaquents,1
aob,1
engage,1
sand,1
hudson,1
ranked,1
avenues,1
relies,1
regarding,1
aib,1
prey,1
multidimensional,1
review,1
hrd,1
fxb,1
pedologist,1
orc,1
contemporaneous,1
rotating,1
objective,1
simmons,1
analyzing,1
unpublished,1
author,1
brb,1
ut,1
relatively,1
heterogeneity,1
quantifying,1
plotting,1
coa,1
grouped,1
american,1
mfa,1
alphabetically,1
preparation,1
usda,1
topic,1
tabulated,1
kind,1
ai,1
midcontinental,1
dund,1
colborne,1
distinct,1
elements,1
enhancement,1
refer,1
te,1
fig,1
restrict,1
sbc,1
suitable,1
dates,1
compared,1
alkaline,1
third,1
single,1
publications,1
databases,1
compare,1
weight,1
y,1
mad,1
tael,1
journal,1
look,1
ecosystems,1
details,1
cme,1
simplistic,1
generation,1
error,1
xh,1
sdb,1
smoothed,1
van,1
higher,1
drained,1
sixteen,1
utilizes,1
interesting,1
simultaneously,1
abbreviation,1
recognized,1
plotted,1
acid,1
rather,1
his,1
rka,1
impetus,1
taxonomy,1
adds,1
illustration,1
wall,1
uw,1
sw,1
levels,1
radius,1
midwest,1
notion,1
process,1
highlighted,1
incidence,1
approaches,1
active,1
cosed,1
cultigen,1
cuc,1
template,1
vandrei,1
mfb,1
associate,1
loses,1
landscapes,1
importance,1
plots,1
suited,1
procreative,1
study,1
fmd,1
limitation,1
predation,1
animals,1
ckc,1
periodic,1
moves,1
reason,1
ij,1
category,1
affect,1
cause,1
prehistory,1
statistical,1
established,1
apa,1
latin,1
proposed,1
weather,1
n,1
numbers,1
pedologists,1
lienuka,1
house,1
pba,1
totaled,1
orientation,1
connecting,1
followed,1
position,1
comprising,1
rice,1
auc,1
tribalization,1
reconsideration,1
amount,1
erroneous,1
triangle,1
important,1
providing,1
perceive,1
lomson,1
matching,1
daa,1
uses,1
standards,1
problem,1
fitted,1
pc,1
path,1
chris,1
allow,1
mfc,1
could,1
acknowledgments,1
overlooks,1
basin,1
houses,1
faunal,1
traditionally,1
sd,1
davids,1
mapping,1
format,1
requirements,1
ckb,1
base,1
big,1
extracting,1
accurately,1
ranking,1
saa,1
wales,1
recurrences,1
leonard,1
population,1
inches,1
dispersal,1
binghamton,1
applied,1
tiffany,1
productively,1
darlene,1
isograms,1
ezra,1
counties,1
absolute,1
required,1
ld,1
method,1
creates,1
hunters,1
tob,1
gained,1
directly,1
hra,1
none,1
minimal,1
vab,1
dog,1
bounded,1
los,1
repetition,1
reader,1
slightly,1
prominent,1
dab,1
part,1
purpose,1
discusses,1
apparent,1
reduction,1
cob,1
coded,1
homeland,1
newest,1
whole,1
surrounds,1
q,1
describe,1
intermediate,1
during,1
contains,1
lakemont,1
fmb,1
rows,1
reflect,1
we,1
chrisman,1
systematic,1
showing,1
project,1
manage,1
savings,1
predictive,1
relative,1
trends,1
attributed,1
heuristic,1
refuse,1
phb,1
precipitation,1
construct,1
correct,1
scd,1
odessa,1
level,1
vbd,1
manners,1
volume,1
tested,1
coupled,1
box,1
le,1
multitude,1
fallow,1
exclude,1
sake,1
specifically,1
toc,1
autonomy,1
shapes,1
highly,1
ship,1
components,1
vac,1
oe,1
codes,1
latest,1
hsc,1
arbitrariness,1
st,1
pedology,1
carmel,1
reoccur,1
introduced,1
bara,1
structured,1
banos,1
appropriate,1
newly,1
normalized,1
computation,1
abino,1
acknowledgedsuny,1
eric,1
periods,1
fmc,1
chronological,1
span,1
aurora,1
marked,1
morphology,1
kienuka,1
highlights,1
he,1
wab,1
arrangement,1
observations,1
practices,1
various,1
transverse,1
populations,1
excessive,1
manipulate,1
lmb,1
brief,1
harris,1
wetland,1
albany,1
goodyear,1
whatever,1
ilion,1
vandeventer,1
comments,1
humans,1
recreating,1
registered,1
surveyed,1
bsa,1
answering,1
southeast,1
hrc,1
springs,1
interpretation,1
od,1
csa,1
optimality,1
represents,1
array,1
technology,1
ne,1
parsimonious,1
cgb,1
jay,1
included,1
home,1
assistance,1
complete,1
outlined,1
indian,1
organize,1
cpb,1
coverages,1
noted,1
people,1
published,1
clipping,1
double,1
useful,1
lee,1
subjective,1
anb,1
routes,1
street,1
waa,1
fan,1
critiques,1
bushman,1
tilt,1
fell,1
toward,1
others,1
ontario,1
locating,1
chance,1
many,1
analytical,1
usefulness,1
fact,1
lack,1
idea,1
limit,1
turner,1
fundamental,1
storing,1
conduct,1
utilizing,1
cha,1
unidentified,1
match,1
abstract,1
tally,1
bsb,1
habitat,1
banks,1
decreases,1
incorporation,1
john,1
hrb,1
contemporary,1
diameter,1
man,1
vaa,1
utilize,1
removal,1
reasons,1
outside,1
v,1
increases,1
bra,1
intersite,1
purposes,1
pedological,1
ch,1
ultimately,1
less,1
arb,1
practice,1
hve,1
fewer,1
fcb,1
routledge,1
multiplies,1
fma,1
elevation,1
anc,1
calculation,1
surma,1
fundamentally,1
recognizing,1
collecting,1
meaningful,1
mercator,1
vast,1
cambria,1
treated,1
sab,1
crb,1
swiddenists,1
previously,1
manufactured,1
medium,1
controlling,1
chb,1
assumption,1
bsc,1
overcoming,1
questions,1
processes,1
actual,1
individuals,1
aids,1
full,1
maa,1
csc,1
advantages,1
theoretical,1
clearing,1
perimeter,1
clear,1
comprehensive,1
mt,1
cartographic,1
points,1
formulas,1
co,1
manilla,1
times,1
characterized,1
reviewers,1
ellis,1
tim,1
uo,1
features,1
reconstructed,1
high,1
ge,1
collected,1
sykes,1
filled,1
mammals,1
practiced,1
ganshaw,1
fred,1
nomadic,1
getzville,1
usgs,1
neutral,1
class,1
comparing,1
problems,1
nonproductive,1
satisfy,1
evolutionary,1
often,1
computed,1
udifluvents,1
relation,1
topics,1
infestations,1
rfb,1
effect,1
intrasite,1
james,1
orchid,1
concepts,1
percent,1
looks,1
analyze,1
white,1
earl,1
northern,1
macmillan,1
reiterate,1
institution,1
tendency,1
rmb,1
mdb,1
chc,1
scio,1
la,1
species,1
reoccurring,1
extractive,1
extracted,1
groupings,1
aid,1
csb,1
unknowngravel,1
perspectives,1
meets,1
science,1
cazenovia,1
fxd,1
amherst,1
plays,1
pe,1
begin,1
randomly,1
lines,1
florescence,1
trg,1
recognizes,1
ard,1
bulletin,1
transformed,1
ordering,1
compiles,1
overlap,1
eaton,1
linking,1
displaying,1
methods,1
soilname,1
akron,1
respect,1
bia,1
recreate,1
fields,1
centuries,1
rfa,1
forest,1
ie,1
ovid,1
fertility,1
baseline,1
abandonment,1
scc,1
then,1
considered,1
nass,1
cataloging,1
must,1
simply,1
geographic,1
gbb,1
known,1
uma,1
temporal,1
separately,1
proposes,1
mac,1
borrow,1
corrections,1
vad,1
text,1
pt,1
sums,1
here,1
quickly,1
lz,1
cia,1
over,1
extant,1
pedestrian,1
cultures,1
jochim,1
lying,1
cheektowaga,1
mallory,1
best,1
cc,1
universal,1
troeh,1
proportional,1
inquiry,1
abbreviations,1
lancaster,1
rely,1
written,1
constant,1
cultivation,1
pit,1
dda,1
hydrology,1
cra,1
following,1
animal,1
game,1
schermer,1
boolean,1
automatically,1
perceiving,1
scb,1
circles,1
list,1
references,1
supports,1
mamon,1
mdc,1
chd,1
saint,1
mesh,1
adaptation,1
extent,1
repetitive,1
getting,1
projection,1
yield,1
nick,1
dbc,1
psychology,1
suggests,1
placement,1
queries,1
port,1
middle,1
popular,1
lma,1
recognition,1
peace,1
refinement,1
little,1
ohio,1
uniform,1
canandaigua,1
uh,1
begins,1
disciplines,1
cash,1
cb,1
rochester,1
isolated,1
representation,1
characterize,1
computerization,1
newstead,1
relates,1
patchin,1
ckd,1
shown,1
until,1
conducive,1
years,1
editor,1
faa,1
observed,1
chemical,1
washington,1
hart,1
burnt,1
rfc,1
structuring,1
rma,1
modifies,1
grown,1
define,1
mda,1
facilitates,1
files,1
smaller,1
manually,1
integration,1
vbc,1
forming,1
off,1
remains,1
foraging,1
enclosed,1
aia,1
castile,1
modeling,1
pertain,1
clarify,1
wassic,1
pathways,1
fxa,1
ord,1
era,1
given,1
pat,1
corn,1
traditional,1
dad,1
uk,1
orangeport,1
philippines,1
zones,1
histograms,1
doing,1
illion,1
ca,1
manila,1
major,1
looking,1
cdb,1
continuously,1
pom,1
