WORDCOUNTS,WEIGHT
of,73
the,64
and,63
archaeology,46
in,35
to,22
for,15
uk,14
by,11
university,10
from,10
are,9
publication,9
will,8
a,8
routledge,8
be,8
early,8
taylor,8
any,7
department,7
vol,7
francis,7
this,7
archaeological,7
world,7
life,6
no,6
papers,6
which,6
research,6
london,6
at,5
how,5
is,5
or,5
new,5
reading,5
ed,5
issues,5
human,5
on,5
copyright,5
box,4
square,4
college,4
submission,4
technology,4
objects,4
po,4
all,4
other,4
invited,4
its,4
southampton,4
may,3
rights,3
limited,3
southeast,3
oxford,3
monuments,3
ancient,3
culture,3
material,3
subscription,3
volume,3
please,3
past,3
burial,3
see,3
issue,3
institute,3
opy,3
art,3
subscriptions,3
october,3
use,3
individuals,3
queer,3
gilchrist,3
social,3
times,3
include,3
roberta,3
explore,3
field,3
recent,3
traditions,3
gordon,3
south,2
not,2
authorization,2
perspectives,2
contact,2
l,2
chestnut,2
institutions,2
requests,2
one,2
contributions,2
agency,2
colonization,2
whiteknights,2
miscellany,2
months,2
approaches,2
meskell,2
organization,2
history,2
before,2
but,2
age,2
most,2
highlight,2
regional,2
that,2
writing,2
production,2
here,2
ii,2
slavery,2
p,2
time,2
liverpool,2
classical,2
reproduction,2
february,2
date,2
durham,2
road,2
population,2
practice,2
aspects,2
design,2
local,2
private,2
work,2
these,2
slaves,2
techniques,2
food,2
aesthetics,2
broad,2
advertising,2
water,2
trade,2
interest,2
peter,2
course,2
usa,2
ostracon,2
obtained,2
last,2
thomas,2
bruyere,2
june,2
systems,2
body,2
can,2
up,2
journal,2
focus,2
pa,2
north,2
should,2
evidence,2
rates,2
phases,1
ranging,1
adulthood,1
bernard,1
caves,1
does,1
girl,1
now,1
relational,1
transhumance,1
online,1
christian,1
high,1
islamic,1
rate,1
customer,1
annum,1
page,1
neanderthal,1
note,1
africa,1
floor,1
fifteenth,1
architecture,1
rankine,1
cist,1
kenneth,1
been,1
pilgrimage,1
licensing,1
lynn,1
glasgow,1
rings,1
through,1
tropics,1
tokyo,1
broadest,1
bound,1
fetter,1
illustration,1
hoarding,1
cradle,1
landscape,1
institution,1
extend,1
appreciation,1
kind,1
musical,1
islands,1
coastal,1
mediating,1
submissins,1
subsistence,1
remote,1
referred,1
permission,1
conceptions,1
directions,1
environments,1
july,1
above,1
realizing,1
federation,1
currency,1
per,1
they,1
church,1
b,1
basingstoke,1
their,1
mesoamerica,1
parts,1
thailand,1
ceramics,1
innovation,1
boying,1
special,1
methods,1
britain,1
analysis,1
about,1
ma,1
edited,1
with,1
prince,1
ways,1
interpretation,1
museum,1
centuries,1
eighteen,1
arid,1
lives,1
typeset,1
empires,1
studies,1
pp,1
monumental,1
boivin,1
considerations,1
realities,1
considered,1
girling,1
chronology,1
addressed,1
stephen,1
rite,1
cycles,1
index,1
was,1
perceived,1
excavation,1
dg,1
today,1
marshall,1
specialization,1
processing,1
india,1
chris,1
elisabeth,1
quarries,1
nineteenth,1
homology,1
rosemary,1
cairo,1
accelerated,1
without,1
contexts,1
industrial,1
biography,1
climatic,1
ethnoarchaeology,1
two,1
linguistics,1
moments,1
practices,1
symbolic,1
theme,1
vietnam,1
surface,1
precise,1
thousand,1
published,1
notions,1
quantitative,1
ceramic,1
titles,1
members,1
more,1
science,1
also,1
questions,1
colonialism,1
neolithic,1
cover,1
weaponry,1
links,1
address,1
management,1
drawing,1
over,1
available,1
rue,1
rock,1
shipwrecks,1
many,1
behaviour,1
nature,1
analytical,1
paper,1
asia,1
definition,1
joyce,1
different,1
aspect,1
nyree,1
prehistoric,1
global,1
whom,1
roman,1
ethnography,1
innovations,1
societies,1
services,1
excavating,1
riverine,1
areas,1
buddhist,1
together,1
pastoralism,1
printed,1
gosden,1
great,1
universal,1
current,1
eab,1
hoards,1
post,1
normative,1
humid,1
aesthetic,1
as,1
deir,1
plan,1
court,1
written,1
religion,1
el,1
medina,1
dowson,1
take,1
i,1
fo,1
lifecycles,1
rural,1
shennan,1
vo,1
type,1
watercraft,1
advances,1
rhythms,1
urbanization,1
places,1
pettitt,1
organisations,1
outside,1
biogeography,1
sacred,1
reserved,1
geography,1
shipwreck,1
understood,1
political,1
gibbins,1
pitt,1
reproduce,1
contents,1
stoodley,1
form,1
british,1
bain,1
cg,1
japan,1
your,1
narrative,1
theory,1
courtesy,1
has,1
key,1
senses,1
public,1
while,1
explicitly,1
iv,1
america,1
demography,1
agriculture,1
worldarchaeology,1
nicole,1
studying,1
addresses,1
sites,1
notion,1
years,1
directly,1
prior,1
some,1
basis,1
future,1
stances,1
technologies,1
urban,1
journals,1
infant,1
used,1
photocopy,1
sensory,1
international,1
soils,1
drive,1
planning,1
both,1
wip,1
bodies,1
assemblages,1
richard,1
maritime,1
helps,1
kinokuniya,1
tottenham,1
concept,1
transport,1
formal,1
nomads,1
bell,1
part,1
including,1
purpose,1
banbury,1
yvonne,1
finlay,1
communication,1
inqniries,1
end,1
apply,1
role,1
nutrition,1
african,1
assumptions,1
asian,1
warfare,1
island,1
laurence,1
resistance,1
rivers,1
discussion,1
archaics,1
bradley,1
congress,1
records,1
udyog,1
survey,1
foxhall,1
yorkshire,1
evolution,1
central,1
intimate,1
detailso,1
engaged,1
eligible,1
phase,1
cillin,1
were,1
personal,1
reflect,1
hampshire,1
theories,1
dating,1
contribution,1
enslavers,1
derevenski,1
negotiating,1
such,1
man,1
editor,1
significance,1
bacus,1
three,1
health,1
against,1
clearance,1
made,1
chemical,1
de,1
language,1
catherine,1
bodily,1
ireland,1
center,1
co,1
ray,1
issn,1
contributors,1
running,1
relations,1
gendered,1
architectural,1
mailing,1
sense,1
land,1
change,1
pm,1
countries,1
d,1
nick,1
an,1
metalwork,1
chronologies,1
tad,1
ge,1
mines,1
sands,1
effects,1
held,1
defined,1
derive,1
discounted,1
palaeolithic,1
diaspora,1
enquiries,1
sexuality,1
remains,1
lin,1
reuse,1
sofaer,1
david,1
several,1
mitchell,1
arctic,1
valued,1
concerning,1
back,1
encompass,1
qualities,1
between,1
slave,1
pvt,1
stones,1
six,1
craft,1
notorious,1
oxon,1
biomolecular,1
rajasthan,1
single,1
methodological,1
create,1
abercromby,1
storage,1
st,1
joanna,1
instruments,1
look,1
looked,1
rosewood,1
correspondence,1
technological,1
than,1
notes,1
beauty,1
stone,1
developmental,1
sole,1
cultural,1
major,1
grants,1
archaeometallurgy,1
