WORDCOUNTS,WEIGHT
the,445
of,336
and,290
in,201
a,146
to,101
cape,93
from,78
b,76
at,57
m,56
for,47
c,47
were,45
burials,45
burial,45
as,45
on,44
with,38
type,38
street,37
is,37
isotopic,36
cobern,36
town,34
south,34
slaves,34
that,33
f,33
j,33
african,32
values,31
people,30
have,30
et,29
al,29
bone,28
slave,28
was,28
archaeological,26
university,25
an,24
their,24
r,24
teeth,24
life,24
or,23
are,23
n,22
by,22
individuals,21
stable,21
d,21
carbon,20
this,19
nitrogen,18
diet,18
africa,18
h,17
isotope,17
buried,16
diets,16
not,16
be,16
all,15
analyses,15
journal,15
archaeology,15
analysis,15
cox,15
colonial,15
human,14
g,14
may,14
during,14
skeletons,14
new,14
historical,14
between,14
e,13
there,13
such,13
voc,13
these,13
ratios,13
society,13
cemetery,13
it,12
they,12
dutch,12
slavery,12
shell,12
modified,12
more,12
foods,12
glenda,12
figure,12
who,12
different,12
dental,12
history,11
other,11
tropical,11
century,11
most,11
grave,11
where,11
free,11
which,11
table,11
early,11
per,10
first,10
i,10
british,10
east,10
cancellous,10
unpublished,10
four,10
show,10
no,10
been,10
cent,9
than,9
site,9
similar,9
tooth,9
age,9
histories,9
local,9
worden,9
after,9
we,9
modification,9
associated,9
world,9
childhood,9
evidence,9
later,8
nineteenth,8
t,8
s,8
cortical,8
schrire,8
pp,8
but,8
two,8
department,8
social,8
l,8
ground,8
trade,8
graves,8
ate,8
five,8
over,8
one,7
western,7
west,7
underclass,7
had,7
based,7
found,7
cultural,7
population,7
its,7
good,7
variation,7
pattern,7
seafood,7
coffin,7
dietary,7
sealy,7
plants,7
imported,6
dentine,6
into,6
company,6
those,6
church,6
old,6
whose,6
india,6
w,6
yes,6
p,6
patent,6
work,6
indigenous,6
around,6
religious,6
temperate,6
only,6
eighteenth,6
including,6
use,6
when,6
both,6
city,6
press,6
group,5
lodge,5
right,5
vol,5
some,5
collagen,5
rib,5
came,5
seven,5
eat,5
barbados,5
coffins,5
change,5
suggest,5
goodwin,5
research,5
sex,5
islam,5
also,5
reformed,5
patterns,5
woman,5
shifts,5
number,5
identity,5
three,5
skeleton,5
morris,5
goods,5
born,5
somerset,5
buttons,5
until,5
include,5
blacks,5
given,5
among,5
archives,4
vergelegen,4
excavation,4
worked,4
official,4
interred,4
origin,4
handler,4
date,4
political,4
hall,4
possible,4
international,4
cemeteries,4
van,4
changes,4
locally,4
result,4
oudepost,4
africans,4
out,4
grounds,4
sites,4
inferred,4
chemistry,4
sampled,4
presence,4
up,4
results,4
practices,4
positive,4
about,4
under,4
included,4
many,4
abstract,4
v,4
road,4
time,4
another,4
cambridge,4
skeletal,4
photosynthetic,4
points,4
study,4
can,4
plate,4
pipe,4
louisiana,4
european,4
hope,4
physical,4
did,4
report,4
whether,4
urban,4
elphick,4
remains,4
reached,4
miller,3
now,3
mostly,3
o,3
common,3
represent,3
american,3
stone,3
studies,3
committee,3
total,3
du,3
lower,3
long,3
lead,3
military,3
might,3
suggesting,3
religion,3
last,3
marine,3
within,3
eastern,3
shroud,3
quantities,3
variations,3
signal,3
thus,3
iron,3
sample,3
excavations,3
estimate,3
died,3
york,3
parts,3
lives,3
elsewhere,3
origins,3
rice,3
mutilation,3
important,3
dug,3
appear,3
greater,3
maskew,3
whom,3
could,3
rule,3
muslim,3
pins,3
near,3
silver,3
aspects,3
artefacts,3
negative,3
confirms,3
used,3
has,3
cane,3
records,3
realms,3
showing,3
alan,3
field,3
owned,3
settlement,3
markell,3
castle,3
ship,3
niches,3
generally,3
carmel,3
likely,3
various,3
southern,3
adherence,3
lack,3
indies,3
disturbed,3
children,3
present,3
judith,3
practice,3
range,3
sides,3
food,3
office,3
outpost,3
features,3
ribs,3
probably,3
contracts,3
seen,3
indicate,3
contained,3
terrestrial,3
paper,3
lying,3
clearly,3
plantation,3
person,3
ones,3
signature,3
while,3
years,3
national,3
although,3
land,3
speak,3
major,3
final,2
abolition,2
done,2
oriented,2
if,2
yards,2
suggested,2
mimeo,2
accession,2
firstgeneration,2
epidemic,2
yard,2
before,2
pipes,2
diversity,2
being,2
consistent,2
hence,2
taken,2
hong,2
available,2
route,2
twenty,2
together,2
sometime,2
jacket,2
homelands,2
subsequent,2
achieved,2
feature,2
state,2
raised,2
context,2
case,2
side,2
ascribed,2
development,2
medical,2
point,2
x,2
household,2
fragment,2
collection,2
controlled,2
funded,2
kerkhof,2
central,2
million,2
since,2
de,2
shaft,2
jr,2
stained,2
plessis,2
pertained,2
clay,2
elements,2
immigrants,2
clustering,2
fig,2
six,2
compared,2
left,2
third,2
y,2
unbaptised,2
fort,2
shipping,2
without,2
identification,2
rather,2
his,2
english,2
ba,2
en,2
johannes,2
granted,2
earlier,2
archaeometry,2
signatures,2
nos,2
white,2
lay,2
animals,2
tissue,2
servants,2
calcified,2
objects,2
days,2
numbers,2
impact,2
jersey,2
profile,2
readings,2
followed,2
painted,2
prehistoric,2
plot,2
lived,2
initial,2
late,2
chinese,2
province,2
because,2
well,2
almost,2
literature,2
scatters,2
place,2
beads,2
status,2
own,2
excavated,2
least,2
shaping,2
specifically,2
graveyards,2
archaeologies,2
shapes,2
folk,2
annual,2
batavian,2
using,2
grateful,2
therefore,2
led,2
witwatersrand,2
investigating,2
populations,2
poor,2
baptise,2
above,2
pendant,2
lab,2
thesis,2
informal,2
topo,2
k,2
culture,2
same,2
indian,2
illustrated,2
reports,2
avoided,2
longer,2
walled,2
muslims,2
others,2
death,2
fact,2
shows,2
unparalleled,2
areas,2
crop,2
diverse,2
man,2
forms,2
took,2
do,2
centre,2
systematic,2
smallpox,2
see,2
colony,2
project,2
remained,2
maritime,2
mortuary,2
samples,2
europeans,2
entirely,2
outliers,2
eaten,2
sold,2
congress,2
fruits,2
low,2
mt,2
eve,2
individual,2
period,2
farms,2
stages,2
enriched,2
standard,2
sorghum,2
especially,2
facing,2
become,2
effect,2
attendant,2
slaver,2
quarterly,2
sugar,2
modifications,2
widely,2
anatomy,2
farm,2
continued,2
george,2
provide,2
foreign,2
shrouds,2
order,2
bulletin,2
markers,2
diaspora,2
shells,2
class,2
bones,2
centuries,2
biology,2
then,2
fifteen,2
any,2
material,2
series,2
changing,2
graveyard,2
schoeninger,2
here,2
der,2
know,2
organized,2
iii,2
ar,2
brazil,2
very,2
allocated,2
living,2
according,2
unlikely,2
them,2
namely,2
making,2
map,2
earthenware,2
her,2
infant,2
signify,2
presented,2
multiple,2
little,2
through,2
sea,2
became,2
lies,2
tissues,2
resistance,2
reconstruct,2
copper,2
oceanic,2
snuffbox,2
our,2
youth,2
cosmopolitan,2
difference,2
reveals,2
register,2
joined,2
americas,2
green,2
smaller,2
anatomical,2
off,2
tobacco,2
area,2
association,2
owsley,2
substantial,2
documentary,2
strong,2
malays,2
race,2
tube,2
sa,1
ending,1
portuguese,1
indonesian,1
ollage,1
currently,1
rate,1
child,1
behavioural,1
estimated,1
way,1
tafelberg,1
concerned,1
privately,1
engendered,1
market,1
hogarth,1
proselytizing,1
introduction,1
grasses,1
manuscript,1
quem,1
disc,1
scottish,1
large,1
complex,1
significant,1
dispelled,1
overrides,1
agency,1
barrack,1
renamed,1
second,1
handles,1
library,1
units,1
constitutes,1
sets,1
rounded,1
unmodified,1
modern,1
country,1
trace,1
consequential,1
sign,1
necessarily,1
laid,1
gleanings,1
ofanthropology,1
antebellum,1
exceptions,1
plantations,1
contested,1
pie,1
contact,1
contexts,1
women,1
leads,1
arms,1
experience,1
predominantly,1
granary,1
pastoral,1
submitted,1
sources,1
confirmatory,1
concur,1
posed,1
fifteenth,1
address,1
season,1
saul,1
encouraged,1
darkness,1
anywhere,1
funerals,1
shipwrecks,1
definition,1
shaped,1
excavating,1
secondary,1
assess,1
broken,1
includes,1
estimation,1
great,1
confusion,1
turnover,1
thank,1
differences,1
farmers,1
richards,1
artopo,1
narrative,1
dominantly,1
able,1
atlantic,1
moat,1
reveal,1
graham,1
help,1
inland,1
search,1
confirmations,1
fresh,1
oostindische,1
exiles,1
consist,1
paraphernalia,1
robert,1
normal,1
depleted,1
educate,1
barred,1
posts,1
depends,1
issue,1
netherlands,1
badly,1
ltd,1
recorded,1
prone,1
sought,1
mass,1
march,1
prescriptions,1
account,1
gardens,1
knife,1
replacement,1
lifetime,1
lanka,1
tracing,1
plakaatboek,1
foreigners,1
terminus,1
dphil,1
eleven,1
indonesians,1
consumers,1
obvious,1
harbour,1
apart,1
far,1
establishment,1
owners,1
dynamic,1
bottom,1
yao,1
representing,1
soldaten,1
huigen,1
nd,1
measurement,1
ross,1
denoting,1
hudson,1
expanded,1
interments,1
associations,1
katzenberg,1
throughout,1
review,1
angles,1
merchants,1
captured,1
immediate,1
dynamics,1
longmarket,1
roal,1
attest,1
eating,1
dahomey,1
intact,1
relatively,1
swellengrebel,1
ag,1
moment,1
mixed,1
relations,1
heterogeneity,1
br,1
issued,1
constellation,1
z,1
spans,1
exercise,1
priority,1
pelvis,1
malan,1
adam,1
gl,1
distinct,1
nor,1
items,1
flourishing,1
deeds,1
legally,1
bay,1
david,1
perspective,1
historiographic,1
depend,1
subtracted,1
amount,1
back,1
deed,1
panorama,1
inclusion,1
young,1
dates,1
jacob,1
truly,1
even,1
consequently,1
placements,1
practically,1
drank,1
unceremoniously,1
details,1
wet,1
hasty,1
deeply,1
stichting,1
adult,1
delivered,1
rosary,1
rates,1
babies,1
denominations,1
costa,1
assessed,1
gaining,1
online,1
excavate,1
profoundly,1
adequate,1
floor,1
camp,1
growth,1
negatively,1
absent,1
graf,1
district,1
how,1
smoking,1
levels,1
pinpoint,1
active,1
kaffirs,1
environments,1
determining,1
rescue,1
lasted,1
eight,1
certain,1
osteology,1
direct,1
special,1
employees,1
mortaliteit,1
echoed,1
form,1
cases,1
augmented,1
scattered,1
guides,1
support,1
means,1
arid,1
immigrant,1
females,1
consider,1
river,1
established,1
pales,1
retained,1
sheeting,1
otherwise,1
acculturated,1
linked,1
cowries,1
wrecked,1
elevated,1
placed,1
gradually,1
shore,1
ceded,1
listed,1
upper,1
mixtures,1
filed,1
wire,1
resource,1
additional,1
hart,1
tourism,1
linkage,1
indonesia,1
definite,1
consequence,1
mere,1
mauritius,1
mix,1
plenum,1
shifted,1
riebeeck,1
helped,1
photos,1
metal,1
calgary,1
mozambique,1
deetz,1
isotopes,1
cut,1
onder,1
washhouses,1
matching,1
union,1
whereas,1
expressed,1
arrived,1
identifying,1
path,1
arrival,1
bearing,1
kegan,1
medicine,1
erosion,1
faunal,1
chipped,1
called,1
typical,1
access,1
baton,1
relating,1
foreground,1
changed,1
deal,1
necklace,1
shared,1
ocean,1
madagascar,1
emerge,1
nail,1
inaugural,1
irregularly,1
midway,1
further,1
outnumbered,1
fourth,1
occupation,1
traits,1
equal,1
engraved,1
keywords,1
viewed,1
cannot,1
kock,1
millets,1
applied,1
scale,1
handled,1
record,1
poundbury,1
thimble,1
confirmation,1
masterly,1
somatic,1
bastion,1
orser,1
acknowledgements,1
failure,1
having,1
christianity,1
directly,1
enrichment,1
distinguish,1
revealed,1
mapped,1
rum,1
heinemann,1
balkema,1
trn,1
carries,1
leisure,1
nine,1
future,1
unless,1
brought,1
part,1
proportions,1
apparent,1
vertebrae,1
patterning,1
homeland,1
description,1
ten,1
bowl,1
unkempt,1
year,1
overview,1
intermediate,1
broad,1
constitute,1
contains,1
thereafter,1
lanham,1
rituals,1
outposts,1
swift,1
personal,1
reflect,1
newspaper,1
reconstructing,1
diag,1
spectrometer,1
graph,1
wheat,1
thundering,1
determinen,1
either,1
regions,1
related,1
earth,1
schumacher,1
solution,1
legacy,1
louw,1
sense,1
composite,1
replenished,1
hard,1
working,1
below,1
prestwich,1
adherents,1
wearer,1
winer,1
trading,1
catholic,1
contrast,1
shackle,1
squarely,1
prologue,1
emerging,1
family,1
encompasses,1
small,1
few,1
june,1
knives,1
strap,1
aquarelles,1
breaking,1
dramatic,1
distinguished,1
da,1
philip,1
always,1
necessity,1
deacon,1
freemen,1
roots,1
notes,1
provenance,1
value,1
newly,1
provided,1
preliminary,1
moved,1
rest,1
gordon,1
digging,1
dictated,1
strangers,1
comm,1
subsequently,1
settlers,1
will,1
handboek,1
morphology,1
he,1
eclectic,1
power,1
khoekhoe,1
mosques,1
sptember,1
foragers,1
absence,1
architecture,1
identified,1
alphabetical,1
short,1
exclusivity,1
limited,1
released,1
brief,1
intergrafis,1
exception,1
object,1
etc,1
community,1
allen,1
still,1
gelfand,1
bill,1
folded,1
landed,1
ofarchaeology,1
targeted,1
paint,1
shipped,1
single,1
biological,1
begraafplaats,1
guide,1
repression,1
inception,1
widows,1
relied,1
interpretation,1
vegetables,1
sri,1
reference,1
saldanha,1
interment,1
thought,1
alongside,1
residence,1
soon,1
cetery,1
detectable,1
exposure,1
chronology,1
orange,1
neither,1
differentiate,1
unwin,1
prisoners,1
tn,1
ban,1
complete,1
tinderbox,1
already,1
flints,1
volunteers,1
noted,1
rise,1
pijpenkabinet,1
picture,1
administrators,1
sternal,1
burgher,1
solomon,1
paul,1
heritage,1
afterlife,1
business,1
similarly,1
addition,1
towards,1
financial,1
lacked,1
seafoods,1
faster,1
marker,1
slater,1
head,1
relates,1
appeared,1
daily,1
incorporation,1
john,1
end,1
granting,1
contemporary,1
innocents,1
distributions,1
considerable,1
shores,1
convert,1
wesleyan,1
ages,1
outside,1
hand,1
physiological,1
shipwreck,1
metalloop,1
existing,1
olan,1
less,1
council,1
eg,1
deep,1
hamilton,1
routledge,1
wood,1
slaaven,1
historiographical,1
degree,1
kong,1
original,1
crown,1
extended,1
dave,1
background,1
made,1
leone,1
discovery,1
biodynamics,1
upon,1
trajectory,1
ohmst,1
razor,1
distinctly,1
manufactured,1
increase,1
struik,1
top,1
empirical,1
refreshment,1
cranial,1
largely,1
operated,1
station,1
residues,1
virtually,1
francis,1
prospective,1
cemeiery,1
labourers,1
roman,1
rare,1
recovery,1
laboratory,1
fulfil,1
radiocarbon,1
mosbiekers,1
full,1
breda,1
dating,1
legs,1
clear,1
discovered,1
sherd,1
historic,1
reverted,1
poisoning,1
essay,1
amounts,1
issn,1
times,1
caribbean,1
like,1
creolization,1
would,1
tim,1
so,1
general,1
high,1
indisputable,1
nurses,1
filled,1
shortly,1
probable,1
preservation,1
provides,1
courtyard,1
artificial,1
enough,1
nederlandse,1
evolutionary,1
feet,1
relation,1
ann,1
britain,1
tzj,1
coachmen,1
priests,1
capitalism,1
cufflinks,1
slightly,1
pathway,1
farmstead,1
northern,1
geography,1
cemetry,1
saw,1
beam,1
positioning,1
bograd,1
resorbed,1
datern,1
division,1
attended,1
consumed,1
visit,1
discriminating,1
antonia,1
disused,1
palette,1
things,1
debbie,1
twelve,1
werz,1
christian,1
relationship,1
islamic,1
holtzhausen,1
initials,1
note,1
she,1
lot,1
science,1
foreshore,1
sometimes,1
suggestive,1
bound,1
mardh,1
select,1
male,1
independence,1
monuments,1
affinity,1
strongly,1
eighteen,1
bt,1
transformation,1
originated,1
countries,1
linking,1
merwe,1
often,1
construction,1
continually,1
limpopo,1
united,1
enamel,1
frontier,1
types,1
unusual,1
documentation,1
resemble,1
investigate,1
llrheran,1
considered,1
acquired,1
cannon,1
anthropological,1
baseline,1
environment,1
share,1
practised,1
sexes,1
heavy,1
endpoints,1
constant,1
precedence,1
singular,1
following,1
comes,1
conclusion,1
oats,1
mentioned,1
must,1
measurements,1
manual,1
constituted,1
officially,1
potter,1
satisfactory,1
tanu,1
text,1
sciences,1
command,1
drowned,1
natural,1
stem,1
rainfall,1
stamp,1
flint,1
oosterland,1
global,1
anon,1
sampling,1
board,1
ivory,1
contextual,1
monotonous,1
down,1
argue,1
emergence,1
specificities,1
wall,1
current,1
post,1
foundation,1
particularly,1
infer,1
townsfolk,1
sewing,1
distinctive,1
past,1
closest,1
rural,1
pathological,1
advances,1
places,1
phd,1
drop,1
witch,1
bandieten,1
heads,1
biomechanical,1
combined,1
shipments,1
unique,1
offering,1
voor,1
references,1
coast,1
particular,1
males,1
garment,1
femoral,1
extent,1
injunction,1
illegally,1
institute,1
knokke,1
yield,1
reigned,1
property,1
influenced,1
intake,1
remodelling,1
pers,1
suggests,1
virginia,1
threat,1
sentenced,1
ascertain,1
refers,1
freedom,1
topographical,1
asians,1
photosynthesis,1
bodies,1
demarcated,1
occasionally,1
arabic,1
overseeing,1
uniform,1
atmospheric,1
stols,1
content,1
variability,1
techniques,1
transition,1
untidy,1
hawkers,1
possessions,1
distinguishable,1
appointed,1
delta,1
harrison,1
varied,1
prepared,1
bioanthropological,1
manumitted,1
diagram,1
formation,1
felon,1
shown,1
birth,1
lands,1
average,1
unmarked,1
initiated,1
yap,1
protohistoric,1
conditions,1
grant,1
beyond,1
klose,1
ended,1
typically,1
consumption,1
harney,1
archipelago,1
glass,1
attributes,1
baptism,1
caption,1
shift,1
maravi,1
roughly,1
intergroup,1
valuable,1
pathways,1
archival,1
needle,1
vary,1
geographical,1
singleton,1
exclusively,1
valley,1
khoisan,1
focus,1
images,1
much,1
ends,1
taylor,1
north,1
recent,1
cundee,1
profiles,1
building,1
penal,1
termed,1
occur,1
deeper,1
grants,1
