WORDCOUNTS,WEIGHT
the,63
of,45
and,38
in,33
a,21
to,17
by,14
i,13
this,11
from,10
cultural,8
is,7
for,7
an,7
archaeology,6
h,6
at,5
it,5
with,5
l,5
village,5
or,5
are,5
limp,5
e,4
pp,4
book,4
anthropology,4
new,4
c,4
its,4
be,4
world,4
y,4
may,3
will,3
cover,3
basic,3
b,3
study,3
any,3
not,3
paul,3
all,3
j,3
current,3
tools,3
r,3
art,3
copies,3
david,3
on,3
south,2
colour,2
units,2
o,2
practical,2
how,2
akil,2
process,2
community,2
introduction,2
ksar,2
methods,2
superb,2
stone,2
fascinating,2
under,2
policy,2
newcomer,2
n,2
series,2
w,2
age,2
ulysses,2
themes,2
physical,2
that,2
maloney,2
roman,2
other,2
kegan,2
printed,2
great,2
time,2
historical,2
man,2
m,2
see,2
routledge,2
has,2
cloth,2
october,2
republic,2
editorial,2
issues,2
our,2
which,2
review,2
both,2
bone,2
developments,2
charles,2
below,2
about,2
general,2
caucasus,1
model,1
modernisation,1
pearson,1
dealing,1
rico,1
mb,1
departs,1
llc,1
judge,1
now,1
ja,1
inspection,1
san,1
colin,1
aoo,1
page,1
note,1
laciaperiods,1
no,1
without,1
george,1
science,1
scientific,1
later,1
britain,1
consists,1
truth,1
unit,1
classic,1
introductions,1
eminent,1
determine,1
announced,1
poor,1
tin,1
ultimate,1
reconstruction,1
itself,1
they,1
transformation,1
trench,1
derived,1
covering,1
complex,1
antiquity,1
contributions,1
life,1
containing,1
societv,1
samoan,1
as,1
analysis,1
guide,1
paleolithic,1
inception,1
education,1
constitutes,1
illus,1
portrayed,1
ways,1
centuries,1
permission,1
examined,1
prof,1
articles,1
studies,1
win,1
modern,1
mud,1
bad,1
stios,1
photographs,1
morgan,1
phaidon,1
odyssey,1
considered,1
prehistory,1
consider,1
experimentally,1
lane,1
detail,1
sections,1
ian,1
into,1
presents,1
suggestions,1
peasants,1
included,1
con,1
planned,1
then,1
hoistory,1
section,1
complete,1
proprietors,1
guatemala,1
otu,1
numbers,1
ro,1
thematic,1
promotion,1
thrice,1
ethnographic,1
variety,1
source,1
yanamamo,1
al,1
but,1
peoples,1
these,1
subscription,1
hohokam,1
two,1
first,1
origins,1
theme,1
t,1
published,1
bronze,1
toolk,1
volume,1
grebinger,1
tries,1
hence,1
titles,1
long,1
alps,1
introductiion,1
s,1
law,1
quentineasants,1
rin,1
coincides,1
chronoc,1
projected,1
important,1
mark,1
address,1
retirement,1
view,1
over,1
cox,1
been,1
mcintosh,1
asia,1
uses,1
words,1
problem,1
steven,1
different,1
fact,1
ceramic,1
immense,1
societies,1
scholars,1
ft,1
areas,1
could,1
carter,1
rl,1
fry,1
emergence,1
wall,1
constantine,1
p,1
ultural,1
post,1
studied,1
pritchard,1
harriet,1
farming,1
religion,1
variation,1
survey,1
golden,1
eci,1
legen,1
replication,1
feature,1
bwc,1
cc,1
works,1
living,1
czech,1
late,1
men,1
patterns,1
readers,1
written,1
further,1
handbook,1
kinship,1
clarity,1
v,1
regression,1
principal,1
robert,1
william,1
puerto,1
reading,1
performed,1
reviews,1
eiv,1
communitarian,1
transmitted,1
context,1
papers,1
legend,1
whether,1
contents,1
form,1
list,1
system,1
po,1
case,1
issue,1
particular,1
stirred,1
patty,1
material,1
feb,1
brief,1
ltd,1
your,1
chronologically,1
theory,1
preparation,1
books,1
ueston,1
key,1
gives,1
number,1
free,1
redording,1
outlines,1
brilliant,1
studying,1
aspects,1
local,1
account,1
original,1
demonstrated,1
sheba,1
redman,1
welcome,1
prior,1
some,1
understanding,1
line,1
exploring,1
literature,1
work,1
middle,1
bc,1
publish,1
examples,1
miniature,1
received,1
explanation,1
richard,1
oic,1
troductory,1
reader,1
west,1
formal,1
illustrated,1
point,1
part,1
london,1
aking,1
example,1
selecting,1
knowledge,1
luce,1
press,1
three,1
yearly,1
urban,1
publishers,1
african,1
techniques,1
top,1
chagnon,1
frankel,1
collection,1
emphasizing,1
leblanc,1
contains,1
people,1
jo,1
submitted,1
human,1
camelot,1
exercises,1
field,1
itselfthen,1
reinforcing,1
fun,1
il,1
relationships,1
southampton,1
recording,1
chicano,1
stanford,1
immediate,1
roger,1
trade,1
development,1
own,1
past,1
quest,1
archaeological,1
have,1
made,1
publication,1
write,1
g,1
gorganised,1
earth,1
interest,1
introdsuction,1
social,1
contributed,1
inhave,1
times,1
editorship,1
d,1
hard,1
would,1
geographically,1
tucson,1
period,1
regular,1
finds,1
one,1
retrieval,1
ai,1
palaeolithic,1
cases,1
adam,1
thomas,1
cyprus,1
old,1
imagination,1
exchange,1
spindler,1
stored,1
summary,1
concrete,1
spanish,1
specific,1
imaginations,1
ehart,1
creeds,1
article,1
fm,1
editors,1
invaluable,1
interpretations,1
lire,1
usual,1
single,1
haviland,1
queen,1
th,1
structure,1
james,1
annual,1
major,1
bookshop,1
up,1
scott,1
st,1
archaeologist,1
student,1
surveys,1
hodder,1
journal,1
we,1
taylor,1
solothe,1
recent,1
profiles,1
crawford,1
synoptic,1
marketing,1
decay,1
digging,1
embraces,1
arizona,1
glad,1
society,1
