WORDCOUNTS,WEIGHT
the,492
of,365
and,212
in,174
a,156
to,103
is,60
be,56
this,52
from,49
distribution,49
by,48
been,45
have,45
for,44
pottery,44
data,43
with,42
as,36
i,36
regression,35
has,34
that,32
group,31
was,31
than,31
interaction,29
distance,28
alpha,27
are,27
which,27
axes,26
centre,26
at,24
area,23
neolithic,22
found,22
number,22
some,22
it,21
analysis,21
more,21
also,21
marketing,21
j,20
savernake,20
values,20
can,20
these,18
on,18
model,17
contact,17
an,17
around,17
gradient,17
study,16
or,16
trade,16
d,16
ware,15
source,15
other,15
two,15
random,15
may,14
b,14
types,14
areas,14
r,13
percentage,13
different,13
type,13
sites,13
were,13
archaeological,13
between,13
production,12
patterns,12
density,12
less,12
information,12
value,12
society,12
f,11
m,11
sets,11
fig,11
walk,11
new,11
size,11
coins,11
such,11
e,10
same,10
all,10
prehistoric,10
s,10
products,10
distributions,10
proceedings,10
coarse,10
form,10
obsidian,10
line,10
shown,10
near,10
hodder,10
similar,9
not,9
studies,9
each,9
migration,9
spatial,9
made,9
tiles,9
vi,9
second,9
relationship,8
figure,8
service,8
site,8
seems,8
ian,8
total,8
already,8
first,8
best,8
p,8
palstaves,8
both,8
variation,8
percentages,8
models,8
g,8
obtained,8
oxford,8
axe,8
london,7
process,7
above,7
movement,7
stone,7
applied,7
forest,7
considered,7
exponential,7
age,7
most,7
l,7
seem,7
dobunnic,7
very,7
centres,7
case,7
used,7
west,7
localized,7
human,7
c,7
although,7
so,7
function,7
transformations,6
common,6
groups,6
one,6
moves,6
represented,6
only,6
bronze,6
roman,6
theory,6
picrite,6
pattern,6
discussed,6
further,6
geography,6
third,6
market,6
because,6
gave,6
much,6
gravity,6
fine,6
high,6
research,6
estimate,6
general,6
error,6
centuries,5
large,5
direct,5
kilns,5
examined,5
pp,5
series,5
but,5
regional,5
slope,5
give,5
towns,5
greater,5
correspond,5
wide,5
could,5
district,5
procedure,5
bands,5
those,5
where,5
appears,5
whether,5
petrological,5
noticed,5
clearly,5
w,5
examples,5
calculated,5
point,5
its,5
yorkshire,5
fieldwork,5
characteristic,5
least,5
product,5
smaller,5
factories,5
standard,5
amount,5
wares,5
when,5
results,5
decay,5
rowlands,5
late,5
sussex,4
no,4
science,4
identified,4
suggested,4
seen,4
journal,4
rock,4
finer,4
objects,4
into,4
their,4
diffusion,4
steeper,4
indicated,4
paper,4
great,4
origin,4
studied,4
there,4
bulky,4
report,4
ad,4
produced,4
cannot,4
method,4
work,4
little,4
example,4
olsson,4
fit,4
coming,4
away,4
partly,4
hampshire,4
cornwall,4
t,4
assemblages,4
published,4
cirencester,4
straight,4
cases,4
gradients,4
industry,4
vary,4
effect,4
find,4
early,4
using,4
recent,4
mildenhall,4
higher,3
therefore,3
reliable,3
io,3
plotted,3
if,3
cells,3
widespread,3
comparable,3
they,3
anatolian,3
h,3
british,3
examine,3
restricted,3
detail,3
quantitative,3
any,3
mentioned,3
university,3
being,3
predicted,3
log,3
known,3
social,3
certainly,3
here,3
important,3
wiltshire,3
central,3
behaviour,3
had,3
expressed,3
pitts,3
allow,3
current,3
differences,3
time,3
marketed,3
contemporary,3
iron,3
reilly,3
artefact,3
normal,3
according,3
covered,3
relationships,3
within,3
scale,3
necessary,3
ed,3
eds,3
eastern,3
cambridge,3
while,3
well,3
larger,3
local,3
identification,3
urban,3
papers,3
divided,3
middle,3
functions,3
compared,3
region,3
variations,3
far,3
sea,3
whole,3
use,3
renfrew,3
obtain,3
avebury,3
variables,3
varied,3
et,3
mathematical,3
since,3
interpreted,3
trends,3
three,3
approach,3
detailed,3
curve,3
involving,3
archaeology,3
exponent,3
extremely,3
association,3
involved,3
latter,3
small,3
class,3
castle,3
k,3
east,3
taylor,3
relative,3
aggregate,3
costly,3
industries,2
processes,2
pearson,2
frequent,2
factors,2
aim,2
mechanisms,2
does,2
steps,2
discussing,2
interesting,2
he,2
wineburg,2
o,2
york,2
south,2
curves,2
langdale,2
way,2
fairly,2
his,2
will,2
usually,2
economic,2
main,2
overall,2
result,2
program,2
hill,2
peacock,2
might,2
mean,2
object,2
hillforts,2
epidemic,2
transformed,2
strongly,2
lids,2
transformation,2
certain,2
complex,2
imposed,2
often,2
retail,2
zero,2
completely,2
particular,2
quite,2
boundary,2
immediate,2
history,2
predicting,2
forthcoming,2
supplied,2
mainly,2
following,2
stochastic,2
taken,2
romanobritish,2
al,2
natural,2
comparison,2
four,2
negative,2
potential,2
anthropology,2
pareto,2
walled,2
museums,2
kiln,2
movements,2
set,2
equation,2
evidence,2
again,2
anglia,2
over,2
dij,2
principle,2
towards,2
england,2
gentle,2
nature,2
grid,2
closely,2
lund,2
based,2
shows,2
included,2
department,2
historical,2
producing,2
seven,2
blakeman,2
town,2
out,2
grey,2
goods,2
associated,2
fashion,2
rural,2
worcestershire,2
forms,2
outside,2
miles,2
context,2
terms,2
population,2
dispersal,2
american,2
material,2
transactions,2
assemblage,2
me,2
institute,2
hogg,2
axehammers,2
cann,2
possible,2
marked,2
art,2
measures,2
adjacent,2
range,2
malvernian,2
limitations,2
contacts,2
related,2
identity,2
concern,2
disciplines,2
decrease,2
measure,2
largely,2
discussion,2
allowed,2
band,2
people,2
exist,2
falling,2
bagendon,2
trend,2
thus,2
friction,2
cornish,2
differential,2
systematic,2
southwestern,2
described,2
explained,2
quality,2
stamped,2
clear,2
interest,2
good,2
review,2
include,2
magazine,2
useful,2
distances,2
collected,2
computer,2
better,2
preliminary,2
several,2
influence,2
problems,2
concerns,2
flood,2
commodity,2
fourth,2
yielded,2
like,2
maximum,2
through,2
occur,2
among,2
tendency,2
north,2
morrill,2
reflected,2
radley,2
appropriate,2
close,2
major,2
fulford,2
collect,1
miller,1
consists,1
approximated,1
node,1
geografiska,1
orton,1
alters,1
led,1
subcommittee,1
applications,1
rate,1
irrespective,1
transforming,1
demand,1
chronological,1
emporium,1
investigated,1
air,1
materials,1
various,1
european,1
logarithmically,1
regular,1
statistical,1
rather,1
shortest,1
simulated,1
sometimes,1
malverns,1
insect,1
five,1
short,1
indeed,1
constants,1
malvern,1
testing,1
critical,1
idea,1
square,1
extreme,1
randomly,1
apart,1
resulted,1
order,1
int,1
coastal,1
bateman,1
deviation,1
britannia,1
directions,1
forts,1
view,1
determining,1
bibliography,1
ewa,1
indicates,1
unsuitable,1
comments,1
importance,1
wind,1
settlements,1
indicate,1
derived,1
length,1
contributions,1
tends,1
travel,1
selection,1
identify,1
evolution,1
animals,1
informative,1
space,1
settlement,1
effort,1
usefully,1
decreasing,1
broadbladed,1
thought,1
exists,1
di,1
probabilities,1
easily,1
hembury,1
actual,1
developments,1
modern,1
country,1
investigate,1
flows,1
council,1
ratio,1
ie,1
former,1
prehistory,1
cliff,1
consider,1
deviants,1
distributional,1
possibly,1
family,1
committee,1
jesson,1
environment,1
informatively,1
variable,1
commoner,1
inscribed,1
then,1
equations,1
flies,1
attract,1
just,1
wallis,1
n,1
locational,1
stressed,1
englewood,1
without,1
variety,1
exemplified,1
annals,1
reviewed,1
check,1
too,1
need,1
character,1
aid,1
show,1
test,1
reports,1
simply,1
extensive,1
armenian,1
peterhouse,1
lower,1
monaco,1
fitted,1
oi,1
neighbouring,1
surface,1
lot,1
antiquaries,1
either,1
edinburgh,1
satisfactory,1
present,1
followed,1
pollination,1
sources,1
initial,1
spots,1
every,1
writing,1
channelled,1
sherds,1
lengthen,1
permanent,1
law,1
subjected,1
ii,1
technique,1
cover,1
later,1
thesis,1
concentrated,1
feeling,1
concentration,1
available,1
similarly,1
varies,1
emerged,1
tendencies,1
addition,1
many,1
clifford,1
seaby,1
arrived,1
gregory,1
definition,1
root,1
worth,1
fact,1
company,1
comparatively,1
sizes,1
dixon,1
coinage,1
bearing,1
capital,1
head,1
did,1
higerstrand,1
regions,1
cappodocian,1
appearance,1
parameters,1
suggesting,1
walked,1
emergence,1
appeared,1
britain,1
abstract,1
thank,1
approximates,1
spectrographic,1
disturbed,1
multiplicity,1
hoards,1
adjusted,1
decreases,1
speculation,1
palregression,1
huff,1
isle,1
zone,1
gas,1
visits,1
carrothers,1
journey,1
examining,1
conceptualising,1
elsewhere,1
man,1
help,1
approximation,1
marches,1
achieved,1
feature,1
external,1
freight,1
planners,1
term,1
consist,1
mind,1
fits,1
hand,1
influences,1
v,1
clarke,1
cultural,1
db,1
brownlee,1
closeness,1
midlands,1
economy,1
derivation,1
aspects,1
curvature,1
gravitational,1
them,1
seminar,1
defining,1
cunobeline,1
reinforce,1
tile,1
references,1
nodes,1
varying,1
nearby,1
ungrouped,1
antiquarian,1
add,1
corresponded,1
covers,1
hoped,1
conclusion,1
pollen,1
recognized,1
xiv,1
map,1
survival,1
perhaps,1
biometric,1
insufficiently,1
linear,1
frequency,1
armenia,1
gives,1
densities,1
going,1
encountered,1
coin,1
day,1
studying,1
insensitive,1
having,1
helvig,1
vol,1
taaffe,1
network,1
long,1
helpful,1
singlelog,1
understanding,1
mapped,1
stimulated,1
open,1
stonehenge,1
planning,1
rocks,1
considering,1
steep,1
easier,1
ig,1
completed,1
organisms,1
level,1
passenger,1
gallerie,1
untransformed,1
ic,1
determined,1
transport,1
occurring,1
met,1
lake,1
affecting,1
part,1
arotund,1
x,1
including,1
purpose,1
civilisation,1
distinctly,1
cumberland,1
looking,1
apparent,1
see,1
undertaken,1
press,1
samples,1
representing,1
correlation,1
progressing,1
step,1
formula,1
spite,1
lesser,1
repeating,1
pi,1
kindly,1
assumption,1
burgess,1
place,1
acknowledgements,1
numerous,1
welsh,1
accidental,1
allows,1
resulting,1
representation,1
archaeologists,1
statistics,1
rare,1
services,1
individuals,1
examination,1
includes,1
come,1
trip,1
apex,1
additional,1
chipped,1
previous,1
diagram,1
surrounding,1
question,1
geographer,1
sutter,1
dating,1
southampton,1
distinctive,1
estimating,1
stanford,1
development,1
difference,1
significance,1
own,1
graph,1
run,1
memoirs,1
discovered,1
against,1
count,1
authors,1
unpublished,1
bestfit,1
uniqueness,1
flattening,1
culture,1
location,1
generality,1
individual,1
times,1
efficient,1
sense,1
tobler,1
occurs,1
southern,1
land,1
excavations,1
caused,1
presented,1
would,1
field,1
below,1
period,1
spread,1
staves,1
kinetic,1
lynch,1
recurring,1
suggest,1
reformulated,1
tested,1
century,1
trading,1
antiquity,1
plants,1
applicability,1
profitably,1
defined,1
filled,1
penzance,1
after,1
keen,1
gloucestershire,1
abundant,1
expressing,1
typology,1
oxfordshire,1
repeat,1
normality,1
gleave,1
coarser,1
exchange,1
wight,1
underlying,1
dbj,1
valued,1
sufficient,1
especially,1
few,1
wider,1
article,1
marriage,1
highly,1
systems,1
coefficient,1
methods,1
assumed,1
farthest,1
clarify,1
northern,1
rates,1
plotting,1
output,1
phd,1
roofing,1
geographers,1
newcastle,1
hagerstrand,1
kulldorf,1
applying,1
westmorland,1
crude,1
dist,1
concepts,1
oxoniensia,1
working,1
gravitation,1
royal,1
even,1
grouped,1
travelled,1
given,1
dependent,1
communication,1
equivalent,1
newtonian,1
looked,1
galleries,1
dividing,1
re,1
bees,1
tentatively,1
strong,1
border,1
biliography,1
we,1
structured,1
truck,1
should,1
building,1
cliffs,1
broader,1
anatolia,1
concentric,1
formulae,1
imported,1
arithmetic,1
showed,1
coal,1
emerge,1
unrelated,1
valuable,1
draft,1
odeving,1
geographical,1
bevis,1
duplicated,1
decision,1
wales,1
contexts,1
hypothesis,1
