WORDCOUNTS,WEIGHT
the,274
and,259
of,245
in,167
a,98
to,87
minoan,76
is,59
as,54
that,54
with,49
are,42
for,32
not,31
or,30
this,28
world,28
it,25
but,25
crete,24
at,23
by,23
age,23
bronze,22
religion,22
social,21
university,20
between,20
be,20
from,19
also,19
were,19
environment,18
which,18
on,18
ritual,17
r,16
archaeology,16
pp,16
nature,16
some,16
liege,16
their,16
been,15
landscape,15
press,15
an,15
stone,15
activities,15
have,14
relations,14
certain,13
relationships,13
such,13
c,13
aegean,13
herva,13
can,13
sanctuaries,13
ecological,12
was,12
places,12
what,12
divinities,12
specific,12
they,11
life,11
j,11
other,11
mind,11
has,11
its,11
people,11
developmental,11
humans,10
aspects,10
human,10
features,10
after,10
peak,10
flower,9
tree,9
about,9
into,9
persons,9
system,9
art,9
than,9
archaeological,9
engagement,9
entities,8
objects,8
al,8
stones,8
natural,8
there,8
universite,8
understood,8
material,8
because,8
trees,8
cult,8
et,8
de,8
texas,8
things,8
beings,8
religious,7
n,7
only,7
physical,7
l,7
d,7
p,7
them,7
e,7
perspective,7
systems,7
relationship,6
various,6
constituents,6
sanctuary,6
more,6
s,6
all,6
paper,6
new,6
do,6
manner,6
rethinking,6
terms,6
development,6
through,6
oyama,6
distinctive,6
significance,6
laffineur,6
general,6
society,6
no,5
manifold,5
minoans,5
special,5
thought,5
history,5
something,5
rather,5
power,5
over,5
beliefs,5
i,5
living,5
sacred,5
whether,5
existence,5
sites,5
identity,5
deities,5
central,5
rituals,5
peatfield,5
meanings,5
approach,5
t,5
even,5
journal,5
morris,5
marinatos,5
perception,5
where,4
imply,4
common,4
way,4
if,4
practical,4
environmental,4
primarily,4
state,4
indicate,4
worship,4
why,4
factors,4
mcdonald,4
ways,4
mit,4
had,4
acquired,4
culture,4
these,4
beyond,4
engage,4
aspect,4
theory,4
ingold,4
view,4
seems,4
different,4
idea,4
seem,4
better,4
present,4
institute,4
less,4
see,4
properties,4
organisms,4
watrous,4
ecology,4
cretan,4
construed,4
cf,4
order,4
remains,4
elements,4
depictions,4
relationally,4
harvey,4
given,4
rarity,3
may,3
does,3
der,3
sometimes,3
figure,3
identified,3
created,3
gell,3
process,3
syme,3
evans,3
similarities,3
one,3
inhabited,3
study,3
agency,3
depicted,3
types,3
inanimate,3
means,3
studies,3
dickinson,3
considered,3
western,3
any,3
warren,3
result,3
must,3
most,3
commonly,3
simply,3
first,3
symbolic,3
proposes,3
paul,3
evidence,3
others,3
dimension,3
towards,3
divinity,3
knowing,3
forlag,3
ideological,3
conventionally,3
associated,3
external,3
merely,3
unclear,3
form,3
belief,3
knossos,3
routledge,3
rutkowski,3
saying,3
day,3
potential,3
understanding,3
relational,3
knappett,3
moody,3
determined,3
o,3
subject,3
glyptic,3
maintained,3
clear,3
since,3
due,3
g,3
statues,3
regarded,3
sense,3
function,3
extended,3
involved,3
especially,3
least,3
k,3
holds,3
supposedly,3
cave,3
goddess,3
relationality,3
up,3
consumption,3
interaction,3
much,3
peculiar,3
y,3
european,2
worldview,2
therefore,2
he,2
possessed,2
jarvilehto,2
recognized,2
abundance,2
today,2
gebr,2
matter,2
scientific,2
action,2
meaning,2
usually,2
you,2
superficial,2
vision,2
although,2
h,2
how,2
seeks,2
referred,2
stranger,2
active,2
still,2
mountains,2
physiology,2
research,2
landscapes,2
b,2
complex,2
changes,2
often,2
myth,2
evolution,2
und,2
animistic,2
reason,2
involvement,2
distinct,2
actual,2
hagg,2
romantic,2
ring,2
biology,2
consider,2
familiar,2
anthropomorphic,2
fractal,2
thinking,2
developed,2
proposed,2
aniconic,2
po,2
chryselephantine,2
argued,2
frequently,2
comparison,2
constitute,2
supernatural,2
constituted,2
being,2
modernist,2
either,2
long,2
subjects,2
cycles,2
here,2
setting,2
important,2
might,2
appear,2
control,2
whereas,2
shows,2
consideration,2
hollow,2
location,2
our,2
striking,2
found,2
expense,2
gosden,2
typical,2
regard,2
marvels,2
relating,2
conspicuous,2
follows,2
diverse,2
very,2
hamilakis,2
advocated,2
historical,2
identities,2
discussed,2
called,2
just,2
term,2
m,2
manipulating,2
everyday,2
political,2
caves,2
gibson,2
performed,2
opuscula,2
within,2
perceiving,2
briick,2
context,2
cannot,2
british,2
references,2
finland,2
mann,2
above,2
perhaps,2
eastern,2
cambridge,2
while,2
integrity,2
well,2
vol,2
siegel,2
emphasis,2
tyree,2
contexts,2
both,2
consciousness,2
obvious,2
sentient,2
mutuality,2
austin,2
altered,2
point,2
despite,2
knowledge,2
esp,2
sakellarakis,2
boulders,2
description,2
theistic,2
conventional,2
nonhuman,2
contrasts,2
postulated,2
assume,2
processes,2
engaged,2
reducible,2
silhouette,2
surrounding,2
question,2
explained,2
categorically,2
baetyls,2
dynamics,2
status,2
received,2
open,2
own,2
wilson,2
manipulation,2
near,2
divine,2
contributed,2
prolonged,2
include,2
organism,2
ancient,2
would,2
need,2
respects,2
lovers,2
kind,2
defined,2
provides,2
intrinsic,2
platon,2
clark,2
unambiguous,2
several,2
pini,2
endowed,2
depend,2
problems,2
floating,2
qualities,2
assumed,2
further,2
themselves,2
goodison,2
epistemology,2
summoning,2
cognitive,2
early,2
directly,2
views,2
develop,2
figures,2
strong,2
tendency,2
away,2
nothing,2
heterogeneous,2
courts,1
woven,1
insights,1
set,1
south,1
gis,1
space,1
carried,1
aim,1
mediate,1
crowley,1
labyrinth,1
steps,1
fifty,1
ghosts,1
accumulate,1
now,1
minoischen,1
makes,1
online,1
ja,1
intervisibility,1
led,1
involve,1
astrdms,1
noteworthy,1
role,1
manipulated,1
done,1
york,1
deny,1
implications,1
dies,1
explanations,1
perspectives,1
liminal,1
demarrais,1
absence,1
without,1
constellations,1
wisdom,1
schoep,1
misrepresent,1
exact,1
provide,1
his,1
statuette,1
will,1
installed,1
psykologian,1
honour,1
performance,1
promises,1
main,1
groups,1
across,1
mechanisms,1
imagery,1
adds,1
remain,1
functional,1
pieces,1
adapt,1
go,1
reasonable,1
represent,1
museum,1
basic,1
begin,1
phd,1
entity,1
attitude,1
forward,1
recognizes,1
attentiveness,1
who,1
unwin,1
host,1
argue,1
accepted,1
noticing,1
environments,1
bristol,1
indicates,1
detailed,1
yale,1
assumptions,1
institutet,1
introduction,1
constitution,1
atsipadhes,1
make,1
effectively,1
lawrence,1
visual,1
pools,1
connected,1
relevant,1
importance,1
group,1
settlements,1
derived,1
american,1
recently,1
touched,1
conflicts,1
easily,1
tends,1
corpus,1
kinds,1
possess,1
vansteenhuyse,1
enriched,1
hierarchical,1
analysis,1
rroutledge,1
again,1
animals,1
conflate,1
iconography,1
attracted,1
depends,1
hail,1
dialectics,1
animism,1
composed,1
mother,1
portrayed,1
fields,1
bintliff,1
each,1
centuries,1
when,1
astroms,1
palace,1
itself,1
understand,1
neopalatial,1
definable,1
represents,1
mounds,1
biases,1
association,1
finer,1
modern,1
oula,1
monumental,1
worshipped,1
manzotti,1
kopaka,1
duke,1
mindscape,1
inspiration,1
behaviour,1
bruck,1
laboratory,1
forests,1
quantitative,1
fixed,1
differentiated,1
salient,1
causation,1
unlike,1
rackham,1
sociological,1
included,1
linear,1
then,1
constant,1
driven,1
communicating,1
days,1
believed,1
same,1
traces,1
tectonics,1
prehistory,1
house,1
indivisible,1
affects,1
arrest,1
engaging,1
complexity,1
soetens,1
pillar,1
certainly,1
practices,1
narratives,1
mika,1
two,1
touching,1
carolina,1
perusteet,1
oil,1
conceptualize,1
she,1
redefines,1
continues,1
origins,1
based,1
colin,1
overcoming,1
monuments,1
considers,1
lumps,1
isolation,1
useful,1
position,1
erlbaum,1
consequence,1
interpretation,1
viitanen,1
cracked,1
griffiths,1
griffin,1
affordance,1
symbol,1
interests,1
puts,1
signification,1
production,1
competition,1
athens,1
systeemisen,1
odd,1
hellenic,1
temporarily,1
acknowledging,1
ii,1
metaphysical,1
later,1
integrative,1
predictor,1
relatedness,1
know,1
suggested,1
planting,1
necessarily,1
respecting,1
cut,1
archeologia,1
myths,1
renfrew,1
bronzezeitlichen,1
categorical,1
put,1
degree,1
motifs,1
vitonment,1
tremendous,1
retreat,1
many,1
anthropology,1
summits,1
diachronic,1
turn,1
w,1
expressed,1
my,1
worth,1
thus,1
prehistoric,1
minoanmycenaean,1
expanding,1
acceptable,1
lack,1
participants,1
identifying,1
east,1
limit,1
believe,1
referees,1
individuals,1
crops,1
packed,1
unidentified,1
societies,1
appropriate,1
temples,1
similar,1
clarendon,1
orion,1
histories,1
putting,1
together,1
broadly,1
conceptualized,1
lit,1
phase,1
appeared,1
traditionally,1
sociality,1
goddesses,1
abstract,1
peaks,1
current,1
gods,1
model,1
molecules,1
craft,1
body,1
senses,1
really,1
ridicule,1
inherent,1
scenes,1
kungliga,1
linked,1
obviously,1
chosen,1
thanks,1
closer,1
molecular,1
located,1
proposal,1
image,1
agendas,1
personality,1
debates,1
cohesion,1
light,1
arthur,1
scene,1
products,1
bizarre,1
unsubstantiated,1
comparable,1
pattern,1
efficiently,1
help,1
past,1
feature,1
rural,1
passage,1
ruler,1
last,1
conclusions,1
richly,1
experience,1
hand,1
emphasized,1
stand,1
following,1
krzyszkowska,1
primitive,1
physiological,1
deriving,1
brodie,1
differences,1
wedde,1
scholarly,1
powers,1
gorges,1
respiratory,1
metaphors,1
essentially,1
chicago,1
reproduce,1
continuing,1
preference,1
keywords,1
prominent,1
seals,1
ensured,1
unique,1
appears,1
divide,1
macrotermes,1
kato,1
symbols,1
making,1
ontological,1
nowhere,1
plants,1
appreciation,1
appreciate,1
sociology,1
underpinnings,1
record,1
dancing,1
termite,1
representatives,1
attitudes,1
shamanism,1
hypothetical,1
explore,1
verlag,1
explain,1
pohjoinen,1
premise,1
distance,1
captures,1
draws,1
gives,1
acquire,1
relata,1
locations,1
interdependence,1
edn,1
acknowledgements,1
influenced,1
thousands,1
oneself,1
addresses,1
overemphasized,1
representations,1
mechanistic,1
larger,1
classical,1
noticed,1
interpreted,1
another,1
humanenvironment,1
none,1
misconceived,1
rock,1
second,1
artefacts,1
stalagmites,1
network,1
basis,1
possible,1
future,1
marked,1
accounting,1
areas,1
refers,1
data,1
activity,1
vetenskapsamfunded,1
those,1
used,1
psychology,1
discussion,1
sensory,1
fissures,1
intimate,1
use,1
invested,1
hurst,1
dwelling,1
solely,1
made,1
comprise,1
immerwahr,1
discovery,1
explanation,1
level,1
epiphany,1
ammos,1
speculates,1
protopalatial,1
addition,1
concept,1
reconsidering,1
invited,1
mental,1
reassessing,1
anthropological,1
reported,1
little,1
mycenaean,1
categories,1
degrees,1
part,1
corona,1
hundreds,1
unobvious,1
numerous,1
elucidate,1
looking,1
calls,1
courses,1
dynamic,1
hallucinations,1
manifestations,1
related,1
popularity,1
behavioral,1
elite,1
palaikastro,1
meaningful,1
die,1
imbued,1
faience,1
agents,1
out,1
denies,1
probably,1
depict,1
food,1
muhly,1
v,1
encounter,1
contribute,1
shamanic,1
extramural,1
signify,1
focus,1
palaces,1
images,1
francis,1
essays,1
borealis,1
describes,1
myriad,1
causes,1
literally,1
qualitative,1
phenomenon,1
bradley,1
iron,1
ideas,1
comprehensible,1
harvard,1
extraordinarily,1
unwarranted,1
strangeness,1
surrealist,1
perceptual,1
structures,1
karst,1
perishable,1
like,1
zeus,1
reproduction,1
apparently,1
full,1
wine,1
comments,1
inefficient,1
states,1
regional,1
wild,1
intimacy,1
systematic,1
ultimately,1
powerful,1
described,1
survival,1
considering,1
campbell,1
years,1
el,1
pennsylvania,1
discovered,1
illustrates,1
flying,1
objective,1
minds,1
reality,1
animalbuilt,1
heuristic,1
hierarchy,1
assumes,1
express,1
stalactites,1
shorthand,1
points,1
scarce,1
bodily,1
probleme,1
mode,1
essay,1
maintenance,1
completed,1
fragen,1
outlines,1
parallels,1
issn,1
mixed,1
individual,1
adopted,1
haunted,1
known,1
efficient,1
integrated,1
successful,1
land,1
virtue,1
define,1
adams,1
building,1
socially,1
dgdischen,1
so,1
parts,1
suggest,1
manipulates,1
depiction,1
high,1
hagerhall,1
played,1
ihminen,1
archdologischer,1
involving,1
depositing,1
linking,1
box,1
inquiring,1
forced,1
mykenischen,1
contrast,1
malafouris,1
nilsson,1
interacting,1
priority,1
thing,1
mediterranean,1
phenotypes,1
structuralism,1
intramural,1
quite,1
nor,1
forms,1
rich,1
underlined,1
small,1
nowicki,1
oxbow,1
greek,1
flora,1
clearing,1
antti,1
few,1
wider,1
internal,1
textures,1
svenska,1
grow,1
painting,1
generic,1
houses,1
presence,1
oxford,1
strange,1
dramatic,1
correct,1
become,1
relation,1
insularity,1
carole,1
interpretations,1
characterized,1
scholarship,1
hills,1
continuous,1
mainly,1
abounds,1
deposits,1
influences,1
minos,1
mechanical,1
experiential,1
interface,1
cognition,1
partial,1
potnia,1
biological,1
isopata,1
asymmetry,1
including,1
principles,1
manchester,1
entire,1
communication,1
humanistiska,1
school,1
ecologies,1
teemu,1
proper,1
macmillan,1
organs,1
we,1
taylor,1
reflected,1
michaelseni,1
value,1
should,1
ago,1
broader,1
skill,1
artifacts,1
time,1
built,1
representational,1
attention,1
astrdm,1
palaihastro,1
workings,1
close,1
widely,1
major,1
neupalastzeit,1
dictum,1
ihmisen,1
faber,1
gold,1
kalyvia,1
local,1
