WORDCOUNTS,WEIGHT
the,40
in,27
and,27
of,26
to,21
a,16
by,15
j,13
for,12
is,10
publication,10
be,8
no,7
submission,7
ed,7
vol,7
it,5
m,5
from,5
w,5
are,5
g,5
will,4
f,4
not,4
or,4
s,4
roman,4
i,4
r,4
this,4
d,4
archaeology,4
at,3
as,3
l,3
been,3
july,3
american,3
each,3
articles,3
university,3
western,3
published,3
that,3
current,3
p,3
time,3
any,3
new,3
february,3
lebanon,3
editor,3
archaeological,3
october,3
an,3
c,3
annual,3
may,2
if,2
b,2
space,2
edited,2
with,2
h,2
fetter,2
months,2
studies,2
march,2
policy,2
before,2
but,2
subscription,2
n,2
june,2
paul,2
cover,2
available,2
all,2
many,2
intending,2
including,2
book,2
europe,2
kegan,2
survey,2
historical,2
urbanization,2
papers,2
form,2
case,2
issue,2
ltd,2
routledge,2
line,2
planning,2
occasionally,2
related,2
publishers,2
editorial,2
issues,2
london,2
fieldwork,2
such,2
have,2
contributors,2
settlement,2
on,2
back,2
date,2
research,2
can,2
journal,2
world,2
recent,2
should,2
critical,1
now,1
he,1
rate,1
sons,1
page,1
olli,1
matter,1
without,1
paliga,1
george,1
concerned,1
medieval,1
economic,1
obtained,1
service,1
bound,1
museum,1
market,1
acknowledged,1
iol,1
retrieval,1
interdependence,1
announced,1
e,1
detailed,1
still,1
above,1
woods,1
seeden,1
leave,1
executive,1
southern,1
volumes,1
contributions,1
k,1
southeast,1
single,1
analysis,1
ward,1
advised,1
about,1
list,1
bookshopso,1
likely,1
communities,1
uniquely,1
directons,1
mother,1
worldedited,1
permission,1
eighteen,1
send,1
understand,1
drawings,1
arts,1
read,1
ensure,1
east,1
himanshu,1
deccan,1
gualtieri,1
excavation,1
ancient,1
india,1
authorities,1
orders,1
ethnoarchaeological,1
wacher,1
proprietors,1
air,1
sorin,1
thrice,1
result,1
begins,1
first,1
theme,1
worceste,1
t,1
ll,1
volume,1
please,1
submit,1
noveber,1
sciences,1
ii,1
postage,1
might,1
icg,1
rock,1
nunber,1
england,1
greater,1
prehistoric,1
based,1
commission,1
specially,1
tssues,1
eceived,1
plan,1
great,1
john,1
ff,1
seeley,1
far,1
printed,1
end,1
jg,1
michell,1
pictures,1
feature,1
continbtions,1
volo,1
written,1
billings,1
further,1
trouble,1
v,1
present,1
though,1
mail,1
leja,1
reviews,1
carefully,1
reign,1
transmitted,1
accepted,1
establish,1
whether,1
relevant,1
contents,1
terms,1
michael,1
see,1
jabal,1
particular,1
publications,1
strictly,1
ahead,1
submisson,1
core,1
manuscripts,1
fortification,1
nigel,1
project,1
eds,1
haslam,1
books,1
has,1
historians,1
public,1
uncommissioned,1
near,1
number,1
america,1
ther,1
aspects,1
syria,1
interpreting,1
prior,1
maurizio,1
understanding,1
urban,1
unsolicited,1
illustrate,1
work,1
bc,1
fritz,1
publish,1
beirut,1
both,1
some,1
made,1
hindu,1
marked,1
invited,1
offa,1
part,1
x,1
through,1
timothy,1
civilisation,1
example,1
previously,1
sent,1
strongly,1
themeo,1
november,1
yearly,1
easy,1
its,1
subject,1
letter,1
berytus,1
diversity,1
jo,1
faculty,1
our,1
which,1
come,1
chosen,1
false,1
review,1
vijayanagara,1
recording,1
helga,1
fitte,1
lists,1
years,1
lavalands,1
thracian,1
copies,1
write,1
author,1
charge,1
points,1
noo,1
eramic,1
ray,1
deals,1
issn,1
times,1
architectural,1
normally,1
ri,1
successful,1
issued,1
jeremy,1
collaboration,1
jones,1
regular,1
publishes,1
publicaion,1
palaeolithic,1
anyone,1
mediterranean,1
standard,1
cases,1
nmade,1
classification,1
stored,1
especially,1
asterisk,1
article,1
region,1
between,1
six,1
editors,1
exhaustive,1
britain,1
th,1
price,1
dedicated,1
january,1
early,1
rfj,1
up,1
y,1
also,1
fortress,1
italy,1
results,1
save,1
among,1
landmark,1
taylor,1
north,1
notes,1
appropriate,1
busra,1
preliminary,1
fulford,1
