WORDCOUNTS,WEIGHT
the,329
of,228
in,134
and,115
a,92
to,70
as,63
by,42
was,35
on,34
is,33
with,33
have,30
that,28
paraguay,27
reductions,25
from,25
it,23
church,23
been,19
only,19
mission,17
or,16
all,16
had,16
some,16
its,16
were,16
san,15
for,14
other,14
trinidad,14
s,14
work,14
this,14
one,14
be,14
at,13
more,13
j,13
has,13
no,12
their,12
not,12
are,12
what,12
two,12
de,12
an,12
ignacio,11
they,11
than,11
who,10
but,10
houses,10
his,9
stone,9
these,9
i,9
recently,9
while,9
archaeology,9
after,9
remains,9
c,9
even,9
still,8
surviving,8
jesus,8
many,8
missioners,8
time,8
town,8
though,8
three,8
statues,8
spanish,8
restored,8
plate,8
statue,8
guarani,8
done,7
main,7
miguel,7
jesuit,7
museum,7
mcnaspy,7
original,7
far,7
reduction,7
served,7
built,7
metres,7
he,6
jesuits,6
once,6
polychrome,6
we,6
then,6
first,6
together,6
ruins,6
them,6
less,6
nearby,6
almost,6
missionary,6
art,6
del,6
use,6
during,6
thus,6
which,6
since,6
would,6
most,6
several,6
among,6
now,5
restoration,5
later,5
santiago,5
colegio,5
yet,5
any,5
latin,5
before,5
same,5
santa,5
containing,5
antonio,5
john,5
within,5
final,5
perhaps,5
number,5
both,5
given,5
colonial,5
indians,5
risen,5
few,5
state,5
architect,5
mini,5
sculptures,5
where,4
restorations,4
modern,4
under,4
archaeologists,4
long,4
toward,4
based,4
cosme,4
historians,4
blocks,4
could,4
documents,4
last,4
unesco,4
because,4
well,4
used,4
new,4
made,4
became,4
largely,4
known,4
own,4
jose,4
interest,4
published,4
large,4
architectural,4
can,4
enjoyed,4
structure,4
when,4
much,4
may,3
south,3
space,3
today,3
if,3
impressive,3
limited,3
lost,3
seen,3
towns,3
b,3
interesting,3
countries,3
american,3
construction,3
history,3
following,3
already,3
principal,3
being,3
social,3
rather,3
visitor,3
also,3
here,3
paul,3
christ,3
taken,3
important,3
know,3
total,3
europe,3
scholars,3
hugo,3
found,3
great,3
dilapidated,3
become,3
very,3
plan,3
facade,3
term,3
do,3
present,3
robert,3
somewhat,3
province,3
retable,3
thirty,3
dome,3
anthropologists,3
group,3
possible,3
e,3
situated,3
quality,3
popular,3
sculpture,3
completed,3
paracuaria,3
four,3
carved,3
press,3
ignatius,3
churches,3
maria,3
accessible,3
against,3
archaeological,3
professional,3
sao,3
moment,3
so,3
high,3
century,3
epoch,3
quite,3
small,3
thousand,3
especially,3
back,3
study,3
six,3
st,3
entire,3
french,3
recent,3
xavier,3
la,3
major,3
survived,2
european,2
incline,2
misiones,2
university,2
originally,2
ribera,2
likely,2
me,2
continued,2
polished,2
figure,2
meaning,2
pieces,2
basic,2
en,2
kilometers,2
plaza,2
eminent,2
paraguayan,2
grande,2
las,2
per,2
importance,2
patio,2
viewed,2
southern,2
parts,2
volumes,2
religious,2
often,2
fe,2
centuries,2
months,2
modified,2
treaty,2
residence,2
serve,2
nave,2
loyola,2
photographs,2
decade,2
enjoys,2
river,2
gianbattista,2
royal,2
inventory,2
light,2
elsewhere,2
house,2
grimau,2
mentioned,2
experiment,2
probes,2
jesuiticas,2
without,2
founded,2
show,2
milan,2
struck,2
lucio,2
physical,2
lateral,2
volume,2
otherwise,2
expulsion,2
destroyed,2
statuary,2
brazilian,2
accorded,2
m,2
uruguay,2
composer,2
others,2
preserve,2
disappeared,2
worked,2
each,2
cent,2
tourist,2
five,2
arrived,2
controversy,2
guaranis,2
interested,2
chapel,2
attractive,2
did,2
cleaning,2
leading,2
broadly,2
name,2
das,2
doors,2
centers,2
particularly,2
out,2
government,2
brazil,2
room,2
hundred,2
bartomeu,2
there,2
historian,2
vegetation,2
never,2
cultural,2
left,2
according,2
covered,2
secular,2
imposing,2
contemporary,2
making,2
reminds,2
side,2
map,2
showing,2
leal,2
scattered,2
wide,2
dream,2
unaware,2
portico,2
colonists,2
early,2
years,2
another,2
emphasis,2
r,2
line,2
rio,2
paintings,2
creche,2
crowned,2
west,2
point,2
rosa,2
visitors,2
city,2
civil,2
raiders,2
artist,2
role,2
square,2
techniques,2
intended,2
findings,2
lies,2
ten,2
significant,2
place,2
virtually,2
structures,2
neglect,2
roman,2
freedom,2
cathedral,2
named,2
collapse,2
chiefs,2
until,2
project,2
such,2
cabildo,2
faqade,2
discovered,2
astronomer,2
visited,2
nacional,2
america,2
good,2
relatively,2
offer,2
previously,2
like,2
baptism,2
evocative,2
preserved,2
programme,2
area,2
guazui,2
direction,2
attention,2
facing,2
finished,2
between,2
presence,2
young,2
arranged,2
right,2
effect,2
los,2
philip,2
sketches,2
slightly,2
museums,2
little,2
remote,2
galleries,2
save,2
strong,2
comparable,2
corroboration,2
sun,2
ago,2
sole,2
massive,2
block,2
stands,2
perasso,2
altarpiece,1
using,1
estudios,1
try,1
staffed,1
tourists,1
seems,1
suffering,1
charisma,1
accolade,1
recorded,1
moor,1
offices,1
satellites,1
portuguese,1
hero,1
partially,1
builder,1
ana,1
respected,1
quarry,1
dial,1
noteworthy,1
elaborately,1
units,1
verb,1
o,1
investigating,1
fortunate,1
artistico,1
whose,1
personally,1
frequent,1
machado,1
hemming,1
publishing,1
note,1
ruinas,1
investigated,1
prefer,1
territorial,1
contact,1
destruction,1
various,1
architecture,1
removing,1
fraction,1
fairly,1
jestis,1
siam,1
mother,1
primitive,1
stylistic,1
identified,1
abounded,1
economic,1
populous,1
lateran,1
administrator,1
emphasized,1
cleaned,1
threatened,1
short,1
vision,1
indeed,1
cunninghame,1
l,1
located,1
arches,1
neighbourhoods,1
site,1
resisted,1
opinion,1
saved,1
sort,1
housing,1
career,1
holy,1
na,1
casa,1
principally,1
arqueologia,1
resident,1
rush,1
exist,1
playing,1
geometrically,1
tierra,1
thrown,1
primarily,1
empire,1
process,1
meditations,1
red,1
altar,1
happier,1
jesuitas,1
una,1
jesuitica,1
poses,1
active,1
harbour,1
collections,1
translation,1
gesu,1
bandeirantes,1
pointed,1
team,1
southey,1
evokes,1
juan,1
garden,1
estructuras,1
gave,1
hopeful,1
dirt,1
earlier,1
lasted,1
eight,1
life,1
freely,1
thirteen,1
angelo,1
adobe,1
judicis,1
recognize,1
collapsed,1
lucas,1
canada,1
christian,1
seemingly,1
residences,1
replaced,1
linking,1
judged,1
pointing,1
inhabited,1
presbitery,1
harpsichordists,1
bulge,1
drastically,1
es,1
preservation,1
literacy,1
elaborate,1
phrase,1
enabled,1
offering,1
percentage,1
existed,1
itapua,1
belfry,1
clarification,1
czz,1
conservagao,1
surprising,1
second,1
frontier,1
institutum,1
authority,1
military,1
gospel,1
somehow,1
widows,1
ways,1
selling,1
infelicitous,1
merrily,1
exceptional,1
historicum,1
references,1
itself,1
opportunities,1
understand,1
giuseppe,1
empires,1
easily,1
our,1
unusual,1
interpretacion,1
alone,1
thought,1
favor,1
rain,1
better,1
eminence,1
buried,1
seeing,1
former,1
evaluation,1
child,1
vaulted,1
reconstruct,1
possibly,1
official,1
length,1
signed,1
yapeyu,1
old,1
established,1
ancient,1
into,1
minio,1
border,1
heat,1
wars,1
reducciones,1
arte,1
benefactions,1
grounds,1
inscribed,1
lima,1
fifteen,1
presumably,1
aerial,1
nightly,1
just,1
traveller,1
inconceivably,1
evolucion,1
days,1
weather,1
nineteenth,1
something,1
mysterious,1
summarily,1
gradually,1
treated,1
goes,1
indicating,1
floor,1
northeastern,1
rimini,1
si,1
pioneers,1
sitio,1
threat,1
careful,1
grand,1
salvage,1
age,1
impracticable,1
plunder,1
respective,1
negative,1
masonry,1
experience,1
adjoining,1
virgin,1
include,1
volunteers,1
put,1
ever,1
withdrew,1
havens,1
said,1
fact,1
cosne,1
incorporates,1
continues,1
demarcation,1
indian,1
elicited,1
verbal,1
saint,1
juniorado,1
stones,1
badly,1
concerning,1
sketch,1
dr,1
rkp,1
community,1
angel,1
astronomical,1
ceramic,1
comprising,1
hence,1
eclipses,1
immense,1
shepherds,1
colleagues,1
painted,1
provincia,1
jackson,1
symbol,1
themarvel,1
successfully,1
gabriel,1
musicologist,1
sewerage,1
begin,1
offers,1
mateo,1
catdlogo,1
wider,1
flanked,1
laboriously,1
set,1
draped,1
moved,1
provisional,1
boa,1
quickly,1
suggested,1
diego,1
decades,1
admiration,1
finest,1
make,1
view,1
over,1
appear,1
conceived,1
script,1
stripes,1
thrust,1
printing,1
juridically,1
principle,1
orpus,1
incomplete,1
gutierrez,1
fragmentary,1
mudejar,1
demersay,1
investigations,1
tito,1
water,1
jewel,1
remaining,1
conducted,1
dissertations,1
skills,1
closely,1
vandalism,1
my,1
storerooms,1
worth,1
apostolic,1
evidence,1
longer,1
lead,1
whom,1
brother,1
raid,1
luis,1
incessant,1
inscriptions,1
choirs,1
capital,1
best,1
areas,1
pressure,1
caciques,1
moon,1
brick,1
aires,1
centered,1
broken,1
studied,1
largest,1
called,1
appeared,1
typical,1
abstract,1
access,1
differences,1
attempting,1
viceroys,1
location,1
focussed,1
suggesting,1
portals,1
documentation,1
seven,1
changed,1
able,1
estudo,1
baptising,1
clearly,1
shared,1
chosen,1
thanks,1
how,1
inventorio,1
exuberant,1
asserting,1
attractions,1
domenico,1
centrally,1
uncovered,1
pioneer,1
remain,1
latest,1
ornaments,1
build,1
tenuere,1
historical,1
examining,1
graham,1
utopian,1
considerable,1
narrated,1
dramas,1
past,1
favorite,1
pekin,1
agree,1
serious,1
colegios,1
reasons,1
works,1
assessment,1
tordesillas,1
meantime,1
glory,1
turned,1
readers,1
catalogue,1
flavour,1
critics,1
resembled,1
hand,1
fait,1
studies,1
buenos,1
achievement,1
concepts,1
equally,1
situ,1
franciscan,1
parana,1
helping,1
remarkable,1
altars,1
political,1
cruz,1
scholarly,1
defending,1
nicolas,1
shown,1
committed,1
nordeste,1
displayed,1
road,1
german,1
notable,1
canonized,1
deteriorated,1
fuego,1
bore,1
accepted,1
igreja,1
appears,1
arcaded,1
karl,1
busaniche,1
produced,1
sul,1
form,1
posts,1
see,1
system,1
british,1
assured,1
defense,1
bolt,1
designs,1
modest,1
stirred,1
sidgwick,1
publications,1
remained,1
vivid,1
advantage,1
placed,1
colony,1
tuscan,1
deep,1
existence,1
pulpit,1
baroque,1
year,1
alfred,1
universidad,1
spiritual,1
strumming,1
kilometres,1
ruin,1
belief,1
compare,1
eastern,1
utopians,1
books,1
throws,1
happily,1
patrimonio,1
medallion,1
ingeniously,1
revived,1
transliteration,1
those,1
establilizaqao,1
streets,1
featureless,1
convoy,1
wood,1
building,1
literally,1
er,1
prestige,1
saying,1
handsome,1
day,1
studying,1
orientals,1
thick,1
frequently,1
failure,1
outstanding,1
shape,1
rooms,1
portal,1
gained,1
resistencia,1
pedro,1
authorized,1
darvin,1
wheel,1
learn,1
circumstance,1
origen,1
correctly,1
data,1
activity,1
urbanistica,1
illustrate,1
semitropical,1
chilean,1
tiles,1
slight,1
fritz,1
drive,1
para,1
survive,1
personal,1
obviously,1
instruments,1
romantically,1
renowned,1
charmingly,1
expelled,1
discovery,1
splendid,1
mecca,1
width,1
accompanying,1
carries,1
writers,1
son,1
must,1
lamenting,1
probing,1
andrea,1
slaves,1
claim,1
clear,1
wing,1
entrance,1
eloquently,1
cemetery,1
altered,1
bernardo,1
calculate,1
reported,1
alerted,1
part,1
redundant,1
london,1
eighty,1
ignaz,1
july,1
enormous,1
organists,1
shipload,1
sixth,1
fernandez,1
joining,1
knowledge,1
collaborated,1
case,1
calls,1
crypts,1
asuncion,1
compatiia,1
easy,1
supreme,1
totally,1
focal,1
financed,1
simply,1
casual,1
surprise,1
everywhere,1
prototype,1
whole,1
measure,1
amartires,1
revista,1
dwellings,1
characteristically,1
target,1
exploitation,1
possessions,1
consistently,1
geographic,1
unique,1
catacomb,1
outnumbered,1
francis,1
solitary,1
began,1
assume,1
rescue,1
corresponding,1
nuevo,1
colonials,1
people,1
tons,1
useful,1
harvard,1
formerly,1
linked,1
bandeirante,1
questions,1
inventario,1
coming,1
detect,1
details,1
dedicated,1
engineers,1
iei,1
buenaventura,1
cities,1
places,1
retaining,1
continue,1
music,1
iberian,1
palacios,1
sculptural,1
incorrect,1
national,1
saw,1
full,1
mayerhofer,1
chipped,1
missoes,1
previous,1
editores,1
question,1
purchased,1
surely,1
students,1
cone,1
layers,1
endorsed,1
utopia,1
decree,1
shelter,1
metal,1
madrid,1
described,1
accuracy,1
survival,1
attraction,1
theme,1
touch,1
themes,1
hernan,1
representative,1
reddish,1
low,1
league,1
shrine,1
orphans,1
explorations,1
average,1
initiated,1
historic,1
argentina,1
bienes,1
manual,1
observatory,1
does,1
exerted,1
renovated,1
suairez,1
circulation,1
rapidly,1
apostoles,1
mayor,1
charming,1
depicting,1
intact,1
isles,1
reproduced,1
muebles,1
gestures,1
individual,1
least,1
americas,1
lively,1
enjoying,1
newly,1
borja,1
envy,1
correct,1
towers,1
carlos,1
dedication,1
uplifted,1
missioner,1
participating,1
grouped,1
range,1
friezes,1
period,1
need,1
constructed,1
paradigmatic,1
reckoned,1
humanity,1
suggest,1
panel,1
tribal,1
features,1
appended,1
february,1
protest,1
nine,1
regular,1
serves,1
ethiopian,1
learning,1
copies,1
espacio,1
funds,1
shortly,1
probable,1
vistas,1
conversation,1
excavated,1
tangible,1
joined,1
died,1
measured,1
officials,1
elements,1
nor,1
possess,1
paradise,1
definitive,1
late,1
instruction,1
family,1
spent,1
sophisticated,1
sides,1
speculate,1
times,1
internationally,1
autonomy,1
nullified,1
rubble,1
averaging,1
special,1
architectonic,1
charles,1
nifio,1
examined,1
causing,1
article,1
highly,1
instructions,1
eyes,1
painting,1
serving,1
methods,1
loreto,1
slave,1
addition,1
sense,1
nativity,1
further,1
observe,1
defeating,1
hastily,1
fire,1
successors,1
sight,1
decline,1
candelara,1
matteo,1
argentine,1
storni,1
supply,1
treasure,1
pieced,1
tastes,1
deliberate,1
buttressing,1
widely,1
da,1
classrooms,1
beginning,1
fully,1
create,1
specialized,1
fernando,1
creation,1
y,1
adapted,1
exclusively,1
progress,1
working,1
archaeologist,1
os,1
crumbling,1
purpose,1
skilfully,1
baptistry,1
traditional,1
attracted,1
acts,1
lorenz,1
world,1
minuscule,1
accompli,1
impressed,1
occupied,1
recapitulates,1
explains,1
traditions,1
deriving,1
haste,1
ashlar,1
governor,1
founder,1
general,1
born,1
provided,1
hardly,1
commanding,1
montevideo,1
centre,1
function,1
sculptured,1
influence,1
represent,1
tower,1
rest,1
dispossessed,1
geographical,1
overgrowth,1
un,1
series,1
chaplain,1
costly,1
ied,1
confrere,1
gold,1
angels,1
neolithic,1
centerpiece,1
