WORDCOUNTS,WEIGHT
the,374
of,283
and,215
in,146
a,108
to,102
that,65
rock,60
art,57
their,47
as,46
were,45
is,43
with,38
social,38
bushman,38
by,37
they,35
southern,35
this,32
for,31
it,30
not,30
shamans,28
are,28
from,26
paintings,26
these,25
was,24
or,24
on,24
african,23
at,22
bushmen,22
some,20
be,20
images,20
other,19
more,18
d,17
south,16
communities,16
africa,16
dowson,16
which,16
power,15
j,15
there,15
but,14
groups,14
change,14
historical,13
people,13
have,13
history,12
beliefs,12
trance,12
evidence,12
an,12
no,11
figure,11
did,11
processes,11
relations,11
can,11
world,11
san,10
painted,10
also,10
different,10
kalahari,10
i,10
political,10
them,10
has,10
its,10
least,10
figures,10
than,10
been,9
one,9
two,9
farmers,9
changing,9
part,9
resources,9
t,9
painting,9
f,8
spirit,8
potency,8
production,8
shaman,8
m,8
implicated,8
archaeological,8
so,8
parts,8
thomas,8
between,8
his,7
e,7
who,7
certain,7
group,7
university,7
here,7
control,7
all,7
out,7
point,7
being,7
such,7
g,7
kind,7
probably,7
shamanic,7
therefore,6
supernatural,6
often,6
agropastoralist,6
communal,6
many,6
new,6
ethnography,6
depictions,6
categories,6
made,6
press,6
ritual,6
colonial,6
three,6
suggest,6
we,6
roles,6
society,6
about,5
ways,5
orange,5
associated,5
most,5
only,5
beyond,5
had,5
shamanistic,5
could,5
depict,5
p,5
any,5
those,5
record,5
prestige,5
well,5
r,5
shared,5
both,5
through,5
became,5
agropastoralists,5
records,5
writing,5
central,5
own,5
chiefs,5
features,5
specific,5
research,5
themselves,5
cattle,5
struggle,4
complex,4
how,4
detailed,4
b,4
life,4
live,4
residence,4
rain,4
into,4
frequently,4
show,4
first,4
left,4
others,4
individuals,4
may,4
though,4
reading,4
within,4
women,4
symbols,4
form,4
see,4
forth,4
time,4
number,4
w,4
figs,4
none,4
development,4
circumstances,4
during,4
families,4
maintained,4
rituals,4
farm,4
interest,4
spirits,4
nor,4
small,4
trajectory,4
although,4
suggested,4
presence,4
when,4
word,4
seems,3
depicted,3
led,3
what,3
manipulated,3
situation,3
implications,3
practices,3
subcontinent,3
sometimes,3
across,3
site,3
lines,3
bags,3
responded,3
still,3
began,3
strands,3
religious,3
journal,3
white,3
animals,3
dead,3
each,3
means,3
face,3
monthly,3
pp,3
rules,3
thought,3
restricted,3
included,3
ghanzi,3
just,3
nineteenth,3
shelters,3
colonists,3
must,3
simply,3
either,3
territories,3
decades,3
over,3
l,3
witwatersrand,3
paper,3
crops,3
shows,3
comparatively,3
whom,3
nasal,3
best,3
histories,3
together,3
found,3
cape,3
far,3
pictures,3
past,3
merely,3
state,3
do,3
same,3
current,3
vinnicombe,3
racial,3
context,3
practice,3
perhaps,3
free,3
right,3
artefacts,3
understanding,3
bantu,3
situated,3
views,3
presented,3
values,3
numerous,3
possession,3
positions,3
techniques,3
imbued,3
went,3
place,3
seated,3
thus,3
described,3
neighbours,3
status,3
meanings,3
natal,3
elaborately,3
herds,3
times,3
land,3
like,3
would,3
century,3
area,3
came,3
few,3
uniformly,3
fig,3
c,3
even,3
interaction,3
among,3
should,3
customs,3
increasing,2
problem,2
enough,2
dialectic,2
pictorial,2
members,2
recognized,2
reduced,2
negotiation,2
limits,2
way,2
continued,2
rather,2
science,2
economic,2
performance,2
indicative,2
imagery,2
developed,2
bridewealth,2
dressed,2
order,2
active,2
postures,2
community,2
seen,2
large,2
mythology,2
payment,2
special,2
kinds,2
formed,2
forager,2
springs,2
drakensberg,2
h,2
o,2
creatures,2
centuries,2
bleek,2
happened,2
east,2
considered,2
sterkstroom,2
objects,2
position,2
established,2
academic,2
earned,2
inequality,2
then,2
barkly,2
n,2
impact,2
ethnographic,2
too,2
contact,2
english,2
age,2
various,2
experience,2
band,2
increasingly,2
without,2
sequence,2
fabric,2
imparted,2
known,2
implied,2
prins,2
long,2
lead,2
command,2
set,2
ethnic,2
david,2
taken,2
important,2
clawed,2
view,2
voss,2
consortia,2
marshall,2
artists,2
mfecane,2
longer,2
s,2
argue,2
essence,2
make,2
factuality,2
lived,2
stereotype,2
district,2
thinking,2
while,2
doubt,2
take,2
book,2
struggles,2
base,2
anne,2
living,2
places,2
took,2
paint,2
camp,2
believed,2
animal,2
somewhat,2
unit,2
depicts,2
less,2
historically,2
making,2
dance,2
spiritual,2
eastern,2
design,2
negotiated,2
amongst,2
migrations,2
produce,2
image,2
sorcerers,2
contexts,2
facial,2
chiefly,2
concept,2
maluti,2
conceptual,2
maclear,2
role,2
ethnographies,2
red,2
intended,2
early,2
significant,2
eroded,2
whole,2
sectional,2
used,2
assume,2
using,2
human,2
personal,2
question,2
until,2
distinctive,2
stanford,2
neighbouring,2
indeed,2
foragers,2
healing,2
decorated,2
stow,2
khoisan,2
individual,2
neither,2
needed,2
sense,2
need,2
botswana,2
him,2
responses,2
involve,2
you,2
stages,2
archaeology,2
defined,2
last,2
measure,2
clapping,2
elements,2
perspective,2
needs,2
especially,2
prominent,2
rifles,2
manipulating,2
stone,2
negotiate,2
potent,2
adjacent,2
find,2
concepts,2
up,2
exclusively,2
given,2
present,2
descendants,2
traditional,2
notes,2
diminished,2
provided,2
close,2
ochre,2
final,1
countryside,1
becoming,1
hammering,1
frontier,1
rope,1
things,1
entities,1
portion,1
go,1
late,1
perceived,1
der,1
tasks,1
statuses,1
underlies,1
respected,1
feline,1
helmut,1
accompanied,1
briefly,1
republic,1
diviners,1
seriously,1
shoot,1
whose,1
along,1
nomansland,1
equality,1
played,1
territorial,1
element,1
van,1
economy,1
common,1
cables,1
independent,1
movements,1
concerned,1
scientific,1
will,1
sociology,1
identified,1
principally,1
variously,1
stressful,1
alma,1
ideology,1
outlined,1
service,1
result,1
comparative,1
resisted,1
feared,1
horses,1
forced,1
limited,1
begin,1
therianthropic,1
influential,1
everyone,1
tried,1
conflation,1
remarks,1
scarce,1
rainmaking,1
interacted,1
fingers,1
resulted,1
unchanging,1
reference,1
ordinary,1
filled,1
dots,1
mhac,1
process,1
resisting,1
independence,1
referred,1
haemorrhage,1
success,1
approaches,1
accepted,1
occupancy,1
outline,1
above,1
mountains,1
astronomical,1
her,1
researchers,1
constitution,1
force,1
pinned,1
survival,1
manuscript,1
lesotho,1
grotesque,1
thong,1
earlier,1
if,1
linguistic,1
transformation,1
comment,1
motive,1
heal,1
reflection,1
settlements,1
rites,1
artist,1
bows,1
cracking,1
perpetuate,1
traded,1
selection,1
swan,1
elaborate,1
stability,1
responsible,1
effective,1
use,1
pastoralists,1
vicinity,1
illustrations,1
hi,1
blood,1
food,1
fall,1
feel,1
ining,1
second,1
factors,1
supposed,1
formerly,1
enforced,1
uniformally,1
hook,1
emerging,1
leart,1
references,1
itself,1
nama,1
changes,1
perceptions,1
viewers,1
romantic,1
modern,1
bushwomen,1
differences,1
soon,1
old,1
wagons,1
ensure,1
evidential,1
under,1
fifth,1
pejorative,1
consider,1
alone,1
key,1
viewership,1
enigma,1
revitalization,1
annihilated,1
acquired,1
necessarily,1
intensive,1
laid,1
home,1
forthcoming,1
individually,1
commented,1
linked,1
dress,1
light,1
marks,1
note,1
culture,1
material,1
exceptions,1
harness,1
opens,1
something,1
castle,1
methuen,1
maggs,1
variety,1
particular,1
source,1
performers,1
complexity,1
mentioned,1
johannesburg,1
designates,1
threat,1
nineteenthcentury,1
shrinking,1
peoples,1
industrial,1
chronology,1
resented,1
biesele,1
noted,1
typed,1
deprecate,1
member,1
wears,1
voluminous,1
dances,1
surface,1
wendorf,1
else,1
wagoners,1
grimly,1
grazing,1
hover,1
undermine,1
rival,1
useful,1
lee,1
volume,1
sources,1
sven,1
exist,1
perform,1
laurens,1
requires,1
certainly,1
colleagues,1
western,1
text,1
meat,1
exploitation,1
statements,1
alternative,1
arguable,1
exclusive,1
suit,1
maseru,1
structures,1
essays,1
helped,1
haaland,1
geoff,1
likens,1
lessening,1
know,1
dobe,1
possessed,1
admiration,1
dimension,1
ran,1
interpretation,1
differently,1
natural,1
darkness,1
myths,1
mutually,1
removed,1
actual,1
permanently,1
artistic,1
emerged,1
sapience,1
added,1
discerned,1
languages,1
facing,1
ethological,1
expressed,1
senses,1
moving,1
closely,1
communality,1
cosmos,1
engaged,1
fact,1
expanding,1
resemblance,1
possibilities,1
native,1
concentration,1
available,1
systems,1
domination,1
department,1
abilities,1
areas,1
leaders,1
down,1
colour,1
striking,1
malign,1
medicine,1
entered,1
half,1
search,1
meteors,1
abstract,1
enigmatic,1
fortunes,1
critique,1
against,1
touchstone,1
mazel,1
foundation,1
narrative,1
milk,1
governed,1
borne,1
stretching,1
drawn,1
ocean,1
farther,1
farming,1
pass,1
full,1
events,1
relate,1
ambivalence,1
believing,1
benefit,1
bound,1
agropatoristo,1
clearly,1
ironic,1
emerge,1
domesticated,1
tracts,1
expansion,1
nharo,1
fire,1
barnard,1
conclusion,1
dates,1
worn,1
another,1
syntax,1
documents,1
museums,1
advances,1
acquiring,1
firm,1
men,1
person,1
entoptic,1
dependence,1
controlled,1
lions,1
greatly,1
swiftly,1
beginning,1
cal,1
raised,1
employment,1
principal,1
pointing,1
understood,1
according,1
barth,1
third,1
posited,1
engraved,1
innovative,1
because,1
metaphors,1
creature,1
unanimity,1
reproduce,1
tradition,1
continuing,1
developing,1
dating,1
rejected,1
memorial,1
based,1
ensured,1
philip,1
seventeenth,1
appears,1
whether,1
relevant,1
sticks,1
constraining,1
shown,1
reputations,1
degree,1
choice,1
shelter,1
varying,1
side,1
scale,1
cover,1
necessary,1
fish,1
explanation,1
dancing,1
brief,1
shamanism,1
ithyphallic,1
reconstruction,1
villages,1
inevitably,1
map,1
frightening,1
real,1
refuge,1
plain,1
fewer,1
verlag,1
linear,1
polysemy,1
required,1
transactions,1
ceased,1
enjoyed,1
drafts,1
referable,1
distribution,1
scattered,1
routledge,1
cambridge,1
appropriated,1
sonnenschein,1
structure,1
nose,1
sought,1
explicitly,1
u,1
bucke,1
argued,1
capture,1
incorporate,1
hunters,1
draw,1
killed,1
identifiable,1
west,1
secure,1
gestures,1
larger,1
societies,1
deal,1
interpreted,1
vol,1
confronted,1
directly,1
influenced,1
having,1
almost,1
orthodox,1
learn,1
emphasis,1
possible,1
genre,1
degrees,1
publishers,1
diverse,1
open,1
extended,1
ideal,1
activate,1
cap,1
discarded,1
coherent,1
intense,1
lost,1
extent,1
capitalism,1
renowned,1
comprise,1
righting,1
code,1
giddens,1
writers,1
bear,1
caused,1
distinguish,1
careful,1
khoi,1
recognition,1
hippopotamuses,1
apart,1
region,1
significantly,1
brought,1
likely,1
attached,1
mater,1
occupants,1
phd,1
purpose,1
enhanced,1
incontrovertible,1
owe,1
elucidate,1
conception,1
strictly,1
beer,1
related,1
enter,1
confirms,1
undoubtedly,1
individuality,1
head,1
nguni,1
occur,1
agent,1
song,1
voorvelt,1
philosophy,1
makers,1
grateful,1
controlling,1
forged,1
egalitarian,1
territory,1
clicks,1
prevented,1
engage,1
twentieth,1
gave,1
kindly,1
q,1
contribute,1
universe,1
holliday,1
obtain,1
discussions,1
focus,1
permanent,1
acknowledgements,1
afrikaans,1
privileges,1
bast,1
localized,1
segregational,1
funded,1
consortium,1
unequivocally,1
reservoirs,1
learned,1
sword,1
survey,1
ties,1
coming,1
think,1
transkei,1
conflict,1
painters,1
acknowledged,1
associations,1
ineluctably,1
wherpe,1
debt,1
hallucinatory,1
banded,1
childlike,1
throughout,1
royal,1
melrosle,1
scrap,1
reflect,1
sanctioned,1
crucible,1
reinforcing,1
ouzman,1
institution,1
anything,1
mission,1
understandings,1
cast,1
statute,1
symbolic,1
ultimately,1
powerful,1
buske,1
showing,1
missions,1
negotiating,1
years,1
recent,1
invisibility,1
knew,1
infibulation,1
visions,1
significance,1
help,1
my,1
comes,1
surrounded,1
polity,1
scrutiny,1
pictured,1
camps,1
realized,1
discussed,1
wylie,1
liaisons,1
silent,1
traders,1
near,1
invaders,1
underwritten,1
points,1
accept,1
subtle,1
dominated,1
depicting,1
mode,1
precipitation,1
outlines,1
good,1
directionality,1
regarded,1
reproduced,1
leave,1
held,1
general,1
brush,1
divisions,1
integrated,1
studies,1
consolidated,1
field,1
period,1
rewarded,1
questionable,1
association,1
revolution,1
objectivism,1
resistance,1
affirmation,1
distinction,1
trading,1
centrality,1
paths,1
derive,1
contrast,1
anyone,1
after,1
turn,1
amorphous,1
black,1
marriage,1
cases,1
testament,1
fredrik,1
items,1
around,1
inextricably,1
foraging,1
aspects,1
embedded,1
opposition,1
keep,1
supernaturally,1
patterns,1
claws,1
am,1
depend,1
supported,1
coercive,1
issuing,1
accurately,1
highly,1
migrating,1
incapable,1
versus,1
drought,1
response,1
leather,1
nineteenthand,1
assumed,1
goodwin,1
posture,1
denise,1
represent,1
glimpse,1
races,1
km,1
thereby,1
successful,1
mountais,1
distinguished,1
superimpositions,1
honour,1
diminishing,1
vexed,1
irreversible,1
acquire,1
johnson,1
descendant,1
chicago,1
seeds,1
loubser,1
impotence,1
sharing,1
name,1
dark,1
visible,1
seeking,1
reproduction,1
consumption,1
cosmology,1
implication,1
persuaded,1
designed,1
communication,1
ta,1
abandoned,1
states,1
ost,1
much,1
conventions,1
intertwining,1
ecology,1
deceptive,1
disruptions,1
keenan,1
lewiswilliams,1
observed,1
charms,1
leadership,1
example,1
statement,1
broader,1
facilitates,1
centimetres,1
rehabilitated,1
generation,1
particularly,1
centre,1
nuanced,1
function,1
preferred,1
influence,1
valuable,1
thackeray,1
conceptually,1
widely,1
subordinate,1
major,1
species,1
attended,1
examines,1
work,1
tufted,1
product,1
separate,1
dancer,1
links,1
