WORDCOUNTS,WEIGHT
of,75
and,73
the,63
archaeology,42
in,39
to,21
for,17
uk,14
a,12
by,12
are,11
university,10
publication,10
any,9
francis,9
early,9
vol,8
be,8
taylor,8
from,7
no,7
that,7
which,7
this,7
on,7
research,7
world,7
ed,6
department,6
archaeological,6
human,6
as,6
london,6
how,5
southeast,5
all,5
asia,5
other,5
i,5
past,5
reading,5
papers,5
routledge,5
peter,5
social,5
copyright,5
at,4
square,4
college,4
submission,4
objects,4
or,4
po,4
societies,4
new,4
resources,4
were,4
southampton,4
box,4
south,3
rights,3
it,3
rate,3
impacts,3
humanities,3
environments,3
their,3
oxford,3
technology,3
ancient,3
contributions,3
these,3
please,3
behaviour,3
s,3
international,3
v,3
environmental,3
issue,3
material,3
has,3
institute,3
ecology,3
some,3
opy,3
private,3
art,3
work,3
october,3
invited,3
use,3
issues,3
field,3
times,3
d,3
june,3
study,3
evolutionary,3
explore,3
should,3
gordon,3
may,2
will,2
not,2
online,2
authorization,2
perspectives,2
contact,2
l,2
limited,2
landscape,2
islands,2
subsistence,2
monuments,2
requests,2
they,2
thailand,2
one,2
studies,2
k,2
colonization,2
whiteknights,2
ma,2
is,2
with,2
miscellany,2
months,2
approaches,2
addressed,2
organization,2
environment,2
elisabeth,2
before,2
culture,2
practice,2
n,2
but,2
subscription,2
age,2
two,2
regional,2
bacus,2
published,2
beneficial,2
writing,2
more,2
sciences,2
ii,2
natural,2
slavery,2
nature,2
principles,2
liverpool,2
classical,2
february,2
political,2
durham,2
road,2
banda,2
population,2
see,2
particular,2
theory,2
sought,2
agriculture,2
aspects,2
design,2
local,2
basis,2
island,2
both,2
slaves,2
journal,2
its,2
techniques,2
food,2
citation,2
aesthetics,2
records,2
reproduction,2
advertising,2
personal,2
involves,2
water,2
such,2
trade,2
development,2
charge,2
change,2
caused,2
usa,2
evidence,2
palaeolithic,2
thomas,2
david,2
systems,2
body,2
oxon,2
can,2
preand,2
also,2
north,2
traditions,2
major,2
fo,1
european,1
factors,1
things,1
caves,1
does,1
transhumance,1
sensory,1
interesting,1
christian,1
abstracting,1
tad,1
islamic,1
customer,1
doubts,1
annum,1
page,1
m,1
note,1
africa,1
behavioural,1
architecture,1
rankine,1
science,1
bakken,1
sometimes,1
kenneth,1
generated,1
been,1
pilgrimage,1
licensing,1
arising,1
glasgow,1
through,1
tropics,1
f,1
obtained,1
service,1
broadest,1
bound,1
chestnut,1
premodern,1
hoarding,1
extend,1
appreciation,1
kind,1
coastal,1
notion,1
remote,1
referred,1
tropical,1
who,1
ea,1
conceptions,1
directions,1
still,1
above,1
federation,1
currency,1
millennia,1
arboriculture,1
per,1
church,1
viewed,1
costs,1
basingstoke,1
southern,1
parts,1
ceramics,1
religious,1
denied,1
selection,1
often,1
agency,1
pp,1
mobility,1
britain,1
stones,1
analysis,1
evolution,1
about,1
bagyo,1
forager,1
edited,1
prince,1
ways,1
museum,1
centuries,1
permission,1
eighteen,1
arid,1
typeset,1
empires,1
changes,1
arts,1
results,1
largely,1
monumental,1
unacceptable,1
considerations,1
considered,1
bain,1
chronology,1
stephen,1
western,1
colonialism,1
was,1
perceived,1
excavation,1
dg,1
benefits,1
history,1
marshall,1
specialization,1
processing,1
chris,1
orders,1
quarries,1
believed,1
suite,1
nineteenth,1
numbers,1
hampshire,1
indian,1
without,1
industrial,1
biography,1
climatic,1
ethnoarchaeology,1
most,1
demonstrate,1
linguistics,1
moments,1
said,1
resource,1
domett,1
symbolic,1
theme,1
upland,1
precise,1
explaining,1
thousand,1
notions,1
indonesia,1
quantitative,1
titles,1
rice,1
members,1
walled,1
fire,1
nera,1
production,1
fifteenth,1
aspect,1
exclusive,1
belief,1
business,1
cover,1
weaponry,1
links,1
geography,1
might,1
address,1
management,1
musical,1
over,1
humans,1
put,1
rue,1
into,1
rock,1
many,1
royal,1
analytical,1
riverine,1
definition,1
different,1
prehistoric,1
ceramic,1
whom,1
prasetyo,1
innovations,1
available,1
deterioration,1
did,1
could,1
buddhist,1
disastrous,1
together,1
pastoralism,1
printed,1
gosden,1
great,1
current,1
gibbins,1
p,1
compounds,1
hoards,1
relating,1
origin,1
arctic,1
time,1
grave,1
humid,1
aesthetic,1
john,1
nelsen,1
plan,1
court,1
written,1
religion,1
while,1
variation,1
dowson,1
cities,1
iron,1
considerable,1
man,1
lifecycles,1
shennan,1
vo,1
type,1
watercraft,1
last,1
late,1
places,1
organisations,1
shoocongdej,1
date,1
biogeography,1
sacred,1
communication,1
present,1
reserved,1
occupation,1
robert,1
though,1
cultural,1
pitt,1
lived,1
farmers,1
reproduce,1
dhi,1
march,1
burial,1
center,1
contents,1
latinis,1
form,1
less,1
system,1
british,1
problematical,1
case,1
cg,1
seasonal,1
map,1
geo,1
ltd,1
your,1
controversy,1
ethnography,1
senses,1
public,1
near,1
free,1
iv,1
america,1
demography,1
colonists,1
studying,1
addresses,1
well,1
years,1
directly,1
prior,1
future,1
technologies,1
urban,1
used,1
photocopy,1
remittances,1
soils,1
subscriptions,1
drive,1
planning,1
abstracts,1
bodies,1
bibliography,1
acuk,1
richard,1
chronologies,1
helps,1
dutch,1
tottenham,1
transport,1
formal,1
nomads,1
bell,1
affecting,1
part,1
including,1
purpose,1
banbury,1
yvonne,1
heterogenetic,1
instruments,1
end,1
bulbeck,1
apply,1
role,1
nutrition,1
african,1
economies,1
assumptions,1
warfare,1
database,1
assumption,1
focus,1
rivers,1
harmony,1
evaluating,1
diversity,1
bradley,1
congress,1
evidenced,1
miksic,1
yorkshire,1
survey,1
questions,1
lape,1
beads,1
central,1
intimate,1
engaged,1
eligible,1
services,1
individuals,1
states,1
than,1
carnelian,1
theories,1
dating,1
queer,1
enslavers,1
models,1
practices,1
showing,1
gilchrist,1
dynamics,1
editor,1
challenging,1
three,1
bailey,1
agate,1
clearance,1
have,1
rasmi,1
approach,1
made,1
institutional,1
chemical,1
de,1
language,1
assemblages,1
health,1
bodily,1
ut,1
issn,1
contributors,1
relations,1
include,1
architectural,1
land,1
pm,1
application,1
indexing,1
even,1
suggest,1
sample,1
high,1
mines,1
effects,1
submissions,1
roberta,1
discounted,1
diaspora,1
enquiries,1
remains,1
innovation,1
reuse,1
forms,1
attention,1
kyle,1
several,1
mitchell,1
valued,1
concerning,1
back,1
qualities,1
between,1
methods,1
assumed,1
slave,1
reductionism,1
six,1
craft,1
notorious,1
massachusetts,1
biomolecular,1
decline,1
urbanization,1
yielded,1
burma,1
create,1
abercromby,1
storage,1
up,1
probably,1
st,1
prevost,1
pays,1
those,1
dental,1
look,1
looked,1
resistance,1
pa,1
rosewood,1
details,1
correspondence,1
technological,1
institution,1
inquiries,1
recent,1
notes,1
beauty,1
stone,1
an,1
arises,1
fee,1
sole,1
rates,1
nonindustrial,1
activities,1
grahame,1
grants,1
archaeometallurgy,1
