WORDCOUNTS,WEIGHT
the,1549
of,1042
in,674
and,626
to,447
a,409
is,409
are,249
for,229
that,191
pottery,184
with,150
by,149
on,142
be,133
as,131
which,129
pots,116
this,111
wheel,98
it,94
not,88
from,87
potters,85
or,82
was,74
have,73
some,72
but,67
traditional,64
an,61
there,60
at,59
new,56
made,55
their,54
they,52
other,49
pot,48
than,47
one,46
techniques,46
were,45
used,45
potting,45
such,44
use,44
has,43
been,43
production,41
clay,40
may,40
demand,40
innovation,39
potter,39
would,37
methods,37
many,36
important,35
its,35
these,35
more,34
his,33
ceramic,33
no,32
stability,32
manufacture,32
certain,31
about,31
economic,30
also,30
where,30
hand,29
can,29
only,28
large,27
different,27
type,27
form,27
market,26
factors,26
who,26
types,26
her,26
ware,25
most,25
had,25
simple,25
then,25
group,24
technical,24
two,24
throwing,24
foster,24
each,24
making,24
vessels,24
still,23
he,22
up,22
local,22
so,22
she,22
great,21
cases,21
into,20
all,20
keith,20
parts,20
over,20
work,19
nicklin,19
transport,19
among,19
village,18
rather,18
out,18
technique,18
time,18
forms,18
range,18
groups,17
very,17
since,17
special,17
appear,17
small,17
will,17
make,17
indian,17
women,16
being,16
process,16
people,16
maintains,16
change,16
turned,16
according,16
them,16
thrown,15
those,15
old,15
because,15
same,15
both,15
using,15
between,15
chief,14
importance,14
changes,14
cultural,14
produced,14
method,14
aspects,14
do,14
efficiency,14
highly,14
particular,14
vessel,14
modern,13
case,13
possible,13
wares,13
frequently,13
called,13
sanctions,13
social,13
forming,13
native,13
upon,13
three,13
sometimes,13
any,13
particularly,13
while,13
way,12
long,12
account,12
little,12
after,12
firing,12
part,12
situation,12
variety,12
once,12
trade,12
individual,12
mexico,12
seen,12
cardew,12
much,12
limits,11
momentum,11
glazed,11
similar,11
points,11
wide,11
few,11
san,11
water,11
probably,11
cooking,11
despite,11
major,11
first,10
reasons,10
i,10
thus,10
even,10
india,10
peasant,10
artistic,10
though,10
having,10
example,10
device,10
several,10
various,10
above,10
variation,10
less,10
described,10
tendency,10
usually,10
when,10
innovations,10
far,10
better,10
produce,10
efficient,10
although,10
shai,10
now,9
difficult,9
miles,9
context,9
ritual,9
relatively,9
without,9
view,9
shape,9
data,9
whole,9
employed,9
own,9
trading,9
family,9
devices,9
activities,9
limited,9
chowran,9
lump,9
mould,9
decoration,9
man,9
discussed,9
manner,9
perhaps,9
another,9
moulds,9
including,9
virtually,9
throw,9
regard,9
domestic,9
if,8
likely,8
easily,8
producing,8
designs,8
bottom,8
diversity,8
suitable,8
like,8
general,8
molde,8
main,8
nicobar,8
ildefonso,8
knowledge,8
involved,8
shapes,8
south,8
attention,8
wheels,8
ethnographic,8
fact,8
outside,8
tribal,8
problems,8
european,8
continued,8
within,8
five,8
must,8
simply,8
merely,8
what,8
suggests,8
size,8
introduced,8
survival,8
evidence,8
should,8
imported,7
ways,7
taken,7
tinajas,7
system,7
british,7
west,7
central,7
development,7
incentive,7
productive,7
generally,7
export,7
greater,7
base,7
further,7
appears,7
pivoted,7
least,7
working,7
distances,7
industry,7
decline,7
describes,7
related,7
second,7
materials,7
single,7
yet,7
reference,7
towards,7
longer,7
patterns,7
ground,7
see,7
until,7
woman,7
number,7
sold,7
significance,7
authors,7
allowed,7
features,7
black,7
standard,7
craft,7
effect,7
remarkable,7
states,7
fairly,7
often,7
villages,7
turntable,7
distribution,7
utilitarian,7
ceramist,7
level,7
motu,7
rejection,7
given,7
does,6
introduction,6
formed,6
true,6
mexican,6
turning,6
laura,6
tourist,6
advantage,6
skill,6
nature,6
rim,6
design,6
community,6
economies,6
human,6
beating,6
quality,6
pueblo,6
smoothed,6
basic,6
neck,6
four,6
raw,6
uses,6
could,6
found,6
demands,6
placed,6
near,6
failure,6
fired,6
year,6
round,6
personal,6
regions,6
good,6
world,6
units,6
tends,6
makes,6
technology,6
wooden,6
members,6
others,6
lack,6
storing,6
purposes,6
largely,6
advantages,6
decorated,6
period,6
exchange,6
we,6
foreign,6
practical,6
authorities,6
associated,6
complexity,6
down,6
porcelain,6
distinctive,6
past,6
possibility,6
combined,6
varieties,6
off,6
point,6
johnson,6
recent,6
done,5
complex,5
replaced,5
nigeria,5
studies,5
acceptance,5
horizontal,5
island,5
might,5
seems,5
differences,5
p,5
king,5
combination,5
adoption,5
turn,5
rzehak,5
body,5
speed,5
response,5
compared,5
left,5
thin,5
tzintzuntzan,5
secrets,5
study,5
exceptional,5
utensils,5
established,5
section,5
too,5
upper,5
superior,5
expressed,5
leach,5
societies,5
six,5
hands,5
mainly,5
tools,5
basis,5
partly,5
relative,5
papago,5
quite,5
usual,5
unpivoted,5
middlemen,5
polished,5
southern,5
ancient,5
culture,5
again,5
available,5
addition,5
stimulus,5
consideration,5
head,5
areas,5
occurrence,5
larger,5
present,5
greatest,5
limitations,5
top,5
food,5
processes,5
involves,5
low,5
archaeological,5
high,5
revolves,5
probable,5
latter,5
especially,5
become,5
separate,5
carried,5
today,5
crucial,5
inside,5
behura,5
means,5
itself,5
quantitative,5
following,5
series,5
set,5
sizes,5
diaz,5
almost,5
art,5
african,5
models,5
conditions,5
course,5
need,5
specific,5
supported,5
drying,5
themselves,5
technological,5
building,5
common,4
centrifugal,4
considerations,4
occurred,4
porous,4
lower,4
exclusive,4
give,4
advanced,4
europe,4
individuals,4
tradition,4
pivot,4
pressed,4
primitive,4
attempted,4
chowra,4
illustrate,4
fine,4
supply,4
modelled,4
throughout,4
against,4
de,4
kind,4
distinct,4
elements,4
chowrans,4
keep,4
amount,4
young,4
spite,4
kidder,4
walls,4
van,4
growth,4
dry,4
unit,4
beaten,4
reason,4
organization,4
operate,4
surface,4
standards,4
result,4
introduce,4
carrying,4
typical,4
narrow,4
adopt,4
well,4
information,4
criteria,4
rotary,4
prominent,4
stiffen,4
fit,4
place,4
moulding,4
transported,4
away,4
field,4
next,4
order,4
tended,4
widely,4
bercham,4
dependent,4
revolved,4
socket,4
tonala,4
short,4
indeed,4
comparative,4
coyotepec,4
comments,4
artist,4
convex,4
natividad,4
happened,4
restricted,4
industrial,4
illustrated,4
exploit,4
dalores,4
business,4
factory,4
considerable,4
pattern,4
question,4
rotated,4
existing,4
necessary,4
distance,4
style,4
wood,4
survive,4
examples,4
region,4
factor,4
maria,4
actual,4
cooked,4
continue,4
nuclear,4
open,4
japanese,4
him,4
stresses,4
fragility,4
improved,4
referred,4
force,4
render,4
life,4
lip,4
thick,4
considered,4
comes,4
demonstrate,4
perforated,4
here,4
seem,4
variable,4
did,4
best,4
wealthier,4
thrower,4
works,4
places,4
animal,4
beginning,4
character,4
age,4
through,4
possession,4
maintained,4
commercial,4
differentiation,4
years,4
mode,4
joined,4
piece,4
potential,4
desired,4
alternative,4
centres,3
stimuli,3
polish,3
car,3
concerned,3
later,3
determine,3
skeaping,3
red,3
measures,3
kinds,3
genius,3
necessarily,3
before,3
mushroom,3
negative,3
oceania,3
anything,3
hopi,3
archaeologists,3
every,3
neolithic,3
attempt,3
broken,3
procedure,3
state,3
political,3
takes,3
sophisticated,3
recorded,3
eastern,3
hall,3
retain,3
quantities,3
taking,3
rosa,3
pairs,3
quantity,3
requirements,3
bowls,3
innovator,3
natives,3
iron,3
objective,3
author,3
interest,3
characteristic,3
santa,3
topic,3
back,3
difficulty,3
third,3
weight,3
storage,3
drawn,3
apparently,3
finishes,3
nigerian,3
coil,3
opposed,3
deviation,3
competition,3
town,3
subjected,3
across,3
adds,3
remain,3
metres,3
provides,3
days,3
show,3
store,3
powerful,3
plates,3
metal,3
suggested,3
providing,3
closely,3
reina,3
begun,3
traditionally,3
item,3
effort,3
cylinder,3
stock,3
inches,3
cannot,3
required,3
briefly,3
expensive,3
strips,3
calls,3
secret,3
description,3
gave,3
during,3
broad,3
contrast,3
emphasizes,3
wider,3
value,3
replacing,3
ceremonial,3
chinautleco,3
matter,3
pancake,3
wrote,3
expansion,3
outer,3
madras,3
dumont,3
religious,3
positive,3
communities,3
interpretation,3
examined,3
ring,3
tax,3
acting,3
complete,3
guatemala,3
regional,3
double,3
guthe,3
fire,3
underestimated,3
wine,3
extended,3
regulation,3
men,3
drinking,3
learn,3
accepted,3
foot,3
material,3
day,3
finish,3
vast,3
discovery,3
oscillation,3
entirely,3
significant,3
rivers,3
michoacan,3
full,3
kiln,3
rejected,3
hodges,3
serves,3
accurate,3
elaborate,3
feet,3
socketed,3
saw,3
stick,3
ago,3
applies,3
gifted,3
product,3
relationship,3
pieces,3
favour,3
primarily,3
slow,3
success,3
urali,3
britain,3
caste,3
months,3
stable,3
assistant,3
fifteen,3
dishes,3
incised,3
economically,3
equipment,3
concerns,3
systems,3
paper,3
cultures,3
east,3
setting,3
board,3
capital,3
expresses,3
thompson,3
respect,3
growing,3
conservatism,3
terms,3
ones,3
maintain,3
tending,3
smoothing,3
finished,3
role,3
adapted,3
oil,3
bida,3
wynad,3
prepared,3
come,3
accept,3
vital,3
smaller,3
remains,3
increased,3
resources,3
temperatures,3
sits,3
enterprise,3
maximum,3
north,3
built,3
household,3
gourd,3
tourists,2
flywheel,2
mostly,2
produces,2
prefer,2
edge,2
corporate,2
prize,2
encouraged,2
extend,2
cut,2
stands,2
sphere,2
distributed,2
disc,2
per,2
erema,2
rolled,2
obsolete,2
son,2
rounded,2
strictly,2
ilorin,2
diffuse,2
collection,2
reduced,2
fixed,2
total,2
source,2
controlled,2
contact,2
fires,2
test,2
quarcoo,2
diffusion,2
member,2
stoneware,2
trouble,2
interests,2
handle,2
repertoire,2
attempts,2
coiling,2
freely,2
varies,2
subject,2
height,2
copy,2
waals,2
skills,2
packed,2
secondary,2
candlesticks,2
together,2
accompanied,2
casseroles,2
potentially,2
fully,2
studied,2
able,2
government,2
closer,2
room,2
products,2
ceramists,2
take,2
real,2
help,2
somewhat,2
last,2
underside,2
emphasized,2
greatly,2
pitchers,2
occasional,2
existence,2
balfet,2
bonfire,2
motion,2
primary,2
patzcuaro,2
america,2
blanca,2
burning,2
sale,2
reaction,2
regards,2
amphletts,2
fitzgerald,2
differentiating,2
signal,2
possessing,2
phase,2
axle,2
explained,2
severe,2
definitely,2
illustrates,2
ease,2
amounts,2
uniformity,2
expeditions,2
learning,2
romans,2
items,2
person,2
freed,2
concerning,2
continuous,2
criterion,2
saucer,2
wet,2
traditions,2
simplistic,2
uralis,2
tonaltecan,2
influence,2
unfortunate,2
speeds,2
employ,2
dish,2
bena,2
recognized,2
added,2
essential,2
favourably,2
purely,2
developed,2
innovated,2
adapt,2
sort,2
afterwards,2
preparing,2
coastal,2
responded,2
goes,2
survives,2
connected,2
direct,2
balanced,2
kilns,2
colmenar,2
support,2
straits,2
nor,2
applied,2
facilitated,2
thrapsanos,2
varying,2
consider,2
improvement,2
intensive,2
peasants,2
slowly,2
elsewhere,2
bonfired,2
former,2
gradually,2
instrument,2
situations,2
saraswati,2
timings,2
exploited,2
notions,2
position,2
glaze,2
hallifax,2
requires,2
labour,2
care,2
vehicles,2
opinion,2
preference,2
arms,2
draws,2
experimentation,2
opening,2
prehistoric,2
came,2
pounds,2
bearing,2
access,2
radical,2
markets,2
term,2
big,2
embedded,2
occupation,2
chinese,2
polishing,2
recently,2
scale,2
wealth,2
ignorance,2
gennep,2
taught,2
enough,2
creates,2
mohave,2
stood,2
future,2
rotates,2
makers,2
zoomorphic,2
preclude,2
aiyappan,2
sokoto,2
concept,2
unless,2
psychological,2
favourable,2
explains,2
training,2
confined,2
decorate,2
ten,2
literature,2
fail,2
records,2
et,2
unfired,2
predominance,2
monopoly,2
combine,2
approach,2
normally,2
giant,2
viable,2
hard,2
carriage,2
shaping,2
suggest,2
granddaughter,2
sixty,2
sharp,2
event,2
around,2
spanish,2
sufficient,2
replace,2
cool,2
brought,2
presence,2
met,2
secrecy,2
impossible,2
crude,2
always,2
customary,2
annual,2
handmade,2
attitude,2
finishing,2
wife,2
inverted,2
peculiar,2
notes,2
participates,2
provided,2
aggregate,2
rest,2
reducing,2
society,2
subsequently,2
periods,2
tasks,2
partially,2
absence,2
bringing,2
atypical,2
permits,2
overall,2
appreciate,2
fruit,2
operation,2
reorganization,2
tropical,2
object,2
standardization,2
projecting,2
becomes,2
technically,2
expanded,2
cheap,2
criticism,2
museum,2
amatenango,2
represents,2
ensures,2
alongside,2
under,2
times,2
neither,2
departure,2
home,2
analytical,2
light,2
teaching,2
sales,2
imitating,2
costs,2
reports,2
noted,2
considers,2
useful,2
shops,2
kerman,2
tzintzuntzanos,2
comparison,2
hollow,2
preferences,2
flowers,2
put,2
towns,2
flat,2
secretive,2
twenty,2
treatment,2
fundamental,2
copied,2
striking,2
really,2
never,2
legs,2
tarea,2
mold,2
observes,2
agree,2
tonaltecans,2
aesthetic,2
fits,2
likelihood,2
yucatecan,2
electricity,2
operating,2
relevant,2
acoma,2
boats,2
vertical,2
holder,2
remarked,2
gives,2
al,2
degree,2
notion,2
argues,2
shanti,2
demonstrated,2
stabilize,2
discussion,2
comprise,2
rank,2
deposits,2
increase,2
identity,2
europeans,2
traded,2
unfortunately,2
operated,2
freeds,2
assume,2
labourers,2
laboratory,2
sees,2
previous,2
contribution,2
roberts,2
clear,2
stress,2
held,2
pride,2
function,2
curve,2
kept,2
earlier,2
accused,2
repeated,2
article,2
exported,2
specialize,2
decorating,2
examine,2
lasts,2
artisans,2
slightly,2
adaptations,2
looked,2
figures,2
connections,2
quarter,2
facilitates,2
pupils,2
sole,2
sailing,2
potteries,2
reluctant,2
studio,2
increasing,2
abundance,2
delhi,2
irregular,2
africa,2
involving,2
punjab,2
bulk,2
gigantic,2
pithoi,2
rough,2
florescence,2
plastic,2
chinautla,2
detailed,2
clays,2
why,2
fall,2
bakitara,2
surprising,2
centuries,2
get,2
face,2
results,2
yoruba,2
influencing,2
immigrant,2
differentiated,2
anthropomorphic,2
anvil,2
heavy,2
rarely,2
successive,2
conclusion,2
endogamous,2
changing,2
pueblos,2
measurements,2
mackenzie,2
ever,2
compromiso,2
profits,2
reinforced,2
continues,2
extension,2
sustained,2
der,2
know,2
christy,2
natural,2
retained,2
country,2
inclined,2
accustomed,2
half,2
current,2
job,2
goods,2
constant,2
visits,2
bases,2
utilized,2
faster,2
rural,2
unlikely,2
vary,2
unique,2
accounts,2
cause,2
add,2
writes,2
extent,2
brilliant,2
pursued,2
require,2
huge,2
replacement,2
contain,2
port,2
categories,2
travel,2
middle,2
bought,2
ritually,2
city,2
marketing,2
ram,2
underestimate,2
zuni,2
indians,2
definitions,2
aspect,2
think,2
buying,2
comparable,2
disadvantages,2
spirit,2
interested,2
disposal,2
pandyan,2
contributed,2
land,2
consolidated,2
consumption,2
specialists,2
underhill,2
effects,2
tamba,2
definite,2
area,2
bunzel,2
association,2
needs,2
am,2
thousand,2
observation,2
removed,2
kabal,2
early,2
element,2
strong,2
observed,2
showed,2
close,2
occur,2
retention,2
trimmed,1
problem,1
emulate,1
frequent,1
malaya,1
handicapped,1
defective,1
dung,1
go,1
modelling,1
superiority,1
smoke,1
portuguese,1
customers,1
sira,1
transportation,1
rate,1
final,1
tubs,1
refutes,1
page,1
alley,1
scraped,1
nampeo,1
undoubtedly,1
slows,1
harden,1
meaning,1
gramodyog,1
nest,1
functional,1
stoves,1
represent,1
peaceful,1
papagos,1
engendered,1
personnel,1
expedition,1
resulted,1
insufficiently,1
tierra,1
mire,1
implies,1
stylization,1
extends,1
eliminated,1
kroeber,1
mountains,1
totally,1
survived,1
lapsed,1
cellaring,1
overland,1
becoming,1
needed,1
conducted,1
led,1
achievements,1
shoulders,1
approved,1
expression,1
putative,1
effective,1
properly,1
identify,1
tend,1
prime,1
stone,1
join,1
alive,1
flowering,1
constitutes,1
systematizes,1
sets,1
sumptuary,1
rewards,1
globular,1
delft,1
sudden,1
convict,1
expenditure,1
bamboo,1
seeping,1
satisfied,1
goria,1
cement,1
hip,1
purveyors,1
policy,1
undertaken,1
geometric,1
western,1
excavation,1
educacion,1
refers,1
detrimental,1
subjection,1
impediments,1
sr,1
paddle,1
nineteenth,1
bend,1
instructing,1
descriptions,1
khan,1
tripod,1
permitted,1
contexts,1
obsessed,1
bengal,1
accumulation,1
cast,1
synonymous,1
either,1
explaining,1
porters,1
exacting,1
please,1
modest,1
hence,1
baked,1
certainly,1
served,1
creation,1
spontaneous,1
implications,1
drastic,1
restoration,1
military,1
proverbially,1
concentrated,1
enables,1
motor,1
address,1
possesses,1
rapid,1
refusal,1
utilization,1
sunday,1
anticlockwise,1
artificially,1
beautiful,1
shortage,1
official,1
rims,1
crippling,1
experiments,1
supplied,1
definition,1
pickle,1
roepstorff,1
possibilities,1
saves,1
shaped,1
leading,1
khadi,1
suggesting,1
warm,1
petriades,1
desire,1
display,1
astonishingly,1
confusion,1
proficiency,1
gradual,1
inadvertently,1
compounds,1
list,1
buyer,1
train,1
achievement,1
admittedly,1
rule,1
verbal,1
housewife,1
crank,1
transporting,1
cohesion,1
madhya,1
anyway,1
prevail,1
inland,1
crockery,1
achieved,1
feature,1
fresh,1
marias,1
jealously,1
meantime,1
caliente,1
respond,1
influences,1
principal,1
opposite,1
heating,1
china,1
smashes,1
temporary,1
wage,1
lathelike,1
ghazi,1
guards,1
confused,1
passable,1
apprentice,1
ad,1
pad,1
courage,1
curio,1
employs,1
nearer,1
side,1
depending,1
dissemination,1
spherical,1
plain,1
apprenticed,1
courtesy,1
owing,1
key,1
ingeniously,1
piped,1
capacity,1
misunderstood,1
weddings,1
jam,1
conditioned,1
destino,1
right,1
march,1
lubricator,1
solving,1
inhibit,1
settles,1
kovai,1
installed,1
litre,1
italian,1
opened,1
felt,1
fitting,1
determined,1
nonwheel,1
watched,1
activity,1
oak,1
geared,1
shame,1
cost,1
inconvenience,1
tapering,1
establishing,1
foreigners,1
barcelos,1
move,1
advantageous,1
dinner,1
varnished,1
abstract,1
obvious,1
occurring,1
ready,1
peripatetic,1
smooth,1
tastes,1
x,1
musalmans,1
boss,1
colouring,1
sent,1
misunderstands,1
climax,1
relate,1
dozen,1
apply,1
compares,1
along,1
interior,1
considerably,1
maximiliana,1
representing,1
himself,1
velar,1
par,1
beneath,1
prevented,1
sweet,1
mislead,1
benefit,1
slower,1
tied,1
sign,1
cheese,1
attract,1
valuables,1
dera,1
wherever,1
exposed,1
usage,1
exist,1
learned,1
complained,1
agomeda,1
coils,1
syrup,1
vases,1
grotesque,1
technologically,1
includes,1
denying,1
hypothesizes,1
chiefs,1
nagar,1
constructed,1
fun,1
fetches,1
surely,1
nash,1
moved,1
connect,1
university,1
modify,1
difficulties,1
immediate,1
representations,1
inner,1
minutes,1
run,1
consumed,1
rotating,1
due,1
predetermined,1
malinowski,1
continuance,1
hierarchy,1
chak,1
scarce,1
casts,1
resist,1
adopted,1
thinned,1
consumer,1
inspiring,1
occurs,1
afford,1
excavations,1
price,1
american,1
regarded,1
century,1
moslem,1
suppose,1
admitted,1
comprised,1
affairs,1
nicobarese,1
exercise,1
acapuloa,1
retailing,1
canoes,1
chachau,1
theoretical,1
resting,1
maintaining,1
clark,1
stored,1
rejecting,1
commercialization,1
perspective,1
canal,1
gastronomic,1
wicker,1
quartz,1
uniformly,1
interchangeable,1
marriage,1
highest,1
simplest,1
restrict,1
output,1
fate,1
wholly,1
andhra,1
egypt,1
applying,1
scott,1
twice,1
colombin,1
rhythm,1
spin,1
mechanical,1
compare,1
rounding,1
toil,1
suitability,1
obscure,1
deceased,1
look,1
bennett,1
amphlett,1
festivals,1
details,1
sieve,1
appreciated,1
sun,1
malerkotla,1
clientele,1
cooperative,1
pronounced,1
hardly,1
generation,1
talent,1
shall,1
sindhian,1
staffordshire,1
master,1
striped,1
paste,1
spoked,1
subcastes,1
let,1
perfect,1
velars,1
incentives,1
cheapest,1
excessively,1
site,1
civilization,1
analysing,1
gbaya,1
inadequacies,1
interesting,1
colour,1
vegetable,1
manipulated,1
fiestas,1
adequate,1
remedied,1
puddings,1
reflects,1
genuinely,1
economy,1
predicted,1
act,1
ba,1
principally,1
continent,1
destroy,1
aimed,1
impetus,1
hie,1
how,1
watch,1
snugly,1
square,1
appreciation,1
levels,1
radius,1
remote,1
bantu,1
aesthetically,1
incidence,1
shortly,1
explicitly,1
requisite,1
opportunity,1
taller,1
arm,1
determining,1
monsoon,1
supersede,1
derived,1
misunderstanding,1
population,1
plank,1
refired,1
possess,1
lacking,1
pp,1
distant,1
white,1
repeats,1
govern,1
feel,1
von,1
space,1
front,1
supposed,1
consistency,1
actions,1
segment,1
wash,1
ibe,1
arid,1
lives,1
category,1
muleteers,1
acquisition,1
finer,1
halves,1
perpetuation,1
ensure,1
operates,1
distributive,1
wanted,1
deccan,1
carefllly,1
possibly,1
budgeting,1
flexibility,1
objects,1
fast,1
occupational,1
river,1
benefits,1
specialization,1
prepares,1
grounds,1
lima,1
hotter,1
driven,1
just,1
represented,1
thirty,1
imitation,1
completion,1
dominate,1
record,1
tray,1
chores,1
house,1
plaster,1
god,1
weak,1
differs,1
vitality,1
hastened,1
nowadays,1
periodically,1
margin,1
presumed,1
attitudes,1
stowed,1
rabbeting,1
experienced,1
commented,1
additional,1
grown,1
rationally,1
follow,1
curbing,1
poor,1
beyond,1
livelihood,1
exceed,1
unsuitable,1
followed,1
defines,1
consequence,1
spokes,1
lengths,1
painted,1
terminology,1
islanders,1
multan,1
exploitation,1
wedgewood,1
saving,1
restriction,1
jalingo,1
womenfolk,1
noakes,1
discouraging,1
trained,1
decades,1
loading,1
disclosed,1
balkan,1
thrust,1
charcoal,1
behaviour,1
marriott,1
takouchtem,1
advance,1
root,1
encourage,1
steadied,1
viz,1
ushering,1
precluded,1
transmission,1
declined,1
martinez,1
appearance,1
public,1
conservative,1
search,1
impressionistic,1
relating,1
generates,1
changed,1
deal,1
ocean,1
curiosity,1
pass,1
events,1
primacy,1
centrally,1
zone,1
pioneer,1
worker,1
accommodations,1
extinct,1
luxury,1
persist,1
vigorous,1
constantly,1
spinning,1
suits,1
guilds,1
ethnographer,1
romalmo,1
accurately,1
discs,1
milne,1
unchanged,1
extract,1
skilfully,1
mackay,1
urgent,1
equal,1
precipitate,1
focused,1
blow,1
precaution,1
hinterland,1
block,1
districts,1
viewed,1
ceramics,1
spout,1
clamp,1
mushroomshaped,1
disapproved,1
petrol,1
oscillates,1
feminine,1
unconvincing,1
safe,1
nothing,1
spur,1
pork,1
fetched,1
potteryproduction,1
guidance,1
stews,1
availability,1
practise,1
died,1
cart,1
expressions,1
impression,1
improve,1
judgement,1
chiapas,1
banded,1
directly,1
minimal,1
majolica,1
line,1
hebrides,1
papuan,1
foresaw,1
minute,1
unworthy,1
maximino,1
implement,1
jasperware,1
archaeologist,1
tesuque,1
already,1
imports,1
investigated,1
cholar,1
topawa,1
stiff,1
carries,1
annandale,1
comprises,1
writers,1
preferred,1
waterway,1
clean,1
nearest,1
r,1
durston,1
scantily,1
london,1
drew,1
vitiaz,1
discusses,1
strength,1
norm,1
reserve,1
apparent,1
revealed,1
recommends,1
scars,1
perpetually,1
binder,1
childe,1
innovates,1
loss,1
genuine,1
buckets,1
intermediate,1
refined,1
ghana,1
woodisun,1
reynolds,1
postulated,1
reduces,1
climatic,1
blade,1
cheated,1
relevance,1
basalt,1
falling,1
strenuous,1
centred,1
said,1
stimulate,1
mallet,1
documented,1
forces,1
gradation,1
weekly,1
rise,1
believes,1
cans,1
showing,1
wheell,1
project,1
smallest,1
doubtful,1
status,1
horizon,1
universally,1
sanction,1
feast,1
natal,1
attribution,1
joint,1
refuse,1
attraction,1
sarajevo,1
pollution,1
soup,1
prices,1
subtle,1
oriental,1
lifted,1
remember,1
published,1
creating,1
stool,1
officials,1
organized,1
successful,1
bythe,1
questionable,1
laborious,1
theoretically,1
straight,1
deathbeds,1
balances,1
grass,1
harner,1
teapots,1
mediterranean,1
stimulated,1
owned,1
hausa,1
settlement,1
atmosphere,1
bank,1
submit,1
erongaricuaro,1
troubles,1
festive,1
heat,1
intervals,1
slapping,1
characteristics,1
dealers,1
workshops,1
accomplished,1
affines,1
disposition,1
mediocre,1
routine,1
grow,1
feldspathic,1
executed,1
folk,1
competitive,1
breaking,1
observe,1
invaluable,1
rumour,1
protect,1
distinguished,1
ancestors,1
deviant,1
diversified,1
seeds,1
coast,1
churches,1
prerogatives,1
ropes,1
overemphasized,1
loza,1
progress,1
amphlettan,1
necessity,1
degeneration,1
directed,1
resistance,1
proper,1
kulturgut,1
outrigger,1
appropriate,1
abuja,1
inform,1
contributory,1
sporadic,1
circular,1
dictated,1
woodlark,1
artistry,1
invest,1
concomitant,1
avoid,1
undiscriminating,1
awards,1
durstan,1
prescribed,1
threatened,1
critical,1
centro,1
girl,1
overlook,1
beauclair,1
firebrands,1
steady,1
holds,1
elimination,1
inaugurated,1
aim,1
middleman,1
moresby,1
filler,1
sags,1
selfish,1
bridewealth,1
play,1
return,1
mailu,1
brief,1
islands,1
approval,1
female,1
cuisine,1
nicobars,1
renewed,1
planks,1
bowl,1
coolers,1
brings,1
puzzled,1
etc,1
harbour,1
souvenir,1
skilful,1
craftwork,1
sonara,1
domination,1
sponsored,1
initially,1
cracks,1
movement,1
dakarkari,1
paint,1
shipped,1
simultaneously,1
neat,1
hold,1
sevres,1
direction,1
replenishes,1
selection,1
decca,1
vicinity,1
para,1
postulate,1
woolley,1
tamping,1
kunda,1
simultaneous,1
pacific,1
asiatic,1
relied,1
donkey,1
violence,1
opportunities,1
tremendous,1
suited,1
spurs,1
requiring,1
builds,1
thought,1
corroborated,1
esoteric,1
dexterous,1
evolved,1
mobile,1
inspiration,1
selective,1
us,1
mashing,1
imitate,1
marshall,1
failed,1
processing,1
included,1
breakage,1
birdwood,1
orders,1
informal,1
shock,1
reinvestment,1
refine,1
allows,1
glazing,1
steamship,1
floor,1
diffusionistic,1
excellence,1
safeguards,1
veritable,1
largest,1
earns,1
registration,1
visitors,1
slants,1
touching,1
unusually,1
reliance,1
quotations,1
increasingly,1
sheen,1
assimilated,1
imitations,1
enterprises,1
payments,1
sector,1
declining,1
jemes,1
tall,1
rings,1
provide,1
idle,1
potentiality,1
segments,1
popularity,1
subcontinent,1
mentions,1
stream,1
death,1
pointed,1
swept,1
kickor,1
kneels,1
consumes,1
adherence,1
investigates,1
efforts,1
powder,1
communal,1
shows,1
ossuary,1
bonfiring,1
graphite,1
beater,1
deficient,1
superficial,1
remuneration,1
foods,1
polluted,1
plan,1
rotation,1
compound,1
trips,1
appeared,1
documents,1
kick,1
wholesaling,1
choice,1
nagr,1
compatible,1
understandable,1
utilizing,1
micronesian,1
end,1
personality,1
everything,1
doubt,1
latina,1
identical,1
diameter,1
segmentation,1
fashion,1
functionally,1
treasured,1
utilize,1
serious,1
jigger,1
amongst,1
fear,1
maker,1
transit,1
took,1
proverbial,1
yoriubai,1
everyday,1
chain,1
zigzags,1
centre,1
impinge,1
imparting,1
yorubaland,1
banned,1
annular,1
empire,1
kicking,1
saida,1
slowest,1
notch,1
containers,1
kuinja,1
extolling,1
deep,1
perceives,1
decorations,1
breaks,1
swing,1
preparation,1
lean,1
sell,1
guarantees,1
ordinary,1
weakly,1
fastest,1
locals,1
thoroughly,1
maya,1
poona,1
remained,1
plane,1
imagine,1
strings,1
reorganize,1
matrix,1
backbone,1
soles,1
apt,1
mean,1
exhibit,1
casual,1
theirs,1
kurumbars,1
supplies,1
father,1
intimate,1
tlaquepaque,1
lost,1
crudely,1
considering,1
cruder,1
easier,1
alaouite,1
explanation,1
accompanying,1
eighteenth,1
impart,1
oreja,1
sides,1
rapidity,1
formal,1
salamanca,1
thickness,1
conceivable,1
delicate,1
guinea,1
mechanization,1
enormous,1
sufficiently,1
troughs,1
sind,1
umboi,1
herself,1
medium,1
endeavour,1
persists,1
wound,1
guidelines,1
waste,1
angle,1
characteristically,1
persisted,1
began,1
moulded,1
vocabulary,1
metre,1
aside,1
resulting,1
folkpottery,1
ethnic,1
dessert,1
variables,1
hoc,1
styles,1
hour,1
engaged,1
watt,1
examination,1
national,1
fruits,1
aldridge,1
bonfires,1
propagate,1
stayed,1
theories,1
netherlands,1
benin,1
platform,1
knew,1
nyamwezi,1
discovered,1
engender,1
josiah,1
adding,1
sensitivity,1
oyo,1
aldana,1
ray,1
lakes,1
rapidly,1
accounted,1
enlarge,1
safety,1
maintenance,1
urge,1
commonest,1
interpret,1
workers,1
august,1
try,1
vested,1
feasible,1
divisions,1
characterized,1
covering,1
maghreb,1
spread,1
plant,1
crooke,1
winner,1
farms,1
collected,1
distinction,1
static,1
stages,1
lie,1
hindus,1
amorphous,1
preservation,1
expressing,1
intrinsic,1
sindh,1
spent,1
quick,1
cock,1
educational,1
dofia,1
valued,1
annually,1
spillage,1
overstates,1
internal,1
drost,1
satisfy,1
trying,1
qualities,1
imaginative,1
potterystands,1
insists,1
sight,1
hits,1
enabled,1
assessing,1
practicable,1
respectively,1
exactly,1
incompatible,1
awful,1
accrue,1
plate,1
etruria,1
enjoyed,1
electric,1
antonita,1
raised,1
differ,1
arisen,1
northern,1
below,1
pressing,1
prohibitive,1
save,1
institution,1
powering,1
harding,1
housewives,1
persuading,1
modifications,1
incising,1
hope,1
greek,1
la,1
convincingly,1
copying,1
brown,1
stereotypes,1
division,1
wheelhead,1
examines,1
termns,1
neuman,1
farm,1
cater,1
profitable,1
vacuo,1
ascertained,1
consists,1
accepting,1
cereal,1
fifty,1
kuro,1
twelve,1
rupee,1
imply,1
aid,1
dual,1
violation,1
flower,1
moves,1
complexion,1
spelling,1
sealed,1
inhabitants,1
mixture,1
movements,1
figure,1
apprentices,1
buyers,1
plays,1
jugoslavs,1
obtained,1
suggestive,1
availstability,1
exacerbated,1
lines,1
insufficient,1
widespread,1
substitution,1
trait,1
sensitive,1
treacherous,1
disadvantage,1
vitias,1
eighteen,1
juan,1
understand,1
proposition,1
requests,1
specializing,1
transformation,1
contents,1
whereby,1
deals,1
expert,1
countries,1
length,1
frames,1
barbarian,1
successor,1
inspired,1
satisfaction,1
responsible,1
casually,1
construction,1
analysis,1
continually,1
tamsaman,1
inferior,1
polychrome,1
frontier,1
disk,1
table,1
answer,1
education,1
mother,1
measured,1
exists,1
frame,1
crates,1
chinautlecos,1
articles,1
unusual,1
metepec,1
secretsl,1
guatemalan,1
exchanged,1
prophylaxis,1
durability,1
juncture,1
detail,1
hiri,1
sections,1
shaw,1
environment,1
share,1
practised,1
evenly,1
ioo,1
girls,1
practice,1
impulse,1
kungar,1
rotate,1
incorporated,1
bombay,1
peoples,1
pagago,1
extending,1
zoo,1
unviable,1
reconstitute,1
constituted,1
rigidly,1
brit,1
known,1
dubious,1
shop,1
offered,1
bronze,1
scraping,1
regime,1
ignore,1
supports,1
disapproval,1
generic,1
besides,1
patently,1
temple,1
sherds,1
inherent,1
potentialities,1
risley,1
hawk,1
machlachlan,1
coincides,1
ship,1
performed,1
blair,1
dominated,1
authority,1
refused,1
introducing,1
subcaste,1
readily,1
interrupted,1
proponents,1
tomb,1
actuality,1
specialized,1
worth,1
suggestions,1
depression,1
commission,1
porterage,1
believe,1
nets,1
specially,1
straightforward,1
balfour,1
downing,1
strap,1
indelibly,1
expense,1
daily,1
puki,1
wall,1
nights,1
paints,1
minimized,1
report,1
macaroni,1
losses,1
collectors,1
entering,1
reliability,1
school,1
perfectly,1
universal,1
infer,1
townsfolk,1
historical,1
sum,1
tracts,1
stamped,1
passage,1
freight,1
living,1
masters,1
virtues,1
humorous,1
middleclass,1
advances,1
concrete,1
gratify,1
draw,1
discuss,1
commodity,1
etched,1
notable,1
hathgarhia,1
investigation,1
weighs,1
whether,1
ghanaian,1
stratigraphic,1
da,1
want,1
era,1
males,1
jugoslavia,1
agricultural,1
seasonal,1
earthenware,1
fetching,1
zanzibar,1
warn,1
leaving,1
succumb,1
wusi,1
waters,1
getting,1
workstability,1
malabar,1
damp,1
projection,1
dark,1
balance,1
pebble,1
observations,1
emphasis,1
hundreds,1
camphor,1
prevent,1
radically,1
recommended,1
occasionally,1
imparted,1
curios,1
inserting,1
wedge,1
altered,1
prerogative,1
thereby,1
reported,1
waterpots,1
uniform,1
timely,1
sea,1
revolutions,1
joining,1
alternatives,1
procure,1
became,1
variability,1
convinced,1
buy,1
durable,1
intended,1
entrepreneur,1
sitting,1
step,1
enamelled,1
kajepe,1
territory,1
measure,1
missionary,1
contribute,1
demanding,1
manufacturing,1
copper,1
divided,1
appointed,1
families,1
qualitative,1
phenomenon,1
exceptionally,1
divulge,1
aims,1
goals,1
wire,1
our,1
unrecognizable,1
antique,1
extensive,1
named,1
producer,1
kusagar,1
invested,1
incurving,1
soft,1
shown,1
lorry,1
rubbed,1
invasion,1
disseminating,1
difference,1
average,1
padded,1
ramona,1
invents,1
finding,1
contract,1
rationalization,1
institutional,1
exerted,1
write,1
aristocratic,1
aware,1
sat,1
documentation,1
manufacturers,1
thermal,1
instead,1
carelessly,1
integrated,1
kurumbar,1
mutations,1
green,1
turntables,1
welldesigned,1
illiteracy,1
archipelago,1
cheapness,1
regular,1
variously,1
sparse,1
derive,1
leiden,1
levigates,1
plentiful,1
deviating,1
walking,1
speak,1
wobbling,1
anonymous,1
mobilized,1
intensely,1
apart,1
pioneering,1
racks,1
hano,1
tycoons,1
bottoms,1
c,1
variations,1
say,1
youngsters,1
obligation,1
evaporating,1
tamil,1
array,1
compton,1
predictable,1
entire,1
persuaded,1
pat,1
abandoned,1
gulf,1
forte,1
images,1
immediately,1
ayacucho,1
mature,1
derogatory,1
whenever,1
philippines,1
livestock,1
famous,1
owners,1
beings,1
arnold,1
pulling,1
spoil,1
broader,1
formulae,1
daughter,1
ca,1
termed,1
jealous,1
fortuitous,1
smashed,1
arizona,1
barter,1
bundles,1
ollas,1
welded,1
continuously,1
coon,1
