WORDCOUNTS,WEIGHT
the,44
of,34
and,20
in,18
a,12
archaeology,11
for,10
by,9
z,9
to,8
i,7
x,7
no,6
this,5
publication,5
excavations,5
submission,5
vol,5
as,5
is,5
or,5
from,4
illustrated,4
ed,4
work,4
at,3
it,3
architecture,3
an,3
report,3
be,3
new,3
j,3
ancient,3
history,3
greek,3
any,3
qatar,2
recording,2
will,2
oxford,2
received,2
books,2
list,2
british,2
archaeological,2
io,2
cover,2
first,2
paul,2
volume,2
not,2
david,2
routledge,2
architectural,2
press,2
coulton,2
account,2
mexico,2
cyrus,2
excavation,2
art,2
analysis,2
publish,2
on,2
june,2
achaemenian,2
kegan,2
printed,2
urban,2
with,2
time,2
out,2
early,2
studies,2
west,2
describes,2
issues,2
world,2
feature,2
general,2
february,2
techniques,2
which,2
buildings,2
theories,1
dating,1
southampton,1
traces,1
thrice,1
students,1
k,1
series,1
carried,1
political,1
times,1
grayson,1
experiment,1
reign,1
transmitted,1
years,1
empire,1
tell,1
now,1
burial,1
matanaka,1
unearthing,1
contents,1
subscription,1
form,1
donald,1
copies,1
retrieval,1
kemp,1
may,1
chemistry,1
linguistics,1
excellent,1
page,1
well,1
casteel,1
de,1
origins,1
author,1
theme,1
ptublishers,1
without,1
covers,1
various,1
peter,1
way,1
dr,1
published,1
bwc,1
his,1
change,1
characteristic,1
hluman,1
ltd,1
sometimes,1
roderick,1
eastern,1
excavated,1
persian,1
least,1
every,1
currency,1
interweaves,1
ri,1
problems,1
c,1
more,1
d,1
ago,1
dan,1
would,1
field,1
overall,1
portico,1
offers,1
life,1
age,1
ihl,1
richard,1
stronach,1
book,1
stoa,1
institute,1
set,1
market,1
immediate,1
steel,1
cation,1
issn,1
projected,1
important,1
gardens,1
design,1
trade,1
camelot,1
piece,1
proposing,1
cardi,1
almost,1
announced,1
subsistence,1
permission,1
dimensions,1
who,1
prior,1
miscellany,1
publi,1
review,1
understanding,1
saile,1
oxon,1
into,1
each,1
all,1
literature,1
chaco,1
s,1
reader,1
developnent,1
had,1
mcintosh,1
welcome,1
africa,1
paper,1
bakhuizen,1
contribution,1
examples,1
whether,1
tales,1
birth,1
hewett,1
october,1
study,1
healan,1
coutts,1
conducted,1
shrine,1
chronology,1
ethnography,1
innovations,1
population,1
systems,1
pueblo,1
contributions,1
capital,1
direction,1
climatic,1
barry,1
colonization,1
region,1
journal,1
discovered,1
nomads,1
editors,1
illustrations,1
part,1
together,1
including,1
research,1
nigeria,1
man,1
discusses,1
city,1
faunal,1
enormous,1
egypt,1
intended,1
stone,1
britain,1
current,1
coincides,1
single,1
antiquities,1
inquiry,1
post,1
yearly,1
its,1
types,1
technological,1
daily,1
description,1
annual,1
classical,1
government,1
approaches,1
terminological,1
sudden,1
cecil,1
island,1
articles,1
prehispanic,1
photograph,1
implications,1
assumptions,1
landscape,1
beatrice,1
thurstan,1
mud,1
pasargadae,1
old,1
number,1
during,1
place,1
reviews,1
titles,1
details,1
historical,1
cpsp,1
under,1
source,1
considered,1
recent,1
university,1
consider,1
past,1
contains,1
regular,1
great,1
policy,1
objects,1
quantitative,1
newtown,1
w,1
stored,1
was,1
royal,1
m,1
gazetteer,1
founded,1
shaw,1
suggestions,1
editorial,1
includes,1
biogeography,1
cave,1
monographs,1
standing,1
major,1
full,1
glad,1
ien,1
proprietors,1
society,1
particular,1
tomb,1
g,1
