WORDCOUNTS,WEIGHT
the,635
of,537
and,436
in,288
to,229
a,226
for,117
that,89
is,88
from,81
are,81
be,79
as,63
data,58
research,58
bone,55
we,55
by,53
this,52
collections,52
with,51
have,50
or,49
different,45
on,44
may,42
regional,42
archaeological,41
sample,39
these,39
all,38
it,37
site,37
change,35
mcgovern,34
sites,34
relative,34
nisp,34
north,34
some,33
zooarchaeology,33
norse,33
can,33
other,32
new,32
not,32
major,32
bones,30
an,30
size,30
j,29
greenland,29
than,29
t,29
many,29
thomas,29
global,29
university,28
at,27
taxa,27
most,27
cattle,27
more,27
one,26
iceland,26
archaeofaunas,26
two,26
c,26
w,25
zooarchaeological,25
same,25
were,25
atlantic,24
would,24
very,24
animal,24
press,24
cod,23
figure,23
caribou,23
h,22
collection,22
such,22
their,22
r,22
will,22
questions,22
area,22
if,21
fish,21
excavated,21
but,21
also,21
per,20
p,19
no,19
while,19
d,19
between,19
has,18
human,18
recovery,18
seals,18
large,17
midden,17
settlement,17
been,17
then,17
any,17
our,17
remains,17
s,16
there,16
g,16
four,16
appear,16
quantification,16
small,16
patterns,16
similar,16
problems,16
mni,16
comparison,16
they,15
total,15
phase,15
sieving,15
l,15
basic,15
b,15
k,15
perdikaris,15
number,15
analysis,15
past,15
sophia,14
faunal,14
indicators,14
percentage,14
patterning,14
only,14
pattern,14
ecology,14
james,14
farm,14
table,14
modern,14
should,14
possible,13
pp,13
ratio,13
particular,13
archaeofauna,13
now,12
medieval,12
arctic,12
environmental,12
presents,12
ad,12
eastern,12
numbers,12
well,12
less,12
samples,12
provide,12
zooarchaeologists,12
both,12
common,11
cent,11
western,11
excavation,11
work,11
whole,11
archaeology,11
where,11
see,11
skeletal,11
use,11
series,11
over,11
evidence,11
counts,11
approaches,10
rf,10
analyses,10
caprine,10
thus,10
even,10
was,10
m,10
icelandic,10
percentages,10
sandnes,10
method,10
island,10
f,10
about,10
management,10
time,10
which,10
northern,10
species,10
stratified,10
types,10
characteristics,10
historical,10
scores,10
need,10
into,9
far,9
phases,9
n,9
important,9
effort,9
equally,9
produced,9
used,9
approach,9
identified,9
single,9
three,9
practical,9
eskimo,9
paper,9
etal,9
fisheries,9
produce,9
using,9
difference,9
deposits,9
scandinavian,8
e,8
studies,8
might,8
great,8
context,8
resources,8
minimum,8
acta,8
general,8
had,8
could,8
academic,8
department,8
et,8
count,8
working,8
around,8
world,8
proxy,8
al,8
social,8
areas,8
fragments,8
simple,8
caprines,8
farms,8
study,8
associated,8
each,8
cm,8
what,8
pasture,7
certainly,7
production,7
limb,7
i,7
protocols,7
within,7
case,7
mesh,7
calculated,7
cultural,7
woollett,7
square,7
just,7
out,7
international,7
greenlandic,7
appears,7
being,7
useful,7
few,7
results,7
despite,7
critical,7
ice,7
increasingly,7
larger,7
inherently,7
distributions,7
do,7
strategies,7
upon,7
range,7
note,7
stocks,7
indicate,7
urban,7
discussion,7
national,7
smaller,7
potential,7
generated,6
groups,6
settlements,6
contexts,6
every,6
attempt,6
seems,6
differences,6
issue,6
west,6
excavations,6
elements,6
perspective,6
seal,6
jones,6
rather,6
across,6
mean,6
changes,6
upper,6
based,6
record,6
systematic,6
least,6
indicator,6
economic,6
overall,6
make,6
interpretation,6
us,6
analytical,6
harp,6
clear,6
probably,6
animals,6
program,6
regularly,6
quantitative,6
anthropological,6
changing,6
sizes,6
rural,6
investigation,6
problem,6
question,6
chicago,6
element,6
does,5
northeast,5
american,5
comparisons,5
history,5
lower,5
lyman,5
nature,5
individuals,5
byres,5
marine,5
somewhat,5
byre,5
differential,5
century,5
rank,5
journal,5
deeply,5
higher,5
york,5
subsistence,5
direct,5
labrador,5
means,5
organization,5
impact,5
age,5
resource,5
distribution,5
prehistoric,5
absolute,5
directly,5
none,5
part,5
older,5
during,5
employed,5
when,5
doctoral,5
reconstruction,5
manor,5
specimens,5
longer,5
above,5
excavators,5
taphonomic,5
individual,5
after,5
observational,5
tests,5
science,5
deposit,5
biology,5
grayson,5
skeleton,5
simply,5
temporal,5
climate,5
them,5
too,5
reported,5
role,5
analysts,5
cambridge,5
asked,5
drift,5
substantial,5
much,5
o,4
comparability,4
group,4
former,4
long,4
gothenburg,4
dentaries,4
together,4
packages,4
political,4
sq,4
prior,4
central,4
interest,4
center,4
relatively,4
nyegaard,4
storage,4
drawn,4
without,4
landscape,4
productive,4
factors,4
metres,4
affect,4
house,4
ancient,4
attrition,4
ranking,4
population,4
reconstructed,4
scale,4
skeletons,4
barn,4
climatic,4
hard,4
niaquusat,4
several,4
multiple,4
reducing,4
society,4
scientific,4
short,4
bioarchaeology,4
under,4
experimental,4
already,4
available,4
ecological,4
match,4
debates,4
man,4
present,4
inevitably,4
frequency,4
entirely,4
significant,4
factor,4
assume,4
rare,4
contribution,4
taxonomic,4
workers,4
gus,4
like,4
collected,4
last,4
often,4
become,4
effect,4
those,4
buildings,4
carried,4
suggest,4
abundance,4
who,4
length,4
methods,4
floor,4
vol,4
bioarchaeological,4
sorts,4
column,4
set,4
anthropology,4
sheep,4
sampling,4
seem,4
down,4
better,4
making,4
categories,4
church,4
level,4
transport,4
through,4
sea,4
premax,4
measure,4
contribute,4
layers,4
recording,4
years,4
illinois,4
include,4
hunter,4
effects,4
specific,4
debate,4
observed,4
later,3
college,3
measures,3
utility,3
likewise,3
complex,3
om,3
second,3
sets,3
ways,3
bias,3
reasonably,3
interpretative,3
first,3
consistent,3
give,3
address,3
shortage,3
sustainable,3
dramatically,3
comparatively,3
reach,3
skills,3
potentially,3
rich,3
quantified,3
hunting,3
take,3
analyst,3
inland,3
discipline,3
recorded,3
uneven,3
zooarchaeologist,3
point,3
except,3
pile,3
fragment,3
signal,3
review,3
against,3
assessment,3
given,3
feasible,3
find,3
biological,3
look,3
americans,3
whose,3
identification,3
managers,3
developed,3
district,3
examined,3
connected,3
landscapes,3
importance,3
contributions,3
support,3
reason,3
biogeographic,3
intensive,3
profile,3
additional,3
beyond,3
strategy,3
decades,3
greater,3
agenda,3
search,3
taphonomy,3
late,3
further,3
wide,3
trawl,3
basis,3
future,3
proportions,3
issues,3
calculating,3
statistics,3
documented,3
reflect,3
depositional,3
core,3
always,3
provided,3
preliminary,3
periods,3
georg,3
biocultural,3
indeed,3
synthesis,3
comparative,3
expansion,3
reduce,3
movement,3
decisions,3
independent,3
generously,3
valid,3
attempting,3
warning,3
forms,3
relevant,3
agencies,3
explicitly,3
degree,3
another,3
divided,3
assemblages,3
increase,3
dating,3
initiatives,3
historic,3
adding,3
comprehensive,3
points,3
derived,3
period,3
high,3
standard,3
special,3
labour,3
occupied,3
investigations,3
increasing,3
singer,3
fairly,3
seen,3
effectively,3
composed,3
problematic,3
environment,3
wapnish,3
meat,3
here,3
natural,3
best,3
report,3
advances,3
hall,3
economy,3
selected,3
form,3
list,3
ones,3
attritional,3
trawling,3
require,3
paleoecology,3
little,3
affecting,3
city,3
unit,3
programs,3
amorosi,3
granastadir,3
generate,3
accept,3
approximately,3
dense,3
consumption,3
canadian,3
inherent,3
klein,3
interdisciplinary,3
partial,3
deposition,3
maximum,3
develop,3
meddelelser,3
comparable,3
recent,3
palsson,2
produces,2
created,2
represent,2
pale,2
credibility,2
introduction,2
expect,2
village,2
screening,2
identify,2
tend,2
designed,2
formed,2
live,2
lengthening,2
potentials,2
unlike,2
ambitious,2
ethnoarchaeological,2
before,2
stochastic,2
standards,2
something,2
test,2
experience,2
either,2
sources,2
attempts,2
meters,2
gaarden,2
ourselves,2
scientists,2
secondary,2
broadly,2
suggesting,2
midbaer,2
thank,2
right,2
samfunds,2
follows,2
thanks,2
resulting,2
evolving,2
kcal,2
improved,2
written,2
deriving,2
focus,2
papers,2
system,2
british,2
occasional,2
key,2
serjeant,2
low,2
opened,2
capable,2
sieved,2
mutual,2
measuring,2
community,2
behavior,2
throughout,2
surely,2
immediate,2
bison,2
development,2
quality,2
illustrates,2
due,2
corner,2
adopted,2
santa,2
exist,2
expected,2
comprised,2
z,2
cases,2
old,2
underlying,2
amount,2
suitable,2
effective,2
compare,2
paleoeconomy,2
sieve,2
wet,2
error,2
poorly,2
interesting,2
nye,2
his,2
generations,2
how,2
remain,2
sort,2
ungulate,2
proportion,2
certain,2
parts,2
perkins,2
practicing,2
addressing,2
consider,2
dated,2
squares,2
luff,2
hesse,2
requires,2
exploitation,2
og,2
matching,2
uses,2
skewed,2
result,2
closely,2
entering,2
called,2
scotland,2
fishing,2
viking,2
understood,2
though,2
brattahlid,2
focused,2
cuts,2
tools,2
recently,2
cannot,2
biases,2
excellent,2
procedures,2
storaborg,2
instrumental,2
required,2
structure,2
impression,2
briefly,2
presented,2
formerly,2
nearest,2
significantly,2
characterization,2
example,2
knowledge,2
apparent,2
reduction,2
its,2
consistently,2
file,2
northwest,2
gardar,2
graph,2
towards,2
good,2
ratios,2
normally,2
kultur,2
below,2
things,2
exclude,2
involved,2
butchery,2
essentially,2
portions,2
tended,2
up,2
value,2
rest,2
south,2
portion,2
converge,2
likely,2
units,2
reduced,2
variety,2
populations,2
action,2
logically,2
glasgow,2
nearly,2
whatever,2
southern,2
mammal,2
listed,2
edited,2
museum,2
reference,2
svalbard,2
represents,2
serve,2
neither,2
complete,2
reply,2
trawls,2
illustrated,2
reports,2
bar,2
disciplinary,2
resolution,2
centred,2
stated,2
again,2
put,2
daly,2
projects,2
lacked,2
fact,2
fundamental,2
centre,2
tertiary,2
existing,2
hectares,2
answer,2
roman,2
perhaps,2
tiny,2
binford,2
assemblage,2
score,2
anticipate,2
local,2
demonstrated,2
matrix,2
classes,2
examples,2
treated,2
made,2
discovery,2
values,2
limitations,2
fishers,2
recover,2
elite,2
expand,2
concern,2
food,2
submitted,2
processes,2
continue,2
chosen,2
previous,2
open,2
authors,2
scandinavia,2
lakes,2
times,2
ny,2
so,2
played,2
digits,2
latter,2
pages,2
oxbow,2
somehow,2
topics,2
mainly,2
hunters,2
morris,2
figures,2
destruction,2
vertebrate,2
division,2
decision,2
svalbara,2
casteel,2
processed,2
usually,2
five,2
hill,2
narsaq,2
bags,2
dimensions,2
remaining,2
responsible,2
norwegian,2
measured,2
centuries,2
metrical,2
middens,2
school,2
graphs,2
growing,2
nipaatsoq,2
must,2
extensive,2
ever,2
known,2
vatnahverfi,2
native,2
wider,2
know,2
believe,2
did,2
half,2
cc,2
domestic,2
cooling,2
foundation,2
particularly,2
ar,2
pit,2
living,2
type,2
noise,2
accounts,2
add,2
videy,2
limbs,2
huge,2
suggests,2
contain,2
altered,2
variability,2
unrealistic,2
plans,2
lab,2
reconstruct,2
teeth,2
terminal,2
models,2
commercial,2
caloric,2
twentieth,2
web,2
aware,2
instead,2
switzerland,2
land,2
landed,2
derive,2
presenting,2
extremely,2
repeat,2
rackham,2
supported,2
taking,2
palynologists,2
reached,2
enterprise,2
pool,2
create,2
entire,2
interaction,2
among,2
built,2
arizona,2
nabo,2
scoring,1
summed,1
dynamic,1
difficult,1
compile,1
repay,1
go,1
smoke,1
sharpe,1
gilbert,1
currently,1
rate,1
done,1
provisioning,1
limits,1
horizontal,1
sterile,1
astounded,1
concerned,1
indicated,1
keller,1
suggested,1
correlations,1
edouard,1
prolonging,1
truth,1
dangers,1
market,1
affected,1
extreme,1
extend,1
arrive,1
portrayals,1
alone,1
arcss,1
totally,1
buckland,1
elaborately,1
reflection,1
wishful,1
crabt,1
discover,1
systematically,1
putative,1
mobility,1
properly,1
alive,1
confines,1
true,1
unmodified,1
weiner,1
modelers,1
easily,1
pessimism,1
conscious,1
ms,1
decade,1
acceptance,1
allow,1
committee,1
mainland,1
habits,1
fragile,1
mgui,1
postulates,1
proliferating,1
source,1
backdirt,1
pastoral,1
ideas,1
programmes,1
miabaer,1
fairbanks,1
modest,1
davis,1
normalize,1
tribute,1
havern,1
icelanders,1
extraordinary,1
creation,1
localities,1
connection,1
ay,1
neolithic,1
handle,1
implications,1
taken,1
sundby,1
palynological,1
caithness,1
dissatisfied,1
artificially,1
hoc,1
england,1
fewer,1
episcopal,1
experiments,1
expectinr,1
containing,1
displacement,1
twenty,1
explores,1
assess,1
broken,1
assertion,1
battery,1
lithofacies,1
farmers,1
pressed,1
blind,1
producing,1
afflict,1
able,1
manipulations,1
basin,1
procedure,1
real,1
analyseg,1
help,1
integrate,1
depress,1
vegetation,1
biologists,1
mind,1
floral,1
manipulating,1
stand,1
respond,1
precisely,1
rockshelters,1
normal,1
alike,1
turkey,1
threshold,1
tragedy,1
nunamiut,1
fossils,1
counting,1
existence,1
suspect,1
badly,1
payne,1
bird,1
mass,1
me,1
america,1
killed,1
rests,1
struggling,1
account,1
quantities,1
placement,1
lends,1
format,1
determined,1
marked,1
activity,1
illustrate,1
burning,1
soils,1
levitan,1
alter,1
bibliography,1
vital,1
information,1
transcend,1
fine,1
apart,1
invited,1
combination,1
variations,1
x,1
disparities,1
ovis,1
cited,1
desirable,1
chart,1
bonnichsen,1
compares,1
interior,1
undoubtedly,1
correlation,1
protocol,1
interact,1
engage,1
expecting,1
herjolfsnes,1
presently,1
hudson,1
funded,1
optimism,1
expertise,1
li,1
learned,1
frequencies,1
retaining,1
iron,1
collapse,1
affiliation,1
endanger,1
historically,1
copenhagen,1
diets,1
since,1
scarce,1
backgrounds,1
idiosyncrasy,1
creatively,1
premises,1
muscle,1
tables,1
realized,1
swamped,1
magic,1
software,1
unpublished,1
characteristic,1
mixed,1
quantifying,1
rigorously,1
cf,1
dozen,1
convention,1
dick,1
overly,1
forced,1
exercise,1
priority,1
turn,1
micron,1
clay,1
distinct,1
nor,1
coarser,1
places,1
clustering,1
paleodiet,1
uniformly,1
back,1
accurately,1
highest,1
response,1
columbia,1
restrict,1
six,1
difficulty,1
inclusion,1
fate,1
obscuresd,1
dates,1
compared,1
bag,1
siegel,1
misleading,1
inadequately,1
publications,1
explore,1
inflate,1
remarkably,1
stimulating,1
excavator,1
graded,1
coasts,1
crashes,1
sister,1
spoil,1
paleoecological,1
rates,1
continuity,1
weathering,1
contributing,1
perfect,1
lesser,1
divergence,1
gronlandsk,1
assessed,1
steps,1
communities,1
simultaneously,1
profoundly,1
recognized,1
adequate,1
bog,1
archacofaunas,1
locality,1
elevating,1
kenward,1
predicted,1
jettison,1
act,1
middling,1
main,1
dry,1
stop,1
illustration,1
adapt,1
crash,1
explicit,1
observer,1
realistically,1
process,1
ch,1
represented,1
environments,1
elsevier,1
deliberately,1
goes,1
opportunity,1
determining,1
persistent,1
idiosyncratic,1
hazardous,1
sedimentologists,1
leave,1
variant,1
ongoing,1
assuming,1
generating,1
winters,1
aquatic,1
matched,1
leaves,1
lacking,1
distant,1
evolution,1
earl,1
feel,1
freswick,1
logical,1
consequences,1
miscellaneous,1
extremes,1
involvement,1
understand,1
mjoll,1
finer,1
ensure,1
prehistory,1
possibly,1
reinforcement,1
river,1
statistical,1
established,1
dentary,1
rated,1
breeds,1
specialization,1
behaviours,1
fishes,1
linked,1
greenberg,1
transformed,1
director,1
reconstructions,1
invariably,1
articulated,1
landing,1
observations,1
totaled,1
situations,1
show,1
initiative,1
exploited,1
recovered,1
ncasy,1
crabtree,1
dept,1
inflating,1
indications,1
efficient,1
position,1
hildebrandt,1
terminology,1
goi,1
witness,1
mix,1
gilbertson,1
willing,1
firmly,1
internal,1
biasing,1
devastate,1
unicorn,1
sod,1
faced,1
quattro,1
view,1
myths,1
numerical,1
ha,1
state,1
exercises,1
constructive,1
assessments,1
behaviour,1
arative,1
expressed,1
suffered,1
appendiks,1
came,1
dumps,1
identifying,1
access,1
cd,1
concentration,1
diverging,1
sorg,1
found,1
conservative,1
entered,1
subset,1
relating,1
behavioral,1
cuny,1
objectives,1
demands,1
terminological,1
ocean,1
events,1
drawbacks,1
diet,1
configuration,1
asure,1
vigorous,1
initial,1
synthesize,1
base,1
cores,1
glacial,1
compromised,1
big,1
meter,1
correction,1
occupation,1
traced,1
ceases,1
informed,1
fusion,1
equal,1
precipitate,1
berglund,1
nineteenth,1
halls,1
stock,1
keywords,1
indirect,1
snaesdottir,1
residential,1
analogous,1
exhaustion,1
otherwise,1
however,1
pollen,1
fox,1
overwhelmed,1
enough,1
package,1
near,1
acknowledgements,1
sparse,1
aries,1
because,1
expensive,1
jim,1
equifinality,1
shape,1
weight,1
feeding,1
participation,1
allocation,1
hoofed,1
ices,1
relatives,1
artifacts,1
bc,1
dog,1
scope,1
industrial,1
responding,1
tool,1
los,1
preferred,1
insights,1
greenlanders,1
heavily,1
eill,1
wabash,1
training,1
booklet,1
stacked,1
farmstead,1
related,1
enter,1
marean,1
routinely,1
ten,1
paleoenvironments,1
dividing,1
repeating,1
literature,1
shrink,1
faunas,1
overview,1
kindly,1
q,1
fail,1
exceed,1
neared,1
broad,1
collective,1
contains,1
records,1
actually,1
structures,1
winter,1
forces,1
justification,1
herding,1
oceans,1
il,1
recalculate,1
predictive,1
own,1
ethnicity,1
whither,1
markedly,1
sampled,1
errors,1
annotated,1
expended,1
widen,1
statistically,1
computer,1
inuit,1
sense,1
correct,1
successful,1
speth,1
field,1
fostered,1
raiding,1
involve,1
prevalence,1
neonates,1
applicability,1
contrast,1
precedents,1
stimulated,1
quite,1
event,1
sagas,1
teams,1
soil,1
exc,1
rr,1
concerns,1
highly,1
ailment,1
transfer,1
disaster,1
mantle,1
dramatic,1
decline,1
zoologiske,1
latest,1
boundaries,1
workforce,1
seeds,1
impossible,1
coast,1
whatsoever,1
stratigraphy,1
barely,1
jordan,1
majority,1
dependent,1
proper,1
correspondence,1
plausible,1
appropriate,1
searches,1
inform,1
bjarni,1
sophistication,1
activities,1
dietary,1
specimalist,1
invest,1
avoid,1
backlogs,1
viaey,1
normalizing,1
whilnsp,1
analytic,1
integrating,1
battle,1
processual,1
partially,1
clermont,1
archaeozoological,1
approximate,1
investigating,1
minor,1
ingenuity,1
matter,1
absence,1
practices,1
architecture,1
flatey,1
lefthand,1
prohibitively,1
endlessly,1
employ,1
meticulously,1
limited,1
archetype,1
tried,1
ened,1
brief,1
interdependence,1
andreasen,1
needlessly,1
denominator,1
prove,1
formative,1
still,1
pelagic,1
datatrikingly,1
mainstream,1
expanded,1
indicates,1
flag,1
initially,1
modes,1
hierarchial,1
hold,1
direction,1
positive,1
structural,1
answering,1
kills,1
relationship,1
gronland,1
pastures,1
guide,1
once,1
calculate,1
duplicate,1
foot,1
pacific,1
springs,1
criticism,1
unintended,1
vs,1
opportunities,1
experienced,1
shipman,1
thought,1
vesterbygden,1
rain,1
borrowed,1
restricted,1
formally,1
upwards,1
decimal,1
rom,1
mitigate,1
ne,1
differentiate,1
thesis,1
koch,1
perceived,1
plotted,1
homogeneous,1
extinction,1
informal,1
positively,1
light,1
assistance,1
attractively,1
culture,1
keeping,1
abandon,1
choices,1
barrel,1
purity,1
literally,1
hay,1
robust,1
rega,1
largest,1
rxterior,1
reliance,1
pershing,1
hearth,1
noted,1
consortium,1
exact,1
regardless,1
fill,1
volume,1
nova,1
worst,1
mound,1
salmon,1
goals,1
paul,1
pinnipeds,1
heritage,1
faults,1
reasserting,1
fell,1
others,1
spend,1
death,1
thresholds,1
halibut,1
nevada,1
added,1
successively,1
water,1
dyfed,1
husbandry,1
shows,1
admit,1
consideration,1
limit,1
turner,1
scholars,1
cumulative,1
liiiij,1
occupations,1
minnesota,1
plan,1
documents,1
abstract,1
demonstrations,1
shire,1
choice,1
recalculating,1
break,1
farming,1
demonstrating,1
proliferation,1
end,1
everything,1
overwhelmingly,1
contemporary,1
considerable,1
discussed,1
serious,1
vebaek,1
planners,1
men,1
ages,1
behind,1
took,1
hand,1
monographs,1
v,1
increases,1
taphonomists,1
operating,1
model,1
manner,1
barenplatz,1
ingimundarson,1
obscures,1
developing,1
skewing,1
shared,1
seventeenth,1
ungulates,1
immature,1
practice,1
paired,1
colony,1
focusing,1
carnivore,1
circumpolar,1
begun,1
topic,1
hamilton,1
routledge,1
riverton,1
locations,1
ibert,1
really,1
distortions,1
barrett,1
multidisciplinary,1
stabilize,1
pooling,1
recognizing,1
analyzed,1
understanding,1
collecting,1
nutrition,1
meaningful,1
foraminifera,1
unsieved,1
sealing,1
considering,1
background,1
easier,1
explanation,1
eighteenth,1
maritime,1
sides,1
formal,1
region,1
lake,1
including,1
thickness,1
ogilvie,1
industrialized,1
prox,1
gifford,1
medium,1
endeavour,1
yale,1
cripple,1
vikings,1
illusion,1
largely,1
fourteenth,1
emphasize,1
robinson,1
variation,1
congress,1
metre,1
overcoming,1
harvard,1
lartet,1
aree,1
nothing,1
laboratory,1
examination,1
full,1
taxon,1
california,1
theoretical,1
discontinuities,1
versions,1
rejected,1
futile,1
significance,1
reassessing,1
unable,1
laboratories,1
emphasizing,1
worrying,1
publication,1
sustain,1
correcting,1
fitzhugh,1
held,1
symposium,1
methodological,1
architectural,1
allowed,1
reviewers,1
arly,1
spread,1
housed,1
course,1
lie,1
devise,1
filled,1
mammals,1
kept,1
accurate,1
probable,1
anyone,1
abundant,1
disasters,1
neonatal,1
life,1
finite,1
ettlement,1
especially,1
retire,1
comparing,1
outcomes,1
systems,1
parallel,1
textbooks,1
evolutionary,1
generic,1
zu,1
craft,1
sight,1
references,1
assessing,1
greatly,1
exactly,1
excluded,1
scotia,1
cognitive,1
contributed,1
preand,1
analyze,1
horse,1
cording,1
southwest,1
workshop,1
versus,1
invented,1
haven,1
tendency,1
convincingly,1
bibliographic,1
widely,1
rit,1
reluctant,1
harvest,1
hunt,1
separate,1
tennessee,1
bee,1
heap,1
dealing,1
indication,1
fifty,1
twelve,1
bounce,1
assigned,1
respect,1
applications,1
imply,1
modification,1
dominates,1
today,1
perspectives,1
richest,1
lot,1
bars,1
assert,1
taraxacum,1
chance,1
continuing,1
plays,1
outlined,1
bound,1
pieces,1
fear,1
reasonable,1
concentrates,1
select,1
nansen,1
lines,1
order,1
widespread,1
palaeobiological,1
investigators,1
lost,1
team,1
began,1
hopeful,1
visual,1
requests,1
hopelessly,1
inadequate,1
rapidly,1
try,1
countries,1
volumes,1
shortened,1
graphical,1
intend,1
efficiency,1
expectations,1
norton,1
wheeler,1
dead,1
supporting,1
centres,1
get,1
examine,1
canada,1
unusual,1
susan,1
conservation,1
rises,1
considered,1
plus,1
goldberg,1
mathematically,1
dissertation,1
stratigraphic,1
rarely,1
fifteen,1
thinking,1
offsite,1
demersal,1
sorting,1
version,1
tempting,1
grand,1
ve,1
ethnoarchaeology,1
demonstrate,1
wear,1
geographic,1
balee,1
neighbouring,1
precise,1
constructed,1
terrestrial,1
besides,1
sceptical,1
funding,1
sciences,1
quaternary,1
poorest,1
integrative,1
estate,1
berkeley,1
rchaeofaunas,1
intellectual,1
control,1
east,1
historians,1
variable,1
collapsing,1
restrictive,1
appendix,1
meier,1
refighting,1
universal,1
feed,1
provoke,1
iii,1
nuuk,1
observe,1
orkney,1
clearly,1
themselves,1
earldoms,1
houses,1
longstanding,1
reflected,1
sorted,1
allocated,1
build,1
pect,1
maltby,1
uppermost,1
works,1
merely,1
industriousness,1
evident,1
nonparametric,1
phd,1
scholarship,1
beginning,1
born,1
game,1
according,1
avated,1
unlikely,1
abstruse,1
notable,1
proceedings,1
carefully,1
unique,1
whether,1
terms,1
worthwhile,1
stability,1
migratory,1
cause,1
nearby,1
forestry,1
sus,1
climatological,1
calculations,1
axis,1
excavatin,1
leaving,1
resulat,1
understandably,1
corroboration,1
waters,1
fully,1
getting,1
correlates,1
thousands,1
early,1
yield,1
proposing,1
intake,1
almost,1
isotopic,1
limnological,1
universe,1
middle,1
tephra,1
radically,1
paleoclimates,1
valley,1
preserved,1
careful,1
shetland,1
trivial,1
interrelated,1
persuaded,1
paleoeconomic,1
disparate,1
conclude,1
uniform,1
altogether,1
prospect,1
confirm,1
fossil,1
easy,1
subject,1
impose,1
disciplines,1
agents,1
territory,1
metapodials,1
regularities,1
arguments,1
summarizes,1
accentuate,1
phenomenon,1
challenges,1
zchice,1
quantifiable,1
gain,1
correspondences,1
catches,1
precision,1
pair,1
unrecognizable,1
prepared,1
come,1
examinations,1
farmyard,1
until,1
spring,1
presence,1
survival,1
argument,1
fi,1
editor,1
average,1
wang,1
follow,1
similarity,1
finding,1
crosby,1
abused,1
conditions,1
recovering,1
premature,1
parallels,1
brain,1
shed,1
offer,1
fauna,1
although,1
opposite,1
ll,1
states,1
integration,1
involving,1
variously,1
seeks,1
off,1
programme,1
biddick,1
association,1
increased,1
ranged,1
roughly,1
anonymous,1
needs,1
observation,1
searching,1
spacious,1
mcgowere,1
root,1
behrensmeyer,1
km,1
capra,1
text,1
obligation,1
th,1
sharing,1
dark,1
predictable,1
vestbygden,1
characters,1
documentary,1
sheer,1
dental,1
treating,1
landnama,1
re,1
sudden,1
baited,1
hvalsey,1
strong,1
technological,1
ss,1
profiles,1
building,1
successive,1
schafer,1
doing,1
indicating,1
close,1
draft,1
household,1
aduate,1
grants,1
hypothesis,1
