WORDCOUNTS,WEIGHT
the,477
of,303
and,194
in,175
a,95
is,94
to,89
for,63
are,49
this,49
from,49
santa,47
on,46
that,43
as,41
islands,35
with,35
was,34
by,31
cruz,30
it,29
which,29
be,29
not,28
fruit,25
or,24
were,22
they,21
but,21
there,20
quiros,20
an,20
species,20
have,20
one,19
santo,19
e,18
may,17
found,15
these,15
cultivated,15
new,15
d,15
l,14
thomson,14
at,13
agricultural,13
food,13
some,13
tree,13
description,13
island,13
pacific,13
solomon,13
like,13
probably,13
trees,13
their,12
could,12
st,12
very,11
nut,11
bay,11
root,11
used,11
many,11
both,11
taste,10
most,10
voyage,10
been,10
large,9
first,9
graciosa,9
gardens,9
eastern,9
also,9
two,9
espiritu,9
mentioned,9
plants,9
while,9
yam,8
other,8
recorded,8
sweet,8
such,8
plant,8
taro,8
spanish,8
voyages,8
catoira,8
has,8
size,8
c,8
common,7
fruits,7
products,7
subsistence,7
systems,7
yen,7
well,7
indigenous,7
its,7
he,7
only,7
solomons,7
yams,7
use,7
often,7
them,7
ethnobotany,7
i,6
houses,6
canarium,6
main,6
shape,6
hebrides,6
philip,6
second,6
crops,6
mendana,6
another,6
referred,6
wild,6
nuts,5
western,5
bark,5
all,5
so,5
breadfruit,5
those,5
system,5
described,5
coconut,5
myristica,5
explorers,5
kind,5
storage,5
kelly,5
than,5
no,5
without,5
his,5
out,5
part,5
leza,5
san,5
reference,5
same,5
more,5
documents,5
where,5
made,5
full,5
three,5
when,5
did,5
munilla,5
between,5
traditional,5
salomonense,4
now,4
if,4
much,4
modern,4
great,4
obvious,4
west,4
natives,4
sp,4
leaf,4
even,4
colour,4
record,4
frequently,4
had,4
london,4
contact,4
guadalcanal,4
eugenia,4
crop,4
forms,4
refers,4
esculenta,4
we,4
spp,4
gathered,4
intensification,4
forests,4
far,4
form,4
extract,4
varieties,4
observation,4
expedition,3
group,3
likely,3
h,3
being,3
vols,3
might,3
narrative,3
follows,3
inland,3
piper,3
almond,3
agriculture,3
apple,3
red,3
quantity,3
thus,3
throughout,3
development,3
due,3
third,3
identifications,3
journal,3
lesser,3
york,3
whose,3
identification,3
rather,3
certain,3
parts,3
study,3
references,3
gallego,3
latter,3
mendafia,3
observations,3
four,3
important,3
based,3
conspicuous,3
though,3
future,3
records,3
cristobal,3
attributed,3
good,3
betel,3
p,3
field,3
canoe,3
grow,3
presence,3
roots,3
bananas,3
florida,3
gnetum,3
various,3
economic,3
texture,3
make,3
kolombangara,3
narratives,3
noted,3
palm,3
grows,3
including,3
melanesian,3
pometia,3
chicha,3
gardening,3
dioscorea,3
leaves,3
can,3
isabel,3
smaller,3
markham,3
detail,3
melanesia,3
each,3
different,3
visits,3
passage,3
accounts,3
occasionally,3
through,3
tall,3
mendania,3
grown,3
although,3
product,3
remains,3
early,3
recent,3
pandanus,3
does,2
o,2
way,2
names,2
kinds,2
fibres,2
pipturus,2
pots,2
chief,2
my,2
said,2
consistent,2
either,2
long,2
caroline,2
chronicles,2
alocasia,2
taken,2
planting,2
amaranthus,2
seems,2
together,2
confusion,2
turmeric,2
able,2
caledonia,2
unpleasant,2
feature,2
voyagers,2
within,2
british,2
harvest,2
nali,2
cleared,2
malaita,2
possible,2
sixteenth,2
fine,2
resources,2
data,2
identifies,2
historical,2
de,2
inner,2
mixed,2
application,2
smells,2
basil,2
stored,2
refer,2
body,2
terrace,2
apparently,2
recognized,2
hopes,2
ginger,2
expected,2
observers,2
shrub,2
cultigen,2
arboriculture,2
similar,2
b,2
gathering,2
sown,2
prehistory,2
fish,2
sugarcane,2
w,2
commonly,2
pierre,2
dominant,2
m,2
qualities,2
expressed,2
bearing,2
smell,2
typical,2
resembles,2
hibiscus,2
eat,2
cannot,2
excellent,2
placed,2
wide,2
possibility,2
artocarpus,2
impression,2
basis,2
calophyllum,2
work,2
industrial,2
apparent,2
stores,2
citrus,2
place,2
people,2
oceania,2
call,2
fosb,2
least,2
mendaria,2
stage,2
obos,2
quite,2
few,2
bottle,2
kernels,2
rind,2
sarmiento,2
customary,2
annual,2
world,2
cycle,2
notes,2
south,2
choiseul,2
variety,2
indeed,2
bunches,2
brief,2
above,2
selection,2
fermentation,2
columbus,2
orange,2
marshall,2
culture,2
skin,2
social,2
name,2
decoration,2
mentions,2
others,2
husk,2
lime,2
water,2
husbandry,2
occurrence,2
time,2
tectorius,2
contemporary,2
dulcis,2
agathis,2
dubius,2
eg,2
material,2
native,2
number,2
marquesas,2
local,2
original,2
baskets,2
kernel,2
discovery,2
upon,2
region,2
encouraged,2
eaten,2
malaccensis,2
dye,2
inocarpus,2
specifies,2
clear,2
cyrtosperma,2
commonest,2
general,2
terminalia,2
accurate,2
earlier,2
especially,2
spondias,2
mames,2
james,2
forst,2
zingiber,2
widely,2
amherst,2
catappa,2
tuber,2
seen,2
sails,2
volumes,2
analysis,2
deductive,2
any,2
pinnata,2
comparison,2
finest,2
known,2
natural,2
anthropology,2
paper,2
descriptions,2
genus,2
report,2
foundation,2
cultivation,2
utilized,2
alata,2
february,2
animal,2
surpluses,2
unlikely,2
what,2
carefully,2
terms,2
statement,2
tahitian,2
practice,2
given,2
substance,2
oceanic,2
our,2
named,2
recording,2
lists,2
national,2
green,2
states,2
area,2
apart,2
substitute,2
reached,2
pineapple,2
occur,2
element,2
little,2
close,2
major,2
cordate,1
difficult,1
tokyo,1
gnemon,1
declared,1
later,1
indicated,1
groups,1
shelves,1
praised,1
extend,1
resulted,1
foraging,1
burckella,1
measures,1
alone,1
introduction,1
string,1
fagiferus,1
manuscript,1
distributed,1
asiatica,1
village,1
settlements,1
complex,1
residences,1
judged,1
purpurata,1
identify,1
maize,1
pines,1
diversification,1
referring,1
tuberous,1
sets,1
studies,1
foliage,1
considerations,1
protection,1
explicable,1
history,1
into,1
laid,1
before,1
harvests,1
enumeration,1
carob,1
something,1
plantations,1
source,1
properties,1
spit,1
predominantly,1
round,1
member,1
ingestion,1
australia,1
conforms,1
sources,1
wrong,1
isla,1
expands,1
certainly,1
concur,1
posed,1
production,1
parkins,1
implications,1
give,1
feeling,1
beautiful,1
ourselves,1
advanced,1
j,1
nature,1
poison,1
words,1
definition,1
georgia,1
resemblance,1
shaped,1
s,1
available,1
flowers,1
tradition,1
recooking,1
cords,1
indulge,1
reasons,1
differences,1
honiara,1
portrayal,1
exotic,1
rich,1
producing,1
borne,1
mamees,1
thanks,1
room,1
listing,1
achieved,1
fresh,1
ellice,1
rudimentary,1
written,1
date,1
stand,1
bismarck,1
principal,1
gifts,1
roster,1
ours,1
honolulu,1
confused,1
similarities,1
ad,1
case,1
wetter,1
lam,1
nucifera,1
calabashes,1
owing,1
guineas,1
east,1
doreen,1
translations,1
planted,1
march,1
chapter,1
account,1
vol,1
methysticum,1
ornamentation,1
occupying,1
prior,1
parinari,1
fiji,1
condition,1
soils,1
solely,1
fana,1
panaes,1
irrigated,1
occurring,1
variations,1
point,1
since,1
purgative,1
genetic,1
undoubtedly,1
indigo,1
financed,1
economies,1
plenty,1
collection,1
singled,1
surplus,1
odour,1
human,1
chapters,1
domesticated,1
comments,1
differential,1
dependence,1
branching,1
integral,1
manihot,1
immediate,1
roger,1
pilot,1
vinahu,1
surrounded,1
against,1
september,1
unpublished,1
railings,1
enlarged,1
agent,1
schum,1
modes,1
regarded,1
hawaii,1
rains,1
ethnobotanical,1
luggage,1
century,1
mahu,1
duff,1
cases,1
elements,1
keep,1
grape,1
back,1
herbaceous,1
structural,1
compared,1
arranged,1
thin,1
obscure,1
chewings,1
reared,1
ingredient,1
burtt,1
details,1
sun,1
discovering,1
hardly,1
banana,1
failed,1
overestimated,1
vegetable,1
adequate,1
tonga,1
likeness,1
fermenting,1
statements,1
english,1
almonds,1
anuta,1
hana,1
district,1
remain,1
interpretation,1
bays,1
burk,1
basic,1
trunks,1
notices,1
gum,1
presentation,1
mean,1
walker,1
samoa,1
stops,1
direct,1
plots,1
lay,1
summarized,1
discoveries,1
scattered,1
supplements,1
firmer,1
supposed,1
bad,1
alpinia,1
university,1
gingers,1
exocarp,1
organization,1
established,1
familiar,1
intensive,1
repeated,1
seasoned,1
dated,1
marauding,1
technology,1
poisonous,1
alluded,1
n,1
numbers,1
reconstituted,1
house,1
differs,1
ornamentals,1
show,1
commented,1
officer,1
hart,1
antiaris,1
islanders,1
nabo,1
campanulatus,1
suggested,1
fibrous,1
eludes,1
nia,1
vine,1
nsf,1
inshore,1
irrigation,1
greater,1
ranges,1
uses,1
result,1
prehistoric,1
came,1
whom,1
ethnography,1
appearance,1
entered,1
called,1
accents,1
item,1
effort,1
shared,1
ocean,1
events,1
requirements,1
diet,1
representative,1
accent,1
late,1
further,1
sparse,1
weed,1
cocos,1
toxicaria,1
occupation,1
cultural,1
bp,1
vinau,1
seedless,1
burial,1
domestication,1
recently,1
population,1
produced,1
applied,1
otherwise,1
chamissonis,1
wealth,1
sites,1
torquemada,1
procedures,1
celsus,1
merrill,1
altilis,1
method,1
structure,1
larders,1
near,1
intimating,1
acknowledgements,1
epithetically,1
arboricultural,1
because,1
aspects,1
failure,1
representatives,1
sprengel,1
pigs,1
duffs,1
directly,1
institutes,1
keeping,1
having,1
canes,1
revealed,1
inferred,1
hung,1
permitted,1
scope,1
blue,1
del,1
claim,1
r,1
occupants,1
nga,1
betelchewing,1
cob,1
related,1
comment,1
journals,1
discriminates,1
marquesan,1
got,1
continuation,1
sava,1
kindly,1
couched,1
broad,1
partly,1
seasonally,1
survey,1
soland,1
bishop,1
reflect,1
mast,1
hidden,1
approach,1
manifestation,1
t,1
earth,1
ocimum,1
published,1
sophora,1
describing,1
level,1
responsibility,1
solidified,1
saccharum,1
peruvian,1
contrast,1
zingiberaceae,1
phrase,1
settlement,1
involved,1
specifically,1
small,1
dried,1
several,1
cristobali,1
endpoint,1
soil,1
prick,1
irrigate,1
eumusa,1
observe,1
research,1
spices,1
reported,1
protect,1
herb,1
flavour,1
diversified,1
seeds,1
tended,1
coast,1
generally,1
inflorescences,1
progress,1
describes,1
protectorate,1
matting,1
appropriate,1
provided,1
preliminary,1
geographical,1
sago,1
deficiency,1
areca,1
settlers,1
span,1
will,1
f,1
naming,1
ceremonial,1
conforming,1
attributable,1
contended,1
plenitude,1
identified,1
cleft,1
short,1
wrote,1
chestnut,1
macrorrhiza,1
plans,1
fencing,1
return,1
yields,1
nearly,1
courtesies,1
buhio,1
april,1
still,1
kauri,1
officinarum,1
clove,1
perennial,1
westerly,1
bread,1
gilbert,1
omits,1
about,1
guide,1
collect,1
oxford,1
simultaneous,1
loaded,1
australimusa,1
edited,1
yet,1
elaboration,1
infested,1
museum,1
fit,1
lemon,1
serve,1
indigenously,1
under,1
chronology,1
us,1
malay,1
included,1
botany,1
assistance,1
complete,1
savo,1
indian,1
largest,1
siceraria,1
chestnuts,1
department,1
phoenix,1
replaces,1
friend,1
picture,1
fill,1
colocasia,1
writing,1
fire,1
bulbifera,1
cavities,1
extracted,1
lanceolate,1
journey,1
again,1
drink,1
rejects,1
put,1
experienced,1
nutmegs,1
fact,1
musa,1
lack,1
treatment,1
preserve,1
areas,1
pressure,1
fleeing,1
foods,1
obovata,1
abstract,1
indies,1
santoe,1
factor,1
larger,1
banks,1
fernandez,1
end,1
contentious,1
variation,1
venture,1
succeeding,1
whitmore,1
habit,1
enlarge,1
fits,1
caterpillars,1
do,1
paris,1
ground,1
betle,1
roofing,1
michael,1
tell,1
colony,1
poles,1
perhaps,1
project,1
pears,1
controversy,1
assemblage,1
gives,1
encountered,1
italicized,1
mats,1
spongy,1
crystals,1
understanding,1
glue,1
arch,1
discussion,1
acalpulco,1
father,1
disease,1
survive,1
intent,1
examples,1
treated,1
comprise,1
accompanying,1
chewed,1
leguminous,1
delicate,1
distinctly,1
increase,1
wound,1
tomentosa,1
unfortunately,1
largely,1
causes,1
resulting,1
pleasure,1
cooked,1
nothing,1
examination,1
cinnamon,1
amaranths,1
vsbougainville,1
nutmeg,1
trade,1
curcuma,1
open,1
significance,1
explorations,1
discovered,1
archaeological,1
grew,1
liquor,1
points,1
health,1
failures,1
christopher,1
times,1
indicate,1
hackney,1
would,1
spread,1
kurz,1
function,1
fr,1
ndeni,1
distinction,1
obtained,1
greens,1
preservation,1
commentaries,1
provides,1
transcript,1
ugi,1
loose,1
lighting,1
problems,1
oxalate,1
exaggeration,1
camotes,1
schott,1
exactly,1
effect,1
barringtoniaprocera,1
ate,1
chikamori,1
equivalent,1
looked,1
sectioned,1
potato,1
pippin,1
saw,1
conveyed,1
pottery,1
stimulant,1
la,1
unrelated,1
contributes,1
roasted,1
seasons,1
somewhat,1
glaberrima,1
relationship,1
imply,1
aid,1
today,1
provide,1
science,1
sometimes,1
figure,1
newlo,1
ecological,1
goodenough,1
naturally,1
gums,1
screwpine,1
claimed,1
inside,1
pana,1
favour,1
fleshy,1
widespread,1
dimensions,1
who,1
itself,1
mangifera,1
returned,1
contribution,1
thirteen,1
shells,1
renderings,1
pertinence,1
casually,1
previews,1
tapped,1
achieve,1
kunth,1
months,1
abelmoschus,1
sailors,1
thick,1
earliest,1
sections,1
undertook,1
anthropological,1
catechu,1
share,1
deposited,1
heavy,1
then,1
barringtonia,1
ordered,1
precedence,1
fronds,1
growing,1
categorizations,1
lemons,1
comes,1
alvara,1
must,1
extensive,1
reinforced,1
beverage,1
recognizable,1
badly,1
alludes,1
terrestrial,1
dicotyledonous,1
brookfield,1
alternative,1
staked,1
macrophylla,1
over,1
colonization,1
amorhophallus,1
catching,1
rakahanga,1
juice,1
correspond,1
annotation,1
nds,1
indicum,1
attribute,1
extraction,1
board,1
ipomoea,1
practised,1
dyed,1
manipulations,1
domestica,1
inquiry,1
rivalry,1
aalaita,1
spaniards,1
polynesian,1
researches,1
aril,1
deserving,1
pit,1
bases,1
guinea,1
closest,1
living,1
type,1
evident,1
appleto,1
niamas,1
villages,1
genera,1
notable,1
month,1
list,1
ones,1
varying,1
chickens,1
forestry,1
interpreter,1
hoped,1
differentiates,1
ripe,1
distribution,1
travellers,1
panahes,1
foundations,1
delicious,1
argued,1
translators,1
rating,1
dark,1
produce,1
noticed,1
information,1
uneven,1
almost,1
pers,1
suggests,1
threat,1
boiled,1
rockefeller,1
translated,1
presented,1
whence,1
lagenaria,1
leaney,1
recognition,1
multiple,1
met,1
introduced,1
sea,1
beach,1
particles,1
alternatives,1
press,1
intended,1
measure,1
misidentification,1
strand,1
commodities,1
contribute,1
pudding,1
connotation,1
cucurbit,1
colonial,1
indians,1
palms,1
crew,1
aspect,1
accorded,1
contrasts,1
prepared,1
polynesia,1
devoted,1
soft,1
shown,1
until,1
beccari,1
reveals,1
cambridge,1
similarity,1
vernacular,1
accept,1
include,1
exudates,1
need,1
evidence,1
phillippines,1
writer,1
attributes,1
variously,1
piece,1
batatas,1
forming,1
off,1
built,1
definitive,1
ships,1
deductions,1
purses,1
summary,1
davenport,1
vi,1
charles,1
carbon,1
assumed,1
guiart,1
recounted,1
taros,1
smooth,1
cinnamomum,1
hills,1
pedro,1
liquid,1
cook,1
informants,1
potatoes,1
damp,1
stream,1
documentary,1
abandoned,1
gaagr,1
accentuate,1
metroxylon,1
mature,1
among,1
leafy,1
versatility,1
observed,1
should,1
fermented,1
tubers,1
gourd,1
perception,1
tiliaceus,1
barks,1
castillian,1
