WORDCOUNTS,WEIGHT
the,546
of,401
in,348
and,340
a,146
de,126
to,113
colonial,90
archaeology,86
on,67
andean,65
historical,64
has,52
from,50
is,46
as,45
la,44
del,40
an,40
m,37
been,37
social,36
that,35
have,35
d,34
en,33
by,33
spanish,32
these,32
arqueologia,32
for,31
y,31
was,31
andes,31
j,28
peru,28
p,28
r,28
this,28
research,28
work,27
early,27
al,26
archaeological,26
with,26
et,25
pp,25
c,25
at,24
g,23
remains,23
urban,22
american,21
university,21
america,20
sites,20
san,20
were,20
h,19
excavation,19
archaeologists,19
w,19
period,18
south,17
many,17
be,17
new,16
region,16
are,16
press,16
s,15
other,15
ecuador,15
but,15
which,15
studies,14
e,14
prehistoric,14
los,14
indigenous,14
vargas,14
rural,14
buenos,13
el,13
latin,13
late,13
cultural,13
projects,13
historic,13
lo,13
not,13
one,12
into,12
ross,12
such,12
church,12
century,12
l,12
excavated,12
sanoja,12
both,12
it,11
history,11
study,11
researchers,11
or,11
where,11
venezuela,11
las,11
much,11
world,11
argentina,11
restoration,10
journal,10
international,10
burial,10
its,10
jamieson,10
results,10
practices,10
yet,10
historia,10
only,10
more,10
b,10
extensive,10
andino,10
francisco,10
o,9
historica,9
human,9
van,9
published,9
city,9
also,9
ceramic,9
analysis,9
although,9
between,9
focus,9
boletin,9
f,8
village,8
large,8
t,8
i,8
colombia,8
some,8
perspective,8
jesuit,8
lima,8
faunal,8
peruvian,8
architecture,8
obediente,8
nacional,8
domestic,8
cities,8
approaches,7
production,7
studied,7
arenas,7
cemeteries,7
than,7
site,7
after,7
their,7
beyond,7
important,7
ubelaker,7
part,7
cardenas,7
fournier,7
outside,7
material,7
project,7
k,7
moquegua,7
monasteries,7
hospital,7
monastery,7
quito,7
revista,7
valley,7
huaca,6
contexts,6
first,6
indigena,6
bogota,6
central,6
throughout,6
development,6
schavelzon,6
effort,6
mining,6
casa,6
during,6
analysed,6
catholic,6
several,6
villages,6
when,6
various,6
continuity,6
two,6
efforts,6
caracas,6
v,6
mortuary,6
publication,6
any,6
peoples,6
over,6
cemetery,6
franciscan,6
them,6
chile,6
until,6
north,6
national,6
abandoned,6
inka,5
nineteenth,5
highland,5
date,5
political,5
british,5
crypts,5
ediciones,5
may,5
no,5
landscape,5
una,5
most,5
martinez,5
ceramics,5
facilities,5
mummies,5
colonies,5
used,5
seminario,5
working,5
led,5
southern,5
smith,5
lack,5
local,5
including,5
largely,5
jose,5
can,5
zarankin,5
cementerio,5
series,5
museo,5
became,5
african,5
recovered,5
debate,5
common,4
way,4
mendoza,4
undertaken,4
military,4
tradition,4
rosales,4
eastern,4
inca,4
vol,4
guillen,4
excavations,4
his,4
across,4
ongoing,4
burials,4
changes,4
colonialism,4
house,4
could,4
institute,4
near,4
teoria,4
brought,4
issues,4
people,4
showing,4
own,4
ruinas,4
he,4
kluwer,4
culture,4
scholars,4
aires,4
simon,4
discovery,4
municipalidad,4
individuals,4
similar,4
caribbean,4
mines,4
municipal,4
exchange,4
labour,4
northern,4
institution,4
continued,4
who,4
often,4
centuries,4
meant,4
practice,4
archaeologies,4
mario,4
physical,4
natural,4
companon,4
particularly,4
very,4
goods,4
past,4
places,4
property,4
up,4
conference,4
son,4
through,4
slopes,4
despite,4
manufacturing,4
years,4
area,4
jamie,4
recent,4
now,3
valle,3
later,3
groups,3
created,3
resulted,3
settlements,3
potosi,3
western,3
before,3
congress,3
emerged,3
nature,3
analyses,3
government,3
help,3
there,3
last,3
state,3
daniel,3
case,3
buren,3
community,3
karen,3
restos,3
editorial,3
since,3
trujillo,3
santa,3
santo,3
hispanic,3
chilean,3
torata,3
houses,3
bolivia,3
chan,3
wineries,3
without,3
coastal,3
subsistence,3
landscapes,3
importance,3
population,3
scattered,3
mary,3
origins,3
rice,3
metal,3
conquest,3
had,3
came,3
found,3
out,3
occupation,3
focused,3
recently,3
produced,3
osmore,3
excellent,3
universidad,3
received,3
fraser,3
example,3
related,3
journals,3
place,3
exemplary,3
buildings,3
arqueologicos,3
settlement,3
republics,3
coast,3
st,3
nations,3
republican,3
situation,3
scientific,3
located,3
roadside,3
religious,3
single,3
para,3
museum,3
mission,3
under,3
us,3
same,3
shifting,3
department,3
reliance,3
fact,3
instituto,3
grave,3
end,3
serious,3
coarse,3
seventeenth,3
vertical,3
nueva,3
siglo,3
made,3
lake,3
identity,3
significant,3
use,3
twentieth,3
juan,3
survey,3
regions,3
theoretical,3
underwent,3
trade,3
health,3
congreso,3
times,3
vida,3
renewal,3
contact,3
patterson,3
occupied,3
we,3
calvo,3
attention,3
european,3
provide,3
chance,3
team,3
began,3
blood,3
types,3
school,3
undertook,3
then,3
equipment,3
smithsonian,3
quickly,3
country,3
extraction,3
historians,3
patrimonio,3
economy,3
unique,3
particular,3
agricultural,3
huge,3
little,3
interchange,3
step,3
kiln,3
cambridge,3
argentinean,3
altiplano,3
diaspora,3
marxist,3
create,3
expulsion,3
built,3
final,2
catolica,2
tres,2
imported,2
iowa,2
miners,2
parochialism,2
modern,2
decade,2
defrance,2
cultura,2
materials,2
themes,2
urgency,2
historicas,2
earthenwares,2
iraida,2
antiguas,2
catedral,2
anywhere,2
all,2
europe,2
excavating,2
twenty,2
accompanied,2
great,2
differences,2
rich,2
imperio,2
glazed,2
nationalism,2
emphasized,2
those,2
classified,2
within,2
system,2
evaluation,2
globe,2
anthropologists,2
key,2
agriculture,2
sixteenth,2
obvious,2
west,2
archipelagos,2
economies,2
diversity,2
estudio,2
historically,2
run,2
due,2
visited,2
extensively,2
montana,2
forced,2
better,2
epoca,2
guthertz,2
columbia,2
wares,2
gorriti,2
left,2
publications,2
undertaking,2
even,2
look,2
lesser,2
opposed,2
high,2
olmos,2
whose,2
guaira,2
identification,2
rather,2
tar,2
remain,2
bolivar,2
sama,2
earthquake,2
parts,2
von,2
hook,2
dominican,2
prehistory,2
locally,2
objects,2
metallurgy,2
presumably,2
impact,2
record,2
cundiboyacense,2
upper,2
jars,2
surface,2
readings,2
novellino,2
peninsula,2
theory,2
decades,2
gutierrez,2
result,2
dumps,2
arqueologicas,2
begun,2
access,2
baton,2
changed,2
peek,2
estudios,2
initial,2
ethnohistorical,2
academic,2
ceramica,2
war,2
appears,2
scale,2
public,2
because,2
globally,2
well,2
artefacts,2
cabello,2
women,2
concept,2
su,2
antropologia,2
ten,2
refined,2
policies,2
beginnings,2
hot,2
publish,2
missions,2
cristobal,2
rowe,2
my,2
bodegas,2
creating,2
least,2
start,2
field,2
order,2
contrast,2
quite,2
involved,2
around,2
influence,2
mineral,2
few,2
accomplished,2
barcena,2
industry,2
beck,2
core,2
annual,2
loza,2
chimu,2
tschopik,2
preliminary,2
geographical,2
society,2
survived,2
will,2
economic,2
schmidt,2
comparative,2
expansion,2
exception,2
domingo,2
harbour,2
incredibly,2
osambela,2
hold,2
guzman,2
roberto,2
biological,2
about,2
technology,2
prehistorians,2
orders,2
already,2
academia,2
reports,2
regional,2
foucault,2
death,2
academy,2
demographic,2
ossuary,2
convents,2
bourbon,2
areas,2
wine,2
reform,2
latina,2
destroyed,2
took,2
jaime,2
sanhueza,2
centre,2
model,2
empire,2
heavily,2
see,2
acari,2
number,2
mogrovejo,2
thoroughly,2
remained,2
contempordnea,2
nutrition,2
elevations,2
disease,2
intent,2
range,2
eighteenth,2
desert,2
abo,2
silverman,2
elite,2
top,2
mummified,2
pizarro,2
excavaciones,2
identificacion,2
quinta,2
cathedral,2
editores,2
chosen,2
waster,2
urbana,2
scher,2
allowed,2
funari,2
mexico,2
administrative,2
preservation,2
martin,2
cock,2
hallados,2
become,2
palo,2
garcia,2
sacred,2
cabildo,2
ago,2
louisiana,2
investigations,2
cloisters,2
carried,2
relationship,2
tomo,2
foreign,2
politis,2
mummification,2
bulletin,2
camino,2
un,2
espanola,2
countries,2
life,2
construction,2
centres,2
aboriginal,2
canada,2
susan,2
earliest,2
anales,2
heavy,2
panama,2
latinoamericana,2
banco,2
tambo,2
continues,2
pace,2
indigenas,2
alvarez,2
control,2
cultures,2
iglesias,2
wealthy,2
eventually,2
therrien,2
identities,2
type,2
elena,2
beginning,2
ruins,2
proceedings,2
fina,2
whether,2
selected,2
comer,2
earthenware,2
extent,2
her,2
prudence,2
newson,2
almost,2
minimal,2
pneumoconiosis,2
subject,2
domesticates,2
contrasts,2
iberian,2
devoted,2
locations,2
quest,2
tarapaya,2
actively,2
americas,2
fauna,2
include,2
arrieta,2
unified,2
ciudad,2
finds,2
defined,2
philosophy,2
nitrate,2
elites,2
titicaca,2
traditional,2
complementarity,2
strong,2
among,2
comparable,2
here,2
should,2
showed,2
miasta,2
major,2
thorough,2
given,1
contacts,1
entities,1
tokyo,1
go,1
does,1
margins,1
currently,1
beer,1
formacion,1
done,1
provisioning,1
beckwith,1
paralleled,1
accidents,1
flow,1
limits,1
jewels,1
difficult,1
drunken,1
activation,1
if,1
craniometric,1
steckel,1
designated,1
investigaciones,1
republicana,1
universite,1
represent,1
pale,1
market,1
environmental,1
tierra,1
red,1
implies,1
multilingual,1
bolsa,1
muertos,1
durante,1
mountains,1
introduction,1
distributed,1
linguistic,1
stothert,1
landholding,1
they,1
michaels,1
conversion,1
colegio,1
patio,1
group,1
becoming,1
historias,1
amazing,1
mesoamerica,1
complex,1
replaced,1
missionization,1
offerings,1
aproximaciones,1
haciendas,1
posibilidades,1
closure,1
maize,1
recuperacion,1
algunas,1
formed,1
uniquely,1
true,1
ways,1
surround,1
agua,1
evidencias,1
cuzco,1
modos,1
histar,1
imaging,1
upheaval,1
park,1
castillos,1
duke,1
former,1
physis,1
theatre,1
earnest,1
flores,1
provincias,1
inequality,1
guillermo,1
teorica,1
vehemently,1
weik,1
something,1
plantations,1
source,1
annals,1
pioneers,1
properties,1
iain,1
experience,1
backdirt,1
lower,1
said,1
picturesque,1
comuneros,1
barriers,1
long,1
tantalizing,1
silenciada,1
sad,1
catdlogo,1
interests,1
venezolano,1
taken,1
monumentos,1
culturally,1
contrasted,1
vols,1
hagen,1
attempt,1
bethlemite,1
voss,1
styg,1
advanced,1
supplied,1
fronteras,1
mercury,1
comedy,1
damaged,1
layout,1
beber,1
sealant,1
secondary,1
advantage,1
arnica,1
warm,1
together,1
flotation,1
simple,1
stanish,1
careers,1
thank,1
ucayali,1
duran,1
nineteen,1
colombiana,1
able,1
reed,1
personages,1
viluco,1
reveal,1
basin,1
uncovered,1
whistling,1
resulting,1
take,1
styles,1
achieved,1
feature,1
aun,1
struggle,1
stand,1
concepts,1
principal,1
duality,1
contrasting,1
mestizaje,1
opposite,1
coordinated,1
quechua,1
racial,1
cuenca,1
univ,1
tragedy,1
seminar,1
similarities,1
producing,1
inrnaculada,1
sociedad,1
con,1
momia,1
advocates,1
maroon,1
linear,1
east,1
encouraging,1
bones,1
bases,1
mass,1
demography,1
interlibrary,1
design,1
reminder,1
jack,1
tendencias,1
gardens,1
opened,1
culturas,1
greg,1
politics,1
neyla,1
subaltern,1
illustrate,1
functions,1
consciousness,1
richard,1
piperno,1
apocalyptic,1
boktryckeri,1
professor,1
occurring,1
taking,1
interdisciplinary,1
desired,1
point,1
say,1
reflecting,1
familial,1
relocated,1
conception,1
household,1
cartagena,1
enter,1
ritual,1
beneath,1
removes,1
tied,1
arqueologica,1
sanchez,1
make,1
esqueleto,1
funded,1
mid,1
labor,1
neutron,1
goal,1
craniometry,1
postmedieval,1
thus,1
documentos,1
includes,1
review,1
relationships,1
filosofia,1
desaguadero,1
eventual,1
mine,1
dynamics,1
incas,1
orinoco,1
borderlands,1
mtdna,1
rosada,1
unpublished,1
interest,1
republica,1
ease,1
mixed,1
relations,1
gendered,1
carlos,1
analisis,1
conducted,1
cf,1
jr,1
laurie,1
schaedel,1
actas,1
espanolas,1
arqueologico,1
estilos,1
topic,1
radar,1
kind,1
ossuaries,1
unity,1
humanos,1
cases,1
drainage,1
sed,1
distinct,1
nor,1
old,1
etnologia,1
posterior,1
colores,1
back,1
disproportionately,1
loreto,1
allowing,1
emphases,1
compared,1
argentine,1
languishing,1
dined,1
truly,1
networks,1
storage,1
ler,1
communication,1
bennett,1
monika,1
conducting,1
cronologia,1
tableware,1
recherches,1
adult,1
tintar,1
loan,1
hallazgos,1
hampe,1
technicians,1
stanley,1
quinti,1
gomez,1
antioquia,1
celebrating,1
crossroads,1
industries,1
distribution,1
higher,1
operation,1
online,1
excavate,1
interesting,1
york,1
segun,1
operations,1
moiety,1
managers,1
purely,1
brandy,1
investigacion,1
residence,1
federal,1
main,1
highlands,1
how,1
sort,1
housing,1
appreciation,1
financing,1
levels,1
merced,1
cult,1
goes,1
opportunity,1
uruguayan,1
rescue,1
persistencia,1
amazonian,1
grew,1
brand,1
generally,1
ellenbogen,1
direct,1
kilns,1
inn,1
resettlement,1
white,1
reforms,1
discoveries,1
animals,1
precious,1
supposed,1
addressing,1
shining,1
support,1
monuments,1
references,1
straits,1
lives,1
tower,1
escape,1
ocupacion,1
teatro,1
want,1
routledqe,1
palos,1
underdeveloped,1
organization,1
sorts,1
river,1
retained,1
organized,1
peasants,1
calagquen,1
intertwined,1
proposed,1
edition,1
realities,1
contisuyu,1
n,1
numbers,1
comportamiento,1
packaged,1
reales,1
facsimile,1
fordneos,1
largescale,1
four,1
show,1
alta,1
operate,1
superior,1
delta,1
resource,1
postcolombiano,1
isolation,1
lifespan,1
comparisons,1
monclova,1
neither,1
essentialism,1
exploitation,1
mix,1
archeological,1
ventura,1
permanent,1
calgary,1
trained,1
coca,1
formaciones,1
methodology,1
nebraska,1
osteological,1
iconography,1
usamaya,1
grupos,1
greater,1
opening,1
closely,1
salvage,1
based,1
bilateral,1
merging,1
slave,1
aftermath,1
interchanges,1
municipalities,1
lowland,1
societies,1
rule,1
marion,1
entered,1
search,1
called,1
farmsteads,1
fishing,1
radical,1
carolina,1
huesos,1
zone,1
accommodations,1
aksant,1
diet,1
territorio,1
conventos,1
cores,1
markets,1
lizarraga,1
circulation,1
zoomers,1
applying,1
kinship,1
mackay,1
understood,1
informed,1
buried,1
rousseau,1
districts,1
keywords,1
marxista,1
venue,1
tile,1
suffered,1
appearing,1
wealth,1
placed,1
metals,1
unglazed,1
huayna,1
conferences,1
overwhelmed,1
paleopathology,1
stations,1
acknowledgements,1
aspects,1
improve,1
xix,1
abuse,1
gained,1
none,1
having,1
replacements,1
urbano,1
majolica,1
basis,1
haus,1
future,1
laficcion,1
closed,1
data,1
island,1
planning,1
douglas,1
implement,1
industrial,1
ideal,1
croup,1
lords,1
domination,1
huertas,1
norm,1
tombs,1
reduction,1
gender,1
description,1
port,1
got,1
biologia,1
loss,1
whole,1
literature,1
hybridity,1
realm,1
gave,1
citation,1
palynology,1
intermediate,1
castillo,1
obscured,1
broad,1
cripta,1
ricardo,1
corregidor,1
timelessness,1
music,1
arqobispal,1
bishop,1
personal,1
away,1
aliaga,1
overseas,1
cone,1
ciencia,1
occidente,1
stanford,1
visions,1
xviith,1
lungs,1
strongest,1
approach,1
detailed,1
good,1
change,1
commons,1
chachapoya,1
pearsall,1
recuperados,1
things,1
socialist,1
clampdown,1
tested,1
next,1
cer,1
influences,1
owned,1
sharp,1
hemisphere,1
enslaved,1
migration,1
concerns,1
scattering,1
governments,1
solarieg,1
oro,1
facility,1
civilizaciones,1
presentada,1
boundaries,1
methodological,1
oneeglio,1
hindrance,1
always,1
geneticists,1
rescate,1
venezuelan,1
majority,1
fortress,1
commemorative,1
capiz,1
unesco,1
roots,1
florida,1
salman,1
patrones,1
newly,1
grateful,1
provided,1
comprehensively,1
sitio,1
moved,1
ninth,1
rocha,1
massive,1
frontera,1
petroleum,1
venezolanos,1
appeal,1
cite,1
contactperiod,1
produccion,1
integrating,1
consideraciones,1
communist,1
poignantly,1
minor,1
onset,1
variety,1
absence,1
bautista,1
mesa,1
virrey,1
impacts,1
populations,1
materiales,1
techniques,1
limited,1
schemes,1
forward,1
harris,1
fractured,1
rodriguez,1
modo,1
converted,1
july,1
still,1
sobre,1
estado,1
harry,1
expanded,1
surviving,1
zoological,1
palynological,1
comments,1
macrobotanical,1
modes,1
settings,1
templo,1
positive,1
bread,1
colecciones,1
sincere,1
springs,1
land,1
magellan,1
haplotypes,1
monte,1
phylogenetic,1
wake,1
marginal,1
thought,1
serve,1
metallurgical,1
boundary,1
iberoamerica,1
muerte,1
processing,1
participants,1
included,1
home,1
meridith,1
neotropics,1
complete,1
dialectical,1
dna,1
floor,1
economicas,1
lament,1
unsullied,1
indian,1
nineteenthcentury,1
largest,1
insights,1
qualified,1
denis,1
increasingly,1
williams,1
bar,1
fragmenteria,1
colleen,1
picture,1
outskirts,1
volume,1
angel,1
alteration,1
street,1
mound,1
colonia,1
uncontested,1
leader,1
gain,1
heritage,1
aguilar,1
decoration,1
technique,1
power,1
factory,1
primitivas,1
toward,1
others,1
pointed,1
ecological,1
put,1
andeanists,1
munizaga,1
financial,1
conduct,1
water,1
ecuadorian,1
missing,1
expeditiously,1
provincia,1
shows,1
longer,1
luis,1
treatment,1
foodstuffs,1
cubierta,1
creative,1
documents,1
abstract,1
murphy,1
millenarian,1
inevitably,1
really,1
commemorate,1
caracterizacion,1
farming,1
strait,1
baltasar,1
doubt,1
inherently,1
considerable,1
fashion,1
sebastian,1
vidriada,1
anthropologist,1
never,1
patterns,1
conclusions,1
monica,1
present,1
viceroy,1
ground,1
cards,1
operating,1
innovative,1
road,1
continuing,1
purposes,1
non,1
michael,1
council,1
mrozowski,1
bente,1
compania,1
pacheco,1
silveira,1
por,1
focusing,1
mundo,1
santafe,1
perhaps,1
adas,1
chorrillos,1
routledge,1
acerca,1
como,1
avances,1
bearers,1
literatures,1
stunning,1
explicitly,1
free,1
encountered,1
valleys,1
ritos,1
saunders,1
personification,1
preliminar,1
demonstrated,1
backbone,1
stabilize,1
technologies,1
greatest,1
investment,1
oil,1
churches,1
rio,1
valorization,1
treated,1
xlxth,1
craig,1
assemblages,1
aspectos,1
bioarqueologicos,1
collections,1
enormous,1
coffin,1
valdez,1
traversing,1
lacunae,1
recover,1
samples,1
gerda,1
skeletal,1
concern,1
findings,1
entirely,1
station,1
francis,1
prov,1
variation,1
overcoming,1
labourers,1
pleasure,1
questions,1
maukallqta,1
rare,1
recovery,1
real,1
urbanites,1
marcos,1
hunted,1
california,1
theories,1
dating,1
washington,1
continuities,1
primada,1
ties,1
open,1
discovered,1
weismantel,1
three,1
reality,1
directed,1
comprehensive,1
peripheral,1
language,1
encuentro,1
foodways,1
arroyo,1
fawcett,1
issn,1
held,1
defense,1
professionalization,1
pride,1
architectural,1
started,1
geographically,1
responses,1
caso,1
features,1
escaped,1
mountain,1
hacienda,1
ecology,1
earlier,1
lorenzo,1
standard,1
zooarqueologia,1
naipes,1
artificial,1
graves,1
somehow,1
ripley,1
methods,1
chapel,1
dona,1
tawantinsuyu,1
wise,1
xvi,1
do,1
structure,1
seeking,1
artisans,1
primeros,1
slightly,1
emece,1
adaptations,1
attracted,1
figures,1
staff,1
arismendi,1
destruction,1
relative,1
espinosa,1
invocations,1
professional,1
conquista,1
allison,1
autopsies,1
species,1
tennessee,1
alcaide,1
emanuele,1
nonwestern,1
extractive,1
twelve,1
relying,1
lineages,1
today,1
note,1
usillos,1
humanities,1
science,1
avila,1
movements,1
figure,1
colombian,1
blame,1
impressive,1
cogorno,1
pieces,1
pisba,1
presencia,1
xvith,1
begin,1
crypt,1
lines,1
bare,1
independence,1
multitude,1
referred,1
venues,1
seen,1
strongly,1
rethinking,1
momias,1
credited,1
understand,1
transformation,1
recognize,1
why,1
neighbourhood,1
escuela,1
movimientos,1
united,1
chamber,1
capac,1
seventeenthcentury,1
immensely,1
biology,1
hancock,1
conde,1
addressed,1
sections,1
assistant,1
abandonment,1
seriously,1
authorities,1
rarely,1
fifteen,1
lamas,1
associated,1
singular,1
following,1
etnicos,1
retrieving,1
demographics,1
unflagging,1
mentioned,1
colonists,1
quibor,1
pueblos,1
must,1
founded,1
rimac,1
geographic,1
extension,1
lumbreras,1
reciprocity,1
practicas,1
glimpse,1
text,1
drew,1
native,1
brazilian,1
luisa,1
set,1
coloniales,1
uruguay,1
defining,1
relaxation,1
benefits,1
sociales,1
colonization,1
principle,1
sure,1
vajilla,1
anthropology,1
momificacion,1
different,1
global,1
sedientos,1
seem,1
ivory,1
unknown,1
trawick,1
down,1
zucchi,1
current,1
regard,1
minimized,1
report,1
siglos,1
carrasco,1
atacama,1
researches,1
catchphrase,1
primary,1
build,1
just,1
passage,1
emerges,1
archival,1
interactive,1
plantation,1
turned,1
berdichewsky,1
researching,1
helping,1
romero,1
what,1
poder,1
convenient,1
investigation,1
combined,1
panamefias,1
making,1
bibliographic,1
rebellion,1
fabrica,1
reburials,1
larson,1
thirty,1
metaphor,1
hoped,1
erupted,1
map,1
laguna,1
sednon,1
cementerios,1
problem,1
tropykos,1
heavier,1
nautical,1
while,1
healthy,1
amodio,1
lukurmata,1
explored,1
andres,1
don,1
suggests,1
emphasis,1
targets,1
categories,1
freedom,1
plata,1
complejos,1
translated,1
vessels,1
bodies,1
larsen,1
preserved,1
portraying,1
recognition,1
convento,1
pits,1
met,1
introduced,1
programa,1
mayolicas,1
particles,1
centro,1
snapshots,1
role,1
practica,1
mayor,1
tried,1
transition,1
administration,1
returning,1
mercedarian,1
confronted,1
navarrete,1
programs,1
aktiebolog,1
resistance,1
underwater,1
clothing,1
challenges,1
indians,1
deities,1
maintained,1
goals,1
coming,1
rovira,1
leap,1
bittman,1
omar,1
eric,1
elanders,1
shores,1
internationalized,1
gina,1
palma,1
shown,1
models,1
presence,1
editor,1
difference,1
quashed,1
lobo,1
finding,1
decrease,1
paradigm,1
conditions,1
position,1
hispanica,1
offshoot,1
figueroa,1
idealizing,1
suffers,1
consumption,1
canadian,1
need,1
specialists,1
evidence,1
sur,1
manufacture,1
smaller,1
fondo,1
proyecto,1
clues,1
playing,1
attempted,1
fractures,1
funerarios,1
sexuality,1
carro,1
puruchuco,1
depto,1
association,1
shift,1
pontificia,1
increased,1
untouched,1
campaign,1
seventeenthand,1
comparison,1
respective,1
am,1
coalesce,1
pioneering,1
requires,1
assumed,1
ozamis,1
regularity,1
myers,1
patricia,1
musica,1
plataforma,1
sciences,1
entire,1
riddell,1
surveys,1
develop,1
newsletters,1
mitigation,1
immediately,1
technological,1
taylor,1
famous,1
alberta,1
ayllu,1
proceso,1
alternative,1
sent,1
utmost,1
confrontations,1
tapia,1
gold,1
bundles,1
