WORDCOUNTS,WEIGHT
the,289
of,222
and,171
in,166
a,106
to,100
de,95
is,52
that,47
from,45
at,43
it,42
transhumance,40
j,37
as,37
for,34
del,33
spain,31
with,31
was,30
not,30
are,30
on,30
prehistoric,29
la,29
by,28
have,27
be,27
m,25
which,24
there,23
were,23
one,20
los,20
tombs,20
or,20
may,19
y,18
cueva,18
el,17
some,17
this,16
spanish,16
been,15
en,14
but,14
such,13
than,13
megalithic,13
pastoralism,13
sheep,13
walker,12
into,12
those,12
an,12
all,12
routes,12
also,12
well,11
these,11
more,11
bp,10
neolithic,10
even,10
other,10
do,10
can,10
drovers,10
any,10
very,10
dolmens,10
i,9
no,9
cave,9
caves,9
pp,9
perhaps,9
economy,9
whether,9
wild,9
between,9
they,8
localized,8
cuenca,8
has,8
prehistoria,8
their,8
only,8
areas,8
pattern,8
der,8
natural,8
particularly,8
given,8
herds,8
evidence,8
if,7
eastern,7
bones,7
third,7
earlier,7
animals,7
von,7
university,7
murcia,7
sites,7
might,7
den,7
archaeological,7
so,7
castile,7
domesticated,7
large,6
g,6
river,6
peninsula,6
iberischen,6
because,6
data,6
during,6
herding,6
around,6
alicante,6
rock,6
granada,6
v,6
michael,6
excavaciones,6
summer,6
garcia,6
we,6
antiquity,6
tomb,6
both,6
die,6
chambered,6
occur,6
e,5
western,5
before,5
upland,5
cerro,5
cereal,5
within,5
painted,5
found,5
zone,5
burial,5
r,5
used,5
part,5
year,5
regions,5
pyrenees,5
f,5
about,5
valencian,5
mediaeval,5
drove,5
where,5
high,5
article,5
horse,5
could,5
what,5
local,5
iberian,5
conditions,5
much,5
livestock,5
does,4
way,4
modern,4
higgs,4
transhumant,4
pasture,4
canadas,4
s,4
portugal,4
holocene,4
sobre,4
economies,4
congreso,4
millennium,4
nor,4
back,4
prado,4
his,4
across,4
burials,4
prehistory,4
just,4
reales,4
upper,4
age,4
superior,4
out,4
estudios,4
though,4
universidad,4
bc,4
mediterranean,4
few,4
up,4
led,4
murcian,4
practices,4
economic,4
site,4
inhabited,4
historia,4
rather,4
many,4
instituto,4
patterns,4
coastal,4
open,4
three,4
after,4
especially,4
yacimiento,4
pottery,4
species,4
cova,4
note,4
figure,4
vertical,4
archaeology,4
segovia,4
nacional,4
known,4
over,4
different,4
roman,4
down,4
cultivation,4
agricultural,4
map,4
middle,4
press,4
peninsular,4
early,4
should,4
southeastern,4
close,4
go,3
later,3
environmental,3
mountains,3
introduction,3
considerations,3
peregrinos,3
sources,3
specifically,3
taken,3
europe,3
real,3
halbinsel,3
right,3
asturias,3
zones,3
far,3
altitudes,3
against,3
kind,3
segura,3
single,3
loma,3
similar,3
b,3
andalusia,3
support,3
mufioz,3
peasant,3
w,3
nowadays,3
most,3
vicens,3
important,3
history,3
whereas,3
greater,3
result,3
p,3
let,3
produced,3
cannot,3
pleistocene,3
archivo,3
near,3
pigs,3
inferred,3
vives,3
cowherds,3
circumstantial,3
people,3
being,3
muller,3
reaches,3
quite,3
settlement,3
long,3
folk,3
when,3
cattle,3
activities,3
society,3
habitats,3
return,3
studien,3
movement,3
perennial,3
pastures,3
communities,3
mobile,3
blanquizares,3
two,3
regional,3
conventionalized,3
considerable,3
flocks,3
see,3
valleys,3
years,3
interpreting,3
ereta,3
assemblages,3
region,3
contacts,3
kingdom,3
terrera,3
low,3
times,3
like,3
would,3
period,3
general,3
played,3
mountain,3
megaliths,3
northern,3
pedregal,3
provide,3
movements,3
trabajos,3
who,3
life,3
settled,3
earliest,3
must,3
cuesta,3
rainfall,3
did,3
basins,3
regard,3
past,3
davidson,3
boundaries,3
game,3
laying,3
particular,3
theory,3
art,3
meseta,3
paintings,3
role,3
copper,3
mention,3
driesch,3
question,3
tierknochenfunde,3
fauna,3
d,3
area,3
deer,3
offered,3
km,3
espana,3
hills,3
text,3
valley,3
little,3
seek,3
recent,3
portuguese,2
common,2
represent,2
uplands,2
beltran,2
bei,2
settlements,2
kinds,2
stone,2
diversification,2
sets,2
h,2
morro,2
excavation,2
unlike,2
journeys,2
predominantly,2
lower,2
said,2
every,2
certainly,2
military,2
ciencias,2
monte,2
seems,2
ranching,2
onwards,2
tradition,2
crops,2
accompanied,2
differences,2
rich,2
hundred,2
state,2
ad,2
system,2
kingdoms,2
existence,2
almerfa,2
volcan,2
madrider,2
possible,2
determined,2
point,2
x,2
establishment,2
human,2
phase,2
throughout,2
severe,2
prehistoricas,2
concretions,2
ovicaprines,2
relatively,2
concentrations,2
actas,2
century,2
drainage,2
castilian,2
arribas,2
oxford,2
feral,2
economia,2
hardly,2
incentive,2
alfonso,2
interesting,2
pendant,2
whose,2
developed,2
how,2
importance,2
parts,2
segovian,2
montefrio,2
lacking,2
sanz,2
cuencan,2
jijona,2
arid,2
t,2
dated,2
n,2
shelters,2
differs,2
too,2
follow,2
drought,2
consequence,2
neither,2
ventura,2
testify,2
view,2
irrigation,2
had,2
viz,2
santander,2
prehistorians,2
hinting,2
basin,2
faunal,2
outcrops,2
term,2
late,2
muslim,2
further,2
intervening,2
equally,2
cultural,2
domestication,2
otherwise,2
beaker,2
distinguish,2
perez,2
barranco,2
naturalistic,2
its,2
gave,2
winter,2
internacional,2
status,2
good,2
vida,2
cehegin,2
termino,2
thirteenth,2
working,2
cerves,2
involve,2
order,2
saragossa,2
megalithgrdber,2
several,2
villages,2
widely,2
virgen,2
appropriate,2
finds,2
favoured,2
geographical,2
friihe,2
he,2
second,2
levantina,2
mestas,2
horses,2
grande,2
still,2
almeria,2
dwellings,2
southern,2
murcielagos,2
sanmartin,2
depicted,2
portrayed,2
akal,2
continuity,2
restricted,2
us,2
same,2
al,2
holoceno,2
westward,2
molina,2
similarly,2
motifs,2
towards,2
communal,2
meadow,2
really,2
diverse,2
memorias,2
jumilla,2
distributions,2
daroca,2
westen,2
present,2
tiestos,2
strategies,2
arqueologia,2
pirenaicos,2
arabi,2
another,2
atlantic,2
range,2
deposits,2
questions,2
karst,2
individuals,2
clear,2
junta,2
se,2
barsella,2
abundant,2
latter,2
class,2
problems,2
trying,2
interpretations,2
hard,2
attention,2
corridor,2
toynbee,2
european,2
flock,2
imply,2
humanities,2
leonese,2
unwarranted,2
reasonable,2
favour,2
why,2
surprising,2
types,2
centuries,2
aboriginal,2
kilometres,2
ie,2
practised,2
then,2
pleistoceno,2
invoked,2
neighbouring,2
grazing,2
regime,2
shepherds,2
know,2
social,2
each,2
valencia,2
espafiol,2
historical,2
sierra,2
proposed,2
merely,2
better,2
hint,2
cabezo,2
them,2
belda,2
form,2
namely,2
while,2
periphery,2
mentioned,2
require,2
almost,2
suggests,2
amelioration,2
ambrosio,2
des,2
aragon,2
occasionally,2
through,2
became,2
redondo,2
lies,2
arguments,2
headwaters,2
eneolitico,2
leisner,2
shown,2
michaelj,2
negro,2
parallels,2
land,2
bronze,2
territories,2
c,2
aragonese,2
regards,2
millares,2
among,2
north,2
observed,2
pasturing,2
final,1
frequent,1
cultigens,1
now,1
ajuar,1
lopez,1
produces,1
murciana,1
o,1
personally,1
domestikationsforschung,1
fortified,1
indicated,1
groups,1
functional,1
investigaciones,1
separated,1
gewgaws,1
affected,1
extend,1
ferdinand,1
legitimate,1
unconvincing,1
alone,1
paleolitico,1
grasses,1
cuevas,1
scottish,1
group,1
museos,1
vinalopo,1
complex,1
thorugh,1
tend,1
wintering,1
likely,1
tierras,1
calatayud,1
caniadas,1
memoria,1
modos,1
studies,1
acorns,1
former,1
droving,1
position,1
cycles,1
necessarily,1
osteological,1
pose,1
laid,1
freeman,1
something,1
neolitico,1
cultura,1
princeton,1
verdict,1
replenish,1
contact,1
permitted,1
turning,1
hints,1
round,1
wintered,1
first,1
compression,1
highlighted,1
pastoral,1
else,1
either,1
fechas,1
withdrawn,1
australia,1
preceding,1
interests,1
attempts,1
vols,1
bereft,1
regimen,1
rapid,1
attempt,1
palynological,1
terrain,1
anywhere,1
begged,1
nature,1
joins,1
containing,1
esquemdtica,1
possibilities,1
archaeologically,1
route,1
humana,1
suggesting,1
great,1
indeed,1
forage,1
able,1
xiii,1
link,1
onto,1
hunting,1
resulting,1
take,1
expansion,1
feature,1
crozier,1
persistence,1
inferring,1
skull,1
date,1
precisely,1
principal,1
hostility,1
context,1
papers,1
similarities,1
enol,1
sociedad,1
ascribed,1
dearth,1
pericot,1
osteometrical,1
muestras,1
king,1
task,1
northsouth,1
saying,1
agriculture,1
draw,1
unusualness,1
vol,1
occupying,1
marked,1
activity,1
paucity,1
intractable,1
slight,1
vaguely,1
torre,1
occupy,1
lebor,1
west,1
apart,1
taking,1
except,1
sporadically,1
herdsmen,1
resources,1
conception,1
genetic,1
fruihe,1
mais,1
indisputably,1
sand,1
vassals,1
controlled,1
ascription,1
hudson,1
pirendica,1
halberd,1
estudio,1
restos,1
intelectual,1
township,1
royal,1
cemeteries,1
relationships,1
southwestern,1
representations,1
since,1
neighbours,1
adornment,1
modes,1
heterogeneity,1
bone,1
untersuchungen,1
califato,1
highaltitude,1
rooted,1
palaeolithic,1
fuero,1
precludes,1
items,1
old,1
consejo,1
underlying,1
david,1
ediciones,1
uniformly,1
infrequently,1
fig,1
naturalistically,1
pasiegos,1
wholly,1
levantine,1
dates,1
honour,1
caiada,1
megaliticos,1
sepulcrales,1
outset,1
cuaternario,1
consequently,1
deceased,1
scarcity,1
tentatively,1
longdistance,1
petermanns,1
border,1
confronting,1
lengthy,1
deeply,1
palaeoenvironmental,1
soria,1
transactions,1
influence,1
compromise,1
intruded,1
poorly,1
herdenwanderungen,1
walls,1
focused,1
rights,1
procrustean,1
soil,1
cariguela,1
underlay,1
adequate,1
boreal,1
costs,1
operations,1
testimony,1
true,1
devastating,1
bring,1
l,1
investigacion,1
rupestre,1
absent,1
generations,1
tholoi,1
cuadrado,1
adapt,1
altitudinal,1
millaran,1
conflation,1
ebro,1
mieux,1
reconquered,1
acufia,1
notion,1
rome,1
remote,1
una,1
environments,1
profusion,1
afforded,1
columella,1
supplement,1
annales,1
idiosyncratic,1
marls,1
institutionalized,1
liber,1
k,1
offering,1
factors,1
primer,1
teruel,1
means,1
changes,1
monumental,1
savory,1
les,1
specialization,1
grains,1
itinerant,1
flax,1
attends,1
entrenched,1
artificial,1
sum,1
unimportant,1
pascual,1
traces,1
quarters,1
emmer,1
solid,1
uniformlly,1
show,1
exploited,1
origins,1
monografias,1
goats,1
fiir,1
rkp,1
toro,1
definite,1
hemandez,1
galicia,1
permanent,1
equivalence,1
metal,1
required,1
antecedents,1
appear,1
union,1
ranges,1
expressed,1
moving,1
closely,1
based,1
location,1
appearance,1
opposing,1
erosion,1
lillo,1
relating,1
international,1
sedentary,1
relate,1
taurus,1
neolithikums,1
paleogeografia,1
alguazas,1
philosophical,1
im,1
pastoralist,1
fourth,1
occupation,1
xvi,1
pointing,1
understood,1
twice,1
contrived,1
alabaster,1
humananimal,1
desde,1
tools,1
appears,1
foral,1
ceramics,1
dispersal,1
scale,1
nuevas,1
vehicles,1
aridity,1
hannibalic,1
lobulated,1
vaultburial,1
possibility,1
impression,1
briefly,1
aspects,1
representatives,1
findspots,1
weidenfeld,1
periodical,1
animales,1
basis,1
charred,1
relief,1
clarke,1
work,1
taxing,1
zoomorphic,1
protein,1
seminario,1
claim,1
prominent,1
london,1
explains,1
accretions,1
numerous,1
proportions,1
related,1
indigenous,1
comment,1
sydney,1
mitteilungen,1
barren,1
got,1
childe,1
espagne,1
desarrollo,1
realm,1
politica,1
intermediate,1
place,1
inferences,1
climatic,1
cafiadas,1
seasonally,1
archaeologists,1
fringing,1
dwindling,1
et,1
documented,1
personal,1
reflect,1
estuary,1
overseas,1
underlining,1
wheat,1
alleviation,1
markedly,1
weeks,1
purposely,1
oriental,1
turba,1
octubre,1
change,1
sparsely,1
excavated,1
least,1
nuevos,1
ago,1
below,1
distances,1
flanking,1
suggest,1
straight,1
speculations,1
currents,1
contrast,1
cope,1
parpallo,1
emphasizes,1
sharp,1
event,1
involved,1
megalitismo,1
family,1
vertebrados,1
small,1
deutsches,1
endowed,1
munich,1
highly,1
continentales,1
catalonia,1
rye,1
presence,1
mittelmeergebiet,1
research,1
australian,1
decline,1
suddenly,1
alluvial,1
weapons,1
corporations,1
yielded,1
christianand,1
annual,1
tracks,1
florschiitz,1
moist,1
cocina,1
racking,1
world,1
und,1
provided,1
montane,1
monarchy,1
moved,1
rest,1
fiber,1
nicolson,1
periods,1
inspection,1
cite,1
south,1
institut,1
flourished,1
consideraciones,1
therefore,1
republican,1
situation,1
arrangement,1
juzgo,1
ceremonial,1
physiographically,1
matter,1
variety,1
various,1
polinico,1
gather,1
wary,1
orthostat,1
short,1
gradual,1
hide,1
limited,1
thermoluminescence,1
brief,1
cbva,1
female,1
pasturage,1
prevailing,1
strains,1
prove,1
narrowing,1
leon,1
above,1
afield,1
builders,1
basque,1
humans,1
atop,1
servicio,1
va,1
treks,1
boessneck,1
diputacion,1
retrieved,1
once,1
grajos,1
interpretation,1
phalangeal,1
ros,1
cahadas,1
catedra,1
suited,1
makes,1
read,1
requiring,1
thought,1
craniological,1
under,1
populated,1
tagus,1
boundary,1
temperate,1
management,1
prehistoriay,1
lowland,1
newlywon,1
orders,1
infrastructure,1
light,1
culture,1
ampurias,1
shifting,1
iiber,1
ed,1
without,1
confirmed,1
departing,1
department,1
reports,1
bar,1
cangas,1
exit,1
sector,1
published,1
retumed,1
volume,1
members,1
pyrenean,1
heritage,1
again,1
pointed,1
put,1
nevada,1
zuheros,1
projects,1
water,1
fact,1
provincia,1
shows,1
idea,1
datos,1
riverine,1
pressure,1
seasonality,1
vail,1
abstract,1
crop,1
predominated,1
remarked,1
grave,1
new,1
farming,1
end,1
contemporary,1
doubt,1
resolved,1
man,1
examines,1
musulmana,1
forms,1
ages,1
readers,1
behind,1
hand,1
nieto,1
antiguo,1
epigenetic,1
remarkable,1
centre,1
model,1
purposes,1
income,1
relevant,1
less,1
answer,1
forth,1
huntergatherer,1
iberia,1
sepulcros,1
time,1
frequency,1
flint,1
gives,1
number,1
free,1
phil,1
villena,1
forethought,1
degree,1
thousands,1
demonstrated,1
elprado,1
casual,1
extended,1
examples,1
escarpments,1
cambridge,1
made,1
explanation,1
bear,1
unresticted,1
formal,1
arose,1
strongly,1
colonize,1
samples,1
endeavour,1
budget,1
provinciales,1
entirely,1
significant,1
use,1
hasta,1
rivers,1
longworth,1
assume,1
rustica,1
geographische,1
schematisation,1
harvard,1
bed,1
shorn,1
evolution,1
associate,1
engaged,1
auf,1
examination,1
radiocarbon,1
national,1
chosen,1
deployed,1
option,1
complicated,1
mj,1
nevertheless,1
involves,1
underwent,1
significance,1
decorated,1
analisis,1
allowed,1
ramallo,1
geographically,1
spread,1
knack,1
betweenmesta,1
instituciones,1
stresses,1
mammals,1
joined,1
exchange,1
castilla,1
falsified,1
knochenfunde,1
study,1
exaggeration,1
relation,1
dragooning,1
wise,1
smacks,1
potsherd,1
mainly,1
incompatible,1
effect,1
excluded,1
marti,1
albarracfn,1
seeking,1
distant,1
primeros,1
looks,1
arisen,1
southwest,1
grain,1
versus,1
occupied,1
retraction,1
carigiiela,1
caution,1
albarracin,1
petroglyphs,1
cereals,1
ranging,1
farm,1
dealing,1
space,1
diametrically,1
yields,1
pintura,1
christian,1
penguin,1
states,1
para,1
islamic,1
zephyrus,1
commentator,1
cadavers,1
continued,1
tomo,1
science,1
ridden,1
sometimes,1
chance,1
claimed,1
pieces,1
septiembre,1
lines,1
widespread,1
misceldnea,1
predatory,1
directions,1
seen,1
collections,1
detailed,1
bears,1
calamitous,1
parcel,1
faute,1
millennia,1
overlap,1
universitat,1
ch,1
indicate,1
length,1
insecurity,1
often,1
exclude,1
continually,1
existed,1
chamber,1
frontier,1
respect,1
metrical,1
exists,1
instances,1
itself,1
canada,1
pressures,1
lago,1
manifesting,1
wheeled,1
mesta,1
catalan,1
isaac,1
claims,1
cannon,1
grazed,1
extrapolate,1
curious,1
thinking,1
associated,1
ayala,1
following,1
series,1
graziers,1
aeolian,1
incised,1
colonists,1
homogeneity,1
incorporated,1
fribourg,1
measurements,1
ethnoarchaeology,1
simply,1
extensive,1
geographic,1
ever,1
reinforced,1
extension,1
elicited,1
recogidas,1
thousand,1
ovicaprids,1
observation,1
southward,1
signally,1
rocky,1
acquisitions,1
synclines,1
quickly,1
simposium,1
intellectual,1
anthropology,1
chapman,1
markings,1
contained,1
resentment,1
seem,1
forebears,1
visigothic,1
unknown,1
alicantinos,1
barcelona,1
bit,1
half,1
constructions,1
iii,1
spaniards,1
ilber,1
archaologisches,1
cantabrian,1
carrasco,1
goods,1
written,1
abrigo,1
geschichte,1
las,1
passage,1
works,1
living,1
places,1
transecting,1
animal,1
hombres,1
correlate,1
unlikely,1
soutes,1
terms,1
ones,1
references,1
plants,1
sus,1
robles,1
mere,1
tending,1
faro,1
her,1
complexity,1
thames,1
serie,1
migrations,1
produce,1
catalanes,1
minimal,1
herd,1
morales,1
almerian,1
revista,1
travel,1
vessels,1
aurochs,1
phasen,1
reaped,1
transport,1
thereby,1
met,1
slopes,1
contemporaneity,1
introduced,1
sea,1
despite,1
huelva,1
content,1
regulate,1
easy,1
caida,1
tried,1
institucion,1
transition,1
sitting,1
rash,1
culling,1
domesticates,1
antigua,1
maintained,1
evidenced,1
vaqueiros,1
contrasts,1
our,1
subsumed,1
ibex,1
come,1
cuadernos,1
spring,1
score,1
argues,1
lands,1
institutional,1
exerted,1
mallaetes,1
recovering,1
townships,1
crisis,1
verschiedene,1
offer,1
equids,1
include,1
although,1
integrated,1
define,1
need,1
autumn,1
effects,1
disservice,1
geographie,1
alder,1
increased,1
classification,1
vall,1
enclosed,1
profits,1
intergroup,1
unsuspecting,1
potential,1
klein,1
themselves,1
necropolis,1
bell,1
chicago,1
reached,1
gallart,1
sharing,1
uncertainty,1
custodians,1
ownership,1
entire,1
df,1
re,1
palaeohistoria,1
dos,1
indicating,1
osteoarchdologische,1
discern,1
increase,1
hypothesis,1
