WORDCOUNTS,WEIGHT
the,291
of,244
and,166
in,129
to,101
a,98
is,69
sedentism,65
this,45
that,41
for,38
as,37
are,32
it,30
which,28
social,26
agriculture,25
not,24
from,24
by,23
new,23
evidence,23
on,22
societies,19
archaeological,19
these,18
was,17
with,16
has,16
more,15
at,14
or,14
but,14
university,14
sedentary,14
their,14
be,14
american,13
an,13
been,12
adoption,12
they,12
et,12
how,11
al,11
all,11
package,11
people,11
than,11
have,11
change,11
north,11
pottery,11
also,10
press,10
j,10
nature,10
other,10
even,10
world,10
society,10
faunal,9
including,9
c,9
among,9
now,8
process,8
ways,8
jomon,8
volume,8
neolithic,8
time,8
while,8
some,8
understanding,8
resources,8
palaeolithic,8
presence,8
coast,8
can,8
early,8
way,7
m,7
one,7
marshall,7
emergence,7
mound,7
human,7
papers,7
r,7
yvonne,7
stone,7
northwest,7
development,7
indicators,7
we,7
his,6
l,6
southern,6
mobility,6
pp,6
paper,6
our,6
argue,6
context,6
both,6
its,6
bison,6
contributors,6
so,6
archaeology,6
remains,6
between,6
model,5
european,5
independent,5
rather,5
introduction,5
builders,5
complexity,5
w,5
most,5
sustained,5
over,5
many,5
asia,5
different,5
key,5
similar,5
p,5
deal,5
near,5
zealand,5
last,5
patterns,5
marine,5
investigation,5
less,5
case,5
material,5
theory,5
societal,5
examples,5
transition,5
place,5
were,5
review,5
regions,5
points,5
d,5
would,5
shift,5
walter,5
point,5
widely,5
because,5
matsui,5
pearson,4
variety,4
absence,4
will,4
site,4
levels,4
s,4
exception,4
several,4
large,4
settlements,4
southeast,4
journal,4
core,4
emerging,4
thought,4
considered,4
boyd,4
ancient,4
no,4
must,4
agricultural,4
establish,4
two,4
simply,4
only,4
record,4
challenge,4
use,4
europe,4
changes,4
each,4
prehistoric,4
east,4
appearance,4
rich,4
particularly,4
out,4
garcea,4
forms,4
ground,4
what,4
relations,4
domestication,4
residential,4
independently,4
plains,4
cambridge,4
building,4
sites,4
suggests,4
possible,4
e,4
data,4
made,4
range,4
became,4
structures,4
evolution,4
g,4
argument,4
such,4
own,4
seasons,4
t,4
sufficient,4
evolutionary,4
hunters,4
up,4
kelly,4
focus,4
examines,4
periods,3
architecture,3
aim,3
f,3
he,3
beyond,3
perspectives,3
without,3
if,3
later,3
main,3
groups,3
begin,3
through,3
classic,3
k,3
who,3
dwellings,3
b,3
innovation,3
about,3
once,3
types,3
h,3
when,3
understand,3
monumental,3
morgan,3
around,3
during,3
then,3
associated,3
before,3
just,3
gibson,3
exceptions,3
intensification,3
peoples,3
demonstrate,3
lower,3
first,3
origins,3
present,3
architectural,3
production,3
others,3
into,3
leading,3
could,3
seasonality,3
great,3
school,3
i,3
there,3
floral,3
do,3
those,3
kanehara,3
within,3
accepted,3
tools,3
necessary,3
placed,3
explain,3
regarded,3
method,3
number,3
right,3
well,3
argues,3
emphasis,3
greatest,3
heart,3
taking,3
formative,3
processes,3
cited,3
maori,3
harvesting,3
ideas,3
documented,3
years,3
presumption,3
scandinavia,3
interest,3
define,3
period,3
perspective,3
element,3
given,3
much,3
occupation,3
occupied,3
florida,3
cite,2
span,2
mangrove,2
therefore,2
communities,2
explanations,2
relationship,2
economy,2
matter,2
africa,2
various,2
she,2
logistical,2
crucial,2
economic,2
across,2
highlands,2
gradual,2
environmental,2
widespread,2
coastal,2
institutions,2
foraging,2
unique,2
modified,2
order,2
make,2
certain,2
mesoamerica,2
life,2
matsumoto,2
storage,2
identify,2
burials,2
kanahara,2
space,2
approaches,2
problematic,2
relationships,2
facilitated,2
technology,2
prehistory,2
consider,2
libyan,2
cultivators,2
neither,2
established,2
v,2
abandonment,2
clearly,2
thinking,2
interpretative,2
something,2
result,2
primitive,2
too,2
additional,2
archaeologists,2
isolated,2
either,2
precise,2
transitions,2
peru,2
considers,2
civilization,2
problems,2
puts,2
here,2
set,2
taken,2
important,2
blackwell,2
santa,2
concentrated,2
view,2
mainland,2
towards,2
greater,2
had,2
analytical,2
cultures,2
based,2
longer,2
turned,2
pounds,2
idea,2
available,2
abandoning,2
did,2
suggesting,2
together,2
houses,2
thank,2
seven,2
region,2
changed,2
her,2
closer,2
mississippi,2
hunting,2
cultivation,2
past,2
discussed,2
robust,2
thames,2
culture,2
respects,2
question,2
took,2
further,2
following,2
precisely,2
artefact,2
traits,2
where,2
developing,2
walde,2
potentially,2
scarre,2
degree,2
issue,2
cover,2
globe,2
house,2
japan,2
botanical,2
perhaps,2
levant,2
routledge,2
extent,2
wide,2
always,2
switch,2
ertebolle,2
transient,2
criteria,2
precursor,2
frequently,2
artefacts,2
richness,2
size,2
fundamental,2
drive,2
adopting,2
prior,2
explanation,2
insight,2
implicated,2
maritime,2
west,2
thickness,2
very,2
example,2
apparent,2
dynamic,2
horticultural,2
look,2
step,2
economies,2
used,2
food,2
assumption,2
evaluating,2
approach,2
challenges,2
hudson,2
using,2
work,2
being,2
thus,2
examination,2
lifeways,2
personal,2
full,2
natufian,2
symbolic,2
practices,2
manage,2
since,2
objective,2
numerous,2
publication,2
price,2
legacy,2
adopted,2
notion,2
known,2
like,2
need,2
direct,2
complex,2
plant,2
least,2
especially,2
few,2
convincing,2
although,2
components,2
study,2
textbooks,2
constructing,2
savard,2
become,2
research,2
kinship,2
villages,2
britain,2
deposits,2
generally,2
implication,2
valley,2
interaction,2
institution,2
recent,2
despite,2
understood,2
built,2
scandinavian,1
heavily,1
increasing,1
modelski,1
may,1
implicitly,1
field,1
locates,1
depth,1
critical,1
somewhat,1
fifty,1
happen,1
smoke,1
bellwood,1
online,1
features,1
interesting,1
led,1
forceful,1
high,1
haaland,1
accompanied,1
likely,1
recognized,1
evaluates,1
arranging,1
nong,1
precondition,1
demand,1
reduced,1
reductions,1
today,1
south,1
duty,1
finish,1
wisdom,1
appealed,1
bringing,1
agreed,1
opening,1
polished,1
indictors,1
encompass,1
generated,1
variable,1
vigorously,1
generous,1
effects,1
stood,1
compatible,1
rule,1
denmark,1
politically,1
bound,1
endeavour,1
attention,1
fermented,1
abundance,1
carefully,1
limited,1
support,1
reinterpreted,1
hunter,1
landscape,1
address,1
lines,1
ritual,1
brief,1
playing,1
shuichi,1
midwest,1
trait,1
difficult,1
di,1
dimensions,1
peninsula,1
represented,1
seen,1
thai,1
strongly,1
measures,1
reconstruction,1
dawn,1
yale,1
grasses,1
notably,1
accommodating,1
sobel,1
interactions,1
after,1
necessitates,1
lives,1
receives,1
eight,1
test,1
greenham,1
transformation,1
initially,1
idiosyncratic,1
group,1
becoming,1
needed,1
japanese,1
frames,1
parts,1
pastoralists,1
mounted,1
why,1
makes,1
special,1
kinds,1
introductory,1
methods,1
riches,1
construction,1
lecturer,1
presumed,1
productive,1
sheffield,1
join,1
beautiful,1
alternative,1
surprising,1
paleolithic,1
encounters,1
simultaneous,1
pacific,1
mcdonald,1
usefully,1
gave,1
supporting,1
true,1
sets,1
o,1
incipient,1
centuries,1
instances,1
means,1
yangsi,1
references,1
itself,1
earrings,1
drawings,1
french,1
coverage,1
studies,1
mounds,1
york,1
publications,1
nile,1
modern,1
oman,1
proving,1
soon,1
ensure,1
ill,1
routledqe,1
tombs,1
earliest,1
restricted,1
counterparts,1
pattern,1
ventilated,1
alone,1
challenged,1
backs,1
us,1
western,1
river,1
arguments,1
minor,1
unpacking,1
environment,1
manufacturing,1
occurred,1
imposed,1
lowland,1
evolved,1
spatial,1
heavy,1
general,1
eventually,1
gatherer,1
collins,1
transformations,1
light,1
calculating,1
conclusions,1
collectively,1
fortifications,1
same,1
promotes,1
senior,1
mobile,1
broke,1
articulated,1
series,1
conclusion,1
argued,1
changing,1
contexts,1
dislodge,1
industrial,1
situations,1
kill,1
defining,1
four,1
communal,1
marshalled,1
identification,1
commonly,1
hoped,1
premise,1
matters,1
stress,1
economically,1
increasingly,1
recovered,1
resource,1
invention,1
powerful,1
labour,1
scrutiny,1
monuments,1
concerning,1
rosenswig,1
bronze,1
spatially,1
walters,1
lack,1
fellow,1
specifically,1
rice,1
intensely,1
formally,1
starting,1
alabama,1
southampton,1
lewis,1
identifying,1
uk,1
insidious,1
native,1
concerned,1
rock,1
reappear,1
belief,1
frederick,1
sometimes,1
shakai,1
toward,1
might,1
systems,1
gamble,1
progression,1
naoto,1
aspects,1
tamaroha,1
intellectual,1
henges,1
colonization,1
anthropological,1
emerged,1
dennell,1
advanced,1
england,1
segregating,1
props,1
intensive,1
moving,1
efforts,1
words,1
definition,1
my,1
joyce,1
fitted,1
expanding,1
shows,1
possibilities,1
global,1
kegan,1
areas,1
offers,1
allow,1
higher,1
canada,1
agrarian,1
recurrent,1
indicate,1
reversible,1
inherent,1
advantage,1
basin,1
cummings,1
blinkered,1
gosden,1
specificities,1
simple,1
documents,1
savagery,1
abstract,1
current,1
developed,1
domestic,1
farmers,1
hoopes,1
choice,1
species,1
striving,1
lived,1
bedfellows,1
encounter,1
comparatively,1
able,1
demands,1
job,1
critically,1
proves,1
any,1
farming,1
polynesian,1
events,1
far,1
goods,1
radical,1
kuper,1
dom,1
benefit,1
primary,1
formulating,1
survey,1
factors,1
build,1
identical,1
emerge,1
pit,1
guinea,1
possibility,1
man,1
hands,1
foundations,1
feature,1
base,1
serious,1
sahara,1
masked,1
evaluate,1
fishhooks,1
degrees,1
density,1
enough,1
materiality,1
sacred,1
henry,1
everyday,1
closely,1
commensal,1
international,1
opposite,1
equal,1
formation,1
offered,1
clusters,1
growing,1
reading,1
circular,1
secular,1
reviews,1
continuing,1
proceedings,1
envisaging,1
keywords,1
archaeobotanical,1
treat,1
combinations,1
rethinking,1
them,1
particular,1
relevant,1
nomadic,1
ad,1
produced,1
form,1
cannot,1
making,1
mind,1
varying,1
fremont,1
khartoum,1
andean,1
deep,1
kuk,1
sophisticated,1
common,1
projects,1
statement,1
explored,1
dwelling,1
firmly,1
symbolizing,1
required,1
dispel,1
frequency,1
mura,1
formulation,1
forecloses,1
advice,1
sought,1
locations,1
mass,1
encountered,1
really,1
interrelationships,1
draw,1
pursued,1
thick,1
stretching,1
produce,1
yield,1
baltic,1
collectors,1
huge,1
limitations,1
having,1
vol,1
inverse,1
demonstrated,1
holocene,1
network,1
long,1
becomes,1
basis,1
california,1
compelling,1
technologies,1
investigated,1
categories,1
buys,1
facilitating,1
middle,1
intimate,1
felt,1
vessels,1
establishing,1
horticulture,1
eliminate,1
determining,1
lands,1
assemblages,1
richard,1
stuck,1
presented,1
insights,1
concluding,1
age,1
concept,1
henge,1
short,1
peace,1
thereby,1
rely,1
characterization,1
except,1
part,1
twelfth,1
individual,1
sea,1
line,1
revolutions,1
stimulating,1
depended,1
seminal,1
original,1
bequeathed,1
permission,1
hodder,1
due,1
criterion,1
finding,1
equivalent,1
complexities,1
landscapes,1
techniques,1
crowding,1
traditional,1
unusually,1
lies,1
lake,1
assumptions,1
maschner,1
identifies,1
childe,1
significant,1
disappears,1
protoagricultural,1
illusion,1
books,1
vast,1
fit,1
living,1
largely,1
operate,1
discussions,1
tied,1
duration,1
francis,1
factor,1
broad,1
authors,1
phenomenon,1
laziness,1
grander,1
attempting,1
relentless,1
definitions,1
lifeway,1
labor,1
repeatedly,1
questions,1
coming,1
somehow,1
generalized,1
lingering,1
variables,1
denham,1
accommodate,1
continue,1
merit,1
throughout,1
ethnohistoric,1
come,1
wahgi,1
biagi,1
supported,1
option,1
hampered,1
however,1
comparable,1
cemeteries,1
wild,1
employed,1
release,1
iwanami,1
moved,1
afresh,1
shown,1
models,1
naoko,1
famously,1
project,1
deeply,1
highland,1
lists,1
open,1
washington,1
clear,1
spur,1
concurrent,1
advent,1
shoten,1
three,1
predetermined,1
acknowledgements,1
importance,1
paradigm,1
herds,1
permit,1
does,1
fallacy,1
de,1
recognize,1
situation,1
philip,1
citing,1
highlight,1
millennium,1
trap,1
america,1
peter,1
paul,1
menlo,1
published,1
parallels,1
mark,1
issn,1
amicably,1
move,1
mississippian,1
mixed,1
fauna,1
include,1
salt,1
sense,1
indicator,1
successful,1
land,1
hughjones,1
aceramic,1
enabling,1
thirteenth,1
geographically,1
socially,1
monographs,1
emerges,1
hardly,1
unexpected,1
stage,1
reliable,1
rooted,1
engels,1
resolutions,1
khok,1
distinction,1
willow,1
you,1
plants,1
stages,1
warrant,1
mammals,1
off,1
proximity,1
ecology,1
earlier,1
congregations,1
cases,1
presenting,1
concentrations,1
settlement,1
provides,1
measured,1
skibo,1
thomas,1
elements,1
nor,1
definitive,1
better,1
generating,1
copresence,1
repeated,1
openly,1
dwell,1
opposition,1
times,1
envisioned,1
document,1
agriculturalists,1
endured,1
slotting,1
specific,1
workshops,1
trajectory,1
phanom,1
wider,1
potential,1
smithsonian,1
news,1
highly,1
items,1
choose,1
response,1
often,1
rest,1
nisbet,1
dramatic,1
single,1
relation,1
themselves,1
semisedentary,1
palo,1
deployment,1
show,1
tree,1
behavioral,1
boundaries,1
australasia,1
incompatible,1
effect,1
calusa,1
simms,1
critiques,1
find,1
beginning,1
structure,1
fully,1
follows,1
annual,1
tailored,1
views,1
hard,1
substantial,1
occur,1
limiting,1
tim,1
utah,1
arose,1
develop,1
southwest,1
jumps,1
abandoned,1
gulf,1
concepts,1
critique,1
enhanced,1
strong,1
maize,1
y,1
taylor,1
pennsylvania,1
swamps,1
engagement,1
arnold,1
pulling,1
should,1
papua,1
meeting,1
preliminary,1
editorial,1
claude,1
regimes,1
normal,1
handful,1
encompassing,1
influence,1
chief,1
interrogate,1
gordon,1
favoured,1
geographical,1
household,1
major,1
cites,1
hangover,1
gillespie,1
champion,1
staying,1
separate,1
incentive,1
hypothesis,1
