WORDCOUNTS,WEIGHT
the,500
of,390
and,239
to,199
a,153
in,149
that,108
as,92
be,85
for,81
is,81
populations,72
southwest,71
pacific,70
with,67
are,67
would,60
i,55
this,55
human,54
from,54
by,50
not,47
australian,44
races,43
we,43
on,38
population,37
closest,37
o,33
between,32
at,31
other,31
their,31
these,31
s,30
eastern,30
than,30
howells,29
or,27
crania,27
our,26
into,25
et,24
but,24
measurements,24
it,23
classifications,23
al,23
recent,23
all,22
an,22
they,21
classified,21
fordisc,21
analysis,21
table,21
race,21
posterior,20
his,20
one,19
racial,19
bulbeck,19
malays,19
craniometric,18
m,18
can,18
also,18
more,18
variation,18
have,18
probability,17
results,17
g,16
people,16
australians,16
which,16
d,16
if,15
per,15
appear,15
research,15
indonesians,15
test,14
asia,14
coobool,14
probabilities,14
southeast,14
were,14
david,14
each,14
c,14
should,14
australia,13
has,13
subspecies,13
south,13
only,13
when,13
any,13
physical,13
diversity,12
cent,12
creek,12
p,12
he,12
new,12
typicality,12
three,12
anthropology,12
east,12
sapiens,11
no,11
two,11
there,11
been,11
university,11
classification,11
within,10
sample,10
aborigines,10
similar,10
concept,10
distinct,10
do,10
cranial,10
j,9
data,9
was,9
indonesia,9
result,9
division,9
biological,9
many,9
craniometries,9
mayr,9
measured,9
percentile,9
groups,8
mainland,8
t,8
might,8
ancestry,8
those,8
point,8
brace,8
india,8
entered,8
seven,8
pleistocene,8
negritos,8
least,8
around,8
single,8
ainu,8
divisions,8
tolai,8
terms,8
years,8
national,8
dental,8
e,7
tasmanians,7
some,7
homo,7
proportion,7
humanity,7
n,7
punjabis,7
out,7
distinctiveness,7
indigenous,7
guam,7
archaeology,7
geographical,7
f,7
zulu,7
where,7
see,7
number,7
range,7
asian,7
so,7
study,7
then,7
different,7
four,7
world,7
evidence,7
among,7
group,6
h,6
modern,6
history,6
affinities,6
available,6
case,6
u,6
west,6
find,6
even,6
rather,6
main,6
show,6
coon,6
schema,6
well,6
edn,6
related,6
its,6
up,6
morphology,6
sahulland,6
fossil,6
how,6
less,6
here,6
very,6
them,6
tasmania,6
both,6
press,6
approximately,6
indices,6
major,6
effective,5
studies,5
being,5
blocs,5
every,5
expectation,5
peopling,5
take,5
skull,5
discrete,5
advocates,5
tenth,5
unpublished,5
compared,5
higher,5
recognized,5
l,5
k,5
means,5
elsewhere,5
profile,5
w,5
most,5
based,5
could,5
term,5
holocene,5
criteria,5
r,5
correctly,5
island,5
filipinos,5
employed,5
change,5
statistically,5
sense,5
level,5
distinguished,5
will,5
fortieth,5
pp,5
specimens,5
gua,5
skin,5
pattern,5
man,5
belief,5
specimen,5
skulls,5
garn,5
immigration,5
assigned,5
punjab,5
five,5
program,5
who,5
cranium,5
recognize,5
sharp,5
considered,5
sexing,5
series,5
hooton,5
particular,5
asians,5
given,5
craniometrically,5
does,4
indonesian,4
phenotypic,4
flow,4
later,4
total,4
confirmed,4
atayal,4
nasal,4
raghavan,4
indeed,4
teita,4
possible,4
along,4
expect,4
such,4
medical,4
hawaii,4
expected,4
details,4
shall,4
whose,4
across,4
clearly,4
upper,4
instance,4
important,4
view,4
had,4
closely,4
cd,4
emerge,4
though,4
projection,4
however,4
information,4
part,4
minority,4
during,4
either,4
suggest,4
tested,4
specifically,4
gene,4
gradual,4
reference,4
under,4
us,4
index,4
ancient,4
same,4
published,4
useful,4
inhabitants,4
agree,4
patterns,4
philippine,4
original,4
ethnic,4
full,4
overlap,4
obtained,4
easter,4
earlier,4
often,4
slightly,4
brown,4
depth,4
figure,4
ashlock,4
detailed,4
contribution,4
why,4
paper,4
andamans,4
whether,4
hanihara,4
early,4
rayner,4
need,4
supported,4
exclusively,4
strong,4
north,4
now,3
currently,3
negroid,3
zalavar,3
mongoloid,3
large,3
american,3
complex,3
second,3
western,3
classify,3
predominantly,3
prehistoric,3
ii,3
simple,3
differences,3
dogon,3
existence,3
miele,3
primary,3
account,3
cited,3
genetic,3
above,3
exist,3
central,3
throughout,3
explained,3
mixed,3
z,3
nor,3
times,3
fig,3
breadth,3
eskimos,3
craniofacial,3
after,3
von,3
qualify,3
prehistory,3
dated,3
boundary,3
islanders,3
suggested,3
shared,3
late,3
further,3
otherwise,3
metrically,3
basis,3
line,3
used,3
received,3
claim,3
phenotypically,3
cluster,3
project,3
status,3
approach,3
regions,3
computer,3
correct,3
stage,3
taxonomies,3
highly,3
using,3
appropriate,3
aggregate,3
forward,3
taxonomically,3
bloc,3
neither,3
included,3
homogeneous,3
ro,3
noted,3
tasmanian,3
towards,3
averages,3
scholars,3
developed,3
enough,3
present,3
explicitly,3
free,3
another,3
explanation,3
region,3
samples,3
use,3
adi,3
described,3
points,3
individual,3
genetics,3
geographically,3
general,3
latter,3
become,3
ago,3
species,3
groupings,3
note,3
male,3
sway,3
andaman,3
investigate,3
school,3
extensive,3
charles,3
quaternary,3
over,3
global,3
visiting,3
expresses,3
just,3
living,3
merely,3
form,3
remove,3
vh,3
through,3
pietrusewsky,3
transition,3
allows,3
shown,3
register,3
although,3
relics,3
smaller,3
themselves,3
justify,3
substantial,3
close,3
hypothesis,3
triple,2
indicated,2
introduction,2
linguistic,2
colonization,2
hulse,2
continent,2
trace,2
before,2
sagittal,2
first,2
lateral,2
sources,2
disagreement,2
implications,2
attempt,2
nature,2
definition,2
leading,2
secondary,2
together,2
origin,2
studied,2
scheme,2
stand,2
daniel,2
orbits,2
worldwide,2
shouo,2
depending,2
pathmanathan,2
indigenes,2
discuss,2
egyptians,2
illustrate,2
hair,2
apply,2
enter,2
universiti,2
signal,2
funded,2
includes,2
distinctive,2
purpose,2
connected,2
tables,2
interest,2
hainan,2
relatively,2
contributors,2
interpret,2
australoid,2
thank,2
ai,2
aligned,2
cases,2
back,2
africans,2
third,2
estimate,2
milicerowa,2
y,2
journal,2
bennett,2
brues,2
meagre,2
critics,2
parity,2
bellwood,2
colour,2
norse,2
bring,2
calculates,2
process,2
subdivision,2
mean,2
eight,2
taxonomists,2
summarized,2
support,2
thomas,2
eighteen,2
consider,2
statistical,2
record,2
argued,2
ouuusss,2
peninsula,2
penerbit,2
explain,2
peraling,2
opponents,2
greater,2
whom,2
location,2
six,2
found,2
entering,2
voo,2
zone,2
revd,2
representative,2
equally,2
supporters,2
mainly,2
criterion,2
cannot,2
meet,2
confirmation,2
because,2
none,2
having,2
degrees,2
work,2
nine,2
knowledge,2
apparent,2
revealed,2
literature,2
q,2
aj,2
fail,2
composite,2
lowest,2
differing,2
nd,2
descendants,2
user,2
inhabiting,2
society,2
likely,2
may,2
absence,2
summarize,2
aperture,2
identified,2
located,2
schemes,2
islands,2
nearly,2
tropical,2
still,2
zoological,2
sains,2
echo,2
depicted,2
yet,2
museum,2
sri,2
describe,2
represents,2
council,2
malay,2
wright,2
jaw,2
increasingly,2
skeletons,2
perak,2
valid,2
academy,2
efforts,2
fact,2
cha,2
time,2
diverse,2
v,2
model,2
oq,2
validity,2
answer,2
dddddddddd,2
focusing,2
notion,2
oil,2
discussion,2
examples,2
made,2
values,2
including,2
melanesian,2
distinctly,2
previously,2
strongly,2
skeletal,2
top,2
montagu,2
honours,2
emphasize,2
evolution,2
variables,2
chosen,2
buriats,2
clear,2
b,2
held,2
like,2
period,2
direct,2
him,2
sarich,2
proximity,2
probable,2
comparing,2
article,2
effect,2
macmillan,2
accord,2
adaptive,2
decision,2
clusters,2
tests,2
relationship,2
dual,2
reasonable,2
bulletin,2
reason,2
affinity,2
similarities,2
clinal,2
methods,2
fall,2
types,2
metrical,2
aboriginal,2
sound,2
biology,2
several,2
homogeneity,2
sciences,2
tj,2
tendencies,2
interested,2
best,2
argue,2
regard,2
iii,2
particularly,2
historical,2
guinea,2
respect,2
phd,2
following,2
malaysia,2
proceedings,2
map,2
distribution,2
saddle,2
while,2
discriminant,2
middle,2
little,2
presented,2
recognition,2
confirm,2
lanka,2
rationale,2
indians,2
palaeoanthropology,2
question,2
origins,2
differentiation,2
reveals,2
similarity,2
paradigm,2
accept,2
course,2
offer,2
instead,2
include,2
summary,2
observation,2
specific,2
dark,2
element,2
surveys,2
develop,2
focus,2
much,2
famous,2
broader,2
sufficiently,1
problem,1
exhibiting,1
palaeohistology,1
mostly,1
struggle,1
paralleled,1
page,1
conflicting,1
declared,1
avoiding,1
decreasing,1
meaning,1
designated,1
separated,1
represent,1
haplogroups,1
unfounded,1
legitimate,1
alone,1
considerably,1
totally,1
replaced,1
apologists,1
subsaharan,1
tend,1
advised,1
ma,1
formed,1
sets,1
motivation,1
remnants,1
ankara,1
approaches,1
rt,1
candidate,1
former,1
tempered,1
sundapacific,1
comparisons,1
prentice,1
necessarily,1
unlike,1
replicate,1
scientist,1
arikara,1
bp,1
descriptions,1
princeton,1
sem,1
permitted,1
turning,1
themes,1
efficacy,1
northerly,1
member,1
else,1
stressed,1
maciej,1
barriers,1
fast,1
supposedly,1
sizes,1
ancestries,1
interests,1
attempts,1
taken,1
address,1
wary,1
akademia,1
humans,1
anywhere,1
worked,1
emerged,1
sargent,1
delineation,1
principles,1
split,1
belong,1
display,1
monitor,1
analyses,1
torres,1
producing,1
patnaik,1
transforms,1
closer,1
onto,1
ol,1
survey,1
volunteered,1
equates,1
feature,1
last,1
loose,1
murray,1
remainder,1
political,1
ilk,1
headings,1
confused,1
threshold,1
autocorrelated,1
citizenship,1
british,1
problematical,1
nowhere,1
side,1
resemblances,1
sophisticated,1
reconstruction,1
dr,1
westview,1
linear,1
owing,1
anthropologists,1
attribute,1
westernmost,1
bones,1
america,1
draw,1
right,1
cu,1
march,1
zur,1
vol,1
porter,1
replacement,1
prior,1
ax,1
fl,1
characterize,1
functions,1
obvious,1
leang,1
susie,1
apart,1
taking,1
combination,1
negrito,1
europe,1
except,1
regards,1
x,1
treating,1
interdigitation,1
rri,1
measurement,1
treatise,1
phenotype,1
corresponding,1
hudson,1
framework,1
mid,1
frequencies,1
craniometry,1
thus,1
review,1
gauges,1
relationships,1
goo,1
erection,1
component,1
longevity,1
due,1
against,1
amerindians,1
neighbours,1
authoritative,1
regarded,1
decided,1
raises,1
santa,1
application,1
barrier,1
extensively,1
vault,1
nr,1
publishes,1
transitional,1
turn,1
henneberg,1
nelson,1
forensic,1
displays,1
burgeoning,1
concerning,1
profound,1
infrequently,1
contrary,1
body,1
highest,1
serving,1
generated,1
gauge,1
wholly,1
suitable,1
egypt,1
continuous,1
jacob,1
fourth,1
compare,1
artefact,1
oocjfph,1
student,1
look,1
hoary,1
border,1
departed,1
pronounced,1
generation,1
indistinguishable,1
antropologiczne,1
stanley,1
rates,1
virtual,1
perfect,1
morphometric,1
oj,1
opposed,1
online,1
interesting,1
nonracial,1
colin,1
racism,1
haplotypes,1
simplified,1
adequate,1
interbreeding,1
ably,1
without,1
identification,1
collected,1
tt,1
ba,1
partition,1
capoids,1
kraniologie,1
taxonomy,1
molnar,1
iiu,1
basic,1
presentation,1
represented,1
piltdown,1
js,1
determining,1
granted,1
legal,1
flexible,1
grew,1
se,1
ah,1
japanese,1
keates,1
contributions,1
permissions,1
packaging,1
adept,1
white,1
lay,1
burials,1
supposed,1
consistency,1
understand,1
empires,1
changes,1
statistic,1
facilitated,1
affect,1
supports,1
females,1
varying,1
possibly,1
physically,1
grounds,1
presumably,1
sum,1
proposed,1
gradually,1
house,1
frequently,1
quarters,1
cousins,1
commonly,1
oi,1
follow,1
chips,1
followed,1
defines,1
substantiated,1
taha,1
pmg,1
problems,1
terminology,1
peabody,1
required,1
opinion,1
cut,1
italics,1
fates,1
methodology,1
conquest,1
whereas,1
raw,1
expressed,1
uses,1
gtoortc,1
ooo,1
provenanced,1
complications,1
chris,1
allow,1
societies,1
scientifically,1
strength,1
access,1
mapping,1
relating,1
deal,1
carleton,1
relate,1
noting,1
amer,1
base,1
respects,1
genes,1
academic,1
companion,1
pure,1
reasons,1
far,1
traced,1
chinese,1
traits,1
wales,1
let,1
technical,1
wajak,1
segmenting,1
flagship,1
hall,1
keywords,1
obviated,1
treat,1
recently,1
younger,1
scale,1
placed,1
procedures,1
your,1
sounder,1
wide,1
balbir,1
acknowledgments,1
sacrifice,1
vo,1
acknowledgements,1
impression,1
receive,1
aspects,1
outstanding,1
justifies,1
directly,1
distinguish,1
journals,1
formerly,1
prace,1
strict,1
emphasis,1
writers,1
preferred,1
reader,1
significantly,1
brought,1
stake,1
characterization,1
dddddo,1
example,1
proportions,1
excessive,1
ten,1
spite,1
loss,1
consistently,1
database,1
intermediate,1
northwest,1
records,1
cy,1
unmistakable,1
long,1
avowedly,1
statistics,1
swift,1
piazza,1
personal,1
justification,1
halve,1
reflect,1
anything,1
believes,1
systematic,1
endorsed,1
fieldwork,1
own,1
graded,1
oootnino,1
dissension,1
heuristic,1
shortcomings,1
diagnosing,1
analysed,1
start,1
tsunehiko,1
hard,1
inference,1
unexpected,1
theoretically,1
coupled,1
mediterranean,1
exclude,1
diagnostic,1
heart,1
involved,1
panjab,1
soil,1
sufficient,1
shapes,1
eleven,1
gradations,1
wider,1
ls,1
acts,1
amounted,1
observe,1
essentially,1
usual,1
mixing,1
tended,1
corridor,1
yielded,1
anterior,1
always,1
scott,1
st,1
specializations,1
posed,1
cj,1
reflected,1
value,1
rn,1
labelled,1
provided,1
australasian,1
sporadic,1
iiijji,1
behalf,1
bonin,1
critical,1
therefore,1
pertaining,1
challenge,1
highlights,1
situation,1
excludes,1
reduced,1
request,1
minor,1
availed,1
materials,1
various,1
bringing,1
incorrect,1
doctoral,1
ddvovs,1
overall,1
comparative,1
limited,1
description,1
return,1
merits,1
sumba,1
drops,1
female,1
exception,1
palaeoanthropological,1
converted,1
whatever,1
make,1
comments,1
movement,1
southern,1
neat,1
hold,1
direction,1
positive,1
glencoe,1
jonathon,1
applications,1
about,1
once,1
metric,1
calculate,1
loaded,1
rational,1
edited,1
outperform,1
mh,1
congoids,1
coverage,1
makes,1
minatagowa,1
ring,1
entitled,1
fifth,1
restricted,1
clash,1
linnean,1
perspectives,1
supplied,1
assistance,1
performed,1
sharply,1
ed,1
outlined,1
iranian,1
si,1
belonging,1
already,1
merriwether,1
department,1
filipino,1
midpoints,1
continued,1
double,1
volume,1
indomalaysian,1
members,1
buidane,1
majority,1
paul,1
europemediterranean,1
lapse,1
llli,1
stronger,1
prompting,1
isolates,1
others,1
gig,1
deserves,1
projects,1
investigates,1
lahr,1
shows,1
unparalleled,1
turner,1
treatment,1
subtend,1
cumulative,1
striking,1
jantz,1
fortiori,1
proposal,1
abstract,1
relict,1
choice,1
larger,1
farming,1
fallen,1
micronesian,1
strait,1
doubt,1
identical,1
considerable,1
jump,1
discussed,1
battery,1
offence,1
forms,1
polska,1
readers,1
took,1
nauk,1
geography,1
chain,1
cruz,1
formation,1
covered,1
asien,1
equate,1
establish,1
ch,1
projections,1
fiiiiiiiii,1
michael,1
mitochondrial,1
ryukyu,1
practice,1
perhaps,1
teeth,1
assault,1
jj,1
sulawesi,1
fundamentals,1
counterpart,1
iliilii,1
website,1
realize,1
elevation,1
degree,1
plane,1
braincase,1
interpreting,1
hesitate,1
synonym,1
grouping,1
recognizing,1
remote,1
understanding,1
thirtynine,1
certain,1
registers,1
excluding,1
knopf,1
comprise,1
failings,1
width,1
bear,1
sides,1
formal,1
lake,1
conceivable,1
depended,1
omitted,1
unpredictable,1
complexities,1
empirical,1
waste,1
significant,1
hosted,1
largely,1
francis,1
sampled,1
causes,1
resonances,1
virtually,1
bsc,1
tips,1
questions,1
trend,1
kaushal,1
individuals,1
adichanallur,1
thrash,1
advantages,1
netherlands,1
involves,1
vii,1
zoogeography,1
trade,1
low,1
significance,1
archaeological,1
reality,1
consult,1
oc,1
comprehensive,1
idiosyncratic,1
inadequate,1
agreement,1
taxonomic,1
peter,1
issn,1
defensive,1
characterized,1
satisfies,1
palaeontology,1
msc,1
tribal,1
features,1
high,1
risen,1
pj,1
distinction,1
lie,1
standard,1
abundant,1
neutral,1
especially,1
random,1
outside,1
cs,1
commentators,1
satisfy,1
promote,1
textbooks,1
relation,1
gratefully,1
crinkled,1
respectively,1
symmetric,1
britain,1
unruly,1
assigning,1
availability,1
diamond,1
norton,1
micronesia,1
probably,1
implication,1
looks,1
differ,1
begs,1
equivalent,1
joint,1
quarter,1
vertebrate,1
propose,1
delimited,1
mil,1
la,1
concluded,1
widely,1
anatomy,1
increasing,1
european,1
subash,1
molly,1
entail,1
pqq,1
median,1
stems,1
belonged,1
raise,1
africa,1
bureau,1
matrices,1
indomalaysia,1
seventeen,1
provide,1
institutions,1
usually,1
testing,1
groves,1
zaklud,1
select,1
attitude,1
fewer,1
primarily,1
predict,1
referred,1
lost,1
seen,1
rim,1
armed,1
curation,1
began,1
effectively,1
markers,1
whereby,1
category,1
indicate,1
covering,1
displaying,1
es,1
inspired,1
unusual,1
expectations,1
construction,1
quite,1
researcher,1
populace,1
lineages,1
itself,1
llll,1
face,1
enunciated,1
resemble,1
illsss,1
entertain,1
materialy,1
undertook,1
suggestions,1
contained,1
shadow,1
fifteen,1
islander,1
growing,1
melanesia,1
overriding,1
conclusion,1
mentioned,1
version,1
primates,1
circumstances,1
simplify,1
predictions,1
demonstrate,1
simply,1
geographic,1
hypothesized,1
characteristics,1
known,1
dubious,1
eskimo,1
precise,1
beitrag,1
thousand,1
satisfactory,1
terrestrial,1
chennai,1
text,1
affirmative,1
subtenses,1
viewed,1
equation,1
ifz,1
singh,1
seas,1
ni,1
natural,1
banished,1
stem,1
guaranteed,1
specialized,1
share,1
expanding,1
ratio,1
commission,1
believe,1
ubiquitous,1
straightforward,1
prominence,1
appendix,1
epitomized,1
gosden,1
half,1
universal,1
current,1
report,1
sllllllisl,1
contradictory,1
obviously,1
speculation,1
cautious,1
matsumura,1
benefit,1
encouraging,1
past,1
anomalous,1
utilized,1
uppermost,1
procedural,1
better,1
evident,1
william,1
according,1
scholarly,1
explanations,1
what,1
carefully,1
investigation,1
spatial,1
selected,1
references,1
cause,1
males,1
converting,1
validate,1
ies,1
theory,1
sunk,1
marta,1
tightly,1
extent,1
unwise,1
institute,1
require,1
divide,1
huge,1
minimal,1
suggests,1
ideal,1
categories,1
size,1
photocopy,1
popular,1
nj,1
mowbray,1
dispelling,1
iiiiiiiiii,1
menu,1
intention,1
offshore,1
must,1
rroutledqe,1
ill,1
reported,1
ken,1
african,1
lies,1
went,1
measure,1
programs,1
obtain,1
ost,1
reconstruct,1
germs,1
representation,1
faculty,1
terminal,1
prepared,1
enthusiasm,1
polynesia,1
until,1
locations,1
australica,1
cambridge,1
average,1
autochthonous,1
finding,1
twentieth,1
web,1
numerous,1
ododdooddd,1
grant,1
discursive,1
qpqpqcnpp,1
define,1
measurer,1
davies,1
states,1
integration,1
anatomical,1
you,1
effects,1
defined,1
ashley,1
probabilistic,1
remains,1
association,1
definitive,1
comparison,1
leads,1
ctf,1
searching,1
removed,1
classificatory,1
tribes,1
headed,1
debate,1
subspecific,1
views,1
maximum,1
valley,1
entire,1
counts,1
taylor,1
observed,1
premature,1
occur,1
retention,1
