WORDCOUNTS,WEIGHT
the,526
and,424
of,341
in,201
a,178
to,144
that,118
tiwanaku,113
as,68
on,55
from,45
at,44
was,44
an,44
for,42
with,39
its,37
religious,37
it,35
ritual,34
were,32
late,31
formative,30
sunken,29
de,28
most,27
ceremonial,26
is,26
early,26
this,25
centre,25
andean,25
by,24
lake,24
natural,24
court,23
their,23
janusek,22
l,22
or,22
local,22
they,21
khonkho,21
j,21
religion,20
ponce,20
archaeology,20
changing,20
monumental,19
w,19
new,19
which,19
platform,19
productive,18
are,18
built,18
stone,17
cycles,17
such,17
pp,17
during,17
reference,16
these,16
more,16
political,16
la,16
c,16
titicaca,16
spatial,15
through,15
mountains,14
into,14
state,14
central,14
wayne,14
forces,14
monoliths,14
john,14
features,14
figure,14
construction,14
complexes,14
courts,13
now,13
i,13
american,13
social,13
made,13
solar,13
visual,13
have,13
complex,12
elements,12
kolata,12
landscape,12
research,12
likely,12
ancient,12
but,12
also,12
water,12
temples,12
sandstone,12
university,12
pumapunku,12
andesite,12
one,11
other,11
personages,11
ad,11
key,11
may,11
iconography,11
rise,11
been,11
ideology,11
not,11
each,11
ancestral,11
celestial,11
s,10
side,10
west,10
distant,10
structures,10
t,10
massive,10
critical,10
two,10
power,10
diverse,10
archaeological,10
akapana,10
integration,10
m,9
sociopolitical,9
personage,9
orientation,9
out,9
focused,9
generative,9
annual,9
many,9
landscapes,9
period,9
recurring,9
temple,9
both,9
d,9
carved,8
peaks,8
east,8
vol,8
icons,8
relatively,8
bolivia,8
sun,8
communities,8
monuments,8
societies,8
basin,8
r,8
prominent,8
smithsonian,8
practices,8
located,8
movement,8
southern,8
complementary,8
significant,8
institution,8
practice,8
over,8
urban,8
presented,8
press,8
sought,7
some,7
main,7
kalasasaya,7
after,7
cultural,7
spiritual,7
andes,7
around,7
portals,7
visible,7
south,7
yet,7
depict,7
forms,7
arqueologia,7
faces,7
housed,7
form,7
nearby,7
paleoecology,7
emergent,7
stairway,7
shift,7
environmental,6
h,6
earthly,6
sacred,6
platforms,6
g,6
bennett,6
site,6
high,6
en,6
changes,6
facilitated,6
had,6
symbols,6
del,6
people,6
indexed,6
several,6
society,6
architecture,6
imagery,6
kimsachata,6
quarries,6
compound,6
plate,6
material,6
clear,6
like,6
systems,6
references,6
transformations,6
centres,6
nacional,6
complexity,6
invoked,6
organization,6
portal,6
altiplano,6
mountain,6
be,6
attendants,6
elite,5
if,5
physicality,5
masks,5
history,5
themes,5
experience,5
all,5
nature,5
shaped,5
raised,5
primary,5
inner,5
back,5
served,5
y,5
chan,5
colour,5
elaborate,5
agricultural,5
important,5
materiality,5
well,5
regional,5
towards,5
influence,5
provided,5
he,5
timeless,5
vranich,5
only,5
monolith,5
time,5
perhaps,5
vast,5
processes,5
architectural,5
would,5
dimensions,5
iconographic,5
incorporated,5
paper,5
has,5
argue,5
constructions,5
terraced,5
metaphorical,5
very,5
heads,5
emphasis,5
wankane,5
range,5
specific,5
pathways,5
north,5
beings,5
major,5
edge,4
common,4
later,4
stood,4
represent,4
red,4
stands,4
large,4
formed,4
monolithic,4
materials,4
production,4
entered,4
emphasized,4
alike,4
el,4
dynamic,4
human,4
unpublished,4
drainage,4
journal,4
than,4
via,4
across,4
radiating,4
emergence,4
shore,4
peru,4
helped,4
view,4
affiliated,4
changed,4
predatory,4
persons,4
near,4
sites,4
gave,4
moments,4
rituals,4
et,4
cults,4
thrived,4
stylized,4
field,4
spatially,4
order,4
long,4
eleven,4
ancestors,4
core,4
world,4
cycle,4
f,4
springs,4
makes,4
wearing,4
under,4
al,4
increasingly,4
sky,4
blocks,4
monumentality,4
end,4
v,4
model,4
native,4
intimate,4
onto,4
canals,4
national,4
points,4
solstice,4
earlier,4
relation,4
structure,4
materialized,4
increasing,4
domains,4
headdress,4
environment,4
symbolic,4
different,4
setting,4
embodiment,4
cities,4
past,4
places,4
while,4
art,4
middle,4
illimani,4
summit,4
recent,4
intricate,3
stairways,3
investigaciones,3
ohnstad,3
e,3
group,3
axiality,3
presents,3
unlike,3
immanent,3
properties,3
balcony,3
specifically,3
evolution,3
humans,3
sculpted,3
daily,3
stanish,3
found,3
there,3
integrate,3
those,3
right,3
vital,3
lemuz,3
above,3
constitutive,3
relations,3
cambridge,3
excavations,3
civilization,3
simultaneously,3
no,3
cult,3
environments,3
arm,3
importance,3
ongoing,3
space,3
plaza,3
imposing,3
latin,3
n,3
k,3
calendar,3
watery,3
lithic,3
followed,3
faced,3
symbolically,3
collectively,3
appears,3
residential,3
universidad,3
dumbarton,3
because,3
bounded,3
los,3
significantly,3
realms,3
own,3
polity,3
sense,3
deity,3
fostered,3
emerging,3
involved,3
entrance,3
highly,3
up,3
meshed,3
pilgrims,3
feline,3
arik,3
vanderbilt,3
various,3
pilgrimage,3
procession,3
avian,3
mark,3
others,3
ceramic,3
identity,3
farming,3
contemporary,3
present,3
innovative,3
another,3
represented,3
impassive,3
objectification,3
expression,3
use,3
submitted,3
california,3
deified,3
decorated,3
maintenance,3
characterized,3
so,3
mount,3
paths,3
latter,3
serpentine,3
drinking,3
probably,3
northern,3
herding,3
continued,3
altitude,3
who,3
transformation,3
face,3
anthropological,3
benitez,3
then,3
simply,3
known,3
aymara,3
few,3
fuelled,3
report,3
bolivian,3
associated,3
historical,3
person,3
phd,3
them,3
particular,3
attitudes,3
seasonal,3
imperial,3
orientations,3
spaces,3
bodies,3
multiple,3
representation,3
initiated,3
extensive,3
include,3
evidence,3
roughly,3
between,3
elites,3
consisted,3
much,3
among,3
axial,3
juventud,2
silverman,2
appropriation,2
cima,2
oriented,2
substances,2
meaning,2
asentamiento,2
groups,2
inviolable,2
mesoamerica,2
conducted,2
arqueologico,2
prime,2
ways,2
ideals,2
contexts,2
lower,2
either,2
path,2
ciencias,2
emerged,2
dramatically,2
leading,2
liquids,2
great,2
compounds,2
reed,2
reproduction,2
evolving,2
expansion,2
principal,2
designs,2
motion,2
inca,2
agriculture,2
possible,2
marked,2
leo,2
point,2
along,2
tresses,2
altitudes,2
recursive,2
beaks,2
identities,2
dynamics,2
builders,2
demanded,2
terraces,2
santa,2
trail,2
comprised,2
chiripa,2
turn,2
left,2
effective,2
ideal,2
even,2
cosmic,2
came,2
walls,2
cordilleras,2
rather,2
residence,2
highlands,2
how,2
worldly,2
presentation,2
unique,2
gesture,2
derived,2
aquatic,2
wila,2
front,2
metres,2
support,2
civilizations,2
radiant,2
consider,2
entry,2
established,2
intensive,2
elsewhere,2
informe,2
observations,2
upper,2
commonly,2
pilasters,2
idealized,2
fixed,2
shifted,2
flow,2
vehicles,2
nested,2
fluid,2
ranges,2
expressed,2
moving,2
prehistoric,2
fitted,2
based,2
could,2
inherent,2
p,2
mythical,2
mesoamerican,2
pupfish,2
constantly,2
interpretations,2
moore,2
wari,2
placed,2
wide,2
aspects,2
keeping,2
zoomorphic,2
suggests,2
rainy,2
aquifers,2
hang,2
framed,2
transcended,2
positions,2
realm,2
expansive,2
streams,2
rows,2
surrounding,2
we,2
employed,2
incorporative,2
regions,2
earth,2
least,2
working,2
contrast,2
emphasizes,2
settlement,2
small,2
kluwer,2
legitimize,2
invoke,2
dramatic,2
boundaries,2
sculptures,2
potent,2
cosmology,2
appropriate,2
activities,2
hauled,2
edn,2
chronological,2
portion,2
bedrock,2
symbolism,2
approximate,2
visually,2
overall,2
ccapia,2
dressed,2
classic,2
edges,2
nearly,2
community,2
still,2
indicates,2
interactions,2
standing,2
inhabited,2
innovation,2
braided,2
about,2
once,2
depicted,2
unfolds,2
museum,2
esoteric,2
mission,2
restricted,2
manzanilla,2
participants,2
included,2
perspectives,2
light,2
culture,2
same,2
shifting,2
largest,2
academia,2
demarest,2
totora,2
stones,2
useful,2
corporeal,2
inhabitants,2
centred,2
put,2
decorative,2
addition,2
projects,2
communal,2
interwoven,2
idea,2
head,2
striking,2
instituto,2
elegant,2
patterns,2
hand,2
adjacent,2
covered,2
where,2
isbell,2
celebrated,2
style,2
maya,2
scaled,2
depended,2
birds,2
top,2
felines,2
legs,2
three,2
held,2
floodplains,2
him,2
played,2
crafted,2
abundant,2
provides,2
artificial,2
narrow,2
attendant,2
hierarchical,2
priests,2
spatiality,2
figures,2
embodied,2
rays,2
attention,2
overlapping,2
carried,2
heartland,2
dual,2
today,2
provide,2
science,2
movements,2
means,2
transformed,2
began,2
effectively,2
indicate,2
life,2
proyecto,2
centuries,2
itself,2
seat,2
earliest,2
considered,2
school,2
ordered,2
intensification,2
geographic,2
frieze,2
vacant,2
leaders,2
down,2
cyclical,2
current,2
foundation,2
ideological,2
particularly,2
plazas,2
jennifer,2
domesticated,2
living,2
according,2
what,2
notable,2
depicts,2
rose,2
degree,2
huari,2
axis,2
prestige,2
wove,2
conference,2
seductive,2
facial,2
recursively,2
city,2
centro,2
phenomenon,2
deities,2
varied,2
decked,2
formation,2
similar,2
herds,2
sancta,2
integrated,2
consumption,2
off,2
vessel,2
themselves,2
hills,2
gestures,2
views,2
little,2
images,2
ends,2
networks,2
sedimentary,2
building,2
fermented,2
portrait,2
templete,1
miller,1
massif,1
does,1
supremely,1
currently,1
catolica,1
paralleled,1
audible,1
frequent,1
appealed,1
glaciers,1
cesar,1
way,1
serpent,1
adapting,1
cradle,1
revolutionary,1
intriguing,1
chthonic,1
ultimate,1
cuenca,1
enclosing,1
introduction,1
glimpses,1
village,1
elaborately,1
overland,1
systematically,1
imagen,1
offerings,1
agency,1
fed,1
precolombino,1
join,1
second,1
lintel,1
authority,1
sumptuary,1
investigating,1
completely,1
twenty,1
studies,1
alexei,1
figuratively,1
archaeoastronomical,1
grove,1
reasonably,1
position,1
conjunctions,1
laid,1
occurred,1
replicate,1
total,1
holding,1
eastward,1
fragile,1
exceptions,1
impeded,1
lowlands,1
track,1
proxemics,1
source,1
diversity,1
precursors,1
sprawled,1
highlight,1
clarifying,1
horizontal,1
punctuating,1
anthropogenic,1
anything,1
archaeologists,1
decidedly,1
permanence,1
modest,1
every,1
pods,1
preceding,1
jointly,1
midwest,1
interests,1
derives,1
repertoire,1
buttress,1
statecraft,1
kneel,1
season,1
worked,1
commensalism,1
goal,1
winding,1
damaged,1
thus,1
available,1
interred,1
appendages,1
machaca,1
monitor,1
differences,1
potentially,1
origin,1
narrative,1
government,1
transferred,1
sometime,1
kingship,1
hundred,1
ltiti,1
composition,1
genus,1
survey,1
take,1
styles,1
alignment,1
posnansky,1
pauketat,1
friezes,1
course,1
date,1
blackwell,1
precisely,1
concepts,1
situ,1
embody,1
coordinated,1
somewhat,1
officiants,1
within,1
offish,1
papers,1
explosive,1
epistemological,1
memorialized,1
incidents,1
underwent,1
inseparable,1
corresponded,1
existence,1
reconstruction,1
manicured,1
linear,1
eastern,1
courtesy,1
bird,1
draws,1
paved,1
portico,1
lamina,1
mass,1
conditioned,1
incorporate,1
representations,1
utilizadas,1
direccion,1
sash,1
quantities,1
opened,1
howard,1
determined,1
activity,1
denver,1
prehispanic,1
soils,1
drive,1
incas,1
moseley,1
structurally,1
crowned,1
obvious,1
boktryckeri,1
reconsidering,1
combination,1
variations,1
since,1
coordinating,1
resources,1
bottom,1
representing,1
succession,1
yunguyu,1
dearrollo,1
gateways,1
arqueologica,1
localized,1
controlled,1
skywardfacing,1
hudson,1
colonized,1
funded,1
learned,1
youngsanchez,1
ryden,1
inhabits,1
phase,1
oaxaca,1
throughout,1
religioso,1
translates,1
desaguadero,1
immediate,1
spickard,1
lining,1
professor,1
surrounded,1
due,1
tables,1
hierarchy,1
chavin,1
author,1
bodily,1
domain,1
ut,1
draped,1
sp,1
viceministry,1
ingesting,1
spot,1
carlos,1
conjures,1
denote,1
sapeck,1
topic,1
morell,1
oracles,1
cases,1
distinct,1
speculative,1
sangines,1
libreria,1
perspective,1
pap,1
gradients,1
body,1
panorama,1
wares,1
houses,1
attests,1
clare,1
truly,1
araucanian,1
compare,1
overwhelmed,1
overarching,1
mirrored,1
auge,1
details,1
graced,1
traditions,1
leadership,1
piedra,1
incarnation,1
word,1
conceptually,1
gillespie,1
grasp,1
affiliations,1
rights,1
mimicking,1
online,1
explanations,1
revisit,1
whose,1
mexico,1
sumaria,1
without,1
his,1
summaries,1
remain,1
interpretation,1
lie,1
megalithic,1
influential,1
levels,1
coastal,1
knew,1
didactic,1
approaches,1
deliberately,1
copacabana,1
idealize,1
waned,1
paz,1
associate,1
supplement,1
connected,1
ex,1
strands,1
amazonian,1
institutionalization,1
certain,1
entrances,1
entre,1
produced,1
scales,1
funneled,1
awareness,1
primer,1
periodic,1
expressing,1
rising,1
lives,1
empires,1
monumentalism,1
vastly,1
routledqe,1
incrementally,1
legitimizing,1
conceptualization,1
auspicious,1
foothills,1
objects,1
river,1
image,1
clearly,1
francis,1
proved,1
just,1
tray,1
mary,1
amide,1
vitality,1
frequently,1
processions,1
additional,1
textile,1
powerful,1
continual,1
shed,1
requires,1
visibly,1
projected,1
strategy,1
pir,1
salient,1
drawing,1
appear,1
trajectories,1
nebraska,1
iwawi,1
skewed,1
closely,1
remembered,1
merging,1
brennan,1
arqueologicas,1
location,1
ascendance,1
holds,1
sajama,1
hands,1
traditionally,1
tunic,1
typical,1
access,1
narrated,1
nair,1
exquisitely,1
underneath,1
deal,1
outcrops,1
format,1
scenes,1
quarried,1
shared,1
fishing,1
facilitate,1
events,1
agendas,1
genuflecting,1
mimicked,1
vegetal,1
pavements,1
expressions,1
embedded,1
academic,1
kuhnert,1
traversed,1
further,1
syncretism,1
library,1
though,1
elemental,1
religiosity,1
keywords,1
mediated,1
afforded,1
viewed,1
recently,1
population,1
debunked,1
scale,1
fish,1
vivid,1
tension,1
tikal,1
approached,1
instrumental,1
required,1
find,1
method,1
threaded,1
scene,1
foregrounds,1
alt,1
acknowledgements,1
information,1
impression,1
jawira,1
shape,1
directly,1
future,1
degrees,1
sculpture,1
conjured,1
tool,1
apuntes,1
concept,1
part,1
templo,1
choquepacha,1
tombs,1
indigenous,1
supreme,1
configured,1
incremental,1
repeating,1
year,1
dynasties,1
viceministerio,1
place,1
editorial,1
overtly,1
broad,1
johann,1
expansionist,1
oaks,1
moulding,1
winter,1
materialization,1
sculptural,1
breathtaking,1
personal,1
craftsmen,1
showing,1
project,1
encuenctros,1
alan,1
president,1
interpreted,1
status,1
horizon,1
predictive,1
enterprises,1
researchers,1
depicting,1
enclosures,1
steward,1
licenciatura,1
hard,1
bouts,1
constituent,1
redressive,1
heinz,1
suggest,1
reliable,1
destiny,1
dillehay,1
disembodied,1
inextricably,1
nashville,1
llama,1
normalizacion,1
revealing,1
renovation,1
arquitectura,1
crystallization,1
procedencia,1
peak,1
essentially,1
attached,1
psychotropic,1
corridor,1
coast,1
mollo,1
occasions,1
ek,1
generally,1
scott,1
notice,1
notes,1
earthy,1
patrones,1
wolfgang,1
inhabiting,1
moved,1
directional,1
actions,1
escultura,1
katari,1
stewards,1
comm,1
appeal,1
horizons,1
san,1
quarry,1
situation,1
cosmological,1
estilo,1
identified,1
runoff,1
economic,1
descending,1
gradual,1
ritualpolitical,1
vols,1
burkholder,1
hugged,1
upward,1
establishes,1
panregional,1
make,1
manifest,1
torso,1
sintesis,1
atop,1
perennial,1
roads,1
almanac,1
single,1
powerfully,1
juxtaposition,1
coherence,1
sweeping,1
simultaneous,1
esplanade,1
pivotal,1
whiskered,1
opportunities,1
revisiting,1
experienced,1
read,1
alongside,1
tablet,1
hegemonic,1
raison,1
repair,1
technology,1
chronology,1
b,1
prestigious,1
smith,1
totem,1
boletin,1
shored,1
congruent,1
ethnographic,1
floor,1
indian,1
infused,1
already,1
insights,1
joyce,1
prehispanica,1
worldviews,1
superstructural,1
didactically,1
considers,1
harper,1
lack,1
transformative,1
endured,1
funerary,1
name,1
aspect,1
bolivianos,1
precariously,1
wilakala,1
decoration,1
inflexible,1
journey,1
toward,1
again,1
drink,1
rock,1
added,1
spear,1
sanctified,1
anos,1
cultivated,1
llamas,1
datos,1
rainwater,1
foods,1
plan,1
predominant,1
mountainous,1
abstract,1
reform,1
together,1
incorporation,1
surfaces,1
bluff,1
doubt,1
bundle,1
towering,1
pennsylvania,1
arguably,1
imperfect,1
environs,1
planners,1
channel,1
puzzling,1
reproductive,1
conclusions,1
outside,1
took,1
decorating,1
evoke,1
drove,1
ground,1
chain,1
kalisaya,1
staffs,1
superimposed,1
systematic,1
empire,1
accepted,1
establish,1
boliva,1
flesh,1
see,1
foot,1
calendrics,1
doorways,1
slithering,1
focusing,1
mundo,1
appropriating,1
poles,1
invitation,1
chronologically,1
belief,1
compelled,1
cosmos,1
routledge,1
como,1
gives,1
hovering,1
reflected,1
lunar,1
regionally,1
day,1
lintels,1
valleys,1
meandering,1
tilley,1
remained,1
argues,1
interpreting,1
original,1
antropologicas,1
technologies,1
hue,1
meaningful,1
persona,1
keros,1
divided,1
rio,1
objectify,1
examples,1
una,1
treated,1
rendered,1
thanks,1
discovery,1
sacrifices,1
headdresses,1
values,1
sides,1
aligning,1
formal,1
region,1
including,1
distinctly,1
rehabilitation,1
mortuary,1
complexities,1
expand,1
encouraged,1
entirely,1
food,1
complement,1
largely,1
rivers,1
emphasize,1
refers,1
band,1
refuse,1
ideas,1
prominently,1
semisuterraneo,1
hew,1
rare,1
individuals,1
merit,1
editores,1
ceremonies,1
optimistic,1
nevertheless,1
dating,1
accoutrements,1
numinous,1
versions,1
consecrating,1
beaked,1
open,1
significance,1
stelae,1
bole,1
urbana,1
observatory,1
feature,1
sprawls,1
crania,1
diplomats,1
issn,1
times,1
depiction,1
distinction,1
administrative,1
configurations,1
interacted,1
theocratic,1
amorphous,1
producciones,1
segment,1
courtyard,1
libro,1
facing,1
behind,1
qualities,1
study,1
salt,1
evolutionary,1
rapport,1
respectively,1
shallow,1
culturalpolitical,1
can,1
sobre,1
kakd,1
enjoyed,1
slightly,1
story,1
descripcion,1
occupied,1
temporality,1
sur,1
regimes,1
segmentaria,1
concluded,1
widely,1
navel,1
buildings,1
consists,1
pictorial,1
drennan,1
relationship,1
taraco,1
surpassed,1
adorns,1
solstices,1
rafted,1
foreign,1
sprout,1
program,1
arrow,1
santiago,1
inside,1
vertical,1
quarrying,1
lines,1
autonoma,1
institutions,1
becomes,1
taylor,1
referred,1
success,1
tin,1
zovar,1
un,1
seen,1
enculturation,1
render,1
tiahuanaco,1
robustly,1
covering,1
antiquity,1
class,1
strive,1
examine,1
analysis,1
continually,1
headgear,1
coordination,1
types,1
fields,1
creatures,1
bundled,1
mounds,1
commenting,1
grounded,1
pontificia,1
lago,1
addressed,1
circumscribed,1
dissertation,1
anthropomorphic,1
eschewed,1
heavy,1
monument,1
singular,1
believed,1
harness,1
repaired,1
prehistory,1
conclusion,1
conjunction,1
grand,1
desiccated,1
tapestry,1
patios,1
volatile,1
demonstrate,1
struck,1
wear,1
ensayo,1
theme,1
neighbouring,1
constructed,1
alludes,1
juts,1
weaves,1
drew,1
sustained,1
set,1
affords,1
bright,1
integrative,1
areniscas,1
outcome,1
berkeley,1
anthropology,1
ancestor,1
aktiebolag,1
exploration,1
believe,1
did,1
unknown,1
augustin,1
tandem,1
wall,1
visiting,1
curtiss,1
inquiry,1
escalante,1
brothers,1
grey,1
linked,1
researches,1
wankarani,1
thrower,1
cultivation,1
distinctive,1
las,1
u,1
rural,1
conrad,1
simulacra,1
following,1
purchase,1
ruins,1
economy,1
volcanic,1
tended,1
stability,1
making,1
abraham,1
plural,1
covers,1
squier,1
signature,1
temporally,1
problem,1
consisting,1
appropriated,1
foundations,1
thames,1
landing,1
preliminar,1
influenced,1
andres,1
profile,1
jinchunkala,1
port,1
discussion,1
travel,1
vessels,1
rises,1
portraits,1
lifeprinciple,1
occasionally,1
severely,1
commissioner,1
portraying,1
joining,1
became,1
mayor,1
nourish,1
transition,1
lies,1
propagandized,1
adapted,1
conventional,1
catfish,1
doublejamb,1
clothing,1
teachings,1
challenges,1
dock,1
maintained,1
isolated,1
mimesis,1
snuff,1
analogy,1
elanders,1
shores,1
seddon,1
promoted,1
ephraim,1
chile,1
soft,1
ultimately,1
until,1
models,1
spring,1
drafts,1
generate,1
lands,1
couture,1
catari,1
illinois,1
argentina,1
paradigm,1
swampy,1
disorientation,1
frame,1
piecemeal,1
iconic,1
glorify,1
joined,1
lively,1
typically,1
land,1
specialists,1
physical,1
instilling,1
intermixed,1
smaller,1
sanctum,1
peninsula,1
fondo,1
crossed,1
conquered,1
palace,1
earthen,1
colleagues,1
defined,1
concatenated,1
tributaries,1
area,1
chimor,1
permeable,1
enclosure,1
remains,1
stark,1
respective,1
supported,1
janus,1
orchestrated,1
chambers,1
interdisciplinary,1
vary,1
chicago,1
deposits,1
amigos,1
era,1
experiential,1
sharing,1
create,1
exclusively,1
valley,1
entire,1
interaction,1
traditional,1
focus,1
seek,1
anton,1
concise,1
meeting,1
dindmica,1
fostering,1
termed,1
fortuitous,1
predicated,1
camelids,1
row,1
mimics,1
gold,1
richly,1
bundles,1
