WORDCOUNTS,WEIGHT
the,398
of,201
and,178
in,114
to,87
a,82
from,64
is,60
badarian,58
lithic,55
are,47
predynastic,46
that,42
which,39
it,36
for,34
on,34
tools,33
industry,33
be,32
bifacial,31
as,31
by,29
n,28
artifacts,26
cores,25
egypt,25
mostagedda,24
sites,24
at,23
with,23
blade,23
or,22
i,22
have,22
brunton,20
badari,20
material,20
blades,20
later,19
amratian,19
more,17
settlement,16
region,16
were,16
d,16
industries,15
holmes,15
collection,15
this,14
no,14
not,13
these,13
made,13
localities,13
flake,12
been,12
e,12
they,12
l,12
areas,12
there,12
core,12
middle,12
knives,12
figure,11
district,11
pieces,11
levels,11
only,11
also,11
produced,11
some,11
gerzean,11
tool,11
rather,10
university,10
was,10
flakes,10
other,10
bladelet,10
cemeteries,10
regular,10
b,9
glossy,9
total,9
j,9
bladelets,9
number,9
platform,9
g,9
f,8
represent,8
collections,8
their,8
one,8
single,8
technology,8
but,8
upper,8
m,8
el,8
flint,8
graves,8
dates,8
sherds,8
can,8
than,8
may,7
site,7
museum,7
known,7
t,7
cemetery,7
des,7
bc,7
assemblages,7
has,7
petrie,7
radiocarbon,7
nile,7
an,7
area,7
few,7
he,6
various,6
nagada,6
main,6
stone,6
arrowheads,6
sickle,6
any,6
most,6
retouched,6
worked,6
all,6
different,6
found,6
very,6
limited,6
mainly,6
appears,6
debitage,6
occasional,6
desert,6
archaeological,6
characterized,6
archaeology,6
presence,6
phases,5
she,5
use,5
table,5
limestone,5
two,5
appear,5
raw,5
present,5
s,5
secondary,5
date,5
well,5
generally,5
r,5
categories,5
work,5
perforators,5
o,5
hemamieh,5
during,5
tabular,5
so,5
slabs,5
quite,5
tarifian,5
valley,5
though,5
south,4
seems,4
colour,4
mostly,4
fairly,4
usually,4
matmar,4
college,4
blanks,4
armant,4
truncation,4
catonthompson,4
types,4
pp,4
modern,4
into,4
elsewhere,4
du,4
w,4
had,4
surface,4
provide,4
could,4
p,4
report,4
clear,4
hierakonpolis,4
clearly,4
new,4
generalized,4
outside,4
what,4
whether,4
early,4
possible,4
both,4
service,4
classes,4
part,4
samples,4
egyptian,4
sequence,4
frequencies,4
london,4
et,4
shown,4
used,4
artifact,4
such,4
pls,4
de,4
least,4
small,4
between,4
primary,4
excavations,4
deposits,4
yielded,4
axes,4
does,3
antiquites,3
contact,3
although,3
scrapers,3
red,3
represented,3
seen,3
percussion,3
notably,3
annales,3
importance,3
large,3
settlements,3
elaborate,3
miscellaneous,3
h,3
examined,3
press,3
restricted,3
fouilles,3
periods,3
ancient,3
omari,3
included,3
dated,3
k,3
same,3
al,3
drills,3
noted,3
being,3
people,3
ceramic,3
neolithic,3
seem,3
backed,3
paragraph,3
towards,3
lying,3
based,3
broken,3
appearance,3
typical,3
particularly,3
end,3
distinctive,3
distinct,3
treatment,3
those,3
standardized,3
somewhat,3
circular,3
recently,3
ceramics,3
see,3
particular,3
perhaps,3
truncations,3
exploration,3
quaritch,3
because,3
samadai,3
knife,3
apart,3
sea,3
proportions,3
collecting,3
mitteilungen,3
description,3
abteilung,3
consistent,3
dating,3
since,3
tables,3
regarded,3
excavated,3
relations,3
include,3
field,3
endscrapers,3
suggest,3
heat,3
several,3
wares,3
north,3
recent,3
traditions,3
about,3
provided,3
preliminary,3
unidentifiable,3
chronological,2
difficult,2
biface,2
carried,2
regional,2
likely,2
perspectives,2
africa,2
variety,2
way,2
continued,2
nodules,2
identified,2
late,2
through,2
c,2
thermoluminescence,2
basic,2
begin,2
extend,2
scars,2
who,2
detailed,2
gabra,2
make,2
proportion,2
debris,2
fact,2
certain,2
direct,2
thinning,2
class,2
namely,2
potsherds,2
yet,2
interpretation,2
reference,2
resemble,2
considered,2
chronology,2
possibly,2
comparisons,2
excavation,2
virtually,2
occurred,2
planes,2
professor,2
culture,2
irregular,2
huzayyin,2
too,2
age,2
recovered,2
first,2
origins,2
anthropology,2
double,2
civilisation,2
comparing,2
kozlowski,2
production,2
afterlife,2
ii,2
important,2
culturally,2
kairo,2
each,2
many,2
cm,2
tradition,2
cultures,2
badarians,2
hoffman,2
available,2
did,2
striking,2
suggesting,2
ginter,2
differences,2
indeed,2
lacks,2
time,2
government,2
deir,2
near,2
locality,2
claimed,2
burial,2
reflect,2
nag,2
do,2
judging,2
current,2
investigations,2
cultural,2
ras,2
due,2
essentially,2
form,2
majority,2
nodular,2
coast,2
biases,2
chronologically,2
subsequent,2
consisting,2
weathered,2
immediate,2
notches,2
local,2
demonstrated,2
pers,2
contain,2
discussion,2
sickles,2
cambridge,2
presented,2
occasionally,2
reddened,2
fine,2
multiple,2
despite,2
rns,2
along,2
african,2
its,2
transition,2
significant,2
whole,2
extended,2
designate,2
der,2
much,2
partly,2
deutschen,2
phase,2
observed,2
until,2
explained,2
years,2
low,2
oriental,2
kab,2
detached,2
wadi,2
allowed,2
good,2
describing,2
revised,2
working,2
below,2
hammer,2
high,2
century,2
collected,2
obtained,2
z,2
defined,2
earlier,2
royale,2
abundant,2
remains,2
bank,2
latter,2
forms,2
floodplain,2
rippled,2
summary,2
characteristics,2
specific,2
denticulates,2
study,2
hammamat,2
km,2
myers,2
fishtails,2
adjacent,2
axe,2
occur,2
even,2
deceased,2
data,2
look,2
abydos,2
und,2
occupation,2
among,2
apparently,2
tendency,2
burins,2
should,2
am,2
von,2
major,2
evidently,2
separate,2
rarity,1
subsequently,1
predynastique,1
barbara,1
final,1
needed,1
pay,1
nyame,1
assessed,1
judge,1
now,1
reliable,1
relying,1
triangles,1
glossiness,1
ovate,1
approximate,1
modification,1
change,1
adequate,1
corrects,1
town,1
tdrif,1
stratified,1
note,1
diligent,1
absence,1
punch,1
institut,1
indicators,1
his,1
inaccurate,1
determine,1
continue,1
contrast,1
grand,1
across,1
bifacially,1
located,1
doubt,1
suggestive,1
result,1
remnants,1
rough,1
might,1
psedesumed,1
expedition,1
brief,1
fewer,1
insufficient,1
tz,1
primarily,1
intriguing,1
bulletin,1
crested,1
mean,1
permission,1
excluding,1
completely,1
assiut,1
still,1
baumgartel,1
bias,1
introduction,1
calculated,1
unbiased,1
developments,1
similar,1
sequences,1
group,1
length,1
unfamiliar,1
maadi,1
neat,1
tends,1
tasian,1
changes,1
containing,1
vorgeschichtliche,1
sommaire,1
curator,1
lacking,1
vicinity,1
nubia,1
properly,1
analysis,1
distant,1
unweathered,1
evolution,1
agyptische,1
rise,1
summarized,1
grade,1
continuation,1
extremely,1
months,1
oasis,1
vorgeschichtsforschung,1
chipped,1
drawings,1
category,1
represents,1
makes,1
commenting,1
bet,1
nor,1
largely,1
thought,1
mission,1
photographs,1
under,1
naqada,1
prehistory,1
detail,1
orange,1
les,1
river,1
headland,1
school,1
pl,1
environment,1
depends,1
derry,1
habits,1
then,1
paper,1
ie,1
light,1
before,1
biased,1
gourna,1
following,1
village,1
resch,1
descriptions,1
cairo,1
indicating,1
slate,1
vol,1
mentioned,1
given,1
largest,1
belonging,1
presumed,1
illustrated,1
flints,1
contains,1
identification,1
demonstrate,1
grabstatte,1
predominantly,1
har,1
nonagricultural,1
itself,1
delta,1
lower,1
sprache,1
stones,1
beyond,1
expose,1
rhein,1
chips,1
lateral,1
volume,1
position,1
sources,1
comprising,1
au,1
summaries,1
occurrences,1
certainly,1
terminology,1
text,1
veroffentlichungen,1
reconsideration,1
answers,1
campagnes,1
unretouched,1
geoarchaeology,1
explain,1
specimens,1
set,1
care,1
originally,1
oldest,1
fund,1
give,1
evidence,1
exposed,1
providing,1
social,1
location,1
grouped,1
natural,1
over,1
ahzar,1
cortex,1
geochemical,1
responsible,1
addition,1
whereas,1
ranges,1
gertrude,1
universitaire,1
distribution,1
technologies,1
prehistoric,1
longer,1
comparatively,1
chunks,1
underrepresented,1
limit,1
plateau,1
gesellschaft,1
reassessment,1
if,1
scholars,1
assess,1
future,1
indicate,1
together,1
coring,1
intrusive,1
subheaded,1
verlag,1
called,1
appeared,1
discoidal,1
abstract,1
thank,1
expected,1
mahana,1
choice,1
origin,1
rich,1
effort,1
account,1
grave,1
follows,1
out,1
larger,1
hassan,1
her,1
obviously,1
guy,1
farther,1
silexindustrien,1
infrequent,1
composition,1
common,1
distal,1
carolina,1
secteur,1
cultivation,1
variation,1
recognition,1
resulting,1
cq,1
amer,1
altertumskunde,1
review,1
dull,1
man,1
conclusion,1
discussed,1
feature,1
dem,1
base,1
display,1
thouh,1
towardsthe,1
representative,1
simple,1
pots,1
better,1
places,1
person,1
phd,1
left,1
beige,1
monographs,1
v,1
situ,1
drafts,1
preforms,1
probleme,1
bp,1
reading,1
questions,1
sinai,1
menghin,1
will,1
purposes,1
aspects,1
rg,1
prominent,1
meticulous,1
vary,1
michael,1
less,1
ed,1
cannot,1
british,1
references,1
thin,1
character,1
nearby,1
eg,1
noticeable,1
placed,1
wasted,1
hoped,1
mahasna,1
forthcoming,1
map,1
spur,1
iol,1
absolute,1
archdologischen,1
preparation,1
unnecessary,1
hamadi,1
noticed,1
routledge,1
east,1
extent,1
albeit,1
civilization,1
anthropologischen,1
coloration,1
while,1
u,1
acknowledgements,1
briefly,1
institute,1
series,1
underlie,1
explored,1
interpreted,1
almost,1
another,1
information,1
none,1
history,1
mond,1
entirely,1
basis,1
nonmortuary,1
line,1
archiiologischen,1
urban,1
revealed,1
situated,1
literature,1
size,1
finished,1
doubtful,1
considering,1
explanation,1
outline,1
archaologisches,1
range,1
obvious,1
dans,1
claim,1
west,1
leads,1
attached,1
except,1
extends,1
including,1
consequent,1
far,1
fair,1
goods,1
sent,1
uncertain,1
apparent,1
reduction,1
procure,1
related,1
industrythe,1
recover,1
fathi,1
protodynastic,1
minds,1
lies,1
sufficient,1
makers,1
palettes,1
sidescrapers,1
invasive,1
fit,1
older,1
rejuvenation,1
perqoirs,1
reliably,1
broad,1
arkell,1
using,1
mention,1
ideas,1
survey,1
long,1
implements,1
aspect,1
assign,1
trend,1
statistics,1
tranchet,1
la,1
thus,1
auf,1
evident,1
prepared,1
documented,1
analysts,1
throughout,1
personal,1
tasa,1
suggested,1
whittle,1
believes,1
archaologische,1
bar,1
devoted,1
soft,1
examples,1
described,1
showing,1
project,1
seeher,1
permissible,1
development,1
difference,1
craftsman,1
quality,1
own,1
naqadian,1
average,1
inland,1
three,1
resembling,1
elongate,1
originated,1
encounters,1
oc,1
either,1
materials,1
regions,1
flaking,1
washington,1
rizkana,1
brill,1
scarce,1
akuma,1
khallaf,1
adornment,1
percentages,1
characteristic,1
co,1
relatively,1
afifi,1
fs,1
endscraper,1
stratigraphic,1
architectural,1
immediately,1
occurs,1
philipp,1
level,1
conducted,1
period,1
need,1
burin,1
specialists,1
sur,1
investigators,1
zeitschrift,1
parts,1
him,1
attribution,1
vermeersch,1
developed,1
housed,1
extensively,1
next,1
antiquity,1
unintentionally,1
facilitating,1
instance,1
le,1
unfaceted,1
krzyzaniak,1
wish,1
ca,1
mainz,1
typology,1
alike,1
items,1
around,1
spalls,1
exchange,1
affinities,1
consist,1
deutsches,1
patterns,1
habitation,1
retouch,1
raises,1
offered,1
especially,1
random,1
wien,1
state,1
amount,1
cs,1
highly,1
removed,1
miles,1
unverified,1
kff,1
second,1
oxford,1
craft,1
relation,1
research,1
allowing,1
stand,1
consisted,1
villages,1
demuynck,1
determinations,1
compare,1
xxvii,1
sharing,1
recognized,1
fully,1
fekri,1
fur,1
dark,1
gebel,1
struck,1
when,1
hard,1
y,1
would,1
white,1
little,1
equivalent,1
chronique,1
corrected,1
trigger,1
world,1
agyptischen,1
we,1
ss,1
relative,1
eine,1
appropriate,1
indistinguishable,1
hammerstone,1
pottery,1
cliffs,1
grateful,1
finds,1
tentative,1
came,1
attention,1
termed,1
poznan,1
poorly,1
remnaining,1
society,1
comm,1
selected,1
