WORDCOUNTS,WEIGHT
the,503
of,328
and,236
in,196
to,193
a,178
for,96
smith,80
be,80
that,75
is,74
by,52
smiths,49
as,49
or,45
are,37
this,35
on,34
metalwork,32
from,32
his,31
has,30
may,29
archaeological,29
which,28
it,27
with,27
metalworking,25
found,24
who,24
particular,23
were,23
can,23
trade,21
village,20
production,20
ethnographic,19
also,19
where,19
number,19
not,19
bronze,19
m,18
organization,18
prehistoric,18
he,18
new,18
an,18
group,17
other,17
j,17
social,17
made,17
exchange,17
evidence,17
tools,16
work,16
status,16
been,16
at,15
such,15
their,15
was,15
cultural,15
economic,15
interpretation,15
have,15
london,14
they,13
age,13
occupation,13
only,13
more,13
material,13
implements,12
influence,12
specialization,12
raw,12
between,12
one,11
differences,11
factors,11
would,11
european,11
dispersed,11
each,11
among,11
customer,10
if,10
groups,10
contexts,10
g,10
no,10
weapons,10
society,10
therefore,10
form,10
when,10
all,9
there,9
metal,9
culture,9
data,9
example,9
own,9
whilst,9
settlement,9
will,9
community,9
make,9
skill,9
local,9
craft,9
often,9
position,8
into,8
some,8
west,8
general,8
p,8
produced,8
craftsmen,8
nandi,8
but,8
available,8
degree,8
africa,8
specialized,8
clan,8
c,8
should,8
does,7
being,7
tradition,7
products,7
basakata,7
quality,7
since,7
de,7
b,7
certain,7
could,7
because,7
used,7
demand,7
materials,7
time,7
variation,7
use,7
him,7
northern,7
rowlands,7
tribes,7
large,6
complex,6
chief,6
might,6
skills,6
those,6
within,6
than,6
l,6
societies,6
technical,6
basis,6
part,6
people,6
craftsman,6
archaeology,6
small,6
chin,6
chronological,6
says,6
many,6
necessary,6
explanation,6
graves,6
workshop,6
any,6
different,6
particularly,6
iron,6
masai,6
them,6
copper,6
celebes,6
likely,5
specialist,5
studies,5
said,5
belong,5
able,5
primary,5
possible,5
supply,5
thus,5
without,5
study,5
linked,5
greater,5
population,5
du,5
r,5
irish,5
its,5
during,5
either,5
presence,5
activities,5
same,5
these,5
pattern,5
another,5
types,5
tribe,5
must,5
over,5
descent,5
clearly,5
goods,5
economy,5
whether,5
prestige,5
specialists,5
area,5
needs,5
distinctions,5
done,4
corporate,4
f,4
myth,4
h,4
obligations,4
source,4
diffusion,4
archaeologists,4
every,4
nature,4
europe,4
broken,4
i,4
emphasized,4
context,4
system,4
activity,4
ritual,4
central,4
development,4
ability,4
how,4
subsistence,4
similar,4
derived,4
support,4
occupational,4
organized,4
proposed,4
w,4
most,4
show,4
distribution,4
ethnography,4
out,4
late,4
further,4
based,4
explain,4
implement,4
industrial,4
concept,4
repairs,4
et,4
villages,4
fully,4
up,4
describes,4
units,4
limited,4
restricted,4
contempt,4
grave,4
man,4
worn,4
extended,4
examples,4
traded,4
change,4
period,4
specialize,4
v,4
widely,4
independence,4
type,4
making,4
extent,4
produce,4
travel,4
assumptions,4
ucko,4
families,4
come,4
models,4
neighbouring,4
need,4
increased,4
early,4
settlements,3
tend,3
spears,3
necessarily,3
encourage,3
sources,3
long,3
seems,3
origin,3
political,3
normal,3
british,3
king,3
e,3
hawkes,3
mongol,3
due,3
cases,3
distinct,3
lineage,3
even,3
york,3
tonga,3
act,3
main,3
dry,3
importance,3
burials,3
reason,3
les,3
isolation,3
organisation,3
view,3
whom,3
placed,3
possibility,3
well,3
having,3
degrees,3
clarke,3
related,3
childe,3
quite,3
involved,3
wider,3
dependent,3
value,3
borneo,3
give,3
marschall,3
tends,3
single,3
reference,3
thought,3
technology,3
s,3
fact,3
areas,3
larger,3
district,3
considerable,3
discussed,3
chiefdom,3
do,3
less,3
widespread,3
range,3
food,3
assumption,3
congo,3
described,3
low,3
profession,3
spearheads,3
brass,3
held,3
individual,3
allowed,3
chagga,3
high,3
systems,3
ornaments,3
land,3
clans,3
separate,3
interdependent,3
provide,3
bulk,3
seen,3
life,3
payment,3
respect,3
fields,3
yoruba,3
uenze,3
prehistory,3
besides,3
alternative,3
paper,3
cultures,3
seem,3
kachin,3
katanga,3
very,3
encouraging,3
explanations,3
what,3
references,3
varying,3
agricultural,3
seasonal,3
size,3
middle,3
finished,3
both,3
circumstances,3
through,3
content,3
role,3
numerous,3
supported,3
valley,3
much,3
networks,3
recent,3
customers,2
produces,2
way,2
imported,2
functional,2
alone,2
needed,2
miners,2
nigeria,2
cycles,2
contact,2
gumlao,2
t,2
season,2
supplied,2
definition,2
together,2
accompanied,2
great,2
simple,2
hoards,2
renfrew,2
influences,2
soc,2
principal,2
livelihood,2
takes,2
preventing,2
depending,2
existence,2
far,2
cited,2
localized,2
historical,2
timber,2
nash,2
immediate,2
smithy,2
against,2
decorated,2
realized,2
agent,2
divine,2
turn,2
chez,2
items,2
refer,2
concerning,2
fig,2
allowing,2
effective,2
chap,2
swords,2
drawn,2
traditions,2
master,2
incentive,2
higher,2
aim,2
rights,2
adequate,2
essential,2
rather,2
generations,2
developed,2
possession,2
en,2
direct,2
parts,2
possess,2
category,2
changes,2
itinerant,2
why,2
n,2
superior,2
exploited,2
comparisons,2
upsal,2
fixed,2
owning,2
appear,2
result,2
pastoral,2
plateau,2
leach,2
called,2
mamba,2
bali,2
ethnog,2
skilled,2
applied,2
required,2
method,2
commitments,2
beaker,2
network,2
tool,2
navarro,2
distinguish,2
yatenga,2
purpose,2
knowledge,2
studia,2
whole,2
buckets,2
inherited,2
scrap,2
employed,2
interpreted,2
approach,2
supplying,2
suggest,2
trading,2
few,2
research,2
anthrop,2
customary,2
generally,2
cattle,2
using,2
und,2
cycle,2
rest,2
led,2
second,2
sons,2
communities,2
criticism,2
makes,2
under,2
neither,2
assimilation,2
orders,2
abandon,2
belonging,2
already,2
containing,2
reports,2
assimilated,2
regional,2
blacksmith,2
members,2
french,2
again,2
similarly,2
absolve,2
towns,2
shows,2
supplies,2
men,2
smelters,2
present,2
developing,2
validity,2
see,2
duties,2
silversmith,2
perhaps,2
frequency,2
understanding,2
restrictions,2
treated,2
increase,2
contacts,2
crafts,2
encouraged,2
bellows,2
ethnologica,2
factor,2
assume,2
ideas,2
fer,2
full,2
benin,2
metalworkers,2
authors,2
so,2
played,2
distinction,2
after,2
latter,2
valued,2
labour,2
k,2
mining,2
structure,2
connections,2
attention,2
la,2
visit,2
assigned,2
proc,2
independent,2
attitude,2
instances,2
tin,2
torbrugge,2
responsible,2
travelled,2
composed,2
metallurgie,2
rarely,2
then,2
believed,2
complexity,2
peoples,2
extensive,2
celtic,2
objects,2
set,2
butler,2
principle,2
cushion,2
assumed,2
harvest,2
privileged,2
gimbutas,2
works,2
beginning,2
spatial,2
sawan,2
problem,2
institute,2
information,2
suggests,2
categories,2
art,2
level,2
recognition,2
reported,2
attached,2
sundstrom,2
african,2
contribute,2
phenomenon,2
world,2
isolated,2
hemptenne,2
formation,2
differentiation,2
cambridge,2
stratification,2
isles,2
although,2
afrique,2
d,2
cauldrons,2
remains,2
headman,2
bell,2
lehman,2
customs,2
occur,2
fir,1
final,1
ibo,1
fleming,1
zaire,1
child,1
deny,1
whetstones,1
dagger,1
jrai,1
revue,1
judging,1
ant,1
resulted,1
methodologies,1
combine,1
considerably,1
necessitates,1
wo,1
designed,1
stone,1
formed,1
informative,1
true,1
continent,1
easily,1
competence,1
former,1
collection,1
behaviour,1
acceptance,1
trace,1
enjoys,1
metallury,1
had,1
history,1
presents,1
leubingen,1
holding,1
maybe,1
before,1
assisted,1
consecration,1
levelled,1
amongst,1
typologically,1
lampong,1
came,1
first,1
else,1
explaining,1
provision,1
loathing,1
ii,1
deterministic,1
ingenuity,1
taken,1
concentrated,1
planting,1
possesses,1
worked,1
mangeurs,1
diffusionist,1
official,1
xxxvii,1
damaged,1
zeitschrift,1
cvii,1
shaped,1
balungana,1
scientifique,1
leading,1
secondary,1
assertion,1
suggesting,1
highland,1
thank,1
rich,1
producing,1
jewellery,1
transferred,1
court,1
paiur,1
take,1
kingdom,1
farmer,1
subsequent,1
help,1
introduces,1
xx,1
damage,1
chiefdoms,1
mr,1
dangers,1
deriving,1
sheet,1
papers,1
contents,1
similarities,1
ad,1
depends,1
gumsa,1
case,1
dr,1
iii,1
recorded,1
autonomous,1
histoire,1
iv,1
agriculture,1
retain,1
zur,1
mythology,1
account,1
vol,1
quantities,1
himo,1
determined,1
marked,1
sheath,1
cooperation,1
paucity,1
characterize,1
sale,1
establishing,1
solely,1
obvious,1
fine,1
beakers,1
desired,1
variations,1
tastes,1
x,1
exchanges,1
facto,1
reverence,1
liberated,1
craftwork,1
catacomb,1
gonda,1
controlled,1
framework,1
voisins,1
ranked,1
halberd,1
relies,1
human,1
divorced,1
phase,1
centralized,1
chiefs,1
relationships,1
villagebased,1
facts,1
copenhagen,1
points,1
scottish,1
interior,1
hierarchy,1
relatively,1
brother,1
mixed,1
duleng,1
occurs,1
leaf,1
application,1
cf,1
little,1
century,1
expected,1
affairs,1
supposes,1
palaeolithic,1
clay,1
nor,1
speculative,1
forgeron,1
circulation,1
convincing,1
amount,1
subjects,1
ha,1
serving,1
holds,1
difficulty,1
oxford,1
firth,1
compared,1
kinship,1
continuous,1
burma,1
find,1
coinciding,1
leurs,1
archaeologist,1
interlocking,1
occidental,1
chicago,1
operative,1
occasion,1
hardly,1
immunity,1
lastly,1
leopold,1
logoli,1
hamlet,1
gaining,1
via,1
weapon,1
gallia,1
mohammed,1
whose,1
bull,1
identification,1
mnake,1
ml,1
principally,1
growth,1
checks,1
denmark,1
adapt,1
organizing,1
unit,1
longest,1
coastal,1
process,1
mean,1
knew,1
stuttgart,1
realizes,1
earlier,1
ns,1
poltavka,1
archaeologia,1
special,1
cave,1
emergency,1
detribalized,1
autochtone,1
animals,1
roth,1
maes,1
supposed,1
underline,1
involve,1
bonds,1
bleeker,1
vorgeschichte,1
rosenfeld,1
savory,1
clark,1
established,1
encourages,1
metallurgy,1
peasant,1
dated,1
section,1
diffuse,1
numbers,1
invariably,1
boyer,1
megawand,1
god,1
daggers,1
argued,1
prevent,1
bilder,1
wellington,1
commented,1
pumping,1
noire,1
beyond,1
rice,1
care,1
famed,1
respected,1
important,1
suggested,1
comite,1
cultivating,1
charcoal,1
ranges,1
explanatory,1
hafted,1
denken,1
fitted,1
antiquaries,1
priori,1
concentration,1
allow,1
discount,1
sumatra,1
resembles,1
seven,1
economics,1
demands,1
shared,1
sedentary,1
criticisms,1
relate,1
worker,1
roundly,1
luxury,1
illness,1
governing,1
interpretations,1
fuel,1
respects,1
markets,1
term,1
embedded,1
density,1
wales,1
third,1
buried,1
appears,1
kunst,1
presided,1
fox,1
availability,1
acknowledgements,1
impression,1
eyap,1
warriors,1
aspects,1
participation,1
betrayed,1
schmeid,1
makers,1
forgerons,1
blade,1
loathed,1
start,1
ibos,1
craftsrnan,1
unless,1
discusses,1
training,1
apparent,1
comment,1
feared,1
description,1
year,1
animistische,1
fit,1
consistently,1
bayern,1
lunteren,1
constitute,1
densely,1
stimulate,1
smelting,1
focuses,1
reflect,1
surrounding,1
participate,1
showing,1
preparation,1
predictive,1
count,1
refuse,1
good,1
goban,1
officials,1
least,1
normally,1
indicator,1
composite,1
manners,1
responsibility,1
theoretically,1
stage,1
honey,1
fluctuates,1
tested,1
next,1
politically,1
villagers,1
le,1
emphasizes,1
cambrensis,1
ingots,1
event,1
textual,1
family,1
autonomy,1
replace,1
bridge,1
levied,1
funerary,1
goddess,1
subgroup,1
tended,1
methodological,1
condemned,1
owlands,1
nationalmuseets,1
majority,1
pays,1
grouporganized,1
wife,1
results,1
paid,1
breed,1
reflected,1
kavirondu,1
novices,1
settle,1
geographical,1
friihe,1
periods,1
prescribed,1
south,1
sanctions,1
increasing,1
dalton,1
situation,1
arrangement,1
kariba,1
ceremonial,1
matter,1
absence,1
bringing,1
populations,1
correlating,1
indeed,1
barrows,1
service,1
located,1
comparative,1
colson,1
archetype,1
return,1
outlet,1
interdependence,1
poor,1
hammond,1
reconstruction,1
selfsufficiency,1
suppose,1
hold,1
direction,1
ipso,1
nubia,1
humaine,1
contributing,1
museum,1
security,1
suited,1
rules,1
serve,1
continuity,1
populated,1
ancient,1
fondeurs,1
tax,1
initiation,1
light,1
manning,1
ed,1
wisconsin,1
two,1
forge,1
prehistoire,1
awe,1
stones,1
picture,1
regardless,1
bylin,1
prophecies,1
rings,1
organizations,1
leader,1
fire,1
scot,1
layton,1
oslo,1
challenge,1
decoration,1
power,1
mentions,1
others,1
cameroons,1
addition,1
analytical,1
investigates,1
longer,1
valid,1
homestead,1
head,1
recurrent,1
fleeing,1
enlarging,1
occupations,1
crop,1
choice,1
classical,1
francaise,1
cure,1
forging,1
grows,1
end,1
soesterberg,1
munster,1
enlarge,1
conferred,1
zealand,1
forms,1
ages,1
outside,1
abstract,1
learn,1
gaule,1
nozzles,1
operating,1
model,1
accepted,1
relevant,1
axes,1
answer,1
colony,1
chronologically,1
binford,1
belief,1
eds,1
libosho,1
distance,1
free,1
primarily,1
convenient,1
casting,1
doubtful,1
interpreting,1
baskets,1
bantu,1
greatest,1
kerma,1
meaningful,1
background,1
chiefly,1
upon,1
desert,1
homesteads,1
previously,1
occao,1
depended,1
hollis,1
sarawak,1
identity,1
controlling,1
entirely,1
significant,1
hypotheses,1
bondage,1
operated,1
outstrip,1
refers,1
harvard,1
submitted,1
questions,1
ethnic,1
processes,1
iban,1
nevertheless,1
europethe,1
netherlands,1
involves,1
vii,1
significance,1
three,1
historic,1
emphasizing,1
welcomed,1
language,1
reputation,1
geograph,1
times,1
like,1
belongs,1
hammer,1
tribal,1
mask,1
serves,1
obtained,1
kept,1
prehist,1
provides,1
repairers,1
lose,1
adequately,1
class,1
especially,1
retire,1
comparing,1
problems,1
qualities,1
parallel,1
become,1
acquire,1
mainly,1
heighten,1
axe,1
enjoyed,1
enemies,1
hardy,1
probably,1
grain,1
institution,1
tendency,1
gwembe,1
levirate,1
hague,1
performing,1
contributes,1
dealing,1
carried,1
unstable,1
gutmann,1
groupings,1
islamic,1
aid,1
me,1
perspectives,1
note,1
wisdom,1
continued,1
mother,1
sometimes,1
crucial,1
usually,1
minorities,1
testing,1
bound,1
order,1
ordinary,1
means,1
smelter,1
detailed,1
privileges,1
returned,1
proposition,1
intensive,1
seminar,1
length,1
efficiency,1
dans,1
existed,1
caste,1
centres,1
exists,1
elder,1
itself,1
arts,1
exchanged,1
seine,1
contained,1
variable,1
heavy,1
associated,1
practice,1
xxiv,1
repaired,1
conclusion,1
mentioned,1
version,1
comparison,1
graveyard,1
contradiction,1
simply,1
steel,1
constituted,1
economically,1
theme,1
known,1
implied,1
besiedlungsgeschichte,1
membership,1
meat,1
ila,1
clement,1
indigeneous,1
der,1
highly,1
know,1
imposing,1
preromaine,1
literary,1
correspond,1
worth,1
connection,1
did,1
indonesiens,1
intrusive,1
current,1
ethnologie,1
cultivation,1
build,1
kusten,1
guinea,1
past,1
quoted,1
better,1
ethnically,1
automatically,1
ones,1
want,1
cause,1
imposed,1
cashel,1
maintain,1
statement,1
xcvii,1
limbs,1
transaction,1
foundations,1
donegal,1
migrations,1
pleases,1
herd,1
reprinted,1
contain,1
freedom,1
casters,1
bought,1
owner,1
sonsberghe,1
kin,1
introduced,1
xliv,1
giving,1
maori,1
focal,1
techniques,1
returning,1
regularities,1
harvesting,1
commodities,1
colonial,1
aspect,1
varied,1
cuivre,1
coles,1
shown,1
argument,1
deceptively,1
negro,1
years,1
revert,1
illinois,1
kalinovka,1
ores,1
finally,1
consistute,1
lukenie,1
mode,1
instead,1
salt,1
correlated,1
cian,1
journ,1
socially,1
staying,1
integration,1
involving,1
defined,1
ihollis,1
typology,1
magical,1
vi,1
specific,1
contradicted,1
hoard,1
artisan,1
lac,1
russia,1
hills,1
commodity,1
say,1
cline,1
metalworker,1
sharing,1
given,1
develop,1
stedten,1
palaeohistoria,1
robins,1
building,1
owns,1
major,1
xxv,1
gold,1
heterogeneous,1
