WORDCOUNTS,WEIGHT
of,101
and,70
the,59
archaeology,45
university,33
in,31
uk,25
to,19
for,17
a,16
by,13
are,12
dr,11
francis,10
foods,10
professor,10
this,9
publication,9
social,9
on,9
taylor,9
that,8
research,8
world,8
oxford,7
or,7
no,7
any,7
vol,7
peter,7
as,7
college,6
is,6
all,6
issue,6
routledge,6
human,6
early,6
london,6
copyright,6
ancient,5
history,5
ed,5
department,5
past,5
papers,5
institute,5
new,5
issues,5
be,5
with,4
volume,4
luxury,4
reading,4
art,4
warfare,4
archaeological,4
g,4
usa,4
at,3
will,3
rights,3
not,3
humanities,3
submission,3
b,3
robin,3
rate,3
technology,3
po,3
from,3
these,3
please,3
management,3
prehistoric,3
other,3
societies,3
exotic,3
infectious,3
do,3
durham,3
what,3
road,3
material,3
local,3
r,3
october,3
use,3
dublin,3
personal,3
southampton,3
such,3
editor,3
three,3
box,3
roberta,3
thomas,3
invited,3
manchester,3
we,3
north,3
should,3
south,2
van,2
online,2
authorization,2
perspectives,2
contact,2
architecture,2
way,2
science,2
commemoration,2
limited,2
square,2
landscape,2
process,2
subsistence,2
remote,2
monuments,2
approaches,2
environments,2
colonization,2
connected,2
veen,2
they,2
their,2
contributions,2
study,2
ma,2
consequences,2
cooney,2
edited,2
miscellany,2
months,2
examine,2
canada,2
studies,2
consider,2
addressed,2
stephen,2
organization,2
index,2
school,2
marshall,2
chris,2
elisabeth,2
before,2
culture,2
impact,2
subscription,2
leicester,2
communities,2
regional,2
bacus,2
writing,2
june,2
more,2
gabriel,2
production,2
here,2
der,2
ii,2
ian,2
anthropological,2
diseases,2
water,2
different,2
whom,2
board,2
gosden,2
p,2
arctic,2
international,2
dowson,2
reproduction,2
shennan,2
february,2
v,2
cultural,2
discipline,2
techniques,2
population,2
see,2
british,2
public,2
number,2
agriculture,2
osborne,2
design,2
some,2
opy,2
private,2
nutrition,2
ecodisaster,2
community,2
yvonne,2
desirable,2
its,2
food,2
island,2
our,2
advertising,2
which,2
were,2
requests,2
gilchrist,2
marijke,2
have,2
change,2
times,2
field,2
defined,2
mitchell,2
systems,2
oxon,2
james,2
st,2
traditions,2
fee,2
gordon,2
epidemic,2
using,1
may,1
caves,1
site,1
battle,1
does,1
transhumance,1
collaborations,1
christian,1
abstracting,1
high,1
islamic,1
colin,1
role,1
customer,1
annum,1
page,1
cover,1
note,1
africa,1
russian,1
identification,1
rankine,1
dods,1
kenneth,1
bring,1
slavery,1
economic,1
pilgrimage,1
foreign,1
licensing,1
politis,1
glasgow,1
linguistics,1
dispersal,1
developed,1
f,1
service,1
how,1
bound,1
ia,1
subject,1
chestnut,1
joan,1
warwick,1
uptake,1
ym,1
extend,1
kind,1
andean,1
ryan,1
islands,1
coastal,1
presentation,1
foraging,1
referred,1
palaeoanthropological,1
conceptions,1
directions,1
july,1
above,1
introduction,1
arid,1
federation,1
currency,1
per,1
whether,1
church,1
group,1
basingstoke,1
empires,1
executive,1
rites,1
american,1
parts,1
thailand,1
one,1
rapa,1
innovation,1
methods,1
myth,1
southeast,1
pp,1
mobility,1
britain,1
analysis,1
identify,1
corpus,1
fe,1
whiteknights,1
mammoths,1
rs,1
pacific,1
derek,1
prince,1
ways,1
bintliff,1
museum,1
permission,1
aboriginal,1
pitulko,1
eighteen,1
typeset,1
arts,1
barker,1
monumental,1
message,1
forest,1
frontiers,1
considered,1
bain,1
chronology,1
religion,1
objects,1
essential,1
periods,1
was,1
excavation,1
specialization,1
processing,1
india,1
wars,1
victoria,1
extinction,1
orders,1
oates,1
ceramics,1
suite,1
olsen,1
n,1
plan,1
numbers,1
gradually,1
particular,1
political,1
archaeologies,1
but,1
changing,1
du,1
monumentalization,1
palaeoeskimo,1
without,1
industrial,1
biography,1
age,1
climatic,1
ethnoarchaeology,1
most,1
commonly,1
highlight,1
constituted,1
moments,1
oceania,1
glover,1
silpakorn,1
practices,1
origins,1
symbolic,1
theme,1
cunliffe,1
precise,1
published,1
physical,1
ltd,1
quantitative,1
proposes,1
conducted,1
members,1
sciences,1
paul,1
colonialism,1
exclusive,1
endemic,1
tropics,1
business,1
m,1
weaponry,1
think,1
export,1
geography,1
norway,1
address,1
musical,1
death,1
academy,1
desertification,1
humans,1
rue,1
kent,1
rock,1
shipwrecks,1
projects,1
many,1
cm,1
royal,1
analytical,1
paper,1
asia,1
definition,1
gary,1
tiwanaku,1
ceramic,1
s,1
ethnography,1
innovations,1
available,1
mcgill,1
riverine,1
buddhist,1
histories,1
together,1
pastoralism,1
printed,1
highland,1
faunal,1
great,1
vail,1
current,1
smokey,1
hoards,1
relating,1
time,1
patrick,1
particularly,1
classical,1
john,1
demise,1
court,1
depletion,1
arthur,1
quarries,1
ecodisaste,1
i,1
man,1
lifecycles,1
vo,1
type,1
watercraft,1
urbanization,1
places,1
organisations,1
shoocongdej,1
date,1
urban,1
biogeography,1
sacred,1
those,1
reserved,1
occupation,1
akihiaieology,1
though,1
pitt,1
intertidal,1
focused,1
catastrophic,1
reproduce,1
rg,1
rethinking,1
center,1
aim,1
contents,1
terms,1
form,1
hodson,1
confrontation,1
mastodonts,1
wari,1
era,1
hoarding,1
origin,1
thirty,1
focusing,1
japan,1
reconstruction,1
contrasting,1
geo,1
universidad,1
ruary,1
your,1
theory,1
has,1
key,1
fascination,1
always,1
pwiti,1
humid,1
free,1
iv,1
kirch,1
america,1
demography,1
advisory,1
ecology,1
studying,1
aspects,1
addresses,1
well,1
violent,1
sites,1
directly,1
flannery,1
emphasizing,1
prior,1
basis,1
technologies,1
literature,1
photocopy,1
ecodisasters,1
remittances,1
work,1
soils,1
subscriptions,1
drive,1
planning,1
properties,1
abstracts,1
bibliography,1
chronologies,1
future,1
tottenham,1
transport,1
barry,1
bray,1
nomads,1
desired,1
bell,1
part,1
including,1
purpose,1
atholl,1
banbury,1
communication,1
genetic,1
end,1
two,1
apply,1
republic,1
exploring,1
variability,1
elite,1
experience,1
catastrophism,1
platt,1
economies,1
assumptions,1
graeme,1
tale,1
citation,1
database,1
focus,1
stone,1
place,1
rivers,1
titles,1
longworth,1
editorial,1
trigger,1
aesthetics,1
causes,1
affects,1
diet,1
surplus,1
mollusc,1
congress,1
haynes,1
survey,1
aims,1
yorkshire,1
lahiri,1
take,1
williams,1
intimate,1
eligible,1
services,1
individuals,1
disease,1
historical,1
review,1
collapse,1
nayanjot,1
hampshire,1
language,1
theories,1
ss,1
dating,1
queer,1
trade,1
significance,1
cambridge,1
ceremonial,1
initiated,1
zimbabwe,1
argentina,1
clearance,1
approach,1
made,1
institutional,1
national,1
chemical,1
charge,1
health,1
inskeep,1
ireland,1
staple,1
woriidd,1
ray,1
responses,1
issn,1
contributors,1
excavated,1
relations,1
include,1
architectural,1
land,1
pm,1
d,1
indexing,1
evidence,1
sample,1
mines,1
submissions,1
mvdv,1
discounted,1
savelle,1
palaeolithic,1
after,1
mediterranean,1
enquiries,1
settlement,1
rainbird,1
old,1
reuse,1
christi,1
attention,1
desert,1
david,1
marcello,1
epidemics,1
concerning,1
written,1
back,1
between,1
evolutionary,1
stones,1
six,1
craft,1
become,1
massachusetts,1
biomolecular,1
russia,1
alluvial,1
point,1
anderson,1
can,1
maine,1
storage,1
explore,1
up,1
postcolumbian,1
burial,1
documentary,1
nui,1
instruments,1
journal,1
because,1
roe,1
pa,1
rosewood,1
details,1
correspondence,1
technological,1
than,1
nara,1
inquiries,1
recent,1
notes,1
about,1
building,1
fluted,1
sole,1
influence,1
mannino,1
rates,1
dyke,1
matsui,1
grants,1
archaeometallurgy,1
