WORDCOUNTS,WEIGHT
the,533
of,383
and,247
a,145
in,145
to,80
structure,66
with,64
were,60
at,59
phase,59
was,55
from,53
by,50
i,46
maya,46
as,46
that,44
early,41
structures,40
have,39
or,38
on,38
for,37
patio,35
period,34
an,32
buildings,30
x,29
platform,29
c,29
late,27
platforms,26
been,26
be,25
architectural,24
is,24
building,24
belize,23
it,21
may,20
plaza,20
its,20
burial,19
r,19
this,19
ceremonial,19
are,19
some,18
had,18
floor,18
over,18
cuello,17
which,17
not,17
phases,16
their,16
university,16
preclassic,16
but,16
three,16
f,15
group,15
than,15
w,15
plan,15
apsidal,15
domestic,15
north,15
mass,14
west,14
such,14
n,14
innovation,14
v,14
first,13
side,13
plaster,13
gerhardt,13
small,13
two,13
more,13
area,13
between,13
while,13
although,13
one,12
into,12
j,12
those,12
circular,12
juliette,12
only,12
no,11
house,11
architecture,11
hammond,11
cartwright,11
including,11
function,11
construction,11
has,11
norman,11
e,10
they,10
ii,10
found,10
used,10
pyramid,10
archaeology,10
rectangular,10
these,10
other,10
features,10
can,10
later,9
caches,9
all,9
onwards,9
l,9
front,9
bc,9
excavated,9
second,9
classic,9
museum,9
perhaps,9
figure,9
suggests,9
limestone,8
ad,8
earlier,8
m,8
around,8
formative,8
same,8
wall,8
ancillary,8
mamom,8
evidence,8
lopez,7
o,7
raised,7
figs,7
fig,7
main,7
square,7
burials,7
most,7
surface,7
could,7
residential,7
superstructures,7
floors,7
stage,7
bladen,7
nw,7
end,7
where,7
facing,7
associated,7
elevation,7
middle,7
outline,7
built,7
if,6
excavation,6
s,6
east,6
community,6
superstructure,6
space,6
cocos,6
faced,6
further,6
earth,6
fill,6
height,6
extended,6
sequence,6
harvard,6
cache,6
northern,6
seen,6
often,6
iii,6
u,6
beginning,6
plans,6
d,6
axial,6
h,5
western,5
t,5
seems,5
layout,5
oval,5
date,5
p,5
within,5
vol,5
household,5
jade,5
de,5
excavations,5
six,5
site,5
peabody,5
base,5
pyramids,5
suggest,5
holes,5
settlement,5
core,5
south,5
above,5
va,5
many,5
chicanel,5
towards,5
larger,5
outside,5
less,5
investment,5
top,5
low,5
open,5
archaeological,5
would,5
latter,5
courtyard,5
large,5
pottery,5
transformation,5
stratigraphic,5
any,5
iva,5
vi,5
entire,5
dedicatory,5
final,4
trench,4
before,4
long,4
there,4
iv,4
ritual,4
interior,4
third,4
stela,4
steps,4
sw,4
section,4
xi,4
four,4
view,4
outset,4
buried,4
part,4
few,4
presence,4
research,4
society,4
inset,4
doctoral,4
overall,4
still,4
ne,4
ancient,4
department,4
stones,4
social,4
also,4
new,4
plate,4
reflooring,4
number,4
use,4
so,4
mexico,4
centre,4
smaller,4
dimensions,4
series,4
rear,4
post,4
then,4
size,4
both,4
through,4
press,4
metre,4
defined,4
increased,4
supported,4
stair,4
much,4
rubble,4
stood,3
units,3
former,3
meters,3
packed,3
suggesting,3
xiii,3
carnegie,3
swasey,3
british,3
functions,3
far,3
substructure,3
eroded,3
subcircular,3
retaining,3
development,3
terraces,3
back,3
young,3
continuous,3
walls,3
cobbles,3
high,3
developed,3
altar,3
ashmore,3
solid,3
additional,3
painted,3
prehistoric,3
out,3
greater,3
having,3
storage,3
place,3
beads,3
perishable,3
firepits,3
showing,3
least,3
below,3
family,3
several,3
up,3
activities,3
periods,3
indicates,3
single,3
included,3
lowland,3
recycled,3
ceramic,3
flat,3
lime,3
xii,3
blocks,3
viii,3
surfaces,3
fragments,3
present,3
ground,3
existing,3
time,3
pendergast,3
private,3
rio,3
sides,3
andrews,3
b,3
households,3
elaborate,3
obsidian,3
southwest,3
institution,3
continued,3
usually,3
five,3
indicate,3
spanning,3
seibal,3
table,3
itself,3
earliest,3
risers,3
constructed,3
here,3
ancestor,3
seem,3
constructions,3
combined,3
generally,3
became,3
families,3
origins,3
materials,3
off,3
remains,3
ranged,3
wilk,3
ending,2
now,2
jamb,2
edge,2
cent,2
groups,2
northeast,2
succession,2
per,2
complex,2
offerings,2
stone,2
likely,2
stingray,2
modern,2
lowlands,2
precursors,2
test,2
being,2
hence,2
give,2
marl,2
nature,2
shaped,2
tradition,2
accompanied,2
rebuilt,2
rich,2
nineteen,2
subsequent,2
sacred,2
normal,2
papers,2
designs,2
badly,2
eastern,2
paved,2
bases,2
activity,2
solely,2
combination,2
point,2
central,2
thus,2
erection,2
since,2
barton,2
g,2
relatively,2
basal,2
mixed,2
inserted,2
terrace,2
even,2
journal,2
apparently,2
spread,2
impressions,2
ontario,2
identification,2
highlands,2
similar,2
importance,2
ceramics,2
lacking,2
metres,2
support,2
monumental,2
civilizations,2
entry,2
established,2
organized,2
presumably,2
just,2
mayapan,2
k,2
too,2
followed,2
cut,2
appear,2
based,2
location,2
international,2
initial,2
sacrificios,2
appears,2
scale,2
placed,2
xiv,2
source,2
public,2
because,2
well,2
sites,2
directly,2
participation,2
data,2
overlying,2
kosakowsky,2
nine,2
london,2
example,2
thatched,2
whole,2
northwest,2
broad,2
et,2
project,2
interpreted,2
either,2
field,2
lowest,2
straight,2
bone,2
involved,2
separately,2
erected,2
yielded,2
visible,2
world,2
survived,2
valedictory,2
komchen,2
hydration,2
located,2
subject,2
nearly,2
tropical,2
surviving,2
initially,2
study,2
outer,2
structural,2
about,2
interpretation,2
pp,2
thought,2
demolition,2
under,2
cliff,2
complete,2
rubbish,2
al,2
beginnings,2
plazuela,2
members,2
renewed,2
addition,2
residence,2
shows,2
areas,2
compound,2
grave,2
succeeding,2
pattern,2
tier,2
precinct,2
covered,2
manner,2
superimposed,2
michael,2
uaxactun,2
royal,2
deep,2
excarnate,2
local,2
survive,2
examples,2
made,2
entirely,2
survey,2
individuals,2
raising,2
previous,2
perimeter,2
significance,2
held,2
individual,2
lie,2
exchange,2
graves,2
article,2
occupied,2
relative,2
chert,2
me,2
irregular,2
sometimes,2
rapidly,2
la,2
covering,2
existed,2
supporting,2
centres,2
centuries,2
beetz,2
eventually,2
complexity,2
must,2
complexes,2
beside,2
carl,2
masonry,2
anthropology,2
approximates,2
innovations,2
daub,2
report,2
linked,2
very,2
goods,2
fills,2
pit,2
past,2
type,2
latest,2
them,2
form,2
maintain,2
agricultural,2
tightly,2
produce,2
vessels,2
level,2
preserved,2
pits,2
reported,2
little,2
role,2
topsoil,2
investigated,2
surfacing,2
fi,2
years,2
cambridge,2
numerous,2
instead,2
sacrificial,2
forming,2
ramie,2
davenport,2
consisted,2
reached,2
deposition,2
substantial,2
valley,2
given,2
comparable,2
observed,2
successive,2
arizona,2
bundles,2
carved,1
difficult,1
does,1
margins,1
clustered,1
divisible,1
done,1
frequent,1
limits,1
iianc,1
horizontal,1
common,1
estimated,1
avoiding,1
indicated,1
functional,1
slaughter,1
shrines,1
extend,1
episodes,1
heights,1
cerros,1
postures,1
curved,1
extends,1
ultimate,1
flexed,1
village,1
stripped,1
becoming,1
settlements,1
mesoamerica,1
american,1
residences,1
replaced,1
judged,1
spine,1
lexicon,1
insertion,1
alive,1
laza,1
easily,1
studies,1
flows,1
supervised,1
boulder,1
decade,1
jiiisiiu,1
gr,1
motive,1
history,1
laid,1
occurred,1
total,1
holding,1
sr,1
ae,1
revered,1
collwayctions,1
southwards,1
monograph,1
buril,1
calibrated,1
contexts,1
laura,1
predominantly,1
lower,1
consistent,1
anything,1
wallentrap,1
bloodletting,1
llphase,1
sources,1
modest,1
preceding,1
creation,1
ay,1
fund,1
implications,1
enables,1
terrain,1
emerged,1
discerned,1
experiments,1
asia,1
stutuean,1
dramatically,1
archaeologically,1
available,1
leading,1
down,1
together,1
desire,1
andl,1
simple,1
exotic,1
follows,1
jewellery,1
ephemeral,1
quotidian,1
mandibles,1
room,1
nsouth,1
resulting,1
feature,1
ru,1
last,1
nm,1
greatly,1
remainder,1
interfluvial,1
tv,1
principal,1
towered,1
visibility,1
triggered,1
case,1
terraced,1
occasional,1
thatch,1
recorded,1
bones,1
america,1
victims,1
stepped,1
account,1
placement,1
tela,1
prior,1
possible,1
compelling,1
condition,1
exhibits,1
object,1
uaxactuin,1
substructures,1
move,1
flank,1
tzotzil,1
pring,1
except,1
combine,1
resources,1
reconstruction,1
hvvii,1
correlation,1
beneath,1
inventory,1
funded,1
exposed,1
ranked,1
human,1
southwestern,1
component,1
rticulated,1
quality,1
inio,1
corner,1
due,1
against,1
platforrm,1
scarce,1
millennium,1
domain,1
characteristic,1
reproduced,1
capped,1
spot,1
mundo,1
heightened,1
cf,1
immedplate,1
century,1
z,1
spans,1
cases,1
clay,1
old,1
interim,1
burialr,1
cosas,1
spanned,1
body,1
cobbling,1
houses,1
served,1
wholly,1
unlined,1
dates,1
arranged,1
outnumbered,1
cardinal,1
thin,1
networks,1
unequivocally,1
equally,1
rfi,1
details,1
longdistance,1
deeply,1
influence,1
rsome,1
tructure,1
paste,1
poorly,1
ovoid,1
mouldings,1
ridge,1
higher,1
mechanisms,1
civilization,1
operation,1
connexion,1
expansions,1
vegetable,1
iiiv,1
town,1
outbuildings,1
adjunct,1
rather,1
principally,1
growth,1
grid,1
how,1
ra,1
sort,1
unit,1
crest,1
notion,1
pati,1
demarcating,1
captives,1
ns,1
grew,1
parts,1
ix,1
leaves,1
tree,1
offering,1
summarized,1
kneeling,1
references,1
category,1
changes,1
discernible,1
plus,1
locally,1
familiar,1
retained,1
emergence,1
dated,1
clearly,1
technology,1
proved,1
elsewhere,1
elevated,1
gradually,1
imocal,1
calendar,1
periodically,1
edg,1
age,1
orientation,1
show,1
ataltun,1
superior,1
demarcation,1
follow,1
beyond,1
efficient,1
altun,1
comprising,1
pixcaya,1
isometric,1
slurry,1
subsidiary,1
mediat,1
labour,1
dug,1
illary,1
vine,1
disappeared,1
iconography,1
whereas,1
descriptive,1
behaviour,1
raw,1
character,1
expressed,1
moving,1
skewed,1
closely,1
fitted,1
antiquaries,1
bsuriel,1
extent,1
walk,1
transmission,1
societies,1
superimposition,1
erosion,1
access,1
discrete,1
combinations,1
seven,1
quarried,1
pct,1
mesoamerican,1
fo,1
attained,1
cores,1
pnt,1
traced,1
understood,1
cultural,1
institute,1
omitting,1
mantle,1
recently,1
storehouses,1
produced,1
devoid,1
cannot,1
applied,1
duplicates,1
appearing,1
otherwise,1
tikal,1
required,1
sacrifice,1
near,1
acknowledgements,1
aspects,1
ilia,1
none,1
canes,1
coursed,1
basis,1
egalitarian,1
ngle,1
obscure,1
firepit,1
locus,1
clean,1
claim,1
prominent,1
significantly,1
stake,1
occupants,1
purpose,1
ot,1
norm,1
apparent,1
confined,1
related,1
penetrating,1
realm,1
quadrant,1
felix,1
consistently,1
refined,1
partly,1
collective,1
constitute,1
accidental,1
colossal,1
rows,1
thereafter,1
motors,1
ethnohistoric,1
away,1
reflect,1
surrounding,1
we,1
nded,1
il,1
status,1
own,1
radically,1
boulders,1
regions,1
change,1
solution,1
atavistic,1
pluralism,1
tops,1
fulfilled,1
corresponds,1
seized,1
framed,1
rutgers,1
soil,1
nmales,1
mains,1
revealing,1
attachments,1
protect,1
texas,1
portions,1
usual,1
colours,1
villages,1
tended,1
impossible,1
phinse,1
azimuth,1
always,1
when,1
ta,1
loci,1
ndr,1
roots,1
plausible,1
ashlar,1
provided,1
cascade,1
deer,1
massive,1
concomitant,1
replacing,1
span,1
bedrock,1
he,1
san,1
exterior,1
minor,1
founfor,1
matter,1
variety,1
absence,1
drainage,1
identified,1
giving,1
ia,1
yucatan,1
limited,1
edges,1
death,1
whatever,1
dwellings,1
expanded,1
southern,1
hold,1
direction,1
selection,1
southeast,1
vicinity,1
demolished,1
q,1
sctur,1
analogies,1
compactly,1
coincidental,1
subfioor,1
sex,1
evolved,1
restricted,1
freestanding,1
orange,1
termination,1
boundary,1
temperate,1
demographic,1
home,1
initiation,1
light,1
quarries,1
shifting,1
ethnographic,1
outlined,1
demonstrates,1
si,1
khmer,1
hearth,1
regional,1
functioned,1
infill,1
bordering,1
ringle,1
inference,1
volume,1
generality,1
mound,1
decoration,1
mark,1
again,1
fragmentation,1
thresholds,1
aplasemeters,1
successively,1
smith,1
erasmus,1
generational,1
communal,1
longer,1
lack,1
twenty,1
stories,1
preserve,1
occurrence,1
pressure,1
importation,1
appeared,1
match,1
abstract,1
flimsy,1
remarked,1
layer,1
contras,1
farming,1
relacion,1
pennsylvania,1
man,1
roof,1
external,1
men,1
procurement,1
ages,1
took,1
adjacent,1
monographs,1
remarkable,1
ur,1
accepted,1
see,1
iiia,1
coincident,1
infilling,1
material,1
reshaped,1
poles,1
nigel,1
inert,1
reconstructing,1
exceeds,1
frequency,1
routledge,1
distance,1
going,1
ecology,1
degree,1
remained,1
argues,1
sir,1
collier,1
vast,1
perdido,1
discussion,1
background,1
explanation,1
tulane,1
width,1
accompanying,1
renders,1
cult,1
turnups,1
formal,1
deposits,1
wilhite,1
looking,1
judge,1
macroblades,1
microtopography,1
landa,1
fronting,1
significant,1
angle,1
virtually,1
slj,1
cornice,1
ould,1
trend,1
radiocarbon,1
dating,1
corporating,1
specimen,1
vii,1
nuclear,1
ua,1
enlargement,1
excited,1
directed,1
op,1
peripheral,1
points,1
decorated,1
worn,1
times,1
tubes,1
characterized,1
like,1
trampled,1
general,1
locr,1
distinction,1
dry,1
stages,1
administrative,1
after,1
martin,1
never,1
especially,1
olm,1
spondylus,1
internal,1
ril,1
become,1
tiers,1
fil,1
intrasite,1
do,1
corners,1
situ,1
probably,1
slightly,1
exte,1
accord,1
destruction,1
postholes,1
propose,1
darker,1
wes,1
decay,1
widely,1
species,1
motif,1
flanking,1
separate,1
increasing,1
solar,1
ranging,1
factors,1
carried,1
ascertained,1
trustees,1
seasons,1
ucur,1
twelve,1
assigned,1
modification,1
veneration,1
note,1
drafted,1
fairly,1
plr,1
rough,1
insufficient,1
rj,1
pop,1
miksicek,1
consonant,1
strongly,1
nuevo,1
contribution,1
length,1
antiquity,1
why,1
analysis,1
stratified,1
ing,1
types,1
fields,1
instances,1
sandstone,1
unusual,1
council,1
thick,1
forest,1
door,1
sara,1
singlection,1
undulating,1
burned,1
duncan,1
sexes,1
monument,1
following,1
prehistory,1
conclusion,1
designates,1
patios,1
simply,1
geographic,1
extension,1
tiered,1
known,1
sufficient,1
organization,1
ofhse,1
trenches,1
md,1
sherds,1
platformi,1
pt,1
grpatio,1
set,1
crouched,1
partitioning,1
edangle,1
natural,1
principle,1
each,1
paper,1
dzibilchaltun,1
cultures,1
shrine,1
did,1
outdoor,1
best,1
unknown,1
prominence,1
intrusive,1
half,1
wauchope,1
foundation,1
plazas,1
dumped,1
reflected,1
cities,1
las,1
burying,1
enlarged,1
living,1
better,1
places,1
boundaries,1
economy,1
exposing,1
magnificence,1
motagua,1
implicit,1
volcanic,1
rose,1
cooking,1
laying,1
ones,1
rising,1
supports,1
ballast,1
anc,1
axis,1
cooperatively,1
sunk,1
problem,1
dismembered,1
utilitarian,1
xplaster,1
oulie,1
precursor,1
lm,1
influenced,1
remodelling,1
contain,1
hondo,1
hse,1
finished,1
marking,1
boston,1
emergent,1
pain,1
ruled,1
oun,1
screens,1
introduced,1
datum,1
variability,1
stairs,1
celt,1
techniques,1
transition,1
lies,1
step,1
elevations,1
roseate,1
phiserted,1
isolated,1
definitions,1
aspect,1
terminal,1
courtyards,1
pair,1
layers,1
shown,1
until,1
locations,1
architecturally,1
zones,1
national,1
lifelike,1
course,1
grown,1
include,1
astnly,1
land,1
ye,1
strucmeter,1
earthen,1
shells,1
peripheries,1
enclosed,1
tourtellot,1
removed,1
surfaced,1
close,1
ensuring,1
resolves,1
th,1
agrees,1
partial,1
create,1
maximum,1
re,1
among,1
recent,1
profiles,1
indicating,1
chambers,1
major,1
increase,1
grants,1
