WORDCOUNTS,WEIGHT
the,316
of,198
and,146
in,109
to,90
a,81
that,53
saloon,51
archaeology,46
with,44
on,34
as,33
boston,33
western,30
virginia,28
this,28
an,28
historical,27
archaeological,27
university,26
american,25
at,24
nevada,23
west,23
is,21
m,20
city,20
from,19
for,19
saloons,18
j,18
their,17
by,17
popular,17
such,17
was,16
public,16
press,16
research,16
other,15
mining,15
d,14
associated,13
archaeologists,13
dixon,13
new,13
it,12
history,12
r,12
appeal,11
l,11
they,11
audiences,10
boomtown,10
which,10
one,9
people,9
those,9
while,9
historic,9
leisure,9
c,9
who,8
lay,8
e,8
were,8
can,8
be,8
when,8
up,8
about,8
pp,7
but,7
also,7
are,7
comstock,7
state,7
p,7
has,7
african,7
our,7
places,7
james,7
kelly,7
or,6
into,6
k,6
these,6
many,6
cultural,6
where,6
region,6
knowledge,6
sidling,6
during,6
have,6
remains,6
drinking,6
enterprise,6
than,6
not,5
if,5
hollywood,5
ways,5
modern,5
house,5
most,5
recovered,5
more,5
heritage,5
paper,5
fact,5
s,5
faunal,5
boomtowns,5
described,5
events,5
making,5
sites,5
including,5
artifacts,5
diversity,5
world,5
between,5
folk,5
topics,5
early,5
among,5
society,5
frontier,4
holtorf,4
provide,4
how,4
twain,4
her,4
mouthpiece,4
publications,4
women,4
department,4
first,4
social,4
community,4
report,4
past,4
chinese,4
context,4
california,4
material,4
patent,4
number,4
mass,4
because,4
africanamerican,4
work,4
story,4
its,4
band,4
g,4
three,4
symposium,4
land,4
atmosphere,4
forensic,4
hardesty,4
played,4
excavations,4
site,4
biological,4
even,4
pipe,4
we,4
evidence,4
tourists,3
european,3
americans,3
territorial,3
common,3
rather,3
his,3
groups,3
through,3
portrayals,3
means,3
make,3
study,3
yet,3
h,3
marks,3
objects,3
had,3
share,3
culture,3
following,3
al,3
w,3
reno,3
two,3
noted,3
sources,3
setting,3
mark,3
each,3
expressed,3
based,3
could,3
et,3
out,3
diverse,3
i,3
man,3
wild,3
donner,3
tales,3
investigations,3
within,3
see,3
dna,3
information,3
authentic,3
used,3
opera,3
visitors,3
establishment,3
example,3
data,3
related,3
william,3
place,3
writing,3
human,3
bureau,3
elegant,3
newspaper,3
systematic,3
presentations,3
reality,3
express,3
brass,3
establishments,3
field,3
preservation,3
media,3
after,3
tobacco,3
black,3
provides,3
association,3
life,3
several,3
person,3
especially,3
newspapers,3
documentary,3
given,3
present,3
professional,3
should,3
provided,3
attention,3
brown,3
subsequently,2
suggest,2
will,2
things,2
critical,2
opposed,2
now,2
film,2
he,2
fueled,2
likely,2
prevalence,2
taken,2
appreciating,2
continued,2
george,2
indicated,2
gehring,2
relax,2
economic,2
been,2
altamira,2
imagery,2
reels,2
angeles,2
remain,2
comparative,2
she,2
others,2
fiction,2
red,2
opportunity,2
colonization,2
indicates,2
similar,2
told,2
settings,2
studies,2
file,2
use,2
fragment,2
clench,2
united,2
once,2
captain,2
pacific,2
violence,2
praetzellis,2
get,2
directory,2
august,2
mission,2
technical,2
ensure,2
array,2
technology,2
combat,2
laboratory,2
addressed,2
recreation,2
idaho,2
participants,2
general,2
then,2
interpretative,2
frequently,2
street,2
too,2
profile,2
incorrectly,2
contact,2
industrial,2
norton,2
experience,2
records,2
came,2
december,2
only,2
surface,2
t,2
us,2
record,2
prince,2
party,2
questions,2
films,2
providing,2
berkeley,2
musical,2
myths,2
stem,2
projects,2
socialize,2
arrived,2
my,2
gas,2
stories,2
areas,2
san,2
nineteenth,2
wilder,2
color,2
murphy,2
served,2
identity,2
district,2
census,2
inspired,2
prejudicial,2
lighting,2
help,2
utilize,2
tangible,2
academic,2
brothels,2
applying,2
do,2
pony,2
borehole,2
discipline,2
war,2
revise,2
hall,2
practice,2
them,2
greenwood,2
accounts,2
series,2
existence,2
books,2
historians,2
management,2
sought,2
influenced,2
reconsideration,2
account,2
some,2
rusco,2
conference,2
background,2
los,2
upon,2
presented,2
writers,2
possible,2
worked,2
meals,2
venues,2
part,2
resources,2
microfilm,2
along,2
complexities,2
infamous,2
gender,2
assumptions,2
territory,2
food,2
lights,2
operated,2
sign,2
exposed,2
takeover,2
expertise,2
actual,2
individuals,2
cornish,2
white,2
office,2
walnut,2
las,2
editor,2
interior,2
twentieth,2
adding,2
techniques,2
materials,2
near,2
gateway,2
relatively,2
ability,2
illinois,2
upscale,2
indicate,2
realism,2
highlighting,2
like,2
need,2
creating,2
century,2
montana,2
carson,2
area,2
fancy,2
presenting,2
least,2
latter,2
around,2
small,2
primarily,2
few,2
news,2
serving,2
houses,2
presence,2
notorious,2
chicago,2
yielded,2
create,2
working,2
tend,2
communication,2
focus,2
images,2
much,2
using,2
cosmopolitan,2
recent,2
develop,2
stereotypes,2
gold,2
sounds,1
south,1
book,1
carried,1
literal,1
depth,1
fifty,1
margins,1
integrated,1
online,1
became,1
alters,1
ruins,1
led,1
acculturation,1
ii,1
currently,1
releases,1
saliva,1
furnished,1
racism,1
bonanza,1
appropriation,1
africanamericans,1
abundance,1
havens,1
dual,1
implications,1
silence,1
exeter,1
perspectives,1
brawls,1
silver,1
floor,1
asian,1
edge,1
prostitution,1
various,1
wisdom,1
entitled,1
way,1
ancient,1
important,1
serves,1
enter,1
fieldwork,1
johns,1
hellmann,1
main,1
doctoral,1
fascinates,1
developed,1
stood,1
fields,1
created,1
herein,1
rough,1
drunken,1
accessibly,1
does,1
centuries,1
dressed,1
peoples,1
colleagues,1
transmitted,1
spend,1
seedy,1
disciplines,1
widespread,1
preparing,1
determine,1
exception,1
notion,1
slow,1
implies,1
prevailing,1
dimensions,1
riddled,1
marginalized,1
prove,1
intersection,1
active,1
environments,1
seen,1
collections,1
signaled,1
cornelius,1
reconstruction,1
mundane,1
itself,1
invited,1
basso,1
mainstream,1
tests,1
dirt,1
visual,1
tapping,1
connected,1
presenters,1
contemporaneous,1
affiliation,1
anxiety,1
lamented,1
certain,1
fraternal,1
becoming,1
center,1
generally,1
gentility,1
complex,1
unfamiliar,1
billington,1
percentage,1
international,1
easily,1
boundaries,1
evolution,1
sensationalized,1
saunter,1
special,1
reaches,1
wegars,1
often,1
responsible,1
prepared,1
influence,1
expectations,1
powerfully,1
analysis,1
rroutledge,1
identify,1
went,1
applications,1
towns,1
trace,1
anchor,1
mexico,1
timeline,1
represented,1
chronicle,1
second,1
entertainment,1
outreach,1
communities,1
respect,1
bustling,1
education,1
premiered,1
trains,1
types,1
remnants,1
museum,1
raymond,1
reference,1
intuitively,1
gunfighters,1
examined,1
understand,1
tooth,1
shoe,1
distinct,1
wagon,1
revealed,1
cowboys,1
swashbuckling,1
nor,1
microfilms,1
grounded,1
rigorous,1
green,1
female,1
considered,1
ambience,1
lab,1
stemware,1
consider,1
northern,1
times,1
prejudice,1
organization,1
neither,1
marred,1
brake,1
necessarily,1
familiar,1
unlike,1
occurred,1
included,1
piping,1
vestiges,1
refurbished,1
condiment,1
contradicts,1
rarely,1
finders,1
any,1
exciting,1
light,1
assisted,1
elsewhere,1
note,1
dig,1
indulgences,1
finely,1
same,1
n,1
experiences,1
sharply,1
traces,1
intentions,1
attractiveness,1
no,1
colored,1
demonstrates,1
instrument,1
stereotype,1
argued,1
version,1
genderbased,1
upper,1
menu,1
multicultural,1
show,1
cutting,1
highlight,1
simply,1
contained,1
geographic,1
gail,1
being,1
paraphernalia,1
budrow,1
additional,1
highlighted,1
continues,1
purveyors,1
intends,1
milieu,1
seekers,1
catering,1
blood,1
beyond,1
picture,1
entertain,1
unearthed,1
dr,1
physical,1
glamour,1
hence,1
harvard,1
lamb,1
besides,1
buffalo,1
temple,1
barth,1
commonly,1
blended,1
sided,1
name,1
beef,1
connection,1
depicting,1
interests,1
roar,1
discharged,1
hit,1
care,1
originally,1
colorado,1
helped,1
power,1
attempts,1
fell,1
glassware,1
deetz,1
defining,1
address,1
cut,1
attempt,1
view,1
over,1
appear,1
immigrants,1
methodology,1
central,1
nebraska,1
bugli,1
anthropological,1
artistic,1
emerged,1
all,1
addition,1
soundtrack,1
complete,1
stoneware,1
duis,1
smith,1
cultures,1
exaggerations,1
websites,1
lapping,1
worth,1
organized,1
expanding,1
shows,1
global,1
reach,1
pursuits,1
consideration,1
societies,1
challenged,1
agenda,1
scientists,1
continue,1
populated,1
did,1
locals,1
leading,1
down,1
histories,1
call,1
together,1
found,1
featuring,1
lit,1
sensational,1
hindrichs,1
saxhorn,1
search,1
called,1
bounds,1
rugged,1
abstract,1
right,1
fascinations,1
unbroken,1
against,1
rich,1
teeth,1
soared,1
shot,1
captivate,1
nevadans,1
larger,1
incident,1
summaries,1
linked,1
ca,1
closer,1
scholars,1
debates,1
renfrew,1
festivities,1
proved,1
noting,1
reflected,1
glazed,1
jennifer,1
endeavor,1
generalized,1
associations,1
pipes,1
captured,1
pattern,1
there,1
utilized,1
integrate,1
hardaway,1
blow,1
another,1
collectively,1
living,1
fixtures,1
tenor,1
absolutely,1
hangs,1
persistence,1
advances,1
novels,1
better,1
loose,1
embedded,1
turned,1
racist,1
hand,1
emphasized,1
genres,1
ann,1
romanticized,1
helping,1
born,1
informed,1
according,1
killed,1
let,1
repercussion,1
pistol,1
responsibility,1
cuts,1
what,1
landscape,1
cliched,1
hostility,1
lessons,1
literature,1
proceedings,1
keywords,1
realms,1
soften,1
racial,1
poses,1
emic,1
papers,1
whether,1
rose,1
recently,1
symbols,1
multidisciplinary,1
venue,1
system,1
answer,1
washoe,1
sound,1
issue,1
america,1
side,1
well,1
political,1
containers,1
grounds,1
takes,1
crystal,1
fictitious,1
dearth,1
sophisticated,1
assumed,1
forthcoming,1
apache,1
revd,1
mere,1
woman,1
refuge,1
native,1
explain,1
scuffles,1
assorted,1
thoery,1
encampments,1
adaptation,1
routledge,1
fascination,1
assemblage,1
baritone,1
always,1
hopkins,1
sierra,1
free,1
building,1
amplified,1
website,1
infrastructures,1
day,1
dusty,1
glee,1
reminds,1
disseminated,1
though,1
video,1
fight,1
thomson,1
fumes,1
thousands,1
precedent,1
vol,1
restoring,1
spude,1
opened,1
pers,1
mangling,1
learn,1
emphasis,1
perpetuated,1
microscopic,1
understanding,1
costello,1
states,1
closed,1
contain,1
sordid,1
mythic,1
signify,1
largest,1
figurative,1
sabloff,1
stonehenge,1
object,1
bahn,1
bucket,1
uncovering,1
getchell,1
both,1
archaeologist,1
stumbled,1
alter,1
october,1
comprise,1
discovery,1
afrocentric,1
accessories,1
taverns,1
carry,1
solid,1
helps,1
alone,1
clean,1
professor,1
future,1
o,1
preservationoffice,1
point,1
individual,1
cleaning,1
despite,1
training,1
backgrounds,1
retains,1
explorations,1
wording,1
approach,1
edn,1
confirm,1
secret,1
quickly,1
supplies,1
adventuresome,1
irish,1
medium,1
demanded,1
concern,1
transition,1
findings,1
rendering,1
empirical,1
era,1
surprise,1
frenchy,1
heath,1
encourage,1
eurocentric,1
loss,1
authenticity,1
undergone,1
v,1
sold,1
q,1
residues,1
refined,1
francis,1
ethnographic,1
dress,1
valved,1
references,1
broad,1
hudson,1
allows,1
maintained,1
optimism,1
learned,1
segregation,1
september,1
ethnic,1
beads,1
specifically,1
daughters,1
limerick,1
buttons,1
maintains,1
icons,1
music,1
documented,1
time,1
accessible,1
assistant,1
vessels,1
vices,1
cortez,1
pseudoscientific,1
member,1
dime,1
rise,1
anything,1
overseas,1
understandings,1
ultimately,1
hattori,1
survival,1
project,1
arguably,1
resort,1
spectrum,1
steers,1
legendary,1
years,1
ethical,1
frontiers,1
reputation,1
own,1
rockman,1
heartless,1
clear,1
surrounded,1
soldiers,1
dimly,1
themed,1
eastern,1
hidden,1
directed,1
numerous,1
pianos,1
cunningham,1
national,1
irishowned,1
recovering,1
interpretation,1
iconic,1
yang,1
accept,1
subtle,1
ireland,1
bancroft,1
lodge,1
interest,1
authoritative,1
someone,1
admission,1
issn,1
ag,1
brain,1
contributed,1
excavated,1
accidentally,1
actively,1
keep,1
sugar,1
furnishing,1
methods,1
typically,1
inspiring,1
valorized,1
baywood,1
participating,1
shared,1
usa,1
period,1
jr,1
so,1
overt,1
uncollected,1
current,1
revolution,1
meyer,1
topic,1
treasure,1
trail,1
overly,1
admitted,1
you,1
manuscript,1
held,1
mountain,1
television,1
desperado,1
rocky,1
blazed,1
peer,1
mixed,1
oldest,1
valid,1
union,1
elements,1
items,1
late,1
instead,1
leg,1
beverages,1
openly,1
calling,1
legacy,1
traveling,1
moved,1
offered,1
encouraged,1
members,1
behind,1
back,1
town,1
potential,1
pluralism,1
choose,1
components,1
bridge,1
pits,1
distinctions,1
would,1
giant,1
oxford,1
handbook,1
themselves,1
massachusetts,1
niches,1
specialize,1
still,1
extractive,1
stereotypical,1
spoonfuls,1
showcase,1
describing,1
impossible,1
sits,1
activities,1
asante,1
dedicated,1
debate,1
recognized,1
sketches,1
warranting,1
valentine,1
thames,1
seeking,1
st,1
death,1
instance,1
entire,1
big,1
lingered,1
gulf,1
vice,1
buy,1
patrons,1
details,1
versus,1
submitting,1
taylor,1
tendency,1
language,1
annexation,1
observed,1
unequivocal,1
famous,1
lore,1
conveyed,1
ghost,1
experts,1
able,1
visit,1
nv,1
enrich,1
sent,1
fostering,1
built,1
chan,1
rest,1
illuminate,1
negative,1
formats,1
occur,1
scholarly,1
conjure,1
uncritical,1
focused,1
