WORDCOUNTS,WEIGHT
the,111
of,99
and,83
in,60
a,42
be,35
for,29
is,27
to,25
on,25
archaeology,23
should,22
at,18
he,18
eg,17
not,14
university,14
or,14
this,14
with,13
from,13
as,12
has,12
an,12
by,11
his,10
are,10
maritime,10
may,9
use,9
ancient,9
new,8
texas,8
marine,8
i,7
date,7
phd,7
institute,7
contributors,7
dates,7
if,6
excavation,6
bp,6
where,6
director,6
it,6
archaeological,6
national,6
hb,5
pb,5
but,5
only,5
that,5
words,5
nautical,5
scotland,5
edition,5
shipwreck,5
ad,5
full,5
off,5
research,5
evidence,5
have,4
will,4
site,4
etc,4
ma,4
references,4
jonathan,4
during,4
india,4
s,4
societies,4
gibbins,4
end,4
do,4
social,4
number,4
years,4
completed,4
project,4
cambridge,4
historic,4
authors,4
points,4
david,4
adams,4
period,4
after,4
archaeologist,4
currently,3
no,3
she,3
they,3
their,3
di,3
paper,3
n,3
mary,3
about,3
these,3
must,3
two,3
lower,3
volume,3
plates,3
note,3
text,3
roman,3
interests,3
book,3
shipwrecks,3
j,3
other,3
current,3
c,3
state,3
cal,3
within,3
issue,3
wealth,3
books,3
possible,3
investigator,3
reported,3
african,3
egyptian,3
trade,3
both,3
quotation,3
publication,3
author,3
denbigh,3
proofs,3
good,3
include,3
several,3
k,3
wreck,3
always,3
st,3
using,3
figures,3
notes,3
pearson,2
south,2
recognized,2
investigating,2
curves,2
gujarat,2
card,2
indicated,2
l,2
usually,2
been,2
main,2
maps,2
return,2
order,2
e,2
mean,2
who,2
complex,2
pages,2
study,2
deputy,2
stone,2
list,2
second,2
fields,2
articles,2
modern,2
under,2
civilizations,2
was,2
history,2
series,2
calibration,2
department,2
quotations,2
underwater,2
being,2
first,2
follow,2
exceed,2
double,2
three,2
leader,2
name,2
press,2
roskams,2
m,2
over,2
o,2
available,2
each,2
addition,2
england,2
supplied,2
areas,2
copy,2
our,2
together,2
printed,2
radiocarbon,2
international,2
how,2
graham,2
past,2
last,2
monographs,2
centre,2
comma,2
investigation,2
lecturer,2
contents,2
rose,2
boats,2
case,2
scale,2
material,2
record,2
style,2
dots,2
well,2
listed,2
understanding,2
world,2
made,2
clear,2
unless,2
steve,2
x,2
sent,2
intended,2
insert,2
extended,2
older,2
place,2
terms,2
connah,2
which,2
southampton,2
described,2
used,2
quality,2
professor,2
directed,2
t,2
published,2
individual,2
extensively,2
thomas,2
involved,2
old,2
ships,2
spanish,2
suitable,2
amphora,2
publications,2
tamil,2
stuiver,2
when,2
journal,2
traditional,2
conventions,2
uk,2
than,2
recent,2
greek,2
edited,2
model,1
final,1
van,1
hellenistic,1
indented,1
f,1
anfor,1
online,1
abstracting,1
high,1
colin,1
brumfiel,1
deviations,1
page,1
clive,1
neanderthal,1
adjunct,1
africa,1
batsford,1
way,1
numerals,1
rather,1
science,1
medieval,1
sometimes,1
meaning,1
five,1
foreign,1
socil,1
doctoral,1
outsiders,1
short,1
developed,1
illustration,1
contractions,1
unit,1
barto,1
environmental,1
classic,1
islands,1
boatbuilding,1
coastal,1
substitution,1
reminded,1
brings,1
monuments,1
warship,1
july,1
bandodker,1
assumptions,1
diver,1
introduction,1
prancs,1
phrases,1
sadana,1
steamboats,1
make,1
manuscript,1
distributed,1
house,1
per,1
contribution,1
precedes,1
publisher,1
scottish,1
legitimacy,1
executive,1
photographer,1
southern,1
covering,1
direct,1
armada,1
letter,1
one,1
mounted,1
contributions,1
direction,1
studies,1
often,1
illustrations,1
fighting,1
lisa,1
offering,1
white,1
advised,1
hull,1
paleolithic,1
space,1
antiquities,1
front,1
indus,1
glossy,1
specialist,1
ways,1
tallahassee,1
museum,1
receive,1
ellipsis,1
internationally,1
changes,1
pp,1
originals,1
continuity,1
ms,1
technology,1
former,1
fifth,1
coeditor,1
ka,1
addressed,1
policy,1
essential,1
undertaken,1
western,1
dissertation,1
management,1
offshore,1
encourage,1
necessary,1
alerting,1
diving,1
cit,1
epigravettiana,1
before,1
paglicci,1
just,1
culture,1
practice,1
following,1
nineteenth,1
numbers,1
impact,1
great,1
paired,1
monograph,1
source,1
accordance,1
complexity,1
al,1
closely,1
calendrical,1
seafaring,1
w,1
decimal,1
calibrated,1
provocative,1
four,1
most,1
spelt,1
experience,1
cargoes,1
extensive,1
typed,1
resource,1
island,1
issuing,1
officer,1
avoided,1
submerged,1
considers,1
followed,1
physical,1
organisation,1
indonesia,1
please,1
gaur,1
titles,1
submit,1
lead,1
reconnaissance,1
more,1
museums,1
also,1
useful,1
production,1
layton,1
scientific,1
sundaresh,1
taken,1
important,1
symmetrical,1
links,1
website,1
decades,1
berkeley,1
drawing,1
gamble,1
humans,1
printing,1
pencil,1
printer,1
projects,1
ranges,1
email,1
correspond,1
scientist,1
campsites,1
mobilare,1
based,1
commission,1
exploration,1
europe,1
capital,1
scholars,1
did,1
abilities,1
best,1
leading,1
occurrence,1
accompanied,1
scienze,1
tunisia,1
britain,1
abstract,1
berhampur,1
domestic,1
richards,1
iii,1
time,1
seven,1
belitung,1
alternatively,1
abbreviations,1
break,1
changed,1
classical,1
demands,1
perfectly,1
austin,1
focuses,1
historical,1
oggetti,1
seldom,1
initial,1
feature,1
msc,1
absolutely,1
channel,1
late,1
consist,1
mind,1
sacred,1
researching,1
present,1
principal,1
scholarly,1
focused,1
reading,1
bioarchaeology,1
apostrophes,1
reviews,1
developing,1
eifia,1
negotiate,1
shared,1
papers,1
appears,1
recently,1
form,1
michael,1
sentence,1
ed,1
cannot,1
bibliographic,1
particular,1
ports,1
oxley,1
thin,1
ofalsian,1
experimental,1
thirty,1
depending,1
maintain,1
covers,1
captions,1
year,1
illustrated,1
manuscripts,1
your,1
nevett,1
theory,1
recording,1
required,1
eastern,1
flecker,1
preparing,1
waters,1
calibrating,1
free,1
hall,1
technical,1
because,1
boat,1
studying,1
cent,1
mull,1
failure,1
process,1
another,1
account,1
uranium,1
credit,1
buren,1
capitalized,1
referred,1
reveals,1
approx,1
port,1
enhances,1
investigated,1
tracing,1
size,1
tropical,1
work,1
middle,1
beginning,1
bc,1
lettered,1
publish,1
palma,1
turkey,1
own,1
grotta,1
fax,1
range,1
periods,1
cromwellian,1
reader,1
sides,1
transport,1
tens,1
part,1
including,1
sea,1
city,1
civil,1
nella,1
cited,1
expressed,1
eta,1
related,1
irish,1
gender,1
reports,1
omit,1
unsolicited,1
minimum,1
predominantly,1
sheets,1
measure,1
obtain,1
titled,1
collection,1
referencing,1
sign,1
editorial,1
much,1
coins,1
authorship,1
submitted,1
numbered,1
voyage,1
structures,1
processes,1
andrew,1
retaining,1
chapters,1
laboratory,1
reproduction,1
includes,1
trust,1
cheryl,1
were,1
chosen,1
review,1
gravettiana,1
ian,1
formation,1
relationships,1
dating,1
merchants,1
sicily,1
spacing,1
stanford,1
seaborne,1
preparations,1
editor,1
development,1
lettering,1
since,1
there,1
copies,1
can,1
andrews,1
joint,1
tables,1
g,1
urbanism,1
redrawing,1
agreement,1
oertling,1
stockholm,1
interest,1
exemplary,1
alphabetically,1
issn,1
general,1
approximately,1
uncalibrated,1
although,1
normally,1
sense,1
excavations,1
presented,1
would,1
grouped,1
indexing,1
suitably,1
need,1
bookshops,1
convention,1
offprints,1
janet,1
bear,1
stage,1
states,1
phone,1
curve,1
century,1
regular,1
you,1
obtained,1
le,1
palaeolithic,1
households,1
mediterranean,1
improved,1
phrase,1
black,1
standard,1
ward,1
provides,1
martin,1
association,1
severan,1
exchange,1
wrecks,1
fission,1
footnotes,1
enhancement,1
memorandum,1
wider,1
potential,1
between,1
completing,1
karnataka,1
opium,1
topic,1
single,1
egypt,1
applying,1
usual,1
tripati,1
twice,1
mainly,1
differing,1
stemming,1
helpful,1
early,1
up,1
london,1
drawn,1
extracted,1
percentage,1
greece,1
differ,1
interaction,1
stimulating,1
those,1
corrected,1
describes,1
correspondence,1
strong,1
we,1
north,1
sila,1
florida,1
arnold,1
rivista,1
calibrations,1
provided,1
preliminary,1
delete,1
word,1
activities,1
metric,1
major,1
examines,1
commas,1
society,1
visit,1
separate,1
