WORDCOUNTS,WEIGHT
the,391
and,312
of,286
a,188
in,178
de,170
to,133
et,84
la,71
is,56
archaeology,53
des,49
on,47
for,45
was,45
by,44
this,43
as,42
du,41
excavations,38
at,37
it,36
with,35
from,33
are,33
have,31
j,30
les,30
f,30
french,28
en,26
l,25
pp,25
that,24
data,24
but,24
which,24
during,23
or,23
d,23
were,22
been,22
be,22
one,21
has,21
al,21
france,21
first,20
prehistoire,20
analysis,20
p,19
prehistorique,19
two,19
archaeological,19
they,18
archaeologists,18
an,18
prehistoric,18
he,18
no,17
not,17
m,16
excavation,16
their,16
sur,16
h,15
method,15
le,15
only,15
francaise,15
c,15
very,14
had,14
influence,14
techniques,14
more,14
cnrs,14
all,13
g,13
his,13
structures,13
ethnographic,13
new,13
sciences,13
between,13
now,12
audouze,12
changes,12
though,12
r,12
floors,12
few,12
classical,12
large,11
international,11
because,11
insularity,11
continental,11
such,10
palaeolithic,10
b,10
recherches,10
societe,10
andre,10
artefacts,10
settlement,10
donnees,10
projects,10
bulletin,10
spatial,10
years,10
prehistoriques,10
abroad,10
among,10
fouilles,9
last,9
development,9
gallia,9
bordes,9
sites,9
work,9
its,9
used,9
change,9
field,9
centre,9
model,9
made,9
general,9
can,9
dans,9
different,9
through,9
studies,8
since,8
than,8
after,8
part,8
recherche,8
several,8
led,8
computing,8
still,8
under,8
these,8
towards,8
archeologiques,8
improvements,8
theoretical,8
area,8
typology,8
concerned,7
later,7
colloque,7
there,7
study,7
most,7
procedures,7
well,7
approach,7
digging,7
culture,7
also,7
other,7
lack,7
paris,7
assemblages,7
use,7
gardin,7
methods,7
archeologie,7
considered,7
middle,7
level,7
au,7
debate,7
technological,7
history,6
vol,6
possible,6
site,6
etudes,6
prehistory,6
internationale,6
important,6
out,6
artefact,6
systematic,6
project,6
research,6
dedicated,6
results,6
second,6
scientific,6
about,6
prehistorians,6
time,6
where,6
another,6
mainly,6
types,6
school,6
paleolithique,6
set,6
cultures,6
did,6
current,6
urban,6
introduced,6
models,6
settlements,5
interested,5
differences,5
eastern,5
ixe,5
human,5
pincevent,5
interest,5
century,5
cultural,5
higher,5
rather,5
main,5
developed,5
michel,5
monumental,5
university,5
age,5
origins,5
union,5
based,5
influenced,5
syria,5
place,5
mediaeval,5
many,5
man,5
ras,5
metropolitan,5
evolution,5
i,5
started,5
european,5
science,5
ecole,5
usually,5
flint,5
while,5
information,5
both,5
recording,5
documentation,5
aisne,5
much,5
village,4
into,4
being,4
every,4
s,4
studied,4
achieved,4
existence,4
albin,4
laboratoire,4
given,4
may,4
opposed,4
interesting,4
notion,4
adopted,4
supplement,4
importance,4
special,4
raw,4
came,4
found,4
late,4
description,4
computer,4
around,4
when,4
up,4
world,4
bassin,4
vols,4
included,4
perspectives,4
same,4
essai,4
banks,4
present,4
so,4
collected,4
problems,4
maison,4
parallel,4
become,4
attention,4
neolithique,4
rapport,4
ecological,4
often,4
stratigraphic,4
then,4
each,4
domestic,4
nouvelles,4
researches,4
historical,4
past,4
according,4
them,4
nd,4
researchers,4
question,4
crisis,4
should,4
classification,4
early,4
valley,4
focus,4
problemes,4
difficult,3
dunod,3
oriented,3
revue,3
environmental,3
college,3
e,3
replaced,3
decade,3
comparisons,3
before,3
rome,3
certainly,3
taillee,3
emerged,3
seems,3
tradition,3
leading,3
broken,3
great,3
procedure,3
take,3
pratique,3
account,3
except,3
conceptual,3
technologie,3
due,3
american,3
distinct,3
perspective,3
pierre,3
third,3
storage,3
traditions,3
industries,3
rescue,3
consider,3
statistical,3
brezillon,3
traces,3
too,3
superieur,3
etude,3
strategy,3
avant,3
problem,3
allow,3
preponderant,3
base,3
caves,3
tools,3
recently,3
near,3
y,3
brought,3
example,3
ten,3
lithique,3
currents,3
trends,3
refuse,3
habitations,3
working,3
next,3
quite,3
small,3
villages,3
methodological,3
paid,3
finds,3
periods,3
architecture,3
stratigraphy,3
hearths,3
single,3
perles,3
interpretation,3
thought,3
technology,3
regional,3
published,3
giot,3
others,3
end,3
accepted,3
strategies,3
material,3
deep,3
original,3
collecting,3
perigordian,3
explanation,3
upon,3
empirical,3
engaged,3
fer,3
open,3
clear,3
laboratories,3
comprehensive,3
objets,3
characterized,3
would,3
played,3
latter,3
especially,3
structure,3
professional,3
separate,3
typologie,3
who,3
vallee,3
fields,3
aerial,3
ethnological,3
dimension,3
natural,3
over,3
anthropology,3
demoule,3
pour,3
proposed,3
beginning,3
explanations,3
ones,3
theory,3
archeologique,3
mortillet,3
met,3
contemporaneity,3
layers,3
define,3
methodes,3
observation,3
specific,3
strong,3
archives,2
baluchistan,2
picard,2
currently,2
validation,2
common,2
way,2
if,2
religions,2
historiques,2
abbaye,2
fossile,2
denomination,2
succession,2
introduction,2
methodologie,2
just,2
designed,2
stone,2
word,2
lumley,2
parole,2
policy,2
encourage,2
total,2
nineteenth,2
notre,2
gap,2
programmes,2
shamra,2
chaire,2
creation,2
furtins,2
ii,2
give,2
rested,2
feeling,2
heated,2
scientifique,2
broadly,2
together,2
analyses,2
origin,2
rich,2
inherent,2
room,2
resulting,2
debut,2
within,2
similarities,2
debitage,2
system,2
british,2
evaluation,2
courbin,2
linear,2
task,2
money,2
histoire,2
bases,2
francoise,2
clearly,2
some,2
bibliography,2
dutch,2
genetic,2
along,2
domestiques,2
perthes,2
preliminaires,2
regarding,2
central,2
thus,2
includes,2
ksar,2
structuration,2
benzecri,2
reverse,2
jarrige,2
drastic,2
against,2
characteristic,2
relations,2
mohen,2
marseille,2
elements,2
old,2
underlying,2
allowing,2
bone,2
thin,2
stratigraphie,2
automatique,2
even,2
spite,2
generation,2
efficient,2
van,2
failed,2
henri,2
automatic,2
whose,2
essential,2
without,2
operations,2
grid,2
megalithic,2
levels,2
recentes,2
approaches,2
annales,2
phyla,2
aurignacian,2
especes,2
animals,2
space,2
senanque,2
supposed,2
monuments,2
palaeozoology,2
delegation,2
former,2
bordeaux,2
upper,2
four,2
graphic,2
hesse,2
lithic,2
edinburgh,2
notions,2
undertaken,2
metal,2
preference,2
decades,2
advocated,2
view,2
state,2
diachronic,2
expressed,2
uncovering,2
could,2
typical,2
occupation,2
appears,2
domestication,2
applied,2
record,2
explain,2
opposition,2
deserte,2
technical,2
line,2
bc,2
tool,2
start,2
preferred,2
explains,2
denial,2
gave,2
partly,2
people,2
romaine,2
graph,2
premiere,2
analysed,2
successful,2
societes,2
mournouards,2
long,2
shapes,2
tixier,2
tended,2
always,2
notes,2
appropriate,2
value,2
provided,2
rest,2
banques,2
neolithic,2
south,2
institut,2
will,2
archeologia,2
units,2
situation,2
materials,2
short,2
synthesis,2
comparative,2
limited,2
religious,2
humaine,2
percentage,2
experienced,2
restricted,2
complete,2
teaching,2
performed,2
hearth,2
boucher,2
starting,2
hautes,2
technique,2
toward,2
renewed,2
available,2
cercle,2
longer,2
twenty,2
blocks,2
areas,2
cumulative,2
travaux,2
reasoning,2
really,2
reacted,2
debates,2
karlin,2
seldom,2
reasons,2
never,2
took,2
determinism,2
do,2
chain,2
developing,2
less,2
bilan,2
binford,2
preparation,2
frequency,2
argument,2
allain,2
remained,2
palestine,2
habitat,2
understanding,2
discussion,2
subjectivity,2
un,2
writings,2
region,2
looking,2
hypotheses,2
mousterian,2
vocabulary,2
syrie,2
laboratory,2
national,2
considerable,2
rejected,2
three,2
reality,2
directed,2
publication,2
express,2
ere,2
aquitaine,2
held,2
function,2
k,2
topics,2
plate,2
congres,2
italy,2
we,2
premiers,2
pottery,2
cursus,2
iran,2
geste,2
today,2
ateliers,2
vallet,2
inhabitants,2
movements,2
figure,2
foreign,2
sol,2
dimensions,2
ordering,2
remontages,2
life,2
bailloud,2
probabilistic,2
quaternaria,2
thick,2
environment,2
practised,2
any,2
archaeologies,2
ever,2
objects,2
bronze,2
besides,2
rigaud,2
rurales,2
specialized,2
attribute,2
roman,2
setting,2
report,2
particularly,2
linked,2
far,2
associations,2
destroyed,2
virtual,2
plants,2
produce,2
observations,2
discriminant,2
franvoise,2
paintings,2
press,2
subject,2
tried,2
adapted,2
arguments,2
delmas,2
mention,2
aims,2
caverne,2
antiquite,2
until,2
initiated,2
institutional,2
sud,2
frame,2
actes,2
instead,2
delineate,2
programme,2
shift,2
indices,2
comparison,2
evolutionism,2
hodson,2
recent,2
showed,2
hypothesis,2
entities,1
africanistes,1
does,1
boutin,1
lavalle,1
typologists,1
o,1
principes,1
jaulin,1
fewfossiles,1
frangoise,1
polish,1
merovingien,1
studiorum,1
horizontal,1
humaines,1
melanges,1
stylistic,1
names,1
surroundings,1
pondicherry,1
created,1
functional,1
separated,1
universite,1
mars,1
personnel,1
extreme,1
maziere,1
determine,1
presses,1
inconvenience,1
propagation,1
associated,1
totally,1
appear,1
starts,1
epipalaeolithic,1
originate,1
debris,1
linguistic,1
jarres,1
group,1
descriptivism,1
needed,1
conducted,1
alluviale,1
partially,1
franz,1
ive,1
bylany,1
susiana,1
masset,1
identify,1
merged,1
gouletquer,1
formalism,1
true,1
english,1
provence,1
strictly,1
baudry,1
di,1
completely,1
totale,1
modern,1
better,1
australopithecines,1
animaux,1
tents,1
afghanistan,1
classify,1
allies,1
basalt,1
nice,1
bordj,1
precursors,1
celtique,1
themes,1
par,1
parois,1
experience,1
diffusion,1
lechevallier,1
combustion,1
typologiques,1
either,1
sources,1
defects,1
approche,1
production,1
interests,1
exaggerated,1
clairvaux,1
quaternaire,1
adopt,1
taken,1
implying,1
attempt,1
materiel,1
worked,1
prestigious,1
lage,1
definition,1
decouverte,1
possibilities,1
book,1
knowing,1
assembling,1
contingencies,1
rennes,1
tours,1
simple,1
sedes,1
archdologie,1
potentially,1
hachette,1
xiii,1
service,1
thanks,1
nevertheless,1
alignment,1
help,1
consist,1
written,1
greatly,1
influences,1
concepts,1
raised,1
those,1
advantages,1
somewhat,1
hostility,1
context,1
papers,1
seminar,1
fouille,1
case,1
proceed,1
resemblances,1
egyptologists,1
classifying,1
iie,1
misunderstood,1
advice,1
iv,1
discuss,1
jc,1
figs,1
chapter,1
quantities,1
armand,1
distributing,1
perigord,1
logical,1
antiquaires,1
activity,1
slight,1
restraints,1
ethnographique,1
obvious,1
whatever,1
taking,1
combination,1
langage,1
point,1
europe,1
burins,1
helinium,1
fur,1
dynamic,1
bottom,1
cahen,1
objective,1
spain,1
ritual,1
memoire,1
lesgrands,1
deserted,1
steiner,1
analyse,1
collection,1
formelles,1
frangaise,1
exposed,1
exist,1
vases,1
phase,1
iron,1
deux,1
cemeteries,1
southwestern,1
proceeded,1
explained,1
dotted,1
facts,1
leur,1
borderlands,1
levroux,1
hierarchy,1
processus,1
millennium,1
moeyersons,1
megara,1
archaeologicae,1
cauvin,1
viieme,1
delphes,1
disillusion,1
petrography,1
constellation,1
pay,1
universitaires,1
expected,1
matiere,1
funds,1
attracting,1
bourrelly,1
chez,1
unity,1
rank,1
inserted,1
urbanization,1
symposium,1
spectrographiques,1
refer,1
fond,1
subjects,1
systematique,1
fig,1
panorama,1
six,1
houses,1
young,1
diffusionism,1
afford,1
dates,1
compared,1
unchanged,1
libraries,1
mechanical,1
swiss,1
drawn,1
archaeologist,1
reassessment,1
journal,1
hatt,1
demonstration,1
supporters,1
descriptive,1
matieres,1
compromise,1
interassemblage,1
traiter,1
continuity,1
organisees,1
adjunction,1
manuel,1
jean,1
phases,1
economique,1
steps,1
colin,1
german,1
air,1
orientale,1
identification,1
cuisson,1
bring,1
stricter,1
refitting,1
soviet,1
peyrony,1
superficial,1
remain,1
adapt,1
square,1
unit,1
explicit,1
akil,1
process,1
egyptology,1
pinpoint,1
suffer,1
opportunity,1
noten,1
probability,1
boiiard,1
similar,1
traitement,1
certain,1
derived,1
strange,1
exemple,1
boone,1
algerie,1
berigord,1
cave,1
depots,1
rules,1
summarized,1
discoveries,1
clarification,1
dismiss,1
crise,1
front,1
absorbed,1
firmer,1
moves,1
consistency,1
category,1
vue,1
experimentally,1
organization,1
improvement,1
comparaisons,1
river,1
fossiles,1
intensive,1
organized,1
slowly,1
jura,1
proved,1
section,1
allocation,1
quoted,1
n,1
argued,1
moyen,1
survie,1
show,1
commonly,1
jars,1
reinwald,1
depart,1
stripping,1
beyond,1
shed,1
fontes,1
followed,1
mitteilungsblatt,1
cost,1
mordant,1
rice,1
painted,1
terminology,1
signification,1
flakes,1
fifties,1
shifted,1
pleistocene,1
larsa,1
trained,1
constitution,1
plaine,1
disappeared,1
artistic,1
experimentation,1
greater,1
behaviour,1
penetration,1
standards,1
result,1
chronologie,1
lead,1
introduce,1
gesellschaft,1
declined,1
troisieme,1
holds,1
search,1
laplace,1
traditionally,1
oceanie,1
mapping,1
effort,1
users,1
deal,1
temples,1
shared,1
infrequent,1
calcul,1
seriations,1
percentages,1
constantly,1
remarques,1
impervious,1
cores,1
representative,1
butzer,1
czech,1
palaeoecological,1
millotte,1
further,1
callot,1
standardized,1
aux,1
urgent,1
shallow,1
block,1
photography,1
districts,1
sauvetages,1
briard,1
ceramics,1
produced,1
caubet,1
meet,1
proche,1
publications,1
bataille,1
hypothetical,1
chips,1
toulouse,1
paleontologie,1
sackett,1
fruihgeschichte,1
ethnologue,1
briefly,1
campement,1
aspects,1
ferrassie,1
shape,1
orale,1
distinguish,1
future,1
closed,1
murale,1
literature,1
clarke,1
grecque,1
scope,1
isere,1
received,1
organize,1
tempel,1
andes,1
dissatisfaction,1
clean,1
fired,1
ecologie,1
colloquia,1
rythmes,1
civil,1
faune,1
formalisation,1
related,1
studia,1
babbar,1
geology,1
protohistoriques,1
semiologic,1
lyonnet,1
whole,1
year,1
palethnologiques,1
describe,1
equalled,1
palynology,1
inherited,1
collective,1
centred,1
runs,1
call,1
campagne,1
loiret,1
predominance,1
lau,1
niveaux,1
statistique,1
own,1
enthusiastic,1
hidden,1
manifestation,1
errors,1
t,1
aire,1
ixeme,1
trecolle,1
widen,1
social,1
siecle,1
premieres,1
least,1
mesopotamia,1
presented,1
thirteenth,1
leptolithiques,1
useful,1
limites,1
hegelian,1
revolution,1
theoretically,1
individualism,1
prevalence,1
audibert,1
seminaire,1
preselected,1
family,1
habitation,1
macromammiferes,1
baigneurs,1
oldowan,1
neolithiques,1
choosing,1
spatiale,1
protohistoire,1
usual,1
impoverishment,1
annual,1
progress,1
universities,1
necessity,1
os,1
colloquium,1
civilisation,1
mathematiques,1
annali,1
structured,1
rhone,1
interessant,1
quartier,1
grateful,1
francais,1
massive,1
favoured,1
activities,1
ochre,1
seemed,1
avoid,1
facies,1
society,1
comm,1
bretagne,1
chronological,1
aziliens,1
therefore,1
tasks,1
classicists,1
demand,1
matter,1
attempts,1
absence,1
various,1
visually,1
restoration,1
populations,1
identified,1
salamis,1
bactriane,1
preliminaire,1
jambu,1
located,1
ancien,1
avenir,1
plans,1
euclidian,1
academy,1
etc,1
juin,1
ducos,1
make,1
accumulations,1
experiences,1
premises,1
southern,1
cros,1
direction,1
machinestripping,1
bocquet,1
golfe,1
urund,1
archaeometric,1
cooperative,1
misuse,1
brebieres,1
criticism,1
edited,1
relied,1
yet,1
campagnes,1
chassemy,1
suited,1
read,1
soon,1
borrowed,1
fifth,1
chronology,1
palaces,1
taille,1
pres,1
quarrel,1
assimilation,1
home,1
planned,1
millenaire,1
light,1
editions,1
memoires,1
newcomer,1
grecs,1
cahiers,1
experimental,1
floor,1
subdivisions,1
montereau,1
largest,1
intense,1
already,1
reports,1
denis,1
rochereil,1
stones,1
lucien,1
spatially,1
dactylographiee,1
volume,1
pourquoi,1
metallography,1
again,1
admirable,1
sedentarization,1
pointed,1
theorie,1
put,1
allag,1
complementary,1
analytical,1
lengthy,1
shows,1
monophyletic,1
brive,1
contemporaines,1
villard,1
overwhelming,1
communautes,1
regret,1
departments,1
marseilles,1
abstract,1
mural,1
kendall,1
layer,1
dollfuss,1
break,1
isolate,1
breuil,1
demonstrating,1
quelques,1
grows,1
ministry,1
everything,1
distrust,1
distributions,1
patchwork,1
serious,1
fragments,1
ages,1
directeurs,1
hand,1
adjacent,1
superstitions,1
gaule,1
operating,1
landscape,1
medievales,1
derivation,1
existing,1
littoraux,1
sevpen,1
peinture,1
angkor,1
necessary,1
ginouves,1
moyenne,1
poles,1
compelled,1
controversy,1
style,1
gives,1
manuals,1
going,1
semiologiques,1
girard,1
mortars,1
local,1
unfavourable,1
facteurs,1
coherent,1
economie,1
specializing,1
easier,1
chronologies,1
contours,1
dordogne,1
lake,1
collections,1
including,1
arose,1
enormous,1
epigraphic,1
pointes,1
ethnologie,1
ferdiere,1
encouraged,1
computers,1
prospection,1
magdalenien,1
cailloux,1
controlling,1
asian,1
significant,1
combining,1
plein,1
arnal,1
andines,1
magdalenian,1
emphasize,1
renne,1
factor,1
numerous,1
causes,1
metre,1
ideas,1
survey,1
aurignacien,1
trend,1
rare,1
recovery,1
protohistorique,1
individuals,1
vertebres,1
chosen,1
previous,1
office,1
recruitment,1
brittany,1
traditonal,1
correspondances,1
complicated,1
theories,1
dating,1
students,1
significance,1
chapelot,1
emphasizing,1
experimentale,1
lakes,1
logic,1
preceded,1
resultant,1
architectural,1
allowed,1
like,1
somme,1
period,1
exemplary,1
him,1
devise,1
accurate,1
ecology,1
earlier,1
renewal,1
graduated,1
structuralism,1
black,1
standard,1
strongly,1
preponderance,1
chasseurs,1
discarded,1
comparing,1
trying,1
renouveau,1
narrow,1
interpretations,1
propos,1
exactly,1
khor,1
progres,1
artisans,1
probably,1
differ,1
northern,1
figures,1
saw,1
noyen,1
relative,1
fonctionnelle,1
joint,1
controversial,1
journees,1
greek,1
division,1
argentomagus,1
modernized,1
documentaire,1
incline,1
depth,1
recueil,1
stage,1
campements,1
applications,1
imply,1
iranica,1
raise,1
africa,1
magdalenienne,1
anciens,1
evolve,1
parietal,1
lithiques,1
imbalance,1
vision,1
tepe,1
arnaud,1
claimed,1
inside,1
institutions,1
slow,1
directions,1
aupert,1
seen,1
transformed,1
detailed,1
sequences,1
transformation,1
try,1
countries,1
why,1
verbalism,1
wurtz,1
efficiency,1
analytiques,1
seriate,1
archaique,1
existed,1
volontaire,1
allowances,1
education,1
academie,1
itself,1
face,1
paleoethnologiques,1
premier,1
preoccupying,1
metallurgie,1
quantitative,1
acquired,1
siliceuses,1
meer,1
graphs,1
wars,1
perigueux,1
fifteen,1
takes,1
stordeur,1
practice,1
following,1
suite,1
impulse,1
acheulean,1
anthropologie,1
comes,1
series,1
mentioned,1
changing,1
circumstances,1
ve,1
ethnoarchaeology,1
complexes,1
needs,1
athens,1
demonstrate,1
wear,1
adrien,1
detect,1
fran,1
perigordien,1
theme,1
subsidized,1
willingness,1
proposes,1
southward,1
utilisees,1
funding,1
here,1
occurred,1
hani,1
der,1
theorique,1
milieu,1
actuels,1
defining,1
partitioning,1
presentee,1
deficiencies,1
intellectual,1
sociales,1
supdrieur,1
tendencies,1
country,1
antediluvienne,1
tomb,1
global,1
sampling,1
gone,1
caen,1
pragmatic,1
brick,1
expense,1
half,1
constructions,1
hyblea,1
aise,1
bourse,1
allied,1
flageolet,1
iii,1
avec,1
rely,1
asserting,1
benefit,1
ordered,1
explicitly,1
arborescent,1
osseux,1
works,1
living,1
absolutely,1
evident,1
schweizerischen,1
abstruse,1
what,1
occupancy,1
economy,1
proceedings,1
investigation,1
conservatism,1
unique,1
reactions,1
implicit,1
rose,1
terms,1
impossible,1
references,1
particular,1
batsford,1
valbonne,1
textbook,1
artifactual,1
map,1
mere,1
vigorously,1
appliquee,1
mathematics,1
knapping,1
distribution,1
ethnography,1
inscriptions,1
foundations,1
thames,1
hypogea,1
serie,1
inferieur,1
cents,1
stade,1
paleoethnologique,1
siecles,1
ecologique,1
ville,1
art,1
fourteen,1
popular,1
basit,1
tent,1
intention,1
repercussions,1
uncontrolled,1
slovenskd,1
careful,1
lepaleolithique,1
little,1
decisive,1
iiie,1
exhibit,1
courses,1
alternatives,1
topsoil,1
variability,1
traditional,1
villageoises,1
marmier,1
assumptions,1
regularities,1
summarizes,1
informations,1
niveau,1
qualitative,1
using,1
exceptionally,1
isolated,1
definitions,1
goals,1
aspect,1
ceramique,1
cuivre,1
ibn,1
junin,1
our,1
promoted,1
enthusiasm,1
formation,1
xxe,1
obliged,1
locations,1
lists,1
reveals,1
cambridge,1
disposal,1
genetically,1
rationalization,1
soudsky,1
paradigm,1
conditions,1
morphological,1
recovering,1
position,1
mode,1
desse,1
origines,1
contributed,1
unsuitable,1
include,1
ferrara,1
integrated,1
proceeding,1
need,1
meagre,1
smaller,1
borillo,1
integration,1
treultel,1
defiance,1
retrieval,1
defined,1
xive,1
attempted,1
susa,1
extremely,1
remains,1
archaic,1
tene,1
respective,1
retouch,1
kachi,1
removed,1
braidwood,1
classificatory,1
themselves,1
marxist,1
supply,1
chicago,1
improved,1
quatre,1
franpoise,1
parisien,1
orfevre,1
texts,1
remonter,1
exemples,1
surveys,1
humbert,1
whenever,1
solve,1
dos,1
operational,1
building,1
successive,1
built,1
lac,1
