WORDCOUNTS,WEIGHT
the,443
of,239
and,174
in,126
a,100
to,98
apu,59
are,51
as,48
that,43
from,42
on,42
cerro,39
peaks,37
wari,37
with,37
these,36
mountain,36
at,35
by,32
is,31
for,29
picchu,29
may,27
baul,25
an,25
ritual,23
or,23
have,22
j,21
their,20
its,19
landscape,17
also,17
it,16
this,16
visible,16
was,15
has,15
been,15
be,15
local,14
architectural,14
they,13
offerings,13
sacred,13
important,13
andean,13
summit,13
complex,12
williams,12
water,12
were,12
platform,12
state,11
imperial,11
spirits,11
early,11
m,10
de,10
southern,10
distant,10
patrick,10
sighting,10
juan,10
can,10
ryan,10
not,10
complexes,10
donna,10
over,10
one,9
within,9
nash,9
site,9
university,9
arundane,9
r,9
during,9
people,9
research,9
he,9
but,9
don,9
region,9
valley,9
mountains,8
other,8
point,8
most,8
andes,8
viewshed,8
architecture,8
two,8
power,8
many,8
features,8
we,8
moquegua,8
veneration,8
analysis,8
each,8
through,8
north,8
into,7
topographic,7
baiil,7
regional,7
which,7
la,7
different,7
linked,7
deities,7
area,7
boulder,6
snowcapped,6
highland,6
visibility,6
american,6
staircase,6
his,6
excavations,6
data,6
mesa,6
religious,6
ancient,6
same,6
sector,6
more,6
towards,6
new,6
centre,6
made,6
worship,6
archaeological,6
who,6
visual,6
frontier,6
associated,6
natural,6
d,6
between,6
c,6
inka,5
link,5
principal,5
thus,5
than,5
orientation,5
peru,5
well,5
del,5
knowledge,5
expansive,5
located,5
expansion,5
only,5
empire,5
sunken,5
times,5
itself,5
control,5
terraced,5
places,5
ancestral,5
press,5
resources,5
dip,4
oriented,4
if,4
e,4
conducted,4
cuzco,4
modern,4
revered,4
tiwanaku,4
all,4
great,4
court,4
ad,4
system,4
she,4
inca,4
west,4
served,4
cultural,4
supernatural,4
space,4
beyond,4
called,4
out,4
prominent,4
part,4
realm,4
coca,4
both,4
own,4
hillside,4
field,4
resolution,4
peak,4
pilgrimage,4
indicates,4
hold,4
communities,4
pp,4
rock,4
adjacent,4
chain,4
horizon,4
clear,4
period,4
systems,4
often,4
construction,4
considered,4
anthropology,4
down,4
form,4
des,4
role,4
include,4
evidence,4
states,4
chicago,4
massif,3
entities,3
lopez,3
way,3
groups,3
archaeology,3
hauilau,3
t,3
together,3
alignment,3
those,3
primary,3
human,3
central,3
alignments,3
such,3
points,3
dozen,3
viewing,3
relations,3
malpass,3
turn,3
even,3
adjunct,3
links,3
across,3
pagos,3
importance,3
leaves,3
means,3
latin,3
just,3
recovered,3
powerful,3
back,3
pantheon,3
based,3
location,3
p,3
foreground,3
sacrifice,3
near,3
silver,3
sites,3
indigenous,3
rituals,3
settlement,3
around,3
ancestors,3
yielded,3
up,3
ideologies,3
likely,3
populations,3
above,3
sending,3
museum,3
reference,3
serve,3
ethnographic,3
payments,3
members,3
others,3
areas,3
larger,3
incorporation,3
forms,3
plate,3
model,3
where,3
isbell,3
elevation,3
strings,3
including,3
identity,3
like,3
administrative,3
cognitive,3
topography,3
figure,3
ideology,3
requests,3
symbolic,3
unique,3
map,3
while,3
institute,3
art,3
national,3
specific,3
hills,3
wamani,3
much,3
gis,2
currently,2
cues,2
suggested,2
created,2
string,2
large,2
prime,2
stone,2
join,2
authority,2
spirit,2
ascends,2
relative,2
excavation,2
history,2
source,2
replenish,2
being,2
first,2
highlighted,2
every,2
certainly,2
srtm,2
seems,2
accompanied,2
analyses,2
i,2
there,2
ancestry,2
date,2
political,2
quechua,2
el,2
eastern,2
east,2
key,2
right,2
clearly,2
some,2
burning,2
establishing,2
since,2
x,2
tied,2
usurping,2
modelled,2
phase,2
throughout,2
illustrates,2
ayacucho,2
y,2
journal,2
anders,2
van,2
civilization,2
via,2
recognized,2
peruviennes,2
en,2
observer,2
calculates,2
cult,2
landscapes,2
b,2
animals,2
plaza,2
routledqe,2
objects,2
organization,2
river,2
surface,2
strategy,2
gose,2
view,2
irrigation,2
had,2
moving,2
societies,2
staircases,2
occupation,2
boxes,2
block,2
province,2
viewed,2
cannot,2
placed,2
contesting,2
directly,2
degrees,2
tool,2
claim,2
future,2
related,2
northern,2
describe,2
surrogate,2
place,2
denominated,2
surrounding,2
regions,2
steward,2
los,2
order,2
specifically,2
family,2
several,2
wider,2
concerns,2
texas,2
core,2
dedicated,2
annual,2
results,2
florida,2
rest,2
south,2
f,2
san,2
chains,2
various,2
economic,2
constituents,2
community,2
make,2
structural,2
pivotal,2
falls,2
performed,2
eade,2
sketch,2
curator,2
addition,2
ceramic,2
head,2
forces,2
road,2
strategies,2
mundo,2
belief,2
number,2
another,2
venerated,2
zuidema,2
background,2
lake,2
top,2
use,2
radiocarbon,2
california,2
dating,2
three,2
visualization,2
publication,2
held,2
him,2
high,2
played,2
pago,2
spondylus,2
relation,2
figures,2
performing,2
viracochapampa,2
christian,2
today,2
usurpation,2
provide,2
science,2
plays,2
hill,2
digital,2
indicate,2
life,2
examine,2
kilometres,2
poma,2
fertility,2
anthropological,2
share,2
then,2
any,2
incorporated,2
peoples,2
geographic,2
constructed,2
here,2
set,2
shamans,2
guaman,2
liquid,2
feed,2
perfectly,2
far,2
goods,2
utilized,2
blowing,2
elevated,2
according,2
them,2
volcanic,2
agricultural,2
almost,2
alcohol,2
suggests,2
northwestern,2
sea,2
aspect,2
herds,2
specialists,2
heartland,2
integration,2
clues,2
photograph,2
programme,2
association,2
respective,2
offered,2
territories,2
among,2
glowacki,2
residing,1
ending,1
now,1
o,1
entreaties,1
machu,1
child,1
deny,1
edge,1
horizontal,1
later,1
indicated,1
generated,1
tayiorafrands,1
legitimate,1
trans,1
cerros,1
chthonic,1
resided,1
originating,1
introduction,1
connect,1
village,1
settlements,1
needed,1
fed,1
properly,1
diverge,1
merged,1
linkages,1
second,1
repel,1
confines,1
shuttle,1
true,1
ways,1
h,1
di,1
earthly,1
easily,1
studies,1
mountaintop,1
flows,1
supervised,1
blows,1
viewsheds,1
hair,1
backs,1
western,1
embassy,1
cornell,1
finely,1
bp,1
eye,1
offering,1
calibrated,1
test,1
highlight,1
sit,1
sources,1
long,1
regeneration,1
supplicants,1
give,1
abound,1
motivations,1
vols,1
might,1
progression,1
terrain,1
worked,1
stretch,1
montagnes,1
height,1
withholding,1
santisima,1
textiles,1
leading,1
assess,1
suggesting,1
warm,1
formativo,1
fracture,1
origin,1
rich,1
colloque,1
found,1
able,1
closer,1
scheme,1
composition,1
cocotea,1
religion,1
survey,1
promontory,1
listing,1
help,1
devils,1
lv,1
blackwell,1
situ,1
gifts,1
platforms,1
somewhat,1
segregated,1
cuenca,1
papers,1
pachamama,1
akin,1
case,1
post,1
side,1
fortune,1
restitution,1
symbolizing,1
guchte,1
tie,1
bird,1
arequipa,1
carry,1
america,1
incorporate,1
libations,1
design,1
intermediaries,1
mythology,1
account,1
vol,1
placement,1
marked,1
chronicler,1
activity,1
illustrate,1
prehispanic,1
hungry,1
move,1
professor,1
apart,1
variations,1
except,1
benefactors,1
familial,1
owners,1
sent,1
constrained,1
representing,1
engage,1
directed,1
sanchez,1
corresponding,1
hudson,1
framework,1
funded,1
ranked,1
learned,1
interments,1
goal,1
includes,1
chacras,1
review,1
affiliation,1
trafico,1
yura,1
run,1
calculated,1
surrounded,1
due,1
hierarchy,1
personalities,1
g,1
author,1
neighbours,1
characteristic,1
shaft,1
grouped,1
relatively,1
align,1
extensively,1
nested,1
radar,1
kind,1
faculte,1
aligned,1
rank,1
maintaining,1
sibling,1
supplicated,1
nevados,1
aimi,1
body,1
highest,1
panorama,1
mostre,1
channels,1
holds,1
caravans,1
inclusion,1
displeasure,1
carlos,1
defensive,1
concretize,1
mates,1
geological,1
bolivia,1
laymi,1
shading,1
deeply,1
traditions,1
potosi,1
valleys,1
conceptually,1
walls,1
costa,1
higher,1
mechanisms,1
permits,1
steps,1
online,1
intervisibility,1
mexico,1
no,1
without,1
act,1
traverse,1
rather,1
bring,1
l,1
wanting,1
traffic,1
main,1
how,1
sort,1
vicunas,1
coastal,1
pilgrimages,1
luck,1
environments,1
goes,1
copacabana,1
paz,1
capac,1
ns,1
travels,1
derived,1
direct,1
ongoing,1
serial,1
sanctuary,1
burials,1
productive,1
front,1
altitude,1
downward,1
nevado,1
provinces,1
bad,1
affect,1
ensure,1
legitimizing,1
marks,1
counterparts,1
established,1
familiar,1
peasant,1
duke,1
presumably,1
directoral,1
director,1
tata,1
former,1
reified,1
numbers,1
record,1
traces,1
glorious,1
argued,1
upper,1
age,1
four,1
rasnake,1
pinnacle,1
origins,1
shed,1
tremila,1
ventura,1
visibly,1
attendants,1
dominant,1
flow,1
providers,1
faced,1
comite,1
decades,1
management,1
formaciones,1
oblique,1
appear,1
torata,1
reflections,1
bureaucracy,1
holdings,1
greater,1
opening,1
closely,1
confederation,1
sallnow,1
could,1
rule,1
inherent,1
charlatans,1
basin,1
attack,1
stretches,1
scenes,1
estudios,1
rooms,1
zone,1
mimicked,1
initial,1
base,1
amaru,1
late,1
embedded,1
academic,1
lose,1
keywords,1
burial,1
annales,1
residential,1
recently,1
population,1
younger,1
wealth,1
kolata,1
however,1
masculine,1
sims,1
dumbarton,1
graciously,1
gods,1
bastion,1
acknowledgements,1
receive,1
because,1
feminine,1
exert,1
watershed,1
having,1
network,1
basis,1
line,1
conduit,1
revealed,1
used,1
work,1
inferred,1
start,1
comprises,1
firenze,1
concept,1
apparent,1
tombs,1
positions,1
ten,1
tomos,1
surrounds,1
fail,1
intermediate,1
cane,1
economicas,1
aztec,1
oaks,1
centred,1
et,1
call,1
documented,1
ethnohistoric,1
focuses,1
away,1
employed,1
systematic,1
showing,1
missions,1
alan,1
president,1
conform,1
polity,1
manipulation,1
cults,1
thrived,1
good,1
closing,1
successful,1
supraregional,1
working,1
below,1
spatially,1
culte,1
croup,1
adherents,1
hearthside,1
guardians,1
peruvian,1
anni,1
inextricably,1
small,1
llama,1
spanish,1
influence,1
devotees,1
few,1
smithsonian,1
legitimize,1
displeased,1
acts,1
invoke,1
observe,1
boundaries,1
impossible,1
fronted,1
always,1
generally,1
cosmology,1
universities,1
proper,1
politicas,1
world,1
montane,1
frontal,1
massive,1
activities,1
punishers,1
periods,1
prescribed,1
will,1
pilgrims,1
units,1
investigating,1
ceremonial,1
hegemony,1
contingent,1
identified,1
descending,1
dressed,1
seasons,1
acknowledged,1
harris,1
nearly,1
oversight,1
object,1
etc,1
formative,1
still,1
domination,1
favre,1
humans,1
movement,1
atop,1
rites,1
procession,1
strategic,1
dimensional,1
quadripartition,1
loaded,1
flat,1
yet,1
elaboration,1
ethnographers,1
makes,1
opulent,1
restricted,1
cliff,1
historia,1
palaces,1
us,1
participants,1
boletin,1
planned,1
orders,1
light,1
culture,1
al,1
largest,1
synergies,1
illustrated,1
department,1
reports,1
revenge,1
worldviews,1
social,1
regardless,1
administrators,1
etudes,1
starting,1
name,1
unmistakably,1
flanked,1
gobierno,1
request,1
mentions,1
kenneth,1
toward,1
death,1
academy,1
locating,1
preferences,1
responsibilities,1
ask,1
quebrada,1
kneels,1
performance,1
ecuadorian,1
complementary,1
descends,1
propitiating,1
communal,1
shows,1
limit,1
temples,1
animates,1
occupations,1
utilizing,1
predominant,1
instituto,1
abstract,1
coline,1
replicates,1
choice,1
time,1
educated,1
grave,1
associates,1
end,1
bundle,1
diameter,1
segmentation,1
discussed,1
utilize,1
men,1
patterns,1
conclusions,1
biblioteca,1
drinking,1
v,1
locales,1
performances,1
ground,1
cruz,1
moche,1
coarse,1
coercion,1
see,1
interview,1
arqueologia,1
blind,1
colony,1
perhaps,1
nueva,1
cosmos,1
routledge,1
distance,1
style,1
siglo,1
day,1
ecology,1
polities,1
demonstrated,1
matrix,1
understanding,1
lofty,1
success,1
referenced,1
sacrifices,1
upon,1
values,1
evacuation,1
meals,1
pertain,1
vexed,1
passes,1
looking,1
canals,1
concern,1
imbued,1
entirely,1
significant,1
combining,1
food,1
clouded,1
lettres,1
francis,1
factor,1
prominently,1
militarism,1
services,1
individuals,1
frame,1
full,1
autores,1
tayta,1
described,1
trade,1
significance,1
juliaca,1
murra,1
express,1
carnival,1
lakes,1
accounted,1
faces,1
issn,1
verdant,1
allowed,1
would,1
sacredness,1
protruding,1
mines,1
looters,1
crafted,1
pyramidal,1
spa,1
chicha,1
primer,1
latter,1
valued,1
enough,1
elaborate,1
parallel,1
alpine,1
constructing,1
exaggeration,1
craft,1
narrow,1
sight,1
paciflco,1
assessing,1
respectively,1
huamachuco,1
do,1
chusci,1
improbable,1
claiming,1
capabilities,1
abodes,1
differ,1
pathway,1
hostage,1
protocols,1
parameters,1
maximal,1
institution,1
connections,1
attend,1
atlas,1
huaro,1
encompassing,1
practicing,1
contributes,1
triangles,1
entail,1
relationship,1
modification,1
dual,1
perspectives,1
note,1
processed,1
segments,1
bold,1
sometimes,1
apprentices,1
continue,1
defenders,1
impressive,1
maps,1
fear,1
arrow,1
vertical,1
lines,1
male,1
sway,1
nexus,1
bivalve,1
predatory,1
pagapu,1
ritualized,1
appointments,1
cigarettes,1
seen,1
nuevo,1
effectively,1
periodo,1
sondondo,1
payment,1
dans,1
dead,1
respect,1
composed,1
centres,1
dais,1
sandstone,1
bestow,1
imperialism,1
monumental,1
investigate,1
earliest,1
hearts,1
nacional,1
rite,1
environment,1
nightly,1
suite,1
senior,1
toast,1
series,1
incised,1
must,1
extensive,1
ever,1
reinforced,1
beside,1
continues,1
extension,1
known,1
honoured,1
slope,1
recognizable,1
reciprocity,1
calendars,1
offers,1
integrative,1
know,1
defining,1
appeased,1
colonization,1
parental,1
paper,1
cultures,1
ancestor,1
capolavori,1
specialized,1
veintiuno,1
connection,1
shrine,1
believe,1
capital,1
did,1
prominence,1
half,1
intersected,1
foundation,1
ideological,1
dramatic,1
particularly,1
bolivian,1
grey,1
buen,1
plazas,1
aerial,1
associations,1
identities,1
distinctive,1
past,1
placing,1
closest,1
prayers,1
sierra,1
proposed,1
february,1
destroyed,1
turned,1
phd,1
animal,1
cal,1
defend,1
altars,1
commodity,1
ruins,1
what,1
communicate,1
proceedings,1
whether,1
references,1
coast,1
plants,1
cajabamba,1
particular,1
maintain,1
covers,1
statement,1
waters,1
occasions,1
thames,1
periphery,1
yield,1
protectors,1
orientations,1
information,1
dedication,1
hundreds,1
universe,1
size,1
grand,1
middle,1
vessels,1
unseen,1
league,1
chanka,1
boston,1
deformity,1
presented,1
met,1
uniform,1
coronica,1
subject,1
copper,1
appointed,1
teachings,1
families,1
phenomenon,1
snow,1
faculty,1
rosaldo,1
andino,1
shores,1
formation,1
youth,1
lists,1
authorized,1
cambridge,1
autochthonous,1
arrows,1
involves,1
illinois,1
argentina,1
conditions,1
aware,1
burnt,1
physical,1
sur,1
akapana,1
altiplano,1
conquered,1
variously,1
off,1
mullu,1
remains,1
potential,1
themselves,1
elites,1
consisted,1
titicaca,1
sectors,1
vary,1
reached,1
sits,1
create,1
views,1
entire,1
df,1
stormy,1
focus,1
seek,1
andesite,1
taylor,1
drew,1
recent,1
livestock,1
detection,1
curandero,1
famous,1
cross,1
azangaro,1
priceps,1
subordinates,1
built,1
portrait,1
gold,1
hypothesis,1
