WORDCOUNTS,WEIGHT
the,549
and,308
of,281
to,218
in,149
a,129
for,85
is,85
project,68
as,63
silchester,51
at,48
on,47
be,44
excavation,43
with,40
that,38
access,38
by,38
it,36
from,36
site,33
will,33
archaeology,32
are,32
has,31
or,31
which,31
its,30
research,30
university,27
part,27
field,26
training,25
this,25
visitors,25
an,24
their,24
also,24
not,24
other,23
all,22
archaeological,22
but,21
was,20
public,20
roman,19
funding,19
were,18
some,17
local,17
have,17
experience,16
had,16
about,16
participants,16
they,15
such,15
been,15
both,15
people,14
more,14
information,14
those,13
reading,13
interest,13
town,13
department,13
students,13
hlf,13
per,12
large,12
activities,12
heritage,12
than,11
one,11
season,11
funded,11
most,11
well,11
range,11
can,11
what,11
schools,10
history,10
take,10
there,10
m,10
aspects,10
open,10
although,10
first,9
et,9
community,9
only,9
visitor,9
many,9
website,9
rachel,9
who,9
years,9
now,8
encourage,8
staff,8
no,8
numbers,8
resource,8
officer,8
work,8
up,8
provided,8
finds,8
al,8
these,8
would,8
provide,8
must,8
over,8
each,8
always,8
given,8
programme,8
if,7
cent,7
being,7
promoting,7
within,7
inclusion,7
just,7
week,7
weeks,7
volunteers,7
team,7
school,7
terms,7
through,7
aims,7
might,6
able,6
scheduled,6
resources,6
century,6
six,6
fulford,6
rather,6
sessions,6
support,6
age,6
used,6
own,6
opportunities,6
financial,6
time,6
fieldwork,6
including,6
publication,6
professional,6
she,6
very,6
iron,6
places,6
them,6
involvement,6
subject,6
into,5
dig,5
sources,5
nature,5
skills,5
scheme,5
discipline,5
possible,5
activity,5
excavations,5
developed,5
opportunity,5
days,5
stewart,5
important,5
could,5
late,5
participation,5
planning,5
visit,5
make,5
interpretation,5
museum,5
costs,5
two,5
new,5
day,5
increase,5
use,5
real,5
volunteer,5
continue,5
education,5
monument,5
material,5
different,5
current,5
while,5
results,5
offer,5
develop,5
way,4
environmental,4
fund,4
respondents,4
i,4
help,4
fun,4
backgrounds,4
funds,4
young,4
even,4
how,4
broaden,4
undergraduates,4
direct,4
provides,4
means,4
suggested,4
greater,4
allow,4
out,4
objectives,4
almost,4
clarke,4
related,4
calleva,4
issues,4
least,4
around,4
several,4
few,4
wider,4
when,4
value,4
techniques,4
under,4
teaching,4
social,4
members,4
organizations,4
children,4
where,4
encouraged,4
clear,4
margaret,4
summer,4
after,4
become,4
insula,4
five,4
types,4
itself,4
small,4
set,4
interested,4
plate,4
particularly,4
lottery,4
until,4
increased,4
offered,4
much,4
strong,4
difficult,3
groups,3
trench,3
ways,3
volunteering,3
either,3
ii,3
reasons,3
mind,3
context,3
ad,3
british,3
key,3
taking,3
point,3
attract,3
development,3
learning,3
effective,3
publications,3
student,3
may,3
higher,3
levels,3
presentation,3
process,3
talk,3
ix,3
study,3
metres,3
profile,3
victorian,3
relating,3
academic,3
further,3
otherwise,3
required,3
because,3
future,3
county,3
knowledge,3
runs,3
director,3
hampshire,3
successful,3
working,3
core,3
progress,3
guide,3
yet,3
same,3
delivery,3
projects,3
plan,3
teachers,3
enable,3
centre,3
existing,3
less,3
council,3
necessary,3
free,3
significant,3
services,3
like,3
so,3
general,3
high,3
educational,3
attracted,3
principal,3
pupils,3
chance,3
consent,3
life,3
visiting,3
audience,3
past,3
assessment,3
virtual,3
intention,3
plans,3
world,3
uk,3
come,3
recording,3
grant,3
wish,3
include,3
potential,3
between,3
c,3
early,3
element,3
focus,3
among,3
directors,2
car,2
concerned,2
later,2
widening,2
group,2
english,2
disadvantaged,2
total,2
before,2
archaeologists,2
beginners,2
long,2
interests,2
colleges,2
sustainable,2
tradition,2
great,2
blind,2
feature,2
improving,2
miles,2
greatly,2
questionnaire,2
delivering,2
far,2
anticipated,2
basilica,2
minimum,2
engage,2
diversity,2
explained,2
pursue,2
run,2
since,2
visited,2
integral,2
application,2
type,2
exercise,2
back,2
find,2
look,2
appreciated,2
walls,2
media,2
talks,2
online,2
recognized,2
simplified,2
without,2
bring,2
aimed,2
main,2
across,2
developments,2
special,2
form,2
awareness,2
addressing,2
tactile,2
nor,2
established,2
linked,2
accessibility,2
beyond,2
providing,2
closely,2
came,2
antiquaries,2
found,2
ambitions,2
impaired,2
compromised,2
outset,2
technical,2
cannot,2
priorities,2
applied,2
wide,2
improve,2
sites,2
r,2
relief,2
data,2
scope,2
start,2
during,2
broad,2
participate,2
showing,2
change,2
running,2
hard,2
things,2
order,2
involved,2
choose,2
temporary,2
brought,2
decline,2
managed,2
visible,2
appeal,2
therefore,2
led,2
second,2
variety,2
various,2
visually,2
limited,2
return,2
april,2
year,2
consulted,2
alongside,2
technology,2
neither,2
participant,2
ancient,2
begins,2
catering,2
tour,2
again,2
others,2
spend,2
towards,2
fact,2
longer,2
conduct,2
areas,2
diverse,2
feedback,2
outside,2
took,2
hand,2
learn,2
model,2
michael,2
see,2
made,2
explanation,2
supervisory,2
emphasize,2
processes,2
requests,2
keep,2
good,2
features,2
worthwhile,2
administrative,2
latter,2
spent,2
introductory,2
wishing,2
joint,2
seasons,2
amanda,2
applications,2
visits,2
continued,2
informing,2
testing,2
institutions,2
monuments,2
success,2
contribution,2
remaining,2
recognize,2
try,2
methods,2
widest,2
acquired,2
environment,2
abandonment,2
then,2
any,2
associated,2
following,2
simply,2
physical,2
guaranteed,2
paper,2
did,2
down,2
tandem,2
half,2
clearly,2
attractions,2
supervisor,2
sought,2
better,2
combined,2
offering,2
making,2
maintain,2
seasonal,2
extent,2
studying,2
balance,2
generally,2
stewiart,2
popular,2
practical,2
happens,2
measure,2
target,2
writing,2
think,2
national,2
grown,2
evidence,2
off,2
area,2
requesting,2
diggers,2
broadening,2
pleased,2
entire,2
little,2
interaction,2
mature,2
building,2
built,2
close,2
major,2
go,1
donations,1
currently,1
mostly,1
inhibits,1
oriented,1
common,1
estimated,1
medieval,1
represent,1
career,1
everyone,1
extend,1
worthy,1
e,1
ultimate,1
prozoting,1
spurred,1
introduction,1
celebrate,1
speakers,1
becoming,1
fascinate,1
complex,1
integrity,1
systematically,1
confidence,1
enhance,1
identify,1
designed,1
stone,1
join,1
formed,1
likely,1
complement,1
rewards,1
done,1
shortfall,1
easily,1
studies,1
park,1
satisfied,1
supervised,1
tents,1
protection,1
enjoys,1
western,1
fixed,1
pose,1
tacking,1
communicating,1
remedy,1
interpretative,1
something,1
glossaries,1
source,1
facets,1
updated,1
par,1
said,1
discretion,1
programmes,1
provision,1
beneficial,1
barriers,1
reconstructions,1
li,1
certainly,1
selfreliant,1
jointly,1
hellenic,1
handle,1
originally,1
motivations,1
address,1
thrive,1
sunday,1
reassuringly,1
england,1
seems,1
parties,1
confirmed,1
friendly,1
handling,1
marquee,1
s,1
available,1
copy,1
excavating,1
secondary,1
assess,1
advantage,1
suggesting,1
tours,1
featuring,1
desire,1
rich,1
achievement,1
studied,1
inherent,1
archive,1
loud,1
survey,1
achieved,1
embrace,1
devised,1
improved,1
consist,1
written,1
raised,1
conserve,1
investigations,1
committed,1
sheet,1
pedagogies,1
digital,1
triggered,1
case,1
partners,1
issue,1
side,1
takes,1
rewriting,1
forum,1
depending,1
dissemination,1
forthcoming,1
ltd,1
eastern,1
primary,1
tal,1
timescales,1
vol,1
opened,1
condition,1
facilitating,1
renowned,1
amateurs,1
insight,1
obvious,1
undertakes,1
overlooking,1
beneath,1
letter,1
internationally,1
benefit,1
collection,1
evaluating,1
pursuing,1
notification,1
interestingly,1
monday,1
expertise,1
acres,1
conflict,1
central,1
thus,1
accommodate,1
phase,1
includes,1
accessible,1
throughout,1
fascinated,1
concretely,1
eventual,1
pilot,1
professor,1
illustrates,1
objective,1
against,1
audio,1
showers,1
september,1
afterthought,1
g,1
contributors,1
amphitheatre,1
price,1
participating,1
insisted,1
pay,1
repeat,1
expected,1
guided,1
turn,1
sustain,1
elements,1
maintaining,1
flourishing,1
speculative,1
mentors,1
interim,1
times,1
amount,1
subjects,1
deterrent,1
serving,1
difficulty,1
applying,1
single,1
compare,1
helpful,1
explore,1
archaeologist,1
consequently,1
aor,1
communication,1
walkways,1
details,1
strengthening,1
demonstrably,1
engrossed,1
professionally,1
generation,1
talent,1
curricular,1
incentive,1
aim,1
incentives,1
poor,1
reconstructed,1
invaded,1
york,1
favourably,1
his,1
links,1
principally,1
remain,1
housing,1
basic,1
investigation,1
square,1
ramblers,1
outputs,1
knew,1
active,1
transferable,1
granted,1
rescue,1
supplement,1
eight,1
similar,1
derived,1
ongoing,1
matched,1
white,1
rata,1
feel,1
outreach,1
impairments,1
reason,1
references,1
eighteen,1
understand,1
affect,1
ensure,1
operates,1
cause,1
consider,1
flexibility,1
organization,1
occupational,1
encourages,1
benefits,1
organized,1
teaches,1
elsewhere,1
allocation,1
completion,1
portaloos,1
longerterm,1
too,1
solid,1
four,1
unavoidable,1
show,1
initiative,1
acknowledges,1
origins,1
follow,1
requested,1
evaluation,1
cost,1
mix,1
subsidiary,1
restriction,1
projected,1
strategy,1
trained,1
hot,1
encircling,1
graduates,1
ranges,1
standards,1
whom,1
simplifying,1
location,1
arrival,1
societies,1
train,1
smell,1
explanatory,1
effort,1
changed,1
scotland,1
demands,1
relate,1
requirements,1
accompany,1
initial,1
experts,1
handbook,1
david,1
afternoon,1
informed,1
though,1
firstyear,1
third,1
buried,1
photography,1
skilled,1
keywords,1
posters,1
produced,1
tile,1
meet,1
younger,1
groundwork,1
wealth,1
however,1
nothing,1
sport,1
explain,1
taught,1
enjoyed,1
victorians,1
receive,1
outstanding,1
shape,1
none,1
having,1
network,1
basis,1
line,1
liable,1
romans,1
optimize,1
received,1
trainee,1
organize,1
responding,1
tool,1
emphasis,1
nearest,1
coach,1
london,1
doerr,1
atrebates,1
mornings,1
ten,1
got,1
whole,1
signage,1
gave,1
database,1
place,1
inspire,1
records,1
relevance,1
forefront,1
stimulate,1
ixi,1
date,1
doors,1
optional,1
halfway,1
anything,1
systematic,1
achieving,1
favourite,1
talented,1
manage,1
empowering,1
enthusiastic,1
approach,1
evening,1
widen,1
responses,1
computer,1
sense,1
level,1
regardless,1
responsibility,1
cold,1
inicliusion,1
fostered,1
involve,1
prevalence,1
archaeologiy,1
sixty,1
owned,1
heart,1
event,1
family,1
every,1
revealing,1
resourcing,1
observe,1
newcomers,1
invaluable,1
essentially,1
occasions,1
annual,1
necessity,1
leaflet,1
transparent,1
resistance,1
describes,1
paid,1
using,1
benchmarks,1
structured,1
appropriate,1
sophistication,1
digging,1
clutching,1
seemed,1
society,1
advertised,1
flourished,1
romanthemed,1
critical,1
he,1
illhster,1
units,1
situation,1
demand,1
annum,1
equality,1
scientific,1
britain,1
short,1
hide,1
overall,1
surprisingly,1
forward,1
nearly,1
prolmoting,1
july,1
still,1
reconstruction,1
experiences,1
initially,1
newton,1
eighty,1
strategic,1
selection,1
answering,1
biological,1
percentage,1
once,1
timeconsuming,1
communities,1
auspices,1
coverage,1
pp,1
marginal,1
sroutledge,1
message,1
evolved,1
restricted,1
supplementary,1
recruited,1
atrebatum,1
constant,1
included,1
home,1
conveying,1
infrastructure,1
rightly,1
choices,1
slot,1
experiment,1
already,1
reports,1
walkway,1
increasingly,1
regional,1
watching,1
sector,1
considers,1
useful,1
fellow,1
persuade,1
party,1
worst,1
starting,1
shaped,1
ogham,1
challenge,1
renewed,1
academy,1
approaching,1
towns,1
addition,1
intending,1
analytical,1
lack,1
idea,1
abilities,1
remit,1
proposal,1
match,1
abstract,1
break,1
classical,1
end,1
irtsula,1
doubt,1
considerable,1
man,1
audiences,1
external,1
forms,1
ages,1
conclusions,1
do,1
present,1
covered,1
road,1
continuing,1
establish,1
income,1
disabled,1
practice,1
perhaps,1
number,1
explicitly,1
degree,1
redesigned,1
remove,1
another,1
status,1
recognizing,1
understanding,1
spending,1
session,1
survive,1
examples,1
background,1
treated,1
easier,1
eighteenth,1
unquestionably,1
bear,1
formal,1
conceivable,1
sixth,1
campsite,1
contacts,1
samples,1
findings,1
entirely,1
interfaces,1
honours,1
francis,1
educating,1
webbased,1
questions,1
actual,1
pack,1
recovery,1
individuals,1
aids,1
stay,1
trust,1
trip,1
chosen,1
full,1
sees,1
previous,1
improvements,1
dummy,1
initiatives,1
involves,1
attraction,1
versions,1
trade,1
discovered,1
three,1
emphasizing,1
authors,1
welcomed,1
obtaining,1
accounted,1
safety,1
disappointed,1
august,1
issn,1
collaboration,1
period,1
appointment,1
mount,1
played,1
kept,1
formers,1
keen,1
enquiries,1
last,1
standard,1
expressing,1
promotion,1
decide,1
especially,1
problems,1
outcomes,1
satisfy,1
promote,1
stand,1
pro,1
excluded,1
abreast,1
probably,1
italy,1
equivalent,1
northern,1
amateur,1
pleasantly,1
relative,1
attend,1
tenuous,1
rehabilitated,1
fee,1
encompassing,1
attended,1
reluctant,1
gifted,1
buildings,1
separate,1
contributes,1
boards,1
suggest,1
crete,1
indication,1
assigned,1
relationship,1
diagrams,1
raise,1
note,1
humanities,1
digs,1
involving,1
science,1
popularity,1
figure,1
usually,1
stalls,1
ministry,1
reasonable,1
fewer,1
independence,1
unfunded,1
health,1
directions,1
detailed,1
effectively,1
visual,1
souvenirs,1
expert,1
distort,1
why,1
inspired,1
implementing,1
arts,1
extra,1
analysis,1
respect,1
supporting,1
measured,1
fields,1
wwwhlforguk,1
get,1
unusual,1
gathered,1
crowded,1
tribe,1
considered,1
matters,1
quantitative,1
assistant,1
heater,1
thinking,1
precedence,1
morning,1
changing,1
conjunction,1
founded,1
demonstrate,1
extensive,1
ever,1
economically,1
subsidized,1
intermittently,1
visualizations,1
insulae,1
appealing,1
offers,1
here,1
alternative,1
greenfield,1
cover,1
forty,1
excess,1
ran,1
intellectual,1
highquality,1
country,1
suggestions,1
expanding,1
connection,1
board,1
best,1
printed,1
expense,1
surprised,1
universal,1
domestic,1
returns,1
iii,1
vibrant,1
job,1
speculation,1
sustaining,1
rely,1
reflected,1
unscheduled,1
pit,1
enlarged,1
living,1
growing,1
outlook,1
unlikely,1
enjoyment,1
economy,1
proceedings,1
wholeheartedly,1
levelling,1
whether,1
adults,1
plants,1
supports,1
suspicions,1
hoped,1
map,1
diary,1
surveying,1
supplemented,1
waters,1
getting,1
foundations,1
allocate,1
vehicle,1
require,1
awarded,1
intake,1
suggests,1
ideal,1
art,1
size,1
trainers,1
conference,1
presented,1
preserved,1
transport,1
scented,1
thereby,1
city,1
preferable,1
despite,1
content,1
courses,1
press,1
role,1
outlining,1
lies,1
administration,1
conventional,1
appointed,1
families,1
allows,1
gain,1
aspect,1
coming,1
friday,1
belize,1
remarks,1
proceeds,1
longrunning,1
inclusiveness,1
commercial,1
argument,1
twentieth,1
toilets,1
conditions,1
opens,1
completed,1
isles,1
contributed,1
approximately,1
caa,1
land,1
socially,1
need,1
green,1
regular,1
sports,1
piece,1
forming,1
presenting,1
extremely,1
frisbee,1
association,1
needs,1
specific,1
charles,1
searching,1
attending,1
supervise,1
practicalities,1
sits,1
substantial,1
instance,1
charging,1
taylor,1
profiles,1
meeting,1
successive,1
showed,1
owns,1
looking,1
grants,1
