WORDCOUNTS,WEIGHT
the,245
of,161
to,107
and,107
art,105
in,83
a,57
rock,47
at,45
has,44
is,38
have,38
been,37
sites,37
visitors,33
as,31
management,31
visitor,30
are,28
that,27
site,26
aboriginal,26
australia,26
on,26
their,25
by,24
not,23
for,23
research,22
be,22
with,21
but,21
this,21
from,20
national,19
an,19
they,18
measures,18
or,17
our,17
was,16
can,16
it,15
areas,15
which,15
australian,15
we,14
more,13
tourist,12
damage,12
some,12
guides,12
even,12
park,11
during,11
such,11
one,10
these,10
inheritance,10
behaviour,10
other,10
pressure,10
much,10
than,10
only,9
plate,9
those,9
techniques,9
kakadu,9
tourists,8
now,8
no,8
groups,8
protection,8
being,8
protective,8
also,8
were,8
protected,8
people,8
neglected,7
shelters,7
heritage,7
had,7
very,7
where,7
against,7
uluru,7
problems,7
protect,7
little,7
if,6
jane,6
face,6
two,6
view,6
over,6
many,6
fay,6
her,6
work,6
most,6
flinders,6
centre,6
dust,6
increasing,5
may,5
south,5
who,5
applied,5
conservation,5
western,5
into,5
any,5
numbers,5
different,5
experience,5
tourism,5
tour,5
gale,5
authorities,5
less,5
evaluation,5
jacobs,5
while,5
number,5
introduced,5
both,5
large,5
successful,5
period,5
boardwalk,5
presence,5
ranger,5
do,5
recent,5
suit,5
parks,5
engraved,4
without,4
various,4
centres,4
located,4
rapidly,4
often,4
j,4
just,4
damaging,4
surface,4
specific,4
official,4
main,4
consideration,4
tours,4
wall,4
out,4
considerable,4
private,4
popular,4
effectiveness,4
far,4
its,4
virtually,4
carnarvon,4
canberra,4
promoted,4
until,4
group,4
constructed,4
effects,4
between,4
present,4
costly,4
major,4
walls,4
will,3
mechanisms,3
f,3
protecting,3
rather,3
remote,3
seen,3
guided,3
southern,3
kinds,3
study,3
pp,3
once,3
foolproof,3
mother,3
interpretive,3
photographs,3
obtrusive,3
under,3
cause,3
ranges,3
then,3
impact,3
result,3
rangers,3
observations,3
walkway,3
seasonal,3
grille,3
provide,3
always,3
trained,3
all,3
nature,3
allow,3
could,3
rich,3
government,3
new,3
procedure,3
attractions,3
deleterious,3
there,3
population,3
strategies,3
side,3
caged,3
public,3
because,3
studying,3
well,3
ayers,3
used,3
received,3
careful,3
part,3
through,3
largely,3
central,3
thus,3
way,3
overseas,3
integral,3
faces,3
cage,3
adopted,3
keep,3
scratch,3
so,3
barrier,3
attempted,3
after,3
quite,3
places,3
few,3
young,3
views,3
up,3
consequently,3
enormously,3
observed,3
value,3
actions,3
fifty,2
confined,2
what,2
done,2
along,2
today,2
initials,2
publishing,2
changing,2
frustration,2
his,2
managers,2
action,2
growth,2
aimed,2
imported,2
exacerbated,2
fences,2
aesthetically,2
attempt,2
introduction,2
buffaloes,2
flexible,2
conducted,2
direct,2
touched,2
ad,2
construction,2
white,2
designed,2
about,2
interpretation,2
each,2
when,2
added,2
ensure,2
particular,2
backs,2
plus,2
necessarily,2
queensland,2
constant,2
before,2
same,2
series,2
threat,2
already,2
must,2
four,2
show,2
ever,2
wire,2
followed,2
physical,2
barriers,2
successfully,2
concerned,2
technique,2
gorge,2
indicated,2
walk,2
concentrated,2
others,2
natural,2
body,2
control,2
motifs,2
towards,2
hoc,2
best,2
et,2
found,2
current,2
attempting,2
able,2
contemporary,2
visits,2
survey,2
past,2
destroyed,2
state,2
took,2
hand,2
sacred,2
informed,2
cultural,2
let,2
caves,2
signs,2
appears,2
unanticipated,2
varying,2
scale,2
thirty,2
resulted,2
badly,2
distance,2
lauded,2
amongst,2
degree,2
design,2
another,2
almost,2
too,2
made,2
range,2
alone,2
taking,2
surveys,2
point,2
develop,2
three,2
formula,2
photograph,2
special,2
assumption,2
evaluating,2
inherited,2
australians,2
take,2
evident,2
employed,2
displeasing,2
shown,2
attraction,2
years,2
development,2
open,2
publication,2
relatively,2
ability,2
although,2
land,2
like,2
would,2
kind,2
contrast,2
arkaroo,2
specifically,2
small,2
times,2
several,2
especially,2
facing,2
unless,2
response,2
assumed,2
industry,2
cave,2
become,2
left,2
tended,2
find,2
create,2
generally,2
mootwingee,2
should,2
evidence,2
influence,2
officially,2
close,2
negative,2
wildlife,2
motif,2
visit,2
heavily,1
dealing,1
seems,1
given,1
failed,1
go,1
behave,1
girl,1
order,1
interesting,1
led,1
dreamtime,1
currently,1
second,1
photographing,1
situation,1
refinement,1
essential,1
procedures,1
airports,1
inflexible,1
collected,1
photography,1
scientific,1
devastating,1
figure,1
crucial,1
relax,1
skilled,1
strategy,1
incorrect,1
holiday,1
absent,1
arising,1
stockmen,1
threatened,1
indeed,1
defy,1
tyranny,1
vandalised,1
service,1
stop,1
remain,1
bays,1
copies,1
concern,1
talks,1
limited,1
support,1
resistant,1
tried,1
fencing,1
appreciate,1
fewer,1
findings,1
fastest,1
arrive,1
determine,1
inhibit,1
comparable,1
poor,1
success,1
reason,1
get,1
ultimate,1
transfer,1
considerably,1
make,1
expanded,1
transferral,1
earlier,1
per,1
case,1
developers,1
movement,1
visitation,1
leave,1
pressured,1
covering,1
roads,1
parts,1
evaluative,1
needed,1
gallery,1
adapted,1
responsible,1
biggest,1
effective,1
illustrations,1
enormous,1
identify,1
tend,1
appropriateness,1
animals,1
rate,1
adjustment,1
respect,1
yet,1
federal,1
behind,1
h,1
sandstone,1
watching,1
dominating,1
downward,1
unquestioned,1
intense,1
suggested,1
mentality,1
discernible,1
country,1
acknowledgments,1
conscious,1
facilitated,1
old,1
better,1
array,1
install,1
ie,1
rosenfeld,1
decade,1
consider,1
reduced,1
graffiti,1
committee,1
established,1
physically,1
split,1
meant,1
seriously,1
curious,1
usual,1
otherwise,1
homogeneous,1
presumably,1
seeking,1
positively,1
elsewhere,1
fragile,1
culture,1
days,1
growing,1
breach,1
bp,1
promotes,1
trying,1
induced,1
every,1
occasions,1
conclusion,1
variety,1
textile,1
isolation,1
demotion,1
al,1
controlled,1
experiment,1
frequently,1
severe,1
prevent,1
university,1
archaeology,1
belonging,1
situations,1
according,1
department,1
touching,1
extensive,1
escalated,1
operate,1
constituted,1
lower,1
accumulation,1
resource,1
first,1
exposed,1
inadvertent,1
educative,1
pace,1
unprotected,1
assume,1
deface,1
programmes,1
abrasive,1
seating,1
regenerative,1
dr,1
longer,1
double,1
notions,1
wasps,1
cost,1
long,1
plates,1
lead,1
accelerated,1
requires,1
painted,1
decades,1
museums,1
operation,1
fenced,1
restriction,1
sections,1
viewed,1
care,1
lot,1
flow,1
attempts,1
projected,1
taken,1
mark,1
know,1
providing,1
defining,1
cut,1
season,1
appear,1
similarly,1
copy,1
actual,1
addition,1
financial,1
experimentation,1
adelaide,1
exacerbate,1
moving,1
europeans,1
closely,1
negatively,1
artists,1
damaged,1
rub,1
prehistoric,1
came,1
expanding,1
based,1
shows,1
acceptable,1
outside,1
downslope,1
immense,1
encourage,1
identifying,1
idea,1
extent,1
innovations,1
treatment,1
believe,1
gone,1
tradition,1
paramount,1
assess,1
blown,1
daily,1
copied,1
proportionately,1
yulara,1
erosion,1
half,1
conditions,1
intended,1
brochures,1
developed,1
p,1
unobtrusive,1
drifted,1
forces,1
effort,1
children,1
particularly,1
energetic,1
vulnerability,1
diverse,1
rapid,1
surfaces,1
hundred,1
immune,1
onto,1
end,1
build,1
cities,1
him,1
alarming,1
travelled,1
slippage,1
philosophy,1
essentially,1
cautioned,1
failures,1
removal,1
mined,1
minister,1
abortive,1
type,1
evaluate,1
edge,1
interrupting,1
intuitive,1
academic,1
mind,1
itinerants,1
considered,1
overcrowding,1
stand,1
abstract,1
component,1
geography,1
motel,1
traced,1
chain,1
though,1
quiet,1
virtual,1
wales,1
souveniring,1
enjoyment,1
something,1
appropriate,1
angle,1
within,1
seek,1
proceedings,1
carefully,1
indirect,1
accommodation,1
unique,1
reactions,1
them,1
whether,1
relevant,1
vulnerable,1
photographer,1
terms,1
attracts,1
flagrant,1
beaten,1
attrition,1
photographers,1
see,1
references,1
sound,1
acknowledged,1
maximum,1
nearby,1
occasional,1
watches,1
existence,1
attitudes,1
remoteness,1
encouraged,1
loathe,1
guidance,1
conferences,1
ceased,1
recorded,1
compelled,1
problem,1
travellers,1
struggling,1
approvingly,1
guidelines,1
swallows,1
sought,1
day,1
local,1
improve,1
require,1
failure,1
remained,1
studied,1
mesh,1
remove,1
installed,1
minded,1
slope,1
mythology,1
thousands,1
keeping,1
indirectly,1
carte,1
replacement,1
meetings,1
increases,1
felt,1
suggests,1
degrees,1
urgency,1
data,1
simple,1
condition,1
size,1
springing,1
wilderness,1
strain,1
front,1
push,1
properties,1
intent,1
examples,1
prior,1
researchers,1
tool,1
presented,1
instituted,1
caused,1
obvious,1
preserved,1
calculated,1
determined,1
sides,1
logical,1
blanche,1
reported,1
fared,1
supervision,1
monitoring,1
owners,1
example,1
previously,1
indestructible,1
cages,1
onslaught,1
knowledge,1
collecting,1
means,1
sydney,1
undoubtedly,1
revealed,1
crowding,1
fence,1
touring,1
inaccessible,1
boardwalks,1
entirely,1
forged,1
whole,1
measure,1
use,1
prevented,1
vast,1
photographed,1
sand,1
attract,1
poured,1
paid,1
caging,1
phenomenon,1
mention,1
canyon,1
isolated,1
whirring,1
curb,1
actually,1
human,1
evolution,1
variables,1
varied,1
million,1
hour,1
hurried,1
phase,1
merit,1
water,1
documented,1
susceptible,1
kicked,1
versatile,1
away,1
regions,1
ends,1
shelter,1
theyreached,1
students,1
roots,1
reverse,1
bush,1
peculiarities,1
north,1
difficulties,1
ignored,1
fragmentation,1
localised,1
average,1
palls,1
since,1
initiated,1
faced,1
due,1
kms,1
visited,1
adding,1
numerous,1
authors,1
josephine,1
incisions,1
foci,1
accept,1
subtle,1
becoming,1
good,1
held,1
shunned,1
offer,1
amounts,1
pleasing,1
painting,1
touches,1
application,1
length,1
need,1
contributor,1
stencilled,1
complex,1
active,1
assessment,1
smaller,1
suggest,1
high,1
tested,1
extensively,1
expected,1
whilst,1
interprets,1
counted,1
reach,1
proximity,1
keen,1
area,1
sharp,1
cases,1
settlement,1
adequately,1
decisions,1
elements,1
bigger,1
involved,1
increased,1
untouched,1
bay,1
displays,1
contemplate,1
decide,1
breached,1
workshops,1
members,1
erected,1
brushing,1
scenery,1
removed,1
alleviate,1
elaborate,1
ceiling,1
valuable,1
miserably,1
acts,1
difficulty,1
relation,1
peak,1
assessing,1
confidently,1
favoured,1
sectors,1
vary,1
widely,1
enlightened,1
d,1
warned,1
heavy,1
commission,1
early,1
visible,1
creation,1
import,1
element,1
archaeologist,1
severely,1
interaction,1
communication,1
walkways,1
northern,1
attracted,1
cf,1
reluctant,1
boom,1
uninterrupted,1
among,1
saw,1
spasmodic,1
amateur,1
structured,1
positioning,1
guard,1
irreparable,1
responsibility,1
caution,1
adult,1
quarter,1
provided,1
preliminary,1
attention,1
coal,1
rates,1
footwear,1
vandalism,1
rubbing,1
gillespie,1
academies,1
unwittingly,1
selected,1
