WORDCOUNTS,WEIGHT
the,166
of,117
and,85
in,69
a,45
to,38
is,27
on,27
at,26
be,24
archaeology,23
university,19
by,19
should,18
for,16
i,16
from,15
has,15
he,12
that,12
this,12
his,11
history,11
with,10
new,10
will,9
an,9
been,8
as,8
age,8
roman,8
research,8
book,7
its,7
period,7
study,7
britain,7
figures,7
it,6
l,6
series,6
plates,6
anthropology,6
which,6
professor,6
c,6
not,5
now,5
e,5
w,5
bronze,5
m,5
important,5
paper,5
man,5
other,5
further,5
contributors,5
one,5
london,5
may,4
maps,4
who,4
b,4
about,4
oxford,4
all,4
or,4
ancient,4
first,4
also,4
each,4
are,4
prehistoric,4
r,4
x,4
work,4
since,4
archaeological,4
author,4
proofs,4
general,4
excavations,4
south,3
second,3
neanderthal,3
edited,3
ba,3
site,3
return,3
life,3
minoan,3
was,3
their,3
but,3
most,3
only,3
t,3
dr,3
volume,3
neolithic,3
over,3
j,3
cm,3
studied,3
iron,3
state,3
date,3
lecturer,3
british,3
degree,3
eg,3
material,3
leslie,3
flint,3
account,3
bc,3
made,3
including,3
cadbury,3
world,3
harvard,3
were,3
models,3
such,3
years,3
authors,3
de,3
peter,3
d,3
settlement,3
painted,3
early,3
pottery,3
greek,3
f,2
where,2
purchasers,2
peate,2
no,2
george,2
anthony,2
main,2
plans,2
primarily,2
past,2
contribution,2
they,2
executive,2
volumes,2
provinces,2
solecki,2
ma,2
saxon,2
reference,2
methuen,2
studies,2
read,2
modern,2
pp,2
east,2
earliest,2
under,2
prehistory,2
supplied,2
school,2
excavation,2
into,2
included,2
warren,2
times,2
these,2
two,2
underwater,2
exceed,2
physical,2
ralph,2
text,2
shanidar,2
evidence,2
use,2
flowers,2
books,2
printer,2
had,2
asia,2
based,2
s,2
treatment,2
accompanied,2
iii,2
any,2
pots,2
last,2
chinese,2
cultural,2
ad,2
manuscripts,2
illustrated,2
number,2
free,2
institute,2
aspects,2
extended,2
art,2
cunliffe,2
received,2
presented,2
subject,2
intended,2
during,2
place,2
chapters,2
our,2
includes,2
full,2
athens,2
ice,2
editor,2
quality,2
arthurian,2
own,2
publication,2
g,2
translated,2
bibliography,2
oriental,2
good,2
published,2
noricum,2
medieval,2
field,2
length,2
offprints,2
mexico,2
after,2
standard,2
remains,2
wight,2
ages,2
barry,2
between,2
folk,2
aegean,2
distinguished,2
myrtos,2
up,2
greece,2
northern,2
corrected,2
than,2
contains,2
guide,2
la,2
major,2
faber,2
shrine,1
phases,1
final,1
european,1
seventh,1
crete,1
civilization,1
survived,1
fleming,1
suggestion,1
twelve,1
sols,1
film,1
interesting,1
led,1
colour,1
currently,1
ingland,1
interglacial,1
york,1
amazingly,1
ceremonial,1
german,1
diagrams,1
englert,1
note,1
diligent,1
without,1
various,1
commu,1
card,1
gentlercreature,1
later,1
patron,1
principally,1
economic,1
italy,1
doctoral,1
short,1
show,1
scholar,1
angeles,1
fields,1
ready,1
profusely,1
represent,1
does,1
iln,1
en,1
through,1
brief,1
jane,1
college,1
charts,1
province,1
represented,1
july,1
still,1
mountains,1
rchaeologist,1
titled,1
manuscript,1
earlier,1
legend,1
eer,1
sending,1
electrique,1
heidelberg,1
certain,1
contents,1
dips,1
obtainable,1
southern,1
covering,1
conducted,1
parts,1
thailand,1
bochum,1
antiquity,1
penguin,1
summarizing,1
mounted,1
contributions,1
archeologie,1
pages,1
whole,1
special,1
kinds,1
measure,1
methods,1
cave,1
white,1
reforms,1
discoveries,1
consequences,1
attracted,1
oldest,1
antiquities,1
library,1
cr,1
military,1
firmer,1
glossy,1
ing,1
specialist,1
marcomannic,1
ways,1
rewards,1
h,1
references,1
itself,1
face,1
drawings,1
nities,1
quarto,1
articles,1
experienced,1
struggle,1
environment,1
normandie,1
day,1
old,1
photographs,1
chronology,1
maiden,1
addressed,1
detail,1
undertaken,1
geometric,1
periods,1
committee,1
presents,1
wars,1
ambitious,1
teaches,1
tells,1
elb,1
ordered,1
section,1
complete,1
allocation,1
referencing,1
galley,1
guatemala,1
village,1
n,1
receiving,1
traces,1
ethnographic,1
result,1
listed,1
already,1
covers,1
must,1
supplementary,1
journeys,1
hudson,1
department,1
beginnings,1
extensive,1
toronto,1
typed,1
island,1
additional,1
occupied,1
potter,1
known,1
follow,1
stones,1
avoided,1
explaining,1
social,1
skeletons,1
australia,1
double,1
bloomsbury,1
showing,1
sources,1
queen,1
cost,1
submit,1
buffalo,1
problems,1
western,1
lucid,1
name,1
andscape,1
pt,1
archae,1
engagingly,1
interests,1
scientific,1
colorado,1
forty,1
hospitality,1
concentrated,1
might,1
attempt,1
view,1
gazetteer,1
water,1
towns,1
divale,1
conquest,1
many,1
england,1
hale,1
uses,1
words,1
towards,1
lead,1
whom,1
deal,1
mesure,1
interested,1
exploration,1
available,1
copy,1
tradition,1
twenty,1
areas,1
buddhist,1
britons,1
cloth,1
brick,1
printed,1
theme,1
obstinately,1
abstract,1
current,1
p,1
domestic,1
visiting,1
iology,1
relating,1
teachers,1
rich,1
foundation,1
narrative,1
lived,1
particularly,1
trustworthy,1
found,1
scotland,1
speculation,1
john,1
till,1
events,1
plan,1
end,1
room,1
pioneer,1
contemporary,1
associated,1
take,1
styles,1
pennsylvania,1
illustration,1
director,1
there,1
serious,1
im,1
sebastian,1
edition,1
type,1
advances,1
academic,1
watson,1
latest,1
ruhr,1
shepherd,1
marine,1
v,1
equally,1
present,1
robert,1
centre,1
scholarly,1
wales,1
discipline,1
reading,1
considers,1
explanations,1
classical,1
square,1
welsh,1
road,1
within,1
carefully,1
empire,1
unique,1
burial,1
annales,1
resistivite,1
population,1
selected,1
form,1
list,1
cannot,1
webster,1
case,1
purchased,1
particular,1
lane,1
textbook,1
zagros,1
spiritual,1
verification,1
native,1
bass,1
recording,1
required,1
portugal,1
roy,1
taught,1
find,1
distribution,1
routledge,1
style,1
task,1
arghaeology,1
near,1
thames,1
incorporate,1
birley,1
hall,1
alcock,1
bibliographic,1
failure,1
remained,1
sites,1
tour,1
harpending,1
increasin,1
another,1
ssays,1
original,1
almost,1
seafaring,1
basis,1
opy,1
line,1
urban,1
approx,1
rrr,1
miss,1
size,1
clarke,1
fourteen,1
des,1
shared,1
popular,1
properties,1
practical,1
cambridge,1
boston,1
belfast,1
discovery,1
los,1
geza,1
possible,1
student,1
insights,1
practice,1
baker,1
reader,1
determined,1
west,1
four,1
edwards,1
given,1
part,1
city,1
sent,1
cited,1
knowledge,1
pion,1
mackendrick,1
press,1
manifestations,1
copies,1
yellen,1
wci,1
considerably,1
african,1
himself,1
tenets,1
reconstruct,1
reminded,1
empirical,1
commissioned,1
reality,1
literae,1
sheets,1
bronzes,1
year,1
used,1
alien,1
warfare,1
tracing,1
linguistics,1
humaniores,1
appointed,1
memories,1
bradley,1
univers,1
wherever,1
people,1
net,1
numbered,1
johi,1
camelot,1
rare,1
thereafter,1
varied,1
announcing,1
iraq,1
andrew,1
retaining,1
historical,1
documented,1
accessible,1
throughout,1
tomas,1
wcih,1
personal,1
timber,1
review,1
coles,1
ends,1
california,1
believes,1
brompton,1
folklore,1
southampton,1
until,1
fieldwork,1
project,1
spacing,1
argument,1
north,1
dynamics,1
status,1
lettering,1
frontiers,1
discovered,1
advent,1
sheffleld,1
ucla,1
millennium,1
humanity,1
illinois,1
have,1
students,1
steam,1
comprehensive,1
scholarship,1
write,1
interest,1
iorwerth,1
value,1
expeditions,1
alphabetically,1
excavated,1
applicable,1
individual,1
approximately,1
david,1
editorship,1
defensive,1
tudor,1
normally,1
allowed,1
walter,1
building,1
need,1
belongs,1
handbooks,1
so,1
fellow,1
defines,1
function,1
convention,1
stage,1
features,1
involve,1
nine,1
france,1
effects,1
easter,1
century,1
ai,1
programme,1
progressive,1
improved,1
fancy,1
orientalizing,1
iddle,1
claudius,1
long,1
spent,1
wrecks,1
castle,1
displays,1
several,1
belief,1
endowed,1
es,1
supported,1
catalogue,1
include,1
written,1
subjects,1
smithsonian,1
although,1
informative,1
searchers,1
transfer,1
completing,1
brought,1
extraordinary,1
served,1
relation,1
left,1
third,1
twice,1
cook,1
vicinity,1
thin,1
ib,1
th,1
alfoldy,1
fowler,1
enjoyed,1
structure,1
fully,1
kendrick,1
visible,1
substantial,1
drawn,1
st,1
even,1
phillips,1
story,1
carniola,1
hayden,1
reasoned,1
results,1
much,1
using,1
correspondence,1
strong,1
among,1
seek,1
bookshops,1
taylor,1
atlantis,1
notes,1
joint,1
steppes,1
remarkable,1
broader,1
paul,1
finds,1
gordon,1
thasos,1
westsouthern,1
sparks,1
examines,1
richly,1
fr,1
