WORDCOUNTS,WEIGHT
of,138
the,101
and,93
archaeology,67
in,58
to,41
world,30
university,28
uk,28
is,25
for,24
or,22
be,22
by,20
a,19
papers,18
are,17
archaeological,12
as,12
what,11
research,11
that,10
debates,10
taylor,10
with,9
no,9
dr,9
professor,9
usa,9
on,9
equality,8
social,8
all,8
any,8
institute,8
issue,8
this,8
publication,8
at,7
submission,7
heritage,7
within,7
sites,7
vol,7
francis,7
early,7
may,6
might,6
they,6
published,6
routledge,6
new,6
use,6
issues,6
peter,6
an,6
copyright,6
how,5
landscape,5
approaches,5
ed,5
from,5
these,5
address,5
december,5
other,5
societies,5
could,5
political,5
cultural,5
record,5
editor,5
have,5
september,5
national,5
ny,5
mitchell,5
not,4
online,4
college,4
contributions,4
oxford,4
ancient,4
park,4
experimental,4
please,4
past,4
v,4
reading,4
visibility,4
material,4
will,4
some,4
art,4
both,4
such,4
individual,4
between,4
would,4
should,4
rights,3
it,3
rate,3
perspectives,3
humanities,3
important,3
if,3
b,3
group,3
studies,3
k,3
about,3
technology,3
consider,3
school,3
topical,3
but,3
department,3
management,3
addressed,3
volume,3
questions,3
business,3
mark,3
s,3
groups,3
particularly,3
techniques,3
contents,3
number,3
local,3
r,3
previously,3
northern,3
our,3
theoretical,3
alan,3
g,3
interest,3
back,3
outram,3
can,3
we,3
than,3
north,3
quarterly,3
walsh,3
van,2
aim,2
now,2
high,2
relationship,2
authorization,2
exeter,2
contact,2
independent,2
gabriel,2
statements,2
service,2
iowa,2
environmental,2
roberta,2
andean,2
alone,2
environments,2
informa,2
whole,2
requests,2
suggestions,2
their,2
one,2
population,2
positive,2
analysis,2
colonization,2
robin,2
ma,2
cooney,2
edited,2
miscellany,2
altitude,2
canada,2
changes,2
arts,2
meant,2
considered,2
us,2
anthropological,2
marshall,2
chris,2
elisabeth,2
orders,2
air,2
changing,2
kevin,2
subscription,2
most,2
leicester,2
two,2
increasingly,2
only,2
bacus,2
monuments,2
members,2
posed,2
french,2
der,2
geography,2
plateau,2
refereed,2
history,2
challenges,2
j,2
experiments,2
different,2
whom,2
board,2
highland,2
gosden,2
p,2
international,2
religion,2
ako,2
reproduction,2
individually,2
question,2
topics,2
historical,2
aspects,2
burial,2
milton,2
michael,2
british,2
theory,2
method,2
agriculture,2
welcomed,2
discuss,2
march,2
osborne,2
design,2
phenomenological,2
responses,2
through,2
private,2
urban,2
periodicals,2
who,2
bibliography,2
beaumont,2
richard,2
lake,2
london,2
yvonne,2
looking,2
along,2
comment,2
assumptions,2
year,2
food,2
warfare,2
discussion,2
dublin,2
people,2
submitted,2
writing,2
institutional,2
human,2
water,2
advertising,2
which,2
field,2
personal,2
regional,2
southampton,2
veen,2
gilchrist,2
alps,2
marijke,2
regions,2
ireland,2
integrated,2
land,2
relatively,2
mountain,2
submissions,2
kind,2
priority,2
area,2
enquiries,2
each,2
items,2
topic,2
oxon,2
shott,2
st,2
even,2
also,2
airfreight,2
journal,2
recent,2
traditions,2
value,2
fee,2
hierarchy,2
architecture,1
variation,1
smaller,1
biography,1
caves,1
does,1
modelling,1
unstable,1
makes,1
related,1
abstracting,1
islamic,1
racism,1
role,1
customer,1
page,1
africa,1
absence,1
russian,1
mines,1
glover,1
always,1
rather,1
concerned,1
scientific,1
gao,1
purely,1
slavery,1
been,1
pilgrimage,1
cedar,1
licensing,1
main,1
ntinou,1
politis,1
ecodisasters,1
glasgow,1
highlands,1
tropics,1
f,1
scholar,1
designated,1
remain,1
essex,1
concern,1
chestnut,1
joan,1
square,1
extend,1
ryan,1
islands,1
widespread,1
coastal,1
process,1
subsistence,1
remote,1
referred,1
means,1
object,1
variety,1
conceptions,1
being,1
strongly,1
above,1
classical,1
imperialism,1
introduction,1
arid,1
federation,1
currency,1
janusek,1
appears,1
eight,1
landscapes,1
church,1
artefact,1
study,1
certain,1
center,1
empires,1
executive,1
southern,1
settings,1
american,1
christian,1
parts,1
thailand,1
volumes,1
innovation,1
why,1
often,1
seascapes,1
southeast,1
pp,1
britain,1
identify,1
tend,1
sidgwick,1
whiteknights,1
burials,1
hope,1
calculate,1
depends,1
itself,1
panagiotis,1
due,1
photogramme,1
addressing,1
prince,1
interpretation,1
peaks,1
permission,1
pitulko,1
send,1
typeset,1
perceptions,1
older,1
involved,1
monumental,1
january,1
viewsheds,1
under,1
bain,1
chronology,1
official,1
stephen,1
objects,1
organization,1
sorts,1
western,1
index,1
suzi,1
character,1
ian,1
specialization,1
processing,1
tax,1
title,1
analytical,1
infectious,1
oates,1
ceramics,1
welcomes,1
elsewhere,1
just,1
edition,1
forum,1
suite,1
olsen,1
numbers,1
impact,1
ro,1
po,1
particular,1
check,1
du,1
reasonably,1
without,1
industrial,1
age,1
contribution,1
ethnoarchaeology,1
demonstrate,1
simply,1
principal,1
linguistics,1
replaces,1
detect,1
williams,1
tiwanaku,1
commemoration,1
rise,1
n,1
known,1
t,1
precise,1
actualistic,1
community,1
quantitative,1
lack,1
street,1
huamn,1
june,1
more,1
exploitation,1
ml,1
sciences,1
hinduism,1
production,1
alternative,1
arguable,1
established,1
exclusive,1
jeffrey,1
structures,1
ii,1
m,1
taken,1
aldenderfer,1
debating,1
know,1
postage,1
norway,1
musical,1
academy,1
natural,1
over,1
continental,1
identified,1
rue,1
kent,1
into,1
rock,1
shipwrecks,1
many,1
drivers,1
greater,1
anthropology,1
royal,1
indicative,1
asia,1
words,1
definition,1
india,1
prehistoric,1
silpakorn,1
global,1
sizes,1
nikos,1
innovations,1
arrange,1
authorities,1
mcgill,1
avenue,1
paraskevi,1
riverine,1
best,1
accommodate,1
buddhist,1
laboratory,1
foods,1
public,1
gc,1
pastoralism,1
printed,1
great,1
agree,1
universal,1
current,1
inappropriate,1
peopling,1
hoards,1
relating,1
moments,1
arctic,1
time,1
pindus,1
newman,1
clear,1
knowledgeworks,1
largely,1
transferred,1
diverse,1
john,1
sharpen,1
far,1
court,1
subalpine,1
state,1
segard,1
benefit,1
quarries,1
bound,1
luxury,1
disesae,1
i,1
freissinieres,1
man,1
lifecycles,1
there,1
featured,1
called,1
serious,1
shennan,1
culture,1
living,1
expressions,1
term,1
laver,1
watercraft,1
urbanization,1
organisations,1
shoocongdej,1
sighting,1
biogeography,1
sacred,1
do,1
researching,1
reserved,1
occupation,1
geoffrey,1
chain,1
available,1
investigations,1
ecrins,1
mail,1
let,1
where,1
signs,1
road,1
taphonomy,1
stock,1
reproduce,1
investigation,1
unesco,1
them,1
earthquake,1
relevant,1
storage,1
see,1
system,1
uniformitarian,1
case,1
wari,1
lane,1
hoarding,1
thirty,1
japan,1
attitudes,1
validate,1
reconstruction,1
map,1
geo,1
universidad,1
your,1
pleistocene,1
ceramic,1
find,1
employ,1
has,1
ethnography,1
style,1
fascination,1
threats,1
reconciled,1
patrick,1
sedentism,1
pwiti,1
humid,1
wayne,1
free,1
karkanas,1
iv,1
kirch,1
america,1
demography,1
advisory,1
technical,1
ecology,1
studying,1
addresses,1
transhumance,1
trade,1
directly,1
information,1
having,1
flannery,1
sytems,1
welcome,1
prior,1
basis,1
emphasis,1
dedication,1
politics,1
understanding,1
technologies,1
journals,1
illustrate,1
photocopy,1
metapress,1
remittances,1
work,1
soils,1
subscriptions,1
drive,1
planning,1
properties,1
overviews,1
yellowstone,1
element,1
contexts,1
brantingham,1
abstracts,1
acuk,1
upon,1
level,1
range,1
chronologies,1
directions,1
future,1
tottenham,1
transport,1
discrimination,1
summerhayes,1
invited,1
nomads,1
perceived,1
bell,1
part,1
purpose,1
classics,1
nara,1
resources,1
retains,1
communication,1
paolo,1
agendas,1
bowls,1
apply,1
republic,1
nutrition,1
ken,1
irish,1
worship,1
data,1
comments,1
subject,1
plans,1
soapstone,1
gilchri,1
com,1
referees,1
q,1
citation,1
island,1
database,1
results,1
palaeoecological,1
titles,1
arguments,1
editorial,1
multivocality,1
trigger,1
aesthetics,1
herders,1
maria,1
write,1
bradley,1
congress,1
ideas,1
survey,1
historic,1
egalitarianism,1
archaeologists,1
divide,1
faculty,1
processes,1
lahiri,1
intimate,1
eligible,1
andrew,1
individuals,1
call,1
colchester,1
beaulieu,1
were,1
garden,1
deployed,1
douglas,1
chemical,1
nayanjot,1
determinism,1
employed,1
language,1
theories,1
nash,1
dating,1
queer,1
symbolic,1
involves,1
theme,1
locations,1
interpreted,1
development,1
interested,1
generate,1
cambridge,1
tfenquiries,1
meanings,1
three,1
health,1
zimbabwe,1
macedonia,1
reality,1
argentina,1
count,1
clearance,1
approach,1
donna,1
materials,1
de,1
charge,1
iconic,1
agent,1
earth,1
sustain,1
bodily,1
change,1
shoshone,1
permit,1
journalsonlinetandfcouk,1
issn,1
held,1
viewing,1
relations,1
david,1
architectural,1
xing,1
price,1
adams,1
indexing,1
so,1
manufacture,1
regarded,1
convention,1
buildings,1
employing,1
ability,1
pay,1
sample,1
possible,1
windy,1
integration,1
indicators,1
regular,1
contributors,1
guideline,1
effects,1
box,1
defined,1
contrast,1
discounted,1
palaeolithic,1
excavation,1
prescriptive,1
weaponry,1
five,1
tibetan,1
thomas,1
developments,1
bamforth,1
reuse,1
attention,1
archaeologies,1
ridge,1
its,1
concerning,1
specific,1
written,1
wider,1
potential,1
systems,1
inspired,1
sheepen,1
mining,1
response,1
colonialism,1
evolutionary,1
methods,1
alpine,1
gis,1
stones,1
glenn,1
craft,1
authentic,1
massachusetts,1
biomolecular,1
russia,1
lei,1
unchanged,1
exactly,1
third,1
differing,1
methodological,1
fourth,1
pedagogies,1
debate,1
james,1
criminology,1
hunters,1
climatic,1
texts,1
conserving,1
including,1
little,1
dependent,1
lay,1
instruments,1
develop,1
focus,1
pa,1
paid,1
rosewood,1
hosted,1
correspondence,1
technological,1
inquiries,1
engagement,1
stone,1
appropriate,1
evidence,1
building,1
invites,1
quartzite,1
sole,1
plateaux,1
grevena,1
humanistic,1
rates,1
gordon,1
geographical,1
grants,1
epidemic,1
matsui,1
ucd,1
archaeometallurgy,1
