WORDCOUNTS,WEIGHT
the,315
of,169
and,164
a,82
in,79
to,78
that,66
is,52
from,42
homo,41
as,38
sterkfontein,38
at,36
with,32
was,30
r,29
it,26
this,26
be,25
australopithecus,24
breccia,22
j,22
habilis,22
for,21
which,20
by,19
are,19
paranthropus,18
been,17
were,17
early,17
he,16
site,16
not,16
have,16
species,16
hominid,15
acheulean,15
i,15
artifacts,15
stone,14
has,14
found,14
talus,14
sts,14
would,14
an,14
there,13
on,13
more,12
my,12
new,12
fossils,12
handaxes,12
excavation,12
south,11
they,11
one,11
had,11
member,11
also,11
stw,11
hominids,10
teeth,10
cavern,10
africanus,10
west,10
between,10
fossil,9
large,9
t,9
or,9
ancestor,9
could,9
p,9
c,9
roof,9
v,9
african,9
remains,9
quarry,8
hughes,8
earliest,8
university,8
specimens,8
d,8
tools,8
nature,8
cone,8
such,8
africa,7
habiline,7
two,7
clarke,7
erectus,7
years,7
excavations,7
tobias,7
so,7
small,7
industry,7
those,7
portion,6
canines,6
later,6
plots,6
pp,6
same,6
but,6
recovered,6
only,6
olduvai,6
incisors,6
wall,6
east,6
bones,6
some,6
supraorbital,6
through,6
different,6
probably,6
no,5
if,5
m,5
k,5
yet,5
then,5
too,5
most,5
press,5
toward,5
other,5
whilst,5
behind,5
another,5
dentition,5
size,5
these,5
part,5
very,5
its,5
robinson,5
transvaal,5
archaeological,5
although,5
specialised,5
area,5
few,5
anterior,5
plate,5
recent,5
therefore,4
trending,4
his,4
vertical,4
cranium,4
southern,4
direct,4
oldowan,4
calcified,4
position,4
ancient,4
into,4
represented,4
discovered,4
known,4
surface,4
over,4
many,4
fact,4
type,4
big,4
skull,4
adjacent,4
present,4
deep,4
alan,4
vol,4
demonstrated,4
artefacts,4
e,4
entrance,4
point,4
swartkrans,4
thus,4
pit,4
excavated,4
like,4
brain,4
programme,4
probable,4
cambridge,4
mason,4
including,4
even,4
northern,4
than,4
margins,3
science,3
washed,3
developed,3
might,3
bulletin,3
who,3
after,3
their,3
cave,3
analysis,3
witwatersrand,3
types,3
just,3
dropped,3
slot,3
source,3
upper,3
solid,3
age,3
noted,3
first,3
extension,3
dr,3
cheek,3
long,3
alternative,3
ii,3
whereas,3
nasal,3
continue,3
blocks,3
occurrence,3
alun,3
together,3
genus,3
out,3
research,3
number,3
fragments,3
because,3
form,3
mandible,3
cleavers,3
middle,3
both,3
prominent,3
apparent,3
along,3
cranial,3
variation,3
million,3
individuals,3
et,3
prey,3
throughout,3
away,3
reflect,3
artifact,3
difference,3
significance,3
three,3
g,3
explanation,3
change,3
solution,3
smaller,3
features,3
earlier,3
concave,3
association,3
several,3
margin,3
soil,3
evolutionary,3
left,3
thin,3
white,3
saw,3
about,3
should,3
close,3
what,3
dip,2
will,2
f,2
possessed,2
situation,2
glabella,2
belonged,2
overburden,2
separation,2
depth,2
morphology,2
represent,2
levels,2
archaeology,2
associated,2
deposit,2
still,2
pedigree,2
australopithecines,2
b,2
complex,2
containing,2
journal,2
broom,2
labelled,2
proposition,2
apelike,2
h,2
support,2
all,2
anthropoid,2
cats,2
thick,2
marks,2
considered,2
skeleton,2
unlike,2
taung,2
dated,2
following,2
conclusion,2
handaxe,2
al,2
carnivores,2
w,2
already,2
show,2
cast,2
slope,2
named,2
fire,2
s,2
gorge,2
theory,2
focussing,2
suggested,2
being,2
view,2
l,2
kenya,2
history,2
lime,2
mld,2
wide,2
alveolar,2
future,2
six,2
here,2
great,2
current,2
taxonomy,2
accumulated,2
paranthropine,2
follows,2
able,2
thanks,2
perfectly,2
fallen,2
contemporary,2
examining,2
man,2
enlarged,2
ancestry,2
forms,2
decalcified,2
stand,2
believed,2
remarkable,2
prognathism,2
less,2
case,2
side,2
material,2
reconstruction,2
carnivore,2
time,2
belief,2
assemblage,2
near,2
argued,2
sexual,2
right,2
degree,2
well,2
original,2
pockets,2
situated,2
discovery,2
trees,2
unless,2
lake,2
proportions,2
above,2
diastema,2
older,2
wt,2
turkana,2
express,2
procumbent,2
formation,2
shown,2
de,2
rak,2
background,2
systematics,2
since,2
against,2
discussed,2
either,2
transvaalensis,2
author,2
character,2
good,2
individual,2
kimbel,2
consolidated,2
hard,2
below,2
opinions,2
skulls,2
coupled,2
kind,2
proximity,2
night,2
around,2
am,2
highest,2
study,2
feet,2
presence,2
fourth,2
lithostratigraphy,2
ancestral,2
du,2
up,2
dental,2
partridge,2
we,2
palate,2
morphotype,2
evidence,2
showed,2
termed,2
seemed,2
bedding,2
hypothesis,2
may,1
chronological,1
carried,1
fromn,1
unconsolidated,1
go,1
does,1
seasons,1
indication,1
front,1
now,1
breaking,1
grid,1
shovel,1
morphotypes,1
led,1
assigned,1
dipping,1
likely,1
unlikely,1
role,1
untenable,1
surpassed,1
adequate,1
me,1
whose,1
today,1
plotted,1
observations,1
without,1
she,1
poorly,1
conflicting,1
ecological,1
identified,1
indicative,1
northeasterly,1
overlapped,1
naturally,1
trended,1
skeletal,1
providing,1
suture,1
molars,1
museum,1
begin,1
maxilla,1
crowding,1
reconsidered,1
randomly,1
specimen,1
quarrying,1
lines,1
account,1
methodical,1
robert,1
determine,1
dolomite,1
independence,1
contrast,1
upward,1
alone,1
seen,1
pile,1
boise,1
approaching,1
detailed,1
totally,1
team,1
necessary,1
make,1
manuscript,1
distributed,1
mnk,1
comments,1
delson,1
face,1
argument,1
similar,1
recognize,1
entrances,1
aldine,1
generous,1
conducted,1
ive,1
never,1
direction,1
why,1
asenprto,1
structural,1
mortelmans,1
exclude,1
okngnrhata,1
relationship,1
percentage,1
decalcification,1
makapansgat,1
curving,1
iebe,1
typologically,1
second,1
premolars,1
nenquin,1
sloped,1
stratified,1
composed,1
constitutes,1
true,1
interpretation,1
dump,1
permission,1
modern,1
walker,1
examined,1
prof,1
tooth,1
easily,1
studies,1
conclusively,1
equalled,1
knm,1
alongside,1
retrieve,1
evolved,1
prehistory,1
females,1
anthropology,1
protection,1
western,1
erroneously,1
northwest,1
proof,1
stratigraphic,1
deposited,1
planes,1
initiated,1
any,1
proved,1
under,1
complete,1
director,1
vrba,1
our,1
males,1
n,1
senior,1
sagittal,1
stressed,1
traces,1
mary,1
dumping,1
plesianthropus,1
sequential,1
robust,1
primates,1
updated,1
nasion,1
disputed,1
must,1
four,1
confirmed,1
simply,1
extensive,1
pocket,1
ever,1
prehistoire,1
lower,1
savannah,1
came,1
consistent,1
continues,1
hadar,1
infill,1
acheuleanthe,1
indicate,1
wondering,1
published,1
indications,1
actes,1
problems,1
temporal,1
volume,1
lightly,1
hence,1
prolific,1
rather,1
members,1
slightly,1
offers,1
unreliable,1
flakes,1
pleistocene,1
ealiie,1
repository,1
taken,1
fell,1
opinion,1
know,1
again,1
defining,1
others,1
necessarily,1
fragmentary,1
natural,1
opted,1
officer,1
varies,1
chewing,1
fstrfnen,1
flat,1
each,1
growth,1
towards,1
financial,1
ranges,1
diachronic,1
seems,1
yielding,1
analytical,1
expressed,1
wooden,1
northward,1
zeitschrift,1
sekow,1
longer,1
stiles,1
seem,1
believe,1
distance,1
bearing,1
did,1
best,1
home,1
broken,1
striking,1
entered,1
entering,1
half,1
agree,1
scavengers,1
classed,1
typical,1
abstract,1
differences,1
attack,1
eventually,1
producing,1
seven,1
reasoning,1
lived,1
larger,1
ar,1
clearly,1
sedimentology,1
far,1
relate,1
beds,1
remain,1
constant,1
slots,1
assistance,1
clearing,1
help,1
closest,1
cores,1
pure,1
reasons,1
term,1
maker,1
vegetation,1
main,1
loose,1
academic,1
conclusions,1
accurately,1
fits,1
further,1
do,1
consists,1
furthermore,1
opposite,1
according,1
unwanted,1
wit,1
virtual,1
morphologie,1
caves,1
signs,1
unit,1
exposing,1
within,1
wilts,1
squares,1
cleaver,1
accepted,1
context,1
disproportion,1
them,1
vulnerable,1
surprises,1
sticks,1
heavily,1
foot,1
cannot,1
corroborating,1
promise,1
efhr,1
nowhere,1
excellent,1
can,1
visible,1
anthropologie,1
th,1
geologic,1
classifying,1
iii,1
axis,1
distribution,1
routledge,1
skelton,1
blasting,1
breccias,1
weathered,1
oh,1
primary,1
possibility,1
acknowledgements,1
require,1
sites,1
pitted,1
plane,1
yield,1
directly,1
porcupines,1
almost,1
simon,1
quantities,1
lends,1
designation,1
suggests,1
basis,1
hunters,1
possible,1
marked,1
leakey,1
understanding,1
thetn,1
stallpits,1
condition,1
successfully,1
flattened,1
prior,1
functions,1
congres,1
plaque,1
tool,1
leopard,1
preserved,1
sekowe,1
clear,1
onto,1
concept,1
region,1
premolar,1
protected,1
combination,1
fossilized,1
excavators,1
drew,1
complexes,1
sio,1
despite,1
enormous,1
oerrgtalnhge,1
fur,1
content,1
mistakenly,1
datum,1
reduction,1
develop,1
became,1
anticipated,1
variability,1
undoubtedly,1
opportunity,1
positions,1
attributed,1
midline,1
common,1
uncovered,1
description,1
helpful,1
beneath,1
significant,1
eroded,1
struck,1
year,1
use,1
fragment,1
gave,1
phylogenetic,1
during,1
sheltered,1
indebted,1
showing,1
numerous,1
causes,1
demonstrates,1
world,1
sequence,1
palaeoanthropology,1
accumulation,1
dimorphism,1
evolution,1
trend,1
quite,1
technologically,1
watt,1
hunted,1
overhanging,1
mile,1
field,1
reinforcing,1
pick,1
systematic,1
frontomaxillary,1
y,1
reverse,1
reconstructing,1
low,1
received,1
baboons,1
indeed,1
encouragement,1
professor,1
plausible,1
sample,1
rainy,1
northwesterly,1
approach,1
permit,1
human,1
defence,1
xaaio,1
publication,1
morphological,1
kleindienst,1
stratification,1
taxonomic,1
olson,1
kathy,1
dangerous,1
workers,1
counter,1
course,1
least,1
africana,1
times,1
undisturbed,1
guarantee,1
upon,1
plaq,1
grouped,1
range,1
period,1
specialists,1
fill,1
function,1
typing,1
him,1
assessment,1
reconstructed,1
curve,1
division,1
extensively,1
expected,1
next,1
antiquity,1
drilling,1
clues,1
order,1
apes,1
filled,1
discounted,1
estimates,1
diagnostic,1
alu,1
hotno,1
old,1
highpoint,1
clark,1
palaeontologia,1
ranged,1
steere,1
kromdraai,1
feasible,1
displays,1
respective,1
sufficient,1
supported,1
enough,1
took,1
erected,1
components,1
parallel,1
squame,1
panafricain,1
root,1
prognathic,1
single,1
napier,1
lineage,1
interpretations,1
compared,1
began,1
weapons,1
continuous,1
vary,1
chicago,1
differing,1
deposits,1
criterion,1
yielded,1
estimate,1
find,1
died,1
partial,1
damp,1
stratigraphy,1
improbable,1
when,1
deposition,1
consequent,1
valley,1
laterally,1
phyletic,1
convinced,1
southwest,1
look,1
wife,1
results,1
critique,1
much,1
und,1
retention,1
tuff,1
spears,1
north,1
observed,1
slept,1
classified,1
palaeoenvironmental,1
discoveries,1
adult,1
ago,1
grateful,1
pronounced,1
doing,1
frontal,1
built,1
attention,1
moved,1
manner,1
unfortunate,1
major,1
clarification,1
deeper,1
anatomy,1
separate,1
australopithecine,1
references,1
