WORDCOUNTS,WEIGHT
of,131
the,95
and,86
archaeology,64
in,62
to,38
world,30
university,28
uk,28
a,24
be,22
is,21
for,20
or,19
by,19
are,15
papers,14
as,11
t,10
on,10
research,10
taylor,10
dr,9
what,9
professor,9
debates,9
usa,9
equality,8
with,8
no,8
social,8
all,8
any,8
institute,8
issue,8
archaeological,8
early,8
that,7
heritage,7
societies,7
sedentism,7
new,7
francis,7
publication,7
at,6
they,6
marshall,6
within,6
routledge,6
sites,6
vol,6
yvonne,6
issues,6
this,6
copyright,6
might,5
submission,5
approaches,5
ed,5
from,5
these,5
published,5
other,5
could,5
political,5
cultural,5
record,5
editor,5
ny,5
an,5
may,4
online,4
will,4
college,4
contributions,4
oxford,4
ancient,4
jomon,4
please,4
address,4
december,4
how,4
past,4
visibility,4
material,4
u,4
art,4
both,4
northern,4
use,4
september,4
have,4
national,4
individual,4
between,4
c,4
should,4
rights,3
not,3
rate,3
perspectives,3
humanities,3
if,3
groups,3
landscape,3
subsistence,3
group,3
studies,3
about,3
park,3
technology,3
consider,3
addressed,3
organization,3
school,3
chris,3
topical,3
department,3
management,3
n,3
volume,3
business,3
important,3
mark,3
prehistoric,3
i,3
question,3
v,3
reading,3
contents,3
japan,3
number,3
local,3
some,3
r,3
richard,3
food,3
our,3
theoretical,3
alan,3
such,3
g,3
peter,3
interest,3
kind,3
june,3
back,3
can,3
pa,3
we,3
north,3
quarterly,3
van,2
aim,2
it,2
now,2
relationship,2
reconstruction,2
authorization,2
exeter,2
africa,2
contact,2
independent,2
gabriel,2
tt,2
service,2
iowa,2
environmental,2
roberta,2
monuments,2
alone,2
environments,2
requests,2
suggestions,2
b,2
their,2
one,2
population,2
positive,2
k,2
colonization,2
robin,2
ma,2
cooney,2
edited,2
miscellany,2
permission,2
canada,2
changes,2
arts,2
items,2
considered,2
us,2
ian,2
anthropological,2
elisabeth,2
orders,2
air,2
but,2
subscription,2
challenges,2
leicester,2
two,2
increasingly,2
regional,2
only,2
bacus,2
members,2
posed,2
statements,2
production,2
der,2
geography,2
history,2
different,2
whom,2
board,2
gosden,2
particularly,2
international,2
reproduction,2
individually,2
topics,2
techniques,2
aspects,2
burial,2
milton,2
michael,2
british,2
case,2
theory,2
agriculture,2
welcomed,2
discuss,2
osborne,2
design,2
phenomenological,2
responses,2
private,2
urban,2
periodicals,2
who,2
bibliography,2
refereed,2
beaumont,2
lake,2
x,2
previously,2
comment,2
assumptions,2
whole,2
year,2
warfare,2
dublin,2
people,2
submitted,2
writing,2
questions,2
historical,2
water,2
advertising,2
which,2
field,2
personal,2
southampton,2
veen,2
gilchrist,2
j,2
institutional,2
regions,2
ireland,2
relatively,2
evidence,2
submissions,2
priority,2
enquiries,2
mitchell,2
each,2
topic,2
outram,2
oxon,2
cal,2
london,2
would,2
st,2
even,2
airfreight,2
journal,2
than,2
recent,2
traditions,2
value,2
fee,2
hierarchy,2
matsui,2
pedagogies,1
increasing,1
pearson,1
periods,1
caves,1
does,1
unstable,1
nesbitt,1
transhumance,1
gibson,1
christian,1
abstracting,1
high,1
islamic,1
racism,1
role,1
o,1
customer,1
page,1
german,1
koutram,1
absence,1
element,1
russian,1
glover,1
weaponry,1
fertile,1
scientific,1
later,1
l,1
been,1
pilgrimage,1
cedar,1
licensing,1
main,1
politis,1
ecodisasters,1
glasgow,1
tropics,1
masaaki,1
scholar,1
brian,1
designated,1
remain,1
essex,1
concern,1
chestnut,1
joan,1
square,1
extend,1
islands,1
widespread,1
coastal,1
process,1
remote,1
referred,1
dale,1
object,1
variety,1
conceptions,1
strongly,1
above,1
itself,1
introduction,1
informa,1
palaeolithic,1
grasses,1
arid,1
epipalaeolithic,1
federation,1
currency,1
makes,1
appears,1
eight,1
locations,1
landscapes,1
church,1
study,1
certain,1
center,1
empires,1
executive,1
artist,1
japanese,1
complex,1
thailand,1
volumes,1
innovation,1
why,1
often,1
seascapes,1
southeast,1
pp,1
britain,1
analysis,1
identify,1
tend,1
sidgwick,1
whiteknights,1
burials,1
walde,1
calculate,1
depends,1
due,1
addressing,1
prince,1
interpretation,1
incipient,1
pitulko,1
send,1
typeset,1
older,1
parts,1
monumental,1
meant,1
earliest,1
january,1
viewsheds,1
under,1
bain,1
chronology,1
stephen,1
objects,1
sorts,1
western,1
index,1
smith,1
specialization,1
processing,1
tax,1
foragers,1
analytical,1
hoarding,1
infectious,1
oates,1
ceramics,1
welcomes,1
elsewhere,1
just,1
edition,1
forum,1
suite,1
olsen,1
numbers,1
impact,1
ro,1
po,1
hosono,1
check,1
du,1
reasonably,1
without,1
industrial,1
biography,1
age,1
ethnoarchaeology,1
demonstrate,1
simply,1
linguistics,1
lower,1
detect,1
architecture,1
biagi,1
jacomb,1
known,1
manon,1
precise,1
rosenswig,1
jon,1
quantitative,1
lack,1
street,1
huamn,1
possible,1
more,1
ml,1
sciences,1
human,1
alternative,1
arguable,1
established,1
exclusive,1
concerned,1
interested,1
ii,1
m,1
taken,1
debating,1
know,1
postage,1
norway,1
musical,1
academy,1
natural,1
over,1
available,1
identified,1
hot,1
slavery,1
rue,1
kent,1
rock,1
shipwrecks,1
many,1
drivers,1
anthropology,1
official,1
royal,1
indicative,1
asia,1
cultures,1
husbandry,1
words,1
definition,1
india,1
silpakorn,1
title,1
global,1
sizes,1
s,1
innovations,1
authorities,1
mcgill,1
avenue,1
referees,1
riverine,1
best,1
accommodate,1
buddhist,1
foods,1
public,1
gc,1
pastoralism,1
printed,1
great,1
called,1
universal,1
current,1
p,1
inappropriate,1
hoards,1
relating,1
moments,1
arctic,1
time,1
newman,1
classical,1
sytems,1
transferred,1
diverse,1
sedentary,1
sharpen,1
mississippi,1
far,1
court,1
written,1
religion,1
benefit,1
quarries,1
bound,1
ako,1
luxury,1
disesae,1
garcea,1
find,1
man,1
lifecycles,1
there,1
featured,1
shennan,1
zealand,1
works,1
culture,1
living,1
expressions,1
laver,1
watercraft,1
urbanization,1
organisations,1
shoocongdej,1
elena,1
determinism,1
sacred,1
do,1
researching,1
reserved,1
principal,1
robert,1
hinduism,1
mail,1
let,1
where,1
signs,1
road,1
stock,1
reproduce,1
unesco,1
them,1
earthquake,1
relevant,1
storage,1
boyd,1
akira,1
see,1
system,1
uniformitarian,1
particular,1
character,1
thirty,1
seasonal,1
geo,1
universidad,1
your,1
ceramic,1
shuichi,1
levant,1
has,1
ethnography,1
style,1
method,1
fascination,1
threats,1
reconciled,1
ability,1
pwiti,1
humid,1
arabian,1
free,1
iv,1
kirch,1
america,1
demography,1
advisory,1
technical,1
ecology,1
studying,1
march,1
addresses,1
trade,1
directly,1
information,1
having,1
flannery,1
prior,1
basis,1
emphasis,1
through,1
dedication,1
politics,1
technologies,1
journals,1
photocopy,1
metapress,1
remittances,1
work,1
soils,1
subscriptions,1
drive,1
planning,1
properties,1
overviews,1
iwanami,1
adopting,1
contexts,1
abstracts,1
upon,1
level,1
range,1
chronologies,1
directions,1
renato,1
future,1
tottenham,1
transport,1
discrimination,1
community,1
invited,1
nomads,1
perceived,1
bell,1
part,1
including,1
purpose,1
classics,1
nara,1
resources,1
retains,1
jshott,1
historic,1
knowledge,1
looking,1
communication,1
paolo,1
agendas,1
related,1
apply,1
republic,1
indigenous,1
along,1
nutrition,1
ken,1
irish,1
its,1
subject,1
plans,1
largely,1
replaces,1
citation,1
island,1
database,1
results,1
during,1
titles,1
arguments,1
editorial,1
discussion,1
multivocality,1
trigger,1
aesthetics,1
colonial,1
variation,1
write,1
bradley,1
congress,1
ideas,1
survey,1
lifeway,1
egalitarianism,1
structures,1
faculty,1
lahiri,1
intimate,1
eligible,1
individuals,1
colchester,1
were,1
garden,1
deployed,1
comments,1
chemical,1
nayanjot,1
wild,1
language,1
theories,1
dating,1
queer,1
symbolic,1
theme,1
interpreted,1
development,1
generate,1
cambridge,1
tfenquiries,1
marijke,1
manjke,1
shoten,1
three,1
health,1
zimbabwe,1
commemoration,1
reality,1
argentina,1
count,1
clearance,1
approach,1
charge,1
iconic,1
agent,1
earth,1
sustain,1
bodily,1
change,1
permit,1
journalsonlinetandfcouk,1
issn,1
held,1
viewing,1
settings,1
relations,1
david,1
architectural,1
integrated,1
land,1
pm,1
price,1
jones,1
indexing,1
period,1
so,1
regarded,1
convention,1
plant,1
smaller,1
reproduced,1
pay,1
tribal,1
sample,1
mexico,1
mines,1
indicators,1
regular,1
contributors,1
guideline,1
effects,1
box,1
defined,1
contrast,1
discounted,1
imposition,1
area,1
excavation,1
prescriptive,1
five,1
martin,1
thomas,1
developments,1
involved,1
reuse,1
attention,1
crescent,1
archaeologies,1
concerning,1
specific,1
potential,1
systems,1
inspired,1
sheepen,1
colonialism,1
evolutionary,1
methods,1
arrange,1
stones,1
nisbet,1
craft,1
massachusetts,1
biomolecular,1
russia,1
lei,1
unchanged,1
biogeography,1
exactly,1
third,1
shott,1
differing,1
methodological,1
fourth,1
coast,1
debate,1
james,1
criminology,1
climatic,1
texts,1
conserving,1
valley,1
also,1
little,1
dependent,1
lay,1
instruments,1
navels,1
focus,1
paid,1
rosewood,1
hosted,1
correspondence,1
kanehara,1
technological,1
inquiries,1
engagement,1
stone,1
appropriate,1
building,1
invites,1
sole,1
humanistic,1
rates,1
gordon,1
geographical,1
grants,1
epidemic,1
buildings,1
ucd,1
archaeometallurgy,1
