WORDCOUNTS,WEIGHT
the,622
of,429
and,338
a,240
in,188
to,119
at,74
was,71
were,63
that,59
by,58
with,56
roman,53
shaft,49
as,49
town,45
been,42
shafts,41
within,40
on,40
deposits,40
or,36
have,36
from,34
for,31
also,31
be,31
this,29
which,29
these,28
ritual,27
foundation,27
woodward,25
urban,25
may,24
it,23
is,23
pit,23
an,22
dorchester,22
greyhound,22
j,21
centre,21
are,21
pits,21
such,20
period,20
can,19
fig,18
dog,18
has,18
series,18
one,17
square,17
complete,17
two,17
britain,17
other,16
rectangular,16
iron,16
both,16
s,15
age,15
found,14
well,14
archaeological,14
contained,14
associated,14
enclosure,14
m,13
some,13
votive,13
peter,13
first,12
central,12
i,12
further,12
small,12
ann,12
evidence,12
remains,12
yard,11
excavations,11
their,11
structures,11
buildings,11
structured,11
vessels,11
area,11
c,11
building,11
later,10
into,10
very,10
site,10
pp,10
near,10
r,10
its,10
rituals,10
et,10
society,10
located,10
but,10
wells,10
we,10
shrine,10
particular,10
excavation,9
samian,9
nature,9
dorset,9
there,9
represented,9
lay,9
orientation,9
cut,9
roads,9
included,9
al,9
more,9
classical,9
new,9
pottery,9
not,9
temple,9
while,9
dedicating,9
those,8
b,8
university,8
had,8
p,8
out,8
placed,8
related,8
deep,8
insula,8
dogs,8
figure,8
set,8
cambridge,8
north,8
crossing,7
all,7
timber,7
main,7
most,7
monograph,7
sites,7
enclosures,7
research,7
religious,7
number,7
described,7
detailed,7
report,7
deposition,7
now,6
chalk,6
groups,6
shrines,6
stone,6
laid,6
forum,6
eastern,6
bird,6
vol,6
possible,6
west,6
point,6
human,6
large,6
verulamium,6
w,6
suggested,6
late,6
county,6
interpreted,6
next,6
archaeology,6
finds,6
second,6
street,6
towns,6
occurrence,6
material,6
three,6
would,6
excavated,6
structure,6
northern,6
known,6
natural,6
animal,6
through,6
dedicatory,6
focal,6
world,6
although,6
defined,6
between,6
they,5
group,5
studies,5
history,5
containing,5
skull,5
date,5
british,5
figs,5
taking,5
orthogonal,5
after,5
special,5
location,5
base,5
part,5
place,5
personal,5
involved,5
several,5
south,5
templum,5
above,5
during,5
boundary,5
ancient,5
illustrated,5
infill,5
skeletons,5
many,5
plan,5
v,5
perhaps,5
streets,5
birds,5
features,5
courtyard,5
relation,5
probably,5
italy,5
occupied,5
hill,5
life,5
unusual,5
deposited,5
symbolic,5
creighton,5
here,5
just,5
form,5
d,5
vessel,5
traditional,5
major,5
final,4
e,4
complex,4
lituus,4
pots,4
rome,4
fenced,4
sacred,4
context,4
contents,4
recorded,4
east,4
key,4
bones,4
bowls,4
beneath,4
development,4
corner,4
gall,4
century,4
compared,4
no,4
l,4
similar,4
votives,4
established,4
argued,4
n,4
organic,4
prehistoric,4
based,4
antiquaries,4
circular,4
burial,4
appears,4
aspects,4
whole,4
st,4
results,4
periods,4
he,4
various,4
identified,4
rites,4
antiquarian,4
published,4
adjacent,4
silchester,4
time,4
original,4
demonstrated,4
use,4
raven,4
sequence,4
built,4
function,4
probable,4
ground,4
burials,4
provide,4
practical,4
decumanus,4
who,4
often,4
table,4
bronze,4
paper,4
sheep,4
half,4
domestic,4
rykwert,4
proceedings,4
infant,4
press,4
land,4
glass,4
immediately,4
close,4
puppy,3
replaced,3
offerings,3
birmingham,3
h,3
mundus,3
former,3
occurred,3
limestone,3
being,3
military,3
seems,3
principles,3
accompanied,3
feature,3
ad,3
case,3
empty,3
primary,3
iv,3
contemporary,3
fine,3
along,3
fillings,3
thus,3
g,3
comprised,3
tomlin,3
bone,3
than,3
fulford,3
high,3
identification,3
crevasse,3
grid,3
monuments,3
possibly,3
river,3
section,3
traces,3
followed,3
undertaken,3
plates,3
baths,3
founding,3
dug,3
behaviour,3
incomplete,3
could,3
centrally,3
jug,3
initial,3
fourth,3
viewed,3
outside,3
receive,3
directly,3
basis,3
planning,3
concept,3
healing,3
below,3
le,3
castle,3
grateful,3
provided,3
pot,3
survived,3
void,3
will,3
portion,3
symbolism,3
economic,3
surviving,3
structural,3
interpretation,3
museum,3
plough,3
light,3
rubbish,3
floor,3
joints,3
temples,3
our,3
layer,3
enactment,3
covered,3
road,3
ditched,3
routledge,3
sealing,3
examples,3
range,3
significant,3
processes,3
dating,3
gates,3
skulls,3
attention,3
deposit,3
antiquity,3
chamber,3
centuries,3
earliest,3
considered,3
then,3
following,3
skeleton,3
physical,3
auger,3
each,3
did,3
down,3
wall,3
particularly,3
linked,3
them,3
references,3
sunk,3
repetitive,3
institute,3
early,3
dedication,3
became,3
lies,3
arguments,3
representation,3
shown,3
underworld,3
folly,3
row,3
sa,2
edge,2
common,2
if,2
cobbled,2
chthonic,2
debris,2
myth,2
properly,2
ways,2
position,2
hints,2
archaeologists,2
long,2
taken,2
might,2
humans,2
advanced,2
wooden,2
fruits,2
wessex,2
onto,2
concepts,2
political,2
system,2
side,2
gaming,2
u,2
trac,2
determined,2
activity,2
richard,2
tablewares,2
reconstruction,2
fragment,2
ross,2
run,2
de,2
divine,2
interest,2
southern,2
pig,2
basal,2
frontage,2
slabs,2
cases,2
theoretical,2
cellar,2
items,2
places,2
concerning,2
six,2
third,2
cardinal,2
even,2
journal,2
apparently,2
sun,2
cosmic,2
sixteen,2
recognized,2
whose,2
rather,2
basic,2
landscape,2
altar,2
infilled,2
derived,2
study,2
summarized,2
metres,2
cess,2
proposed,2
jars,2
recovered,2
points,2
intentional,2
view,2
appear,2
expressed,2
allow,2
societies,2
search,2
relating,2
uley,2
depictions,2
interpretations,2
photography,2
recently,2
gwilt,2
applied,2
otherwise,2
fox,2
frog,2
niblett,2
coin,2
shape,2
line,2
data,2
used,2
bc,2
akeman,2
ravens,2
example,2
apparent,2
fence,2
centred,2
reflect,2
employed,2
cat,2
sutton,2
allotments,2
field,2
hole,2
around,2
presence,2
fully,2
annual,2
when,2
up,2
filling,2
using,2
annexe,2
activities,2
prescribed,2
led,2
arrangement,2
reduced,2
practices,2
architecture,2
imagery,2
centuriated,2
initially,2
ware,2
parker,2
single,2
jackdaw,2
already,2
reports,2
fact,2
surveyors,2
functioned,2
walled,2
power,2
links,2
again,2
longer,2
ceramic,2
consideration,2
areas,2
cardo,2
john,2
fragments,2
conclusions,2
took,2
plate,2
everyday,2
remarkable,2
flagon,2
where,2
continuing,2
coarse,2
native,2
books,2
style,2
encountered,2
local,2
discussion,2
assemblages,2
opus,2
sides,2
including,2
skeletal,2
cosa,2
aisled,2
francis,2
reconstructing,2
actual,2
archive,2
flagons,2
publication,2
decorated,2
held,2
like,2
so,2
aligned,2
kept,2
black,2
oxbow,2
behind,2
systems,2
elaborate,2
feet,2
horse,2
destruction,2
professional,2
pullinger,2
footings,2
corridor,2
species,2
carried,2
depth,2
rodent,2
veneration,2
note,2
cow,2
sealed,2
continued,2
seen,2
indicate,2
figurine,2
construction,2
analysis,2
hope,2
sections,2
auspicious,2
celtic,2
varro,2
insulae,2
plutarch,2
erected,2
over,2
romulus,2
components,2
lying,2
seem,2
signinum,2
type,2
redefined,2
according,2
what,2
notable,2
selected,2
millett,2
foundations,2
suggests,2
contain,2
topographical,2
translated,2
spaces,2
conference,2
presented,2
entrance,2
lydney,2
role,2
investigated,2
quartered,2
coins,2
deities,2
aspect,2
newstead,2
pair,2
locations,2
frere,2
finding,2
diam,2
burnt,2
include,2
davies,2
regular,2
association,2
roughly,2
enclosed,2
specific,2
rest,2
create,2
substantial,2
focus,2
strong,2
taylor,2
cross,2
successive,2
hypothesis,2
countryside,1
corvid,1
silt,1
formulated,1
possessed,1
o,1
sussex,1
adrian,1
way,1
stuart,1
concerned,1
indicated,1
religions,1
watling,1
functional,1
deduced,1
reconsidered,1
extend,1
resulted,1
determine,1
flute,1
curved,1
adoption,1
ultimate,1
totally,1
enclosing,1
introduction,1
rhenish,1
linguistic,1
mouth,1
becoming,1
reflection,1
trench,1
american,1
star,1
designed,1
sheffield,1
formed,1
likely,1
motto,1
specialist,1
sets,1
item,1
globular,1
approaches,1
modern,1
peripherally,1
antonine,1
considerations,1
conical,1
radcliffe,1
decade,1
acceptance,1
theatre,1
protection,1
ceremonial,1
graffiti,1
sited,1
fixed,1
ambitious,1
before,1
assisted,1
descriptions,1
princeton,1
contexts,1
turning,1
themes,1
goswell,1
test,1
accumulation,1
said,1
consistent,1
cast,1
either,1
sources,1
revisited,1
jackson,1
victim,1
pervasive,1
logistic,1
neolithic,1
alcoves,1
ii,1
thoroughfare,1
melanges,1
concentrated,1
rush,1
rapid,1
anywhere,1
worked,1
heavens,1
floored,1
definition,1
strip,1
resemblance,1
interrogating,1
available,1
route,1
stratigraphically,1
tradition,1
interwoven,1
albans,1
together,1
rebuilt,1
shoulder,1
sceptre,1
great,1
reasons,1
confusion,1
richards,1
barrows,1
rich,1
intaglio,1
nineteen,1
jewellery,1
government,1
link,1
room,1
hunting,1
religion,1
survey,1
real,1
subsequent,1
ancestry,1
last,1
loose,1
imprinted,1
emphasized,1
reserved,1
principal,1
moi,1
somewhat,1
est,1
caerwent,1
ltd,1
styx,1
draws,1
advice,1
celts,1
cleared,1
hall,1
rests,1
licking,1
staines,1
opened,1
miniature,1
marked,1
hyginus,1
powers,1
mutual,1
measuring,1
combination,1
since,1
reflecting,1
quantity,1
overlooking,1
basilica,1
succession,1
mat,1
holland,1
inventory,1
framework,1
usage,1
avenues,1
historical,1
warde,1
explained,1
component,1
drastic,1
roger,1
chesterford,1
surrounded,1
due,1
health,1
characteristic,1
relatively,1
regarded,1
geometry,1
iid,1
worn,1
midsummer,1
flasks,1
speculative,1
underlying,1
severed,1
back,1
architect,1
encompass,1
body,1
houses,1
dates,1
danebury,1
guardian,1
left,1
twice,1
fowler,1
churchyard,1
semantic,1
storage,1
drawn,1
archaeologist,1
terrace,1
hmso,1
tentatively,1
traditions,1
staircase,1
adult,1
invites,1
acknowledge,1
impressions,1
crossroads,1
crow,1
steps,1
foot,1
online,1
interesting,1
fort,1
vegetable,1
midday,1
upright,1
exact,1
ox,1
his,1
english,1
ploughed,1
cleaned,1
across,1
developed,1
verandah,1
remain,1
investigation,1
kind,1
annette,1
process,1
burnished,1
incidence,1
britannia,1
conceptions,1
determining,1
rescue,1
lararia,1
eight,1
certain,1
induce,1
siting,1
nos,1
impressed,1
animals,1
space,1
front,1
support,1
reinterpretation,1
modified,1
provinces,1
funeral,1
aedicula,1
marks,1
consider,1
objects,1
physically,1
gromaticus,1
levelled,1
days,1
air,1
numbers,1
completion,1
k,1
god,1
quarters,1
calendar,1
listed,1
upper,1
periodically,1
four,1
leicester,1
commonly,1
encouragement,1
statement,1
beyond,1
suites,1
hertfordshire,1
comprising,1
muntham,1
ceremony,1
reconsideration,1
metal,1
important,1
trained,1
oblique,1
iconography,1
advance,1
salvage,1
backfilled,1
lead,1
arx,1
concentration,1
bearing,1
itr,1
leach,1
medicine,1
faunal,1
traditionally,1
access,1
embracing,1
seven,1
vitruvian,1
rooms,1
mckay,1
zone,1
term,1
embedded,1
hants,1
acknowledgements,1
occupation,1
standardized,1
understood,1
cultural,1
durham,1
civitas,1
focused,1
keywords,1
iic,1
bore,1
province,1
produced,1
however,1
procedures,1
osborne,1
wide,1
public,1
gods,1
sacrifice,1
millie,1
beaker,1
having,1
seminal,1
work,1
farley,1
scope,1
bounded,1
received,1
start,1
gloucs,1
heart,1
training,1
knowledge,1
pivoted,1
secret,1
confined,1
cleanliness,1
crossings,1
description,1
bowl,1
iia,1
continuation,1
photographed,1
referencing,1
broad,1
records,1
figures,1
hounds,1
falling,1
rows,1
thereafter,1
reece,1
binding,1
capella,1
durotriges,1
contentious,1
surrounding,1
accord,1
project,1
deeply,1
own,1
memoirs,1
decomposition,1
attributed,1
cults,1
t,1
maddie,1
depicting,1
depositional,1
lifted,1
social,1
running,1
nodens,1
fulfilled,1
hard,1
patet,1
suggest,1
hadrians,1
prevalence,1
synthesized,1
feasts,1
quite,1
settlement,1
event,1
soil,1
apposite,1
separately,1
members,1
highly,1
weymouth,1
bedfordshire,1
eighth,1
portions,1
boundaries,1
division,1
necessity,1
cattle,1
deepened,1
watts,1
appropriate,1
preliminary,1
interests,1
triangular,1
actions,1
massive,1
digging,1
subsequently,1
pearson,1
f,1
morphology,1
quarry,1
ovate,1
situation,1
platter,1
nuticis,1
functioning,1
cosmological,1
acknowledged,1
piggott,1
planks,1
object,1
positioned,1
community,1
indicates,1
ofarchaeology,1
torso,1
hypocaust,1
phasing,1
direction,1
wicker,1
assigned,1
vicinity,1
corpus,1
sidgwick,1
robin,1
once,1
depicted,1
communities,1
divination,1
durnovaria,1
reference,1
permission,1
towards,1
rules,1
serve,1
soon,1
array,1
restricted,1
remnant,1
frontinus,1
enshrined,1
assimilation,1
infrastructure,1
assistance,1
performed,1
ling,1
largest,1
jaw,1
lined,1
only,1
sector,1
spatially,1
fill,1
volume,1
groma,1
fellow,1
shops,1
lamb,1
disposition,1
starting,1
successfully,1
heritage,1
death,1
academy,1
curator,1
added,1
projects,1
sky,1
vivatis,1
communal,1
haselgrove,1
huntress,1
idea,1
head,1
carbonized,1
pressure,1
belong,1
britons,1
appeared,1
abstract,1
aih,1
remarked,1
isolate,1
francaise,1
associates,1
end,1
desire,1
figurines,1
accession,1
chs,1
prosaic,1
succeeding,1
seldom,1
discussed,1
superstructure,1
serious,1
expound,1
forms,1
enough,1
present,1
geography,1
model,1
developing,1
existing,1
extremity,1
axes,1
michael,1
less,1
see,1
strategies,1
lemke,1
belief,1
preparation,1
equidistant,1
assemblage,1
duroliponte,1
stunning,1
argument,1
remarkably,1
day,1
grids,1
venerated,1
understanding,1
simple,1
extended,1
interleaved,1
birth,1
comprise,1
jordon,1
adjoin,1
bacchus,1
sixth,1
strongly,1
mortuary,1
heath,1
festival,1
expression,1
largely,1
overtones,1
conditions,1
ideas,1
engaged,1
chosen,1
previous,1
dismissed,1
mansio,1
vii,1
versions,1
bathhouse,1
open,1
pls,1
clear,1
historic,1
accessed,1
receptacles,1
language,1
definitely,1
dominated,1
essay,1
co,1
issn,1
david,1
controversies,1
characterized,1
crucibles,1
general,1
fidelity,1
coarseware,1
tribal,1
reconstructed,1
depiction,1
filled,1
earlier,1
latter,1
repeated,1
martianus,1
preponderance,1
especially,1
gravel,1
possess,1
parallel,1
frontages,1
become,1
etruscans,1
infills,1
deliberate,1
james,1
henry,1
priests,1
greece,1
furrows,1
corroborative,1
anchored,1
joint,1
positioning,1
controversial,1
diana,1
greek,1
concluded,1
brown,1
necks,1
solaire,1
aid,1
window,1
she,1
civitates,1
dm,1
movements,1
usually,1
five,1
vision,1
inside,1
lines,1
verlamion,1
male,1
primarily,1
means,1
riddled,1
cranium,1
team,1
bears,1
jar,1
visual,1
covering,1
citizenship,1
romanisation,1
wheeler,1
footrings,1
centres,1
commemoration,1
creatures,1
instances,1
recalling,1
combines,1
investigate,1
thick,1
meant,1
cam,1
detail,1
stephen,1
stratigraphic,1
any,1
actually,1
repaired,1
exemplified,1
mentioned,1
incorporated,1
antefix,1
founded,1
regulated,1
neighbouring,1
francesca,1
les,1
terriers,1
shapes,1
willingness,1
occurrences,1
rocky,1
sustained,1
cover,1
chilterns,1
defining,1
ran,1
apsidal,1
commonplace,1
anthropology,1
guarding,1
different,1
connection,1
merry,1
sampling,1
capital,1
best,1
alexander,1
leaders,1
argue,1
contextual,1
sanctuaries,1
far,1
pitfall,1
reflected,1
ramped,1
associations,1
cities,1
examining,1
past,1
placing,1
rural,1
destroyed,1
evident,1
stamps,1
ditch,1
spoons,1
crows,1
unlikely,1
reconfigured,1
carefully,1
unabraded,1
terms,1
meticulous,1
laying,1
lane,1
nearby,1
buglass,1
axis,1
inscriptions,1
surveying,1
occasions,1
weights,1
densest,1
explored,1
imperial,1
episode,1
belgic,1
universe,1
size,1
ritually,1
recognition,1
graffito,1
somerset,1
introduced,1
city,1
joining,1
intended,1
step,1
situated,1
rigid,1
vertically,1
indebted,1
maintained,1
aims,1
varied,1
courtyards,1
slumped,1
prepared,1
coles,1
layers,1
ridgeons,1
recording,1
years,1
crucible,1
ignored,1
disposal,1
furrow,1
initiated,1
envisaged,1
numerous,1
finally,1
course,1
joined,1
approximately,1
constructed,1
smaller,1
derive,1
instinct,1
summary,1
comparison,1
vi,1
ninth,1
admitting,1
ribbed,1
themselves,1
consisted,1
bell,1
carrion,1
contrasting,1
valuable,1
pool,1
batsford,1
dark,1
civilian,1
entire,1
little,1
develop,1
romains,1
among,1
seek,1
comparable,1
recent,1
oracular,1
axial,1
occur,1
