WORDCOUNTS,WEIGHT
and,45
the,44
of,38
in,24
archaeology,23
to,17
by,12
no,10
for,9
vol,9
publication,9
is,8
a,8
are,8
be,8
ed,7
new,7
submission,6
time,5
empire,5
early,5
analysis,4
with,4
as,4
past,4
february,4
october,4
issues,4
such,4
field,4
research,4
may,3
techniques,3
institutions,3
contributions,3
not,3
articles,3
or,3
ancient,3
any,3
from,3
but,3
regional,3
theme,3
i,3
michael,3
can,3
routledge,3
human,3
individuals,3
editor,3
this,3
archaeological,3
integration,3
june,3
world,3
at,2
will,2
f,2
it,2
if,2
main,2
how,2
e,2
above,2
methods,2
space,2
miscellany,2
months,2
modern,2
technology,2
policy,2
before,2
culture,2
published,2
that,2
also,2
ii,2
cover,2
each,2
all,2
water,2
j,2
intending,2
roman,2
available,2
societies,2
john,2
date,2
papers,2
whether,2
assur,2
form,2
issue,2
books,2
number,2
design,2
some,2
data,2
art,2
planning,2
received,2
occasionally,2
publishers,2
editorial,2
which,2
copies,2
contributors,2
architectural,2
usa,2
on,2
especially,2
back,2
systems,2
single,2
uk,2
north,2
recent,2
traditions,2
should,2
an,2
row,2
dealing,1
van,1
portion,1
inka,1
now,1
transhumance,1
christian,1
applications,1
carla,1
page,1
m,1
perspectives,1
matter,1
africa,1
territorial,1
gis,1
contact,1
mines,1
architecture,1
concerned,1
scientific,1
economic,1
across,1
morrison,1
bound,1
expansion,1
hoarding,1
landscape,1
plaza,1
coastal,1
announced,1
subsistence,1
monuments,1
conceptions,1
directions,1
environments,1
strongly,1
still,1
currency,1
they,1
church,1
relevant,1
leave,1
executive,1
their,1
ceramics,1
innovation,1
study,1
britain,1
biological,1
food,1
islamic,1
advised,1
about,1
list,1
likely,1
edited,1
fetter,1
strictly,1
monte,1
permission,1
approaches,1
eighteen,1
arid,1
typeset,1
empires,1
studies,1
provinces,1
han,1
monumental,1
chronology,1
quantitative,1
western,1
characterisation,1
excavation,1
history,1
specialization,1
quarries,1
proprietors,1
yoke,1
n,1
thrice,1
without,1
indian,1
materials,1
these,1
industrial,1
subscription,1
age,1
ethnoarchaeology,1
indexes,1
begins,1
linguistics,1
moments,1
priced,1
t,1
precise,1
notions,1
peninsula,1
titles,1
submit,1
pai,1
writing,1
asterisk,1
container,1
s,1
noort,1
production,1
weaponry,1
korean,1
postage,1
might,1
management,1
musical,1
caves,1
colonization,1
rb,1
illuminate,1
smith,1
analytical,1
uses,1
fitted,1
ceramic,1
commission,1
book,1
innovations,1
did,1
zapotec,1
pastoralism,1
printed,1
great,1
universal,1
current,1
hoards,1
dennis,1
molecules,1
humid,1
classical,1
shared,1
far,1
end,1
religion,1
survey,1
reproduction,1
man,1
feature,1
passage,1
type,1
watercraft,1
urbanization,1
further,1
trouble,1
biogeography,1
robert,1
political,1
though,1
according,1
reading,1
economy,1
sinopoli,1
reviews,1
developing,1
berdan,1
transmitted,1
dynasty,1
accepted,1
burial,1
establish,1
contents,1
cherry,1
population,1
see,1
case,1
farrington,1
particular,1
ahead,1
core,1
manuscripts,1
save,1
ethnography,1
public,1
uncommissioned,1
agriculture,1
studying,1
aspects,1
rock,1
trowbridge,1
welcome,1
prior,1
remote,1
greg,1
marked,1
urban,1
unsolicited,1
kathleen,1
used,1
work,1
soils,1
publish,1
nj,1
molecular,1
chronologies,1
r,1
transport,1
invited,1
nomads,1
characterization,1
part,1
including,1
moreland,1
sent,1
conception,1
looking,1
related,1
yearly,1
nutrition,1
its,1
subject,1
ritual,1
assumptions,1
gb,1
letter,1
commandery,1
carolingian,1
warfare,1
island,1
postgate,1
northwest,1
diversity,1
climatic,1
using,1
ionechir,1
jo,1
aztec,1
yorkshire,1
lelang,1
frances,1
review,1
chemical,1
theories,1
dating,1
theoretical,1
recording,1
platform,1
lists,1
trade,1
conceive,1
ig,1
made,1
write,1
de,1
author,1
charge,1
health,1
change,1
social,1
issn,1
relations,1
normally,1
ri,1
land,1
genetics,1
price,1
d,1
evidence,1
heartland,1
volume,1
hyung,1
mexico,1
regular,1
obtained,1
retrieval,1
palaeolithic,1
anyone,1
lewarch,1
settlement,1
remains,1
stored,1
problems,1
article,1
k,1
stones,1
six,1
craft,1
biomolecular,1
interpretations,1
publications,1
up,1
london,1
valley,1
application,1
instruments,1
journal,1
focus,1
paid,1
technological,1
than,1
woolf,1
notes,1
detection,1
stone,1
appropriate,1
preliminary,1
fulford,1
archaeometallurgy,1
