WORDCOUNTS,WEIGHT
the,58
and,45
of,42
in,23
to,21
a,18
i,18
archaeology,14
by,12
for,8
at,7
x,7
publication,7
as,7
no,6
book,6
new,6
archaeological,6
submission,5
ed,5
first,5
vol,5
an,5
ship,5
it,4
his,4
is,4
with,4
roman,4
has,4
maya,4
have,4
on,4
world,4
will,3
o,3
io,3
britain,3
how,3
analysis,3
photographs,3
was,3
or,3
had,3
bruce,3
but,3
most,3
archaeologists,3
ii,3
great,3
man,3
isbn,3
well,3
work,3
childe,3
issues,3
theories,3
this,3
professor,3
gordon,3
be,3
early,3
now,2
he,2
she,2
july,2
population,2
illustrations,2
not,2
buried,2
quantitative,2
ancient,2
history,2
into,2
any,2
light,2
these,2
themes,2
architecture,2
sketch,2
that,2
also,2
paul,2
anthropology,2
are,2
s,2
nancy,2
kegan,2
printed,2
time,2
classical,2
past,2
february,2
papers,2
michael,2
routledge,2
design,2
account,2
urban,2
october,2
john,2
techniques,2
beneath,2
pyramid,2
our,2
which,2
come,2
years,2
d,2
field,2
research,2
trigger,2
ins,2
survived,1
revolution,1
may,1
south,1
andfjrthcoming,1
european,1
f,1
intricate,1
civilization,1
dawn,1
pictorial,1
colour,1
town,1
whose,1
essential,1
belonged,1
without,1
l,1
growth,1
bound,1
pieces,1
breadth,1
influential,1
landscape,1
classic,1
idg,1
millstone,1
palaeobiological,1
independence,1
subsistence,1
who,1
villas,1
above,1
himiiself,1
expanded,1
pushed,1
supplement,1
interrelations,1
antiquity,1
contributions,1
why,1
studies,1
study,1
single,1
superb,1
food,1
fall,1
stone,1
discoveries,1
list,1
currency,1
miscellany,1
sympathies,1
interpretation,1
permission,1
approaches,1
examine,1
drawings,1
articles,1
makes,1
read,1
happened,1
earliest,1
technology,1
consider,1
kadaon,1
trade,1
detail,1
iso,1
page,1
hag,1
colonialism,1
literary,1
suggestions,1
fringes,1
thinking,1
complete,1
proprietors,1
just,1
edition,1
blagg,1
impact,1
thrice,1
from,1
netw,1
calendar,1
listed,1
peoples,1
updated,1
limestone,1
subscription,1
age,1
grain,1
linguistics,1
ever,1
management,1
rise,1
only,1
journalist,1
policy,1
published,1
considers,1
physical,1
bloomsbury,1
volume,1
organization,1
please,1
titles,1
theorist,1
problems,1
text,1
vitelli,1
here,1
human,1
vessel,1
challenge,1
cover,1
projected,1
important,1
military,1
excavation,1
ian,1
musical,1
dynastic,1
over,1
script,1
soo,1
mcgill,1
colonization,1
cheops,1
giovanna,1
all,1
advanced,1
many,1
royal,1
tomb,1
came,1
whom,1
shaped,1
innovations,1
attractive,1
down,1
relates,1
together,1
half,1
fearless,1
current,1
p,1
salamon,1
really,1
able,1
tells,1
hundred,1
reveal,1
far,1
researches,1
end,1
pioneer,1
audience,1
contemporary,1
number,1
kinship,1
historical,1
youssef,1
feature,1
proposed,1
works,1
macabre,1
places,1
catalogue,1
date,1
fullest,1
biogeography,1
drove,1
peacock,1
present,1
contact,1
political,1
cultural,1
alike,1
caves,1
what,1
reviews,1
continuing,1
bartel,1
athwameain,1
transmitted,1
province,1
unique,1
burial,1
spcnt,1
contents,1
ceramics,1
form,1
particular,1
wealth,1
underworld,1
edinburgh,1
dr,1
ltd,1
millett,1
icg,1
books,1
jenkins,1
ethnography,1
king,1
wcib,1
always,1
while,1
reflected,1
provincial,1
day,1
boat,1
petrological,1
imperial,1
clearly,1
ihl,1
information,1
reassembled,1
welcome,1
prior,1
fitting,1
future,1
understanding,1
line,1
data,1
unsolicited,1
literature,1
aspects,1
art,1
fourteen,1
publish,1
received,1
richard,1
occasionally,1
clear,1
taking,1
nomads,1
part,1
including,1
purpose,1
discusses,1
example,1
civil,1
revolutions,1
relate,1
press,1
became,1
related,1
yearly,1
nutrition,1
publishers,1
epigraphic,1
its,1
revealed,1
hieroglyphic,1
climatic,1
yale,1
ritual,1
egyptian,1
assumptions,1
religion,1
fragment,1
realm,1
ross,1
island,1
palaces,1
editorial,1
ien,1
much,1
constitute,1
relevance,1
pleasure,1
newtown,1
questions,1
camelot,1
london,1
reece,1
water,1
cp,1
full,1
review,1
chemical,1
regional,1
dating,1
systematic,1
southampton,1
proceeded,1
cedarwood,1
recording,1
theme,1
such,1
development,1
copies,1
twentieth,1
numerous,1
t,1
write,1
g,1
hungary,1
peter,1
brad,1
tinmes,1
change,1
issn,1
times,1
include,1
chronology,1
caused,1
working,1
unexpected,1
century,1
regular,1
vault,1
one,1
ahmed,1
retrieval,1
priority,1
martin,1
remains,1
stored,1
thousand,1
supported,1
few,1
june,1
back,1
wider,1
systems,1
feet,1
chisel,1
presence,1
editors,1
craft,1
oxon,1
convey,1
c,1
marxist,1
left,1
unchanged,1
villages,1
publications,1
find,1
fully,1
annual,1
storage,1
through,1
megaw,1
vincent,1
hodder,1
journal,1
traditional,1
wells,1
coe,1
details,1
slab,1
technological,1
we,1
recent,1
traditions,1
professional,1
should,1
ago,1
influence,1
valuable,1
massive,1
lengyel,1
glad,1
wprite,1
