WORDCOUNTS,WEIGHT
the,436
in,239
of,198
a,160
and,134
is,91
it,64
to,63
with,60
on,53
plate,50
as,46
from,46
was,43
are,40
or,37
bc,34
at,33
egypt,32
by,30
one,29
that,28
have,26
its,24
has,23
this,23
mesopotamia,23
an,23
sumerian,22
ancient,21
more,21
musical,21
found,21
strings,21
kingdom,20
depicted,19
harp,19
type,19
babylonian,19
music,19
period,19
instrument,18
new,18
instruments,18
been,17
they,17
two,17
british,17
egyptian,17
which,17
century,17
museum,16
were,16
m,15
but,15
be,15
no,14
for,14
i,13
lyre,13
held,13
second,12
about,12
only,12
ur,12
their,12
may,11
trustees,11
vertical,11
into,11
first,11
third,11
dynasty,11
early,11
louvre,11
played,10
horizontal,10
not,10
bronze,10
assyrian,9
also,9
there,9
drum,9
animal,9
appears,9
some,9
both,9
millennium,9
small,9
angular,8
lyres,8
under,8
these,8
clappers,8
long,8
hittite,8
tomb,8
musicians,8
very,8
late,8
shape,8
used,8
made,8
la,8
flute,7
rectangular,7
other,7
inv,7
bow,7
silver,7
relief,7
middle,7
plaque,7
attached,7
sistrum,7
either,7
de,7
old,7
attested,7
seems,6
where,6
iran,6
sometimes,6
scrapers,6
name,6
handle,6
lute,6
shows,6
great,6
origin,6
hand,6
marcelle,6
another,6
neck,6
until,6
between,6
c,6
fourth,6
probably,6
even,6
seal,6
terracotta,6
his,5
elaborate,5
elamite,5
must,5
known,5
harps,5
later,5
arms,5
asia,5
called,5
cylinder,5
number,5
base,5
trumpets,5
form,5
theory,5
part,5
hama,5
well,5
des,5
mm,5
plectrum,5
dynasties,5
frame,5
specimen,5
greek,5
back,5
body,5
than,5
now,4
without,4
short,4
playing,4
cult,4
seen,4
survives,4
over,4
standing,4
large,4
length,4
animals,4
four,4
most,4
lower,4
had,4
notches,4
metal,4
oblique,4
many,4
royal,4
different,4
roman,4
head,4
heptatonic,4
mish,4
scenes,4
reliefs,4
twelfth,4
near,4
chogha,4
mainit,4
them,4
ad,4
perhaps,4
hittites,4
syria,4
eighteenth,4
introduced,4
mosaic,4
struck,4
fourteenth,4
horn,4
syrian,4
such,4
numerous,4
adopted,4
like,4
never,4
several,4
left,4
babylonians,4
gold,4
elam,3
identified,3
tepe,3
civilization,3
square,3
nearly,3
cut,3
jingling,3
still,3
often,3
timbrel,3
system,3
types,3
theban,3
means,3
modern,3
whose,3
cemetery,3
culture,3
iranian,3
upper,3
already,3
show,3
round,3
shorter,3
taken,3
rare,3
each,3
all,3
lutes,3
prehistoric,3
portable,3
slit,3
shoulder,3
half,3
vase,3
time,3
arched,3
cymbals,3
hands,3
ground,3
kithara,3
sound,3
hassan,3
bismya,3
above,3
owing,3
beni,3
right,3
produce,3
almost,3
arch,3
adorned,3
discovery,3
babylonia,3
far,3
pairs,3
sixth,3
musician,3
became,3
three,3
angle,3
pair,3
ptolemaic,3
dating,3
drums,3
sachs,3
oriental,3
excavated,3
sistra,3
so,3
straight,3
holes,3
box,3
mesopotamian,3
rattles,3
represented,3
musicologists,3
parallel,3
served,3
can,3
little,3
journal,3
away,3
though,3
sculptured,3
lincei,2
holds,2
bells,2
carried,2
consists,2
indication,2
front,2
order,2
he,2
horns,2
musik,2
change,2
africa,2
various,2
common,2
etude,2
meaning,2
names,2
developed,2
ishali,2
levels,2
seals,2
tapering,2
algar,2
began,2
notably,2
h,2
modes,2
simultaneously,2
religious,2
whole,2
use,2
scales,2
inandyk,2
existed,2
carchemish,2
shell,2
support,2
centuries,2
modified,2
references,2
fifteenth,2
accademia,2
ring,2
earliest,2
ivory,2
university,2
fixed,2
profane,2
then,2
section,2
following,2
pierces,2
ethnographic,2
series,2
menat,2
existence,2
chordophones,2
being,2
hymn,2
t,2
picture,2
volume,2
dans,2
few,2
temple,2
text,2
here,2
pneumatic,2
seven,2
naos,2
military,2
again,2
might,2
xanthos,2
appear,2
leather,2
fact,2
based,2
terminating,2
did,2
could,2
down,2
pressure,2
appearance,2
together,2
holder,2
become,2
any,2
thanks,2
end,2
before,2
diameter,2
plaques,2
nailed,2
ages,2
vibration,2
studies,2
formed,2
primitive,2
present,2
play,2
covered,2
due,2
reading,2
chicago,2
empire,2
univ,2
hides,2
elongated,2
assyrians,2
eastern,2
scene,2
catalogued,2
terracottas,2
musique,2
impression,2
basis,2
certain,2
siwa,2
inferred,2
harpe,2
nile,2
women,2
west,2
nineveh,2
situla,2
hurrite,2
satirical,2
example,2
tank,2
along,2
representing,2
die,2
against,2
ritual,2
nomad,2
vertically,2
favour,2
horizontally,2
adorning,2
literally,2
human,2
thus,2
mosaique,2
et,2
strung,2
sumer,2
dei,2
contorted,2
shown,2
aerophones,2
since,2
concave,2
archaeological,2
originated,2
times,2
does,2
finally,2
aulos,2
general,2
giant,2
bone,2
resembles,2
spread,2
procession,2
sur,2
protruding,2
arabic,2
probable,2
black,2
clay,2
latter,2
influence,2
eleven,2
written,2
pentatonic,2
simplest,2
concert,2
phoenician,2
isis,2
splendid,2
single,2
fables,2
structure,2
contemporaneously,2
player,2
slightly,2
pipe,2
world,2
etc,2
invented,2
enormous,2
stick,2
anatolia,2
word,2
songs,2
massive,2
widely,2
gourd,2
richly,2
vibrating,2
kept,2
survived,1
glued,1
lur,1
cite,1
frequent,1
dealing,1
aus,1
will,1
impossibility,1
ending,1
stage,1
therefore,1
der,1
boomerangs,1
decoration,1
palette,1
compares,1
ann,1
characterized,1
ashmolean,1
chains,1
bull,1
reduced,1
typologie,1
hegemony,1
beneath,1
tuning,1
mari,1
akten,1
mitteilungen,1
air,1
archdologische,1
van,1
transverse,1
supporting,1
fairly,1
continued,1
important,1
semiprecious,1
recall,1
if,1
iith,1
medieval,1
reeds,1
irish,1
oboe,1
usually,1
five,1
foreign,1
absent,1
tyrsting,1
hide,1
vienna,1
liege,1
halfway,1
how,1
timbrels,1
pieces,1
difficult,1
separated,1
judging,1
mat,1
return,1
transmits,1
fingers,1
forward,1
internationalen,1
press,1
sumerischen,1
november,1
connection,1
rome,1
fastened,1
e,1
babylonienne,1
dimensions,1
attaching,1
players,1
associated,1
palestinian,1
soueida,1
kish,1
collections,1
reconstruction,1
succession,1
eighteen,1
arm,1
kongresses,1
crete,1
survival,1
slipped,1
obliquely,1
thong,1
berlin,1
stops,1
flexible,1
contribution,1
hickmann,1
similar,1
contemporaneous,1
coupled,1
asian,1
recognize,1
kunst,1
movement,1
interesting,1
percussion,1
clarinets,1
scraper,1
replaced,1
fastening,1
hold,1
oases,1
class,1
phil,1
sticks,1
positive,1
pegs,1
stability,1
misinterpreted,1
bildern,1
brandishing,1
fragment,1
discoveries,1
once,1
competitions,1
naossistrum,1
wires,1
antiquities,1
giyan,1
symmetrical,1
supposed,1
brought,1
yet,1
denmark,1
kingdoms,1
ankara,1
kassite,1
ram,1
sudden,1
remains,1
suggested,1
makes,1
maintaining,1
iranische,1
originals,1
importance,1
barbaric,1
blare,1
ugarit,1
countries,1
east,1
borrowed,1
imitated,1
conical,1
require,1
former,1
proc,1
greeks,1
hathor,1
inspiration,1
greece,1
chronology,1
mouthpiece,1
trace,1
possibly,1
independently,1
mitani,1
detail,1
place,1
essential,1
position,1
neither,1
periods,1
dissertation,1
retained,1
history,1
occurred,1
silverware,1
primitif,1
evolved,1
melodies,1
signalling,1
zummara,1
tells,1
preserved,1
light,1
constant,1
bunch,1
cymbal,1
just,1
baghdad,1
same,1
balang,1
tongue,1
skin,1
amarna,1
experimental,1
slate,1
interpretation,1
membranophones,1
dendera,1
gets,1
indian,1
given,1
words,1
savants,1
du,1
w,1
largest,1
lure,1
lilissu,1
orbis,1
confirmed,1
identification,1
commonly,1
harpist,1
diffusion,1
constituted,1
ever,1
catalogue,1
rise,1
remarked,1
honoured,1
oblong,1
stones,1
armpit,1
hissar,1
cuneiform,1
rkp,1
hyksos,1
indonesia,1
abundant,1
extremities,1
fond,1
comprising,1
hence,1
amongst,1
lurs,1
slapping,1
note,1
eighth,1
preserves,1
painted,1
western,1
instance,1
s,1
en,1
nazionale,1
verlag,1
finger,1
av,1
sections,1
labelled,1
originally,1
ii,1
andalucia,1
power,1
give,1
restoration,1
penetrating,1
achamenid,1
larsa,1
feeling,1
purely,1
others,1
attempts,1
dynastic,1
pictured,1
tello,1
natural,1
similarly,1
erg,1
osiris,1
veb,1
proved,1
funerary,1
motifs,1
specimens,1
phoenicia,1
curve,1
whereas,1
water,1
j,1
missing,1
correspond,1
coptic,1
ancestor,1
lighter,1
unlike,1
including,1
votive,1
pharaoh,1
oval,1
extent,1
turin,1
nothing,1
wide,1
certainty,1
tradition,1
occurrence,1
unknown,1
striking,1
frequently,1
plucked,1
entered,1
begun,1
balag,1
simple,1
documents,1
typical,1
reminiscent,1
polyphonic,1
asterbad,1
plays,1
attempt,1
onwards,1
idiophones,1
fully,1
mesopotamienne,1
cinquantenaire,1
wrongly,1
underneath,1
presumably,1
described,1
sc,1
proves,1
plucks,1
pebbles,1
ff,1
reveal,1
pass,1
tetratonal,1
d,1
porcelain,1
desire,1
papyri,1
liturgy,1
brief,1
el,1
take,1
depictions,1
considerable,1
nail,1
goddess,1
worn,1
cores,1
bar,1
duct,1
elegant,1
musikgeschichte,1
forepart,1
loose,1
belonged,1
person,1
state,1
date,1
discs,1
further,1
consisted,1
minoenne,1
noise,1
reserved,1
effigy,1
classified,1
remarkable,1
born,1
normal,1
game,1
papyrus,1
scrape,1
somewhat,1
engraved,1
fable,1
because,1
war,1
embubu,1
dio,1
relations,1
essentially,1
figure,1
rounded,1
within,1
harpes,1
byzantium,1
hans,1
confused,1
hydraulos,1
stopped,1
unique,1
disproved,1
skane,1
study,1
nature,1
recently,1
produced,1
celebrated,1
gradually,1
less,1
see,1
twisted,1
akkadian,1
ones,1
heraklion,1
forth,1
varying,1
rimmer,1
quartet,1
dance,1
put,1
practice,1
cairo,1
ao,1
japan,1
tension,1
manuscripts,1
shortens,1
woman,1
classique,1
rijksmuseum,1
restitution,1
fiir,1
vii,1
pentatonal,1
iranienne,1
damascus,1
eastwards,1
presuppose,1
musikinstrumente,1
jewish,1
tubes,1
introductory,1
ostraca,1
survivance,1
tribes,1
predynastic,1
thighs,1
facetious,1
drumbest,1
wood,1
possibility,1
inscriptions,1
suspended,1
periphery,1
precursor,1
convenient,1
casting,1
equal,1
continent,1
invasion,1
remained,1
representations,1
palestine,1
sasanian,1
deutscher,1
preliminaire,1
huge,1
egyptians,1
none,1
uneven,1
unequal,1
contraption,1
designation,1
miniature,1
designates,1
possible,1
implies,1
r,1
private,1
line,1
those,1
categories,1
art,1
nubian,1
work,1
who,1
popular,1
moulds,1
examples,1
practical,1
instrumentale,1
magnificent,1
infer,1
bibliography,1
frets,1
paintings,1
stuck,1
upon,1
parthian,1
comprises,1
abstract,1
obvious,1
norton,1
after,1
cord,1
side,1
fine,1
rotating,1
likely,1
point,1
except,1
intermediary,1
through,1
carved,1
stag,1
despite,1
sarcophagi,1
increase,1
tombs,1
original,1
erroneously,1
pulsating,1
indigenous,1
trio,1
totally,1
hieroglyphic,1
concussion,1
arhus,1
minimum,1
enamelled,1
went,1
rather,1
bellows,1
chironomy,1
combining,1
conventional,1
prevented,1
totemic,1
atti,1
soc,1
hypotheses,1
circus,1
berytus,1
during,1
illustrate,1
arguments,1
copper,1
trumpet,1
inherited,1
corresponding,1
cassius,1
twin,1
representation,1
exist,1
westwards,1
iraniaul,1
hierarchy,1
organon,1
coming,1
beads,1
rows,1
terms,1
eyuk,1
real,1
while,1
continue,1
oboes,1
ceremonies,1
sees,1
previous,1
superseded,1
pictures,1
we,1
antiquite,1
complementaire,1
flutes,1
nor,1
orchestras,1
implement,1
accompanying,1
zoth,1
presence,1
orients,1
project,1
assyria,1
subsequent,1
shofar,1
commercial,1
dechiffrement,1
score,1
connections,1
low,1
development,1
difference,1
run,1
bent,1
psalteries,1
sherd,1
placing,1
royalty,1
attributed,1
adding,1
authors,1
clapper,1
national,1
monkey,1
pipes,1
disguised,1
inedite,1
cannot,1
diversified,1
perpendicular,1
pierced,1
decorated,1
good,1
chiefly,1
peculiar,1
relatively,1
regarded,1
joined,1
instead,1
ist,1
probleme,1
teheran,1
pomegranates,1
allowed,1
proceeding,1
kultur,1
publications,1
hard,1
double,1
hunter,1
plectre,1
clarinet,1
zinar,1
fr,1
him,1
resonator,1
smaller,1
suggest,1
simpler,1
high,1
writer,1
am,1
nine,1
kilmer,1
semitic,1
variously,1
piece,1
kind,1
archaeology,1
definite,1
filled,1
forming,1
off,1
aegypten,1
earlier,1
organ,1
mediterranean,1
recorded,1
category,1
last,1
quite,1
hexatonic,1
theoretical,1
susa,1
came,1
inserted,1
invention,1
allusions,1
recalling,1
elements,1
belt,1
guitar,1
roughly,1
complementarie,1
sitting,1
antiquus,1
curved,1
facing,1
queen,1
internal,1
luristan,1
although,1
highly,1
laces,1
apollo,1
bridge,1
bray,1
iranien,1
serving,1
leningrad,1
designating,1
ninth,1
sense,1
minoan,1
six,1
notation,1
certainly,1
castanets,1
tightened,1
gracefully,1
juts,1
ornaments,1
byblos,1
ancestors,1
musee,1
honour,1
pictogram,1
hist,1
succeeded,1
carthage,1
effect,1
reached,1
yielded,1
burma,1
th,1
compare,1
beginning,1
sharing,1
occasions,1
fur,1
texts,1
generally,1
up,1
tablets,1
upwards,1
exclusively,1
valley,1
statue,1
entire,1
develop,1
chronique,1
slipping,1
proper,1
much,1
cordes,1
games,1
staff,1
organs,1
ends,1
indicate,1
deeply,1
north,1
document,1
cross,1
reflected,1
evidence,1
traits,1
political,1
alten,1
cultural,1
pitches,1
actions,1
favoured,1
stamping,1
avoid,1
orientale,1
plutarch,1
belgium,1
walls,1
china,1
psalterion,1
