WORDCOUNTS,WEIGHT
of,62
and,59
the,48
archaeology,41
in,33
uk,15
to,14
a,13
for,12
or,11
are,11
university,10
by,10
publication,10
as,10
papers,9
early,9
no,8
routledge,8
vol,8
is,7
any,7
department,7
london,7
be,7
world,7
at,6
past,6
on,6
with,5
ed,5
new,5
cultural,5
reading,5
issues,5
this,5
archaeological,5
will,4
square,4
college,4
submission,4
southeast,4
from,4
subscription,4
all,4
england,4
invited,4
southampton,4
social,4
research,4
may,3
arctic,3
institutions,3
above,3
oxford,3
monuments,3
approaches,3
technology,3
addressed,3
these,3
please,3
that,3
ancient,3
burial,3
institute,3
opy,3
journals,3
art,3
work,3
october,3
richard,3
food,3
individuals,3
which,3
such,3
g,3
change,3
include,3
usa,3
enquiries,3
bradley,3
technological,3
north,3
traditions,3
should,3
gordon,3
christian,2
perspectives,2
contact,2
economic,2
been,2
through,2
subsistence,2
strongly,2
their,2
whiteknights,2
miscellany,2
months,2
studies,2
stephen,2
objects,2
management,2
history,2
processing,2
chris,2
before,2
po,2
biography,2
age,2
williams,2
regional,2
symbolic,2
t,2
published,2
mound,2
more,2
here,2
ii,2
colonization,2
water,2
aspect,2
prehistoric,2
s,2
available,2
gosden,2
liverpool,2
type,2
february,2
sacred,2
political,2
durham,2
ruined,2
road,2
within,2
terms,2
population,2
see,2
case,2
issue,2
design,2
howard,2
subscriptions,2
journal,2
its,2
techniques,2
asian,2
place,2
climatic,2
writing,2
human,2
editor,2
significance,2
three,2
have,2
peter,2
field,2
box,2
submissions,2
defined,2
thomas,2
concerning,2
june,2
back,2
systems,2
including,2
copyright,2
evidence,2
rates,2
row,2
south,1
caves,1
it,1
critical,1
not,1
transhumance,1
topic,1
islamic,1
rate,1
annum,1
page,1
m,1
note,1
africa,1
architecture,1
cesar,1
science,1
if,1
medieval,1
sometimes,1
kenneth,1
meaning,1
l,1
usually,1
pilgrimage,1
licensing,1
glasgow,1
tropics,1
obtained,1
gender,1
how,1
bound,1
comparative,1
fear,1
hoarding,1
landscape,1
extreme,1
islands,1
primarily,1
e,1
permission,1
dimensions,1
conceptions,1
directions,1
environments,1
cornelius,1
introduction,1
currency,1
millennia,1
production,1
per,1
sarah,1
they,1
landscapes,1
church,1
b,1
becoming,1
picts,1
countries,1
complex,1
thailand,1
ceramics,1
cyprus,1
innovation,1
why,1
changes,1
special,1
k,1
methods,1
agency,1
britain,1
construction,1
analysis,1
biological,1
about,1
edited,1
fetter,1
museum,1
reference,1
eighteen,1
arid,1
typeset,1
empires,1
represents,1
pp,1
parcero,1
monumental,1
soon,1
licenses,1
under,1
considered,1
bain,1
consider,1
chronology,1
holtorf,1
quantitative,1
colonialism,1
cemetery,1
into,1
specialization,1
suggestions,1
elisabeth,1
then,1
quarries,1
manning,1
watson,1
ideology,1
subarctic,1
accordance,1
accelerated,1
al,1
changing,1
w,1
monumentalization,1
industrial,1
four,1
ethnoarchaeology,1
highlight,1
criado,1
linguistics,1
celtic,1
wherever,1
resource,1
december,1
only,1
archaeologists,1
bacus,1
surface,1
follow,1
priced,1
precise,1
requested,1
bronze,1
us,1
constructed,1
volume,1
titles,1
members,1
offers,1
boado,1
law,1
neolithic,1
protohistory,1
cover,1
later,1
weaponry,1
postage,1
address,1
musical,1
natural,1
thresholds,1
worked,1
reflections,1
marshall,1
rock,1
addition,1
j,1
advertisements,1
analytical,1
asia,1
riverine,1
definition,1
gary,1
santos,1
lock,1
ceramic,1
innovations,1
did,1
incorporating,1
societies,1
yorkshire,1
buddhist,1
histories,1
found,1
pastoralism,1
printed,1
great,1
gibbins,1
conor,1
p,1
treatments,1
hoards,1
post,1
time,1
humid,1
newman,1
classical,1
scotland,1
plan,1
end,1
religion,1
dowson,1
reproduction,1
listing,1
i,1
man,1
lifecycles,1
shennan,1
culture,1
watercraft,1
late,1
places,1
hants,1
date,1
biogeography,1
plate,1
those,1
geography,1
pitt,1
rahway,1
context,1
designs,1
contents,1
form,1
michael,1
system,1
making,1
particular,1
emma,1
otherwise,1
rewriting,1
attitudes,1
seasonal,1
theory,1
eds,1
books,1
ethnography,1
blake,1
public,1
coastal,1
iv,1
demography,1
agriculture,1
memory,1
draw,1
studying,1
aspects,1
oppida,1
addresses,1
well,1
explored,1
cheriton,1
aging,1
estevez,1
artefacts,1
prior,1
some,1
remote,1
future,1
politics,1
semple,1
technologies,1
urban,1
sturt,1
driscoll,1
middle,1
periodicals,1
planning,1
permitted,1
treated,1
possible,1
r,1
transport,1
nomads,1
bell,1
except,1
part,1
banbury,1
yvonne,1
aa,1
communication,1
tombs,1
copies,1
apply,1
anticipated,1
nutrition,1
publishers,1
identity,1
experiencing,1
reprographic,1
assumptions,1
use,1
warfare,1
tale,1
island,1
rivers,1
editorial,1
broad,1
collective,1
congress,1
dietler,1
people,1
survey,1
moments,1
intimate,1
eligible,1
advertising,1
pagan,1
personal,1
full,1
language,1
theories,1
dating,1
theoretical,1
patents,1
survival,1
theme,1
gilchrist,1
trade,1
vietnam,1
health,1
made,1
september,1
chemical,1
aaron,1
interest,1
ireland,1
responses,1
issn,1
contributors,1
applicable,1
relations,1
times,1
mesopotamia,1
although,1
mailing,1
rites,1
land,1
issued,1
general,1
chronologies,1
sample,1
high,1
mines,1
roberta,1
order,1
discounted,1
palaeolithic,1
area,1
excavation,1
contributions,1
reuse,1
urbanization,1
megaliths,1
stored,1
david,1
perspective,1
mitchell,1
specific,1
architectural,1
region,1
soils,1
stones,1
six,1
craft,1
single,1
biomolecular,1
c,1
felipe,1
andover,1
methodological,1
cognition,1
abercromby,1
storage,1
up,1
st,1
instruments,1
pasts,1
focus,1
paid,1
details,1
correspondence,1
we,1
y,1
inquiries,1
recent,1
notes,1
stone,1
itps,1
broader,1
strategies,1
looking,1
manuel,1
archaeometallurgy,1
