WORDCOUNTS,WEIGHT
the,699
of,574
and,286
in,285
a,152
to,134
was,114
indian,83
india,81
this,63
that,61
on,57
by,56
ancient,52
archaeological,49
is,48
archaeology,47
with,47
his,46
were,45
as,44
for,42
he,42
an,42
it,37
survey,36
historical,34
which,33
from,33
at,31
society,31
sites,30
period,29
be,29
these,28
there,27
asiatic,27
its,24
been,24
not,24
one,22
all,22
century,22
prehistoric,22
journal,21
j,21
has,21
had,20
also,20
k,20
studies,19
no,19
have,19
or,18
but,18
subcontinent,18
who,18
some,17
are,17
researches,17
remains,17
history,16
first,16
their,16
important,16
dilip,16
study,15
early,15
into,14
bengal,14
discoveries,14
monuments,14
about,14
two,14
made,14
h,13
other,13
excavations,13
asiatick,13
chakrabarti,13
published,13
would,13
development,12
basic,12
palaeolithic,12
most,12
south,12
marshall,12
only,12
context,11
such,11
m,11
during,11
field,11
significant,11
both,11
point,11
t,10
attention,10
scientific,10
more,10
many,10
main,10
cunningham,10
became,10
d,10
major,10
before,9
tradition,9
civilization,9
university,9
near,9
because,9
data,9
research,9
under,9
time,9
number,9
discovery,9
eighteenth,9
discovered,9
bombay,9
what,9
press,9
between,9
c,9
origin,8
account,8
framework,8
royal,8
de,8
may,8
basis,8
part,8
still,8
indus,8
new,8
explorations,8
general,8
him,8
james,8
antiquities,8
any,8
must,8
country,8
alexander,8
buddhist,8
beginning,8
protohistoric,8
geographical,8
groups,7
large,7
nineteenth,7
government,7
along,7
central,7
interest,7
geological,7
details,7
industries,7
prehistory,7
calcutta,7
found,7
p,7
understood,7
own,7
annual,7
universities,7
various,7
historic,7
different,7
them,7
middle,7
pakistan,7
area,7
among,7
later,6
they,6
modern,6
excavation,6
total,6
human,6
attempt,6
primary,6
implements,6
site,6
view,6
out,6
further,6
r,6
work,6
description,6
issues,6
systematic,6
periods,6
f,6
second,6
john,6
do,6
present,6
where,6
remained,6
concern,6
architectural,6
associated,6
over,6
cultures,6
coins,6
until,6
surveys,6
if,5
linguistic,5
long,5
s,5
investigations,5
east,5
himself,5
since,5
witnessed,5
even,5
jones,5
ruins,5
b,5
contemporaries,5
observations,5
late,5
academic,5
cultural,5
well,5
place,5
records,5
people,5
results,5
will,5
yet,5
culture,5
areas,5
geography,5
centre,5
understanding,5
writings,5
theoretical,5
clear,5
started,5
primarily,5
gangetic,5
volumes,5
methods,5
wheeler,5
series,5
precise,5
down,5
past,5
emphasis,5
city,5
years,5
initiated,5
although,5
provided,5
valley,5
gujarat,4
laid,4
something,4
descriptions,4
du,4
paterson,4
historians,4
rennell,4
analyses,4
rich,4
help,4
those,4
within,4
possible,4
west,4
apart,4
surveyor,4
review,4
cases,4
hardly,4
identification,4
l,4
elephanta,4
travels,4
lay,4
image,4
branch,4
elsewhere,4
w,4
protohistory,4
called,4
third,4
aryan,4
scene,4
decipherment,4
related,4
brahminabad,4
gave,4
northwest,4
broad,4
structures,4
than,4
excavated,4
few,4
always,4
world,4
notes,4
activities,4
nations,4
chronological,4
fa,4
situation,4
wrote,4
pp,4
thought,4
perron,4
prinsep,4
already,4
reports,4
temples,4
contemporary,4
considerable,4
see,4
upon,4
began,4
approach,4
described,4
publication,4
features,4
played,4
can,4
impressive,4
analysis,4
when,4
then,4
mortimer,4
did,4
half,4
particularly,4
far,4
better,4
william,4
particular,4
distribution,4
role,4
need,4
north,4
recent,4
successive,4
problem,3
dominant,3
now,3
done,3
valle,3
concerned,3
succession,3
drawings,3
contexts,3
lower,3
being,3
said,3
every,3
military,3
vols,3
nature,3
topes,3
della,3
subsequent,3
maurice,3
current,3
case,3
recorded,3
imam,3
variations,3
collection,3
phase,3
historically,3
xuan,3
g,3
rooted,3
given,3
old,3
concerning,3
drawn,3
archaeologist,3
delivered,3
sanskrit,3
foote,3
how,3
megalithic,3
process,3
neatly,3
earlier,3
importance,3
certain,3
parts,3
developments,3
deccan,3
dated,3
n,3
age,3
followed,3
could,3
institute,3
tools,3
aryans,3
information,3
planning,3
ideal,3
knowledge,3
apparent,3
whole,3
year,3
size,3
topographical,3
mitra,3
settlement,3
around,3
sankalia,3
several,3
newly,3
finds,3
limited,3
plans,3
madras,3
structural,3
single,3
stupas,3
same,3
increasingly,3
picture,3
others,3
put,3
added,3
outside,3
idea,3
soan,3
end,3
man,3
material,3
lost,3
explanation,3
sequence,3
ideas,3
authors,3
individual,3
so,3
appointment,3
antiquity,3
assistants,3
we,3
increasing,3
pieces,3
independence,3
detailed,3
articles,3
interpretive,3
conservation,3
matters,3
thinking,3
demonstrate,3
nepal,3
set,3
each,3
books,3
pietro,3
living,3
following,3
terms,3
nationalist,3
while,3
migrations,3
too,3
engineer,3
through,3
tried,3
went,3
territory,3
our,3
come,3
course,3
sen,3
much,3
hypothesis,3
geographique,2
horizontal,2
inscriptional,2
represent,2
e,2
needed,2
complex,2
instructions,2
alive,2
approaches,2
bhima,2
pillar,2
worth,2
island,2
anything,2
stressed,2
sources,2
taken,2
script,2
worked,2
stretch,2
principles,2
europe,2
belong,2
laboratory,2
reasons,2
religion,2
state,2
emphasized,2
mr,2
robert,2
ruined,2
discipline,2
reading,2
romanticism,2
racial,2
ad,2
british,2
plain,2
u,2
right,2
felt,2
determined,2
condition,2
bibliography,2
except,2
very,2
establishment,2
pataliputra,2
thus,2
terra,2
due,2
exponent,2
buddhism,2
memorandum,2
amount,2
memoir,2
appreciated,2
traditions,2
chinese,2
grecian,2
scripts,2
influence,2
burkitt,2
phases,2
town,2
whose,2
german,2
without,2
partition,2
daro,2
indological,2
developed,2
notices,2
cave,2
kanheri,2
references,2
consider,2
objects,2
established,2
literary,2
ellora,2
linked,2
proposed,2
spirit,2
orissa,2
bruce,2
argued,2
four,2
show,2
jacobson,2
beyond,2
peninsula,2
problems,2
explain,2
dug,2
preference,2
zang,2
came,2
lead,2
plateau,2
search,2
her,2
linschoten,2
glacial,2
equally,2
transactions,2
caves,2
journals,2
grounds,2
burgess,2
pleistocene,2
christianity,2
directly,2
participation,2
bc,2
sculpture,2
training,2
faithfully,2
positions,2
continuation,2
fit,2
officers,2
xian,2
et,2
call,2
sculptural,2
konarak,2
personal,2
reflect,2
chevalier,2
regions,2
good,2
stage,2
stupa,2
le,2
discourse,2
royale,2
quite,2
textual,2
panjab,2
sculptures,2
manikiyala,2
generally,2
orthodox,2
up,2
paid,2
roots,2
cycle,2
reflected,2
valuable,2
digging,2
subsequently,2
natural,2
led,2
arrangement,2
architecture,2
identified,2
short,2
comparative,2
appreciate,2
etc,2
whatever,2
make,2
positive,2
jiwarji,2
sri,2
reference,2
fifth,2
us,2
light,2
constitute,2
bangladesh,2
french,2
mark,2
again,2
reporting,2
principally,2
head,2
scholars,2
niebuhr,2
crop,2
classical,2
everything,2
doubt,2
never,2
ages,2
took,2
adjacent,2
perhaps,2
another,2
local,2
demonstrated,2
region,2
sind,2
top,2
entirely,2
asian,2
largely,2
virtually,2
francis,2
radiocarbon,2
theories,2
students,2
significance,2
narmada,2
three,2
emphasizing,2
achieved,2
points,2
after,2
megaliths,2
mohenjo,2
relation,2
britain,2
influences,2
plate,2
ground,2
ujjayini,2
la,2
relics,2
brown,2
penguin,2
note,2
she,2
continued,2
recall,2
sometimes,2
usually,2
order,2
affinity,2
sequences,2
rapidly,2
fields,2
considered,2
proof,2
neglected,2
contained,2
mentioned,2
measurements,2
druids,2
known,2
temple,2
here,2
survivals,2
languages,2
paper,2
organized,2
interested,2
exploration,2
universal,2
report,2
clearly,2
edicts,2
works,2
catalogue,2
microlithic,2
carefully,2
investigation,2
accounts,2
inscriptions,2
fully,2
foundations,2
secure,2
careful,2
introduced,2
unitary,2
isolated,2
prepared,2
andhra,2
enthusiasm,2
bellasis,2
nile,2
aware,2
fauna,2
colleagues,2
attempted,2
respective,2
themselves,2
scholarship,2
tamil,2
element,2
traditional,2
should,2
final,1
difficult,1
does,1
archives,1
baluchistan,1
amplify,1
mostly,1
owes,1
metal,1
autres,1
sussex,1
common,1
way,1
medieval,1
names,1
till,1
encouraged,1
go,1
culminated,1
career,1
deserve,1
affected,1
expedition,1
resulted,1
college,1
cut,1
cammiade,1
propagation,1
alone,1
fragmented,1
pradesh,1
village,1
speakers,1
settlements,1
replaced,1
essays,1
mankind,1
stone,1
formed,1
likely,1
true,1
curricula,1
nelore,1
easily,1
linde,1
poliakov,1
barbaric,1
monolithic,1
duke,1
former,1
shadowy,1
anthropology,1
acceptance,1
trace,1
position,1
western,1
fixed,1
afghanistan,1
equated,1
amply,1
individually,1
observing,1
dig,1
posthumus,1
arcot,1
source,1
absence,1
chief,1
helm,1
fitted,1
highlighted,1
archaeologists,1
perusal,1
stuart,1
familiarity,1
wrong,1
ghosh,1
creation,1
rajputana,1
localities,1
anon,1
neolithic,1
ii,1
severely,1
give,1
might,1
questioned,1
palaeoliths,1
huighen,1
promoting,1
england,1
official,1
asia,1
medlicott,1
company,1
immense,1
shaped,1
attractive,1
copy,1
excavating,1
leading,1
paramount,1
broken,1
together,1
conolly,1
includes,1
momentum,1
babington,1
potwar,1
nineteen,1
studied,1
springboards,1
transferred,1
link,1
krishna,1
footsteps,1
court,1
carnegie,1
debt,1
fascinated,1
integrate,1
ancestry,1
fresh,1
periplus,1
petty,1
raj,1
stand,1
sacred,1
conserve,1
wilford,1
principal,1
mahabalipuram,1
political,1
somewhat,1
adjunta,1
orissan,1
growing,1
acknowledged,1
invasions,1
occasional,1
majumdar,1
corresponded,1
dr,1
inquire,1
roy,1
eastern,1
key,1
albeit,1
piyadasi,1
task,1
guidelines,1
sought,1
conditioned,1
aurel,1
march,1
solving,1
burnes,1
chapter,1
mythology,1
indirectly,1
vol,1
enumerating,1
opened,1
probing,1
marked,1
sixteenth,1
lanka,1
activity,1
illustrate,1
bricklayers,1
soils,1
epigraphy,1
magazine,1
stratigraphy,1
taking,1
headed,1
say,1
conceptual,1
coolies,1
decoding,1
handicaps,1
quantity,1
compares,1
mountains,1
correlation,1
totally,1
unhappy,1
letter,1
todd,1
diversity,1
interestingly,1
learned,1
epigraphical,1
natives,1
goal,1
parcelled,1
iron,1
throughout,1
ice,1
sankisa,1
surely,1
proceeded,1
explained,1
severe,1
objective,1
visited,1
carsten,1
unpublished,1
author,1
terraces,1
forgotten,1
relations,1
literati,1
shaft,1
inspiring,1
grouped,1
geographiques,1
cautley,1
kind,1
guided,1
thing,1
rank,1
distinct,1
nor,1
perspective,1
hacket,1
cali,1
profound,1
pierre,1
ranjit,1
served,1
egypt,1
arranged,1
continuous,1
effective,1
hindoostan,1
publications,1
burma,1
undertaking,1
identifications,1
look,1
nalanda,1
deeply,1
pandoo,1
leadership,1
acknowledge,1
maclehose,1
aristocracy,1
van,1
fergusson,1
aim,1
seventh,1
disbanded,1
oxford,1
reconstructed,1
colin,1
recognized,1
adequate,1
plotted,1
adjunct,1
turmoil,1
act,1
bring,1
harrington,1
growth,1
factual,1
impetus,1
shy,1
stages,1
edward,1
illustration,1
organizing,1
appreciation,1
fringe,1
patronage,1
remote,1
completely,1
active,1
suffer,1
goes,1
determining,1
demarcating,1
turn,1
japanese,1
huge,1
contributions,1
witness,1
stein,1
black,1
echoed,1
stratigraphical,1
white,1
awareness,1
overlooked,1
factors,1
miscellaneous,1
discoverers,1
guides,1
reason,1
understand,1
arikamedu,1
settled,1
escape,1
posthumously,1
monumental,1
antiqua,1
greeks,1
escaped,1
possibly,1
river,1
statistical,1
ceylon,1
baroda,1
hakluytus,1
latin,1
proved,1
brahmi,1
section,1
director,1
objectivity,1
placed,1
traces,1
invariably,1
glorious,1
excitement,1
exploratory,1
inspiration,1
alluvium,1
upper,1
coldly,1
situations,1
initiative,1
foothill,1
superior,1
additional,1
notions,1
imprimerie,1
ventura,1
hit,1
opinion,1
salient,1
retirement,1
appear,1
conquest,1
descriptive,1
character,1
opening,1
yielding,1
expressed,1
anquetil,1
my,1
rigours,1
acceptable,1
bulmer,1
extent,1
modernity,1
societies,1
critic,1
rule,1
entered,1
begun,1
typical,1
relating,1
effort,1
deal,1
scotland,1
demands,1
facilitate,1
relate,1
centrally,1
mythical,1
philosophical,1
attained,1
sarnath,1
accurately,1
lord,1
allchin,1
cuts,1
appears,1
viewed,1
sig,1
cannot,1
priorities,1
immemorial,1
wealth,1
record,1
pollen,1
procedures,1
masterly,1
wide,1
january,1
facsimiles,1
philosophic,1
briefly,1
receive,1
neilgherry,1
gaya,1
shape,1
nichols,1
provincial,1
keeping,1
sounded,1
sepulchral,1
carte,1
seeking,1
spheres,1
line,1
urgency,1
used,1
scope,1
implement,1
received,1
blue,1
writers,1
imagined,1
future,1
concept,1
scythians,1
brought,1
london,1
rajendralal,1
nation,1
lays,1
penetrating,1
revealed,1
tip,1
methodical,1
literature,1
piecing,1
bible,1
discussions,1
postulated,1
climatic,1
beginnings,1
fruitful,1
churning,1
mallet,1
rise,1
employed,1
sun,1
president,1
interpreted,1
cornerstone,1
memoirs,1
strongest,1
towards,1
encounters,1
mayurbhanj,1
either,1
analysed,1
change,1
social,1
whilst,1
least,1
closing,1
sense,1
correct,1
successful,1
describing,1
manners,1
retired,1
buildings,1
oujein,1
things,1
outwash,1
politically,1
emerging,1
sake,1
involved,1
ozene,1
samkassa,1
driving,1
migration,1
wider,1
choose,1
revealing,1
anthropomorph,1
epigraphist,1
industry,1
invaluable,1
suddenly,1
cylinders,1
coast,1
progress,1
necessity,1
ougein,1
notice,1
relic,1
value,1
labelled,1
developmental,1
preliminary,1
inducted,1
inhabiting,1
moved,1
invidious,1
sporadic,1
cite,1
flourished,1
ariana,1
numismatics,1
tasks,1
stirling,1
demand,1
matter,1
territorial,1
bringing,1
cherish,1
doab,1
barrows,1
surprisingly,1
techniques,1
steadily,1
anniversary,1
ten,1
puri,1
nearly,1
attaching,1
prove,1
epigraphia,1
indicates,1
comments,1
wheels,1
backdrop,1
southern,1
iran,1
hitherto,1
tends,1
direction,1
authenticity,1
southeast,1
vicinity,1
sponsorship,1
guide,1
communities,1
demolished,1
antiquarian,1
museum,1
examined,1
read,1
fights,1
esoteric,1
soon,1
financial,1
evolved,1
metallurgical,1
exposure,1
bhagawanlal,1
dictates,1
included,1
contrees,1
planned,1
antiquary,1
complete,1
jagannath,1
performed,1
ed,1
locality,1
iranian,1
infused,1
puratattva,1
largest,1
belonging,1
indians,1
noted,1
regional,1
geologists,1
buddha,1
fairly,1
sketch,1
useful,1
volume,1
successfully,1
bits,1
challenge,1
stated,1
geochronological,1
journey,1
purely,1
fragmentation,1
haute,1
preferences,1
deserves,1
raisonne,1
addition,1
successively,1
analytical,1
unstratified,1
fact,1
shows,1
ceramic,1
consideration,1
coincidence,1
fundamental,1
recurrent,1
relates,1
superficial,1
occupations,1
indies,1
plan,1
agree,1
appeared,1
abstract,1
choice,1
banks,1
sahni,1
pattern,1
seldom,1
discussed,1
eclaircissemens,1
bourdeaux,1
resuscitation,1
enough,1
racist,1
monographs,1
v,1
paris,1
viceroy,1
remarkable,1
operating,1
kharosthi,1
manner,1
seventeenth,1
less,1
numismatist,1
necessary,1
ahead,1
colony,1
branched,1
deep,1
assortment,1
intangible,1
ethiopia,1
free,1
realize,1
valleys,1
poona,1
interpreting,1
sir,1
discourses,1
credit,1
emanating,1
casual,1
extended,1
vast,1
divided,1
agrawal,1
background,1
treated,1
easier,1
bear,1
inscription,1
formal,1
distinctly,1
previously,1
tank,1
increase,1
samples,1
findings,1
pallavaram,1
complement,1
hypotheses,1
factor,1
purchas,1
jerome,1
affects,1
resulting,1
satisfactorily,1
questions,1
glyn,1
ethnic,1
evolution,1
roman,1
birbal,1
mahabalipooram,1
actual,1
aids,1
examination,1
stay,1
national,1
literate,1
careri,1
dull,1
asokan,1
attraction,1
patna,1
biblical,1
reality,1
directed,1
comprehensive,1
dominated,1
interpret,1
stanislas,1
times,1
pride,1
allowed,1
characterized,1
like,1
spread,1
direct,1
encyclopaedists,1
plant,1
thevenot,1
analysing,1
high,1
autochthones,1
lie,1
kept,1
accurate,1
probable,1
hindus,1
ptolemy,1
believing,1
repelled,1
men,1
labels,1
written,1
include,1
wilkins,1
trying,1
evolutionary,1
antiquitf,1
successors,1
land,1
wise,1
topics,1
exactly,1
supported,1
structure,1
judgement,1
taxila,1
statue,1
story,1
attracted,1
bestowed,1
saw,1
joint,1
professional,1
basically,1
pottery,1
quarter,1
incoming,1
copying,1
visit,1
archaic,1
european,1
populace,1
depth,1
fifty,1
christian,1
violation,1
today,1
belonged,1
publishing,1
delhi,1
scrutinized,1
independent,1
provide,1
brahminism,1
movements,1
punjab,1
figure,1
five,1
foreign,1
cuttack,1
applicability,1
hill,1
attitude,1
favour,1
allahabad,1
bulletin,1
beneficiary,1
success,1
directing,1
translation,1
yale,1
landmarks,1
millennia,1
proposition,1
contribution,1
excited,1
macock,1
try,1
countries,1
linking,1
detects,1
life,1
why,1
successor,1
inspired,1
impersonal,1
mounds,1
frontier,1
oldest,1
stratified,1
types,1
centuries,1
elder,1
aboriginal,1
arts,1
sailors,1
gathered,1
rigorous,1
joseph,1
detail,1
echoes,1
family,1
undertook,1
revolutionized,1
historique,1
environment,1
duncan,1
stratigraphic,1
asie,1
buddal,1
singular,1
spell,1
believed,1
salset,1
analogues,1
complexity,1
tapestry,1
founded,1
manual,1
mackenzie,1
simply,1
constituted,1
detect,1
tod,1
log,1
theme,1
summit,1
ghats,1
scrutiny,1
behat,1
bronze,1
organization,1
goldingham,1
trenches,1
besides,1
sciences,1
quaternary,1
plusieurs,1
know,1
branches,1
bk,1
anthropological,1
indica,1
correspond,1
ancestor,1
reversal,1
specialized,1
meadows,1
novel,1
innovations,1
seem,1
prominence,1
expense,1
palibothra,1
unacknowledged,1
benares,1
commnon,1
foundation,1
contradictory,1
perfectly,1
visits,1
cities,1
pit,1
consciousness,1
assessment,1
february,1
places,1
turned,1
justify,1
scholarly,1
liquid,1
cavern,1
explanations,1
fuller,1
economy,1
receiving,1
unique,1
whether,1
form,1
indraji,1
making,1
imposed,1
agricultural,1
preoccupation,1
passed,1
map,1
theory,1
ripe,1
saharanpur,1
travellers,1
supplemented,1
thames,1
malabar,1
dalrymple,1
thousands,1
bureaucratic,1
influenced,1
almost,1
travel,1
popular,1
little,1
outline,1
level,1
northwestern,1
logical,1
extracts,1
sheer,1
conclude,1
despite,1
content,1
duty,1
ethiopians,1
ram,1
celt,1
focal,1
manifold,1
subject,1
transition,1
pyke,1
step,1
assumptions,1
investigated,1
caskets,1
copper,1
families,1
breakthrough,1
mention,1
think,1
seek,1
manikayala,1
ultimately,1
touch,1
ignored,1
cambridge,1
copies,1
twentieth,1
paradigm,1
dasgupta,1
exerted,1
chemical,1
grant,1
revolutionize,1
manufacturers,1
joined,1
bhita,1
gravel,1
integrated,1
correlated,1
evidence,1
sur,1
manufacture,1
states,1
integration,1
recourse,1
buchanan,1
geologist,1
captain,1
measured,1
typology,1
association,1
deductions,1
roughly,1
reorganized,1
harappa,1
flora,1
charles,1
bose,1
trader,1
plethora,1
correlate,1
farozabad,1
uncertainty,1
entire,1
develop,1
strong,1
mint,1
comparable,1
whenever,1
taylor,1
colonel,1
famous,1
asked,1
doing,1
urns,1
race,1
close,1
customs,1
elucidation,1
retrospect,1
