WORDCOUNTS,WEIGHT
of,489
the,417
and,282
in,249
to,140
archaeological,82
a,77
lipids,74
for,67
that,57
are,56
be,54
from,53
by,45
as,45
r,43
is,43
h,41
lipid,40
their,38
with,38
et,37
on,37
al,36
materials,34
can,31
or,29
archaeology,29
p,28
this,28
fatty,27
have,27
biomolecular,26
organic,25
j,24
biomarkers,23
acids,23
use,23
at,22
been,22
compounds,21
structures,21
other,20
evershed,20
an,18
such,17
will,17
also,17
which,17
plant,17
natural,17
animal,16
chemical,16
cholesterol,15
has,15
l,15
components,15
residues,15
may,14
ancient,14
preservation,14
c,14
found,13
those,13
some,13
used,13
these,13
were,13
contamination,13
animals,12
biological,12
analysis,12
plants,12
potential,12
composition,11
products,11
application,11
acid,11
w,11
decay,11
chain,11
eg,11
extracts,11
press,11
although,11
evidence,11
occur,11
it,10
into,10
origin,10
due,10
based,10
biomolecules,10
text,10
present,10
classes,10
carbon,10
bile,9
they,9
s,9
sterols,9
resins,9
identification,9
study,9
most,9
recovered,9
produced,9
fats,9
two,9
examples,9
compositions,9
individual,9
relative,9
abundance,9
past,9
major,9
wax,8
above,8
human,8
g,8
journal,8
was,8
soil,8
f,8
dna,8
range,8
beeswax,8
exists,8
gas,8
wood,8
mass,8
d,8
microbial,7
analyses,7
investigations,7
waxes,7
interest,7
high,7
b,7
university,7
because,7
scope,7
likely,7
triterpenoids,7
more,7
analytical,7
bitumens,7
structure,7
widely,7
species,7
means,7
antiquity,7
not,7
presence,7
degradation,7
information,7
specific,7
substantial,7
e,6
sterol,6
contexts,6
being,6
white,6
exploited,6
m,6
important,6
identifying,6
burial,6
proportions,6
its,6
potsherds,6
occurrence,6
where,6
made,6
would,6
gc,6
preserved,6
detection,6
include,6
between,6
o,5
studies,5
total,5
t,5
all,5
principles,5
mills,5
molecular,5
i,5
very,5
asphalts,5
relatively,5
given,5
site,5
than,5
importance,5
commonly,5
origins,5
surface,5
generally,5
interpretations,5
late,5
further,5
applied,5
wide,5
oh,5
well,5
basis,5
related,5
progress,5
limited,5
interpretation,5
same,5
many,5
contemporary,5
generic,5
new,5
samples,5
co,5
palaeontology,5
alkyl,5
provides,5
diterpenoid,5
provide,5
mixture,5
figure,5
jar,5
table,5
types,5
must,5
report,5
particularly,5
constant,5
extent,5
while,5
contain,5
through,5
techniques,5
faecal,5
remains,5
functional,4
properties,4
biomarker,4
acyl,4
quantities,4
activity,4
occurring,4
chromatography,4
exist,4
development,4
characteristic,4
resin,4
sterane,4
concerning,4
general,4
higher,4
bog,4
k,4
mixtures,4
age,4
molecules,4
unglazed,4
required,4
method,4
possibility,4
artefacts,4
data,4
triterpenoid,4
during,4
chemistry,4
involved,4
few,4
highly,4
provided,4
finds,4
inturned,4
detected,4
various,4
constituents,4
bowl,4
vegetables,4
tars,4
double,4
lack,4
time,4
distributions,4
discussed,4
necessary,4
material,4
number,4
oil,4
survive,4
organisms,4
including,4
derived,4
applications,4
seen,4
often,4
dead,4
pp,4
any,4
bronze,4
correspond,4
different,4
proceedings,4
atoms,4
bacteria,4
both,4
sea,4
egyptian,4
using,4
chromatograms,4
ho,4
biochemistry,4
spectra,4
area,4
association,4
uk,4
pitches,4
reactive,3
if,3
concerned,3
indicated,3
determine,3
introduction,3
one,3
peaks,3
modern,3
first,3
consistent,3
hence,3
long,3
roman,3
production,3
medieval,3
diterpenoids,3
nature,3
together,3
unsaturated,3
there,3
case,3
rimmed,3
heron,3
esters,3
soils,3
variations,3
processes,3
genetic,3
relies,3
relationships,3
unpublished,3
fig,3
compared,3
databases,3
mechanisms,3
entrapment,3
museum,3
biomolecule,3
von,3
bonds,3
susceptibility,3
plenum,3
contaminants,3
drawing,3
palaeoenvironments,3
appear,3
prehistoric,3
lead,3
derivatives,3
hydrocarbons,3
pitch,3
sites,3
only,3
approach,3
arise,3
presented,3
order,3
essentially,3
matter,3
etc,3
make,3
modes,3
structural,3
reference,3
serve,3
skin,3
but,3
already,3
shows,3
ceramic,3
our,3
compound,3
considerable,3
nuclear,3
bethell,3
shipwreck,3
establish,3
epicuticular,3
branched,3
degree,3
original,3
numerous,3
squalene,3
bacterial,3
low,3
clear,3
held,3
obtained,3
abundant,3
latter,3
alcohols,3
probably,3
pottery,3
resistant,3
moieties,3
measurements,3
characteristics,3
known,3
coprostanol,3
sciences,3
here,3
readily,3
genus,3
living,3
investigation,3
nes,3
fully,3
produce,3
u,3
vessels,3
hydrogen,3
pine,3
conditions,3
need,3
effects,3
spectrometry,3
vessel,3
little,3
close,3
substrates,2
way,2
substances,2
expand,2
affected,2
oxidation,2
group,2
large,2
american,2
complex,2
confidence,2
before,2
amongst,2
bark,2
derives,2
attempts,2
taken,2
might,2
assist,2
definition,2
containing,2
handling,2
best,2
possibilities,2
advantage,2
examination,2
simple,2
differences,2
dooren,2
achieved,2
adipocere,2
state,2
date,2
access,2
somewhat,2
leaching,2
account,2
vol,2
possible,2
methodologies,2
determined,2
triacylglycerols,2
identities,2
spectrum,2
since,2
september,2
connan,2
de,2
millennium,2
ability,2
raises,2
excavations,2
type,2
expected,2
clay,2
oxidized,2
egypt,2
geological,2
even,2
rates,2
recognized,2
essential,2
no,2
without,2
rather,2
tar,2
main,2
developed,2
process,2
elsevier,2
survives,2
tel,2
proportion,2
similar,2
certain,2
variant,2
direct,2
fat,2
contributions,2
factors,2
absorbed,2
numbers,2
mary,2
frequently,2
nucleotides,2
care,2
export,2
providing,2
greater,2
had,2
distinction,2
result,2
closely,2
problem,2
molecule,2
solubility,2
inherent,2
cell,2
unlabelled,2
diet,2
isotope,2
equally,2
metabolism,2
ceramics,2
bitumen,2
work,2
burun,2
role,2
future,2
characterization,2
appreciable,2
knowledge,2
reduction,2
pepe,2
loss,2
discussions,2
people,2
steroid,2
surrounding,2
ulu,2
hydrophobic,2
either,2
field,2
migration,2
floating,2
research,2
peak,2
purification,2
results,2
faeces,2
value,2
preliminary,2
activities,2
brassica,2
palaeodietary,2
reduced,2
variety,2
microbiological,2
economic,2
short,2
routinely,2
microbiology,2
still,2
biomass,2
makes,2
den,2
under,2
remnant,2
us,2
performed,2
plasticizers,2
insights,2
confirmed,2
useful,2
volume,2
alteration,2
diand,2
experienced,2
water,2
preserve,2
foodstuffs,2
areas,2
canaan,2
demonstrations,2
inevitably,2
mummy,2
ruminant,2
man,2
serious,2
do,2
purposes,2
hamilton,2
liverpool,2
phospholipids,2
free,2
palmitic,2
comprise,2
preferential,2
values,2
refining,2
identity,2
significant,2
largely,2
evolution,2
complicated,2
significance,2
so,2
features,2
artefact,2
mammals,2
palaeobotanical,2
amorphous,2
pyrolysis,2
irani,2
oxbow,2
conclusions,2
article,2
assigning,2
pergamon,2
normal,2
campesterol,2
relationship,2
ester,2
science,2
logan,2
referred,2
detailed,2
carbohydrates,2
contribution,2
transformation,2
class,2
fields,2
saturated,2
instances,2
considered,2
sections,2
contained,2
associated,2
series,2
detect,2
dehydroabietic,2
objects,2
physical,2
over,2
dairy,2
liquid,2
ratio,2
extraction,2
connection,2
hydrocarbon,2
autoxidation,2
assignments,2
alluded,2
assessment,2
hydrolysis,2
notable,2
combined,2
mixing,2
them,2
rose,2
terms,2
particular,2
inputs,2
distribution,2
oils,2
coprolites,2
content,2
tissues,2
manufacturing,2
remarks,2
relates,2
susceptible,2
formation,2
shown,2
proteins,2
manufacture,2
derive,2
comparison,2
sherds,2
deposition,2
strong,2
among,2
leafy,2
recent,2
observed,2
meeting,2
termed,2
difficult,1
excretion,1
now,1
thwarted,1
currently,1
compares,1
dominating,1
child,1
common,1
cylisations,1
capillary,1
sitosterol,1
soluble,1
generated,1
groups,1
revue,1
mimic,1
degraded,1
migrated,1
extreme,1
environmental,1
therefore,1
magnetic,1
orgins,1
originating,1
distributed,1
per,1
eglinton,1
likewise,1
antonie,1
methodology,1
boca,1
screening,1
fate,1
enhance,1
identify,1
tend,1
columns,1
linkages,1
second,1
specialist,1
microorganisms,1
undetected,1
triterpene,1
dotricontanoic,1
former,1
py,1
trace,1
position,1
committee,1
royal,1
classify,1
encourage,1
diacylglycerols,1
impeded,1
cloning,1
source,1
absence,1
corresponding,1
diffusion,1
triterpane,1
lower,1
triand,1
permit,1
pentacylic,1
every,1
hhhh,1
neolithic,1
ii,1
implications,1
military,1
contrasted,1
vols,1
hoffman,1
archaeologically,1
affinities,1
available,1
crops,1
twenty,1
secondary,1
chemists,1
warm,1
great,1
potentially,1
follows,1
vitrified,1
thanks,1
lindow,1
subsequent,1
intestine,1
feature,1
confers,1
persistence,1
consist,1
greatly,1
precisely,1
represent,1
henry,1
situ,1
heptacosanoic,1
depleted,1
discipline,1
within,1
context,1
similarities,1
ad,1
british,1
trimethylsilyl,1
side,1
existence,1
verlag,1
geochemical,1
key,1
albeit,1
guidelines,1
primary,1
sexual,1
geochemistry,1
glycolipids,1
retain,1
sensitivities,1
prior,1
compelling,1
tracing,1
illustrate,1
burning,1
slight,1
oxidations,1
reaction,1
functions,1
leeuwenhoek,1
obvious,1
dutch,1
west,1
point,1
say,1
resources,1
classifications,1
household,1
masticadienonic,1
apply,1
anticipated,1
along,1
deducing,1
melting,1
measurement,1
lambert,1
collection,1
reliably,1
diversity,1
zweig,1
thus,1
throughout,1
triglycerides,1
oily,1
targeting,1
component,1
tetratricontanoic,1
difficulties,1
inevitable,1
computerized,1
health,1
realized,1
intact,1
sp,1
occurs,1
conducted,1
fabrics,1
media,1
sample,1
alkane,1
century,1
comprised,1
oleanoic,1
candidates,1
developments,1
old,1
stored,1
enhancement,1
balls,1
etruscan,1
simplest,1
serving,1
pores,1
suitable,1
bone,1
third,1
labile,1
thin,1
determinations,1
storage,1
identifications,1
drawn,1
archaeologist,1
bottles,1
tentatively,1
simplistic,1
tissue,1
weathering,1
lesser,1
surprisingly,1
hamlet,1
pigments,1
adjunct,1
growth,1
stokar,1
edward,1
fuels,1
en,1
elucidations,1
tetracosanoic,1
bond,1
environments,1
sulphur,1
vs,1
determining,1
rigor,1
aqueous,1
palaeontological,1
matched,1
betulin,1
form,1
burials,1
caps,1
addressing,1
support,1
lupeol,1
modified,1
references,1
ij,1
changes,1
idli,1
raunds,1
bogs,1
consider,1
les,1
nitrogen,1
established,1
cess,1
morgan,1
singlet,1
grounds,1
dated,1
presumably,1
clearly,1
section,1
proposed,1
impact,1
exposure,1
profile,1
situations,1
presumed,1
operate,1
biosynthesized,1
additional,1
submerged,1
linkage,1
isolation,1
shorthand,1
cholic,1
methyl,1
exploitation,1
nahal,1
destructive,1
odd,1
birch,1
methanol,1
assessments,1
matching,1
advance,1
concentration,1
bearing,1
histories,1
consisting,1
called,1
alkylation,1
midden,1
hq,1
carboxylic,1
inappropriate,1
attack,1
relating,1
seven,1
nutrients,1
scotland,1
philosophical,1
attained,1
base,1
kates,1
handbook,1
isoand,1
transactions,1
aromatic,1
effective,1
buried,1
block,1
flagship,1
culinary,1
indirect,1
absorption,1
lll,1
bituminous,1
butters,1
analogous,1
excellent,1
stanols,1
monograph,1
otherwise,1
energy,1
however,1
instrumental,1
availability,1
acknowledgements,1
mummies,1
technical,1
biogeochimiques,1
directly,1
none,1
having,1
diminution,1
charred,1
excreted,1
carry,1
concept,1
unless,1
significantly,1
acyclic,1
hexacosanoic,1
chromatographic,1
edn,1
department,1
revealed,1
stores,1
cosmochimica,1
surrounds,1
overview,1
phylogenetic,1
isomasticadienonoic,1
broad,1
constitute,1
accidental,1
moronic,1
polyunsaturated,1
geochimica,1
focuses,1
ethyl,1
reflect,1
dehydroabietate,1
systematic,1
achieving,1
my,1
lithics,1
uniqueness,1
agriculturally,1
subtle,1
depositional,1
tudor,1
describing,1
iuniversity,1
constituent,1
stage,1
reliable,1
hj,1
resolving,1
indicators,1
box,1
complicate,1
emulsification,1
modest,1
settlement,1
specifically,1
family,1
quantification,1
several,1
atlantica,1
recognition,1
sufficient,1
mineral,1
wider,1
concerns,1
routine,1
notation,1
facility,1
norris,1
telling,1
methodological,1
coast,1
occasions,1
always,1
fossilization,1
when,1
dependent,1
world,1
appropriate,1
substituted,1
valuable,1
cesspits,1
bearsden,1
society,1
petroleum,1
redox,1
horizons,1
adhering,1
units,1
arrangement,1
io,1
requirement,1
action,1
separation,1
expansion,1
play,1
successes,1
harris,1
nearly,1
inhibit,1
prevailing,1
reduce,1
inhibiting,1
fossil,1
saturation,1
chloroform,1
accumulations,1
southern,1
hold,1
engineering,1
guide,1
oxford,1
betula,1
modification,1
relied,1
yet,1
describe,1
arrangements,1
coverage,1
towards,1
repair,1
technology,1
phosphorus,1
thesis,1
specimens,1
biosynthesize,1
processing,1
falls,1
marqueurs,1
positively,1
gov,1
tirucallol,1
cyclic,1
butterworths,1
solvent,1
adsorbed,1
noted,1
deoxycholic,1
decomposition,1
published,1
skeletons,1
simulation,1
heimar,1
technique,1
power,1
again,1
complementary,1
efforts,1
fact,1
chemically,1
limit,1
fundamental,1
arising,1
blocks,1
carbonized,1
agree,1
depict,1
abstract,1
sherma,1
extended,1
layer,1
surfaces,1
demonstrating,1
biodegradation,1
janaway,1
remain,1
bradford,1
never,1
patterns,1
decarboxylation,1
wetness,1
physiological,1
oxygenated,1
covered,1
derivation,1
mammalian,1
developing,1
microencapsulation,1
compositional,1
ch,1
menghin,1
see,1
adsorption,1
council,1
thermal,1
frequency,1
routledge,1
polymers,1
encountered,1
day,1
convenient,1
hydroxyls,1
another,1
recognizing,1
polycyclic,1
understanding,1
nutrition,1
disease,1
turkey,1
background,1
discovery,1
upon,1
fungi,1
enhanced,1
advent,1
strongly,1
sufficiently,1
besor,1
transformations,1
mummified,1
entirely,1
waste,1
hydroxy,1
food,1
unfortunately,1
exciting,1
robinson,1
actual,1
recovery,1
individuals,1
fulfil,1
radiocarbon,1
chosen,1
full,1
netherlands,1
pattern,1
polymeric,1
chemotaxonomic,1
sherd,1
remaining,1
points,1
dominated,1
amounts,1
beekeeping,1
characterised,1
induce,1
coh,1
tetratriacontane,1
earlier,1
phthalate,1
special,1
epimerization,1
comparing,1
problems,1
examined,1
internal,1
possess,1
systems,1
qualities,1
macroscopic,1
methods,1
constructing,1
narrow,1
infills,1
overcome,1
respectively,1
potsherd,1
crc,1
examine,1
biosynthetic,1
pathway,1
parameters,1
caution,1
la,1
brown,1
separate,1
dietary,1
limiting,1
isoprene,1
indication,1
simpler,1
tests,1
assigned,1
enhancements,1
charters,1
processed,1
tricontanoic,1
sealed,1
matrices,1
usually,1
maadi,1
practical,1
terpenoid,1
dehydrogenation,1
reasonable,1
parent,1
lipidology,1
success,1
concluding,1
transformed,1
gastrointestinal,1
rim,1
effectively,1
markers,1
recognize,1
lucas,1
christie,1
ukic,1
united,1
composed,1
permeability,1
itself,1
cam,1
ie,1
stable,1
addressed,1
quantitative,1
proof,1
variable,1
deposited,1
exercised,1
then,1
following,1
dior,1
prehistory,1
complexity,1
mentioned,1
conjunction,1
adhesive,1
precise,1
ether,1
diets,1
contaminant,1
peat,1
eluting,1
amphorae,1
resonance,1
principle,1
paabo,1
defunctionalized,1
chemosystematics,1
novel,1
porosity,1
king,1
unknown,1
ubiquitous,1
steroids,1
obviously,1
solubilize,1
far,1
vial,1
detergent,1
pit,1
passage,1
advances,1
respect,1
phd,1
disinfectant,1
according,1
commodity,1
unlikely,1
what,1
carefully,1
reactions,1
implicit,1
stability,1
offering,1
ion,1
making,1
accounts,1
thirty,1
hoped,1
protective,1
lithicholic,1
employ,1
extract,1
precursor,1
require,1
membranes,1
yield,1
springer,1
almost,1
oxygen,1
art,1
nubian,1
conference,1
bodies,1
intention,1
level,1
alterations,1
code,1
transport,1
altered,1
protected,1
met,1
introduced,1
despite,1
confirm,1
jong,1
giving,1
conventional,1
resistance,1
frying,1
arguments,1
phenomenon,1
metabolic,1
ein,1
prepared,1
soft,1
survival,1
sediments,1
recording,1
locations,1
lists,1
difference,1
lignin,1
hormones,1
similarity,1
finding,1
biochemical,1
temperature,1
morphological,1
course,1
dense,1
morphologically,1
solvents,1
product,1
involving,1
retrieval,1
attempted,1
off,1
ldi,1
measured,1
unsaturation,1
deductions,1
respective,1
supported,1
combination,1
pathways,1
vary,1
early,1
uncertainty,1
texts,1
embraces,1
element,1
develop,1
traditional,1
connolly,1
comparable,1
sedimentary,1
arnold,1
should,1
tract,1
roles,1
cited,1
arizona,1
retention,1
asphalt,1
