WORDCOUNTS,WEIGHT
and,324
of,270
the,264
in,187
gender,136
to,97
a,80
that,69
as,68
social,45
for,37
maya,37
is,36
pp,36
by,36
on,35
are,33
this,33
women,32
we,32
or,28
ancient,27
i,26
complementarity,26
sex,25
hierarchy,25
from,24
these,24
at,23
university,23
not,22
with,22
models,21
their,20
past,20
an,20
about,19
m,19
mesoamerican,19
difference,19
may,18
mesoamerica,18
both,18
r,18
which,18
have,18
between,18
can,18
ways,17
ideologies,17
gendered,17
roles,17
identity,16
division,16
c,15
classic,15
biological,15
more,15
sexual,15
our,15
were,15
archaeology,15
labor,14
j,14
binary,14
america,14
they,13
practices,13
also,13
other,13
identities,13
them,13
through,13
such,13
archaeological,13
be,13
been,12
k,12
it,11
female,11
joyce,11
has,11
research,11
importance,10
often,10
into,10
t,10
many,10
s,10
norms,10
while,10
two,10
relations,10
among,10
than,10
model,9
f,9
altamira,9
male,9
one,9
stockett,9
colonial,9
walnut,9
need,9
suggest,9
l,8
miranda,8
role,8
central,8
pennsylvania,8
understandings,8
mccafferty,8
world,8
e,7
american,7
library,7
lives,7
but,7
sources,7
societies,7
new,7
males,7
cultural,7
within,7
dumbarton,7
well,7
understanding,7
art,7
press,7
its,7
oaks,7
period,7
evidence,7
served,7
third,7
views,7
how,6
grand,6
only,6
paper,6
p,6
men,6
feminist,6
larger,6
practice,6
aztec,6
engaged,6
g,6
relationship,6
study,6
cohodas,6
society,6
if,5
ideology,5
see,5
studies,5
prehistory,5
age,5
she,5
questions,5
power,5
over,5
different,5
scholars,5
regard,5
domestic,5
there,5
do,5
particular,5
existence,5
theory,5
hewitt,5
data,5
examples,5
conference,5
upon,5
farming,5
issues,5
genders,5
either,5
de,5
individual,5
rulers,5
socially,5
life,5
relation,5
given,5
north,5
should,5
he,4
provide,4
always,4
rather,4
death,4
view,4
engendering,4
use,4
tend,4
robin,4
yaeger,4
hendon,4
means,4
us,4
sexes,4
w,4
gero,4
honduras,4
fact,4
based,4
argue,4
particularly,4
pointed,4
figurines,4
accurately,4
those,4
same,4
context,4
whether,4
case,4
aspects,4
some,4
politics,4
peoples,4
most,4
variability,4
out,4
looper,4
expression,4
warfare,4
people,4
mesoamericans,4
away,4
approach,4
idealized,4
defined,4
sexuality,4
late,4
body,4
early,4
when,4
even,4
focus,4
stone,4
respect,3
investigating,3
wives,3
deviations,3
mexico,3
groups,3
museum,3
who,3
mundane,3
render,3
dialogue,3
enacted,3
mediate,3
females,3
consider,3
was,3
ashmore,3
actually,3
ethnographic,3
narratives,3
department,3
way,3
beyond,3
useful,3
chacmool,3
extraordinary,3
dominant,3
sometimes,3
important,3
culturally,3
all,3
ardren,3
anthropology,3
royal,3
my,3
allow,3
room,3
beliefs,3
narrative,3
phd,3
across,3
everyday,3
persons,3
making,3
references,3
her,3
claassen,3
activity,3
work,3
made,3
researchers,3
presented,3
ritual,3
must,3
assumptions,3
mothers,3
describe,3
images,3
behavior,3
inherently,3
ideas,3
point,3
elite,3
indicates,3
like,3
individuals,3
focuses,3
reflect,3
goddess,3
does,3
josserand,3
status,3
gustafson,3
class,3
human,3
unpublished,3
instead,3
would,3
static,3
bergin,3
geller,3
spanish,3
specific,3
back,3
klein,3
debate,3
including,3
obscure,3
much,3
figures,3
belize,3
structured,3
chan,3
increasing,2
miller,2
european,2
communities,2
tasks,2
currently,2
marcus,2
grounding,2
philadelphia,2
me,2
implications,2
no,2
sweely,2
crucial,2
begin,2
dressed,2
anniversary,2
resulted,2
merits,2
monuments,2
scattolin,2
depict,2
formative,2
introduction,2
term,2
effectively,2
understand,2
considering,2
b,2
category,2
sexualities,2
scales,2
expectations,2
hierarchical,2
referring,2
factors,2
support,2
approaches,2
problematic,2
investigate,2
precolumbian,2
routledqe,2
basis,2
fixed,2
necessarily,2
anthropological,2
equations,2
latin,2
ayala,2
result,2
several,2
changing,2
contexts,2
signal,2
fluidity,2
show,2
experience,2
being,2
exposed,2
archaeologists,2
follow,2
constructed,2
ignore,2
representation,2
perhaps,2
woman,2
precedence,2
production,2
fifteenth,2
assess,2
accommodated,2
equation,2
address,2
approaching,2
conceived,2
fluid,2
colonization,2
introducing,2
conquest,2
experienced,2
performance,2
nature,2
expressed,2
cultures,2
tomb,2
indicate,2
consideration,2
archaeologically,2
did,2
could,2
leaders,2
brumflel,2
suggesting,2
constructions,2
thank,2
current,2
inappropriate,2
situating,2
ambiguity,2
inevitably,2
carrying,2
children,2
lived,2
ethnography,2
thanks,2
rely,2
kinds,2
debates,2
take,2
historical,2
reilly,2
legacy,2
bell,2
question,2
elites,2
enactment,2
better,2
animal,2
understood,2
interpretative,2
operating,2
used,2
what,2
relationships,2
warriors,2
papers,2
appears,2
form,2
answer,2
cannot,2
issue,2
prehispanic,2
strictly,2
tension,2
normative,2
exploration,2
distribution,2
gods,2
complexity,2
explicitly,2
expressions,2
representations,2
demonstrated,2
development,2
capable,2
marked,2
behaviors,2
exploring,2
middle,2
interpret,2
translated,2
outline,2
range,2
founded,2
thereby,2
postclassic,2
shortcomings,2
part,2
processes,2
very,2
spector,2
norm,2
journal,2
subject,2
though,2
significant,2
dichotomous,2
during,2
brumfiel,2
numerous,2
falcon,2
participated,2
evolution,2
variables,2
contribute,2
recovered,2
personal,2
affiliation,2
primary,2
cast,2
ultimately,2
theoretical,2
interplay,2
weaving,2
project,2
dynamics,2
cambridge,2
determining,2
costumes,2
pamela,2
describing,2
define,2
d,2
physical,2
rooted,2
arena,2
turn,2
discourse,2
emphasizes,2
small,2
embedded,2
archaeologies,2
took,2
contrary,2
juncture,2
breaking,2
presence,2
played,2
ancestors,2
texas,2
haviland,2
activities,2
construction,2
structure,2
binarily,2
texts,2
drawn,2
ethnohistory,2
present,2
look,2
relative,2
appropriate,2
example,2
broader,2
alternative,2
productive,2
structuring,2
propose,2
attention,2
predicated,2
widely,2
gillespie,2
stephens,2
separate,2
certainly,2
erica,1
pohl,1
acting,1
employ,1
rachel,1
media,1
affiliations,1
mechanisms,1
asking,1
online,1
tests,1
lopez,1
where,1
highlights,1
pacific,1
underlies,1
san,1
states,1
likely,1
actors,1
recognized,1
dominating,1
automatic,1
encountering,1
situate,1
chalcatzingo,1
today,1
characterize,1
explanations,1
ability,1
lovejoy,1
without,1
architecture,1
expected,1
brumfield,1
fairly,1
courtly,1
valle,1
dilemma,1
segments,1
lesser,1
mediation,1
proyecto,1
influence,1
meaning,1
commentary,1
analyses,1
uncritically,1
giving,1
schmidt,1
himself,1
shields,1
modern,1
writing,1
held,1
wholesale,1
testing,1
skeletal,1
illuminating,1
providing,1
palenque,1
peopling,1
keywords,1
represent,1
essentialized,1
might,1
contextuality,1
emergence,1
explicit,1
adopted,1
order,1
discard,1
nearly,1
watson,1
mediating,1
irrespective,1
decade,1
investigators,1
naranjo,1
conceptions,1
burkhart,1
alone,1
community,1
seen,1
profusion,1
still,1
playa,1
elin,1
idealize,1
bias,1
appear,1
phrases,1
spatial,1
determined,1
associate,1
domination,1
imperfections,1
experiences,1
translates,1
connect,1
celebrated,1
similar,1
transformation,1
idiosyncratic,1
certain,1
area,1
southern,1
cros,1
balanced,1
arqueologico,1
enduring,1
boone,1
assuming,1
why,1
changes,1
variably,1
assigned,1
agency,1
myth,1
analysis,1
distant,1
burials,1
fall,1
walde,1
arbor,1
principle,1
implies,1
practicing,1
future,1
formed,1
remind,1
simultaneous,1
table,1
wendy,1
usefully,1
composed,1
addressing,1
h,1
falk,1
strategies,1
instances,1
monte,1
arrangements,1
silverblatt,1
downplaying,1
settings,1
occupation,1
articles,1
pervading,1
actual,1
communing,1
disjunctions,1
gathered,1
applied,1
horticulture,1
impacted,1
serve,1
reproductive,1
old,1
troublesome,1
interdependence,1
wearing,1
technology,1
under,1
biology,1
meskell,1
tensions,1
chests,1
misunderstandings,1
organization,1
nahuas,1
nucleated,1
neither,1
signaling,1
easily,1
school,1
doing,1
bo,1
v,1
concretized,1
refers,1
asymmetrically,1
sphere,1
individually,1
resultant,1
then,1
underlying,1
clearly,1
thinking,1
light,1
naturalized,1
occasional,1
alluded,1
material,1
growing,1
suite,1
shifting,1
n,1
dispersed,1
something,1
lessons,1
amply,1
house,1
proposing,1
manipulation,1
faction,1
appropriately,1
represents,1
received,1
du,1
ideals,1
appropriating,1
extending,1
rituals,1
predominantly,1
constituted,1
procreation,1
round,1
satisfying,1
textile,1
rise,1
frameworks,1
powerful,1
arguing,1
equate,1
picture,1
sufficient,1
beneficial,1
long,1
filtered,1
canuto,1
members,1
western,1
blended,1
kennedy,1
assume,1
fertility,1
schooling,1
flavor,1
explain,1
temporarily,1
ripping,1
calgary,1
debating,1
cosmological,1
milieu,1
malleable,1
toward,1
defining,1
mingling,1
systems,1
constitution,1
identified,1
mutually,1
similarly,1
artistic,1
state,1
deriving,1
articulate,1
degree,1
undeniably,1
spain,1
emerged,1
each,1
enacting,1
goal,1
desiring,1
masking,1
greater,1
authority,1
am,1
correspond,1
uses,1
towards,1
misrepresentations,1
expose,1
longer,1
able,1
cynthia,1
reach,1
shaped,1
idea,1
setting,1
prejudices,1
complications,1
believe,1
continue,1
best,1
down,1
formulations,1
opposite,1
limited,1
become,1
opposing,1
public,1
inherent,1
moon,1
potentially,1
westernized,1
entering,1
predominant,1
half,1
cecilia,1
vail,1
tendency,1
critically,1
abstract,1
portrayal,1
analogy,1
strongly,1
manifested,1
altered,1
chroniclers,1
break,1
changed,1
found,1
described,1
arriving,1
diverse,1
sedentary,1
giddens,1
australian,1
far,1
characterizing,1
embodiment,1
dispute,1
enforcing,1
expressing,1
bourdieu,1
precarious,1
associated,1
noting,1
number,1
dowson,1
perpetuating,1
coin,1
emerge,1
presenting,1
las,1
help,1
essentially,1
spinning,1
man,1
thames,1
simple,1
yaxuna,1
type,1
traditionally,1
advances,1
places,1
patterns,1
guatemala,1
enough,1
subordinate,1
evoke,1
blackwell,1
cyphers,1
likelihood,1
mr,1
raised,1
undeniable,1
ground,1
duality,1
access,1
largescale,1
differences,1
hierarchically,1
penn,1
powers,1
answers,1
ambiguous,1
gell,1
berlo,1
accurate,1
temptation,1
developing,1
proceedings,1
investigation,1
realms,1
existing,1
worldwide,1
intersection,1
el,1
viewed,1
probable,1
terms,1
fellow,1
selected,1
matt,1
yarn,1
otoro,1
maize,1
woodlands,1
appreciate,1
comes,1
productively,1
tidy,1
lens,1
monaghan,1
real,1
native,1
ideological,1
bodies,1
begun,1
eastern,1
temporally,1
valorize,1
anthology,1
extent,1
deviant,1
presuppose,1
exceptions,1
negotiated,1
method,1
yarns,1
task,1
familiarly,1
foregrounded,1
sacrifice,1
repetitive,1
matthew,1
encouraging,1
ethnohistoric,1
argument,1
coastal,1
cayo,1
acknowledgements,1
briefly,1
outgrowth,1
because,1
scenes,1
studying,1
suggested,1
addresses,1
kathryn,1
reminds,1
shape,1
sites,1
explored,1
lesure,1
christianity,1
allocated,1
regarding,1
balance,1
another,1
influenced,1
androgyny,1
none,1
history,1
vol,1
compose,1
unequal,1
lends,1
richness,1
felt,1
spheres,1
emphasis,1
distinguish,1
greg,1
degrees,1
prevailing,1
discussion,1
extended,1
categories,1
size,1
gains,1
probably,1
bc,1
incidence,1
session,1
bob,1
effectiveness,1
birth,1
untheorized,1
marking,1
positioned,1
transgressive,1
tool,1
tethers,1
start,1
implicated,1
unquestionably,1
grounded,1
dissatisfaction,1
circumstances,1
after,1
represented,1
transcend,1
sides,1
facilitate,1
built,1
nursing,1
nahua,1
prominent,1
taking,1
significantly,1
austin,1
conclude,1
lake,1
forms,1
sassaman,1
sharer,1
city,1
competing,1
previously,1
primacy,1
knowledge,1
apparent,1
sufficiently,1
undertaken,1
mortuary,1
clearer,1
became,1
apply,1
indigenous,1
annual,1
analogies,1
epigraphic,1
blum,1
hieroglyphic,1
discussed,1
uneasy,1
exerted,1
varying,1
deployed,1
intentionally,1
conkey,1
literature,1
touchstone,1
iconographic,1
freedom,1
own,1
francis,1
clothing,1
principles,1
collective,1
presumed,1
deities,1
maintained,1
resulting,1
ranked,1
definitions,1
repeatedly,1
ethnic,1
specifically,1
rubric,1
terminal,1
salvador,1
accommodate,1
evident,1
reproduction,1
hunted,1
paradox,1
throughout,1
come,1
field,1
wholes,1
tercero,1
structuration,1
lithic,1
oaxaca,1
employed,1
california,1
southwestern,1
accounting,1
drafts,1
modify,1
symbolism,1
differentiation,1
negotiating,1
interpreted,1
feedback,1
memoirs,1
observed,1
since,1
insights,1
nor,1
against,1
reality,1
hidden,1
pursuit,1
manifestation,1
marginalize,1
errors,1
assignment,1
copan,1
materials,1
silent,1
genitalia,1
appellative,1
albers,1
bloodletting,1
points,1
relevance,1
bodily,1
depicting,1
related,1
supportive,1
lady,1
pursuits,1
critique,1
change,1
multiplicity,1
creating,1
review,1
issn,1
brain,1
his,1
offer,1
caution,1
least,1
include,1
los,1
attested,1
sense,1
someone,1
granted,1
traci,1
tight,1
suggests,1
responsibility,1
dictated,1
distances,1
homogeneity,1
terminological,1
codified,1
proscribed,1
depiction,1
glass,1
mixtec,1
century,1
thoughtful,1
meaghan,1
conquered,1
jesus,1
proposes,1
exercise,1
nevertheless,1
guided,1
inequalities,1
hinder,1
earlier,1
renewal,1
account,1
reaches,1
strong,1
inscribe,1
cases,1
nelson,1
provides,1
martin,1
thomas,1
remains,1
mckell,1
speak,1
latter,1
around,1
overabundance,1
exchange,1
illuminates,1
calling,1
perspective,1
stare,1
belief,1
foregrounding,1
valued,1
characteristics,1
offered,1
especially,1
supported,1
outside,1
recognize,1
multiple,1
positionally,1
modeling,1
outcomes,1
structural,1
differently,1
components,1
eyes,1
response,1
salt,1
quirigua,1
margarita,1
constructing,1
attending,1
androgynous,1
contend,1
oxford,1
themselves,1
representing,1
reference,1
interpretations,1
terminology,1
left,1
ann,1
villages,1
examine,1
occupants,1
sentiments,1
truly,1
involved,1
organizers,1
critiques,1
axe,1
implicit,1
bassiesweet,1
fully,1
concepts,1
montellano,1
explore,1
up,1
lifestyle,1
ethnographically,1
cosmology,1
translate,1
application,1
documentary,1
dominance,1
waists,1
corn,1
traditional,1
performances,1
strict,1
constructs,1
costuming,1
relating,1
glance,1
ulua,1
zapotec,1
taylor,1
operative,1
recent,1
traditions,1
reflected,1
steal,1
so,1
nahuatl,1
virtue,1
owe,1
embodied,1
preliminary,1
finds,1
awareness,1
acted,1
nuanced,1
inform,1
acknowledge,1
word,1
valuable,1
illuminate,1
court,1
proposed,1
menstrual,1
championed,1
arizona,1
avoid,1
champion,1
performing,1
god,1
resist,1
