WORDCOUNTS,WEIGHT
the,414
of,318
in,222
and,195
a,113
to,92
is,62
as,60
for,58
bell,52
this,44
beaker,42
with,41
are,41
europe,40
de,40
social,37
j,36
corded,32
ware,32
la,32
by,31
but,30
archaeological,30
pp,29
on,28
central,27
be,27
not,26
it,25
m,25
material,25
which,25
et,24
also,23
beakers,22
that,21
an,21
culture,21
their,20
linden,19
from,19
or,18
du,17
these,17
new,17
vander,17
international,16
only,15
both,15
may,14
les,14
practices,14
funerary,14
campaniforme,14
des,14
neolithic,13
bc,13
its,13
local,13
at,12
groups,12
one,12
such,12
millennium,12
van,12
f,12
v,12
we,12
cultures,12
frame,12
e,11
prehistoric,11
third,11
del,11
grave,11
evolutionary,11
equalities,11
has,11
campaniformes,11
proceedings,11
categories,11
although,11
between,11
marc,10
burial,10
because,10
during,10
le,10
individual,10
european,10
der,10
plural,10
phenomenon,10
does,9
complex,9
western,9
s,9
other,9
beni,9
journal,9
p,9
late,9
settlement,9
gallia,9
al,9
en,9
ufficio,9
can,9
northern,9
particular,9
distribution,9
while,9
through,9
have,9
riva,8
ceramiques,8
i,8
case,8
some,8
l,8
funeral,8
university,8
age,8
symbols,8
well,8
communes,8
change,8
equality,8
southern,8
same,8
europeens,8
graves,8
dans,8
series,8
over,8
different,8
domestic,8
cambridge,8
d,8
evidence,8
france,8
given,8
individuals,7
differences,7
british,7
g,7
traits,7
archaeology,7
several,7
und,7
geographical,7
thought,7
two,7
pattern,7
see,7
spread,7
pottery,7
any,7
past,7
early,7
o,6
women,6
garda,6
than,6
similar,6
k,6
n,6
artefacts,6
r,6
part,6
collective,6
prehistorique,6
situation,6
homogeneous,6
reports,6
men,6
less,6
especially,6
bulletin,6
types,6
stereotyped,6
associated,6
bronze,6
what,6
danish,6
press,6
variability,6
die,6
our,6
c,6
settlements,5
h,5
diffusion,5
all,5
together,5
state,5
el,5
human,5
hierarchy,5
domain,5
no,5
rather,5
grid,5
study,5
was,5
most,5
societe,5
out,5
circulation,5
placed,5
network,5
gender,5
people,5
asymmetries,5
next,5
involved,5
communities,5
regional,5
more,5
areas,5
time,5
do,5
another,5
coherent,5
previous,5
general,5
features,5
been,5
exhibits,5
generally,5
entire,5
if,4
later,4
group,4
large,4
stone,4
into,4
presents,4
first,4
creation,4
secondary,4
typological,4
schnurkeramik,4
side,4
possible,4
very,4
diversity,4
thus,4
lanting,4
development,4
since,4
body,4
process,4
b,4
provides,4
record,4
beyond,4
basin,4
ceramics,4
sites,4
data,4
description,4
own,4
suggest,4
few,4
research,4
weapons,4
various,4
architecture,4
interactions,4
single,4
rules,4
already,4
head,4
diverse,4
variation,4
patterns,4
ch,4
assemblage,4
explanation,4
maritime,4
region,4
use,4
largely,4
architectural,4
period,4
facing,4
polythetic,4
connections,4
relationship,4
analysis,4
centuries,4
complexity,4
objects,4
here,4
alternative,4
each,4
far,4
terms,4
baltic,4
ceramique,4
question,4
models,4
defined,4
specific,4
major,4
now,3
common,3
way,3
created,3
they,3
former,3
interpretative,3
t,3
stressed,3
seems,3
available,3
suggesting,3
resulting,3
shennan,3
those,3
oberried,3
bohemia,3
context,3
nederland,3
dr,3
eastern,3
drenth,3
shared,3
obvious,3
along,3
points,3
im,3
kind,3
adam,3
elements,3
left,3
cists,3
kultury,3
whose,3
his,3
ways,3
main,3
enacted,3
besse,3
traces,3
w,3
glockenbecher,3
requires,3
preference,3
rudolf,3
ranking,3
recently,3
cannot,3
clarke,3
actually,3
approach,3
regions,3
good,3
highly,3
turek,3
world,3
pot,3
activities,3
society,3
therefore,3
poland,3
second,3
britain,3
indeed,3
techniques,3
pamdtky,3
community,3
echo,3
makes,3
plough,3
patterning,3
french,3
flat,3
chs,3
phenomene,3
present,3
model,3
where,3
routledge,3
exhibit,3
made,3
assemblages,3
mortuary,3
significant,3
processes,3
were,3
held,3
symposium,3
martin,3
engagement,3
habelt,3
figure,3
strongly,3
frames,3
instances,3
get,3
earliest,3
following,3
set,3
amphorae,3
goods,3
identities,3
type,3
merely,3
mickiewicz,3
them,3
institute,3
role,3
lies,3
iberian,3
documentation,3
typology,3
remains,3
point,3
partial,3
interaction,3
occur,3
problem,2
difficult,2
order,2
mostly,2
paralleled,2
keramikou,2
indicated,2
northeast,2
introduction,2
sphere,2
connect,2
putative,2
mobility,2
arrowheads,2
centenario,2
taubertal,2
studies,2
trace,2
occurred,2
moravia,2
societal,2
consistent,2
archaeologists,2
vikletice,2
insediativi,2
decouverte,2
wooden,2
leading,2
atlantic,2
thanks,2
mediterraneenne,2
das,2
reading,2
gibson,2
within,2
similarities,2
system,2
verlag,2
east,2
u,2
agriculture,2
right,2
determined,2
marked,2
move,2
rid,2
correlation,2
sign,2
facets,2
regarding,2
throughout,2
review,2
relationships,2
madrid,2
professor,2
buchvaldek,2
danube,2
regarded,2
ability,2
relations,2
prehistoria,2
occurs,2
unity,2
rank,2
heterogeneity,2
pierre,2
fig,2
oxford,2
colliga,2
find,2
y,2
critique,2
czebreszuk,2
poznan,2
poor,2
disposed,2
identification,2
forbids,2
across,2
developed,2
remain,2
megalithic,2
environments,2
vs,2
se,2
certain,2
vandkilde,2
lacking,2
burials,2
impact,2
dominate,2
snurovou,2
orientation,2
efficient,2
instance,2
neustupny,2
faced,2
appear,2
chronologie,2
klokbekercultuur,2
beuker,2
appearance,2
found,2
traditionally,2
further,2
cups,2
fourth,2
equal,2
appears,2
scale,2
handled,2
however,2
universidad,2
centrale,2
networks,2
opposition,2
departamento,2
shape,2
lemercier,2
example,2
tombs,2
esp,2
related,2
actors,2
department,2
older,2
place,2
mn,2
visions,2
hungary,2
multiplicity,2
field,2
corresponds,2
discourse,2
nielsen,2
migration,2
modalities,2
garrido,2
ciempozuelos,2
da,2
results,2
massive,2
concomitant,2
south,2
will,2
partially,2
barrows,2
expansion,2
exception,2
still,2
above,2
studien,2
once,2
coherence,2
interpretation,2
elle,2
under,2
restricted,2
millenaire,2
demonstrates,2
he,2
insights,2
representation,2
ceramic,2
mound,2
critiques,2
decoration,2
power,2
sometimes,2
treatment,2
fundamental,2
drentse,2
abstract,2
reasoning,2
man,2
guilaine,2
nieuwe,2
axes,2
shown,2
dodenhouding,2
autonoma,2
explicitly,2
original,2
extended,2
considering,2
identity,2
expression,2
lazarich,2
ideas,2
chronologische,2
stay,2
radiocarbon,2
chosen,2
theoretical,2
described,2
open,2
clear,2
dominated,2
decorated,2
characterized,2
would,2
so,2
thevenot,2
latter,2
become,2
displayed,2
structure,2
probably,2
archeologicke,2
division,2
perspectives,2
africa,2
science,2
crucial,2
maps,2
favour,2
translation,2
remaining,2
evolution,2
often,2
hierarchical,2
diagnostic,2
frontier,2
mounds,2
mcdonald,2
suite,2
version,2
must,2
complexes,2
extension,2
known,2
paper,2
lying,2
seem,2
best,2
current,2
constant,2
historical,2
phd,2
graven,2
according,2
economy,2
notable,2
map,2
sociologist,2
culturel,2
carpathian,2
level,2
sea,2
african,2
colloquium,2
au,2
think,2
categorization,2
gar,2
understandings,2
ultimately,2
difference,2
generate,2
disposal,2
envisaged,2
horizonte,2
association,2
comparison,2
needs,2
assumed,2
pathways,2
contrasting,2
valley,2
traditional,2
focus,2
salanova,2
recent,2
should,2
roles,2
billard,2
perception,2
horizont,1
hogestijn,1
intricate,1
contesti,1
currently,1
mute,1
freezes,1
limits,1
generalization,1
destroying,1
fortified,1
develops,1
fruhbronzezeitliche,1
revue,1
isotopes,1
facade,1
snapshot,1
separated,1
universite,1
coast,1
worthy,1
madsen,1
rhine,1
totally,1
stands,1
substratum,1
distributed,1
per,1
palmela,1
kinds,1
cantonal,1
essays,1
cours,1
true,1
sets,1
continent,1
managing,1
di,1
completely,1
mit,1
upheaval,1
modern,1
supervised,1
position,1
dolukhanov,1
ian,1
longworth,1
charackteru,1
umberto,1
po,1
chief,1
descriptions,1
materials,1
my,1
footing,1
metallic,1
lower,1
gruyter,1
being,1
notre,1
anything,1
languedoc,1
hence,1
long,1
swedish,1
neolithiques,1
preceding,1
production,1
gained,1
symposiums,1
ii,1
repertoire,1
implications,1
bicchiere,1
entangled,1
rapid,1
progression,1
actual,1
prestigious,1
nature,1
mediterranee,1
definition,1
handling,1
possibilities,1
reach,1
waals,1
assess,1
great,1
display,1
ben,1
thank,1
tautological,1
colloque,1
documentazione,1
dettes,1
able,1
proves,1
substantive,1
renfrew,1
take,1
reproduction,1
subsequent,1
there,1
feature,1
resorting,1
misbehaviour,1
determines,1
emphasized,1
chiefdoms,1
raised,1
dora,1
somewhat,1
visibility,1
papers,1
sarti,1
takes,1
badly,1
iii,1
norddeutschland,1
linear,1
sociologique,1
draws,1
iv,1
discuss,1
materialnej,1
favereau,1
deal,1
craft,1
account,1
vol,1
laurent,1
replacement,1
dissonnances,1
compelling,1
glockenbecherkultur,1
neolitische,1
functions,1
october,1
structurally,1
cadre,1
stubborn,1
reassessing,1
reflecting,1
mizoguchi,1
establishment,1
quantity,1
sobre,1
constrained,1
bruxelles,1
kristiansen,1
acknowledgement,1
collection,1
belly,1
overlaps,1
ranked,1
linked,1
neutron,1
cordee,1
herberschouwing,1
constitutive,1
differential,1
surely,1
historically,1
eventual,1
peculiarities,1
spectrum,1
difficulties,1
representations,1
consideration,1
ethical,1
quality,1
inevitable,1
halle,1
laboratoire,1
sociale,1
neighbours,1
interest,1
trench,1
koutecky,1
acta,1
raises,1
te,1
attested,1
gilman,1
rites,1
price,1
facet,1
uniformity,1
media,1
codified,1
rooted,1
topic,1
tripartite,1
z,1
affairs,1
progressive,1
cases,1
kontinentaleuropaischen,1
blame,1
mistakes,1
displays,1
eneolitu,1
rowlett,1
italiano,1
topologies,1
nouveaux,1
holds,1
houses,1
millennio,1
served,1
sado,1
cameroon,1
compared,1
honour,1
effective,1
compare,1
participating,1
explore,1
drawn,1
even,1
chalcolithique,1
look,1
occidental,1
wet,1
deeply,1
traditions,1
simplistic,1
monta,1
understood,1
hardly,1
settentrionale,1
influence,1
bypassed,1
failed,1
site,1
cameron,1
online,1
fischer,1
acculturation,1
profoundly,1
finalized,1
colin,1
hospodafstvi,1
gorcum,1
bonne,1
nogmaals,1
without,1
philippe,1
czechoslovakia,1
etudes,1
english,1
links,1
bring,1
generations,1
perceiving,1
funeraires,1
square,1
taphonomy,1
appreciation,1
sexual,1
hansen,1
notion,1
subsistence,1
mean,1
britanniques,1
active,1
dealt,1
determining,1
katie,1
amphoras,1
after,1
connected,1
funktion,1
entre,1
leave,1
parts,1
rus,1
ongoing,1
contributions,1
dialogue,1
comme,1
reassess,1
von,1
datierung,1
scattered,1
space,1
outnumber,1
septentrionale,1
supposed,1
aneolithikum,1
accounts,1
pernicious,1
perceptions,1
circulated,1
monumental,1
biased,1
prehistory,1
consider,1
dichotomy,1
organization,1
established,1
image,1
continuity,1
dated,1
unaccounted,1
comune,1
clearly,1
bornholm,1
reified,1
constrain,1
participants,1
argued,1
listed,1
four,1
show,1
sidlistni,1
origins,1
actes,1
peninsula,1
consequence,1
puts,1
blatant,1
dominant,1
steinzeit,1
flow,1
important,1
management,1
differently,1
view,1
myths,1
perceive,1
qui,1
ihre,1
whereas,1
behaviour,1
raw,1
royal,1
opening,1
avant,1
expressed,1
uses,1
ou,1
result,1
appraisal,1
pastoral,1
acting,1
identifying,1
transmission,1
iberique,1
societies,1
could,1
arribas,1
train,1
rule,1
faunal,1
critically,1
typical,1
mapping,1
seven,1
referee,1
generates,1
underneath,1
stereotype,1
contexte,1
radical,1
larsson,1
possibility,1
initial,1
groupand,1
vallees,1
evaluate,1
ceramica,1
occupation,1
misreadings,1
cultural,1
preistoria,1
buried,1
mainly,1
circular,1
nei,1
keywords,1
viewed,1
nalezy,1
constraining,1
reinforce,1
culturelles,1
wherein,1
applied,1
grounds,1
xiv,1
explored,1
patent,1
required,1
rehman,1
yoffee,1
schema,1
creates,1
atlantique,1
expressions,1
acknowledgements,1
receive,1
aspects,1
topology,1
syria,1
spheres,1
basis,1
mapped,1
used,1
smfz,1
work,1
terre,1
mitteleuropa,1
orchestrate,1
tool,1
partir,1
los,1
preferred,1
concept,1
stake,1
tage,1
characterization,1
purpose,1
explains,1
soi,1
nella,1
knowledge,1
apparent,1
calls,1
internationalen,1
irish,1
revealed,1
criticized,1
absolutchronologische,1
konrad,1
penser,1
whole,1
kindly,1
fit,1
gantrup,1
inherited,1
issues,1
round,1
participated,1
grdberder,1
rituals,1
personal,1
surrounding,1
plurality,1
systematic,1
endorsed,1
favourite,1
fieldwork,1
strengthened,1
jugement,1
muller,1
trends,1
analysed,1
africanist,1
exemplary,1
solution,1
vltalia,1
viable,1
describing,1
presented,1
hard,1
working,1
below,1
unexpected,1
theoretically,1
mclntosh,1
stage,1
heyd,1
contrast,1
lahire,1
quite,1
emerging,1
encompasses,1
berg,1
het,1
simbolo,1
eco,1
industry,1
longman,1
prejudge,1
cardoso,1
methodological,1
when,1
up,1
nicolis,1
basse,1
rowman,1
pohfebiste,1
peculiar,1
wlodarczak,1
value,1
provided,1
preliminary,1
finds,1
tunia,1
favoured,1
mess,1
span,1
activation,1
statuses,1
noteworthy,1
sudskandinavien,1
chains,1
observations,1
matter,1
variety,1
absence,1
littlefield,1
cosmological,1
populations,1
action,1
economic,1
bestattungsformen,1
schnurkeramiker,1
willingen,1
play,1
acknowledged,1
fruit,1
cachovice,1
kulturelle,1
undermining,1
object,1
gemaineuropaischen,1
estado,1
comments,1
translates,1
unprecedented,1
movement,1
neat,1
structural,1
vicinity,1
powerfully,1
label,1
corpus,1
substrata,1
about,1
robin,1
repression,1
synchronous,1
uppsala,1
europea,1
criticism,1
reference,1
arrangements,1
etat,1
sociologists,1
borrowed,1
windows,1
loosening,1
us,1
salient,1
sociological,1
transformations,1
theiss,1
trb,1
sociologie,1
congruent,1
frisiandrentian,1
minuit,1
ed,1
tomba,1
enjoyable,1
gebers,1
noted,1
increasingly,1
picture,1
regardless,1
einfliisse,1
fokkens,1
comfortable,1
law,1
endneolithikum,1
technique,1
fin,1
others,1
praehistorische,1
put,1
towards,1
projects,1
grabund,1
strontium,1
lengthy,1
fact,1
shows,1
lack,1
factual,1
unparalleled,1
latour,1
scholars,1
perceptible,1
recurrent,1
bourdieu,1
agree,1
bovids,1
witnesses,1
lacks,1
begleitkeramik,1
daily,1
larger,1
francaise,1
typologische,1
peninsule,1
john,1
overwhelmingly,1
implantations,1
diameter,1
travail,1
discussed,1
simple,1
elegant,1
channel,1
enactment,1
forms,1
tetzlaff,1
outside,1
conspicuously,1
drinking,1
chain,1
archaeologies,1
centre,1
unit,1
lehmann,1
reckoned,1
answer,1
strategies,1
kopinge,1
eg,1
agencies,1
focusing,1
deep,1
woman,1
chronologically,1
layer,1
idiosyncrasies,1
blasco,1
reflected,1
encountered,1
polskiej,1
regionally,1
ecology,1
degree,1
constrains,1
demonstrated,1
treated,1
lands,1
range,1
limitations,1
hilarious,1
sides,1
including,1
conceivable,1
previously,1
warrior,1
elite,1
peska,1
topological,1
rivers,1
francis,1
rudely,1
affects,1
decouvertes,1
streitaxte,1
sequence,1
products,1
yorkshire,1
ethnic,1
rare,1
recovery,1
maintains,1
een,1
laboratory,1
full,1
overlap,1
complicated,1
netherlands,1
involves,1
roberts,1
ties,1
low,1
intraor,1
discovered,1
scandinavia,1
peripheral,1
agreement,1
accounted,1
maintenance,1
logic,1
interpret,1
issn,1
duday,1
kievan,1
david,1
maghreb,1
poharu,1
geographically,1
brussels,1
overlain,1
high,1
synthese,1
distinction,1
stages,1
lie,1
configurations,1
proximity,1
earlier,1
connects,1
standard,1
expressing,1
thomas,1
exchange,1
repeated,1
valued,1
random,1
comparing,1
labour,1
article,1
systems,1
groupe,1
elaborate,1
rzucewo,1
spreads,1
confinement,1
ornaments,1
respectively,1
propos,1
incompatible,1
effect,1
camilla,1
excluded,1
grafheuvel,1
materialized,1
congres,1
looks,1
story,1
hunter,1
italy,1
przeglad,1
landscape,1
recurring,1
regimes,1
attention,1
otazka,1
troisieme,1
consequences,1
limiting,1
revolution,1
dealing,1
factors,1
carried,1
things,1
consists,1
indoeuropean,1
emulation,1
dominates,1
domestique,1
prag,1
fairly,1
popularity,1
impressive,1
damm,1
begin,1
scienze,1
ascribing,1
fewer,1
widespread,1
becomes,1
success,1
directions,1
seen,1
rim,1
bears,1
effectively,1
markers,1
instytut,1
confine,1
suddeutschland,1
rapidly,1
area,1
length,1
antiquity,1
class,1
tuckwell,1
zaveru,1
dead,1
ascribes,1
pena,1
itself,1
gonzalez,1
worlds,1
mirror,1
libre,1
forest,1
regularly,1
considered,1
isaac,1
claims,1
dissertation,1
revolutionized,1
anthropological,1
recurrence,1
abandonment,1
deposited,1
zvoncovitych,1
liblice,1
civilizations,1
ontologies,1
exemplified,1
incised,1
bilan,1
changing,1
intensification,1
homogeneity,1
peoples,1
asentamientos,1
demonstrate,1
extensive,1
neighbouring,1
dubious,1
veraza,1
precise,1
kemp,1
regime,1
marshy,1
tecnologico,1
sciences,1
sweden,1
offers,1
andalucia,1
cover,1
integrative,1
drowned,1
dimension,1
apsidal,1
intellectual,1
control,1
seine,1
chapman,1
reversal,1
specialized,1
share,1
genese,1
shunt,1
setting,1
did,1
prominence,1
half,1
donna,1
harvest,1
particularly,1
basses,1
postdoctoral,1
kinnes,1
nouvelles,1
cultivation,1
number,1
associations,1
placing,1
replication,1
confining,1
works,1
evident,1
person,1
growing,1
animal,1
ceramologiques,1
explanations,1
convertini,1
reproduce,1
investigation,1
unique,1
cremations,1
spatial,1
whether,1
form,1
twisted,1
kulkur,1
ones,1
making,1
references,1
yielded,1
want,1
maintain,1
covers,1
agricultural,1
mere,1
novelty,1
csepel,1
insightful,1
satisfactory,1
archeologique,1
differs,1
catalogne,1
gruppen,1
madrider,1
osborne,1
information,1
witnessing,1
suggests,1
millan,1
beziehungen,1
universe,1
size,1
temps,1
middle,1
conference,1
socioeconomic,1
meseta,1
outline,1
bohemian,1
multiple,1
affecting,1
uniform,1
slopes,1
despite,1
estudio,1
endlessly,1
ac,1
manifold,1
subject,1
step,1
perspective,1
sion,1
akademii,1
connaissance,1
target,1
spdtkupferzeit,1
reassembling,1
copper,1
qualitative,1
challenges,1
allows,1
hilltop,1
gain,1
chieftains,1
construed,1
varied,1
fondation,1
lille,1
contrasts,1
petrie,1
come,1
whittle,1
formation,1
until,1
schnurkeramischen,1
argument,1
years,1
ghent,1
quest,1
bronzezeit,1
herds,1
sud,1
opens,1
zum,1
stratification,1
grant,1
imperative,1
aspetti,1
sociologue,1
ovicaprids,1
include,1
environnement,1
dense,1
define,1
socially,1
need,1
smaller,1
apports,1
fruheste,1
substrat,1
atype,1
mobilization,1
attributes,1
morphologies,1
derive,1
philosophy,1
querre,1
vallee,1
haphazard,1
chambon,1
shift,1
archaic,1
anonymous,1
graberfeldes,1
territories,1
preferentially,1
vessel,1
esbjerg,1
elites,1
denned,1
say,1
tamsin,1
obligation,1
debate,1
sharing,1
create,1
deposition,1
substantial,1
ireland,1
much,1
historii,1
strong,1
among,1
taylor,1
north,1
observed,1
rivista,1
scanty,1
urns,1
draft,1
hypothesis,1
