WORDCOUNTS,WEIGHT
the,120
of,86
and,74
in,71
be,37
at,29
a,29
for,27
on,22
should,21
to,20
is,19
eg,17
university,16
has,14
not,13
with,13
or,13
research,13
he,12
his,10
de,10
may,9
use,9
an,9
as,8
are,8
new,8
di,7
bp,7
date,7
years,7
since,7
contributors,7
dates,7
if,6
k,6
from,6
by,6
colombia,6
will,5
words,5
but,5
only,5
worked,5
j,5
last,5
universidad,5
number,5
region,5
human,5
fieldwork,5
authors,5
khok,5
archaeology,5
charles,5
phanom,5
carried,4
nong,4
she,4
etc,4
amazonian,4
western,4
must,4
first,4
m,4
anthropology,4
end,4
phd,4
do,4
ad,4
references,4
out,4
central,4
london,4
it,4
both,4
professor,4
points,4
proofs,4
mexico,4
after,4
nor,4
south,3
site,3
no,3
doctorate,3
doctoral,3
e,3
they,3
thailand,3
museum,3
was,3
paper,3
director,3
department,3
lower,3
published,3
that,3
plates,3
natural,3
prehistoric,3
cal,3
where,3
within,3
eastern,3
style,3
her,3
institute,3
degree,3
possible,3
received,3
sent,3
world,3
which,3
full,3
quotation,3
archaeological,3
graduate,3
have,3
publication,3
folan,3
always,3
when,3
figures,3
than,3
notes,3
pearson,2
currently,2
recognized,2
higham,2
page,2
note,2
curves,2
ba,2
anthony,2
indicated,2
usually,2
been,2
five,2
maps,2
santiago,2
return,2
order,2
rodriguez,2
mean,2
lecturer,2
who,2
thai,2
associate,2
their,2
conducted,2
terms,2
complex,2
eggert,2
ma,2
elsa,2
pacific,2
h,2
canada,2
mora,2
case,2
rain,2
purchased,2
undertaken,2
nacional,2
dissertation,2
history,2
chris,2
panama,2
amazon,2
fernanda,2
calibration,2
rachanie,2
cooke,2
these,2
age,2
agricultural,2
experience,2
quotations,2
origins,2
follow,2
exceed,2
jon,2
text,2
more,2
name,2
also,2
interests,2
maloney,2
spencer,2
palynological,2
each,2
projects,2
supplied,2
s,2
other,2
europe,2
copy,2
nancy,2
gosden,2
instituto,2
graeme,2
iron,2
fellow,2
msc,2
took,2
antropologia,2
camilo,2
william,2
centre,2
comma,2
otago,2
tayles,2
list,2
venezuela,2
material,2
dots,2
agriculture,2
ecology,2
sites,2
holocene,2
tropical,2
formerly,2
archaeobotany,2
ines,2
made,2
belfast,2
richard,2
los,2
unless,2
x,2
african,2
intended,2
insert,2
older,2
during,2
place,2
manfred,2
ranere,2
radiocarbon,2
leader,2
used,2
redmond,2
quality,2
this,2
cambridge,2
copies,2
t,2
g,2
good,2
santa,2
collaboration,2
double,2
american,2
period,2
hather,2
area,2
remains,2
old,2
luisa,2
mason,2
mainly,2
coast,2
stuiver,2
including,2
working,2
archaeologist,2
journal,2
northern,2
using,2
conventions,2
geography,2
recent,2
la,2
offprints,2
final,1
bernard,1
f,1
front,1
now,1
fort,1
philadelphia,1
americans,1
brumfiel,1
york,1
deviations,1
implications,1
glossy,1
century,1
technician,1
batsford,1
identification,1
way,1
numerals,1
rather,1
card,1
valle,1
sometimes,1
meaning,1
curator,1
foreign,1
main,1
vegetative,1
colombian,1
highlands,1
tropics,1
melbourne,1
palaeoecology,1
investigaciones,1
illustration,1
contractions,1
ritual,1
college,1
autonoma,1
preparing,1
coastal,1
substitution,1
tuber,1
international,1
subsistence,1
directing,1
collections,1
facts,1
yale,1
introduction,1
phrases,1
titled,1
began,1
returned,1
manuscript,1
ranges,1
per,1
germany,1
contribution,1
precedes,1
publisher,1
b,1
center,1
executive,1
southern,1
letter,1
one,1
uac,1
mounted,1
pages,1
often,1
southeast,1
pp,1
trobe,1
illustrations,1
white,1
authorship,1
advised,1
about,1
researcher,1
hull,1
paleolithic,1
space,1
serc,1
fetter,1
thomas,1
ellipsis,1
internationally,1
arts,1
originals,1
modern,1
forest,1
continuity,1
under,1
biology,1
issue,1
fifth,1
bangkok,1
referencing,1
historia,1
ka,1
addressed,1
forests,1
herrara,1
excavation,1
ancient,1
idaho,1
assistant,1
environment,1
encourage,1
contributions,1
teaches,1
cit,1
epigravettiana,1
before,1
just,1
following,1
nineteenth,1
numbers,1
impact,1
experimental,1
ed,1
accordance,1
calendrical,1
street,1
listed,1
decimal,1
calibrated,1
four,1
most,1
two,1
spelt,1
typed,1
additional,1
beside,1
lithic,1
officer,1
avoided,1
historicas,1
followed,1
physical,1
memorandum,1
davis,1
cost,1
submit,1
lead,1
issuing,1
three,1
rice,1
besides,1
temple,1
bannanurag,1
roman,1
useful,1
production,1
book,1
scientific,1
taken,1
important,1
symmetrical,1
berkeley,1
grouped,1
over,1
methodology,1
printing,1
colonization,1
principle,1
nevada,1
pencil,1
printer,1
olga,1
cent,1
cemetery,1
correspond,1
scientist,1
radiations,1
root,1
mobilare,1
capital,1
best,1
societies,1
occurrence,1
laboratory,1
historical,1
together,1
accompanied,1
printed,1
abstract,1
current,1
p,1
benians,1
sumatra,1
time,1
liverpool,1
coteau,1
abbreviations,1
papua,1
clear,1
scotland,1
government,1
fishing,1
perfectly,1
hunting,1
myers,1
diet,1
comparative,1
pennsylvania,1
guinea,1
oggetti,1
seldom,1
past,1
initial,1
scienze,1
sierra,1
zealand,1
absolutely,1
vegetation,1
late,1
consist,1
mind,1
state,1
further,1
biogeography,1
calibrating,1
beginning,1
present,1
principal,1
closely,1
expressed,1
apostrophes,1
because,1
developing,1
province,1
bristol,1
papers,1
them,1
appears,1
contents,1
recently,1
form,1
sentence,1
see,1
system,1
cannot,1
british,1
sound,1
staff,1
particular,1
lane,1
scale,1
can,1
ny,1
necessary,1
paired,1
depending,1
maintain,1
captions,1
year,1
manuscripts,1
pleistocene,1
theory,1
required,1
bird,1
free,1
another,1
al,1
maya,1
break,1
failure,1
provincial,1
having,1
uranium,1
demands,1
capitalized,1
understanding,1
referred,1
indented,1
urban,1
approx,1
extended,1
size,1
prehispanic,1
work,1
lettered,1
palma,1
speculation,1
own,1
grotta,1
universities,1
cavelier,1
presented,1
range,1
bear,1
practice,1
limitations,1
fine,1
sides,1
west,1
occupants,1
tens,1
part,1
through,1
marfa,1
july,1
nella,1
cited,1
shellfish,1
collaborated,1
courses,1
centro,1
eta,1
related,1
its,1
omit,1
technical,1
unsolicited,1
minimum,1
bc,1
illinois,1
sheets,1
measure,1
protohistoric,1
tracing,1
obtain,1
palynology,1
sign,1
northwest,1
make,1
climatic,1
coins,1
funded,1
peten,1
harvard,1
seasonally,1
numbered,1
participated,1
processes,1
calakmul,1
savanna,1
nootkan,1
retaining,1
centralized,1
reproduction,1
llanos,1
were,1
chosen,1
member,1
california,1
dating,1
evidence,1
project,1
spacing,1
editor,1
lettering,1
there,1
historic,1
transformation,1
colombiano,1
directed,1
tables,1
national,1
author,1
charge,1
agreement,1
gravettiana,1
reminded,1
interest,1
change,1
alphabetically,1
general,1
individual,1
approximately,1
uncalibrated,1
include,1
normally,1
sense,1
excavations,1
helpful,1
shared,1
field,1
suitably,1
need,1
convention,1
plant,1
stage,1
curve,1
obtained,1
administrative,1
colleagues,1
improved,1
phrase,1
standard,1
titles,1
involved,1
short,1
exchange,1
savannas,1
fission,1
footnotes,1
quebec,1
several,1
smithsonian,1
systems,1
study,1
between,1
junius,1
would,1
completing,1
holds,1
precolombian,1
single,1
suitable,1
panamanian,1
paglicci,1
usual,1
extra,1
twice,1
thin,1
chiefdoms,1
early,1
paleoecology,1
drawn,1
st,1
preand,1
venezuelan,1
extracted,1
percentage,1
parenchymatous,1
adaptations,1
dry,1
corrected,1
correspondence,1
strong,1
we,1
y,1
north,1
joint,1
florida,1
rivista,1
adaptive,1
calibrations,1
provided,1
preliminary,1
indicating,1
delete,1
word,1
lac,1
bibliographic,1
metric,1
major,1
commas,1
separate,1
parks,1
