WORDCOUNTS,WEIGHT
the,629
of,376
and,244
in,221
a,170
to,117
apsidal,84
is,82
temple,69
was,69
at,68
from,68
as,67
that,64
with,50
for,46
by,46
an,44
buddhist,44
religious,42
century,41
shrine,39
on,37
it,36
this,36
early,34
hindu,33
ad,30
form,30
bc,29
archaeological,29
india,27
shrines,26
site,26
new,26
temples,25
which,23
indian,22
architecture,21
i,20
excavations,20
its,20
second,20
were,20
centuries,20
nagarjunakonda,19
are,19
brick,19
archaeology,18
one,17
stone,17
or,17
but,17
also,17
period,17
history,16
r,16
evident,16
be,16
dated,15
several,15
other,15
between,15
first,14
x,14
hinduism,14
complex,13
into,13
district,13
has,13
structure,13
both,13
survey,12
such,12
no,12
these,12
two,12
valley,12
h,11
ray,11
image,11
k,11
shiva,11
found,11
well,11
have,11
not,11
paper,11
built,11
caitya,10
himanshu,10
thus,10
development,10
university,10
m,10
around,10
south,10
architectural,10
prabha,10
inscriptions,10
c,10
large,9
part,9
located,9
ancient,9
plan,9
another,9
worship,9
three,9
continued,9
associated,9
historical,9
evidence,9
onwards,8
krishna,8
religion,8
affiliation,8
landscape,8
pillared,8
pp,8
clearly,8
had,8
andhra,8
been,8
d,8
gudimallam,7
being,7
unearthed,7
j,7
asia,7
there,7
pillar,7
buddhism,7
vishnu,7
after,7
study,7
established,7
n,7
view,7
p,7
sites,7
mandapa,7
converted,7
centre,7
where,7
number,7
naga,7
earliest,7
art,7
medieval,6
later,6
within,6
monastic,6
phase,6
dates,6
misra,6
l,6
similar,6
durga,6
came,6
used,6
beginnings,6
stupa,6
structural,6
enshrined,6
only,6
more,6
structures,6
region,6
earlier,6
known,6
formed,5
either,5
s,5
wall,5
dating,5
central,5
third,5
his,5
sanchi,5
though,5
record,5
data,5
ter,5
change,5
research,5
sarkar,5
indicates,5
single,5
about,5
regional,5
social,5
larger,5
diverse,5
time,5
local,5
made,5
inscription,5
manoharlal,5
munshiram,5
include,5
linga,5
area,5
construction,5
kilometres,5
cult,5
her,5
through,5
enclosure,5
pillars,5
cousens,4
e,4
significant,4
he,4
trace,4
nineteenth,4
tradition,4
link,4
subsequent,4
date,4
sacred,4
case,4
activity,4
along,4
surrounded,4
g,4
nor,4
oxford,4
than,4
north,4
may,4
floor,4
patronage,4
b,4
emergence,4
halls,4
cults,4
subsequently,4
f,4
identified,4
community,4
included,4
same,4
rectangular,4
buddha,4
addition,4
v,4
platform,4
so,4
hindus,4
figure,4
analysis,4
remains,4
then,4
perhaps,4
jaina,4
son,4
press,4
writing,4
until,4
states,4
era,4
terracotta,4
jainism,3
memorials,3
indicated,3
donor,3
groups,3
they,3
conducted,3
studies,3
western,3
our,3
arms,3
long,3
ii,3
historians,3
nature,3
memorial,3
oblong,3
great,3
expansion,3
raised,3
political,3
context,3
linear,3
east,3
u,3
hall,3
marked,3
ritual,3
sanskritization,3
against,3
millennium,3
back,3
coinciding,3
brahmanical,3
kerala,3
seventh,3
acculturation,3
town,3
main,3
across,3
how,3
square,3
levels,3
process,3
nehru,3
their,3
metres,3
modern,3
deccan,3
river,3
padri,3
mauryan,3
age,3
origins,3
important,3
suggested,3
viz,3
location,3
bricks,3
aryan,3
residential,3
burgess,3
near,3
suggests,3
parasuramesvara,3
we,3
t,3
depicting,3
excavated,3
deity,3
suggest,3
dedicated,3
up,3
world,3
provided,3
practices,3
nearly,3
epigraphia,3
expanded,3
vicinity,3
communities,3
added,3
under,3
bhakti,3
stones,3
name,3
buddhists,3
subcontinent,3
again,3
many,3
monks,3
apse,3
discussed,3
forms,3
present,3
ground,3
books,3
argues,3
range,3
brahmanas,3
use,3
trade,3
tiles,3
figures,3
dimensions,3
sonkh,3
settled,3
mud,3
practice,3
seafaring,3
complexes,3
extensive,3
constructed,3
spots,3
connection,3
cc,3
report,3
twelfth,3
unique,3
references,3
jawaharlal,3
when,3
refers,3
plans,3
brahmagiri,3
elliptical,3
finds,3
association,3
images,3
ganga,2
carved,2
does,2
edge,2
common,2
gujarat,2
created,2
introduction,2
group,2
vidisha,2
royal,2
highlight,2
lower,2
said,2
fabric,2
baked,2
originally,2
plinth,2
all,2
seems,2
wooden,2
leading,2
secondary,2
origin,2
nineteen,2
hundred,2
xx,2
those,2
somewhat,2
british,2
donated,2
issue,2
eastern,2
autonomous,2
king,2
tenth,2
account,2
vol,2
some,2
sarma,2
sixteenth,2
international,2
plaque,2
since,2
above,2
murthy,2
treatise,2
shut,2
iron,2
review,2
village,2
objective,2
comprised,2
cultic,2
fig,2
occurs,2
details,2
traditions,2
caityas,2
phases,2
york,2
unravel,2
anointing,2
growth,2
ra,2
megalithic,2
coastal,2
cave,2
burials,2
space,2
front,2
chezarla,2
support,2
changes,2
developments,2
welfare,2
banarsidass,2
most,2
surface,2
iconography,2
result,2
seven,2
brill,2
late,2
cultural,2
burial,2
bhavnagar,2
feudal,2
networks,2
james,2
briefly,2
aspects,2
brought,2
mahacaitya,2
example,2
apparent,2
year,2
older,2
during,2
place,2
records,2
bastar,2
seated,2
rows,2
documented,2
rise,2
vijayanagara,2
project,2
own,2
multiplicity,2
least,2
trading,2
family,2
small,2
octagonal,2
decline,2
goddess,2
coast,2
puranas,2
generally,2
majority,2
wife,2
nallamalai,2
society,2
connectivity,2
variety,2
populations,2
pilgrimage,2
dressed,2
prevailing,2
establishes,2
standing,2
madras,2
southern,2
southeast,2
sri,2
fifth,2
god,2
perspectives,2
largest,2
starting,2
similarly,2
towns,2
shows,2
banks,2
figurines,2
pattern,2
superstructure,2
secular,2
layers,2
council,2
material,2
situated,2
discovery,2
upon,2
chittoor,2
including,2
ya,2
prevailed,2
additions,2
francis,2
vocabulary,2
individuals,2
open,2
discovered,2
historic,2
lady,2
tribal,2
high,2
provides,2
latter,2
courtyard,2
motilal,2
inscribed,2
queen,2
state,2
elaborate,2
feet,2
do,2
decay,2
christian,2
provide,2
movements,2
centres,2
five,2
hill,2
who,2
relevant,2
indicate,2
often,2
unusual,2
mounds,2
meant,2
contained,2
aihole,2
any,2
changing,2
agents,2
unbroken,2
over,2
each,2
presence,2
current,2
benefit,2
plaques,2
discuss,2
what,2
atranjikhera,2
heads,2
terms,2
making,2
particular,2
monastery,2
nearby,2
harappan,2
distribution,2
appropriated,2
while,2
annual,2
urban,2
middle,2
preserved,2
entrance,2
multiple,2
reported,2
besnagar,2
colonial,2
varied,2
relates,2
subsumed,2
prakrit,2
survival,2
years,2
cambridge,2
fourteenth,2
charge,2
citadel,2
sanctum,2
defined,2
needs,2
ninth,2
tamil,2
little,2
traditional,2
taylor,2
recent,2
close,2
major,2
final,1
dynamic,1
difficult,1
winds,1
donations,1
now,1
alampur,1
mostly,1
devotee,1
child,1
tirthas,1
ijz,1
inscriptional,1
if,1
religions,1
meaning,1
scatel,1
sanctums,1
designated,1
unfounded,1
resulted,1
intriguing,1
math,1
ump,1
adoption,1
pradesh,1
per,1
legitimization,1
contemporaneous,1
conversion,1
overland,1
counters,1
screening,1
flourish,1
myth,1
chennamangalam,1
masonry,1
likely,1
true,1
remnants,1
inconsistent,1
rt,1
antedates,1
ram,1
assumption,1
motive,1
undertaken,1
geometric,1
presents,1
laid,1
occurred,1
holding,1
ascetics,1
before,1
migration,1
du,1
temfle,1
contexts,1
prosperous,1
establish,1
congress,1
accumulation,1
highlighted,1
archaeologists,1
kka,1
drn,1
brlniamagirt,1
mahadeva,1
every,1
brickbats,1
certainly,1
ay,1
production,1
setting,1
samsad,1
rested,1
pitikayag,1
attempt,1
lomas,1
emerged,1
incorporating,1
dion,1
available,1
astabhujasvamin,1
agrarian,1
broadly,1
desire,1
rich,1
arises,1
studied,1
government,1
idolatrous,1
sometime,1
svamedh,1
court,1
uncovered,1
satyavolu,1
chandravalli,1
take,1
kingdom,1
alignment,1
help,1
damage,1
raj,1
written,1
replicated,1
henry,1
gifts,1
complicated,1
corporation,1
smudabidri,1
intersection,1
seminar,1
side,1
ltd,1
verlag,1
thatch,1
recorded,1
persian,1
dotted,1
key,1
adopts,1
bones,1
bases,1
firm,1
stepped,1
alttrala,1
recommended,1
lanka,1
strand,1
helliodoros,1
telugu,1
measuring,1
west,1
combination,1
variations,1
establishment,1
indicating,1
ntrislheri,1
overlooking,1
udayagiri,1
bottom,1
undoubtedly,1
temeter,1
undergone,1
ramatirtham,1
deserted,1
denoting,1
surplus,1
framework,1
exposed,1
linked,1
human,1
templeple,1
includes,1
throughout,1
ehuvala,1
sankisa,1
khare,1
weakened,1
dynamics,1
pullareddigudem,1
accommodation,1
mm,1
bent,1
visited,1
categorized,1
tables,1
accepts,1
integral,1
terraces,1
characteristic,1
basal,1
maharaja,1
amphitheatre,1
dangwada,1
afford,1
american,1
coexistence,1
srinagar,1
manager,1
replaced,1
snake,1
z,1
forced,1
ai,1
slabs,1
mahachait,1
transitional,1
clay,1
distinct,1
elements,1
old,1
perspective,1
bullock,1
pedestal,1
highest,1
puranic,1
ganesa,1
suitable,1
honour,1
unchanged,1
publications,1
find,1
thapar,1
drawn,1
terrace,1
even,1
consequently,1
deceased,1
instruments,1
journal,1
artillery,1
spite,1
idal,1
sister,1
hardly,1
visnu,1
shall,1
cists,1
lakshmi,1
confluence,1
walls,1
sanskrit,1
chalukya,1
book,1
fergusson,1
affiliations,1
dhvaja,1
civilization,1
hamlet,1
foot,1
online,1
hero,1
jainas,1
ka,1
chinna,1
reiterates,1
hypaethral,1
reimer,1
rather,1
tt,1
links,1
portrayed,1
absent,1
rounded,1
illustration,1
trivikrama,1
afterwards,1
antagonistic,1
mahavira,1
notion,1
depicts,1
active,1
excavators,1
arrangements,1
arm,1
titled,1
associate,1
connected,1
importance,1
certain,1
phirangi,1
stadum,1
postern,1
prakashan,1
lay,1
animals,1
scattered,1
fn,1
means,1
banawali,1
gaja,1
naivety,1
circumambulation,1
erecting,1
calcutta,1
array,1
retained,1
teaches,1
brahmi,1
section,1
traces,1
gradually,1
orissa,1
slate,1
restricted,1
iof,1
pebble,1
upper,1
show,1
chamtamula,1
secondfirst,1
officer,1
sundeep,1
followed,1
cotton,1
substantiated,1
permanent,1
subsidiary,1
abhiseka,1
dominant,1
lalit,1
projected,1
drawing,1
cut,1
consecrated,1
experimentation,1
salles,1
multireligious,1
root,1
mphil,1
vedic,1
prehistoric,1
puspabhadrasvamin,1
introduce,1
affiliated,1
ethnography,1
hexagonal,1
kondivate,1
bearing,1
declined,1
could,1
rule,1
rawat,1
relating,1
conspicuous,1
exquisitely,1
out,1
relation,1
shared,1
ocean,1
noting,1
arar,1
featured,1
base,1
uija,1
tagara,1
sarnath,1
traversed,1
further,1
encyclopaedia,1
traced,1
understood,1
buried,1
caves,1
eightarmed,1
block,1
circular,1
keywords,1
dynasty,1
teacher,1
asi,1
banvasi,1
saresidevntial,1
monograph,1
otherwise,1
vivid,1
explain,1
granite,1
revived,1
sacrifice,1
townns,1
cart,1
tiey,1
maniyar,1
christianity,1
almost,1
keeping,1
participation,1
prasada,1
basis,1
bodhisiri,1
line,1
relief,1
revealed,1
kuram,1
mysore,1
intense,1
sculpture,1
emple,1
papanasi,1
nearest,1
prominent,1
degrees,1
london,1
knowledge,1
edn,1
kupanasiri,1
department,1
ten,1
saiva,1
dal,1
photographed,1
corrupt,1
iz,1
issues,1
sarvadeva,1
concentrate,1
participated,1
demon,1
aurangabad,1
rituals,1
nagari,1
et,1
peddachapalli,1
focuses,1
rsi,1
tungabhadra,1
plurality,1
appreciated,1
il,1
siri,1
status,1
assembly,1
memoirs,1
hillside,1
changebuddhism,1
trends,1
boulders,1
approach,1
absorb,1
regions,1
oriental,1
xxxll,1
contests,1
preceded,1
stressed,1
stool,1
submergence,1
whitehead,1
commerce,1
indicator,1
thirteenth,1
working,1
field,1
potshards,1
raman,1
ambassador,1
weatherhill,1
contrast,1
caityagrhas,1
excavation,1
settlement,1
involved,1
cognate,1
habitation,1
endowed,1
few,1
wider,1
erected,1
revealing,1
folk,1
indira,1
karnataka,1
agaral,1
mi,1
mantle,1
pavilion,1
latest,1
sculptures,1
core,1
barely,1
progress,1
ta,1
loci,1
results,1
describes,1
roots,1
notes,1
appropriate,1
marble,1
rn,1
daimabad,1
moved,1
valuable,1
neolithic,1
periods,1
survived,1
arap,1
highlights,1
led,1
partially,1
templestheir,1
minor,1
matter,1
tichui,1
culadhammagiri,1
various,1
flagstaff,1
garuda,1
gradual,1
brck,1
ia,1
surprisingly,1
puri,1
object,1
kapotesvaraswamy,1
still,1
surviving,1
railway,1
modes,1
penguin,1
inhabited,1
corpus,1
guide,1
mathura,1
edited,1
relied,1
yet,1
elaboration,1
floods,1
xlx,1
examined,1
makes,1
devotion,1
saill,1
ring,1
chalukyan,1
continuity,1
clergy,1
mobile,1
chronology,1
specimens,1
perceived,1
padi,1
compiled,1
lavishly,1
chenchus,1
home,1
light,1
islam,1
culture,1
lord,1
cuddapah,1
si,1
al,1
reprint,1
already,1
insights,1
patterning,1
dras,1
worshipper,1
strata,1
officers,1
picture,1
double,1
power,1
stated,1
teli,1
palm,1
srinidhih,1
others,1
sia,1
printing,1
kartikeya,1
rock,1
towards,1
water,1
pitikayagulla,1
head,1
scholars,1
maternal,1
xtiruvalilur,1
striking,1
beliefs,1
xm,1
remarked,1
children,1
catalogued,1
proliferation,1
end,1
doubt,1
votary,1
ruler,1
outside,1
plate,1
abstract,1
remarkable,1
increases,1
tir,1
covered,1
threads,1
ur,1
model,1
purposes,1
validity,1
seventeenth,1
ch,1
see,1
spot,1
kx,1
heaps,1
snlla,1
fortification,1
mahisasuramardini,1
routledge,1
distance,1
chalcolithic,1
mahadevi,1
wood,1
refuted,1
historiographical,1
remained,1
caityagrha,1
discussion,1
birth,1
pave,1
represented,1
sides,1
writings,1
narrowly,1
attainment,1
lake,1
killing,1
maharashtra,1
sixth,1
tank,1
ruling,1
elite,1
enduring,1
yaksa,1
largely,1
station,1
rivers,1
emphasize,1
nude,1
sequence,1
prominently,1
brahmins,1
net,1
resulting,1
styles,1
examination,1
antialcidas,1
importantly,1
ratified,1
hardened,1
krishnan,1
templc,1
asokan,1
dattsons,1
underwent,1
ties,1
low,1
quotation,1
clear,1
comprehensive,1
srinivasan,1
feature,1
decorated,1
victory,1
maintenance,1
interpret,1
nirvana,1
issn,1
individual,1
sati,1
times,1
spread,1
general,1
function,1
harwan,1
him,1
mahis,1
reconstructed,1
static,1
linking,1
outcrop,1
proximity,1
legacy,1
nadu,1
behest,1
zgc,1
xaflu,1
halltl,1
preliminaries,1
roofs,1
internal,1
craft,1
ijifi,1
respectively,1
prakasam,1
mainly,1
attendant,1
january,1
epigraphs,1
ujjain,1
taxila,1
aurdeshwar,1
geography,1
corners,1
occupied,1
peninsular,1
fee,1
greek,1
widely,1
sacrificial,1
ranging,1
rampart,1
seasons,1
fifty,1
dawn,1
suggestion,1
mahboobnagar,1
relationship,1
carla,1
talaja,1
raise,1
delhi,1
she,1
pedda,1
crucial,1
ehuvula,1
husband,1
conch,1
select,1
alternate,1
nagarjunikonda,1
regnal,1
allahabad,1
becomes,1
referred,1
monuments,1
lost,1
seen,1
affinity,1
bears,1
privileges,1
malhar,1
credited,1
heliodoros,1
trivandrum,1
aupuzia,1
remaining,1
recognize,1
rapidly,1
dietrich,1
length,1
antiquity,1
volumes,1
secluded,1
life,1
gallery,1
amakuru,1
rajgir,1
arts,1
mayamatam,1
iksvakus,1
littered,1
antiquities,1
dead,1
kings,1
mother,1
qazi,1
sandstone,1
thick,1
etah,1
claims,1
fertility,1
copperplate,1
uru,1
iji,1
monument,1
offshoots,1
growing,1
iififi,1
rea,1
railing,1
series,1
accordance,1
version,1
lingas,1
buddhapada,1
reinforced,1
continues,1
iksvaku,1
slope,1
frieze,1
bronze,1
ll,1
besides,1
rocky,1
here,1
alternative,1
set,1
know,1
ganapati,1
veerapuram,1
extant,1
tendencies,1
cultures,1
sheep,1
different,1
worth,1
december,1
confident,1
sizes,1
exploration,1
albeit,1
desolate,1
best,1
alexander,1
nath,1
brah,1
half,1
constructions,1
guild,1
domestic,1
dharanikota,1
bangalore,1
foundation,1
iii,1
ideological,1
particularly,1
alhole,1
sc,1
biggs,1
edicts,1
far,1
cities,1
happiness,1
essentially,1
enlarged,1
sdistribution,1
passage,1
merely,1
turned,1
believed,1
animal,1
proceedings,1
investigation,1
reign,1
circles,1
rose,1
lokesvara,1
thirty,1
maintain,1
hoped,1
firmly,1
mathematics,1
extent,1
predate,1
getting,1
foundations,1
periphery,1
institute,1
suratkal,1
information,1
iee,1
bagchi,1
sstable,1
emphasis,1
dedication,1
rz,1
prior,1
marking,1
didda,1
demarcated,1
thereby,1
conclude,1
llw,1
haryana,1
became,1
ac,1
giving,1
tahsil,1
sinopoli,1
assumptions,1
commissioned,1
went,1
measure,1
conventional,1
screen,1
emaciated,1
eyaksh,1
hyderabad,1
allows,1
vasithiputa,1
sahitya,1
akn,1
lambadis,1
superseded,1
question,1
wild,1
shown,1
enshrining,1
rediscovery,1
advent,1
similarity,1
copies,1
protohistoric,1
web,1
numerous,1
storied,1
gandhi,1
national,1
precise,1
grant,1
documentation,1
bhita,1
instead,1
gravel,1
although,1
newly,1
cooper,1
building,1
uttar,1
need,1
kundel,1
guntur,1
rrl,1
maritime,1
integration,1
regular,1
satavahanas,1
earthen,1
ayyapan,1
virapurusadatta,1
cambay,1
shells,1
bhairava,1
shift,1
roughly,1
epigraph,1
comparison,1
specific,1
sapsidal,1
trajectory,1
assumed,1
discontinuous,1
marxist,1
succeeded,1
soa,1
sharing,1
mutilated,1
interaction,1
gulf,1
focus,1
among,1
seek,1
squatting,1
drew,1
should,1
gandhara,1
puspabhadraswami,1
ca,1
rubble,1
termed,1
vihara,1
chezerla,1
occur,1
perception,1
row,1
circumambulatory,1
