WORDCOUNTS,WEIGHT
and,35
the,30
of,23
in,21
archaeology,21
to,14
a,9
by,8
no,7
is,7
be,7
are,6
vol,6
publication,6
early,6
j,5
for,5
ed,4
from,4
as,4
issues,4
research,4
at,3
institutions,3
submission,3
not,3
monuments,3
articles,3
monumental,3
or,3
any,3
theme,3
time,3
new,3
i,3
routledge,3
individuals,3
editor,3
this,3
an,3
c,3
world,3
may,2
will,2
it,2
architecture,2
techniques,2
megalithic,2
above,2
contributions,2
britain,2
scarborough,2
space,2
miscellany,2
each,2
months,2
technology,2
policy,2
before,2
but,2
age,2
regional,2
t,2
published,2
that,2
cover,2
all,2
intending,2
available,2
past,2
february,2
date,2
papers,2
whether,2
form,2
case,2
issue,2
can,2
number,2
design,2
some,2
r,2
art,2
planning,2
october,2
occasionally,2
publishers,2
island,2
editorial,2
water,2
such,2
copies,2
archaeological,2
g,2
social,2
contributors,2
usa,2
june,2
back,2
systems,2
single,2
uk,2
recent,2
traditions,2
should,2
row,2
genesis,1
rights,1
now,1
transhumance,1
christian,1
stoddart,1
islamic,1
likely,1
tonga,1
page,1
m,1
perspectives,1
matter,1
africa,1
without,1
if,1
concerned,1
bound,1
strictly,1
landscape,1
retrieval,1
coastal,1
announced,1
subsistence,1
remote,1
permission,1
directions,1
strongly,1
still,1
currency,1
church,1
b,1
leave,1
executive,1
southern,1
ceramics,1
innovation,1
methods,1
analysis,1
advised,1
about,1
united,1
with,1
h,1
fetter,1
approaches,1
eighteen,1
arid,1
typeset,1
studies,1
mounds,1
chronology,1
ceremonial,1
quantitative,1
excavation,1
management,1
history,1
quarries,1
proprietors,1
thrice,1
complexity,1
these,1
industrial,1
subscription,1
ethnoarchaeology,1
begins,1
linguistics,1
moments,1
thermodynamic,1
resource,1
sherratt,1
symbolic,1
priced,1
precise,1
bronze,1
titles,1
submit,1
asterisk,1
also,1
production,1
typesetting,1
neolithic,1
ii,1
power,1
integrative,1
weaponry,1
postage,1
might,1
musical,1
europe,1
colonization,1
rock,1
england,1
behaviour,1
character,1
tomb,1
fitted,1
malone,1
ceramic,1
commission,1
s,1
book,1
innovations,1
pastoralism,1
printed,1
great,1
current,1
p,1
hoards,1
classical,1
monumentality,1
polynesian,1
far,1
end,1
religion,1
adler,1
man,1
feature,1
watercraft,1
urbanization,1
further,1
trouble,1
biogeography,1
political,1
though,1
caves,1
reviews,1
transmitted,1
accepted,1
context,1
burial,1
establish,1
relevant,1
contents,1
population,1
list,1
see,1
particular,1
hoarding,1
ahead,1
core,1
manuscripts,1
facilities,1
courtesy,1
books,1
save,1
ethnography,1
public,1
uncommissioned,1
kirch,1
agriculture,1
studying,1
barrett,1
trowbridge,1
prior,1
marked,1
urban,1
unsolicited,1
work,1
soils,1
publish,1
examples,1
received,1
nj,1
explanation,1
reid,1
transport,1
invited,1
nomads,1
part,1
su,1
including,1
sent,1
mapuche,1
tombs,1
mortuary,1
related,1
yearly,1
nutrition,1
irish,1
subject,1
assumptions,1
letter,1
food,1
warfare,1
climatic,1
writing,1
human,1
which,1
review,1
chemical,1
recruitment,1
wilshusen,1
theories,1
dating,1
southwestern,1
recording,1
lists,1
trade,1
ethnicity,1
made,1
write,1
author,1
charge,1
health,1
change,1
issn,1
hawaii,1
architectural,1
normally,1
price,1
d,1
field,1
tribal,1
states,1
mines,1
regular,1
obtained,1
photograph,1
palaeolithic,1
anyone,1
dillehay,1
thomas,1
stored,1
comparison,1
especially,1
article,1
maltese,1
stones,1
six,1
craft,1
publications,1
oumna,1
up,1
london,1
instruments,1
journal,1
trigger,1
paid,1
technological,1
notes,1
stone,1
appropriate,1
preliminary,1
malcolm,1
archaeometallurgy,1
