WORDCOUNTS,WEIGHT
the,371
of,354
and,246
in,191
to,140
a,133
art,103
as,74
is,71
or,48
on,48
that,47
megaw,46
with,44
la,43
celtic,42
for,41
which,40
has,40
be,40
early,38
tene,35
it,33
by,33
are,33
have,31
an,30
been,30
not,30
this,28
we,27
j,26
from,26
c,26
v,25
m,24
university,22
such,21
material,20
meaning,19
s,19
one,18
his,18
style,18
at,17
prehistoric,17
european,17
what,17
ruth,16
they,15
reading,15
years,15
iron,15
but,14
its,13
australian,13
many,13
can,13
western,12
first,12
pp,12
was,12
vincent,12
more,12
new,12
press,12
du,11
there,11
celts,11
their,11
study,11
age,11
most,11
culture,11
also,11
classical,11
aboriginal,11
studies,10
history,10
certainly,10
other,10
some,10
de,10
though,10
cultural,10
r,10
than,10
f,10
see,10
archaeological,10
fifty,10
archaeology,10
visual,10
any,10
while,10
all,9
those,9
b,9
prehistory,9
well,9
work,9
society,9
jacobsthal,9
only,9
problems,9
past,9
central,8
since,8
elements,8
just,8
important,8
et,8
duval,8
he,8
economic,8
often,8
frey,8
both,8
if,7
h,7
approaches,7
celtique,7
australia,7
were,7
review,7
may,7
cannot,7
used,7
t,7
about,7
yet,7
ancient,7
same,7
europe,7
cambridge,7
made,7
identity,7
largely,7
terms,7
little,7
major,7
der,6
later,6
modern,6
into,6
definition,6
written,6
task,6
thus,6
even,6
general,6
how,6
consider,6
objects,6
view,6
aspects,6
writers,6
claim,6
make,6
these,6
regional,6
published,6
motifs,6
where,6
width,6
language,6
who,6
detailed,6
analysis,6
arts,6
must,6
research,6
form,6
our,6
land,6
kruta,6
between,6
does,5
now,5
e,5
ways,5
whose,5
german,5
no,5
produced,5
based,5
out,5
sword,5
bc,5
approach,5
social,5
painting,5
settlement,5
champion,5
still,5
two,5
idea,5
time,5
contemporary,5
use,5
so,5
referred,5
seen,5
then,5
following,5
bronze,5
here,5
over,5
did,5
particularly,5
particular,5
des,5
despite,5
au,5
should,5
common,4
concerned,4
stylistic,4
groups,4
english,4
archaeologists,4
within,4
seminar,4
british,4
eastern,4
zur,4
possible,4
obvious,4
west,4
very,4
exist,4
millennium,4
body,4
equally,4
rather,4
basic,4
clearly,4
leicester,4
origins,4
beyond,4
societies,4
shared,4
symbols,4
because,4
part,4
example,4
esp,4
irish,4
people,4
siecle,4
will,4
indeed,4
seeing,4
al,4
artists,4
grave,4
plate,4
less,4
necessary,4
number,4
desert,4
aesthetics,4
continue,4
three,4
k,4
do,4
political,4
echt,4
window,4
centuries,4
itself,4
detail,4
les,4
continental,4
anthropology,4
different,4
best,4
thames,4
presented,4
through,4
die,4
world,4
definitions,4
moscati,4
course,4
d,4
remains,4
specific,4
much,4
recent,4
malangi,3
forschungen,3
alone,3
scottish,3
complex,3
kr,3
before,3
bark,3
notre,3
either,3
sources,3
taken,3
england,3
seems,3
renfrew,3
survey,3
styles,3
i,3
last,3
welsh,3
existence,3
courtesy,3
design,3
hudson,3
human,3
quality,3
unpublished,3
century,3
learning,3
innovation,3
times,3
communication,3
journal,3
colin,3
recognized,3
l,3
remain,3
after,3
contributions,3
argued,3
max,3
necessarily,3
had,3
avant,3
uses,3
found,3
p,3
scotland,3
term,3
further,3
let,3
recently,3
scope,3
concept,3
knowledge,3
related,3
whole,3
acrylic,3
mediterranean,3
when,3
st,3
value,3
south,3
demand,3
schwappach,3
latenezeit,3
artist,3
conventional,3
chap,3
interpretation,3
continuity,3
queensland,3
overlapping,3
representation,3
paul,3
decoration,3
rock,3
scholars,3
clarendon,3
abstract,3
john,3
considerable,3
pattern,3
ground,3
shown,3
discussion,3
previously,3
lecture,3
flinders,3
ethnic,3
meanings,3
clear,3
individual,3
britain,3
controversial,3
today,3
note,3
claimed,3
openwork,3
rarely,3
associated,3
series,3
precise,3
set,3
ornament,3
quoted,3
works,3
making,3
statement,3
extent,3
categories,3
paintings,3
offer,3
traditional,3
among,3
difficult,2
verger,2
syntax,2
nemzeti,2
market,2
linguistic,2
arnhem,2
large,2
partially,2
artistic,2
word,2
former,2
ian,2
monograph,2
intentions,2
being,2
said,2
cast,2
production,2
attempts,2
might,2
elusive,2
analogies,2
principles,2
available,2
fer,2
together,2
friihen,2
desire,2
great,2
grounding,2
origin,2
colloque,2
fibulae,2
cheshire,2
zu,2
context,2
papers,2
designs,2
case,2
activity,2
move,2
point,2
apply,2
conkey,2
analyse,2
learned,2
historical,2
throughout,2
scabbards,2
against,2
g,2
regarded,2
mentalite,2
application,2
kind,2
ive,2
nor,2
old,2
concerning,2
response,2
myth,2
left,2
truly,2
iif,2
apparently,2
rarefied,2
van,2
opposed,2
mount,2
aborigines,2
etudes,2
castriota,2
developed,2
preparing,2
stuttgart,2
supplement,2
similar,2
importance,2
derived,2
white,2
emergence,2
n,2
too,2
follow,2
actes,2
followed,2
painted,2
article,2
decades,2
adieu,2
antiquaries,2
germanische,2
ambiguity,2
rudolf,2
primacy,2
wealth,2
explain,2
acknowledgments,2
almost,2
carry,2
edn,2
indigenous,2
comment,2
year,2
overview,2
older,2
northwest,2
references,2
relevance,2
neugebauer,2
sutton,2
vorund,2
status,2
universally,2
own,2
regions,2
sense,2
working,2
suggest,2
le,2
several,2
few,2
executed,2
tended,2
visible,2
using,2
und,2
appropriate,2
magyar,2
dussart,2
finds,2
periods,2
laing,2
morphology,2
therefore,2
matter,2
revival,2
studien,2
penguin,2
tends,2
criticism,2
museum,2
makes,2
towards,2
fifth,2
us,2
celtes,2
ethnographic,2
increasingly,2
volume,2
layton,2
book,2
nationalists,2
again,2
addition,2
succeeded,2
fact,2
lack,2
stories,2
fundamental,2
head,2
areas,2
insular,2
state,2
doubt,2
cup,2
outside,2
model,2
continuing,2
hastorf,2
friihlatenezeitlichen,2
belief,2
books,2
ignoring,2
another,2
sir,2
demonstrated,2
background,2
range,2
formal,2
dollar,2
expression,2
questions,2
attic,2
real,2
sees,2
theoretical,2
reality,2
authors,2
ere,2
decorated,2
essay,2
ireland,2
david,2
like,2
period,2
function,2
him,2
tribal,2
distinction,2
earlier,2
systems,2
schapiro,2
become,2
structure,2
figures,2
pottery,2
widely,2
separate,2
carried,2
groupings,2
continued,2
fear,2
primarily,2
independence,2
dans,2
dissertation,2
anthropological,2
contained,2
simply,2
continues,2
symbolic,2
symbol,2
intellectual,2
petres,2
descent,2
paper,2
distinctions,2
key,2
clan,2
judgements,2
report,2
expresses,2
celtiques,2
beginning,2
born,2
whether,2
theory,2
phenomena,2
popular,2
ancestral,2
role,2
scabbard,2
writing,2
come,2
question,2
canvas,2
lists,2
ignored,2
lands,2
diam,2
joined,2
although,2
sur,2
france,2
you,2
area,2
pauli,2
bounds,2
exclusively,2
conventions,2
termed,2
gold,2
entities,1
impossibility,1
gunmirringgu,1
boomerangs,1
currently,1
appropriation,1
done,1
struggle,1
doubts,1
deny,1
limits,1
edge,1
way,1
stuart,1
car,1
medieval,1
kunts,1
productions,1
overthrowing,1
revue,1
scholar,1
bicentennial,1
functional,1
encouraged,1
separated,1
represent,1
librairie,1
extend,1
resulted,1
college,1
legitimate,1
europeans,1
luana,1
considerably,1
totally,1
spurred,1
designer,1
utility,1
notably,1
evans,1
pushed,1
holm,1
per,1
germany,1
likewise,1
interrelationships,1
american,1
discover,1
polymer,1
denied,1
conveys,1
putative,1
elaborated,1
identify,1
stone,1
referring,1
dart,1
motivation,1
summaries,1
jonathan,1
rediscovered,1
einer,1
acceptance,1
position,1
resurgence,1
potentials,1
excavation,1
presents,1
wiirttembergisches,1
ethnoarchaeological,1
communicating,1
vc,1
celticist,1
eye,1
source,1
aryans,1
princeton,1
amongst,1
academiae,1
various,1
hurlstone,1
denke,1
anything,1
query,1
inaccessibility,1
withdrawn,1
waldalgesheim,1
kollokvium,1
modest,1
invention,1
specifically,1
reconstructions,1
blithely,1
beautifully,1
jackson,1
creation,1
roman,1
zirkelornamentik,1
expressive,1
setting,1
deindustrialization,1
amphitrite,1
ii,1
restoration,1
throws,1
military,1
munchner,1
culturally,1
motor,1
viewer,1
acutely,1
unexceptional,1
artwhat,1
hungariae,1
zeugnisse,1
ourselves,1
official,1
nature,1
asia,1
editions,1
mfiller,1
words,1
memorial,1
copy,1
capitalist,1
marburg,1
tradition,1
portable,1
leading,1
broken,1
accompanied,1
reasons,1
berichte,1
differences,1
marketable,1
torres,1
producing,1
narrative,1
carrying,1
assembled,1
revisions,1
religion,1
take,1
nationalism,1
antipathy,1
deemed,1
das,1
creator,1
ancestry,1
intuitive,1
mind,1
stand,1
gifts,1
contrasting,1
creativity,1
ber,1
ambiguous,1
surveys,1
hostility,1
behind,1
return,1
hateful,1
racial,1
depends,1
negatives,1
verlag,1
linear,1
iie,1
recorded,1
east,1
historians,1
av,1
continuum,1
propensity,1
primary,1
conditioned,1
auction,1
right,1
presshaus,1
exception,1
urgigandjdjar,1
determined,1
concentrating,1
condition,1
cap,1
international,1
aliquid,1
establishing,1
literary,1
bibliography,1
countered,1
venceslas,1
hawkes,1
apart,1
say,1
conceptual,1
reflecting,1
x,1
bottom,1
along,1
undoubtedly,1
formula,1
tied,1
controlled,1
framework,1
modelled,1
unauthorised,1
aboriginality,1
chapters,1
accessible,1
derfrihen,1
surely,1
underrated,1
axle,1
pictures,1
inner,1
due,1
bei,1
aus,1
lectures,1
forgotten,1
untersuchungen,1
acta,1
santa,1
excavations,1
issued,1
leaf,1
adams,1
participating,1
jahrbuch,1
cf,1
overt,1
assessment,1
media,1
forerunners,1
extensively,1
accelerating,1
given,1
guided,1
turn,1
punning,1
cases,1
distinct,1
items,1
evident,1
perspective,1
depend,1
profound,1
columbia,1
extraordinary,1
dates,1
third,1
inadequately,1
compare,1
overwhelmed,1
semantic,1
westliche,1
swiss,1
ira,1
obscure,1
nick,1
stimulating,1
bottles,1
look,1
bennett,1
keltischen,1
appreciated,1
traditions,1
savage,1
hardly,1
infliction,1
influence,1
gomez,1
romania,1
grasp,1
eucalyptus,1
phases,1
rights,1
poor,1
sample,1
adequate,1
york,1
without,1
fifa,1
masterpieces,1
statements,1
growth,1
aimed,1
superficial,1
ironic,1
en,1
parures,1
process,1
broaden,1
outward,1
ornamentik,1
connected,1
thing,1
certain,1
assuming,1
dialogue,1
chariot,1
illustrations,1
ludwig,1
awareness,1
consequences,1
kuntshandwerks,1
moves,1
suffice,1
chippindale,1
wilde,1
understand,1
regionalen,1
droz,1
escape,1
provinces,1
wanted,1
shelton,1
greeks,1
totenbrachtum,1
inventaria,1
organization,1
river,1
image,1
specialization,1
languages,1
presumably,1
proved,1
elsewhere,1
receiving,1
nationalisms,1
yirrkala,1
gradually,1
reviewed,1
fare,1
w,1
prevent,1
linguistics,1
commented,1
expanding,1
undertaken,1
glaze,1
consequence,1
imprecise,1
terminology,1
oppression,1
puts,1
permanent,1
arguable,1
dominant,1
painstakingly,1
opinion,1
suggested,1
ochres,1
methodology,1
reflections,1
furstengrabhiigel,1
greater,1
ranges,1
talking,1
skewed,1
closely,1
problem,1
remembered,1
came,1
bibliotheque,1
lead,1
whom,1
arrival,1
agenda,1
could,1
allusive,1
opposing,1
rule,1
basin,1
difficulty,1
hands,1
search,1
called,1
typical,1
access,1
inappropriate,1
deal,1
subscribe,1
demands,1
mouton,1
rooms,1
census,1
mythical,1
rinceaux,1
luxury,1
viking,1
engraver,1
initial,1
remarques,1
pitfalls,1
czech,1
late,1
muslim,1
circulation,1
cups,1
artefact,1
occupation,1
informed,1
wales,1
war,1
mainly,1
czechoslovakia,1
burial,1
teacher,1
kunst,1
population,1
grounds,1
grundlegungen,1
record,1
scientiarum,1
comprehension,1
premise,1
wide,1
marxists,1
ld,1
jewish,1
cognition,1
depictions,1
possibility,1
romisch,1
failure,1
errance,1
none,1
trisceles,1
distinguish,1
seminal,1
correctly,1
revealed,1
contexts,1
received,1
tool,1
reid,1
preferred,1
student,1
reader,1
descendant,1
significantly,1
crude,1
purpose,1
compass,1
norm,1
reserve,1
secret,1
symbolism,1
homeland,1
data,1
description,1
literature,1
during,1
place,1
size,1
collective,1
beginnings,1
centred,1
music,1
hallein,1
justification,1
reflect,1
frill,1
rise,1
employed,1
greenhalgh,1
stead,1
interpreted,1
miss,1
challenging,1
gallimard,1
unsupportable,1
graduate,1
manifestation,1
shortcomings,1
annotated,1
analysed,1
bibliographies,1
interpretatio,1
construct,1
inuit,1
composite,1
caused,1
ago,1
below,1
schefold,1
theoretically,1
stage,1
microfilms,1
box,1
order,1
vam,1
sotades,1
exclude,1
arbitrary,1
subvert,1
bank,1
involved,1
long,1
around,1
encompasses,1
attention,1
polten,1
openly,1
characteristics,1
highly,1
routine,1
folk,1
industry,1
novum,1
observe,1
invaluable,1
adhere,1
protect,1
musee,1
weapons,1
telling,1
coast,1
philip,1
dem,1
fully,1
delivered,1
up,1
dependent,1
wife,1
lorenz,1
nazionale,1
periode,1
roots,1
notes,1
gordon,1
geographical,1
subsequently,1
chronological,1
meaningfully,1
horizons,1
led,1
second,1
irrespective,1
advocate,1
transculturally,1
identified,1
doctoral,1
short,1
wrote,1
synthesis,1
haffner,1
triskel,1
ancien,1
minority,1
majolie,1
marne,1
forward,1
postulation,1
yugoslavia,1
funny,1
niederosterreichishes,1
fastened,1
object,1
rheinisches,1
attempt,1
community,1
above,1
mainstream,1
praehistorische,1
corpora,1
currency,1
comments,1
raum,1
backed,1
reception,1
unquestioningly,1
positive,1
beset,1
label,1
frank,1
contributing,1
communications,1
hellenistic,1
turmoil,1
reference,1
coverage,1
accident,1
requiring,1
osterreichs,1
zentralmuseums,1
under,1
karpates,1
restricted,1
cuvette,1
siemens,1
ne,1
neither,1
perceived,1
puzzle,1
kulturund,1
home,1
initiation,1
commonwealth,1
informal,1
keeping,1
teaching,1
rectangular,1
refine,1
dreamings,1
accelerated,1
indian,1
acknowledging,1
narratives,1
insights,1
alien,1
patterning,1
noted,1
operations,1
enterprises,1
unifying,1
picture,1
considers,1
useful,1
programmatic,1
party,1
members,1
starting,1
birthplace,1
ornemental,1
splendidly,1
hautes,1
scot,1
stated,1
broadened,1
others,1
fragmentation,1
death,1
put,1
decorative,1
added,1
shows,1
longer,1
twenty,1
washburn,1
regret,1
belittle,1
ought,1
witnesses,1
attempting,1
nemzetkbzi,1
clegg,1
demonstrating,1
omitted,1
celtica,1
strait,1
friihlatenezeit,1
categorizing,1
arthur,1
identical,1
man,1
superstructure,1
angels,1
never,1
ages,1
hand,1
everyday,1
paris,1
present,1
covered,1
flagon,1
devoted,1
equate,1
income,1
orthodoxy,1
renaissance,1
until,1
coincided,1
dance,1
eg,1
spoke,1
reapplied,1
japan,1
generic,1
patently,1
chronologically,1
native,1
paintingartefact,1
routledge,1
impoverished,1
gives,1
explicitly,1
free,1
chair,1
grasps,1
degree,1
thousands,1
grouping,1
proudly,1
raftery,1
unsolved,1
investment,1
oil,1
treated,1
discovery,1
explanation,1
sober,1
values,1
rationalists,1
region,1
alas,1
including,1
distinctly,1
fetch,1
industrialized,1
deserts,1
trimmed,1
collis,1
arbitrarily,1
schriftenreihe,1
concern,1
varying,1
budget,1
entirely,1
denies,1
significant,1
assume,1
vocabulary,1
ideas,1
processes,1
assign,1
painters,1
cent,1
nothing,1
examination,1
prelude,1
aesthetic,1
prints,1
ceremonies,1
synthetic,1
described,1
versions,1
exceedingly,1
trade,1
significance,1
quotation,1
discovered,1
osten,1
distributionally,1
stress,1
maurice,1
publication,1
supportive,1
disappointed,1
painter,1
held,1
anachronistic,1
rhys,1
would,1
geographically,1
interlocutors,1
plant,1
deconstructions,1
antiquity,1
stresses,1
stages,1
lie,1
gliederung,1
improved,1
black,1
pupil,1
least,1
instruction,1
exchange,1
oxbow,1
educational,1
graves,1
facing,1
internal,1
nationality,1
qualities,1
hungarian,1
craft,1
successors,1
interpretations,1
respectively,1
deliberate,1
anderson,1
seattle,1
january,1
postwar,1
artisans,1
congres,1
crucifixion,1
scheibenhalsringe,1
slightly,1
story,1
italy,1
nails,1
northern,1
attracted,1
cape,1
macmillan,1
tendency,1
connections,1
conveyed,1
caution,1
basically,1
sole,1
encompassing,1
hague,1
division,1
decision,1
increasing,1
foyer,1
genesis,1
dealing,1
consists,1
trustees,1
christian,1
assigned,1
relationship,1
viie,1
tentative,1
she,1
italic,1
movements,1
assert,1
sometimes,1
kenneth,1
usually,1
five,1
traces,1
outsiders,1
eighteenthand,1
practical,1
support,1
begin,1
inside,1
lines,1
plastic,1
widespread,1
multi,1
success,1
un,1
translation,1
metalliques,1
began,1
markers,1
transformation,1
septembre,1
indicate,1
length,1
linking,1
life,1
class,1
parade,1
responsible,1
construction,1
education,1
types,1
scarre,1
problematic,1
beasts,1
premier,1
berger,1
islander,1
considered,1
distributional,1
matters,1
addressed,1
school,1
gpo,1
suggestions,1
furthest,1
hallstatt,1
conclusion,1
dishes,1
complexity,1
preclude,1
peoples,1
ve,1
suppl,1
demonstrate,1
pace,1
dubious,1
suffers,1
adelaide,1
corrections,1
viif,1
compensation,1
daunting,1
labelling,1
equation,1
replace,1
know,1
defining,1
excess,1
mutually,1
country,1
legitimize,1
cultures,1
hodder,1
genese,1
connection,1
interested,1
seem,1
believe,1
forebears,1
ubiquitous,1
contextual,1
stilgeschichte,1
etal,1
gosden,1
current,1
pigment,1
counting,1
collectors,1
contradictory,1
far,1
thefirst,1
allocated,1
geschichte,1
identities,1
thne,1
distinctive,1
living,1
type,1
advances,1
merely,1
better,1
places,1
person,1
growing,1
einem,1
animal,1
according,1
baseball,1
unlikely,1
proceedings,1
combined,1
poses,1
them,1
nationalist,1
involvement,1
foremost,1
add,1
orally,1
kelten,1
unnecessary,1
noncapitalist,1
distribution,1
always,1
foundations,1
vehicle,1
local,1
rapports,1
studying,1
require,1
delle,1
generally,1
kulturgeschichte,1
agreed,1
pers,1
carpathian,1
quantities,1
emphasis,1
siecles,1
museo,1
mickey,1
contain,1
millions,1
middle,1
conference,1
beitrage,1
craftsmanship,1
preserved,1
entire,1
friihgeschichte,1
recognition,1
multiple,1
excesses,1
uniform,1
kin,1
meditations,1
intdrieure,1
easy,1
celt,1
subject,1
disciplines,1
extended,1
stemless,1
figural,1
arguments,1
indebted,1
divided,1
mention,1
maintained,1
gain,1
varied,1
remarks,1
subsumed,1
formation,1
layers,1
wissenschaftliche,1
tell,1
survival,1
commercial,1
kells,1
argues,1
pintupi,1
rediscovery,1
protohistoric,1
paradigm,1
conditions,1
washington,1
finally,1
doomed,1
public,1
labelled,1
rhind,1
define,1
need,1
specialists,1
evidence,1
product,1
completed,1
involving,1
engraving,1
prosperity,1
definite,1
attempted,1
off,1
organ,1
stephane,1
oldest,1
stilfragen,1
typology,1
summary,1
comparison,1
thief,1
potential,1
pioneering,1
removed,1
deciding,1
assumed,1
archaeologica,1
hammersmith,1
massive,1
unitaires,1
commodity,1
chicago,1
expressiveness,1
enormity,1
formes,1
briefest,1
uncertainty,1
mutilated,1
element,1
ownership,1
severely,1
documentary,1
develop,1
immediately,1
strong,1
technological,1
taylor,1
facies,1
north,1
observed,1
riegl,1
doing,1
representational,1
preconceptions,1
deeper,1
praehistorica,1
thorough,1
