WORDCOUNTS,WEIGHT
the,276
of,203
and,140
in,106
to,69
a,65
is,41
be,36
on,35
i,34
by,28
for,26
should,22
university,21
from,21
archaeology,20
at,18
he,17
that,17
it,17
soils,16
an,16
his,15
soil,15
research,15
with,14
this,14
j,13
has,13
archaeological,13
as,13
journal,13
not,12
are,12
new,12
will,11
only,11
sciences,11
was,10
or,10
but,10
r,10
ancient,9
which,9
archaeologists,9
social,9
world,9
they,8
studies,8
roman,8
x,8
been,7
who,7
history,7
culture,7
also,7
department,7
please,7
more,7
all,7
book,7
can,7
information,7
professor,7
general,7
one,7
study,7
now,6
articles,6
many,6
paper,6
prehistoric,6
how,6
phd,6
your,6
sites,6
london,6
since,6
contributors,6
their,6
d,6
c,6
may,5
no,5
return,5
environmental,5
b,5
name,5
interests,5
england,5
religion,5
there,5
where,5
british,5
eastern,5
some,5
work,5
author,5
field,5
fellow,5
mithraic,5
greece,5
north,5
york,4
stuart,4
you,4
maps,4
still,4
museum,4
reference,4
pp,4
prehistory,4
citation,4
excavation,4
into,4
director,4
princeton,4
indian,4
these,4
illustrated,4
ssci,4
press,4
other,4
l,4
out,4
robert,4
edinburgh,4
routledge,4
her,4
near,4
development,4
own,4
bibliography,4
richard,4
john,4
its,4
disciplines,4
literature,4
fieldwork,4
my,4
have,4
authors,4
g,4
proofs,4
need,4
area,4
greek,4
state,4
between,4
mycenaean,4
than,4
major,4
society,4
site,3
brigantia,3
africa,3
later,3
curator,3
ireland,3
e,3
marian,3
worship,3
contributions,3
pages,3
britain,3
united,3
monuments,3
during,3
undertaken,3
india,3
before,3
complete,3
archetypal,3
w,3
indexes,3
published,3
volume,3
plates,3
offers,3
paul,3
hooker,3
know,3
over,3
each,3
came,3
shows,3
geoffrey,3
list,3
classical,3
guy,3
survey,3
written,3
took,3
date,3
principal,3
william,3
reading,3
lecturer,3
them,3
references,3
eg,3
material,3
covers,3
year,3
thousands,3
scientific,3
journals,3
bc,3
virgin,3
ragland,3
irish,3
subject,3
intended,3
historical,3
first,3
years,3
editor,3
both,3
t,3
national,3
de,3
phillips,3
address,3
features,3
mediterranean,3
provides,3
old,3
up,3
training,3
ashe,3
shrine,2
final,2
carried,2
f,2
civilization,2
me,2
she,2
provide,2
if,2
medieval,2
insect,2
quickly,2
short,2
fields,2
order,2
send,2
male,2
army,2
sixteen,2
cult,2
pakistan,2
earlier,2
lives,2
contents,2
catalogue,2
executive,2
k,2
illustrations,2
birmingham,2
entries,2
wheeler,2
edited,2
mother,2
yet,2
winchester,2
remains,2
modern,2
mission,2
space,2
east,2
under,2
former,2
chronology,2
subscription,2
us,2
index,2
school,2
assistant,2
section,2
n,2
senior,2
michael,2
must,2
age,2
most,2
begins,2
mortimer,2
exceed,2
especially,2
problems,2
s,2
here,2
ii,2
rate,2
m,2
give,2
printer,2
cm,2
supplied,2
tomb,2
specialized,2
until,2
europe,2
copy,2
scientists,2
leading,2
kegan,2
fascinating,2
great,2
p,2
teachers,2
range,2
board,2
able,2
far,2
zone,2
associated,2
kingdom,2
century,2
last,2
readers,2
beginning,2
v,2
zeus,2
mail,2
economy,2
lands,2
empire,2
wc,2
form,2
particular,2
record,2
trust,2
isbn,2
distribution,2
gods,2
number,2
america,2
institute,2
ecology,2
aspects,2
imperial,2
christianity,2
brigantian,2
basis,2
understanding,2
line,2
formerly,2
specializing,2
received,2
varieties,2
son,2
women,2
cults,2
processes,2
limbrey,2
previously,2
sent,2
related,2
enter,2
kerenyi,2
whole,2
describe,2
found,2
editorial,2
describes,2
climatic,2
actually,2
human,2
central,2
were,2
background,2
quality,2
cambridge,2
renowned,2
publication,2
regions,2
good,2
profiles,2
david,2
usa,2
american,2
encyclopedia,2
relics,2
o,2
states,2
poet,2
after,2
sir,2
immigrants,2
several,2
today,2
beyond,2
components,2
aegean,2
single,2
excavations,2
mr,2
twice,2
chicago,2
piggott,2
store,2
james,2
st,2
essays,2
story,2
corrected,2
examines,2
much,2
figures,2
among,2
recent,2
la,2
scholarly,2
offprints,2
separate,2
nations,1
subsequently,1
cooperation,1
barbara,1
problem,1
chronological,1
periods,1
van,1
entertainment,1
spirituality,1
go,1
sixteenth,1
inception,1
ins,1
sols,1
via,1
film,1
interesting,1
alive,1
san,1
currently,1
relationship,1
langley,1
second,1
lookup,1
ranging,1
done,1
essential,1
insects,1
diagrams,1
automatically,1
casteel,1
publishing,1
note,1
complex,1
without,1
stigler,1
easy,1
kenward,1
george,1
card,1
science,1
fertile,1
mckerrell,1
crucial,1
principally,1
economic,1
linda,1
five,1
ways,1
groups,1
thutmose,1
across,1
husband,1
intimate,1
arctic,1
brace,1
examine,1
remain,1
ready,1
tm,1
illustration,1
mainland,1
fear,1
battle,1
catholic,1
breadth,1
fenland,1
does,1
en,1
plans,1
interiors,1
images,1
unconscious,1
colleagues,1
brief,1
levels,1
college,1
lamentable,1
widespread,1
nearly,1
wash,1
addyman,1
pa,1
reminded,1
tropical,1
approaches,1
excavators,1
arts,1
view,1
strongly,1
reconstruction,1
mysteriousness,1
appendix,1
introduction,1
ssc,1
titled,1
began,1
rescue,1
continental,1
prose,1
manuscript,1
associate,1
persistent,1
ci,1
legend,1
tyne,1
connected,1
contribution,1
start,1
sending,1
landscapes,1
electrique,1
importance,1
lloyd,1
large,1
obtainable,1
southern,1
countries,1
length,1
direct,1
parts,1
eaton,1
antiquity,1
summarizing,1
standpoint,1
mounted,1
easily,1
hazda,1
archeologie,1
makes,1
containing,1
special,1
conveys,1
often,1
prepared,1
southeast,1
vocabularies,1
reclaimed,1
white,1
designed,1
fostered,1
guide,1
researcher,1
surprising,1
mysteriography,1
scattered,1
frontier,1
communities,1
amid,1
pacific,1
table,1
indus,1
glossy,1
pencil,1
macgregor,1
types,1
h,1
interpretation,1
zip,1
centuries,1
solway,1
mithra,1
methuen,1
hugh,1
enthronement,1
arid,1
face,1
periodical,1
coverage,1
tadeusz,1
park,1
older,1
originals,1
normandie,1
strange,1
serve,1
susan,1
joseph,1
affect,1
plus,1
message,1
continuity,1
sociocultural,1
hudson,1
considered,1
fifth,1
collection,1
addressed,1
detail,1
isaac,1
antler,1
western,1
carnac,1
organic,1
shaw,1
environment,1
cover,1
francis,1
included,1
seti,1
invertebrate,1
sexes,1
then,1
teaches,1
sediments,1
isi,1
linked,1
photographs,1
light,1
ordered,1
galley,1
relates,1
unsolved,1
discoveries,1
teaching,1
subarctic,1
civilizations,1
mary,1
result,1
conclusion,1
source,1
verse,1
vorys,1
about,1
reviewed,1
listed,1
profile,1
materials,1
already,1
botanist,1
metals,1
siclen,1
manual,1
leicester,1
contains,1
two,1
experience,1
beginnings,1
devout,1
ever,1
celtic,1
wherever,1
williams,1
typed,1
fact,1
rome,1
overshadows,1
additional,1
potter,1
sit,1
emeritus,1
follow,1
proceeds,1
officer,1
surrey,1
avoided,1
dr,1
australia,1
double,1
physical,1
bloomsbury,1
lee,1
vacant,1
position,1
advisors,1
exist,1
cost,1
submit,1
lead,1
points,1
three,1
seton,1
starting,1
jeanny,1
priestesses,1
text,1
flat,1
alps,1
celts,1
subsidiary,1
questions,1
quaternary,1
running,1
qibla,1
hood,1
comparative,1
taken,1
important,1
subcontinent,1
chalk,1
postage,1
interested,1
theban,1
others,1
pick,1
dimension,1
ramesses,1
disturbance,1
systems,1
natural,1
secretary,1
broadway,1
available,1
palynological,1
falls,1
utilization,1
put,1
worked,1
chester,1
bernard,1
wish,1
maghrib,1
image,1
halt,1
anthropology,1
smith,1
astrolabe,1
basic,1
skills,1
words,1
northward,1
aspect,1
vedic,1
december,1
declined,1
company,1
mesure,1
displacement,1
oval,1
consideration,1
exploration,1
height,1
location,1
international,1
head,1
scholars,1
cappadocian,1
best,1
intrazonal,1
carter,1
our,1
pungent,1
downing,1
gorenstein,1
accompanied,1
any,1
printed,1
devastation,1
eogan,1
contribute,1
simple,1
abstract,1
access,1
visiting,1
pakistani,1
so,1
larkin,1
origin,1
eventually,1
carrying,1
amphorae,1
grave,1
humid,1
peter,1
changed,1
issue,1
diverse,1
clb,1
shared,1
lancaster,1
farming,1
fallen,1
bronze,1
hebrew,1
pair,1
end,1
hera,1
strait,1
exhilaration,1
accession,1
olympian,1
reflected,1
within,1
take,1
cities,1
francisco,1
edward,1
adler,1
burial,1
man,1
gimbutas,1
allocation,1
goddess,1
seinfeld,1
thames,1
bering,1
fresh,1
megalithic,1
bradford,1
type,1
term,1
show,1
atkinson,1
chestnut,1
museums,1
places,1
academic,1
turned,1
miles,1
further,1
greatly,1
pioneered,1
animal,1
do,1
consulting,1
established,1
present,1
discovering,1
chain,1
urgent,1
anatolia,1
day,1
due,1
item,1
purchase,1
because,1
road,1
sheet,1
devoted,1
place,1
continuing,1
developing,1
dorothy,1
daniel,1
reign,1
livelihood,1
setting,1
piper,1
annales,1
relevant,1
resistivite,1
majority,1
meticulous,1
ad,1
symbols,1
selected,1
posts,1
system,1
cannot,1
meet,1
students,1
purchased,1
judith,1
ny,1
pertinent,1
vivid,1
forum,1
add,1
captions,1
forthcoming,1
manuscripts,1
signature,1
spiritual,1
perhaps,1
firmly,1
guidance,1
required,1
coupon,1
fi,1
stretched,1
key,1
wide,1
wcib,1
needham,1
learnt,1
gives,1
iranian,1
ethiopia,1
bones,1
going,1
free,1
directly,1
firm,1
influenced,1
wa,1
scribe,1
discuss,1
studying,1
bibliographic,1
failure,1
well,1
shape,1
osborne,1
institutions,1
interpreting,1
gained,1
mythology,1
another,1
original,1
simon,1
episode,1
rq,1
learn,1
cambridgeshire,1
paleoamericans,1
possible,1
sphinx,1
frontispiece,1
urban,1
ndexm,1
unsolicited,1
those,1
extended,1
condition,1
tracing,1
size,1
discussion,1
des,1
megaw,1
planning,1
periodically,1
church,1
wip,1
made,1
discovery,1
prove,1
preand,1
fraser,1
fitting,1
andes,1
alchemists,1
locate,1
footsteps,1
brent,1
west,1
azonal,1
combination,1
met,1
mere,1
deposits,1
part,1
twelfth,1
dedicatory,1
very,1
sea,1
city,1
explains,1
ethnology,1
dee,1
hubbard,1
cited,1
looking,1
harold,1
pat,1
dimbleby,1
indigenous,1
bailey,1
deities,1
publishers,1
peculiarly,1
herity,1
contain,1
approx,1
geology,1
simply,1
renew,1
chilterns,1
sheets,1
measure,1
faunas,1
overview,1
linking,1
characteristically,1
wife,1
holland,1
temperate,1
organization,1
largely,1
tel,1
intermediate,1
demanding,1
referencing,1
uganda,1
illustrate,1
usurping,1
exciting,1
make,1
collective,1
write,1
univers,1
using,1
dublin,1
birthday,1
specializes,1
relevance,1
takeover,1
oriental,1
long,1
tribute,1
numbered,1
resulting,1
glyn,1
faculty,1
evolution,1
stimulate,1
quite,1
thereafter,1
lord,1
focussed,1
augment,1
engaged,1
while,1
retaining,1
laboratory,1
baffling,1
crossing,1
throughout,1
supplement,1
check,1
full,1
athens,1
previous,1
review,1
shores,1
survive,1
question,1
cancelled,1
huy,1
harcourt,1
victoriously,1
southampton,1
outline,1
powerful,1
spring,1
ideograms,1
considering,1
spacing,1
mortals,1
campbell,1
such,1
lettering,1
frontiers,1
proliferated,1
arthurian,1
ig,1
clear,1
percy,1
copies,1
indexed,1
nile,1
illinois,1
october,1
search,1
welcomed,1
assignment,1
had,1
charge,1
rapidly,1
paulsen,1
accept,1
millennium,1
dynamic,1
quarterly,1
finally,1
detailed,1
painter,1
change,1
characteristic,1
alphabetically,1
ended,1
contributed,1
aldine,1
individual,1
approximately,1
mass,1
fauna,1
known,1
include,1
shaft,1
normally,1
touches,1
cotswolds,1
bone,1
describing,1
below,1
cf,1
shirley,1
abercromby,1
convention,1
plant,1
suggest,1
writer,1
risen,1
mexico,1
disrepute,1
extensively,1
remembrances,1
next,1
lie,1
changes,1
kind,1
homogenous,1
preserved,1
funds,1
podzolized,1
programme,1
offer,1
palaeolithic,1
hold,1
improved,1
illustrating,1
preservation,1
frye,1
black,1
hinnells,1
martin,1
religious,1
glynn,1
subordinated,1
involved,1
increased,1
classification,1
planetarium,1
roughly,1
every,1
stored,1
demons,1
marija,1
keyed,1
ih,1
voucher,1
coregency,1
needs,1
mineral,1
queen,1
few,1
editorship,1
back,1
items,1
biomedical,1
informative,1
serving,1
methods,1
transfer,1
columbia,1
would,1
completing,1
feet,1
phoenician,1
dramatic,1
interdisciplinary,1
oxon,1
reported,1
invariably,1
geographers,1
internationally,1
riches,1
honour,1
xvi,1
continuous,1
countryside,1
coast,1
thin,1
find,1
demoted,1
irresistible,1
henry,1
early,1
tablet,1
when,1
taxila,1
through,1
geological,1
drawn,1
relations,1
vincent,1
even,1
valley,1
student,1
memoir,1
indexing,1
lay,1
italy,1
southwest,1
arose,1
northern,1
thamdes,1
discusses,1
results,1
period,1
correspondence,1
strong,1
seek,1
notes,1
joint,1
patterns,1
concentrate,1
epsom,1
occasion,1
searches,1
goes,1
provided,1
finds,1
doing,1
comprehensible,1
attention,1
roles,1
allison,1
urns,1
specialties,1
valuable,1
master,1
gordon,1
brown,1
marching,1
palaeontology,1
ourrfill,1
sulimirski,1
local,1
selectively,1
