WORDCOUNTS,WEIGHT
the,89
and,86
of,78
in,43
archaeology,26
a,21
at,19
has,17
he,15
is,14
university,11
to,11
his,9
with,9
on,9
early,8
it,7
as,7
for,7
research,7
archaeological,7
an,7
now,6
their,6
from,6
europe,6
paperback,6
this,6
since,6
these,5
excavations,5
chambered,4
stone,4
available,4
many,4
phd,4
be,4
account,4
island,4
work,4
new,4
world,4
south,3
o,3
been,3
environmental,3
they,3
pages,3
study,3
southeast,3
analysis,3
guide,3
studies,3
was,3
excavation,3
complete,3
indian,3
stonehenge,3
by,3
architecture,3
first,3
that,3
also,3
all,3
prehistoric,3
studied,3
vol,3
urban,3
through,3
inventory,3
people,3
human,3
years,3
times,3
most,3
standard,3
systems,3
book,3
london,3
describes,3
traditions,3
will,2
site,2
transhumance,2
bellwood,2
mesolithic,2
christian,2
islamic,2
whose,2
no,2
george,2
illus,2
medieval,2
later,2
foreign,2
megalithic,2
who,2
nehru,2
detailed,2
associate,2
supplement,2
group,2
miscellany,2
aubrey,2
photographs,2
prehistory,2
polynesians,2
school,2
culture,2
record,2
age,2
illustrated,2
two,2
regional,2
paul,2
interests,2
taken,2
view,2
water,2
megalith,2
are,2
roman,2
great,2
rich,2
classical,2
religion,2
iron,2
i,2
past,2
davidson,2
late,2
reading,2
where,2
lecturer,2
burial,2
contents,2
british,2
edinburgh,2
jawaharlal,2
well,2
sites,2
design,2
e,2
art,2
phenomena,2
literary,2
student,2
burl,2
tombs,2
its,2
techniques,2
issues,2
structures,2
bucharest,2
which,2
were,2
full,2
relationships,2
dating,2
fieldwork,2
mellars,2
professor,2
directed,2
g,2
peter,2
interest,2
contributors,2
include,2
working,2
field,2
conducted,2
spread,2
france,2
earlier,2
settlement,2
provides,2
around,2
megaliths,2
between,2
topics,2
major,2
revised,2
italy,2
about,2
widely,2
increasing,1
caves,1
morphology,1
seasons,1
not,1
changes,1
colour,1
audrey,1
currently,1
what,1
circle,1
town,1
essential,1
perspectives,1
delhi,1
without,1
mines,1
she,1
paliga,1
important,1
concerned,1
populations,1
identified,1
abounded,1
economic,1
aimed,1
main,1
groups,1
across,1
impressive,1
how,1
profusely,1
landscape,1
henshall,1
alternate,1
classic,1
coastal,1
subsistence,1
remote,1
circles,1
considerably,1
currency,1
standing,1
church,1
american,1
balanced,1
parts,1
one,1
ceramics,1
rick,1
migrants,1
life,1
systematically,1
special,1
methods,1
scales,1
illustrations,1
superb,1
travelled,1
united,1
informative,1
frontier,1
antiquities,1
oxford,1
treatise,1
h,1
interpretation,1
museum,1
centuries,1
reference,1
chippindale,1
approaches,1
drawings,1
environment,1
conscious,1
england,1
conservation,1
array,1
himanshu,1
technology,1
windows,1
fifth,1
bhabha,1
chronology,1
gualtieri,1
trade,1
quantitative,1
statistical,1
or,1
management,1
history,1
complementary,1
languages,1
india,1
enigmatic,1
orkney,1
linked,1
russell,1
quarries,1
assisted,1
entertaining,1
sorin,1
receiving,1
fsa,1
naples,1
descriptions,1
house,1
univerity,1
but,1
peoples,1
industrial,1
ethnoarchaeology,1
extending,1
department,1
colonized,1
linguistics,1
ever,1
replaces,1
moments,1
anthropology,1
theme,1
albuquerque,1
magnificent,1
precise,1
published,1
considers,1
bloomsbury,1
peninsula,1
organization,1
please,1
titles,1
long,1
every,1
text,1
museums,1
cataloglue,1
tour,1
offers,1
salerno,1
neolithic,1
glyn,1
researched,1
ethnic,1
ii,1
m,1
weaponry,1
orcadian,1
concentrated,1
trained,1
decades,1
address,1
ancient,1
musical,1
natural,1
over,1
colonization,1
towns,1
each,1
tiny,1
j,1
opening,1
analytical,1
asia,1
did,1
different,1
layout,1
shows,1
including,1
reach,1
interested,1
innovations,1
international,1
gone,1
scientists,1
fhe,1
explores,1
accompanied,1
pastoralism,1
plan,1
choice,1
prabha,1
assembled,1
educated,1
manchester,1
supplies,1
john,1
maps,1
contemporary,1
section,1
michell,1
man,1
there,1
serious,1
external,1
works,1
edition,1
watercraft,1
crustaceans,1
last,1
places,1
patterns,1
ages,1
biogeography,1
spain,1
polynesia,1
political,1
centre,1
atnd,1
densest,1
economy,1
investigation,1
award,1
seals,1
tools,1
unrecognised,1
recently,1
population,1
produced,1
michael,1
cairns,1
tow,1
english,1
czechosolvak,1
particular,1
buffs,1
takes,1
harvested,1
ltd,1
museology,1
native,1
writes,1
haslam,1
books,1
leaving,1
ethnography,1
fully,1
while,1
number,1
information,1
institute,1
ecology,1
studying,1
amongst,1
economics,1
awarded,1
colonies,1
orientations,1
mythology,1
guidebook,1
influenced,1
having,1
artefacts,1
italian,1
welcome,1
some,1
maurizio,1
degrees,1
technologies,1
those,1
literature,1
size,1
updated,1
fritz,1
chang,1
homi,1
received,1
october,1
richard,1
range,1
maritime,1
randall,1
fine,1
reader,1
diss,1
transport,1
hindu,1
region,1
nomads,1
conceptual,1
part,1
classics,1
diversifying,1
timothy,1
line,1
contacts,1
increased,1
press,1
related,1
nutrition,1
african,1
forthlcomini,1
plans,1
host,1
assumptions,1
measurement,1
use,1
food,1
characteristically,1
warfare,1
avebury,1
during,1
herod,1
climatic,1
hudson,1
using,1
ideas,1
relevance,1
exist,1
writing,1
faculty,1
think,1
gazetteer,1
varied,1
engaged,1
precision,1
our,1
historical,1
includes,1
come,1
write,1
brittany,1
theories,1
systematic,1
alignments,1
vijayanagara,1
students,1
only,1
shrewd,1
lists,1
development,1
both,1
thracian,1
cambridge,1
breton,1
earth,1
millennium,1
approach,1
chemical,1
de,1
hungary,1
oriental,1
paintings,1
interpret,1
ray,1
permit,1
august,1
concentrations,1
symposium,1
christopher,1
architectural,1
jeremy,1
d,1
pottery,1
bookshop,1
canadian,1
period,1
opinions,1
him,1
winner,1
mexico,1
maciver,1
extensively,1
collaborator,1
hitherto,1
easter,1
judged,1
edmonton,1
area,1
rank,1
small,1
why,1
wealth,1
wvorld,1
hebridean,1
characteristics,1
especially,1
june,1
architect,1
mphil,1
stones,1
extraordinary,1
editors,1
relation,1
roccagloriosa,1
colours,1
twice,1
chicago,1
can,1
adams,1
james,1
wha,1
descendants,1
archaeologist,1
sciences,1
interaction,1
instruments,1
southwest,1
fellowship,1
discusses,1
details,1
technological,1
we,1
taylor,1
recent,1
famous,1
should,1
fellow,1
jones,1
alternative,1
southeastern,1
adorn,1
built,1
greek,1
sophistication,1
romania,1
fulford,1
musu,1
examines,1
heritage,1
richly,1
