WORDCOUNTS,WEIGHT
the,462
of,252
a,186
to,178
in,177
and,172
is,142
be,96
are,77
for,74
image,67
it,58
which,58
this,54
by,51
with,50
at,44
or,42
from,42
that,41
can,40
on,40
an,39
as,36
picture,34
processing,32
computer,32
not,32
archaeological,31
if,29
data,26
have,26
these,25
point,24
i,22
all,22
system,21
has,20
possible,19
output,19
photographs,19
some,18
out,18
been,18
very,18
information,18
large,17
one,17
there,17
high,17
was,17
used,17
techniques,17
points,17
also,16
number,16
we,16
methods,16
must,16
pictures,16
map,16
air,15
when,15
will,15
histogram,15
aerial,15
area,15
such,14
value,14
no,13
but,13
more,13
many,13
time,13
local,13
correction,13
other,12
filtering,12
application,12
than,12
special,12
oblique,12
spatially,12
results,12
technique,12
maps,12
then,12
our,12
images,12
they,11
geometric,11
user,11
scollar,11
up,11
using,11
only,11
treatment,11
made,11
program,11
any,11
each,11
grey,11
constant,11
shown,11
available,10
machine,10
given,10
may,10
four,10
new,10
ground,10
much,10
monitor,9
since,9
irwin,9
enhancement,9
scale,9
sites,9
contrast,9
quite,9
film,9
do,9
where,9
so,9
variance,9
plate,9
small,9
different,9
devices,8
taken,8
simple,8
speed,8
most,8
appear,8
part,8
input,8
single,8
same,8
two,8
resolution,8
camera,8
values,8
use,8
brightness,8
between,8
heights,7
needed,7
fig,7
operation,7
operations,7
process,7
mean,7
white,7
called,7
further,7
produce,7
method,7
well,7
r,7
useful,7
convolution,7
would,7
features,7
computed,7
modification,7
known,7
over,7
scanned,7
them,7
nonlinear,7
magnetic,6
display,6
linear,6
central,6
kind,6
grid,6
developed,6
variant,6
view,6
result,6
installation,6
cannot,6
required,6
future,6
literature,6
its,6
positions,6
visible,6
invariant,6
computation,6
light,6
areas,6
were,6
scanning,6
after,6
black,6
figure,6
archaeology,6
neighbourhood,6
types,6
extraction,6
programs,6
done,5
position,5
into,5
something,5
every,5
feature,5
written,5
those,5
motion,5
quality,5
elements,5
times,5
even,5
error,5
unsharp,5
site,5
without,5
b,5
their,5
could,5
applied,5
shape,5
optical,5
texture,5
change,5
field,5
mapping,5
above,5
necessary,5
region,5
laboratory,5
three,5
relative,5
carried,5
lines,5
binary,5
digital,5
transformation,5
simply,5
equipment,5
variable,5
best,5
lens,5
making,5
particular,5
original,5
c,5
does,4
way,4
before,4
long,4
defects,4
restoration,4
aircraft,4
achieved,4
normal,4
scanner,4
takes,4
chapter,4
inventory,4
g,4
cases,4
difficulty,4
like,4
messages,4
graphics,4
main,4
parts,4
update,4
coefficients,4
photos,4
distribution,4
near,4
line,4
device,4
order,4
several,4
appropriate,4
computing,4
about,4
scan,4
less,4
background,4
described,4
often,4
separate,4
dealing,4
median,4
window,4
usually,4
practical,4
executive,4
mentioned,4
printed,4
type,4
interactive,4
table,4
form,4
through,4
subject,4
plans,4
conventional,4
screen,4
writing,4
need,4
files,4
modules,4
regular,4
retrieval,4
maximum,4
major,4
difficult,3
pixels,3
library,3
h,3
negative,3
file,3
being,3
first,3
might,3
rapid,3
terrain,3
nature,3
s,3
transferred,3
surveys,3
visibility,3
tapes,3
task,3
capable,3
algorithm,3
photographic,3
collection,3
corresponding,3
aberrations,3
thus,3
accuracy,3
development,3
rotating,3
due,3
relatively,3
occurs,3
old,3
skewness,3
storage,3
journal,3
disks,3
objects,3
elsewhere,3
too,3
metal,3
allow,3
transparency,3
fourier,3
distinguish,3
planning,3
whole,3
during,3
contains,3
actually,3
call,3
mathematical,3
surrounding,3
own,3
t,3
disk,3
masking,3
transfer,3
research,3
boundaries,3
rest,3
therefore,3
he,3
second,3
transform,3
various,3
overall,3
etc,3
make,3
yet,3
technology,3
exposure,3
allows,3
again,3
added,3
longer,3
ieee,3
blur,3
crop,3
present,3
model,3
landesmuseum,3
another,3
range,3
full,3
low,3
computational,3
clear,3
cameras,3
function,3
displayed,3
standard,3
things,3
relationship,3
science,3
sometimes,3
geophysical,3
primarily,3
seen,3
transformed,3
visual,3
magnification,3
authorities,3
precise,3
satellite,3
readily,3
specialized,3
global,3
drum,3
n,3
what,3
proceedings,3
add,3
problem,3
require,3
uneven,3
size,3
measure,3
world,3
precision,3
until,3
average,3
sharpness,3
springer,3
although,3
d,3
writer,3
keyed,3
assumed,3
little,3
recent,3
continuously,3
frequent,2
archives,2
now,2
created,2
ready,2
tend,2
merged,2
true,2
easily,2
studies,2
considerations,2
trace,2
protection,2
fixed,2
excavation,2
total,2
lenses,2
updated,2
properties,2
leads,2
experience,2
compression,2
either,2
supplied,2
incorporating,2
leading,2
together,2
rhineland,2
accumulated,2
assembled,2
able,2
scheme,2
procedure,2
take,2
help,2
devised,2
improving,2
context,2
negatives,2
case,2
evaluation,2
scratches,2
depending,2
spherical,2
right,2
inverse,2
determined,2
functions,2
fine,2
apart,2
taking,2
desired,2
throughout,2
angles,2
reverse,2
run,2
author,2
moment,2
degradations,2
term,2
stored,2
concerning,2
compared,2
module,2
superb,2
details,2
transactions,2
technicians,2
photographing,2
unlikely,2
higher,2
poor,2
colour,2
rather,2
remain,2
sort,2
deliberately,2
weighting,2
tape,2
means,2
changes,2
thresholded,2
slowly,2
bit,2
proved,2
proposed,2
surface,2
ornament,2
shifted,2
hardware,2
films,2
processor,2
trained,2
numerical,2
raw,2
had,2
location,2
carrying,2
rule,2
typical,2
access,2
kurtosis,2
changed,2
deal,2
base,2
density,2
topics,2
furthermore,2
let,2
photography,2
appears,2
absolute,2
because,2
improve,2
directly,2
trial,2
work,2
start,2
carry,2
example,2
knowledge,2
reduction,2
multiplied,2
description,2
older,2
place,2
rewritten,2
good,2
solution,2
least,2
working,2
television,2
sufficient,2
separately,2
highly,2
degradation,2
dedicated,2
proper,2
computations,2
finds,2
logarithm,2
matter,2
calibration,2
interpolation,2
action,2
tedious,2
distorted,2
deviation,2
rheinisches,2
still,2
spot,2
positive,2
guide,2
loaded,2
makes,2
read,2
serve,2
under,2
hilly,2
performed,2
switch,2
handling,2
multiplying,2
request,2
flat,2
lack,2
choice,2
menus,2
throughput,2
compresses,2
discussed,2
removal,2
hand,2
centre,2
increases,2
operating,2
practice,2
going,2
encountered,2
dots,2
outlines,2
remove,2
calculation,2
treated,2
upon,2
scaled,2
computers,2
transcribing,2
seriation,2
factor,2
homomorphic,2
archive,2
complicated,2
defect,2
distortion,2
language,2
bonn,2
keep,2
physics,2
kept,2
adequately,2
especially,2
shutter,2
problems,2
somehow,2
compute,2
effect,2
structure,2
parameters,2
widely,2
processed,2
rough,2
reasonable,2
vertical,2
slow,2
independence,2
construction,2
sorting,2
version,2
finest,2
extension,2
constructed,2
shapes,2
corrections,2
spots,2
set,2
control,2
sure,2
setting,2
counting,2
magnified,2
specify,2
just,2
combined,2
cause,2
lengths,2
video,2
conference,2
both,2
uniform,2
press,2
easy,2
think,2
store,2
terminal,2
recording,2
programming,2
temperature,2
algorithms,2
photogrammetry,2
effects,2
attempted,2
extremely,2
classification,2
thousand,2
removed,2
themselves,2
dark,2
counts,2
sufficiently,1
cartogpraph,1
intimately,1
entities,1
go,1
currently,1
o,1
flow,1
calibrated,1
inlaid,1
representing,1
later,1
implying,1
surroundings,1
separated,1
archeologia,1
market,1
personnel,1
extreme,1
insufficiently,1
e,1
measures,1
associated,1
alone,1
combine,1
string,1
per,1
center,1
american,1
discover,1
complex,1
replaced,1
unsatisfactory,1
saved,1
fed,1
subjectively,1
designed,1
stays,1
referring,1
prospezione,1
sets,1
ways,1
peaks,1
approaches,1
drawings,1
specified,1
install,1
decade,1
reasonably,1
ranges,1
observing,1
densitometer,1
thematic,1
summarily,1
buffer,1
eye,1
source,1
contexts,1
jpl,1
anything,1
coding,1
archaeologists,1
else,1
permit,1
inc,1
sources,1
mosaics,1
creation,1
prospecting,1
extractor,1
pasadena,1
symmetrical,1
kurtos,1
volkswagen,1
monte,1
england,1
j,1
seems,1
experiments,1
replaces,1
shaped,1
height,1
copy,1
crops,1
accompanied,1
borders,1
producing,1
fachberichte,1
found,1
link,1
supervises,1
survey,1
efficiently,1
fresh,1
m,1
last,1
grammetric,1
vibration,1
bg,1
principal,1
within,1
threshold,1
intersection,1
papers,1
contents,1
empty,1
occasional,1
plain,1
enlarger,1
gaps,1
key,1
unaware,1
capacity,1
incorporate,1
watkins,1
design,1
replacement,1
magnetometer,1
felt,1
prior,1
recommended,1
logical,1
concentrating,1
tracing,1
pleasant,1
drive,1
obviously,1
obvious,1
convince,1
comapress,1
x,1
far,1
dynamic,1
prevented,1
computationally,1
stains,1
human,1
million,1
chapters,1
severe,1
purpose,1
medical,1
tables,1
hierarchy,1
software,1
de,1
track,1
interest,1
sp,1
mixed,1
associative,1
scratch,1
price,1
restore,1
geometry,1
sample,1
asymmetrical,1
interprets,1
funds,1
micron,1
rejecting,1
perspective,1
depend,1
back,1
simplest,1
response,1
allowing,1
suitable,1
digitale,1
arranged,1
effective,1
mechanical,1
excuses,1
look,1
operative,1
conceive,1
resultant,1
delivered,1
dust,1
poorly,1
selectively,1
permits,1
via,1
enhancing,1
finalized,1
convolutions,1
whose,1
essential,1
his,1
english,1
distinction,1
l,1
performance,1
how,1
lie,1
basic,1
var,1
programmed,1
proportion,1
associate,1
earlier,1
stops,1
eight,1
interposed,1
similar,1
archaeometry,1
certain,1
leave,1
contributions,1
leaves,1
lacking,1
blurring,1
blurs,1
productive,1
scattered,1
space,1
lova,1
support,1
hook,1
reason,1
modified,1
references,1
understand,1
solutions,1
affect,1
marks,1
rosenfeld,1
varying,1
possibly,1
improvement,1
retained,1
intensive,1
presumably,1
linked,1
section,1
numbers,1
squares,1
house,1
differs,1
frequently,1
w,1
indefinitely,1
covers,1
orientation,1
show,1
operate,1
commented,1
tried,1
additional,1
follow,1
passed,1
beyond,1
cost,1
plates,1
preferably,1
requires,1
permanent,1
carlo,1
important,1
drawing,1
thinks,1
proceding,1
whereas,1
greater,1
behaviour,1
moving,1
formidable,1
appearance,1
inherent,1
plot,1
p,1
acadeimic,1
treatments,1
relating,1
foreground,1
users,1
international,1
infrequent,1
pass,1
graphically,1
monitoring,1
configuration,1
burst,1
excavations,1
structurl,1
execute,1
academic,1
mlathematics,1
understood,1
though,1
equal,1
war,1
block,1
circular,1
produced,1
intensity,1
excellent,1
otherwise,1
handled,1
placed,1
scrolling,1
wide,1
photo,1
january,1
gained,1
scroll,1
percent,1
unequal,1
degrees,1
relief,1
overexposed,1
minute,1
carries,1
clean,1
nearest,1
concept,1
brought,1
calls,1
edn,1
overlay,1
related,1
routinely,1
repeating,1
q,1
histogran,1
intermediate,1
partly,1
densely,1
statistics,1
et,1
systematic,1
featiure,1
showing,1
project,1
resort,1
diapositives,1
towards,1
sampled,1
approach,1
errors,1
subtle,1
creating,1
governs,1
running,1
los,1
correct,1
composite,1
below,1
corresponds,1
unsharpness,1
simpler,1
impossibly,1
tested,1
holes,1
sake,1
bank,1
involved,1
belt,1
troubles,1
reconstructions,1
soil,1
few,1
transports,1
comfort,1
presence,1
shadows,1
protect,1
differing,1
affecting,1
coordinate,1
majority,1
cleaning,1
filling,1
correctio,1
massive,1
subtract,1
society,1
culminate,1
devirtion,1
inspection,1
temporarily,1
replacing,1
critical,1
dossier,1
tasks,1
led,1
verticals,1
reduced,1
reductions,1
minor,1
speeds,1
antiquated,1
architecture,1
scientific,1
stores,1
separation,1
imagery,1
excessive,1
cloud,1
wait,1
forward,1
edges,1
geometrically,1
allowable,1
nearly,1
microns,1
converted,1
whatever,1
calculated,1
unpleasantly,1
filmn,1
initially,1
suppose,1
decisions,1
tends,1
dewrite,1
once,1
calculate,1
duplicate,1
accumulate,1
simultaneous,1
frankish,1
buckle,1
examined,1
consuming,1
plough,1
message,1
seeing,1
windows,1
exposes,1
us,1
perceived,1
palmer,1
misses,1
included,1
planned,1
eros,1
complete,1
choices,1
strndrrd,1
al,1
costs,1
industrial,1
reports,1
noted,1
decomposition,1
avoided,1
pick,1
faster,1
chose,1
volume,1
successfully,1
disappointing,1
spend,1
pointed,1
knowing,1
put,1
printing,1
addition,1
humidity,1
fact,1
shows,1
consideration,1
fundamental,1
blocks,1
occurrence,1
relates,1
plan,1
abstract,1
rotated,1
underand,1
lacks,1
weidner,1
reasoning,1
really,1
larger,1
decreases,1
incorporation,1
grows,1
end,1
state,1
everything,1
administrations,1
appropriately,1
considerable,1
reasons,1
never,1
patterns,1
enough,1
multiplication,1
likelihood,1
transparencies,1
manner,1
relevant,1
ultimately,1
see,1
aerienne,1
fieldwork,1
perhaps,1
frequency,1
corroded,1
distortions,1
thoroughly,1
degree,1
interpreting,1
gvariance,1
cpu,1
investment,1
extended,1
unfavourable,1
session,1
examples,1
considering,1
comprise,1
discovery,1
reversed,1
accompanying,1
galloway,1
extracted,1
including,1
replanned,1
passes,1
previously,1
increase,1
merge,1
reside,1
mosaic,1
empirical,1
controlling,1
significant,1
angle,1
unfortunately,1
convenience,1
greys,1
operated,1
wonderful,1
began,1
assume,1
causes,1
photocell,1
sequence,1
insure,1
assign,1
actual,1
maintains,1
chosen,1
darkroom,1
involves,1
versions,1
perimeter,1
earth,1
remaining,1
compressed,1
vrrirnce,1
assignment,1
clouds,1
publication,1
cartographic,1
convolved,1
flattening,1
interpret,1
individual,1
helpful,1
revised,1
spread,1
reconstructed,1
obtained,1
paths,1
administrative,1
counted,1
ascending,1
activates,1
latter,1
quick,1
decide,1
random,1
article,1
date,1
xruch,1
elaborate,1
photogrammetric,1
become,1
sensible,1
overcome,1
hierarchical,1
corners,1
judgement,1
woes,1
claiming,1
capabilities,1
probably,1
slightly,1
versus,1
invented,1
reverses,1
deactivates,1
beam,1
division,1
overrun,1
decision,1
september,1
depth,1
fifty,1
tests,1
lo,1
applications,1
imply,1
me,1
note,1
fairly,1
preset,1
provide,1
mixture,1
five,1
constants,1
impressive,1
practitioners,1
begin,1
select,1
becomes,1
referred,1
monuments,1
dimensions,1
who,1
lost,1
directions,1
effectively,1
whereby,1
try,1
length,1
graphical,1
why,1
settled,1
analysis,1
achieve,1
transferring,1
respect,1
composed,1
subdivided,1
exists,1
get,1
figured,1
completeness,1
conservation,1
blurred,1
thick,1
considered,1
matters,1
deblurred,1
acquired,1
deposited,1
proceed,1
preventing,1
singular,1
following,1
comes,1
complexity,1
changing,1
tang,1
measurements,1
devilish,1
manual,1
ever,1
detect,1
satisfactory,1
reconnaissance,1
preserves,1
text,1
symbol,1
organizational,1
here,1
equation,1
cover,1
detector,1
know,1
uncomplicated,1
blobs,1
ordered,1
conversant,1
routine,1
cm,1
aberration,1
paper,1
december,1
save,1
gaussian,1
did,1
unknown,1
practised,1
bildverarbeitung,1
half,1
minimized,1
report,1
foundation,1
particularly,1
stretching,1
perfectly,1
build,1
informatik,1
enlarged,1
pressi,1
absolutely,1
merely,1
better,1
places,1
catalogue,1
beginning,1
hardness,1
knows,1
according,1
day,1
delineated,1
purchase,1
automatic,1
communicate,1
transmitted,1
whether,1
terms,1
stability,1
list,1
desires,1
maintain,1
proven,1
hoped,1
calculations,1
theory,1
appliquee,1
leaving,1
extent,1
prepare,1
while,1
undo,1
projective,1
extract,1
projection,1
explored,1
smoothing,1
archaeologiche,1
scenarios,1
rendition,1
miniature,1
apparatus,1
level,1
digitizing,1
trivial,1
code,1
multiple,1
equalization,1
reproducible,1
repeatable,1
progress,1
giving,1
focal,1
contribute,1
obtain,1
exceptionally,1
goals,1
behaved,1
nov,1
come,1
proceeds,1
diagram,1
formation,1
lists,1
years,1
referenced,1
advent,1
copies,1
replace,1
conditions,1
register,1
manufacturers,1
modifies,1
grown,1
consolidated,1
discolourations,1
manufacturer,1
you,1
off,1
remains,1
shift,1
untouched,1
disadvantage,1
coefficient,1
actions,1
vary,1
valuable,1
partial,1
array,1
deblur,1
element,1
entire,1
interaction,1
develop,1
immediately,1
cba,1
observed,1
iterative,1
should,1
tiresome,1
building,1
built,1
close,1
occur,1
